Accident_Index,Vehicle_Reference,Vehicle_Type,Towing_and_Articulation,Vehicle_Manoeuvre,Vehicle_Location-Restricted_Lane,Junction_Location,Skidding_and_Overturning,Hit_Object_in_Carriageway,Vehicle_Leaving_Carriageway,Hit_Object_off_Carriageway,1st_Point_of_Impact,Was_Vehicle_Left_Hand_Drive?,Journey_Purpose_of_Driver,Sex_of_Driver,Age_of_Driver,Age_Band_of_Driver,Engine_Capacity_(CC),Propulsion_Code,Age_of_Vehicle,Driver_IMD_Decile,Driver_Home_Area_Type
201401BS70786,2,9,0,18,0,0,0,0,0,0,1,1,6,3,-1,-1,1896,2,7,-1,-1
201401BS70787,1,3,0,14,0,8,0,4,0,0,1,1,1,1,33,6,125,1,3,-1,-1
201401BS70787,2,8,0,2,0,8,0,0,0,0,3,1,1,1,-1,-1,-1,-1,-1,-1,-1
201401BS70788,1,8,0,7,0,8,0,0,0,0,2,1,1,1,57,9,2499,2,1,2,1
201401BS70788,2,1,0,13,0,8,0,0,0,0,1,1,6,1,20,4,-1,-1,-1,4,1
201401BS70789,1,19,0,17,0,8,0,0,0,0,3,1,6,1,50,8,2198,2,5,2,1
201401BS70790,1,8,0,4,0,1,0,0,0,0,2,1,6,1,34,6,-1,-1,-1,1,1
201401BS70790,2,9,0,18,0,1,0,0,0,0,1,1,6,1,-1,-1,1796,1,10,2,1
201401BS70792,1,9,0,2,0,0,0,0,0,0,3,1,6,1,28,6,1995,2,-1,2,1
201401BS70792,2,1,0,18,0,0,0,8,0,0,1,1,6,1,29,6,-1,-1,-1,2,1
201401BS70794,1,11,0,17,0,0,0,0,0,0,1,1,1,1,47,8,4500,2,-1,4,1
201401BS70795,1,9,0,18,0,2,5,4,0,0,1,1,6,2,51,8,973,1,12,1,1
201401BS70795,2,9,0,2,0,2,0,0,0,0,2,1,6,3,-1,-1,-1,-1,-1,-1,-1
201401BS70795,3,9,0,2,0,2,0,0,0,0,2,1,6,3,-1,-1,-1,-1,-1,-1,-1
201401BS70796,1,5,0,16,0,8,0,0,0,0,3,1,6,1,25,5,-1,-1,-1,3,1
201401BS70796,2,9,0,9,0,8,0,0,0,0,4,1,6,1,-1,-1,4398,1,17,-1,-1
201401BS70798,1,1,0,18,0,1,0,0,0,0,1,1,6,2,29,6,-1,-1,-1,6,1
201401BS70798,2,19,0,2,0,8,0,0,0,0,3,1,1,1,-1,-1,1560,2,3,2,1
201401BS70799,1,9,0,10,0,8,0,0,0,0,2,1,6,1,34,6,1242,1,5,3,1
201401BS70799,2,9,0,18,0,8,0,0,0,0,1,1,6,2,65,9,1595,1,8,2,1
201401BS70801,1,1,0,18,0,2,0,8,0,0,1,1,6,2,40,7,-1,-1,-1,8,1
201401BS70801,2,9,0,2,0,8,0,0,0,0,3,1,6,1,48,8,1796,1,9,3,1
201401BS70802,1,9,0,18,0,0,0,0,0,0,4,1,6,1,38,7,1600,1,10,4,1
201401BS70802,2,9,0,12,0,0,0,0,0,0,3,1,6,1,38,7,1797,8,3,-1,-1
201401BS70804,1,9,0,7,0,8,0,0,0,0,0,1,6,1,-1,-1,1997,2,-1,-1,-1
201401BS70804,2,1,0,18,0,8,0,0,0,0,4,1,6,1,54,8,-1,-1,-1,6,1
201401BS70805,1,8,0,18,0,8,0,0,0,0,4,1,6,1,61,9,2664,2,14,7,1
201401BS70806,1,9,0,9,0,8,0,0,0,0,3,1,6,1,47,8,1598,1,5,2,1
201401BS70806,2,3,0,7,0,8,0,0,0,0,4,1,6,1,50,8,124,1,4,1,1
201401BS70807,1,19,0,1,0,0,0,0,0,0,2,1,6,1,51,8,2198,2,6,2,1
201401BS70808,1,90,0,18,0,0,0,0,0,0,3,1,6,1,-1,-1,-1,-1,-1,-1,-1
201401BS70809,1,4,0,18,0,8,0,0,0,0,1,1,6,1,-1,-1,125,1,5,3,1
201401BS70809,2,19,0,9,0,8,0,0,0,0,1,1,1,1,35,6,-1,-1,-1,-1,-1
201401BS70810,1,8,0,18,0,8,0,0,0,0,1,1,1,1,48,8,2499,2,1,2,1
201401BS70810,2,19,0,18,0,8,0,0,0,0,3,1,1,1,-1,-1,-1,-1,-1,-1,-1
201401BS70811,1,9,0,9,0,8,0,0,0,0,1,1,6,1,59,9,-1,-1,-1,3,1
201401BS70811,2,2,0,18,0,8,0,0,0,0,1,1,1,1,24,5,50,1,1,3,1
201401BS70812,1,9,0,16,0,0,0,0,0,0,2,1,6,2,22,5,2993,2,2,4,1
201401BS70812,2,9,0,12,0,0,0,0,0,0,3,1,6,1,55,8,1685,2,-1,-1,-1
201401BS70814,1,9,0,18,0,8,0,0,0,0,3,1,6,2,28,6,1200,1,11,2,1
201401BS70814,2,9,0,9,0,8,0,0,0,0,1,1,6,1,29,6,1968,2,4,3,1
201401BS70815,1,19,0,6,0,0,0,0,0,0,3,1,1,1,49,8,1998,2,11,9,1
201401BS70815,2,3,0,18,0,0,0,0,0,0,1,1,1,1,43,7,124,1,-1,4,1
201401BS70817,1,3,0,12,0,8,0,0,0,0,1,1,6,1,38,7,125,1,4,7,1
201401BS70817,2,9,0,9,0,8,0,0,0,0,1,1,6,1,51,8,-1,-1,-1,7,1
201401BS70818,1,1,0,18,0,8,0,0,0,0,1,1,6,1,-1,-1,-1,-1,-1,-1,-1
201401BS70819,1,5,0,15,0,2,0,0,0,0,3,1,6,1,38,7,600,1,2,7,1
201401BS70819,2,9,0,11,0,2,0,0,0,0,4,1,6,1,73,10,3189,1,9,8,1
201401BS70819,3,9,0,2,0,2,0,0,0,0,4,1,6,1,50,8,2922,1,9,8,1
201401BS70820,1,9,0,2,0,8,0,0,0,0,2,1,6,2,59,9,1339,8,5,3,1
201401BS70820,2,9,0,4,0,8,0,4,0,0,1,1,6,1,62,9,1895,1,12,-1,3
201401BS70822,1,9,0,9,0,8,0,0,0,0,3,1,6,1,26,6,1896,2,6,-1,-1
201401BS70822,2,3,0,18,0,8,0,0,0,0,1,1,6,1,31,6,125,1,4,3,1
201401BS70823,1,8,0,7,0,8,0,0,0,0,1,1,1,1,39,7,-1,-1,-1,3,1
201401BS70823,2,1,0,18,0,8,0,0,0,0,4,1,6,1,16,4,-1,-1,-1,5,1
201401BS70824,1,9,0,9,0,8,0,0,0,0,1,1,6,1,25,5,1968,2,4,9,1
201401BS70824,2,8,0,9,0,8,0,0,0,0,1,1,6,1,59,9,1997,2,-1,9,1
201401BS70825,1,8,0,2,0,0,0,0,0,0,4,1,1,3,-1,-1,-1,-1,-1,-1,-1
201401BS70826,1,9,0,18,0,8,0,0,0,0,1,1,6,2,29,6,1598,1,7,2,1
201401BS70826,2,9,0,9,0,8,0,0,0,0,1,1,6,1,41,7,1598,2,-1,2,1
201401BS70827,1,9,0,16,0,8,0,0,0,0,1,1,6,1,67,10,2494,1,11,9,3
201401BS70828,1,9,0,9,0,8,0,0,0,0,1,1,6,1,34,6,3628,2,4,7,1
201401BS70828,2,8,0,7,0,8,0,0,0,0,1,1,1,1,50,8,2664,2,14,3,1
201401BS70829,1,9,0,18,0,8,0,0,0,0,4,1,6,1,33,6,1240,1,10,2,1
201401BS70829,2,9,0,3,0,8,0,0,0,0,3,1,6,2,28,6,999,1,-1,3,1
201401BS70830,1,9,0,9,0,8,0,0,0,0,1,1,6,2,64,9,1796,2,1,3,1
201401BS70832,1,9,0,9,0,8,0,0,0,0,1,1,6,1,29,6,1968,2,5,9,1
201401BS70832,2,8,0,18,0,8,0,0,0,0,3,1,6,1,30,6,1497,8,5,6,1
201401BS70833,1,9,0,14,0,8,0,0,0,0,4,1,6,1,40,7,1596,1,12,2,1
201401BS70833,2,1,0,14,0,2,0,0,0,0,3,1,6,2,37,7,-1,-1,-1,-1,-1
201401BS70834,1,8,0,6,0,8,0,0,0,0,1,1,1,1,39,7,1560,2,3,5,1
201401BS70834,2,5,0,18,0,8,0,0,0,0,1,1,6,1,43,7,600,1,1,3,1
201401BS70835,1,3,0,18,0,8,0,0,0,0,1,1,6,1,40,7,125,1,-1,3,1
201401BS70835,2,9,0,9,0,8,0,0,0,0,4,1,6,2,-1,-1,3311,8,6,-1,-1
201401BS70838,1,9,0,9,0,8,0,0,0,0,1,1,6,1,41,7,1598,1,11,4,1
201401BS70838,2,1,0,18,0,8,0,0,0,0,1,1,6,1,22,5,-1,-1,-1,3,1
201401BS70840,1,11,0,16,0,0,0,10,1,10,1,1,1,1,42,7,6700,2,2,4,1
201401BS70841,1,8,0,18,0,8,0,0,0,0,1,1,1,1,37,7,2497,2,2,7,1
201401BS70841,2,3,0,12,0,8,0,0,0,0,1,1,6,1,25,5,124,1,6,2,1
201401BS70842,1,9,0,9,0,8,0,0,0,0,1,1,6,1,30,6,1994,1,11,8,1
201401BS70842,2,5,0,15,0,8,0,0,0,0,1,1,6,1,40,7,599,1,4,2,1
201401BS70843,1,9,0,18,0,8,0,0,0,0,4,1,6,1,63,9,1596,1,11,2,1
201401BS70843,2,8,0,18,0,8,0,0,0,0,1,1,1,1,37,7,2499,2,6,6,3
201401BS70844,1,8,0,17,0,8,0,4,3,4,1,1,1,1,27,6,1797,8,4,-1,1
201401BS70844,2,9,0,2,0,8,0,0,0,0,3,1,6,2,56,9,1299,1,13,4,1
201401BS70845,1,9,0,18,0,8,0,0,0,0,4,1,6,1,24,5,1242,1,4,4,1
201401BS70845,2,9,0,9,0,8,0,0,0,0,3,1,6,1,47,8,-1,-1,-1,4,1
201401BS70846,1,3,0,18,0,8,0,0,0,0,1,1,1,1,18,4,-1,-1,-1,3,1
201401BS70846,2,9,0,18,0,8,0,0,0,0,1,1,6,3,-1,-1,-1,-1,-1,-1,-1
201401BS70847,1,9,0,2,0,8,0,0,0,0,3,1,6,3,-1,-1,1598,1,9,-1,-1
201401BS70847,2,1,0,18,0,2,0,0,0,0,1,1,6,1,36,7,-1,-1,-1,-1,-1
201401BS70848,1,11,0,7,0,8,0,0,0,0,0,1,1,1,54,8,4760,2,2,3,1
201401BS70849,1,2,0,18,0,1,0,0,0,0,1,1,1,1,22,5,108,1,3,6,1
201401BS70849,2,9,0,11,0,8,0,0,0,0,4,1,6,3,-1,-1,1596,1,7,-1,-1
201401BS70855,1,9,0,9,0,8,0,0,0,0,4,1,6,1,61,9,-1,-1,-1,5,1
201401BS70855,2,1,0,15,0,8,0,0,0,0,1,1,6,1,23,5,-1,-1,-1,3,1
201401BS70857,1,19,0,18,0,8,0,0,0,0,1,1,1,1,48,8,1995,2,1,8,1
201401BS70857,2,1,0,18,0,8,0,0,0,0,1,1,6,2,40,7,-1,-1,-1,4,1
201401BS70858,1,9,0,3,0,0,0,0,0,0,4,1,6,2,20,4,1360,1,9,2,1
201401BS70858,2,1,0,15,0,0,0,8,0,0,1,1,6,1,-1,-1,-1,-1,-1,1,1
201401BS70859,1,20,0,18,0,8,0,0,0,0,1,1,6,1,51,8,6370,2,7,6,1
201401BS70860,1,3,0,10,0,8,0,0,0,0,2,1,6,1,-1,-1,125,1,2,4,1
201401BS70860,2,11,0,9,0,8,0,0,0,0,0,1,1,1,-1,-1,-1,-1,-1,-1,-1
201401BS70861,1,9,0,7,0,8,0,0,0,0,4,1,6,2,35,6,-1,-1,-1,1,1
201401BS70861,2,1,0,18,0,8,0,0,0,0,1,1,6,1,33,6,-1,-1,-1,-1,1
201401BS70862,1,11,0,18,0,8,0,0,0,0,4,1,1,1,27,6,-1,-1,-1,-1,1
201401BS70863,1,3,0,18,0,8,0,0,0,0,1,1,6,1,30,6,124,1,12,2,1
201401BS70863,2,8,0,12,0,8,0,0,0,0,3,1,1,1,44,7,2499,2,3,7,1
201401BS70864,1,3,0,18,0,8,0,0,0,0,1,1,6,1,49,8,125,1,6,4,1
201401BS70864,2,8,0,9,0,8,0,0,0,0,1,1,1,1,37,7,1995,2,3,4,1
201401BS70865,1,9,0,18,0,1,0,0,0,0,1,1,6,1,27,6,1781,1,12,2,1
201401BS70866,1,3,0,18,0,2,0,0,0,0,1,1,6,1,25,5,125,1,-1,1,1
201401BS70867,1,5,0,18,0,8,0,0,0,0,1,1,6,1,36,7,750,1,2,4,1
201401BS70867,2,2,0,18,0,8,0,0,0,0,1,1,6,1,21,5,49,1,10,6,1
201401BS70868,1,9,0,6,0,1,0,0,0,0,1,1,6,1,50,8,1598,1,2,2,1
201401BS70868,2,90,0,18,0,8,0,0,0,0,3,1,6,1,52,8,2686,2,8,8,1
201401BS70869,1,9,0,2,0,0,0,0,0,0,3,1,6,2,46,8,2231,2,7,8,1
201401BS70869,2,9,0,18,0,0,0,0,0,0,1,1,6,3,-1,-1,-1,-1,-1,-1,-1
201401BS70870,1,9,0,9,0,8,0,0,0,0,1,1,6,1,34,6,1797,8,4,3,1
201401BS70870,2,9,0,17,0,8,0,0,0,0,1,1,6,1,48,8,1275,1,16,3,1
201401BS70871,1,5,0,18,0,0,0,0,0,0,1,1,6,1,39,7,599,1,4,4,1
201401BS70871,2,9,0,6,0,0,0,0,0,0,1,1,6,1,32,6,1797,8,3,4,1
201401BS70872,1,5,0,7,0,8,0,0,0,0,2,1,6,1,61,9,1170,1,9,1,1
201401BS70872,2,3,0,18,0,8,0,0,0,0,1,1,6,1,58,9,124,1,12,4,1
201401BS70875,1,3,0,17,0,0,1,10,0,0,3,1,6,1,25,5,124,1,-1,3,1
201401BS70876,1,9,0,2,0,1,0,0,0,0,3,1,6,1,63,9,1390,1,11,2,1
201401BS70876,2,1,0,18,0,1,0,0,0,0,1,1,6,2,40,7,-1,-1,-1,1,1
201401BS70877,1,9,0,18,0,8,0,4,0,0,1,1,6,1,46,8,1598,2,4,5,1
201401BS70877,2,19,0,2,0,8,0,0,0,0,3,1,6,3,-1,-1,1753,2,1,-1,-1
201401BS70878,1,4,0,18,0,1,0,0,0,0,1,1,6,1,32,6,125,1,7,2,1
201401BS70878,2,3,0,4,0,1,0,0,0,0,2,1,6,1,31,6,109,1,1,4,1
201401BS70881,1,1,0,18,0,2,0,0,0,0,1,1,6,1,31,6,-1,-1,-1,4,1
201401BS70881,2,9,0,18,0,2,0,0,0,0,4,1,6,3,-1,-1,-1,-1,-1,-1,-1
201401BS70882,1,11,0,18,0,8,0,0,0,0,1,1,1,1,46,8,4500,2,-1,1,1
201401BS70882,2,9,0,9,0,8,0,0,0,0,4,1,6,1,-1,-1,1560,2,1,-1,-1
201401BS70883,1,4,0,18,0,2,0,0,0,0,3,1,6,1,36,7,125,1,1,-1,-1
201401BS70884,1,9,0,6,0,8,0,0,0,0,3,1,6,2,30,6,1461,2,-1,2,1
201401BS70884,2,5,0,18,0,8,0,0,0,0,1,1,6,1,43,7,-1,-1,-1,7,1
201401BS70885,1,19,0,9,0,8,0,0,0,0,1,1,1,1,47,8,1686,2,11,7,1
201401BS70886,1,11,0,18,0,8,0,0,0,0,1,1,1,1,32,6,-1,-1,-1,2,1
201401BS70888,1,19,0,18,0,0,0,0,0,0,1,1,1,1,-1,-1,2463,2,10,-1,-1
201401BS70889,1,4,0,18,0,8,0,0,0,0,1,1,6,1,29,6,-1,-1,-1,2,1
201401BS70889,2,9,0,9,0,8,0,0,0,0,1,1,6,1,53,8,1596,1,8,-1,1
201401BS70890,1,19,0,1,0,8,0,0,0,0,2,1,1,1,-1,-1,1995,2,1,-1,-1
201401BS70892,1,11,0,5,0,1,0,0,0,0,0,1,1,1,49,8,8268,2,11,1,1
201401BS70893,1,9,0,4,0,8,0,0,0,0,2,1,6,1,52,8,-1,-1,-1,6,1
201401BS70893,2,3,0,18,0,8,0,0,0,0,1,1,6,1,26,6,-1,-1,-1,4,1
201401BS70895,1,9,0,18,0,8,0,0,0,0,1,1,6,1,57,9,1798,8,-1,1,1
201401BS70896,1,3,0,18,0,0,0,0,0,0,1,1,1,1,26,6,108,1,-1,2,1
201401BS70896,2,9,0,6,0,0,0,0,0,0,3,1,6,1,-1,-1,1598,2,2,-1,-1
201401BS70902,1,9,0,17,0,8,0,0,0,0,0,1,6,3,-1,-1,-1,-1,-1,-1,-1
201401BS70907,1,9,0,6,0,8,0,0,0,0,1,1,6,1,-1,-1,-1,-1,-1,-1,-1
201401BS70912,1,1,0,18,0,8,0,0,0,0,1,1,6,1,14,3,-1,-1,-1,8,1
201401BS70912,2,19,0,7,0,8,0,0,0,0,4,1,1,1,-1,-1,1560,2,3,-1,-1
201401BS70918,1,1,0,18,0,0,0,0,0,0,3,1,6,1,49,8,-1,-1,-1,4,1
201401BS70918,2,5,0,13,0,0,0,0,0,0,1,1,6,3,-1,-1,-1,-1,-1,-1,-1
201401BS79025,1,1,0,13,0,8,0,0,0,0,4,1,6,1,32,6,-1,-1,-1,-1,1
201401BS79025,2,8,0,12,0,8,0,0,0,0,3,1,6,1,-1,-1,2143,2,2,-1,-1
201401CP00001,1,8,0,18,0,1,0,0,0,0,1,1,6,1,55,8,1753,2,4,9,1
201401CP00002,1,21,0,1,0,8,0,0,0,0,2,1,6,3,-1,-1,-1,-1,-1,-1,-1
201401CP00003,1,9,0,18,0,8,0,0,0,0,1,1,2,1,57,9,2987,2,2,7,1
201401CP00004,1,9,0,18,0,1,0,0,0,0,3,1,1,1,45,7,-1,-1,-1,3,1
201401CP00004,2,3,0,13,0,1,0,0,0,0,4,1,2,1,33,6,125,1,3,3,1
201401CP00005,1,19,0,18,0,2,0,0,0,0,1,1,1,1,34,6,-1,-1,-1,2,1
201401CP00006,1,8,0,3,0,1,0,0,0,0,1,1,1,1,63,9,2664,2,14,4,1
201401CP00006,2,9,0,4,0,1,0,0,0,0,3,1,6,1,41,7,1910,2,5,4,1
201401CP00007,1,8,0,18,0,8,0,0,0,0,1,1,1,1,48,8,2499,2,7,4,1
201401CP00007,2,1,0,18,0,8,0,0,0,0,4,1,6,1,53,8,-1,-1,-1,-1,1
201401CP00008,1,1,0,18,0,8,0,0,0,0,2,1,6,1,26,6,-1,-1,-1,5,1
201401CP00008,2,8,0,9,0,8,0,0,0,0,4,1,6,1,-1,-1,2499,2,5,6,1
201401CP00009,1,2,0,18,0,1,0,0,0,0,1,1,6,1,-1,-1,-1,-1,-1,4,1
201401CP00009,2,9,0,4,0,1,0,0,0,0,2,1,6,1,39,7,875,1,2,5,1
201401CP00010,1,9,0,9,0,8,0,0,0,0,4,1,6,3,-1,-1,2926,2,11,-1,-1
201401CP00011,1,5,0,18,0,1,0,0,0,0,3,1,6,2,35,6,998,1,3,8,1
201401CP00012,1,9,0,9,0,1,0,0,0,0,3,1,2,1,35,6,1968,2,7,-1,-1
201401CP00012,2,5,0,18,0,1,0,0,0,0,4,1,2,1,38,7,599,1,6,4,1
201401CP00013,1,20,0,1,0,1,0,0,0,0,2,1,1,1,44,7,-1,-1,-1,7,1
201401CP00013,2,1,0,3,0,1,0,0,0,0,2,1,1,1,40,7,-1,-1,-1,6,1
201401CP00014,1,9,0,9,0,8,0,0,0,0,4,1,6,1,40,7,1796,1,15,6,1
201401CP00014,2,5,0,18,0,8,0,0,0,0,1,1,6,1,43,7,790,1,11,-1,-1
201401CP00015,1,1,0,18,0,1,0,0,0,0,1,1,2,1,37,7,-1,-1,-1,-1,1
201401CP00016,1,1,0,18,4,1,0,0,0,0,1,1,6,1,27,6,-1,-1,-1,-1,-1
201401CP00017,1,8,0,9,0,8,0,0,0,0,4,1,1,1,73,10,2499,2,7,-1,-1
201401CP00017,2,1,0,9,0,8,0,0,0,0,4,1,1,1,35,6,-1,-1,-1,3,1
201401CP00018,1,9,0,7,0,8,0,0,0,0,3,1,6,2,59,9,1995,1,10,4,1
201401CP00018,2,1,0,18,0,8,0,0,0,0,1,1,6,1,40,7,-1,-1,-1,8,1
201401CP00019,1,5,0,18,0,1,0,0,0,0,1,1,6,1,60,9,649,1,5,3,1
201401CP00019,2,8,0,18,0,1,0,0,0,0,0,1,1,1,31,6,-1,-1,-1,5,1
201401CP00019,3,20,0,18,0,2,0,0,0,0,3,1,1,1,-1,-1,-1,-1,-1,5,2
201401CP00020,1,1,0,18,0,1,0,8,0,0,1,1,1,1,38,7,-1,-1,-1,1,1
201401CP00020,2,8,0,3,0,1,0,0,0,0,4,1,1,1,49,8,-1,-1,-1,2,1
201401CP00021,1,8,0,9,0,6,0,0,0,0,3,1,6,1,55,8,2499,2,3,5,1
201401CP00021,2,5,0,18,0,1,0,0,0,0,1,1,6,2,47,8,599,1,16,-1,1
201401CP00022,1,20,0,9,0,8,0,0,0,0,4,1,1,1,31,6,-1,-1,-1,9,1
201401CP00022,2,5,0,18,0,8,0,0,0,0,1,1,2,1,46,8,1299,1,10,7,3
201401CP00023,1,9,0,9,0,8,0,0,0,0,3,1,2,1,28,6,1686,2,7,8,1
201401CP00023,2,1,0,18,0,8,0,0,0,0,1,1,2,1,29,6,-1,-1,-1,2,1
201401CP00024,1,1,0,18,0,1,0,0,0,0,4,1,2,1,32,6,-1,-1,-1,2,1
201401CP00024,2,8,0,18,0,1,0,0,0,0,1,1,1,1,43,7,2499,2,6,6,1
201401CP00025,1,11,0,5,0,1,0,0,0,0,1,1,1,3,-1,-1,-1,-1,-1,-1,-1
201401CP00026,1,11,0,18,0,2,0,0,0,0,0,1,1,1,49,8,4461,2,1,2,1
201401CP00027,1,1,0,5,0,8,0,0,0,0,3,1,2,2,41,7,-1,-1,-1,2,1
201401CP00027,2,11,0,5,0,8,0,0,0,0,4,1,1,1,52,8,12000,2,7,3,1
201401CP00028,1,9,0,4,0,1,0,0,0,0,4,1,6,1,60,9,-1,-1,-1,3,1
201401CP00028,2,1,0,18,4,1,0,8,0,0,3,1,6,1,28,6,-1,-1,-1,2,1
201401CP00029,1,9,0,6,0,2,0,0,0,0,3,1,1,1,28,6,2354,1,6,8,1
201401CP00029,2,5,0,18,0,2,0,0,0,0,1,1,2,1,32,6,-1,-1,-1,8,1
201401CP00030,1,5,0,18,0,1,0,0,0,0,1,1,2,1,26,6,998,1,7,9,3
201401CP00031,1,9,0,3,0,0,0,0,0,0,3,1,6,1,37,7,1600,2,5,10,1
201401CP00031,2,3,0,14,0,0,0,8,0,0,1,1,6,1,36,7,124,1,4,1,1
201401CP00031,3,9,0,3,0,0,0,0,0,0,4,1,6,1,22,5,-1,-1,-1,9,1
201401CP00032,1,3,0,18,0,2,0,0,0,0,2,1,6,1,43,7,124,1,14,5,1
201401CP00032,2,9,0,18,0,2,0,0,0,0,1,1,1,1,32,6,1248,2,3,8,1
201401CP00033,1,3,0,14,0,1,0,0,0,0,4,1,2,1,37,7,124,1,1,3,1
201401CP00034,1,3,0,18,0,0,0,0,0,0,1,1,6,2,34,6,124,1,11,3,1
201401CP00035,1,1,0,18,0,2,0,0,0,0,1,1,2,2,33,6,-1,-1,-1,7,1
201401CP00036,1,8,0,18,0,2,0,0,0,0,1,1,1,1,-1,-1,998,1,4,5,1
201401CP00037,1,8,0,5,0,2,0,0,0,0,4,1,1,1,52,8,2402,2,10,3,1
201401CP00038,1,4,0,18,0,1,0,0,0,0,1,1,6,1,50,8,249,1,8,4,1
201401CP00039,1,5,0,18,0,1,0,0,0,0,4,1,2,1,48,8,599,1,1,6,1
201401CP00039,2,5,0,15,0,1,0,0,0,0,3,1,2,1,49,8,-1,-1,-1,6,1
201401CP00040,1,9,0,9,0,8,0,0,0,0,1,1,2,1,34,6,1796,1,4,6,1
201401CP00040,2,5,0,18,0,8,0,0,0,0,1,1,2,1,43,7,599,1,12,5,1
201401CP00041,1,1,0,18,0,1,0,8,0,0,1,1,6,1,34,6,-1,-1,-1,1,1
201401CP00041,2,19,0,3,0,1,0,0,0,0,4,1,6,3,-1,-1,1461,2,3,-1,-1
201401CP00042,1,8,0,5,0,1,0,0,0,0,3,1,1,1,62,9,2499,2,6,9,2
201401CP00043,1,1,0,18,0,1,0,0,0,0,1,1,6,1,33,6,-1,-1,-1,2,1
201401CP00044,1,9,0,18,0,1,1,0,0,0,1,1,6,1,38,7,-1,-1,-1,3,1
201401CP00044,2,9,0,3,0,1,0,0,0,0,2,1,6,2,40,7,1995,2,10,4,1
201401CP00045,1,3,0,14,0,1,0,0,0,0,1,1,2,1,33,6,124,1,5,6,1
201401CP00046,1,3,0,15,0,1,0,0,0,0,1,1,2,1,23,5,125,1,2,8,1
201401CP00046,2,9,0,7,0,1,0,0,0,0,4,1,1,1,46,8,-1,-1,-1,7,1
201401CP00047,1,8,0,18,0,1,0,0,0,0,1,1,1,1,42,7,1997,2,4,3,1
201401CP00048,1,8,0,18,0,1,0,0,0,0,1,1,1,1,52,8,2664,2,13,9,1
201401CP00049,1,19,0,5,0,1,0,0,0,0,4,1,1,1,67,10,1997,2,12,-1,-1
201401CP00049,2,1,0,18,0,1,0,0,0,0,3,1,2,1,22,5,-1,-1,-1,-1,1
201401CP00050,1,1,0,18,0,1,0,0,0,0,1,1,1,1,26,6,-1,-1,-1,2,1
201401CP00051,1,20,0,2,0,1,0,0,0,0,3,1,1,1,60,9,6692,2,3,2,1
201401CP00052,1,1,0,18,0,1,0,0,0,0,1,1,6,1,29,6,-1,-1,-1,2,1
201401CP00053,1,11,0,3,0,2,0,0,0,0,4,1,1,1,38,7,-1,-1,-1,1,1
201401CP00054,1,21,0,18,0,0,0,4,0,0,1,1,1,1,38,7,7146,2,3,3,1
201401CP00054,2,3,0,18,0,0,0,0,0,0,4,1,1,1,36,7,124,1,1,2,1
201401CP00054,3,11,0,2,0,0,0,0,0,0,2,1,1,1,57,9,-1,-1,-1,5,1
201401CP00055,1,8,0,9,0,1,0,0,0,0,3,1,1,1,48,8,2402,2,10,2,1
201401CP00055,2,1,0,14,0,1,1,0,0,0,1,1,2,1,44,7,-1,-1,-1,5,1
201401CP00056,1,9,0,18,0,8,0,0,0,0,1,1,6,2,23,5,1198,1,6,1,1
201401CP00057,1,1,0,15,0,2,0,11,0,0,1,1,1,1,21,5,-1,-1,-1,2,1
201401CP00057,2,9,0,3,0,2,0,0,0,0,0,1,6,1,46,8,2143,2,2,4,1
201401CP00057,3,19,0,3,0,2,0,0,0,0,0,1,1,1,27,6,2402,2,10,5,1
201401CP00059,1,8,0,18,0,1,0,0,0,0,4,1,1,1,44,7,2499,2,5,2,1
201401CP00059,2,1,0,18,0,1,0,0,0,0,3,1,2,1,46,8,-1,-1,-1,6,1
201401CP00060,1,11,0,18,0,1,0,0,0,0,1,1,1,1,30,6,6700,2,4,-1,1
201401CP00061,1,8,0,9,0,0,0,0,0,0,4,1,6,1,29,6,2499,2,3,3,1
201401CP00061,2,1,0,15,0,0,0,0,0,0,1,1,6,2,25,5,-1,-1,-1,1,1
201401CP00062,1,3,0,16,0,2,0,0,0,0,2,1,6,1,38,7,125,1,9,5,1
201401CP00062,2,20,0,16,0,2,0,0,0,0,4,1,1,1,22,5,-1,-1,-1,4,1
201401CP00063,1,1,0,18,0,8,0,0,0,0,3,1,6,2,26,6,-1,-1,-1,5,1
201401CP00063,2,8,0,9,0,8,0,0,0,0,1,1,1,1,41,7,1797,8,4,2,1
201401CP00064,1,1,0,9,0,8,0,0,0,0,1,1,6,1,28,6,-1,-1,-1,1,1
201401CP00065,1,1,0,7,0,1,0,0,0,0,1,1,6,1,29,6,-1,-1,-1,1,1
201401CP00067,1,3,0,18,0,0,0,0,0,0,1,1,2,1,30,6,102,1,8,2,1
201401CP00068,1,3,0,14,0,2,0,0,0,0,1,1,6,1,24,5,-1,-1,-1,-1,-1
201401CP00069,1,11,0,2,0,1,0,0,0,0,2,1,1,1,57,9,8268,2,11,2,1
201401CP00069,2,1,0,18,0,1,0,0,0,0,1,1,6,1,51,8,-1,-1,-1,9,2
201401CP00072,1,8,0,7,0,8,0,0,0,0,4,1,6,3,-1,-1,-1,-1,-1,-1,-1
201401CP00075,1,4,0,18,0,8,0,0,0,0,1,1,6,1,51,8,124,1,8,5,1
201401CP00075,2,1,0,9,0,8,0,0,0,0,2,1,6,2,22,5,-1,-1,-1,3,1
201401CP00078,1,8,0,18,0,8,0,0,0,0,3,1,1,1,29,6,1339,8,4,3,1
201401CP00078,2,5,0,11,0,8,0,0,0,0,4,1,6,1,26,6,798,1,5,3,1
201401CP00079,1,4,0,14,0,1,0,0,0,0,1,1,6,3,-1,-1,-1,-1,-1,-1,-1
201401CP00081,1,5,0,18,5,1,0,0,0,0,1,1,6,3,-1,-1,-1,-1,-1,-1,-1
201401CP00083,1,3,0,9,0,8,0,0,0,0,4,1,6,1,57,9,124,1,6,4,1