Accident_Index,Vehicle_Reference,Vehicle_Type,Towing_and_Articulation,Vehicle_Manoeuvre,Vehicle_Location-Restricted_Lane,Junction_Location,Skidding_and_Overturning,Hit_Object_in_Carriageway,Vehicle_Leaving_Carriageway,Hit_Object_off_Carriageway,1st_Point_of_Impact,Was_Vehicle_Left_Hand_Drive?,Journey_Purpose_of_Driver,Sex_of_Driver,Age_of_Driver,Age_Band_of_Driver,Engine_Capacity_(CC),Propulsion_Code,Age_of_Vehicle,Driver_IMD_Decile,Driver_Home_Area_Type
201401CP00083,2,1,0,18,0,8,0,0,0,0,1,1,6,1,37,7,-1,-1,-1,1,1
201401CP00084,1,11,0,4,0,1,0,0,0,0,0,1,1,1,61,9,-1,2,-1,-1,-1
201401CP00087,1,9,0,9,0,8,0,0,0,0,4,1,6,1,34,6,-1,-1,-1,-1,-1
201401CP00087,2,5,0,18,0,8,0,0,0,0,1,1,6,1,21,5,599,1,11,10,1
201401CP00088,1,8,0,3,0,1,0,8,0,0,4,1,1,1,43,7,1497,8,5,5,1
201401CP00088,2,1,0,15,0,1,0,0,0,0,1,1,2,1,28,6,-1,-1,-1,1,1
201401CP00091,1,3,0,18,0,8,0,0,0,0,3,1,2,1,28,6,125,1,3,7,1
201401CP00091,2,9,0,6,0,8,0,0,0,0,2,1,6,3,-1,-1,1968,2,5,-1,-1
201401CP00092,1,9,0,18,0,2,0,0,0,0,1,1,6,1,48,8,1995,1,3,4,1
201401CP00092,2,9,0,18,0,1,0,0,0,0,1,1,6,1,44,7,1397,1,15,2,1
201401CP00093,1,8,0,5,0,0,0,0,0,0,4,1,1,3,-1,-1,-1,-1,-1,-1,-1
201401CP00095,1,8,0,14,0,1,0,0,0,0,4,1,1,1,53,8,2499,2,5,3,1
201401CP00098,1,1,0,18,0,8,0,0,0,0,1,1,6,1,28,6,-1,-1,-1,-1,1
201401CP00098,2,9,0,9,0,8,0,0,0,0,4,1,6,1,27,6,1896,2,12,4,1
201401CP00102,1,5,0,16,0,2,0,10,0,0,4,1,6,1,53,8,-1,-1,-1,2,1
201401CP00103,1,19,0,18,0,2,0,0,0,0,1,1,1,1,28,6,2198,2,2,-1,1
201401CP00103,2,3,0,3,0,2,0,0,0,0,2,1,1,1,34,6,-1,-1,-1,8,1
201401CP00105,1,19,0,18,0,8,0,0,0,0,4,1,1,1,56,9,-1,-1,-1,6,2
201401CP00105,2,1,0,18,0,8,0,0,0,0,3,1,6,1,27,6,-1,-1,-1,6,1
201401CP00106,1,21,0,9,0,1,0,0,0,0,3,1,1,1,36,7,12740,2,1,9,1
201401CP00106,2,3,0,18,0,1,0,0,0,0,4,1,1,1,25,5,125,1,10,1,1
201401CP00107,1,90,0,7,0,8,0,0,0,0,4,1,1,1,52,8,-1,-1,-1,7,1
201401CP00107,2,1,0,18,0,8,0,0,0,0,3,1,6,1,32,6,-1,-1,-1,-1,-1
201401CP00108,1,11,0,5,0,1,0,0,0,0,0,1,1,1,43,7,6700,2,2,3,1
201401CP00111,1,19,0,7,0,8,0,0,0,0,4,1,1,1,46,8,2402,2,4,2,1
201401CP00111,2,1,0,18,0,8,0,0,0,0,1,1,2,1,27,6,-1,-1,-1,3,1
201401CP00112,1,8,0,1,0,2,0,0,0,0,3,1,1,1,40,7,1753,2,6,1,1
201401CP00114,1,5,0,18,0,1,0,0,0,0,4,1,1,2,36,7,498,1,9,2,1
201401CP00118,1,19,0,6,0,2,0,0,0,0,3,1,1,1,47,8,-1,-1,-1,1,1
201401CP00118,2,1,0,18,0,2,0,0,0,0,1,1,1,1,25,5,-1,-1,-1,6,1
201401CP00119,1,9,0,6,0,8,0,0,0,0,1,1,6,1,24,5,1991,2,5,-1,-1
201401CP00119,2,9,0,18,0,8,0,0,0,0,0,1,1,1,40,7,-1,-1,-1,-1,-1
201401CP00120,1,20,0,6,0,2,0,0,0,0,3,1,1,1,23,5,-1,-1,-1,10,1
201401CP00120,2,3,0,18,0,2,0,0,0,0,1,1,2,1,17,4,124,1,2,7,1
201401CP00121,1,1,0,3,0,8,0,0,0,0,2,1,2,1,51,8,-1,-1,-1,1,1
201401CP00121,2,19,0,18,0,8,0,0,0,0,1,1,1,1,31,6,-1,-1,-1,3,1
201401CP00122,1,3,0,18,0,1,0,0,0,0,1,1,2,1,37,7,125,1,6,2,1
201401CP00122,2,8,0,3,0,1,0,0,0,0,3,1,1,1,43,7,1997,2,2,3,1
201401CP00125,1,20,0,18,0,1,0,0,0,0,3,1,1,1,37,7,2143,2,2,3,1
201401CP00126,1,1,0,18,0,8,0,0,0,0,2,1,6,1,20,4,-1,-1,-1,1,1
201401CP00126,2,1,0,18,0,8,0,0,0,0,1,1,6,2,32,6,-1,-1,-1,6,1
201401CP00127,1,3,0,18,0,1,0,0,0,0,1,1,6,1,20,4,102,1,7,1,1
201401CP00129,1,20,0,7,0,2,0,0,0,0,4,1,1,1,27,6,-1,-1,-1,2,1
201401CP00129,2,1,0,15,0,2,0,0,0,0,3,1,6,1,29,6,-1,-1,-1,6,1
201401CP00131,1,3,0,18,0,1,0,0,0,0,1,1,6,3,-1,-1,-1,-1,-1,-1,-1
201401CP00132,1,9,0,2,0,2,0,0,0,0,2,1,6,1,47,8,1497,8,-1,2,1
201401CP00132,2,3,0,18,0,2,0,4,0,0,1,1,1,1,61,9,-1,-1,-1,2,1
201401CP00133,1,8,0,9,0,8,0,0,0,0,4,1,6,1,50,8,2499,2,7,9,1
201401CP00133,2,5,0,18,0,8,0,0,0,0,1,1,6,1,33,6,645,1,1,-1,3
201401CP00134,1,1,0,18,0,8,0,0,0,0,1,1,2,1,24,5,-1,-1,-1,2,1
201401CP00134,2,9,0,9,0,8,0,0,0,0,4,1,6,2,28,6,-1,-1,-1,-1,1
201401CP00135,1,19,0,9,0,8,0,0,0,0,4,1,1,1,42,7,-1,-1,-1,6,1
201401CP00135,2,5,0,18,0,8,0,0,0,0,1,1,6,1,40,7,953,1,11,3,1
201401CP00136,1,9,0,18,0,1,0,0,0,0,0,1,6,1,62,9,1596,1,14,5,1
201401CP00136,2,9,0,18,0,1,0,0,0,0,2,1,6,1,34,6,1796,1,18,3,1
201401CP00136,3,9,0,18,0,1,0,0,0,0,1,1,6,1,34,6,1598,1,15,1,1
201401CP00137,1,8,0,4,0,2,0,0,0,0,1,1,1,1,65,9,2499,2,7,3,1
201401CP00137,2,1,0,7,0,1,1,0,0,0,4,1,6,1,13,3,-1,-1,-1,1,1
201401CP00138,1,19,0,18,0,2,0,0,0,0,1,1,1,1,42,7,2143,2,3,5,1
201401CP00139,1,1,0,18,0,1,0,0,0,0,1,1,2,1,51,8,-1,-1,-1,3,1
201401CP00140,1,1,0,9,0,8,0,0,0,0,1,1,6,3,-1,-1,-1,-1,-1,-1,-1
201401CP00141,1,11,0,18,0,2,0,0,0,0,1,1,1,1,50,8,9360,2,3,-1,-1
201401CP00142,1,11,0,5,0,2,0,0,0,0,0,1,1,1,36,7,-1,-1,-1,2,1
201401CP00143,1,8,0,3,0,1,0,0,0,0,3,1,6,1,76,11,2664,2,15,5,1
201401CP00143,2,4,0,18,0,1,0,8,0,0,4,1,6,1,53,8,385,1,13,3,1
201401CP00144,1,11,0,1,0,0,0,7,0,0,2,1,1,2,49,8,4250,2,1,5,1
201401CP00146,1,1,0,18,0,2,0,0,0,0,1,1,1,1,28,6,-1,-1,-1,3,1
201401CP00147,1,19,0,9,0,8,0,0,0,0,3,1,1,1,23,5,2143,2,4,2,1
201401CP00147,2,4,0,18,0,8,0,0,0,0,1,1,6,1,21,5,645,1,8,2,1
201401CP00148,1,5,0,18,0,0,1,0,0,0,0,1,6,1,20,4,649,1,7,3,1
201401CP00148,2,9,0,12,0,0,0,0,0,0,0,1,6,1,27,6,1995,2,1,-1,1
201401CP00149,1,1,0,9,0,1,0,0,0,0,2,1,6,1,44,7,-1,-1,-1,1,1
201401CP00149,2,9,0,18,0,1,0,0,0,0,1,1,6,3,-1,-1,1997,1,12,-1,-1
201401CP00150,1,1,0,18,0,8,0,0,0,0,1,1,1,1,34,6,-1,-1,-1,2,1
201401CP00151,1,21,0,18,0,2,0,0,0,0,1,1,1,1,-1,-1,-1,-1,-1,2,1
201401CP00151,2,1,0,18,0,2,0,0,0,0,2,1,2,1,27,6,-1,-1,-1,-1,1
201401CP00152,1,20,0,18,0,8,0,0,0,0,1,1,6,1,29,6,12777,2,1,6,1
201401CP00152,2,1,0,18,0,8,0,0,0,0,2,1,6,1,46,8,-1,-1,-1,-1,1
201401CP00153,1,21,0,11,0,2,0,0,0,0,1,1,1,1,59,9,9200,2,3,1,1
201401CP00153,2,9,0,18,0,2,0,0,6,6,3,1,6,1,26,6,1988,1,10,3,1
201401CP00153,3,19,0,18,0,1,0,0,0,0,1,1,1,1,34,6,1753,2,7,3,1
201401CP00154,1,1,0,18,0,1,0,0,0,0,2,1,6,1,30,6,-1,-1,-1,7,1
201401CP00154,2,19,0,18,0,1,0,0,0,0,1,1,6,3,-1,-1,-1,-1,-1,-1,-1
201401CP00155,1,9,0,18,0,2,0,0,0,0,1,1,1,1,29,6,1797,8,4,3,1
201401CP00156,1,11,0,2,0,2,0,0,0,0,4,1,1,1,49,8,8268,2,11,1,1
201401CP00157,1,4,0,15,4,1,0,0,0,0,1,1,2,1,45,7,-1,-1,-1,2,1
201401CP00158,1,11,0,5,0,0,0,0,0,0,4,1,1,1,31,6,8268,2,8,5,1
201401CP00159,1,9,0,18,0,2,0,4,0,0,3,1,6,1,27,6,1995,2,6,3,1
201401CP00159,2,9,0,2,0,2,0,0,0,0,3,1,6,1,50,8,1997,2,3,-1,1
201401CP00159,3,8,0,2,0,2,0,0,0,0,3,1,6,1,62,9,2402,2,12,3,2
201401CP00159,4,9,0,2,0,2,0,0,0,0,3,1,6,2,35,6,1390,1,10,2,1
201401CP00159,5,8,0,2,0,2,0,0,0,0,3,1,6,1,64,9,2499,2,4,4,1
201401CP00159,6,9,0,2,0,2,0,0,0,0,3,1,6,1,-1,-1,1968,2,1,-1,1
201401CP00160,1,10,0,18,0,8,0,0,0,0,3,1,1,1,33,6,2500,2,6,2,1
201401CP00160,2,1,0,18,0,8,0,0,0,0,1,1,6,2,40,7,-1,-1,-1,2,1
201401CP00161,1,11,0,9,0,8,0,0,0,0,0,1,1,2,59,9,6692,2,3,3,1
201401CP00161,2,9,0,7,0,8,0,0,0,0,0,1,2,1,28,6,2494,1,24,2,1
201401CP00162,1,11,0,9,0,8,0,0,0,0,0,1,1,1,47,8,7300,2,12,5,1
201401CP00163,1,9,0,3,0,1,0,0,0,0,3,1,6,1,39,7,1968,2,9,4,1
201401CP00163,2,1,0,14,0,1,0,8,0,0,4,1,6,1,41,7,-1,-1,-1,3,1
201401CP00165,1,11,0,18,0,8,0,0,0,0,0,1,6,1,50,8,6692,2,3,1,1
201401CP00165,2,11,0,18,0,8,0,0,0,0,2,1,6,3,-1,-1,-1,-1,-1,-1,-1
201401CP00166,1,9,0,9,0,8,0,0,0,0,4,1,6,1,-1,-1,1242,1,16,3,1
201401CP00166,2,1,0,18,0,8,0,0,0,0,1,1,6,2,33,6,-1,-1,-1,2,1
201401CP00167,1,5,0,18,0,1,0,0,0,0,3,1,2,1,42,7,948,1,23,4,1
201401CP00167,2,20,0,9,0,8,0,0,0,0,0,1,1,1,-1,-1,-1,-1,-1,1,1
201401CP00169,1,9,0,18,0,2,0,0,1,10,1,1,6,1,24,5,2148,2,5,-1,1
201401CP00170,1,9,0,18,0,2,0,0,0,0,1,1,6,3,-1,-1,-1,-1,-1,-1,-1
201401CP00171,1,5,0,18,0,8,0,0,0,0,1,1,2,1,29,6,-1,-1,-1,7,1
201401CP00171,2,9,0,9,0,8,0,0,0,0,4,1,1,1,70,10,1199,2,2,9,1
201401CP00172,1,9,0,18,0,8,0,0,0,0,1,1,6,3,-1,-1,1796,1,5,-1,-1
201401CP00173,1,8,0,3,0,1,0,0,0,0,4,1,1,1,62,9,2499,2,3,8,1
201401CP00173,2,1,0,18,0,1,0,8,0,0,1,1,2,1,37,7,-1,-1,-1,5,1
201401CP00174,1,20,0,1,0,0,0,0,0,0,2,1,1,1,52,8,2143,2,2,3,1
201401CP00175,1,1,0,18,0,1,0,0,0,0,2,1,6,1,29,6,-1,-1,-1,1,1
201401CP00175,2,9,0,18,0,1,0,0,0,0,1,1,6,2,-1,-1,1595,1,1,-1,-1
201401CP00176,1,20,0,18,0,0,0,0,0,0,1,1,1,1,29,6,-1,-1,-1,2,1
201401CP00177,1,19,0,7,0,2,0,0,0,0,1,1,1,1,55,8,1248,2,3,5,1
201401CP00178,1,3,0,9,0,8,0,0,0,0,1,1,2,1,31,6,124,1,1,2,1
201401CP00178,2,19,0,18,0,8,0,0,0,0,3,1,1,1,31,6,2198,2,-1,10,1
201401CP00179,1,1,0,18,0,8,0,0,0,0,1,1,2,1,21,5,-1,-1,-1,2,1
201401CP00180,1,11,0,18,0,1,0,0,0,0,0,1,1,1,38,7,7300,2,8,3,1
201401CP00181,1,11,0,9,0,8,0,0,0,0,4,1,1,1,56,9,-1,-1,-1,3,1
201401CP00181,2,1,0,18,0,8,0,0,0,0,1,1,2,2,28,6,-1,-1,-1,1,1
201401CP00182,1,1,0,18,0,1,0,0,0,0,1,1,2,1,50,8,-1,-1,-1,10,1
201401CP00182,2,19,0,7,0,1,0,0,0,0,4,1,1,1,-1,-1,-1,-1,-1,3,1
201401CP00183,1,11,0,18,0,1,0,0,0,0,3,1,1,1,46,8,-1,-1,-1,3,1
201401CP00183,2,1,0,18,0,1,0,0,0,0,4,1,6,1,36,7,-1,-1,-1,2,1
201401CP00184,1,1,0,18,0,1,0,0,0,0,2,1,2,2,54,8,-1,-1,-1,4,1
201401CP00184,2,9,0,9,0,8,0,0,0,0,0,1,6,1,53,8,-1,-1,-1,4,1
201401CP00185,1,8,0,9,0,1,0,0,0,0,0,1,1,1,49,8,1997,2,2,10,1
201401CP00185,2,1,0,18,0,1,0,0,0,0,1,1,6,1,50,8,-1,-1,-1,1,1
201401CP00187,1,9,0,11,0,1,0,7,3,0,1,1,6,1,53,8,3600,1,11,9,1
201401CP00187,2,1,0,18,0,1,0,0,0,0,2,1,6,1,39,7,-1,-1,-1,3,1
201401CP00187,3,1,0,18,0,1,0,0,0,0,2,1,6,1,57,9,-1,-1,-1,6,2
201401CP00189,1,9,0,14,0,8,0,0,0,0,3,1,1,1,52,8,-1,-1,-1,-1,-1
201401CP00191,1,1,0,18,0,1,0,0,0,0,1,1,6,1,-1,-1,-1,-1,-1,3,1
201401CP00191,2,9,0,9,0,1,0,0,0,0,4,1,6,3,-1,-1,-1,-1,-1,-1,-1
201401CP00192,1,11,0,4,0,1,0,0,0,0,1,1,1,2,47,8,4500,2,2,-1,-1
201401CP00193,1,1,0,18,0,2,0,0,0,0,3,1,2,1,52,8,-1,-1,-1,2,1
201401CP00193,2,9,0,13,0,2,0,0,0,0,4,1,6,3,-1,-1,-1,-1,-1,-1,-1
201401CP00194,1,5,0,18,0,1,0,0,0,0,1,1,2,2,25,5,599,1,9,5,1
201401CP00194,2,21,0,9,0,8,0,0,0,0,4,1,1,1,25,5,10837,2,2,2,1
201401CP00195,1,1,0,18,4,1,0,0,0,0,1,1,6,2,31,6,-1,-1,-1,5,1
201401CP00195,2,8,0,6,0,1,0,0,0,0,4,1,1,1,65,9,2402,2,8,2,1
201401CP00196,1,1,0,13,0,2,0,0,0,0,4,1,2,1,27,6,-1,-1,-1,6,1
201401CP00196,2,20,0,6,0,2,0,0,0,0,3,1,1,1,26,6,-1,-1,-1,2,1
201401CP00197,1,9,0,9,0,8,0,0,0,0,4,1,6,2,28,6,1984,1,15,3,1
201401CP00197,2,3,0,18,0,8,0,0,0,0,1,1,6,1,31,6,125,1,1,8,1
201401CP00198,1,1,0,12,0,2,0,0,0,0,3,1,6,1,25,5,-1,-1,-1,3,1
201401CP00198,2,3,0,14,0,2,0,0,0,0,1,1,6,1,32,6,125,1,6,3,1
201401CP00199,1,1,0,18,0,8,0,0,0,0,3,1,6,1,30,6,-1,-1,-1,4,1
201401CP00199,2,8,0,18,0,8,0,0,0,0,4,1,1,1,57,9,2664,2,14,3,1
201401CP00200,1,1,0,18,0,2,0,0,0,0,1,1,2,1,30,6,-1,-1,-1,5,1
201401CP00201,1,8,0,6,9,2,0,10,7,0,1,1,6,1,64,9,2499,2,7,8,2
201401CP00202,1,11,0,18,0,1,0,0,0,0,4,1,1,1,52,8,4500,2,2,4,1
201401CP00203,1,8,0,18,0,1,0,0,0,0,1,1,1,1,39,7,-1,-1,-1,9,1
201401CP00204,1,4,0,18,0,8,0,0,0,0,1,1,6,1,31,6,49,1,5,4,1
201401CP00204,2,19,0,9,0,8,0,0,0,0,4,1,1,1,37,7,1560,2,3,1,1
201401CP00205,1,5,0,3,0,1,0,0,0,0,2,1,2,1,47,8,1298,1,6,7,1
201401CP00205,2,20,0,18,0,1,0,0,0,0,1,1,6,1,35,6,-1,-1,-1,5,1
201401CP00206,1,11,0,18,0,2,0,0,0,0,1,1,6,3,-1,-1,-1,-1,-1,-1,-1
201401CP00207,1,20,0,18,0,8,1,0,0,0,1,1,1,1,50,8,-1,-1,-1,1,1
201401CP00208,1,9,0,9,0,8,0,0,0,0,4,1,2,1,44,7,3800,1,2,3,1
201401CP00208,2,1,0,18,0,8,0,0,0,0,1,1,2,1,31,6,-1,-1,-1,4,1
201401CP00209,1,1,0,14,0,1,0,0,0,0,1,1,2,1,63,9,-1,-1,-1,3,1
201401CP00210,1,20,0,2,0,1,0,0,0,0,4,1,1,1,33,6,-1,-1,-1,3,1
201401CP00210,2,1,0,18,0,1,0,8,0,0,1,1,2,1,37,7,-1,-1,-1,10,1
201401CP00211,1,1,0,18,0,1,0,0,0,0,1,1,2,1,22,5,-1,-1,-1,-1,1
201401CP00211,2,8,0,4,0,1,0,0,0,0,2,1,1,1,59,9,2499,2,-1,-1,-1
201401CP00212,1,5,0,18,0,2,0,0,0,0,1,1,1,1,37,7,599,1,5,8,3
201401CP00212,2,8,0,18,0,2,0,0,0,0,2,1,1,2,46,8,2499,2,5,3,1
201401CP00212,3,9,0,6,0,2,0,0,0,0,0,1,6,1,28,6,1798,8,1,2,1
201401CP00213,1,1,0,18,0,2,0,0,0,0,1,1,1,1,26,6,-1,-1,-1,3,1
201401CP00213,2,8,0,18,0,1,0,0,0,0,1,1,1,1,50,8,2499,2,3,-1,1
201401CP00214,1,8,0,9,0,8,0,0,0,0,4,1,1,1,52,8,2402,2,11,7,1
201401CP00214,2,1,0,18,0,8,0,0,0,0,1,1,6,1,29,6,-1,-1,-1,3,1
201401CP00215,1,8,0,9,0,8,0,0,0,0,4,1,1,1,51,8,2664,2,14,3,1
201401CP00215,2,1,0,18,0,8,0,0,0,0,1,1,2,1,49,8,-1,-1,-1,9,1
201401CP00216,1,1,0,18,0,2,0,0,0,0,1,1,2,2,35,6,-1,-1,-1,6,1
201401CP00216,2,8,0,6,0,2,0,0,0,0,3,1,1,1,54,8,2499,2,2,8,1
201401CP00218,1,8,0,18,0,1,0,0,0,0,1,1,1,1,34,6,2499,2,7,9,1
201401CP00218,2,9,0,4,0,1,0,0,0,0,2,1,6,1,44,7,1796,1,6,-1,-1
201401CP00219,1,1,0,18,0,8,0,0,0,0,1,1,6,1,25,5,-1,-1,-1,2,1
201401CP00219,2,21,0,18,0,8,0,0,0,0,4,1,6,2,39,7,-1,-1,-1,1,1
201401CP00220,1,9,0,1,0,2,0,0,0,0,2,1,6,1,41,7,2362,1,13,3,1
201401CP00221,1,20,0,18,0,1,0,0,0,0,1,1,1,1,46,8,9200,2,3,3,1
201401CP00222,1,1,0,18,0,1,0,0,0,0,1,1,6,1,23,5,-1,-1,-1,-1,-1
201401CP00223,1,8,0,7,0,2,0,0,0,0,1,1,1,1,40,7,2987,2,3,3,1
201401CP00224,1,5,0,18,0,1,0,0,0,0,3,1,6,1,39,7,599,1,7,2,1
201401CP00224,2,8,0,11,0,1,0,0,0,0,4,1,1,1,49,8,2499,2,6,7,1
201401CP00225,1,8,0,9,0,8,0,0,0,0,1,1,1,1,55,8,1791,8,2,1,1
201401CP00227,1,11,0,18,0,2,0,0,0,0,4,1,1,1,62,9,-1,-1,-1,7,1
201401CP00228,1,3,0,18,0,1,0,0,0,0,1,1,6,1,26,6,125,1,1,2,1
201401CP00228,2,20,0,1,0,1,0,0,0,0,2,1,1,1,22,5,-1,-1,-1,10,1
201401CP00229,1,20,0,12,0,2,0,0,0,0,3,1,1,1,48,8,2198,2,2,2,1
201401CP00229,2,1,0,18,0,2,0,0,0,0,4,1,6,1,23,5,-1,-1,-1,7,1
201401CP00230,1,8,0,18,0,2,0,0,0,0,1,1,1,1,62,9,1896,2,9,8,1
201401CP00231,1,3,0,18,0,2,0,0,0,0,4,1,6,1,26,6,124,1,1,2,1
201401CP00231,2,11,0,13,0,2,0,0,0,0,3,1,1,1,58,9,11967,2,4,8,2
201401CP00232,1,9,0,12,0,1,0,0,0,0,3,1,6,1,50,8,1368,1,4,-1,1
201401CP00232,2,3,0,18,0,1,0,0,0,0,4,1,6,1,20,4,124,1,-1,7,1
201401CP00233,1,5,0,18,0,8,0,0,0,0,1,1,1,1,47,8,471,1,1,6,1
201401CP00234,1,8,0,5,8,0,0,0,0,0,3,1,1,1,53,8,1798,8,-1,2,1
201401CP00234,2,1,0,18,0,0,0,0,0,0,4,1,6,1,29,6,-1,-1,-1,1,1
201401CP00235,1,4,0,14,0,1,0,0,0,0,1,1,6,1,44,7,108,1,3,2,1
201401CP00237,1,9,0,6,0,2,0,0,0,0,3,1,1,1,36,7,2000,1,9,4,1
201401CP00237,2,5,0,18,0,2,0,0,0,0,1,1,1,1,35,6,670,1,1,1,2
201401CP00238,1,9,0,6,0,8,0,0,0,0,3,1,6,2,25,5,1388,1,8,7,1
201401CP00238,2,4,0,18,0,8,0,0,0,0,1,1,1,1,37,7,108,1,1,4,1
201401CP00239,1,1,0,18,0,2,0,0,0,0,2,1,2,2,36,7,-1,-1,-1,3,1
201401CP00239,2,1,0,18,0,2,0,0,0,0,1,1,2,1,54,8,-1,-1,-1,-1,-1
201401CP00240,1,9,0,18,0,1,0,0,0,0,4,1,6,1,64,9,-1,-1,-1,4,1
201401CP00241,1,3,0,3,0,8,0,0,0,0,1,1,6,1,24,5,124,1,8,-1,1
201401CP00241,2,20,0,1,0,2,0,0,0,0,2,1,1,1,44,7,-1,-1,-1,5,1
201401CP00242,1,1,0,18,0,1,0,0,0,0,1,1,2,1,40,7,-1,-1,-1,2,1
201401CP00242,2,1,0,18,0,8,0,0,0,0,3,1,2,1,24,5,-1,-1,-1,5,1
201401CP00243,1,9,0,18,0,0,0,0,0,0,1,1,6,1,31,6,2993,2,6,-1,1
201401CP00243,2,1,0,18,0,0,0,0,4,0,1,1,6,1,28,6,-1,-1,-1,1,1
201401CP00244,1,20,0,6,0,1,0,0,0,0,3,1,1,1,51,8,-1,-1,-1,9,1
201401CP00244,2,4,0,18,0,1,0,0,0,0,4,1,6,1,44,7,125,1,1,4,1
201401CP00245,1,1,0,18,0,2,0,0,1,1,3,1,6,2,25,5,-1,-1,-1,6,1
201401CP00245,2,21,0,13,0,2,0,0,0,0,4,1,1,3,-1,-1,-1,-1,-1,-1,-1
201401CP00246,1,8,0,9,0,8,0,0,0,0,4,1,1,1,53,8,2499,2,3,4,1
201401CP00246,2,1,0,18,0,8,0,0,0,0,1,1,2,1,34,6,-1,-1,-1,1,1
201401CP00247,1,1,0,18,0,8,0,0,0,0,1,1,6,2,36,7,-1,-1,-1,2,1
201401CP00247,2,9,0,9,0,8,0,0,0,0,4,1,1,1,49,8,-1,-1,-1,5,1
201401CP00248,1,5,0,18,0,8,0,0,0,0,1,1,6,3,-1,-1,-1,-1,-1,-1,-1
201401CP00249,1,11,0,3,2,2,0,0,0,0,0,1,1,1,49,8,8268,2,11,5,1
201401CP00250,1,11,0,4,0,1,0,0,0,0,0,1,1,1,51,8,4500,2,2,5,1
201401CP00251,1,1,0,14,0,1,0,0,0,0,1,1,1,1,21,5,-1,-1,-1,-1,1
201401CP00252,1,1,0,18,0,1,0,0,0,0,1,1,2,1,38,7,-1,-1,-1,9,1
201401CP00252,2,9,0,6,0,1,0,0,0,0,3,1,6,1,24,5,1596,1,3,7,1
201401CP00253,1,8,0,18,0,1,0,0,0,0,4,1,1,1,37,7,2402,2,12,10,1
201401CP00253,2,9,0,5,0,1,0,0,0,0,3,1,6,1,37,7,2967,2,3,10,1
201401CP00255,1,1,0,9,0,1,0,0,0,0,3,1,6,1,22,5,-1,-1,-1,1,1
201401CP00255,2,9,0,18,0,1,0,0,0,0,4,1,6,1,62,9,-1,-1,-1,9,3
201401CP00256,1,10,0,3,0,1,0,0,0,0,4,1,1,1,34,6,-1,-1,-1,2,1
201401CP00256,2,1,0,15,0,1,0,0,0,0,3,1,6,1,35,6,-1,-1,-1,3,1
201401CP00257,1,4,0,18,0,2,0,0,0,0,3,1,6,1,26,6,125,1,4,4,1
201401CP00257,2,9,0,11,0,2,0,0,0,0,4,1,6,1,25,5,-1,-1,-1,-1,-1
201401CP00258,1,5,0,18,0,1,0,0,0,0,4,1,1,1,35,6,-1,-1,-1,-1,1
201401CP00259,1,21,0,18,0,1,0,0,0,0,3,1,1,1,34,6,-1,-1,-1,4,1
201401CP00261,1,1,0,18,0,1,0,0,0,0,2,1,6,2,45,7,-1,-1,-1,2,1
201401CP00261,2,8,0,18,0,1,0,0,0,0,1,1,1,1,49,8,1798,8,1,9,1
201401CP00262,1,11,0,18,0,1,0,0,0,0,1,1,1,1,49,8,6700,2,3,-1,1
201401CP00263,1,1,0,15,0,8,0,0,0,0,1,1,6,1,23,5,-1,-1,-1,1,1
201401CP00264,1,1,0,18,0,0,0,0,0,0,3,1,2,1,33,6,-1,-1,-1,2,1
201401CP00266,1,1,0,18,0,0,0,0,0,0,3,1,2,1,27,6,-1,-1,-1,6,1
201401CP00266,2,1,0,18,0,0,0,0,0,0,4,1,2,1,34,6,-1,-1,-1,9,1
201401CP00267,1,1,0,7,0,8,0,0,0,0,1,1,6,1,37,7,-1,-1,-1,4,1
201401CP00268,1,9,0,18,0,8,0,0,0,0,3,1,6,1,33,6,1497,8,-1,1,1
201401CP00268,2,9,0,9,0,8,0,0,0,0,1,1,6,1,26,6,2497,2,8,7,3
201401CP00269,1,9,0,9,0,8,0,0,0,0,1,1,6,1,39,7,1968,2,7,6,3
201401CP00269,2,1,0,18,0,8,0,0,0,0,1,1,1,2,32,6,-1,-1,-1,2,1
201401CP00270,1,19,0,7,0,8,0,0,0,0,4,1,1,1,40,7,-1,-1,-1,3,1
201401CP00270,2,1,0,18,0,8,0,0,0,0,3,1,2,2,31,6,-1,-1,-1,3,1
201401CP00271,1,11,0,5,0,2,0,0,0,0,0,1,1,1,49,8,6692,2,3,2,1
201401CP00271,2,20,0,11,0,2,0,0,0,0,0,1,1,1,-1,-1,-1,-1,-1,-1,-1
201401CP00272,1,9,0,9,0,8,0,0,0,0,4,1,6,2,28,6,1560,2,5,4,1
201401CP00272,2,1,0,18,0,8,0,0,0,0,3,1,2,2,26,6,-1,-1,-1,4,1
201401CP00273,1,1,0,18,0,1,0,0,0,0,1,1,6,1,53,8,-1,-1,-1,10,1
201401CP00273,2,19,0,3,0,1,0,0,0,0,2,1,6,3,-1,-1,-1,-1,-1,-1,-1
201401CP00274,1,1,0,7,0,8,0,0,0,0,1,1,6,1,35,6,-1,-1,-1,3,1
201401CP00275,1,1,0,18,0,8,0,0,0,0,1,1,6,1,38,7,-1,-1,-1,-1,-1
201401CP00275,2,9,0,9,0,8,0,0,0,0,4,1,6,1,62,9,2148,2,7,9,1
201401CP00276,1,8,0,18,0,8,0,0,0,0,4,1,1,1,66,10,2402,2,12,-1,-1
201401CP00276,2,20,0,1,0,8,0,0,0,0,2,1,1,1,38,7,-1,-1,-1,2,1
201401CP00277,1,1,0,18,0,8,0,0,0,0,1,1,2,1,35,6,-1,-1,-1,3,1
201401CP00277,2,5,0,9,0,8,0,0,0,0,4,1,6,3,-1,-1,-1,-1,-1,-1,-1
201401CP00278,1,20,0,1,0,2,0,0,0,0,2,1,1,1,30,6,-1,-1,-1,8,1
201401CP00279,1,19,0,9,0,8,0,0,0,0,4,1,1,1,53,8,2143,2,-1,10,3