Accident_Index,Vehicle_Reference,Vehicle_Type,Towing_and_Articulation,Vehicle_Manoeuvre,Vehicle_Location-Restricted_Lane,Junction_Location,Skidding_and_Overturning,Hit_Object_in_Carriageway,Vehicle_Leaving_Carriageway,Hit_Object_off_Carriageway,1st_Point_of_Impact,Was_Vehicle_Left_Hand_Drive?,Journey_Purpose_of_Driver,Sex_of_Driver,Age_of_Driver,Age_Band_of_Driver,Engine_Capacity_(CC),Propulsion_Code,Age_of_Vehicle,Driver_IMD_Decile,Driver_Home_Area_Type
201401CW10043,1,19,0,18,0,8,0,0,0,0,1,1,1,1,28,6,-1,-1,-1,9,1
201401CW10043,2,1,0,18,0,8,0,0,0,0,3,1,6,1,30,6,-1,-1,-1,6,1
201401CW10044,1,8,0,7,0,8,0,0,0,0,4,1,1,1,41,7,2499,2,7,6,1
201401CW10044,2,1,0,18,0,8,0,0,0,0,1,1,6,1,26,6,-1,-1,-1,3,1
201401CW10045,1,8,0,17,0,8,0,0,0,0,1,1,1,1,38,7,2143,2,1,3,1
201401CW10045,2,9,0,16,0,8,0,0,0,0,1,1,6,1,35,6,1781,1,14,4,1
201401CW10047,1,8,0,3,0,8,0,0,0,0,3,1,1,1,46,8,2499,2,6,3,1
201401CW10047,2,1,0,18,0,8,0,8,0,0,1,1,6,1,37,7,-1,-1,-1,7,1
201401CW10048,1,9,0,5,0,8,0,0,0,0,1,1,6,1,63,9,1560,2,2,5,1
201401CW10048,2,1,0,18,0,8,0,0,0,0,1,1,6,1,28,6,-1,-1,-1,3,1
201401CW10049,1,11,0,4,0,0,0,0,0,0,0,1,1,1,-1,-1,7300,2,10,3,1
201401CW10050,1,9,0,1,0,8,0,0,0,0,2,1,6,1,37,7,2993,2,4,-1,-1
201401CW10051,1,5,0,17,0,8,0,0,0,0,3,1,1,1,43,7,1261,1,6,-1,-1
201401CW10052,1,9,0,18,0,8,0,0,0,0,3,1,6,2,32,6,1595,1,1,4,1
201401CW10052,2,9,0,18,0,8,0,0,0,0,1,1,6,1,35,6,2143,2,5,4,1
201401CW10053,1,9,0,1,0,0,0,0,0,0,2,1,6,1,41,7,1998,1,12,-1,-1
201401CW10054,1,8,0,9,0,8,0,0,0,0,3,1,1,1,30,6,1686,2,11,3,1
201401CW10054,2,5,0,18,0,8,0,0,0,0,1,1,6,1,51,8,599,1,3,3,1
201401CW10055,1,11,0,5,0,1,0,0,0,0,0,1,1,1,50,8,4461,2,1,1,1
201401CW10056,1,19,0,9,0,2,0,0,0,0,1,1,1,1,45,7,2298,2,3,4,1
201401CW10057,1,5,0,18,2,8,0,0,0,0,3,1,1,1,50,8,-1,-1,-1,5,1
201401CW10057,2,19,0,18,0,8,0,0,0,0,3,1,1,1,34,6,1870,2,8,2,1
201401CW10058,1,8,0,9,0,8,0,0,0,0,3,1,1,1,56,9,1995,2,8,7,1
201401CW10058,2,3,0,14,0,8,0,0,0,0,1,1,6,1,22,5,125,1,5,7,1
201401CW10059,1,11,0,9,0,8,0,0,0,0,4,1,1,1,40,7,9000,2,1,-1,-1
201401CW10059,2,1,0,18,0,2,0,0,0,0,3,1,6,2,24,5,-1,-1,-1,5,1
201401CW10060,1,9,0,18,0,0,0,0,0,0,4,1,6,1,42,7,2198,1,9,-1,-1
201401CW10061,1,3,0,18,2,0,0,0,0,0,3,1,1,1,30,6,107,1,1,3,1
201401CW10061,2,9,0,11,0,0,0,0,0,0,4,1,6,1,-1,-1,1497,8,8,-1,-1
201401CW10062,1,3,0,18,0,1,0,0,0,0,3,1,6,1,35,6,125,1,7,7,1
201401CW10062,2,8,0,11,0,1,0,0,0,0,4,1,1,1,46,8,2499,2,7,1,1
201401CW10063,1,11,0,5,0,8,0,0,0,0,0,1,1,1,48,8,6700,2,4,4,1
201401CW10064,1,9,0,9,0,8,0,0,0,0,1,1,6,1,49,8,2143,2,3,5,1
201401CW10064,2,1,0,18,0,8,0,0,0,0,4,1,6,1,42,7,-1,-1,-1,7,1
201401CW10065,1,21,0,9,0,8,0,0,0,0,3,1,1,1,56,9,-1,-1,-1,8,1
201401CW10065,2,1,0,16,0,8,0,0,0,0,1,1,6,2,32,6,-1,-1,-1,3,1
201401CW10066,1,1,0,17,0,8,0,0,0,0,1,1,6,1,29,6,-1,-1,-1,5,1
201401CW10066,2,8,0,7,0,8,0,0,0,0,3,1,6,1,-1,-1,1997,2,2,-1,-1
201401CW10067,1,9,0,9,0,8,0,0,0,0,1,1,6,1,40,7,3456,8,7,4,1
201401CW10067,2,8,0,18,0,8,0,0,0,0,3,1,6,1,62,9,2499,2,6,9,2
201401CW10068,1,8,0,9,0,8,0,0,0,0,1,1,6,1,68,10,-1,-1,-1,8,3
201401CW10070,1,9,0,12,0,8,0,0,0,0,3,1,6,2,53,8,1362,1,1,7,1
201401CW10070,2,1,0,18,0,8,0,0,1,0,1,1,2,1,47,8,-1,-1,-1,4,1
201401CW10071,1,11,0,5,0,1,0,0,0,0,0,1,1,1,30,6,7300,2,11,-1,1
201401CW10072,1,9,0,9,0,2,0,0,0,0,1,1,6,3,-1,-1,-1,-1,-1,-1,-1
201401CW10073,1,90,0,5,0,8,0,0,0,0,2,1,1,1,49,8,-1,-1,-1,-1,-1
201401CW10073,2,1,0,18,0,8,0,0,0,0,4,1,6,1,55,8,-1,-1,-1,4,1
201401CW10074,1,90,0,18,0,8,0,0,0,0,4,1,1,1,-1,-1,-1,-1,-1,-1,-1
201401CW10076,1,9,0,18,0,1,0,0,0,0,2,1,1,1,-1,-1,-1,-1,-1,-1,-1
201401CW10076,2,9,0,18,0,1,0,0,0,0,1,1,6,1,38,7,1596,1,3,-1,1
201401CW10077,1,9,0,18,0,8,0,0,0,0,1,1,1,1,32,6,-1,-1,-1,5,1
201401CW10078,1,11,0,4,0,0,0,0,0,0,0,1,1,1,-1,-1,-1,-1,-1,-1,-1
201401CW10079,1,9,0,18,0,8,0,0,0,0,1,1,6,3,-1,-1,-1,-1,-1,-1,-1
201401CW10080,1,9,0,18,0,1,0,0,0,0,1,1,1,1,57,9,3456,8,2,-1,-1
201401CW10082,1,9,0,4,0,0,0,0,0,0,4,1,6,2,34,6,-1,-1,-1,3,1
201401CW10083,1,11,0,4,0,8,0,0,0,0,0,1,1,1,39,7,9000,2,7,6,1
201401CW10084,1,3,0,18,0,8,0,0,0,0,1,1,6,1,18,4,125,1,2,2,1
201401CW10084,2,8,0,9,0,8,0,0,0,0,3,1,6,1,49,8,-1,-1,-1,5,1
201401CW10086,1,9,0,7,0,8,0,0,0,0,1,1,6,1,-1,-1,-1,-1,-1,-1,-1
201401CW10088,1,1,0,18,0,8,0,0,0,0,0,1,6,1,1,1,-1,-1,-1,3,1
201401CW10089,1,8,0,18,0,1,0,0,0,0,1,1,1,1,67,10,2664,2,14,7,1
201401CW10090,1,11,0,4,0,0,0,0,0,0,4,1,1,1,46,8,9000,2,5,-1,-1
201401CW10091,1,9,0,9,0,8,0,0,0,0,3,1,6,1,18,4,2996,2,4,2,1
201401CW10091,2,3,0,18,0,8,0,0,0,0,1,1,6,1,41,7,125,1,7,3,1
201401CW10092,1,11,0,18,0,1,0,0,0,0,1,1,6,1,54,8,4500,2,2,3,1
201401CW10093,1,8,0,9,0,8,0,0,0,0,4,1,6,1,37,7,2499,2,7,3,1
201401CW10093,2,1,0,18,0,8,0,0,0,0,1,1,6,1,38,7,-1,-1,-1,3,1
201401CW10094,1,8,0,18,0,1,0,0,0,0,1,1,1,1,37,7,2987,2,5,5,1
201401CW10095,1,1,0,4,0,8,0,0,1,0,0,1,6,1,26,6,-1,-1,-1,4,1
201401CW10095,2,19,0,13,0,8,0,7,1,0,1,1,6,1,46,8,1995,2,1,3,1
201401CW10096,1,3,0,7,0,2,0,0,0,0,1,1,6,1,25,5,124,1,4,3,1
201401CW10098,1,9,0,18,0,8,0,0,0,0,1,1,6,2,30,6,1984,1,8,7,1
201401CW10098,2,8,0,9,0,8,0,0,0,0,3,1,6,1,31,6,1997,2,5,-1,-1
201401CW10099,1,9,0,18,0,8,0,0,0,0,1,1,6,1,46,8,1242,1,8,3,1
201401CW10099,2,9,0,18,0,8,1,10,7,0,1,1,6,1,22,5,1600,1,9,1,1
201401CW10100,1,11,0,18,0,2,0,0,0,0,4,1,1,1,52,8,-1,-1,-1,2,1
201401CW10101,1,2,0,4,0,1,0,0,0,0,3,1,6,2,21,5,125,1,-1,7,1
201401CW10102,1,9,0,18,0,8,0,0,0,0,3,1,1,1,19,4,1229,1,3,2,1
201401CW10102,2,3,0,5,0,8,0,0,0,0,1,1,1,1,31,6,124,1,6,7,1
201401CW10103,1,1,0,18,0,0,0,0,0,0,1,1,6,1,51,8,-1,-1,-1,1,1
201401CW10104,1,11,0,4,0,8,0,0,0,0,0,1,1,1,45,7,7300,2,10,3,1
201401CW10105,1,9,0,4,0,8,0,0,1,0,4,1,6,1,46,8,1339,1,7,7,1
201401CW10106,1,1,0,18,0,8,0,0,0,0,1,1,6,2,46,8,-1,-1,-1,5,1
201401CW10106,2,21,0,9,0,8,0,0,0,0,1,1,1,1,61,9,6370,2,6,4,1
201401CW10108,1,8,0,18,0,1,0,0,0,0,4,1,6,3,-1,-1,2499,2,7,-1,-1
201401CW10109,1,9,0,3,0,8,0,0,0,0,1,1,1,1,35,6,1798,8,1,4,1
201401CW10109,2,9,0,3,0,8,0,0,0,0,1,1,6,1,49,8,1998,1,7,1,1
201401CW10109,3,1,0,18,0,8,0,0,0,0,3,1,6,1,18,4,-1,-1,-1,3,1
201401CW10110,1,9,0,18,0,8,0,7,7,1,3,1,6,1,37,7,1998,1,4,3,1
201401CW10110,2,90,0,18,0,8,0,7,7,1,4,1,1,1,54,8,2299,2,2,2,1
201401CW10111,1,9,0,4,0,8,0,0,0,0,4,1,6,1,33,6,1968,2,8,2,1
201401CW10112,1,9,0,9,0,8,0,0,0,0,3,1,6,1,49,8,-1,-1,-1,7,1
201401CW10112,2,3,0,13,0,8,0,0,0,0,1,1,6,1,31,6,124,1,10,4,1
201401CW10114,1,9,0,9,0,8,0,0,0,0,4,1,1,1,31,6,1497,8,6,3,1
201401CW10114,2,3,0,18,0,8,0,0,0,0,1,1,6,1,26,6,49,1,4,2,1
201401CW10115,1,1,0,18,0,2,0,0,0,0,2,1,2,1,35,6,-1,-1,-1,3,1
201401CW10115,2,9,0,11,0,2,0,0,0,0,4,1,6,1,-1,-1,1968,2,7,-1,-1
201401CW10116,1,8,0,6,0,0,0,0,0,0,3,1,1,1,62,9,-1,-1,-1,6,1
201401CW10116,2,1,0,14,0,0,0,0,0,0,1,1,6,1,31,6,-1,-1,-1,-1,1
201401CW10117,1,1,0,18,0,2,0,0,0,0,3,1,6,2,28,6,-1,-1,-1,1,1
201401CW10117,2,8,0,13,0,2,0,0,0,0,4,1,1,3,-1,-1,2499,2,4,-1,-1
201401CW10119,1,9,0,18,0,8,0,0,0,0,1,1,6,1,38,7,3628,2,6,6,1
201401CW10119,2,11,0,2,0,8,0,0,0,0,2,1,6,1,31,6,4500,2,6,1,1
201401CW10120,1,1,0,7,0,8,0,0,0,0,3,1,6,1,46,8,-1,-1,-1,3,1
201401CW10120,2,9,0,17,0,8,0,0,0,0,1,1,6,1,27,6,1388,1,4,2,1
201401CW10121,1,9,0,4,0,0,0,4,0,0,1,1,6,1,52,8,1796,1,8,5,1
201401CW10121,2,9,0,2,0,0,0,4,0,0,2,1,6,3,-1,-1,-1,-1,-1,-1,-1
201401CW10122,1,9,0,18,0,2,0,0,0,0,3,1,6,1,38,7,2993,2,2,-1,-1
201401CW10122,2,11,0,18,0,2,0,0,0,0,4,1,6,3,-1,-1,12000,2,9,-1,-1
201401CW10123,1,3,0,18,0,8,0,0,0,0,3,1,6,1,34,6,-1,-1,-1,8,1
201401CW10123,2,8,0,9,0,8,0,0,0,0,0,1,1,1,-1,-1,2499,2,3,-1,-1
201401CW10125,1,1,0,18,4,0,0,0,0,0,1,1,2,1,48,8,-1,-1,-1,-1,-1
201401CW10125,2,1,0,9,0,0,0,0,0,0,1,1,6,1,24,5,-1,-1,-1,-1,-1
201401CW10126,1,19,0,1,0,0,0,0,0,0,2,1,1,1,32,6,-1,-1,-1,4,1
201401CW10127,1,11,0,4,0,2,0,0,0,0,0,1,1,1,27,6,6692,2,5,2,1
201401CW10128,1,8,0,9,0,8,0,0,0,0,4,1,1,1,52,8,2499,2,8,-1,1
201401CW10128,2,8,0,18,0,8,0,0,1,1,1,1,1,2,43,7,2499,2,7,2,1
201401CW10129,1,9,0,16,0,8,0,0,0,0,1,1,6,1,28,6,1596,1,1,-1,1
201401CW10129,2,9,0,16,0,8,0,0,0,0,2,1,6,1,55,8,1560,2,2,3,1
201401CW10130,1,1,0,16,0,2,0,0,0,0,1,1,6,1,49,8,-1,-1,-1,9,1
201401CW10133,1,4,0,18,0,0,0,0,0,0,1,1,6,1,69,10,244,1,5,4,1
201401CW10134,1,9,0,18,0,8,0,0,0,0,1,1,6,3,-1,-1,-1,-1,-1,-1,-1
201401CW10134,2,1,0,18,0,8,0,0,0,0,3,1,6,2,34,6,-1,-1,-1,2,1
201401CW10135,1,9,0,18,0,1,0,0,0,0,1,1,1,1,-1,-1,1797,8,4,8,1
201401CW10136,1,3,0,18,0,2,0,0,0,0,3,1,6,1,46,8,125,1,2,5,1
201401CW10136,2,8,0,13,0,2,0,0,0,0,4,1,6,1,34,6,2993,2,3,6,1
201401CW10137,1,9,0,18,0,0,0,0,0,0,1,1,6,1,22,5,1598,1,4,-1,-1
201401CW10138,1,8,0,9,0,8,0,0,0,0,4,1,1,1,-1,-1,-1,-1,-1,1,1
201401CW10138,2,1,0,17,0,8,0,0,0,0,1,1,2,1,-1,-1,-1,-1,-1,1,1
201401CW10139,1,8,0,18,0,1,0,0,0,0,0,1,1,3,-1,-1,2664,2,14,-1,-1
201401CW10140,1,11,0,9,0,8,0,0,0,0,1,1,1,1,44,7,9000,2,5,1,1
201401CW10141,1,1,0,18,0,8,0,0,0,0,1,1,6,2,24,5,-1,-1,-1,-1,-1
201401CW10143,1,19,0,9,0,8,0,0,0,0,4,1,1,1,44,7,-1,-1,-1,-1,-1
201401CW10143,2,5,0,18,0,8,0,0,0,0,1,1,6,1,-1,-1,-1,-1,-1,5,1
201401CW10144,1,8,0,13,0,8,0,0,0,0,4,1,1,1,60,9,-1,-1,-1,9,3
201401CW10144,2,1,0,18,0,8,0,0,0,0,3,1,1,1,38,7,-1,-1,-1,4,1
201401CW10145,1,9,0,9,4,8,0,0,0,0,1,1,1,1,37,7,1598,1,7,2,1
201401CW10145,2,1,0,18,0,8,0,0,0,0,3,1,6,1,29,6,-1,-1,-1,9,1
201401CW10146,1,8,0,5,0,8,0,0,0,0,3,1,6,1,34,6,2499,2,1,9,1
201401CW10146,2,5,0,18,0,8,0,0,0,0,1,1,6,1,48,8,598,1,13,1,1
201401CW10147,1,11,0,5,0,1,0,0,0,0,0,1,1,1,45,7,6700,2,2,-1,-1
201401CW10148,1,8,0,12,0,1,0,0,0,0,1,1,1,1,46,8,2499,2,5,2,1
201401CW10148,2,1,0,18,0,1,0,0,0,0,3,1,6,2,34,6,-1,-1,-1,3,1
201401CW10150,1,11,0,3,0,0,0,0,0,0,0,1,1,1,29,6,-1,-1,-1,4,1
201401CW10151,1,8,0,18,0,8,0,0,0,0,4,1,1,1,53,8,2499,2,3,10,1
201401CW10151,2,1,0,18,0,8,0,0,0,0,1,1,6,1,-1,-1,-1,-1,-1,-1,-1
201401CW10152,1,11,0,5,0,0,0,0,0,0,0,1,1,1,41,7,4500,2,4,1,1
201401CW10153,1,90,0,18,0,8,0,0,0,0,4,1,1,1,26,6,-1,-1,-1,4,1
201401CW10153,2,8,0,7,0,8,0,0,0,0,1,1,1,1,-1,-1,-1,-1,-1,-1,-1
201401CW10154,1,9,0,18,0,0,0,0,0,0,1,1,6,3,-1,-1,-1,-1,-1,-1,-1
201401CW10155,1,9,0,9,0,8,0,0,0,0,4,1,6,1,31,6,1896,2,11,9,1
201401CW10155,2,5,0,18,2,8,0,0,1,0,1,1,1,1,20,4,806,1,1,10,1
201401CW10156,1,9,0,16,0,0,0,0,0,0,3,1,6,1,30,6,-1,-1,-1,3,1
201401CW10156,2,9,0,16,0,0,0,0,0,0,4,1,1,1,55,8,-1,-1,-1,1,1
201401CW10157,1,4,0,18,0,1,0,0,0,0,4,1,6,1,42,7,108,1,2,-1,-1
201401CW10157,2,9,0,5,0,1,0,0,0,0,3,1,6,2,53,8,1896,2,6,3,1
201401CW10159,1,11,0,18,0,8,0,0,0,0,1,1,1,1,60,9,-1,-1,-1,-1,-1
201401CW10160,1,11,0,18,0,8,0,0,0,0,1,1,1,2,-1,-1,6700,2,3,2,1
201401CW10161,1,9,0,1,0,8,0,0,0,0,4,1,1,1,54,8,2987,2,1,-1,-1
201401CW10162,1,9,0,12,0,8,0,0,0,0,3,1,6,1,41,7,1895,1,14,2,1
201401CW10162,2,2,0,18,0,8,0,0,0,0,4,1,6,1,38,7,49,1,3,2,1
201401CW10163,1,8,0,9,0,8,0,0,0,0,3,1,1,1,44,7,1997,2,5,2,1
201401CW10163,2,20,0,9,0,8,0,0,0,0,1,1,1,1,54,8,2143,2,3,6,1
201401CW10165,1,9,0,7,0,1,0,0,0,0,4,1,2,2,43,7,1595,1,7,4,1
201401CW10165,2,1,0,18,0,1,0,0,0,0,1,1,2,2,22,5,-1,-1,-1,4,1
201401CW10166,1,9,0,9,0,8,0,0,0,0,1,1,6,1,49,8,2800,1,44,6,1
201401CW10167,1,1,0,17,0,1,0,0,0,0,3,1,6,1,33,6,-1,-1,-1,7,1
201401CW10167,2,9,0,11,0,1,0,0,0,0,4,1,6,1,-1,-1,-1,-1,-1,-1,-1
201401CW10168,1,8,0,18,0,2,0,0,0,0,1,1,1,1,43,7,2499,2,4,2,1
201401CW10169,1,8,0,7,0,8,0,0,0,0,3,1,6,1,50,8,2499,2,1,4,1
201401CW10169,2,1,0,18,0,8,0,0,0,0,1,1,6,1,30,6,-1,-1,-1,4,1
201401CW10170,1,9,0,18,0,2,0,0,0,0,3,1,6,1,26,6,-1,-1,-1,5,1
201401CW10171,1,9,0,18,0,1,0,0,0,0,4,1,1,1,34,6,-1,-1,-1,4,1
201401CW10172,1,20,0,18,0,8,0,0,0,0,1,1,1,1,41,7,-1,-1,-1,9,1
201401CW10173,1,5,0,18,0,1,0,0,0,0,3,1,6,1,49,8,1000,1,4,7,1
201401CW10173,2,9,0,18,0,1,0,0,0,0,3,1,6,1,61,9,1995,2,3,6,1
201401CW10175,1,90,0,11,0,0,0,0,0,0,2,1,1,1,39,7,9290,2,1,6,1
201401CW10175,2,1,0,18,0,0,0,0,0,0,1,1,2,1,23,5,-1,-1,-1,2,1
201401CW10176,1,3,0,18,0,2,0,0,0,0,1,1,1,1,27,6,-1,-1,-1,-1,-1
201401CW10177,1,9,0,3,0,0,0,0,0,0,3,1,1,1,47,8,1997,2,2,2,1
201401CW10177,2,1,0,14,0,0,0,8,0,0,1,1,6,1,39,7,-1,-1,-1,4,1
201401CW10179,1,4,0,13,0,1,0,0,0,0,4,1,1,1,61,9,-1,-1,-1,4,1
201401CW10179,2,1,0,18,0,1,0,0,0,0,3,1,6,1,61,9,-1,-1,-1,4,1
201401CW10180,1,3,0,18,0,2,0,0,0,0,1,1,6,1,34,6,102,1,7,3,1
201401CW10180,2,9,0,6,0,2,0,0,0,0,4,1,6,2,61,9,1298,1,9,3,1
201401CW10182,1,9,0,18,0,8,0,0,0,0,1,1,6,1,18,4,1242,1,3,-1,1
201401CW10183,1,3,0,7,0,8,0,0,0,0,1,1,2,1,24,5,125,1,10,4,1
201401CW10183,2,9,0,4,0,8,0,0,0,0,2,1,2,1,37,7,1598,1,6,9,1
201401CW10184,1,1,0,18,0,8,0,0,0,0,4,1,6,1,43,7,-1,-1,-1,10,1
201401CW10185,1,8,0,17,0,8,0,0,0,0,1,1,1,1,75,10,2664,2,14,10,1
201401CW10185,2,1,0,17,0,8,0,0,0,0,1,1,6,2,51,8,-1,-1,-1,3,1
201401CW10186,1,9,0,9,0,8,0,0,0,0,1,1,1,1,28,6,1299,1,12,8,1
201401CW10186,2,3,0,18,0,8,0,0,0,0,1,1,1,1,33,6,125,1,2,6,1
201401CW10187,1,9,0,7,0,0,0,0,0,0,4,1,2,2,79,11,2997,1,11,4,1
201401CW10188,1,9,0,2,0,1,0,0,0,0,3,1,6,1,45,7,-1,-1,-1,5,1
201401CW10188,2,1,0,18,0,1,0,0,0,0,1,1,1,1,-1,-1,-1,-1,-1,-1,-1
201401CW10189,1,9,0,3,0,1,0,0,0,0,2,1,6,1,41,7,2979,1,13,1,1
201401CW10189,2,9,0,4,0,1,0,0,0,0,1,1,6,1,42,7,1896,2,10,1,1
201401CW10191,1,9,0,2,0,0,0,0,0,0,4,1,6,1,35,6,2231,2,2,3,1
201401CW10191,2,9,0,18,0,0,0,0,0,0,1,1,6,3,-1,-1,-1,-1,-1,-1,-1
201401CW10192,1,3,0,18,0,2,0,0,0,0,3,1,6,1,31,6,-1,-1,-1,3,1
201401CW10193,1,11,0,18,0,2,0,0,0,0,4,1,1,1,33,6,4500,2,2,3,1
201401CW10194,1,9,0,18,0,1,0,0,0,0,3,1,6,1,22,5,1360,1,11,-1,1
201401CW10194,2,19,0,13,0,1,0,0,0,0,4,1,6,3,-1,-1,-1,-1,-1,-1,-1
201401CW10195,1,8,0,5,0,1,0,0,0,0,4,1,1,1,31,6,1598,1,9,5,1
201401CW10197,1,9,0,3,0,1,0,0,0,0,2,1,6,1,38,7,2179,2,2,3,1
201401CW10197,2,3,0,18,0,1,0,0,0,0,1,1,6,1,43,7,125,1,5,7,1
201401CW10198,1,1,0,18,0,1,0,0,0,0,0,1,6,1,30,6,-1,-1,-1,6,1
201401CW10200,1,9,0,16,0,8,0,0,0,0,1,1,1,1,43,7,3222,2,11,2,1
201401CW10200,2,8,0,18,0,8,0,0,0,0,3,1,1,1,54,8,-1,-1,-1,7,1
201401CW10201,1,8,0,4,0,8,0,0,0,0,3,1,1,1,51,8,2499,2,7,7,1
201401CW10201,2,9,0,9,0,8,0,0,0,0,1,1,6,1,-1,-1,1896,2,10,-1,-1
201401CW10203,1,4,0,9,0,8,0,0,0,0,4,1,6,1,47,8,-1,-1,-1,3,1
201401CW10203,2,1,0,18,0,8,0,0,0,0,1,1,6,1,23,5,-1,-1,-1,1,1
201401CW10204,1,11,0,18,0,8,0,0,0,0,1,1,1,1,59,9,7300,2,13,-1,-1
201401CW10205,1,21,0,3,0,1,0,0,0,0,2,1,1,1,39,7,3920,2,5,5,1
201401CW10205,2,1,0,5,0,1,0,0,0,0,1,1,6,1,59,9,-1,-1,-1,4,1
201401CW10206,1,8,0,9,0,8,0,0,0,0,1,1,1,1,50,8,1791,8,2,3,1
201401CW10207,1,1,0,17,0,8,0,0,0,0,1,1,6,1,51,8,-1,-1,-1,10,2
201401CW10207,2,9,0,7,0,8,0,0,0,0,4,1,6,1,68,10,1339,1,8,10,1
201401CW10208,1,9,0,18,0,8,0,0,0,0,1,1,6,3,-1,-1,-1,-1,-1,-1,-1
201401CW10209,1,9,0,3,0,1,0,0,0,0,2,1,1,1,61,9,4600,1,15,6,1
201401CW10209,2,1,0,18,0,1,0,0,0,0,1,1,6,1,22,5,-1,-1,-1,-1,-1
201401CW10210,1,8,0,18,0,1,0,0,0,0,1,1,1,1,33,6,2499,2,7,10,1
201401CW10210,2,1,0,4,0,1,0,0,0,0,2,1,1,1,32,6,-1,-1,-1,-1,-1
201401CW10211,1,1,0,18,0,1,0,0,0,0,1,1,6,2,40,7,-1,-1,-1,-1,1
201401CW10212,1,5,0,7,0,8,0,0,0,0,4,1,1,1,47,8,-1,-1,-1,5,1
201401CW10213,1,8,0,18,0,8,0,0,0,0,0,1,6,1,51,8,2499,2,2,4,1
201401CW10213,2,2,0,18,0,8,0,0,0,0,0,1,6,1,40,7,49,1,6,5,1
201401CW10214,1,5,0,18,0,0,0,0,0,0,3,1,6,1,49,8,955,1,12,10,1
201401CW10216,1,8,0,3,0,0,0,0,0,0,1,1,1,1,38,7,2499,2,7,6,3
201401CW10216,2,19,0,1,0,0,0,0,0,0,2,1,6,1,-1,-1,2198,2,1,-1,-1
201401CW10218,1,8,0,1,0,0,0,0,0,0,2,1,1,1,-1,-1,-1,-1,-1,-1,-1
201401CW10219,1,9,0,3,0,1,0,0,0,0,2,1,6,2,46,8,1560,2,7,5,1
201401CW10219,2,9,0,5,0,1,0,0,0,0,1,1,6,3,-1,-1,-1,-1,-1,-1,-1
201401CW10220,1,9,0,9,0,8,0,0,0,0,4,1,6,2,83,11,1998,1,12,7,1
201401CW10220,2,1,0,17,0,8,0,0,0,0,1,1,6,1,33,6,-1,-1,-1,8,1
201401CW10222,1,8,0,18,3,0,0,0,0,0,1,1,6,1,54,8,2446,2,14,3,1
201401CW10223,1,19,0,9,0,8,0,0,0,0,1,1,1,1,43,7,-1,-1,-1,9,1
201401CW10223,2,1,0,18,0,8,0,0,0,0,1,1,4,1,19,4,-1,-1,-1,5,1
201401CW10224,1,9,0,11,0,0,0,0,0,0,4,1,6,1,41,7,1390,1,17,3,1
201401CW10224,2,5,0,18,0,0,0,10,0,0,1,1,6,1,36,7,599,1,17,7,1
201401CW10225,1,9,0,9,0,8,0,0,0,0,3,1,1,1,30,6,2143,12,1,-1,-1
201401CW10225,2,3,0,17,0,8,0,0,0,0,1,1,1,1,38,7,125,1,3,3,1
201401CW10226,1,9,0,18,0,1,0,0,0,0,1,1,6,1,37,7,1242,1,11,2,1
201401CW10227,1,11,0,9,0,8,0,0,1,0,4,1,1,1,45,7,6692,2,4,6,1
201401CW10227,2,1,0,18,0,8,0,0,0,0,1,1,1,1,23,5,-1,-1,-1,6,1
201401CW10228,1,8,0,18,0,2,0,0,0,0,1,1,1,1,33,6,2499,2,1,-1,-1
201401CW10231,1,8,0,18,0,8,0,0,0,0,3,1,1,1,45,7,2402,2,9,4,1
201401CW10231,2,8,0,6,0,8,0,0,0,0,1,1,6,1,22,5,-1,-1,-1,3,1
201401CW10232,1,9,0,18,0,1,0,0,0,0,1,1,6,3,-1,-1,5461,1,1,-1,-1
201401CW10232,2,1,0,18,0,1,0,0,0,0,2,1,1,1,21,5,-1,-1,-1,1,1
201401CW10233,1,19,0,9,0,2,0,0,0,0,1,1,1,1,30,6,-1,-1,-1,2,1
201401CW10235,1,9,0,14,0,1,0,0,0,0,4,1,6,1,42,7,2926,2,12,4,1
201401CW10236,1,9,0,18,0,8,0,10,1,0,3,1,6,2,35,6,1598,1,12,-1,1
201401CW10236,2,11,0,17,0,8,0,0,0,0,1,1,1,1,60,9,4500,2,2,1,1
201401CW10237,1,5,0,18,0,1,0,0,0,0,1,1,6,1,44,7,599,1,15,4,1
201401CW10237,2,19,0,7,0,1,0,0,0,0,4,1,6,1,-1,-1,1968,2,3,-1,-1
201401CW10238,1,8,0,5,0,0,0,0,0,0,1,1,1,1,53,8,-1,-1,-1,4,1
201401CW10238,2,1,0,13,0,0,0,0,0,0,2,1,2,1,30,6,-1,-1,-1,4,1
201401CW10241,1,5,0,15,0,8,0,0,0,0,1,1,1,1,42,7,-1,-1,-1,9,1
201401CW10241,2,8,0,3,0,8,0,0,0,0,4,1,1,1,-1,-1,2499,2,6,-1,-1
201401CW10242,1,4,0,18,2,0,0,0,0,0,1,1,6,1,28,6,499,1,5,1,1
201401CW10243,1,2,0,4,0,8,0,0,0,0,0,1,6,1,38,7,-1,-1,-1,6,1
201401CW10243,2,8,0,6,0,8,0,0,0,0,0,1,6,3,-1,-1,-1,-1,-1,-1,-1
201401CW10245,1,90,0,18,0,1,0,0,0,0,3,1,6,1,37,7,-1,-1,-1,5,1
201401CW10245,2,9,0,18,0,1,0,0,0,0,4,1,6,3,-1,-1,1984,2,3,-1,-1
201401CW10246,1,9,0,5,0,1,0,0,0,0,4,1,1,1,44,7,2987,2,3,1,1
201401CW10246,2,21,1,5,0,1,0,0,0,0,3,1,1,1,60,9,-1,-1,-1,-1,-1
201401CW10247,1,9,0,18,0,1,0,0,0,0,4,1,6,1,44,7,2171,1,11,4,1
201401CW10248,1,3,0,18,0,8,0,0,0,0,3,1,1,1,47,8,124,1,10,-1,-1
201401CW10248,2,19,0,9,0,8,0,0,0,0,1,1,1,1,53,8,1461,2,7,-1,-1