Accident_Index,Vehicle_Reference,Vehicle_Type,Towing_and_Articulation,Vehicle_Manoeuvre,Vehicle_Location-Restricted_Lane,Junction_Location,Skidding_and_Overturning,Hit_Object_in_Carriageway,Vehicle_Leaving_Carriageway,Hit_Object_off_Carriageway,1st_Point_of_Impact,Was_Vehicle_Left_Hand_Drive?,Journey_Purpose_of_Driver,Sex_of_Driver,Age_of_Driver,Age_Band_of_Driver,Engine_Capacity_(CC),Propulsion_Code,Age_of_Vehicle,Driver_IMD_Decile,Driver_Home_Area_Type
201401CW10251,1,9,0,9,0,8,0,0,0,0,1,1,6,2,39,7,1896,2,9,5,1
201401CW10251,2,9,0,9,0,8,0,0,0,0,1,1,1,1,50,8,2998,1,14,8,1
201401CW10251,3,1,0,18,0,8,0,0,0,0,2,1,1,1,27,6,-1,-1,-1,6,1
201401CW10252,1,1,0,18,0,0,0,0,0,0,1,1,1,1,28,6,-1,-1,-1,3,1
201401CW10253,1,9,0,17,0,8,0,0,0,0,1,1,1,1,27,6,1798,8,1,7,1
201401CW10253,2,1,0,10,0,8,0,0,0,0,3,1,2,1,51,8,-1,-1,-1,4,1
201401CW10254,1,9,0,2,0,0,0,0,0,0,2,1,6,3,-1,-1,-1,-1,-1,-1,-1
201401CW10254,2,1,0,18,0,0,0,4,0,0,1,1,6,1,29,6,-1,-1,-1,-1,1
201401CW10256,1,20,0,7,0,8,0,2,0,0,4,1,6,3,-1,-1,-1,-1,-1,-1,-1
201401CW10257,1,9,0,9,0,2,0,0,0,0,3,1,6,3,-1,-1,-1,-1,-1,-1,-1
201401CW10258,1,19,0,7,0,1,0,0,0,0,4,1,1,1,43,7,2464,2,6,-1,-1
201401CW10258,2,5,0,18,0,1,0,0,0,0,1,1,1,1,27,6,249,1,9,1,1
201401CW10259,1,11,0,3,0,1,0,0,0,0,0,1,1,1,57,9,-1,-1,-1,4,1
201401CW10260,1,9,0,18,0,8,0,0,0,0,1,1,2,1,32,6,1598,1,2,3,1
201401CW10260,2,9,0,18,0,8,0,0,0,0,4,1,2,1,39,7,1995,2,1,5,1
201401CW10261,1,8,0,2,0,0,0,0,0,0,3,1,1,1,49,8,2499,2,7,4,1
201401CW10261,2,9,0,14,0,0,0,4,0,0,4,1,2,2,59,9,1598,2,3,10,2
201401CW10263,1,2,0,18,0,1,0,0,0,0,1,1,1,1,34,6,49,1,3,-1,1
201401CW10263,2,9,0,4,0,1,0,0,0,0,2,1,6,3,-1,-1,-1,-1,-1,-1,-1
201401CW10264,1,9,0,13,0,2,0,0,0,0,1,1,6,2,-1,-1,1595,1,14,3,1
201401CW10264,2,8,0,18,0,1,0,0,0,0,1,1,6,1,38,7,1798,8,1,2,1
201401CW10265,1,11,0,18,0,0,0,0,0,0,0,1,1,1,54,8,7300,2,10,5,1
201401CW10266,1,11,0,4,0,0,0,0,0,0,0,1,1,2,40,7,-1,-1,-1,5,1
201401CW10267,1,9,0,7,0,2,0,0,0,0,1,1,6,1,23,5,1984,1,6,1,1
201401CW10268,1,4,0,18,0,8,0,0,0,0,3,1,6,1,53,8,1202,1,3,4,1
201401CW10268,2,9,0,7,0,8,0,0,0,0,3,1,6,1,36,7,1598,1,10,3,1
201401CW10269,1,1,0,18,0,0,0,0,0,0,4,1,6,1,45,7,-1,-1,-1,-1,1
201401CW10269,2,9,0,13,0,0,0,0,0,0,0,1,6,3,-1,-1,-1,-1,-1,-1,-1
201401CW10270,1,9,0,18,0,0,0,10,1,0,4,1,6,1,-1,-1,2993,2,1,-1,-1
201401CW10271,1,1,0,18,0,1,0,0,0,0,3,1,6,1,32,6,-1,-1,-1,6,1
201401CW10271,2,9,0,18,0,1,0,0,0,0,0,1,6,3,-1,-1,-1,-1,-1,-1,-1
201401CW10272,1,9,0,18,0,0,0,0,0,0,4,1,6,3,-1,-1,-1,-1,-1,-1,-1
201401CW10273,1,8,0,18,0,0,0,0,0,0,1,1,6,1,-1,-1,2148,2,5,-1,-1
201401CW10274,1,3,0,3,0,2,0,0,0,0,1,1,6,1,51,8,125,1,6,4,1
201401CW10274,2,19,0,1,0,2,0,0,0,0,2,1,6,1,46,8,2148,2,7,2,1
201401CW10275,1,1,0,18,0,0,0,0,0,0,3,1,1,1,56,9,-1,-1,-1,9,1
201401CW10275,2,19,0,18,0,0,0,0,0,0,4,1,6,1,-1,-1,-1,-1,-1,9,1
201401CW10275,3,20,0,18,0,0,0,0,0,0,4,1,1,1,41,7,9200,2,3,4,1
201401CW10276,1,11,0,18,0,1,0,0,0,0,1,1,1,3,-1,-1,-1,-1,-1,-1,-1
201401CW10276,2,19,0,18,0,8,0,0,0,0,2,1,6,3,-1,-1,-1,-1,-1,-1,-1
201401CW10277,1,1,0,9,0,8,0,0,0,0,4,1,2,1,26,6,-1,-1,-1,3,1
201401CW10277,2,9,0,18,0,1,0,0,0,0,1,1,6,3,-1,-1,-1,-1,-1,-1,-1
201401CW10278,1,8,0,3,0,0,0,0,0,0,1,1,1,1,58,9,2446,2,12,5,1
201401CW10278,2,8,0,1,0,0,0,0,0,0,2,1,1,1,72,10,1997,2,6,2,1
201401CW10279,1,19,0,9,0,2,0,0,0,0,1,1,1,1,40,7,2148,2,7,10,1
201401CW10280,1,1,0,18,0,1,0,0,0,0,1,1,6,1,54,8,-1,-1,-1,5,1
201401CW10280,2,9,0,2,0,1,0,0,0,0,3,1,6,3,-1,-1,-1,-1,-1,-1,-1
201401CW10280,3,5,0,18,0,1,0,0,0,0,1,1,6,3,-1,-1,-1,-1,-1,-1,-1
201401CW10283,1,3,0,4,0,1,0,0,0,0,4,1,2,1,23,5,124,1,2,5,1
201401CW10284,1,9,0,7,0,1,0,0,0,0,4,1,6,1,-1,-1,-1,-1,-1,-1,-1
201401CW10284,2,1,0,15,0,1,0,0,0,0,3,1,6,1,31,6,-1,-1,-1,4,1
201401CW10285,1,20,0,7,0,2,0,0,0,0,4,1,6,1,36,7,10837,2,4,-1,-1
201401CW10285,2,11,0,7,0,2,0,0,0,0,3,1,1,1,51,8,6700,2,2,2,1
201401CW10285,3,1,0,7,0,2,0,0,0,0,0,1,6,1,29,6,-1,-1,-1,2,1
201401CW10286,1,9,0,7,0,8,0,0,0,0,4,1,6,1,58,9,-1,-1,-1,2,1
201401CW10286,2,1,0,17,0,8,0,0,0,0,1,1,6,1,43,7,-1,-1,-1,4,1
201401CW10287,1,9,0,6,0,0,0,0,0,0,3,1,3,1,44,7,1598,1,9,2,1
201401CW10287,2,1,0,18,0,0,0,0,0,0,4,1,6,1,39,7,-1,-1,-1,6,1
201401CW10288,1,9,0,18,0,8,0,0,0,0,1,1,6,1,50,8,-1,-1,-1,6,1
201401CW10289,1,9,0,6,0,1,0,0,0,0,3,1,6,2,22,5,1598,1,3,2,1
201401CW10289,2,3,0,13,0,1,0,0,0,0,1,1,6,1,29,6,124,1,9,1,1
201401CW10290,1,19,0,3,0,2,0,0,0,0,2,1,1,1,38,7,1248,2,7,4,1
201401CW10290,2,1,0,18,0,2,0,0,0,0,1,1,1,1,32,6,-1,-1,-1,5,1
201401CW10291,1,9,0,3,0,8,0,0,0,0,2,1,6,1,45,7,1598,1,10,1,1
201401CW10291,2,9,0,18,0,8,0,0,0,0,1,1,6,1,-1,-1,2148,2,4,-1,1
201401CW10295,1,1,0,18,0,0,0,0,0,0,1,1,6,1,36,7,-1,-1,-1,1,1
201401CW10296,1,9,0,9,0,2,0,0,0,0,1,1,2,1,25,5,1998,1,13,5,1
201401CW10298,1,20,0,2,0,1,0,0,0,0,3,1,1,1,55,8,3920,2,7,2,1
201401CW10298,2,4,0,18,0,1,1,8,0,0,1,1,1,1,33,6,279,1,4,2,1
201401CW10299,1,5,0,14,0,0,0,0,0,0,1,1,6,3,-1,-1,-1,-1,-1,-1,-1
201401CW10300,1,11,0,18,0,8,0,0,0,0,0,1,1,2,49,8,4461,2,-1,1,1
201401CW10301,1,1,0,13,0,2,0,0,0,0,3,1,1,2,29,6,-1,-1,-1,5,1
201401CW10301,2,1,0,18,0,2,0,0,0,0,3,1,6,2,-1,-1,-1,-1,-1,-1,-1
201401CW10301,3,9,0,13,0,2,0,0,0,0,4,1,6,3,-1,-1,-1,-1,-1,-1,-1
201401CW10302,1,11,0,18,0,0,0,0,0,0,1,1,1,1,32,6,4500,2,3,7,1
201401CW10303,1,21,0,5,0,1,0,0,0,0,1,1,1,1,30,6,11967,2,4,5,1
201401CW10303,2,5,0,5,0,1,0,0,0,0,2,1,1,1,44,7,1170,1,2,9,1
201401CW10304,1,11,0,18,0,1,0,0,0,0,4,1,1,1,53,8,4461,2,1,2,1
201401CW10304,2,1,0,12,0,1,0,0,0,0,3,1,6,2,23,5,-1,-1,-1,5,1
201401CW10306,1,1,0,18,0,8,0,0,0,0,4,1,6,1,43,7,-1,-1,-1,7,1
201401CW10306,2,9,0,18,0,8,0,0,0,0,1,1,6,1,-1,-1,3997,2,7,-1,-1
201401CW10310,1,11,0,11,0,8,0,10,0,0,4,1,1,1,-1,-1,4760,2,2,5,1
201401CW10311,1,1,0,14,0,0,0,8,0,0,1,1,1,1,33,6,-1,-1,-1,7,1
201401CW10311,2,9,0,2,0,0,0,0,0,0,3,1,6,3,-1,-1,-1,-1,-1,-1,-1
201401CW10312,1,19,0,18,0,1,0,0,0,0,4,1,1,1,23,5,2402,2,7,6,1
201401CW10313,1,9,0,7,0,1,0,0,0,0,4,1,2,1,29,6,-1,-1,-1,1,1
201401CW10313,2,1,0,18,0,1,0,0,0,0,1,1,6,1,33,6,-1,-1,-1,2,1
201401CW10314,1,11,0,18,0,1,0,0,0,0,4,1,1,3,-1,-1,9000,2,4,-1,-1
201401CW10315,1,9,0,18,0,8,0,0,0,0,3,1,6,1,40,7,1995,2,2,2,1
201401CW10315,2,9,0,9,0,8,0,0,0,0,1,1,6,2,25,5,1796,1,6,8,1
201401CW10317,1,8,0,18,0,8,0,0,0,0,3,1,1,1,45,7,1598,1,6,6,1
201401CW10317,2,3,0,13,0,8,0,0,0,0,4,1,1,1,24,5,-1,-1,-1,3,1
201401CW10317,3,9,0,4,0,1,0,0,0,0,0,2,6,1,41,7,-1,-1,-1,4,1
201401CW10318,1,19,0,5,0,0,0,0,0,0,0,1,1,1,-1,-1,-1,-1,-1,-1,-1
201401CW10319,1,8,0,9,0,8,0,0,0,0,4,1,1,1,51,8,2664,2,15,6,1
201401CW10319,2,3,0,18,0,8,0,0,0,0,1,1,6,1,33,6,124,1,12,6,1
201401CW10321,1,11,0,7,0,2,0,0,0,0,1,1,1,1,50,8,6370,2,5,-1,1
201401CW10322,1,9,0,1,0,2,0,0,0,0,1,1,6,3,-1,-1,-1,-1,-1,-1,-1
201401CW10323,1,3,0,4,0,1,0,0,0,0,3,1,2,1,44,7,125,1,-1,2,1
201401CW10323,2,19,0,7,0,1,0,0,0,0,4,1,1,1,21,5,2402,2,8,-1,-1
201401CW10324,1,11,0,18,0,1,0,0,0,0,4,1,1,1,71,10,9360,2,4,3,1
201401CW10325,1,8,0,17,0,8,0,0,0,0,1,1,1,1,46,8,2499,2,4,2,1
201401CW10326,1,9,0,9,0,1,0,0,0,0,3,1,6,1,61,9,1198,1,6,10,1
201401CW10326,2,3,0,13,0,1,0,0,0,0,4,1,6,1,39,7,124,1,11,7,1
201401CW10327,1,8,0,5,0,1,0,0,0,0,1,1,1,1,60,9,1753,2,5,10,1
201401CW10327,2,9,0,7,0,1,0,0,0,0,2,1,1,1,53,8,1753,2,5,-1,1
201401CW10328,1,9,0,18,0,8,0,0,0,0,1,1,6,1,21,5,-1,-1,-1,9,1
201401CW10328,2,9,0,9,0,8,0,7,0,0,1,1,6,1,19,4,-1,-1,-1,-1,-1
201401CW10329,1,8,0,9,0,8,0,0,0,0,1,1,2,1,32,6,1797,8,4,-1,1
201401CW10329,2,1,0,5,0,8,0,0,0,0,1,1,6,2,34,6,-1,-1,-1,-1,-1
201401CW10330,1,9,0,18,0,0,0,8,0,0,4,1,6,2,59,9,-1,-1,-1,8,1
201401CW10330,2,9,0,2,0,0,0,0,0,0,3,1,6,1,-1,-1,1968,2,-1,4,1
201401CW10331,1,11,0,18,0,1,0,0,0,0,1,1,1,1,56,9,6700,2,4,3,1
201401CW10331,2,1,0,4,0,1,0,0,0,0,2,1,6,1,44,7,-1,-1,-1,7,1
201401CW10332,1,19,0,9,0,1,0,0,0,0,3,1,1,1,27,6,2143,2,1,4,1
201401CW10332,2,4,0,13,0,1,0,0,0,0,1,1,1,1,45,7,278,1,4,4,1
201401CW10334,1,9,0,18,0,8,0,0,0,0,1,1,1,1,45,7,-1,-1,-1,1,1
201401CW10334,2,9,0,18,0,1,0,0,0,0,3,1,1,1,43,7,1798,8,2,1,1
201401CW10335,1,5,0,11,0,1,0,0,0,0,2,1,6,1,-1,-1,-1,-1,-1,-1,-1
201401CW10335,2,19,0,7,0,1,0,0,0,0,1,1,6,1,33,6,1997,2,2,6,1
201401CW10337,1,11,0,18,0,1,0,0,0,0,1,1,1,2,62,9,4500,2,4,2,1
201401CW10338,1,9,0,12,0,0,0,0,0,0,2,1,6,1,24,5,1124,1,12,3,1
201401CW10338,2,9,0,18,0,0,0,0,0,0,1,1,6,1,23,5,1388,1,11,8,1
201401CW10339,1,9,0,18,0,8,0,0,0,0,1,1,2,1,37,7,1995,1,10,-1,1
201401CW10339,2,3,0,11,0,8,0,0,0,0,2,1,1,1,35,6,125,1,1,2,1
201401CW10340,1,9,0,18,0,8,0,0,0,0,1,1,6,1,37,7,1781,1,13,1,1
201401CW10340,2,9,0,9,0,8,0,0,0,0,1,1,6,1,54,8,1968,2,5,-1,-1
201401CW10341,1,19,0,18,0,1,0,0,0,0,1,1,6,2,23,5,2198,2,3,2,1
201401CW10342,1,5,0,4,0,1,0,0,0,0,3,1,2,1,47,8,790,1,12,2,1
201401CW10342,2,11,0,11,0,1,0,0,0,0,4,1,1,1,-1,-1,-1,-1,-1,-1,-1
201401CW10343,1,9,0,4,0,1,0,0,0,0,2,1,6,2,49,8,1598,1,13,3,1
201401CW10343,2,9,0,18,0,1,0,0,0,0,1,1,6,1,-1,-1,1995,1,9,-1,-1
201401CW10345,1,9,0,5,0,1,0,0,0,0,1,1,1,1,49,8,2401,2,9,6,1
201401CW10345,2,1,0,18,0,8,0,0,0,0,4,1,1,2,37,7,-1,-1,-1,3,1
201401CW10346,1,9,0,7,0,1,0,0,0,0,4,1,2,1,53,8,1896,2,11,6,2
201401CW10346,2,1,0,18,0,1,0,0,0,0,1,1,1,2,55,8,-1,-1,-1,4,1
201401CW10348,1,11,0,18,0,2,0,0,0,0,0,1,1,1,43,7,7300,2,8,2,1
201401CW10349,1,9,0,18,0,1,0,0,0,0,1,1,6,2,-1,-1,1461,2,4,4,1
201401CW10349,2,1,0,18,0,1,0,0,0,0,2,1,6,1,29,6,-1,-1,-1,-1,1
201401CW10350,1,11,0,18,0,0,0,0,0,0,1,1,1,1,-1,-1,4461,2,1,6,1
201401CW10350,2,9,0,18,0,0,0,0,0,0,1,1,6,1,-1,-1,1497,8,-1,-1,-1
201401CW10351,1,1,0,18,0,0,0,0,0,0,1,1,2,2,24,5,-1,-1,-1,4,1
201401CW10351,2,9,0,4,0,0,0,0,0,0,2,1,6,1,64,9,-1,-1,-1,5,1
201401CW10352,1,9,0,18,0,0,0,0,0,0,4,1,6,1,-1,-1,-1,-1,-1,8,1
201401CW10352,2,1,0,18,0,0,0,8,0,0,1,1,2,1,40,7,-1,-1,-1,6,1
201401CW10353,1,1,0,13,0,0,0,0,0,0,4,1,6,1,47,8,-1,-1,-1,1,1
201401CW10353,2,9,0,6,0,0,0,0,0,0,3,1,6,1,55,8,1997,2,2,1,1
201401CW10354,1,9,0,9,0,8,0,0,0,0,1,1,1,1,27,6,1910,2,4,3,1
201401CW10354,2,1,0,18,0,8,0,0,0,0,3,1,1,1,49,8,-1,-1,-1,3,1
201401CW10355,1,9,0,4,0,0,0,0,0,0,2,1,6,1,41,7,2184,2,10,2,1
201401CW10355,2,9,0,4,0,0,0,0,0,0,2,1,6,1,43,7,3628,2,7,2,1
201401CW10355,3,9,0,18,0,0,0,0,0,0,1,1,6,3,-1,-1,-1,-1,-1,-1,-1
201401CW10356,1,9,0,12,0,1,0,0,0,0,3,1,2,1,49,8,1668,1,13,5,1
201401CW10356,2,1,0,18,0,1,0,0,0,0,4,1,6,1,31,6,-1,-1,-1,3,1
201401CW10357,1,9,0,5,0,0,0,0,0,0,2,1,6,1,37,7,1598,2,1,-1,-1
201401CW10357,2,9,0,5,0,0,0,0,0,0,1,1,6,1,-1,-1,1998,1,11,-1,-1
201401CW10358,1,8,0,18,0,8,0,0,0,0,4,1,1,1,27,6,2179,2,5,2,1
201401CW10358,2,9,0,7,0,8,0,0,0,0,1,1,6,1,-1,-1,1984,1,4,-1,-1
201401CW10360,1,1,0,18,0,1,0,0,0,0,3,1,6,2,35,6,-1,-1,-1,7,1
201401CW10360,2,9,0,18,0,1,0,0,0,0,4,1,6,3,-1,-1,-1,-1,-1,-1,-1
201401CW10361,1,9,0,13,0,2,0,0,0,0,4,1,6,1,-1,-1,3498,8,1,-1,-1
201401CW10363,1,11,0,18,0,1,0,0,0,0,0,1,1,1,51,8,4500,2,2,6,1
201401CW10364,1,9,0,9,0,2,0,0,0,0,0,1,6,2,39,7,3499,1,35,5,1
201401CW10364,2,3,0,18,0,1,0,0,0,0,3,1,6,1,19,4,125,1,4,-1,1
201401CW10365,1,8,0,9,0,1,0,0,0,0,1,1,1,1,46,8,1497,8,7,4,1
201401CW10366,1,3,0,18,0,2,0,0,0,0,1,1,6,1,22,5,125,1,6,3,1
201401CW10366,2,9,0,6,0,1,0,0,0,0,3,1,6,1,32,6,1597,1,4,-1,1
201401CW10367,1,9,0,18,0,8,0,0,0,0,1,1,6,1,32,6,1598,1,16,2,1
201401CW10367,2,2,0,9,0,8,0,0,0,0,3,1,6,2,36,7,108,1,4,3,1
201401CW10368,1,1,0,18,0,1,0,0,0,0,1,1,6,3,-1,-1,-1,-1,-1,-1,-1
201401CW10369,1,9,0,9,0,8,0,0,0,0,1,1,6,1,23,5,1399,2,9,-1,-1
201401CW10369,2,1,0,18,0,8,0,0,0,0,1,1,6,1,20,4,-1,-1,-1,5,1
201401CW10370,1,8,0,18,0,1,0,0,0,0,4,1,1,1,68,10,-1,-1,-1,3,1
201401CW10371,1,9,0,18,0,0,0,0,0,0,4,1,6,3,-1,-1,-1,-1,-1,-1,-1
201401CW10372,1,8,0,9,0,8,0,0,0,0,1,1,1,3,-1,-1,-1,-1,-1,-1,-1
201401CW10373,1,9,0,18,0,8,0,0,0,0,3,1,6,1,35,6,2149,2,7,2,1
201401CW10374,1,8,0,18,0,8,0,0,0,0,3,1,1,1,30,6,1997,2,3,7,1
201401CW10375,1,9,0,9,0,2,0,0,0,0,1,1,6,1,22,5,1596,1,2,-1,1
201401CW10376,1,1,0,4,0,2,0,0,0,0,1,1,6,1,32,6,-1,-1,-1,2,1
201401CW10376,2,19,0,18,0,8,0,0,0,0,2,1,1,1,36,7,-1,-1,-1,4,1
201401CW10378,1,5,0,18,0,8,0,0,0,0,1,1,6,1,50,8,647,1,19,4,1
201401CW10379,1,8,0,18,0,8,0,0,0,0,1,1,1,1,51,8,2664,2,13,3,1
201401CW10380,1,11,0,4,0,8,0,0,0,0,0,1,1,1,61,9,6700,2,4,6,1
201401CW10381,1,2,0,4,0,8,0,0,0,0,1,1,6,1,20,4,49,1,14,-1,-1
201401CW10382,1,8,0,9,0,8,0,0,0,0,1,1,1,1,55,8,2148,2,8,3,1
201401CW10383,1,1,0,9,0,8,0,0,0,0,1,1,6,1,38,7,-1,-1,-1,7,1
201401CW10383,2,1,0,18,0,8,0,0,0,0,3,1,6,1,28,6,-1,-1,-1,4,1
201401CW10385,1,19,0,9,0,8,0,0,0,0,1,1,1,1,19,4,1868,2,11,2,1
201401CW10385,2,1,0,18,0,8,0,0,0,0,1,1,6,1,30,6,-1,-1,-1,2,1
201401CW10386,1,8,0,9,0,8,0,0,0,0,3,1,1,1,53,8,2402,2,9,5,1
201401CW10386,2,1,0,18,0,8,0,0,0,0,1,1,6,1,46,8,-1,-1,-1,10,1
201401CW10387,1,8,0,7,0,8,0,0,0,0,4,1,1,1,60,9,2499,2,7,9,1
201401CW10387,2,9,0,18,0,8,0,0,0,0,1,1,1,1,60,9,-1,-1,-1,-1,-1
201401CW10388,1,8,0,18,0,8,0,0,0,0,1,1,1,1,45,7,2664,2,16,9,1
201401CW10388,2,8,0,18,0,8,0,0,0,0,4,1,1,1,53,8,2664,2,15,3,1
201401CW10389,1,9,0,12,0,0,0,0,0,0,1,1,6,1,38,7,2429,1,8,4,1
201401CW10389,2,9,0,18,0,0,0,0,0,0,4,1,6,1,37,7,2698,2,8,6,1
201401CW10390,1,19,0,18,0,8,0,0,0,0,1,1,6,1,-1,-1,1896,2,5,-1,-1
201401CW10390,2,9,0,18,0,8,0,0,0,0,1,1,6,2,56,9,1781,1,13,2,1
201401CW10390,3,9,0,10,0,8,0,0,0,0,1,1,6,1,26,6,1796,1,3,7,1
201401CW10390,4,9,0,3,0,8,0,0,0,0,1,1,6,1,30,6,1368,1,1,8,1
201401CW10390,5,19,0,3,0,1,0,0,0,0,2,1,6,1,-1,-1,-1,-1,-1,-1,-1
201401CW10391,1,8,0,7,0,8,0,0,0,0,2,1,1,1,42,7,2148,2,8,7,1
201401CW10391,2,3,0,7,0,8,0,0,0,0,1,1,6,1,34,6,125,1,6,4,1
201401CW10392,1,8,0,18,0,8,0,0,0,0,1,1,6,1,35,6,2499,2,5,6,3
201401CW10393,1,5,0,7,0,0,0,0,0,0,4,1,6,1,31,6,-1,-1,-1,-1,-1
201401CW10393,2,11,0,17,0,0,0,0,0,0,1,1,1,1,30,6,6700,2,5,2,1
201401CW10394,1,8,0,18,0,8,0,0,0,0,1,1,1,1,71,10,2664,2,15,-1,-1
201401CW10395,1,9,0,18,0,8,0,0,0,0,1,1,6,2,58,9,1998,1,8,8,3
201401CW10400,1,8,0,8,0,1,0,0,0,0,2,1,1,1,38,7,1968,2,6,10,1
201401CW10400,2,9,0,4,0,1,0,0,0,0,1,1,6,1,47,8,2597,1,13,2,1
201401CW10401,1,19,0,18,0,2,0,0,0,0,3,1,1,1,39,7,2148,2,7,-1,-1
201401CW10402,1,3,0,18,0,0,1,0,0,0,3,1,2,2,40,7,114,1,1,6,1
201401CW10403,1,9,0,4,0,1,0,0,0,0,2,1,1,1,40,7,1798,8,2,4,1
201401CW10403,2,9,0,4,0,1,0,0,0,0,1,1,6,1,25,5,1956,2,-1,4,1
201401CW10404,1,3,0,4,0,1,1,0,0,0,3,1,6,1,31,6,124,1,8,3,1
201401CW10404,2,9,0,11,0,1,0,0,0,0,4,1,6,1,-1,-1,-1,-1,-1,-1,-1
201401CW10405,1,3,0,18,0,1,0,0,0,0,3,1,2,1,34,6,125,1,9,4,1
201401CW10405,2,9,0,7,0,1,0,0,0,0,4,1,1,1,-1,-1,2362,1,12,2,1
201401CW10406,1,19,0,18,0,8,0,0,0,0,1,1,1,1,45,7,1870,2,10,6,1
201401CW10407,1,11,0,2,0,0,0,0,0,0,0,1,1,1,45,7,4461,2,1,3,1
201401CW10408,1,9,0,18,0,0,0,10,0,0,1,1,6,1,41,7,1896,2,12,6,1
201401CW10408,2,19,0,18,0,0,0,0,0,0,2,1,1,1,34,6,2198,2,3,3,1
201401CW10409,1,11,0,18,0,8,0,0,0,0,0,1,6,1,40,7,4500,2,3,3,1
201401CW10410,1,8,0,7,0,8,0,0,0,0,1,1,6,1,50,8,2499,2,3,4,3
201401CW10410,2,1,0,18,0,8,0,0,0,0,1,1,6,1,61,9,-1,-1,-1,3,1
201401CW10411,1,3,0,18,0,8,0,0,0,0,1,1,6,1,33,6,114,1,-1,3,1
201401CW10411,2,9,0,18,0,8,0,0,0,0,1,1,6,3,-1,-1,-1,-1,-1,-1,-1
201401CW10412,1,1,0,10,0,1,0,0,0,0,1,1,6,1,34,6,-1,-1,-1,1,1
201401CW10412,2,9,0,9,0,2,0,0,0,0,3,1,6,3,-1,-1,-1,-1,-1,-1,-1
201401CW10413,1,9,0,18,0,8,0,0,0,0,3,1,6,1,40,7,2000,2,2,6,1
201401CW10413,2,9,0,9,0,8,0,0,0,0,1,1,6,2,28,6,1598,1,12,4,1
201401CW10414,1,8,0,18,0,8,0,0,0,0,1,1,6,1,45,7,2499,2,7,3,1
201401CW10415,1,3,0,14,0,0,0,0,0,0,1,1,6,1,33,6,125,1,11,1,1
201401CW10416,1,3,0,18,0,1,0,0,0,0,3,1,2,1,30,6,124,1,14,8,1
201401CW10417,1,11,0,18,0,2,0,0,0,0,0,1,6,1,56,9,6700,2,2,-1,1
201401CW10418,1,11,0,3,0,1,0,0,0,0,2,1,1,1,32,6,4500,2,4,3,1
201401CW10418,2,11,0,14,0,1,0,0,0,0,1,1,6,1,56,9,4760,2,1,6,1
201401CW10419,1,19,0,1,0,8,0,0,0,0,2,1,1,1,50,8,1753,2,5,2,1
201401CW10419,2,1,0,16,0,8,0,0,0,0,4,1,6,1,35,6,-1,-1,-1,-1,-1
201401CW10420,1,9,0,18,0,1,0,0,0,0,3,1,1,1,58,9,1686,2,4,3,1
201401CW10420,2,1,0,18,0,2,0,0,0,0,1,1,4,1,10,2,-1,-1,-1,4,1
201401CW10421,1,11,0,18,0,8,0,0,0,0,0,1,1,2,62,9,3600,2,-1,6,1
201401CW10424,1,8,0,4,0,1,0,0,0,0,2,1,6,1,46,8,1598,1,2,6,1
201401CW10424,2,9,0,18,0,1,0,0,0,0,1,1,6,2,36,7,1797,8,2,3,1
201401CW10425,1,11,0,5,0,8,0,0,0,0,0,1,1,1,44,7,4461,2,1,3,1
201401CW10426,1,9,0,17,0,8,0,0,0,0,4,1,6,2,20,4,996,1,3,6,1
201401CW10426,2,9,0,18,0,8,0,0,0,0,1,1,6,3,-1,-1,-1,-1,-1,-1,-1
201401CW10427,1,1,0,15,0,1,0,8,0,0,1,1,6,2,49,8,-1,-1,-1,-1,1
201401CW10427,2,9,0,3,0,1,0,0,0,0,4,1,6,1,-1,-1,1461,2,1,5,1
201401CW10428,1,19,0,12,0,0,0,0,0,0,3,1,1,1,45,7,2299,2,1,2,1
201401CW10428,2,19,0,18,0,0,0,0,0,0,1,1,1,1,-1,-1,-1,-1,-1,-1,-1
201401CW10429,1,1,0,17,0,8,0,0,0,0,1,1,6,1,28,6,-1,-1,-1,4,1
201401CW10429,2,9,0,7,0,8,0,0,0,0,3,1,6,1,-1,-1,1597,1,8,-1,-1
201401CW10430,1,5,0,18,0,0,1,0,0,0,4,1,6,1,46,8,1084,1,12,9,1
201401CW10431,1,1,0,18,0,1,0,0,0,0,3,1,1,1,40,7,-1,-1,-1,3,1
201401CW10431,2,9,0,7,0,1,0,0,0,0,4,1,1,1,-1,-1,-1,-1,-1,3,1
201401CW10434,1,8,0,7,0,8,0,0,0,0,1,1,6,1,65,9,2664,2,14,5,1
201401CW10434,2,1,0,18,0,8,0,0,0,0,1,1,6,1,40,7,-1,-1,-1,7,1
201401CW10436,1,1,0,18,0,8,0,0,0,0,1,1,6,1,47,8,-1,-1,-1,7,1
201401CW10437,1,9,0,18,0,1,0,0,0,0,1,1,1,1,58,9,-1,-1,-1,9,1
201401CW10437,2,19,0,4,0,1,0,0,0,0,2,1,1,2,38,7,2198,2,3,8,1
201401CW10439,1,8,0,18,0,1,0,0,0,0,2,1,6,1,46,8,2402,2,12,5,1
201401CW10439,2,9,0,18,0,1,0,0,0,0,1,1,6,2,-1,-1,1595,1,1,-1,-1
201401CW10440,1,1,0,4,0,1,0,0,0,0,2,1,6,2,26,6,-1,-1,-1,2,1
201401CW10440,2,11,0,18,0,1,0,0,0,0,1,1,1,1,-1,-1,4461,2,-1,-1,-1
201401CW10441,1,9,0,18,0,0,0,0,0,0,1,1,6,1,41,7,998,1,10,5,1
201401CW10441,2,19,0,4,0,0,0,0,0,0,2,1,1,1,27,6,2464,2,6,-1,1
201401CW10442,1,9,0,9,0,8,0,0,0,0,3,1,6,1,40,7,1390,1,3,3,1
201401CW10442,2,1,0,18,0,8,0,0,0,0,1,1,2,2,36,7,-1,-1,-1,2,1
201401CW10443,1,1,0,18,0,2,0,0,0,0,1,1,6,1,37,7,-1,-1,-1,2,1