Accident_Index,Vehicle_Reference,Vehicle_Type,Towing_and_Articulation,Vehicle_Manoeuvre,Vehicle_Location-Restricted_Lane,Junction_Location,Skidding_and_Overturning,Hit_Object_in_Carriageway,Vehicle_Leaving_Carriageway,Hit_Object_off_Carriageway,1st_Point_of_Impact,Was_Vehicle_Left_Hand_Drive?,Journey_Purpose_of_Driver,Sex_of_Driver,Age_of_Driver,Age_Band_of_Driver,Engine_Capacity_(CC),Propulsion_Code,Age_of_Vehicle,Driver_IMD_Decile,Driver_Home_Area_Type
201401CW10444,1,19,0,9,0,8,0,0,0,0,1,1,1,1,37,7,1753,2,7,10,1
201401CW10444,2,5,0,15,0,8,0,0,0,0,1,1,6,1,35,6,999,1,4,8,1
201401CW10446,1,19,0,4,0,2,0,0,0,0,3,1,1,1,60,9,1399,2,3,1,1
201401CW10447,1,11,0,5,0,0,0,0,0,0,0,1,1,2,46,8,6696,2,1,1,1
201401CW10448,1,11,0,4,0,0,0,0,0,0,0,1,1,1,32,6,4760,2,1,3,1
201401CW10449,1,9,0,18,0,1,0,0,0,0,4,1,6,1,-1,-1,-1,-1,-1,-1,-1
201401CW10450,1,19,0,1,0,0,0,0,0,0,2,1,6,1,-1,-1,1248,2,7,-1,-1
201401CW10451,1,1,0,18,0,1,0,0,0,0,2,1,6,1,22,5,-1,-1,-1,7,1
201401CW10451,2,8,0,18,0,1,0,0,0,0,1,1,1,1,-1,-1,2664,2,14,-1,-1
201401CW10452,1,9,0,3,0,2,0,0,0,0,2,1,6,1,27,6,1388,1,9,4,1
201401CW10452,2,9,0,9,0,2,0,0,0,0,1,1,6,2,-1,-1,1973,1,16,-1,-1
201401CW10455,1,8,0,18,0,8,0,0,0,0,1,1,1,1,43,7,1896,2,7,2,1
201401CW10455,2,9,0,3,0,8,0,0,0,0,2,1,6,1,57,9,1799,1,15,2,1
201401CW10456,1,3,0,18,0,2,0,0,0,0,1,1,6,1,18,4,125,1,3,2,1
201401CW10456,2,3,0,6,0,2,0,0,0,0,3,1,1,1,-1,-1,125,1,6,1,1
201401CW10457,1,9,0,6,0,2,0,0,0,0,3,1,6,1,27,6,2401,2,8,7,1
201401CW10457,2,4,0,18,0,1,0,0,0,0,4,1,2,1,31,6,124,1,9,3,1
201401CW10458,1,9,0,4,0,1,0,0,0,0,2,1,6,1,45,7,2987,2,4,3,1
201401CW10458,2,9,0,4,0,1,0,0,0,0,1,1,6,1,22,5,2143,2,1,6,1
201401CW10459,1,8,0,2,0,0,0,0,0,0,1,1,1,1,49,8,2499,2,2,8,1
201401CW10459,2,1,0,18,0,0,0,0,0,0,3,1,6,1,48,8,-1,-1,-1,10,1
201401CW10459,3,1,0,18,0,0,0,4,0,0,4,1,6,1,-1,-1,-1,-1,-1,10,3
201401CW10460,1,9,0,1,0,8,0,0,0,0,2,1,6,3,-1,-1,-1,-1,-1,-1,-1
201401CW10461,1,5,0,18,0,2,0,0,0,0,3,1,6,1,43,7,1690,1,1,8,1
201401CW10461,2,20,0,11,0,2,0,0,0,0,4,1,1,1,-1,-1,5880,2,7,-1,-1
201401CW10462,1,3,0,18,0,8,0,0,0,0,1,1,6,1,22,5,-1,-1,-1,2,1
201401CW10463,1,3,0,18,0,1,0,0,0,0,3,1,6,1,17,4,124,1,2,4,1
201401CW10463,2,9,0,18,0,1,0,0,0,0,4,1,6,1,-1,-1,-1,-1,-1,-1,-1
201401CW10464,1,11,0,5,0,0,0,0,0,0,0,1,1,1,49,8,-1,-1,-1,2,1
201401CW10464,2,9,0,18,0,0,0,0,0,0,0,1,6,3,-1,-1,-1,-1,-1,-1,-1
201401CW10465,1,8,0,18,0,8,0,0,0,0,1,1,6,1,17,4,2664,2,14,8,1
201401CW10466,1,19,0,18,0,0,0,0,0,0,1,1,6,1,50,8,2198,2,7,6,1
201401CW10467,1,9,0,18,0,8,0,0,0,0,1,1,6,1,-1,-1,998,1,4,2,1
201401CW10467,2,9,0,18,0,8,0,0,0,0,2,1,6,1,-1,-1,1598,2,2,5,1
201401CW10468,1,11,0,4,0,1,0,0,0,0,0,1,1,1,-1,-1,-1,-1,-1,-1,-1
201401CW10469,1,1,0,7,0,8,0,0,0,0,3,1,6,1,26,6,-1,-1,-1,-1,1
201401CW10469,2,9,0,8,0,8,0,0,0,0,1,1,6,1,-1,-1,-1,-1,-1,4,1
201401CW10470,1,9,0,4,0,1,0,0,0,0,2,1,1,1,35,6,1229,1,1,4,1
201401CW10470,2,8,0,18,0,1,0,0,0,0,1,1,1,1,-1,-1,2402,2,9,-1,-1
201401CW10471,1,8,0,6,0,2,0,0,0,0,1,1,1,1,46,8,2499,2,6,9,3
201401CW10471,2,1,0,18,0,2,0,0,0,0,1,1,6,2,-1,-1,-1,-1,-1,2,1
201401CW10472,1,9,0,5,0,1,0,0,0,0,1,1,6,1,41,7,3456,8,1,8,1
201401CW10473,1,9,0,18,0,8,0,0,0,0,1,1,6,3,-1,-1,1390,1,5,-1,-1
201401CW10474,1,11,0,5,0,1,0,0,0,0,0,1,1,1,28,6,6700,2,3,4,1
201401CW10475,1,4,0,18,0,8,0,0,0,0,1,1,1,1,59,9,244,1,7,4,1
201401CW10475,2,19,0,9,0,8,0,0,0,0,4,1,1,1,32,6,-1,-1,-1,7,1
201401CW10476,1,8,0,18,0,8,5,0,0,0,4,1,1,1,44,7,2664,2,14,10,1
201401CW10476,2,8,0,18,0,8,0,0,0,0,1,1,1,1,51,8,2460,2,6,1,1
201401CW10478,1,1,0,9,0,1,0,0,0,0,1,1,6,2,42,7,-1,-1,-1,6,1
201401CW10478,2,9,0,18,0,1,0,0,0,0,4,1,6,1,-1,-1,-1,-1,-1,-1,-1
201401CW10480,1,11,0,14,0,0,0,0,0,0,4,1,1,1,51,8,-1,-1,-1,2,1
201401CW10480,2,11,0,3,0,0,0,0,0,0,3,1,1,1,56,9,4500,2,4,5,1
201401CW10481,1,9,0,18,0,8,0,0,0,0,1,1,6,2,54,8,1870,2,13,2,1
201401CW10482,1,1,0,18,0,1,0,0,0,0,1,1,1,1,20,4,-1,-1,-1,2,1
201401CW10482,2,9,0,7,0,1,0,0,0,0,4,1,6,1,46,8,2198,2,2,-1,-1
201401CW10483,1,3,0,18,0,8,0,0,0,0,1,1,6,1,21,5,125,1,3,1,1
201401CW10483,2,19,0,7,0,8,0,0,0,0,4,1,1,1,31,6,1995,2,-1,8,1
201401CW10484,1,11,0,5,0,1,0,0,0,0,1,1,1,1,-1,-1,4760,2,2,3,1
201401CW10485,1,3,0,18,0,0,1,0,0,0,1,1,1,1,35,6,998,1,-1,3,1
201401CW10485,2,19,0,3,0,0,0,0,0,0,4,1,1,1,46,8,1968,2,1,1,1
201401CW10485,3,8,0,3,0,0,0,0,0,0,2,1,1,1,49,8,1560,2,7,-1,-1
201401CW10486,1,1,0,18,0,8,0,0,0,0,4,1,6,1,56,9,-1,-1,-1,6,1
201401CW10486,2,4,0,7,0,8,0,0,0,0,1,1,6,3,-1,-1,-1,-1,-1,-1,-1
201401CW10487,1,8,0,18,0,0,0,0,0,0,3,1,1,1,64,9,2402,2,11,7,1
201401CW10488,1,19,0,17,0,8,0,10,1,4,1,1,1,1,21,5,-1,-1,-1,6,1
201401CW10489,1,5,0,18,0,8,0,0,0,0,1,1,6,1,35,6,656,1,3,2,1
201401CW10489,2,19,0,6,0,8,0,0,0,0,3,1,6,1,59,9,2298,2,2,2,1
201401CW10490,1,9,0,9,0,8,0,0,0,0,1,1,6,1,20,4,1598,2,-1,-1,1
201401CW10490,2,9,0,7,0,8,0,0,0,0,3,1,6,1,27,6,1598,1,1,6,1
201401CW10491,1,9,0,18,0,8,0,0,0,0,1,1,6,1,54,8,3311,8,7,8,1
201401CW10491,2,9,0,18,0,8,0,0,0,0,1,1,6,2,33,6,1360,1,12,-1,1
201401CW10492,1,9,0,18,0,0,0,10,1,4,4,1,6,1,23,5,2148,2,9,2,1
201401CW10493,1,9,0,9,0,8,0,0,0,0,1,1,6,1,43,7,1991,2,9,-1,1
201401CW10493,2,3,0,18,0,8,0,0,0,0,1,1,6,1,21,5,124,1,4,5,1
201401CW10494,1,8,0,7,0,8,0,0,0,0,3,1,1,1,78,11,2143,2,2,6,1
201401CW10495,1,9,0,18,0,8,0,0,0,0,3,1,6,1,54,8,6749,1,2,5,1
201401CW10495,2,4,0,18,0,8,0,0,0,0,1,1,1,1,29,6,125,1,6,3,1
201401CW10496,1,9,0,3,0,1,0,0,0,0,2,1,6,1,23,5,1300,1,21,-1,-1
201401CW10496,2,9,0,4,0,1,0,0,0,0,2,1,6,1,27,6,1794,1,10,-1,-1
201401CW10496,3,9,0,4,0,1,0,0,0,0,1,1,6,1,27,6,3490,1,11,-1,-1
201401CW10499,1,9,0,9,0,1,0,0,0,0,4,1,2,1,67,10,-1,-1,-1,-1,-1
201401CW10499,2,3,0,18,0,1,0,0,0,0,1,1,1,1,27,6,125,1,10,2,1
201401CW10501,1,90,0,9,0,1,0,0,0,0,4,1,1,1,35,6,7146,2,2,6,1
201401CW10501,2,19,0,2,0,1,0,0,0,0,3,1,1,1,45,7,2148,2,6,3,1
201401CW10502,1,11,0,18,0,8,0,0,0,0,1,1,1,1,57,9,6700,2,2,1,1
201401CW10503,1,11,0,16,0,8,0,0,0,0,3,1,1,1,36,7,9360,2,2,3,1
201401CW10503,2,11,0,16,0,8,0,0,0,0,4,1,1,2,-1,-1,4461,2,1,2,1
201401CW10504,1,8,0,18,0,8,0,0,0,0,1,1,1,1,52,8,2664,2,15,8,1
201401CW10505,1,9,0,9,0,8,0,0,0,0,1,1,6,1,30,6,1461,2,1,3,1
201401CW10506,1,5,0,18,0,8,0,0,0,0,3,1,1,1,-1,-1,-1,-1,-1,-1,-1
201401CW10508,1,8,0,18,0,8,0,0,0,0,1,1,1,1,46,8,2143,2,-1,5,1
201401CW10508,2,8,0,18,0,8,1,0,0,0,3,1,1,1,42,7,2987,2,2,-1,1
201401CW10509,1,9,0,7,0,1,0,0,0,0,4,1,1,1,59,9,1798,8,1,-1,-1
201401CW10509,2,2,0,18,0,1,0,0,0,0,3,1,2,2,-1,-1,108,1,1,7,1
201401CW10510,1,8,0,4,0,0,0,0,0,0,1,1,1,1,47,8,1796,7,4,-1,-1
201401CW10510,2,1,0,4,0,0,0,0,0,0,2,1,6,2,25,5,-1,-1,-1,1,1
201401CW10511,1,4,0,9,0,8,0,0,0,0,4,1,6,1,31,6,-1,-1,-1,4,1
201401CW10511,2,8,0,6,0,8,0,0,0,0,3,1,6,1,26,6,2664,2,13,5,1
201401CW10512,1,8,0,11,0,8,0,0,0,0,4,1,1,1,61,9,-1,-1,-1,10,1
201401CW10512,2,1,0,18,0,8,0,0,0,0,3,1,1,1,41,7,-1,-1,-1,1,1
201401CW10513,1,9,0,4,0,8,0,0,0,0,2,1,6,1,34,6,1968,2,6,5,1
201401CW10513,2,9,0,4,0,1,0,0,0,0,1,1,6,2,26,6,1595,1,2,2,1
201401CW10514,1,8,0,18,0,8,0,0,0,0,4,1,6,1,54,8,2664,2,14,7,1
201401CW10514,2,19,0,12,0,8,0,0,0,0,3,1,6,1,54,8,2148,2,5,6,1
201401CW10515,1,9,0,5,0,1,0,0,0,0,1,1,1,1,31,6,1560,2,2,5,1
201401CW10515,2,9,0,5,0,1,0,0,0,0,2,1,2,2,39,7,1398,1,2,3,1
201401CW10516,1,11,0,18,0,1,0,0,0,0,0,1,1,1,-1,-1,-1,-1,-1,-1,-1
201401CW10517,1,9,0,6,0,0,0,0,0,0,3,1,6,1,20,4,1598,1,7,3,1
201401CW10517,2,5,0,16,0,0,0,0,0,0,1,1,1,1,-1,-1,-1,-1,-1,-1,-1
201401CW10518,1,1,0,18,0,8,0,0,0,0,1,1,6,1,27,6,-1,-1,-1,1,1
201401CW10518,2,19,0,7,0,5,0,0,0,0,4,1,6,1,-1,-1,2198,2,7,4,1
201401CW10519,1,1,0,15,4,1,0,0,0,0,1,1,6,1,27,6,-1,-1,-1,-1,1
201401CW10520,1,9,0,9,0,8,0,0,0,0,1,1,6,1,-1,-1,1948,1,17,4,1
201401CW10521,1,8,0,2,0,8,0,0,0,0,0,1,1,1,-1,-1,-1,-1,-1,5,1
201401CW10522,1,1,0,18,0,8,0,0,0,0,1,1,6,1,35,6,-1,-1,-1,4,1
201401CW10522,2,8,0,18,0,8,0,0,0,0,1,1,1,1,-1,-1,1598,1,12,-1,-1
201401CW10523,1,9,0,4,0,2,0,0,0,0,1,1,6,1,-1,-1,-1,-1,-1,-1,-1
201401CW10523,2,9,0,3,0,2,0,0,0,0,2,1,6,1,50,8,-1,-1,-1,4,1
201401CW10524,1,1,0,9,0,8,0,0,0,0,1,1,6,2,27,6,-1,-1,-1,5,1
201401CW10524,2,19,0,11,0,8,0,0,0,0,4,1,1,3,-1,-1,-1,-1,-1,-1,-1
201401CW10525,1,3,0,14,0,1,0,0,0,0,1,1,1,1,38,7,125,1,11,3,1
201401CW10526,1,9,0,3,0,0,0,0,0,0,2,1,2,2,27,6,1598,2,2,-1,1
201401CW10526,2,9,0,3,0,0,0,0,0,0,2,1,2,2,44,7,2204,2,8,10,1
201401CW10526,3,9,0,3,0,0,0,0,0,0,2,1,3,1,44,7,1910,2,7,-1,1
201401CW10526,4,9,0,3,0,0,0,0,0,0,2,1,2,1,49,8,1242,1,17,6,1
201401CW10526,5,9,0,4,0,0,0,0,0,0,1,1,2,1,22,5,1598,1,9,5,1
201401CW10527,1,1,0,18,0,1,0,0,0,0,1,1,6,1,-1,-1,-1,-1,-1,-1,-1
201401CW10528,1,1,0,18,0,0,0,0,0,0,1,1,6,1,35,6,-1,-1,-1,4,1
201401CW10529,1,11,0,5,0,1,0,0,0,0,0,1,1,1,54,8,-1,-1,-1,8,1
201401CW10530,1,11,0,18,0,0,0,0,0,0,0,1,1,1,36,7,4461,2,1,6,1
201401CW10531,1,9,0,18,0,2,0,0,0,0,1,1,6,1,-1,-1,-1,-1,-1,-1,-1
201401CW10532,1,9,0,18,0,8,0,0,0,0,1,1,6,1,27,6,1998,1,2,7,1
201401CW10533,1,1,0,16,0,8,0,0,0,0,1,1,6,1,35,6,-1,-1,-1,3,1
201401CW10534,1,9,0,7,0,2,0,0,0,0,1,1,6,1,-1,-1,1797,8,2,-1,-1
201401CW10536,1,5,0,18,0,0,0,0,0,0,3,1,6,1,34,6,-1,-1,-1,5,1
201401CW10536,2,9,0,18,0,0,0,0,0,0,4,1,6,1,27,6,1798,8,1,6,1
201401CW10536,3,9,0,18,0,0,0,0,0,0,4,1,6,2,50,8,1149,1,10,7,1
201401CW10537,1,3,0,2,0,0,0,0,0,0,1,1,6,1,28,6,124,1,4,1,1
201401CW10537,2,1,0,18,0,0,0,4,0,0,1,1,6,1,41,7,-1,-1,-1,6,1
201401CW10539,1,3,0,18,0,8,0,0,0,0,3,1,6,1,37,7,-1,-1,-1,6,1
201401CW10539,2,9,0,9,0,8,0,0,0,0,1,1,6,1,-1,-1,1395,1,1,-1,-1
201401CW10540,1,19,0,1,0,0,0,0,0,0,2,1,6,1,49,8,2198,2,2,5,1
201401CW10540,2,3,0,3,0,0,0,0,0,0,1,1,6,1,22,5,125,1,8,2,1
201401CW10541,1,19,0,2,0,0,0,0,0,0,3,1,6,1,62,9,2287,2,-1,9,1
201401CW10541,2,5,0,18,0,0,0,8,0,0,1,1,6,1,33,6,847,1,-1,4,1
201401CW10542,1,1,0,18,0,0,0,0,0,0,1,1,6,1,23,5,-1,-1,-1,10,1
201401CW10542,2,9,0,2,0,0,0,0,0,0,3,1,6,1,-1,-1,5462,1,7,-1,-1
201401CW10543,1,11,0,16,0,8,0,0,0,0,0,1,1,1,51,8,4461,2,1,2,1
201401CW10544,1,9,0,18,0,2,0,0,0,0,1,1,6,1,-1,-1,-1,-1,-1,-1,-1
201401CW10545,1,19,0,7,0,8,0,0,0,0,4,1,1,1,47,8,2143,2,4,5,1
201401CW10545,2,1,0,7,0,8,0,0,0,0,3,1,6,1,33,6,-1,-1,-1,8,1
201401CW10547,1,9,0,9,0,8,0,0,0,0,3,1,6,1,38,7,2438,1,16,5,1
201401CW10547,2,3,0,18,0,8,0,0,0,0,1,1,6,1,48,8,108,1,5,8,1
201401CW10549,1,8,0,14,0,0,0,0,1,0,1,1,1,3,-1,-1,-1,-1,-1,-1,-1
201401CW10550,1,3,0,15,0,0,0,0,0,0,0,1,2,1,44,7,278,1,5,4,1
201401CW10550,2,9,0,3,0,0,0,0,0,0,0,1,6,3,-1,-1,-1,-1,-1,-1,-1
201401CW10550,3,9,0,2,0,0,0,0,0,0,0,1,6,3,-1,-1,-1,-1,-1,-1,-1
201401CW10551,1,9,0,18,0,8,0,0,0,0,1,1,6,1,73,10,1699,1,4,8,1
201401CW10551,2,9,0,18,0,8,0,0,0,0,4,1,6,2,40,7,2720,2,5,1,1
201401CW10552,1,1,0,15,0,2,0,8,0,0,1,1,6,2,28,6,-1,-1,-1,2,1
201401CW10552,2,8,0,2,0,2,0,0,0,0,4,1,6,3,-1,-1,-1,-1,-1,-1,-1
201401CW10553,1,19,0,18,0,0,0,0,0,0,1,1,6,1,23,5,1968,2,2,10,2
201401CW10554,1,9,0,4,0,8,0,0,0,0,2,1,6,1,22,5,-1,-1,-1,-1,-1
201401CW10554,2,1,0,4,0,8,0,0,0,0,1,1,6,1,24,5,-1,-1,-1,4,1
201401CW10555,1,9,0,18,0,1,0,0,0,0,1,1,6,3,-1,-1,-1,-1,-1,-1,-1
201401CW10556,1,9,0,2,0,2,0,0,0,0,2,1,1,2,48,8,1997,2,3,3,1
201401CW10556,2,3,0,9,0,2,0,4,0,0,1,1,6,1,26,6,125,1,3,4,1
201401CW10557,1,2,0,18,0,8,0,0,0,0,1,1,4,1,29,6,124,1,11,2,1
201401CW10557,2,9,0,9,0,8,0,0,0,0,1,1,6,1,49,8,1999,1,6,2,1
201401CW10559,1,9,0,9,0,8,0,0,0,0,4,1,6,1,47,8,2967,2,1,6,1
201401CW10559,2,2,0,18,0,8,0,0,0,0,1,1,1,1,35,6,125,1,3,4,1
201401CW10560,1,3,0,18,0,8,0,0,0,0,4,1,6,1,23,5,124,1,5,2,1
201401CW10560,2,9,0,7,0,8,0,0,0,0,4,1,6,1,-1,-1,3596,1,8,4,1
201401CW10561,1,9,0,8,0,8,0,0,0,0,3,1,6,1,52,8,1796,1,12,3,1
201401CW10561,2,9,0,18,0,8,0,0,0,0,4,1,1,1,24,5,1997,2,11,5,1
201401CW10562,1,3,0,18,0,8,0,0,0,0,1,1,6,1,33,6,124,1,6,8,1
201401CW10562,2,1,0,9,0,8,0,0,0,0,2,1,6,1,30,6,-1,-1,-1,-1,-1
201401CW10563,1,21,0,9,0,8,0,0,0,0,2,1,1,1,-1,-1,-1,-1,-1,-1,-1
201401CW10563,2,8,0,9,0,8,0,0,0,0,1,1,6,1,65,9,2402,2,11,6,1
201401CW10564,1,9,0,18,0,8,0,0,0,0,1,1,6,1,-1,-1,-1,-1,-1,-1,-1
201401CW10565,1,19,0,9,0,8,0,0,0,0,1,1,6,3,-1,-1,-1,-1,-1,-1,-1
201401CW10565,2,1,0,17,0,8,0,0,0,0,1,1,6,1,30,6,-1,-1,-1,2,1
201401CW10567,1,8,0,9,0,2,0,0,0,0,1,1,1,1,60,9,1997,2,1,8,1
201401CW10568,1,1,0,7,0,1,0,0,0,0,3,1,6,1,59,9,-1,-1,-1,-1,1
201401CW10568,2,19,0,7,0,8,0,0,0,0,4,1,6,3,-1,-1,-1,-1,-1,-1,-1
201401CW10569,1,9,0,2,0,0,0,0,0,0,2,1,6,1,73,10,3498,1,4,-1,-1
201401CW10569,2,9,0,2,0,0,0,0,0,0,1,1,1,1,43,7,2143,2,3,2,1
201401CW10569,3,9,0,4,0,0,0,4,0,0,1,1,6,1,31,6,-1,-1,-1,-1,-1
201401CW10570,1,1,0,18,0,8,0,0,0,0,1,1,2,1,39,7,-1,-1,-1,2,1
201401CW10571,1,19,0,1,0,0,0,0,0,0,2,1,6,1,-1,-1,-1,-1,-1,-1,-1
201401CW10572,1,11,0,3,0,8,0,0,0,0,0,1,1,1,61,9,-1,-1,-1,-1,1
201401CW10574,1,1,0,3,0,8,0,0,0,0,2,1,1,2,41,7,-1,-1,-1,5,1
201401CW10574,2,19,0,7,0,8,0,0,0,0,4,1,1,1,37,7,2143,2,3,2,1
201401CW10575,1,19,0,7,0,0,0,0,0,0,3,1,6,1,42,7,2464,2,7,3,1
201401CW10575,2,3,0,11,2,0,0,0,0,0,4,1,6,1,25,5,125,1,1,3,1
201401CW10576,1,1,0,18,0,8,0,0,0,0,1,1,2,2,29,6,-1,-1,-1,1,1
201401CW10576,2,19,0,7,0,8,0,0,0,0,3,1,1,1,65,9,1560,2,3,3,1
201401CW10577,1,9,0,3,0,8,0,0,0,0,4,1,1,1,42,7,2993,2,1,3,1
201401CW10577,2,1,0,18,0,8,0,0,0,0,1,1,2,1,39,7,-1,-1,-1,3,1
201401CW10578,1,9,0,18,0,8,0,0,0,0,1,1,6,1,34,6,-1,-1,-1,4,1
201401CW10579,1,11,0,18,0,0,0,0,0,0,4,1,1,3,-1,-1,-1,-1,-1,-1,-1
201401CW10580,1,19,0,7,0,8,0,0,0,0,4,1,1,1,31,6,-1,-1,-1,3,1
201401CW10580,2,8,0,7,0,8,0,0,0,0,3,1,1,1,-1,-1,-1,-1,-1,-1,-1
201401CW10581,1,1,0,18,0,1,0,0,0,0,1,1,6,1,50,8,-1,-1,-1,7,1
201401CW10581,2,3,0,18,0,8,0,0,0,0,1,1,6,1,-1,-1,125,1,2,-1,-1
201401CW10583,1,1,0,18,0,8,0,0,0,0,1,1,6,2,24,5,-1,-1,-1,2,1
201401CW10583,2,9,0,9,0,8,0,0,0,0,1,1,6,1,-1,-1,-1,-1,-1,-1,-1
201401CW10584,1,1,0,14,0,8,0,4,1,0,1,1,2,1,34,6,-1,-1,-1,8,1
201401CW10584,2,9,0,2,0,8,0,0,0,0,3,1,6,3,-1,-1,3400,6,14,-1,-1
201401CW10585,1,1,0,18,0,0,0,0,0,0,1,1,6,1,26,6,-1,-1,-1,4,1
201401CW10585,2,1,0,18,0,0,0,0,0,0,0,1,6,1,-1,-1,-1,-1,-1,-1,-1
201401CW10586,1,9,0,18,0,1,0,0,0,0,1,1,6,1,63,9,1797,8,4,5,1
201401CW10586,2,1,0,18,0,1,0,0,0,0,2,1,6,2,35,6,-1,-1,-1,-1,1
201401CW10589,1,9,0,9,0,8,0,0,0,0,4,1,1,1,42,7,-1,-1,-1,7,1
201401CW10590,1,9,0,4,0,0,0,0,1,0,1,1,6,1,44,7,-1,-1,-1,10,1
201401CW10591,1,1,0,18,0,8,0,0,0,0,1,1,6,1,42,7,-1,-1,-1,6,1
201401CW10593,1,11,0,18,0,0,0,0,0,0,0,1,1,1,49,8,6700,2,2,2,1
201401CW10595,1,9,0,9,0,0,0,0,0,0,3,1,6,1,31,6,1995,2,8,2,1
201401CW10595,2,3,0,13,0,0,0,0,0,0,1,1,6,1,49,8,249,1,5,6,1
201401CW10596,1,10,0,2,0,1,0,0,0,0,2,1,1,1,22,5,-1,-1,-1,3,1
201401CW10596,2,1,0,18,0,1,0,4,0,0,1,1,6,1,46,8,-1,-1,-1,2,1
201401CW10597,1,9,0,18,0,0,0,0,0,0,1,1,6,3,-1,-1,-1,-1,-1,-1,-1
201401CW10598,1,19,0,9,0,8,0,0,0,0,4,1,6,1,30,6,1753,2,9,4,1
201401CW10598,2,3,0,7,0,8,0,0,0,0,1,1,1,1,25,5,125,1,3,-1,-1
201401CW10600,1,9,0,9,0,8,0,0,0,0,1,1,6,1,29,6,1910,2,9,-1,1
201401CW10600,2,5,0,14,0,8,0,0,0,0,1,1,6,1,35,6,599,1,5,8,3
201401CW10601,1,5,0,18,0,8,0,0,0,0,4,1,2,1,40,7,-1,-1,-1,4,1
201401CW10601,2,8,0,9,0,8,0,0,0,0,4,1,1,1,-1,-1,-1,-1,-1,-1,-1
201401CW10602,1,1,0,18,0,1,0,0,0,0,3,1,6,1,30,6,-1,-1,-1,2,1
201401CW10602,2,9,0,9,0,1,0,0,0,0,1,1,6,1,-1,-1,1600,1,9,-1,-1
201401CW10605,1,5,0,13,0,1,0,0,0,0,0,1,6,1,47,8,-1,-1,-1,6,1
201401CW10605,2,8,0,6,0,1,0,0,0,0,0,1,6,1,-1,-1,2499,2,2,-1,-1
201401CW10606,1,9,0,18,0,8,0,0,0,0,1,1,6,1,-1,-1,2967,2,4,-1,-1
201401CW10606,2,1,0,10,0,8,0,0,0,0,1,1,6,1,43,7,-1,-1,-1,6,1
201401CW10607,1,11,0,4,0,0,0,0,0,0,0,1,1,1,-1,-1,4500,2,3,-1,-1
201401CW10609,1,8,0,5,0,8,0,0,0,0,1,1,1,1,76,11,2664,2,16,3,1
201401CW10609,2,1,0,10,0,8,0,0,0,0,2,1,6,2,61,9,-1,-1,-1,3,1
201401CW10610,1,9,0,18,0,0,0,0,0,0,1,1,6,1,60,9,2598,1,19,4,1
201401CW10611,1,9,0,5,0,8,0,0,0,0,2,1,6,1,32,6,1956,2,2,9,1
201401CW10611,2,9,0,18,0,8,0,0,0,0,1,1,6,1,-1,-1,-1,-1,-1,-1,-1
201401CW10612,1,1,0,18,0,1,0,0,0,0,2,1,2,2,45,7,-1,-1,-1,2,1
201401CW10612,2,9,0,18,0,1,0,0,0,0,1,1,6,1,-1,-1,1798,8,2,1,1
201401CW10614,1,19,0,2,0,8,0,0,0,0,2,1,1,1,31,6,2198,2,1,3,1
201401CW10615,1,9,0,9,0,8,0,0,0,0,4,1,6,1,30,6,1560,2,-1,3,1
201401CW10615,2,1,0,18,0,8,0,0,0,0,1,1,6,1,-1,-1,-1,-1,-1,-1,-1
201401CW10616,1,9,0,12,0,8,0,0,0,0,2,1,2,1,27,6,1390,1,9,6,1
201401CW10616,2,3,0,18,0,8,0,0,0,0,1,1,6,1,17,4,-1,-1,-1,3,1
201401CW10617,1,11,0,4,0,1,0,0,0,0,0,1,1,1,46,8,7300,2,12,3,1
201401CW10618,1,19,0,9,0,8,0,0,0,0,4,1,1,1,35,6,2143,2,4,10,1
201401CW10618,2,8,0,18,0,8,0,0,0,0,3,1,1,1,41,7,1797,8,4,5,1
201401CW10619,1,8,0,18,0,1,0,0,0,0,3,1,1,1,50,8,2402,2,8,10,1
201401CW10619,2,9,0,11,0,1,0,0,0,0,4,1,6,1,-1,-1,1197,1,2,-1,-1
201401CW10620,1,1,0,18,0,8,0,0,0,0,1,1,6,1,33,6,-1,-1,-1,7,1
201401CW10620,2,8,0,7,0,8,0,0,0,0,4,1,1,1,-1,-1,-1,-1,-1,-1,-1
201401CW10621,1,9,0,2,0,8,0,0,0,0,1,1,2,1,34,6,1995,2,7,1,1
201401CW10621,2,9,0,1,0,8,0,4,0,0,2,1,6,1,-1,-1,2143,2,2,-1,-1
201401CW10622,1,9,0,18,0,8,0,0,0,0,3,1,6,2,42,7,1299,1,14,1,1
201401CW10622,2,9,0,9,0,8,0,0,0,0,1,1,6,1,47,8,1686,2,9,3,1
201401CW10623,1,9,0,18,0,0,0,0,0,0,4,1,1,1,67,10,1797,8,3,1,1
201401CW10624,1,8,0,18,0,8,0,0,0,0,3,1,1,1,46,8,-1,-1,-1,5,1
201401CW10624,2,2,0,18,0,8,0,0,0,0,1,1,1,1,37,7,125,1,5,-1,-1
201401CW10625,1,9,0,4,0,0,0,0,0,0,0,1,1,1,26,6,1349,1,4,4,1
201401CW10625,2,5,0,4,0,0,0,0,0,0,0,1,6,1,48,8,670,1,2,-1,1
201401CW10626,1,1,0,18,0,1,0,0,0,0,4,1,6,1,-1,-1,-1,-1,-1,-1,-1
201401CW10627,1,9,0,18,0,1,0,0,0,0,1,1,6,3,-1,-1,-1,-1,-1,-1,-1
201401CW10628,1,9,0,1,0,0,0,4,0,0,2,1,6,2,57,9,1560,2,2,4,1
201401CW10628,2,4,0,2,0,0,0,0,0,0,1,1,6,3,-1,-1,125,1,8,-1,-1
201401CW10629,1,8,0,4,0,8,0,0,0,0,1,1,1,1,26,6,2664,2,13,-1,1
201401CW10630,1,9,0,7,0,8,0,0,0,0,3,1,6,1,53,8,2148,2,5,-1,-1
201401CW10630,2,3,0,18,0,8,0,0,0,0,4,1,6,2,25,5,125,1,-1,10,1
201401CW10631,1,9,0,9,0,2,0,0,0,0,4,1,6,1,42,7,1753,2,4,5,1
201401CW10632,1,1,0,18,0,0,0,0,0,0,0,1,6,1,25,5,-1,-1,-1,6,1