Accident_Index,Vehicle_Reference,Vehicle_Type,Towing_and_Articulation,Vehicle_Manoeuvre,Vehicle_Location-Restricted_Lane,Junction_Location,Skidding_and_Overturning,Hit_Object_in_Carriageway,Vehicle_Leaving_Carriageway,Hit_Object_off_Carriageway,1st_Point_of_Impact,Was_Vehicle_Left_Hand_Drive?,Journey_Purpose_of_Driver,Sex_of_Driver,Age_of_Driver,Age_Band_of_Driver,Engine_Capacity_(CC),Propulsion_Code,Age_of_Vehicle,Driver_IMD_Decile,Driver_Home_Area_Type
201401CW10635,1,19,0,7,0,8,0,0,0,0,3,1,1,1,47,8,-1,-1,-1,2,1
201401CW10635,2,9,0,7,0,8,0,0,0,0,4,1,1,1,44,7,-1,-1,-1,8,1
201401CW10636,1,9,0,18,0,1,0,0,0,0,1,1,6,1,-1,-1,1798,1,6,6,1
201401CW10637,1,1,0,18,0,0,0,8,0,0,1,1,6,1,57,9,-1,-1,-1,5,1
201401CW10637,2,9,0,2,0,0,0,0,0,0,3,1,6,2,41,7,1999,1,8,7,1
201401CW10640,1,8,0,3,0,1,0,0,0,0,2,1,1,1,28,6,-1,-1,-1,3,1
201401CW10640,2,3,0,5,0,1,0,0,0,0,1,1,1,1,49,8,-1,-1,-1,3,1
201401CW10640,3,19,0,4,0,1,0,0,0,0,4,1,1,1,43,7,2143,2,1,-1,-1
201401CW10641,1,1,0,18,0,8,0,0,1,0,1,1,6,1,55,8,-1,-1,-1,4,1
201401CW10641,2,8,0,6,0,8,0,0,0,0,3,1,1,1,-1,-1,-1,-1,-1,-1,-1
201401CW10643,1,9,0,3,0,1,0,0,0,0,2,1,2,1,23,5,2172,2,12,2,1
201401CW10643,2,20,0,4,0,1,0,0,0,0,1,1,1,1,38,7,-1,-1,-1,9,1
201401CW10644,1,19,0,9,0,8,0,0,0,0,3,1,1,1,36,7,2143,2,2,9,1
201401CW10644,2,4,0,18,0,8,0,0,0,0,1,1,6,1,22,5,600,1,14,-1,-1
201401CW10645,1,9,0,18,0,8,0,0,1,0,3,1,2,1,36,7,2497,2,25,3,1
201401CW10645,2,9,0,9,0,8,0,0,1,0,1,1,2,1,27,6,2497,1,7,-1,-1
201401CW10646,1,5,0,18,0,0,0,0,0,0,1,1,6,1,34,6,1170,1,2,-1,1
201401CW10647,1,4,0,15,0,1,0,8,0,0,1,1,1,1,52,8,647,1,14,-1,1
201401CW10647,2,19,0,3,0,1,0,0,0,0,4,1,1,1,36,7,1996,2,1,2,1
201401CW10648,1,3,0,4,0,1,0,0,0,0,0,1,6,2,21,5,-1,-1,-1,7,1
201401CW10649,1,8,0,4,0,0,0,0,0,0,2,1,1,1,32,6,2402,2,8,10,1
201401CW10649,2,9,0,18,0,0,0,0,0,0,1,1,6,1,59,9,2987,2,2,5,1
201401CW10650,1,11,0,4,0,2,0,0,0,0,3,1,1,1,48,8,9000,2,5,-1,1
201401CW10651,1,11,0,4,0,0,1,0,1,0,0,1,1,1,54,8,6696,2,1,-1,1
201401CW10652,1,9,0,9,0,8,0,0,0,0,4,1,2,2,33,6,1422,2,10,4,1
201401CW10652,2,1,0,18,0,8,0,0,0,0,1,1,2,2,53,8,-1,-1,-1,5,1
201401CW10653,1,8,0,3,0,2,0,0,0,0,1,1,1,1,28,6,1497,8,5,-1,-1
201401CW10653,2,9,0,1,0,1,0,0,0,0,2,1,6,3,-1,-1,4806,1,2,-1,-1
201401CW10655,1,8,0,18,0,8,0,0,0,0,3,1,1,1,45,7,2664,2,15,1,1
201401CW10655,2,9,0,7,0,8,0,0,0,0,1,1,6,1,-1,-1,-1,-1,-1,-1,-1
201401CW10658,1,9,0,10,0,1,0,0,0,0,4,1,6,1,37,7,-1,-1,-1,2,1
201401CW10658,2,19,0,6,0,1,0,0,0,0,3,1,6,1,-1,-1,1896,2,7,-1,-1
201401CW10659,1,9,0,18,0,8,0,0,0,0,3,1,6,1,51,8,4367,2,1,-1,-1
201401CW10659,2,9,0,18,0,8,0,10,7,10,1,1,1,1,60,9,-1,-1,-1,6,1
201401CW10660,1,1,0,18,0,8,0,0,0,0,1,1,6,1,34,6,-1,-1,-1,-1,-1
201401CW10660,2,9,0,7,0,8,0,0,0,0,4,1,1,1,50,8,1797,8,4,8,1
201401CW10661,1,1,0,15,0,0,0,0,0,0,1,1,6,1,43,7,-1,-1,-1,5,1
201401CW10661,2,9,0,3,0,0,0,0,0,0,4,1,6,1,61,9,1798,8,1,2,1
201401CW10662,1,11,0,5,0,1,0,0,0,0,0,1,1,1,74,10,8268,2,12,3,1
201401CW10663,1,1,0,16,0,8,0,0,0,0,3,1,2,1,42,7,-1,-1,-1,8,1
201401CW10663,2,9,0,17,0,8,0,0,0,0,1,1,1,1,45,7,2993,2,3,7,1
201401CW10666,1,8,0,9,0,2,0,0,0,0,1,1,1,1,44,7,1997,2,5,3,1
201401CW10667,1,9,0,3,0,0,0,0,0,0,1,1,1,1,39,7,1995,2,1,3,1
201401CW10667,2,21,0,5,0,0,0,0,0,0,2,1,1,1,57,9,12777,2,-1,4,1
201401CW10668,1,8,0,5,0,8,0,0,0,0,3,1,1,1,48,8,1598,1,6,1,1
201401CW10668,2,1,0,18,0,8,0,0,0,0,1,1,2,1,29,6,-1,-1,-1,1,1
201401CW10669,1,3,0,18,0,8,0,0,0,0,1,1,4,1,54,8,530,1,2,8,1
201401CW10669,2,9,0,18,0,8,0,0,0,0,3,1,6,2,63,9,2295,1,13,6,1
201401CW10670,1,3,0,7,0,2,0,0,0,0,1,1,1,1,38,7,125,1,3,3,1
201401CW10671,1,8,0,18,0,1,0,0,0,0,4,1,1,1,51,8,2499,2,7,2,1
201401CW10672,1,3,0,18,0,1,0,0,0,0,0,1,6,1,28,6,-1,-1,-1,-1,-1
201401CW10673,1,1,0,18,0,1,0,0,0,0,3,1,6,1,26,6,-1,-1,-1,3,1
201401CW10673,2,9,0,7,0,1,0,0,0,0,4,1,6,1,-1,-1,1895,1,14,2,1
201401CW10674,1,19,0,18,0,8,0,0,0,0,3,1,1,1,42,7,2500,2,7,3,1
201401CW10674,2,1,0,9,0,8,0,0,0,0,1,1,6,2,31,6,-1,-1,-1,-1,1
201401CW10675,1,11,0,7,0,2,0,0,0,0,1,1,1,1,33,6,7300,2,9,4,1
201401CW10676,1,11,0,5,0,0,0,0,0,0,0,1,1,1,57,9,4461,2,1,3,1
201401CW10678,1,11,0,4,0,1,0,0,0,0,4,1,1,1,-1,-1,6700,2,3,-1,-1
201401CW10680,1,19,0,3,0,1,0,0,0,0,2,1,1,1,34,6,2402,2,8,3,1
201401CW10680,2,3,0,4,0,1,1,0,0,0,1,1,1,1,35,6,125,1,6,2,1
201401CW10682,1,19,0,18,0,8,0,0,0,0,1,1,1,1,-1,-1,2464,2,7,-1,-1
201401CW10683,1,11,0,18,0,0,0,0,0,0,0,1,1,1,50,8,6696,2,1,5,1
201401CW10684,1,8,0,3,0,0,0,0,0,0,2,1,1,1,62,9,2499,2,7,5,1
201401CW10684,2,11,0,4,0,0,0,0,0,0,1,1,1,1,40,7,11000,2,8,3,1
201401CW10685,1,9,0,18,0,1,0,0,0,0,1,1,6,1,20,4,1390,1,9,2,1
201401CW10686,1,19,0,7,0,8,0,0,0,0,4,1,1,1,29,6,-1,-1,-1,-1,1
201401CW10686,2,1,0,15,0,8,0,0,0,0,1,1,2,2,35,6,-1,-1,-1,-1,-1
201401CW10687,1,9,0,16,0,0,0,0,0,0,4,1,1,2,54,8,1998,1,6,2,1
201401CW10687,2,1,0,15,0,0,0,0,0,0,1,1,1,1,23,5,-1,-1,-1,-1,-1
201401CW10688,1,19,5,3,0,1,0,0,0,0,0,1,1,1,45,7,2198,2,2,3,1
201401CW10688,2,9,0,3,0,1,0,0,0,0,0,1,6,1,33,6,-1,-1,-1,-1,-1
201401CW10689,1,9,0,4,0,0,0,0,0,0,4,1,6,1,23,5,1390,1,11,1,1
201401CW10689,2,1,0,18,0,0,0,0,0,0,3,1,6,1,46,8,-1,-1,-1,8,1
201401CW10690,1,9,0,9,0,8,0,0,0,0,4,1,2,1,29,6,1461,2,2,9,1
201401CW10690,2,1,0,18,0,8,0,0,0,0,1,1,6,1,28,6,-1,-1,-1,6,1
201401CW10691,1,9,0,9,0,1,0,0,0,0,3,1,6,2,40,7,1798,8,2,6,1
201401CW10691,2,3,0,13,0,1,0,0,0,0,4,1,6,1,36,7,-1,-1,-1,4,1
201401CW10692,1,1,0,15,4,1,0,0,0,0,0,1,6,2,25,5,-1,-1,-1,6,1
201401CW10692,2,9,0,9,0,1,0,0,0,0,0,1,6,1,66,10,6750,1,23,2,1
201401CW10693,1,1,0,5,0,8,0,0,0,0,2,1,2,1,36,7,-1,-1,-1,9,3
201401CW10693,2,90,0,18,0,8,0,0,0,0,1,1,6,3,-1,-1,-1,-1,-1,-1,-1
201401CW10694,1,19,0,3,0,1,0,0,0,0,2,1,6,1,36,7,1248,2,-1,6,1
201401CW10694,2,9,0,4,0,1,1,0,0,0,1,1,6,2,-1,-1,-1,-1,-1,-1,-1
201401CW10696,1,9,0,3,0,8,0,0,0,0,2,1,1,1,31,6,-1,-1,-1,2,1
201401CW10696,2,19,0,3,0,8,0,0,0,0,2,1,1,1,47,8,1968,2,2,1,1
201401CW10696,3,19,0,3,0,8,0,0,0,0,2,1,1,1,22,5,2198,2,1,3,1
201401CW10696,4,9,0,18,0,8,0,0,0,0,1,1,1,1,64,9,3498,1,4,8,1
201401CW10697,1,9,0,12,0,0,0,0,0,0,3,1,6,1,18,4,1360,1,12,2,1
201401CW10697,2,5,0,18,0,0,0,0,0,0,4,1,2,1,36,7,998,1,6,4,1
201401CW10698,1,8,0,18,0,8,0,0,0,0,3,1,1,1,38,7,1497,8,6,-1,-1
201401CW10698,2,9,0,18,0,8,0,0,0,0,1,1,6,1,61,9,3189,1,9,-1,-1
201401CW10699,1,5,0,18,0,1,1,0,0,0,1,1,6,1,30,6,599,1,4,1,1
201401CW10699,2,9,0,4,0,1,0,0,0,0,2,1,6,1,41,7,3199,1,12,6,1
201401CW10700,1,9,0,4,0,8,0,0,0,0,4,1,6,1,52,8,1242,1,-1,-1,-1
201401CW10700,2,1,0,7,0,8,0,0,0,0,1,1,6,1,42,7,-1,-1,-1,1,1
201401CW10702,1,3,0,4,0,8,1,0,0,0,1,1,2,1,34,6,124,1,7,-1,-1
201401CW10703,1,19,0,18,0,2,0,0,0,0,4,1,1,1,40,7,2143,2,2,2,1
201401CW10704,1,11,0,18,0,8,0,0,0,0,4,1,1,1,49,8,4500,2,4,3,1
201401CW10705,1,1,0,4,0,8,0,0,0,0,1,1,1,1,25,5,-1,-1,-1,2,1
201401CW10706,1,11,0,18,0,2,0,0,0,0,3,1,1,1,46,8,7300,2,10,2,1
201401CW10707,1,1,0,4,0,7,0,0,0,0,1,1,6,1,21,5,-1,-1,-1,5,1
201401CW10708,1,9,0,2,0,1,0,0,0,0,3,1,6,1,46,8,6749,1,10,4,1
201401CW10708,2,1,0,18,0,1,0,8,0,0,4,1,6,2,29,6,-1,-1,-1,5,1
201401CW10709,1,3,0,18,0,8,0,0,0,0,1,1,6,1,23,5,124,1,4,2,1
201401CW10710,1,1,0,18,0,1,0,0,0,0,2,1,6,2,28,6,-1,-1,-1,2,1
201401CW10710,2,9,0,11,0,1,0,0,0,0,1,1,6,2,51,8,-1,-1,-1,7,3
201401CW10711,1,9,0,18,0,0,0,0,0,0,4,1,6,1,20,4,1598,1,4,2,1
201401CW10711,2,9,0,12,0,0,0,0,0,0,3,1,6,3,-1,-1,1991,2,3,-1,-1
201401CW10712,1,9,0,18,0,1,0,0,0,0,2,1,6,2,65,9,2295,1,17,3,1
201401CW10712,2,9,0,18,0,1,0,0,0,0,1,1,6,2,24,5,1299,1,12,2,1
201401CW10713,1,9,0,2,0,8,0,0,0,0,4,1,1,1,31,6,-1,-1,-1,4,1
201401CW10713,2,8,0,14,0,7,0,0,0,0,3,1,1,1,-1,-1,1997,2,2,-1,-1
201401CW10716,1,3,0,18,0,1,0,0,0,0,3,1,1,1,28,6,125,1,5,2,1
201401CW10716,2,8,0,13,0,1,0,0,0,0,4,1,6,3,-1,-1,-1,-1,-1,-1,-1
201401CW10717,1,1,0,9,4,1,0,0,0,0,2,1,6,1,24,5,-1,-1,-1,-1,-1
201401CW10717,2,9,0,5,0,1,0,0,0,0,1,1,6,1,-1,-1,-1,-1,-1,-1,-1
201401CW10718,1,3,0,5,0,8,0,0,0,0,4,1,6,1,34,6,125,1,2,2,1
201401CW10718,2,8,0,9,0,8,0,0,0,0,1,1,1,1,30,6,-1,-1,-1,3,1
201401CW10720,1,9,0,18,0,2,0,0,0,0,1,1,6,1,59,9,1956,2,2,1,1
201401CW10720,2,9,0,13,0,2,0,0,0,0,2,1,6,3,-1,-1,-1,-1,-1,-1,-1
201401CW10721,1,1,0,4,0,8,0,0,0,0,1,1,2,1,32,6,-1,-1,-1,5,1
201401CW10722,1,9,0,3,0,8,0,0,0,0,3,1,6,2,26,6,-1,-1,-1,-1,-1
201401CW10722,2,3,0,15,0,8,0,0,1,0,4,1,2,1,33,6,124,1,6,3,1
201401CW10722,3,9,0,5,0,8,0,0,0,0,3,1,6,1,24,5,1689,2,11,3,1
201401CW10723,1,1,0,15,0,8,0,0,0,0,3,1,1,1,25,5,-1,-1,-1,4,1
201401CW10723,2,9,0,7,0,8,0,0,0,0,4,1,1,1,62,9,2987,2,1,6,1
201401CW10724,1,11,0,5,0,1,0,0,0,0,0,1,1,1,55,8,4461,2,1,4,1
201401CW10724,2,9,0,7,0,8,0,0,0,0,0,1,1,1,34,6,-1,-1,-1,-1,-1
201401CW10725,1,1,0,18,0,2,0,10,0,0,4,1,6,1,32,6,-1,-1,-1,1,1
201401CW10725,2,8,0,18,0,2,0,0,0,0,0,1,1,3,-1,-1,-1,-1,-1,-1,-1
201401CW10727,1,11,0,3,0,0,0,0,0,0,0,1,6,1,36,7,4461,2,1,5,1
201401CW10728,1,8,0,18,0,1,0,0,0,0,1,1,1,1,64,9,2499,2,7,10,2
201401CW10729,1,9,0,18,0,1,0,0,0,0,1,1,6,1,29,6,2143,2,3,2,1
201401CW10730,1,9,0,18,0,1,0,0,0,0,1,1,6,1,47,8,1390,1,4,-1,-1
201401CW10731,1,1,0,18,0,0,0,0,0,0,3,1,6,1,42,7,-1,-1,-1,6,1
201401CW10731,2,9,0,11,0,0,0,0,0,0,4,1,1,1,60,9,2987,2,4,7,1
201401CW10732,1,9,0,9,0,8,0,0,0,0,4,1,6,1,24,5,-1,-1,-1,10,3
201401CW10732,2,1,0,18,0,8,0,0,0,0,1,1,6,2,23,5,-1,-1,-1,5,1
201401CW10734,1,9,0,3,0,1,0,0,0,0,0,1,1,2,27,6,-1,-1,-1,1,1
201401CW10734,2,9,0,18,0,1,0,0,0,0,1,1,6,1,-1,-1,1598,1,11,6,1
201401CW10735,1,9,0,3,0,2,0,0,0,0,2,1,6,1,27,6,1364,2,4,2,1
201401CW10735,2,9,0,18,0,2,0,0,0,0,1,1,6,1,-1,-1,-1,-1,-1,-1,1
201401CW10736,1,11,0,3,0,2,0,0,0,0,0,1,1,1,45,7,4461,2,1,3,1
201401CW10737,1,9,0,5,0,2,0,4,0,0,1,1,6,1,22,5,1956,2,1,1,1
201401CW10737,2,9,0,5,0,2,0,0,0,0,0,1,6,1,-1,-1,1596,1,8,-1,-1
201401CW10737,3,9,0,2,0,2,0,0,0,0,3,1,6,3,-1,-1,1796,1,6,-1,-1
201401CW10738,1,5,0,18,0,0,0,0,0,0,3,1,6,1,41,7,849,1,2,10,1
201401CW10738,2,8,0,11,0,0,0,0,0,0,4,1,1,1,54,8,2499,2,7,3,1
201401CW10739,1,8,0,1,0,0,0,0,0,0,2,1,6,3,-1,-1,1995,2,8,-1,-1
201401CW10741,1,11,0,4,0,0,0,0,0,0,0,1,1,1,38,7,6700,2,3,3,1
201401CW10742,1,11,0,18,0,0,0,0,0,0,0,1,1,1,-1,-1,-1,-1,-1,-1,-1
201401CW10743,1,4,0,18,0,1,0,0,0,0,3,1,2,1,41,7,696,1,5,6,1
201401CW10743,2,9,0,18,0,1,0,0,0,0,1,1,2,1,25,5,1590,1,19,-1,-1
201401CW10744,1,1,0,18,0,0,0,10,0,0,3,1,6,1,35,6,-1,-1,-1,6,1
201401CW10744,2,11,0,18,0,0,0,0,0,0,4,1,1,1,52,8,4500,2,4,8,1
201401CW10746,1,1,0,12,0,1,0,0,0,0,2,1,2,1,28,6,-1,-1,-1,3,1
201401CW10746,2,8,0,18,0,1,0,0,0,0,1,1,1,1,44,7,1997,2,5,4,1
201401CW10747,1,11,0,18,0,0,0,0,0,0,4,1,1,1,46,8,4461,2,1,3,1
201401CW10748,1,11,0,5,0,0,0,0,0,0,4,1,1,1,44,7,6696,2,1,8,1
201401CW10749,1,9,0,7,0,2,0,0,0,0,1,1,6,1,65,9,3498,1,1,7,1
201401CW10751,1,8,0,4,0,0,0,0,0,0,4,1,1,1,30,6,2148,2,6,2,1
201401CW10752,1,9,0,9,0,8,0,0,0,0,3,1,6,2,18,4,1299,1,10,1,1
201401CW10752,2,9,0,18,0,8,0,0,0,0,1,1,6,1,-1,-1,-1,-1,-1,-1,-1
201401CW10753,1,1,0,18,0,0,0,8,0,0,1,1,6,2,24,5,-1,-1,-1,-1,-1
201401CW10753,2,9,0,2,0,0,0,0,0,0,3,1,6,2,35,6,1390,1,10,-1,1
201401CW10755,1,8,0,18,0,1,0,0,0,0,1,1,1,1,70,10,2499,2,2,8,1
201401CW10758,1,1,0,18,0,2,0,0,0,0,4,1,6,1,42,7,-1,-1,-1,6,1
201401CW10759,1,9,0,5,0,1,0,0,0,0,4,1,1,2,52,8,1995,2,5,3,1
201401CW10759,2,1,0,8,0,1,0,0,0,0,2,1,6,1,39,7,-1,-1,-1,3,1
201401CW10761,1,1,0,18,0,8,0,0,0,0,1,1,6,1,43,7,-1,-1,-1,9,1
201401CW10761,2,9,0,9,0,8,0,0,0,0,4,1,6,1,-1,-1,3498,1,6,-1,-1
201401CW10764,1,1,0,18,0,0,0,0,0,0,3,1,2,1,27,6,-1,-1,-1,3,1
201401CW10764,2,1,0,6,0,0,0,0,0,0,4,1,6,3,-1,-1,-1,-1,-1,-1,-1
201401CW10765,1,1,0,18,0,1,0,0,0,0,1,1,1,1,27,6,-1,-1,-1,2,1
201401CW10766,1,3,0,6,0,8,0,0,0,0,3,1,6,1,38,7,279,1,6,4,1
201401CW10766,2,1,0,18,0,8,0,0,0,0,1,1,6,1,32,6,-1,-1,-1,3,1
201401CW10767,1,3,0,14,0,2,0,0,0,0,3,1,6,1,36,7,125,1,4,2,1
201401CW10767,2,9,0,3,0,2,0,0,0,0,0,1,6,1,25,5,1968,2,-1,-1,-1
201401CW10769,1,8,0,18,0,2,0,0,0,0,4,1,6,1,42,7,1398,2,12,4,1
201401CW10769,2,9,0,5,0,2,0,0,0,0,3,1,6,1,-1,-1,-1,-1,-1,-1,-1
201401CW10770,1,3,0,18,0,0,0,0,0,0,4,1,6,1,30,6,124,1,11,4,1
201401CW10771,1,9,0,11,0,0,0,0,0,0,4,1,6,2,40,7,1296,1,8,3,1
201401CW10771,2,1,0,18,0,0,0,0,0,0,3,1,6,2,31,6,-1,-1,-1,3,1
201401CW10772,1,9,0,18,0,1,0,0,0,0,1,1,6,1,38,7,1596,1,21,2,1
201401CW10773,1,1,0,18,4,0,0,0,0,0,1,1,6,1,30,6,-1,-1,-1,6,1
201401CW10774,1,9,0,4,0,8,0,0,0,0,2,1,2,2,53,8,1598,1,12,5,1
201401CW10774,2,19,0,4,0,8,0,0,0,0,1,1,1,1,49,8,1248,2,1,9,1
201401CW10776,1,9,0,2,0,0,0,0,0,0,3,1,1,1,41,7,-1,-1,-1,-1,-1
201401CW10776,2,1,0,18,0,0,0,8,0,0,1,1,6,2,46,8,-1,-1,-1,2,1
201401CW10777,1,9,0,9,0,8,0,0,0,0,1,1,6,1,39,7,1797,8,4,4,1
201401CW10777,2,1,0,15,0,8,0,0,0,0,3,1,6,1,29,6,-1,-1,-1,-1,-1
201401CW10778,1,19,0,9,0,8,0,0,0,0,4,1,6,1,34,6,2446,2,13,1,1
201401CW10778,2,1,0,18,0,8,0,0,0,0,1,1,6,1,39,7,-1,-1,-1,7,1
201401CW10779,1,1,0,18,0,8,0,0,0,0,1,1,2,1,26,6,-1,-1,-1,3,1
201401CW10779,2,21,0,7,0,8,0,0,0,0,4,1,1,1,-1,-1,4461,2,5,-1,-1
201401CW10780,1,1,0,18,0,0,0,0,0,0,3,1,6,1,34,6,-1,-1,-1,4,1
201401CW10780,2,19,0,13,0,0,0,0,0,0,4,1,6,3,-1,-1,-1,-1,-1,-1,-1
201401CW10781,1,11,0,9,0,8,0,0,0,0,0,1,1,1,30,6,4462,2,3,2,1
201401CW10782,1,5,0,18,0,8,0,0,3,0,1,1,2,1,35,6,781,1,14,4,1
201401CW10782,2,1,0,9,0,8,0,0,0,0,4,1,1,1,55,8,-1,-1,-1,-1,-1
201401CW10783,1,4,0,18,0,0,0,0,0,0,4,1,6,1,58,9,278,1,3,5,1
201401CW10783,2,9,0,12,0,0,0,0,0,0,3,1,6,3,-1,-1,-1,-1,-1,-1,-1
201401CW10784,1,1,0,18,4,0,0,0,0,0,1,1,6,1,30,6,-1,-1,-1,3,1
201401CW10784,2,9,0,18,0,0,0,0,0,0,1,1,6,1,21,5,1199,1,13,3,1
201401CW10785,1,5,0,15,0,1,0,0,0,0,3,1,1,1,42,7,-1,-1,-1,-1,-1
201401CW10785,2,20,0,5,0,1,0,0,0,0,4,1,1,1,36,7,6871,2,-1,-1,-1
201401CW10786,1,1,0,4,0,0,0,0,0,0,1,1,2,1,21,5,-1,-1,-1,1,1
201401CW10787,1,19,0,18,0,8,0,0,0,0,3,1,1,1,36,7,1996,2,3,2,1
201401CW10787,2,3,0,7,0,8,0,0,0,0,4,1,1,1,34,6,-1,-1,-1,3,1
201401CW10788,1,9,0,18,0,8,0,0,0,0,4,1,1,1,36,7,1995,2,7,-1,1
201401CW10788,2,1,0,18,0,8,0,0,0,0,1,1,6,1,17,4,-1,-1,-1,-1,1
201401CW10789,1,8,0,18,0,8,0,0,0,0,1,1,6,1,33,6,2499,2,2,-1,1
201401CW10789,2,3,0,18,0,8,0,0,0,0,4,1,1,1,18,4,108,1,-1,2,1
201401CW10790,1,9,0,18,0,1,0,10,0,0,1,1,6,1,52,8,1800,1,15,1,1
201401CW10791,1,8,0,5,0,8,0,0,0,0,4,1,1,1,49,8,1796,1,7,1,1
201401CW10791,2,3,0,5,0,8,0,0,0,0,1,1,1,1,30,6,-1,-1,-1,-1,1
201401CW10792,1,2,0,18,0,0,0,0,0,0,3,1,2,1,-1,-1,124,1,1,2,1
201401CW10792,2,8,0,11,0,0,0,0,0,0,4,1,1,1,39,7,1997,2,3,3,1
201401CW10794,1,5,0,18,0,2,0,0,0,0,4,1,1,1,41,7,-1,-1,-1,-1,-1
201401CW10795,1,9,0,9,0,8,0,0,0,0,1,1,6,1,-1,-1,-1,-1,-1,-1,-1
201401CW10795,2,1,0,5,0,8,0,0,0,0,3,1,1,1,46,8,-1,-1,-1,7,1
201401CW10796,1,1,0,14,0,1,0,0,0,0,2,1,6,1,30,6,-1,-1,-1,5,1
201401CW10796,2,19,0,18,0,1,0,0,0,0,1,1,6,3,-1,-1,-1,-1,-1,-1,-1
201401CW10797,1,1,0,17,0,8,1,0,0,0,1,1,6,2,25,5,-1,-1,-1,-1,-1
201401CW10797,2,9,0,9,0,8,0,0,0,0,4,1,6,2,-1,-1,-1,-1,-1,-1,-1
201401CW10798,1,1,0,18,0,1,0,8,0,0,4,1,6,1,38,7,-1,-1,-1,8,1
201401CW10798,2,9,0,2,0,1,0,0,0,0,3,1,6,1,-1,-1,-1,-1,-1,-1,-1
201401CW10799,1,9,0,9,0,6,0,0,0,0,3,1,1,1,50,8,1997,2,2,3,1
201401CW10799,2,4,0,14,0,1,0,0,0,0,1,1,6,1,35,6,279,1,4,4,1
201401CW10800,1,8,0,5,0,1,0,0,0,0,3,1,1,1,-1,-1,1797,8,4,2,1
201401CW10800,2,1,0,14,0,1,0,0,0,0,4,1,6,2,22,5,-1,-1,-1,-1,-1
201401CW10801,1,3,0,4,0,0,0,0,0,0,1,1,2,1,35,6,125,1,9,4,1
201401CW10802,1,1,0,15,0,8,0,0,0,0,3,1,6,2,51,8,-1,-1,-1,1,1
201401CW10802,2,9,0,7,0,8,0,0,0,0,4,1,6,1,53,8,-1,-1,-1,-1,-1
201401CW10803,1,19,0,13,0,1,0,0,0,0,4,1,1,1,35,6,2198,2,6,2,1
201401CW10803,2,1,0,18,0,1,0,0,0,0,3,1,6,1,65,9,-1,-1,-1,7,1
201401CW10804,1,1,0,17,0,1,0,0,0,0,1,1,1,1,40,7,-1,-1,-1,2,1
201401CW10804,2,1,0,17,0,1,0,0,0,0,2,1,6,3,-1,-1,-1,-1,-1,-1,-1
201401CW10805,1,9,0,5,0,1,0,0,0,0,1,1,6,3,-1,-1,1397,1,10,-1,-1
201401CW10807,1,10,0,18,0,1,0,0,0,0,1,1,1,1,67,10,1995,2,5,5,1
201401CW10808,1,19,0,9,0,8,0,0,0,0,1,1,1,1,34,6,1896,2,7,5,1
201401CW10808,2,2,0,18,0,8,0,0,0,0,1,1,6,1,45,7,278,1,1,9,1
201401CW10809,1,1,0,18,0,8,0,0,0,0,1,1,2,1,23,5,-1,-1,-1,3,1
201401CW10810,1,9,0,18,0,2,0,0,0,0,1,1,6,1,25,5,999,1,2,3,1
201401CW10811,1,11,0,18,0,2,0,0,0,0,1,1,1,1,41,7,4500,2,2,3,1
201401CW10811,2,11,0,3,0,2,0,0,0,0,2,1,1,1,-1,-1,7300,2,9,-1,-1
201401CW10812,1,9,0,18,0,0,0,0,0,0,1,1,1,1,40,7,2143,2,3,2,1
201401CW10814,1,1,0,18,0,8,0,0,0,0,3,1,6,1,-1,-1,-1,-1,-1,3,1
201401CW10814,2,9,0,9,0,8,0,0,0,0,1,1,6,1,-1,-1,1590,1,11,-1,-1
201401CW10815,1,1,0,17,0,8,0,0,0,0,1,1,6,1,33,6,-1,-1,-1,8,1
201401CW10817,1,1,0,18,0,8,0,0,0,0,0,1,2,1,22,5,-1,-1,-1,7,1
201401CW10818,1,9,0,3,0,1,0,0,0,0,3,1,6,1,39,7,1995,2,3,2,1
201401CW10818,2,9,0,9,0,8,0,0,0,0,3,1,6,3,-1,-1,-1,-1,-1,-1,-1
201401CW10819,1,3,0,11,0,1,0,0,0,0,4,1,2,1,34,6,124,1,4,3,1
201401CW10819,2,8,0,3,0,1,0,0,0,0,0,1,1,1,-1,-1,-1,-1,-1,-1,-1
201401CW10821,1,1,0,18,0,8,0,0,0,0,0,1,2,1,27,6,-1,-1,-1,4,1
201401CW10822,1,9,0,4,0,0,0,0,0,0,4,1,6,1,41,7,2497,2,2,3,1
201401CW10824,1,9,0,9,0,8,0,0,0,0,1,1,1,1,29,6,2993,2,1,3,1
201401CW10824,2,1,0,18,0,8,0,0,0,0,3,1,6,2,29,6,-1,-1,-1,2,1
201401CW10825,1,5,0,18,0,1,0,0,0,0,4,1,1,1,26,6,898,1,-1,8,1
201401CW10825,2,9,0,12,0,1,0,0,0,0,3,1,6,1,29,6,1686,2,3,6,1
201401CW10827,1,9,0,5,0,8,0,0,0,0,1,1,2,1,54,8,4806,1,2,7,1
201401CW10827,2,1,0,18,0,8,0,0,0,0,1,1,2,1,41,7,-1,-1,-1,6,1
201401CW10827,3,1,0,4,0,8,0,0,0,0,1,1,2,1,30,6,-1,-1,-1,3,1
201401CW10831,1,1,0,17,0,8,0,0,0,0,1,1,6,3,-1,-1,-1,-1,-1,-1,-1
201401CW10832,1,1,0,18,0,1,0,0,0,0,4,1,6,1,-1,-1,-1,-1,-1,8,2
201401CW10834,1,11,0,5,0,2,0,0,0,0,4,1,1,1,39,7,6700,2,2,-1,1
201401CW10834,2,11,0,7,0,2,0,0,0,0,3,1,1,1,43,7,6370,2,5,4,1
201401CW10835,1,9,0,18,0,8,0,0,0,0,1,1,1,1,61,9,1896,2,8,5,1
201401CW10835,2,1,0,9,0,8,0,0,0,0,3,1,6,1,51,8,-1,-1,-1,2,1
201401CW10836,1,3,0,18,0,0,0,0,0,0,4,1,2,1,39,7,125,1,1,6,1