Accident_Index,Vehicle_Reference,Vehicle_Type,Towing_and_Articulation,Vehicle_Manoeuvre,Vehicle_Location-Restricted_Lane,Junction_Location,Skidding_and_Overturning,Hit_Object_in_Carriageway,Vehicle_Leaving_Carriageway,Hit_Object_off_Carriageway,1st_Point_of_Impact,Was_Vehicle_Left_Hand_Drive?,Journey_Purpose_of_Driver,Sex_of_Driver,Age_of_Driver,Age_Band_of_Driver,Engine_Capacity_(CC),Propulsion_Code,Age_of_Vehicle,Driver_IMD_Decile,Driver_Home_Area_Type
201401CW11048,1,9,0,18,0,8,0,0,0,0,4,1,6,1,57,9,1997,2,1,5,1
201401CW11049,1,9,0,18,0,8,0,0,0,0,1,1,1,1,57,9,-1,-1,-1,5,1
201401CW11049,2,8,0,18,0,8,0,0,0,0,4,1,6,1,37,7,2402,2,9,9,1
201401CW11050,1,1,0,18,0,8,0,0,0,0,1,1,2,2,39,7,-1,-1,-1,3,1
201401CW11050,2,9,0,18,0,8,0,0,0,0,1,1,1,1,24,5,2979,1,10,4,1
201401CW11051,1,1,0,18,0,8,0,0,0,0,1,1,6,1,21,5,-1,-1,-1,2,1
201401CW11053,1,9,0,6,0,8,0,0,0,0,1,1,6,1,38,7,1390,1,1,5,1
201401CW11053,2,1,0,18,0,8,0,0,0,0,2,1,1,1,40,7,-1,-1,-1,2,1
201401CW11054,1,9,0,18,0,8,0,0,0,0,3,1,6,1,24,5,1461,2,-1,2,1
201401CW11054,2,8,0,18,0,8,0,0,0,0,1,1,1,1,-1,-1,2664,2,14,8,1
201401CW11056,1,8,0,18,0,8,0,0,0,0,1,1,1,1,39,7,1997,2,6,2,1
201401CW11056,2,8,0,9,0,8,0,0,0,0,4,1,6,1,31,6,2402,2,12,9,1
201401CW11057,1,9,0,18,0,8,0,0,0,0,1,1,6,1,33,6,2143,2,3,-1,1
201401CW11057,2,8,0,9,0,8,0,0,0,0,4,1,1,1,32,6,2499,2,5,9,1
201401CW11058,1,8,0,18,0,8,0,0,0,0,1,1,6,1,29,6,1910,2,4,1,1
201401CW11058,2,1,0,9,0,8,0,0,0,0,4,1,6,1,23,5,-1,-1,-1,6,1
201401CW11059,1,8,0,17,0,8,0,0,0,0,1,1,6,1,34,6,1797,8,3,1,1
201401CW11059,2,9,0,18,0,8,0,0,0,0,4,1,6,2,27,6,1596,1,7,6,1
201401CW11060,1,1,0,18,0,0,0,0,0,0,4,1,2,1,32,6,-1,-1,-1,1,1
201401CW11060,2,90,0,18,0,0,0,0,0,0,3,1,4,3,-1,-1,-1,-1,-1,-1,-1
201401CW11061,1,3,0,12,0,1,0,0,0,0,3,1,6,2,19,4,125,1,1,1,1
201401CW11061,2,9,0,18,0,1,0,0,0,0,4,1,6,1,36,7,-1,-1,-1,5,1
201401CW11062,1,3,0,9,0,8,0,0,0,0,3,1,6,1,31,6,-1,-1,-1,1,1
201401CW11062,2,9,0,13,0,8,0,0,0,0,1,1,1,1,54,8,6752,1,1,5,1
201401CW11063,1,8,0,3,0,0,0,0,0,0,2,1,1,1,42,7,2148,2,4,8,1
201401CW11063,2,1,0,18,0,0,0,0,0,0,1,1,6,1,-1,-1,-1,-1,-1,4,1
201401CW11064,1,9,0,18,0,2,0,0,0,0,3,1,6,1,-1,-1,1968,2,9,-1,-1
201401CW11066,1,19,0,18,0,8,0,0,0,0,3,1,1,1,50,8,1968,2,2,-1,1
201401CW11066,2,8,0,18,0,8,0,0,0,0,1,1,1,1,-1,-1,2499,2,5,10,1
201401CW11067,1,1,0,18,0,8,0,0,0,0,3,1,1,2,36,7,-1,-1,-1,7,1
201401CW11067,2,9,0,7,0,8,0,0,0,0,1,1,4,1,-1,-1,-1,-1,-1,-1,-1
201401CW11069,1,19,0,7,0,8,0,0,0,0,4,1,6,1,39,7,2143,2,3,2,1
201401CW11069,2,1,0,18,0,8,0,0,0,0,1,1,6,1,28,6,-1,-1,-1,3,1
201401CW11071,1,1,0,18,0,8,0,0,0,0,1,1,6,1,30,6,-1,-1,-1,-1,-1
201401CW11071,2,19,0,18,0,8,0,0,0,0,3,1,6,1,45,7,2198,2,2,2,1
201401CW11073,1,19,0,7,0,8,0,0,0,0,4,1,1,1,42,7,-1,-1,-1,7,1
201401CW11073,2,1,0,18,0,8,0,0,0,0,1,1,6,1,37,7,-1,-1,-1,5,1
201401CW11074,1,8,0,16,0,8,0,0,0,0,1,1,1,1,44,7,1968,2,2,6,1
201401CW11074,2,1,0,17,0,8,0,0,1,0,1,1,1,1,37,7,-1,-1,-1,-1,-1
201401CW11075,1,1,0,18,0,8,0,0,0,0,1,1,6,1,-1,-1,-1,-1,-1,-1,-1
201401CW11077,1,1,0,3,0,8,0,0,0,0,2,1,1,1,41,7,-1,-1,-1,10,1
201401CW11077,2,11,0,4,0,8,0,0,0,0,1,1,1,1,-1,-1,4500,2,4,-1,-1
201401CW11078,1,9,0,9,0,8,0,10,1,0,1,1,6,1,17,4,-1,-1,-1,3,1
201401CW11078,2,9,0,9,0,8,0,0,0,0,0,1,6,1,19,4,-1,-1,-1,9,3
201401CW11078,3,9,0,18,0,8,0,0,0,0,0,1,6,3,-1,-1,-1,-1,-1,-1,-1
201401CW11079,1,4,0,7,0,8,1,10,0,0,1,1,6,1,33,6,998,1,7,2,1
201401CW11080,1,8,0,18,0,8,0,0,0,0,1,1,6,1,54,8,2499,2,5,10,1
201401CW11080,2,1,0,18,0,8,0,0,0,0,4,1,6,1,45,7,-1,-1,-1,3,2
201401CW11081,1,9,0,9,0,8,0,0,0,0,1,1,6,1,75,10,1396,1,17,8,1
201401CW11081,2,5,0,9,0,8,0,0,1,0,2,1,4,1,26,6,-1,-1,-1,-1,-1
201401CW11082,1,1,0,18,0,8,0,0,0,0,3,1,6,1,36,7,-1,-1,-1,-1,-1
201401CW11082,2,9,0,9,0,8,0,0,0,0,1,1,6,1,-1,-1,-1,-1,-1,-1,-1
201401CW11084,1,5,0,7,0,8,0,0,0,0,2,1,6,1,47,8,592,1,24,4,3
201401CW11084,2,9,0,17,0,8,0,0,0,0,1,1,6,1,-1,-1,2000,1,15,3,1
201401CW11085,1,3,0,10,0,8,0,0,0,0,0,1,6,1,19,4,125,1,1,3,1
201401CW11085,2,9,0,9,0,8,0,0,0,0,0,1,6,1,-1,-1,2987,2,2,-1,-1
201401CW11086,1,9,0,8,0,8,0,0,0,0,2,1,6,1,24,5,1360,1,13,2,1
201401CW11086,2,8,0,18,0,8,0,0,0,0,1,1,1,1,-1,-1,-1,-1,-1,-1,-1
201401CW11087,1,2,0,9,0,8,0,0,0,0,3,1,6,1,45,7,49,1,6,4,1
201401CW11088,1,1,0,11,0,8,0,0,0,0,2,1,6,1,26,6,-1,-1,-1,5,1
201401CW11088,2,9,0,18,0,8,0,0,0,0,1,1,6,1,-1,-1,-1,-1,-1,-1,-1
201401CW11091,1,9,0,7,0,8,0,0,0,0,4,1,6,1,-1,-1,1986,2,8,-1,-1
201401CW11091,2,1,0,18,0,8,0,0,0,0,1,1,6,1,26,6,-1,-1,-1,3,1
201401CW11092,1,11,0,4,0,0,0,0,0,0,0,1,1,3,-1,-1,4461,2,1,-1,-1
201401CW11093,1,11,0,5,0,0,0,0,0,0,0,1,1,1,57,9,4760,2,1,5,1
201401CW11095,1,9,0,9,0,8,0,0,0,0,1,1,6,1,41,7,2148,2,4,2,1
201401CW11095,2,3,0,18,0,8,0,0,0,0,1,1,6,1,48,8,125,1,3,-1,-1
201401CW11097,1,9,0,18,0,0,0,0,0,0,4,1,2,1,53,8,1796,1,2,4,1
201401CW11097,2,8,0,18,0,0,0,0,0,0,2,1,1,1,-1,-1,2499,2,-1,3,1
201401CW11097,3,1,0,15,0,0,0,0,0,0,4,1,6,1,39,7,-1,-1,-1,-1,-1
201401CW11098,1,1,0,18,0,0,0,0,0,0,2,1,6,1,44,7,-1,-1,-1,1,1
201401CW11098,2,8,0,18,0,0,0,0,0,0,3,1,6,1,51,8,2499,2,2,4,1
201401CW11098,3,1,0,18,0,0,0,0,0,0,1,1,6,3,-1,-1,-1,-1,-1,-1,-1
201401CW11099,1,3,0,18,0,0,0,0,0,0,4,1,6,1,25,5,125,1,1,-1,-1
201401CW11100,1,9,0,4,0,8,0,0,0,0,0,1,6,1,66,10,-1,-1,-1,7,1
201401CW11101,1,11,0,2,0,0,0,0,0,0,0,1,1,1,53,8,4461,2,-1,-1,-1
201401CW11102,1,11,0,4,0,1,0,0,0,0,0,1,1,1,53,8,6700,2,6,-1,-1
201401CW11103,1,19,0,7,0,8,0,0,0,0,4,1,1,1,50,8,1753,2,6,2,1
201401CW11104,1,9,0,18,0,8,0,0,0,0,1,1,6,1,27,6,1796,1,11,4,1
201401CW11105,1,8,0,18,0,2,0,0,0,0,2,1,1,1,44,7,-1,-1,-1,8,1
201401CW11105,2,1,0,18,0,2,0,0,0,0,1,1,6,1,49,8,-1,-1,-1,7,1
201401CW11106,1,9,0,9,0,8,0,0,0,0,1,1,6,1,44,7,2996,1,6,10,1
201401CW11106,2,9,0,18,0,8,0,0,0,0,1,1,6,1,48,8,998,1,4,-1,-1
201401CW11107,1,1,0,14,0,0,0,8,0,0,1,1,6,1,24,5,-1,-1,-1,4,1
201401CW11107,2,9,0,2,0,0,0,0,0,0,3,1,6,1,38,7,1598,1,5,-1,-1
201401CW11108,1,8,0,3,0,0,0,0,0,0,4,1,6,1,69,10,2402,2,10,10,1
201401CW11108,2,5,0,15,0,0,0,8,0,0,1,1,6,1,39,7,798,1,2,-1,1
201401CW11109,1,8,0,3,0,8,0,0,0,0,2,1,1,1,58,9,2402,2,10,8,1
201401CW11109,2,11,0,18,0,1,0,0,0,0,1,1,1,1,33,6,-1,-1,-1,3,1
201401CW11110,1,8,0,3,0,1,0,0,0,0,2,1,1,1,42,7,2499,2,5,10,1
201401CW11110,2,9,0,18,0,1,0,0,0,0,1,1,6,1,-1,-1,1910,2,8,-1,-1
201401CW11110,3,9,0,3,0,8,0,0,0,0,2,1,6,1,22,5,2720,2,9,-1,-1
201401CW11111,1,1,0,18,0,0,0,0,0,0,1,1,6,1,24,5,-1,-1,-1,3,1
201401CW11112,1,9,0,16,0,8,0,0,0,0,4,1,6,1,26,6,1896,2,12,4,1
201401CW11112,2,1,0,17,0,8,0,0,0,0,2,1,6,1,48,8,-1,-1,-1,3,1
201401CW11113,1,3,0,18,0,0,0,0,0,0,1,1,6,1,23,5,124,1,5,1,1
201401CW11113,2,11,0,3,0,0,0,0,0,0,2,1,6,1,38,7,4500,2,6,4,1
201401CW11115,1,9,0,17,0,8,0,0,0,0,1,1,6,1,-1,-1,1797,8,4,-1,-1
201401CW11116,1,1,0,18,0,0,0,0,0,0,1,1,6,1,41,7,-1,-1,-1,9,1
201401CW11117,1,11,0,18,0,8,0,0,0,0,4,1,1,1,44,7,4760,2,2,5,1
201401CW11117,2,1,0,18,0,8,0,0,0,0,3,1,1,1,24,5,-1,-1,-1,2,1
201401CW11118,1,9,0,9,0,8,0,0,0,0,4,1,6,1,60,9,2362,1,9,6,1
201401CW11118,2,1,0,18,0,8,0,0,0,0,3,1,6,1,35,6,-1,-1,-1,5,1
201401CW11119,1,3,0,10,0,8,0,0,0,0,1,1,6,1,25,5,125,1,8,4,1
201401CW11119,2,3,0,18,0,8,0,0,0,0,1,1,6,1,41,7,124,1,4,3,1
201401CW11120,1,9,0,18,0,8,0,0,0,0,1,1,6,1,20,4,1364,2,-1,5,1
201401CW11120,2,3,0,7,0,8,0,0,0,0,4,1,6,1,45,7,-1,-1,-1,2,1
201401CW11121,1,9,0,18,0,8,0,0,0,0,1,1,6,1,33,6,1598,1,2,3,1
201401CW11123,1,1,0,18,0,0,0,0,0,0,1,1,6,1,39,7,-1,-1,-1,-1,-1
201401CW11126,1,21,0,14,0,8,0,0,0,0,4,1,6,1,63,9,-1,-1,-1,-1,1
201401CW11126,2,1,0,12,0,8,0,0,0,0,3,1,6,1,34,6,-1,-1,-1,2,1
201401CW11127,1,9,0,7,0,8,0,0,0,0,2,1,6,1,45,7,2993,2,2,8,1
201401CW11127,2,11,0,18,0,8,0,0,0,0,1,1,1,1,35,6,6700,2,3,2,1
201401CW11128,1,11,0,18,0,2,0,0,0,0,1,1,6,1,57,9,4500,2,2,3,1
201401CW11128,2,1,0,13,0,1,0,0,0,0,1,1,6,1,26,6,-1,-1,-1,5,1
201401CW11129,1,3,0,17,0,0,0,0,0,0,1,1,6,1,20,4,124,1,7,9,3
201401CW11130,1,19,0,18,0,8,0,0,0,0,1,1,1,1,48,8,1248,2,3,3,1
201401CW11130,2,5,0,4,0,8,0,0,0,0,2,1,1,1,42,7,747,1,15,5,1
201401CW11130,3,3,0,18,0,8,0,0,0,0,1,1,6,1,43,7,125,1,11,5,1
201401CW11132,1,9,0,2,0,2,0,0,0,0,3,1,6,1,19,4,4395,1,1,-1,-1
201401CW11132,2,1,0,17,0,8,0,8,0,0,1,1,6,1,28,6,-1,-1,-1,2,1
201401CW11133,1,1,0,18,0,0,0,0,0,0,1,1,2,1,30,6,-1,-1,-1,4,1
201401CW11133,2,9,0,6,0,0,0,0,0,0,1,1,6,1,-1,-1,-1,-1,-1,7,1
201401CW11135,1,3,0,13,0,2,0,0,0,0,4,1,6,1,49,8,124,1,17,4,1
201401CW11135,2,8,0,6,0,8,0,0,0,0,1,1,1,1,-1,-1,-1,-1,-1,3,1
201401CW11136,1,4,0,14,0,8,0,0,0,0,1,1,6,1,50,8,278,1,3,9,1
201401CW11136,2,9,0,9,0,8,0,0,0,0,3,1,6,1,-1,-1,-1,-1,-1,-1,-1
201401CW11137,1,8,0,9,0,8,0,0,0,0,0,1,1,1,54,8,2499,2,2,10,1
201401CW11138,1,1,0,18,0,8,0,0,0,0,3,1,6,1,32,6,-1,-1,-1,-1,1
201401CW11138,2,1,0,4,0,8,0,0,0,0,1,1,6,1,26,6,-1,-1,-1,2,1
201401CW11138,3,1,0,13,0,8,0,0,0,0,4,1,6,3,-1,-1,-1,-1,-1,-1,-1
201401CW11139,1,9,0,4,0,8,0,0,0,0,2,1,1,1,46,8,-1,-1,-1,4,1
201401CW11139,2,1,0,18,0,8,0,0,0,0,1,1,6,1,25,5,-1,-1,-1,4,1
201401CW11140,1,1,0,16,0,8,0,0,0,0,3,1,6,2,24,5,-1,-1,-1,3,1
201401CW11140,2,21,0,16,0,8,0,0,0,0,4,1,6,1,56,9,4461,2,2,7,1
201401CW11141,1,1,0,18,0,8,0,0,0,0,0,1,6,2,26,6,-1,-1,-1,3,1
201401CW11143,1,8,0,18,0,8,0,0,0,0,4,1,1,1,48,8,2664,2,14,1,1
201401CW11145,1,3,0,13,4,8,0,0,0,0,4,1,6,1,53,8,124,1,8,-1,1
201401CW11145,2,1,0,18,4,8,0,0,0,0,3,1,6,1,28,6,-1,-1,-1,-1,-1
201401CW11146,1,9,0,2,0,0,0,0,0,0,1,1,6,1,31,6,2143,2,2,6,1
201401CW11146,2,19,0,1,0,0,0,0,0,0,2,1,1,1,-1,-1,-1,-1,-1,-1,-1
201401CW11147,1,1,0,17,0,8,0,0,0,0,4,1,6,1,47,8,-1,-1,-1,5,1
201401CW11147,2,9,0,17,0,8,0,0,0,0,1,1,6,1,-1,-1,-1,-1,-1,3,1
201401CW11149,1,19,0,3,0,0,0,0,0,0,2,1,6,1,36,7,2143,2,2,6,1
201401CW11149,2,1,0,18,0,0,0,0,0,0,1,1,6,1,46,8,-1,-1,-1,4,1
201401CW11151,1,11,0,5,0,8,0,0,0,0,0,1,1,1,38,7,7300,2,10,5,1
201401CW11152,1,11,0,18,0,8,0,0,0,0,1,1,1,1,50,8,4461,2,1,2,1
201401CW11153,1,9,0,9,0,8,0,0,0,0,2,1,6,1,24,5,2720,2,9,8,1
201401CW11154,1,3,0,14,0,8,0,0,0,0,1,1,6,2,42,7,-1,-1,-1,3,1
201401CW11154,2,9,0,14,0,1,0,0,0,0,1,1,6,1,60,9,4367,2,-1,-1,1
201401CW11155,1,9,0,4,0,8,0,0,0,0,2,1,6,1,38,7,5000,1,4,3,1
201401CW11155,2,9,0,18,0,8,0,0,0,0,1,1,6,1,39,7,2148,2,11,2,1
201401CW11159,1,1,0,5,0,8,0,0,0,0,2,1,2,2,27,6,-1,-1,-1,-1,1
201401CW11159,2,9,0,5,0,8,0,0,0,0,1,1,6,1,-1,-1,1956,2,-1,-1,-1
201401CW11161,1,11,0,4,0,0,0,0,0,0,0,1,6,1,48,8,4461,2,1,1,1
201401CW11162,1,5,0,18,0,8,0,0,0,0,1,1,6,1,27,6,-1,-1,-1,2,1
201401CW11162,2,20,0,9,0,8,0,0,0,0,1,1,1,1,46,8,4580,2,4,4,1
201401CW11163,1,8,0,18,0,1,0,0,0,0,1,1,1,1,57,9,-1,-1,-1,8,1
201401CW11163,2,5,0,4,0,1,0,0,0,0,2,1,6,1,30,6,670,1,2,3,1
201401CW11164,1,1,0,13,0,8,0,0,0,0,4,1,6,2,39,7,-1,-1,-1,6,1
201401CW11164,2,20,0,18,0,8,0,0,0,0,3,1,6,3,-1,-1,-1,-1,-1,-1,-1
201401CW11165,1,1,0,4,0,8,0,0,0,0,1,1,6,2,29,6,-1,-1,-1,7,1
201401CW11165,2,9,0,1,0,8,0,0,0,0,2,1,6,1,-1,-1,-1,-1,-1,-1,-1
201401CW11166,1,5,0,16,0,8,0,0,0,0,3,1,6,2,54,8,599,1,15,5,1
201401CW11166,2,9,0,9,0,8,0,0,0,0,4,1,2,1,48,8,1870,2,11,4,1
201401CW11167,1,1,0,12,0,0,0,0,0,0,1,1,6,1,30,6,-1,-1,-1,3,1
201401CW11168,1,9,0,9,0,8,0,0,0,0,4,1,6,1,22,5,2499,1,6,7,1
201401CW11168,2,1,0,18,0,8,0,0,0,0,1,1,6,1,19,4,-1,-1,-1,-1,1
201401CW11169,1,1,0,15,0,8,0,0,0,0,3,1,6,1,22,5,-1,-1,-1,5,1
201401CW11169,2,11,0,18,0,8,0,0,0,0,4,1,1,1,50,8,7300,2,10,6,1
201401CW11170,1,1,0,18,0,8,0,0,0,0,3,1,6,2,-1,-1,-1,-1,-1,-1,-1
201401CW11170,2,9,0,13,0,8,0,0,0,0,4,1,6,3,-1,-1,-1,-1,-1,-1,-1
201401CW11171,1,1,0,18,0,0,0,4,0,0,4,1,6,1,23,5,-1,-1,-1,-1,1
201401CW11171,2,8,0,2,0,0,0,0,0,0,3,1,6,1,44,7,2402,2,11,8,1
201401CW11172,1,8,0,9,0,8,1,0,0,0,2,1,6,1,32,6,-1,-1,-1,5,1
201401CW11172,2,3,0,18,0,8,0,0,0,0,1,1,1,1,35,6,125,1,6,7,1
201401CW11173,1,19,0,17,0,1,0,0,0,0,1,1,1,1,53,8,-1,-1,-1,2,1
201401CW11173,2,2,0,7,0,2,0,0,0,0,1,1,1,1,21,5,125,1,3,1,1
201401CW11175,1,11,0,4,0,8,0,0,0,0,0,1,6,1,50,8,4461,2,1,2,1
201401CW11176,1,11,0,4,0,1,0,0,0,0,0,1,6,1,44,7,7300,2,10,4,1
201401CW11177,1,8,0,18,0,8,0,0,0,0,4,1,6,1,29,6,2499,2,1,10,2
201401CW11177,2,9,0,18,0,8,0,0,0,0,1,1,6,3,-1,-1,-1,-1,-1,-1,-1
201401CW11179,1,9,0,18,0,1,0,0,0,0,1,1,6,3,-1,-1,-1,-1,-1,-1,-1
201401CW11180,1,1,0,18,0,1,0,0,0,0,0,1,6,2,29,6,-1,-1,-1,5,1
201401CW11180,2,8,0,18,0,1,0,0,0,0,0,1,1,1,-1,-1,-1,-1,-1,-1,-1
201401CW11182,1,9,0,18,0,8,0,0,0,0,1,1,6,1,55,8,1896,2,12,-1,-1
201401CW11182,2,1,0,18,0,8,0,0,0,0,4,1,6,1,28,6,-1,-1,-1,8,1
201401CW11183,1,9,0,18,0,8,0,0,0,0,1,1,6,1,35,6,1995,2,7,1,1
201401CW11183,2,9,0,18,0,8,0,0,0,0,4,1,6,1,19,4,1587,1,11,1,1
201401CW11185,1,1,0,9,0,8,0,0,0,0,2,1,6,1,35,6,-1,-1,-1,6,1
201401CW11185,2,3,0,18,0,8,0,0,0,0,1,1,6,1,-1,-1,-1,-1,-1,-1,-1
201401CW11187,1,1,0,18,0,8,0,0,0,0,3,1,2,1,27,6,-1,-1,-1,3,1
201401CW11187,2,9,0,9,0,8,0,0,0,0,1,1,6,1,-1,-1,-1,-1,-1,-1,-1
201401CW11188,1,3,0,17,0,8,0,0,0,0,1,1,6,1,30,6,125,1,15,4,1
201401CW11188,2,11,0,18,0,8,0,0,0,0,1,1,1,1,46,8,6700,2,2,1,1
201401CW11189,1,19,0,8,0,8,0,0,0,0,2,1,6,1,-1,-1,1796,7,10,3,1
201401CW11189,2,20,0,1,0,8,0,0,0,0,2,1,1,1,-1,-1,5880,2,3,-1,-1
201401CW11190,1,9,0,18,0,8,0,10,1,10,4,1,6,1,-1,-1,1968,2,1,-1,-1
201401CW11190,2,9,0,18,0,8,0,0,0,0,1,1,6,1,-1,-1,-1,-1,-1,-1,-1
201401CW11191,1,3,0,17,0,8,0,0,0,0,3,1,6,1,40,7,124,1,3,9,1
201401CW11191,2,3,0,17,0,8,0,0,0,0,3,1,6,1,31,6,125,1,8,10,1
201401CW11193,1,11,0,16,0,8,0,0,0,0,4,1,1,1,-1,-1,-1,-1,-1,-1,-1
201401CW11193,2,1,0,16,0,8,0,0,0,0,3,1,6,2,21,5,-1,-1,-1,7,1
201401CW11195,1,8,0,2,0,1,0,0,0,0,4,1,1,1,34,6,1598,1,3,3,1
201401CW11195,2,1,0,18,0,1,0,8,0,0,1,1,6,2,51,8,-1,-1,-1,3,1
201401CW11196,1,1,0,18,0,2,0,0,0,0,4,1,6,1,46,8,-1,-1,-1,-1,-1
201401CW11198,1,11,0,4,0,8,0,0,0,0,0,1,1,1,38,7,7300,2,10,5,1
201401CW11199,1,20,0,18,0,8,0,0,0,0,1,1,6,1,56,9,3920,2,5,3,1
201401CW11199,2,21,0,18,0,8,0,0,0,0,4,1,1,1,61,9,8970,2,8,-1,1
201401CW11200,1,3,0,18,0,0,0,0,0,0,3,1,2,1,24,5,124,1,7,-1,-1
201401CW11202,1,9,0,18,0,1,0,0,0,0,1,1,6,1,28,6,1968,2,5,2,1
201401CW11202,2,9,0,3,0,8,0,0,0,0,2,1,6,1,45,7,1997,2,6,2,1
201401CW11204,1,19,0,13,0,1,0,0,0,0,4,1,1,1,-1,-1,2198,2,1,2,1
201401CW11204,2,1,0,18,0,1,0,0,0,0,3,1,6,1,-1,-1,-1,-1,-1,7,1
201401CW11205,1,5,0,7,0,8,0,0,0,0,4,1,6,1,63,9,650,1,-1,2,1
201401CW11207,1,19,0,1,0,0,0,0,0,0,2,1,1,1,37,7,2198,2,6,4,1
201401CW11207,2,1,0,18,0,0,0,0,0,0,1,1,6,2,54,8,-1,-1,-1,4,1
201401CW11208,1,1,0,18,0,8,0,0,0,0,1,1,6,1,23,5,-1,-1,-1,-1,-1
201401CW11210,1,11,0,4,0,8,0,0,0,0,0,1,1,1,51,8,4461,2,1,4,1
201401CW11211,1,3,0,13,0,8,0,0,0,0,4,1,6,1,24,5,108,1,-1,3,1
201401CW11211,2,9,0,9,0,8,0,0,0,0,3,1,6,1,22,5,2143,2,2,-1,1
201401CW11212,1,1,0,18,0,0,0,0,0,0,1,1,6,3,-1,-1,-1,-1,-1,-1,-1
201401CW11213,1,9,0,18,0,8,0,0,0,0,1,1,6,1,35,6,-1,-1,-1,2,1
201401CW11213,2,1,0,9,0,8,0,0,0,0,4,1,6,1,37,7,-1,-1,-1,3,1
201401CW11214,1,9,0,6,0,8,0,0,0,0,0,1,6,1,33,6,2148,2,7,-1,1
201401CW11214,2,1,0,18,0,1,0,0,0,0,0,1,6,1,38,7,-1,-1,-1,2,1
201401CW11215,1,8,0,6,0,1,0,0,0,0,3,1,1,1,74,10,2499,2,6,5,1
201401CW11215,2,1,0,14,0,1,0,0,0,0,1,1,6,1,20,4,-1,-1,-1,9,1
201401CW11217,1,9,0,9,0,8,0,0,0,0,1,1,6,2,22,5,1968,2,1,2,1
201401CW11217,2,9,0,18,0,8,0,0,0,0,1,1,6,1,35,6,1797,8,4,2,1
201401CW11218,1,11,0,5,0,8,0,0,0,0,0,1,6,1,57,9,4461,2,-1,1,1
201401CW11219,1,9,0,18,0,8,0,0,0,0,2,1,6,1,47,8,3498,1,-1,3,1
201401CW11219,2,1,0,18,0,8,0,0,0,0,1,1,6,1,-1,-1,-1,-1,-1,-1,-1
201401CW11220,1,11,0,5,0,0,0,0,0,0,0,1,1,3,-1,-1,4461,2,-1,-1,-1
201401CW11221,1,3,0,16,0,8,0,0,0,0,4,1,6,1,23,5,125,1,7,2,1
201401CW11221,2,9,0,9,0,8,0,0,0,0,1,1,6,1,-1,-1,1689,2,11,-1,-1
201401CW11222,1,1,0,18,0,8,0,0,0,0,1,1,6,1,23,5,-1,-1,-1,7,1
201401CW11222,2,8,0,7,0,8,0,0,0,0,4,1,1,1,-1,-1,-1,-1,-1,-1,-1
201401CW11224,1,3,0,14,0,0,0,4,0,0,1,1,6,1,24,5,125,1,5,2,1
201401CW11224,2,8,0,2,0,0,0,0,0,0,2,1,6,1,45,7,2179,2,6,4,1
201401CW11225,1,9,0,4,0,0,0,0,0,0,2,1,6,2,29,6,1798,8,1,4,1
201401CW11225,2,19,0,18,0,0,0,0,0,0,1,1,1,1,28,6,1998,2,11,3,1
201401CW11226,1,9,0,18,0,0,0,0,0,0,2,1,6,2,30,6,1560,2,10,6,1
201401CW11226,2,9,0,18,0,0,0,0,0,0,1,1,6,1,42,7,1781,1,8,4,1
201401CW11227,1,11,0,18,0,2,0,0,0,0,2,1,1,1,45,7,4500,2,4,3,1
201401CW11227,2,11,0,13,0,2,0,0,0,0,3,1,1,1,27,6,9360,2,2,4,1
201401CW11228,1,5,0,18,0,0,0,0,0,0,3,1,6,1,37,7,998,1,9,-1,-1
201401CW11229,1,11,0,18,0,8,0,10,0,0,4,1,1,1,61,9,4461,2,-1,-1,1
201401CW11229,2,1,0,9,0,8,0,0,0,0,0,1,6,1,16,4,-1,-1,-1,4,1
201401CW11230,1,11,0,2,0,1,0,0,0,0,0,1,1,3,-1,-1,6700,2,3,-1,-1
201401CW11232,1,9,0,17,0,8,0,0,0,0,1,1,6,2,43,7,1364,1,6,4,1
201401CW11233,1,1,0,18,0,0,0,0,0,0,1,1,6,1,21,5,-1,-1,-1,1,1
201401CW11234,1,9,0,18,0,8,0,10,1,10,1,1,6,2,28,6,1198,1,6,-1,3
201401CW11235,1,11,0,18,0,0,0,0,0,0,1,2,1,1,-1,-1,-1,-1,-1,-1,-1
201401CW11235,2,1,0,3,0,0,0,0,0,0,1,1,6,1,52,8,-1,-1,-1,-1,1
201401CW11237,1,9,0,16,0,8,0,0,0,0,1,1,6,1,23,5,2000,1,5,3,1
201401CW11237,2,9,0,18,0,8,0,0,0,0,1,1,6,2,36,7,1896,2,12,6,1
201401CW11238,1,9,0,18,0,8,0,0,0,0,3,1,6,2,47,8,999,1,2,2,1
201401CW11238,2,1,0,18,0,8,0,0,0,0,1,1,6,1,26,6,-1,-1,-1,3,1
201401CW11239,1,19,0,7,0,8,0,0,0,0,4,1,1,1,39,7,1995,2,7,-1,-1
201401CW11239,2,11,0,18,0,8,0,0,0,0,1,1,1,1,53,8,7300,2,10,3,1
201401CW11240,1,11,0,18,0,8,0,0,0,0,0,1,1,3,-1,-1,-1,-1,-1,-1,-1
201401CW11240,2,90,0,18,0,8,0,10,0,0,3,1,6,1,20,4,-1,-1,-1,1,1
201401CW11242,1,11,0,14,0,1,0,0,0,0,1,1,1,1,-1,-1,-1,-1,-1,-1,-1
201401CW11243,1,8,0,3,0,0,0,0,0,0,4,1,1,1,57,9,2499,2,4,8,1
201401CW11243,2,3,0,18,0,0,0,8,0,0,1,1,6,1,34,6,125,1,-1,2,1
201401CW11244,1,8,0,18,0,8,0,0,0,0,1,1,1,1,50,8,1798,8,-1,-1,1
201401CW11244,2,8,0,9,0,8,0,0,0,0,4,1,1,1,40,7,2499,2,3,10,1
201401CW11245,1,9,0,6,0,2,0,0,0,0,4,1,6,1,40,7,1364,1,6,5,1
201401CW11245,2,19,0,18,0,8,0,0,0,0,4,1,1,1,46,8,1868,2,10,4,1
201401CW11246,1,8,0,18,0,0,0,0,0,0,1,1,6,1,57,9,2664,2,13,6,1