Accident_Index,Vehicle_Reference,Vehicle_Type,Towing_and_Articulation,Vehicle_Manoeuvre,Vehicle_Location-Restricted_Lane,Junction_Location,Skidding_and_Overturning,Hit_Object_in_Carriageway,Vehicle_Leaving_Carriageway,Hit_Object_off_Carriageway,1st_Point_of_Impact,Was_Vehicle_Left_Hand_Drive?,Journey_Purpose_of_Driver,Sex_of_Driver,Age_of_Driver,Age_Band_of_Driver,Engine_Capacity_(CC),Propulsion_Code,Age_of_Vehicle,Driver_IMD_Decile,Driver_Home_Area_Type
201401CW11247,1,3,0,18,0,8,0,0,0,0,1,1,6,1,29,6,125,1,8,3,1
201401CW11247,2,9,0,18,0,8,0,0,0,0,1,1,6,1,-1,-1,-1,-1,-1,-1,-1
201401CW11248,1,9,0,18,0,8,0,0,0,0,4,1,6,1,42,7,1997,2,-1,10,1
201401CW11248,2,11,0,18,0,8,0,0,0,0,3,1,1,1,-1,-1,4461,2,-1,5,1
201401CW11249,1,9,0,18,0,0,0,0,0,0,1,1,6,2,73,10,1968,2,3,6,1
201401CW11250,1,11,0,16,0,0,0,0,0,0,0,1,1,1,46,8,4500,2,3,3,1
201401CW11251,1,3,0,18,0,2,0,0,0,0,1,1,2,1,32,6,125,1,5,-1,-1
201401CW11252,1,9,0,17,0,8,0,0,0,0,0,1,6,1,40,7,2987,2,4,7,1
201401CW11253,1,9,0,1,0,8,0,0,0,0,2,1,6,3,-1,-1,1598,2,-1,-1,-1
201401CW11254,1,5,0,18,0,0,0,0,0,0,4,1,6,1,36,7,999,1,3,3,1
201401CW11255,1,9,0,18,0,8,0,0,0,0,1,1,6,2,36,7,1598,1,7,3,1
201401CW11255,2,3,0,9,0,8,0,0,0,0,4,1,6,1,19,4,-1,-1,-1,6,1
201401CW11256,1,9,0,3,0,0,0,0,0,0,3,2,6,1,49,8,-1,-1,-1,-1,-1
201401CW11256,2,1,0,14,0,0,0,8,0,0,1,1,6,2,34,6,-1,-1,-1,2,1
201401CW11257,1,9,0,3,0,8,0,0,0,0,1,1,6,2,34,6,998,1,2,2,1
201401CW11257,2,9,0,18,0,1,0,0,0,0,1,1,6,1,-1,-1,3700,1,12,2,1
201401CW11258,1,1,0,17,0,8,0,0,0,0,4,1,6,1,29,6,-1,-1,-1,5,1
201401CW11258,2,9,0,9,0,8,0,0,0,0,1,1,6,1,-1,-1,1598,1,7,-1,1
201401CW11259,1,8,0,18,0,0,0,0,0,0,1,1,1,1,65,9,2499,2,1,3,1
201401CW11260,1,1,0,18,0,0,0,0,0,0,1,1,6,1,37,7,-1,-1,-1,2,1
201401CW11262,1,11,0,5,0,8,0,0,0,0,0,1,1,3,-1,-1,-1,-1,-1,-1,-1
201401CW11263,1,8,0,4,0,8,0,0,0,0,2,1,1,1,54,8,2143,2,1,5,1
201401CW11263,2,5,0,18,0,8,0,0,0,0,1,1,6,1,42,7,954,1,11,10,1
201401CW11264,1,1,0,16,0,8,0,0,0,0,0,1,6,1,44,7,-1,-1,-1,10,1
201401CW11264,2,11,0,18,0,8,0,0,0,0,0,1,1,3,-1,-1,-1,-1,-1,-1,-1
201401CW11265,1,19,0,18,0,8,0,0,0,0,1,1,1,1,49,8,1998,2,9,1,1
201401CW11265,2,4,0,6,0,8,0,0,0,0,1,1,6,1,36,7,279,1,3,2,1
201401CW11266,1,11,0,18,0,8,0,0,0,0,1,1,6,1,45,7,4500,2,2,6,1
201401CW11267,1,3,0,18,0,0,0,0,0,0,1,1,6,1,55,8,-1,-1,-1,1,1
201401CW11267,2,19,0,18,0,0,0,0,0,0,2,1,6,1,47,8,2402,2,3,3,1
201401CW11268,1,90,0,7,0,8,0,0,0,0,4,1,6,1,39,7,-1,-1,-1,2,1
201401CW11268,2,3,0,7,0,8,0,0,0,0,3,1,6,1,25,5,124,1,4,2,1
201401CW11269,1,8,0,3,0,0,0,0,0,0,4,1,1,1,55,8,-1,-1,-1,6,1
201401CW11269,2,1,0,18,0,0,0,8,0,0,1,1,6,1,23,5,-1,-1,-1,1,1
201401CW11270,1,8,0,1,0,0,0,0,0,0,2,1,1,1,39,7,2499,2,1,2,1
201401CW11270,2,1,0,18,0,0,0,0,0,0,1,1,2,1,43,7,-1,-1,-1,3,1
201401CW11271,1,8,0,7,0,8,0,0,0,0,1,1,6,1,38,7,-1,-1,-1,5,1
201401CW11271,2,1,0,7,0,8,0,0,0,0,2,1,6,1,27,6,-1,-1,-1,4,1
201401CW11272,1,9,0,2,0,0,0,0,0,0,3,1,6,1,38,7,1796,1,4,3,1
201401CW11272,2,1,0,18,0,0,0,8,0,0,1,1,6,2,24,5,-1,-1,-1,8,1
201401CW11273,1,3,0,17,0,0,0,0,0,0,4,1,6,2,30,6,124,1,11,-1,-1
201401CW11274,1,3,0,18,0,0,0,0,0,0,3,1,6,2,23,5,124,1,3,2,1
201401CW11274,2,9,0,6,0,0,0,0,0,0,0,1,6,3,-1,-1,-1,-1,-1,-1,-1
201401CW11275,1,3,0,3,0,0,0,0,0,0,2,1,6,2,46,8,108,1,1,7,1
201401CW11275,2,9,0,18,0,0,0,0,0,0,1,1,6,1,52,8,1796,1,5,7,1
201401CW11276,1,9,0,18,0,8,0,0,0,0,3,1,6,1,37,7,2143,2,1,10,2
201401CW11276,2,11,0,9,0,8,0,0,0,0,4,1,1,1,-1,-1,12800,2,-1,-1,-1
201401CW11278,1,8,0,2,0,8,0,0,0,0,2,1,1,1,41,7,-1,-1,-1,3,1
201401CW11278,2,9,0,9,0,8,0,0,0,0,1,1,6,1,-1,-1,5998,1,7,-1,-1
201401CW11279,1,8,0,2,0,0,0,0,0,0,4,1,6,1,70,10,2499,2,5,3,1
201401CW11279,2,5,0,18,0,0,0,8,0,0,1,1,6,1,54,8,740,1,19,6,1
201401CW11280,1,3,0,18,0,8,0,0,0,0,1,1,6,1,36,7,125,1,-1,3,1
201401CW11284,1,11,0,18,0,0,0,0,0,0,0,1,1,1,46,8,8650,2,15,-1,-1
201401CW11285,1,19,0,9,0,8,0,0,0,0,4,1,1,1,37,7,1870,2,8,5,1
201401CW11285,2,3,0,18,0,8,0,0,0,0,1,1,6,1,54,8,-1,-1,-1,-1,-1
201401CW11287,1,9,0,9,0,8,0,0,0,0,4,1,6,1,32,6,1240,1,10,4,1
201401CW11287,2,1,0,18,0,8,0,0,0,0,1,1,6,1,20,4,-1,-1,-1,1,1
201401CW11288,1,8,0,18,0,8,0,0,0,0,1,1,1,1,56,9,2499,2,6,4,1
201401CW11288,2,9,0,7,0,8,0,0,0,0,4,1,6,1,41,7,1598,1,-1,8,1
201401CW11290,1,11,0,17,0,8,0,0,0,0,0,1,1,1,50,8,9360,2,6,3,1
201401CW11291,1,9,0,7,0,8,0,0,0,0,4,1,6,2,32,6,2191,2,-1,-1,-1
201401CW11291,2,1,0,18,0,8,0,0,0,0,1,1,6,1,31,6,-1,-1,-1,-1,1
201401CW11292,1,9,0,18,0,8,0,0,0,0,1,1,6,1,51,8,1360,1,12,6,1
201401CW11293,1,9,0,7,0,8,0,0,0,0,4,1,6,2,-1,-1,1591,1,3,-1,-1
201401CW11293,2,1,0,18,0,8,0,0,0,0,1,1,6,1,29,6,-1,-1,-1,-1,1
201401CW11294,1,9,0,7,0,8,0,0,0,0,1,1,6,1,60,9,2499,2,15,3,1
201401CW11295,1,8,0,18,0,1,0,0,0,0,2,1,6,1,54,8,1995,2,10,1,1
201401CW11295,2,9,0,13,0,1,0,0,0,0,1,1,6,1,37,7,2993,2,7,3,1
201401CW11296,1,9,0,17,0,8,0,0,0,0,1,1,6,1,44,7,-1,-1,-1,3,1
201401CW11296,2,19,0,4,0,8,0,0,0,0,2,1,1,1,24,5,1995,2,6,7,2
201401CW11299,1,9,0,9,0,8,0,0,0,0,4,1,6,2,53,8,1242,1,11,9,1
201401CW11299,2,1,0,18,0,8,0,0,0,0,1,1,6,1,26,6,-1,-1,-1,5,3
201401CW11301,1,19,0,4,0,0,0,0,0,0,1,1,1,1,54,8,1995,2,6,3,1
201401CW11301,2,9,0,3,0,0,0,0,0,0,2,1,1,1,43,7,3200,2,3,2,1
201401CW11302,1,9,0,17,0,8,0,0,0,0,4,1,6,3,-1,-1,-1,-1,-1,-1,-1
201401CW11302,2,5,0,17,0,8,0,0,0,0,3,1,6,1,-1,-1,645,1,4,4,1
201401CW11304,1,9,0,17,0,8,0,0,0,0,4,1,6,2,23,5,1598,1,9,1,1
201401CW11304,2,11,0,17,0,8,0,0,0,0,3,1,1,3,-1,-1,7300,2,12,-1,-1
201401CW11305,1,1,0,16,0,8,0,0,0,0,1,1,6,1,27,6,-1,-1,-1,4,1
201401CW11305,2,1,0,18,0,8,0,0,0,0,1,1,6,1,24,5,-1,-1,-1,-1,-1
201401CW11306,1,9,0,13,0,1,0,0,0,0,4,1,6,1,65,9,2967,2,1,7,1
201401CW11306,2,1,0,18,0,1,0,0,0,0,3,1,6,2,32,6,-1,-1,-1,3,1
201401CW11307,1,9,0,9,0,8,0,0,0,0,1,1,6,2,38,7,1560,2,1,1,1
201401CW11308,1,8,0,5,0,2,0,0,0,0,1,1,1,1,67,10,2499,2,3,6,1
201401CW11309,1,9,0,9,0,8,0,0,0,0,1,1,6,3,-1,-1,-1,-1,-1,-1,-1
201401CW11309,2,1,0,18,0,8,0,0,0,0,3,1,6,1,35,6,-1,-1,-1,1,1
201401CW11310,1,9,0,13,0,1,0,0,0,0,4,1,6,3,-1,-1,-1,-1,-1,-1,-1
201401CW11310,2,1,0,18,0,1,0,0,0,0,3,1,6,1,16,4,-1,-1,-1,-1,1
201401CW11311,1,19,0,1,0,1,0,0,0,0,2,1,1,1,43,7,2143,2,3,1,1
201401CW11312,1,9,0,18,0,8,0,0,0,0,1,1,1,1,55,8,1590,1,11,2,1
201401CW11312,2,1,0,12,0,8,0,0,0,0,2,1,6,2,19,4,-1,-1,-1,3,1
201401CW11313,1,9,0,5,0,8,0,0,0,0,3,1,2,2,50,8,1973,1,14,10,1
201401CW11313,2,1,0,18,0,8,0,0,0,0,1,1,6,1,35,6,-1,-1,-1,4,1
201401CW11314,1,1,0,18,0,2,0,8,0,0,1,1,2,1,43,7,-1,-1,-1,10,2
201401CW11314,2,19,0,2,0,2,0,0,0,0,3,1,1,1,50,8,1360,1,12,3,1
201401CW11315,1,11,0,5,0,1,0,0,0,0,0,1,1,1,67,10,5132,2,-1,-1,-1
201401CW11317,1,19,0,9,0,8,0,0,0,0,1,1,1,1,38,7,2461,2,4,3,1
201401CW11317,2,1,0,18,0,8,0,0,0,0,4,1,2,1,39,7,-1,-1,-1,-1,-1
201401CW11318,1,20,0,7,0,8,0,0,0,0,4,1,1,1,52,8,11946,2,2,4,2
201401CW11318,2,1,0,18,0,8,0,0,0,0,1,1,6,2,26,6,-1,-1,-1,6,1
201401CW11319,1,19,0,10,0,8,0,0,0,0,0,1,1,1,48,8,2143,2,1,4,1
201401CW11319,2,3,0,18,0,8,0,0,0,0,3,1,6,1,54,8,124,1,4,8,1
201401CW11321,1,3,0,18,0,0,0,0,0,0,4,1,1,1,31,6,124,1,12,2,1
201401CW11321,2,9,0,5,0,0,0,0,0,0,3,1,1,2,23,5,1598,1,2,2,1
201401CW11322,1,3,0,5,0,1,1,0,0,0,3,1,2,1,38,7,124,1,-1,7,1
201401CW11322,2,8,0,5,0,1,0,0,0,0,4,1,1,1,-1,-1,2499,2,5,-1,-1
201401CW11324,1,9,0,2,0,0,0,0,0,0,3,1,1,1,54,8,-1,-1,-1,10,1
201401CW11324,2,1,0,18,0,0,0,4,0,0,1,1,6,1,39,7,-1,-1,-1,-1,-1
201401CW11325,1,9,0,18,0,2,0,0,0,0,1,1,1,1,24,5,-1,-1,-1,6,3
201401CW11326,1,9,0,9,0,1,0,0,0,0,1,1,6,1,59,9,3199,1,15,2,1
201401CW11327,1,8,0,3,0,0,0,0,0,0,4,1,1,1,-1,-1,1910,2,5,-1,-1
201401CW11327,2,1,0,15,0,0,0,8,0,0,1,1,6,2,23,5,-1,-1,-1,6,1
201401CW11328,1,19,0,4,0,0,0,0,0,0,1,1,1,1,32,6,2198,2,4,1,1
201401CW11328,2,9,0,4,0,0,0,0,0,0,2,1,6,2,29,6,1598,1,11,-1,-1
201401CW11329,1,3,0,18,0,1,0,0,0,0,1,1,6,1,27,6,125,1,5,3,1
201401CW11329,2,9,0,7,0,1,0,0,0,0,4,1,6,1,54,8,2993,2,4,-1,-1
201401CW11330,1,9,0,18,0,0,0,10,1,0,1,1,6,1,24,5,2000,1,5,3,1
201401CW11331,1,9,0,9,0,8,0,0,0,0,1,1,6,1,32,6,-1,-1,-1,5,1
201401CW11332,1,9,0,18,0,1,0,0,0,0,2,1,6,2,60,9,1797,8,5,3,1
201401CW11332,2,19,0,18,0,1,0,0,0,0,2,1,6,1,31,6,1995,2,7,-1,-1
201401CW11332,3,8,0,18,0,1,0,0,0,0,1,1,1,1,52,8,2402,2,12,2,1
201401CW11333,1,2,0,9,0,1,0,0,0,0,2,1,1,2,-1,-1,48,1,5,-1,-1
201401CW11333,2,9,0,9,0,1,0,0,0,0,1,1,6,1,-1,-1,-1,-1,-1,-1,-1
201401CW11334,1,3,0,18,0,8,0,0,0,0,1,1,6,1,-1,-1,125,1,2,5,1
201401CW11337,1,9,0,7,0,8,0,0,0,0,4,1,6,1,38,7,1995,2,1,6,1
201401CW11337,2,9,0,18,0,8,0,0,0,0,3,1,6,1,-1,-1,-1,-1,-1,-1,-1
201401CW11339,1,9,0,2,0,0,0,0,0,0,3,1,6,2,32,6,1598,1,8,5,1
201401CW11339,2,1,0,18,0,0,0,8,0,0,1,1,6,1,51,8,-1,-1,-1,2,1
201401CW11341,1,11,0,18,0,1,0,0,0,0,0,1,1,2,26,6,7300,2,12,4,1
201401CW11342,1,8,0,9,0,2,0,0,0,0,3,1,1,1,52,8,2664,2,13,6,1
201401CW11343,1,11,0,18,0,0,0,0,0,0,4,1,1,1,44,7,9360,2,1,2,1
201401CW11344,1,1,0,18,0,1,0,0,0,0,1,1,6,1,33,6,-1,-1,-1,2,1
201401CW11345,1,1,0,18,0,8,0,0,0,0,1,1,6,1,34,6,-1,-1,-1,3,1
201401CW11346,1,8,0,9,0,8,0,0,0,0,4,1,1,1,33,6,1497,8,6,2,1
201401CW11346,2,1,0,18,0,8,0,0,0,0,1,1,2,1,31,6,-1,-1,-1,4,1
201401CW11347,1,11,0,18,0,2,0,0,0,0,4,1,1,1,-1,-1,6696,2,1,2,1
201401CW11347,2,9,0,7,0,2,0,4,0,0,3,1,6,1,20,4,1796,1,7,1,1
201401CW11347,3,9,0,2,0,2,0,0,0,0,3,1,6,3,-1,-1,2231,2,-1,-1,-1
201401CW11348,1,3,0,5,0,0,0,0,0,0,1,1,2,1,42,7,125,1,5,2,1
201401CW11348,2,1,0,5,0,0,0,0,0,0,3,1,2,1,33,6,-1,-1,-1,-1,-1
201401CW11349,1,8,0,4,0,1,0,0,0,0,3,1,6,3,-1,-1,2148,2,4,-1,-1
201401CW11350,1,3,0,14,0,0,1,0,0,0,1,1,6,1,47,8,124,1,1,4,1
201401CW11352,1,3,0,17,0,8,0,0,0,0,1,1,6,1,28,6,124,1,6,10,1
201401CW11352,2,9,0,6,0,8,0,0,0,0,4,1,6,1,33,6,-1,-1,-1,5,1
201401CW11354,1,11,0,18,2,0,0,0,0,0,3,1,1,1,33,6,7300,2,11,-1,1
201401CW11354,2,19,0,11,2,0,0,0,0,0,4,1,1,1,30,6,1870,2,8,-1,1
201401CW11355,1,20,0,7,0,1,0,0,0,0,4,1,1,1,38,7,9200,2,3,7,1
201401CW11355,2,3,0,18,0,1,0,0,0,0,3,1,6,2,39,7,124,1,2,4,1
201401CW11356,1,9,0,18,0,1,0,0,0,0,4,1,2,1,42,7,1560,2,2,4,1
201401CW11357,1,8,0,18,0,0,0,0,0,0,1,1,1,1,53,8,2402,2,11,3,1
201401CW11359,1,20,0,18,0,0,0,0,0,0,2,1,6,1,-1,-1,2402,2,9,-1,-1
201401CW11364,1,4,0,18,0,1,0,0,0,0,1,1,6,1,50,8,779,1,2,6,1
201401CW11365,1,1,0,16,0,8,0,0,0,0,4,1,6,1,30,6,-1,-1,-1,-1,1
201401CW11365,2,9,0,16,0,8,0,0,0,0,4,1,6,1,33,6,1896,2,6,4,1
201401CW11366,1,9,0,18,0,8,0,0,0,0,3,1,1,1,49,8,5998,1,7,3,1
201401CW11366,2,11,0,9,0,8,0,0,0,0,4,1,1,1,59,9,9360,2,3,10,1
201401CW11367,1,1,0,18,0,8,0,0,0,0,1,1,6,1,37,7,-1,-1,-1,7,1
201401CW11367,2,16,0,18,0,8,0,0,0,0,0,1,6,3,-1,-1,-1,-1,-1,-1,-1
201401CW11368,1,9,0,18,0,1,0,0,0,0,4,1,6,2,36,7,998,1,7,-1,-1
201401CW11369,1,9,0,18,0,8,0,0,0,0,1,1,6,1,38,7,3800,1,-1,4,1
201401CW11369,2,9,0,18,0,8,0,4,0,0,1,1,6,1,70,10,-1,-1,-1,7,3
201401CW11369,3,9,0,2,0,8,0,0,0,0,2,1,6,3,-1,-1,2493,8,-1,-1,-1
201401CW11369,4,9,0,2,0,8,0,0,0,0,1,1,6,3,-1,-1,1995,2,2,-1,-1
201401CW11369,5,9,0,2,0,8,0,0,0,0,1,1,6,3,-1,-1,1587,1,10,-1,-1
201401CW11369,6,9,0,2,0,8,0,0,0,0,2,1,6,3,-1,-1,2967,2,8,-1,-1
201401CW11371,1,90,0,18,0,8,0,0,0,0,1,1,1,1,29,6,5900,2,7,3,1
201401CW11372,1,21,0,11,0,8,0,0,0,0,4,1,1,1,44,7,6370,2,11,3,1
201401CW11372,2,11,0,12,0,8,0,0,0,0,3,1,1,1,45,7,-1,-1,-1,3,1
201401CW11373,1,11,0,3,0,2,0,0,0,0,0,1,1,1,45,7,4500,2,3,2,1
201401CW11374,1,11,0,4,2,0,0,0,0,0,0,1,1,1,28,6,4461,2,1,1,1
201401CW11375,1,9,0,4,0,8,0,0,0,0,2,1,6,2,33,6,1995,2,10,2,1
201401CW11375,2,9,0,18,0,8,0,0,0,0,1,1,6,1,29,6,1560,2,-1,2,1
201401CW11377,1,19,0,18,0,2,0,0,0,0,2,1,1,1,27,6,1560,2,6,-1,-1
201401CW11377,2,5,0,18,0,2,0,0,0,0,1,1,1,1,44,7,599,1,10,10,1
201401CW11378,1,9,0,7,0,1,1,0,0,0,4,1,2,1,30,6,1995,2,7,3,1
201401CW11378,2,11,0,5,0,1,0,0,0,0,1,1,1,1,54,8,4500,2,-1,2,1
201401CW11379,1,5,0,18,0,0,0,0,0,0,4,1,1,1,56,9,-1,-1,-1,-1,-1
201401CW11380,1,19,0,5,0,1,0,0,0,0,1,1,1,1,43,7,2198,2,7,5,1
201401CW11380,2,4,0,3,0,1,0,0,0,0,2,1,2,1,51,8,471,1,1,4,1
201401CW11381,1,3,0,8,0,2,0,0,0,0,4,1,1,1,41,7,124,1,4,1,1
201401CW11381,2,9,0,7,0,2,0,0,0,0,3,1,6,1,-1,-1,1995,2,3,-1,-1
201401CW11382,1,3,0,18,0,8,0,0,0,0,0,1,6,1,24,5,125,1,7,2,1
201401CW11382,2,9,0,1,0,8,0,0,0,0,0,1,6,1,44,7,1598,1,9,3,1
201401CW11383,1,3,0,18,0,8,0,0,0,0,3,1,6,1,31,6,124,1,4,-1,1
201401CW11383,2,9,0,18,0,8,0,0,0,0,1,1,6,1,45,7,1988,1,13,-1,-1
201401CW11384,1,9,0,4,0,1,0,0,0,0,1,1,6,1,50,8,2477,2,10,3,1
201401CW11384,2,9,0,3,0,1,0,0,0,0,2,1,6,1,59,9,-1,-1,-1,-1,-1
201401CW11387,1,11,0,3,0,0,0,0,0,0,4,1,1,1,-1,-1,-1,-1,-1,-1,-1
201401CW11389,1,19,0,16,0,7,0,0,0,0,1,1,1,1,40,7,2402,2,8,4,1
201401CW11391,1,11,0,4,0,1,0,0,0,0,0,1,1,1,34,6,4461,2,1,4,1
201401CW11392,1,3,0,18,0,8,0,0,0,0,1,1,6,1,20,4,-1,-1,-1,1,1
201401CW11392,2,9,0,9,0,8,0,0,0,0,4,1,6,3,-1,-1,1968,2,7,-1,-1
201401CW11393,1,8,0,9,0,8,0,0,0,0,1,1,1,1,47,8,2402,2,8,8,1
201401CW11394,1,4,0,18,0,8,0,0,0,0,1,1,1,1,42,7,1237,1,2,-1,-1
201401CW11394,2,8,0,9,0,8,0,0,0,0,3,1,1,1,41,7,1791,8,3,4,1
201401CW11395,1,1,0,18,0,8,0,0,0,0,4,1,2,1,31,6,-1,-1,-1,7,1
201401CW11395,2,8,0,18,0,8,0,0,0,0,1,1,1,1,-1,-1,2664,2,13,7,2
201401CW11397,1,1,0,4,0,1,0,8,0,0,3,1,1,2,37,7,-1,-1,-1,2,1
201401CW11397,2,9,0,3,0,1,0,0,0,0,4,1,6,1,-1,-1,1896,2,14,-1,-1
201401CW11398,1,1,0,18,0,1,0,0,0,0,1,1,6,3,-1,-1,-1,-1,-1,-1,-1
201401CW11401,1,1,0,18,0,8,0,0,0,0,1,1,6,2,32,6,-1,-1,-1,3,1
201401CW11401,2,8,0,7,0,8,0,0,0,0,3,1,1,1,59,9,2499,2,7,9,1
201401CW11404,1,1,0,18,0,1,0,0,0,0,1,1,6,1,51,8,-1,-1,-1,-1,-1
201401CW11405,1,8,0,18,0,8,0,0,0,0,4,1,1,1,52,8,2499,2,2,6,1
201401CW11405,2,1,0,12,0,8,0,0,0,0,3,1,6,2,35,6,-1,-1,-1,4,1
201401CW11406,1,1,0,18,0,8,0,0,0,0,4,1,6,2,50,8,-1,-1,-1,3,1
201401CW11406,2,9,0,9,0,8,0,0,0,0,1,1,6,2,-1,-1,2993,2,9,4,1
201401CW11408,1,9,0,4,0,1,0,0,0,0,2,1,2,1,33,6,1956,2,4,1,1
201401CW11408,2,9,0,4,0,1,0,0,0,0,1,1,2,1,-1,-1,-1,-1,-1,10,2
201401CW11411,1,1,0,18,0,0,0,0,0,0,3,1,6,1,30,6,-1,-1,-1,-1,1
201401CW11411,2,8,0,13,0,0,0,0,0,0,4,1,6,1,-1,-1,-1,-1,-1,-1,-1
201401CW11412,1,3,0,18,0,1,0,0,0,0,3,1,1,1,22,5,124,1,2,4,1
201401CW11412,2,9,0,18,0,1,0,0,0,0,4,1,6,1,50,8,1896,2,8,9,1
201401CW11413,1,9,0,3,0,1,0,0,0,0,0,1,6,1,-1,-1,1598,1,1,1,1
201401CW11413,2,1,0,15,0,1,0,10,1,10,4,1,6,1,26,6,-1,-1,-1,-1,-1
201401CW11414,1,19,0,1,0,0,0,0,0,0,2,1,1,1,32,6,2148,2,4,8,1
201401CW11415,1,8,0,18,0,2,0,0,0,0,1,1,6,1,44,7,2499,2,7,8,1
201401CW11415,2,3,0,1,0,2,0,0,0,0,2,1,1,1,33,6,108,1,-1,5,1
201401CW11417,1,21,0,18,0,8,0,0,0,0,4,1,1,1,36,7,-1,-1,-1,5,1
201401CW11417,2,1,0,18,0,8,0,0,0,0,3,1,6,1,41,7,-1,-1,-1,3,1
201401CW11418,1,2,0,3,0,2,0,0,0,0,2,1,6,1,23,5,125,1,2,2,1
201401CW11418,2,9,0,4,0,2,0,0,0,0,1,1,6,2,-1,-1,-1,-1,-1,-1,-1
201401CW11420,1,11,0,18,0,8,0,0,0,0,1,1,1,1,35,6,7300,2,10,2,1
201401CW11421,1,8,0,7,0,2,0,0,0,0,1,1,1,1,-1,-1,1997,2,2,-1,-1
201401CW11422,1,9,0,18,0,0,0,10,7,10,1,1,6,2,33,6,2143,2,5,3,1
201401CW11423,1,19,0,5,0,1,0,0,0,0,4,1,1,1,44,7,-1,-1,-1,3,1
201401CW11425,1,11,0,18,0,1,0,0,0,0,1,1,6,1,-1,-1,-1,-1,-1,-1,-1
201401CW11426,1,9,0,9,0,8,0,0,0,0,4,1,1,1,45,7,1796,1,9,1,1
201401CW11426,2,9,0,18,0,8,0,0,0,0,1,1,6,1,21,5,1968,2,9,2,1
201401CW11428,1,8,0,5,0,2,0,0,0,0,1,1,1,1,51,8,2402,2,9,10,1
201401CW11429,1,9,0,9,0,8,0,0,0,0,4,1,6,1,37,7,3189,1,7,5,1
201401CW11429,2,1,0,18,0,8,0,0,0,0,1,1,6,1,26,6,-1,-1,-1,-1,1
201401CW11430,1,9,0,18,0,8,0,0,0,0,1,1,6,1,38,7,2987,2,7,1,1
201401CW11431,1,9,0,18,0,8,0,0,0,0,0,1,6,1,-1,-1,-1,-1,-1,-1,-1
201401CW11432,1,19,0,1,0,1,0,0,0,0,2,1,1,1,34,6,1753,2,1,7,1
201401CW11432,2,3,0,4,0,1,0,0,0,0,1,1,1,1,31,6,125,1,7,-1,-1
201401CW11433,1,9,0,18,0,1,0,0,0,0,1,1,6,3,-1,-1,-1,-1,-1,-1,-1
201401CW11435,1,3,0,9,0,8,0,0,0,0,1,1,1,1,23,5,124,1,9,3,1
201401CW11436,1,9,0,18,0,0,0,0,0,0,2,1,1,1,27,6,-1,-1,-1,3,1
201401CW11436,2,3,0,18,0,0,0,0,0,0,1,1,2,1,25,5,108,1,3,2,1
201401CW11437,1,1,0,18,0,1,0,0,0,0,1,1,6,1,39,7,-1,-1,-1,1,1
201401CW11438,1,1,0,13,0,1,0,0,0,0,4,1,1,1,68,10,-1,-1,-1,7,1
201401CW11438,2,8,0,6,0,1,0,0,0,0,3,1,1,1,-1,-1,-1,-1,-1,-1,-1
201401CW11439,1,1,0,18,0,1,0,0,0,0,2,1,6,1,36,7,-1,-1,-1,4,1
201401CW11439,2,8,0,13,0,1,0,0,0,0,1,1,6,3,-1,-1,-1,-1,-1,-1,-1
201401CW11440,1,21,0,18,0,8,0,0,0,0,1,1,1,1,41,7,4500,2,-1,-1,-1
201401CW11440,2,5,0,9,0,8,0,0,0,0,1,1,6,1,-1,-1,652,1,7,7,1
201401CW11441,1,9,0,7,0,8,0,0,0,0,3,1,6,1,52,8,1796,1,7,1,1
201401CW11441,2,1,0,18,0,8,0,0,0,0,1,1,6,2,49,8,-1,-1,-1,6,1
201401CW11442,1,9,0,11,0,8,0,0,0,0,1,1,6,1,20,4,1956,2,5,3,1
201401CW11442,2,1,0,18,0,8,0,0,0,0,2,1,6,2,50,8,-1,-1,-1,-1,1
201401CW11444,1,1,0,18,0,8,0,0,0,0,1,1,6,1,17,4,-1,-1,-1,6,1
201401CW11444,2,9,0,18,0,8,0,0,0,0,1,1,6,1,34,6,5935,1,7,-1,1
201401CW11445,1,11,0,17,0,8,0,0,0,0,0,1,1,1,35,6,6692,2,5,2,1
201401CW11446,1,1,0,18,0,8,0,0,0,0,1,1,6,1,26,6,-1,-1,-1,-1,-1
201401CW11446,2,8,0,4,0,8,0,0,0,0,2,1,1,1,-1,-1,2499,2,6,-1,-1
201401CW11448,1,9,0,16,0,8,0,0,0,0,3,1,6,2,27,6,1390,1,10,-1,1
201401CW11448,2,9,0,9,0,8,0,0,0,0,1,1,6,1,68,10,2435,1,10,6,1
201401CW11449,1,9,0,9,0,8,0,0,0,0,4,1,6,2,28,6,2400,2,4,7,1
201401CW11449,2,9,0,18,0,8,0,0,0,0,1,1,6,2,23,5,-1,-1,-1,-1,-1
201401CW11450,1,1,0,18,0,1,0,0,0,0,1,1,6,2,21,5,-1,-1,-1,-1,-1
201401CW11452,1,1,0,18,0,2,0,0,0,0,2,1,6,1,52,8,-1,-1,-1,6,1
201401CW11452,2,9,0,18,0,2,0,0,0,0,1,1,6,2,-1,-1,-1,-1,-1,-1,-1
201401CW11453,1,3,0,5,0,1,0,0,0,0,4,1,6,1,24,5,124,1,-1,2,1
201401CW11453,2,9,0,5,0,1,0,0,0,0,3,1,6,3,-1,-1,-1,-1,-1,-1,-1
201401CW11458,1,5,0,18,0,0,0,0,0,0,1,1,6,1,26,6,645,1,7,2,1
201401CW11458,2,8,0,11,0,0,0,0,0,0,2,1,1,1,54,8,-1,-1,-1,-1,-1
201401CW11461,1,9,0,9,0,8,0,0,0,0,4,1,6,1,54,8,1396,1,16,6,1
201401CW11461,2,3,0,18,0,8,0,0,0,0,1,1,6,1,51,8,124,1,12,4,1
201401CW11462,1,9,0,18,0,1,0,0,0,0,1,1,6,1,37,7,-1,-1,-1,8,1
201401CW11463,1,9,0,4,0,0,0,0,0,0,1,1,6,1,42,7,1896,2,11,3,1