Accident_Index,Vehicle_Reference,Vehicle_Type,Towing_and_Articulation,Vehicle_Manoeuvre,Vehicle_Location-Restricted_Lane,Junction_Location,Skidding_and_Overturning,Hit_Object_in_Carriageway,Vehicle_Leaving_Carriageway,Hit_Object_off_Carriageway,1st_Point_of_Impact,Was_Vehicle_Left_Hand_Drive?,Journey_Purpose_of_Driver,Sex_of_Driver,Age_of_Driver,Age_Band_of_Driver,Engine_Capacity_(CC),Propulsion_Code,Age_of_Vehicle,Driver_IMD_Decile,Driver_Home_Area_Type
201401CW11463,2,9,0,4,0,0,0,0,0,0,2,1,6,1,49,8,1796,1,10,5,1
201401CW11463,3,9,0,4,0,0,0,0,0,0,2,1,6,2,31,6,1968,2,5,9,3
201401CW11467,1,19,0,18,0,2,0,0,0,0,2,1,1,1,28,6,2463,2,9,-1,-1
201401CW11467,2,8,0,18,0,2,0,0,0,0,1,1,1,1,41,7,2664,2,15,7,1
201401CW11468,1,19,0,6,0,8,0,0,0,0,3,1,1,1,24,5,-1,-1,-1,2,1
201401CW11468,2,3,0,18,0,8,0,0,0,0,1,1,1,1,-1,-1,108,1,-1,-1,-1
201401CW11472,1,9,0,18,0,1,0,10,0,0,1,1,6,1,51,8,2496,2,11,2,1
201401CW11472,2,9,0,18,0,2,0,0,0,0,0,1,6,3,-1,-1,-1,-1,-1,-1,-1
201401CW11473,1,1,0,3,0,1,0,0,0,0,4,1,1,1,34,6,-1,-1,-1,4,1
201401CW11473,2,9,0,12,0,1,0,0,0,0,3,1,6,1,-1,-1,-1,-1,-1,-1,-1
201401CW11474,1,1,0,10,0,8,0,0,0,0,3,1,6,1,-1,-1,-1,-1,-1,6,1
201401CW11474,2,11,0,14,0,8,0,0,0,0,4,1,6,3,-1,-1,-1,-1,-1,-1,-1
201401CW11476,1,9,0,18,0,0,0,0,0,0,0,1,6,1,-1,-1,1339,8,11,2,1
201401CW11476,2,9,0,4,0,0,0,0,0,0,2,1,6,1,56,9,1984,2,6,2,1
201401CW11476,3,9,0,18,0,0,0,0,0,0,1,1,6,1,32,6,-1,-1,-1,-1,1
201401CW11477,1,9,0,1,0,8,0,0,0,0,3,1,6,1,49,8,1850,1,14,1,1
201401CW11477,2,11,0,18,0,8,0,0,0,0,1,1,1,1,29,6,-1,-1,-1,2,1
201401CW11479,1,19,0,5,0,8,0,0,0,0,4,1,1,1,44,7,2148,2,6,5,1
201401CW11479,2,1,0,12,0,8,0,0,0,0,3,1,6,1,27,6,-1,-1,-1,8,1
201401CW11482,1,19,0,18,0,1,0,0,0,0,4,1,6,1,-1,-1,-1,-1,-1,-1,-1
201401CW11483,1,1,0,12,0,2,0,0,0,0,2,1,6,2,38,7,-1,-1,-1,-1,-1
201401CW11483,2,9,0,18,0,2,0,0,0,0,1,1,6,1,-1,-1,-1,-1,-1,-1,-1
201401CW11484,1,11,0,7,0,1,0,0,0,0,4,1,1,1,49,8,9360,2,3,3,1
201401CW11484,2,1,0,5,0,1,0,0,0,0,3,1,6,1,50,8,-1,-1,-1,3,1
201401CW11485,1,5,0,18,0,1,0,0,0,0,4,1,2,1,43,7,675,1,3,3,1
201401CW11485,2,9,0,12,0,1,0,0,0,0,3,1,6,3,-1,-1,-1,-1,-1,-1,-1
201401CW11486,1,9,0,7,0,1,0,0,0,0,4,1,1,1,-1,-1,1997,2,3,-1,-1
201401CW11486,2,1,0,15,0,1,0,0,0,0,3,1,6,1,31,6,-1,-1,-1,4,1
201401CW11487,1,9,0,1,0,0,0,0,0,0,1,1,6,2,36,7,1399,1,7,6,1
201401CW11488,1,11,0,5,0,0,0,0,0,0,1,1,1,1,56,9,4760,2,1,7,1
201401CW11489,1,9,0,18,0,8,0,0,0,0,4,1,6,1,25,5,1461,2,-1,3,1
201401CW11489,2,9,0,7,0,8,0,0,0,0,1,1,6,1,57,9,1596,1,14,1,1
201401CW11490,1,1,0,14,0,1,0,8,0,0,1,1,6,1,69,10,-1,-1,-1,4,1
201401CW11490,2,9,0,2,0,1,0,0,0,0,3,1,6,1,-1,-1,3199,1,13,-1,-1
201401CW11491,1,1,0,18,0,0,0,4,0,0,1,1,6,1,32,6,-1,-1,-1,6,1
201401CW11491,2,9,0,2,0,0,0,0,0,0,3,1,6,1,-1,-1,1598,1,2,-1,-1
201401CW11492,1,8,0,18,0,8,0,0,0,0,3,1,1,1,46,8,2143,2,2,-1,-1
201401CW11492,2,11,0,9,0,8,0,0,0,0,1,1,1,1,38,7,4500,2,3,9,1
201401CW11495,1,19,0,7,0,2,0,0,0,0,3,1,6,1,34,6,2198,2,2,3,1
201401CW11496,1,9,0,18,0,0,0,0,0,0,1,1,6,3,-1,-1,-1,-1,-1,-1,-1
201401CW11496,2,1,0,3,0,0,0,0,0,0,2,1,6,1,53,8,-1,-1,-1,2,1
201401CW11497,1,9,0,18,0,1,0,0,0,0,1,1,1,1,54,8,-1,-1,-1,3,1
201401CW11497,2,19,0,10,0,1,0,0,0,0,2,1,6,1,49,8,-1,-1,-1,3,1
201401CW11498,1,19,0,5,0,1,0,0,0,0,1,1,6,1,52,8,-1,-1,-1,2,1
201401CW11499,1,9,0,7,0,0,0,0,0,0,4,1,6,2,37,7,1198,1,2,3,1
201401CW11499,2,1,0,18,5,0,0,0,0,0,1,1,6,1,32,6,-1,-1,-1,2,1
201401CW11500,1,3,0,5,0,1,0,0,0,0,3,1,2,1,38,7,125,1,2,4,1
201401CW11500,2,5,0,5,0,1,0,0,0,0,4,1,6,1,-1,-1,670,1,1,-1,-1
201401CW11502,1,8,0,9,0,2,0,0,0,0,1,1,1,1,56,9,2143,2,-1,3,1
201401CW11503,1,9,0,18,0,8,0,0,0,0,1,1,6,2,46,8,-1,-1,-1,-1,1
201401CW11503,2,1,0,18,0,8,0,0,0,0,4,1,6,1,30,6,-1,-1,-1,6,1
201401CW11504,1,8,0,18,0,1,0,0,0,0,4,1,1,1,-1,-1,-1,-1,-1,-1,-1
201401CW11505,1,20,0,9,0,8,0,0,0,0,3,1,1,1,-1,-1,-1,-1,-1,-1,-1
201401CW11506,1,8,0,17,0,0,0,0,0,0,3,1,1,1,67,10,2499,2,6,6,1
201401CW11507,1,9,0,5,0,1,0,0,0,0,2,1,6,2,68,10,1797,8,4,6,1
201401CW11507,2,19,0,4,0,1,0,0,0,0,1,1,1,1,-1,-1,2800,2,9,4,1
201401CW11508,1,9,0,18,0,1,0,0,0,0,3,1,6,1,31,6,2521,1,7,5,1
201401CW11511,1,9,0,18,0,8,0,10,1,1,1,1,6,1,59,9,4367,2,3,6,1
201401CW11511,2,9,0,18,0,8,0,0,0,0,3,1,6,1,30,6,3000,2,12,2,1
201401CW11512,1,9,0,18,0,3,0,0,0,0,4,1,2,1,43,7,2993,2,4,4,3
201401CW11514,1,8,0,4,0,1,0,0,0,0,0,1,1,2,39,7,-1,-1,-1,3,1
201401CW11514,2,9,0,4,0,1,0,0,0,0,0,1,6,3,-1,-1,-1,-1,-1,-1,-1
201401CW11515,1,20,0,1,0,1,0,0,0,0,2,1,6,1,-1,-1,-1,-1,-1,-1,-1
201401CW11517,1,19,0,9,0,8,0,0,0,0,3,1,1,2,48,8,2143,2,4,2,1
201401CW11517,2,1,0,9,0,8,0,0,0,0,4,1,6,2,43,7,-1,-1,-1,-1,-1
201401CW11518,1,8,0,9,0,8,0,0,0,0,1,1,1,1,52,8,1997,2,1,-1,-1
201401CW11518,2,1,0,18,0,8,0,0,0,0,4,1,2,1,29,6,-1,-1,-1,7,1
201401CW11519,1,9,0,6,0,0,0,0,0,0,3,1,1,1,27,6,2987,2,6,3,1
201401CW11519,2,3,0,14,0,0,0,0,0,0,1,1,2,1,28,6,124,1,16,7,1
201401CW11520,1,20,0,7,0,1,0,0,0,0,4,1,1,1,50,8,6871,2,1,2,1
201401CW11520,2,1,0,7,0,1,0,0,0,0,3,1,6,2,28,6,-1,-1,-1,6,1
201401CW11522,1,1,0,18,0,2,0,0,0,0,1,1,1,1,42,7,-1,-1,-1,1,1
201401CW11523,1,11,0,18,0,0,0,0,0,0,3,1,1,1,45,7,4461,2,1,-1,-1
201401CW11523,2,21,0,1,0,0,0,0,0,0,2,1,1,1,-1,-1,-1,-1,-1,3,1
201401CW11524,1,1,0,18,0,1,0,0,0,0,1,1,6,1,39,7,-1,-1,-1,4,1
201401CW11524,2,8,0,3,0,1,0,0,0,0,2,1,1,1,49,8,2402,2,11,10,1
201401CW11525,1,8,0,9,0,2,0,0,0,0,2,1,1,1,49,8,2499,2,3,6,1
201401CW11525,2,3,0,9,0,2,0,0,0,0,3,1,2,2,36,7,125,1,7,1,1
201401CW11527,1,2,0,7,0,2,0,0,0,0,1,1,6,1,-1,-1,-1,-1,-1,-1,-1
201401CW11530,1,1,0,18,0,0,0,0,0,0,0,1,6,1,42,7,-1,-1,-1,5,1
201401CW11533,1,9,0,9,0,8,0,0,0,0,3,1,6,2,38,7,1997,2,2,-1,-1
201401CW11533,2,8,0,1,0,8,0,0,0,0,2,1,6,3,-1,-1,-1,-1,-1,-1,-1
201401CW11534,1,8,0,18,0,0,0,0,0,0,3,1,1,1,54,8,-1,-1,-1,2,1
201401CW11534,2,3,0,12,0,0,0,0,0,0,4,1,6,1,26,6,125,1,6,1,1
201401CW11536,1,19,0,7,0,1,0,0,0,0,4,1,1,1,30,6,1598,2,-1,8,1
201401CW11536,2,3,0,7,0,1,0,0,0,0,3,1,6,1,46,8,125,1,1,1,1
201401CW11537,1,3,0,18,0,2,1,0,0,0,4,1,2,1,25,5,125,1,-1,1,1
201401CW11540,1,11,0,18,0,8,0,10,1,1,1,1,1,1,47,8,4760,2,1,3,1
201401CW11540,2,8,0,5,0,8,0,10,1,10,3,1,1,1,50,8,2664,2,14,10,2
201401CW11541,1,1,0,18,0,8,0,0,0,0,4,1,6,2,24,5,-1,-1,-1,5,1
201401CW11541,2,9,0,9,0,8,0,0,0,0,1,1,6,1,-1,-1,1598,1,1,-1,-1
201401CW11542,1,8,0,4,0,2,0,0,0,0,2,1,1,1,46,8,-1,-1,-1,8,1
201401CW11542,2,11,0,2,0,2,0,0,0,0,2,2,1,1,48,8,-1,-1,-1,-1,-1
201401CW11542,3,9,0,18,0,2,0,0,0,0,1,1,6,3,-1,-1,1995,1,7,-1,-1
201401CW11543,1,1,0,18,0,1,0,0,0,0,1,1,6,1,50,8,-1,-1,-1,8,1
201401CW11543,2,9,0,7,0,1,0,0,0,0,4,1,6,1,-1,-1,1242,1,4,7,1
201401CW11544,1,19,0,9,0,8,0,0,0,0,2,1,6,1,47,8,1560,2,3,3,1
201401CW11544,2,1,0,18,0,8,0,0,0,0,1,1,6,2,25,5,-1,-1,-1,2,1
201401CW11545,1,1,0,15,0,8,0,0,0,0,1,1,6,1,27,6,-1,-1,-1,-1,1
201401CW11545,2,9,0,7,0,8,0,0,0,0,4,1,6,1,49,8,1968,2,-1,6,1
201401CW11546,1,8,0,5,0,1,0,0,0,0,3,1,1,1,41,7,2987,2,-1,1,1
201401CW11546,2,3,0,18,0,1,0,0,0,0,1,1,6,1,22,5,125,1,4,1,1
201401CW11547,1,3,0,18,0,0,0,0,0,0,3,1,1,1,27,6,124,1,4,-1,-1
201401CW11548,1,9,0,9,0,8,0,0,0,0,1,1,6,1,26,6,1596,1,9,2,1
201401CW11548,2,9,0,18,0,8,0,0,0,0,3,1,6,1,63,9,998,1,6,6,1
201401CW11550,1,1,0,18,4,0,0,0,0,0,3,1,2,1,31,6,-1,-1,-1,2,1
201401CW11550,2,9,0,18,0,0,0,0,0,0,4,1,6,3,-1,-1,-1,-1,-1,-1,-1
201401CW11552,1,9,0,9,0,8,0,0,0,0,4,1,6,1,60,9,1598,1,9,4,1
201401CW11553,1,9,0,18,0,8,0,0,0,0,1,1,6,1,67,10,1390,1,4,7,1
201401CW11553,2,9,0,3,0,8,0,0,0,0,2,1,6,1,23,5,1598,1,12,2,1
201401CW11553,3,8,0,3,0,8,0,0,0,0,2,1,1,1,67,10,-1,-1,-1,-1,1
201401CW11554,1,1,0,18,0,1,0,0,0,0,3,1,6,1,31,6,-1,-1,-1,1,1
201401CW11554,2,19,0,18,0,1,0,0,0,0,4,1,6,1,-1,-1,-1,-1,-1,-1,-1
201401CW11556,1,9,0,18,0,8,0,0,0,0,3,1,2,1,61,9,1398,1,1,7,1
201401CW11556,2,9,0,9,0,8,0,0,0,0,1,1,6,1,23,5,1198,1,9,6,1
201401CW11557,1,9,0,9,0,8,0,0,0,0,1,1,1,1,60,9,1997,2,8,6,1
201401CW11557,2,3,0,18,0,8,0,0,0,0,1,1,6,1,45,7,125,1,2,8,2
201401CW11560,1,8,0,9,0,2,0,0,0,0,1,1,1,1,62,9,2143,2,5,1,1
201401CW11561,1,5,0,18,0,1,0,0,0,0,1,1,6,3,-1,-1,650,1,20,-1,-1
201401CW11562,1,20,0,7,0,2,0,0,0,0,1,1,1,1,36,7,-1,-1,-1,3,1
201401CW11563,1,5,0,14,0,8,0,0,0,0,1,1,2,1,44,7,599,1,5,4,1
201401CW11563,2,9,0,9,0,8,0,0,0,0,3,1,1,1,43,7,1339,8,5,4,1
201401CW11564,1,4,0,18,0,8,0,0,0,0,1,1,2,1,29,6,124,1,3,-1,1
201401CW11564,2,19,0,9,0,8,0,0,0,0,3,1,1,1,-1,-1,2198,2,-1,6,1
201401CW11566,1,9,0,3,0,8,0,0,0,0,2,1,6,2,25,5,1800,1,14,6,1
201401CW11566,2,9,0,18,0,7,0,0,0,0,1,1,6,1,-1,-1,-1,-1,-1,-1,-1
201401CW11567,1,1,0,18,0,8,0,0,0,0,1,1,6,1,26,6,-1,-1,-1,1,1
201401CW11567,2,9,0,2,0,1,0,0,0,0,3,1,6,1,-1,-1,1108,1,11,-1,-1
201401CW11568,1,8,0,3,0,1,0,0,0,0,4,1,1,1,-1,-1,2402,2,10,-1,-1
201401CW11568,2,1,0,4,0,1,0,8,0,0,1,1,6,1,27,6,-1,-1,-1,6,1
201401CW11569,1,8,0,4,0,8,0,0,0,0,0,1,1,1,-1,-1,2499,2,3,-1,-1
201401CW11570,1,9,0,5,0,8,0,0,0,0,3,1,6,1,39,7,2496,2,12,2,1
201401CW11570,2,20,0,5,0,8,0,0,0,0,4,1,1,1,39,7,6370,2,4,7,1
201401CW11571,1,9,0,7,0,1,0,0,0,0,4,1,6,1,59,9,-1,-1,-1,5,1
201401CW11571,2,1,0,18,0,1,0,0,0,0,3,1,6,2,26,6,-1,-1,-1,5,1
201401CW11572,1,11,0,5,0,1,0,0,0,0,0,1,1,1,47,8,4461,2,-1,1,1
201401CW11573,1,5,0,18,0,1,0,0,0,0,1,1,2,1,24,5,599,1,18,3,1
201401CW11573,2,9,0,12,0,1,0,0,0,0,3,1,6,1,24,5,1229,1,9,1,1
201401CW11574,1,9,0,9,0,8,0,0,0,0,3,1,6,1,66,10,1461,2,-1,-1,-1
201401CW11574,2,1,0,18,0,8,0,0,0,0,1,1,6,2,40,7,-1,-1,-1,8,1
201401CW11575,1,4,0,18,0,0,1,0,0,0,1,1,6,1,52,8,-1,-1,-1,9,3
201401CW11576,1,19,0,7,0,1,0,0,0,0,1,1,1,1,27,6,2198,2,6,3,1
201401CW11576,2,3,0,18,0,1,0,0,0,0,3,1,6,2,28,6,124,1,7,2,1
201401CW11577,1,1,0,18,0,8,0,0,0,0,1,1,6,1,52,8,-1,-1,-1,10,3
201401CW11577,2,9,0,9,0,8,0,0,0,0,4,1,6,3,-1,-1,-1,-1,-1,-1,-1
201401CW11578,1,8,0,18,0,1,0,0,0,0,1,1,1,1,50,8,2987,2,7,2,1
201401CW11579,1,19,0,1,0,1,0,0,0,0,2,1,1,1,19,4,-1,-1,-1,2,1
201401CW11579,2,2,0,3,0,1,0,0,0,0,1,1,2,1,34,6,-1,-1,-1,2,1
201401CW11580,1,3,0,7,0,2,0,0,0,0,1,1,1,1,18,4,125,1,4,-1,-1
201401CW11581,1,11,0,3,0,0,0,0,0,0,4,1,1,2,54,8,7300,2,10,5,1
201401CW11583,1,3,0,15,0,1,1,0,0,0,4,1,1,1,72,10,124,1,3,6,1
201401CW11584,1,9,0,9,0,8,0,0,0,0,4,1,6,1,33,6,1968,2,-1,4,1
201401CW11584,2,1,0,18,0,8,0,0,0,0,1,1,6,1,36,7,-1,-1,-1,8,1
201401CW11585,1,9,0,9,0,8,0,0,0,0,1,1,6,2,20,4,1390,1,-1,6,1
201401CW11585,2,9,0,18,0,8,0,4,0,0,3,1,6,2,47,8,-1,-1,-1,6,1
201401CW11585,3,9,0,2,0,8,0,0,0,0,2,1,6,3,-1,-1,-1,-1,-1,-1,-1
201401CW11586,1,9,0,3,0,1,0,0,0,0,2,1,6,1,33,6,1995,2,3,8,1
201401CW11586,2,9,0,2,0,1,0,0,0,0,3,1,6,1,37,7,1497,8,6,-1,-1
201401CW11586,3,3,0,18,0,1,0,8,0,0,1,1,1,1,27,6,125,1,1,4,1
201401CW11587,1,11,0,3,0,0,0,0,0,0,4,1,1,1,57,9,-1,-1,-1,2,1
201401CW11589,1,4,0,3,0,1,0,0,0,0,3,1,6,1,40,7,125,1,4,-1,-1
201401CW11589,2,8,0,1,0,1,0,0,0,0,2,1,6,1,24,5,1968,2,2,1,1
201401CW11590,1,3,0,15,0,8,0,0,0,0,3,1,1,1,20,4,125,1,9,3,1
201401CW11590,2,9,0,7,0,8,0,0,0,0,4,1,6,1,41,7,1997,1,-1,2,1
201401CW11591,1,9,0,7,0,8,0,0,0,0,4,1,6,1,21,5,1591,1,1,10,1
201401CW11591,2,1,0,7,0,8,0,0,0,0,3,1,6,1,34,6,-1,-1,-1,3,1
201401CW11592,1,9,0,18,0,2,0,0,0,0,1,1,6,3,-1,-1,-1,-1,-1,-1,-1
201401CW11592,2,1,0,6,0,2,0,0,0,0,2,1,6,1,28,6,-1,-1,-1,-1,1
201401CW11593,1,8,0,9,0,8,0,0,0,0,1,1,1,1,41,7,1896,2,5,-1,1
201401CW11593,2,9,0,18,0,8,0,0,0,0,4,1,6,2,31,6,1968,2,9,2,1
201401CW11594,1,11,0,18,0,1,0,0,0,0,0,1,1,1,43,7,4461,2,-1,3,1
201401CW11595,1,19,0,7,0,8,0,0,0,0,4,1,1,1,20,4,1995,2,5,2,1
201401CW11595,2,1,0,18,0,8,0,0,0,0,1,1,6,2,23,5,-1,-1,-1,3,1
201401CW11596,1,19,0,4,0,8,0,0,0,0,1,1,1,1,26,6,2295,7,11,3,1
201401CW11596,2,9,0,3,0,8,0,0,0,0,2,1,6,1,34,6,1598,1,13,-1,-1
201401CW11597,1,11,0,5,0,1,0,0,0,0,0,1,1,1,54,8,-1,-1,-1,-1,-1
201401CW11599,1,5,0,7,0,2,0,0,0,0,1,1,2,1,29,6,645,1,7,3,1
201401CW11600,1,9,0,18,0,8,0,0,0,0,4,1,6,1,39,7,-1,-1,-1,4,1
201401CW11600,2,1,0,18,0,8,0,0,0,0,1,1,6,1,28,6,-1,-1,-1,2,1
201401CW11601,1,19,0,14,0,0,0,0,0,0,1,1,1,1,42,7,-1,-1,-1,7,1
201401CW11602,1,11,0,7,0,2,0,0,0,0,1,1,1,2,39,7,7300,2,12,4,1
201401CW11603,1,9,0,18,0,8,0,0,0,0,1,1,6,1,83,11,2435,1,19,9,1
201401CW11603,2,8,0,18,0,8,0,0,0,0,3,1,1,1,53,8,2148,2,5,2,1
201401CW11604,1,3,0,13,0,0,0,0,0,0,3,1,6,1,32,6,125,1,-1,5,1
201401CW11604,2,9,0,13,0,0,0,0,0,0,4,1,6,3,-1,-1,-1,-1,-1,-1,-1
201401CW11605,1,9,0,7,0,8,0,0,0,0,4,1,1,1,58,9,-1,-1,-1,4,1
201401CW11605,2,1,0,15,0,8,0,0,0,0,1,1,6,1,24,5,-1,-1,-1,-1,-1
201401CW11606,1,19,0,9,0,8,0,0,0,0,1,1,1,1,-1,-1,1598,2,2,8,3
201401CW11609,1,9,0,3,0,0,0,0,0,0,2,1,6,2,47,8,2435,1,8,6,1
201401CW11609,2,8,0,18,0,0,0,0,0,0,1,1,1,2,35,6,2143,2,1,4,1
201401CW11610,1,9,0,2,0,2,0,0,0,0,3,1,6,2,44,7,1368,1,3,7,1
201401CW11610,2,1,0,18,0,2,0,8,0,0,1,1,1,1,44,7,-1,-1,-1,5,1
201401CW11611,1,9,0,6,0,8,0,0,0,0,3,1,6,1,28,6,1493,2,9,5,1
201401CW11611,2,1,0,13,0,8,0,0,0,0,4,1,6,1,31,6,-1,-1,-1,2,1
201401CW11612,1,19,0,18,9,1,0,0,0,0,4,1,6,3,-1,-1,-1,-1,-1,-1,-1
201401CW11613,1,11,0,3,0,1,0,0,0,0,0,1,1,1,32,6,6700,2,3,2,1
201401CW11614,1,5,0,18,0,0,0,0,0,0,1,1,1,1,39,7,600,1,14,-1,-1
201401CW11615,1,19,0,18,0,8,0,0,0,0,3,1,1,1,27,6,1686,2,6,5,1
201401CW11615,2,8,0,18,0,8,0,0,0,0,1,1,1,1,62,9,2402,2,9,10,1
201401CW11616,1,19,0,1,0,0,0,0,0,0,2,1,1,1,34,6,1968,2,2,3,1
201401CW11617,1,1,0,18,0,1,0,0,0,0,4,1,2,1,33,6,-1,-1,-1,5,1
201401CW11617,2,8,0,6,0,1,0,0,0,0,3,1,1,1,-1,-1,2499,2,1,-1,-1
201401CW11618,1,1,0,18,0,1,0,8,0,0,3,1,6,2,34,6,-1,-1,-1,5,1
201401CW11618,2,19,0,2,0,1,0,0,0,0,4,1,6,1,-1,-1,5193,2,1,-1,-1
201401CW11620,1,9,0,18,0,0,0,4,0,0,3,1,6,1,22,5,2000,2,3,6,1
201401CW11620,2,9,0,2,0,0,0,0,0,0,3,1,6,3,-1,-1,2995,1,8,-1,-1
201401CW11620,3,9,0,2,0,0,0,0,0,0,3,1,6,3,-1,-1,2401,2,6,-1,-1
201401CW11620,4,9,0,2,0,0,0,0,0,0,3,1,6,3,-1,-1,1968,2,2,-1,-1
201401CW11621,1,3,0,13,0,0,0,0,0,0,1,1,2,1,27,6,124,1,4,5,1
201401CW11622,1,2,0,18,0,2,0,0,0,0,1,1,6,1,22,5,998,1,5,3,1
201401CW11623,1,19,0,3,0,1,0,0,0,0,4,1,1,1,45,7,3920,2,6,7,1
201401CW11623,2,4,0,14,0,1,0,0,0,0,3,1,6,1,43,7,645,1,11,2,1
201401CW11623,3,9,0,3,0,1,0,0,0,0,3,1,6,2,41,7,1781,1,12,2,1
201401CW11624,1,19,0,5,0,2,0,0,0,0,2,1,1,1,25,5,2198,2,1,9,1
201401CW11624,2,8,0,1,0,2,0,0,0,0,2,1,6,1,-1,-1,2402,2,10,-1,-1
201401CW11626,1,8,0,18,0,2,0,0,0,0,4,1,1,1,66,10,2499,2,7,10,1
201401CW11627,1,3,0,14,0,0,0,0,0,0,4,1,6,1,19,4,108,1,1,-1,-1
201401CW11628,1,11,0,4,0,1,0,0,0,0,0,1,1,1,30,6,4461,2,1,7,1
201401CW11630,1,9,0,18,0,0,0,0,0,0,4,1,6,1,64,9,2993,2,8,10,1
201401CW11630,2,11,0,2,0,0,0,0,0,0,0,2,1,1,64,9,-1,-1,-1,-1,-1
201401CW11631,1,1,0,18,0,8,0,0,0,0,4,1,6,1,29,6,-1,-1,-1,3,1
201401CW11631,2,9,0,18,0,8,0,0,0,0,1,1,6,3,-1,-1,-1,-1,-1,-1,-1
201401CW11632,1,9,0,2,0,1,0,0,0,0,0,1,1,1,48,8,2143,2,2,5,1
201401CW11632,2,9,0,3,2,1,0,0,0,0,4,1,1,1,33,6,1497,8,5,5,1
201401CW11632,3,1,0,18,0,1,0,0,0,0,3,1,6,2,29,6,-1,-1,-1,1,1
201401CW11634,1,8,0,5,0,8,0,0,0,0,3,1,1,1,38,7,1339,8,3,1,1
201401CW11634,2,9,0,9,0,8,0,0,0,0,1,1,6,1,25,5,2987,2,4,1,1
201401CW11635,1,9,0,12,0,1,0,0,0,0,3,1,6,1,20,4,1598,1,6,2,1
201401CW11635,2,9,0,18,0,1,0,0,0,0,4,1,1,1,36,7,1797,8,4,1,1
201401CW11635,3,9,0,18,0,1,0,0,0,0,3,1,6,1,20,4,1587,1,11,8,1
201401CW11635,4,9,0,18,0,1,0,0,0,0,2,1,6,1,25,5,1968,2,7,-1,-1
201401CW11636,1,8,0,18,0,1,0,0,0,0,1,1,6,1,40,7,1797,8,4,3,1
201401CW11637,1,9,0,9,0,8,0,0,0,0,0,1,6,1,46,8,1997,1,4,3,1
201401CW11637,2,1,0,18,0,1,0,10,0,0,4,1,6,1,35,6,-1,-1,-1,-1,-1
201401CW11638,1,9,0,9,0,1,0,0,0,0,4,1,6,1,38,7,1339,1,3,9,1
201401CW11638,2,1,0,18,9,1,0,0,0,0,1,1,6,2,6,2,-1,-1,-1,3,1
201401CW11640,1,1,0,18,0,0,0,0,0,0,1,1,6,2,33,6,-1,-1,-1,1,1
201401CW11640,2,9,0,2,0,0,0,0,0,0,3,1,6,1,-1,-1,-1,-1,-1,-1,-1
201401CW11641,1,1,0,18,0,2,0,0,0,0,1,1,6,2,28,6,-1,-1,-1,5,1
201401CW11641,2,8,0,18,0,2,0,0,0,0,2,1,6,1,-1,-1,2499,2,3,-1,-1
201401CW11642,1,1,0,17,0,8,0,0,0,0,4,1,2,1,43,7,-1,-1,-1,7,1
201401CW11643,1,9,0,15,0,1,0,0,0,0,1,1,2,1,48,8,4367,2,3,3,1
201401CW11644,1,4,0,5,0,1,0,0,0,0,1,1,6,2,39,7,278,1,1,-1,1
201401CW11644,2,1,0,5,0,1,0,0,0,0,2,1,6,1,40,7,-1,-1,-1,2,1
201401CW11647,1,3,0,18,0,8,0,0,0,0,1,1,6,1,37,7,-1,-1,-1,1,1
201401CW11647,2,9,0,9,0,8,0,0,0,0,4,1,6,3,-1,-1,-1,-1,-1,-1,-1
201401CW11648,1,9,0,18,0,8,0,0,0,0,1,1,6,1,58,9,3436,1,4,3,1
201401CW11648,2,1,0,18,0,8,0,0,0,0,4,1,6,1,40,7,-1,-1,-1,7,1
201401CW11649,1,11,0,18,2,1,0,0,0,0,2,1,1,1,37,7,9000,2,3,3,1
201401CW11649,2,1,0,18,2,1,0,0,0,0,1,1,6,1,28,6,-1,-1,-1,1,1
201401CW11651,1,1,0,15,0,8,0,0,0,0,1,1,2,1,26,6,-1,-1,-1,8,1
201401CW11651,2,9,0,9,0,8,0,0,0,0,4,1,6,3,-1,-1,-1,-1,-1,-1,-1
201401CW11653,1,11,0,3,0,1,0,0,0,0,0,1,1,1,44,7,5883,2,13,2,1
201401CW11654,1,19,0,2,0,1,0,0,0,0,3,1,1,1,49,8,1248,2,2,3,1
201401CW11654,2,1,0,18,0,1,0,8,0,0,1,1,6,1,49,8,-1,-1,-1,-1,-1
201401CW11657,1,19,0,7,0,1,0,0,0,0,2,1,1,1,30,6,-1,-1,-1,6,1
201401CW11657,2,1,0,7,0,1,0,0,0,0,1,1,6,1,39,7,-1,-1,-1,2,1
201401CW11658,1,3,0,11,0,2,1,0,0,0,4,1,6,1,61,9,744,1,11,-1,-1
201401CW11659,1,9,0,9,0,8,0,0,0,0,3,1,6,2,67,10,-1,3,8,4,1
201401CW11659,2,1,0,18,0,8,0,0,0,0,1,1,6,1,-1,-1,-1,-1,-1,-1,-1
201401CW11660,1,3,0,7,0,8,0,0,0,0,4,1,1,1,28,6,125,1,4,6,1
201401CW11662,1,9,0,18,0,8,0,0,0,0,1,1,6,1,89,11,1998,1,25,7,1
201401CW11662,2,3,0,18,0,8,0,0,0,0,1,1,6,1,28,6,125,1,4,-1,1
201401CW11666,1,5,0,18,0,1,0,0,0,0,1,1,6,1,22,5,656,1,1,5,1
201401CW11666,2,5,0,4,0,1,0,0,0,0,2,1,6,2,21,5,-1,-1,-1,2,1
201401CW11667,1,8,0,18,0,8,0,0,0,0,1,1,6,1,48,8,2402,2,9,4,1
201401CW11667,2,9,0,18,0,8,0,0,0,0,1,1,6,1,52,8,1997,2,1,2,1
201401CW11668,1,9,0,18,0,8,0,0,0,0,4,1,6,1,35,6,1753,2,6,5,1
201401CW11668,2,9,0,9,0,8,0,0,0,0,1,1,6,1,62,9,1896,2,8,3,1
201401CW11669,1,9,0,18,0,8,0,0,0,0,3,1,6,2,71,10,1329,1,-1,4,1
201401CW11669,2,9,0,9,0,8,0,0,0,0,1,1,6,1,32,6,1796,1,8,-1,-1
201401CW11670,1,9,0,18,0,1,0,0,0,0,4,1,6,1,65,9,998,1,3,10,1