Accident_Index,Vehicle_Reference,Vehicle_Type,Towing_and_Articulation,Vehicle_Manoeuvre,Vehicle_Location-Restricted_Lane,Junction_Location,Skidding_and_Overturning,Hit_Object_in_Carriageway,Vehicle_Leaving_Carriageway,Hit_Object_off_Carriageway,1st_Point_of_Impact,Was_Vehicle_Left_Hand_Drive?,Journey_Purpose_of_Driver,Sex_of_Driver,Age_of_Driver,Age_Band_of_Driver,Engine_Capacity_(CC),Propulsion_Code,Age_of_Vehicle,Driver_IMD_Decile,Driver_Home_Area_Type
201401CW11671,1,11,0,2,0,0,0,0,0,0,0,1,1,1,36,7,4461,2,1,4,1
201401CW11672,1,4,0,18,0,8,0,0,0,0,1,1,6,1,30,6,249,1,-1,6,1
201401CW11672,2,9,0,7,0,8,0,0,0,0,0,1,6,3,-1,-1,1248,1,1,-1,-1
201401CW11673,1,11,0,18,0,1,0,0,0,0,1,1,1,1,32,6,4500,2,3,3,1
201401CW11674,1,11,0,5,2,0,0,0,0,0,0,1,1,1,37,7,4500,2,2,1,1
201401CW11677,1,5,0,18,0,0,1,0,0,0,1,1,6,2,43,7,-1,-1,-1,9,1
201401CW11678,1,1,0,15,4,0,0,0,0,0,1,1,6,1,48,8,-1,-1,-1,10,1
201401CW11678,2,8,0,9,0,0,0,0,0,0,4,1,6,3,-1,-1,1796,1,9,-1,-1
201401CW11679,1,4,0,3,0,8,0,0,0,0,2,1,6,1,24,5,-1,-1,-1,2,1
201401CW11679,2,9,0,18,0,8,0,0,0,0,1,1,6,1,-1,-1,-1,-1,-1,2,1
201401CW11680,1,9,0,7,0,8,0,0,0,0,3,1,6,1,31,6,2148,2,7,-1,1
201401CW11680,2,1,0,18,0,8,0,0,0,0,0,1,6,1,31,6,-1,-1,-1,4,1
201401CW11681,1,9,0,7,0,1,0,0,0,0,4,1,6,1,41,7,1984,1,3,-1,-1
201401CW11681,2,9,0,15,0,1,0,0,0,0,3,1,6,1,19,4,1991,1,-1,6,1
201401CW11682,1,8,0,4,0,8,0,0,0,0,1,1,1,1,34,6,2664,2,14,-1,-1
201401CW11682,2,8,0,5,0,8,0,0,0,0,4,1,1,1,42,7,1797,8,2,3,1
201401CW11683,1,9,0,18,0,1,0,0,0,0,1,1,6,1,43,7,1596,1,8,3,1
201401CW11683,2,9,0,18,0,1,0,0,0,0,2,1,6,1,40,7,1598,2,-1,4,1
201401CW11684,1,9,0,18,0,0,0,0,0,0,1,1,6,3,-1,-1,1995,1,5,-1,-1
201401CW11685,1,9,0,7,0,2,0,0,0,0,4,1,6,2,26,6,1598,1,2,-1,1
201401CW11685,2,1,0,5,0,2,0,0,0,0,1,1,6,2,42,7,-1,-1,-1,10,1
201401CW11686,1,11,0,5,3,1,0,0,0,0,4,1,1,2,52,8,4500,2,6,-1,-1
201401CW11687,1,3,0,15,0,0,0,0,0,0,0,1,1,1,32,6,102,1,10,1,1
201401CW11687,2,8,0,11,0,0,0,0,0,0,0,1,1,1,52,8,2499,2,4,-1,-1
201401CW11688,1,3,0,14,0,0,0,0,0,0,1,1,6,1,45,7,-1,-1,-1,-1,-1
201401CW11690,1,1,0,5,0,0,0,0,0,0,2,1,2,1,53,8,-1,-1,-1,1,1
201401CW11690,2,9,0,5,0,0,0,0,0,0,1,1,6,1,-1,-1,-1,-1,-1,-1,-1
201401CW11691,1,9,0,1,0,0,0,0,0,0,3,1,6,1,33,6,1995,2,8,6,1
201401CW11691,2,9,0,13,0,0,0,0,0,0,4,1,6,2,-1,-1,1796,1,6,7,1
201401CW11692,1,8,0,18,0,8,0,0,0,0,3,1,6,1,-1,-1,-1,-1,-1,-1,-1
201401CW11693,1,19,0,9,0,8,0,0,0,0,1,1,1,1,61,9,2143,2,-1,5,1
201401CW11693,2,1,0,18,0,8,0,0,0,0,4,1,6,1,27,6,-1,-1,-1,7,1
201401CW11694,1,11,0,18,0,1,0,0,0,0,4,1,1,1,-1,-1,5132,2,-1,-1,-1
201401CW11695,1,9,0,9,0,5,0,0,0,0,4,1,6,1,53,8,1985,1,19,6,1
201401CW11695,2,1,0,18,4,8,0,0,0,0,1,1,6,1,29,6,-1,-1,-1,7,1
201401CW11696,1,9,0,9,0,5,0,0,0,0,3,1,6,1,43,7,1596,1,11,5,1
201401CW11696,2,9,0,13,0,8,0,0,0,0,1,1,6,3,-1,-1,1598,2,1,-1,-1
201401CW11697,1,8,0,9,0,8,0,0,0,0,3,1,6,1,44,7,2402,2,11,-1,-1
201401CW11697,2,1,0,18,0,8,0,0,0,0,1,1,6,1,28,6,-1,-1,-1,7,1
201401CW11698,1,5,0,18,0,1,0,0,0,0,4,1,6,1,35,6,883,1,-1,5,1
201401CW11698,2,9,0,9,0,1,0,0,0,0,3,1,6,1,-1,-1,1395,1,-1,-1,-1
201401CW11699,1,2,0,18,0,0,0,0,0,0,1,1,1,1,17,4,125,1,4,2,1
201401CW11699,2,9,0,3,0,0,0,0,0,0,2,1,6,1,48,8,1796,1,11,2,1
201401CW11700,1,9,0,18,0,0,0,0,0,0,3,1,6,1,35,6,1997,2,4,-1,-1
201401CW11702,1,1,0,15,0,8,0,0,0,0,1,1,6,1,35,6,-1,-1,-1,4,1
201401CW11702,2,9,0,7,0,8,0,0,0,0,4,1,6,3,-1,-1,1997,2,3,-1,-1
201401CW11704,1,3,0,11,0,1,0,0,0,0,1,1,1,1,37,7,108,1,-1,-1,1
201401CW11704,2,9,0,4,0,1,0,0,0,0,2,2,6,1,39,7,-1,-1,-1,4,1
201401CW11705,1,9,0,5,0,2,0,0,0,0,3,1,6,1,40,7,-1,-1,-1,-1,-1
201401CW11706,1,11,0,18,2,1,0,0,0,0,1,1,1,1,50,8,4461,2,-1,2,1
201401CW11707,1,8,0,18,0,8,0,0,0,0,1,1,1,1,49,8,2499,2,7,4,1
201401CW11708,1,8,0,9,0,5,0,0,0,0,3,1,1,1,72,10,2402,2,12,3,1
201401CW11708,2,1,0,13,0,8,0,0,0,0,4,1,2,1,30,6,-1,-1,-1,2,1
201401CW11709,1,9,0,5,0,0,0,0,0,0,1,1,1,1,40,7,1896,2,10,2,1
201401CW11710,1,21,0,18,0,0,0,0,0,0,4,1,1,1,34,6,-1,-1,-1,-1,1
201401CW11710,2,4,0,18,0,0,0,0,0,0,3,1,6,1,27,6,899,1,12,3,1
201401CW11712,1,4,0,17,0,8,0,0,0,0,1,1,6,1,28,6,125,1,-1,6,1
201401CW11712,2,9,0,9,0,8,0,0,0,0,1,1,6,1,53,8,1798,1,11,2,1
201401CW11713,1,8,0,18,0,0,0,0,0,0,1,1,1,3,-1,-1,-1,-1,-1,-1,-1
201401CW11714,1,9,0,18,0,1,0,0,0,0,3,1,6,1,45,7,1796,1,11,-1,-1
201401CW11715,1,9,0,4,0,8,0,0,0,0,2,1,2,1,47,8,1390,1,2,10,1
201401CW11715,2,9,0,18,0,8,0,0,0,0,1,1,2,1,-1,-1,1753,2,5,2,1
201401CW11716,1,1,0,18,0,0,0,0,0,0,4,1,2,1,37,7,-1,-1,-1,5,1
201401CW11716,2,8,0,6,0,0,0,0,0,0,3,1,1,1,-1,-1,2664,2,13,-1,-1
201401CW11718,1,1,0,15,0,8,0,0,0,0,3,1,6,2,28,6,-1,-1,-1,1,1
201401CW11718,2,19,0,7,0,8,0,0,0,0,4,1,1,1,-1,-1,2143,2,-1,-1,-1
201401CW11719,1,8,0,3,0,1,0,0,0,0,2,1,1,1,41,7,1968,2,1,1,1
201401CW11719,2,9,0,4,0,1,0,0,0,0,1,1,6,2,-1,-1,-1,-1,-1,3,1
201401CW11720,1,9,0,9,0,5,0,0,0,0,1,1,6,1,27,6,1598,1,-1,5,1
201401CW11721,1,20,0,9,0,8,0,10,1,5,2,1,1,1,-1,-1,-1,-1,-1,-1,-1
201401CW11722,1,8,0,18,0,8,0,0,0,0,0,1,6,1,43,7,2402,2,9,8,1
201401CW11723,1,19,0,4,0,1,0,0,0,0,1,1,6,1,-1,-1,-1,-1,-1,-1,-1
201401CW11723,2,9,0,3,0,1,0,0,0,0,2,1,6,3,-1,-1,-1,-1,-1,-1,-1
201401CW11725,1,11,0,7,0,8,0,0,0,0,0,1,1,1,53,8,4500,2,-1,2,1
201401CW11726,1,19,0,18,0,0,0,0,0,0,4,1,1,1,49,8,1870,2,9,2,1
201401CW11726,2,1,0,18,0,0,0,0,0,0,3,1,6,1,23,5,-1,-1,-1,5,1
201401CW11727,1,8,0,18,0,0,0,0,0,0,4,1,1,1,46,8,2499,2,7,10,1
201401CW11727,2,11,0,18,0,0,0,0,0,0,3,1,1,1,45,7,13000,2,3,-1,-1
201401CW11728,1,19,0,1,0,2,0,0,0,0,2,1,6,1,52,8,2300,2,10,3,1
201401CW11729,1,1,0,15,0,1,0,0,0,0,1,1,2,1,24,5,-1,-1,-1,-1,-1
201401CW11729,2,11,0,18,0,1,0,0,0,0,2,1,1,1,49,8,6692,2,4,1,1
201401CW11730,1,1,0,18,0,8,0,0,0,0,1,1,6,1,51,8,-1,-1,-1,-1,1
201401CW11730,2,8,0,9,0,8,0,0,0,0,1,1,1,1,-1,-1,-1,-1,-1,-1,-1
201401CW11731,1,1,0,18,0,2,0,0,0,0,3,1,6,1,30,6,-1,-1,-1,7,1
201401CW11731,2,9,0,18,0,2,0,0,0,0,4,1,6,1,33,6,-1,-1,-1,1,1
201401CW11732,1,90,0,5,0,1,0,0,0,0,3,1,1,1,37,7,-1,-1,-1,-1,-1
201401CW11733,1,8,0,9,0,5,0,0,0,0,1,1,1,1,45,7,2499,2,6,6,1
201401CW11734,1,8,0,18,0,0,0,0,0,0,3,1,1,1,52,8,2499,2,3,10,1
201401CW11735,1,19,0,5,0,8,0,0,0,0,1,1,6,1,41,7,2494,2,9,1,1
201401CW11735,2,4,0,18,0,8,0,0,0,0,2,1,6,1,37,7,125,1,2,2,1
201401CW11737,1,8,0,18,0,0,0,0,0,0,4,1,6,1,-1,-1,2148,2,4,-1,-1
201401CW11737,2,1,0,15,0,0,0,4,0,0,3,1,2,1,29,6,-1,-1,-1,5,1
201401CW11737,3,8,0,2,0,0,0,0,0,0,3,1,6,3,-1,-1,-1,-1,-1,-1,-1
201401CW11738,1,3,0,3,0,8,0,0,0,0,2,1,2,1,33,6,124,1,2,1,1
201401CW11738,2,9,0,18,0,8,0,0,0,0,1,1,6,1,45,7,2231,2,1,10,1
201401CW11739,1,1,0,9,0,8,0,0,0,0,1,1,6,1,39,7,-1,-1,-1,4,1
201401CW11739,2,1,0,17,0,8,0,0,0,0,1,1,6,1,30,6,-1,-1,-1,-1,1
201401CW11740,1,9,0,18,0,8,0,0,0,0,1,1,6,1,26,6,1398,2,-1,2,1
201401CW11740,2,19,0,18,0,8,0,0,0,0,1,1,1,1,25,5,-1,-1,-1,8,1
201401CW11741,1,9,0,16,0,8,0,0,0,0,1,1,1,1,29,6,1995,2,4,2,1
201401CW11741,2,1,0,18,0,8,0,0,0,0,4,1,6,1,51,8,-1,-1,-1,2,1
201401CW11742,1,3,0,17,0,8,0,0,0,0,2,1,6,1,30,6,102,1,10,3,1
201401CW11742,2,9,0,17,0,8,0,0,0,0,1,1,6,3,-1,-1,-1,-1,-1,-1,-1
201401CW11743,1,9,0,12,0,8,0,0,0,0,2,1,6,1,24,5,1995,2,7,4,1
201401CW11743,2,9,0,18,0,8,0,0,0,0,1,1,6,1,-1,-1,998,1,7,2,1
201401CW11744,1,9,0,9,0,1,0,0,0,0,3,1,6,1,30,6,-1,-1,-1,1,1
201401CW11744,2,4,0,13,0,1,0,0,0,0,1,1,1,1,-1,-1,109,1,-1,2,1
201401CW11745,1,1,0,18,0,8,0,0,0,0,1,1,6,2,29,6,-1,-1,-1,4,1
201401CW11745,2,9,0,13,0,8,0,0,0,0,2,1,6,3,-1,-1,-1,-1,-1,-1,-1
201401CW11746,1,5,0,13,0,8,0,0,0,0,1,1,6,3,-1,-1,656,1,5,-1,-1
201401CW11749,1,8,0,4,0,1,0,0,0,0,1,1,1,1,38,7,1797,8,4,1,1
201401CW11749,2,9,0,4,0,1,0,0,0,0,2,1,1,1,-1,-1,-1,-1,-1,-1,-1
201401CW11750,1,9,0,1,0,8,0,0,0,0,0,1,6,1,72,10,998,1,5,10,1
201401CW11751,1,4,0,18,0,8,0,0,0,0,1,1,6,1,39,7,1050,1,22,-1,-1
201401CW11751,2,9,0,9,0,8,0,0,0,0,4,1,6,2,-1,-1,1149,1,1,1,1
201401CW11752,1,3,0,16,0,0,0,0,0,0,1,1,6,1,26,6,-1,-1,-1,3,1
201401CW11753,1,9,0,12,0,1,0,0,0,0,3,1,6,1,22,5,1968,2,2,-1,1
201401CW11753,2,9,0,18,0,1,0,0,0,0,4,1,6,1,32,6,998,1,8,2,1
201401CW11754,1,9,0,18,0,8,0,0,0,0,1,1,6,1,25,5,2685,2,12,5,1
201401CW11754,2,1,0,9,0,8,0,0,0,0,1,1,6,1,53,8,-1,-1,-1,-1,1
201401CW11755,1,5,0,18,0,0,0,0,0,0,1,1,6,1,33,6,599,1,15,-1,-1
201401CW11755,2,8,0,6,0,0,0,0,0,0,3,1,6,1,40,7,1797,8,5,2,1
201401CW11756,1,9,0,3,0,8,0,0,0,0,2,1,6,1,35,6,1998,1,1,5,1
201401CW11756,2,9,0,18,0,8,0,0,0,0,1,1,6,1,23,5,1390,1,4,2,1
201401CW11757,1,11,0,18,0,8,0,0,0,0,1,1,6,1,58,9,4500,2,3,3,1
201401CW11758,1,8,0,7,0,8,0,0,0,0,1,1,1,1,39,7,2499,2,5,7,1
201401CW11758,2,1,0,18,0,1,0,0,0,0,1,1,6,2,27,6,-1,-1,-1,4,1
201401CW11759,1,9,0,18,0,1,0,0,0,0,1,1,1,1,-1,-1,-1,-1,-1,-1,-1
201401CW11760,1,5,0,18,0,8,0,10,3,1,1,1,6,1,43,7,955,1,16,9,1
201401CW11761,1,3,0,18,0,0,0,0,0,0,1,1,6,1,23,5,102,1,7,3,1
201401CW11762,1,1,0,16,0,1,0,0,0,0,3,1,6,2,39,7,-1,-1,-1,7,1
201401CW11762,2,9,0,16,0,1,0,0,0,0,4,1,6,1,-1,-1,1968,2,1,-1,-1
201401CW11763,1,9,0,5,0,8,0,0,0,0,1,1,6,3,-1,-1,-1,-1,-1,-1,-1
201401CW11764,1,8,0,18,0,2,0,0,0,0,4,1,6,1,56,9,2664,2,13,2,1
201401CW11764,2,1,0,18,0,2,0,0,0,0,3,1,6,1,38,7,-1,-1,-1,3,1
201401CW11765,1,1,0,18,0,8,0,0,0,0,1,1,6,2,28,6,-1,-1,-1,3,1
201401CW11765,2,9,0,7,0,8,0,0,0,0,4,1,6,3,-1,-1,-1,-1,-1,-1,-1
201401CW11766,1,1,0,18,0,8,0,0,0,0,1,1,6,1,30,6,-1,-1,-1,10,1
201401CW11766,2,19,0,7,0,8,0,0,0,0,4,1,1,1,34,6,2287,2,6,9,1
201401CW11768,1,9,0,9,0,8,0,0,0,0,3,1,6,2,45,7,2720,2,7,10,3
201401CW11768,2,4,0,13,0,8,0,0,0,0,1,1,6,1,28,6,125,1,2,4,1
201401CW11769,1,9,0,7,0,0,0,10,1,10,1,1,6,1,19,4,1395,1,1,5,1
201401CW11771,1,1,0,9,0,8,0,0,0,0,1,1,6,1,20,4,-1,-1,-1,-1,1
201401CW11771,2,5,0,18,0,8,0,0,0,0,1,1,6,1,-1,-1,-1,-1,-1,-1,-1
201401CW11772,1,9,0,18,0,8,0,0,0,0,1,1,6,1,-1,-1,1388,1,9,-1,-1
201401CW11772,2,9,0,4,0,8,0,0,0,0,2,1,6,2,44,7,-1,-1,-1,4,1
201401CW11772,3,9,0,4,0,8,0,0,0,0,2,1,6,1,-1,-1,-1,-1,-1,-1,-1
201401CW11773,1,9,0,9,0,1,0,0,0,0,3,1,1,1,26,6,1390,1,-1,5,1
201401CW11773,2,3,0,13,0,1,0,0,0,0,1,1,1,1,25,5,124,1,4,8,1
201401CW11774,1,8,0,8,0,8,0,0,0,0,4,1,1,1,-1,-1,998,1,-1,9,1
201401CW11774,2,1,0,16,0,8,0,0,0,0,1,1,2,1,-1,-1,-1,-1,-1,-1,-1
201401CW11776,1,8,0,9,0,8,0,0,0,0,1,1,1,1,43,7,2499,2,7,2,1
201401CW11776,2,1,0,17,0,8,0,0,0,0,1,1,6,1,24,5,-1,-1,-1,2,1
201401CW11777,1,9,0,9,0,8,0,0,0,0,1,1,6,1,28,6,2995,7,10,6,1
201401CW11779,1,9,0,5,0,2,0,0,0,0,3,1,2,2,49,8,1388,1,10,2,1
201401CW11779,2,3,0,7,0,5,0,0,0,0,1,1,2,1,51,8,124,1,9,7,1
201401CW11780,1,4,0,18,0,8,0,0,0,0,4,1,6,1,51,8,998,1,6,6,1
201401CW11780,2,8,0,12,0,8,0,0,0,0,3,1,1,1,-1,-1,2499,2,3,-1,-1
201401CW11781,1,9,0,18,0,8,0,0,0,0,1,1,6,1,34,6,2148,2,9,6,1
201401CW11781,2,9,0,9,0,8,0,0,0,0,1,1,6,1,33,6,1499,2,1,3,1
201401CW11782,1,19,0,3,0,8,0,0,0,0,4,1,1,1,22,5,2143,2,-1,2,1
201401CW11782,2,1,0,18,0,8,0,0,0,0,1,1,6,1,27,6,-1,-1,-1,3,1
201401CW11784,1,11,0,18,0,8,0,0,0,0,1,1,6,1,45,7,4461,2,-1,4,1
201401CW11785,1,19,0,3,0,8,0,0,0,0,1,1,1,1,50,8,2143,2,1,3,1
201401CW11785,2,20,0,18,0,8,0,0,0,0,1,1,1,1,-1,-1,-1,-1,-1,6,1
201401CW11788,1,8,0,18,0,0,0,0,0,0,4,1,6,1,32,6,1797,8,3,1,1
201401CW11788,2,9,0,11,0,0,0,0,0,0,1,1,6,1,46,8,-1,-1,-1,6,1
201401CW11788,3,8,0,18,0,0,0,0,0,0,1,1,6,1,65,9,2664,2,13,5,1
201401CW11788,4,9,0,12,0,0,0,0,0,0,0,1,6,1,-1,-1,-1,-1,-1,-1,-1
201401CW11790,1,9,0,3,0,0,0,0,0,0,2,1,6,2,56,9,1994,2,17,3,1
201401CW11790,2,19,0,3,0,0,0,0,0,0,2,1,6,1,49,8,2198,2,3,2,1
201401CW11790,3,9,0,18,0,0,0,0,0,0,1,1,6,1,50,8,3301,1,11,8,1
201401CW11791,1,19,0,1,0,0,0,0,0,0,2,1,6,1,39,7,-1,-1,-1,2,1
201401CW11792,1,9,0,18,0,8,0,10,3,0,3,1,6,2,38,7,1461,2,-1,1,1
201401CW11792,2,9,0,18,0,8,0,10,7,10,1,1,1,1,48,8,1796,1,15,5,1
201401CW11793,1,11,0,18,0,0,0,0,0,0,0,1,1,3,-1,-1,-1,-1,-1,-1,-1
201401CW11794,1,9,0,18,0,0,0,10,1,2,1,1,6,1,30,6,973,1,11,6,1
201401CW11797,1,8,0,18,0,8,0,0,0,0,1,1,1,1,35,6,1797,8,4,-1,-1
201401CW11798,1,9,0,12,0,0,0,0,0,0,3,1,6,1,18,4,2143,2,-1,3,1
201401CW11798,2,3,0,18,0,0,0,0,0,0,4,1,6,1,-1,-1,125,1,7,2,1
201401CW11799,1,8,0,7,0,8,0,0,0,0,1,1,1,1,-1,-1,1968,2,1,-1,-1
201401CW11800,1,8,0,18,0,8,0,10,3,10,1,1,1,1,54,8,1998,2,6,-1,1
201401CW11801,1,9,0,18,0,8,0,0,0,0,4,1,6,1,29,6,1398,1,4,1,1
201401CW11801,2,9,0,18,0,8,0,0,0,0,1,1,6,1,-1,-1,1796,1,8,-1,-1
201401CW11803,1,9,0,10,0,8,0,0,0,0,1,1,6,1,73,10,1796,1,4,6,1
201401CW11803,2,9,0,18,0,1,0,0,0,0,1,1,6,1,-1,-1,1968,2,2,-1,-1
201401CW11805,1,1,0,17,0,8,0,0,0,0,1,1,6,2,24,5,-1,-1,-1,8,3
201401CW11805,2,9,0,9,0,8,0,0,0,0,1,1,6,2,-1,-1,1560,2,6,-1,-1
201401CW11807,1,1,0,18,0,8,0,0,0,0,1,1,6,1,29,6,-1,-1,-1,-1,-1
201401CW11808,1,9,0,2,0,0,0,0,0,0,1,1,6,1,29,6,2497,1,9,-1,1
201401CW11808,2,9,0,16,0,0,0,0,0,0,1,1,6,3,-1,-1,-1,-1,-1,-1,-1
201401CW11809,1,19,0,18,0,1,0,0,0,0,1,1,1,1,27,6,2402,2,7,4,1
201401CW11809,2,9,0,4,0,1,0,0,0,0,2,1,6,1,19,4,1598,2,-1,3,1
201401CW11810,1,11,0,4,0,8,0,0,0,0,0,1,6,1,29,6,4461,2,1,2,1
201401CW11811,1,4,0,4,0,0,0,0,0,0,1,1,6,1,32,6,124,1,3,-1,1
201401CW11811,2,9,0,3,0,0,0,0,0,0,2,1,6,1,37,7,2143,2,4,6,1
201401CW11813,1,8,0,9,0,2,0,0,0,0,1,1,1,1,51,8,2499,2,6,10,1
201401CW11814,1,8,0,18,0,8,0,0,0,0,4,1,1,1,55,8,2499,2,7,9,1
201401CW11814,2,3,0,5,0,8,0,0,0,0,1,1,6,2,25,5,124,1,-1,6,1
201401CW11815,1,1,0,18,0,1,0,0,0,0,1,1,6,1,53,8,-1,-1,-1,5,1
201401CW11816,1,4,0,18,0,1,0,0,3,1,1,1,6,1,24,5,-1,-1,-1,2,1
201401CW11817,1,9,0,9,0,8,0,0,0,0,1,1,6,1,38,7,2993,2,7,7,2
201401CW11817,2,8,0,18,0,8,0,0,0,0,3,1,6,1,64,9,2402,2,8,3,1
201401CW11818,1,9,0,18,0,8,0,0,0,0,4,1,6,1,27,6,1956,2,5,2,1
201401CW11818,2,8,0,17,0,8,0,0,0,0,1,1,1,1,44,7,2664,2,14,2,1
201401CW11819,1,8,0,18,0,8,0,10,3,2,3,1,6,1,50,8,2499,2,7,9,1
201401CW11819,2,9,0,9,0,8,0,10,3,1,1,1,6,2,24,5,1461,2,-1,2,1
201401CW11820,1,19,0,6,0,8,0,0,0,0,0,1,1,1,32,6,-1,-1,-1,2,1
201401CW11820,2,5,0,18,0,8,0,0,0,0,3,1,6,1,59,9,800,1,15,6,1
201401CW11822,1,11,0,5,0,8,0,0,0,0,0,1,1,1,35,6,4461,2,1,3,1
201401CW11823,1,8,0,4,0,8,0,0,0,0,0,1,1,1,43,7,2148,2,5,8,1
201401CW11823,2,9,0,12,0,8,0,0,0,0,0,1,6,1,34,6,1900,2,10,4,1
201401CW11824,1,5,0,18,0,8,0,0,0,0,1,1,6,1,21,5,499,1,11,4,1
201401CW11824,2,1,0,9,0,8,0,0,0,0,1,1,6,1,18,4,-1,-1,-1,6,1
201401CW11825,1,19,0,6,0,1,0,0,0,0,3,1,1,1,33,6,2198,2,1,3,1
201401CW11825,2,5,0,14,0,1,1,0,0,0,4,1,2,2,30,6,798,1,-1,4,1
201401CW11826,1,9,0,18,0,8,0,0,0,0,1,1,6,1,32,6,1796,1,10,3,1
201401CW11827,1,9,0,18,0,0,0,0,0,0,3,1,6,2,55,8,1796,1,12,4,1
201401CW11828,1,8,0,9,0,8,0,0,0,0,1,1,6,1,32,6,1997,2,3,5,1
201401CW11828,2,1,0,18,0,8,0,0,0,0,1,1,6,1,40,7,-1,-1,-1,4,1
201401CW11830,1,9,0,18,0,1,0,0,0,0,1,1,6,1,-1,-1,-1,-1,-1,-1,-1
201401CW11831,1,11,0,12,0,1,0,0,0,0,3,1,1,1,23,5,9360,2,3,4,2
201401CW11831,2,3,0,18,0,1,0,0,0,0,4,1,1,1,30,6,-1,-1,-1,2,1
201401CW11832,1,11,0,3,0,1,0,0,0,0,0,1,1,1,59,9,9100,2,4,9,1
201401CW11833,1,5,0,18,0,0,0,0,0,0,4,1,6,1,29,6,998,1,-1,2,1
201401CW11833,2,9,0,12,0,0,0,0,0,0,3,1,6,1,21,5,1461,2,-1,2,1
201401CW11833,3,9,0,18,0,0,0,0,0,0,3,1,6,2,36,7,998,1,12,4,1
201401CW11833,4,9,0,18,0,0,0,0,0,0,3,1,6,1,44,7,1798,8,1,3,1
201401CW11834,1,11,0,4,0,8,0,0,0,0,0,1,1,1,46,8,7300,2,10,4,1
201401CW11836,1,3,0,9,0,8,0,0,0,0,4,1,6,1,23,5,108,1,3,4,1
201401CW11836,2,9,0,18,0,8,0,0,0,0,1,1,6,3,-1,-1,2143,2,1,-1,-1
201401CW11838,1,9,0,18,0,8,0,0,0,0,2,1,6,1,38,7,1995,2,-1,9,1
201401CW11839,1,9,0,5,0,1,0,0,0,0,1,1,6,1,25,5,1388,1,10,3,1
201401CW11839,2,9,0,5,0,1,0,0,0,0,2,1,6,1,62,9,2499,2,12,1,1
201401CW11842,1,8,0,18,0,8,0,0,0,0,1,1,1,1,24,5,1995,2,2,4,1
201401CW11842,2,8,0,9,0,8,0,0,0,0,1,1,1,1,44,7,1910,2,5,6,1
201401CW11843,1,9,0,18,0,2,0,0,0,0,1,1,6,2,66,10,998,1,-1,2,1
201401CW11844,1,9,0,7,0,8,0,0,0,0,1,1,6,2,-1,-1,2362,1,11,8,1
201401CW11845,1,9,0,2,0,0,0,0,0,0,3,1,6,1,54,8,1364,1,-1,2,1
201401CW11845,2,19,0,18,0,0,0,4,0,0,4,1,6,1,46,8,-1,-1,-1,3,1
201401CW11846,1,8,0,18,0,8,0,0,1,0,4,1,1,1,40,7,2499,2,2,8,1
201401CW11847,1,19,0,5,0,8,0,0,0,0,1,1,6,1,-1,-1,1560,2,3,-1,-1
201401CW11847,2,1,0,18,0,8,0,0,0,0,4,1,6,2,26,6,-1,-1,-1,3,1
201401CW11848,1,9,0,10,0,8,0,0,0,0,2,1,6,2,32,6,1498,1,5,3,1
201401CW11848,2,8,0,9,0,8,0,0,0,0,1,1,1,1,57,9,2664,2,15,5,1
201401CW11849,1,9,0,4,0,2,0,0,0,0,2,1,6,2,48,8,875,1,-1,10,2
201401CW11849,2,9,0,18,0,2,0,0,0,0,1,1,6,1,61,9,1497,8,10,2,1
201401CW11850,1,19,0,11,0,0,0,0,0,0,2,1,2,2,36,7,-1,-1,-1,4,1
201401CW11850,2,9,0,4,0,0,0,0,0,0,1,1,6,2,30,6,1796,1,9,-1,-1
201401CW11850,3,9,0,18,0,0,0,0,0,0,2,1,2,1,35,6,-1,-1,-1,2,1
201401CW11850,4,19,0,18,0,0,0,0,0,0,1,1,1,1,51,8,2402,2,7,5,1
201401CW11855,1,8,0,18,0,8,0,0,1,0,4,1,1,1,57,9,3498,8,-1,2,1
201401CW11856,1,9,0,18,0,8,0,0,0,0,1,1,6,1,28,6,1797,8,2,-1,-1
201401CW11856,2,9,0,18,0,8,0,0,0,0,3,1,6,1,32,6,1984,1,4,5,1
201401CW11857,1,1,0,9,0,8,0,0,0,0,1,1,6,1,31,6,-1,-1,-1,2,1
201401CW11857,2,9,0,9,0,8,0,0,0,0,3,1,6,1,-1,-1,1796,1,12,-1,-1
201401CW11858,1,9,0,18,0,8,0,0,0,0,1,1,6,3,-1,-1,-1,-1,-1,-1,-1
201401CW11859,1,9,0,17,0,8,0,0,0,0,4,1,6,1,24,5,2720,2,9,6,1
201401CW11859,2,9,0,17,0,8,0,0,0,0,3,1,6,1,-1,-1,2993,2,1,-1,-1
201401CW11861,1,9,0,14,0,8,0,0,0,0,1,1,6,1,17,4,-1,-1,-1,8,3
201401CW11862,1,11,0,5,0,2,0,0,0,0,0,1,1,1,48,8,4461,2,1,2,1
201401CW11863,1,4,0,18,0,0,0,0,0,0,4,1,6,1,24,5,124,1,6,3,1
201401CW11864,1,8,0,18,0,0,0,0,0,0,2,1,1,1,47,8,1797,8,4,3,1
201401CW11864,2,9,0,18,0,0,0,0,1,0,1,1,6,3,-1,-1,-1,-1,-1,-1,-1
201401CW11865,1,9,0,9,0,8,0,0,0,0,1,1,6,1,36,7,1797,8,5,6,1
201401CW11865,2,3,0,18,0,8,0,0,0,0,1,1,6,1,38,7,124,1,7,5,1
201401CW11866,1,9,0,18,0,8,0,7,0,0,1,1,6,2,52,8,1248,1,4,3,1
201401CW11867,1,9,0,18,0,8,5,10,1,10,4,1,6,1,37,7,1796,1,10,3,1
201401CW11868,1,3,0,18,0,8,0,0,0,0,1,1,6,1,23,5,108,1,1,2,1
201401CW11868,2,9,0,16,0,8,0,0,0,0,4,1,6,3,-1,-1,-1,-1,-1,-1,-1
201401CW11869,1,3,0,18,0,8,0,0,0,0,1,1,1,1,18,4,108,1,-1,-1,1