Accident_Index,Vehicle_Reference,Vehicle_Type,Towing_and_Articulation,Vehicle_Manoeuvre,Vehicle_Location-Restricted_Lane,Junction_Location,Skidding_and_Overturning,Hit_Object_in_Carriageway,Vehicle_Leaving_Carriageway,Hit_Object_off_Carriageway,1st_Point_of_Impact,Was_Vehicle_Left_Hand_Drive?,Journey_Purpose_of_Driver,Sex_of_Driver,Age_of_Driver,Age_Band_of_Driver,Engine_Capacity_(CC),Propulsion_Code,Age_of_Vehicle,Driver_IMD_Decile,Driver_Home_Area_Type
201401EK40290,2,9,0,18,0,0,0,0,0,0,1,1,6,2,35,6,-1,-1,-1,3,1
201401EK40291,1,8,0,18,0,1,0,4,0,0,4,1,1,1,24,5,1997,2,9,3,1
201401EK40291,2,19,0,2,0,1,0,0,0,0,2,1,1,1,51,8,4461,2,3,4,1
201401EK40292,1,3,0,18,0,0,0,0,0,0,1,1,6,1,23,5,125,1,1,2,1
201401EK40292,2,19,0,18,0,0,0,0,0,0,2,1,6,3,-1,-1,-1,-1,-1,-1,-1
201401EK40294,1,9,0,3,0,1,0,0,0,0,2,1,6,1,42,7,1998,2,10,6,1
201401EK40294,2,8,0,18,0,1,0,0,0,0,1,1,1,1,58,9,1769,1,10,3,1
201401EK40295,1,9,0,3,0,2,0,0,0,0,1,2,6,1,45,7,4282,1,6,6,1
201401EK40295,2,1,0,14,0,2,0,8,0,0,1,1,6,2,32,6,-1,-1,-1,-1,1
201401EK40297,1,9,0,18,0,1,0,0,0,0,1,1,6,1,28,6,1598,2,4,1,1
201401EK40297,2,9,0,18,0,1,0,0,0,0,2,1,1,1,38,7,1797,8,4,5,1
201401EK40297,3,9,0,18,0,1,0,0,0,0,2,1,6,1,-1,-1,3947,6,17,9,1
201401EK40298,1,3,0,18,0,1,0,0,0,0,1,1,6,1,21,5,-1,-1,-1,3,1
201401EK40298,2,9,0,6,0,1,0,0,0,0,3,1,1,1,61,9,2967,2,7,4,1
201401EK40299,1,19,0,17,0,2,0,0,0,0,1,1,1,1,39,7,2143,2,1,-1,-1
201401EK40300,1,3,0,18,0,0,0,0,0,0,1,1,6,1,21,5,124,1,8,1,1
201401EK40300,2,8,0,4,0,0,0,0,0,0,2,1,6,3,-1,-1,1197,1,1,-1,-1
201401EK40301,1,9,0,6,0,1,0,0,0,0,3,1,6,2,48,8,1999,1,6,8,1
201401EK40301,2,3,0,14,0,1,0,0,0,0,1,1,6,1,49,8,124,1,7,5,1
201401EK40302,1,1,0,18,0,8,0,0,0,0,4,1,6,1,32,6,-1,-1,-1,2,1
201401EK40302,2,19,0,18,0,8,0,0,0,0,1,1,6,1,-1,-1,1753,2,8,-1,-1
201401EK40304,1,9,0,3,0,1,0,0,0,0,4,1,6,1,45,7,2967,2,1,2,1
201401EK40304,2,1,0,15,0,1,0,0,0,0,1,1,6,1,40,7,-1,-1,-1,3,1
201401EK40305,1,1,0,18,0,8,0,0,0,0,1,1,6,1,37,7,-1,-1,-1,2,1
201401EK40305,2,9,0,9,0,8,0,0,0,0,3,1,6,1,-1,-1,1988,1,10,-1,-1
201401EK40306,1,1,0,16,0,8,0,0,0,0,3,1,6,1,27,6,-1,-1,-1,5,1
201401EK40306,2,9,0,16,0,8,0,0,0,0,4,1,6,3,-1,-1,-1,-1,-1,-1,-1
201401EK40307,1,2,0,18,0,1,0,0,0,0,1,1,6,3,-1,-1,-1,-1,-1,-1,-1
201401EK40307,2,1,0,10,0,1,0,0,0,0,2,1,6,1,20,4,-1,-1,-1,3,1
201401EK40308,1,1,0,5,0,1,0,0,0,0,3,1,6,1,32,6,-1,-1,-1,4,1
201401EK40308,2,3,0,7,0,1,0,0,0,0,4,1,6,3,-1,-1,-1,-1,-1,-1,-1
201401EK40310,1,19,0,1,0,2,0,0,0,0,2,1,1,1,62,9,2198,2,6,1,1
201401EK40310,2,1,0,3,0,1,0,0,0,0,2,1,6,1,49,8,-1,-1,-1,6,1
201401EK40311,1,9,0,18,0,8,0,0,0,0,1,1,6,2,39,7,1999,1,1,6,1
201401EK40311,2,9,0,18,0,8,0,0,0,0,3,1,6,1,25,5,1598,1,1,1,1
201401EK40312,1,9,0,18,0,2,0,0,0,0,1,1,6,1,30,6,1910,2,9,4,1
201401EK40312,2,9,0,18,0,1,0,0,0,0,1,1,1,3,-1,-1,-1,-1,-1,-1,-1
201401EK40314,1,8,0,18,0,1,0,8,0,0,4,1,1,1,51,8,1997,2,2,4,1
201401EK40314,2,20,0,2,0,1,0,0,0,0,3,1,1,1,44,7,-1,-1,-1,3,1
201401EK40315,1,9,0,18,0,1,0,0,1,2,3,1,6,2,41,7,875,1,3,8,1
201401EK40315,2,9,0,18,0,2,0,7,0,0,3,1,6,1,18,4,2393,1,13,2,1
201401EK40316,1,8,0,3,0,1,0,0,0,0,2,1,1,1,41,7,1995,2,9,3,1
201401EK40316,2,9,0,4,0,1,0,0,0,0,1,1,1,1,45,7,1799,1,6,-1,1
201401EK40317,1,9,0,18,0,8,0,0,0,0,3,1,3,1,36,7,1910,2,6,5,1
201401EK40317,2,1,0,18,0,8,0,0,0,0,1,1,6,1,38,7,-1,-1,-1,3,1
201401EK40318,1,1,0,18,0,0,0,0,0,0,1,1,6,1,27,6,-1,-1,-1,2,1
201401EK40321,1,9,0,17,0,0,0,4,0,0,1,1,6,2,34,6,1968,2,7,-1,3
201401EK40321,2,21,0,17,0,0,0,0,0,0,2,1,6,3,-1,-1,-1,-1,-1,-1,-1
201401EK40324,1,3,0,4,0,1,0,0,0,0,2,1,1,1,38,7,124,1,9,4,1
201401EK40324,2,3,0,4,0,1,0,0,0,0,1,1,1,1,29,6,124,1,4,1,1
201401EK40325,1,4,0,18,0,8,0,0,0,0,1,1,6,1,26,6,125,1,2,-1,-1
201401EK40325,2,9,0,18,0,8,0,0,0,0,3,1,6,2,52,8,-1,-1,-1,7,1
201401EK40326,1,3,0,14,0,2,0,0,0,0,1,1,6,1,21,5,124,1,8,4,1
201401EK40327,1,5,0,18,0,0,0,0,0,0,4,1,6,1,37,7,-1,-1,-1,8,1
201401EK40327,2,9,0,18,0,0,0,0,0,0,3,1,6,1,27,6,1968,2,1,2,1
201401EK40328,1,9,0,9,0,2,0,0,0,0,1,1,6,1,47,8,2494,1,17,4,1
201401EK40329,1,9,0,7,0,1,0,0,0,0,4,1,6,1,-1,-1,2979,1,-1,-1,1
201401EK40329,2,1,0,15,0,1,0,0,0,0,3,1,6,1,29,6,-1,-1,-1,6,1
201401EK40330,1,8,0,14,0,1,0,0,0,0,1,1,6,1,-1,-1,-1,-1,-1,-1,-1
201401EK40331,1,4,0,18,0,1,0,0,0,0,3,1,1,1,29,6,-1,-1,-1,3,1
201401EK40331,2,9,0,9,0,1,0,0,0,0,4,1,6,2,36,7,1598,1,-1,2,1
201401EK40331,3,9,0,18,0,1,0,0,0,0,3,1,6,1,-1,-1,1198,1,1,8,1
201401EK40333,1,9,0,7,0,8,0,0,0,0,4,1,1,1,44,7,2497,2,6,5,1
201401EK40333,2,2,0,15,0,8,0,0,0,0,3,1,6,1,19,4,49,1,7,1,1
201401EK40334,1,9,0,12,0,0,0,0,0,0,1,1,6,1,33,6,1796,1,17,3,1
201401EK40334,2,9,0,4,0,0,0,0,0,0,2,1,1,1,66,10,1797,8,4,1,1
201401EK40335,1,8,0,18,0,8,0,0,0,0,4,1,1,1,48,8,2143,2,1,10,1
201401EK40335,2,9,0,18,0,8,0,0,0,0,1,1,6,1,35,6,1198,1,6,3,1
201401EK40338,1,9,0,18,0,1,0,0,0,0,3,1,1,1,38,7,2685,2,9,-1,-1
201401EK40338,2,3,0,18,0,2,0,0,0,0,2,1,6,1,32,6,-1,-1,-1,3,1
201401EK40338,3,9,0,18,0,2,0,0,0,0,1,1,6,3,-1,-1,-1,-1,-1,-1,-1
201401EK40340,1,1,0,14,0,0,0,0,0,0,3,1,6,1,29,6,-1,-1,-1,3,1
201401EK40340,2,9,0,11,0,0,0,0,0,0,4,1,6,1,-1,-1,1995,1,7,3,1
201401EK40341,1,2,0,3,0,1,0,0,0,0,1,1,6,2,31,6,49,1,8,-1,-1
201401EK40341,2,20,0,1,0,1,0,0,0,0,2,1,6,1,-1,-1,-1,-1,-1,-1,-1
201401EK40342,1,1,0,13,0,8,0,0,0,0,1,1,6,1,24,5,-1,-1,-1,1,1
201401EK40342,2,9,0,9,0,8,0,0,0,0,3,1,6,1,-1,-1,1596,1,12,-1,-1
201401EK40343,1,9,0,18,0,8,0,0,0,0,3,1,1,1,42,7,-1,-1,-1,9,1
201401EK40343,2,1,0,18,0,8,0,0,0,0,1,1,6,1,26,6,-1,-1,-1,6,1
201401EK40344,1,1,0,18,0,1,0,0,0,0,3,1,6,2,29,6,-1,-1,-1,5,1
201401EK40344,2,19,0,7,0,1,0,0,0,0,4,1,6,1,-1,-1,-1,-1,-1,-1,-1
201401EK40345,1,19,0,18,0,2,0,0,0,0,3,1,1,1,33,6,2143,2,1,5,3
201401EK40346,1,4,0,18,0,1,0,0,0,0,1,1,6,3,-1,-1,-1,-1,-1,-1,-1
201401EK40347,1,9,0,9,0,8,0,0,0,0,4,1,6,3,-1,-1,-1,-1,-1,-1,-1
201401EK40347,2,1,0,18,0,8,0,0,0,0,1,1,6,1,27,6,-1,-1,-1,1,1
201401EK40348,1,9,0,18,0,8,0,0,0,0,4,1,6,1,46,8,1461,2,11,3,1
201401EK40348,2,9,0,18,0,8,0,0,0,0,1,1,1,1,29,6,1368,1,5,4,1
201401EK40349,1,3,0,15,0,8,0,0,0,0,3,1,2,1,29,6,124,1,4,2,1
201401EK40349,2,9,0,7,0,8,0,0,0,0,4,1,6,1,-1,-1,-1,-1,-1,-1,-1
201401EK40350,1,5,0,18,0,8,0,0,0,0,1,1,6,1,48,8,-1,-1,-1,4,1
201401EK40350,2,19,0,9,0,8,0,0,0,0,3,1,1,1,49,8,1896,2,9,3,1
201401EK40351,1,9,0,2,0,2,0,0,0,0,0,1,1,1,28,6,-1,-1,-1,2,1
201401EK40351,2,9,0,18,0,2,0,0,0,0,4,1,6,1,44,7,-1,-1,-1,4,2
201401EK40352,1,1,0,18,0,1,0,0,0,0,3,1,6,1,31,6,-1,-1,-1,3,1
201401EK40352,2,9,0,13,0,1,0,0,0,0,4,1,6,3,-1,-1,-1,-1,-1,-1,-1
201401EK40354,1,9,0,7,0,2,0,0,0,0,1,1,6,1,31,6,1560,2,2,5,1
201401EK40354,2,9,0,6,0,1,0,0,0,0,4,1,6,1,-1,-1,-1,-1,-1,2,1
201401EK40355,1,9,0,18,0,8,0,0,0,0,3,1,1,1,54,8,1997,7,12,5,1
201401EK40355,2,1,0,18,0,8,0,0,0,0,1,1,6,2,34,6,-1,-1,-1,1,1
201401EK40356,1,9,0,18,0,8,0,0,0,0,4,1,6,1,50,8,-1,-1,-1,2,1
201401EK40356,2,9,0,9,0,8,0,0,0,0,3,1,6,2,33,6,1197,1,2,-1,-1
201401EK40357,1,1,0,15,0,1,0,0,0,0,3,1,6,1,33,6,-1,-1,-1,6,1
201401EK40357,2,9,0,7,0,1,0,0,0,0,4,1,6,3,-1,-1,-1,-1,-1,-1,-1
201401EK40358,1,1,0,18,4,8,0,0,0,0,1,1,6,1,37,7,-1,-1,-1,2,1
201401EK40358,2,9,0,7,0,8,0,0,0,0,3,1,6,3,-1,-1,3628,2,6,-1,-1
201401EK40359,1,9,0,18,0,2,0,0,0,0,4,1,6,1,54,8,4196,1,10,7,1
201401EK40359,2,1,0,18,0,2,0,10,0,0,4,1,6,2,42,7,-1,-1,-1,-1,-1
201401EK40360,1,3,0,18,0,1,0,0,0,0,1,1,6,1,35,6,124,1,5,9,1
201401EK40360,2,9,0,9,0,2,0,0,0,0,3,1,6,2,41,7,1400,1,7,4,1
201401EK40361,1,8,0,18,0,1,0,0,0,0,1,1,6,3,-1,-1,-1,-1,-1,-1,-1
201401EK40362,1,3,0,3,0,1,0,0,0,0,4,1,6,1,25,5,-1,-1,-1,2,1
201401EK40362,2,9,0,17,0,8,0,0,0,0,3,1,6,3,-1,-1,-1,-1,-1,-1,-1
201401EK40363,1,1,0,18,0,1,0,0,0,0,3,1,6,1,34,6,-1,-1,-1,2,1
201401EK40363,2,9,0,7,0,1,0,0,0,0,4,1,6,3,-1,-1,-1,-1,-1,-1,-1
201401EK40364,1,1,0,18,0,2,0,8,0,0,1,1,6,2,55,8,-1,-1,-1,3,1
201401EK40364,2,9,0,2,0,2,0,0,0,0,3,1,6,3,-1,-1,-1,-1,-1,-1,-1
201401EK40365,1,9,0,2,0,0,0,0,0,0,2,1,6,1,32,6,1896,2,11,2,1
201401EK40365,2,9,0,1,0,0,0,0,0,0,2,1,6,3,-1,-1,-1,-1,-1,-1,-1
201401EK40366,1,19,0,18,0,8,0,0,0,0,1,1,1,1,29,6,2143,2,-1,-1,-1
201401EK40367,1,11,0,3,0,8,0,0,0,0,0,1,6,1,48,8,7300,2,10,-1,1
201401EK40368,1,5,0,15,2,2,0,0,0,0,3,1,6,1,30,6,998,1,7,-1,1
201401EK40368,2,8,0,9,0,1,0,0,0,0,1,1,6,1,30,6,1797,8,2,1,1
201401EK40369,1,11,0,18,0,1,0,0,0,0,4,1,6,3,-1,-1,-1,-1,-1,-1,-1
201401EK40371,1,9,0,3,0,1,0,0,0,0,2,1,6,1,41,7,-1,-1,-1,5,1
201401EK40371,2,9,0,18,0,1,0,0,0,0,1,1,6,2,38,7,1595,1,9,3,1
201401EK40372,1,9,0,9,0,2,0,0,0,0,4,1,6,1,48,8,1998,1,7,3,1
201401EK40372,2,3,0,15,0,2,0,0,0,0,3,1,6,1,32,6,124,1,1,-1,-1
201401EK40373,1,9,0,15,0,1,0,0,0,0,3,1,6,1,26,6,1595,1,8,-1,1
201401EK40373,2,8,0,5,0,8,0,0,0,0,4,1,6,1,46,8,1598,1,1,3,1
201401EK40374,1,11,0,18,0,1,0,0,0,0,0,1,1,1,49,8,8300,2,9,2,1
201401EK40375,1,9,0,7,0,8,0,0,0,0,1,1,6,1,47,8,1998,1,10,6,1
201401EK40375,2,1,0,11,0,8,0,0,0,0,2,1,6,1,41,7,-1,-1,-1,1,1
201401EK40376,1,9,0,18,0,1,0,0,0,0,4,1,6,2,31,6,999,1,1,-1,-1
201401EK40377,1,1,0,15,2,8,0,0,0,0,1,1,6,1,27,6,-1,-1,-1,2,1
201401EK40377,2,19,0,7,0,8,0,0,0,0,2,1,6,3,-1,-1,-1,-1,-1,-1,-1
201401EK40378,1,11,0,18,0,1,0,0,0,0,0,1,6,1,46,8,9000,2,4,2,1
201401EK40380,1,9,0,9,0,8,0,0,0,0,4,1,6,1,20,4,-1,-1,-1,1,1
201401EK40380,2,1,0,18,0,8,0,0,0,0,1,1,6,1,27,6,-1,-1,-1,-1,-1
201401EK40381,1,9,0,9,0,8,0,0,0,0,1,1,6,2,44,7,1363,2,11,2,1
201401EK40381,2,5,0,9,0,8,0,0,0,0,1,1,6,1,24,5,-1,-1,-1,5,1
201401EK40383,1,11,0,4,0,1,0,0,0,0,0,1,1,1,38,7,4500,2,4,8,1
201401EK40384,1,8,0,6,0,1,0,0,0,0,3,1,1,1,58,9,2664,2,14,2,1
201401EK40384,2,1,0,13,0,1,0,0,0,0,1,1,6,2,38,7,-1,-1,-1,1,1
201401EK40385,1,9,0,18,9,0,0,10,1,2,1,1,6,1,26,6,998,1,1,2,1
201401EK40386,1,11,0,18,0,0,0,0,0,0,1,1,1,1,41,7,6696,2,1,4,1
201401EK40387,1,8,0,18,0,8,0,0,0,0,3,1,1,1,22,5,1248,2,7,1,1
201401EK40387,2,9,0,18,0,8,0,0,0,0,1,1,6,3,-1,-1,-1,-1,-1,-1,-1
201401EK40388,1,3,0,17,0,2,0,0,0,0,3,1,6,1,28,6,124,1,5,1,1
201401EK40390,1,2,0,18,0,1,0,0,0,0,4,1,1,1,21,5,48,1,4,6,1
201401EK40390,2,9,0,12,0,1,0,0,0,0,3,1,6,1,61,9,-1,-1,-1,-1,-1
201401EK40391,1,9,0,1,0,2,0,0,0,0,2,1,1,1,27,6,-1,-1,-1,-1,1
201401EK40392,1,9,0,18,0,1,0,0,0,0,1,1,6,1,56,9,-1,-1,-1,3,1
201401EK40392,2,9,0,3,0,1,0,0,0,0,2,1,6,1,65,9,1956,2,2,10,1
201401EK40392,3,9,0,3,0,1,0,0,0,0,2,1,1,1,36,7,-1,-1,-1,7,1
201401EK40393,1,1,0,18,0,8,0,0,0,0,1,1,1,1,27,6,-1,-1,-1,3,1
201401EK40394,1,9,0,5,0,8,0,0,0,0,4,1,6,1,56,9,1968,2,7,8,2
201401EK40394,2,1,0,5,0,8,0,0,0,0,3,1,6,2,25,5,-1,-1,-1,3,1
201401EK40395,1,9,0,7,0,0,0,0,0,0,4,1,1,1,51,8,-1,-1,-1,2,1
201401EK40395,2,1,0,15,0,0,0,0,0,0,1,1,6,1,30,6,-1,-1,-1,6,1
201401EK40396,1,9,0,9,0,8,0,0,0,0,4,1,6,1,62,9,2987,2,6,-1,2
201401EK40396,2,3,0,7,0,8,0,0,0,0,3,1,6,1,28,6,109,1,1,2,1
201401EK40397,1,9,0,18,0,1,0,0,0,0,1,1,1,1,53,8,-1,-1,-1,3,1
201401EK40398,1,8,0,18,0,1,0,0,0,0,1,1,1,1,43,7,2148,2,5,-1,-1
201401EK40399,1,19,0,18,0,2,0,0,0,0,1,1,6,1,36,7,-1,-1,-1,4,1
201401EK40400,1,9,0,14,0,2,0,0,0,0,1,1,1,1,-1,-1,1997,2,10,2,1
201401EK40401,1,9,0,9,0,8,0,0,0,0,4,1,6,1,68,10,2148,2,11,6,1
201401EK40401,2,1,0,18,0,8,0,0,0,0,1,1,6,1,42,7,-1,-1,-1,8,1
201401EK40402,1,11,0,18,0,1,0,0,0,0,0,1,6,1,45,7,9000,2,5,-1,1
201401EK40403,1,9,0,5,0,8,0,0,0,0,1,1,6,1,40,7,1240,1,10,2,1
201401EK40403,2,90,0,18,0,8,0,7,0,0,4,1,1,1,36,7,-1,-1,-1,-1,-1
201401EK40404,1,5,0,3,0,1,0,0,0,0,3,1,6,1,60,9,-1,-1,-1,2,1
201401EK40404,2,9,0,4,0,1,0,0,0,0,4,1,6,3,-1,-1,-1,-1,-1,-1,-1
201401EK40406,1,1,0,18,0,0,0,0,0,0,1,1,6,1,41,7,-1,-1,-1,9,1
201401EK40407,1,9,0,4,0,1,0,0,0,0,2,1,6,2,31,6,1328,1,12,3,1
201401EK40407,2,19,0,5,0,1,0,0,0,0,1,1,1,1,58,9,1560,2,1,2,1
201401EK40408,1,9,0,9,0,2,0,0,0,0,2,1,1,2,27,6,-1,-1,-1,2,1
201401EK40408,2,1,0,18,0,2,0,0,0,0,1,1,6,1,29,6,-1,-1,-1,6,1
201401EK40412,1,1,0,5,0,8,0,0,0,0,3,1,6,2,23,5,-1,-1,-1,1,1
201401EK40412,2,11,0,13,0,8,0,0,0,0,4,1,6,3,-1,-1,-1,-1,-1,-1,-1
201401EK40413,1,9,0,9,0,2,0,0,0,0,1,1,6,3,-1,-1,1896,2,6,-1,-1
201401EK40415,1,9,0,18,0,1,0,0,0,0,1,1,6,3,-1,-1,-1,-1,-1,-1,-1
201401EK40416,1,8,0,5,0,1,0,0,0,0,3,1,1,1,49,8,1560,2,3,4,1
201401EK40416,2,2,0,18,0,1,0,0,0,0,4,1,1,1,30,6,-1,-1,-1,5,1
201401EK40417,1,5,0,5,0,8,0,0,0,0,4,1,6,1,28,6,599,1,9,2,1
201401EK40418,1,11,0,1,0,8,0,0,0,0,0,1,1,1,38,7,4500,2,4,5,1
201401EK40419,1,9,0,18,0,1,0,0,0,0,3,1,6,2,23,5,1199,1,13,2,1
201401EK40419,2,9,0,11,0,1,0,0,0,0,4,1,6,3,-1,-1,1598,1,12,-1,-1
201401EK40420,1,11,0,7,0,8,0,0,0,0,0,1,1,1,37,7,6696,2,1,2,1
201401EK40421,1,9,0,18,9,1,0,0,0,0,1,1,6,3,-1,-1,2500,1,23,-1,-1
201401EK40422,1,1,0,18,0,2,0,0,0,0,3,1,6,1,31,6,-1,-1,-1,2,1
201401EK40422,2,9,0,13,0,2,0,0,0,0,4,1,6,3,-1,-1,1240,1,12,-1,-1
201401EK40423,1,8,0,18,0,1,0,0,0,0,1,1,1,1,66,10,2402,2,8,7,1
201401EK40425,1,3,0,18,0,0,0,8,0,0,1,1,1,1,20,4,125,1,4,9,1
201401EK40425,2,8,0,2,0,0,0,0,0,0,4,1,1,1,47,8,1997,2,3,2,1
201401EK40427,1,5,0,14,0,1,0,0,0,0,1,1,6,1,43,7,599,1,15,2,1
201401EK40427,2,9,0,9,0,1,0,0,0,0,3,1,6,3,-1,-1,-1,-1,-1,-1,-1
201401EK40428,1,5,0,18,0,0,0,11,0,0,1,1,6,1,28,6,599,1,16,7,1
201401EK40429,1,8,0,7,0,5,0,0,0,0,4,1,1,1,47,8,2499,2,5,3,1
201401EK40429,2,1,0,18,0,1,0,0,0,0,3,1,6,1,45,7,-1,-1,-1,5,1
201401EK40430,1,11,0,18,0,0,0,0,0,0,1,1,1,1,41,7,4500,2,7,2,1
201401EK40430,2,9,0,3,0,0,0,0,0,0,2,1,6,1,54,8,-1,-1,-1,2,1
201401EK40431,1,9,0,18,0,2,0,0,0,0,1,1,6,1,25,5,2143,2,1,6,1
201401EK40431,2,5,0,3,0,2,0,0,0,0,2,1,6,1,46,8,-1,-1,-1,-1,-1
201401EK40431,3,9,0,3,0,2,0,0,0,0,2,1,6,2,48,8,1951,2,11,4,1
201401EK40432,1,9,0,18,0,1,0,0,0,0,4,1,6,3,-1,-1,-1,-1,-1,-1,-1
201401EK40433,1,11,0,18,0,1,0,0,0,0,0,1,1,1,48,8,6700,2,2,4,1
201401EK40435,1,8,0,17,0,1,0,0,0,0,4,1,6,1,49,8,1995,2,9,1,1
201401EK40435,2,2,0,17,0,1,0,0,0,0,3,1,1,1,25,5,125,1,10,2,1
201401EK40436,1,1,0,18,0,0,0,0,0,0,1,1,2,1,-1,-1,-1,-1,-1,3,1
201401EK40436,2,19,0,1,0,0,0,0,0,0,2,1,1,1,-1,-1,2198,2,4,5,3
201401EK40438,1,8,0,18,0,1,0,0,0,0,2,1,6,1,48,8,-1,-1,-1,-1,1
201401EK40438,2,1,0,18,0,1,0,0,0,0,1,1,6,1,20,4,-1,-1,-1,2,1
201401EK40440,1,9,0,2,0,1,0,0,0,0,2,1,6,1,48,8,4600,1,16,3,1
201401EK40440,2,9,0,18,0,1,0,0,0,0,1,1,6,3,-1,-1,-1,-1,-1,-1,-1
201401EK40442,1,9,0,3,0,1,0,0,0,0,2,1,1,2,30,6,1796,1,6,3,1
201401EK40442,2,9,0,18,0,1,0,0,0,0,1,1,6,1,-1,-1,1896,2,9,-1,-1
201401EK40443,1,8,0,18,0,8,0,0,0,0,1,1,1,1,48,8,2664,2,12,2,1
201401EK40443,2,10,0,9,0,8,0,0,0,0,4,1,1,1,60,9,2298,2,2,4,1
201401EK40444,1,9,0,5,0,8,0,0,0,0,1,1,6,2,52,8,1397,1,12,3,1
201401EK40444,2,9,0,5,0,8,0,0,0,0,4,1,6,1,61,9,2987,2,3,8,1
201401EK40446,1,9,0,5,0,1,0,0,0,0,3,1,1,1,23,5,-1,-1,-1,-1,-1
201401EK40446,2,9,0,18,0,1,0,0,0,0,1,1,6,2,34,6,998,1,1,2,1
201401EK40447,1,1,0,15,0,1,0,0,0,0,4,1,6,1,-1,-1,-1,-1,-1,-1,-1
201401EK40448,1,9,0,18,0,8,0,0,0,0,4,1,6,2,50,8,1339,1,6,7,3
201401EK40448,2,1,0,18,0,8,0,0,0,0,1,1,6,1,33,6,-1,-1,-1,2,1
201401EK40449,1,8,0,3,0,0,0,0,0,0,4,1,1,1,52,8,2664,2,15,6,1
201401EK40449,2,1,0,15,0,0,0,8,0,0,1,1,6,1,26,6,-1,-1,-1,9,3
201401EK40450,1,9,0,7,0,8,0,0,0,0,4,1,6,1,67,10,3800,1,3,1,1
201401EK40450,2,1,0,15,0,8,0,0,0,0,3,1,6,1,44,7,-1,-1,-1,5,1
201401EK40451,1,11,0,18,0,0,0,0,0,0,0,1,1,1,60,9,4760,2,1,-1,-1
201401EK40452,1,9,0,18,0,2,0,0,0,0,3,1,6,2,23,5,-1,-1,-1,-1,-1
201401EK40452,2,9,0,18,0,1,0,0,0,0,3,1,1,1,60,9,2148,2,6,5,1
201401EK40453,1,9,0,16,0,1,0,0,4,0,1,1,6,2,22,5,1400,1,9,-1,-1
201401EK40454,1,1,0,18,0,1,0,0,0,0,4,1,6,1,43,7,-1,-1,-1,-1,-1
201401EK40455,1,9,0,7,0,8,0,0,0,0,4,1,6,1,79,11,1994,2,16,-1,-1
201401EK40455,2,1,0,15,0,8,0,0,0,0,3,1,6,1,31,6,-1,-1,-1,2,1
201401EK40456,1,9,0,7,0,2,0,0,0,0,2,1,6,2,25,5,998,1,2,5,1
201401EK40456,2,1,0,7,0,2,0,0,0,0,1,1,6,1,30,6,-1,-1,-1,3,1
201401EK40457,1,9,0,7,0,1,0,0,0,0,4,1,1,1,56,9,-1,-1,-1,5,1
201401EK40457,2,1,0,15,0,1,0,0,0,0,3,1,6,2,29,6,-1,-1,-1,3,1
201401EK40458,1,9,0,2,0,0,0,4,0,0,4,1,6,1,56,9,1998,1,7,8,1
201401EK40458,2,1,0,18,0,0,0,0,0,0,1,1,6,1,49,8,-1,-1,-1,3,1
201401EK40459,1,11,0,18,0,1,0,0,0,0,1,1,6,3,-1,-1,-1,-1,-1,-1,-1
201401EK40460,1,8,0,11,0,0,0,0,0,0,4,1,6,1,-1,-1,1329,1,4,-1,-1
201401EK40460,2,1,0,18,0,0,0,0,0,0,1,1,6,1,50,8,-1,-1,-1,3,1
201401EK40461,1,9,0,4,0,0,0,0,0,0,2,1,6,1,36,7,1995,2,10,2,1
201401EK40461,2,9,0,18,0,0,0,0,0,0,1,1,6,1,18,4,1240,1,6,9,1
201401EK40462,1,3,0,18,0,2,0,0,0,0,1,1,6,3,-1,-1,-1,-1,-1,-1,-1
201401EK40463,1,9,0,18,0,1,0,0,0,0,1,1,6,3,-1,-1,-1,-1,-1,-1,-1
201401EK40464,1,9,0,6,0,0,0,0,0,0,4,1,1,1,57,9,-1,-1,-1,3,1
201401EK40464,2,3,0,18,0,0,0,0,0,0,1,1,6,2,37,7,125,1,-1,1,1
201401EK40465,1,9,0,9,0,8,0,0,0,0,3,1,6,2,41,7,1397,1,10,3,1
201401EK40465,2,1,0,14,0,8,0,0,0,0,1,1,6,1,25,5,-1,-1,-1,2,1
201401EK40465,3,9,0,3,0,8,0,0,0,0,1,1,6,1,45,7,1598,1,1,5,1
201401EK40466,1,9,0,5,0,1,0,0,0,0,4,1,6,1,-1,-1,3301,1,11,-1,-1
201401EK40466,2,19,0,5,0,1,0,0,0,0,3,1,6,3,-1,-1,-1,-1,-1,-1,-1
201401EK40467,1,9,0,4,0,1,0,0,0,0,2,1,6,1,28,6,1986,2,8,5,1
201401EK40467,2,9,0,18,0,1,0,0,0,0,1,1,6,1,31,6,2387,2,7,8,1
201401EK40468,1,19,0,5,0,1,0,0,0,0,3,1,1,2,33,6,-1,-1,-1,2,1
201401EK40469,1,19,0,5,0,0,0,0,0,0,4,1,6,3,-1,-1,1598,2,1,-1,-1
201401EK40470,1,9,0,9,0,8,0,0,0,0,4,1,6,1,35,6,-1,-1,-1,2,1
201401EK40470,2,1,0,5,0,8,0,0,0,0,1,1,6,1,36,7,-1,-1,-1,-1,-1
201401EK40471,1,9,0,4,0,1,0,0,0,0,2,1,6,1,28,6,1598,1,8,-1,-1
201401EK40471,2,9,0,18,0,1,0,0,0,0,1,1,6,2,46,8,1587,1,9,2,1
201401EK40472,1,1,0,4,0,0,0,0,0,0,4,1,6,1,36,7,-1,-1,-1,4,1
201401EK40472,2,5,0,15,0,0,0,0,0,0,1,1,6,3,-1,-1,125,1,10,-1,-1
201401EK40473,1,11,0,18,0,1,0,0,0,0,0,1,1,1,51,8,4760,2,-1,4,1
201401EK40475,1,9,0,18,0,1,0,0,0,0,1,1,1,1,30,6,1597,2,-1,5,1
201401EK40477,1,8,0,16,0,1,0,0,0,0,4,1,6,3,-1,-1,2499,2,6,-1,-1
201401EK40478,1,9,0,18,0,8,0,0,0,0,1,1,6,1,47,8,1895,1,14,3,1
201401EK40478,2,9,0,9,0,8,0,0,0,0,3,1,6,2,63,9,2987,2,4,8,1