Accident_Index,Vehicle_Reference,Vehicle_Type,Towing_and_Articulation,Vehicle_Manoeuvre,Vehicle_Location-Restricted_Lane,Junction_Location,Skidding_and_Overturning,Hit_Object_in_Carriageway,Vehicle_Leaving_Carriageway,Hit_Object_off_Carriageway,1st_Point_of_Impact,Was_Vehicle_Left_Hand_Drive?,Journey_Purpose_of_Driver,Sex_of_Driver,Age_of_Driver,Age_Band_of_Driver,Engine_Capacity_(CC),Propulsion_Code,Age_of_Vehicle,Driver_IMD_Decile,Driver_Home_Area_Type
201401EK40479,1,8,0,9,0,8,0,0,0,0,3,1,1,1,51,8,2143,2,2,2,1
201401EK40479,2,5,0,13,0,8,0,0,0,0,4,1,6,1,26,6,675,1,1,-1,-1
201401EK40480,1,11,0,18,0,0,0,0,0,0,1,1,1,1,60,9,-1,-1,-1,3,1
201401EK40480,2,11,0,3,0,0,0,0,0,0,2,1,1,1,65,9,-1,-1,-1,2,1
201401EK40481,1,9,0,18,0,1,0,0,0,0,4,1,6,1,42,7,2460,2,6,3,1
201401EK40481,2,1,0,15,0,1,0,0,0,0,3,1,6,1,49,8,-1,-1,-1,5,1
201401EK40482,1,9,0,5,0,8,0,0,0,0,1,1,1,1,23,5,1598,1,6,-1,1
201401EK40482,2,9,0,18,0,8,0,0,0,0,4,1,6,1,49,8,1598,2,1,8,1
201401EK40483,1,4,0,18,0,1,0,0,0,0,3,1,6,1,19,4,124,1,7,2,1
201401EK40483,2,9,0,9,0,5,0,0,0,0,4,1,6,3,-1,-1,1390,1,2,-1,-1
201401EK40484,1,11,0,3,0,1,0,0,0,0,4,1,1,1,51,8,7300,2,8,2,1
201401EK40485,1,9,0,3,0,0,0,0,0,0,2,1,6,1,47,8,1590,1,10,-1,-1
201401EK40485,2,9,0,5,0,0,0,0,0,0,2,1,1,1,66,10,-1,-1,-1,6,1
201401EK40485,3,9,0,5,0,0,0,0,0,0,1,1,1,1,23,5,-1,-1,-1,2,1
201401EK40486,1,19,0,9,0,6,0,0,0,0,3,1,1,1,44,7,-1,-1,-1,2,1
201401EK40486,2,4,0,14,0,1,0,0,0,0,1,1,1,1,31,6,125,1,7,2,1
201401EK40487,1,1,0,14,0,0,0,0,0,0,4,1,6,1,27,6,-1,-1,-1,2,1
201401EK40487,2,9,0,9,0,0,0,0,0,0,3,1,6,1,-1,-1,1598,1,2,-1,-1
201401EK40488,1,3,0,13,0,8,0,0,0,0,3,1,6,1,30,6,124,1,2,3,1
201401EK40488,2,9,0,9,0,8,0,0,0,0,4,1,6,2,-1,-1,-1,-1,-1,-1,-1
201401EK40489,1,4,0,18,0,0,0,0,0,0,4,1,6,1,36,7,124,1,11,3,1
201401EK40490,1,8,0,1,0,0,0,10,1,0,4,1,6,1,-1,-1,1896,2,9,-1,-1
201401EK40491,1,9,0,18,0,0,0,0,0,0,1,1,6,1,44,7,-1,-1,-1,3,1
201401EK40492,1,1,0,15,0,1,0,4,0,0,3,1,6,1,44,7,-1,-1,-1,1,1
201401EK40492,2,9,0,18,0,1,0,0,0,0,4,1,6,3,-1,-1,1242,1,11,-1,-1
201401EK40492,3,9,0,2,0,1,0,0,0,0,3,1,6,3,-1,-1,-1,-1,-1,-1,-1
201401EK40493,1,9,0,3,0,1,0,0,0,0,2,1,6,2,41,7,999,1,14,3,1
201401EK40493,2,19,0,18,0,1,0,0,0,0,1,1,1,1,29,6,1560,2,1,6,1
201401EK40494,1,1,0,5,0,8,0,0,0,0,4,1,6,1,24,5,-1,-1,-1,3,1
201401EK40494,2,9,0,12,0,8,0,0,0,0,3,1,6,3,-1,-1,-1,-1,-1,-1,-1
201401EK40495,1,9,0,7,0,1,0,0,0,0,4,1,1,1,28,6,-1,-1,-1,-1,-1
201401EK40495,2,1,0,15,0,1,0,0,0,0,3,1,6,1,35,6,-1,-1,-1,-1,-1
201401EK40496,1,1,0,18,0,8,0,0,0,0,2,1,6,1,43,7,-1,-1,-1,8,3
201401EK40496,2,9,0,18,0,8,0,0,0,0,1,1,6,1,-1,-1,1797,8,3,3,1
201401EK40498,1,4,0,18,0,8,0,0,0,0,4,1,1,1,24,5,125,1,8,6,1
201401EK40498,2,9,0,18,0,8,0,0,0,0,1,1,6,3,-1,-1,-1,-1,-1,-1,-1
201401EK40500,1,11,0,18,2,0,0,0,0,0,1,1,1,1,29,6,-1,-1,-1,2,1
201401EK40503,1,9,0,18,0,0,0,0,0,0,1,1,1,2,66,10,3498,1,9,7,1
201401EK40503,2,8,0,18,0,0,0,0,0,0,1,1,6,1,35,6,2143,2,1,8,1
201401EK40504,1,1,0,9,0,8,0,0,0,0,1,1,6,2,33,6,-1,-1,-1,-1,-1
201401EK40504,2,9,0,18,0,8,0,0,0,0,4,1,6,1,47,8,2143,2,1,6,1
201401EK40505,1,3,0,18,0,0,0,0,0,0,4,1,1,1,28,6,109,1,1,-1,-1
201401EK40505,2,3,0,18,0,0,0,0,0,0,0,1,6,3,-1,-1,-1,-1,-1,-1,-1
201401EK40506,1,3,0,13,0,1,0,0,0,0,1,1,6,1,41,7,102,1,11,8,1
201401EK40506,2,8,0,9,0,1,0,0,0,0,3,1,1,1,40,7,1797,8,4,4,1
201401EK40507,1,5,0,18,0,8,0,0,0,0,2,1,6,1,59,9,1170,1,2,5,1
201401EK40507,2,9,0,18,0,8,0,0,0,0,1,1,6,2,56,9,1388,1,8,-1,-1
201401EK40508,1,1,0,18,0,0,0,0,0,0,4,1,6,1,43,7,-1,-1,-1,7,1
201401EK40509,1,9,0,5,0,1,0,0,0,0,4,1,6,3,-1,-1,-1,-1,-1,-1,-1
201401EK40510,1,3,0,18,0,8,0,0,0,0,3,1,6,1,31,6,124,1,1,3,1
201401EK40510,2,19,0,9,0,8,0,0,0,0,1,1,1,1,34,6,-1,-1,-1,-1,-1
201401EK40511,1,9,0,18,0,0,0,0,0,0,3,1,6,1,27,6,1997,2,2,1,1
201401EK40511,2,9,0,13,0,0,0,0,0,0,4,1,6,3,-1,-1,1997,2,11,-1,-1
201401EK40512,1,9,0,9,0,8,0,0,0,0,4,1,6,2,29,6,1461,2,4,1,1
201401EK40512,2,1,0,15,0,8,0,0,0,0,1,1,6,1,26,6,-1,-1,-1,2,1
201401EK40513,1,9,0,11,0,0,0,0,0,0,4,1,6,2,42,7,1598,2,-1,7,1
201401EK40513,2,3,0,18,0,0,0,10,0,0,3,1,6,1,31,6,-1,-1,-1,3,1
201401EK40514,1,19,0,2,0,1,0,0,0,0,3,1,1,1,42,7,-1,-1,-1,2,1
201401EK40514,2,21,1,9,0,8,1,0,0,0,2,1,1,1,39,7,-1,-1,-1,2,1
201401EK40515,1,9,0,18,0,0,0,0,0,0,1,1,6,2,36,7,1797,8,4,6,1
201401EK40516,1,11,0,18,0,0,0,0,0,0,0,1,1,1,30,6,6700,2,3,1,1
201401EK40518,1,21,0,7,0,1,0,0,0,0,4,1,1,1,62,9,-1,-1,-1,-1,-1
201401EK40518,2,1,0,15,0,1,0,0,0,0,3,1,6,1,40,7,-1,-1,-1,-1,-1
201401EK40519,1,1,0,18,0,0,0,0,0,0,1,1,6,1,47,8,-1,-1,-1,2,1
201401EK40520,1,9,0,18,0,1,0,0,0,0,1,1,6,3,-1,-1,-1,-1,-1,-1,-1
201401EK40521,1,1,0,18,0,8,0,0,0,0,1,1,6,1,35,6,-1,-1,-1,3,1
201401EK40521,2,19,0,18,0,8,0,0,0,0,2,1,6,3,-1,-1,-1,-1,-1,-1,-1
201401EK40522,1,3,0,18,0,1,0,0,0,0,1,1,6,1,19,4,124,1,18,2,1
201401EK40522,2,9,0,4,0,1,0,0,0,0,2,1,6,1,29,6,2993,2,6,3,1
201401EK40523,1,11,0,4,0,0,0,0,0,0,0,1,1,1,40,7,4500,2,2,-1,1
201401EK40524,1,19,0,9,0,8,0,0,0,0,3,1,1,1,21,5,1248,2,3,2,1
201401EK40524,2,1,0,18,0,8,0,0,0,0,1,1,6,2,36,7,-1,-1,-1,3,1
201401EK40525,1,3,0,5,0,8,0,0,0,0,1,1,2,1,18,4,-1,-1,-1,3,1
201401EK40529,1,4,0,18,0,2,1,0,0,0,4,1,6,1,22,5,599,1,7,3,1
201401EK40530,1,9,0,18,0,8,0,0,0,0,1,1,6,2,21,5,-1,-1,-1,2,1
201401EK40530,2,4,0,18,0,8,0,0,0,0,3,1,6,1,41,7,1202,1,2,-1,-1
201401EK40530,3,4,0,18,0,8,0,0,0,0,3,1,6,1,56,9,1202,1,2,5,1
201401EK40531,1,3,0,18,0,8,0,0,0,0,1,1,6,1,25,5,599,1,11,-1,-1
201401EK40532,1,3,0,18,0,0,0,0,0,0,4,1,1,1,61,9,85,1,16,2,1
201401EK40533,1,9,0,9,0,0,0,0,0,0,3,1,1,1,41,7,1398,1,4,1,1
201401EK40533,2,3,0,18,0,0,0,0,0,0,1,1,6,1,19,4,124,1,13,1,1
201401EK40534,1,3,0,18,0,1,0,10,0,0,4,1,1,1,24,5,1140,1,1,-1,-1
201401EK40535,1,9,0,7,0,8,0,0,0,0,2,1,6,1,40,7,1968,2,4,4,1
201401EK40535,2,1,0,18,4,8,0,0,0,0,1,1,6,2,33,6,-1,-1,-1,3,1
201401EK40536,1,3,0,18,0,1,0,0,0,0,1,1,1,1,37,7,125,1,4,2,1
201401EK40536,2,9,0,5,0,1,0,0,0,0,3,1,1,1,41,7,1984,2,8,-1,-1
201401EK40537,1,11,0,18,0,0,0,0,0,0,0,1,1,1,28,6,4461,2,-1,1,1
201401EK40539,1,5,0,9,0,2,1,0,0,0,3,1,6,1,28,6,599,1,11,3,1
201401EK40540,1,9,0,3,0,2,0,0,0,0,2,1,6,2,21,5,998,1,6,1,1
201401EK40540,2,9,0,9,0,2,0,0,0,0,1,1,1,1,24,5,-1,-1,-1,7,1
201401EK40541,1,3,0,14,0,8,0,0,0,0,1,1,1,1,36,7,114,1,-1,3,1
201401EK40541,2,9,0,9,0,8,0,0,0,0,3,1,6,1,32,6,1896,2,6,-1,1
201401EK40543,1,1,0,18,0,8,0,0,0,0,3,1,6,1,47,8,-1,-1,-1,1,1
201401EK40543,2,9,0,18,0,8,0,0,0,0,1,1,6,3,-1,-1,-1,-1,-1,-1,-1
201401EK40544,1,9,0,4,0,0,0,0,0,0,2,1,2,1,37,7,-1,-1,-1,10,1
201401EK40544,2,9,0,18,0,0,0,0,0,0,1,1,6,3,-1,-1,999,1,4,-1,-1
201401EK40545,1,9,0,7,0,1,0,0,0,0,4,1,1,1,52,8,1956,2,2,3,1
201401EK40545,2,1,0,15,0,1,0,0,0,0,1,1,2,2,26,6,-1,-1,-1,2,1
201401EK40546,1,9,0,18,0,0,0,4,0,0,1,1,1,1,29,6,1198,1,12,7,1
201401EK40546,2,9,0,2,0,0,0,0,0,0,4,1,6,1,66,10,-1,-1,-1,6,1
201401EK40547,1,9,0,3,0,1,0,0,0,0,2,1,6,1,48,8,-1,-1,-1,8,1
201401EK40547,2,19,0,18,0,1,0,0,0,0,1,1,6,3,-1,-1,-1,-1,-1,-1,-1
201401EK40548,1,9,0,18,0,1,0,0,0,0,1,1,6,1,-1,-1,1796,1,6,8,3
201401EK40549,1,4,0,13,0,8,0,0,0,0,3,1,6,1,33,6,399,1,22,2,1
201401EK40549,2,9,0,9,0,8,0,0,0,0,3,1,6,1,-1,-1,1242,1,-1,-1,-1
201401EK40550,1,4,0,18,0,0,0,0,0,0,1,1,2,1,31,6,-1,-1,-1,4,1
201401EK40553,1,1,0,18,0,1,0,0,0,0,2,1,6,1,27,6,-1,-1,-1,2,1
201401EK40553,2,9,0,18,0,1,0,0,0,0,1,1,6,1,55,8,-1,-1,-1,1,1
201401EK40554,1,90,0,18,0,0,0,0,0,0,1,1,6,2,34,6,-1,-1,-1,-1,-1
201401EK40554,2,9,0,18,0,0,0,0,0,0,1,1,6,3,-1,-1,-1,-1,-1,-1,-1
201401EK40555,1,9,0,2,0,2,0,4,0,0,3,1,6,1,70,10,2993,2,4,6,1
201401EK40555,2,19,0,7,0,2,0,0,0,0,4,1,6,3,-1,-1,1560,2,1,-1,-1
201401EK40556,1,9,0,18,0,1,0,0,0,0,4,1,1,1,29,6,-1,-1,-1,-1,-1
201401EK40556,2,1,0,18,0,1,0,8,0,0,1,1,6,1,17,4,-1,-1,-1,-1,-1
201401EK40557,1,5,0,13,0,1,0,0,0,0,4,1,6,2,31,6,883,1,1,6,1
201401EK40557,2,8,0,9,0,1,0,0,0,0,3,1,1,1,60,9,2499,2,3,1,1
201401EK40558,1,1,0,18,9,1,0,0,0,0,4,1,6,1,14,3,-1,-1,-1,2,1
201401EK40558,2,9,0,18,0,1,0,0,0,0,1,1,6,3,-1,-1,-1,-1,-1,-1,-1
201401EK40560,1,9,0,3,0,1,0,0,0,0,4,1,2,2,-1,-1,2979,1,13,3,1
201401EK40560,2,1,0,15,0,1,0,0,0,0,3,1,6,1,33,6,-1,-1,-1,1,1
201401EK40563,1,1,0,15,0,2,0,0,0,0,1,1,6,2,52,8,-1,-1,-1,-1,-1
201401EK40566,1,9,0,18,0,2,0,0,0,0,1,1,6,3,-1,-1,-1,-1,-1,-1,-1
201401EK40567,1,9,0,9,0,8,0,0,0,0,3,1,1,1,43,7,2143,2,3,3,1
201401EK40567,2,1,0,18,0,8,0,0,0,0,1,1,6,1,40,7,-1,-1,-1,7,1
201401EK40568,1,9,0,18,0,0,0,0,0,0,1,1,6,2,22,5,1796,1,12,3,1
201401EK40569,1,8,0,18,0,8,0,0,0,0,2,1,1,1,56,9,1797,8,3,6,1
201401EK40569,2,19,0,18,0,2,0,0,0,0,1,1,6,1,44,7,1461,2,1,2,1
201401EK40572,1,11,0,18,2,1,0,0,0,0,0,1,1,1,42,7,4500,2,3,3,1
201401EK40573,1,1,0,18,0,0,0,0,0,0,3,1,2,1,44,7,-1,-1,-1,8,1
201401EK40573,2,9,0,13,0,0,0,0,0,0,4,1,6,1,-1,-1,1598,1,12,-1,-1
201401EK40574,1,3,0,13,0,1,0,0,0,0,4,1,6,1,27,6,124,1,8,2,1
201401EK40574,2,19,0,9,0,1,0,0,0,0,3,1,6,1,49,8,-1,-1,-1,-1,1
201401EK40575,1,3,0,9,0,8,0,0,0,0,4,1,1,1,33,6,125,1,5,1,1
201401EK40575,2,19,0,9,0,8,0,0,0,0,3,1,6,1,33,6,1753,2,5,2,1
201401EK40576,1,9,0,5,0,8,0,0,0,0,1,1,6,2,20,4,1242,1,11,2,1
201401EK40576,2,1,0,18,4,8,0,0,0,0,3,1,6,2,21,5,-1,-1,-1,2,1
201401EK40577,1,11,0,4,2,2,0,0,0,0,0,1,1,1,61,9,4760,2,1,6,1
201401EK40578,1,9,0,14,0,0,0,0,0,0,4,1,6,2,34,6,1400,1,12,6,1
201401EK40579,1,8,0,18,0,1,0,0,0,0,4,1,1,1,53,8,-1,-1,-1,2,1
201401EK40579,2,9,0,11,0,1,0,0,0,0,3,1,1,2,42,7,1796,1,7,3,1
201401EK40580,1,9,0,18,0,8,0,0,0,0,1,1,2,2,-1,-1,-1,-1,-1,3,1
201401EK40581,1,1,0,9,0,1,0,0,0,0,3,1,6,1,21,5,-1,-1,-1,3,1
201401EK40581,2,11,0,13,0,1,0,0,0,0,1,1,1,1,69,10,4760,2,1,3,1
201401EK40583,1,19,0,9,0,8,0,0,0,0,4,1,1,1,48,8,-1,-1,-1,4,1
201401EK40583,2,2,0,15,2,8,0,0,0,0,1,1,6,1,37,7,-1,-1,-1,3,1
201401EK40584,1,9,0,9,0,8,0,0,0,0,4,1,6,3,-1,-1,-1,-1,-1,-1,-1
201401EK40584,2,1,0,18,0,8,0,0,0,0,1,1,6,1,21,5,-1,-1,-1,3,1
201401EK40585,1,19,0,18,0,8,0,0,0,0,3,1,1,1,40,7,2500,2,8,3,1
201401EK40585,2,1,0,9,0,8,0,0,0,0,1,1,6,1,16,4,-1,-1,-1,2,1
201401EK40586,1,9,0,2,0,2,0,0,0,0,3,1,6,1,71,10,1299,1,9,2,1
201401EK40586,2,1,0,18,2,2,0,8,0,0,1,1,6,1,82,11,-1,-1,-1,2,1
201401EK40587,1,9,0,2,0,0,0,8,0,0,3,1,6,1,36,7,1332,1,15,8,1
201401EK40587,2,1,0,18,0,0,0,0,0,0,1,1,6,1,50,8,-1,-1,-1,2,1
201401EK40588,1,19,0,5,0,1,0,0,0,0,1,1,1,2,55,8,-1,-1,-1,5,1
201401EK40588,2,9,0,3,0,1,0,0,0,0,2,1,1,2,35,6,-1,-1,-1,-1,-1
201401EK40589,1,3,0,18,0,8,1,0,0,0,4,1,6,1,31,6,125,1,1,3,1
201401EK40589,2,9,0,9,0,8,0,0,0,0,1,1,1,1,36,7,1997,2,2,3,1
201401EK40590,1,19,0,18,0,1,0,0,0,0,4,1,1,1,23,5,1753,2,7,3,1
201401EK40590,2,1,0,18,0,1,0,0,0,0,3,1,6,2,59,9,-1,-1,-1,2,1
201401EK40591,1,11,0,5,0,0,0,0,0,0,0,1,1,1,59,9,4461,2,-1,-1,-1
201401EK40592,1,11,0,3,0,0,0,0,0,0,0,1,6,1,76,11,4461,2,-1,2,1
201401EK40593,1,9,0,18,0,1,0,0,0,0,2,1,1,1,34,6,1560,2,5,1,1
201401EK40593,2,1,0,18,0,1,0,0,0,0,1,1,6,1,-1,-1,-1,-1,-1,9,3
201401EK40594,1,3,0,14,0,8,0,0,0,0,1,1,2,1,47,8,-1,-1,-1,3,1
201401EK40594,2,19,0,9,0,8,0,0,0,0,3,1,1,2,29,6,2143,2,2,2,1
201401EK40595,1,8,0,18,0,2,0,0,0,0,1,1,1,1,41,7,2143,2,1,5,1
201401EK40596,1,11,0,3,0,2,0,0,0,0,0,1,1,1,38,7,8300,2,8,1,1
201401EK40598,1,4,0,18,0,1,0,0,0,0,1,1,1,1,21,5,125,1,7,8,1
201401EK40599,1,1,0,18,4,1,0,0,0,0,1,1,2,1,45,7,-1,-1,-1,3,1
201401EK40599,2,9,0,9,0,8,0,0,0,0,3,1,6,1,55,8,1997,2,8,-1,-1
201401EK40600,1,9,0,18,0,0,0,0,0,0,3,1,6,1,30,6,1360,1,12,3,1
201401EK40600,2,3,0,18,0,0,0,0,0,0,4,1,6,1,19,4,-1,-1,-1,-1,-1
201401EK40602,1,1,0,5,0,1,0,0,0,0,4,1,2,1,47,8,-1,-1,-1,2,1
201401EK40602,2,9,0,5,0,1,0,0,0,0,3,1,6,3,-1,-1,-1,-1,-1,-1,-1
201401EK40603,1,8,0,3,0,1,0,0,0,0,4,1,1,1,46,8,2499,2,6,3,1
201401EK40603,2,9,0,3,0,1,0,0,0,0,3,1,6,1,48,8,-1,-1,-1,6,1
201401EK40603,3,8,0,3,0,1,0,0,0,0,2,1,6,1,34,6,-1,-1,-1,4,1
201401EK40603,4,3,0,14,0,1,0,0,0,0,4,1,6,1,21,5,125,1,6,6,1
201401EK40604,1,1,0,18,0,2,0,10,0,0,4,1,2,1,49,8,-1,-1,-1,10,1
201401EK40605,1,9,0,6,0,0,0,0,0,0,3,1,6,1,31,6,-1,-1,-1,4,1
201401EK40605,2,1,0,18,0,0,0,0,0,0,1,1,6,2,21,5,-1,-1,-1,2,1
201401EK40606,1,3,0,18,0,8,0,0,0,0,1,1,6,1,20,4,124,1,12,6,1
201401EK40606,2,9,0,18,0,8,0,0,0,0,3,1,6,1,32,6,1596,1,4,4,1
201401EK40607,1,8,0,18,0,1,0,0,0,0,4,1,6,1,50,8,2499,2,7,2,1
201401EK40607,2,19,0,15,0,1,0,0,0,0,3,1,6,1,-1,-1,2143,2,2,-1,-1
201401EK40609,1,8,0,18,0,1,0,0,0,0,0,1,1,1,55,8,2499,2,4,10,1
201401EK40610,1,1,0,18,0,1,0,0,0,0,4,1,6,1,48,8,-1,-1,-1,2,1
201401EK40610,2,9,0,6,0,1,0,0,0,0,3,1,6,3,-1,-1,-1,-1,-1,-1,-1
201401EK40611,1,3,0,18,0,8,0,0,0,0,1,1,1,1,27,6,125,1,3,5,1
201401EK40611,2,9,0,9,0,8,0,0,0,0,3,1,1,1,27,6,1497,1,10,3,1
201401EK40612,1,1,0,18,0,8,0,0,0,0,1,1,6,1,29,6,-1,-1,-1,2,1
201401EK40613,1,9,0,18,0,2,0,0,0,0,4,1,6,2,54,8,-1,-1,-1,-1,-1
201401EK40613,2,9,0,11,0,2,0,0,0,0,3,1,6,2,24,5,1598,1,1,1,1
201401EK40614,1,9,0,14,0,0,0,0,0,0,4,1,6,3,-1,-1,-1,-1,-1,-1,-1
201401EK40615,1,3,0,13,0,8,0,0,0,0,4,1,6,1,48,8,-1,-1,-1,3,1
201401EK40615,2,9,0,9,0,8,0,0,0,0,3,1,1,1,-1,-1,-1,-1,-1,2,1
201401EK40617,1,1,0,18,0,2,0,0,0,0,3,1,6,2,40,7,-1,-1,-1,3,1
201401EK40617,2,11,0,13,0,2,0,0,0,0,4,1,1,3,-1,-1,-1,-1,-1,-1,-1
201401EK40618,1,9,0,18,0,8,0,0,0,0,1,1,6,2,28,6,1599,1,10,7,1
201401EK40618,2,1,0,17,0,8,0,0,0,0,2,1,6,1,-1,-1,-1,-1,-1,-1,-1
201401EK40619,1,9,0,13,0,1,0,0,0,0,2,1,6,1,51,8,2231,2,8,2,1
201401EK40619,2,1,0,18,0,1,0,0,0,0,1,1,6,1,29,6,-1,-1,-1,9,1
201401EK40620,1,3,0,4,0,1,1,0,0,0,4,1,6,2,28,6,125,1,3,2,1
201401EK40621,1,8,0,18,0,8,0,0,0,0,4,1,6,2,29,6,2664,2,15,8,1
201401EK40622,1,9,0,7,0,8,0,0,0,0,4,1,6,1,29,6,-1,-1,-1,8,1
201401EK40622,2,1,0,15,0,8,0,0,0,0,3,1,6,1,30,6,-1,-1,-1,2,1
201401EK40623,1,9,0,18,0,1,0,0,0,0,4,1,1,2,28,6,-1,-1,-1,-1,1
201401EK40624,1,11,0,4,0,2,0,0,0,0,2,1,1,1,55,8,4461,2,-1,1,1
201401EK40624,2,11,0,4,2,2,0,0,0,0,1,1,1,1,43,7,9360,2,3,1,1
201401EK40625,1,11,0,4,2,8,0,0,0,0,1,1,1,1,65,9,4461,2,-1,2,1
201401EK40625,2,9,0,7,0,8,0,0,1,0,3,1,2,1,53,8,-1,-1,-1,6,1
201401EK40625,3,1,0,4,0,8,0,0,0,0,2,1,6,1,33,6,-1,-1,-1,1,1
201401EK40628,1,9,0,3,0,1,0,0,0,0,2,1,6,1,21,5,1197,1,1,2,1
201401EK40628,2,4,0,18,0,1,0,0,0,0,1,1,6,1,23,5,124,1,4,2,1
201401EK40629,1,9,0,4,0,0,0,0,0,0,2,1,6,1,35,6,1992,2,7,5,1
201401EK40629,2,19,0,18,0,0,0,0,0,0,1,1,1,1,28,6,2402,2,14,9,1
201401EK40630,1,1,0,18,0,8,0,0,0,0,1,1,1,2,26,6,-1,-1,-1,-1,-1
201401EK40630,2,9,0,9,0,8,0,0,0,0,4,1,1,1,31,6,-1,-1,-1,1,1
201401EK40631,1,1,0,18,0,1,0,0,0,0,3,1,6,2,65,9,-1,-1,-1,4,1
201401EK40631,2,20,0,13,0,1,0,0,0,0,4,1,6,3,-1,-1,-1,-1,-1,-1,-1
201401EK40633,1,9,0,18,0,0,0,0,0,0,1,1,6,3,-1,-1,-1,-1,-1,-1,-1
201401EK40634,1,9,0,9,0,8,0,0,0,0,4,1,6,2,45,7,998,1,4,1,1
201401EK40634,2,1,0,18,2,8,0,0,0,0,1,1,6,2,46,8,-1,-1,-1,1,1
201401EK40635,1,8,0,2,2,0,0,0,0,0,2,1,1,1,52,8,1240,1,6,1,1
201401EK40635,2,9,0,18,2,0,0,4,0,0,1,1,6,1,30,6,-1,-1,-1,2,1
201401EK40636,1,9,0,18,0,8,0,0,0,0,4,1,6,2,43,7,875,1,3,3,1
201401EK40636,2,4,0,9,0,8,0,0,0,0,3,1,1,1,31,6,125,1,4,4,1
201401EK40637,1,1,0,18,0,8,0,0,0,0,4,1,6,1,41,7,-1,-1,-1,6,1
201401EK40637,2,9,0,10,0,8,0,0,0,0,3,1,6,3,-1,-1,-1,-1,-1,-1,-1
201401EK40638,1,9,0,3,0,1,0,0,0,0,2,1,6,2,48,8,1598,1,1,4,1
201401EK40638,2,9,0,18,0,1,0,0,0,0,1,1,6,3,-1,-1,-1,-1,-1,-1,-1
201401EK40639,1,1,0,14,0,8,0,0,0,0,1,1,6,1,32,6,-1,-1,-1,2,1
201401EK40639,2,8,0,9,0,8,0,0,0,0,4,1,6,3,-1,-1,1997,2,1,-1,-1
201401EK40640,1,3,0,9,0,1,0,0,0,0,3,1,6,1,49,8,-1,-1,-1,2,1
201401EK40640,2,9,0,14,0,1,0,0,0,0,1,1,6,2,49,8,2979,1,11,4,1
201401EK40643,1,9,0,3,0,1,0,0,0,0,4,1,2,1,28,6,1998,1,13,4,1
201401EK40643,2,1,0,15,0,1,0,8,0,0,1,1,2,1,43,7,-1,-1,-1,9,1
201401EK40644,1,9,0,9,0,8,0,0,0,0,1,1,6,1,40,7,1199,1,10,5,1
201401EK40644,2,1,0,18,0,8,0,0,0,0,1,1,6,1,45,7,-1,-1,-1,2,1
201401EK40645,1,19,0,4,0,1,0,0,0,0,1,1,1,1,43,7,2143,2,2,8,3
201401EK40645,2,9,0,3,0,1,0,0,0,0,2,1,2,1,52,8,1299,1,11,-1,-1
201401EK40646,1,9,0,7,0,8,0,0,0,0,4,1,1,1,59,9,-1,-1,-1,-1,-1
201401EK40646,2,1,0,18,0,8,0,0,0,0,1,1,6,2,40,7,-1,-1,-1,8,1
201401EK40647,1,19,0,9,0,8,0,0,0,0,1,1,1,1,35,6,2500,2,8,3,1
201401EK40647,2,1,0,18,0,8,0,0,0,0,3,1,6,2,24,5,-1,-1,-1,-1,-1
201401EK40648,1,9,0,18,0,8,0,0,0,0,3,1,1,1,27,6,-1,-1,-1,-1,-1
201401EK40648,2,1,0,9,0,8,0,0,0,0,1,1,6,1,30,6,-1,-1,-1,-1,-1
201401EK40649,1,19,0,9,0,1,0,0,0,0,3,1,2,1,35,6,-1,-1,-1,-1,-1
201401EK40649,2,5,0,13,0,1,0,0,0,0,4,1,6,1,44,7,-1,-1,-1,4,2
201401EK40651,1,9,0,7,0,0,0,0,0,0,4,1,1,1,47,8,1910,2,8,4,1
201401EK40651,2,1,0,15,0,0,0,0,0,0,3,1,6,1,26,6,-1,-1,-1,6,1
201401EK40652,1,11,0,7,0,2,0,0,0,0,0,1,1,1,40,7,4760,2,3,2,1
201401EK40653,1,9,0,18,0,0,0,0,0,0,4,1,6,3,-1,-1,1339,8,4,-1,-1
201401EK40654,1,3,0,18,0,8,0,0,0,0,4,1,6,1,24,5,125,1,-1,4,1
201401EK40654,2,9,0,18,0,8,0,0,0,0,1,1,6,3,-1,-1,-1,-1,-1,-1,-1
201401EK40655,1,1,0,15,0,1,0,0,0,0,1,1,6,1,20,4,-1,-1,-1,-1,-1
201401EK40655,2,9,0,7,0,5,0,0,0,0,4,1,6,1,59,9,1199,2,1,1,1
201401EK40656,1,19,0,18,0,1,0,0,0,0,1,1,1,1,31,6,-1,-1,-1,4,1
201401EK40656,2,9,0,18,0,1,0,0,0,0,2,1,6,1,36,7,1998,1,23,-1,-1
201401EK40657,1,3,0,18,0,2,0,0,0,0,3,1,1,1,19,4,109,1,2,2,1
201401EK40657,2,9,0,5,0,1,0,0,0,0,3,1,6,2,-1,-1,-1,-1,-1,4,1
201401EK40658,1,11,0,16,0,2,0,0,0,0,1,1,1,1,43,7,4760,2,1,2,1
201401EK40659,1,3,0,9,0,8,0,0,0,0,3,1,1,2,46,8,108,1,2,3,1
201401EK40659,2,9,0,5,0,8,0,0,0,0,4,1,2,2,47,8,-1,-1,-1,3,1
201401EK40660,1,9,0,18,0,1,0,0,0,0,1,1,1,1,45,7,-1,-1,-1,-1,-1
201401EK40660,2,9,0,18,0,1,0,0,0,0,2,1,6,1,41,7,-1,-1,-1,-1,-1
201401EK40662,1,9,0,4,0,1,0,0,0,0,1,1,1,1,73,10,1896,2,5,8,1
201401EK40663,1,3,0,18,0,2,0,0,0,0,1,1,6,3,-1,-1,-1,-1,-1,-1,-1
201401EK40663,2,1,0,18,0,2,0,0,0,0,2,1,6,1,24,5,-1,-1,-1,3,1
201401EK40664,1,9,0,9,0,8,0,0,0,0,3,1,6,2,48,8,1240,1,8,7,1
201401EK40664,2,5,0,14,0,8,0,0,0,0,1,1,6,1,48,8,-1,-1,-1,2,1
201401EK40665,1,4,0,4,0,0,1,0,0,0,3,1,6,1,42,7,124,1,7,-1,-1