Accident_Index,Vehicle_Reference,Vehicle_Type,Towing_and_Articulation,Vehicle_Manoeuvre,Vehicle_Location-Restricted_Lane,Junction_Location,Skidding_and_Overturning,Hit_Object_in_Carriageway,Vehicle_Leaving_Carriageway,Hit_Object_off_Carriageway,1st_Point_of_Impact,Was_Vehicle_Left_Hand_Drive?,Journey_Purpose_of_Driver,Sex_of_Driver,Age_of_Driver,Age_Band_of_Driver,Engine_Capacity_(CC),Propulsion_Code,Age_of_Vehicle,Driver_IMD_Decile,Driver_Home_Area_Type
201401EK40666,1,1,0,14,0,1,0,0,0,0,3,1,6,2,29,6,-1,-1,-1,3,1
201401EK40666,2,19,0,5,0,1,0,0,0,0,4,1,1,1,50,8,-1,-1,-1,-1,-1
201401EK40667,1,8,0,7,0,1,0,0,0,0,4,1,1,1,31,6,1995,2,2,-1,-1
201401EK40667,2,5,0,15,0,1,0,0,0,0,1,1,6,1,33,6,1247,1,1,3,1
201401EK40668,1,1,0,14,0,1,0,0,0,0,1,1,2,1,29,6,-1,-1,-1,2,1
201401EK40670,1,9,0,3,0,1,0,0,0,0,2,1,6,1,36,7,1595,1,12,5,1
201401EK40670,2,19,0,18,0,1,0,0,0,0,1,1,1,1,34,6,-1,-1,-1,3,1
201401EK40671,1,5,0,18,0,1,0,0,0,0,1,1,6,1,26,6,749,1,5,-1,-1
201401EK40672,1,11,0,9,0,1,0,0,0,0,4,1,1,1,42,7,-1,2,13,4,1
201401EK40672,2,2,0,15,0,1,0,0,0,0,3,1,2,1,73,10,-1,-1,-1,2,1
201401EK40673,1,8,0,9,0,8,0,0,0,0,1,1,1,1,63,9,1968,2,-1,2,1
201401EK40674,1,3,0,9,0,5,0,0,0,0,4,1,6,1,17,4,125,1,6,2,1
201401EK40674,2,9,0,9,0,5,0,0,0,0,3,1,6,2,45,7,1968,2,-1,4,1
201401EK40675,1,9,0,18,0,8,0,0,0,0,1,1,1,1,25,5,-1,-1,-1,4,1
201401EK40675,2,9,0,9,0,8,0,0,0,0,4,1,6,1,22,5,1399,1,7,2,1
201401EK40676,1,9,0,3,0,1,0,0,0,0,2,1,1,1,25,5,-1,-1,-1,-1,1
201401EK40676,2,9,0,18,0,1,0,0,0,0,1,1,6,3,-1,-1,1998,1,12,-1,-1
201401EK40677,1,4,0,18,0,0,0,0,0,0,1,1,6,1,26,6,124,1,5,-1,-1
201401EK40677,2,19,0,5,0,0,0,0,0,0,3,1,2,1,49,8,2143,2,1,5,1
201401EK40678,1,11,0,18,3,1,0,0,0,0,0,1,1,1,33,6,4461,2,1,5,1
201401EK40679,1,3,0,13,0,8,0,0,0,0,4,1,6,1,17,4,-1,-1,-1,4,1
201401EK40679,2,9,0,9,0,8,0,0,0,0,3,1,6,3,-1,-1,-1,-1,-1,-1,-1
201401EK40680,1,11,0,5,0,1,0,0,0,0,0,1,1,1,-1,-1,4461,2,-1,-1,1
201401EK40681,1,1,0,18,0,8,0,0,0,0,1,1,1,1,34,6,-1,-1,-1,2,1
201401EK40682,1,9,0,5,0,1,0,0,0,0,1,1,6,3,-1,-1,-1,-1,-1,-1,-1
201401EK40683,1,1,0,18,2,1,0,10,1,4,4,1,6,1,25,5,-1,-1,-1,2,1
201401EK40684,1,9,0,5,0,1,0,0,0,0,1,1,6,2,22,5,-1,-1,-1,2,1
201401EK40684,2,3,0,18,0,2,0,0,0,0,1,1,6,1,26,6,124,1,9,9,1
201401EK40685,1,5,0,18,0,8,0,0,0,0,3,1,6,1,32,6,599,1,13,-1,-1
201401EK40685,2,19,0,9,0,8,0,0,0,0,1,1,1,1,22,5,1248,2,3,-1,-1
201401EK40686,1,1,0,18,0,2,0,0,0,0,3,1,6,1,29,6,-1,-1,-1,2,1
201401EK40686,2,9,0,18,0,2,0,0,0,0,4,1,6,1,65,9,1968,2,3,8,1
201401EK40687,1,20,0,18,0,1,0,0,0,0,3,1,1,1,53,8,9200,2,3,2,1
201401EK40687,2,9,0,13,0,2,0,0,0,0,3,1,6,1,27,6,1896,2,12,3,1
201401EK40688,1,11,0,3,0,0,0,0,0,0,4,1,1,2,38,7,4500,2,2,4,1
201401EK40689,1,9,0,18,2,2,0,0,0,0,1,1,6,1,54,8,2893,1,4,9,1
201401EK40690,1,9,0,2,3,1,0,0,0,0,3,1,6,1,23,5,1390,1,9,2,1
201401EK40690,2,1,0,18,3,1,0,8,0,0,1,1,6,1,44,7,-1,-1,-1,2,1
201401EK40691,1,19,0,7,0,2,0,0,0,0,4,1,2,1,38,7,-1,-1,-1,1,1
201401EK40691,2,1,0,18,9,6,0,0,0,0,1,1,2,1,44,7,-1,-1,-1,9,1
201401EK40692,1,11,0,18,0,1,0,0,0,0,0,1,1,1,36,7,6700,2,3,4,1
201401EK40693,1,9,0,18,0,0,0,0,0,0,4,1,6,1,22,5,1995,2,5,2,1
201401EK40693,2,11,0,3,2,0,0,0,0,0,3,1,1,2,47,8,-1,-1,-1,3,1
201401EK40695,1,1,0,18,0,1,0,0,0,0,1,1,6,1,38,7,-1,-1,-1,2,1
201401EK40697,1,8,0,18,0,1,0,0,0,0,4,1,1,1,76,11,-1,-1,-1,4,1
201401EK40697,2,1,0,18,2,1,0,0,0,0,3,1,6,1,27,6,-1,-1,-1,-1,-1
201401EK40698,1,11,0,12,2,0,0,0,0,0,1,1,1,1,48,8,4760,2,2,4,1
201401EK40699,1,8,0,9,0,8,0,0,0,0,4,1,6,3,-1,-1,2143,2,1,-1,-1
201401EK40700,1,1,0,18,0,1,0,0,0,0,1,1,6,1,31,6,-1,-1,-1,1,1
201401EK40700,2,9,0,4,0,1,0,0,0,0,2,1,6,1,59,9,-1,-1,-1,8,1
201401EK40701,1,9,0,2,2,0,0,0,0,0,1,1,6,2,52,8,875,1,2,6,1
201401EK40701,2,2,0,18,0,0,0,8,0,0,2,1,6,1,-1,-1,108,1,3,-1,-1
201401EK40702,1,19,0,12,0,2,0,0,0,0,4,1,1,1,56,9,2999,2,7,3,1
201401EK40702,2,1,0,18,0,2,0,0,0,0,3,1,1,2,28,6,-1,-1,-1,2,1
201401EK40703,1,9,0,3,0,0,0,0,0,0,2,1,6,1,33,6,1797,8,5,7,1
201401EK40703,2,9,0,4,0,0,0,0,0,0,2,1,6,2,-1,-1,1797,8,4,-1,-1
201401EK40703,3,9,0,18,0,0,0,0,0,0,1,1,6,1,-1,-1,988,1,23,2,1
201401EK40704,1,3,0,5,0,2,0,0,0,0,3,1,1,1,21,5,-1,-1,-1,10,1
201401EK40705,1,11,0,4,0,0,0,0,0,0,0,1,1,1,33,6,4500,2,5,6,1
201401EK40706,1,1,0,18,0,1,0,0,0,0,1,1,1,1,50,8,-1,-1,-1,-1,-1
201401EK40707,1,3,0,14,0,0,0,0,0,0,3,1,6,1,47,8,49,1,2,5,1
201401EK40707,2,9,0,18,0,0,0,0,0,0,3,1,6,1,-1,-1,1598,1,12,6,1
201401EK40709,1,9,0,9,0,8,0,0,0,0,3,1,6,1,31,6,1248,2,5,4,1
201401EK40709,2,9,0,14,0,8,0,0,0,0,1,1,1,1,49,8,1995,2,9,-1,-1
201401EK40710,1,9,0,7,0,2,0,0,0,0,1,1,1,1,66,10,1968,2,-1,9,3
201401EK40711,1,11,0,5,0,0,0,0,0,0,0,1,1,1,50,8,4461,2,1,3,1
201401EK40713,1,9,0,9,0,8,0,0,0,0,4,1,6,2,46,8,1389,1,15,2,1
201401EK40713,2,1,0,18,0,8,0,0,0,0,1,1,6,2,33,6,-1,-1,-1,4,1
201401EK40718,1,1,0,12,0,2,0,0,0,0,3,1,6,1,36,7,-1,-1,-1,-1,-1
201401EK40718,2,9,0,18,0,2,0,0,0,0,4,1,6,1,-1,-1,2995,1,3,-1,-1
201401EK40719,1,8,0,18,0,1,0,0,0,0,2,1,1,1,28,6,-1,-1,-1,1,1
201401EK40719,2,19,0,18,0,1,0,0,0,0,1,1,6,3,-1,-1,-1,-1,-1,-1,-1
201401EK40720,1,9,0,2,0,1,0,0,0,0,2,1,6,3,-1,-1,-1,-1,-1,-1,-1
201401EK40720,2,1,0,18,0,1,0,0,0,0,1,1,6,2,29,6,-1,-1,-1,-1,-1
201401EK40721,1,9,0,2,0,1,0,0,0,0,3,1,6,1,36,7,1968,2,4,-1,-1
201401EK40721,2,1,0,18,0,1,0,8,0,0,1,1,6,2,22,5,-1,-1,-1,3,1
201401EK40722,1,9,0,5,0,8,0,0,0,0,1,1,6,2,48,8,1397,1,13,3,1
201401EK40723,1,8,0,3,0,1,0,0,0,0,2,1,1,1,42,7,2143,2,2,-1,1
201401EK40723,2,9,0,18,0,1,0,0,0,0,1,1,6,3,-1,-1,1229,1,-1,-1,-1
201401EK40725,1,3,0,18,0,8,0,0,0,0,1,1,6,1,25,5,124,1,-1,3,1
201401EK40726,1,1,0,18,0,2,0,0,0,0,3,1,6,1,32,6,-1,-1,-1,7,1
201401EK40726,2,9,0,13,0,2,0,0,0,0,4,1,6,1,-1,-1,4163,1,11,4,1
201401EK40728,1,1,0,18,0,8,0,0,0,0,1,1,6,1,21,5,-1,-1,-1,2,1
201401EK40729,1,9,0,9,0,8,0,0,0,0,3,1,6,1,23,5,4966,1,9,-1,-1
201401EK40729,2,2,0,14,0,8,0,0,0,0,1,1,2,1,30,6,50,1,5,6,1
201401EK40730,1,9,0,18,0,0,0,0,0,0,3,1,6,1,40,7,1497,8,6,2,1
201401EK40730,2,4,0,18,0,0,0,0,0,0,1,1,6,1,34,6,-1,-1,-1,3,1
201401EK40730,3,5,0,13,0,0,0,0,0,0,4,1,6,1,38,7,744,1,6,5,1
201401EK40731,1,9,0,18,0,8,0,0,0,0,1,1,6,1,40,7,998,1,16,1,1
201401EK40732,1,3,0,18,0,2,0,0,0,0,1,1,1,1,31,6,125,1,8,4,1
201401EK40735,1,9,0,5,0,0,0,4,0,0,2,1,6,2,68,10,3456,8,4,9,1
201401EK40735,2,9,0,2,0,0,0,0,0,0,3,1,6,1,-1,-1,1973,1,16,5,1
201401EK40736,1,4,0,9,0,8,0,0,0,0,4,1,6,1,36,7,124,1,1,8,1
201401EK40736,2,4,0,18,0,8,0,0,0,0,1,1,6,1,33,6,249,1,4,5,1
201401EK40737,1,11,0,9,0,8,0,0,0,0,3,1,1,1,45,7,-1,2,13,8,1
201401EK40737,2,8,0,7,0,8,0,0,0,0,2,1,6,3,-1,-1,-1,-1,-1,-1,-1
201401EK40738,1,5,0,18,2,8,0,0,0,0,3,1,6,2,35,6,696,1,2,6,1
201401EK40738,2,9,0,9,0,8,0,0,0,0,0,1,6,2,64,9,2997,1,11,5,1
201401EK40739,1,4,0,14,0,8,0,0,0,0,1,1,6,1,47,8,782,1,3,9,1
201401EK40739,2,20,0,9,0,8,0,0,0,0,3,1,1,1,34,6,-1,-1,-1,3,1
201401EK40740,1,19,0,5,0,8,0,0,0,0,4,1,1,1,29,6,-1,-1,-1,3,1
201401EK40740,2,4,0,18,0,8,0,0,0,0,1,1,2,1,30,6,996,1,15,3,1
201401EK40741,1,9,0,3,0,2,0,0,0,0,3,1,1,1,35,6,1797,8,3,2,1
201401EK40741,2,9,0,1,0,2,0,0,0,0,4,1,6,3,-1,-1,1995,2,-1,-1,-1
201401EK40742,1,1,0,18,0,0,0,0,0,0,3,1,6,1,48,8,-1,-1,-1,2,1
201401EK40742,2,19,0,13,0,0,0,0,0,0,4,1,6,3,-1,-1,-1,-1,-1,-1,-1
201401EK40743,1,9,0,9,0,2,0,0,0,0,0,1,1,1,30,6,-1,-1,-1,-1,-1
201401EK40743,2,2,0,7,0,2,0,10,1,0,1,1,6,1,25,5,-1,-1,-1,6,1
201401EK40744,1,1,0,18,0,8,0,0,0,0,1,1,6,1,31,6,-1,-1,-1,-1,-1
201401EK40744,2,9,0,9,0,8,0,0,0,0,4,1,6,1,-1,-1,1339,8,5,-1,-1
201401EK40745,1,9,0,6,0,1,0,0,0,0,3,1,2,2,69,10,1797,8,4,5,1
201401EK40745,2,3,0,14,0,1,0,0,0,0,1,1,2,1,28,6,125,1,1,3,1
201401EK40746,1,9,0,18,0,1,0,0,0,0,1,1,6,1,29,6,-1,-1,-1,2,1
201401EK40746,2,9,0,18,0,1,0,0,0,0,2,1,6,1,53,8,-1,-1,-1,5,1
201401EK40747,1,1,0,4,0,1,0,0,0,0,1,1,6,1,27,6,-1,-1,-1,2,1
201401EK40747,2,9,0,9,0,2,0,0,0,0,3,1,6,3,-1,-1,1910,2,7,-1,-1
201401EK40748,1,5,0,13,0,2,0,0,0,0,4,1,6,1,27,6,885,1,18,3,1
201401EK40748,2,1,0,18,0,2,0,0,0,0,3,1,6,1,25,5,-1,-1,-1,3,1
201401EK40749,1,1,0,9,0,8,0,0,0,0,2,1,6,1,40,7,-1,-1,-1,4,1
201401EK40749,2,5,0,14,0,1,0,0,0,0,1,1,6,1,-1,-1,-1,-1,-1,-1,-1
201401EK40751,1,9,0,7,0,8,0,0,0,0,4,1,2,2,37,7,1968,2,3,-1,-1
201401EK40751,2,3,0,18,0,8,0,0,0,0,1,1,2,1,22,5,124,1,3,2,1
201401EK40752,1,9,0,9,0,8,0,0,0,0,3,1,6,2,53,8,1998,1,16,6,1
201401EK40752,2,4,0,18,0,8,0,0,0,0,1,1,2,1,45,7,395,1,8,6,1
201401EK40753,1,3,0,18,0,1,0,0,0,0,1,1,6,1,20,4,125,1,3,2,1
201401EK40753,2,9,0,12,0,1,0,0,0,0,3,1,6,2,41,7,1595,1,15,2,1
201401EK40755,1,9,0,5,0,2,0,0,0,0,1,1,1,1,39,7,1497,8,5,1,1
201401EK40757,1,9,0,18,0,0,0,0,0,0,2,1,6,1,81,11,-1,-1,-1,-1,1
201401EK40757,2,19,0,18,0,0,0,0,0,0,1,1,6,1,31,6,-1,-1,-1,5,1
201401EK40758,1,8,0,4,0,1,0,0,0,0,1,1,6,1,37,7,1497,8,6,8,1
201401EK40759,1,9,0,11,2,0,0,0,0,0,4,1,1,1,64,9,2494,1,21,3,1
201401EK40759,2,2,0,18,2,0,0,0,0,0,3,1,6,1,20,4,124,1,8,-1,1
201401EK40760,1,11,0,18,2,0,0,0,0,0,0,1,1,1,44,7,6692,2,5,5,1
201401EK40761,1,9,0,9,0,8,0,0,0,0,1,1,6,1,18,4,1600,1,10,1,1
201401EK40761,2,3,0,18,0,8,0,0,0,0,1,1,6,3,-1,-1,-1,-1,-1,-1,-1
201401EK40762,1,8,0,5,0,1,0,0,0,0,3,1,6,3,-1,-1,-1,-1,-1,-1,-1
201401EK40763,1,3,0,17,0,8,0,0,0,0,4,1,6,1,19,4,-1,-1,-1,2,1
201401EK40763,2,9,0,18,0,8,0,0,0,0,1,1,6,1,-1,-1,1560,2,-1,3,1
201401EK40764,1,19,0,3,0,1,0,0,0,0,2,1,1,1,37,7,1753,2,3,2,1
201401EK40764,2,9,0,18,0,1,0,0,0,0,1,1,6,1,27,6,998,1,-1,-1,-1
201401EK40766,1,11,0,7,0,8,0,0,0,0,0,1,1,1,41,7,4500,2,7,2,1
201401EK40767,1,19,0,3,0,2,0,0,0,0,2,1,1,1,50,8,1870,2,9,3,1
201401EK40767,2,9,0,18,0,2,0,0,0,0,1,1,6,1,-1,-1,1998,2,10,2,1
201401EK40768,1,4,0,18,0,0,0,0,0,0,3,1,6,1,29,6,-1,-1,-1,7,1
201401EK40768,2,9,0,5,0,0,0,0,0,0,4,1,6,1,33,6,2987,2,3,7,1
201401EK40769,1,2,0,18,0,0,0,0,0,0,2,1,6,1,31,6,-1,-1,-1,1,1
201401EK40769,2,19,0,18,0,0,0,0,0,0,1,1,1,1,47,8,-1,-1,-1,-1,-1
201401EK40770,1,9,0,18,0,8,0,0,0,0,1,1,2,1,38,7,-1,-1,-1,4,1
201401EK40770,2,19,0,9,0,8,0,0,0,0,3,1,2,1,63,9,-1,-1,-1,4,1
201401EK40771,1,9,0,18,0,0,0,4,0,0,4,1,6,2,-1,-1,-1,3,1,8,1
201401EK40771,2,9,0,2,0,0,0,0,0,0,4,1,6,1,-1,-1,1992,2,7,8,1
201401EK40772,1,9,0,18,0,1,0,0,0,0,1,1,1,1,44,7,-1,-1,-1,8,3
201401EK40773,1,1,0,15,0,2,0,8,0,0,1,1,6,1,38,7,-1,-1,-1,4,1
201401EK40773,2,8,0,3,0,2,0,0,0,0,4,1,2,3,-1,-1,2402,2,11,-1,-1
201401EK40775,1,3,0,18,0,0,0,0,0,0,1,1,6,1,-1,-1,102,1,7,-1,-1
201401EK40777,1,9,0,8,0,1,0,0,0,0,2,1,6,1,43,7,2993,2,-1,2,1
201401EK40777,2,1,0,18,0,1,0,0,0,0,1,1,6,1,27,6,-1,-1,-1,2,1
201401EK40778,1,9,0,18,0,1,0,0,0,0,4,1,6,1,69,10,1397,1,6,7,1
201401EK40778,2,90,0,18,0,1,0,0,0,0,1,1,6,1,-1,-1,-1,-1,-1,4,1
201401EK40779,1,9,0,18,0,2,0,0,0,0,1,1,6,1,17,4,1796,2,1,3,1
201401EK40780,1,9,0,5,0,8,0,0,0,0,1,1,6,1,37,7,3824,1,9,-1,-1
201401EK40780,2,9,0,18,0,8,0,4,0,0,3,1,6,1,70,10,903,1,23,2,1
201401EK40780,3,9,0,2,0,2,0,0,0,0,1,1,6,1,-1,-1,1598,1,1,-1,-1
201401EK40780,4,9,0,2,0,2,0,0,0,0,4,1,6,1,29,6,1497,8,7,3,1
201401EK40780,5,9,0,2,0,2,0,0,0,0,2,1,6,1,-1,-1,1685,2,3,10,1
201401EK40780,6,9,0,2,0,2,0,0,0,0,2,1,6,2,-1,-1,1996,1,17,4,1
201401EK40780,7,9,0,2,0,2,0,0,0,0,1,1,1,1,-1,-1,2143,2,-1,-1,-1
201401EK40781,1,3,0,14,0,8,0,0,0,0,4,1,2,1,32,6,124,1,6,3,1
201401EK40781,2,9,0,9,0,8,0,0,0,0,1,1,2,2,48,8,1587,1,16,-1,-1
201401EK40782,1,1,0,18,0,1,0,0,0,0,3,1,6,1,34,6,-1,-1,-1,3,1
201401EK40782,2,19,0,7,0,1,0,0,0,0,4,1,6,1,-1,-1,-1,-1,-1,-1,-1
201401EK40783,1,21,0,1,0,1,0,0,0,0,2,1,1,1,43,7,-1,-1,-1,2,1
201401EK40783,2,1,0,4,0,1,0,0,0,0,1,1,6,2,50,8,-1,-1,-1,2,1
201401EK40784,1,1,0,18,0,1,0,0,0,0,3,1,6,2,27,6,-1,-1,-1,3,1
201401EK40784,2,9,0,13,0,1,0,0,0,0,4,1,6,1,-1,-1,-1,-1,-1,-1,-1
201401EK40785,1,3,0,18,0,0,0,0,0,0,1,1,2,1,32,6,-1,-1,-1,-1,1
201401EK40786,1,5,0,13,0,2,0,0,0,0,4,1,2,1,35,6,599,1,8,5,1
201401EK40786,2,9,0,6,0,2,0,0,0,0,3,1,1,1,35,6,1968,2,5,4,1
201401EK40787,1,9,0,9,0,8,0,0,0,0,3,1,1,1,29,6,1598,1,3,-1,-1
201401EK40787,2,1,0,18,0,8,0,0,0,0,1,1,6,1,37,7,-1,-1,-1,1,1
201401EK40788,1,2,0,3,0,1,0,0,0,0,2,1,6,1,30,6,-1,-1,-1,3,1
201401EK40788,2,9,0,5,0,1,0,0,0,0,1,1,6,1,-1,-1,4608,1,7,-1,-1
201401EK40789,1,3,0,18,0,8,0,0,0,0,1,1,6,1,19,4,125,1,-1,2,1
201401EK40789,2,9,0,9,0,8,0,0,0,0,4,1,6,1,-1,-1,1997,2,2,-1,-1
201401EK40790,1,9,0,7,0,8,0,0,0,0,1,1,6,1,61,9,1388,1,10,4,1
201401EK40790,2,1,0,18,0,8,0,0,0,0,2,1,2,2,33,6,-1,-1,-1,3,1
201401EK40791,1,1,0,18,0,8,0,4,0,0,1,1,2,1,24,5,-1,-1,-1,2,1
201401EK40791,2,9,0,2,0,8,0,0,0,0,2,1,6,3,-1,-1,1999,1,11,-1,-1
201401EK40792,1,1,0,18,0,8,0,0,0,0,1,1,6,1,-1,-1,-1,-1,-1,1,1
201401EK40793,1,9,0,18,9,8,1,10,7,10,4,1,6,1,29,6,-1,-1,-1,8,1
201401EK40794,1,9,0,5,0,1,0,0,0,0,1,1,6,1,22,5,1998,1,17,6,1
201401EK40794,2,1,0,18,0,1,0,0,0,0,4,1,6,1,-1,-1,-1,-1,-1,-1,-1
201401EK40795,1,3,0,14,0,2,0,0,0,0,1,1,2,1,26,6,-1,-1,-1,4,1
201401EK40796,1,11,0,5,0,0,0,0,0,0,0,1,1,1,59,9,-1,-1,-1,2,1
201401EK40797,1,1,0,18,4,8,0,0,0,0,1,1,6,1,29,6,-1,-1,-1,-1,-1
201401EK40798,1,9,0,18,0,8,0,0,0,0,1,1,6,1,20,4,1364,1,8,-1,-1
201401EK40799,1,4,0,18,0,2,0,0,0,0,3,1,6,1,25,5,124,1,3,3,1
201401EK40800,1,9,0,9,0,8,0,0,0,0,4,1,6,2,34,6,1390,1,11,4,1
201401EK40800,2,5,0,18,0,8,0,0,0,0,1,1,6,1,29,6,800,1,1,4,1
201401EK40801,1,11,0,4,0,1,0,0,0,0,0,1,1,1,43,7,4461,2,1,3,1
201401EK40802,1,3,0,5,0,2,0,0,0,0,4,1,2,1,59,9,125,1,9,6,1
201401EK40802,2,9,0,13,8,2,0,0,0,0,3,1,6,3,-1,-1,-1,-1,-1,-1,-1
201401EK40803,1,4,0,18,0,8,0,0,0,0,3,1,6,1,31,6,124,1,4,2,1
201401EK40804,1,9,0,9,0,2,0,0,0,0,1,1,1,1,36,7,2987,2,4,3,1
201401EK40805,1,9,0,9,0,8,0,0,0,0,4,1,3,1,41,7,1910,2,6,1,1
201401EK40805,2,1,0,18,0,8,0,0,0,0,1,1,6,1,58,9,-1,-1,-1,4,1
201401EK40807,1,11,0,9,0,8,0,0,0,0,3,1,1,1,38,7,4760,1,-1,8,1
201401EK40807,2,1,0,13,0,8,0,0,0,0,1,1,2,2,42,7,-1,-1,-1,-1,1
201401EK40808,1,9,0,18,0,1,0,0,0,0,1,1,6,1,55,8,4966,1,13,8,1
201401EK40809,1,11,0,5,0,8,0,0,0,0,1,1,1,1,41,7,-1,-1,-1,3,1
201401EK40810,1,3,0,18,0,8,0,0,0,0,1,1,6,1,30,6,124,1,7,6,1
201401EK40810,2,9,0,9,0,8,0,0,0,0,4,1,6,2,29,6,1986,2,9,-1,-1
201401EK40812,1,9,0,7,0,2,0,0,0,0,2,1,6,1,34,6,1598,2,2,2,1
201401EK40812,2,8,0,7,0,2,0,0,0,0,2,1,1,1,66,10,1997,2,2,8,1
201401EK40812,3,19,0,9,0,2,0,0,0,0,1,1,1,1,44,7,-1,-1,-1,3,1
201401EK40813,1,8,0,18,0,0,0,0,0,0,4,1,1,1,39,7,1797,8,1,1,1
201401EK40814,1,19,0,9,0,1,0,0,0,0,3,1,1,1,83,11,1753,2,2,2,1
201401EK40814,2,9,0,13,0,1,0,7,7,0,4,1,2,3,-1,-1,-1,-1,-1,-1,-1
201401EK40815,1,9,0,3,0,1,0,0,0,0,2,1,6,2,23,5,1229,1,2,6,1
201401EK40815,2,9,0,3,0,1,0,0,0,0,2,1,6,2,36,7,1198,1,4,5,1
201401EK40815,3,9,0,18,0,1,0,0,0,0,1,1,6,3,-1,-1,-1,-1,-1,-1,-1
201401EK40816,1,9,0,7,0,8,0,0,0,0,4,1,6,1,22,5,1390,1,11,-1,-1
201401EK40816,2,1,0,15,0,8,0,0,0,0,3,1,6,1,39,7,-1,-1,-1,3,1
201401EK40817,1,9,0,9,0,8,0,0,0,0,4,1,1,1,36,7,1329,1,3,6,1
201401EK40817,2,4,0,18,0,8,1,0,0,0,1,1,6,1,23,5,124,1,3,5,1
201401EK40819,1,9,0,18,0,1,0,0,0,0,1,1,6,1,89,11,1590,1,15,-1,-1
201401EK40820,1,9,0,9,0,8,0,0,0,0,4,1,1,1,53,8,2435,1,13,3,1
201401EK40820,2,1,0,18,0,8,0,0,0,0,1,1,1,1,36,7,-1,-1,-1,4,1
201401EK40821,1,11,0,18,2,8,0,0,0,0,0,1,1,1,28,6,7300,2,11,3,1
201401EK40821,2,5,0,13,0,8,0,0,0,0,4,1,2,1,32,6,1078,1,4,-1,-1
201401EK40823,1,2,0,15,0,8,1,0,0,0,3,1,1,1,42,7,49,1,5,2,1
201401EK40824,1,5,0,14,0,1,0,0,0,0,4,1,6,1,63,9,-1,-1,-1,8,1
201401EK40824,2,9,0,9,0,1,0,0,0,0,3,1,6,3,-1,-1,-1,-1,-1,-1,-1
201401EK40825,1,9,0,18,0,1,0,0,0,0,1,1,6,1,65,9,2156,1,20,6,3
201401EK40825,2,3,0,3,0,1,0,0,0,0,2,1,6,2,46,8,-1,-1,-1,2,1
201401EK40827,1,2,0,18,0,1,0,0,0,0,1,1,6,2,51,8,49,1,9,5,1
201401EK40829,1,3,0,14,0,1,0,0,0,0,1,1,6,1,30,6,125,1,3,2,1
201401EK40830,1,9,0,12,0,1,0,0,0,0,3,1,6,1,43,7,1497,8,6,3,1
201401EK40830,2,9,0,18,0,1,0,0,0,0,4,1,1,1,38,7,-1,-1,-1,-1,-1
201401EK40831,1,4,0,14,0,2,0,0,0,0,1,1,2,1,59,9,955,1,15,6,1
201401EK40833,1,9,0,9,0,8,0,0,0,0,4,1,6,2,30,6,1197,1,2,2,1
201401EK40833,2,3,0,15,2,8,0,0,0,0,1,1,6,2,32,6,108,1,6,1,1
201401EK40834,1,9,0,9,0,8,0,0,1,2,1,1,1,1,34,6,-1,-1,-1,9,1
201401EK40837,1,11,0,5,2,1,0,0,0,0,2,1,1,1,54,8,4461,2,1,3,1
201401EK40837,2,11,0,5,2,1,0,0,0,0,1,1,1,1,55,8,-1,-1,-1,6,1
201401EK40838,1,8,0,15,0,8,0,0,0,0,1,1,1,1,34,6,2143,2,2,4,1
201401EK40838,2,9,0,9,0,8,0,0,0,0,4,1,6,1,33,6,1368,1,3,2,1
201401EK40840,1,9,0,18,0,0,0,0,0,0,3,1,6,1,42,7,1364,1,4,3,1
201401EK40842,1,8,0,6,0,1,0,0,0,0,3,1,1,1,72,10,2402,2,8,10,3
201401EK40842,2,1,0,18,0,1,0,0,0,0,1,1,1,1,37,7,-1,-1,-1,-1,-1
201401EK40843,1,9,0,3,0,2,0,0,0,0,2,1,6,2,27,6,-1,-1,-1,3,1
201401EK40843,2,9,0,18,0,2,0,0,0,0,1,1,6,1,-1,-1,1598,1,4,4,1
201401EK40844,1,1,0,18,0,0,0,0,0,0,3,1,6,1,33,6,-1,-1,-1,-1,-1
201401EK40844,2,8,0,13,0,0,0,0,0,0,4,1,6,1,-1,-1,2446,2,11,-1,-1
201401EK40845,1,9,0,7,0,8,0,0,0,0,2,1,6,1,39,7,1995,2,-1,-1,1
201401EK40845,2,20,0,5,2,8,0,0,0,0,1,1,6,3,-1,-1,12740,2,2,-1,-1
201401EK40846,1,9,0,9,0,8,0,0,0,0,4,1,2,1,28,6,1598,1,6,6,1
201401EK40846,2,3,0,18,0,8,0,0,0,0,1,1,1,1,25,5,125,1,10,3,1
201401EK40847,1,11,0,9,0,1,0,0,0,0,0,1,1,1,52,8,4500,2,2,1,1
201401EK40848,1,9,0,7,0,1,0,0,0,0,2,1,6,2,48,8,2156,1,17,3,1
201401EK40848,2,11,0,18,0,1,0,0,0,0,1,1,1,1,-1,-1,9500,2,14,-1,-1
201401EK40849,1,9,0,9,0,8,0,0,0,0,4,1,6,1,50,8,998,1,9,1,1
201401EK40849,2,1,0,9,0,8,0,0,0,0,4,1,6,1,59,9,-1,-1,-1,3,1
201401EK40851,1,9,0,18,0,1,0,0,0,0,1,1,1,1,22,5,2982,2,2,6,1
201401EK40852,1,4,0,18,0,1,0,0,0,0,1,1,6,3,-1,-1,-1,-1,-1,-1,-1
201401EK40853,1,9,0,3,0,1,0,0,0,0,2,1,1,1,44,7,-1,-1,-1,5,1
201401EK40853,2,9,0,3,0,1,0,0,0,0,2,1,6,1,37,7,1797,8,5,5,1
201401EK40853,3,9,0,18,0,1,0,0,0,0,1,1,6,2,42,7,2143,2,1,-1,1
201401EK40854,1,9,0,5,0,1,0,0,0,0,1,1,6,1,54,8,1999,1,3,6,1
201401EK40855,1,4,0,9,0,8,0,0,0,0,4,1,2,1,68,10,-1,-1,-1,8,1
201401EK40857,1,8,0,9,0,2,0,0,0,0,1,1,6,1,38,7,2664,2,15,8,1