Accident_Index,Vehicle_Reference,Vehicle_Type,Towing_and_Articulation,Vehicle_Manoeuvre,Vehicle_Location-Restricted_Lane,Junction_Location,Skidding_and_Overturning,Hit_Object_in_Carriageway,Vehicle_Leaving_Carriageway,Hit_Object_off_Carriageway,1st_Point_of_Impact,Was_Vehicle_Left_Hand_Drive?,Journey_Purpose_of_Driver,Sex_of_Driver,Age_of_Driver,Age_Band_of_Driver,Engine_Capacity_(CC),Propulsion_Code,Age_of_Vehicle,Driver_IMD_Decile,Driver_Home_Area_Type
201401EO40165,2,9,0,9,0,8,0,0,0,0,1,1,6,2,84,11,1596,1,12,-1,1
201401EO40166,1,1,0,18,0,8,0,0,0,0,1,1,2,1,28,6,-1,-1,-1,2,1
201401EO40166,2,8,0,7,0,8,0,0,0,0,4,1,1,1,-1,-1,-1,-1,-1,-1,-1
201401EO40167,1,9,0,5,0,8,0,0,0,0,1,1,6,1,54,8,1587,1,16,1,1
201401EO40167,2,9,0,18,0,8,0,0,0,0,3,1,6,1,52,8,1999,1,6,9,1
201401EO40168,1,1,0,18,0,8,0,0,0,0,4,1,6,1,39,7,-1,-1,-1,4,1
201401EO40169,1,1,0,18,0,8,0,0,0,0,3,1,6,1,36,7,-1,-1,-1,2,1
201401EO40169,2,9,0,13,0,8,0,0,0,0,4,1,6,1,27,6,1497,8,6,2,1
201401EO40170,1,19,0,9,0,8,0,0,0,0,1,1,1,1,25,5,2402,2,3,6,1
201401EO40170,2,8,0,15,0,8,0,0,0,0,3,1,1,1,64,9,2402,2,9,-1,-1
201401EO40171,1,1,0,18,2,0,0,0,0,0,1,1,6,1,23,5,-1,-1,-1,1,1
201401EO40172,1,3,0,18,0,8,0,0,0,0,1,1,6,2,-1,-1,-1,-1,-1,-1,-1
201401EO40173,1,9,0,2,0,0,0,0,0,0,3,1,6,1,36,7,1598,1,8,4,1
201401EO40173,2,1,0,18,0,0,0,4,0,0,1,1,6,1,28,6,-1,-1,-1,-1,-1
201401EO40174,1,9,0,3,0,2,0,0,0,0,2,1,6,1,32,6,1781,1,24,7,1
201401EO40174,2,9,0,17,0,2,0,0,0,0,1,1,6,2,41,7,1794,1,12,3,1
201401EO40175,1,11,0,18,2,0,0,0,0,0,0,1,1,1,22,5,4760,2,1,1,1
201401EO40176,1,9,0,18,0,2,0,0,0,0,3,1,6,1,42,7,1596,1,12,3,1
201401EO40177,1,19,0,5,0,1,0,0,0,0,4,1,1,1,61,9,1686,2,4,7,1
201401EO40178,1,9,0,9,0,8,0,0,0,0,4,1,6,1,50,8,1229,1,9,2,1
201401EO40178,2,5,0,18,0,8,0,0,0,0,1,1,6,1,24,5,656,1,7,1,1
201401EO40179,1,3,0,9,0,8,0,0,0,0,3,1,6,1,23,5,-1,-1,-1,3,1
201401EO40179,2,8,0,9,0,8,0,0,0,0,1,1,1,1,51,8,2499,2,6,10,1
201401EO40180,1,9,0,9,0,8,0,0,0,0,4,1,6,1,61,9,1596,1,10,1,1
201401EO40180,2,1,0,18,0,8,0,0,0,0,1,1,6,1,5,1,-1,-1,-1,3,1
201401EO40181,1,11,0,18,0,1,0,0,0,0,0,1,1,1,70,10,-1,-1,-1,2,1
201401EO40182,1,1,0,18,0,2,0,0,0,0,2,1,6,2,42,7,-1,-1,-1,-1,-1
201401EO40182,2,9,0,18,0,2,0,0,0,0,1,1,6,3,-1,-1,-1,-1,-1,-1,-1
201401EO40183,1,3,0,18,0,8,0,0,0,0,1,1,6,1,26,6,124,1,3,1,1
201401EO40184,1,8,0,9,0,5,0,0,0,0,3,1,1,1,44,7,1497,8,5,5,1
201401EO40184,2,3,0,18,0,8,0,0,0,0,1,1,1,1,21,5,124,1,4,2,1
201401EO40185,1,1,0,18,0,8,0,0,0,0,3,1,2,1,31,6,-1,-1,-1,3,1
201401EO40185,2,9,0,7,0,8,0,0,0,0,4,1,6,3,-1,-1,2295,1,17,-1,-1
201401EO40186,1,11,0,18,0,1,0,10,1,10,4,1,1,1,37,7,-1,-1,-1,3,1
201401EO40187,1,1,0,18,0,8,0,0,0,0,1,1,2,1,29,6,-1,-1,-1,-1,-1
201401EO40187,2,19,0,18,0,8,0,0,0,0,3,1,6,1,-1,-1,-1,-1,-1,3,1
201401EO40188,1,1,0,18,0,8,0,0,0,0,2,1,2,1,24,5,-1,-1,-1,2,1
201401EO40188,2,9,0,7,0,8,0,0,0,0,1,1,6,1,-1,-1,-1,-1,-1,-1,-1
201401EO40189,1,9,0,9,0,6,0,0,0,0,3,1,6,1,37,7,1242,1,15,1,1
201401EO40189,2,1,0,14,0,8,0,0,0,0,1,1,6,1,30,6,-1,-1,-1,4,1
201401EO40190,1,3,0,4,2,1,1,0,0,0,0,1,2,1,-1,-1,125,1,3,8,1
201401EO40191,1,1,0,18,0,8,0,0,0,0,1,1,6,2,38,7,-1,-1,-1,4,1
201401EO40191,2,9,0,9,0,8,0,0,0,0,4,1,6,1,-1,-1,-1,-1,-1,-1,-1
201401EO40192,1,9,0,18,0,2,0,0,0,0,1,1,6,3,-1,-1,-1,-1,-1,-1,-1
201401EO40193,1,1,0,14,0,1,0,0,0,0,4,1,2,1,41,7,-1,-1,-1,2,1
201401EO40194,1,9,0,9,0,2,0,0,0,0,4,1,1,1,55,8,1560,2,1,9,1
201401EO40195,1,1,0,18,0,8,0,0,0,0,1,1,6,1,24,5,-1,-1,-1,10,1
201401EO40195,2,9,0,9,0,8,0,0,0,0,4,1,6,1,-1,-1,1560,2,1,-1,-1
201401EO40196,1,5,0,18,0,8,0,0,0,0,1,1,2,1,32,6,782,1,10,10,1
201401EO40196,2,9,0,9,0,5,0,0,0,0,4,1,6,1,-1,-1,1975,1,5,2,1
201401EO40197,1,9,0,18,0,1,0,0,0,0,4,1,6,3,-1,-1,-1,-1,-1,-1,-1
201401EO40198,1,1,0,18,0,0,0,10,0,0,4,1,6,1,29,6,-1,-1,-1,3,1
201401EO40199,1,9,0,7,0,8,0,0,0,0,4,1,6,1,31,6,1896,2,8,5,1
201401EO40199,2,1,0,18,0,8,0,0,0,0,3,1,6,2,28,6,-1,-1,-1,3,1
201401EO40200,1,11,0,4,0,0,0,0,0,0,0,1,1,1,40,7,8300,2,8,2,1
201401EO40201,1,19,0,1,0,1,0,0,0,0,2,1,6,1,-1,-1,-1,-1,-1,-1,-1
201401EO40202,1,9,0,9,0,5,0,0,0,0,4,1,6,1,-1,-1,1240,1,9,2,1
201401EO40202,2,3,0,18,0,8,0,0,0,0,1,1,6,1,19,4,124,1,3,2,1
201401EO40203,1,5,0,5,0,2,0,0,0,0,4,1,2,1,-1,-1,847,1,1,-1,-1
201401EO40204,1,3,0,18,0,8,0,0,0,0,3,1,6,1,34,6,125,1,8,3,1
201401EO40204,2,1,0,18,0,8,0,0,0,0,1,1,6,1,53,8,-1,-1,-1,3,1
201401EO40205,1,9,0,9,0,8,0,0,0,0,1,1,6,1,31,6,-1,-1,-1,-1,1
201401EO40207,1,3,0,4,0,8,0,0,0,0,2,1,6,1,29,6,125,1,10,2,1
201401EO40207,2,9,0,18,0,8,0,0,0,0,1,1,6,1,-1,-1,-1,-1,-1,-1,-1
201401EO40208,1,9,0,18,0,8,0,0,0,0,4,1,6,1,34,6,1995,2,3,9,1
201401EO40208,2,9,0,6,0,8,0,0,0,0,3,1,6,2,46,8,1242,1,9,-1,-1
201401EO40209,1,9,0,18,0,2,0,0,0,0,1,1,6,2,28,6,1364,1,5,6,1
201401EO40209,2,19,0,4,0,2,0,0,0,0,2,1,6,1,-1,-1,2402,2,6,-1,3
201401EO40210,1,9,0,18,0,0,0,0,0,0,3,1,6,1,-1,-1,-1,-1,-1,-1,-1
201401EO40211,1,9,0,2,0,0,0,0,0,0,4,1,6,1,43,7,1388,1,11,-1,1
201401EO40211,2,9,0,18,0,0,0,4,0,0,4,1,6,1,-1,-1,-1,-1,-1,-1,-1
201401EO40212,1,9,0,18,0,1,0,10,7,10,1,1,2,2,71,10,1498,1,3,9,1
201401EO40214,1,9,0,1,0,8,0,0,0,0,2,1,6,1,26,6,2993,2,10,1,1
201401EO40215,1,1,0,18,0,8,0,0,0,0,3,1,6,1,27,6,-1,-1,-1,-1,1
201401EO40215,2,9,0,13,0,8,0,0,0,0,4,1,6,1,-1,-1,2143,2,3,4,1
201401EO40216,1,1,0,14,0,8,0,10,0,0,3,1,2,2,32,6,-1,-1,-1,2,1
201401EO40216,2,11,0,14,0,8,0,0,0,0,4,1,1,1,38,7,9360,2,4,-1,-1
201401EO40217,1,5,0,7,0,2,0,0,0,0,4,1,6,1,37,7,998,1,10,1,1
201401EO40219,1,9,0,18,0,1,0,0,0,0,1,1,6,1,37,7,2360,1,11,-1,-1
201401EO40219,2,9,0,3,0,1,0,0,0,0,2,1,6,1,56,9,-1,-1,-1,6,1
201401EO40219,3,8,0,3,0,1,0,0,0,0,2,1,1,1,58,9,2402,2,11,2,1
201401EO40220,1,9,0,7,0,8,0,0,0,0,0,1,6,3,-1,-1,-1,-1,-1,-1,-1
201401EO40220,2,1,0,4,0,8,1,0,1,0,0,1,6,1,22,5,-1,-1,-1,4,1
201401EO40221,1,9,0,3,0,1,0,0,0,0,2,1,6,1,47,8,995,1,6,3,1
201401EO40221,2,9,0,18,0,1,0,0,0,0,1,1,6,1,-1,-1,1995,1,10,-1,-1
201401EO40222,1,9,0,4,4,2,0,0,0,0,4,1,6,1,21,5,1598,2,2,6,1
201401EO40222,2,1,0,4,4,2,0,0,1,1,3,1,2,2,29,6,-1,-1,-1,5,1
201401EO40223,1,3,0,13,0,8,0,0,0,0,4,1,6,1,22,5,125,1,4,2,1
201401EO40223,2,9,0,9,0,5,0,0,0,0,3,1,6,1,-1,-1,-1,-1,-1,2,1
201401EO40225,1,9,0,18,0,1,0,0,0,0,1,1,6,1,33,6,1396,1,10,3,1
201401EO40226,1,11,0,3,2,8,0,0,0,0,0,1,1,1,40,7,6692,2,3,2,1
201401EO40229,1,9,5,7,0,1,0,0,0,0,0,1,6,1,54,8,1390,1,11,2,1
201401EO40230,1,9,0,3,0,2,0,0,0,0,3,1,6,1,-1,-1,1597,1,14,4,1
201401EO40230,2,9,0,18,0,1,5,0,0,0,1,1,6,2,25,5,1896,2,13,1,1
201401EO40231,1,9,0,4,0,2,0,0,0,0,1,1,6,1,37,7,1995,2,9,3,1
201401EO40231,2,3,0,4,0,2,0,0,0,0,2,1,1,1,25,5,125,1,4,6,1
201401EO40232,1,4,0,4,0,2,0,10,1,0,3,1,6,1,21,5,124,1,6,6,1
201401EO40232,2,9,0,13,0,2,0,0,0,0,4,1,6,1,-1,-1,-1,-1,-1,-1,-1
201401EO40233,1,19,0,5,0,2,0,0,0,0,4,1,6,3,-1,-1,-1,-1,-1,-1,-1
201401EO40234,1,11,0,18,0,1,0,0,0,0,0,1,1,1,49,8,6692,2,5,3,1
201401EO40234,2,9,0,11,0,1,0,0,0,0,0,1,6,3,-1,-1,-1,-1,-1,-1,-1
201401EO40235,1,9,0,18,0,8,0,0,0,0,1,1,6,2,33,6,1390,1,3,3,1
201401EO40235,2,1,0,18,0,8,0,0,0,0,4,1,6,1,12,3,-1,-1,-1,2,1
201401EO40236,1,20,0,7,0,6,0,0,0,0,2,1,1,1,38,7,-1,-1,-1,9,1
201401EO40236,2,1,0,13,0,8,0,0,0,0,1,1,2,1,-1,-1,-1,-1,-1,10,1
201401EO40237,1,9,0,6,0,8,0,0,0,0,3,1,6,1,40,7,1800,1,8,2,1
201401EO40237,2,1,0,18,0,8,0,0,0,0,4,1,2,2,33,6,-1,-1,-1,1,1
201401EO40238,1,8,0,5,0,0,0,10,0,0,4,1,1,1,67,10,1998,2,9,2,1
201401EO40239,1,9,0,18,0,8,0,0,0,0,4,1,1,1,36,7,-1,-1,-1,-1,-1
201401EO40239,2,9,0,18,0,8,0,0,0,0,1,1,6,1,36,7,1598,1,9,5,1
201401EO40240,1,8,0,18,0,1,0,0,0,0,1,1,1,1,58,9,1910,2,6,2,1
201401EO40240,2,1,0,18,0,1,0,0,0,0,4,1,6,1,15,3,-1,-1,-1,-1,-1
201401EO40241,1,3,0,18,2,8,0,0,0,0,2,1,6,1,43,7,124,1,1,2,1
201401EO40241,2,9,0,7,0,8,0,0,0,0,1,1,6,2,-1,-1,1398,1,13,-1,-1
201401EO40242,1,9,0,3,0,1,0,0,0,0,1,1,6,1,55,8,1598,1,14,4,1
201401EO40242,2,19,0,3,0,1,0,0,0,0,2,1,6,1,-1,-1,-1,-1,-1,-1,-1
201401EO40243,1,8,0,18,0,8,0,0,0,0,1,1,1,1,32,6,1896,2,5,4,1
201401EO40243,2,9,0,9,0,8,0,0,0,0,4,1,6,2,31,6,1968,2,1,9,3
201401EO40244,1,2,0,9,0,8,0,0,0,0,3,1,6,3,-1,-1,-1,-1,-1,-1,-1
201401EO40245,1,9,0,9,0,5,0,0,0,0,3,1,6,2,22,5,1390,1,1,3,1
201401EO40245,2,3,0,5,0,8,0,0,0,0,1,1,6,1,24,5,124,1,10,1,1
201401EO40247,1,1,0,15,0,8,1,0,0,0,1,1,2,1,31,6,-1,-1,-1,3,1
201401EO40247,2,9,0,18,0,8,0,0,0,0,4,1,6,1,-1,-1,1796,1,13,-1,-1
201401EO40248,1,9,0,9,0,5,0,0,0,0,4,1,6,1,55,8,1299,1,18,2,1
201401EO40248,2,1,0,15,0,8,0,0,0,0,1,1,6,2,25,5,-1,-1,-1,4,1
201401EO40249,1,9,0,9,0,8,0,0,0,0,1,1,6,1,36,7,1590,1,12,3,1
201401EO40249,2,8,0,18,0,8,0,0,0,0,4,1,1,1,50,8,1998,1,6,6,3
201401EO40250,1,9,0,18,0,2,0,0,0,0,1,1,6,1,32,6,2993,2,2,8,1
201401EO40251,1,3,0,18,0,8,0,0,0,0,2,1,6,1,35,6,107,1,1,1,1
201401EO40251,2,9,0,18,0,8,0,0,0,0,1,1,6,3,-1,-1,-1,-1,-1,-1,-1
201401EO40252,1,9,0,9,0,8,0,0,0,0,3,1,6,1,25,5,1798,1,6,3,1
201401EO40252,2,8,0,18,0,8,0,0,0,0,4,1,1,1,37,7,2143,2,5,2,1
201401EO40253,1,9,0,5,0,1,0,0,0,0,3,1,6,3,-1,-1,-1,-1,-1,-1,-1
201401EO40254,1,9,0,18,0,8,0,10,1,1,4,1,2,1,30,6,2401,2,8,8,1
201401EO40254,2,20,0,18,0,8,0,0,0,0,1,1,1,1,30,6,-1,-1,-1,2,1
201401EO40255,1,9,0,5,0,6,0,0,0,0,3,1,6,1,22,5,-1,-1,-1,4,1
201401EO40256,1,1,0,18,2,2,0,0,0,0,0,1,2,2,37,7,-1,-1,-1,2,1
201401EO40257,1,1,0,18,4,1,0,0,0,0,3,1,2,1,27,6,-1,-1,-1,4,1
201401EO40257,2,19,0,13,0,1,0,0,0,0,4,1,1,1,32,6,-1,-1,-1,2,1
201401EO40258,1,11,0,4,2,1,0,0,0,0,0,1,1,2,-1,-1,8268,2,13,-1,-1
201401EO40259,1,9,0,18,0,0,0,4,0,0,1,1,6,1,39,7,1596,1,6,5,1
201401EO40259,2,9,0,2,0,0,0,0,0,0,1,1,6,3,-1,-1,2720,2,8,-1,-1
201401EO40259,3,9,0,2,0,0,0,0,0,0,1,1,6,3,-1,-1,1910,2,6,-1,-1
201401EO40260,1,9,0,4,0,8,0,0,0,0,1,1,6,2,36,7,1995,2,2,-1,-1
201401EO40260,2,9,0,18,0,6,0,0,0,0,4,1,6,1,21,5,2143,2,4,10,1
201401EO40261,1,3,0,18,0,0,0,0,0,0,0,1,6,1,45,7,124,1,5,2,1
201401EO40261,2,9,0,5,0,0,0,0,0,0,0,1,6,1,-1,-1,1870,2,13,3,1
201401EO40263,1,9,0,18,0,2,0,0,0,0,1,1,6,1,19,4,1390,1,14,3,1
201401EO40264,1,9,0,9,0,5,0,0,0,0,1,1,6,1,34,6,1910,2,4,1,1
201401EO40264,2,1,0,18,0,8,0,0,0,0,1,1,6,1,42,7,-1,-1,-1,1,1
201401EO40265,1,19,0,18,0,1,0,0,0,0,1,1,6,1,49,8,1995,2,1,2,1
201401EO40265,2,1,0,9,0,1,0,0,0,0,3,1,6,2,30,6,-1,-1,-1,4,1
201401EO40266,1,9,0,3,0,1,0,0,0,0,2,1,6,1,24,5,998,1,11,3,1
201401EO40266,2,9,0,18,0,1,0,0,0,0,1,1,6,1,-1,-1,1389,1,13,-1,-1
201401EO40267,1,1,0,18,0,8,0,0,0,0,1,1,6,2,26,6,-1,-1,-1,8,1
201401EO40267,2,9,0,9,0,8,0,0,0,0,3,1,6,1,-1,-1,1995,2,8,2,1
201401EO40268,1,9,0,9,0,8,0,0,0,0,1,1,6,1,42,7,2148,2,7,1,1
201401EO40268,2,3,0,14,0,8,0,0,0,0,4,1,6,1,29,6,-1,-1,-1,2,1
201401EO40269,1,8,0,9,0,8,0,0,0,0,4,1,6,1,37,7,1896,2,9,3,1
201401EO40269,2,1,0,18,0,8,0,0,0,0,1,1,6,2,37,7,-1,-1,-1,4,1
201401EO40270,1,19,0,6,0,0,0,0,0,0,3,1,6,1,65,9,2402,2,9,4,1
201401EO40270,2,3,0,13,0,0,0,0,0,0,1,1,2,1,26,6,660,1,6,1,1
201401EO40271,1,9,0,10,0,1,0,0,0,0,2,1,6,2,45,7,1497,8,8,3,1
201401EO40271,2,19,0,18,0,1,0,0,0,0,1,1,6,1,-1,-1,-1,-1,-1,-1,-1
201401EO40272,1,9,0,18,0,0,0,0,0,0,3,1,6,2,28,6,996,1,1,7,1
201401EO40272,2,9,0,13,0,0,0,0,0,0,4,1,6,3,-1,-1,-1,-1,-1,-1,-1
201401EO40274,1,11,0,3,2,1,0,0,0,0,0,1,1,1,39,7,4500,2,4,5,1
201401EO40276,1,11,0,18,0,0,0,0,0,0,4,1,1,3,-1,-1,-1,-1,-1,-1,-1
201401EO40277,1,9,0,10,0,8,0,0,0,0,3,1,1,1,37,7,5998,1,3,9,1
201401EO40277,2,1,0,18,0,8,0,0,0,0,1,1,1,1,34,6,-1,-1,-1,3,1
201401EO40278,1,9,0,18,0,0,0,0,0,0,4,1,6,1,56,9,1794,1,9,4,1
201401EO40279,1,11,0,18,0,0,0,0,0,0,1,1,1,1,39,7,4760,2,5,8,1
201401EO40279,2,19,0,18,0,0,0,0,0,0,2,1,1,1,-1,-1,-1,-1,-1,-1,-1
201401EO40280,1,3,0,9,0,8,0,0,0,0,1,1,6,1,-1,-1,-1,-1,-1,-1,-1
201401EO40280,2,3,0,18,0,8,0,0,0,0,4,1,1,1,23,5,109,1,2,2,1
201401EO40282,1,3,0,18,0,8,0,0,0,0,1,1,6,1,24,5,748,1,17,-1,-1
201401EO40284,1,4,0,14,0,8,0,0,0,0,1,1,6,1,-1,-1,-1,-1,-1,-1,-1
201401EO40285,1,5,0,18,0,2,1,4,0,0,1,1,6,1,67,10,1200,1,10,-1,-1
201401EO40285,2,9,0,2,0,2,0,0,0,0,4,1,6,3,-1,-1,1242,1,4,-1,-1
201401EO40285,3,9,0,2,0,2,0,0,0,0,2,1,6,3,-1,-1,-1,-1,-1,-1,-1
201401EO40286,1,9,0,3,0,1,0,0,0,0,2,1,6,1,56,9,1598,2,1,7,1
201401EO40286,2,19,0,1,0,1,0,0,0,0,2,1,6,1,28,6,1753,2,11,-1,-1
201401EO40287,1,9,0,7,0,6,0,0,0,0,1,1,6,1,-1,-1,-1,-1,-1,-1,-1
201401EO40287,2,1,0,18,0,8,0,0,0,0,2,1,2,1,32,6,-1,-1,-1,-1,-1
201401EO40288,1,1,0,5,0,1,0,0,0,0,1,1,6,1,25,5,-1,-1,-1,3,1
201401EO40288,2,3,0,5,0,1,0,0,0,0,2,1,6,3,-1,-1,-1,-1,-1,-1,-1
201401EO40289,1,9,0,18,0,2,0,0,0,0,1,1,6,2,61,9,1100,1,18,3,1
201401EO40291,1,8,0,18,0,8,0,0,0,0,3,1,1,1,39,7,2143,2,4,2,1
201401EO40291,2,9,0,9,0,8,0,0,0,0,1,1,6,1,-1,-1,1390,1,14,4,1
201401EO40292,1,9,0,9,0,8,0,0,0,0,3,1,6,2,21,5,1329,1,3,-1,-1
201401EO40292,2,3,0,13,0,8,0,0,0,0,4,1,6,1,42,7,125,1,5,2,1
201401EO40294,1,9,0,9,0,8,0,0,0,0,3,1,6,1,43,7,-1,-1,-1,2,1
201401EO40294,2,1,0,9,0,8,0,0,0,0,4,1,6,1,27,6,-1,-1,-1,3,1
201401EO40295,1,11,0,18,0,1,0,0,0,0,0,1,1,1,29,6,6700,2,5,2,1
201401EO40296,1,1,0,17,4,1,0,0,0,0,3,1,6,2,28,6,-1,-1,-1,2,1
201401EO40296,2,9,0,7,0,1,0,0,0,0,1,1,6,2,-1,-1,-1,-1,-1,-1,-1
201401EO40297,1,9,0,7,0,1,0,0,0,0,4,1,6,1,23,5,-1,-1,-1,9,1
201401EO40297,2,1,0,18,0,1,0,0,0,0,1,1,6,1,24,5,-1,-1,-1,3,1
201401EO40298,1,1,0,3,0,1,0,0,0,0,2,1,6,1,28,6,-1,-1,-1,-1,1
201401EO40298,2,8,0,5,0,1,0,0,0,0,1,1,1,1,50,8,2148,2,5,9,1
201401EO40299,1,9,0,17,0,2,1,10,7,10,2,1,6,1,34,6,-1,-1,-1,3,1
201401EO40300,1,8,0,7,0,8,0,0,0,0,1,1,1,1,48,8,1997,2,8,3,1
201401EO40300,2,9,0,1,0,8,0,0,0,0,2,1,6,1,24,5,2143,2,5,-1,1
201401EO40302,1,9,0,9,0,2,0,0,0,0,3,1,2,2,60,9,-1,-1,-1,2,1
201401EO40302,2,1,0,14,0,1,0,0,0,0,1,1,1,1,38,7,-1,-1,-1,3,1
201401EO40303,1,9,0,4,0,0,0,0,0,0,3,1,6,2,39,7,2967,2,1,4,1
201401EO40303,2,3,0,13,0,0,0,0,0,0,4,1,6,1,40,7,124,1,3,3,1
201401EO40304,1,9,0,1,0,0,0,0,0,0,2,1,6,3,-1,-1,2987,2,1,-1,-1
201401EO40305,1,9,0,10,0,8,0,0,0,0,1,1,1,1,25,5,799,2,5,4,1
201401EO40305,2,1,0,18,0,8,0,0,0,0,1,1,1,1,32,6,-1,-1,-1,-1,1
201401EO40306,1,11,0,3,0,2,0,0,0,0,2,1,1,1,41,7,4461,2,1,5,1
201401EO40306,2,9,0,18,0,2,0,0,0,0,1,1,6,2,-1,-1,1686,2,14,-1,-1
201401EO40307,1,5,0,7,0,2,0,0,0,0,1,1,6,1,22,5,998,1,-1,-1,1
201401EO40308,1,11,0,18,0,1,0,0,0,0,0,1,1,1,42,7,6692,2,3,3,1
201401EO40309,1,9,0,7,0,8,0,0,0,0,1,1,1,1,77,11,1997,2,1,4,1
201401EO40309,2,9,0,9,0,8,0,0,0,0,1,1,6,2,-1,-1,1995,1,12,-1,-1
201401EO40310,1,9,0,18,0,1,0,0,0,0,1,1,6,1,44,7,2685,2,11,4,1
201401EO40312,1,1,0,9,0,8,0,0,0,0,4,1,1,1,55,8,-1,-1,-1,10,1
201401EO40312,2,1,0,18,4,8,0,0,0,0,1,1,1,1,41,7,-1,-1,-1,3,1
201401EO40313,1,9,0,3,0,1,0,0,0,0,2,1,6,1,47,8,-1,-1,-1,7,1
201401EO40313,2,9,0,18,0,1,0,0,0,0,1,1,6,3,-1,-1,-1,-1,-1,-1,-1
201401EO40314,1,9,0,9,0,2,0,0,0,0,3,1,6,1,18,4,1242,1,3,6,1
201401EO40314,2,5,0,18,0,1,0,0,0,0,1,1,6,3,-1,-1,675,1,2,-1,-1
201401EO40315,1,9,0,18,0,8,0,0,0,0,4,1,6,2,42,7,1000,1,23,3,1
201401EO40315,2,3,0,18,0,8,0,0,0,0,1,1,6,1,27,6,125,1,3,4,1
201401EO40316,1,9,0,18,0,1,0,0,0,0,1,1,6,1,57,9,1797,8,4,2,1
201401EO40317,1,1,0,18,0,1,0,0,0,0,0,1,1,1,28,6,-1,-1,-1,-1,-1
201401EO40317,2,9,0,9,0,1,0,0,0,0,0,1,6,3,-1,-1,-1,-1,-1,-1,-1
201401EO40318,1,9,0,7,0,8,0,0,0,0,4,1,6,2,57,9,1598,1,10,9,1
201401EO40318,2,9,0,15,0,8,0,0,0,0,1,1,6,1,-1,-1,-1,-1,-1,-1,-1
201401EO40319,1,11,0,4,0,1,0,0,0,0,0,1,6,1,56,9,8268,2,11,1,1
201401EO40320,1,3,0,18,2,1,0,0,0,0,3,1,6,1,31,6,125,1,1,3,1
201401EO40320,2,9,0,7,0,1,0,0,0,0,4,1,6,1,-1,-1,-1,-1,-1,-1,-1
201401EO40321,1,1,0,18,2,1,0,0,0,0,1,1,2,1,23,5,-1,-1,-1,3,1
201401EO40321,2,19,0,7,0,1,0,0,0,0,4,1,1,1,31,6,2402,2,7,4,1
201401EO40322,1,9,0,7,0,1,0,0,0,0,4,1,6,1,66,10,1998,1,13,4,1
201401EO40322,2,3,0,15,0,1,0,0,0,0,1,1,6,1,32,6,-1,-1,-1,4,1
201401EO40323,1,1,0,18,0,8,0,0,0,0,0,1,2,1,35,6,-1,-1,-1,2,1
201401EO40323,2,9,0,9,0,8,0,0,0,0,0,1,6,3,-1,-1,-1,-1,-1,-1,-1
201401EO40324,1,9,0,17,0,2,0,0,0,0,1,1,6,1,-1,-1,1798,8,2,-1,-1
201401EO40325,1,9,0,3,0,2,0,0,0,0,2,1,1,1,34,6,-1,-1,-1,7,2
201401EO40325,2,1,0,18,0,2,0,0,0,0,1,1,2,1,45,7,-1,-1,-1,7,1
201401EO40327,1,11,0,18,2,0,0,10,1,0,3,1,1,1,43,7,6692,2,4,-1,-1
201401EO40327,2,9,0,1,0,0,0,0,0,0,2,1,6,3,-1,-1,1560,2,9,-1,-1
201401EO40328,1,9,0,18,0,1,0,0,0,0,1,1,6,1,-1,-1,-1,-1,-1,-1,-1
201401EO40330,1,1,0,18,0,0,0,0,0,0,1,1,6,1,22,5,-1,-1,-1,10,3
201401EO40331,1,9,0,9,0,8,0,0,0,0,1,1,6,1,51,8,1598,1,7,-1,-1
201401EO40331,2,1,0,5,0,8,0,0,0,0,1,1,6,1,21,5,-1,-1,-1,1,1
201401EO40332,1,3,0,18,0,8,0,0,0,0,1,1,6,1,23,5,124,1,9,1,1
201401EO40332,2,19,0,9,0,8,0,0,0,0,3,1,6,1,38,7,1997,2,10,2,1
201401EO40333,1,19,0,18,0,2,0,10,7,10,1,1,1,1,36,7,1910,2,11,2,1
201401EO40334,1,9,0,4,0,1,0,0,0,0,2,1,1,1,25,5,1399,2,8,1,1
201401EO40334,2,3,0,18,0,1,0,0,0,0,1,1,1,1,40,7,125,1,1,5,1
201401EO40335,1,2,0,18,0,0,0,0,0,0,1,1,6,1,16,4,49,1,2,2,1
201401EO40335,2,9,0,4,0,0,0,0,0,0,2,1,6,2,34,6,1995,2,4,3,1
201401EO40336,1,9,0,7,0,8,0,0,0,0,3,1,6,1,27,6,1968,2,6,2,1
201401EO40336,2,19,0,7,0,8,0,0,0,0,4,1,6,1,-1,-1,2198,2,2,-1,-1
201401EO40338,1,1,0,18,0,2,0,0,0,0,3,1,6,1,25,5,-1,-1,-1,5,1
201401EO40338,2,9,0,13,0,2,0,0,0,0,4,1,6,1,-1,-1,-1,-1,-1,-1,-1
201401EO40339,1,9,0,13,0,8,0,0,0,0,4,1,6,1,47,8,1870,2,10,3,1
201401EO40339,2,9,0,9,0,8,0,0,0,0,3,1,6,2,31,6,1240,1,11,7,1
201401EO40340,1,9,0,3,0,1,0,0,0,0,2,1,6,2,37,7,1364,1,9,2,1
201401EO40340,2,9,0,18,0,1,0,0,0,0,1,1,6,2,-1,-1,-1,-1,-1,-1,-1
201401EO40341,1,8,0,4,0,2,0,0,0,0,1,1,1,1,29,6,1995,2,5,1,1
201401EO40342,1,9,0,18,0,0,0,0,0,0,1,1,6,1,23,5,1598,1,10,5,1
201401EO40342,2,9,0,18,0,0,0,0,0,0,3,1,6,1,44,7,2967,2,7,4,1
201401EO40342,3,9,0,18,0,0,0,0,0,0,1,1,6,1,26,6,1598,1,8,6,1
201401EO40343,1,3,0,18,2,1,0,0,0,0,0,1,6,1,33,6,124,1,3,-1,-1
201401EO40344,1,8,0,18,0,1,0,0,0,0,4,1,1,1,44,7,1798,8,2,1,1
201401EO40344,2,4,0,9,0,1,0,0,0,0,1,1,6,1,67,10,1200,1,10,2,1
201401EO40345,1,9,0,5,0,6,0,0,0,0,1,1,2,2,31,6,875,1,1,-1,1
201401EO40345,2,1,0,18,9,8,0,0,0,0,1,1,2,1,27,6,-1,-1,-1,3,1