Accident_Index,Vehicle_Reference,Vehicle_Type,Towing_and_Articulation,Vehicle_Manoeuvre,Vehicle_Location-Restricted_Lane,Junction_Location,Skidding_and_Overturning,Hit_Object_in_Carriageway,Vehicle_Leaving_Carriageway,Hit_Object_off_Carriageway,1st_Point_of_Impact,Was_Vehicle_Left_Hand_Drive?,Journey_Purpose_of_Driver,Sex_of_Driver,Age_of_Driver,Age_Band_of_Driver,Engine_Capacity_(CC),Propulsion_Code,Age_of_Vehicle,Driver_IMD_Decile,Driver_Home_Area_Type
201401EO40691,1,9,0,16,0,8,0,10,1,10,4,1,2,1,49,8,1991,2,5,3,1
201401EO40691,2,9,0,18,0,6,0,10,1,0,1,1,2,2,41,7,1997,1,5,1,1
201401EO40692,1,9,0,9,0,8,0,0,0,0,1,1,6,1,19,4,1368,1,2,5,1
201401EO40692,2,1,0,18,0,8,0,0,0,0,3,1,2,2,30,6,-1,-1,-1,4,1
201401EO40693,1,21,1,9,0,5,0,0,0,0,3,1,1,1,51,8,4461,2,2,7,2
201401EO40693,2,4,0,13,0,8,1,0,0,0,4,1,6,1,21,5,125,1,4,1,1
201401EO40694,1,8,0,2,2,1,0,0,0,0,3,1,1,1,37,7,1797,8,3,-1,-1
201401EO40694,2,1,0,14,2,1,0,0,0,0,1,1,6,1,39,7,-1,-1,-1,-1,1
201401EO40695,1,3,0,18,0,0,0,0,0,0,0,1,6,1,37,7,124,1,3,5,1
201401EO40696,1,3,0,4,0,8,1,0,0,0,0,1,1,1,42,7,120,1,13,5,1
201401EO40696,2,1,0,18,0,8,0,0,0,0,0,1,6,2,-1,-1,-1,-1,-1,-1,-1
201401EO40697,1,9,0,18,0,0,0,0,7,0,3,1,6,1,52,8,1968,2,8,5,3
201401EO40697,2,9,0,17,0,0,0,0,0,0,1,1,6,1,-1,-1,-1,-1,-1,-1,-1
201401EO40698,1,1,0,18,0,0,1,0,0,0,0,1,6,1,46,8,-1,-1,-1,8,1
201401EO40699,1,1,0,18,0,1,0,0,0,0,2,1,6,1,30,6,-1,-1,-1,4,1
201401EO40699,2,9,0,18,0,1,0,0,0,0,1,1,6,3,-1,-1,-1,-1,-1,-1,-1
201401EO40700,1,11,0,18,0,8,0,0,0,0,1,1,1,1,38,7,9360,2,5,3,1
201401EO40700,2,1,0,4,0,8,0,0,0,0,2,1,6,2,35,6,-1,-1,-1,3,1
201401EO40701,1,2,0,15,0,8,0,0,0,0,4,1,6,1,-1,-1,-1,-1,-1,-1,-1
201401EO40701,2,1,0,18,0,8,0,0,0,0,3,1,6,1,25,5,-1,-1,-1,2,1
201401EO40702,1,19,0,18,0,8,0,0,0,0,1,1,1,1,27,6,2148,2,6,7,1
201401EO40702,2,9,0,18,0,8,1,7,7,2,4,1,6,1,52,8,1798,1,3,8,1
201401EO40704,1,3,0,18,0,1,0,0,0,0,1,1,1,1,42,7,109,1,2,5,1
201401EO40704,2,9,0,18,0,1,0,0,0,0,3,1,6,1,73,10,1388,1,11,3,1
201401EO40705,1,3,0,18,0,8,0,0,0,0,1,1,6,1,34,6,125,1,2,1,1
201401EO40705,2,9,0,5,0,8,0,0,0,0,3,1,6,1,34,6,999,1,5,-1,-1
201401EO40706,1,3,0,18,0,0,0,0,0,0,3,1,6,2,27,6,102,1,9,8,1
201401EO40706,2,9,0,13,0,0,0,0,0,0,4,1,6,1,-1,-1,-1,-1,-1,-1,-1
201401EO40707,1,1,0,15,0,8,0,0,0,0,1,1,2,2,45,7,-1,-1,-1,1,1
201401EO40707,2,21,0,7,0,8,0,0,0,0,4,1,1,1,35,6,3920,2,13,4,1
201401EO40708,1,19,0,7,0,8,0,0,0,0,4,1,2,1,24,5,2198,2,4,7,1
201401EO40708,2,1,0,15,0,8,0,0,0,0,3,1,2,1,22,5,-1,-1,-1,2,1
201401EO40709,1,9,0,18,0,8,0,0,0,0,1,1,6,1,25,5,-1,-1,-1,2,1
201401EO40709,2,9,0,9,0,8,0,0,0,0,3,1,6,1,84,11,2435,1,9,2,1
201401EO40710,1,1,0,18,0,1,0,0,0,0,4,1,6,1,29,6,-1,-1,-1,3,1
201401EO40710,2,9,0,5,0,1,0,0,0,0,3,1,6,3,-1,-1,1560,2,-1,-1,-1
201401EO40711,1,3,0,18,0,1,0,0,0,0,0,1,6,1,28,6,125,1,3,3,1
201401EO40711,2,9,0,10,0,1,0,0,0,0,0,1,6,1,60,9,2148,2,6,5,1
201401EO40712,1,1,0,4,0,2,0,0,0,0,3,1,2,1,26,6,-1,-1,-1,3,1
201401EO40712,2,19,0,6,0,1,0,0,0,0,1,1,6,1,-1,-1,2143,2,1,-1,-1
201401EO40713,1,3,0,18,0,8,0,0,0,0,1,1,6,1,18,4,125,1,7,2,1
201401EO40713,2,1,0,18,0,8,0,0,0,0,2,1,6,1,27,6,-1,-1,-1,2,1
201401EO40714,1,1,0,15,0,8,0,0,0,0,1,1,2,2,28,6,-1,-1,-1,2,1
201401EO40714,2,19,0,7,0,8,0,0,0,0,4,1,6,3,-1,-1,-1,-1,-1,-1,-1
201401EO40715,1,8,0,5,0,5,0,0,0,0,1,1,1,1,62,9,2499,2,3,9,2
201401EO40715,2,1,0,18,0,6,0,0,0,0,3,1,1,2,52,8,-1,-1,-1,-1,1
201401EO40716,1,9,0,18,0,8,0,0,0,0,4,1,6,1,27,6,1339,8,3,3,1
201401EO40716,2,9,0,18,0,8,0,0,0,0,1,1,6,1,29,6,1599,1,6,-1,-1
201401EO40717,1,3,0,18,0,0,0,0,0,0,1,1,6,1,38,7,109,1,-1,4,1
201401EO40717,2,9,0,2,0,0,0,0,0,0,3,1,6,2,-1,-1,1242,1,-1,-1,-1
201401EO40718,1,8,0,6,0,8,0,0,0,0,3,1,6,1,30,6,2499,2,6,2,1
201401EO40718,2,2,0,18,0,8,0,0,0,0,1,1,6,1,36,7,-1,-1,-1,2,1
201401EO40720,1,9,0,9,0,5,0,0,0,0,3,1,6,1,45,7,1968,2,3,6,1
201401EO40720,2,1,0,13,0,8,0,0,0,0,4,1,6,2,21,5,-1,-1,-1,-1,-1
201401EO40722,1,8,0,18,0,2,0,0,0,0,3,1,6,1,-1,-1,1497,8,6,-1,-1
201401EO40723,1,8,0,9,0,8,0,0,0,0,4,1,1,1,25,5,1896,2,8,2,1
201401EO40723,2,1,0,18,0,8,0,0,0,0,1,1,6,1,-1,-1,-1,-1,-1,2,1
201401EO40724,1,9,0,5,0,1,0,0,0,0,4,1,6,1,29,6,1984,1,12,2,1
201401EO40725,1,9,0,18,0,8,0,0,0,0,1,1,6,2,26,6,1560,2,-1,-1,-1
201401EO40725,2,9,0,9,0,6,0,0,0,0,3,1,1,1,32,6,998,1,3,3,1
201401EO40726,1,3,0,18,0,0,0,0,0,0,1,1,6,1,23,5,645,1,4,1,1
201401EO40727,1,1,0,4,0,8,1,0,0,0,1,1,2,1,28,6,-1,-1,-1,-1,-1
201401EO40727,2,9,0,9,0,8,0,0,0,0,3,1,6,2,-1,-1,1360,1,8,-1,-1
201401EO40728,1,3,0,13,0,8,0,0,0,0,0,1,2,1,22,5,124,1,13,4,1
201401EO40728,2,9,0,9,0,5,0,0,0,0,0,1,6,3,-1,-1,-1,-1,-1,-1,-1
201401EO40729,1,9,0,18,0,2,0,0,0,0,1,1,6,1,50,8,698,1,8,1,1
201401EO40730,1,1,0,18,0,8,0,0,0,0,1,1,6,1,-1,-1,-1,-1,-1,4,1
201401EO40731,1,11,0,7,0,8,0,0,0,0,0,1,6,1,-1,-1,-1,-1,-1,-1,-1
201401EO40732,1,1,0,18,2,1,0,8,0,0,1,1,6,1,32,6,-1,-1,-1,2,1
201401EO40732,2,9,0,3,0,1,0,0,0,0,4,1,6,1,-1,-1,1797,8,4,-1,-1
201401EO40733,1,9,0,3,0,1,0,0,0,0,2,1,6,2,27,6,998,1,15,4,1
201401EO40733,2,9,0,18,0,1,0,0,0,0,1,1,6,1,-1,-1,1596,1,15,-1,-1
201401EO40736,1,9,0,3,0,8,0,0,0,0,2,1,2,1,53,8,-1,-1,-1,1,1
201401EO40736,2,9,0,5,0,8,0,0,0,0,1,1,6,1,51,8,-1,-1,-1,2,1
201401EO40737,1,9,0,4,0,5,0,0,0,0,3,1,6,2,31,6,1390,1,12,-1,1
201401EO40739,1,9,0,18,0,1,0,0,0,0,1,1,6,1,30,6,2979,1,12,5,1
201401EO40739,2,9,0,3,0,1,0,0,0,0,2,1,6,2,29,6,1968,2,-1,4,1
201401EO40740,1,1,0,18,4,0,0,0,0,0,1,1,6,2,42,7,-1,-1,-1,3,1
201401EO40740,2,19,0,18,0,0,0,0,0,0,4,1,6,3,-1,-1,1753,2,10,-1,-1
201401EO40741,1,9,0,4,0,8,0,0,0,0,2,1,6,2,34,6,1798,1,10,3,1
201401EO40741,2,9,0,18,0,8,0,0,0,0,1,1,6,1,-1,-1,1598,1,10,-1,-1
201401EO40742,1,9,0,9,0,6,0,0,0,0,1,1,6,1,28,6,1461,2,-1,2,1
201401EO40742,2,9,0,4,0,8,0,0,0,0,2,1,6,2,52,8,875,1,3,7,1
201401EO40743,1,5,0,9,0,6,0,0,0,0,1,1,6,1,39,7,599,1,12,1,1
201401EO40743,2,8,0,9,0,6,0,0,0,0,1,1,1,1,52,8,2402,2,11,8,1
201401EO40744,1,9,0,10,0,8,0,0,0,0,1,1,3,1,35,6,1798,8,2,1,1
201401EO40744,2,3,0,14,0,8,0,0,0,0,4,1,6,1,18,4,125,1,7,-1,-1
201401EO40745,1,9,0,18,0,8,0,0,0,0,4,1,6,2,27,6,1149,1,14,9,1
201401EO40746,1,19,0,18,0,1,0,0,0,0,1,1,1,1,46,8,-1,-1,-1,8,1
201401EO40746,2,9,0,3,0,1,0,0,0,0,2,1,6,1,28,6,1596,1,8,2,1
201401EO40747,1,9,0,5,0,8,0,0,0,0,1,1,1,1,45,7,1956,2,4,2,1
201401EO40747,2,1,0,5,0,8,0,0,0,0,2,1,6,1,58,9,-1,-1,-1,4,1
201401EO40748,1,3,0,18,0,1,1,0,0,0,4,1,6,1,50,8,124,1,-1,3,1
201401EO40749,1,21,0,5,0,1,0,0,0,0,3,1,1,1,46,8,11967,2,3,3,1
201401EO40750,1,19,0,9,0,8,0,0,0,0,4,1,6,1,30,6,-1,-1,-1,8,1
201401EO40750,2,1,0,18,0,8,0,0,0,0,1,1,6,1,42,7,-1,-1,-1,4,1
201401EO40752,1,1,0,7,0,8,0,0,0,0,1,1,6,2,28,6,-1,-1,-1,1,1
201401EO40752,2,1,0,18,0,8,0,0,0,0,4,1,6,2,28,6,-1,-1,-1,4,1
201401EO40753,1,9,0,18,0,8,0,0,0,0,1,1,6,1,27,6,1910,2,4,2,1
201401EO40753,2,9,0,18,0,8,0,0,0,0,3,1,6,1,20,4,2967,2,3,3,1
201401EO40754,1,9,0,18,0,2,0,0,0,0,1,1,6,2,39,7,1998,1,10,-1,1
201401EO40755,1,9,0,14,0,1,0,0,0,0,1,1,6,2,-1,-1,-1,-1,-1,-1,-1
201401EO40755,2,9,0,3,0,1,0,0,0,0,2,1,6,1,25,5,1797,8,5,1,1
201401EO40756,1,11,0,5,2,1,0,0,0,0,0,1,1,1,34,6,9360,2,2,1,1
201401EO40757,1,9,0,18,0,8,0,0,0,0,1,1,2,1,38,7,1598,1,11,-1,-1
201401EO40757,2,19,0,9,0,5,5,7,0,0,4,1,6,1,27,6,1968,2,6,-1,1
201401EO40758,1,1,0,9,0,5,0,0,0,0,4,1,2,1,26,6,-1,-1,-1,2,1
201401EO40758,2,3,0,18,0,8,0,0,0,0,1,1,6,1,24,5,124,1,3,1,1
201401EO40759,1,8,0,18,0,1,0,0,0,0,2,1,6,1,31,6,1797,8,4,6,1
201401EO40759,2,9,0,18,0,1,0,0,0,0,1,1,6,1,-1,-1,2261,1,7,-1,-1
201401EO40760,1,1,0,4,0,8,0,0,0,0,1,1,6,1,41,7,-1,-1,-1,7,1
201401EO40760,2,9,0,9,0,5,0,0,0,0,4,1,6,1,23,5,1390,1,-1,2,1
201401EO40761,1,9,0,18,0,8,0,0,0,0,1,1,6,1,18,4,1197,1,-1,1,1
201401EO40761,2,9,0,9,0,5,0,0,7,0,4,1,6,1,21,5,1587,1,14,3,1
201401EO40762,1,5,0,18,0,2,0,0,0,0,1,1,6,1,44,7,1250,1,12,6,1
201401EO40763,1,9,0,10,0,8,0,0,0,0,3,1,6,1,41,7,1968,2,5,5,1
201401EO40763,2,1,0,14,0,8,0,0,0,0,1,1,6,1,45,7,-1,-1,-1,2,1
201401EO40764,1,9,0,2,0,0,0,0,0,0,3,1,2,1,57,9,1991,2,6,6,1
201401EO40764,2,1,0,18,0,0,0,4,0,0,1,1,6,1,18,4,-1,-1,-1,3,1
201401EO40765,1,8,0,9,0,6,0,0,0,0,0,1,1,1,34,6,1797,8,3,7,1
201401EO40765,2,4,0,4,0,8,1,0,0,0,0,1,1,1,33,6,124,1,1,7,1
201401EO40766,1,8,0,10,0,1,0,0,0,0,2,1,1,1,40,7,1791,8,3,2,1
201401EO40766,2,9,0,4,0,1,0,0,0,0,1,1,6,1,-1,-1,1995,1,4,-1,-1
201401EO40767,1,9,0,18,0,8,0,0,0,0,4,1,1,1,30,6,1390,1,13,2,1
201401EO40767,2,1,0,18,0,8,0,0,0,0,1,1,6,1,-1,-1,-1,-1,-1,-1,-1
201401EO40768,1,3,0,4,0,8,0,0,0,0,0,1,6,1,31,6,124,1,3,2,1
201401EO40768,2,9,0,18,0,8,0,0,0,0,0,1,6,3,-1,-1,-1,-1,-1,-1,-1
201401EO40769,1,8,0,5,0,8,0,0,0,0,1,1,1,1,59,9,2499,2,5,4,1
201401EO40769,2,1,0,9,0,5,0,0,0,0,1,1,6,2,22,5,-1,-1,-1,-1,-1
201401EO40773,1,8,0,16,0,8,0,0,0,0,1,1,1,1,38,7,1997,2,-1,1,1
201401EO40773,2,9,0,9,0,8,0,0,0,0,1,1,2,2,43,7,1596,1,12,4,1
201401EO40774,1,1,0,18,2,1,0,0,0,0,2,1,6,1,32,6,-1,-1,-1,10,1
201401EO40774,2,8,0,13,0,1,0,0,0,0,1,1,6,1,-1,-1,2148,2,4,-1,-1
201401EO40775,1,3,0,18,0,1,0,0,0,0,1,1,1,1,26,6,125,1,-1,3,1
201401EO40775,2,9,0,3,0,1,0,0,0,0,2,1,1,2,25,5,2926,2,10,3,1
201401EO40777,1,9,0,5,0,8,0,0,0,0,4,1,6,1,-1,-1,1598,1,7,3,1
201401EO40777,2,1,0,15,0,8,0,0,0,0,1,1,6,1,31,6,-1,-1,-1,1,1
201401EO40778,1,1,0,9,0,5,0,0,0,0,3,1,2,1,30,6,-1,-1,-1,-1,-1
201401EO40778,2,9,0,9,0,5,0,0,0,0,4,1,6,1,-1,-1,1598,1,5,-1,-1
201401EO40780,1,9,0,9,0,5,0,0,0,0,4,1,1,1,69,10,1781,1,18,2,1
201401EO40780,2,3,0,5,0,8,0,0,0,0,1,1,6,1,23,5,124,1,7,3,1
201401EO40782,1,19,0,3,0,8,0,0,0,0,2,1,1,1,57,9,-1,-1,-1,-1,-1
201401EO40782,2,8,0,4,0,8,0,0,0,0,1,1,1,1,53,8,1997,2,1,7,1
201401EO40782,3,8,0,4,0,8,0,0,0,0,1,1,6,1,-1,-1,1997,2,-1,1,1
201401EO40783,1,21,0,4,0,8,0,0,0,0,1,1,1,1,54,8,4461,2,5,5,1
201401EO40783,2,9,0,3,0,8,1,0,0,0,2,1,1,1,31,6,2993,2,2,5,1
201401EO40785,1,2,0,18,2,8,0,0,0,0,1,1,1,1,22,5,-1,-1,-1,-1,-1
201401EO40785,2,9,0,9,0,5,0,0,0,0,4,1,6,1,38,7,2199,2,5,9,2
201401EO40786,1,9,0,9,0,8,0,0,0,0,1,1,6,1,25,5,1796,1,6,4,1
201401EO40786,2,1,0,18,0,8,0,0,0,0,1,1,6,2,31,6,-1,-1,-1,5,1
201401EO40787,1,9,0,9,0,5,0,0,0,0,4,1,6,1,40,7,1497,8,6,2,1
201401EO40787,2,3,0,18,2,8,0,0,0,0,1,1,6,1,20,4,124,1,3,2,1
201401EO40788,1,9,0,5,0,0,0,0,0,0,3,1,6,2,-1,-1,1968,2,6,-1,-1
201401EO40788,2,19,0,18,0,0,0,0,0,0,1,1,6,1,-1,-1,2143,2,-1,-1,-1
201401EO40789,1,9,5,18,0,8,0,0,0,0,0,1,6,1,28,6,-1,-1,-1,3,1
201401EO40792,1,3,0,18,0,2,0,0,0,0,1,1,6,1,41,7,-1,-1,-1,2,1
201401EO40792,2,9,0,9,0,2,0,0,0,0,3,1,6,2,-1,-1,-1,-1,-1,-1,-1
201401EO40793,1,9,0,5,0,8,0,0,0,0,1,1,6,1,23,5,1598,2,1,2,1
201401EO40793,2,3,0,5,0,8,0,0,0,0,1,1,1,1,19,4,108,1,6,1,1
201401EO40794,1,1,0,18,0,8,0,0,0,0,1,1,1,1,30,6,-1,-1,-1,3,1
201401EO40794,2,9,0,5,0,6,0,0,0,0,3,1,1,1,30,6,1598,2,1,3,1
201401EO40795,1,1,0,14,0,0,0,0,0,0,2,1,6,2,29,6,-1,-1,-1,-1,1
201401EO40795,2,9,0,18,0,0,0,0,0,0,1,1,6,3,-1,-1,-1,-1,-1,-1,-1
201401EO40796,1,11,0,4,2,8,0,0,0,0,0,1,1,1,58,9,6692,2,4,1,1
201401EO40796,2,9,0,13,2,8,0,0,0,0,0,1,6,3,-1,-1,-1,-1,-1,-1,-1
201401EO40797,1,3,0,18,0,2,0,0,0,0,1,1,6,1,38,7,1187,1,3,-1,1
201401EO40797,2,9,0,13,0,2,0,0,0,0,4,1,6,1,-1,-1,2993,2,5,3,1
201401EO40800,1,3,0,15,0,8,1,0,0,0,1,1,6,1,31,6,124,1,3,4,1
201401EO40800,2,9,0,9,0,5,0,0,0,0,4,1,6,1,44,7,1896,2,10,2,1
201401EO40801,1,9,0,9,0,8,0,0,0,0,4,1,6,1,26,6,1968,2,-1,2,1
201401EO40801,2,3,0,18,0,8,0,0,0,0,1,1,6,1,50,8,-1,-1,-1,2,1
201401EO40802,1,5,0,18,2,8,1,0,1,2,3,1,6,1,60,9,782,1,8,3,1
201401EO40802,2,9,0,7,0,5,0,0,0,0,4,1,6,1,-1,-1,1124,1,6,-1,-1
201401EO40804,1,11,0,5,0,1,0,0,0,0,0,1,1,2,40,7,4500,2,-1,2,1
201401EO40805,1,8,0,9,0,5,0,0,0,0,1,1,1,1,47,8,1997,2,5,3,1
201401EO40805,2,1,0,18,0,8,0,0,0,0,3,1,6,2,24,5,-1,-1,-1,-1,-1
201401EO40807,1,9,0,2,0,2,0,0,0,0,3,1,6,1,84,11,1598,1,7,6,1
201401EO40807,2,1,0,14,0,2,0,4,0,0,1,1,2,1,35,6,-1,-1,-1,4,1
201401EO40808,1,9,0,9,0,8,0,0,0,0,4,1,1,1,52,8,2143,2,-1,-1,1
201401EO40808,2,1,0,4,0,8,0,0,0,0,1,1,6,1,27,6,-1,-1,-1,2,1
201401EO40809,1,8,0,7,0,8,0,0,0,0,4,1,1,1,39,7,-1,-1,-1,-1,1
201401EO40809,2,1,0,5,0,8,0,0,0,0,3,1,2,1,32,6,-1,-1,-1,3,1
201401EO40810,1,3,0,18,0,8,0,0,0,0,1,1,6,1,-1,-1,-1,-1,-1,-1,-1
201401EO40811,1,9,0,16,0,6,0,4,0,0,1,1,6,1,33,6,1598,2,1,6,1
201401EO40811,2,9,0,17,0,6,0,0,0,0,1,1,6,2,41,7,1598,1,3,3,1
201401EO40811,3,9,0,2,0,8,0,0,0,0,2,1,6,3,-1,-1,1229,1,2,-1,-1
201401EO40811,4,9,0,2,0,8,0,0,0,0,2,1,6,3,-1,-1,1246,1,6,-1,-1
201401EO40812,1,9,0,9,0,5,0,0,0,0,1,1,1,1,27,6,-1,-1,-1,1,1
201401EO40812,2,1,0,18,0,8,0,0,0,0,3,1,6,1,26,6,-1,-1,-1,2,1
201401EO40814,1,8,0,5,0,0,0,0,0,0,1,1,1,1,44,7,1997,2,2,1,1
201401EO40814,2,3,0,18,0,0,0,0,0,0,1,1,6,1,17,4,124,1,8,2,1
201401EO40816,1,8,0,18,0,1,0,0,0,0,1,1,1,1,24,5,1968,2,2,2,1
201401EO40816,2,3,0,18,0,1,0,0,0,0,3,1,6,1,-1,-1,125,1,11,-1,-1
201401EO40817,1,2,0,14,0,8,0,0,0,0,1,1,2,1,36,7,49,1,-1,2,1
201401EO40817,2,9,0,7,0,8,0,0,0,0,3,1,6,1,-1,-1,-1,-1,-1,-1,-1
201401EO40819,1,9,0,9,0,5,0,0,0,0,1,1,2,1,62,9,1242,1,-1,2,1
201401EO40819,2,1,0,18,0,8,0,0,0,0,3,1,6,2,37,7,-1,-1,-1,2,1
201401EO40820,1,1,0,17,0,8,0,0,0,0,4,1,6,1,48,8,-1,-1,-1,-1,-1
201401EO40820,2,9,0,7,0,6,0,0,0,0,1,1,6,3,-1,-1,1396,1,4,-1,-1
201401EO40821,1,9,0,3,0,2,0,0,0,0,2,1,6,1,32,6,999,1,-1,2,1
201401EO40821,2,3,0,18,0,2,0,0,0,0,1,1,6,1,26,6,124,1,5,3,1
201401EO40822,1,3,0,18,0,8,0,0,0,0,0,1,6,1,22,5,-1,-1,-1,2,1
201401EO40822,2,9,0,6,0,8,0,0,0,0,0,1,6,1,44,7,1598,1,6,3,1
201401EO40823,1,9,0,3,0,1,0,0,0,0,2,1,3,1,48,8,1997,2,5,2,1
201401EO40823,2,9,0,18,0,1,0,0,0,0,1,1,6,1,-1,-1,2393,1,11,-1,-1
201401EO40824,1,3,0,14,0,8,1,0,0,0,4,1,2,1,30,6,124,1,4,4,1
201401EO40824,2,9,0,18,0,6,0,0,0,0,1,1,6,1,-1,-1,1997,2,3,-1,-1
201401EO40825,1,3,0,18,0,1,1,0,0,0,0,1,6,1,46,8,499,1,8,3,1
201401EO40827,1,9,0,1,0,0,0,0,0,0,3,1,6,1,34,6,2179,2,2,2,1
201401EO40827,2,9,0,5,0,0,0,0,0,0,4,1,6,1,33,6,1753,2,7,-1,-1
201401EO40828,1,19,0,1,0,8,0,0,0,0,2,1,6,1,49,8,-1,-1,-1,4,1
201401EO40830,1,9,0,18,0,0,0,0,0,0,1,1,6,1,35,6,1590,1,18,8,1
201401EO40831,1,11,0,3,0,0,0,0,0,0,0,1,1,1,56,9,-1,-1,-1,2,1
201401EO40832,1,4,0,3,0,8,0,0,0,0,1,1,6,1,48,8,125,1,5,5,1
201401EO40832,2,19,0,1,0,8,0,0,0,0,2,1,1,1,60,9,2198,2,2,4,1
201401EO40834,1,9,0,2,0,2,0,0,0,0,3,1,1,2,26,6,1781,1,12,-1,-1
201401EO40834,2,1,0,18,0,2,0,4,0,0,4,1,1,1,33,6,-1,-1,-1,3,1
201401EO40835,1,1,0,4,0,1,0,0,0,0,1,1,2,1,27,6,-1,-1,-1,9,1
201401EO40835,2,8,0,6,0,1,0,0,0,0,3,1,6,1,-1,-1,2148,2,6,-1,-1
201401EO40836,1,19,0,18,0,1,1,7,3,1,1,1,1,1,35,6,2402,2,7,2,1
201401EO40837,1,11,0,18,2,1,0,0,0,0,1,1,1,1,50,8,9360,2,4,2,1
201401EO40837,2,19,0,11,2,1,0,0,0,0,4,1,1,1,55,8,1248,2,3,-1,-1
201401EO40838,1,9,0,7,0,5,0,0,0,0,4,1,1,1,32,6,1997,2,3,3,1
201401EO40838,2,5,0,18,0,8,0,0,0,0,1,1,2,1,-1,-1,998,1,6,8,3
201401EO40839,1,8,0,9,0,5,0,7,0,0,4,1,1,1,47,8,2402,2,9,7,1
201401EO40840,1,3,0,18,0,8,0,0,0,0,0,1,2,1,29,6,124,1,3,4,1
201401EO40840,2,8,0,18,0,8,0,0,0,0,0,1,6,3,-1,-1,2143,2,1,-1,-1
201401EO40841,1,5,0,18,0,8,0,0,0,0,1,1,6,1,21,5,599,1,13,2,1
201401EO40841,2,19,0,9,0,8,0,0,0,0,4,1,6,1,24,5,1998,2,9,4,1
201401EO40842,1,19,0,13,0,8,0,0,0,0,4,1,1,1,-1,-1,3920,2,9,-1,-1
201401EO40842,2,1,0,18,0,8,0,0,1,0,3,1,2,2,50,8,-1,-1,-1,2,1
201401EO40843,1,9,0,18,0,0,0,0,0,0,4,1,6,1,56,9,3192,1,7,2,1
201401EO40843,2,8,0,2,0,0,0,0,0,0,3,1,1,1,57,9,1968,2,7,1,1
201401EO40843,3,9,0,2,0,0,1,0,1,1,2,1,6,3,-1,-1,1997,2,13,-1,-1
201401EO40843,4,19,0,2,0,0,0,0,0,0,2,1,6,3,-1,-1,2148,2,8,-1,-1
201401EO40844,1,3,0,4,2,0,0,0,0,0,0,1,6,1,27,6,125,1,1,1,1
201401EO40844,2,9,0,11,2,0,0,0,0,0,0,1,6,1,47,8,2179,2,2,1,1
201401EO40845,1,9,0,18,2,8,0,0,0,0,1,1,6,1,29,6,2996,1,5,2,1
201401EO40846,1,3,0,18,0,1,0,0,0,0,1,1,1,1,41,7,108,1,-1,4,1
201401EO40847,1,3,0,4,0,1,1,0,0,0,0,1,6,1,31,6,125,1,2,5,1
201401EO40847,2,9,0,12,0,1,0,0,0,0,0,1,6,3,-1,-1,-1,-1,-1,-1,-1
201401EO40848,1,9,0,5,0,0,0,0,0,0,3,1,6,2,39,7,1240,1,8,1,1
201401EO40848,2,3,0,18,0,0,0,0,0,0,1,1,2,1,16,4,-1,-1,-1,2,1
201401EO40850,1,3,0,3,0,1,0,0,0,0,2,1,1,1,25,5,124,1,5,-1,-1
201401EO40850,2,9,0,18,0,1,0,0,0,0,1,1,6,1,-1,-1,-1,-1,-1,-1,-1
201401EO40851,1,9,0,9,0,5,0,0,0,0,4,1,6,1,42,7,1968,2,8,4,1
201401EO40851,2,9,0,18,0,8,0,0,0,0,1,1,6,1,21,5,1998,1,12,1,1
201401EO40852,1,3,0,18,0,8,0,0,0,0,4,1,2,1,46,8,125,1,1,2,1
201401EO40852,2,9,0,18,0,8,0,0,0,0,3,1,6,1,-1,-1,2401,2,11,-1,-1
201401EO40853,1,1,0,18,0,1,0,0,0,0,1,1,1,1,23,5,-1,-1,-1,2,1
201401EO40853,2,9,0,9,0,1,0,0,0,0,3,1,6,3,-1,-1,-1,-1,-1,-1,-1
201401EO40854,1,9,0,5,0,2,0,0,0,0,1,1,6,1,-1,-1,5998,1,5,-1,-1
201401EO40855,1,1,0,18,0,1,0,0,0,0,3,1,2,1,38,7,-1,-1,-1,3,1
201401EO40855,2,9,0,18,0,2,0,0,0,0,3,1,6,1,-1,-1,-1,-1,-1,-1,-1
201401EO40856,1,3,0,18,0,0,0,0,0,0,0,1,6,2,23,5,114,1,-1,6,1
201401EO40857,1,3,0,3,0,8,0,0,0,0,2,1,6,1,39,7,125,1,9,-1,-1
201401EO40857,2,3,0,3,0,8,0,0,0,0,2,1,6,1,33,6,124,1,3,-1,-1
201401EO40857,3,20,0,1,0,6,0,0,0,0,1,1,6,1,-1,-1,2143,2,3,3,1
201401EO40858,1,19,0,3,0,1,0,0,0,0,2,1,1,1,63,9,-1,-1,-1,10,2
201401EO40858,2,2,0,4,0,1,0,0,0,0,1,1,6,1,18,4,124,1,10,3,1
201401EO40859,1,3,0,18,0,8,0,0,0,0,1,1,1,1,20,4,108,1,-1,3,1
201401EO40859,2,9,0,9,0,6,0,0,0,0,3,1,6,1,52,8,1900,2,15,-1,-1
201401EO40860,1,9,0,7,2,5,0,0,0,0,4,1,2,1,38,7,1598,1,2,8,1
201401EO40860,2,1,0,15,2,8,0,0,0,0,1,1,6,2,34,6,-1,-1,-1,1,1
201401EO40861,1,3,0,4,0,8,0,0,0,0,1,1,6,1,37,7,124,1,10,-1,1
201401EO40861,2,8,0,6,0,8,0,0,0,0,3,1,6,1,54,8,-1,-1,-1,2,1
201401EO40862,1,4,0,18,0,8,0,0,0,0,1,1,2,1,40,7,349,1,10,2,1
201401EO40862,2,9,0,9,0,5,0,0,0,0,4,1,2,2,25,5,1598,1,7,1,1
201401EO40863,1,9,0,18,2,0,0,0,0,0,1,1,6,2,-1,-1,1242,1,12,-1,-1
201401EO40864,1,3,0,13,0,0,0,0,0,0,2,1,6,1,-1,-1,124,1,7,4,1
201401EO40864,2,9,0,4,0,0,0,0,0,0,3,1,6,1,22,5,-1,-1,-1,-1,-1