Accident_Index,Vehicle_Reference,Vehicle_Type,Towing_and_Articulation,Vehicle_Manoeuvre,Vehicle_Location-Restricted_Lane,Junction_Location,Skidding_and_Overturning,Hit_Object_in_Carriageway,Vehicle_Leaving_Carriageway,Hit_Object_off_Carriageway,1st_Point_of_Impact,Was_Vehicle_Left_Hand_Drive?,Journey_Purpose_of_Driver,Sex_of_Driver,Age_of_Driver,Age_Band_of_Driver,Engine_Capacity_(CC),Propulsion_Code,Age_of_Vehicle,Driver_IMD_Decile,Driver_Home_Area_Type
201401EO40865,1,3,0,13,0,1,0,0,0,0,2,1,1,1,-1,-1,108,1,2,1,1
201401EO40865,2,11,0,5,0,1,0,0,0,0,1,1,6,1,-1,-1,-1,-1,-1,-1,-1
201401EO40866,1,19,0,9,0,6,0,0,0,0,1,1,6,1,-1,-1,1248,2,9,-1,-1
201401EO40867,1,1,0,14,0,1,0,0,0,0,1,1,2,2,37,7,-1,-1,-1,2,1
201401EO40867,2,9,0,3,0,1,0,0,0,0,3,1,6,2,-1,-1,-1,-1,-1,-1,-1
201401EO40868,1,19,0,7,0,8,0,0,0,0,4,1,1,1,41,7,2460,2,7,5,1
201401EO40868,2,1,0,15,0,8,0,0,0,0,1,1,6,1,34,6,-1,-1,-1,4,1
201401EO40869,1,8,0,18,0,8,0,0,0,0,1,1,1,1,33,6,1798,8,1,9,2
201401EO40869,2,1,0,18,0,8,0,0,0,0,2,1,6,1,41,7,-1,-1,-1,3,1
201401EO40870,1,9,0,4,0,8,1,0,0,0,1,1,1,1,46,8,1998,2,8,6,1
201401EO40872,1,21,0,7,0,8,0,0,0,0,4,1,1,1,29,6,7146,2,7,1,1
201401EO40872,2,1,0,18,0,8,0,0,0,0,3,1,6,2,-1,-1,-1,-1,-1,-1,-1
201401EO40873,1,19,0,9,0,5,0,0,0,0,4,1,6,1,45,7,-1,-1,-1,4,1
201401EO40873,2,1,0,15,0,8,0,0,0,0,1,1,6,1,24,5,-1,-1,-1,-1,1
201401EO40874,1,2,0,18,2,8,0,0,0,0,1,1,6,1,43,7,330,1,-1,8,1
201401EO40874,2,9,0,9,0,5,0,0,0,0,4,1,6,2,27,6,2171,1,13,2,1
201401EO40875,1,1,0,18,0,8,0,0,0,0,0,1,2,2,29,6,-1,-1,-1,2,1
201401EO40875,2,9,0,18,0,8,0,0,0,0,0,1,6,1,-1,-1,-1,-1,-1,-1,-1
201401EO40876,1,11,0,15,0,2,0,0,1,2,4,1,1,1,33,6,4760,2,3,2,1
201401EO40877,1,11,0,4,0,0,0,0,0,0,0,1,1,3,-1,-1,-1,-1,-1,-1,-1
201401EO40878,1,8,0,2,0,8,0,8,0,0,3,1,1,1,54,8,1997,2,2,-1,-1
201401EO40878,2,1,0,14,0,8,0,0,0,0,1,1,6,2,29,6,-1,-1,-1,-1,-1
201401EO40879,1,9,0,2,0,0,0,0,0,0,3,1,6,1,43,7,1998,1,13,-1,-1
201401EO40879,2,1,0,18,0,0,1,0,0,0,1,1,6,1,-1,-1,-1,-1,-1,-1,-1
201401EO40880,1,9,0,18,0,8,0,0,0,0,4,1,6,1,29,6,1798,1,8,4,1
201401EO40880,2,2,0,15,0,8,0,0,0,0,3,1,6,1,-1,-1,-1,-1,-1,-1,-1
201401EO40881,1,1,0,18,0,0,0,0,0,0,3,1,6,1,67,10,-1,-1,-1,3,1
201401EO40882,1,19,0,9,0,5,0,0,0,0,4,1,1,1,36,7,1560,2,5,6,1
201401EO40882,2,3,0,18,2,8,0,0,0,0,1,1,1,1,36,7,125,1,-1,4,1
201401EO40885,1,4,0,18,0,8,1,0,0,0,4,1,1,1,51,8,499,1,18,2,1
201401EO40885,2,9,0,5,0,8,0,0,0,0,3,1,2,1,44,7,1598,1,11,8,2
201401EO40886,1,19,0,9,0,6,0,0,0,0,1,1,1,1,67,10,1248,2,7,9,1
201401EO40886,2,5,0,15,0,8,0,0,0,0,4,1,6,1,53,8,599,1,4,1,1
201401EO40887,1,9,0,2,0,2,0,0,0,0,4,1,6,2,27,6,1598,1,5,4,1
201401EO40887,2,19,0,18,0,1,0,4,0,0,4,1,6,3,-1,-1,2188,2,11,-1,-1
201401EO40889,1,9,0,9,0,5,0,0,0,0,3,1,6,1,31,6,-1,-1,-1,2,1
201401EO40889,2,5,0,13,0,8,0,0,0,0,1,1,1,1,43,7,-1,-1,-1,-1,-1
201401EO40891,1,9,0,10,0,1,0,0,0,0,2,1,6,1,28,6,1248,1,5,2,1
201401EO40891,2,9,0,18,0,1,0,0,0,0,1,1,6,1,33,6,1596,1,7,1,1
201401EO40892,1,3,0,9,0,5,0,0,0,0,1,1,6,1,25,5,125,1,2,2,1
201401EO40892,2,9,0,9,0,6,0,0,0,0,1,1,6,1,-1,-1,1598,2,3,9,1
201401EO40893,1,1,0,18,0,2,0,0,0,0,1,1,6,1,46,8,-1,-1,-1,3,1
201401EO40894,1,9,0,1,0,8,0,0,0,0,2,1,1,1,20,4,1995,2,14,5,1
201401EO40895,1,19,0,5,0,0,0,0,0,0,1,1,6,1,-1,-1,2402,2,11,-1,-1
201401EO40897,1,4,0,18,0,2,0,0,0,0,0,1,6,1,31,6,600,1,1,-1,-1
201401EO40898,1,21,0,18,0,2,0,0,0,0,4,1,1,3,-1,-1,-1,-1,-1,-1,-1
201401EO40901,1,1,0,15,0,8,0,0,0,0,1,1,1,2,28,6,-1,-1,-1,-1,1
201401EO40901,2,9,0,18,0,8,0,0,0,0,4,1,6,1,-1,-1,4398,1,15,9,3
201401EO40902,1,1,0,18,0,0,0,0,7,2,4,1,6,1,24,5,-1,-1,-1,3,1
201401EO40903,1,9,0,18,0,2,0,0,0,0,4,1,6,3,-1,-1,-1,-1,-1,-1,-1
201401EO40904,1,9,0,18,0,8,0,0,0,0,1,1,6,2,66,10,1598,1,1,2,1
201401EO40904,2,9,0,9,0,8,0,0,0,0,3,1,6,1,-1,-1,1597,1,6,-1,-1
201401EO40905,1,19,0,3,0,2,0,0,0,0,2,1,6,1,-1,-1,1560,2,-1,2,1
201401EO40905,2,9,0,3,0,2,0,0,0,0,2,1,2,1,38,7,-1,-1,-1,-1,-1
201401EO40905,3,9,0,4,0,2,0,0,0,0,1,1,2,1,26,6,1560,2,7,2,1
201401EO40906,1,19,0,18,0,8,0,0,0,0,4,1,1,1,36,7,1560,2,-1,-1,-1
201401EO40906,2,1,0,15,0,8,0,0,0,0,3,1,6,2,23,5,-1,-1,-1,3,1
201401EO40908,1,1,0,18,0,8,0,0,0,0,3,1,2,1,30,6,-1,-1,-1,1,1
201401EO40908,2,8,0,18,0,8,0,0,0,0,1,1,1,1,-1,-1,1497,8,8,1,1
201401EO40909,1,9,0,18,0,0,0,0,0,0,3,1,6,3,-1,-1,1998,1,7,-1,-1
201401EO40914,1,1,0,18,0,0,0,10,1,0,0,1,6,1,30,6,-1,-1,-1,3,1
201401EO40914,2,9,0,18,0,0,0,0,0,0,1,1,6,1,-1,-1,-1,-1,-1,-1,-1
201401EO40915,1,1,0,9,0,8,0,0,0,0,0,1,2,2,30,6,-1,-1,-1,5,1
201401EO40915,2,3,0,18,0,8,0,0,0,0,0,1,6,3,-1,-1,-1,-1,-1,-1,-1
201401EO40916,1,11,0,18,0,1,0,0,0,0,0,1,1,1,49,8,-1,-1,-1,1,1
201401EO40917,1,4,0,16,0,1,0,0,0,0,1,1,1,1,53,8,599,1,10,4,1
201401EO40917,2,9,0,9,0,1,0,0,0,0,3,1,6,1,79,11,1997,1,5,2,1
201401EO40918,1,9,0,9,0,8,0,0,0,0,3,1,6,1,45,7,-1,-1,-1,7,1
201401EO40918,2,3,0,13,0,8,0,0,0,0,1,1,6,1,25,5,125,1,11,2,1
201401EO40919,1,9,0,3,0,2,0,0,0,0,2,1,6,1,47,8,1896,2,12,4,1
201401EO40919,2,19,0,4,0,2,0,0,0,0,1,1,6,1,-1,-1,1968,2,7,-1,-1
201401EO40920,1,3,0,3,0,1,0,0,0,0,2,1,6,2,29,6,-1,-1,-1,-1,-1
201401EO40920,2,9,0,4,0,1,0,0,0,0,1,1,6,1,-1,-1,1798,8,1,-1,-1
201401EO40921,1,1,0,18,2,1,0,0,0,0,1,1,6,1,45,7,-1,-1,-1,1,1
201401EO40922,1,1,0,18,0,1,0,0,0,0,1,1,6,1,-1,-1,-1,-1,-1,3,1
201401EO40923,1,9,0,9,0,8,0,0,0,0,3,1,6,1,78,11,-1,-1,-1,5,1
201401EO40923,2,1,0,3,0,8,0,0,0,0,1,1,6,1,-1,-1,-1,-1,-1,1,1
201401EO40924,1,1,0,18,2,0,0,4,0,0,1,1,2,1,42,7,-1,-1,-1,2,1
201401EO40924,2,9,0,2,2,0,0,0,0,0,2,1,6,3,-1,-1,2656,1,11,-1,-1
201401EO40925,1,1,0,18,0,1,0,0,0,0,1,1,2,1,28,6,-1,-1,-1,3,1
201401EO40925,2,9,0,3,0,1,0,0,0,0,2,1,6,1,39,7,1997,2,4,2,1
201401EO40926,1,11,0,7,0,6,0,0,0,0,1,1,1,1,47,8,4500,2,6,5,1
201401EO40927,1,3,0,18,0,8,0,0,0,0,1,1,6,2,35,6,124,1,1,1,1
201401EO40927,2,19,0,7,0,8,0,0,0,0,3,1,1,1,20,4,1560,2,2,3,1
201401EO40928,1,9,0,9,0,8,0,0,0,0,3,1,6,1,46,8,1560,2,8,1,1
201401EO40928,2,1,0,18,0,8,0,0,0,0,1,1,6,2,25,5,-1,-1,-1,3,1
201401EO40929,1,5,0,14,0,8,0,0,0,0,1,1,6,1,36,7,599,1,11,2,1
201401EO40929,2,9,0,9,0,8,0,0,0,0,3,1,6,1,59,9,2987,2,-1,10,1
201401EO40930,1,3,0,18,0,8,0,0,0,0,3,1,6,1,20,4,124,1,-1,-1,-1
201401EO40930,2,9,0,18,0,8,0,0,0,0,1,1,6,1,-1,-1,1600,1,10,-1,-1
201401EO40931,1,11,0,4,0,0,0,0,0,0,0,1,1,1,53,8,4461,2,-1,1,1
201401EO40932,1,1,0,18,0,8,0,0,0,0,2,1,6,1,36,7,-1,-1,-1,2,1
201401EO40932,2,9,0,13,0,8,0,0,0,0,1,1,6,1,-1,-1,-1,-1,-1,-1,-1
201401EO40933,1,11,0,2,0,0,0,0,0,0,0,1,1,1,25,5,4760,2,2,6,1
201401EO40934,1,9,0,3,0,0,0,0,0,0,2,1,6,2,25,5,1229,1,2,7,1
201401EO40934,2,1,0,14,0,0,0,0,0,0,1,1,6,1,29,6,-1,-1,-1,2,1
201401EO40935,1,8,0,6,0,1,0,0,0,0,3,1,1,1,34,6,1497,8,10,2,1
201401EO40935,2,1,0,18,0,2,0,0,0,0,1,1,6,1,-1,-1,-1,-1,-1,1,1
201401EO40936,1,20,0,1,0,8,0,4,0,0,2,1,1,1,31,6,-1,-1,-1,-1,1
201401EO40936,2,11,0,2,0,8,0,0,0,0,3,1,1,1,37,7,4760,2,5,-1,-1
201401EO40937,1,3,0,18,0,0,0,0,0,0,4,1,6,1,24,5,125,1,8,1,1
201401EO40939,1,3,0,14,0,0,0,0,0,0,0,1,6,1,-1,-1,-1,-1,-1,2,1
201401EO40943,1,3,0,18,0,0,0,0,0,0,4,1,1,1,40,7,125,1,2,2,1
201401EO40943,2,9,0,5,0,0,0,0,0,0,3,1,6,1,32,6,1339,1,5,3,1
201401EO40944,1,5,0,4,0,8,1,0,0,0,0,1,1,1,31,6,998,1,11,-1,1
201401EO40944,2,9,0,9,0,5,0,0,0,0,0,1,6,3,-1,-1,-1,-1,-1,-1,-1
201401EO40945,1,1,0,9,0,8,0,0,0,0,4,1,6,1,32,6,-1,-1,-1,1,1
201401EO40945,2,8,0,18,0,8,0,0,0,0,1,1,6,1,-1,-1,1910,2,5,1,1
201401EO40947,1,11,0,5,0,8,0,0,0,0,0,1,1,1,31,6,4500,2,2,2,1
201401EO40948,1,4,0,18,0,8,0,0,0,0,1,1,6,3,-1,-1,-1,-1,-1,-1,-1
201401EO40949,1,8,0,3,0,0,0,0,0,0,4,1,1,1,56,9,1997,2,-1,3,1
201401EO40949,2,1,0,18,0,0,0,0,0,0,3,1,6,2,28,6,-1,-1,-1,-1,1
201401EO40950,1,1,0,18,0,8,0,0,0,0,2,1,2,1,30,6,-1,-1,-1,2,1
201401EO40950,2,8,0,5,0,8,0,0,0,0,3,1,6,1,-1,-1,-1,-1,-1,-1,-1
201401EO49001,1,8,0,9,0,8,0,0,0,0,4,1,1,1,56,9,1956,2,5,5,1
201401EO49003,1,8,0,7,0,8,0,0,0,0,1,1,1,1,44,7,1686,2,4,2,1
201401EO49003,2,1,0,7,0,8,0,0,0,0,2,1,6,2,48,8,-1,-1,-1,3,1
201401EO49004,1,9,0,9,0,5,0,0,0,0,4,1,6,2,26,6,1197,1,-1,1,1
201401EO49004,2,4,0,18,2,8,0,0,0,0,1,1,6,1,31,6,125,1,10,-1,-1
201401EO49005,1,9,0,6,0,0,0,4,0,0,1,1,6,1,43,7,1968,2,3,-1,1
201401EO49005,2,8,0,18,0,0,0,0,0,0,3,1,1,1,66,10,2499,2,1,6,3
201401EO49005,3,9,0,2,0,0,0,0,0,0,3,1,6,1,37,7,1997,2,1,3,1
201401EO49006,1,1,0,13,0,8,0,0,0,0,4,1,6,1,-1,-1,-1,-1,-1,-1,-1
201401EO49006,2,19,0,9,0,8,0,0,0,0,3,1,6,1,-1,-1,-1,-1,-1,-1,-1
201401EO49007,1,3,0,4,0,0,0,0,0,0,4,1,6,2,30,6,124,1,5,-1,1
201401EO49008,1,1,0,7,0,8,0,0,0,0,0,1,6,1,30,6,-1,-1,-1,9,1
201401EO49009,1,9,0,9,0,8,0,0,0,0,3,1,6,1,32,6,2926,2,12,3,1
201401EO49009,2,3,0,13,0,8,0,0,0,0,4,1,6,1,33,6,108,1,6,4,1
201401EO49011,1,11,0,4,0,8,0,0,0,0,0,1,1,1,27,6,9360,2,2,2,1
201401EO49011,2,8,0,4,0,8,0,0,0,0,0,1,6,1,-1,-1,1798,8,-1,-1,1
201401EO49014,1,3,0,18,0,1,0,0,0,0,1,1,6,1,21,5,-1,-1,-1,1,1
201401EO49014,2,9,0,9,0,1,0,0,0,0,3,1,6,3,-1,-1,1598,1,9,-1,-1
201401EO49015,1,5,0,9,0,8,0,0,0,0,1,1,6,1,61,9,-1,-1,-1,2,1
201401EO49015,2,9,0,7,0,8,0,0,0,0,1,1,6,2,43,7,1598,1,12,4,1
201401EO49018,1,9,0,3,0,1,0,0,0,0,2,1,6,2,26,6,1598,1,9,-1,-1
201401EO49018,2,9,0,18,0,1,0,0,0,0,1,1,6,1,-1,-1,1497,8,7,6,1
201401EO49019,1,9,0,7,0,1,0,0,0,0,4,1,1,1,31,6,-1,-1,-1,-1,-1
201401EO49019,2,3,0,18,2,1,0,0,0,0,1,1,1,1,39,7,108,1,-1,6,1
201401EO49020,1,19,0,3,0,1,0,0,0,0,2,1,1,1,36,7,2287,2,1,2,1
201401EO49020,2,9,0,18,0,1,0,0,0,0,1,1,6,3,-1,-1,1968,2,4,-1,-1
201401EO49022,1,8,0,4,0,1,0,0,0,0,1,1,1,1,44,7,1798,8,2,1,1
201401EO49024,1,19,0,18,0,1,0,0,0,0,1,1,6,1,29,6,1753,2,6,3,1
201401EO49024,2,9,0,5,0,1,0,0,0,0,2,1,6,2,40,7,1560,2,2,3,1
201401EO49024,3,9,0,5,0,1,0,0,0,0,2,1,6,2,51,8,1198,1,10,8,1
201401EO49025,1,3,0,3,2,2,0,0,0,0,3,1,6,2,29,6,-1,-1,-1,3,1
201401EO49025,2,19,0,5,0,2,0,0,0,0,4,1,6,3,-1,-1,-1,-1,-1,-1,-1
201401EO49026,1,3,0,18,0,1,0,0,0,0,0,1,6,1,-1,-1,124,1,14,2,1
201401EO49026,2,9,0,7,0,2,0,0,0,0,0,1,6,1,-1,-1,-1,-1,-1,-1,-1
201401EO49027,1,9,0,2,0,1,0,0,0,0,1,1,6,2,20,4,1995,1,13,6,1
201401EO49027,2,9,0,1,0,1,0,0,0,0,2,1,6,1,-1,-1,1497,8,9,-1,-1
201401EO49028,1,9,0,7,0,5,0,0,0,0,1,1,6,1,61,9,1999,1,9,1,1
201401EO49029,1,1,0,18,0,2,1,0,0,0,1,1,2,1,32,6,-1,-1,-1,-1,-1
201401EO49029,2,19,0,6,0,2,0,0,0,0,3,1,1,1,-1,-1,1896,2,4,-1,-1
201401EO49030,1,9,0,18,0,1,0,0,0,0,1,1,6,1,27,6,-1,-1,-1,10,1
201401EO49030,2,9,0,18,0,1,0,0,0,0,2,1,6,2,39,7,1995,2,-1,6,1
201401EO49030,3,9,0,18,0,1,0,0,0,0,2,1,6,1,-1,-1,-1,-1,-1,5,1
201401EO49033,1,9,0,5,9,8,0,0,0,0,3,1,1,1,36,7,1868,2,13,2,1
201401EO49033,2,1,0,18,9,8,0,0,0,0,1,1,6,1,16,4,-1,-1,-1,-1,-1
201401EO49034,1,9,0,18,0,1,0,0,0,0,1,1,6,1,29,6,1422,1,8,9,1
201401EO49034,2,9,0,3,0,1,0,0,0,0,2,1,6,1,32,6,1896,2,12,6,1
201401EO49034,3,9,0,3,0,1,0,0,0,0,2,1,6,2,34,6,1598,2,2,1,1
201401EO49038,1,9,0,9,0,1,0,0,0,0,4,1,1,1,42,7,1339,8,2,-1,-1
201401EO49038,2,1,0,15,0,1,0,0,0,0,1,1,2,1,44,7,-1,-1,-1,3,1
201401EO49039,1,8,0,15,2,2,0,0,0,0,1,1,6,3,-1,-1,-1,-1,-1,-1,-1
201401EO49046,1,1,0,18,0,2,0,0,0,0,3,1,6,2,24,5,-1,-1,-1,1,1
201401EO49046,2,9,0,13,0,2,0,0,0,0,4,1,6,1,30,6,1995,2,4,-1,-1
201401EO49047,1,9,0,18,0,0,0,0,0,0,1,1,6,2,-1,-1,1796,1,6,-1,-1
201401EO49048,1,3,0,13,0,1,0,0,0,0,4,1,6,1,18,4,-1,-1,-1,-1,-1
201401EO49048,2,9,0,9,0,1,0,0,0,0,3,1,6,2,-1,-1,1998,1,8,-1,-1
201401EO49051,1,3,0,4,0,1,0,0,0,0,2,1,1,1,23,5,49,1,8,2,1
201401EO49051,2,11,0,18,0,1,1,0,0,0,1,1,1,1,57,9,9360,2,4,3,1
201401EO49052,1,11,0,7,0,1,0,0,0,0,0,1,1,2,31,6,9360,2,2,6,1
201401EO49054,1,1,0,18,0,1,0,0,0,0,3,1,6,2,32,6,-1,-1,-1,2,1
201401EO49054,2,9,0,13,0,1,0,0,0,0,4,1,6,3,-1,-1,-1,-1,-1,-1,-1
201401EO49055,1,9,0,18,0,1,0,7,1,4,1,1,6,2,44,7,1998,1,8,6,1
201401EO49068,1,9,0,7,0,1,0,0,0,0,2,1,6,1,47,8,1461,2,4,2,1
201401EO49068,2,90,0,18,2,1,0,0,0,0,1,1,1,1,30,6,7142,2,7,6,1
201401EO49092,1,8,0,9,0,8,0,0,0,0,4,1,1,1,48,8,2499,2,7,3,1
201401EO49092,2,3,0,18,0,8,0,0,0,0,1,1,6,1,35,6,125,1,3,-1,1
201401EO49122,1,3,0,14,0,1,0,0,0,0,1,1,2,1,23,5,-1,-1,-1,2,1
201401EO49122,2,9,0,9,0,1,0,0,0,0,3,1,6,2,27,6,-1,-1,-1,-1,1
201401EO49147,1,11,0,18,0,1,0,0,0,0,0,1,1,1,61,9,4461,2,-1,10,1
201401EO49148,1,9,0,18,0,8,0,0,0,0,0,1,6,1,57,9,1762,1,14,7,1
201401EO49148,2,9,0,18,0,8,0,0,0,0,1,1,6,1,40,7,-1,-1,-1,3,1
201401FH10003,1,9,0,18,0,8,0,0,0,0,2,1,6,1,42,7,1497,8,9,8,1
201401FH10003,2,9,0,18,0,8,0,0,0,0,1,2,6,3,-1,-1,-1,-1,-1,-1,-1
201401FH10004,1,9,0,7,0,8,0,0,0,0,1,1,6,2,46,8,1997,2,7,3,1
201401FH10005,1,9,0,10,0,8,0,0,0,0,2,1,6,1,51,8,1560,2,1,5,1
201401FH10005,2,9,0,10,0,8,0,0,0,0,2,1,6,1,63,9,1590,1,15,3,1
201401FH10005,3,9,0,18,0,1,0,0,0,0,1,1,6,1,39,7,2979,1,8,4,1
201401FH10006,1,9,0,6,0,8,0,0,0,0,3,1,6,1,20,4,1124,1,13,6,1
201401FH10006,2,9,0,18,0,8,0,0,0,0,1,1,6,1,28,6,1598,2,3,7,1
201401FH10009,1,9,0,4,0,8,0,0,0,0,2,1,6,2,52,8,1998,1,16,5,1
201401FH10009,2,9,0,4,0,8,0,0,0,0,1,1,6,2,38,7,998,1,13,3,1
201401FH10010,1,9,0,9,0,8,0,0,0,0,1,1,6,2,48,8,2687,1,7,7,3
201401FH10011,1,9,0,18,0,0,0,0,0,0,1,1,6,2,48,8,1984,1,5,2,1
201401FH10011,2,19,0,3,0,0,0,0,0,0,2,1,1,1,57,9,1896,2,8,9,1
201401FH10011,3,9,0,3,0,0,0,0,0,0,2,1,6,1,48,8,2967,1,14,4,1
201401FH10012,1,3,0,18,0,8,0,0,0,0,1,1,1,1,24,5,125,1,6,3,1
201401FH10013,1,9,0,18,0,0,0,0,0,0,3,1,6,2,21,5,1390,1,13,4,1
201401FH10014,1,9,0,1,0,8,0,0,0,0,2,1,6,1,47,8,2902,2,6,5,1
201401FH10015,1,3,0,18,0,1,0,0,0,0,1,1,6,1,31,6,124,1,5,2,1
201401FH10016,1,3,0,18,0,0,0,0,0,0,3,1,1,1,20,4,125,1,3,3,1
201401FH10016,2,9,0,18,0,0,0,0,0,0,4,1,6,3,-1,-1,-1,-1,-1,-1,-1
201401FH10017,1,9,0,18,0,0,0,0,0,0,4,1,6,2,53,8,1339,1,6,5,1
201401FH10017,2,20,0,2,0,0,0,0,0,0,0,1,1,3,-1,-1,-1,-1,-1,-1,-1
201401FH10018,1,3,0,18,0,8,0,0,0,0,1,1,6,1,25,5,124,1,4,3,1
201401FH10018,2,19,0,9,0,8,0,0,0,0,1,1,1,1,32,6,2798,2,10,10,1
201401FH10021,1,9,0,16,0,2,0,0,0,0,1,1,6,1,38,7,1560,2,6,2,1
201401FH10021,2,9,0,17,0,1,0,0,0,0,1,1,6,1,63,9,1560,2,1,3,1
201401FH10022,1,8,0,9,0,8,0,0,0,0,4,1,1,1,45,7,2148,2,4,9,1
201401FH10022,2,1,0,18,0,8,0,0,0,0,1,1,6,1,28,6,-1,-1,-1,9,3
201401FH10024,1,8,0,9,0,8,0,0,0,0,4,1,1,1,48,8,1910,2,5,5,1
201401FH10024,2,1,0,15,0,8,0,0,0,0,1,1,6,1,45,7,-1,-1,-1,9,1
201401FH10025,1,9,0,7,0,8,0,0,0,0,1,1,6,2,29,6,1598,1,6,-1,-1
201401FH10027,1,9,0,9,0,8,0,0,0,0,1,1,6,2,23,5,1199,2,3,4,1
201401FH10027,2,3,0,18,0,8,0,0,0,0,1,1,6,1,22,5,125,1,6,5,1
201401FH10028,1,9,0,18,0,8,0,0,0,0,3,1,6,1,30,6,1560,2,1,2,1
201401FH10028,2,8,0,18,0,8,0,0,0,0,4,1,1,1,-1,-1,2499,2,2,-1,-1
201401FH10029,1,9,0,9,0,8,0,10,1,0,1,1,6,1,-1,-1,-1,-1,-1,-1,-1
201401FH10030,1,8,0,9,0,8,0,10,3,10,1,1,1,1,34,6,1598,1,8,5,1
201401FH10031,1,8,0,4,0,0,0,0,0,0,2,1,1,1,41,7,1997,2,3,2,1
201401FH10031,2,20,0,18,0,0,0,0,0,0,1,1,1,1,30,6,3920,2,10,6,2
201401FH10032,1,3,0,18,0,1,0,0,0,0,1,1,6,1,26,6,108,1,2,2,1
201401FH10032,2,9,0,9,0,8,0,0,0,0,3,1,6,1,39,7,4966,1,9,5,1
201401FH10033,1,9,0,4,0,0,0,0,0,0,2,1,6,2,26,6,1998,2,9,10,1
201401FH10033,2,9,0,5,0,0,0,0,0,0,1,1,6,1,54,8,-1,-1,-1,4,1
201401FH10034,1,9,0,9,0,8,0,0,0,0,1,1,6,2,49,8,-1,-1,-1,7,1
201401FH10034,2,3,0,18,0,8,0,0,0,0,1,1,6,1,27,6,124,1,7,-1,-1
201401FH10035,1,3,0,4,0,0,0,0,0,0,4,1,2,1,29,6,-1,-1,-1,3,1
201401FH10035,2,19,0,11,0,0,0,0,0,0,0,1,1,3,-1,-1,-1,-1,-1,-1,-1
201401FH10036,1,1,0,18,0,8,0,0,0,0,1,1,6,1,21,5,-1,-1,-1,3,1
201401FH10036,2,5,0,9,0,8,0,0,0,0,1,1,2,1,45,7,800,1,1,8,2
201401FH10038,1,9,0,6,0,0,0,0,0,0,3,1,6,1,54,8,2231,2,8,2,1
201401FH10038,2,3,0,18,0,0,0,0,0,0,1,1,6,1,27,6,125,1,4,2,1
201401FH10039,1,9,0,18,0,0,0,0,0,0,4,1,6,1,45,7,-1,-1,-1,4,1
201401FH10039,2,3,0,13,0,0,0,0,0,0,3,1,6,1,26,6,-1,-1,-1,3,1
201401FH10040,1,5,0,14,0,8,0,0,0,0,1,1,6,1,24,5,670,1,2,2,1
201401FH10041,1,1,0,18,0,8,0,0,0,0,1,1,2,1,52,8,-1,-1,-1,10,1
201401FH10041,2,19,0,7,0,8,0,0,0,0,0,1,1,3,-1,-1,-1,-1,-1,-1,-1
201401FH10043,1,19,0,17,0,2,0,0,0,0,1,1,1,1,46,8,2148,2,4,4,1
201401FH10044,1,19,0,5,0,0,0,0,0,0,4,1,1,1,42,7,2143,2,1,7,1
201401FH10044,2,1,0,15,0,0,0,0,0,0,3,1,6,1,29,6,-1,-1,-1,6,1
201401FH10045,1,9,0,1,0,8,0,0,0,0,2,1,6,1,61,9,1390,1,13,4,1
201401FH10045,2,1,0,18,0,8,0,0,0,0,1,1,6,2,22,5,-1,-1,-1,5,1
201401FH10046,1,9,0,18,0,0,0,0,0,0,1,1,1,1,-1,-1,-1,-1,-1,-1,-1
201401FH10047,1,9,0,18,0,8,0,0,0,0,1,1,6,2,39,7,1598,1,10,5,1
201401FH10047,2,9,0,7,0,8,0,0,0,0,2,1,6,1,26,6,1364,1,9,7,1
201401FH10048,1,9,0,9,0,8,0,0,0,0,4,1,1,1,33,6,1968,2,3,6,1
201401FH10048,2,1,0,14,0,8,0,0,0,0,1,1,6,1,47,8,-1,-1,-1,7,1
201401FH10049,1,9,0,18,0,1,0,0,0,0,4,1,6,2,29,6,2171,1,13,9,1
201401FH10049,2,9,0,4,0,1,0,0,0,0,3,1,6,1,45,7,3311,8,8,7,1
201401FH10050,1,1,0,18,0,8,0,0,0,0,1,1,6,1,32,6,-1,-1,-1,4,1
201401FH10050,2,9,0,9,0,8,0,0,0,0,1,1,6,1,-1,-1,1587,1,15,3,1
201401FH10051,1,9,0,18,0,1,0,0,0,0,1,1,6,3,-1,-1,-1,-1,-1,-1,-1
201401FH10052,1,3,0,9,0,8,0,0,0,0,4,1,6,1,23,5,-1,-1,-1,2,1
201401FH10052,2,9,0,18,0,8,0,0,0,0,1,1,6,2,23,5,1199,1,14,2,1
201401FH10053,1,9,0,18,0,8,0,0,0,0,4,1,6,2,65,9,1796,1,15,2,1
201401FH10053,2,9,0,18,0,8,0,0,0,0,1,1,1,1,31,6,-1,-1,-1,3,1
201401FH10054,1,9,0,18,0,1,0,0,0,0,1,1,6,3,-1,-1,2979,1,13,-1,-1
201401FH10055,1,9,0,3,0,1,0,0,0,0,4,1,6,2,50,8,1910,2,4,3,1
201401FH10055,2,9,0,15,0,1,0,0,0,0,3,1,6,1,-1,-1,1598,1,6,-1,-1
201401FH10056,1,3,0,10,0,1,0,0,0,0,4,1,6,1,48,8,49,1,6,3,1
201401FH10056,2,9,0,18,0,1,0,0,0,0,3,1,6,3,-1,-1,-1,-1,-1,-1,-1
201401FH10057,1,9,0,10,0,1,0,0,0,0,2,1,6,1,26,6,-1,-1,-1,6,3
201401FH10057,2,9,0,18,0,1,0,0,0,0,1,1,6,3,-1,-1,-1,-1,-1,-1,-1
201401FH10058,1,5,0,18,0,0,0,0,0,0,1,1,6,1,60,9,599,1,9,4,1
201401FH10059,1,9,0,9,0,8,0,0,0,0,1,1,6,1,28,6,1388,1,5,2,1
201401FH10059,2,1,0,18,0,8,0,0,0,0,1,1,6,2,30,6,-1,-1,-1,7,1
201401FH10060,1,9,0,18,0,8,0,0,0,0,1,1,6,3,-1,-1,-1,-1,-1,-1,-1
201401FH10061,1,9,0,3,0,1,0,0,0,0,2,1,1,1,62,9,1398,1,1,1,1
201401FH10061,2,9,0,18,0,1,0,0,0,0,1,1,6,2,-1,-1,1596,1,2,-1,-1