Accident_Index,Vehicle_Reference,Vehicle_Type,Towing_and_Articulation,Vehicle_Manoeuvre,Vehicle_Location-Restricted_Lane,Junction_Location,Skidding_and_Overturning,Hit_Object_in_Carriageway,Vehicle_Leaving_Carriageway,Hit_Object_off_Carriageway,1st_Point_of_Impact,Was_Vehicle_Left_Hand_Drive?,Journey_Purpose_of_Driver,Sex_of_Driver,Age_of_Driver,Age_Band_of_Driver,Engine_Capacity_(CC),Propulsion_Code,Age_of_Vehicle,Driver_IMD_Decile,Driver_Home_Area_Type
201401FH10062,1,5,0,18,0,1,0,10,7,0,1,1,6,1,32,6,599,1,12,8,1
201401FH10063,1,9,0,4,0,1,0,0,0,0,1,1,6,1,70,10,1753,2,11,7,1
201401FH10063,2,9,0,1,0,8,0,0,0,0,2,1,6,3,-1,-1,-1,-1,-1,-1,-1
201401FH10064,1,11,0,18,0,0,0,0,0,0,1,1,1,1,47,8,6700,2,6,1,1
201401FH10064,2,19,0,12,0,0,0,0,0,0,2,1,1,1,34,6,2402,2,4,5,1
201401FH10065,1,9,0,18,0,8,0,0,0,0,2,1,6,1,42,7,1248,2,10,2,1
201401FH10065,2,9,0,9,0,8,0,0,0,0,1,1,6,2,65,9,1599,1,11,10,3
201401FH10066,1,4,0,13,0,5,0,0,0,0,1,1,1,1,21,5,-1,-1,-1,-1,-1
201401FH10066,2,9,0,9,0,1,0,0,0,0,3,1,6,2,21,5,1598,1,4,3,1
201401FH10067,1,9,0,18,0,2,0,0,0,0,2,1,6,1,23,5,1560,2,5,2,1
201401FH10067,2,9,0,18,0,2,0,0,0,0,1,1,6,3,-1,-1,2497,1,11,-1,-1
201401FH10069,1,3,0,18,0,8,0,0,0,0,1,1,1,1,22,5,125,1,6,3,1
201401FH10069,2,9,0,9,0,8,0,0,0,0,1,1,6,1,-1,-1,1560,2,9,-1,-1
201401FH10070,1,8,0,3,0,1,0,0,0,0,4,1,1,1,52,8,1997,2,2,4,1
201401FH10070,2,1,0,15,0,1,0,0,0,0,1,1,6,1,39,7,-1,-1,-1,5,1
201401FH10071,1,9,0,14,0,1,0,0,0,0,4,1,6,1,56,9,1386,1,7,4,1
201401FH10071,2,11,0,5,0,1,0,0,0,0,3,1,1,1,31,6,9360,2,2,3,1
201401FH10072,1,9,0,18,0,8,0,0,0,0,1,1,6,2,63,9,1400,2,7,4,1
201401FH10072,2,9,0,7,0,8,0,0,0,0,1,1,6,2,29,6,3436,1,5,4,1
201401FH10073,1,9,0,18,0,8,0,0,0,0,4,1,6,2,37,7,1390,1,18,5,1
201401FH10073,2,3,0,18,0,8,0,0,0,0,1,1,6,1,19,4,-1,-1,-1,4,1
201401FH10075,1,9,0,3,0,1,0,0,0,0,2,1,6,1,53,8,-1,-1,-1,8,1
201401FH10075,2,9,0,4,0,1,0,0,0,0,2,1,6,1,37,7,1999,1,4,5,3
201401FH10075,3,19,0,18,0,1,0,0,0,0,1,1,6,1,30,6,2198,2,1,4,1
201401FH10076,1,3,0,18,0,8,0,0,0,0,4,1,6,1,28,6,-1,-1,-1,3,1
201401FH10077,1,9,0,9,0,8,0,0,0,0,4,1,6,2,43,7,2993,2,6,2,1
201401FH10077,2,1,0,15,4,8,0,0,0,0,1,1,6,1,-1,-1,-1,-1,-1,5,1
201401FH10078,1,19,0,6,0,0,0,0,0,0,3,1,1,1,27,6,2287,2,3,-1,-1
201401FH10078,2,3,0,13,0,0,0,0,0,0,1,1,1,1,49,8,124,1,3,2,1
201401FH10079,1,9,0,9,0,2,0,0,0,0,1,1,6,1,46,8,1587,1,15,5,1
201401FH10081,1,1,0,18,0,8,0,0,0,0,4,1,6,1,44,7,-1,-1,-1,6,1
201401FH10081,2,9,0,18,0,8,0,0,0,0,1,1,6,3,-1,-1,-1,-1,-1,-1,-1
201401FH10082,1,9,0,16,0,1,0,0,0,0,3,1,6,2,18,4,1242,1,4,9,2
201401FH10082,2,9,0,16,0,1,0,0,0,0,4,1,6,1,36,7,1461,2,3,3,1
201401FH10083,1,9,0,18,0,0,0,0,0,0,2,1,6,2,37,7,2492,1,15,6,1
201401FH10083,2,9,0,18,0,0,0,0,0,0,1,1,6,1,-1,-1,1242,1,1,1,1
201401FH10084,1,3,0,13,0,8,0,0,0,0,1,1,1,1,23,5,125,1,4,2,1
201401FH10084,2,8,0,9,0,8,0,0,0,0,3,1,1,1,42,7,1997,2,4,3,1
201401FH10085,1,11,0,4,0,1,0,0,0,0,0,1,1,1,57,9,9000,2,3,-1,-1
201401FH10087,1,5,0,4,0,8,0,0,0,0,1,1,6,1,59,9,1261,1,7,4,1
201401FH10087,2,19,0,4,0,8,0,0,0,0,2,1,1,1,34,6,-1,-1,-1,2,1
201401FH10088,1,1,0,16,0,8,0,8,0,0,1,1,6,1,42,7,-1,-1,-1,2,1
201401FH10088,2,9,0,2,0,8,0,0,0,0,3,1,6,2,50,8,1598,1,14,3,1
201401FH10089,1,3,0,16,0,0,0,0,0,0,1,1,6,2,25,5,124,1,1,6,1
201401FH10090,1,9,0,9,0,8,0,0,0,0,4,1,6,1,27,6,1242,1,1,8,1
201401FH10090,2,3,0,15,0,8,0,0,1,0,3,1,6,1,47,8,102,1,7,2,1
201401FH10091,1,9,0,8,0,8,0,0,0,0,1,1,6,1,53,8,1498,1,4,10,3
201401FH10091,2,9,0,18,0,8,0,0,0,0,1,1,6,2,49,8,1997,1,7,5,1
201401FH10092,1,1,0,18,0,8,0,0,0,0,4,1,6,1,59,9,-1,-1,-1,9,1
201401FH10092,2,9,0,7,0,8,0,0,0,0,1,1,6,1,-1,-1,1149,1,11,-1,-1
201401FH10093,1,9,0,18,0,0,2,4,0,0,1,1,6,2,33,6,1900,2,8,4,1
201401FH10093,2,8,0,2,0,0,0,4,0,0,2,1,1,1,65,9,1797,8,5,4,1
201401FH10093,3,11,0,18,0,0,0,0,0,0,4,1,1,2,49,8,12900,2,5,9,2
201401FH10093,4,9,0,2,0,0,0,4,0,0,2,1,6,1,31,6,2204,2,9,2,1
201401FH10093,5,9,0,2,0,0,0,0,0,0,2,1,6,1,21,5,1388,1,8,2,1
201401FH10094,1,9,0,18,0,8,0,0,0,0,3,1,6,2,24,5,1991,2,5,4,1
201401FH10095,1,9,0,7,0,0,0,0,0,0,4,1,6,1,41,7,1896,2,15,2,1
201401FH10095,2,3,0,18,0,0,0,0,0,0,1,1,6,1,20,4,124,1,12,1,1
201401FH10096,1,9,0,18,0,0,0,0,0,0,4,1,6,1,-1,-1,-1,-1,-1,-1,-1
201401FH10097,1,3,0,13,0,1,0,0,0,0,1,1,1,1,29,6,125,1,3,1,1
201401FH10097,2,9,0,9,0,1,0,0,0,0,3,1,6,1,42,7,-1,-1,-1,-1,1
201401FH10098,1,11,0,17,0,8,0,0,0,0,0,1,1,1,26,6,9360,2,2,8,1
201401FH10099,1,9,0,18,0,8,0,0,0,0,1,1,6,1,21,5,-1,-1,-1,4,1
201401FH10100,1,3,0,13,0,8,0,0,0,0,4,1,1,1,20,4,125,1,8,2,1
201401FH10100,2,9,0,12,0,8,0,0,0,0,3,1,6,1,-1,-1,-1,-1,-1,-1,-1
201401FH10101,1,9,0,16,0,8,0,0,0,0,2,1,6,1,51,8,2902,2,8,1,1
201401FH10101,2,9,0,18,0,8,0,0,0,0,1,1,6,1,24,5,2979,1,6,-1,1
201401FH10102,1,9,0,18,0,8,0,0,0,0,1,1,6,3,-1,-1,-1,-1,-1,-1,-1
201401FH10106,1,9,0,18,0,0,0,4,0,0,4,1,1,2,24,5,998,1,3,4,1
201401FH10106,2,9,0,2,0,0,0,0,0,0,3,1,1,1,50,8,-1,-1,-1,5,1
201401FH10107,1,9,0,18,0,8,0,0,0,0,3,1,6,1,43,7,1598,2,-1,8,1
201401FH10107,2,1,0,18,0,8,0,0,0,0,4,1,6,1,25,5,-1,-1,-1,8,1
201401FH10108,1,21,0,18,0,1,0,0,0,0,4,1,1,1,32,6,4461,2,6,5,1
201401FH10109,1,9,0,3,0,0,0,0,0,0,2,1,6,2,39,7,1794,1,12,6,1
201401FH10109,2,8,0,18,0,0,0,0,0,0,1,1,1,1,-1,-1,1995,2,4,-1,-1
201401FH10110,1,9,0,9,0,8,0,0,0,0,1,1,6,1,31,6,1999,1,10,3,1
201401FH10110,2,9,0,9,0,8,0,0,0,0,1,1,6,1,56,9,1896,2,6,7,1
201401FH10111,1,9,0,6,0,8,0,0,0,0,3,1,6,2,25,5,1598,1,4,2,1
201401FH10111,2,5,0,18,0,8,0,0,0,0,1,1,6,1,44,7,781,1,16,3,1
201401FH10112,1,3,0,18,0,0,0,0,0,0,1,1,6,1,30,6,124,1,9,6,1
201401FH10112,2,9,0,18,0,0,0,0,0,0,2,1,6,3,-1,-1,-1,-1,-1,-1,-1
201401FH10113,1,9,0,2,0,0,0,0,0,0,3,1,6,2,49,8,1781,1,13,4,1
201401FH10113,2,1,0,18,0,0,0,0,0,0,1,1,6,1,41,7,-1,-1,-1,7,1
201401FH10115,1,9,0,18,0,0,0,0,0,0,1,1,6,3,-1,-1,-1,-1,-1,-1,-1
201401FH10116,1,2,0,18,0,2,0,0,0,0,1,1,6,2,42,7,49,1,7,-1,1
201401FH10117,1,9,0,4,0,1,0,0,0,0,2,1,6,1,33,6,995,1,9,3,1
201401FH10117,2,9,0,4,0,8,0,0,0,0,2,1,6,1,26,6,1395,1,-1,3,1
201401FH10117,3,9,0,18,0,1,0,0,0,0,1,1,6,1,-1,-1,1598,1,9,3,1
201401FH10118,1,1,0,18,4,8,0,0,0,0,3,1,6,1,39,7,-1,-1,-1,3,1
201401FH10118,2,9,0,7,0,8,0,0,0,0,4,1,6,1,-1,-1,5461,1,7,-1,-1
201401FH10120,1,11,0,1,0,8,0,0,0,0,2,1,6,1,49,8,-1,-1,-1,2,1
201401FH10121,1,3,0,18,0,8,0,0,0,0,1,1,2,1,-1,-1,-1,-1,-1,-1,-1
201401FH10121,2,9,0,7,0,8,0,0,0,0,4,1,6,2,28,6,1895,1,13,5,1
201401FH10122,1,9,0,9,0,8,0,0,0,0,1,1,6,1,50,8,1596,1,7,2,1
201401FH10122,2,5,0,18,0,8,0,0,0,0,3,1,6,1,52,8,782,1,10,4,1
201401FH10123,1,11,0,9,0,8,0,0,0,0,1,1,6,1,56,9,4500,2,4,6,1
201401FH10124,1,3,0,18,0,1,0,0,0,0,4,1,6,1,24,5,125,1,7,2,1
201401FH10124,2,9,0,11,0,1,0,0,0,0,3,1,6,1,-1,-1,1390,1,11,-1,-1
201401FH10125,1,3,0,18,0,2,0,0,0,0,1,1,6,1,-1,-1,-1,-1,-1,-1,-1
201401FH10126,1,9,0,9,0,8,0,0,0,0,4,1,6,1,31,6,1229,1,-1,4,1
201401FH10126,2,3,0,18,0,8,0,0,0,0,1,1,6,1,45,7,124,1,9,6,1
201401FH10127,1,9,0,18,0,8,0,0,0,0,2,1,6,1,46,8,1598,2,2,4,1
201401FH10127,2,3,0,18,0,8,0,0,0,0,1,1,6,1,65,9,124,1,13,7,1
201401FH10128,1,8,0,9,0,8,0,0,0,0,1,1,1,1,56,9,1997,2,2,1,1
201401FH10128,2,5,0,18,0,8,0,0,0,0,3,1,6,1,50,8,1507,1,9,6,1
201401FH10129,1,9,0,9,0,8,0,0,0,0,1,1,6,1,27,6,1995,1,9,5,1
201401FH10130,1,19,0,18,0,8,0,0,0,0,1,1,1,1,-1,-1,-1,-1,-1,-1,-1
201401FH10131,1,9,0,10,0,8,0,0,0,0,2,1,6,2,41,7,1598,1,10,1,1
201401FH10131,2,9,0,9,0,8,0,0,0,0,1,1,6,1,45,7,1968,2,3,7,1
201401FH10132,1,9,0,18,0,0,0,0,0,0,1,1,6,1,48,8,1461,2,5,3,1
201401FH10133,1,3,0,18,0,8,0,0,0,0,1,1,6,1,51,8,125,1,2,3,1
201401FH10136,1,9,0,18,0,2,0,0,0,0,1,1,6,2,66,10,2171,1,12,6,1
201401FH10136,2,1,0,18,0,8,0,0,0,0,3,1,6,1,16,4,-1,-1,-1,8,1
201401FH10137,1,9,0,17,0,2,0,0,0,0,1,1,6,1,-1,-1,-1,-1,-1,-1,-1
201401FH10138,1,3,0,18,0,0,0,0,0,0,4,1,6,1,52,8,124,1,4,3,1
201401FH10138,2,9,4,18,0,0,0,0,0,0,3,1,6,1,-1,-1,-1,-1,-1,-1,-1
201401FH10139,1,1,0,18,4,0,0,8,0,0,1,1,6,2,24,5,-1,-1,-1,4,1
201401FH10139,2,9,0,2,0,0,0,0,0,0,3,1,6,1,-1,-1,-1,-1,-1,-1,-1
201401FH10140,1,11,0,5,0,1,0,0,0,0,4,1,6,1,-1,-1,-1,-1,-1,-1,-1
201401FH10141,1,3,0,12,0,1,0,0,0,0,1,1,1,1,30,6,125,1,3,7,1
201401FH10141,2,8,0,18,0,8,0,0,0,0,4,1,1,1,-1,-1,2499,2,2,-1,-1
201401FH10143,1,8,0,18,0,8,0,0,0,0,3,1,1,1,58,9,1910,2,4,3,1
201401FH10143,2,1,0,18,0,8,0,0,1,0,4,1,6,1,50,8,-1,-1,-1,-1,-1
201401FH10144,1,3,0,4,0,8,1,0,1,0,0,1,1,1,23,5,124,1,1,8,1
201401FH10144,2,8,0,9,0,8,0,0,0,0,0,1,1,1,-1,-1,1997,2,3,6,1
201401FH10145,1,1,0,4,2,0,0,0,0,0,1,1,6,1,31,6,-1,-1,-1,5,1
201401FH10146,1,9,0,18,0,0,0,0,0,0,1,1,6,2,24,5,1560,2,7,3,1
201401FH10148,1,11,0,9,0,8,0,0,1,0,2,1,1,1,57,9,6700,2,5,-1,-1
201401FH10148,2,1,0,18,0,8,0,0,0,0,1,1,2,1,52,8,-1,-1,-1,6,1
201401FH10149,1,1,0,15,0,8,0,0,0,0,1,1,6,1,38,7,-1,-1,-1,5,1
201401FH10149,2,9,0,7,0,8,0,0,0,0,4,1,1,1,29,6,-1,-1,-1,2,1
201401FH10150,1,1,0,14,0,8,0,0,0,0,1,1,6,1,24,5,-1,-1,-1,5,1
201401FH10150,2,9,0,9,0,8,0,0,0,0,1,1,6,1,79,11,1582,2,5,8,1
201401FH10151,1,8,0,12,0,0,0,0,0,0,3,1,1,1,33,6,-1,-1,-1,4,1
201401FH10151,2,5,0,18,0,0,0,0,0,0,4,1,6,1,42,7,796,1,4,5,1
201401FH10152,1,3,0,18,0,0,0,4,0,0,1,1,6,1,27,6,102,1,9,2,1
201401FH10152,2,3,0,2,0,0,0,4,0,0,2,1,6,1,50,8,124,1,7,2,1
201401FH10152,3,9,0,2,0,0,0,0,0,0,2,1,6,1,37,7,1198,1,10,2,1
201401FH10153,1,21,0,3,0,8,0,0,0,0,4,1,1,1,55,8,9200,2,2,5,1
201401FH10153,2,9,0,3,0,8,0,0,1,0,3,1,6,2,20,4,1198,1,9,3,1
201401FH10153,3,9,0,3,0,8,0,0,1,0,0,1,1,1,47,8,1968,2,2,3,1
201401FH10154,1,9,0,2,0,2,0,0,0,0,4,1,6,2,32,6,1679,1,13,-1,-1
201401FH10154,2,11,0,18,0,1,0,8,0,0,4,1,6,1,40,7,6700,2,2,2,1
201401FH10155,1,9,0,9,0,1,0,0,0,0,1,1,6,2,35,6,1956,2,1,2,1
201401FH10155,2,9,0,9,0,1,0,0,0,0,1,1,6,1,22,5,1388,1,11,5,1
201401FH10156,1,1,0,12,2,8,0,0,0,0,2,1,6,1,24,5,-1,-1,-1,4,1
201401FH10156,2,8,0,18,0,8,0,0,1,0,1,1,6,1,42,7,1910,2,5,6,1
201401FH10157,1,9,0,2,0,0,0,0,0,0,3,1,6,1,42,7,2993,2,3,2,1
201401FH10157,2,1,0,18,0,0,0,8,0,0,1,1,6,2,63,9,-1,-1,-1,5,1
201401FH10159,1,11,0,5,0,8,0,0,0,0,1,1,1,1,63,9,7300,2,9,2,1
201401FH10160,1,9,4,11,0,0,0,0,1,0,4,1,6,1,-1,-1,2993,2,5,-1,-1
201401FH10160,2,1,0,18,0,0,0,0,0,0,1,1,6,1,38,7,-1,-1,-1,7,1
201401FH10162,1,3,0,18,0,0,0,0,1,0,1,1,6,1,23,5,125,1,9,-1,1
201401FH10163,1,9,0,18,0,0,0,0,0,0,2,1,6,1,29,6,1790,1,6,2,1
201401FH10163,2,9,0,18,0,0,0,0,0,0,1,1,6,1,38,7,2985,2,9,7,1
201401FH10165,1,8,0,6,0,0,0,0,0,0,3,1,6,3,-1,-1,-1,-1,-1,-1,-1
201401FH10165,2,1,0,18,0,0,0,0,0,0,1,1,4,1,13,3,-1,-1,-1,7,1
201401FH10166,1,1,0,18,0,8,0,0,0,0,3,1,4,1,41,7,-1,-1,-1,7,1
201401FH10166,2,19,0,7,0,8,0,0,0,0,4,1,6,3,-1,-1,-1,-1,-1,-1,-1
201401FH10168,1,9,0,9,0,8,0,0,0,0,4,1,6,1,24,5,1591,1,4,4,1
201401FH10168,2,1,0,9,0,8,0,0,0,0,1,1,6,1,45,7,-1,-1,-1,-1,-1
201401FH10169,1,19,0,9,0,8,0,0,0,0,4,1,1,1,25,5,1968,2,1,-1,-1
201401FH10169,2,1,0,16,0,8,0,0,0,0,1,1,6,1,29,6,-1,-1,-1,2,1
201401FH10170,1,9,0,17,0,8,0,0,0,0,1,1,6,1,53,8,1598,1,1,4,1
201401FH10171,1,1,0,18,0,8,0,0,0,0,3,1,6,1,19,4,-1,-1,-1,3,1
201401FH10171,2,9,0,9,0,8,0,0,0,0,1,1,6,1,-1,-1,1596,1,6,-1,-1
201401FH10172,1,9,0,18,0,8,0,0,0,0,4,1,6,3,-1,-1,-1,-1,-1,-1,-1
201401FH10173,1,9,0,9,0,8,0,0,1,0,4,1,4,1,45,7,-1,-1,-1,4,1
201401FH10174,1,9,0,4,0,8,0,0,0,0,1,1,6,2,54,8,1560,2,2,9,1
201401FH10175,1,5,0,18,0,2,0,0,0,0,1,1,6,1,24,5,-1,-1,-1,6,1
201401FH10175,2,9,0,9,0,2,0,0,0,0,1,1,6,1,44,7,1596,1,26,3,1
201401FH10176,1,1,0,18,0,8,0,0,0,0,1,1,6,1,26,6,-1,-1,-1,-1,-1
201401FH10176,2,9,0,7,0,8,0,0,0,0,4,1,6,3,-1,-1,-1,-1,-1,-1,-1
201401FH10177,1,9,0,9,0,8,0,0,0,0,1,1,6,1,36,7,1796,1,14,-1,-1
201401FH10177,2,3,0,16,0,8,0,0,0,0,1,1,6,1,37,7,124,1,5,-1,-1
201401FH10178,1,8,0,18,0,8,0,0,0,0,1,1,6,1,38,7,2148,2,7,5,1
201401FH10179,1,3,0,17,0,8,0,0,0,0,1,1,6,2,52,8,-1,-1,-1,3,1
201401FH10179,2,9,0,18,0,8,0,0,0,0,1,1,6,1,-1,-1,-1,-1,-1,-1,-1
201401FH10180,1,3,0,18,0,8,0,0,0,0,4,1,6,1,36,7,-1,-1,-1,4,1
201401FH10180,2,9,0,12,0,8,0,0,0,0,3,1,6,2,32,6,999,1,1,4,1
201401FH10181,1,9,0,7,0,8,0,0,0,0,4,1,6,1,36,7,1995,2,1,3,1
201401FH10181,2,3,0,7,0,8,0,0,0,0,3,1,6,1,61,9,-1,-1,-1,7,1
201401FH10182,1,9,0,7,0,8,0,0,0,0,3,1,6,2,42,7,1339,1,8,6,1
201401FH10182,2,3,0,1,0,8,0,0,0,0,2,1,6,1,21,5,125,1,11,4,1
201401FH10183,1,1,0,18,0,8,0,0,0,0,1,1,6,1,43,7,-1,-1,-1,6,1
201401FH10183,2,8,0,7,0,8,0,0,0,0,4,1,1,1,45,7,2987,2,7,5,1
201401FH10184,1,1,0,18,0,8,0,0,0,0,2,1,6,2,66,10,-1,-1,-1,4,1
201401FH10184,2,9,0,7,0,8,0,0,0,0,4,1,6,1,-1,-1,1995,2,5,9,1
201401FH10186,1,1,0,17,0,8,0,0,0,0,4,1,6,1,26,6,-1,-1,-1,8,1
201401FH10186,2,5,0,17,0,8,0,0,0,0,3,1,6,1,-1,-1,-1,-1,-1,-1,-1
201401FH10187,1,9,0,18,0,8,0,0,0,0,1,1,6,2,41,7,1984,1,7,3,1
201401FH10187,2,2,0,9,0,8,0,0,0,0,1,1,6,1,26,6,49,1,12,3,1
201401FH10188,1,9,0,9,0,8,0,0,0,0,1,1,6,1,56,9,2497,1,12,5,1
201401FH10188,2,1,0,18,0,8,0,0,0,0,1,1,6,1,29,6,-1,-1,-1,9,1
201401FH10190,1,5,0,14,0,8,0,0,0,0,1,1,6,1,23,5,599,1,15,9,1
201401FH10190,2,19,0,9,0,8,0,0,0,0,1,1,1,1,30,6,2198,2,1,3,1
201401FH10191,1,19,0,12,0,8,0,0,0,0,3,1,1,1,24,5,2143,2,-1,-1,1
201401FH10191,2,20,0,18,0,8,0,0,0,0,4,1,1,1,28,6,6370,2,7,4,1
201401FH10192,1,1,0,18,0,8,0,0,0,0,1,1,6,1,20,4,-1,-1,-1,5,1
201401FH10192,2,3,0,18,0,8,0,0,0,0,1,1,6,1,29,6,124,1,1,3,1
201401FH10193,1,9,0,13,0,0,0,0,0,0,4,1,6,2,49,8,1598,1,1,4,1
201401FH10193,2,3,0,18,0,0,0,0,0,0,3,1,6,1,37,7,108,1,5,3,1
201401FH10194,1,9,0,4,0,8,0,0,0,0,2,1,6,2,46,8,998,1,1,6,1
201401FH10194,2,9,0,18,0,8,0,0,0,0,1,1,6,2,18,4,1149,1,10,8,3
201401FH10195,1,9,0,4,0,8,0,0,0,0,2,1,6,1,75,10,-1,-1,-1,7,1
201401FH10195,2,9,0,18,0,8,0,0,0,0,1,1,6,2,23,5,1360,1,9,3,1
201401FH10195,3,9,0,9,0,8,0,0,0,0,0,1,1,1,-1,-1,-1,-1,-1,-1,-1
201401FH10196,1,8,0,9,0,8,0,0,0,0,4,1,6,1,34,6,1797,8,4,3,1
201401FH10196,2,1,0,18,0,8,0,0,0,0,1,1,6,1,25,5,-1,-1,-1,6,1
201401FH10197,1,9,0,6,0,8,0,0,0,0,1,1,6,2,22,5,1896,2,9,1,1
201401FH10197,2,1,0,18,0,8,0,0,0,0,1,1,6,1,40,7,-1,-1,-1,4,1
201401FH10198,1,9,0,13,0,0,0,0,0,0,1,1,6,1,28,6,1896,2,13,7,1
201401FH10198,2,8,0,6,0,0,0,0,0,0,3,1,6,1,30,6,1997,2,2,7,1
201401FH10199,1,19,0,6,0,8,0,0,0,0,2,1,1,1,38,7,2143,2,4,8,1
201401FH10199,2,3,0,18,0,8,0,0,0,0,1,1,6,1,28,6,124,1,8,6,1
201401FH10200,1,9,0,18,0,0,0,0,0,0,0,1,6,1,41,7,2435,1,13,4,1
201401FH10201,1,20,0,9,0,8,0,0,0,0,3,1,6,1,50,8,-1,-1,-1,-1,-1
201401FH10201,2,1,0,18,0,8,0,0,0,0,1,1,6,2,21,5,-1,-1,-1,2,1
201401FH10202,1,11,0,2,0,1,0,0,0,0,0,1,1,1,-1,-1,4500,2,4,5,1
201401FH10203,1,1,0,18,0,8,0,0,0,0,1,1,6,1,23,5,-1,-1,-1,-1,-1
201401FH10203,2,3,0,9,0,8,0,0,0,0,1,1,6,1,28,6,125,1,4,4,1
201401FH10204,1,5,0,14,0,8,0,0,0,0,1,1,6,1,43,7,656,1,6,4,1
201401FH10204,2,9,0,9,0,8,0,0,0,0,3,1,6,2,-1,-1,1596,1,7,2,1
201401FH10205,1,9,0,9,0,8,0,0,0,0,1,1,6,1,36,7,1598,1,6,3,1
201401FH10206,1,9,0,7,0,8,0,0,0,0,4,1,6,2,25,5,1388,1,12,2,1
201401FH10206,2,11,0,5,2,8,0,0,0,0,3,1,1,1,29,6,9000,2,3,3,1
201401FH10207,1,9,0,18,0,1,0,0,0,0,0,1,6,1,39,7,1956,2,2,2,1
201401FH10208,1,19,0,12,0,0,0,0,0,0,3,1,1,1,24,5,1998,2,9,4,1
201401FH10208,2,19,0,18,0,0,0,0,0,0,4,1,1,1,27,6,-1,-1,-1,4,1
201401FH10210,1,19,0,18,0,1,0,0,0,0,3,1,1,1,34,6,2198,2,1,5,1
201401FH10210,2,3,0,13,0,1,0,0,0,0,4,1,6,1,42,7,124,1,4,3,1
201401FH10211,1,9,0,14,0,0,0,0,0,0,3,1,6,1,34,6,2499,2,12,6,1
201401FH10211,2,3,0,18,0,0,0,0,0,0,4,1,6,1,48,8,125,1,1,-1,1
201401FH10212,1,9,0,9,0,8,0,0,0,0,1,1,6,1,41,7,-1,-1,-1,3,1
201401FH10213,1,9,0,3,0,8,0,0,0,0,1,1,6,2,45,7,3199,1,14,3,1
201401FH10213,2,3,0,18,0,8,0,0,0,0,1,1,6,1,-1,-1,-1,-1,-1,4,1
201401FH10215,1,9,0,2,0,1,0,0,0,0,3,1,6,1,-1,-1,1995,2,3,9,1
201401FH10215,2,1,0,18,0,8,0,8,0,0,1,1,6,1,32,6,-1,-1,-1,3,1
201401FH10216,1,1,0,18,0,1,0,8,0,0,1,1,6,1,39,7,-1,-1,-1,3,1
201401FH10216,2,9,0,2,0,1,0,0,0,0,3,1,6,1,35,6,2979,1,11,4,1
201401FH10217,1,8,0,9,0,8,0,0,0,0,1,1,1,1,49,8,1797,8,3,5,1
201401FH10217,2,3,0,18,0,8,0,0,0,0,3,1,6,1,43,7,125,1,6,8,1
201401FH10218,1,11,0,14,0,8,0,0,0,0,1,1,1,1,39,7,9360,2,2,3,1
201401FH10218,2,1,0,12,0,8,0,0,0,0,2,1,6,1,21,5,-1,-1,-1,2,1
201401FH10219,1,1,0,18,4,8,0,0,0,0,1,1,6,2,35,6,-1,-1,-1,3,1
201401FH10219,2,9,0,9,0,8,0,0,0,0,0,1,1,1,-1,-1,1398,1,4,-1,-1
201401FH10220,1,1,0,18,0,0,0,0,0,0,3,1,6,2,33,6,-1,-1,-1,4,1
201401FH10220,2,9,0,11,0,0,0,0,0,0,3,1,6,3,-1,-1,-1,-1,-1,-1,-1
201401FH10221,1,9,0,9,0,8,0,0,0,0,1,1,6,1,35,6,995,1,10,5,1
201401FH10221,2,1,0,18,0,8,0,0,0,0,1,1,6,1,29,6,-1,-1,-1,3,1
201401FH10222,1,9,0,9,0,8,0,0,0,0,1,1,6,1,23,5,1598,1,6,6,1
201401FH10222,2,5,0,9,0,8,0,0,0,0,1,1,6,1,28,6,599,1,6,5,1
201401FH10223,1,9,0,18,0,8,0,10,1,0,1,1,2,1,35,6,1598,1,11,3,1
201401FH10224,1,5,0,13,0,8,0,0,0,0,4,1,6,1,41,7,647,1,15,-1,-1
201401FH10224,2,9,0,12,0,8,0,0,0,0,3,1,6,1,-1,-1,1798,8,1,3,1
201401FH10224,3,9,0,18,0,8,0,0,0,0,2,1,6,1,-1,-1,2960,1,18,-1,1
201401FH10224,4,9,0,18,0,8,0,0,0,0,3,1,6,2,44,7,1498,1,5,9,1
201401FH10225,1,9,0,18,0,8,0,0,0,0,1,1,6,2,53,8,998,1,2,3,1
201401FH10225,2,1,0,18,0,8,0,0,0,0,4,1,6,2,17,4,-1,-1,-1,5,1
201401FH10226,1,9,0,18,0,0,0,0,0,0,3,1,6,2,22,5,1995,1,8,4,1
201401FH10226,2,9,0,5,0,0,0,0,0,0,3,1,6,2,20,4,998,1,19,-1,-1
201401FH10227,1,8,0,16,0,0,0,0,0,0,1,1,1,1,38,7,1497,8,6,5,1
201401FH10227,2,9,0,17,0,0,0,0,0,0,1,1,6,1,23,5,998,1,14,3,1
201401FH10228,1,1,0,18,4,8,0,0,0,0,1,1,6,2,35,6,-1,-1,-1,7,1
201401FH10228,2,9,0,9,0,8,0,0,0,0,1,1,6,2,46,8,1461,2,1,2,1
201401FH10229,1,1,0,18,4,8,0,0,0,0,1,1,6,1,48,8,-1,-1,-1,5,1
201401FH10229,2,8,0,6,0,8,0,0,0,0,1,1,6,1,37,7,1598,7,8,4,1
201401FH10230,1,3,0,18,0,2,0,0,0,0,1,1,6,2,26,6,-1,-1,-1,3,1
201401FH10230,2,11,0,4,0,2,0,0,0,0,2,1,1,1,44,7,12000,2,6,2,1
201401FH10233,1,9,0,18,0,0,0,0,0,0,3,1,6,1,35,6,4691,1,3,5,1
201401FH10233,2,19,0,18,0,0,0,0,0,0,4,1,6,1,26,6,-1,-1,-1,3,1
201401FH10233,3,3,0,13,0,0,0,0,0,0,1,1,6,1,19,4,125,1,6,2,1