Accident_Index,Vehicle_Reference,Vehicle_Type,Towing_and_Articulation,Vehicle_Manoeuvre,Vehicle_Location-Restricted_Lane,Junction_Location,Skidding_and_Overturning,Hit_Object_in_Carriageway,Vehicle_Leaving_Carriageway,Hit_Object_off_Carriageway,1st_Point_of_Impact,Was_Vehicle_Left_Hand_Drive?,Journey_Purpose_of_Driver,Sex_of_Driver,Age_of_Driver,Age_Band_of_Driver,Engine_Capacity_(CC),Propulsion_Code,Age_of_Vehicle,Driver_IMD_Decile,Driver_Home_Area_Type
201401FH10234,1,19,0,9,0,8,0,0,0,0,4,1,6,1,32,6,1968,2,1,5,1
201401FH10234,2,1,0,18,0,8,0,0,0,0,1,1,6,1,45,7,-1,-1,-1,5,1
201401FH10235,1,9,0,18,0,0,0,0,0,0,4,1,6,1,71,10,1598,1,7,2,1
201401FH10236,1,8,0,5,0,0,0,0,0,0,0,1,6,1,51,8,2499,2,6,2,1
201401FH10237,1,8,0,6,0,8,0,10,3,4,1,1,1,1,48,8,1797,8,4,5,1
201401FH10238,1,9,0,9,0,8,0,0,0,0,4,1,6,1,62,9,1108,1,5,4,1
201401FH10238,2,1,0,18,0,8,0,0,0,0,1,1,6,1,53,8,-1,-1,-1,4,1
201401FH10239,1,3,0,18,0,0,0,0,0,0,1,1,6,1,35,6,108,1,1,3,1
201401FH10239,2,9,0,11,0,0,0,0,0,0,1,1,6,1,29,6,1197,1,2,4,1
201401FH10240,1,9,0,5,0,0,0,0,0,0,0,1,6,1,48,8,1997,2,4,8,1
201401FH10240,2,1,0,18,0,0,0,0,0,0,1,1,6,1,37,7,-1,-1,-1,10,1
201401FH10241,1,1,0,17,0,1,0,0,0,0,4,1,6,1,22,5,-1,-1,-1,3,1
201401FH10241,2,19,0,16,0,1,0,0,0,0,3,1,1,1,-1,-1,1896,2,13,-1,-1
201401FH10242,1,9,0,2,2,8,0,0,0,0,3,1,6,1,25,5,-1,-1,-1,2,1
201401FH10242,2,1,0,18,2,8,0,8,0,0,1,1,6,2,30,6,-1,-1,-1,2,1
201401FH10243,1,9,0,11,0,0,0,0,0,0,4,1,6,1,59,9,998,1,5,2,1
201401FH10243,2,1,0,17,0,0,0,0,0,0,3,1,6,1,29,6,-1,-1,-1,4,1
201401FH10244,1,9,0,18,0,2,0,4,0,0,1,1,6,2,23,5,1461,2,-1,-1,-1
201401FH10244,2,9,0,2,0,2,0,4,0,0,2,1,6,1,-1,-1,2231,2,5,6,1
201401FH10244,3,9,0,2,0,2,0,4,0,0,2,1,6,3,-1,-1,1796,1,14,-1,-1
201401FH10244,4,9,0,2,0,2,0,0,0,0,2,1,6,3,-1,-1,1560,2,2,-1,-1
201401FH10245,1,9,0,18,0,0,0,0,0,0,4,1,6,2,-1,-1,1998,1,13,-1,-1
201401FH10246,1,9,0,7,0,8,0,0,0,0,1,1,6,1,20,4,1598,1,-1,5,1
201401FH10246,2,1,0,18,4,8,0,0,0,0,1,1,6,2,28,6,-1,-1,-1,3,1
201401FH10247,1,1,0,18,0,0,0,0,0,0,3,1,6,1,37,7,-1,-1,-1,5,1
201401FH10247,2,19,0,18,0,0,0,0,0,0,4,1,1,1,-1,-1,2143,2,3,-1,-1
201401FH10248,1,11,0,18,0,8,0,0,0,0,4,1,6,1,61,9,6700,2,2,1,1
201401FH10248,2,19,0,16,0,8,0,0,0,0,1,1,1,1,-1,-1,2198,2,2,-1,-1
201401FH10249,1,9,0,7,0,8,0,0,0,0,4,1,1,1,49,8,1560,2,3,2,1
201401FH10249,2,1,0,18,0,8,0,0,0,0,1,1,6,2,36,7,-1,-1,-1,9,1
201401FH10250,1,9,0,2,0,8,0,0,0,0,3,1,6,1,49,8,1497,8,6,-1,-1
201401FH10250,2,1,0,18,0,8,0,0,0,0,1,1,6,1,35,6,-1,-1,-1,2,1
201401FH10251,1,21,0,18,0,0,0,0,0,0,1,1,1,3,-1,-1,-1,-1,-1,-1,-1
201401FH10252,1,1,0,18,0,8,0,0,0,0,1,1,6,1,48,8,-1,-1,-1,9,1
201401FH10252,2,9,0,7,0,8,0,0,0,0,0,1,6,2,-1,-1,1998,1,12,-1,-1
201401FH10253,1,1,0,18,0,0,0,0,0,0,1,1,6,2,54,8,-1,-1,-1,5,1
201401FH10253,2,9,0,2,0,0,0,0,0,0,3,1,6,1,-1,-1,-1,-1,-1,7,1
201401FH10254,1,3,0,18,0,8,0,0,0,0,4,1,6,1,33,6,108,1,5,9,1
201401FH10254,2,9,0,12,0,8,0,0,0,0,3,1,6,1,40,7,1998,1,9,3,1
201401FH10255,1,9,0,9,0,8,0,0,0,0,1,1,6,1,30,6,1595,1,10,3,1
201401FH10255,2,1,0,18,0,8,0,0,0,0,1,1,6,2,29,6,-1,-1,-1,7,1
201401FH10256,1,3,0,17,0,8,0,0,0,0,1,1,6,1,17,4,124,1,9,3,1
201401FH10256,2,9,0,17,0,8,0,0,0,0,2,1,1,1,-1,-1,-1,-1,-1,-1,-1
201401FH10257,1,9,0,9,0,8,0,0,0,0,1,1,6,2,47,8,1968,2,8,6,1
201401FH10257,2,1,0,18,0,8,0,0,0,0,3,1,6,1,58,9,-1,-1,-1,9,1
201401FH10258,1,9,0,9,0,8,0,0,0,0,3,1,6,2,24,5,999,1,-1,3,1
201401FH10258,2,3,0,18,0,8,0,0,0,0,1,1,6,1,25,5,124,1,1,2,1
201401FH10260,1,3,0,18,0,8,0,0,0,0,1,1,6,2,35,6,-1,-1,-1,7,1
201401FH10261,1,5,0,18,0,2,0,0,0,0,1,1,6,1,32,6,599,1,5,-1,-1
201401FH10262,1,8,0,18,0,2,0,0,0,0,3,1,1,1,52,8,2402,2,8,2,1
201401FH10262,2,11,0,18,0,2,0,0,0,0,1,1,1,3,-1,-1,9360,2,4,-1,-1
201401FH10262,3,19,0,12,0,1,0,0,0,0,0,1,1,1,-1,-1,1905,2,13,-1,-1
201401FH10262,4,3,0,13,0,1,0,0,0,0,1,1,6,1,37,7,125,1,12,7,1
201401FH10263,1,9,0,9,0,8,0,0,0,0,2,1,6,1,55,8,1762,1,16,4,1
201401FH10263,2,11,0,9,0,8,0,0,0,0,1,1,1,1,44,7,4250,2,6,2,1
201401FH10265,1,9,0,18,0,1,0,0,0,0,1,1,6,1,60,9,2776,2,10,8,1
201401FH10266,1,11,0,9,0,8,0,0,0,0,0,1,1,2,61,9,4461,2,1,4,2
201401FH10267,1,11,0,2,0,0,0,0,0,0,0,1,6,1,47,8,4461,2,-1,6,1
201401FH10268,1,19,0,1,0,0,0,0,0,0,2,1,1,1,-1,-1,1998,2,10,-1,-1
201401FH10269,1,3,0,18,0,8,0,0,0,0,1,1,6,1,-1,-1,109,1,1,-1,-1
201401FH10270,1,3,0,18,0,8,0,0,0,0,1,1,6,2,44,7,125,1,2,3,1
201401FH10270,2,9,0,9,0,8,0,0,0,0,1,1,6,2,-1,-1,1992,2,8,1,1
201401FH10271,1,3,0,18,0,2,0,0,0,0,3,1,6,1,30,6,125,1,7,4,1
201401FH10273,1,9,0,9,0,8,0,0,0,0,3,1,6,2,27,6,1598,1,9,7,1
201401FH10273,2,3,0,18,0,8,0,0,0,0,1,1,6,1,17,4,-1,-1,-1,6,1
201401FH10274,1,9,0,7,0,8,0,0,0,0,1,1,6,2,46,8,1781,1,10,7,1
201401FH10274,2,1,0,18,0,8,0,0,0,0,1,1,6,2,35,6,-1,-1,-1,2,1
201401FH10275,1,11,0,17,0,0,0,0,0,0,1,1,6,1,32,6,6700,2,2,3,1
201401FH10277,1,3,0,18,0,8,0,0,0,0,1,1,6,1,31,6,109,1,1,3,1
201401FH10277,2,9,0,9,0,8,0,0,0,0,1,1,6,1,35,6,1598,1,7,5,1
201401FH10278,1,9,0,6,0,1,0,0,0,0,0,1,6,1,18,4,1390,1,13,3,1
201401FH10278,2,3,0,18,0,8,0,10,3,2,1,1,6,1,22,5,124,1,4,3,1
201401FH10280,1,9,0,18,0,0,0,0,0,0,1,1,6,1,23,5,1895,1,14,-1,-1
201401FH10280,2,9,0,6,0,0,0,0,0,0,1,1,6,2,56,9,1598,1,14,2,1
201401FH10281,1,1,0,18,0,0,0,0,0,0,3,1,6,1,10,2,-1,-1,-1,3,1
201401FH10281,2,9,0,18,0,0,0,0,0,0,1,1,6,2,-1,-1,-1,-1,-1,-1,-1
201401FH10282,1,1,0,18,0,8,0,0,0,0,1,1,6,1,27,6,-1,-1,-1,3,1
201401FH10283,1,9,0,7,0,8,0,0,0,0,4,1,6,1,30,6,1360,1,11,1,1
201401FH10283,2,1,0,18,0,8,0,0,0,0,1,1,6,1,43,7,-1,-1,-1,8,1
201401FH10284,1,19,0,18,0,8,0,0,0,0,1,1,6,1,49,8,-1,-1,-1,8,1
201401FH10284,2,5,0,4,0,8,0,0,0,0,2,1,6,1,52,8,998,1,3,2,1
201401FH10286,1,9,0,9,0,8,0,0,0,0,1,1,6,1,56,9,1596,1,2,2,1
201401FH10286,2,1,0,18,0,8,0,0,0,0,1,1,6,2,38,7,-1,-1,-1,7,1
201401FH10287,1,9,0,18,0,8,0,10,1,0,4,1,6,1,25,5,2148,2,6,10,1
201401FH10288,1,9,0,18,0,2,0,0,0,0,1,1,6,1,36,7,2143,2,2,5,1
201401FH10289,1,11,0,4,0,0,0,0,0,0,0,1,1,1,-1,-1,6700,2,2,3,1
201401FH10290,1,19,0,18,0,8,0,0,0,0,3,1,1,1,51,8,1248,2,8,5,1
201401FH10290,2,19,0,18,0,8,0,0,0,0,1,1,1,1,47,8,2461,2,12,3,1
201401FH10290,3,9,0,12,0,8,0,0,0,0,1,1,6,1,80,11,2400,2,5,7,1
201401FH10290,4,19,0,18,0,8,0,0,0,0,1,1,1,1,49,8,1248,2,-1,3,1
201401FH10291,1,21,0,11,0,0,0,0,0,0,4,1,1,1,58,9,-1,2,17,2,1
201401FH10291,2,1,0,18,0,0,0,0,0,0,3,1,6,1,49,8,-1,-1,-1,5,1
201401FH10292,1,19,0,3,0,8,0,0,0,0,2,1,6,1,54,8,-1,-1,-1,7,1
201401FH10292,2,9,0,18,0,1,0,0,0,0,1,1,6,1,-1,-1,698,1,11,-1,-1
201401FH10293,1,3,0,16,0,8,0,0,0,0,1,1,6,1,-1,-1,-1,-1,-1,-1,-1
201401FH10294,1,9,0,2,0,0,0,0,0,0,3,1,6,1,31,6,1598,2,5,3,1
201401FH10294,2,1,0,18,0,0,0,8,0,0,1,1,6,2,36,7,-1,-1,-1,6,1
201401FH10295,1,3,0,18,0,8,0,0,0,0,1,1,6,1,28,6,-1,-1,-1,4,1
201401FH10295,2,9,0,9,0,8,0,0,0,0,3,1,6,1,62,9,998,1,3,5,1
201401FH10296,1,5,0,18,0,8,0,0,0,0,1,1,6,1,22,5,1200,1,16,7,1
201401FH10296,2,19,0,9,0,8,0,0,0,0,1,1,1,1,24,5,1248,2,4,6,1
201401FH10297,1,3,0,13,0,8,0,0,0,0,1,1,6,1,64,9,125,1,9,2,1
201401FH10297,2,9,0,9,0,8,0,0,0,0,1,1,6,1,38,7,1339,1,1,3,1
201401FH10298,1,9,0,9,0,8,0,0,0,0,4,1,6,1,39,7,2616,1,7,6,1
201401FH10298,2,3,0,18,0,8,0,0,0,0,1,1,6,2,38,7,124,1,-1,6,1
201401FH10299,1,9,0,9,0,8,0,0,0,0,1,1,6,2,71,10,1995,2,8,2,1
201401FH10299,2,11,0,2,0,8,0,0,0,0,2,1,1,1,50,8,9000,2,3,5,1
201401FH10300,1,9,0,1,0,0,0,0,0,0,2,1,6,1,39,7,-1,-1,-1,2,1
201401FH10301,1,8,0,12,0,0,0,0,0,0,3,1,1,1,27,6,2148,2,4,2,1
201401FH10301,2,1,0,18,0,0,0,0,0,0,1,1,6,2,46,8,-1,-1,-1,2,1
201401FH10302,1,9,0,14,0,8,0,0,0,0,1,1,6,1,37,7,1396,1,13,6,1
201401FH10303,1,9,0,9,0,8,0,0,0,0,1,1,6,1,70,10,1198,1,4,5,1
201401FH10303,2,5,0,18,0,8,0,0,0,0,1,1,6,1,24,5,600,1,8,3,1
201401FH10304,1,9,0,9,0,8,0,0,0,0,4,1,6,1,54,8,1598,1,8,2,1
201401FH10304,2,1,0,18,0,8,0,0,0,0,1,1,6,1,22,5,-1,-1,-1,2,1
201401FH10305,1,9,0,7,0,8,0,0,0,0,1,1,6,2,39,7,1998,1,6,9,1
201401FH10306,1,9,0,9,0,8,0,0,0,0,3,1,6,1,39,7,1998,1,13,10,1
201401FH10306,2,3,0,18,0,8,0,0,0,0,1,1,6,1,41,7,-1,-1,-1,8,1
201401FH10307,1,19,0,18,0,8,0,0,0,0,1,1,1,1,40,7,1753,2,11,5,1
201401FH10307,2,3,0,4,0,8,0,0,0,0,2,1,6,1,31,6,-1,-1,-1,6,1
201401FH10308,1,9,0,9,0,8,0,0,0,0,3,1,6,1,46,8,1910,2,6,2,1
201401FH10309,1,8,0,4,0,0,0,0,0,0,0,1,1,1,-1,-1,-1,-1,-1,-1,-1
201401FH10310,1,9,0,18,0,8,0,0,0,0,3,1,6,2,35,6,1997,1,12,4,1
201401FH10310,2,20,0,11,0,8,0,0,0,0,4,1,1,1,-1,-1,-1,-1,-1,-1,-1
201401FH10311,1,5,0,10,0,8,0,0,0,0,2,1,6,1,53,8,1600,1,2,7,1
201401FH10311,2,9,0,9,0,8,0,0,0,0,1,1,6,1,-1,-1,1997,2,4,-1,-1
201401FH10312,1,8,0,7,0,8,0,0,0,0,4,1,6,1,34,6,1388,1,8,8,1
201401FH10312,2,1,0,18,0,8,0,0,0,0,3,1,6,1,37,7,-1,-1,-1,4,1
201401FH10313,1,9,0,18,0,0,0,0,0,0,4,1,6,1,-1,-1,-1,-1,-1,-1,-1
201401FH10313,2,1,0,18,0,0,0,0,0,0,3,1,6,2,47,8,-1,-1,-1,6,1
201401FH10314,1,9,0,9,0,8,0,0,0,0,0,1,1,1,-1,-1,-1,-1,-1,-1,-1
201401FH10315,1,19,0,18,0,0,0,0,0,0,1,1,6,1,38,7,1996,2,3,6,1
201401FH10315,2,3,0,1,0,0,0,0,0,0,2,1,6,1,17,4,125,1,-1,2,1
201401FH10316,1,9,0,9,0,8,0,0,0,0,4,1,6,2,28,6,998,1,7,3,1
201401FH10316,2,5,0,18,0,8,0,0,0,0,1,1,6,1,21,5,499,1,15,3,1
201401FH10317,1,9,0,18,0,8,0,0,0,0,1,1,6,2,-1,-1,1598,1,1,-1,-1
201401FH10317,2,1,0,9,0,8,0,0,0,0,1,1,6,1,40,7,-1,-1,-1,-1,-1
201401FH10318,1,9,0,9,0,8,0,0,0,0,1,1,6,2,22,5,1598,2,2,4,1
201401FH10318,2,3,0,13,0,8,0,0,0,0,1,1,6,1,35,6,124,1,9,4,1
201401FH10319,1,9,0,18,0,8,0,0,0,0,4,1,6,1,27,6,1598,2,1,3,1
201401FH10319,2,1,0,18,0,8,0,0,0,0,1,1,6,1,54,8,-1,-1,-1,9,1
201401FH10320,1,9,0,9,0,8,0,0,0,0,4,1,6,2,30,6,2616,1,9,7,1
201401FH10320,2,1,0,18,0,8,0,0,0,0,1,1,6,1,26,6,-1,-1,-1,2,1
201401FH10321,1,3,0,18,0,8,0,0,0,0,1,1,6,1,19,4,-1,-1,-1,2,1
201401FH10322,1,9,0,9,0,8,0,0,0,0,3,1,3,1,47,8,2499,2,8,2,1
201401FH10322,2,3,0,13,0,8,0,0,0,0,1,1,6,1,33,6,-1,-1,-1,3,1
201401FH10323,1,3,0,18,0,8,0,0,0,0,1,1,6,2,44,7,49,1,2,-1,-1
201401FH10323,2,1,0,18,0,8,0,0,0,0,1,1,6,2,29,6,-1,-1,-1,5,1
201401FH10324,1,9,0,3,0,0,0,0,0,0,2,1,6,2,31,6,1995,1,8,-1,3
201401FH10324,2,9,0,18,0,0,0,0,0,0,1,1,6,2,-1,-1,1364,2,8,-1,1
201401FH10325,1,1,0,7,0,1,0,0,0,0,2,1,6,2,38,7,-1,-1,-1,-1,-1
201401FH10325,2,9,0,7,0,1,0,0,0,0,1,1,3,1,33,6,4691,1,3,7,1
201401FH10326,1,9,0,18,0,2,0,0,0,0,4,1,2,1,45,7,1995,2,3,9,3
201401FH10327,1,9,0,3,0,0,0,0,0,0,2,1,6,1,35,6,-1,-1,-1,3,1
201401FH10327,2,9,0,18,0,0,0,0,0,0,1,1,6,2,38,7,1590,1,10,1,1
201401FH10328,1,20,0,2,0,1,0,0,0,0,4,1,1,1,-1,-1,6370,2,5,-1,-1
201401FH10328,2,1,0,18,0,1,0,0,0,0,1,1,6,1,50,8,-1,-1,-1,2,1
201401FH10329,1,4,0,18,2,8,0,0,0,0,1,1,6,1,26,6,689,1,-1,-1,-1
201401FH10329,2,8,0,7,0,8,0,0,0,0,4,1,6,1,48,8,1896,2,5,1,1
201401FH10330,1,19,0,9,0,8,0,0,0,0,4,1,1,1,33,6,2198,2,7,3,1
201401FH10330,2,3,0,18,0,8,0,0,0,0,1,1,2,1,27,6,-1,-1,-1,7,1
201401FH10331,1,11,0,18,0,1,0,0,0,0,0,1,1,1,30,6,8268,2,13,6,1
201401FH10332,1,19,0,18,0,8,0,0,0,0,4,1,1,1,40,7,2287,2,6,-1,-1
201401FH10333,1,9,0,9,0,1,0,0,0,0,3,1,6,1,54,8,2902,2,6,3,1
201401FH10333,2,3,0,13,0,1,1,10,7,10,4,1,6,1,23,5,124,1,-1,2,1
201401FH10334,1,9,0,18,0,0,0,0,0,0,1,1,6,1,-1,-1,1995,2,6,-1,-1
201401FH10334,2,1,0,18,0,0,0,0,0,0,2,1,6,1,27,6,-1,-1,-1,9,1
201401FH10335,1,1,0,9,0,8,0,0,0,0,1,1,6,2,45,7,-1,-1,-1,-1,-1
201401FH10335,2,9,0,18,0,8,0,0,0,0,4,1,6,2,25,5,1386,1,7,4,1
201401FH10336,1,9,0,7,0,8,0,0,0,0,4,1,6,2,31,6,1995,2,12,2,2
201401FH10336,2,1,0,18,0,8,0,0,0,0,1,1,6,1,50,8,-1,-1,-1,3,1
201401FH10338,1,1,0,15,0,8,0,0,0,0,1,1,6,1,25,5,-1,-1,-1,3,1
201401FH10338,2,9,0,9,0,8,0,0,0,0,4,1,6,1,62,9,1997,2,-1,9,1
201401FH10339,1,2,0,18,0,8,0,0,0,0,3,1,6,1,17,4,49,1,9,3,1
201401FH10341,1,9,0,2,0,8,0,0,0,0,4,1,6,2,25,5,1995,2,4,5,1
201401FH10341,2,1,0,15,0,8,0,8,0,0,1,1,6,1,59,9,-1,-1,-1,3,1
201401FH10342,1,9,0,18,0,0,0,0,0,0,3,1,6,2,22,5,1198,1,9,2,1
201401FH10342,2,9,0,13,0,0,0,0,0,0,4,1,6,2,-1,-1,1498,1,8,-1,-1
201401FH10343,1,9,0,18,0,1,0,0,0,0,2,1,6,2,52,8,1781,1,9,10,1
201401FH10343,2,9,0,7,0,8,0,0,0,0,2,1,6,1,40,7,1799,1,8,9,1
201401FH10343,3,9,0,18,0,8,0,0,0,0,1,1,6,1,46,8,2188,2,9,6,1
201401FH10344,1,9,0,18,0,1,0,0,0,0,0,1,6,2,54,8,1461,2,1,3,1
201401FH10345,1,9,0,12,0,0,0,0,0,0,3,1,6,1,-1,-1,3199,1,17,-1,-1
201401FH10345,2,5,0,18,0,0,0,0,0,0,1,1,6,1,32,6,696,1,4,1,1
201401FH10345,3,9,0,2,0,0,0,0,0,0,2,1,6,1,48,8,1590,1,13,4,1
201401FH10346,1,3,0,18,0,0,0,0,0,0,1,1,6,1,24,5,125,1,4,3,1
201401FH10346,2,9,0,6,0,0,0,0,0,0,3,1,6,1,-1,-1,1400,2,7,-1,-1
201401FH10347,1,11,0,4,0,8,0,0,0,0,0,1,1,2,27,6,4250,2,6,-1,-1
201401FH10348,1,8,0,17,0,8,0,0,0,0,4,1,1,1,62,9,1896,2,6,1,1
201401FH10348,2,11,0,17,0,8,0,0,0,0,3,1,1,1,41,7,9360,2,2,2,1
201401FH10349,1,9,0,17,0,8,0,0,0,0,1,1,6,2,39,7,-1,-1,-1,-1,1
201401FH10349,2,3,0,18,0,8,0,0,0,0,1,1,6,1,23,5,125,1,5,-1,-1
201401FH10350,1,9,0,2,0,0,0,0,0,0,3,1,6,2,27,6,1781,1,12,2,1
201401FH10350,2,1,0,18,0,0,0,8,0,0,1,1,6,2,48,8,-1,-1,-1,7,1
201401FH10351,1,11,0,4,0,0,0,0,0,0,2,1,1,1,51,8,9200,2,4,3,1
201401FH10351,2,9,0,18,0,0,0,0,0,0,0,1,6,1,60,9,2143,12,1,4,1
201401FH10352,1,9,0,18,0,8,0,0,0,0,3,1,6,1,19,4,1364,1,4,1,1
201401FH10352,2,3,0,9,0,8,0,0,0,0,1,1,6,1,20,4,124,1,12,7,1
201401FH10353,1,11,0,4,0,8,0,0,0,0,0,1,1,1,58,9,-1,-1,-1,2,1
201401FH10354,1,19,0,1,0,8,0,0,0,0,2,1,1,1,40,7,1598,2,3,10,1
201401FH10354,2,3,0,7,0,8,0,0,0,0,1,1,6,1,31,6,125,1,4,1,1
201401FH10355,1,2,0,18,0,0,0,0,0,0,1,1,6,1,20,4,124,1,4,1,1
201401FH10355,2,1,0,18,0,0,0,0,0,0,1,1,2,1,54,8,-1,-1,-1,4,1
201401FH10356,1,9,0,2,0,0,0,0,0,0,3,1,6,1,33,6,1995,2,4,2,1
201401FH10356,2,1,0,18,0,0,0,8,0,0,1,1,6,1,60,9,-1,-1,-1,3,1
201401FH10357,1,2,0,17,0,0,0,0,0,0,2,1,6,1,30,6,72,1,35,9,1
201401FH10357,2,9,0,11,0,0,0,0,0,0,4,1,6,1,30,6,1560,2,8,5,1
201401FH10358,1,3,0,13,0,8,0,0,0,0,1,1,6,1,38,7,244,1,7,4,1
201401FH10358,2,9,0,9,0,8,0,0,0,0,3,1,6,1,28,6,1598,2,-1,5,1
201401FH10359,1,9,0,9,0,8,0,0,0,0,4,1,6,2,30,6,1360,1,14,7,1
201401FH10359,2,1,0,18,0,8,0,0,0,0,1,1,6,1,29,6,-1,-1,-1,3,1
201401FH10360,1,2,0,18,0,1,0,0,0,0,1,1,6,1,18,4,49,1,5,1,1
201401FH10360,2,9,0,4,0,8,0,0,0,0,2,1,6,1,34,6,1560,2,4,5,1
201401FH10362,1,3,0,18,0,8,0,0,0,0,1,1,1,1,40,7,125,1,2,-1,1
201401FH10362,2,8,0,9,0,8,0,0,0,0,3,1,6,1,47,8,1797,8,5,4,1
201401FH10363,1,1,0,17,0,8,0,0,0,0,1,1,6,1,29,6,-1,-1,-1,4,1
201401FH10363,2,9,0,7,0,8,0,0,0,0,4,1,6,1,-1,-1,-1,-1,-1,-1,-1
201401FH10364,1,9,0,9,0,8,0,0,0,0,3,1,6,1,50,8,2993,2,9,7,3
201401FH10364,2,1,0,18,0,8,0,0,0,0,1,1,6,2,46,8,-1,-1,-1,3,1
201401FH10365,1,8,0,18,0,8,0,0,0,0,2,1,1,1,39,7,1598,2,1,-1,1
201401FH10365,2,8,0,9,0,8,0,0,0,0,1,1,1,1,59,9,2664,2,13,10,1
201401FH10366,1,9,0,18,0,8,0,0,0,0,1,1,6,2,59,9,1400,1,9,5,1
201401FH10367,1,3,0,18,0,8,0,0,0,0,1,1,6,1,24,5,124,1,-1,6,1
201401FH10367,2,9,0,7,0,8,0,0,0,0,4,1,6,1,32,6,1242,1,4,5,1
201401FH10368,1,11,0,4,0,1,0,0,0,0,0,1,1,1,64,9,4461,2,1,-1,-1
201401FH10369,1,9,0,2,0,0,0,0,0,0,3,1,6,1,36,7,1686,2,10,6,1
201401FH10369,2,1,0,18,0,0,0,8,0,0,1,1,6,1,42,7,-1,-1,-1,3,1
201401FH10370,1,9,0,9,0,8,0,0,0,0,1,1,6,1,29,6,1229,1,7,7,1
201401FH10370,2,1,0,18,0,8,0,0,0,0,1,1,6,1,37,7,-1,-1,-1,6,1
201401FH10371,1,9,0,16,0,8,0,0,0,0,1,1,6,2,30,6,1598,1,10,3,1
201401FH10372,1,9,0,2,0,2,0,0,0,0,3,1,6,1,51,8,2777,2,3,4,1
201401FH10372,2,1,0,18,0,2,0,8,0,0,1,1,6,2,29,6,-1,-1,-1,6,1
201401FH10373,1,1,0,18,0,8,0,0,0,0,1,1,6,1,43,7,-1,-1,-1,4,1
201401FH10373,2,9,0,9,0,8,0,0,0,0,1,1,6,2,65,9,1242,1,8,7,1
201401FH10374,1,3,0,18,0,0,0,0,0,0,1,1,6,1,44,7,108,1,1,4,1
201401FH10374,2,9,0,18,0,0,0,0,0,0,1,1,6,2,46,8,1341,1,15,-1,1
201401FH10374,3,11,0,4,0,0,0,0,0,0,2,1,1,3,-1,-1,-1,-1,-1,-1,-1
201401FH10375,1,3,0,18,2,8,0,0,0,0,3,1,6,1,33,6,125,1,-1,6,1
201401FH10375,2,9,0,9,0,8,0,0,0,0,1,1,6,2,-1,-1,1398,1,8,1,1
201401FH10376,1,9,0,18,0,0,0,0,0,0,1,1,6,1,29,6,-1,-1,-1,-1,-1
201401FH10376,2,9,0,18,0,0,0,0,0,0,2,1,6,1,45,7,2778,1,-1,6,1
201401FH10376,3,9,0,18,0,0,0,0,0,0,2,1,6,2,50,8,2231,2,1,10,3
201401FH10377,1,2,0,4,0,8,0,0,0,0,0,1,6,1,24,5,49,1,6,9,1
201401FH10378,1,19,0,3,0,0,0,0,0,0,2,1,6,1,35,6,1560,2,-1,1,1
201401FH10378,2,8,0,18,0,0,0,0,0,0,1,1,6,1,58,9,1497,8,6,6,1
201401FH10379,1,11,0,2,0,0,0,0,0,0,0,1,1,1,52,8,7300,2,10,2,1
201401FH10380,1,9,0,18,0,8,0,0,0,0,2,1,6,1,35,6,1968,2,4,9,1
201401FH10380,2,9,0,18,0,8,0,0,0,0,1,1,6,1,34,6,1497,8,5,3,1
201401FH10381,1,9,0,7,0,8,0,0,0,0,4,1,6,2,45,7,1198,1,11,2,1
201401FH10381,2,3,0,18,0,8,0,0,0,0,1,1,6,1,38,7,124,1,4,10,1
201401FH10382,1,1,0,17,0,8,0,0,0,0,1,1,6,1,20,4,-1,-1,-1,4,1
201401FH10383,1,11,0,5,0,2,0,0,0,0,1,1,1,1,25,5,9000,2,3,8,1
201401FH10383,2,90,0,18,0,2,0,0,0,0,4,1,6,1,57,9,-1,-1,-1,2,1
201401FH10384,1,1,0,18,0,8,0,0,0,0,4,1,6,2,-1,-1,-1,-1,-1,2,1
201401FH10384,2,9,0,7,0,8,0,0,0,0,1,1,6,2,-1,-1,1910,2,7,-1,-1
201401FH10385,1,9,0,7,0,0,0,4,0,0,1,1,6,1,28,6,1995,2,1,4,1
201401FH10385,2,9,0,2,0,0,0,4,0,0,2,1,6,1,36,7,1596,1,11,3,1
201401FH10385,3,9,0,2,0,0,0,4,0,0,2,1,6,2,39,7,1242,1,13,1,1
201401FH10385,4,9,0,2,0,0,0,0,0,0,2,1,6,2,28,6,1995,2,5,9,1
201401FH10386,1,9,0,9,0,8,0,0,0,0,3,1,1,1,-1,-1,-1,-1,-1,-1,-1
201401FH10386,2,3,0,13,0,8,0,0,0,0,1,1,6,1,22,5,-1,-1,-1,7,1
201401FH10387,1,9,0,18,0,8,0,0,0,0,1,1,6,1,30,6,1396,1,11,6,1
201401FH10387,2,9,0,10,0,8,0,0,0,0,2,1,6,1,45,7,1598,1,6,3,1
201401FH10388,1,9,0,3,0,8,0,0,0,0,2,1,6,2,29,6,1598,1,6,3,1
201401FH10388,2,19,0,18,0,8,0,0,0,0,1,1,1,1,-1,-1,-1,-1,-1,-1,-1
201401FH10389,1,9,0,9,0,8,0,0,0,0,1,1,6,1,46,8,1800,1,17,2,1
201401FH10389,2,1,0,18,0,8,0,0,0,0,1,1,6,1,39,7,-1,-1,-1,10,1
201401FH10390,1,9,0,16,0,8,0,0,0,0,1,1,6,2,50,8,1242,1,13,7,1
201401FH10390,2,9,0,16,0,8,0,0,0,0,1,1,6,1,-1,-1,-1,-1,-1,-1,-1
201401FH10391,1,9,0,4,0,8,0,0,0,0,2,1,6,2,32,6,998,1,13,6,1
201401FH10391,2,1,0,18,0,8,0,0,0,0,1,1,6,1,24,5,-1,-1,-1,2,1
201401FH10392,1,9,0,6,0,8,0,0,0,0,3,1,6,1,18,4,1596,1,7,3,1
201401FH10392,2,2,0,18,0,8,0,0,0,0,1,1,6,1,27,6,49,1,11,2,1