Accident_Index,Vehicle_Reference,Vehicle_Type,Towing_and_Articulation,Vehicle_Manoeuvre,Vehicle_Location-Restricted_Lane,Junction_Location,Skidding_and_Overturning,Hit_Object_in_Carriageway,Vehicle_Leaving_Carriageway,Hit_Object_off_Carriageway,1st_Point_of_Impact,Was_Vehicle_Left_Hand_Drive?,Journey_Purpose_of_Driver,Sex_of_Driver,Age_of_Driver,Age_Band_of_Driver,Engine_Capacity_(CC),Propulsion_Code,Age_of_Vehicle,Driver_IMD_Decile,Driver_Home_Area_Type
201401FH10393,1,19,0,4,0,1,0,0,0,0,3,1,2,1,33,6,2402,2,3,4,1
201401FH10394,1,9,0,9,0,8,0,0,0,0,3,1,6,1,50,8,2231,2,6,2,1
201401FH10394,2,9,0,5,0,8,0,0,0,0,1,1,1,1,30,6,2616,1,5,6,1
201401FH10395,1,1,0,7,0,8,0,0,0,0,1,1,6,1,46,8,-1,-1,-1,8,1
201401FH10395,2,8,0,18,0,1,0,0,0,0,1,1,1,1,-1,-1,-1,-1,-1,-1,-1
201401FH10396,1,9,0,9,0,8,0,0,0,0,3,1,6,1,40,7,1587,1,6,2,1
201401FH10397,1,11,0,16,0,8,0,0,0,0,1,1,1,1,-1,-1,-1,-1,-1,-1,-1
201401FH10398,1,1,0,18,0,8,0,0,0,0,4,1,2,2,27,6,-1,-1,-1,2,1
201401FH10398,2,9,0,7,0,8,0,0,0,0,1,1,6,1,37,7,1397,1,12,5,1
201401FH10399,1,1,0,5,5,8,0,0,0,0,1,1,6,1,34,6,-1,-1,-1,2,1
201401FH10399,2,8,0,9,0,8,0,0,0,0,4,1,6,1,-1,-1,1797,8,4,-1,-1
201401FH10400,1,11,0,3,0,0,0,0,0,0,2,1,1,1,29,6,9360,2,2,3,1
201401FH10400,2,20,0,18,0,0,0,0,0,0,1,1,1,1,-1,-1,8867,2,6,-1,1
201401FH10401,1,9,0,4,0,0,0,0,0,0,2,1,6,1,53,8,1560,2,9,6,1
201401FH10401,2,9,0,4,0,0,0,0,0,0,2,1,6,1,57,9,2496,2,11,7,1
201401FH10401,3,8,0,18,0,0,0,0,0,0,1,1,1,1,62,9,2143,2,2,3,1
201401FH10402,1,5,0,18,0,0,0,0,0,0,1,1,6,1,31,6,599,1,10,4,1
201401FH10402,2,19,0,11,0,0,0,0,0,0,2,1,6,1,29,6,2402,2,7,3,1
201401FH10403,1,9,0,4,0,1,0,0,0,0,2,1,1,1,48,8,2143,2,3,1,1
201401FH10403,2,9,0,18,0,1,0,0,0,0,1,1,6,1,-1,-1,1895,1,17,2,1
201401FH10404,1,1,0,18,0,0,0,0,0,0,3,1,6,2,37,7,-1,-1,-1,2,1
201401FH10404,2,9,0,13,0,0,0,0,0,0,4,1,6,2,-1,-1,1461,2,4,-1,-1
201401FH10405,1,1,0,18,0,8,0,0,0,0,3,1,6,1,35,6,-1,-1,-1,7,1
201401FH10405,2,9,0,7,0,8,0,0,0,0,4,1,6,2,-1,-1,1598,1,5,3,1
201401FH10406,1,11,0,18,0,1,0,0,0,0,0,1,1,1,48,8,-1,-1,-1,5,1
201401FH10407,1,19,0,3,0,0,0,0,0,0,4,1,2,1,34,6,1995,2,6,4,1
201401FH10407,2,1,0,4,0,0,0,8,0,0,1,1,2,2,28,6,-1,-1,-1,3,1
201401FH10408,1,9,0,9,0,8,0,0,0,0,4,1,6,1,48,8,1995,2,3,3,1
201401FH10408,2,2,0,15,4,8,0,0,0,0,1,1,1,1,31,6,-1,-1,-1,1,1
201401FH10409,1,9,0,4,0,1,0,0,0,0,1,1,6,2,20,4,1398,1,3,7,1
201401FH10409,2,1,0,7,0,8,0,0,0,0,1,1,6,1,50,8,-1,-1,-1,5,1
201401FH10410,1,19,0,9,0,8,0,0,0,0,3,1,1,1,35,6,1753,2,10,-1,-1
201401FH10410,2,5,0,13,0,8,0,0,0,0,4,1,6,1,58,9,599,1,10,4,1
201401FH10411,1,9,0,7,0,2,0,7,0,0,1,1,6,2,62,9,1597,2,-1,2,1
201401FH10412,1,11,0,18,0,2,0,0,0,0,0,1,1,1,56,9,4461,2,-1,4,1
201401FH10413,1,9,0,16,0,8,0,10,3,10,1,1,6,2,22,5,2143,2,-1,-1,1
201401FH10414,1,8,0,7,5,8,0,0,0,0,4,1,1,1,44,7,1797,8,4,4,1
201401FH10414,2,1,0,18,5,8,0,0,0,0,3,1,6,2,21,5,-1,-1,-1,2,1
201401FH10417,1,9,0,13,0,0,0,0,0,0,4,1,6,1,37,7,1689,2,12,-1,-1
201401FH10417,2,1,0,18,0,0,0,0,0,0,3,1,6,2,35,6,-1,-1,-1,2,1
201401FH10419,1,1,0,18,0,2,0,0,0,0,1,1,6,1,25,5,-1,-1,-1,7,1
201401FH10420,1,9,0,18,0,2,0,0,0,0,1,1,6,1,30,6,1596,1,5,3,1
201401FH10421,1,9,0,7,0,1,0,0,0,0,4,1,6,1,30,6,-1,-1,-1,2,1
201401FH10421,2,1,0,18,0,1,0,0,0,0,1,1,6,1,38,7,-1,-1,-1,4,1
201401FH10424,1,19,0,7,0,1,0,0,0,0,2,1,6,1,27,6,1753,2,8,7,1
201401FH10424,2,1,0,18,0,1,0,0,0,0,1,1,6,1,40,7,-1,-1,-1,5,1
201401FH10425,1,9,0,18,0,2,0,0,0,0,3,1,6,2,38,7,1598,1,1,2,1
201401FH10426,1,9,0,9,0,2,0,0,0,0,1,1,6,2,47,8,1598,1,13,2,1
201401FH10428,1,9,0,9,0,2,0,0,0,0,1,1,1,1,56,9,2143,2,4,5,1
201401FH10429,1,19,0,13,0,0,0,0,0,0,4,1,6,1,32,6,2198,2,8,5,1
201401FH10429,2,1,0,18,0,0,0,0,0,0,3,1,6,2,28,6,-1,-1,-1,7,1
201401FH10430,1,9,0,9,0,2,0,0,0,0,3,1,6,2,28,6,2993,2,-1,7,1
201401FH10430,2,9,0,18,0,1,0,0,0,0,3,1,6,2,51,8,1598,2,3,8,1
201401FH10431,1,9,0,9,0,8,0,0,0,0,3,1,1,1,62,9,1998,1,5,1,1
201401FH10431,2,20,0,18,0,8,0,0,0,0,3,1,1,1,29,6,-1,-1,-1,2,1
201401FH10432,1,1,0,18,4,8,0,0,0,0,1,1,2,1,28,6,-1,-1,-1,5,1
201401FH10432,2,9,0,18,0,8,0,0,0,0,4,1,2,2,47,8,1240,1,9,3,1
201401FH10433,1,3,0,18,0,8,0,0,0,0,1,1,1,1,42,7,-1,-1,-1,3,1
201401FH10433,2,9,0,10,0,8,0,0,0,0,4,1,6,1,22,5,1796,1,5,2,1
201401FH10434,1,3,0,18,0,2,0,0,0,0,1,1,1,1,23,5,125,1,1,1,1
201401FH10435,1,9,0,9,0,8,0,0,0,0,4,1,6,2,42,7,2497,1,7,-1,1
201401FH10435,2,1,0,15,0,8,0,0,0,0,1,1,6,1,30,6,-1,-1,-1,4,1
201401FH10437,1,2,0,15,0,8,0,0,0,0,1,1,6,2,20,4,49,1,10,7,1
201401FH10437,2,9,0,9,0,8,0,0,0,0,4,1,1,1,35,6,2179,2,5,6,3
201401FH10439,1,9,0,1,0,2,0,0,0,0,2,1,6,1,30,6,2143,2,2,1,1
201401FH10440,1,1,0,17,0,8,0,0,0,0,3,1,6,1,25,5,-1,-1,-1,2,1
201401FH10440,2,9,0,18,0,8,0,0,0,0,4,1,6,3,-1,-1,-1,-1,-1,-1,-1
201401FH10441,1,90,0,18,0,0,0,0,0,0,3,1,6,2,58,9,-1,-1,-1,3,1
201401FH10441,2,9,0,18,0,0,0,0,0,0,1,1,6,2,25,5,1242,1,16,1,1
201401FH10442,1,9,0,5,0,8,0,0,0,0,1,1,2,1,54,8,1497,8,9,2,1
201401FH10442,2,1,0,9,0,8,0,0,0,0,4,1,6,2,44,7,-1,-1,-1,7,1
201401FH10443,1,9,0,3,0,2,0,0,0,0,2,1,6,1,36,7,-1,-1,-1,-1,-1
201401FH10443,2,9,0,18,0,2,0,0,0,0,1,1,6,3,-1,-1,-1,-1,-1,-1,-1
201401FH10444,1,9,0,2,0,1,0,0,0,0,3,1,6,1,40,7,-1,-1,-1,4,1
201401FH10444,2,1,0,18,0,1,0,8,0,0,1,1,6,1,38,7,-1,-1,-1,3,1
201401FH10445,1,9,0,9,0,8,0,0,0,0,3,1,6,1,71,10,1798,1,15,4,1
201401FH10445,2,1,0,18,0,8,0,0,0,0,1,1,6,1,71,10,-1,-1,-1,-1,1
201401FH10446,1,8,0,2,0,0,0,0,0,0,2,1,1,1,35,6,2664,2,14,9,1
201401FH10446,2,11,0,18,0,0,0,4,0,0,1,1,1,1,39,7,8268,2,12,1,1
201401FH10447,1,9,0,18,0,8,0,0,0,0,4,1,6,2,-1,-1,1598,2,4,-1,-1
201401FH10447,2,1,0,18,0,8,0,0,0,0,1,1,6,1,26,6,-1,-1,-1,6,1
201401FH10448,1,1,0,18,0,1,0,0,0,0,3,1,2,1,50,8,-1,-1,-1,4,1
201401FH10449,1,9,0,2,0,0,0,0,0,0,3,1,6,2,42,7,-1,-1,-1,7,1
201401FH10449,2,1,0,15,0,0,0,8,0,0,1,1,6,1,44,7,-1,-1,-1,10,1
201401FH10450,1,19,0,9,0,8,0,0,0,0,3,1,1,1,46,8,1560,2,2,8,1
201401FH10450,2,3,0,13,0,8,0,0,0,0,1,1,6,1,19,4,124,1,3,1,1
201401FH10451,1,9,0,18,0,1,0,0,0,0,1,1,6,1,42,7,1598,1,16,3,1
201401FH10452,1,90,0,4,0,1,0,0,0,0,2,1,1,1,33,6,-1,-1,-1,3,1
201401FH10452,2,9,0,18,0,1,0,0,0,0,1,1,6,1,23,5,1198,1,3,8,1
201401FH10453,1,1,0,18,2,0,0,0,0,0,2,1,6,2,15,3,-1,-1,-1,2,1
201401FH10453,2,5,0,18,2,0,0,0,0,0,1,1,6,3,-1,-1,-1,-1,-1,-1,-1
201401FH10454,1,9,0,9,0,8,0,0,0,0,4,1,6,1,29,6,-1,-1,-1,3,1
201401FH10454,2,1,0,18,2,8,0,0,0,0,1,1,6,1,38,7,-1,-1,-1,3,1
201401FH10455,1,3,0,16,0,1,1,0,0,0,4,1,2,2,32,6,-1,-1,-1,5,1
201401FH10456,1,9,0,9,0,8,0,0,0,0,1,1,6,1,33,6,-1,-1,-1,4,1
201401FH10456,2,1,0,18,0,8,0,0,0,0,1,1,6,1,53,8,-1,-1,-1,4,1
201401FH10457,1,9,0,18,0,8,0,0,0,0,1,1,6,1,25,5,2700,1,10,2,1
201401FH10457,2,3,0,9,0,8,0,0,0,0,3,1,1,1,43,7,49,1,6,2,1
201401FH10458,1,1,0,18,0,8,0,0,0,0,3,1,6,1,37,7,-1,-1,-1,7,1
201401FH10458,2,9,0,18,0,8,0,0,0,0,0,1,6,3,-1,-1,-1,-1,-1,-1,-1
201401FH10459,1,9,0,2,0,1,0,0,0,0,3,1,6,1,50,8,1968,2,2,8,3
201401FH10459,2,1,0,18,0,8,0,8,0,0,1,1,6,1,-1,-1,-1,-1,-1,7,1
201401FH10460,1,5,0,18,0,8,0,0,0,0,3,1,6,1,39,7,1002,1,13,-1,-1
201401FH10460,2,9,0,7,0,8,0,0,0,0,4,1,6,3,-1,-1,999,1,13,-1,-1
201401FH10461,1,9,0,18,0,8,0,0,0,0,1,1,6,2,73,10,1339,1,-1,10,1
201401FH10462,1,11,0,18,0,2,0,0,0,0,0,1,1,1,37,7,-1,-1,-1,2,1
201401FH10463,1,19,0,7,0,8,0,0,0,0,1,1,1,1,54,8,2402,2,7,2,1
201401FH10463,2,3,0,18,0,8,0,0,0,0,1,1,6,1,28,6,125,1,1,4,1
201401FH10465,1,9,0,7,0,8,0,0,0,0,2,1,6,1,47,8,2688,2,10,6,1
201401FH10465,2,1,0,17,0,8,0,0,0,0,1,1,6,1,42,7,-1,-1,-1,3,1
201401FH10467,1,11,0,18,0,8,0,0,0,0,1,1,1,1,56,9,-1,-1,-1,3,1
201401FH10468,1,8,0,12,0,1,0,0,0,0,1,1,6,1,45,7,1753,2,7,3,1
201401FH10468,2,4,0,18,0,1,0,0,0,0,2,1,1,1,20,4,125,1,11,3,1
201401FH10469,1,9,0,9,0,8,0,0,0,0,3,1,6,1,28,6,998,1,14,6,1
201401FH10469,2,3,0,14,0,8,0,0,0,0,1,1,6,1,28,6,107,1,-1,4,1
201401FH10471,1,21,0,2,0,0,0,0,0,0,3,1,1,1,41,7,12902,2,2,7,1
201401FH10471,2,1,0,18,0,0,0,8,0,0,1,1,6,2,56,9,-1,-1,-1,4,1
201401FH10472,1,1,0,18,0,8,0,0,0,0,1,1,6,2,31,6,-1,-1,-1,4,1
201401FH10472,2,9,0,7,0,8,0,0,0,0,4,1,6,2,-1,-1,1598,1,1,-1,-1
201401FH10473,1,3,0,14,0,8,0,0,0,0,1,1,6,1,22,5,124,1,10,6,1
201401FH10474,1,9,0,11,0,0,0,0,0,0,4,1,6,1,52,8,2967,2,-1,3,1
201401FH10474,2,1,0,18,0,0,0,0,0,0,1,1,6,1,56,9,-1,-1,-1,4,1
201401FH10475,1,9,0,18,0,8,0,0,0,0,1,1,6,1,60,9,4806,1,1,5,1
201401FH10476,1,11,0,5,0,8,0,0,0,0,0,1,1,2,36,7,5400,2,2,2,1
201401FH10477,1,8,0,18,0,8,0,0,0,0,3,1,6,1,40,7,1598,2,3,-1,-1
201401FH10477,2,9,0,18,0,8,5,0,0,0,1,1,6,1,51,8,998,1,11,2,1
201401FH10478,1,9,0,4,0,1,0,0,0,0,3,1,6,2,30,6,1149,1,7,4,1
201401FH10478,2,3,0,13,0,1,0,0,0,0,4,1,6,1,27,6,125,1,3,2,1
201401FH10479,1,11,0,11,0,8,0,0,0,0,4,1,6,1,34,6,8268,2,12,3,1
201401FH10479,2,1,0,18,0,8,0,0,0,0,3,1,6,1,31,6,-1,-1,-1,4,1
201401FH10480,1,9,0,2,0,2,0,0,0,0,3,1,6,1,34,6,1968,2,6,7,1
201401FH10480,2,1,0,18,0,2,0,8,0,0,1,1,6,1,40,7,-1,-1,-1,4,1
201401FH10481,1,1,0,10,0,8,0,0,0,0,1,1,6,2,27,6,-1,-1,-1,4,1
201401FH10481,2,9,0,9,0,8,0,0,0,0,1,1,6,1,-1,-1,1997,2,1,-1,-1
201401FH10482,1,9,0,7,0,8,0,0,0,0,2,1,6,2,45,7,1896,2,10,3,1
201401FH10482,2,1,0,18,0,8,0,0,0,0,1,1,6,1,23,5,-1,-1,-1,4,1
201401FH10483,1,1,0,3,0,0,0,0,0,0,2,1,6,1,27,6,-1,-1,-1,4,1
201401FH10483,2,11,0,18,0,0,0,0,0,0,1,1,1,1,-1,-1,11967,2,11,2,1
201401FH10484,1,9,0,18,0,1,0,0,0,0,1,1,6,1,69,10,1339,8,2,5,1
201401FH10484,2,9,0,3,0,1,0,0,0,0,2,1,6,2,51,8,1595,1,15,7,1
201401FH10484,3,9,0,3,0,1,0,0,0,0,2,1,6,2,27,6,-1,-1,-1,5,1
201401FH10484,4,9,0,3,0,1,0,0,0,0,2,1,6,2,28,6,1598,1,3,7,1
201401FH10485,1,1,0,18,0,8,0,0,0,0,1,1,6,1,50,8,-1,-1,-1,5,1
201401FH10485,2,1,0,9,0,8,0,0,0,0,3,1,6,1,54,8,-1,-1,-1,6,1
201401FH10486,1,9,0,4,0,1,0,0,0,0,4,1,6,1,39,7,-1,-1,-1,9,1
201401FH10486,2,3,0,4,0,1,0,0,0,0,3,1,6,1,24,5,-1,-1,-1,5,1
201401FH10487,1,9,0,9,0,8,0,0,0,0,3,1,6,1,21,5,1596,1,6,1,1
201401FH10487,2,3,0,18,0,8,0,0,0,0,3,1,6,1,24,5,-1,-1,-1,1,1
201401FH10489,1,9,0,18,0,1,0,0,0,0,4,1,6,1,39,7,1986,2,7,6,1
201401FH10490,1,90,0,16,0,0,0,0,0,0,1,1,6,1,50,8,-1,-1,-1,7,3
201401FH10490,2,9,0,16,0,0,0,0,0,0,2,1,6,1,49,8,1396,1,5,5,1
201401FH10492,1,5,0,13,0,1,1,0,0,0,1,1,6,1,30,6,-1,-1,-1,3,1
201401FH10492,2,9,0,9,0,1,0,0,0,0,3,1,2,1,34,6,2499,1,8,4,1
201401FH10493,1,11,0,18,0,1,0,0,0,0,0,1,1,1,54,8,-1,-1,-1,-1,-1
201401FH10494,1,9,0,3,0,1,0,0,0,0,2,1,6,2,32,6,1398,2,1,5,1
201401FH10494,2,9,0,18,0,1,0,0,0,0,1,1,6,2,-1,-1,1363,2,12,-1,-1
201401FH10495,1,9,0,18,0,8,0,0,0,0,1,1,6,1,46,8,1598,1,6,3,1
201401FH10496,1,9,0,18,0,1,0,0,0,0,1,1,6,3,-1,-1,-1,-1,-1,-1,-1
201401FH10497,1,9,0,18,0,1,0,0,0,0,1,1,6,1,28,6,1587,1,16,3,1
201401FH10497,2,9,0,18,0,1,0,0,0,0,2,1,6,1,41,7,1570,1,-1,5,1
201401FH10498,1,9,0,18,0,0,0,4,0,0,4,1,6,1,44,7,1596,1,3,4,1
201401FH10498,2,9,0,2,0,0,0,0,0,0,4,1,6,2,-1,-1,1598,1,10,6,1
201401FH10498,3,9,0,2,0,0,0,0,0,0,1,1,6,1,45,7,1108,1,4,6,1
201401FH10498,4,3,0,2,0,0,0,0,0,0,4,1,6,1,45,7,150,1,1,6,1
201401FH10499,1,21,0,17,0,0,0,0,0,0,1,1,1,1,61,9,12419,2,2,7,1
201401FH10499,2,9,0,17,0,0,0,0,0,0,0,1,6,1,63,9,1240,1,9,2,1
201401FH10500,1,1,0,18,0,8,0,0,0,0,1,1,6,1,22,5,-1,-1,-1,9,1
201401FH10500,2,9,0,9,0,8,0,0,0,0,4,1,6,1,24,5,1595,1,2,4,1
201401FH10501,1,3,0,17,0,8,0,0,0,0,1,1,6,1,43,7,124,1,9,7,1
201401FH10501,2,9,0,16,0,8,0,0,0,0,1,1,6,2,34,6,1598,1,7,3,1
201401FH10502,1,5,0,18,0,8,0,0,0,0,1,1,6,1,37,7,997,1,10,4,1
201401FH10502,2,9,0,9,0,8,0,0,0,0,1,1,6,1,48,8,1794,1,9,7,1
201401FH10502,3,9,0,7,0,8,0,0,0,0,3,1,6,2,40,7,4999,1,1,7,1
201401FH10503,1,1,0,17,0,8,0,0,0,0,1,1,6,1,49,8,-1,-1,-1,2,1
201401FH10503,2,9,0,9,0,8,0,0,0,0,3,1,6,1,-1,-1,2996,1,7,-1,-1
201401FH10504,1,3,0,14,0,8,0,0,0,0,1,1,6,1,41,7,124,1,5,4,1
201401FH10504,2,9,0,9,0,8,0,0,0,0,1,1,6,2,46,8,998,1,3,-1,-1
201401FH10505,1,9,0,18,0,0,0,0,0,0,4,1,6,2,25,5,1598,1,7,4,1
201401FH10506,1,3,0,4,0,8,0,0,0,0,3,1,1,1,18,4,125,1,4,1,1
201401FH10507,1,9,0,9,0,8,0,0,0,0,1,1,6,2,24,5,1422,2,9,2,1
201401FH10507,2,3,0,18,2,8,0,0,0,0,3,1,6,1,21,5,125,1,4,3,1
201401FH10508,1,9,0,4,0,8,0,0,0,0,2,1,6,1,50,8,1796,1,6,5,1
201401FH10508,2,2,0,18,0,8,0,0,0,0,1,1,6,1,32,6,108,1,1,4,1
201401FH10509,1,11,0,4,0,8,0,0,0,0,0,1,1,1,64,9,4461,2,1,8,1
201401FH10510,1,11,0,4,0,8,0,0,0,0,0,1,1,1,-1,-1,9000,2,5,-1,-1
201401FH10510,2,9,0,12,0,8,0,0,0,0,0,1,6,3,-1,-1,998,1,8,-1,-1
201401FH10511,1,9,0,9,0,8,0,0,0,0,1,1,6,1,49,8,-1,-1,-1,6,1
201401FH10512,1,9,0,3,0,8,0,0,0,0,4,1,6,2,46,8,3997,2,6,6,1
201401FH10512,2,1,0,15,0,8,0,0,0,0,1,1,6,1,35,6,-1,-1,-1,9,1
201401FH10513,1,3,0,18,0,8,0,0,0,0,1,1,1,1,18,4,125,1,9,2,1
201401FH10513,2,9,0,18,0,8,0,0,0,0,1,1,6,2,38,7,2171,1,12,4,1
201401FH10514,1,9,0,18,0,8,0,0,0,0,1,1,6,1,42,7,1242,1,11,5,1
201401FH10515,1,3,0,18,0,8,0,0,0,0,1,1,6,1,21,5,-1,-1,-1,3,1
201401FH10515,2,9,0,18,0,8,0,0,0,0,1,1,6,1,30,6,1686,2,3,3,1
201401FH10516,1,11,0,2,0,8,0,0,0,0,0,1,6,1,50,8,8268,2,11,4,1
201401FH10517,1,21,0,7,0,8,0,0,0,0,4,1,1,1,35,6,12902,2,1,2,1
201401FH10517,2,1,0,17,0,8,0,0,0,0,1,1,6,2,37,7,-1,-1,-1,9,1
201401FH10518,1,9,0,17,0,8,0,0,0,0,1,1,6,2,50,8,4511,1,8,10,3
201401FH10518,2,1,0,17,0,8,0,0,0,0,2,1,6,1,37,7,-1,-1,-1,3,1
201401FH10519,1,9,0,9,0,8,0,0,0,0,1,1,6,1,25,5,999,1,3,3,1
201401FH10519,2,1,0,18,0,8,0,0,0,0,1,1,6,1,55,8,-1,-1,-1,4,1
201401FH10521,1,9,0,9,0,8,0,0,0,0,1,1,6,1,38,7,2993,2,4,3,1
201401FH10521,2,3,0,18,0,8,0,0,0,0,1,1,6,1,43,7,125,1,3,-1,-1
201401FH10522,1,9,0,18,0,8,0,0,0,0,1,1,6,3,-1,-1,1796,1,8,-1,-1
201401FH10523,1,3,0,18,0,8,0,0,0,0,1,1,6,1,29,6,125,1,-1,3,1
201401FH10523,2,9,0,9,0,8,0,0,0,0,3,1,6,1,71,10,1587,1,6,2,1
201401FH10524,1,4,0,4,0,8,0,0,0,0,1,1,6,1,43,7,398,1,19,10,1
201401FH10524,2,9,0,4,0,8,0,0,0,0,2,1,6,1,52,8,1598,1,13,9,1
201401FH10525,1,4,0,18,0,0,0,0,0,0,1,1,6,1,40,7,278,1,-1,1,1
201401FH10526,1,5,0,18,0,0,0,0,0,0,1,1,6,1,24,5,-1,-1,-1,-1,-1
201401FH10527,1,3,0,7,0,8,0,0,0,0,4,1,6,1,54,8,125,1,7,2,1
201401FH10527,2,1,0,18,0,8,0,0,0,0,1,1,6,1,38,7,-1,-1,-1,5,1
201401FH10528,1,3,0,18,0,1,0,0,0,0,3,1,1,1,28,6,108,1,4,2,1
201401FH10529,1,9,0,18,0,8,0,0,0,0,1,1,6,3,-1,-1,-1,-1,-1,-1,-1
201401FH10530,1,8,0,3,0,0,0,0,0,0,2,1,6,1,42,7,1997,2,2,1,1
201401FH10530,2,9,0,18,0,0,0,0,0,0,1,1,6,1,52,8,2188,2,9,2,1
201401FH10531,1,1,0,18,0,8,0,0,0,0,1,1,6,1,22,5,-1,-1,-1,2,1
201401FH10531,2,1,0,9,0,8,0,0,0,0,1,1,6,1,23,5,-1,-1,-1,2,1
201401FH10532,1,1,0,18,0,0,0,0,0,0,3,1,6,1,36,7,-1,-1,-1,6,1
201401FH10533,1,19,0,2,0,0,0,0,0,0,3,1,1,1,30,6,2198,2,1,3,1
201401FH10533,2,1,0,18,0,0,0,0,0,0,1,1,6,1,45,7,-1,-1,-1,8,1
201401FH10534,1,1,0,18,0,0,0,0,0,0,1,1,6,2,38,7,-1,-1,-1,8,1
201401FH10535,1,5,0,3,0,8,0,0,0,0,2,1,2,1,30,6,599,1,15,6,1
201401FH10535,2,9,0,4,0,8,1,0,0,0,1,1,6,1,55,8,2987,2,-1,-1,-1
201401FH10535,3,11,0,3,0,8,0,0,1,0,3,1,1,1,57,9,-1,-1,-1,4,1
201401FH10536,1,9,0,9,0,8,0,0,0,0,3,1,6,1,32,6,-1,-1,-1,9,1
201401FH10536,2,5,0,13,0,8,0,0,0,0,1,1,6,1,28,6,599,1,15,6,1
201401FH10537,1,8,0,18,0,8,0,0,0,0,4,1,1,1,52,8,1997,2,3,6,1
201401FH10537,2,9,0,4,0,8,0,0,7,0,1,1,6,2,28,6,1299,1,11,5,1
201401FH10538,1,9,0,9,0,8,0,0,0,0,1,1,1,1,51,8,1896,2,7,2,1
201401FH10538,2,1,0,18,0,8,0,0,0,0,1,1,1,1,51,8,-1,-1,-1,2,1
201401FH10539,1,5,0,18,0,0,0,0,0,0,1,1,2,1,48,8,645,1,-1,3,1
201401FH10539,2,3,0,5,0,0,0,0,0,0,2,1,2,1,37,7,123,1,14,9,1
201401FH10539,3,9,0,2,0,0,0,0,0,0,0,1,6,2,-1,-1,1598,2,2,-1,-1
201401FH10540,1,9,0,14,0,0,0,0,0,0,1,1,6,1,34,6,-1,-1,-1,5,1
201401FH10540,2,1,0,18,0,0,0,0,0,0,1,1,6,2,24,5,-1,-1,-1,2,1
201401FH10541,1,9,0,9,0,8,0,0,0,0,4,1,6,1,55,8,2995,1,2,3,1
201401FH10541,2,5,0,18,0,8,0,0,0,0,1,1,6,1,43,7,800,1,2,7,1
201401FH10542,1,9,0,17,0,8,0,0,0,0,3,1,6,1,-1,-1,-1,-1,-1,-1,-1
201401FH10542,2,1,0,7,0,8,0,0,0,0,1,1,1,1,26,6,-1,-1,-1,4,1
201401FH10543,1,9,0,9,0,8,0,0,0,0,3,1,6,1,39,7,1797,8,-1,7,3
201401FH10543,2,3,0,18,0,8,0,0,0,0,1,1,6,1,28,6,125,1,4,3,1
201401FH10543,3,5,0,18,0,8,0,0,0,0,1,1,6,1,39,7,-1,-1,-1,5,1
201401FH10544,1,1,0,4,4,0,0,0,0,0,1,1,6,1,22,5,-1,-1,-1,2,1
201401FH10545,1,9,0,16,0,8,0,0,0,0,1,1,6,1,47,8,3956,1,14,2,1
201401FH10545,2,3,0,16,0,8,0,0,0,0,4,1,6,1,-1,-1,124,1,-1,7,1
201401FH10546,1,1,0,4,0,8,0,0,0,0,1,1,2,1,31,6,-1,-1,-1,5,1
201401FH10546,2,9,0,9,0,8,0,0,0,0,1,1,6,1,-1,-1,1461,2,9,-1,-1
201401FH10548,1,1,0,9,0,8,0,0,0,0,2,1,6,1,64,9,-1,-1,-1,4,1
201401FH10548,2,9,0,9,0,8,0,0,0,0,1,1,6,1,-1,-1,-1,-1,-1,-1,-1
201401FH10549,1,5,0,14,0,8,0,0,0,0,1,1,2,1,28,6,899,1,15,-1,-1
201401FH10549,2,9,0,9,0,8,0,0,0,0,3,1,2,2,29,6,2204,2,6,-1,-1
201401FH10550,1,9,0,9,0,8,0,0,0,0,1,1,6,1,38,7,1598,1,5,9,1
201401FH10551,1,9,0,18,0,8,0,0,0,0,1,1,6,1,66,10,-1,-1,-1,3,1
201401FH10551,2,1,0,17,0,8,0,0,0,0,4,1,6,2,22,5,-1,-1,-1,5,1
201401FH10552,1,9,0,16,0,8,0,0,0,0,1,1,6,1,72,10,1396,1,11,4,1
201401FH10553,1,3,0,13,0,8,1,0,0,0,1,1,6,1,24,5,-1,-1,-1,3,1
201401FH10553,2,9,0,9,0,8,0,0,0,0,1,1,6,1,45,7,1390,1,4,7,1
201401FH10554,1,9,0,18,0,8,0,0,0,0,1,1,6,1,24,5,1390,1,3,6,1
201401FH10554,2,1,0,9,0,8,0,0,0,0,4,1,6,1,22,5,-1,-1,-1,4,1
201401FH10555,1,8,0,9,0,8,0,0,0,0,1,1,1,1,51,8,2402,2,11,9,2
201401FH10555,2,1,0,18,0,8,0,10,1,0,1,1,6,1,25,5,-1,-1,-1,6,1
201401FH10556,1,8,0,18,0,8,0,0,0,0,1,1,1,1,48,8,1956,2,3,5,1
201401FH10557,1,9,0,1,9,0,0,0,0,0,2,1,6,2,61,9,2295,1,14,10,2
201401FH10558,1,9,0,6,0,0,0,0,0,0,3,1,6,1,48,8,998,1,12,2,1
201401FH10558,2,5,0,18,0,0,0,0,0,0,1,1,6,1,30,6,600,1,7,1,1
201401FH10559,1,19,0,18,0,0,0,0,0,0,0,1,6,1,-1,-1,-1,-1,-1,-1,-1
201401FH10560,1,9,0,17,0,8,0,0,0,0,1,1,2,2,48,8,1895,1,16,6,1
201401FH10560,2,1,0,16,0,8,0,0,0,0,2,1,2,1,36,7,-1,-1,-1,6,1
201401FH10561,1,8,0,4,0,0,0,0,0,0,1,1,1,1,63,9,1797,8,3,4,1
201401FH10562,1,9,0,4,0,8,0,0,0,0,2,1,2,1,35,6,1598,1,8,5,1
201401FH10562,2,5,0,4,0,8,0,0,0,0,1,1,2,1,44,7,996,1,15,10,1
201401FH10563,1,9,0,2,0,8,0,0,0,0,3,1,6,1,45,7,2295,1,14,2,1