Accident_Index,Vehicle_Reference,Vehicle_Type,Towing_and_Articulation,Vehicle_Manoeuvre,Vehicle_Location-Restricted_Lane,Junction_Location,Skidding_and_Overturning,Hit_Object_in_Carriageway,Vehicle_Leaving_Carriageway,Hit_Object_off_Carriageway,1st_Point_of_Impact,Was_Vehicle_Left_Hand_Drive?,Journey_Purpose_of_Driver,Sex_of_Driver,Age_of_Driver,Age_Band_of_Driver,Engine_Capacity_(CC),Propulsion_Code,Age_of_Vehicle,Driver_IMD_Decile,Driver_Home_Area_Type
201401GD10199,1,11,0,5,0,0,0,0,0,0,0,1,6,2,33,6,6692,2,1,2,1
201401GD10200,1,20,0,18,0,2,0,0,0,0,3,1,1,1,35,6,-1,-1,-1,-1,-1
201401GD10200,2,3,0,13,0,2,0,0,0,0,4,1,6,1,45,7,998,1,12,9,1
201401GD10200,3,9,0,18,0,2,0,0,0,0,1,1,6,1,30,6,1968,2,7,-1,1
201401GD10201,1,9,0,9,0,8,0,0,0,0,4,1,6,2,-1,-1,1995,2,9,1,1
201401GD10201,2,9,0,18,0,8,0,0,0,0,1,1,6,1,37,7,1998,1,9,3,1
201401GD10202,1,9,0,9,0,8,0,0,0,0,3,1,6,2,27,6,1596,1,13,-1,1
201401GD10202,2,3,0,14,0,8,0,0,0,0,1,1,6,1,23,5,124,1,10,2,1
201401GD10203,1,5,0,18,0,1,0,0,0,0,1,1,1,1,17,4,124,1,7,-1,-1
201401GD10203,2,9,0,18,0,1,0,0,0,0,2,1,6,3,-1,-1,-1,-1,-1,-1,-1
201401GD10204,1,9,0,18,0,1,0,0,0,0,1,1,6,1,28,6,1360,1,11,4,1
201401GD10204,2,9,0,3,0,1,0,0,0,0,2,1,1,1,54,8,-1,-1,-1,1,1
201401GD10204,3,9,0,3,0,1,0,0,0,0,2,1,6,1,32,6,-1,-1,-1,3,1
201401GD10205,1,9,0,15,0,0,0,0,0,0,3,1,6,3,-1,-1,1995,2,5,-1,-1
201401GD10205,2,1,0,18,0,0,0,0,0,0,4,1,6,1,29,6,-1,-1,-1,1,1
201401GD10207,1,9,0,18,0,2,0,0,0,0,1,1,6,1,47,8,1399,2,7,3,1
201401GD10208,1,9,0,7,0,8,0,0,0,0,3,1,1,1,47,8,1685,2,2,1,1
201401GD10208,2,1,0,18,0,8,0,0,0,0,4,1,6,2,44,7,-1,-1,-1,1,1
201401GD10209,1,21,1,7,0,8,0,0,0,0,3,1,1,1,26,6,10837,2,2,7,1
201401GD10209,2,1,0,18,0,8,0,0,0,0,4,1,6,1,25,5,-1,-1,-1,-1,-1
201401GD10210,1,4,0,18,0,0,0,0,0,0,4,1,6,1,39,7,125,1,2,2,1
201401GD10211,1,11,0,5,0,1,0,0,0,0,3,1,1,1,36,7,-1,-1,-1,1,1
201401GD10211,2,9,0,5,0,1,0,0,0,0,4,1,6,1,22,5,1796,1,8,-1,-1
201401GD10212,1,3,0,18,0,8,0,0,0,0,4,1,6,1,22,5,-1,-1,-1,2,1
201401GD10212,2,9,0,7,0,8,0,0,0,0,0,1,6,3,-1,-1,1198,1,4,-1,-1
201401GD10213,1,8,0,9,0,8,0,0,0,0,4,1,1,1,46,8,1968,2,4,1,1
201401GD10213,2,1,0,18,0,8,0,0,0,0,1,1,6,1,35,6,-1,-1,-1,3,1
201401GD10214,1,9,0,9,0,2,0,0,0,0,1,1,1,1,46,8,-1,-1,-1,2,1
201401GD10214,2,90,0,18,0,1,0,0,0,0,3,1,6,1,83,11,-1,-1,-1,2,1
201401GD10215,1,9,0,18,0,8,0,0,0,0,4,1,6,1,29,6,1497,8,6,1,1
201401GD10215,2,1,0,18,0,8,0,0,0,0,1,1,6,1,38,7,-1,-1,-1,2,1
201401GD10216,1,9,0,18,0,1,0,0,0,0,1,1,6,1,33,6,-1,-1,-1,2,1
201401GD10216,2,9,0,9,0,5,0,0,0,0,4,1,6,1,27,6,-1,-1,-1,2,1
201401GD10217,1,9,0,18,0,8,0,0,0,0,1,1,6,2,26,6,1560,2,8,4,1
201401GD10217,2,1,0,18,0,8,0,0,0,0,4,1,6,1,28,6,-1,-1,-1,1,1
201401GD10218,1,9,0,18,0,0,0,0,0,0,1,1,6,3,-1,-1,-1,-1,-1,-1,-1
201401GD10219,1,9,0,18,0,0,0,0,0,0,1,1,6,2,20,4,1598,1,10,4,1
201401GD10220,1,1,0,9,0,8,0,0,0,0,4,1,6,2,32,6,-1,-1,-1,1,1
201401GD10220,2,3,0,18,0,8,0,0,0,0,1,1,6,1,29,6,124,1,7,2,1
201401GD10221,1,9,0,7,0,8,0,0,0,0,3,1,6,2,20,4,998,1,11,3,1
201401GD10221,2,1,0,14,0,8,0,0,0,0,1,1,6,1,48,8,-1,-1,-1,2,1
201401GD10222,1,9,0,18,0,8,0,0,0,0,1,1,6,3,-1,-1,-1,-1,-1,-1,-1
201401GD10223,1,9,0,9,0,2,0,0,0,0,3,1,6,1,50,8,1798,1,7,1,1
201401GD10224,1,9,0,17,0,8,0,10,7,10,4,1,1,1,24,5,1796,1,13,3,1
201401GD10225,1,19,0,7,0,8,0,0,0,0,1,1,6,1,24,5,2402,2,12,2,1
201401GD10225,2,5,0,18,0,8,0,0,0,0,4,1,1,1,38,7,-1,-1,-1,2,1
201401GD10226,1,8,0,9,0,8,0,0,0,0,0,1,6,1,59,9,-1,-1,-1,2,1
201401GD10226,2,4,0,18,0,8,0,0,0,0,3,1,6,2,32,6,96,1,7,3,1
201401GD10227,1,9,0,18,0,0,0,0,0,0,1,1,6,1,60,9,1390,1,16,2,1
201401GD10227,2,9,0,18,0,0,0,0,0,0,1,1,6,3,-1,-1,1587,1,7,-1,-1
201401GD10229,1,8,0,9,0,5,0,0,0,0,4,1,1,1,30,6,1910,2,6,2,1
201401GD10229,2,5,0,15,2,8,0,0,0,0,1,1,6,1,39,7,600,1,13,2,1
201401GD10230,1,9,0,18,0,1,0,0,0,0,1,1,6,2,-1,-1,1598,1,11,1,1
201401GD10232,1,9,0,18,0,2,0,0,0,0,2,1,6,1,27,6,2987,2,1,8,1
201401GD10232,2,9,0,18,0,2,0,0,0,0,1,1,6,1,-1,-1,1988,1,12,1,1
201401GD10234,1,11,0,5,0,1,0,0,0,0,0,1,1,2,56,9,4760,2,1,4,1
201401GD10235,1,9,0,6,0,2,0,0,0,0,3,1,6,1,-1,-1,-1,-1,-1,-1,-1
201401GD10235,2,1,0,18,0,2,0,0,0,0,1,1,6,1,40,7,-1,-1,-1,6,1
201401GD10236,1,9,0,7,2,6,0,0,0,0,3,1,6,2,63,9,1339,1,12,3,1
201401GD10236,2,11,0,18,2,1,0,0,0,0,1,1,1,1,35,6,7300,2,11,2,1
201401GD10236,3,19,0,9,0,5,0,0,0,0,3,1,1,1,30,6,2402,2,6,3,1
201401GD10237,1,9,0,18,9,8,0,0,0,0,1,1,6,3,-1,-1,-1,-1,-1,-1,-1
201401GD10239,1,1,0,18,0,8,0,0,0,0,4,1,2,1,25,5,-1,-1,-1,2,1
201401GD10239,2,9,0,18,0,8,0,0,0,0,1,1,6,2,-1,-1,-1,-1,-1,-1,-1
201401GD10240,1,9,0,7,9,0,0,0,0,0,4,1,6,1,56,9,1598,1,10,3,1
201401GD10240,2,1,0,18,9,0,0,0,0,0,1,1,6,2,13,3,-1,-1,-1,2,1
201401GD10241,1,1,0,18,0,8,0,0,0,0,3,1,6,2,47,8,-1,-1,-1,2,1
201401GD10241,2,9,0,7,0,8,0,0,0,0,4,1,6,3,-1,-1,-1,-1,-1,-1,-1
201401GD10242,1,19,0,18,0,0,0,0,0,0,1,1,6,1,-1,-1,2178,2,9,9,3
201401GD10243,1,8,0,18,0,0,0,0,0,0,1,1,1,1,59,9,1794,1,8,3,1
201401GD10244,1,9,0,18,0,8,0,0,0,0,1,1,6,1,65,9,2435,1,17,3,1
201401GD10244,2,1,0,18,0,8,0,0,0,0,4,1,6,2,29,6,-1,-1,-1,2,1
201401GD10245,1,19,0,9,0,0,0,0,0,0,4,1,6,1,45,7,-1,-1,-1,3,1
201401GD10245,2,3,0,15,2,0,0,0,0,0,1,1,6,1,37,7,49,1,1,4,1
201401GD10246,1,9,0,3,0,2,0,0,0,0,4,1,1,1,36,7,-1,-1,-1,-1,-1
201401GD10246,2,1,0,15,0,2,0,8,0,0,1,1,6,1,38,7,-1,-1,-1,1,1
201401GD10247,1,9,0,4,0,1,0,0,0,0,3,1,6,1,34,6,1339,8,6,1,1
201401GD10247,2,1,0,13,0,1,0,0,0,0,4,1,6,2,29,6,-1,-1,-1,-1,-1
201401GD10248,1,9,0,18,0,2,0,0,7,10,1,1,6,1,70,10,1124,1,12,1,1
201401GD10248,2,9,0,18,0,2,0,0,0,0,1,1,6,1,52,8,999,1,1,8,1
201401GD10249,1,9,0,7,0,1,0,0,0,0,0,1,6,1,39,7,1910,2,8,2,1
201401GD10249,2,1,0,15,0,1,0,0,0,0,4,1,6,1,33,6,-1,-1,-1,2,1
201401GD10250,1,9,0,9,0,8,0,0,0,0,4,1,6,2,49,8,-1,-1,-1,-1,-1
201401GD10250,2,1,0,15,0,8,0,0,0,0,1,1,6,1,31,6,-1,-1,-1,4,2
201401GD10253,1,11,0,18,2,1,0,0,0,0,0,1,1,2,21,5,6692,2,3,9,1
201401GD10254,1,9,0,18,0,8,0,0,0,0,4,1,6,2,44,7,1984,1,8,3,1
201401GD10254,2,9,0,9,0,8,0,0,0,0,1,1,6,1,41,7,1968,2,5,3,1
201401GD10255,1,1,0,18,0,1,0,8,0,0,1,1,6,2,29,6,-1,-1,-1,2,1
201401GD10255,2,9,0,2,0,1,0,0,0,0,3,1,6,1,-1,-1,-1,-1,-1,-1,-1
201401GD10256,1,8,0,18,0,1,0,0,0,0,1,1,6,1,39,7,1598,2,-1,3,1
201401GD10257,1,9,0,3,0,1,0,0,0,0,1,1,6,1,25,5,1396,1,13,3,1
201401GD10257,2,9,0,9,0,8,0,7,0,0,1,1,6,3,-1,-1,1995,1,7,-1,-1
201401GD10258,1,19,0,18,0,1,0,0,0,0,4,1,1,1,46,8,-1,-1,-1,6,1
201401GD10258,2,2,0,15,0,1,0,0,0,0,1,1,1,1,35,6,108,1,4,2,1
201401GD10259,1,9,0,5,0,8,0,0,0,0,3,1,6,1,27,6,1968,2,4,2,1
201401GD10259,2,9,0,18,0,8,0,0,0,0,1,1,6,1,55,8,1984,2,4,2,1
201401GD10260,1,9,0,5,0,1,0,0,0,0,1,1,6,1,28,6,-1,-1,-1,1,1
201401GD10261,1,5,0,13,0,8,0,0,0,0,1,1,2,1,40,7,1203,1,6,3,1
201401GD10261,2,9,0,9,0,8,0,0,0,0,3,1,1,1,18,4,-1,-1,-1,2,1
201401GD10262,1,5,0,18,0,0,1,0,0,0,1,1,6,1,40,7,-1,-1,-1,8,1
201401GD10262,2,9,0,11,0,0,0,0,0,0,4,1,6,3,-1,-1,-1,-1,-1,-1,-1
201401GD10263,1,11,0,4,0,2,0,0,0,0,0,1,6,1,55,8,4500,2,3,2,1
201401GD10264,1,5,0,7,0,8,0,0,0,0,1,1,1,1,53,8,891,1,20,4,1
201401GD10264,2,9,0,18,0,8,0,0,0,0,4,1,1,1,28,6,-1,-1,-1,4,1
201401GD10265,1,8,0,3,0,8,0,0,0,0,4,1,1,1,43,7,-1,-1,-1,2,1
201401GD10265,2,1,0,4,0,8,0,8,0,0,1,1,6,1,44,7,-1,-1,-1,2,1
201401GD10266,1,9,0,5,0,1,0,0,0,0,1,1,6,2,32,6,-1,-1,-1,10,1
201401GD10266,2,9,0,3,0,1,0,0,0,0,2,1,6,1,30,6,-1,-1,-1,2,1
201401GD10267,1,1,0,18,0,1,0,0,0,0,1,1,6,2,29,6,-1,-1,-1,-1,1
201401GD10267,2,9,0,18,0,1,0,0,0,0,2,1,6,1,36,7,1597,1,15,-1,-1
201401GD10267,3,9,0,9,0,6,0,0,0,0,0,1,6,3,-1,-1,-1,-1,-1,-1,-1
201401GD10267,4,9,0,18,0,1,0,0,0,0,3,1,6,3,-1,-1,-1,-1,-1,-1,-1
201401GD10269,1,9,0,2,0,2,0,0,0,0,4,1,6,1,24,5,3189,1,10,1,1
201401GD10269,2,19,0,18,0,1,0,0,0,0,3,1,6,3,-1,-1,-1,-1,-1,-1,-1
201401GD10270,1,9,0,18,0,1,5,4,0,0,4,1,6,1,53,8,1461,2,13,1,1
201401GD10270,2,9,0,2,0,1,0,0,0,0,3,1,6,3,-1,-1,-1,-1,-1,-1,-1
201401GD10271,1,3,0,18,0,8,0,0,0,0,1,1,6,1,41,7,-1,-1,-1,1,1
201401GD10271,2,9,0,9,0,8,0,0,0,0,3,1,6,2,-1,-1,1242,1,1,-1,-1
201401GD10272,1,9,0,1,0,0,0,0,0,0,4,1,6,1,42,7,1995,2,4,4,1
201401GD10273,1,1,0,7,0,8,0,0,0,0,3,1,6,2,23,5,-1,-1,-1,3,1
201401GD10273,2,20,0,18,0,8,0,0,0,0,4,1,6,3,-1,-1,-1,-1,-1,-1,-1
201401GD10275,1,9,0,18,0,1,0,0,0,0,3,1,6,1,29,6,1679,1,13,4,1
201401GD10275,2,9,0,7,0,2,0,0,0,0,3,1,6,1,70,10,1596,1,10,4,1
201401GD10276,1,9,0,18,0,8,0,0,0,0,1,1,1,1,43,7,2231,2,5,2,1
201401GD10276,2,9,0,18,0,8,0,0,0,0,3,1,6,1,53,8,-1,-1,-1,-1,-1
201401GD10277,1,11,0,5,0,1,0,0,0,0,4,1,1,1,59,9,6700,2,6,4,1
201401GD10279,1,9,0,18,0,0,0,0,0,0,4,1,6,1,34,6,2967,2,6,4,1
201401GD10279,2,1,0,18,0,0,0,0,0,0,3,1,6,1,37,7,-1,-1,-1,1,1
201401GD10280,1,9,0,14,0,2,0,0,0,0,4,1,6,1,42,7,1988,1,10,5,1
201401GD10283,1,9,0,18,0,0,0,0,0,0,1,1,6,3,-1,-1,-1,-1,-1,-1,-1
201401GD10284,1,9,0,18,0,8,0,0,0,0,1,1,6,1,23,5,1596,1,5,-1,1
201401GD10284,2,9,0,9,0,8,0,0,0,0,4,1,6,1,33,6,1995,2,1,-1,1
201401GD10287,1,9,0,4,9,1,0,0,0,0,4,1,6,2,51,8,-1,-1,-1,-1,-1
201401GD10288,1,9,0,2,0,2,0,0,0,0,2,1,1,1,48,8,3246,1,10,3,1
201401GD10288,2,11,0,9,0,2,0,0,0,0,1,1,1,1,48,8,4760,2,2,3,1
201401GD10289,1,9,0,18,0,8,0,0,0,0,4,1,6,1,28,6,1598,1,8,2,1
201401GD10289,2,9,0,9,0,8,0,0,0,0,1,1,6,1,32,6,1229,1,2,3,1
201401GD10290,1,1,0,18,0,1,0,10,0,0,4,1,6,2,33,6,-1,-1,-1,2,1
201401GD10291,1,3,0,7,0,5,0,0,0,0,4,1,1,1,29,6,-1,-1,-1,3,1
201401GD10291,2,9,0,9,0,5,0,0,0,0,0,1,1,1,20,4,-1,-1,-1,1,1
201401GD10292,1,8,0,18,0,0,0,4,0,0,1,1,1,3,-1,-1,-1,-1,-1,-1,-1
201401GD10292,2,9,0,2,0,0,0,0,0,0,1,1,6,3,-1,-1,-1,-1,-1,-1,-1
201401GD10293,1,4,0,18,0,8,0,0,0,0,1,1,6,1,33,6,125,1,-1,3,1
201401GD10293,2,8,0,18,0,8,0,0,0,0,3,1,6,1,42,7,1796,1,5,-1,1
201401GD10294,1,9,0,9,0,8,5,0,0,0,4,1,6,1,24,5,-1,-1,-1,1,1
201401GD10294,2,9,0,18,0,8,0,0,0,0,1,1,6,1,41,7,2254,1,15,2,1
201401GD10295,1,19,0,9,0,8,0,0,0,0,4,1,1,1,37,7,-1,-1,-1,1,1
201401GD10295,2,1,0,18,0,8,0,0,0,0,1,1,6,1,26,6,-1,-1,-1,1,1
201401GD10296,1,9,0,18,0,1,0,0,0,0,1,1,1,1,36,7,-1,-1,-1,4,1
201401GD10297,1,2,0,18,0,8,0,0,0,0,1,1,1,1,22,5,125,1,2,-1,1
201401GD10297,2,9,0,18,0,8,0,0,0,0,4,1,6,1,60,9,1598,1,14,1,1
201401GD10298,1,9,0,3,0,1,0,0,0,0,2,1,6,1,28,6,1598,1,1,1,1
201401GD10298,2,9,0,18,0,1,0,0,0,0,1,1,6,1,-1,-1,-1,-1,-1,3,1
201401GD10299,1,8,0,18,0,2,0,0,0,0,1,1,1,1,59,9,1997,2,6,2,1
201401GD10300,1,8,0,18,0,8,0,0,0,0,1,1,1,1,36,7,2499,2,3,3,1
201401GD10300,2,1,0,9,0,8,0,0,0,0,4,1,6,1,32,6,-1,-1,-1,1,1
201401GD10301,1,9,0,18,0,1,0,0,0,0,1,1,6,1,25,5,2720,2,9,-1,-1
201401GD10301,2,9,0,3,0,1,0,0,0,0,2,1,6,2,51,8,1590,1,9,1,1
201401GD10302,1,9,0,9,0,2,0,0,0,0,3,1,6,2,28,6,1198,1,6,1,1
201401GD10303,1,8,0,18,0,0,0,0,0,0,4,1,1,1,59,9,2664,2,15,5,1
201401GD10303,2,9,0,5,0,0,0,4,0,0,3,1,6,1,24,5,1995,2,4,1,1
201401GD10303,3,9,0,2,0,0,0,0,0,0,3,1,6,3,-1,-1,1248,2,5,-1,-1
201401GD10304,1,9,0,18,0,8,0,0,0,0,4,1,6,1,62,9,-1,-1,-1,3,1
201401GD10304,2,9,0,18,0,8,0,0,0,0,1,1,6,3,-1,-1,-1,-1,-1,-1,-1
201401GD10305,1,9,0,9,0,2,0,0,0,0,3,1,6,1,20,4,1360,1,14,1,1
201401GD10306,1,9,0,3,0,1,0,0,0,0,2,1,6,1,44,7,1995,2,13,2,1
201401GD10306,2,9,0,18,0,1,0,0,0,0,1,1,1,1,38,7,1560,2,7,2,1
201401GD10306,3,9,0,3,0,1,0,0,0,0,2,1,1,1,30,6,796,1,14,1,1
201401GD10309,1,1,0,18,0,8,0,0,0,0,4,1,6,1,20,4,-1,-1,-1,1,1
201401GD10309,2,8,0,9,0,8,0,0,0,0,1,1,6,1,-1,-1,1896,2,6,-1,-1
201401GD10310,1,9,0,18,0,8,0,0,0,0,3,1,1,1,23,5,-1,-1,-1,2,1
201401GD10310,2,9,0,6,0,8,0,0,0,0,4,1,1,1,44,7,1910,2,5,2,1
201401GD10311,1,1,0,3,0,1,0,0,0,0,1,1,6,1,56,9,-1,-1,-1,-1,1
201401GD10311,2,19,0,9,0,2,0,0,0,0,3,1,6,3,-1,-1,-1,-1,-1,-1,-1
201401GD10312,1,9,0,4,0,2,0,0,0,0,2,1,6,1,40,7,1997,2,5,1,1
201401GD10312,2,9,0,18,0,2,0,0,0,0,1,1,6,1,24,5,1896,2,6,1,1
201401GD10313,1,9,0,4,0,1,0,0,0,0,2,1,6,2,33,6,-1,-1,-1,-1,-1
201401GD10313,2,9,0,18,0,1,0,0,0,0,1,1,6,1,33,6,1497,8,7,-1,-1
201401GD10314,1,9,0,18,0,1,0,0,0,0,4,1,6,3,-1,-1,-1,-1,-1,-1,-1
201401GD10315,1,9,0,18,0,0,0,0,0,0,2,1,6,1,34,6,2362,1,12,3,1
201401GD10315,2,9,0,18,0,0,0,0,0,0,1,1,6,1,-1,-1,2362,1,12,3,1
201401GD10316,1,9,0,4,0,8,0,0,0,0,4,1,6,1,33,6,2993,2,2,7,1
201401GD10316,2,1,0,7,0,8,0,0,0,0,1,1,6,1,54,8,-1,-1,-1,-1,1
201401GD10317,1,8,0,18,0,1,0,0,0,0,1,1,6,3,-1,-1,1390,1,6,-1,-1
201401GD10318,1,11,0,7,0,2,0,11,0,0,4,1,6,3,-1,-1,-1,-1,-1,-1,-1
201401GD10319,1,4,0,18,0,1,0,0,0,0,3,1,6,1,27,6,998,1,12,-1,-1
201401GD10319,2,9,0,11,0,1,0,0,0,0,4,1,6,1,55,8,1997,2,6,-1,-1
201401GD10320,1,11,0,5,0,2,0,0,0,0,4,1,6,3,-1,-1,6692,2,1,-1,-1
201401GD10321,1,9,0,7,0,8,0,0,0,0,3,1,6,1,26,6,1995,1,8,2,1
201401GD10321,2,1,0,18,0,8,0,0,0,0,1,1,6,1,45,7,-1,-1,-1,2,1
201401GD10322,1,9,0,18,0,1,0,0,0,0,1,1,6,2,29,6,-1,-1,-1,2,1
201401GD10322,2,9,0,4,0,1,0,0,0,0,2,1,6,1,51,8,1995,2,4,6,1
201401GD10323,1,8,0,18,0,8,0,0,0,0,1,1,1,1,28,6,1598,1,4,3,1
201401GD10323,2,9,0,9,0,8,0,0,0,0,3,1,6,1,31,6,1149,1,6,-1,1
201401GD10324,1,11,0,18,0,1,0,0,0,0,1,1,1,1,54,8,4760,2,3,-1,-1
201401GD10325,1,9,0,18,0,2,0,0,0,0,1,1,6,1,33,6,-1,-1,-1,1,1
201401GD10326,1,1,0,18,0,8,0,0,0,0,1,1,1,1,26,6,-1,-1,-1,-1,-1
201401GD10326,2,3,0,9,0,8,0,0,0,0,1,1,6,3,-1,-1,-1,-1,-1,-1,-1
201401GD10327,1,9,0,18,0,8,0,0,0,0,1,1,6,1,51,8,1360,1,11,2,1
201401GD10327,2,1,0,18,9,8,0,0,0,0,2,1,6,1,41,7,-1,-1,-1,-1,-1
201401GD10329,1,9,0,7,0,8,0,0,0,0,4,1,1,1,50,8,1968,2,7,3,1
201401GD10329,2,2,0,18,2,8,1,0,0,0,1,1,6,1,36,7,-1,-1,-1,5,1
201401GD10330,1,9,0,18,0,0,0,0,0,0,1,1,6,1,23,5,1497,8,7,1,1
201401GD10330,2,9,0,18,0,0,0,0,0,0,1,1,6,1,32,6,1781,1,11,5,1
201401GD10332,1,21,0,18,0,1,0,0,0,0,1,1,1,1,47,8,9186,2,1,5,1
201401GD10332,2,1,0,18,0,1,0,0,0,0,2,1,6,1,22,5,-1,-1,-1,2,1
201401GD10333,1,9,0,5,0,0,0,0,0,0,3,1,6,1,47,8,1798,1,1,2,1
201401GD10333,2,1,0,14,0,0,0,0,0,0,4,1,6,1,33,6,-1,-1,-1,2,1
201401GD10335,1,3,0,9,0,8,0,0,0,0,3,1,6,1,27,6,-1,-1,-1,8,1
201401GD10335,2,9,0,13,0,8,0,0,0,0,1,1,6,2,37,7,2993,2,4,1,1
201401GD10337,1,9,0,9,0,2,0,0,0,0,1,1,1,1,61,9,-1,-1,-1,2,1
201401GD10339,1,9,0,9,0,0,0,0,0,0,4,1,1,1,58,9,1598,1,6,3,1
201401GD10339,2,1,0,18,0,0,0,0,0,0,1,1,6,1,34,6,-1,-1,-1,2,1
201401GD10341,1,11,0,18,0,1,0,0,0,0,0,1,1,1,40,7,6692,2,1,2,1
201401GD10342,1,11,0,3,0,1,0,0,0,0,4,1,1,1,33,6,8268,2,10,-1,-1
201401GD10343,1,9,0,9,0,8,0,0,0,0,3,1,6,2,54,8,1386,1,6,1,1
201401GD10343,2,9,0,7,0,8,0,0,0,0,2,1,6,2,69,10,1956,2,2,1,1
201401GD10343,3,9,0,7,0,8,0,0,0,0,1,1,6,1,20,4,1598,1,7,1,1
201401GD10344,1,9,0,3,0,1,0,0,0,0,2,1,6,1,36,7,1368,1,2,2,1
201401GD10344,2,9,0,18,0,1,0,0,0,0,1,1,6,1,-1,-1,1968,2,5,2,1
201401GD10345,1,9,0,18,0,2,0,0,0,0,3,1,6,3,-1,-1,-1,-1,-1,-1,-1
201401GD10346,1,11,0,18,3,8,0,0,0,0,1,1,1,1,22,5,7300,2,11,1,1
201401GD10346,2,9,0,7,0,8,0,0,0,0,3,1,1,1,41,7,1497,8,7,1,1
201401GD10347,1,4,0,18,0,8,0,0,0,0,4,1,6,1,32,6,279,1,7,10,1
201401GD10347,2,9,0,5,0,8,0,0,0,0,1,1,6,1,38,7,-1,-1,-1,2,1
201401GD10348,1,9,0,18,0,1,0,0,0,0,1,1,6,2,51,8,2495,2,9,4,1
201401GD10349,1,8,0,6,0,0,0,0,0,0,4,1,1,1,46,8,1390,1,7,4,1
201401GD10349,2,4,0,14,0,0,0,0,0,0,1,1,6,1,36,7,124,1,8,2,1
201401GD10350,1,8,0,3,0,0,0,0,0,0,3,1,1,1,34,6,1598,1,4,3,1
201401GD10350,2,1,0,18,0,0,0,0,0,0,1,1,6,1,40,7,-1,-1,-1,1,1
201401GD10351,1,9,0,5,0,8,0,0,0,0,3,1,6,2,23,5,1388,1,11,1,1
201401GD10351,2,1,0,18,0,8,0,0,0,0,4,1,6,1,24,5,-1,-1,-1,4,1
201401GD10352,1,9,0,11,0,1,0,0,0,0,4,1,1,1,50,8,-1,-1,-1,2,1
201401GD10352,2,1,0,18,0,1,0,0,0,0,3,1,6,1,38,7,-1,-1,-1,5,1
201401GD10354,1,9,0,2,0,0,0,0,0,0,3,1,6,2,37,7,2401,2,10,1,1
201401GD10354,2,1,0,18,0,0,0,0,0,0,1,1,6,2,35,6,-1,-1,-1,-1,1
201401GD10355,1,19,0,5,0,8,0,0,0,0,1,1,6,2,-1,-1,-1,-1,-1,-1,-1
201401GD10355,2,1,0,18,0,8,0,0,0,0,2,1,6,2,28,6,-1,-1,-1,1,1
201401GD10356,1,9,0,18,0,1,0,0,0,0,1,1,1,1,59,9,1598,1,6,3,1
201401GD10356,2,1,0,18,0,1,0,0,0,0,3,1,2,1,41,7,-1,-1,-1,-1,1
201401GD10357,1,9,0,18,0,0,0,0,0,0,2,1,6,1,-1,-1,5998,1,3,-1,-1
201401GD10357,2,9,0,18,0,0,0,0,0,0,1,1,6,3,-1,-1,1396,1,13,-1,-1
201401GD10358,1,8,0,18,0,1,0,0,0,0,3,1,2,1,34,6,1798,8,-1,2,1
201401GD10359,1,19,0,7,8,0,0,0,0,0,4,1,6,1,-1,-1,2198,2,4,-1,-1
201401GD10359,2,1,0,18,0,0,0,0,0,0,3,1,6,1,42,7,-1,-1,-1,-1,-1
201401GD10360,1,9,0,17,0,0,0,0,0,0,1,1,6,1,-1,-1,-1,-1,-1,-1,-1
201401GD10361,1,9,0,9,0,5,0,0,0,0,4,1,6,2,72,10,1360,1,12,4,1
201401GD10361,2,4,0,15,0,8,0,0,0,0,1,1,6,2,23,5,124,1,5,-1,1
201401GD10362,1,9,0,3,0,1,0,0,0,0,2,1,6,2,50,8,1587,1,14,1,1
201401GD10362,2,9,0,18,0,1,0,0,0,0,1,1,6,3,-1,-1,1388,1,12,-1,-1
201401GD10363,1,1,0,18,0,8,0,0,0,0,1,1,6,2,23,5,-1,-1,-1,1,1
201401GD10363,2,9,0,9,0,8,0,0,0,0,4,1,6,3,-1,-1,-1,-1,-1,-1,-1
201401GD10364,1,9,0,15,0,1,0,0,0,0,4,1,6,1,43,7,1686,2,4,1,1
201401GD10364,2,19,0,3,0,1,0,0,0,0,3,1,6,1,-1,-1,-1,-1,-1,-1,-1
201401GD10365,1,9,0,18,0,8,0,0,0,0,4,1,6,1,56,9,2143,2,4,-1,-1
201401GD10365,2,3,0,18,0,8,0,0,0,0,3,1,6,1,31,6,124,1,3,2,1
201401GD10367,1,9,0,9,0,8,0,0,0,0,1,1,6,1,44,7,2198,1,6,3,1
201401GD10367,2,1,0,18,0,8,0,0,0,0,3,1,6,1,30,6,-1,-1,-1,1,1
201401GD10368,1,9,0,18,0,1,0,4,1,10,4,1,6,1,41,7,-1,-1,-1,2,1
201401GD10368,2,19,0,2,0,1,0,0,0,0,4,1,1,1,32,6,2287,2,6,3,1
201401GD10369,1,2,0,18,0,1,0,0,0,0,3,1,6,1,35,6,125,1,7,4,1
201401GD10371,1,1,0,18,0,1,0,0,0,0,3,1,6,1,48,8,-1,-1,-1,2,1
201401GD10371,2,9,0,13,0,1,0,0,0,0,4,1,6,1,-1,-1,2171,1,11,-1,-1
201401GD10372,1,9,0,3,0,8,0,0,0,0,2,1,6,1,53,8,1997,2,8,4,1
201401GD10372,2,9,0,18,0,8,0,0,0,0,1,1,6,3,-1,-1,-1,-1,-1,-1,-1
201401GD10373,1,9,0,7,0,8,0,0,0,0,1,1,1,1,48,8,2378,1,10,1,1
201401GD10373,2,9,0,16,0,8,0,0,0,0,4,1,1,1,27,6,1896,2,9,2,1
201401GD10374,1,1,0,18,0,8,0,0,0,0,3,1,6,2,29,6,-1,-1,-1,-1,-1
201401GD10374,2,9,0,9,0,8,0,0,0,0,1,1,6,1,-1,-1,1587,1,7,-1,-1
201401GD10375,1,1,0,18,0,1,0,0,0,0,3,1,2,1,31,6,-1,-1,-1,4,1
201401GD10375,2,19,0,7,0,5,0,0,0,0,4,1,6,1,-1,-1,2151,2,10,-1,-1