Accident_Index,Vehicle_Reference,Vehicle_Type,Towing_and_Articulation,Vehicle_Manoeuvre,Vehicle_Location-Restricted_Lane,Junction_Location,Skidding_and_Overturning,Hit_Object_in_Carriageway,Vehicle_Leaving_Carriageway,Hit_Object_off_Carriageway,1st_Point_of_Impact,Was_Vehicle_Left_Hand_Drive?,Journey_Purpose_of_Driver,Sex_of_Driver,Age_of_Driver,Age_Band_of_Driver,Engine_Capacity_(CC),Propulsion_Code,Age_of_Vehicle,Driver_IMD_Decile,Driver_Home_Area_Type
201401GD10750,2,9,0,9,0,2,0,0,0,0,1,1,6,1,49,8,2967,2,6,2,1
201401GD10751,1,9,0,9,0,8,0,0,0,0,4,1,6,1,54,8,1749,1,13,1,1
201401GD10751,2,1,0,15,0,8,0,0,0,0,1,1,6,1,31,6,-1,-1,-1,-1,-1
201401GD10752,1,9,0,18,0,0,0,0,0,0,3,1,2,1,32,6,-1,-1,-1,8,1
201401GD10752,2,9,0,18,0,0,0,0,0,0,3,1,2,1,36,7,-1,-1,-1,2,1
201401GD10753,1,9,0,9,0,0,0,0,0,0,3,1,1,1,27,6,2191,2,1,5,1
201401GD10753,2,4,0,13,0,0,0,0,0,0,4,1,2,1,32,6,124,1,7,1,1
201401GD10755,1,9,0,3,0,2,0,0,0,0,3,1,1,1,35,6,-1,-1,-1,1,1
201401GD10755,2,1,0,13,0,1,0,0,0,0,3,1,6,1,17,4,-1,-1,-1,10,1
201401GD10756,1,19,0,18,0,1,0,0,0,0,1,1,1,1,45,7,1560,2,3,8,1
201401GD10757,1,9,0,7,0,2,0,0,0,0,1,1,6,3,-1,-1,-1,-1,-1,-1,-1
201401GD10758,1,9,0,18,0,1,0,0,0,0,1,1,6,1,22,5,999,1,6,2,1
201401GD10759,1,1,0,18,0,8,0,0,0,0,1,1,6,2,22,5,-1,-1,-1,-1,1
201401GD10759,2,9,0,9,0,8,0,0,0,0,4,1,6,3,-1,-1,2204,2,5,-1,-1
201401GD10760,1,8,0,5,0,8,0,0,0,0,2,1,1,1,53,8,1896,2,4,6,1
201401GD10760,2,1,0,5,0,8,0,0,0,0,1,1,6,1,41,7,-1,-1,-1,2,1
201401GD10762,1,9,0,18,0,1,0,0,0,0,1,1,6,2,55,8,1956,2,-1,1,1
201401GD10762,2,9,0,3,0,1,0,0,0,0,2,1,6,1,37,7,2362,1,12,3,1
201401GD10763,1,9,0,18,0,8,0,0,0,0,3,1,6,1,30,6,1395,1,-1,-1,-1
201401GD10764,1,3,0,18,0,2,0,0,0,0,2,1,6,1,25,5,124,1,5,2,1
201401GD10764,2,9,0,18,0,2,0,0,0,0,1,1,1,1,67,10,-1,-1,-1,9,1
201401GD10765,1,3,0,14,0,8,0,0,0,0,1,1,6,1,32,6,124,1,4,-1,1
201401GD10765,2,9,0,9,0,8,0,0,0,0,4,1,6,1,-1,-1,1560,2,4,-1,-1
201401GD10767,1,9,0,18,0,8,0,0,0,0,4,1,6,1,44,7,-1,-1,-1,2,1
201401GD10767,2,9,0,9,0,8,0,0,0,0,1,1,6,1,-1,-1,1686,2,4,-1,-1
201401GD10768,1,1,0,18,0,2,0,0,0,0,1,1,6,3,-1,-1,-1,-1,-1,-1,-1
201401GD10769,1,9,0,18,0,8,0,4,0,0,4,1,6,3,-1,-1,-1,-1,-1,-1,-1
201401GD10769,2,9,0,2,0,8,0,0,0,0,4,1,6,1,47,8,2435,1,15,2,1
201401GD10770,1,9,0,18,0,1,0,0,0,0,4,1,6,2,26,6,1229,1,-1,-1,-1
201401GD10770,2,9,0,12,0,1,0,0,0,0,2,1,6,3,-1,-1,2148,2,13,-1,-1
201401GD10771,1,9,0,9,0,1,0,0,0,0,2,1,6,1,25,5,1995,2,-1,-1,1
201401GD10771,2,9,0,4,0,1,0,0,0,0,2,1,6,2,40,7,1596,1,2,1,1
201401GD10771,3,9,0,18,0,1,0,0,0,0,1,1,6,1,30,6,1995,2,4,4,1
201401GD10772,1,9,0,18,2,8,0,0,0,0,3,1,6,1,18,4,-1,-1,-1,5,1
201401GD10772,2,1,0,18,0,8,0,0,0,0,1,1,6,1,29,6,-1,-1,-1,2,1
201401GD10774,1,9,0,3,0,1,0,0,0,0,3,1,6,2,20,4,1299,1,13,2,1
201401GD10776,1,9,0,7,9,2,0,0,0,0,1,1,6,1,26,6,1398,1,-1,-1,-1
201401GD10777,1,5,0,18,0,8,0,0,0,0,1,1,1,1,42,7,650,1,17,2,1
201401GD10777,2,9,0,9,6,8,0,0,0,0,4,1,1,1,31,6,-1,-1,-1,6,3
201401GD10778,1,10,0,5,0,1,0,0,0,0,0,1,1,1,37,7,-1,-1,-1,-1,-1
201401GD10778,2,9,0,7,0,6,0,0,0,0,1,1,6,3,-1,-1,-1,-1,-1,-1,-1
201401GD10779,1,1,0,18,0,2,0,0,0,0,3,1,1,1,50,8,-1,-1,-1,2,1
201401GD10779,2,9,0,13,0,2,0,0,0,0,4,1,6,3,-1,-1,-1,-1,-1,-1,-1
201401GD10780,1,9,0,9,0,8,0,0,0,0,4,1,6,1,32,6,-1,-1,-1,2,1
201401GD10780,2,9,0,18,0,8,0,0,0,0,1,1,6,1,54,8,2254,1,16,2,1
201401GD10781,1,1,0,3,0,0,0,0,0,0,1,1,1,1,30,6,-1,-1,-1,3,1
201401GD10781,2,9,0,1,0,0,0,0,0,0,2,1,6,3,-1,-1,3960,1,16,-1,-1
201401GD10782,1,11,0,5,0,1,0,0,0,0,0,1,1,1,21,5,4760,2,3,3,1
201401GD10783,1,1,0,5,0,8,0,0,0,0,1,1,6,1,33,6,-1,-1,-1,3,1
201401GD10783,2,19,0,9,0,8,0,0,0,0,3,1,6,1,-1,-1,-1,-1,-1,-1,-1
201401GD10784,1,5,0,4,0,1,0,0,0,0,2,1,1,1,36,7,670,1,2,9,1
201401GD10784,2,9,0,18,0,1,0,0,0,0,1,1,1,1,40,7,1086,1,8,1,1
201401GD10785,1,8,0,9,0,1,0,0,0,0,1,1,1,1,35,6,-1,-1,-1,4,1
201401GD10787,1,9,0,6,0,2,0,0,0,0,3,1,6,1,41,7,1910,2,7,2,1
201401GD10788,1,9,0,2,0,0,0,0,0,0,3,1,6,1,48,8,1398,1,2,1,1
201401GD10788,2,1,0,18,0,0,0,8,0,0,1,1,6,2,44,7,-1,-1,-1,2,1
201401GD10790,1,5,0,9,0,8,0,0,0,0,3,1,6,1,29,6,-1,-1,-1,1,1
201401GD10790,2,9,0,9,0,8,1,0,0,0,4,1,6,3,-1,-1,1900,2,9,-1,-1
201401GD10791,1,2,0,18,0,1,0,0,0,0,1,1,6,1,22,5,599,1,10,3,1
201401GD10793,1,9,0,18,0,0,0,0,0,0,3,1,6,2,49,8,1769,1,12,2,1
201401GD10793,2,19,0,7,0,0,0,0,0,0,1,1,6,1,-1,-1,-1,-1,-1,-1,-1
201401GD10794,1,3,0,18,0,8,0,0,0,0,3,1,1,1,42,7,125,1,3,6,1
201401GD10794,2,9,0,9,0,8,0,0,0,0,1,1,1,1,36,7,1997,2,12,7,1
201401GD10795,1,9,0,3,0,8,0,0,0,0,4,1,2,1,37,7,1590,1,14,4,1
201401GD10795,2,9,0,18,0,8,0,0,0,0,1,1,1,1,64,9,-1,-1,-1,7,1
201401GD10795,3,9,0,6,0,1,0,0,0,0,2,1,6,1,27,6,-1,-1,-1,-1,-1
201401GD10795,4,9,0,18,0,1,0,0,0,0,1,1,6,1,37,7,1984,1,6,1,1
201401GD10796,1,9,0,10,0,1,0,0,0,0,2,1,6,1,34,6,1995,2,9,2,1
201401GD10796,2,9,0,15,0,1,0,0,0,0,1,1,6,3,-1,-1,1560,2,9,-1,-1
201401GD10797,1,11,0,9,0,8,0,0,0,0,4,1,1,1,33,6,3900,2,10,1,1
201401GD10797,2,3,0,10,0,8,1,0,0,0,1,1,1,1,27,6,125,1,4,3,1
201401GD10798,1,9,0,4,0,1,0,0,0,0,2,1,6,1,22,5,-1,-1,-1,4,1
201401GD10798,2,4,0,18,0,1,0,0,0,0,1,1,1,1,25,5,109,1,1,3,1
201401GD10799,1,9,0,9,0,1,0,0,0,0,3,1,6,1,26,6,-1,-1,-1,1,1
201401GD10799,2,4,0,9,0,1,0,0,0,0,4,1,6,1,39,7,-1,-1,-1,2,1
201401GD10800,1,9,0,5,0,8,0,0,0,0,1,1,6,1,48,8,1596,1,13,1,1
201401GD10800,2,9,0,9,0,8,0,0,0,0,4,1,6,1,38,7,-1,-1,-1,1,1
201401GD10801,1,3,0,18,0,2,0,0,0,0,1,1,6,1,24,5,-1,-1,-1,3,1
201401GD10804,1,9,0,17,0,8,0,0,0,0,4,1,6,1,37,7,1769,1,13,-1,1
201401GD10804,2,9,0,18,0,8,0,0,0,0,1,1,6,1,56,9,1590,1,15,2,1
201401GD10805,1,19,0,6,0,1,0,0,0,0,3,1,1,1,30,6,2148,2,9,7,1
201401GD10805,2,5,0,18,0,2,0,0,0,0,1,1,6,1,31,6,599,1,4,2,1
201401GD10806,1,9,0,9,2,0,0,0,0,0,4,1,6,1,53,8,1995,1,12,2,1
201401GD10806,2,2,0,18,2,0,1,0,0,0,1,1,6,1,24,5,-1,-1,-1,1,1
201401GD10808,1,9,0,18,0,1,0,0,0,0,0,1,1,1,29,6,-1,-1,-1,-1,-1
201401GD10808,2,3,0,18,0,1,0,0,0,0,3,1,6,1,19,4,124,1,8,1,1
201401GD10809,1,1,0,18,0,8,0,0,0,0,1,1,6,1,34,6,-1,-1,-1,2,1
201401GD10809,2,3,0,18,0,8,0,0,0,0,4,1,6,1,-1,-1,-1,-1,-1,-1,-1
201401GD10810,1,9,0,9,0,2,0,0,0,0,4,1,1,1,41,7,-1,-1,-1,-1,-1
201401GD10810,2,1,0,18,0,6,0,0,0,0,1,1,2,2,29,6,-1,-1,-1,-1,-1
201401GD10811,1,9,0,1,0,2,0,0,0,0,2,1,1,1,55,8,1598,2,-1,8,1
201401GD10812,1,1,0,18,0,8,0,0,0,0,4,1,6,1,35,6,-1,-1,-1,2,1
201401GD10812,2,9,0,7,0,8,0,0,0,0,1,1,6,3,-1,-1,-1,-1,-1,-1,-1
201401GD10814,1,9,0,2,0,1,0,0,0,0,3,1,6,1,26,6,1560,2,8,-1,1
201401GD10814,2,9,0,6,0,2,0,0,0,0,3,1,6,3,-1,-1,-1,-1,-1,-1,-1
201401GD10815,1,1,0,18,0,1,0,0,0,0,1,1,6,1,31,6,-1,-1,-1,3,1
201401GD10815,2,9,0,4,0,1,0,0,0,0,2,1,6,1,43,7,1910,2,7,1,1
201401GD10817,1,11,0,7,0,8,0,0,0,0,0,1,1,1,42,7,6700,2,3,-1,-1
201401GD10818,1,9,0,13,0,2,0,0,0,0,4,1,6,3,-1,-1,-1,-1,-1,-1,-1
201401GD10818,2,1,0,18,0,2,0,0,0,0,3,1,4,1,23,5,-1,-1,-1,1,1
201401GD10819,1,9,0,4,0,2,0,0,0,0,2,1,6,1,35,6,-1,-1,-1,3,1
201401GD10819,2,9,0,10,0,2,0,0,0,0,1,1,6,1,-1,-1,1995,2,2,-1,-1
201401GD10820,1,9,0,18,0,1,0,0,0,0,4,1,6,1,60,9,-1,-1,-1,2,1
201401GD10820,2,19,0,9,0,1,0,0,0,0,3,1,1,1,28,6,1598,2,1,2,1
201401GD10821,1,5,0,18,0,8,0,0,0,0,1,1,6,1,-1,-1,125,1,2,-1,-1
201401GD10822,1,9,0,9,0,8,0,0,0,0,4,1,1,1,33,6,1149,1,1,1,1
201401GD10822,2,3,0,15,2,8,0,0,0,0,1,1,6,1,33,6,125,1,1,4,1
201401GD10824,1,2,0,18,0,8,0,0,0,0,4,1,6,1,18,4,-1,-1,-1,-1,-1
201401GD10824,2,9,0,9,0,8,0,0,0,0,1,1,6,2,31,6,1493,1,15,-1,-1
201401GD10825,1,9,0,9,0,8,0,0,0,0,3,1,6,1,27,6,1794,1,11,1,1
201401GD10825,2,8,0,3,0,1,0,0,0,0,3,1,1,2,34,6,-1,-1,-1,2,1
201401GD10825,3,2,0,14,0,8,0,0,0,0,1,1,1,1,-1,-1,108,1,-1,-1,-1
201401GD10826,1,1,0,9,0,8,0,0,0,0,4,1,1,1,33,6,-1,-1,-1,3,1
201401GD10826,2,9,0,9,0,8,0,0,0,0,3,1,6,3,-1,-1,-1,-1,-1,-1,-1
201401GD10827,1,3,0,18,0,1,0,0,0,0,1,1,6,1,29,6,108,1,-1,1,1
201401GD10827,2,1,0,18,0,6,0,0,0,0,3,1,6,1,23,5,-1,-1,-1,-1,-1
201401GD10828,1,9,0,7,0,2,0,0,0,0,1,1,6,2,46,8,1975,1,9,2,1
201401GD10829,1,9,0,9,0,8,0,0,0,0,4,1,6,2,22,5,-1,-1,-1,-1,-1
201401GD10829,2,2,0,18,0,8,1,0,0,0,1,1,6,1,40,7,125,1,4,3,1
201401GD10830,1,9,0,18,0,8,0,0,0,0,3,1,6,1,38,7,1339,8,7,2,1
201401GD10830,2,9,0,18,0,8,0,0,0,0,1,1,6,2,48,8,1951,2,12,4,1
201401GD10831,1,9,0,18,0,2,0,0,0,0,2,1,6,1,29,6,1497,8,7,1,1
201401GD10831,2,9,0,18,0,2,0,0,0,0,1,1,6,2,35,6,1390,1,6,4,1
201401GD10831,3,9,0,18,0,2,0,0,0,0,1,1,6,1,36,7,1686,2,4,1,1
201401GD10832,1,19,0,9,0,2,0,0,0,0,1,1,1,1,34,6,-1,-1,-1,4,1
201401GD10834,1,19,0,9,0,8,0,0,0,0,1,1,1,1,36,7,2143,2,4,-1,1
201401GD10834,2,1,0,14,0,8,0,0,0,0,1,1,6,1,47,8,-1,-1,-1,2,1
201401GD10835,1,9,0,18,0,1,0,0,0,0,1,1,6,1,33,6,1796,1,11,3,1
201401GD10836,1,1,0,16,0,2,0,4,0,0,4,1,6,2,29,6,-1,-1,-1,-1,-1
201401GD10836,2,9,0,2,0,2,0,0,0,0,3,1,6,3,-1,-1,-1,-1,-1,-1,-1
201401GD10837,1,1,0,15,0,0,0,0,0,0,3,1,2,2,30,6,-1,-1,-1,2,1
201401GD10837,2,9,0,3,0,0,0,0,0,0,4,1,2,1,38,7,1998,2,9,3,1
201401GD10838,1,9,0,17,0,1,0,0,0,0,1,1,2,1,50,8,1596,1,8,-1,-1
201401GD10838,2,5,0,16,0,2,1,0,0,0,1,1,6,1,57,9,660,1,6,1,1
201401GD10839,1,3,0,13,0,2,1,0,0,0,4,1,2,1,27,6,-1,-1,-1,2,1
201401GD10839,2,8,0,6,0,2,0,0,0,0,3,1,1,1,33,6,1956,2,4,1,1
201401GD10840,1,19,0,9,0,8,0,0,0,0,4,2,2,1,54,8,-1,-1,-1,1,1
201401GD10840,2,1,0,15,0,8,0,0,0,0,1,1,2,1,44,7,-1,-1,-1,2,1
201401GD10841,1,3,0,18,0,8,0,0,0,0,1,1,6,1,41,7,108,1,-1,10,2
201401GD10841,2,9,0,9,0,8,0,0,0,0,4,1,6,1,28,6,1595,1,1,2,1
201401GD10843,1,11,0,18,0,8,0,0,0,0,3,1,1,1,48,8,-1,-1,-1,2,1
201401GD10843,2,19,0,18,0,8,0,0,0,0,1,1,1,1,39,7,-1,-1,-1,1,1
201401GD10844,1,9,0,18,0,0,0,0,0,0,2,1,6,3,-1,-1,-1,-1,-1,-1,-1
201401GD10844,2,1,0,18,0,0,0,0,0,0,1,1,6,1,55,8,-1,-1,-1,3,1
201401GD10845,1,9,0,18,0,0,0,10,7,4,1,1,2,2,54,8,1612,1,2,3,1
201401GD10846,1,3,0,16,0,2,0,0,0,0,1,1,6,1,32,6,124,1,5,3,1
201401GD10847,1,9,0,9,0,8,0,0,0,0,3,1,6,1,23,5,1598,1,8,3,1
201401GD10847,2,3,0,14,0,8,0,0,0,0,1,1,1,1,22,5,114,1,-1,-1,-1
201401GD10848,1,11,0,18,0,1,0,0,0,0,1,1,1,1,44,7,8268,2,11,2,1
201401GD10848,2,9,0,9,0,1,0,0,0,0,4,1,1,1,22,5,1598,2,1,9,1
201401GD10849,1,2,0,18,0,2,0,0,0,0,1,1,6,1,24,5,124,1,6,2,1
201401GD10850,1,9,0,18,0,8,0,0,0,0,1,1,6,1,31,6,1560,2,1,-1,1
201401GD10850,2,3,0,18,0,8,0,0,0,0,3,1,1,1,19,4,124,1,1,1,1
201401GD10851,1,9,0,18,0,0,0,0,0,0,3,1,6,1,50,8,1399,2,4,-1,-1
201401GD10851,2,9,0,5,0,0,0,0,0,0,3,1,6,3,-1,-1,-1,-1,-1,-1,-1
201401GD10852,1,9,0,3,0,1,0,0,0,0,2,1,6,1,33,6,2143,2,3,7,1
201401GD10852,2,9,0,18,0,1,0,0,0,0,1,1,6,3,-1,-1,1995,2,2,-1,-1
201401GD10853,1,9,0,3,0,1,0,0,0,0,2,1,6,1,28,6,1796,1,9,-1,1
201401GD10853,2,9,0,18,0,1,0,0,0,0,1,1,6,1,-1,-1,1910,2,3,9,2
201401GD10854,1,1,0,18,0,8,0,0,0,0,1,1,6,1,34,6,-1,-1,-1,2,1
201401GD10854,2,8,0,9,0,8,0,0,0,0,3,1,6,3,-1,-1,-1,-1,-1,-1,-1
201401GD10855,1,9,0,9,0,8,0,0,0,0,3,1,6,1,44,7,1596,1,6,7,1
201401GD10855,2,9,0,18,0,8,0,0,0,0,0,1,6,3,-1,-1,-1,-1,-1,-1,-1
201401GD10856,1,1,0,18,0,8,0,0,0,0,3,1,6,1,38,7,-1,-1,-1,2,1
201401GD10856,2,9,0,18,0,8,0,0,0,0,1,1,6,1,-1,-1,-1,-1,-1,-1,-1
201401GD10859,1,19,0,18,0,1,0,0,0,0,0,1,1,1,46,8,-1,-1,-1,-1,1
201401GD10859,2,1,0,18,0,1,0,0,0,0,2,1,6,1,32,6,-1,-1,-1,3,1
201401GD10860,1,9,0,9,0,8,0,0,0,0,1,1,6,1,27,6,1685,2,-1,-1,1
201401GD10860,2,3,0,18,0,8,0,0,0,0,3,1,2,1,22,5,599,1,12,3,1
201401GD10861,1,9,0,18,0,2,0,0,0,0,1,1,6,3,-1,-1,1461,2,-1,-1,-1
201401GD10862,1,9,0,18,0,1,0,0,0,0,1,1,1,1,36,7,-1,-1,-1,-1,1
201401GD10862,2,9,0,3,0,1,0,0,0,0,2,1,6,2,19,4,998,1,7,1,1
201401GD10862,3,9,0,3,0,1,0,0,0,0,2,1,6,1,46,8,1798,1,1,1,1
201401GD10863,1,9,0,18,0,1,0,0,0,0,2,1,6,2,36,7,2979,1,12,2,1
201401GD10863,2,9,0,18,0,1,0,0,0,0,1,1,6,2,-1,-1,1596,1,8,-1,-1
201401GD10865,1,1,0,15,0,1,0,8,1,0,1,1,2,1,37,7,-1,-1,-1,-1,1
201401GD10865,2,9,0,3,0,1,0,0,0,0,4,1,1,2,58,9,1951,2,13,2,1
201401GD10866,1,3,0,14,0,1,1,0,0,0,1,1,1,1,25,5,-1,-1,-1,1,1
201401GD10867,1,11,0,5,0,8,0,0,0,0,0,1,6,1,53,8,-1,-1,-1,4,1
201401GD10869,1,9,0,3,0,2,0,0,0,0,1,1,6,2,42,7,-1,-1,-1,-1,1
201401GD10869,2,19,0,1,0,8,0,0,0,0,2,1,6,3,-1,-1,2148,1,9,-1,-1
201401GD10870,1,5,0,18,0,0,0,0,0,0,3,1,6,1,52,8,996,1,11,2,1
201401GD10870,2,9,0,11,0,0,0,0,0,0,4,1,6,1,-1,-1,1124,1,13,-1,-1
201401GD10871,1,9,0,18,0,0,0,0,0,0,1,1,6,3,-1,-1,-1,-1,-1,-1,-1
201401GD10872,1,9,0,9,0,2,0,0,0,0,1,1,2,1,44,7,1360,1,9,-1,-1
201401GD10874,1,1,0,18,0,0,0,4,0,0,1,1,6,2,-1,-1,-1,-1,-1,-1,-1
201401GD10874,2,9,0,2,0,0,0,0,0,0,2,1,6,3,-1,-1,2231,2,8,-1,-1
201401GD10875,1,9,0,17,0,8,0,0,0,0,4,1,6,3,-1,-1,1242,1,15,-1,-1
201401GD10876,1,1,0,18,0,8,0,0,0,0,1,1,6,2,35,6,-1,-1,-1,1,1
201401GD10876,2,9,0,9,0,8,0,0,0,0,4,1,6,3,-1,-1,999,1,2,-1,-1
201401GD10877,1,8,0,18,0,0,0,0,0,0,3,1,6,1,46,8,1796,1,7,2,1
201401GD10877,2,9,0,18,0,0,0,0,0,0,1,1,6,3,-1,-1,1596,1,8,-1,-1
201401GD10878,1,9,0,4,0,1,0,0,0,0,2,1,6,1,45,7,1590,1,10,1,1
201401GD10878,2,9,0,18,0,1,0,0,0,0,1,1,6,2,28,6,1242,1,6,3,1
201401GD10879,1,9,0,12,0,0,0,0,0,0,3,1,6,1,82,11,1794,1,8,3,1
201401GD10879,2,9,0,18,0,0,0,0,0,0,4,1,1,2,34,6,-1,-1,-1,2,1
201401GD10880,1,9,0,9,0,8,0,0,0,0,4,1,6,1,32,6,1242,1,7,3,1
201401GD10880,2,1,0,18,0,8,0,0,0,0,1,1,6,1,32,6,-1,-1,-1,2,1
201401GD10881,1,9,0,18,0,8,0,0,0,0,1,1,6,3,-1,-1,-1,-1,-1,-1,-1
201401GD10882,1,4,0,3,2,0,0,0,0,0,3,1,2,1,39,7,-1,-1,-1,5,1
201401GD10882,2,4,0,18,0,0,0,0,0,0,4,1,1,1,-1,-1,125,1,2,3,1
201401GD10884,1,9,0,9,0,1,0,0,0,0,3,1,1,1,50,8,1797,8,4,2,1
201401GD10884,2,20,0,18,0,1,0,0,0,0,4,1,1,1,47,8,4461,2,3,1,1
201401GD10885,1,9,0,9,0,8,0,0,0,0,1,1,2,2,26,6,-1,-1,-1,-1,1
201401GD10885,2,1,0,18,4,8,0,0,0,0,3,1,6,1,32,6,-1,-1,-1,2,1
201401GD10886,1,11,0,5,0,2,0,0,0,0,3,1,1,1,26,6,8268,2,11,-1,-1
201401GD10886,2,19,0,13,0,2,0,0,0,0,4,1,1,1,21,5,2198,2,3,5,1
201401GD10889,1,1,0,18,2,2,0,0,0,0,2,1,1,1,27,6,-1,-1,-1,4,1
201401GD10889,2,9,0,7,0,2,0,0,0,0,1,1,6,3,-1,-1,-1,-1,-1,-1,-1
201401GD10890,1,9,0,18,0,1,0,0,0,0,4,1,6,3,-1,-1,-1,-1,-1,-1,-1
201401GD10891,1,19,0,9,0,8,0,0,0,0,4,1,1,1,61,9,1560,2,3,-1,-1
201401GD10891,2,4,0,15,0,8,0,0,0,0,1,1,6,1,25,5,-1,-1,-1,3,1
201401GD10892,1,1,0,15,0,1,0,8,1,0,1,1,6,1,42,7,-1,-1,-1,1,1
201401GD10892,2,9,0,3,0,1,0,0,0,0,4,1,6,3,-1,-1,-1,-1,-1,-1,-1
201401GD10893,1,9,0,18,5,1,0,0,7,10,1,1,6,2,67,10,1598,1,5,2,1
201401GD10894,1,5,0,18,0,1,0,0,0,0,4,1,2,1,66,10,652,1,3,6,1
201401GD10894,2,1,0,18,0,1,0,0,0,0,3,1,2,1,42,7,-1,-1,-1,3,1
201401GD10895,1,19,0,5,0,1,0,0,0,0,1,1,1,1,48,8,2402,2,6,7,1
201401GD10895,2,1,0,9,0,1,0,0,0,0,2,1,6,2,58,9,-1,-1,-1,2,1
201401GD10898,1,9,0,3,0,1,0,0,0,0,2,1,6,1,56,9,-1,-1,-1,-1,-1
201401GD10898,2,3,0,18,0,1,0,0,0,0,1,1,6,1,20,4,-1,-1,-1,1,1
201401GD10899,1,9,0,11,0,0,0,0,0,0,4,1,6,2,27,6,1461,2,6,2,1
201401GD10899,2,19,0,18,0,0,0,0,0,0,3,1,2,1,42,7,1968,2,1,3,1
201401GD10901,1,9,0,3,0,1,0,0,0,0,3,1,6,1,35,6,1596,1,8,3,1
201401GD10901,2,9,0,7,0,2,0,0,0,0,1,1,6,1,-1,-1,2200,1,13,-1,-1
201401GD10902,1,19,0,9,0,8,0,0,0,0,3,1,1,1,38,7,2143,2,4,6,1
201401GD10902,2,4,0,13,0,8,0,0,0,0,1,1,6,1,33,6,750,1,-1,-1,1
201401GD10903,1,19,0,9,0,8,0,0,0,0,3,1,1,1,29,6,2464,2,7,-1,-1
201401GD10903,2,9,0,18,0,8,0,0,0,0,1,1,6,1,44,7,1686,2,7,1,1
201401GD10905,1,19,0,9,0,2,0,0,0,0,1,1,6,3,-1,-1,-1,-1,-1,-1,-1
201401GD10906,1,11,0,18,0,8,0,0,0,0,1,1,1,1,35,6,-1,-1,-1,5,1
201401GD10906,2,9,0,7,0,8,0,0,0,0,3,1,1,1,36,7,-1,-1,-1,8,1
201401GD10907,1,9,0,9,0,8,0,0,0,0,4,1,6,1,59,9,1998,1,12,1,1
201401GD10907,2,5,0,18,0,8,0,0,0,0,1,1,6,1,49,8,600,1,7,2,1
201401GD10908,1,9,0,18,0,1,0,0,6,2,1,1,6,1,18,4,1995,2,9,-1,-1
201401GD10909,1,9,0,7,0,1,0,0,0,0,3,1,6,1,21,5,1998,1,10,3,1
201401GD10909,2,9,0,5,0,1,0,0,0,0,4,1,6,1,-1,-1,1242,1,14,-1,-1
201401GD10910,1,19,0,18,0,2,0,0,0,0,4,1,1,1,29,6,-1,-1,-1,2,1
201401GD10910,2,1,0,12,2,2,0,0,0,0,3,1,6,2,23,5,-1,-1,-1,-1,1
201401GD10912,1,1,0,18,0,1,0,0,0,0,3,1,2,1,46,8,-1,-1,-1,2,1
201401GD10912,2,9,0,18,0,1,0,0,0,0,1,1,2,1,35,6,2401,2,11,2,1
201401GD10913,1,9,0,9,0,2,0,0,0,0,1,1,6,3,-1,-1,-1,-1,-1,-1,-1
201401GD10914,1,9,0,18,0,0,0,0,0,0,1,1,6,1,38,7,-1,-1,-1,5,1
201401GD10914,2,8,0,18,0,0,0,0,0,0,2,1,1,1,26,6,-1,-1,-1,-1,1
201401GD10915,1,9,0,18,0,1,0,0,0,0,3,1,6,3,-1,-1,-1,-1,-1,-1,-1
201401GD10916,1,9,0,3,0,2,0,0,0,0,2,1,6,2,29,6,1956,2,1,1,1
201401GD10916,2,9,0,18,0,2,0,0,0,0,1,1,1,1,27,6,1995,2,3,2,1
201401GD10917,1,9,0,18,0,1,0,0,0,0,2,1,6,1,41,7,1995,2,9,-1,-1
201401GD10917,2,19,0,18,0,1,0,0,0,0,2,1,6,1,42,7,1995,2,2,2,1
201401GD10917,3,9,0,18,0,1,0,0,0,0,1,1,6,1,27,6,1686,2,1,2,1
201401GD10918,1,3,0,14,0,1,0,0,0,0,1,1,6,3,-1,-1,-1,-1,-1,-1,-1
201401GD10919,1,8,0,7,0,8,0,0,0,0,3,1,1,1,49,8,-1,-1,-1,1,1
201401GD10919,2,1,0,9,0,8,0,0,0,0,1,1,6,1,36,7,-1,-1,-1,4,1
201401GD10921,1,9,0,9,0,8,0,0,0,0,4,1,6,1,35,6,1461,2,2,1,1
201401GD10921,2,9,0,5,0,8,0,0,0,0,1,1,6,1,49,8,1973,1,15,2,1
201401GD10922,1,90,0,18,0,1,0,0,0,0,4,1,1,1,26,6,-1,-1,-1,-1,-1
201401GD10922,2,9,0,18,0,1,0,0,0,0,3,1,6,1,60,9,1995,2,-1,-1,1
201401GD10923,1,9,0,18,0,0,0,0,0,0,3,1,6,3,-1,-1,-1,-1,-1,-1,-1
201401GD10924,1,9,0,18,0,8,0,0,0,0,3,1,6,1,48,8,1242,1,1,1,1
201401GD10924,2,19,0,18,0,8,0,0,0,0,1,1,6,3,-1,-1,-1,-1,-1,-1,-1
201401GD10925,1,1,0,5,0,8,0,0,0,0,3,1,6,2,25,5,-1,-1,-1,1,1
201401GD10925,2,9,0,13,0,8,0,0,0,0,4,1,6,3,-1,-1,-1,-1,-1,-1,-1
201401GD10926,1,9,0,2,0,0,0,0,0,0,3,1,6,1,45,7,1598,1,10,2,1
201401GD10926,2,1,0,18,0,0,0,8,0,0,1,1,6,1,34,6,-1,-1,-1,1,1
201401GD10927,1,9,0,1,0,1,0,0,0,0,2,1,6,3,-1,-1,1686,2,8,-1,-1
201401GD10928,1,9,0,3,0,1,0,0,0,0,2,1,2,2,22,5,1348,1,14,3,1
201401GD10928,2,19,0,18,0,1,0,0,0,0,1,1,1,1,55,8,1870,2,10,3,1
201401GD10929,1,9,0,7,0,2,0,0,0,0,1,1,6,1,35,6,-1,-1,-1,1,1
201401GD10930,1,11,0,4,2,0,0,0,0,0,0,1,1,1,44,7,-1,-1,-1,1,1
201401GD10931,1,11,0,18,0,1,0,0,0,0,0,1,1,1,50,8,6692,2,5,3,1
201401GD10933,1,9,0,2,0,0,0,0,0,0,3,1,1,1,33,6,1240,1,11,4,1