Accident_Index,Vehicle_Reference,Vehicle_Type,Towing_and_Articulation,Vehicle_Manoeuvre,Vehicle_Location-Restricted_Lane,Junction_Location,Skidding_and_Overturning,Hit_Object_in_Carriageway,Vehicle_Leaving_Carriageway,Hit_Object_off_Carriageway,1st_Point_of_Impact,Was_Vehicle_Left_Hand_Drive?,Journey_Purpose_of_Driver,Sex_of_Driver,Age_of_Driver,Age_Band_of_Driver,Engine_Capacity_(CC),Propulsion_Code,Age_of_Vehicle,Driver_IMD_Decile,Driver_Home_Area_Type
201401GD10933,2,1,0,18,0,0,0,8,0,0,1,1,2,2,28,6,-1,-1,-1,2,1
201401GD10934,1,9,0,18,0,8,0,0,0,0,3,1,6,1,59,9,1968,2,4,1,1
201401GD10934,2,1,0,14,0,8,0,0,0,0,3,1,6,1,30,6,-1,-1,-1,2,1
201401GD10936,1,1,0,18,2,8,0,0,0,0,1,1,6,1,35,6,-1,-1,-1,9,1
201401GD10936,2,19,0,9,0,8,0,0,0,0,4,1,6,1,-1,-1,-1,-1,-1,-1,-1
201401GD10938,1,9,0,18,0,0,0,0,0,0,4,1,6,3,-1,-1,998,1,-1,-1,-1
201401GD10939,1,19,0,18,0,0,0,0,0,0,1,1,1,1,37,7,2287,2,2,7,1
201401GD10940,1,9,0,3,0,1,0,0,0,0,4,1,6,1,21,5,-1,-1,-1,8,3
201401GD10940,2,21,0,5,0,1,0,0,0,0,1,1,6,3,-1,-1,-1,-1,-1,-1,-1
201401GD10941,1,3,0,18,0,1,0,0,0,0,3,1,6,1,47,8,124,1,39,1,1
201401GD10941,2,19,0,18,0,1,0,0,0,0,0,1,6,3,-1,-1,1995,2,1,-1,-1
201401GD10942,1,3,0,18,0,8,0,0,0,0,1,1,6,1,40,7,125,1,2,3,1
201401GD10942,2,9,0,18,0,8,0,0,0,0,3,1,6,1,26,6,998,1,6,-1,-1
201401GD10943,1,9,0,5,0,1,0,0,0,0,2,1,1,2,33,6,1360,1,5,9,1
201401GD10943,2,1,0,5,0,1,0,0,0,0,1,1,2,1,48,8,-1,-1,-1,3,1
201401GD10945,1,11,0,18,0,0,0,0,0,0,0,1,6,1,52,8,6692,2,3,3,1
201401GD10946,1,9,0,7,0,8,0,0,0,0,4,1,1,1,62,9,1796,1,2,3,1
201401GD10946,2,4,0,15,2,8,0,0,0,0,1,1,2,1,49,8,125,1,-1,2,1
201401GD10947,1,11,0,18,2,8,0,0,0,0,1,1,1,1,29,6,6700,2,4,1,1
201401GD10947,2,9,0,9,0,8,0,0,0,0,4,1,6,1,21,5,996,1,5,1,1
201401GD10948,1,4,0,9,0,8,1,0,0,0,3,1,6,1,37,7,-1,-1,-1,5,1
201401GD10950,1,9,0,9,0,8,0,0,0,0,3,1,6,2,34,6,1598,1,12,-1,-1
201401GD10950,2,1,0,13,0,8,0,0,0,0,1,1,6,1,27,6,-1,-1,-1,-1,-1
201401GD10952,1,9,0,11,0,1,0,0,0,0,1,1,6,3,-1,-1,1598,2,-1,-1,-1
201401GD10952,2,1,0,18,2,1,0,0,0,0,2,1,6,2,53,8,-1,-1,-1,1,1
201401GD10953,1,11,0,7,0,8,0,0,0,0,0,1,1,1,27,6,6692,2,5,-1,1
201401GD10954,1,9,0,18,0,0,0,0,0,0,1,1,1,2,39,7,2776,2,10,2,1
201401GD10954,2,11,0,5,0,0,0,0,0,0,2,1,1,1,44,7,4500,2,6,3,1
201401GD10955,1,9,0,9,0,8,0,0,0,0,3,1,2,1,64,9,1794,1,8,3,1
201401GD10955,2,3,0,9,0,8,0,0,0,0,4,1,2,1,33,6,125,1,2,2,1
201401GD10956,1,9,0,18,0,2,0,0,0,0,1,1,3,1,18,4,1995,2,8,1,1
201401GD10957,1,8,0,18,0,2,0,0,0,0,3,1,1,1,33,6,1595,1,3,2,1
201401GD10957,2,9,0,18,0,1,0,0,0,0,3,1,6,3,-1,-1,-1,-1,-1,-1,-1
201401GD10958,1,9,0,18,0,1,0,0,0,0,1,1,6,1,70,10,1895,1,14,2,1
201401GD10960,1,9,0,7,0,8,0,0,0,0,4,1,6,1,51,8,1598,2,1,3,1
201401GD10960,2,4,0,15,0,8,0,0,0,0,1,1,6,2,44,7,124,1,-1,2,1
201401GD10962,1,1,0,18,0,1,0,8,0,0,1,1,2,2,35,6,-1,-1,-1,2,1
201401GD10962,2,19,0,2,0,1,0,0,0,0,3,1,1,2,27,6,1968,2,1,4,1
201401GD10963,1,4,0,18,0,8,1,0,0,0,3,1,2,1,40,7,-1,-1,-1,2,1
201401GD10963,2,19,0,4,0,1,0,0,0,0,0,1,1,1,29,6,2198,2,6,4,1
201401GD10964,1,8,0,5,0,0,0,0,0,0,4,1,6,3,-1,-1,-1,-1,-1,-1,-1
201401GD10965,1,1,0,15,0,0,0,0,0,0,1,1,6,1,35,6,-1,-1,-1,7,1
201401GD10965,2,9,0,9,0,0,0,0,0,0,4,1,6,2,-1,-1,1398,1,6,-1,-1
201401GD10966,1,4,0,13,0,1,0,0,0,0,4,1,6,1,28,6,-1,-1,-1,1,1
201401GD10966,2,19,0,9,0,1,0,0,0,0,3,1,1,2,29,6,-1,-1,-1,5,1
201401GD10969,1,2,0,18,0,8,0,0,0,0,3,1,2,1,35,6,125,1,3,-1,-1
201401GD10969,2,9,0,9,0,8,0,0,0,0,1,1,6,1,54,8,-1,-1,-1,2,1
201401GD10970,1,11,0,5,0,1,0,0,0,0,0,1,1,1,35,6,4760,2,4,1,1
201401GD10972,1,9,0,9,0,8,0,0,0,0,4,1,6,1,33,6,1968,2,4,2,1
201401GD10972,2,1,0,15,0,8,0,0,0,0,1,1,6,2,44,7,-1,-1,-1,1,1
201401GD10973,1,9,0,4,0,2,0,0,0,0,2,1,6,1,53,8,2995,1,11,1,1
201401GD10973,2,9,0,4,0,2,0,0,0,0,2,1,6,2,22,5,1229,1,1,2,1
201401GD10973,3,9,0,18,0,2,0,0,0,0,1,1,6,1,48,8,2494,1,12,5,1
201401GD10975,1,1,0,5,0,8,0,0,0,0,3,1,6,1,53,8,-1,-1,-1,1,1
201401GD10975,2,9,0,18,0,8,0,0,0,0,1,1,6,3,-1,-1,1199,1,11,-1,-1
201401GD10976,1,9,0,9,0,8,0,0,0,0,3,1,6,1,73,10,2926,2,12,1,1
201401GD10976,2,1,0,18,0,8,0,0,0,0,3,1,6,1,26,6,-1,-1,-1,1,1
201401GD10977,1,9,0,18,0,1,0,0,0,0,1,1,6,1,68,10,1389,1,17,6,1
201401GD10977,2,2,0,3,0,1,0,0,0,0,2,1,6,1,28,6,124,1,-1,5,1
201401GD10978,1,9,0,4,0,0,0,0,0,0,3,1,1,1,32,6,2987,2,5,1,1
201401GD10978,2,1,0,13,0,0,0,0,0,0,1,1,6,1,28,6,-1,-1,-1,1,1
201401GD10979,1,9,0,18,0,8,0,0,0,0,1,1,6,1,25,5,2148,2,6,-1,1
201401GD10979,2,9,0,9,0,8,0,0,0,0,4,1,6,1,32,6,1400,1,9,2,1
201401GD10980,1,9,0,5,0,0,0,0,0,0,1,1,1,1,71,10,998,1,1,2,1
201401GD10980,2,9,0,3,0,0,0,0,0,0,2,1,6,1,29,6,2099,1,11,2,1
201401GD10980,3,9,0,18,0,0,0,0,0,0,3,1,6,1,22,5,1339,8,1,-1,1
201401GD10980,4,5,0,3,0,0,0,0,0,0,2,1,6,1,24,5,599,1,9,-1,-1
201401GD10981,1,9,0,9,0,8,0,0,0,0,4,1,2,2,69,10,998,1,11,4,1
201401GD10981,2,1,0,18,0,8,0,0,0,0,1,1,2,1,39,7,-1,-1,-1,2,1
201401GD10982,1,1,0,18,0,8,0,0,0,0,3,1,2,1,35,6,-1,-1,-1,1,1
201401GD10982,2,9,0,9,0,8,0,0,0,0,1,1,6,3,-1,-1,-1,-1,-1,-1,-1
201401GD10984,1,9,0,1,0,1,0,0,0,0,2,1,6,2,49,8,1797,8,3,-1,-1
201401GD10985,1,11,0,5,0,2,0,0,0,0,0,1,1,1,55,8,-1,-1,-1,2,1
201401GD10986,1,9,0,18,0,1,0,0,0,0,1,1,6,2,38,7,1390,1,8,5,1
201401GD10987,1,4,0,18,0,1,1,0,0,0,4,1,6,1,67,10,124,1,6,2,1
201401GD10988,1,19,0,9,0,8,0,0,0,0,3,1,2,1,33,6,1995,2,3,-1,-1
201401GD10988,2,3,0,13,0,8,0,0,0,0,1,1,2,1,21,5,124,1,12,2,1
201401GD10989,1,1,0,18,0,8,0,0,0,0,1,1,6,1,51,8,-1,-1,-1,2,1
201401GD10990,1,11,0,18,2,2,0,0,0,0,0,1,6,1,56,9,6692,2,3,2,1
201401GD10991,1,1,0,14,0,1,0,0,0,0,4,1,6,2,25,5,-1,-1,-1,2,1
201401GD10991,2,4,0,14,0,1,0,0,0,0,3,1,1,1,34,6,499,1,9,10,1
201401GD10992,1,1,0,18,0,8,0,0,0,0,1,1,6,1,25,5,-1,-1,-1,1,1
201401GD10992,2,9,0,7,0,8,0,0,0,0,3,1,6,3,-1,-1,-1,-1,-1,-1,-1
201401GD10993,1,9,0,2,0,0,0,0,0,0,3,1,1,2,22,5,1149,1,3,2,1
201401GD10993,2,1,0,18,0,0,0,8,0,0,1,1,6,1,32,6,-1,-1,-1,1,1
201401GD10994,1,9,0,18,0,8,0,0,0,0,3,1,1,1,40,7,1798,8,2,1,1
201401GD10994,2,9,0,18,0,8,0,0,0,0,1,1,6,1,36,7,-1,-1,-1,2,1
201401GD10997,1,9,0,18,0,8,0,0,0,0,0,1,6,3,-1,-1,-1,-1,-1,-1,-1
201401GD10999,1,2,0,4,0,2,0,0,0,0,2,1,1,1,50,8,124,1,2,6,1
201401GD10999,2,21,0,18,0,2,0,0,0,0,1,1,1,1,50,8,11705,2,6,6,1
201401GD11000,1,5,0,4,0,2,0,0,0,0,2,1,6,1,41,7,998,1,5,2,1
201401GD11000,2,9,0,18,0,2,0,0,0,0,1,1,6,1,81,11,1597,1,14,1,1
201401GD11002,1,19,0,1,0,2,0,0,0,0,2,1,1,1,22,5,-1,-1,-1,4,1
201401GD11005,1,2,0,18,0,2,0,0,0,0,4,1,6,1,26,6,102,1,10,-1,-1
201401GD11005,2,9,0,9,0,2,0,0,0,0,1,1,6,3,-1,-1,1995,1,7,-1,-1
201401GD11006,1,9,0,3,0,2,0,0,0,0,2,1,2,1,34,6,1299,1,12,1,1
201401GD11006,2,9,0,3,0,2,0,0,0,0,2,1,6,1,25,5,1896,2,14,1,1
201401GD11006,3,9,0,18,0,2,0,0,0,0,1,1,6,1,40,7,1598,1,6,-1,1
201401GD11007,1,9,0,18,0,1,0,0,0,0,1,1,6,3,-1,-1,-1,-1,-1,-1,-1
201401GD11008,1,9,0,15,2,0,0,0,0,0,1,1,6,1,17,4,1596,1,8,3,1
201401GD11008,2,19,0,7,0,0,0,0,0,0,4,1,1,1,22,5,2198,2,1,5,1
201401GD11009,1,9,0,18,0,1,0,10,1,1,1,1,6,2,32,6,1796,1,8,3,1
201401GD11010,1,1,0,18,4,0,0,8,0,0,1,1,2,1,39,7,-1,-1,-1,1,1
201401GD11010,2,8,0,3,0,0,0,0,0,0,4,1,1,1,-1,-1,-1,-1,-1,-1,-1
201401GD11011,1,1,0,7,0,8,0,0,0,0,1,1,6,1,34,6,-1,-1,-1,6,1
201401GD11011,2,9,0,9,0,8,0,0,0,0,4,1,6,3,-1,-1,-1,-1,-1,-1,-1
201401GD11012,1,9,0,18,0,8,0,0,0,0,4,1,1,1,35,6,1868,2,15,-1,1
201401GD11012,2,1,0,18,0,8,0,0,0,0,1,1,1,1,21,5,-1,-1,-1,2,1
201401GD11013,1,8,0,4,0,1,0,0,0,0,2,1,6,1,38,7,2143,2,4,-1,1
201401GD11013,2,2,0,18,0,1,0,0,0,0,1,1,6,1,16,4,-1,-1,-1,2,1
201401GD11014,1,9,0,18,0,8,0,0,0,0,1,1,6,2,24,5,1587,1,11,10,1
201401GD11014,2,9,0,18,0,8,0,0,0,0,3,1,6,1,26,6,1995,2,3,3,1
201401GD11015,1,9,0,18,0,1,0,0,0,0,1,1,6,3,-1,-1,-1,-1,-1,-1,-1
201401GD11016,1,3,0,13,0,8,0,0,0,0,4,1,6,1,34,6,-1,-1,-1,7,1
201401GD11016,2,9,0,9,0,8,0,0,0,0,3,1,6,3,-1,-1,2597,1,13,-1,-1
201401GD11017,1,9,0,18,0,8,0,0,0,0,1,1,2,2,51,8,1598,1,3,1,1
201401GD11020,1,9,0,3,0,1,0,0,0,0,2,1,6,2,31,6,-1,-1,-1,-1,-1
201401GD11020,2,9,0,18,0,1,0,0,0,0,1,1,6,3,-1,-1,1997,1,10,-1,-1
201401GD11021,1,1,0,18,0,2,0,0,0,0,3,1,6,1,19,4,-1,-1,-1,-1,-1
201401GD11021,2,9,0,18,0,2,0,0,0,0,4,1,6,3,-1,-1,-1,-1,-1,-1,-1
201401GD11022,1,9,0,18,0,8,0,0,0,0,1,1,1,1,23,5,-1,-1,-1,3,1
201401GD11022,2,19,0,7,0,8,0,0,0,0,4,1,2,1,25,5,-1,-1,-1,10,1
201401GD11023,1,19,0,3,0,1,0,0,0,0,4,1,1,3,-1,-1,2143,2,-1,-1,-1
201401GD11023,2,1,0,14,0,1,0,0,0,0,4,1,2,1,33,6,-1,-1,-1,1,1
201401GD11024,1,5,0,3,0,1,0,0,0,0,2,1,6,1,35,6,1137,1,17,8,3
201401GD11024,2,19,0,4,0,1,0,0,0,0,1,1,6,1,-1,-1,2198,2,1,2,1
201401GD11027,1,9,0,3,0,1,0,0,0,0,2,1,6,2,23,5,1248,2,7,2,1
201401GD11027,2,9,0,18,0,1,0,0,0,0,1,1,6,1,-1,-1,1968,2,7,-1,-1
201401GD11028,1,9,0,9,0,8,0,0,0,0,4,1,6,1,53,8,2497,2,9,5,1
201401GD11028,2,9,0,18,0,8,0,0,0,0,1,1,6,1,27,6,1781,1,12,6,1
201401GD11029,1,5,0,18,0,1,0,0,0,0,1,1,1,1,40,7,782,1,6,8,1
201401GD11029,2,11,0,3,0,1,0,0,0,0,2,1,1,1,63,9,-1,-1,-1,-1,-1
201401GD11030,1,9,0,18,0,8,0,0,0,0,3,1,2,1,45,7,1985,1,15,-1,-1
201401GD11030,2,9,0,5,0,8,0,0,0,0,1,1,2,1,52,8,-1,-1,-1,2,1
201401GD11031,1,9,0,4,0,1,0,0,0,0,2,1,1,1,30,6,1797,8,3,-1,1
201401GD11031,2,9,0,18,0,1,0,0,0,0,2,1,6,1,46,8,-1,-1,-1,7,1
201401GD11032,1,1,0,18,4,8,0,0,0,0,1,1,6,1,53,8,-1,-1,-1,-1,-1
201401GD11032,2,9,0,9,0,8,0,0,0,0,4,1,6,1,-1,-1,1998,2,8,6,1
201401GD11033,1,9,0,7,0,8,0,0,0,0,2,1,6,1,41,7,1388,1,11,1,1
201401GD11033,2,3,0,18,0,8,0,0,0,0,1,1,6,3,-1,-1,-1,-1,-1,-1,-1
201401GD11034,1,9,0,18,0,1,0,0,0,0,4,1,6,3,-1,-1,-1,-1,-1,-1,-1
201401GD11036,1,9,0,18,0,1,0,0,0,0,3,1,6,1,67,10,3000,1,8,-1,-1
201401GD11036,2,9,0,18,0,2,0,0,0,0,3,1,6,1,27,6,1997,2,1,3,1
201401GD11038,1,1,0,18,0,8,0,0,0,0,4,1,6,1,38,7,-1,-1,-1,2,1
201401GD11038,2,9,0,7,0,8,0,0,0,0,1,1,6,3,-1,-1,-1,-1,-1,-1,-1
201401GD11040,1,9,0,9,0,2,0,0,0,0,1,1,6,2,21,5,1598,1,6,-1,1
201401GD11041,1,9,0,9,0,2,0,0,0,0,2,1,2,2,29,6,1968,2,4,2,1
201401GD11041,2,8,0,9,0,2,0,0,0,0,1,1,1,1,39,7,1598,1,4,1,1
201401GD11042,1,9,0,18,0,0,0,10,1,5,4,1,6,2,53,8,1598,1,9,2,1
201401GD11043,1,9,0,4,0,0,0,0,0,0,2,1,6,1,34,6,1497,8,7,3,1
201401GD11043,2,9,0,4,0,0,0,0,0,0,1,1,6,2,60,9,1895,1,15,1,1
201401GD11044,1,1,0,14,0,1,0,0,0,0,4,1,6,1,34,6,-1,-1,-1,3,1
201401GD11044,2,9,0,5,0,1,0,0,0,0,3,1,6,1,-1,-1,-1,-1,-1,4,1
201401GD11045,1,9,0,9,0,8,0,0,0,0,3,1,6,1,27,6,1242,1,8,1,1
201401GD11045,2,9,0,18,0,8,0,0,0,0,1,1,6,1,-1,-1,1997,2,1,1,1
201401GD11048,1,3,0,18,0,0,1,0,0,0,4,1,2,1,33,6,-1,-1,-1,2,1
201401GD11049,1,11,0,5,0,1,0,0,0,0,0,1,1,2,56,9,4500,2,2,8,1
201401GD11051,1,9,0,5,0,0,0,0,0,0,3,1,6,1,66,10,-1,-1,-1,1,1
201401GD11052,1,9,0,3,0,0,0,0,0,0,2,1,6,1,41,7,3628,2,5,3,1
201401GD11052,2,3,0,18,0,0,0,0,0,0,1,1,2,1,-1,-1,125,1,7,1,1
201401GD11057,1,3,0,18,0,2,0,0,0,0,1,1,6,3,-1,-1,124,1,4,-1,-1
201401GD11059,1,9,0,18,0,8,0,0,0,0,3,1,6,1,38,7,-1,-1,-1,1,1
201401GD11059,2,9,0,18,0,8,0,0,0,0,4,1,6,1,66,10,-1,-1,-1,-1,1
201401GD19005,1,1,0,7,0,8,0,0,0,0,2,1,6,2,33,6,-1,-1,-1,1,1
201401GD19005,2,9,0,18,0,1,0,0,0,0,1,1,6,3,-1,-1,-1,-1,-1,-1,-1
201401GD19009,1,11,0,4,0,1,0,0,0,0,0,1,1,1,50,8,4461,2,-1,2,1
201401GD19018,1,9,0,18,0,1,0,0,0,0,2,1,6,1,32,6,-1,-1,-1,1,1
201401GD19018,2,19,0,18,0,1,0,0,0,0,1,1,6,3,-1,-1,-1,-1,-1,-1,-1
201401GD19030,1,1,0,18,4,8,0,0,0,0,4,1,6,1,25,5,-1,-1,-1,3,1
201401GD19030,2,9,0,9,4,8,0,0,0,0,1,1,6,3,-1,-1,-1,-1,-1,-1,-1
201401GD19032,1,1,0,18,0,8,0,0,0,0,4,1,6,1,32,6,-1,-1,-1,10,1
201401GD19032,2,9,0,5,0,8,0,0,0,0,1,1,6,2,-1,-1,1198,1,-1,3,1
201401GD19063,1,9,0,8,0,1,0,0,0,0,2,1,6,2,37,7,1398,1,3,2,1
201401GD19063,2,9,0,18,0,1,0,0,0,0,1,1,6,1,-1,-1,3955,1,8,-1,-1
201401GD19066,1,9,0,18,0,8,0,0,0,0,3,1,6,1,36,7,1398,1,3,2,1
201401GD19066,2,9,0,7,0,8,0,0,0,0,4,1,6,1,-1,-1,1968,2,-1,-1,-1
201401GD19080,1,11,0,18,0,0,0,0,0,0,0,1,1,1,-1,-1,-1,-1,-1,-1,-1
201401GD19082,1,9,0,9,0,8,0,0,0,0,3,1,6,1,23,5,-1,-1,-1,3,1
201401GD19082,2,3,0,13,0,8,0,0,0,0,1,1,6,1,24,5,125,1,6,-1,-1
201401GD19094,1,1,0,15,0,1,0,8,0,0,1,1,6,1,30,6,-1,-1,-1,2,1
201401GD19094,2,19,0,3,0,1,0,0,0,0,4,1,1,1,-1,-1,-1,-1,-1,-1,-1
201401HT20001,1,19,0,2,0,0,0,0,0,0,3,1,1,1,32,6,2143,2,4,-1,-1
201401HT20001,2,1,0,18,0,0,0,8,0,0,1,1,6,1,-1,-1,-1,-1,-1,1,1
201401HT20003,1,9,0,10,0,1,0,0,0,0,2,1,6,1,32,6,1794,1,5,2,1
201401HT20003,2,9,0,18,0,1,0,0,0,0,1,1,6,1,-1,-1,1124,1,11,-1,-1
201401HT20005,1,9,0,18,0,2,0,0,0,0,1,1,6,1,52,8,2000,1,8,5,1
201401HT20006,1,3,0,18,0,8,0,0,0,0,1,1,6,1,27,6,125,1,4,1,1
201401HT20006,2,11,0,9,0,8,0,0,0,0,4,1,1,1,46,8,-1,-1,-1,5,1
201401HT20008,1,9,0,16,0,1,0,0,0,0,1,1,1,1,29,6,1595,1,8,6,1
201401HT20008,2,9,0,16,0,1,0,0,0,0,2,1,6,2,46,8,998,1,7,3,1
201401HT20009,1,11,0,14,0,0,0,0,0,0,1,1,1,1,56,9,9360,2,3,5,1
201401HT20011,1,9,0,18,0,0,0,0,0,0,1,1,6,1,-1,-1,1199,1,12,-1,-1
201401HT20012,1,11,0,18,0,0,0,0,0,0,0,1,1,1,43,7,9360,2,3,-1,-1
201401HT20013,1,21,0,9,0,2,0,0,0,0,1,1,1,3,-1,-1,-1,-1,-1,-1,-1
201401HT20014,1,9,0,9,0,2,0,0,0,0,1,1,6,3,-1,-1,-1,-1,-1,-1,-1
201401HT20016,1,1,0,18,0,8,0,0,0,0,3,1,6,2,47,8,-1,-1,-1,2,1
201401HT20016,2,9,0,9,0,8,0,0,0,0,1,1,6,3,-1,-1,-1,-1,-1,-1,-1
201401HT20017,1,19,0,18,0,1,0,0,0,0,1,1,6,1,-1,-1,-1,-1,-1,-1,-1
201401HT20018,1,9,0,18,0,1,0,4,0,0,1,1,6,1,43,7,1794,1,11,2,1
201401HT20018,2,9,0,2,0,1,0,0,0,0,1,1,6,1,46,8,2148,2,7,-1,-1
201401HT20020,1,9,0,18,9,1,0,10,1,0,1,1,6,1,-1,-1,-1,-1,-1,-1,-1
201401HT20021,1,19,0,13,0,0,0,0,0,0,4,1,1,1,50,8,1896,2,6,8,3
201401HT20021,2,1,0,18,0,0,0,0,0,0,3,1,2,1,37,7,-1,-1,-1,1,1
201401HT20022,1,9,0,9,0,8,0,0,0,0,4,1,6,2,49,8,1598,1,2,10,2
201401HT20022,2,1,0,18,0,8,0,0,0,0,1,1,6,2,34,6,-1,-1,-1,3,1
201401HT20023,1,9,0,13,0,0,0,0,0,0,4,1,6,1,40,7,2685,2,11,1,1
201401HT20023,2,1,0,18,0,0,0,0,0,0,3,1,6,1,48,8,-1,-1,-1,3,1
201401HT20024,1,11,0,5,0,0,0,0,0,0,0,1,1,1,26,6,9360,2,3,3,1
201401HT20025,1,21,0,18,0,0,0,0,0,0,1,1,1,1,52,8,-1,-1,-1,4,1
201401HT20025,2,9,0,4,0,0,0,0,0,0,2,1,6,1,54,8,-1,-1,-1,7,1
201401HT20025,3,9,0,4,0,0,0,0,0,0,2,1,6,2,21,5,1229,1,8,2,1
201401HT20026,1,9,0,18,0,2,0,0,0,0,1,1,2,1,50,8,-1,-1,-1,6,1
201401HT20027,1,9,0,14,0,0,0,0,0,0,1,1,2,1,33,6,2231,2,8,3,1
201401HT20028,1,9,0,7,0,5,0,0,0,0,4,1,6,1,37,7,1396,1,11,1,1
201401HT20028,2,2,0,18,4,1,0,0,0,0,3,1,2,1,52,8,49,1,2,3,1
201401HT20029,1,8,0,3,0,1,0,0,0,0,2,1,1,1,37,7,1997,2,3,6,1
201401HT20029,2,9,0,4,0,1,0,0,0,0,2,1,6,1,-1,-1,1299,1,12,-1,-1
201401HT20029,3,9,0,18,0,1,0,0,0,0,1,1,6,1,-1,-1,1396,1,15,-1,-1
201401HT20030,1,5,0,18,0,1,0,0,0,0,3,1,2,1,50,8,1299,1,11,8,1
201401HT20031,1,9,0,18,0,8,0,0,0,0,3,1,6,2,32,6,1339,8,5,1,1
201401HT20031,2,9,0,9,0,8,0,0,0,0,1,1,6,1,-1,-1,-1,-1,-1,-1,-1
201401HT20033,1,9,0,18,0,0,0,0,0,0,4,1,6,2,45,7,1388,1,5,-1,1
201401HT20033,2,9,0,15,0,0,0,0,0,0,3,1,6,1,20,4,1598,2,1,2,1
201401HT20035,1,9,0,9,0,8,0,0,0,0,4,1,2,1,31,6,5000,1,5,4,1
201401HT20035,2,4,0,18,0,8,0,0,0,0,1,1,2,1,39,7,125,1,2,2,1
201401HT20036,1,21,0,18,0,0,0,0,0,0,1,1,1,1,43,7,-1,-1,-1,-1,-1
201401HT20036,2,9,0,4,0,0,0,0,0,0,2,1,6,2,67,10,1596,1,14,-1,1
201401HT20037,1,9,0,18,0,0,0,0,0,0,1,1,1,1,62,9,1461,2,2,8,1
201401HT20038,1,1,0,18,0,8,0,0,0,0,4,1,2,1,41,7,-1,-1,-1,2,1
201401HT20038,2,9,0,18,0,8,0,0,0,0,1,1,6,1,-1,-1,-1,-1,-1,-1,-1
201401HT20039,1,9,0,9,0,8,0,0,0,0,4,1,6,1,33,6,1995,2,4,-1,-1
201401HT20039,2,9,0,18,0,8,0,0,0,0,1,1,6,1,71,10,1560,2,2,-1,1
201401HT20040,1,9,0,18,0,8,0,0,0,0,3,1,6,2,33,6,1995,1,11,1,1
201401HT20040,2,9,0,18,0,8,0,0,0,0,1,1,6,1,24,5,1388,1,11,2,1
201401HT20041,1,9,0,18,0,0,0,0,0,0,3,1,2,1,32,6,1600,1,14,1,1
201401HT20041,2,20,0,11,0,0,0,0,0,0,4,1,1,1,33,6,7146,2,7,2,1
201401HT20042,1,5,0,18,0,8,0,0,0,0,1,1,6,1,27,6,599,1,12,2,1
201401HT20042,2,9,0,9,0,8,0,0,0,0,4,1,6,2,52,8,1796,1,3,4,1
201401HT20043,1,9,0,18,0,1,0,0,0,0,1,1,1,1,38,7,999,1,2,-1,1
201401HT20044,1,9,0,18,0,8,0,0,0,0,1,1,6,1,35,6,1339,8,8,1,1
201401HT20044,2,9,0,9,0,8,0,0,0,0,4,1,6,1,-1,-1,-1,-1,-1,-1,-1
201401HT20045,1,9,0,9,0,5,0,0,0,0,3,1,6,1,43,7,-1,-1,-1,2,1
201401HT20045,2,3,0,13,0,1,0,0,0,0,1,1,1,1,44,7,125,1,3,3,1
201401HT20046,1,9,0,18,0,2,0,0,0,0,1,1,6,3,-1,-1,-1,-1,-1,-1,-1
201401HT20048,1,9,0,4,0,0,0,0,0,0,2,1,6,2,22,5,1197,1,4,1,1
201401HT20048,2,3,0,4,0,0,0,0,0,0,2,1,6,1,44,7,124,1,6,3,1
201401HT20048,3,20,0,18,0,0,0,0,0,0,1,1,1,1,47,8,-1,-1,-1,7,1
201401HT20049,1,2,0,18,0,0,0,0,0,0,3,1,6,1,29,6,125,1,1,5,1
201401HT20049,2,9,0,4,0,0,0,0,0,0,0,1,6,1,39,7,1339,8,4,1,1
201401HT20051,1,9,0,18,0,2,0,0,0,0,1,1,6,1,43,7,3189,1,8,2,1
201401HT20052,1,9,0,7,0,8,0,0,0,0,3,1,6,2,24,5,1388,1,11,3,1
201401HT20052,2,9,0,18,0,8,0,0,0,0,1,1,6,1,45,7,2993,2,10,1,1
201401HT20054,1,3,0,5,0,1,0,0,0,0,3,1,6,1,33,6,125,1,8,1,1
201401HT20054,2,19,0,13,0,1,0,0,0,0,4,1,6,1,50,8,1896,2,7,8,1
201401HT20055,1,3,0,14,0,0,0,0,0,0,1,1,6,1,-1,-1,278,1,3,-1,-1
201401HT20056,1,9,0,3,0,0,0,0,0,0,1,1,1,1,32,6,-1,-1,-1,-1,-1
201401HT20056,2,19,0,1,0,0,0,0,0,0,2,1,6,3,-1,-1,2198,2,2,-1,-1
201401HT20057,1,9,0,2,0,0,0,0,0,0,2,1,6,2,26,6,1242,1,4,1,1
201401HT20057,2,19,0,1,0,0,0,4,0,0,2,1,1,1,-1,-1,1998,2,9,-1,-1
201401HT20058,1,9,0,1,0,0,0,0,0,0,2,1,6,1,-1,-1,1997,2,2,-1,-1
201401HT20059,1,9,0,18,0,1,0,0,0,0,2,1,2,2,39,7,1598,1,7,2,1
201401HT20059,2,20,0,18,0,1,0,0,0,0,1,1,1,1,51,8,4461,2,6,-1,-1
201401HT20060,1,9,0,10,0,1,0,0,0,0,3,1,6,1,39,7,-1,-1,-1,2,1
201401HT20060,2,9,0,18,0,2,0,0,0,0,3,1,6,3,-1,-1,-1,-1,-1,-1,-1
201401HT20061,1,9,0,4,0,1,0,0,0,0,1,1,6,2,45,7,1796,2,1,3,1
201401HT20061,2,9,0,3,0,1,0,0,0,0,2,1,1,1,37,7,2148,2,10,1,1
201401HT20062,1,9,0,3,0,1,0,0,0,0,2,1,2,1,20,4,1198,1,3,7,1
201401HT20062,2,9,0,18,0,1,0,0,0,0,1,1,6,3,-1,-1,1595,1,4,-1,-1
201401HT20064,1,9,0,3,0,0,0,0,0,0,2,1,6,2,23,5,1200,1,10,1,1
201401HT20064,2,9,0,18,0,0,0,0,0,0,1,1,6,1,-1,-1,1910,2,6,-1,-1
201401HT20066,1,19,0,18,0,1,0,0,0,0,1,1,1,1,50,8,2402,2,6,1,1