Accident_Index,Vehicle_Reference,Vehicle_Type,Towing_and_Articulation,Vehicle_Manoeuvre,Vehicle_Location-Restricted_Lane,Junction_Location,Skidding_and_Overturning,Hit_Object_in_Carriageway,Vehicle_Leaving_Carriageway,Hit_Object_off_Carriageway,1st_Point_of_Impact,Was_Vehicle_Left_Hand_Drive?,Journey_Purpose_of_Driver,Sex_of_Driver,Age_of_Driver,Age_Band_of_Driver,Engine_Capacity_(CC),Propulsion_Code,Age_of_Vehicle,Driver_IMD_Decile,Driver_Home_Area_Type
201401HT20441,2,9,0,9,0,8,0,0,0,0,1,1,6,3,-1,-1,1598,1,6,-1,-1
201401HT20442,1,9,0,4,0,1,0,0,0,0,2,1,6,1,61,9,1596,1,11,1,1
201401HT20442,2,9,0,18,0,1,0,0,0,0,1,1,6,3,-1,-1,-1,-1,-1,-1,-1
201401HT20443,1,9,0,9,0,8,0,0,0,0,1,1,6,1,26,6,1895,1,13,1,1
201401HT20443,2,1,0,18,0,8,0,0,0,0,3,1,6,2,43,7,-1,-1,-1,2,1
201401HT20444,1,11,0,18,0,2,0,4,0,0,1,1,1,1,49,8,4500,2,5,1,1
201401HT20444,2,19,0,2,0,2,0,0,0,0,1,1,6,1,50,8,-1,-1,-1,-1,-1
201401HT20444,3,9,0,2,0,2,0,0,0,0,3,1,6,1,69,10,-1,-1,-1,5,1
201401HT20444,4,9,0,2,0,2,0,0,0,0,2,1,6,1,49,8,-1,-1,-1,-1,1
201401HT20445,1,9,0,9,0,8,0,0,0,0,4,1,1,1,68,10,1598,2,1,8,1
201401HT20445,2,9,0,18,0,8,0,0,0,0,1,1,1,1,41,7,-1,-1,-1,5,1
201401HT20447,1,1,0,18,4,0,0,0,0,0,1,1,6,1,25,5,-1,-1,-1,1,1
201401HT20449,1,1,0,18,0,1,0,0,0,0,1,1,6,2,27,6,-1,-1,-1,4,1
201401HT20449,2,1,0,18,0,2,0,0,0,0,1,1,6,3,-1,-1,-1,-1,-1,-1,-1
201401HT20452,1,9,0,9,0,5,0,0,0,0,4,1,6,1,20,4,1596,1,8,-1,-1
201401HT20452,2,5,0,15,2,8,0,0,0,0,1,1,6,1,30,6,599,1,15,-1,-1
201401HT20453,1,9,0,18,0,8,0,0,0,0,1,1,6,1,55,8,1590,1,19,3,1
201401HT20453,2,9,0,7,0,8,0,0,0,0,3,1,6,1,25,5,2497,1,8,1,1
201401HT20454,1,9,0,4,0,1,0,0,0,0,2,1,6,2,32,6,1582,2,2,4,1
201401HT20454,2,9,0,4,0,1,0,0,0,0,1,1,6,1,54,8,1794,1,12,4,1
201401HT20454,3,9,0,4,0,1,0,0,0,0,1,1,6,2,32,6,1240,1,7,3,1
201401HT20454,4,9,0,4,0,1,0,0,0,0,1,1,6,2,44,7,1397,1,12,3,1
201401HT20454,5,9,0,4,0,1,0,0,0,0,1,1,6,2,42,7,1388,1,6,2,1
201401HT20455,1,9,0,18,0,0,0,0,0,0,2,1,6,1,35,6,1396,1,14,4,1
201401HT20455,2,9,0,18,0,0,0,0,0,0,1,1,6,1,-1,-1,1988,2,9,-1,-1
201401HT20457,1,8,0,6,0,0,0,0,0,0,4,1,1,1,65,9,2499,2,6,2,1
201401HT20457,2,9,0,18,0,0,0,0,0,0,1,1,6,1,-1,-1,1984,1,18,-1,-1
201401HT20458,1,9,0,9,0,8,0,0,0,0,4,1,6,2,23,5,1400,1,7,3,1
201401HT20458,2,1,0,18,0,8,0,0,0,0,1,1,6,2,-1,-1,-1,-1,-1,-1,-1
201401HT20459,1,19,0,9,0,8,0,0,0,0,4,1,1,1,56,9,1298,1,9,1,1
201401HT20459,2,1,0,18,0,8,0,0,0,0,1,1,6,1,31,6,-1,-1,-1,2,1
201401HT20460,1,1,0,17,0,0,0,8,0,0,1,1,6,1,48,8,-1,-1,-1,-1,1
201401HT20460,2,9,0,2,0,0,0,0,0,0,3,1,6,1,-1,-1,1368,1,7,5,1
201401HT20461,1,9,0,18,0,1,0,0,0,0,3,1,6,1,32,6,1796,1,3,1,1
201401HT20461,2,9,0,18,0,2,0,0,0,0,3,1,1,1,34,6,-1,-1,-1,2,1
201401HT20462,1,9,0,9,0,8,0,0,0,0,4,1,2,1,43,7,1799,1,7,-1,-1
201401HT20462,2,4,0,18,0,8,0,0,0,0,1,1,2,1,33,6,249,1,16,8,3
201401HT20463,1,3,0,18,0,8,0,0,0,0,1,1,6,1,21,5,125,1,7,-1,1
201401HT20463,2,2,0,9,0,8,0,0,0,0,3,1,1,1,26,6,49,1,3,2,1
201401HT20464,1,9,0,9,0,8,0,0,0,0,1,1,6,1,33,6,1388,1,15,2,1
201401HT20464,2,1,0,18,0,8,0,0,0,0,3,1,6,1,52,8,-1,-1,-1,-1,-1
201401HT20465,1,4,0,13,0,1,0,0,0,0,4,1,6,3,-1,-1,-1,-1,-1,-1,-1
201401HT20465,2,1,0,18,0,1,0,0,0,0,3,1,6,1,57,9,-1,-1,-1,-1,1
201401HT20466,1,9,0,18,0,1,0,0,0,0,4,1,6,1,49,8,1360,1,17,1,1
201401HT20466,2,9,0,5,0,1,0,0,0,0,3,1,6,1,42,7,1799,1,15,-1,-1
201401HT20467,1,9,0,18,0,1,0,0,0,0,1,1,6,1,34,6,1388,1,12,4,1
201401HT20468,1,9,0,3,0,0,0,0,0,0,2,1,6,1,19,4,1197,1,-1,1,1
201401HT20468,2,9,0,1,0,0,0,0,0,0,2,1,6,3,-1,-1,-1,-1,-1,-1,-1
201401HT20469,1,9,0,18,0,8,0,0,0,0,3,1,6,1,40,7,1598,1,14,2,1
201401HT20469,2,9,0,9,0,8,0,0,0,0,1,1,6,1,25,5,-1,-1,-1,1,1
201401HT20470,1,9,0,4,0,0,0,0,0,0,2,1,6,1,25,5,1796,1,9,2,1
201401HT20470,2,1,0,18,0,0,0,0,0,0,1,1,6,1,31,6,-1,-1,-1,-1,-1
201401HT20471,1,19,0,7,0,5,0,0,0,0,4,1,2,1,56,9,1560,2,4,7,1
201401HT20471,2,1,0,18,4,1,0,0,0,0,3,1,2,1,48,8,-1,-1,-1,1,1
201401HT20472,1,9,0,7,0,8,0,0,0,0,3,1,6,1,53,8,1799,1,14,1,1
201401HT20472,2,9,0,18,0,8,0,0,0,0,1,1,6,1,-1,-1,2171,1,10,-1,-1
201401HT20473,1,9,0,3,0,0,0,0,0,0,2,1,6,1,41,7,2698,2,6,9,1
201401HT20473,2,9,0,4,0,0,0,0,0,0,2,1,6,2,20,4,1598,1,7,9,1
201401HT20473,3,9,0,18,0,0,0,0,0,0,1,1,6,2,57,9,2460,2,18,3,1
201401HT20474,1,9,0,9,0,2,0,0,0,0,1,1,6,1,30,6,1598,1,10,2,1
201401HT20475,1,3,0,18,0,1,0,0,0,0,3,1,6,1,18,4,-1,-1,-1,1,1
201401HT20475,2,9,0,7,0,5,0,0,0,0,4,1,6,3,-1,-1,-1,-1,-1,-1,-1
201401HT20476,1,9,0,3,0,1,0,0,0,0,2,1,6,1,52,8,1796,1,10,1,1
201401HT20476,2,9,0,5,0,1,0,0,0,0,1,1,6,1,-1,-1,3498,1,10,-1,-1
201401HT20477,1,9,0,3,0,8,0,0,0,0,3,1,6,2,30,6,998,1,7,2,1
201401HT20477,2,9,0,9,0,8,0,0,0,0,1,1,6,1,-1,-1,1590,1,10,-1,-1
201401HT20478,1,5,0,13,0,8,0,0,0,0,4,1,1,1,53,8,499,1,10,1,1
201401HT20478,2,9,0,9,0,8,0,0,0,0,3,1,1,1,52,8,998,1,10,1,1
201401HT20479,1,11,0,18,0,0,0,0,0,0,0,1,1,1,28,6,6700,2,6,-1,-1
201401HT20480,1,9,0,18,0,8,0,0,0,0,1,1,1,1,-1,-1,-1,-1,-1,-1,-1
201401HT20480,2,3,0,18,0,8,0,0,0,0,3,1,6,1,28,6,-1,-1,-1,2,1
201401HT20481,1,9,0,7,0,2,0,0,0,0,1,1,6,1,23,5,1229,1,9,6,1
201401HT20482,1,9,0,18,0,0,0,10,5,6,1,1,2,1,29,6,1490,1,7,4,1
201401HT20483,1,1,0,18,0,1,0,0,0,0,3,1,2,1,37,7,-1,-1,-1,6,1
201401HT20483,2,9,0,7,0,5,0,0,0,0,4,1,6,2,-1,-1,1998,1,10,-1,-1
201401HT20484,1,3,0,18,0,1,0,0,0,0,3,1,2,1,29,6,124,1,7,-1,-1
201401HT20484,2,19,0,7,0,5,0,0,0,0,4,1,1,1,-1,-1,1560,2,2,-1,-1
201401HT20485,1,8,0,7,0,5,0,0,0,0,2,1,1,1,54,8,1794,1,8,2,1
201401HT20485,2,9,0,18,0,1,0,0,0,0,1,1,6,1,-1,-1,1596,1,13,-1,-1
201401HT20486,1,9,0,7,0,8,0,0,0,0,1,1,6,1,29,6,1299,1,10,2,1
201401HT20486,2,9,0,1,0,8,0,0,0,0,2,1,6,1,-1,-1,2926,2,12,-1,-1
201401HT20487,1,5,0,3,0,1,0,0,0,0,2,1,6,1,41,7,1170,1,7,-1,-1
201401HT20487,2,9,0,18,0,1,0,0,0,0,1,1,6,3,-1,-1,2143,2,-1,-1,-1
201401HT20488,1,19,0,1,0,0,0,0,0,0,2,1,1,1,36,7,-1,-1,-1,1,1
201401HT20488,2,1,0,18,0,0,0,0,0,0,1,1,6,1,50,8,-1,-1,-1,1,1
201401HT20489,1,9,0,18,0,1,0,0,0,0,1,1,6,2,24,5,-1,-1,-1,1,1
201401HT20489,2,3,0,3,0,1,0,0,0,0,2,1,6,1,48,8,125,1,8,3,1
201401HT20489,3,9,0,3,0,1,0,0,0,0,2,1,6,1,29,6,-1,-1,-1,3,1
201401HT20490,1,9,0,18,0,0,0,0,0,0,4,1,6,1,-1,-1,-1,-1,-1,-1,-1
201401HT20491,1,10,0,3,0,2,0,0,0,0,2,1,1,1,56,9,2461,2,5,3,1
201401HT20491,2,9,0,18,0,2,0,0,0,0,1,1,2,2,40,7,1587,1,14,2,1
201401HT20492,1,9,0,9,0,8,0,0,0,0,3,1,6,1,25,5,1598,1,12,2,1
201401HT20492,2,1,0,17,0,8,0,0,0,0,1,1,6,2,43,7,-1,-1,-1,1,1
201401HT20493,1,9,0,18,0,8,0,0,0,0,4,1,1,1,42,7,1686,2,3,2,1
201401HT20493,2,1,0,18,0,8,0,0,0,0,1,1,6,1,54,8,-1,-1,-1,-1,-1
201401HT20494,1,9,0,2,0,0,0,0,0,0,3,1,1,1,36,7,1997,2,1,2,1
201401HT20494,2,1,0,18,0,0,0,4,0,0,4,1,6,1,23,5,-1,-1,-1,2,1
201401HT20495,1,19,0,11,0,1,0,0,0,0,4,1,1,1,29,6,2287,2,5,4,1
201401HT20495,2,3,0,18,0,1,0,0,0,0,3,1,2,1,31,6,125,1,7,3,1
201401HT20496,1,1,0,18,0,1,0,0,0,0,1,1,6,1,-1,-1,-1,-1,-1,-1,-1
201401HT20497,1,1,0,9,0,2,0,0,0,0,2,1,6,1,52,8,-1,-1,-1,2,1
201401HT20497,2,9,0,18,0,2,0,0,0,0,4,1,6,1,32,6,1796,1,7,2,1
201401HT20498,1,1,0,18,0,0,0,0,0,0,3,1,2,1,44,7,-1,-1,-1,3,1
201401HT20499,1,9,0,18,0,2,0,0,0,0,1,1,6,1,22,5,-1,-1,-1,1,1
201401HT20500,1,9,0,3,0,1,0,0,0,0,1,1,6,2,23,5,1596,1,6,-1,1
201401HT20500,2,9,0,1,0,1,0,0,0,0,2,1,6,1,-1,-1,1796,1,10,-1,-1
201401HT20501,1,5,0,13,0,8,0,0,0,0,4,1,6,1,56,9,-1,-1,-1,4,1
201401HT20501,2,19,0,9,0,8,0,0,0,0,3,1,1,1,-1,-1,2143,2,4,-1,-1
201401HT20502,1,19,0,6,0,0,0,0,0,0,3,1,1,1,35,6,2198,2,1,5,1
201401HT20502,2,3,0,18,0,0,0,0,0,0,1,1,2,1,22,5,108,1,6,3,1
201401HT20503,1,5,0,5,0,1,0,0,0,0,3,1,6,1,27,6,749,1,6,-1,1
201401HT20503,2,9,0,5,0,1,0,0,0,0,4,1,6,1,42,7,2494,1,12,1,1
201401HT20504,1,9,0,9,0,8,0,0,0,0,4,1,2,1,28,6,4367,2,-1,7,1
201401HT20504,2,1,0,18,0,8,0,0,0,0,1,1,6,1,52,8,-1,-1,-1,-1,-1
201401HT20505,1,1,0,18,0,1,0,0,0,0,1,1,6,1,49,8,-1,-1,-1,2,1
201401HT20506,1,9,0,18,0,1,0,0,0,0,3,1,1,1,47,8,998,1,3,-1,-1
201401HT20507,1,19,0,9,0,2,0,0,0,0,3,1,1,1,29,6,2143,2,3,2,1
201401HT20508,1,9,0,1,0,2,0,0,0,0,2,1,6,1,-1,-1,-1,-1,-1,-1,-1
201401HT20509,1,3,0,7,0,2,0,7,0,0,1,1,6,1,47,8,493,1,4,2,1
201401HT20510,1,9,0,9,0,8,0,0,0,0,3,1,2,1,24,5,1596,1,9,1,1
201401HT20510,2,2,0,18,0,8,0,0,0,0,1,1,2,1,48,8,49,1,6,5,1
201401HT20511,1,9,0,18,0,1,0,0,0,0,1,1,6,1,36,7,1896,2,10,7,1
201401HT20512,1,9,0,18,0,2,0,0,0,0,3,1,6,3,-1,-1,-1,-1,-1,-1,-1
201401HT20513,1,9,0,18,0,0,0,0,0,0,1,1,6,1,50,8,1995,2,4,7,1
201401HT20513,2,19,0,3,0,0,0,0,0,0,2,1,6,1,28,6,2198,2,6,6,1
201401HT20513,3,9,0,3,0,0,0,0,0,0,2,1,6,1,45,7,2500,2,15,8,1
201401HT20515,1,9,0,13,0,1,0,0,0,0,4,1,1,1,-1,-1,-1,-1,-1,-1,-1
201401HT20515,2,1,0,18,0,1,0,0,0,0,3,1,6,1,39,7,-1,-1,-1,1,1
201401HT20516,1,3,0,18,0,2,1,0,0,0,1,1,1,1,25,5,124,1,1,4,1
201401HT20516,2,4,0,18,0,2,0,0,0,0,2,1,6,3,-1,-1,-1,-1,-1,-1,-1
201401HT20517,1,19,0,18,0,1,0,0,0,0,3,1,1,1,49,8,1598,2,6,9,1
201401HT20517,2,9,0,11,0,1,0,0,0,0,4,1,6,1,-1,-1,4367,2,2,-1,-1
201401HT20518,1,9,0,17,0,0,0,0,0,0,1,1,6,3,-1,-1,-1,-1,-1,-1,-1
201401HT20519,1,9,0,18,0,0,0,0,0,0,1,1,6,2,31,6,1896,2,12,1,1
201401HT20520,1,3,0,4,0,1,0,0,0,0,2,1,2,1,40,7,109,1,-1,1,1
201401HT20520,2,5,0,18,0,1,0,0,0,0,1,1,6,1,-1,-1,125,1,7,2,1
201401HT20521,1,9,0,18,0,2,0,4,0,0,1,1,6,2,61,9,1398,1,11,1,1
201401HT20521,2,9,0,2,0,2,0,0,0,0,2,1,6,2,-1,-1,1197,1,1,-1,-1
201401HT20523,1,9,0,9,0,8,0,0,0,0,4,1,6,1,34,6,1598,2,3,2,1
201401HT20523,2,9,0,18,0,8,0,0,0,0,1,1,6,1,22,5,2993,2,7,2,1
201401HT20524,1,1,0,18,0,0,0,0,0,0,3,1,2,2,23,5,-1,-1,-1,2,1
201401HT20524,2,11,0,18,0,0,0,0,0,0,1,1,1,1,53,8,5883,2,12,2,1
201401HT20525,1,3,0,18,0,0,0,0,0,0,1,1,1,1,20,4,125,1,1,8,1
201401HT20525,2,1,0,18,0,0,0,0,0,0,2,1,6,2,27,6,-1,-1,-1,1,1
201401HT20526,1,19,0,18,0,0,0,0,0,0,1,1,6,1,29,6,2179,2,8,2,1
201401HT20526,2,9,0,18,0,0,0,0,0,0,1,1,6,1,50,8,1586,1,11,3,1
201401HT20527,1,9,0,18,0,2,0,0,0,0,2,1,6,1,23,5,1910,2,9,-1,-1
201401HT20527,2,1,0,18,0,2,0,0,0,0,1,1,2,1,45,7,-1,-1,-1,7,3
201401HT20529,1,9,0,18,0,8,0,0,0,0,1,1,6,1,39,7,1397,1,12,6,1
201401HT20529,2,9,0,9,0,8,0,0,0,0,4,1,1,1,-1,-1,1794,1,14,-1,-1
201401HT20531,1,3,0,7,0,5,0,0,0,0,3,1,2,2,25,5,125,1,3,2,1
201401HT20533,1,3,0,18,0,0,0,0,0,0,1,1,2,1,22,5,124,1,2,1,1
201401HT20533,2,19,0,4,0,0,0,0,0,0,2,1,6,3,-1,-1,-1,-1,-1,-1,-1
201401HT20535,1,9,0,18,0,1,0,0,0,0,2,1,6,1,40,7,1598,1,13,1,1
201401HT20535,2,9,0,18,0,1,0,0,0,0,1,1,6,3,-1,-1,-1,-1,-1,-1,-1
201401HT20537,1,3,0,17,9,0,0,10,2,10,1,1,6,1,16,4,-1,-1,-1,1,1
201401HT20539,1,9,0,2,0,0,0,0,0,0,2,1,6,1,-1,-1,1895,1,13,2,1
201401HT20539,2,9,0,18,0,0,0,4,0,0,1,1,6,1,-1,-1,-1,-1,-1,2,1
201401HT20540,1,9,0,18,0,2,0,4,0,0,1,1,6,1,25,5,3999,1,5,2,1
201401HT20540,2,9,0,2,0,2,0,0,0,0,1,1,6,1,67,10,1199,1,14,1,1
201401HT20541,1,9,0,9,0,8,0,0,0,0,3,1,6,1,21,5,1587,1,9,5,1
201401HT20541,2,1,0,18,0,8,0,0,0,0,1,1,2,1,45,7,-1,-1,-1,5,1
201401HT20542,1,3,0,18,0,2,0,0,0,0,1,1,6,1,18,4,124,1,5,5,1
201401HT20543,1,19,0,3,0,0,0,0,0,0,2,1,1,1,27,6,2464,2,6,2,1
201401HT20543,2,9,0,18,0,0,0,0,0,0,1,1,1,1,-1,-1,-1,-1,-1,-1,-1
201401HT20544,1,9,0,1,0,2,0,0,0,0,2,1,6,1,25,5,1596,1,9,1,1
201401HT20545,1,3,0,18,0,0,0,0,0,0,4,1,1,1,31,6,124,1,1,6,1
201401HT20545,2,9,0,6,0,0,0,0,0,0,3,1,1,1,-1,-1,2776,2,9,-1,-1
201401HT20546,1,9,0,16,0,8,0,7,0,0,1,1,6,2,18,4,1390,1,10,-1,1
201401HT20547,1,9,0,3,0,0,0,0,0,0,2,1,1,1,30,6,1598,1,7,5,1
201401HT20547,2,9,0,18,0,0,0,0,0,0,1,1,6,1,26,6,1299,1,13,3,1
201401HT20548,1,1,0,18,0,8,0,0,0,0,3,1,2,1,21,5,-1,-1,-1,1,1
201401HT20548,2,9,0,9,0,8,0,0,0,0,1,1,6,1,-1,-1,1995,1,7,-1,-1
201401HT20549,1,21,1,3,0,1,0,0,0,0,2,1,1,1,52,8,11967,2,4,-1,-1
201401HT20549,2,9,0,3,0,1,0,0,0,0,2,1,6,2,23,5,1998,1,10,5,1
201401HT20549,3,9,0,3,0,1,0,0,0,0,2,1,6,1,33,6,1896,2,15,3,1
201401HT20549,4,19,0,18,0,1,0,0,0,0,1,1,1,1,42,7,-1,-1,-1,5,1
201401HT20550,1,9,0,18,0,0,0,0,0,0,1,1,6,2,24,5,1360,1,6,2,1
201401HT20550,2,9,0,18,0,0,0,0,0,0,1,1,6,1,25,5,1461,2,-1,2,1
201401HT20551,1,1,0,18,0,8,0,0,0,0,1,1,2,1,30,6,-1,-1,-1,1,1
201401HT20551,2,9,0,9,0,8,0,0,0,0,4,1,6,1,60,9,1998,1,17,7,1
201401HT20553,1,3,0,18,0,8,0,0,0,0,1,1,6,1,42,7,125,1,6,2,1
201401HT20553,2,19,0,9,0,8,0,0,0,0,3,1,6,1,59,9,1598,2,-1,2,1
201401HT20554,1,1,0,18,0,1,0,0,0,0,3,1,6,1,18,4,-1,-1,-1,-1,1
201401HT20554,2,19,0,7,0,5,0,0,0,0,4,1,6,1,66,10,1753,2,4,3,1
201401HT20555,1,3,0,13,0,8,0,0,0,0,4,1,6,2,30,6,124,1,17,2,1
201401HT20555,2,9,0,9,0,8,0,0,0,0,3,1,6,1,61,9,1995,2,3,6,1
201401HT20556,1,9,0,18,0,8,0,0,0,0,4,1,6,2,23,5,1389,1,17,2,1
201401HT20556,2,9,0,9,0,8,0,0,0,0,1,1,6,1,-1,-1,5461,1,1,2,1
201401HT20557,1,3,0,18,0,1,0,0,0,0,1,1,2,1,24,5,125,1,6,1,1
201401HT20557,2,1,0,18,0,1,0,0,0,0,2,1,2,1,48,8,-1,-1,-1,2,1
201401HT20558,1,19,0,18,0,1,0,0,0,0,1,1,6,1,-1,-1,2148,2,6,-1,-1
201401HT20558,2,19,0,3,0,1,0,0,0,0,2,1,6,1,48,8,1998,2,11,6,1
201401HT20559,1,1,0,18,0,1,0,0,0,0,3,1,6,1,36,7,-1,-1,-1,2,1
201401HT20559,2,9,0,13,0,1,0,0,0,0,4,1,6,1,-1,-1,1248,2,8,-1,-1
201401HT20560,1,11,0,5,0,0,0,0,0,0,0,1,1,1,44,7,8268,2,11,-1,-1
201401HT20561,1,9,0,6,0,1,0,0,0,0,2,1,6,1,-1,-1,2597,1,11,3,1
201401HT20561,2,3,0,18,0,1,0,0,0,0,1,1,6,1,26,6,125,1,6,1,1
201401HT20562,1,9,0,3,0,1,0,0,0,0,2,1,1,1,58,9,1791,8,3,5,1
201401HT20562,2,9,0,5,0,1,0,0,0,0,1,1,1,1,51,8,1598,2,3,2,1
201401HT20563,1,9,0,13,0,0,0,0,0,0,3,1,6,3,-1,-1,-1,-1,-1,-1,-1
201401HT20564,1,9,0,3,0,1,0,0,0,0,2,1,6,1,59,9,1796,1,6,2,1
201401HT20564,2,9,0,18,0,1,0,0,0,0,1,1,6,2,23,5,1360,1,9,1,1
201401HT20565,1,9,0,17,0,8,0,0,0,0,1,1,6,1,54,8,1796,1,9,3,1
201401HT20565,2,1,0,17,0,8,0,0,0,0,2,1,6,1,32,6,-1,-1,-1,1,1
201401HT20566,1,9,0,18,0,8,0,0,0,0,4,1,6,2,35,6,1598,1,9,2,1
201401HT20566,2,9,0,18,0,8,0,0,0,0,1,1,6,1,29,6,1596,1,10,6,1
201401HT20567,1,9,0,18,0,0,0,0,0,0,1,1,6,3,-1,-1,-1,-1,-1,-1,-1
201401HT20570,1,1,0,18,0,8,0,0,0,0,1,1,2,1,37,7,-1,-1,-1,-1,-1
201401HT20570,2,9,0,18,0,8,0,0,0,0,3,1,6,2,-1,-1,-1,-1,-1,3,1
201401HT20571,1,9,0,9,0,8,0,0,0,0,4,1,1,2,35,6,1598,1,1,2,1
201401HT20571,2,1,0,18,0,8,0,0,0,0,1,1,2,1,30,6,-1,-1,-1,1,1
201401HT20572,1,9,0,5,0,0,0,0,0,0,3,1,6,1,37,7,1497,1,12,2,1
201401HT20572,2,1,0,18,0,0,0,0,0,0,4,1,6,1,40,7,-1,-1,-1,2,1
201401HT20573,1,1,0,18,0,1,0,0,0,0,1,1,6,1,35,6,-1,-1,-1,1,1
201401HT20575,1,9,0,18,0,2,0,0,0,0,1,1,1,2,-1,-1,-1,-1,-1,-1,-1
201401HT20576,1,3,0,18,0,1,0,0,0,0,1,1,6,1,32,6,-1,-1,-1,1,1
201401HT20577,1,9,0,18,0,0,0,0,0,0,1,1,6,1,23,5,1388,1,11,-1,-1
201401HT20577,2,9,0,18,0,0,0,0,0,0,1,1,6,1,30,6,1598,1,8,1,1
201401HT20578,1,19,0,18,0,0,0,0,0,0,4,1,6,1,41,7,1868,2,12,1,1
201401HT20579,1,5,0,18,2,0,0,0,0,0,3,1,2,1,58,9,680,1,7,7,1
201401HT20579,2,9,0,11,2,0,0,0,0,0,4,1,6,1,-1,-1,-1,-1,-1,-1,-1
201401HT20580,1,9,0,9,0,8,0,0,0,0,4,1,6,1,26,6,1998,2,5,3,1
201401HT20580,2,9,0,18,0,8,0,0,0,0,1,1,6,1,30,6,1995,2,9,2,1
201401HT20581,1,1,0,18,0,0,0,0,0,0,3,1,6,1,29,6,-1,-1,-1,2,1
201401HT20581,2,9,0,11,0,0,0,0,0,0,4,1,6,3,-1,-1,-1,-1,-1,-1,-1
201401HT20583,1,9,0,18,0,0,0,0,0,0,1,1,6,1,24,5,1198,1,3,3,1
201401HT20583,2,9,0,4,0,0,0,0,0,0,2,1,6,1,39,7,1984,1,10,1,1
201401HT20584,1,5,0,18,0,8,0,0,0,0,3,1,6,1,48,8,-1,-1,-1,7,1
201401HT20584,2,9,0,9,0,8,0,0,0,0,1,1,6,1,-1,-1,-1,-1,-1,-1,-1
201401HT20585,1,9,0,3,0,0,0,0,0,0,1,1,6,1,22,5,1461,2,11,1,1
201401HT20585,2,9,0,1,0,0,0,0,0,0,2,1,6,3,-1,-1,1895,1,13,-1,-1
201401HT20587,1,9,0,18,0,1,0,0,0,0,1,1,3,2,21,5,1149,1,8,1,1
201401HT20587,2,1,0,3,0,1,0,0,0,0,2,1,6,2,37,7,-1,-1,-1,3,1
201401HT20589,1,9,0,9,0,8,0,0,0,0,3,1,2,2,58,9,1299,1,14,1,1
201401HT20589,2,1,0,18,0,8,0,0,0,0,1,1,6,1,27,6,-1,-1,-1,1,1
201401HT20591,1,9,0,18,0,0,0,0,0,0,2,1,6,2,32,6,1796,1,9,2,1
201401HT20591,2,9,0,18,0,0,0,0,0,0,1,1,6,3,-1,-1,-1,-1,-1,-1,-1
201401HT20592,1,8,0,9,0,8,0,0,0,0,3,1,6,1,55,8,1997,2,1,-1,1
201401HT20592,2,3,0,13,0,8,0,0,0,0,4,1,6,1,21,5,124,1,-1,1,1
201401HT20593,1,9,0,2,0,0,0,0,0,0,2,1,6,2,25,5,1796,2,1,2,1
201401HT20593,2,19,0,1,0,0,0,4,0,0,2,1,6,1,-1,-1,2402,2,11,-1,-1
201401HT20594,1,5,0,18,0,2,0,0,0,0,1,1,6,1,34,6,942,1,9,-1,1
201401HT20594,2,9,0,6,0,1,0,0,0,0,4,1,6,1,25,5,2171,1,13,2,1
201401HT20597,1,1,0,18,0,8,0,0,0,0,4,1,6,1,29,6,-1,-1,-1,1,1
201401HT20597,2,9,0,7,0,8,0,0,0,0,1,1,6,2,47,8,1086,1,5,2,1
201401HT20598,1,9,0,7,0,5,0,0,0,0,4,1,1,1,46,8,2198,1,13,2,1
201401HT20598,2,1,0,18,0,1,0,0,0,0,3,1,2,1,38,7,-1,-1,-1,5,1
201401HT20599,1,1,0,18,0,8,0,0,0,0,1,1,6,1,31,6,-1,-1,-1,2,1
201401HT20599,2,9,0,9,0,8,0,0,0,0,3,1,6,3,-1,-1,-1,-1,-1,-1,-1
201401HT20601,1,9,0,3,0,1,0,0,0,0,2,1,2,2,25,5,1368,1,4,3,1
201401HT20601,2,19,0,18,0,1,0,0,0,0,1,1,6,1,-1,-1,2464,2,7,5,1
201401HT20602,1,5,0,16,0,8,0,0,0,0,3,1,6,1,40,7,599,1,5,3,1
201401HT20602,2,9,0,9,0,8,0,0,0,0,1,1,6,1,25,5,1956,2,1,-1,-1
201401HT20603,1,9,0,9,0,8,0,0,0,0,3,1,1,1,27,6,1600,1,14,1,1
201401HT20603,2,1,0,18,0,8,0,0,0,0,1,1,6,1,-1,-1,-1,-1,-1,2,1
201401HT20604,1,8,0,4,0,0,0,0,0,0,2,1,1,1,55,8,1794,1,8,4,1
201401HT20604,2,9,0,18,0,0,0,0,0,0,1,1,6,2,64,9,1560,2,8,-1,-1
201401HT20605,1,1,0,9,0,8,0,0,0,0,2,1,2,2,27,6,-1,-1,-1,-1,1
201401HT20605,2,9,0,18,0,8,0,0,0,0,1,1,6,2,38,7,1796,1,10,3,1
201401HT20606,1,1,0,18,0,8,0,0,0,0,3,1,1,1,24,5,-1,-1,-1,-1,1
201401HT20606,2,9,0,9,0,8,0,0,0,0,1,1,6,2,-1,-1,-1,-1,-1,-1,-1
201401HT20607,1,11,0,18,0,1,0,0,0,0,0,1,1,1,29,6,4500,2,3,2,1
201401HT20608,1,3,0,18,0,1,0,0,0,0,3,1,6,1,55,8,107,1,1,2,1
201401HT20608,2,9,0,11,0,1,0,0,0,0,4,1,6,1,39,7,1986,2,8,1,1
201401HT20609,1,9,0,18,0,0,0,0,0,0,2,1,2,2,41,7,-1,-1,-1,2,1
201401HT20609,2,9,0,18,0,0,0,0,0,0,1,1,6,1,-1,-1,1997,1,11,4,1
201401HT20610,1,1,0,18,0,1,0,0,0,0,2,1,6,1,-1,-1,-1,-1,-1,-1,-1
201401HT20610,2,9,0,18,0,1,0,0,0,0,1,1,6,2,-1,-1,1997,1,5,2,1
201401HT20611,1,8,0,18,0,1,0,0,0,0,1,1,1,1,54,8,2664,2,15,5,1
201401HT20611,2,1,0,18,0,1,0,0,0,0,2,1,6,2,59,9,-1,-1,-1,2,1