Accident_Index,Vehicle_Reference,Vehicle_Type,Towing_and_Articulation,Vehicle_Manoeuvre,Vehicle_Location-Restricted_Lane,Junction_Location,Skidding_and_Overturning,Hit_Object_in_Carriageway,Vehicle_Leaving_Carriageway,Hit_Object_off_Carriageway,1st_Point_of_Impact,Was_Vehicle_Left_Hand_Drive?,Journey_Purpose_of_Driver,Sex_of_Driver,Age_of_Driver,Age_Band_of_Driver,Engine_Capacity_(CC),Propulsion_Code,Age_of_Vehicle,Driver_IMD_Decile,Driver_Home_Area_Type
201401HT20963,2,9,0,18,0,2,0,0,0,0,3,1,6,3,-1,-1,-1,-1,-1,-1,-1
201401HT20964,1,19,0,3,0,0,0,0,0,0,4,1,1,1,29,6,2198,2,6,2,1
201401HT20964,2,1,0,15,0,0,0,8,0,0,1,1,2,1,47,8,-1,-1,-1,3,1
201401HT20965,1,9,0,9,0,8,0,0,0,0,3,1,6,1,25,5,-1,-1,-1,8,2
201401HT20965,2,3,0,13,0,8,0,0,0,0,4,1,6,1,29,6,109,1,1,-1,-1
201401HT20966,1,9,0,18,0,1,0,0,0,0,1,1,6,1,32,6,2979,1,10,1,1
201401HT20967,1,9,0,18,9,2,0,10,1,2,1,1,1,1,18,4,1339,1,5,7,1
201401HT20968,1,21,1,18,0,1,0,0,0,0,1,1,1,1,32,6,12900,2,7,-1,-1
201401HT20968,2,3,0,4,0,1,0,0,0,0,2,1,2,1,37,7,125,1,1,2,1
201401HT20969,1,20,0,18,0,1,0,0,0,0,1,1,1,1,57,9,12777,2,5,-1,-1
201401HT20969,2,3,0,4,0,1,0,0,0,0,2,1,6,1,22,5,124,1,14,3,1
201401HT20971,1,9,0,18,0,1,0,0,0,0,1,1,3,1,35,6,1242,1,-1,1,1
201401HT20973,1,3,0,18,0,8,0,0,0,0,1,1,6,1,29,6,125,1,6,1,1
201401HT20973,2,8,0,9,0,8,0,0,0,0,1,1,6,1,38,7,1598,2,3,-1,-1
201401HT20974,1,9,0,3,0,0,0,0,0,0,2,1,2,1,23,5,999,1,5,10,1
201401HT20974,2,9,0,18,0,0,0,0,0,0,1,1,6,1,-1,-1,1995,2,4,-1,-1
201401HT20976,1,3,0,18,2,1,0,0,0,0,3,1,2,1,56,9,125,1,4,4,1
201401HT20976,2,9,0,7,0,5,0,0,0,0,4,1,6,3,-1,-1,1999,2,7,-1,-1
201401HT20977,1,9,0,9,0,8,0,0,0,0,1,1,6,1,52,8,2401,2,10,3,1
201401HT20977,2,3,0,18,0,8,0,0,0,0,1,1,1,1,27,6,125,1,3,3,1
201401HT20978,1,8,0,18,0,2,0,4,0,0,1,1,2,1,35,6,1339,8,4,1,1
201401HT20978,2,9,0,2,0,1,0,0,0,0,1,1,6,1,53,8,1997,2,7,3,1
201401HT20978,3,9,0,2,0,1,0,0,0,0,1,1,6,1,40,7,1997,2,3,3,1
201401HT20979,1,9,0,6,0,0,0,0,0,0,1,1,6,2,-1,-1,1997,2,9,3,1
201401HT20979,2,1,0,18,0,0,0,0,0,0,3,1,6,1,18,4,-1,-1,-1,-1,1
201401HT20980,1,9,0,18,0,1,0,0,0,0,1,1,6,1,55,8,1995,2,11,3,1
201401HT20980,2,1,0,18,0,1,0,0,0,0,3,1,6,2,22,5,-1,-1,-1,2,1
201401HT20981,1,1,0,18,0,1,0,0,0,0,3,1,6,1,53,8,-1,-1,-1,1,1
201401HT20981,2,20,0,13,0,1,0,0,0,0,4,1,6,3,-1,-1,-1,-1,-1,-1,-1
201401HT20982,1,9,0,9,0,8,0,0,0,0,4,1,6,1,19,4,1461,2,7,1,1
201401HT20982,2,1,0,18,0,8,0,0,0,0,1,1,2,2,21,5,-1,-1,-1,-1,1
201401HT20983,1,1,0,18,0,0,0,0,0,0,1,1,6,1,19,4,-1,-1,-1,4,1
201401HT20984,1,3,0,18,2,1,0,0,0,0,3,1,2,1,31,6,124,1,2,2,1
201401HT20984,2,20,0,7,0,5,0,0,0,0,4,1,1,1,67,10,11021,2,16,2,1
201401HT20985,1,1,0,18,0,1,0,0,0,0,3,1,6,1,30,6,-1,-1,-1,1,1
201401HT20985,2,9,0,7,0,5,0,0,0,0,4,1,6,3,-1,-1,-1,-1,-1,-1,-1
201401HT20986,1,9,0,7,0,5,0,0,0,0,4,1,1,1,22,5,1149,1,7,8,1
201401HT20986,2,3,0,18,0,1,0,0,0,0,3,1,6,1,21,5,108,1,1,2,1
201401HT20987,1,9,0,18,0,1,0,0,0,0,1,1,1,1,66,10,1360,1,9,1,1
201401HT20987,2,9,0,3,0,1,0,0,0,0,2,1,6,2,54,8,1560,2,2,3,1
201401HT20988,1,9,0,18,0,1,0,0,0,0,1,1,1,1,36,7,1896,2,9,3,1
201401HT20990,1,9,0,18,0,1,0,0,0,0,1,1,6,2,24,5,1364,1,5,-1,1
201401HT20991,1,9,0,7,0,8,0,0,0,0,4,1,1,1,36,7,1797,8,4,1,1
201401HT20991,2,1,0,7,0,8,0,0,0,0,3,1,6,1,33,6,-1,-1,-1,1,1
201401HT20992,1,19,0,18,0,0,0,0,0,0,1,1,1,1,34,6,1598,2,1,4,1
201401HT20992,2,4,0,18,0,0,0,0,0,0,1,1,6,1,22,5,49,1,7,2,1
201401HT20993,1,9,0,18,0,8,0,0,0,0,3,1,6,1,18,4,-1,-1,-1,4,1
201401HT20993,2,1,0,9,0,8,0,0,0,0,1,1,6,1,15,3,-1,-1,-1,1,1
201401HT20994,1,9,0,18,0,0,0,0,0,0,4,1,6,1,55,8,1796,1,15,2,1
201401HT20995,1,9,0,11,0,0,0,0,0,0,4,1,6,1,37,7,1360,1,10,1,1
201401HT20995,2,3,0,18,0,0,0,0,0,0,3,1,6,1,32,6,125,1,1,5,1
201401HT20996,1,9,0,5,0,1,0,0,0,0,1,1,6,1,62,9,2685,2,10,1,1
201401HT20998,1,3,0,18,0,0,0,0,0,0,1,1,2,1,28,6,124,1,1,6,1
201401HT20998,2,19,0,4,0,0,0,0,0,0,2,1,1,1,35,6,2143,2,1,6,1
201401HT20999,1,9,0,6,0,0,0,0,0,0,4,1,6,1,34,6,-1,-1,-1,2,1
201401HT20999,2,9,0,18,0,0,0,0,0,0,1,1,6,1,47,8,1797,8,4,1,1
201401HT21000,1,9,0,7,0,5,0,0,0,0,4,1,6,1,22,5,1598,1,6,3,1
201401HT21000,2,3,0,18,0,1,0,0,0,0,3,1,6,1,38,7,125,1,7,2,1
201401HT21001,1,3,0,18,0,0,0,0,0,0,3,1,6,1,29,6,125,1,7,1,1
201401HT21001,2,19,0,13,0,0,0,0,0,0,4,1,1,3,-1,-1,1248,2,1,-1,-1
201401HT21002,1,2,0,18,0,0,0,8,0,0,4,1,2,1,32,6,125,1,9,6,1
201401HT21002,2,19,0,3,0,0,0,0,0,0,3,1,6,1,46,8,-1,-1,-1,7,1
201401HT21003,1,9,0,6,0,2,0,0,0,0,3,1,6,1,-1,-1,1242,1,3,-1,1
201401HT21003,2,3,0,18,0,2,0,0,0,0,1,1,6,1,41,7,-1,-1,-1,1,1
201401HT21004,1,9,0,18,0,2,0,0,0,0,1,1,6,1,37,7,1968,2,5,3,1
201401HT21004,2,9,0,18,0,1,0,0,0,0,1,1,6,1,33,6,1781,1,14,-1,-1
201401HT21006,1,9,0,18,0,2,0,0,0,0,1,1,6,2,-1,-1,-1,-1,-1,-1,-1
201401HT21007,1,9,0,18,0,1,0,0,0,0,4,1,6,1,-1,-1,-1,-1,-1,-1,-1
201401HT21009,1,1,0,18,0,1,0,0,0,0,2,1,6,2,26,6,-1,-1,-1,7,1
201401HT21009,2,4,0,18,0,1,0,0,0,0,1,1,6,1,-1,-1,-1,-1,-1,-1,-1
201401HT21010,1,9,0,18,0,8,0,0,0,0,1,1,6,1,25,5,1799,1,7,2,1
201401HT21010,2,1,0,18,0,8,0,0,0,0,4,1,6,1,44,7,-1,-1,-1,1,1
201401HT21011,1,9,0,5,0,1,0,0,0,0,4,1,1,1,41,7,1797,8,4,-1,1
201401HT21011,2,19,0,18,0,1,0,0,0,0,3,1,1,1,21,5,5880,2,6,1,1
201401HT21014,1,1,0,18,0,8,0,0,0,0,4,1,2,1,30,6,-1,-1,-1,2,1
201401HT21014,2,9,0,18,0,8,0,0,0,0,1,1,1,1,-1,-1,1798,1,7,2,1
201401HT21015,1,9,0,18,0,1,0,0,0,0,1,1,2,1,47,8,3436,1,2,10,1
201401HT21015,2,9,0,18,0,1,0,0,0,0,2,1,6,1,26,6,-1,-1,-1,1,1
201401HT21016,1,19,0,11,0,0,0,0,0,0,4,1,6,3,-1,-1,-1,-1,-1,-1,-1
201401HT21016,2,20,0,18,0,0,0,0,0,0,3,1,1,1,42,7,3908,2,9,4,1
201401HT21016,3,9,0,18,0,0,0,0,0,0,4,1,2,1,34,6,1781,1,11,1,1
201401HT21017,1,1,0,18,0,0,0,0,0,0,3,1,6,1,19,4,-1,-1,-1,2,1
201401HT21017,2,11,0,13,0,0,0,0,0,0,4,1,1,3,-1,-1,-1,-1,-1,-1,-1
201401HT21018,1,4,0,18,0,0,0,0,0,0,3,1,6,1,32,6,125,1,-1,-1,-1
201401HT21019,1,9,0,18,0,8,5,10,7,2,3,1,6,2,30,6,2143,2,1,8,1
201401HT21021,1,19,0,6,0,0,0,0,0,0,3,1,6,1,30,6,2198,2,1,-1,1
201401HT21021,2,3,0,18,0,0,0,0,0,0,1,1,6,1,40,7,125,1,6,-1,1
201401HT21022,1,19,0,18,0,8,0,0,0,0,3,1,2,1,42,7,1560,2,1,7,1
201401HT21022,2,1,0,18,0,8,0,0,0,0,1,1,2,1,26,6,-1,-1,-1,1,1
201401HT21023,1,3,0,14,0,1,0,0,0,0,1,1,6,2,27,6,124,1,9,5,1
201401HT21025,1,9,0,7,0,8,0,0,0,0,3,1,6,2,38,7,1968,2,3,2,1
201401HT21025,2,1,0,18,0,8,0,0,0,0,1,1,6,1,31,6,-1,-1,-1,5,1
201401HT21026,1,3,0,4,0,1,0,0,0,0,2,1,2,1,26,6,124,1,-1,5,1
201401HT21026,2,9,0,18,0,1,0,0,0,0,1,1,6,1,-1,-1,-1,-1,-1,-1,-1
201401HT21028,1,9,0,9,0,8,0,0,0,0,3,1,6,1,-1,-1,1360,1,12,-1,-1
201401HT21028,2,3,0,18,0,8,0,0,0,0,1,1,6,1,39,7,125,1,5,2,1
201401HT21029,1,5,0,18,0,0,0,0,0,0,1,1,6,1,44,7,998,1,7,10,1
201401HT21029,2,9,0,6,0,0,0,0,0,0,3,1,6,1,-1,-1,1995,2,3,-1,-1
201401HT21030,1,9,0,18,0,8,0,0,0,0,1,1,6,1,22,5,2179,2,-1,9,1
201401HT21030,2,9,0,9,0,8,0,0,0,0,3,1,6,1,41,7,1248,2,7,2,1
201401HT21031,1,1,0,14,0,0,0,0,0,0,2,1,6,1,26,6,-1,-1,-1,1,1
201401HT21031,2,3,0,14,0,0,0,0,0,0,1,1,6,1,30,6,125,1,6,-1,1
201401HT21031,3,11,0,2,0,0,0,0,0,0,3,1,6,1,42,7,9360,2,3,3,1
201401HT21032,1,1,0,18,0,8,0,0,0,0,3,1,6,1,46,8,-1,-1,-1,3,1
201401HT21032,2,9,0,9,0,8,0,0,0,0,1,1,6,3,-1,-1,-1,-1,-1,-1,-1
201401HT21033,1,11,0,18,2,1,0,0,0,0,0,1,1,1,37,7,4500,2,3,1,1
201401HT21034,1,1,0,18,0,1,0,0,0,0,2,1,6,1,45,7,-1,-1,-1,2,1
201401HT21034,2,9,0,18,0,1,0,0,0,0,1,1,6,3,-1,-1,1390,1,10,-1,-1
201401HT21036,1,9,0,18,0,2,0,0,0,0,1,1,6,1,-1,-1,1587,1,7,4,1
201401HT21037,1,4,0,18,0,8,0,0,0,0,1,1,2,1,51,8,781,1,15,5,2
201401HT21037,2,9,0,9,0,8,0,0,0,0,4,1,6,2,30,6,1124,1,9,9,1
201401HT21038,1,9,0,3,0,0,0,0,0,0,4,1,6,1,32,6,2401,2,7,-1,1
201401HT21038,2,1,0,15,0,0,0,8,0,0,3,1,6,1,55,8,-1,-1,-1,9,1
201401HT21039,1,1,0,18,0,2,0,0,0,0,1,1,6,1,23,5,-1,-1,-1,3,1
201401HT21039,2,19,0,18,0,2,0,0,0,0,2,1,6,3,-1,-1,-1,-1,-1,-1,-1
201401HT21041,1,4,0,18,0,0,1,0,0,0,1,1,6,3,-1,-1,248,1,34,-1,-1
201401HT21042,1,9,0,7,0,1,0,0,0,0,4,1,2,1,33,6,-1,-1,-1,6,3
201401HT21042,2,1,0,15,0,1,0,0,0,0,0,1,2,2,43,7,-1,-1,-1,3,1
201401HT21043,1,9,0,9,0,8,0,0,0,0,4,1,6,1,32,6,-1,-1,-1,-1,1
201401HT21043,2,5,0,15,2,8,0,0,0,0,1,1,6,1,39,7,1450,1,9,3,1
201401HT21044,1,9,0,7,0,1,0,0,0,0,4,1,6,1,60,9,1388,1,14,1,1
201401HT21045,1,9,0,9,0,8,0,0,0,0,1,1,6,2,40,7,1896,2,8,4,1
201401HT21045,2,5,0,18,0,8,0,0,0,0,3,1,6,1,35,6,1585,1,4,-1,-1
201401HT21047,1,2,0,18,0,8,0,0,0,0,1,1,6,2,33,6,278,1,4,5,1
201401HT21047,2,9,0,9,0,8,0,0,0,0,3,1,6,1,38,7,1598,1,9,-1,1
201401HT21048,1,9,0,18,0,1,0,0,0,0,1,1,1,1,29,6,1798,8,-1,1,1
201401HT21048,2,9,0,3,0,1,0,0,0,0,2,1,6,2,22,5,1968,2,8,10,1
201401HT21051,1,9,0,9,0,8,0,0,0,0,1,1,6,1,81,11,-1,-1,-1,6,1
201401HT21051,2,9,0,18,0,8,0,0,0,0,4,1,6,2,28,6,1995,1,5,-1,1
201401HT21051,3,20,0,18,0,8,0,0,0,0,3,1,6,1,-1,-1,-1,-1,-1,1,1
201401HT21052,1,9,0,9,0,8,0,0,0,0,2,1,6,1,28,6,-1,-1,-1,9,1
201401HT21052,2,9,0,9,0,8,0,0,0,0,1,1,6,1,41,7,1598,2,1,1,1
201401HT21053,1,9,0,18,0,8,0,0,0,0,3,1,6,1,66,10,2996,1,6,8,1
201401HT21053,2,9,0,9,0,8,0,0,0,0,1,1,6,1,-1,-1,1796,1,9,-1,-1
201401HT21054,1,9,0,8,0,8,0,0,0,0,3,1,6,1,36,7,1797,8,3,-1,1
201401HT21054,2,9,0,7,0,8,0,0,0,0,3,1,6,2,-1,-1,1998,1,12,-1,-1
201401HT21056,1,1,0,18,0,8,0,0,0,0,3,1,6,1,34,6,-1,-1,-1,10,1
201401HT21056,2,9,0,7,0,8,0,0,0,0,4,1,6,1,-1,-1,2148,2,6,2,1
201401HT21058,1,3,0,18,2,0,0,0,0,0,3,1,6,1,41,7,124,1,-1,-1,1
201401HT21058,2,9,0,11,2,0,0,0,0,0,4,1,6,1,31,6,1968,2,3,6,1
201401HT21059,1,1,0,18,0,8,0,0,0,0,3,1,6,1,25,5,-1,-1,-1,-1,-1
201401HT21059,2,9,0,7,0,8,0,0,0,0,4,1,6,1,-1,-1,-1,-1,-1,-1,-1
201401HT21060,1,9,0,18,0,1,0,0,0,0,3,1,6,1,24,5,1968,2,-1,5,1
201401HT21063,1,1,0,18,0,8,0,0,0,0,3,1,6,1,51,8,-1,-1,-1,-1,1
201401HT21063,2,9,0,7,0,8,0,0,0,0,4,1,6,3,-1,-1,-1,-1,-1,-1,-1
201401HT21064,1,9,0,9,0,8,0,0,0,0,4,1,6,1,24,5,1198,1,8,1,1
201401HT21064,2,9,0,18,0,8,1,0,0,0,1,1,1,1,-1,-1,-1,-1,-1,-1,-1
201401HT21065,1,9,0,18,0,8,0,0,0,0,4,1,6,2,29,6,1968,2,-1,-1,1
201401HT21065,2,9,0,9,0,8,0,0,0,0,1,1,6,1,-1,-1,1870,2,16,-1,-1
201401HT21067,1,1,0,18,0,8,0,0,0,0,1,1,2,1,30,6,-1,-1,-1,8,1
201401HT21067,2,3,0,9,0,8,0,0,0,0,4,1,6,1,-1,-1,125,1,4,-1,-1
201401HT21068,1,9,0,3,0,1,0,0,0,0,2,1,6,2,21,5,1198,1,-1,3,1
201401HT21068,2,9,0,18,0,1,0,0,0,0,1,1,6,1,-1,-1,2685,2,10,4,1
201401HT21070,1,9,0,9,0,1,0,0,0,0,2,1,6,1,55,8,1689,2,10,9,1
201401HT21070,2,1,0,18,0,1,0,0,0,0,1,1,6,1,-1,-1,-1,-1,-1,1,1
201401HT21071,1,9,0,9,0,8,0,0,0,0,3,1,6,1,43,7,1797,8,4,3,1
201401HT21071,2,3,0,18,0,8,0,0,0,0,1,1,6,1,27,6,244,1,8,4,1
201401HT21072,1,9,0,18,0,1,0,0,0,0,1,1,6,3,-1,-1,-1,-1,-1,-1,-1
201401HT21073,1,9,0,13,0,2,0,0,0,0,4,1,6,3,-1,-1,-1,-1,-1,-1,-1
201401HT21073,2,1,0,18,0,2,0,0,0,0,3,1,6,1,24,5,-1,-1,-1,1,1
201401HT21074,1,3,0,18,0,8,0,0,0,0,3,1,2,1,28,6,124,1,9,2,1
201401HT21074,2,9,0,9,0,8,0,0,0,0,1,1,6,1,-1,-1,-1,-1,-1,-1,-1
201401HT21075,1,9,0,2,0,0,0,0,0,0,3,1,6,2,25,5,1895,1,14,10,1
201401HT21075,2,9,0,18,0,0,0,4,0,0,4,1,6,3,-1,-1,-1,-1,-1,-1,-1
201401HT21076,1,9,0,2,0,1,0,0,0,0,4,1,6,1,36,7,1597,1,5,3,1
201401HT21076,2,1,0,18,0,2,0,8,0,0,1,1,6,1,26,6,-1,-1,-1,1,1
201401HT21077,1,9,0,18,0,0,0,0,0,0,4,1,6,3,-1,-1,-1,-1,-1,-1,-1
201401HT21079,1,9,0,7,0,8,0,0,0,0,3,1,2,1,25,5,1149,1,7,2,1
201401HT21079,2,1,0,18,0,8,0,0,0,0,1,1,2,1,33,6,-1,-1,-1,2,1
201401HT21080,1,19,0,6,0,1,0,0,0,0,3,1,1,1,33,6,2143,2,-1,6,1
201401HT21080,2,3,0,18,0,1,0,0,0,0,1,1,1,1,42,7,125,1,3,1,1
201401HT21082,1,3,0,18,0,8,0,0,0,0,3,1,1,1,27,6,125,1,-1,2,1
201401HT21082,2,9,0,9,0,8,0,0,0,0,1,1,1,1,43,7,2777,2,2,10,2
201401HT21083,1,9,0,3,0,1,0,0,0,0,2,1,6,1,37,7,2993,2,9,2,1
201401HT21083,2,9,0,18,0,1,0,0,0,0,1,1,6,1,23,5,1998,2,10,-1,1
201401HT21084,1,3,0,18,0,1,0,0,0,0,3,1,6,1,-1,-1,125,1,8,1,1
201401HT21084,2,9,0,7,0,5,0,0,0,0,4,1,6,1,-1,-1,1998,1,8,8,1
201401HT21085,1,1,0,18,0,8,0,0,0,0,1,1,6,1,23,5,-1,-1,-1,1,1
201401HT21085,2,9,0,9,0,8,0,0,0,0,4,1,6,1,26,6,1396,2,-1,3,1
201401HT21086,1,9,0,9,0,8,0,0,0,0,3,1,6,2,49,8,1590,1,14,2,1
201401HT21086,2,5,0,18,0,8,0,0,0,0,1,1,6,1,47,8,656,1,4,10,1
201401HT21087,1,3,0,13,0,8,0,0,0,0,4,1,6,1,34,6,125,1,2,1,1
201401HT21087,2,19,0,9,0,8,0,0,0,0,3,1,6,1,44,7,2151,2,13,2,1
201401HT21088,1,3,0,18,0,1,1,7,0,0,1,1,1,1,33,6,125,1,-1,3,1
201401HT21089,1,9,0,9,0,1,0,0,0,0,3,1,6,1,30,6,1598,1,7,1,1
201401HT21089,2,1,0,13,0,1,0,0,0,0,1,1,6,1,25,5,-1,-1,-1,2,1
201401HT21090,1,1,0,18,0,8,0,0,0,0,4,1,2,1,43,7,-1,-1,-1,1,1
201401HT21090,2,9,0,9,0,8,0,0,0,0,1,1,6,1,25,5,-1,-1,-1,-1,-1
201401HT21091,1,3,0,18,2,1,1,0,0,0,3,1,2,1,40,7,660,1,7,6,1
201401HT21091,2,9,0,7,0,1,0,0,0,0,4,1,2,1,33,6,-1,-1,-1,6,1
201401HT21092,1,5,0,9,0,1,0,0,0,0,3,1,1,1,50,8,999,1,2,3,1
201401HT21092,2,3,0,13,0,1,0,0,0,0,1,1,2,1,23,5,125,1,5,2,1
201401HT21093,1,1,0,5,0,1,0,0,0,0,3,1,6,1,22,5,-1,-1,-1,1,1
201401HT21093,2,9,0,13,0,1,0,0,0,0,4,1,6,2,23,5,999,1,7,-1,1
201401HT21094,1,1,0,18,0,0,0,0,0,0,1,1,6,3,-1,-1,-1,-1,-1,-1,-1
201401HT21095,1,90,0,18,0,1,0,0,0,0,4,1,2,1,50,8,-1,-1,-1,1,1
201401HT21095,2,9,0,12,0,1,0,0,0,0,3,1,1,1,21,5,1968,2,5,-1,1
201401HT21096,1,9,0,9,0,2,0,0,0,0,1,1,6,1,36,7,1299,1,12,2,1
201401HT21097,1,3,0,9,0,8,0,0,0,0,2,1,1,1,21,5,125,1,6,3,1
201401HT21097,2,9,0,9,0,8,0,0,0,0,1,1,6,3,-1,-1,-1,-1,-1,-1,-1
201401HT21098,1,9,0,9,0,8,0,0,0,0,1,1,2,2,23,5,1598,1,11,1,1
201401HT21098,2,1,0,18,0,8,0,0,0,0,1,1,6,1,27,6,-1,-1,-1,-1,1
201401HT21100,1,9,0,1,0,0,0,0,0,0,2,1,6,1,-1,-1,1248,2,9,-1,-1
201401HT21101,1,10,0,9,0,8,0,0,0,0,4,1,1,1,26,6,-1,-1,-1,2,1
201401HT21101,2,4,0,18,0,8,0,0,0,0,1,1,2,1,50,8,244,1,12,3,1
201401HT21102,1,9,0,18,0,8,0,0,0,0,1,1,6,1,26,6,-1,-1,-1,1,1
201401HT21102,2,9,0,9,0,8,0,0,0,0,4,1,6,2,31,6,1598,1,8,2,1
201401HT21103,1,9,0,3,0,0,0,0,0,0,2,1,6,1,21,5,2494,1,10,1,1
201401HT21103,2,9,0,18,0,0,0,0,0,0,1,1,6,3,-1,-1,1388,1,3,-1,-1
201401HT21104,1,9,0,18,0,8,0,0,0,0,1,1,6,1,20,4,1598,1,9,2,1
201401HT21104,2,9,0,18,0,8,0,0,0,0,4,1,6,1,29,6,1995,1,8,6,2
201401HT21105,1,1,0,15,0,1,0,8,0,0,1,1,6,1,46,8,-1,-1,-1,3,1
201401HT21105,2,9,0,3,0,1,0,0,0,0,4,1,6,3,-1,-1,-1,-1,-1,-1,-1
201401HT21107,1,3,0,3,0,1,0,0,0,0,2,1,1,1,25,5,125,1,3,2,1
201401HT21107,2,9,0,14,0,1,0,0,0,0,1,1,6,1,-1,-1,973,1,13,-1,-1
201401HT21109,1,1,0,16,0,8,0,0,0,0,4,1,2,2,48,8,-1,-1,-1,3,1
201401HT21109,2,9,0,7,0,8,0,0,0,0,1,1,6,2,-1,-1,-1,-1,-1,-1,-1
201401HT21110,1,8,0,16,0,0,0,0,0,0,2,1,1,1,38,7,1997,2,4,3,1
201401HT21110,2,9,0,16,0,0,0,0,0,0,1,1,6,1,-1,-1,-1,-1,-1,-1,-1
201401HT21112,1,9,0,7,0,5,0,0,0,0,4,1,6,2,49,8,1997,2,-1,1,1
201401HT21112,2,3,0,18,0,1,0,0,0,0,3,1,6,1,26,6,124,1,9,2,1
201401HT21113,1,9,0,18,0,0,0,8,0,0,1,1,1,1,54,8,1896,2,7,2,1
201401HT21113,2,9,0,2,0,0,0,0,0,0,3,1,6,1,53,8,1794,1,9,-1,-1
201401HT21114,1,9,0,3,0,1,0,0,0,0,2,1,6,2,34,6,1798,1,7,2,1
201401HT21114,2,9,0,18,0,1,0,0,0,0,1,1,6,1,-1,-1,1896,2,7,2,1
201401HT21116,1,9,0,18,0,0,0,0,0,0,2,1,2,2,28,6,998,1,8,2,1
201401HT21116,2,9,0,18,0,0,0,0,0,0,1,1,2,1,33,6,1197,1,2,-1,-1
201401HT21117,1,9,0,18,0,1,0,0,0,0,1,1,6,2,33,6,1598,2,4,2,1
201401HT21117,2,9,0,18,0,2,0,0,0,0,4,1,2,1,21,5,2979,1,12,1,1
201401HT21118,1,9,0,3,0,0,0,0,0,0,2,1,2,1,44,7,1997,2,2,3,1
201401HT21118,2,9,0,3,0,0,0,0,0,0,2,1,6,2,37,7,1799,1,7,2,1
201401HT21118,3,9,0,3,0,0,0,0,0,0,2,1,6,1,36,7,1598,1,10,5,1
201401HT21118,4,9,0,18,0,0,0,0,0,0,1,1,1,1,61,9,1997,2,3,2,1
201401HT21119,1,9,0,18,0,2,0,0,0,0,3,1,6,2,43,7,1598,1,8,1,1
201401HT21119,2,9,0,18,0,1,0,0,0,0,3,1,6,1,-1,-1,2830,2,19,-1,-1
201401HT21120,1,1,0,18,0,0,0,0,0,0,3,1,6,2,30,6,-1,-1,-1,1,1
201401HT21120,2,9,0,13,0,0,0,0,0,0,4,1,6,3,-1,-1,-1,-1,-1,-1,-1
201401HT21121,1,5,0,18,0,1,0,0,0,0,1,1,6,1,30,6,636,1,12,6,1
201401HT21122,1,9,0,18,0,2,0,0,0,0,1,1,6,2,39,7,1390,1,3,7,3
201401HT21123,1,8,0,18,0,1,0,0,0,0,1,1,6,1,51,8,2402,2,11,3,1
201401HT21123,2,9,0,4,0,1,0,0,0,0,2,1,6,1,27,6,1598,1,1,2,1
201401HT21124,1,9,0,9,0,5,0,0,0,0,1,1,6,1,20,4,1598,1,6,1,1
201401HT21125,1,5,0,18,0,8,0,0,0,0,1,1,6,1,44,7,-1,-1,-1,2,1
201401HT21125,2,9,0,9,0,8,0,0,0,0,4,1,6,3,-1,-1,-1,-1,-1,-1,-1
201401HT21126,1,8,0,18,0,0,0,0,0,0,1,1,1,1,42,7,1598,1,6,2,1
201401HT21127,1,1,0,18,0,8,0,0,0,0,1,1,6,1,27,6,-1,-1,-1,2,1
201401HT21127,2,20,0,9,0,8,0,0,0,0,4,1,1,1,-1,-1,-1,-1,-1,2,1
201401HT21128,1,9,0,18,0,2,0,0,0,0,1,1,6,1,24,5,1753,2,10,10,1
201401HT21129,1,9,0,18,0,2,0,0,0,0,1,1,1,1,54,8,1497,8,5,3,1
201401HT21129,2,9,0,18,0,2,0,0,0,0,1,1,1,1,56,9,1339,8,4,5,1
201401HT21129,3,9,0,18,0,1,0,0,0,0,1,1,6,1,-1,-1,1984,1,12,-1,-1
201401HT21130,1,9,0,5,0,1,0,0,0,0,3,1,6,1,-1,-1,2967,2,7,-1,-1
201401HT21131,1,3,0,18,0,1,0,0,0,0,3,1,1,1,27,6,125,1,4,3,1
201401HT21132,1,9,0,18,0,2,0,0,0,0,1,1,6,1,24,5,1995,2,10,2,1
201401HT21132,2,9,0,18,0,2,0,0,0,0,2,1,6,2,26,6,875,1,3,10,1
201401HT21133,1,3,0,9,0,8,0,0,0,0,4,1,6,1,25,5,125,1,7,2,1
201401HT21133,2,9,0,18,0,8,0,0,0,0,1,1,6,3,-1,-1,-1,-1,-1,-1,-1
201401HT21134,1,9,0,2,0,1,0,0,0,0,3,1,6,1,51,8,1995,2,9,2,1
201401HT21134,2,1,0,18,0,1,0,8,0,0,1,1,2,1,26,6,-1,-1,-1,-1,-1
201401HT21135,1,4,0,18,0,1,0,0,0,0,4,1,6,1,22,5,649,1,4,3,1
201401HT21135,2,19,0,5,0,1,0,0,0,0,3,1,6,1,-1,-1,2148,2,7,-1,-1
201401HT21136,1,9,0,18,0,0,0,0,0,0,1,1,2,1,43,7,1800,1,16,2,1
201401HT21136,2,9,0,18,0,0,0,0,0,0,2,1,6,2,50,8,1598,1,10,2,1
201401HT21137,1,9,0,9,0,8,0,0,0,0,3,1,6,2,46,8,1086,1,8,-1,1
201401HT21137,2,9,0,18,0,8,0,0,0,0,1,1,6,1,36,7,1797,8,3,-1,1
201401HT21138,1,9,0,6,0,2,0,0,0,0,3,1,6,1,20,4,1598,1,10,1,1
201401HT21138,2,5,0,18,0,2,0,0,0,0,1,1,6,1,33,6,499,1,12,4,1
201401HT21139,1,9,0,9,0,8,0,0,0,0,1,1,6,1,26,6,-1,-1,-1,9,1
201401HT21139,2,1,0,18,0,8,0,0,0,0,1,1,6,1,30,6,-1,-1,-1,10,1
201401HT21140,1,9,0,12,0,1,0,0,0,0,3,1,6,1,28,6,1587,1,7,7,1
201401HT21140,2,9,0,18,0,1,0,0,0,0,4,1,6,1,40,7,1796,1,3,5,1
201401HT21142,1,9,0,3,0,1,0,0,0,0,3,1,6,1,38,7,1995,2,11,10,2