Accident_Index,Vehicle_Reference,Vehicle_Type,Towing_and_Articulation,Vehicle_Manoeuvre,Vehicle_Location-Restricted_Lane,Junction_Location,Skidding_and_Overturning,Hit_Object_in_Carriageway,Vehicle_Leaving_Carriageway,Hit_Object_off_Carriageway,1st_Point_of_Impact,Was_Vehicle_Left_Hand_Drive?,Journey_Purpose_of_Driver,Sex_of_Driver,Age_of_Driver,Age_Band_of_Driver,Engine_Capacity_(CC),Propulsion_Code,Age_of_Vehicle,Driver_IMD_Decile,Driver_Home_Area_Type
201401HT21142,2,9,0,18,0,2,0,0,0,0,3,1,6,2,25,5,1296,1,8,-1,-1
201401HT21143,1,1,0,18,0,2,0,0,0,0,1,1,6,1,39,7,-1,-1,-1,1,1
201401HT21143,2,11,0,18,0,2,0,0,0,0,2,1,1,1,-1,-1,4500,2,2,-1,-1
201401HT21145,1,9,0,4,0,1,0,0,0,0,2,1,1,1,-1,-1,-1,-1,-1,-1,-1
201401HT21145,2,9,0,18,0,1,0,0,0,0,1,1,2,1,67,10,2987,2,5,-1,1
201401HT21147,1,1,0,18,0,0,0,0,0,0,4,1,2,2,42,7,-1,-1,-1,1,1
201401HT21147,2,9,0,5,0,0,0,0,0,0,3,1,6,1,-1,-1,1199,1,11,-1,-1
201401HT21150,1,2,0,18,0,2,0,0,0,0,1,1,6,1,-1,-1,49,1,2,1,1
201401HT21151,1,3,0,18,0,1,0,10,1,0,1,1,6,3,-1,-1,-1,-1,-1,-1,-1
201401HT21152,1,11,0,5,0,1,0,0,0,0,0,1,1,1,50,8,-1,-1,-1,1,1
201401HT21154,1,19,0,18,0,1,0,0,0,0,1,1,6,1,-1,-1,-1,-1,-1,-1,-1
201401HT21155,1,1,0,18,0,0,0,8,0,0,1,1,6,1,47,8,-1,-1,-1,8,1
201401HT21155,2,9,0,2,0,0,0,0,0,0,3,1,6,1,-1,-1,1595,1,11,3,1
201401HT21156,1,9,0,9,0,2,0,7,0,0,1,1,6,1,27,6,2987,2,4,1,1
201401HT21158,1,9,0,18,0,0,0,0,0,0,1,1,6,3,-1,-1,-1,-1,-1,-1,-1
201401HT21159,1,9,0,9,0,8,0,0,0,0,4,1,6,1,47,8,1797,8,4,1,1
201401HT21159,2,3,0,18,0,8,0,0,0,0,1,1,6,1,-1,-1,125,1,-1,-1,-1
201401HT21162,1,1,0,9,0,8,0,0,0,0,2,1,6,2,28,6,-1,-1,-1,3,1
201401HT21162,2,9,0,5,0,1,0,0,0,0,1,1,6,3,-1,-1,-1,-1,-1,-1,-1
201401HT21164,1,9,0,18,0,0,0,0,0,0,1,1,6,2,28,6,1360,1,10,6,1
201401HT21164,2,9,0,18,0,0,0,0,0,0,2,1,6,1,29,6,-1,-1,-1,4,1
201401HT21164,3,9,0,18,0,0,0,0,0,0,2,1,6,1,52,8,1399,2,8,4,1
201401HT21165,1,9,0,4,0,0,0,0,0,0,2,1,6,2,40,7,1242,1,12,1,1
201401HT21165,2,9,0,18,0,0,0,0,0,0,1,1,6,1,-1,-1,1396,1,12,-1,-1
201401HT21166,1,9,0,18,0,0,0,0,0,0,4,1,6,1,-1,-1,-1,-1,-1,-1,-1
201401HT21169,1,9,0,18,0,0,0,0,0,0,3,1,6,2,55,8,1597,2,1,6,1
201401HT21169,2,21,0,11,0,0,0,0,0,0,4,1,6,3,-1,-1,11705,2,5,-1,-1
201401HT21170,1,3,0,18,0,8,0,0,0,0,1,1,6,1,26,6,125,1,-1,1,1
201401HT21170,2,9,0,9,0,8,0,0,0,0,4,1,6,3,-1,-1,-1,-1,-1,-1,-1
201401HT21171,1,4,0,4,0,0,0,0,0,0,2,1,6,1,55,8,1200,1,14,1,1
201401HT21171,2,9,0,18,0,0,0,0,0,0,1,1,6,2,-1,-1,-1,-1,-1,-1,-1
201401HT21173,1,11,0,18,0,0,0,0,0,0,0,1,1,1,36,7,4500,2,3,1,1
201401HT21174,1,2,0,18,9,0,0,0,0,0,1,1,6,1,-1,-1,-1,-1,-1,-1,-1
201401HT21175,1,9,0,18,0,1,0,0,0,0,4,1,6,1,-1,-1,2926,2,12,2,1
201401HT21176,1,3,0,17,0,0,0,0,0,0,2,1,1,1,29,6,124,1,10,3,1
201401HT21176,2,9,0,17,0,0,0,0,0,0,1,1,6,3,-1,-1,-1,-1,-1,-1,-1
201401HT21177,1,9,0,7,0,2,0,0,0,0,2,1,6,1,37,7,-1,-1,-1,2,1
201401HT21177,2,9,0,7,0,2,0,0,0,0,1,1,6,3,-1,-1,1397,1,12,-1,-1
201401HT21178,1,8,0,3,0,1,0,0,0,0,2,1,1,1,63,9,2402,2,11,7,1
201401HT21178,2,19,0,18,0,1,0,0,0,0,1,1,6,1,-1,-1,2143,2,1,1,1
201401HT21179,1,9,0,18,0,0,0,0,0,0,1,1,2,1,36,7,1794,1,10,7,1
201401HT21180,1,1,0,18,0,0,0,0,0,0,1,1,6,1,20,4,-1,-1,-1,1,1
201401HT21180,2,9,0,3,0,0,0,0,0,0,2,1,6,3,-1,-1,-1,-1,-1,-1,-1
201401HT21181,1,3,0,11,9,0,1,10,1,2,4,1,6,1,18,4,124,1,1,3,1
201401HT21182,1,3,0,18,2,0,0,0,0,0,1,1,1,1,17,4,125,1,1,1,1
201401HT21182,2,1,0,4,2,0,0,0,0,0,2,1,6,1,35,6,-1,-1,-1,5,1
201401HT21183,1,19,0,4,0,1,0,0,0,0,2,1,6,1,27,6,2287,2,7,3,1
201401HT21183,2,9,0,18,0,1,0,0,0,0,1,1,6,2,-1,-1,1998,1,9,-1,-1
201401HT21185,1,9,0,9,0,8,0,0,0,0,3,1,6,2,26,6,1596,1,6,2,1
201401HT21185,2,3,0,18,0,8,0,0,0,0,1,1,6,1,24,5,124,1,2,-1,-1
201401HT21186,1,8,0,18,9,1,0,4,7,2,1,1,6,1,38,7,1997,2,4,2,1
201401HT21186,2,9,0,2,0,1,0,4,0,0,2,1,6,1,40,7,-1,-1,-1,1,1
201401HT21186,3,9,0,2,0,1,0,0,0,0,2,1,6,1,56,9,1560,2,3,-1,1
201401HT21187,1,9,0,18,9,2,0,7,1,4,3,1,6,2,24,5,1229,1,4,2,1
201401HT21188,1,9,0,18,9,0,1,10,1,3,1,1,2,1,22,5,3000,1,21,2,1
201401HT21189,1,9,0,18,0,0,0,0,0,0,3,1,1,1,43,7,1995,2,4,2,1
201401HT21189,2,9,0,11,0,0,0,0,0,0,4,1,6,2,-1,-1,3628,2,7,3,1
201401HT21191,1,19,0,18,0,0,0,0,0,0,4,1,6,1,44,7,-1,-1,-1,1,1
201401HT21193,1,9,0,18,0,2,0,0,0,0,1,1,6,1,44,7,1560,2,-1,5,1
201401HT21194,1,9,0,18,0,0,0,0,0,0,4,1,6,1,42,7,2198,1,9,4,1
201401HT21194,2,9,0,12,0,0,0,0,0,0,3,1,6,1,71,10,1998,1,13,3,1
201401HT21195,1,8,0,17,0,0,0,0,0,0,1,1,2,1,61,9,1997,2,1,2,1
201401HT21195,2,9,0,16,0,0,0,0,0,0,1,1,2,1,30,6,-1,-1,-1,3,1
201401HT21196,1,9,0,18,0,0,0,0,0,0,1,1,6,1,20,4,1753,2,8,2,1
201401HT21196,2,9,0,18,0,0,0,0,0,0,1,1,6,1,50,8,1364,1,8,3,1
201401HT21197,1,90,0,18,0,0,0,0,0,0,1,1,1,1,30,6,6370,2,8,2,1
201401HT21198,1,9,0,18,0,0,0,10,0,0,4,1,1,1,59,9,1598,1,11,1,1
201401HT21200,1,9,0,18,0,1,0,0,0,0,1,1,6,1,59,9,1796,1,4,2,1
201401HT21201,1,3,0,17,0,8,0,0,0,0,2,1,6,1,19,4,124,1,6,1,1
201401HT21201,2,9,0,17,0,8,0,0,0,0,1,1,6,1,73,10,1248,2,2,2,1
201401HT21202,1,9,0,16,0,8,0,0,0,0,1,1,1,1,46,8,1798,8,1,4,1
201401HT21202,2,1,0,17,0,8,0,0,0,0,4,1,6,1,24,5,-1,-1,-1,-1,-1
201401HT21203,1,1,0,18,0,8,0,0,0,0,1,1,6,1,37,7,-1,-1,-1,9,1
201401HT21203,2,9,0,9,0,8,0,0,0,0,1,1,6,1,42,7,2499,1,9,1,1
201401HT21206,1,9,0,18,0,0,0,0,0,0,4,1,6,1,22,5,1997,2,7,1,1
201401HT21210,1,9,0,18,0,0,0,0,0,0,2,1,6,1,51,8,1769,1,11,3,1
201401HT21210,2,3,0,18,0,0,0,0,0,0,1,1,6,1,22,5,124,1,3,1,1
201401HT21211,1,9,0,18,0,1,0,0,0,0,1,1,6,1,27,6,1968,2,-1,1,1
201401HT21211,2,9,0,18,0,1,0,0,0,0,2,1,6,1,-1,-1,2261,1,6,1,1
201401HT21212,1,8,0,14,0,0,0,0,0,0,1,1,1,1,43,7,1997,2,4,2,1
201401HT21214,1,9,0,17,0,2,0,0,0,0,1,1,6,2,28,6,1497,1,12,-1,-1
201401HT21215,1,1,0,18,0,1,0,0,0,0,3,1,2,2,-1,-1,-1,-1,-1,3,1
201401HT21215,2,9,0,7,0,5,0,0,0,0,4,1,6,1,-1,-1,1968,2,9,3,1
201401HT21217,1,9,0,3,0,1,0,0,0,0,2,1,1,1,37,7,4999,1,9,1,1
201401HT21217,2,9,0,18,0,1,0,0,0,0,1,1,6,1,-1,-1,1796,1,21,-1,-1
201401HT21221,1,8,0,7,0,5,0,0,0,0,2,1,6,1,36,7,1797,8,3,2,1
201401HT21221,2,3,0,18,0,1,0,0,0,0,1,1,6,1,-1,-1,125,1,4,1,1
201401HT21222,1,3,0,18,0,8,0,0,0,0,1,1,2,1,37,7,125,1,-1,2,1
201401HT21222,2,9,0,9,0,8,0,0,0,0,3,1,2,1,31,6,2967,2,3,4,1
201401HT21223,1,3,0,18,0,2,0,0,0,0,1,1,2,1,27,6,124,1,4,1,1
201401HT21223,2,1,0,18,0,2,0,0,0,0,2,1,6,1,44,7,-1,-1,-1,1,1
201401HT21224,1,9,0,18,0,8,0,0,0,0,4,1,6,2,43,7,1240,1,11,4,1
201401HT21224,2,9,0,9,0,8,0,0,0,0,1,1,1,1,58,9,1896,2,5,6,1
201401HT29003,1,11,0,18,0,0,0,0,0,0,4,1,1,1,30,6,9360,2,4,2,1
201401HT29005,1,19,0,18,0,1,0,0,0,0,1,1,6,1,29,6,1598,2,1,3,1
201401HT29006,1,8,0,6,0,0,0,0,0,0,3,1,1,1,23,5,2499,2,-1,2,1
201401HT29006,2,3,0,18,0,0,0,0,0,0,1,1,6,2,29,6,108,1,2,2,1
201401HT29010,1,9,0,3,0,0,0,0,0,0,2,1,6,1,32,6,1999,1,10,1,1
201401HT29010,2,9,0,3,0,0,0,0,0,0,2,1,6,1,41,7,2494,1,13,1,1
201401HT29010,3,9,0,18,0,0,0,0,0,0,1,1,6,1,38,7,1995,2,8,-1,1
201401HT29014,1,1,0,18,0,1,0,0,0,0,1,1,6,1,39,7,-1,-1,-1,3,1
201401HT29014,2,9,0,18,0,2,0,0,0,0,1,1,1,1,-1,-1,-1,-1,-1,-1,-1
201401HT29018,1,11,0,18,2,1,0,0,0,0,3,1,1,1,25,5,8268,2,9,2,1
201401HT29018,2,9,0,11,2,1,0,0,0,0,4,1,3,2,35,6,1390,1,13,1,1
201401HT29020,1,8,0,18,0,8,0,0,0,0,1,1,6,1,56,9,1339,8,5,1,1
201401HT29020,2,9,0,9,0,8,0,0,0,0,3,1,6,1,-1,-1,-1,-1,-1,2,1
201401HT29028,1,9,0,9,0,5,0,0,0,0,1,1,6,1,-1,-1,1896,2,10,-1,-1
201401HT29036,1,9,0,18,0,8,0,0,0,0,1,1,6,2,32,6,1299,1,10,6,1
201401HT29036,2,9,0,18,0,8,0,0,0,0,3,1,6,2,19,4,1299,1,16,3,1
201401HT29037,1,9,0,18,0,2,0,0,0,0,1,1,6,1,40,7,1590,1,10,1,1
201401HT29044,1,19,0,18,0,2,0,0,0,0,1,1,6,1,48,8,1868,2,12,8,1
201401HT29045,1,19,0,1,0,1,0,0,0,0,2,1,6,1,56,9,-1,-1,-1,5,1
201401HT29060,1,19,0,18,0,1,0,0,0,0,1,1,1,1,42,7,1686,2,10,5,1
201401HT29060,2,9,0,4,0,1,0,0,0,0,2,1,6,1,42,7,2521,1,7,2,1
201401HT29067,1,11,0,18,0,0,0,0,0,0,1,1,1,1,49,8,4500,2,-1,-1,1
201401HT29067,2,1,0,18,0,0,0,0,0,0,3,1,6,2,40,7,-1,-1,-1,3,1
201401HT29074,1,11,0,18,0,1,0,0,0,0,0,1,1,1,39,7,-1,-1,-1,2,1
201401HT29080,1,5,0,18,0,0,0,0,0,0,2,1,6,1,57,9,1690,1,1,9,1
201401HT29080,2,9,0,18,0,0,0,0,0,0,1,1,6,2,-1,-1,1198,1,-1,-1,-1
201401HT29093,1,5,0,14,0,0,0,7,0,0,1,1,6,1,-1,-1,125,1,2,-1,-1
201401HT29098,1,9,0,7,0,5,0,0,0,0,1,1,6,3,-1,-1,-1,-1,-1,-1,-1
201401HT29116,1,5,0,18,0,8,0,0,0,0,1,1,1,1,38,7,124,1,14,3,1
201401HT29116,2,9,0,9,0,8,0,0,0,0,3,1,1,2,27,6,1397,1,13,-1,1
201401HT29131,1,9,0,9,0,8,0,0,0,0,3,1,6,2,70,10,998,1,7,2,1
201401HT29131,2,9,0,18,0,8,0,0,0,0,1,1,6,1,28,6,1995,2,5,-1,-1
201401HT29140,1,11,0,18,0,2,0,0,0,0,0,1,1,1,-1,-1,9360,2,3,2,1
201401HT29141,1,9,0,18,0,1,0,0,0,0,3,1,6,1,24,5,1596,1,13,6,1
201401ID60002,1,9,0,18,0,0,1,0,1,0,2,1,6,1,59,9,-1,-1,-1,-1,-1
201401ID60002,2,9,0,18,0,0,0,0,0,0,1,1,6,1,24,5,-1,-1,-1,9,1
201401ID60003,1,11,0,7,0,2,0,0,0,0,1,1,1,1,50,8,3900,2,7,4,1
201401ID60003,2,9,0,4,0,2,0,0,0,0,2,1,6,2,23,5,998,1,7,-1,-1
201401ID60004,1,9,0,4,0,0,0,0,0,0,1,1,2,1,39,7,1493,1,17,10,1
201401ID60004,2,9,0,4,0,0,0,0,0,0,2,1,2,1,36,7,1398,1,2,3,1
201401ID60006,1,8,0,4,0,8,0,0,0,0,1,1,1,1,63,9,1997,2,6,6,1
201401ID60007,1,11,0,4,0,0,0,0,0,0,4,1,6,1,60,9,-1,-1,-1,-1,-1
201401ID60009,1,11,0,18,0,1,0,0,0,0,1,1,6,1,45,7,9000,2,4,6,1
201401ID60009,2,11,0,3,0,1,0,0,0,0,2,1,6,1,46,8,9360,2,3,7,3
201401ID60011,1,9,0,18,0,1,0,0,0,0,1,1,2,1,38,7,-1,-1,-1,5,1
201401ID60011,2,11,0,4,0,1,0,0,0,0,2,1,1,2,29,6,9360,2,3,6,1
201401ID60012,1,9,0,7,0,8,0,0,0,0,3,1,1,1,50,8,1598,1,4,3,1
201401ID60012,2,3,0,18,0,8,0,0,0,0,1,1,2,1,46,8,124,1,2,4,1
201401ID60014,1,9,0,9,0,8,0,10,7,1,1,1,2,2,24,5,998,1,14,6,1
201401ID60015,1,8,0,18,0,1,0,0,0,0,1,1,6,1,54,8,1798,8,1,5,1
201401ID60015,2,9,0,3,0,1,0,0,0,0,2,1,6,2,44,7,1242,1,3,9,3
201401ID60016,1,9,0,7,0,8,0,7,4,2,1,1,2,1,-1,-1,1198,1,1,3,1
201401ID60017,1,9,0,3,0,1,0,0,0,0,2,1,1,2,50,8,1390,1,6,5,1
201401ID60017,2,9,0,4,0,1,0,0,0,0,1,1,1,2,45,7,1995,2,2,8,3
201401ID60017,3,9,0,4,0,1,0,0,0,0,2,1,1,2,43,7,1398,1,3,3,1
201401ID60018,1,8,0,18,0,0,0,0,0,0,2,1,1,1,59,9,1995,2,9,1,1
201401ID60018,2,4,0,18,0,0,1,0,0,0,1,1,2,1,51,8,459,1,6,7,1
201401ID60019,1,8,0,3,0,0,0,0,0,0,2,1,1,1,80,11,2499,2,2,4,1
201401ID60019,2,8,0,18,0,0,1,0,0,0,1,1,1,1,-1,-1,2402,2,10,7,1
201401ID60024,1,11,0,5,0,1,0,0,0,0,0,1,1,1,48,8,9360,2,3,3,1
201401ID60025,1,11,0,4,0,0,0,0,0,0,2,1,1,1,55,8,-1,2,6,-1,-1
201401ID60025,2,9,0,18,0,0,0,0,0,0,1,1,6,2,61,9,-1,-1,-1,7,1
201401ID60025,3,19,0,18,0,0,0,0,0,0,1,1,1,1,46,8,2143,2,1,-1,-1
201401ID60028,1,19,0,6,0,8,0,0,0,0,3,1,1,1,33,6,-1,-1,-1,4,1
201401ID60028,2,5,0,18,0,8,0,0,0,0,1,1,2,1,58,9,-1,-1,-1,3,1
201401ID60029,1,9,0,18,0,8,0,0,0,0,1,1,1,1,78,11,1560,2,9,10,1
201401ID60029,2,9,0,7,0,8,0,0,0,0,4,1,2,1,33,6,1598,1,2,-1,-1
201401ID60030,1,4,0,10,0,1,0,0,0,0,2,1,2,1,42,7,198,1,8,5,1
201401ID60030,2,19,0,5,0,1,0,0,0,0,1,1,6,1,-1,-1,1996,2,1,-1,-1
201401ID60031,1,8,0,18,0,1,0,0,0,0,3,1,2,1,72,10,1995,2,5,3,1
201401ID60031,2,9,0,4,0,1,0,0,0,0,4,1,6,2,52,8,1968,2,-1,-1,-1
201401ID60031,3,9,0,3,0,1,0,0,0,0,2,1,3,1,35,6,1799,1,7,8,1
201401ID60032,1,11,0,18,0,0,0,0,0,0,1,1,1,1,36,7,4500,2,6,-1,-1
201401ID60032,2,9,0,12,0,0,0,0,0,0,2,1,2,1,28,6,1397,1,7,-1,-1
201401ID60034,1,9,0,9,0,5,0,0,0,0,4,1,6,1,-1,-1,1595,2,4,2,1
201401ID60034,2,9,0,18,0,8,0,0,0,0,1,1,6,2,55,8,996,1,5,-1,-1
201401ID60035,1,9,0,7,0,8,0,0,0,0,1,1,1,1,68,10,1229,1,9,9,1
201401ID60035,2,1,0,18,0,8,0,0,0,0,2,1,1,1,25,5,-1,-1,-1,5,1
201401ID60036,1,9,0,4,0,8,0,0,0,0,2,1,6,1,32,6,-1,-1,-1,3,1
201401ID60036,2,9,0,4,0,8,0,0,0,0,1,1,6,1,25,5,1995,1,12,7,1
201401ID60036,3,9,0,18,0,8,0,0,0,0,1,1,6,2,38,7,1248,2,9,3,1
201401ID60038,1,9,0,9,0,8,0,0,0,0,3,1,2,1,39,7,1596,1,4,10,1
201401ID60038,2,9,0,18,0,8,0,10,7,1,4,1,6,1,52,8,1995,2,2,10,2
201401ID60041,1,9,0,11,0,8,0,0,0,0,4,1,6,1,48,8,2967,2,7,7,1
201401ID60041,2,9,0,18,0,8,0,0,0,0,3,1,6,1,29,6,1910,2,6,3,1
201401ID60042,1,8,0,5,0,8,0,0,0,0,3,1,1,1,28,6,1339,8,5,3,1
201401ID60042,2,11,0,17,0,8,0,0,0,0,4,1,1,1,43,7,9000,2,4,8,1
201401ID60043,1,9,0,4,0,2,0,0,0,0,2,1,6,1,35,6,1398,1,8,4,1
201401ID60043,2,9,0,18,0,2,0,0,0,0,1,1,6,2,58,9,1596,1,11,4,1
201401ID60044,1,9,0,9,0,8,0,0,0,0,3,1,6,1,50,8,-1,-1,-1,-1,1
201401ID60044,2,3,0,14,0,8,0,0,0,0,1,1,6,1,19,4,124,1,-1,6,1
201401ID60045,1,9,0,16,0,8,2,0,0,0,4,1,6,2,37,7,-1,-1,-1,9,1
201401ID60047,1,19,0,10,0,8,0,0,0,0,4,1,1,1,53,8,2143,2,-1,5,1
201401ID60047,2,1,0,18,0,6,1,0,0,0,1,1,6,1,57,9,-1,-1,-1,3,1
201401ID60049,1,11,0,4,0,2,0,0,0,0,0,1,1,1,39,7,9000,2,4,5,1
201401ID60049,2,9,0,13,0,2,0,0,0,0,0,1,6,3,-1,-1,-1,-1,-1,-1,-1
201401ID60050,1,9,0,9,0,8,0,0,0,0,4,1,1,1,20,4,1242,1,13,5,1
201401ID60050,2,9,0,18,0,8,0,0,0,0,1,1,6,2,32,6,1598,1,8,6,1
201401ID60052,1,9,0,4,0,8,0,0,0,0,2,1,6,1,72,10,1242,1,-1,-1,-1
201401ID60052,2,20,0,18,0,8,0,0,0,0,1,1,1,1,41,7,12740,2,2,6,1
201401ID60053,1,9,0,7,0,1,1,0,1,2,1,1,2,1,21,5,4941,1,12,9,1
201401ID60054,1,8,0,18,0,8,0,9,3,1,1,1,1,1,-1,-1,1797,8,3,-1,-1
201401ID60056,1,1,0,9,0,8,0,0,0,0,1,1,6,1,44,7,-1,-1,-1,3,1
201401ID60056,2,20,0,5,0,8,0,0,0,0,3,1,1,1,31,6,4250,2,8,2,1
201401ID60057,1,9,0,5,0,8,0,0,0,0,3,1,6,1,39,7,1956,2,1,6,1
201401ID60057,2,1,0,9,0,8,0,0,0,0,1,1,6,1,18,4,-1,-1,-1,4,1
201401ID60061,1,9,0,18,0,0,0,0,1,1,1,1,2,1,30,6,1598,1,16,10,2
201401ID60062,1,3,0,4,0,1,1,0,0,0,0,1,2,1,23,5,124,1,2,9,1
201401ID60066,1,4,0,18,0,2,0,0,0,0,4,1,2,1,53,8,493,1,4,-1,-1
201401ID60066,2,9,0,6,0,2,0,0,0,0,3,1,1,2,46,8,1395,1,1,3,1
201401ID60068,1,9,0,18,0,1,1,0,0,0,4,1,2,1,37,7,2401,2,10,-1,-1
201401ID60068,2,8,0,12,0,1,0,0,0,0,1,1,2,1,37,7,1997,2,13,7,2
201401ID60069,1,9,0,3,0,1,0,0,0,0,2,1,6,1,49,8,1560,2,5,10,1
201401ID60069,2,8,0,18,0,1,0,0,0,0,1,1,1,1,64,9,2664,2,13,4,1
201401ID69005,1,9,0,3,0,0,0,0,0,0,2,1,6,2,41,7,1360,1,7,3,1
201401ID69005,2,9,0,18,0,0,0,0,0,0,1,1,6,1,43,7,1560,2,1,3,1
201401ID69011,1,9,0,18,0,8,0,0,0,0,4,1,6,1,57,9,1796,1,5,3,1
201401ID69011,2,19,0,12,0,8,0,0,0,0,3,1,6,1,-1,-1,2402,2,9,-1,-1
201401JC30001,1,9,0,9,0,2,0,0,0,0,3,1,1,1,32,6,1896,2,9,-1,-1
201401JC30001,2,9,0,18,0,1,0,0,0,0,1,1,6,2,24,5,1299,1,18,3,1
201401JC30002,1,9,0,18,0,8,0,0,0,0,4,1,6,1,50,8,1896,2,12,-1,-1
201401JC30002,2,1,0,18,0,8,0,0,0,0,4,1,6,2,60,9,-1,-1,-1,4,1
201401JC30003,1,9,0,9,0,5,0,0,0,0,1,1,6,2,33,6,-1,-1,-1,2,1
201401JC30003,2,1,0,18,0,1,0,0,0,0,1,1,6,1,33,6,-1,-1,-1,2,1
201401JC30004,1,9,0,2,0,0,0,0,0,0,1,1,6,1,64,9,2800,1,14,6,1
201401JC30004,2,9,0,1,0,0,0,4,0,0,2,1,6,3,-1,-1,1781,1,10,-1,-1
201401JC30005,1,9,0,1,0,1,0,0,0,0,2,1,6,1,22,5,1956,2,1,2,1
201401JC30006,1,9,0,4,0,1,0,0,0,0,2,1,6,1,30,6,1896,2,10,3,1
201401JC30006,2,9,0,4,0,1,0,0,0,0,1,1,6,1,48,8,2499,1,8,4,1
201401JC30007,1,9,0,1,0,0,0,0,0,0,2,1,6,1,62,9,2720,2,8,2,1
201401JC30008,1,9,0,18,0,1,0,0,0,0,1,1,1,1,39,7,-1,-1,-1,1,1
201401JC30009,1,9,0,9,0,8,0,0,0,0,1,1,6,2,22,5,1242,1,10,4,3
201401JC30009,2,9,0,18,0,8,0,0,0,0,1,1,6,1,28,6,1896,2,11,6,1
201401JC30010,1,9,0,18,0,8,0,0,0,0,1,1,1,1,37,7,1997,2,4,7,1
201401JC30010,2,9,0,9,0,8,0,0,0,0,4,1,6,1,41,7,1596,1,13,2,1
201401JC30012,1,9,0,4,0,2,0,0,0,0,1,1,6,1,32,6,2497,2,10,3,1
201401JC30013,1,8,0,18,0,1,0,0,0,0,1,1,6,1,47,8,2499,2,7,3,1
201401JC30014,1,9,0,7,0,0,0,0,0,0,4,1,6,1,-1,-1,-1,-1,-1,1,1
201401JC30015,1,1,0,18,0,8,0,0,0,0,4,1,2,1,28,6,-1,-1,-1,4,1
201401JC30015,2,9,0,7,0,6,0,0,0,0,1,1,6,1,-1,-1,1595,1,13,-1,-1
201401JC30016,1,9,0,18,0,0,0,0,0,0,0,1,1,1,-1,-1,-1,-1,-1,-1,-1
201401JC30016,2,9,0,18,4,0,0,4,1,0,1,1,6,3,-1,-1,-1,-1,-1,-1,-1
201401JC30016,3,9,0,2,0,0,0,0,0,0,4,1,6,3,-1,-1,1598,1,6,-1,-1
201401JC30017,1,9,0,18,0,0,0,0,0,0,1,1,6,1,26,6,1275,1,16,3,1
201401JC30017,2,9,0,18,0,0,0,0,0,0,1,1,1,1,42,7,995,1,7,1,1
201401JC30019,1,9,0,18,0,2,0,0,0,0,4,1,6,3,-1,-1,-1,-1,-1,-1,-1
201401JC30020,1,9,0,6,0,1,0,0,0,0,3,1,6,1,24,5,1596,1,11,3,1
201401JC30020,2,3,0,18,0,1,0,0,0,0,1,1,6,1,25,5,108,1,5,2,1
201401JC30021,1,9,0,18,0,0,0,0,1,2,1,1,6,1,51,8,-1,-1,-1,2,1
201401JC30023,1,9,0,9,0,5,0,0,0,0,4,1,6,3,-1,-1,-1,-1,-1,-1,-1
201401JC30023,2,1,0,18,0,1,0,0,0,0,1,1,6,2,36,7,-1,-1,-1,3,1
201401JC30024,1,20,0,1,0,1,0,0,0,0,2,1,6,1,-1,-1,-1,-1,-1,-1,-1
201401JC30025,1,9,0,6,0,2,0,0,0,0,2,1,6,1,57,9,1299,1,17,4,1
201401JC30025,2,9,0,5,0,2,0,0,0,0,1,1,6,1,71,10,1596,1,10,2,1
201401JC30026,1,9,0,18,0,1,0,0,0,0,3,1,6,2,22,5,-1,-1,-1,4,1
201401JC30026,2,9,0,11,0,1,0,0,0,0,4,1,6,3,-1,-1,2148,2,11,-1,-1
201401JC30027,1,9,0,3,0,1,0,0,0,0,2,1,6,1,60,9,1998,1,12,2,1
201401JC30027,2,19,0,18,0,1,0,0,0,0,1,1,1,1,46,8,2402,2,3,5,1
201401JC30028,1,11,0,5,0,1,0,0,0,0,0,1,6,1,34,6,8268,2,13,2,1
201401JC30029,1,9,0,4,0,0,0,0,0,0,2,1,6,2,28,6,1596,1,12,-1,-1
201401JC30029,2,9,0,18,0,0,0,0,0,0,1,1,6,3,-1,-1,1998,2,9,-1,-1
201401JC30030,1,1,0,18,0,1,0,8,0,0,1,1,6,2,36,7,-1,-1,-1,3,1
201401JC30030,2,9,0,2,0,1,0,0,0,0,3,1,6,1,-1,-1,1686,2,8,-1,-1
201401JC30032,1,9,0,18,0,1,0,10,1,10,1,1,6,1,25,5,-1,-1,-1,3,1
201401JC30033,1,9,0,18,0,0,0,0,0,0,4,1,6,1,42,7,1769,1,12,1,1
201401JC30035,1,9,0,18,0,1,0,0,0,0,1,1,6,1,18,4,1997,2,9,5,3
201401JC30035,2,1,0,18,0,2,0,0,0,0,3,1,6,1,20,4,-1,-1,-1,6,1
201401JC30036,1,3,0,18,0,1,0,0,0,0,4,1,1,1,30,6,-1,-1,-1,1,1
201401JC30037,1,9,0,18,0,1,0,0,7,4,1,1,6,1,67,10,1596,1,3,3,1
201401JC30038,1,9,0,18,0,1,0,0,0,0,1,1,6,3,-1,-1,-1,-1,-1,-1,-1
201401JC30039,1,9,0,18,0,8,0,0,0,0,1,1,6,2,23,5,1242,1,5,3,1
201401JC30039,2,9,0,9,0,8,0,0,0,0,3,1,1,2,25,5,1997,2,9,10,1
201401JC30040,1,9,0,3,0,1,0,0,0,0,1,1,6,1,52,8,1596,1,8,2,1
201401JC30040,2,19,0,1,0,1,0,0,0,0,2,1,6,3,-1,-1,-1,-1,-1,-1,-1
201401JC30041,1,9,0,15,0,1,0,0,0,0,4,1,1,1,64,9,-1,-1,-1,-1,1
201401JC30041,2,1,0,3,4,1,0,0,0,0,3,1,6,1,19,4,-1,-1,-1,3,1
201401JC30042,1,9,0,3,0,1,0,0,0,0,1,1,6,2,-1,-1,2148,2,9,5,1
201401JC30042,2,9,0,3,0,1,0,0,0,0,2,1,6,2,36,7,2987,2,4,3,1