Accident_Index,Vehicle_Reference,Vehicle_Type,Towing_and_Articulation,Vehicle_Manoeuvre,Vehicle_Location-Restricted_Lane,Junction_Location,Skidding_and_Overturning,Hit_Object_in_Carriageway,Vehicle_Leaving_Carriageway,Hit_Object_off_Carriageway,1st_Point_of_Impact,Was_Vehicle_Left_Hand_Drive?,Journey_Purpose_of_Driver,Sex_of_Driver,Age_of_Driver,Age_Band_of_Driver,Engine_Capacity_(CC),Propulsion_Code,Age_of_Vehicle,Driver_IMD_Decile,Driver_Home_Area_Type
201401JC30043,1,19,0,18,0,1,0,0,0,0,1,1,1,1,41,7,1364,7,9,2,1
201401JC30043,2,9,0,3,0,1,0,0,0,0,2,1,6,1,56,9,1896,2,15,3,1
201401JC30043,3,9,0,10,0,1,0,0,0,0,2,1,6,2,52,8,1686,2,2,2,1
201401JC30044,1,19,0,9,0,0,0,0,0,0,4,1,1,1,27,6,1248,2,3,4,1
201401JC30044,2,1,0,15,0,0,0,0,0,0,1,1,6,2,41,7,-1,-1,-1,2,1
201401JC30045,1,9,0,8,0,1,0,0,0,0,2,1,6,2,41,7,1398,2,11,3,1
201401JC30045,2,9,0,5,0,1,0,0,0,0,1,1,6,1,-1,-1,1339,1,7,-1,-1
201401JC30046,1,19,0,18,0,0,0,0,0,0,1,1,1,1,43,7,-1,-1,-1,9,1
201401JC30046,2,11,0,18,0,0,0,0,0,0,2,1,1,1,38,7,4500,2,4,2,1
201401JC30047,1,19,0,9,0,2,0,0,0,0,3,1,1,1,46,8,-1,-1,-1,2,1
201401JC30047,2,4,0,14,0,8,0,0,0,0,1,1,6,1,29,6,599,1,10,3,1
201401JC30048,1,9,0,9,0,8,0,0,0,0,3,1,6,2,56,9,1398,1,14,5,1
201401JC30048,2,3,0,13,0,8,0,0,0,0,1,1,1,1,25,5,125,1,10,-1,-1
201401JC30049,1,9,0,2,0,0,0,0,0,0,3,1,6,1,22,5,-1,-1,-1,3,1
201401JC30049,2,9,0,2,0,0,0,0,0,0,3,1,6,1,59,9,1998,2,8,6,1
201401JC30049,3,9,0,2,0,0,0,0,0,0,3,1,6,1,40,7,1596,1,12,3,1
201401JC30049,4,9,0,18,0,0,0,4,0,0,1,1,6,1,-1,-1,1597,1,16,1,1
201401JC30050,1,9,0,7,0,5,0,0,0,0,4,1,1,1,31,6,-1,-1,-1,3,1
201401JC30050,2,2,0,15,0,1,0,0,0,0,3,1,6,1,22,5,124,1,8,4,1
201401JC30051,1,19,0,18,0,2,0,0,0,0,4,1,6,3,-1,-1,-1,-1,-1,-1,-1
201401JC30052,1,9,0,18,0,1,0,0,0,0,1,1,6,2,64,9,1560,2,1,6,1
201401JC30052,2,19,0,3,0,2,0,0,0,0,3,1,6,1,57,9,-1,-1,-1,6,1
201401JC30052,3,9,0,2,0,2,0,0,0,0,3,1,6,1,50,8,2993,2,10,-1,-1
201401JC30053,1,8,0,3,0,0,0,0,0,0,2,1,6,1,44,7,1997,2,4,4,1
201401JC30053,2,9,0,18,0,0,0,0,0,0,1,1,6,3,-1,-1,-1,-1,-1,-1,-1
201401JC30056,1,9,0,9,0,8,0,0,0,0,1,1,6,2,51,8,999,1,14,1,1
201401JC30056,2,1,0,18,0,8,0,0,0,0,1,1,6,2,35,6,-1,-1,-1,2,1
201401JC30057,1,9,0,18,0,1,0,0,0,0,1,1,6,2,24,5,1242,1,1,7,1
201401JC30059,1,9,0,3,0,0,0,0,0,0,2,1,2,2,27,6,2987,2,3,7,1
201401JC30059,2,9,0,4,0,0,0,0,0,0,1,1,6,1,37,7,1598,1,11,3,1
201401JC30060,1,1,0,18,2,2,0,0,0,0,3,1,6,1,16,4,-1,-1,-1,1,1
201401JC30060,2,9,0,18,2,2,0,0,0,0,4,1,6,1,-1,-1,-1,-1,-1,-1,-1
201401JC30061,1,8,0,18,0,1,0,0,0,0,1,1,1,1,48,8,2362,1,12,1,1
201401JC30062,1,19,0,4,0,1,0,0,0,0,1,1,1,1,59,9,2461,2,9,6,1
201401JC30062,2,9,0,3,0,1,0,0,0,0,2,1,6,1,36,7,1364,1,8,4,1
201401JC30062,3,9,0,3,0,1,0,0,0,0,2,1,6,3,-1,-1,-1,-1,-1,-1,-1
201401JC30063,1,9,0,18,0,2,0,0,0,0,3,1,1,1,47,8,1910,2,6,5,1
201401JC30064,1,9,0,9,0,8,0,0,0,0,3,1,1,1,21,5,1596,1,12,-1,-1
201401JC30064,2,9,0,18,0,8,0,0,0,0,1,1,6,1,25,5,1596,1,13,2,1
201401JC30066,1,1,0,18,4,1,0,0,0,0,1,1,6,1,31,6,-1,-1,-1,3,1
201401JC30066,2,9,0,7,0,5,0,0,0,0,4,1,6,2,-1,-1,1596,1,15,-1,-1
201401JC30067,1,9,0,3,0,1,0,0,0,0,2,1,6,1,26,6,1896,1,15,2,1
201401JC30067,2,5,0,18,0,1,0,0,1,5,1,1,6,1,25,5,598,1,16,2,1
201401JC30068,1,1,0,17,0,8,0,0,0,0,4,1,6,2,28,6,-1,-1,-1,2,1
201401JC30068,2,9,0,18,0,8,0,0,0,0,1,1,6,3,-1,-1,-1,-1,-1,-1,-1
201401JC30071,1,19,0,18,0,2,0,0,0,0,1,1,6,1,40,7,2151,2,10,1,1
201401JC30071,2,9,0,18,0,2,0,0,0,0,2,1,6,1,37,7,1598,1,11,1,1
201401JC30072,1,9,0,3,0,0,0,0,0,0,2,1,6,1,29,6,1686,2,8,4,1
201401JC30072,2,20,0,18,0,0,0,0,0,0,1,1,6,3,-1,-1,-1,-1,-1,-1,-1
201401JC30073,1,9,0,9,0,8,0,0,0,0,4,1,6,2,22,5,1398,1,3,2,1
201401JC30073,2,8,0,15,2,8,0,0,0,0,1,1,6,1,-1,-1,-1,-1,-1,2,1
201401JC30074,1,9,0,4,0,1,0,0,0,0,2,1,6,2,38,7,2149,2,7,3,1
201401JC30074,2,9,0,18,0,1,0,0,0,0,1,1,6,3,-1,-1,1995,1,7,-1,-1
201401JC30075,1,9,0,18,0,8,0,0,0,0,4,1,6,1,26,6,1896,2,11,-1,-1
201401JC30075,2,9,0,18,0,8,0,0,0,0,1,1,6,2,45,7,1398,2,7,3,1
201401JC30077,1,9,0,7,0,8,0,0,0,0,1,1,1,1,28,6,1587,1,9,2,1
201401JC30077,2,1,0,18,0,8,0,0,0,0,4,1,6,1,27,6,-1,-1,-1,2,1
201401JC30078,1,3,0,18,0,8,0,0,0,0,2,1,1,1,17,4,124,1,8,3,1
201401JC30078,2,9,0,9,0,8,0,0,0,0,1,1,6,2,35,6,2685,2,11,4,1
201401JC30079,1,9,0,18,0,8,0,0,0,0,4,1,6,2,46,8,998,1,17,4,1
201401JC30081,1,9,0,9,0,8,0,0,0,0,1,1,6,3,-1,-1,-1,-1,-1,-1,-1
201401JC30081,2,9,0,3,0,8,0,0,0,0,4,1,6,1,27,6,998,1,2,4,1
201401JC30082,1,9,0,18,0,0,0,10,7,0,1,1,6,1,47,8,1598,1,14,1,1
201401JC30082,2,9,0,18,0,0,0,0,0,0,4,1,6,1,66,10,1970,1,10,2,1
201401JC30082,3,9,0,18,0,0,0,0,0,0,4,1,1,2,25,5,-1,-1,-1,4,1
201401JC30083,1,9,0,18,0,1,0,0,0,0,1,1,1,1,50,8,1797,8,4,4,1
201401JC30083,2,9,0,3,0,1,0,0,0,0,2,1,6,1,46,8,-1,-1,-1,7,1
201401JC30084,1,19,0,9,0,8,0,0,0,0,1,1,1,1,38,7,2198,2,7,1,1
201401JC30085,1,3,0,18,0,0,0,4,0,0,1,1,6,1,19,4,-1,-1,-1,1,1
201401JC30085,2,9,0,2,0,0,0,0,0,0,3,1,6,1,62,9,1298,1,14,3,1
201401JC30086,1,9,0,18,0,1,0,10,1,7,4,1,6,2,23,5,1248,2,7,1,1
201401JC30088,1,9,0,18,0,0,0,0,0,0,2,1,6,3,-1,-1,-1,-1,-1,-1,-1
201401JC30088,2,9,0,12,0,0,0,0,0,0,1,1,6,1,25,5,1461,2,3,4,1
201401JC30088,3,9,0,18,0,0,0,1,0,0,1,1,6,2,56,9,-1,-1,-1,2,1
201401JC30089,1,9,0,18,0,0,0,0,0,0,1,1,6,1,29,6,-1,-1,-1,-1,1
201401JC30089,2,9,0,18,0,0,0,0,0,0,2,1,1,1,33,6,1997,2,8,2,1
201401JC30090,1,9,0,9,0,8,0,0,0,0,3,1,6,1,32,6,-1,-1,-1,2,1
201401JC30090,2,1,0,18,4,8,0,0,0,0,1,1,6,1,31,6,-1,-1,-1,4,1
201401JC30091,1,9,0,18,0,0,0,0,0,0,2,1,6,1,39,7,1968,2,7,2,1
201401JC30091,2,9,0,18,0,0,0,0,0,0,1,1,6,3,-1,-1,-1,-1,-1,-1,-1
201401JC30092,1,9,0,9,0,2,0,4,0,0,1,1,6,1,21,5,1596,1,9,-1,-1
201401JC30092,2,9,0,9,0,2,0,0,0,0,0,1,1,1,35,6,-1,-1,-1,-1,-1
201401JC30092,3,9,0,2,0,2,0,0,0,0,2,1,6,1,46,8,-1,-1,-1,4,1
201401JC30093,1,9,0,14,0,1,0,0,0,0,1,1,1,1,49,8,1997,2,10,3,1
201401JC30095,1,9,0,18,0,2,0,0,0,0,1,1,6,2,20,4,1390,1,14,7,1
201401JC30096,1,3,0,3,0,1,0,0,0,0,2,1,6,1,50,8,124,1,5,5,1
201401JC30096,2,9,0,5,0,1,0,0,0,0,1,1,6,1,69,10,1975,1,11,3,1
201401JC30097,1,8,0,18,0,2,0,0,0,0,1,1,1,1,55,8,-1,-1,-1,2,1
201401JC30098,1,9,0,3,0,1,0,0,0,0,4,1,6,2,49,8,1598,1,6,2,1
201401JC30098,2,1,0,15,4,1,0,0,0,0,1,1,6,1,42,7,-1,-1,-1,2,1
201401JC30099,1,9,0,18,0,0,0,0,0,0,3,1,6,2,34,6,1198,1,2,2,1
201401JC30100,1,9,0,9,0,5,0,0,0,0,2,1,6,1,51,8,1248,2,4,5,1
201401JC30100,2,9,0,18,0,1,0,0,0,0,1,1,6,2,30,6,1598,1,16,2,1
201401JC30102,1,4,0,18,0,1,0,0,0,0,1,1,6,1,32,6,125,1,10,2,1
201401JC30103,1,9,0,18,0,8,0,0,0,0,3,1,6,1,37,7,1999,1,13,2,1
201401JC30103,2,9,0,9,0,8,0,0,0,0,1,1,6,1,23,5,2204,2,9,4,1
201401JC30104,1,9,0,18,0,1,0,0,0,0,1,1,6,3,-1,-1,-1,-1,-1,-1,-1
201401JC30105,1,9,0,18,0,8,0,0,0,0,4,1,6,2,21,5,-1,-1,-1,4,1
201401JC30105,2,19,0,18,0,8,0,0,0,0,1,1,6,1,31,6,-1,-1,-1,7,1
201401JC30106,1,9,0,9,0,8,0,0,0,0,3,1,1,1,42,7,-1,-1,-1,-1,-1
201401JC30106,2,1,0,18,0,8,0,0,0,0,1,1,6,2,28,6,-1,-1,-1,6,1
201401JC30107,1,9,0,5,0,8,0,0,0,0,2,1,6,1,65,9,4966,1,14,10,1
201401JC30107,2,9,0,5,0,8,0,0,0,0,1,1,6,1,22,5,1995,2,7,3,1
201401JC30108,1,9,0,18,0,1,0,0,0,0,1,1,6,3,-1,-1,-1,-1,-1,-1,-1
201401JC30109,1,9,0,18,0,1,0,0,0,0,2,1,6,2,54,8,-1,-1,-1,3,1
201401JC30109,2,9,0,18,0,1,0,0,0,0,1,1,6,2,-1,-1,998,1,18,-1,-1
201401JC30110,1,9,0,18,0,1,0,0,0,0,1,1,6,3,-1,-1,2143,2,1,-1,-1
201401JC30110,2,9,0,18,0,1,0,0,0,0,2,1,6,1,19,4,1328,1,6,3,1
201401JC30112,1,9,0,1,0,0,0,0,0,0,2,1,6,3,-1,-1,-1,-1,-1,-1,-1
201401JC30113,1,9,0,11,0,0,0,0,0,0,1,1,6,1,39,7,3222,2,10,-1,-1
201401JC30114,1,9,0,9,0,2,0,0,0,0,1,1,1,2,58,9,1910,2,5,-1,-1
201401JC30115,1,9,0,17,0,1,0,0,0,0,3,1,6,1,42,7,1596,1,8,2,1
201401JC30115,2,1,0,17,0,1,0,0,0,0,4,1,6,1,26,6,-1,-1,-1,2,1
201401JC30116,1,9,0,9,0,8,0,0,0,0,4,1,6,2,34,6,1997,2,7,4,1
201401JC30116,2,3,0,18,0,8,0,0,0,0,1,1,6,1,19,4,125,1,16,-1,-1
201401JC30117,1,9,0,4,0,0,0,0,1,1,2,1,6,1,57,9,2987,2,3,2,1
201401JC30117,2,9,0,18,0,0,0,0,0,0,1,1,6,3,-1,-1,1995,2,8,-1,-1
201401JC30118,1,3,0,9,0,8,0,0,0,0,1,1,6,1,23,5,-1,-1,-1,-1,-1
201401JC30118,2,9,0,18,0,8,0,0,0,0,1,1,6,3,-1,-1,1910,2,9,-1,-1
201401JC30122,1,9,0,5,0,1,0,0,0,0,2,1,6,1,41,7,1753,2,8,3,1
201401JC30122,2,9,0,5,0,1,0,0,0,0,2,1,6,2,49,8,1796,1,10,2,1
201401JC30122,3,9,0,18,0,1,0,0,0,0,1,1,6,1,47,8,1783,1,11,-1,-1
201401JC30123,1,9,0,1,0,0,0,0,0,0,2,1,6,1,38,7,1328,1,8,3,1
201401JC30123,2,9,0,1,0,0,0,0,0,0,2,1,6,3,-1,-1,1299,1,12,-1,-1
201401JC30124,1,9,0,4,0,2,0,0,0,0,2,1,6,2,50,8,1596,1,11,3,1
201401JC30124,2,9,0,4,0,2,0,0,0,0,1,1,6,2,-1,-1,-1,-1,-1,4,1
201401JC30125,1,9,0,18,0,2,0,0,0,0,3,1,6,2,25,5,1199,1,14,1,1
201401JC30125,2,9,0,1,0,1,0,0,0,0,1,1,6,3,-1,-1,-1,-1,-1,-1,-1
201401JC30126,1,9,0,18,0,0,0,0,0,0,3,1,6,2,29,6,1995,2,9,3,1
201401JC30126,2,9,0,11,0,0,0,0,0,0,4,1,6,2,-1,-1,1390,1,4,-1,-1
201401JC30127,1,1,0,18,0,8,0,0,0,0,3,1,6,1,31,6,-1,-1,-1,-1,-1
201401JC30127,2,9,0,7,0,8,0,0,0,0,4,1,6,3,-1,-1,-1,-1,-1,-1,-1
201401JC30128,1,9,0,5,0,8,0,0,0,0,2,1,6,2,41,7,1896,2,6,1,1
201401JC30128,2,9,0,5,0,8,0,0,0,0,1,1,6,1,-1,-1,-1,-1,-1,-1,-1
201401JC30129,1,9,0,18,0,0,0,4,0,0,1,1,6,1,23,5,2200,2,18,-1,1
201401JC30129,2,9,0,2,0,0,0,4,0,0,4,1,6,2,41,7,-1,-1,-1,3,1
201401JC30129,3,9,0,2,0,0,0,0,0,0,1,1,6,2,33,6,1199,1,13,1,1
201401JC30129,4,3,0,2,0,0,0,0,0,0,2,1,6,1,66,10,243,1,25,4,1
201401JC30129,5,9,0,2,0,0,0,0,0,0,1,1,6,1,-1,-1,2997,1,18,4,1
201401JC30130,1,9,0,5,0,0,0,0,0,0,0,1,6,1,66,10,1686,2,5,3,1
201401JC30130,2,19,0,18,0,0,0,0,0,0,3,1,1,1,35,6,2402,2,6,1,1
201401JC30130,3,9,0,18,0,0,0,0,0,0,4,1,6,1,44,7,1995,1,8,-1,-1
201401JC30131,1,9,0,18,0,2,0,7,2,4,1,1,6,1,26,6,2143,2,4,3,1
201401JC30133,1,5,0,4,0,1,0,0,0,0,4,1,2,1,-1,-1,582,1,10,8,1
201401JC30133,2,9,0,12,0,1,0,0,0,0,3,1,6,1,20,4,-1,-1,-1,1,1
201401JC30134,1,9,0,9,0,8,0,0,0,0,1,1,6,2,49,8,2493,1,10,4,1
201401JC30134,2,1,0,18,0,8,0,0,0,0,3,1,6,1,27,6,-1,-1,-1,-1,1
201401JC30135,1,9,0,9,0,5,0,0,0,0,2,1,6,2,46,8,1596,1,1,4,1
201401JC30135,2,9,0,18,0,1,0,0,0,0,1,1,6,1,69,10,1968,2,2,3,1
201401JC30136,1,5,0,18,0,0,0,0,0,0,1,1,6,1,50,8,750,1,10,7,3
201401JC30136,2,9,0,6,0,0,0,0,0,0,3,1,6,2,46,8,-1,-1,-1,7,1
201401JC30137,1,9,0,9,0,2,0,0,0,0,1,1,6,3,-1,-1,-1,-1,-1,-1,-1
201401JC30138,1,3,0,6,0,1,0,0,0,0,1,1,6,1,-1,-1,124,1,5,2,1
201401JC30138,2,9,0,2,0,1,0,0,0,0,3,1,6,1,39,7,1595,1,12,2,1
201401JC30139,1,9,0,18,0,1,0,0,0,0,3,1,6,1,43,7,-1,-1,-1,3,1
201401JC30140,1,19,0,9,0,8,0,0,0,0,1,1,6,1,35,6,-1,-1,-1,2,1
201401JC30140,2,1,0,18,0,8,0,0,0,0,3,1,6,1,25,5,-1,-1,-1,2,1
201401JC30141,1,9,0,5,0,1,0,0,0,0,2,1,6,1,30,6,-1,-1,-1,2,1
201401JC30141,2,9,0,5,0,1,0,0,0,0,1,1,6,1,23,5,-1,-1,-1,3,1
201401JC30144,1,9,0,5,0,8,0,0,0,0,4,1,6,1,47,8,1796,1,12,2,1
201401JC30144,2,19,0,18,0,8,0,0,0,0,1,1,1,1,28,6,-1,-1,-1,-1,1
201401JC30145,1,9,0,3,0,1,0,0,0,0,1,1,1,1,47,8,1461,2,9,6,1
201401JC30147,1,9,0,9,0,5,0,0,0,0,1,1,6,1,37,7,1796,1,13,3,1
201401JC30148,1,9,0,18,0,1,0,0,0,0,1,1,6,1,30,6,1242,1,1,5,1
201401JC30148,2,9,0,3,0,1,0,0,0,0,2,1,6,1,27,6,-1,-1,-1,-1,-1
201401JC30149,1,4,0,18,0,1,0,0,0,0,1,1,6,3,-1,-1,-1,-1,-1,-1,-1
201401JC30150,1,19,0,7,0,8,0,0,0,0,4,1,1,1,43,7,2198,2,3,5,2
201401JC30150,2,1,0,15,0,8,0,0,0,0,3,1,6,1,31,6,-1,-1,-1,3,1
201401JC30151,1,1,0,18,0,8,0,0,0,0,1,1,6,1,44,7,-1,-1,-1,-1,-1
201401JC30151,2,9,0,9,0,8,0,0,0,0,4,1,6,3,-1,-1,-1,-1,-1,-1,-1
201401JC30152,1,9,0,16,0,8,0,0,0,0,3,1,6,1,37,7,2496,2,13,9,1
201401JC30152,2,20,0,9,0,8,0,0,0,0,1,1,6,1,-1,-1,-1,-1,-1,-1,-1
201401JC30153,1,9,0,18,0,8,0,0,0,0,1,1,6,2,42,7,1388,1,5,3,1
201401JC30153,2,9,0,18,0,8,0,4,0,0,4,1,6,1,23,5,1598,1,12,2,1
201401JC30153,3,9,0,2,0,2,0,0,0,0,3,1,6,3,-1,-1,-1,-1,-1,-1,-1
201401JC30154,1,19,0,6,0,2,0,0,0,0,4,1,1,1,22,5,1870,2,10,6,1
201401JC30154,2,4,0,18,0,1,0,0,0,0,1,1,1,1,45,7,108,1,1,2,1
201401JC30155,1,9,0,13,0,0,0,7,0,0,1,1,6,2,55,8,1598,1,13,3,1
201401JC30156,1,9,0,3,0,1,0,0,0,0,4,1,6,3,-1,-1,-1,-1,-1,-1,-1
201401JC30156,2,1,0,15,4,1,0,8,0,0,1,1,6,1,43,7,-1,-1,-1,3,1
201401JC30157,1,9,0,18,0,2,0,0,0,0,1,1,6,2,75,10,998,1,11,3,1
201401JC30157,2,9,0,5,0,1,0,0,0,0,1,1,6,1,36,7,1798,1,5,-1,-1
201401JC30158,1,9,0,18,0,2,0,0,0,0,1,1,6,1,25,5,1598,1,5,5,1
201401JC30158,2,9,0,18,0,1,0,0,0,0,1,1,6,1,27,6,-1,-1,-1,-1,-1
201401JC30159,1,4,0,18,0,2,0,0,0,0,1,1,6,3,-1,-1,-1,-1,-1,-1,-1
201401JC30160,1,3,0,5,0,1,0,0,0,0,3,1,6,1,18,4,125,1,6,1,1
201401JC30161,1,9,0,18,0,0,0,0,0,0,2,1,6,2,42,7,1364,1,9,6,1
201401JC30161,2,9,0,18,0,0,1,0,0,0,1,1,6,1,60,9,1598,1,8,3,1
201401JC30161,3,9,0,18,0,0,0,0,0,0,1,1,6,2,28,6,998,1,8,3,1
201401JC30163,1,11,0,18,0,2,0,0,0,0,0,1,1,3,-1,-1,9000,2,4,-1,-1
201401JC30166,1,9,0,12,0,0,0,0,0,0,3,1,6,1,29,6,1388,1,11,1,1
201401JC30166,2,9,0,18,0,0,0,0,0,0,4,1,6,1,32,6,1360,1,4,-1,1
201401JC30167,1,9,0,18,0,0,0,0,0,0,3,1,6,1,46,8,1870,2,10,3,1
201401JC30168,1,9,0,9,0,1,0,0,0,0,0,1,1,1,28,6,1339,1,5,1,1
201401JC30168,2,1,0,18,0,1,0,0,0,0,1,1,6,2,44,7,-1,-1,-1,-1,1
201401JC30170,1,9,0,9,0,5,0,0,0,0,1,1,6,3,-1,-1,1896,2,10,-1,-1
201401JC30171,1,9,0,9,0,8,0,0,0,0,1,1,6,1,46,8,1998,1,10,2,1
201401JC30173,1,11,0,14,0,1,0,0,0,0,1,1,6,1,44,7,-1,-1,-1,6,1
201401JC30174,1,9,0,18,0,0,0,0,0,0,3,1,6,2,45,7,1997,2,4,4,1
201401JC30175,1,9,0,7,0,0,0,0,0,0,1,1,6,1,-1,-1,-1,-1,-1,-1,-1
201401JC30176,1,9,0,7,0,5,0,0,0,0,2,1,6,1,21,5,2497,1,8,-1,-1
201401JC30176,2,9,0,18,0,1,0,0,0,0,1,1,6,1,37,7,-1,-1,-1,-1,1
201401JC30178,1,9,0,18,0,1,0,0,0,0,4,1,6,2,36,7,1796,1,12,2,1
201401JC30179,1,11,0,3,0,1,0,0,0,0,0,1,1,1,32,6,6700,2,2,2,1
201401JC30180,1,9,0,3,0,1,0,0,0,0,3,1,6,1,20,4,1598,1,9,3,1
201401JC30180,2,11,0,18,0,1,0,0,0,0,1,1,6,1,45,7,6692,2,1,3,1
201401JC30181,1,9,0,18,0,0,0,0,0,0,1,1,6,1,47,8,2967,2,3,6,1
201401JC30181,2,9,0,18,0,0,0,0,0,0,1,1,6,1,38,7,998,1,14,9,1
201401JC30182,1,19,0,1,0,0,0,0,0,0,2,1,6,1,34,6,-1,-1,-1,-1,-1
201401JC30183,1,5,0,3,0,1,0,0,0,0,2,1,6,1,54,8,647,1,15,2,1
201401JC30183,2,9,0,18,0,1,0,0,0,0,1,1,6,3,-1,-1,973,1,13,-1,-1
201401JC30186,1,9,0,7,0,2,0,0,0,0,3,1,6,1,32,6,1968,2,6,4,1
201401JC30186,2,9,0,18,0,1,0,0,0,0,3,1,6,2,39,7,1497,8,7,6,1
201401JC30187,1,9,0,18,0,8,0,0,0,0,3,1,6,1,41,7,2460,2,15,2,1
201401JC30187,2,9,0,11,0,8,0,0,0,0,4,1,6,3,-1,-1,-1,-1,-1,-1,-1
201401JC30188,1,9,0,7,0,2,0,0,0,0,1,1,6,1,63,9,1769,1,10,-1,-1
201401JC30189,1,9,0,18,0,1,0,0,0,0,1,1,6,3,-1,-1,-1,-1,-1,-1,-1
201401JC30190,1,9,0,5,0,0,0,0,0,0,1,1,6,1,76,11,1594,1,13,2,1
201401JC30191,1,9,0,4,0,1,0,0,0,0,2,1,6,2,24,5,1995,2,1,8,1
201401JC30191,2,9,0,18,0,1,0,0,0,0,1,1,6,1,21,5,1229,1,1,7,1
201401JC30191,3,9,0,18,0,1,0,0,0,0,1,1,6,1,50,8,1997,1,11,5,1
201401JC30192,1,2,0,18,0,8,0,0,0,0,2,1,6,1,25,5,102,1,8,-1,1
201401JC30192,2,9,0,5,0,8,0,0,0,0,1,1,6,3,-1,-1,1398,1,1,-1,-1
201401JC30193,1,9,0,18,0,0,0,0,0,0,1,1,6,1,84,11,1598,1,3,3,1
201401JC30194,1,3,0,13,0,8,0,0,0,0,3,1,6,1,19,4,124,1,12,2,1
201401JC30194,2,11,0,9,0,8,0,0,0,0,1,1,1,1,40,7,3900,2,8,7,1
201401JC30195,1,9,0,18,0,0,0,0,0,0,1,1,6,3,-1,-1,-1,-1,-1,-1,-1
201401JC30196,1,9,0,18,0,2,0,0,0,0,1,1,6,1,34,6,-1,-1,-1,2,1
201401JC30196,2,9,0,18,0,1,0,0,0,0,1,1,6,3,-1,-1,3246,1,12,-1,-1
201401JC30197,1,11,0,3,0,0,0,0,0,0,4,1,1,3,-1,-1,-1,-1,-1,-1,-1
201401JC30198,1,9,0,9,0,8,0,0,0,0,4,1,6,1,23,5,2148,2,6,1,1
201401JC30198,2,2,0,18,0,8,0,0,0,0,1,1,6,1,-1,-1,107,1,7,-1,-1
201401JC30202,1,9,0,18,0,0,0,0,0,0,1,1,6,1,48,8,1984,1,6,7,1
201401JC30202,2,9,0,18,0,0,0,0,0,0,1,1,6,1,65,9,1905,2,24,2,1
201401JC30202,3,9,0,4,0,0,0,0,0,0,2,1,6,1,-1,-1,2685,2,11,1,1
201401JC30203,1,11,0,5,0,1,0,0,0,0,0,1,1,2,59,9,6692,2,3,4,1
201401JC30204,1,9,0,18,0,2,0,0,0,0,3,1,6,3,-1,-1,-1,-1,-1,-1,-1
201401JC30205,1,9,0,18,0,8,0,0,0,0,3,1,6,2,33,6,-1,-1,-1,3,1
201401JC30205,2,9,0,18,0,8,0,0,0,0,4,1,6,3,-1,-1,3125,2,13,-1,-1
201401JC30206,1,9,0,18,0,0,0,10,1,0,3,1,6,2,38,7,1596,1,11,2,1
201401JC30206,2,9,0,13,0,0,0,0,0,0,4,1,6,1,-1,-1,2993,2,8,-1,-1
201401JC30207,1,9,0,11,0,1,0,0,0,0,4,1,6,1,24,5,1995,2,13,2,1
201401JC30207,2,9,0,18,0,1,0,0,0,0,3,1,6,2,55,8,-1,-1,-1,-1,-1
201401JC30208,1,9,0,3,0,1,0,0,0,0,1,1,6,2,28,6,1598,1,12,1,1
201401JC30208,2,9,0,9,0,2,0,0,0,0,1,1,6,1,77,11,1299,1,10,2,1
201401JC30209,1,1,0,12,0,0,0,0,0,0,3,1,6,2,29,6,-1,-1,-1,1,1
201401JC30209,2,9,0,18,0,0,0,0,0,0,1,1,6,3,-1,-1,1999,1,9,-1,-1
201401JC30210,1,9,0,18,0,8,0,0,0,0,4,1,6,2,34,6,1598,1,3,1,1
201401JC30210,2,9,0,9,0,8,0,0,0,0,1,1,6,3,-1,-1,-1,-1,-1,-1,-1
201401JC30211,1,1,0,18,0,0,0,0,0,0,2,1,6,1,18,4,-1,-1,-1,-1,-1
201401JC30211,2,9,0,18,0,0,0,0,0,0,1,1,6,3,-1,-1,-1,-1,-1,-1,-1
201401JC30212,1,9,0,14,0,0,0,0,0,0,1,1,6,2,50,8,1390,1,5,5,1
201401JC30212,2,9,0,4,0,0,0,0,0,0,2,1,6,2,34,6,1769,1,10,3,1
201401JC30212,3,9,0,14,0,0,0,0,0,0,2,1,6,2,41,7,1242,1,10,5,1
201401JC30215,1,5,0,18,0,0,0,0,0,0,3,1,6,1,41,7,779,1,1,3,1
201401JC30215,2,9,0,6,0,0,0,0,0,0,1,1,6,2,-1,-1,2148,2,7,5,1
201401JC30216,1,90,0,18,0,2,0,0,0,0,1,1,1,1,54,8,-1,3,25,5,1
201401JC30217,1,9,0,9,0,8,0,0,0,0,4,1,6,2,23,5,1199,1,12,1,1
201401JC30217,2,9,0,18,0,8,0,0,0,0,1,1,6,1,41,7,2987,2,7,4,1
201401JC30219,1,9,0,18,0,8,0,0,0,0,1,1,6,2,66,10,1560,2,4,6,1
201401JC30219,2,9,0,9,0,8,0,0,0,0,1,1,6,1,84,11,-1,-1,-1,3,1
201401JC30220,1,9,0,4,0,2,0,0,0,0,2,1,6,1,55,8,-1,-1,-1,6,1
201401JC30220,2,1,0,18,0,2,0,0,0,0,1,1,6,1,33,6,-1,-1,-1,3,1
201401JC30221,1,9,0,15,0,8,0,0,0,0,1,1,6,1,27,6,2143,2,1,8,1
201401JC30221,2,9,0,9,0,8,0,0,0,0,4,1,6,2,35,6,599,1,11,4,1
201401JC30221,3,9,0,18,0,2,0,0,0,0,2,1,1,1,29,6,-1,-1,-1,9,2
201401JC30222,1,1,0,18,0,8,0,0,0,0,4,1,6,2,39,7,-1,-1,-1,3,1
201401JC30222,2,9,0,9,0,8,0,0,0,0,3,1,6,1,-1,-1,2979,1,11,3,1
201401JC30223,1,5,0,13,0,0,0,0,0,0,1,1,6,1,36,7,-1,-1,-1,1,1
201401JC30223,2,19,0,9,0,0,0,0,0,0,3,1,1,1,40,7,-1,-1,-1,2,1
201401JC30224,1,1,0,18,0,1,0,0,0,0,4,1,6,1,30,6,-1,-1,-1,2,1