Accident_Index,Vehicle_Reference,Vehicle_Type,Towing_and_Articulation,Vehicle_Manoeuvre,Vehicle_Location-Restricted_Lane,Junction_Location,Skidding_and_Overturning,Hit_Object_in_Carriageway,Vehicle_Leaving_Carriageway,Hit_Object_off_Carriageway,1st_Point_of_Impact,Was_Vehicle_Left_Hand_Drive?,Journey_Purpose_of_Driver,Sex_of_Driver,Age_of_Driver,Age_Band_of_Driver,Engine_Capacity_(CC),Propulsion_Code,Age_of_Vehicle,Driver_IMD_Decile,Driver_Home_Area_Type
201401JC30409,1,1,0,15,0,0,0,8,0,0,1,1,2,2,33,6,-1,-1,-1,3,1
201401JC30409,2,9,0,3,0,0,0,0,0,0,4,1,6,3,-1,-1,1587,1,9,-1,-1
201401JC30410,1,11,0,4,0,1,0,0,0,0,0,1,1,1,41,7,-1,-1,-1,-1,-1
201401JC30411,1,11,0,18,0,1,0,0,0,0,1,1,1,1,67,10,4500,2,3,6,1
201401JC30412,1,9,0,6,0,1,0,0,0,0,2,1,6,2,25,5,1198,1,10,1,1
201401JC30412,2,3,0,18,0,2,0,0,0,0,1,1,6,3,-1,-1,-1,-1,-1,-1,-1
201401JC30413,1,9,0,9,0,8,0,0,0,0,3,1,6,3,-1,-1,-1,-1,-1,-1,-1
201401JC30413,2,3,0,18,0,8,0,0,0,0,1,1,6,1,16,4,-1,-1,-1,3,1
201401JC30414,1,11,0,5,0,0,0,0,0,0,0,1,6,3,-1,-1,-1,-1,-1,-1,-1
201401JC30415,1,9,0,7,0,1,0,0,0,0,2,1,1,1,49,8,1497,8,7,2,1
201401JC30415,2,9,0,18,0,1,0,0,0,0,1,1,6,1,23,5,1229,1,1,-1,-1
201401JC30416,1,9,0,7,0,1,0,0,0,0,2,1,6,1,32,6,2171,2,11,5,1
201401JC30416,2,1,0,18,0,1,0,0,0,0,1,1,6,1,38,7,-1,-1,-1,3,1
201401JC30417,1,9,0,6,0,1,0,0,0,0,3,1,1,1,51,8,1339,8,6,4,1
201401JC30417,2,9,0,18,0,1,0,0,0,0,1,1,6,1,26,6,-1,-1,-1,3,1
201401JC30418,1,9,0,18,0,0,0,0,0,0,4,1,6,1,23,5,-1,-1,-1,2,1
201401JC30418,2,9,0,5,8,0,0,4,0,0,3,1,6,2,30,6,1596,1,7,3,1
201401JC30418,3,9,0,2,6,0,0,0,0,0,2,1,6,2,31,6,-1,-1,-1,2,1
201401JC30419,1,9,0,7,0,1,0,0,0,0,1,1,6,2,33,6,1995,2,2,-1,-1
201401JC30419,2,1,0,18,0,1,0,0,0,0,2,1,6,1,22,5,-1,-1,-1,-1,1
201401JC30420,1,9,0,18,0,0,0,0,0,0,1,1,6,1,39,7,2979,1,12,2,1
201401JC30422,1,9,0,17,0,2,0,0,0,0,1,1,6,1,24,5,-1,-1,-1,3,1
201401JC30422,2,9,0,16,0,1,0,0,0,0,1,1,6,2,24,5,1997,2,10,1,1
201401JC30424,1,9,0,3,0,1,0,0,0,0,2,1,6,2,42,7,1598,1,11,4,1
201401JC30424,2,9,0,18,0,1,0,0,0,0,1,1,6,3,-1,-1,1390,2,11,-1,-1
201401JC30427,1,9,0,3,0,1,0,0,0,0,2,1,6,1,30,6,-1,-1,-1,2,1
201401JC30427,2,9,0,18,0,1,0,0,0,0,1,1,6,3,-1,-1,998,1,13,-1,-1
201401JC30428,1,11,0,5,0,1,0,0,0,0,0,1,1,1,34,6,4500,2,5,3,1
201401JC30430,1,9,0,7,0,1,0,0,0,0,2,1,6,2,50,8,-1,-1,-1,5,1
201401JC30430,2,1,0,15,0,1,0,0,0,0,1,1,6,1,-1,-1,-1,-1,-1,-1,-1
201401JC30432,1,9,0,18,0,1,0,0,0,0,2,1,6,1,33,6,1910,2,9,3,1
201401JC30432,2,9,0,11,0,1,0,0,0,0,1,1,6,3,-1,-1,1995,2,-1,-1,-1
201401JC30434,1,9,0,4,0,0,0,0,0,0,2,1,6,1,51,8,1753,2,6,4,1
201401JC30434,2,9,0,18,0,0,0,0,0,0,1,1,6,2,21,5,998,1,15,7,1
201401JC30435,1,3,0,18,0,1,0,0,0,0,1,1,6,1,21,5,125,1,9,2,1
201401JC30435,2,1,0,18,0,1,0,0,0,0,2,1,6,2,27,6,-1,-1,-1,1,1
201401JC30436,1,11,0,5,0,0,0,0,0,0,0,1,1,1,51,8,-1,-1,-1,5,1
201401JC30437,1,9,0,18,0,1,0,0,0,0,1,1,6,2,29,6,1388,1,4,5,1
201401JC30438,1,4,0,18,0,0,0,0,0,0,4,1,6,1,51,8,198,1,14,-1,-1
201401JC30439,1,9,0,5,0,6,0,0,0,0,3,1,1,1,31,6,2979,1,12,3,1
201401JC30439,2,1,0,18,0,1,0,0,0,0,1,1,6,1,56,9,-1,-1,-1,3,1
201401JC30440,1,9,0,5,0,2,0,0,0,0,2,1,6,2,23,5,1598,1,12,6,1
201401JC30440,2,9,0,18,0,2,0,0,0,0,1,1,6,1,18,4,1598,1,13,3,1
201401JC30441,1,9,0,18,0,2,0,0,0,0,0,1,6,1,-1,-1,-1,-1,-1,-1,-1
201401JC30441,2,1,0,18,0,1,0,10,0,0,4,1,6,1,66,10,-1,-1,-1,3,1
201401JC30442,1,9,0,18,0,2,0,0,0,0,2,1,6,2,20,4,1598,2,1,2,1
201401JC30442,2,9,0,9,0,2,0,0,0,0,1,1,6,1,-1,-1,1796,7,11,-1,-1
201401JC30443,1,8,0,18,0,8,0,0,0,0,1,1,1,1,50,8,1995,2,9,2,1
201401JC30443,2,9,0,9,0,8,0,0,0,0,3,1,6,3,-1,-1,-1,-1,-1,-1,-1
201401JC30444,1,9,0,9,0,8,0,0,0,0,3,1,6,1,34,6,1796,1,8,2,1
201401JC30444,2,9,0,3,0,1,0,0,0,0,2,1,6,1,51,8,2180,2,18,3,1
201401JC30444,3,9,0,3,0,1,0,0,0,0,1,1,6,3,-1,-1,2987,2,5,-1,-1
201401JC30444,4,3,0,18,0,1,0,0,0,0,1,1,6,3,-1,-1,176,1,13,-1,-1
201401JC30445,1,9,0,7,0,8,0,0,0,0,1,1,6,1,55,8,1598,1,5,6,1
201401JC30445,2,1,0,18,0,8,0,0,0,0,4,1,6,2,35,6,-1,-1,-1,1,1
201401JC30446,1,9,0,18,0,8,1,0,0,0,1,1,6,2,21,5,1364,1,5,4,1
201401JC30446,2,9,0,18,0,8,0,0,0,0,3,1,6,3,-1,-1,1596,1,9,-1,-1
201401JC30447,1,9,0,3,0,1,0,0,0,0,2,1,6,1,27,6,1598,1,13,3,1
201401JC30447,2,9,0,18,0,1,0,0,0,0,1,1,6,3,-1,-1,1747,1,12,-1,-1
201401JC30448,1,9,0,18,0,8,0,0,0,0,3,1,6,1,31,6,-1,-1,-1,7,1
201401JC30448,2,9,0,11,0,8,0,0,0,0,4,1,6,1,-1,-1,-1,-1,-1,4,1
201401JC30449,1,9,0,3,0,1,0,0,0,0,2,1,6,1,30,6,1590,1,16,2,1
201401JC30449,2,9,0,18,0,1,0,0,0,0,1,1,6,3,-1,-1,-1,-1,-1,-1,-1
201401JC30452,1,9,0,18,0,1,0,0,0,0,1,1,1,1,36,7,1797,8,4,2,1
201401JC30453,1,9,0,18,0,0,0,4,0,0,1,1,6,1,20,4,1596,1,1,3,1
201401JC30453,2,19,0,2,0,0,0,0,0,0,2,1,6,3,-1,-1,2402,2,13,-1,-1
201401JC30454,1,9,0,17,0,8,0,0,0,0,1,1,6,2,22,5,1248,1,1,5,1
201401JC30454,2,9,0,17,0,8,0,0,0,0,2,1,6,1,43,7,1910,2,8,-1,1
201401JC30455,1,9,0,17,0,1,0,0,0,0,1,1,6,1,21,5,1686,2,4,2,1
201401JC30455,2,9,0,18,0,1,0,4,0,0,4,1,6,1,61,9,1560,2,9,1,1
201401JC30455,3,9,0,2,0,2,0,0,0,0,4,1,6,3,-1,-1,1364,1,6,-1,-1
201401JC30455,4,9,0,2,0,2,0,0,0,0,2,1,6,3,-1,-1,1598,1,17,-1,-1
201401JC30456,1,9,0,18,0,1,0,0,0,0,4,1,6,2,27,6,1995,2,1,-1,-1
201401JC30456,2,9,0,9,0,6,0,0,0,0,1,1,6,2,38,7,1995,2,1,5,1
201401JC30458,1,3,0,4,0,1,0,0,0,0,2,1,6,1,35,6,125,1,3,1,1
201401JC30458,2,9,0,13,0,1,0,0,0,0,1,1,6,3,-1,-1,-1,-1,-1,-1,-1
201401JC30459,1,9,0,5,0,8,0,0,0,0,1,1,6,2,22,5,1229,1,1,3,1
201401JC30459,2,1,0,18,0,8,0,0,0,0,4,1,6,2,32,6,-1,-1,-1,4,1
201401JC30460,1,9,0,18,0,0,0,0,5,10,3,1,6,1,80,11,-1,-1,-1,6,1
201401JC30460,2,3,0,18,0,0,0,0,0,0,3,1,6,1,24,5,125,1,6,3,1
201401JC30462,1,1,0,15,0,1,0,0,0,0,1,1,6,2,38,7,-1,-1,-1,2,1
201401JC30463,1,9,0,9,0,0,0,0,0,0,4,1,6,1,32,6,1240,1,6,3,1
201401JC30463,2,3,0,13,0,0,0,0,0,0,1,1,6,1,20,4,-1,-1,-1,1,1
201401JC30464,1,9,0,9,0,8,0,0,0,0,3,1,1,1,42,7,1390,1,11,2,1
201401JC30464,2,5,0,13,0,8,0,0,0,0,1,1,6,1,32,6,600,1,2,3,1
201401JC30465,1,9,0,5,0,8,0,0,0,0,3,1,6,2,24,5,1149,1,16,1,1
201401JC30465,2,1,0,18,0,8,0,0,0,0,1,1,6,1,61,9,-1,-1,-1,2,1
201401JC30466,1,11,0,5,0,2,0,0,0,0,1,1,6,3,-1,-1,8268,2,11,-1,-1
201401JC30466,2,1,0,3,0,2,0,0,0,0,2,1,6,1,16,4,-1,-1,-1,-1,-1
201401JC30468,1,1,0,18,4,8,0,0,0,0,4,1,6,1,24,5,-1,-1,-1,9,1
201401JC30468,2,9,0,9,0,8,0,0,0,0,1,1,6,3,-1,-1,1798,1,8,-1,-1
201401JC30469,1,9,0,18,0,8,0,0,0,0,4,1,6,1,21,5,-1,-1,-1,-1,-1
201401JC30469,2,9,0,9,0,8,0,0,0,0,1,1,6,3,-1,-1,-1,-1,-1,-1,-1
201401JC30470,1,11,0,3,3,0,0,0,0,0,0,1,1,1,44,7,-1,-1,-1,1,1
201401JC30472,1,11,0,4,0,1,0,0,0,0,0,1,1,1,37,7,6692,2,3,1,1
201401JC30473,1,9,0,4,0,8,0,0,0,0,2,1,6,1,51,8,1598,1,6,5,1
201401JC30473,2,9,0,4,0,8,0,0,0,0,1,1,6,1,27,6,-1,-1,-1,-1,-1
201401JC30475,1,5,0,18,0,8,0,0,0,0,1,1,6,1,38,7,124,1,5,2,1
201401JC30475,2,9,0,9,0,8,0,0,0,0,3,1,1,1,35,6,1968,2,-1,6,2
201401JC30476,1,9,0,18,0,2,0,0,7,10,1,1,6,1,19,4,1364,1,6,1,1
201401JC30476,2,9,0,18,0,2,0,0,0,0,0,1,1,2,42,7,-1,-1,-1,-1,-1
201401JC30477,1,9,0,4,0,0,0,0,0,0,4,1,3,2,34,6,1956,2,1,3,1
201401JC30478,1,1,0,11,4,8,0,0,0,0,4,1,6,1,11,3,-1,-1,-1,2,1
201401JC30478,2,9,0,5,0,8,0,0,0,0,1,1,6,2,-1,-1,2231,2,6,-1,-1
201401JC30480,1,3,0,18,0,8,0,0,0,0,3,1,6,2,17,4,124,1,4,8,1
201401JC30480,2,19,0,11,0,8,0,0,0,0,4,1,1,1,-1,-1,2143,2,3,-1,-1
201401JC30481,1,9,0,3,0,0,0,0,0,0,2,1,6,1,65,9,1495,1,7,2,1
201401JC30481,2,9,0,18,0,0,0,0,0,0,1,1,6,1,-1,-1,2497,1,8,1,1
201401JC30482,1,9,0,18,0,8,0,0,0,0,3,1,1,2,48,8,-1,-1,-1,2,1
201401JC30482,2,1,0,18,0,8,0,0,0,0,1,1,6,1,21,5,-1,-1,-1,2,1
201401JC30483,1,9,0,18,0,0,0,0,0,0,1,1,6,1,80,11,-1,-1,-1,3,1
201401JC30484,1,9,0,11,0,0,0,0,0,0,4,1,6,1,23,5,1716,2,12,-1,-1
201401JC30484,2,9,0,18,0,0,0,0,0,0,3,1,1,1,54,8,1910,2,4,-1,1
201401JC30487,1,2,0,15,2,1,0,0,0,0,3,1,6,1,39,7,50,1,8,1,1
201401JC30487,2,9,0,7,0,1,0,0,0,0,4,1,6,3,-1,-1,-1,-1,-1,-1,-1
201401JC30488,1,9,0,2,0,0,0,0,0,0,2,1,6,1,51,8,1598,1,1,3,1
201401JC30488,2,9,0,18,0,0,0,4,0,0,1,1,2,2,50,8,1769,1,10,3,1
201401JC30489,1,11,0,18,0,1,0,0,0,0,4,1,1,1,50,8,9360,2,4,-1,1
201401JC30490,1,2,0,7,0,2,0,7,0,0,1,1,6,1,18,4,-1,-1,-1,2,1
201401JC30492,1,9,0,18,0,2,0,0,0,0,1,1,6,1,36,7,1995,2,11,3,1
201401JC30492,2,1,0,18,0,2,0,0,0,0,1,1,6,1,42,7,-1,-1,-1,3,1
201401JC30493,1,9,0,18,0,8,0,0,0,0,1,1,6,1,31,6,1598,1,9,1,1
201401JC30493,2,3,0,9,0,8,0,0,0,0,3,1,6,1,19,4,-1,-1,-1,4,1
201401JC30494,1,3,0,18,0,8,0,0,0,0,3,1,6,1,19,4,-1,-1,-1,2,1
201401JC30494,2,9,0,6,0,8,0,0,0,0,0,1,6,1,26,6,-1,-1,-1,3,1
201401JC30495,1,9,0,18,0,2,1,0,1,7,4,1,6,1,48,8,1493,2,8,5,1
201401JC30496,1,9,0,4,0,1,0,0,0,0,2,1,2,2,28,6,1870,2,11,4,1
201401JC30496,2,9,0,18,0,1,0,0,0,0,1,1,6,1,28,6,1984,1,7,3,1
201401JC30497,1,9,0,18,0,8,0,0,0,0,3,1,6,2,47,8,1598,1,7,10,1
201401JC30497,2,9,0,9,0,8,0,0,0,0,1,1,6,2,42,7,1951,2,13,3,1
201401JC30498,1,9,0,18,0,0,0,0,0,0,1,1,6,2,47,8,-1,-1,-1,1,1
201401JC30499,1,1,0,18,0,8,0,0,0,0,1,1,6,1,51,8,-1,-1,-1,2,1
201401JC30499,2,9,0,9,0,8,0,0,0,0,3,1,6,3,-1,-1,-1,-1,-1,-1,-1
201401JC30500,1,9,0,7,0,8,0,0,0,0,4,1,1,1,56,9,-1,-1,-1,2,1
201401JC30500,2,1,0,15,0,8,0,0,0,0,1,1,6,1,39,7,-1,-1,-1,2,1
201401JC30501,1,9,0,9,0,8,0,0,0,0,1,1,3,1,37,7,1910,2,9,1,1
201401JC30501,2,1,0,5,0,8,0,0,0,0,1,1,6,1,30,6,-1,-1,-1,-1,-1
201401JC30502,1,9,0,5,0,1,0,0,0,0,1,1,6,1,50,8,1995,1,11,2,1
201401JC30503,1,9,0,18,0,8,0,0,0,0,3,1,1,1,21,5,-1,-1,-1,6,1
201401JC30503,2,9,0,11,0,8,0,0,0,0,4,1,6,3,-1,-1,-1,-1,-1,-1,-1
201401JC30505,1,9,0,5,0,1,0,0,0,0,2,1,1,1,66,10,-1,-1,-1,8,1
201401JC30505,2,9,0,5,0,1,0,0,0,0,1,1,6,1,25,5,2143,2,-1,1,1
201401JC30506,1,1,0,18,4,0,0,8,0,0,1,1,2,1,31,6,-1,-1,-1,-1,-1
201401JC30506,2,8,0,3,0,0,0,0,0,0,4,1,1,3,-1,-1,1796,1,8,-1,-1
201401JC30507,1,9,0,10,0,1,0,0,0,0,1,1,6,1,20,4,1995,1,5,2,1
201401JC30507,2,5,0,18,0,2,0,0,0,0,1,1,6,1,34,6,-1,-1,-1,2,1
201401JC30508,1,19,0,2,0,1,0,0,0,0,2,1,1,1,31,6,2198,2,3,7,1
201401JC30508,2,1,0,18,0,1,0,4,0,0,1,1,6,2,23,5,-1,-1,-1,6,1
201401JC30509,1,11,0,18,0,0,0,0,0,0,0,1,1,1,43,7,4500,2,2,1,1
201401JC30510,1,9,0,18,0,1,5,0,4,0,3,1,6,1,62,9,1240,1,6,6,1
201401JC30511,1,9,0,18,0,1,0,0,0,0,4,1,1,1,49,8,1900,2,16,3,1
201401JC30512,1,9,0,9,0,8,0,0,0,0,4,1,6,1,71,10,-1,-1,-1,2,1
201401JC30512,2,4,0,18,0,8,0,0,0,0,1,1,6,1,41,7,-1,-1,-1,3,1
201401JC30514,1,9,0,6,0,2,0,0,0,0,3,1,6,2,76,11,1769,1,10,3,1
201401JC30514,2,9,0,18,0,2,0,0,0,0,4,1,6,2,39,7,1242,1,14,1,1
201401JC30515,1,9,0,7,0,2,0,0,0,0,4,1,1,1,47,8,1910,2,5,3,1
201401JC30516,1,9,0,18,0,1,0,0,0,0,1,1,1,1,44,7,-1,-1,-1,1,1
201401JC30516,2,9,0,4,0,1,0,0,0,0,2,1,1,1,35,6,-1,-1,-1,4,1
201401JC30516,3,8,0,7,0,1,0,0,0,0,2,1,6,1,58,9,2993,2,5,2,1
201401JC30517,1,9,0,18,0,0,0,0,0,0,4,1,1,2,86,11,1360,1,11,8,1
201401JC30517,2,1,0,15,0,0,0,0,0,0,3,1,6,1,13,3,-1,-1,-1,-1,-1
201401JC30518,1,9,0,4,0,1,0,0,0,0,2,1,1,1,29,6,-1,-1,-1,3,1
201401JC30518,2,9,0,18,0,1,0,0,0,0,1,1,6,1,23,5,-1,-1,-1,2,1
201401JC30519,1,9,0,7,0,2,0,0,0,0,4,1,6,1,66,10,1598,1,11,3,1
201401JC30519,2,1,0,18,9,6,0,0,0,0,1,1,6,2,8,2,-1,-1,-1,1,1
201401JC30520,1,9,0,9,0,8,0,0,0,0,3,1,2,1,39,7,1598,1,4,4,1
201401JC30520,2,3,0,13,0,8,0,0,0,0,1,1,2,1,31,6,124,1,-1,2,1
201401JC30521,1,9,0,9,0,8,0,0,0,0,0,1,6,2,30,6,1997,1,5,2,1
201401JC30521,2,1,0,18,0,8,0,0,0,0,4,1,6,1,19,4,-1,-1,-1,2,1
201401JC30522,1,9,0,7,0,2,0,0,0,0,1,1,6,2,43,7,1299,1,11,1,1
201401JC30522,2,9,0,14,0,1,0,0,0,0,1,1,6,1,-1,-1,1997,2,5,2,1
201401JC30526,1,19,0,2,0,0,0,0,0,0,3,1,6,1,35,6,1598,2,-1,2,1
201401JC30526,2,1,0,18,0,0,0,8,0,0,1,1,6,2,39,7,-1,-1,-1,2,1
201401JC30527,1,9,0,9,0,8,0,0,0,0,4,1,6,2,52,8,1497,1,11,2,1
201401JC30527,2,1,0,18,0,8,0,0,0,0,1,1,6,2,23,5,-1,-1,-1,1,1
201401JC30528,1,9,0,9,0,8,0,0,0,0,3,1,6,1,77,11,1587,1,12,4,1
201401JC30528,2,3,0,18,0,8,0,0,0,0,1,1,6,2,25,5,124,1,6,2,1
201401JC30529,1,9,0,18,0,0,0,0,0,0,1,1,6,1,42,7,1796,1,11,2,1
201401JC30530,1,1,0,17,0,0,0,0,0,0,1,1,6,1,13,3,-1,-1,-1,3,1
201401JC30530,2,9,0,7,0,0,0,0,0,0,1,1,6,1,-1,-1,1799,1,7,3,1
201401JC30532,1,9,0,18,0,8,0,0,0,0,3,1,6,1,68,10,1598,2,2,-1,-1
201401JC30532,2,1,0,18,0,8,0,0,0,0,1,1,6,1,25,5,-1,-1,-1,-1,-1
201401JC30533,1,4,0,4,0,1,0,0,0,0,2,1,6,1,30,6,-1,-1,-1,3,1
201401JC30533,2,9,0,18,0,1,0,0,0,0,1,1,6,1,23,5,-1,-1,-1,-1,1
201401JC30534,1,9,0,18,0,8,0,0,0,0,1,1,6,1,45,7,1461,2,10,3,1
201401JC30534,2,9,0,9,0,8,0,0,0,0,3,1,6,3,-1,-1,1598,1,14,-1,-1
201401JC30536,1,1,0,4,0,1,0,0,0,0,1,1,6,1,48,8,-1,-1,-1,4,1
201401JC30536,2,9,0,1,0,1,0,0,0,0,2,1,6,1,-1,-1,2231,2,6,2,1
201401JC30538,1,9,0,18,0,0,0,0,0,0,4,1,6,1,25,5,1598,1,7,3,1
201401JC30538,2,4,0,18,0,0,0,0,0,0,1,1,6,1,26,6,636,1,9,5,1
201401JC30539,1,3,0,4,0,1,0,0,0,0,2,1,6,1,21,5,125,1,7,2,1
201401JC30539,2,9,0,18,0,1,0,0,0,0,1,1,6,3,-1,-1,-1,-1,-1,-1,-1
201401JC30540,1,9,0,5,0,0,0,0,0,0,3,1,6,1,47,8,-1,-1,-1,-1,-1
201401JC30540,2,3,0,14,0,0,0,0,0,0,1,1,6,1,25,5,125,1,2,4,1
201401JC30541,1,3,0,9,3,1,0,0,0,0,4,1,6,1,38,7,-1,-1,-1,2,1
201401JC30541,2,9,0,9,0,1,0,0,0,0,3,1,6,3,-1,-1,-1,-1,-1,-1,-1
201401JC30542,1,9,0,18,0,0,0,0,0,0,1,1,6,1,34,6,12380,1,31,9,1
201401JC30545,1,9,0,16,0,0,0,0,0,0,1,1,6,1,59,9,1798,1,8,1,1
201401JC30545,2,20,0,1,0,0,0,0,0,0,2,1,1,1,37,7,-1,-1,-1,-1,-1
201401JC30548,1,9,0,2,2,2,0,0,0,0,3,1,6,1,24,5,1390,1,4,7,2
201401JC30548,2,1,0,18,2,2,0,8,0,0,1,1,6,1,42,7,-1,-1,-1,2,1
201401JC30550,1,9,0,5,0,0,0,0,0,0,1,1,6,2,35,6,1596,1,10,3,1
201401JC30552,1,11,0,9,0,2,0,0,0,0,0,1,1,1,41,7,-1,-1,-1,3,1
201401JC30553,1,9,0,18,0,1,0,10,7,10,1,1,6,2,37,7,1769,1,13,2,1
201401JC30554,1,9,0,1,0,0,0,0,0,0,2,1,2,1,39,7,2967,2,7,2,1
201401JC30554,2,9,0,18,0,0,0,0,0,0,3,1,1,1,39,7,-1,-1,-1,-1,-1
201401JC30556,1,9,0,3,0,2,0,0,0,0,2,1,1,1,55,8,1240,1,6,1,1
201401JC30556,2,9,0,18,0,2,0,0,0,0,1,1,6,2,26,6,1242,1,5,-1,-1
201401JC30558,1,9,0,3,0,0,0,0,0,0,1,1,6,1,34,6,-1,-1,-1,2,1
201401JC30558,2,9,0,18,0,0,0,0,0,0,1,1,6,3,-1,-1,-1,-1,-1,-1,-1
201401JC30559,1,9,0,3,0,1,0,0,0,0,2,1,6,1,50,8,1995,2,2,-1,-1
201401JC30559,2,9,0,18,0,1,0,0,0,0,1,1,6,3,-1,-1,-1,-1,-1,-1,-1
201401JC30560,1,9,0,18,0,1,0,0,0,0,1,1,1,1,61,9,1242,1,13,2,1
201401JC30560,2,9,0,3,0,1,0,0,0,0,2,1,1,1,39,7,-1,-1,-1,2,1
201401JC30561,1,1,0,17,0,0,0,0,0,0,1,1,6,1,37,7,-1,-1,-1,2,1
201401JC30561,2,9,0,16,0,0,0,0,0,0,1,1,6,3,-1,-1,-1,-1,-1,-1,-1
201401JC30562,1,9,0,18,0,8,0,0,0,0,1,1,2,2,25,5,1329,1,1,1,1
201401JC30562,2,1,0,18,0,8,0,0,0,0,3,1,6,1,26,6,-1,-1,-1,-1,-1
201401JC30563,1,9,0,7,0,8,0,0,0,0,4,1,6,1,22,5,1397,1,6,2,1
201401JC30563,2,3,0,15,0,8,0,0,0,0,1,1,1,1,24,5,125,1,9,-1,-1
201401JC30564,1,9,0,18,0,0,0,0,0,0,2,1,6,1,34,6,3189,1,10,7,1
201401JC30564,2,9,0,18,0,0,0,0,0,0,1,1,6,1,25,5,973,1,14,-1,-1
201401JC30565,1,9,0,18,0,0,2,0,0,0,2,1,6,2,64,9,998,1,12,3,1
201401JC30565,2,9,0,12,0,0,2,0,0,0,2,1,1,2,32,6,1242,1,1,-1,-1
201401JC30567,1,9,0,18,0,0,0,0,0,0,4,1,6,2,54,8,1399,2,10,2,1
201401JC30567,2,9,0,9,0,0,0,0,0,0,1,1,1,1,54,8,-1,-1,-1,2,1
201401JC30568,1,9,0,3,0,0,0,0,0,0,4,1,6,2,25,5,1781,1,17,7,1
201401JC30568,2,3,0,15,0,0,0,8,0,0,1,1,6,1,20,4,1284,1,6,3,1
201401JC30569,1,9,0,18,0,0,1,0,2,10,1,1,6,1,21,5,1398,1,2,-1,-1
201401JC30570,1,9,0,4,0,1,0,0,0,0,2,1,1,1,42,7,1956,2,3,2,1
201401JC30570,2,9,0,18,0,1,0,0,0,0,1,1,6,3,-1,-1,-1,-1,-1,-1,-1
201401JC30572,1,9,0,5,6,8,0,0,0,0,1,1,6,1,83,11,-1,-1,-1,5,1
201401JC30573,1,9,0,4,0,1,0,0,0,0,2,1,6,1,32,6,1600,1,8,-1,1
201401JC30573,2,9,0,18,0,1,0,0,0,0,1,1,6,3,-1,-1,1587,1,8,-1,-1
201401JC30574,1,9,0,18,0,2,0,0,0,0,3,1,6,1,-1,-1,-1,-1,-1,10,1
201401JC30574,2,9,0,18,0,1,0,0,0,0,3,1,6,1,25,5,1956,2,6,4,3
201401JC30575,1,9,0,4,0,0,0,0,0,0,2,1,6,1,42,7,1598,1,6,2,1
201401JC30575,2,9,0,18,0,0,0,0,0,0,1,1,6,1,-1,-1,1689,2,11,1,1
201401JC30576,1,9,0,4,0,2,0,0,0,0,2,1,6,2,25,5,1685,2,2,7,1
201401JC30576,2,9,0,18,0,2,0,0,0,0,1,1,6,3,-1,-1,1997,2,5,-1,-1
201401JC30577,1,9,0,18,0,1,0,0,0,0,3,1,6,1,62,9,1896,2,14,-1,-1
201401JC30578,1,9,0,18,0,0,0,0,0,0,3,1,6,2,22,5,1229,1,6,10,1
201401JC30578,2,9,0,18,0,0,0,0,0,0,4,1,6,3,-1,-1,-1,-1,-1,-1,-1
201401JC30579,1,9,0,2,0,0,0,0,0,0,3,1,6,1,41,7,1560,2,8,2,1
201401JC30579,2,9,0,18,0,0,0,4,0,0,4,1,6,2,51,8,-1,-1,-1,2,1
201401JC30580,1,9,0,3,0,1,0,0,0,0,4,1,6,1,54,8,-1,-1,-1,4,1
201401JC30580,2,1,0,15,0,1,0,0,0,0,1,1,1,1,48,8,-1,-1,-1,-1,-1
201401JC30581,1,9,0,11,0,0,0,0,0,0,2,1,6,1,23,5,1248,2,7,-1,-1
201401JC30581,2,9,0,18,0,0,0,0,0,0,1,1,6,2,37,7,1997,1,1,5,1
201401JC30582,1,9,0,18,0,1,0,0,0,0,1,1,6,1,-1,-1,1968,2,8,-1,-1
201401JC30585,1,1,0,18,0,2,0,0,0,0,1,1,6,1,31,6,-1,-1,-1,3,1
201401JC30586,1,9,0,18,0,1,0,0,0,0,2,1,6,1,30,6,1197,1,-1,6,1
201401JC30586,2,9,0,18,0,1,0,0,0,0,1,1,1,1,48,8,1986,2,6,5,1
201401JC30586,3,3,0,18,0,1,0,0,0,0,1,1,6,1,26,6,125,1,3,2,1
201401JC30588,1,4,0,18,0,0,0,0,0,0,4,1,1,1,51,8,279,1,6,5,1
201401JC30588,2,9,0,12,0,0,0,0,0,0,3,1,1,2,54,8,1461,2,7,7,1
201401JC30589,1,1,0,3,0,1,0,0,0,0,1,1,6,1,33,6,-1,-1,-1,3,1
201401JC30589,2,9,0,9,0,8,0,0,0,0,3,1,6,1,-1,-1,1248,2,4,-1,-1
201401JC30590,1,9,0,18,0,0,0,0,0,0,1,1,6,1,25,5,1390,1,12,-1,1
201401JC30590,2,9,0,4,0,0,0,0,0,0,2,1,6,2,28,6,2143,2,1,9,1
201401JC30591,1,9,0,9,0,8,0,0,0,0,4,1,6,1,29,6,1797,8,-1,1,1
201401JC30591,2,1,0,18,0,8,0,0,0,0,1,1,6,1,32,6,-1,-1,-1,-1,-1
201401JC30592,1,9,0,18,0,8,0,0,0,0,1,1,6,1,26,6,1390,1,3,-1,-1
201401JC30592,2,9,0,9,0,8,0,0,0,0,4,1,6,2,30,6,1896,2,12,2,1
201401JC30593,1,9,0,3,0,2,0,0,0,0,2,1,6,1,41,7,1299,1,11,7,1
201401JC30593,2,9,0,5,0,2,0,0,0,0,1,1,6,1,27,6,-1,-1,-1,2,1
201401JC30594,1,9,0,5,2,1,0,0,0,0,1,1,6,1,45,7,1988,1,12,1,1
201401JC30594,2,19,0,18,0,1,0,0,0,0,4,1,1,1,35,6,-1,-1,-1,8,1
201401JC30594,3,9,0,18,0,2,0,0,0,0,3,1,6,1,49,8,698,1,9,-1,-1
201401JC30595,1,9,0,9,0,8,0,0,0,0,4,1,6,1,25,5,-1,-1,-1,-1,-1
201401JC30595,2,90,0,18,0,8,0,0,0,0,2,1,6,1,45,7,-1,-1,-1,-1,-1
201401JC30596,1,11,0,4,0,0,0,0,0,0,0,1,1,1,54,8,4500,2,3,3,1