Accident_Index,Vehicle_Reference,Vehicle_Type,Towing_and_Articulation,Vehicle_Manoeuvre,Vehicle_Location-Restricted_Lane,Junction_Location,Skidding_and_Overturning,Hit_Object_in_Carriageway,Vehicle_Leaving_Carriageway,Hit_Object_off_Carriageway,1st_Point_of_Impact,Was_Vehicle_Left_Hand_Drive?,Journey_Purpose_of_Driver,Sex_of_Driver,Age_of_Driver,Age_Band_of_Driver,Engine_Capacity_(CC),Propulsion_Code,Age_of_Vehicle,Driver_IMD_Decile,Driver_Home_Area_Type
201401JC30597,1,9,0,4,0,0,0,0,0,0,2,1,1,1,42,7,2720,2,7,1,1
201401JC30597,2,19,0,4,0,0,0,0,0,0,2,1,6,1,53,8,-1,-1,-1,-1,1
201401JC30597,3,9,0,4,0,0,0,0,0,0,1,1,6,1,51,8,998,1,11,2,1
201401JC30598,1,9,0,4,0,1,0,0,0,0,2,1,1,2,58,9,1991,2,5,10,2
201401JC30598,2,9,0,18,0,1,0,0,0,0,1,1,1,1,-1,-1,-1,-1,-1,-1,-1
201401JC30599,1,9,0,2,0,0,0,0,0,0,3,1,6,1,26,6,1910,2,9,5,1
201401JC30599,2,9,0,18,0,0,0,4,0,0,4,1,2,1,24,5,999,1,1,10,1
201401JC30599,3,3,0,18,0,0,0,0,0,0,1,1,6,1,26,6,-1,-1,-1,5,1
201401JC30600,1,19,0,18,0,8,0,0,0,0,1,1,1,1,39,7,-1,-1,-1,3,1
201401JC30600,2,9,0,9,0,8,0,0,0,0,3,1,2,2,22,5,2521,1,5,-1,1
201401JC30601,1,9,0,9,0,8,0,0,0,0,1,1,6,3,-1,-1,2616,1,10,-1,-1
201401JC30601,2,3,0,15,2,8,0,0,0,0,3,1,6,1,25,5,125,1,7,-1,-1
201401JC30602,1,3,0,18,0,1,1,0,0,0,3,1,6,1,36,7,125,1,7,3,1
201401JC30603,1,1,0,18,0,0,0,0,0,0,1,1,6,2,25,5,-1,-1,-1,2,1
201401JC30604,1,2,0,18,0,8,0,0,0,0,1,1,1,1,22,5,109,1,-1,-1,-1
201401JC30604,2,8,0,9,0,8,0,0,0,0,3,1,1,1,47,8,1497,8,5,2,1
201401JC30605,1,8,0,18,0,0,0,0,0,0,1,1,1,1,50,8,-1,-1,-1,3,1
201401JC30606,1,2,0,18,0,1,0,0,0,0,4,1,6,1,17,4,-1,-1,-1,1,1
201401JC30606,2,9,0,18,0,6,0,0,0,0,1,1,6,3,-1,-1,-1,-1,-1,-1,-1
201401JC30607,1,11,0,18,0,2,0,0,0,0,0,1,1,2,48,8,7300,2,9,2,1
201401JC30609,1,9,0,5,0,8,0,0,0,0,3,1,2,2,40,7,973,1,12,3,1
201401JC30609,2,1,0,17,0,8,0,0,0,0,1,1,2,1,29,6,-1,-1,-1,7,1
201401JC30610,1,9,0,9,0,8,0,0,0,0,4,1,1,1,41,7,1798,1,5,3,1
201401JC30610,2,3,0,18,0,8,0,0,0,0,1,1,1,1,31,6,125,1,2,2,1
201401JC30611,1,9,0,4,0,0,0,0,0,0,2,1,6,1,44,7,1995,2,6,-1,-1
201401JC30611,2,9,0,18,0,0,0,0,0,0,1,1,6,2,-1,-1,1997,2,7,4,1
201401JC30611,3,9,0,18,0,0,0,0,0,0,1,1,6,1,32,6,1995,2,10,1,1
201401JC30611,4,9,0,18,0,0,0,0,0,0,1,1,6,1,25,5,-1,-1,-1,4,1
201401JC30615,1,9,0,4,0,1,0,0,0,0,2,1,6,1,54,8,2180,2,18,2,1
201401JC30615,2,9,0,18,0,1,0,0,0,0,1,1,6,1,37,7,1991,2,6,-1,1
201401JC30616,1,2,0,18,0,0,0,0,0,0,4,1,1,1,19,4,49,1,4,-1,-1
201401JC30617,1,9,0,18,0,8,0,0,0,0,3,1,6,2,33,6,1388,1,10,2,1
201401JC30617,2,1,0,18,0,8,0,0,0,0,1,1,6,2,27,6,-1,-1,-1,8,2
201401JC30618,1,9,0,18,0,0,0,0,0,0,1,1,6,1,41,7,1400,1,14,2,1
201401JC30618,2,1,0,18,0,0,0,0,0,0,4,1,6,1,7,2,-1,-1,-1,2,1
201401JC30619,1,9,0,18,0,0,0,0,0,0,1,1,6,1,-1,-1,-1,-1,-1,-1,-1
201401JC30620,1,9,0,3,0,1,0,0,0,0,2,1,6,2,21,5,1598,1,7,3,1
201401JC30620,2,9,0,18,0,1,0,0,0,0,2,1,6,3,-1,-1,1587,1,17,-1,-1
201401JC30622,1,1,0,14,2,2,0,0,0,0,3,1,6,1,43,7,-1,-1,-1,7,1
201401JC30622,2,9,0,18,0,2,0,0,0,0,4,1,6,1,27,6,1364,1,5,2,1
201401JC30623,1,9,0,3,0,1,0,0,0,0,2,1,6,1,54,8,2997,1,17,5,1
201401JC30623,2,9,0,18,0,1,0,0,0,0,1,1,6,2,-1,-1,1596,1,8,-1,-1
201401JC30624,1,9,0,18,0,0,0,0,0,0,1,1,1,1,31,6,-1,-1,-1,1,1
201401JC30624,2,9,0,18,0,0,0,0,0,0,1,1,6,1,64,9,1997,2,19,1,1
201401JC30625,1,9,0,7,0,8,0,0,0,0,4,1,6,1,19,4,998,1,7,2,1
201401JC30625,2,1,0,18,4,8,1,0,0,0,1,1,2,1,50,8,-1,-1,-1,7,1
201401JC30626,1,1,0,18,0,8,0,0,0,0,1,1,6,2,31,6,-1,-1,-1,8,1
201401JC30626,2,9,0,9,0,8,0,0,0,0,4,1,6,3,-1,-1,-1,-1,-1,-1,-1
201401JC30628,1,9,0,18,0,0,0,7,7,1,1,1,6,2,18,4,998,1,8,1,1
201401JC30628,2,9,0,18,0,0,0,0,0,0,1,1,6,1,55,8,2496,1,11,7,1
201401JC30629,1,11,0,3,0,1,0,0,0,0,4,1,1,1,54,8,-1,-1,-1,1,1
201401JC30630,1,1,0,18,0,2,0,0,0,0,4,1,6,1,14,3,-1,-1,-1,2,1
201401JC30630,2,9,0,18,0,1,0,0,0,0,1,1,6,1,-1,-1,-1,-1,-1,-1,-1
201401JC30631,1,9,0,4,0,1,0,0,0,0,2,1,6,2,30,6,1199,1,11,2,1
201401JC30631,2,19,0,18,0,1,0,0,0,0,1,1,6,1,-1,-1,-1,-1,-1,5,1
201401JC30632,1,9,0,7,0,2,0,0,0,0,4,1,2,2,37,7,1797,8,4,4,1
201401JC30632,2,1,0,18,9,6,0,0,0,0,1,1,6,2,-1,-1,-1,-1,-1,2,1
201401JC30633,1,21,0,18,0,0,0,0,0,0,4,1,1,1,60,9,11946,2,1,5,1
201401JC30633,2,9,0,18,0,0,0,0,0,0,2,1,1,1,44,7,-1,-1,-1,6,1
201401JC30634,1,9,0,16,0,2,0,0,0,0,3,1,6,1,32,6,1587,1,12,3,1
201401JC30634,2,9,0,16,0,2,0,0,0,0,4,1,6,1,-1,-1,1968,2,5,-1,-1
201401JC30635,1,9,0,4,0,0,0,0,0,0,2,1,6,1,31,6,-1,-1,-1,-1,-1
201401JC30635,2,9,0,18,0,0,0,0,0,0,1,1,6,1,63,9,1685,2,4,6,1
201401JC30636,1,8,0,7,0,8,0,0,0,0,3,1,1,1,47,8,1753,2,5,3,1
201401JC30636,2,1,0,18,5,8,0,0,0,0,1,1,1,1,-1,-1,-1,-1,-1,-1,-1
201401JC30637,1,1,0,18,0,8,0,0,0,0,3,1,6,2,34,6,-1,-1,-1,4,1
201401JC30637,2,8,0,7,0,8,0,0,0,0,1,1,1,1,-1,-1,-1,-1,-1,2,1
201401JC30638,1,9,0,9,0,1,0,0,0,0,4,1,6,1,29,6,2656,1,11,3,1
201401JC30638,2,1,0,15,0,2,0,0,0,0,1,1,6,2,47,8,-1,-1,-1,5,1
201401JC30639,1,3,0,15,0,0,0,0,0,0,1,1,2,2,26,6,125,1,-1,1,1
201401JC30639,2,9,0,4,0,0,0,0,0,0,4,1,2,2,26,6,2191,2,-1,1,1
201401JC30640,1,9,0,18,0,0,0,0,0,0,4,1,1,1,40,7,1992,2,7,-1,-1
201401JC30640,2,19,0,2,0,0,0,0,0,0,3,1,1,1,44,7,2402,2,7,3,1
201401JC30641,1,9,0,18,0,0,0,0,0,0,1,1,1,1,60,9,1968,2,1,3,1
201401JC30641,2,9,0,18,0,0,0,0,0,0,1,1,6,1,32,6,2148,2,10,2,1
201401JC30642,1,9,0,18,0,8,0,0,0,0,1,1,6,2,36,7,998,1,10,3,1
201401JC30642,2,8,0,18,0,8,0,0,0,0,4,1,6,1,62,9,1598,2,4,3,1
201401JC30643,1,19,0,9,0,0,0,0,0,0,4,1,1,1,44,7,2198,2,1,7,1
201401JC30643,2,1,0,18,0,0,0,0,0,0,1,1,6,1,59,9,-1,-1,-1,2,1
201401JC30644,1,9,0,9,0,8,0,0,0,0,4,1,6,1,60,9,1587,1,12,1,1
201401JC30644,2,1,0,18,0,8,0,0,0,0,1,1,2,1,26,6,-1,-1,-1,2,1
201401JC30645,1,9,0,18,0,0,0,4,0,0,4,1,6,2,53,8,1796,1,7,-1,-1
201401JC30645,2,9,0,2,0,0,0,0,0,0,3,1,6,1,-1,-1,1582,2,1,3,1
201401JC30645,3,9,0,2,0,0,0,0,0,0,3,1,6,3,-1,-1,-1,-1,-1,-1,-1
201401JC30646,1,1,0,18,0,1,0,0,0,0,1,1,6,2,41,7,-1,-1,-1,2,1
201401JC30647,1,9,0,18,0,1,0,0,0,0,1,1,6,1,34,6,1388,1,12,2,1
201401JC30647,2,1,0,18,9,6,0,0,0,0,4,1,6,1,14,3,-1,-1,-1,3,1
201401JC30648,1,11,0,4,0,1,0,0,0,0,0,1,1,1,27,6,9360,2,2,2,1
201401JC30650,1,9,0,3,0,1,0,0,0,0,2,1,6,1,57,9,1240,1,11,4,1
201401JC30650,2,9,0,3,0,1,0,0,0,0,2,1,6,1,30,6,1968,2,6,1,1
201401JC30650,3,9,0,18,0,1,0,0,0,0,1,1,6,3,-1,-1,1598,1,7,-1,-1
201401JC30651,1,9,0,7,0,1,0,0,0,0,4,1,6,1,31,6,-1,-1,-1,2,1
201401JC30651,2,3,0,5,0,1,0,0,0,0,1,1,6,1,26,6,125,1,-1,3,1
201401JC30652,1,9,0,2,0,0,0,8,0,0,3,1,6,1,58,9,1598,2,1,9,2
201401JC30652,2,5,0,18,0,0,0,0,0,0,1,1,1,1,51,8,-1,-1,-1,-1,-1
201401JC30653,1,9,0,4,0,0,0,0,0,0,2,1,1,2,48,8,1753,2,7,-1,-1
201401JC30653,2,9,0,18,0,0,0,0,0,0,1,1,6,1,36,7,2494,1,13,-1,-1
201401JC30654,1,1,0,18,0,1,0,0,0,0,1,1,6,1,14,3,-1,-1,-1,3,1
201401JC30655,1,1,0,18,0,8,0,0,0,0,1,1,6,1,38,7,-1,-1,-1,3,1
201401JC30655,2,9,0,9,0,8,0,0,0,0,4,1,6,3,-1,-1,-1,-1,-1,-1,-1
201401JC30657,1,21,0,18,0,8,0,0,0,0,4,1,1,1,45,7,-1,-1,-1,-1,1
201401JC30657,2,9,0,12,0,8,0,0,0,0,3,1,6,2,42,7,-1,-1,-1,6,1
201401JC30657,3,19,0,18,0,8,0,0,0,0,1,1,1,1,23,5,1399,2,6,9,1
201401JC30658,1,5,0,18,0,8,0,0,0,0,1,1,1,1,48,8,955,1,9,-1,-1
201401JC30658,2,8,0,9,0,8,0,0,0,0,4,1,6,3,-1,-1,1596,1,9,-1,-1
201401JC30659,1,1,0,18,4,8,0,10,1,0,1,1,6,1,49,8,-1,-1,-1,4,1
201401JC30659,2,9,0,9,0,8,0,0,0,0,4,1,6,1,-1,-1,999,1,13,-1,-1
201401JC30660,1,9,0,9,0,8,0,0,0,0,4,1,1,1,56,9,1497,1,9,2,1
201401JC30660,2,1,0,18,0,8,0,0,0,0,1,1,2,1,32,6,-1,-1,-1,3,1
201401JC30662,1,9,0,3,0,0,0,0,0,0,2,1,2,1,29,6,1956,2,3,4,1
201401JC30662,2,9,0,3,0,0,0,0,0,0,2,1,1,1,48,8,2997,1,11,3,1
201401JC30662,3,9,0,4,0,0,0,0,0,0,1,1,1,1,50,8,-1,-1,-1,-1,-1
201401JC30663,1,19,0,3,0,1,0,0,0,0,2,1,1,1,27,6,-1,-1,-1,2,1
201401JC30663,2,2,0,18,0,1,1,0,0,0,1,1,6,1,18,4,-1,-1,-1,-1,-1
201401JC30664,1,9,0,18,0,2,0,0,0,0,3,1,6,1,40,7,1598,1,12,1,1
201401JC30664,2,9,0,13,0,2,0,0,0,0,4,1,6,1,-1,-1,-1,-1,-1,6,1
201401JC30665,1,1,0,6,0,2,0,0,0,0,3,1,6,1,23,5,-1,-1,-1,3,1
201401JC30665,2,9,0,1,0,2,0,0,0,0,2,1,6,3,-1,-1,998,1,14,-1,-1
201401JC30666,1,1,0,18,0,0,0,4,0,0,1,1,6,1,31,6,-1,-1,-1,1,1
201401JC30666,2,11,0,2,0,0,0,0,0,0,2,1,1,1,47,8,-1,-1,-1,2,1
201401JC30667,1,19,0,14,0,0,0,0,0,0,1,1,1,1,27,6,2143,2,1,1,1
201401JC30668,1,9,0,18,0,8,0,0,0,0,1,1,6,2,34,6,2148,2,8,4,1
201401JC30668,2,9,0,9,0,8,0,0,0,0,3,1,6,1,51,8,1753,2,10,5,1
201401JC30669,1,9,0,18,0,0,0,4,0,0,1,1,6,1,24,5,998,1,-1,1,1
201401JC30669,2,9,0,2,0,0,0,0,0,0,4,1,6,1,36,7,1248,1,2,-1,-1
201401JC30669,3,9,0,2,0,0,0,0,0,0,3,1,6,2,-1,-1,-1,-1,-1,2,1
201401JC30669,4,9,0,2,0,0,0,0,0,0,3,1,6,1,50,8,1198,1,3,2,1
201401JC30670,1,3,0,3,0,2,0,0,0,0,2,1,6,1,17,4,124,1,4,4,1
201401JC30670,2,9,0,9,0,2,0,0,0,0,1,1,6,2,62,9,1229,1,3,3,1
201401JC30671,1,3,0,13,0,0,0,0,0,0,1,1,6,1,19,4,-1,-1,-1,-1,-1
201401JC30671,2,9,0,6,0,0,0,0,0,0,3,1,6,1,57,9,-1,-1,-1,9,1
201401JC30673,1,9,0,7,0,1,0,0,0,0,1,1,6,1,22,5,899,1,-1,2,1
201401JC30675,1,3,0,18,0,1,0,0,0,0,1,1,6,1,57,9,885,1,20,-1,1
201401JC30677,1,9,0,18,2,1,0,0,0,0,1,1,6,3,-1,-1,-1,-1,-1,-1,-1
201401JC30678,1,11,0,18,0,0,0,0,0,0,0,1,1,1,31,6,4461,2,-1,1,1
201401JC30679,1,9,0,18,0,0,0,0,0,0,1,1,6,1,-1,-1,-1,-1,-1,-1,-1
201401JC30680,1,9,0,1,0,1,0,0,0,0,2,1,6,1,75,10,1896,2,10,2,1
201401JC30682,1,1,0,18,0,1,0,0,0,0,1,1,6,1,-1,-1,-1,-1,-1,3,1
201401JC30683,1,9,0,3,0,2,0,0,0,0,2,1,2,1,58,9,1590,1,10,6,3
201401JC30683,2,9,0,18,0,2,0,0,0,0,1,1,2,2,22,5,1198,1,1,2,1
201401JC30684,1,9,0,9,0,8,0,0,0,0,3,1,1,1,40,7,1997,2,6,1,1
201401JC30684,2,9,0,18,0,8,0,0,0,0,1,1,6,1,25,5,1910,2,5,1,1
201401JC30685,1,1,0,18,0,2,0,0,0,0,3,1,6,1,22,5,-1,-1,-1,1,1
201401JC30685,2,20,0,13,0,2,0,0,0,0,4,1,6,3,-1,-1,2402,2,9,-1,-1
201401JC30686,1,9,0,15,0,8,0,0,0,0,1,1,6,1,20,4,1390,1,5,-1,-1
201401JC30686,2,19,0,9,0,8,0,0,0,0,4,1,6,1,36,7,-1,-1,-1,-1,-1
201401JC30687,1,9,0,18,0,8,0,0,0,0,4,1,6,2,24,5,1390,1,11,1,1
201401JC30687,2,9,0,7,0,8,0,0,0,0,1,1,6,1,-1,-1,1956,2,2,-1,-1
201401JC30689,1,9,0,18,0,0,0,0,0,0,1,1,6,3,-1,-1,-1,-1,-1,-1,-1
201401JC30690,1,9,0,18,0,0,0,0,0,0,3,1,6,1,-1,-1,2497,1,8,9,1
201401JC30690,2,9,0,5,0,0,0,0,0,0,1,1,6,3,-1,-1,1596,1,7,-1,-1
201401JC30691,1,9,0,3,0,0,0,0,0,0,2,1,1,2,38,7,1956,2,3,4,1
201401JC30691,2,19,0,5,0,0,0,0,0,0,1,1,6,1,-1,-1,2198,2,7,5,1
201401JC30694,1,9,0,18,0,0,0,0,0,0,2,1,6,1,19,4,1198,1,-1,5,1
201401JC30694,2,9,0,18,0,0,0,0,0,0,1,1,6,3,-1,-1,-1,-1,-1,-1,-1
201401JC30695,1,9,0,3,0,0,0,0,0,0,2,1,1,1,37,7,-1,-1,-1,-1,-1
201401JC30695,2,9,0,3,0,0,0,0,0,0,2,1,1,2,55,8,1329,1,1,4,1
201401JC30695,3,9,0,18,0,0,0,0,0,0,1,1,6,1,27,6,-1,-1,-1,2,1
201401JC30696,1,11,0,18,0,1,0,0,0,0,4,1,1,1,20,4,-1,-1,-1,2,1
201401JC30697,1,9,0,18,0,0,0,0,0,0,1,1,6,1,28,6,1560,2,8,1,1
201401JC30698,1,5,0,14,0,1,0,0,0,0,1,1,6,1,35,6,942,1,-1,5,1
201401JC30699,1,11,0,17,0,8,0,0,0,0,0,1,1,1,59,9,4500,2,2,4,1
201401JC30700,1,9,0,9,0,8,0,0,0,0,0,1,6,3,-1,-1,-1,-1,-1,-1,-1
201401JC30700,2,1,0,18,0,1,0,0,0,0,3,1,6,2,34,6,-1,-1,-1,-1,-1
201401JC30701,1,4,0,18,0,8,0,0,0,0,1,1,2,1,40,7,125,1,-1,3,1
201401JC30701,2,9,0,9,0,8,0,0,0,0,1,1,2,1,54,8,-1,-1,-1,2,1
201401JC30702,1,3,0,18,0,0,1,10,1,0,1,1,2,1,39,7,-1,-1,-1,4,1
201401JC30703,1,1,0,15,4,1,0,8,0,0,1,1,6,1,29,6,-1,-1,-1,2,1
201401JC30703,2,9,0,3,0,1,0,0,0,0,4,1,6,3,-1,-1,-1,-1,-1,-1,-1
201401JC30704,1,9,0,9,0,8,0,0,0,0,1,1,6,1,-1,-1,1198,1,12,-1,-1
201401JC30704,2,9,0,18,0,8,0,0,0,0,1,1,6,2,-1,-1,3311,8,6,-1,-1
201401JC30704,3,9,0,2,0,2,0,0,0,0,3,1,6,1,39,7,1997,1,15,4,1
201401JC30705,1,9,0,3,0,8,0,0,0,0,4,1,6,2,35,6,1400,1,15,3,1
201401JC30705,2,1,0,18,0,8,0,0,1,1,1,1,1,1,30,6,-1,-1,-1,2,1
201401JC30706,1,9,0,18,0,8,0,0,0,0,4,1,6,1,29,6,1388,1,5,4,1
201401JC30707,1,3,0,18,0,0,0,0,0,0,3,1,6,1,47,8,125,1,8,4,1
201401JC30708,1,9,0,18,0,1,0,0,0,0,1,1,6,1,41,7,1398,1,13,-1,-1
201401JC30709,1,9,0,9,0,8,0,0,0,0,3,1,6,2,59,9,1124,1,10,6,1
201401JC30709,2,9,0,18,0,8,0,0,0,0,1,1,6,1,59,9,1984,1,-1,5,1
201401JC30710,1,9,0,3,0,1,0,0,0,0,2,1,2,1,36,7,-1,-1,-1,2,1
201401JC30710,2,9,0,18,0,1,0,0,0,0,1,1,6,3,-1,-1,-1,-1,-1,-1,-1
201401JC30711,1,9,0,9,0,1,0,0,0,0,4,1,6,1,43,7,-1,-1,-1,2,1
201401JC30712,1,9,0,4,0,1,0,0,0,0,2,1,6,1,38,7,1995,2,2,-1,-1
201401JC30712,2,9,0,18,0,1,0,0,0,0,1,1,6,1,52,8,3311,8,6,3,1
201401JC30713,1,9,0,18,0,8,0,0,0,0,1,1,6,1,18,4,1299,1,10,6,1
201401JC30713,2,9,0,9,0,8,0,0,0,0,4,1,6,2,58,9,1686,2,1,4,1
201401JC30714,1,2,0,18,0,8,1,0,0,0,1,1,1,1,24,5,-1,-1,-1,2,1
201401JC30714,2,9,0,18,0,8,0,0,0,0,3,1,6,3,-1,-1,-1,-1,-1,-1,-1
201401JC30715,1,9,0,3,0,0,0,0,0,0,3,1,6,1,30,6,1598,1,10,2,1
201401JC30715,2,3,0,14,0,0,0,8,0,0,1,1,6,1,22,5,124,1,3,1,1
201401JC30716,1,9,0,3,0,0,0,0,0,0,3,1,6,1,49,8,-1,-1,-1,1,1
201401JC30716,2,5,0,18,0,0,0,8,0,0,4,1,2,1,35,6,600,1,8,8,1
201401JC30716,3,9,0,3,0,0,0,0,0,0,2,1,2,1,62,9,3387,1,7,7,1
201401JC30717,1,9,0,17,0,0,0,0,0,0,1,1,1,1,57,9,1364,2,1,3,1
201401JC30717,2,4,0,17,0,0,0,0,0,0,2,1,1,1,24,5,-1,-1,-1,3,1
201401JC30718,1,9,0,4,0,1,0,0,0,0,4,1,2,2,51,8,2148,2,6,3,1
201401JC30719,1,9,0,3,0,0,0,0,0,0,2,1,1,2,41,7,1386,1,2,2,1
201401JC30719,2,9,0,3,0,0,0,0,0,0,1,1,6,1,44,7,1910,2,11,4,1
201401JC30719,3,19,0,18,0,0,0,0,0,0,1,1,1,1,64,9,2402,2,5,3,1
201401JC30721,1,9,0,5,0,0,0,4,0,0,1,1,6,1,25,5,998,1,16,1,1
201401JC30721,2,9,0,2,0,0,0,0,0,0,1,1,6,1,-1,-1,-1,-1,-1,-1,-1
201401JC30721,3,9,0,2,0,0,0,0,0,0,2,1,6,3,-1,-1,1796,1,13,-1,-1
201401JC30721,4,9,0,2,0,0,0,0,0,0,4,1,6,1,-1,-1,1240,1,9,-1,-1
201401JC30723,1,9,0,18,0,2,0,0,0,0,1,1,6,1,36,7,1390,1,16,2,1
201401JC30723,2,9,0,3,0,2,0,0,0,0,2,1,6,1,39,7,1598,1,10,2,1
201401JC30725,1,9,0,18,0,8,0,0,0,0,4,1,6,3,-1,-1,-1,-1,-1,-1,-1
201401JC30726,1,9,0,5,0,1,0,0,0,0,4,1,6,3,-1,-1,-1,-1,-1,-1,-1
201401JC30726,2,1,0,18,0,1,0,0,0,0,3,1,6,1,24,5,-1,-1,-1,2,1
201401JC30727,1,9,0,4,0,2,0,0,0,0,2,1,6,2,39,7,1598,1,7,9,1
201401JC30727,2,9,0,18,0,2,0,0,0,0,1,1,6,1,-1,-1,1360,1,13,-1,-1
201401JC30728,1,9,0,9,0,8,0,0,0,0,3,1,6,2,38,7,-1,-1,-1,3,1
201401JC30728,2,9,0,14,0,8,0,0,0,0,1,1,6,2,56,9,-1,-1,-1,6,1
201401JC30729,1,9,0,14,0,1,0,0,0,0,1,1,1,1,52,8,1997,2,1,2,1
201401JC30730,1,1,0,18,0,1,0,0,0,0,3,1,6,2,39,7,-1,-1,-1,3,1
201401JC30730,2,11,0,13,0,1,0,0,0,0,4,1,6,3,-1,-1,-1,-1,-1,-1,-1
201401JC30732,1,9,0,4,0,0,0,0,0,0,2,1,6,1,59,9,1598,1,7,2,1
201401JC30732,2,9,0,18,0,0,0,0,0,0,1,1,6,1,-1,-1,2461,2,7,-1,-1
201401JC30733,1,9,0,4,0,1,1,0,0,0,4,1,1,1,-1,-1,-1,-1,-1,-1,-1
201401JC30734,1,9,0,18,0,8,0,0,0,0,1,1,6,2,40,7,1796,1,9,1,1
201401JC30734,2,9,0,18,0,8,0,0,0,0,3,1,6,2,36,7,1390,1,3,4,1
201401JC30734,3,9,0,10,0,1,0,0,0,0,1,1,6,1,42,7,-1,-1,-1,4,1
201401JC30737,1,9,0,18,0,1,0,0,0,0,1,1,6,2,30,6,1497,1,12,5,1
201401JC30737,2,11,0,18,0,2,0,0,0,0,1,1,1,1,26,6,-1,-1,-1,5,1
201401JC30740,1,9,0,18,0,1,0,0,0,0,1,1,6,2,22,5,2148,2,5,3,1
201401JC30740,2,9,0,10,0,1,0,0,0,0,2,1,1,1,44,7,-1,-1,-1,-1,-1
201401JC30741,1,1,0,18,0,8,0,0,0,0,3,1,6,1,31,6,-1,-1,-1,2,1
201401JC30741,2,20,0,18,0,5,0,0,0,0,1,1,6,1,-1,-1,-1,-1,-1,-1,-1
201401JC30742,1,9,0,18,0,8,0,0,0,0,4,1,6,1,22,5,1781,1,14,2,1
201401JC30742,2,9,0,7,0,8,0,0,0,0,1,1,6,1,60,9,-1,-1,-1,2,1
201401JC30743,1,9,0,1,0,0,0,0,0,0,2,1,6,2,39,7,1995,1,13,-1,-1
201401JC30744,1,8,0,18,0,2,0,0,0,0,4,1,6,1,37,7,2402,2,9,8,1
201401JC30746,1,1,0,18,0,1,0,0,0,0,1,1,6,1,32,6,-1,-1,-1,1,1
201401JC30747,1,9,0,4,0,0,0,0,0,0,2,1,6,1,37,7,1560,2,1,-1,-1
201401JC30747,2,9,0,4,0,0,0,0,0,0,1,1,6,2,43,7,1988,1,14,2,1
201401JC30748,1,9,0,5,0,8,0,0,0,0,3,1,6,1,45,7,1590,1,13,1,1
201401JC30748,2,1,0,17,0,8,0,0,0,0,1,1,6,1,39,7,-1,-1,-1,-1,-1
201401JC30749,1,9,0,18,0,0,0,0,0,0,2,1,6,1,48,8,1783,1,11,6,1
201401JC30749,2,9,0,18,0,0,0,0,0,0,1,1,6,1,40,7,1388,1,11,2,1
201401JC30749,3,9,0,18,0,0,0,1,0,0,1,1,6,1,21,5,-1,-1,-1,2,1
201401JC30751,1,9,0,4,0,1,0,0,0,0,1,1,6,2,36,7,1397,1,13,1,1
201401JC30751,2,9,0,3,0,1,0,0,0,0,2,1,1,1,37,7,-1,-1,-1,-1,-1
201401JC30753,1,3,0,14,0,8,0,0,0,0,4,1,6,1,46,8,-1,-1,-1,-1,-1
201401JC30753,2,9,0,9,0,8,0,0,0,0,1,1,1,1,37,7,1242,1,-1,2,1
201401JC30756,1,3,0,17,0,1,0,0,0,0,4,1,1,1,36,7,125,1,2,2,1
201401JC30756,2,9,0,17,0,1,0,10,0,0,1,1,6,1,34,6,1598,1,6,3,1
201401JC30757,1,9,0,6,0,0,0,0,0,0,3,1,6,1,27,6,-1,-1,-1,1,1
201401JC30757,2,1,0,14,0,0,0,0,0,0,1,1,6,1,48,8,-1,-1,-1,8,1
201401JC30758,1,9,0,18,0,1,0,0,0,0,4,1,1,1,64,9,-1,-1,-1,2,1
201401JC30759,1,9,0,13,0,0,0,0,0,0,1,1,6,1,31,6,-1,-1,-1,4,1
201401JC30759,2,9,0,6,0,0,0,0,0,0,3,1,6,1,29,6,1997,2,3,-1,-1
201401JC30760,1,1,0,18,0,1,0,0,0,0,3,1,6,1,49,8,-1,-1,-1,2,1
201401JC30760,2,9,0,18,0,1,0,0,0,0,4,1,6,3,-1,-1,-1,-1,-1,-1,-1
201401JC30761,1,9,0,5,0,8,0,0,0,0,1,1,6,2,34,6,1360,1,7,3,1
201401JC30761,2,3,0,18,0,8,0,0,0,0,4,1,6,1,19,4,125,1,9,-1,1
201401JC30762,1,9,0,7,0,1,0,0,0,0,3,1,6,2,41,7,-1,-1,-1,3,1
201401JC30762,2,9,0,11,0,1,0,0,0,0,4,1,6,3,-1,-1,1956,2,1,-1,-1
201401JC30763,1,9,0,5,0,8,0,0,0,0,3,1,6,2,22,5,1598,1,-1,3,1
201401JC30763,2,9,0,11,0,8,0,0,0,0,4,1,6,1,-1,-1,1896,2,6,-1,-1
201401JC30764,1,9,0,3,0,0,0,0,0,0,2,1,6,2,71,10,1296,1,8,2,1
201401JC30764,2,9,0,18,0,0,1,11,0,0,1,1,6,1,47,8,1689,2,10,7,1
201401JC30765,1,9,0,3,0,2,0,0,0,0,1,1,6,2,44,7,1587,1,12,2,1
201401JC30765,2,20,0,1,0,2,0,0,0,0,2,1,6,1,-1,-1,-1,-1,-1,-1,-1
201401JC30766,1,9,0,3,0,0,0,0,0,0,4,1,3,1,32,6,1229,1,7,4,1
201401JC30766,2,1,0,15,0,0,0,8,0,0,1,1,6,1,35,6,-1,-1,-1,8,1
201401JC30767,1,9,0,9,0,8,0,0,0,0,1,1,1,1,53,8,1984,1,4,4,1
201401JC30767,2,1,0,18,0,8,0,0,0,0,4,1,1,1,44,7,-1,-1,-1,5,2
201401JC30769,1,3,0,18,0,8,0,0,0,0,3,1,6,1,55,8,125,1,11,-1,-1
201401JC30769,2,9,0,9,0,8,0,0,0,0,0,1,6,1,27,6,1997,1,13,3,1
201401JC30770,1,9,0,18,0,1,0,0,0,0,1,1,6,1,44,7,1242,1,11,2,1
201401JC30771,1,9,0,5,0,0,0,0,0,0,3,1,6,1,22,5,-1,-1,-1,1,1
201401JC30771,2,4,0,14,0,0,0,0,0,0,1,1,6,1,29,6,-1,-1,-1,1,1