Accident_Index,Vehicle_Reference,Vehicle_Type,Towing_and_Articulation,Vehicle_Manoeuvre,Vehicle_Location-Restricted_Lane,Junction_Location,Skidding_and_Overturning,Hit_Object_in_Carriageway,Vehicle_Leaving_Carriageway,Hit_Object_off_Carriageway,1st_Point_of_Impact,Was_Vehicle_Left_Hand_Drive?,Journey_Purpose_of_Driver,Sex_of_Driver,Age_of_Driver,Age_Band_of_Driver,Engine_Capacity_(CC),Propulsion_Code,Age_of_Vehicle,Driver_IMD_Decile,Driver_Home_Area_Type
201401JC30773,1,9,0,18,0,1,0,0,0,0,1,1,6,1,76,11,1596,1,10,4,1
201401JC30773,2,1,0,18,0,5,0,0,0,0,3,1,6,1,10,2,-1,-1,-1,4,1
201401JC30774,1,9,0,18,0,1,0,0,0,0,1,1,6,1,28,6,2295,1,15,2,1
201401JC30775,1,9,0,9,0,8,0,0,0,0,4,1,1,1,64,9,1398,2,9,6,1
201401JC30775,2,3,0,18,0,8,0,0,0,0,1,1,1,1,29,6,107,1,-1,1,1
201401JC30776,1,11,0,5,0,0,0,0,0,0,0,1,1,1,52,8,6692,2,5,4,1
201401JC30778,1,9,0,18,0,0,0,0,0,0,3,1,6,3,-1,-1,-1,-1,-1,-1,-1
201401JC30779,1,19,0,14,0,1,0,0,0,0,4,1,1,1,58,9,1998,2,10,6,1
201401JC30780,1,9,0,18,0,1,0,0,0,0,1,1,6,3,-1,-1,-1,-1,-1,-1,-1
201401JC30782,1,8,0,3,0,0,0,0,0,0,4,1,1,2,27,6,1497,8,6,3,1
201401JC30782,2,9,0,18,0,0,0,0,0,0,1,1,6,3,-1,-1,-1,-1,-1,-1,-1
201401JC30783,1,9,0,3,0,8,0,0,0,0,2,1,6,1,34,6,1995,2,11,-1,-1
201401JC30783,2,9,0,14,0,8,0,0,0,0,1,1,6,3,-1,-1,1685,2,-1,-1,-1
201401JC30784,1,2,0,18,0,8,0,0,0,0,1,1,6,1,21,5,124,1,11,2,1
201401JC30784,2,9,0,9,0,8,0,0,0,0,3,1,6,1,23,5,3246,1,9,4,1
201401JC30785,1,9,0,18,0,8,0,0,0,0,4,1,6,2,38,7,1242,1,4,3,1
201401JC30785,2,9,0,9,0,8,0,0,0,0,1,1,6,2,48,8,1360,1,13,1,1
201401JC30787,1,3,0,14,0,2,0,0,0,0,1,1,6,1,18,4,102,1,7,2,1
201401JC30788,1,1,0,7,4,8,0,0,0,0,3,1,6,1,31,6,-1,-1,-1,3,1
201401JC30788,2,9,0,15,0,8,0,0,0,0,4,1,6,1,-1,-1,1868,2,15,-1,-1
201401JC30789,1,9,0,4,0,1,0,0,0,0,2,1,6,1,32,6,1985,1,11,2,1
201401JC30789,2,9,0,18,0,1,0,0,0,0,1,1,6,3,-1,-1,1995,1,6,-1,-1
201401JC30790,1,9,0,4,0,1,0,0,0,0,2,1,6,1,36,7,1598,1,9,2,1
201401JC30790,2,1,0,18,0,1,0,0,0,0,1,1,6,1,49,8,-1,-1,-1,2,1
201401JC30791,1,9,0,5,0,8,0,0,0,0,1,1,6,1,48,8,-1,-1,-1,10,1
201401JC30791,2,1,0,18,0,8,0,0,0,0,4,1,6,2,41,7,-1,-1,-1,-1,-1
201401JC30792,1,9,0,1,0,0,0,0,0,0,2,1,6,3,-1,-1,-1,-1,-1,-1,-1
201401JC30793,1,9,0,4,0,1,0,0,0,0,2,1,1,1,23,5,1399,1,9,5,1
201401JC30793,2,9,0,18,0,1,0,0,0,0,1,1,6,1,23,5,-1,-1,-1,1,1
201401JC30794,1,9,0,18,0,1,0,0,0,0,3,1,6,2,45,7,1240,1,9,2,1
201401JC30794,2,9,0,14,0,2,0,0,0,0,3,1,6,1,-1,-1,1896,2,11,-1,-1
201401JC30795,1,11,0,4,0,1,0,0,0,0,3,1,1,1,56,9,-1,-1,-1,6,1
201401JC30795,2,9,0,13,0,1,0,0,0,0,4,1,6,1,22,5,1968,2,9,2,1
201401JC30795,3,9,0,18,0,2,0,0,0,0,1,1,6,1,33,6,1590,1,11,2,1
201401JC30797,1,9,0,18,0,0,0,4,1,10,1,1,6,1,43,7,2987,2,7,4,1
201401JC30797,2,9,0,2,0,0,0,0,0,0,4,1,6,1,39,7,1388,1,8,2,1
201401JC30797,3,9,0,2,0,0,0,0,0,0,2,1,6,1,72,10,-1,-1,-1,2,1
201401JC30798,1,9,0,7,0,2,0,0,0,0,2,1,6,2,43,7,1998,2,9,7,1
201401JC30798,2,9,0,7,0,2,0,0,0,0,1,1,6,1,48,8,1598,2,-1,7,1
201401JC30799,1,9,0,18,0,2,0,0,0,0,2,1,6,1,68,10,1998,2,7,8,2
201401JC30799,2,3,0,18,0,2,0,0,0,0,1,1,1,2,20,4,49,1,2,4,1
201401JC30801,1,9,0,18,0,2,0,0,0,0,1,1,6,1,46,8,1596,1,12,1,1
201401JC30803,1,9,0,18,0,1,0,4,0,0,1,1,6,1,31,6,1397,1,11,4,1
201401JC30803,2,9,0,2,0,1,0,0,0,0,4,1,6,3,-1,-1,1598,1,1,-1,-1
201401JC30803,3,9,0,2,0,1,0,0,0,0,4,1,6,3,-1,-1,2776,2,11,-1,-1
201401JC30803,4,9,0,2,0,1,0,0,0,0,4,1,6,1,-1,-1,1587,1,8,7,1
201401JC30804,1,9,0,6,0,0,0,0,0,0,2,1,6,1,71,10,1590,1,12,2,1
201401JC30804,2,1,0,15,0,0,0,0,0,0,3,1,6,1,22,5,-1,-1,-1,3,1
201401JC30806,1,9,0,18,0,1,0,0,0,0,1,1,6,3,-1,-1,1560,2,8,-1,-1
201401JC30807,1,9,0,18,0,8,0,0,0,0,4,1,6,1,47,8,1598,1,9,7,1
201401JC30807,2,9,0,9,0,8,0,0,0,0,1,1,6,2,28,6,-1,-1,-1,3,1
201401JC30808,1,9,0,18,0,0,0,0,0,0,4,1,1,2,39,7,1560,2,10,6,1
201401JC30808,2,9,0,18,0,0,0,0,0,0,3,1,6,1,35,6,1598,1,10,3,1
201401JC30808,3,9,0,9,0,0,0,0,0,0,1,1,6,1,-1,-1,-1,-1,-1,-1,-1
201401JC30810,1,9,0,18,0,1,0,0,0,0,2,1,6,2,38,7,1598,1,3,1,1
201401JC30810,2,9,0,18,0,1,0,0,0,0,1,1,6,3,-1,-1,1796,1,11,-1,-1
201401JC30814,1,9,0,18,0,1,0,0,0,0,1,1,1,1,42,7,1497,8,6,1,1
201401JC30817,1,9,0,16,0,2,0,0,0,0,2,1,6,1,53,8,1910,2,8,7,1
201401JC30817,2,9,0,18,0,2,0,0,0,0,1,1,6,1,19,4,1598,2,-1,1,1
201401JC30818,1,9,0,7,0,2,0,0,0,0,3,1,1,1,-1,-1,1388,1,14,3,1
201401JC30818,2,9,0,13,0,2,0,0,0,0,4,1,6,2,-1,-1,1781,1,10,-1,-1
201401JC30819,1,5,0,14,0,8,0,0,0,0,1,1,2,1,43,7,745,1,-1,7,1
201401JC30820,1,9,0,18,0,1,0,0,0,0,4,1,3,2,19,4,1242,1,8,8,1
201401JC30822,1,8,0,18,0,1,0,0,0,0,1,1,1,1,-1,-1,2499,2,4,4,1
201401JC30822,2,9,0,3,0,1,0,0,0,0,2,1,6,3,-1,-1,-1,-1,-1,-1,-1
201401JC30823,1,19,0,18,0,1,0,0,0,0,1,1,1,1,49,8,2198,2,1,-1,-1
201401JC30823,2,11,0,18,0,1,0,0,0,0,1,1,1,1,25,5,8268,2,11,3,1
201401JC30824,1,9,0,18,0,1,0,0,0,0,1,1,6,2,47,8,1560,2,-1,2,1
201401JC30825,1,1,0,18,2,8,0,0,0,0,3,1,6,1,39,7,-1,-1,-1,7,1
201401JC30825,2,9,0,7,0,8,0,0,0,0,4,1,6,3,-1,-1,-1,-1,-1,-1,-1
201401JC30826,1,11,0,18,2,1,0,0,0,0,1,1,1,1,47,8,9000,2,5,3,1
201401JC30826,2,9,0,7,0,8,0,0,0,0,4,1,6,1,25,5,1798,1,10,7,1
201401JC30827,1,9,0,18,0,1,0,0,0,0,1,1,6,2,28,6,1199,1,12,2,1
201401JC30829,1,9,0,3,0,1,0,0,0,0,2,1,6,2,44,7,1400,1,8,2,1
201401JC30829,2,9,0,4,0,1,0,0,0,0,2,1,6,1,26,6,-1,-1,-1,2,1
201401JC30829,3,9,0,18,0,1,0,0,0,0,1,1,6,2,30,6,1299,1,13,1,1
201401JC30830,1,9,0,4,0,0,0,0,0,0,2,1,2,2,41,7,1390,1,8,2,1
201401JC30830,2,9,0,4,0,0,0,0,0,0,2,1,6,2,36,7,1598,1,16,7,3
201401JC30830,3,9,0,18,0,0,0,0,0,0,1,1,6,2,27,6,1229,1,-1,-1,-1
201401JC30831,1,19,0,18,0,1,0,0,0,0,1,1,1,1,39,7,3920,2,1,2,1
201401JC30831,2,19,0,18,0,1,0,0,0,0,2,1,1,1,64,9,-1,-1,-1,2,1
201401JC30832,1,11,0,5,0,2,0,0,0,0,3,1,1,2,49,8,6696,2,1,1,1
201401JC30833,1,1,0,18,4,2,0,0,0,0,1,1,2,1,26,6,-1,-1,-1,1,1
201401JC30833,2,8,0,5,0,2,0,0,0,0,3,1,1,1,-1,-1,1497,1,5,-1,-1
201401JC30834,1,9,0,16,0,8,1,0,0,0,1,1,6,1,21,5,3200,1,11,6,1
201401JC30834,2,9,0,17,0,8,0,0,0,0,1,1,6,1,63,9,1300,1,14,4,1
201401JC30835,1,9,0,5,0,8,0,0,0,0,3,1,6,1,25,5,-1,-1,-1,3,1
201401JC30835,2,9,0,9,0,8,0,0,0,0,4,1,6,1,34,6,1896,2,7,2,1
201401JC30836,1,9,0,18,0,1,0,0,0,0,3,1,2,2,49,8,-1,-1,-1,9,1
201401JC30837,1,19,0,1,0,0,0,0,0,0,2,1,1,1,26,6,2198,2,3,5,1
201401JC30838,1,19,0,9,0,8,0,0,0,0,3,1,1,1,37,7,2402,2,4,2,1
201401JC30840,1,9,0,18,0,8,0,0,0,0,1,1,6,1,52,8,1998,1,8,1,1
201401JC30840,2,5,0,18,0,8,0,0,0,0,4,1,2,1,54,8,-1,-1,-1,3,1
201401JC30841,1,9,0,5,0,1,0,0,0,0,4,1,3,1,38,7,1797,8,3,-1,1
201401JC30842,1,9,0,9,0,2,0,0,0,0,1,1,6,1,46,8,1497,8,7,3,1
201401JC30843,1,9,4,5,0,8,0,0,0,0,3,1,6,1,37,7,-1,-1,-1,5,1
201401JC30843,2,9,0,5,0,8,0,0,0,0,4,1,6,3,-1,-1,-1,-1,-1,-1,-1
201401JC30845,1,9,0,18,0,2,0,0,0,0,2,1,1,1,51,8,-1,-1,-1,-1,-1
201401JC30845,2,9,0,3,0,2,0,0,0,0,2,1,6,2,44,7,1198,1,-1,3,1
201401JC30845,3,9,0,18,0,2,0,0,0,0,1,1,6,3,-1,-1,1686,2,9,-1,-1
201401JC30846,1,90,0,18,0,8,0,0,0,0,1,1,1,1,42,7,-1,-1,-1,-1,-1
201401JC30846,2,9,0,18,0,8,0,0,0,0,3,1,6,2,32,6,1998,2,-1,2,1
201401JC30849,1,9,0,18,0,1,0,0,0,0,1,1,6,1,59,9,1596,1,10,2,1
201401JC30849,2,19,0,18,0,2,0,0,0,0,1,1,1,1,42,7,4461,2,5,2,1
201401JC30850,1,9,0,3,0,1,0,0,0,0,2,1,2,2,46,8,1598,1,1,4,1
201401JC30850,2,19,0,18,0,1,0,0,0,0,1,1,6,3,-1,-1,-1,-1,-1,-1,-1
201401JC30852,1,3,0,14,0,0,0,0,0,0,1,1,6,1,26,6,124,1,10,6,1
201401JC30853,1,9,0,18,0,0,0,0,0,0,4,1,6,1,21,5,1968,2,3,7,1
201401JC30853,2,9,0,18,0,0,0,0,0,0,4,1,6,3,-1,-1,-1,-1,-1,-1,-1
201401JC30853,3,20,0,18,0,0,0,0,0,0,1,1,6,3,-1,-1,-1,-1,-1,-1,-1
201401JC30856,1,9,0,7,0,2,0,0,0,0,1,1,1,1,46,8,4398,1,12,7,1
201401JC30858,1,5,0,9,0,8,0,0,0,0,3,1,6,1,26,6,600,1,14,2,1
201401JC30858,2,9,0,14,0,8,0,0,0,0,1,1,6,1,48,8,-1,-1,-1,2,1
201401JC30859,1,9,0,18,0,8,0,0,0,0,3,1,6,2,25,5,-1,-1,-1,2,1
201401JC30859,2,9,0,11,0,8,0,0,0,0,4,1,6,3,-1,-1,-1,-1,-1,-1,-1
201401JC30860,1,9,0,18,0,1,0,4,0,0,4,1,6,1,49,8,1998,1,8,5,1
201401JC30860,2,9,0,2,0,1,0,0,0,0,3,1,6,1,39,7,1360,1,10,5,1
201401JC30861,1,9,0,9,0,8,0,0,0,0,4,1,6,1,42,7,2664,2,10,1,1
201401JC30861,2,1,0,15,0,8,0,0,0,0,1,1,6,1,20,4,-1,-1,-1,1,1
201401JC30863,1,9,0,18,0,0,0,0,0,0,3,1,6,2,34,6,1995,2,4,6,1
201401JC30863,2,19,0,6,0,0,0,0,0,0,1,1,6,1,-1,-1,2148,2,8,-1,-1
201401JC30864,1,17,0,7,0,1,0,0,0,0,4,1,1,1,59,9,-1,-1,-1,1,1
201401JC30864,2,4,0,18,0,1,0,0,0,0,3,1,1,1,-1,-1,125,1,-1,3,1
201401JC30866,1,9,0,9,0,1,0,0,0,0,2,1,6,1,46,8,1598,1,1,1,1
201401JC30866,2,3,0,18,0,1,0,0,0,0,1,1,6,1,-1,-1,108,1,2,-1,-1
201401JC30867,1,9,0,3,0,1,0,0,0,0,2,1,6,1,47,8,1995,2,12,3,1
201401JC30867,2,3,0,18,0,1,0,0,0,0,1,1,6,3,-1,-1,125,1,10,-1,-1
201401JC30868,1,5,0,18,0,1,0,0,0,0,1,1,6,1,26,6,-1,-1,-1,2,1
201401JC30868,2,9,0,18,0,2,0,0,0,0,3,1,6,2,40,7,2926,2,12,-1,-1
201401JC30870,1,3,0,18,0,2,0,0,0,0,4,1,2,1,27,6,125,1,2,3,1
201401JC30871,1,9,0,18,0,1,0,0,0,0,3,1,2,1,38,7,1598,1,14,1,1
201401JC30873,1,9,0,18,0,2,0,0,1,0,1,1,6,1,20,4,1998,2,8,2,1
201401JC30873,2,9,0,7,0,2,0,0,0,0,2,1,6,1,42,7,1598,1,13,2,1
201401JC30875,1,9,0,14,0,0,0,0,0,0,1,1,6,3,-1,-1,-1,-1,-1,-1,-1
201401JC30877,1,3,0,18,0,1,0,0,0,0,4,1,6,1,47,8,125,1,-1,3,1
201401JC30878,1,8,0,18,0,8,0,0,0,0,1,1,6,1,26,6,1398,1,-1,1,1
201401JC30878,2,9,0,17,0,8,0,0,0,0,4,1,1,1,43,7,-1,-1,-1,9,1
201401JC30880,1,9,0,3,0,0,0,0,0,0,2,1,6,1,-1,-1,3199,1,11,-1,-1
201401JC30880,2,9,0,4,0,0,0,0,0,0,1,1,6,2,-1,-1,1596,1,9,-1,-1
201401JC30881,1,9,0,9,0,8,0,0,0,0,4,1,6,1,42,7,1497,1,10,2,1
201401JC30881,2,1,0,18,0,8,0,0,0,0,1,1,6,1,34,6,-1,-1,-1,1,1
201401JC30883,1,3,0,14,0,0,0,0,0,0,1,1,1,1,28,6,-1,-1,-1,8,1
201401JC30883,2,9,0,12,0,0,0,0,0,0,3,1,1,1,21,5,1199,1,12,2,1
201401JC30884,1,9,0,18,0,1,0,0,0,0,4,1,2,1,-1,-1,-1,-1,-1,4,1
201401JC30885,1,19,0,18,0,8,0,0,0,0,1,1,2,1,46,8,-1,-1,-1,7,1
201401JC30885,2,9,0,3,0,8,0,0,0,0,4,1,2,2,27,6,1497,8,9,3,1
201401JC30886,1,9,0,18,0,1,0,0,0,0,4,1,6,3,-1,-1,-1,-1,-1,-1,-1
201401JC30888,1,9,0,9,0,8,0,0,0,0,4,1,6,2,44,7,1242,1,-1,3,1
201401JC30888,2,9,0,18,0,8,0,0,0,0,1,1,6,1,-1,-1,1598,1,10,2,1
201401JC30889,1,9,0,9,0,8,0,0,0,0,4,1,6,2,42,7,1796,1,8,2,1
201401JC30889,2,1,0,15,0,8,0,0,0,0,1,1,6,1,22,5,-1,-1,-1,3,1
201401JC30890,1,9,0,4,0,0,0,0,0,0,2,1,6,2,29,6,1200,1,-1,4,1
201401JC30890,2,9,0,18,0,0,0,0,0,0,1,1,6,1,22,5,1560,2,7,2,1
201401JC30892,1,9,0,4,0,1,0,0,0,0,2,1,2,1,45,7,2993,2,9,3,1
201401JC30892,2,9,0,18,0,1,0,0,0,0,1,1,6,2,43,7,3456,8,6,3,1
201401JC30895,1,1,0,18,0,1,0,0,0,0,3,1,6,2,31,6,-1,-1,-1,3,1
201401JC30895,2,19,0,7,0,5,0,0,0,0,4,1,6,1,64,9,2300,2,9,-1,-1
201401JC30896,1,9,0,18,0,0,0,0,0,0,2,1,6,1,28,6,1797,8,4,4,1
201401JC30896,2,9,0,18,0,0,0,0,0,0,1,1,6,1,37,7,1995,1,3,3,1
201401JC30896,3,9,0,18,0,0,0,0,0,0,1,1,6,1,34,6,1749,1,12,2,1
201401JC30897,1,3,0,18,0,0,0,0,0,0,3,1,6,1,40,7,124,1,11,2,1
201401JC30898,1,9,0,18,0,0,0,0,0,0,3,1,6,1,31,6,1997,1,4,-1,-1
201401JC30898,2,9,0,9,0,0,0,0,0,0,1,1,6,3,-1,-1,-1,-1,-1,-1,-1
201401JC30899,1,9,0,4,0,1,0,0,0,0,1,1,6,1,27,6,-1,-1,-1,4,1
201401JC30900,1,9,0,2,0,1,0,0,0,0,4,1,6,2,39,7,-1,-1,-1,-1,-1
201401JC30900,2,9,0,18,0,1,0,4,0,0,4,1,6,1,-1,-1,-1,-1,-1,-1,-1
201401JC30903,1,9,0,4,0,0,0,0,0,0,2,1,2,2,46,8,1360,1,5,3,1
201401JC30903,2,9,0,4,0,0,0,0,0,0,1,1,6,1,-1,-1,1497,1,10,1,1
201401JC30904,1,9,0,14,0,0,0,0,0,0,4,1,6,1,60,9,1198,1,-1,2,1
201401JC30904,2,9,0,5,0,0,0,0,0,0,3,1,6,2,51,8,1388,1,2,3,1
201401JC30905,1,9,0,17,0,8,0,0,0,0,3,1,1,1,49,8,1497,8,5,2,1
201401JC30905,2,9,0,11,0,8,0,0,0,0,4,1,6,1,23,5,1599,1,5,3,1
201401JC30906,1,9,0,4,0,0,0,0,0,0,2,1,6,1,41,7,3199,1,11,3,1
201401JC30906,2,90,0,18,0,0,0,0,0,0,1,1,1,1,41,7,-1,-1,-1,-1,-1
201401JC30907,1,9,0,15,0,0,0,0,0,0,1,1,6,1,25,5,-1,-1,-1,2,1
201401JC30907,2,19,0,18,0,0,0,0,0,0,4,1,6,1,28,6,2402,2,7,4,1
201401JC30909,1,9,0,17,0,8,0,0,0,0,3,1,6,2,43,7,1794,1,9,7,1
201401JC30909,2,3,0,18,0,8,0,0,0,0,1,1,6,1,18,4,125,1,2,1,1
201401JC30910,1,9,0,18,0,0,0,0,0,0,1,1,6,1,-1,-1,1422,2,-1,2,1
201401JC30910,2,9,0,4,0,0,0,0,0,0,2,1,6,1,44,7,-1,-1,-1,2,1
201401JC30911,1,9,0,9,0,8,0,0,0,0,1,1,1,1,50,8,1753,2,6,-1,-1
201401JC30911,2,2,0,18,0,8,0,0,0,0,3,1,1,1,34,6,50,1,6,1,1
201401JC30912,1,9,0,9,0,8,0,0,0,0,4,1,6,1,55,8,3222,2,9,3,1
201401JC30912,2,3,0,18,0,8,0,0,0,0,1,1,1,1,22,5,85,1,18,3,1
201401JC30913,1,9,0,9,0,8,0,0,0,0,1,1,6,2,28,6,1399,1,11,3,1
201401JC30913,2,9,0,18,2,8,0,0,0,0,1,1,6,1,-1,-1,1995,1,10,2,1
201401JC30914,1,11,0,14,2,2,0,0,0,0,1,1,1,1,55,8,-1,-1,-1,3,1
201401JC30915,1,5,0,9,0,8,0,0,0,0,4,1,1,1,26,6,645,1,7,5,1
201401JC30915,2,9,0,18,0,8,0,0,0,0,1,1,6,3,-1,-1,1400,1,6,-1,-1
201401JC30916,1,9,0,9,0,8,0,0,0,0,4,1,6,2,27,6,-1,-1,-1,1,1
201401JC30916,2,2,0,15,0,8,0,0,0,0,1,1,6,1,17,4,85,1,15,3,1
201401JC30917,1,1,0,10,0,8,0,0,0,0,4,1,6,1,45,7,-1,-1,-1,2,1
201401JC30917,2,19,0,18,0,8,0,0,0,0,3,1,6,3,-1,-1,-1,-1,-1,-1,-1
201401JC30919,1,1,0,18,4,8,0,0,0,0,1,1,6,1,24,5,-1,-1,-1,2,1
201401JC30919,2,9,0,9,0,8,0,0,0,0,4,1,6,3,-1,-1,1896,2,10,-1,-1
201401JC30920,1,1,0,18,2,8,0,0,0,0,1,1,6,2,22,5,-1,-1,-1,4,1
201401JC30920,2,9,0,9,0,8,0,0,0,0,4,1,6,3,-1,-1,1796,7,9,-1,-1
201401JC30921,1,9,0,18,0,8,0,0,0,0,1,1,6,2,32,6,1781,1,12,3,1
201401JC30921,2,9,0,9,0,8,0,0,0,0,4,1,6,1,19,4,1560,2,3,-1,1
201401JC30921,3,8,0,18,0,1,0,0,0,0,1,1,6,1,58,9,2231,2,7,2,1
201401JC30922,1,9,0,18,0,1,0,0,0,0,2,1,6,1,30,6,1598,1,3,1,1
201401JC30922,2,19,0,18,0,1,0,0,0,0,1,1,6,3,-1,-1,1995,2,6,-1,-1
201401JC30923,1,9,0,5,0,8,0,0,0,0,1,1,6,3,-1,-1,-1,-1,-1,-1,-1
201401JC30924,1,3,0,18,0,1,0,0,0,0,3,1,6,1,23,5,125,1,10,2,1
201401JC30924,2,9,0,13,0,1,0,0,0,0,4,1,6,3,-1,-1,-1,-1,-1,-1,-1
201401JC30925,1,9,0,3,0,1,0,0,0,0,4,1,6,1,32,6,1896,2,9,-1,-1
201401JC30925,2,9,0,18,0,1,0,10,1,2,3,1,6,3,-1,-1,1584,1,9,-1,-1
201401JC30927,1,11,0,18,0,8,0,0,0,0,1,1,6,1,51,8,6696,2,1,4,1
201401JC30928,1,1,0,17,0,8,0,0,0,0,3,1,2,2,34,6,-1,-1,-1,3,1
201401JC30928,2,9,0,18,0,8,0,0,0,0,0,1,6,1,-1,-1,-1,-1,-1,2,1
201401JC30929,1,9,0,18,0,1,0,0,0,0,1,1,6,1,25,5,1390,1,13,3,1
201401JC30932,1,9,0,3,0,1,0,0,0,0,2,1,6,1,35,6,1399,2,10,5,1
201401JC30932,2,19,0,18,0,1,0,0,0,0,1,1,6,2,-1,-1,1995,2,1,-1,-1
201401JC30934,1,9,0,18,0,0,1,0,2,7,4,1,2,1,22,5,1798,1,13,1,1
201401JC30934,2,9,0,18,0,0,0,0,0,0,3,1,6,2,45,7,1598,1,13,7,1
201401JC30938,1,19,0,7,0,2,0,0,0,0,1,1,6,1,47,8,-1,-1,-1,1,1
201401JC30946,1,9,0,18,0,8,0,0,0,0,4,1,6,2,29,6,2143,2,2,2,1
201401JC30946,2,9,0,18,0,8,0,0,0,0,1,1,6,2,56,9,1124,1,10,7,1
201401JC30950,1,1,0,18,0,1,0,0,0,0,2,1,6,1,36,7,-1,-1,-1,4,1
201401JC30950,2,9,0,13,0,1,0,0,0,0,1,1,6,3,-1,-1,-1,-1,-1,-1,-1
201401JI40001,1,9,0,6,0,1,0,0,0,0,3,1,6,1,18,4,1198,1,4,10,1
201401JI40001,2,9,0,18,0,1,0,0,0,0,1,1,6,2,51,8,-1,-1,-1,9,2
201401JI40002,1,9,0,2,0,0,0,0,0,0,2,1,6,1,32,6,1582,2,1,3,1
201401JI40002,2,19,0,5,0,0,0,0,0,0,1,1,6,1,-1,-1,1598,2,1,-1,-1
201401JI40004,1,9,0,9,0,8,0,0,0,0,3,1,6,2,41,7,1956,2,1,6,1
201401JI40004,2,11,0,9,0,8,0,0,0,0,3,1,1,1,47,8,4500,2,7,-1,1
201401JI40005,1,9,0,10,0,1,0,0,0,0,2,1,6,1,61,9,1386,1,6,5,1
201401JI40005,2,9,0,18,0,1,0,0,0,0,1,1,6,3,-1,-1,-1,-1,-1,-1,-1
201401JI40006,1,9,0,1,0,8,0,0,0,0,2,1,6,2,26,6,999,1,7,8,1
201401JI40006,2,1,0,18,0,8,0,0,0,0,3,1,6,1,9,2,-1,-1,-1,6,1
201401JI40007,1,9,0,9,0,0,0,0,0,0,4,1,6,1,30,6,1956,2,1,2,1
201401JI40007,2,9,0,18,0,0,0,0,0,0,1,1,6,2,19,4,1796,2,1,5,1
201401JI40008,1,21,0,9,0,8,0,0,0,0,1,1,6,2,62,9,-1,-1,-1,7,1
201401JI40008,2,1,0,18,0,8,0,0,0,0,1,1,6,1,45,7,-1,-1,-1,6,1
201401JI40009,1,9,0,18,0,8,0,0,0,0,3,1,6,2,30,6,1390,1,12,4,1
201401JI40009,2,9,0,18,0,8,0,0,0,0,1,1,6,3,-1,-1,1796,1,14,-1,-1
201401JI40010,1,9,0,3,0,1,0,0,0,0,2,1,6,1,19,4,-1,-1,-1,-1,-1
201401JI40010,2,9,0,5,0,1,0,0,0,0,1,1,6,1,35,6,2143,2,1,-1,1
201401JI40012,1,9,0,18,0,6,0,0,0,0,3,1,6,2,21,5,1242,1,4,6,1
201401JI40012,2,9,0,7,0,5,0,0,0,0,3,1,6,1,41,7,1992,2,7,9,1
201401JI40013,1,9,0,4,0,0,0,0,0,0,2,1,6,1,67,10,1596,1,7,8,1
201401JI40013,2,9,0,18,0,0,0,0,0,0,1,1,6,1,23,5,-1,-1,-1,9,1
201401JI40014,1,9,0,9,0,8,0,0,0,0,1,1,6,1,50,8,1998,2,9,7,1
201401JI40015,1,9,0,18,0,8,0,0,0,0,4,1,6,1,36,7,1600,1,8,-1,-1
201401JI40015,2,9,0,18,0,8,0,0,0,0,1,1,6,1,26,6,1796,1,9,6,1
201401JI40015,3,9,0,3,0,1,0,0,0,0,1,1,6,2,39,7,1896,2,9,5,1
201401JI40016,1,9,0,9,0,5,0,0,0,0,3,1,6,1,23,5,1242,1,12,6,1
201401JI40016,2,9,0,13,0,1,0,0,0,0,1,1,1,1,25,5,-1,-1,-1,-1,-1
201401JI40017,1,3,0,18,0,0,0,0,0,0,4,1,1,2,23,5,125,1,1,2,1
201401JI40017,2,9,0,18,0,0,0,0,0,0,2,1,1,1,27,6,1560,2,3,2,1
201401JI40018,1,9,0,4,0,0,0,0,0,0,2,1,6,1,50,8,1560,2,4,7,1
201401JI40018,2,9,0,18,0,0,0,0,0,0,1,1,6,3,-1,-1,-1,-1,-1,-1,-1
201401JI40019,1,9,0,18,0,1,0,0,0,0,1,1,6,3,-1,-1,-1,-1,-1,-1,-1
201401JI40020,1,9,0,5,0,1,0,0,0,0,1,1,6,2,33,6,1598,1,7,7,1
201401JI40020,2,9,0,5,0,1,0,0,0,0,2,1,6,1,-1,-1,-1,-1,-1,9,1
201401JI40022,1,9,0,18,0,1,0,0,0,0,3,1,6,1,34,6,1997,2,13,2,1
201401JI40022,2,9,0,18,0,1,0,0,0,0,4,1,6,3,-1,-1,-1,-1,-1,-1,-1
201401JI40023,1,9,0,18,0,2,0,0,0,0,1,1,6,3,-1,-1,1796,1,7,-1,-1
201401JI40024,1,9,0,18,0,1,0,0,0,0,2,1,6,1,44,7,-1,-1,-1,5,1
201401JI40024,2,8,0,18,0,1,0,0,0,0,1,1,1,1,22,5,2402,2,11,2,1
201401JI40025,1,9,0,9,0,8,0,0,0,0,0,1,6,2,24,5,1388,1,6,10,1
201401JI40025,2,8,0,18,0,8,0,0,0,0,0,1,1,1,71,10,2402,2,11,-1,-1
201401JI40027,1,9,0,18,9,5,0,0,0,0,1,1,6,3,-1,-1,-1,-1,-1,-1,-1
201401JI40028,1,9,0,7,0,0,0,0,0,0,2,1,6,2,54,8,1388,1,11,6,1
201401JI40028,2,19,0,18,0,0,0,0,0,0,1,1,6,1,-1,-1,2148,2,7,5,1
201401JI40030,1,11,0,5,0,1,0,0,0,0,0,1,6,1,54,8,9360,2,3,1,1
201401JI40031,1,5,0,14,0,1,0,0,0,0,4,1,6,1,44,7,599,1,8,1,1
201401JI40031,2,9,0,9,0,5,0,0,0,0,1,1,6,1,42,7,1794,1,10,3,1
201401JI40032,1,9,0,9,0,8,0,0,0,0,4,1,6,2,29,6,2698,2,8,1,1
201401JI40032,2,9,0,18,0,8,0,0,0,0,1,1,6,2,24,5,1390,1,8,2,1
201401JI40033,1,9,0,9,0,8,0,0,0,0,2,1,6,1,19,4,1995,1,13,2,1