Accident_Index,Vehicle_Reference,Vehicle_Type,Towing_and_Articulation,Vehicle_Manoeuvre,Vehicle_Location-Restricted_Lane,Junction_Location,Skidding_and_Overturning,Hit_Object_in_Carriageway,Vehicle_Leaving_Carriageway,Hit_Object_off_Carriageway,1st_Point_of_Impact,Was_Vehicle_Left_Hand_Drive?,Journey_Purpose_of_Driver,Sex_of_Driver,Age_of_Driver,Age_Band_of_Driver,Engine_Capacity_(CC),Propulsion_Code,Age_of_Vehicle,Driver_IMD_Decile,Driver_Home_Area_Type
201401JI40381,1,9,0,2,0,0,0,0,0,0,3,1,6,1,46,8,1242,1,13,4,1
201401JI40381,2,1,0,18,0,0,0,8,0,0,4,1,6,1,34,6,-1,-1,-1,5,1
201401JI40382,1,9,0,9,0,8,0,0,0,0,1,1,6,1,36,7,2180,2,20,3,1
201401JI40382,2,11,0,18,0,8,0,0,0,0,4,1,1,1,39,7,-1,-1,-1,2,1
201401JI40383,1,19,0,9,0,2,0,0,0,0,1,1,1,1,40,7,-1,-1,-1,3,1
201401JI40385,1,9,0,18,0,1,0,0,0,0,1,1,6,2,39,7,1968,2,7,5,1
201401JI40386,1,9,0,3,0,1,0,0,0,0,2,1,1,1,-1,-1,-1,-1,-1,-1,-1
201401JI40386,2,9,0,3,0,1,0,0,0,0,2,1,6,2,49,8,1360,1,11,5,1
201401JI40386,3,9,0,3,0,1,0,0,0,0,2,1,1,1,43,7,-1,-1,-1,2,1
201401JI40386,4,9,0,18,0,1,0,0,0,0,1,1,6,3,33,6,2198,1,6,2,1
201401JI40387,1,9,0,18,0,8,0,0,0,0,1,1,3,1,34,6,1900,2,8,3,1
201401JI40387,2,9,0,9,0,8,0,0,0,0,3,1,2,1,25,5,1598,1,9,5,1
201401JI40388,1,9,0,9,0,1,0,0,0,0,1,1,1,2,27,6,998,1,5,5,1
201401JI40388,2,9,0,18,0,1,0,0,0,0,4,1,1,1,30,6,1800,1,15,1,1
201401JI40389,1,1,0,15,0,2,0,8,0,0,1,1,2,1,47,8,-1,-1,-1,-1,-1
201401JI40389,2,9,0,3,0,2,0,0,0,0,4,1,6,2,32,6,1339,1,9,2,1
201401JI40390,1,9,0,3,0,1,0,0,0,0,2,1,6,1,37,7,1248,2,10,3,1
201401JI40390,2,9,0,4,0,1,0,0,0,0,2,1,6,2,45,7,1968,2,8,5,1
201401JI40390,3,9,0,18,0,1,0,0,0,0,1,1,6,3,-1,-1,-1,-1,-1,-1,-1
201401JI40391,1,9,0,18,0,1,0,4,0,0,1,1,1,1,22,5,1390,1,15,3,1
201401JI40391,2,9,0,2,0,1,0,0,0,0,2,1,6,2,53,8,1598,1,8,5,1
201401JI40392,1,5,0,18,0,0,0,0,0,0,3,1,6,1,26,6,599,1,4,5,1
201401JI40392,2,9,0,6,0,0,0,0,0,0,1,1,6,1,20,4,1598,1,9,2,1
201401JI40393,1,9,0,13,0,0,0,0,0,0,1,1,6,1,-1,-1,3246,1,11,6,1
201401JI40393,2,9,0,18,0,0,0,0,6,0,3,1,6,2,26,6,1587,1,11,-1,1
201401JI40393,3,9,0,18,0,0,0,0,0,0,2,1,2,1,60,9,1998,1,22,2,1
201401JI40394,1,8,0,5,0,0,0,0,0,0,3,1,6,1,29,6,1896,2,12,7,1
201401JI40394,2,3,0,18,0,0,0,0,0,0,4,1,1,1,25,5,125,1,10,4,1
201401JI40395,1,9,0,16,0,8,0,0,0,0,3,1,6,1,31,6,1794,1,14,4,1
201401JI40395,2,9,0,16,0,8,0,0,0,0,4,1,6,2,-1,-1,1242,1,1,-1,-1
201401JI40396,1,9,0,5,0,8,0,0,0,0,3,1,6,1,36,7,1598,1,10,2,1
201401JI40396,2,5,0,18,0,8,0,0,0,0,2,1,6,1,24,5,124,1,1,5,1
201401JI40397,1,11,0,17,0,8,0,0,0,0,2,1,1,1,63,9,4500,2,7,3,1
201401JI40397,2,1,0,18,0,8,0,0,0,0,1,1,6,1,25,5,-1,-1,-1,5,1
201401JI40398,1,9,0,5,0,8,0,0,0,0,1,1,2,1,35,6,1995,2,10,3,1
201401JI40399,1,9,0,1,0,2,0,0,0,0,2,1,6,1,40,7,1796,1,12,6,1
201401JI40400,1,4,0,18,0,8,0,0,0,0,1,1,6,1,28,6,-1,-1,-1,10,3
201401JI40400,2,9,0,9,0,8,0,0,0,0,3,1,6,2,44,7,1598,1,1,6,1
201401JI40402,1,9,0,18,0,0,0,0,0,0,4,1,6,1,19,4,1399,1,4,4,1
201401JI40402,2,1,0,12,0,0,0,0,0,0,3,1,6,1,33,6,-1,-1,-1,2,1
201401JI40403,1,9,0,5,0,1,0,0,0,0,3,1,6,1,38,7,1910,2,8,5,1
201401JI40403,2,9,0,18,0,1,0,0,0,0,4,1,6,1,36,7,1796,1,14,-1,1
201401JI40404,1,3,0,15,0,1,0,8,0,0,1,1,6,1,51,8,400,1,3,6,1
201401JI40404,2,8,0,3,0,1,0,0,0,0,3,1,6,1,60,9,1590,1,9,5,1
201401JI40404,3,9,0,3,0,1,0,0,0,0,4,1,6,1,49,8,-1,-1,-1,3,1
201401JI40405,1,9,0,18,0,1,0,0,0,0,2,1,3,2,37,7,1339,1,10,1,1
201401JI40405,2,9,0,18,0,1,0,0,0,0,1,1,6,3,-1,-1,-1,-1,-1,-1,-1
201401JI40407,1,9,0,4,0,1,0,0,0,0,1,1,6,1,34,6,1998,1,7,5,1
201401JI40407,2,9,0,3,0,1,0,0,0,0,2,1,2,2,32,6,1995,1,8,-1,-1
201401JI40408,1,9,0,4,0,0,0,0,0,0,2,1,3,2,51,8,1598,1,7,2,1
201401JI40408,2,9,0,18,0,0,0,0,0,0,1,1,6,2,77,11,1596,1,12,4,1
201401JI40409,1,1,0,17,0,1,0,0,0,0,4,1,6,1,29,6,-1,-1,-1,4,1
201401JI40409,2,11,0,17,0,1,0,0,0,0,0,1,1,3,-1,-1,-1,-1,-1,-1,-1
201401JI40410,1,9,0,18,0,1,0,10,0,0,3,1,6,2,23,5,-1,-1,-1,-1,-1
201401JI40410,2,9,0,18,0,2,0,0,0,0,3,1,6,3,-1,-1,-1,-1,-1,-1,-1
201401JI40412,1,5,0,18,0,0,1,0,0,0,4,1,6,1,34,6,599,1,10,4,1
201401JI40412,2,9,0,18,0,0,0,0,0,0,1,1,6,3,-1,-1,-1,-1,-1,-1,-1
201401JI40413,1,9,0,18,0,8,0,4,0,0,3,1,6,2,18,4,1360,1,10,-1,1
201401JI40413,2,9,0,18,0,8,0,0,0,0,1,1,6,3,-1,-1,1900,2,9,-1,-1
201401JI40413,3,9,0,2,0,1,0,0,0,0,1,1,6,3,-1,-1,-1,-1,-1,-1,-1
201401JI40415,1,8,0,5,0,2,0,0,0,0,4,1,1,1,37,7,1997,1,10,-1,-1
201401JI40416,1,4,0,3,0,1,0,0,0,0,2,1,1,1,62,9,499,1,14,-1,-1
201401JI40416,2,19,0,18,0,1,0,0,0,0,1,1,2,2,50,8,2148,2,9,3,1
201401JI40418,1,9,0,3,0,1,0,0,0,0,2,1,6,1,38,7,1794,1,12,2,1
201401JI40418,2,9,0,3,0,1,0,0,0,0,2,1,6,2,44,7,1598,2,2,10,3
201401JI40418,3,9,0,18,0,1,0,0,0,0,1,1,6,1,-1,-1,-1,-1,-1,10,1
201401JI40419,1,9,0,3,0,1,0,0,0,0,2,1,6,2,54,8,1360,1,12,2,1
201401JI40419,2,9,0,18,0,1,0,0,0,0,1,1,6,1,-1,-1,1390,1,13,-1,-1
201401JI40420,1,9,0,3,0,0,0,0,0,0,2,1,6,2,40,7,1797,8,4,5,1
201401JI40420,2,9,0,3,0,0,0,0,0,0,2,1,1,1,46,8,1248,2,5,-1,-1
201401JI40420,3,9,0,18,0,0,0,0,0,0,1,1,6,1,62,9,2259,1,14,5,1
201401JI40421,1,9,0,4,0,0,0,0,0,0,2,1,6,1,44,7,1896,2,10,3,1
201401JI40421,2,5,0,4,0,0,0,0,0,0,1,1,6,1,48,8,998,1,3,3,1
201401JI40422,1,9,0,18,0,0,0,0,0,0,3,1,6,2,25,5,1343,1,11,2,1
201401JI40422,2,9,0,11,0,0,0,0,0,0,4,1,6,3,-1,-1,-1,-1,-1,-1,-1
201401JI40423,1,9,0,9,0,2,0,0,0,0,3,1,6,1,-1,-1,1686,2,3,-1,-1
201401JI40424,1,9,0,18,0,1,0,0,0,0,1,1,6,3,-1,-1,-1,-1,-1,-1,-1
201401JI40425,1,3,0,18,0,0,0,0,0,0,1,1,6,1,27,6,-1,-1,-1,-1,-1
201401JI40425,2,9,0,2,0,0,0,0,0,0,3,1,6,1,-1,-1,2295,1,15,2,1
201401JI40427,1,20,0,11,0,0,0,0,0,0,1,1,1,1,50,8,-1,-1,-1,1,1
201401JI40427,2,9,0,13,0,0,0,0,0,0,3,1,2,1,34,6,1998,1,10,2,1
201401JI40429,1,9,0,18,0,1,0,0,1,0,1,1,1,1,45,7,-1,-1,-1,3,1
201401JI40429,2,20,0,11,0,1,0,0,0,0,2,1,1,2,43,7,-1,-1,-1,7,1
201401JI40430,1,9,0,6,0,0,0,0,0,0,3,1,3,2,29,6,-1,-1,-1,2,1
201401JI40430,2,9,0,18,0,0,0,0,0,0,1,1,3,2,39,7,1990,1,11,3,1
201401JI40432,1,9,0,18,0,0,0,0,0,0,2,1,6,2,37,7,1598,1,12,4,1
201401JI40432,2,9,0,18,0,0,0,0,0,0,1,1,6,1,53,8,4398,1,13,2,1
201401JI40432,3,9,0,18,0,0,0,0,0,0,1,1,6,2,34,6,1560,2,2,9,2
201401JI40432,4,9,0,4,0,0,0,0,0,0,1,1,1,1,38,7,-1,-1,-1,1,1
201401JI40433,1,8,0,18,0,8,0,0,0,0,1,1,1,1,38,7,1998,2,7,3,1
201401JI40433,2,9,0,18,0,8,0,0,0,0,3,1,6,1,36,7,2776,2,9,4,1
201401JI40434,1,9,0,18,0,0,0,0,0,0,2,1,6,1,28,6,1397,1,13,5,1
201401JI40434,2,9,0,18,0,0,0,0,0,0,1,1,6,1,28,6,1870,2,11,3,1
201401JI40435,1,9,0,3,0,0,0,0,0,0,2,1,2,2,38,7,1461,2,3,4,1
201401JI40435,2,9,0,18,0,0,0,0,0,0,1,1,6,1,-1,-1,-1,-1,-1,-1,-1
201401JI40436,1,9,0,18,0,0,0,0,0,0,4,1,6,1,34,6,1995,2,11,5,1
201401JI40436,2,9,0,9,0,0,0,0,0,0,3,1,6,1,-1,-1,1686,2,17,-1,-1
201401JI40437,1,9,0,3,0,1,0,0,0,0,2,1,6,2,28,6,1685,2,2,3,1
201401JI40437,2,9,0,18,0,1,0,0,0,0,1,1,6,2,-1,-1,1598,1,14,-1,-1
201401JI40438,1,9,0,18,0,1,1,0,0,0,1,1,6,1,73,10,1389,1,18,2,1
201401JI40438,2,19,0,4,0,1,0,0,0,0,2,1,1,1,34,6,1461,2,2,-1,-1
201401JI40439,1,9,0,4,0,1,0,0,0,0,2,1,6,1,58,9,3226,2,12,10,1
201401JI40439,2,8,0,18,0,1,0,0,0,0,1,1,1,1,39,7,2143,2,2,1,1
201401JI40445,1,9,0,18,0,8,0,0,0,0,4,1,6,1,48,8,1248,2,6,7,1
201401JI40445,2,9,0,9,0,8,0,0,0,0,1,1,6,2,55,8,-1,-1,-1,6,1
201401JI40446,1,9,0,3,0,0,0,0,0,0,2,1,6,1,48,8,1399,2,10,5,1
201401JI40446,2,9,0,5,0,0,0,0,0,0,1,1,6,1,19,4,973,1,12,4,1
201401JI40447,1,9,0,18,0,1,0,0,0,0,1,1,6,3,-1,-1,-1,-1,-1,-1,-1
201401JI40448,1,9,0,7,0,0,0,0,0,0,4,1,6,3,-1,-1,-1,-1,-1,-1,-1
201401JI40448,2,1,0,18,0,0,0,0,0,0,3,1,6,1,35,6,-1,-1,-1,7,1
201401JI40449,1,9,0,7,0,1,0,0,0,0,2,1,6,2,27,6,1596,1,12,3,1
201401JI40449,2,9,0,7,0,1,0,0,0,0,1,1,6,1,43,7,-1,-1,-1,8,1
201401JI40450,1,9,0,18,0,1,0,0,0,0,4,1,6,2,28,6,2776,2,8,3,1
201401JI40450,2,9,0,9,0,6,0,0,0,0,1,1,6,2,25,5,1595,1,5,-1,-1
201401JI40452,1,9,0,7,0,2,0,0,0,0,1,1,6,3,-1,-1,-1,-1,-1,-1,-1
201401JI40453,1,9,0,18,0,0,0,0,0,0,1,1,6,1,23,5,-1,-1,-1,-1,-1
201401JI40453,2,9,0,9,0,0,0,0,0,0,3,1,6,2,22,5,-1,-1,-1,1,1
201401JI40454,1,19,0,5,0,0,0,0,0,0,4,1,1,1,44,7,1910,2,8,3,1
201401JI40454,2,1,0,18,0,0,0,0,0,0,1,1,6,1,13,3,-1,-1,-1,-1,-1
201401JI40455,1,9,0,2,0,0,0,0,0,0,3,1,6,2,56,9,-1,-1,-1,7,1
201401JI40455,2,9,0,18,0,0,0,4,0,0,4,1,6,2,48,8,-1,-1,-1,3,1
201401JI40456,1,9,0,2,0,0,0,0,0,0,3,1,6,1,59,9,2148,2,9,5,1
201401JI40456,2,9,0,18,0,0,0,4,0,0,4,1,6,3,-1,-1,1686,2,10,-1,-1
201401JI40457,1,9,0,18,0,2,0,0,0,0,1,1,6,2,56,9,1596,1,10,3,1
201401JI40458,1,9,0,18,0,0,0,0,0,0,1,1,6,1,46,8,1596,1,12,2,1
201401JI40459,1,1,0,18,0,1,0,10,1,0,3,1,6,1,23,5,-1,-1,-1,-1,1
201401JI40459,2,19,0,13,0,1,0,0,0,0,4,1,6,3,-1,-1,-1,-1,-1,-1,-1
201401JI40460,1,9,0,17,0,8,0,0,0,0,1,1,2,1,39,7,1998,1,11,9,1
201401JI40460,2,9,0,14,0,8,0,0,0,0,1,1,6,2,38,7,2148,2,5,-1,-1
201401JI40461,1,9,0,9,0,8,0,0,0,0,4,1,6,1,55,8,1956,2,4,6,1
201401JI40461,2,9,0,18,0,8,0,0,0,0,1,1,2,1,43,7,1360,1,11,9,1
201401JI40462,1,9,0,3,0,1,0,0,0,0,4,1,6,1,29,6,1997,2,10,5,1
201401JI40462,2,1,0,15,0,1,0,0,0,0,1,1,6,1,36,7,-1,-1,-1,10,1
201401JI40463,1,9,0,18,0,1,0,0,0,0,1,1,6,1,23,5,1995,2,-1,1,1
201401JI40463,2,9,0,4,0,1,0,0,0,0,2,1,1,1,46,8,1896,2,8,2,1
201401JI40464,1,9,0,18,0,8,0,0,0,0,3,1,6,1,19,4,1598,1,8,7,1
201401JI40464,2,9,0,7,0,8,0,0,0,0,4,1,6,1,-1,-1,-1,-1,-1,-1,-1
201401JI40466,1,11,0,4,0,0,0,0,0,0,0,1,1,1,46,8,8268,2,11,-1,-1
201401JI40468,1,9,0,18,0,0,0,4,0,0,1,1,6,2,80,11,-1,-1,-1,2,1
201401JI40468,2,19,0,2,0,0,0,0,0,0,2,1,1,1,59,9,1753,2,7,3,1
201401JI40469,1,9,0,18,0,0,0,0,0,0,1,1,6,1,-1,-1,-1,-1,-1,-1,-1
201401JI40469,2,1,0,18,0,0,0,0,0,0,2,1,6,1,57,9,-1,-1,-1,6,1
201401JI40470,1,11,0,4,0,1,0,0,0,0,0,1,1,1,-1,-1,4500,2,3,8,1
201401JI40471,1,19,0,4,0,1,0,0,0,0,4,1,6,1,50,8,2198,2,8,5,1
201401JI40471,2,9,0,15,0,1,0,0,0,0,3,1,6,3,-1,-1,1753,2,10,-1,-1
201401JI40472,1,9,0,3,0,1,0,0,0,0,2,1,6,1,37,7,-1,-1,-1,-1,-1
201401JI40472,2,9,0,18,0,1,0,0,0,0,1,1,6,1,-1,-1,1596,1,7,-1,-1
201401JI40473,1,9,0,17,0,8,0,0,0,0,1,1,6,1,48,8,1461,2,2,4,1
201401JI40473,2,9,0,5,0,8,0,0,0,0,3,1,6,2,-1,-1,-1,-1,-1,-1,-1
201401JI40476,1,9,0,18,0,0,0,0,0,0,4,1,6,3,-1,-1,-1,-1,-1,-1,-1
201401JI40477,1,9,0,18,0,8,0,0,0,0,4,1,1,1,61,9,1896,2,7,2,1
201401JI40477,2,9,0,9,0,8,0,0,0,0,1,1,6,2,63,9,1598,1,11,6,1
201401JI40478,1,9,0,17,0,8,0,0,0,0,3,1,6,1,37,7,-1,-1,-1,2,1
201401JI40478,2,9,0,16,0,8,0,0,0,0,4,1,2,1,34,6,4164,2,7,4,1
201401JI40479,1,9,0,14,0,2,0,0,0,0,3,1,6,2,29,6,1896,2,6,5,1
201401JI40480,1,9,0,5,0,0,0,0,0,0,0,1,6,1,62,9,1870,2,11,6,1
201401JI40481,1,9,0,14,0,1,0,0,0,0,1,1,2,1,48,8,1968,2,3,5,1
201401JI40482,1,9,0,4,0,0,0,0,0,0,2,1,6,1,67,10,-1,-1,-1,2,1
201401JI40482,2,9,0,4,0,0,0,0,0,0,1,1,2,1,41,7,-1,-1,-1,1,1
201401JI40483,1,9,0,18,0,0,0,0,0,0,4,1,6,2,41,7,1796,1,18,2,1
201401JI40484,1,9,0,14,0,1,0,0,0,0,1,1,6,1,32,6,1986,1,4,8,1
201401JI40485,1,9,0,18,0,0,0,0,0,0,1,1,6,3,-1,-1,2997,1,15,-1,-1
201401JI40488,1,9,0,18,0,0,0,0,0,0,4,1,6,1,60,9,1998,1,9,2,1
201401JI40488,2,9,0,12,0,0,0,0,0,0,3,1,6,3,-1,-1,1598,1,10,-1,-1
201401JI40489,1,1,0,18,0,1,0,0,0,0,3,1,1,1,35,6,-1,-1,-1,3,1
201401JI40489,2,9,0,18,0,1,0,0,0,0,4,1,2,3,-1,-1,-1,-1,-1,-1,-1
201401JI40490,1,9,0,4,0,0,0,0,0,0,1,1,2,2,27,6,1198,1,12,5,1
201401JI40490,2,5,0,18,0,0,0,0,0,0,2,1,6,1,55,8,592,1,20,6,1
201401JI40491,1,9,0,5,0,8,0,0,0,0,3,1,6,1,24,5,2143,2,-1,-1,-1
201401JI40491,2,1,0,18,0,8,0,0,0,0,4,1,6,1,33,6,-1,-1,-1,4,1
201401JI40493,1,9,0,3,0,1,0,0,0,0,2,1,6,1,40,7,-1,-1,-1,8,1
201401JI40493,2,19,0,18,0,1,1,0,0,0,1,1,6,3,-1,-1,1998,2,8,-1,-1
201401JI40494,1,9,0,2,0,0,0,0,0,0,3,1,6,1,63,9,998,1,11,6,1
201401JI40494,2,9,0,1,0,0,0,4,0,0,1,1,6,3,-1,-1,2143,2,1,-1,-1
201401JI40495,1,9,0,9,0,8,0,0,0,0,3,1,6,2,33,6,-1,-1,-1,2,1
201401JI40495,2,5,0,18,0,8,1,0,0,0,3,1,6,1,22,5,-1,-1,-1,4,1
201401JI40496,1,9,0,5,0,8,0,0,0,0,2,1,2,1,26,6,1598,2,-1,8,2
201401JI40496,2,9,0,18,0,8,0,0,0,0,1,1,2,1,43,7,-1,-1,-1,1,1
201401JI40497,1,9,0,9,0,8,0,0,0,0,3,1,6,1,26,6,1396,1,3,3,1
201401JI40497,2,20,0,9,0,8,0,0,0,0,4,1,6,1,42,7,12900,2,6,3,1
201401JI40498,1,1,0,3,0,1,0,0,0,0,2,1,6,1,58,9,-1,-1,-1,3,1
201401JI40498,2,9,0,5,0,1,0,0,0,0,1,1,6,1,40,7,1390,1,2,-1,-1
201401JI40499,1,9,0,4,0,1,0,0,0,0,1,1,6,2,49,8,1498,1,13,-1,-1
201401JI40499,2,9,0,9,9,2,0,0,0,0,3,1,6,3,-1,-1,-1,-1,-1,-1,-1
201401JI40500,1,9,0,4,0,1,0,0,0,0,2,1,6,1,23,5,1368,1,5,-1,-1
201401JI40500,2,9,0,18,0,1,0,0,0,0,1,1,6,3,-1,-1,-1,-1,-1,-1,-1
201401JI40503,1,9,0,3,0,1,0,0,0,0,4,1,6,1,27,6,1995,2,12,3,1
201401JI40503,2,1,0,15,0,1,0,8,0,0,1,1,2,2,31,6,-1,-1,-1,-1,-1
201401JI40504,1,9,0,18,0,0,0,4,0,0,1,1,6,2,80,11,-1,-1,-1,7,1
201401JI40504,2,9,0,2,0,0,0,10,7,0,4,1,6,1,23,5,1242,1,8,4,1
201401JI40505,1,9,0,9,0,8,0,0,0,0,1,1,1,1,35,6,1910,2,8,10,1
201401JI40505,2,1,0,18,0,8,0,0,0,0,3,1,6,2,33,6,-1,-1,-1,4,1
201401JI40506,1,9,0,3,0,1,0,0,0,0,4,1,6,2,47,8,1589,1,15,6,1
201401JI40506,2,1,0,15,0,1,0,8,0,0,1,1,6,1,52,8,-1,-1,-1,6,1
201401JI40507,1,9,0,18,0,0,0,0,0,0,2,1,6,1,22,5,1598,2,2,3,1
201401JI40507,2,9,0,18,0,0,0,0,0,0,1,1,6,3,-1,-1,1149,1,12,-1,-1
201401JI40508,1,9,0,9,0,8,0,0,0,0,3,1,6,1,33,6,999,1,13,6,1
201401JI40508,2,19,0,18,0,8,0,0,0,0,4,1,6,2,43,7,-1,-1,-1,7,1
201401JI40508,3,9,0,18,0,8,0,0,0,0,1,1,6,1,26,6,1248,2,7,4,1
201401JI40509,1,9,0,9,0,2,0,0,0,0,1,1,6,2,48,8,1332,1,15,6,1
201401JI40512,1,9,0,18,0,8,0,4,7,0,4,1,6,1,27,6,1999,1,9,6,1
201401JI40512,2,9,0,9,0,8,0,2,3,0,1,1,6,1,38,7,1796,1,12,7,1
201401JI40512,3,9,0,2,0,2,0,0,0,0,3,1,6,3,-1,-1,2143,2,3,-1,-1
201401JI40512,4,9,0,2,0,2,0,0,0,0,2,1,6,3,-1,-1,1242,1,-1,-1,-1
201401JI40513,1,9,0,18,0,0,0,0,0,0,4,1,6,1,31,6,1590,1,15,4,1
201401JI40513,2,9,0,5,0,0,0,0,0,0,3,1,6,2,25,5,1399,2,10,-1,-1
201401JI40514,1,9,0,3,0,1,0,0,0,0,2,1,6,2,45,7,-1,-1,-1,7,1
201401JI40514,2,9,0,18,0,1,0,0,0,0,1,1,6,1,-1,-1,1242,1,6,-1,-1
201401JI40515,1,1,0,18,0,1,0,0,0,0,3,1,6,1,57,9,-1,-1,-1,3,1
201401JI40515,2,9,0,18,0,1,0,0,0,0,1,1,6,3,-1,-1,-1,-1,-1,-1,-1
201401JI40516,1,9,0,9,0,2,0,10,0,0,4,1,6,1,50,8,2143,2,4,-1,-1
201401JI40516,2,9,0,2,0,2,0,0,0,0,2,1,6,1,38,7,-1,-1,-1,-1,-1
201401JI40516,3,9,0,2,0,2,0,0,0,0,1,1,6,1,27,6,1796,1,9,-1,-1
201401JI40516,4,9,0,2,0,2,0,0,0,0,4,1,6,1,45,7,-1,-1,-1,7,1
201401JI40517,1,9,0,3,0,1,0,0,0,0,2,1,6,1,48,8,-1,-1,-1,2,1
201401JI40517,2,9,0,3,0,1,0,0,0,0,2,1,6,1,61,9,1796,1,11,7,1
201401JI40517,3,9,0,4,0,1,0,0,0,0,1,1,6,3,19,4,-1,-1,-1,9,1
201401JI40518,1,9,0,18,0,0,0,0,0,0,1,1,6,2,30,6,1390,1,11,6,1
201401JI40518,2,9,0,2,0,0,0,4,0,0,3,1,6,2,-1,-1,999,1,4,7,1
201401JI40519,1,9,0,18,0,1,0,0,0,0,1,1,6,1,66,10,-1,-1,-1,5,1
201401JI40519,2,9,0,18,0,1,0,0,0,0,1,1,6,2,22,5,-1,-1,-1,7,1
201401JI40520,1,9,0,9,0,8,0,0,0,0,3,1,6,2,22,5,1229,1,7,3,1
201401JI40520,2,9,0,14,0,8,0,0,0,0,1,1,6,1,-1,-1,-1,-1,-1,-1,-1
201401JI40521,1,11,0,5,0,0,0,0,0,0,4,1,1,1,51,8,6700,2,3,5,1
201401JI40522,1,9,0,18,0,0,0,0,0,0,1,1,1,1,34,6,-1,-1,-1,2,1
201401JI40522,2,5,0,18,0,0,0,0,0,0,1,1,6,1,24,5,645,1,9,4,1
201401JI40522,3,9,0,18,0,0,0,0,0,0,2,1,6,3,-1,-1,-1,-1,-1,-1,-1
201401JI40523,1,9,0,3,0,1,0,0,0,0,2,1,6,2,28,6,1896,2,11,6,1
201401JI40523,2,9,0,18,0,1,0,0,0,0,1,1,6,3,-1,-1,2720,2,8,-1,-1
201401JI40524,1,4,0,18,0,1,0,0,0,0,3,1,6,1,27,6,125,1,6,5,1
201401JI40524,2,9,0,18,0,1,0,0,0,0,0,1,6,2,35,6,1997,2,3,8,1
201401JI40526,1,9,0,1,0,2,0,0,0,0,2,1,6,2,47,8,1497,8,7,3,1
201401JI40528,1,9,0,7,0,1,0,0,0,0,2,1,6,1,38,7,1388,1,10,5,1
201401JI40528,2,9,0,18,0,1,0,0,0,0,1,1,6,3,-1,-1,-1,-1,-1,-1,-1
201401JI40529,1,9,0,9,0,0,0,0,0,0,4,1,6,1,28,6,995,1,10,3,1
201401JI40529,2,3,0,18,0,0,0,0,0,0,1,1,6,1,24,5,125,1,8,5,1
201401JI40530,1,9,0,4,0,0,0,0,0,0,2,1,6,1,53,8,1997,2,4,3,1
201401JI40530,2,9,0,11,0,0,2,0,0,0,1,1,6,2,-1,-1,-1,-1,-1,-1,-1
201401JI40530,3,9,0,4,0,0,0,0,0,0,2,1,6,2,18,4,998,1,6,2,1
201401JI40531,1,9,0,4,0,1,0,0,0,0,2,1,6,1,21,5,2143,2,3,-1,-1
201401JI40531,2,9,0,18,0,1,0,0,0,0,1,1,6,1,43,7,2499,1,3,-1,-1
201401JI40532,1,9,0,9,0,8,0,0,0,0,1,1,6,1,26,6,1560,2,3,-1,-1
201401JI40532,2,5,0,18,0,8,0,0,0,0,3,1,6,1,41,7,998,1,5,2,1
201401JI40533,1,9,0,18,0,1,0,0,0,0,3,1,6,1,51,8,1769,2,21,-1,-1
201401JI40534,1,9,0,2,0,0,0,0,0,0,2,1,6,2,28,6,1242,1,11,-1,1
201401JI40534,2,9,0,18,0,0,0,0,0,0,1,1,6,1,19,4,1149,1,10,6,1
201401JI40535,1,5,0,9,0,8,0,0,0,0,3,1,1,1,27,6,125,1,7,2,1
201401JI40536,1,1,0,18,0,8,0,0,0,0,4,1,6,2,60,9,-1,-1,-1,-1,-1
201401JI40536,2,9,0,5,0,8,0,0,0,0,1,1,6,3,-1,-1,-1,-1,-1,-1,-1
201401JI40537,1,9,0,18,0,1,0,0,0,0,1,1,6,2,44,7,-1,-1,-1,-1,1
201401JI40537,2,1,0,9,0,1,0,0,0,0,2,1,6,1,87,11,-1,-1,-1,4,1
201401JI40538,1,9,0,8,0,1,0,0,0,0,2,1,6,1,19,4,1461,2,-1,-1,1
201401JI40538,2,9,0,18,0,1,0,0,0,0,1,1,6,3,-1,-1,-1,-1,-1,-1,-1
201401JI40539,1,5,0,5,0,1,0,0,0,0,3,1,6,1,42,7,-1,-1,-1,3,1
201401JI40539,2,9,0,5,0,1,0,0,0,0,4,1,6,1,46,8,1086,1,6,2,1
201401JI40540,1,9,0,18,0,0,0,10,7,2,3,1,6,1,18,4,1299,1,10,6,1
201401JI40541,1,19,0,7,0,1,0,0,0,0,4,1,6,1,34,6,1995,2,2,-1,-1
201401JI40541,2,4,0,15,4,1,0,0,0,0,1,1,6,1,29,6,-1,-1,-1,4,1
201401JI40542,1,9,0,18,0,2,0,0,0,0,2,1,6,1,26,6,1956,2,5,2,1
201401JI40542,2,9,0,18,0,2,0,0,0,0,1,1,6,3,-1,-1,-1,-1,-1,-1,-1
201401JI40543,1,9,0,18,0,1,0,0,0,0,2,1,1,2,43,7,1896,2,6,3,1
201401JI40543,2,9,0,18,0,1,0,0,0,0,2,1,6,1,41,7,1199,1,10,4,1
201401JI40544,1,9,0,18,0,2,0,7,4,10,1,1,6,1,22,5,3999,1,6,2,1
201401JI40545,1,9,0,18,0,1,0,0,0,0,1,1,6,1,33,6,2499,2,12,4,1
201401JI40545,2,9,0,18,0,1,0,0,0,0,2,1,6,1,33,6,1598,1,10,-1,1
201401JI40545,3,9,0,18,0,1,0,0,0,0,2,1,6,1,32,6,2261,1,6,4,1
201401JI40546,1,9,0,18,0,1,0,0,0,0,2,1,6,1,23,5,-1,-1,-1,3,1
201401JI40546,2,9,0,18,0,1,0,0,0,0,2,1,6,1,-1,-1,1796,1,10,-1,-1
201401JI40546,3,9,0,18,0,1,0,0,0,0,1,1,6,3,-1,-1,-1,-1,-1,-1,-1
201401JI40547,1,9,0,18,0,0,0,0,1,7,2,1,2,1,35,6,1590,1,13,1,1