Accident_Index,Vehicle_Reference,Vehicle_Type,Towing_and_Articulation,Vehicle_Manoeuvre,Vehicle_Location-Restricted_Lane,Junction_Location,Skidding_and_Overturning,Hit_Object_in_Carriageway,Vehicle_Leaving_Carriageway,Hit_Object_off_Carriageway,1st_Point_of_Impact,Was_Vehicle_Left_Hand_Drive?,Journey_Purpose_of_Driver,Sex_of_Driver,Age_of_Driver,Age_Band_of_Driver,Engine_Capacity_(CC),Propulsion_Code,Age_of_Vehicle,Driver_IMD_Decile,Driver_Home_Area_Type
201401JI40710,2,9,0,9,0,8,0,0,0,0,3,1,6,2,55,8,-1,-1,-1,4,1
201401JI40711,1,2,0,17,0,8,0,0,0,0,4,1,6,1,25,5,49,1,1,5,1
201401JI40711,2,9,0,17,0,8,0,0,0,0,3,1,6,1,58,9,-1,-1,-1,6,1
201401JI40712,1,9,0,5,0,0,0,0,0,0,0,1,6,3,-1,-1,-1,-1,-1,-1,-1
201401JI40713,1,1,0,18,0,1,0,0,0,0,1,1,6,3,-1,-1,-1,-1,-1,-1,-1
201401JI40715,1,1,0,18,0,0,0,8,0,0,1,1,6,2,53,8,-1,-1,-1,9,1
201401JI40715,2,9,0,2,0,0,0,0,0,0,3,1,6,1,-1,-1,1598,2,3,2,1
201401JI40717,1,9,0,18,0,0,0,0,0,0,2,1,6,1,22,5,1198,1,9,2,1
201401JI40717,2,9,0,18,0,0,0,0,0,0,1,1,6,3,-1,-1,1598,1,9,-1,-1
201401JI40718,1,19,0,9,0,8,0,0,0,0,1,1,1,1,28,6,2198,2,3,2,1
201401JI40718,2,9,0,18,0,8,0,0,0,0,1,1,6,1,33,6,1560,2,5,2,1
201401JI40719,1,9,0,4,0,1,0,0,0,0,2,1,6,1,21,5,1998,1,10,1,1
201401JI40719,2,9,0,18,0,1,0,0,0,0,1,1,6,1,26,6,-1,-1,-1,4,1
201401JI40720,1,1,0,15,0,2,0,0,0,0,1,1,6,1,46,8,-1,-1,-1,-1,-1
201401JI40721,1,9,0,9,0,8,0,0,0,0,4,1,6,1,35,6,1598,1,9,2,1
201401JI40721,2,9,0,11,0,8,0,0,0,0,1,1,6,1,35,6,-1,-1,-1,-1,-1
201401JI40722,1,9,0,7,0,0,0,0,0,0,1,1,6,3,-1,-1,-1,-1,-1,-1,-1
201401JI40723,1,9,0,3,0,1,0,0,0,0,3,1,6,1,92,11,1360,1,11,4,1
201401JI40723,2,1,0,18,0,1,0,0,0,0,1,1,6,1,25,5,-1,-1,-1,9,1
201401JI40724,1,9,0,3,0,1,0,0,0,0,2,1,6,1,43,7,1896,2,8,3,1
201401JI40724,2,9,0,3,0,1,0,0,0,0,1,1,6,1,25,5,1461,2,-1,6,1
201401JI40725,1,9,0,18,0,1,0,0,0,0,1,1,6,2,48,8,1895,1,13,6,1
201401JI40725,2,9,0,3,0,1,0,0,0,0,2,1,6,2,48,8,2495,2,11,6,1
201401JI40726,1,9,0,18,0,8,0,8,0,0,1,1,6,1,19,4,-1,-1,-1,2,1
201401JI40727,1,9,0,1,0,0,0,0,0,0,3,1,6,2,37,7,1461,2,3,2,1
201401JI40728,1,9,0,18,0,8,5,0,0,0,4,1,2,2,32,6,1108,1,6,8,1
201401JI40728,2,9,0,18,0,8,0,0,0,0,4,1,2,1,44,7,-1,-1,-1,-1,-1
201401JI40729,1,3,0,18,0,8,0,0,0,0,1,1,6,1,19,4,124,1,13,2,1
201401JI40729,2,9,0,9,0,8,0,0,0,0,3,1,6,1,-1,-1,1896,2,14,-1,-1
201401JI40730,1,9,0,18,0,2,0,0,0,0,4,1,3,2,47,8,1975,1,9,5,1
201401JI40730,2,1,0,18,9,2,0,0,0,0,1,1,6,1,22,5,-1,-1,-1,7,1
201401JI40731,1,2,0,18,0,8,0,0,0,0,1,1,2,1,55,8,998,1,7,7,1
201401JI40731,2,9,0,18,0,8,0,0,0,0,3,1,6,2,37,7,1995,1,4,5,1
201401JI40732,1,9,0,4,0,1,0,0,0,0,2,1,2,2,46,8,1248,2,7,-1,1
201401JI40732,2,5,0,18,0,1,0,0,0,0,1,1,6,1,33,6,599,1,4,1,1
201401JI40733,1,9,0,3,0,0,0,0,0,0,2,1,6,1,29,6,1240,1,10,3,1
201401JI40733,2,9,0,18,0,0,0,0,0,0,1,1,6,1,-1,-1,1796,1,12,-1,-1
201401JI40734,1,9,0,4,0,1,0,0,0,0,2,1,1,1,52,8,2987,2,1,3,1
201401JI40734,2,9,0,18,0,1,0,0,0,0,1,1,6,2,58,9,-1,-1,-1,1,1
201401JI40736,1,9,0,18,0,0,0,4,0,0,1,1,6,2,19,4,1590,1,12,-1,-1
201401JI40736,2,9,0,2,0,0,0,0,0,0,1,1,6,1,-1,-1,1598,1,1,-1,-1
201401JI40737,1,9,0,18,0,8,0,0,0,0,3,1,6,2,63,9,1086,1,5,5,1
201401JI40737,2,9,0,18,0,8,0,0,0,0,1,1,6,2,36,7,1997,1,6,-1,-1
201401JI40738,1,9,0,16,0,8,0,0,0,0,3,1,6,1,33,6,2494,1,10,5,1
201401JI40738,2,19,0,16,0,8,0,0,0,0,4,1,6,1,-1,-1,2500,2,8,-1,-1
201401JI40739,1,9,0,5,0,8,0,0,0,0,3,1,2,1,68,10,1587,1,12,6,1
201401JI40739,2,1,0,18,0,8,0,0,0,0,1,1,2,1,47,8,-1,-1,-1,2,1
201401JI40740,1,9,0,4,0,0,0,10,0,0,4,1,6,2,46,8,-1,-1,-1,2,1
201401JI40740,2,20,0,12,0,0,0,0,0,0,3,1,6,3,-1,-1,-1,-1,-1,-1,-1
201401JI40741,1,9,0,12,0,1,0,0,0,0,2,1,6,1,33,6,-1,-1,-1,-1,-1
201401JI40741,2,9,0,18,0,1,0,0,0,0,1,1,6,1,-1,-1,1995,2,13,-1,-1
201401JI40742,1,9,0,18,0,8,0,0,0,0,3,1,6,2,39,7,1299,1,12,6,1
201401JI40742,2,9,0,18,0,8,0,0,0,0,1,1,6,1,46,8,1998,1,15,7,1
201401JI40743,1,9,0,5,0,1,0,0,0,0,2,1,6,1,41,7,2000,2,5,2,1
201401JI40743,2,9,0,5,0,1,0,0,0,0,1,1,6,1,34,6,1995,1,10,1,1
201401JI40744,1,3,0,18,0,0,0,0,0,0,1,1,6,1,18,4,100,1,11,2,1
201401JI40744,2,9,0,18,0,0,0,0,0,0,1,1,6,1,45,7,996,1,1,-1,-1
201401JI40745,1,11,0,18,0,0,0,0,0,0,4,1,1,3,-1,-1,-1,-1,-1,-1,-1
201401JI40746,1,20,0,2,0,0,0,0,0,0,2,1,1,1,52,8,-1,-1,-1,6,1
201401JI40746,2,9,0,5,0,0,0,0,0,0,1,1,6,3,-1,-1,-1,-1,-1,-1,-1
201401JI40747,1,9,0,18,0,1,0,0,0,0,1,1,6,1,22,5,1497,8,-1,2,1
201401JI40747,2,9,0,18,0,1,0,0,0,0,2,1,6,1,-1,-1,2496,2,11,9,2
201401JI40748,1,9,0,3,0,1,0,0,0,0,3,1,6,1,25,5,1590,1,15,2,1
201401JI40748,2,20,0,11,0,1,0,0,0,0,4,1,6,1,-1,-1,6370,2,6,7,1
201401JI40749,1,9,0,9,0,2,0,0,0,0,3,1,3,1,57,9,1895,1,13,-1,-1
201401JI40749,2,9,0,14,0,1,0,0,0,0,1,1,6,1,-1,-1,1995,2,12,-1,-1
201401JI40750,1,9,0,18,0,0,2,10,1,4,1,1,6,1,19,4,1461,2,10,3,1
201401JI40751,1,9,0,18,0,1,0,0,0,0,2,1,6,2,34,6,1600,1,8,1,1
201401JI40751,2,19,0,18,0,1,0,0,0,0,2,1,1,1,32,6,1753,2,1,3,1
201401JI40751,3,9,0,18,0,1,0,0,0,0,1,1,6,1,24,5,-1,-1,-1,5,2
201401JI40752,1,9,0,3,0,1,0,0,0,0,2,1,6,1,36,7,1240,1,10,9,1
201401JI40752,2,9,0,18,0,1,0,0,0,0,1,1,6,2,-1,-1,1360,1,14,2,1
201401JI40754,1,4,0,18,0,8,0,0,0,0,3,1,2,1,33,6,645,1,7,10,1
201401JI40754,2,10,0,11,0,8,0,0,0,0,4,1,1,1,56,9,-1,-1,-1,5,1
201401JI40755,1,9,0,7,0,8,0,0,0,0,3,1,6,1,36,7,1997,2,3,1,1
201401JI40755,2,9,0,7,0,8,0,0,0,0,4,1,6,2,-1,-1,1149,1,14,6,1
201401JI40756,1,9,0,18,0,8,0,0,0,0,1,1,6,1,28,6,1686,2,7,9,1
201401JI40756,2,9,0,9,0,8,0,0,0,0,3,1,6,1,84,11,1995,1,7,3,1
201401JI40758,1,9,0,5,0,8,0,4,0,0,3,1,6,1,21,5,1598,1,-1,4,1
201401JI40758,2,9,0,18,0,8,0,0,0,0,1,1,6,1,17,4,1596,1,9,3,1
201401JI40758,3,9,0,2,0,2,0,0,0,0,3,1,6,1,-1,-1,1679,1,12,4,1
201401JI40759,1,5,0,18,0,0,1,0,0,0,3,1,6,1,52,8,647,1,13,4,1
201401JI40759,2,9,0,11,0,0,0,0,0,0,4,1,6,1,20,4,1364,1,7,-1,-1
201401JI40761,1,9,0,18,0,7,0,0,0,0,1,1,6,1,39,7,2099,1,12,3,1
201401JI40761,2,9,0,18,0,7,0,0,0,0,3,1,6,1,45,7,1781,1,13,5,1
201401JI40761,3,9,0,18,0,7,0,0,0,0,2,1,1,2,27,6,1390,1,2,7,1
201401JI40762,1,9,0,9,0,1,0,0,0,0,2,1,6,1,31,6,2993,2,-1,5,1
201401JI40762,2,1,0,18,0,1,0,0,0,0,1,1,6,1,39,7,-1,-1,-1,3,1
201401JI40763,1,9,0,18,0,1,0,0,0,0,2,1,6,1,49,8,1497,1,12,-1,-1
201401JI40763,2,9,0,18,0,1,0,0,0,0,1,1,6,1,24,5,1498,1,9,10,1
201401JI40764,1,9,0,18,0,8,0,0,0,0,1,1,6,1,46,8,1598,1,9,2,1
201401JI40764,2,9,0,9,0,8,0,0,0,0,4,1,6,1,51,8,1560,2,10,2,1
201401JI40765,1,9,0,9,0,8,0,0,0,0,4,1,6,1,28,6,1753,2,8,2,1
201401JI40765,2,9,0,18,0,8,0,0,0,0,1,1,6,1,44,7,1753,2,8,8,2
201401JI40766,1,9,0,18,0,1,0,0,0,0,1,1,6,3,-1,-1,-1,-1,-1,-1,-1
201401JI40767,1,3,0,14,0,0,0,0,0,0,1,1,6,1,32,6,-1,-1,-1,-1,1
201401JI40767,2,9,0,9,0,0,0,0,0,0,4,1,6,2,55,8,1368,1,2,5,1
201401JI40768,1,9,0,18,0,2,0,0,0,0,1,1,6,1,75,10,1796,1,5,5,1
201401JI40769,1,9,0,3,0,1,0,0,0,0,2,1,6,2,32,6,1598,1,5,3,1
201401JI40769,2,9,0,18,0,1,0,0,0,0,1,1,6,1,25,5,1781,1,13,2,1
201401JI40770,1,4,0,18,0,8,0,0,0,0,4,1,6,1,26,6,599,1,1,2,1
201401JI40770,2,9,0,7,0,6,0,0,0,0,1,1,6,3,-1,-1,-1,-1,-1,-1,-1
201401JI40771,1,9,0,18,0,8,0,0,0,0,1,1,6,2,68,10,1497,1,14,5,1
201401JI40771,2,9,0,9,0,8,0,0,0,0,4,1,1,2,25,5,1229,1,6,-1,-1
201401JI40773,1,9,0,3,0,1,0,0,0,0,2,1,6,2,21,5,1399,2,2,5,1
201401JI40773,2,9,0,18,0,1,0,0,0,0,1,1,6,2,36,7,-1,-1,-1,7,1
201401JI40774,1,1,0,18,0,2,0,0,0,0,2,1,1,1,34,6,-1,-1,-1,7,1
201401JI40774,2,9,0,11,0,2,0,0,0,0,1,1,6,3,-1,-1,-1,-1,-1,-1,-1
201401JI40775,1,9,0,18,0,8,0,0,0,0,4,1,6,1,35,6,1796,1,8,4,1
201401JI40776,1,9,0,18,0,0,0,0,0,0,4,1,3,1,51,8,1896,2,9,5,1
201401JI40776,2,10,0,9,0,0,0,0,0,0,1,1,1,1,52,8,2461,2,5,6,1
201401JI40777,1,9,0,18,0,8,0,0,0,0,3,1,6,2,34,6,1997,2,-1,5,1
201401JI40777,2,9,0,5,0,8,0,0,0,0,1,1,6,1,53,8,1248,2,1,6,1
201401JI40778,1,9,0,9,0,8,0,0,0,0,0,1,6,2,40,7,1598,1,2,6,1
201401JI40778,2,19,0,18,0,8,0,7,7,1,1,1,6,1,38,7,2198,2,7,9,2
201401JI40778,3,9,0,18,0,1,0,0,0,0,3,1,6,2,28,6,1364,1,8,7,1
201401JI40779,1,9,0,4,0,8,0,0,0,0,2,1,1,1,47,8,1769,1,9,3,1
201401JI40779,2,9,0,18,0,8,0,0,0,0,1,1,6,1,32,6,2926,2,13,5,1
201401JI40780,1,9,0,18,0,8,0,0,0,0,1,1,6,1,50,8,2993,2,9,4,2
201401JI40780,2,9,0,9,0,8,0,0,0,0,4,1,6,1,46,8,1242,1,2,3,1
201401JI40782,1,9,0,3,0,8,0,0,0,0,3,1,6,1,27,6,1995,2,10,-1,1
201401JI40782,2,9,0,11,0,8,0,0,0,0,4,1,6,3,-1,-1,2143,2,4,-1,-1
201401JI40783,1,9,0,18,0,0,0,0,0,0,1,1,6,1,39,7,1988,1,10,2,1
201401JI40785,1,9,0,18,0,8,0,0,0,0,1,1,6,2,34,6,2171,1,11,6,1
201401JI40785,2,9,0,9,0,8,0,0,0,0,3,1,6,2,38,7,1461,2,-1,5,1
201401JI40786,1,9,0,4,0,2,0,0,0,0,2,1,6,2,52,8,799,2,3,4,1
201401JI40786,2,9,0,4,0,2,0,0,0,0,1,1,6,1,30,6,1988,1,11,3,1
201401JI40787,1,9,0,4,0,1,0,0,0,0,2,1,6,1,33,6,1995,2,1,5,1
201401JI40787,2,19,0,18,0,1,0,0,0,0,1,1,1,1,26,6,2143,2,-1,2,1
201401JI40788,1,9,0,5,0,1,0,0,0,0,1,1,6,1,24,5,1299,1,9,3,1
201401JI40789,1,1,0,14,0,1,0,0,0,0,3,1,6,1,19,4,-1,-1,-1,3,1
201401JI40789,2,9,0,18,0,2,0,0,0,0,3,1,6,3,-1,-1,-1,-1,-1,-1,-1
201401JI40790,1,9,0,18,0,8,0,0,0,0,1,1,6,1,68,10,1149,1,10,4,1
201401JI40790,2,9,0,18,0,8,0,0,0,0,3,1,6,1,48,8,1997,2,6,5,1
201401JI40791,1,9,0,2,0,1,0,0,0,0,3,1,6,1,38,7,-1,-1,-1,2,1
201401JI40791,2,9,0,18,0,1,0,4,0,0,1,1,6,2,-1,-1,998,1,6,-1,-1
201401JI40792,1,9,0,18,0,1,0,0,0,0,1,1,6,2,43,7,1560,2,9,5,1
201401JI40793,1,9,0,9,0,1,0,0,0,0,3,1,6,2,54,8,1497,8,10,-1,-1
201401JI40793,2,9,0,13,0,1,0,0,0,0,1,1,6,1,25,5,-1,-1,-1,-1,1
201401JI40794,1,9,0,18,0,0,0,4,1,10,1,1,6,1,22,5,2993,2,10,3,1
201401JI40795,1,90,0,18,0,8,0,0,0,0,3,1,6,1,35,6,-1,-1,-1,5,1
201401JI40795,2,19,0,1,0,8,0,0,0,0,2,1,6,3,-1,-1,2402,2,6,-1,-1
201401JI40797,1,9,0,18,0,8,0,0,0,0,1,1,6,2,34,6,1590,1,11,-1,-1
201401JI40797,2,9,0,5,0,8,0,0,0,0,4,1,6,1,23,5,1997,2,-1,6,1
201401JI40798,1,9,0,5,0,1,0,0,0,0,2,1,6,1,34,6,1995,2,8,3,1
201401JI40798,2,20,0,5,0,1,0,0,0,0,1,1,1,1,52,8,7880,2,12,5,1
201401JI40799,1,9,0,14,0,0,0,0,0,0,1,1,6,1,77,11,1339,8,3,4,1
201401JI40801,1,11,0,5,0,0,0,0,0,0,0,1,1,1,37,7,9360,2,3,3,1
201401JI40802,1,9,0,13,0,1,0,0,0,0,4,1,6,2,-1,-1,1595,1,2,5,1
201401JI40802,2,1,0,18,0,8,0,0,0,0,3,1,6,1,44,7,-1,-1,-1,2,1
201401JI40803,1,9,0,18,0,8,0,0,0,0,1,1,6,1,31,6,2171,1,10,5,1
201401JI40803,2,9,0,7,0,8,0,0,0,0,3,1,6,1,34,6,1197,1,1,-1,-1
201401JI40804,1,9,0,13,0,1,0,0,0,0,4,1,6,1,35,6,1348,1,12,2,1
201401JI40804,2,1,0,18,0,1,0,0,0,0,3,1,6,2,27,6,-1,-1,-1,-1,-1
201401JI40805,1,9,0,18,0,0,0,0,0,0,3,1,6,1,-1,-1,1086,1,8,3,1
201401JI40805,2,9,0,18,0,0,0,0,0,0,4,1,6,1,-1,-1,1596,1,16,9,1
201401JI40806,1,9,0,18,0,2,0,0,0,0,1,1,6,1,42,7,1796,1,9,3,1
201401JI40807,1,9,0,18,0,0,0,0,0,0,1,1,6,1,44,7,-1,-1,-1,6,1
201401JI40808,1,9,0,16,0,1,0,0,0,0,2,1,1,1,28,6,-1,-1,-1,5,3
201401JI40808,2,21,0,5,0,1,0,0,0,0,1,1,6,3,-1,-1,-1,-1,-1,-1,-1
201401JI40812,1,9,0,16,0,8,0,0,0,0,1,1,6,2,36,7,1995,2,9,-1,-1
201401JI40812,2,9,0,17,0,8,0,0,0,0,1,1,6,1,-1,-1,2720,2,9,-1,-1
201401JI40813,1,19,0,4,0,1,0,0,0,0,2,1,1,1,39,7,1560,2,1,2,1
201401JI40813,2,3,0,18,0,1,1,0,0,0,1,1,2,1,27,6,124,1,4,4,1
201401JI40815,1,9,0,9,0,8,0,0,0,0,1,1,6,2,34,6,-1,-1,-1,2,1
201401JI40815,2,4,0,18,0,8,0,0,0,0,1,1,6,1,34,6,107,1,1,3,1
201401JI40816,1,3,0,18,0,2,1,0,0,0,1,1,2,1,30,6,125,1,7,-1,1
201401JI40817,1,9,0,18,0,0,0,0,0,0,2,1,6,1,41,7,1299,1,11,4,1
201401JI40817,2,9,0,18,0,0,0,0,0,0,1,1,6,3,-1,-1,2171,1,12,-1,-1
201401JI40818,1,9,0,3,0,1,0,0,0,0,3,1,6,1,41,7,1296,1,8,6,1
201401JI40818,2,9,0,5,0,1,0,0,0,0,4,1,6,3,-1,-1,1242,1,7,-1,-1
201401JI40820,1,9,0,18,0,8,0,0,0,0,1,1,6,1,62,9,1386,1,8,4,1
201401JI40821,1,9,0,10,0,1,0,0,0,0,2,1,6,1,58,9,1397,1,6,3,1
201401JI40821,2,9,0,18,0,1,0,0,0,0,1,1,6,1,27,6,1399,2,10,5,1
201401JI40822,1,9,0,18,0,1,0,0,0,0,1,1,6,3,-1,-1,-1,-1,-1,-1,-1
201401JI40823,1,9,0,18,0,8,0,0,0,0,1,1,6,1,40,7,1896,2,8,7,1
201401JI40823,2,1,0,18,0,8,0,0,0,0,1,1,6,1,51,8,-1,-1,-1,9,1
201401JI40824,1,9,0,3,0,8,0,0,0,0,2,1,6,1,23,5,2143,2,2,-1,2
201401JI40824,2,9,0,18,0,8,0,0,0,0,1,1,6,2,-1,-1,-1,-1,-1,-1,-1
201401JI40825,1,9,0,18,0,0,1,0,1,7,1,1,2,1,28,6,1995,1,11,-1,-1
201401JI40826,1,9,0,7,0,1,0,0,0,0,4,1,6,3,-1,-1,-1,-1,-1,-1,-1
201401JI40826,2,1,0,18,0,8,0,0,0,0,3,1,6,1,38,7,-1,-1,-1,-1,-1
201401JI40827,1,9,0,18,0,8,0,0,0,0,1,1,6,1,24,5,1198,1,4,5,1
201401JI40827,2,4,0,18,0,8,0,0,0,0,4,1,6,1,35,6,125,1,1,-1,1
201401JI40828,1,9,0,18,0,1,0,0,0,0,4,1,6,1,90,11,1587,1,13,5,1
201401JI40828,2,9,0,2,0,1,0,0,0,0,0,1,6,3,-1,-1,1397,1,4,-1,-1
201401JI40829,1,9,0,18,0,1,0,0,0,0,1,1,6,2,36,7,1149,1,10,3,1
201401JI40829,2,9,0,9,0,1,0,0,0,0,2,1,1,1,54,8,1397,1,6,1,1
201401JI40831,1,9,0,18,0,8,0,0,0,0,1,1,6,1,67,10,-1,-1,-1,3,1
201401JI40831,2,19,0,9,0,8,0,0,0,0,3,1,1,1,53,8,2143,2,3,2,1
201401JI40832,1,9,0,2,0,1,0,0,0,0,3,1,6,1,40,7,1799,1,4,4,1
201401JI40832,2,9,0,18,0,2,0,0,0,0,4,1,6,2,-1,-1,-1,-1,-1,-1,-1
201401JI40833,1,19,0,9,0,8,0,0,0,0,4,1,1,1,22,5,1996,2,3,2,1
201401JI40833,2,9,0,18,0,8,0,0,0,0,1,1,1,1,-1,-1,-1,-1,-1,-1,-1
201401JI40834,1,9,0,9,0,8,0,0,0,0,3,1,6,1,22,5,1995,2,6,6,1
201401JI40834,2,9,0,18,0,8,0,0,0,0,1,1,6,3,-1,-1,-1,-1,-1,-1,-1
201401JI40835,1,9,0,7,0,2,0,0,0,0,1,1,6,1,70,10,1998,2,16,3,1
201401JI40836,1,9,0,18,0,8,0,9,0,0,1,1,1,1,28,6,2143,2,1,4,1
201401JI40837,1,4,0,18,0,8,0,0,0,0,3,1,6,1,51,8,124,1,4,7,1
201401JI40837,2,9,0,11,0,8,0,0,0,0,4,1,1,1,21,5,1390,1,4,2,1
201401JI40838,1,9,0,18,0,0,0,0,0,0,2,1,1,1,46,8,1797,8,3,6,1
201401JI40838,2,9,0,18,0,0,0,0,0,0,1,1,6,1,24,5,1149,1,11,10,1
201401JI40839,1,9,0,18,9,1,0,10,1,0,1,1,1,2,35,6,-1,-1,-1,5,1
201401JI40839,2,90,0,18,9,1,0,0,0,0,2,1,6,1,80,11,-1,-1,-1,6,1
201401JI40840,1,4,0,18,0,1,1,0,0,0,1,1,6,1,33,6,124,1,3,4,1
201401JI40840,2,9,0,9,0,8,0,0,0,0,3,1,6,3,-1,-1,1389,1,12,-1,-1
201401JI40842,1,9,0,18,0,2,5,4,0,0,1,1,6,1,80,11,2148,2,11,5,1
201401JI40842,2,9,0,2,0,2,0,0,0,0,3,1,6,2,24,5,2143,2,2,8,1
201401JI40843,1,9,0,6,0,1,0,0,0,0,3,1,6,1,18,4,998,1,1,5,1
201401JI40843,2,9,0,18,0,2,0,0,0,0,4,1,6,2,41,7,1796,1,14,3,1
201401JI40843,3,9,0,18,0,1,0,0,0,0,1,1,6,1,66,10,1998,1,13,5,1
201401JI40844,1,9,0,18,0,8,0,0,0,0,3,1,6,2,72,10,1600,1,16,3,1
201401JI40844,2,3,0,16,0,8,1,0,0,0,1,1,6,2,-1,-1,124,1,6,-1,-1
201401JI40845,1,9,0,3,0,0,0,0,0,0,2,1,6,1,35,6,1600,2,5,-1,-1
201401JI40845,2,9,0,18,0,0,0,0,0,0,1,1,6,1,-1,-1,1242,1,14,-1,-1
201401JI40847,1,9,0,9,0,2,0,0,0,0,3,1,1,1,41,7,1797,8,4,-1,1
201401JI40848,1,19,0,18,0,8,0,0,0,0,1,1,1,1,30,6,-1,-1,-1,4,1
201401JI40849,1,9,0,18,0,8,0,0,0,0,1,1,6,1,36,7,998,1,15,2,1
201401JI40849,2,9,0,7,0,8,0,0,0,0,3,1,6,1,28,6,1389,1,14,6,1
201401JI40850,1,9,0,18,0,8,0,0,0,0,1,1,6,1,19,4,1686,2,8,3,1
201401JI40850,2,9,0,9,0,8,0,0,0,0,4,1,1,1,35,6,2143,2,1,7,1
201401JI40852,1,9,0,18,0,1,0,0,0,0,1,1,6,2,27,6,1396,1,15,-1,-1
201401JI40853,1,9,0,18,0,2,1,0,0,0,1,1,6,1,19,4,1400,1,15,1,1
201401JI40854,1,9,0,7,0,2,0,0,0,0,1,1,1,1,60,9,-1,-1,-1,6,1
201401JI40855,1,19,0,2,0,0,0,0,0,0,4,1,1,1,33,6,4580,2,1,7,1
201401JI40855,2,1,0,18,0,0,0,4,0,0,3,1,6,1,43,7,-1,-1,-1,7,1
201401JI40856,1,9,0,18,0,0,0,0,0,0,4,1,6,3,-1,-1,1998,1,12,-1,-1
201401JI40856,2,9,0,18,0,0,0,0,0,0,3,1,6,2,20,4,1299,1,8,7,1
201401JI40857,1,9,0,18,0,2,0,0,0,0,1,1,6,1,-1,-1,-1,-1,-1,-1,-1
201401JI40858,1,90,0,18,9,5,0,0,0,0,4,1,6,1,68,10,-1,-1,-1,5,1
201401JI40858,2,9,0,7,0,2,0,0,0,0,1,1,6,1,63,9,1796,1,11,2,1
201401JI40859,1,9,0,18,0,0,0,0,0,0,1,1,6,1,26,6,1390,1,10,3,1
201401JI40859,2,9,0,3,0,0,0,0,0,0,2,1,6,1,39,7,2993,2,10,2,1
201401JI40860,1,8,0,18,0,2,2,4,1,0,1,1,1,1,51,8,2231,2,7,4,1
201401JI40860,2,9,0,2,0,2,0,0,0,0,3,1,6,3,-1,-1,1794,1,10,-1,-1
201401JI40861,1,9,0,18,0,2,0,0,0,0,1,1,2,1,44,7,1769,1,9,3,1
201401JI40862,1,9,0,3,0,1,0,0,0,0,2,1,6,1,22,5,1242,1,12,6,1
201401JI40862,2,9,0,18,0,1,0,0,0,0,1,1,6,1,-1,-1,1198,1,3,1,1
201401JI40862,3,9,0,3,0,1,0,0,0,0,2,1,6,3,-1,-1,1796,1,9,-1,-1
201401JI40862,4,9,0,3,0,1,0,0,0,0,2,1,6,3,-1,-1,1995,2,7,-1,-1
201401JI40863,1,19,0,18,0,1,0,0,0,0,1,1,6,1,42,7,-1,-1,-1,7,1
201401JI40863,2,9,0,10,0,1,0,0,0,0,2,1,6,1,38,7,1968,2,3,-1,-1
201401JI40864,1,3,0,18,0,0,0,10,1,0,4,1,6,1,18,4,124,1,12,2,1
201401JI40864,2,9,0,11,0,0,0,0,0,0,0,1,6,1,23,5,1995,1,7,-1,-1
201401JI40865,1,9,0,18,0,1,0,0,0,0,1,1,6,1,24,5,1988,1,9,3,1
201401JI40865,2,9,0,3,0,1,0,0,0,0,2,1,6,1,48,8,1798,1,2,3,1
201401JI40866,1,9,0,18,0,8,0,10,0,0,1,1,6,1,20,4,1995,2,6,3,1
201401JI40866,2,9,0,18,0,8,0,0,0,0,4,1,6,2,44,7,-1,-1,-1,4,1
201401JI40867,1,9,0,18,0,1,0,0,1,7,3,1,2,1,36,7,1390,1,7,8,2
201401JI40867,2,17,0,11,0,1,0,0,0,0,4,1,1,1,31,6,-1,-1,-1,5,1
201401JI40868,1,19,0,9,0,6,0,0,0,0,3,1,6,1,34,6,1998,2,11,6,1
201401JI40868,2,9,0,18,0,8,1,0,0,0,1,1,6,1,28,6,1399,2,12,-1,1
201401JI40869,1,9,0,3,0,1,0,0,0,0,2,1,6,1,29,6,1998,2,8,-1,-1
201401JI40869,2,9,0,5,0,1,0,0,0,0,1,1,6,1,20,4,1998,1,11,-1,-1
201401JI40871,1,21,0,5,0,8,0,0,0,0,1,1,1,1,51,8,12740,2,2,2,1
201401JI40871,2,9,0,5,0,8,0,0,0,0,2,1,6,1,39,7,1497,8,6,2,1
201401JI40872,1,5,0,14,0,0,0,0,0,0,4,1,6,1,38,7,798,1,7,6,1
201401JI40872,2,9,0,5,2,0,0,0,0,0,3,1,6,1,56,9,1598,1,13,6,1
201401JI40873,1,9,0,9,0,8,0,0,0,0,3,1,2,1,30,6,-1,-1,-1,4,1
201401JI40873,2,5,0,18,0,8,0,0,0,0,0,1,2,1,62,9,955,1,14,4,1
201401JI40874,1,11,0,4,2,1,0,0,0,0,4,1,6,3,-1,-1,-1,-1,-1,-1,-1
201401JI40876,1,9,0,7,0,0,0,0,0,0,2,1,6,1,68,10,1999,1,6,7,1
201401JI40876,2,20,0,18,0,0,0,0,0,0,1,1,1,1,47,8,4461,2,2,2,1
201401JI40876,3,21,0,18,0,0,0,0,0,0,4,1,1,1,37,7,-1,-1,-1,2,1
201401JI40877,1,9,0,18,0,8,0,0,0,0,3,1,6,2,23,5,1296,1,8,2,1
201401JI40877,2,9,0,18,0,8,0,0,0,0,1,1,1,1,28,6,2179,2,5,3,1
201401JI40878,1,9,0,5,9,0,0,0,0,0,1,1,6,1,52,8,1397,1,13,6,3
201401JI49002,1,9,0,5,0,8,0,0,0,0,2,1,1,1,52,8,2500,1,15,3,1
201401JI49002,2,9,0,5,0,8,0,0,0,0,1,1,6,3,-1,-1,-1,-1,-1,-1,-1
201401JI49004,1,9,0,3,0,1,0,0,0,0,2,1,6,1,35,6,-1,-1,-1,8,1
201401JI49004,2,9,0,18,0,1,0,0,0,0,1,1,6,1,-1,-1,1560,2,10,-1,1