Accident_Index,Vehicle_Reference,Vehicle_Type,Towing_and_Articulation,Vehicle_Manoeuvre,Vehicle_Location-Restricted_Lane,Junction_Location,Skidding_and_Overturning,Hit_Object_in_Carriageway,Vehicle_Leaving_Carriageway,Hit_Object_off_Carriageway,1st_Point_of_Impact,Was_Vehicle_Left_Hand_Drive?,Journey_Purpose_of_Driver,Sex_of_Driver,Age_of_Driver,Age_Band_of_Driver,Engine_Capacity_(CC),Propulsion_Code,Age_of_Vehicle,Driver_IMD_Decile,Driver_Home_Area_Type
201401JI49011,1,9,0,3,0,1,0,0,0,0,2,1,6,1,58,9,-1,-1,-1,6,1
201401JI49011,2,19,0,18,0,1,0,0,0,0,1,1,6,3,-1,-1,-1,-1,-1,-1,-1
201401JI49012,1,9,0,18,0,0,0,0,0,0,2,1,6,1,28,6,1968,2,1,7,1
201401JI49012,2,9,0,18,0,0,0,0,0,0,1,1,6,1,-1,-1,2521,1,4,6,1
201401JI49013,1,1,0,16,0,8,0,0,0,0,2,1,6,1,47,8,-1,-1,-1,1,1
201401JI49013,2,9,0,18,0,8,0,0,0,0,1,1,6,3,-1,-1,-1,-1,-1,-1,-1
201401JI49014,1,9,0,9,0,8,0,0,0,0,4,1,6,1,62,9,1595,1,5,8,1
201401JI49014,2,9,0,10,0,8,0,0,0,0,1,1,6,1,-1,-1,1596,1,-1,3,1
201401JI49015,1,9,0,18,0,0,0,0,0,0,1,1,6,3,-1,-1,1199,1,10,-1,-1
201401JI49018,1,9,0,6,0,0,0,0,0,0,3,1,1,1,36,7,1900,2,10,8,1
201401JI49018,2,9,0,18,0,0,0,0,0,0,4,1,1,1,22,5,-1,-1,-1,1,1
201401JI49040,1,9,0,3,0,8,0,0,0,0,3,1,2,2,56,9,1896,2,13,1,1
201401JI49040,2,20,0,5,0,8,0,0,0,0,4,1,6,1,-1,-1,-1,-1,-1,-1,-1
201401JI49048,1,9,0,9,0,0,0,0,0,0,1,1,6,1,67,10,2521,1,6,6,1
201401JI49048,2,3,0,5,0,0,0,0,0,0,3,1,6,1,61,9,-1,-1,-1,3,1
201401JI49148,1,9,0,18,0,1,0,0,0,0,1,1,6,2,32,6,1242,1,2,4,1
201401JI49148,2,90,0,18,0,1,0,0,0,0,4,1,6,1,73,10,-1,-1,-1,5,1
201401JI49176,1,2,0,18,0,8,0,0,0,0,1,1,2,1,55,8,49,1,2,5,1
201401JI49176,2,9,0,7,0,8,0,0,0,0,3,1,6,1,-1,-1,1299,1,10,-1,-1
201401KD50002,1,4,0,18,0,8,0,0,0,0,4,1,6,1,48,8,198,1,37,10,1
201401KD50002,2,9,0,9,0,6,0,0,0,0,1,1,6,3,-1,-1,1796,1,12,-1,-1
201401KD50003,1,9,0,18,0,2,0,0,0,0,3,1,6,1,18,4,1392,1,16,10,1
201401KD50004,1,9,0,3,0,1,0,0,0,0,2,1,6,2,44,7,998,1,5,4,1
201401KD50004,2,9,0,18,0,1,0,0,0,0,1,1,6,1,-1,-1,-1,-1,-1,-1,-1
201401KD50005,1,9,0,3,0,0,0,0,0,0,2,1,6,1,50,8,3301,1,12,3,1
201401KD50005,2,9,0,18,0,0,0,0,0,0,1,1,6,1,23,5,1796,1,13,5,1
201401KD50007,1,9,0,18,0,8,0,0,0,0,4,1,6,1,33,6,1242,1,7,4,1
201401KD50007,2,9,0,18,0,8,0,0,0,0,1,1,6,2,22,5,1229,1,1,7,1
201401KD50010,1,4,0,18,0,8,0,0,0,0,4,1,6,1,21,5,-1,-1,-1,8,1
201401KD50010,2,9,0,9,0,8,0,0,0,0,1,1,6,1,-1,-1,-1,-1,-1,-1,-1
201401KD50012,1,9,0,18,0,0,0,0,0,0,1,1,2,1,36,7,1995,2,9,9,1
201401KD50012,2,9,0,13,0,0,0,0,0,0,1,1,1,1,37,7,-1,-1,-1,4,1
201401KD50013,1,9,0,18,0,8,0,0,0,0,4,1,1,1,78,11,1596,1,3,2,1
201401KD50013,2,19,0,9,0,6,0,0,0,0,1,1,1,2,24,5,1248,2,1,6,1
201401KD50014,1,9,0,5,0,0,0,4,0,0,1,1,6,2,68,10,1388,1,12,4,1
201401KD50014,2,9,0,2,0,0,0,0,0,0,2,1,6,2,25,5,1242,1,12,4,1
201401KD50016,1,9,0,9,0,8,0,0,0,0,1,1,6,1,27,6,1299,1,12,7,1
201401KD50016,2,1,0,18,0,8,0,0,0,0,4,1,6,2,47,8,-1,-1,-1,6,1
201401KD50018,1,9,0,18,0,0,0,0,0,0,1,1,6,3,-1,-1,-1,-1,-1,-1,-1
201401KD50019,1,9,0,9,0,8,0,0,0,0,4,1,6,1,20,4,1242,1,8,8,1
201401KD50019,2,9,0,17,0,8,0,0,0,0,1,1,6,2,-1,-1,1870,2,8,7,1
201401KD50020,1,9,0,18,0,1,0,0,0,0,1,1,1,1,36,7,1497,8,5,2,1
201401KD50020,2,9,0,18,0,1,0,0,0,0,2,1,6,2,47,8,1498,1,6,3,1
201401KD50021,1,9,0,18,0,8,0,0,0,0,1,1,1,1,35,6,1598,1,11,-1,-1
201401KD50021,2,9,0,9,0,8,0,0,0,0,3,1,1,2,20,4,1598,1,6,10,1
201401KD50023,1,9,0,18,0,0,0,0,0,0,1,1,3,2,39,7,2179,2,2,5,1
201401KD50024,1,9,0,1,0,0,0,0,0,0,2,1,1,1,35,6,1497,8,7,4,1
201401KD50025,1,9,0,18,0,1,0,0,0,0,1,1,1,2,45,7,1797,8,4,7,1
201401KD50026,1,9,0,18,0,0,0,0,0,0,1,1,1,1,17,4,1242,1,11,3,1
201401KD50026,2,9,0,3,0,0,0,0,0,0,2,1,1,2,42,7,2000,1,9,7,1
201401KD50028,1,9,0,3,0,1,0,0,0,0,2,1,3,2,36,7,1364,1,8,2,1
201401KD50028,2,9,0,18,0,1,0,0,0,0,1,1,6,1,-1,-1,-1,-1,-1,-1,-1
201401KD50029,1,2,0,18,0,1,0,0,0,0,1,1,6,1,16,4,49,1,12,9,2
201401KD50029,2,9,0,3,0,1,0,0,0,0,2,1,2,1,54,8,1998,1,11,7,1
201401KD50030,1,9,0,18,0,0,0,0,0,0,1,1,1,1,56,9,1988,1,11,8,1
201401KD50030,2,19,0,4,0,0,0,0,0,0,2,1,1,1,42,7,2463,2,10,9,1
201401KD50032,1,11,0,14,0,0,0,0,0,0,1,1,1,1,53,8,-1,-1,-1,6,1
201401KD50033,1,9,0,3,0,0,0,0,0,0,2,1,2,1,38,7,-1,-1,-1,4,1
201401KD50033,2,9,0,18,0,0,0,0,0,0,1,1,2,1,30,6,1596,1,8,5,1
201401KD50034,1,9,0,17,0,8,0,0,0,0,1,1,1,1,46,8,2143,2,2,9,1
201401KD50034,2,9,0,16,0,8,0,0,0,0,1,1,2,1,56,9,4235,1,-1,2,1
201401KD50035,1,19,0,18,0,1,0,0,0,0,1,1,1,1,39,7,2148,2,6,3,1
201401KD50035,2,9,0,3,0,1,0,0,0,0,2,1,6,1,49,8,1796,1,15,7,1
201401KD50035,3,9,0,3,0,1,0,0,0,0,2,1,6,2,49,8,1398,1,4,6,1
201401KD50036,1,9,0,18,0,0,0,0,0,0,4,1,6,1,46,8,1685,2,2,8,1
201401KD50037,1,9,0,9,0,8,0,0,0,0,1,1,6,2,26,6,1796,1,13,5,1
201401KD50037,2,1,0,18,0,8,0,0,0,0,3,1,6,2,39,7,-1,-1,-1,9,1
201401KD50038,1,21,0,4,0,0,0,0,0,0,2,1,1,1,25,5,10837,2,4,2,1
201401KD50038,2,9,0,18,0,0,0,0,0,0,1,1,6,1,25,5,1299,1,15,8,1
201401KD50039,1,9,0,18,0,1,0,0,0,0,1,1,1,1,47,8,3311,8,7,10,1
201401KD50040,1,19,0,18,0,1,0,0,0,0,1,1,2,1,40,7,2464,2,5,-1,1
201401KD50040,2,9,0,4,0,1,0,0,0,0,2,1,2,1,54,8,1198,1,5,8,1
201401KD50041,1,9,0,18,0,1,0,0,0,0,1,1,6,1,64,9,1339,1,5,8,1
201401KD50041,2,9,0,18,0,2,0,0,0,0,1,1,6,1,-1,-1,-1,-1,-1,-1,-1
201401KD50042,1,19,0,18,0,8,0,0,0,0,4,1,2,1,43,7,1461,2,7,8,2
201401KD50042,2,9,0,18,0,8,0,0,0,0,1,1,2,2,36,7,1998,1,8,8,3
201401KD50043,1,9,0,18,0,0,0,0,0,0,1,1,2,1,23,5,1242,1,5,4,1
201401KD50043,2,19,0,18,0,0,0,0,0,0,2,1,1,1,35,6,1248,2,3,1,1
201401KD50044,1,9,0,2,0,0,0,0,0,0,3,1,6,2,32,6,1984,1,8,7,1
201401KD50044,2,9,0,18,0,0,0,8,0,0,4,1,6,2,-1,-1,1339,1,8,-1,-1
201401KD50046,1,9,0,8,0,1,0,0,0,0,2,1,6,2,33,6,1598,1,11,9,1
201401KD50046,2,9,0,18,0,1,0,0,0,0,1,1,6,2,60,9,1149,1,5,5,1
201401KD50049,1,9,0,9,0,2,0,0,0,0,1,1,6,2,60,9,1332,1,16,-1,-1
201401KD50051,1,9,0,18,0,0,0,10,5,6,1,1,6,1,26,6,1299,1,11,10,1
201401KD50052,1,9,0,3,0,0,0,0,0,0,2,1,6,2,46,8,1896,2,6,10,1
201401KD50052,2,9,0,18,0,0,0,0,0,0,1,1,6,1,37,7,-1,-1,-1,7,1
201401KD50053,1,9,0,18,0,2,0,0,0,0,4,1,6,2,21,5,973,1,14,6,2
201401KD50054,1,9,0,4,0,0,0,0,0,0,2,1,1,1,53,8,1598,1,12,2,1
201401KD50054,2,9,0,18,0,0,0,0,0,0,1,1,1,1,46,8,1896,2,10,8,1
201401KD50055,1,8,0,17,0,2,0,0,0,0,1,1,6,1,60,9,2499,2,7,3,1
201401KD50056,1,9,0,18,0,8,0,0,0,0,3,1,2,1,57,9,1242,1,3,7,1
201401KD50056,2,9,0,9,0,8,0,0,0,0,1,1,6,3,-1,-1,1364,1,9,-1,-1
201401KD50057,1,9,0,3,0,0,0,0,0,0,1,1,6,2,49,8,1299,1,8,8,1
201401KD50057,2,21,0,1,0,0,0,0,0,0,2,1,1,3,-1,-1,11021,2,14,-1,-1
201401KD50058,1,9,0,3,0,8,0,0,0,0,2,1,6,1,40,7,1499,1,9,5,1
201401KD50058,2,9,0,9,0,8,0,0,0,0,1,1,6,1,56,9,2993,2,6,8,1
201401KD50059,1,9,0,18,0,2,0,0,0,0,1,1,6,3,-1,-1,-1,-1,-1,-1,-1
201401KD50060,1,9,0,18,0,8,0,0,0,0,4,1,6,1,70,10,1799,1,19,8,1
201401KD50060,2,9,0,7,0,8,0,0,0,0,1,1,6,3,-1,-1,-1,-1,-1,-1,-1
201401KD50061,1,9,0,18,0,0,0,0,0,0,1,1,6,1,32,6,1870,2,13,2,1
201401KD50061,2,9,0,4,0,0,0,0,0,0,2,1,2,2,50,8,1390,1,1,8,3
201401KD50061,3,9,0,4,0,0,0,0,0,0,2,1,2,2,46,8,1998,1,8,10,1
201401KD50062,1,9,0,2,0,2,0,0,0,0,2,1,6,1,42,7,1951,2,12,3,1
201401KD50062,2,9,0,1,0,2,0,4,0,0,2,1,6,3,-1,-1,-1,-1,-1,-1,-1
201401KD50063,1,9,0,18,0,0,0,0,0,0,2,1,1,2,38,7,1997,1,9,4,1
201401KD50063,2,9,0,18,0,0,0,0,0,0,1,1,1,1,33,6,1499,2,1,7,1
201401KD50065,1,9,0,18,0,1,0,0,0,0,1,1,6,3,-1,-1,-1,-1,-1,-1,-1
201401KD50066,1,9,0,14,0,1,0,0,0,0,4,1,6,2,20,4,1198,1,2,7,3
201401KD50066,2,9,0,10,0,1,0,0,0,0,4,1,6,1,51,8,1598,1,10,4,1
201401KD50067,1,9,0,7,0,1,0,0,0,0,3,1,6,1,25,5,1598,1,7,1,1
201401KD50068,1,9,0,4,0,0,0,0,0,0,2,1,6,2,23,5,1595,1,-1,7,1
201401KD50068,2,9,0,18,0,0,0,0,0,0,1,1,6,2,87,11,1299,1,16,4,1
201401KD50069,1,9,0,18,0,1,0,0,0,0,1,1,2,2,21,5,1199,1,12,2,1
201401KD50069,2,9,0,9,0,1,0,0,0,0,3,1,6,2,25,5,1171,1,15,5,1
201401KD50070,1,9,0,18,0,1,0,0,0,0,1,1,6,2,40,7,1598,1,6,2,1
201401KD50070,2,9,0,9,0,1,0,0,0,0,1,1,6,1,18,4,1388,1,11,3,1
201401KD50071,1,9,0,9,0,2,0,0,0,0,3,1,6,2,43,7,1598,1,12,4,1
201401KD50071,2,5,0,13,0,1,0,0,0,0,1,1,6,1,39,7,680,1,5,3,1
201401KD50074,1,9,0,2,0,0,0,0,0,0,4,1,6,2,28,6,1596,1,9,-1,1
201401KD50074,2,9,0,18,0,0,0,8,0,0,4,1,6,3,-1,-1,-1,-1,-1,-1,-1
201401KD50075,1,11,0,18,0,0,0,0,0,0,0,1,1,1,-1,-1,4461,2,1,2,1
201401KD50075,2,9,0,11,0,0,0,0,0,0,0,1,6,2,-1,-1,-1,-1,-1,-1,-1
201401KD50076,1,9,0,18,9,0,1,10,1,4,1,1,1,1,55,8,1895,1,15,-1,-1
201401KD50077,1,21,0,11,0,7,0,0,0,0,4,1,1,1,45,7,6692,2,2,4,1
201401KD50077,2,9,0,18,0,7,0,0,0,0,3,1,6,1,36,7,973,1,12,2,1
201401KD50078,1,9,0,18,0,8,0,0,0,0,3,1,6,1,66,10,1598,1,3,3,1
201401KD50078,2,19,0,9,0,8,0,0,0,0,1,1,1,2,29,6,2148,2,7,4,1
201401KD50079,1,9,0,13,0,0,0,0,0,0,1,1,6,1,30,6,-1,-1,-1,-1,-1
201401KD50079,2,9,0,4,0,0,0,0,0,0,2,1,6,1,63,9,1999,1,4,6,2
201401KD50080,1,9,0,18,0,0,0,0,0,0,4,1,1,2,61,9,1596,1,11,7,1
201401KD50081,1,19,0,18,0,0,0,10,2,7,4,1,6,1,57,9,2151,2,11,5,1
201401KD50082,1,9,0,3,0,1,0,0,0,0,2,1,6,1,38,7,1991,2,5,8,1
201401KD50082,2,9,0,3,0,1,0,0,0,0,2,1,6,1,78,11,998,1,16,5,1
201401KD50082,3,9,0,18,0,1,0,0,0,0,1,1,6,3,-1,-1,-1,-1,-1,-1,-1
201401KD50083,1,9,0,9,0,6,0,0,0,0,3,1,6,1,39,7,1998,2,8,4,1
201401KD50083,2,90,0,18,0,6,0,0,0,0,1,1,6,1,90,11,-1,-1,-1,7,1
201401KD50084,1,9,0,2,0,0,0,0,0,0,1,1,6,3,-1,-1,-1,-1,-1,-1,-1
201401KD50084,2,19,0,1,0,0,0,4,0,0,2,1,6,3,-1,-1,1995,2,7,-1,-1
201401KD50085,1,11,0,18,0,0,0,0,0,0,0,1,1,1,54,8,4461,2,1,3,1
201401KD50086,1,9,0,18,0,8,0,0,0,0,3,1,6,1,41,7,1997,2,7,9,1
201401KD50086,2,9,0,18,0,8,0,0,0,0,1,1,6,1,77,11,1999,1,13,-1,-1
201401KD50087,1,8,0,18,0,0,0,7,0,0,1,1,6,1,47,8,2402,2,12,6,1
201401KD50089,1,9,0,18,0,8,0,0,0,0,1,1,6,2,28,6,599,1,11,3,1
201401KD50089,2,9,0,9,0,8,0,0,0,0,3,1,6,1,-1,-1,1388,1,12,4,1
201401KD50090,1,9,0,4,0,1,0,0,0,0,2,1,6,2,45,7,1596,1,13,9,1
201401KD50090,2,9,0,18,0,1,0,0,0,0,1,1,6,1,54,8,1995,2,2,5,1
201401KD50092,1,9,0,9,0,8,0,0,0,0,4,1,6,1,22,5,2000,2,10,9,1
201401KD50092,2,9,0,18,0,8,0,0,0,0,1,1,6,1,40,7,1242,1,14,4,1
201401KD50092,3,5,0,18,0,8,0,0,0,0,1,1,6,2,32,6,599,1,5,3,1
201401KD50093,1,9,0,9,0,8,0,0,0,0,4,1,6,1,18,4,-1,-1,-1,6,1
201401KD50093,2,9,0,18,0,8,0,0,0,0,1,1,6,2,27,6,1149,1,13,9,1
201401KD50094,1,9,0,18,0,0,0,0,0,0,3,1,2,2,50,8,1242,1,1,9,1
201401KD50095,1,9,0,17,0,1,0,4,0,0,1,1,6,1,50,8,1995,2,12,8,1
201401KD50095,2,9,0,2,0,2,0,0,0,0,1,1,6,1,28,6,1798,1,4,8,1
201401KD50096,1,9,0,18,9,0,0,10,7,4,1,1,6,1,44,7,1997,2,7,9,1
201401KD50098,1,8,0,5,0,0,0,0,0,0,4,1,1,1,-1,-1,-1,-1,-1,-1,-1
201401KD50099,1,9,0,13,0,0,0,0,0,0,4,1,2,1,23,5,1461,2,1,5,1
201401KD50099,2,1,0,18,4,0,0,0,0,0,3,1,2,2,51,8,-1,-1,-1,7,1
201401KD50102,1,19,0,18,0,0,0,0,0,0,1,1,6,1,46,8,1560,2,2,6,1
201401KD50103,1,9,0,3,0,0,0,0,0,0,2,1,1,1,41,7,1995,2,3,3,1
201401KD50103,2,9,0,4,0,0,0,0,0,0,2,1,1,2,49,8,1248,1,1,5,1
201401KD50103,3,9,0,18,0,0,0,0,0,0,1,1,1,2,20,4,1796,1,11,9,3
201401KD50104,1,9,0,7,0,5,0,0,0,0,2,1,6,1,44,7,1870,2,5,9,1
201401KD50104,2,9,0,18,0,1,0,0,0,0,1,1,6,1,-1,-1,1598,1,5,-1,-1
201401KD50105,1,19,0,4,0,1,0,0,0,0,2,1,1,2,36,7,1997,2,7,5,1
201401KD50105,2,2,0,18,0,1,0,0,0,0,1,1,2,1,23,5,-1,-1,-1,4,1
201401KD50106,1,19,0,2,0,0,0,0,0,0,3,1,1,1,30,6,2198,2,2,5,1
201401KD50106,2,9,0,1,0,0,0,4,0,0,2,1,6,3,-1,-1,-1,-1,-1,-1,-1
201401KD50107,1,9,0,17,0,1,0,0,0,0,2,1,6,1,35,6,1329,1,4,6,1
201401KD50107,2,9,0,17,0,1,0,0,0,0,1,1,6,1,-1,-1,-1,-1,-1,-1,-1
201401KD50108,1,11,0,18,0,1,0,0,0,0,1,1,1,1,26,6,9000,2,6,-1,-1
201401KD50108,2,9,0,10,0,1,0,0,0,0,2,1,6,2,62,9,1596,1,12,6,1
201401KD50109,1,9,0,18,0,0,2,10,1,4,1,1,6,1,18,4,1596,1,13,2,1
201401KD50110,1,9,0,4,0,0,0,0,0,0,2,1,2,2,38,7,1997,2,2,7,1
201401KD50110,2,9,0,18,0,0,0,0,0,0,1,1,2,1,47,8,1995,2,2,10,1
201401KD50111,1,11,0,17,0,8,0,0,0,0,0,1,1,1,35,6,6700,2,2,2,1
201401KD50113,1,9,0,7,0,8,0,0,0,0,3,1,6,1,38,7,1999,1,3,7,1
201401KD50113,2,9,0,18,0,8,0,0,0,0,1,1,6,2,-1,-1,2000,2,4,10,1
201401KD50116,1,9,0,4,0,2,0,0,0,0,2,1,6,1,61,9,1596,1,-1,5,1
201401KD50116,2,9,0,18,0,2,0,0,0,0,1,1,6,1,82,11,1388,1,10,-1,-1
201401KD50117,1,9,0,18,0,8,0,0,0,0,4,1,6,1,21,5,1598,1,8,5,1
201401KD50117,2,9,0,9,0,8,0,0,0,0,1,1,6,1,72,10,1388,1,4,8,1
201401KD50118,1,9,0,3,0,1,0,0,0,0,2,1,6,2,42,7,2179,2,2,7,3
201401KD50118,2,1,0,18,0,1,0,0,0,0,1,1,6,1,-1,-1,-1,-1,-1,-1,-1
201401KD50119,1,5,0,18,0,8,0,0,0,0,1,1,1,1,35,6,645,1,11,3,1
201401KD50119,2,8,0,9,0,8,0,0,0,0,3,1,1,1,66,10,2402,2,10,8,1
201401KD50120,1,9,0,18,0,0,0,8,7,4,1,1,6,1,33,6,1596,1,9,10,1
201401KD50120,2,9,0,2,0,0,0,0,0,0,3,1,6,1,-1,-1,2143,2,3,4,1
201401KD50121,1,9,0,18,9,0,0,10,1,0,3,1,6,1,39,7,1598,1,18,4,1
201401KD50121,2,19,0,5,0,0,0,0,0,0,4,1,6,1,-1,-1,2494,2,10,2,1
201401KD50122,1,9,0,9,0,8,0,0,0,0,3,1,2,2,50,8,-1,-1,-1,5,1
201401KD50122,2,9,0,18,0,8,0,0,0,0,1,1,6,2,50,8,1991,2,9,2,1
201401KD50123,1,19,0,3,0,1,0,0,0,0,2,1,1,2,34,6,1248,2,3,2,1
201401KD50123,2,9,0,18,0,1,0,0,0,0,1,1,6,1,-1,-1,1390,1,10,-1,-1
201401KD50124,1,9,0,1,0,0,0,0,0,0,2,1,6,1,-1,-1,1910,2,7,-1,-1
201401KD50125,1,5,0,13,0,8,0,0,0,0,4,1,6,1,29,6,649,1,3,3,1
201401KD50125,2,11,0,9,0,8,0,0,0,0,3,1,1,1,62,9,6700,2,3,4,1
201401KD50126,1,9,0,18,0,1,0,4,0,0,1,1,6,2,57,9,1798,1,13,3,1
201401KD50126,2,9,0,2,0,2,0,0,0,0,1,1,6,2,27,6,2926,2,11,7,1
201401KD50127,1,3,0,18,0,0,0,0,0,0,1,1,6,3,-1,-1,-1,-1,-1,-1,-1
201401KD50128,1,9,0,18,0,1,0,0,0,0,2,1,1,1,47,8,1596,1,1,9,1
201401KD50128,2,3,0,18,0,1,0,0,0,0,1,1,6,1,25,5,125,1,-1,-1,-1
201401KD50130,1,9,0,17,0,1,0,0,0,0,1,1,6,3,-1,-1,-1,-1,-1,-1,-1
201401KD50132,1,9,0,3,0,0,0,0,0,0,1,1,1,1,-1,-1,-1,-1,-1,-1,-1
201401KD50132,2,9,0,1,0,0,0,0,0,0,2,1,6,1,-1,-1,1850,1,12,4,1
201401KD50133,1,11,0,18,0,1,0,0,0,0,4,1,1,1,45,7,6700,2,2,8,1
201401KD50134,1,9,0,9,0,8,0,0,0,0,3,1,6,1,41,7,3301,1,13,3,1
201401KD50134,2,9,0,18,0,8,0,0,0,0,1,1,6,1,21,5,1242,1,13,7,1
201401KD50135,1,9,0,18,0,8,0,0,0,0,1,1,6,1,53,8,-1,-1,-1,3,1
201401KD50135,2,9,0,9,0,8,0,0,0,0,4,1,6,1,18,4,1998,1,10,2,1
201401KD50136,1,9,0,9,0,8,0,0,0,0,1,1,2,2,48,8,-1,-1,-1,8,1
201401KD50136,2,9,0,18,0,8,0,0,0,0,1,1,2,1,53,8,1612,1,4,8,1
201401KD50137,1,19,0,18,0,0,0,0,0,0,2,1,6,1,51,8,1598,2,2,7,3
201401KD50137,2,9,0,18,0,0,0,0,0,0,1,1,6,1,-1,-1,-1,-1,-1,-1,-1
201401KD50138,1,9,0,18,0,8,0,0,0,0,1,1,6,1,19,4,1995,1,8,2,1
201401KD50138,2,9,0,9,0,8,0,0,0,0,4,1,6,2,23,5,1995,1,10,6,1
201401KD50139,1,11,0,5,0,0,0,0,0,0,0,1,1,1,64,9,8268,2,12,1,1
201401KD50140,1,9,0,18,9,0,0,10,1,10,1,1,6,1,74,10,-1,-1,-1,-1,-1
201401KD50141,1,9,0,17,0,8,0,0,0,0,4,1,6,2,53,8,2198,2,9,6,1
201401KD50141,2,9,0,17,0,8,0,0,0,0,3,1,6,2,-1,-1,1199,1,10,-1,-1
201401KD50142,1,9,0,18,0,1,0,10,1,2,1,1,6,2,19,4,1242,1,1,5,1
201401KD50143,1,5,0,18,0,1,0,0,0,0,1,1,2,1,41,7,649,1,5,6,1
201401KD50143,2,9,0,3,0,1,0,0,0,0,2,1,2,1,31,6,1388,1,7,7,3
201401KD50144,1,9,0,4,0,1,0,0,0,0,2,1,6,2,32,6,1794,1,9,3,1
201401KD50144,2,9,0,18,0,1,0,0,0,0,1,1,6,1,39,7,2996,1,5,6,1
201401KD50145,1,9,0,18,0,0,0,0,0,0,1,1,6,1,57,9,1995,1,7,5,1
201401KD50145,2,19,0,18,0,0,0,0,0,0,1,1,6,1,-1,-1,1598,2,2,-1,-1
201401KD50146,1,3,0,18,0,1,0,12,0,0,1,1,6,1,26,6,125,1,9,3,1
201401KD50147,1,9,0,18,0,0,0,0,0,0,1,1,6,1,39,7,998,1,10,-1,-1
201401KD50149,1,9,0,18,0,1,0,0,0,0,4,1,1,1,64,9,1753,2,6,7,1
201401KD50150,1,9,0,18,9,0,1,10,1,4,1,1,1,1,42,7,1596,1,12,6,1
201401KD50151,1,9,0,1,9,0,0,10,1,10,2,1,6,1,79,11,1339,1,4,9,1
201401KD50152,1,9,0,9,0,8,0,0,0,0,4,1,6,2,40,7,1598,1,11,7,1
201401KD50152,2,9,0,18,0,8,0,0,0,0,1,1,6,1,49,8,1995,2,1,4,1
201401KD50153,1,9,0,18,0,0,0,0,0,0,3,1,2,2,37,7,998,1,11,4,1
201401KD50153,2,19,0,13,0,0,0,0,0,0,4,1,6,3,-1,-1,-1,-1,-1,-1,-1
201401KD50154,1,1,0,18,0,0,0,0,0,0,3,1,6,1,31,6,-1,-1,-1,7,1
201401KD50154,2,9,0,13,0,0,0,0,0,0,4,1,6,2,-1,-1,1498,1,8,-1,-1
201401KD50155,1,9,0,9,0,8,0,0,0,0,3,1,3,2,39,7,1396,1,15,9,1
201401KD50155,2,3,0,17,0,8,0,0,0,0,1,1,1,1,53,8,125,1,4,8,1
201401KD50156,1,11,0,18,0,2,0,0,0,0,1,1,1,1,56,9,6700,2,3,6,1
201401KD50157,1,9,0,18,0,8,0,0,0,0,3,1,2,2,20,4,998,1,1,6,1
201401KD50157,2,19,0,9,0,8,0,4,0,0,1,1,6,1,62,9,1686,2,11,2,1
201401KD50157,3,9,0,2,0,8,0,0,0,0,2,1,6,1,46,8,-1,-1,-1,10,1
201401KD50158,1,9,0,3,0,1,0,0,0,0,2,1,6,1,43,7,2393,1,11,4,1
201401KD50158,2,9,0,4,0,1,0,0,0,0,2,1,6,1,49,8,2979,1,11,8,1
201401KD50158,3,9,0,18,0,1,0,0,0,0,1,1,6,2,25,5,1299,1,12,4,1
201401KD50160,1,9,0,9,0,8,0,0,0,0,3,1,6,1,18,4,1229,1,9,4,1
201401KD50160,2,9,0,18,0,8,0,0,0,0,1,1,6,1,65,9,999,1,1,6,1
201401KD50161,1,19,0,3,0,0,0,0,0,0,3,1,1,1,47,8,1560,2,2,6,1
201401KD50161,2,3,0,14,0,0,0,0,0,0,4,1,2,1,34,6,124,1,5,5,1
201401KD50162,1,9,0,6,0,0,0,0,0,0,3,1,6,2,48,8,3628,2,7,8,1
201401KD50162,2,5,0,13,0,0,0,0,0,0,4,1,6,1,35,6,-1,-1,-1,-1,-1
201401KD50163,1,9,0,2,0,0,0,0,0,0,2,1,6,2,39,7,1997,2,5,5,1
201401KD50163,2,90,0,18,0,0,0,4,0,0,1,1,6,1,20,4,-1,-1,-1,1,1
201401KD50164,1,9,0,18,0,0,0,0,0,0,3,1,3,2,41,7,1997,1,6,6,1
201401KD50164,2,9,0,18,0,0,0,0,0,0,3,1,1,1,32,6,1968,2,8,4,1
201401KD50165,1,9,0,18,0,8,0,0,0,0,1,1,6,2,25,5,1299,1,13,2,1
201401KD50165,2,19,0,9,0,8,0,0,0,0,4,1,1,1,30,6,2148,2,6,5,1
201401KD50166,1,9,0,18,0,8,0,0,0,0,1,1,6,1,-1,-1,1997,2,1,-1,-1
201401KD50166,2,9,0,18,0,8,0,0,0,0,3,1,6,2,-1,-1,1386,1,1,-1,-1
201401KD50167,1,19,0,17,0,8,0,0,0,0,3,1,6,1,39,7,1998,2,10,7,1
201401KD50167,2,19,0,17,0,8,0,0,0,0,4,2,6,1,44,7,-1,-1,-1,-1,-1
201401KD50168,1,9,0,9,0,8,0,0,0,0,3,1,6,1,20,4,1364,1,5,3,1
201401KD50168,2,1,0,18,0,8,0,0,0,0,1,1,6,1,-1,-1,-1,-1,-1,-1,-1
201401KD50169,1,9,0,4,0,2,0,0,0,0,2,1,6,1,46,8,-1,-1,-1,7,1
201401KD50169,2,9,0,18,0,2,0,0,0,0,1,1,6,2,22,5,1587,1,13,5,1
201401KD50171,1,9,0,18,0,8,0,0,0,0,3,1,6,2,41,7,1242,1,5,6,3
201401KD50171,2,9,0,9,0,8,0,0,0,0,1,1,6,1,-1,-1,-1,-1,-1,9,1
201401KD50172,1,19,0,18,0,0,0,4,1,2,1,1,6,1,22,5,2488,2,5,6,1