Accident_Index,Vehicle_Reference,Vehicle_Type,Towing_and_Articulation,Vehicle_Manoeuvre,Vehicle_Location-Restricted_Lane,Junction_Location,Skidding_and_Overturning,Hit_Object_in_Carriageway,Vehicle_Leaving_Carriageway,Hit_Object_off_Carriageway,1st_Point_of_Impact,Was_Vehicle_Left_Hand_Drive?,Journey_Purpose_of_Driver,Sex_of_Driver,Age_of_Driver,Age_Band_of_Driver,Engine_Capacity_(CC),Propulsion_Code,Age_of_Vehicle,Driver_IMD_Decile,Driver_Home_Area_Type
201401KD50172,2,19,0,2,0,0,0,0,0,0,1,1,6,1,26,6,1996,2,1,4,1
201401KD50173,1,3,0,14,0,0,0,0,0,0,1,1,6,1,19,4,124,1,11,3,1
201401KD50174,1,9,0,9,0,8,0,0,0,0,4,1,6,1,33,6,1388,1,10,4,1
201401KD50174,2,9,0,18,0,8,0,0,0,0,1,1,6,1,37,7,1192,1,-1,4,1
201401KD50175,1,9,0,10,0,1,0,0,0,0,2,1,6,1,72,10,1596,1,13,6,1
201401KD50175,2,9,0,10,0,1,0,0,0,0,2,1,6,1,-1,-1,1989,1,15,-1,-1
201401KD50175,3,9,0,18,0,1,0,0,0,0,1,1,6,1,-1,-1,2544,1,14,-1,-1
201401KD50176,1,9,0,18,9,0,1,10,1,5,1,1,2,2,58,9,2088,2,16,-1,3
201401KD50177,1,9,0,8,0,1,0,0,0,0,2,1,6,2,22,5,998,1,16,5,1
201401KD50177,2,9,0,18,0,1,0,0,0,0,1,1,6,1,63,9,1596,1,10,8,1
201401KD50178,1,9,0,17,0,8,0,0,0,0,4,1,2,1,30,6,1388,1,5,1,1
201401KD50178,2,9,0,17,0,8,0,0,0,0,3,1,6,2,54,8,1399,2,10,1,1
201401KD50179,1,9,0,18,0,1,0,0,0,0,1,1,6,1,44,7,1997,2,11,8,1
201401KD50179,2,1,0,18,0,1,0,0,0,0,4,1,6,1,62,9,-1,-1,-1,3,1
201401KD50180,1,9,0,18,0,8,0,0,0,0,3,1,6,1,49,8,1299,1,14,10,2
201401KD50180,2,9,0,18,0,8,0,0,0,0,1,1,6,1,87,11,1198,1,5,4,1
201401KD50181,1,9,0,18,0,8,0,0,0,0,3,1,1,1,46,8,1998,1,10,-1,1
201401KD50181,2,9,0,9,0,8,0,0,0,0,1,1,6,2,37,7,1598,1,13,-1,-1
201401KD50182,1,9,0,9,0,8,0,0,0,0,1,1,6,1,24,5,1988,1,13,4,1
201401KD50182,2,9,0,18,0,8,0,0,0,0,3,1,6,2,32,6,1679,1,15,3,1
201401KD50183,1,9,0,18,0,0,0,4,0,0,1,1,6,2,35,6,1299,1,12,3,1
201401KD50183,2,19,0,2,0,0,0,0,0,0,3,1,6,1,48,8,2461,2,3,-1,-1
201401KD50184,1,11,0,3,0,0,0,0,0,0,0,1,1,1,40,7,4461,2,1,5,1
201401KD50185,1,9,0,18,0,1,0,0,0,0,1,1,6,1,40,7,-1,-1,-1,2,1
201401KD50185,2,1,0,18,0,1,0,0,0,0,4,1,6,1,16,4,-1,-1,-1,1,1
201401KD50186,1,9,0,3,0,0,0,0,0,0,2,1,6,2,56,9,1995,2,10,4,1
201401KD50186,2,9,0,4,0,0,0,0,0,0,2,1,6,2,59,9,2149,2,7,8,1
201401KD50186,3,9,0,4,0,0,0,0,0,0,1,1,6,1,26,6,1242,1,5,2,1
201401KD50187,1,5,0,18,0,0,0,0,0,0,1,1,6,1,25,5,599,1,9,9,1
201401KD50188,1,9,0,16,9,0,1,10,1,2,1,1,6,1,24,5,1999,1,7,3,1
201401KD50189,1,19,0,3,0,0,0,0,0,0,2,1,1,1,36,7,1753,2,11,10,1
201401KD50189,2,9,0,4,0,0,0,0,0,0,1,1,6,2,38,7,1896,2,4,10,1
201401KD50190,1,9,0,17,0,0,0,0,0,0,1,1,6,1,61,9,1910,2,9,6,1
201401KD50191,1,9,0,18,0,8,0,0,0,0,4,1,6,1,35,6,1598,1,4,8,1
201401KD50191,2,9,0,9,0,6,0,0,0,0,1,1,6,1,75,10,3456,1,7,9,1
201401KD50192,1,9,0,18,0,2,0,0,0,0,1,1,6,2,80,11,1299,1,13,7,1
201401KD50192,2,19,0,18,0,1,0,0,0,0,1,1,6,1,43,7,2000,2,12,4,1
201401KD50193,1,9,0,18,0,8,0,0,0,0,1,1,6,1,44,7,1968,2,-1,6,1
201401KD50193,2,3,0,18,0,8,0,0,0,0,3,1,6,1,21,5,124,1,6,3,1
201401KD50195,1,11,0,4,0,0,0,0,0,0,0,1,1,1,61,9,9000,2,6,3,1
201401KD50196,1,9,0,18,0,1,0,0,0,0,1,1,6,1,27,6,1364,1,6,9,3
201401KD50198,1,9,0,10,0,1,0,0,0,0,2,1,6,1,73,10,1999,1,8,10,1
201401KD50198,2,9,0,4,0,1,0,0,0,0,2,1,6,2,47,8,-1,-1,-1,4,2
201401KD50198,3,9,0,18,0,1,0,0,0,0,1,1,6,2,24,5,1242,1,16,3,1
201401KD50199,1,9,0,3,0,0,0,0,0,0,0,1,6,1,89,11,1240,1,5,8,3
201401KD50201,1,9,0,5,0,1,0,0,0,0,1,1,6,1,27,6,1396,1,4,9,1
201401KD50202,1,9,0,4,0,0,0,0,0,0,2,1,6,1,30,6,-1,-1,-1,5,1
201401KD50202,2,9,0,18,0,0,0,0,0,0,1,1,6,3,-1,-1,-1,-1,-1,-1,-1
201401KD50203,1,9,0,6,0,0,0,0,0,0,3,1,2,1,44,7,1598,1,1,7,1
201401KD50203,2,3,0,18,0,0,0,0,0,0,1,1,2,2,36,7,124,1,3,2,1
201401KD50204,1,9,0,18,0,8,0,0,0,0,1,1,6,1,77,11,996,1,3,4,1
201401KD50204,2,9,0,18,0,8,0,0,0,0,4,1,6,1,35,6,1461,2,3,4,1
201401KD50205,1,9,0,18,0,0,0,0,0,0,1,1,6,1,66,10,1997,2,6,2,1
201401KD50208,1,3,0,13,0,8,0,0,0,0,4,1,6,1,30,6,-1,-1,-1,3,1
201401KD50208,2,9,0,9,0,8,0,0,0,0,3,1,6,2,27,6,1995,2,7,3,1
201401KD50209,1,9,0,3,0,0,0,0,0,0,2,1,6,1,-1,-1,2184,2,12,7,1
201401KD50209,2,9,0,4,0,0,0,0,0,0,2,1,6,1,36,7,1299,1,10,1,1
201401KD50209,3,9,0,18,0,0,0,0,0,0,1,1,6,1,38,7,1995,2,12,5,2
201401KD50210,1,9,0,18,0,1,0,0,0,0,3,1,6,2,44,7,1398,1,13,7,1
201401KD50210,2,9,0,7,0,2,0,0,0,0,1,1,6,1,-1,-1,2438,1,23,-1,-1
201401KD50211,1,9,0,9,0,2,0,0,0,0,1,1,1,1,64,9,2996,2,3,10,1
201401KD50212,1,9,0,3,0,1,0,0,0,0,2,1,6,2,18,4,1299,1,11,8,1
201401KD50212,2,9,0,18,0,1,0,0,0,0,1,1,6,1,37,7,1596,1,11,8,1
201401KD50213,1,9,0,7,0,8,0,0,0,0,1,1,6,1,28,6,1995,2,5,5,3
201401KD50213,2,9,0,14,0,8,0,0,0,0,1,1,6,2,63,9,1596,1,6,4,1
201401KD50214,1,9,0,18,0,1,0,0,0,0,1,1,6,1,68,10,-1,-1,-1,7,1
201401KD50214,2,9,0,4,0,1,0,0,0,0,2,1,6,2,39,7,1598,1,11,3,1
201401KD50215,1,11,0,5,0,0,0,0,0,0,0,1,1,2,32,6,9000,2,6,2,1
201401KD50216,1,9,0,18,0,0,0,0,0,0,4,1,6,1,19,4,1360,1,10,9,1
201401KD50216,2,21,0,12,0,0,0,0,0,0,3,2,6,1,-1,-1,-1,-1,-1,-1,-1
201401KD50217,1,9,0,18,0,0,0,0,0,0,1,1,3,2,31,6,1229,1,4,3,1
201401KD50218,1,9,0,4,0,2,0,0,0,0,2,1,6,1,39,7,2926,2,11,3,1
201401KD50218,2,9,0,18,0,2,0,0,0,0,1,1,6,1,24,5,1798,1,13,4,1
201401KD50219,1,9,0,1,0,0,0,0,0,0,2,1,6,3,-1,-1,1896,2,8,-1,-1
201401KD50220,1,11,0,3,0,0,0,0,0,0,2,1,1,1,60,9,4461,2,1,4,1
201401KD50220,2,9,0,18,0,0,0,0,0,0,1,1,6,1,19,4,998,1,1,8,1
201401KD50221,1,21,1,17,0,8,0,0,0,0,4,1,1,1,51,8,12900,2,5,5,1
201401KD50221,2,9,0,17,0,8,0,0,0,0,3,1,2,2,55,8,1590,1,1,8,1
201401KD50222,1,4,0,18,0,8,0,0,0,0,3,1,1,1,44,7,125,1,7,5,1
201401KD50222,2,9,0,9,0,8,0,0,0,0,1,1,6,1,36,7,1598,1,6,8,1
201401KD50223,1,9,0,18,0,0,0,0,0,0,4,1,6,2,56,9,1248,2,2,4,1
201401KD50223,2,21,1,12,0,0,0,0,0,0,3,2,1,1,36,7,-1,-1,-1,-1,-1
201401KD50224,1,9,0,4,0,1,0,0,0,0,2,1,1,1,62,9,1796,1,8,4,1
201401KD50224,2,21,0,18,0,1,0,0,0,0,1,1,1,1,58,9,12130,2,10,5,1
201401KD50225,1,9,0,10,0,1,0,0,0,0,2,1,6,2,18,4,998,1,10,3,1
201401KD50225,2,9,0,18,0,1,0,0,0,0,2,1,6,1,-1,-1,1997,1,5,9,1
201401KD50225,3,19,0,18,0,1,0,0,0,0,1,1,6,1,-1,-1,1998,2,11,3,1
201401KD50226,1,9,0,18,0,0,0,10,0,0,3,1,6,1,45,7,1896,2,14,4,1
201401KD50226,2,9,0,18,0,0,0,10,4,6,4,1,6,1,22,5,1560,2,7,7,3
201401KD50227,1,9,0,18,0,1,0,0,0,0,1,1,1,1,45,7,1598,1,7,10,1
201401KD50228,1,9,0,9,0,8,0,0,0,0,3,1,6,1,27,6,-1,-1,-1,2,1
201401KD50228,2,1,0,18,0,8,0,0,0,0,1,1,6,1,60,9,-1,-1,-1,7,1
201401KD50229,1,9,0,18,0,1,0,0,0,0,1,1,6,2,40,7,1991,2,2,7,1
201401KD50229,2,9,0,9,0,1,0,0,0,0,2,1,6,2,65,9,1498,1,6,7,1
201401KD50230,1,9,0,5,0,8,0,0,0,0,3,1,6,2,86,11,1242,1,2,8,1
201401KD50230,2,1,0,18,0,8,0,0,0,0,1,1,6,2,27,6,-1,-1,-1,7,1
201401KD50231,1,11,0,4,0,1,0,0,0,0,1,1,6,1,48,8,8268,2,9,6,1
201401KD50231,2,20,0,13,0,1,0,0,0,0,4,1,6,1,-1,-1,-1,-1,-1,-1,-1
201401KD50232,1,9,0,11,0,0,0,0,0,0,4,1,6,2,63,9,1995,1,9,2,1
201401KD50232,2,11,0,18,0,0,0,0,0,0,3,1,1,1,43,7,-1,-1,-1,7,1
201401KD50233,1,9,0,3,0,1,0,0,0,0,2,1,6,1,24,5,1598,1,8,-1,-1
201401KD50233,2,9,0,18,0,1,0,0,0,0,1,1,6,1,47,8,1796,1,12,-1,-1
201401KD50234,1,9,0,4,0,1,0,0,0,0,2,1,6,1,64,9,1796,1,13,5,1
201401KD50234,2,9,0,18,0,1,0,0,0,0,1,1,6,1,36,7,1595,1,-1,3,1
201401KD50235,1,9,0,3,0,1,0,0,0,0,2,1,6,2,25,5,1798,1,8,8,1
201401KD50235,2,9,0,18,0,1,0,0,0,0,1,1,6,1,-1,-1,1397,1,11,6,1
201401KD50236,1,9,0,18,0,8,0,0,0,0,4,1,6,2,21,5,1242,1,-1,9,1
201401KD50236,2,9,0,18,0,8,0,0,0,0,1,1,6,2,36,7,1839,1,9,8,1
201401KD50237,1,5,0,18,0,8,0,0,0,0,1,1,2,1,53,8,599,1,14,3,1
201401KD50237,2,9,0,9,0,8,0,0,0,0,4,1,6,1,59,9,1596,1,3,3,1
201401KD50238,1,9,0,9,0,0,0,0,0,0,3,1,6,2,35,6,1388,1,-1,3,1
201401KD50238,2,3,0,14,0,0,0,0,0,0,1,1,6,1,17,4,125,1,-1,-1,-1
201401KD50239,1,8,0,1,0,0,0,0,0,0,2,1,1,1,-1,-1,-1,-1,-1,-1,-1
201401KD50240,1,9,0,9,0,8,0,0,0,0,4,1,6,2,53,8,1461,2,4,-1,1
201401KD50240,2,21,0,18,0,8,0,0,0,0,1,1,1,1,34,6,11705,2,7,4,1
201401KD50241,1,9,0,18,0,8,0,0,0,0,3,1,6,2,37,7,2979,7,10,5,1
201401KD50241,2,9,0,16,0,3,0,0,0,0,4,1,6,3,-1,-1,-1,-1,-1,-1,-1
201401KD50242,1,9,0,5,0,1,0,0,0,0,2,1,6,2,42,7,1598,1,13,7,1
201401KD50242,2,9,0,5,0,1,0,0,0,0,1,1,6,1,54,8,1248,1,3,2,1
201401KD50243,1,9,0,18,0,0,0,0,0,0,1,1,6,2,74,10,1386,1,7,8,1
201401KD50244,1,9,0,4,0,1,0,0,0,0,2,1,6,2,27,6,1596,1,1,-1,-1
201401KD50244,2,9,0,18,0,1,0,0,0,0,1,1,6,2,30,6,-1,-1,-1,-1,-1
201401KD50245,1,2,0,9,0,5,0,0,0,0,4,1,6,2,17,4,124,1,3,-1,-1
201401KD50245,2,9,0,18,0,8,0,0,0,0,1,1,1,1,33,6,1896,2,6,3,1
201401KD50246,1,9,0,18,0,8,0,0,0,0,1,1,6,2,29,6,1995,2,7,7,1
201401KD50246,2,9,0,9,0,8,0,0,0,0,4,1,6,2,-1,-1,1596,1,12,-1,-1
201401KD50247,1,9,0,4,0,1,0,0,0,0,2,1,1,1,40,7,1968,2,2,10,1
201401KD50247,2,9,0,18,0,1,0,0,0,0,1,1,1,1,43,7,1389,1,15,2,1
201401KD50248,1,9,0,11,0,8,0,0,0,0,1,1,6,1,29,6,1598,1,12,3,1
201401KD50248,2,9,0,6,0,8,0,0,0,0,3,1,6,1,35,6,1997,2,11,8,1
201401KD50249,1,9,0,18,0,8,0,0,0,0,4,1,6,2,48,8,1396,1,10,7,1
201401KD50249,2,9,0,9,0,8,0,0,0,0,1,1,6,1,74,10,1598,2,1,9,1
201401KD50250,1,9,0,4,0,1,0,0,0,0,2,1,6,2,38,7,1348,1,12,4,1
201401KD50250,2,9,0,18,0,1,0,0,0,0,1,1,6,3,-1,-1,2172,2,10,-1,-1
201401KD50251,1,1,0,18,0,0,0,0,0,0,2,1,6,1,46,8,-1,-1,-1,3,1
201401KD50251,2,9,0,18,0,0,0,0,0,0,1,1,6,3,-1,-1,-1,-1,-1,-1,-1
201401KD50252,1,9,0,18,0,1,0,4,0,0,1,1,6,1,25,5,1299,1,13,8,1
201401KD50252,2,9,0,2,0,2,0,0,0,0,4,1,6,2,66,10,1596,1,11,8,1
201401KD50252,3,9,0,2,0,1,0,0,0,0,3,1,6,1,41,7,-1,-1,-1,2,1
201401KD50252,4,9,0,2,0,2,0,0,0,0,4,1,6,2,50,8,1240,1,6,2,1
201401KD50254,1,9,0,18,0,1,0,0,0,0,1,1,6,1,63,9,1299,1,15,4,1
201401KD50254,2,90,0,5,0,6,0,0,0,0,3,1,6,1,89,11,-1,-1,-1,-1,-1
201401KD50255,1,9,0,18,0,0,0,0,0,0,2,1,2,2,-1,-1,1329,1,1,7,1
201401KD50255,2,19,0,18,0,0,0,0,0,0,1,1,6,3,-1,-1,-1,-1,-1,-1,-1
201401KD50256,1,9,0,3,0,1,0,0,0,0,2,1,6,2,46,8,1388,1,10,3,1
201401KD50256,2,9,0,18,0,1,0,0,0,0,1,1,6,1,-1,-1,1242,1,11,10,1
201401KD50258,1,1,0,18,0,8,0,0,0,0,2,1,6,1,29,6,-1,-1,-1,3,1
201401KD50258,2,9,0,5,0,8,0,0,0,0,1,1,6,2,45,7,1956,2,1,6,1
201401KD50259,1,9,0,18,0,8,0,0,0,0,4,1,6,1,42,7,-1,-1,-1,3,1
201401KD50259,2,9,0,18,0,8,0,0,0,0,1,1,6,1,78,11,1399,2,4,7,1
201401KD50261,1,9,0,18,0,8,0,0,0,0,1,1,6,1,28,6,1596,1,14,2,1
201401KD50261,2,9,0,13,0,8,0,0,0,0,1,1,6,1,34,6,1986,2,9,3,1
201401KD50262,1,9,0,18,0,2,0,0,0,0,3,1,6,2,22,5,1242,1,7,7,1
201401KD50263,1,9,0,5,0,0,0,0,0,0,4,1,2,2,44,7,1389,1,15,7,1
201401KD50263,2,9,0,18,0,0,0,0,0,0,4,1,6,1,-1,-1,2148,2,8,-1,-1
201401KD50264,1,9,0,18,0,1,0,0,0,0,1,1,6,2,23,5,1242,1,9,-1,-1
201401KD50264,2,21,0,18,0,2,0,0,0,0,3,1,1,1,56,9,-1,-1,-1,8,1
201401KD50264,3,21,0,18,0,2,0,0,0,0,3,1,1,1,53,8,-1,-1,-1,7,1
201401KD50265,1,5,0,18,0,0,0,0,0,0,1,1,2,1,23,5,599,1,13,5,1
201401KD50265,2,19,0,4,0,0,0,0,0,0,2,1,2,1,27,6,1968,2,2,2,1
201401KD50266,1,9,0,18,0,0,0,0,0,0,4,1,6,1,42,7,1753,2,8,5,2
201401KD50267,1,9,0,5,0,1,0,0,0,0,4,1,6,2,32,6,1360,1,11,6,1
201401KD50268,1,9,0,9,0,5,0,0,0,0,1,1,6,2,56,9,1497,8,6,10,1
201401KD50269,1,9,0,1,0,0,0,0,0,0,2,1,6,2,33,6,1796,1,4,4,1
201401KD50269,2,9,0,18,0,0,0,0,0,0,1,1,6,2,31,6,1998,1,12,10,1
201401KD50270,1,8,0,18,0,0,0,0,0,0,1,1,1,1,62,9,1997,2,6,2,1
201401KD50271,1,9,0,5,0,8,0,0,0,0,1,1,6,2,27,6,1299,1,7,6,3
201401KD50271,2,3,0,18,0,8,0,0,0,0,4,1,6,1,21,5,-1,-1,-1,4,1
201401KD50272,1,3,0,18,0,0,0,0,0,0,1,1,2,1,31,6,125,1,2,6,1
201401KD50272,2,9,0,4,0,0,0,0,0,0,2,1,2,1,24,5,1598,2,3,7,1
201401KD50273,1,9,0,9,0,1,0,0,0,0,2,1,1,1,36,7,-1,-1,-1,7,1
201401KD50273,2,9,0,18,0,1,0,0,0,0,1,1,6,2,28,6,1364,1,6,3,1
201401KD50274,1,9,0,9,0,0,0,0,0,0,1,1,6,1,35,6,1968,2,2,5,1
201401KD50274,2,90,0,18,0,0,0,0,0,0,4,1,6,2,22,5,-1,-1,-1,8,1
201401KD50275,1,9,0,9,0,8,0,0,0,0,4,1,6,2,48,8,1364,1,-1,3,1
201401KD50275,2,9,0,18,0,8,0,0,0,0,1,1,6,2,70,10,1149,1,12,-1,-1
201401KD50276,1,9,0,4,0,0,0,0,0,0,2,1,2,2,31,6,1582,2,2,-1,-1
201401KD50276,2,9,0,18,0,0,0,0,0,0,1,1,6,1,-1,-1,1242,1,14,4,1
201401KD50277,1,9,0,3,0,1,0,0,0,0,2,1,6,1,37,7,2143,2,1,9,1
201401KD50277,2,9,0,18,0,1,0,0,0,0,1,1,6,1,-1,-1,2979,1,13,5,1
201401KD50278,1,9,0,4,0,0,0,0,0,0,2,1,6,1,43,7,2494,2,8,6,1
201401KD50278,2,9,0,18,0,0,0,0,0,0,1,1,6,1,-1,-1,-1,-1,-1,-1,-1
201401KD50280,1,19,0,18,0,0,0,10,5,6,3,1,6,2,28,6,-1,-1,-1,3,1
201401KD50281,1,9,0,11,0,0,0,0,0,0,4,1,6,2,44,7,1598,1,2,7,1
201401KD50281,2,9,0,18,0,0,0,0,0,0,3,1,2,2,49,8,1339,1,3,10,1
201401KD50282,1,9,0,18,0,0,0,4,0,0,1,1,6,2,22,5,1242,1,4,8,1
201401KD50282,2,9,0,2,0,0,0,0,0,0,2,1,6,2,43,7,1242,1,10,8,1
201401KD50283,1,9,0,4,0,1,0,0,0,0,2,1,2,1,51,8,1796,1,7,4,1
201401KD50283,2,21,0,18,0,1,0,0,0,0,1,1,1,1,36,7,-1,-1,-1,2,1
201401KD50284,1,9,0,4,0,1,0,0,0,0,2,1,6,2,57,9,1329,1,5,9,1
201401KD50284,2,9,0,18,0,1,0,0,0,0,1,1,6,1,-1,-1,-1,-1,-1,-1,-1
201401KD50285,1,9,0,18,0,0,0,0,0,0,1,1,1,1,-1,-1,-1,-1,-1,-1,-1
201401KD50285,2,19,0,1,0,0,0,0,0,0,2,1,6,1,-1,-1,2198,2,7,-1,-1
201401KD50286,1,9,0,9,0,8,0,0,0,0,4,1,6,2,62,9,2993,2,7,3,1
201401KD50286,2,9,0,18,0,8,0,0,0,0,1,1,6,1,48,8,1956,2,2,7,1
201401KD50287,1,9,0,18,0,0,0,0,0,0,3,1,6,1,46,8,1997,1,10,2,1
201401KD50287,2,21,1,11,0,0,0,0,0,0,4,1,1,1,49,8,11705,2,6,6,1
201401KD50288,1,8,0,18,9,0,0,10,1,10,1,1,1,1,48,8,1997,2,5,2,1
201401KD50289,1,1,0,18,0,8,0,0,0,0,1,1,2,1,47,8,-1,-1,-1,8,1
201401KD50289,2,19,0,9,0,8,0,0,0,0,4,1,1,1,-1,-1,-1,-1,-1,-1,-1
201401KD50290,1,11,0,5,0,1,0,0,0,0,0,1,1,1,36,7,9000,2,6,5,1
201401KD50292,1,9,0,18,0,1,0,10,1,10,1,1,6,1,75,10,1796,1,9,-1,-1
201401KD50293,1,19,0,3,0,1,0,0,0,0,2,1,1,1,31,6,2198,2,4,4,1
201401KD50293,2,9,0,18,0,1,0,0,0,0,1,1,2,2,27,6,2993,2,10,8,2
201401KD50294,1,9,0,3,0,8,0,0,0,0,3,1,6,2,25,5,-1,-1,-1,3,1
201401KD50294,2,9,0,7,0,8,0,0,0,0,1,1,6,1,34,6,1596,1,12,2,1
201401KD50294,3,9,0,18,0,8,0,0,0,0,4,1,6,2,32,6,1597,1,17,4,1
201401KD50295,1,9,0,18,0,8,0,0,0,0,1,1,6,2,23,5,1388,1,7,3,2
201401KD50295,2,9,0,18,0,8,0,0,0,0,4,1,6,1,40,7,1968,2,1,-1,-1
201401KD50296,1,19,0,18,0,0,0,0,0,0,1,1,1,1,37,7,-1,-1,-1,5,1
201401KD50296,2,9,0,18,0,0,0,0,0,0,1,1,2,2,28,6,998,1,11,5,1
201401KD50297,1,9,0,18,0,8,0,0,0,0,1,1,6,2,21,5,1242,1,5,6,1
201401KD50297,2,9,0,9,0,8,0,0,0,0,4,1,6,2,39,7,1796,1,12,8,1
201401KD50298,1,9,0,18,0,0,0,0,0,0,1,1,6,2,33,6,1753,2,13,-1,-1
201401KD50298,2,9,0,18,0,0,0,0,0,0,2,1,6,1,74,10,1598,2,2,6,1
201401KD50299,1,11,0,18,0,8,0,0,0,0,3,1,1,1,33,6,7300,2,12,9,1
201401KD50299,2,21,1,9,0,8,0,0,0,0,1,1,1,1,42,7,12900,2,2,8,3
201401KD50300,1,9,0,18,0,0,0,0,0,0,2,1,6,1,36,7,2198,1,11,6,1
201401KD50300,2,9,0,18,0,0,0,0,0,0,1,1,6,2,54,8,1598,1,10,6,1
201401KD50301,1,1,0,18,0,0,0,0,0,0,2,1,2,1,43,7,-1,-1,-1,6,1
201401KD50301,2,9,0,18,0,0,0,0,0,0,1,1,6,1,-1,-1,-1,-1,-1,-1,-1
201401KD50304,1,11,0,18,0,0,0,0,0,0,1,1,1,1,63,9,-1,-1,-1,4,1
201401KD50305,1,9,0,18,0,0,0,0,0,0,4,1,6,1,31,6,1975,1,10,2,1
201401KD50305,2,21,1,12,0,0,0,0,0,0,3,2,1,1,40,7,-1,-1,-1,-1,-1
201401KD50307,1,9,0,3,0,0,0,0,0,0,2,1,6,2,59,9,1995,2,6,1,1
201401KD50307,2,9,0,3,0,0,0,0,0,0,2,1,6,1,23,5,1242,1,8,4,1
201401KD50307,3,9,0,3,0,0,0,0,0,0,2,1,6,1,50,8,3199,6,16,5,1
201401KD50307,4,9,0,18,0,0,0,0,0,0,1,1,6,1,25,5,1781,1,8,4,1
201401KD50308,1,9,0,18,0,0,0,10,5,6,1,1,6,2,24,5,1360,1,5,6,1
201401KD50309,1,9,0,14,0,0,0,0,0,0,1,1,6,1,27,6,1596,1,9,5,1
201401KD50310,1,9,0,18,0,8,0,0,0,0,1,1,6,2,24,5,1598,1,2,10,1
201401KD50310,2,9,0,9,0,8,0,0,0,0,4,1,6,2,18,4,1242,1,5,10,1
201401KD50311,1,11,0,5,0,2,0,0,0,0,3,1,1,1,33,6,9000,2,6,3,1
201401KD50311,2,9,0,18,0,2,0,0,0,0,4,1,6,1,34,6,2148,2,4,5,1
201401KD50312,1,9,0,9,0,8,0,0,0,0,1,1,6,2,19,4,1124,1,9,7,1
201401KD50312,2,1,0,18,0,8,0,0,0,0,3,1,6,1,27,6,-1,-1,-1,5,1
201401KD50313,1,5,0,18,9,0,1,10,1,4,1,1,6,1,61,9,553,1,23,3,1
201401KD50314,1,9,0,18,0,8,0,0,0,0,3,1,1,1,57,9,-1,-1,-1,2,1
201401KD50314,2,1,0,17,0,8,0,0,0,0,1,1,2,1,51,8,-1,-1,-1,5,1
201401KD50315,1,9,0,18,0,8,0,0,0,0,3,1,6,2,28,6,1988,1,13,2,2
201401KD50315,2,9,0,18,0,8,0,0,0,0,1,1,6,2,21,5,-1,-1,-1,3,1
201401KD50317,1,19,0,17,0,8,0,0,0,0,3,1,6,1,46,8,2402,2,3,5,2
201401KD50317,2,9,0,17,0,8,0,0,0,0,4,1,6,2,40,7,1598,2,1,1,1
201401KD50318,1,9,0,18,0,0,0,0,0,0,3,1,6,2,78,11,1390,1,6,8,1
201401KD50318,2,9,0,18,0,0,0,0,0,0,3,1,1,1,51,8,1329,1,2,2,1
201401KD50319,1,9,0,18,0,1,0,0,0,0,1,1,2,1,19,4,1200,1,12,-1,-1
201401KD50320,1,9,0,18,0,8,0,0,0,0,3,1,1,1,-1,-1,-1,-1,-1,-1,-1
201401KD50320,2,8,0,18,0,8,0,0,0,0,1,1,1,1,-1,-1,2664,2,15,8,1
201401KD50321,1,9,0,3,0,1,0,0,0,0,2,1,1,2,43,7,1339,1,6,5,1
201401KD50321,2,9,0,18,0,1,0,0,0,0,1,1,6,1,-1,-1,1086,1,9,7,1
201401KD50323,1,9,0,9,0,8,0,0,0,0,3,1,1,2,33,6,1598,1,10,6,1
201401KD50323,2,3,0,13,0,8,0,0,0,0,4,1,2,1,23,5,125,1,1,3,1
201401KD50324,1,11,0,3,0,0,0,0,0,0,0,1,1,1,48,8,6696,2,1,9,1
201401KD50325,1,9,0,4,0,1,0,0,0,0,2,1,6,2,26,6,1242,1,4,7,1
201401KD50325,2,9,0,18,0,1,0,0,0,0,1,1,1,1,54,8,-1,-1,-1,5,1
201401KD50326,1,3,0,3,0,0,0,0,0,0,1,1,6,1,20,4,124,1,24,2,1
201401KD50326,2,19,0,1,0,0,0,0,0,0,2,1,6,3,-1,-1,-1,-1,-1,-1,-1
201401KD50327,1,3,0,18,0,0,0,0,0,0,4,1,6,1,17,4,-1,-1,-1,5,1
201401KD50327,2,9,0,5,0,0,0,0,0,0,3,1,6,1,41,7,1999,1,9,7,1
201401KD50328,1,9,0,18,0,0,0,0,1,9,1,1,2,2,31,6,1124,1,10,6,2
201401KD50328,2,20,0,12,0,0,0,0,0,0,0,1,1,3,-1,-1,-1,-1,-1,-1,-1
201401KD50329,1,9,0,18,0,8,0,0,0,0,1,1,6,1,42,7,5935,1,7,9,2
201401KD50329,2,9,0,9,0,8,0,0,0,0,3,1,6,1,76,11,1390,1,7,9,1
201401KD50330,1,5,0,18,0,8,0,0,0,0,3,1,6,1,25,5,-1,-1,-1,3,1
201401KD50330,2,1,0,18,0,8,0,0,0,0,1,1,6,1,34,6,-1,-1,-1,2,1
201401KD50331,1,9,0,17,0,8,0,0,0,0,4,1,6,1,79,11,-1,-1,-1,6,1
201401KD50331,2,8,0,18,0,8,0,0,0,0,1,1,1,1,38,7,-1,-1,-1,2,1
201401KD50332,1,11,0,18,0,1,0,0,0,0,1,1,6,3,-1,-1,-1,-1,-1,-1,-1
201401KD50333,1,9,0,18,0,0,0,0,0,0,4,1,6,3,-1,-1,1560,2,5,-1,-1
201401KD50335,1,5,0,18,0,0,0,0,0,0,4,1,2,1,31,6,738,1,11,9,1
201401KD50335,2,9,0,12,0,0,0,0,0,0,3,1,6,1,-1,-1,1895,1,14,-1,-1