Accident_Index,Vehicle_Reference,Vehicle_Type,Towing_and_Articulation,Vehicle_Manoeuvre,Vehicle_Location-Restricted_Lane,Junction_Location,Skidding_and_Overturning,Hit_Object_in_Carriageway,Vehicle_Leaving_Carriageway,Hit_Object_off_Carriageway,1st_Point_of_Impact,Was_Vehicle_Left_Hand_Drive?,Journey_Purpose_of_Driver,Sex_of_Driver,Age_of_Driver,Age_Band_of_Driver,Engine_Capacity_(CC),Propulsion_Code,Age_of_Vehicle,Driver_IMD_Decile,Driver_Home_Area_Type
201401KD50336,1,9,0,18,0,1,0,10,1,9,1,1,6,1,33,6,1124,1,12,-1,-1
201401KD50336,2,9,0,18,0,2,0,0,1,0,3,1,2,1,28,6,-1,-1,-1,5,1
201401KD50337,1,9,0,9,0,8,0,0,0,0,4,1,6,2,52,8,1796,1,10,1,1
201401KD50337,2,3,0,18,0,8,0,0,0,0,1,1,6,1,18,4,125,1,2,3,1
201401KD50338,1,9,0,7,0,8,0,0,0,0,1,1,3,2,38,7,1364,1,5,4,1
201401KD50338,2,1,0,18,9,8,0,0,0,0,1,1,6,2,42,7,-1,-1,-1,3,1
201401KD50339,1,9,0,1,0,0,0,0,0,0,2,1,6,2,43,7,2198,1,12,3,1
201401KD50340,1,11,0,7,0,8,0,0,0,0,0,1,1,1,61,9,9000,2,6,6,3
201401KD50341,1,9,0,18,0,1,0,0,0,0,1,1,6,1,51,8,1598,1,3,8,1
201401KD50341,2,21,0,5,0,1,0,0,0,0,2,1,1,1,58,9,7284,2,14,3,1
201401KD50342,1,9,0,9,0,8,0,0,0,0,3,1,2,1,24,5,1798,1,8,5,1
201401KD50342,2,4,0,13,0,8,0,0,0,0,1,1,2,1,22,5,-1,-1,-1,9,1
201401KD50343,1,9,0,18,0,0,0,0,0,0,1,1,6,1,19,4,1360,1,12,4,1
201401KD50346,1,9,0,9,0,8,0,0,0,0,3,1,6,1,17,4,1149,1,9,1,1
201401KD50346,2,9,0,18,0,8,0,0,0,0,1,1,6,2,35,6,1598,1,10,1,1
201401KD50348,1,9,0,3,0,1,0,0,0,0,2,1,1,2,44,7,1995,1,6,7,3
201401KD50348,2,9,0,5,0,1,0,0,0,0,1,1,2,1,32,6,-1,-1,-1,7,1
201401KD50349,1,9,0,18,0,1,0,0,0,0,1,1,1,1,31,6,-1,-1,-1,3,1
201401KD50349,2,9,0,4,0,1,0,0,0,0,2,1,1,1,44,7,1998,1,10,2,1
201401KD50350,1,9,0,18,0,3,0,0,0,0,1,1,6,2,73,10,1560,2,7,8,1
201401KD50351,1,9,0,18,0,8,0,0,0,0,4,1,6,3,-1,-1,-1,-1,-1,-1,-1
201401KD50351,2,9,0,6,0,8,0,0,0,0,2,1,6,2,25,5,-1,-1,-1,8,1
201401KD50352,1,9,0,18,0,8,0,0,0,0,1,1,6,1,47,8,1798,1,11,-1,-1
201401KD50352,2,9,0,9,0,8,0,0,0,0,4,1,6,2,19,4,1598,1,12,9,3
201401KD50352,3,9,0,10,0,1,0,0,0,0,3,1,6,2,26,6,998,1,-1,5,1
201401KD50353,1,9,0,3,0,1,0,0,0,0,2,1,6,2,27,6,1339,1,1,2,1
201401KD50353,2,9,0,5,0,1,0,0,0,0,1,1,6,2,-1,-1,1997,1,9,-1,-1
201401KD50354,1,9,0,9,0,1,0,0,0,0,3,1,6,2,29,6,1998,1,10,7,1
201401KD50354,2,19,0,13,0,1,0,0,0,0,1,1,6,1,-1,-1,2148,2,7,9,1
201401KD50356,1,9,0,18,0,8,0,7,0,0,1,1,6,1,39,7,1598,1,13,3,1
201401KD50356,2,9,0,9,0,8,0,0,0,0,3,1,6,1,18,4,999,1,-1,-1,-1
201401KD50357,1,9,0,18,0,8,0,0,0,0,3,1,6,1,67,10,1997,2,7,5,1
201401KD50357,2,9,0,9,0,8,0,0,0,0,1,1,6,1,32,6,-1,-1,-1,2,1
201401KD50358,1,9,0,18,0,1,0,0,0,0,4,1,1,2,51,8,1242,1,1,4,1
201401KD50359,1,9,0,9,0,8,0,0,0,0,1,1,6,2,35,6,1596,1,12,8,1
201401KD50359,2,9,0,18,0,8,0,0,0,0,4,1,6,2,42,7,1595,1,10,5,1
201401KD50360,1,9,0,18,0,8,0,0,0,0,1,1,6,2,19,4,1242,1,2,10,2
201401KD50360,2,1,0,18,9,8,0,0,0,0,4,1,6,1,16,4,-1,-1,-1,2,1
201401KD50361,1,1,0,18,0,0,0,0,0,0,2,1,6,1,-1,-1,-1,-1,-1,6,1
201401KD50361,2,9,0,18,0,0,0,0,0,0,1,1,6,1,-1,-1,-1,-1,-1,-1,-1
201401KD50362,1,3,0,7,0,8,0,0,0,0,3,1,6,1,61,9,790,1,11,7,1
201401KD50362,2,9,0,18,0,8,0,0,0,0,1,1,6,1,67,10,2435,1,15,2,1
201401KD50363,1,9,0,18,0,1,0,0,0,0,1,1,6,1,20,4,1349,1,-1,3,1
201401KD50363,2,9,0,4,0,1,0,0,0,0,2,1,6,1,40,7,-1,-1,-1,8,1
201401KD50365,1,9,0,9,0,8,0,0,0,0,2,1,6,2,29,6,1596,1,8,2,1
201401KD50365,2,19,0,18,0,8,0,0,0,0,1,1,1,1,46,8,-1,-1,-1,8,1
201401KD50368,1,9,0,17,0,8,0,0,0,0,2,1,6,2,24,5,1796,1,11,9,1
201401KD50368,2,19,0,18,0,8,0,0,0,0,1,1,6,1,27,6,1686,2,10,3,1
201401KD50369,1,19,0,18,0,8,0,0,0,0,1,1,6,3,-1,-1,-1,-1,-1,-1,-1
201401KD50370,1,9,0,18,0,0,0,0,0,0,1,1,6,1,32,6,1995,1,11,7,1
201401KD50370,2,90,0,18,0,0,0,0,0,0,1,1,6,1,-1,-1,-1,-1,-1,-1,-1
201401KD50371,1,9,0,18,0,0,0,0,0,0,3,1,6,2,40,7,1686,2,1,3,2
201401KD50371,2,3,0,13,0,0,0,0,0,0,4,1,6,1,27,6,125,1,2,1,1
201401KD50372,1,9,0,18,0,1,0,0,0,0,2,1,6,1,32,6,1798,1,7,9,1
201401KD50372,2,9,0,18,0,1,0,0,0,0,1,1,6,1,77,11,1398,2,-1,-1,-1
201401KD50373,1,4,0,18,0,8,0,0,0,0,2,1,6,1,42,7,125,1,15,8,1
201401KD50373,2,9,0,9,0,8,0,0,0,0,1,1,6,1,37,7,1970,1,12,3,1
201401KD50375,1,9,0,3,0,2,0,0,0,0,2,1,6,1,47,8,-1,-1,-1,8,1
201401KD50375,2,9,0,3,0,2,0,0,0,0,2,1,6,1,26,6,1248,1,-1,2,1
201401KD50375,3,9,0,16,0,2,0,0,0,0,1,1,6,1,34,6,1360,1,13,2,1
201401KD50376,1,9,0,18,0,0,0,0,0,0,1,1,6,2,24,5,1598,1,-1,9,1
201401KD50377,1,9,0,4,0,0,0,0,0,0,2,1,6,2,76,11,996,1,1,9,2
201401KD50377,2,9,0,18,0,0,0,0,0,0,1,1,6,1,37,7,1560,2,9,2,1
201401KD50378,1,9,0,18,0,0,0,0,0,0,1,1,6,3,-1,-1,-1,-1,-1,-1,-1
201401KD50379,1,11,0,9,0,2,0,0,0,0,0,1,2,1,30,6,-1,-1,-1,4,1
201401KD50380,1,9,0,4,0,1,0,0,0,0,2,1,6,2,50,8,1997,1,9,7,1
201401KD50380,2,9,0,4,0,1,0,0,0,0,1,1,6,1,20,4,1598,1,8,7,1
201401KD50381,1,19,0,16,0,0,0,0,0,0,1,1,1,1,46,8,1998,2,10,2,1
201401KD50382,1,9,0,18,0,0,0,0,0,0,1,1,6,1,18,4,1995,2,4,7,1
201401KD50382,2,9,0,18,0,0,0,0,0,0,1,1,6,1,26,6,1242,1,4,3,1
201401KD50383,1,9,0,16,0,0,0,0,0,0,1,1,6,1,39,7,1984,1,9,4,1
201401KD50383,2,9,0,17,0,0,0,0,0,0,1,1,6,1,21,5,1956,2,5,4,1
201401KD50384,1,9,0,1,0,0,0,0,0,0,2,1,6,1,39,7,1984,1,10,2,1
201401KD50385,1,9,0,18,0,0,0,11,5,6,1,1,6,2,23,5,1242,1,4,-1,1
201401KD50386,1,11,0,4,0,1,0,0,0,0,0,1,1,1,30,6,7300,2,9,4,1
201401KD50388,1,9,0,4,0,0,0,0,0,0,2,1,6,2,52,8,-1,-1,-1,6,1
201401KD50388,2,9,0,18,0,0,0,0,0,0,1,1,6,1,-1,-1,-1,-1,-1,-1,-1
201401KD50389,1,9,0,18,0,0,0,0,0,0,4,1,6,1,-1,-1,-1,-1,-1,-1,-1
201401KD50390,1,9,0,18,0,8,0,0,0,0,3,1,6,2,55,8,1124,1,12,6,3
201401KD50390,2,9,0,18,0,8,0,0,0,0,1,1,1,2,50,8,-1,-1,-1,-1,-1
201401KD50391,1,9,0,9,0,8,0,0,0,0,3,1,6,2,29,6,1149,1,12,-1,-1
201401KD50391,2,19,0,18,0,8,0,0,0,0,1,1,6,1,54,8,1997,2,11,3,1
201401KD50392,1,9,0,4,0,0,0,0,0,0,2,1,6,2,38,7,1798,1,6,-1,-1
201401KD50392,2,9,0,4,0,0,0,0,0,0,2,1,2,1,42,7,1796,1,7,9,3
201401KD50392,3,9,0,18,0,0,0,0,0,0,1,1,2,1,42,7,1988,1,15,10,1
201401KD50393,1,9,0,7,0,8,0,0,0,0,3,1,6,1,46,8,1598,1,13,3,1
201401KD50393,2,1,0,18,0,8,0,0,0,0,1,1,6,1,21,5,-1,-1,-1,1,1
201401KD50394,1,9,0,18,0,8,0,0,0,0,3,1,6,1,42,7,1285,1,-1,9,3
201401KD50394,2,9,0,9,0,8,0,0,0,0,1,1,6,2,26,6,1895,1,14,2,1
201401KD50396,1,3,0,18,0,0,0,0,0,0,1,1,1,1,24,5,102,1,8,3,1
201401KD50396,2,9,0,18,0,0,0,0,0,0,2,1,2,2,46,8,1796,1,13,8,1
201401KD50397,1,11,0,16,0,8,0,0,0,0,0,1,1,1,26,6,4500,2,4,2,1
201401KD50399,1,9,0,3,0,0,0,0,0,0,2,1,6,1,38,7,1598,1,5,-1,-1
201401KD50399,2,9,0,3,0,0,0,0,0,0,2,1,1,1,55,8,1997,2,6,-1,-1
201401KD50399,3,9,0,3,0,0,0,0,0,0,2,1,1,1,27,6,-1,-1,-1,-1,-1
201401KD50399,4,9,0,18,0,0,0,0,0,0,1,1,6,2,47,8,-1,-1,-1,4,1
201401KD50400,1,9,0,2,0,0,0,0,0,0,3,1,2,1,61,9,1998,1,14,8,1
201401KD50400,2,1,0,18,0,0,0,8,0,0,1,1,2,1,25,5,-1,-1,-1,6,1
201401KD50401,1,3,0,13,0,8,0,0,0,0,4,1,6,1,28,6,125,1,2,10,1
201401KD50401,2,9,0,9,0,8,0,0,0,0,3,1,6,2,57,9,1248,1,2,10,1
201401KD50402,1,9,0,18,0,8,0,0,0,0,1,1,6,1,65,9,1968,2,-1,8,1
201401KD50402,2,9,0,9,0,8,0,0,0,0,1,1,6,2,47,8,1998,1,12,-1,-1
201401KD50403,1,9,0,9,0,8,0,0,0,0,4,1,6,2,71,10,1797,8,4,7,1
201401KD50403,2,9,0,18,0,8,0,0,0,0,1,1,6,2,30,6,1498,1,4,3,1
201401KD50405,1,9,0,7,0,8,0,0,0,0,4,1,6,1,45,7,1997,2,8,8,1
201401KD50405,2,4,0,15,0,8,0,0,0,0,3,1,6,1,54,8,299,1,-1,8,1
201401KD50406,1,9,0,18,0,8,0,0,0,0,4,1,6,2,25,5,1596,1,11,7,1
201401KD50406,2,9,0,9,0,8,0,0,0,0,1,1,6,1,24,5,1364,1,4,5,1
201401KD50407,1,2,0,18,0,1,1,0,0,0,4,1,2,2,25,5,124,1,3,4,1
201401KD50408,1,9,0,18,0,8,0,0,0,0,1,1,6,1,27,6,-1,-1,-1,3,1
201401KD50408,2,9,0,9,0,8,0,0,0,0,3,1,2,1,64,9,1299,1,15,3,1
201401KD50409,1,9,0,18,0,0,0,0,0,0,1,1,6,1,42,7,1242,1,3,2,1
201401KD50409,2,1,0,18,0,0,0,0,0,0,4,1,6,1,-1,-1,-1,-1,-1,8,1
201401KD50410,1,9,0,18,0,8,0,0,0,0,1,1,6,1,53,8,1796,1,8,3,1
201401KD50410,2,9,0,9,0,8,0,0,0,0,1,1,6,2,35,6,1596,1,9,6,1
201401KD50411,1,9,0,17,0,8,0,0,0,0,4,1,1,1,65,9,1686,2,4,2,1
201401KD50411,2,5,0,17,0,8,0,0,0,0,3,1,1,1,53,8,1298,1,13,10,2
201401KD50412,1,9,0,18,0,0,0,4,0,0,3,1,6,2,28,6,1997,2,8,3,1
201401KD50412,2,9,0,3,0,0,0,0,0,0,1,1,6,1,22,5,1364,1,10,8,1
201401KD50412,3,9,0,2,0,0,0,0,0,0,4,1,6,1,39,7,-1,-1,-1,7,1
201401KD50412,4,9,0,2,0,0,0,0,0,0,3,1,6,1,25,5,1495,1,17,7,1
201401KD50413,1,19,0,4,0,1,0,0,0,0,2,1,6,1,56,9,2402,2,5,3,1
201401KD50413,2,9,0,18,0,1,0,0,0,0,1,1,6,1,40,7,1497,1,12,5,1
201401KD50415,1,9,0,1,0,8,0,0,0,0,2,1,6,2,54,8,-1,-1,-1,6,1
201401KD50415,2,1,0,18,0,8,0,0,0,0,4,1,6,2,38,7,-1,-1,-1,4,1
201401KD50416,1,9,0,9,0,8,0,0,0,0,2,1,6,1,33,6,1798,1,-1,8,1
201401KD50416,2,9,0,18,0,8,0,0,0,0,1,1,6,2,83,11,1240,1,10,8,1
201401KD50417,1,9,0,18,0,0,0,10,2,10,1,1,6,2,19,4,1108,1,13,7,1
201401KD50418,1,9,0,18,0,0,0,0,0,0,3,1,6,2,49,8,998,1,8,3,1
201401KD50419,1,9,0,18,0,0,0,0,0,0,1,1,6,1,27,6,1598,1,9,5,1
201401KD50419,2,9,0,18,0,0,0,0,0,0,2,1,6,1,-1,-1,1997,2,6,-1,-1
201401KD50420,1,11,0,5,0,0,0,0,0,0,0,1,1,1,59,9,9000,2,6,3,1
201401KD50421,1,19,0,3,0,0,0,0,0,0,2,1,1,1,50,8,2402,2,11,2,1
201401KD50421,2,1,0,18,0,0,0,0,0,0,1,1,6,1,49,8,-1,-1,-1,3,1
201401KD50422,1,5,0,4,0,0,0,4,0,0,2,1,6,1,50,8,1084,1,12,10,1
201401KD50422,2,9,0,18,0,0,0,0,0,0,1,1,2,1,47,8,-1,-1,-1,8,1
201401KD50422,3,9,0,2,0,0,0,0,0,0,3,1,6,1,70,10,1388,1,5,6,1
201401KD50423,1,9,0,2,0,0,0,0,0,0,4,1,6,2,22,5,1389,1,19,10,1
201401KD50423,2,9,0,1,0,0,0,4,0,0,2,1,6,2,-1,-1,1998,1,16,-1,-1
201401KD50424,1,9,0,6,0,0,0,0,0,0,1,1,6,2,32,6,1386,1,10,3,1
201401KD50424,2,9,0,18,0,0,0,0,0,0,1,1,6,2,54,8,1248,1,5,8,1
201401KD50425,1,9,0,9,0,8,0,0,0,0,3,1,6,2,68,10,1997,1,1,9,2
201401KD50425,2,1,0,18,0,8,0,0,0,0,1,1,6,1,25,5,-1,-1,-1,7,1
201401KD50426,1,8,0,1,0,0,0,0,0,0,2,1,1,1,40,7,1997,1,4,-1,1
201401KD50427,1,9,0,18,0,0,0,10,8,4,1,1,2,2,19,4,1242,1,3,2,1
201401KD50428,1,9,0,18,0,8,0,0,0,0,1,1,6,1,85,11,1796,1,9,5,1
201401KD50428,2,9,0,18,0,8,0,0,0,0,3,1,6,3,-1,-1,-1,-1,-1,-1,-1
201401KD50429,1,9,0,18,0,0,0,4,0,0,1,1,6,2,35,6,1390,1,9,5,1
201401KD50429,2,19,0,2,0,0,0,0,0,0,2,1,6,1,57,9,1996,2,3,5,1
201401KD50430,1,9,0,18,0,8,0,0,0,0,4,1,6,2,59,9,1951,2,15,8,1
201401KD50430,2,9,0,7,0,8,0,0,0,0,1,1,6,1,80,11,1997,2,4,10,1
201401KD50431,1,9,0,6,0,0,0,0,0,0,3,1,6,1,34,6,-1,-1,-1,10,1
201401KD50431,2,9,0,18,0,0,0,0,0,0,1,1,6,3,-1,-1,-1,-1,-1,-1,-1
201401KD50432,1,19,0,18,0,0,0,4,0,0,1,1,6,1,65,9,1868,2,11,10,1
201401KD50432,2,9,0,2,0,0,0,0,0,0,1,1,6,1,67,10,1388,1,4,2,1
201401KD50433,1,9,0,9,0,8,0,0,0,0,3,1,6,2,57,9,1796,2,1,-1,1
201401KD50433,2,3,0,13,0,8,0,0,0,0,4,1,6,1,22,5,124,1,9,8,1
201401KD50434,1,4,0,18,9,0,0,10,1,10,1,1,6,1,49,8,1043,1,4,-1,-1
201401KD50435,1,9,0,11,0,0,0,0,0,0,4,1,6,2,50,8,996,1,4,7,1
201401KD50435,2,90,0,18,0,0,0,0,0,0,3,1,1,1,46,8,2143,2,4,6,1
201401KD50436,1,9,0,18,0,2,0,0,0,0,4,1,3,2,66,10,1398,1,1,6,1
201401KD50437,1,9,0,18,0,1,0,0,0,0,1,1,6,1,27,6,1995,2,-1,1,1
201401KD50438,1,9,0,17,0,8,0,0,0,0,4,1,6,1,51,8,2993,2,9,9,1
201401KD50438,2,9,0,17,0,8,0,0,0,0,3,1,6,2,51,8,1242,1,5,4,1
201401KD50439,1,21,0,5,0,1,0,0,0,0,4,1,1,1,54,8,-1,-1,-1,4,1
201401KD50440,1,9,0,4,0,1,0,0,0,0,1,1,6,2,32,6,1461,2,4,10,1
201401KD50440,2,9,0,4,0,1,0,0,0,0,2,1,6,1,63,9,1896,2,13,2,1
201401KD50441,1,9,0,10,0,1,0,0,0,0,2,1,6,1,34,6,1999,1,3,7,1
201401KD50441,2,9,0,18,0,1,0,0,0,0,1,1,6,1,51,8,1560,2,3,9,1
201401KD50442,1,9,0,3,0,0,0,0,0,0,2,1,6,2,43,7,-1,-1,-1,5,1
201401KD50442,2,9,0,18,0,0,0,0,0,0,1,1,6,1,-1,-1,2198,2,8,-1,-1
201401KD50443,1,9,0,10,0,1,0,0,0,0,2,1,6,1,22,5,1399,2,12,4,1
201401KD50443,2,9,0,18,0,1,0,0,0,0,1,1,6,1,38,7,1596,1,11,3,1
201401KD50445,1,9,0,18,9,0,0,10,1,10,1,1,6,1,18,4,1000,1,14,7,1
201401KD50447,1,9,0,9,0,8,0,0,0,0,1,1,6,1,38,7,1598,1,13,8,1
201401KD50447,2,1,0,18,0,8,0,0,0,0,1,1,6,1,43,7,-1,-1,-1,-1,-1
201401KD50448,1,9,0,3,0,1,0,0,0,0,2,1,1,2,50,8,1364,1,7,8,1
201401KD50448,2,19,0,18,0,1,0,0,0,0,1,1,6,1,-1,-1,-1,-1,-1,-1,-1
201401KD50449,1,4,0,10,0,1,0,0,0,0,1,1,6,1,28,6,124,1,7,1,1
201401KD50449,2,9,0,9,0,2,0,0,0,0,1,1,6,3,-1,-1,1364,1,6,-1,-1
201401KD50450,1,9,0,18,0,0,0,0,0,0,1,1,6,2,40,7,1461,2,5,2,1
201401KD50450,2,9,0,4,0,0,0,0,0,0,2,1,6,2,38,7,1598,1,8,2,1
201401KD50450,3,9,0,4,0,0,0,0,0,0,2,1,6,1,65,9,2198,1,5,6,3
201401KD50451,1,9,0,18,9,0,2,10,7,9,1,1,6,1,24,5,1596,1,13,1,1
201401KD50452,1,9,0,18,0,8,0,0,0,0,4,1,6,2,29,6,1242,1,8,3,1
201401KD50452,2,9,0,9,0,8,0,0,0,0,1,1,6,1,44,7,2987,2,2,9,3
201401KD50453,1,19,0,4,0,1,0,0,0,0,2,1,6,1,24,5,-1,-1,-1,-1,-1
201401KD50453,2,9,0,18,0,1,0,0,0,0,1,1,6,1,42,7,2494,1,12,6,1
201401KD50454,1,9,0,18,0,2,0,0,0,0,2,1,6,2,38,7,1896,2,11,6,1
201401KD50454,2,9,0,18,0,2,0,0,0,0,1,1,6,3,-1,-1,-1,-1,-1,-1,-1
201401KD50456,1,9,0,16,0,0,0,0,0,0,1,1,6,2,26,6,1896,2,9,5,1
201401KD50456,2,19,0,16,0,0,0,0,0,0,2,1,6,1,27,6,2148,2,6,3,1
201401KD50457,1,8,0,5,0,0,0,0,0,0,4,1,1,1,-1,-1,-1,-1,-1,-1,-1
201401KD50458,1,9,0,3,0,1,0,0,0,0,2,1,6,1,31,6,1596,1,12,2,1
201401KD50458,2,9,0,3,0,1,0,0,0,0,2,1,6,1,28,6,1595,1,11,7,1
201401KD50458,3,9,0,10,0,1,0,0,0,0,2,1,6,1,28,6,998,1,11,3,1
201401KD50458,4,9,0,18,0,1,0,0,0,0,1,1,6,1,34,6,1598,2,1,3,1
201401KD50459,1,9,0,18,0,0,0,4,0,0,1,1,6,2,84,11,1198,1,3,-1,-1
201401KD50459,2,9,0,2,0,0,0,0,0,0,2,1,6,3,-1,-1,-1,-1,-1,-1,-1
201401KD50460,1,9,0,17,0,8,0,0,0,0,1,1,1,1,32,6,1493,2,4,4,1
201401KD50460,2,1,0,17,0,8,0,0,0,0,2,1,6,1,55,8,-1,-1,-1,-1,1
201401KD50461,1,9,0,9,0,8,0,0,0,0,3,1,6,1,34,6,1598,1,4,7,1
201401KD50461,2,3,0,13,0,8,0,0,0,0,4,1,6,1,20,4,-1,-1,-1,7,1
201401KD50462,1,9,0,4,0,1,0,0,0,0,2,1,6,2,50,8,1598,1,10,4,1
201401KD50462,2,9,0,18,0,1,0,0,0,0,1,1,6,1,21,5,1339,1,8,8,1
201401KD50463,1,9,0,18,0,8,0,0,0,0,4,1,6,2,28,6,1587,1,11,7,1
201401KD50463,2,9,0,7,0,8,0,0,0,0,1,1,6,3,-1,-1,-1,-1,-1,-1,-1
201401KD50464,1,9,0,1,0,1,0,0,0,0,2,1,6,1,64,9,2184,2,12,3,1
201401KD50465,1,9,0,1,0,1,0,0,0,0,2,1,6,1,64,9,1797,8,2,10,2
201401KD50467,1,9,0,18,0,0,0,0,0,0,1,1,6,1,69,10,1896,2,12,3,1
201401KD50467,2,9,0,18,0,0,0,0,0,0,1,1,6,1,-1,-1,1598,1,17,8,3
201401KD50468,1,3,0,18,0,0,0,0,0,0,1,1,6,1,18,4,125,1,3,6,1
201401KD50468,2,9,0,4,0,0,0,0,0,0,2,1,6,1,19,4,1299,1,11,2,1
201401KD50469,1,9,0,18,0,0,5,10,0,0,4,1,6,2,22,5,1242,1,2,3,1
201401KD50470,1,9,0,17,0,8,0,0,0,0,1,1,1,1,21,5,1422,2,6,7,1
201401KD50470,2,9,0,17,0,8,0,0,0,0,2,1,1,2,55,8,995,1,11,2,1
201401KD50471,1,3,0,18,0,1,0,0,0,0,1,1,6,1,33,6,124,1,3,2,1
201401KD50471,2,9,0,18,0,1,0,0,0,0,2,1,6,1,22,5,1248,1,3,9,1
201401KD50472,1,9,0,17,0,8,0,0,0,0,3,1,2,2,25,5,998,1,1,2,1
201401KD50472,2,9,0,17,0,8,0,0,0,0,4,1,6,2,-1,-1,-1,-1,-1,-1,-1
201401KD50473,1,9,0,9,0,8,0,0,0,0,3,1,6,1,76,11,2496,2,10,8,1
201401KD50473,2,9,0,18,0,8,0,0,0,0,1,1,6,1,63,9,1124,1,12,-1,-1
201401KD50474,1,9,0,18,0,1,0,0,0,0,1,1,6,2,37,7,2696,2,5,8,1
201401KD50474,2,19,0,4,0,1,0,0,0,0,2,1,6,1,35,6,2148,2,6,2,1
201401KD50474,3,9,0,4,0,1,0,0,0,0,2,1,6,1,58,9,1999,1,8,5,1
201401KD50475,1,9,0,9,9,2,0,10,1,10,1,1,6,1,85,11,1999,1,8,6,1
201401KD50476,1,9,0,4,0,1,0,0,0,0,2,1,6,2,43,7,1329,1,-1,1,1
201401KD50476,2,9,0,4,0,1,0,0,0,0,2,1,6,2,53,8,2400,2,5,3,1
201401KD50476,3,9,0,18,0,1,0,0,0,0,1,1,6,1,63,9,1794,1,8,7,1
201401KD50477,1,9,0,7,0,2,0,0,0,0,4,1,6,1,91,11,-1,-1,-1,-1,-1
201401KD50478,1,9,0,9,0,8,0,0,0,0,3,1,6,2,35,6,1600,1,10,10,1
201401KD50478,2,3,0,13,0,8,0,0,0,0,4,1,6,1,38,7,-1,-1,-1,-1,-1
201401KD50479,1,9,0,9,0,8,0,0,0,0,1,1,6,1,20,4,1199,1,13,9,1
201401KD50479,2,9,0,18,0,8,0,0,0,0,4,1,6,1,17,4,1499,2,-1,5,1
201401KD50480,1,9,0,3,0,2,0,0,0,0,2,1,1,2,21,5,1598,1,1,5,1
201401KD50480,2,9,0,18,0,2,0,0,0,0,1,1,6,1,-1,-1,1598,1,7,-1,-1
201401KD50481,1,5,0,18,0,0,0,0,0,0,4,1,2,1,22,5,955,1,16,9,3
201401KD50481,2,9,0,12,0,0,0,0,0,0,3,1,6,3,-1,-1,-1,-1,-1,-1,-1
201401KD50485,1,9,0,1,0,0,0,0,0,0,2,1,3,2,37,7,1461,2,3,6,1
201401KD50486,1,19,0,17,0,8,0,0,0,0,3,1,2,1,47,8,2198,2,7,8,1
201401KD50486,2,9,0,17,0,8,0,0,0,0,4,1,2,1,-1,-1,1870,2,13,-1,-1
201401KD50487,1,9,0,18,0,1,0,0,0,0,1,1,2,1,64,9,-1,-1,-1,9,1
201401KD50488,1,1,0,18,0,1,0,0,0,0,3,1,2,1,31,6,-1,-1,-1,4,1
201401KD50488,2,9,0,7,0,5,0,0,0,0,4,1,6,2,-1,-1,-1,-1,-1,-1,-1
201401KD50489,1,9,0,17,0,8,0,0,0,0,1,1,6,1,18,4,1242,1,8,6,3
201401KD50489,2,9,0,16,0,8,0,0,0,0,1,1,6,1,61,9,1796,1,18,-1,-1
201401KD50490,1,9,0,18,0,8,0,0,0,0,1,1,6,2,52,8,1753,2,12,4,1
201401KD50490,2,1,0,18,0,8,0,0,0,0,3,1,6,1,20,4,-1,-1,-1,4,1
201401KD50492,1,19,0,9,0,8,0,0,0,0,1,1,1,2,57,9,1896,2,4,1,1
201401KD50492,2,19,0,18,0,8,0,0,0,0,3,1,1,1,36,7,2261,1,7,6,1
201401KD50493,1,3,0,18,0,8,0,0,0,0,1,1,6,1,20,4,124,1,2,6,1
201401KD50493,2,9,0,9,0,8,0,0,0,0,3,1,6,2,36,7,1229,1,3,2,1
201401KD50494,1,9,0,9,0,8,0,0,0,0,2,1,2,2,42,7,3436,1,2,8,1
201401KD50494,2,5,0,18,0,8,0,0,0,0,1,1,6,1,-1,-1,598,1,25,2,1
201401KD50495,1,20,0,18,0,8,0,0,0,0,4,1,1,1,30,6,-1,-1,-1,8,1
201401KD50495,2,9,0,7,0,8,0,0,0,0,1,1,6,2,45,7,1598,1,8,-1,-1
201401KD50496,1,9,0,18,0,8,0,0,0,0,1,1,6,1,67,10,2198,1,12,10,1
201401KD50496,2,9,0,7,0,8,0,0,0,0,3,1,6,1,52,8,2295,1,16,3,1
201401KD50497,1,9,0,18,0,0,0,0,0,0,4,1,1,1,47,8,1997,2,10,4,1
201401KD50498,1,9,0,18,0,8,0,0,0,0,3,1,6,2,42,7,996,1,5,5,1
201401KD50498,2,9,0,18,0,8,0,0,0,0,1,1,6,3,-1,-1,1248,2,6,-1,-1
201401KD50499,1,9,0,18,0,0,0,0,0,0,2,1,2,1,65,9,-1,-1,-1,10,1
201401KD50499,2,21,1,11,0,0,0,0,0,0,1,1,1,1,42,7,10518,2,1,-1,1
201401KD50499,3,21,1,18,0,0,0,0,0,0,4,2,1,1,56,9,-1,-1,-1,-1,-1
201401KD50501,1,9,0,17,0,8,0,0,0,0,2,1,2,2,28,6,1390,1,9,1,1
201401KD50501,2,9,0,17,0,8,0,0,0,0,1,1,6,3,-1,-1,-1,-1,-1,-1,-1
201401KD50502,1,9,0,18,9,0,0,10,1,2,1,1,6,2,25,5,1242,1,9,9,1
201401KD50505,1,3,0,18,0,8,0,0,0,0,1,1,6,1,20,4,124,1,2,3,1
201401KD50505,2,9,0,9,0,8,0,0,0,0,3,1,6,1,73,10,2987,2,5,5,1
201401KD50506,1,21,1,18,0,1,0,0,0,0,1,1,1,1,45,7,12777,2,8,5,1
201401KD50506,2,9,0,18,0,2,0,0,0,0,1,1,6,1,45,7,1598,1,2,9,1