Accident_Index,Vehicle_Reference,Vehicle_Type,Towing_and_Articulation,Vehicle_Manoeuvre,Vehicle_Location-Restricted_Lane,Junction_Location,Skidding_and_Overturning,Hit_Object_in_Carriageway,Vehicle_Leaving_Carriageway,Hit_Object_off_Carriageway,1st_Point_of_Impact,Was_Vehicle_Left_Hand_Drive?,Journey_Purpose_of_Driver,Sex_of_Driver,Age_of_Driver,Age_Band_of_Driver,Engine_Capacity_(CC),Propulsion_Code,Age_of_Vehicle,Driver_IMD_Decile,Driver_Home_Area_Type
201401KD50507,1,9,0,18,0,0,0,0,0,0,1,1,6,1,80,11,1299,1,9,5,1
201401KD50508,1,9,0,18,9,1,0,10,7,2,1,1,2,1,28,6,1598,1,12,4,1
201401KD50509,1,9,0,9,0,2,0,0,0,0,1,1,6,3,-1,-1,-1,-1,-1,-1,-1
201401KD50510,1,9,0,2,0,0,0,0,0,0,1,1,3,2,26,6,1598,1,1,2,1
201401KD50510,2,19,0,18,0,0,0,4,0,0,1,1,6,1,-1,-1,1753,2,7,-1,-1
201401KD50511,1,2,0,9,0,8,0,0,0,0,4,1,6,1,16,4,49,1,3,1,1
201401KD50511,2,9,0,18,0,8,0,0,0,0,1,1,6,1,26,6,1679,1,14,10,2
201401KD50512,1,9,0,16,0,2,0,0,0,0,1,1,6,1,77,11,1560,2,2,7,1
201401KD50513,1,9,0,9,0,5,0,0,0,0,1,1,2,1,34,6,2496,2,11,7,1
201401KD50514,1,19,0,17,0,0,0,0,0,0,1,1,1,1,42,7,2298,2,3,1,1
201401KD50514,2,9,0,17,0,0,0,0,0,0,2,1,6,2,31,6,1995,2,2,7,1
201401KD50515,1,9,0,18,0,8,0,0,0,0,1,1,6,2,20,4,1242,1,2,2,1
201401KD50515,2,9,0,9,0,8,0,0,0,0,4,1,6,2,22,5,1242,1,8,4,1
201401KD50517,1,8,0,2,0,1,0,0,0,0,2,1,1,1,35,6,1910,2,4,5,1
201401KD50517,2,9,0,18,0,1,0,4,0,0,1,1,6,2,-1,-1,-1,-1,-1,-1,-1
201401KD50518,1,9,0,7,0,5,0,0,0,0,4,1,1,2,50,8,1596,1,9,6,1
201401KD50518,2,1,0,18,0,1,0,0,0,0,3,1,2,1,46,8,-1,-1,-1,7,1
201401KD50519,1,9,0,6,0,0,0,0,0,0,1,1,6,1,34,6,2494,1,11,10,1
201401KD50519,2,5,0,18,0,0,0,0,0,0,3,1,6,1,56,9,500,1,-1,6,1
201401KD50520,1,5,0,18,0,8,0,0,0,0,1,1,2,1,52,8,680,1,7,10,1
201401KD50520,2,9,0,7,0,8,0,0,0,0,3,1,2,2,54,8,1397,1,4,8,1
201401KD50521,1,9,0,18,0,0,0,4,0,0,1,1,1,2,27,6,1248,2,-1,4,1
201401KD50521,2,9,0,2,0,0,0,0,0,0,1,1,6,1,61,9,1598,1,5,8,1
201401KD50522,1,9,0,18,0,0,0,0,0,0,1,1,6,2,23,5,1587,1,12,5,1
201401KD50522,2,9,0,3,0,0,0,0,0,0,2,1,6,1,45,7,1560,2,1,7,1
201401KD50522,3,9,0,3,0,0,0,0,0,0,2,1,6,1,30,6,1995,2,5,-1,-1
201401KD50523,1,9,0,14,0,0,0,0,0,0,1,1,6,1,26,6,3628,2,6,-1,1
201401KD50524,1,19,0,18,0,2,0,0,0,0,1,1,1,1,33,6,2198,2,6,7,1
201401KD50524,2,5,0,18,0,1,0,0,0,0,1,1,6,1,24,5,749,1,5,-1,-1
201401KD50525,1,9,0,2,0,0,0,0,0,0,3,1,6,1,44,7,-1,-1,-1,9,2
201401KD50525,2,8,0,18,0,0,0,4,0,0,1,1,6,1,65,9,1582,2,1,-1,-1
201401KD50527,1,9,0,9,0,8,0,0,0,0,4,1,6,1,40,7,1388,1,7,3,1
201401KD50527,2,9,0,18,0,8,0,0,0,0,1,1,6,2,34,6,1242,1,9,4,1
201401KD50528,1,9,0,3,0,0,0,0,0,0,2,1,3,1,46,8,1598,1,7,6,1
201401KD50528,2,9,0,5,0,0,0,0,0,0,1,1,6,1,-1,-1,1242,1,15,-1,-1
201401KD50529,1,9,0,3,0,1,0,0,0,0,2,1,6,2,44,7,1689,2,12,8,1
201401KD50529,2,9,0,18,0,1,0,0,0,0,1,1,6,2,-1,-1,1598,1,7,-1,-1
201401KD50530,1,9,0,5,0,2,0,0,0,0,3,1,6,1,46,8,1753,2,4,3,1
201401KD50530,2,1,0,18,0,2,0,0,0,0,4,1,6,1,16,4,-1,-1,-1,2,1
201401KD50531,1,1,0,9,0,8,0,0,0,0,4,1,6,1,21,5,-1,-1,-1,1,1
201401KD50531,2,9,0,18,0,8,0,0,0,0,1,1,1,2,45,7,989,1,10,7,1
201401KD50532,1,11,0,5,0,0,0,0,0,0,0,1,1,1,-1,-1,9000,2,6,-1,-1
201401KD50534,1,21,1,12,0,0,0,0,0,0,3,1,1,1,22,5,-1,-1,-1,-1,-1
201401KD50534,2,9,0,18,0,0,0,10,5,6,4,1,2,1,48,8,1149,1,7,8,1
201401KD50535,1,90,0,18,0,8,0,0,0,0,1,1,1,2,40,7,2143,2,4,7,1
201401KD50535,2,9,0,9,0,8,0,0,0,0,3,1,6,2,52,8,1998,1,8,6,1
201401KD50536,1,9,0,9,0,8,0,0,0,0,4,1,6,2,30,6,1799,1,6,5,1
201401KD50536,2,9,0,18,0,8,0,0,0,0,1,1,6,1,26,6,2993,2,6,1,1
201401KD50537,1,9,0,17,0,2,0,0,0,0,1,1,6,1,42,7,1242,1,7,4,1
201401KD50537,2,9,0,16,0,1,0,0,0,0,1,1,6,1,27,6,1796,1,11,2,1
201401KD50538,1,1,0,18,0,8,0,0,0,0,1,1,6,2,40,7,-1,-1,-1,9,1
201401KD50538,2,9,0,9,0,8,0,0,0,0,4,1,6,2,-1,-1,-1,-1,-1,-1,-1
201401KD50539,1,1,0,3,0,1,0,0,0,0,2,1,2,1,56,9,-1,-1,-1,4,1
201401KD50539,2,9,0,5,0,1,0,0,0,0,1,1,6,2,-1,-1,1390,1,10,2,1
201401KD50540,1,9,0,3,0,0,0,0,0,0,2,1,2,2,24,5,1242,1,1,2,1
201401KD50540,2,9,0,18,0,0,0,0,0,0,1,1,6,1,-1,-1,1995,1,7,-1,-1
201401KD50541,1,11,0,7,0,2,0,0,0,0,1,1,1,1,56,9,4500,2,4,3,1
201401KD50541,2,9,0,18,0,1,0,0,0,0,3,1,6,1,20,4,1242,1,1,2,1
201401KD50544,1,9,0,18,0,1,0,7,0,0,1,1,6,1,69,10,1198,1,-1,-1,-1
201401KD50545,1,9,0,18,0,0,0,4,0,0,1,1,6,1,18,4,1388,1,11,6,1
201401KD50545,2,21,1,2,0,0,0,0,0,0,2,2,6,1,36,7,-1,-1,-1,-1,-1
201401KD50546,1,9,0,3,0,1,0,0,0,0,2,1,6,2,58,9,1299,1,10,5,1
201401KD50546,2,9,0,3,0,1,0,0,0,0,2,1,6,1,31,6,1560,2,-1,3,1
201401KD50546,3,9,0,18,0,1,0,0,0,0,1,1,6,1,43,7,1998,1,13,2,1
201401KD50547,1,9,0,9,0,8,0,0,0,0,1,1,6,1,26,6,1490,1,9,3,1
201401KD50547,2,9,0,18,0,8,0,0,0,0,4,1,6,1,33,6,1598,1,1,2,1
201401KD50548,1,9,0,3,0,1,0,0,0,0,2,1,6,1,43,7,1986,2,7,7,1
201401KD50548,2,9,0,4,0,1,0,0,0,0,2,1,6,2,24,5,1124,1,13,6,1
201401KD50548,3,9,0,18,0,1,0,0,0,0,1,1,6,1,22,5,1995,2,8,8,1
201401KD50549,1,8,0,18,0,1,0,0,0,0,1,1,1,1,46,8,-1,-1,-1,6,1
201401KD50549,2,9,0,4,0,1,0,0,0,0,2,1,6,1,57,9,1386,1,2,5,1
201401KD50550,1,9,0,18,0,8,0,0,0,0,1,1,6,1,63,9,1242,1,12,7,1
201401KD50550,2,9,0,9,0,8,0,0,0,0,3,1,6,2,21,5,1299,1,13,-1,-1
201401KD50551,1,9,0,18,0,0,0,0,0,0,4,1,6,2,35,6,1796,1,14,4,1
201401KD50551,2,2,0,5,0,0,0,0,0,0,3,1,1,1,26,6,49,1,4,3,1
201401KD50553,1,9,0,18,0,0,0,10,5,6,3,1,6,1,22,5,3628,2,6,1,1
201401KD50554,1,11,0,18,0,2,0,0,0,0,0,1,1,1,-1,-1,9000,2,6,-1,-1
201401KD50556,1,9,0,4,0,0,0,0,0,0,2,1,1,2,35,6,1910,2,4,4,1
201401KD50556,2,9,0,18,0,0,0,0,0,0,1,1,1,2,52,8,1596,1,12,4,1
201401KD50557,1,9,0,17,0,1,0,0,0,0,1,1,6,1,38,7,1797,8,4,4,1
201401KD50557,2,9,0,16,0,2,0,0,0,0,1,1,1,1,34,6,1984,2,-1,-1,-1
201401KD50558,1,9,0,1,0,1,0,0,0,0,2,1,6,2,68,10,1590,1,11,6,1
201401KD50559,1,9,0,18,0,0,0,0,0,0,3,1,6,2,19,4,1368,1,4,5,1
201401KD50559,2,9,0,11,0,0,0,0,0,0,4,1,6,1,-1,-1,-1,-1,-1,-1,-1
201401KD50560,1,9,0,18,0,0,0,0,0,0,2,1,6,2,28,6,1984,1,6,5,1
201401KD50560,2,19,0,18,0,0,0,0,0,0,1,1,2,1,52,8,2198,2,1,9,1
201401KD50561,1,9,0,18,0,0,0,4,0,0,1,1,6,1,91,11,1596,1,7,2,1
201401KD50561,2,9,0,2,0,0,0,4,0,0,2,1,6,2,66,10,1498,1,8,10,1
201401KD50561,3,9,0,2,0,0,0,0,0,0,2,1,6,1,47,8,2290,1,14,4,1
201401KD50562,1,9,0,4,0,1,0,0,0,0,2,1,2,2,47,8,1499,2,1,9,1
201401KD50562,2,9,0,18,0,1,0,0,0,0,1,1,6,1,-1,-1,-1,-1,-1,-1,-1
201401KD50563,1,11,0,18,0,1,0,0,0,0,0,1,1,1,42,7,8268,2,12,7,1
201401KD50565,1,9,0,18,0,0,0,0,0,0,3,1,6,2,-1,-1,-1,-1,-1,4,1
201401KD50565,2,1,0,18,0,0,0,0,0,0,3,1,6,1,50,8,-1,-1,-1,3,1
201401KD50567,1,3,0,18,0,0,0,0,0,0,1,1,6,1,41,7,125,1,-1,9,1
201401KD50567,2,9,0,3,0,0,0,0,0,0,2,1,6,2,37,7,2497,2,7,10,1
201401KD50568,1,9,0,18,0,1,0,0,0,0,1,1,2,1,47,8,1991,2,8,8,1
201401KD50568,2,9,0,3,0,1,0,0,0,0,2,1,2,2,37,7,1998,2,9,5,1
201401KD50568,3,9,0,3,0,1,0,0,0,0,2,1,2,1,38,7,1560,2,3,6,1
201401KD50569,1,9,0,18,0,8,0,0,0,0,1,1,1,2,38,7,1598,1,6,9,1
201401KD50569,2,9,0,18,0,8,0,0,0,0,4,1,6,2,42,7,1242,1,1,7,1
201401KD50570,1,9,0,18,0,0,0,0,0,0,1,1,6,2,46,8,1796,1,12,6,1
201401KD50571,1,8,0,7,0,5,0,0,0,0,4,1,1,1,-1,-1,2499,2,2,6,1
201401KD50572,1,9,0,18,0,0,0,0,0,0,1,1,6,2,40,7,1997,2,4,5,1
201401KD50572,2,21,1,18,0,0,0,0,0,0,2,1,1,1,31,6,11967,2,3,2,1
201401KD50573,1,9,0,7,0,8,0,0,0,0,3,1,6,1,23,5,1991,2,9,2,1
201401KD50573,2,9,0,18,0,8,0,0,0,0,1,1,6,2,44,7,1598,1,3,6,1
201401KD50574,1,9,0,18,0,8,0,0,0,0,4,1,6,2,45,7,1360,1,12,5,1
201401KD50574,2,9,0,9,0,8,0,0,0,0,1,1,6,3,-1,-1,1679,1,12,-1,-1
201401KD50575,1,9,0,3,0,0,0,0,0,0,1,1,6,1,45,7,2148,2,8,7,1
201401KD50575,2,9,0,18,0,0,0,0,0,0,1,1,6,2,18,4,1229,1,7,4,1
201401KD50576,1,9,0,11,0,0,0,0,0,0,4,1,6,1,26,6,1360,1,12,3,1
201401KD50576,2,5,0,18,0,0,0,0,0,0,3,1,6,1,31,6,599,1,13,9,1
201401KD50577,1,9,0,9,0,8,0,0,0,0,1,1,6,2,35,6,1997,2,5,10,1
201401KD50577,2,9,0,18,0,8,0,0,0,0,4,1,1,2,28,6,1870,2,10,1,1
201401KD50578,1,9,0,16,9,0,0,10,7,0,3,1,6,1,34,6,1242,1,5,6,1
201401KD50579,1,9,0,18,9,0,0,10,1,10,1,1,6,1,21,5,1388,1,11,8,1
201401KD50580,1,9,0,18,0,0,0,0,0,0,1,1,6,1,34,6,1910,2,6,3,1
201401KD50581,1,19,0,5,0,1,0,0,0,0,1,1,6,3,-1,-1,1995,2,6,-1,-1
201401KD50582,1,9,0,5,0,1,0,0,0,0,2,1,6,1,32,6,998,1,13,3,1
201401KD50582,2,9,0,5,0,1,0,0,0,0,1,1,6,1,27,6,1796,1,24,2,1
201401KD50583,1,9,0,18,0,1,0,0,0,0,2,1,6,1,25,5,899,1,14,3,1
201401KD50583,2,9,0,18,0,1,0,0,0,0,1,1,6,1,18,4,1242,1,8,5,1
201401KD50584,1,9,0,5,0,1,0,0,0,0,1,1,6,1,78,11,1798,1,8,2,1
201401KD50584,2,9,0,3,0,1,0,0,0,0,2,1,6,1,48,8,1596,1,15,4,1
201401KD50584,3,9,0,3,0,1,0,0,0,0,2,1,6,1,21,5,1596,1,3,10,1
201401KD50584,4,9,0,3,0,1,0,0,0,0,2,1,6,1,56,9,1896,2,13,10,1
201401KD50585,1,8,0,18,0,2,0,0,0,0,1,1,1,1,43,7,1968,2,1,5,1
201401KD50586,1,9,0,9,0,8,0,0,0,0,3,1,6,2,44,7,1596,1,7,7,1
201401KD50586,2,3,0,13,0,8,0,0,0,0,4,1,6,1,39,7,125,1,6,7,1
201401KD50587,1,9,0,3,0,0,0,0,0,0,2,1,6,1,32,6,1988,1,13,1,1
201401KD50587,2,9,0,18,0,0,0,0,0,0,1,1,6,1,-1,-1,2488,2,7,-1,-1
201401KD50588,1,9,0,9,0,8,0,0,0,0,4,1,6,1,42,7,1995,2,-1,5,1
201401KD50588,2,9,0,18,0,8,0,0,0,0,1,1,6,2,18,4,1299,1,12,6,1
201401KD50589,1,2,0,3,0,1,0,0,0,0,2,1,6,1,41,7,-1,-1,-1,4,1
201401KD50589,2,19,0,18,0,1,0,0,0,0,1,1,6,1,28,6,2198,2,3,6,3
201401KD50590,1,9,0,18,0,0,0,0,0,0,1,1,2,1,29,6,1796,1,14,-1,1
201401KD50591,1,2,0,18,0,8,0,0,0,0,1,1,2,1,30,6,124,1,2,4,1
201401KD50591,2,9,0,9,0,8,0,0,0,0,3,1,6,1,-1,-1,-1,-1,-1,-1,-1
201401KD50592,1,9,0,18,0,8,0,0,0,0,1,1,2,2,33,6,1968,2,8,8,1
201401KD50592,2,9,0,18,0,8,0,0,0,0,3,1,6,2,42,7,1596,1,10,5,1
201401KD50593,1,9,0,9,0,8,0,0,0,0,1,1,6,2,41,7,1197,1,1,5,1
201401KD50593,2,3,0,18,0,8,0,0,0,0,4,1,6,1,22,5,124,1,2,7,1
201401KD50594,1,9,0,18,0,0,0,0,0,0,3,1,6,2,27,6,1596,1,2,7,1
201401KD50594,2,9,0,11,0,0,0,0,0,0,4,1,6,1,21,5,1587,1,12,2,1
201401KD50595,1,9,0,18,0,0,0,10,5,6,3,1,6,1,43,7,1896,2,10,9,1
201401KD50596,1,9,0,3,0,2,0,0,0,0,2,1,2,1,26,6,1686,2,6,6,1
201401KD50596,2,9,0,18,0,2,0,0,0,0,1,1,2,1,-1,-1,2982,2,-1,6,1
201401KD50597,1,3,0,3,0,8,0,0,0,0,3,1,6,1,18,4,125,1,-1,6,1
201401KD50597,2,9,0,18,0,8,0,0,0,0,3,1,6,3,-1,-1,-1,-1,-1,-1,-1
201401KD50598,1,9,0,17,0,8,0,0,0,0,2,1,1,1,56,9,1968,2,3,8,1
201401KD50598,2,9,0,17,0,8,0,0,0,0,1,1,6,1,-1,-1,1399,2,8,-1,-1
201401KD50599,1,19,0,16,9,0,0,10,1,0,1,1,6,3,-1,-1,1753,2,6,-1,-1
201401KD50601,1,9,0,1,9,8,0,0,0,0,2,1,6,3,-1,-1,-1,-1,-1,-1,-1
201401KD50602,1,9,0,18,0,2,0,7,0,0,1,1,6,1,19,4,1598,1,6,4,1
201401KD50603,1,9,0,18,0,8,0,0,0,0,3,1,1,1,55,8,1896,2,7,1,1
201401KD50603,2,9,0,9,0,8,0,0,0,0,1,1,6,1,48,8,-1,-1,-1,8,1
201401KD50604,1,19,0,18,0,0,0,0,0,0,1,1,6,2,66,10,1753,2,4,5,1
201401KD50604,2,1,0,18,0,0,0,0,0,0,3,1,6,1,18,4,-1,-1,-1,6,1
201401KD50605,1,9,0,9,0,8,0,0,0,0,1,1,2,1,25,5,1560,2,-1,1,1
201401KD50605,2,9,0,18,0,8,0,0,0,0,1,1,2,1,50,8,1997,2,11,6,1
201401KD50606,1,4,0,18,0,0,0,0,0,0,1,1,1,1,-1,-1,-1,-1,-1,-1,-1
201401KD50607,1,9,0,9,0,8,0,0,0,0,4,1,6,2,32,6,1390,1,-1,8,1
201401KD50607,2,9,0,18,0,8,0,0,0,0,1,1,6,1,34,6,1498,1,9,6,1
201401KD50608,1,9,0,18,0,0,0,0,0,0,3,1,6,2,34,6,1997,1,8,6,1
201401KD50608,2,1,0,18,0,0,0,0,0,0,3,1,6,1,32,6,-1,-1,-1,8,1
201401KD50609,1,9,0,1,0,8,0,0,0,0,3,1,6,2,69,10,1242,1,8,8,1
201401KD50609,2,9,0,18,0,8,0,0,0,0,1,1,6,1,29,6,1870,2,11,-1,-1
201401KD50610,1,11,0,18,0,2,0,0,0,0,0,1,1,1,24,5,6700,2,3,2,1
201401KD50611,1,9,0,18,9,2,0,10,3,9,1,1,6,2,19,4,1229,1,8,8,1
201401KD50612,1,9,0,18,0,1,1,4,0,0,1,1,6,1,18,4,1299,1,17,-1,-1
201401KD50612,2,9,0,2,0,2,0,0,0,0,1,1,6,2,49,8,1299,1,13,-1,-1
201401KD50613,1,9,0,18,0,0,0,0,0,0,1,1,6,1,20,4,1910,2,6,5,1
201401KD50613,2,9,0,6,0,0,0,0,0,0,3,1,6,1,36,7,2295,1,15,5,1
201401KD50614,1,19,0,18,0,8,0,0,0,0,1,1,6,1,51,8,2300,2,9,3,1
201401KD50614,2,9,0,9,0,8,0,0,0,0,4,1,6,1,20,4,1390,1,10,3,1
201401KD50615,1,9,0,5,0,0,0,0,0,0,3,1,6,1,52,8,1399,2,4,4,1
201401KD50615,2,1,0,18,0,0,0,0,0,0,4,1,2,1,30,6,-1,-1,-1,-1,1
201401KD50617,1,9,0,9,0,8,0,0,0,0,4,1,3,2,35,6,1900,2,9,5,1
201401KD50617,2,1,0,18,0,8,0,0,0,0,1,1,6,1,47,8,-1,-1,-1,9,1
201401KD50618,1,9,0,9,0,8,0,0,0,0,4,1,6,1,68,10,2295,1,8,7,1
201401KD50618,2,3,0,18,0,8,0,0,0,0,1,1,6,1,20,4,-1,-1,-1,-1,-1
201401KD50619,1,19,0,9,0,8,0,0,0,0,1,1,6,1,53,8,1998,2,8,5,1
201401KD50619,2,9,0,18,0,8,0,0,0,0,1,1,6,2,49,8,1388,1,4,7,1
201401KD50620,1,9,0,9,0,8,0,0,0,0,4,1,6,1,52,8,1360,1,7,5,1
201401KD50620,2,9,0,18,0,8,0,0,0,0,1,1,6,2,40,7,1896,2,11,7,3
201401KD50621,1,9,0,9,0,8,0,0,0,0,1,1,1,2,24,5,996,1,4,2,1
201401KD50621,2,5,0,18,0,8,0,0,0,0,4,1,1,1,36,7,645,1,12,1,1
201401KD50622,1,19,0,18,0,1,0,0,0,0,1,1,6,1,33,6,2143,2,1,-1,-1
201401KD50622,2,9,0,10,0,1,0,0,0,0,2,1,6,1,64,9,1840,1,16,7,1
201401KD50623,1,9,0,6,0,0,0,0,0,0,3,1,6,1,39,7,1900,2,8,5,1
201401KD50623,2,9,0,18,0,0,0,0,0,0,4,1,6,1,29,6,1598,1,8,7,3
201401KD50624,1,9,0,18,0,8,0,0,0,0,1,1,6,1,33,6,1769,1,9,4,1
201401KD50624,2,9,0,9,0,8,0,0,0,0,4,1,6,2,58,9,2319,1,13,7,3
201401KD50625,1,9,0,18,0,8,0,0,0,0,1,1,6,1,40,7,-1,-1,-1,8,1
201401KD50625,2,9,0,17,0,8,0,0,0,0,4,1,6,1,27,6,1242,1,9,2,1
201401KD50626,1,9,0,18,0,0,0,0,0,0,1,2,2,1,21,5,-1,-1,-1,7,1
201401KD50626,2,9,0,3,0,0,0,0,0,0,2,1,2,2,55,8,1699,1,9,10,1
201401KD50627,1,11,0,5,0,1,0,0,0,0,0,1,1,2,53,8,6696,2,1,4,1
201401KD50628,1,11,0,4,0,2,0,0,0,0,0,1,1,2,32,6,9000,2,6,6,1
201401KD50629,1,9,0,18,0,8,0,0,0,0,3,1,6,1,24,5,1596,1,13,3,1
201401KD50629,2,9,0,9,0,8,0,0,0,0,1,1,2,1,27,6,2685,2,9,5,2
201401KD50630,1,9,0,3,0,1,0,0,0,0,2,1,3,2,49,8,1360,1,15,2,1
201401KD50630,2,9,0,18,0,1,0,0,0,0,1,1,6,1,-1,-1,1968,2,9,-1,-1
201401KD50631,1,9,0,16,0,8,0,0,0,0,3,1,1,1,40,7,1798,8,1,6,1
201401KD50631,2,19,0,17,0,8,0,0,0,0,3,1,1,1,54,8,1753,2,3,10,1
201401KD50632,1,19,0,5,0,1,0,0,0,0,3,1,1,1,61,9,1968,2,7,2,1
201401KD50632,2,4,0,18,0,1,0,0,0,0,4,1,1,1,24,5,124,1,1,4,1
201401KD50633,1,9,0,9,0,2,0,7,0,0,1,1,6,1,48,8,1598,1,13,4,1
201401KD50634,1,9,0,17,0,8,0,0,0,0,2,1,6,2,72,10,1988,1,20,7,3
201401KD50634,2,9,0,17,0,8,0,0,0,0,1,1,1,1,59,9,1560,2,3,3,1
201401KD50635,1,9,0,8,0,1,0,0,0,0,2,1,6,2,49,8,1596,1,9,6,1
201401KD50635,2,9,0,18,0,1,0,0,0,0,1,1,6,1,-1,-1,-1,-1,-1,-1,-1
201401KD50636,1,19,0,18,0,8,0,4,0,0,1,1,2,1,58,9,1560,2,3,8,1
201401KD50636,2,9,0,2,0,8,0,0,0,0,1,1,6,1,61,9,-1,-1,-1,9,1
201401KD50637,1,3,0,18,0,8,0,0,0,0,4,1,6,1,21,5,-1,-1,-1,3,1
201401KD50637,2,9,0,9,0,8,0,0,0,0,1,1,6,2,37,7,1997,1,4,4,1
201401KD50638,1,19,0,18,0,2,0,0,0,0,4,1,6,3,-1,-1,-1,-1,-1,-1,-1
201401KD50639,1,3,0,9,0,2,0,4,0,0,1,1,6,1,30,6,-1,-1,-1,2,1
201401KD50639,2,19,0,2,0,2,0,0,0,0,2,1,6,1,49,8,-1,-1,-1,3,1
201401KD50640,1,9,0,18,0,0,0,0,0,0,4,1,1,2,74,10,1242,1,13,5,1
201401KD50640,2,11,0,12,0,0,0,0,0,0,3,1,1,1,68,10,8268,2,10,4,1
201401KD50641,1,9,0,9,0,8,0,0,0,0,4,1,6,2,44,7,1242,1,7,4,1
201401KD50641,2,11,0,17,0,8,0,0,0,0,1,1,1,1,63,9,6700,2,3,4,1
201401KD50642,1,11,0,18,0,1,0,0,0,0,0,1,1,1,59,9,7300,2,9,6,1
201401KD50643,1,9,0,18,0,8,0,0,0,0,3,1,6,2,47,8,1400,1,10,3,1
201401KD50643,2,9,0,9,0,8,0,0,0,0,1,1,6,1,-1,-1,1596,1,10,5,1
201401KD50644,1,1,0,18,0,8,0,0,0,0,4,1,6,1,58,9,-1,-1,-1,6,3
201401KD50644,2,9,0,7,0,6,0,0,0,0,1,1,6,1,23,5,1242,1,2,6,1
201401KD50645,1,9,0,18,0,1,0,0,0,0,1,1,6,3,-1,-1,-1,-1,-1,-1,-1
201401KD50646,1,9,0,9,0,8,0,0,0,0,1,1,6,2,21,5,1896,2,13,10,1
201401KD50646,2,9,0,18,0,8,0,0,0,0,1,1,6,2,30,6,1984,1,6,2,1
201401KD50647,1,9,0,17,0,8,0,0,0,0,2,1,6,2,19,4,1242,1,4,1,1
201401KD50647,2,9,0,17,0,8,0,0,0,0,1,1,6,2,55,8,2987,2,7,4,1
201401KD50648,1,9,0,18,9,1,0,10,7,5,1,1,6,1,35,6,-1,-1,-1,3,1
201401KD50649,1,9,0,14,0,0,0,0,0,0,1,1,6,2,45,7,1794,1,10,4,1
201401KD50650,1,11,0,18,0,0,0,0,0,0,4,1,1,1,40,7,9000,2,6,2,1
201401KD50651,1,9,0,9,0,8,0,0,0,0,3,1,1,2,41,7,1598,1,5,7,1
201401KD50651,2,9,0,18,0,8,0,0,0,0,1,1,1,1,-1,-1,-1,-1,-1,-1,-1
201401KD50652,1,9,0,17,0,8,0,0,0,0,1,1,2,2,22,5,1242,1,5,4,1
201401KD50652,2,9,0,16,0,8,0,0,0,0,1,1,6,2,18,4,1242,1,3,-1,-1
201401KD50654,1,9,0,18,0,0,0,0,0,0,1,1,6,2,68,10,1398,1,1,3,1
201401KD50654,2,11,0,3,0,0,0,0,0,0,3,1,1,1,61,9,6696,2,1,6,3
201401KD50655,1,9,0,18,9,0,0,10,7,10,1,1,6,1,94,11,848,1,19,-1,-1
201401KD50658,1,9,0,13,0,0,0,0,0,0,4,1,6,1,67,10,1390,1,4,9,1
201401KD50658,2,1,0,18,0,0,0,0,0,0,3,1,6,2,44,7,-1,-1,-1,4,1
201401KD50659,1,11,0,9,0,5,0,0,0,0,1,1,1,2,53,8,9000,2,6,4,1
201401KD50660,1,8,0,9,0,8,0,0,0,0,4,1,1,1,51,8,-1,-1,-1,3,1
201401KD50660,2,9,0,18,0,8,0,0,0,0,1,1,6,1,18,4,1997,2,8,-1,-1
201401KD50661,1,9,0,18,0,0,0,0,0,0,1,1,6,2,61,9,1498,1,14,-1,-1
201401KD50664,1,9,0,18,0,0,0,0,0,0,3,1,6,1,25,5,2000,2,3,-1,1
201401KD50664,2,9,0,11,0,0,0,0,0,0,4,1,6,3,-1,-1,-1,-1,-1,-1,-1
201401KD50665,1,9,0,18,0,0,0,0,0,0,1,1,6,1,46,8,1399,1,4,3,1
201401KD50665,2,9,0,4,0,0,0,0,0,0,2,1,6,1,47,8,1197,1,-1,-1,-1
201401KD59003,1,9,0,4,0,0,0,0,0,0,2,1,6,1,37,7,1968,2,6,5,1
201401KD59003,2,9,0,18,0,0,0,0,0,0,1,1,6,2,27,6,998,1,4,2,1
201401KD59005,1,9,0,2,0,0,0,0,0,0,3,1,6,1,41,7,1796,1,7,9,1
201401KD59005,2,9,0,18,0,0,0,4,0,0,3,1,6,1,79,11,2996,1,3,6,1
201401KD59007,1,5,0,18,9,0,0,10,1,10,1,1,6,1,45,7,645,1,14,3,1
201401KD59008,1,9,0,2,0,0,0,0,0,0,2,1,6,1,25,5,1124,1,8,2,1
201401KD59008,2,21,1,18,0,0,0,4,0,0,1,1,1,1,42,7,12777,2,3,10,1
201401KD59009,1,9,0,7,0,5,0,0,0,0,2,1,6,2,36,7,1997,2,8,8,1
201401KD59009,2,9,0,18,0,1,0,0,0,0,1,1,6,1,20,4,1229,1,8,7,1
201401KD59010,1,9,0,18,9,2,0,10,3,10,1,1,6,1,27,6,1598,1,8,6,1
201401KD59013,1,9,0,4,0,0,0,0,0,0,2,1,2,2,42,7,1796,1,11,1,1
201401KD59013,2,9,0,4,0,0,0,0,0,0,2,1,6,2,45,7,-1,-1,-1,8,1
201401KD59013,3,21,0,18,0,0,0,0,0,0,1,1,1,1,32,6,12740,2,2,-1,-1
201401KD59015,1,19,0,18,0,0,0,0,0,0,1,1,6,3,-1,-1,1753,2,7,-1,-1
201401KD59015,2,1,0,18,0,0,0,0,0,0,2,1,6,1,-1,-1,-1,-1,-1,7,1
201401KD59023,1,9,0,7,0,5,0,0,0,0,4,1,6,2,51,8,1242,1,1,5,1
201401KD59023,2,1,0,18,0,1,0,0,0,0,3,1,6,1,38,7,-1,-1,-1,3,1
201401KD59027,1,9,0,17,0,8,0,0,0,0,2,1,6,2,25,5,1968,2,1,2,1