Accident_Index,Vehicle_Reference,Vehicle_Type,Towing_and_Articulation,Vehicle_Manoeuvre,Vehicle_Location-Restricted_Lane,Junction_Location,Skidding_and_Overturning,Hit_Object_in_Carriageway,Vehicle_Leaving_Carriageway,Hit_Object_off_Carriageway,1st_Point_of_Impact,Was_Vehicle_Left_Hand_Drive?,Journey_Purpose_of_Driver,Sex_of_Driver,Age_of_Driver,Age_Band_of_Driver,Engine_Capacity_(CC),Propulsion_Code,Age_of_Vehicle,Driver_IMD_Decile,Driver_Home_Area_Type
201401KF60200,2,1,0,18,0,8,0,0,0,0,1,1,2,1,46,8,-1,-1,-1,7,1
201401KF60201,1,9,0,9,0,8,0,0,0,0,4,1,6,1,24,5,2204,2,5,2,1
201401KF60201,2,1,0,18,0,8,0,0,0,0,1,1,6,1,38,7,-1,-1,-1,3,1
201401KF60203,1,9,0,9,0,8,0,0,0,0,4,1,6,1,41,7,1998,1,17,2,1
201401KF60203,2,1,0,18,0,8,0,0,0,0,1,1,6,1,36,7,-1,-1,-1,2,1
201401KF60204,1,1,0,18,0,8,0,0,0,0,1,1,2,1,29,6,-1,-1,-1,2,1
201401KF60204,2,9,0,9,0,8,0,0,0,0,3,1,6,2,-1,-1,1296,1,6,-1,-1
201401KF60205,1,9,0,18,0,1,0,0,0,0,1,1,6,1,-1,-1,1560,2,4,2,1
201401KF60206,1,19,0,18,0,0,0,0,0,0,2,1,6,1,38,7,2143,2,3,2,1
201401KF60206,2,5,0,18,0,0,0,0,0,0,1,1,6,1,34,6,656,1,5,9,1
201401KF60207,1,19,0,18,0,2,0,7,0,0,1,1,6,1,19,4,1461,2,12,4,1
201401KF60208,1,9,0,18,0,0,0,0,0,0,1,1,6,3,-1,-1,-1,-1,-1,-1,-1
201401KF60209,1,3,0,18,0,8,0,0,0,0,1,1,2,1,21,5,125,1,7,5,1
201401KF60209,2,11,0,9,0,8,0,0,0,0,4,1,1,3,-1,-1,-1,-1,-1,-1,-1
201401KF60210,1,9,0,18,0,8,0,0,0,0,4,1,6,1,33,6,1396,1,10,1,1
201401KF60210,2,9,0,18,0,8,0,0,0,0,1,1,6,3,-1,-1,-1,-1,-1,-1,-1
201401KF60211,1,9,0,18,0,8,0,0,0,0,1,1,6,1,-1,-1,1796,1,10,-1,-1
201401KF60211,2,9,0,9,0,8,0,0,0,0,4,1,6,2,-1,-1,1598,1,14,-1,-1
201401KF60212,1,9,0,2,0,0,0,0,0,0,3,1,6,2,30,6,-1,-1,-1,2,1
201401KF60212,2,19,0,18,0,0,0,8,0,0,4,1,6,1,-1,-1,2998,2,3,-1,-1
201401KF60213,1,9,0,17,0,8,0,0,0,0,2,1,2,1,27,6,1198,1,2,7,3
201401KF60213,2,21,0,17,0,8,0,0,0,0,1,1,1,1,-1,-1,-1,-1,-1,-1,-1
201401KF60215,1,9,0,9,0,2,0,0,0,0,4,1,6,3,-1,-1,1229,1,2,-1,-1
201401KF60216,1,9,0,4,0,1,0,0,0,0,2,1,1,2,46,8,1997,1,5,-1,-1
201401KF60216,2,9,0,4,0,1,0,0,0,0,1,1,6,2,-1,-1,1388,1,4,6,1
201401KF60217,1,5,0,18,0,0,0,0,0,0,3,1,6,1,47,8,599,1,14,4,1
201401KF60217,2,19,0,11,0,0,0,0,0,0,4,1,6,3,-1,-1,1560,2,7,-1,-1
201401KF60218,1,19,0,18,0,0,0,0,0,0,1,1,6,1,24,5,-1,-1,-1,2,1
201401KF60221,1,9,0,5,0,2,0,0,0,0,2,1,6,1,48,8,2148,2,5,2,1
201401KF60221,2,1,0,18,0,2,0,0,0,0,1,1,6,1,46,8,-1,-1,-1,1,1
201401KF60223,1,9,0,3,0,1,0,0,0,0,2,1,6,1,37,7,2148,2,5,7,1
201401KF60223,2,19,0,3,0,1,0,0,0,0,2,1,6,1,25,5,1995,2,5,2,1
201401KF60223,3,9,0,18,0,1,0,0,0,0,1,1,6,1,40,7,1896,2,6,4,1
201401KF60224,1,8,0,18,9,0,0,10,1,2,1,1,1,1,41,7,1753,2,6,2,1
201401KF60225,1,9,0,5,0,1,0,0,0,0,3,1,1,2,33,6,1498,1,3,4,1
201401KF60225,2,1,0,13,0,1,0,0,0,0,4,1,2,1,47,8,-1,-1,-1,2,1
201401KF60226,1,9,0,18,0,0,0,0,0,0,1,1,6,1,21,5,2170,2,11,2,1
201401KF60226,2,1,0,18,0,0,0,0,0,0,2,1,1,1,-1,-1,-1,-1,-1,-1,-1
201401KF60227,1,9,0,18,0,2,0,10,7,10,1,1,6,1,21,5,1753,2,6,2,1
201401KF60228,1,9,0,9,0,8,0,0,0,0,1,1,6,2,31,6,1598,1,7,-1,1
201401KF60228,2,9,0,9,0,8,0,0,0,0,4,1,6,1,47,8,-1,-1,-1,7,1
201401KF60229,1,9,0,18,0,0,0,0,0,0,1,1,6,2,41,7,1198,1,10,8,1
201401KF60229,2,9,0,3,0,0,0,0,0,0,2,1,6,1,34,6,1590,1,16,2,1
201401KF60229,3,9,0,3,0,0,0,0,0,0,2,1,6,1,56,9,1398,2,10,6,1
201401KF60230,1,9,0,7,0,8,0,0,0,0,2,1,6,1,46,8,1598,1,11,2,1
201401KF60231,1,9,0,18,2,1,0,0,0,0,3,1,6,1,40,7,1910,2,8,4,1
201401KF60231,2,9,0,7,0,5,0,0,0,0,4,1,6,1,30,6,1242,1,11,3,1
201401KF60234,1,21,0,18,0,0,0,0,0,0,1,1,1,1,60,9,1460,2,13,4,1
201401KF60234,2,9,0,4,0,0,0,0,0,0,2,1,2,2,22,5,1753,2,11,2,1
201401KF60235,1,9,0,18,0,8,0,0,0,0,1,1,6,1,58,9,1598,1,16,4,3
201401KF60235,2,1,0,18,0,8,0,0,0,0,4,1,6,1,27,6,-1,-1,-1,2,1
201401KF60236,1,9,0,2,0,0,0,4,0,0,1,1,6,1,26,6,1998,1,14,3,1
201401KF60236,2,19,0,2,0,0,0,0,0,0,2,1,6,3,-1,-1,-1,-1,-1,-1,-1
201401KF60237,1,9,0,7,0,6,0,0,0,0,3,1,1,1,30,6,1910,2,7,1,1
201401KF60237,2,1,0,18,0,8,0,0,0,0,1,1,6,1,52,8,-1,-1,-1,1,1
201401KF60238,1,9,0,3,0,0,0,0,0,0,4,1,6,1,-1,-1,-1,-1,-1,-1,-1
201401KF60238,2,1,0,15,0,0,0,0,0,0,1,1,6,1,32,6,-1,-1,-1,2,1
201401KF60239,1,11,0,18,0,8,0,0,0,0,4,1,1,1,45,7,4500,2,4,-1,-1
201401KF60239,2,20,0,1,0,6,0,0,0,0,2,1,1,1,40,7,4250,2,14,1,1
201401KF60241,1,9,0,3,0,1,0,0,0,0,3,1,6,1,37,7,1598,1,9,1,1
201401KF60241,2,9,0,7,0,2,0,0,0,0,1,1,6,2,30,6,1198,1,10,1,1
201401KF60242,1,9,0,3,0,0,0,0,0,0,2,1,6,1,43,7,2000,1,9,3,1
201401KF60242,2,19,0,3,0,0,0,0,0,0,2,1,6,1,32,6,1995,2,3,8,1
201401KF60242,3,5,0,18,0,0,0,0,0,0,1,1,2,1,42,7,1137,1,14,-1,1
201401KF60243,1,2,0,14,0,8,0,0,0,0,1,1,2,2,37,7,49,1,1,-1,-1
201401KF60243,2,9,0,9,0,8,0,0,0,0,3,1,2,2,30,6,1397,1,5,3,1
201401KF60244,1,19,0,18,0,0,0,0,0,0,4,1,6,3,-1,-1,1753,2,4,-1,-1
201401KF60246,1,19,0,1,0,0,0,0,0,0,2,1,6,1,38,7,2148,2,6,5,1
201401KF60247,1,11,0,18,0,0,0,0,0,0,0,1,1,1,29,6,4500,2,4,1,1
201401KF60248,1,11,0,18,0,1,0,0,0,0,0,1,1,1,-1,-1,4500,2,4,-1,-1
201401KF60249,1,9,0,7,0,5,0,0,0,0,4,1,6,2,31,6,1596,1,12,-1,1
201401KF60249,2,1,0,18,0,1,0,0,0,0,3,1,6,1,28,6,-1,-1,-1,1,1
201401KF60250,1,9,0,18,2,0,0,0,0,0,1,1,6,1,42,7,1997,1,10,2,1
201401KF60251,1,9,0,9,0,8,0,0,0,0,4,1,6,1,34,6,-1,-1,-1,-1,1
201401KF60251,2,19,0,18,0,8,0,0,0,0,1,1,1,1,40,7,1753,2,6,-1,-1
201401KF60252,1,9,0,9,0,5,0,0,0,0,1,1,6,1,29,6,1493,2,9,1,1
201401KF60253,1,1,0,18,0,0,0,8,0,0,1,1,2,1,31,6,-1,-1,-1,-1,1
201401KF60253,2,9,0,2,0,0,0,0,0,0,3,1,1,1,-1,-1,-1,-1,-1,-1,-1
201401KF60254,1,9,0,18,0,0,0,0,0,0,1,1,6,2,51,8,1390,1,11,2,1
201401KF60255,1,19,0,18,0,0,0,0,0,0,4,1,1,1,41,7,1995,2,-1,5,1
201401KF60255,2,20,0,12,0,0,0,0,0,0,3,1,6,1,-1,-1,-1,-1,-1,-1,-1
201401KF60256,1,19,0,18,0,0,0,0,0,0,1,1,6,1,30,6,1870,2,12,2,1
201401KF60256,2,19,0,4,0,0,0,0,0,0,2,1,6,1,30,6,1995,2,3,1,1
201401KF60257,1,11,0,18,0,0,0,8,0,0,4,1,1,1,54,8,8268,2,11,9,1
201401KF60257,2,90,0,2,0,0,0,0,0,0,3,1,1,1,33,6,6370,2,7,-1,-1
201401KF60258,1,9,0,18,0,8,0,0,0,0,3,1,6,1,44,7,2148,2,12,2,1
201401KF60258,2,9,0,18,0,8,0,0,0,0,1,1,6,1,25,5,1997,2,4,1,1
201401KF60259,1,9,0,18,0,1,0,0,0,0,4,1,6,1,49,8,1596,1,1,1,1
201401KF60259,2,1,0,18,0,1,0,0,0,0,1,1,6,1,16,4,-1,-1,-1,2,1
201401KF60260,1,9,0,18,0,2,0,0,0,0,1,1,6,1,34,6,1769,1,10,1,1
201401KF60261,1,9,0,13,0,1,0,0,0,0,4,1,6,1,48,8,1598,1,14,-1,1
201401KF60261,2,1,0,18,0,1,0,0,0,0,3,1,6,1,23,5,-1,-1,-1,-1,-1
201401KF60262,1,9,0,18,0,1,0,0,0,0,1,1,6,1,-1,-1,1988,1,13,-1,-1
201401KF60262,2,9,0,4,0,1,0,0,0,0,2,1,6,1,19,4,1995,2,10,5,1
201401KF60263,1,5,0,18,0,0,0,0,0,0,4,1,2,1,23,5,625,1,11,1,1
201401KF60263,2,9,0,12,0,0,0,0,0,0,3,1,2,1,47,8,1598,2,3,3,1
201401KF60264,1,9,0,7,0,5,0,0,0,0,4,1,3,2,35,6,2324,1,12,-1,1
201401KF60264,2,3,0,18,0,1,0,0,0,0,3,1,6,1,22,5,124,1,4,-1,1
201401KF60265,1,11,0,18,0,1,0,0,0,0,0,1,1,1,50,8,9360,2,3,3,1
201401KF60266,1,9,0,18,0,1,0,0,0,0,3,1,6,3,-1,-1,-1,-1,-1,-1,-1
201401KF60268,1,9,0,18,0,0,0,0,0,0,2,1,6,2,48,8,1298,1,15,10,1
201401KF60268,2,9,0,18,0,0,0,0,0,0,1,1,6,1,-1,-1,2497,2,9,-1,1
201401KF60269,1,9,0,18,0,2,0,0,0,0,1,1,6,2,-1,-1,-1,-1,-1,-1,-1
201401KF60270,1,9,0,18,0,1,0,0,0,0,2,1,6,1,32,6,1998,2,10,3,1
201401KF60270,2,1,0,18,0,1,0,0,0,0,4,1,6,2,9,2,-1,-1,-1,2,1
201401KF60272,1,1,0,18,0,8,0,0,0,0,1,1,6,2,25,5,-1,-1,-1,3,1
201401KF60272,2,9,0,7,0,8,0,0,0,0,4,1,6,1,-1,-1,-1,-1,-1,-1,-1
201401KF60273,1,11,0,18,0,0,0,0,0,0,3,1,1,1,30,6,8268,2,13,2,1
201401KF60273,2,9,0,13,0,0,0,0,0,0,4,1,6,1,-1,-1,1299,1,11,-1,-1
201401KF60274,1,9,0,3,0,2,0,0,0,0,2,1,6,1,57,9,1998,2,13,2,1
201401KF60274,2,9,0,3,0,2,0,0,0,0,2,1,6,1,53,8,3239,1,18,1,1
201401KF60274,3,9,0,18,0,2,0,0,0,0,1,1,6,2,28,6,1248,2,9,2,1
201401KF60276,1,9,0,18,0,2,0,0,0,0,1,1,6,3,-1,-1,-1,-1,-1,-1,-1
201401KF60276,2,1,0,18,0,2,0,0,0,0,2,1,6,1,26,6,-1,-1,-1,2,1
201401KF60277,1,1,0,18,0,0,0,0,0,0,1,1,6,1,47,8,-1,-1,-1,2,1
201401KF60277,2,9,0,3,0,0,0,0,0,0,3,1,6,1,-1,-1,1910,2,8,-1,-1
201401KF60280,1,9,0,18,0,0,0,0,0,0,1,1,6,2,20,4,1124,1,9,1,1
201401KF60280,2,1,0,18,0,0,0,0,0,0,2,1,6,1,6,2,-1,-1,-1,-1,-1
201401KF60281,1,9,0,18,0,2,0,0,0,0,1,1,6,1,61,9,1199,1,12,1,1
201401KF60281,2,1,0,18,0,2,0,0,0,0,4,1,6,1,44,7,-1,-1,-1,1,1
201401KF60283,1,9,0,7,0,5,0,0,0,0,4,1,6,2,36,7,1598,1,7,1,1
201401KF60283,2,1,0,18,0,1,0,0,0,0,3,1,6,1,53,8,-1,-1,-1,6,1
201401KF60284,1,9,0,9,0,8,0,0,0,0,1,1,6,3,-1,-1,-1,-1,-1,-1,-1
201401KF60284,2,1,0,9,0,8,0,0,0,0,2,1,6,1,29,6,-1,-1,-1,1,1
201401KF60285,1,11,0,9,0,8,0,0,0,0,4,1,1,1,49,8,9360,2,3,3,1
201401KF60285,2,21,0,18,0,8,0,0,0,0,1,1,1,1,35,6,6871,2,9,5,1
201401KF60286,1,3,0,18,2,0,0,0,0,0,3,1,6,1,22,5,124,1,7,3,1
201401KF60286,2,9,0,4,0,0,0,0,0,0,4,1,6,1,45,7,1461,2,3,2,1
201401KF60287,1,5,0,18,0,1,0,0,0,0,2,1,6,2,24,5,-1,-1,-1,2,1
201401KF60287,2,9,0,11,0,1,0,0,0,0,1,1,6,2,21,5,999,1,14,2,1
201401KF60288,1,9,0,18,0,8,0,0,0,0,1,1,6,1,43,7,1799,1,18,1,1
201401KF60288,2,9,0,9,0,8,0,0,0,0,4,1,6,1,23,5,-1,-1,-1,3,1
201401KF60289,1,9,0,18,0,2,0,0,0,0,1,1,6,1,20,4,1796,2,1,8,1
201401KF60289,2,9,0,18,0,1,0,0,0,0,3,1,6,1,66,10,1587,1,16,2,1
201401KF60289,3,19,0,18,0,1,0,0,0,0,1,1,6,1,56,9,2187,2,11,1,1
201401KF60290,1,19,0,18,0,1,0,0,0,0,1,1,1,1,47,8,1997,2,7,-1,-1
201401KF60291,1,9,0,12,0,0,0,0,0,0,3,1,2,1,30,6,1995,2,11,5,1
201401KF60291,2,3,0,18,0,0,0,0,0,0,4,1,6,1,28,6,125,1,11,2,1
201401KF60292,1,11,0,3,0,1,0,0,0,0,0,1,1,1,39,7,8268,2,11,-1,-1
201401KF60293,1,9,0,18,0,8,0,0,0,0,1,1,6,1,26,6,-1,-1,-1,2,1
201401KF60293,2,1,0,18,0,8,0,0,0,0,3,1,6,1,25,5,-1,-1,-1,4,1
201401KF60296,1,9,0,4,0,1,0,0,0,0,2,1,6,1,38,7,2000,2,3,2,1
201401KF60296,2,9,0,4,0,1,0,0,0,0,2,1,6,1,41,7,1796,1,11,2,1
201401KF60296,3,9,0,18,0,1,0,0,0,0,1,1,6,2,39,7,1596,1,6,3,1
201401KF60299,1,9,0,9,0,2,0,0,0,0,1,1,3,1,43,7,1598,1,11,1,1
201401KF60300,1,9,0,12,0,1,0,0,0,0,3,1,6,1,20,4,1388,1,5,1,1
201401KF60300,2,11,0,18,0,1,0,0,0,0,4,1,1,1,56,9,8268,2,13,-1,-1
201401KF60302,1,9,0,18,0,1,0,0,0,0,1,1,6,3,-1,-1,-1,-1,-1,-1,-1
201401KF60302,2,9,0,18,0,1,0,0,0,0,2,1,6,1,31,6,1124,1,9,3,1
201401KF60303,1,9,0,9,0,2,0,0,0,0,1,1,6,1,36,7,1796,1,3,1,1
201401KF60304,1,9,0,4,0,0,0,0,0,0,2,1,6,1,57,9,2685,2,11,1,1
201401KF60304,2,3,0,18,0,0,0,0,0,0,1,1,2,1,29,6,125,1,7,3,1
201401KF60305,1,8,0,18,0,0,0,0,0,0,1,1,6,1,41,7,1797,8,2,2,1
201401KF60305,2,9,0,3,0,0,0,0,0,0,2,1,6,3,-1,-1,-1,-1,-1,-1,-1
201401KF60307,1,8,0,3,0,1,0,0,0,0,2,1,1,1,46,8,1595,1,6,1,1
201401KF60307,2,9,0,18,0,1,0,0,0,0,1,1,6,1,-1,-1,1896,2,13,6,1
201401KF60308,1,9,0,18,0,1,0,0,0,0,1,1,6,1,47,8,1598,1,10,3,1
201401KF60308,2,1,0,18,0,1,0,0,0,0,3,1,6,1,23,5,-1,-1,-1,-1,-1
201401KF60309,1,9,0,18,9,1,0,10,1,1,1,1,6,2,23,5,1388,1,6,1,1
201401KF60310,1,9,0,18,0,8,0,0,0,0,4,1,6,2,26,6,1242,1,12,3,1
201401KF60310,2,19,0,9,0,8,0,0,0,0,1,1,6,1,-1,-1,1995,2,2,-1,-1
201401KF60311,1,4,0,18,0,8,0,0,0,0,1,1,2,1,53,8,385,1,13,3,1
201401KF60311,2,9,0,9,0,8,0,0,0,0,3,1,6,1,-1,-1,1598,1,1,2,1
201401KF60313,1,9,0,3,0,1,0,0,0,0,2,1,6,2,34,6,1598,1,7,2,1
201401KF60313,2,9,0,18,0,1,0,0,0,0,1,1,6,1,32,6,1794,1,10,4,1
201401KF60314,1,19,0,4,0,1,0,0,0,0,2,1,1,1,26,6,1686,2,10,2,1
201401KF60314,2,9,0,18,0,1,0,0,0,0,1,1,6,1,23,5,1896,2,12,4,1
201401KF60315,1,9,0,9,0,8,0,0,0,0,1,1,6,2,42,7,1796,1,9,1,1
201401KF60315,2,9,0,18,0,8,0,0,0,0,4,1,6,1,24,5,2300,1,15,1,1
201401KF60316,1,9,0,18,0,0,0,0,0,0,3,1,6,1,25,5,1998,1,11,1,1
201401KF60317,1,9,0,18,0,1,0,0,0,0,4,1,6,1,58,9,2987,2,7,4,1
201401KF60317,2,9,0,6,0,1,0,0,0,0,3,1,6,1,35,6,1598,1,5,-1,-1
201401KF60318,1,9,0,18,0,1,0,0,0,0,1,1,6,3,-1,-1,-1,-1,-1,-1,-1
201401KF60319,1,9,0,2,0,2,0,0,0,0,4,1,6,1,32,6,2993,2,9,3,1
201401KF60319,2,9,0,7,0,2,0,4,0,0,3,1,6,1,39,7,3246,1,10,1,1
201401KF60320,1,9,0,2,0,0,0,0,0,0,2,1,6,1,42,7,1995,2,7,1,1
201401KF60320,2,9,0,1,0,0,0,4,0,0,2,1,6,2,-1,-1,1390,1,6,-1,-1
201401KF60321,1,9,0,18,0,1,0,0,0,0,1,1,1,1,50,8,1596,1,11,4,1
201401KF60321,2,5,0,4,0,1,0,0,0,0,2,1,1,1,38,7,644,1,5,2,1
201401KF60322,1,9,0,18,0,1,0,0,0,0,3,1,6,1,-1,-1,1598,1,9,-1,-1
201401KF60323,1,9,0,18,0,8,0,0,0,0,3,1,6,1,46,8,2148,2,5,6,1
201401KF60323,2,9,0,9,0,8,0,0,0,0,1,1,6,1,33,6,1086,1,9,3,1
201401KF60325,1,9,0,18,0,1,0,0,0,0,1,1,6,3,-1,-1,-1,-1,-1,-1,-1
201401KF60328,1,9,0,3,0,1,0,0,0,0,2,1,6,1,37,7,1956,2,5,2,1
201401KF60328,2,9,0,18,0,1,0,0,0,0,1,1,6,1,-1,-1,1895,1,14,-1,-1
201401KF60329,1,11,0,3,0,0,0,0,0,0,0,1,1,1,38,7,4500,2,4,2,1
201401KF60330,1,9,0,5,0,1,0,0,0,0,3,1,6,3,-1,-1,1998,1,13,-1,-1
201401KF60331,1,9,0,7,0,2,0,0,0,0,2,1,6,1,60,9,1339,1,12,1,1
201401KF60331,2,9,0,7,0,2,0,0,0,0,1,1,6,1,38,7,2720,2,4,10,1
201401KF60332,1,9,0,18,0,0,0,0,0,0,1,1,6,2,33,6,1998,1,6,1,1
201401KF60332,2,9,0,4,0,0,0,0,0,0,2,1,6,1,26,6,1956,2,4,1,1
201401KF60333,1,19,0,7,0,5,0,0,0,0,4,1,1,1,40,7,1248,2,5,3,1
201401KF60333,2,1,0,18,4,1,0,0,0,0,3,1,6,2,35,6,-1,-1,-1,2,1
201401KF60335,1,9,0,3,0,0,0,0,0,0,2,1,6,1,61,9,1997,2,13,3,1
201401KF60335,2,9,0,4,0,0,0,0,0,0,2,1,6,2,56,9,1997,1,-1,1,1
201401KF60335,3,9,0,18,0,0,0,0,0,0,1,1,6,1,21,5,2148,2,7,5,1
201401KF60336,1,11,0,18,2,1,0,0,0,0,3,1,1,1,43,7,9360,2,3,2,1
201401KF60336,2,9,0,11,2,1,0,0,0,0,4,1,6,2,28,6,1598,1,9,3,1
201401KF60337,1,9,0,18,0,8,0,0,0,0,4,1,6,1,23,5,1399,2,11,4,1
201401KF60337,2,9,0,18,0,6,0,0,0,0,1,1,6,1,-1,-1,2495,1,13,6,1
201401KF60338,1,1,0,18,0,8,0,0,0,0,1,1,6,1,30,6,-1,-1,-1,2,1
201401KF60338,2,9,0,9,0,8,0,0,0,0,3,1,6,1,44,7,1794,1,10,3,1
201401KF60339,1,9,0,18,0,0,0,0,0,0,1,1,1,1,46,8,1968,2,2,-1,-1
201401KF60340,1,9,0,18,0,2,0,0,0,0,4,1,6,2,38,7,998,1,7,6,1
201401KF60340,2,9,0,12,0,2,0,0,0,0,3,1,6,1,-1,-1,1998,1,14,-1,-1
201401KF60341,1,9,0,18,0,2,0,0,0,0,1,1,6,1,53,8,1995,2,3,1,1
201401KF60341,2,9,0,18,0,1,0,0,0,0,1,1,6,2,-1,-1,1686,2,9,-1,-1
201401KF60342,1,9,0,9,0,2,0,0,0,0,1,1,3,1,38,7,1596,1,9,1,1
201401KF60343,1,1,0,18,0,0,0,0,0,0,2,1,2,1,43,7,-1,-1,-1,-1,-1
201401KF60343,2,9,0,18,0,0,0,0,0,0,1,1,6,3,-1,-1,-1,-1,-1,-1,-1
201401KF60347,1,11,0,3,0,0,0,0,0,0,0,1,1,1,42,7,-1,2,54,-1,-1
201401KF60349,1,9,0,18,0,0,0,0,0,0,1,1,6,1,-1,-1,998,1,13,-1,-1
201401KF60349,2,1,0,18,0,0,0,0,0,0,2,1,2,1,33,6,-1,-1,-1,6,1
201401KF60350,1,9,0,3,0,2,0,0,0,0,2,1,6,1,45,7,1998,1,11,2,1
201401KF60350,2,9,0,18,0,2,0,0,0,0,1,1,6,3,-1,-1,1910,2,7,-1,-1
201401KF60351,1,19,0,18,0,1,0,0,0,0,1,1,1,1,46,8,2402,2,4,7,1
201401KF60352,1,9,0,18,0,8,0,0,0,0,4,1,6,1,43,7,1796,1,12,2,1
201401KF60352,2,9,0,18,0,8,0,0,0,0,1,1,6,2,-1,-1,1598,1,7,-1,-1
201401KF60353,1,9,0,17,0,8,0,0,0,0,2,1,6,1,64,9,847,1,17,7,1
201401KF60353,2,9,0,17,0,8,0,0,0,0,2,1,6,2,21,5,1200,1,1,9,2
201401KF60353,3,19,0,17,0,8,0,0,0,0,2,1,6,1,39,7,1998,1,9,7,1
201401KF60353,4,9,0,17,0,8,0,0,0,0,1,1,6,1,20,4,1390,1,13,2,1
201401KF60354,1,2,0,4,0,0,0,0,0,0,2,1,6,1,17,4,49,1,4,2,1
201401KF60354,2,9,0,18,0,0,0,0,0,0,1,1,2,1,18,4,1199,1,11,-1,-1
201401KF60355,1,9,0,10,0,1,0,0,0,0,2,1,2,2,33,6,1368,1,6,1,1
201401KF60355,2,9,0,3,0,1,0,0,0,0,2,1,2,1,-1,-1,1995,2,8,2,1
201401KF60355,3,9,0,18,0,1,0,0,0,0,1,1,2,2,25,5,1995,1,6,1,1
201401KF60356,1,8,0,3,0,1,0,0,0,0,2,1,6,1,42,7,1797,8,5,2,1
201401KF60356,2,9,0,18,0,1,0,0,0,0,1,1,6,1,-1,-1,2793,1,14,-1,-1
201401KF60357,1,9,0,18,0,8,0,0,0,0,3,1,6,1,51,8,1956,2,4,2,1
201401KF60357,2,9,0,18,0,8,0,0,0,0,1,1,6,1,22,5,1242,1,12,2,1
201401KF60358,1,1,0,17,0,2,0,0,0,0,1,1,2,1,32,6,-1,-1,-1,2,1
201401KF60359,1,8,0,9,0,8,0,0,0,0,1,1,2,1,39,7,1997,2,5,3,1
201401KF60359,2,9,0,18,0,8,0,0,0,0,3,1,6,1,21,5,1198,1,-1,1,1
201401KF60360,1,9,0,9,0,5,0,0,0,0,1,1,6,3,-1,-1,-1,-1,-1,-1,-1
201401KF60361,1,3,0,18,0,0,0,0,0,0,4,1,1,1,35,6,125,1,4,2,1
201401KF60361,2,9,0,12,0,0,0,0,0,0,3,1,6,1,-1,-1,-1,-1,-1,-1,-1
201401KF60362,1,9,0,3,0,0,0,0,0,0,2,1,6,2,40,7,1995,2,7,6,1
201401KF60362,2,9,0,18,0,0,0,0,0,0,1,1,6,2,-1,-1,1248,2,6,-1,-1
201401KF60364,1,9,0,18,0,2,0,0,0,0,1,1,6,1,47,8,1753,2,9,2,1
201401KF60364,2,9,0,4,0,2,0,0,0,0,2,1,6,1,21,5,1390,1,9,3,1
201401KF60365,1,3,0,18,0,8,0,0,0,0,1,1,6,1,18,4,125,1,-1,2,1
201401KF60365,2,9,0,9,0,8,0,0,0,0,4,1,6,1,39,7,1560,2,6,3,1
201401KF60366,1,9,0,18,0,2,0,7,0,0,1,1,6,1,34,6,1296,1,8,1,1
201401KF60367,1,9,0,18,0,2,0,0,0,0,3,1,6,1,34,6,2597,1,11,2,1
201401KF60368,1,9,0,4,0,2,0,0,0,0,2,1,6,1,54,8,1798,1,5,2,1
201401KF60368,2,9,0,18,0,2,0,0,0,0,1,1,6,1,-1,-1,1598,1,13,-1,-1
201401KF60369,1,9,0,18,0,1,0,0,0,0,1,1,6,3,-1,-1,-1,-1,-1,-1,-1
201401KF60369,2,1,0,18,0,1,0,0,0,0,2,1,6,1,17,4,-1,-1,-1,2,1
201401KF60370,1,9,0,18,0,0,0,0,0,0,1,1,6,1,31,6,1794,1,6,5,1
201401KF60371,1,5,0,18,0,0,0,10,5,6,1,1,6,1,47,8,1085,1,10,10,1
201401KF60372,1,9,0,9,0,8,0,0,0,0,3,1,2,1,43,7,1598,1,9,5,1
201401KF60372,2,9,0,18,0,8,0,0,0,0,1,1,2,1,30,6,1248,2,4,5,1
201401KF60374,1,9,0,18,0,0,0,0,0,0,1,1,6,2,51,8,1197,1,2,2,1
201401KF60374,2,3,0,18,0,0,0,0,0,0,1,1,6,1,25,5,125,1,8,1,1
201401KF60377,1,9,0,18,0,8,0,0,0,0,4,1,6,1,-1,-1,1896,2,14,-1,-1
201401KF60377,2,9,0,18,0,8,0,0,0,0,1,1,6,2,31,6,1388,1,12,-1,-1
201401KF60378,1,11,0,5,0,1,0,0,0,0,0,1,1,1,39,7,8268,2,11,2,1
201401KF60379,1,3,0,18,0,0,0,0,0,0,4,1,6,1,35,6,124,1,-1,8,1
201401KF60379,2,9,0,12,0,0,0,0,0,0,3,1,1,1,28,6,2200,2,18,3,1
201401KF60380,1,9,0,3,0,1,0,0,0,0,2,1,6,1,30,6,2979,1,11,3,1
201401KF60380,2,9,0,18,0,1,0,0,0,0,1,1,6,1,-1,-1,1896,2,13,-1,-1
201401KF60381,1,9,0,9,0,8,0,0,0,0,4,1,6,2,33,6,1598,1,9,3,1
201401KF60381,2,5,0,18,0,8,0,0,0,0,1,1,6,1,24,5,-1,-1,-1,3,1
201401KF60382,1,9,0,18,0,1,0,0,0,0,2,1,6,2,62,9,1598,1,15,7,1
201401KF60382,2,9,0,18,0,1,0,0,0,0,1,1,6,1,-1,-1,1560,2,9,2,1
201401KF60384,1,5,0,17,0,8,0,0,0,0,2,1,1,1,30,6,-1,-1,-1,8,1
201401KF60384,2,9,0,17,0,8,0,0,0,0,1,1,2,1,37,7,2143,2,4,10,1
201401KF60386,1,9,0,18,0,1,0,0,0,0,4,1,6,1,46,8,1597,1,15,2,1
201401KF60387,1,9,0,18,0,1,0,0,0,0,1,1,6,1,-1,-1,-1,-1,-1,-1,-1