Accident_Index,Vehicle_Reference,Vehicle_Type,Towing_and_Articulation,Vehicle_Manoeuvre,Vehicle_Location-Restricted_Lane,Junction_Location,Skidding_and_Overturning,Hit_Object_in_Carriageway,Vehicle_Leaving_Carriageway,Hit_Object_off_Carriageway,1st_Point_of_Impact,Was_Vehicle_Left_Hand_Drive?,Journey_Purpose_of_Driver,Sex_of_Driver,Age_of_Driver,Age_Band_of_Driver,Engine_Capacity_(CC),Propulsion_Code,Age_of_Vehicle,Driver_IMD_Decile,Driver_Home_Area_Type
201401KF60388,1,9,0,18,0,1,0,0,0,0,1,1,6,1,22,5,1686,2,7,1,1
201401KF60388,2,9,0,18,0,1,0,0,0,0,2,1,6,2,48,8,1598,1,12,2,1
201401KF60389,1,9,0,9,0,8,0,0,0,0,4,1,6,1,65,9,1388,1,8,3,1
201401KF60389,2,1,0,18,0,8,0,0,0,0,1,1,1,1,28,6,-1,-1,-1,2,1
201401KF60390,1,9,0,17,0,8,0,0,0,0,3,1,2,2,57,9,3000,1,13,6,1
201401KF60390,2,9,0,17,0,8,0,0,0,0,4,1,6,2,61,9,1388,1,2,2,1
201401KF60391,1,1,0,18,0,2,0,8,0,0,1,1,6,1,40,7,-1,-1,-1,2,1
201401KF60391,2,9,0,2,0,2,0,0,0,0,3,1,6,1,22,5,1199,1,11,1,1
201401KF60392,1,9,0,18,0,0,0,0,0,0,1,1,6,1,-1,-1,1796,1,7,-1,-1
201401KF60393,1,9,0,18,0,2,0,0,0,0,1,1,6,1,40,7,2967,2,7,3,1
201401KF60394,1,9,0,18,0,1,0,0,0,0,4,1,2,1,24,5,1299,1,13,4,1
201401KF60394,2,9,0,12,0,1,0,0,0,0,3,1,6,1,-1,-1,1998,1,13,-1,-1
201401KF60395,1,9,0,3,0,0,0,0,0,0,1,1,1,1,35,6,2999,2,8,6,1
201401KF60395,2,9,0,18,0,0,0,0,0,0,1,1,6,1,-1,-1,2198,1,9,-1,-1
201401KF60396,1,9,0,7,0,5,0,0,0,0,4,1,2,1,34,6,1796,1,6,6,1
201401KF60396,2,1,0,18,4,1,0,0,0,0,3,1,2,1,48,8,-1,-1,-1,3,1
201401KF60397,1,9,0,7,0,6,0,0,0,0,1,1,6,1,30,6,1998,2,7,2,1
201401KF60397,2,1,0,18,0,8,0,0,0,0,4,1,6,1,55,8,-1,-1,-1,1,1
201401KF60398,1,9,0,3,0,1,0,0,0,0,2,1,6,2,29,6,1968,2,8,2,1
201401KF60398,2,9,0,4,0,1,0,0,0,0,2,1,6,1,27,6,1596,1,9,2,1
201401KF60398,3,9,0,18,0,1,0,0,0,0,1,1,6,1,56,9,1124,1,20,1,1
201401KF60399,1,9,0,18,0,1,0,0,0,0,1,1,6,3,-1,-1,-1,-1,-1,-1,-1
201401KF60400,1,5,0,17,0,8,0,0,0,0,2,1,6,1,37,7,998,1,8,3,1
201401KF60400,2,9,0,17,0,8,0,0,0,0,1,1,6,1,-1,-1,-1,-1,-1,-1,-1
201401KF60401,1,11,0,18,0,1,0,0,0,0,0,1,1,1,35,6,9360,2,3,2,1
201401KF60402,1,1,0,18,0,0,0,0,0,0,1,1,6,1,58,9,-1,-1,-1,5,1
201401KF60403,1,9,0,18,0,0,0,0,0,0,1,1,6,1,27,6,1753,2,7,2,1
201401KF60403,2,1,0,18,0,0,0,0,0,0,2,1,6,1,44,7,-1,-1,-1,2,1
201401KF60404,1,9,0,9,0,8,0,0,0,0,4,1,6,1,52,8,1796,1,8,1,1
201401KF60404,2,1,0,18,0,8,0,0,0,0,1,1,6,1,49,8,-1,-1,-1,2,1
201401KF60406,1,9,0,18,0,0,0,0,0,0,4,1,6,3,-1,-1,1339,1,1,-1,-1
201401KF60408,1,4,0,18,0,0,0,0,0,0,4,1,6,1,20,4,600,1,1,2,1
201401KF60408,2,9,0,12,0,0,0,0,0,0,3,1,2,1,39,7,-1,-1,-1,5,1
201401KF60408,3,9,0,18,0,0,0,0,0,0,2,1,6,1,21,5,698,1,8,9,1
201401KF60409,1,9,0,18,0,8,0,0,0,0,3,1,1,1,41,7,1896,2,4,6,1
201401KF60409,2,9,0,9,0,8,0,0,0,0,1,1,6,1,-1,-1,1686,2,9,2,1
201401KF60410,1,9,0,18,0,1,0,0,0,0,3,1,6,3,-1,-1,2495,1,10,-1,-1
201401KF60411,1,9,0,18,0,0,0,0,0,0,1,1,6,1,54,8,-1,-1,-1,3,1
201401KF60412,1,9,0,9,0,8,0,0,0,0,3,1,6,1,30,6,1975,1,6,2,1
201401KF60412,2,1,0,18,0,8,0,0,0,0,1,1,6,1,47,8,-1,-1,-1,2,1
201401KF60413,1,9,0,18,0,0,0,0,0,0,1,1,6,1,33,6,1590,1,10,2,1
201401KF60413,2,3,0,18,0,0,0,0,0,0,2,1,6,1,-1,-1,125,1,6,7,1
201401KF60414,1,3,0,18,0,2,0,0,0,0,1,1,6,1,33,6,124,1,4,5,1
201401KF60414,2,9,0,3,0,2,0,0,0,0,2,1,6,1,38,7,1895,1,12,3,1
201401KF60415,1,3,0,14,0,8,0,0,0,0,1,1,6,1,23,5,124,1,4,1,1
201401KF60415,2,9,0,9,0,8,0,0,0,0,3,1,6,1,19,4,1598,1,9,3,1
201401KF60416,1,8,0,4,0,1,0,0,0,0,2,1,1,1,45,7,1997,2,7,2,1
201401KF60416,2,9,0,18,0,1,0,0,0,0,1,1,6,1,-1,-1,1596,1,13,-1,-1
201401KF60417,1,9,0,3,0,1,0,0,0,0,2,1,6,1,27,6,1390,1,14,2,1
201401KF60417,2,9,0,3,0,1,0,0,0,0,2,1,6,1,27,6,1998,1,11,3,1
201401KF60417,3,9,0,3,0,1,0,0,0,0,2,1,6,1,36,7,1598,1,11,-1,-1
201401KF60417,4,9,0,18,0,1,0,0,0,0,1,1,6,1,44,7,2720,2,9,5,1
201401KF60418,1,9,0,18,0,2,0,0,0,0,1,1,2,1,68,10,1998,1,10,2,1
201401KF60420,1,9,0,18,0,8,0,0,0,0,4,1,6,1,30,6,2496,1,12,2,1
201401KF60420,2,9,0,9,0,8,0,0,0,0,1,1,6,3,-1,-1,-1,-1,-1,-1,-1
201401KF60422,1,5,0,18,0,0,0,0,0,0,1,1,6,1,40,7,600,1,22,9,1
201401KF60422,2,9,0,18,0,0,0,0,0,0,2,1,6,1,27,6,1998,1,8,-1,-1
201401KF60423,1,9,0,18,0,0,0,0,0,0,1,1,6,3,-1,-1,1753,2,12,-1,-1
201401KF60424,1,9,0,18,0,2,0,0,0,0,1,1,6,1,23,5,3598,1,7,1,1
201401KF60425,1,9,0,3,0,0,0,0,0,0,2,1,2,2,23,5,1399,2,8,4,1
201401KF60425,2,9,0,3,0,0,0,0,0,0,2,1,6,1,24,5,1596,1,12,3,1
201401KF60425,3,9,0,3,0,0,0,0,0,0,2,1,6,1,26,6,1598,2,-1,2,1
201401KF60425,4,21,0,18,0,0,0,0,0,0,1,1,1,1,45,7,7146,2,4,-1,-1
201401KF60426,1,9,0,18,0,0,0,0,0,0,1,1,6,2,-1,-1,1598,1,8,-1,-1
201401KF60427,1,3,0,18,0,0,0,4,0,0,1,1,6,1,21,5,125,1,3,1,1
201401KF60427,2,9,0,2,0,0,0,0,0,0,3,1,6,1,-1,-1,2000,2,10,3,1
201401KF60428,1,19,0,3,0,0,0,0,0,0,2,1,6,1,43,7,1968,2,-1,4,3
201401KF60428,2,9,0,3,0,0,0,0,0,0,2,1,6,1,54,8,1796,1,9,2,1
201401KF60428,3,9,0,18,0,0,0,0,0,0,1,1,6,1,24,5,1497,1,12,2,1
201401KF60429,1,9,0,17,0,8,0,0,0,0,1,1,6,1,16,4,899,1,19,2,1
201401KF60429,2,9,0,18,0,8,0,0,0,0,3,1,6,2,45,7,1596,1,11,2,1
201401KF60430,1,1,0,18,4,0,0,8,0,0,1,1,6,1,33,6,-1,-1,-1,-1,-1
201401KF60430,2,8,0,3,0,0,0,0,0,0,4,1,1,1,56,9,2664,2,15,-1,-1
201401KF60431,1,5,0,15,0,1,0,0,0,0,3,1,6,1,-1,-1,-1,-1,-1,-1,-1
201401KF60431,2,9,0,7,0,5,0,0,0,0,4,1,6,1,-1,-1,-1,-1,-1,-1,-1
201401KF60432,1,9,0,18,0,2,0,0,0,0,1,1,6,1,20,4,1910,2,6,1,1
201401KF60433,1,9,0,18,0,8,0,0,0,0,3,1,6,2,34,6,1798,1,7,1,1
201401KF60433,2,21,1,17,0,8,0,0,0,0,1,1,1,1,65,9,12902,2,1,2,1
201401KF60434,1,9,0,18,0,2,0,0,0,0,1,1,6,1,-1,-1,1796,1,14,-1,-1
201401KF60435,1,9,0,18,0,0,0,0,0,0,1,1,6,2,34,6,1388,1,2,2,1
201401KF60436,1,9,0,7,0,5,0,0,0,0,4,1,6,3,-1,-1,-1,-1,-1,-1,-1
201401KF60436,2,1,0,18,0,1,0,0,0,0,3,1,6,2,40,7,-1,-1,-1,3,1
201401KF60437,1,9,0,7,0,2,0,0,0,0,1,1,6,1,-1,-1,2597,1,14,-1,-1
201401KF60439,1,19,0,18,0,1,0,0,0,0,1,1,6,1,30,6,2402,2,10,8,1
201401KF60439,2,9,0,18,0,1,0,0,0,0,2,1,6,2,40,7,1796,1,9,1,1
201401KF60440,1,1,0,18,0,1,0,0,0,0,4,1,6,1,33,6,-1,-1,-1,2,1
201401KF60440,2,9,0,18,0,1,0,0,0,0,1,1,6,1,-1,-1,1995,2,3,-1,-1
201401KF60441,1,1,0,18,0,2,0,0,0,0,1,1,6,3,-1,-1,-1,-1,-1,-1,-1
201401KF60442,1,1,0,18,0,8,0,0,0,0,1,1,2,1,25,5,-1,-1,-1,-1,1
201401KF60442,2,9,0,9,0,8,0,0,0,0,4,1,6,1,-1,-1,1796,1,14,-1,-1
201401KF60444,1,3,0,14,0,1,0,0,0,0,1,1,6,1,22,5,125,1,3,2,1
201401KF60444,2,9,0,18,0,2,0,0,0,0,3,1,6,2,24,5,1390,1,8,6,1
201401KF60445,1,1,0,18,0,0,0,0,0,0,3,1,6,1,18,4,-1,-1,-1,1,1
201401KF60445,2,9,0,13,0,0,0,0,0,0,4,1,6,3,-1,-1,2494,1,11,-1,-1
201401KF60446,1,9,0,3,0,1,0,0,0,0,2,1,6,1,43,7,1598,1,9,2,1
201401KF60446,2,9,0,18,0,1,0,0,0,0,1,1,6,3,-1,-1,-1,-1,-1,-1,-1
201401KF60447,1,9,0,18,0,1,0,0,0,0,1,1,6,1,-1,-1,1797,8,5,-1,-1
201401KF60448,1,3,0,18,0,0,0,0,0,0,1,1,6,1,18,4,125,1,8,2,1
201401KF60448,2,9,0,6,0,0,0,0,0,0,3,1,6,2,24,5,1388,1,12,5,2
201401KF60450,1,9,0,9,0,8,0,0,0,0,1,1,6,2,23,5,1597,1,12,1,1
201401KF60450,2,8,0,17,0,8,0,0,0,0,1,1,1,1,36,7,1797,8,4,2,1
201401KF60451,1,9,0,4,0,0,0,0,0,0,2,1,6,2,26,6,1388,1,6,8,1
201401KF60451,2,5,0,18,0,0,0,0,0,0,1,1,6,1,-1,-1,865,1,1,-1,-1
201401KF60452,1,19,0,18,0,1,0,0,0,0,1,1,6,1,28,6,1998,2,12,-1,-1
201401KF60453,1,1,0,18,0,1,0,0,0,0,3,1,2,1,41,7,-1,-1,-1,10,1
201401KF60453,2,9,0,7,0,5,0,0,0,0,4,1,6,1,-1,-1,2261,1,9,-1,-1
201401KF60456,1,9,0,18,0,8,0,0,0,0,3,1,6,2,54,8,1997,2,6,7,1
201401KF60456,2,9,0,9,0,8,0,0,0,0,1,1,6,1,-1,-1,2497,2,8,3,1
201401KF60457,1,9,0,9,0,8,0,0,0,0,1,1,6,1,40,7,2993,2,2,7,1
201401KF60457,2,3,0,18,0,8,0,0,0,0,3,1,6,1,25,5,124,1,3,2,1
201401KF60459,1,4,0,18,0,8,0,0,0,0,1,1,6,1,37,7,487,1,9,3,1
201401KF60459,2,9,0,9,0,8,0,0,0,0,1,1,6,1,45,7,1998,2,12,2,1
201401KF60460,1,3,0,18,0,8,0,0,0,0,1,1,6,1,27,6,125,1,5,4,1
201401KF60460,2,9,0,9,0,8,0,0,0,0,3,1,6,1,21,5,1794,1,9,1,1
201401KF60461,1,9,0,14,0,1,0,0,0,0,1,1,6,3,-1,-1,-1,-1,-1,-1,-1
201401KF60462,1,9,0,7,0,8,0,0,0,0,1,1,6,2,52,8,1149,1,6,1,1
201401KF60462,2,1,0,18,0,8,0,0,0,0,4,1,6,1,30,6,-1,-1,-1,1,1
201401KF60463,1,9,0,18,0,0,0,0,0,0,4,1,6,2,21,5,1398,1,2,4,1
201401KF60463,2,9,0,12,0,0,0,0,0,0,3,1,1,1,28,6,1896,2,6,3,1
201401KF60464,1,9,0,18,0,1,0,0,0,0,1,1,6,1,-1,-1,-1,-1,-1,-1,-1
201401KF60465,1,9,0,18,0,1,0,0,0,0,4,1,6,1,35,6,1596,1,7,-1,1
201401KF60466,1,9,0,12,0,2,0,0,0,0,3,1,6,1,20,4,998,1,-1,2,1
201401KF60466,2,9,0,18,0,2,0,0,0,0,4,1,6,2,18,4,1598,1,6,6,1
201401KF60467,1,9,0,18,0,0,0,10,2,10,1,1,6,1,23,5,2148,2,7,3,1
201401KF60468,1,9,0,18,0,0,0,0,0,0,3,1,2,2,21,5,1242,1,5,6,1
201401KF60468,2,9,0,11,0,0,0,0,0,0,4,1,6,1,-1,-1,-1,-1,-1,-1,-1
201401KF60469,1,9,0,18,0,8,0,0,0,0,3,1,6,1,18,4,1390,1,10,2,1
201401KF60469,2,19,0,18,0,8,0,0,0,0,1,1,6,1,39,7,1910,2,8,1,1
201401KF60471,1,9,0,18,0,1,0,0,0,0,1,1,6,1,-1,-1,1197,1,1,1,1
201401KF60472,1,9,0,6,0,0,0,0,0,0,4,1,6,1,27,6,1995,2,7,-1,1
201401KF60472,2,5,0,18,0,0,0,0,0,0,1,1,6,1,27,6,599,1,9,1,1
201401KF60473,1,9,0,18,0,0,0,0,0,0,1,1,6,1,-1,-1,-1,-1,-1,-1,-1
201401KF60474,1,9,0,18,0,0,0,0,0,0,1,1,6,1,-1,-1,-1,-1,-1,-1,-1
201401KF60475,1,5,0,18,0,1,0,0,0,0,4,1,6,1,41,7,-1,-1,-1,2,1
201401KF60476,1,9,0,17,0,1,0,0,0,0,2,1,1,2,-1,-1,-1,-1,-1,-1,-1
201401KF60476,2,9,0,17,0,1,0,0,0,0,1,1,6,1,51,8,-1,-1,-1,1,1
201401KF60477,1,8,0,3,0,1,0,0,0,0,2,1,1,1,46,8,2664,2,14,6,1
201401KF60477,2,9,0,18,0,1,0,0,0,0,1,1,6,2,-1,-1,998,1,10,-1,-1
201401KF60478,1,9,0,1,0,1,0,0,0,0,2,1,6,3,-1,-1,-1,-1,-1,-1,-1
201401KF60479,1,9,0,3,0,0,0,0,0,0,2,1,6,1,39,7,1986,2,9,1,1
201401KF60479,2,9,0,18,0,0,0,0,0,0,1,1,6,1,-1,-1,-1,-1,-1,-1,-1
201401KF60482,1,11,0,3,0,0,0,0,0,0,0,1,1,1,-1,-1,-1,-1,-1,-1,-1
201401KF60483,1,9,0,18,0,8,0,0,0,0,3,1,2,1,69,10,1242,1,13,3,1
201401KF60483,2,9,0,18,0,8,0,0,0,0,1,1,6,1,-1,-1,1364,1,-1,-1,-1
201401KF60485,1,9,0,17,0,8,0,0,0,0,4,1,6,2,58,9,1997,1,2,3,1
201401KF60485,2,9,0,17,0,8,0,0,0,0,3,1,2,2,27,6,1461,2,11,1,1
201401KF60487,1,9,0,4,0,2,0,0,0,0,2,1,6,1,36,7,1995,2,2,2,1
201401KF60487,2,1,0,18,0,2,0,0,0,0,1,1,6,1,41,7,-1,-1,-1,3,1
201401KF60488,1,9,0,18,0,8,0,0,0,0,1,1,6,2,44,7,1590,1,10,2,1
201401KF60488,2,19,0,7,0,8,0,0,0,0,1,1,1,1,55,8,1461,2,3,10,1
201401KF60489,1,19,0,18,0,0,0,4,0,0,1,1,6,1,33,6,1998,2,13,-1,-1
201401KF60489,2,9,0,2,0,0,0,0,0,0,2,1,6,2,28,6,1598,1,5,1,1
201401KF60491,1,9,0,1,0,1,0,0,0,0,2,1,6,1,29,6,1560,2,7,1,1
201401KF60492,1,9,0,18,0,0,0,0,0,0,4,1,6,2,22,5,1339,1,10,2,1
201401KF60493,1,2,0,13,0,0,0,0,0,0,4,1,6,1,24,5,49,1,9,3,1
201401KF60493,2,9,0,6,0,0,0,0,0,0,3,1,6,1,-1,-1,1998,1,12,-1,-1
201401KF60495,1,5,0,18,0,2,0,8,0,0,1,1,1,1,29,6,107,1,-1,1,1
201401KF60495,2,9,0,2,0,2,0,0,0,0,3,1,2,2,48,8,1984,1,14,2,1
201401KF60496,1,9,0,18,0,2,0,0,0,0,1,1,6,1,40,7,2000,2,4,2,1
201401KF60497,1,8,0,18,0,1,0,0,0,0,1,1,1,1,52,8,2402,2,11,6,1
201401KF60497,2,1,0,18,0,1,0,0,0,0,3,1,6,2,23,5,-1,-1,-1,3,1
201401KF60498,1,9,0,18,0,2,0,0,0,0,1,1,2,1,20,4,973,1,13,2,1
201401KF60499,1,8,0,18,0,2,0,0,0,0,1,1,1,1,40,7,-1,-1,-1,2,1
201401KF60500,1,9,0,18,0,1,0,0,0,0,1,1,6,3,-1,-1,-1,-1,-1,-1,-1
201401KF60501,1,3,0,13,0,1,0,7,0,0,1,1,2,1,32,6,125,1,-1,3,1
201401KF60503,1,9,0,18,0,0,0,0,0,0,2,1,6,1,40,7,1997,2,5,6,1
201401KF60503,2,19,0,18,0,0,0,0,0,0,1,1,6,1,34,6,1995,2,-1,2,1
201401KF60504,1,1,0,18,0,0,0,0,0,0,3,1,2,1,46,8,-1,-1,-1,4,1
201401KF60505,1,8,0,9,0,8,0,0,0,0,4,1,6,1,51,8,1910,2,8,6,1
201401KF60505,2,1,0,18,0,8,0,0,0,0,1,1,2,1,28,6,-1,-1,-1,-1,-1
201401KF60506,1,9,0,17,0,2,0,0,0,0,1,1,6,2,37,7,1769,1,11,2,1
201401KF60507,1,5,0,18,0,0,0,10,0,0,3,1,6,1,-1,-1,599,1,17,-1,-1
201401KF60508,1,9,0,9,0,8,0,0,0,0,3,1,6,1,28,6,2494,1,12,1,1
201401KF60508,2,9,0,18,0,8,0,0,0,0,1,1,6,1,84,11,1299,1,11,2,1
201401KF60510,1,9,0,4,0,0,0,0,0,0,2,1,6,1,32,6,1398,1,11,2,1
201401KF60510,2,9,0,18,0,0,0,0,0,0,1,1,6,3,-1,-1,1834,1,12,-1,-1
201401KF60511,1,9,0,18,0,0,0,0,0,0,1,1,6,1,26,6,1896,2,17,3,1
201401KF60512,1,9,0,7,0,2,0,0,0,0,1,1,6,1,19,4,1399,2,9,1,1
201401KF60513,1,9,0,18,0,2,0,0,0,0,1,1,6,3,-1,-1,-1,-1,-1,-1,-1
201401KF60513,2,1,0,18,0,2,0,0,0,0,3,1,6,1,10,2,-1,-1,-1,-1,-1
201401KF60515,1,9,0,13,0,2,0,0,0,0,4,1,6,1,-1,-1,1910,2,5,-1,-1
201401KF60515,2,1,0,18,4,2,0,0,0,0,3,1,6,1,27,6,-1,-1,-1,1,1
201401KF60516,1,9,0,3,0,1,0,0,0,0,2,1,6,2,44,7,-1,-1,-1,1,1
201401KF60516,2,9,0,18,0,1,0,0,0,0,1,1,6,3,-1,-1,-1,-1,-1,-1,-1
201401KF60518,1,1,0,18,0,0,0,0,0,0,3,1,2,1,40,7,-1,-1,-1,7,1
201401KF60518,2,9,0,13,0,0,0,0,0,0,4,1,2,2,45,7,1498,1,7,4,1
201401KF60519,1,11,0,18,0,8,0,0,0,0,3,1,1,1,43,7,4500,2,4,1,1
201401KF60519,2,19,0,17,0,8,0,0,0,0,1,1,1,1,54,8,2143,2,1,5,2
201401KF60520,1,9,0,7,0,5,0,0,0,0,2,1,6,1,28,6,1200,1,1,3,1
201401KF60520,2,9,0,18,0,1,0,0,0,0,1,1,6,2,24,5,1560,2,2,1,1
201401KF60521,1,9,0,8,0,1,0,0,0,0,2,1,6,1,42,7,998,1,8,1,1
201401KF60521,2,19,0,18,0,1,0,0,0,0,1,1,1,1,26,6,2148,2,3,5,1
201401KF60523,1,9,0,4,0,1,0,0,0,0,2,1,6,2,44,7,1299,1,11,2,1
201401KF60523,2,9,0,18,0,1,0,0,0,0,1,1,6,1,-1,-1,1596,1,12,-1,-1
201401KF60524,1,9,0,18,0,8,0,0,0,0,3,1,1,1,43,7,1339,8,4,1,1
201401KF60524,2,3,0,9,0,8,0,0,0,0,1,1,6,1,32,6,124,1,3,2,1
201401KF60526,1,9,0,13,0,0,0,0,0,0,4,1,6,1,52,8,1596,1,9,2,1
201401KF60526,2,1,0,18,0,0,0,0,0,0,3,1,6,1,46,8,-1,-1,-1,-1,-1
201401KF60527,1,3,0,18,0,1,0,0,0,0,3,1,6,1,35,6,124,1,8,2,1
201401KF60528,1,9,0,7,0,5,0,0,0,0,4,1,2,1,27,6,2204,2,6,3,1
201401KF60530,1,9,0,4,0,1,0,0,0,0,2,1,6,1,35,6,-1,-1,-1,1,1
201401KF60530,2,3,0,18,0,1,0,0,0,0,1,1,6,1,31,6,124,1,1,3,1
201401KF60531,1,9,0,7,0,5,0,0,0,0,1,1,1,1,43,7,1796,1,17,2,1
201401KF60532,1,1,0,18,0,0,0,0,0,0,3,1,2,1,25,5,-1,-1,-1,2,1
201401KF60532,2,9,0,11,0,0,0,0,0,0,4,1,6,3,-1,-1,-1,-1,-1,-1,-1
201401KF60533,1,9,0,18,0,0,0,0,0,0,1,1,6,1,58,9,1794,1,9,2,1
201401KF60533,2,9,0,4,0,0,0,0,0,0,2,1,6,1,49,8,-1,-1,-1,3,1
201401KF60533,3,9,0,4,0,0,0,0,0,0,2,1,6,1,30,6,1769,1,13,3,1
201401KF60534,1,9,0,18,0,8,0,0,0,0,3,1,6,1,21,5,998,1,6,-1,-1
201401KF60534,2,9,0,9,0,8,0,0,0,0,1,1,6,2,-1,-1,1995,1,3,-1,-1
201401KF60536,1,9,0,18,0,2,0,0,0,0,3,1,6,1,45,7,1995,2,7,3,1
201401KF60536,2,9,0,13,0,2,0,0,0,0,4,1,6,1,-1,-1,1596,1,2,-1,-1
201401KF60537,1,9,0,18,0,1,0,4,0,0,1,1,6,1,-1,-1,1396,1,13,-1,-1
201401KF60537,2,9,0,2,0,1,0,0,0,0,2,1,6,3,-1,-1,-1,-1,-1,-1,-1
201401KF60538,1,9,0,4,0,0,0,0,0,0,2,1,6,2,23,5,1390,1,-1,9,3
201401KF60538,2,9,0,18,0,0,0,0,0,0,1,1,6,2,27,6,1999,1,7,-1,1
201401KF60540,1,9,0,18,0,8,0,0,0,0,1,1,6,1,29,6,1984,1,11,2,1
201401KF60540,2,9,0,18,0,8,0,0,0,0,2,1,6,2,40,7,1998,1,10,8,1
201401KF60543,1,9,0,18,0,8,0,0,0,0,4,1,6,1,47,8,1995,2,9,-1,1
201401KF60543,2,9,0,9,0,6,0,0,0,0,1,1,6,3,-1,-1,1596,1,11,-1,-1
201401KF60544,1,8,0,11,0,0,0,0,0,0,4,1,1,1,36,7,2402,2,12,5,1
201401KF60544,2,5,0,18,0,0,0,0,0,0,3,1,6,1,33,6,600,1,10,7,1
201401KF60545,1,9,0,18,0,0,0,0,0,0,1,1,6,1,21,5,1796,1,11,-1,-1
201401KF60545,2,9,0,18,0,0,0,0,0,0,2,1,6,1,42,7,1700,2,15,3,1
201401KF60546,1,9,0,10,0,1,0,0,0,0,4,1,2,1,29,6,1598,1,3,1,1
201401KF60546,2,1,0,18,0,1,0,0,0,0,1,1,6,2,16,4,-1,-1,-1,1,1
201401KF60547,1,19,0,9,0,8,0,0,0,0,3,1,1,1,30,6,2198,2,6,1,1
201401KF60547,2,3,0,18,0,8,0,0,0,0,1,1,2,1,34,6,125,1,1,3,1
201401KF60548,1,11,0,4,0,1,0,0,0,0,4,1,1,1,43,7,4500,2,4,-1,1
201401KF60549,1,11,0,4,0,0,0,0,0,0,0,1,1,1,36,7,6700,2,2,6,1
201401KF60550,1,9,0,3,0,1,0,0,0,0,2,1,6,1,40,7,1124,1,12,4,1
201401KF60550,2,9,0,18,0,1,0,0,0,0,1,1,6,1,-1,-1,1339,1,10,-1,-1
201401KF60551,1,9,0,18,0,8,0,0,0,0,1,1,6,1,76,11,1996,1,20,3,1
201401KF60551,2,9,0,10,0,8,0,0,0,0,2,1,6,1,27,6,1598,1,8,3,1
201401KF60552,1,8,0,9,0,8,0,0,0,0,3,1,1,1,44,7,1910,2,4,-1,-1
201401KF60552,2,9,0,18,0,8,0,0,0,0,1,1,6,1,22,5,1595,1,14,3,1
201401KF60553,1,11,0,5,0,2,0,0,0,0,0,1,1,1,38,7,9360,2,3,1,1
201401KF60554,1,19,0,18,0,0,0,0,0,0,4,1,1,1,-1,-1,-1,-1,-1,-1,-1
201401KF60555,1,9,0,18,0,0,0,0,0,0,1,1,6,3,-1,-1,1560,2,10,-1,-1
201401KF60555,2,9,0,4,0,0,0,0,0,0,2,1,6,1,40,7,1997,2,3,3,1
201401KF60556,1,9,0,2,0,1,0,0,0,0,3,1,6,2,33,6,1388,1,8,1,1
201401KF60556,2,1,0,18,0,1,0,8,0,0,1,1,6,1,57,9,-1,-1,-1,2,1
201401KF60557,1,9,0,9,0,8,0,0,0,0,1,1,6,3,-1,-1,1995,2,9,-1,-1
201401KF60557,2,1,0,18,0,8,0,0,0,0,3,1,6,1,36,7,-1,-1,-1,1,1
201401KF60558,1,8,0,1,0,0,0,0,0,0,2,1,1,1,-1,-1,1910,2,4,-1,-1
201401KF60559,1,5,0,18,0,1,0,0,0,0,1,1,2,1,25,5,599,1,6,2,1
201401KF60560,1,9,0,18,0,2,0,0,0,0,4,1,6,2,31,6,1242,1,6,1,1
201401KF60561,1,9,0,18,0,2,0,4,0,0,3,1,6,1,23,5,1390,1,-1,3,1
201401KF60561,2,9,0,2,0,2,0,0,0,0,4,1,6,2,43,7,1388,1,10,6,1
201401KF60565,1,1,0,18,4,1,0,0,0,0,3,1,6,1,53,8,-1,-1,-1,2,1
201401KF60565,2,9,0,7,0,5,0,0,0,0,4,1,6,1,-1,-1,999,1,7,-1,-1
201401KF60566,1,9,0,18,0,0,0,0,0,0,1,1,6,2,64,9,1598,1,11,2,1
201401KF60566,2,9,0,18,0,0,0,0,0,0,1,1,6,1,-1,-1,-1,-1,-1,-1,-1
201401KF60569,1,9,0,18,0,0,0,10,2,2,1,1,6,1,-1,-1,1388,1,10,1,1
201401KF60570,1,3,0,18,0,1,0,0,0,0,3,1,1,1,21,5,125,1,4,-1,-1
201401KF60570,2,9,0,9,0,5,0,0,0,0,0,1,6,3,-1,-1,-1,-1,-1,-1,-1
201401KF60571,1,3,0,18,0,0,0,0,0,0,4,1,6,1,33,6,124,1,10,5,1
201401KF60571,2,9,0,12,0,0,0,0,0,0,3,1,6,1,46,8,1997,1,7,5,1
201401KF60572,1,9,0,18,0,0,0,0,0,0,1,1,6,1,23,5,1988,1,12,-1,-1
201401KF60572,2,5,0,3,0,0,0,0,0,0,2,1,6,1,26,6,-1,-1,-1,1,1
201401KF60573,1,9,0,8,0,1,0,0,0,0,2,1,1,2,26,6,1388,1,4,2,1
201401KF60573,2,9,0,16,0,1,0,0,0,0,1,1,6,1,-1,-1,1686,2,1,-1,-1
201401KF60574,1,9,0,4,0,0,0,0,0,0,1,1,6,2,37,7,1596,1,11,8,1
201401KF60574,2,9,0,4,0,0,0,0,0,0,2,1,6,2,53,8,1560,2,3,2,1
201401KF60575,1,9,0,18,0,2,0,0,0,0,1,1,6,1,37,7,1910,2,7,3,1
201401KF60576,1,3,0,18,0,0,1,0,0,0,3,1,6,1,37,7,125,1,5,7,1
201401KF60578,1,9,0,17,0,8,0,0,0,0,1,1,6,1,25,5,1796,1,9,6,1
201401KF60578,2,9,0,17,0,8,0,0,0,0,2,1,6,1,-1,-1,1596,1,12,-1,-1
201401KF60579,1,9,0,18,0,2,0,0,0,0,1,1,6,2,40,7,1968,2,2,4,1
201401KF60580,1,9,0,3,0,1,0,0,0,0,1,1,6,1,21,5,1995,1,7,3,1
201401KF60580,2,9,0,1,0,1,0,0,0,0,2,1,6,1,33,6,1339,8,7,4,1