Accident_Index,Vehicle_Reference,Vehicle_Type,Towing_and_Articulation,Vehicle_Manoeuvre,Vehicle_Location-Restricted_Lane,Junction_Location,Skidding_and_Overturning,Hit_Object_in_Carriageway,Vehicle_Leaving_Carriageway,Hit_Object_off_Carriageway,1st_Point_of_Impact,Was_Vehicle_Left_Hand_Drive?,Journey_Purpose_of_Driver,Sex_of_Driver,Age_of_Driver,Age_Band_of_Driver,Engine_Capacity_(CC),Propulsion_Code,Age_of_Vehicle,Driver_IMD_Decile,Driver_Home_Area_Type
201401KF60581,1,9,0,7,0,2,0,0,0,0,1,1,6,1,38,7,1498,1,15,2,1
201401KF60581,2,19,0,3,0,1,0,0,0,0,3,1,6,1,68,10,-1,-1,-1,5,1
201401KF60581,3,9,0,3,0,1,0,0,0,0,3,1,6,1,27,6,1995,2,-1,3,1
201401KF60582,1,1,0,18,0,0,0,0,0,0,1,1,6,2,-1,-1,-1,-1,-1,-1,-1
201401KF60583,1,9,0,18,0,1,0,0,0,0,1,1,6,1,-1,-1,2987,2,6,-1,-1
201401KF60583,2,9,0,4,0,1,0,0,0,0,2,1,6,1,31,6,1242,1,2,2,1
201401KF60584,1,1,0,18,0,8,0,0,0,0,4,1,6,1,19,4,-1,-1,-1,2,1
201401KF60584,2,9,0,18,0,8,0,0,0,0,1,1,6,1,-1,-1,1686,2,-1,-1,-1
201401KF60585,1,5,0,17,0,8,0,0,0,0,2,1,6,1,45,7,625,1,11,8,1
201401KF60585,2,9,0,17,0,8,0,0,0,0,1,1,6,2,58,9,989,1,11,1,1
201401KF60586,1,3,0,14,0,0,0,0,0,0,1,1,6,1,22,5,125,1,5,2,1
201401KF60587,1,9,0,18,0,0,0,0,0,0,1,1,1,1,56,9,4197,1,9,-1,-1
201401KF60587,2,9,0,3,0,0,0,0,0,0,2,1,1,1,52,8,1753,2,11,4,1
201401KF60587,3,9,0,3,0,0,0,0,0,0,2,1,1,1,46,8,999,1,-1,3,1
201401KF60587,4,9,0,3,0,0,0,0,0,0,2,1,1,2,25,5,1590,1,10,1,1
201401KF60588,1,9,0,18,0,1,0,0,0,0,4,1,6,1,-1,-1,1598,1,13,-1,-1
201401KF60589,1,1,0,18,0,1,0,8,0,0,1,1,2,1,43,7,-1,-1,-1,1,1
201401KF60589,2,19,0,2,0,1,0,0,0,0,3,1,6,1,-1,-1,1968,2,2,-1,-1
201401KF60590,1,9,0,18,0,0,0,0,0,0,1,1,6,2,28,6,1997,1,7,-1,-1
201401KF60591,1,9,0,9,0,5,0,0,0,0,1,1,6,3,-1,-1,-1,-1,-1,-1,-1
201401KF60592,1,1,0,18,0,1,0,0,0,0,3,1,6,1,24,5,-1,-1,-1,3,1
201401KF60592,2,5,0,7,0,5,0,0,0,0,4,1,6,1,-1,-1,-1,-1,-1,-1,-1
201401KF60593,1,9,0,9,0,2,0,0,0,0,4,1,6,1,-1,-1,-1,-1,-1,-1,-1
201401KF60594,1,9,0,4,0,1,0,0,0,0,2,1,6,1,25,5,1995,2,8,3,1
201401KF60594,2,9,0,18,0,1,0,0,0,0,1,1,6,1,-1,-1,-1,-1,-1,-1,-1
201401KF60595,1,2,0,7,0,5,0,0,0,0,2,1,6,1,18,4,49,1,14,2,1
201401KF60595,2,9,0,18,0,1,0,0,0,0,1,1,6,1,-1,-1,1796,1,10,-1,-1
201401KF60596,1,9,0,18,0,0,0,0,0,0,4,1,6,1,53,8,1587,1,11,3,1
201401KF60597,1,3,0,18,0,0,0,0,0,0,3,1,2,1,39,7,125,1,1,-1,1
201401KF60597,2,9,0,11,0,0,0,0,0,0,4,1,6,2,-1,-1,1995,2,3,-1,-1
201401KF60598,1,9,0,7,9,2,0,10,1,10,1,1,6,1,19,4,1796,1,12,3,1
201401KF60600,1,3,0,18,0,8,0,0,0,0,4,1,6,1,21,5,-1,-1,-1,1,1
201401KF60600,2,9,0,9,0,6,0,0,0,0,1,1,6,1,-1,-1,-1,-1,-1,-1,-1
201401KF60603,1,11,0,17,0,2,0,0,0,0,0,1,1,1,37,7,8268,2,11,3,1
201401KF60604,1,11,0,4,0,0,0,0,0,0,0,1,1,1,39,7,9360,2,3,1,1
201401KF60605,1,9,0,18,0,8,0,0,0,0,1,1,6,1,53,8,1910,2,7,4,1
201401KF60605,2,9,0,9,0,8,0,0,0,0,3,1,6,2,38,7,1796,1,11,2,1
201401KF60606,1,9,0,9,0,5,0,0,0,0,1,1,6,1,39,7,1910,2,7,3,1
201401KF60607,1,8,0,5,0,2,0,0,0,0,4,1,1,1,58,9,1910,2,10,1,1
201401KF60609,1,9,0,18,0,2,0,4,0,0,1,1,6,1,18,4,1275,1,14,1,1
201401KF60609,2,9,0,2,0,2,0,0,0,0,3,1,6,1,-1,-1,1896,2,8,1,1
201401KF60610,1,9,0,7,0,5,0,0,0,0,4,1,6,1,23,5,1198,1,11,5,1
201401KF60610,2,9,0,18,2,1,0,0,0,0,3,1,6,1,24,5,1910,2,7,2,1
201401KF60613,1,3,0,9,0,8,0,0,0,0,3,1,6,1,41,7,124,1,12,1,1
201401KF60613,2,9,0,13,0,8,0,0,0,0,4,1,6,2,25,5,1598,1,6,2,1
201401KF60614,1,9,0,2,0,0,0,0,0,0,3,1,6,1,37,7,1995,2,11,-1,-1
201401KF60614,2,1,0,18,0,0,0,8,0,0,1,1,6,2,-1,-1,-1,-1,-1,-1,-1
201401KF60615,1,1,0,18,0,1,0,0,0,0,3,1,6,1,64,9,-1,-1,-1,7,1
201401KF60615,2,9,0,7,0,5,0,0,0,0,4,1,6,2,-1,-1,-1,-1,-1,-1,-1
201401KF60616,1,9,0,3,0,1,0,0,0,0,2,1,6,2,36,7,1493,1,18,3,1
201401KF60616,2,9,0,18,0,1,0,0,0,0,1,1,6,1,-1,-1,1796,1,18,4,1
201401KF60619,1,9,0,9,0,8,0,0,0,0,4,1,6,1,23,5,1388,1,7,8,1
201401KF60619,2,9,0,18,0,8,0,0,0,0,1,1,6,1,21,5,1398,1,4,1,1
201401KF60620,1,9,0,18,0,8,0,0,0,0,4,1,1,2,30,6,1598,1,9,-1,1
201401KF60620,2,9,0,9,0,6,0,0,0,0,1,1,6,1,-1,-1,-1,-1,-1,-1,-1
201401KF60621,1,21,1,18,0,0,0,0,0,0,1,1,1,1,50,8,-1,2,7,8,2
201401KF60621,2,9,0,4,0,0,0,0,0,0,2,1,2,2,48,8,2698,2,6,7,1
201401KF60621,3,9,0,4,0,0,0,0,0,0,2,1,6,2,39,7,1560,2,4,3,1
201401KF60622,1,9,0,18,0,2,0,4,0,0,1,1,6,1,86,11,-1,-1,-1,5,3
201401KF60622,2,9,0,2,0,2,0,0,0,0,2,1,6,3,-1,-1,1910,2,12,-1,-1
201401KF60624,1,9,0,18,0,1,0,0,0,0,1,1,2,2,51,8,1596,1,13,3,1
201401KF60625,1,9,0,7,0,2,0,0,0,0,1,1,6,1,30,6,1895,1,15,-1,-1
201401KF60626,1,11,0,18,0,1,0,0,0,0,0,1,6,1,39,7,4500,2,3,2,1
201401KF60627,1,1,0,18,0,0,0,0,0,0,3,1,2,1,34,6,-1,-1,-1,1,1
201401KF60627,2,9,0,13,0,0,0,0,0,0,4,1,6,1,-1,-1,1895,1,14,-1,-1
201401KF60629,1,1,0,18,0,1,0,0,0,0,3,1,6,1,25,5,-1,-1,-1,7,1
201401KF60629,2,9,0,7,0,5,0,0,0,0,4,1,6,1,-1,-1,1781,1,14,-1,-1
201401KF60630,1,3,0,18,0,1,0,0,0,0,1,1,6,1,-1,-1,124,1,8,-1,-1
201401KF60631,1,2,0,18,0,8,0,0,0,0,4,1,6,1,38,7,124,1,3,7,1
201401KF60631,2,9,0,9,0,8,0,0,0,0,1,1,6,1,-1,-1,1598,1,10,3,1
201401KF60632,1,9,0,18,0,1,0,0,0,0,1,1,6,3,-1,-1,1686,2,9,-1,-1
201401KF60634,1,9,0,14,0,2,0,0,0,0,4,1,1,1,24,5,-1,-1,-1,9,2
201401KF60635,1,9,0,9,0,8,0,0,0,0,4,1,6,1,66,10,1796,1,6,2,1
201401KF60635,2,1,0,18,0,8,0,0,0,0,1,1,6,1,28,6,-1,-1,-1,3,1
201401KF60636,1,9,0,7,0,5,0,0,0,0,4,1,6,2,37,7,1896,2,8,-1,1
201401KF60636,2,1,0,18,4,1,0,0,0,0,3,1,6,1,34,6,-1,-1,-1,5,1
201401KF60637,1,9,0,18,0,2,0,0,0,0,1,1,6,1,27,6,1995,2,4,1,1
201401KF60637,2,1,0,18,0,2,0,0,0,0,4,1,6,1,23,5,-1,-1,-1,2,1
201401KF60638,1,9,0,4,0,1,0,0,0,0,2,1,6,1,22,5,1995,2,8,2,1
201401KF60638,2,9,0,18,0,1,0,0,0,0,1,1,6,1,-1,-1,-1,-1,-1,-1,-1
201401KF60639,1,9,0,9,0,8,0,0,0,0,4,1,6,2,45,7,1149,1,14,1,1
201401KF60639,2,9,0,18,0,8,0,0,0,0,1,1,6,1,-1,-1,1368,1,4,-1,-1
201401KF60640,1,9,0,9,0,2,0,0,0,0,1,1,2,2,42,7,1999,1,7,3,1
201401KF60641,1,9,0,4,0,1,0,0,0,0,2,1,6,2,28,6,2198,2,8,3,1
201401KF60641,2,9,0,18,0,1,0,0,0,0,1,1,6,1,-1,-1,1997,2,12,-1,-1
201401KF60642,1,9,0,12,0,0,0,0,0,0,3,1,2,2,57,9,1396,1,8,1,1
201401KF60642,2,19,0,18,0,0,0,0,0,0,4,1,1,1,31,6,-1,-1,-1,5,1
201401KF60643,1,9,0,18,0,0,0,0,0,0,2,1,1,1,53,8,1968,2,2,-1,-1
201401KF60643,2,9,0,18,0,0,0,0,0,0,1,1,6,1,26,6,1968,2,7,1,1
201401KF60644,1,9,0,3,0,1,0,0,0,0,1,1,6,2,46,8,1587,1,7,2,1
201401KF60644,2,9,0,1,0,1,0,0,0,0,2,1,6,1,-1,-1,-1,-1,-1,-1,-1
201401KF60645,1,9,0,4,0,0,0,0,0,0,2,1,6,1,21,5,1781,1,11,6,1
201401KF60645,2,9,0,18,0,0,0,0,0,0,1,1,6,1,-1,-1,2926,2,11,-1,-1
201401KF60646,1,3,0,12,0,1,0,0,0,0,3,1,6,1,23,5,124,1,5,1,1
201401KF60646,2,9,0,18,0,1,0,0,0,0,4,1,6,1,26,6,2494,1,11,2,1
201401KF60647,1,9,0,3,0,0,0,0,0,0,2,1,6,2,37,7,1390,1,8,3,1
201401KF60647,2,9,0,18,0,0,0,0,0,0,1,1,6,1,-1,-1,1197,1,1,-1,-1
201401KF60648,1,8,0,18,0,0,0,0,0,0,2,1,1,1,29,6,1796,1,6,2,1
201401KF60648,2,9,0,18,0,0,0,0,0,0,1,1,6,1,19,4,1388,1,7,1,1
201401KF60649,1,9,0,9,0,5,0,0,0,0,1,1,6,3,-1,-1,-1,-1,-1,-1,-1
201401KF60650,1,9,0,9,0,8,0,0,0,0,4,1,6,1,29,6,1497,1,14,1,1
201401KF60650,2,9,0,18,0,8,0,0,0,0,1,1,6,1,38,7,1339,1,12,7,1
201401KF60651,1,19,0,2,0,1,0,0,0,0,2,1,6,1,27,6,2402,2,10,3,1
201401KF60651,2,9,0,18,0,1,0,4,0,0,1,1,6,1,52,8,1998,1,11,3,1
201401KF60652,1,8,0,18,0,0,0,0,0,0,1,1,1,1,-1,-1,2664,2,16,3,1
201401KF60653,1,9,0,18,0,0,0,0,0,0,1,1,6,1,30,6,1368,1,8,3,1
201401KF60653,2,9,0,3,0,0,0,0,0,0,2,1,6,1,38,7,1598,1,4,3,1
201401KF60654,1,11,0,18,0,2,0,0,0,0,0,1,1,1,28,6,7300,2,9,2,1
201401KF60655,1,9,0,3,0,0,0,0,0,0,1,1,6,1,42,7,1798,8,1,8,1
201401KF60655,2,9,0,1,0,0,0,0,0,0,2,1,6,3,-1,-1,-1,-1,-1,-1,-1
201401KF60656,1,21,0,18,0,0,0,10,5,6,3,1,1,1,52,8,11012,2,11,7,1
201401KF60657,1,11,0,5,0,0,0,0,0,0,0,1,1,1,43,7,-1,-1,-1,8,1
201401KF60658,1,9,0,18,0,2,0,0,0,0,3,1,6,1,30,6,1390,1,4,3,1
201401KF60659,1,9,0,9,0,8,0,0,0,0,1,1,1,1,28,6,1968,2,10,2,1
201401KF60659,2,1,0,18,0,8,0,0,0,0,3,1,6,1,57,9,-1,-1,-1,3,1
201401KF60660,1,9,0,14,0,2,0,0,0,0,1,1,6,1,40,7,1240,1,8,1,1
201401KF60660,2,3,0,18,0,1,0,0,0,0,1,1,6,1,39,7,-1,-1,-1,3,1
201401KF60661,1,9,0,4,0,0,0,0,0,0,2,1,2,2,59,9,1598,1,13,6,1
201401KF60661,2,19,0,18,0,0,0,0,0,0,1,1,2,1,52,8,2402,2,14,2,1
201401KF60662,1,9,0,18,0,2,0,0,0,0,1,1,6,3,-1,-1,-1,-1,-1,-1,-1
201401KF60664,1,9,0,7,0,5,0,0,0,0,4,1,6,1,73,10,1390,1,11,2,1
201401KF60664,2,9,0,18,2,1,0,0,0,0,3,1,6,1,35,6,1596,1,8,1,1
201401KF60665,1,5,0,3,0,1,0,0,0,0,2,1,6,1,50,8,499,1,12,2,1
201401KF60665,2,9,0,5,0,1,0,0,0,0,1,1,6,1,54,8,2148,2,9,3,1
201401KF60666,1,9,0,3,0,0,0,0,0,0,2,1,1,1,-1,-1,-1,-1,-1,-1,-1
201401KF60666,2,19,0,18,0,0,0,0,0,0,1,1,6,1,39,7,-1,-1,-1,1,1
201401KF60667,1,9,0,9,0,8,0,0,0,0,1,1,1,1,52,8,1560,2,1,2,1
201401KF60667,2,4,0,18,0,8,0,0,0,0,4,1,2,1,51,8,803,1,-1,1,1
201401KF60668,1,19,0,18,0,2,0,0,0,0,3,1,6,1,31,6,2402,2,10,1,1
201401KF60668,2,9,0,11,0,2,0,0,0,0,4,1,6,1,-1,-1,-1,-1,-1,-1,-1
201401KF60670,1,3,0,18,0,0,0,0,0,0,1,1,6,3,-1,-1,-1,-1,-1,-1,-1
201401KF60671,1,3,0,18,0,0,0,0,0,0,1,1,6,1,20,4,124,1,13,2,1
201401KF60671,2,9,0,6,0,0,0,0,0,0,1,1,6,2,27,6,1596,1,10,1,1
201401KF60672,1,9,0,18,0,0,0,4,0,0,1,1,6,1,23,5,998,1,8,2,1
201401KF60672,2,9,0,2,0,0,0,0,0,0,2,1,6,1,24,5,1998,1,12,7,1
201401KF60672,3,9,0,5,0,0,0,0,0,0,4,1,6,1,28,6,2204,2,10,2,1
201401KF60673,1,3,0,18,9,1,0,10,1,5,1,1,6,1,16,4,125,1,7,6,1
201401KF60674,1,9,0,18,0,8,0,0,0,0,3,1,1,1,-1,-1,-1,-1,-1,-1,-1
201401KF60674,2,9,0,9,0,8,0,0,0,0,1,1,6,1,50,8,1398,2,11,2,1
201401KF60675,1,19,0,12,0,0,0,0,0,0,3,1,1,1,29,6,2143,2,3,5,1
201401KF60675,2,9,0,18,0,0,0,0,0,0,4,1,6,2,41,7,3199,1,13,5,1
201401KF60676,1,9,0,18,0,0,0,0,0,0,1,1,6,1,48,8,1497,1,11,3,1
201401KF60676,2,9,0,18,0,0,0,0,0,0,2,1,6,1,-1,-1,-1,-1,-1,-1,-1
201401KF60677,1,19,0,9,0,8,0,0,0,0,1,1,6,1,-1,-1,2402,2,6,-1,-1
201401KF60677,2,9,0,18,0,8,0,0,0,0,3,1,6,1,37,7,1995,2,10,2,1
201401KF60679,1,9,0,6,0,1,0,0,0,0,3,1,3,2,28,6,1339,1,12,2,1
201401KF60679,2,1,0,18,0,1,0,0,0,0,1,1,2,1,53,8,-1,-1,-1,2,1
201401KF60680,1,1,0,18,0,0,0,0,0,0,1,1,6,2,27,6,-1,-1,-1,1,1
201401KF60681,1,9,0,18,0,8,0,0,0,0,4,1,6,2,45,7,1390,1,12,3,1
201401KF60681,2,9,0,7,0,8,0,0,0,0,1,1,6,2,25,5,1783,1,10,6,1
201401KF60682,1,9,0,18,9,0,0,10,1,2,1,1,6,1,20,4,1596,1,2,6,1
201401KF60683,1,9,0,17,0,8,0,0,0,0,2,1,1,2,57,9,1498,1,4,4,1
201401KF60683,2,21,1,17,0,8,0,0,0,0,1,1,1,1,-1,-1,11705,2,6,-1,-1
201401KF60684,1,9,0,18,0,0,0,0,0,0,4,1,6,3,-1,-1,-1,-1,-1,-1,-1
201401KF60685,1,9,0,9,0,8,0,0,0,0,4,1,6,1,49,8,1390,1,2,5,1
201401KF60685,2,5,0,18,0,8,0,0,0,0,1,1,6,1,41,7,599,1,1,2,1
201401KF60686,1,9,0,9,0,8,0,0,0,0,4,1,6,2,40,7,973,1,16,1,1
201401KF60686,2,9,0,18,0,8,0,0,0,0,1,1,6,1,-1,-1,1995,2,10,-1,-1
201401KF60687,1,9,0,4,0,8,0,0,0,0,2,1,6,1,32,6,1396,1,18,8,1
201401KF60687,2,9,0,18,0,8,0,0,0,0,1,1,6,3,-1,-1,5439,1,10,-1,-1
201401KF60688,1,9,0,1,0,0,0,0,0,0,2,1,6,1,-1,-1,2497,1,8,-1,-1
201401KF60688,2,1,0,3,0,0,0,0,0,0,1,1,1,1,-1,-1,-1,-1,-1,-1,-1
201401KF60689,1,9,0,18,0,1,0,0,0,0,1,1,6,1,-1,-1,-1,-1,-1,-1,-1
201401KF60689,2,1,0,18,0,1,0,0,0,0,3,1,6,1,19,4,-1,-1,-1,2,1
201401KF60690,1,9,0,18,0,0,0,0,0,0,3,1,6,2,52,8,1242,1,-1,1,1
201401KF60690,2,9,0,13,0,0,0,0,0,0,4,1,6,3,-1,-1,-1,-1,-1,-1,-1
201401KF60691,1,1,0,18,0,1,0,0,0,0,3,1,2,1,26,6,-1,-1,-1,4,1
201401KF60691,2,9,0,7,0,5,0,0,0,0,4,1,6,1,-1,-1,1896,2,11,-1,-1
201401KF60692,1,9,0,18,0,2,0,0,0,0,1,1,6,3,-1,-1,-1,-1,-1,-1,-1
201401KF60692,2,1,0,18,0,2,0,0,0,0,4,1,6,2,10,2,-1,-1,-1,2,1
201401KF60693,1,9,0,8,0,1,0,0,0,0,2,2,2,2,27,6,-1,-1,-1,1,1
201401KF60693,2,9,0,18,0,1,0,0,0,0,1,1,6,1,-1,-1,1388,1,10,-1,-1
201401KF60694,1,9,0,18,0,0,0,0,0,0,1,1,1,1,35,6,1991,1,18,2,1
201401KF60694,2,1,0,18,0,0,0,0,0,0,2,1,6,1,16,4,-1,-1,-1,1,1
201401KF60695,1,5,0,18,0,1,0,0,0,0,1,1,2,1,49,8,1137,1,7,6,1
201401KF60697,1,9,0,18,0,0,0,0,0,0,4,1,6,3,-1,-1,1399,2,11,-1,-1
201401KF60698,1,9,0,5,0,0,0,0,0,0,3,1,6,2,44,7,1984,1,14,2,1
201401KF60698,2,19,0,18,0,0,0,0,0,0,4,1,6,1,27,6,12902,2,1,7,1
201401KF60699,1,9,0,18,0,8,0,0,0,0,1,1,6,1,21,5,1598,2,2,1,1
201401KF60699,2,9,0,9,0,8,0,0,0,0,2,1,1,2,25,5,1598,1,4,3,1
201401KF60700,1,11,0,3,0,0,0,0,0,0,0,1,1,1,25,5,8268,2,12,-1,-1
201401KF60701,1,9,0,9,0,2,0,0,0,0,1,1,6,3,-1,-1,-1,-1,-1,-1,-1
201401KF60702,1,9,0,7,0,5,0,0,0,0,4,1,6,1,64,9,-1,-1,-1,-1,-1
201401KF60702,2,1,0,18,0,1,0,0,0,0,3,1,6,1,41,7,-1,-1,-1,-1,-1
201401KF60703,1,9,0,2,0,0,0,4,0,0,2,1,6,2,54,8,1300,1,14,2,1
201401KF60703,2,9,0,18,0,0,0,4,0,0,1,1,6,3,-1,-1,1598,1,12,-1,-1
201401KF60703,3,19,0,2,0,0,0,0,0,0,1,1,6,1,55,8,1753,2,3,1,1
201401KF60704,1,9,0,1,0,2,0,0,0,0,2,1,6,1,-1,-1,2993,2,1,-1,-1
201401KF60705,1,9,0,4,0,1,0,0,0,0,2,1,6,1,44,7,1598,1,8,1,1
201401KF60705,2,9,0,18,0,1,0,0,0,0,1,1,6,3,-1,-1,-1,-1,-1,-1,-1
201401KF60706,1,9,0,14,0,1,0,0,0,0,3,1,6,1,36,7,1229,1,9,2,1
201401KF60706,2,9,0,7,0,2,0,0,0,0,3,1,6,1,-1,-1,1689,2,12,1,1
201401KF60707,1,9,0,18,0,8,0,0,0,0,1,1,6,2,50,8,1596,1,6,2,1
201401KF60707,2,9,0,9,0,8,0,0,0,0,4,1,6,1,31,6,1198,1,10,2,1
201401KF60708,1,9,0,18,0,8,0,0,0,0,3,1,6,1,47,8,1596,1,10,2,1
201401KF60708,2,9,0,9,0,8,0,0,0,0,1,1,6,2,41,7,1998,2,12,2,1
201401KF60709,1,9,0,12,0,1,0,0,0,0,3,1,6,1,35,6,1197,1,-1,3,1
201401KF60709,2,19,0,18,0,1,0,0,0,0,4,1,2,1,59,9,2148,2,5,-1,-1
201401KF60710,1,8,0,18,0,0,0,0,0,0,2,1,1,1,41,7,1598,1,5,2,1
201401KF60710,2,9,0,18,0,0,0,0,0,0,1,1,6,1,-1,-1,1910,2,9,-1,-1
201401KF60711,1,9,0,18,0,1,0,0,0,0,1,1,6,1,38,7,1998,1,13,10,1
201401KF60712,1,3,0,18,0,1,0,0,0,0,3,1,6,1,22,5,125,1,-1,1,1
201401KF60712,2,19,0,18,0,2,0,0,0,0,3,1,6,3,-1,-1,-1,-1,-1,-1,-1
201401KF60713,1,9,0,18,0,0,0,0,0,0,4,1,2,2,24,5,1364,1,8,1,1
201401KF60715,1,9,0,18,0,0,0,0,0,0,1,1,2,2,23,5,1149,1,6,-1,1
201401KF60715,2,5,0,18,0,0,0,0,0,0,2,1,2,1,41,7,636,1,12,4,1
201401KF60718,1,9,0,2,0,1,0,0,0,0,2,1,6,1,27,6,1870,2,10,2,1
201401KF60718,2,9,0,18,0,1,0,4,0,0,1,1,6,1,21,5,1364,1,8,2,1
201401KF60720,1,1,0,18,0,0,0,0,0,0,4,1,6,1,44,7,-1,-1,-1,3,1
201401KF60720,2,9,0,6,0,0,0,0,0,0,3,1,6,1,44,7,1896,2,10,7,1
201401KF60721,1,9,0,18,0,2,0,0,0,0,1,1,6,1,-1,-1,1061,1,10,2,1
201401KF60722,1,9,0,1,0,2,0,0,0,0,2,1,2,1,38,7,2487,2,14,2,1
201401KF60723,1,9,0,17,0,8,0,0,0,0,2,1,6,1,36,7,2521,1,6,3,1
201401KF60723,2,19,0,17,0,8,0,0,0,0,1,1,6,1,31,6,-1,-1,-1,2,1
201401KF60724,1,9,0,13,0,1,0,0,0,0,4,1,6,1,46,8,-1,-1,-1,3,1
201401KF60724,2,5,0,18,0,1,0,0,0,0,3,1,6,1,30,6,600,1,10,4,1
201401KF60726,1,9,0,18,0,8,0,0,0,0,1,1,6,1,41,7,1686,2,1,4,1
201401KF60726,2,9,0,18,0,8,0,0,0,0,3,1,6,2,27,6,1596,1,6,5,1
201401KF60728,1,9,0,17,0,2,0,0,0,0,1,1,6,1,-1,-1,-1,-1,-1,-1,-1
201401KF60729,1,11,0,18,0,8,0,0,0,0,3,1,1,1,51,8,4500,2,3,2,1
201401KF60729,2,9,0,18,0,8,0,0,0,0,1,1,6,1,41,7,-1,-1,-1,3,1
201401KF60730,1,3,0,18,0,0,0,0,0,0,1,1,2,1,26,6,125,1,5,9,1
201401KF60730,2,19,0,11,0,0,0,0,0,0,2,1,6,1,57,9,1686,2,17,4,1
201401KF60732,1,19,0,18,0,8,0,0,0,0,4,1,1,1,51,8,2143,2,1,2,1
201401KF60734,1,9,0,18,0,0,0,0,0,0,1,1,6,2,28,6,1596,1,9,3,1
201401KF60734,2,9,0,4,0,0,0,0,0,0,2,1,6,1,39,7,-1,-1,-1,4,2
201401KF60735,1,9,0,18,9,0,0,10,7,10,1,1,6,1,22,5,1149,1,13,2,1
201401KF60738,1,9,0,18,0,8,0,0,0,0,1,1,6,1,38,7,1275,1,16,2,1
201401KF60738,2,9,0,9,0,8,0,0,0,0,1,1,6,1,26,6,1595,1,14,2,1
201401KF60739,1,9,0,18,0,2,0,0,0,0,2,1,6,1,41,7,1997,2,5,2,1
201401KF60739,2,9,0,18,0,2,0,0,0,0,1,1,6,1,-1,-1,1798,1,11,9,2
201401KF60740,1,3,0,4,0,1,0,0,0,0,2,1,6,1,25,5,125,1,3,2,1
201401KF60740,2,9,0,18,0,1,0,0,0,0,1,1,6,1,22,5,1910,2,7,4,1
201401KF60741,1,19,0,13,0,1,0,0,0,0,4,1,6,1,-1,-1,2402,2,7,8,1
201401KF60741,2,1,0,18,4,1,0,0,0,0,3,1,6,1,22,5,-1,-1,-1,1,1
201401KF60742,1,9,0,18,0,0,0,0,0,0,2,1,6,1,34,6,1968,2,2,7,1
201401KF60742,2,19,0,18,0,0,0,0,0,0,1,1,1,1,31,6,2148,2,7,1,1
201401KF60743,1,9,0,18,0,0,0,0,0,0,3,1,6,1,32,6,1895,1,13,2,1
201401KF60743,2,9,0,5,0,0,0,0,0,0,3,1,6,1,-1,-1,1797,8,4,-1,-1
201401KF60744,1,9,0,18,0,1,0,0,0,0,3,1,2,1,37,7,-1,-1,-1,1,1
201401KF60745,1,19,0,18,0,0,0,0,0,0,4,1,6,1,35,6,2402,2,3,-1,-1
201401KF60745,2,19,0,12,0,0,0,0,0,0,3,1,6,1,58,9,7146,2,1,3,1
201401KF60746,1,9,0,18,0,1,0,0,0,0,2,1,6,1,39,7,1794,1,9,3,1
201401KF60746,2,9,0,18,0,1,0,0,0,0,1,1,6,1,25,5,1910,2,9,4,1
201401KF60747,1,9,0,18,0,1,0,0,0,0,2,1,6,1,24,5,2000,2,9,7,1
201401KF60747,2,9,0,18,0,1,0,0,0,0,1,1,6,1,21,5,1596,1,10,4,1
201401KF60748,1,9,0,18,0,0,0,0,0,0,1,1,6,1,26,6,1198,1,12,-1,-1
201401KF60749,1,20,0,10,0,1,0,0,0,0,2,1,1,1,37,7,10837,2,-1,6,1
201401KF60749,2,9,0,18,0,1,0,0,0,0,1,1,6,2,25,5,-1,-1,-1,-1,-1
201401KF60750,1,9,0,18,0,0,0,0,0,0,1,1,6,3,-1,-1,2143,2,3,-1,-1
201401KF60751,1,9,0,3,0,1,0,0,0,0,2,1,6,2,23,5,1242,1,4,9,1
201401KF60751,2,19,0,18,0,1,0,0,0,0,1,1,6,1,-1,-1,-1,-1,-1,-1,-1
201401KF60752,1,9,0,18,0,8,0,0,0,0,4,1,6,1,30,6,1242,1,14,4,1
201401KF60752,2,9,0,9,0,8,0,0,0,0,1,1,6,3,-1,-1,-1,-1,-1,-1,-1
201401KF60753,1,8,0,4,0,1,0,0,0,0,2,1,1,1,57,9,1596,1,4,3,1
201401KF60753,2,9,0,18,0,1,0,0,0,0,1,1,1,1,-1,-1,-1,-1,-1,-1,-1
201401KF60754,1,1,0,18,0,2,0,0,0,0,1,1,6,1,30,6,-1,-1,-1,4,1
201401KF60755,1,5,0,18,0,8,0,0,0,0,1,1,6,1,38,7,955,1,13,-1,1
201401KF60755,2,9,0,9,0,8,0,0,0,0,4,1,6,1,-1,-1,1995,1,7,-1,-1
201401KF60756,1,9,0,18,0,0,0,0,0,0,1,1,6,3,-1,-1,-1,-1,-1,-1,-1
201401KF60756,2,1,0,18,0,0,0,0,0,0,3,1,6,1,35,6,-1,-1,-1,2,1
201401KF60757,1,5,0,18,6,1,0,0,0,0,3,1,1,1,46,8,998,1,7,8,1
201401KF60757,2,8,0,11,6,1,0,0,0,0,4,1,1,1,29,6,-1,-1,-1,4,1
201401KF60758,1,9,0,3,0,1,0,0,0,0,2,1,6,1,28,6,2979,1,12,3,1
201401KF60758,2,3,0,14,0,1,0,0,0,0,1,1,6,1,18,4,124,1,1,1,1
201401KF60759,1,9,0,18,0,1,0,0,0,0,0,1,6,2,44,7,1339,1,8,1,1
201401KF60759,2,9,0,7,0,2,0,0,0,0,1,1,6,2,18,4,1299,1,14,2,1
201401KF60760,1,9,0,18,0,1,0,0,0,0,4,1,6,1,-1,-1,-1,-1,-1,-1,-1
201401KF60761,1,9,0,18,0,8,0,0,0,0,1,1,6,3,-1,-1,1896,2,13,-1,-1
201401KF60761,2,1,0,9,0,8,0,0,0,0,3,1,6,2,27,6,-1,-1,-1,-1,1