Accident_Index,Vehicle_Reference,Vehicle_Type,Towing_and_Articulation,Vehicle_Manoeuvre,Vehicle_Location-Restricted_Lane,Junction_Location,Skidding_and_Overturning,Hit_Object_in_Carriageway,Vehicle_Leaving_Carriageway,Hit_Object_off_Carriageway,1st_Point_of_Impact,Was_Vehicle_Left_Hand_Drive?,Journey_Purpose_of_Driver,Sex_of_Driver,Age_of_Driver,Age_Band_of_Driver,Engine_Capacity_(CC),Propulsion_Code,Age_of_Vehicle,Driver_IMD_Decile,Driver_Home_Area_Type
201401LX50092,1,9,0,18,0,1,0,0,0,0,1,1,6,2,34,6,1388,1,1,2,1
201401LX50093,1,3,0,14,0,2,0,0,0,0,1,1,6,1,36,7,279,1,2,3,1
201401LX50095,1,1,0,18,0,1,0,0,0,0,1,1,6,1,28,6,-1,-1,-1,4,1
201401LX50095,2,9,0,6,0,1,0,0,0,0,3,1,6,1,-1,-1,1989,1,15,-1,-1
201401LX50097,1,9,0,9,0,8,0,0,0,0,4,1,6,1,34,6,-1,-1,-1,3,1
201401LX50097,2,1,0,18,0,8,0,0,0,0,1,1,6,1,32,6,-1,-1,-1,3,1
201401LX50098,1,5,0,15,0,8,0,0,0,0,1,1,6,1,53,8,997,1,33,3,1
201401LX50098,2,19,0,7,0,8,0,0,0,0,4,1,6,1,32,6,2198,2,8,-1,-1
201401LX50099,1,9,0,18,0,0,0,0,0,0,1,1,6,1,43,7,1242,1,4,-1,-1
201401LX50099,2,11,0,18,0,0,0,0,0,0,1,1,1,1,38,7,4500,2,2,-1,1
201401LX50101,1,9,0,7,0,2,0,0,0,0,1,1,6,2,28,6,1995,1,9,8,1
201401LX50103,1,9,0,8,0,1,0,0,0,0,2,1,6,2,36,7,1360,1,8,4,1
201401LX50103,2,19,0,18,0,1,0,0,0,0,1,1,6,1,-1,-1,-1,-1,-1,-1,-1
201401LX50104,1,19,0,18,0,1,0,0,0,0,1,1,6,1,32,6,1998,2,10,-1,-1
201401LX50105,1,9,0,9,0,8,0,0,0,0,1,1,6,1,-1,-1,2995,1,13,-1,-1
201401LX50105,2,9,0,10,0,8,0,0,0,0,1,1,6,2,27,6,1598,1,10,2,1
201401LX50106,1,9,0,4,0,0,0,0,0,0,1,1,6,1,40,7,-1,-1,-1,6,1
201401LX50106,2,19,0,3,0,0,0,0,0,0,2,1,6,2,47,8,-1,-1,-1,6,1
201401LX50108,1,9,0,18,0,1,0,0,0,0,1,1,6,1,23,5,2143,2,2,2,1
201401LX50109,1,8,0,18,0,8,0,0,0,0,1,1,6,1,41,7,1956,2,2,6,1
201401LX50109,2,8,0,18,0,8,0,0,0,0,4,1,6,1,45,7,1796,1,4,3,1
201401LX50111,1,11,0,5,0,0,0,0,0,0,0,1,1,2,52,8,6700,2,4,4,1
201401LX50112,1,9,0,5,0,2,0,0,0,0,3,1,6,1,27,6,-1,-1,-1,4,1
201401LX50112,2,9,0,13,0,2,0,0,0,0,4,1,6,1,40,7,1796,1,7,3,1
201401LX50113,1,3,0,14,0,0,0,0,0,0,4,1,6,1,24,5,125,1,3,6,1
201401LX50115,1,1,0,16,0,8,0,10,0,0,0,1,6,1,46,8,-1,-1,-1,2,1
201401LX50115,2,9,0,17,0,8,0,0,0,0,0,1,6,3,-1,-1,1198,1,5,-1,-1
201401LX50116,1,3,0,18,0,1,1,0,0,0,1,1,1,1,21,5,125,1,2,-1,-1
201401LX50119,1,8,0,18,0,2,0,0,0,0,3,1,1,1,-1,-1,1896,2,9,-1,-1
201401LX50119,2,9,0,11,0,2,0,0,0,0,4,1,6,1,-1,-1,1587,1,9,-1,-1
201401LX50121,1,9,0,7,0,2,0,0,0,0,4,1,6,2,49,8,1398,1,4,2,1
201401LX50123,1,9,0,4,0,0,0,0,0,0,2,1,6,2,42,7,-1,3,6,3,1
201401LX50123,2,9,0,4,0,0,0,0,0,0,1,1,6,1,-1,-1,-1,-1,-1,-1,-1
201401LX50124,1,9,0,7,0,8,0,0,0,0,4,1,6,1,37,7,-1,-1,-1,4,1
201401LX50124,2,1,0,18,0,8,0,0,0,0,1,1,6,2,64,9,-1,-1,-1,-1,-1
201401LX50125,1,3,0,12,0,1,0,0,0,0,4,1,6,1,32,6,124,1,6,8,1
201401LX50125,2,9,0,18,0,1,0,0,0,0,3,1,6,2,33,6,1834,1,13,5,1
201401LX50128,1,5,0,7,0,8,0,0,0,0,3,1,6,1,31,6,600,1,1,-1,1
201401LX50128,2,9,0,7,0,8,0,0,0,0,4,1,6,3,-1,-1,-1,-1,-1,-1,-1
201401LX50129,1,9,0,9,0,8,0,0,0,0,4,1,6,1,45,7,1995,2,10,3,1
201401LX50129,2,3,0,18,0,8,0,0,0,0,1,1,6,1,33,6,124,1,4,-1,1
201401LX50130,1,1,0,18,0,8,0,0,0,0,1,1,6,1,24,5,-1,-1,-1,-1,-1
201401LX50130,2,9,0,5,0,8,0,0,0,0,1,1,6,1,-1,-1,-1,-1,-1,-1,-1
201401LX50131,1,9,0,6,0,0,0,0,0,0,3,1,6,1,25,5,1597,1,5,2,1
201401LX50131,2,9,0,18,0,0,0,0,0,0,1,1,6,1,29,6,-1,-1,-1,-1,-1
201401LX50132,1,9,0,4,0,1,0,0,0,0,2,1,6,2,29,6,1679,1,14,4,1
201401LX50132,2,9,0,4,0,1,0,0,0,0,1,1,6,1,-1,-1,599,1,13,-1,-1
201401LX50133,1,9,0,10,0,8,0,0,0,0,2,1,6,2,50,8,973,1,16,4,1
201401LX50133,2,9,0,18,0,8,0,0,0,0,1,1,6,3,-1,-1,-1,-1,-1,-1,-1
201401LX50134,1,9,0,7,0,8,0,0,0,0,3,1,6,1,33,6,-1,-1,-1,3,1
201401LX50134,2,1,0,18,0,8,0,0,0,0,1,1,6,1,34,6,-1,-1,-1,3,1
201401LX50135,1,19,0,9,0,8,0,0,0,0,3,1,6,1,31,6,2148,2,6,4,1
201401LX50135,2,1,0,9,0,8,0,0,0,0,4,1,6,1,52,8,-1,-1,-1,10,1
201401LX50136,1,11,0,4,0,0,0,0,0,0,0,1,1,1,42,7,-1,-1,-1,3,1
201401LX50137,1,9,0,18,0,0,0,0,0,0,1,1,6,1,35,6,1997,2,4,8,1
201401LX50138,1,9,0,7,0,8,0,0,0,0,4,1,6,1,49,8,1896,2,7,3,1
201401LX50138,2,90,0,18,0,8,0,0,0,0,1,1,6,2,75,10,-1,-1,-1,2,1
201401LX50139,1,19,0,18,0,1,0,0,0,0,1,1,6,1,45,7,-1,-1,-1,3,1
201401LX50140,1,9,0,9,0,8,0,0,0,0,1,1,6,2,31,6,1598,1,4,-1,1
201401LX50140,2,5,0,15,0,8,0,0,0,0,1,1,6,1,33,6,656,1,5,5,1
201401LX50141,1,19,0,9,0,8,0,0,0,0,1,1,6,1,54,8,6370,2,5,9,1
201401LX50141,2,8,0,9,0,8,5,0,0,0,1,1,6,1,63,9,2664,2,13,5,1
201401LX50142,1,9,0,7,0,8,0,0,0,0,4,1,6,2,33,6,-1,-1,-1,1,1
201401LX50142,2,1,0,18,0,8,0,0,0,0,1,1,6,1,41,7,-1,-1,-1,4,1
201401LX50143,1,9,0,9,0,8,0,0,0,0,1,1,6,1,25,5,1995,1,7,2,1
201401LX50143,2,3,0,18,0,8,0,0,0,0,1,1,6,1,39,7,124,1,1,-1,1
201401LX50144,1,3,0,4,0,8,0,0,0,0,0,1,6,1,21,5,124,1,5,5,1
201401LX50144,2,9,0,9,0,8,0,0,0,0,0,1,6,2,34,6,-1,-1,-1,8,1
201401LX50145,1,9,0,4,0,1,0,0,0,0,2,1,6,2,34,6,1598,1,14,5,1
201401LX50145,2,9,0,4,0,1,0,0,0,0,1,1,6,1,50,8,1998,2,7,3,1
201401LX50146,1,9,0,9,0,8,0,0,0,0,1,1,6,1,41,7,2494,1,12,4,1
201401LX50146,2,4,0,18,0,8,0,0,0,0,1,1,6,1,45,7,-1,-1,-1,7,1
201401LX50147,1,1,0,18,0,8,0,0,0,0,1,1,6,1,27,6,-1,-1,-1,2,1
201401LX50147,2,9,0,9,0,8,0,0,0,0,4,1,6,1,-1,-1,1995,2,9,-1,1
201401LX50149,1,9,0,18,0,8,0,0,0,0,1,1,6,1,37,7,1590,1,20,1,1
201401LX50150,1,19,0,4,0,1,0,0,0,0,2,1,6,1,25,5,1461,2,2,6,1
201401LX50150,2,19,0,18,0,1,0,0,0,0,1,1,6,1,52,8,4580,2,2,7,3
201401LX50151,1,9,0,18,0,0,0,0,0,0,1,1,6,2,24,5,1995,2,7,2,1
201401LX50152,1,9,0,3,0,8,0,0,0,0,2,1,6,2,36,7,1598,1,9,3,1
201401LX50152,2,9,0,18,0,8,0,0,0,0,1,1,6,1,30,6,1781,1,9,5,1
201401LX50153,1,1,0,18,0,8,0,0,0,0,0,1,6,1,37,7,-1,-1,-1,2,1
201401LX50153,2,9,0,9,0,8,0,0,0,0,0,1,6,3,-1,-1,-1,-1,-1,-1,-1
201401LX50154,1,9,0,18,0,8,0,0,0,0,4,1,6,1,-1,-1,-1,-1,-1,-1,-1
201401LX50154,2,1,0,18,0,8,0,0,0,0,3,1,6,2,29,6,-1,-1,-1,-1,-1
201401LX50155,1,9,0,18,0,1,0,0,0,0,1,1,6,1,46,8,998,1,2,5,1
201401LX50155,2,1,0,18,0,1,0,0,0,0,3,1,6,1,13,3,-1,-1,-1,5,1
201401LX50156,1,1,0,18,0,8,0,0,0,0,4,1,6,1,42,7,-1,-1,-1,2,1
201401LX50156,2,9,0,5,0,8,0,0,0,0,3,1,6,1,-1,-1,1997,2,3,2,1
201401LX50157,1,8,0,18,0,8,0,0,0,0,2,1,6,1,56,9,2499,2,4,3,1
201401LX50157,2,1,0,18,0,8,0,0,0,0,1,1,6,1,26,6,-1,-1,-1,-1,-1
201401LX50159,1,9,0,9,0,8,0,0,0,0,1,1,6,1,34,6,1598,2,1,9,1
201401LX50159,2,1,0,15,0,8,0,0,0,0,1,1,6,2,28,6,-1,-1,-1,5,1
201401LX50162,1,9,0,18,0,8,0,0,0,0,4,1,6,1,48,8,-1,-1,-1,2,1
201401LX50162,2,9,0,7,0,8,0,0,0,0,1,1,6,1,57,9,-1,-1,-1,2,1
201401LX50163,1,9,0,9,0,8,0,0,0,0,1,1,6,2,71,10,1332,1,17,3,1
201401LX50163,2,1,0,18,0,8,0,0,0,0,1,1,6,1,29,6,-1,-1,-1,3,1
201401LX50164,1,8,0,9,0,8,0,0,0,0,1,1,6,1,61,9,2499,2,7,8,1
201401LX50166,1,3,0,18,0,8,0,0,0,0,3,1,6,1,63,9,124,1,6,6,1
201401LX50166,2,9,0,9,0,8,0,0,0,0,1,1,6,1,73,10,1362,1,2,3,1
201401LX50167,1,9,0,18,0,1,0,0,0,0,1,1,6,3,-1,-1,-1,-1,-1,-1,-1
201401LX50169,1,1,0,18,0,1,0,0,0,0,1,1,6,2,30,6,-1,-1,-1,6,1
201401LX50170,1,9,0,7,0,8,0,0,0,0,4,1,6,2,42,7,1598,1,6,2,1
201401LX50170,2,3,0,15,0,8,0,0,0,0,1,1,6,1,21,5,125,1,2,1,1
201401LX50172,1,9,0,14,0,2,0,0,0,0,1,1,6,1,30,6,1597,1,5,6,1
201401LX50173,1,8,0,18,0,8,0,0,0,0,1,1,6,1,-1,-1,1995,2,11,-1,-1
201401LX50175,1,9,0,7,0,8,0,0,0,0,4,1,6,1,25,5,1587,1,9,3,1
201401LX50175,2,1,0,18,0,8,0,0,0,0,1,1,6,1,22,5,-1,-1,-1,5,1
201401LX50176,1,9,0,9,0,8,0,0,0,0,2,1,6,1,46,8,1799,1,8,4,1
201401LX50176,2,4,0,18,0,8,0,0,0,0,1,1,6,1,26,6,250,1,2,4,1
201401LX50178,1,11,0,5,0,0,0,0,0,0,0,1,1,1,47,8,8268,2,12,-1,-1
201401LX50179,1,1,0,18,0,8,0,0,0,0,1,1,6,1,31,6,-1,-1,-1,3,1
201401LX50179,2,9,0,9,0,8,0,0,0,0,4,1,6,1,-1,-1,1584,1,12,4,1
201401LX50180,1,1,0,7,0,2,0,0,0,0,3,1,6,2,27,6,-1,-1,-1,5,1
201401LX50180,2,9,0,7,0,2,0,0,0,0,4,1,6,3,-1,-1,-1,-1,-1,-1,-1
201401LX50181,1,5,0,18,0,0,0,0,0,0,1,1,6,1,-1,-1,-1,-1,-1,-1,-1
201401LX50182,1,9,0,18,0,8,0,0,0,0,4,1,6,1,53,8,1598,2,4,4,1
201401LX50182,2,9,0,18,0,8,0,0,0,0,1,1,1,1,20,4,-1,-1,-1,-1,1
201401LX50183,1,9,0,5,0,1,0,0,0,0,3,1,1,2,25,5,1396,1,5,3,1
201401LX50183,2,2,0,18,0,1,0,0,0,0,1,1,1,1,27,6,49,1,7,3,1
201401LX50184,1,3,0,18,0,1,0,0,0,0,1,1,6,1,30,6,125,1,1,1,1
201401LX50184,2,9,0,6,0,2,0,0,0,0,3,1,6,3,-1,-1,-1,-1,-1,-1,-1
201401LX50185,1,2,0,18,0,8,0,0,0,0,1,1,6,1,35,6,49,1,7,6,1
201401LX50185,2,9,0,9,0,8,0,0,0,0,1,1,6,1,50,8,-1,-1,-1,3,1
201401LX50186,1,9,0,7,0,2,0,0,0,0,1,1,6,1,-1,-1,1598,1,4,-1,-1
201401LX50188,1,9,0,6,0,0,0,0,0,0,1,1,6,1,18,4,1364,1,10,2,1
201401LX50188,2,3,0,18,0,0,0,0,0,0,1,1,6,1,28,6,49,1,6,4,1
201401LX50189,1,8,0,18,0,1,0,0,0,0,1,1,6,3,-1,-1,-1,-1,-1,-1,-1
201401LX50190,1,11,0,3,0,2,0,0,0,0,0,1,1,1,48,8,6700,2,5,2,1
201401LX50191,1,9,0,9,0,8,0,0,0,0,0,1,6,1,40,7,1968,2,3,3,1
201401LX50191,2,5,0,18,0,8,0,0,0,0,1,1,6,1,21,5,1200,1,6,9,1
201401LX50192,1,11,0,14,0,1,0,0,0,0,1,1,1,1,31,6,3900,2,11,-1,-1
201401LX50192,2,9,0,14,0,2,0,0,0,0,1,1,6,1,69,10,1248,2,9,-1,-1
201401LX50193,1,9,0,5,0,2,0,0,0,0,1,1,6,1,-1,-1,-1,-1,-1,-1,-1
201401LX50194,1,5,0,18,0,1,0,0,0,0,1,1,6,1,47,8,649,1,1,5,1
201401LX50195,1,9,0,16,0,8,0,0,0,0,1,1,6,1,41,7,-1,-1,-1,4,1
201401LX50196,1,9,0,3,0,2,0,0,0,0,2,1,6,2,42,7,1998,2,11,3,1
201401LX50196,2,9,0,18,0,2,0,0,0,0,1,1,6,1,-1,-1,1368,1,6,-1,-1
201401LX50198,1,9,0,18,0,1,0,0,0,0,2,1,6,1,55,8,1796,1,10,2,1
201401LX50198,2,1,0,18,0,1,0,0,0,0,1,1,6,1,25,5,-1,-1,-1,2,1
201401LX50199,1,19,0,3,0,1,0,0,0,0,2,1,1,1,36,7,1598,2,1,2,1
201401LX50199,2,19,0,3,0,1,0,0,0,0,2,1,1,1,52,8,2151,2,13,6,1
201401LX50199,3,21,0,4,0,1,0,0,0,0,1,1,1,1,29,6,6692,2,3,9,1
201401LX50200,1,11,0,4,0,1,0,0,0,0,0,1,1,1,48,8,6692,2,4,3,1
201401LX50201,1,19,0,11,0,1,0,0,0,0,0,1,6,1,39,7,1997,2,11,4,1
201401LX50201,2,5,0,18,0,1,0,0,0,0,0,1,6,1,31,6,998,1,8,6,1
201401LX50202,1,9,0,9,0,2,0,0,0,0,1,1,6,1,24,5,1598,1,8,2,1
201401LX50205,1,19,0,9,0,8,0,0,0,0,4,1,1,1,21,5,1360,7,7,7,1
201401LX50205,2,1,0,18,0,8,0,0,0,0,1,1,6,1,37,7,-1,-1,-1,9,1
201401LX50206,1,11,0,4,0,1,0,0,0,0,2,1,1,2,44,7,-1,2,13,5,1
201401LX50206,2,5,0,4,0,1,0,0,0,0,1,1,1,1,48,8,582,1,11,5,2
201401LX50207,1,9,0,9,0,8,0,0,0,0,3,1,6,1,-1,-1,-1,-1,-1,-1,-1
201401LX50208,1,3,0,18,0,0,0,0,0,0,1,1,6,1,31,6,125,1,2,4,1
201401LX50209,1,2,0,9,0,8,0,0,0,0,1,1,6,1,23,5,108,1,2,9,1
201401LX50209,2,9,0,18,0,8,0,0,0,0,1,1,6,2,25,5,1900,2,9,8,1
201401LX50211,1,5,0,18,0,0,0,0,0,0,1,1,6,1,25,5,-1,-1,-1,4,1
201401LX50211,2,1,0,12,0,0,0,0,0,0,3,1,6,1,46,8,-1,-1,-1,4,1
201401LX50213,1,9,0,18,0,8,0,0,0,0,1,1,6,2,54,8,1598,1,13,4,1
201401LX50213,2,9,0,9,0,8,0,0,0,0,4,1,6,1,38,7,1598,1,9,2,1
201401LX50214,1,3,0,14,0,0,0,0,0,0,1,1,6,1,27,6,-1,-1,-1,4,1
201401LX50215,1,9,0,18,0,0,0,0,0,0,1,1,6,1,34,6,1248,1,4,3,1
201401LX50216,1,9,0,5,0,0,0,0,0,0,1,1,6,2,-1,-1,-1,-1,-1,-1,-1
201401LX50217,1,9,0,9,0,8,0,0,0,0,4,1,6,2,29,6,-1,-1,-1,-1,-1
201401LX50217,2,9,0,18,0,8,0,0,0,0,1,1,6,1,31,6,1360,1,14,5,1
201401LX50218,1,11,0,4,0,1,0,0,0,0,0,1,1,1,41,7,6692,2,4,4,1
201401LX50219,1,9,0,18,0,8,0,0,0,0,4,1,6,1,25,5,1796,1,14,-1,-1
201401LX50219,2,9,0,18,0,8,0,0,0,0,1,1,6,1,65,9,-1,-1,-1,-1,-1
201401LX50220,1,90,0,18,0,1,0,0,0,0,1,1,6,2,58,9,-1,-1,-1,-1,-1
201401LX50221,1,1,0,18,0,2,0,10,1,10,1,1,6,1,28,6,-1,-1,-1,3,1
201401LX50222,1,1,0,18,0,1,0,0,0,0,3,1,6,1,53,8,-1,-1,-1,2,1
201401LX50222,2,9,0,13,0,1,0,0,0,0,4,1,6,3,-1,-1,-1,-1,-1,-1,-1
201401LX50223,1,9,0,18,0,8,0,0,0,0,1,1,6,2,29,6,-1,-1,-1,6,1
201401LX50224,1,9,0,18,0,1,0,0,0,0,1,1,6,1,22,5,1598,1,13,4,1
201401LX50224,2,9,0,18,0,2,0,0,0,0,1,1,6,2,57,9,1988,1,13,6,1
201401LX50225,1,1,0,18,9,0,0,0,0,0,1,1,6,1,-1,-1,-1,-1,-1,3,1
201401LX50226,1,19,0,7,0,8,0,0,0,0,4,1,1,1,44,7,2402,2,7,2,1
201401LX50226,2,1,0,18,0,8,0,0,0,0,1,1,6,1,20,4,-1,-1,-1,6,1
201401LX50227,1,9,0,11,0,0,0,0,0,0,4,1,6,2,37,7,2496,2,14,3,1
201401LX50227,2,1,0,18,0,0,0,0,0,0,3,1,6,1,36,7,-1,-1,-1,-1,-1
201401LX50229,1,9,0,18,0,8,0,0,0,0,1,1,6,1,30,6,1461,2,3,7,1
201401LX50229,2,1,0,12,0,8,0,0,0,0,2,1,6,1,-1,-1,-1,-1,-1,-1,-1
201401LX50230,1,9,0,7,0,2,0,0,0,0,1,1,6,1,19,4,1598,1,8,2,1
201401LX50230,2,19,0,18,0,1,0,0,0,0,1,1,6,1,26,6,2198,2,1,2,1
201401LX50231,1,9,0,18,0,1,0,0,0,0,1,1,6,1,26,6,1390,1,12,2,1
201401LX50232,1,3,0,4,0,0,0,0,0,0,1,1,1,1,22,5,125,1,1,2,1
201401LX50232,2,9,0,4,0,0,0,0,0,0,2,1,6,1,40,7,1598,1,5,3,1
201401LX50235,1,9,0,5,0,0,0,0,0,0,1,1,6,1,31,6,1968,2,9,9,1
201401LX50235,2,9,0,3,0,0,0,0,0,0,2,1,6,1,50,8,2967,2,1,3,1
201401LX50237,1,9,0,1,0,0,0,0,0,0,2,1,6,1,-1,-1,1998,1,11,-1,-1
201401LX50239,1,1,0,18,0,1,0,0,0,0,1,1,6,1,36,7,-1,-1,-1,4,1
201401LX50240,1,9,0,18,0,0,0,0,0,0,3,1,6,3,-1,-1,-1,-1,-1,-1,-1
201401LX50240,2,1,0,18,0,0,0,0,0,0,1,1,6,1,44,7,-1,-1,-1,4,1
201401LX50241,1,9,0,18,0,2,0,0,0,0,1,1,6,1,-1,-1,1599,1,5,-1,-1
201401LX50242,1,9,0,9,0,8,0,0,0,0,1,1,6,2,-1,-1,-1,-1,-1,4,1
201401LX50242,2,1,0,15,0,8,0,0,0,0,1,1,6,1,38,7,-1,-1,-1,5,1
201401LX50243,1,9,0,9,0,8,0,0,0,0,3,1,6,1,25,5,1896,2,9,3,1
201401LX50243,2,3,0,18,0,8,0,0,0,0,4,1,6,1,39,7,125,1,9,2,1
201401LX50244,1,3,0,14,0,8,0,0,0,0,1,1,6,1,31,6,124,1,3,3,1
201401LX50244,2,1,0,9,0,8,0,0,0,0,3,1,6,2,37,7,-1,-1,-1,1,1
201401LX50245,1,9,0,18,0,0,0,0,0,0,1,1,6,1,30,6,1781,1,11,2,1
201401LX50247,1,3,0,14,0,8,0,0,0,0,4,1,6,1,51,8,124,1,9,7,1
201401LX50247,2,9,0,9,0,8,0,0,0,0,1,1,6,1,40,7,1339,1,8,3,1
201401LX50248,1,1,0,18,0,8,0,0,0,0,1,1,6,1,32,6,-1,-1,-1,4,1
201401LX50248,2,19,0,7,0,8,0,0,0,0,4,1,6,1,48,8,-1,-1,-1,7,1
201401LX50251,1,9,0,11,0,1,0,0,0,0,4,1,6,2,51,8,1587,1,8,4,1
201401LX50251,2,5,0,15,0,1,0,0,0,0,3,1,6,1,41,7,599,1,13,5,1
201401LX50252,1,9,0,5,0,8,0,0,0,0,2,1,6,2,44,7,1242,1,9,5,1
201401LX50252,2,9,0,5,0,8,0,0,0,0,1,1,6,1,53,8,1299,1,13,2,1
201401LX50253,1,1,0,18,0,0,0,0,0,0,3,1,6,2,41,7,-1,-1,-1,5,1
201401LX50253,2,9,0,13,0,0,0,0,0,0,4,1,6,1,-1,-1,-1,-1,-1,-1,-1
201401LX50254,1,9,0,18,0,8,0,0,0,0,4,1,6,1,43,7,-1,-1,-1,4,1
201401LX50254,2,9,0,9,0,8,0,0,0,0,1,1,6,1,-1,-1,1679,1,14,-1,-1
201401LX50256,1,9,0,17,0,8,0,0,0,0,3,1,6,1,22,5,1199,1,10,4,2
201401LX50256,2,9,0,17,0,8,0,0,0,0,4,1,6,1,-1,-1,4197,1,8,9,1
201401LX50257,1,19,0,9,0,8,0,0,0,0,3,1,6,1,36,7,2460,2,7,10,1
201401LX50257,2,4,0,15,0,8,0,0,0,0,1,1,6,1,51,8,1199,1,10,-1,-1
201401LX50258,1,9,0,18,0,8,0,0,0,0,1,1,6,1,41,7,-1,-1,-1,2,1
201401LX50258,2,1,0,18,0,8,0,0,0,0,1,1,6,2,25,5,-1,-1,-1,6,1
201401LX50259,1,3,0,13,0,8,0,0,0,0,4,1,6,2,35,6,-1,-1,-1,-1,1
201401LX50259,2,19,0,9,0,8,0,0,0,0,3,1,6,1,-1,-1,2982,2,5,8,1
201401LX50260,1,9,0,2,0,0,0,0,0,0,3,1,6,1,55,8,-1,-1,-1,2,1
201401LX50260,2,1,0,18,0,0,0,8,0,0,1,1,6,2,36,7,-1,-1,-1,5,1
201401LX50261,1,1,0,17,0,8,0,0,0,0,3,1,6,1,60,9,-1,-1,-1,8,1
201401LX50261,2,9,0,17,0,8,0,0,0,0,4,1,6,1,-1,-1,-1,-1,-1,-1,-1
201401LX50262,1,3,0,18,0,0,0,0,0,0,1,1,6,1,33,6,124,1,8,5,1
201401LX50262,2,9,0,18,0,0,0,0,0,0,1,1,6,2,48,8,1995,2,1,5,1
201401LX50263,1,9,0,3,0,1,0,0,0,0,2,1,6,2,36,7,1364,2,6,-1,1
201401LX50263,2,19,0,18,0,1,0,0,0,0,1,1,6,3,-1,-1,-1,-1,-1,-1,-1
201401LX50263,3,9,0,3,0,1,0,0,0,0,2,1,6,3,-1,-1,-1,-1,-1,-1,-1
201401LX50264,1,5,0,18,0,8,0,0,0,0,0,1,6,1,30,6,598,1,11,3,1
201401LX50264,2,9,0,9,0,8,0,0,0,0,0,1,6,1,20,4,1397,1,5,2,1
201401LX50265,1,9,0,17,0,8,0,0,0,0,3,1,6,1,37,7,1797,8,3,1,1
201401LX50265,2,9,0,18,0,8,0,0,0,0,1,1,6,1,-1,-1,1796,1,6,-1,-1
201401LX50266,1,9,0,9,0,8,0,10,3,4,1,1,6,1,70,10,1985,1,14,3,1
201401LX50267,1,2,0,18,0,8,0,0,0,0,1,1,6,1,40,7,124,1,1,8,1
201401LX50267,2,9,0,18,0,8,0,0,0,0,1,1,6,1,-1,-1,1988,1,11,3,1
201401LX50268,1,9,0,18,0,8,0,0,0,0,4,1,6,1,54,8,2597,1,13,2,1
201401LX50269,1,9,0,4,0,8,0,0,0,0,2,1,6,2,21,5,1124,1,6,4,1
201401LX50269,2,9,0,4,0,8,0,0,0,0,1,1,6,1,-1,-1,-1,-1,-1,-1,-1
201401LX50270,1,1,0,9,0,2,1,0,0,0,4,1,6,1,38,7,-1,-1,-1,2,1
201401LX50270,2,11,0,18,0,2,0,0,0,0,3,1,6,1,-1,-1,-1,-1,-1,-1,-1
201401LX50271,1,9,0,4,0,8,0,0,0,0,3,1,6,2,25,5,1198,1,1,6,1
201401LX50272,1,9,0,18,0,8,0,0,0,0,1,1,6,1,41,7,1389,1,10,7,1
201401LX50273,1,9,0,18,0,8,0,0,0,0,1,1,6,1,32,6,2967,2,7,3,1
201401LX50273,2,9,0,7,0,8,0,0,0,0,3,1,6,1,52,8,-1,-1,-1,-1,-1
201401LX50274,1,3,0,4,0,0,0,0,0,0,3,1,6,2,45,7,125,1,10,-1,-1
201401LX50275,1,9,0,9,0,8,0,0,0,0,4,1,6,1,41,7,1995,2,8,4,1
201401LX50275,2,1,0,18,0,8,0,0,0,0,1,1,6,2,-1,-1,-1,-1,-1,10,1
201401LX50276,1,19,0,9,0,8,0,0,0,0,4,1,6,1,46,8,1968,2,3,3,1
201401LX50276,2,3,0,18,0,8,0,0,0,0,1,1,6,1,25,5,124,1,9,5,1
201401LX50277,1,9,0,7,0,8,0,0,0,0,3,1,6,2,34,6,1896,2,4,3,1
201401LX50277,2,1,0,18,0,8,0,0,0,0,1,1,6,1,-1,-1,-1,-1,-1,2,1
201401LX50278,1,3,0,18,0,8,0,10,0,0,3,1,6,1,25,5,-1,-1,-1,-1,-1
201401LX50278,2,9,0,2,0,8,0,0,0,0,4,1,6,2,-1,-1,2496,1,8,5,1
201401LX50279,1,19,0,9,0,8,0,0,0,0,4,1,6,1,-1,-1,-1,-1,-1,-1,-1
201401LX50279,2,1,0,18,0,8,0,0,0,0,1,1,6,1,46,8,-1,-1,-1,-1,-1
201401LX50280,1,9,0,18,0,8,0,0,0,0,4,1,6,1,25,5,-1,-1,-1,-1,-1
201401LX50281,1,5,0,4,0,8,0,0,0,0,3,1,6,1,30,6,998,1,9,9,1
201401LX50282,1,9,0,4,0,8,0,0,0,0,3,1,6,2,-1,-1,1598,1,7,-1,-1
201401LX50282,2,9,0,18,0,8,0,0,0,0,4,1,6,1,-1,-1,-1,-1,-1,-1,-1
201401LX50283,1,9,0,9,0,8,0,0,0,0,3,1,6,1,-1,-1,-1,-1,-1,-1,-1
201401LX50283,2,1,0,18,0,8,0,0,0,0,1,1,6,1,28,6,-1,-1,-1,3,1
201401LX50284,1,9,0,18,0,8,0,0,0,0,4,1,6,1,62,9,1985,1,16,-1,1
201401LX50285,1,9,0,7,0,8,0,0,0,0,4,1,6,1,-1,-1,-1,-1,-1,-1,-1
201401LX50285,2,3,0,18,0,8,0,0,0,0,1,1,6,1,23,5,124,1,12,2,1
201401LX50286,1,19,0,9,0,8,0,0,0,0,1,1,6,1,52,8,1598,7,12,3,1
201401LX50286,2,2,0,18,0,8,0,0,0,0,1,1,6,2,33,6,125,1,13,5,1
201401LX50288,1,4,0,18,0,8,0,0,0,0,1,1,6,1,-1,-1,125,1,5,4,1
201401LX50289,1,9,0,9,0,8,0,0,0,0,4,1,6,1,63,9,2495,1,9,5,1
201401LX50289,2,1,0,18,0,8,0,0,0,0,1,1,6,1,22,5,-1,-1,-1,6,1
201401LX50290,1,19,0,7,0,8,0,0,0,0,2,1,6,1,34,6,2143,2,3,10,1
201401LX50290,2,1,0,18,0,8,0,0,0,0,1,1,6,1,-1,-1,-1,-1,-1,4,1
201401LX50291,1,1,0,15,0,8,0,0,0,0,3,1,6,2,26,6,-1,-1,-1,5,1