Accident_Index,Vehicle_Reference,Vehicle_Type,Towing_and_Articulation,Vehicle_Manoeuvre,Vehicle_Location-Restricted_Lane,Junction_Location,Skidding_and_Overturning,Hit_Object_in_Carriageway,Vehicle_Leaving_Carriageway,Hit_Object_off_Carriageway,1st_Point_of_Impact,Was_Vehicle_Left_Hand_Drive?,Journey_Purpose_of_Driver,Sex_of_Driver,Age_of_Driver,Age_Band_of_Driver,Engine_Capacity_(CC),Propulsion_Code,Age_of_Vehicle,Driver_IMD_Decile,Driver_Home_Area_Type
201401LX50291,2,9,0,18,0,8,0,0,0,0,1,1,6,1,-1,-1,-1,-1,-1,-1,-1
201401LX50292,1,1,0,18,0,8,0,0,0,0,1,1,6,2,25,5,-1,-1,-1,3,1
201401LX50292,2,9,0,7,0,8,0,0,0,0,4,1,6,2,-1,-1,1596,1,7,6,1
201401LX50293,1,1,0,18,0,0,0,0,0,0,1,1,6,2,56,9,-1,-1,-1,4,1
201401LX50293,2,9,0,5,0,0,0,0,0,0,2,1,6,1,-1,-1,-1,-1,-1,6,1
201401LX50294,1,3,0,18,0,8,0,0,0,0,1,1,6,1,23,5,124,1,1,2,1
201401LX50294,2,9,0,9,0,8,0,0,0,0,1,1,6,1,56,9,1598,2,2,8,1
201401LX50296,1,9,0,18,0,8,0,0,0,0,4,1,6,1,69,10,1596,1,15,3,1
201401LX50298,1,9,0,9,0,8,0,0,0,0,4,1,6,1,46,8,1999,1,5,2,1
201401LX50298,2,1,0,18,0,8,0,0,0,0,1,1,6,1,55,8,-1,-1,-1,2,1
201401LX50299,1,9,0,18,0,1,0,0,0,0,1,1,6,3,-1,-1,-1,-1,-1,-1,-1
201401LX50300,1,1,0,18,0,8,0,0,0,0,4,1,6,2,47,8,-1,-1,-1,3,1
201401LX50300,2,9,0,9,0,8,0,0,0,0,1,1,6,3,-1,-1,-1,-1,-1,-1,-1
201401LX50301,1,5,0,6,0,2,0,0,0,0,3,1,6,1,32,6,-1,-1,-1,-1,-1
201401LX50301,2,9,0,18,0,1,0,0,0,0,1,1,6,1,38,7,-1,-1,-1,3,1
201401LX50302,1,9,0,3,0,8,0,0,0,0,2,1,6,1,26,6,1598,1,10,-1,-1
201401LX50302,2,3,0,4,0,8,0,0,0,0,1,1,6,1,28,6,125,1,1,3,1
201401LX50303,1,9,0,9,0,8,0,0,0,0,3,1,6,1,40,7,-1,-1,-1,3,1
201401LX50303,2,1,0,13,0,8,0,0,0,0,4,1,6,1,50,8,-1,-1,-1,2,1
201401LX50304,1,9,0,4,0,1,0,0,0,0,2,1,6,2,48,8,1396,1,10,3,1
201401LX50304,2,9,0,4,0,1,0,0,0,0,1,1,6,2,-1,-1,1968,1,9,-1,-1
201401LX50306,1,19,0,17,0,2,0,0,0,0,1,1,1,1,44,7,3920,2,9,6,1
201401LX50306,2,5,0,17,0,2,0,0,0,0,2,1,6,1,49,8,-1,-1,-1,-1,-1
201401LX50307,1,19,0,7,0,8,0,0,0,0,4,1,6,1,29,6,2143,2,1,-1,-1
201401LX50307,2,3,0,15,0,8,0,0,0,0,1,1,6,1,-1,-1,124,1,1,-1,-1
201401LX50308,1,19,0,11,0,1,0,0,0,0,4,1,6,3,-1,-1,1995,2,6,-1,-1
201401LX50308,2,1,0,18,0,1,0,0,0,0,3,1,6,1,25,5,-1,-1,-1,2,1
201401LX50309,1,3,0,18,0,8,0,0,0,0,3,1,6,2,25,5,124,1,1,-1,2
201401LX50309,2,9,0,13,0,8,0,0,0,0,4,1,6,1,-1,-1,-1,-1,-1,-1,-1
201401LX50310,1,19,0,9,0,8,0,0,0,0,3,1,6,1,37,7,-1,-1,-1,3,1
201401LX50310,2,3,0,18,0,8,0,0,0,0,1,1,6,1,-1,-1,125,1,4,3,1
201401LX50312,1,9,0,9,0,8,0,0,0,0,4,1,6,1,55,8,1598,1,13,3,1
201401LX50312,2,1,0,18,0,8,0,0,0,0,1,1,6,1,27,6,-1,-1,-1,3,1
201401LX50313,1,9,0,18,0,1,0,0,0,0,1,1,6,1,46,8,1587,1,12,3,1
201401LX50314,1,9,0,7,0,8,0,0,0,0,0,1,6,1,60,9,1956,2,3,9,1
201401LX50314,2,1,0,5,0,8,0,0,0,0,0,1,6,2,54,8,-1,-1,-1,3,1
201401LX50315,1,11,0,18,0,1,0,0,0,0,1,1,6,1,33,6,6700,2,7,3,1
201401LX50315,2,3,0,3,0,1,0,0,0,0,2,1,6,1,-1,-1,125,1,8,2,1
201401LX50316,1,11,0,5,0,1,0,0,0,0,0,1,1,1,31,6,7300,2,12,3,1
201401LX50317,1,3,0,9,0,8,0,0,0,0,1,1,6,1,23,5,125,1,7,2,1
201401LX50317,2,9,0,18,0,8,0,0,0,0,4,1,6,1,23,5,1590,1,13,3,1
201401LX50318,1,1,0,18,0,2,0,0,0,0,0,1,6,1,44,7,-1,-1,-1,3,1
201401LX50318,2,9,0,13,0,2,0,0,0,0,0,1,6,1,-1,-1,-1,-1,-1,-1,-1
201401LX50320,1,9,0,7,0,8,0,0,0,0,3,1,6,1,45,7,1995,1,13,3,1
201401LX50320,2,1,0,18,0,8,0,0,0,0,1,1,6,1,33,6,-1,-1,-1,6,1
201401LX50322,1,9,0,9,0,8,0,0,0,0,4,1,6,1,34,6,1200,1,11,3,1
201401LX50322,2,5,0,18,0,8,0,0,0,0,1,1,6,1,33,6,998,1,9,5,1
201401LX50326,1,9,0,18,0,2,0,0,0,0,1,1,6,1,-1,-1,2493,8,1,8,1
201401LX50327,1,9,0,18,0,1,0,0,0,0,1,1,6,2,60,9,-1,-1,-1,4,1
201401LX50328,1,9,0,18,0,8,0,0,0,0,1,1,6,1,24,5,1388,1,7,3,1
201401LX50328,2,5,0,4,0,8,0,0,0,0,2,1,6,1,34,6,599,1,6,8,1
201401LX50330,1,9,0,18,0,1,0,0,0,0,1,1,6,1,41,7,1995,2,3,3,1
201401LX50331,1,9,0,10,0,1,0,0,0,0,3,1,6,1,45,7,1797,8,4,-1,-1
201401LX50331,2,9,0,9,0,2,0,0,0,0,3,1,6,1,-1,-1,1596,1,8,-1,-1
201401LX50332,1,9,0,7,0,8,0,0,0,0,4,1,6,1,47,8,1984,2,3,5,1
201401LX50332,2,1,0,18,0,8,0,0,0,0,1,1,6,1,25,5,-1,-1,-1,4,1
201401LX50333,1,9,0,9,0,8,0,10,7,10,1,1,6,1,32,6,1390,1,1,4,1
201401LX50335,1,9,0,18,0,2,0,0,0,0,1,1,6,1,60,9,1997,1,15,3,1
201401LX50336,1,9,0,2,0,1,0,0,0,0,3,1,6,1,65,9,1796,1,8,2,1
201401LX50336,2,9,0,14,0,1,0,8,0,0,1,1,6,1,37,7,-1,-1,-1,2,1
201401LX50337,1,9,0,4,0,1,0,0,0,0,1,1,6,1,49,8,1910,2,7,6,1
201401LX50337,2,9,0,3,0,1,0,0,0,0,2,1,6,1,37,7,1595,1,14,-1,-1
201401LX50337,3,9,0,3,0,1,0,0,0,0,2,1,6,2,50,8,1388,1,13,8,1
201401LX50338,1,4,0,4,0,8,0,0,0,0,0,1,6,1,31,6,124,1,-1,4,1
201401LX50338,2,19,0,7,0,8,0,0,0,0,0,1,1,1,22,5,2402,2,7,3,1
201401LX50339,1,11,0,4,0,1,0,0,0,0,1,1,1,2,43,7,7300,2,11,3,1
201401LX50341,1,9,0,18,0,1,0,0,0,0,1,1,6,1,44,7,1598,1,4,3,1
201401LX50342,1,4,0,4,0,8,0,0,0,0,2,1,6,1,30,6,499,1,4,6,1
201401LX50342,2,9,0,4,0,8,0,0,0,0,1,1,6,1,-1,-1,1798,1,7,4,1
201401LX50343,1,1,0,18,4,1,0,0,0,0,1,1,6,1,-1,-1,-1,-1,-1,-1,-1
201401LX50344,1,5,0,3,0,1,0,0,0,0,2,1,6,1,19,4,1250,1,11,4,1
201401LX50344,2,9,0,5,0,1,0,0,0,0,1,1,6,1,48,8,1968,1,9,3,1
201401LX50345,1,1,0,18,0,1,0,4,0,0,1,1,6,2,27,6,-1,-1,-1,2,1
201401LX50345,2,19,0,2,0,1,0,0,0,0,2,1,6,3,-1,-1,1753,2,4,-1,-1
201401LX50347,1,9,0,18,0,1,0,0,0,0,3,1,6,2,50,8,1497,1,12,-1,-1
201401LX50347,2,2,0,11,0,1,0,0,0,0,4,1,1,1,36,7,49,1,7,2,1
201401LX50348,1,9,0,3,0,1,0,0,0,0,2,1,6,1,30,6,1796,1,13,-1,1
201401LX50348,2,9,0,4,0,1,0,0,0,0,1,1,6,1,47,8,-1,-1,-1,-1,-1
201401LX50349,1,9,0,7,0,8,0,0,0,0,2,1,6,1,44,7,-1,-1,-1,6,1
201401LX50349,2,3,0,4,0,8,0,0,0,0,1,1,6,1,57,9,125,1,5,5,1
201401LX50350,1,21,0,9,0,8,0,0,0,0,4,1,1,1,56,9,3920,2,1,10,1
201401LX50350,2,3,0,18,0,8,0,0,0,0,1,1,6,1,30,6,125,1,13,5,1
201401LX50351,1,9,0,9,0,8,0,0,0,0,4,1,6,1,26,6,1390,1,4,7,1
201401LX50351,2,5,0,18,0,8,0,0,0,0,1,1,6,1,56,9,955,1,11,2,1
201401LX50352,1,9,0,18,0,1,0,0,0,0,1,1,6,2,39,7,1248,1,5,7,1
201401LX50352,2,1,0,18,0,1,0,0,0,0,3,1,6,1,54,8,-1,-1,-1,1,1
201401LX50353,1,1,0,18,0,1,0,0,0,0,0,1,6,2,22,5,-1,-1,-1,5,1
201401LX50355,1,1,0,18,0,2,0,0,0,0,3,1,6,1,47,8,-1,-1,-1,9,1
201401LX50355,2,1,0,18,0,2,0,0,0,0,4,1,6,1,30,6,-1,-1,-1,9,1
201401LX50355,3,19,0,18,0,2,0,0,0,0,4,1,6,3,-1,-1,-1,-1,-1,-1,-1
201401LX50356,1,3,0,4,0,8,0,0,0,0,2,1,1,1,25,5,125,1,10,4,1
201401LX50356,2,1,0,4,0,8,0,0,0,0,1,1,6,1,-1,-1,-1,-1,-1,2,1
201401LX50357,1,5,0,18,0,8,0,0,0,0,1,1,6,1,29,6,600,1,12,4,1
201401LX50357,2,9,0,7,0,8,0,0,0,0,3,1,6,1,29,6,1796,1,10,3,1
201401LX50358,1,9,0,9,0,8,0,0,0,0,3,1,6,2,50,8,1200,1,11,-1,-1
201401LX50358,2,5,0,18,0,8,0,0,0,0,1,1,6,1,48,8,942,1,6,2,1
201401LX50359,1,1,0,18,0,8,0,0,0,0,1,1,6,1,28,6,-1,-1,-1,2,1
201401LX50359,2,9,0,7,0,8,0,0,0,0,3,1,6,3,-1,-1,-1,-1,-1,-1,-1
201401LX50360,1,9,0,18,0,1,0,0,0,0,1,1,6,1,25,5,998,1,1,-1,-1
201401LX50361,1,5,0,18,0,0,0,0,0,0,1,1,6,1,-1,-1,656,1,9,3,1
201401LX50361,2,9,0,9,0,0,0,0,0,0,4,1,6,1,56,9,1149,1,10,-1,-1
201401LX50362,1,1,0,3,0,1,0,0,0,0,3,1,6,1,26,6,-1,-1,-1,3,1
201401LX50362,2,9,0,14,0,1,0,0,0,0,4,1,6,3,-1,-1,-1,-1,-1,-1,-1
201401LX50363,1,4,0,4,0,1,0,0,0,0,0,1,6,2,21,5,124,1,31,7,1
201401LX50365,1,9,0,7,0,8,0,0,0,0,3,1,6,1,54,8,1498,1,5,5,1
201401LX50365,2,3,0,18,0,8,0,0,0,0,1,1,6,1,20,4,487,1,18,2,1
201401LX50366,1,1,0,18,0,8,0,0,0,0,1,1,6,2,31,6,-1,-1,-1,7,1
201401LX50366,2,9,0,7,0,8,0,0,0,0,4,1,6,1,-1,-1,1799,1,15,-1,-1
201401LX50367,1,9,0,9,0,8,0,0,0,0,1,1,6,1,33,6,3222,2,11,3,1
201401LX50367,2,1,0,9,0,8,0,0,0,0,2,1,6,1,36,7,-1,-1,-1,4,1
201401LX50368,1,9,0,11,0,1,0,0,0,0,4,1,6,2,27,6,1796,1,12,-1,1
201401LX50368,2,1,0,18,0,1,0,0,0,0,3,1,6,2,28,6,-1,-1,-1,3,1
201401LX50370,1,19,0,7,0,8,0,0,0,0,4,1,1,1,30,6,-1,-1,-1,5,2
201401LX50370,2,3,0,18,0,8,0,0,0,0,1,1,6,1,18,4,124,1,6,4,1
201401LX50371,1,9,0,18,0,1,0,0,0,0,1,1,6,3,-1,-1,-1,-1,-1,-1,-1
201401LX50372,1,9,0,18,0,2,0,0,0,0,1,1,6,1,43,7,1560,2,3,-1,-1
201401LX50373,1,11,0,3,0,1,0,0,0,0,2,1,6,1,-1,-1,9200,2,10,-1,-1
201401LX50373,2,1,0,18,0,1,0,0,0,0,0,1,6,1,22,5,-1,-1,-1,2,1
201401LX50374,1,1,0,18,0,8,0,0,0,0,1,1,6,2,28,6,-1,-1,-1,4,1
201401LX50374,2,9,0,7,0,8,0,0,0,0,3,1,6,2,-1,-1,-1,-1,-1,-1,-1
201401LX50375,1,9,0,9,0,8,0,0,0,0,3,1,6,2,49,8,998,1,4,2,1
201401LX50375,2,2,0,18,0,8,0,0,0,0,1,1,6,1,17,4,49,1,10,3,1
201401LX50376,1,3,0,18,0,1,0,0,0,0,1,1,6,1,26,6,124,1,2,2,1
201401LX50378,1,19,0,7,0,8,0,0,0,0,3,1,1,1,41,7,2799,2,14,-1,-1
201401LX50378,2,1,0,18,0,8,0,0,0,0,1,1,6,1,28,6,-1,-1,-1,-1,-1
201401LX50379,1,3,0,18,0,8,0,0,0,0,1,1,1,1,27,6,108,1,1,5,1
201401LX50379,2,9,0,9,0,8,0,0,0,0,4,1,6,3,-1,-1,-1,-1,-1,-1,-1
201401LX50380,1,9,0,4,0,1,0,0,0,0,2,1,6,2,52,8,1598,1,9,2,1
201401LX50380,2,9,0,4,0,1,0,0,0,0,2,1,6,1,58,9,1598,1,10,2,1
201401LX50384,1,8,0,18,0,1,0,0,0,0,1,1,6,1,59,9,2499,2,4,6,1
201401LX50385,1,9,0,14,0,0,0,0,0,0,1,1,6,3,-1,-1,-1,-1,-1,-1,-1
201401LX50386,1,9,0,18,0,1,0,0,0,0,1,1,6,3,-1,-1,-1,-1,-1,-1,-1
201401LX50388,1,1,0,18,0,8,0,0,0,0,1,1,6,1,21,5,-1,-1,-1,3,1
201401LX50388,2,9,0,7,0,8,0,0,0,0,4,1,6,2,45,7,1390,1,9,-1,-1
201401LX50389,1,9,0,11,0,1,0,0,0,0,4,1,6,2,54,8,1598,1,12,-1,-1
201401LX50389,2,9,0,18,0,1,0,0,0,0,3,1,6,1,20,4,1596,1,9,2,1
201401LX50391,1,9,0,17,0,1,0,10,1,4,1,1,6,1,20,4,1596,1,16,4,1
201401LX50394,1,9,0,13,0,1,0,0,0,0,4,1,6,3,-1,-1,-1,-1,-1,-1,-1
201401LX50394,2,1,0,18,0,1,0,0,0,0,3,1,6,1,25,5,-1,-1,-1,2,1
201401LX50395,1,11,0,4,0,1,0,0,0,0,0,1,1,1,41,7,7300,2,9,5,1
201401LX50396,1,8,0,7,0,8,0,0,0,0,3,1,1,1,59,9,2143,2,1,5,1
201401LX50396,2,3,0,18,0,8,0,0,0,0,1,1,6,1,23,5,124,1,3,2,1
201401LX50398,1,9,0,3,0,1,0,0,0,0,2,1,6,2,33,6,1362,1,2,5,1
201401LX50398,2,9,0,4,0,1,0,0,0,0,1,1,6,3,-1,-1,599,1,13,-1,-1
201401LX50399,1,9,0,18,0,8,0,10,1,1,3,1,6,1,50,8,973,1,11,4,1
201401LX50399,2,9,0,9,0,8,0,0,0,0,1,1,6,1,50,8,2987,2,2,8,1
201401LX50400,1,9,0,9,0,8,0,0,0,0,1,1,6,1,22,5,1598,1,4,3,1
201401LX50401,1,9,0,18,0,8,0,0,0,0,1,1,6,2,23,5,1598,1,1,6,1
201401LX50402,1,2,0,18,0,8,0,0,0,0,1,1,6,1,17,4,49,1,2,3,1
201401LX50402,2,9,0,9,0,8,0,0,0,0,3,1,6,1,54,8,1596,1,4,5,1
201401LX50403,1,11,0,18,0,8,0,0,0,0,1,1,1,1,35,6,3900,2,9,4,1
201401LX50403,2,9,0,18,0,8,0,0,0,0,2,1,6,2,-1,-1,1896,2,10,8,2
201401LX50404,1,1,0,4,0,8,0,0,0,0,2,1,6,1,56,9,-1,-1,-1,-1,-1
201401LX50404,2,9,0,18,0,8,0,0,0,0,1,1,6,1,-1,-1,-1,-1,-1,-1,-1
201401LX50405,1,9,0,9,0,8,0,0,0,0,1,1,6,1,-1,-1,-1,-1,-1,-1,-1
201401LX50405,2,1,0,18,0,8,0,0,0,0,1,1,6,1,33,6,-1,-1,-1,5,1
201401LX50406,1,9,0,9,0,8,0,0,0,0,4,1,6,1,41,7,1796,1,3,2,1
201401LX50406,2,1,0,18,0,8,0,0,0,0,1,1,6,1,50,8,-1,-1,-1,1,1
201401LX50407,1,9,0,9,0,8,0,0,0,0,4,1,6,2,55,8,1598,1,1,4,1
201401LX50407,2,1,0,18,0,8,0,0,0,0,1,1,6,1,24,5,-1,-1,-1,-1,-1
201401LX50408,1,9,0,7,0,8,0,0,0,0,1,1,6,1,30,6,1390,1,12,-1,1
201401LX50408,2,1,0,9,0,8,0,0,0,0,1,1,6,1,23,5,-1,-1,-1,2,1
201401LX50409,1,3,0,5,0,0,0,0,0,0,3,1,6,2,48,8,-1,-1,-1,2,1
201401LX50409,2,1,0,18,0,0,0,0,0,0,1,1,6,1,36,7,-1,-1,-1,7,1
201401LX50410,1,9,0,18,0,8,0,0,0,0,1,1,6,1,61,9,1896,2,7,-1,-1
201401LX50410,2,1,0,9,0,8,0,0,0,0,4,1,6,2,23,5,-1,-1,-1,-1,-1
201401LX50411,1,5,0,18,0,8,0,0,0,0,1,1,6,2,25,5,745,1,-1,-1,1
201401LX50412,1,9,0,18,0,2,0,10,1,4,1,1,6,1,33,6,-1,-1,-1,-1,-1
201401LX50413,1,2,0,18,0,8,0,0,0,0,1,1,6,1,21,5,125,1,5,5,1
201401LX50413,2,9,0,5,0,8,0,0,0,0,2,1,6,1,-1,-1,1586,1,8,-1,-1
201401LX50414,1,9,0,18,0,8,0,0,0,0,1,1,6,1,38,7,1794,1,10,-1,1
201401LX50414,2,1,0,9,0,8,0,0,0,0,2,1,6,2,28,6,-1,-1,-1,4,1
201401LX50415,1,5,0,18,0,8,0,0,0,0,1,1,6,1,46,8,499,1,12,7,1
201401LX50415,2,9,0,9,0,8,0,0,0,0,1,1,6,1,28,6,-1,-1,-1,8,1
201401LX50416,1,9,0,4,0,8,0,0,0,0,2,1,6,2,23,5,1390,1,6,-1,1
201401LX50416,2,9,0,4,0,8,0,0,0,0,2,1,6,1,30,6,2400,2,7,3,1
201401LX50416,3,9,0,4,0,8,0,0,0,0,1,1,6,1,63,9,2435,7,12,6,1
201401LX50417,1,9,0,18,0,8,0,0,0,0,2,1,6,2,36,7,1997,1,8,4,1
201401LX50417,2,9,0,18,0,8,0,0,0,0,1,1,6,2,54,8,1595,1,5,4,1
201401LX50417,3,9,0,2,0,8,0,0,0,0,3,1,6,1,-1,-1,-1,-1,-1,-1,-1
201401LX50418,1,9,0,18,0,8,0,0,0,0,1,1,6,1,53,8,1386,1,5,3,1
201401LX50418,2,9,0,9,0,8,0,0,0,0,1,1,6,1,22,5,-1,-1,-1,9,1
201401LX50419,1,9,0,4,0,8,0,0,0,0,2,1,6,1,35,6,1686,2,1,3,1
201401LX50419,2,9,0,18,0,8,0,0,0,0,1,1,6,1,46,8,-1,-1,-1,4,1
201401LX50420,1,1,0,18,0,8,0,0,0,0,3,1,6,2,25,5,-1,-1,-1,3,1
201401LX50421,1,11,0,5,0,8,0,0,0,0,0,1,6,1,30,6,8300,2,8,2,1
201401LX50422,1,9,0,7,0,8,0,0,0,0,4,1,6,1,34,6,1390,1,6,2,1
201401LX50422,2,5,0,18,0,8,0,0,0,0,1,1,6,1,-1,-1,-1,-1,-1,-1,-1
201401LX50423,1,5,0,9,0,8,0,0,0,0,2,1,6,1,37,7,1170,1,4,6,1
201401LX50423,2,9,0,18,0,8,0,0,0,0,1,1,6,1,23,5,1560,2,3,7,1
201401LX50424,1,9,0,4,0,8,0,0,0,0,2,1,6,1,44,7,1299,1,9,5,1
201401LX50424,2,2,0,18,0,8,0,0,0,0,1,1,6,1,25,5,124,1,11,3,1
201401LX50425,1,1,0,18,0,8,0,0,0,0,1,1,6,1,23,5,-1,-1,-1,4,1
201401LX50425,2,9,0,2,0,8,0,0,0,0,3,1,6,2,25,5,4999,1,2,2,1
201401LX50426,1,19,0,9,0,8,0,0,0,0,1,1,6,1,36,7,-1,-1,-1,1,1
201401LX50426,2,1,0,18,0,8,0,0,0,0,1,1,6,1,44,7,-1,-1,-1,2,1
201401LX50427,1,1,0,18,0,8,0,0,0,0,1,1,6,1,32,6,-1,-1,-1,5,1
201401LX50427,2,9,0,2,0,8,0,0,0,0,2,1,6,1,-1,-1,-1,-1,-1,-1,-1
201401LX50428,1,9,0,9,0,8,0,0,0,0,4,1,6,1,44,7,1984,1,18,3,1
201401LX50428,2,2,0,18,0,8,0,0,0,0,1,1,6,1,32,6,124,1,8,3,1
201401LX50429,1,3,0,18,0,0,0,0,0,0,1,1,6,1,48,8,1137,1,6,7,1
201401LX50429,2,9,0,5,0,0,0,0,0,0,3,1,6,1,38,7,1332,1,16,2,1
201401LX50430,1,9,0,7,0,8,0,0,0,0,1,1,6,1,-1,-1,1598,1,1,-1,-1
201401LX50430,2,1,0,18,0,8,0,0,0,0,1,1,6,1,-1,-1,-1,-1,-1,-1,-1
201401LX50431,1,9,0,18,0,8,0,0,0,0,3,1,6,2,33,6,1598,1,10,7,1
201401LX50431,2,9,0,18,0,8,0,0,0,0,1,1,6,1,61,9,1797,8,3,2,1
201401LX50432,1,2,0,15,0,8,0,0,0,0,1,1,6,1,18,4,49,1,6,3,1
201401LX50432,2,9,0,9,0,8,0,0,0,0,3,1,6,1,36,7,-1,-1,-1,3,1
201401LX50433,1,9,0,18,0,1,0,0,0,0,1,1,6,1,38,7,1587,1,11,-1,-1
201401LX50434,1,11,0,18,0,8,0,0,0,0,2,1,1,1,53,8,7300,2,11,-1,-1
201401LX50434,2,1,0,18,0,8,0,0,0,0,1,1,6,1,38,7,-1,-1,-1,4,1
201401LX50435,1,11,0,18,0,0,0,0,0,0,3,1,1,1,45,7,-1,-1,-1,-1,-1
201401LX50435,2,1,0,18,0,0,0,0,0,0,4,1,6,1,51,8,-1,-1,-1,2,1
201401LX50436,1,9,0,18,0,2,0,0,0,0,1,1,6,3,-1,-1,-1,-1,-1,-1,-1
201401LX50437,1,9,0,18,0,8,0,0,0,0,1,1,6,1,30,6,1995,2,10,-1,-1
201401LX50437,2,3,0,9,0,8,0,0,0,0,1,1,6,1,41,7,-1,-1,-1,4,1
201401LX50438,1,9,0,9,0,8,0,0,0,0,3,1,6,1,56,9,1461,2,2,-1,-1
201401LX50438,2,9,0,18,0,8,0,0,0,0,1,1,6,1,29,6,1598,2,-1,3,1
201401LX50439,1,9,0,7,0,8,0,0,0,0,1,1,6,1,71,10,1587,1,17,4,1
201401LX50439,2,1,0,18,0,8,0,0,0,0,1,1,6,1,36,7,-1,-1,-1,1,1
201401LX50440,1,9,0,6,0,8,0,0,0,0,3,1,6,2,28,6,1596,1,8,5,1
201401LX50440,2,3,0,18,0,8,0,0,0,0,1,1,6,1,29,6,-1,-1,-1,2,1
201401LX50441,1,2,0,18,0,8,0,0,0,0,3,1,6,2,50,8,124,1,7,4,1
201401LX50443,1,9,0,11,0,8,0,0,0,0,4,1,6,2,27,6,1242,1,2,1,1
201401LX50443,2,5,0,15,0,8,0,0,0,0,1,1,6,1,36,7,618,1,9,3,1
201401LX50445,1,9,0,9,0,8,0,0,0,0,1,1,6,2,37,7,1596,1,9,3,1
201401LX50446,1,19,0,18,0,8,0,0,0,0,1,1,6,1,62,9,-1,-1,-1,2,1
201401LX50447,1,3,0,4,0,8,0,0,0,0,2,1,6,1,30,6,108,1,1,2,1
201401LX50447,2,9,0,4,0,8,0,0,0,0,1,1,6,2,-1,-1,-1,-1,-1,-1,-1
201401LX50448,1,9,0,18,0,8,0,0,0,0,1,1,6,1,36,7,1598,1,8,6,1
201401LX50448,2,9,0,16,0,8,0,0,0,0,3,1,1,1,38,7,1598,1,5,2,1
201401LX50449,1,9,0,18,0,2,0,0,0,0,1,1,6,1,58,9,1599,1,9,4,1
201401LX50450,1,5,0,15,0,8,0,0,0,0,1,1,2,1,31,6,649,1,5,3,1
201401LX50450,2,90,0,9,0,8,0,0,0,0,1,1,1,1,24,5,-1,-1,-1,-1,-1
201401LX50451,1,1,0,18,0,8,0,0,0,0,1,1,6,1,25,5,-1,-1,-1,4,1
201401LX50451,2,9,0,7,0,8,0,0,0,0,3,1,6,3,-1,-1,-1,-1,-1,-1,-1
201401LX50452,1,9,0,18,0,8,0,0,0,0,1,1,6,1,41,7,1995,2,12,2,1
201401LX50452,2,3,0,13,0,8,0,0,0,0,1,1,6,1,18,4,-1,-1,-1,3,1
201401LX50453,1,9,0,9,0,8,0,0,0,0,1,1,6,1,32,6,-1,-1,-1,2,1
201401LX50453,2,9,0,18,0,8,0,0,0,0,1,1,6,1,31,6,698,1,9,8,1
201401LX50454,1,9,0,6,0,1,0,0,0,0,3,1,6,1,-1,-1,1968,2,5,8,1
201401LX50454,2,5,0,18,0,1,0,0,0,0,1,1,6,1,29,6,599,1,7,7,1
201401LX50456,1,5,0,18,2,8,0,0,0,0,3,1,6,1,49,8,1255,1,4,3,1
201401LX50457,1,3,0,18,0,8,0,0,0,0,1,1,6,1,-1,-1,124,1,10,2,1
201401LX50457,2,9,0,2,0,8,0,0,0,0,3,1,6,1,-1,-1,2000,1,10,-1,-1
201401LX50458,1,9,0,18,0,8,0,0,0,0,1,1,6,1,48,8,1910,2,8,3,1
201401LX50458,2,9,0,9,0,8,0,0,0,0,4,1,6,1,28,6,-1,-1,-1,3,1
201401LX50459,1,9,0,18,0,8,0,0,0,0,1,1,6,1,27,6,2149,2,7,5,1
201401LX50460,1,9,0,18,0,1,0,10,1,10,1,1,1,1,23,5,1796,1,9,3,1
201401LX50463,1,20,0,18,0,8,0,0,0,0,4,1,6,1,38,7,2287,2,3,-1,-1
201401LX50464,1,9,0,18,0,1,0,0,0,0,1,1,6,2,22,5,1199,1,11,3,1
201401LX50465,1,2,0,18,0,1,0,0,0,0,1,1,1,1,20,4,125,1,8,4,1
201401LX50465,2,9,0,5,0,1,0,0,0,0,3,1,6,1,37,7,1198,1,11,4,1
201401LX50466,1,9,0,9,0,8,0,0,0,0,1,1,6,2,34,6,2993,2,3,2,1
201401LX50466,2,1,0,18,0,8,0,0,0,0,1,1,6,1,21,5,-1,-1,-1,4,1
201401LX50467,1,9,0,18,0,8,0,0,0,0,1,1,6,2,27,6,1390,1,16,7,1
201401LX50467,2,9,0,9,0,8,0,0,0,0,4,1,6,2,21,5,1229,1,1,4,1
201401LX50468,1,1,0,18,0,1,0,12,0,0,1,1,6,1,26,6,-1,-1,-1,3,1
201401LX50471,1,9,0,14,0,1,0,0,0,0,1,1,6,1,20,4,1498,1,7,2,1
201401LX50471,2,9,0,18,0,2,0,0,0,0,1,1,6,1,-1,-1,-1,-1,-1,-1,-1
201401LX50472,1,1,0,18,0,8,0,0,0,0,1,1,6,1,42,7,-1,-1,-1,6,1
201401LX50472,2,9,0,7,0,8,0,0,0,0,4,1,6,1,-1,-1,-1,-1,-1,-1,-1
201401LX50473,1,3,0,18,0,8,0,0,0,0,1,1,6,1,28,6,-1,-1,-1,3,1
201401LX50473,2,9,0,7,0,8,0,0,0,0,4,1,6,1,-1,-1,1798,1,1,3,1
201401LX50475,1,1,0,4,0,8,0,0,0,0,3,1,2,1,41,7,-1,-1,-1,2,1
201401LX50475,2,8,0,7,0,5,0,0,0,0,4,1,6,1,-1,-1,2402,2,10,-1,-1
201401LX50476,1,4,0,15,0,1,1,0,0,0,3,1,2,1,35,6,645,1,10,7,1
201401LX50476,2,9,0,5,0,1,0,0,0,0,4,1,2,1,55,8,1560,2,1,-1,-1
201401LX50477,1,11,0,4,0,1,0,0,0,0,0,1,6,1,54,8,-1,2,13,1,1
201401LX50478,1,9,0,18,0,1,0,0,0,0,0,1,6,3,-1,-1,-1,-1,-1,-1,-1
201401LX50478,2,1,0,18,0,1,0,0,0,0,1,1,6,1,27,6,-1,-1,-1,-1,-1
201401LX50481,1,19,0,7,0,8,0,0,0,0,3,1,6,1,-1,-1,-1,-1,-1,2,1