Accident_Index,Vehicle_Reference,Vehicle_Type,Towing_and_Articulation,Vehicle_Manoeuvre,Vehicle_Location-Restricted_Lane,Junction_Location,Skidding_and_Overturning,Hit_Object_in_Carriageway,Vehicle_Leaving_Carriageway,Hit_Object_off_Carriageway,1st_Point_of_Impact,Was_Vehicle_Left_Hand_Drive?,Journey_Purpose_of_Driver,Sex_of_Driver,Age_of_Driver,Age_Band_of_Driver,Engine_Capacity_(CC),Propulsion_Code,Age_of_Vehicle,Driver_IMD_Decile,Driver_Home_Area_Type
201401LX50671,1,9,0,17,0,1,0,0,0,0,1,1,6,2,-1,-1,1595,1,12,-1,-1
201401LX50672,1,9,0,9,0,8,0,0,0,0,4,1,6,1,-1,-1,1686,2,9,-1,-1
201401LX50672,2,1,0,18,0,8,0,0,0,0,1,1,6,1,28,6,-1,-1,-1,-1,-1
201401LX50674,1,9,0,7,0,5,0,0,0,0,4,1,1,2,60,9,1598,1,3,2,1
201401LX50674,2,1,0,18,2,1,0,0,0,0,3,1,2,1,33,6,-1,-1,-1,6,1
201401LX50675,1,9,0,18,0,0,0,4,0,0,1,1,6,2,25,5,1242,1,5,3,1
201401LX50675,2,9,0,2,0,0,0,0,0,0,2,1,6,1,-1,-1,1398,1,11,4,1
201401LX50676,1,5,0,18,0,8,0,0,0,0,1,1,6,1,37,7,645,1,10,6,1
201401LX50676,2,11,0,9,0,8,0,0,0,0,4,1,1,1,46,8,7300,2,9,-1,-1
201401LX50677,1,9,0,7,0,2,0,4,0,0,1,1,6,1,-1,-1,1198,1,12,-1,-1
201401LX50677,2,9,0,2,0,2,0,4,0,0,2,1,6,1,26,6,1968,2,10,5,1
201401LX50677,3,9,0,2,0,2,0,0,0,0,2,1,6,1,24,5,1997,2,12,5,1
201401LX50679,1,9,0,7,0,1,0,0,0,0,4,1,6,1,31,6,-1,-1,-1,4,1
201401LX50679,2,1,0,15,0,1,0,0,0,0,1,1,6,1,42,7,-1,-1,-1,-1,-1
201401LX50680,1,9,0,18,0,2,0,0,0,0,1,1,6,1,54,8,1582,2,1,-1,-1
201401LX50680,2,9,0,3,0,2,0,0,0,0,2,1,6,1,43,7,-1,-1,-1,1,1
201401LX50680,3,8,0,3,0,2,0,0,0,0,2,1,1,1,45,7,1497,8,6,4,1
201401LX50681,1,1,0,18,0,2,0,0,0,0,1,1,6,3,-1,-1,-1,-1,-1,-1,-1
201401LX50682,1,9,0,18,0,8,0,0,0,0,1,1,6,1,29,6,1769,1,21,2,1
201401LX50682,2,9,0,9,0,8,0,0,0,0,4,1,6,1,27,6,-1,-1,-1,7,1
201401LX50683,1,9,0,18,0,1,0,0,0,0,1,1,6,1,35,6,1999,1,10,7,1
201401LX50684,1,2,0,18,0,2,0,0,0,0,1,1,6,3,-1,-1,-1,-1,-1,-1,-1
201401LX50685,1,9,0,9,0,8,0,0,0,0,4,1,6,3,-1,-1,1598,2,2,-1,-1
201401LX50685,2,1,0,18,0,8,0,0,0,0,1,1,6,1,30,6,-1,-1,-1,4,1
201401LX50686,1,9,0,18,0,1,0,4,0,0,1,1,1,1,43,7,1248,2,1,3,1
201401LX50686,2,9,0,2,0,1,0,0,0,0,2,1,6,1,-1,-1,1149,1,13,-1,-1
201401LX50687,1,1,0,18,0,8,0,0,0,0,1,1,6,2,26,6,-1,-1,-1,4,1
201401LX50687,2,9,0,7,0,8,0,0,0,0,3,1,6,3,-1,-1,-1,-1,-1,-1,-1
201401LX50688,1,19,0,18,0,0,0,0,0,0,1,1,6,1,-1,-1,1598,2,3,-1,-1
201401LX50689,1,1,0,18,0,1,0,0,0,0,3,1,6,1,29,6,-1,-1,-1,2,1
201401LX50689,2,8,0,12,0,1,0,0,0,0,4,1,6,3,-1,-1,-1,-1,-1,-1,-1
201401LX50690,1,3,0,18,0,8,0,0,0,0,1,1,6,1,19,4,125,1,4,3,1
201401LX50690,2,9,0,18,0,8,0,0,0,0,1,1,6,1,-1,-1,1598,1,8,-1,-1
201401LX50691,1,90,0,18,0,1,0,0,0,0,0,1,1,1,-1,-1,-1,-1,-1,-1,-1
201401LX50692,1,1,0,5,0,8,0,0,0,0,3,1,6,2,25,5,-1,-1,-1,4,1
201401LX50692,2,19,4,5,0,8,0,0,0,0,4,1,6,3,-1,-1,-1,-1,-1,-1,-1
201401LX50694,1,9,0,18,0,8,0,0,0,0,1,1,6,1,22,5,-1,-1,-1,3,1
201401LX50694,2,9,0,7,0,8,0,0,0,0,3,1,6,1,52,8,-1,-1,-1,4,1
201401LX50696,1,9,0,7,0,8,0,0,0,0,3,1,6,1,47,8,998,1,1,2,1
201401LX50696,2,1,0,18,0,8,0,0,0,0,1,1,6,1,30,6,-1,-1,-1,3,1
201401LX50697,1,4,0,9,0,8,0,0,0,0,3,1,6,1,41,7,-1,-1,-1,-1,-1
201401LX50697,2,1,0,18,0,8,0,0,0,0,1,1,6,1,38,7,-1,-1,-1,-1,-1
201401LX50698,1,1,0,18,0,8,0,0,0,0,1,1,6,1,-1,-1,-1,-1,-1,7,1
201401LX50698,2,8,0,7,0,8,0,0,0,0,3,1,6,1,-1,-1,2446,2,12,-1,-1
201401LX50700,1,9,0,9,0,8,0,0,0,0,3,1,1,1,55,8,1997,2,6,-1,-1
201401LX50700,2,3,0,13,0,8,0,0,0,0,1,1,6,3,-1,-1,-1,-1,-1,-1,-1
201401LX50704,1,9,0,18,0,1,0,0,0,0,1,1,6,1,29,6,1229,1,1,3,1
201401LX50704,2,1,0,18,0,1,0,0,0,0,3,1,6,1,29,6,-1,-1,-1,2,1
201401LX50705,1,1,0,12,0,1,0,0,0,0,3,1,6,1,25,5,-1,-1,-1,5,1
201401LX50705,2,4,0,18,0,1,0,0,0,0,4,1,6,1,24,5,125,1,5,3,1
201401LX50706,1,1,0,18,0,2,0,0,0,0,2,1,6,1,18,4,-1,-1,-1,3,1
201401LX50706,2,9,0,18,0,2,0,0,0,0,1,1,6,3,-1,-1,-1,-1,-1,-1,-1
201401LX50707,1,9,0,18,0,1,0,0,0,0,1,1,6,1,30,6,2976,1,10,-1,-1
201401LX50707,2,19,0,18,0,1,0,0,0,0,2,1,6,1,49,8,2198,2,7,3,1
201401LX50708,1,8,0,6,0,2,0,0,0,0,3,1,6,1,56,9,1997,2,2,1,1
201401LX50708,2,1,0,18,0,1,0,0,0,0,1,1,6,1,36,7,-1,-1,-1,2,1
201401LX50709,1,19,0,13,0,0,0,0,0,0,4,1,1,1,33,6,2198,2,-1,4,1
201401LX50709,2,1,0,18,0,0,0,0,0,0,3,1,6,1,39,7,-1,-1,-1,5,1
201401LX50710,1,9,0,6,9,1,0,10,7,0,1,1,6,1,75,10,1086,1,6,3,1
201401LX50711,1,1,0,18,0,8,0,0,0,0,0,1,6,1,-1,-1,-1,-1,-1,-1,-1
201401LX50712,1,9,0,18,0,1,0,0,0,0,2,1,6,1,40,7,1997,2,3,5,1
201401LX50712,2,9,0,18,0,1,0,0,0,0,1,1,6,1,23,5,1598,1,8,3,1
201401LX50713,1,19,0,1,0,8,0,0,0,0,4,1,1,1,47,8,-1,-1,-1,5,1
201401LX50713,2,11,0,18,0,8,0,0,0,0,1,1,1,1,47,8,-1,-1,-1,8,1
201401LX50714,1,9,0,7,0,8,0,0,0,0,4,1,6,2,65,9,1198,1,4,8,1
201401LX50714,2,1,0,18,0,8,0,0,0,0,1,1,6,1,26,6,-1,-1,-1,5,1
201401LX50717,1,9,0,14,0,1,0,0,0,0,3,1,6,1,53,8,2401,2,9,6,1
201401LX50717,2,4,0,14,0,1,0,0,0,0,4,1,1,1,27,6,-1,-1,-1,8,1
201401LX50718,1,9,0,3,0,1,0,0,0,0,2,1,6,2,28,6,1596,1,10,1,1
201401LX50718,2,9,0,18,0,1,0,0,0,0,1,1,6,1,-1,-1,2979,1,10,4,1
201401LX50719,1,9,0,3,0,1,0,0,0,0,2,1,6,1,25,5,1360,1,12,2,1
201401LX50719,2,9,0,3,0,1,0,0,0,0,2,1,6,1,41,7,1968,2,6,-1,-1
201401LX50719,3,9,0,4,0,1,0,0,0,0,1,1,6,1,25,5,5998,1,10,9,1
201401LX50720,1,9,0,6,0,8,0,0,0,0,3,1,6,2,30,6,1198,1,-1,3,1
201401LX50720,2,3,0,18,0,8,0,0,0,0,1,1,6,1,26,6,125,1,6,5,1
201401LX50722,1,5,0,18,0,8,0,0,0,0,4,1,6,1,53,8,790,1,12,-1,-1
201401LX50722,2,9,0,18,0,8,0,0,0,0,1,1,6,1,45,7,1598,1,1,-1,-1
201401LX50723,1,11,0,5,0,1,0,0,0,0,3,1,1,1,57,9,9200,2,9,4,1
201401LX50723,2,9,0,18,0,1,0,0,0,0,4,1,6,1,21,5,1598,1,3,3,1
201401LX50724,1,11,0,18,0,1,0,0,0,0,1,1,1,3,-1,-1,-1,-1,-1,-1,-1
201401LX50725,1,4,0,18,0,2,0,0,0,0,2,1,6,1,33,6,124,1,2,2,1
201401LX50725,2,9,0,18,0,2,0,0,0,0,1,1,6,3,-1,-1,-1,-1,-1,-1,-1
201401LX50726,1,1,0,18,0,8,0,0,0,0,1,1,6,2,35,6,-1,-1,-1,4,1
201401LX50726,2,9,0,7,0,8,0,0,0,0,3,1,6,2,-1,-1,-1,-1,-1,6,1
201401LX50727,1,9,0,7,0,8,0,0,0,0,4,1,6,1,55,8,-1,-1,-1,-1,-1
201401LX50727,2,1,0,18,0,8,0,0,0,0,1,1,6,2,30,6,-1,-1,-1,5,1
201401LX50728,1,9,0,7,0,8,0,0,0,0,3,1,6,1,45,7,1299,1,9,5,1
201401LX50728,2,1,0,18,0,8,0,0,0,0,1,1,6,1,46,8,-1,-1,-1,3,1
201401LX50730,1,3,0,4,0,1,0,0,0,0,1,1,6,1,32,6,124,1,9,2,1
201401LX50730,2,10,0,3,0,1,0,0,0,0,2,1,1,1,-1,-1,-1,-1,-1,-1,-1
201401LX50732,1,11,0,18,0,1,0,0,0,0,1,1,1,1,53,8,6700,2,4,2,1
201401LX50733,1,9,0,18,0,2,0,0,0,0,4,1,6,2,20,4,1587,1,10,1,1
201401LX50733,2,1,0,13,0,2,0,0,0,0,3,1,6,1,29,6,-1,-1,-1,3,1
201401LX50734,1,1,0,18,0,8,0,0,0,0,1,1,6,1,26,6,-1,-1,-1,5,1
201401LX50734,2,19,0,9,0,8,0,0,0,0,4,1,1,1,24,5,1560,2,-1,4,1
201401LX50735,1,5,0,18,0,2,0,0,0,0,1,1,1,3,-1,-1,670,1,2,-1,-1
201401LX50736,1,9,0,3,0,1,0,0,0,0,1,1,6,1,70,10,1968,2,3,-1,-1
201401LX50736,2,9,0,1,0,2,0,0,0,0,2,1,6,1,-1,-1,1995,2,5,3,1
201401LX50738,1,9,0,18,0,1,0,0,0,0,1,1,6,1,34,6,1598,1,8,1,1
201401LX50739,1,9,0,18,0,1,0,0,0,0,3,1,6,1,-1,-1,1560,2,4,2,1
201401LX50739,2,19,0,11,0,1,0,0,0,0,4,1,1,1,-1,-1,1598,2,6,6,1
201401LX50740,1,9,0,9,0,8,0,0,0,0,3,1,6,2,30,6,1896,2,13,5,1
201401LX50740,2,2,0,13,0,8,0,0,0,0,1,1,6,1,33,6,459,1,5,4,1
201401LX50742,1,9,0,4,0,2,0,0,0,0,1,1,6,1,50,8,995,1,10,-1,-1
201401LX50742,2,9,0,4,0,2,0,0,0,0,2,1,1,1,38,7,2143,2,1,10,1
201401LX50743,1,8,0,9,0,8,0,0,0,0,4,1,1,1,32,6,2499,2,3,6,1
201401LX50743,2,3,0,18,0,8,0,0,0,0,1,1,6,1,32,6,125,1,4,3,1
201401LX50744,1,9,0,9,0,8,0,0,0,0,4,1,6,1,57,9,4008,1,16,-1,1
201401LX50744,2,5,0,18,0,8,0,0,0,0,1,1,6,1,35,6,-1,-1,-1,-1,-1
201401LX50747,1,9,0,4,0,1,0,0,0,0,1,1,1,2,29,6,2143,2,1,9,1
201401LX50747,2,9,0,4,0,1,0,0,0,0,2,1,6,2,31,6,1796,1,7,1,1
201401LX50748,1,9,0,9,0,8,0,0,0,0,4,1,6,2,50,8,1588,1,15,2,1
201401LX50748,2,5,0,18,0,8,0,0,0,0,1,1,6,1,41,7,1237,1,3,-1,-1
201401LX50749,1,1,0,18,0,8,0,0,0,0,1,1,6,1,35,6,-1,-1,-1,3,1
201401LX50749,2,19,0,7,0,8,0,0,0,0,4,1,1,1,-1,-1,1399,2,4,4,1
201401LX50750,1,9,0,18,0,1,0,0,0,0,1,1,6,3,-1,-1,-1,-1,-1,-1,-1
201401LX50753,1,9,0,18,0,8,0,0,0,0,1,1,6,1,39,7,1149,1,9,5,1
201401LX50753,2,1,0,18,0,8,0,0,0,0,4,1,6,2,18,4,-1,-1,-1,3,1
201401LX50754,1,9,0,4,0,8,0,0,0,0,2,1,1,1,-1,-1,1461,2,2,-1,-1
201401LX50754,2,1,0,4,0,8,0,0,0,0,1,1,6,1,23,5,-1,-1,-1,7,1
201401LX50755,1,9,0,18,0,8,0,0,0,0,3,1,1,1,42,7,3222,2,11,4,1
201401LX50755,2,9,0,18,0,8,0,0,0,0,1,1,6,1,25,5,1968,2,1,2,1
201401LX50757,1,1,0,3,0,8,0,0,0,0,2,1,6,2,32,6,-1,-1,-1,4,1
201401LX50757,2,9,0,4,0,8,0,0,0,0,1,1,6,3,-1,-1,-1,-1,-1,-1,-1
201401LX50758,1,9,0,18,0,8,0,0,0,0,1,1,6,2,37,7,-1,-1,-1,-1,-1
201401LX50759,1,4,0,7,0,8,0,0,0,0,3,1,6,1,26,6,385,1,9,3,1
201401LX50759,2,1,0,18,0,8,0,0,0,0,1,1,6,1,56,9,-1,-1,-1,2,1
201401LX50760,1,9,0,4,0,1,0,0,0,0,1,1,6,1,21,5,1798,1,7,2,1
201401LX50760,2,9,0,4,0,1,0,0,0,0,2,1,6,1,28,6,1360,1,10,2,1
201401LX50762,1,1,0,18,0,1,0,0,0,0,2,1,6,2,24,5,-1,-1,-1,4,1
201401LX50762,2,9,0,13,0,1,0,0,0,0,1,1,6,3,-1,-1,-1,-1,-1,-1,-1
201401LX50763,1,1,0,18,0,1,0,0,0,0,2,1,6,1,52,8,-1,-1,-1,6,1
201401LX50763,2,9,0,13,0,1,0,0,0,0,1,1,6,1,-1,-1,-1,-1,-1,-1,-1
201401LX50764,1,9,0,3,0,1,0,0,0,0,2,1,6,1,24,5,1968,2,3,4,1
201401LX50764,2,19,0,4,0,1,0,0,0,0,1,1,6,1,27,6,2402,2,9,3,1
201401LX50766,1,1,0,18,0,1,0,0,0,0,3,1,6,1,43,7,-1,-1,-1,2,1
201401LX50766,2,19,4,13,0,1,0,0,0,0,4,1,6,3,-1,-1,-1,-1,-1,-1,-1
201401LX50767,1,9,0,18,0,1,0,0,0,0,1,1,6,1,46,8,1968,2,5,-1,1
201401LX50767,2,5,0,18,0,1,0,0,0,0,2,1,6,1,29,6,998,1,4,2,1
201401LX50769,1,9,0,5,0,1,0,0,0,0,2,1,6,1,43,7,-1,-1,-1,6,1
201401LX50769,2,9,0,5,0,1,0,0,0,0,1,1,6,1,-1,-1,-1,-1,-1,-1,-1
201401LX50770,1,11,0,5,0,1,0,0,0,0,0,1,1,1,45,7,6700,2,4,-1,-1
201401LX50771,1,3,0,18,0,8,0,0,0,0,1,1,6,1,24,5,125,1,4,3,1
201401LX50771,2,1,0,7,0,8,0,0,0,0,3,1,6,1,39,7,-1,-1,-1,2,1
201401LX50772,1,11,0,18,0,8,0,0,0,0,3,1,1,2,30,6,6692,2,4,5,1
201401LX50772,2,9,0,7,0,8,0,0,0,0,4,1,6,1,-1,-1,-1,-1,-1,-1,-1
201401LX50773,1,9,0,7,0,8,0,0,0,0,4,1,6,2,29,6,1910,2,8,2,1
201401LX50773,2,2,0,18,0,8,0,0,0,0,1,1,1,1,26,6,-1,-1,-1,2,1
201401LX50775,1,9,0,7,0,8,0,0,0,0,4,1,6,2,47,8,1988,1,10,3,1
201401LX50775,2,1,0,18,0,8,0,0,0,0,1,1,6,1,-1,-1,-1,-1,-1,-1,-1
201401LX50776,1,9,0,18,0,8,0,0,0,0,1,1,1,1,34,6,-1,-1,-1,-1,-1
201401LX50776,2,9,0,7,0,8,0,0,0,0,3,1,6,1,53,8,1796,1,11,7,1
201401LX50777,1,1,0,18,0,2,0,0,0,0,1,1,6,1,31,6,-1,-1,-1,6,1
201401LX50778,1,4,0,18,0,2,0,0,0,0,1,1,6,1,-1,-1,929,1,13,6,1
201401LX50778,2,8,0,3,0,2,0,0,0,0,2,1,6,1,42,7,2460,2,5,1,1
201401LX50780,1,8,0,18,0,1,0,0,0,0,1,1,1,1,25,5,1995,2,5,4,1
201401LX50780,2,8,0,6,0,2,0,0,0,0,3,1,1,1,52,8,-1,-1,-1,3,1
201401LX50781,1,9,0,3,0,1,0,0,0,0,2,1,6,1,40,7,2967,2,5,4,1
201401LX50781,2,9,0,4,0,1,0,0,0,0,1,1,6,1,-1,-1,1598,1,-1,-1,-1
201401LX50783,1,9,0,2,0,1,0,0,0,0,4,1,6,3,-1,-1,-1,-1,-1,-1,-1
201401LX50783,2,1,0,15,0,1,0,8,0,0,1,1,6,1,24,5,-1,-1,-1,2,1
201401LX50784,1,90,0,18,0,1,0,0,0,0,3,1,1,1,44,7,5861,2,15,2,1
201401LX50784,2,9,0,11,0,1,5,0,0,0,4,1,6,1,22,5,1229,1,4,2,1
201401LX50784,3,8,0,18,0,2,0,0,0,0,1,1,1,1,54,8,-1,-1,-1,4,1
201401LX50785,1,19,0,18,0,0,0,0,0,0,1,1,1,1,23,5,-1,-1,-1,5,1
201401LX50786,1,11,0,4,0,1,0,0,0,0,1,1,1,1,21,5,3900,2,11,-1,-1
201401LX50786,2,9,0,3,0,1,0,0,0,0,2,1,6,2,28,6,1229,1,7,2,1
201401LX50787,1,11,0,4,0,1,0,0,0,0,0,1,1,1,52,8,7300,2,9,4,1
201401LX50788,1,1,0,18,0,1,0,0,0,0,1,1,6,2,29,6,-1,-1,-1,3,1
201401LX50788,2,9,0,5,0,1,0,0,0,0,2,1,6,3,-1,-1,1796,1,12,-1,-1
201401LX50789,1,2,0,18,0,1,0,0,0,0,1,1,6,1,29,6,124,1,10,2,1
201401LX50789,2,9,0,3,0,1,0,0,0,0,2,1,6,2,28,6,-1,-1,-1,1,1
201401LX50791,1,9,0,18,0,1,0,0,0,0,1,1,6,2,40,7,1598,1,7,3,1
201401LX50792,1,8,0,13,0,1,0,0,0,0,1,1,6,3,-1,-1,-1,-1,-1,-1,-1
201401LX50792,2,1,0,18,0,1,0,0,0,0,2,1,6,2,27,6,-1,-1,-1,3,1
201401LX50793,1,9,0,3,0,1,0,0,0,0,2,1,6,1,29,6,999,1,3,2,1
201401LX50793,2,9,0,4,0,1,0,0,0,0,1,1,6,3,-1,-1,-1,-1,-1,-1,-1
201401LX50794,1,1,0,18,0,1,0,0,0,0,2,1,6,1,37,7,-1,-1,-1,4,1
201401LX50794,2,19,0,18,0,1,0,0,0,0,1,1,6,1,-1,-1,1753,2,7,4,1
201401LX50795,1,9,0,17,0,1,0,0,0,0,1,1,6,3,-1,-1,-1,-1,-1,-1,-1
201401LX50796,1,5,0,3,0,1,0,0,0,0,2,1,6,1,33,6,649,1,5,10,1
201401LX50796,2,9,0,4,0,1,0,0,0,0,1,1,6,2,-1,-1,-1,-1,-1,-1,-1
201401LX50797,1,9,0,18,0,2,0,0,0,0,3,1,1,1,43,7,2231,2,2,2,1
201401LX50797,2,20,4,11,0,2,0,0,0,0,4,1,1,1,55,8,12740,2,3,8,1
201401LX50798,1,9,0,13,0,1,0,0,0,0,1,1,6,3,-1,-1,-1,-1,-1,-1,-1
201401LX50798,2,1,0,18,0,1,0,0,0,0,2,1,6,1,15,3,-1,-1,-1,4,1
201401LX50799,1,1,0,18,0,8,0,0,0,0,1,1,6,1,-1,-1,-1,-1,-1,4,1
201401LX50799,2,9,0,9,0,8,0,0,0,0,4,1,6,2,-1,-1,-1,-1,-1,-1,-1
201401LX50800,1,9,0,18,0,8,0,0,0,0,1,1,6,2,49,8,-1,-1,-1,9,1
201401LX50800,2,9,0,7,0,8,0,0,0,0,3,1,6,1,49,8,1986,2,9,1,1
201401LX50801,1,90,0,7,0,8,0,0,0,0,4,1,1,1,-1,-1,-1,-1,-1,-1,-1
201401LX50801,2,1,0,18,0,8,0,0,0,0,1,1,6,1,27,6,-1,-1,-1,-1,-1
201401LX50802,1,3,0,18,0,1,0,0,0,0,1,1,6,1,26,6,998,1,5,-1,-1
201401LX50802,2,9,0,3,0,1,0,0,0,0,2,1,6,1,60,9,-1,-1,-1,5,1
201401LX50803,1,9,0,2,0,0,0,0,0,0,2,1,6,1,33,6,1797,8,4,5,1
201401LX50803,2,1,0,18,0,0,0,4,0,0,1,1,6,1,24,5,-1,-1,-1,8,1
201401LX50804,1,3,0,18,0,2,0,0,0,0,1,1,1,1,28,6,125,1,4,4,1
201401LX50805,1,1,0,14,0,2,0,8,0,0,1,1,6,1,37,7,-1,-1,-1,2,1
201401LX50805,2,20,0,2,0,2,0,0,0,0,3,1,6,3,-1,-1,-1,-1,-1,-1,-1
201401LX50807,1,9,0,9,0,8,0,0,0,0,3,1,6,2,26,6,1229,1,-1,3,1
201401LX50807,2,5,0,18,0,8,0,0,0,0,1,1,1,2,42,7,499,1,8,5,1
201401LX50808,1,9,0,7,0,8,0,0,0,0,3,1,6,1,25,5,-1,-1,-1,-1,-1
201401LX50808,2,1,0,18,0,8,0,0,0,0,1,1,6,2,40,7,-1,-1,-1,1,1
201401LX50809,1,5,0,18,0,8,0,0,0,0,1,1,6,1,45,7,599,1,6,9,1
201401LX50809,2,9,0,9,0,8,0,0,0,0,4,1,6,2,34,6,1595,1,5,-1,1
201401LX50810,1,8,0,9,0,8,0,0,0,0,4,1,1,1,37,7,1798,8,-1,2,1
201401LX50810,2,1,0,18,0,8,0,0,0,0,1,1,6,1,30,6,-1,-1,-1,5,1
201401LX50812,1,9,0,18,0,8,0,0,0,0,1,1,1,2,36,7,1199,2,2,3,1
201401LX50812,2,3,0,7,0,8,0,0,0,0,3,1,6,1,42,7,-1,-1,-1,2,1
201401LX50813,1,9,0,18,0,1,0,0,0,0,1,1,6,3,-1,-1,-1,-1,-1,-1,-1
201401LX50814,1,9,0,4,0,1,0,0,0,0,1,1,1,1,31,6,1798,8,1,2,1
201401LX50814,2,9,0,3,0,1,0,0,0,0,2,1,6,1,-1,-1,1984,1,3,-1,-1
201401LX50815,1,9,0,18,0,1,0,0,0,0,1,1,1,1,-1,-1,1686,2,2,-1,-1
201401LX50816,1,9,0,18,0,8,0,0,0,0,1,1,6,1,34,6,1896,2,13,-1,-1
201401LX50816,2,19,0,18,0,8,0,0,0,0,3,1,1,1,44,7,1995,2,1,3,1
201401LX50818,1,9,0,2,0,1,0,0,0,0,3,1,6,2,30,6,1364,1,9,4,1
201401LX50818,2,9,0,14,0,1,0,4,0,0,4,1,6,1,65,9,-1,-1,-1,-1,-1
201401LX50819,1,9,0,2,0,1,0,0,0,0,2,1,6,1,-1,-1,1910,2,6,3,1
201401LX50819,2,1,0,18,0,1,0,4,0,0,1,1,6,1,25,5,-1,-1,-1,5,1
201401LX50820,1,1,0,18,0,1,0,0,0,0,3,1,6,1,54,8,-1,-1,-1,4,1
201401LX50820,2,9,0,11,0,1,0,0,0,0,4,1,6,1,-1,-1,1796,1,14,6,1
201401LX50821,1,9,0,3,0,1,0,0,0,0,2,1,6,2,27,6,998,1,3,-1,-1
201401LX50821,2,9,0,4,0,1,0,0,0,0,1,1,6,3,-1,-1,-1,-1,-1,-1,-1
201401LX50822,1,9,0,18,0,1,0,0,0,0,3,1,6,2,23,5,1240,1,11,8,1
201401LX50822,2,19,0,11,0,1,0,0,0,0,4,1,6,1,-1,-1,2464,2,6,8,1
201401LX50823,1,8,0,18,0,1,0,0,0,0,1,1,6,1,19,4,1396,1,-1,4,1
201401LX50823,2,19,0,18,0,2,0,0,0,0,1,1,1,1,23,5,6370,2,8,-1,1
201401LX50824,1,9,0,18,0,2,0,0,0,0,1,1,6,3,-1,-1,-1,-1,-1,-1,-1
201401LX50826,1,9,0,18,0,1,0,0,0,0,2,1,6,2,29,6,1596,1,10,2,1
201401LX50826,2,9,0,18,0,1,0,0,0,0,1,1,6,1,-1,-1,1896,2,7,-1,-1
201401LX50827,1,9,0,18,0,1,0,0,0,0,1,1,6,1,50,8,998,1,2,3,1
201401LX50828,1,3,0,8,0,8,0,0,0,0,3,1,6,1,35,6,125,1,1,2,1
201401LX50828,2,9,0,18,0,8,0,0,0,0,1,1,6,1,30,6,1796,1,11,-1,-1
201401LX50830,1,8,0,18,0,1,0,0,0,0,1,1,1,1,25,5,1798,8,1,1,1
201401LX50831,1,8,0,18,0,8,0,0,0,0,1,1,1,1,47,8,2664,2,15,-1,-1
201401LX50831,2,1,0,18,0,8,0,0,0,0,3,1,6,1,40,7,-1,-1,-1,1,1
201401LX50832,1,11,0,4,0,8,0,0,0,0,0,1,1,1,-1,-1,-1,-1,-1,2,1
201401LX50833,1,9,0,9,0,8,0,0,0,0,3,1,6,2,25,5,1598,1,7,1,1
201401LX50833,2,1,0,18,0,8,0,0,0,0,1,1,6,1,16,4,-1,-1,-1,2,1
201401LX50834,1,9,0,18,0,8,0,0,0,0,3,1,6,2,28,6,-1,-1,-1,5,1
201401LX50834,2,1,0,18,0,8,0,0,0,0,1,1,6,1,31,6,-1,-1,-1,-1,-1
201401LX50835,1,1,0,18,0,1,0,4,0,0,1,1,6,1,-1,-1,-1,-1,-1,1,1
201401LX50835,2,9,0,2,0,1,0,0,0,0,2,1,6,1,39,7,-1,-1,-1,2,1
201401LX50836,1,11,0,4,0,1,0,0,0,0,0,1,1,1,36,7,4500,2,4,-1,1
201401LX50837,1,19,0,14,0,8,0,0,0,0,1,1,1,1,37,7,2151,2,10,5,1
201401LX50837,2,9,0,9,0,8,0,0,0,0,3,1,6,2,19,4,1229,1,6,5,1
201401LX50838,1,9,0,13,0,1,0,0,0,0,4,1,6,1,42,7,-1,-1,-1,8,2
201401LX50838,2,1,0,18,0,1,0,0,0,0,3,1,6,1,25,5,-1,-1,-1,1,1
201401LX50839,1,9,0,7,0,8,0,0,0,0,4,1,6,1,35,6,1598,2,4,3,1
201401LX50839,2,1,0,18,0,8,0,0,0,0,1,1,6,1,34,6,-1,-1,-1,4,1
201401LX50840,1,9,0,9,0,8,0,0,0,0,4,1,6,1,39,7,1598,1,8,2,1
201401LX50840,2,3,0,18,0,8,0,0,0,0,1,1,6,1,26,6,108,1,6,1,1
201401LX50841,1,9,0,7,0,8,0,0,0,0,4,1,1,1,40,7,1596,1,12,6,1
201401LX50841,2,1,0,18,0,8,0,0,0,0,1,1,6,1,49,8,-1,-1,-1,3,1
201401LX50842,1,1,0,18,0,8,0,0,0,0,1,1,6,1,29,6,-1,-1,-1,2,1
201401LX50842,2,9,0,9,0,8,0,0,0,0,4,1,6,3,-1,-1,-1,-1,-1,-1,-1
201401LX50843,1,9,0,18,0,1,0,10,1,2,1,1,6,1,24,5,1360,1,8,3,1
201401LX50843,2,9,0,3,0,1,0,0,0,0,2,1,6,1,50,8,2967,1,12,3,1
201401LX50844,1,9,0,11,0,1,0,0,0,0,0,1,6,1,79,11,1781,1,15,-1,-1
201401LX50844,2,1,0,18,0,1,0,0,0,0,0,1,6,1,25,5,-1,-1,-1,2,1
201401LX50845,1,1,0,18,0,8,0,0,0,0,1,1,6,1,44,7,-1,-1,-1,-1,-1
201401LX50845,2,9,0,7,0,8,0,0,0,0,3,1,6,3,-1,-1,-1,-1,-1,-1,-1
201401LX50846,1,19,0,7,0,8,0,0,0,0,4,1,1,1,48,8,2998,2,6,2,1
201401LX50846,2,1,0,18,0,8,0,0,0,0,1,1,6,1,26,6,-1,-1,-1,6,1
201401LX50847,1,11,0,2,0,2,0,0,0,0,0,1,1,3,-1,-1,-1,-1,-1,-1,-1
201401LX50849,1,9,0,7,0,8,0,0,0,0,3,1,6,1,52,8,3301,1,13,2,1
201401LX50849,2,1,0,18,0,8,0,0,0,0,1,1,6,1,41,7,-1,-1,-1,-1,-1
201401LX50850,1,19,0,5,0,2,0,0,0,0,1,1,6,1,36,7,-1,-1,-1,-1,1
201401LX50851,1,3,0,18,0,1,0,0,0,0,1,1,1,1,24,5,125,1,1,2,1
201401LX50851,2,9,0,14,0,2,0,0,0,0,1,1,6,3,-1,-1,1124,1,15,-1,-1