Accident_Index,Vehicle_Reference,Vehicle_Type,Towing_and_Articulation,Vehicle_Manoeuvre,Vehicle_Location-Restricted_Lane,Junction_Location,Skidding_and_Overturning,Hit_Object_in_Carriageway,Vehicle_Leaving_Carriageway,Hit_Object_off_Carriageway,1st_Point_of_Impact,Was_Vehicle_Left_Hand_Drive?,Journey_Purpose_of_Driver,Sex_of_Driver,Age_of_Driver,Age_Band_of_Driver,Engine_Capacity_(CC),Propulsion_Code,Age_of_Vehicle,Driver_IMD_Decile,Driver_Home_Area_Type
201401LX51033,1,1,0,18,0,8,0,0,0,0,1,1,6,2,46,8,-1,-1,-1,-1,-1
201401LX51033,2,9,0,7,0,8,0,0,0,0,4,1,6,3,-1,-1,1598,1,1,-1,-1
201401LX51035,1,1,0,18,0,1,0,0,0,0,1,1,6,1,54,8,-1,-1,-1,3,1
201401LX51035,2,1,0,18,0,1,0,0,0,0,2,1,6,1,-1,-1,-1,-1,-1,-1,-1
201401LX51036,1,3,0,18,0,0,0,10,1,2,3,1,6,1,26,6,-1,-1,-1,-1,-1
201401LX51036,2,9,0,11,0,0,0,0,0,0,4,1,6,1,45,7,-1,-1,-1,-1,-1
201401LX51037,1,11,0,5,0,1,0,0,0,0,0,1,1,1,56,9,6700,2,4,2,1
201401LX51038,1,8,0,18,0,0,0,0,0,0,1,1,6,1,62,9,1997,2,3,5,1
201401LX51039,1,19,0,9,0,8,0,0,0,0,2,1,6,1,43,7,4249,2,6,2,1
201401LX51039,2,9,0,13,0,8,0,0,0,0,1,1,6,1,-1,-1,1796,1,5,-1,-1
201401LX51040,1,19,0,18,0,8,0,0,0,0,4,1,6,1,37,7,2148,2,10,4,1
201401LX51040,2,9,0,7,0,8,0,0,0,0,1,1,6,1,-1,-1,-1,-1,-1,-1,-1
201401LX51041,1,9,0,18,0,8,0,0,0,0,1,1,6,1,61,9,1796,1,11,4,1
201401LX51041,2,3,0,18,0,8,0,0,0,0,4,1,6,2,29,6,124,1,9,6,1
201401LX51042,1,9,0,18,0,8,0,0,0,0,1,1,6,2,56,9,1199,1,10,4,1
201401LX51042,2,9,0,9,0,8,0,0,0,0,4,1,6,1,23,5,1198,1,8,3,1
201401LX51044,1,1,0,4,0,0,0,0,0,0,1,1,6,1,23,5,-1,-1,-1,9,1
201401LX51044,2,19,0,4,0,0,0,0,0,0,2,1,6,1,45,7,2299,2,-1,2,1
201401LX51045,1,9,0,7,0,8,0,0,0,0,4,1,6,1,26,6,1598,1,7,3,1
201401LX51045,2,3,0,15,0,8,0,0,0,0,1,1,6,1,-1,-1,-1,-1,-1,4,1
201401LX51046,1,9,0,9,0,8,0,0,0,0,1,1,6,2,26,6,1198,1,4,4,1
201401LX51046,2,8,0,14,0,8,0,0,0,0,1,1,6,1,35,6,1497,8,6,5,1
201401LX51047,1,1,0,4,0,2,0,0,0,0,1,1,6,1,44,7,-1,-1,-1,8,1
201401LX51047,2,9,0,4,0,2,0,0,0,0,2,1,6,3,-1,-1,-1,-1,-1,-1,-1
201401LX51048,1,9,0,18,0,8,0,0,0,0,4,1,6,1,22,5,1997,1,10,1,1
201401LX51048,2,9,0,18,0,8,0,0,0,0,1,1,6,2,26,6,1598,1,3,2,1
201401LX51050,1,8,0,6,0,0,0,0,0,0,3,1,6,1,45,7,-1,-1,-1,-1,-1
201401LX51050,2,5,0,18,0,0,0,0,0,0,1,1,6,1,55,8,-1,-1,-1,-1,-1
201401LX51051,1,9,0,18,0,8,0,0,0,0,1,1,6,2,22,5,1360,1,12,4,1
201401LX51051,2,1,0,9,0,8,0,0,0,0,3,1,6,1,17,4,-1,-1,-1,2,1
201401LX51052,1,5,0,16,0,0,0,4,0,0,1,1,6,1,37,7,599,1,13,6,1
201401LX51052,2,9,0,2,0,0,0,0,0,0,4,1,6,3,-1,-1,1598,1,12,-1,-1
201401LX51053,1,11,0,18,0,1,0,0,0,0,1,1,1,1,39,7,9200,2,11,1,1
201401LX51054,1,5,0,18,0,0,0,0,0,0,1,1,6,1,24,5,803,1,1,-1,-1
201401LX51054,2,8,0,6,0,0,0,0,0,0,3,1,1,1,66,10,-1,-1,-1,-1,-1
201401LX51055,1,11,0,4,0,1,0,0,0,0,0,1,1,1,41,7,8300,2,8,2,1
201401LX51056,1,9,0,3,0,0,0,0,0,0,2,1,6,2,38,7,-1,-1,-1,2,1
201401LX51056,2,21,0,18,0,0,0,0,0,0,1,1,6,1,-1,-1,-1,-1,-1,-1,-1
201401LX51057,1,8,0,9,0,8,0,7,0,0,1,1,1,1,46,8,-1,-1,-1,3,1
201401LX51058,1,9,0,18,0,0,0,0,0,0,3,1,6,3,-1,-1,-1,-1,-1,-1,-1
201401LX51058,2,3,0,18,0,0,0,10,7,10,4,1,6,1,38,7,124,1,8,8,1
201401LX51059,1,11,0,18,0,0,0,0,0,0,1,1,6,1,29,6,-1,-1,-1,7,1
201401LX51060,1,9,0,18,0,1,0,0,0,0,1,1,6,1,-1,-1,-1,-1,-1,3,1
201401LX51061,1,9,0,9,0,8,0,0,0,0,3,1,6,2,57,9,1598,1,9,1,1
201401LX51061,2,3,0,13,0,8,0,0,0,0,4,1,6,2,20,4,124,1,3,8,3
201401LX51062,1,9,0,3,0,1,0,0,0,0,2,1,6,1,44,7,1560,2,3,4,1
201401LX51062,2,9,0,18,0,1,0,0,0,0,1,1,6,1,36,7,1781,1,12,3,1
201401LX51063,1,9,0,6,0,1,0,0,0,0,3,1,6,1,18,4,1198,1,4,1,1
201401LX51063,2,5,0,18,0,1,0,0,0,0,1,1,6,1,23,5,599,1,6,2,1
201401LX51064,1,19,0,7,0,8,0,0,0,0,4,1,6,1,52,8,1360,1,8,8,1
201401LX51064,2,3,0,18,0,8,0,0,0,0,3,1,6,1,42,7,125,1,-1,3,1
201401LX51065,1,3,0,14,0,8,0,0,0,0,4,1,6,1,38,7,125,1,-1,4,1
201401LX51065,2,9,0,9,0,8,0,0,0,0,1,1,6,1,30,6,1998,1,12,3,1
201401LX51069,1,3,0,4,0,1,0,0,0,0,0,1,6,1,41,7,124,1,5,3,1
201401LX51070,1,9,0,10,0,1,0,0,0,0,2,1,6,1,43,7,-1,-1,-1,1,1
201401LX51070,2,9,0,7,0,1,0,0,0,0,1,1,6,1,-1,-1,1998,1,9,-1,-1
201401LX51073,1,11,0,18,0,2,0,0,0,0,2,1,1,1,-1,-1,3900,2,10,-1,-1
201401LX51073,2,8,0,18,0,2,0,0,0,0,1,1,1,1,-1,-1,1896,2,6,-1,-1
201401LX51074,1,19,0,18,0,8,0,0,0,0,4,1,6,1,43,7,1997,2,9,2,1
201401LX51074,2,2,0,18,0,8,0,0,0,0,1,1,6,1,25,5,108,1,1,-1,1
201401LX51075,1,11,0,4,0,0,0,0,0,0,0,1,1,1,64,9,-1,-1,-1,-1,-1
201401LX51076,1,9,0,9,0,8,0,0,0,0,4,1,6,2,31,6,1679,1,13,10,1
201401LX51076,2,1,0,18,0,8,0,0,0,0,1,1,6,1,29,6,-1,-1,-1,2,1
201401LX51077,1,9,0,7,0,8,0,10,3,2,1,1,6,1,84,11,1998,1,17,7,1
201401LX51078,1,1,0,16,0,1,0,0,0,0,0,1,6,1,30,6,-1,-1,-1,2,1
201401LX51078,2,8,0,16,0,1,0,0,0,0,0,1,6,3,-1,-1,-1,-1,-1,-1,-1
201401LX51079,1,1,0,18,0,2,0,0,0,0,3,1,6,2,39,7,-1,-1,-1,3,1
201401LX51079,2,9,0,18,0,2,0,0,0,0,4,1,6,2,-1,-1,-1,-1,-1,-1,-1
201401LX51080,1,11,0,4,0,0,0,0,0,0,0,1,6,1,37,7,-1,2,-1,-1,-1
201401LX51082,1,5,0,18,0,0,0,0,0,0,1,1,6,3,-1,-1,108,1,2,-1,-1
201401LX51084,1,1,0,18,0,1,0,0,0,0,2,1,6,2,61,9,-1,-1,-1,-1,-1
201401LX51084,2,9,0,13,0,1,0,0,0,0,1,1,6,3,-1,-1,-1,-1,-1,-1,-1
201401LX51086,1,8,0,18,0,2,0,0,0,0,4,1,6,1,-1,-1,1997,2,-1,-1,-1
201401LX51087,1,9,0,9,0,8,0,0,0,0,1,1,6,2,37,7,1686,2,4,2,1
201401LX51087,2,9,0,17,0,5,0,0,0,0,4,1,6,1,-1,-1,1995,2,7,-1,-1
201401LX51088,1,9,0,18,0,1,0,0,0,0,1,1,1,1,32,6,1686,2,7,1,1
201401LX51089,1,9,0,6,0,1,0,0,0,0,3,1,6,2,28,6,1595,1,5,3,1
201401LX51089,2,1,0,18,0,2,0,0,0,0,1,1,6,1,33,6,-1,-1,-1,6,1
201401LX51090,1,3,0,18,0,1,0,0,0,0,1,1,6,1,25,5,-1,-1,-1,3,1
201401LX51091,1,8,0,6,0,1,0,0,0,0,3,1,1,1,51,8,1968,2,1,7,1
201401LX51091,2,4,0,18,0,1,0,0,0,0,1,1,6,1,43,7,249,1,4,3,1
201401LX51092,1,9,0,18,0,8,0,0,0,0,1,1,6,1,72,10,1796,1,10,7,1
201401LX51092,2,1,0,18,0,8,0,0,0,0,3,1,6,2,19,4,-1,-1,-1,-1,-1
201401LX51094,1,3,0,18,0,1,0,0,0,0,1,1,6,1,19,4,-1,-1,-1,3,1
201401LX51095,1,9,0,4,0,1,0,0,0,0,2,1,6,2,56,9,1598,1,10,4,1
201401LX51095,2,9,0,4,0,1,0,0,0,0,1,1,6,1,56,9,3246,1,9,8,1
201401LX51096,1,3,0,18,0,1,0,0,0,0,1,1,1,1,32,6,125,1,6,-1,-1
201401LX51097,1,9,0,13,0,1,0,0,0,0,1,1,6,3,-1,-1,-1,-1,-1,-1,-1
201401LX51097,2,1,0,18,0,1,0,0,0,0,2,1,6,1,58,9,-1,-1,-1,3,1
201401LX51100,1,19,0,4,0,0,0,0,0,0,2,1,1,1,58,9,-1,-1,-1,3,1
201401LX51100,2,4,0,18,0,0,0,0,0,0,1,1,6,1,57,9,-1,-1,-1,2,1
201401LX51102,1,9,0,3,0,1,0,0,0,0,4,1,6,1,27,6,2143,2,1,8,1
201401LX51102,2,1,0,15,0,8,0,0,0,0,1,1,6,1,40,7,-1,-1,-1,6,1
201401LX51103,1,9,0,6,0,2,0,0,0,0,3,1,6,2,31,6,1596,1,7,1,1
201401LX51103,2,3,0,18,0,1,0,0,0,0,1,1,6,1,32,6,124,1,-1,4,1
201401LX51104,1,9,0,7,0,8,0,0,0,0,2,1,6,3,-1,-1,-1,-1,-1,-1,-1
201401LX51104,2,1,0,18,0,8,0,0,0,0,1,1,6,2,30,6,-1,-1,-1,4,1
201401LX51105,1,9,0,4,0,0,0,0,0,0,2,1,6,1,57,9,1991,2,4,4,1
201401LX51105,2,9,0,18,0,0,0,0,0,0,1,1,6,1,-1,-1,-1,-1,-1,-1,-1
201401LX51106,1,11,0,2,0,1,0,0,0,0,4,1,1,2,44,7,6700,2,5,2,1
201401LX51107,1,1,0,18,0,8,0,0,0,0,3,1,6,1,26,6,-1,-1,-1,3,1
201401LX51107,2,9,0,16,0,8,0,0,0,0,4,1,6,2,-1,-1,-1,-1,-1,-1,-1
201401LX51108,1,9,0,6,0,1,0,0,0,0,3,1,6,1,30,6,1586,1,-1,2,1
201401LX51108,2,5,0,13,0,1,0,0,0,0,1,1,6,1,25,5,-1,-1,-1,3,1
201401LX51111,1,9,0,18,0,0,0,0,0,0,1,1,1,2,67,10,2143,2,4,4,1
201401LX51112,1,9,0,13,0,2,0,0,0,0,4,1,1,2,36,7,1328,1,11,2,1
201401LX51112,2,1,0,18,0,1,0,0,0,0,3,1,6,1,19,4,-1,-1,-1,6,1
201401LX51113,1,11,0,18,0,8,0,0,0,0,0,1,1,2,43,7,-1,-1,-1,3,1
201401LX51114,1,9,0,7,0,8,0,0,0,0,4,1,6,3,-1,-1,-1,-1,-1,-1,-1
201401LX51114,2,1,0,18,0,8,0,0,0,0,1,1,6,1,48,8,-1,-1,-1,2,1
201401LX51115,1,9,0,9,0,8,0,0,0,0,4,1,6,1,41,7,1995,2,2,-1,-1
201401LX51115,2,4,0,18,0,8,0,0,0,0,1,1,1,1,23,5,125,1,10,6,1
201401LX51116,1,9,0,15,0,8,0,0,0,0,1,1,6,2,23,5,1397,1,14,3,1
201401LX51116,2,11,0,18,0,8,0,0,0,0,2,1,1,3,-1,-1,9200,2,9,-1,-1
201401LX51118,1,3,0,18,0,8,0,0,0,0,1,1,1,1,16,4,125,1,9,4,1
201401LX51118,2,9,0,7,0,8,0,0,0,0,3,1,6,1,24,5,-1,-1,-1,-1,-1
201401LX51120,1,3,0,18,0,2,0,0,0,0,4,1,1,1,22,5,108,1,-1,3,1
201401LX51120,2,9,0,12,0,2,0,0,0,0,3,1,6,3,-1,-1,-1,-1,-1,-1,-1
201401LX51121,1,1,0,9,0,8,0,0,0,0,2,1,6,1,48,8,-1,-1,-1,4,1
201401LX51121,2,19,0,18,0,8,0,0,0,0,1,1,6,3,-1,-1,-1,-1,-1,-1,-1
201401LX51122,1,9,0,11,0,1,0,0,0,0,4,1,6,1,46,8,-1,-1,-1,2,1
201401LX51122,2,3,0,18,0,1,0,0,0,0,3,1,6,1,55,8,124,1,5,1,1
201401LX51123,1,9,0,18,0,8,0,0,0,0,4,1,6,1,31,6,1956,2,1,-1,-1
201401LX51123,2,3,0,7,0,8,0,0,0,0,1,1,6,1,24,5,124,1,1,-1,-1
201401LX51124,1,8,0,18,0,8,0,0,0,0,1,1,1,1,31,6,1797,8,3,1,1
201401LX51124,2,9,0,18,0,8,0,0,0,0,4,1,6,2,47,8,1595,1,14,5,1
201401LX51125,1,9,0,18,4,1,0,0,0,0,4,1,6,3,-1,-1,-1,-1,-1,-1,-1
201401LX51125,2,1,0,11,0,1,0,0,0,0,3,1,6,1,26,6,-1,-1,-1,4,1
201401LX51126,1,9,0,7,0,8,0,0,0,0,4,1,6,1,22,5,1368,1,5,7,1
201401LX51126,2,1,0,18,0,8,0,0,0,0,1,1,6,2,24,5,-1,-1,-1,-1,-1
201401LX51127,1,9,0,18,0,8,0,0,0,0,4,1,6,2,24,5,1582,2,-1,4,1
201401LX51127,2,9,0,7,0,8,0,0,0,0,1,1,6,1,53,8,1975,1,16,3,1
201401LX51128,1,9,0,2,0,1,0,0,0,0,2,1,1,3,-1,-1,-1,-1,-1,-1,-1
201401LX51128,2,1,0,18,0,1,0,4,0,0,1,1,6,1,49,8,-1,-1,-1,-1,-1
201401LX51131,1,9,0,4,0,1,0,0,0,0,1,1,6,2,31,6,1596,1,7,3,1
201401LX51131,2,9,0,3,0,1,0,0,0,0,2,1,6,2,33,6,1584,1,12,2,1
201401LX51132,1,1,0,18,0,1,0,0,0,0,1,1,6,1,47,8,-1,-1,-1,3,1
201401LX51132,2,9,0,11,0,1,0,0,0,0,4,1,6,1,37,7,999,1,5,6,1
201401LX51133,1,9,0,9,0,8,0,0,0,0,4,1,1,1,38,7,2231,2,6,2,1
201401LX51133,2,9,0,18,0,8,0,0,0,0,1,1,6,1,41,7,-1,-1,-1,4,1
201401LX51134,1,3,0,18,0,1,1,0,0,0,0,1,6,1,36,7,-1,-1,-1,-1,-1
201401LX51135,1,9,0,9,0,8,0,0,0,0,4,1,6,1,47,8,1598,1,12,6,1
201401LX51135,2,1,0,18,0,8,0,0,0,0,1,1,6,1,26,6,-1,-1,-1,2,1
201401LX51136,1,9,0,18,0,1,0,0,0,0,1,1,1,1,27,6,1598,1,7,5,1
201401LX51137,1,1,0,18,0,1,0,0,0,0,1,1,6,1,47,8,-1,-1,-1,2,1
201401LX51138,1,19,0,18,0,1,0,0,0,0,1,1,6,3,-1,-1,-1,-1,-1,-1,-1
201401LX51139,1,1,0,13,0,2,0,8,0,0,1,1,6,1,49,8,-1,-1,-1,4,1
201401LX51139,2,8,0,2,0,2,0,0,0,0,3,1,6,3,-1,-1,2664,2,12,-1,-1
201401LX51140,1,9,0,6,0,8,0,0,0,0,3,1,6,1,35,6,1461,2,4,2,1
201401LX51140,2,3,0,18,0,8,0,0,0,0,1,1,6,2,26,6,124,1,7,-1,-1
201401LX51141,1,9,0,18,0,1,0,0,0,0,1,1,1,2,-1,-1,-1,-1,-1,4,1
201401LX51142,1,1,0,18,0,8,0,0,0,0,3,1,6,1,29,6,-1,-1,-1,5,1
201401LX51142,2,9,0,11,0,8,0,0,0,0,4,1,6,3,-1,-1,-1,-1,-1,-1,-1
201401LX51143,1,9,0,4,0,1,0,0,0,0,1,1,6,1,41,7,1991,2,5,2,1
201401LX51143,2,9,0,3,0,1,0,0,0,0,2,1,6,1,28,6,1587,1,12,6,1
201401LX51144,1,1,0,18,0,1,0,0,0,0,1,1,6,1,30,6,-1,-1,-1,7,1
201401LX51145,1,19,0,18,0,1,0,0,0,0,4,1,1,1,45,7,-1,-1,-1,2,1
201401LX51145,2,9,0,18,0,1,0,0,0,0,3,1,6,2,44,7,998,1,9,3,1
201401LX51147,1,9,0,18,0,1,0,0,0,0,1,1,6,1,32,6,1995,2,4,-1,-1
201401LX51147,2,9,0,3,0,1,0,0,0,0,2,1,6,2,-1,-1,1968,2,-1,6,1
201401LX51147,3,9,0,3,0,1,0,0,0,0,2,1,6,2,-1,-1,1968,2,-1,-1,-1
201401LX51147,4,9,0,3,0,1,0,0,0,0,2,1,6,3,-1,-1,-1,-1,-1,-1,-1
201401LX51147,5,9,0,3,0,1,0,0,0,0,2,1,6,2,-1,-1,1731,7,16,6,1
201401LX51147,6,9,0,3,0,1,0,0,0,0,2,1,6,1,-1,-1,1800,1,15,5,1
201401LX51147,7,9,0,3,0,1,0,0,0,0,2,1,6,1,-1,-1,1990,1,28,5,1
201401LX51148,1,9,0,18,0,8,0,0,0,0,1,1,6,2,45,7,1796,1,14,5,1
201401LX51149,1,11,0,4,0,1,0,0,0,0,0,1,1,1,42,7,6692,2,4,3,1
201401LX51150,1,11,0,18,0,2,0,0,0,0,1,1,1,1,44,7,7300,2,11,2,1
201401LX51150,2,1,0,5,0,2,0,0,0,0,2,1,6,1,48,8,-1,-1,-1,2,1
201401LX51151,1,9,0,18,0,0,0,0,0,0,1,1,6,1,59,9,2993,2,8,6,1
201401LX51152,1,9,0,3,0,1,0,0,0,0,2,1,6,1,52,8,-1,-1,-1,4,1
201401LX51152,2,19,0,4,0,1,0,0,0,0,1,1,6,3,-1,-1,-1,-1,-1,-1,-1
201401LX51153,1,9,0,7,0,8,0,0,0,0,3,1,6,1,42,7,1896,2,13,2,1
201401LX51153,2,9,0,9,0,8,0,0,0,0,1,1,6,3,-1,-1,1240,1,5,-1,-1
201401LX51154,1,11,0,4,0,1,0,0,0,0,0,1,1,1,36,7,-1,-1,-1,1,1
201401LX51155,1,3,0,18,0,1,0,0,0,0,1,1,1,1,23,5,108,1,-1,4,1
201401LX51155,2,9,0,12,0,1,0,0,0,0,3,1,1,1,37,7,1797,8,4,2,1
201401LX51156,1,9,0,18,0,1,0,0,0,0,1,1,1,1,55,8,-1,-1,-1,9,1
201401LX51158,1,1,0,18,0,2,0,0,0,0,1,1,6,1,-1,-1,-1,-1,-1,3,1
201401LX51158,2,9,0,18,0,2,0,0,0,0,4,1,6,1,70,10,1397,1,13,3,1
201401LX51159,1,1,0,18,0,8,0,0,0,0,1,1,6,2,29,6,-1,-1,-1,4,1
201401LX51159,2,9,0,7,0,8,0,0,0,0,3,1,6,1,56,9,1598,2,4,2,1
201401LX51160,1,11,0,4,0,1,0,0,0,0,0,1,1,1,56,9,9200,2,9,5,1
201401LX51161,1,9,0,18,0,1,0,0,0,0,1,1,6,2,31,6,1596,1,7,3,1
201401LX51161,2,3,0,18,0,1,0,0,0,0,2,1,6,1,67,10,865,1,4,-1,-1
201401LX51162,1,9,0,9,0,8,0,0,0,0,4,1,6,1,29,6,2401,2,10,-1,-1
201401LX51162,2,5,0,18,0,8,0,0,0,0,1,1,1,1,30,6,498,1,18,5,1
201401LX51164,1,1,0,18,0,8,0,0,0,0,4,1,6,1,51,8,-1,-1,-1,6,1
201401LX51164,2,9,0,7,0,8,0,0,0,0,1,1,6,3,-1,-1,-1,-1,-1,-1,-1
201401LX51165,1,11,0,4,0,1,0,0,0,0,2,1,1,1,23,5,9200,2,10,4,1
201401LX51165,2,3,0,4,0,1,1,0,0,0,1,1,6,1,22,5,-1,-1,-1,-1,-1
201401LX51166,1,9,0,16,0,8,0,0,0,0,2,1,6,1,37,7,-1,-1,-1,5,1
201401LX51166,2,20,4,16,0,8,0,0,0,0,1,1,6,3,-1,-1,-1,-1,-1,-1,-1
201401LX51167,1,11,0,18,0,2,0,0,0,0,1,1,1,1,56,9,6692,2,5,-1,-1
201401LX51168,1,9,0,9,0,8,0,0,0,0,4,1,6,1,22,5,1198,1,10,-1,-1
201401LX51168,2,1,0,18,0,8,0,0,0,0,1,1,6,2,30,6,-1,-1,-1,3,1
201401LX51169,1,9,0,9,0,2,0,0,0,0,1,1,6,2,36,7,2401,2,8,3,1
201401LX51170,1,9,0,18,0,1,0,0,0,0,1,1,6,1,44,7,-1,-1,-1,5,1
201401LX51172,1,9,0,6,0,1,0,0,0,0,3,1,6,1,23,5,1905,2,16,2,1
201401LX51172,2,3,0,18,0,2,0,0,0,0,1,1,6,1,34,6,125,1,9,2,1
201401LX51173,1,9,0,4,0,1,0,0,0,0,2,1,1,1,64,9,1198,1,-1,10,1
201401LX51173,2,1,0,4,0,1,0,0,0,0,1,1,6,1,43,7,-1,-1,-1,3,1
201401LX51174,1,3,0,18,0,8,0,0,0,0,0,1,6,1,21,5,124,1,2,4,1
201401LX51175,1,3,0,18,0,8,0,0,0,0,1,1,6,1,34,6,102,1,9,3,1
201401LX51175,2,9,0,7,0,8,0,0,0,0,3,1,1,1,27,6,-1,-1,-1,-1,-1
201401LX51176,1,21,1,18,0,2,0,0,0,0,1,1,6,1,34,6,-1,-1,-1,-1,-1
201401LX51177,1,11,0,4,0,1,0,0,0,0,0,1,1,1,45,7,6700,2,5,2,1
201401LX51178,1,9,0,3,0,1,0,0,0,0,2,1,6,1,51,8,3628,2,7,4,1
201401LX51178,2,9,0,3,0,1,0,0,0,0,2,1,6,1,76,11,-1,-1,-1,-1,-1
201401LX51178,3,9,0,4,0,1,0,0,0,0,1,1,6,1,-1,-1,1598,1,8,4,1
201401LX51179,1,1,0,18,0,8,0,0,0,0,0,1,6,2,25,5,-1,-1,-1,3,1
201401LX51180,1,11,0,18,0,1,0,0,0,0,1,1,1,1,23,5,6700,2,5,2,1
201401LX51181,1,9,0,7,0,8,0,0,0,0,4,1,6,1,46,8,1386,1,6,2,1
201401LX51181,2,4,0,15,0,8,0,0,0,0,1,1,6,1,47,8,675,1,2,10,1
201401LX51182,1,2,0,5,0,1,0,0,0,0,0,1,6,2,30,6,49,1,3,3,1
201401LX51183,1,1,0,18,0,1,0,0,0,0,3,1,6,1,54,8,-1,-1,-1,9,1
201401LX51183,2,9,0,11,0,1,0,0,0,0,4,1,6,1,-1,-1,1368,1,7,2,1
201401LX51184,1,3,0,18,0,1,1,0,0,0,0,1,6,1,41,7,125,1,3,6,1
201401LX51185,1,9,0,3,0,1,0,0,0,0,2,1,6,1,35,6,1582,2,6,2,1
201401LX51185,2,9,0,4,0,1,0,0,0,0,1,1,6,3,-1,-1,1895,1,12,-1,-1
201401LX51186,1,9,0,2,0,2,0,0,0,0,3,1,6,1,29,6,1360,1,12,7,1
201401LX51186,2,11,0,14,0,2,0,0,0,0,1,1,1,3,-1,-1,-1,-1,-1,-1,-1
201401LX51187,1,1,0,18,0,2,0,0,0,0,3,1,6,1,41,7,-1,-1,-1,6,1
201401LX51187,2,19,0,11,0,2,0,0,0,0,4,1,6,3,-1,-1,2198,2,2,-1,-1
201401LX51188,1,1,0,18,0,8,0,0,0,0,1,1,6,1,32,6,-1,-1,-1,5,1
201401LX51188,2,2,0,7,0,8,0,0,0,0,3,1,6,3,-1,-1,-1,-1,-1,-1,-1
201401LX51189,1,9,0,2,0,1,0,0,0,0,3,1,6,1,40,7,1896,2,9,2,1
201401LX51189,2,3,0,14,0,1,0,8,0,0,1,1,6,1,58,9,85,1,14,-1,-1
201401LX51190,1,9,0,18,0,1,0,0,0,0,4,1,6,1,51,8,1995,2,12,5,1
201401LX51190,2,1,0,12,0,1,0,0,0,0,3,1,6,2,31,6,-1,-1,-1,3,1
201401LX51191,1,1,0,18,0,8,0,0,0,0,1,1,6,1,26,6,-1,-1,-1,3,1
201401LX51191,2,9,0,9,0,8,0,0,0,0,4,1,6,3,-1,-1,2499,2,10,-1,-1
201401LX51193,1,1,0,18,0,8,0,0,0,0,1,1,6,2,25,5,-1,-1,-1,3,1
201401LX51193,2,9,0,7,0,8,0,0,0,0,4,1,6,2,-1,-1,999,1,6,3,1
201401LX51194,1,9,0,9,0,8,0,0,0,0,4,1,6,1,32,6,-1,-1,-1,-1,-1
201401LX51194,2,3,0,18,0,8,0,0,0,0,1,1,6,1,38,7,125,1,1,5,1
201401LX51195,1,9,0,18,0,8,0,10,1,4,1,1,6,2,21,5,1398,1,-1,4,3
201401LX51196,1,19,0,9,0,8,0,0,0,0,3,1,1,1,43,7,1753,2,7,-1,-1
201401LX51196,2,9,0,18,0,8,0,0,0,0,1,1,6,1,57,9,2435,1,13,3,1
201401LX51197,1,19,0,18,0,0,0,0,0,0,0,1,6,1,-1,-1,-1,-1,-1,-1,-1
201401LX51198,1,19,0,2,0,2,0,0,0,0,3,1,6,1,55,8,2143,2,3,4,1
201401LX51198,2,1,0,14,0,2,0,8,0,0,1,1,6,2,38,7,-1,-1,-1,2,1
201401LX51199,1,9,0,18,0,0,0,0,0,0,1,1,6,1,35,6,1598,2,2,-1,1
201401LX51199,2,9,0,3,0,0,0,0,0,0,2,1,6,2,61,9,1390,1,1,-1,-1
201401LX51199,3,9,0,3,0,0,0,0,0,0,2,1,6,2,53,8,1298,1,11,-1,-1
201401LX51200,1,11,0,4,0,1,0,0,0,0,0,1,1,2,22,5,3900,2,11,4,1
201401LX51201,1,9,0,18,0,2,0,0,0,0,1,1,1,1,-1,-1,1896,2,10,6,1
201401LX51202,1,9,0,12,0,1,0,0,0,0,3,1,6,1,66,10,1349,1,1,9,1
201401LX51202,2,5,0,18,0,1,0,0,0,0,1,1,6,1,39,7,1170,1,1,3,1
201401LX51203,1,9,0,18,0,1,0,0,0,0,1,1,1,1,48,8,1998,2,8,3,1
201401LX51204,1,9,0,18,0,0,0,0,0,0,1,1,6,1,55,8,1995,1,19,3,1
201401LX51204,2,9,0,18,0,0,0,0,0,0,1,1,6,3,-1,-1,1390,1,2,-1,-1
201401LX51205,1,9,0,4,0,2,0,0,0,0,2,1,6,2,28,6,1198,1,6,2,1
201401LX51205,2,9,0,4,0,2,0,0,0,0,1,1,6,1,19,4,1399,1,10,7,1
201401LX51206,1,9,0,18,0,1,0,0,0,0,1,1,6,1,32,6,1796,1,12,2,1
201401LX51207,1,9,0,18,0,8,0,0,0,0,1,1,6,1,61,9,1598,2,5,3,1
201401LX51207,2,9,0,9,0,8,0,0,0,0,4,1,6,2,30,6,1197,1,-1,2,1
201401LX51209,1,9,0,12,0,1,0,0,0,0,2,1,6,1,30,6,1339,1,8,-1,1
201401LX51209,2,5,0,18,0,1,0,0,0,0,1,1,6,2,37,7,-1,-1,-1,8,1
201401LX51211,1,19,0,9,0,8,0,0,0,0,4,1,1,1,28,6,1995,2,1,-1,-1
201401LX51211,2,1,0,18,0,8,0,0,0,0,1,1,6,1,34,6,-1,-1,-1,4,1
201401LX51212,1,11,0,4,0,2,0,0,0,0,0,1,1,1,28,6,-1,-1,-1,2,1
201401LX51213,1,9,0,7,0,8,0,0,0,0,4,1,6,1,39,7,1587,1,16,2,1
201401LX51213,2,1,0,18,0,8,0,0,0,0,1,1,6,1,43,7,-1,-1,-1,-1,-1
201401LX51214,1,9,0,11,0,2,0,0,0,0,4,1,6,1,32,6,2378,7,10,-1,-1
201401LX51214,2,1,0,18,0,2,0,0,0,0,3,1,6,1,31,6,-1,-1,-1,4,1
201401LX51215,1,9,0,3,0,1,0,0,0,0,2,1,6,1,54,8,-1,-1,-1,-1,-1
201401LX51215,2,9,0,4,0,1,0,0,0,0,1,1,6,3,-1,-1,-1,-1,-1,-1,-1
201401LX51216,1,9,0,3,0,1,0,0,0,0,2,1,6,1,-1,-1,1590,1,15,1,1
201401LX51216,2,19,0,3,0,1,0,0,0,0,2,1,1,1,21,5,2402,2,3,4,1