Accident_Index,Vehicle_Reference,Vehicle_Type,Towing_and_Articulation,Vehicle_Manoeuvre,Vehicle_Location-Restricted_Lane,Junction_Location,Skidding_and_Overturning,Hit_Object_in_Carriageway,Vehicle_Leaving_Carriageway,Hit_Object_off_Carriageway,1st_Point_of_Impact,Was_Vehicle_Left_Hand_Drive?,Journey_Purpose_of_Driver,Sex_of_Driver,Age_of_Driver,Age_Band_of_Driver,Engine_Capacity_(CC),Propulsion_Code,Age_of_Vehicle,Driver_IMD_Decile,Driver_Home_Area_Type
201401LX51216,3,19,0,4,0,1,0,0,0,0,1,1,1,1,-1,-1,-1,-1,-1,-1,-1
201401LX51217,1,8,0,2,0,2,0,0,0,0,3,1,6,1,39,7,1910,2,6,2,1
201401LX51217,2,9,0,18,0,2,0,0,0,0,4,1,6,1,36,7,-1,-1,-1,8,1
201401LX51217,3,1,0,18,0,2,0,0,0,0,4,1,6,1,42,7,-1,-1,-1,9,1
201401LX51219,1,9,0,18,0,1,0,0,0,0,3,1,6,1,40,7,-1,-1,-1,2,1
201401LX51220,1,3,0,7,0,8,0,0,0,0,3,1,6,1,25,5,124,1,6,4,1
201401LX51220,2,9,0,7,0,8,0,0,0,0,4,1,6,1,57,9,1598,1,15,3,1
201401LX51221,1,5,0,18,0,8,0,0,0,0,1,1,6,1,44,7,600,1,16,3,1
201401LX51222,1,1,0,18,0,1,0,0,0,0,1,1,6,1,44,7,-1,-1,-1,-1,-1
201401LX51222,2,19,0,18,0,2,0,0,0,0,1,1,1,1,43,7,2148,2,8,9,1
201401LX51223,1,9,0,7,0,8,0,0,0,0,0,1,6,1,40,7,1587,1,9,1,1
201401LX51223,2,1,0,18,0,8,0,10,0,0,0,1,6,2,53,8,-1,-1,-1,5,1
201401LX51224,1,1,0,18,0,1,0,0,0,0,2,1,6,2,-1,-1,-1,-1,-1,-1,-1
201401LX51224,2,9,0,13,0,1,0,0,0,0,1,1,6,1,-1,-1,1197,1,1,-1,-1
201401LX51225,1,1,0,18,0,1,0,0,0,0,3,1,6,1,31,6,-1,-1,-1,5,1
201401LX51225,2,9,0,11,0,1,0,0,0,0,4,1,6,1,-1,-1,-1,-1,-1,2,1
201401LX51226,1,11,0,18,0,0,0,0,0,0,0,1,1,1,61,9,6700,2,4,3,1
201401LX51227,1,9,0,9,0,8,0,0,0,0,1,1,6,1,65,9,-1,-1,-1,3,1
201401LX51227,2,9,0,18,0,8,0,0,0,0,1,1,6,2,33,6,-1,-1,-1,2,1
201401LX51228,1,9,0,7,0,8,0,0,0,0,4,1,6,1,42,7,1389,1,17,3,1
201401LX51228,2,1,0,18,0,8,0,0,0,0,1,1,6,2,47,8,-1,-1,-1,-1,-1
201401LX51229,1,9,0,7,0,8,0,0,0,0,1,1,6,2,42,7,2143,2,4,7,1
201401LX51229,2,9,0,18,0,8,0,0,0,0,3,1,6,1,57,9,1796,1,14,-1,-1
201401LX51230,1,9,0,7,0,8,0,0,0,0,3,1,6,1,28,6,1149,1,9,3,1
201401LX51230,2,3,0,15,0,8,0,0,0,0,1,1,6,1,21,5,124,1,2,6,1
201401LX51231,1,1,0,18,0,8,0,0,0,0,2,1,6,2,36,7,-1,-1,-1,5,1
201401LX51231,2,9,0,18,0,8,0,0,0,0,1,1,6,1,-1,-1,-1,-1,-1,2,1
201401LX51232,1,9,0,1,0,0,0,0,0,0,2,1,6,1,32,6,1910,2,4,3,1
201401LX51233,1,9,0,18,0,8,0,0,0,0,4,1,6,1,24,5,1896,2,7,3,1
201401LX51233,2,9,0,9,0,8,0,0,0,0,1,1,6,2,53,8,1149,1,10,4,1
201401LX51234,1,3,0,4,0,1,0,0,0,0,1,1,6,1,46,8,-1,-1,-1,3,1
201401LX51234,2,3,0,3,0,1,0,0,0,0,2,1,6,1,24,5,-1,-1,-1,-1,-1
201401LX51235,1,9,0,18,0,8,0,0,0,0,1,1,6,1,48,8,1600,1,15,3,1
201401LX51235,2,9,0,7,0,8,0,0,0,0,3,1,6,3,-1,-1,1596,1,2,-1,-1
201401LX51237,1,90,0,18,0,8,0,0,0,0,3,1,1,1,-1,-1,-1,-1,-1,-1,-1
201401LX51237,2,9,0,18,0,8,0,0,0,0,1,1,6,1,48,8,1796,1,9,6,1
201401LX51239,1,3,0,4,0,1,0,0,0,0,0,1,6,1,21,5,108,1,-1,-1,1
201401LX51239,2,9,0,6,0,1,0,0,0,0,0,1,6,1,49,8,1984,1,6,-1,-1
201401LX51240,1,9,0,9,0,8,0,0,0,0,1,1,6,1,49,8,1995,2,10,3,1
201401LX51240,2,1,0,18,0,8,0,0,0,0,1,1,6,1,25,5,-1,-1,-1,3,1
201401LX51241,1,3,0,18,0,8,0,0,0,0,1,1,6,1,29,6,125,1,1,5,1
201401LX51241,2,9,0,9,0,8,0,0,0,0,4,1,6,2,23,5,-1,-1,-1,3,1
201401LX51242,1,1,0,18,0,8,0,0,0,0,1,1,6,1,48,8,-1,-1,-1,5,1
201401LX51242,2,1,0,18,0,8,0,0,0,0,2,1,6,1,63,9,-1,-1,-1,2,1
201401LX51243,1,9,0,18,0,8,0,0,0,0,1,1,6,1,24,5,1596,1,-1,-1,-1
201401LX51243,2,1,0,7,0,8,0,0,0,0,3,1,6,1,27,6,-1,-1,-1,-1,-1
201401LX51244,1,9,0,7,0,2,0,0,0,0,1,1,6,1,59,9,1390,1,11,4,1
201401LX51245,1,9,0,7,0,1,0,0,0,0,1,1,6,1,24,5,-1,-1,-1,7,1
201401LX51246,1,9,0,18,0,1,0,0,0,0,1,1,6,1,33,6,2148,2,9,-1,-1
201401LX51247,1,9,0,18,0,1,0,0,0,0,4,1,6,2,28,6,1360,1,10,-1,-1
201401LX51248,1,9,0,1,0,0,0,0,0,0,2,1,6,2,25,5,1995,1,4,3,1
201401LX51248,2,19,0,18,0,0,0,0,0,0,1,1,6,1,-1,-1,-1,-1,-1,-1,-1
201401LX51249,1,9,0,7,0,8,0,0,0,0,1,1,6,2,35,6,1390,1,8,2,1
201401LX51249,2,1,0,18,0,8,0,0,0,0,1,1,6,1,44,7,-1,-1,-1,2,1
201401LX51251,1,9,0,18,0,0,0,0,0,0,1,1,6,1,20,4,1910,2,7,2,1
201401LX51253,1,11,0,4,0,0,0,0,0,0,0,1,1,1,62,9,6700,2,4,4,1
201401LX51257,1,1,0,18,0,0,0,0,0,0,2,1,6,2,38,7,-1,-1,-1,-1,-1
201401LX51257,2,9,0,18,0,0,0,0,0,0,1,1,6,1,-1,-1,-1,-1,-1,-1,-1
201401LX51258,1,9,0,17,0,8,0,0,0,0,3,1,6,1,45,7,1997,2,2,3,1
201401LX51259,1,9,0,3,0,1,0,0,0,0,2,1,6,1,39,7,3498,1,8,6,1
201401LX51259,2,9,0,18,0,8,0,0,0,0,1,1,6,1,-1,-1,-1,-1,-1,-1,-1
201401LX51261,1,9,0,2,0,1,0,0,0,0,2,1,6,1,-1,-1,-1,-1,-1,3,1
201401LX51261,2,9,0,5,0,1,0,4,0,0,1,1,6,3,-1,-1,-1,-1,-1,-1,-1
201401LX51262,1,9,0,18,0,8,0,0,0,0,4,1,6,1,44,7,1389,1,13,4,1
201401LX51262,2,20,0,18,0,8,0,0,0,0,1,1,1,1,37,7,-1,-1,-1,4,1
201401LX51263,1,9,0,18,0,1,0,0,0,0,3,1,6,1,26,6,-1,-1,-1,2,1
201401LX51263,2,9,0,13,0,1,0,0,0,0,4,1,6,2,27,6,1598,1,5,1,1
201401LX51265,1,9,0,9,0,8,0,0,0,0,4,1,1,1,45,7,2143,2,3,3,1
201401LX51265,2,1,0,18,0,8,0,0,0,0,1,1,6,1,29,6,-1,-1,-1,4,1
201401LX51266,1,9,0,3,0,1,0,0,0,0,4,1,6,1,25,5,1995,2,6,-1,-1
201401LX51266,2,1,0,18,0,1,0,0,0,0,1,1,6,1,43,7,-1,-1,-1,2,1
201401LX51267,1,5,0,18,0,8,0,0,0,0,1,1,6,1,48,8,742,1,11,2,1
201401LX51267,2,9,0,9,0,8,0,0,0,0,4,1,6,1,31,6,2200,1,13,2,1
201401LX51269,1,1,0,18,0,1,0,0,0,0,1,1,6,1,29,6,-1,-1,-1,-1,-1
201401LX51269,2,19,0,18,0,1,0,0,0,0,2,1,6,3,-1,-1,-1,-1,-1,-1,-1
201401LX51271,1,9,0,18,0,0,0,0,0,0,3,1,6,2,29,6,1400,1,9,-1,-1
201401LX51271,2,9,0,11,0,0,0,0,0,0,4,1,6,1,-1,-1,1868,2,14,-1,-1
201401LX51272,1,9,0,9,0,8,0,0,0,0,4,1,6,1,57,9,1339,1,11,3,1
201401LX51272,2,3,0,18,0,8,0,0,0,0,1,1,6,1,27,6,-1,-1,-1,5,1
201401LX51273,1,2,0,3,0,2,0,0,0,0,1,1,6,1,35,6,125,1,3,4,1
201401LX51273,2,19,0,1,0,1,0,0,0,0,2,1,6,1,51,8,1995,2,-1,3,1
201401LX51274,1,9,0,9,0,2,0,0,0,0,1,1,6,3,-1,-1,-1,-1,-1,-1,-1
201401LX51275,1,9,0,9,0,8,0,0,0,0,3,1,6,2,29,6,1124,1,13,2,1
201401LX51275,2,1,0,10,0,8,0,0,0,0,1,1,6,2,54,8,-1,-1,-1,3,1
201401LX51276,1,9,0,7,0,8,0,0,0,0,4,1,6,1,57,9,1364,1,5,2,1
201401LX51276,2,1,0,18,0,8,0,0,0,0,1,1,6,1,29,6,-1,-1,-1,3,1
201401LX51277,1,1,0,18,0,8,0,0,0,0,1,1,6,1,42,7,-1,-1,-1,8,1
201401LX51277,2,9,0,9,0,8,0,0,0,0,1,1,6,1,-1,-1,-1,-1,-1,-1,-1
201401LX51278,1,9,0,6,0,1,0,0,0,0,3,1,6,2,61,9,1598,1,15,4,1
201401LX51278,2,5,0,18,0,1,0,0,0,0,1,1,6,1,28,6,998,1,4,5,1
201401LX51279,1,9,0,18,0,0,0,7,0,0,1,1,6,1,41,7,1461,2,-1,1,1
201401LX51279,2,9,0,18,0,0,0,0,0,0,1,1,6,1,27,6,1229,1,8,2,1
201401LX51280,1,5,0,12,0,1,0,0,0,0,2,1,6,1,42,7,1084,1,14,6,1
201401LX51280,2,9,0,5,0,1,0,0,0,0,1,1,6,1,-1,-1,1242,1,3,-1,-1
201401LX51281,1,9,0,9,0,8,0,0,0,0,1,1,1,1,60,9,-1,-1,-1,-1,-1
201401LX51281,2,3,0,18,0,8,0,0,0,0,1,1,6,1,26,6,-1,-1,-1,-1,-1
201401LX51283,1,9,0,9,0,8,0,0,0,0,1,1,6,1,50,8,2191,2,-1,2,1
201401LX51283,2,5,0,18,0,8,0,0,0,0,3,1,6,1,46,8,998,1,6,8,1
201401LX51284,1,9,0,18,0,1,0,0,0,0,1,1,6,2,-1,-1,1149,1,12,4,1
201401LX51285,1,9,0,18,0,8,0,0,0,0,4,1,6,1,64,9,1199,1,10,1,1
201401LX51285,2,1,0,18,0,8,0,0,0,0,3,1,6,2,33,6,-1,-1,-1,5,1
201401LX51288,1,9,0,4,0,1,0,0,0,0,2,1,6,1,21,5,1598,1,10,2,1
201401LX51288,2,9,0,4,0,1,0,0,0,0,1,1,6,2,65,9,-1,-1,-1,2,1
201401LX51291,1,9,0,4,0,1,0,0,0,0,1,1,6,1,18,4,1364,1,7,3,1
201401LX51291,2,9,0,4,0,1,0,0,0,0,2,1,6,2,26,6,2996,1,7,2,1
201401LX51292,1,19,0,18,0,8,0,0,0,0,4,1,6,1,42,7,2464,2,6,-1,-1
201401LX51293,1,3,0,9,0,8,0,0,0,0,3,1,6,1,57,9,124,1,17,6,1
201401LX51293,2,5,0,18,0,8,0,0,0,0,1,1,6,1,67,10,800,1,3,6,1
201401LX51294,1,9,0,3,0,1,0,0,0,0,2,1,6,2,60,9,1998,1,13,4,1
201401LX51294,2,9,0,4,0,1,0,0,0,0,1,1,6,3,-1,-1,-1,-1,-1,-1,-1
201401LX51295,1,1,0,18,0,8,0,0,0,0,1,1,6,1,40,7,-1,-1,-1,5,1
201401LX51295,2,9,0,9,0,8,0,0,0,0,4,1,6,1,32,6,1994,1,23,2,1
201401LX51296,1,1,0,18,0,1,0,0,0,0,1,1,6,1,39,7,-1,-1,-1,4,1
201401LX51296,2,1,0,3,0,1,0,0,0,0,2,1,6,1,65,9,-1,-1,-1,5,1
201401LX51297,1,9,0,9,0,8,0,0,0,0,1,1,6,2,39,7,1999,1,7,4,1
201401LX51297,2,3,0,15,0,8,0,0,0,0,1,1,6,2,38,7,-1,-1,-1,6,1
201401LX51298,1,9,0,7,0,8,0,0,0,0,3,1,6,1,64,9,1390,1,11,5,1
201401LX51298,2,19,0,18,0,8,0,0,0,0,1,1,6,3,-1,-1,-1,-1,-1,-1,-1
201401LX51299,1,9,0,3,0,1,0,0,0,0,2,1,6,1,61,9,1968,2,1,3,1
201401LX51299,2,9,0,3,0,1,0,0,0,0,2,1,6,1,25,5,1956,2,-1,-1,-1
201401LX51299,3,9,0,4,0,1,0,0,0,0,1,1,1,1,61,9,1910,2,3,3,1
201401LX51300,1,19,0,9,0,8,0,0,0,0,3,1,6,1,29,6,2461,2,6,5,1
201401LX51300,2,1,0,9,0,8,0,0,0,0,4,1,6,2,18,4,-1,-1,-1,-1,-1
201401LX51301,1,9,0,7,0,8,0,0,0,0,4,1,6,1,53,8,1398,1,-1,-1,-1
201401LX51301,2,4,0,15,0,8,0,0,0,0,1,1,6,1,65,9,-1,-1,-1,10,1
201401LX51302,1,9,0,18,0,0,0,0,0,0,1,1,6,2,79,11,1388,1,10,3,1
201401LX51302,2,9,0,5,0,0,0,0,0,0,1,1,6,1,27,6,1332,1,9,3,1
201401LX51303,1,9,0,18,0,1,0,0,0,0,4,1,6,1,36,7,1797,8,4,1,1
201401LX51303,2,9,0,12,0,1,0,0,0,0,3,1,6,1,-1,-1,1199,1,13,-1,-1
201401LX51304,1,9,0,9,0,8,0,0,0,0,3,1,6,1,24,5,1399,2,4,2,1
201401LX51304,2,9,0,18,0,8,0,0,0,0,1,1,6,2,53,8,1329,1,4,-1,1
201401LX51305,1,19,0,7,0,8,0,0,0,0,4,1,6,1,24,5,1870,2,10,3,1
201401LX51305,2,3,0,15,0,8,0,0,0,0,1,1,6,1,31,6,125,1,-1,5,1
201401LX51306,1,9,0,9,0,2,0,0,0,0,1,1,6,1,34,6,1769,1,9,2,1
201401LX51307,1,11,0,18,0,1,0,0,0,0,1,1,6,1,40,7,6700,2,5,7,1
201401LX51308,1,9,0,18,0,1,0,0,0,0,2,1,1,1,-1,-1,-1,-1,-1,-1,-1
201401LX51308,2,9,0,13,0,1,0,0,0,0,1,1,6,1,57,9,2967,1,4,5,1
201401LX51310,1,9,0,3,0,1,0,0,0,0,2,1,6,2,31,6,1461,2,10,1,1
201401LX51310,2,9,0,4,0,1,0,0,0,0,1,1,6,2,-1,-1,1560,2,4,-1,-1
201401LX51311,1,9,0,7,0,8,0,0,0,0,3,1,1,1,-1,-1,-1,-1,-1,-1,-1
201401LX51311,2,9,0,18,0,8,0,0,0,0,1,1,6,1,21,5,1598,1,8,4,1
201401LX51312,1,9,0,18,2,1,0,0,0,0,3,1,6,2,26,6,1400,1,8,2,1
201401LX51312,2,9,0,11,2,1,0,0,0,0,4,1,6,3,-1,-1,1984,1,14,-1,-1
201401LX51313,1,1,0,1,0,2,0,8,0,0,1,1,6,2,56,9,-1,-1,-1,2,1
201401LX51313,2,9,0,2,0,2,0,0,0,0,3,1,6,1,64,9,1799,1,18,2,1
201401LX51314,1,3,0,4,0,1,0,0,0,0,2,1,6,1,42,7,-1,-1,-1,9,1
201401LX51314,2,9,0,4,0,1,0,0,0,0,1,1,6,2,34,6,1984,1,3,3,1
201401LX51315,1,19,0,18,0,1,0,0,0,0,1,1,6,3,-1,-1,2402,2,11,-1,-1
201401LX51316,1,3,0,18,0,1,0,0,0,0,1,1,6,1,27,6,125,1,7,5,1
201401LX51318,1,9,0,13,0,1,0,0,0,0,4,1,6,1,35,6,1461,2,5,3,1
201401LX51318,2,1,0,18,0,1,0,0,0,0,3,1,6,1,54,8,-1,-1,-1,9,1
201401LX51320,1,9,0,5,0,1,0,0,0,0,3,1,6,1,34,6,1998,1,5,5,1
201401LX51320,2,1,0,18,0,1,0,0,0,0,1,1,6,1,17,4,-1,-1,-1,2,1
201401LX51321,1,19,0,18,0,2,0,0,0,0,1,1,6,3,-1,-1,-1,-1,-1,-1,-1
201401LX51322,1,1,0,4,0,1,0,0,0,0,0,1,6,2,32,6,-1,-1,-1,4,1
201401LX51323,1,5,0,15,0,8,0,0,0,0,1,1,6,1,44,7,999,1,3,7,1
201401LX51323,2,9,0,7,0,8,0,0,0,0,4,1,6,1,50,8,1798,1,5,3,1
201401LX51324,1,9,0,9,0,8,0,0,0,0,4,1,6,1,33,6,2231,2,6,4,1
201401LX51324,2,1,0,18,0,8,0,0,0,0,1,1,6,1,54,8,-1,-1,-1,-1,-1
201401LX51325,1,8,0,18,0,8,0,0,0,0,1,1,6,1,47,8,1796,1,7,1,1
201401LX51325,2,21,0,14,0,8,0,0,0,0,1,1,1,1,65,9,-1,-1,-1,4,1
201401LX51327,1,8,0,18,0,1,0,0,0,0,1,1,1,1,51,8,1598,1,5,-1,-1
201401LX51328,1,19,0,7,0,8,0,0,0,0,3,1,1,1,47,8,1753,2,8,5,1
201401LX51328,2,3,0,18,0,8,0,0,0,0,1,1,6,1,37,7,125,1,7,-1,-1
201401LX51330,1,9,0,9,0,8,0,0,0,0,4,1,6,2,20,4,1596,1,11,7,1
201401LX51330,2,1,0,18,0,8,0,0,0,0,1,1,6,2,36,7,-1,-1,-1,5,1
201401LX51331,1,9,0,18,0,1,0,0,0,0,1,1,6,2,-1,-1,-1,-1,-1,-1,-1
201401LX51332,1,5,0,18,0,8,0,0,0,0,1,1,6,1,38,7,649,1,1,4,1
201401LX51332,2,9,0,9,0,8,0,0,0,0,4,1,6,1,-1,-1,998,1,1,2,1
201401LX51333,1,2,0,18,0,8,0,0,0,0,1,1,6,1,17,4,124,1,-1,-1,-1
201401LX51333,2,9,0,7,0,8,0,0,0,0,3,1,6,2,-1,-1,-1,-1,-1,-1,-1
201401LX51334,1,9,0,4,0,1,0,0,0,0,2,1,6,1,40,7,1364,1,-1,3,1
201401LX51334,2,9,0,18,0,1,0,0,0,0,1,1,6,2,45,7,1390,1,11,-1,-1
201401LX51335,1,19,0,7,0,8,0,0,0,0,4,1,1,1,23,5,2402,2,7,4,1
201401LX51335,2,1,0,18,0,8,0,0,0,0,1,1,6,1,45,7,-1,-1,-1,-1,-1
201401LX51336,1,9,0,18,0,1,0,0,0,0,2,1,6,1,25,5,1149,1,2,5,1
201401LX51336,2,9,0,15,0,1,0,0,0,0,1,1,6,3,-1,-1,1596,1,13,-1,-1
201401LX51337,1,1,0,18,0,8,0,0,0,0,1,1,6,1,20,4,-1,-1,-1,3,1
201401LX51337,2,9,0,7,0,8,0,0,0,0,3,1,6,2,-1,-1,1998,1,12,-1,-1
201401LX51338,1,9,0,17,0,1,0,0,0,0,1,1,6,2,37,7,1794,1,10,2,1
201401LX51339,1,4,0,3,0,1,0,0,0,0,2,1,6,1,37,7,998,1,7,2,1
201401LX51339,2,19,0,5,0,1,0,0,0,0,1,1,1,1,55,8,2148,2,6,6,1
201401LX51340,1,9,0,3,0,1,0,0,0,0,2,1,1,2,-1,-1,-1,-1,-1,-1,-1
201401LX51340,2,5,0,4,0,1,0,0,0,0,1,1,6,1,47,8,680,1,4,3,1
201401LX51341,1,9,0,4,0,1,0,0,0,0,2,1,6,1,36,7,1834,1,14,1,1
201401LX51341,2,5,0,4,0,1,0,0,0,0,1,1,6,1,36,7,650,1,2,1,1
201401LX51342,1,1,0,18,0,1,0,0,0,0,1,1,6,1,41,7,-1,-1,-1,6,1
201401LX51342,2,19,0,18,0,1,0,0,0,0,2,1,6,3,-1,-1,-1,-1,-1,-1,-1
201401LX51343,1,5,0,18,0,8,0,0,0,0,1,1,6,1,40,7,998,1,5,5,2
201401LX51343,2,9,0,9,0,8,0,0,0,0,3,1,6,1,-1,-1,1968,2,5,2,1
201401LX51344,1,5,0,18,0,0,0,0,0,0,4,1,6,1,38,7,-1,-1,-1,-1,-1
201401LX51345,1,9,0,18,0,2,0,0,0,0,1,1,6,3,-1,-1,1990,1,11,-1,-1
201401LX51347,1,3,0,18,0,1,0,0,0,0,1,1,1,1,22,5,-1,-1,-1,-1,-1
201401LX51347,2,9,0,18,0,2,0,0,0,0,1,1,6,1,-1,-1,3456,8,2,-1,-1
201401LX51348,1,9,0,7,0,8,0,0,0,0,3,1,6,1,79,11,-1,-1,-1,-1,-1
201401LX51348,2,2,0,18,0,8,0,0,0,0,1,1,6,1,17,4,109,1,-1,3,1
201401LX51349,1,9,0,18,0,8,0,0,0,0,4,1,1,1,37,7,2967,1,4,2,1
201401LX51349,2,9,0,7,0,8,0,0,0,0,1,1,6,3,-1,-1,1686,2,-1,-1,-1
201401LX51350,1,9,0,18,0,1,0,0,0,0,1,1,1,1,23,5,1896,2,7,-1,-1
201401LX51351,1,3,0,17,0,8,0,0,0,0,1,1,6,1,34,6,124,1,5,3,1
201401LX51351,2,9,0,7,0,8,0,0,0,0,3,1,6,1,22,5,-1,-1,-1,7,1
201401LX51352,1,19,0,9,0,8,0,0,0,0,4,1,6,1,24,5,2461,2,5,-1,-1
201401LX51352,2,4,0,18,0,8,0,0,0,0,1,1,6,1,45,7,954,1,11,-1,-1
201401LX51353,1,9,0,2,0,1,0,0,0,0,3,1,1,1,-1,-1,-1,-1,-1,-1,-1
201401LX51353,2,1,0,14,0,1,0,8,0,0,1,1,6,1,46,8,-1,-1,-1,2,1
201401LX51354,1,9,0,4,0,1,0,0,0,0,2,1,6,1,24,5,1956,2,3,2,1
201401LX51354,2,5,0,4,0,1,0,0,0,0,1,1,6,1,67,10,598,1,15,3,1
201401LX51355,1,11,0,4,0,8,0,0,0,0,1,1,1,1,35,6,6692,2,4,3,1
201401LX51355,2,9,0,9,0,8,0,0,0,0,2,1,6,1,-1,-1,-1,-1,-1,-1,-1
201401LX51356,1,9,0,7,0,8,0,0,0,0,4,1,6,2,34,6,1596,1,1,-1,-1
201401LX51356,2,1,0,18,0,8,0,0,0,0,1,1,6,2,29,6,-1,-1,-1,3,1
201401LX51357,1,11,0,18,0,1,0,0,0,0,1,1,1,1,44,7,7300,2,11,2,1
201401LX51358,1,9,0,7,0,8,0,0,0,0,3,1,6,1,57,9,1598,2,2,-1,-1
201401LX51358,2,1,0,18,0,8,0,0,0,0,1,1,6,1,-1,-1,-1,-1,-1,2,1
201401LX51359,1,1,0,18,0,8,0,0,0,0,2,1,6,2,30,6,-1,-1,-1,6,1
201401LX51359,2,9,0,18,0,8,0,0,0,0,1,1,6,3,-1,-1,-1,-1,-1,-1,-1
201401LX51360,1,9,0,18,0,8,0,0,0,0,4,1,6,1,32,6,1560,2,7,3,1
201401LX51362,1,9,0,18,0,1,0,0,0,0,1,1,6,3,-1,-1,1685,2,1,-1,-1
201401LX51363,1,9,0,18,0,1,2,0,0,0,2,1,1,1,42,7,1968,2,-1,-1,-1
201401LX51363,2,9,0,18,0,1,0,0,0,0,1,1,6,1,60,9,1598,1,1,2,1
201401LX51364,1,9,0,9,0,8,0,0,0,0,3,1,6,1,45,7,2776,2,9,7,1
201401LX51364,2,3,0,15,0,8,0,0,0,0,4,1,6,1,26,6,-1,-1,-1,4,1
201401LX51366,1,9,0,18,0,2,0,0,0,0,1,1,6,2,-1,-1,1587,1,13,4,1
201401LX51366,2,9,0,18,0,2,0,0,0,0,2,1,6,1,38,7,1240,1,9,2,1
201401LX51367,1,9,0,9,0,8,0,0,0,0,3,1,6,2,23,5,973,1,12,3,1
201401LX51367,2,2,0,18,0,8,0,0,0,0,1,1,1,1,23,5,108,1,2,6,1
201401LX51369,1,5,0,18,0,8,0,0,0,0,1,1,6,1,32,6,645,1,14,5,1
201401LX51369,2,9,0,9,0,8,0,0,0,0,4,1,6,1,-1,-1,1590,1,10,-1,-1
201401LX51370,1,5,0,18,0,1,0,0,0,0,1,1,6,1,30,6,1000,1,-1,3,1
201401LX51370,2,9,0,18,0,1,0,0,0,0,3,1,6,1,42,7,1598,1,5,3,1
201401LX51371,1,9,0,18,0,8,0,0,0,0,1,1,6,1,30,6,-1,-1,-1,3,1
201401LX51371,2,3,0,18,0,8,0,0,0,0,4,1,6,1,-1,-1,125,1,11,3,1
201401LX51372,1,3,0,18,0,8,0,0,0,0,3,1,6,1,48,8,599,1,17,9,1
201401LX51372,2,9,0,9,0,8,0,0,0,0,1,1,6,1,48,8,2000,2,10,4,1
201401LX51373,1,4,0,18,0,1,0,0,0,0,1,1,6,1,27,6,1298,1,14,-1,-1
201401LX51373,2,19,0,12,0,1,0,0,0,0,2,1,1,1,33,6,1998,2,11,3,1
201401LX51374,1,1,0,18,0,0,0,0,0,0,1,1,6,2,22,5,-1,-1,-1,4,1
201401LX51374,2,9,0,2,0,0,0,0,0,0,2,1,6,1,-1,-1,1800,1,15,-1,-1
201401LX51375,1,3,0,18,0,8,0,0,0,0,4,1,6,1,30,6,124,1,1,3,1
201401LX51375,2,9,0,2,0,8,0,0,0,0,3,1,6,1,24,5,1242,1,11,1,1
201401LX51376,1,9,0,18,0,8,0,0,0,0,4,1,6,1,44,7,-1,-1,-1,3,1
201401LX51377,1,9,0,9,0,8,0,0,0,0,3,1,6,1,48,8,1796,1,17,3,1
201401LX51377,2,1,0,18,0,8,0,0,0,0,1,1,6,1,40,7,-1,-1,-1,7,1
201401LX51378,1,9,0,18,0,0,0,0,0,0,1,1,6,1,-1,-1,1796,1,11,3,1
201401LX51378,2,9,0,2,0,0,0,0,0,0,1,1,6,2,38,7,1598,1,3,2,1
201401LX51379,1,1,0,18,0,8,0,0,0,0,4,1,6,1,-1,-1,-1,-1,-1,2,1
201401LX51379,2,9,0,18,0,8,0,0,0,0,1,1,6,1,-1,-1,-1,-1,-1,-1,-1
201401LX51382,1,9,0,18,0,8,0,0,0,0,4,1,6,1,36,7,1753,2,5,9,1
201401LX51382,2,8,0,18,0,8,0,0,0,0,1,1,6,1,40,7,2664,2,14,6,1
201401LX51383,1,9,0,18,0,2,0,0,0,0,1,1,6,1,40,7,2231,2,3,1,1
201401LX51384,1,1,0,18,0,8,0,0,0,0,1,1,6,1,18,4,-1,-1,-1,4,1
201401LX51384,2,9,0,7,0,8,0,0,0,0,4,1,6,1,-1,-1,-1,-1,-1,-1,-1
201401LX51385,1,1,0,18,0,8,0,0,0,0,3,1,6,2,28,6,-1,-1,-1,7,1
201401LX51385,2,9,0,18,0,8,0,0,0,0,4,1,6,1,27,6,-1,-1,-1,5,1
201401LX51386,1,5,0,18,0,8,0,0,0,0,1,1,6,1,36,7,1199,1,-1,9,3
201401LX51386,2,9,0,9,0,8,0,0,0,0,3,1,6,1,36,7,1206,1,2,-1,1
201401LX51387,1,9,0,7,0,8,0,0,0,0,4,1,6,1,23,5,-1,-1,-1,3,1
201401LX51387,2,1,0,18,0,8,0,0,0,0,1,1,6,1,30,6,-1,-1,-1,5,1
201401LX51388,1,9,0,9,0,8,0,0,0,0,3,1,6,1,28,6,-1,-1,-1,10,1
201401LX51388,2,1,0,15,0,8,0,0,0,0,4,1,6,1,24,5,-1,-1,-1,4,1
201401LX51389,1,3,0,18,0,1,0,0,0,0,1,1,6,1,19,4,-1,-1,-1,2,1
201401LX51389,2,9,0,11,0,1,0,0,0,0,4,1,6,1,25,5,1995,2,7,4,1
201401LX51390,1,9,0,18,0,8,0,0,0,0,3,1,6,1,-1,-1,-1,-1,-1,-1,-1
201401LX51391,1,9,0,4,0,8,0,0,0,0,2,1,6,1,46,8,1598,1,4,-1,-1
201401LX51391,2,9,0,18,0,8,0,0,0,0,1,1,6,1,-1,-1,-1,-1,-1,-1,-1
201401LX51392,1,9,0,3,0,8,0,0,0,0,4,1,6,1,62,9,1598,1,1,4,1
201401LX51392,2,5,0,4,0,8,0,0,0,0,3,1,6,1,42,7,806,1,-1,6,1
201401LX51393,1,3,0,18,0,8,0,0,0,0,1,1,6,1,24,5,803,1,1,8,3
201401LX51393,2,19,0,9,0,8,0,0,0,0,4,1,6,1,35,6,1910,2,3,7,1
201401LX51394,1,11,0,4,0,0,0,0,0,0,0,1,6,2,55,8,-1,-1,-1,3,1
201401LX51395,1,2,0,4,0,0,0,0,0,0,2,1,6,1,42,7,-1,-1,-1,-1,1
201401LX51395,2,9,0,18,0,0,0,0,0,0,1,1,6,1,26,6,-1,-1,-1,3,1