Accident_Index,Vehicle_Reference,Vehicle_Type,Towing_and_Articulation,Vehicle_Manoeuvre,Vehicle_Location-Restricted_Lane,Junction_Location,Skidding_and_Overturning,Hit_Object_in_Carriageway,Vehicle_Leaving_Carriageway,Hit_Object_off_Carriageway,1st_Point_of_Impact,Was_Vehicle_Left_Hand_Drive?,Journey_Purpose_of_Driver,Sex_of_Driver,Age_of_Driver,Age_Band_of_Driver,Engine_Capacity_(CC),Propulsion_Code,Age_of_Vehicle,Driver_IMD_Decile,Driver_Home_Area_Type
201401LX51396,1,9,0,18,9,8,0,0,0,0,1,1,6,1,26,6,1229,1,-1,3,1
201401LX51397,1,1,0,18,0,0,0,0,0,0,3,1,6,1,29,6,-1,-1,-1,2,1
201401LX51397,2,9,0,18,0,0,0,0,0,0,4,1,6,1,42,7,2830,2,20,2,1
201401LX51398,1,9,0,7,0,8,0,0,0,0,3,1,6,1,20,4,-1,-1,-1,2,1
201401LX51398,2,1,0,18,0,8,0,0,0,0,1,1,6,1,-1,-1,-1,-1,-1,-1,-1
201401LX51399,1,9,0,18,0,8,0,0,0,0,1,1,6,1,-1,-1,-1,-1,-1,-1,-1
201401LX51399,2,9,0,9,0,8,0,0,0,0,3,1,6,1,64,9,-1,-1,-1,3,1
201401LX51401,1,3,0,18,0,8,0,0,0,0,3,1,6,1,26,6,85,1,17,1,1
201401LX51402,1,11,0,4,0,8,0,0,0,0,4,1,6,1,-1,-1,6370,2,5,2,1
201401LX51403,1,9,0,18,0,8,1,0,0,0,1,1,6,1,22,5,1560,2,1,4,1
201401LX51403,2,19,0,7,0,8,0,0,0,0,2,1,6,1,30,6,1399,2,5,8,1
201401LX51403,3,9,0,2,0,8,0,0,0,0,3,1,6,1,62,9,3199,1,12,-1,-1
201401LX51404,1,9,0,18,0,8,0,0,0,0,4,1,6,2,32,6,1199,1,12,3,1
201401LX51404,2,9,0,18,0,8,0,0,0,0,1,1,6,1,41,7,1108,1,11,2,1
201401LX51405,1,3,0,18,0,0,0,0,0,0,4,1,6,1,55,8,1261,1,6,10,1
201401LX51406,1,9,0,7,0,8,0,0,0,0,4,1,6,1,39,7,1560,2,6,5,1
201401LX51406,2,3,0,18,0,8,0,0,0,0,1,1,6,1,28,6,124,1,1,3,1
201401LX51407,1,4,0,18,0,8,0,0,0,0,4,1,6,1,31,6,249,1,14,2,1
201401LX51408,1,3,0,18,0,8,0,0,0,0,4,1,6,1,40,7,125,1,6,6,1
201401LX51409,1,3,0,18,0,0,0,0,0,0,1,1,6,1,31,6,124,1,6,4,1
201401LX51409,2,9,0,2,0,0,0,0,0,0,3,1,6,1,48,8,-1,-1,-1,2,1
201401LX51410,1,9,0,18,0,0,0,0,0,0,1,1,6,2,22,5,1596,1,8,3,1
201401LX51410,2,9,0,4,0,0,0,0,0,0,2,1,6,1,25,5,1390,1,3,3,1
201401LX51411,1,9,0,9,0,8,0,0,0,0,4,1,6,2,55,8,1390,1,6,6,1
201401LX51411,2,2,0,18,0,8,0,0,0,0,1,1,6,1,18,4,49,1,7,4,1
201401LX51412,1,9,0,18,0,0,0,0,0,0,1,1,6,1,26,6,1598,1,7,2,1
201401LX51412,2,9,0,2,0,0,0,0,0,0,3,1,6,1,-1,-1,-1,-1,-1,-1,-1
201401LX51413,1,9,0,18,0,8,0,0,0,0,4,1,6,1,26,6,1896,2,9,2,1
201401LX51414,1,3,0,13,0,8,0,0,0,0,1,1,6,2,40,7,114,1,-1,7,1
201401LX51414,2,19,0,9,0,8,0,0,0,0,3,1,6,1,29,6,1399,2,5,4,1
201401LX51415,1,11,0,4,0,0,0,0,0,0,0,1,1,1,38,7,6700,2,5,2,1
201401LX51416,1,5,0,18,0,8,0,0,0,0,1,1,6,1,50,8,-1,-1,-1,6,1
201401LX51416,2,9,0,9,0,8,0,0,0,0,3,1,6,1,30,6,-1,-1,-1,3,1
201401LX51418,1,1,0,18,0,8,0,0,0,0,1,1,6,1,25,5,-1,-1,-1,-1,-1
201401LX51418,2,9,0,18,0,8,0,0,0,0,4,1,6,2,-1,-1,-1,-1,-1,-1,-1
201401LX51420,1,9,0,9,0,8,0,0,0,0,3,1,6,1,-1,-1,1397,1,4,1,1
201401LX51420,2,1,0,18,0,8,0,0,0,0,1,1,6,1,34,6,-1,-1,-1,2,1
201401LX51421,1,19,0,18,0,8,0,0,0,0,1,1,6,1,38,7,-1,-1,-1,4,1
201401LX51421,2,2,0,18,0,8,0,0,0,0,1,1,6,1,17,4,49,1,7,3,1
201401LX51422,1,5,0,18,0,8,0,0,0,0,1,1,6,1,35,6,750,1,28,3,1
201401LX51422,2,9,0,9,0,8,0,0,0,0,1,1,6,1,61,9,-1,-1,-1,3,1
201401LX51423,1,8,0,3,0,1,0,0,0,0,2,1,1,1,33,6,1797,8,4,6,1
201401LX51423,2,9,0,4,0,1,0,0,0,0,2,1,6,1,24,5,1396,1,14,-1,-1
201401LX51423,3,9,0,4,0,1,0,0,0,0,1,1,6,2,21,5,1598,1,-1,-1,-1
201401LX51424,1,1,0,9,0,8,0,0,0,0,3,1,6,1,33,6,-1,-1,-1,3,1
201401LX51424,2,9,0,15,0,8,0,0,0,0,1,1,6,1,-1,-1,-1,-1,-1,-1,-1
201401LX51425,1,3,0,7,0,8,0,0,0,0,3,1,6,1,19,4,599,1,16,2,1
201401LX51425,2,19,0,2,0,8,0,0,0,0,4,1,6,1,-1,-1,1995,2,-1,-1,-1
201401LX51426,1,3,0,18,0,0,0,0,0,0,4,1,6,1,26,6,125,1,12,3,1
201401LX51426,2,9,0,5,0,0,0,0,0,0,3,1,6,1,21,5,-1,-1,-1,4,1
201401LX51427,1,3,0,18,0,0,0,0,0,0,3,1,6,1,53,8,125,1,-1,2,1
201401LX51428,1,9,0,4,0,8,0,0,0,0,2,1,6,2,45,7,-1,-1,-1,3,1
201401LX51428,2,9,0,18,0,8,0,0,0,0,1,1,6,1,-1,-1,-1,-1,-1,-1,-1
201401LX51428,3,9,0,4,0,8,0,0,0,0,2,1,6,1,-1,-1,-1,-1,-1,-1,-1
201401LX51429,1,9,0,9,0,8,0,0,0,0,4,1,6,2,23,5,1197,1,-1,3,1
201401LX51429,2,5,0,18,0,8,0,0,0,0,1,1,6,1,28,6,660,1,7,2,1
201401LX51430,1,9,0,18,0,0,0,0,0,0,1,1,6,1,41,7,2976,1,11,3,1
201401LX51432,1,1,0,18,0,8,0,0,0,0,1,1,6,1,24,5,-1,-1,-1,8,1
201401LX51433,1,9,0,18,0,0,0,0,0,0,2,1,6,1,48,8,1769,1,9,3,1
201401LX51433,2,9,0,18,0,0,0,0,0,0,1,1,6,1,63,9,2000,1,9,5,1
201401LX51434,1,9,0,18,0,8,0,0,0,0,3,1,6,1,28,6,1560,2,-1,2,1
201401LX51435,1,1,0,18,0,8,0,0,0,0,1,1,6,2,41,7,-1,-1,-1,4,1
201401LX51435,2,11,0,7,0,8,0,0,0,0,4,1,1,1,-1,-1,6700,2,5,-1,-1
201401LX51436,1,5,0,9,0,8,0,0,0,0,4,1,6,1,40,7,599,1,3,1,1
201401LX51436,2,9,0,18,0,8,0,0,0,0,1,1,6,2,26,6,1124,1,17,3,1
201401LX51437,1,9,0,18,0,8,0,4,0,0,1,1,6,2,28,6,1598,2,3,4,1
201401LX51437,2,9,0,2,0,8,0,0,0,0,2,1,6,1,-1,-1,-1,-1,-1,-1,-1
201401LX51440,1,3,0,5,0,8,0,0,0,0,4,1,6,1,19,4,125,1,4,2,1
201401LX51440,2,9,0,18,0,8,0,0,0,0,1,1,6,1,-1,-1,-1,-1,-1,-1,-1
201401LX51441,1,1,0,18,9,0,0,0,0,0,4,1,6,1,17,4,-1,-1,-1,-1,-1
201401LX51442,1,9,0,3,0,1,0,0,0,0,2,1,6,2,27,6,4395,1,1,6,1
201401LX51442,2,9,0,4,0,1,0,0,0,0,1,1,6,2,42,7,1598,1,4,5,1
201401LX51443,1,9,0,9,0,8,0,0,0,0,3,1,6,1,46,8,-1,-1,-1,2,1
201401LX51443,2,3,0,15,0,8,0,0,0,0,1,1,6,1,21,5,125,1,5,2,1
201401LX51444,1,4,0,18,0,8,0,0,0,0,1,1,6,1,34,6,599,1,6,6,1
201401LX51444,2,8,0,7,0,8,0,0,0,0,3,1,1,1,51,8,-1,-1,-1,2,1
201401LX51445,1,9,0,4,0,8,0,0,0,0,2,1,6,1,24,5,1149,1,10,2,1
201401LX51445,2,9,0,18,0,8,0,0,0,0,1,1,6,1,42,7,1596,1,12,2,1
201401LX51446,1,2,0,18,0,8,0,0,0,0,4,1,6,1,54,8,-1,-1,-1,7,1
201401LX51448,1,9,0,1,0,0,0,0,0,0,2,1,6,3,-1,-1,-1,-1,-1,-1,-1
201401LX51449,1,19,0,9,0,8,0,0,0,0,3,1,6,1,-1,-1,-1,-1,-1,-1,-1
201401LX51449,2,3,0,18,0,8,0,0,0,0,1,1,6,1,23,5,-1,-1,-1,2,1
201401LX51450,1,9,0,18,0,8,0,0,0,0,1,1,6,1,48,8,1796,1,13,2,1
201401LX51450,2,9,0,9,0,8,0,0,0,0,1,1,6,3,-1,-1,-1,-1,-1,-1,-1
201401LX51451,1,11,0,5,0,8,0,0,0,0,0,1,6,1,44,7,-1,-1,-1,2,1
201401LX51452,1,9,0,9,0,8,0,0,0,0,1,1,6,1,31,6,2922,1,19,3,1
201401LX51452,2,3,0,18,0,8,0,0,0,0,1,1,6,1,24,5,125,1,2,-1,-1
201401LX51453,1,9,0,18,0,8,0,0,0,0,4,1,6,1,22,5,1984,1,7,5,1
201401LX51454,1,8,0,18,0,1,0,0,0,0,1,1,6,1,56,9,1956,2,4,2,1
201401LX51455,1,3,0,18,0,8,0,4,0,0,4,1,6,1,42,7,125,1,6,4,1
201401LX51455,2,9,0,2,0,8,0,0,0,0,3,1,6,1,-1,-1,2926,2,11,-1,-1
201401LX51456,1,4,0,4,0,8,0,0,0,0,2,1,6,1,60,9,1261,1,10,4,1
201401LX51456,2,9,0,18,0,8,0,0,0,0,1,1,6,1,-1,-1,-1,-1,-1,-1,-1
201401LX51457,1,9,0,18,0,0,0,0,0,0,1,1,6,2,44,7,-1,-1,-1,-1,-1
201401LX51457,2,19,0,4,0,0,0,0,0,0,2,1,6,1,42,7,1248,2,6,3,1
201401LX51457,3,9,0,4,0,0,0,0,0,0,2,1,6,1,36,7,1968,2,5,5,1
201401LX51458,1,11,0,18,0,0,0,0,0,0,4,1,1,1,61,9,6700,2,4,2,1
201401LX51459,1,3,0,18,0,1,0,0,0,0,1,1,6,1,30,6,125,1,1,-1,-1
201401LX51461,1,3,0,14,0,1,0,7,0,0,1,1,1,1,20,4,124,1,2,1,1
201401LX51462,1,1,0,18,0,1,0,0,0,0,1,1,6,1,27,6,-1,-1,-1,5,1
201401LX51463,1,9,0,3,0,1,0,0,0,0,2,1,6,1,40,7,1332,1,16,2,1
201401LX51463,2,9,0,4,0,1,0,0,0,0,1,1,6,2,45,7,1560,2,3,2,1
201401LX51464,1,1,0,18,0,1,0,0,0,0,1,1,6,1,30,6,-1,-1,-1,3,1
201401LX51466,1,8,0,18,0,1,0,10,0,0,1,1,1,1,42,7,1796,1,6,2,1
201401LX51467,1,9,0,18,0,1,0,10,1,10,1,1,6,1,23,5,1796,1,6,7,1
201401LX51468,1,9,0,9,0,8,0,0,0,0,3,1,6,1,52,8,1998,1,16,3,1
201401LX51468,2,1,0,9,0,8,0,0,0,0,4,1,6,2,48,8,-1,-1,-1,3,1
201401LX51469,1,9,0,3,0,2,0,0,0,0,2,1,6,1,20,4,-1,-1,-1,2,1
201401LX51469,2,1,0,18,0,2,0,0,0,0,1,1,6,1,65,9,-1,-1,-1,-1,-1
201401LX51472,1,4,0,13,0,8,0,0,0,0,1,1,6,1,64,9,652,1,11,-1,1
201401LX51472,2,19,0,9,0,8,0,0,0,0,3,1,6,1,33,6,-1,-1,-1,3,1
201401LX51473,1,3,0,18,0,1,0,0,0,0,0,1,6,2,30,6,124,1,5,3,1
201401LX51477,1,9,0,18,0,1,0,0,0,0,1,1,6,2,39,7,1596,1,16,-1,1
201401LX51477,2,9,0,6,0,2,0,0,0,0,3,1,6,1,43,7,1896,2,8,5,1
201401LX59013,1,11,0,2,0,2,0,0,0,0,0,1,1,3,-1,-1,-1,-1,-1,-1,-1
201401LX59017,1,11,0,4,0,8,0,0,0,0,1,1,1,1,36,7,4500,2,5,1,1
201401LX59019,1,19,0,18,0,1,0,0,0,0,1,1,1,1,31,6,1248,2,8,4,1
201401LX59032,1,3,0,18,0,8,0,0,0,0,1,1,6,1,22,5,124,1,4,7,1
201401LX59032,2,8,0,9,0,8,0,0,0,0,4,1,6,1,50,8,1997,2,4,2,1
201401LX59033,1,9,0,17,0,2,0,0,0,0,1,1,6,1,56,9,998,1,9,-1,1
201401LX59033,2,9,0,16,0,1,0,0,0,0,1,1,6,1,39,7,1598,2,-1,2,1
201401LX59046,1,11,0,8,0,8,0,0,0,0,2,1,1,3,-1,-1,4760,2,-1,-1,-1
201401LX59046,2,21,0,4,0,8,0,0,0,0,1,1,6,3,-1,-1,6692,2,3,-1,-1
201401LX59121,1,9,0,18,0,1,0,0,0,0,1,1,6,1,-1,-1,1596,1,-1,-1,-1
201401LX59255,1,3,0,4,0,8,0,0,0,0,1,1,6,1,20,4,49,1,7,2,1
201401LX59255,2,9,0,9,0,8,0,0,0,0,2,1,6,3,-1,-1,-1,-1,-1,-1,-1
201401MM70001,1,9,0,10,0,8,0,0,0,0,3,1,6,1,42,7,1870,2,11,5,1
201401MM70001,2,19,0,7,0,5,0,0,0,0,1,1,6,1,-1,-1,-1,-1,-1,-1,-1
201401MM70003,1,19,0,7,0,8,0,0,0,0,4,1,1,1,49,8,2459,2,17,4,1
201401MM70003,2,1,0,18,0,8,0,0,0,0,1,1,6,1,49,8,-1,-1,-1,4,1
201401MM70004,1,11,0,5,0,0,0,0,0,0,0,1,6,3,-1,-1,-1,-1,-1,-1,-1
201401MM70007,1,9,0,9,0,8,0,0,0,0,3,1,6,1,27,6,1598,1,14,2,1
201401MM70007,2,1,0,18,0,8,0,0,0,0,1,1,6,1,49,8,-1,-1,-1,5,1
201401MM70008,1,9,0,5,0,2,0,0,0,0,4,1,6,1,44,7,1870,2,12,2,1
201401MM70009,1,21,1,13,0,1,0,0,0,0,4,1,1,1,35,6,6692,2,6,3,1
201401MM70009,2,1,0,18,0,1,0,0,0,0,3,1,6,2,39,7,-1,-1,-1,7,1
201401MM70010,1,9,0,18,0,1,0,0,0,0,1,1,6,1,28,6,1560,2,5,10,1
201401MM70011,1,9,0,2,0,2,0,0,0,0,3,1,6,1,35,6,1998,1,9,2,1
201401MM70011,2,1,0,18,0,2,0,0,0,0,1,1,6,1,58,9,-1,-1,-1,3,1
201401MM70012,1,9,0,3,0,2,0,0,0,0,2,1,6,2,31,6,1699,1,7,8,1
201401MM70012,2,9,0,3,0,2,0,0,0,0,2,1,6,1,62,9,3199,1,12,6,1
201401MM70012,3,9,0,18,0,2,0,0,0,0,1,1,6,1,44,7,-1,-1,-1,3,1
201401MM70014,1,9,0,9,0,8,0,0,0,0,1,1,6,1,45,7,1598,1,7,3,1
201401MM70014,2,1,0,18,0,8,0,0,0,0,1,1,6,2,24,5,-1,-1,-1,4,1
201401MM70016,1,19,0,18,0,8,0,0,0,0,4,1,6,1,38,7,-1,-1,-1,9,1
201401MM70016,2,9,0,9,0,8,0,0,0,0,1,1,6,3,-1,-1,-1,-1,-1,-1,-1
201401MM70017,1,9,0,1,0,8,0,0,0,0,2,1,6,1,41,7,-1,-1,-1,-1,1
201401MM70017,2,3,0,18,0,8,0,0,0,0,1,1,6,1,22,5,124,1,1,3,1
201401MM70018,1,9,0,18,0,2,0,0,0,0,1,1,6,1,28,6,1390,1,7,3,1
201401MM70019,1,9,0,7,0,8,0,0,0,0,4,1,6,1,-1,-1,-1,-1,-1,-1,-1
201401MM70019,2,1,0,18,0,8,0,0,0,0,1,1,6,1,36,7,-1,-1,-1,-1,-1
201401MM70020,1,9,0,18,0,2,0,0,0,0,1,1,6,1,39,7,1870,2,11,2,1
201401MM70021,1,9,0,3,0,1,0,0,0,0,2,1,6,2,26,6,1364,1,9,-1,-1
201401MM70021,2,9,0,3,0,1,0,0,0,0,2,1,6,1,34,6,-1,-1,-1,-1,-1
201401MM70021,3,9,0,3,0,1,0,0,0,0,2,1,6,1,30,6,1995,1,9,1,1
201401MM70021,4,11,0,18,0,1,0,0,0,0,1,1,1,1,58,9,6700,2,3,3,1
201401MM70023,1,11,0,4,0,2,0,0,0,0,0,1,1,1,33,6,6700,2,3,3,1
201401MM70024,1,90,0,18,0,8,0,12,1,2,1,1,6,1,47,8,-1,-1,-1,-1,1
201401MM70025,1,9,0,5,0,2,0,0,0,0,1,1,6,1,45,7,1596,1,7,2,1
201401MM70026,1,1,0,18,0,8,0,0,1,0,3,1,2,1,25,5,-1,-1,-1,4,1
201401MM70026,2,8,0,18,0,8,0,0,0,0,1,1,6,1,-1,-1,-1,-1,-1,-1,-1
201401MM70027,1,9,0,4,0,1,0,0,0,0,2,1,6,2,42,7,1798,1,10,3,1
201401MM70027,2,9,0,4,0,1,0,0,0,0,1,1,6,1,43,7,4197,1,9,-1,1
201401MM70029,1,5,0,4,0,1,0,0,0,0,0,1,6,1,41,7,647,1,10,5,1
201401MM70030,1,1,0,18,0,0,0,0,0,0,1,1,6,1,42,7,-1,-1,-1,10,1
201401MM70030,2,9,0,6,0,0,0,0,0,0,1,1,6,1,-1,-1,-1,-1,-1,-1,-1
201401MM70032,1,9,0,18,0,2,0,0,0,0,1,1,6,2,50,8,1796,1,11,3,1
201401MM70035,1,4,0,3,0,1,0,0,0,0,2,1,6,1,27,6,-1,-1,-1,5,1
201401MM70035,2,9,0,18,0,1,0,0,0,0,1,1,6,2,64,9,1998,1,12,9,1
201401MM70037,1,3,0,18,0,8,0,0,0,0,4,1,6,1,31,6,125,1,5,3,1
201401MM70037,2,9,0,9,0,8,0,0,0,0,3,1,6,2,32,6,-1,-1,-1,1,1
201401MM70039,1,3,0,18,0,8,0,0,0,0,1,1,6,2,52,8,124,1,9,2,1
201401MM70039,2,9,0,9,0,8,0,0,0,0,4,1,6,3,-1,-1,-1,-1,-1,-1,-1
201401MM70043,1,9,0,18,0,1,0,0,0,0,3,1,6,1,33,6,-1,-1,-1,-1,-1
201401MM70043,2,9,0,11,0,1,0,0,0,0,4,1,6,1,30,6,1390,1,14,-1,-1
201401MM70045,1,11,0,18,0,2,0,10,0,0,1,1,1,1,59,9,4500,2,3,2,1
201401MM70046,1,9,0,4,0,8,0,0,0,0,4,1,2,2,44,7,-1,-1,-1,3,1
201401MM70046,2,9,0,5,0,8,0,0,0,0,1,1,2,1,19,4,998,1,15,2,1
201401MM70049,1,9,0,18,0,1,0,0,0,0,1,1,1,1,53,8,1598,1,4,3,1
201401MM70050,1,1,0,18,0,8,0,0,0,0,3,1,6,1,28,6,-1,-1,-1,-1,-1
201401MM70050,2,9,0,7,0,8,0,0,0,0,1,1,6,3,-1,-1,1343,1,21,-1,-1
201401MM70051,1,19,0,6,0,8,0,0,0,0,4,1,6,1,59,9,2287,2,1,4,1
201401MM70051,2,2,0,18,0,8,0,0,0,0,1,1,6,1,24,5,-1,-1,-1,-1,-1
201401MM70052,1,9,0,18,0,8,0,0,0,0,1,1,6,1,42,7,-1,-1,-1,-1,-1
201401MM70053,1,19,0,18,0,2,0,0,0,0,4,1,6,3,-1,-1,1998,2,10,-1,-1
201401MM70056,1,11,0,4,0,1,0,0,0,0,0,1,1,1,-1,-1,6692,2,1,-1,-1
201401MM70057,1,1,0,14,0,1,0,8,0,0,1,1,6,2,35,6,-1,-1,-1,3,1
201401MM70057,2,9,0,2,0,1,0,0,0,0,3,1,6,1,49,8,1870,2,10,3,1
201401MM70059,1,9,0,18,0,1,0,0,0,0,1,1,6,1,41,7,-1,-1,-1,2,1
201401MM70059,2,2,0,14,0,2,0,0,0,0,1,1,6,1,28,6,49,1,2,4,1
201401MM70061,1,9,0,3,0,1,0,0,0,0,2,1,6,2,66,10,1598,1,3,3,1
201401MM70061,2,9,0,18,0,1,0,0,0,0,1,1,6,1,-1,-1,-1,-1,-1,-1,-1
201401MM70062,1,1,0,18,0,1,0,0,0,0,3,1,6,1,41,7,-1,-1,-1,7,1
201401MM70062,2,9,0,18,0,1,0,0,0,0,4,1,6,3,-1,-1,-1,-1,-1,-1,-1
201401MM70063,1,2,0,15,0,2,0,0,0,0,1,1,6,1,-1,-1,-1,-1,-1,3,1
201401MM70064,1,9,0,17,0,8,0,0,0,0,1,1,6,1,22,5,1998,1,13,3,1
201401MM70064,2,3,0,9,0,8,0,0,0,0,4,1,6,1,39,7,125,1,6,2,1
201401MM70065,1,9,0,18,0,8,0,0,0,0,1,1,6,2,21,5,1198,1,11,-1,-1
201401MM70065,2,1,0,9,0,8,0,0,0,0,3,1,6,1,49,8,-1,-1,-1,8,1
201401MM70067,1,1,0,18,0,0,0,11,0,0,0,1,6,1,31,6,-1,-1,-1,5,3
201401MM70068,1,9,0,18,0,1,0,0,0,0,2,1,1,1,36,7,1910,2,6,2,1
201401MM70068,2,9,0,18,0,1,0,0,0,0,1,1,6,1,21,5,1596,1,9,3,1
201401MM70069,1,9,0,9,0,8,0,0,0,0,1,1,6,2,57,9,1497,8,6,-1,-1
201401MM70069,2,19,0,18,0,8,0,0,0,0,3,1,6,1,47,8,1995,2,3,9,1
201401MM70070,1,11,0,18,0,1,0,0,0,0,0,1,1,1,47,8,7300,2,8,5,1
201401MM70072,1,9,0,12,0,8,0,0,0,0,1,1,6,1,29,6,1360,1,9,-1,-1
201401MM70073,1,8,0,18,0,2,0,0,0,0,2,1,1,1,40,7,2402,2,9,-1,-1
201401MM70073,2,9,0,5,0,2,0,0,0,0,1,1,6,3,-1,-1,-1,-1,-1,-1,-1
201401MM70074,1,8,0,4,0,8,0,0,0,0,2,1,6,1,48,8,1896,2,7,10,1
201401MM70074,2,1,0,18,0,8,0,0,0,0,1,1,6,2,29,6,-1,-1,-1,2,1
201401MM70075,1,4,0,18,0,8,0,0,0,0,1,1,6,1,27,6,-1,-1,-1,-1,-1
201401MM70075,2,9,0,9,0,8,0,0,0,0,4,1,6,2,62,9,1973,1,13,2,1
201401MM70076,1,11,0,7,0,8,0,0,0,0,0,1,1,3,-1,-1,4500,2,3,-1,-1
201401MM70077,1,11,0,18,0,1,0,0,0,0,1,1,1,2,38,7,6700,2,5,-1,-1
201401MM70079,1,11,0,4,0,2,0,0,0,0,0,1,1,1,41,7,6700,2,3,8,1
201401MM70080,1,9,0,7,0,8,0,0,0,0,3,1,6,1,29,6,1596,1,7,-1,1
201401MM70080,2,3,0,18,0,8,0,0,0,0,1,1,6,1,27,6,125,1,9,2,1
201401MM70082,1,9,0,18,0,1,0,0,0,0,1,1,6,1,35,6,1968,2,2,-1,-1
201401MM70083,1,11,0,18,0,8,0,0,0,0,1,1,1,1,40,7,7300,2,12,-1,-1
201401MM70083,2,9,0,9,0,8,0,0,0,0,4,1,6,2,59,9,-1,-1,-1,-1,-1
201401MM70084,1,9,0,3,0,1,0,0,0,0,2,1,6,1,25,5,1596,1,7,6,1
201401MM70084,2,9,0,4,0,1,0,0,0,0,1,1,6,1,32,6,-1,-1,-1,1,1
201401MM70085,1,9,0,18,0,1,0,0,0,0,4,1,1,1,44,7,1149,1,11,7,1
201401MM70086,1,5,0,18,0,2,0,0,0,0,1,1,6,1,35,6,999,1,3,2,1
201401MM70086,2,1,0,18,0,1,0,0,0,0,1,1,6,2,45,7,-1,-1,-1,2,1
201401MM70088,1,11,0,18,0,1,0,0,0,0,2,1,1,1,48,8,9200,2,4,-1,1
201401MM70088,2,1,0,18,0,1,0,0,0,0,1,1,6,2,42,7,-1,-1,-1,5,1
201401MM70091,1,9,0,7,0,8,0,0,0,0,1,1,6,1,36,7,1598,2,3,3,1
201401MM70091,2,3,0,7,0,8,0,0,0,0,2,1,6,1,33,6,696,1,1,4,1
201401MM70092,1,1,0,18,0,8,0,0,0,0,1,1,6,1,45,7,-1,-1,-1,4,1
201401MM70092,2,9,0,9,0,8,0,0,0,0,1,1,6,1,-1,-1,1896,2,7,-1,-1
201401MM70093,1,1,0,18,0,2,0,0,0,0,1,1,6,1,43,7,-1,-1,-1,3,1
201401MM70094,1,5,0,18,0,1,0,0,0,0,1,1,6,1,45,7,803,1,2,6,1
201401MM70095,1,9,0,11,0,1,0,0,0,0,4,1,6,2,25,5,1896,2,11,9,1
201401MM70095,2,1,0,18,0,1,0,0,0,0,3,1,6,1,29,6,-1,-1,-1,-1,-1
201401MM70096,1,11,0,4,0,1,0,0,0,0,0,1,1,1,31,6,-1,-1,-1,6,2
201401MM70098,1,9,0,18,0,1,0,0,0,0,1,1,6,3,-1,-1,-1,-1,-1,-1,-1
201401MM70099,1,9,0,18,0,8,0,0,0,0,1,1,6,1,27,6,1242,1,4,2,1
201401MM70099,2,4,0,6,0,8,0,0,0,0,3,1,6,1,36,7,499,1,3,3,1
201401MM70101,1,8,0,18,0,8,0,0,0,0,3,1,1,1,49,8,1997,2,6,4,1
201401MM70101,2,9,0,18,0,8,0,0,0,0,1,1,6,1,60,9,2290,1,16,1,1
201401MM70102,1,1,0,18,0,1,0,0,0,0,1,1,6,1,32,6,-1,-1,-1,8,1
201401MM70103,1,9,0,3,0,1,0,0,0,0,2,1,6,1,35,6,1749,1,14,-1,-1
201401MM70103,2,9,0,4,0,1,0,0,0,0,1,1,6,3,-1,-1,-1,-1,-1,-1,-1
201401MM70105,1,9,0,18,0,1,0,0,0,0,1,1,6,1,52,8,2148,2,6,6,1
201401MM70105,2,9,0,18,0,2,0,0,0,0,1,1,6,3,-1,-1,-1,-1,-1,-1,-1
201401MM70106,1,3,0,4,0,1,0,0,0,0,0,1,6,1,27,6,124,1,4,-1,-1
201401MM70106,2,9,0,5,0,1,0,0,0,0,0,1,6,1,-1,-1,1390,1,10,-1,-1
201401MM70107,1,9,0,18,0,1,0,0,0,0,1,1,6,3,-1,-1,-1,-1,-1,-1,-1
201401MM70109,1,9,0,4,0,1,0,0,0,0,2,1,6,2,51,8,1600,1,3,9,1
201401MM70109,2,19,0,4,0,1,0,0,0,0,1,1,6,1,-1,-1,1998,2,12,8,1
201401MM70110,1,5,0,18,0,8,0,0,0,0,1,1,6,1,46,8,781,1,11,2,1
201401MM70110,2,3,0,7,0,8,0,0,0,0,3,1,6,1,20,4,125,1,10,6,1
201401MM70111,1,9,0,18,0,1,0,0,0,0,2,1,6,2,-1,-1,998,1,6,-1,-1
201401MM70111,2,9,0,13,0,1,0,0,0,0,1,1,6,3,-1,-1,-1,-1,-1,-1,-1
201401MM70112,1,5,0,7,0,8,0,0,0,0,3,1,6,1,29,6,645,1,2,2,1
201401MM70112,2,9,0,18,0,8,0,0,0,0,1,1,6,1,34,6,1332,1,21,-1,-1
201401MM70113,1,11,0,5,0,1,0,0,0,0,4,1,1,1,57,9,6700,2,3,-1,-1
201401MM70114,1,9,0,4,0,1,0,0,0,0,1,1,6,1,28,6,1995,2,12,3,1
201401MM70114,2,21,0,3,0,1,0,0,0,0,2,1,6,1,53,8,-1,-1,-1,8,1
201401MM70115,1,9,0,6,0,8,0,0,0,0,3,1,6,2,46,8,1598,1,10,5,1
201401MM70115,2,3,0,18,0,8,0,0,0,0,1,1,6,1,19,4,125,1,7,3,1
201401MM70117,1,1,0,18,0,2,0,0,0,0,1,1,6,1,32,6,-1,-1,-1,3,1
201401MM70117,2,9,0,12,0,1,0,0,0,0,1,1,6,2,-1,-1,1200,1,1,-1,-1
201401MM70118,1,9,0,7,0,8,0,0,0,0,3,1,1,1,55,8,1560,2,6,3,1
201401MM70118,2,3,0,18,0,8,0,0,0,0,1,1,6,2,25,5,124,1,1,2,1
201401MM70120,1,3,0,4,0,1,0,0,0,0,2,1,6,1,21,5,108,1,6,-1,-1
201401MM70120,2,9,0,4,0,1,0,0,0,0,1,1,6,1,36,7,1896,2,10,2,1
201401MM70121,1,8,0,4,0,1,0,0,0,0,1,1,1,1,54,8,1997,2,8,2,1
201401MM70121,2,8,0,3,0,1,0,0,0,0,2,1,1,1,27,6,2143,2,4,-1,1
201401MM70122,1,9,0,3,0,1,0,0,0,0,2,1,6,1,42,7,1998,1,18,2,1