Accident_Index,Vehicle_Reference,Vehicle_Type,Towing_and_Articulation,Vehicle_Manoeuvre,Vehicle_Location-Restricted_Lane,Junction_Location,Skidding_and_Overturning,Hit_Object_in_Carriageway,Vehicle_Leaving_Carriageway,Hit_Object_off_Carriageway,1st_Point_of_Impact,Was_Vehicle_Left_Hand_Drive?,Journey_Purpose_of_Driver,Sex_of_Driver,Age_of_Driver,Age_Band_of_Driver,Engine_Capacity_(CC),Propulsion_Code,Age_of_Vehicle,Driver_IMD_Decile,Driver_Home_Area_Type
201401MM70122,2,9,0,18,0,1,0,0,0,0,1,1,6,3,-1,-1,-1,-1,-1,-1,-1
201401MM70123,1,9,0,3,0,1,0,0,0,0,4,1,6,1,33,6,1560,2,5,4,1
201401MM70123,2,11,0,12,0,1,0,0,0,0,3,1,6,3,-1,-1,-1,-1,-1,-1,-1
201401MM70124,1,3,0,3,0,1,0,0,0,0,2,1,6,1,43,7,85,1,25,5,1
201401MM70124,2,19,0,4,0,1,0,0,0,0,1,1,6,3,-1,-1,-1,-1,-1,-1,-1
201401MM70125,1,11,0,5,0,1,0,0,0,0,0,1,1,1,40,7,7300,2,12,2,1
201401MM70126,1,1,0,18,0,1,0,0,0,0,1,1,6,2,-1,-1,-1,-1,-1,-1,-1
201401MM70128,1,9,0,18,0,1,0,0,0,0,2,1,6,2,31,6,1598,1,25,-1,1
201401MM70128,2,9,0,18,0,1,0,0,0,0,1,1,6,3,-1,-1,1388,1,9,-1,-1
201401MM70129,1,9,0,18,0,1,0,0,0,0,1,1,6,3,-1,-1,-1,-1,-1,-1,-1
201401MM70130,1,9,0,18,0,1,0,0,0,0,1,1,6,2,48,8,999,1,13,2,1
201401MM70131,1,9,0,4,0,8,0,0,0,0,2,1,6,1,22,5,1998,2,10,8,2
201401MM70131,2,9,0,4,0,8,0,0,0,0,1,1,6,1,40,7,-1,-1,-1,-1,-1
201401MM70132,1,1,0,18,0,8,0,0,0,0,4,1,6,1,17,4,-1,-1,-1,4,1
201401MM70132,2,19,0,18,0,8,0,0,0,0,1,1,6,3,-1,-1,2143,2,2,-1,-1
201401MM70133,1,9,0,4,0,0,0,0,0,0,2,1,6,1,43,7,2143,2,2,4,1
201401MM70133,2,1,0,4,0,0,0,0,0,0,1,1,6,1,30,6,-1,-1,-1,-1,-1
201401MM70134,1,9,0,4,0,1,0,0,0,0,2,1,6,1,-1,-1,-1,-1,-1,-1,-1
201401MM70134,2,9,0,4,0,1,0,0,0,0,1,1,6,2,-1,-1,995,1,4,-1,1
201401MM70135,1,9,0,7,0,8,0,0,0,0,4,1,6,2,45,7,1386,1,11,2,1
201401MM70135,2,1,0,18,0,8,0,0,0,0,1,1,6,1,27,6,-1,-1,-1,4,1
201401MM70136,1,1,0,18,0,8,0,0,0,0,1,1,6,1,29,6,-1,-1,-1,3,1
201401MM70136,2,9,0,7,0,8,0,0,0,0,4,1,6,2,-1,-1,-1,-1,-1,-1,-1
201401MM70137,1,19,0,18,0,1,0,0,0,0,1,1,1,1,62,9,2464,2,6,-1,-1
201401MM70138,1,8,0,2,0,1,0,0,0,0,3,1,1,1,65,9,2402,2,9,6,1
201401MM70138,2,90,0,14,0,1,0,8,0,0,1,1,1,1,27,6,-1,-1,-1,-1,-1
201401MM70139,1,9,0,18,0,8,0,0,0,0,1,1,1,2,-1,-1,-1,-1,-1,-1,-1
201401MM70139,2,9,0,18,0,8,0,0,0,0,3,1,6,2,33,6,1995,1,8,-1,-1
201401MM70142,1,8,0,18,0,1,0,0,0,0,1,1,1,1,46,8,2664,2,13,-1,-1
201401MM70143,1,9,0,18,0,0,0,0,0,0,2,1,6,1,68,10,1769,1,9,3,1
201401MM70143,2,9,0,18,0,0,0,0,0,0,1,1,6,2,26,6,1198,1,9,-1,-1
201401MM70144,1,9,0,18,0,8,0,0,0,0,1,1,6,1,73,10,1910,2,8,1,1
201401MM70144,2,9,0,9,0,8,0,0,0,0,4,1,6,2,44,7,3498,1,5,4,1
201401MM70145,1,9,0,18,0,1,0,0,0,0,4,1,6,1,45,7,1896,2,5,1,1
201401MM70145,2,9,0,12,0,1,0,0,0,0,3,1,6,2,39,7,1984,1,12,5,1
201401MM70148,1,9,0,3,0,1,0,0,0,0,2,1,6,1,22,5,998,1,14,-1,-1
201401MM70148,2,9,0,5,0,1,0,0,0,0,1,1,6,1,38,7,1598,1,4,3,1
201401MM70149,1,11,0,4,0,1,0,0,0,0,0,1,1,1,28,6,7300,2,10,5,1
201401MM70151,1,1,0,18,0,1,0,0,0,0,0,1,6,1,18,4,-1,-1,-1,-1,-1
201401MM70152,1,8,0,9,0,8,0,0,0,0,3,1,1,1,47,8,-1,-1,-1,2,1
201401MM70152,2,2,0,13,0,8,0,0,0,0,1,1,6,1,32,6,125,1,7,2,1
201401MM70153,1,9,0,9,0,8,0,10,7,2,1,1,1,2,53,8,1596,1,10,3,1
201401MM70154,1,8,0,5,0,1,0,0,0,0,0,1,1,1,22,5,2499,2,7,2,1
201401MM70155,1,11,0,4,0,2,0,0,0,0,0,1,1,1,53,8,7300,2,8,4,1
201401MM70156,1,3,0,18,0,1,0,0,0,0,1,1,6,1,34,6,125,1,6,3,1
201401MM70157,1,9,0,4,0,1,0,0,0,0,2,1,6,1,64,9,3724,1,11,4,1
201401MM70157,2,9,0,4,0,1,0,0,0,0,1,1,6,1,-1,-1,1995,1,9,5,1
201401MM70158,1,19,0,9,0,8,0,0,0,0,4,1,1,1,29,6,2198,2,1,4,1
201401MM70158,2,1,0,18,0,8,0,0,0,0,1,1,6,1,33,6,-1,-1,-1,-1,-1
201401MM70159,1,9,0,3,0,1,0,0,0,0,1,1,6,1,21,5,1242,1,7,2,1
201401MM70159,2,9,0,1,0,2,0,0,0,0,2,1,6,1,26,6,1794,1,9,2,1
201401MM70160,1,9,0,4,0,1,0,0,0,0,2,1,6,1,28,6,1497,8,1,-1,-1
201401MM70160,2,9,0,4,0,1,0,0,0,0,1,1,6,1,23,5,1753,2,8,-1,-1
201401MM70161,1,9,0,4,0,1,0,0,0,0,2,1,6,2,47,8,-1,-1,-1,-1,-1
201401MM70161,2,19,0,4,0,1,0,0,0,0,1,1,6,1,-1,-1,2463,2,9,6,1
201401MM70162,1,9,0,18,0,1,0,0,0,0,1,1,6,3,-1,-1,-1,-1,-1,-1,-1
201401MM70163,1,19,0,18,0,1,0,0,0,0,1,1,1,1,46,8,-1,2,11,2,1
201401MM70165,1,8,0,4,0,1,0,0,0,0,0,1,1,1,-1,-1,2499,2,1,7,1
201401MM70167,1,9,0,4,0,1,0,0,0,0,2,1,6,2,21,5,1498,1,5,3,1
201401MM70167,2,9,0,4,0,1,0,0,0,0,1,1,6,1,-1,-1,-1,-1,-1,-1,-1
201401MM70168,1,9,0,7,0,8,0,0,0,0,4,1,6,1,33,6,-1,-1,-1,2,1
201401MM70168,2,1,0,18,0,8,0,0,0,0,3,1,6,1,41,7,-1,-1,-1,3,1
201401MM70169,1,1,0,18,0,1,0,4,0,0,1,1,6,1,22,5,-1,-1,-1,2,1
201401MM70169,2,19,0,2,0,1,0,0,0,0,2,1,6,1,32,6,2295,7,8,2,1
201401MM70170,1,9,0,3,0,1,0,0,0,0,2,1,6,1,31,6,1998,1,12,8,1
201401MM70170,2,9,0,4,0,1,0,0,0,0,1,1,6,3,-1,-1,-1,-1,-1,-1,-1
201401MM70171,1,11,0,4,0,1,0,0,0,0,0,1,1,1,45,7,6700,2,3,1,1
201401MM70172,1,9,0,18,0,2,0,0,0,0,1,1,6,2,47,8,1587,1,10,3,1
201401MM70173,1,9,0,7,0,8,0,0,0,0,4,1,6,2,-1,-1,1596,1,1,3,1
201401MM70173,2,1,0,18,0,8,0,0,0,0,1,1,6,1,26,6,-1,-1,-1,-1,-1
201401MM70174,1,9,0,18,0,8,0,0,0,0,1,1,6,2,36,7,1796,1,12,-1,-1
201401MM70174,2,1,0,9,0,8,0,0,0,0,4,1,6,2,19,4,-1,-1,-1,2,1
201401MM70176,1,9,0,3,0,1,0,0,0,0,2,1,1,1,45,7,1997,2,11,4,1
201401MM70176,2,9,0,4,0,1,0,0,0,0,1,1,6,1,49,8,1998,1,15,-1,-1
201401MM70177,1,9,0,18,0,1,0,0,0,0,1,1,6,3,-1,-1,-1,-1,-1,-1,-1
201401MM70179,1,9,0,9,0,8,0,0,0,0,3,1,6,1,26,6,1598,1,12,-1,-1
201401MM70179,2,3,0,13,0,8,0,0,0,0,4,1,6,2,37,7,278,1,2,2,1
201401MM70180,1,1,0,18,0,8,0,0,0,0,1,1,6,2,32,6,-1,-1,-1,5,1
201401MM70180,2,8,0,7,0,8,0,0,0,0,4,1,6,1,42,7,1997,2,3,7,1
201401MM70181,1,3,0,18,0,8,0,0,0,0,1,1,6,1,29,6,124,1,5,7,3
201401MM70181,2,1,0,9,0,8,0,0,0,0,3,1,6,1,-1,-1,-1,-1,-1,-1,-1
201401MM70182,1,5,0,18,0,2,0,0,0,0,1,1,6,1,28,6,998,1,4,6,1
201401MM70183,1,9,0,17,0,8,0,0,0,0,1,1,6,2,29,6,1388,1,11,3,1
201401MM70183,2,1,0,18,0,8,0,0,0,0,4,1,6,1,34,6,-1,-1,-1,2,1
201401MM70184,1,9,0,9,0,8,0,0,0,0,1,1,6,1,20,4,1596,1,9,3,1
201401MM70185,1,5,0,18,0,8,1,0,0,0,1,1,6,1,21,5,-1,-1,-1,3,1
201401MM70185,2,9,0,9,0,8,0,0,0,0,4,1,6,2,47,8,1898,1,12,3,1
201401MM70188,1,5,0,4,0,1,0,0,0,0,2,1,6,1,34,6,998,1,13,3,1
201401MM70188,2,5,0,4,0,1,0,0,0,0,1,1,6,1,36,7,670,1,2,10,1
201401MM70189,1,9,0,16,0,2,0,0,0,0,4,1,6,1,32,6,1995,2,14,4,1
201401MM70189,2,1,0,16,0,2,0,0,0,0,3,1,6,1,16,4,-1,-1,-1,2,1
201401MM70190,1,5,0,18,0,1,0,0,0,0,3,1,6,2,29,6,599,1,13,3,1
201401MM70190,2,9,0,11,0,1,0,0,0,0,4,1,6,2,26,6,1242,1,3,-1,-1
201401MM70191,1,1,0,18,0,1,0,0,0,0,3,1,6,1,40,7,-1,-1,-1,2,1
201401MM70191,2,11,0,11,0,1,0,0,0,0,4,1,1,3,-1,-1,-1,-1,-1,-1,-1
201401MM70192,1,9,0,18,0,1,0,10,1,4,1,1,6,1,62,9,1995,1,12,5,1
201401MM70193,1,9,0,6,0,0,0,0,0,0,3,1,6,1,43,7,2967,1,13,3,1
201401MM70193,2,3,0,18,0,0,0,0,0,0,1,1,6,1,32,6,124,1,3,3,1
201401MM70194,1,9,0,9,0,8,0,0,0,0,1,1,6,1,23,5,1968,2,1,10,2
201401MM70194,2,1,0,15,0,8,0,0,0,0,1,1,6,1,32,6,-1,-1,-1,2,1
201401MM70195,1,1,0,18,0,8,0,0,0,0,1,1,6,1,28,6,-1,-1,-1,1,1
201401MM70195,2,9,0,9,0,8,0,0,0,0,4,1,6,1,-1,-1,1781,1,21,3,1
201401MM70196,1,11,0,4,0,1,0,0,0,0,0,1,1,1,51,8,-1,-1,-1,2,1
201401MM70198,1,4,0,18,0,0,0,0,0,0,3,1,6,1,19,4,124,1,3,4,1
201401MM70201,1,3,0,3,0,2,0,0,0,0,2,1,1,1,23,5,108,1,4,2,1
201401MM70201,2,9,0,18,0,2,0,0,0,0,1,1,6,1,-1,-1,-1,-1,-1,-1,-1
201401MM70202,1,11,0,4,0,0,0,0,0,0,0,1,1,2,-1,-1,6700,2,5,-1,-1
201401MM70204,1,4,0,18,0,8,0,0,0,0,1,1,6,1,29,6,599,1,7,6,1
201401MM70204,2,9,0,9,0,8,0,0,0,0,3,1,6,2,28,6,1598,1,13,4,1
201401MM70206,1,2,0,18,0,8,0,0,0,0,4,1,6,2,42,7,124,1,7,8,1
201401MM70206,2,1,0,9,0,8,0,0,0,0,3,1,6,1,31,6,-1,-1,-1,1,1
201401MM70207,1,1,0,18,0,8,0,0,0,0,1,1,6,1,27,6,-1,-1,-1,10,1
201401MM70207,2,8,0,9,0,8,0,0,0,0,1,1,6,1,-1,-1,1997,2,3,-1,-1
201401MM70208,1,3,0,18,0,1,0,0,0,0,1,1,6,1,29,6,125,1,3,2,1
201401MM70208,2,11,0,11,0,1,0,0,0,0,4,1,1,1,50,8,-1,-1,-1,-1,-1
201401MM70209,1,9,0,7,0,8,0,0,0,0,4,1,6,1,35,6,1596,1,11,-1,-1
201401MM70209,2,1,0,18,0,8,0,0,0,0,1,1,6,1,42,7,-1,-1,-1,-1,-1
201401MM70210,1,8,0,18,0,0,0,0,0,0,1,1,6,1,30,6,1997,2,2,3,1
201401MM70211,1,9,0,18,0,2,0,0,0,0,1,1,6,2,22,5,1242,1,5,3,1
201401MM70212,1,8,0,4,0,2,0,0,0,0,2,1,1,1,36,7,1968,2,5,4,1
201401MM70212,2,8,0,4,0,2,0,0,0,0,1,1,6,3,-1,-1,2664,2,14,-1,-1
201401MM70213,1,11,0,4,0,2,0,0,0,0,2,1,1,1,-1,-1,7300,2,12,2,1
201401MM70213,2,1,0,4,0,2,0,0,0,0,1,1,6,1,40,7,-1,-1,-1,2,1
201401MM70215,1,9,0,3,0,1,0,0,0,0,2,1,6,2,27,6,1998,1,15,5,1
201401MM70215,2,9,0,18,0,1,0,0,0,0,1,1,6,1,-1,-1,1796,1,6,-1,-1
201401MM70215,3,9,0,3,0,1,0,0,0,0,2,1,6,3,-1,-1,-1,-1,-1,-1,-1
201401MM70216,1,9,0,9,0,8,0,0,0,0,4,1,6,1,30,6,1797,8,3,1,1
201401MM70216,2,3,0,18,0,8,0,0,0,0,1,1,6,1,23,5,102,1,9,3,1
201401MM70217,1,9,0,18,0,1,0,0,0,0,1,1,6,1,28,6,1560,2,2,3,1
201401MM70217,2,19,0,3,0,1,0,0,0,0,2,1,6,1,51,8,1995,2,4,-1,1
201401MM70218,1,3,0,18,0,8,0,0,0,0,0,1,6,1,33,6,124,1,-1,2,1
201401MM70218,2,9,0,9,0,8,0,0,0,0,0,1,6,3,-1,-1,-1,-1,-1,-1,-1
201401MM70220,1,9,0,9,0,8,0,0,0,0,4,1,6,1,34,6,973,1,11,3,1
201401MM70220,2,9,0,17,0,8,0,0,0,0,1,1,6,3,-1,-1,-1,-1,-1,-1,-1
201401MM70221,1,1,0,18,0,1,0,0,0,0,2,1,6,1,38,7,-1,-1,-1,3,1
201401MM70221,2,9,0,18,0,1,0,0,0,0,1,1,6,3,-1,-1,2000,1,6,-1,-1
201401MM70222,1,9,0,18,0,0,0,0,0,0,1,1,6,2,32,6,-1,-1,-1,2,1
201401MM70224,1,11,0,4,0,0,0,0,0,0,0,1,1,1,35,6,9000,2,5,-1,-1
201401MM70225,1,9,0,7,0,8,0,0,0,0,4,1,6,1,-1,-1,-1,-1,-1,-1,-1
201401MM70225,2,1,0,18,0,8,0,0,0,0,1,1,6,1,35,6,-1,-1,-1,3,1
201401MM70226,1,9,0,18,0,8,0,0,0,0,1,1,6,1,29,6,1995,2,9,-1,1
201401MM70226,2,9,0,9,0,8,0,0,0,0,1,1,6,1,56,9,1896,2,11,-1,1
201401MM70227,1,9,0,18,0,8,0,0,0,0,4,1,6,1,53,8,1910,2,11,2,1
201401MM70227,2,1,0,18,0,8,0,0,0,0,1,1,6,1,20,4,-1,-1,-1,3,1
201401MM70228,1,9,0,18,0,8,0,0,0,0,1,1,6,1,66,10,998,1,14,-1,-1
201401MM70228,2,9,0,18,0,8,0,0,0,0,4,1,6,2,61,9,1388,1,10,2,1
201401MM70229,1,9,0,17,0,8,0,0,0,0,3,1,6,1,23,5,-1,-1,-1,-1,-1
201401MM70230,1,9,0,18,0,2,0,0,0,0,1,1,6,1,68,10,1389,1,15,2,1
201401MM70231,1,1,0,18,0,0,0,0,0,0,4,1,6,1,18,4,-1,-1,-1,-1,-1
201401MM70231,2,9,0,18,0,0,0,0,0,0,1,1,6,3,-1,-1,-1,-1,-1,-1,-1
201401MM70232,1,11,0,4,0,2,0,0,0,0,0,1,1,1,25,5,6700,2,5,-1,-1
201401MM70233,1,1,0,18,0,1,0,0,0,0,1,1,6,1,39,7,-1,-1,-1,4,1
201401MM70234,1,3,0,16,0,2,0,0,0,0,1,1,6,1,-1,-1,-1,-1,-1,-1,-1
201401MM70235,1,3,0,18,0,8,0,0,0,0,0,1,6,1,20,4,998,1,6,3,1
201401MM70235,2,9,0,9,0,8,0,0,0,0,0,1,6,1,57,9,1390,1,5,4,1
201401MM70236,1,9,0,18,0,2,0,0,0,0,4,1,6,1,-1,-1,-1,-1,-1,-1,-1
201401MM70237,1,1,0,18,0,8,0,0,0,0,4,1,6,1,46,8,-1,-1,-1,2,1
201401MM70237,2,9,0,18,0,8,0,0,0,0,1,1,6,1,67,10,-1,-1,-1,2,1
201401MM70238,1,3,0,18,0,1,0,0,0,0,1,1,6,1,20,4,-1,-1,-1,6,1
201401MM70239,1,9,0,12,0,2,0,0,0,0,0,1,6,1,46,8,1686,2,1,3,1
201401MM70239,2,5,0,18,0,2,0,0,0,0,0,1,6,1,48,8,599,1,9,6,1
201401MM70240,1,9,0,3,0,1,0,0,0,0,2,1,6,1,46,8,1386,1,2,5,1
201401MM70240,2,19,0,3,0,1,0,0,0,0,2,1,6,1,26,6,1997,2,7,7,1
201401MM70240,3,19,0,18,0,1,0,0,0,0,1,1,6,2,37,7,-1,-1,-1,2,1
201401MM70242,1,9,0,6,0,2,0,0,0,0,3,1,6,1,28,6,1968,2,8,2,1
201401MM70242,2,3,0,18,0,2,0,0,0,0,1,1,6,1,36,7,124,1,2,2,1
201401MM70243,1,8,0,18,0,8,0,0,0,0,1,1,6,1,41,7,1997,7,10,1,1
201401MM70243,2,9,0,9,0,8,0,0,0,0,1,1,6,1,-1,-1,1400,1,10,-1,-1
201401MM70244,1,19,0,2,0,1,0,0,0,0,3,1,1,1,29,6,1995,2,3,-1,1
201401MM70244,2,1,0,18,0,1,0,8,0,0,1,1,6,1,-1,-1,-1,-1,-1,2,1
201401MM70245,1,11,0,4,0,1,0,0,0,0,0,1,1,1,45,7,-1,-1,-1,-1,-1
201401MM70246,1,9,0,7,0,8,0,0,0,0,2,1,6,2,36,7,1364,1,6,2,1
201401MM70246,2,1,0,18,0,8,0,0,0,0,1,1,6,1,51,8,-1,-1,-1,-1,-1
201401MM70247,1,9,0,4,0,8,0,0,0,0,1,1,6,2,46,8,-1,-1,-1,4,1
201401MM70247,2,9,0,3,0,8,0,0,0,0,2,1,6,2,21,5,1399,2,2,3,1
201401MM70248,1,3,0,18,0,0,0,0,0,0,1,1,6,2,28,6,124,1,16,-1,1
201401MM70248,2,1,0,18,0,0,0,0,0,0,3,1,6,1,48,8,-1,-1,-1,1,1
201401MM70249,1,1,0,18,0,1,0,0,0,0,3,1,6,1,42,7,-1,-1,-1,5,1
201401MM70249,2,9,0,13,0,1,0,0,0,0,4,1,6,1,-1,-1,2995,1,10,-1,-1
201401MM70250,1,1,0,18,0,1,0,10,0,0,4,1,6,1,21,5,-1,-1,-1,2,1
201401MM70251,1,9,0,7,0,8,0,0,0,0,4,1,6,1,38,7,1497,1,10,4,1
201401MM70251,2,3,0,18,0,8,0,0,0,0,1,1,6,1,21,5,-1,-1,-1,2,1
201401MM70253,1,11,0,4,0,0,0,0,0,0,0,1,6,1,34,6,-1,-1,-1,-1,-1
201401MM70254,1,9,0,18,0,8,0,0,0,0,1,1,6,1,39,7,998,1,2,3,1
201401MM70255,1,3,0,18,0,8,0,0,0,0,0,1,6,1,35,6,125,1,1,5,1
201401MM70255,2,19,0,9,0,8,0,0,0,0,0,1,6,1,26,6,1995,2,2,4,1
201401MM70256,1,11,0,18,0,2,0,0,0,0,1,1,1,1,29,6,12000,2,6,-1,1
201401MM70257,1,19,0,11,0,1,0,0,0,0,4,1,1,1,38,7,2151,2,12,4,1
201401MM70257,2,2,0,18,0,1,0,0,0,0,1,1,6,1,38,7,49,1,2,4,1
201401MM70258,1,1,0,18,0,8,0,0,0,0,1,1,6,1,28,6,-1,-1,-1,3,1
201401MM70258,2,9,0,9,0,8,0,0,0,0,4,1,6,1,59,9,1597,1,16,2,1
201401MM70259,1,9,0,18,0,2,0,0,0,0,1,1,6,1,31,6,1590,1,13,3,1
201401MM70260,1,9,0,5,0,0,0,0,0,0,3,1,6,1,61,9,1798,1,10,9,1
201401MM70260,2,1,0,18,0,0,0,0,0,0,4,1,6,2,33,6,-1,-1,-1,4,1
201401MM70261,1,11,0,4,0,0,0,0,0,0,0,1,1,1,44,7,9000,2,5,-1,-1
201401MM70262,1,8,0,7,0,8,0,0,0,0,3,1,1,1,50,8,2499,2,1,9,1
201401MM70262,2,1,0,18,0,8,0,0,0,0,1,1,6,1,30,6,-1,-1,-1,3,1
201401MM70263,1,3,0,9,0,8,0,0,0,0,1,1,6,1,30,6,107,1,1,-1,1
201401MM70263,2,1,0,9,0,8,0,0,0,0,3,1,6,2,35,6,-1,-1,-1,2,1
201401MM70264,1,9,0,7,0,8,0,10,1,2,3,1,6,2,38,7,1360,1,11,4,1
201401MM70264,2,90,0,18,0,8,0,0,0,0,1,1,1,1,43,7,7146,2,2,3,1
201401MM70265,1,9,0,9,0,8,0,0,0,0,4,1,6,2,31,6,1229,1,9,5,1
201401MM70265,2,1,0,18,0,8,0,0,0,0,1,1,6,2,28,6,-1,-1,-1,3,1
201401MM70268,1,19,0,18,0,1,0,0,0,0,1,1,1,1,35,6,1560,2,3,7,1
201401MM70269,1,11,0,9,0,8,0,0,0,0,0,1,6,1,40,7,5900,2,8,6,1
201401MM70270,1,19,0,12,0,1,0,0,0,0,3,1,1,1,38,7,2402,2,11,1,1
201401MM70270,2,3,0,18,0,1,0,0,0,0,1,1,6,1,31,6,98,1,12,2,1
201401MM70272,1,9,0,18,0,1,0,0,0,0,1,1,6,3,-1,-1,-1,-1,-1,-1,-1
201401MM70273,1,19,0,18,0,8,0,0,0,0,1,2,6,1,27,6,-1,-1,-1,4,1
201401MM70273,2,1,0,18,0,8,0,0,0,0,2,1,6,1,31,6,-1,-1,-1,4,1
201401MM70275,1,9,0,5,0,1,0,0,0,0,3,1,6,1,46,8,2148,2,9,7,1
201401MM70275,2,4,0,18,0,1,0,0,0,0,1,1,6,1,43,7,-1,-1,-1,10,2
201401MM70276,1,1,0,18,0,8,0,0,0,0,0,1,6,1,37,7,-1,-1,-1,4,1
201401MM70276,2,9,0,9,0,8,0,0,0,0,0,1,6,1,-1,-1,-1,-1,-1,-1,-1
201401MM70277,1,9,0,4,0,8,0,0,0,0,2,1,6,1,41,7,1896,2,11,-1,-1
201401MM70277,2,3,0,18,0,8,0,0,0,0,1,1,6,1,35,6,125,1,7,-1,-1
201401MM70278,1,3,0,13,0,8,0,0,0,0,1,1,6,1,18,4,124,1,7,-1,1
201401MM70278,2,9,0,9,0,8,0,0,0,0,3,1,6,2,31,6,1388,1,7,1,1
201401MM70279,1,11,0,4,0,0,0,0,0,0,4,1,1,1,23,5,6700,2,3,-1,-1
201401MM70280,1,8,0,18,0,0,0,0,0,0,1,1,6,1,45,7,2499,2,1,4,1
201401MM70281,1,11,0,18,0,8,0,0,0,0,2,1,1,1,34,6,7300,2,8,4,1
201401MM70281,2,4,0,18,0,8,0,0,0,0,1,1,6,1,27,6,499,1,10,3,1
201401MM70282,1,9,0,9,0,8,0,0,0,0,3,1,6,1,57,9,1796,1,6,-1,1
201401MM70282,2,5,0,18,0,8,0,0,0,0,1,1,6,1,28,6,-1,-1,-1,2,1
201401MM70284,1,9,0,9,0,8,0,0,0,0,3,1,6,1,35,6,1598,1,1,3,1
201401MM70284,2,5,0,13,0,8,0,0,0,0,4,1,6,2,-1,-1,-1,-1,-1,-1,-1
201401MM70285,1,9,0,18,0,1,0,0,0,0,1,1,6,2,49,8,1339,1,8,6,1
201401MM70286,1,9,0,6,0,0,0,0,0,0,3,1,6,1,27,6,1598,1,10,-1,-1
201401MM70286,2,3,0,13,0,0,0,0,0,0,4,1,6,1,23,5,125,1,2,2,1
201401MM70287,1,9,0,4,0,1,0,0,0,0,1,1,6,2,21,5,1600,1,13,-1,-1
201401MM70287,2,3,0,3,0,1,0,0,0,0,2,1,1,1,33,6,108,1,1,-1,-1
201401MM70288,1,19,0,18,0,0,5,7,0,0,1,1,6,1,-1,-1,-1,-1,-1,-1,-1
201401MM70290,1,19,0,2,0,0,0,0,0,0,3,1,1,1,49,8,2298,2,4,3,1
201401MM70290,2,1,0,14,0,0,0,8,0,0,1,1,6,2,27,6,-1,-1,-1,-1,-1
201401MM70291,1,9,0,3,0,2,0,0,0,0,2,1,6,2,49,8,1796,1,22,-1,1
201401MM70291,2,19,0,4,0,2,0,0,0,0,1,1,6,1,-1,-1,2148,2,9,-1,-1
201401MM70294,1,9,0,9,0,8,0,0,0,0,1,1,6,1,47,8,2204,2,6,2,1
201401MM70295,1,9,0,18,0,1,1,0,0,0,1,1,1,1,44,7,1995,2,10,-1,-1
201401MM70296,1,9,0,18,0,8,0,0,0,0,1,1,6,1,38,7,1896,2,6,4,1
201401MM70296,2,1,0,18,0,8,0,0,0,0,4,1,6,2,17,4,-1,-1,-1,3,1
201401MM70297,1,9,0,7,0,8,0,0,0,0,4,1,1,1,58,9,-1,-1,-1,9,1
201401MM70297,2,3,0,15,0,8,0,0,0,0,1,1,6,1,17,4,124,1,11,5,1
201401MM70299,1,19,0,9,0,8,0,0,0,0,4,1,1,1,38,7,1998,2,12,3,1
201401MM70299,2,1,0,18,0,8,0,0,0,0,1,1,6,2,48,8,-1,-1,-1,2,1
201401MM70300,1,1,0,14,0,1,0,8,0,0,1,1,6,1,32,6,-1,-1,-1,3,1
201401MM70300,2,9,0,2,0,1,0,0,0,0,3,1,6,3,-1,-1,1598,1,9,-1,-1
201401MM70301,1,9,0,9,0,8,0,0,0,0,4,1,1,2,27,6,1968,2,2,5,1
201401MM70301,2,2,0,18,0,8,0,0,0,0,1,1,6,2,31,6,124,1,12,5,1
201401MM70303,1,9,0,9,0,8,0,0,0,0,3,1,6,2,53,8,875,1,3,-1,-1
201401MM70303,2,11,0,18,0,8,0,0,0,0,4,1,1,1,54,8,-1,-1,-1,2,1
201401MM70304,1,9,0,3,0,0,0,0,0,0,2,1,6,1,45,7,1991,1,21,5,1
201401MM70304,2,90,0,1,0,0,0,0,0,0,1,1,6,1,-1,-1,-1,3,-1,-1,-1
201401MM70305,1,9,0,18,0,1,0,0,0,0,1,1,6,2,37,7,1390,1,7,5,1
201401MM70306,1,9,0,7,0,8,0,0,0,0,3,1,6,1,55,8,1598,1,1,9,3
201401MM70306,2,1,0,18,0,8,0,0,0,0,1,1,6,1,31,6,-1,-1,-1,-1,1
201401MM70307,1,1,0,14,0,2,0,8,0,0,1,1,6,1,28,6,-1,-1,-1,9,1
201401MM70307,2,9,0,2,0,2,0,0,0,0,3,1,6,3,-1,-1,-1,-1,-1,-1,-1
201401MM70308,1,9,0,18,0,0,0,0,0,0,1,1,6,1,34,6,1497,8,7,10,1
201401MM70309,1,4,0,4,0,1,0,0,0,0,0,1,6,1,35,6,1137,1,14,-1,1
201401MM70309,2,19,0,11,0,1,0,0,0,0,0,1,6,1,46,8,1598,1,11,-1,2
201401MM70310,1,19,0,18,0,1,0,0,0,0,1,1,6,1,31,6,1998,2,12,1,1
201401MM70310,2,9,0,18,0,1,0,0,0,0,1,1,6,3,-1,-1,-1,-1,-1,-1,-1
201401MM70311,1,11,0,4,0,8,0,0,0,0,0,1,1,1,50,8,7300,2,10,1,1
201401MM70312,1,19,0,9,0,8,0,0,0,0,3,1,6,1,48,8,1598,2,3,-1,1
201401MM70312,2,3,0,13,0,8,0,0,0,0,1,1,6,1,33,6,125,1,1,7,1
201401MM70314,1,9,0,9,0,8,0,0,0,0,1,1,6,1,27,6,1199,1,12,2,1
201401MM70314,2,1,0,18,0,8,0,0,0,0,3,1,6,1,36,7,-1,-1,-1,4,1
201401MM70315,1,9,0,3,0,1,0,0,0,0,2,1,6,2,58,9,1995,2,10,-1,-1
201401MM70315,2,9,0,4,0,1,0,0,0,0,1,1,6,2,-1,-1,1390,1,3,3,1
201401MM70316,1,1,0,4,0,8,0,0,0,0,0,1,6,2,36,7,-1,-1,-1,2,1
201401MM70316,2,9,0,9,0,8,0,0,0,0,0,1,6,1,40,7,1597,1,5,2,1