Accident_Index,Vehicle_Reference,Vehicle_Type,Towing_and_Articulation,Vehicle_Manoeuvre,Vehicle_Location-Restricted_Lane,Junction_Location,Skidding_and_Overturning,Hit_Object_in_Carriageway,Vehicle_Leaving_Carriageway,Hit_Object_off_Carriageway,1st_Point_of_Impact,Was_Vehicle_Left_Hand_Drive?,Journey_Purpose_of_Driver,Sex_of_Driver,Age_of_Driver,Age_Band_of_Driver,Engine_Capacity_(CC),Propulsion_Code,Age_of_Vehicle,Driver_IMD_Decile,Driver_Home_Area_Type
201401MM70317,1,19,0,18,0,2,0,0,0,0,1,1,6,1,27,6,1560,2,1,4,1
201401MM70318,1,1,0,18,0,8,0,0,0,0,1,1,1,2,27,6,-1,-1,-1,5,1
201401MM70318,2,9,0,18,0,8,0,0,0,0,3,1,6,1,-1,-1,1797,8,3,2,1
201401MM70319,1,9,0,18,0,2,0,0,0,0,1,1,6,2,-1,-1,-1,-1,-1,-1,-1
201401MM70320,1,9,0,18,0,1,0,0,0,0,1,1,6,2,37,7,2199,2,4,7,1
201401MM70321,1,19,0,3,0,1,0,0,0,0,2,1,6,1,41,7,2299,2,3,3,1
201401MM70321,2,9,0,3,0,1,0,0,0,0,2,1,6,2,37,7,999,1,-1,5,1
201401MM70321,3,9,0,18,0,1,0,0,0,0,1,1,6,1,34,6,1995,2,9,2,1
201401MM70323,1,9,0,9,0,8,0,0,0,0,1,1,6,1,55,8,-1,-1,-1,-1,-1
201401MM70323,2,9,0,18,0,8,0,0,0,0,1,1,6,1,-1,-1,1598,2,2,-1,-1
201401MM70324,1,11,0,4,0,1,0,0,0,0,0,1,1,1,23,5,7300,2,12,4,1
201401MM70325,1,9,0,18,0,1,0,0,0,0,1,1,6,2,65,9,1398,1,1,-1,-1
201401MM70326,1,9,0,5,0,0,0,0,0,0,4,1,6,3,-1,-1,-1,-1,-1,-1,-1
201401MM70328,1,1,0,18,0,1,0,0,0,0,1,1,6,2,25,5,-1,-1,-1,5,1
201401MM70328,2,9,0,13,0,1,0,0,0,0,4,1,6,3,-1,-1,-1,-1,-1,-1,-1
201401MM70331,1,9,0,18,0,1,0,0,0,0,1,1,6,1,23,5,1598,1,11,-1,-1
201401MM70332,1,1,0,14,0,1,0,8,0,0,1,1,6,1,61,9,-1,-1,-1,5,1
201401MM70332,2,19,0,2,0,1,0,0,0,0,3,1,6,1,38,7,1753,2,2,5,1
201401MM70333,1,1,0,18,0,1,0,0,0,0,2,1,6,2,28,6,-1,-1,-1,4,1
201401MM70333,2,19,0,18,0,1,0,0,0,0,1,1,6,3,-1,-1,-1,-1,-1,-1,-1
201401MM70335,1,9,0,3,0,1,0,0,0,0,2,1,6,2,33,6,1390,1,11,3,1
201401MM70335,2,9,0,18,0,1,0,0,0,0,1,1,6,1,38,7,1598,1,4,8,1
201401MM70336,1,11,0,4,0,1,0,0,0,0,0,1,1,1,56,9,4760,2,3,3,1
201401MM70337,1,9,0,4,0,1,0,0,0,0,2,1,6,2,56,9,1596,1,7,2,1
201401MM70337,2,9,0,4,0,1,0,0,0,0,1,1,6,2,21,5,-1,-1,-1,-1,1
201401MM70338,1,9,0,17,0,8,0,0,0,0,1,1,6,2,33,6,-1,-1,-1,4,1
201401MM70338,2,9,0,7,0,8,0,0,0,0,3,1,6,3,-1,-1,1956,2,5,-1,-1
201401MM70339,1,9,0,9,0,8,0,0,0,0,4,1,6,2,43,7,1595,1,9,5,1
201401MM70339,2,3,0,18,0,8,0,0,0,0,1,1,6,1,19,4,124,1,12,1,1
201401MM70340,1,2,0,18,0,0,0,0,0,0,1,1,6,1,16,4,49,1,4,4,1
201401MM70340,2,9,0,7,0,0,0,0,0,0,3,1,6,1,23,5,1598,1,4,7,1
201401MM70342,1,11,0,5,0,2,0,0,0,0,0,1,1,2,43,7,6700,2,2,2,1
201401MM70343,1,11,0,7,0,8,0,0,0,0,0,1,1,1,24,5,4500,2,3,3,1
201401MM70344,1,9,0,3,0,1,0,0,0,0,2,1,6,1,26,6,1086,1,8,5,1
201401MM70344,2,9,0,4,0,1,0,0,0,0,1,1,6,1,33,6,1910,2,8,3,1
201401MM70345,1,9,0,18,0,1,0,0,0,0,1,1,6,1,41,7,1896,2,8,3,1
201401MM70346,1,9,0,7,0,0,0,0,0,0,4,1,6,1,41,7,1598,1,9,3,1
201401MM70346,2,1,0,18,0,0,0,0,0,0,1,1,6,1,46,8,-1,-1,-1,2,1
201401MM70347,1,9,0,3,0,1,0,0,0,0,2,1,6,1,51,8,1896,2,10,-1,-1
201401MM70347,2,11,0,4,0,1,0,0,0,0,1,1,1,3,51,8,-1,-1,-1,-1,-1
201401MM70347,3,9,0,3,0,1,0,0,0,0,2,1,6,1,46,8,2982,2,6,10,3
201401MM70348,1,1,0,4,0,1,0,0,0,0,0,1,6,1,30,6,-1,-1,-1,3,1
201401MM70349,1,9,0,4,0,1,0,0,0,0,2,1,1,1,60,9,1598,1,8,2,1
201401MM70349,2,9,0,4,0,1,0,0,0,0,1,1,6,2,19,4,1598,1,8,-1,-1
201401MM70350,1,3,0,18,0,8,0,0,0,0,1,1,6,1,33,6,124,1,6,-1,1
201401MM70350,2,9,0,7,0,8,0,0,0,0,4,1,6,1,-1,-1,1229,1,1,3,1
201401MM70353,1,9,0,18,0,8,0,0,0,0,4,1,6,2,28,6,1242,1,2,-1,1
201401MM70353,2,9,0,9,0,8,0,0,0,0,1,1,6,3,34,6,1998,1,11,2,1
201401MM70353,3,9,0,10,0,8,0,0,0,0,1,1,6,3,-1,-1,-1,-1,-1,-1,-1
201401MM70354,1,11,0,4,0,2,0,0,0,0,0,1,1,1,42,7,8268,2,11,2,1
201401MM70356,1,1,0,7,0,8,0,0,0,0,3,1,6,1,16,4,-1,-1,-1,3,1
201401MM70356,2,9,0,18,0,8,0,0,0,0,1,1,6,3,-1,-1,-1,-1,-1,-1,-1
201401MM70357,1,1,0,18,0,8,0,0,0,0,4,1,6,1,40,7,-1,-1,-1,4,1
201401MM70357,2,19,0,18,0,8,0,0,0,0,1,1,6,3,-1,-1,-1,-1,-1,-1,-1
201401MM70358,1,11,0,18,0,1,0,0,0,0,1,1,1,1,60,9,-1,-1,-1,-1,1
201401MM70361,1,1,0,18,0,1,0,0,0,0,1,1,6,1,30,6,-1,-1,-1,6,1
201401MM70362,1,19,0,18,0,8,0,0,0,0,1,1,1,1,39,7,1598,2,1,6,1
201401MM70362,2,9,0,9,0,8,0,0,0,0,4,1,6,1,38,7,1896,2,6,3,1
201401MM70363,1,1,0,18,0,1,0,0,0,0,3,1,6,1,30,6,-1,-1,-1,3,1
201401MM70363,2,9,0,11,0,1,0,0,0,0,4,1,6,2,-1,-1,1587,1,8,-1,-1
201401MM70364,1,9,0,9,0,8,0,0,0,0,4,1,6,1,28,6,1242,1,10,1,1
201401MM70364,2,1,0,18,0,8,0,0,0,0,1,1,6,1,25,5,-1,-1,-1,8,1
201401MM70365,1,3,0,18,0,8,0,0,0,0,1,1,6,1,18,4,125,1,7,2,1
201401MM70365,2,9,0,9,0,8,0,0,0,0,4,1,6,1,57,9,1398,1,3,2,1
201401MM70366,1,9,0,15,0,8,0,0,0,0,1,1,6,1,21,5,1896,2,8,2,1
201401MM70366,2,3,0,18,0,8,0,0,0,0,1,1,6,1,20,4,125,1,2,4,1
201401MM70367,1,9,0,3,0,1,0,0,0,0,2,1,6,1,55,8,1997,2,6,-1,-1
201401MM70367,2,9,0,18,0,1,0,0,0,0,1,1,6,3,-1,-1,1390,1,1,-1,-1
201401MM70368,1,1,0,18,0,1,0,0,0,0,2,1,6,1,27,6,-1,-1,-1,-1,-1
201401MM70368,2,9,0,1,0,1,0,0,0,0,1,1,6,3,-1,-1,-1,-1,-1,-1,-1
201401MM70369,1,9,0,18,0,8,0,0,0,0,1,1,6,1,48,8,3246,1,12,2,1
201401MM70369,2,4,0,18,0,8,0,0,0,0,4,1,6,1,40,7,279,1,3,6,1
201401MM70370,1,11,0,4,0,1,0,0,0,0,0,1,1,1,26,6,-1,-1,-1,7,1
201401MM70371,1,11,0,18,0,2,0,0,0,0,0,1,1,1,28,6,7300,2,8,3,1
201401MM70373,1,8,0,3,0,1,0,0,0,0,2,1,1,1,47,8,2499,2,6,-1,-1
201401MM70373,2,9,0,4,0,1,0,0,0,0,1,1,6,1,31,6,999,1,1,5,1
201401MM70374,1,11,0,18,0,2,0,0,0,0,1,1,1,2,33,6,4760,2,3,2,1
201401MM70375,1,9,0,9,0,8,0,0,0,0,4,1,6,2,43,7,2688,2,12,3,1
201401MM70375,2,3,0,18,0,8,0,0,0,0,1,1,6,1,36,7,279,1,7,9,1
201401MM70376,1,2,0,3,0,1,0,0,0,0,2,1,6,2,23,5,125,1,4,5,1
201401MM70376,2,90,0,5,0,1,0,0,0,0,1,1,1,1,58,9,9200,2,6,2,1
201401MM70377,1,9,0,1,0,8,0,0,0,0,2,1,6,1,-1,-1,1240,1,11,1,1
201401MM70377,2,9,0,18,0,8,0,0,0,0,1,1,6,2,-1,-1,1995,2,2,5,1
201401MM70378,1,3,0,13,0,8,0,0,0,0,4,1,6,1,41,7,124,1,9,2,1
201401MM70378,2,9,0,9,0,8,0,0,0,0,3,1,6,2,-1,-1,1598,1,12,-1,-1
201401MM70379,1,9,0,7,0,8,0,0,0,0,3,1,6,1,19,4,1397,1,13,-1,-1
201401MM70379,2,3,0,18,0,8,0,0,0,0,1,1,6,1,32,6,125,1,10,3,1
201401MM70380,1,9,0,18,0,1,0,0,0,0,1,1,6,1,22,5,1398,1,3,-1,-1
201401MM70382,1,9,0,4,0,1,0,0,0,0,2,1,6,2,39,7,1149,1,14,5,1
201401MM70382,2,9,0,4,0,1,0,0,0,0,1,1,6,1,48,8,3199,1,14,2,1
201401MM70383,1,9,0,11,0,2,0,0,0,0,4,1,6,2,50,8,1461,2,3,2,1
201401MM70383,2,1,0,18,0,2,0,0,0,0,3,1,6,1,53,8,-1,-1,-1,4,1
201401MM70385,1,5,0,6,0,1,0,0,0,0,2,1,6,1,42,7,600,1,7,5,1
201401MM70385,2,9,0,18,0,1,0,0,0,0,1,1,6,1,46,8,-1,-1,-1,-1,-1
201401MM70386,1,1,0,18,0,2,0,0,0,0,2,1,6,1,17,4,-1,-1,-1,-1,1
201401MM70386,2,9,0,18,0,2,0,0,0,0,1,1,6,3,-1,-1,-1,-1,-1,-1,-1
201401MM70387,1,9,0,3,0,1,0,0,0,0,2,1,6,1,54,8,-1,-1,-1,-1,-1
201401MM70387,2,9,0,4,0,1,0,0,0,0,1,1,6,1,-1,-1,-1,-1,-1,-1,-1
201401MM70388,1,19,0,13,0,8,0,0,0,0,3,1,6,1,40,7,1868,2,11,2,1
201401MM70388,2,9,0,9,0,8,0,0,0,0,3,1,6,1,20,4,1968,2,6,5,1
201401MM70389,1,1,0,18,0,1,0,0,0,0,0,1,6,2,31,6,-1,-1,-1,2,1
201401MM70390,1,9,0,18,0,1,0,0,0,0,1,1,6,1,23,5,1995,2,10,4,1
201401MM70390,2,9,0,3,0,1,0,0,0,0,2,1,6,1,56,9,1995,1,11,-1,1
201401MM70391,1,11,0,4,0,1,0,0,0,0,1,1,1,1,50,8,-1,-1,-1,3,1
201401MM70391,2,20,0,4,0,1,0,0,0,0,2,1,1,1,30,6,8970,2,16,-1,-1
201401MM70392,1,9,0,4,0,1,0,0,0,0,2,1,6,1,25,5,1390,1,15,5,1
201401MM70392,2,19,0,4,0,1,0,0,0,0,1,1,1,1,31,6,1995,2,3,2,1
201401MM70393,1,9,0,9,0,8,0,0,0,0,1,1,6,2,46,8,2926,2,11,3,1
201401MM70393,2,9,0,18,0,8,0,0,4,6,4,1,6,1,-1,-1,2993,2,9,8,1
201401MM70394,1,9,0,18,0,8,0,0,0,0,1,1,1,1,51,8,1598,1,7,2,1
201401MM70394,2,1,0,18,0,8,0,0,0,0,4,1,6,2,14,3,-1,-1,-1,3,1
201401MM70396,1,11,0,18,0,8,0,0,0,0,4,1,1,1,64,9,12000,2,5,10,1
201401MM70397,1,9,0,3,0,8,0,0,0,0,2,1,1,1,31,6,-1,-1,-1,5,1
201401MM70397,2,9,0,4,0,8,0,0,0,0,1,1,6,3,-1,-1,-1,-1,-1,-1,-1
201401MM70398,1,9,0,18,0,8,0,0,0,0,4,1,6,1,69,10,1896,2,12,-1,-1
201401MM70398,2,21,0,18,0,8,0,0,0,0,1,1,1,1,35,6,11967,2,3,5,1
201401MM70399,1,11,0,4,0,1,0,0,0,0,0,1,1,1,64,9,4500,2,2,3,1
201401MM70400,1,9,0,18,0,8,0,0,0,0,1,1,6,1,33,6,1390,1,9,5,1
201401MM70400,2,9,0,9,0,8,0,0,0,0,4,1,6,1,-1,-1,-1,-1,-1,-1,-1
201401MM70402,1,3,0,18,0,0,0,0,0,0,1,1,1,1,39,7,124,1,1,2,1
201401MM70403,1,8,0,6,0,8,0,0,0,0,0,1,1,1,49,8,1997,2,1,2,1
201401MM70403,2,4,0,14,0,8,0,0,0,0,0,1,2,1,29,6,649,1,2,8,1
201401MM70404,1,9,0,3,0,0,0,0,0,0,2,1,6,1,44,7,1868,2,10,-1,1
201401MM70404,2,19,0,18,0,0,0,0,0,0,1,1,6,1,-1,-1,2198,2,2,-1,-1
201401MM70407,1,9,0,7,0,1,0,0,0,0,1,1,6,1,59,9,-1,-1,-1,4,1
201401MM70409,1,9,0,7,0,1,0,0,0,0,4,1,6,1,48,8,3246,1,8,2,1
201401MM70409,2,1,0,18,0,1,0,0,0,0,1,1,6,1,24,5,-1,-1,-1,-1,-1
201401MM70411,1,9,0,5,0,1,0,10,1,10,4,1,6,1,59,9,1598,1,7,4,1
201401MM70412,1,9,0,11,0,2,0,0,0,0,4,1,6,1,30,6,1995,1,10,6,1
201401MM70412,2,3,0,15,0,2,0,0,0,0,3,1,6,1,24,5,125,1,9,4,1
201401MM70414,1,9,0,4,0,1,0,0,0,0,1,1,6,1,65,9,1995,2,7,-1,-1
201401MM70414,2,9,0,3,0,1,0,0,0,0,2,1,6,2,32,6,698,1,10,2,1
201401MM70416,1,9,0,18,0,1,0,0,0,0,1,1,6,3,-1,-1,-1,-1,-1,-1,-1
201401MM70417,1,2,0,17,0,8,0,0,0,0,1,1,6,1,39,7,49,1,14,2,1
201401MM70417,2,8,0,9,0,8,0,0,0,0,1,1,1,1,-1,-1,2664,2,13,4,3
201401MM70418,1,9,0,18,0,1,0,0,0,0,4,1,6,1,28,6,1895,1,15,7,1
201401MM70419,1,9,0,7,0,5,0,0,0,0,1,1,6,3,-1,-1,-1,-1,-1,-1,-1
201401MM70419,2,1,0,18,0,8,0,0,0,0,3,1,2,2,20,4,-1,-1,-1,2,1
201401MM70420,1,1,0,18,0,1,0,0,0,0,1,1,6,1,32,6,-1,-1,-1,1,1
201401MM70420,2,9,0,2,0,1,0,0,0,0,2,1,6,3,-1,-1,-1,-1,-1,-1,-1
201401MM70422,1,9,0,7,0,8,0,0,0,0,3,1,6,1,37,7,1991,2,7,2,1
201401MM70422,2,1,0,18,0,8,0,0,0,0,1,1,6,1,16,4,-1,-1,-1,2,1
201401MM70423,1,9,0,9,0,8,0,0,0,0,3,1,6,1,22,5,1199,1,9,1,1
201401MM70423,2,1,0,18,0,8,0,0,0,0,1,1,6,1,28,6,-1,-1,-1,2,1
201401MM70424,1,9,0,10,0,8,0,0,0,0,2,1,6,1,26,6,1995,1,6,3,1
201401MM70424,2,19,0,18,0,8,0,0,0,0,1,1,1,1,37,7,2151,2,12,-1,1
201401MM70425,1,11,0,4,0,2,0,0,0,0,0,1,1,1,49,8,6700,2,3,6,1
201401MM70426,1,9,0,18,0,1,0,0,0,0,4,1,6,1,29,6,1598,1,13,8,1
201401MM70426,2,9,0,12,0,1,0,0,0,0,3,1,6,1,-1,-1,1767,1,13,-1,-1
201401MM70427,1,9,0,18,0,8,0,0,0,0,4,1,6,2,51,8,2204,2,5,4,1
201401MM70427,2,2,0,9,0,8,0,0,0,0,1,1,6,1,-1,-1,-1,-1,-1,-1,-1
201401MM70430,1,3,0,18,0,2,0,0,0,0,1,1,6,1,23,5,125,1,2,2,1
201401MM70432,1,11,0,4,0,0,0,0,0,0,0,1,1,1,42,7,-1,2,12,5,1
201401MM70433,1,11,0,7,0,8,0,0,0,0,0,1,1,1,51,8,4760,2,3,3,1
201401MM70434,1,11,0,13,3,0,0,0,0,0,4,1,1,1,28,6,6370,2,5,2,1
201401MM70435,1,9,0,18,0,8,0,0,0,0,1,1,6,2,36,7,1598,1,3,-1,-1
201401MM70435,2,3,0,9,0,8,0,0,0,0,4,1,6,1,30,6,125,1,5,1,1
201401MM70436,1,3,0,18,0,0,0,0,0,0,3,1,1,1,-1,-1,124,1,8,-1,-1
201401MM70436,2,9,0,13,0,0,0,0,0,0,4,1,6,3,-1,-1,-1,-1,-1,-1,-1
201401MM70437,1,1,0,18,0,8,0,0,0,0,2,1,6,1,31,6,-1,-1,-1,-1,1
201401MM70437,2,8,0,18,0,8,0,0,0,0,1,1,6,1,-1,-1,2499,2,4,-1,-1
201401MM70438,1,9,0,18,0,1,0,0,0,0,4,1,6,2,39,7,1240,1,8,3,1
201401MM70438,2,9,0,5,0,1,0,0,0,0,3,1,6,1,39,7,1587,1,10,3,1
201401MM70439,1,1,0,14,0,0,0,0,0,0,1,1,6,1,-1,-1,-1,-1,-1,-1,-1
201401MM70440,1,11,0,14,0,0,0,0,0,0,3,1,1,1,55,8,9600,2,12,-1,1
201401MM70440,2,9,0,14,0,0,0,0,0,0,3,1,6,1,-1,-1,1242,1,7,-1,-1
201401MM70440,3,9,0,2,0,0,0,0,0,0,3,1,6,3,-1,-1,1968,2,2,-1,-1
201401MM70442,1,9,0,9,0,5,0,0,0,0,1,1,6,2,23,5,1124,1,10,2,1
201401MM70442,2,1,0,18,4,8,0,0,0,0,1,1,6,1,24,5,-1,-1,-1,3,1
201401MM70443,1,1,0,18,4,8,0,0,0,0,3,1,2,1,29,6,-1,-1,-1,7,1
201401MM70443,2,9,0,9,0,5,0,0,0,0,1,1,6,2,-1,-1,-1,-1,-1,-1,-1
201401MM70444,1,9,0,9,0,8,0,0,0,0,4,1,6,1,31,6,2987,2,4,4,1
201401MM70444,2,1,0,18,0,8,0,0,0,0,1,1,6,1,33,6,-1,-1,-1,3,1
201401MM70445,1,19,0,9,0,6,0,0,0,0,3,1,1,1,39,7,1560,2,3,-1,-1
201401MM70446,1,9,0,7,0,8,0,0,0,0,4,1,6,3,-1,-1,-1,-1,-1,-1,-1
201401MM70446,2,1,0,7,0,8,0,0,0,0,3,1,6,1,37,7,-1,-1,-1,3,1
201401MM70448,1,4,0,18,0,0,0,0,0,0,4,1,6,1,21,5,125,1,-1,2,1
201401MM70449,1,9,0,9,0,6,0,0,0,0,1,1,6,2,24,5,1229,1,-1,4,1
201401MM70449,2,1,0,18,0,8,0,0,0,0,3,1,6,1,25,5,-1,-1,-1,1,1
201401MM70450,1,1,0,4,0,8,0,0,0,0,0,1,2,1,30,6,-1,-1,-1,5,1
201401MM70450,2,19,0,13,0,8,0,0,0,0,0,1,6,3,-1,-1,-1,-1,-1,-1,-1
201401MM70451,1,9,0,18,0,1,0,0,0,0,4,1,6,1,31,6,1997,2,-1,-1,1
201401MM70451,2,1,0,15,0,1,0,0,0,0,3,1,6,1,36,7,-1,-1,-1,2,1
201401MM70452,1,9,0,2,0,0,0,0,0,0,3,1,1,1,37,7,1997,2,5,2,1
201401MM70452,2,1,0,14,0,0,0,8,0,0,1,1,6,1,42,7,-1,-1,-1,2,1
201401MM70453,1,11,0,4,0,0,0,0,0,0,0,1,1,1,16,4,9000,2,5,9,1
201401MM70454,1,11,0,18,0,1,0,0,0,0,1,1,1,1,-1,-1,8300,2,8,-1,-1
201401MM70455,1,9,0,18,0,8,0,0,0,0,1,1,6,1,35,6,2204,2,8,3,1
201401MM70455,2,19,0,9,0,8,0,0,0,0,4,1,1,1,29,6,2198,2,5,3,1
201401MM70457,1,9,0,18,0,1,0,0,0,0,1,1,6,1,55,8,-1,-1,-1,3,1
201401MM70457,2,1,0,18,0,1,0,0,0,0,3,1,6,1,-1,-1,-1,-1,-1,-1,-1
201401MM70460,1,9,0,7,0,8,0,0,0,0,3,1,6,1,49,8,-1,-1,-1,3,1
201401MM70460,2,9,0,18,0,8,0,0,0,0,1,1,6,2,46,8,2958,2,10,3,1
201401MM70461,1,9,0,9,0,5,0,0,0,0,3,1,1,1,25,5,998,1,3,2,1
201401MM70461,2,3,0,13,0,8,0,0,0,0,4,1,1,1,49,8,849,1,3,10,1
201401MM70462,1,8,0,5,0,2,0,0,0,0,0,1,6,1,-1,-1,2402,2,10,-1,-1
201401MM70463,1,11,0,4,0,2,0,0,0,0,0,1,1,3,-1,-1,4500,2,3,-1,-1
201401MM70464,1,1,0,17,0,8,0,0,0,0,4,1,6,1,49,8,-1,-1,-1,1,1
201401MM70464,2,8,0,7,0,8,0,0,0,0,1,1,6,3,-1,-1,-1,-1,-1,-1,-1
201401MM70465,1,9,0,7,0,8,0,0,0,0,1,1,6,1,61,9,1796,1,9,-1,-1
201401MM70465,2,1,0,9,0,8,0,0,0,0,4,1,6,1,-1,-1,-1,-1,-1,4,1
201401MM70466,1,9,0,9,0,5,0,0,0,0,4,1,1,3,-1,-1,-1,-1,-1,-1,-1
201401MM70466,2,1,0,18,0,8,0,0,0,0,1,1,6,1,25,5,-1,-1,-1,3,1
201401MM70467,1,9,0,2,0,1,0,0,0,0,2,1,1,1,33,6,1598,1,2,3,1
201401MM70467,2,9,0,18,0,1,0,0,0,0,1,1,6,3,-1,-1,-1,-1,-1,-1,-1
201401MM70468,1,9,0,9,0,8,0,0,0,0,3,1,1,1,35,6,1895,1,14,2,1
201401MM70468,2,1,0,18,0,8,0,0,0,0,1,1,6,1,30,6,-1,-1,-1,6,1
201401MM70469,1,1,0,18,0,1,0,0,0,0,1,1,6,1,37,7,-1,-1,-1,4,1
201401MM70470,1,9,0,18,0,8,0,0,0,0,4,1,6,2,46,8,1598,1,7,-1,1
201401MM70470,2,9,0,18,0,8,0,0,0,0,1,1,6,2,21,5,1229,1,3,4,1
201401MM70471,1,19,0,5,0,1,0,0,0,0,3,1,1,1,43,7,2198,2,4,5,1
201401MM70471,2,3,0,18,0,1,0,0,0,0,4,1,1,1,19,4,125,1,4,3,1
201401MM70472,1,19,0,3,0,1,0,0,0,0,2,1,6,1,56,9,-1,-1,-1,-1,1
201401MM70472,2,9,0,4,0,1,0,0,0,0,1,1,6,1,-1,-1,-1,-1,-1,-1,-1
201401MM70474,1,9,0,18,0,1,0,0,0,0,1,1,6,2,29,6,1598,1,1,1,2
201401MM70474,2,1,0,18,0,1,0,0,0,0,2,1,6,1,23,5,-1,-1,-1,3,1
201401MM70475,1,9,0,7,0,8,0,0,0,0,4,1,6,1,26,6,-1,-1,-1,2,1
201401MM70475,2,1,0,15,0,8,0,0,0,0,1,1,6,1,53,8,-1,-1,-1,3,1
201401MM70478,1,1,0,4,0,8,0,0,0,0,0,1,6,2,29,6,-1,-1,-1,4,1
201401MM70478,2,9,0,7,0,8,0,0,0,0,0,1,6,1,-1,-1,1497,1,18,-1,-1
201401MM70480,1,9,0,18,0,1,0,0,0,0,1,1,6,1,25,5,2300,1,15,9,1
201401MM70481,1,11,0,4,0,1,0,0,0,0,0,1,1,3,-1,-1,-1,-1,-1,-1,-1
201401MM70482,1,9,0,18,0,1,0,0,0,0,1,1,6,1,39,7,2351,1,13,2,1
201401MM70482,2,4,0,18,0,2,0,0,0,0,1,1,6,2,51,8,124,1,9,2,1
201401MM70483,1,5,0,13,0,1,0,0,0,0,1,1,6,3,-1,-1,-1,-1,-1,-1,-1
201401MM70483,2,1,0,18,0,1,0,0,0,0,2,1,6,1,47,8,-1,-1,-1,3,1
201401MM70484,1,1,0,18,0,8,0,0,0,0,3,1,6,1,31,6,-1,-1,-1,4,1
201401MM70484,2,9,0,7,0,8,0,0,0,0,4,1,6,1,-1,-1,1995,1,8,-1,-1
201401MM70485,1,9,0,4,0,1,0,0,0,0,2,1,6,1,33,6,1799,1,8,-1,-1
201401MM70485,2,1,0,4,0,1,0,0,0,0,1,1,6,1,-1,-1,-1,-1,-1,-1,-1
201401MM70486,1,1,0,18,0,2,0,0,0,0,3,1,6,1,41,7,-1,-1,-1,-1,-1
201401MM70486,2,3,0,13,0,2,0,0,0,0,4,1,6,3,-1,-1,-1,-1,-1,-1,-1
201401MM70487,1,1,0,18,0,2,0,0,0,0,2,1,6,1,53,8,-1,-1,-1,-1,-1
201401MM70487,2,9,0,18,0,2,0,0,0,0,1,1,6,2,31,6,1388,1,12,2,1
201401MM70488,1,11,0,7,0,8,1,10,0,0,1,1,1,2,37,7,4500,2,3,-1,-1
201401MM70489,1,19,0,18,0,0,0,0,0,0,4,1,6,1,40,7,-1,-1,-1,5,1
201401MM70489,2,1,0,18,0,0,0,0,0,0,3,1,6,1,27,6,-1,-1,-1,3,1
201401MM70491,1,9,0,18,0,0,0,0,0,0,4,1,6,2,29,6,1388,1,11,5,1
201401MM70492,1,1,0,18,0,1,0,0,0,0,3,1,6,2,36,7,-1,-1,-1,3,1
201401MM70492,2,8,0,13,0,1,0,0,0,0,4,1,6,1,-1,-1,-1,-1,-1,-1,-1
201401MM70493,1,9,0,3,0,0,0,0,0,0,2,1,6,1,39,7,1968,2,3,1,1
201401MM70493,2,9,0,3,0,0,0,0,0,0,2,1,6,1,37,7,2698,2,7,1,1
201401MM70493,3,9,0,18,0,0,0,0,0,0,1,1,6,1,48,8,1988,1,14,10,3
201401MM70494,1,1,0,18,0,8,0,0,0,0,1,1,6,1,36,7,-1,-1,-1,2,1
201401MM70494,2,3,0,7,0,8,0,0,0,0,4,1,6,3,-1,-1,-1,-1,-1,-1,-1
201401MM70495,1,1,0,18,0,1,0,0,0,0,1,1,6,1,31,6,-1,-1,-1,4,1
201401MM70496,1,1,0,18,0,8,0,0,0,0,3,1,6,1,56,9,-1,-1,-1,6,1
201401MM70496,2,19,0,7,0,8,0,0,0,0,4,1,6,3,-1,-1,-1,-1,-1,-1,-1
201401MM70498,1,9,0,18,0,1,0,0,0,0,1,1,6,1,45,7,2499,1,7,-1,-1
201401MM70498,2,3,0,7,0,2,0,0,0,0,1,1,6,1,-1,-1,125,1,2,-1,-1
201401MM70500,1,3,0,18,0,1,0,0,0,0,1,1,6,1,22,5,125,1,5,3,1
201401MM70500,2,9,0,6,0,2,0,0,0,0,3,1,6,2,40,7,1753,2,14,5,1
201401MM70501,1,9,0,9,0,8,0,0,0,0,1,1,6,1,39,7,-1,-1,-1,6,1
201401MM70501,2,9,0,18,0,8,0,0,0,0,3,1,6,2,31,6,2143,2,3,8,1
201401MM70502,1,9,0,7,0,8,0,0,0,0,0,1,6,3,-1,-1,-1,-1,-1,-1,-1
201401MM70502,2,1,0,18,0,8,0,0,0,0,0,1,6,1,32,6,-1,-1,-1,-1,1
201401MM70503,1,9,0,18,0,8,0,0,0,0,1,1,6,1,69,10,996,1,2,2,1
201401MM70503,2,19,0,9,0,8,0,0,0,0,1,1,6,1,22,5,2400,2,11,3,1
201401MM70505,1,1,0,18,0,8,0,0,0,0,0,1,6,2,33,6,-1,-1,-1,-1,1
201401MM70505,2,9,0,9,0,8,0,0,0,0,0,1,6,3,-1,-1,-1,-1,-1,-1,-1
201401MM70506,1,9,0,9,0,8,0,0,0,0,3,1,6,1,53,8,1896,2,8,1,1
201401MM70506,2,1,0,18,0,8,0,0,0,0,1,1,6,1,36,7,-1,-1,-1,-1,1
201401MM70507,1,3,0,18,0,8,0,0,0,0,1,1,6,1,60,9,124,1,3,2,1
201401MM70507,2,9,0,9,0,8,0,0,0,0,3,1,6,2,34,6,2969,2,6,5,1
201401MM70508,1,11,0,18,0,1,0,10,1,4,1,1,1,3,-1,-1,-1,-1,-1,-1,-1
201401MM70509,1,3,0,18,0,1,1,0,0,0,0,1,6,1,25,5,-1,-1,-1,8,3
201401MM70510,1,3,0,14,0,8,0,0,0,0,1,1,6,1,24,5,-1,-1,-1,2,1
201401MM70510,2,9,0,9,0,8,0,0,0,0,1,1,6,1,42,7,1989,1,14,3,1
201401MM70511,1,9,0,7,0,8,0,0,0,0,4,1,6,1,21,5,1400,1,8,6,1
201401MM70511,2,1,0,15,0,8,0,0,0,0,1,1,6,1,22,5,-1,-1,-1,3,1
201401MM70512,1,8,0,18,0,8,0,0,0,0,1,1,1,1,60,9,2499,2,-1,6,1