Accident_Index,Vehicle_Reference,Vehicle_Type,Towing_and_Articulation,Vehicle_Manoeuvre,Vehicle_Location-Restricted_Lane,Junction_Location,Skidding_and_Overturning,Hit_Object_in_Carriageway,Vehicle_Leaving_Carriageway,Hit_Object_off_Carriageway,1st_Point_of_Impact,Was_Vehicle_Left_Hand_Drive?,Journey_Purpose_of_Driver,Sex_of_Driver,Age_of_Driver,Age_Band_of_Driver,Engine_Capacity_(CC),Propulsion_Code,Age_of_Vehicle,Driver_IMD_Decile,Driver_Home_Area_Type
201401MM70512,2,8,0,18,0,8,0,0,0,0,1,1,6,3,-1,-1,-1,-1,-1,-1,-1
201401MM70513,1,9,0,11,0,1,0,0,0,0,4,1,6,1,41,7,2993,2,7,4,1
201401MM70513,2,1,0,18,0,1,0,0,0,0,3,1,6,1,32,6,-1,-1,-1,4,1
201401MM70514,1,1,0,18,0,1,0,0,0,0,1,1,6,1,24,5,-1,-1,-1,-1,1
201401MM70516,1,19,0,9,0,8,0,0,0,0,4,1,1,1,35,6,-1,-1,-1,4,2
201401MM70516,2,5,0,18,0,8,0,0,0,0,1,1,6,1,43,7,-1,-1,-1,5,1
201401MM70517,1,9,0,9,0,8,0,0,0,0,3,1,6,1,38,7,1998,1,13,-1,-1
201401MM70517,2,1,0,18,0,8,0,0,0,0,1,1,6,1,25,5,-1,-1,-1,3,1
201401MM70518,1,9,0,5,0,2,0,0,0,0,1,1,6,1,36,7,1598,1,3,3,1
201401MM70519,1,4,0,14,0,1,0,0,0,0,1,1,6,3,-1,-1,-1,-1,-1,-1,-1
201401MM70520,1,1,0,18,0,1,0,0,0,0,3,1,6,2,22,5,-1,-1,-1,2,1
201401MM70520,2,9,0,2,0,1,0,0,0,0,0,1,6,1,46,8,2995,1,10,2,1
201401MM70520,3,20,0,18,0,1,0,0,0,0,4,1,6,1,39,7,-1,-1,-1,-1,1
201401MM70521,1,3,0,18,0,2,0,0,0,0,1,1,6,1,33,6,125,1,1,3,1
201401MM70522,1,9,0,18,0,0,5,4,0,0,1,1,6,1,23,5,1900,2,8,2,1
201401MM70522,2,9,0,2,0,0,0,0,0,0,2,1,6,3,-1,-1,-1,-1,-1,-1,-1
201401MM70523,1,8,0,18,0,2,0,10,1,2,1,1,6,1,67,10,2446,2,13,-1,-1
201401MM70528,1,9,0,18,0,0,0,0,0,0,4,1,6,1,39,7,1598,2,1,4,1
201401MM70529,1,9,0,18,0,0,0,7,0,0,1,1,6,2,47,8,-1,-1,-1,2,1
201401MM70530,1,9,0,4,0,1,0,0,0,0,1,1,6,1,-1,-1,-1,-1,-1,-1,-1
201401MM70530,2,3,0,3,0,1,0,0,0,0,2,1,6,1,25,5,-1,-1,-1,4,1
201401MM70531,1,9,0,18,0,2,0,0,0,0,4,1,6,1,31,6,1390,1,13,-1,-1
201401MM70532,1,1,0,18,0,2,0,0,0,0,1,1,6,1,45,7,-1,-1,-1,3,1
201401MM70533,1,9,0,18,0,0,0,4,0,0,1,1,2,1,42,7,1368,1,9,9,1
201401MM70533,2,9,0,2,0,0,0,0,0,0,1,1,6,3,-1,-1,-1,-1,-1,-1,-1
201401MM70534,1,9,0,9,0,8,0,0,0,0,4,1,6,1,56,9,1794,1,12,-1,-1
201401MM70534,2,3,0,18,0,8,0,0,0,0,1,1,6,1,26,6,125,1,3,3,1
201401MM70535,1,9,0,14,0,2,0,0,0,0,4,1,6,1,52,8,1998,1,10,5,1
201401MM70537,1,9,0,9,0,8,0,0,0,0,1,1,6,1,33,6,1388,1,10,1,1
201401MM70537,2,9,0,18,0,8,0,0,0,0,1,1,6,2,60,9,1560,2,9,4,1
201401MM70538,1,1,0,16,0,8,0,0,0,0,2,1,6,1,39,7,-1,-1,-1,2,1
201401MM70538,2,5,0,16,0,8,0,0,0,0,1,1,6,3,-1,-1,-1,-1,-1,-1,-1
201401MM70539,1,11,0,5,0,0,0,0,0,0,0,1,1,1,-1,-1,6700,2,5,-1,-1
201401MM70540,1,1,0,18,0,1,0,0,0,0,2,1,6,1,-1,-1,-1,-1,-1,-1,-1
201401MM70540,2,9,0,18,0,1,0,0,0,0,1,1,6,3,-1,-1,-1,-1,-1,-1,-1
201401MM70541,1,5,0,18,0,1,0,0,0,0,1,1,6,1,29,6,600,1,13,2,1
201401MM70541,2,9,0,6,0,2,0,0,0,0,3,1,6,1,-1,-1,1199,1,12,-1,-1
201401MM70542,1,1,0,18,0,8,0,0,0,0,3,1,6,2,25,5,-1,-1,-1,4,1
201401MM70542,2,9,0,7,0,8,0,0,0,0,4,1,6,1,60,9,-1,-1,-1,9,1
201401MM70543,1,9,0,18,0,1,0,0,0,0,1,1,6,1,34,6,1850,1,13,1,1
201401MM70543,2,19,0,3,0,1,0,0,0,0,2,1,6,2,26,6,1560,2,2,2,1
201401MM70543,3,9,0,3,0,1,0,0,0,0,2,1,6,1,58,9,2997,1,13,6,1
201401MM70544,1,19,0,7,0,8,0,0,0,0,4,1,6,1,32,6,2402,2,3,-1,-1
201401MM70544,2,3,0,15,0,8,0,0,0,0,1,1,6,1,39,7,125,1,7,4,1
201401MM70547,1,9,0,9,0,8,0,0,0,0,3,1,6,1,40,7,2148,2,9,1,1
201401MM70547,2,1,0,18,0,8,0,0,0,0,1,1,6,1,28,6,-1,-1,-1,3,1
201401MM70548,1,9,0,6,0,0,0,0,0,0,3,1,6,2,60,9,998,1,3,4,1
201401MM70548,2,9,0,18,0,0,0,0,0,0,1,1,6,1,56,9,1968,2,6,6,1
201401MM70549,1,4,0,18,0,0,0,0,0,0,1,1,6,1,46,8,-1,-1,-1,2,1
201401MM70549,2,1,0,18,0,0,0,0,0,0,2,1,6,1,26,6,-1,-1,-1,2,1
201401MM70550,1,9,0,9,0,8,0,0,0,0,4,1,6,1,-1,-1,2148,2,11,3,1
201401MM70550,2,1,0,18,0,8,0,0,0,0,1,1,6,2,30,6,-1,-1,-1,3,1
201401MM70551,1,1,0,18,0,8,0,0,0,0,1,1,6,1,28,6,-1,-1,-1,5,1
201401MM70551,2,9,0,9,0,8,0,0,0,0,4,1,6,3,-1,-1,1995,2,5,-1,-1
201401MM70552,1,11,0,18,0,1,0,0,0,0,1,1,1,1,-1,-1,-1,-1,-1,-1,-1
201401MM70553,1,1,0,7,0,8,0,0,0,0,3,1,6,1,41,7,-1,-1,-1,2,1
201401MM70553,2,9,0,18,0,8,0,0,0,0,1,1,6,1,32,6,1598,2,3,5,1
201401MM70554,1,1,0,18,0,1,0,0,0,0,1,1,6,2,26,6,-1,-1,-1,3,1
201401MM70555,1,9,0,6,0,1,0,0,0,0,3,1,6,1,36,7,1998,1,13,4,1
201401MM70555,2,1,0,18,0,1,0,0,0,0,3,1,6,2,27,6,-1,-1,-1,2,1
201401MM70556,1,10,0,18,0,1,0,0,0,0,1,1,1,1,31,6,-1,-1,-1,2,1
201401MM70558,1,9,0,18,0,2,0,0,0,0,4,1,6,1,56,9,1749,1,13,3,1
201401MM70559,1,2,0,15,0,8,0,0,0,0,3,1,6,1,16,4,-1,-1,-1,3,1
201401MM70559,2,9,0,7,0,8,0,0,0,0,4,1,6,1,48,8,1598,1,4,4,1
201401MM70560,1,9,0,7,0,8,0,0,0,0,3,1,6,2,37,7,3500,1,10,4,1
201401MM70560,2,9,0,18,0,8,0,0,0,0,4,1,6,1,21,5,-1,-1,-1,2,1
201401MM70561,1,9,0,13,0,0,0,0,0,0,4,1,6,2,85,11,973,1,11,3,1
201401MM70561,2,1,0,18,0,0,0,0,0,0,3,1,6,2,5,1,-1,-1,-1,-1,-1
201401MM70563,1,8,0,18,0,0,0,0,0,0,1,1,6,1,39,7,2993,2,4,4,1
201401MM70563,2,11,0,3,0,0,0,0,0,0,2,1,1,1,43,7,4500,2,4,2,1
201401MM70564,1,9,0,2,0,0,0,0,0,0,3,1,6,1,44,7,1242,1,6,2,1
201401MM70564,2,1,0,18,0,0,0,8,0,0,1,1,6,2,6,2,-1,-1,-1,4,1
201401MM70565,1,9,0,7,0,8,0,0,0,0,4,1,6,2,58,9,1995,1,8,4,1
201401MM70565,2,1,0,18,0,8,0,0,0,0,1,1,6,1,44,7,-1,-1,-1,-1,1
201401MM70566,1,11,0,4,0,1,0,0,0,0,0,1,1,1,58,9,4461,2,-1,2,1
201401MM70567,1,1,0,14,0,2,0,0,0,0,4,1,6,2,33,6,-1,-1,-1,2,1
201401MM70568,1,9,0,3,0,1,0,0,0,0,2,1,6,1,56,9,1991,1,15,3,1
201401MM70568,2,9,0,4,0,1,0,0,0,0,1,1,6,3,-1,-1,1798,1,4,-1,-1
201401MM70569,1,19,0,9,0,8,0,0,0,0,4,1,6,1,25,5,1753,2,6,1,1
201401MM70569,2,1,0,18,0,8,0,0,0,0,1,1,6,1,48,8,-1,-1,-1,1,1
201401MM70570,1,3,0,18,0,8,0,0,0,0,2,1,6,1,-1,-1,-1,-1,-1,4,1
201401MM70570,2,1,0,9,0,8,0,0,0,0,2,1,6,1,48,8,-1,-1,-1,3,1
201401MM70571,1,9,0,9,0,8,0,0,0,0,4,1,6,1,28,6,-1,-1,-1,3,1
201401MM70571,2,9,0,18,0,8,0,0,0,0,1,1,6,2,58,9,1598,1,6,2,1
201401MM70572,1,11,0,18,0,1,0,0,0,0,1,1,1,3,-1,-1,9360,2,3,-1,-1
201401MM70573,1,9,0,9,0,2,0,0,0,0,1,1,6,2,29,6,999,1,13,3,1
201401MM70574,1,9,0,11,0,1,0,0,0,0,4,1,6,1,23,5,1198,1,7,7,1
201401MM70574,2,4,0,18,0,1,0,0,0,0,3,1,6,1,28,6,125,1,5,5,1
201401MM70575,1,4,0,5,0,1,0,0,0,0,1,1,6,1,-1,-1,-1,-1,-1,-1,1
201401MM70575,2,1,0,3,0,1,0,0,0,0,2,1,6,1,-1,-1,-1,-1,-1,-1,1
201401MM70576,1,8,0,18,0,0,0,0,0,0,1,1,6,1,66,10,2499,2,-1,1,1
201401MM70576,2,9,0,2,0,0,0,0,0,0,2,1,6,3,-1,-1,1995,1,11,-1,-1
201401MM70578,1,1,0,18,0,1,0,0,0,0,1,1,6,1,21,5,-1,-1,-1,3,1
201401MM70579,1,1,0,9,0,8,0,0,0,0,3,1,6,2,57,9,-1,-1,-1,-1,-1
201401MM70579,2,9,0,7,0,8,0,0,0,0,4,1,6,1,42,7,1995,2,3,10,1
201401MM70581,1,9,0,18,0,0,0,0,0,0,4,1,6,3,-1,-1,-1,-1,-1,-1,-1
201401MM70581,2,1,0,11,0,0,0,0,0,0,3,1,6,1,46,8,-1,-1,-1,3,1
201401MM70582,1,1,0,18,0,8,0,0,0,0,1,1,6,1,38,7,-1,-1,-1,-1,-1
201401MM70582,2,9,0,7,0,8,0,0,0,0,4,1,6,2,-1,-1,-1,-1,-1,-1,-1
201401MM70584,1,9,0,3,0,0,0,0,0,0,2,1,6,1,-1,-1,998,1,3,-1,-1
201401MM70584,2,9,0,3,0,0,0,0,0,0,3,1,6,1,-1,-1,1797,8,3,-1,-1
201401MM70584,3,3,0,18,0,0,0,0,0,0,1,1,6,1,23,5,108,1,6,1,1
201401MM70585,1,11,0,18,0,0,0,0,0,0,1,1,1,1,56,9,6700,2,5,3,1
201401MM70587,1,9,0,9,0,8,0,0,0,0,4,1,6,1,32,6,1997,2,10,4,1
201401MM70587,2,5,0,18,0,8,0,0,0,0,1,1,6,1,51,8,1237,1,2,9,1
201401MM70588,1,1,0,3,0,0,0,0,0,0,2,1,6,2,32,6,-1,-1,-1,5,1
201401MM70588,2,9,0,18,0,0,0,0,0,0,1,1,6,3,-1,-1,-1,-1,-1,-1,-1
201401MM70589,1,9,0,18,0,8,0,0,0,0,1,1,6,1,32,6,3199,1,15,2,1
201401MM70589,2,2,0,9,0,8,0,0,0,0,3,1,6,1,16,4,-1,-1,-1,3,1
201401MM70590,1,8,0,18,0,0,0,0,0,0,1,1,6,1,47,8,2499,2,3,7,1
201401MM70590,2,9,0,18,0,0,0,0,0,0,4,1,6,1,24,5,1686,2,10,-1,-1
201401MM70591,1,9,0,18,0,0,0,0,0,0,4,1,6,1,35,6,1798,8,1,1,1
201401MM70591,2,9,0,6,0,0,0,0,0,0,3,1,6,2,41,7,1999,1,6,2,1
201401MM70592,1,9,0,3,0,1,0,0,0,0,3,1,6,1,56,9,1598,1,10,-1,-1
201401MM70592,2,1,0,18,0,1,0,0,0,0,1,1,6,1,18,4,-1,-1,-1,-1,-1
201401MM70597,1,1,0,18,0,0,0,0,0,0,1,1,6,2,21,5,-1,-1,-1,3,1
201401MM70597,2,9,0,2,0,0,0,0,0,0,2,1,6,3,-1,-1,1598,1,13,-1,-1
201401MM70598,1,9,0,18,0,1,0,0,0,0,1,1,6,1,-1,-1,-1,-1,-1,-1,-1
201401MM70599,1,11,0,5,0,8,0,0,0,0,0,1,1,1,48,8,6700,2,4,3,1
201401MM70601,1,9,0,18,0,2,0,0,0,0,1,1,6,1,26,6,1497,8,13,-1,-1
201401MM70603,1,9,0,18,0,8,0,0,0,0,1,1,1,1,-1,-1,-1,-1,-1,-1,-1
201401MM70603,2,9,0,18,0,8,0,0,0,0,1,1,6,2,38,7,1149,1,2,2,1
201401MM70607,1,1,0,18,0,8,0,0,0,0,1,1,6,1,22,5,-1,-1,-1,-1,-1
201401MM70607,2,9,0,7,0,8,0,0,0,0,3,1,6,1,-1,-1,-1,-1,-1,-1,-1
201401MM70609,1,19,0,4,0,1,0,0,0,0,2,1,6,1,37,7,-1,-1,-1,4,1
201401MM70609,2,9,0,4,0,1,0,0,0,0,1,1,6,1,-1,-1,1299,1,11,-1,-1
201401MM70612,1,9,0,3,0,0,0,0,0,0,2,1,6,1,66,10,1997,2,14,6,1
201401MM70612,2,9,0,18,0,0,0,0,0,0,1,1,6,1,-1,-1,1461,2,-1,-1,-1
201401MM70613,1,11,0,18,0,2,0,0,0,0,1,1,1,1,44,7,4500,2,3,6,1
201401MM70613,2,11,0,3,0,2,0,0,0,0,2,1,1,1,59,9,8268,2,11,3,1
201401MM70614,1,9,0,18,0,8,0,0,0,0,1,1,6,1,32,6,1998,2,6,5,1
201401MM70615,1,9,0,18,0,1,0,0,0,0,1,1,2,1,20,4,1596,1,7,1,1
201401MM70615,2,9,0,4,0,1,0,0,0,0,2,1,2,1,40,7,1497,8,6,-1,1
201401MM70616,1,9,0,9,0,8,0,0,0,0,4,1,6,2,25,5,-1,-1,-1,3,1
201401MM70616,2,1,0,15,0,8,0,0,0,0,1,1,6,1,40,7,-1,-1,-1,1,1
201401MM70617,1,19,0,2,0,0,0,0,0,0,3,1,6,3,-1,-1,2143,2,1,-1,-1
201401MM70617,2,11,0,18,0,0,0,0,0,0,0,1,6,3,-1,-1,-1,-1,-1,-1,-1
201401MM70618,1,1,0,18,0,0,0,0,0,0,2,1,6,2,34,6,-1,-1,-1,-1,-1
201401MM70618,2,1,0,18,0,0,0,0,0,0,1,1,6,1,34,6,-1,-1,-1,-1,-1
201401MM70619,1,5,0,14,0,1,0,0,0,0,1,1,6,1,38,7,1130,1,11,3,1
201401MM70620,1,9,0,16,0,8,0,0,0,0,3,1,6,1,40,7,-1,-1,-1,2,1
201401MM70620,2,5,0,17,0,8,0,0,0,0,4,1,6,1,58,9,599,1,6,-1,-1
201401MM70621,1,3,0,9,0,8,0,0,0,0,1,1,6,1,29,6,124,1,9,1,1
201401MM70621,2,9,0,18,0,8,0,0,0,0,1,1,6,1,46,8,-1,-1,-1,3,1
201401MM70622,1,9,0,9,0,8,0,0,0,0,1,1,6,1,55,8,1984,1,12,5,1
201401MM70622,2,9,0,18,0,8,0,0,0,0,1,1,6,1,39,7,1997,2,3,2,1
201401MM70623,1,9,0,9,0,2,0,0,0,0,3,1,1,1,-1,-1,-1,-1,-1,-1,-1
201401MM70623,2,1,0,18,0,1,0,0,0,0,1,1,1,1,54,8,-1,-1,-1,2,1
201401MM70624,1,9,0,18,0,0,0,0,0,0,1,1,1,1,27,6,1560,2,3,2,1
201401MM70625,1,1,0,9,0,8,0,0,0,0,3,1,6,2,31,6,-1,-1,-1,2,1
201401MM70625,2,9,0,16,0,8,0,0,0,0,1,1,6,1,-1,-1,3222,2,10,-1,-1
201401MM70626,1,8,0,18,0,8,0,0,0,0,1,1,1,1,43,7,2148,2,3,9,1
201401MM70626,2,19,0,9,0,8,0,0,0,0,4,1,1,1,35,6,2402,2,4,3,1
201401MM70627,1,9,0,18,0,1,0,0,0,0,3,1,1,1,44,7,1598,1,15,6,1
201401MM70627,2,9,0,9,0,1,0,0,0,0,1,1,6,2,48,8,1197,1,1,1,1
201401MM70628,1,9,0,18,0,0,0,0,0,0,3,1,6,3,-1,-1,-1,-1,-1,-1,-1
201401MM70629,1,9,0,9,0,8,0,0,0,0,3,1,6,2,47,8,1998,1,13,3,1
201401MM70629,2,3,0,13,0,8,0,0,0,0,4,1,6,1,28,6,125,1,5,1,1
201401MM70630,1,9,0,18,0,1,0,0,0,0,4,1,6,1,61,9,-1,-1,-1,4,1
201401MM70631,1,9,0,6,0,8,0,0,0,0,3,1,6,1,40,7,1997,2,6,2,1
201401MM70631,2,1,0,18,0,8,0,0,0,0,1,1,6,1,18,4,-1,-1,-1,4,1
201401MM70632,1,9,0,18,0,0,0,0,0,0,1,1,6,2,67,10,1589,1,16,4,1
201401MM70633,1,1,0,18,0,8,0,0,0,0,1,1,6,1,26,6,-1,-1,-1,-1,-1
201401MM70633,2,9,0,9,0,8,0,0,0,0,4,1,1,1,29,6,1497,8,-1,3,1
201401MM70634,1,9,0,18,0,2,0,0,0,0,1,1,6,1,25,5,2000,1,9,3,1
201401MM70634,2,9,0,3,0,2,0,0,0,0,2,1,6,1,46,8,1988,1,12,9,1
201401MM70634,3,9,0,3,0,2,0,0,0,0,2,1,6,1,32,6,2497,2,2,3,1
201401MM70636,1,9,0,7,0,8,0,0,0,0,4,1,6,1,32,6,2198,1,7,4,1
201401MM70636,2,1,0,18,0,8,0,0,0,0,1,1,6,2,28,6,-1,-1,-1,3,1
201401MM70637,1,11,0,3,0,0,0,0,0,0,2,1,6,1,56,9,-1,-1,-1,-1,-1
201401MM70637,2,1,0,18,0,0,0,0,0,0,1,1,6,1,24,5,-1,-1,-1,-1,1
201401MM70638,1,9,0,18,9,2,0,10,1,4,4,1,6,1,32,6,2494,1,11,2,1
201401MM70639,1,9,0,2,0,8,0,0,0,0,3,1,6,2,24,5,1984,1,7,3,1
201401MM70639,2,9,0,17,0,8,0,0,0,0,1,1,6,1,-1,-1,3600,1,11,-1,-1
201401MM70640,1,9,0,18,0,8,0,0,0,0,1,1,6,1,41,7,1910,2,13,2,1
201401MM70640,2,1,0,9,0,8,0,0,0,0,4,1,6,1,32,6,-1,-1,-1,2,1
201401MM70642,1,1,0,18,0,0,0,0,0,0,1,1,2,1,35,6,-1,-1,-1,4,1
201401MM70643,1,9,0,9,0,8,0,0,0,0,3,1,6,2,30,6,1587,1,8,2,1
201401MM70643,2,2,0,18,0,8,0,0,0,0,1,1,6,2,29,6,42,1,12,4,1
201401MM70644,1,9,0,9,0,8,0,4,0,0,4,1,6,1,60,9,1796,1,12,8,3
201401MM70644,2,9,0,18,0,8,0,0,0,0,1,1,6,1,57,9,2720,2,6,3,1
201401MM70644,3,19,0,2,0,8,0,0,0,0,4,1,6,1,44,7,2188,2,12,6,1
201401MM70644,4,9,0,2,0,8,0,0,0,0,3,1,6,1,65,9,1390,1,19,4,1
201401MM70645,1,19,0,14,0,0,0,0,0,0,4,1,6,3,-1,-1,-1,-1,-1,-1,-1
201401MM70646,1,9,0,4,0,0,0,0,0,0,1,1,6,1,-1,-1,-1,-1,-1,-1,-1
201401MM70646,2,1,0,4,0,0,0,0,0,0,2,1,6,2,32,6,-1,-1,-1,3,1
201401MM70647,1,19,0,17,0,8,0,0,0,0,1,1,1,1,46,8,1598,7,8,6,1
201401MM70647,2,1,0,17,0,8,0,0,0,0,2,1,2,2,25,5,-1,-1,-1,5,1
201401MM70648,1,19,0,18,0,2,0,0,0,0,1,1,6,1,51,8,1968,2,-1,3,1
201401MM70648,2,3,0,18,0,1,0,0,0,0,1,1,6,1,20,4,124,1,-1,5,1
201401MM70649,1,19,0,1,0,1,0,0,0,0,2,1,6,1,36,7,1753,2,7,4,1
201401MM70650,1,9,0,18,0,1,0,0,0,0,2,1,6,1,-1,-1,-1,-1,-1,-1,-1
201401MM70650,2,9,0,18,0,1,0,0,0,0,1,1,6,1,49,8,3189,1,10,2,1
201401MM70651,1,9,0,3,0,8,0,0,0,0,2,1,6,1,31,6,1984,1,4,6,1
201401MM70651,2,1,0,18,0,8,0,0,0,0,1,1,6,1,21,5,-1,-1,-1,3,1
201401MM70652,1,9,0,4,0,8,0,0,0,0,2,1,6,2,33,6,1984,1,5,-1,1
201401MM70652,2,9,0,18,0,8,0,0,0,0,1,1,6,2,50,8,1390,1,17,4,1
201401MM70653,1,1,0,18,0,8,0,0,0,0,1,1,6,1,44,7,-1,-1,-1,2,1
201401MM70653,2,8,0,7,0,8,0,0,0,0,4,1,6,3,-1,-1,-1,-1,-1,-1,-1
201401MM70654,1,9,0,9,0,2,0,0,0,0,4,1,1,1,22,5,1968,2,4,5,1
201401MM70654,2,4,0,18,2,1,0,0,0,0,1,1,1,1,27,6,600,1,-1,3,1
201401MM70656,1,11,0,2,0,2,0,0,0,0,2,1,1,1,53,8,-1,-1,-1,3,1
201401MM70656,2,11,0,4,0,2,0,0,0,0,1,1,1,1,46,8,6700,2,3,2,1
201401MM70657,1,9,0,9,0,8,0,0,0,0,1,1,6,1,27,6,-1,-1,-1,3,1
201401MM70657,2,3,0,13,0,8,0,0,0,0,1,1,6,1,33,6,125,1,9,-1,1
201401MM70658,1,5,0,18,0,1,0,0,0,0,1,1,6,1,44,7,599,1,15,4,1
201401MM70658,2,3,0,9,0,2,0,0,0,0,3,1,1,1,32,6,108,1,-1,2,1
201401MM70661,1,5,0,18,0,2,0,0,0,0,3,1,6,1,44,7,999,1,8,5,1
201401MM70661,2,9,0,13,0,2,0,0,0,0,4,1,6,3,-1,-1,-1,-1,-1,-1,-1
201401MM70662,1,5,0,18,0,1,0,0,0,0,1,1,6,1,59,9,-1,-1,-1,2,1
201401MM70662,2,9,0,6,0,1,0,0,0,0,4,1,6,1,36,7,1240,1,5,2,1
201401MM70663,1,5,0,18,0,8,0,0,0,0,1,1,6,1,41,7,645,1,12,5,1
201401MM70663,2,9,0,9,0,8,0,0,0,0,3,1,6,1,-1,-1,1798,1,13,-1,-1
201401MM70664,1,3,0,4,0,1,0,0,0,0,1,1,1,1,29,6,108,1,-1,-1,1
201401MM70664,2,9,0,4,0,1,0,0,0,0,2,1,6,1,24,5,1390,1,8,4,1
201401MM70665,1,8,0,1,0,2,0,0,0,0,2,1,1,1,33,6,1910,2,4,2,1
201401MM70666,1,1,0,18,9,2,0,0,0,0,1,1,6,1,-1,-1,-1,-1,-1,-1,-1
201401MM70667,1,9,0,9,0,8,0,0,0,0,3,1,1,1,45,7,1997,2,3,3,1
201401MM70667,2,3,0,18,0,8,0,0,0,0,1,1,6,1,45,7,108,1,1,3,1
201401MM70668,1,1,0,18,0,8,0,0,0,0,1,1,6,2,38,7,-1,-1,-1,-1,-1
201401MM70668,2,9,0,9,0,8,0,0,0,0,4,1,6,1,28,6,1796,2,1,6,2
201401MM70669,1,9,0,7,0,8,0,0,0,0,4,1,6,1,21,5,1896,2,7,-1,1
201401MM70669,2,5,0,15,0,8,0,0,0,0,1,1,6,1,30,6,-1,-1,-1,4,1
201401MM70670,1,1,0,18,0,8,0,0,0,0,1,1,2,2,24,5,-1,-1,-1,3,1
201401MM70670,2,21,0,9,0,8,0,0,0,0,1,1,1,1,57,9,-1,-1,-1,2,1
201401MM70671,1,1,0,18,0,1,0,0,0,0,1,1,6,1,25,5,-1,-1,-1,3,1
201401MM70671,2,19,0,2,0,2,0,0,0,0,4,1,6,1,-1,-1,2198,2,1,-1,-1
201401MM70672,1,9,0,9,0,8,0,0,0,0,4,1,6,2,28,6,1870,2,8,8,3
201401MM70672,2,9,0,18,0,8,0,0,0,0,1,1,6,2,65,9,999,1,2,-1,1
201401MM70675,1,1,0,18,0,8,0,0,0,0,1,1,6,2,33,6,-1,-1,-1,4,1
201401MM70675,2,9,0,7,0,8,0,0,0,0,4,1,6,3,-1,-1,1497,1,12,-1,-1
201401MM70676,1,19,0,18,0,0,0,0,0,0,1,1,6,1,42,7,-1,-1,-1,6,1
201401MM70676,2,90,0,18,0,0,0,0,0,0,4,1,6,2,31,6,-1,-1,-1,-1,-1
201401MM70677,1,1,0,9,0,8,0,0,0,0,0,1,6,1,30,6,-1,-1,-1,5,1
201401MM70677,2,9,0,9,0,8,0,0,0,0,0,1,6,1,-1,-1,-1,-1,-1,-1,-1
201401MM70678,1,1,0,18,0,1,0,0,0,0,1,1,6,1,28,6,-1,-1,-1,3,1
201401MM70679,1,9,0,18,0,8,0,0,0,0,1,1,1,1,45,7,1896,2,5,9,2
201401MM70679,2,19,0,7,0,8,0,0,0,0,3,1,6,1,51,8,-1,-1,-1,1,1
201401MM70680,1,9,0,7,0,8,0,0,0,0,4,1,6,1,33,6,3311,8,7,-1,1
201401MM70680,2,1,0,18,0,8,0,0,0,0,1,1,6,2,31,6,-1,-1,-1,-1,-1
201401MM70681,1,3,0,18,0,1,0,0,0,0,0,1,6,1,22,5,124,1,3,2,1
201401MM70682,1,9,0,18,0,1,0,0,0,0,2,1,6,2,32,6,1598,1,9,7,1
201401MM70682,2,3,0,13,0,1,0,0,0,0,1,1,6,1,54,8,395,1,1,3,1
201401MM70683,1,9,0,18,0,8,0,0,0,0,4,1,6,1,29,6,1995,2,-1,3,1
201401MM70683,2,9,0,16,0,8,0,0,0,0,1,1,6,1,-1,-1,1796,1,10,-1,-1
201401MM70684,1,11,0,4,0,0,0,0,0,0,0,1,1,1,44,7,6700,2,5,5,1
201401MM70685,1,9,0,18,0,8,0,0,0,0,1,1,6,3,-1,-1,-1,-1,-1,-1,-1
201401MM70686,1,9,0,3,0,1,0,0,0,0,2,1,6,2,42,7,1242,1,13,4,1
201401MM70686,2,9,0,4,0,1,0,0,0,0,1,1,6,1,-1,-1,2993,2,2,-1,-1
201401MM70688,1,9,0,6,0,0,0,0,0,0,3,1,6,1,44,7,1769,1,10,-1,-1
201401MM70688,2,1,0,18,0,0,0,0,0,0,1,1,6,2,26,6,-1,-1,-1,4,1
201401MM70689,1,9,0,6,0,1,0,0,0,0,3,1,6,1,23,5,1229,1,1,3,1
201401MM70689,2,9,0,18,0,1,0,0,0,0,1,1,6,1,21,5,1995,2,3,7,2
201401MM70690,1,9,0,5,0,1,0,0,0,0,1,1,1,1,27,6,-1,-1,-1,2,1
201401MM70692,1,5,0,18,0,0,0,0,0,0,4,1,6,1,23,5,955,1,13,6,1
201401MM70692,2,4,0,15,0,0,0,0,0,0,3,1,6,3,-1,-1,-1,-1,-1,-1,-1
201401MM70694,1,1,0,14,0,1,0,0,0,0,1,1,6,2,31,6,-1,-1,-1,2,1
201401MM70694,2,9,0,18,0,2,0,0,0,0,1,1,6,1,48,8,2473,1,19,4,1
201401MM70695,1,9,0,18,0,0,0,0,0,0,3,1,6,1,22,5,1997,2,3,3,1
201401MM70695,2,9,0,5,0,0,0,0,0,0,4,1,6,3,-1,-1,1686,2,1,-1,-1
201401MM70696,1,9,0,18,0,8,0,0,0,0,3,1,2,1,47,8,1596,1,7,3,1
201401MM70696,2,1,0,18,0,8,0,0,0,0,1,1,2,1,26,6,-1,-1,-1,3,1
201401MM70697,1,9,0,6,0,0,0,0,0,0,3,1,6,2,24,5,1124,1,4,3,1
201401MM70697,2,3,0,18,0,0,0,0,0,0,4,1,6,1,42,7,125,1,5,10,1
201401MM70699,1,9,0,18,0,0,0,0,0,0,3,1,6,1,38,7,1797,1,-1,2,1
201401MM70700,1,9,0,3,0,1,0,0,0,0,2,1,6,1,57,9,-1,-1,-1,9,1
201401MM70700,2,9,0,18,0,1,0,0,0,0,1,1,6,1,-1,-1,1797,8,3,2,1
201401MM70702,1,1,0,18,0,2,0,0,0,0,3,1,6,1,58,9,-1,-1,-1,4,1
201401MM70702,2,9,0,18,0,2,0,0,0,0,4,1,6,3,-1,-1,-1,-1,-1,-1,-1
201401MM70703,1,5,0,16,0,8,0,0,0,0,1,1,2,1,27,6,649,1,5,3,1
201401MM70703,2,19,0,9,0,8,0,0,0,0,4,1,6,1,46,8,2143,2,3,8,1
201401MM70704,1,1,0,18,0,0,0,0,0,0,1,1,6,1,31,6,-1,-1,-1,8,1