Accident_Index,Vehicle_Reference,Vehicle_Type,Towing_and_Articulation,Vehicle_Manoeuvre,Vehicle_Location-Restricted_Lane,Junction_Location,Skidding_and_Overturning,Hit_Object_in_Carriageway,Vehicle_Leaving_Carriageway,Hit_Object_off_Carriageway,1st_Point_of_Impact,Was_Vehicle_Left_Hand_Drive?,Journey_Purpose_of_Driver,Sex_of_Driver,Age_of_Driver,Age_Band_of_Driver,Engine_Capacity_(CC),Propulsion_Code,Age_of_Vehicle,Driver_IMD_Decile,Driver_Home_Area_Type
201401MM70888,1,3,0,18,0,8,0,0,0,0,1,1,6,1,24,5,124,1,-1,4,1
201401MM70888,2,9,0,9,0,8,0,0,0,0,4,1,6,1,63,9,-1,-1,-1,4,1
201401MM70890,1,11,0,4,0,8,0,0,0,0,0,1,1,1,53,8,7300,2,11,-1,-1
201401MM70892,1,9,0,18,0,2,0,10,3,1,1,1,6,1,91,11,998,1,10,2,1
201401MM70893,1,8,0,18,0,8,0,0,0,0,4,1,1,1,50,8,1896,2,6,3,1
201401MM70893,2,1,0,18,0,8,0,0,0,0,1,1,6,2,21,5,-1,-1,-1,4,1
201401MM70894,1,9,0,18,0,8,0,0,0,0,1,1,6,2,28,6,998,1,13,3,1
201401MM70894,2,9,0,18,0,8,0,4,0,0,4,1,6,1,64,9,1968,2,6,2,1
201401MM70895,1,11,0,4,0,2,0,0,0,0,0,1,6,1,43,7,6700,2,5,5,1
201401MM70896,1,9,0,9,0,8,0,0,0,0,4,1,6,2,44,7,3800,1,2,10,1
201401MM70896,2,3,0,18,0,8,0,0,0,0,1,1,6,1,22,5,124,1,5,-1,-1
201401MM70897,1,9,0,18,0,0,0,0,0,0,1,1,6,1,53,8,-1,-1,-1,8,2
201401MM70897,2,9,0,18,0,0,0,0,0,0,3,1,6,1,55,8,1598,1,1,4,1
201401MM70897,3,9,0,18,0,0,0,0,0,0,1,1,6,1,45,7,1998,2,8,2,1
201401MM70898,1,11,0,18,0,8,0,0,0,0,0,1,1,1,28,6,-1,2,12,3,1
201401MM70899,1,9,0,18,0,8,0,0,0,0,1,1,6,1,-1,-1,-1,-1,-1,-1,-1
201401MM70900,1,9,0,18,0,0,0,0,0,0,1,1,6,1,50,8,2616,1,9,3,1
201401MM70901,1,9,0,18,0,1,0,0,0,0,1,1,6,1,41,7,1598,1,9,2,1
201401MM70903,1,11,0,18,0,8,0,0,0,0,4,1,1,2,46,8,-1,-1,-1,7,1
201401MM70904,1,9,0,18,0,8,0,0,0,0,1,1,6,1,55,8,-1,-1,-1,3,1
201401MM70904,2,9,0,9,0,8,0,0,0,0,4,1,6,1,20,4,1390,1,9,2,1
201401MM70905,1,9,0,18,0,8,0,0,0,0,3,1,6,1,32,6,1896,2,12,8,3
201401MM70905,2,9,0,7,0,8,0,0,0,0,4,1,6,1,27,6,1997,1,12,2,1
201401MM70906,1,9,0,4,0,8,0,0,0,0,2,1,6,1,46,8,2899,2,16,6,3
201401MM70906,2,9,0,18,0,8,0,0,0,0,1,1,6,2,42,7,1588,1,12,3,1
201401MM70907,1,9,0,4,0,8,0,10,1,1,2,1,6,1,25,5,2996,1,6,-1,-1
201401MM70907,2,9,0,18,0,8,0,0,0,0,1,1,6,1,30,6,1798,1,13,4,1
201401MM70908,1,11,0,4,0,1,0,0,0,0,0,1,1,1,55,8,7300,2,11,4,1
201401MM70909,1,11,0,4,0,0,0,0,0,0,0,1,1,1,32,6,8300,2,8,2,1
201401MM70910,1,9,0,18,0,8,0,0,0,0,2,1,6,1,35,6,-1,-1,-1,-1,-1
201401MM70910,2,9,0,18,0,8,0,0,0,0,1,1,6,2,34,6,1299,1,14,10,1
201401MM70911,1,1,0,18,0,8,0,0,0,0,1,1,6,2,30,6,-1,-1,-1,4,1
201401MM70911,2,9,0,7,0,8,0,0,0,0,4,1,6,1,-1,-1,-1,-1,-1,10,1
201401MM70914,1,9,0,18,0,8,0,0,0,0,4,1,6,1,-1,-1,-1,-1,-1,-1,-1
201401MM70917,1,2,0,18,0,0,0,0,0,0,3,1,6,1,36,7,124,1,4,-1,-1
201401MM70918,1,11,0,4,0,8,0,0,0,0,0,1,1,1,54,8,7300,2,11,-1,1
201401MM70919,1,1,0,18,0,8,0,0,0,0,1,1,6,1,45,7,-1,-1,-1,7,1
201401MM70919,2,19,0,4,0,8,0,0,0,0,2,1,6,1,-1,-1,-1,-1,-1,-1,-1
201401MM70920,1,1,0,18,0,2,0,0,0,0,1,1,6,1,38,7,-1,-1,-1,3,1
201401MM70923,1,1,0,18,0,8,0,0,0,0,2,1,6,1,-1,-1,-1,-1,-1,-1,-1
201401MM70923,2,9,0,18,0,8,0,0,0,0,1,1,6,1,-1,-1,998,1,1,-1,-1
201401MM70924,1,3,0,18,0,1,0,0,0,0,0,1,6,1,34,6,125,1,-1,5,1
201401MM70926,1,3,0,17,0,8,0,0,0,0,1,1,6,1,43,7,125,1,3,2,1
201401MM70926,2,1,0,7,0,8,0,0,0,0,3,1,6,1,37,7,-1,-1,-1,3,1
201401MM70927,1,1,0,18,0,8,0,0,0,0,1,1,6,1,23,5,-1,-1,-1,3,1
201401MM70927,2,9,0,7,0,8,0,0,0,0,1,1,6,1,-1,-1,-1,-1,-1,-1,-1
201401MM70928,1,11,0,14,0,0,0,4,0,0,4,1,6,2,25,5,8300,2,8,7,1
201401MM70928,2,21,0,2,0,0,0,0,0,0,3,1,6,1,37,7,-1,-1,-1,2,1
201401MM70930,1,5,0,5,0,1,0,0,0,0,2,1,6,1,52,8,885,1,16,4,1
201401MM70930,2,9,0,5,0,1,0,0,0,0,1,1,6,1,-1,-1,-1,-1,-1,3,1
201401MM70932,1,9,0,18,0,8,0,0,0,0,3,1,6,1,42,7,1685,2,-1,4,1
201401MM70932,2,9,0,9,0,8,0,0,0,0,1,1,6,1,-1,-1,-1,-1,-1,-1,-1
201401MM70933,1,3,0,4,0,8,0,0,0,0,2,1,6,1,54,8,1255,1,4,9,1
201401MM70933,2,1,0,18,0,8,0,0,0,0,1,1,6,1,35,6,-1,-1,-1,1,1
201401MM70935,1,9,0,9,0,8,0,0,0,0,3,1,6,1,39,7,1995,2,12,-1,1
201401MM70935,2,1,0,18,0,8,0,0,0,0,1,1,6,2,35,6,-1,-1,-1,4,1
201401MM70936,1,9,0,18,0,0,0,0,0,0,3,1,6,1,53,8,2143,2,4,1,1
201401MM70936,2,1,0,15,0,0,0,0,0,0,4,1,6,1,32,6,-1,-1,-1,3,1
201401MM70939,1,11,0,4,0,8,0,0,0,0,0,1,6,1,28,6,-1,2,12,5,1
201401MM70940,1,11,0,18,0,1,0,0,0,0,0,1,1,1,50,8,4500,2,2,4,1
201401MM70941,1,1,0,18,0,8,0,0,0,0,0,1,6,1,38,7,-1,-1,-1,2,1
201401MM70941,2,11,0,9,0,8,0,0,0,0,0,1,1,3,-1,-1,-1,-1,-1,-1,-1
201401MM70942,1,9,0,18,0,8,0,0,0,0,4,1,6,1,42,7,-1,-1,-1,5,1
201401MM70942,2,1,0,18,0,8,0,0,0,0,3,1,6,1,50,8,-1,-1,-1,4,1
201401MM70943,1,1,0,18,0,8,0,0,0,0,3,1,6,1,30,6,-1,-1,-1,2,1
201401MM70943,2,9,0,18,0,8,0,0,0,0,4,1,6,1,51,8,1798,8,-1,2,1
201401MM70944,1,11,0,4,0,0,0,0,0,0,0,1,1,1,54,8,6700,2,5,2,1
201401MM70945,1,9,0,18,0,2,0,0,0,0,4,1,6,1,58,9,1998,1,8,3,1
201401MM70947,1,1,0,18,0,2,0,0,0,0,0,1,6,1,14,3,-1,-1,-1,7,1
201401MM70948,1,9,0,6,0,0,0,0,0,0,3,1,6,1,35,6,1995,2,3,8,2
201401MM70948,2,9,0,18,0,0,0,0,0,0,1,1,1,1,-1,-1,-1,-1,-1,-1,-1
201401MM70949,1,1,0,18,0,8,0,10,1,0,0,1,6,1,48,8,-1,-1,-1,2,1
201401MM70949,2,9,0,9,0,8,0,0,0,0,0,1,6,3,-1,-1,2720,2,8,-1,-1
201401MM70951,1,1,0,18,0,8,0,0,0,0,1,1,6,1,24,5,-1,-1,-1,3,1
201401MM70951,2,19,0,7,0,8,0,0,0,0,4,1,6,1,-1,-1,1248,2,10,-1,-1
201401MM70952,1,3,0,18,0,8,0,0,0,0,4,1,6,1,28,6,124,1,17,4,1
201401MM70952,2,9,0,9,0,8,0,0,0,0,3,1,6,1,38,7,1796,1,10,1,1
201401MM70953,1,9,0,3,0,8,0,0,0,0,4,1,6,1,43,7,1242,1,15,9,1
201401MM70953,2,9,0,1,0,8,0,0,0,0,2,1,6,1,-1,-1,2497,2,7,-1,-1
201401MM70954,1,9,0,11,0,2,0,0,0,0,3,1,6,1,39,7,2616,1,8,5,1
201401MM70954,2,2,0,18,0,2,0,0,0,0,4,1,6,1,17,4,-1,-1,-1,2,1
201401MM70955,1,9,0,18,0,8,0,0,0,0,1,1,6,2,46,8,-1,-1,-1,-1,-1
201401MM70955,2,3,0,9,0,8,0,0,0,0,3,1,6,1,34,6,125,1,1,2,1
201401MM70956,1,9,0,10,0,8,0,0,0,0,1,1,6,2,50,8,1198,1,7,3,1
201401MM70956,2,19,0,18,0,8,0,0,0,0,1,1,6,1,31,6,2402,2,4,3,1
201401MM70958,1,9,0,3,0,0,0,0,0,0,2,1,6,2,21,5,1000,1,14,5,1
201401MM70958,2,9,0,18,0,0,0,0,0,0,1,1,6,1,40,7,2198,1,8,2,1
201401MM70960,1,9,0,7,0,8,0,0,0,0,3,1,6,2,27,6,1598,1,7,2,1
201401MM70960,2,1,0,18,0,8,0,0,0,0,1,1,6,1,39,7,-1,-1,-1,10,1
201401MM70961,1,9,0,9,0,8,0,0,0,0,1,1,6,1,40,7,-1,-1,-1,4,1
201401MM70961,2,3,0,15,0,8,0,0,0,0,1,1,6,1,52,8,-1,-1,-1,3,1
201401MM70962,1,9,0,18,0,0,0,4,0,0,3,1,6,1,24,5,2143,2,3,4,1
201401MM70962,2,9,0,2,0,0,0,0,0,0,3,1,6,3,-1,-1,1560,2,2,-1,-1
201401MM70962,3,9,0,2,0,0,0,0,0,0,3,1,6,3,-1,-1,1984,1,12,-1,-1
201401MM70963,1,9,0,9,0,8,0,0,0,0,4,1,6,1,33,6,-1,-1,-1,8,1
201401MM70963,2,3,0,18,0,8,0,0,0,0,1,1,6,1,20,4,125,1,1,3,1
201401MM70964,1,9,0,7,0,8,0,0,0,0,4,1,6,1,30,6,1582,2,4,1,1
201401MM70964,2,1,0,18,0,8,0,0,0,0,1,1,6,1,35,6,-1,-1,-1,3,1
201401MM70965,1,11,0,4,0,8,0,0,0,0,0,1,1,1,52,8,6696,2,1,9,1
201401MM70966,1,9,0,18,0,1,0,0,0,0,1,1,6,2,23,5,1198,1,6,2,1
201401MM70968,1,9,0,7,0,2,0,0,0,0,1,1,6,1,30,6,1149,1,8,3,1
201401MM70969,1,9,0,9,0,8,0,0,0,0,3,1,6,2,43,7,2143,2,2,-1,-1
201401MM70969,2,1,0,13,0,8,0,0,0,0,4,1,6,1,28,6,-1,-1,-1,-1,-1
201401MM70970,1,9,0,18,0,8,0,0,0,0,4,1,6,2,47,8,1798,8,-1,9,1
201401MM70970,2,1,0,18,0,8,0,0,0,0,3,1,6,2,39,7,-1,-1,-1,7,1
201401MM70971,1,11,0,5,0,1,0,0,0,0,1,1,1,1,34,6,6700,2,5,-1,1
201401MM70971,2,1,0,3,0,1,0,0,0,0,2,1,6,1,29,6,-1,-1,-1,5,1
201401MM70972,1,9,0,5,0,0,0,0,0,0,1,1,6,1,35,6,1596,1,12,2,1
201401MM70973,1,1,0,18,9,1,0,0,0,0,1,1,6,1,-1,-1,-1,-1,-1,-1,-1
201401MM70976,1,11,0,4,0,1,0,0,0,0,0,1,1,1,53,8,6700,2,3,2,1
201401MM70977,1,19,0,7,0,8,0,0,0,0,4,1,1,1,38,7,2198,2,8,1,1
201401MM70977,2,9,0,15,0,8,0,0,0,0,1,1,6,1,-1,-1,1596,1,8,-1,-1
201401MM70978,1,9,0,9,0,2,0,0,0,0,1,1,6,1,40,7,1910,2,5,1,1
201401MM70979,1,1,0,18,0,2,0,0,0,0,2,1,6,1,41,7,-1,-1,-1,3,1
201401MM70979,2,9,0,18,0,2,0,0,0,0,1,1,6,3,-1,-1,-1,-1,-1,-1,-1
201401MM70980,1,1,0,15,0,2,0,0,0,0,3,1,6,1,39,7,-1,-1,-1,-1,-1
201401MM70980,2,9,0,3,0,2,0,0,0,0,4,1,6,3,-1,-1,-1,-1,-1,-1,-1
201401MM70981,1,1,0,18,0,0,0,0,0,0,0,1,6,3,-1,-1,-1,-1,-1,-1,-1
201401MM70981,2,11,0,18,0,0,0,0,0,0,0,1,1,2,-1,-1,-1,-1,-1,-1,-1
201401MM70982,1,11,0,4,0,0,0,0,0,0,0,1,1,1,45,7,-1,-1,-1,2,1
201401MM70983,1,11,0,18,2,1,0,0,0,0,1,1,6,1,51,8,7300,2,10,1,1
201401MM70983,2,9,0,11,2,1,0,0,0,0,2,1,6,1,28,6,-1,-1,-1,-1,-1
201401MM70984,1,5,0,18,0,8,0,0,0,0,1,1,6,2,24,5,600,1,7,2,1
201401MM70984,2,9,0,17,0,8,0,0,0,0,3,1,6,2,58,9,1995,2,3,-1,-1
201401MM70985,1,1,0,18,0,1,0,0,0,0,3,1,6,1,42,7,-1,-1,-1,7,1
201401MM70985,2,19,0,11,0,1,0,0,0,0,4,1,6,3,-1,-1,-1,-1,-1,-1,-1
201401MM70986,1,9,0,9,0,8,0,0,0,0,1,1,6,2,30,6,1796,1,11,5,1
201401MM70986,2,3,0,14,0,8,0,0,0,0,1,1,6,1,66,10,125,1,9,3,1
201401MM70987,1,9,0,18,0,0,0,0,0,0,1,1,6,1,37,7,1598,2,-1,1,1
201401MM70988,1,1,0,18,0,8,0,0,0,0,1,1,6,1,33,6,-1,-1,-1,2,1
201401MM70988,2,9,0,7,0,8,0,0,0,0,4,1,6,1,52,8,-1,-1,-1,4,1
201401MM70989,1,2,0,18,0,2,0,0,0,0,1,1,6,1,31,6,-1,-1,-1,7,1
201401MM70989,2,9,0,6,0,2,0,0,0,0,3,1,6,2,34,6,2497,1,9,2,1
201401MM70990,1,3,0,18,0,2,0,4,0,0,4,1,6,1,39,7,125,1,2,4,1
201401MM70990,2,9,0,2,0,2,0,0,0,0,3,1,6,1,-1,-1,-1,-1,-1,-1,-1
201401MM70991,1,1,0,18,0,0,0,0,0,0,3,1,6,1,19,4,-1,-1,-1,-1,-1
201401MM70991,2,19,0,18,0,0,0,0,0,0,3,1,6,1,45,7,2198,2,1,4,1
201401MM70992,1,11,0,17,0,0,0,0,0,0,4,1,1,1,50,8,7300,2,12,-1,-1
201401MM70993,1,3,0,18,0,0,0,0,0,0,1,1,6,1,22,5,125,1,5,2,1
201401MM70993,2,9,0,6,0,0,0,0,0,0,3,1,6,1,48,8,1461,2,1,3,1
201401MM70994,1,1,0,18,0,8,0,0,0,0,1,1,6,2,26,6,-1,-1,-1,2,1
201401MM70994,2,9,0,9,0,8,0,0,0,0,4,1,6,1,-1,-1,1242,1,8,-1,-1
201401MM70996,1,1,0,18,0,1,0,0,0,0,1,1,1,1,36,7,-1,-1,-1,5,1
201401MM70997,1,1,0,18,0,8,0,0,0,0,0,1,6,2,35,6,-1,-1,-1,2,1
201401MM70997,2,9,0,9,0,8,0,0,0,0,0,1,6,3,-1,-1,-1,-1,-1,-1,-1
201401MM70998,1,9,0,18,0,1,0,0,0,0,1,1,6,3,-1,-1,-1,-1,-1,-1,-1
201401MM70999,1,9,0,9,0,8,0,0,0,0,1,1,6,1,49,8,-1,-1,-1,-1,-1
201401MM70999,2,5,0,18,0,8,0,0,0,0,1,1,6,1,27,6,675,1,1,8,2
201401MM71001,1,3,0,15,0,8,0,0,0,0,1,1,6,1,-1,-1,124,1,6,-1,-1
201401MM71001,2,9,0,7,0,8,0,0,0,0,4,1,6,1,58,9,-1,-1,-1,1,1
201401MM71002,1,9,0,4,0,1,0,0,0,0,1,1,6,1,28,6,2793,1,14,3,1
201401MM71002,2,9,0,3,0,1,0,0,0,0,2,1,6,1,40,7,1997,2,6,2,1
201401MM71002,3,9,0,3,0,1,0,0,0,0,2,1,6,1,59,9,1364,1,7,2,1
201401MM71003,1,11,0,18,0,2,0,0,0,0,4,1,6,3,-1,-1,-1,-1,-1,-1,-1
201401MM71004,1,9,0,18,0,1,0,0,0,0,1,1,6,1,-1,-1,2171,1,11,3,1
201401MM71004,2,9,0,3,0,1,0,0,0,0,2,1,6,1,36,7,1248,2,1,3,1
201401MM71005,1,9,0,9,0,8,0,0,0,0,3,1,6,2,49,8,1396,1,12,-1,-1
201401MM71005,2,4,0,9,0,8,0,0,0,0,4,1,6,1,42,7,399,1,5,4,1
201401MM71006,1,9,0,18,0,2,0,4,0,0,1,1,6,2,21,5,998,1,13,3,1
201401MM71006,2,9,0,18,0,1,0,0,0,0,0,1,6,3,-1,-1,-1,-1,-1,-1,-1
201401MM71006,3,9,0,2,0,2,0,0,0,0,3,1,6,3,-1,-1,-1,-1,-1,-1,-1
201401MM71007,1,3,0,18,0,0,0,0,0,0,4,1,6,1,42,7,125,1,-1,9,1
201401MM71007,2,1,0,18,0,0,0,0,0,0,1,1,6,1,52,8,-1,-1,-1,2,1
201401MM71009,1,9,0,18,0,8,0,0,0,0,1,1,6,1,49,8,1797,8,5,2,1
201401MM71010,1,1,0,18,0,0,0,0,0,0,1,1,6,2,34,6,-1,-1,-1,2,1
201401MM71010,2,9,0,6,0,0,0,0,0,0,3,1,6,1,-1,-1,1797,8,3,-1,-1
201401MM71011,1,9,0,7,0,8,0,0,0,0,3,1,6,2,38,7,1600,1,9,4,1
201401MM71011,2,1,0,18,0,8,0,0,0,0,1,1,6,1,40,7,-1,-1,-1,4,1
201401MM71012,1,1,0,18,0,8,0,0,0,0,1,1,6,1,28,6,-1,-1,-1,4,1
201401MM71012,2,9,0,9,0,8,0,0,0,0,3,1,6,2,-1,-1,599,1,12,-1,-1
201401MM71013,1,3,0,13,0,8,0,0,0,0,4,1,6,1,28,6,-1,-1,-1,9,3
201401MM71013,2,19,0,9,0,8,0,0,0,0,1,1,6,1,-1,-1,1560,2,1,-1,-1
201401MM71014,1,1,0,18,0,8,0,0,0,0,4,1,6,1,35,6,-1,-1,-1,10,2
201401MM71014,2,19,0,18,0,8,0,0,0,0,1,1,6,3,-1,-1,-1,-1,-1,-1,-1
201401MM71015,1,9,0,18,0,1,0,0,0,0,1,1,6,1,42,7,1984,1,2,2,1
201401MM71017,1,9,0,18,0,8,0,0,0,0,1,1,6,1,58,9,-1,-1,-1,3,1
201401MM71017,2,9,0,18,0,8,0,0,0,0,4,1,6,1,55,8,-1,-1,-1,6,3
201401MM71017,3,19,0,18,0,8,0,0,0,0,3,1,6,1,56,9,-1,-1,-1,-1,-1
201401MM71018,1,1,0,17,0,8,0,0,0,0,1,1,6,1,49,8,-1,-1,-1,-1,-1
201401MM71018,2,19,0,16,0,8,0,0,0,0,4,1,6,1,-1,-1,1753,2,7,-1,-1
201401MM71019,1,9,0,4,0,1,0,0,0,0,2,1,6,1,42,7,1997,1,-1,5,1
201401MM71019,2,1,0,4,0,1,0,0,0,0,1,1,6,1,37,7,-1,-1,-1,-1,-1
201401MM71020,1,1,0,18,0,1,0,0,0,0,1,1,6,3,-1,-1,-1,-1,-1,-1,-1
201401MM71021,1,3,0,18,0,8,0,0,0,0,3,1,6,2,30,6,-1,-1,-1,9,1
201401MM71021,2,19,0,7,0,8,0,0,0,0,4,1,6,1,22,5,2464,2,5,7,1
201401MM71022,1,9,0,9,0,8,0,0,0,0,4,1,6,1,46,8,1968,2,7,3,1
201401MM71022,2,1,0,18,0,8,0,0,0,0,1,1,6,1,35,6,-1,-1,-1,2,1
201401MM71023,1,3,0,13,0,1,0,0,0,0,1,1,6,1,45,7,-1,-1,-1,2,1
201401MM71024,1,11,0,18,0,0,0,0,0,0,1,1,1,2,47,8,6700,2,4,-1,-1
201401MM71024,2,9,0,11,0,0,0,0,0,0,2,1,6,1,19,4,-1,-1,-1,-1,-1
201401MM71025,1,9,0,4,0,8,0,0,0,0,2,1,6,1,28,6,1390,1,11,2,1
201401MM71025,2,3,0,4,0,8,1,0,0,0,1,1,6,1,33,6,-1,-1,-1,5,1
201401MM71026,1,9,0,18,0,2,0,0,0,0,1,1,6,1,52,8,-1,-1,-1,3,1
201401MM71026,2,1,0,18,0,2,0,0,0,0,2,1,6,1,35,6,-1,-1,-1,-1,-1
201401MM71027,1,9,0,18,0,1,0,0,0,0,1,1,6,1,56,9,-1,-1,-1,2,1
201401MM71028,1,9,0,7,0,8,0,0,0,0,3,1,6,2,25,5,1390,1,11,2,1
201401MM71028,2,3,0,18,0,8,0,0,0,0,1,1,6,1,31,6,124,1,2,3,1
201401MM71029,1,9,0,9,0,8,0,0,0,0,4,1,6,1,49,8,1493,2,4,3,1
201401MM71029,2,5,0,16,0,8,0,0,0,0,1,1,1,1,48,8,647,1,13,3,1
201401MM71030,1,9,0,7,0,8,0,0,0,0,4,1,6,1,25,5,1364,1,9,4,1
201401MM71030,2,3,0,15,0,8,0,0,0,0,3,1,6,1,28,6,-1,-1,-1,-1,-1
201401MM71031,1,1,0,18,0,2,0,0,0,0,1,1,6,1,42,7,-1,-1,-1,2,1
201401MM71033,1,3,0,6,0,8,0,0,0,0,4,1,6,1,21,5,125,1,3,3,1
201401MM71033,2,9,0,9,0,8,0,0,0,0,1,1,6,1,57,9,3199,1,13,4,1
201401MM71034,1,9,0,3,0,1,0,0,0,0,2,1,6,1,43,7,1498,1,9,9,1
201401MM71034,2,9,0,4,0,1,0,0,0,0,1,1,6,1,28,6,1388,1,10,4,1
201401MM71036,1,9,0,9,0,8,0,0,0,0,1,1,6,2,46,8,-1,-1,-1,2,1
201401MM71036,2,9,0,18,0,8,0,0,0,0,4,1,6,2,40,7,-1,-1,-1,-1,-1
201401MM71038,1,9,0,18,0,8,0,0,0,0,1,1,6,2,29,6,1360,1,12,4,1
201401MM71038,2,9,0,18,0,8,0,0,0,0,4,1,6,1,39,7,1796,1,8,3,1
201401MM71039,1,19,0,2,0,2,0,0,0,0,3,1,6,1,27,6,-1,-1,-1,3,1
201401MM71039,2,1,0,18,0,2,0,8,0,0,1,1,6,1,49,8,-1,-1,-1,2,1
201401MM71040,1,3,0,13,0,8,0,0,0,0,4,1,6,1,31,6,124,1,-1,9,1
201401MM71040,2,8,0,9,0,8,0,0,0,0,3,1,6,1,33,6,1582,2,2,5,1
201401MM71041,1,9,0,7,0,8,0,0,0,0,4,1,6,1,22,5,1229,1,3,4,1
201401MM71041,2,11,0,18,0,8,0,0,0,0,3,1,6,1,29,6,-1,-1,-1,2,1
201401MM71042,1,19,0,7,0,8,0,0,0,0,3,1,1,1,38,7,1968,2,1,3,1
201401MM71042,2,1,0,18,0,8,0,0,0,0,1,1,6,1,46,8,-1,-1,-1,3,1
201401MM71043,1,5,0,18,0,8,0,0,0,0,1,1,6,1,31,6,599,1,10,2,1
201401MM71043,2,5,0,7,0,8,0,0,0,0,3,1,6,1,58,9,-1,-1,-1,2,1
201401MM71045,1,9,0,7,0,8,0,0,0,0,3,1,6,1,22,5,1198,1,1,2,1
201401MM71045,2,9,0,7,0,8,0,0,0,0,4,1,6,1,21,5,1560,2,2,5,1
201401MM71047,1,3,0,18,0,2,0,0,0,0,1,1,6,1,-1,-1,109,1,1,5,1
201401MM71047,2,9,0,7,0,2,0,0,0,0,3,1,6,2,56,9,1587,1,7,3,1
201401MM71048,1,1,0,18,0,1,0,8,0,0,1,1,6,2,30,6,-1,-1,-1,5,1
201401MM71048,2,9,0,2,0,1,0,0,0,0,3,1,6,1,38,7,1995,2,4,4,3
201401MM71050,1,9,0,9,0,8,0,0,0,0,1,1,6,1,19,4,1998,1,11,3,1
201401MM71050,2,1,0,18,0,8,0,0,0,0,1,1,6,1,40,7,-1,-1,-1,2,1
201401MM71051,1,5,0,14,0,8,0,0,0,0,4,1,6,1,24,5,675,1,-1,2,1
201401MM71051,2,9,0,9,0,8,0,0,0,0,1,1,6,1,-1,-1,1598,1,12,-1,-1
201401MM71052,1,5,0,15,0,8,0,0,0,0,1,1,6,1,52,8,398,1,11,-1,-1
201401MM71052,2,9,0,9,0,8,0,0,0,0,4,1,6,1,28,6,-1,-1,-1,-1,-1
201401MM71053,1,9,0,18,0,1,0,0,0,0,1,1,1,1,22,5,1560,2,-1,-1,-1
201401MM71054,1,9,0,18,0,1,0,0,0,0,2,1,6,2,32,6,1398,1,9,3,1
201401MM71054,2,9,0,18,0,1,0,0,0,0,1,1,6,1,-1,-1,1360,1,15,-1,-1
201401MM71055,1,9,0,2,0,0,0,0,0,0,3,1,6,2,36,7,-1,-1,-1,2,1
201401MM71055,2,1,0,18,0,0,0,8,0,0,1,1,6,1,26,6,-1,-1,-1,5,1
201401MM71056,1,11,0,3,0,0,0,0,0,0,4,1,1,1,36,7,-1,-1,-1,1,1
201401MM71057,1,5,0,18,0,8,0,0,0,0,1,1,6,1,33,6,-1,-1,-1,5,1
201401MM71057,2,9,0,9,0,8,0,0,0,0,1,1,6,2,22,5,1596,1,2,-1,-1
201401MM71058,1,1,0,14,0,2,0,8,0,0,1,1,6,1,21,5,-1,-1,-1,3,1
201401MM71058,2,9,0,2,0,2,0,0,0,0,3,1,6,3,-1,-1,1598,1,-1,-1,-1
201401MM71060,1,11,0,17,0,8,0,0,0,0,0,1,1,1,26,6,7300,2,8,3,1
201401MM71060,2,9,0,16,0,8,0,0,0,0,0,1,6,2,50,8,1598,1,10,3,1
201401MM71061,1,11,0,4,0,0,0,0,0,0,4,1,1,2,27,6,6700,2,3,-1,1
201401MM71063,1,1,0,18,0,8,0,0,0,0,1,1,6,1,41,7,-1,-1,-1,4,1
201401MM71064,1,9,0,9,0,8,0,0,0,0,1,1,6,2,51,8,1242,1,-1,5,1
201401MM71066,1,9,0,9,0,8,0,0,0,0,1,1,6,2,45,7,1896,2,11,4,1
201401MM71066,2,1,0,18,0,8,0,0,0,0,1,1,6,1,29,6,-1,-1,-1,6,1
201401MM71067,1,9,0,18,0,8,0,0,0,0,1,1,6,1,55,8,1896,2,7,2,1
201401MM71067,2,9,0,9,0,8,0,0,0,0,1,1,6,1,36,7,1798,8,-1,10,1
201401MM71068,1,3,0,18,0,1,0,0,0,0,4,1,6,1,19,4,-1,-1,-1,-1,1
201401MM71068,2,9,0,12,0,1,0,0,0,0,3,1,6,2,24,5,1242,1,11,5,1
201401MM71069,1,3,0,18,0,1,0,0,0,0,1,1,6,1,41,7,124,1,-1,5,1
201401MM71069,2,9,0,6,0,1,0,0,0,0,3,1,6,1,-1,-1,1596,1,11,-1,-1
201401MM71070,1,19,0,18,0,8,0,0,0,0,3,1,6,1,39,7,2198,2,-1,3,1
201401MM71070,2,9,0,18,0,8,0,0,0,0,1,1,6,1,18,4,-1,-1,-1,7,1
201401MM71071,1,19,0,9,0,8,0,0,0,0,4,1,6,1,46,8,-1,-1,-1,-1,-1
201401MM71071,2,5,0,18,0,8,0,0,0,0,1,1,6,1,23,5,599,1,9,2,1
201401MM71072,1,1,0,1,0,1,0,0,0,0,0,1,6,2,40,7,-1,-1,-1,5,1
201401MM71073,1,9,0,9,0,8,0,0,0,0,4,1,6,1,60,9,1958,1,25,5,1
201401MM71073,2,1,0,18,0,8,0,0,0,0,1,1,6,1,61,9,-1,-1,-1,-1,-1
201401MM71074,1,4,0,18,0,2,0,0,0,0,1,1,6,3,-1,-1,-1,-1,-1,-1,-1
201401MM71075,1,1,0,18,0,8,0,0,0,0,1,1,6,1,30,6,-1,-1,-1,4,1
201401MM71075,2,9,0,9,0,8,0,0,0,0,4,1,6,1,-1,-1,-1,-1,-1,-1,-1
201401MM71076,1,11,0,4,0,1,0,0,0,0,0,1,1,1,34,6,-1,-1,-1,3,1
201401MM71078,1,9,0,16,0,8,0,0,0,0,1,1,6,1,-1,-1,2354,1,11,2,1
201401MM71079,1,1,0,9,0,8,0,0,0,0,2,1,6,1,43,7,-1,-1,-1,-1,-1
201401MM71079,2,9,0,18,0,8,0,0,0,0,1,1,6,3,-1,-1,-1,-1,-1,-1,-1
201401MM71080,1,9,0,1,0,0,0,0,0,0,2,1,6,1,-1,-1,-1,-1,-1,-1,-1
201401MM71081,1,9,0,3,0,1,0,0,0,0,2,1,6,2,46,8,1124,1,8,2,1