Accident_Index,Vehicle_Reference,Vehicle_Type,Towing_and_Articulation,Vehicle_Manoeuvre,Vehicle_Location-Restricted_Lane,Junction_Location,Skidding_and_Overturning,Hit_Object_in_Carriageway,Vehicle_Leaving_Carriageway,Hit_Object_off_Carriageway,1st_Point_of_Impact,Was_Vehicle_Left_Hand_Drive?,Journey_Purpose_of_Driver,Sex_of_Driver,Age_of_Driver,Age_Band_of_Driver,Engine_Capacity_(CC),Propulsion_Code,Age_of_Vehicle,Driver_IMD_Decile,Driver_Home_Area_Type
201401PL60195,1,9,0,18,0,8,0,0,0,0,3,1,6,1,24,5,1596,1,11,6,1
201401PL60195,2,9,0,18,0,8,0,0,0,0,1,1,6,1,46,8,1796,1,3,5,1
201401PL60196,1,9,0,3,0,1,0,0,0,0,2,1,6,2,35,6,-1,-1,-1,-1,-1
201401PL60196,2,9,0,3,0,1,0,0,0,0,2,1,6,1,54,8,-1,-1,-1,10,1
201401PL60196,3,9,0,18,0,1,0,0,0,0,1,1,6,1,21,5,-1,-1,-1,3,1
201401PL60197,1,3,0,18,0,0,0,0,0,0,1,1,6,1,20,4,125,1,9,8,1
201401PL60197,2,9,0,6,0,0,0,0,0,0,3,1,6,1,27,6,1896,2,9,2,1
201401PL60198,1,11,0,18,0,1,0,0,0,0,1,1,1,1,58,9,9000,2,5,7,1
201401PL60199,1,9,0,18,0,1,0,0,0,0,1,1,1,1,35,6,998,1,12,3,1
201401PL60199,2,9,0,4,0,1,0,0,0,0,2,1,6,3,-1,-1,-1,-1,-1,-1,-1
201401PL60200,1,9,0,9,0,6,0,0,0,0,3,1,6,1,21,5,1149,1,1,9,1
201401PL60200,2,5,0,14,0,8,0,0,0,0,1,1,6,2,50,8,649,1,17,7,1
201401PL60202,1,9,0,9,0,8,0,0,0,0,1,1,6,2,35,6,875,1,3,2,1
201401PL60203,1,9,0,18,0,8,0,0,0,0,1,1,6,1,30,6,1587,1,10,5,1
201401PL60204,1,1,0,18,0,8,0,0,0,0,1,1,6,1,47,8,-1,-1,-1,-1,-1
201401PL60204,2,9,0,9,0,8,0,0,0,0,1,1,6,1,-1,-1,-1,-1,-1,-1,-1
201401PL60205,1,19,0,3,0,0,0,0,0,0,2,1,1,1,48,8,1560,2,2,5,1
201401PL60205,2,9,0,3,0,0,0,0,0,0,1,1,6,1,-1,-1,1968,2,7,3,1
201401PL60206,1,9,0,18,0,8,0,0,0,0,3,1,6,2,48,8,998,1,5,2,1
201401PL60206,2,9,0,9,0,5,0,0,0,0,1,1,6,1,34,6,1368,1,7,2,1
201401PL60206,3,90,0,18,0,1,0,0,0,0,1,1,6,1,58,9,-1,-1,-1,-1,-1
201401PL60207,1,1,0,18,0,8,0,0,0,0,1,1,6,1,31,6,-1,-1,-1,8,2
201401PL60207,2,9,0,9,0,5,0,0,0,0,1,1,6,2,-1,-1,1598,1,11,-1,-1
201401PL60208,1,9,0,1,0,8,0,0,0,0,2,1,6,3,-1,-1,-1,-1,-1,-1,-1
201401PL60209,1,9,0,18,0,8,0,4,0,0,1,1,6,2,51,8,-1,-1,-1,3,1
201401PL60209,2,9,0,2,0,8,0,0,0,0,3,1,6,3,-1,-1,1600,1,15,-1,-1
201401PL60212,1,9,0,9,0,8,0,0,0,0,1,1,6,1,32,6,1587,1,6,4,1
201401PL60212,2,1,0,9,0,8,0,0,0,0,1,1,6,2,28,6,-1,-1,-1,4,1
201401PL60213,1,9,0,18,0,8,0,0,0,0,1,1,6,1,38,7,2261,1,11,5,1
201401PL60213,2,9,0,9,0,8,0,0,0,0,4,1,6,1,49,8,1598,1,14,2,1
201401PL60214,1,9,0,6,0,8,0,0,0,0,3,1,6,1,32,6,1248,2,1,3,1
201401PL60214,2,3,0,18,0,1,0,0,0,0,1,1,6,1,25,5,125,1,2,-1,1
201401PL60216,1,9,0,18,0,0,0,0,0,0,1,1,6,1,38,7,1396,1,14,-1,-1
201401PL60216,2,9,0,18,0,0,0,0,0,0,2,1,6,1,24,5,999,1,6,2,1
201401PL60217,1,9,0,18,0,2,0,0,0,0,1,1,6,1,-1,-1,-1,-1,-1,-1,-1
201401PL60218,1,9,0,18,0,1,0,0,0,0,1,1,6,2,-1,-1,-1,-1,-1,-1,-1
201401PL60219,1,9,0,9,0,8,5,7,0,0,1,1,6,2,84,11,1490,1,8,5,1
201401PL60219,2,9,0,10,0,1,0,0,0,0,0,1,1,1,31,6,-1,-1,-1,2,1
201401PL60220,1,9,0,5,0,0,0,0,0,0,1,1,6,1,35,6,2656,1,9,5,1
201401PL60220,2,9,0,12,0,0,0,0,0,0,1,1,6,2,48,8,1596,1,1,6,1
201401PL60222,1,9,0,9,0,8,0,0,0,0,1,1,6,1,18,4,1329,1,2,2,1
201401PL60223,1,5,0,9,0,2,0,0,0,0,1,1,6,1,42,7,675,1,1,5,1
201401PL60224,1,9,0,18,0,2,0,0,0,0,1,1,6,2,36,7,1968,2,3,9,1
201401PL60226,1,5,0,3,0,1,0,0,0,0,2,1,6,1,47,8,599,1,19,9,1
201401PL60226,2,9,0,5,0,1,0,0,0,0,1,1,6,3,-1,-1,-1,-1,-1,-1,-1
201401PL60227,1,9,0,3,0,1,0,0,0,0,2,1,6,2,25,5,1984,1,8,2,1
201401PL60227,2,9,0,18,0,1,0,0,0,0,1,1,6,1,-1,-1,1596,1,7,2,1
201401PL60229,1,1,0,18,0,8,0,0,0,0,4,1,6,1,32,6,-1,-1,-1,6,1
201401PL60229,2,9,0,18,0,8,0,0,0,0,1,1,6,1,-1,-1,-1,-1,-1,-1,-1
201401PL60230,1,5,0,18,2,1,0,0,0,0,4,1,6,1,42,7,748,1,17,5,1
201401PL60231,1,9,0,18,0,0,0,0,0,0,1,1,6,2,54,8,1248,2,9,2,1
201401PL60232,1,9,0,1,0,1,0,0,0,0,3,1,6,1,29,6,1896,2,8,-1,-1
201401PL60233,1,11,0,7,0,8,0,0,0,0,3,1,1,1,55,8,4500,2,3,-1,-1
201401PL60233,2,3,0,18,0,8,0,0,0,0,1,1,6,1,25,5,124,1,1,-1,1
201401PL60235,1,9,0,7,0,2,5,4,0,0,3,1,6,1,26,6,1596,1,8,2,1
201401PL60235,2,9,0,2,0,2,0,0,0,0,3,1,6,3,-1,-1,1198,1,3,-1,-1
201401PL60236,1,1,0,15,0,8,0,0,0,0,1,1,6,1,29,6,-1,-1,-1,6,1
201401PL60236,2,19,0,7,0,8,0,0,0,0,4,1,6,1,46,8,1686,2,12,-1,1
201401PL60237,1,5,0,18,0,8,0,0,0,0,4,1,1,1,51,8,675,1,4,1,1
201401PL60237,2,9,0,9,0,8,0,0,0,0,1,1,6,1,22,5,1242,1,3,4,1
201401PL60238,1,5,0,18,0,8,0,0,0,0,1,1,6,1,39,7,-1,-1,-1,4,1
201401PL60238,2,9,0,9,0,8,0,0,0,0,3,1,6,1,-1,-1,-1,-1,-1,-1,-1
201401PL60239,1,9,0,9,0,2,0,0,0,0,1,1,6,1,26,6,1582,2,2,4,1
201401PL60240,1,19,0,7,0,8,0,0,0,0,3,1,1,1,31,6,1753,2,10,2,1
201401PL60240,2,2,0,14,0,8,0,0,0,0,1,1,6,1,21,5,49,1,4,2,1
201401PL60241,1,9,0,4,0,1,0,0,0,0,2,1,6,1,52,8,1997,2,4,-1,-1
201401PL60241,2,9,0,4,0,1,0,0,0,0,1,1,6,1,58,9,1997,1,20,5,1
201401PL60242,1,5,0,18,0,1,0,0,0,0,0,1,6,1,29,6,998,1,10,2,1
201401PL60245,1,9,0,18,0,8,0,0,0,0,1,1,6,2,40,7,1598,1,7,4,1
201401PL60245,2,9,0,18,0,8,0,4,7,0,4,1,6,2,50,8,1590,1,12,5,1
201401PL60245,3,9,0,2,0,2,0,0,0,0,1,1,6,1,34,6,1490,1,8,5,1
201401PL60246,1,19,0,7,0,8,0,0,0,0,3,1,6,3,-1,-1,1900,2,12,-1,-1
201401PL60246,2,5,0,18,0,8,0,0,0,0,1,1,1,1,39,7,599,1,13,2,1
201401PL60247,1,9,0,4,0,1,0,0,0,0,2,1,1,2,40,7,-1,-1,-1,5,1
201401PL60247,2,5,0,4,0,1,0,0,0,0,1,1,6,1,35,6,600,1,12,2,1
201401PL60248,1,1,0,18,0,0,0,0,0,0,3,1,6,1,31,6,-1,-1,-1,5,1
201401PL60248,2,9,0,6,0,0,0,0,0,0,1,1,6,1,-1,-1,-1,-1,-1,-1,-1
201401PL60250,1,9,0,10,0,8,0,0,0,0,3,1,6,1,46,8,1984,1,2,-1,-1
201401PL60250,2,5,0,4,0,8,0,0,0,0,0,1,6,1,43,7,599,1,7,-1,-1
201401PL60251,1,9,0,18,0,0,0,0,0,0,3,1,6,1,26,6,2993,2,8,2,1
201401PL60251,2,9,0,11,0,0,0,0,0,0,4,1,6,1,-1,-1,1753,2,5,-1,-1
201401PL60252,1,9,0,18,0,8,0,0,0,0,4,1,6,1,57,9,1868,2,12,4,1
201401PL60252,2,9,0,18,0,8,0,0,0,0,1,1,6,1,23,5,1794,1,13,2,1
201401PL60253,1,19,0,1,0,1,0,0,0,0,2,1,1,1,51,8,1560,2,6,3,1
201401PL60253,2,9,0,3,0,1,0,0,0,0,2,1,6,1,43,7,1798,1,4,5,1
201401PL60253,3,9,0,18,0,1,0,0,0,0,1,1,6,1,37,7,-1,-1,-1,9,1
201401PL60254,1,11,0,17,0,8,0,0,0,0,0,1,1,1,60,9,3900,2,11,3,1
201401PL60256,1,9,0,18,0,1,0,0,0,0,2,1,6,1,31,6,1299,1,12,4,1
201401PL60256,2,9,0,13,0,1,0,0,0,0,1,1,6,3,-1,-1,-1,-1,-1,-1,-1
201401PL60257,1,9,0,18,0,8,0,0,0,0,4,1,1,1,62,9,-1,-1,-1,8,1
201401PL60257,2,5,0,18,0,8,0,0,0,0,1,1,6,1,-1,-1,645,1,8,-1,-1
201401PL60259,1,9,0,18,0,1,0,10,0,0,1,1,6,1,28,6,1360,1,14,-1,1
201401PL60259,2,9,0,18,0,2,0,0,0,0,1,1,6,3,-1,-1,1396,1,15,-1,-1
201401PL60261,1,9,0,4,0,1,0,0,0,0,1,1,6,2,41,7,1299,1,7,2,1
201401PL60261,2,9,0,4,0,1,0,0,0,0,2,1,6,1,-1,-1,1998,1,7,5,1
201401PL60262,1,9,0,18,0,1,0,0,0,0,1,1,6,2,21,5,1242,1,-1,2,1
201401PL60263,1,9,0,4,0,0,0,0,0,0,2,1,6,1,53,8,1598,1,8,-1,1
201401PL60263,2,9,0,18,0,0,0,0,0,0,1,1,6,1,-1,-1,3798,1,3,5,1
201401PL60264,1,9,0,18,0,8,0,0,0,0,1,1,6,3,-1,-1,-1,-1,-1,-1,-1
201401PL60265,1,5,0,3,0,1,0,0,0,0,2,1,6,2,61,9,998,1,1,-1,-1
201401PL60265,2,9,0,18,0,1,0,0,0,0,1,1,6,1,-1,-1,1560,2,5,-1,-1
201401PL60266,1,11,0,15,2,1,0,0,0,0,1,1,1,1,51,8,6700,2,2,-1,1
201401PL60267,1,9,0,9,0,0,0,0,0,0,4,1,6,1,76,11,1769,1,10,3,1
201401PL60267,2,2,0,15,2,0,0,0,0,0,1,1,6,1,24,5,49,1,14,2,1
201401PL60268,1,9,0,7,0,8,0,0,0,0,3,1,6,1,22,5,1390,1,8,5,1
201401PL60268,2,1,0,18,0,8,0,0,0,0,4,1,6,1,61,9,-1,-1,-1,3,1
201401PL60269,1,1,0,7,0,8,0,0,0,0,3,1,6,1,35,6,-1,-1,-1,-1,-1
201401PL60269,2,9,0,18,0,8,0,0,0,0,1,1,6,3,-1,-1,-1,-1,-1,-1,-1
201401PL60270,1,9,0,14,0,0,0,0,0,0,4,1,6,3,-1,-1,-1,-1,-1,-1,-1
201401PL60271,1,9,0,14,0,8,0,0,0,0,4,1,6,1,58,9,1796,1,10,2,1
201401PL60271,2,9,0,9,0,8,0,0,0,0,3,1,6,3,-1,-1,-1,-1,-1,-1,-1
201401PL60274,1,9,0,18,0,1,0,0,0,0,1,1,6,1,62,9,1997,1,2,2,1
201401PL60275,1,1,0,18,0,8,0,0,0,0,1,1,6,1,29,6,-1,-1,-1,-1,-1
201401PL60275,2,9,0,9,0,8,0,0,0,0,4,1,6,1,32,6,1794,1,12,3,1
201401PL60276,1,9,0,9,0,8,0,0,0,0,4,1,6,1,27,6,2179,2,6,2,1
201401PL60276,2,3,0,18,0,8,0,0,0,0,1,1,6,1,17,4,-1,-1,-1,2,1
201401PL60277,1,19,0,18,0,8,0,0,0,0,1,1,1,1,50,8,1995,2,5,9,1
201401PL60277,2,9,0,9,0,8,0,0,0,0,4,1,1,1,36,7,1560,2,10,5,1
201401PL60278,1,1,0,18,9,2,0,0,0,0,1,1,6,1,49,8,-1,-1,-1,2,1
201401PL60279,1,4,0,18,0,8,0,0,0,0,1,1,6,1,36,7,499,1,16,3,1
201401PL60279,2,9,0,7,0,8,0,0,0,0,3,1,6,2,22,5,1199,1,13,4,1
201401PL60281,1,9,0,9,0,8,0,0,0,0,4,1,6,2,42,7,1598,1,1,2,1
201401PL60281,2,3,0,18,0,8,0,0,0,0,1,1,6,1,50,8,124,1,6,7,1
201401PL60282,1,11,0,4,0,1,0,0,0,0,0,1,1,2,51,8,9000,2,8,3,1
201401PL60283,1,11,0,18,0,2,0,0,0,0,1,2,1,1,28,6,-1,-1,-1,-1,-1
201401PL60283,2,3,0,6,0,2,0,0,0,0,3,1,1,1,21,5,125,1,2,2,1
201401PL60285,1,9,0,18,0,8,0,0,0,0,1,1,6,1,25,5,2480,1,2,7,1
201401PL60286,1,9,0,18,0,8,0,0,0,0,1,1,6,2,62,9,1108,1,29,5,1
201401PL60286,2,9,0,9,0,8,0,0,0,0,4,1,1,1,56,9,1598,2,4,7,1
201401PL60287,1,9,0,18,0,8,0,0,0,0,1,1,6,2,41,7,2393,1,12,4,1
201401PL60287,2,9,0,9,0,8,0,0,0,0,1,1,6,1,22,5,1388,1,10,-1,-1
201401PL60288,1,9,0,18,0,0,0,0,0,0,3,1,6,2,28,6,1991,2,4,2,1
201401PL60288,2,9,0,11,0,0,0,0,0,0,4,1,6,3,-1,-1,-1,-1,-1,-1,-1
201401PL60289,1,9,0,4,0,0,0,0,0,0,2,1,6,2,49,8,1995,2,6,3,1
201401PL60289,2,9,0,4,0,0,0,0,0,0,1,1,6,1,27,6,999,1,1,2,1
201401PL60290,1,9,0,18,0,1,0,0,0,0,1,1,6,2,55,8,1339,1,11,4,1
201401PL60290,2,9,0,2,0,1,0,0,0,0,2,1,6,3,-1,-1,1560,2,9,-1,-1
201401PL60292,1,1,0,18,0,1,0,0,0,0,3,1,6,1,28,6,-1,-1,-1,1,1
201401PL60292,2,9,0,11,0,1,0,0,0,0,4,1,6,1,-1,-1,1910,2,13,-1,-1
201401PL60293,1,2,0,18,0,1,0,0,0,0,1,1,6,1,20,4,-1,-1,-1,-1,1
201401PL60294,1,9,0,18,0,1,0,0,7,2,1,1,1,1,49,8,1796,1,6,2,1
201401PL60295,1,9,0,18,0,0,0,0,0,0,4,1,6,3,-1,-1,-1,-1,-1,-1,-1
201401PL60296,1,9,0,3,0,8,0,0,0,0,2,1,6,2,45,7,1596,1,1,2,1
201401PL60296,2,9,0,4,0,8,0,0,0,0,1,1,1,1,-1,-1,-1,-1,-1,-1,-1
201401PL60297,1,5,0,4,0,0,0,0,0,0,2,1,6,1,49,8,-1,-1,-1,2,1
201401PL60297,2,4,0,18,0,0,0,0,0,0,1,1,6,1,46,8,124,1,7,1,1
201401PL60298,1,9,0,18,0,8,0,0,0,0,4,1,6,2,-1,-1,-1,-1,-1,-1,-1
201401PL60298,2,11,0,18,0,8,0,0,0,0,1,1,1,1,56,9,-1,-1,-1,2,1
201401PL60299,1,1,0,17,0,8,0,0,0,0,4,1,6,2,28,6,-1,-1,-1,2,1
201401PL60299,2,8,0,18,0,8,0,0,0,0,1,1,6,1,50,8,1364,1,6,5,1
201401PL60300,1,9,0,5,0,6,0,0,0,0,3,1,6,2,53,8,1242,1,7,10,1
201401PL60300,2,1,0,18,0,1,0,0,0,0,1,1,6,1,50,8,-1,-1,-1,10,1
201401PL60301,1,9,0,10,0,8,0,0,0,0,4,1,1,1,53,8,2204,2,5,2,1
201401PL60301,2,3,0,18,0,8,0,0,0,0,1,1,1,1,35,6,125,1,3,6,1
201401PL60302,1,9,0,9,0,0,0,0,0,0,4,1,6,1,42,7,1998,1,10,-1,-1
201401PL60302,2,4,0,15,0,0,0,0,0,0,1,1,6,1,31,6,-1,-1,-1,9,1
201401PL60303,1,9,0,3,0,0,0,0,0,0,2,1,6,1,47,8,2401,2,11,1,2
201401PL60303,2,9,0,3,0,0,0,0,0,0,2,1,6,2,54,8,-1,-1,-1,3,1
201401PL60303,3,9,0,18,0,0,0,0,0,0,1,1,6,2,27,6,1242,1,14,5,1
201401PL60304,1,9,0,3,0,2,0,0,0,0,2,1,6,2,34,6,998,1,10,4,1
201401PL60304,2,9,0,18,0,2,0,0,0,0,1,1,1,1,-1,-1,-1,-1,-1,-1,-1
201401PL60305,1,9,0,7,0,8,0,0,0,0,3,1,6,2,60,9,1596,1,13,-1,1
201401PL60305,2,11,0,18,2,8,0,0,0,0,4,1,6,1,34,6,6700,2,2,-1,-1
201401PL60306,1,11,0,18,2,1,0,0,0,0,1,1,1,1,25,5,4500,2,3,3,1
201401PL60306,2,9,0,7,0,1,0,0,0,0,2,1,6,1,-1,-1,1390,1,9,-1,-1
201401PL60308,1,9,0,9,0,2,0,0,0,0,3,1,6,2,21,5,-1,-1,-1,3,1
201401PL60309,1,9,0,4,0,1,0,0,0,0,2,1,6,2,26,6,1242,1,1,7,1
201401PL60309,2,9,0,18,3,1,1,0,0,0,1,1,6,2,-1,-1,1199,1,12,-1,-1
201401PL60310,1,3,0,18,0,8,0,0,0,0,1,1,6,2,30,6,124,1,1,6,1
201401PL60310,2,9,0,9,0,8,0,0,0,0,4,1,6,1,31,6,1995,2,10,6,1
201401PL60311,1,9,0,18,0,1,0,10,0,0,1,1,1,1,42,7,1896,2,11,3,1
201401PL60313,1,9,0,2,0,0,0,0,0,0,3,1,6,1,28,6,1598,1,8,3,1
201401PL60313,2,3,0,18,0,0,0,8,0,0,1,1,6,1,55,8,49,1,5,5,1
201401PL60314,1,9,0,9,0,5,0,0,0,0,4,1,6,2,38,7,1390,1,10,3,1
201401PL60314,2,1,0,18,0,8,0,0,0,0,1,1,6,1,47,8,-1,-1,-1,3,1
201401PL60315,1,9,0,5,0,0,0,0,0,0,1,1,6,2,-1,-1,-1,-1,-1,-1,-1
201401PL60317,1,9,0,3,0,0,0,0,0,0,4,1,6,2,68,10,1299,1,13,7,1
201401PL60317,2,9,0,7,2,0,0,0,0,0,4,1,6,1,30,6,2993,2,7,-1,-1
201401PL60317,3,9,0,18,2,0,0,0,0,0,1,1,1,1,34,6,-1,-1,-1,-1,-1
201401PL60318,1,19,0,18,0,8,0,0,0,0,4,1,6,1,62,9,1968,2,4,9,1
201401PL60318,2,9,0,9,0,8,0,0,0,0,1,1,6,1,-1,-1,-1,-1,-1,-1,-1
201401PL60319,1,9,0,15,0,1,0,0,0,0,1,1,6,2,-1,-1,-1,-1,-1,-1,-1
201401PL60320,1,3,0,9,0,8,0,0,0,0,4,1,6,1,30,6,124,1,1,4,1
201401PL60320,2,9,0,13,0,5,0,0,0,0,3,1,6,1,42,7,1796,1,11,3,1
201401PL60322,1,9,0,5,0,2,0,0,0,0,1,1,6,2,45,7,1500,2,1,-1,-1
201401PL60322,2,9,0,18,0,1,0,0,0,0,3,1,6,1,40,7,1794,1,11,2,1
201401PL60322,3,9,0,18,0,1,0,0,0,0,3,1,6,3,-1,-1,-1,-1,-1,-1,-1
201401PL60323,1,9,0,17,0,8,0,0,0,0,4,1,6,1,24,5,-1,-1,-1,6,1
201401PL60323,2,9,0,18,0,8,0,0,0,0,1,1,6,1,23,5,1196,1,17,-1,1
201401PL60324,1,9,0,18,0,0,0,0,0,0,1,1,6,1,24,5,1364,1,5,2,1
201401PL60324,2,1,0,12,0,0,0,0,0,0,3,1,6,1,10,2,-1,-1,-1,3,1
201401PL60325,1,1,0,18,0,1,0,0,0,0,1,1,6,2,29,6,-1,-1,-1,3,1
201401PL60325,2,9,0,9,0,5,0,0,0,0,4,1,6,3,-1,-1,1997,2,7,-1,-1
201401PL60326,1,9,0,18,0,0,0,0,0,0,1,1,6,1,45,7,1995,1,7,2,1
201401PL60327,1,9,0,16,0,0,0,0,0,0,3,1,6,2,35,6,-1,-1,-1,3,1
201401PL60327,2,9,0,17,0,0,0,0,0,0,3,1,6,1,23,5,1398,1,1,3,1
201401PL60328,1,9,0,4,0,1,0,0,0,0,2,1,6,2,50,8,-1,-1,-1,4,1
201401PL60328,2,9,0,18,0,1,0,0,0,0,1,1,6,3,-1,-1,-1,-1,-1,-1,-1
201401PL60329,1,3,0,18,0,0,1,0,0,0,3,1,6,2,29,6,-1,-1,-1,2,1
201401PL60329,2,9,0,6,0,0,0,0,0,0,0,1,6,1,21,5,1598,1,-1,2,1
201401PL60331,1,3,0,14,0,8,0,0,0,0,1,1,1,1,26,6,125,1,4,2,1
201401PL60331,2,9,0,9,0,8,0,0,0,0,3,1,6,2,47,8,1840,1,14,5,1
201401PL60333,1,9,0,18,0,1,0,0,0,0,1,1,6,1,47,8,1689,2,12,3,1
201401PL60333,2,9,0,18,0,1,0,0,0,0,2,1,6,1,23,5,1796,1,1,4,1
201401PL60334,1,9,0,18,0,2,0,0,0,0,1,1,6,3,-1,-1,-1,-1,-1,-1,-1
201401PL60336,1,9,0,18,0,0,0,0,0,0,3,1,6,1,41,7,1299,1,12,2,1
201401PL60336,2,9,0,9,0,0,0,0,0,0,1,1,6,2,24,5,1998,2,12,3,1
201401PL60337,1,11,0,5,2,8,0,0,0,0,0,1,1,1,51,8,6700,2,2,10,1
201401PL60338,1,8,0,5,0,8,0,0,0,0,1,1,1,1,46,8,1497,8,5,2,1
201401PL60338,2,1,0,17,0,8,0,0,0,0,4,1,6,1,18,4,-1,-1,-1,3,1
201401PL60339,1,9,0,5,0,0,0,0,0,0,1,1,3,2,37,7,1598,1,15,4,1
201401PL60340,1,9,0,18,0,8,0,0,0,0,1,1,6,2,39,7,-1,-1,-1,3,1
201401PL60340,2,4,0,14,0,8,0,0,0,0,4,1,6,1,23,5,749,1,16,2,1
201401PL60340,3,19,0,3,0,1,0,0,0,0,1,1,6,1,-1,-1,-1,-1,-1,-1,-1
201401PL60341,1,9,0,18,0,8,0,0,0,0,1,1,6,1,-1,-1,-1,-1,-1,-1,-1
201401PL60343,1,19,0,7,0,5,0,0,0,0,4,1,1,1,35,6,2402,2,6,-1,1
201401PL60343,2,1,0,15,0,8,0,0,0,0,3,1,6,1,25,5,-1,-1,-1,1,1
201401PL60344,1,9,0,18,0,8,0,0,0,0,1,1,6,2,38,7,-1,-1,-1,9,1
201401PL60346,1,3,0,13,0,0,1,0,0,0,1,1,2,1,40,7,600,1,-1,2,1
201401PL60346,2,9,0,6,0,0,0,0,0,0,3,1,6,1,47,8,2198,2,6,-1,-1
201401PL60347,1,9,0,9,0,8,0,0,0,0,4,1,6,1,36,7,-1,-1,-1,3,1
201401PL60347,2,3,0,18,0,8,0,0,0,0,1,1,6,1,40,7,124,1,11,4,1
201401PL60348,1,9,0,9,0,8,0,0,0,0,2,1,6,2,19,4,1149,1,4,4,1
201401PL60348,2,9,0,9,0,8,0,0,0,0,1,1,6,1,18,4,1242,1,10,3,1
201401PL60349,1,9,0,4,0,8,0,0,0,0,1,1,1,1,31,6,1596,1,11,3,1
201401PL60349,2,8,0,18,0,8,0,0,0,0,2,1,6,1,40,7,1598,2,2,7,1
201401PL60350,1,11,0,4,0,1,0,0,0,0,0,1,1,1,47,8,6871,2,5,2,1
201401PL60351,1,11,0,4,0,8,0,0,0,0,0,1,1,1,51,8,4500,2,-1,2,1
201401PL60353,1,9,0,18,0,1,0,0,0,0,1,1,6,2,63,9,1390,1,12,-1,-1
201401PL60354,1,9,0,9,0,5,0,0,0,0,4,1,6,2,20,4,1229,1,1,3,1
201401PL60354,2,5,0,18,0,8,1,0,0,0,1,1,6,2,29,6,-1,-1,-1,2,1
201401PL60355,1,5,0,11,0,1,0,0,0,0,4,1,6,1,30,6,800,1,-1,5,1
201401PL60355,2,9,0,18,0,1,0,0,0,0,3,1,6,1,39,7,2996,1,5,3,1
201401PL60356,1,9,0,7,0,8,0,0,0,0,3,1,6,1,39,7,1794,1,11,2,1
201401PL60356,2,1,0,18,0,8,0,0,0,0,1,1,6,1,16,4,-1,-1,-1,2,1
201401PL60357,1,9,0,18,0,8,0,0,0,0,4,1,6,2,61,9,1299,1,10,-1,-1
201401PL60357,2,9,0,18,0,8,0,0,0,0,1,1,1,1,-1,-1,1582,2,1,-1,-1
201401PL60358,1,9,0,9,0,8,0,0,0,0,3,1,6,1,20,4,-1,-1,-1,3,1
201401PL60358,2,11,0,18,0,8,0,0,0,0,1,1,6,2,44,7,3900,2,12,3,1
201401PL60359,1,5,0,18,0,2,0,4,0,0,1,1,6,1,-1,-1,-1,-1,-1,-1,-1
201401PL60359,2,9,0,2,0,2,0,0,0,0,2,1,6,1,-1,-1,-1,-1,-1,-1,-1
201401PL60360,1,11,0,4,0,1,0,0,0,0,0,1,1,1,26,6,9000,2,5,-1,-1
201401PL60361,1,11,0,4,0,8,0,0,0,0,2,1,1,2,54,8,6700,2,2,3,1
201401PL60361,2,9,0,7,0,8,0,0,0,0,1,1,6,2,25,5,1984,1,7,-1,-1
201401PL60362,1,19,0,12,0,0,0,0,0,0,3,1,6,1,43,7,-1,-1,-1,-1,-1
201401PL60362,2,5,0,18,0,0,0,0,0,0,4,1,6,1,42,7,1170,1,5,7,1
201401PL60363,1,9,0,18,0,1,0,0,0,0,1,1,6,1,66,10,998,1,1,-1,-1
201401PL60364,1,9,0,18,0,8,0,0,0,0,1,1,6,2,28,6,1587,1,11,5,1
201401PL60365,1,19,0,4,0,1,0,0,0,0,1,1,1,1,20,4,-1,-1,-1,-1,-1
201401PL60365,2,9,0,4,0,1,0,0,0,0,2,1,1,1,-1,-1,1560,2,2,-1,-1
201401PL60366,1,3,0,18,0,8,0,0,0,0,3,1,6,1,28,6,124,1,1,4,1
201401PL60368,1,9,0,18,0,8,0,0,0,0,1,1,6,2,56,9,-1,-1,-1,-1,1
201401PL60369,1,20,1,9,0,8,0,0,0,0,4,1,1,3,-1,-1,-1,-1,-1,-1,-1
201401PL60369,2,9,0,3,0,8,0,0,0,0,3,1,1,1,23,5,1198,1,1,2,1
201401PL60370,1,9,0,7,0,8,0,0,0,0,3,1,6,1,23,5,1124,1,14,10,1
201401PL60370,2,1,0,18,0,8,0,0,0,0,1,1,6,1,36,7,-1,-1,-1,2,1
201401PL60371,1,9,0,18,0,8,0,0,0,0,4,1,6,1,29,6,1240,1,9,-1,-1
201401PL60371,2,11,0,18,0,8,0,0,0,0,1,1,1,1,48,8,7300,2,12,1,1
201401PL60373,1,19,0,18,0,8,0,0,0,0,1,1,1,1,55,8,2198,2,2,2,1
201401PL60373,2,9,0,6,0,8,0,0,0,0,4,1,6,1,23,5,1242,1,1,3,1
201401PL60374,1,3,0,18,0,0,0,0,0,0,1,1,2,1,23,5,125,1,-1,7,1
201401PL60374,2,1,0,18,0,0,0,0,0,0,4,1,6,1,27,6,-1,-1,-1,2,1
201401PL60375,1,1,0,18,0,8,0,0,0,0,1,1,6,2,27,6,-1,-1,-1,-1,1
201401PL60375,2,9,0,7,0,5,0,0,0,0,4,1,6,1,-1,-1,1390,1,4,-1,-1
201401PL60376,1,9,0,6,0,2,0,0,0,0,1,1,6,1,47,8,1598,1,19,4,1
201401PL60376,2,9,0,18,0,1,1,10,1,0,1,1,6,1,23,5,1242,1,1,2,1
201401PL60377,1,9,0,2,0,0,0,0,0,0,2,1,6,2,24,5,1598,1,7,3,1
201401PL60377,2,9,0,1,0,0,0,4,0,0,2,1,6,2,-1,-1,1989,1,14,-1,-1
201401PL60378,1,3,0,18,2,8,0,0,0,0,1,1,6,1,28,6,125,1,5,1,1
201401PL60378,2,9,0,9,0,5,0,0,0,0,4,1,6,1,26,6,973,1,12,8,1
201401PL60380,1,19,0,5,0,6,0,0,0,0,1,1,6,1,43,7,2402,2,5,8,2