Accident_Index,Vehicle_Reference,Vehicle_Type,Towing_and_Articulation,Vehicle_Manoeuvre,Vehicle_Location-Restricted_Lane,Junction_Location,Skidding_and_Overturning,Hit_Object_in_Carriageway,Vehicle_Leaving_Carriageway,Hit_Object_off_Carriageway,1st_Point_of_Impact,Was_Vehicle_Left_Hand_Drive?,Journey_Purpose_of_Driver,Sex_of_Driver,Age_of_Driver,Age_Band_of_Driver,Engine_Capacity_(CC),Propulsion_Code,Age_of_Vehicle,Driver_IMD_Decile,Driver_Home_Area_Type
201401PL60381,1,9,0,18,0,1,0,0,0,0,1,1,6,2,28,6,1229,1,7,2,1
201401PL60382,1,3,0,18,0,2,0,0,0,0,1,1,6,1,28,6,125,1,7,-1,1
201401PL60383,1,9,0,18,0,1,0,0,0,0,1,1,6,2,-1,-1,1598,1,1,-1,-1
201401PL60384,1,8,0,4,0,1,0,0,0,0,2,1,1,1,32,6,1956,2,1,4,1
201401PL60384,2,3,0,4,0,1,0,0,0,0,1,1,6,1,35,6,124,1,2,3,1
201401PL60385,1,9,0,18,0,1,0,0,0,0,1,1,6,1,45,7,999,1,14,4,1
201401PL60385,2,9,0,18,0,1,0,0,0,0,2,1,1,1,46,8,1995,2,3,-1,-1
201401PL60385,3,9,0,18,0,1,0,0,0,0,2,1,6,1,35,6,1598,2,3,9,1
201401PL60385,4,9,0,18,0,1,0,0,0,0,1,1,1,1,-1,-1,1769,1,9,1,1
201401PL60386,1,9,0,18,0,1,0,0,0,0,1,1,6,1,46,8,998,1,12,6,1
201401PL60386,2,9,0,18,0,2,0,0,0,0,1,1,6,1,79,11,998,1,10,6,1
201401PL60388,1,9,0,18,0,2,0,0,0,0,1,1,6,1,22,5,-1,-1,-1,5,1
201401PL60389,1,9,0,18,0,1,0,0,0,0,1,1,6,1,51,8,-1,-1,-1,3,1
201401PL60389,2,9,0,18,0,2,0,0,0,0,1,1,6,3,-1,-1,-1,-1,-1,-1,-1
201401PL60390,1,19,0,15,0,8,0,0,0,0,3,1,6,1,-1,-1,-1,-1,-1,-1,-1
201401PL60390,2,1,0,18,0,8,0,0,0,0,4,1,6,2,27,6,-1,-1,-1,2,1
201401PL60391,1,9,0,18,0,1,0,0,0,0,1,1,6,2,69,10,1598,1,10,4,1
201401PL60392,1,9,0,9,0,8,0,0,0,0,4,1,6,1,32,6,1560,2,4,4,1
201401PL60392,2,9,0,18,0,8,0,0,0,0,1,1,6,1,81,11,1796,1,17,2,1
201401PL60393,1,3,0,18,0,1,0,0,0,0,1,1,6,1,29,6,124,1,1,2,1
201401PL60393,2,9,0,18,0,1,0,0,0,0,2,1,1,1,26,6,1598,1,4,-1,-1
201401PL60394,1,1,0,18,0,1,0,0,0,0,0,1,6,1,26,6,-1,-1,-1,2,1
201401PL60395,1,1,0,18,0,2,0,0,0,0,2,1,6,1,24,5,-1,-1,-1,2,1
201401PL60395,2,9,0,18,0,2,0,0,0,0,1,1,6,3,-1,-1,-1,-1,-1,-1,-1
201401PL60399,1,9,0,4,0,8,0,0,0,0,2,1,6,1,51,8,1400,1,8,8,1
201401PL60399,2,9,0,4,0,8,0,0,0,0,1,1,6,1,44,7,1396,1,16,2,1
201401PL60400,1,20,0,7,0,8,0,0,0,0,4,1,6,1,41,7,-1,-1,-1,2,1
201401PL60400,2,1,0,18,0,8,0,0,0,0,1,1,6,1,20,4,-1,-1,-1,6,1
201401PL60401,1,9,0,18,0,8,0,0,0,0,1,1,6,2,48,8,996,1,4,5,1
201401PL60401,2,9,0,15,0,8,0,0,0,0,1,1,6,1,20,4,1299,1,13,8,3
201401PL60402,1,1,0,18,0,0,0,0,0,0,1,1,6,1,46,8,-1,-1,-1,3,1
201401PL60402,2,9,0,5,0,0,0,0,0,0,3,1,6,1,-1,-1,2148,2,9,3,1
201401PL60405,1,9,0,18,0,8,0,0,0,0,1,1,6,1,36,7,1997,1,6,2,1
201401PL60405,2,9,0,9,0,8,0,0,0,0,4,1,6,2,33,6,2184,2,7,3,1
201401PL60405,3,19,0,2,0,8,0,0,0,0,1,1,6,1,-1,-1,1870,2,10,-1,-1
201401PL60406,1,3,0,18,0,1,0,0,0,0,1,1,6,1,77,11,124,1,4,4,1
201401PL60407,1,1,0,12,0,1,0,0,0,0,3,1,6,1,22,5,-1,-1,-1,4,1
201401PL60407,2,19,0,18,0,1,0,0,0,0,4,1,6,3,-1,-1,-1,-1,-1,-1,-1
201401PL60408,1,9,0,3,0,2,0,0,0,0,2,1,6,2,31,6,1198,1,2,2,1
201401PL60408,2,9,0,4,0,2,0,0,0,0,1,1,6,3,-1,-1,-1,-1,-1,-1,-1
201401PL60409,1,9,0,2,0,1,0,0,0,0,2,1,1,2,56,9,998,1,-1,4,1
201401PL60409,2,3,0,18,0,1,0,0,0,0,1,1,6,1,20,4,124,1,12,3,1
201401PL60412,1,9,0,18,0,1,0,0,0,0,1,1,6,1,32,6,1199,1,13,5,1
201401PL60412,2,1,0,18,0,2,0,0,0,0,1,1,6,1,46,8,-1,-1,-1,5,1
201401PL60413,1,3,0,18,0,8,0,0,0,0,1,1,6,1,21,5,124,1,4,3,1
201401PL60413,2,9,0,9,0,8,0,0,0,0,4,1,6,1,45,7,1896,2,9,5,1
201401PL60416,1,9,0,9,0,8,0,0,0,0,3,1,6,1,54,8,1968,2,2,-1,1
201401PL60416,2,3,0,13,0,8,0,0,0,0,1,1,6,1,19,4,124,1,9,2,1
201401PL60417,1,1,0,18,0,8,0,0,0,0,3,1,6,1,63,9,-1,-1,-1,3,1
201401PL60417,2,9,0,11,0,8,0,0,0,0,1,1,6,1,-1,-1,-1,-1,-1,-1,-1
201401PL60418,1,2,0,18,0,8,0,0,0,0,2,1,6,2,39,7,124,1,9,2,1
201401PL60418,2,9,0,5,0,8,0,0,0,0,3,1,6,1,-1,-1,-1,-1,-1,3,1
201401PL60419,1,9,0,18,0,8,0,0,0,0,1,1,6,2,20,4,1229,1,4,3,1
201401PL60419,2,9,0,2,0,8,0,0,0,0,3,1,6,1,-1,-1,2497,2,9,-1,-1
201401PL60419,3,1,0,18,0,8,0,0,0,0,3,1,6,1,-1,-1,-1,-1,-1,4,1
201401PL60420,1,9,0,9,0,8,0,0,0,0,1,1,6,2,56,9,1596,1,9,3,1
201401PL60420,2,1,0,18,0,8,0,0,0,0,1,1,6,1,28,6,-1,-1,-1,4,1
201401PL60421,1,1,0,18,0,8,0,0,0,0,1,1,6,1,-1,-1,-1,-1,-1,-1,-1
201401PL60422,1,9,0,18,0,0,0,0,0,0,1,1,6,1,66,10,1198,1,3,3,1
201401PL60422,2,9,0,2,0,0,0,0,0,0,2,1,6,1,-1,-1,-1,-1,-1,-1,-1
201401PL60423,1,9,0,18,0,0,0,0,0,0,1,1,6,1,-1,-1,-1,-1,-1,-1,-1
201401PL60424,1,19,0,11,0,8,0,0,0,0,4,1,6,1,31,6,2198,2,3,7,1
201401PL60424,2,9,0,18,0,8,0,0,0,0,3,1,6,1,30,6,1364,1,10,5,1
201401PL60425,1,3,0,18,0,8,0,0,0,0,4,1,6,1,-1,-1,-1,-1,-1,-1,-1
201401PL60427,1,9,0,17,0,8,0,0,0,0,4,1,6,1,32,6,2143,2,4,7,1
201401PL60427,2,9,0,16,0,8,0,0,0,0,3,1,6,1,38,7,973,1,13,-1,1
201401PL60428,1,9,0,4,0,0,1,0,0,0,1,1,6,1,23,5,1598,1,15,3,1
201401PL60428,2,19,0,3,0,0,0,0,0,0,2,1,6,1,59,9,1461,2,10,2,1
201401PL60430,1,9,0,7,0,8,0,10,0,0,1,1,6,1,28,6,1596,1,12,5,1
201401PL60431,1,1,0,18,0,8,0,0,0,0,3,1,6,2,-1,-1,-1,-1,-1,4,1
201401PL60431,2,20,0,11,0,8,0,0,0,0,4,1,6,3,-1,-1,-1,-1,-1,-1,-1
201401PL60432,1,11,0,18,0,8,0,0,0,0,4,1,1,1,30,6,-1,-1,-1,2,1
201401PL60432,2,9,0,7,0,8,0,0,0,0,3,1,6,1,48,8,1995,2,1,-1,-1
201401PL60432,3,9,0,18,0,8,0,0,0,0,2,1,6,1,-1,-1,1598,1,10,-1,-1
201401PL60434,1,9,0,18,0,1,0,0,0,0,1,1,6,2,56,9,1386,1,2,4,1
201401PL60435,1,9,0,11,0,1,0,0,0,0,4,1,6,2,18,4,998,1,10,2,1
201401PL60435,2,1,0,18,0,1,0,0,0,0,1,1,6,1,44,7,-1,-1,-1,5,1
201401PL60436,1,11,0,18,0,1,0,0,0,0,1,1,1,1,49,8,6700,2,3,1,1
201401PL60437,1,19,0,1,0,2,0,0,0,0,2,1,6,1,39,7,-1,-1,-1,3,1
201401PL60437,2,9,0,3,0,1,0,0,0,0,1,1,6,1,34,6,-1,-1,-1,3,1
201401PL60438,1,9,0,3,0,2,0,0,0,0,3,1,6,2,27,6,1596,1,7,2,1
201401PL60438,2,20,4,18,0,2,0,0,0,0,4,1,1,1,-1,-1,-1,-1,-1,-1,-1
201401PL60439,1,9,0,4,0,1,0,0,0,0,2,1,6,2,39,7,1598,2,2,3,1
201401PL60439,2,10,0,4,0,1,0,0,0,0,1,1,6,3,-1,-1,-1,-1,-1,-1,-1
201401PL60440,1,9,0,17,0,0,0,0,0,0,4,1,6,3,-1,-1,-1,-1,-1,-1,-1
201401PL60442,1,5,0,18,2,0,0,0,0,0,1,1,6,1,23,5,124,1,2,3,1
201401PL60443,1,4,0,18,0,1,0,0,0,0,1,1,6,3,-1,-1,-1,-1,-1,-1,-1
201401PL60444,1,9,0,5,0,8,0,0,0,0,1,1,6,1,44,7,1598,1,5,9,1
201401PL60444,2,9,0,17,0,8,0,0,0,0,4,1,6,2,25,5,1984,1,8,3,1
201401PL60445,1,9,0,18,0,8,0,0,0,0,1,1,6,2,40,7,1329,1,3,2,1
201401PL60445,2,1,0,9,0,8,0,0,0,0,3,1,6,1,40,7,-1,-1,-1,3,1
201401PL60446,1,9,0,14,0,1,0,0,0,0,4,1,6,1,45,7,2922,1,11,3,1
201401PL60447,1,9,0,7,2,8,0,0,0,0,4,1,6,1,25,5,1390,1,8,1,1
201401PL60447,2,1,0,18,2,8,0,0,0,0,1,1,6,1,24,5,-1,-1,-1,10,1
201401PL60450,1,1,0,18,0,8,0,0,0,0,1,1,6,1,-1,-1,-1,-1,-1,-1,-1
201401PL60450,2,9,0,7,0,8,0,0,0,0,3,1,6,1,-1,-1,-1,-1,-1,-1,-1
201401PL60451,1,1,0,18,0,8,0,0,0,0,1,1,6,1,50,8,-1,-1,-1,3,1
201401PL60451,2,9,0,9,0,8,0,0,0,0,1,1,6,2,-1,-1,-1,-1,-1,-1,-1
201401PL60452,1,9,0,4,0,1,0,0,0,0,2,1,6,1,27,6,1995,2,6,4,2
201401PL60452,2,19,0,18,0,1,0,0,0,0,1,1,6,1,26,6,1686,2,11,2,1
201401PL60453,1,11,0,4,0,1,0,0,0,0,0,1,1,2,46,8,-1,-1,-1,-1,-1
201401PL60455,1,9,0,18,0,2,0,0,0,0,1,1,6,3,-1,-1,3449,2,20,-1,-1
201401PL60456,1,9,0,18,0,8,0,10,1,10,1,1,6,1,17,4,1686,2,7,6,1
201401PL60456,2,9,0,18,0,8,0,0,0,0,4,1,6,1,52,8,1998,2,12,4,1
201401PL60457,1,1,0,9,0,8,0,0,0,0,1,1,6,1,31,6,-1,-1,-1,2,1
201401PL60457,2,9,0,9,0,8,0,0,0,0,3,1,6,1,52,8,999,1,1,3,1
201401PL60458,1,9,0,18,0,0,0,0,0,0,3,1,6,3,-1,-1,-1,-1,-1,-1,-1
201401PL60459,1,19,0,7,0,8,0,0,0,0,1,1,6,1,56,9,1686,2,14,3,1
201401PL60459,2,1,0,18,0,8,0,0,0,0,4,1,6,2,36,7,-1,-1,-1,2,1
201401PL60460,1,9,0,9,0,8,0,0,0,0,4,1,6,1,62,9,2295,1,17,5,1
201401PL60460,2,3,0,18,0,8,0,0,0,0,1,1,6,1,35,6,124,1,-1,4,1
201401PL60462,1,1,0,18,0,1,0,0,0,0,3,1,6,2,43,7,-1,-1,-1,-1,1
201401PL60462,2,90,0,13,0,1,0,0,0,0,4,1,6,1,-1,-1,12913,2,6,-1,-1
201401PL60463,1,9,0,9,0,8,0,0,0,0,4,1,6,1,26,6,1998,1,13,7,1
201401PL60463,2,1,0,15,0,8,0,0,0,0,1,1,6,1,39,7,-1,-1,-1,8,1
201401PL60464,1,4,0,18,0,2,0,0,0,0,0,1,6,1,43,7,499,1,4,3,1
201401PL60464,2,9,0,18,0,2,0,0,0,0,0,1,6,1,60,9,1560,2,9,6,1
201401PL60465,1,9,0,7,0,8,0,0,0,0,3,1,6,1,55,8,-1,-1,-1,8,1
201401PL60465,2,9,0,18,0,8,0,0,0,0,1,1,6,1,-1,-1,-1,-1,-1,-1,-1
201401PL60466,1,9,0,18,0,8,0,0,0,0,1,1,6,1,51,8,-1,-1,-1,3,1
201401PL60467,1,11,0,4,0,1,0,0,0,0,0,1,1,1,22,5,6871,2,5,-1,-1
201401PL60468,1,11,0,5,0,8,0,0,0,0,0,1,6,1,56,9,3900,2,8,-1,-1
201401PL60469,1,19,0,18,3,8,0,0,0,0,4,1,6,1,36,7,1686,2,13,4,1
201401PL60470,1,9,0,18,0,8,0,0,0,0,1,1,6,1,30,6,-1,-1,-1,-1,-1
201401PL60470,2,9,0,18,0,8,0,0,0,0,2,1,6,2,51,8,2993,2,5,-1,-1
201401PL60471,1,19,0,7,0,8,0,0,0,0,2,1,6,1,25,5,1896,2,8,-1,-1
201401PL60471,2,19,0,18,0,8,0,0,0,0,1,1,6,3,-1,-1,1968,2,3,-1,-1
201401PL60472,1,9,0,5,0,8,0,0,0,0,3,1,6,1,66,10,1598,1,15,-1,-1
201401PL60472,2,1,0,18,0,8,0,0,0,0,1,1,6,1,-1,-1,-1,-1,-1,-1,-1
201401PL60473,1,3,0,18,0,8,0,0,0,0,4,1,6,1,22,5,-1,-1,-1,3,1
201401PL60473,2,9,0,9,0,8,0,0,0,0,1,1,6,1,28,6,1299,1,11,3,1
201401PL60475,1,3,0,4,0,8,0,0,0,0,2,1,6,1,34,6,125,1,6,3,1
201401PL60475,2,9,0,4,0,8,0,0,0,0,1,1,6,1,-1,-1,-1,-1,-1,9,1
201401PL60476,1,9,0,9,0,8,0,0,0,0,4,1,6,2,50,8,1242,1,1,2,1
201401PL60476,2,1,0,18,0,8,0,0,0,0,1,1,6,1,49,8,-1,-1,-1,9,1
201401PL60477,1,19,0,1,0,8,0,0,0,0,2,1,6,1,57,9,-1,-1,-1,4,1
201401PL60477,2,3,0,3,0,8,0,0,0,0,1,1,6,1,39,7,125,1,-1,3,1
201401PL60478,1,1,0,18,0,1,0,0,0,0,3,1,6,1,38,7,-1,-1,-1,3,1
201401PL60478,2,19,0,5,0,1,0,0,0,0,4,1,6,1,-1,-1,-1,-1,-1,-1,-1
201401PL60479,1,9,0,18,0,0,0,0,0,0,4,1,6,3,-1,-1,-1,-1,-1,-1,-1
201401PL60480,1,3,0,3,0,0,0,0,0,0,2,1,6,1,19,4,124,1,8,3,1
201401PL60480,2,9,0,3,0,0,0,0,0,0,2,1,6,3,-1,-1,-1,-1,-1,-1,-1
201401PL60480,3,9,0,18,0,0,0,0,0,0,1,1,6,3,-1,-1,-1,-1,-1,-1,-1
201401PL60482,1,1,0,18,0,2,0,0,0,0,1,1,6,1,40,7,-1,-1,-1,3,1
201401PL60482,2,9,0,7,0,2,0,0,0,0,2,1,6,1,-1,-1,-1,-1,-1,-1,-1
201401PL60483,1,9,0,18,0,1,0,0,0,0,1,1,6,2,21,5,-1,-1,-1,4,1
201401PL60484,1,9,0,18,0,8,0,0,0,0,1,1,6,1,30,6,1199,1,10,2,1
201401PL60484,2,9,0,9,0,8,0,0,0,0,1,1,6,1,90,11,1296,1,28,3,1
201401PL60484,3,11,0,3,0,8,0,0,0,0,4,1,1,1,-1,-1,-1,-1,-1,-1,-1
201401PL60485,1,1,0,18,0,8,0,0,0,0,3,1,6,2,42,7,-1,-1,-1,2,1
201401PL60485,2,9,0,15,0,8,0,0,0,0,4,1,6,1,-1,-1,-1,-1,-1,-1,-1
201401PL60487,1,9,0,2,0,0,0,0,0,0,3,1,6,2,-1,-1,-1,-1,-1,-1,-1
201401PL60487,2,11,0,18,0,0,0,8,0,0,1,1,6,1,-1,-1,-1,-1,-1,-1,-1
201401PL60488,1,9,0,18,0,8,0,0,0,0,1,1,6,2,25,5,2480,1,2,4,1
201401PL60489,1,9,0,18,0,8,0,0,0,0,1,1,6,1,46,8,-1,-1,-1,-1,-1
201401PL60489,2,9,0,2,0,8,0,0,0,0,3,1,6,1,22,5,1598,1,7,-1,-1
201401PL60489,3,9,0,9,0,8,0,0,0,0,1,1,6,1,25,5,1753,2,5,7,3
201401PL60490,1,9,0,3,0,2,0,0,0,0,1,1,6,2,47,8,1149,1,15,5,1
201401PL60490,2,9,0,1,0,2,0,0,0,0,2,1,6,3,-1,-1,-1,-1,-1,-1,-1
201401PL60491,1,2,0,18,0,0,0,0,0,0,1,1,6,1,25,5,-1,-1,-1,5,1
201401PL60491,2,9,0,2,0,0,0,0,0,0,3,1,6,1,-1,-1,-1,-1,-1,-1,-1
201401PL60492,1,9,0,7,0,2,0,0,0,0,1,1,6,3,-1,-1,-1,-1,-1,-1,-1
201401PL60493,1,9,0,9,0,8,0,0,0,0,4,1,6,1,66,10,1968,2,2,7,1
201401PL60493,2,1,0,15,0,8,0,0,0,0,1,1,6,1,34,6,-1,-1,-1,3,1
201401PL60494,1,9,0,14,0,0,0,0,0,0,1,1,6,2,67,10,1582,2,2,5,1
201401PL60496,1,9,0,18,0,8,0,0,0,0,1,1,6,1,-1,-1,-1,-1,-1,-1,-1
201401PL60497,1,11,0,4,0,8,0,0,0,0,0,1,6,1,25,5,7300,2,11,-1,-1
201401PL60498,1,3,0,18,0,0,0,0,0,0,3,1,6,1,26,6,-1,-1,-1,2,1
201401PL60499,1,9,0,3,0,1,0,0,0,0,2,1,6,2,37,7,1560,2,4,-1,-1
201401PL60499,2,9,0,3,0,1,0,0,0,0,2,1,6,2,48,8,1783,1,13,2,1
201401PL60499,3,9,0,3,0,1,0,0,0,0,2,1,6,1,-1,-1,1999,1,17,2,1
201401PL60499,4,9,0,3,0,1,0,0,0,0,2,1,6,2,41,7,1242,1,7,1,1
201401PL60499,5,11,0,4,0,1,0,0,0,0,1,1,1,1,32,6,-1,-1,-1,3,1
201401PL60500,1,9,0,18,0,0,0,0,0,0,2,1,6,1,36,7,2495,2,11,3,1
201401PL60500,2,9,0,18,0,0,0,0,0,0,1,1,6,2,59,9,1797,8,5,2,1
201401PL60502,1,9,0,18,0,1,0,0,0,0,4,1,6,1,-1,-1,-1,-1,-1,-1,-1
201401PL60502,2,4,0,18,0,1,0,10,1,10,1,1,6,1,26,6,-1,-1,-1,-1,-1
201401PL60503,1,9,0,18,0,2,0,0,0,0,3,1,6,1,42,7,1798,1,13,3,1
201401PL60503,2,9,0,3,0,2,0,0,0,0,2,1,6,1,39,7,-1,-1,-1,2,1
201401PL60503,3,1,0,18,0,2,0,0,0,0,1,1,6,2,30,6,-1,-1,-1,2,1
201401PL60504,1,9,0,18,0,0,0,0,0,0,1,1,6,1,48,8,2354,1,11,2,1
201401PL60505,1,1,0,13,0,1,0,0,0,0,1,1,6,1,34,6,-1,-1,-1,-1,-1
201401PL60507,1,9,0,4,0,1,0,0,0,0,1,1,6,1,26,6,1368,1,7,2,1
201401PL60507,2,9,0,4,0,1,0,0,0,0,2,1,6,2,47,8,998,1,6,3,1
201401PL60508,1,5,0,18,0,1,0,0,0,0,1,1,6,1,27,6,125,1,8,2,1
201401PL60509,1,9,0,4,0,1,0,0,0,0,2,1,6,1,25,5,-1,-1,-1,5,1
201401PL60509,2,9,0,4,0,1,0,0,0,0,1,1,6,2,28,6,1388,1,6,2,1
201401PL60510,1,9,0,3,0,1,0,0,0,0,2,1,6,1,20,4,-1,-1,-1,4,1
201401PL60510,2,9,0,3,0,1,0,0,0,0,2,1,6,1,31,6,2143,2,1,-1,1
201401PL60510,3,9,0,18,0,1,0,0,0,0,1,1,6,1,36,7,2143,2,-1,4,1
201401PL60511,1,9,0,9,0,8,0,0,0,0,3,1,6,1,23,5,1461,2,3,4,1
201401PL60511,2,9,0,9,0,8,0,0,0,0,4,1,6,2,30,6,1998,1,12,2,1
201401PL60512,1,9,0,3,0,0,0,0,0,0,2,1,6,1,27,6,1242,1,12,7,1
201401PL60512,2,9,0,3,0,0,0,0,0,0,2,1,6,1,50,8,1997,2,3,7,1
201401PL60512,3,9,0,18,0,0,0,0,0,0,1,1,6,1,27,6,2993,2,5,-1,1
201401PL60513,1,9,0,3,0,2,0,0,0,0,2,1,6,1,52,8,1896,2,8,2,1
201401PL60513,2,19,0,18,0,2,0,0,0,0,1,1,6,3,-1,-1,2402,2,5,-1,-1
201401PL60515,1,3,0,18,0,8,0,0,0,0,1,1,6,1,34,6,125,1,2,-1,1
201401PL60515,2,9,0,9,0,8,0,0,0,0,4,1,6,1,24,5,998,1,1,6,1
201401PL60516,1,9,0,3,0,0,0,0,0,0,2,1,6,2,-1,-1,1598,1,1,-1,-1
201401PL60516,2,9,0,18,0,0,0,0,0,0,1,1,6,1,-1,-1,1796,1,3,-1,-1
201401PL60517,1,9,0,18,0,8,0,0,0,0,1,1,6,1,36,7,1596,1,13,3,1
201401PL60517,2,9,0,9,0,8,0,0,0,0,4,1,6,1,24,5,1794,1,12,1,1
201401PL60518,1,3,0,16,0,0,0,0,0,0,1,1,6,1,17,4,-1,-1,-1,-1,-1
201401PL60518,2,3,0,17,0,0,0,0,0,0,1,1,6,1,-1,-1,125,1,7,-1,-1
201401PL60519,1,8,0,18,0,8,0,0,0,0,1,1,1,1,36,7,1896,2,6,3,1
201401PL60519,2,9,0,9,0,8,0,0,0,0,4,1,6,1,30,6,2993,2,6,4,1
201401PL60520,1,3,0,18,0,8,0,0,0,0,1,1,6,1,22,5,-1,-1,-1,-1,-1
201401PL60520,2,9,0,9,0,8,0,0,0,0,4,1,6,1,48,8,1968,2,5,5,1
201401PL60522,1,9,0,9,0,8,0,0,0,0,3,1,1,1,46,8,1596,1,12,-1,-1
201401PL60522,2,5,0,13,0,8,0,0,0,0,4,1,6,1,-1,-1,670,1,2,2,1
201401PL60523,1,1,0,18,4,8,0,0,0,0,1,1,6,1,32,6,-1,-1,-1,-1,1
201401PL60523,2,9,0,7,0,8,0,0,0,0,4,1,1,1,52,8,-1,-1,-1,3,1
201401PL60525,1,11,0,4,0,1,0,0,0,0,0,1,6,1,35,6,5132,2,-1,4,1
201401PL60526,1,9,0,18,0,1,0,0,0,0,1,1,1,1,38,7,1497,8,8,3,1
201401PL60526,2,1,0,18,0,1,0,0,0,0,3,1,6,2,48,8,-1,-1,-1,3,1
201401PL60529,1,1,0,16,0,8,0,0,0,0,1,1,2,1,34,6,-1,-1,-1,3,1
201401PL60529,2,9,0,9,0,8,0,0,0,0,1,1,3,2,-1,-1,1396,1,4,-1,-1
201401PL60530,1,9,0,3,0,0,0,0,0,0,3,1,2,2,28,6,1596,1,13,3,1
201401PL60530,2,19,0,13,0,0,0,0,0,0,1,1,1,1,-1,-1,-1,-1,-1,-1,-1
201401PL60531,1,9,0,3,0,8,0,0,0,0,1,1,6,1,29,6,1598,2,-1,2,1
201401PL60531,2,21,4,9,0,8,0,0,0,0,3,1,6,1,-1,-1,9200,2,3,6,3
201401PL60532,1,11,0,4,0,8,0,0,0,0,0,1,6,1,41,7,9000,2,11,7,1
201401PL60533,1,9,0,18,0,2,0,0,0,0,1,1,6,1,33,6,2656,1,12,1,1
201401PL60533,2,9,0,18,0,1,0,0,0,0,1,1,6,2,55,8,1242,1,3,8,1
201401PL60534,1,2,0,18,0,8,0,0,0,0,3,1,2,1,41,7,49,1,11,9,1
201401PL60534,2,9,0,7,0,8,0,0,1,0,1,1,6,2,-1,-1,-1,-1,-1,-1,-1
201401PL60535,1,9,0,6,0,1,0,0,0,0,3,1,6,1,33,6,2494,1,13,2,1
201401PL60535,2,3,0,18,0,2,0,0,0,0,1,1,6,1,20,4,124,1,12,4,1
201401PL60536,1,3,0,4,0,8,0,0,0,0,1,1,6,1,18,4,-1,-1,-1,7,1
201401PL60536,2,9,0,3,0,8,0,0,0,0,2,1,6,2,42,7,2171,2,12,-1,-1
201401PL60537,1,1,0,18,0,1,0,0,0,0,2,1,6,2,31,6,-1,-1,-1,2,1
201401PL60537,2,9,0,18,0,1,0,0,0,0,1,1,6,2,29,6,1242,1,8,3,1
201401PL60538,1,19,0,4,0,1,0,0,0,0,1,1,1,1,-1,-1,3920,2,9,4,1
201401PL60538,2,9,0,4,0,1,0,0,0,0,2,1,6,2,49,8,1598,1,8,4,1
201401PL60539,1,11,0,18,0,8,0,0,0,0,1,1,6,1,33,6,5132,2,-1,1,1
201401PL60539,2,3,0,4,0,8,0,0,0,0,2,1,6,1,53,8,-1,-1,-1,2,1
201401PL60540,1,9,0,18,0,8,0,0,0,0,1,1,6,2,-1,-1,-1,-1,-1,-1,-1
201401PL60541,1,9,0,4,0,8,0,0,0,0,2,1,6,2,46,8,-1,-1,-1,3,1
201401PL60541,2,9,0,18,0,8,0,0,0,0,1,1,6,1,55,8,1796,1,10,3,1
201401PL60542,1,3,0,18,0,8,0,0,0,0,1,1,6,1,20,4,124,1,5,-1,-1
201401PL60542,2,1,0,18,0,8,0,0,0,0,2,1,6,1,30,6,-1,-1,-1,3,1
201401PL60543,1,9,0,4,0,8,0,0,0,0,2,1,6,1,52,8,1598,1,1,3,1
201401PL60543,2,19,0,18,0,8,0,0,0,0,1,1,6,1,-1,-1,1998,2,13,-1,1
201401PL60544,1,9,0,18,0,8,0,10,1,1,3,1,6,1,18,4,-1,-1,-1,2,1
201401PL60546,1,4,0,18,0,8,0,0,0,0,1,1,6,1,30,6,659,1,6,3,1
201401PL60546,2,9,0,7,0,8,0,0,0,0,3,1,6,1,28,6,1364,1,7,-1,-1
201401PL60547,1,1,0,12,0,0,0,0,0,0,2,1,2,1,36,7,-1,-1,-1,6,1
201401PL60547,2,9,0,13,0,0,0,0,0,0,1,1,6,1,-1,-1,-1,-1,-1,-1,-1
201401PL60548,1,9,0,18,0,1,0,0,0,0,1,1,6,2,37,7,1596,1,10,4,1
201401PL60548,2,9,0,18,0,1,0,0,0,0,2,1,6,2,50,8,1896,2,13,-1,-1
201401PL60549,1,2,0,18,0,8,0,0,0,0,1,1,6,1,55,8,198,1,4,5,1
201401PL60549,2,19,0,18,0,8,0,0,0,0,1,1,6,1,-1,-1,2198,2,-1,-1,-1
201401PL60550,1,9,0,4,0,8,0,0,0,0,2,1,6,1,55,8,1461,2,4,4,1
201401PL60550,2,4,0,18,0,8,0,0,0,0,1,1,6,1,30,6,124,1,1,3,1
201401PL60551,1,9,0,18,0,0,0,10,1,7,3,1,6,1,25,5,1781,1,13,2,1
201401PL60552,1,9,0,4,0,1,0,0,0,0,1,1,1,1,-1,-1,-1,-1,-1,-1,-1
201401PL60552,2,9,0,4,0,1,0,0,0,0,2,1,6,2,36,7,1461,2,-1,6,1
201401PL60553,1,1,0,18,0,0,0,0,0,0,1,1,6,2,28,6,-1,-1,-1,6,1
201401PL60554,1,9,0,5,0,1,0,10,7,1,1,1,6,2,50,8,2688,2,10,2,1
201401PL60555,1,9,0,18,0,8,0,0,0,0,1,1,6,1,55,8,1796,1,9,2,1
201401PL60555,2,9,0,3,0,1,0,0,0,0,3,1,6,1,58,9,1797,8,3,2,1
201401PL60555,3,9,0,18,0,8,0,0,0,0,4,1,6,1,33,6,1999,1,5,3,1
201401PL60556,1,9,0,12,0,0,0,0,0,0,3,1,6,1,45,7,1997,1,5,7,1
201401PL60556,2,3,0,13,0,0,0,0,0,0,1,1,1,1,22,5,49,1,4,7,1
201401PL60558,1,9,0,7,0,8,0,0,0,0,4,1,6,1,26,6,1896,2,9,4,1
201401PL60558,2,1,0,18,0,8,0,0,0,0,3,1,6,1,35,6,-1,-1,-1,2,1
201401PL60559,1,9,0,9,0,8,0,0,0,0,4,1,6,2,32,6,1388,1,12,2,1
201401PL60559,2,1,0,18,0,8,0,0,0,0,1,1,6,1,41,7,-1,-1,-1,-1,1
201401PL60560,1,19,0,18,0,8,0,10,1,2,1,1,6,1,35,6,1998,2,10,8,1
201401PL60561,1,9,0,18,0,0,0,0,0,0,1,1,6,1,26,6,1956,2,-1,2,1