Accident_Index,Vehicle_Reference,Vehicle_Type,Towing_and_Articulation,Vehicle_Manoeuvre,Vehicle_Location-Restricted_Lane,Junction_Location,Skidding_and_Overturning,Hit_Object_in_Carriageway,Vehicle_Leaving_Carriageway,Hit_Object_off_Carriageway,1st_Point_of_Impact,Was_Vehicle_Left_Hand_Drive?,Journey_Purpose_of_Driver,Sex_of_Driver,Age_of_Driver,Age_Band_of_Driver,Engine_Capacity_(CC),Propulsion_Code,Age_of_Vehicle,Driver_IMD_Decile,Driver_Home_Area_Type
201401PL60743,1,9,0,4,0,2,0,0,0,0,2,1,6,1,34,6,1995,1,4,8,1
201401PL60743,2,9,0,4,0,2,0,0,0,0,1,1,6,1,20,4,-1,-1,-1,4,1
201401PL60744,1,9,0,9,0,8,0,0,0,0,1,1,6,1,67,10,1398,2,1,1,1
201401PL60745,1,4,0,14,0,8,0,0,0,0,1,1,6,1,47,8,499,1,2,5,1
201401PL60745,2,9,0,9,0,8,0,0,0,0,1,1,6,1,50,8,-1,-1,-1,4,1
201401PL60746,1,9,0,18,0,0,0,0,0,0,3,1,6,1,23,5,1598,2,2,2,1
201401PL60747,1,9,0,18,0,8,0,0,0,0,1,1,6,2,39,7,1598,1,6,3,1
201401PL60747,2,3,0,9,0,8,0,0,0,0,1,1,6,1,22,5,125,1,4,3,1
201401PL60748,1,9,0,18,0,2,0,0,0,0,2,1,6,2,29,6,1397,1,12,3,1
201401PL60748,2,1,0,18,0,2,0,0,0,0,1,1,6,1,-1,-1,-1,-1,-1,8,1
201401PL60749,1,9,0,18,0,8,0,0,0,0,1,1,6,1,32,6,1560,2,4,9,1
201401PL60749,2,9,0,18,0,8,0,0,0,0,1,1,6,2,-1,-1,1198,1,3,-1,-1
201401PL60750,1,9,0,3,0,1,0,0,0,0,2,1,6,2,33,6,1796,1,10,1,1
201401PL60750,2,9,0,18,0,1,0,0,0,0,1,1,6,1,-1,-1,1796,1,9,-1,-1
201401PL60751,1,9,0,7,0,8,0,0,0,0,0,1,6,1,38,7,1497,8,6,3,1
201401PL60751,2,3,0,15,0,8,0,0,0,0,0,1,6,1,25,5,124,1,-1,3,1
201401PL60753,1,1,0,18,0,8,0,0,0,0,1,1,6,1,33,6,-1,-1,-1,8,1
201401PL60753,2,9,0,9,0,8,0,0,0,0,4,1,6,1,-1,-1,1242,1,4,-1,-1
201401PL60754,1,9,0,18,0,1,0,0,0,0,1,1,6,1,32,6,1595,1,8,2,1
201401PL60755,1,3,0,18,0,8,0,0,0,0,1,1,6,1,40,7,123,1,1,3,1
201401PL60755,2,9,0,9,0,8,0,0,0,0,4,1,6,1,75,10,1390,1,15,2,1
201401PL60756,1,9,0,18,0,1,0,0,0,0,1,1,6,1,28,6,1596,1,6,2,1
201401PL60758,1,19,0,18,0,8,0,0,0,0,4,1,6,1,25,5,-1,-1,-1,2,1
201401PL60758,2,9,0,9,0,8,0,0,0,0,1,1,6,1,23,5,1149,1,9,-1,1
201401PL60759,1,19,0,2,0,0,0,0,0,0,3,1,6,2,35,6,-1,-1,-1,-1,-1
201401PL60759,2,9,0,18,0,0,0,4,0,0,4,1,6,3,-1,-1,-1,-1,-1,-1,-1
201401PL60761,1,21,1,1,0,8,0,0,0,0,2,1,1,1,46,8,-1,-1,-1,-1,-1
201401PL60762,1,9,0,9,0,8,0,0,0,0,4,1,6,1,23,5,1199,1,11,3,1
201401PL60762,2,1,0,18,0,8,0,0,0,0,1,1,6,1,45,7,-1,-1,-1,-1,-1
201401PL60763,1,9,0,18,0,0,0,0,0,0,2,1,6,2,52,8,-1,-1,-1,2,1
201401PL60763,2,9,0,18,0,0,0,0,0,0,1,1,6,3,-1,-1,2429,1,8,-1,-1
201401PL60764,1,9,0,18,0,1,0,10,1,2,1,1,6,2,55,8,1598,1,6,2,1
201401PL60765,1,9,0,18,0,1,0,0,0,0,1,1,6,2,28,6,2099,1,10,4,1
201401PL60767,1,1,0,3,0,1,0,0,0,0,0,1,6,1,40,7,-1,-1,-1,2,1
201401PL60769,1,9,0,18,0,0,0,0,0,0,3,1,6,2,52,8,-1,-1,-1,3,1
201401PL60769,2,9,0,18,0,0,0,0,0,0,3,1,6,1,-1,-1,-1,-1,-1,-1,-1
201401PL60770,1,9,0,5,0,0,0,0,0,0,3,1,6,1,42,7,1995,2,10,4,1
201401PL60770,2,1,0,18,0,0,0,0,0,0,4,1,6,1,38,7,-1,-1,-1,1,1
201401PL60771,1,9,0,3,0,1,0,0,0,0,2,1,6,2,-1,-1,-1,-1,-1,-1,-1
201401PL60771,2,9,0,18,0,1,0,0,0,0,1,1,6,3,-1,-1,-1,-1,-1,-1,-1
201401PL60772,1,1,0,18,0,8,0,0,0,0,4,1,6,1,43,7,-1,-1,-1,-1,-1
201401PL60772,2,9,0,18,0,8,0,0,0,0,1,1,6,1,-1,-1,-1,-1,-1,-1,-1
201401PL60773,1,9,0,18,0,0,0,0,0,0,3,1,6,2,44,7,-1,-1,-1,-1,-1
201401PL60773,2,21,0,11,0,0,0,0,0,0,4,1,1,1,37,7,10837,2,3,-1,-1
201401PL60773,3,9,0,18,0,0,0,0,0,0,4,1,6,1,27,6,1299,1,12,-1,-1
201401PL60774,1,9,0,4,0,0,0,0,0,0,2,1,6,1,37,7,2499,1,8,2,1
201401PL60774,2,9,0,4,0,0,0,0,0,0,1,1,6,1,43,7,1796,1,14,2,1
201401PL60775,1,9,0,9,0,8,0,0,0,0,1,1,6,1,58,9,1498,1,4,7,1
201401PL60775,2,5,0,18,0,8,0,0,0,0,1,1,6,1,43,7,599,1,13,-1,-1
201401PL60776,1,9,0,9,0,8,0,0,0,0,1,1,6,1,38,7,1686,2,1,-1,-1
201401PL60777,1,5,0,9,0,2,0,0,0,0,3,1,6,3,-1,-1,-1,-1,-1,-1,-1
201401PL60779,1,9,0,15,0,8,0,0,0,0,1,1,6,1,52,8,1995,2,2,2,1
201401PL60779,2,9,0,9,0,8,0,0,0,0,4,1,6,2,40,7,-1,-1,-1,-1,-1
201401PL60780,1,5,0,18,0,2,0,0,0,0,1,1,2,1,51,8,124,1,12,2,1
201401PL60781,1,9,0,18,0,0,0,0,0,0,2,1,6,1,52,8,3199,1,11,4,1
201401PL60781,2,9,0,18,0,0,0,0,0,0,1,1,6,2,49,8,1798,1,8,7,1
201401PL60783,1,5,0,18,0,1,0,0,0,0,4,1,6,1,-1,-1,-1,-1,-1,-1,-1
201401PL60784,1,9,0,9,0,8,0,0,0,0,4,1,6,2,41,7,1598,1,8,4,1
201401PL60784,2,4,0,18,0,8,0,0,0,0,1,1,6,1,23,5,-1,-1,-1,2,1
201401PL60785,1,9,0,18,0,8,0,0,0,0,1,1,6,1,26,6,1600,2,4,2,1
201401PL60785,2,9,0,9,0,8,0,0,0,0,1,1,6,1,29,6,1364,2,9,4,1
201401PL60786,1,8,0,9,0,2,0,0,0,0,0,1,1,1,51,8,2402,2,8,-1,1
201401PL60787,1,9,0,9,0,8,0,0,0,0,4,1,6,1,22,5,1399,2,4,-1,-1
201401PL60787,2,21,1,18,0,8,0,0,0,0,1,2,1,1,34,6,-1,-1,-1,-1,-1
201401PL60788,1,9,0,18,0,1,0,10,7,0,1,1,6,1,38,7,1999,1,12,-1,-1
201401PL60789,1,9,0,18,0,0,0,0,0,0,1,1,6,2,24,5,1360,1,13,2,1
201401PL60791,1,9,0,7,0,8,0,0,0,0,4,1,6,2,46,8,1599,1,11,3,1
201401PL60791,2,1,0,15,0,8,0,0,0,0,1,1,6,1,26,6,-1,-1,-1,3,1
201401PL60793,1,21,0,18,0,1,0,0,0,0,1,1,6,1,34,6,-1,-1,-1,5,1
201401PL60794,1,9,0,9,0,8,0,0,0,0,1,1,6,1,22,5,1198,1,3,-1,-1
201401PL60794,2,3,0,18,0,8,0,0,0,0,1,1,6,1,47,8,124,1,7,-1,-1
201401PL60795,1,5,0,18,0,1,0,0,0,0,1,1,6,1,32,6,124,1,1,2,1
201401PL60795,2,9,0,6,0,1,0,0,0,0,3,1,6,1,41,7,-1,-1,-1,9,1
201401PL60796,1,1,0,17,0,8,0,0,0,0,2,1,6,1,24,5,-1,-1,-1,3,1
201401PL60796,2,11,0,17,0,8,0,0,0,0,1,1,6,1,-1,-1,4500,2,2,-1,-1
201401PL60797,1,19,0,18,0,2,0,0,0,0,1,1,6,1,52,8,-1,-1,-1,4,1
201401PL60797,2,9,0,18,0,1,0,0,0,0,3,1,6,2,30,6,2979,1,10,4,1
201401PL60798,1,8,0,18,0,0,0,0,0,0,3,1,6,1,60,9,2402,2,8,6,1
201401PL60798,2,9,0,6,0,0,0,0,0,0,1,1,6,2,39,7,-1,-1,-1,2,1
201401PL60799,1,9,0,18,0,8,0,0,0,0,4,1,6,2,31,6,1956,2,5,2,1
201401PL60799,2,9,0,9,0,8,0,0,0,0,1,1,6,1,-1,-1,-1,-1,-1,5,1
201401PL60801,1,9,0,18,0,1,0,4,6,7,1,1,6,1,26,6,1968,2,6,-1,-1
201401PL60801,2,9,0,2,0,1,0,0,0,0,2,1,6,3,-1,-1,-1,-1,-1,-1,-1
201401PL60802,1,19,0,18,0,1,0,0,0,0,1,1,1,1,-1,-1,-1,-1,-1,-1,-1
201401PL60802,2,9,0,12,0,1,0,0,0,0,2,1,6,1,70,10,-1,-1,-1,4,1
201401PL60803,1,9,0,11,0,8,0,0,0,0,2,1,6,1,28,6,1968,2,4,3,1
201401PL60803,2,9,0,18,0,8,0,0,0,0,1,1,6,2,35,6,1598,1,5,1,1
201401PL60804,1,19,0,9,0,8,0,0,0,0,4,1,1,1,45,7,-1,-1,-1,-1,-1
201401PL60804,2,4,0,18,0,8,0,0,0,0,1,1,6,1,25,5,-1,-1,-1,-1,-1
201401PL60805,1,19,0,18,0,1,0,0,0,0,1,1,1,1,51,8,2148,2,6,2,1
201401PL60806,1,9,0,18,0,1,0,0,0,0,1,1,6,1,23,5,1198,1,6,8,1
201401PL60807,1,9,0,18,0,2,0,0,0,0,1,1,6,3,-1,-1,-1,-1,-1,-1,-1
201401PL60808,1,9,0,18,0,8,0,7,0,0,1,1,6,1,47,8,1986,2,8,-1,-1
201401PL60811,1,2,0,18,0,1,0,0,0,0,1,1,6,2,35,6,-1,-1,-1,-1,-1
201401PL60811,2,9,0,18,0,1,0,0,0,0,2,1,6,2,-1,-1,1968,2,3,2,1
201401PL60812,1,9,0,13,0,1,0,0,0,0,1,1,6,1,70,10,998,1,15,-1,-1
201401PL60812,2,9,0,5,0,1,0,0,0,0,3,1,6,1,40,7,1995,1,8,8,1
201401PL60813,1,1,0,18,0,8,0,0,0,0,1,1,6,2,35,6,-1,-1,-1,5,1
201401PL60813,2,9,0,18,0,8,0,0,0,0,3,1,6,1,-1,-1,1360,1,8,-1,-1
201401PL60816,1,4,0,18,0,8,0,0,0,0,1,1,1,1,24,5,125,1,5,2,1
201401PL60817,1,11,0,4,0,1,0,0,0,0,0,1,1,1,50,8,-1,-1,-1,9,1
201401PL60818,1,2,0,18,0,1,0,0,0,0,1,1,6,1,24,5,124,1,10,-1,-1
201401PL60819,1,9,0,16,0,8,0,0,0,0,3,1,6,1,-1,-1,3993,1,1,-1,-1
201401PL60819,2,9,0,17,0,8,0,0,0,0,3,1,6,1,-1,-1,-1,-1,-1,-1,-1
201401PL60820,1,9,0,18,0,1,0,0,0,0,4,1,6,2,32,6,1299,1,12,3,1
201401PL60820,2,9,0,12,0,1,0,0,0,0,3,1,6,1,42,7,1598,1,3,2,1
201401PL60822,1,1,0,18,0,0,0,0,0,0,1,1,6,1,23,5,-1,-1,-1,9,1
201401PL60822,2,5,0,6,2,0,0,0,0,0,3,1,6,1,-1,-1,-1,-1,-1,-1,-1
201401PL60823,1,9,0,18,0,8,0,0,0,0,3,1,6,1,27,6,1390,1,12,5,1
201401PL60823,2,11,0,13,0,8,0,0,0,0,4,1,6,3,-1,-1,4500,2,-1,-1,-1
201401PL60824,1,9,0,18,0,1,0,0,0,0,1,1,6,2,43,7,2435,1,12,9,1
201401PL60824,2,9,0,18,0,2,0,0,0,0,1,1,6,3,-1,-1,-1,-1,-1,-1,-1
201401PL60826,1,3,0,18,0,2,0,0,0,0,1,1,6,1,26,6,125,1,4,1,1
201401PL60826,2,9,0,11,0,2,0,0,0,0,2,1,6,3,-1,-1,-1,-1,-1,-1,-1
201401PL60828,1,9,0,5,0,0,0,0,0,0,1,1,6,1,50,8,-1,-1,-1,2,1
201401PL60829,1,3,0,18,0,0,1,0,0,0,0,1,6,1,58,9,125,1,2,2,1
201401PL60830,1,3,0,18,0,0,0,0,0,0,1,1,6,1,33,6,-1,-1,-1,2,1
201401PL60830,2,9,0,6,0,0,0,0,0,0,3,1,6,1,30,6,-1,-1,-1,-1,-1
201401PL60831,1,9,0,18,0,0,0,0,0,0,1,1,6,2,37,7,1360,1,9,3,1
201401PL60831,2,9,0,4,0,0,0,0,0,0,2,1,6,1,44,7,1596,1,8,-1,-1
201401PL60831,3,9,0,3,0,0,0,0,0,0,3,1,6,1,39,7,-1,-1,-1,4,1
201401PL60832,1,9,0,18,0,8,0,0,0,0,1,1,1,2,27,6,899,1,1,2,1
201401PL60833,1,1,0,18,0,0,0,0,0,0,1,1,6,1,41,7,-1,-1,-1,7,2
201401PL60833,2,9,0,3,0,0,0,0,0,0,2,1,6,1,18,4,1796,1,8,3,1
201401PL60834,1,5,0,9,0,8,0,0,0,0,0,1,6,1,85,11,-1,-1,-1,4,1
201401PL60834,2,2,0,18,0,8,0,0,0,0,0,1,6,1,26,6,125,1,4,4,1
201401PL60835,1,9,0,9,0,8,0,0,0,0,3,1,6,2,46,8,1339,1,11,6,1
201401PL60835,2,5,0,13,0,8,0,0,0,0,1,1,6,1,35,6,599,1,13,1,1
201401PL60836,1,2,0,13,0,8,0,0,0,0,1,1,6,1,28,6,599,1,6,2,1
201401PL60836,2,9,0,9,0,8,0,0,0,0,3,1,6,2,33,6,1596,1,9,-1,-1
201401PL60837,1,9,0,18,0,1,0,0,0,0,1,1,6,3,-1,-1,3199,1,15,-1,-1
201401PL60840,1,3,0,18,0,8,0,0,0,0,1,1,6,1,17,4,-1,-1,-1,5,2
201401PL60840,2,9,0,6,0,8,0,0,0,0,3,1,6,1,28,6,-1,-1,-1,-1,-1
201401PL60841,1,9,0,9,0,8,0,0,0,0,3,1,6,1,-1,-1,-1,-1,-1,3,1
201401PL60841,2,1,0,18,0,8,0,0,0,0,1,1,6,1,25,5,-1,-1,-1,4,1
201401PL60842,1,11,0,4,0,8,0,0,0,0,0,1,1,2,35,6,4500,2,5,3,1
201401PL60843,1,1,0,18,0,8,0,0,0,0,1,1,6,1,27,6,-1,-1,-1,2,1
201401PL60843,2,9,0,9,0,8,0,0,0,0,4,1,6,1,-1,-1,-1,-1,-1,-1,-1
201401PL60844,1,9,0,9,0,8,0,0,0,0,4,1,6,2,34,6,1229,1,5,2,1
201401PL60844,2,4,0,18,0,8,0,0,0,0,1,1,6,1,28,6,-1,-1,-1,2,1
201401PL60845,1,5,0,18,0,0,0,0,0,0,1,1,6,1,22,5,125,1,6,-1,-1
201401PL60846,1,3,0,18,0,8,0,0,0,0,1,1,6,1,31,6,125,1,3,3,1
201401PL60846,2,9,0,9,0,8,0,0,0,0,3,1,6,1,36,7,2179,2,4,2,1
201401PL60847,1,9,0,3,0,0,0,0,0,0,2,1,6,2,38,7,1498,1,12,3,1
201401PL60847,2,9,0,18,0,0,0,0,0,0,1,1,6,1,-1,-1,1598,1,4,-1,-1
201401PL60848,1,9,0,7,0,8,0,0,0,0,1,1,6,1,40,7,1968,2,5,5,1
201401PL60850,1,21,0,18,0,1,0,0,0,0,1,1,1,1,49,8,9200,2,3,7,3
201401PL60851,1,9,0,14,0,2,0,0,0,0,4,1,6,1,-1,-1,-1,-1,-1,-1,-1
201401PL60852,1,9,0,9,0,8,0,0,0,0,0,1,6,1,35,6,1248,2,-1,4,1
201401PL60852,2,3,0,18,0,8,0,0,0,0,0,1,6,1,26,6,125,1,11,1,1
201401PL60853,1,11,0,4,0,0,0,0,0,0,0,1,1,1,48,8,4500,2,-1,3,1
201401PL60854,1,9,0,18,0,8,0,0,0,0,3,1,6,1,52,8,-1,-1,-1,4,1
201401PL60854,2,9,0,9,0,8,0,0,0,0,1,1,6,1,-1,-1,1560,2,4,-1,-1
201401PL60855,1,5,0,18,0,2,0,0,0,0,1,1,6,1,52,8,582,1,5,8,2
201401PL60855,2,20,0,3,0,2,0,0,0,0,4,1,1,1,38,7,3920,2,1,2,1
201401PL60855,3,11,0,3,0,2,0,0,0,0,3,1,1,1,46,8,6696,2,1,4,1
201401PL60856,1,1,0,18,0,8,0,0,0,0,1,1,6,1,39,7,-1,-1,-1,2,1
201401PL60856,2,9,0,18,0,8,0,0,0,0,1,1,6,1,34,6,1796,1,10,3,1
201401PL60857,1,9,0,18,0,1,0,0,0,0,2,1,6,3,-1,-1,-1,-1,-1,-1,-1
201401PL60857,2,9,0,18,0,1,0,0,0,0,1,1,6,1,26,6,-1,-1,-1,-1,-1
201401PL60858,1,4,0,18,0,8,0,0,0,0,1,1,6,1,48,8,748,1,3,2,1
201401PL60858,2,9,0,9,0,8,0,0,0,0,4,1,6,1,45,7,-1,-1,-1,4,3
201401PL60859,1,9,0,3,0,2,0,0,0,0,2,1,6,1,26,6,2143,2,2,4,1
201401PL60859,2,20,0,18,0,2,0,0,0,0,1,1,1,1,-1,-1,-1,-1,-1,5,2
201401PL60861,1,19,0,3,0,1,0,0,0,0,4,1,6,1,20,4,1870,2,9,-1,-1
201401PL60861,2,3,0,15,0,1,0,0,0,0,1,1,6,1,40,7,125,1,2,2,1
201401PL60862,1,9,0,18,0,8,0,0,0,0,1,1,6,3,-1,-1,-1,-1,-1,-1,-1
201401PL60863,1,9,0,3,0,8,0,0,0,0,4,1,6,1,50,8,1995,2,-1,3,1
201401PL60863,2,9,0,15,0,8,0,0,0,0,3,1,6,1,-1,-1,-1,-1,-1,-1,-1
201401PL60865,1,9,0,9,0,2,0,0,0,0,1,1,6,1,26,6,1339,1,7,2,1
201401PL60867,1,3,0,14,0,8,0,0,0,0,1,1,6,1,32,6,124,1,12,2,1
201401PL60869,1,3,0,18,0,0,0,0,0,0,1,1,6,1,17,4,124,1,2,-1,1
201401PL60869,2,1,0,18,0,0,0,0,0,0,1,1,6,1,40,7,-1,-1,-1,-1,-1
201401PL60870,1,5,0,18,0,8,0,8,0,0,4,1,6,1,47,8,598,1,13,7,1
201401PL60870,2,9,0,18,0,8,0,0,0,0,4,1,6,1,51,8,-1,-1,-1,-1,-1
201401PL60870,3,9,0,18,0,8,0,0,0,0,3,1,6,1,39,7,-1,-1,-1,-1,-1
201401PL60871,1,9,0,4,0,8,0,0,0,0,2,1,6,1,30,6,1242,1,16,4,1
201401PL60871,2,9,0,18,0,8,0,0,0,0,1,1,6,1,58,9,2979,1,11,5,1
201401PL60872,1,9,0,18,0,1,0,0,0,0,1,1,6,1,45,7,998,1,5,3,1
201401PL60873,1,2,0,18,0,8,0,0,0,0,1,1,6,1,-1,-1,125,1,10,-1,-1
201401PL60873,2,9,0,4,0,8,0,0,0,0,2,1,6,1,36,7,1910,2,9,9,1
201401PL60874,1,9,0,4,0,0,0,0,0,0,1,1,6,1,36,7,1998,1,7,3,1
201401PL60874,2,9,0,3,0,0,0,0,0,0,1,1,6,2,26,6,1149,1,8,-1,-1
201401PL60875,1,19,0,9,0,8,0,0,0,0,3,1,6,1,64,9,1461,2,1,6,1
201401PL60875,2,1,0,13,0,8,0,0,0,0,4,1,6,1,50,8,-1,-1,-1,4,1
201401PL60876,1,9,0,9,0,8,0,0,0,0,1,1,6,2,45,7,1390,1,7,4,1
201401PL60876,2,3,0,18,0,8,0,0,0,0,3,1,6,1,35,6,124,1,4,3,1
201401PL60877,1,9,0,3,0,1,0,0,0,0,2,1,6,1,68,10,-1,-1,-1,3,1
201401PL60877,2,9,0,3,0,1,0,0,0,0,2,1,6,1,27,6,1956,2,2,3,1
201401PL60877,3,9,0,18,0,1,0,0,0,0,1,1,6,2,22,5,1198,1,6,7,1
201401PL60878,1,1,0,18,0,2,0,0,0,0,4,1,6,1,12,3,-1,-1,-1,3,1
201401PL60878,2,3,0,18,0,2,0,0,0,0,1,1,6,3,-1,-1,-1,-1,-1,-1,-1
201401PL60879,1,11,0,18,0,2,0,0,0,0,1,1,1,1,50,8,-1,-1,-1,3,1
201401PL60879,2,4,0,11,0,2,0,0,0,0,2,1,6,1,47,8,748,1,22,4,1
201401PL60880,1,19,0,18,0,0,0,0,0,0,1,1,6,1,33,6,1968,2,4,5,1
201401PL60880,2,1,0,18,0,0,0,0,0,0,2,1,6,1,32,6,-1,-1,-1,-1,-1
201401PL60881,1,9,0,18,0,1,0,0,0,0,2,1,6,1,29,6,1910,2,5,1,1
201401PL60881,2,9,0,18,0,1,0,0,0,0,1,1,6,1,24,5,1596,1,15,4,1
201401PL60882,1,9,0,9,0,8,0,0,0,0,3,1,6,1,49,8,2922,1,11,2,1
201401PL60882,2,3,0,9,0,8,0,0,0,0,4,1,6,2,44,7,125,1,-1,6,1
201401PL60883,1,1,0,18,0,8,0,0,0,0,1,1,6,1,23,5,-1,-1,-1,2,1
201401PL60883,2,9,0,7,0,8,0,0,0,0,4,1,6,3,-1,-1,-1,-1,-1,-1,-1
201401PL60884,1,5,0,18,0,1,0,0,0,0,3,1,6,1,36,7,-1,-1,-1,3,1
201401PL60885,1,9,0,13,0,8,0,0,0,0,1,1,1,1,-1,-1,-1,-1,-1,-1,-1
201401PL60885,2,9,0,9,0,8,0,0,0,0,3,1,6,1,37,7,1896,2,10,-1,-1
201401PL60886,1,3,0,9,0,2,0,0,0,0,1,1,6,1,31,6,125,1,3,3,1
201401PL60887,1,19,0,9,0,8,0,0,0,0,1,1,6,1,51,8,2151,2,12,4,1
201401PL60887,2,1,0,18,0,8,0,0,0,0,1,1,6,2,46,8,-1,-1,-1,8,1
201401PL60888,1,9,0,8,0,8,0,0,0,0,4,1,6,1,55,8,-1,-1,-1,2,1
201401PL60888,2,3,0,18,0,8,0,0,0,0,1,1,6,1,24,5,108,1,5,2,1
201401PL60889,1,3,0,16,0,2,0,0,0,0,1,1,6,1,24,5,-1,-1,-1,2,1
201401PL60890,1,19,0,1,0,0,0,0,0,0,2,1,6,3,-1,-1,2143,2,2,-1,-1
201401PL60891,1,9,0,9,0,8,0,0,0,0,4,1,6,2,29,6,1600,1,12,5,1
201401PL60891,2,5,0,18,0,8,0,0,0,0,1,1,6,1,30,6,998,1,6,10,1
201401PL60892,1,9,0,18,0,0,0,0,0,0,4,1,6,2,31,6,-1,-1,-1,-1,-1
201401PL60892,2,21,0,18,0,0,0,0,0,0,3,1,1,1,45,7,-1,-1,-1,-1,-1
201401PL60893,1,9,0,18,0,1,0,0,0,0,1,1,6,1,68,10,1948,1,13,4,1
201401PL60894,1,3,0,18,0,2,0,0,0,0,3,1,6,1,61,9,124,1,4,4,1
201401PL60894,2,9,0,18,0,1,0,0,0,0,3,1,6,1,-1,-1,-1,-1,-1,2,1
201401PL60895,1,9,0,9,0,8,0,0,0,0,3,1,6,1,44,7,1364,1,1,-1,-1
201401PL60895,2,9,0,13,0,8,0,0,0,0,1,1,6,1,-1,-1,-1,-1,-1,-1,-1
201401PL60896,1,19,0,18,0,0,0,0,0,0,1,1,6,1,-1,-1,1995,2,1,-1,-1
201401PL60897,1,9,0,3,0,1,0,0,0,0,2,1,6,1,47,8,1796,1,-1,3,1
201401PL60897,2,20,0,4,0,1,0,0,0,0,1,1,6,1,-1,-1,-1,-1,-1,-1,-1
201401PL60899,1,1,0,18,0,8,0,0,0,0,4,1,6,1,27,6,-1,-1,-1,-1,-1
201401PL60899,2,9,0,9,0,8,0,0,0,0,1,1,6,1,-1,-1,-1,-1,-1,-1,-1
201401PL60900,1,9,0,17,0,8,0,0,0,0,3,1,6,2,60,9,1796,1,8,2,1
201401PL60900,2,21,0,17,0,8,0,0,0,0,4,1,6,1,40,7,11946,2,2,5,1
201401PL60901,1,9,0,18,0,2,0,0,0,0,4,1,6,1,20,4,998,1,15,-1,-1
201401PL60901,2,9,0,18,0,2,0,0,0,0,3,1,6,1,43,7,-1,-1,-1,-1,-1
201401PL60902,1,8,0,7,0,8,0,0,0,0,2,1,6,1,60,9,1995,2,6,3,1
201401PL60902,2,9,0,7,0,8,0,0,0,0,1,1,6,1,48,8,1796,1,12,7,1
201401PL60903,1,9,0,18,0,0,0,0,0,0,4,1,6,1,51,8,1995,2,13,4,1
201401PL60904,1,1,0,18,0,8,0,0,0,0,4,1,6,2,27,6,-1,-1,-1,3,1
201401PL60904,2,9,0,9,0,8,0,0,0,0,1,1,6,2,-1,-1,-1,-1,-1,-1,-1
201401PL60905,1,2,0,18,0,1,0,0,0,0,1,1,6,3,-1,-1,50,1,3,-1,-1
201401PL60906,1,9,0,10,0,8,0,0,0,0,3,1,6,2,40,7,1794,1,12,6,1
201401PL60906,2,21,0,9,0,8,0,0,0,0,4,1,1,1,-1,-1,-1,-1,-1,-1,-1
201401PL60907,1,9,0,9,0,8,0,0,0,0,4,1,6,2,38,7,1596,1,11,2,1
201401PL60907,2,1,0,18,0,8,0,0,0,0,1,1,6,1,-1,-1,-1,-1,-1,2,1
201401PL60908,1,3,0,18,0,8,0,0,0,0,3,1,6,2,30,6,125,1,1,7,1
201401PL60908,2,9,0,11,0,8,0,0,0,0,4,1,6,2,-1,-1,1498,1,4,2,1
201401PL60909,1,4,0,18,0,1,0,0,0,0,1,1,6,1,47,8,197,1,37,-1,-1
201401PL60909,2,9,0,6,0,2,0,0,0,0,3,1,6,1,-1,-1,1995,2,7,-1,-1
201401PL60910,1,9,0,18,0,1,0,0,0,0,1,1,6,1,-1,-1,1995,2,-1,-1,-1
201401PL60911,1,9,0,18,0,0,0,0,0,0,1,1,6,1,27,6,-1,-1,-1,4,1
201401PL60912,1,3,0,18,0,8,0,0,0,0,1,1,6,1,-1,-1,645,1,12,2,1
201401PL60912,2,9,0,7,0,8,0,0,0,0,3,1,6,1,25,5,1598,2,4,-1,-1
201401PL60913,1,5,0,7,0,8,0,0,0,0,3,1,6,1,58,9,798,1,5,5,1
201401PL60913,2,9,0,7,0,8,0,0,0,0,4,1,6,2,48,8,2460,2,8,-1,-1
201401PL60915,1,9,0,9,0,8,0,0,0,0,1,1,6,1,39,7,-1,-1,-1,2,1
201401PL60915,2,5,0,14,0,8,0,0,0,0,4,1,6,1,63,9,1731,1,3,-1,-1
201401PL60916,1,3,0,18,0,8,0,0,0,0,1,1,6,1,23,5,-1,-1,-1,-1,-1
201401PL60916,2,9,0,9,0,8,0,0,0,0,1,1,6,1,-1,-1,-1,-1,-1,-1,-1
201401PL60917,1,9,0,18,0,8,0,0,0,0,1,1,6,1,28,6,1598,1,7,3,1
201401PL60917,2,9,0,18,0,8,0,0,0,0,4,1,6,2,29,6,1149,1,6,2,1
201401PL60919,1,9,0,18,0,1,0,0,0,0,1,1,6,2,32,6,1995,2,5,3,1
201401PL60920,1,9,0,18,0,0,0,0,0,0,1,1,6,2,30,6,-1,-1,-1,3,1
201401PL60921,1,19,0,18,0,8,0,0,0,0,1,1,1,1,50,8,1998,2,9,6,1
201401PL60921,2,9,0,10,0,8,0,0,0,0,2,1,6,1,47,8,1149,1,15,3,1
201401PL60921,3,21,0,4,0,8,0,0,0,0,1,1,1,1,46,8,11705,2,9,5,1
201401PL60922,1,9,0,18,0,8,0,0,0,0,4,1,6,1,33,6,1390,1,13,3,1
201401PL60922,2,9,0,9,0,8,0,0,0,0,1,1,6,1,68,10,1461,2,2,7,1
201401PL60923,1,9,0,11,0,1,0,0,0,0,1,1,6,1,45,7,-1,-1,-1,4,1
201401PL60923,2,1,0,18,0,1,0,0,0,0,2,1,6,1,26,6,-1,-1,-1,3,1
201401PL60924,1,2,0,18,0,1,0,0,0,0,1,1,1,1,17,4,599,1,8,5,1
201401PL60924,2,9,0,6,0,2,0,0,0,0,3,1,6,2,28,6,1598,1,11,2,1
201401PL60925,1,11,0,4,0,2,0,0,0,0,0,1,6,1,35,6,-1,-1,-1,-1,-1
201401PL60927,1,9,0,18,0,2,0,0,0,0,1,1,6,1,58,9,1995,2,8,2,1
201401PL60928,1,9,0,9,0,8,0,0,0,0,0,1,6,2,28,6,1242,1,-1,5,1