Accident_Index,Vehicle_Reference,Vehicle_Type,Towing_and_Articulation,Vehicle_Manoeuvre,Vehicle_Location-Restricted_Lane,Junction_Location,Skidding_and_Overturning,Hit_Object_in_Carriageway,Vehicle_Leaving_Carriageway,Hit_Object_off_Carriageway,1st_Point_of_Impact,Was_Vehicle_Left_Hand_Drive?,Journey_Purpose_of_Driver,Sex_of_Driver,Age_of_Driver,Age_Band_of_Driver,Engine_Capacity_(CC),Propulsion_Code,Age_of_Vehicle,Driver_IMD_Decile,Driver_Home_Area_Type
201401PL60928,2,9,0,18,0,8,0,10,1,7,1,1,6,2,58,9,1399,1,3,4,1
201401PL60929,1,19,0,18,0,1,0,0,0,0,1,1,1,1,70,10,1399,2,4,9,1
201401PL60930,1,21,0,9,0,8,0,0,0,0,3,1,1,1,29,6,4461,2,4,-1,-1
201401PL60930,2,1,0,18,0,8,0,0,0,0,1,1,6,1,29,6,-1,-1,-1,9,1
201401PL60931,1,9,0,9,0,0,0,0,0,0,4,1,1,1,40,7,1910,2,6,4,1
201401PL60931,2,3,0,18,0,0,0,0,0,0,1,1,6,1,21,5,-1,-1,-1,2,1
201401PL60932,1,9,0,18,0,8,0,0,0,0,1,1,6,1,36,7,1339,1,8,5,1
201401PL60932,2,9,0,7,0,8,0,0,0,0,3,1,6,1,64,9,1299,1,12,3,1
201401PL60933,1,1,0,18,0,0,0,0,0,0,1,1,6,1,56,9,-1,-1,-1,-1,-1
201401PL60933,2,9,0,6,0,0,0,0,0,0,4,1,6,1,-1,-1,-1,-1,-1,-1,-1
201401PL60935,1,3,0,18,0,8,0,0,0,0,3,1,6,1,27,6,124,1,-1,4,1
201401PL60935,2,9,0,7,0,8,0,0,0,0,4,1,6,2,22,5,1984,1,17,2,1
201401PL60936,1,9,0,18,0,1,0,0,0,0,1,1,6,3,-1,-1,1956,2,-1,-1,-1
201401PL60937,1,9,0,9,0,8,0,0,0,0,4,1,6,1,38,7,2230,1,12,7,1
201401PL60937,2,1,0,1,0,8,0,0,0,0,1,1,6,1,48,8,-1,-1,-1,4,1
201401PL60938,1,9,0,9,0,8,0,0,0,0,4,1,6,1,53,8,1598,1,15,2,1
201401PL60938,2,9,0,18,0,8,0,0,0,0,1,1,6,1,63,9,1596,1,12,-1,-1
201401PL60940,1,3,0,15,0,8,0,0,0,0,3,1,6,2,40,7,125,1,-1,3,1
201401PL60940,2,9,0,9,0,8,0,0,0,0,1,1,6,1,42,7,-1,-1,-1,3,1
201401PL60941,1,19,0,18,0,2,0,0,0,0,1,1,6,1,55,8,2402,2,6,4,1
201401PL60942,1,11,0,7,0,8,0,0,0,0,1,1,6,1,32,6,4461,2,1,1,1
201401PL60943,1,9,0,18,0,1,0,0,0,0,1,1,6,2,48,8,1598,1,7,2,1
201401PL60944,1,1,0,18,0,8,0,0,0,0,1,1,6,1,31,6,-1,-1,-1,3,1
201401PL60944,2,9,0,9,0,8,0,0,0,0,4,1,6,1,-1,-1,-1,-1,-1,-1,-1
201401PL60945,1,9,0,9,0,8,0,0,0,0,3,1,6,1,26,6,1396,1,13,3,1
201401PL60945,2,1,0,18,0,8,0,0,0,0,1,1,6,1,36,7,-1,-1,-1,-1,-1
201401PL60946,1,9,0,18,0,0,0,0,0,0,1,1,6,3,-1,-1,-1,-1,-1,-1,-1
201401PL60947,1,3,0,18,0,8,0,0,0,0,1,1,6,1,17,4,124,1,7,2,1
201401PL60947,2,9,0,9,0,8,0,0,0,0,4,1,6,2,35,6,-1,-1,-1,4,1
201401PL60948,1,9,0,3,0,1,0,0,0,0,2,1,6,1,42,7,-1,-1,-1,-1,-1
201401PL60948,2,9,0,14,0,1,0,0,0,0,1,1,6,3,-1,-1,1229,1,1,-1,-1
201401PL60949,1,1,0,18,0,1,0,0,0,0,1,1,6,1,47,8,-1,-1,-1,6,1
201401PL60950,1,3,0,18,0,1,0,0,0,0,3,1,6,1,25,5,-1,-1,-1,3,1
201401PL60950,2,9,0,11,0,1,0,0,0,0,4,1,6,3,-1,-1,1329,1,2,-1,-1
201401PL60952,1,9,0,18,0,1,0,0,0,0,2,1,6,1,23,5,1956,2,5,1,3
201401PL60952,2,9,0,18,0,1,0,0,0,0,1,1,6,1,-1,-1,1597,1,4,4,1
201401PL60953,1,9,0,18,0,8,0,0,0,0,1,1,6,1,50,8,-1,-1,-1,3,1
201401PL60953,2,1,0,17,0,8,0,0,0,0,1,1,6,1,38,7,-1,-1,-1,3,1
201401PL60954,1,9,0,18,0,2,0,0,0,0,1,1,6,1,53,8,2148,2,6,1,1
201401PL60955,1,4,0,18,0,8,0,0,0,0,1,1,6,1,68,10,599,1,20,4,1
201401PL60955,2,19,0,9,0,8,0,0,0,0,3,1,1,1,59,9,1753,2,11,7,1
201401PL60956,1,9,0,18,0,8,0,0,0,0,1,1,6,1,48,8,2143,2,2,4,1
201401PL60956,2,9,0,9,0,8,0,0,0,0,3,1,6,1,23,5,1968,2,10,2,1
201401PL60957,1,1,0,18,0,8,0,0,0,0,4,1,6,2,29,6,-1,-1,-1,3,1
201401PL60957,2,9,0,7,0,8,0,0,0,0,1,1,6,1,-1,-1,1870,2,11,-1,-1
201401PL60958,1,9,0,18,0,2,0,0,0,0,4,1,6,1,23,5,1242,1,17,3,1
201401PL60958,2,9,0,12,0,2,0,0,0,0,3,1,6,2,-1,-1,1997,1,10,-1,-1
201401PL60959,1,9,0,3,0,8,0,0,0,0,2,1,6,1,39,7,2231,2,8,2,1
201401PL60959,2,9,0,4,0,8,0,0,0,0,1,1,6,2,-1,-1,1390,1,13,-1,-1
201401PL60960,1,9,0,18,0,1,0,0,0,0,1,1,6,3,-1,-1,-1,-1,-1,-1,-1
201401PL60961,1,3,0,18,0,8,0,0,0,0,4,1,6,1,36,7,125,1,12,4,1
201401PL60961,2,19,0,9,0,8,0,0,0,0,1,1,6,1,60,9,1996,2,2,1,1
201401PL60962,1,3,0,3,0,2,0,0,0,0,2,1,6,1,50,8,124,1,10,2,1
201401PL60962,2,9,0,4,0,2,0,0,0,0,1,1,6,3,-1,-1,-1,-1,-1,-1,-1
201401PL60963,1,9,0,9,0,8,0,0,0,0,3,1,6,1,50,8,1598,2,2,4,1
201401PL60963,2,5,0,18,0,8,0,0,0,0,1,1,6,1,35,6,953,1,11,-1,-1
201401PL60964,1,1,0,18,0,8,0,0,0,0,1,1,6,1,25,5,-1,-1,-1,8,1
201401PL60964,2,19,0,7,0,8,0,0,0,0,4,1,6,1,-1,-1,2402,2,4,-1,-1
201401PL60965,1,9,0,13,0,1,0,0,0,0,1,1,6,2,-1,-1,1997,2,6,-1,-1
201401PL60965,2,1,0,18,0,1,0,0,0,0,2,1,6,1,44,7,-1,-1,-1,-1,-1
201401PL60966,1,4,0,12,0,8,0,0,0,0,3,1,6,1,-1,-1,499,1,7,-1,-1
201401PL60966,2,9,0,11,0,8,0,0,0,0,4,1,6,1,-1,-1,-1,-1,-1,-1,-1
201401PL60967,1,1,0,16,0,8,0,0,0,0,0,1,6,1,26,6,-1,-1,-1,-1,-1
201401PL60967,2,9,0,7,0,8,0,0,0,0,0,1,6,2,-1,-1,-1,-1,-1,-1,-1
201401PL60968,1,1,0,5,0,1,0,0,0,0,2,1,6,1,23,5,-1,-1,-1,-1,-1
201401PL60968,2,9,0,5,0,1,0,0,0,0,1,1,6,2,76,11,1386,1,5,-1,-1
201401PL60970,1,11,0,4,0,1,0,0,0,0,0,1,6,1,59,9,9000,2,8,4,1
201401PL60971,1,11,0,4,0,1,0,0,0,0,0,1,6,1,-1,-1,-1,-1,-1,-1,-1
201401PL60972,1,11,0,1,0,8,0,0,0,0,2,1,1,2,48,8,4500,2,-1,-1,-1
201401PL60972,2,9,0,3,0,8,0,0,0,0,1,1,1,2,51,8,1997,1,11,2,1
201401PL60973,1,19,0,9,0,8,0,0,0,0,4,1,6,1,38,7,2198,2,6,6,1
201401PL60973,2,4,0,18,0,8,0,0,0,0,1,1,6,1,61,9,124,1,4,3,1
201401PL60974,1,11,0,18,0,8,0,0,0,0,1,1,1,1,39,7,4500,2,-1,2,1
201401PL60974,2,9,0,3,0,8,0,0,0,0,1,1,6,2,27,6,1798,1,8,-1,-1
201401PL60975,1,1,0,18,0,1,0,0,0,0,0,1,6,1,65,9,-1,-1,-1,-1,-1
201401PL60977,1,9,0,18,0,1,0,0,0,0,2,1,6,1,31,6,1388,1,11,8,1
201401PL60977,2,3,0,18,0,1,0,0,0,0,1,1,1,1,24,5,-1,-1,-1,2,1
201401PL60978,1,9,0,4,0,0,0,0,0,0,2,1,6,1,27,6,1598,1,9,9,1
201401PL60978,2,9,0,18,0,0,0,0,0,0,1,1,6,1,21,5,1149,1,10,5,1
201401PL60979,1,19,0,9,0,8,0,0,0,0,4,1,1,1,36,7,-1,-1,-1,2,1
201401PL60979,2,5,0,18,0,8,0,0,0,0,1,1,6,2,38,7,798,1,8,-1,1
201401PL60980,1,9,0,18,0,2,0,0,0,0,2,1,6,1,26,6,1596,1,11,3,1
201401PL60980,2,11,0,18,0,2,0,0,0,0,1,1,1,1,31,6,4500,2,3,-1,-1
201401PL60982,1,4,0,18,0,1,0,0,0,0,3,1,6,1,34,6,124,1,-1,10,1
201401PL60982,2,9,0,11,0,1,0,0,0,0,4,1,6,1,33,6,-1,-1,-1,2,1
201401PL60984,1,9,0,18,0,8,0,0,0,0,1,1,6,1,40,7,1587,1,11,2,1
201401PL60984,2,9,0,7,0,8,0,0,0,0,3,1,6,3,-1,-1,-1,-1,-1,-1,-1
201401PL60985,1,9,0,2,0,0,0,0,0,0,3,1,6,1,42,7,1598,1,4,5,1
201401PL60985,2,1,0,14,0,0,0,8,0,0,1,1,6,1,41,7,-1,-1,-1,3,1
201401PL60986,1,9,0,18,0,1,0,0,0,0,1,1,6,2,48,8,1390,1,4,4,1
201401PL60987,1,3,0,3,0,1,0,0,0,0,1,1,6,1,36,7,-1,-1,-1,4,1
201401PL60987,2,19,0,1,0,1,0,0,0,0,2,1,6,1,-1,-1,-1,-1,-1,3,1
201401PL60988,1,3,0,9,0,8,0,0,0,0,4,1,6,1,25,5,125,1,5,2,1
201401PL60988,2,9,0,18,0,8,0,0,0,0,1,1,6,1,58,9,2397,1,15,3,1
201401PL60990,1,2,0,4,0,1,1,0,0,0,0,1,6,1,40,7,124,1,4,8,1
201401PL60991,1,9,0,18,0,2,0,0,0,0,1,1,6,2,47,8,1998,1,8,2,1
201401PL60992,1,1,0,18,0,1,0,0,0,0,3,1,6,2,25,5,-1,-1,-1,-1,-1
201401PL60992,2,20,0,13,0,1,0,0,0,0,4,1,6,3,-1,-1,-1,-1,-1,-1,-1
201401PL60993,1,9,0,6,0,1,0,0,0,0,3,1,6,1,18,4,1242,1,7,7,1
201401PL60993,2,5,0,18,0,1,0,0,0,0,1,1,6,1,50,8,1157,1,7,8,1
201401PL60994,1,9,0,9,0,8,0,0,0,0,3,1,6,2,27,6,1997,2,10,3,1
201401PL60994,2,3,0,18,0,8,0,0,0,0,1,1,6,1,24,5,49,1,-1,1,1
201401PL60995,1,8,0,9,0,8,0,0,0,0,4,1,6,1,40,7,1997,2,2,2,1
201401PL60995,2,3,0,18,0,8,0,0,0,0,1,1,6,2,25,5,124,1,7,2,1
201401PL60996,1,11,0,2,0,1,0,0,0,0,0,1,1,1,-1,-1,4461,2,1,-1,-1
201401PL60997,1,9,0,18,0,2,0,10,1,10,1,1,6,1,47,8,1796,1,7,-1,-1
201401PL61000,1,8,0,18,0,8,0,0,0,0,1,1,1,1,40,7,2499,2,3,3,1
201401PL61000,2,9,0,7,0,8,0,0,0,0,3,1,6,1,53,8,-1,-1,-1,3,1
201401PL61001,1,9,0,18,0,0,0,0,0,0,2,1,6,1,44,7,1769,1,9,2,1
201401PL61001,2,9,0,18,0,0,0,0,0,0,1,1,6,1,-1,-1,1598,1,7,6,1
201401PL61002,1,11,0,9,0,8,0,0,0,0,4,1,1,1,21,5,8268,2,11,10,1
201401PL61002,2,9,0,18,0,8,0,0,0,0,1,1,6,1,42,7,2993,2,1,5,1
201401PL61003,1,9,0,3,0,8,0,0,0,0,2,1,6,1,31,6,1149,1,12,3,1
201401PL61003,2,9,0,3,0,8,0,0,0,0,2,1,6,2,58,9,1597,1,16,6,1
201401PL61003,3,9,0,18,0,8,0,0,0,0,1,1,6,2,41,7,1598,1,5,2,1
201401PL61004,1,11,0,9,0,8,0,0,0,0,3,1,6,2,47,8,4249,2,7,2,1
201401PL61004,2,5,0,14,0,8,0,0,0,0,1,1,6,1,-1,-1,599,1,16,-1,-1
201401PL61005,1,1,0,18,0,8,0,0,0,0,1,1,6,1,50,8,-1,-1,-1,2,1
201401PL61005,2,9,0,18,0,8,0,0,0,0,1,1,6,3,-1,-1,-1,-1,-1,-1,-1
201401PL61006,1,9,0,18,0,1,0,0,0,0,2,1,6,2,34,6,-1,-1,-1,3,1
201401PL61006,2,9,0,18,0,1,0,0,0,0,1,1,6,1,26,6,-1,-1,-1,1,1
201401PL61008,1,5,0,13,0,8,0,0,0,0,1,1,6,1,57,9,1050,1,1,7,1
201401PL61008,2,9,0,9,0,8,0,0,0,0,3,1,6,1,-1,-1,1896,2,8,-1,-1
201401PL61009,1,9,0,18,0,1,0,0,0,0,1,1,6,1,23,5,1995,2,-1,3,1
201401PL61009,2,9,0,11,0,1,0,0,0,0,2,1,6,1,22,5,1199,1,12,3,1
201401PL61010,1,5,0,18,0,1,0,0,0,0,1,1,6,1,47,8,659,1,5,10,1
201401PL61010,2,9,0,6,0,1,0,0,0,0,3,1,6,1,-1,-1,1984,1,4,-1,-1
201401PL61011,1,19,0,5,0,1,0,0,0,0,1,1,6,1,69,10,-1,-1,-1,3,1
201401PL61012,1,9,0,18,0,1,0,0,0,0,1,1,6,1,41,7,1598,1,13,3,1
201401PL61013,1,9,0,1,0,2,0,0,0,0,2,1,6,3,-1,-1,-1,-1,-1,-1,-1
201401PL61014,1,9,0,7,0,8,0,0,0,0,3,1,6,1,26,6,1995,2,6,-1,-1
201401PL61014,2,9,0,18,0,8,0,0,0,0,1,1,6,1,55,8,1598,1,7,1,1
201401PL61015,1,5,0,18,0,8,0,0,0,0,1,1,6,1,24,5,1130,1,10,3,1
201401PL61015,2,9,0,9,0,8,0,0,0,0,4,1,6,2,27,6,1388,1,11,3,1
201401PL61016,1,9,0,17,0,8,0,0,0,0,1,1,6,1,17,4,1199,1,10,2,1
201401PL61016,2,9,0,9,0,8,0,0,0,0,3,1,6,1,27,6,2143,2,2,3,1
201401PL61017,1,9,0,18,0,1,0,0,0,0,1,1,6,3,-1,-1,-1,-1,-1,-1,-1
201401PL61020,1,4,0,14,0,8,0,0,0,0,1,1,6,1,33,6,-1,-1,-1,6,1
201401PL61020,2,9,0,18,0,8,0,0,0,0,3,1,6,1,54,8,1699,1,8,3,1
201401PL61021,1,9,0,3,0,1,0,0,0,0,2,1,6,1,45,7,1386,1,8,3,1
201401PL61021,2,9,0,3,0,1,0,0,0,0,2,1,6,1,44,7,1560,2,5,6,1
201401PL61021,3,19,0,18,0,1,0,0,0,0,1,1,6,1,51,8,2463,2,9,4,1
201401PL61022,1,9,0,18,0,2,0,0,0,0,1,1,6,1,29,6,1596,1,10,5,1
201401PL61022,2,9,0,2,0,2,0,0,0,0,1,1,6,3,-1,-1,1328,1,7,-1,-1
201401PL61022,3,9,0,2,0,2,0,0,0,0,1,1,6,3,-1,-1,905,1,1,-1,-1
201401PL61022,4,9,0,2,0,2,0,0,0,0,1,1,6,3,-1,-1,1968,2,3,-1,-1
201401PL61023,1,9,0,4,0,1,0,0,0,0,1,1,6,1,25,5,1598,1,9,2,1
201401PL61023,2,9,0,3,0,1,0,0,0,0,2,1,6,2,51,8,1598,1,2,2,1
201401PL61024,1,9,0,6,0,0,0,0,0,0,3,1,6,2,-1,-1,-1,-1,-1,-1,-1
201401PL61024,2,3,0,18,0,0,0,0,0,0,1,1,6,1,35,6,-1,-1,-1,-1,-1
201401PL61025,1,9,0,2,0,1,0,0,0,0,2,1,6,2,53,8,1998,1,17,5,1
201401PL61025,2,9,0,1,0,1,0,4,0,0,2,1,6,1,-1,-1,-1,-1,-1,-1,-1
201401PL61026,1,9,0,9,0,8,0,0,0,0,1,1,6,2,26,6,-1,-1,-1,2,1
201401PL61026,2,8,0,18,0,8,0,0,0,0,4,1,6,1,58,9,-1,-1,-1,1,1
201401PL61027,1,5,0,14,0,8,0,0,0,0,1,1,6,1,42,7,645,1,5,2,1
201401PL61027,2,9,0,9,0,8,0,0,0,0,3,1,6,1,-1,-1,-1,-1,-1,-1,-1
201401PL61028,1,9,0,9,0,8,0,0,0,0,3,1,6,1,50,8,1850,1,14,2,1
201401PL61028,2,5,0,14,0,8,0,0,0,0,1,1,6,1,48,8,660,1,7,7,1
201401PL61030,1,3,0,18,0,8,0,0,0,0,1,1,6,1,24,5,125,1,2,5,1
201401PL61030,2,9,0,9,0,8,0,0,0,0,1,1,6,2,48,8,1995,2,1,2,1
201401PL61031,1,3,0,18,0,8,0,0,0,0,0,1,6,1,26,6,-1,-1,-1,2,1
201401PL61031,2,9,0,7,0,8,0,0,0,0,0,1,6,2,36,7,1461,2,-1,-1,-1
201401PL61032,1,9,0,6,0,8,0,0,0,0,1,1,6,2,52,8,1497,8,-1,2,1
201401PL61032,2,1,0,9,0,8,0,0,0,0,1,1,6,2,47,8,-1,-1,-1,-1,-1
201401PL61033,1,11,0,18,0,1,0,0,0,0,1,1,1,1,48,8,4500,2,-1,2,1
201401PL61034,1,9,0,18,0,8,0,0,0,0,1,1,6,2,-1,-1,-1,-1,-1,3,1
201401PL61034,2,9,0,18,0,8,0,0,0,0,4,1,6,2,44,7,-1,-1,-1,3,1
201401PL61036,1,9,0,18,0,1,0,0,0,0,3,1,6,1,34,6,1595,1,8,2,1
201401PL61037,1,9,0,18,0,8,0,0,0,0,1,1,6,1,52,8,1598,1,18,3,1
201401PL61037,2,3,0,9,0,8,0,0,0,0,1,1,6,1,17,4,124,1,5,-1,-1
201401PL61038,1,9,0,18,0,2,0,0,0,0,1,1,6,3,-1,-1,-1,-1,-1,-1,-1
201401PL61039,1,9,0,3,0,0,0,0,0,0,1,1,6,1,30,6,-1,-1,-1,2,1
201401PL61039,2,19,0,1,0,0,0,0,0,0,2,1,6,1,-1,-1,-1,-1,-1,-1,-1
201401PL61040,1,9,0,9,0,0,0,0,0,0,3,1,6,2,-1,-1,1388,1,2,5,1
201401PL61040,2,5,0,18,0,0,0,0,0,0,1,1,6,1,30,6,599,1,11,4,1
201401PL61041,1,9,0,3,0,0,0,0,0,0,4,1,6,1,59,9,1798,1,1,7,1
201401PL61041,2,5,0,18,0,0,0,0,0,0,1,1,6,1,26,6,1000,1,6,-1,-1
201401PL61042,1,3,0,17,0,0,0,0,0,0,0,1,6,1,26,6,125,1,11,-1,-1
201401PL61043,1,9,0,6,0,0,0,0,0,0,3,1,6,2,54,8,1388,1,17,3,1
201401PL61043,2,9,0,18,0,0,0,0,0,0,1,1,6,1,32,6,-1,-1,-1,3,1
201401PL61044,1,3,0,18,0,8,0,0,0,0,3,1,6,1,27,6,125,1,8,7,1
201401PL61044,2,9,0,9,0,8,0,0,0,0,4,1,6,1,-1,-1,3222,2,11,-1,-1
201401PL61045,1,9,0,9,0,8,0,0,0,0,1,1,6,2,45,7,1686,2,3,4,1
201401PL61046,1,5,0,13,0,8,0,0,0,0,4,1,6,1,51,8,749,1,-1,-1,-1
201401PL61046,2,9,0,9,0,8,0,0,0,0,3,1,6,1,28,6,1388,1,8,2,1
201401PL61047,1,9,0,9,0,8,0,0,0,0,3,1,6,2,38,7,1397,1,12,2,1
201401PL61047,2,5,0,18,0,8,0,0,0,0,1,1,6,1,31,6,998,1,12,2,1
201401PL61049,1,9,0,18,0,8,0,0,0,0,4,1,6,2,37,7,1896,2,7,2,1
201401PL61049,2,9,0,9,0,8,0,0,0,0,1,1,6,3,-1,-1,-1,-1,-1,-1,-1
201401PL61050,1,9,0,4,0,1,0,0,0,0,2,1,6,1,46,8,-1,-1,-1,2,1
201401PL61050,2,1,0,4,0,1,0,0,0,0,1,1,6,1,31,6,-1,-1,-1,-1,-1
201401PL61052,1,9,0,18,0,0,0,0,0,0,1,1,6,2,26,6,1298,1,13,2,1
201401PL61053,1,9,0,4,0,2,0,0,0,0,1,1,6,2,24,5,1796,1,8,2,1
201401PL61053,2,9,0,4,0,2,0,0,0,0,2,1,6,1,35,6,875,1,2,-1,-1
201401PL61053,3,9,0,3,0,2,0,0,0,0,2,1,6,2,46,8,-1,-1,-1,3,1
201401PL61054,1,9,0,9,0,8,0,0,0,0,3,1,6,2,72,10,-1,-1,-1,-1,1
201401PL61054,2,1,0,18,0,8,0,0,0,0,1,1,6,1,44,7,-1,-1,-1,2,1
201401PL61055,1,9,0,7,0,8,0,0,0,0,4,1,6,1,58,9,1390,1,12,2,1
201401PL61055,2,9,0,15,0,8,0,0,0,0,3,1,6,3,-1,-1,2993,2,10,2,1
201401PL61056,1,9,0,4,0,1,0,0,0,0,1,1,6,1,35,6,1598,2,-1,7,1
201401PL61056,2,9,0,4,0,1,0,0,0,0,2,1,6,2,44,7,1399,2,11,2,1
201401PL61057,1,9,0,9,0,8,0,0,0,0,1,1,6,1,55,8,-1,-1,-1,5,1
201401PL61060,1,9,0,3,0,1,0,0,0,0,3,1,6,2,49,8,1598,1,2,6,1
201401PL61061,1,9,0,9,0,8,0,0,0,0,1,1,6,2,42,7,1896,2,12,3,1
201401PL61061,2,3,0,18,0,8,0,0,0,0,4,1,6,1,17,4,125,1,11,4,1
201401PL61062,1,9,0,6,0,0,0,0,0,0,0,1,6,2,-1,-1,-1,-1,-1,7,1
201401PL61062,2,1,0,18,0,0,0,0,0,0,1,1,6,1,27,6,-1,-1,-1,3,1
201401PL61062,3,9,0,2,0,0,0,0,0,0,1,1,6,1,-1,-1,999,1,3,-1,-1
201401PL61063,1,11,0,7,0,1,0,0,0,0,0,1,1,1,-1,-1,-1,-1,-1,-1,-1
201401PL61064,1,9,0,4,0,8,0,0,0,0,2,1,6,1,48,8,2295,1,12,3,1
201401PL61064,2,9,0,4,0,8,0,0,0,0,1,1,6,1,-1,-1,1124,1,13,2,1
201401PL61065,1,9,0,3,0,1,0,0,0,0,2,1,6,1,37,7,1240,1,10,5,1
201401PL61065,2,9,0,18,0,1,0,0,0,0,1,1,6,1,-1,-1,1149,1,9,-1,-1
201401PL61066,1,9,0,18,0,2,0,0,0,0,3,1,6,1,-1,-1,-1,-1,-1,-1,-1
201401PL61067,1,9,0,3,0,1,0,0,0,0,2,1,6,1,36,7,1364,1,6,2,1
201401PL61067,2,9,0,18,0,1,0,0,0,0,1,1,6,1,-1,-1,-1,-1,-1,-1,-1
201401PL61068,1,9,0,18,0,8,0,0,0,0,1,1,6,1,49,8,-1,-1,-1,3,1
201401PL61068,2,9,0,18,0,8,0,0,0,0,4,1,6,2,48,8,2148,2,9,3,1
201401PL69001,1,9,0,3,0,0,0,0,0,0,2,1,6,1,59,9,1896,2,16,2,1
201401PL69001,2,9,0,18,0,0,0,0,0,0,1,1,6,1,-1,-1,-1,-1,-1,2,1
201401PL69003,1,9,0,7,0,8,0,0,0,0,4,1,6,1,50,8,1968,2,1,5,1
201401PL69003,2,1,0,18,0,8,0,0,0,0,1,1,6,1,-1,-1,-1,-1,-1,5,1
201401PL69004,1,9,0,3,0,1,0,0,0,0,2,1,6,2,59,9,1998,1,14,3,1
201401PL69004,2,9,0,18,0,1,0,0,0,0,1,1,6,2,-1,-1,-1,-1,-1,-1,-1
201401PL69007,1,9,0,18,0,8,0,0,0,0,1,1,6,1,25,5,1796,1,9,2,1
201401PL69007,2,9,0,6,0,8,0,0,0,0,3,1,6,1,32,6,1229,1,1,5,1
201401PL69008,1,9,0,3,0,8,0,0,0,0,3,1,6,1,22,5,1596,1,10,6,1
201401PL69008,2,9,0,9,0,8,0,0,0,0,3,1,6,2,-1,-1,-1,-1,-1,-1,-1
201401PL69009,1,5,0,14,0,8,0,0,0,0,1,1,6,1,57,9,400,1,24,-1,-1
201401PL69009,2,9,0,9,0,8,0,0,0,0,3,1,6,2,49,8,1390,1,8,-1,-1
201401PL69017,1,3,0,7,0,8,1,0,0,0,0,1,6,1,23,5,125,1,12,4,1
201401PL69018,1,9,0,1,0,8,0,0,0,0,2,1,6,2,47,8,1360,1,10,2,1
201401PL69018,2,9,0,10,0,8,0,0,0,0,1,1,6,1,76,11,1596,1,-1,9,1
201401PL69026,1,9,0,18,0,8,0,0,0,0,1,1,6,1,43,7,1761,1,19,3,1
201401PL69026,2,3,0,18,0,8,0,0,0,0,1,1,6,1,18,4,124,1,13,2,1
201401PL69032,1,9,0,3,0,1,0,0,0,0,2,1,6,2,61,9,-1,-1,-1,4,1
201401PL69032,2,3,0,4,0,1,0,0,0,0,1,1,6,1,33,6,600,1,8,2,1
201401PL69033,1,11,0,5,0,1,0,0,0,0,1,1,1,1,57,9,3900,2,11,2,1
201401PL69034,1,5,0,13,0,8,0,0,0,0,4,1,6,1,48,8,782,1,7,2,1
201401PL69034,2,9,0,9,0,8,0,0,0,0,1,1,6,1,37,7,1910,2,5,4,3
201401PL69035,1,5,0,14,0,1,0,0,0,0,1,1,6,1,31,6,1137,1,12,4,1
201401PL69037,1,9,0,18,0,1,0,0,0,0,1,1,6,1,19,4,1199,1,11,3,1
201401PL69037,2,9,0,18,0,1,0,0,0,0,2,1,6,2,56,9,1329,1,1,-1,-1
201401PL69038,1,8,0,9,0,2,0,0,0,0,1,1,6,1,38,7,1997,2,3,2,1
201401PL69039,1,3,0,18,0,0,0,0,0,0,1,1,6,1,36,7,-1,-1,-1,3,1
201401PL69040,1,11,0,18,0,2,0,0,0,0,1,1,1,1,29,6,8268,2,8,2,1
201401PL69057,1,9,0,7,0,8,0,0,0,0,1,1,6,1,-1,-1,-1,-1,-1,-1,-1
201401PL69059,1,9,0,9,0,8,0,0,0,0,1,1,6,1,42,7,1597,1,11,-1,-1
201401PL69059,2,1,0,18,0,8,0,0,0,0,1,1,6,1,26,6,-1,-1,-1,3,1
201401PL69068,1,9,0,18,0,2,0,0,0,0,1,1,6,1,-1,-1,-1,-1,-1,-1,-1
201401PL69070,1,9,0,9,0,8,0,0,0,0,3,1,6,1,63,9,-1,-1,-1,3,1
201401PL69070,2,5,0,18,0,8,0,0,0,0,1,1,6,2,56,9,865,1,-1,2,1
201401PL69071,1,11,0,7,0,8,0,0,0,0,0,1,1,2,38,7,8268,2,11,-1,-1
201401PL69082,1,9,0,3,0,0,0,0,0,0,3,1,6,1,49,8,-1,-1,-1,5,1
201401PL69082,2,9,0,1,0,0,0,0,0,0,2,1,6,1,-1,-1,-1,-1,-1,-1,-1
201401PL69085,1,11,0,4,0,1,0,0,0,0,0,1,1,1,31,6,7300,2,11,2,1
201401PL69094,1,11,0,5,0,2,0,0,0,0,0,1,1,1,51,8,7300,2,11,2,1
201401PL69102,1,9,0,9,0,8,0,0,0,0,0,1,6,1,26,6,-1,-1,-1,-1,-1
201401PL69102,2,11,0,4,0,8,0,0,0,0,0,1,6,1,59,9,-1,-1,-1,3,1
201401PL69103,1,11,0,4,0,1,0,0,0,0,0,1,6,1,51,8,-1,-1,-1,4,1
201401PL69119,1,3,0,18,0,8,0,0,0,0,1,1,6,1,34,6,-1,-1,-1,3,1
201401PL69119,2,9,0,4,0,8,0,0,0,0,2,1,6,1,22,5,1124,1,9,1,1
201401PL69128,1,3,0,18,0,8,0,0,0,0,1,1,6,1,35,6,-1,-1,-1,4,1
201401PL69128,2,9,0,7,0,8,0,0,0,0,4,1,6,1,33,6,1910,2,10,5,1
201401PL69130,1,9,0,4,0,8,0,0,0,0,2,1,6,2,52,8,-1,-1,-1,2,1
201401PL69130,2,19,0,11,0,8,0,0,0,0,1,1,6,1,24,5,2400,2,11,5,1
201401PL69166,1,9,0,18,0,8,0,0,0,0,1,1,6,1,-1,-1,1497,1,13,-1,-1
201401PL69177,1,9,0,4,0,0,0,0,0,0,2,1,6,1,38,7,-1,-1,-1,3,1
201401PL69177,2,9,0,18,0,0,0,0,0,0,1,1,6,1,43,7,-1,-1,-1,2,1
201401PL69184,1,9,0,4,0,8,0,0,0,0,2,1,6,1,-1,-1,1689,2,14,-1,-1
201401PL69184,2,9,0,4,0,8,0,0,0,0,2,1,6,1,-1,-1,-1,-1,-1,-1,-1