Accident_Index,Vehicle_Reference,Vehicle_Type,Towing_and_Articulation,Vehicle_Manoeuvre,Vehicle_Location-Restricted_Lane,Junction_Location,Skidding_and_Overturning,Hit_Object_in_Carriageway,Vehicle_Leaving_Carriageway,Hit_Object_off_Carriageway,1st_Point_of_Impact,Was_Vehicle_Left_Hand_Drive?,Journey_Purpose_of_Driver,Sex_of_Driver,Age_of_Driver,Age_Band_of_Driver,Engine_Capacity_(CC),Propulsion_Code,Age_of_Vehicle,Driver_IMD_Decile,Driver_Home_Area_Type
201401PY20370,2,9,0,5,0,1,0,0,0,0,3,1,6,3,-1,-1,1399,1,5,-1,-1
201401PY20371,1,9,0,9,0,8,0,0,0,0,4,1,6,2,26,6,2179,2,6,5,1
201401PY20371,2,9,0,18,0,8,0,0,0,0,1,1,6,1,38,7,1998,2,12,3,1
201401PY20372,1,1,0,18,0,8,0,0,0,0,3,1,1,1,-1,-1,-1,-1,-1,-1,-1
201401PY20372,2,19,0,7,0,8,0,0,0,0,4,1,6,1,40,7,1995,2,3,8,3
201401PY20374,1,11,0,18,0,8,0,0,0,0,1,1,1,1,28,6,6370,2,2,2,1
201401PY20374,2,9,0,9,0,8,0,0,0,0,4,1,6,2,-1,-1,1388,1,5,-1,-1
201401PY20375,1,9,0,5,0,1,0,0,0,0,2,1,6,3,-1,-1,-1,-1,-1,-1,-1
201401PY20377,1,9,0,18,0,8,0,0,0,0,3,1,6,1,34,6,1686,2,12,7,1
201401PY20377,2,9,0,7,0,8,0,0,0,0,1,1,6,1,19,4,1984,1,14,4,1
201401PY20378,1,11,0,5,0,1,0,0,0,0,1,1,1,2,37,7,9400,2,8,4,1
201401PY20379,1,9,0,18,0,8,0,0,0,0,1,1,6,1,26,6,2143,2,1,6,1
201401PY20379,2,9,0,7,0,8,0,0,0,0,3,1,6,1,-1,-1,1389,1,15,-1,-1
201401PY20381,1,9,0,7,0,8,0,0,0,0,3,1,6,1,26,6,1796,1,12,6,2
201401PY20381,2,9,0,18,0,8,0,0,0,0,1,1,1,1,20,4,2143,2,3,3,1
201401PY20383,1,9,0,9,0,8,0,0,0,0,4,1,6,1,28,6,2495,2,20,7,3
201401PY20383,2,9,0,18,0,8,0,0,0,0,1,1,6,1,21,5,1389,1,14,8,1
201401PY20384,1,9,0,7,0,8,0,0,0,0,4,1,1,1,19,4,1364,1,4,8,1
201401PY20384,2,1,0,18,0,8,0,0,0,0,1,1,6,1,46,8,-1,-1,-1,6,1
201401PY20385,1,9,0,18,0,1,0,10,1,10,1,1,6,1,34,6,1998,2,7,-1,-1
201401PY20386,1,9,0,18,0,8,0,0,0,0,1,1,6,1,43,7,2179,2,6,5,1
201401PY20386,2,9,0,9,0,8,0,0,0,0,4,1,6,1,61,9,1686,2,9,5,1
201401PY20387,1,9,0,5,0,1,0,0,0,0,3,1,6,2,18,4,1229,1,4,10,1
201401PY20387,2,9,0,18,0,2,5,0,0,0,3,1,6,2,31,6,1984,1,7,-1,-1
201401PY20388,1,9,0,3,0,1,0,0,0,0,2,1,6,2,27,6,1422,2,11,-1,-1
201401PY20388,2,9,0,4,0,1,0,0,0,0,1,1,6,2,21,5,1198,1,6,5,1
201401PY20389,1,5,0,18,0,1,0,0,0,0,2,1,6,1,49,8,1130,1,13,9,3
201401PY20389,2,21,0,18,0,1,0,0,0,0,1,1,1,1,63,9,-1,-1,-1,5,2
201401PY20390,1,9,0,18,0,1,0,0,0,0,1,1,6,2,-1,-1,1781,1,16,10,1
201401PY20391,1,9,0,9,0,8,0,0,0,0,3,1,6,1,-1,-1,1598,1,5,1,1
201401PY20391,2,5,0,18,0,8,0,0,0,0,1,1,6,1,44,7,749,1,8,10,1
201401PY20392,1,9,0,18,0,0,0,0,0,0,1,1,6,1,54,8,2494,2,6,7,3
201401PY20393,1,9,0,18,0,1,0,0,0,0,1,1,6,2,44,7,1997,2,1,-1,-1
201401PY20394,1,9,0,18,0,8,0,0,0,0,1,1,6,1,42,7,1753,2,12,3,1
201401PY20394,2,9,0,12,0,8,0,0,0,0,3,1,6,3,-1,-1,1560,2,1,-1,-1
201401PY20395,1,9,0,18,0,8,0,0,0,0,1,1,6,2,31,6,1896,2,17,5,1
201401PY20395,2,4,0,18,0,8,0,0,0,0,4,1,6,1,56,9,125,1,2,9,1
201401PY20396,1,3,0,18,0,2,0,12,0,0,1,1,6,1,26,6,-1,-1,-1,4,3
201401PY20397,1,9,0,7,0,8,0,0,0,0,4,1,6,2,26,6,1600,1,10,10,1
201401PY20397,2,1,0,18,0,8,0,0,0,0,1,1,6,1,25,5,-1,-1,-1,-1,-1
201401PY20398,1,9,0,18,0,8,0,0,0,0,3,1,1,1,24,5,-1,-1,-1,2,1
201401PY20398,2,9,0,18,0,8,0,0,0,0,1,1,6,1,-1,-1,2314,1,14,7,1
201401PY20399,1,1,0,18,0,8,0,0,0,0,4,1,6,1,50,8,-1,-1,-1,10,1
201401PY20399,2,9,0,16,0,8,0,0,0,0,1,1,6,2,-1,-1,1299,1,10,7,3
201401PY20400,1,9,0,7,0,8,0,0,0,0,3,1,6,1,50,8,1596,1,3,10,1
201401PY20400,2,2,0,18,0,8,0,0,0,0,1,1,1,1,21,5,124,1,1,2,1
201401PY20401,1,9,0,11,0,8,0,0,0,0,4,1,6,2,37,7,-1,-1,-1,3,1
201401PY20401,2,9,0,18,0,8,0,0,0,0,3,1,1,1,60,9,1998,2,5,9,1
201401PY20402,1,9,0,18,0,2,0,0,0,0,1,1,1,2,43,7,1598,1,1,4,1
201401PY20404,1,19,0,4,0,1,0,4,0,0,1,1,6,1,41,7,-1,-1,-1,5,1
201401PY20404,2,9,0,2,0,1,0,0,0,0,2,1,6,3,-1,-1,-1,-1,-1,-1,-1
201401PY20404,3,9,0,2,0,1,0,0,0,0,2,1,6,3,-1,-1,-1,-1,-1,-1,-1
201401PY20405,1,9,0,7,0,1,0,0,0,0,3,1,6,2,17,4,1388,1,10,9,1
201401PY20405,2,1,0,18,0,1,0,0,0,0,1,1,6,1,3,1,-1,-1,-1,-1,-1
201401PY20406,1,9,0,18,0,8,0,0,0,0,4,1,6,1,25,5,1229,1,-1,3,1
201401PY20406,2,9,0,7,0,8,0,0,0,0,1,1,6,1,33,6,1598,1,12,7,1
201401PY20408,1,9,0,18,0,1,0,0,0,0,1,1,6,3,-1,-1,-1,-1,-1,-1,-1
201401PY20409,1,9,0,18,0,2,0,10,1,4,1,1,6,1,31,6,1781,1,12,-1,-1
201401PY20411,1,1,0,18,0,8,0,0,0,0,1,1,6,1,30,6,-1,-1,-1,9,1
201401PY20411,2,9,0,7,0,8,0,0,0,0,4,1,6,3,-1,-1,1198,1,3,-1,-1
201401PY20412,1,9,0,9,0,8,0,0,0,0,3,1,6,1,25,5,998,1,12,6,1
201401PY20412,2,5,0,13,0,8,0,0,0,0,4,1,6,1,33,6,599,1,6,6,1
201401PY20413,1,9,0,18,0,1,0,0,0,0,1,1,6,1,53,8,1999,1,10,6,1
201401PY20415,1,9,0,18,0,1,0,0,0,0,1,1,6,1,48,8,1991,2,8,5,3
201401PY20416,1,9,0,18,0,1,0,0,0,0,1,1,6,1,33,6,1998,1,10,2,1
201401PY20417,1,9,0,18,0,2,0,0,0,0,1,1,6,1,38,7,-1,-1,-1,2,1
201401PY20418,1,9,0,11,0,1,0,0,0,0,4,1,1,1,40,7,1796,7,3,-1,-1
201401PY20418,2,1,0,18,0,1,0,0,0,0,3,1,6,1,47,8,-1,-1,-1,10,1
201401PY20419,1,9,0,7,0,8,0,0,0,0,1,1,6,2,39,7,1686,2,3,8,1
201401PY20419,2,1,0,18,0,8,0,0,0,0,4,1,6,1,-1,-1,-1,-1,-1,7,1
201401PY20420,1,8,0,5,0,1,0,0,0,0,1,1,1,3,-1,-1,2231,2,7,-1,-1
201401PY20421,1,19,0,5,9,1,0,0,0,0,3,1,1,1,49,8,2198,2,1,9,2
201401PY20421,2,90,0,13,9,1,0,0,0,0,1,1,6,1,70,10,-1,-1,-1,-1,-1
201401PY20422,1,9,4,18,9,2,0,0,0,0,1,1,6,1,45,7,1995,2,9,-1,1
201401PY20424,1,9,0,18,0,1,0,4,0,0,1,1,6,1,29,6,1198,1,8,3,1
201401PY20424,2,9,0,2,0,1,0,0,0,0,2,1,6,3,-1,-1,1364,1,8,-1,-1
201401PY20425,1,9,0,18,0,8,0,0,0,0,1,1,6,2,21,5,998,1,5,6,1
201401PY20425,2,9,0,7,0,8,0,0,0,0,3,1,6,1,-1,-1,1968,2,1,-1,-1
201401PY20426,1,1,0,18,0,8,0,0,0,0,1,1,6,2,35,6,-1,-1,-1,5,1
201401PY20426,2,9,0,9,0,8,0,0,0,0,4,1,6,3,-1,-1,-1,-1,-1,-1,-1
201401PY20427,1,9,0,18,0,1,0,0,0,0,1,1,6,3,-1,-1,-1,-1,-1,-1,-1
201401PY20428,1,8,0,18,0,1,0,0,0,0,3,1,6,1,-1,-1,3199,1,14,-1,-1
201401PY20428,2,19,0,11,0,1,0,0,0,0,4,1,6,1,-1,-1,2402,2,11,7,3
201401PY20429,1,9,0,18,0,2,0,0,0,0,1,1,6,3,-1,-1,-1,-1,-1,-1,-1
201401PY20430,1,9,0,3,0,1,0,0,0,0,2,1,6,2,54,8,1951,2,8,9,1
201401PY20430,2,19,0,4,0,1,0,0,0,0,1,1,1,1,27,6,2143,2,3,2,1
201401PY20432,1,19,0,18,0,8,0,0,0,0,1,1,6,1,-1,-1,-1,-1,-1,8,1
201401PY20432,2,19,0,9,0,8,0,0,0,0,4,1,6,3,-1,-1,7698,2,1,-1,-1
201401PY20433,1,9,0,9,0,8,0,0,0,0,3,1,6,1,45,7,-1,-1,-1,-1,-1
201401PY20433,2,1,0,18,0,8,0,0,0,0,1,1,6,1,55,8,-1,-1,-1,-1,1
201401PY20434,1,19,0,18,0,8,0,0,0,0,1,1,1,1,54,8,2198,2,8,2,1
201401PY20434,2,9,0,18,0,8,0,0,0,0,2,1,6,2,-1,-1,1597,1,18,-1,-1
201401PY20435,1,8,0,18,0,1,0,4,0,0,1,1,6,2,52,8,-1,-1,-1,-1,-1
201401PY20435,2,9,0,2,0,1,0,0,0,0,2,1,6,3,-1,-1,-1,-1,-1,-1,-1
201401PY20436,1,9,0,6,0,8,0,0,0,0,3,1,6,2,-1,-1,1149,1,9,-1,-1
201401PY20436,2,3,0,18,0,8,0,0,0,0,1,1,6,1,21,5,124,1,11,4,1
201401PY20437,1,9,0,18,0,8,0,0,0,0,1,1,6,2,55,8,2979,1,11,9,3
201401PY20437,2,9,0,18,0,8,0,0,0,0,1,1,6,1,18,4,973,1,13,9,1
201401PY20439,1,9,0,18,0,8,0,0,0,0,1,1,6,2,56,9,1598,1,8,8,3
201401PY20439,2,9,0,7,0,8,0,0,0,0,3,1,6,2,67,10,1598,1,13,7,3
201401PY20440,1,9,0,5,0,1,0,0,0,0,1,1,6,2,17,4,1149,1,12,10,1
201401PY20440,2,9,0,18,0,1,0,0,0,0,4,1,6,1,-1,-1,1391,1,19,-1,-1
201401PY20441,1,9,0,3,0,1,0,0,0,0,2,1,1,1,59,9,2000,1,9,7,1
201401PY20441,2,9,0,3,0,1,0,0,0,0,2,1,6,2,49,8,1598,1,6,-1,-1
201401PY20441,3,9,0,4,0,1,0,0,0,0,1,1,6,1,-1,-1,1596,1,13,6,1
201401PY20442,1,9,0,3,0,1,0,0,0,0,2,1,6,1,36,7,2790,1,8,4,1
201401PY20442,2,9,0,4,0,1,0,0,0,0,1,1,6,1,-1,-1,2494,1,13,5,1
201401PY20443,1,9,0,18,0,8,0,0,0,0,1,1,6,1,46,8,1598,1,14,3,1
201401PY20443,2,9,0,18,0,8,0,0,0,0,1,1,6,2,54,8,1149,1,13,2,1
201401PY20443,3,9,0,7,0,8,0,0,0,0,2,1,6,2,31,6,1968,2,7,-1,1
201401PY20444,1,5,0,18,0,8,0,0,0,0,1,1,6,1,29,6,535,1,19,9,1
201401PY20444,2,9,0,9,0,8,0,0,0,0,3,1,6,3,-1,-1,-1,-1,-1,-1,-1
201401PY20445,1,9,0,7,0,8,0,0,0,0,3,1,6,1,95,11,1598,2,1,-1,-1
201401PY20445,2,9,0,18,0,8,0,0,0,0,1,1,1,1,-1,-1,-1,-1,-1,-1,-1
201401PY20446,1,9,0,18,0,8,0,0,0,0,1,1,6,1,23,5,1998,1,6,3,1
201401PY20446,2,9,0,9,0,8,0,0,0,0,3,1,6,1,-1,-1,2295,1,16,7,1
201401PY20447,1,9,0,18,0,8,0,0,0,0,1,1,6,1,-1,-1,-1,-1,-1,4,1
201401PY20447,2,9,0,7,0,8,0,0,0,0,3,1,6,2,50,8,2597,1,12,-1,-1
201401PY20448,1,9,0,18,0,1,0,0,0,0,1,1,6,1,58,9,1332,1,18,7,1
201401PY20448,2,9,0,18,0,2,0,0,0,0,1,1,6,3,-1,-1,1998,1,11,-1,-1
201401PY20450,1,9,0,4,0,1,0,0,0,0,1,1,6,1,-1,-1,2993,2,3,8,1
201401PY20450,2,11,0,4,0,1,0,0,0,0,2,1,1,1,59,9,3900,2,11,9,1
201401PY20451,1,9,0,18,0,2,0,0,0,0,1,1,6,2,43,7,1796,1,9,10,1
201401PY20454,1,9,0,11,0,1,0,0,0,0,4,1,2,1,20,4,1598,1,8,8,3
201401PY20454,2,4,0,18,0,1,0,0,0,0,3,1,2,1,21,5,599,1,1,8,3
201401PY20455,1,9,0,18,0,8,0,10,1,4,1,1,6,1,41,7,1598,1,11,8,1
201401PY20456,1,9,0,18,0,1,0,0,0,0,1,1,6,2,25,5,1360,1,9,-1,-1
201401PY20457,1,9,0,3,0,1,0,0,0,0,4,1,6,2,23,5,1388,1,12,8,1
201401PY20457,2,1,0,18,0,1,0,0,0,0,1,1,6,1,34,6,-1,-1,-1,-1,-1
201401PY20458,1,2,0,4,0,1,0,0,0,0,0,1,1,1,27,6,49,1,4,1,1
201401PY20460,1,9,0,10,0,8,0,0,0,0,3,1,6,1,43,7,1400,1,11,1,1
201401PY20460,2,9,0,7,0,8,0,0,0,0,1,1,6,3,-1,-1,-1,-1,-1,-1,-1
201401PY20461,1,9,0,3,0,2,0,0,0,0,2,1,6,2,56,9,1242,1,1,5,1
201401PY20461,2,9,0,4,0,2,0,0,0,0,1,1,6,2,22,5,1968,2,-1,5,1
201401PY20462,1,3,0,18,0,8,0,0,0,0,0,1,6,1,43,7,-1,-1,-1,-1,-1
201401PY20462,2,9,0,7,0,8,0,0,0,0,0,1,6,3,-1,-1,-1,-1,-1,-1,-1
201401PY20463,1,9,0,3,0,1,0,0,0,0,2,1,6,2,53,8,1997,1,-1,8,1
201401PY20463,2,9,0,4,0,1,0,0,0,0,1,1,6,2,-1,-1,1242,1,1,8,1
201401PY20465,1,3,0,18,0,0,0,0,0,0,1,1,6,1,17,4,124,1,-1,3,1
201401PY20465,2,8,0,6,0,0,0,0,0,0,3,1,1,1,44,7,2179,2,3,3,1
201401PY20466,1,9,0,4,0,2,0,0,0,0,1,1,6,1,19,4,1598,1,11,10,1
201401PY20466,2,19,0,3,0,2,0,0,0,0,2,1,6,1,-1,-1,-1,-1,-1,-1,-1
201401PY20467,1,1,0,18,0,1,0,0,0,0,2,1,6,1,17,4,-1,-1,-1,9,1
201401PY20467,2,9,0,13,0,1,0,0,0,0,1,1,6,3,-1,-1,-1,-1,-1,-1,-1
201401PY20468,1,9,0,18,0,8,0,0,0,0,1,1,6,1,53,8,1679,1,12,5,1
201401PY20468,2,9,0,9,0,8,0,0,0,0,4,1,6,3,-1,-1,1468,1,18,-1,-1
201401PY20469,1,9,0,18,0,1,0,7,0,0,1,1,6,2,37,7,1149,1,11,8,1
201401PY20470,1,11,0,5,0,1,0,0,0,0,4,1,1,1,54,8,4500,2,-1,-1,1
201401PY20471,1,5,0,18,0,8,0,0,0,0,1,1,6,1,51,8,1050,1,9,4,1
201401PY20471,2,9,0,9,0,8,0,0,0,0,3,1,6,1,39,7,1206,1,5,-1,-1
201401PY20472,1,8,0,6,0,1,0,0,0,0,1,1,1,1,28,6,1968,2,8,-1,-1
201401PY20473,1,9,0,18,0,1,0,0,0,0,1,1,6,1,63,9,1796,1,7,5,1
201401PY20475,1,9,0,3,0,2,0,0,0,0,2,1,6,1,30,6,1997,2,11,3,1
201401PY20475,2,9,0,4,0,2,0,0,0,0,1,1,6,3,-1,-1,-1,-1,-1,-1,-1
201401PY20476,1,9,0,7,0,8,0,10,5,6,3,1,6,2,19,4,-1,-1,-1,7,1
201401PY20476,2,9,0,2,0,8,0,0,0,0,2,1,6,3,-1,-1,2987,2,7,-1,-1
201401PY20477,1,5,0,18,0,8,0,0,0,0,1,1,6,1,49,8,1085,1,15,8,1
201401PY20477,2,9,0,9,0,8,0,0,0,0,4,1,6,2,73,10,1598,1,5,3,1
201401PY20478,1,9,0,18,0,1,0,0,0,0,1,1,6,1,48,8,1598,1,16,5,1
201401PY20479,1,3,0,4,0,1,0,0,0,0,0,1,6,1,29,6,125,1,4,1,1
201401PY20480,1,9,0,18,0,1,0,0,0,0,1,1,6,1,23,5,1794,1,12,-1,-1
201401PY20481,1,9,0,18,0,0,0,0,0,0,1,1,6,1,-1,-1,-1,-1,-1,-1,-1
201401PY20482,1,9,0,18,0,1,0,0,0,0,1,1,6,2,41,7,1461,2,3,4,1
201401PY20483,1,9,0,18,0,8,0,0,0,0,1,1,6,2,20,4,-1,-1,-1,-1,-1
201401PY20483,2,9,0,7,0,8,0,0,0,0,3,1,6,1,71,10,1461,2,6,7,3
201401PY20484,1,9,0,9,0,8,0,0,0,0,4,1,6,1,40,7,1781,1,14,7,1
201401PY20484,2,1,0,18,0,8,0,0,0,0,1,1,6,1,33,6,-1,-1,-1,6,1
201401PY20485,1,19,0,3,0,1,0,0,0,0,1,1,1,1,31,6,1598,2,1,6,1
201401PY20485,2,9,0,4,0,1,0,0,0,0,2,1,6,1,44,7,2149,2,7,4,1
201401PY20486,1,9,0,15,0,0,0,0,0,0,1,1,6,1,68,10,1753,2,4,10,1
201401PY20486,2,9,0,18,0,0,0,0,0,0,1,1,6,2,20,4,1248,2,6,8,1
201401PY20487,1,9,0,18,0,0,0,4,0,0,3,1,6,1,19,4,1229,1,7,9,1
201401PY20487,2,9,0,2,0,0,0,0,0,0,3,1,6,1,-1,-1,2300,1,17,10,1
201401PY20488,1,9,0,7,0,8,0,0,0,0,3,1,6,1,50,8,1461,2,10,3,1
201401PY20488,2,9,0,18,0,8,0,0,0,0,1,1,6,1,-1,-1,-1,-1,-1,-1,-1
201401PY20489,1,5,0,18,0,0,0,0,0,0,3,1,6,1,26,6,649,1,2,4,1
201401PY20491,1,9,0,7,0,8,0,0,0,0,3,1,6,1,26,6,1598,1,8,3,1
201401PY20491,2,9,0,18,0,8,0,0,0,0,1,1,6,2,36,7,1198,1,8,3,1
201401PY20492,1,9,0,9,0,8,0,10,1,10,1,1,6,1,80,11,1497,8,9,10,1
201401PY20493,1,9,0,18,0,0,0,0,0,0,1,1,6,1,58,9,2987,2,2,9,1
201401PY20493,2,1,0,18,0,0,0,0,0,0,3,1,6,1,14,3,-1,-1,-1,9,1
201401PY20494,1,9,0,6,0,8,0,0,0,0,3,1,6,2,59,9,1364,2,8,8,1
201401PY20494,2,3,0,18,0,8,0,0,0,0,1,1,6,1,22,5,124,1,3,9,1
201401PY20495,1,11,0,4,0,1,0,0,0,0,1,1,1,1,46,8,4500,2,6,-1,-1
201401PY20496,1,1,0,18,0,1,0,0,0,0,1,1,6,1,23,5,-1,-1,-1,5,1
201401PY20496,2,9,0,3,0,1,0,0,0,0,2,1,6,1,65,9,1989,1,14,6,2
201401PY20497,1,9,0,18,0,1,0,0,0,0,1,1,6,2,50,8,1149,1,3,3,1
201401PY20497,2,9,0,2,0,1,0,0,0,0,2,1,6,3,-1,-1,1587,1,14,-1,-1
201401PY20498,1,9,0,7,0,8,0,0,0,0,2,1,6,2,63,9,3000,1,8,6,1
201401PY20498,2,9,0,18,0,8,0,0,0,0,1,1,6,2,88,11,1275,1,17,3,1
201401PY20499,1,9,0,9,0,8,0,0,0,0,4,1,6,1,67,10,2993,2,10,-1,-1
201401PY20499,2,1,0,17,0,8,0,0,0,0,1,1,6,1,38,7,-1,-1,-1,-1,-1
201401PY20500,1,9,0,18,0,1,0,0,0,0,1,1,6,2,41,7,1598,1,2,3,1
201401PY20501,1,9,0,17,0,8,0,0,0,0,1,1,6,2,28,6,2099,1,11,6,1
201401PY20501,2,9,0,7,0,8,0,0,0,0,3,1,6,2,32,6,1388,1,4,3,1
201401PY20502,1,3,0,18,0,8,0,0,0,0,1,1,6,1,23,5,749,1,14,2,1
201401PY20502,2,9,0,9,0,8,0,0,0,0,3,1,6,2,-1,-1,1560,2,-1,-1,-1
201401PY20503,1,9,0,18,0,8,0,0,0,0,1,1,6,1,46,8,1997,2,2,5,1
201401PY20504,1,9,0,3,0,1,0,0,0,0,2,1,6,1,17,4,999,1,8,4,1
201401PY20504,2,1,0,4,0,1,0,0,0,0,1,1,6,1,17,4,-1,-1,-1,3,1
201401PY20506,1,9,0,18,0,8,0,0,0,0,1,1,6,1,-1,-1,1910,2,6,-1,-1
201401PY20506,2,1,0,18,0,8,0,0,0,0,2,1,6,1,42,7,-1,-1,-1,5,1
201401PY20507,1,4,0,18,0,1,0,0,0,0,0,1,6,1,34,6,450,1,9,6,1
201401PY20508,1,9,0,9,0,8,0,0,0,0,4,1,6,1,45,7,1582,2,6,3,1
201401PY20508,2,1,0,18,0,8,0,0,0,0,1,1,6,1,71,10,-1,-1,-1,8,1
201401PY20509,1,9,0,9,0,8,0,0,0,0,1,1,6,1,53,8,1392,1,16,3,1
201401PY20509,2,9,0,18,0,8,0,0,0,0,1,1,6,2,20,4,1968,2,5,7,1
201401PY20510,1,3,0,15,0,8,0,0,0,0,1,1,6,1,38,7,954,1,12,-1,1
201401PY20510,2,9,0,9,0,8,0,0,0,0,3,1,6,2,63,9,1149,1,10,9,1
201401PY20511,1,9,0,18,0,8,0,0,0,0,1,1,6,2,48,8,1364,1,4,5,1
201401PY20512,1,9,0,7,0,8,0,10,1,4,2,1,6,1,55,8,1390,1,4,4,1
201401PY20512,2,9,0,18,0,8,0,0,0,0,1,1,6,1,20,4,1598,1,8,4,1
201401PY20513,1,9,0,18,0,8,0,0,0,0,1,1,6,1,23,5,1242,1,7,1,1
201401PY20513,2,3,0,7,0,8,0,0,0,0,2,1,6,1,-1,-1,-1,-1,-1,-1,-1
201401PY20514,1,11,0,4,0,8,0,0,0,0,2,1,1,1,38,7,4500,2,2,7,1
201401PY20514,2,9,0,18,0,8,0,0,0,0,1,1,6,1,-1,-1,-1,-1,-1,-1,-1
201401PY20515,1,11,0,4,0,8,0,0,0,0,0,1,1,1,-1,-1,-1,-1,-1,-1,-1
201401PY20516,1,11,0,18,0,8,0,0,0,0,0,1,6,1,48,8,4500,2,-1,5,1
201401PY20517,1,9,0,18,0,0,1,0,0,0,4,1,6,1,22,5,4196,1,5,2,1
201401PY20517,2,9,0,2,0,0,0,0,0,0,4,1,6,2,-1,-1,1997,1,10,2,1
201401PY20517,3,9,0,2,0,0,0,0,0,0,4,1,6,1,-1,-1,-1,-1,-1,2,1
201401PY20517,4,9,0,2,0,0,0,0,0,0,3,1,6,2,-1,-1,1198,1,3,2,1
201401PY20518,1,9,0,18,0,8,0,0,0,0,1,1,6,1,50,8,-1,-1,-1,8,1
201401PY20519,1,1,0,18,0,8,0,0,0,0,2,1,6,2,42,7,-1,-1,-1,-1,1
201401PY20519,2,9,0,18,0,8,0,0,0,0,1,1,6,1,72,10,2987,2,3,6,1
201401PY20521,1,9,0,18,0,0,0,10,1,10,4,1,6,1,76,11,1596,1,9,5,1
201401PY20522,1,2,0,6,0,8,0,0,0,0,3,1,6,1,33,6,249,1,5,10,1
201401PY20522,2,9,0,18,0,8,0,0,0,0,1,1,6,1,18,4,1364,1,7,-1,1
201401PY20523,1,9,0,18,0,8,0,0,0,0,1,1,6,1,-1,-1,-1,-1,-1,-1,-1
201401PY20525,1,9,0,5,0,1,0,0,0,0,1,1,6,3,-1,-1,-1,-1,-1,-1,-1
201401PY20527,1,9,0,18,0,1,0,0,0,0,1,1,6,2,26,6,1598,1,9,1,1
201401PY20528,1,3,0,18,0,0,0,0,0,0,4,1,6,1,32,6,125,1,6,4,1
201401PY20528,2,9,0,2,0,0,0,0,0,0,3,1,6,1,55,8,-1,-1,-1,4,1
201401PY20531,1,9,0,9,0,8,0,0,0,0,3,1,6,1,-1,-1,-1,-1,-1,10,3
201401PY20531,2,1,0,18,0,8,0,0,0,0,1,1,6,1,34,6,-1,-1,-1,6,1
201401PY20532,1,19,0,7,0,8,0,0,0,0,3,1,6,1,34,6,-1,-1,-1,1,1
201401PY20532,2,9,0,10,0,8,0,0,0,0,3,1,6,1,62,9,-1,-1,-1,4,1
201401PY20533,1,5,0,17,0,0,0,0,0,0,1,1,6,1,26,6,636,1,8,10,1
201401PY20534,1,5,0,18,0,8,0,0,0,0,1,1,6,1,-1,-1,-1,-1,-1,-1,-1
201401PY20534,2,9,0,9,0,8,0,0,0,0,1,1,6,1,-1,-1,-1,-1,-1,-1,-1
201401PY20535,1,9,0,18,0,1,0,0,0,0,4,1,6,1,63,9,-1,-1,-1,9,1
201401PY20536,1,9,0,18,0,0,0,0,0,0,1,1,6,2,58,9,998,1,14,8,1
201401PY20538,1,8,0,5,0,8,0,0,0,0,0,1,6,1,48,8,2967,2,3,7,3
201401PY20539,1,9,0,18,0,0,0,7,0,0,1,1,6,1,-1,-1,1242,1,5,-1,-1
201401PY20540,1,9,0,4,0,0,0,0,0,0,2,1,6,2,48,8,1998,1,13,2,1
201401PY20540,2,9,0,18,0,0,0,0,0,0,1,1,6,1,-1,-1,1598,2,2,10,1
201401PY20541,1,1,0,18,0,8,0,0,0,0,1,1,6,1,36,7,-1,-1,-1,-1,-1
201401PY20541,2,19,0,7,0,8,0,0,0,0,4,1,6,1,-1,-1,2402,2,5,-1,-1
201401PY20542,1,11,0,3,0,8,0,0,0,0,0,1,1,1,-1,-1,-1,-1,-1,-1,-1
201401PY20543,1,9,0,18,0,0,0,0,0,0,1,1,6,1,-1,-1,-1,-1,-1,-1,-1
201401PY20544,1,20,4,18,0,0,0,0,0,0,2,1,1,1,38,7,3920,2,8,5,2
201401PY20544,2,9,0,18,0,0,0,0,0,0,1,1,6,2,40,7,1781,1,16,7,1
201401PY20545,1,9,0,18,0,0,0,0,0,0,1,1,6,1,51,8,2997,1,17,2,1
201401PY20545,2,9,0,18,0,0,0,0,0,0,1,1,6,2,50,8,1992,2,6,3,1
201401PY20546,1,9,0,7,0,8,0,0,0,0,2,1,6,1,28,6,1396,1,17,5,1
201401PY20546,2,1,0,18,0,8,0,0,0,0,1,1,6,1,38,7,-1,-1,-1,5,1
201401PY20547,1,1,0,5,0,0,0,0,0,0,3,1,6,1,45,7,-1,-1,-1,-1,-1
201401PY20547,2,9,0,18,0,0,0,0,0,0,4,1,6,2,25,5,998,1,8,9,1
201401PY20548,1,11,0,5,0,0,0,0,0,0,0,1,1,1,50,8,9000,2,11,7,1
201401PY20549,1,9,0,18,0,0,0,0,0,0,4,1,6,1,28,6,1895,1,15,-1,-1
201401PY20549,2,9,0,2,0,0,0,0,0,0,3,1,6,1,-1,-1,1896,2,12,8,1
201401PY20549,3,9,0,2,0,0,0,0,0,0,3,1,6,2,-1,-1,1598,1,5,6,1
201401PY20549,4,9,0,2,0,0,0,0,0,0,2,1,6,1,-1,-1,-1,-1,-1,2,1
201401PY20549,5,9,0,2,0,0,0,0,0,0,2,1,6,1,-1,-1,1968,2,5,5,1
201401PY20550,1,9,0,9,0,8,0,0,0,0,4,1,6,1,36,7,-1,-1,-1,7,1
201401PY20550,2,3,0,18,0,8,0,0,0,0,1,1,6,1,21,5,124,1,10,7,3
201401PY20551,1,9,0,18,0,8,0,0,0,0,1,1,6,2,28,6,1390,1,14,2,1
201401PY20551,2,9,0,9,0,8,0,0,0,0,3,1,6,1,36,7,998,1,14,1,1
201401PY20552,1,9,0,18,0,8,0,0,0,0,1,1,6,1,-1,-1,-1,-1,-1,3,1
201401PY20552,2,9,0,7,0,8,0,0,0,0,3,1,6,2,56,9,1386,1,11,5,1