Accident_Index,Vehicle_Reference,Vehicle_Type,Towing_and_Articulation,Vehicle_Manoeuvre,Vehicle_Location-Restricted_Lane,Junction_Location,Skidding_and_Overturning,Hit_Object_in_Carriageway,Vehicle_Leaving_Carriageway,Hit_Object_off_Carriageway,1st_Point_of_Impact,Was_Vehicle_Left_Hand_Drive?,Journey_Purpose_of_Driver,Sex_of_Driver,Age_of_Driver,Age_Band_of_Driver,Engine_Capacity_(CC),Propulsion_Code,Age_of_Vehicle,Driver_IMD_Decile,Driver_Home_Area_Type
201401QA10034,1,9,0,9,0,8,0,0,0,0,2,1,2,1,56,9,1299,1,13,2,1
201401QA10034,2,9,0,9,0,8,0,0,0,0,1,1,2,1,43,7,3311,8,6,7,1
201401QA10035,1,9,0,18,0,0,0,0,0,0,1,1,6,1,45,7,1796,1,10,9,1
201401QA10035,2,9,0,18,0,0,0,0,0,0,2,1,6,2,26,6,1599,1,11,5,1
201401QA10037,1,9,0,18,0,8,0,0,0,0,1,1,6,1,81,11,2000,1,10,10,1
201401QA10037,2,9,0,9,0,8,0,0,0,0,3,1,6,1,29,6,-1,-1,-1,4,1
201401QA10038,1,9,0,18,0,1,0,0,0,0,1,1,6,2,30,6,1000,1,1,9,1
201401QA10040,1,9,0,17,0,0,1,4,0,0,1,1,6,1,25,5,1242,1,6,7,1
201401QA10040,2,9,0,2,0,0,0,0,0,0,3,1,6,3,-1,-1,1668,1,9,-1,-1
201401QA10041,1,9,0,18,0,0,0,0,0,0,1,1,6,1,18,4,-1,-1,-1,7,1
201401QA10042,1,11,0,3,0,0,0,0,0,0,0,1,1,1,39,7,7300,2,13,-1,-1
201401QA10043,1,9,0,9,0,1,0,0,0,0,4,1,6,1,39,7,1997,2,5,5,1
201401QA10044,1,9,0,16,0,8,0,10,7,0,1,1,6,1,35,6,1390,1,11,3,1
201401QA10045,1,9,0,5,0,0,0,0,0,0,4,1,6,1,36,7,2184,2,10,8,1
201401QA10046,1,9,0,9,0,8,0,0,0,0,4,1,2,1,70,10,1498,1,6,8,1
201401QA10046,2,3,0,16,0,8,0,0,0,0,1,1,2,1,45,7,124,1,3,-1,1
201401QA10047,1,9,0,9,0,8,0,0,0,0,3,1,6,1,49,8,1598,1,12,6,1
201401QA10047,2,1,0,18,0,8,0,0,0,0,1,1,6,1,29,6,-1,-1,-1,4,1
201401QA10049,1,11,0,4,0,0,0,0,0,0,4,1,1,1,54,8,-1,-1,-1,6,1
201401QA10050,1,1,0,17,0,8,0,0,0,0,4,1,2,2,28,6,-1,-1,-1,7,1
201401QA10050,2,9,0,18,0,8,0,0,0,0,1,1,6,1,-1,-1,1796,1,13,8,1
201401QA10051,1,9,0,4,0,1,0,0,0,0,2,1,6,1,32,6,-1,-1,-1,6,1
201401QA10051,2,9,0,5,0,1,0,0,0,0,1,1,6,1,52,8,2499,1,7,-1,-1
201401QA10052,1,9,0,18,0,8,0,0,0,0,1,1,6,1,43,7,1598,1,8,6,1
201401QA10052,2,9,0,9,0,8,0,0,0,0,4,1,6,1,42,7,1397,1,12,2,1
201401QA10053,1,9,0,18,0,8,0,0,0,0,1,1,6,2,38,7,1198,1,3,-1,-1
201401QA10053,2,9,0,18,0,8,0,10,7,0,4,1,6,2,25,5,1242,1,8,7,1
201401QA10054,1,9,0,10,0,8,0,0,0,0,2,1,1,1,57,9,1968,2,1,8,1
201401QA10054,2,9,0,18,0,8,0,0,0,0,1,1,2,2,53,8,1390,1,15,8,1
201401QA10056,1,9,0,9,0,1,0,0,0,0,4,1,6,1,83,11,1796,1,9,5,1
201401QA10056,2,9,0,18,0,1,0,0,0,0,1,1,6,1,36,7,1896,2,10,8,1
201401QA10057,1,9,0,6,0,0,0,0,0,0,1,1,6,1,26,6,1390,1,18,8,1
201401QA10057,2,5,0,18,0,0,0,0,0,0,4,1,6,2,42,7,599,1,15,5,1
201401QA10058,1,1,0,18,0,0,0,4,0,0,1,1,6,1,21,5,-1,-1,-1,-1,-1
201401QA10058,2,8,0,2,0,0,0,0,0,0,2,1,6,3,-1,-1,2664,2,15,-1,-1
201401QA10059,1,9,0,18,0,2,0,0,0,0,3,1,6,1,29,6,1598,1,1,2,1
201401QA10059,2,9,0,9,0,1,0,0,0,0,3,1,6,1,49,8,1988,1,13,6,1
201401QA10061,1,9,0,7,0,1,0,0,0,0,1,1,1,1,56,9,1896,2,6,7,1
201401QA10061,2,1,0,18,0,1,0,0,0,0,4,1,2,1,39,7,-1,-1,-1,6,1
201401QA10062,1,9,0,9,0,8,0,0,0,0,1,1,6,1,-1,-1,1997,2,11,-1,-1
201401QA10063,1,1,0,18,0,1,0,0,0,0,0,1,2,1,57,9,-1,-1,-1,10,2
201401QA10063,2,9,0,7,0,1,0,0,0,0,0,1,6,3,-1,-1,-1,-1,-1,-1,-1
201401QA10065,1,9,0,9,0,2,0,0,0,0,1,1,6,1,-1,-1,1598,1,13,5,1
201401QA10066,1,9,0,18,0,8,0,0,0,0,1,1,3,2,40,7,1598,1,-1,9,1
201401QA10066,2,9,0,9,0,8,0,0,0,0,3,1,1,1,48,8,1596,1,15,8,1
201401QA10067,1,9,0,5,0,1,0,0,0,0,1,1,1,1,37,7,1582,2,3,6,1
201401QA10068,1,9,0,18,0,3,0,0,0,0,4,1,6,3,-1,-1,-1,-1,-1,-1,-1
201401QA10069,1,9,0,18,0,1,0,0,0,0,4,1,1,1,46,8,-1,-1,-1,3,1
201401QA10070,1,11,0,18,0,1,0,0,0,0,0,1,1,1,40,7,7300,2,10,5,1
201401QA10070,2,9,0,7,0,1,0,0,0,0,0,1,6,3,-1,-1,-1,-1,-1,-1,-1
201401QA10071,1,9,0,9,0,8,0,10,1,10,4,1,6,2,37,7,1600,1,15,6,1
201401QA10071,2,21,1,7,0,8,0,0,0,0,1,2,1,1,31,6,-1,-1,-1,-1,-1
201401QA10072,1,9,0,9,0,1,0,0,0,0,4,1,6,3,-1,-1,-1,-1,-1,-1,-1
201401QA10074,1,2,0,5,0,1,0,0,0,0,3,1,6,1,21,5,49,1,8,3,1
201401QA10074,2,9,0,13,0,1,0,0,0,0,4,1,6,3,-1,-1,-1,-1,-1,-1,-1
201401QA10075,1,9,0,9,0,1,0,0,0,0,3,1,6,1,42,7,1388,1,5,7,1
201401QA10075,2,3,0,13,0,1,0,0,0,0,1,1,6,1,30,6,125,1,1,3,1
201401QA10076,1,9,0,7,0,2,0,0,0,0,1,1,1,1,30,6,599,1,13,3,1
201401QA10077,1,3,0,14,0,0,0,8,0,0,1,1,1,1,29,6,124,1,6,5,1
201401QA10077,2,9,0,2,0,0,0,0,0,0,3,1,6,1,-1,-1,1995,1,8,-1,-1
201401QA10078,1,11,0,18,0,0,0,0,0,0,0,1,1,1,28,6,7300,2,13,2,1
201401QA10079,1,9,0,1,0,6,0,0,0,0,3,1,6,1,88,11,1769,1,10,10,1
201401QA10080,1,19,0,4,0,2,1,0,0,0,1,1,1,1,66,10,1896,2,11,6,1
201401QA10081,1,9,0,18,0,3,0,0,0,0,1,1,3,2,49,8,1997,1,7,9,1
201401QA10083,1,9,0,3,0,1,0,0,0,0,2,1,2,2,46,8,1995,2,10,7,1
201401QA10083,2,19,0,5,0,1,0,0,0,0,1,1,1,1,-1,-1,2148,2,5,-1,-1
201401QA10084,1,9,0,18,0,8,0,10,0,0,4,1,1,1,31,6,1968,2,1,7,1
201401QA10085,1,1,0,18,0,0,0,0,1,0,3,1,6,1,49,8,-1,-1,-1,7,1
201401QA10085,2,19,0,13,0,0,0,0,7,10,4,1,6,1,-1,-1,1753,2,6,-1,-1
201401QA10086,1,9,0,18,0,1,0,0,0,0,4,1,6,2,65,9,1242,1,1,6,1
201401QA10087,1,9,0,3,0,1,0,0,0,0,2,1,1,1,33,6,-1,-1,-1,-1,-1
201401QA10087,2,9,0,10,0,1,0,0,0,0,2,1,2,1,55,8,-1,-1,-1,3,1
201401QA10087,3,9,0,18,0,1,0,0,0,0,1,1,6,2,26,6,-1,-1,-1,-1,-1
201401QA10088,1,9,0,14,0,2,0,0,0,0,4,1,6,2,23,5,1596,1,11,3,1
201401QA10089,1,1,0,4,4,8,0,0,0,0,1,1,6,1,30,6,-1,-1,-1,-1,-1
201401QA10089,2,9,0,7,0,5,0,0,0,0,4,1,6,1,-1,-1,-1,-1,-1,10,1
201401QA10090,1,9,0,4,0,0,0,0,0,0,1,1,6,1,33,6,2987,2,1,8,1
201401QA10090,2,9,0,6,0,0,0,4,0,0,3,1,6,2,43,7,2295,1,10,7,1
201401QA10090,3,9,0,2,0,0,0,0,0,0,3,1,6,3,-1,-1,1794,1,12,-1,-1
201401QA10091,1,9,0,9,0,8,0,0,0,0,4,1,6,1,33,6,1598,1,5,7,1
201401QA10091,2,9,0,18,0,8,0,0,0,0,3,1,6,2,33,6,1390,1,5,4,1
201401QA10093,1,9,0,3,0,0,0,0,0,0,2,1,6,1,40,7,1461,2,5,7,1
201401QA10093,2,9,0,18,0,0,0,0,0,0,1,1,6,1,-1,-1,1299,1,16,7,1
201401QA10095,1,5,0,13,0,8,1,0,0,0,1,1,2,1,44,7,599,1,12,6,1
201401QA10095,2,8,0,6,0,8,0,0,0,0,3,1,1,1,43,7,1797,8,5,3,1
201401QA10096,1,9,0,16,0,8,0,0,0,0,3,1,6,2,24,5,1240,1,9,7,1
201401QA10096,2,9,0,9,0,6,0,0,0,0,1,1,6,1,-1,-1,-1,-1,-1,-1,-1
201401QA10098,1,3,0,18,0,1,0,7,0,0,3,1,6,1,29,6,125,1,2,3,1
201401QA10099,1,9,0,4,0,8,0,4,0,0,1,1,6,2,24,5,998,1,12,9,1
201401QA10099,2,9,0,2,0,8,0,0,0,0,1,1,6,3,-1,-1,1997,2,8,-1,-1
201401QA10101,1,9,0,18,0,8,1,0,0,0,1,1,2,2,37,7,1206,1,2,3,1
201401QA10102,1,11,0,4,0,2,0,0,0,0,0,1,1,1,55,8,4500,2,5,4,1
201401QA10104,1,9,0,18,0,0,0,0,0,0,1,1,6,1,21,5,-1,-1,-1,6,1
201401QA10104,2,9,0,3,0,0,0,0,0,0,2,1,6,1,38,7,1796,1,7,7,1
201401QA10105,1,9,0,7,0,1,0,10,0,0,3,1,2,2,23,5,1124,1,9,-1,1
201401QA10105,2,9,0,11,0,1,0,0,0,0,4,1,6,1,-1,-1,1598,1,1,-1,-1
201401QA10106,1,9,0,18,0,8,0,0,0,0,4,1,6,1,35,6,3222,2,9,3,1
201401QA10106,2,9,0,9,0,1,0,0,0,0,1,1,6,1,32,6,1199,1,13,-1,1
201401QA10107,1,11,0,18,2,2,0,0,0,0,4,1,1,1,23,5,9200,2,8,4,1
201401QA10108,1,3,0,18,0,2,0,0,0,0,4,1,1,1,33,6,125,1,9,8,1
201401QA10110,1,9,0,9,0,8,0,4,0,0,1,1,6,2,25,5,-1,-1,-1,5,1
201401QA10110,2,9,0,18,0,1,0,0,0,0,4,1,6,1,22,5,2720,2,9,6,1
201401QA10110,3,9,0,2,0,2,0,0,0,0,2,1,6,3,-1,-1,1242,1,1,-1,-1
201401QA10111,1,9,0,18,0,0,0,0,0,0,1,1,6,2,-1,-1,1368,1,5,-1,-1
201401QA10112,1,9,0,4,0,0,0,0,0,0,2,1,6,1,58,9,1994,2,17,8,1
201401QA10112,2,9,0,4,0,0,0,0,0,0,1,1,6,2,-1,-1,-1,-1,-1,6,1
201401QA10112,3,9,0,3,0,0,0,0,0,0,2,1,6,1,-1,-1,1598,2,2,-1,-1
201401QA10113,1,9,0,7,0,1,0,0,0,0,1,1,6,1,46,8,2982,2,8,7,1
201401QA10113,2,1,0,18,0,8,0,0,0,0,4,1,6,1,32,6,-1,-1,-1,9,1
201401QA10114,1,9,0,7,0,1,0,0,0,0,1,1,6,2,70,10,1339,1,10,7,1
201401QA10114,2,1,0,18,0,8,0,0,0,0,2,1,6,1,68,10,-1,-1,-1,7,1
201401QA10117,1,9,0,14,0,0,5,10,0,0,3,1,6,1,36,7,1794,1,12,9,1
201401QA10118,1,9,0,18,0,1,0,0,0,0,4,1,6,1,35,6,1986,2,8,5,1
201401QA10118,2,19,0,9,0,1,0,0,0,0,1,1,6,1,30,6,2198,2,6,6,1
201401QA10119,1,9,0,5,0,0,0,0,0,0,3,1,6,1,36,7,1398,1,13,6,1
201401QA10120,1,9,0,5,0,1,0,0,0,0,1,1,3,2,35,6,1999,1,8,-1,-1
201401QA10120,2,1,0,18,0,1,0,0,0,0,3,1,4,1,16,4,-1,-1,-1,6,1
201401QA10121,1,9,0,18,0,8,0,4,0,0,4,1,6,1,25,5,1598,1,14,4,1
201401QA10121,2,9,0,2,0,1,0,0,0,0,3,1,6,1,29,6,-1,-1,-1,5,1
201401QA10121,3,9,0,9,0,8,0,0,0,0,1,1,6,2,31,6,1896,2,11,6,1
201401QA10122,1,9,0,14,0,0,0,0,0,0,4,1,6,2,58,9,1796,1,9,9,1
201401QA10123,1,11,0,18,0,1,0,0,0,0,4,1,1,1,60,9,6692,2,5,4,1
201401QA10124,1,9,0,5,0,0,0,0,0,0,1,1,2,2,56,9,-1,-1,-1,3,1
201401QA10125,1,1,0,18,0,1,0,8,0,0,4,1,6,1,33,6,-1,-1,-1,8,1
201401QA10125,2,19,0,2,0,1,0,0,0,0,3,1,6,1,-1,-1,2464,2,7,-1,-1
201401QA10126,1,9,0,6,0,0,0,0,0,0,3,1,1,2,51,8,1229,1,3,6,1
201401QA10126,2,1,0,14,0,0,0,0,0,0,1,1,1,1,39,7,-1,-1,-1,6,1
201401QA10127,1,9,0,18,0,1,0,0,0,0,3,1,6,2,49,8,1968,2,1,10,1
201401QA10127,2,9,0,18,0,1,0,0,0,0,1,1,6,2,28,6,1390,1,17,8,1
201401QA10128,1,19,0,7,0,2,0,0,0,0,1,1,6,1,31,6,1870,2,9,5,1
201401QA10128,2,9,0,7,0,2,0,0,0,0,2,1,6,1,38,7,1596,1,9,3,1
201401QA10128,3,19,0,3,0,2,0,0,0,0,2,1,6,3,-1,-1,-1,-1,-1,-1,-1
201401QA10129,1,9,0,17,0,8,0,10,2,1,4,1,6,1,21,5,1753,2,11,4,1
201401QA10130,1,9,0,2,0,0,0,0,0,0,3,1,6,2,58,9,1998,1,11,-1,-1
201401QA10130,2,9,0,4,0,0,0,4,0,0,1,1,6,2,37,7,1229,1,10,4,1
201401QA10132,1,9,0,18,0,8,0,0,0,0,1,1,1,2,62,9,1596,1,8,-1,1
201401QA10132,2,9,0,18,0,8,0,0,0,0,3,1,3,2,31,6,1796,1,10,7,1
201401QA10133,1,9,0,14,0,2,0,0,0,0,1,1,6,1,57,9,1896,2,7,6,1
201401QA10134,1,9,0,18,0,1,0,0,0,0,1,1,6,2,30,6,1895,1,14,6,1
201401QA10134,2,9,0,3,0,1,0,0,0,0,2,1,2,1,40,7,1242,1,8,3,1
201401QA10134,3,9,0,10,0,1,0,0,0,0,2,1,2,1,41,7,1995,2,6,1,1
201401QA10135,1,3,0,14,0,1,0,0,0,0,1,1,6,1,36,7,125,1,-1,5,1
201401QA10136,1,9,0,18,0,1,0,0,0,0,3,1,6,1,37,7,2000,1,7,7,1
201401QA10138,1,9,0,18,0,0,0,4,0,0,1,1,6,1,32,6,1400,1,14,-1,-1
201401QA10138,2,9,0,2,0,0,0,0,0,0,2,1,6,3,-1,-1,2987,2,4,-1,-1
201401QA10139,1,9,0,18,0,8,0,0,0,0,4,1,6,1,43,7,1896,2,7,6,1
201401QA10139,2,9,0,9,0,8,0,0,0,0,3,1,6,2,36,7,2400,2,2,7,1
201401QA10140,1,9,0,18,0,2,0,0,0,0,1,1,6,1,-1,-1,-1,-1,-1,-1,-1
201401QA10143,1,9,0,18,0,1,0,4,0,0,1,1,6,2,32,6,1598,1,8,-1,-1
201401QA10143,2,9,0,5,0,1,0,0,0,0,3,1,6,2,61,9,-1,-1,-1,4,1
201401QA10143,3,9,0,2,0,1,0,0,0,0,4,1,6,1,50,8,1973,1,13,-1,-1
201401QA10146,1,9,0,18,0,8,1,0,0,0,4,1,6,1,22,5,1199,1,12,4,1
201401QA10146,2,9,0,9,0,6,0,0,0,0,1,1,6,2,45,7,1896,2,12,5,1
201401QA10147,1,9,0,18,0,0,0,0,0,0,1,1,6,2,63,9,1596,1,14,5,1
201401QA10148,1,9,0,18,0,8,0,0,7,0,3,1,2,1,32,6,1242,1,4,9,1
201401QA10148,2,9,0,18,0,8,0,0,1,0,3,1,6,2,-1,-1,1590,1,9,7,1
201401QA10149,1,9,0,9,0,6,0,0,0,0,1,1,6,1,40,7,1598,1,14,4,1
201401QA10149,2,9,0,18,0,8,0,10,0,0,1,1,6,1,25,5,-1,-1,-1,-1,-1
201401QA10150,1,3,0,4,0,0,0,0,0,0,0,1,6,1,21,5,49,1,6,5,1
201401QA10150,2,9,0,6,0,0,0,0,0,0,0,1,6,1,-1,-1,1896,2,10,8,1
201401QA10151,1,1,0,18,0,1,0,0,0,0,3,1,6,1,-1,-1,-1,-1,-1,6,1
201401QA10151,2,90,0,7,0,1,0,0,0,0,4,1,6,1,-1,-1,-1,-1,-1,-1,-1
201401QA10152,1,5,0,14,0,8,0,0,0,0,1,1,2,1,39,7,599,1,9,9,1
201401QA10152,2,9,0,9,0,8,0,0,0,0,3,1,2,2,54,8,998,1,3,7,1
201401QA10153,1,9,0,9,0,1,0,0,0,0,3,1,6,2,21,5,1360,1,14,4,1
201401QA10153,2,9,0,17,0,1,0,0,0,0,1,1,6,2,28,6,1595,1,7,5,1
201401QA10154,1,9,0,4,0,0,0,0,0,0,2,1,6,1,24,5,1596,1,5,2,1
201401QA10154,2,9,0,18,0,0,0,0,0,0,1,1,6,1,28,6,1998,1,6,5,1
201401QA10155,1,1,0,18,0,0,0,4,0,0,1,1,2,1,41,7,-1,-1,-1,2,1
201401QA10155,2,8,0,2,0,0,0,0,0,0,3,1,6,1,56,9,1997,2,6,-1,-1
201401QA10156,1,9,0,18,0,2,0,0,0,0,1,1,6,1,-1,-1,-1,-1,-1,-1,-1
201401QA10157,1,11,0,5,0,8,0,0,0,0,0,1,1,1,48,8,9000,2,5,4,1
201401QA10158,1,9,0,4,0,0,0,0,0,0,1,1,1,1,44,7,-1,-1,-1,-1,-1
201401QA10158,2,9,0,18,0,0,0,0,0,0,2,1,6,2,42,7,-1,-1,-1,9,1
201401QA10158,3,9,0,18,0,0,0,0,0,0,1,1,6,1,-1,-1,1998,1,6,-1,-1
201401QA10159,1,9,0,14,0,2,0,4,0,0,4,1,6,1,26,6,1796,1,10,7,1
201401QA10159,2,9,0,2,0,2,0,0,0,0,3,1,6,1,-1,-1,1149,1,12,4,1
201401QA10160,1,11,0,5,0,0,0,0,0,0,0,1,1,1,58,9,7300,2,10,-1,-1
201401QA10162,1,9,0,18,0,1,0,0,0,0,1,1,6,1,-1,-1,1749,1,9,-1,-1
201401QA10163,1,9,0,18,0,1,0,0,0,0,1,1,1,1,36,7,1248,2,3,3,1
201401QA10163,2,9,0,18,0,1,0,0,0,0,2,1,6,2,56,9,2143,2,4,9,1
201401QA10165,1,8,0,18,0,1,0,0,0,0,4,1,1,1,51,8,1997,2,2,7,1
201401QA10167,1,5,0,18,0,8,0,0,0,0,4,1,6,1,27,6,599,1,12,9,1
201401QA10167,2,9,0,5,0,6,0,0,0,0,1,1,6,1,56,9,1753,2,12,6,1
201401QA10168,1,9,0,9,0,8,0,0,0,0,1,1,6,1,25,5,1390,1,13,3,1
201401QA10168,2,9,0,18,0,8,0,0,0,0,3,1,6,2,45,7,2,2,7,7,1
201401QA10171,1,9,0,18,0,1,0,0,0,0,3,1,6,1,33,6,1595,1,6,9,2
201401QA10171,2,9,0,18,0,1,0,4,0,0,3,1,6,2,27,6,1762,1,18,7,1
201401QA10171,3,9,0,2,0,1,0,0,0,0,3,1,6,3,-1,-1,1339,1,4,-1,-1
201401QA10172,1,9,0,18,0,0,0,0,0,0,1,1,6,1,24,5,1248,2,2,8,1
201401QA10172,2,9,0,18,0,0,0,0,0,0,3,1,2,1,67,10,1388,1,10,8,1
201401QA10173,1,9,0,9,0,8,0,0,0,0,1,1,1,1,23,5,1242,1,8,2,1
201401QA10173,2,9,0,18,0,8,0,0,0,0,3,1,2,2,26,6,2204,2,5,6,1
201401QA10174,1,9,0,3,0,0,0,0,0,0,2,1,6,1,28,6,2143,2,1,3,1
201401QA10174,2,9,0,18,0,0,0,0,0,0,1,1,6,1,-1,-1,1995,2,6,-1,-1
201401QA10175,1,90,0,18,0,1,0,0,0,0,1,1,1,1,44,7,-1,-1,-1,-1,-1
201401QA10176,1,9,0,4,0,0,0,0,0,0,2,1,6,3,-1,-1,-1,-1,-1,-1,-1
201401QA10176,2,1,0,18,0,0,0,0,0,0,1,1,6,1,16,4,-1,-1,-1,4,1
201401QA10177,1,9,0,18,0,2,0,0,1,5,1,1,6,2,25,5,1390,1,12,6,1
201401QA10178,1,11,0,9,0,8,0,0,0,0,0,1,1,1,48,8,7300,2,12,4,1
201401QA10180,1,9,0,4,0,1,0,0,0,0,1,1,6,2,24,5,2000,2,8,10,1
201401QA10180,2,9,0,3,0,1,0,0,0,0,2,1,6,1,-1,-1,1997,2,3,6,1
201401QA10182,1,19,0,9,0,5,0,0,0,0,1,1,6,1,46,8,1248,2,6,7,1
201401QA10183,1,1,0,18,0,8,0,0,0,0,1,1,6,1,48,8,-1,-1,-1,4,1
201401QA10183,2,19,0,18,0,8,0,0,0,0,1,1,6,1,31,6,1998,2,12,2,1
201401QA10185,1,9,0,18,0,1,0,0,0,0,4,1,6,2,61,9,1597,1,17,3,1
201401QA10186,1,9,0,18,0,0,1,0,0,0,1,1,6,1,48,8,-1,-1,-1,6,1
201401QA10187,1,9,0,5,0,0,0,0,0,0,3,1,6,1,32,6,1600,1,8,-1,1
201401QA10187,2,9,0,18,0,0,0,0,0,0,4,1,6,1,-1,-1,1995,2,7,6,1
201401QA10188,1,3,0,5,9,0,0,0,1,10,1,1,6,1,26,6,49,1,4,5,1
201401QA10189,1,9,0,18,0,0,0,0,0,0,4,1,6,1,83,11,1339,1,7,6,1
201401QA10190,1,3,0,18,0,8,0,0,0,0,1,1,6,1,46,8,124,1,14,5,1
201401QA10190,2,8,0,7,0,6,0,0,0,0,3,1,6,1,-1,-1,-1,-1,-1,-1,-1
201401QA10191,1,9,0,5,0,8,0,4,0,0,4,1,6,2,44,7,1796,1,16,5,1
201401QA10191,2,9,0,18,0,8,0,0,0,0,3,1,6,2,52,8,1388,1,3,5,1
201401QA10191,3,9,0,2,0,8,0,0,0,0,1,1,6,3,-1,-1,1910,2,6,-1,-1
201401QA10192,1,9,0,18,0,8,0,0,0,0,1,1,2,1,25,5,1796,1,7,8,1
201401QA10193,1,9,0,7,0,2,0,0,0,0,1,1,6,1,-1,-1,-1,-1,-1,-1,-1
201401QA10194,1,20,1,5,0,8,0,0,0,0,1,1,1,1,33,6,4250,2,10,-1,-1
201401QA10195,1,11,0,18,0,8,0,0,0,0,1,1,1,1,35,6,7300,2,12,6,1
201401QA10195,2,9,0,10,0,8,0,0,0,0,4,1,6,1,41,7,-1,-1,-1,-1,1
201401QA10197,1,9,0,18,0,8,0,0,0,0,1,1,6,3,-1,-1,-1,-1,-1,-1,-1
201401QA10198,1,9,0,9,0,8,0,0,0,0,1,1,6,1,42,7,1968,2,8,2,1
201401QA10198,2,9,0,18,0,8,0,0,0,0,1,1,6,1,-1,-1,1390,1,11,-1,-1
201401QA10199,1,3,0,18,0,8,0,0,0,0,1,1,1,1,27,6,107,1,1,5,1
201401QA10200,1,9,0,18,0,1,0,0,0,0,1,1,6,2,20,4,1198,1,10,6,1
201401QA10200,2,9,0,3,0,1,0,0,0,0,2,1,6,1,35,6,1598,1,8,6,1
201401QA10201,1,9,0,7,0,2,0,0,0,0,4,1,6,2,39,7,1398,1,6,1,1
201401QA10202,1,9,0,18,0,0,5,4,0,0,4,1,6,2,46,8,1396,1,12,5,1
201401QA10202,2,9,0,2,0,0,0,0,0,0,3,1,6,3,-1,-1,1686,2,10,-1,-1
201401QA10205,1,11,0,4,0,0,0,0,0,0,0,1,1,1,50,8,9200,2,8,4,1
201401QA10206,1,11,0,4,0,0,0,0,0,0,0,1,1,1,28,6,6700,2,6,3,1
201401QA10207,1,9,0,14,0,0,0,0,0,0,1,1,2,2,56,9,1598,1,8,9,1
201401QA10208,1,1,0,18,4,0,0,0,0,0,2,1,6,2,50,8,-1,-1,-1,4,1
201401QA10208,2,9,0,18,0,0,0,0,0,0,1,1,6,2,-1,-1,-1,-1,-1,-1,-1
201401QA10209,1,9,0,9,0,8,0,0,0,0,3,1,6,1,28,6,1895,1,14,6,1
201401QA10209,2,4,0,13,0,8,0,0,0,0,4,1,6,1,26,6,125,1,1,3,1
201401QA10210,1,9,0,5,0,8,0,4,7,10,1,1,2,2,65,9,1590,1,9,8,1
201401QA10210,2,9,0,2,0,8,0,0,0,0,1,1,6,3,-1,-1,1998,1,17,-1,-1
201401QA10211,1,9,0,7,0,5,0,0,0,0,4,1,2,1,55,8,1386,1,7,9,1
201401QA10211,2,1,0,18,0,8,0,0,0,0,3,1,6,1,32,6,-1,-1,-1,10,1
201401QA10212,1,9,0,18,0,5,0,0,0,0,3,1,1,1,24,5,1248,2,1,4,1
201401QA10212,2,5,0,13,0,8,0,0,0,0,4,1,6,1,56,9,1063,1,12,4,1
201401QA10213,1,9,0,4,0,0,1,0,7,10,4,1,6,1,23,5,-1,-1,-1,5,1
201401QA10214,1,4,0,18,0,6,0,0,0,0,1,1,6,1,24,5,449,1,10,7,1
201401QA10214,2,9,0,9,0,6,0,0,0,0,1,1,6,2,66,10,1400,1,7,7,1
201401QA10215,1,9,0,18,0,1,0,10,8,2,3,1,6,2,61,9,2179,2,1,6,1
201401QA10216,1,11,0,5,0,2,0,0,0,0,3,1,1,1,40,7,5883,2,12,-1,-1
201401QA10216,2,4,0,13,0,2,0,0,0,0,4,1,6,1,38,7,600,1,2,4,1
201401QA10217,1,9,0,18,0,1,0,0,0,0,1,1,6,3,-1,-1,-1,-1,-1,-1,-1
201401QA10218,1,11,0,9,0,5,0,0,0,0,1,1,1,1,-1,-1,5883,2,12,6,1
201401QA10218,2,8,0,18,0,8,0,0,0,0,3,1,2,2,41,7,1797,8,4,2,1
201401QA10219,1,19,0,14,0,1,0,0,0,0,0,1,6,1,-1,-1,-1,-1,-1,-1,-1
201401QA10220,1,11,0,3,2,8,0,0,0,0,0,1,1,1,38,7,4500,2,3,6,1
201401QA10221,1,9,0,3,0,1,0,0,0,0,2,1,6,2,51,8,2997,1,16,10,1
201401QA10221,2,9,0,4,0,1,1,0,0,0,1,1,6,1,30,6,1493,1,19,7,1
201401QA10222,1,9,0,3,0,1,0,0,0,0,2,1,6,2,36,7,998,1,2,7,1
201401QA10222,2,9,0,18,0,1,0,0,0,0,1,1,6,1,-1,-1,1582,2,2,5,1
201401QA10223,1,3,0,13,0,8,0,0,0,0,2,1,1,1,28,6,125,1,7,-1,-1
201401QA10223,2,9,0,18,0,8,0,0,0,0,1,1,6,3,-1,-1,1796,1,9,-1,-1
201401QA10224,1,9,0,4,0,8,0,0,0,0,2,1,6,1,35,6,1582,2,3,10,1
201401QA10224,2,9,0,4,0,8,0,0,0,0,1,1,2,2,31,6,1896,2,9,5,1
201401QA10225,1,9,0,18,0,0,0,0,0,0,3,1,6,2,46,8,1590,1,12,4,1
201401QA10227,1,1,0,18,0,8,0,0,0,0,1,1,6,1,38,7,-1,-1,-1,6,1
201401QA10227,2,9,0,9,0,5,0,0,0,0,4,1,6,2,-1,-1,1595,1,12,3,1
201401QA10228,1,19,0,18,0,1,1,10,1,0,1,1,6,1,38,7,-1,-1,-1,3,1
201401QA10228,2,9,0,2,9,1,0,4,1,10,3,1,6,3,-1,-1,1998,2,10,-1,-1
201401QA10228,3,9,0,2,9,1,0,4,1,10,3,1,6,3,-1,-1,1598,1,12,-1,-1
201401QA10229,1,9,0,9,0,8,0,0,0,0,3,1,6,1,29,6,2401,2,11,4,1
201401QA10229,2,9,0,18,0,8,0,0,0,0,3,1,6,2,43,7,1397,1,10,10,1
201401QA10230,1,9,0,18,0,0,0,10,7,4,1,1,6,1,-1,-1,1332,1,16,5,1