Accident_Index,Vehicle_Reference,Vehicle_Type,Towing_and_Articulation,Vehicle_Manoeuvre,Vehicle_Location-Restricted_Lane,Junction_Location,Skidding_and_Overturning,Hit_Object_in_Carriageway,Vehicle_Leaving_Carriageway,Hit_Object_off_Carriageway,1st_Point_of_Impact,Was_Vehicle_Left_Hand_Drive?,Journey_Purpose_of_Driver,Sex_of_Driver,Age_of_Driver,Age_Band_of_Driver,Engine_Capacity_(CC),Propulsion_Code,Age_of_Vehicle,Driver_IMD_Decile,Driver_Home_Area_Type
201401QA10231,1,9,0,18,0,8,1,0,0,0,4,1,2,1,44,7,1986,2,8,5,1
201401QA10231,2,9,0,9,0,6,0,0,0,0,1,1,3,1,-1,-1,-1,-1,-1,-1,-1
201401QA10232,1,9,0,17,0,8,2,0,1,10,1,1,2,1,24,5,1364,1,4,4,1
201401QA10233,1,9,0,18,0,0,0,0,0,0,1,1,6,1,46,8,1124,1,10,5,1
201401QA10233,2,9,0,18,0,0,0,4,0,0,2,1,6,2,41,7,1762,1,17,7,1
201401QA10233,3,9,0,15,0,0,0,0,0,0,1,1,6,2,19,4,1198,1,10,4,1
201401QA10233,4,19,0,2,0,0,0,0,1,0,3,1,6,3,-1,-1,-1,-1,-1,-1,-1
201401QA10234,1,9,0,18,0,8,5,4,0,0,1,1,6,2,76,11,1399,1,8,9,1
201401QA10234,2,9,0,2,0,8,0,0,0,0,3,1,6,3,-1,-1,1397,1,1,-1,-1
201401QA10235,1,9,0,18,0,0,0,0,0,0,4,1,6,2,60,9,1242,1,1,6,1
201401QA10235,2,1,0,5,0,0,0,0,0,0,1,1,6,1,14,3,-1,-1,-1,6,1
201401QA10236,1,9,0,3,0,0,0,0,0,0,2,1,6,1,42,7,-1,-1,-1,5,1
201401QA10236,2,9,0,18,0,0,0,0,0,0,1,1,6,1,-1,-1,2685,2,11,1,1
201401QA10237,1,9,0,2,4,2,0,0,0,0,1,1,6,3,-1,-1,4266,1,13,-1,-1
201401QA10237,2,1,0,18,4,1,0,4,0,0,1,1,2,1,54,8,-1,-1,-1,9,1
201401QA10238,1,9,0,5,0,1,0,0,0,0,1,1,1,2,41,7,1598,1,5,6,1
201401QA10238,2,1,0,5,0,6,0,0,0,0,4,1,6,1,14,3,-1,-1,-1,-1,-1
201401QA10239,1,9,0,10,0,1,0,0,0,0,2,1,2,2,23,5,1299,1,8,10,1
201401QA10239,2,90,0,17,0,1,0,0,0,0,1,1,2,1,24,5,-1,-1,-1,6,1
201401QA10240,1,19,0,9,0,2,0,0,0,0,4,1,6,1,40,7,2402,2,10,6,1
201401QA10240,2,5,0,18,0,1,0,0,0,0,1,1,6,1,28,6,600,1,14,10,1
201401QA10241,1,19,0,6,0,0,0,10,4,6,3,1,2,1,37,7,2143,2,1,7,1
201401QA10241,2,9,0,18,0,0,0,0,0,0,1,1,6,1,50,8,1794,1,9,5,1
201401QA10242,1,9,0,18,0,8,0,0,0,0,1,1,6,1,36,7,1968,2,6,5,1
201401QA10242,2,9,0,18,0,8,0,0,0,0,1,1,6,1,35,6,1896,2,5,6,1
201401QA10243,1,9,0,18,0,0,0,0,0,0,1,1,6,2,19,4,1229,1,8,7,1
201401QA10245,1,9,0,2,0,1,0,0,0,0,4,1,6,2,33,6,1598,1,9,8,1
201401QA10245,2,9,0,1,0,1,0,4,0,0,2,1,6,2,-1,-1,1329,1,1,6,1
201401QA10246,1,3,0,9,0,8,0,0,0,0,4,1,6,1,31,6,125,1,-1,3,1
201401QA10246,2,9,0,9,0,8,0,0,0,0,3,1,6,1,51,8,1998,1,12,-1,-1
201401QA10247,1,9,0,14,0,8,0,7,3,1,1,1,6,1,48,8,-1,-1,-1,6,1
201401QA10247,2,9,0,18,0,8,0,0,0,0,3,1,6,1,19,4,1995,1,12,3,1
201401QA10249,1,9,0,9,0,1,0,0,0,0,1,1,6,1,54,8,1595,2,4,6,1
201401QA10249,2,9,0,18,0,1,0,0,0,0,3,1,6,1,59,9,-1,-1,-1,7,1
201401QA10250,1,19,0,6,0,2,0,0,0,0,3,1,1,1,-1,-1,2198,2,-1,5,2
201401QA10250,2,3,0,18,0,2,0,0,0,0,1,1,6,1,-1,-1,124,1,5,5,1
201401QA10251,1,9,0,18,0,8,1,0,0,0,3,1,6,2,37,7,1497,1,8,4,1
201401QA10251,2,9,0,18,0,8,0,0,0,0,3,1,6,1,58,9,1596,1,1,2,1
201401QA10251,3,9,0,18,0,8,0,0,0,0,3,1,6,1,41,7,2143,2,5,10,1
201401QA10252,1,9,0,4,0,1,0,0,0,0,2,1,1,2,51,8,1997,2,12,4,1
201401QA10252,2,9,0,18,0,1,0,0,0,0,1,1,6,1,-1,-1,599,1,12,-1,-1
201401QA10254,1,9,0,7,0,8,0,0,0,0,3,1,6,1,38,7,1997,2,5,4,1
201401QA10254,2,1,0,18,0,8,0,0,0,0,1,1,6,1,25,5,-1,-1,-1,2,1
201401QA10256,1,9,0,9,0,5,0,0,0,0,1,1,6,1,24,5,1598,1,1,6,1
201401QA10256,2,1,0,18,0,8,0,0,0,0,1,1,6,2,24,5,-1,-1,-1,5,1
201401QA10257,1,2,0,14,0,8,0,0,0,0,1,1,2,1,34,6,124,1,5,7,1
201401QA10257,2,9,0,9,0,8,0,0,0,0,3,1,6,1,60,9,1796,1,14,7,1
201401QA10258,1,9,0,18,0,8,0,0,0,0,1,1,6,2,30,6,1299,1,12,6,1
201401QA10258,2,1,0,9,0,5,0,0,0,0,2,1,6,1,47,8,-1,-1,-1,6,1
201401QA10259,1,9,0,3,0,0,0,0,0,0,2,1,6,1,31,6,1598,1,10,2,1
201401QA10259,2,9,0,18,0,0,0,0,0,0,1,1,6,1,23,5,1598,2,4,1,1
201401QA10260,1,19,0,3,0,1,0,0,0,0,2,1,1,2,57,9,1686,2,11,3,1
201401QA10260,2,9,0,18,0,1,0,0,0,0,1,1,6,3,-1,-1,-1,-1,-1,-1,-1
201401QA10262,1,9,0,3,0,8,0,0,1,0,1,1,6,2,41,7,1596,1,12,5,1
201401QA10262,2,9,0,18,0,8,0,0,0,0,1,1,6,1,63,9,4398,1,12,3,1
201401QA10263,1,5,0,11,0,0,0,0,0,0,1,1,1,1,29,6,670,1,2,2,1
201401QA10263,2,9,0,11,0,0,0,0,0,0,4,1,6,1,66,10,1339,1,3,6,1
201401QA10264,1,9,0,3,0,2,0,0,0,0,2,1,6,1,39,7,1985,1,11,3,1
201401QA10264,2,9,0,3,0,2,0,0,0,0,2,1,6,1,24,5,1686,2,10,5,1
201401QA10264,3,9,0,18,0,2,1,0,0,0,1,1,6,1,21,5,1199,1,13,7,1
201401QA10266,1,9,0,3,0,1,0,0,0,0,3,1,6,2,42,7,1240,1,8,3,1
201401QA10266,2,19,5,14,0,1,0,0,0,0,4,1,6,1,-1,-1,-1,-1,-1,-1,-1
201401QA10267,1,9,0,18,2,1,0,0,0,0,1,1,6,1,75,10,1339,8,5,7,1
201401QA10268,1,9,0,5,0,0,0,0,0,0,4,1,6,1,-1,-1,1799,1,7,-1,-1
201401QA10269,1,9,0,4,0,0,0,0,0,0,2,1,6,1,37,7,1896,2,11,-1,1
201401QA10269,2,9,0,18,0,0,0,0,0,0,1,1,6,2,29,6,1598,1,13,6,1
201401QA10270,1,9,0,18,0,0,0,0,0,0,4,1,3,2,37,7,2198,1,8,8,1
201401QA10271,1,9,0,5,0,8,0,0,0,0,1,1,6,1,44,7,1598,1,10,6,1
201401QA10271,2,1,0,9,0,8,0,0,0,0,2,1,6,1,53,8,-1,-1,-1,9,1
201401QA10273,1,4,0,14,0,8,0,0,0,0,1,1,2,1,21,5,125,1,5,5,1
201401QA10273,2,9,0,9,0,8,0,0,0,0,1,1,6,1,52,8,1198,1,3,6,1
201401QA10274,1,9,0,5,0,0,0,0,0,0,4,1,6,1,-1,-1,1386,1,11,-1,-1
201401QA10275,1,11,0,18,2,1,0,0,0,0,1,1,1,1,43,7,9000,2,5,6,1
201401QA10275,2,9,0,7,0,1,0,0,0,0,4,1,6,1,53,8,2597,1,11,6,1
201401QA10276,1,9,0,14,0,0,0,0,0,0,1,1,6,1,22,5,1396,1,6,6,1
201401QA10277,1,9,0,18,0,0,0,4,1,0,1,1,6,1,69,10,1360,1,13,8,1
201401QA10277,2,9,0,2,0,0,0,0,0,0,4,1,6,3,-1,-1,1397,1,12,-1,-1
201401QA10278,1,5,0,14,0,1,0,0,0,0,1,1,6,1,49,8,-1,-1,-1,6,1
201401QA10278,2,9,0,9,0,1,0,0,0,0,3,1,2,1,39,7,-1,-1,-1,7,1
201401QA10279,1,9,0,18,0,8,0,0,0,0,4,1,6,1,43,7,998,1,11,7,1
201401QA10279,2,2,0,18,0,8,0,0,0,0,1,1,6,1,27,6,109,1,1,3,1
201401QA10280,1,9,0,6,0,8,0,0,0,0,4,1,6,1,-1,-1,4172,2,6,2,1
201401QA10280,2,9,0,18,0,8,0,0,0,0,1,1,6,2,53,8,1587,1,12,-1,-1
201401QA10281,1,9,0,4,0,0,0,0,0,0,2,1,6,2,50,8,1796,1,8,6,1
201401QA10281,2,9,0,18,0,0,0,0,0,0,1,1,6,1,-1,-1,1998,1,6,-1,-1
201401QA10281,3,19,0,18,0,0,0,0,0,0,2,1,6,1,-1,-1,-1,-1,-1,-1,-1
201401QA10282,1,9,0,18,0,8,0,0,0,0,1,1,6,2,23,5,1149,1,9,7,1
201401QA10282,2,9,0,9,0,8,0,0,0,0,4,1,6,2,-1,-1,-1,-1,-1,-1,-1
201401QA10283,1,9,0,9,0,8,0,0,0,0,3,1,6,2,30,6,1796,1,1,7,1
201401QA10283,2,5,0,18,0,8,0,0,0,0,1,1,6,1,44,7,599,1,15,9,2
201401QA10284,1,9,0,18,0,0,0,4,0,0,1,1,6,1,43,7,1997,1,7,6,1
201401QA10284,2,9,0,2,0,0,0,0,0,0,2,1,6,2,-1,-1,1590,1,12,-1,-1
201401QA10285,1,9,0,7,0,1,0,0,0,0,2,1,1,1,47,8,1997,2,6,6,1
201401QA10285,2,9,0,10,0,1,0,0,0,0,3,1,2,2,54,8,-1,-1,-1,10,1
201401QA10285,3,9,0,18,0,1,0,0,0,0,1,1,6,2,18,4,1896,2,12,10,1
201401QA10286,1,9,0,5,0,0,0,10,7,2,1,1,6,2,56,9,1390,1,12,6,1
201401QA10287,1,9,0,14,0,0,0,8,0,0,1,1,6,2,87,11,998,1,12,10,1
201401QA10287,2,9,0,2,0,0,0,0,0,0,3,1,6,2,67,10,1995,2,5,9,1
201401QA10288,1,3,0,9,0,1,1,0,0,0,0,1,6,1,18,4,125,1,13,3,1
201401QA10288,2,9,0,18,0,8,0,0,0,0,0,1,6,1,26,6,1364,2,4,4,1
201401QA10289,1,9,0,18,0,0,0,10,7,10,1,1,6,1,58,9,2438,1,19,4,1
201401QA10289,2,9,0,3,0,0,0,0,0,0,1,1,6,2,37,7,1796,1,8,10,1
201401QA10289,3,9,0,3,0,0,0,0,0,0,1,1,6,1,48,8,998,1,11,-1,-1
201401QA10290,1,9,0,14,0,0,0,0,0,0,4,1,6,2,65,9,1596,1,15,8,1
201401QA10291,1,9,0,9,0,2,0,10,1,10,1,1,6,3,-1,-1,1997,2,3,-1,-1
201401QA10292,1,9,0,18,0,8,0,0,0,0,1,1,6,1,23,5,1998,1,9,6,1
201401QA10292,2,9,0,18,0,8,0,0,0,0,3,1,6,2,65,9,-1,-1,-1,6,1
201401QA10293,1,9,0,9,0,2,0,10,1,2,1,1,6,1,19,4,1124,1,12,6,1
201401QA10294,1,19,0,1,0,0,0,4,0,0,2,1,1,1,22,5,1995,2,1,6,1
201401QA10294,2,9,0,2,0,0,0,0,0,0,1,1,6,1,64,9,1910,2,7,8,1
201401QA10295,1,9,0,5,0,2,0,0,0,0,0,1,6,1,32,6,2148,2,6,6,1
201401QA10295,2,9,0,2,0,2,0,0,0,0,0,1,6,1,44,7,1796,1,10,3,1
201401QA10297,1,9,0,5,0,1,0,0,0,0,1,1,6,2,-1,-1,998,1,14,6,1
201401QA10297,2,8,0,4,0,1,0,0,0,0,2,1,1,1,44,7,1896,2,6,5,1
201401QA10298,1,9,0,5,0,2,0,0,0,0,3,1,6,1,-1,-1,1590,1,11,-1,-1
201401QA10299,1,9,0,18,0,0,0,0,0,0,1,1,6,1,55,8,2720,2,8,6,1
201401QA10299,2,9,0,18,0,0,0,0,0,0,2,1,6,2,52,8,1968,2,6,10,1
201401QA10299,3,9,0,18,0,0,0,0,0,0,2,1,6,2,51,8,1998,2,2,8,1
201401QA10299,4,9,0,18,0,0,0,0,0,0,2,1,6,2,52,8,1598,1,9,7,3
201401QA10300,1,9,0,1,0,8,0,0,0,0,4,1,6,1,35,6,1598,2,4,3,1
201401QA10301,1,9,0,7,0,8,0,0,0,0,3,1,6,1,63,9,2231,2,4,10,1
201401QA10301,2,1,0,18,0,8,0,0,0,0,1,1,6,1,64,9,-1,-1,-1,10,1
201401QA10302,1,9,0,18,0,0,0,0,0,0,1,1,6,1,46,8,1388,1,12,4,1
201401QA10304,1,9,0,9,0,5,0,0,0,0,1,1,2,1,44,7,2000,2,3,10,2
201401QA10304,2,1,0,18,4,8,0,0,0,0,1,1,6,1,36,7,-1,-1,-1,9,1
201401QA10305,1,9,0,4,0,8,0,0,0,0,2,1,2,2,54,8,1995,2,2,5,1
201401QA10305,2,9,0,4,0,1,0,0,0,0,2,1,2,1,33,6,2148,2,8,5,1
201401QA10305,3,9,0,4,0,1,0,0,0,0,2,1,2,2,57,9,998,1,5,4,1
201401QA10305,4,9,0,18,0,1,0,0,0,0,1,1,2,2,47,8,1895,1,14,3,1
201401QA10306,1,9,0,18,0,8,0,0,0,0,1,1,6,2,30,6,1086,1,9,3,1
201401QA10306,2,9,0,9,0,8,0,0,0,0,4,1,6,2,21,5,998,1,4,-1,-1
201401QA10307,1,19,0,7,0,8,0,0,0,0,4,1,1,1,41,7,2148,2,5,4,1
201401QA10307,2,1,0,18,9,8,0,0,0,0,1,1,2,1,55,8,-1,-1,-1,4,1
201401QA10308,1,11,0,4,0,0,0,0,0,0,0,1,1,1,-1,-1,-1,-1,-1,10,1
201401QA10309,1,1,0,18,0,0,0,10,1,4,0,1,6,1,16,4,-1,-1,-1,10,1
201401QA10310,1,9,0,18,0,8,0,0,0,0,3,1,2,2,61,9,1797,8,3,4,1
201401QA10310,2,8,0,9,0,6,0,0,0,0,1,1,1,1,48,8,1598,1,9,6,1
201401QA10311,1,9,0,18,0,8,0,0,0,0,4,1,6,1,24,5,1598,2,3,2,1
201401QA10311,2,9,0,7,0,8,0,0,0,0,1,1,6,3,-1,-1,2982,2,-1,-1,-1
201401QA10312,1,3,0,3,0,1,0,0,0,0,2,1,6,1,51,8,899,1,15,5,1
201401QA10312,2,9,0,18,0,1,0,0,0,0,1,1,6,1,37,7,1995,2,3,4,1
201401QA10313,1,11,0,18,0,1,0,0,0,0,1,1,1,1,53,8,9200,2,11,8,1
201401QA10313,2,3,0,7,0,2,0,0,0,0,1,1,6,2,47,8,649,1,5,2,1
201401QA10314,1,11,0,18,0,1,0,0,0,0,3,1,1,2,44,7,9000,2,10,6,2
201401QA10314,2,1,0,18,0,2,0,0,0,0,3,1,6,1,6,2,-1,-1,-1,6,1
201401QA10315,1,9,0,9,0,8,0,0,0,0,1,1,6,1,27,6,1910,2,6,6,1
201401QA10315,2,9,0,18,0,8,0,0,0,0,3,1,6,1,35,6,1398,1,11,5,1
201401QA10316,1,9,0,18,0,1,0,0,0,0,1,1,6,2,24,5,599,1,13,6,1
201401QA10316,2,9,0,9,0,1,0,0,0,0,4,1,6,2,44,7,1299,1,11,6,1
201401QA10317,1,9,0,18,0,2,0,0,0,0,1,1,6,1,23,5,1896,2,16,6,1
201401QA10317,2,1,0,18,0,2,0,0,0,0,2,1,6,2,39,7,-1,-1,-1,6,1
201401QA10318,1,9,0,18,0,1,0,0,0,0,1,1,6,2,27,6,1390,1,4,5,1
201401QA10318,2,1,0,18,0,6,0,0,0,0,1,1,6,1,11,3,-1,-1,-1,5,1
201401QA10319,1,9,0,18,0,8,0,9,0,0,4,1,6,2,43,7,1240,1,5,-1,1
201401QA10319,2,9,0,18,0,8,0,0,0,0,1,1,6,1,56,9,2179,2,2,6,1
201401QA10320,1,9,0,4,0,1,0,0,0,0,2,1,6,1,42,7,1796,1,5,6,1
201401QA10320,2,4,0,5,0,1,0,0,0,0,1,1,1,1,-1,-1,124,1,1,3,1
201401QA10321,1,3,0,14,0,8,0,0,0,0,4,1,1,1,22,5,125,1,8,7,1
201401QA10321,2,9,0,9,0,6,0,0,0,0,1,1,6,1,53,8,1896,1,18,6,1
201401QA10323,1,9,0,18,0,0,0,0,0,0,1,1,6,1,-1,-1,1360,1,13,-1,-1
201401QA10325,1,9,0,8,0,1,0,0,0,0,3,1,1,1,50,8,-1,-1,-1,-1,-1
201401QA10325,2,1,0,18,4,1,0,0,0,0,1,1,2,1,55,8,-1,-1,-1,10,1
201401QA10326,1,19,0,18,0,2,0,0,0,0,1,1,6,1,-1,-1,2148,2,4,-1,-1
201401QA10327,1,9,0,9,0,8,0,0,0,0,1,1,3,2,37,7,-1,-1,-1,6,1
201401QA10327,2,1,0,18,0,6,0,0,0,0,4,1,6,1,11,3,-1,-1,-1,6,1
201401QA10328,1,19,0,10,0,1,0,0,0,0,2,1,1,1,41,7,1968,2,3,5,1
201401QA10328,2,9,0,3,0,1,0,0,0,0,2,1,6,1,23,5,1598,1,8,6,1
201401QA10328,3,9,0,18,0,1,0,0,0,0,1,1,6,2,31,6,-1,-1,-1,4,1
201401QA10330,1,9,0,7,0,2,0,0,0,0,4,1,6,1,66,10,1296,1,7,7,1
201401QA10330,2,3,0,7,0,2,0,0,0,0,2,1,1,2,28,6,107,1,3,-1,-1
201401QA10333,1,9,0,5,0,1,0,0,0,0,2,1,2,2,23,5,1598,1,10,7,1
201401QA10333,2,19,0,5,0,1,0,0,0,0,1,1,6,1,-1,-1,2402,2,9,-1,-1
201401QA10333,3,9,0,5,0,1,0,0,0,0,2,1,6,1,-1,-1,1968,2,3,-1,-1
201401QA10336,1,9,0,18,0,2,0,0,0,0,1,1,6,1,45,7,1596,1,5,7,1
201401QA10336,2,9,0,4,0,2,0,0,0,0,2,1,6,1,43,7,1390,1,7,8,1
201401QA10337,1,3,0,15,0,8,0,0,0,0,3,1,6,1,30,6,125,1,7,7,1
201401QA10337,2,9,0,7,0,8,0,0,0,0,4,1,6,1,53,8,1781,1,10,10,1
201401QA10338,1,19,0,18,0,2,0,0,0,0,4,1,6,1,69,10,2494,2,6,6,1
201401QA10339,1,9,0,7,0,8,0,0,0,0,1,1,6,2,59,9,2035,1,9,8,1
201401QA10339,2,3,0,9,0,8,0,0,0,0,4,1,6,1,22,5,125,1,5,4,1
201401QA10340,1,9,0,11,0,1,0,0,0,0,1,1,1,2,35,6,1896,2,10,7,1
201401QA10342,1,9,0,18,0,2,0,0,0,0,4,1,6,2,27,6,1587,1,9,3,1
201401QA10343,1,9,0,18,0,2,1,0,0,0,4,1,6,1,25,5,2664,2,13,5,1
201401QA10344,1,9,0,18,0,8,0,0,0,0,1,1,2,2,56,9,1597,1,5,6,1
201401QA10344,2,3,0,18,0,8,0,0,0,0,2,1,6,1,29,6,108,1,5,2,1
201401QA10345,1,3,0,18,0,0,0,0,0,0,1,1,1,1,44,7,-1,-1,-1,6,1
201401QA10345,2,9,0,1,0,0,0,0,0,0,2,1,6,3,-1,-1,-1,-1,-1,-1,-1
201401QA10346,1,9,0,14,0,0,0,0,0,0,3,1,6,2,49,8,1200,1,12,6,1
201401QA10346,2,9,0,14,0,0,0,0,0,0,3,1,6,1,-1,-1,1390,1,5,-1,-1
201401QA10348,1,9,0,18,0,8,0,0,0,0,1,1,6,2,31,6,1598,1,5,6,1
201401QA10348,2,1,0,18,0,8,0,0,0,0,4,1,6,1,45,7,-1,-1,-1,4,1
201401QA10349,1,9,0,18,0,0,5,4,0,0,4,1,6,2,23,5,1248,1,1,6,1
201401QA10349,2,9,0,2,0,0,0,0,0,0,3,1,6,3,-1,-1,1120,2,1,-1,-1
201401QA10349,3,9,0,2,0,0,0,0,0,0,3,1,6,3,-1,-1,1998,1,12,-1,-1
201401QA10351,1,11,0,9,0,8,0,0,0,0,3,1,1,1,44,7,8300,2,8,3,1
201401QA10351,2,9,0,18,0,8,1,0,0,0,1,1,2,1,62,9,1598,1,15,4,1
201401QA10352,1,1,0,18,9,8,0,0,0,0,4,1,2,1,18,4,-1,-1,-1,9,1
201401QA10352,2,9,0,1,9,8,0,0,0,0,2,1,6,2,-1,-1,2148,2,10,6,1
201401QA10353,1,9,0,9,0,2,0,0,0,0,1,1,6,2,-1,-1,998,1,4,-1,-1
201401QA10353,2,9,0,1,0,1,0,0,0,0,2,1,6,1,39,7,1390,1,12,-1,-1
201401QA10354,1,1,0,17,0,8,0,0,0,0,1,1,6,1,34,6,-1,-1,-1,5,1
201401QA10354,2,9,0,7,0,8,0,0,0,0,3,1,6,2,-1,-1,1398,1,10,8,1
201401QA10355,1,9,0,3,0,2,0,0,0,0,2,1,2,1,68,10,1984,1,10,5,1
201401QA10355,2,9,0,3,0,2,0,0,0,0,2,1,6,3,-1,-1,-1,-1,-1,-1,-1
201401QA10355,3,90,0,18,0,2,0,0,0,0,1,1,6,3,-1,-1,6693,2,1,-1,-1
201401QA10356,1,9,0,18,0,8,0,0,0,0,1,1,6,1,54,8,3200,1,15,-1,-1
201401QA10356,2,19,0,9,0,8,0,0,0,0,4,1,6,2,34,6,-1,-1,-1,6,1
201401QA10359,1,3,0,5,0,6,0,0,0,0,1,1,6,2,17,4,124,1,7,3,1
201401QA10359,2,9,0,9,0,8,0,0,0,0,4,1,6,2,-1,-1,-1,-1,-1,-1,-1
201401QA10360,1,9,0,18,0,1,0,0,0,0,1,1,1,1,-1,-1,-1,-1,-1,-1,-1
201401QA10360,2,3,0,4,0,2,1,0,0,0,1,1,6,1,43,7,998,1,6,8,1
201401QA10361,1,9,0,18,0,0,0,0,0,0,1,1,6,2,61,9,1389,1,16,3,1
201401QA10361,2,9,0,6,0,0,0,0,0,0,4,1,6,1,21,5,1995,1,7,1,1
201401QA10362,1,9,0,9,0,8,0,0,0,0,3,1,6,2,44,7,1598,1,16,-1,-1
201401QA10362,2,9,0,17,0,8,0,0,0,0,1,1,6,1,37,7,1995,2,10,6,1
201401QA10363,1,19,0,5,0,8,0,0,0,0,1,1,1,1,41,7,2402,2,12,6,1
201401QA10363,2,5,0,18,0,8,0,0,0,0,2,1,6,1,27,6,656,1,9,4,1
201401QA10364,1,9,0,3,0,1,0,0,0,0,2,1,6,2,53,8,1398,1,3,4,1
201401QA10364,2,9,0,3,0,1,0,0,0,0,2,1,6,1,37,7,1968,2,3,5,1
201401QA10364,3,19,0,18,0,1,0,0,0,0,1,1,6,1,29,6,2198,2,1,4,1
201401QA10365,1,9,0,4,0,0,0,0,0,0,2,1,6,1,61,9,1596,1,12,6,1
201401QA10365,2,9,0,4,0,0,0,0,0,0,2,1,6,2,42,7,1595,1,5,7,1
201401QA10365,3,9,0,4,0,0,0,0,0,0,1,1,6,1,27,6,1995,2,2,5,1
201401QA10366,1,9,0,18,0,8,0,0,0,0,1,1,6,1,17,4,1590,1,10,3,1
201401QA10366,2,9,0,18,0,8,0,10,7,0,4,1,6,1,51,8,1686,2,12,6,1
201401QA10367,1,9,0,9,0,2,0,0,0,0,4,1,6,1,34,6,1984,1,12,3,1
201401QA10367,2,1,0,18,0,1,0,0,0,0,1,1,6,1,55,8,-1,-1,-1,3,1
201401QA10368,1,9,0,2,0,0,0,0,0,0,4,1,6,2,39,7,1995,2,9,2,1
201401QA10368,2,9,0,18,0,0,0,4,0,0,4,1,6,2,-1,-1,1796,1,2,3,1
201401QA10370,1,9,0,18,0,1,0,0,0,0,1,1,6,1,20,4,1242,1,-1,7,1
201401QA10370,2,1,0,18,0,1,0,0,0,0,4,1,6,1,8,2,-1,-1,-1,3,1
201401QA10375,1,9,0,18,0,0,5,4,0,0,1,1,2,1,28,6,998,1,14,6,1
201401QA10375,2,9,0,2,0,0,0,0,0,0,2,1,6,1,62,9,1229,1,8,-1,-1
201401QA10376,1,1,0,18,0,8,0,0,0,0,1,1,6,1,44,7,-1,-1,-1,9,1
201401QA10376,2,9,0,1,0,8,0,0,0,0,4,1,6,1,-1,-1,-1,-1,-1,-1,-1
201401QA10377,1,9,0,18,0,0,0,10,5,2,3,1,6,2,25,5,1794,1,12,10,1
201401QA10378,1,9,0,18,0,8,0,0,0,0,1,1,6,2,77,11,1388,1,5,-1,-1
201401QA10378,2,19,0,18,0,8,0,0,0,0,4,1,6,1,20,4,1753,2,4,3,1
201401QA10379,1,2,0,18,0,1,0,0,0,0,4,1,1,1,21,5,49,1,8,2,1
201401QA10379,2,9,0,13,0,1,0,0,0,0,3,1,6,1,32,6,1997,1,14,6,1
201401QA10380,1,9,0,18,0,1,0,0,0,0,4,1,6,1,42,7,1997,1,5,6,1
201401QA10381,1,9,0,4,0,1,0,0,0,0,1,1,1,1,25,5,1360,1,13,4,1
201401QA10381,2,9,0,4,0,1,0,0,0,0,2,1,6,2,20,4,999,1,-1,5,1
201401QA10386,1,11,0,2,0,1,0,0,0,0,0,1,1,1,34,6,4500,2,3,4,1
201401QA10387,1,9,0,3,0,1,0,0,0,0,2,1,6,1,54,8,1596,1,12,6,1
201401QA10387,2,9,0,18,0,1,0,0,0,0,1,1,6,3,-1,-1,1796,1,14,-1,-1
201401QA10388,1,9,0,2,0,0,0,0,0,0,2,1,6,1,64,9,2685,2,11,-1,-1
201401QA10388,2,9,0,18,0,0,0,4,0,0,1,1,6,1,-1,-1,1596,1,12,-1,-1
201401QA10389,1,9,0,9,0,2,0,0,0,0,3,1,6,1,54,8,1299,1,11,9,1
201401QA10389,2,3,0,18,0,1,1,0,0,0,1,1,6,1,19,4,-1,-1,-1,2,1
201401QA10390,1,9,0,17,0,8,0,0,0,0,1,1,2,2,-1,-1,1299,1,14,6,1
201401QA10390,2,19,0,16,0,8,0,0,0,0,3,1,6,3,-1,-1,-1,-1,-1,-1,-1
201401QA10391,1,2,0,14,0,1,0,0,0,0,4,1,6,2,16,4,-1,-1,-1,6,1
201401QA10391,2,9,0,3,0,1,0,0,0,0,3,1,6,2,-1,-1,-1,-1,-1,7,1
201401QA10392,1,9,0,9,0,1,0,0,0,0,1,1,6,2,28,6,-1,-1,-1,4,1
201401QA10392,2,9,0,18,0,1,0,0,0,0,4,1,6,2,34,6,1995,2,12,5,1
201401QA10393,1,9,0,18,0,8,1,0,0,0,3,1,1,2,29,6,1197,1,-1,7,1
201401QA10393,2,9,0,9,0,8,0,0,0,0,1,1,6,1,76,11,1332,1,17,6,1
201401QA10394,1,9,0,18,0,1,0,0,0,0,4,1,6,1,26,6,1296,1,7,5,1
201401QA10394,2,9,0,12,0,1,0,0,0,0,3,1,6,2,31,6,1364,1,7,5,1
201401QA10395,1,9,0,18,0,2,0,0,0,0,3,1,6,1,24,5,1796,1,9,7,1
201401QA10396,1,9,0,3,0,1,0,0,0,0,2,1,6,1,34,6,1796,1,8,4,1
201401QA10396,2,9,0,3,0,1,0,0,0,0,2,1,6,1,72,10,1797,8,3,10,1
201401QA10396,3,9,0,5,0,1,0,0,0,0,1,1,6,2,29,6,2143,2,1,7,1
201401QA10397,1,9,0,3,0,0,0,0,0,0,2,1,2,2,57,9,1598,1,14,4,1
201401QA10397,2,9,0,4,0,0,0,0,0,0,1,1,2,2,37,7,1598,1,13,6,1
201401QA10399,1,9,0,13,0,1,0,0,0,0,1,1,6,1,26,6,1242,1,8,6,2
201401QA10399,2,9,0,9,0,1,0,10,7,0,2,1,6,1,27,6,1390,1,-1,4,1
201401QA10400,1,1,0,17,0,8,0,0,0,0,4,1,6,1,44,7,-1,-1,-1,8,1
201401QA10400,2,9,0,5,0,8,0,0,0,0,1,1,6,1,-1,-1,1990,1,11,5,1
201401QA10401,1,9,0,7,0,8,0,0,0,0,4,1,6,1,-1,-1,1968,2,7,10,1