Accident_Index,Vehicle_Reference,Vehicle_Type,Towing_and_Articulation,Vehicle_Manoeuvre,Vehicle_Location-Restricted_Lane,Junction_Location,Skidding_and_Overturning,Hit_Object_in_Carriageway,Vehicle_Leaving_Carriageway,Hit_Object_off_Carriageway,1st_Point_of_Impact,Was_Vehicle_Left_Hand_Drive?,Journey_Purpose_of_Driver,Sex_of_Driver,Age_of_Driver,Age_Band_of_Driver,Engine_Capacity_(CC),Propulsion_Code,Age_of_Vehicle,Driver_IMD_Decile,Driver_Home_Area_Type
201401QA10401,2,1,0,18,0,8,0,0,0,0,3,1,6,1,45,7,-1,-1,-1,7,1
201401QA10402,1,9,0,3,0,8,0,0,0,0,2,1,6,2,46,8,2179,2,12,4,1
201401QA10402,2,9,0,5,0,8,0,0,0,0,1,1,6,1,-1,-1,-1,-1,-1,-1,-1
201401QA10405,1,9,0,9,0,1,0,0,0,0,4,1,6,2,89,11,-1,-1,-1,9,1
201401QA10405,2,9,0,15,0,1,0,0,0,0,1,1,6,2,73,10,1388,1,5,10,1
201401QA10406,1,9,0,9,0,8,0,0,0,0,4,1,6,1,50,8,1895,1,14,8,1
201401QA10406,2,3,0,18,0,8,0,0,0,0,1,1,6,1,23,5,124,1,2,5,1
201401QA10407,1,9,0,3,0,1,0,0,0,0,2,1,6,1,31,6,2148,2,9,6,1
201401QA10407,2,1,0,18,0,1,0,0,0,0,1,1,6,1,24,5,-1,-1,-1,6,1
201401QA10408,1,5,0,18,0,1,0,0,0,0,0,1,6,1,43,7,1130,1,12,5,1
201401QA10408,2,19,0,9,0,2,0,0,0,0,0,1,6,1,35,6,2198,2,-1,4,1
201401QA10410,1,3,0,13,0,1,0,0,0,0,4,1,6,1,31,6,125,1,-1,4,1
201401QA10410,2,9,0,9,0,1,0,0,0,0,1,1,6,1,-1,-1,1796,1,8,-1,-1
201401QA10411,1,9,0,9,0,1,0,0,0,0,1,1,6,2,52,8,2148,2,7,8,1
201401QA10411,2,9,0,18,0,1,0,0,0,0,1,1,6,1,34,6,2494,1,23,8,1
201401QA10412,1,9,0,9,0,2,0,0,0,0,1,1,2,1,45,7,2198,1,6,4,1
201401QA10413,1,9,0,18,0,1,0,0,0,0,1,1,1,1,20,4,1388,1,7,10,1
201401QA10414,1,11,0,5,0,0,0,0,0,0,0,1,1,1,61,9,7300,2,12,10,1
201401QA10415,1,9,0,4,0,8,0,0,0,0,2,1,1,1,41,7,993,1,11,4,1
201401QA10415,2,19,0,18,0,8,0,0,0,0,1,1,6,1,30,6,1598,2,3,3,1
201401QA10416,1,9,0,3,0,1,0,0,0,0,2,1,6,2,36,7,1149,1,7,4,1
201401QA10416,2,19,0,18,0,1,0,0,0,0,1,1,1,1,37,7,1995,2,2,10,2
201401QA10417,1,9,0,18,0,0,0,10,1,2,1,1,6,1,85,11,998,1,-1,8,1
201401QA10419,1,9,0,18,0,2,0,4,0,0,1,1,6,2,36,7,1275,1,17,-1,-1
201401QA10419,2,9,0,2,0,2,0,0,0,0,1,1,6,1,-1,-1,-1,-1,-1,-1,-1
201401QA10420,1,9,0,18,0,8,0,0,0,0,4,1,6,1,22,5,1242,1,2,7,1
201401QA10420,2,5,0,18,0,8,0,0,0,0,3,1,6,1,55,8,600,1,8,5,1
201401QA10421,1,3,0,7,0,8,0,0,0,0,0,1,2,1,22,5,124,1,6,7,1
201401QA10422,1,9,0,18,0,0,0,0,0,0,4,1,6,2,36,7,1598,1,9,5,1
201401QA10423,1,9,0,15,0,1,0,0,0,0,3,1,6,1,64,9,-1,-1,-1,6,1
201401QA10423,2,9,0,11,0,1,0,0,0,0,4,1,6,1,57,9,2982,2,5,8,1
201401QA10425,1,9,0,18,0,0,0,0,0,0,1,1,6,2,59,9,1598,1,14,6,1
201401QA10426,1,11,0,4,0,1,0,0,0,0,0,1,1,1,32,6,9000,2,5,5,1
201401QA10428,1,9,0,18,0,1,0,0,0,0,4,1,2,1,76,11,1798,1,3,8,1
201401QA10430,1,9,0,18,0,0,0,4,0,0,1,1,6,1,57,9,996,1,3,-1,-1
201401QA10430,2,9,0,2,0,0,0,0,0,0,4,1,6,1,-1,-1,1984,1,4,6,1
201401QA10431,1,9,0,18,0,8,0,10,3,10,1,1,6,1,-1,-1,1598,1,9,10,1
201401QA10432,1,9,0,18,0,2,0,0,0,0,4,1,6,1,29,6,1995,2,3,-1,-1
201401QA10434,1,9,0,18,0,1,0,0,0,0,1,1,6,1,22,5,1242,1,2,5,1
201401QA10434,2,19,0,9,0,1,0,0,0,0,4,1,2,1,36,7,-1,-1,-1,8,1
201401QA10435,1,9,0,10,0,1,0,0,0,0,2,1,1,1,36,7,2148,2,8,5,1
201401QA10435,2,9,0,18,0,1,0,0,0,0,1,1,6,3,-1,-1,3199,1,10,-1,-1
201401QA10436,1,19,0,5,0,8,0,0,0,0,4,1,1,1,23,5,2402,2,3,8,1
201401QA10438,1,1,0,9,0,8,0,0,0,0,4,1,6,2,77,11,-1,-1,-1,9,1
201401QA10438,2,9,0,18,0,8,0,0,0,0,1,1,6,1,29,6,1910,2,7,4,1
201401QA10439,1,9,0,9,0,8,0,0,0,0,4,1,6,1,24,5,1390,1,12,6,1
201401QA10439,2,4,0,18,0,8,0,0,0,0,1,1,6,1,43,7,899,1,14,4,1
201401QA10441,1,9,0,5,0,1,0,0,0,0,1,1,6,1,37,7,1997,1,10,4,1
201401QA10441,2,1,0,18,0,1,0,0,0,0,3,1,6,1,39,7,-1,-1,-1,7,1
201401QA10442,1,9,0,6,0,0,0,0,0,0,3,1,6,1,43,7,1587,1,21,6,1
201401QA10442,2,3,0,14,0,0,0,0,0,0,1,1,1,1,21,5,125,1,8,5,1
201401QA10444,1,19,0,18,0,2,0,0,0,0,4,1,6,1,49,8,1753,2,4,5,2
201401QA10445,1,90,0,9,0,8,0,0,0,0,3,1,1,2,24,5,-1,-1,-1,4,1
201401QA10445,2,11,0,9,0,8,0,0,0,0,4,1,1,1,51,8,9200,2,8,8,1
201401QA10446,1,9,0,9,0,8,0,0,0,0,3,1,6,2,67,10,1998,1,11,5,1
201401QA10446,2,9,0,13,0,8,0,10,3,4,4,1,6,1,42,7,998,1,18,6,1
201401QA10447,1,19,0,5,0,8,0,0,0,0,3,1,2,1,49,8,2402,2,9,2,1
201401QA10447,2,9,0,5,0,8,0,0,0,0,4,1,3,2,33,6,1497,8,9,6,1
201401QA10448,1,9,0,3,0,2,0,0,0,0,2,1,6,2,23,5,1248,1,1,5,1
201401QA10448,2,9,0,18,0,2,0,0,0,0,1,1,6,2,33,6,1332,1,9,10,1
201401QA10449,1,9,0,14,0,0,0,0,0,0,1,1,6,1,-1,-1,1339,1,4,9,1
201401QA10450,1,9,0,18,0,1,0,0,1,10,4,1,6,2,50,8,-1,-1,-1,6,1
201401QA10450,2,9,0,7,0,1,0,0,0,0,1,1,6,1,35,6,1598,1,14,5,1
201401QA10451,1,9,0,17,0,2,0,10,1,2,1,1,6,1,35,6,1997,2,9,6,1
201401QA10452,1,9,0,18,0,2,0,0,0,0,1,1,6,2,22,5,1995,2,5,6,1
201401QA10452,2,19,0,4,0,2,0,0,0,0,2,1,6,1,-1,-1,1998,2,11,-1,-1
201401QA10453,1,9,0,3,0,2,0,0,0,0,2,1,6,2,41,7,-1,-1,-1,3,1
201401QA10453,2,9,0,18,0,2,0,0,0,0,1,1,6,2,36,7,1968,2,7,4,1
201401QA10454,1,11,0,2,0,0,0,0,0,0,0,1,1,2,50,8,7300,2,9,4,1
201401QA10455,1,9,0,18,0,0,0,0,0,0,2,1,6,1,53,8,1598,1,12,9,1
201401QA10455,2,9,0,18,0,0,0,0,0,0,1,1,6,1,17,4,1198,1,1,9,1
201401QA10456,1,9,0,2,0,2,0,0,0,0,2,1,6,1,-1,-1,-1,-1,-1,-1,-1
201401QA10456,2,1,0,18,0,2,0,4,0,0,1,1,6,1,19,4,-1,-1,-1,2,1
201401QA10458,1,9,0,18,0,1,0,0,0,0,1,1,6,3,-1,-1,-1,-1,-1,-1,-1
201401QA10459,1,9,0,4,0,0,0,0,0,0,2,1,6,1,58,9,1998,1,8,5,1
201401QA10459,2,9,0,4,0,0,0,0,0,0,1,1,6,2,81,11,1198,1,1,3,1
201401QA10460,1,9,0,9,0,2,0,0,0,0,1,1,6,1,65,9,1390,1,13,5,1
201401QA10460,2,1,0,18,0,1,0,0,0,0,3,1,6,1,30,6,-1,-1,-1,6,1
201401QA10462,1,9,0,4,0,1,0,0,0,0,4,1,2,2,51,8,1339,1,2,9,1
201401QA10462,2,1,0,9,0,1,0,0,0,0,1,1,6,1,13,3,-1,-1,-1,9,1
201401QA10463,1,9,0,18,0,1,0,0,0,0,1,1,6,1,30,6,1995,2,5,6,1
201401QA10463,2,9,0,3,0,1,0,0,0,0,2,1,6,1,54,8,1595,1,11,10,1
201401QA10463,3,9,0,3,0,1,0,0,0,0,2,1,6,1,50,8,1985,1,14,6,2
201401QA10464,1,9,0,3,0,1,0,0,0,0,2,1,6,2,40,7,1998,1,13,3,1
201401QA10464,2,9,0,5,0,1,0,0,0,0,1,1,6,3,-1,-1,1497,1,14,-1,-1
201401QA10465,1,9,0,18,0,8,0,0,0,0,1,1,6,2,88,11,1600,1,9,4,1
201401QA10465,2,1,0,18,0,8,0,0,0,0,4,1,6,1,30,6,-1,-1,-1,4,1
201401QA10466,1,9,0,17,0,1,0,0,0,0,1,1,6,2,47,8,4196,1,6,10,1
201401QA10466,2,3,0,16,0,2,0,0,0,0,1,1,6,1,23,5,125,1,2,6,1
201401QA10467,1,5,0,13,0,1,1,0,0,0,0,1,1,1,29,6,-1,-1,-1,7,1
201401QA10467,2,9,0,9,0,1,0,0,0,0,0,1,6,3,-1,-1,-1,-1,-1,-1,-1
201401QA10468,1,9,0,18,2,1,0,0,0,0,3,1,2,1,53,8,1997,2,10,7,1
201401QA10469,1,9,0,18,0,0,0,0,0,0,1,1,6,1,49,8,-1,-1,-1,2,1
201401QA10469,2,9,0,18,0,0,0,0,0,0,1,1,6,1,38,7,1997,2,11,8,1
201401QA10470,1,2,0,18,0,0,0,0,0,0,4,1,6,1,21,5,49,1,4,8,1
201401QA10470,2,9,0,6,0,0,0,0,0,0,3,1,6,1,26,6,1398,2,7,2,1
201401QA10472,1,9,0,16,0,1,0,4,0,0,1,1,2,1,46,8,1598,1,6,6,1
201401QA10472,2,9,0,2,0,1,0,0,0,0,2,1,6,1,-1,-1,-1,-1,-1,-1,-1
201401QA10474,1,11,0,18,0,2,0,0,0,0,3,1,1,1,32,6,-1,-1,-1,8,1
201401QA10474,2,9,0,18,0,2,0,0,0,0,4,1,6,2,41,7,1997,1,2,3,1
201401QA10475,1,9,0,18,0,0,0,0,0,0,4,1,6,2,41,7,2354,1,10,6,1
201401QA10476,1,9,0,1,0,1,0,0,0,0,2,1,6,1,30,6,1596,1,18,3,1
201401QA10477,1,19,0,18,0,0,0,10,1,10,4,1,1,1,42,7,2198,2,4,4,1
201401QA10477,2,9,0,2,0,0,0,0,0,0,3,1,6,2,43,7,-1,-1,-1,-1,-1
201401QA10477,3,9,0,2,0,0,0,0,0,0,3,1,6,1,-1,-1,1341,1,10,-1,-1
201401QA10477,4,9,0,18,0,0,0,4,0,0,4,1,6,1,78,11,1339,1,11,6,1
201401QA10479,1,9,0,4,0,2,0,0,0,0,1,1,6,1,19,4,998,1,11,6,1
201401QA10479,2,9,0,4,0,2,0,0,0,0,2,1,6,1,45,7,1560,2,1,5,1
201401QA10481,1,9,0,18,0,0,0,0,0,0,3,1,6,2,22,5,1299,1,14,6,1
201401QA10481,2,2,0,11,0,0,0,0,0,0,4,1,6,1,60,9,50,1,6,4,1
201401QA10483,1,9,0,9,0,1,0,0,0,0,3,1,6,2,39,7,1796,1,13,4,1
201401QA10483,2,3,0,13,0,1,0,0,0,0,1,1,6,1,19,4,125,1,-1,3,1
201401QA10484,1,11,0,18,0,0,0,0,0,0,1,1,1,1,54,8,9200,2,11,4,1
201401QA10485,1,9,0,18,0,2,0,0,0,0,1,1,6,3,-1,-1,-1,-1,-1,-1,-1
201401QA10486,1,9,0,2,0,1,0,0,0,0,2,1,6,1,35,6,1797,8,-1,6,1
201401QA10486,2,9,0,1,0,1,0,4,0,0,2,1,6,2,27,6,1896,2,6,5,1
201401QA10487,1,9,0,9,0,8,0,0,0,0,4,1,2,1,33,6,1560,2,4,-1,1
201401QA10487,2,9,0,18,0,8,0,0,0,0,1,1,2,2,40,7,1968,2,-1,7,1
201401QA10488,1,9,0,18,0,8,0,0,0,0,1,1,6,2,20,4,1149,1,6,4,1
201401QA10488,2,9,0,9,0,8,0,0,0,0,4,1,6,1,40,7,1995,2,9,4,1
201401QA10489,1,9,0,18,0,8,0,0,0,0,1,1,6,2,25,5,1329,1,4,6,1
201401QA10489,2,9,0,18,0,8,0,0,0,0,3,1,6,1,27,6,1968,2,4,9,1
201401QA10490,1,9,0,17,0,0,0,4,0,0,4,1,6,2,23,5,1242,1,-1,3,1
201401QA10490,2,9,0,2,0,0,0,0,0,0,3,1,6,1,38,7,1896,2,8,-1,-1
201401QA10491,1,9,0,13,0,2,0,0,0,0,4,1,6,1,50,8,-1,-1,-1,6,1
201401QA10491,2,19,0,6,0,2,0,0,0,0,1,1,6,1,42,7,2148,2,7,-1,1
201401QA10492,1,19,0,5,0,0,0,0,0,0,1,1,6,1,-1,-1,-1,-1,-1,-1,-1
201401QA10493,1,9,0,9,0,2,0,0,0,0,1,1,1,1,30,6,1991,1,1,9,1
201401QA10493,2,9,0,18,0,1,0,0,0,0,4,1,1,2,49,8,1364,2,7,7,1
201401QA10494,1,9,0,18,0,1,0,0,0,0,1,1,6,1,62,9,1997,2,8,6,1
201401QA10494,2,9,0,14,0,2,0,0,0,0,1,1,6,1,72,10,2976,1,10,5,1
201401QA10495,1,9,0,4,0,8,0,0,0,0,2,1,6,1,39,7,1598,1,5,7,1
201401QA10495,2,9,0,5,0,8,0,0,0,0,1,1,6,3,-1,-1,-1,-1,-1,-1,-1
201401QA10497,1,9,0,18,0,0,1,0,1,4,1,1,6,2,23,5,1360,1,14,4,1
201401QA10500,1,9,0,9,0,8,0,0,0,0,3,1,3,2,32,6,1995,2,2,9,1
201401QA10501,1,9,0,18,0,1,0,0,0,0,4,1,6,1,60,9,998,1,12,-1,-1
201401QA10502,1,5,0,13,0,8,0,0,0,0,1,1,6,1,40,7,471,1,-1,7,1
201401QA10502,2,9,0,9,0,8,0,0,0,0,3,1,6,1,44,7,1591,1,1,8,1
201401QA10504,1,9,0,17,0,1,0,10,2,1,4,1,2,1,38,7,1332,1,16,3,1
201401QA10505,1,9,0,18,0,0,0,0,0,0,4,1,6,2,-1,-1,-1,-1,-1,-1,-1
201401QA10507,1,9,0,18,0,0,0,10,7,10,1,1,6,2,50,8,2143,2,2,7,1
201401QA10508,1,9,0,3,0,1,0,0,0,0,2,1,6,2,39,7,1995,2,3,4,1
201401QA10508,2,9,0,18,0,1,0,0,0,0,1,1,6,3,-1,-1,-1,-1,-1,-1,-1
201401QA10510,1,9,0,18,0,0,0,0,0,0,4,1,6,1,54,8,2362,1,14,7,1
201401QA10511,1,9,0,17,0,0,0,0,0,0,1,1,6,2,48,8,1588,1,11,6,1
201401QA10511,2,9,0,16,0,0,0,0,0,0,1,1,6,1,33,6,1896,2,7,6,1
201401QA10512,1,9,0,3,0,1,0,0,0,0,2,1,6,1,67,10,2148,2,7,4,1
201401QA10512,2,9,0,5,0,1,0,0,0,0,1,1,6,2,-1,-1,1348,1,13,-1,-1
201401QA10513,1,9,0,1,0,0,0,0,0,0,2,1,6,1,72,10,1794,1,11,7,1
201401QA10514,1,3,0,13,0,1,0,0,0,0,2,1,6,1,18,4,108,1,1,10,1
201401QA10514,2,9,0,5,0,1,0,0,0,0,1,1,6,1,51,8,2488,2,8,4,1
201401QA10515,1,9,0,5,0,0,0,0,0,0,1,1,6,1,53,8,1498,1,3,7,1
201401QA10517,1,11,0,4,0,0,0,0,0,0,0,1,1,3,-1,-1,9000,2,7,-1,-1
201401QA10518,1,9,0,18,0,1,0,0,0,0,1,1,6,1,68,10,1364,1,7,9,1
201401QA10519,1,9,0,5,0,1,0,0,0,0,1,1,6,2,46,8,-1,-1,-1,7,1
201401QA10519,2,9,0,18,0,1,0,0,0,0,4,1,6,1,19,4,1198,1,9,6,1
201401QA10520,1,9,0,18,0,0,0,0,0,0,4,1,6,1,30,6,4163,1,7,6,1
201401QA10520,2,9,0,18,0,0,0,0,0,0,3,1,6,1,49,8,1998,1,9,4,1
201401QA10521,1,9,0,9,0,8,0,4,0,0,4,1,6,2,45,7,2148,2,9,9,3
201401QA10521,2,9,0,18,0,8,0,0,0,0,1,1,6,1,25,5,1996,2,6,7,1
201401QA10522,1,9,0,18,0,1,0,0,0,0,3,1,6,1,45,7,1800,1,14,8,1
201401QA10522,2,9,0,11,0,1,0,0,0,0,4,1,6,2,-1,-1,1794,1,5,-1,-1
201401QA10524,1,9,0,5,0,8,0,0,0,0,3,1,6,1,30,6,1968,2,2,7,1
201401QA10524,2,9,0,5,0,8,0,0,0,0,4,1,6,1,-1,-1,-1,-1,-1,-1,-1
201401QA10526,1,9,0,9,0,8,0,0,0,0,1,1,6,1,31,6,2000,1,9,10,1
201401QA10526,2,9,0,7,0,8,0,0,0,0,3,1,6,2,32,6,1198,1,7,3,1
201401QA10527,1,9,0,18,0,2,0,0,0,0,1,1,6,1,60,9,1951,2,10,10,1
201401QA10528,1,9,0,16,0,0,0,0,0,0,1,1,6,1,47,8,1497,1,12,4,1
201401QA10529,1,9,0,7,0,8,0,0,0,0,3,1,6,1,20,4,1229,1,2,4,1
201401QA10529,2,9,0,7,0,8,0,9,3,0,4,1,6,1,30,6,1796,1,10,2,1
201401QA10530,1,9,0,9,0,8,0,0,0,0,4,1,6,1,49,8,1598,1,12,2,1
201401QA10530,2,3,0,13,0,8,0,0,0,0,1,1,6,1,21,5,-1,-1,-1,3,1
201401QA10531,1,9,0,7,0,8,0,0,0,0,1,1,6,2,-1,-1,-1,-1,-1,-1,-1
201401QA10532,1,9,0,8,0,8,0,0,0,0,2,1,6,1,49,8,1598,1,10,6,1
201401QA10532,2,19,0,7,0,8,0,0,0,0,1,1,6,3,-1,-1,-1,-1,-1,-1,-1
201401QA10533,1,9,0,5,0,2,0,0,0,0,1,1,6,1,-1,-1,-1,-1,-1,-1,-1
201401QA10534,1,9,0,7,0,1,0,0,0,0,1,1,6,2,32,6,1246,1,9,6,1
201401QA10535,1,19,0,7,0,8,0,0,0,0,4,1,1,1,43,7,2198,2,1,4,1
201401QA10535,2,1,0,15,0,8,0,0,0,0,1,1,6,1,42,7,-1,-1,-1,5,1
201401QA10536,1,9,0,8,0,8,0,0,0,0,2,1,6,1,33,6,1197,1,1,2,1
201401QA10536,2,9,0,9,0,8,0,0,0,0,1,1,6,1,-1,-1,1995,1,11,-1,-1
201401QA10537,1,9,0,18,0,8,0,0,0,0,3,1,6,2,41,7,1783,1,12,4,1
201401QA10537,2,9,0,18,0,8,0,0,0,0,1,1,6,1,-1,-1,1596,1,10,-1,-1
201401QA10538,1,9,0,9,0,8,0,0,0,0,0,1,6,1,43,7,1997,2,1,-1,-1
201401QA10538,2,3,0,18,0,8,0,0,0,0,3,1,6,2,41,7,-1,-1,-1,2,1
201401QA10540,1,11,0,18,0,2,0,0,0,0,4,1,6,3,-1,-1,-1,-1,-1,-1,-1
201401QA10541,1,9,0,18,0,0,0,0,0,0,1,1,6,1,32,6,1498,1,7,10,1
201401QA10542,1,9,0,18,0,8,0,0,0,0,3,1,6,1,47,8,1328,1,13,9,1
201401QA10542,2,9,0,9,0,8,0,0,0,0,1,1,6,3,-1,-1,-1,-1,-1,-1,-1
201401QA10545,1,8,0,2,0,0,0,0,0,0,2,1,1,1,47,8,1497,8,5,6,1
201401QA10545,2,9,0,1,0,0,0,4,0,0,2,1,6,1,-1,-1,1199,1,10,-1,-1
201401QA10546,1,9,0,18,0,2,0,0,0,0,1,1,1,2,46,8,1497,8,-1,7,3
201401QA10547,1,3,0,18,0,1,0,0,0,0,0,1,1,1,34,6,125,1,8,7,1
201401QA10548,1,19,0,18,0,0,0,0,0,0,1,1,1,1,47,8,-1,-1,-1,7,3
201401QA10549,1,11,0,18,0,0,0,0,0,0,0,1,1,1,33,6,9200,2,8,7,1
201401QA10550,1,9,0,17,0,8,0,0,0,0,4,1,6,2,30,6,1596,1,6,9,1
201401QA10550,2,9,0,9,0,8,0,0,0,0,1,1,6,1,52,8,1398,1,-1,7,1
201401QA10551,1,9,0,4,0,0,0,0,0,0,2,1,6,1,34,6,1332,1,14,9,1
201401QA10551,2,19,0,18,0,0,0,10,1,4,1,1,1,1,20,4,2999,2,11,5,1
201401QA10552,1,9,0,4,0,1,0,0,0,0,1,1,6,1,31,6,1686,2,12,5,1
201401QA10552,2,8,0,3,0,1,0,0,0,0,2,1,1,1,60,9,1753,2,7,9,1
201401QA10554,1,9,0,18,0,0,0,0,0,0,4,1,6,2,38,7,2171,1,12,7,1
201401QA10555,1,11,0,2,0,2,0,0,0,0,0,1,1,1,-1,-1,-1,-1,-1,-1,-1
201401QA10556,1,9,0,18,0,8,0,0,0,0,1,1,6,1,20,4,1388,1,8,5,1
201401QA10557,1,9,0,7,0,2,0,10,1,10,4,1,6,1,35,6,1229,1,2,5,1
201401QA10558,1,9,0,18,0,0,0,0,0,0,1,1,6,3,-1,-1,-1,-1,-1,-1,-1
201401QA10558,2,1,0,18,0,0,0,0,0,0,4,1,6,1,9,2,-1,-1,-1,5,1
201401QA10559,1,9,0,18,0,8,0,10,1,10,1,1,6,2,25,5,1796,1,16,6,1
201401QA10560,1,19,0,6,0,8,0,0,0,0,3,1,6,1,39,7,-1,-1,-1,6,1
201401QA10560,2,9,0,18,0,8,0,0,0,0,1,1,6,2,48,8,2319,1,18,5,1
201401QA10561,1,9,0,9,0,5,0,0,0,0,4,1,6,1,83,11,1997,2,12,7,1
201401QA10561,2,9,0,5,0,6,0,0,0,0,1,1,6,2,37,7,1390,1,13,2,1
201401QA10562,1,9,0,9,0,6,0,0,0,0,1,1,6,1,30,6,1598,1,7,2,1
201401QA10563,1,9,0,7,0,8,0,0,0,0,4,1,6,2,22,5,1242,1,1,10,3
201401QA10564,1,9,0,18,0,1,0,0,0,0,1,1,6,1,69,10,1396,1,1,-1,-1
201401QA10565,1,9,0,5,0,8,0,0,0,0,1,1,6,2,50,8,-1,-1,-1,-1,-1
201401QA10566,1,9,0,18,0,8,0,0,0,0,3,1,6,2,35,6,1986,2,9,4,1
201401QA10566,2,9,0,9,0,6,0,0,0,0,1,1,6,1,-1,-1,1560,2,-1,6,1
201401QA10567,1,3,0,5,0,8,0,0,1,7,3,1,2,1,34,6,124,1,1,5,1
201401QA10567,2,9,0,9,0,5,0,0,0,0,1,1,6,1,72,10,1995,2,9,6,1
201401QA10568,1,11,0,7,0,6,0,0,0,0,1,1,1,2,61,9,7300,2,10,2,1
201401QA10569,1,8,0,18,0,8,0,0,0,0,3,1,1,1,54,8,2148,2,6,4,1
201401QA10569,2,9,0,9,0,6,0,0,0,0,4,1,6,1,27,6,1896,2,14,5,1
201401QA10570,1,3,0,3,0,1,0,0,0,0,2,1,6,1,32,6,125,1,-1,4,1
201401QA10570,2,9,0,18,0,1,0,0,0,0,1,1,6,2,35,6,-1,-1,-1,5,1
201401QA10572,1,9,0,16,0,8,0,0,0,0,1,1,6,2,32,6,-1,-1,-1,9,1
201401QA10572,2,9,0,9,0,8,0,0,0,0,1,1,6,2,49,8,1991,2,5,9,1
201401QA10573,1,9,0,18,0,0,0,0,0,0,1,1,6,1,-1,-1,1951,2,10,5,1
201401QA10574,1,9,0,6,0,8,0,0,0,0,1,1,6,2,81,11,1689,2,11,9,1
201401QA10574,2,8,0,18,0,8,0,10,1,0,3,1,1,1,28,6,1794,1,8,7,1
201401QA10575,1,9,0,9,0,8,0,0,0,0,1,1,6,2,-1,-1,1984,1,13,-1,-1
201401QA10576,1,9,0,9,0,8,0,0,0,0,3,1,6,2,58,9,-1,-1,-1,10,1
201401QA10576,2,9,0,18,0,8,0,0,0,0,1,1,6,1,37,7,2497,2,12,7,1
201401QA10577,1,11,0,6,0,8,0,0,0,0,4,1,1,1,34,6,4500,2,5,4,1
201401QA10577,2,9,0,18,0,8,0,0,0,0,1,1,6,1,42,7,2967,2,5,6,1
201401QA10578,1,9,0,18,0,0,0,0,0,0,1,1,6,1,-1,-1,1596,1,1,7,1
201401QA10579,1,9,0,18,0,1,0,0,0,0,1,1,6,3,-1,-1,-1,-1,-1,-1,-1
201401QA10579,2,9,0,4,0,1,0,0,0,0,2,1,6,1,81,11,1910,2,6,6,1
201401QA10579,3,9,0,4,0,1,0,0,0,0,2,1,2,1,25,5,1995,2,2,6,1
201401QA10580,1,9,0,4,0,1,0,0,0,0,2,1,1,1,57,9,1896,2,7,7,1
201401QA10580,2,9,0,18,0,1,0,0,0,0,1,1,6,1,-1,-1,1968,2,11,-1,-1
201401QA10581,1,9,0,18,0,8,0,0,0,0,3,1,1,2,39,7,1597,1,5,-1,-1
201401QA10581,2,1,0,17,0,8,0,0,0,0,4,1,1,1,49,8,-1,-1,-1,1,1
201401QA10582,1,9,0,18,0,8,0,0,0,0,4,1,6,1,52,8,1769,1,12,4,1
201401QA10582,2,11,0,7,2,6,0,0,0,0,3,1,1,1,39,7,5883,2,12,-1,-1
201401QA10583,1,9,0,5,0,1,0,0,0,0,1,1,6,1,45,7,2993,2,9,6,1
201401QA10583,2,9,0,3,0,1,0,0,0,0,2,1,6,2,43,7,998,1,-1,7,1
201401QA10584,1,11,0,3,2,0,0,0,0,0,0,1,1,1,32,6,7300,2,11,1,1
201401QA10585,1,11,0,5,0,0,0,0,0,0,0,1,6,2,34,6,9000,2,5,6,1
201401QA10586,1,9,0,18,0,8,0,0,0,0,4,1,6,1,17,4,998,1,5,9,2
201401QA10586,2,9,0,9,0,5,0,0,0,0,3,1,6,1,57,9,1568,1,5,4,1
201401QA10587,1,9,0,7,0,2,0,10,7,10,1,1,6,1,70,10,-1,-1,-1,4,1
201401QA10588,1,9,0,9,0,8,0,0,0,0,3,1,6,1,26,6,1580,1,19,5,1
201401QA10588,2,3,0,18,0,8,0,0,0,0,1,1,6,1,48,8,125,1,5,8,1
201401QA10589,1,9,0,18,0,0,0,0,0,0,1,1,6,2,44,7,1396,1,14,6,1
201401QA10590,1,9,0,9,0,8,0,0,0,0,1,1,6,2,44,7,1399,1,8,3,1
201401QA10590,2,9,0,7,0,8,0,0,0,0,1,1,6,2,-1,-1,1896,2,10,-1,-1
201401QA10591,1,9,0,18,0,0,0,4,0,0,4,1,6,2,23,5,1995,2,9,6,1
201401QA10591,2,19,0,2,0,0,0,0,0,0,2,1,6,3,-1,-1,2198,2,8,-1,-1
201401QA10592,1,9,0,18,0,8,0,0,0,0,1,1,6,2,38,7,1248,2,1,2,1
201401QA10592,2,9,0,9,0,8,0,0,0,0,4,1,6,1,30,6,1781,1,15,5,1
201401QA10593,1,19,0,18,0,0,0,0,0,0,4,1,6,1,-1,-1,1997,2,-1,-1,-1
201401QA10594,1,9,0,18,0,2,0,0,0,0,0,1,6,2,65,9,3498,1,7,9,1
201401QA10595,1,9,0,18,0,8,0,10,0,0,4,1,6,2,32,6,2143,2,3,6,1
201401QA10595,2,9,0,9,0,8,0,0,0,0,1,1,6,2,-1,-1,1598,1,8,-1,-1
201401QA10596,1,9,0,2,0,0,0,0,0,0,3,1,1,1,-1,-1,1797,8,2,4,1
201401QA10596,2,1,0,18,0,0,0,8,0,0,4,1,2,1,57,9,-1,-1,-1,5,1
201401QA10597,1,9,0,18,0,8,0,0,0,0,1,1,6,2,43,7,2776,2,6,6,1
201401QA10597,2,9,0,9,0,8,0,0,0,0,4,1,6,1,27,6,1686,2,12,4,1
201401QA10598,1,9,0,2,0,1,0,0,0,0,2,1,6,1,33,6,1995,2,-1,9,1
201401QA10598,2,9,0,18,0,1,0,4,0,0,1,1,6,3,-1,-1,2685,2,11,-1,-1
201401QA10599,1,9,0,18,0,8,0,0,0,0,1,1,6,1,18,4,1229,1,7,3,1