Accident_Index,Vehicle_Reference,Vehicle_Type,Towing_and_Articulation,Vehicle_Manoeuvre,Vehicle_Location-Restricted_Lane,Junction_Location,Skidding_and_Overturning,Hit_Object_in_Carriageway,Vehicle_Leaving_Carriageway,Hit_Object_off_Carriageway,1st_Point_of_Impact,Was_Vehicle_Left_Hand_Drive?,Journey_Purpose_of_Driver,Sex_of_Driver,Age_of_Driver,Age_Band_of_Driver,Engine_Capacity_(CC),Propulsion_Code,Age_of_Vehicle,Driver_IMD_Decile,Driver_Home_Area_Type
201401QK50530,2,9,0,17,0,8,0,0,0,0,4,1,6,1,30,6,1596,1,9,2,1
201401QK50531,1,5,0,18,0,8,0,0,0,0,4,1,6,1,40,7,-1,-1,-1,-1,-1
201401QK50531,2,9,0,9,0,8,0,0,0,0,0,1,6,2,45,7,1598,1,9,4,1
201401QK50532,1,9,0,10,0,8,0,0,0,0,2,1,6,2,30,6,998,1,10,3,1
201401QK50532,2,9,0,18,0,8,0,0,0,0,1,1,6,1,34,6,1595,1,13,5,1
201401QK50533,1,9,0,3,0,0,0,0,0,0,2,1,6,1,33,6,2179,2,5,-1,1
201401QK50533,2,3,0,18,0,0,0,0,0,0,1,1,6,1,26,6,125,1,2,3,1
201401QK50534,1,9,0,5,0,1,0,0,0,0,1,1,6,2,21,5,1591,1,7,-1,-1
201401QK50535,1,1,0,18,0,1,0,0,0,0,1,1,6,2,22,5,-1,-1,-1,6,1
201401QK50535,2,9,0,9,0,2,0,0,0,0,3,1,6,2,-1,-1,-1,-1,-1,-1,-1
201401QK50537,1,11,0,5,0,0,0,0,0,0,0,1,1,3,-1,-1,-1,-1,-1,-1,-1
201401QK50538,1,5,0,10,0,8,0,0,0,0,2,1,6,1,57,9,749,1,21,3,1
201401QK50538,2,9,0,18,0,8,0,0,0,0,1,1,6,3,-1,-1,-1,-1,-1,-1,-1
201401QK50539,1,9,0,4,0,0,0,0,0,0,2,1,6,1,44,7,-1,-1,-1,-1,1
201401QK50539,2,9,0,18,0,0,0,0,0,0,1,1,6,1,29,6,1400,1,14,4,1
201401QK50540,1,9,0,9,2,5,0,0,0,0,4,1,1,1,61,9,1700,2,9,4,1
201401QK50540,2,3,0,18,2,8,1,0,0,0,1,1,6,1,18,4,125,1,7,-1,-1
201401QK50541,1,9,0,3,0,1,0,0,0,0,0,1,6,1,45,7,2597,1,10,2,1
201401QK50541,2,5,0,4,0,1,1,0,0,0,0,1,6,1,35,6,-1,-1,-1,1,1
201401QK50542,1,9,0,3,0,0,0,0,0,0,2,1,2,1,-1,-1,1747,1,11,4,1
201401QK50542,2,5,0,18,0,0,0,0,0,0,1,1,2,1,46,8,883,1,1,-1,-1
201401QK50543,1,9,0,18,0,0,0,0,0,0,4,1,2,1,38,7,1497,8,6,2,1
201401QK50545,1,19,0,18,0,2,0,0,0,0,1,1,2,1,21,5,2198,2,2,4,1
201401QK50547,1,5,0,13,0,0,0,0,0,0,3,1,6,1,44,7,999,1,6,6,1
201401QK50547,2,9,0,11,0,0,0,0,0,0,4,1,6,1,-1,-1,-1,-1,-1,-1,-1
201401QK50548,1,9,0,18,0,8,0,0,0,0,1,1,6,1,45,7,1997,2,7,2,1
201401QK50548,2,5,0,9,0,8,0,0,0,0,4,1,6,1,27,6,670,1,1,5,1
201401QK50549,1,9,0,9,0,1,0,0,0,0,3,1,6,2,60,9,1248,1,-1,2,1
201401QK50549,2,3,0,9,0,1,0,0,0,0,4,1,6,1,42,7,125,1,3,1,1
201401QK50550,1,1,0,18,0,0,0,0,0,0,1,1,6,1,26,6,-1,-1,-1,4,1
201401QK50550,2,9,0,4,0,0,0,0,0,0,2,1,6,3,-1,-1,-1,-1,-1,-1,-1
201401QK50551,1,9,0,9,0,6,0,0,0,0,4,1,6,1,31,6,1984,1,13,4,1
201401QK50551,2,9,0,3,0,8,0,0,0,0,4,1,6,2,43,7,1396,1,11,3,1
201401QK50551,3,9,0,10,0,8,0,0,0,0,2,1,6,1,31,6,1396,1,-1,3,1
201401QK50551,4,9,0,18,0,8,0,0,0,0,3,1,6,1,29,6,1769,1,9,5,1
201401QK50552,1,9,0,2,0,0,0,0,0,0,2,1,6,1,51,8,1895,1,14,6,1
201401QK50552,2,21,0,4,0,0,0,4,0,0,1,1,6,1,-1,-1,-1,-1,-1,-1,1
201401QK50553,1,9,0,18,2,0,0,0,0,0,3,1,6,1,23,5,3189,1,8,-1,1
201401QK50554,1,9,0,18,0,1,0,10,7,10,1,1,6,1,18,4,1390,1,11,5,1
201401QK50554,2,9,0,18,0,2,0,0,0,0,1,1,6,1,22,5,2494,1,13,-1,1
201401QK50555,1,9,0,18,0,1,0,0,0,0,1,1,6,2,33,6,1390,1,11,2,1
201401QK50556,1,9,0,9,0,1,0,0,0,0,3,1,6,2,24,5,1198,1,-1,5,1
201401QK50556,2,4,0,14,0,1,0,0,0,0,1,1,2,1,17,4,124,1,8,3,1
201401QK50557,1,90,0,9,0,2,0,10,1,2,1,1,6,1,27,6,-1,-1,-1,3,1
201401QK50558,1,9,0,3,0,1,0,0,0,0,2,1,6,1,34,6,1332,1,14,3,1
201401QK50558,2,9,0,18,0,1,0,0,0,0,1,1,6,1,-1,-1,1910,2,6,-1,-1
201401QK50559,1,19,0,18,0,0,0,0,0,0,3,1,6,1,52,8,1461,2,4,10,1
201401QK50560,1,9,0,4,0,1,0,0,0,0,2,1,6,2,24,5,1596,1,9,3,1
201401QK50560,2,9,0,18,0,1,0,0,0,0,1,1,6,1,33,6,1794,1,13,4,1
201401QK50561,1,3,0,18,0,1,0,0,0,0,1,1,6,1,31,6,125,1,2,4,1
201401QK50561,2,19,0,4,0,1,0,0,0,0,2,1,6,1,49,8,1995,2,6,8,1
201401QK50563,1,9,0,9,0,2,0,0,0,0,1,1,6,1,34,6,1799,1,5,1,1
201401QK50564,1,9,0,9,0,6,0,0,0,0,3,1,6,1,28,6,2231,2,7,4,1
201401QK50564,2,3,0,4,0,8,0,0,0,0,3,1,6,1,33,6,600,1,10,4,1
201401QK50564,3,9,0,10,0,8,0,0,0,0,3,1,6,2,43,7,-1,-1,-1,5,1
201401QK50565,1,3,0,5,0,8,0,0,0,0,3,1,1,1,23,5,125,1,6,1,1
201401QK50565,2,9,0,5,0,8,0,0,0,0,4,1,6,3,-1,-1,-1,-1,-1,-1,-1
201401QK50566,1,9,0,1,9,2,0,0,0,0,3,1,6,1,35,6,1900,2,14,3,1
201401QK50567,1,2,0,3,0,1,0,0,0,0,2,1,2,1,40,7,49,1,8,3,1
201401QK50567,2,1,0,3,0,1,0,0,0,0,2,1,6,1,33,6,-1,-1,-1,6,1
201401QK50567,3,21,0,14,0,1,0,0,0,0,4,1,1,1,40,7,12777,2,5,5,1
201401QK50568,1,3,0,18,0,8,0,0,0,0,3,1,6,1,18,4,124,1,2,-1,1
201401QK50568,2,9,0,9,0,8,0,0,0,0,1,1,6,1,-1,-1,998,1,9,-1,-1
201401QK50569,1,9,0,18,0,1,0,0,0,0,1,1,6,1,27,6,1975,1,6,4,1
201401QK50569,2,9,0,4,0,1,0,0,0,0,2,1,6,1,76,11,1796,1,2,7,1
201401QK50570,1,8,0,9,0,8,0,0,0,0,4,1,6,1,63,9,1896,2,7,10,1
201401QK50570,2,1,0,18,0,6,0,0,0,0,3,1,6,1,-1,-1,-1,-1,-1,3,1
201401QK50571,1,9,0,13,0,1,0,0,0,0,2,1,2,1,24,5,1968,2,1,6,1
201401QK50571,2,19,0,4,0,1,0,0,0,0,1,1,6,1,36,7,2402,2,8,3,1
201401QK50572,1,9,0,18,0,2,0,0,0,0,1,1,6,3,-1,-1,-1,-1,-1,-1,-1
201401QK50573,1,19,0,13,0,2,0,0,0,0,4,1,6,3,-1,-1,-1,-1,-1,-1,-1
201401QK50573,2,1,0,18,0,2,0,0,0,0,3,1,6,1,68,10,-1,-1,-1,6,1
201401QK50574,1,9,0,3,0,1,0,0,0,0,0,1,6,1,25,5,-1,-1,-1,4,1
201401QK50574,2,1,0,4,0,1,0,0,1,7,4,1,6,1,24,5,-1,-1,-1,6,1
201401QK50575,1,9,0,18,0,1,0,0,0,0,4,1,6,1,67,10,-1,-1,-1,5,1
201401QK50576,1,9,0,2,0,2,0,0,0,0,3,1,6,2,31,6,3189,1,9,2,1
201401QK50576,2,9,0,18,0,2,0,8,0,0,4,1,6,1,52,8,1497,1,8,1,1
201401QK50577,1,9,0,18,0,1,0,0,0,0,3,1,6,1,49,8,-1,-1,-1,3,1
201401QK50577,2,9,0,9,0,1,0,0,0,0,1,1,6,1,54,8,1997,2,6,5,1
201401QK50578,1,8,0,6,0,8,0,0,0,0,1,1,1,1,31,6,1797,8,4,1,1
201401QK50578,2,9,0,18,0,8,0,0,1,0,3,1,6,2,29,6,1596,1,7,-1,-1
201401QK50579,1,19,0,7,0,8,0,4,0,0,1,1,2,1,-1,-1,1870,2,8,3,1
201401QK50579,2,9,0,2,0,8,0,0,0,0,4,1,6,3,-1,-1,2967,2,6,-1,-1
201401QK50580,1,9,0,4,0,2,0,0,0,0,1,1,6,1,52,8,1329,1,2,3,1
201401QK50580,2,19,0,4,0,2,0,0,0,0,2,1,1,1,31,6,2198,2,4,2,1
201401QK50581,1,9,0,4,0,8,0,0,0,0,1,1,2,1,34,6,1598,1,7,6,1
201401QK50581,2,9,0,5,0,8,0,0,0,0,2,1,2,2,62,9,1997,1,10,6,1
201401QK50582,1,9,0,18,0,1,0,0,0,0,4,1,6,2,68,10,1995,2,6,6,1
201401QK50583,1,9,0,17,0,8,5,9,0,0,3,1,6,1,19,4,1796,1,6,5,1
201401QK50584,1,8,0,18,0,8,0,0,0,0,4,1,1,1,39,7,1497,8,6,6,1
201401QK50584,2,9,0,7,0,8,0,0,0,0,1,1,6,1,-1,-1,1896,2,9,-1,-1
201401QK50585,1,9,0,18,0,8,0,0,0,0,3,1,6,1,51,8,1968,2,6,1,1
201401QK50586,1,9,0,9,0,8,0,0,0,0,3,1,6,2,51,8,1956,2,3,1,1
201401QK50586,2,3,0,18,0,8,0,0,0,0,1,1,1,1,24,5,125,1,4,2,1
201401QK50587,1,8,0,2,0,0,0,0,0,0,2,1,1,1,41,7,1598,1,8,5,1
201401QK50587,2,9,0,18,0,0,0,4,0,0,1,1,6,2,23,5,1199,1,12,3,1
201401QK50588,1,19,0,18,0,1,0,0,0,0,4,1,1,1,26,6,-1,-1,-1,6,1
201401QK50589,1,1,0,18,0,0,0,0,0,0,3,1,6,1,-1,-1,-1,-1,-1,2,1
201401QK50589,2,9,0,18,0,0,0,0,0,0,3,1,6,1,-1,-1,-1,-1,-1,-1,-1
201401QK50590,1,9,0,9,0,1,0,0,0,0,1,1,6,1,41,7,-1,-1,-1,3,1
201401QK50591,1,19,0,18,0,0,0,0,0,0,1,1,1,1,39,7,1399,2,5,2,1
201401QK50592,1,8,0,11,0,0,0,0,0,0,0,1,1,1,44,7,1796,1,9,2,1
201401QK50592,2,3,0,18,0,0,0,0,0,0,0,1,6,1,17,4,124,1,3,1,1
201401QK50593,1,5,0,18,0,8,0,0,0,0,2,1,2,1,52,8,-1,-1,-1,4,1
201401QK50593,2,9,0,7,0,8,0,0,0,0,1,1,6,1,22,5,2179,2,3,5,1
201401QK50594,1,9,0,16,0,1,0,10,7,0,1,1,2,2,28,6,1360,1,12,3,1
201401QK50595,1,1,0,18,0,0,0,4,0,0,4,1,6,2,-1,-1,-1,-1,-1,2,1
201401QK50596,1,9,0,3,0,1,0,0,0,0,2,1,6,1,53,8,2497,2,8,1,1
201401QK50596,2,9,0,3,0,1,0,0,0,0,2,1,6,2,45,7,1598,1,15,4,1
201401QK50596,3,9,0,18,0,1,0,0,0,0,1,1,6,1,-1,-1,2987,2,7,-1,-1
201401QK50597,1,1,0,18,9,1,0,0,0,0,1,1,6,3,-1,-1,-1,-1,-1,-1,-1
201401QK50598,1,9,0,9,0,0,0,0,0,0,3,1,6,2,23,5,1596,1,9,2,1
201401QK50598,2,5,0,18,0,0,0,0,0,0,1,1,6,1,36,7,998,1,-1,5,1
201401QK50599,1,9,0,18,0,0,0,0,0,0,1,1,6,1,52,8,1590,1,10,-1,-1
201401QK50600,1,9,0,18,0,2,0,0,0,0,4,1,6,1,69,10,1388,1,6,6,1
201401QK50601,1,9,0,3,0,2,0,0,0,0,2,1,6,1,39,7,1986,2,9,2,1
201401QK50601,2,19,0,18,0,2,0,0,0,0,1,1,6,1,50,8,-1,-1,-1,-1,-1
201401QK50603,1,19,0,12,0,0,0,0,0,0,3,1,1,1,62,9,2287,2,2,1,1
201401QK50603,2,5,0,18,0,0,0,0,0,0,4,1,6,1,48,8,897,1,12,5,1
201401QK50604,1,3,0,4,0,1,1,0,0,0,1,1,6,1,21,5,125,1,3,4,1
201401QK50604,2,9,0,4,0,1,0,0,0,0,2,1,6,1,56,9,1997,2,7,3,1
201401QK50605,1,9,0,18,0,0,0,0,0,0,1,1,6,1,-1,-1,1600,1,9,-1,-1
201401QK50606,1,9,0,18,0,1,0,0,0,0,4,1,6,2,24,5,998,1,13,2,1
201401QK50607,1,9,0,9,0,5,1,0,1,0,4,1,6,2,30,6,1997,2,6,10,1
201401QK50607,2,9,0,18,0,8,0,0,1,0,1,1,1,1,28,6,1597,1,4,2,1
201401QK50608,1,9,0,3,0,8,0,0,0,0,2,1,1,1,38,7,1794,1,12,-1,-1
201401QK50608,2,9,0,5,0,8,0,0,0,0,1,1,6,1,50,8,2982,2,-1,2,1
201401QK50610,1,19,0,18,0,8,0,9,3,4,1,1,1,1,38,7,2463,2,8,5,1
201401QK50611,1,9,0,9,0,6,0,0,0,0,3,1,6,1,31,6,1995,1,4,6,1
201401QK50611,2,1,0,5,0,6,0,0,0,0,1,1,6,1,29,6,-1,-1,-1,6,1
201401QK50612,1,9,0,18,0,8,0,0,0,0,3,1,2,2,53,8,2000,1,11,8,1
201401QK50612,2,5,0,17,0,8,0,0,0,0,4,1,2,1,50,8,899,1,14,6,1
201401QK50613,1,11,0,4,0,1,0,0,0,0,0,1,1,1,37,7,9000,2,7,-1,-1
201401QK50614,1,9,0,18,0,0,0,0,0,0,1,1,6,1,62,9,1339,1,-1,5,1
201401QK50614,2,9,0,18,0,0,0,0,0,0,1,1,6,2,62,9,1399,1,3,3,1
201401QK50615,1,11,0,4,0,0,0,0,0,0,2,1,1,1,32,6,4500,2,4,-1,-1
201401QK50615,2,11,0,12,0,0,0,0,0,0,4,1,1,1,67,10,9186,2,-1,-1,-1
201401QK50616,1,9,0,18,0,2,0,0,0,0,1,1,6,2,22,5,1968,2,5,-1,-1
201401QK50616,2,9,0,18,0,1,0,0,0,0,1,1,6,1,50,8,1910,2,7,-1,-1
201401QK50617,1,9,0,8,0,1,0,0,0,0,2,1,6,2,30,6,1275,1,15,7,1
201401QK50617,2,9,0,7,0,1,0,0,0,0,1,1,6,1,35,6,1686,2,1,3,1
201401QK50618,1,9,0,18,0,1,0,0,0,0,3,1,6,1,53,8,1995,2,8,5,1
201401QK50618,2,9,0,9,0,1,0,0,0,0,1,1,6,1,70,10,1997,1,13,4,1
201401QK50619,1,9,0,7,0,6,0,0,0,0,1,1,2,1,33,6,-1,-1,-1,3,1
201401QK50620,1,3,0,18,0,0,0,10,1,0,4,1,1,1,25,5,124,1,1,-1,-1
201401QK50620,2,9,0,13,0,0,0,0,0,0,0,1,6,3,-1,-1,-1,-1,-1,-1,-1
201401QK50621,1,11,0,2,0,0,0,0,0,0,0,1,1,1,-1,-1,-1,-1,-1,-1,-1
201401QK50622,1,3,0,13,0,1,0,0,0,0,4,1,6,1,22,5,125,1,2,3,1
201401QK50622,2,9,0,4,0,1,0,0,0,0,3,1,6,1,63,9,1360,1,15,5,1
201401QK50623,1,9,0,18,0,1,0,4,0,0,1,1,6,2,56,9,1985,1,13,7,1
201401QK50624,1,9,0,18,0,2,0,0,0,0,1,1,6,1,24,5,1124,1,7,1,1
201401QK50624,2,20,0,18,0,1,0,0,0,0,1,1,1,1,49,8,-1,-1,-1,6,1
201401QK50626,1,19,0,9,0,8,0,0,0,0,3,1,6,1,49,8,-1,-1,-1,3,1
201401QK50626,2,3,0,13,0,8,0,0,0,0,4,1,6,1,28,6,124,1,-1,6,1
201401QK50627,1,11,0,3,0,1,0,0,0,0,0,1,1,1,52,8,7300,2,10,6,1
201401QK50628,1,9,0,10,0,1,0,0,0,0,2,1,6,1,31,6,1598,1,1,4,1
201401QK50628,2,9,0,4,0,1,0,0,0,0,1,1,6,1,-1,-1,4999,1,1,-1,-1
201401QK50630,1,9,0,2,0,0,0,0,0,0,3,1,6,3,-1,-1,1796,1,3,-1,-1
201401QK50630,2,1,0,14,0,0,0,4,0,0,1,1,6,1,55,8,-1,-1,-1,6,1
201401QK50632,1,3,0,18,0,1,0,0,0,0,4,1,6,1,18,4,125,1,2,5,1
201401QK50632,2,9,0,5,0,1,0,0,0,0,3,1,6,1,-1,-1,1299,1,9,-1,-1
201401QK50634,1,5,0,14,0,1,0,0,0,0,3,1,6,1,54,8,-1,-1,-1,4,1
201401QK50635,1,19,0,9,0,8,0,0,0,0,3,1,6,1,35,6,2198,2,5,8,1
201401QK50635,2,3,0,13,0,8,0,0,0,0,1,1,6,1,40,7,124,1,5,2,1
201401QK50636,1,5,0,4,0,1,1,0,0,0,1,1,6,1,27,6,645,1,7,-1,-1
201401QK50636,2,9,0,6,0,2,0,0,0,0,1,1,6,1,26,6,1339,1,11,-1,-1
201401QK50637,1,19,0,11,0,0,0,0,0,0,2,1,2,1,54,8,1896,2,9,6,1
201401QK50637,2,19,0,18,0,0,0,0,0,0,1,1,2,1,36,7,2402,2,6,3,1
201401QK50638,1,9,0,18,0,1,0,0,0,0,3,1,6,3,-1,-1,-1,-1,-1,-1,-1
201401QK50639,1,9,0,9,0,8,0,0,0,0,1,1,6,1,46,8,1995,2,10,4,1
201401QK50639,2,5,0,18,0,8,0,0,0,0,3,1,6,1,31,6,645,1,6,7,1
201401QK50640,1,19,0,11,0,8,0,0,0,0,2,1,6,1,36,7,2143,2,4,6,1
201401QK50640,2,21,0,18,0,8,0,0,0,0,1,1,1,1,43,7,12740,2,2,3,1
201401QK50641,1,9,0,9,0,8,0,0,0,0,4,1,6,1,64,9,1796,1,11,2,1
201401QK50641,2,3,0,15,0,8,0,0,0,0,1,1,6,1,26,6,125,1,10,2,1
201401QK50642,1,1,0,18,0,0,0,0,0,0,4,1,6,1,44,7,-1,-1,-1,4,1
201401QK50643,1,9,0,18,0,0,0,0,0,0,2,1,6,2,49,8,1997,2,2,1,1
201401QK50643,2,2,0,18,0,0,0,0,0,0,1,1,6,1,16,4,49,1,13,-1,-1
201401QK50644,1,9,0,9,0,8,0,0,0,0,1,1,6,1,67,10,1497,1,14,4,1
201401QK50644,2,1,0,18,0,8,0,0,0,0,4,1,6,1,46,8,-1,-1,-1,1,1
201401QK50645,1,9,0,9,0,1,0,0,0,0,3,1,6,2,29,6,1995,2,1,9,1
201401QK50645,2,3,0,13,0,1,0,0,0,0,1,1,6,1,62,9,124,1,11,4,1
201401QK50646,1,19,0,5,0,2,0,0,0,0,2,1,6,1,77,11,1461,2,9,5,1
201401QK50646,2,9,0,5,0,2,0,0,0,0,1,1,6,2,46,8,1390,1,10,3,1
201401QK50647,1,11,0,4,0,0,0,0,0,0,0,1,1,1,57,9,9360,2,4,2,1
201401QK50648,1,5,0,18,0,8,0,10,0,0,3,1,6,1,33,6,600,1,10,4,1
201401QK50649,1,3,0,9,0,8,0,0,0,0,1,1,6,1,18,4,124,1,8,1,1
201401QK50649,2,9,0,9,0,8,0,0,0,0,1,1,6,1,51,8,1995,2,12,2,1
201401QK50650,1,1,0,18,0,0,0,0,0,0,2,1,6,1,21,5,-1,-1,-1,-1,1
201401QK50650,2,9,0,18,0,0,0,0,0,0,1,1,6,1,-1,-1,1990,1,11,5,1
201401QK50651,1,5,0,4,0,1,0,0,0,0,2,1,6,1,60,9,599,1,11,10,1
201401QK50651,2,9,0,4,0,1,0,0,0,0,1,1,6,1,45,7,1796,1,11,2,1
201401QK50652,1,9,0,5,0,8,0,0,0,0,2,1,6,2,62,9,1798,1,5,4,1
201401QK50652,2,9,0,5,0,8,0,0,0,0,1,1,6,2,35,6,1597,1,5,3,1
201401QK50653,1,9,0,12,0,0,0,0,0,0,3,1,6,2,56,9,1598,2,1,7,1
201401QK50653,2,5,0,18,0,0,0,0,0,0,4,1,6,1,42,7,599,1,11,5,1
201401QK50653,3,9,0,18,0,0,0,0,0,0,4,1,6,1,41,7,1995,2,5,10,1
201401QK50655,1,9,0,1,0,1,0,0,0,0,2,1,6,2,29,6,1461,2,2,-1,-1
201401QK50655,2,9,0,10,0,1,0,0,0,0,2,1,6,1,28,6,1299,1,11,-1,-1
201401QK50656,1,9,0,18,0,1,0,0,0,0,4,1,6,2,58,9,1198,1,7,5,1
201401QK50657,1,9,0,1,0,8,0,0,0,0,3,1,6,1,33,6,1990,1,16,3,1
201401QK50657,2,3,0,17,0,8,0,0,0,0,1,1,6,1,26,6,125,1,2,6,1
201401QK50658,1,1,0,18,2,1,0,0,0,0,3,1,6,2,31,6,-1,-1,-1,2,1
201401QK50658,2,19,0,13,2,1,0,0,0,0,4,1,6,1,-1,-1,-1,-1,-1,-1,-1
201401QK50659,1,9,0,7,0,8,0,0,0,0,4,1,6,1,31,6,5667,1,8,4,1
201401QK50659,2,4,0,18,0,8,0,0,0,0,1,1,6,1,62,9,487,1,22,6,1
201401QK50661,1,4,0,18,0,8,0,0,0,0,1,1,6,1,48,8,645,1,9,1,1
201401QK50661,2,9,0,9,0,8,0,0,0,0,3,1,6,1,54,8,1596,1,14,3,1
201401QK50662,1,9,0,9,0,8,0,0,0,0,3,1,6,2,47,8,1149,1,2,3,1
201401QK50662,2,3,0,9,0,8,0,0,0,0,4,1,6,2,48,8,125,1,1,2,1
201401QK50663,1,9,0,18,0,0,0,0,0,0,2,1,6,1,37,7,1493,1,17,3,1
201401QK50663,2,9,0,18,0,0,0,0,0,0,1,1,6,1,36,7,-1,-1,-1,8,1
201401QK50664,1,9,0,9,0,8,0,0,0,0,0,1,6,1,-1,-1,-1,-1,-1,-1,-1
201401QK50664,2,5,0,5,0,8,0,0,0,0,3,1,6,1,47,8,953,1,7,3,1
201401QK50666,1,9,0,18,0,0,0,0,0,0,4,1,6,2,28,6,1870,2,9,-1,-1
201401QK50667,1,9,0,4,0,0,0,0,0,0,2,1,6,2,31,6,1598,2,-1,3,1
201401QK50667,2,1,0,18,0,0,0,0,0,0,1,1,6,1,41,7,-1,-1,-1,1,1
201401QK50668,1,19,0,1,0,1,0,0,0,0,2,1,1,1,-1,-1,-1,-1,-1,2,1
201401QK50668,2,11,0,7,0,6,0,0,0,0,4,1,1,1,49,8,-1,-1,-1,4,1
201401QK50669,1,9,0,6,0,0,0,0,0,0,3,1,6,1,47,8,2987,2,4,7,1
201401QK50669,2,5,0,14,0,0,0,0,0,0,1,1,6,1,30,6,656,1,9,5,1
201401QK50670,1,9,0,14,0,0,0,0,0,0,3,1,6,1,23,5,1229,1,8,4,1
201401QK50671,1,3,0,10,0,8,0,0,0,0,2,1,6,1,21,5,-1,-1,-1,3,1
201401QK50671,2,9,0,18,0,8,0,0,0,0,1,1,6,1,40,7,1497,1,10,1,1
201401QK50672,1,9,0,18,0,2,0,0,0,0,1,1,6,2,-1,-1,1587,1,8,-1,-1
201401QK50673,1,9,0,14,0,2,0,0,0,0,1,1,6,3,-1,-1,-1,-1,-1,-1,-1
201401QK50674,1,1,0,18,0,0,0,0,0,0,4,1,6,1,30,6,-1,-1,-1,9,3
201401QK50674,2,9,0,18,0,0,0,0,0,0,3,1,6,2,38,7,1796,2,-1,3,1
201401QK50675,1,19,0,18,0,0,0,0,0,0,3,1,1,1,54,8,1598,2,3,4,1
201401QK50677,1,9,0,10,0,1,0,0,0,0,2,1,6,1,18,4,1560,2,2,6,1
201401QK50677,2,9,0,18,0,1,0,0,0,0,1,1,6,2,-1,-1,1596,1,2,-1,-1
201401QK50678,1,9,0,18,0,1,0,0,0,0,1,1,6,1,22,5,1598,1,11,8,1
201401QK50678,2,9,0,4,0,1,0,0,0,0,2,1,6,2,62,9,1985,1,12,3,1
201401QK50678,3,9,0,3,0,1,0,0,0,0,2,1,6,1,39,7,1242,1,6,-1,-1
201401QK50679,1,9,0,18,0,0,0,0,0,0,4,1,6,2,-1,-1,1995,2,8,-1,-1
201401QK50680,1,9,0,7,0,8,0,0,0,0,1,1,6,1,60,9,1995,1,10,3,1
201401QK50680,2,1,0,18,0,8,0,0,0,0,2,1,6,1,36,7,-1,-1,-1,1,1
201401QK50681,1,11,0,9,0,8,0,0,0,0,1,1,1,1,40,7,6700,2,7,10,1
201401QK50681,2,9,0,18,0,8,0,0,0,0,2,1,6,2,27,6,1995,1,4,9,1
201401QK50682,1,9,0,9,0,8,0,0,0,0,3,1,6,2,22,5,1598,1,8,2,1
201401QK50682,2,9,0,18,0,8,0,0,0,0,4,1,6,1,36,7,4235,1,31,10,1
201401QK50683,1,4,0,4,0,8,0,0,0,0,1,1,2,1,23,5,125,1,1,6,1
201401QK50683,2,9,0,9,0,6,0,0,0,0,1,1,6,1,-1,-1,1995,2,5,4,1
201401QK50684,1,1,0,14,0,1,0,0,0,0,1,1,6,1,23,5,-1,-1,-1,3,1
201401QK50685,1,5,0,17,0,0,0,0,0,0,3,1,6,1,50,8,1000,1,-1,4,1
201401QK50686,1,11,0,2,0,1,0,0,0,0,0,1,1,1,28,6,7300,2,10,3,1
201401QK50687,1,8,0,18,0,8,0,0,0,0,4,1,1,1,-1,-1,1461,2,4,-1,-1
201401QK50687,2,9,0,5,0,8,0,0,0,0,1,1,6,2,-1,-1,-1,-1,-1,-1,-1
201401QK50688,1,9,0,8,0,1,0,0,0,0,2,1,6,1,49,8,1248,1,4,-1,-1
201401QK50688,2,19,0,4,0,1,0,0,0,0,1,1,6,1,-1,-1,2300,2,10,-1,-1
201401QK50689,1,9,0,6,0,0,0,0,0,0,3,1,6,1,57,9,1242,1,13,2,1
201401QK50689,2,3,0,18,0,0,0,0,0,0,1,1,6,1,30,6,124,1,6,6,1
201401QK50690,1,11,0,2,0,0,0,0,0,0,0,1,1,1,52,8,9360,2,4,1,1
201401QK50692,1,9,0,6,0,0,0,0,0,0,3,1,6,1,49,8,-1,-1,-1,5,1
201401QK50692,2,4,0,13,0,0,0,0,0,0,4,1,6,1,51,8,652,1,11,3,1
201401QK50694,1,9,0,15,0,0,0,0,0,0,3,1,6,1,-1,-1,-1,-1,-1,-1,-1
201401QK50695,1,9,0,6,0,1,0,0,0,0,4,1,6,2,35,6,1497,8,8,1,1
201401QK50695,2,9,0,18,0,2,0,0,0,0,1,1,6,2,51,8,1388,1,12,3,1
201401QK50696,1,9,0,8,0,1,0,0,0,0,2,1,6,1,26,6,-1,-1,-1,7,1
201401QK50696,2,9,0,18,0,1,0,0,0,0,1,1,6,1,-1,-1,-1,-1,-1,-1,-1
201401QK50698,1,1,0,18,0,0,0,0,0,0,3,1,6,1,27,6,-1,-1,-1,10,1
201401QK50698,2,9,0,13,0,0,0,0,0,0,4,1,6,2,-1,-1,1229,1,7,-1,-1
201401QK50699,1,2,0,18,0,1,0,0,0,0,1,1,6,1,21,5,49,1,6,6,1
201401QK50699,2,9,0,10,0,1,0,0,0,0,2,1,6,1,51,8,-1,-1,-1,4,1
201401QK50700,1,3,0,15,0,0,1,0,0,0,3,1,6,1,26,6,599,1,7,2,1
201401QK50700,2,9,0,5,0,0,0,0,0,0,2,1,6,2,57,9,1598,1,8,2,1
201401QK50701,1,9,0,5,0,8,0,0,0,0,1,1,6,1,45,7,-1,-1,-1,3,1
201401QK50701,2,5,0,14,0,8,0,0,0,0,4,1,6,1,41,7,749,1,18,6,1
201401QK50702,1,1,0,14,0,2,0,0,0,0,1,1,6,1,26,6,-1,-1,-1,2,1
201401QK50703,1,19,0,18,0,1,0,0,0,0,2,1,6,1,56,9,-1,-1,-1,6,1
201401QK50703,2,9,0,18,0,1,0,0,0,0,1,1,6,1,23,5,2148,2,8,7,1
201401QK50704,1,9,0,18,0,2,0,0,0,0,1,1,2,2,19,4,698,1,10,4,1