Accident_Index,Vehicle_Reference,Vehicle_Type,Towing_and_Articulation,Vehicle_Manoeuvre,Vehicle_Location-Restricted_Lane,Junction_Location,Skidding_and_Overturning,Hit_Object_in_Carriageway,Vehicle_Leaving_Carriageway,Hit_Object_off_Carriageway,1st_Point_of_Impact,Was_Vehicle_Left_Hand_Drive?,Journey_Purpose_of_Driver,Sex_of_Driver,Age_of_Driver,Age_Band_of_Driver,Engine_Capacity_(CC),Propulsion_Code,Age_of_Vehicle,Driver_IMD_Decile,Driver_Home_Area_Type
201401QK50705,1,9,0,17,0,1,0,0,0,0,2,1,6,1,24,5,998,1,1,5,1
201401QK50705,2,3,0,17,0,1,0,0,0,0,2,1,6,1,27,6,124,1,4,4,1
201401QK50705,3,9,0,17,0,1,0,0,0,0,1,1,6,1,38,7,-1,-1,-1,7,1
201401QK50706,1,9,0,18,0,0,2,10,7,10,4,1,6,1,30,6,1124,1,7,3,1
201401QK50707,1,9,0,18,0,8,0,0,0,0,1,1,6,2,60,9,1769,1,13,3,1
201401QK50707,2,9,0,18,0,8,0,0,0,0,4,1,6,2,70,10,1339,1,11,8,1
201401QK50708,1,3,0,18,2,8,0,0,0,0,1,1,2,1,18,4,124,1,3,1,1
201401QK50708,2,9,0,9,0,5,0,0,0,0,4,1,1,1,-1,-1,-1,-1,-1,-1,-1
201401QK50710,1,9,0,3,0,1,0,0,0,0,2,1,6,1,22,5,1598,1,8,3,1
201401QK50710,2,9,0,18,0,1,0,0,0,0,1,1,6,1,-1,-1,-1,-1,-1,-1,-1
201401QK50711,1,9,0,8,0,1,0,0,0,0,2,1,2,1,33,6,1396,1,14,-1,1
201401QK50711,2,9,0,7,0,1,0,0,0,0,1,1,2,2,-1,-1,1991,2,12,-1,-1
201401QK50712,1,9,0,4,0,8,0,0,0,0,2,1,6,1,29,6,2993,2,8,-1,-1
201401QK50712,2,9,0,4,0,8,0,0,0,0,1,1,6,1,32,6,-1,-1,-1,-1,-1
201401QK50713,1,9,0,3,0,1,0,0,0,0,2,1,6,1,55,8,1762,1,16,4,1
201401QK50713,2,9,0,18,0,1,0,0,0,0,1,1,6,1,-1,-1,-1,-1,-1,-1,-1
201401QK50715,1,9,0,4,0,0,0,0,0,0,1,1,6,1,42,7,1995,2,8,4,1
201401QK50715,2,9,0,6,0,0,0,0,0,0,3,1,6,2,51,8,-1,-1,-1,5,1
201401QK50716,1,9,0,18,0,8,0,0,0,0,1,1,6,1,37,7,-1,-1,-1,-1,-1
201401QK50716,2,2,0,9,0,8,0,0,0,0,1,1,1,1,31,6,49,1,4,-1,-1
201401QK50717,1,9,0,3,0,0,0,0,0,0,2,1,6,2,33,6,-1,-1,-1,3,1
201401QK50717,2,9,0,18,0,0,0,0,0,0,1,1,6,2,-1,-1,1896,2,12,-1,-1
201401QK50718,1,5,0,18,0,8,0,0,1,0,1,1,2,1,32,6,636,1,11,5,1
201401QK50718,2,19,0,3,0,8,0,0,0,0,3,1,1,1,58,9,2402,2,7,4,1
201401QK50718,3,19,0,3,0,8,0,0,0,0,3,1,1,1,63,9,-1,-1,-1,-1,3
201401QK50719,1,1,0,10,0,8,0,0,0,0,1,1,6,1,41,7,-1,-1,-1,-1,-1
201401QK50719,2,9,0,9,0,8,0,0,0,0,1,1,6,2,56,9,1794,1,10,-1,1
201401QK50720,1,5,0,18,0,0,0,0,4,2,1,1,6,1,34,6,999,1,9,2,1
201401QK50721,1,3,0,18,0,8,0,0,0,0,3,1,6,2,30,6,-1,-1,-1,-1,-1
201401QK50721,2,9,0,9,0,8,0,0,0,0,1,1,6,1,43,7,1598,1,5,-1,-1
201401QK50722,1,3,0,18,0,8,0,0,0,0,0,1,1,1,29,6,-1,-1,-1,-1,-1
201401QK50722,2,9,0,11,0,8,0,0,0,0,0,1,6,1,-1,-1,1995,2,-1,-1,-1
201401QK50723,1,9,0,9,0,5,0,0,0,0,4,1,6,1,46,8,1339,1,10,5,1
201401QK50723,2,5,0,18,2,8,0,0,0,0,1,1,6,1,34,6,660,1,6,6,1
201401QK50724,1,1,0,18,9,0,0,0,0,0,1,1,6,1,-1,-1,-1,-1,-1,-1,-1
201401QK50725,1,9,0,18,0,8,0,0,0,0,1,1,6,1,45,7,1995,2,8,3,1
201401QK50726,1,9,0,9,0,5,0,0,0,0,4,1,2,1,36,7,1229,1,9,5,1
201401QK50726,2,2,0,5,0,8,0,0,0,0,1,1,2,1,32,6,125,1,2,3,1
201401QK50727,1,9,0,9,0,8,0,0,0,0,1,1,6,1,66,10,1896,2,10,1,1
201401QK50727,2,5,0,18,0,8,0,0,0,0,1,1,6,1,43,7,644,1,7,1,1
201401QK50728,1,9,0,12,0,2,0,0,0,0,2,1,6,1,33,6,2435,1,14,5,1
201401QK50728,2,9,0,12,0,2,0,0,0,0,1,1,6,1,64,9,1497,8,11,4,1
201401QK50729,1,9,0,1,0,6,0,0,0,0,2,1,1,1,50,8,2499,2,13,5,1
201401QK50732,1,9,0,18,0,0,0,0,0,0,1,1,6,1,17,4,-1,-1,-1,7,1
201401QK50732,2,19,0,6,0,0,0,0,0,0,3,1,6,1,-1,-1,2143,2,3,9,1
201401QK50733,1,9,0,18,0,8,0,0,0,0,4,1,2,2,27,6,-1,-1,-1,4,1
201401QK50733,2,9,0,18,0,8,0,0,0,0,1,1,6,3,-1,-1,-1,-1,-1,-1,-1
201401QK50736,1,9,0,18,0,2,0,0,0,0,3,1,6,1,27,6,1995,2,3,-1,-1
201401QK50736,2,19,0,18,0,1,0,0,0,0,3,1,6,1,52,8,2143,2,2,6,2
201401QK50739,1,9,0,5,0,8,0,0,0,0,4,1,6,1,62,9,-1,-1,-1,-1,1
201401QK50740,1,9,0,9,0,8,0,0,0,0,4,1,6,1,18,4,1360,1,10,6,1
201401QK50740,2,9,0,18,0,8,0,0,0,0,1,1,6,2,46,8,1587,1,9,8,1
201401QK50741,1,19,0,16,0,0,0,0,0,0,1,1,1,1,-1,-1,1968,2,1,2,1
201401QK50743,1,9,0,8,0,0,0,0,0,0,1,1,6,1,54,8,1686,2,11,1,1
201401QK50743,2,9,0,17,0,0,0,0,0,0,1,1,6,1,41,7,1794,1,5,1,1
201401QK50744,1,9,0,18,0,2,0,0,0,0,2,1,6,2,29,6,1796,1,10,2,1
201401QK50744,2,9,0,18,0,2,0,0,0,0,1,1,6,1,46,8,1497,8,6,7,1
201401QK50745,1,9,0,18,0,2,0,0,0,0,1,1,1,1,-1,-1,-1,-1,-1,-1,-1
201401QK50745,2,9,0,4,0,2,0,0,0,0,2,1,6,1,52,8,1061,1,9,4,1
201401QK50747,1,19,0,7,0,5,0,0,0,0,4,1,6,1,35,6,1598,2,-1,5,1
201401QK50747,2,1,0,15,0,8,0,0,0,0,3,1,6,1,27,6,-1,-1,-1,3,1
201401QK50748,1,3,0,18,0,8,1,0,0,0,1,1,2,1,-1,-1,50,1,5,2,1
201401QK50748,2,19,0,5,0,6,0,0,0,0,3,1,2,1,68,10,1298,1,11,3,1
201401QK50749,1,9,0,18,0,8,0,0,0,0,1,1,1,1,34,6,1997,2,7,5,1
201401QK50749,2,9,0,3,0,8,0,0,0,0,2,1,6,2,55,8,3498,1,8,9,1
201401QK50750,1,11,0,16,0,0,0,0,0,0,0,1,1,1,36,7,7300,2,10,6,1
201401QK50751,1,9,0,3,0,0,0,0,0,0,2,1,6,1,43,7,1363,2,11,9,1
201401QK50751,2,3,0,18,0,0,0,0,0,0,1,1,6,2,37,7,124,1,1,4,1
201401QK50753,1,9,0,12,0,2,0,0,0,0,3,1,6,1,60,9,1796,1,8,4,1
201401QK50753,2,5,0,18,0,2,0,0,0,0,4,1,6,1,34,6,695,1,8,-1,-1
201401QK50754,1,9,0,18,0,0,0,0,0,0,2,1,6,1,40,7,998,1,12,9,1
201401QK50754,2,9,0,18,0,0,0,0,0,0,1,1,6,1,-1,-1,1598,1,13,1,1
201401QK50755,1,9,0,8,0,1,0,0,0,0,2,1,2,1,32,6,1999,1,3,3,1
201401QK50755,2,19,0,4,0,1,1,0,0,0,1,1,6,1,-1,-1,-1,-1,-1,2,1
201401QK50756,1,9,0,18,0,0,5,7,1,0,1,1,6,1,72,10,1591,1,4,7,1
201401QK50757,1,5,0,14,0,2,0,0,0,0,1,1,6,1,28,6,645,1,14,2,1
201401QK50758,1,9,0,4,0,1,0,0,7,1,2,1,6,1,38,7,1086,1,11,6,1
201401QK50758,2,19,0,18,0,1,0,0,0,0,1,1,2,1,45,7,2198,2,3,3,1
201401QK50759,1,3,0,18,0,8,0,0,0,0,1,1,6,1,32,6,124,1,-1,8,1
201401QK50759,2,9,0,9,0,5,0,0,0,0,1,1,6,2,47,8,1968,2,8,8,1
201401QK50760,1,3,0,4,0,2,0,0,0,0,1,1,6,1,32,6,636,1,12,6,1
201401QK50760,2,9,0,3,0,2,0,0,0,0,2,1,6,1,27,6,1796,1,10,10,1
201401QK50761,1,9,0,9,0,5,0,0,0,0,1,1,6,1,31,6,1781,1,12,3,1
201401QK50761,2,1,0,18,0,8,0,0,0,0,1,1,6,2,28,6,-1,-1,-1,3,1
201401QK50762,1,8,0,4,0,1,0,0,0,0,2,1,1,1,78,11,2698,2,7,7,2
201401QK50762,2,3,0,18,0,1,0,0,0,0,1,1,6,1,27,6,124,1,5,4,1
201401QK50763,1,4,0,18,0,8,0,0,0,0,4,1,1,1,47,8,125,1,3,5,1
201401QK50763,2,9,0,5,0,6,0,0,0,0,1,1,1,2,49,8,1229,1,10,-1,-1
201401QK50764,1,9,0,9,0,8,0,0,0,0,3,1,6,1,40,7,-1,-1,-1,5,1
201401QK50764,2,3,0,13,0,8,0,0,0,0,4,1,6,1,18,4,398,1,7,-1,-1
201401QK50765,1,9,0,4,0,0,0,0,0,0,4,1,6,1,87,11,1298,1,13,4,1
201401QK50766,1,9,0,4,0,0,0,0,0,0,2,1,6,1,40,7,999,1,1,-1,-1
201401QK50766,2,19,0,18,0,0,0,0,0,0,1,1,1,1,47,8,1968,2,2,6,1
201401QK50767,1,3,0,18,0,8,0,0,0,0,1,1,6,1,22,5,124,1,-1,5,1
201401QK50767,2,4,0,9,0,8,0,0,0,0,3,1,6,1,32,6,-1,-1,-1,2,1
201401QK50768,1,9,0,9,0,8,0,0,0,0,3,1,6,2,38,7,1596,1,8,4,1
201401QK50768,2,9,0,18,0,8,1,0,0,0,1,1,6,1,-1,-1,-1,-1,-1,-1,-1
201401QK50769,1,9,0,9,0,8,0,0,0,0,3,1,6,1,71,10,2295,1,15,-1,1
201401QK50769,2,3,0,13,0,8,0,0,0,0,4,1,6,1,24,5,125,1,1,4,1
201401QK50770,1,3,0,18,0,8,0,0,0,0,4,1,6,1,25,5,-1,-1,-1,3,1
201401QK50770,2,9,0,9,0,8,0,0,0,0,1,1,6,1,-1,-1,1390,1,1,-1,-1
201401QK50771,1,9,0,9,0,5,0,0,0,0,3,1,2,2,52,8,1781,1,11,7,1
201401QK50771,2,1,0,13,0,8,0,0,0,0,1,1,6,1,49,8,-1,-1,-1,7,1
201401QK50772,1,9,0,7,0,8,0,0,0,0,1,1,6,1,27,6,2993,2,-1,8,1
201401QK50773,1,9,0,4,0,0,0,0,0,0,3,1,6,1,43,7,1753,2,6,5,1
201401QK50774,1,9,0,4,0,2,0,0,0,0,4,1,6,1,52,8,-1,-1,-1,1,1
201401QK50775,1,20,0,17,0,0,0,4,0,0,4,1,1,1,49,8,12740,2,1,5,1
201401QK50775,2,9,0,16,0,0,0,0,0,0,3,1,6,1,38,7,2993,2,3,1,1
201401QK50775,3,19,0,2,0,0,0,0,0,0,3,1,6,3,-1,-1,-1,-1,-1,-1,-1
201401QK50776,1,9,0,9,0,8,0,0,0,0,3,1,6,1,35,6,1800,1,14,5,1
201401QK50776,2,3,0,18,0,8,0,0,0,0,1,1,6,1,20,4,125,1,7,1,1
201401QK50777,1,3,0,18,0,1,0,0,0,0,1,1,6,1,-1,-1,999,1,1,-1,-1
201401QK50777,2,3,0,6,0,1,0,0,0,0,3,1,6,1,-1,-1,-1,-1,-1,-1,-1
201401QK50778,1,11,0,18,0,1,0,0,0,0,0,1,1,1,38,7,6700,2,4,4,1
201401QK50779,1,1,0,18,0,0,0,0,0,0,4,1,6,1,50,8,-1,-1,-1,8,1
201401QK50780,1,9,0,2,0,0,0,0,0,0,3,1,6,3,-1,-1,998,1,9,-1,-1
201401QK50780,2,3,0,17,0,0,1,4,0,0,1,1,6,1,17,4,100,1,12,3,1
201401QK50781,1,9,0,8,0,1,1,0,1,0,2,1,6,1,39,7,1896,2,14,5,1
201401QK50781,2,9,0,18,0,1,0,0,1,0,1,1,6,1,-1,-1,1794,1,13,-1,-1
201401QK50782,1,3,0,18,2,8,0,0,0,0,3,1,6,1,37,7,125,1,5,2,1
201401QK50782,2,19,0,7,0,5,0,0,0,0,4,1,6,1,46,8,2143,2,3,6,1
201401QK50784,1,11,0,4,0,8,0,0,0,0,1,1,1,1,43,7,6700,2,2,7,1
201401QK50785,1,9,0,9,0,8,0,0,0,0,1,1,6,2,60,9,1995,2,6,3,1
201401QK50785,2,5,0,14,0,8,0,10,7,0,4,1,6,1,26,6,670,1,2,6,1
201401QK50786,1,9,0,9,0,8,0,0,0,0,1,1,6,2,34,6,1600,1,8,4,1
201401QK50786,2,2,0,18,0,8,0,0,0,0,1,1,6,1,23,5,124,1,13,8,1
201401QK50787,1,19,0,18,0,0,0,0,0,0,0,1,6,1,-1,-1,-1,-1,-1,-1,-1
201401QK50788,1,9,0,18,0,1,0,0,0,0,3,1,6,3,-1,-1,1590,1,12,-1,-1
201401QK50789,1,9,0,2,0,8,0,0,0,0,0,1,6,1,20,4,1895,1,14,7,1
201401QK50789,2,19,0,14,0,8,0,8,0,0,4,1,6,1,34,6,2800,2,10,2,1
201401QK50790,1,9,0,5,0,8,0,0,0,0,3,1,6,1,47,8,1598,1,11,3,1
201401QK50790,2,3,0,18,0,8,0,0,0,0,1,1,6,1,47,8,124,1,5,8,1
201401QK50792,1,3,0,14,0,0,0,0,0,0,4,1,6,1,-1,-1,-1,-1,-1,-1,-1
201401QK50793,1,9,0,18,0,2,5,4,0,0,1,1,6,1,35,6,1560,2,-1,5,1
201401QK50794,1,3,0,14,0,0,0,0,0,0,1,1,2,1,47,8,279,1,3,3,1
201401QK50795,1,11,0,4,0,8,0,0,0,0,0,1,1,1,45,7,9360,2,3,4,1
201401QK50795,2,9,0,9,0,6,0,0,0,0,0,1,6,3,-1,-1,-1,-1,-1,-1,-1
201401QK50796,1,9,0,3,0,0,0,0,0,0,2,1,6,1,35,6,2179,2,1,4,1
201401QK50796,2,9,0,18,0,0,0,0,0,0,1,1,6,1,36,7,1396,1,-1,4,1
201401QK50797,1,9,0,4,0,0,0,0,0,0,2,1,6,2,20,4,1149,1,2,6,1
201401QK50797,2,9,0,18,0,0,0,0,0,0,2,1,6,1,46,8,4163,1,7,10,1
201401QK50797,3,9,0,18,0,0,0,0,0,0,1,1,6,1,36,7,-1,-1,-1,8,1
201401QK50799,1,9,0,18,0,0,0,0,0,0,4,1,6,2,24,5,1199,1,12,1,1
201401QK50800,1,9,0,18,0,1,0,0,0,0,1,1,1,1,44,7,1598,1,8,3,1
201401QK50800,2,9,0,4,0,1,0,0,0,0,2,1,1,2,45,7,1598,1,9,-1,-1
201401QK50800,3,21,0,4,0,1,0,0,0,0,2,1,1,1,31,6,6692,2,2,3,1
201401QK50801,1,9,0,7,0,8,0,0,0,0,1,1,6,1,53,8,1298,1,15,4,1
201401QK50802,1,9,0,3,0,0,0,0,0,0,2,1,6,1,37,7,2198,1,10,4,1
201401QK50802,2,3,0,18,0,0,0,0,0,0,1,1,6,1,22,5,125,1,2,6,1
201401QK50803,1,9,0,18,0,8,0,10,1,10,3,1,6,1,51,8,1329,1,4,3,1
201401QK50803,2,9,0,18,0,8,0,7,7,1,1,1,6,1,-1,-1,-1,-1,-1,-1,-1
201401QK50804,1,9,0,17,0,8,0,0,0,0,4,1,6,2,49,8,1598,1,5,9,1
201401QK50804,2,9,0,9,0,8,0,0,0,0,0,1,6,1,-1,-1,1956,2,5,-1,-1
201401QK50804,3,9,0,17,0,8,0,0,0,0,3,1,6,1,-1,-1,1400,1,8,4,1
201401QK50805,1,9,0,3,0,0,0,0,0,0,2,1,2,1,48,8,-1,-1,-1,2,1
201401QK50805,2,1,0,4,0,0,1,0,0,0,1,1,2,2,-1,-1,-1,-1,-1,3,1
201401QK50806,1,9,0,18,0,8,0,0,0,0,1,1,6,2,21,5,1198,1,2,6,1
201401QK50806,2,9,0,18,0,8,0,0,0,0,2,1,6,2,48,8,1896,2,9,7,1
201401QK50807,1,20,0,7,0,8,0,0,0,0,1,1,6,1,51,8,5193,2,4,-1,1
201401QK50808,1,11,0,18,0,1,0,0,0,0,3,1,1,1,30,6,-1,-1,-1,-1,-1
201401QK50809,1,9,0,3,0,8,0,0,0,0,3,1,6,2,58,9,796,1,11,3,1
201401QK50809,2,9,0,9,0,8,0,0,0,0,1,1,6,1,-1,-1,1339,1,9,-1,-1
201401QK50810,1,4,0,18,0,8,0,7,0,0,4,1,2,1,33,6,749,1,11,8,1
201401QK50810,2,9,0,6,0,8,0,0,0,0,3,1,6,1,35,6,2400,1,11,3,1
201401QK50811,1,2,0,18,0,8,1,0,0,0,4,1,1,1,36,7,85,1,6,5,1
201401QK50811,2,9,0,9,0,5,0,0,0,0,3,1,6,1,49,8,998,1,13,3,1
201401QK50812,1,9,0,7,0,8,0,0,0,0,3,1,6,2,36,7,1900,2,9,3,1
201401QK50812,2,19,0,18,0,8,0,0,0,0,3,1,6,1,35,6,2198,2,8,4,1
201401QK50813,1,9,0,18,0,0,0,0,0,0,3,1,6,1,39,7,1769,1,14,2,1
201401QK50813,2,9,0,18,0,0,0,0,0,0,3,1,1,1,50,8,-1,-1,-1,2,1
201401QK50814,1,9,0,9,0,8,0,0,0,0,3,1,6,1,45,7,1390,1,11,3,1
201401QK50814,2,2,0,14,0,8,0,0,0,0,1,1,6,1,25,5,49,1,4,6,1
201401QK50815,1,11,0,18,0,1,0,0,0,0,3,1,1,1,39,7,-1,-1,-1,3,1
201401QK50817,1,9,0,13,0,1,0,0,0,0,1,1,6,1,18,4,1798,1,6,3,1
201401QK50817,2,9,0,18,0,1,0,0,0,0,2,1,6,1,57,9,1798,1,2,10,1
201401QK50817,3,9,0,18,0,2,0,0,0,0,2,1,6,1,31,6,1364,1,7,9,1
201401QK50817,4,9,0,18,0,2,0,0,0,0,2,1,6,1,37,7,1240,1,10,4,1
201401QK50818,1,8,0,5,0,8,0,0,0,0,0,1,1,3,-1,-1,-1,-1,-1,-1,-1
201401QK50819,1,9,0,5,0,0,0,0,0,0,1,1,6,2,-1,-1,1364,2,6,-1,-1
201401QK50820,1,5,0,4,0,8,1,0,0,0,0,1,6,1,52,8,-1,-1,-1,6,1
201401QK50820,2,19,0,9,0,5,0,0,0,0,0,1,6,1,38,7,1753,2,2,4,1
201401QK50821,1,1,0,13,0,0,0,0,0,0,4,1,6,1,-1,-1,-1,-1,-1,-1,-1
201401QK50821,2,20,0,4,0,0,0,0,0,0,3,1,6,1,58,9,-1,-1,-1,1,1
201401QK50821,3,11,0,18,0,0,0,0,0,0,3,1,6,3,-1,-1,9360,2,4,-1,-1
201401QK50822,1,3,0,18,0,2,0,4,0,0,1,1,6,1,29,6,125,1,8,4,1
201401QK50822,2,9,0,5,0,8,0,0,0,0,0,1,6,1,-1,-1,-1,-1,-1,-1,-1
201401QK50823,1,9,0,5,0,8,0,0,0,0,3,1,6,1,57,9,2967,1,10,4,1
201401QK50823,2,3,0,18,0,8,0,0,0,0,1,1,6,1,32,6,124,1,-1,-1,1
201401QK50824,1,9,0,2,0,0,0,0,0,0,3,1,6,2,64,9,1489,1,17,6,1
201401QK50824,2,1,0,18,0,0,0,8,0,0,4,1,6,1,54,8,-1,-1,-1,3,1
201401QK50825,1,9,0,9,0,8,0,0,0,0,3,1,6,2,58,9,1149,1,1,3,1
201401QK50825,2,2,0,13,0,8,0,0,0,0,4,1,6,1,26,6,125,1,2,3,1
201401QK50826,1,9,0,18,0,0,0,0,0,0,1,1,6,1,40,7,1995,2,9,2,1
201401QK50826,2,9,0,3,0,0,0,0,0,0,2,1,6,1,28,6,1598,1,7,6,1
201401QK50826,3,9,0,3,0,0,0,0,0,0,2,1,6,2,38,7,1997,1,12,5,1
201401QK50827,1,9,0,9,0,8,0,0,0,0,3,1,6,1,52,8,1975,1,10,3,1
201401QK50827,2,9,0,18,0,8,0,0,0,0,3,1,6,1,33,6,1390,1,10,3,1
201401QK50828,1,9,0,4,0,1,0,0,0,0,2,1,6,2,48,8,2987,2,7,3,1
201401QK50828,2,9,0,4,0,1,0,0,0,0,1,1,6,1,57,9,1598,1,15,4,1
201401QK50829,1,9,0,18,0,8,0,0,0,0,4,1,6,1,56,9,1596,1,9,3,1
201401QK50829,2,11,0,18,0,8,0,0,0,0,1,1,1,1,27,6,9360,2,4,1,1
201401QK50830,1,9,0,8,0,1,0,0,0,0,2,1,6,1,27,6,1988,1,13,3,1
201401QK50830,2,9,0,7,0,1,0,0,0,0,1,1,6,2,-1,-1,-1,-1,-1,-1,-1
201401QK50831,1,9,0,1,0,1,0,0,0,0,2,1,6,1,40,7,2143,2,2,7,1
201401QK50831,2,19,0,18,0,1,0,0,0,0,1,1,6,1,23,5,2953,2,7,8,1
201401QK50832,1,9,0,8,0,1,0,0,0,0,2,1,6,2,39,7,1461,2,-1,4,1
201401QK50832,2,9,0,7,0,2,0,0,0,0,1,1,6,2,-1,-1,1364,1,8,-1,-1
201401QK50833,1,9,0,13,0,0,0,4,0,0,1,1,6,1,60,9,4398,1,10,6,1
201401QK50833,2,2,0,18,0,0,0,0,0,0,1,1,6,1,24,5,125,1,-1,-1,1
201401QK50834,1,9,0,3,0,1,0,0,0,0,2,1,6,1,39,7,1896,2,6,10,3
201401QK50834,2,9,0,18,0,1,0,0,0,0,1,1,6,1,19,4,999,1,13,4,1
201401QK50836,1,11,0,4,0,1,0,0,0,0,0,1,1,1,55,8,4500,2,3,-1,-1
201401QK50837,1,9,0,9,0,8,0,0,0,0,3,1,6,1,85,11,1397,1,13,3,1
201401QK50837,2,2,0,18,0,8,0,0,0,0,4,1,6,1,23,5,108,1,6,6,1
201401QK50838,1,2,0,14,0,1,0,0,0,0,1,1,6,1,22,5,125,1,3,3,1
201401QK50839,1,9,0,9,0,8,0,0,0,0,1,1,6,2,27,6,1796,1,11,1,1
201401QK50839,2,3,0,14,0,8,0,0,0,0,3,1,6,1,22,5,109,1,2,5,1
201401QK50840,1,9,0,6,0,0,0,0,0,0,3,1,1,2,-1,-1,-1,-1,-1,-1,-1
201401QK50840,2,5,0,18,0,0,0,0,0,0,1,1,6,1,62,9,675,1,4,3,1
201401QK50841,1,9,0,9,0,8,0,0,0,0,0,1,6,2,61,9,1242,1,11,2,1
201401QK50841,2,3,0,4,0,1,1,0,0,0,0,1,1,1,42,7,124,1,7,1,1
201401QK50842,1,3,0,18,0,8,0,0,0,0,3,1,6,3,-1,-1,-1,-1,-1,-1,-1
201401QK50843,1,9,0,4,0,1,0,0,0,0,2,1,6,1,63,9,1598,1,7,2,1
201401QK50843,2,9,0,18,0,1,0,0,0,0,1,1,6,1,-1,-1,-1,-1,-1,-1,-1
201401QK50844,1,9,0,9,0,8,0,0,0,0,1,1,6,2,26,6,1596,1,11,1,1
201401QK50844,2,3,0,18,0,8,0,0,0,0,4,1,6,1,26,6,-1,-1,-1,2,1
201401QK50845,1,9,0,18,0,8,0,0,0,0,1,1,1,1,33,6,1685,2,3,4,1
201401QK50846,1,11,0,2,0,0,0,0,0,0,0,1,1,1,55,8,9360,2,4,1,1
201401QK50847,1,9,0,18,0,1,0,0,0,0,1,1,6,1,67,10,2354,1,11,3,1
201401QK50847,2,9,0,18,0,1,0,0,0,0,2,1,6,2,55,8,1364,1,5,6,1
201401QK50847,3,9,0,18,0,1,0,0,0,0,2,1,6,1,38,7,1600,1,14,4,1
201401QK50848,1,3,0,14,0,0,0,0,0,0,4,1,6,1,26,6,125,1,5,5,1
201401QK50849,1,9,0,4,0,1,0,0,0,0,2,1,3,2,31,6,1587,1,9,1,1
201401QK50849,2,19,0,18,0,1,0,0,0,0,1,1,6,1,-1,-1,1753,2,4,-1,-1
201401QK50850,1,11,0,5,0,2,0,0,0,0,0,1,1,2,44,7,6700,2,4,3,1
201401QK50851,1,9,0,9,0,8,0,0,0,0,1,1,6,1,42,7,2987,2,1,5,1
201401QK50851,2,3,0,18,0,8,0,0,0,0,4,1,6,1,36,7,125,1,-1,2,1
201401QK50852,1,3,0,18,0,0,0,0,0,0,4,1,6,1,27,6,124,1,3,1,1
201401QK50853,1,9,0,3,0,1,0,0,0,0,2,1,6,1,62,9,1798,1,4,3,1
201401QK50853,2,9,0,3,0,1,0,0,0,0,2,1,6,2,38,7,1598,1,7,1,1
201401QK50853,3,9,0,18,0,1,0,0,0,0,1,1,6,2,64,9,2393,1,1,4,1
201401QK50854,1,11,0,18,0,1,0,0,0,0,1,1,1,1,42,7,9360,2,2,3,1
201401QK50855,1,3,0,14,0,0,1,0,0,0,1,1,6,1,31,6,124,1,2,3,1
201401QK50856,1,9,0,18,0,8,0,0,0,0,3,1,6,1,44,7,2776,2,10,4,1
201401QK50856,2,9,0,18,0,8,0,0,0,0,1,1,6,1,46,8,1999,1,8,10,2
201401QK50857,1,9,0,18,0,8,0,0,0,0,1,1,1,1,-1,-1,-1,-1,-1,-1,-1
201401QK50857,2,20,0,3,0,8,0,0,0,0,2,1,6,3,-1,-1,-1,-1,-1,-1,-1
201401QK50859,1,11,0,4,2,0,0,0,0,0,4,1,1,1,-1,-1,9000,2,5,-1,-1
201401QK50860,1,9,0,2,0,1,0,0,0,0,4,1,6,1,46,8,2143,2,4,5,1
201401QK50860,2,9,0,14,0,1,0,4,0,0,3,1,6,3,-1,-1,2926,2,10,-1,-1
201401QK50861,1,9,0,9,0,8,0,0,0,0,1,1,6,1,30,6,1598,1,12,2,1
201401QK50861,2,3,0,14,0,8,0,0,0,0,4,1,6,2,22,5,125,1,5,4,1
201401QK50862,1,9,0,15,0,8,0,0,0,0,3,1,6,2,36,7,1397,1,13,6,1
201401QK50862,2,21,1,9,0,8,0,0,0,0,4,1,1,1,27,6,12777,2,2,5,1
201401QK50863,1,9,0,9,0,8,0,0,0,0,1,1,6,1,74,10,1391,1,18,5,1
201401QK50863,2,9,0,18,0,8,0,0,0,0,1,1,6,1,29,6,1390,1,3,2,1
201401QK50864,1,9,0,9,0,8,0,0,0,0,3,1,6,2,45,7,1998,1,22,3,1
201401QK50865,1,9,0,18,0,2,0,0,0,0,1,1,6,3,-1,-1,-1,-1,-1,-1,-1
201401QK50866,1,19,0,7,0,8,0,0,0,0,4,1,6,1,39,7,1896,2,6,3,1
201401QK50866,2,3,0,18,0,8,0,0,0,0,3,1,6,1,26,6,125,1,6,1,1
201401QK50867,1,9,0,18,0,8,0,0,7,10,1,1,6,1,31,6,1896,2,16,3,1
201401QK50867,2,9,0,18,0,8,0,0,1,10,3,1,6,1,20,4,1360,1,8,3,1
201401QK50868,1,9,0,9,0,8,0,0,0,0,3,1,1,2,57,9,998,1,6,6,1
201401QK50868,2,9,0,18,0,8,0,0,0,0,1,1,6,1,-1,-1,1997,2,4,-1,-1
201401QK50869,1,9,0,16,0,1,0,10,2,7,1,1,2,2,48,8,1590,1,10,5,1
201401QK50870,1,11,0,18,0,0,0,0,0,0,0,1,1,1,-1,-1,-1,-1,-1,-1,-1
201401QK50871,1,19,0,5,0,8,0,0,0,0,3,1,6,1,-1,-1,2143,2,3,-1,-1
201401QK50872,1,3,0,13,0,8,0,0,0,0,4,1,1,1,24,5,-1,-1,-1,4,1
201401QK50872,2,9,0,9,0,5,0,0,0,0,3,1,1,1,37,7,1296,1,7,3,1
201401QK50874,1,9,0,18,0,0,0,0,0,0,4,1,6,1,-1,-1,2143,2,2,-1,-1
201401QK50875,1,1,0,15,0,8,0,0,0,0,1,1,6,1,18,4,-1,-1,-1,3,1
201401QK50875,2,9,0,7,0,8,0,0,0,0,4,1,6,1,-1,-1,1896,2,8,-1,-1