Accident_Index,Vehicle_Reference,Vehicle_Type,Towing_and_Articulation,Vehicle_Manoeuvre,Vehicle_Location-Restricted_Lane,Junction_Location,Skidding_and_Overturning,Hit_Object_in_Carriageway,Vehicle_Leaving_Carriageway,Hit_Object_off_Carriageway,1st_Point_of_Impact,Was_Vehicle_Left_Hand_Drive?,Journey_Purpose_of_Driver,Sex_of_Driver,Age_of_Driver,Age_Band_of_Driver,Engine_Capacity_(CC),Propulsion_Code,Age_of_Vehicle,Driver_IMD_Decile,Driver_Home_Area_Type
201401RG40055,1,9,0,18,0,8,0,0,0,0,1,1,6,2,68,10,-1,-1,-1,6,1
201401RG40055,2,9,0,9,0,8,0,10,1,10,3,1,6,1,30,6,1951,2,10,-1,-1
201401RG40056,1,19,0,18,0,8,0,0,0,0,1,1,6,1,46,8,-1,-1,-1,3,1
201401RG40056,2,9,0,9,0,8,0,0,0,0,1,1,6,1,52,8,1397,1,11,2,1
201401RG40057,1,9,0,1,0,0,0,0,0,0,2,1,6,1,-1,-1,1598,1,4,-1,-1
201401RG40059,1,9,0,3,0,0,0,0,0,0,2,1,6,1,35,6,-1,-1,-1,4,1
201401RG40059,2,9,0,3,0,0,0,0,0,0,2,1,6,2,42,7,1390,1,4,-1,1
201401RG40059,3,9,0,3,0,0,0,0,0,0,2,1,6,1,48,8,1781,1,15,4,1
201401RG40059,4,9,0,4,0,0,0,0,0,0,1,1,6,1,53,8,1798,1,4,6,1
201401RG40061,1,19,0,4,0,8,0,0,0,0,1,1,6,1,36,7,-1,-1,-1,-1,-1
201401RG40061,2,9,0,4,0,8,0,0,0,0,2,1,6,1,-1,-1,-1,-1,-1,3,1
201401RG40062,1,11,0,1,0,8,0,0,0,0,2,1,1,1,60,9,-1,-1,-1,2,1
201401RG40062,2,11,0,4,0,8,0,0,0,0,1,1,6,1,-1,-1,4500,2,4,-1,-1
201401RG40063,1,9,0,9,0,8,0,0,0,0,4,1,6,1,52,8,-1,-1,-1,3,1
201401RG40063,2,4,0,18,0,8,0,0,0,0,1,1,6,1,23,5,124,1,11,4,1
201401RG40064,1,11,0,18,0,8,0,0,0,0,0,1,1,1,45,7,8268,2,13,2,1
201401RG40065,1,9,0,18,0,8,0,0,0,0,4,1,6,2,30,6,-1,-1,-1,-1,1
201401RG40067,1,9,0,9,0,8,0,0,0,0,1,1,6,2,39,7,998,1,4,5,1
201401RG40068,1,9,0,9,0,8,0,0,0,0,1,1,6,1,30,6,1461,2,7,2,1
201401RG40068,2,9,0,16,0,8,0,0,0,0,1,1,6,1,61,9,1998,1,8,6,1
201401RG40071,1,2,0,18,0,8,0,0,0,0,1,1,6,1,19,4,125,1,1,5,1
201401RG40071,2,9,0,9,0,8,0,0,0,0,4,1,6,2,-1,-1,2996,1,8,-1,-1
201401RG40072,1,1,0,7,0,8,0,0,0,0,3,1,6,1,51,8,-1,-1,-1,1,1
201401RG40072,2,19,0,7,0,8,0,0,0,0,4,1,1,1,-1,-1,-1,-1,-1,-1,-1
201401RG40073,1,9,0,18,0,8,0,10,2,2,1,1,6,1,22,5,-1,-1,-1,2,1
201401RG40074,1,9,0,18,0,8,0,0,0,0,1,1,6,2,33,6,3311,8,6,-1,-1
201401RG40074,2,9,0,4,0,8,0,0,0,0,2,1,6,2,28,6,1390,1,8,2,1
201401RG40074,3,9,0,4,0,8,0,0,0,0,2,1,6,2,29,6,1598,2,1,5,1
201401RG40076,1,9,0,16,0,8,0,0,0,0,1,1,6,1,34,6,1999,1,10,2,1
201401RG40076,2,9,0,16,0,8,0,0,0,0,1,1,6,3,-1,-1,-1,-1,-1,-1,-1
201401RG40077,1,11,0,18,0,8,0,0,0,0,1,1,6,1,62,9,4500,2,7,7,1
201401RG40079,1,9,0,4,0,8,0,0,0,0,2,1,6,1,40,7,1686,2,6,1,1
201401RG40079,2,9,0,4,0,8,0,0,0,0,1,1,6,1,-1,-1,-1,-1,-1,-1,-1
201401RG40080,1,11,0,4,0,8,0,0,0,0,1,1,1,1,42,7,7300,2,14,9,1
201401RG40081,1,9,0,18,0,8,0,10,2,10,1,1,6,1,-1,-1,1796,1,7,-1,-1
201401RG40084,1,9,0,18,0,0,0,7,0,0,1,1,6,2,30,6,1198,1,10,2,1
201401RG40084,2,9,0,2,0,0,0,0,0,0,1,1,6,1,-1,-1,-1,-1,-1,3,1
201401RG40085,1,11,0,4,0,0,0,0,0,0,1,1,1,1,52,8,6700,2,2,2,1
201401RG40086,1,9,0,18,0,8,5,0,0,0,3,1,6,2,21,5,1984,1,14,6,1
201401RG40086,2,9,0,18,0,8,0,0,0,0,4,1,6,1,49,8,1968,2,9,-1,-1
201401RG40087,1,5,0,4,0,8,0,0,0,0,1,1,6,1,40,7,953,1,5,-1,-1
201401RG40087,2,19,0,4,0,8,0,0,0,0,2,1,6,1,46,8,2198,2,7,1,1
201401RG40088,1,9,0,18,0,8,0,0,0,0,1,1,6,1,48,8,1598,2,2,3,1
201401RG40088,2,9,0,6,0,8,0,0,0,0,4,1,6,1,41,7,1998,1,12,4,1
201401RG40089,1,9,0,18,0,8,0,0,0,0,1,1,6,1,27,6,-1,-1,-1,1,1
201401RG40089,2,9,0,5,0,8,0,0,0,0,3,1,6,2,20,4,998,1,12,1,1
201401RG40090,1,11,0,4,0,8,0,0,0,0,0,1,1,1,62,9,9000,2,5,-1,-1
201401RG40091,1,19,0,9,0,8,0,0,0,0,3,1,6,1,-1,-1,1995,2,1,-1,-1
201401RG40091,2,4,0,18,0,8,0,0,0,0,1,1,6,1,-1,-1,125,1,1,-1,-1
201401RG40092,1,9,0,4,0,1,0,0,0,0,1,1,6,1,42,7,-1,-1,-1,6,1
201401RG40092,2,9,0,4,0,1,0,0,0,0,2,1,6,1,36,7,1497,1,10,2,1
201401RG40093,1,9,0,3,0,8,0,0,0,0,2,1,6,2,49,8,1997,2,11,8,1
201401RG40093,2,9,0,18,0,8,0,0,0,0,1,1,6,1,-1,-1,-1,-1,-1,-1,-1
201401RG40096,1,8,0,18,0,0,0,0,0,0,3,1,6,1,-1,-1,-1,-1,-1,-1,-1
201401RG40097,1,9,0,18,0,8,0,0,0,0,1,1,6,2,80,11,973,1,11,4,1
201401RG40102,1,9,0,3,0,2,0,0,0,0,2,1,6,2,35,6,1598,1,7,4,1
201401RG40102,2,9,0,4,0,2,0,0,0,0,2,1,6,2,30,6,1360,1,13,3,1
201401RG40102,3,9,0,4,0,2,0,0,0,0,1,1,6,1,31,6,1299,1,9,1,1
201401RG40103,1,11,0,18,0,8,0,0,0,0,0,1,6,1,48,8,9000,2,5,-1,-1
201401RG40104,1,9,0,18,0,8,0,0,0,0,1,1,6,1,44,7,1998,1,12,-1,-1
201401RG40104,2,1,0,18,0,8,0,0,0,0,1,1,6,1,33,6,-1,-1,-1,4,1
201401RG40105,1,9,0,6,0,8,0,0,0,0,4,1,6,1,23,5,1995,1,4,3,1
201401RG40105,2,9,0,18,0,8,0,0,0,0,1,1,6,1,49,8,-1,-1,-1,4,1
201401RG40106,1,9,0,18,0,8,0,0,0,0,4,1,6,1,55,8,1796,1,13,8,1
201401RG40106,2,8,0,9,0,8,0,0,0,0,1,1,6,1,46,8,1598,1,6,3,1
201401RG40110,1,11,0,5,0,0,0,0,0,0,0,1,1,1,44,7,-1,-1,-1,6,1
201401RG40113,1,9,0,9,0,8,0,0,0,0,3,1,6,2,23,5,1388,1,3,1,1
201401RG40113,2,9,0,18,0,8,0,0,0,0,1,1,6,2,20,4,1360,1,14,-1,1
201401RG40114,1,9,0,4,0,8,0,0,0,0,2,1,6,2,40,7,998,1,10,3,1
201401RG40114,2,9,0,4,0,8,0,0,0,0,1,1,6,1,-1,-1,1149,1,6,-1,-1
201401RG40115,1,9,0,18,0,8,0,0,0,0,1,1,6,1,-1,-1,1896,2,9,-1,-1
201401RG40116,1,9,0,18,0,8,0,0,0,0,1,1,6,1,-1,-1,1975,1,12,-1,-1
201401RG40116,2,1,0,18,0,8,0,0,0,0,1,1,6,2,25,5,-1,-1,-1,5,1
201401RG40118,1,1,0,18,0,8,0,0,0,0,1,1,6,1,46,8,-1,-1,-1,2,1
201401RG40118,2,9,0,18,0,8,0,0,0,0,1,1,6,1,54,8,-1,-1,-1,3,1
201401RG40119,1,9,0,11,0,1,0,0,0,0,4,1,6,1,21,5,1598,1,3,1,1
201401RG40119,2,21,1,18,0,1,0,0,0,0,3,1,1,1,54,8,-1,-1,-1,-1,-1
201401RG40120,1,19,0,7,0,8,0,0,0,0,4,1,6,1,41,7,-1,-1,-1,2,1
201401RG40120,2,9,0,18,0,8,0,0,0,0,3,1,6,2,42,7,-1,-1,-1,3,1
201401RG40121,1,9,0,9,0,8,0,0,0,0,3,1,6,2,23,5,1198,1,5,3,1
201401RG40121,2,9,0,18,0,8,0,0,0,0,4,1,6,1,51,8,1956,2,1,3,1
201401RG40121,3,9,0,9,0,8,0,0,0,0,1,1,6,2,21,5,1995,2,5,-1,-1
201401RG40122,1,4,0,18,0,8,0,0,0,0,3,1,6,1,21,5,-1,-1,-1,1,1
201401RG40123,1,8,0,17,0,2,0,7,4,0,1,1,1,1,52,8,1995,2,9,6,1
201401RG40124,1,9,0,18,0,0,0,7,1,2,1,1,6,1,62,9,1360,1,4,3,1
201401RG40126,1,9,0,18,0,8,0,0,0,0,1,1,6,1,71,10,1597,1,14,6,2
201401RG40126,2,9,0,9,0,8,0,0,0,0,1,1,6,1,55,8,1598,1,11,-1,-1
201401RG40127,1,9,0,18,0,0,0,0,0,0,1,1,6,2,31,6,1396,1,9,7,1
201401RG40128,1,9,0,14,0,0,0,0,0,0,1,1,6,2,22,5,1242,1,7,-1,1
201401RG40129,1,9,0,9,0,8,0,0,0,0,0,1,6,1,30,6,1299,1,15,2,1
201401RG40129,2,19,0,18,0,8,0,0,0,0,1,1,6,1,-1,-1,1998,2,12,-1,-1
201401RG40131,1,9,0,18,0,0,0,0,0,0,1,1,6,2,51,8,-1,-1,-1,2,1
201401RG40132,1,9,0,9,0,8,0,0,0,0,3,1,6,2,27,6,998,1,1,7,1
201401RG40132,2,9,0,9,0,8,0,0,0,0,1,1,6,1,-1,-1,1995,2,5,-1,-1
201401RG40133,1,9,0,18,0,8,0,0,0,0,1,1,6,1,36,7,1493,1,18,2,1
201401RG40133,2,4,0,9,0,8,0,0,0,0,4,1,6,1,60,9,124,1,12,-1,1
201401RG40134,1,9,0,3,0,1,0,0,0,0,2,1,6,1,39,7,1956,2,-1,5,1
201401RG40134,2,9,0,18,0,1,0,0,0,0,1,1,6,2,35,6,2996,2,4,-1,1
201401RG40135,1,9,0,18,0,1,0,0,0,0,1,1,6,2,-1,-1,-1,-1,-1,-1,-1
201401RG40137,1,9,0,18,0,8,0,0,0,0,1,1,6,2,28,6,-1,-1,-1,2,1
201401RG40137,2,9,0,18,0,8,0,0,0,0,1,1,6,2,-1,-1,2497,1,11,3,1
201401RG40139,1,9,0,7,0,8,0,0,0,0,4,1,6,1,50,8,-1,-1,-1,3,1
201401RG40139,2,1,0,18,0,8,0,0,0,0,1,1,6,2,33,6,-1,-1,-1,4,1
201401RG40140,1,9,0,18,0,2,0,0,0,0,1,1,6,2,64,9,1229,1,2,5,1
201401RG40141,1,21,0,3,0,0,0,0,0,0,2,1,6,1,52,8,6370,2,1,8,1
201401RG40141,2,9,0,3,0,0,0,0,0,0,2,1,6,2,59,9,1590,1,13,9,1
201401RG40141,3,20,0,18,0,0,0,0,0,0,1,1,6,1,50,8,3920,2,2,3,1
201401RG40143,1,9,0,9,0,8,0,0,0,0,1,1,6,1,27,6,1796,1,10,8,3
201401RG40143,2,9,0,18,0,8,0,0,0,0,1,1,6,1,51,8,-1,-1,-1,2,1
201401RG40146,1,9,0,17,0,8,0,0,0,0,1,1,6,1,36,7,1587,1,11,2,1
201401RG40146,2,20,0,17,0,8,0,0,0,0,2,1,1,1,41,7,5193,2,6,6,1
201401RG40147,1,1,0,18,0,8,0,0,0,0,1,1,6,1,48,8,-1,-1,-1,-1,-1
201401RG40147,2,9,0,9,0,8,0,0,0,0,4,1,6,3,-1,-1,-1,-1,-1,-1,-1
201401RG40148,1,11,0,7,0,2,0,0,0,0,0,1,1,1,53,8,5883,2,12,3,1
201401RG40149,1,9,0,9,0,8,0,0,0,0,3,1,6,2,34,6,998,1,2,-1,-1
201401RG40149,2,9,0,9,0,8,0,0,0,0,1,1,6,2,41,7,-1,-1,-1,4,1
201401RG40150,1,9,0,18,0,8,0,0,0,0,4,1,6,2,55,8,1339,1,6,4,1
201401RG40150,2,9,0,9,0,8,0,0,0,0,1,1,6,1,25,5,2996,1,8,3,1
201401RG40151,1,9,0,18,0,8,0,0,0,0,1,1,6,2,55,8,1240,1,10,8,1
201401RG40151,2,9,0,9,0,8,0,0,0,0,1,1,6,1,30,6,1685,2,1,-1,1
201401RG40152,1,9,0,18,0,0,0,0,0,0,1,1,6,1,-1,-1,1686,2,4,2,1
201401RG40152,2,19,0,2,0,0,0,0,0,0,2,1,6,1,30,6,2402,2,9,6,1
201401RG40153,1,9,0,2,0,0,0,0,0,0,3,1,6,2,35,6,1596,1,6,4,1
201401RG40153,2,1,0,18,0,0,0,0,0,0,1,1,6,1,33,6,-1,-1,-1,2,1
201401RG40154,1,9,0,18,0,0,0,10,1,2,1,1,6,1,24,5,1995,1,8,3,1
201401RG40156,1,9,0,3,0,0,0,0,0,0,2,1,6,1,48,8,2993,2,4,-1,-1
201401RG40156,2,9,0,18,0,0,0,0,0,0,1,1,6,1,-1,-1,1796,1,9,-1,-1
201401RG40157,1,1,0,18,0,0,0,0,0,0,3,1,6,1,44,7,-1,-1,-1,5,1
201401RG40157,2,9,0,13,0,0,0,0,0,0,4,1,6,2,-1,-1,998,1,12,-1,-1
201401RG40158,1,9,0,7,0,2,5,7,0,0,3,1,6,1,19,4,1149,1,12,2,1
201401RG40159,1,9,0,18,0,2,0,4,0,0,1,1,6,2,53,8,1998,1,6,1,1
201401RG40159,2,19,0,2,0,2,0,0,0,0,2,1,6,3,-1,-1,-1,-1,-1,-1,-1
201401RG40161,1,1,0,18,0,8,0,0,0,0,1,1,1,1,42,7,-1,-1,-1,-1,-1
201401RG40161,2,9,0,9,0,8,0,0,0,0,3,1,6,1,-1,-1,1596,1,4,-1,-1
201401RG40162,1,9,0,5,0,0,0,0,0,0,3,1,6,1,44,7,-1,-1,-1,2,1
201401RG40162,2,19,0,13,0,0,0,0,0,0,4,1,6,1,25,5,-1,-1,-1,9,1
201401RG40163,1,9,0,18,0,0,0,0,0,0,4,1,6,3,-1,-1,-1,-1,-1,-1,-1
201401RG40164,1,9,0,18,0,0,0,0,0,0,4,1,6,2,25,5,1598,1,12,2,1
201401RG40164,2,21,0,15,0,0,0,0,0,0,3,1,6,1,39,7,11946,2,2,1,1
201401RG40165,1,9,0,18,0,0,0,0,0,0,1,1,6,2,26,6,1598,1,9,2,1
201401RG40166,1,3,0,18,0,2,0,0,0,0,0,1,6,1,-1,-1,124,1,3,9,1
201401RG40167,1,9,0,18,0,8,0,0,0,0,1,1,6,1,37,7,1396,1,15,2,1
201401RG40167,2,9,0,18,0,8,0,0,0,0,3,1,6,1,51,8,-1,-1,-1,7,1
201401RG40168,1,3,0,15,0,0,0,0,0,0,3,1,6,1,37,7,125,1,6,4,1
201401RG40168,2,19,0,18,0,0,0,0,0,0,4,1,6,1,46,8,1995,2,6,7,1
201401RG40168,3,21,0,18,0,0,0,0,0,0,3,1,1,1,36,7,-1,-1,-1,9,1
201401RG40169,1,9,0,1,0,1,0,0,0,0,2,1,6,1,-1,-1,-1,-1,-1,-1,-1
201401RG40170,1,9,0,5,0,1,0,0,0,0,3,1,6,1,50,8,1753,2,6,-1,-1
201401RG40170,2,3,0,18,0,1,0,0,0,0,1,1,6,2,20,4,125,1,1,3,1
201401RG40171,1,9,0,7,0,8,0,0,0,0,4,1,6,1,29,6,1390,1,13,1,1
201401RG40171,2,9,0,18,0,8,0,10,1,0,1,1,1,2,-1,-1,-1,-1,-1,-1,-1
201401RG40172,1,3,0,18,0,0,0,0,0,0,0,1,6,1,18,4,125,1,1,-1,1
201401RG40173,1,9,0,18,0,1,0,0,0,0,1,1,6,3,-1,-1,-1,-1,-1,-1,-1
201401RG40174,1,3,0,18,0,8,1,0,0,0,0,1,6,1,27,6,125,1,1,-1,1
201401RG40174,2,9,0,7,0,8,0,0,0,0,0,1,6,1,-1,-1,1796,1,11,-1,-1
201401RG40175,1,9,0,18,0,8,0,0,0,0,1,1,6,2,28,6,-1,-1,-1,2,1
201401RG40175,2,9,0,2,0,8,0,0,0,0,2,1,6,3,-1,-1,-1,-1,-1,-1,-1
201401RG40175,3,9,0,18,0,8,0,4,0,0,1,1,6,2,25,5,1896,2,5,7,1
201401RG40177,1,9,0,9,0,8,0,0,0,0,1,1,6,1,62,9,1896,2,12,10,1
201401RG40177,2,1,0,18,0,8,0,0,0,0,1,1,6,1,31,6,-1,-1,-1,4,1
201401RG40178,1,2,0,18,0,2,0,0,0,0,1,1,6,1,25,5,49,1,11,-1,-1
201401RG40179,1,9,0,9,0,8,0,0,0,0,2,1,6,1,21,5,1753,2,11,-1,-1
201401RG40179,2,9,0,18,0,8,0,0,0,0,1,1,6,1,21,5,1389,1,12,2,1
201401RG40180,1,9,0,9,0,8,0,0,0,0,1,1,6,1,36,7,1598,1,14,3,1
201401RG40180,2,3,0,18,0,8,0,0,0,0,1,1,6,1,26,6,124,1,1,2,1
201401RG40181,1,1,0,18,0,8,0,0,0,0,1,1,6,1,32,6,-1,-1,-1,9,1
201401RG40181,2,9,0,9,0,8,0,0,0,0,3,1,6,1,-1,-1,1199,1,10,-1,-1
201401RG40183,1,9,0,18,0,0,0,10,1,2,1,1,6,1,74,10,1389,1,14,1,1
201401RG40184,1,19,0,18,0,8,0,10,2,7,2,1,1,1,26,6,1995,2,4,4,2
201401RG40184,2,21,1,17,0,8,0,0,0,0,1,1,1,1,39,7,11946,2,4,5,1
201401RG40185,1,9,0,18,0,8,0,0,0,0,1,1,6,1,25,5,1242,1,13,3,1
201401RG40185,2,9,0,18,0,8,0,0,0,0,3,1,6,1,18,4,-1,-1,-1,4,1
201401RG40186,1,5,0,18,0,2,0,0,0,0,0,1,6,1,39,7,656,1,5,9,1
201401RG40186,2,9,0,15,0,2,0,0,0,0,0,1,6,2,-1,-1,-1,-1,-1,-1,-1
201401RG40187,1,1,0,18,0,8,0,0,0,0,1,1,6,1,27,6,-1,-1,-1,5,1
201401RG40187,2,19,0,9,0,8,0,0,0,0,4,1,6,1,28,6,2402,2,7,3,1
201401RG40188,1,9,0,18,0,8,0,0,0,0,1,1,6,2,24,5,1596,1,4,4,1
201401RG40188,2,9,0,9,0,8,0,0,0,0,1,1,6,2,20,4,-1,-1,-1,-1,1
201401RG40190,1,3,0,3,0,0,0,0,0,0,2,1,6,1,51,8,125,1,1,8,1
201401RG40190,2,5,0,18,0,0,1,0,0,0,1,1,6,1,39,7,599,1,4,9,1
201401RG40191,1,9,0,18,0,0,0,0,0,0,1,1,6,1,-1,-1,2993,2,4,-1,-1
201401RG40191,2,9,0,3,0,0,0,0,0,0,2,1,6,1,35,6,-1,-1,-1,2,1
201401RG40191,3,9,0,3,0,0,0,0,0,0,2,1,6,1,43,7,2497,1,8,2,1
201401RG40192,1,9,0,18,0,0,0,0,0,0,1,1,6,2,21,5,1489,1,17,4,1
201401RG40192,2,9,0,3,0,0,0,0,0,0,2,1,6,1,44,7,-1,-1,-1,-1,-1
201401RG40192,3,9,0,3,0,0,0,0,0,0,2,1,6,2,30,6,1598,1,11,-1,1
201401RG40193,1,9,0,18,0,0,0,0,0,0,1,1,6,1,-1,-1,1598,2,3,-1,-1
201401RG40193,2,9,0,3,0,0,0,0,0,0,2,1,6,1,32,6,1199,2,-1,9,2
201401RG40194,1,1,0,13,0,0,0,0,0,0,4,1,6,1,30,6,-1,-1,-1,4,1
201401RG40194,2,9,0,12,0,0,0,0,0,0,3,1,6,3,-1,-1,-1,-1,-1,-1,-1
201401RG40195,1,9,0,3,0,0,0,0,0,0,2,1,6,2,37,7,1896,2,8,3,1
201401RG40195,2,9,0,18,0,0,0,0,0,0,1,1,6,1,-1,-1,1368,1,8,-1,-1
201401RG40196,1,9,0,4,0,1,0,0,0,0,2,1,6,2,21,5,1242,1,4,7,1
201401RG40196,2,9,0,18,0,1,0,0,0,0,1,1,6,1,-1,-1,1686,2,1,-1,-1
201401RG40197,1,9,0,1,0,2,0,0,0,0,2,1,6,1,25,5,1968,2,8,2,1
201401RG40197,2,11,0,18,0,1,0,0,0,0,1,1,1,1,47,8,9000,2,5,-1,1
201401RG40198,1,9,0,18,0,1,0,0,0,0,1,1,6,2,19,4,1242,1,2,-1,-1
201401RG40199,1,9,0,4,0,8,0,0,0,0,2,1,6,1,21,5,1399,1,6,4,1
201401RG40199,2,9,0,18,0,8,0,0,0,0,1,1,6,1,56,9,998,1,14,1,1
201401RG40200,1,9,0,9,0,8,0,0,0,0,1,1,6,1,48,8,2496,2,12,3,1
201401RG40200,2,1,0,18,0,8,0,0,0,0,1,1,6,1,55,8,-1,-1,-1,2,1
201401RG40202,1,9,0,15,0,0,0,0,0,0,2,1,6,1,25,5,-1,-1,-1,8,1
201401RG40202,2,5,0,18,0,0,0,0,0,0,1,1,6,1,38,7,600,1,6,8,1
201401RG40205,1,9,0,9,0,8,0,0,0,0,3,1,6,2,22,5,1386,1,10,-1,1
201401RG40205,2,1,0,18,0,8,0,0,0,0,1,1,6,1,21,5,-1,-1,-1,-1,-1
201401RG40206,1,5,0,14,0,0,0,0,0,0,1,1,6,1,56,9,1043,1,1,3,1
201401RG40207,1,9,0,18,0,2,0,0,0,0,1,1,6,1,22,5,1598,1,11,1,1
201401RG40207,2,9,0,3,0,2,0,0,0,0,2,1,6,1,36,7,1999,1,8,3,1
201401RG40207,3,9,0,3,0,2,0,0,0,0,2,1,6,2,42,7,1587,1,7,8,1
201401RG40209,1,9,0,16,0,8,0,0,0,0,1,1,6,1,24,5,1998,2,9,3,1
201401RG40209,2,9,0,7,0,8,0,0,0,0,3,1,6,2,24,5,1199,1,10,9,1
201401RG40210,1,3,0,18,0,1,0,0,0,0,1,1,6,1,19,4,125,1,10,2,1
201401RG40210,2,19,0,18,0,1,0,0,0,0,2,1,1,1,55,8,1248,2,2,4,1
201401RG40211,1,11,0,2,0,2,0,0,0,0,4,1,1,1,65,9,4500,2,2,10,1
201401RG40212,1,9,0,18,0,1,0,0,0,0,1,1,6,2,58,9,1396,1,18,3,1
201401RG40215,1,11,0,18,0,8,0,0,0,0,1,1,1,1,-1,-1,4500,2,5,-1,-1
201401RG40215,2,9,0,18,0,8,0,0,0,0,2,1,6,1,-1,-1,-1,-1,-1,-1,-1
201401RG40216,1,5,0,18,0,1,0,0,0,0,3,1,6,1,20,4,690,1,2,10,1
201401RG40216,2,9,0,11,0,1,0,0,0,0,4,1,6,3,-1,-1,1199,1,11,-1,-1
201401RG40217,1,9,0,16,0,8,0,0,0,0,1,1,6,1,68,10,1461,2,4,-1,1
201401RG40217,2,9,0,7,0,8,0,0,0,0,1,1,6,1,83,11,1396,1,5,7,1
201401RG40219,1,9,0,18,0,1,0,0,0,0,4,1,6,1,-1,-1,1388,1,10,3,1
201401RG40219,2,1,0,18,0,1,0,0,0,0,1,1,6,1,39,7,-1,-1,-1,3,1
201401RG40220,1,9,0,9,0,2,0,0,0,0,1,1,6,2,36,7,1229,1,1,4,1
201401RG40221,1,9,0,18,0,0,0,0,0,0,1,1,6,1,27,6,1896,2,13,1,1
201401RG40222,1,9,0,4,0,1,0,0,0,0,1,1,6,1,44,7,-1,-1,-1,2,1
201401RG40222,2,19,0,18,0,1,0,0,0,0,1,1,6,1,36,7,1995,2,2,-1,-1
201401RG40222,3,5,0,18,0,1,0,0,0,0,3,1,6,1,55,8,680,1,7,9,1
201401RG40222,4,9,0,4,0,1,0,0,0,0,2,1,6,1,28,6,1390,1,11,2,1
201401RG40223,1,9,0,3,0,1,0,0,0,0,4,1,6,1,35,6,1799,1,8,4,1
201401RG40223,2,1,0,15,0,1,0,0,0,0,3,1,6,1,40,7,-1,-1,-1,1,1
201401RG40224,1,9,0,4,0,0,0,0,0,0,2,1,6,2,29,6,1199,1,10,3,1
201401RG40224,2,19,0,4,0,0,0,0,0,0,1,1,6,1,55,8,-1,-1,-1,2,1
201401RG40225,1,9,0,4,0,1,0,0,0,0,1,1,6,1,25,5,-1,-1,-1,-1,-1
201401RG40225,2,9,0,4,0,1,0,0,0,0,2,2,6,1,37,7,-1,-1,-1,-1,-1
201401RG40225,3,9,0,4,0,1,0,0,0,0,2,1,6,2,41,7,1360,1,6,10,1
201401RG40226,1,19,0,18,0,0,0,0,0,0,1,1,6,1,-1,-1,1997,2,10,3,1
201401RG40226,2,19,0,18,0,0,0,0,0,0,2,1,6,1,24,5,1686,2,11,10,1
201401RG40227,1,9,0,18,0,2,0,0,0,0,3,1,6,1,43,7,1998,1,10,7,1
201401RG40227,2,9,0,11,0,2,0,0,0,0,4,1,6,1,-1,-1,1364,1,7,-1,-1
201401RG40228,1,19,0,4,0,8,0,0,0,0,2,1,6,1,34,6,2402,2,6,4,1
201401RG40228,2,9,0,18,0,8,0,0,0,0,1,1,6,1,40,7,-1,-1,-1,1,1
201401RG40229,1,19,0,18,0,0,0,7,6,1,3,1,6,1,48,8,1996,2,3,-1,-1
201401RG40230,1,8,0,9,0,8,0,0,0,0,4,1,6,1,61,9,2402,2,10,7,1
201401RG40230,2,5,0,18,0,8,0,0,0,0,1,1,6,1,30,6,749,1,10,9,1
201401RG40232,1,1,0,18,0,1,0,0,0,0,3,1,6,1,40,7,-1,-1,-1,-1,-1
201401RG40232,2,9,0,18,0,1,0,0,0,0,1,1,6,3,-1,-1,-1,-1,-1,-1,-1
201401RG40233,1,9,0,9,0,8,0,0,0,0,1,1,6,1,38,7,-1,-1,-1,4,1
201401RG40233,2,9,0,18,0,8,0,0,0,0,1,1,6,1,28,6,1998,1,20,-1,1
201401RG40236,1,9,0,9,0,8,0,0,0,0,3,1,6,1,37,7,1596,1,13,4,1
201401RG40236,2,9,0,18,0,8,0,0,0,0,1,1,6,1,36,7,1783,1,14,1,1
201401RG40237,1,9,0,7,0,8,0,0,0,0,4,1,6,2,28,6,1896,2,6,5,1
201401RG40237,2,1,0,18,0,8,0,0,0,0,1,1,6,1,30,6,-1,-1,-1,3,1
201401RG40238,1,11,0,3,0,1,0,0,0,0,3,1,1,1,26,6,9000,2,5,-1,-1
201401RG40239,1,9,0,18,0,1,0,0,0,0,1,1,6,1,52,8,1910,2,8,6,1
201401RG40240,1,9,0,18,0,2,0,10,1,10,1,1,6,1,19,4,1368,1,7,-1,1
201401RG40241,1,9,0,4,0,1,0,0,0,0,1,1,6,1,32,6,1796,1,9,2,1
201401RG40241,2,9,0,3,0,1,0,0,0,0,2,1,6,2,20,4,1390,1,2,5,2
201401RG40244,1,1,0,18,0,0,0,0,0,0,2,1,6,1,30,6,-1,-1,-1,3,1
201401RG40244,2,9,0,18,0,0,0,0,0,0,1,1,6,3,-1,-1,-1,-1,-1,-1,-1
201401RG40245,1,9,0,3,0,1,0,0,0,0,2,1,6,1,22,5,1596,1,8,10,1
201401RG40245,2,9,0,3,0,1,0,0,0,0,2,1,6,2,60,9,1798,1,5,7,1
201401RG40245,3,9,0,3,0,1,0,0,0,0,2,1,6,1,46,8,1834,1,13,8,1
201401RG40245,4,10,0,4,0,1,0,0,0,0,1,1,1,1,38,7,1998,2,10,3,1
201401RG40249,1,9,0,3,0,2,0,0,0,0,2,1,6,1,44,7,1598,1,11,1,1
201401RG40249,2,9,0,4,0,2,0,0,0,0,1,1,6,3,-1,-1,-1,-1,-1,-1,-1
201401RG40251,1,9,0,4,0,8,0,0,0,0,2,1,6,1,42,7,1956,2,1,2,1
201401RG40251,2,9,0,18,0,8,0,0,0,0,1,1,6,1,-1,-1,2000,1,9,-1,-1
201401RG40253,1,19,0,8,0,8,0,0,0,0,2,1,6,1,63,9,2300,2,9,4,1
201401RG40253,2,19,0,7,0,8,0,0,0,0,1,1,6,1,-1,-1,2198,2,3,-1,-1