Accident_Index,Vehicle_Reference,Vehicle_Type,Towing_and_Articulation,Vehicle_Manoeuvre,Vehicle_Location-Restricted_Lane,Junction_Location,Skidding_and_Overturning,Hit_Object_in_Carriageway,Vehicle_Leaving_Carriageway,Hit_Object_off_Carriageway,1st_Point_of_Impact,Was_Vehicle_Left_Hand_Drive?,Journey_Purpose_of_Driver,Sex_of_Driver,Age_of_Driver,Age_Band_of_Driver,Engine_Capacity_(CC),Propulsion_Code,Age_of_Vehicle,Driver_IMD_Decile,Driver_Home_Area_Type
201401RG40634,1,9,0,4,0,8,0,0,0,0,2,1,6,2,36,7,1999,1,8,3,1
201401RG40634,2,9,0,18,0,8,0,0,0,0,1,1,6,1,-1,-1,-1,-1,-1,-1,-1
201401RG40636,1,9,0,6,0,2,0,0,0,0,3,1,6,1,39,7,1124,1,11,-1,-1
201401RG40636,2,2,0,18,0,1,0,0,0,0,1,1,6,1,32,6,49,1,3,2,1
201401RG40639,1,9,0,18,0,8,0,0,0,0,1,1,6,1,42,7,1995,2,4,8,1
201401RG40641,1,9,0,18,0,8,0,0,0,0,4,1,6,1,23,5,1339,1,8,2,1
201401RG40641,2,9,0,18,0,8,0,0,0,0,1,1,6,1,-1,-1,1598,1,8,-1,-1
201401RG40642,1,9,0,18,0,8,1,0,0,0,1,1,1,1,39,7,1910,2,5,-1,-1
201401RG40643,1,9,0,18,0,8,0,0,0,0,2,1,6,2,22,5,1199,1,10,5,1
201401RG40643,2,19,0,18,0,8,0,0,0,0,1,1,6,1,-1,-1,1995,2,7,7,1
201401RG40644,1,1,0,3,0,8,0,0,0,0,2,1,6,2,42,7,-1,-1,-1,-1,-1
201401RG40644,2,9,0,18,0,8,0,0,0,0,1,1,6,1,-1,-1,998,1,1,-1,-1
201401RG40645,1,11,0,4,0,0,0,0,0,0,0,1,6,1,52,8,9000,2,5,6,3
201401RG40648,1,9,0,2,0,8,0,0,0,0,3,1,6,2,26,6,1995,2,3,-1,1
201401RG40648,2,1,0,18,0,8,0,0,0,0,1,1,6,1,30,6,-1,-1,-1,3,1
201401RG40649,1,9,0,18,0,1,0,0,0,0,3,1,6,1,64,9,-1,-1,-1,9,1
201401RG40649,2,9,0,11,0,1,0,0,0,0,4,1,6,1,44,7,1240,1,10,3,1
201401RG40650,1,9,0,18,0,0,0,0,0,0,3,1,6,2,34,6,1248,2,3,8,1
201401RG40651,1,9,0,5,0,0,0,0,0,0,3,1,6,1,-1,-1,-1,-1,-1,-1,-1
201401RG40652,1,3,0,18,0,8,0,0,0,0,1,1,6,1,20,4,599,1,15,4,1
201401RG40652,2,9,0,9,0,8,0,0,0,0,3,1,6,2,40,7,-1,-1,-1,4,1
201401RG40653,1,2,0,18,0,8,0,0,0,0,3,1,6,2,38,7,-1,-1,-1,5,1
201401RG40654,1,1,0,18,0,8,0,0,0,0,1,1,6,2,36,7,-1,-1,-1,4,1
201401RG40654,2,9,0,7,0,8,0,0,0,0,4,1,6,2,-1,-1,998,1,5,-1,-1
201401RG40655,1,11,0,5,0,8,0,0,0,0,0,1,1,1,55,8,-1,2,11,7,1
201401RG40656,1,9,0,18,0,8,0,0,0,0,1,1,6,1,20,4,-1,-1,-1,-1,-1
201401RG40656,2,9,0,7,0,8,0,0,0,0,3,1,6,1,21,5,1299,1,11,3,1
201401RG40657,1,9,0,18,0,8,0,0,0,0,1,1,6,2,44,7,2776,2,6,2,1
201401RG40658,1,3,0,9,0,8,0,0,0,0,2,1,6,1,42,7,125,1,4,2,1
201401RG40658,2,9,0,9,0,8,0,0,0,0,1,1,6,2,38,7,1400,1,6,3,1
201401RG40660,1,9,0,6,0,0,0,0,0,0,3,1,6,1,36,7,1798,1,9,-1,-1
201401RG40660,2,9,0,18,0,0,0,0,0,0,1,1,6,1,41,7,1598,2,3,4,1
201401RG40662,1,11,0,18,0,0,0,0,0,0,0,1,6,1,25,5,4461,2,1,-1,1
201401RG40663,1,9,0,9,0,8,0,0,0,0,4,1,6,2,42,7,2179,2,2,9,1
201401RG40663,2,1,0,18,0,8,0,0,0,0,1,1,6,1,36,7,-1,-1,-1,-1,1
201401RG40664,1,3,0,18,0,8,0,0,0,0,3,1,6,1,21,5,124,1,2,4,1
201401RG40665,1,9,0,7,0,8,0,0,0,0,3,1,6,1,36,7,-1,-1,-1,-1,1
201401RG40665,2,1,0,18,0,8,0,0,0,0,1,1,6,1,30,6,-1,-1,-1,5,1
201401RG40668,1,9,0,15,0,8,0,0,0,0,4,1,6,1,40,7,-1,-1,-1,9,1
201401RG40668,2,1,0,18,0,8,0,0,0,0,3,1,6,1,-1,-1,-1,-1,-1,-1,-1
201401RG40669,1,1,0,18,0,8,0,0,0,0,1,1,6,1,36,7,-1,-1,-1,3,1
201401RG40669,2,9,0,18,0,8,0,0,0,0,1,1,6,1,-1,-1,-1,-1,-1,-1,-1
201401RG40670,1,9,0,9,0,8,0,0,0,0,4,1,6,1,23,5,1240,1,11,2,1
201401RG40670,2,9,0,18,0,8,0,0,0,0,1,1,6,2,59,9,1198,1,-1,-1,-1
201401RG40671,1,11,0,18,0,8,0,0,0,0,0,1,6,1,58,9,7300,2,12,2,1
201401RG40672,1,9,0,9,0,8,0,0,0,0,3,1,6,2,-1,-1,1598,2,-1,4,1
201401RG40672,2,5,0,18,0,8,0,0,0,0,1,1,6,1,-1,-1,749,1,13,-1,-1
201401RG40674,1,9,0,18,0,1,0,0,0,0,4,1,6,1,46,8,2148,2,9,4,1
201401RG40674,2,19,0,12,0,1,0,0,0,0,3,1,6,3,-1,-1,3920,2,7,-1,-1
201401RG40675,1,9,0,18,0,0,0,10,1,7,1,1,6,1,-1,-1,1596,1,13,-1,-1
201401RG40676,1,9,0,4,0,8,0,0,0,0,2,1,6,1,21,5,1910,2,7,-1,1
201401RG40676,2,9,0,4,0,8,0,0,0,0,2,1,6,1,26,6,998,1,13,-1,-1
201401RG40676,3,9,0,4,0,8,0,0,0,0,2,1,6,2,23,5,1461,2,9,2,1
201401RG40676,4,9,0,18,0,8,0,0,0,0,1,1,6,1,24,5,1905,2,18,2,1
201401RG40678,1,9,0,18,0,1,0,0,0,0,1,1,6,1,51,8,1984,1,12,-1,-1
201401RG40679,1,9,0,18,0,8,0,0,0,0,1,1,6,1,50,8,2000,2,3,9,1
201401RG40679,2,9,0,18,0,8,0,0,0,0,2,1,6,2,34,6,1596,1,6,10,1
201401RG40680,1,9,0,9,0,8,0,0,0,0,4,1,6,1,75,10,-1,-1,-1,6,1
201401RG40680,2,9,0,18,0,8,0,0,0,0,1,1,6,2,26,6,1590,1,9,-1,1
201401RG40681,1,9,0,18,0,0,0,0,0,0,3,1,6,1,55,8,1596,1,2,3,1
201401RG40681,2,9,0,18,0,0,0,0,0,0,4,1,6,1,36,7,2148,2,4,3,1
201401RG40681,3,9,0,2,0,0,0,0,0,0,4,1,6,1,76,11,1796,1,4,3,1
201401RG40681,4,9,0,2,0,0,0,0,0,0,4,1,6,2,78,11,1997,2,7,10,1
201401RG40684,1,9,0,4,0,1,0,0,0,0,1,1,6,2,58,9,1596,1,5,4,1
201401RG40684,2,19,0,3,0,1,0,0,0,0,2,1,1,1,62,9,2148,2,10,1,1
201401RG40685,1,9,0,2,0,8,0,0,0,0,3,1,6,1,44,7,1797,8,4,3,1
201401RG40685,2,1,0,18,0,8,0,4,0,0,4,1,6,1,38,7,-1,-1,-1,8,1
201401RG40686,1,9,0,4,0,1,0,0,0,0,1,1,6,1,50,8,2148,2,12,-1,1
201401RG40686,2,9,0,4,0,1,0,0,0,0,2,1,6,1,36,7,2000,2,4,3,1
201401RG40687,1,9,0,9,0,8,0,0,0,0,3,1,6,2,52,8,-1,-1,-1,2,1
201401RG40687,2,9,0,18,0,8,0,0,0,0,1,1,6,1,44,7,1598,1,13,3,1
201401RG40688,1,3,0,18,0,8,0,0,0,0,1,1,6,1,27,6,124,1,3,5,1
201401RG40689,1,9,0,9,0,8,0,0,0,0,4,1,6,1,35,6,-1,-1,-1,4,1
201401RG40689,2,8,0,9,0,8,0,0,0,0,3,1,6,1,55,8,2402,2,12,7,1
201401RG40690,1,9,0,12,0,0,0,0,0,0,3,1,6,1,29,6,-1,-1,-1,-1,-1
201401RG40690,2,9,0,18,0,0,0,0,0,0,4,1,6,2,54,8,1998,1,10,3,1
201401RG40691,1,2,0,18,0,8,0,0,0,0,1,1,6,1,25,5,108,1,-1,4,1
201401RG40691,2,9,0,9,0,8,0,0,0,0,4,1,6,2,30,6,1988,1,10,1,1
201401RG40692,1,9,0,4,0,8,0,0,0,0,2,1,6,1,33,6,-1,-1,-1,2,1
201401RG40692,2,9,0,18,0,8,0,0,0,0,1,1,6,1,41,7,-1,-1,-1,3,1
201401RG40693,1,9,0,18,0,0,1,0,6,6,3,1,6,1,42,7,1781,1,16,-1,-1
201401RG40694,1,9,0,18,0,8,0,0,0,0,1,1,6,1,58,9,1398,2,8,6,3
201401RG40694,2,1,0,18,0,8,0,0,0,0,1,1,6,1,40,7,-1,-1,-1,4,1
201401RG40695,1,9,0,9,0,8,0,0,0,0,4,1,6,2,35,6,3199,1,14,-1,-1
201401RG40695,2,9,0,18,0,8,0,0,0,0,1,1,6,1,49,8,1596,1,8,4,1
201401RG40697,1,9,0,4,0,8,0,0,0,0,2,1,6,2,30,6,1995,2,1,3,1
201401RG40697,2,9,0,18,0,8,0,0,0,0,1,1,6,1,-1,-1,1598,1,5,-1,-1
201401RG40698,1,9,0,5,0,8,0,0,0,0,4,1,6,1,-1,-1,-1,-1,-1,-1,-1
201401RG40699,1,9,0,4,0,8,0,0,0,0,2,1,6,2,18,4,-1,-1,-1,6,1
201401RG40699,2,9,0,18,0,8,0,0,0,0,1,1,6,2,50,8,-1,-1,-1,8,1
201401RG40700,1,9,0,18,0,8,0,0,0,0,4,1,6,1,51,8,5998,1,7,5,1
201401RG40700,2,9,0,9,0,8,0,0,0,0,1,1,6,1,63,9,-1,-1,-1,4,1
201401RG40701,1,11,0,4,0,8,0,0,0,0,0,1,6,1,48,8,3900,2,11,6,1
201401RG40702,1,3,0,18,0,8,0,0,0,0,3,1,6,1,42,7,125,1,-1,5,1
201401RG40703,1,9,0,18,0,0,0,0,0,0,1,1,6,1,19,4,1796,1,9,2,1
201401RG40703,2,9,0,18,0,0,0,0,0,0,1,1,6,2,20,4,1796,1,9,6,1
201401RG40704,1,9,0,2,0,8,0,0,0,0,3,1,6,2,82,11,-1,-1,-1,-1,-1
201401RG40704,2,1,0,18,0,8,0,0,0,0,1,1,6,1,32,6,-1,-1,-1,2,1
201401RG40705,1,9,0,18,0,8,0,0,0,0,4,1,6,1,62,9,1998,1,9,3,1
201401RG40706,1,9,0,18,0,8,0,0,0,0,1,1,6,1,58,9,1598,2,3,8,1
201401RG40706,2,9,0,4,0,8,0,0,0,0,2,1,6,1,-1,-1,1587,1,13,4,1
201401RG40707,1,9,0,4,0,8,0,0,0,0,2,1,6,1,23,5,1396,1,9,3,1
201401RG40707,2,9,0,18,0,8,0,0,0,0,1,1,6,1,39,7,2496,2,12,2,1
201401RG40708,1,9,0,7,0,8,0,0,0,0,3,1,6,2,24,5,1229,1,2,2,1
201401RG40709,1,9,0,6,0,0,0,0,0,0,4,1,6,2,60,9,1206,1,4,7,1
201401RG40709,2,1,0,18,0,0,0,0,0,0,1,1,6,1,19,4,-1,-1,-1,-1,-1
201401RG40710,1,9,0,9,0,8,0,0,0,0,4,1,6,1,38,7,1896,2,7,1,1
201401RG40710,2,9,0,18,0,8,0,0,0,0,1,1,6,1,28,6,1798,1,5,-1,-1
201401RG40711,1,9,0,9,0,8,0,0,0,0,4,1,6,1,50,8,-1,-1,-1,3,1
201401RG40711,2,1,0,18,0,8,0,0,0,0,1,1,6,2,30,6,-1,-1,-1,3,1
201401RG40712,1,9,0,18,0,8,0,0,0,0,3,1,6,2,52,8,998,1,1,7,1
201401RG40712,2,9,0,18,0,8,0,0,0,0,1,1,6,2,-1,-1,1390,1,7,4,1
201401RG40713,1,9,0,4,0,8,0,0,0,0,2,1,6,2,35,6,-1,-1,-1,6,1
201401RG40713,2,9,0,18,0,8,0,0,0,0,1,1,6,1,-1,-1,-1,-1,-1,-1,-1
201401RG40714,1,3,0,18,0,8,0,0,0,0,4,1,6,1,20,4,125,1,2,5,1
201401RG40715,1,9,0,18,0,0,0,0,0,0,1,1,6,1,55,8,-1,-1,-1,10,1
201401RG40717,1,9,0,4,0,0,0,0,0,0,2,1,6,2,55,8,1461,2,3,2,1
201401RG40717,2,9,0,4,0,0,0,0,0,0,1,1,6,2,-1,-1,2143,2,-1,-1,-1
201401RG40718,1,9,0,18,0,8,0,0,0,0,2,1,6,2,26,6,-1,-1,-1,4,3
201401RG40718,2,9,0,18,0,8,0,0,0,0,1,1,6,1,38,7,1997,2,13,2,1
201401RG40719,1,9,0,18,0,8,0,0,0,0,1,1,6,1,38,7,1598,1,11,3,1
201401RG40719,2,1,0,18,0,8,0,0,0,0,1,1,6,1,32,6,-1,-1,-1,4,1
201401RG40721,1,3,0,18,0,8,0,0,0,0,3,1,6,1,30,6,-1,-1,-1,2,1
201401RG40721,2,9,0,11,0,8,0,0,0,0,4,1,6,1,23,5,1390,1,9,3,1
201401RG40722,1,8,0,5,0,0,0,0,0,0,0,1,6,1,-1,-1,2499,2,6,-1,-1
201401RG40723,1,9,0,9,0,8,0,0,0,0,2,1,6,1,48,8,1896,2,8,3,1
201401RG40723,2,3,0,18,0,8,0,0,0,0,1,1,6,1,18,4,124,1,7,9,1
201401RG40724,1,20,0,1,0,8,0,0,0,0,2,1,6,1,35,6,6693,2,1,7,1
201401RG40728,1,9,0,4,0,0,0,0,4,6,2,1,6,1,30,6,-1,-1,-1,2,1
201401RG40728,2,9,0,18,0,0,0,0,0,0,1,1,6,1,28,6,1968,2,8,6,1
201401RG40730,1,5,0,18,0,8,0,0,0,0,2,1,6,1,62,9,-1,-1,-1,10,1
201401RG40730,2,19,0,18,0,8,0,0,0,0,1,1,6,1,38,7,-1,-1,-1,7,1
201401RG40730,3,19,0,18,0,8,0,0,0,0,1,1,6,3,-1,-1,-1,-1,-1,-1,-1
201401RG40732,1,9,0,14,0,1,0,4,0,0,1,1,6,1,35,6,1199,2,3,3,1
201401RG40732,2,9,0,2,0,1,0,0,0,0,3,1,6,3,-1,-1,1368,1,7,-1,-1
201401RG40733,1,3,0,18,0,1,0,0,0,0,1,1,6,2,28,6,125,1,-1,2,1
201401RG40733,2,9,0,18,0,1,0,0,0,0,3,1,6,2,37,7,1986,2,7,5,1
201401RG40736,1,9,0,6,0,2,0,0,0,0,3,1,6,1,19,4,1124,1,15,3,1
201401RG40736,2,3,0,18,0,1,0,0,0,0,1,1,6,1,44,7,108,1,1,2,1
201401RG40738,1,9,0,9,0,8,0,0,0,0,3,1,6,2,38,7,1586,1,9,1,1
201401RG40738,2,9,0,13,0,8,0,0,0,0,1,1,6,1,44,7,1968,2,6,-1,1
201401RG40739,1,9,0,6,0,0,0,0,0,0,3,1,6,2,53,8,-1,-1,-1,4,1
201401RG40739,2,2,0,18,0,0,0,0,0,0,1,1,6,1,44,7,123,1,28,9,1
201401RG40740,1,9,0,4,0,8,0,0,0,0,2,1,6,2,23,5,1595,1,-1,10,1
201401RG40740,2,9,0,18,0,8,0,0,0,0,1,1,6,1,-1,-1,-1,-1,-1,-1,-1
201401RG40741,1,9,0,7,0,8,0,0,0,0,4,1,6,1,57,9,2204,2,6,5,1
201401RG40741,2,1,0,18,0,8,0,0,0,0,1,1,6,1,26,6,-1,-1,-1,3,1
201401RG40742,1,9,0,18,0,0,0,0,0,0,1,1,6,1,-1,-1,-1,-1,-1,-1,-1
201401RG40744,1,9,0,7,0,8,0,0,0,0,3,1,6,2,32,6,1198,1,9,-1,-1
201401RG40744,2,8,0,18,0,8,0,0,0,0,1,1,1,1,56,9,1997,2,2,2,1
201401RG40745,1,9,0,3,0,1,0,0,0,0,2,1,6,2,38,7,1598,2,2,-1,-1
201401RG40745,2,19,0,4,0,1,0,0,0,0,1,1,6,1,-1,-1,1560,2,2,8,1
201401RG40748,1,9,0,18,0,1,0,0,0,0,1,1,6,1,41,7,1461,2,-1,10,1
201401RG40748,2,19,0,3,0,1,0,0,0,0,2,1,1,1,53,8,1997,1,4,-1,-1
201401RG40749,1,11,0,5,0,8,0,0,0,0,0,1,1,1,45,7,4500,2,6,-1,-1
201401RG40750,1,9,0,4,0,8,0,0,0,0,2,1,6,2,66,10,-1,-1,-1,5,1
201401RG40750,2,9,0,18,0,8,0,0,0,0,1,1,6,2,44,7,1753,2,7,3,1
201401RG40752,1,9,0,18,0,8,0,0,0,0,1,1,6,1,70,10,2148,2,7,3,1
201401RG40752,2,9,0,18,0,8,0,0,0,0,3,1,6,1,27,6,998,1,10,2,1
201401RG40754,1,9,0,18,0,1,0,0,0,0,2,1,6,1,38,7,-1,-1,-1,-1,1
201401RG40754,2,9,0,18,0,1,0,0,0,0,1,1,6,2,28,6,1595,1,2,5,1
201401RG40756,1,9,0,3,0,0,0,0,0,0,2,1,6,2,24,5,998,1,1,7,1
201401RG40756,2,9,0,4,0,0,0,0,0,0,1,1,6,1,36,7,1988,2,10,2,1
201401RG40758,1,9,0,11,0,2,0,0,0,0,1,1,1,1,40,7,1797,8,4,2,1
201401RG40758,2,1,0,3,0,2,0,0,0,0,2,1,6,2,18,4,-1,-1,-1,-1,1
201401RG40759,1,9,0,2,0,1,0,0,0,0,3,1,6,1,44,7,1597,1,16,2,1
201401RG40759,2,1,0,14,0,1,0,8,0,0,1,1,6,1,48,8,-1,-1,-1,10,1
201401RG40761,1,9,0,18,0,1,0,0,0,0,1,1,6,3,-1,-1,-1,-1,-1,-1,-1
201401RG40763,1,9,0,18,0,8,0,0,0,0,1,1,6,2,53,8,1596,1,10,7,1
201401RG40763,2,3,0,4,0,8,0,0,0,0,2,1,6,1,52,8,125,1,-1,7,1
201401RG40765,1,9,0,4,0,8,0,0,0,0,2,1,6,1,53,8,2184,2,8,3,1
201401RG40765,2,9,0,18,0,8,0,0,0,0,1,1,6,1,-1,-1,-1,-1,-1,-1,-1
201401RG40766,1,9,0,18,0,1,0,0,0,0,3,1,6,1,-1,-1,2143,2,4,4,2
201401RG40766,2,9,0,11,0,1,0,0,0,0,4,1,6,2,44,7,-1,-1,-1,-1,-1
201401RG40767,1,9,0,9,0,8,0,0,0,0,3,1,6,1,34,6,2402,2,7,5,1
201401RG40767,2,2,0,18,0,8,0,0,0,0,1,1,6,1,16,4,-1,-1,-1,-1,-1
201401RG40769,1,9,0,18,0,8,0,0,0,0,1,1,6,1,66,10,1956,2,1,1,1
201401RG40771,1,9,0,1,0,1,0,0,0,0,2,1,6,3,-1,-1,-1,-1,-1,-1,-1
201401RG40772,1,9,0,18,0,2,0,0,0,0,1,1,6,1,87,11,1339,1,10,-1,-1
201401RG40773,1,5,0,18,0,1,0,0,0,0,2,1,6,1,27,6,-1,-1,-1,4,1
201401RG40773,2,9,0,18,0,1,0,0,0,0,1,1,6,1,46,8,-1,-1,-1,-1,1
201401RG40775,1,3,0,15,0,1,0,0,0,0,3,1,6,1,-1,-1,-1,-1,-1,-1,-1
201401RG40775,2,20,0,18,0,1,0,0,0,0,4,1,6,3,-1,-1,2999,2,3,-1,-1
201401RG40776,1,9,0,4,0,1,0,0,0,0,2,1,1,2,34,6,2494,1,11,6,1
201401RG40776,2,9,0,4,0,1,0,0,0,0,1,1,6,1,30,6,1995,2,10,2,1
201401RG40780,1,9,0,18,0,8,0,0,0,0,4,1,6,2,34,6,1796,1,3,1,1
201401RG40780,2,9,0,18,0,8,0,0,0,0,1,1,6,3,-1,-1,1598,1,4,-1,-1
201401RG40782,1,9,0,3,0,1,0,0,0,0,2,1,6,2,56,9,998,1,-1,2,1
201401RG40782,2,9,0,4,0,1,0,0,0,0,1,2,6,2,56,9,-1,-1,-1,-1,-1
201401RG40785,1,9,0,18,0,1,0,0,0,0,1,1,6,1,38,7,1800,1,15,-1,1
201401RG40787,1,9,0,18,0,8,0,0,0,0,3,1,6,2,46,8,1997,2,3,7,1
201401RG40787,2,9,0,11,0,8,0,0,0,0,4,1,6,3,-1,-1,-1,-1,-1,-1,-1
201401RG49002,1,9,0,18,0,0,0,0,0,0,3,1,6,1,28,6,1388,1,10,3,1
201401RG49005,1,19,0,18,0,8,0,0,0,0,4,1,6,1,54,8,-1,-1,-1,3,1
201401RG49005,2,1,0,7,0,8,0,0,0,0,3,1,6,1,26,6,-1,-1,-1,3,1
201401RG49007,1,9,0,18,0,8,0,0,0,0,1,1,6,1,72,10,1461,2,-1,1,1
201401RG49009,1,9,0,18,0,8,0,10,1,10,4,1,6,2,35,6,1197,1,3,3,1
201401RG49009,2,19,0,7,0,8,0,0,0,0,1,1,6,1,53,8,2460,2,7,2,1
201401RG49010,1,9,0,3,0,1,0,0,0,0,2,1,6,1,53,8,1390,1,13,2,1
201401RG49010,2,9,0,4,0,1,0,0,0,0,1,1,6,2,41,7,995,1,6,6,1
201401RG49013,1,11,0,4,0,1,0,0,0,0,1,1,1,1,57,9,7300,2,12,3,1
201401RG49014,1,11,0,18,0,2,0,0,0,0,1,1,1,1,59,9,-1,-1,-1,9,1
201401RG49017,1,9,0,7,0,8,0,0,0,0,3,1,6,1,45,7,1995,2,3,-1,-1
201401RG49017,2,1,0,18,0,8,0,0,0,0,1,1,6,1,29,6,-1,-1,-1,-1,-1
201401RG49018,1,9,0,18,0,2,0,0,0,0,1,1,6,1,18,4,-1,-1,-1,2,1
201401RG49021,1,9,0,4,0,1,0,0,0,0,2,1,6,2,53,8,1240,1,4,4,1
201401RG49021,2,9,0,18,0,1,0,0,0,0,1,1,6,3,-1,-1,1968,2,4,-1,-1
201401RG49022,1,9,0,18,0,1,0,0,0,0,1,1,6,1,17,4,-1,-1,-1,3,1
201401RG49022,2,9,0,6,0,1,0,0,0,0,3,1,6,1,40,7,1769,1,9,4,1
201401RG49025,1,9,0,4,0,1,0,0,0,0,2,1,6,2,28,6,1299,1,14,5,1
201401RG49025,2,19,0,4,0,1,0,0,0,0,1,1,6,1,-1,-1,1998,2,10,-1,-1
201401RG49025,3,9,0,3,0,1,0,0,0,0,2,1,6,2,38,7,-1,-1,-1,-1,-1
201401RG49026,1,9,0,7,0,8,0,0,0,0,4,1,6,2,32,6,1753,2,14,1,1
201401RG49026,2,3,0,15,0,8,0,0,0,0,3,1,6,1,-1,-1,-1,-1,-1,-1,-1
201401RG49028,1,9,0,18,0,1,0,0,0,0,2,1,6,2,24,5,1299,1,12,5,1
201401RG49028,2,20,0,18,0,1,0,0,0,0,1,1,1,3,-1,-1,-1,-1,-1,-1,-1
201401RG49030,1,9,0,18,0,1,0,0,0,0,3,1,6,2,-1,-1,1753,2,15,2,1
201401RG49030,2,9,0,11,0,1,0,0,0,0,4,1,6,1,43,7,1598,1,7,3,1
201401RG49031,1,3,0,18,0,1,0,0,0,0,1,1,6,2,-1,-1,124,1,2,-1,-1
201401RG49033,1,1,0,18,0,0,0,0,0,0,3,1,6,1,30,6,-1,-1,-1,2,1
201401RG49033,2,20,0,13,0,0,0,0,0,0,4,1,6,3,-1,-1,-1,-1,-1,-1,-1
201401RG49037,1,9,0,18,0,1,0,0,0,0,2,1,6,2,72,10,1596,1,10,2,1
201401RG49037,2,9,0,18,0,1,0,0,0,0,1,1,6,1,-1,-1,1595,1,11,1,1
201401RG49038,1,9,0,11,0,1,0,0,0,0,4,1,6,1,69,10,1797,8,-1,8,1
201401RG49038,2,5,0,18,0,1,0,0,0,0,3,1,6,1,33,6,599,1,18,5,2
201401RG49046,1,9,0,18,0,1,0,0,0,0,1,1,6,1,-1,-1,-1,-1,-1,-1,-1
201401RG49053,1,11,0,4,0,1,0,0,0,0,2,1,1,1,55,8,6700,2,3,5,1
201401RG49053,2,90,0,4,0,1,0,0,0,0,1,1,6,2,90,11,-1,-1,-1,1,1
201401RG49057,1,9,0,18,0,0,0,0,0,0,1,1,6,2,53,8,-1,-1,-1,-1,-1
201401RG49057,2,1,0,18,0,0,0,0,0,0,2,1,6,1,27,6,-1,-1,-1,4,1
201401RG49080,1,8,0,18,0,1,0,10,1,1,1,1,1,1,42,7,2499,2,7,8,1
201401RG49080,2,8,0,18,0,1,0,0,0,0,2,1,1,1,49,8,-1,-1,-1,10,1
201401RG49103,1,19,0,18,0,1,0,0,0,0,1,1,6,1,-1,-1,2198,2,1,-1,-1
201401RG49106,1,11,0,4,0,1,0,0,0,0,0,1,6,3,-1,-1,-1,-1,-1,-1,-1
201401RG49109,1,9,0,18,0,1,0,0,0,0,1,1,6,1,-1,-1,2771,1,15,4,1
201401RG49124,1,9,0,7,0,8,0,0,0,0,3,1,6,1,-1,-1,1595,1,5,8,1
201401RG49124,2,3,0,18,0,8,0,0,0,0,1,1,6,1,29,6,125,1,7,-1,-1
201401RG49128,1,1,0,18,0,8,0,0,0,0,1,1,6,2,63,9,-1,-1,-1,4,1
201401RG49128,2,9,0,7,0,8,0,0,0,0,3,1,1,2,63,9,1590,1,13,4,1
201401RG49140,1,9,0,18,0,8,0,0,0,0,4,1,6,1,56,9,1997,2,9,3,1
201401RG49140,2,9,0,18,0,8,0,0,0,0,1,1,6,1,30,6,1598,1,1,4,1
201401RG49141,1,3,0,14,0,8,0,0,0,0,1,1,6,1,39,7,125,1,4,-1,-1
201401RG49141,2,9,0,3,0,8,0,0,0,0,3,1,6,1,-1,-1,1998,2,4,-1,1
201401RY10001,1,9,0,4,0,8,0,0,0,0,2,1,6,2,76,11,1390,1,13,10,1
201401RY10001,2,9,0,4,0,8,0,0,0,0,1,1,6,2,18,4,-1,-1,-1,9,1
201401RY10003,1,9,0,18,0,8,0,0,0,0,1,1,6,1,34,6,1119,1,10,9,1
201401RY10005,1,9,0,18,0,0,0,7,1,10,1,1,6,1,33,6,1598,1,7,3,1
201401RY10005,2,9,0,2,0,0,0,0,0,0,2,1,6,2,40,7,2148,2,9,2,1
201401RY10007,1,4,0,18,0,8,0,0,0,0,1,1,6,1,41,7,498,1,11,4,1
201401RY10011,1,9,0,1,0,8,0,0,0,0,2,1,6,1,25,5,1368,1,4,8,1
201401RY10012,1,9,0,4,0,8,0,0,0,0,2,1,6,2,25,5,1299,1,13,2,1
201401RY10012,2,9,0,4,0,8,0,0,0,0,2,1,6,2,52,8,1560,2,3,3,1
201401RY10012,3,9,0,4,0,8,0,0,0,0,2,1,6,1,50,8,1560,2,4,5,1
201401RY10012,4,9,0,18,0,8,0,0,0,0,1,1,6,1,18,4,1796,1,8,4,1
201401RY10013,1,5,0,18,0,8,0,0,0,0,1,1,6,1,30,6,645,1,10,4,1
201401RY10013,2,9,0,9,0,8,0,0,0,0,2,1,6,1,36,7,2835,2,16,7,1
201401RY10014,1,3,0,18,0,8,0,0,0,0,1,1,6,1,30,6,124,1,5,1,1
201401RY10014,2,9,0,6,0,8,0,0,0,0,3,1,6,1,36,7,998,1,12,3,1
201401RY10016,1,9,0,18,0,8,0,0,0,0,1,1,6,2,66,10,1086,1,8,5,1
201401RY10017,1,9,0,18,0,8,0,0,0,0,4,1,6,1,49,8,1997,2,7,9,1
201401RY10017,2,9,0,18,0,8,0,0,0,0,1,1,6,2,42,7,1587,1,7,9,1
201401RY10019,1,11,0,5,0,0,0,0,0,0,4,1,6,1,-1,-1,-1,-1,-1,-1,-1
201401RY10020,1,5,0,18,0,8,0,0,0,0,3,1,6,1,46,8,-1,-1,-1,-1,1
201401RY10020,2,11,0,7,0,8,0,0,0,0,4,1,6,1,50,8,-1,-1,-1,3,1
201401RY10021,1,9,0,7,0,8,0,0,0,0,1,1,6,1,23,5,1242,1,17,2,1
201401RY10022,1,1,0,18,0,8,0,0,0,0,1,1,6,1,51,8,-1,-1,-1,6,1
201401RY10022,2,9,0,9,0,8,0,0,0,0,4,1,6,1,-1,-1,-1,-1,-1,-1,-1
201401RY10023,1,9,0,9,0,8,0,0,0,0,3,1,6,2,22,5,1197,1,1,8,1
201401RY10023,2,9,0,9,0,8,0,0,0,0,1,1,6,2,-1,-1,1896,2,13,-1,-1
201401RY10025,1,9,0,15,0,0,0,0,0,0,1,1,6,2,33,6,1984,1,14,3,1
201401RY10025,2,9,0,14,0,0,0,0,0,0,1,1,6,1,23,5,1998,1,8,2,1
201401RY10026,1,9,0,15,0,8,0,0,0,0,4,1,6,1,68,10,1998,2,11,9,1