Accident_Index,Vehicle_Reference,Vehicle_Type,Towing_and_Articulation,Vehicle_Manoeuvre,Vehicle_Location-Restricted_Lane,Junction_Location,Skidding_and_Overturning,Hit_Object_in_Carriageway,Vehicle_Leaving_Carriageway,Hit_Object_off_Carriageway,1st_Point_of_Impact,Was_Vehicle_Left_Hand_Drive?,Journey_Purpose_of_Driver,Sex_of_Driver,Age_of_Driver,Age_Band_of_Driver,Engine_Capacity_(CC),Propulsion_Code,Age_of_Vehicle,Driver_IMD_Decile,Driver_Home_Area_Type
201401RY10208,1,9,0,18,0,0,0,10,1,10,1,1,6,1,65,9,1598,1,7,4,1
201401RY10208,2,9,0,2,0,0,0,0,0,0,3,1,6,1,-1,-1,2793,1,15,5,2
201401RY10209,1,9,0,18,0,0,0,0,0,0,2,1,6,1,20,4,1360,1,14,1,1
201401RY10209,2,9,0,18,0,0,0,0,0,0,1,1,6,2,39,7,1389,1,12,3,1
201401RY10211,1,9,0,4,0,8,0,0,0,0,2,1,6,2,44,7,1560,2,-1,5,1
201401RY10211,2,9,0,18,0,8,0,0,0,0,1,1,6,1,38,7,2198,2,8,9,1
201401RY10212,1,3,0,18,0,8,0,0,0,0,1,1,6,1,22,5,124,1,7,4,1
201401RY10212,2,9,0,9,0,8,0,0,0,0,1,1,6,1,32,6,1598,1,6,3,1
201401RY10213,1,9,0,18,0,0,0,0,0,0,1,1,6,3,-1,-1,-1,-1,-1,-1,-1
201401RY10214,1,9,0,18,0,8,0,0,0,0,1,1,6,2,38,7,796,1,8,5,1
201401RY10214,2,19,0,18,0,8,0,0,0,0,1,1,6,1,21,5,2402,2,8,7,3
201401RY10215,1,9,0,18,0,8,0,0,0,0,1,1,6,2,44,7,-1,-1,-1,5,1
201401RY10216,1,9,0,4,0,8,0,0,0,0,2,1,6,2,22,5,1299,1,13,4,1
201401RY10216,2,9,0,18,0,8,0,0,0,0,1,1,6,1,22,5,998,1,10,4,1
201401RY10217,1,9,0,9,0,8,0,0,0,0,4,1,6,1,18,4,1400,1,14,3,1
201401RY10217,2,9,0,18,0,8,0,0,0,0,3,1,6,1,-1,-1,1149,1,12,-1,-1
201401RY10218,1,11,0,5,0,8,0,0,0,0,0,1,1,1,32,6,3900,2,10,-1,-1
201401RY10219,1,9,0,18,0,8,0,0,0,0,1,1,6,1,-1,-1,-1,-1,-1,-1,-1
201401RY10219,2,9,0,18,0,8,0,0,0,0,1,1,6,1,25,5,-1,-1,-1,8,1
201401RY10220,1,9,0,18,0,0,0,0,0,0,3,1,6,1,35,6,1598,1,7,6,1
201401RY10220,2,9,0,15,0,0,0,0,0,0,4,1,6,1,-1,-1,1398,1,10,-1,-1
201401RY10221,1,9,0,1,0,8,0,0,0,0,2,1,6,1,-1,-1,-1,-1,-1,-1,-1
201401RY10222,1,9,0,7,0,8,0,10,1,10,1,1,6,1,19,4,1587,1,10,1,1
201401RY10223,1,9,0,18,0,8,0,10,1,2,3,1,6,1,36,7,1586,1,-1,4,1
201401RY10224,1,9,0,9,0,8,0,0,0,0,3,1,6,1,33,6,1389,1,20,4,1
201401RY10224,2,9,0,15,0,8,0,0,0,0,1,1,6,1,-1,-1,-1,-1,-1,-1,-1
201401RY10225,1,9,0,4,0,8,0,0,0,0,2,1,6,1,25,5,1995,2,2,5,1
201401RY10225,2,9,0,18,0,8,0,0,0,0,1,1,6,1,22,5,-1,-1,-1,4,1
201401RY10226,1,3,0,18,0,8,0,0,0,0,1,1,6,1,18,4,124,1,2,7,1
201401RY10226,2,9,0,9,0,8,0,0,0,0,4,1,6,2,60,9,1399,1,8,-1,-1
201401RY10227,1,9,0,18,0,0,0,0,0,0,1,1,6,1,46,8,1598,2,1,2,1
201401RY10227,2,9,0,2,0,0,0,0,0,0,3,1,6,2,-1,-1,1997,2,5,8,1
201401RY10228,1,11,0,18,0,8,0,0,0,0,0,1,6,1,44,7,-1,-1,-1,1,1
201401RY10229,1,9,0,4,0,8,0,0,0,0,2,1,6,1,21,5,1229,1,2,8,1
201401RY10229,2,9,0,18,0,8,0,0,0,0,1,1,6,1,-1,-1,1390,1,9,-1,-1
201401RY10230,1,9,0,7,0,8,0,7,0,0,1,1,6,1,35,6,1798,1,4,8,1
201401RY10231,1,4,0,9,0,8,0,0,0,0,3,1,6,1,21,5,1000,1,6,10,1
201401RY10232,1,9,0,18,0,0,0,4,0,0,1,1,6,1,21,5,1124,1,9,5,1
201401RY10232,2,9,0,2,0,0,0,0,0,0,3,1,6,1,-1,-1,1896,2,12,7,1
201401RY10233,1,9,0,18,0,8,0,0,0,0,1,1,6,1,46,8,2495,1,10,6,1
201401RY10234,1,9,0,9,0,8,0,0,0,0,1,1,6,2,55,8,1229,1,4,10,1
201401RY10234,2,5,0,18,0,8,0,0,0,0,1,1,6,1,42,7,649,1,-1,8,1
201401RY10235,1,11,0,1,0,8,0,0,0,0,2,1,1,1,33,6,4500,2,3,3,1
201401RY10235,2,3,0,18,0,8,0,0,0,0,1,1,6,1,17,4,124,1,13,-1,1
201401RY10236,1,9,0,4,0,8,0,0,0,0,2,1,6,1,46,8,1332,1,21,7,3
201401RY10236,2,1,0,18,0,8,0,0,0,0,1,1,6,1,12,3,-1,-1,-1,-1,-1
201401RY10237,1,9,0,9,0,8,0,0,0,0,4,1,6,1,75,10,1242,1,2,9,1
201401RY10237,2,1,0,18,0,8,0,0,0,0,1,1,6,1,25,5,-1,-1,-1,7,1
201401RY10238,1,11,0,3,0,8,0,0,0,0,0,1,1,1,54,8,6700,2,3,9,1
201401RY10239,1,9,0,18,0,8,0,0,0,0,1,1,6,1,-1,-1,1999,1,12,-1,-1
201401RY10240,1,3,0,18,0,8,0,0,0,0,3,1,6,1,21,5,125,1,-1,5,2
201401RY10241,1,9,0,9,0,8,0,0,0,0,4,1,6,1,40,7,2143,2,1,10,1
201401RY10241,2,3,0,18,0,8,0,0,0,0,1,1,6,1,31,6,649,1,7,3,1
201401RY10244,1,19,0,18,0,8,0,4,0,0,4,1,6,1,44,7,-1,-1,-1,4,1
201401RY10244,2,9,0,2,0,8,0,0,0,0,2,1,6,1,-1,-1,1299,1,16,-1,-1
201401RY10245,1,9,0,18,0,8,0,0,0,0,4,1,6,1,-1,-1,-1,-1,-1,-1,-1
201401RY10246,1,9,0,18,0,0,0,0,0,0,3,1,6,1,36,7,-1,-1,-1,3,1
201401RY10246,2,9,0,2,0,0,0,0,0,0,4,1,6,1,50,8,1984,1,2,5,1
201401RY10248,1,9,0,18,0,8,0,0,0,0,1,1,6,1,28,6,1299,1,11,6,1
201401RY10248,2,1,0,18,0,8,0,0,0,0,1,1,6,1,54,8,-1,-1,-1,4,1
201401RY10249,1,9,0,3,0,8,0,0,0,0,1,1,1,1,28,6,-1,-1,-1,-1,-1
201401RY10249,2,19,0,1,0,8,0,0,0,0,2,1,6,1,-1,-1,-1,-1,-1,-1,-1
201401RY10250,1,9,0,18,0,8,0,10,1,3,1,1,6,2,21,5,1199,1,11,7,1
201401RY10250,2,9,0,7,0,8,0,0,0,0,3,1,6,2,38,7,1995,2,13,-1,-1
201401RY10250,3,9,0,2,0,8,0,0,0,0,4,1,6,2,42,7,1598,1,9,7,1
201401RY10251,1,11,0,4,0,8,0,0,0,0,0,1,1,1,28,6,8268,2,12,-1,-1
201401RY10252,1,9,0,18,0,8,0,0,0,0,1,1,6,1,39,7,1242,1,6,5,1
201401RY10252,2,1,0,18,0,8,0,0,0,0,4,1,6,1,75,10,-1,-1,-1,7,1
201401RY10253,1,9,0,4,0,8,0,0,0,0,2,1,6,1,42,7,-1,-1,-1,3,1
201401RY10253,2,9,0,18,0,8,0,0,0,0,1,1,6,1,-1,-1,-1,-1,-1,2,1
201401RY10254,1,9,0,18,0,8,0,0,0,0,1,1,6,1,36,7,2954,1,27,3,1
201401RY10254,2,9,0,18,0,8,0,0,0,0,1,1,6,1,-1,-1,-1,-1,-1,-1,-1
201401RY10255,1,21,0,18,0,0,0,0,0,0,1,1,6,1,51,8,12777,2,7,7,2
201401RY10255,2,9,0,18,0,0,0,0,0,0,2,1,6,2,55,8,1560,2,8,4,1
201401RY10257,1,11,0,18,0,8,0,10,0,0,4,1,1,1,64,9,8268,2,11,4,1
201401RY10259,1,9,0,15,0,0,0,0,0,0,4,1,6,2,20,4,1598,2,-1,3,1
201401RY10259,2,4,0,18,0,0,0,0,0,0,3,1,6,1,48,8,599,1,11,3,1
201401RY10260,1,2,0,18,0,8,0,0,0,0,3,1,6,1,21,5,124,1,12,-1,1
201401RY10261,1,2,0,18,0,8,0,0,0,0,1,1,6,1,27,6,108,1,-1,4,1
201401RY10261,2,9,0,4,0,8,0,0,0,0,2,1,6,1,58,9,2143,2,3,6,1
201401RY10262,1,11,0,5,0,0,0,0,0,0,0,1,1,1,64,9,7300,2,12,-1,-1
201401RY10263,1,9,0,6,0,8,0,0,0,0,4,1,6,1,30,6,1598,1,5,6,1
201401RY10263,2,1,0,18,0,8,0,0,0,0,1,1,6,1,49,8,-1,-1,-1,7,1
201401RY10264,1,9,0,18,0,8,0,0,0,0,1,1,6,1,-1,-1,1461,2,1,-1,-1
201401RY10265,1,9,0,18,0,8,0,10,1,4,1,1,6,1,17,4,1242,1,7,6,1
201401RY10265,2,9,0,2,0,8,0,0,0,0,1,1,6,1,-1,-1,1598,1,9,-1,-1
201401RY10266,1,9,0,9,0,8,0,0,0,0,4,1,6,2,19,4,1242,1,6,7,1
201401RY10266,2,9,0,18,0,8,0,0,0,0,3,1,6,1,-1,-1,1600,1,14,-1,-1
201401RY10267,1,9,0,4,0,0,0,0,0,0,2,1,6,1,22,5,-1,-1,-1,9,1
201401RY10267,2,3,0,18,0,0,0,0,0,0,1,1,6,1,25,5,645,1,15,6,1
201401RY10268,1,20,0,18,0,8,0,0,0,0,1,1,6,1,56,9,5880,2,6,3,1
201401RY10268,2,9,0,4,0,8,0,0,0,0,2,1,6,2,28,6,1240,1,7,3,1
201401RY10270,1,9,0,9,0,8,0,0,0,0,2,1,6,2,28,6,1998,1,14,4,1
201401RY10270,2,9,0,18,0,8,0,0,0,0,4,1,6,1,36,7,1598,1,4,-1,-1
201401RY10270,3,9,0,18,0,8,0,0,0,0,3,1,6,1,58,9,1587,1,18,8,1
201401RY10271,1,9,0,18,0,8,0,7,0,0,1,1,6,1,-1,-1,1968,2,1,7,1
201401RY10272,1,9,0,18,0,8,0,0,0,0,1,1,6,1,45,7,-1,-1,-1,7,1
201401RY10272,2,9,0,9,0,8,0,0,0,0,2,1,6,2,35,6,1794,1,8,3,1
201401RY10273,1,11,0,9,0,8,0,0,0,0,0,1,6,1,58,9,-1,-1,-1,-1,-1
201401RY10275,1,9,0,6,0,0,0,0,0,0,3,1,6,1,-1,-1,1596,1,7,-1,-1
201401RY10275,2,1,0,18,0,0,0,0,0,0,1,1,6,2,-1,-1,-1,-1,-1,5,1
201401RY10277,1,9,0,18,0,0,0,4,0,0,1,1,6,1,44,7,1998,1,12,3,1
201401RY10277,2,9,0,2,0,0,0,0,0,0,3,1,6,1,-1,-1,1242,1,7,-1,-1
201401RY10279,1,9,0,18,0,0,0,0,0,0,1,1,6,1,-1,-1,-1,-1,-1,-1,-1
201401RY10279,2,3,0,18,0,0,0,10,1,10,1,1,6,1,16,4,125,1,1,2,1
201401RY10279,3,9,0,2,0,0,0,0,0,0,4,1,6,1,-1,-1,-1,-1,-1,-1,-1
201401RY10280,1,9,0,18,0,8,0,0,0,0,1,1,6,1,75,10,1598,1,3,5,1
201401RY10280,2,9,0,18,0,8,0,0,0,0,1,1,6,2,21,5,1799,1,6,9,1
201401RY10281,1,9,0,18,0,8,0,0,0,0,1,1,6,2,40,7,1997,2,-1,10,1
201401RY10281,2,11,0,18,0,8,0,0,0,0,1,1,6,1,-1,-1,-1,-1,-1,-1,-1
201401RY10282,1,9,0,18,0,0,0,0,0,0,4,1,6,2,25,5,1400,1,8,7,1
201401RY10282,2,9,0,12,0,0,0,0,0,0,3,1,6,1,-1,-1,1995,2,9,-1,-1
201401RY10283,1,9,0,18,0,8,0,7,0,0,3,1,6,2,56,9,1587,1,14,9,1
201401RY10284,1,9,0,4,0,8,0,0,0,0,2,1,6,2,23,5,-1,-1,-1,8,1
201401RY10284,2,9,0,18,0,8,0,0,0,0,1,1,6,1,28,6,999,1,2,9,1
201401RY10285,1,11,0,5,0,0,0,0,0,0,0,1,6,1,42,7,8300,2,7,4,1
201401RY10286,1,3,0,4,0,0,0,0,0,0,2,1,6,2,38,7,-1,-1,-1,4,1
201401RY10286,2,9,0,18,0,0,0,0,0,0,1,1,6,1,-1,-1,-1,-1,-1,-1,-1
201401RY10287,1,9,0,18,0,0,0,0,0,0,1,1,6,2,25,5,1598,1,10,9,1
201401RY10287,2,9,0,5,0,0,0,0,0,0,3,1,6,2,25,5,1896,2,11,3,1
201401RY10288,1,9,0,5,0,8,0,0,0,0,2,1,6,1,25,5,1398,1,-1,7,1
201401RY10288,2,9,0,18,0,8,0,0,0,0,1,1,6,1,-1,-1,-1,-1,-1,-1,-1
201401RY10289,1,3,0,18,0,0,0,0,0,0,3,1,6,1,41,7,125,1,1,6,1
201401RY10290,1,3,0,18,0,8,0,0,0,0,1,1,6,1,28,6,124,1,-1,1,1
201401RY10290,2,4,0,4,0,8,0,0,0,0,2,1,6,1,30,6,599,1,10,10,1
201401RY10291,1,9,0,18,0,8,0,0,0,0,1,1,6,1,43,7,2198,2,9,8,1
201401RY10291,2,9,0,4,0,8,0,0,0,0,2,1,6,2,30,6,1598,1,-1,3,1
201401RY10292,1,9,0,5,0,0,0,0,0,0,3,1,6,1,80,11,1386,1,10,7,1
201401RY10292,2,9,0,18,0,0,0,0,0,0,1,1,6,2,-1,-1,1368,1,2,5,1
201401RY10293,1,9,0,9,0,8,0,0,0,0,3,1,6,1,82,11,1389,1,9,10,1
201401RY10293,2,19,0,18,0,8,0,0,0,0,1,1,6,1,56,9,-1,-1,-1,5,1
201401RY10295,1,9,0,18,0,0,0,0,0,0,1,1,6,1,19,4,-1,-1,-1,7,1
201401RY10297,1,9,0,4,0,8,0,0,0,0,2,1,6,2,19,4,998,1,7,9,1
201401RY10297,2,9,0,18,0,8,0,0,0,0,1,1,6,2,46,8,1248,1,1,7,1
201401RY10298,1,11,0,4,0,8,0,0,0,0,0,1,1,1,50,8,9360,2,3,6,1
201401RY10299,1,1,0,18,0,8,0,0,0,0,3,1,6,1,15,3,-1,-1,-1,2,1
201401RY10300,1,11,0,5,0,8,0,0,0,0,0,1,6,1,36,7,9360,2,3,2,1
201401RY10301,1,9,0,4,0,0,0,0,0,0,2,1,6,1,42,7,998,1,15,8,1
201401RY10301,2,9,0,18,0,0,0,0,0,0,1,1,6,1,-1,-1,-1,-1,-1,-1,-1
201401RY10302,1,9,0,18,0,0,0,0,0,0,1,1,6,3,-1,-1,1149,1,6,-1,-1
201401RY10302,2,9,0,3,0,0,0,0,0,0,2,1,6,2,24,5,-1,-1,-1,-1,-1
201401RY10302,3,9,0,3,0,0,0,0,0,0,2,1,6,2,-1,-1,-1,-1,-1,-1,-1
201401RY10303,1,9,0,7,0,8,0,0,0,0,3,1,6,1,38,7,-1,-1,-1,7,1
201401RY10303,2,9,0,18,0,8,0,0,0,0,1,1,6,2,38,7,-1,-1,-1,9,1
201401RY10304,1,9,0,18,0,0,0,0,0,0,1,1,6,1,58,9,-1,-1,-1,3,1
201401RY10305,1,9,0,18,0,8,0,0,0,0,1,1,6,2,28,6,1396,1,1,7,1
201401RY10306,1,9,0,15,0,0,0,0,0,0,1,1,6,2,70,10,1998,1,9,6,1
201401RY10306,2,9,0,18,0,0,0,0,0,0,1,1,6,1,25,5,1390,1,9,9,1
201401RY10307,1,9,0,18,0,0,0,7,4,7,4,1,6,1,23,5,1596,1,1,5,1
201401RY10307,2,9,0,18,0,0,0,0,0,0,3,1,6,2,25,5,1399,2,4,3,1
201401RY10308,1,9,0,9,0,8,0,0,0,0,1,1,6,2,48,8,973,1,12,6,1
201401RY10308,2,9,0,18,0,8,0,0,0,0,1,1,6,1,-1,-1,-1,-1,-1,-1,-1
201401RY10309,1,9,0,18,0,8,0,0,0,0,1,1,6,1,76,11,1199,1,15,8,1
201401RY10311,1,9,0,9,0,8,0,0,0,0,1,1,6,2,35,6,1796,1,12,5,1
201401RY10311,2,1,0,18,0,8,0,0,0,0,1,1,6,1,41,7,-1,-1,-1,3,1
201401RY10312,1,9,0,9,0,8,0,0,0,0,1,1,6,1,-1,-1,1998,1,7,-1,-1
201401RY10312,2,1,0,9,0,8,0,0,0,0,1,1,6,1,46,8,-1,-1,-1,8,1
201401RY10313,1,9,0,9,0,8,0,0,0,0,3,1,6,1,30,6,1596,1,9,2,1
201401RY10313,2,5,0,18,0,8,0,0,0,0,1,1,6,1,29,6,599,1,3,-1,-1
201401RY10315,1,9,0,18,0,0,0,0,0,0,1,1,6,1,32,6,-1,-1,-1,2,3
201401RY10316,1,9,0,7,0,8,0,0,0,0,1,1,6,1,19,4,1968,2,-1,4,1
201401RY10317,1,9,0,15,0,8,0,0,0,0,3,1,6,1,35,6,1796,1,15,7,1
201401RY10317,2,11,0,2,0,8,0,0,0,0,3,1,6,1,30,6,7300,2,11,2,1
201401RY10317,3,9,0,9,0,8,0,0,0,0,1,1,6,1,42,7,2188,2,9,9,1
201401RY10318,1,9,0,18,0,8,0,10,1,2,1,1,6,2,30,6,1086,1,10,2,1
201401RY10319,1,2,0,18,0,8,0,0,0,0,1,1,6,1,23,5,-1,-1,-1,7,1
201401RY10319,2,9,0,18,0,8,0,0,0,0,1,1,6,2,40,7,1968,2,1,9,1
201401RY10320,1,9,0,5,0,2,0,0,0,0,1,1,6,2,40,7,-1,-1,-1,2,1
201401RY10320,2,3,0,18,0,1,0,0,0,0,1,1,6,1,25,5,-1,-1,-1,2,1
201401RY10321,1,9,0,10,0,8,0,0,0,0,1,1,6,1,51,8,2143,2,-1,5,1
201401RY10321,2,9,0,9,0,8,0,0,0,0,1,1,6,1,-1,-1,1196,1,17,-1,-1
201401RY10323,1,9,0,18,0,0,0,0,0,0,4,1,6,1,56,9,-1,-1,-1,-1,-1
201401RY10325,1,9,0,9,0,8,0,0,0,0,4,1,6,2,40,7,1229,1,1,-1,1
201401RY10325,2,9,0,18,0,8,0,0,0,0,1,1,6,2,70,10,1390,1,4,5,1
201401RY10326,1,9,0,18,0,8,0,0,0,0,1,1,6,2,30,6,1242,1,13,4,1
201401RY10326,2,9,0,7,0,8,0,0,0,0,3,1,6,2,23,5,998,1,1,4,1
201401RY10328,1,9,0,18,0,0,0,0,0,0,1,1,6,1,30,6,-1,-1,-1,-1,-1
201401RY10329,1,9,0,18,0,0,0,10,1,2,4,1,6,1,41,7,998,1,16,7,1
201401RY10330,1,9,0,18,0,8,0,0,0,0,2,1,6,1,27,6,1598,1,4,8,1
201401RY10330,2,90,0,18,0,8,0,0,0,0,1,1,6,1,88,11,-1,-1,-1,9,1
201401RY10331,1,9,0,3,0,8,0,0,0,0,1,1,6,2,21,5,1242,1,2,2,1
201401RY10331,2,9,0,3,0,8,0,0,0,0,1,1,6,2,29,6,1242,1,17,2,1
201401RY10331,3,9,0,1,0,8,0,0,0,0,2,1,6,1,22,5,1997,2,14,2,1
201401RY10332,1,9,0,18,0,0,0,4,0,0,1,1,6,1,21,5,1596,1,3,8,1
201401RY10332,2,9,0,2,0,0,0,0,0,0,2,1,6,1,28,6,1796,1,14,2,1
201401RY10333,1,5,0,18,0,8,0,0,0,0,1,1,6,1,27,6,599,1,14,3,1
201401RY10333,2,9,0,7,0,8,0,0,0,0,4,1,6,1,48,8,2720,2,9,7,1
201401RY10334,1,3,0,18,0,8,0,0,0,0,1,1,6,1,20,4,748,1,18,4,1
201401RY10334,2,9,0,18,0,8,0,0,0,0,1,1,6,2,34,6,1599,1,10,4,1
201401RY10335,1,11,0,18,0,8,0,0,0,0,3,1,1,1,46,8,-1,-1,-1,6,1
201401RY10335,2,9,0,9,0,8,0,0,0,0,1,1,6,2,42,7,1149,1,11,3,1
201401RY10336,1,9,0,18,0,8,0,0,0,0,1,1,6,2,40,7,1997,2,12,9,1
201401RY10336,2,11,0,5,0,8,0,0,0,0,3,1,1,1,-1,-1,4500,2,6,-1,-1
201401RY10337,1,11,0,18,0,8,0,0,0,0,1,1,6,1,62,9,6700,2,3,2,1
201401RY10338,1,9,0,18,0,8,0,0,0,0,1,1,6,1,23,5,1686,2,2,9,1
201401RY10338,2,9,0,4,0,8,0,0,0,0,2,1,6,1,55,8,-1,-1,-1,9,3
201401RY10339,1,9,0,18,0,0,0,10,7,7,3,1,6,1,23,5,1587,1,11,-1,-1
201401RY10340,1,9,0,16,0,2,5,10,0,0,4,1,6,1,30,6,1596,1,13,5,1
201401RY10341,1,9,0,4,0,0,0,0,0,0,2,1,6,1,23,5,1753,2,10,7,1
201401RY10341,2,19,0,18,0,0,0,0,0,0,1,1,6,1,25,5,2198,2,1,9,1
201401RY10342,1,9,0,3,0,8,0,0,0,0,1,1,6,2,53,8,1240,1,10,10,1
201401RY10342,2,19,0,9,0,8,0,0,0,0,1,1,6,1,-1,-1,1248,2,6,-1,-1
201401RY10343,1,9,0,4,0,8,0,0,0,0,2,1,6,1,35,6,-1,-1,-1,-1,-1
201401RY10343,2,9,0,18,0,8,0,0,0,0,1,1,6,1,35,6,-1,-1,-1,-1,-1
201401RY10345,1,11,0,18,0,8,0,0,0,0,0,1,6,1,48,8,7300,2,13,3,1
201401RY10346,1,9,0,18,0,0,0,0,0,0,1,1,6,1,35,6,1995,1,12,4,1
201401RY10347,1,9,0,18,0,8,0,0,0,0,4,1,6,1,-1,-1,2776,2,9,-1,-1
201401RY10348,1,9,0,4,0,8,0,0,0,0,2,1,6,1,55,8,1796,1,9,3,1
201401RY10348,2,9,0,18,0,8,0,0,0,0,1,1,6,1,-1,-1,-1,-1,-1,-1,-1
201401RY10349,1,9,0,4,0,8,0,0,0,0,2,1,6,1,23,5,-1,-1,-1,6,1
201401RY10349,2,9,0,18,0,8,0,0,0,0,1,1,6,1,55,8,1753,2,7,5,1
201401RY10350,1,9,0,9,0,8,0,0,0,0,3,1,6,2,42,7,1229,1,6,7,1
201401RY10350,2,4,0,18,0,8,0,0,0,0,1,1,6,1,50,8,790,1,10,2,1
201401RY10351,1,9,0,18,0,8,0,0,0,0,1,1,6,1,33,6,2157,1,18,4,1
201401RY10351,2,9,0,18,0,8,0,0,0,0,1,1,6,1,53,8,2995,1,9,5,1
201401RY10352,1,9,0,18,0,0,0,0,0,0,2,1,6,2,30,6,1360,1,13,3,1
201401RY10352,2,9,0,18,0,0,0,0,0,0,1,1,6,1,-1,-1,1388,1,9,-1,-1
201401RY10353,1,9,0,18,0,0,0,10,1,10,4,1,6,1,29,6,-1,-1,-1,7,1
201401RY10353,2,9,0,2,0,0,0,0,0,0,2,1,6,1,-1,-1,1598,1,5,3,1
201401RY10354,1,3,0,5,0,0,0,0,0,0,3,1,6,1,26,6,124,1,6,4,1
201401RY10354,2,9,0,18,0,0,0,0,0,0,1,1,6,2,44,7,999,1,15,1,1
201401RY10354,3,9,0,2,0,0,0,0,0,0,3,1,6,2,44,7,999,1,15,-1,-1
201401RY10356,1,9,0,4,0,0,0,0,0,0,2,1,6,2,26,6,1242,1,1,7,1
201401RY10356,2,9,0,18,0,0,0,0,0,0,1,1,6,1,33,6,2148,2,5,7,1
201401RY10356,3,9,0,18,0,0,0,0,0,0,1,1,6,1,18,4,1598,1,11,3,3
201401RY10357,1,19,0,18,0,0,0,10,1,10,1,1,6,1,72,10,2148,2,4,-1,1
201401RY10358,1,9,0,18,0,0,0,10,1,2,4,1,6,1,20,4,1248,2,5,3,1
201401RY10359,1,3,0,18,0,8,0,0,0,0,1,1,6,1,40,7,805,1,17,1,1
201401RY10359,2,9,0,9,0,8,0,0,0,0,3,1,6,2,36,7,1968,2,4,8,1
201401RY10360,1,9,0,18,0,8,0,0,0,0,3,1,6,1,41,7,1968,2,1,8,3
201401RY10361,1,11,0,18,0,8,0,0,0,0,0,1,6,1,-1,-1,-1,-1,-1,-1,-1
201401RY10362,1,9,0,1,0,8,0,0,0,0,2,1,6,1,-1,-1,-1,-1,-1,-1,-1
201401RY10363,1,9,0,4,0,8,0,0,0,0,2,1,6,1,23,5,-1,-1,-1,3,1
201401RY10363,2,9,0,18,0,8,0,0,0,0,1,1,6,1,-1,-1,1596,1,14,-1,-1
201401RY10364,1,11,0,3,0,8,0,0,0,0,0,1,6,1,42,7,9360,2,3,4,1
201401RY10366,1,19,0,9,0,8,2,0,0,0,3,1,6,1,44,7,-1,-1,-1,3,1
201401RY10367,1,9,0,18,0,8,0,0,0,0,3,1,6,1,20,4,1390,1,2,8,1
201401RY10367,2,1,0,18,0,8,0,0,0,0,1,1,6,1,-1,-1,-1,-1,-1,6,1
201401RY10368,1,9,0,18,0,8,0,0,0,0,1,1,6,2,42,7,1390,1,3,4,1
201401RY10369,1,11,0,18,0,8,0,0,0,0,1,1,6,1,26,6,4500,2,3,6,2
201401RY10369,2,9,0,4,0,8,0,0,0,0,2,1,6,2,64,9,1997,2,12,7,1
201401RY10370,1,9,0,4,0,8,0,0,0,0,2,1,6,1,40,7,1390,1,11,6,1
201401RY10370,2,9,0,18,0,8,0,0,0,0,1,1,6,1,30,6,-1,-1,-1,4,1
201401RY10371,1,9,0,18,0,8,0,0,0,0,4,1,6,2,35,6,-1,-1,-1,4,1
201401RY10372,1,11,0,3,0,8,0,0,0,0,2,1,1,1,45,7,6700,2,2,9,1
201401RY10372,2,9,0,18,0,8,0,0,0,0,1,1,6,2,-1,-1,3199,1,10,-1,1
201401RY10373,1,9,0,4,0,0,0,0,0,0,2,1,6,1,55,8,-1,-1,-1,4,1
201401RY10373,2,9,0,18,0,0,0,0,0,0,1,1,6,1,52,8,1968,2,6,9,1
201401RY10374,1,9,0,18,0,8,0,0,0,0,4,1,6,2,17,4,1299,1,12,1,1
201401RY10375,1,9,0,2,0,8,0,0,0,0,3,1,6,1,27,6,-1,-1,-1,3,1
201401RY10375,2,9,0,18,0,8,0,0,0,0,4,1,6,2,26,6,1968,2,4,5,1
201401RY10377,1,1,0,18,0,0,0,0,0,0,3,1,6,1,14,3,-1,-1,-1,7,1
201401RY10377,2,11,0,15,0,0,0,0,0,0,1,1,6,1,30,6,8268,2,10,9,2
201401RY10378,1,9,0,18,0,8,0,0,0,0,4,1,6,2,41,7,-1,-1,-1,4,1
201401RY10378,2,9,0,7,0,8,0,0,0,0,1,1,6,2,70,10,1124,1,9,5,1
201401RY10380,1,9,0,2,0,8,0,0,0,0,3,1,6,2,48,8,1761,1,15,2,1
201401RY10380,2,9,0,6,0,8,0,0,0,0,2,1,6,2,-1,-1,1199,1,13,10,1
201401RY10382,1,9,0,18,0,8,0,0,0,0,1,1,6,1,73,10,2179,2,6,7,1
201401RY10382,2,9,0,18,0,8,0,0,0,0,1,1,6,1,48,8,1989,1,14,8,1
201401RY10382,3,9,0,2,0,8,0,0,0,0,3,1,6,2,48,8,1796,1,11,9,1
201401RY10383,1,9,0,18,0,8,0,0,0,0,3,1,6,2,55,8,1998,1,10,4,1
201401RY10383,2,3,0,15,0,8,0,0,0,0,4,1,6,1,27,6,-1,-1,-1,3,1
201401RY10384,1,9,0,18,0,0,0,0,0,0,1,1,6,1,41,7,-1,-1,-1,1,1
201401RY10384,2,1,0,18,0,0,0,0,0,0,3,1,6,1,11,3,-1,-1,-1,10,1
201401RY10386,1,9,0,18,0,8,0,0,0,0,1,1,6,1,-1,-1,-1,-1,-1,-1,-1
201401RY10387,1,9,0,18,0,8,0,0,0,0,3,1,6,1,84,11,1390,1,1,8,1
201401RY10387,2,4,0,15,0,8,0,0,0,0,4,1,6,1,40,7,1000,1,6,2,1
201401RY10388,1,9,0,18,0,0,0,0,0,0,1,1,6,1,26,6,-1,-1,-1,2,1
201401RY10388,2,9,0,18,0,0,0,0,0,0,2,1,6,2,36,7,1968,2,3,5,1
201401RY10389,1,9,0,4,0,8,0,0,0,0,2,1,6,2,28,6,1997,1,9,2,1
201401RY10389,2,9,0,7,0,8,0,0,0,0,1,1,6,1,-1,-1,-1,-1,-1,-1,-1