Accident_Index,Vehicle_Reference,Vehicle_Type,Towing_and_Articulation,Vehicle_Manoeuvre,Vehicle_Location-Restricted_Lane,Junction_Location,Skidding_and_Overturning,Hit_Object_in_Carriageway,Vehicle_Leaving_Carriageway,Hit_Object_off_Carriageway,1st_Point_of_Impact,Was_Vehicle_Left_Hand_Drive?,Journey_Purpose_of_Driver,Sex_of_Driver,Age_of_Driver,Age_Band_of_Driver,Engine_Capacity_(CC),Propulsion_Code,Age_of_Vehicle,Driver_IMD_Decile,Driver_Home_Area_Type
201401SX20022,2,9,0,18,0,1,0,0,0,0,1,1,6,2,65,9,1598,1,4,9,1
201401SX20022,3,19,0,18,0,1,0,0,0,0,1,1,1,1,52,8,2402,2,10,2,1
201401SX20023,1,19,0,1,0,0,0,0,0,0,2,1,6,1,-1,-1,2461,2,9,-1,-1
201401SX20024,1,9,0,18,0,1,0,4,0,0,1,1,6,1,-1,-1,1360,1,11,-1,-1
201401SX20024,2,9,0,2,0,1,0,0,0,0,1,1,6,3,-1,-1,1560,2,5,-1,-1
201401SX20024,3,9,0,2,0,1,0,0,0,0,1,1,6,3,-1,-1,1400,1,7,-1,-1
201401SX20024,4,9,0,2,0,1,0,0,0,0,1,1,6,3,-1,-1,1242,1,14,-1,-1
201401SX20025,1,9,0,18,0,1,0,0,0,0,1,1,6,1,81,11,1198,1,5,5,1
201401SX20025,2,9,0,3,0,1,0,0,0,0,2,1,6,2,50,8,1390,1,4,1,1
201401SX20026,1,9,0,4,0,1,0,0,0,0,1,1,6,2,21,5,1796,1,8,6,1
201401SX20028,1,9,0,11,0,8,0,0,0,0,4,1,6,1,31,6,1871,2,11,7,1
201401SX20028,2,9,0,12,0,8,0,0,0,0,3,1,6,1,34,6,1968,2,5,3,1
201401SX20029,1,9,0,17,0,1,1,10,1,1,1,1,6,1,29,6,-1,-1,-1,-1,-1
201401SX20030,1,9,0,18,0,8,0,0,0,0,3,1,6,1,37,7,1597,1,5,7,1
201401SX20030,2,9,0,18,0,8,0,0,0,0,1,1,6,1,24,5,2987,2,2,2,1
201401SX20031,1,9,0,7,0,1,0,10,1,4,2,1,2,1,25,5,1995,1,8,8,1
201401SX20031,2,9,0,18,0,1,0,0,0,0,1,1,6,3,-1,-1,-1,-1,-1,-1,-1
201401SX20032,1,9,0,3,0,1,0,0,0,0,2,1,6,2,51,8,1398,1,3,3,1
201401SX20032,2,9,0,5,0,1,0,0,0,0,1,1,6,1,33,6,1560,2,2,4,1
201401SX20035,1,9,0,7,0,8,0,0,0,0,2,1,6,1,38,7,-1,-1,-1,4,1
201401SX20035,2,9,0,4,0,8,0,0,0,0,2,1,6,1,44,7,-1,-1,-1,-1,1
201401SX20035,3,9,0,18,0,8,0,0,0,0,1,1,6,1,59,9,-1,-1,-1,-1,3
201401SX20036,1,9,0,18,0,2,0,0,0,0,1,1,2,2,29,6,1299,1,11,8,1
201401SX20037,1,4,0,18,0,1,0,0,0,0,1,1,6,1,73,10,279,1,2,7,1
201401SX20039,1,9,0,3,0,8,0,0,0,0,2,1,2,2,25,5,1995,1,4,5,1
201401SX20039,2,19,0,18,0,8,0,0,0,0,1,1,1,1,37,7,1995,2,2,6,1
201401SX20040,1,9,0,4,0,1,0,0,0,0,1,1,1,2,49,8,2967,1,12,6,1
201401SX20041,1,9,0,5,0,1,0,0,0,0,1,1,6,2,-1,-1,-1,-1,-1,-1,-1
201401SX20044,1,9,0,18,0,0,0,0,0,0,1,1,6,2,40,7,1896,2,9,6,1
201401SX20045,1,3,0,4,0,2,0,0,0,0,1,1,1,2,29,6,125,1,5,3,1
201401SX20045,2,9,0,7,0,2,0,0,0,0,2,1,6,1,33,6,2979,1,14,6,1
201401SX20046,1,9,0,18,0,0,0,0,0,0,2,1,6,2,55,8,-1,-1,-1,4,1
201401SX20046,2,9,0,18,0,0,0,0,0,0,1,1,6,1,24,5,1840,1,12,7,1
201401SX20046,3,9,0,18,0,0,0,0,0,0,1,1,6,2,-1,-1,1995,1,6,3,1
201401SX20047,1,9,0,3,0,2,0,0,0,0,2,1,6,1,39,7,1590,1,11,1,1
201401SX20047,2,5,0,18,0,2,0,0,0,0,1,1,6,1,53,8,1261,1,4,7,2
201401SX20049,1,5,0,3,0,1,0,0,0,0,2,1,6,1,58,9,992,1,21,3,1
201401SX20049,2,9,0,5,0,1,0,0,0,0,1,1,6,2,22,5,1560,2,4,7,1
201401SX20050,1,5,0,4,2,8,0,0,0,0,1,1,6,1,19,4,599,1,9,5,1
201401SX20050,2,9,0,9,2,5,0,0,0,0,1,1,6,2,45,7,2362,1,13,4,1
201401SX20051,1,19,0,18,0,0,0,0,0,0,1,1,6,3,-1,-1,-1,-1,-1,-1,-1
201401SX20052,1,11,0,5,0,0,0,0,0,0,0,1,1,1,46,8,6700,2,2,7,1
201401SX20053,1,9,0,9,0,8,0,0,0,0,1,1,6,1,20,4,1560,2,2,2,1
201401SX20053,2,9,0,18,0,8,0,0,0,0,1,1,6,2,44,7,1896,2,9,7,1
201401SX20054,1,9,0,3,0,1,0,0,0,0,2,1,2,1,45,7,1368,1,1,10,1
201401SX20054,2,9,0,18,0,1,0,0,0,0,1,1,6,2,-1,-1,-1,-1,-1,-1,-1
201401SX20055,1,9,0,9,0,8,0,0,0,0,1,1,6,1,18,4,1240,1,11,4,1
201401SX20055,2,9,0,18,0,8,0,0,0,0,1,1,6,1,41,7,2148,2,9,1,1
201401SX20056,1,9,0,18,0,0,1,4,1,3,1,1,6,1,21,5,1390,1,14,8,1
201401SX20056,2,9,0,2,0,0,0,0,0,0,3,1,6,3,-1,-1,1339,1,9,-1,-1
201401SX20056,3,9,0,2,0,0,0,0,0,0,2,1,6,2,-1,-1,2000,1,9,-1,-1
201401SX20057,1,2,0,18,0,8,0,0,0,0,1,1,6,2,23,5,124,1,5,2,1
201401SX20057,2,9,0,9,0,8,0,0,0,0,1,1,6,1,21,5,1390,1,14,2,1
201401SX20058,1,9,0,18,0,0,0,10,0,0,3,1,2,2,46,8,1560,2,6,10,1
201401SX20058,2,19,4,11,0,0,0,0,0,0,4,1,6,3,-1,-1,2143,2,3,-1,-1
201401SX20059,1,9,0,18,0,8,0,0,0,0,4,1,6,1,29,6,1242,1,13,-1,1
201401SX20059,2,9,0,5,0,8,0,0,0,0,1,1,6,2,46,8,1124,1,6,2,1
201401SX20060,1,9,0,4,0,1,0,0,0,0,2,1,6,1,21,5,999,1,6,4,1
201401SX20060,2,9,0,18,0,1,0,0,0,0,1,1,6,3,-1,-1,1796,1,6,-1,-1
201401SX20062,1,9,0,9,0,1,0,0,0,0,3,1,6,2,55,8,2179,2,2,7,1
201401SX20062,2,1,0,18,0,8,0,0,0,0,1,1,6,1,47,8,-1,-1,-1,8,1
201401SX20064,1,9,0,18,0,1,0,0,0,0,1,1,6,1,37,7,1895,1,15,2,1
201401SX20064,2,9,0,4,0,1,0,0,0,0,2,1,6,1,31,6,1799,1,6,7,1
201401SX20064,3,9,0,11,0,1,0,0,0,0,2,1,6,1,-1,-1,1390,1,11,-1,-1
201401SX20065,1,9,0,18,0,0,0,0,0,0,2,1,6,2,37,7,1329,1,2,7,1
201401SX20065,2,19,0,18,0,0,0,0,0,0,1,1,6,1,25,5,2198,2,2,10,1
201401SX20066,1,9,0,17,0,8,0,0,0,0,3,1,6,1,41,7,1590,1,10,6,1
201401SX20066,2,9,0,9,0,8,0,0,0,0,1,1,6,1,21,5,1596,1,9,1,1
201401SX20067,1,9,0,18,0,1,0,0,1,4,1,1,6,1,30,6,-1,-1,-1,8,1
201401SX20067,2,8,0,18,0,1,0,0,0,0,3,1,1,1,36,7,2148,2,5,-1,-1
201401SX20069,1,9,0,18,0,0,0,4,0,0,1,1,1,1,47,8,1598,1,10,10,1
201401SX20069,2,9,0,2,0,0,0,10,1,10,2,1,6,3,-1,-1,1598,2,1,-1,-1
201401SX20070,1,9,0,9,0,1,0,0,0,0,4,1,6,1,29,6,1242,1,8,7,1
201401SX20070,2,1,0,15,0,1,0,0,0,0,1,1,6,1,26,6,-1,-1,-1,6,1
201401SX20072,1,9,0,10,0,2,0,0,0,0,1,1,2,1,40,7,2435,1,12,7,1
201401SX20072,2,2,0,18,0,1,1,4,0,0,1,1,1,1,31,6,124,1,10,1,1
201401SX20072,3,9,0,2,0,1,0,0,0,0,2,1,6,3,-1,-1,1299,1,11,-1,-1
201401SX20073,1,9,0,18,0,0,0,0,0,0,3,1,1,1,34,6,3498,1,9,4,1
201401SX20073,2,2,0,5,0,0,0,0,0,0,1,1,1,1,24,5,-1,-1,-1,8,1
201401SX20074,1,9,0,3,0,1,0,0,0,0,2,1,6,2,46,8,1910,2,4,3,1
201401SX20074,2,9,0,18,0,1,0,0,0,0,1,1,6,2,-1,-1,-1,-1,-1,8,1
201401SX20075,1,4,0,14,0,0,0,0,0,0,4,1,6,1,31,6,999,1,8,3,1
201401SX20075,2,9,0,6,0,0,0,0,0,0,1,1,6,1,27,6,1560,2,9,4,1
201401SX20076,1,9,0,9,0,8,0,0,0,0,1,1,6,2,-1,-1,1198,1,2,-1,-1
201401SX20077,1,9,0,2,0,2,0,0,0,0,0,1,6,1,47,8,2777,2,5,7,1
201401SX20077,2,9,0,18,0,2,0,0,0,0,4,1,6,3,-1,-1,1896,2,5,-1,-1
201401SX20080,1,9,0,18,0,0,0,0,0,0,3,1,6,1,65,9,1998,1,15,7,1
201401SX20080,2,9,0,5,0,0,0,0,0,0,1,1,1,1,30,6,1753,2,7,-1,-1
201401SX20081,1,9,0,7,0,2,0,0,0,0,4,1,6,1,-1,-1,-1,-1,-1,-1,-1
201401SX20082,1,9,0,18,0,1,0,0,0,0,4,1,6,3,-1,-1,-1,-1,-1,-1,-1
201401SX20087,1,9,0,4,0,1,0,0,0,0,2,1,6,2,45,7,1998,1,12,6,1
201401SX20087,2,9,0,18,0,1,1,0,0,0,1,1,6,1,61,9,1796,1,10,1,1
201401SX20088,1,9,0,7,0,1,0,0,0,0,4,1,2,2,29,6,1229,1,3,5,1
201401SX20088,2,9,0,15,0,1,0,0,0,0,3,1,2,1,22,5,1248,2,7,9,1
201401SX20089,1,9,0,1,0,0,0,4,0,0,2,1,6,1,20,4,1198,1,11,4,1
201401SX20089,2,3,0,2,0,0,0,0,0,0,1,1,1,1,41,7,-1,-1,-1,2,1
201401SX20090,1,9,0,7,0,2,0,0,0,0,1,1,6,2,30,6,4398,1,10,9,3
201401SX20090,2,9,0,18,0,1,0,0,0,0,1,1,2,1,51,8,1390,1,8,8,1
201401SX20091,1,9,0,9,0,2,0,8,0,0,4,1,6,2,79,11,1998,1,9,6,1
201401SX20091,2,9,0,2,0,1,0,0,0,0,4,1,6,2,37,7,1998,1,10,6,1
201401SX20092,1,9,0,18,0,2,5,4,0,0,1,1,6,2,71,10,1799,1,6,7,1
201401SX20092,2,9,0,2,0,2,0,0,0,0,2,1,6,3,-1,-1,1242,1,2,-1,-1
201401SX20095,1,9,0,18,0,8,0,0,0,0,1,1,6,1,56,9,1997,2,2,1,1
201401SX20095,2,9,0,9,0,8,0,0,0,0,4,1,1,1,29,6,1360,1,13,8,1
201401SX20096,1,9,0,18,0,0,0,0,0,0,1,1,6,1,-1,-1,-1,-1,-1,-1,-1
201401SX20100,1,9,0,3,0,1,0,0,0,0,2,1,6,1,29,6,1397,1,3,8,1
201401SX20100,2,9,0,18,0,1,0,0,0,0,1,1,6,1,-1,-1,1997,2,2,-1,-1
201401SX20101,1,9,0,9,0,8,0,0,0,0,4,1,6,2,17,4,1198,1,4,9,1
201401SX20101,2,9,0,18,0,8,0,0,0,0,1,1,6,2,49,8,1794,1,10,5,1
201401SX20102,1,9,0,5,0,8,0,0,0,0,1,1,2,1,62,9,1796,1,5,7,1
201401SX20102,2,1,0,18,0,8,0,0,0,0,3,1,2,2,36,7,-1,-1,-1,6,1
201401SX20103,1,9,0,3,0,0,0,0,0,0,2,1,1,2,41,7,1598,1,10,10,1
201401SX20103,2,9,0,4,0,0,0,0,0,0,1,1,1,1,19,4,1124,1,10,6,1
201401SX20104,1,9,0,3,0,1,0,0,0,0,2,1,6,1,51,8,1995,2,6,4,1
201401SX20104,2,9,0,18,0,1,0,0,0,0,1,1,6,1,23,5,1595,1,12,8,1
201401SX20107,1,5,0,12,0,0,0,0,0,0,0,1,6,1,36,7,599,1,3,3,1
201401SX20107,2,11,0,18,0,0,0,0,0,0,0,1,1,1,52,8,7300,2,12,6,1
201401SX20108,1,9,0,18,0,1,0,0,0,0,1,1,1,1,34,6,1398,2,10,2,1
201401SX20108,2,9,0,10,0,1,0,0,0,0,2,1,6,2,21,5,1400,1,14,3,1
201401SX20109,1,11,0,18,0,2,0,0,0,0,4,1,1,3,-1,-1,-1,-1,-1,-1,-1
201401SX20110,1,9,0,4,0,8,0,0,0,0,2,1,6,2,29,6,1598,2,1,2,1
201401SX20110,2,9,0,4,0,8,0,0,0,0,2,1,6,1,36,7,2231,2,7,5,1
201401SX20110,3,9,0,18,0,8,0,0,0,0,1,1,6,2,74,10,1596,1,12,8,1
201401SX20112,1,9,0,12,0,1,0,0,0,0,1,1,6,1,36,7,1896,2,17,7,1
201401SX20112,2,9,0,4,0,1,0,0,0,0,2,1,6,2,23,5,1598,1,2,5,1
201401SX20112,3,19,0,3,0,8,0,0,0,0,1,1,6,1,33,6,-1,-1,-1,3,1
201401SX20114,1,9,0,3,0,0,0,0,0,0,2,1,1,1,32,6,1560,2,4,9,2
201401SX20114,2,9,0,3,0,0,0,0,0,0,1,1,6,1,43,7,2393,1,10,3,1
201401SX20118,1,9,0,18,0,1,0,0,0,0,4,1,6,1,31,6,1796,1,11,7,1
201401SX20118,2,9,0,5,0,2,0,0,0,0,1,1,6,1,25,5,1497,8,8,6,1
201401SX20120,1,1,0,18,0,0,0,0,0,0,2,1,6,1,32,6,-1,-1,-1,5,1
201401SX20120,2,9,0,18,0,0,0,0,0,0,1,1,6,1,-1,-1,1598,1,12,-1,-1
201401SX20123,1,9,0,18,0,1,0,0,0,0,1,1,6,1,34,6,2230,1,11,-1,-1
201401SX20123,2,19,0,5,0,1,0,0,0,0,2,1,1,1,29,6,1968,2,5,-1,-1
201401SX20124,1,9,0,18,0,2,0,0,0,0,3,1,6,2,25,5,1598,1,4,4,1
201401SX20124,2,9,0,18,0,1,0,0,0,0,3,1,6,1,39,7,2993,2,5,5,1
201401SX20125,1,9,0,18,0,0,0,4,0,0,1,1,1,2,56,9,1343,1,12,4,1
201401SX20125,2,9,0,2,0,0,0,0,0,0,3,1,6,1,51,8,1390,1,3,8,1
201401SX20125,3,9,0,2,0,0,0,0,0,0,3,1,6,3,-1,-1,-1,-1,-1,-1,-1
201401SX20125,4,9,0,2,0,0,0,0,0,0,3,1,6,3,-1,-1,-1,-1,-1,-1,-1
201401SX20126,1,9,0,18,0,8,0,0,0,0,3,1,6,1,30,6,1870,2,10,3,1
201401SX20126,2,9,0,9,0,5,0,0,0,0,1,1,6,1,-1,-1,-1,-1,-1,-1,1
201401SX20127,1,9,0,18,0,8,0,0,0,0,3,1,1,2,22,5,998,1,6,7,1
201401SX20127,2,9,0,9,0,8,0,0,0,0,1,1,6,2,-1,-1,1995,1,5,-1,-1
201401SX20128,1,9,0,18,0,1,0,10,1,4,1,1,6,1,17,4,1199,1,11,5,1
201401SX20128,2,9,0,18,0,1,0,4,0,0,3,1,2,2,47,8,1598,1,10,8,1
201401SX20128,3,9,0,2,0,1,0,0,0,0,4,1,6,2,42,7,1600,1,11,-1,-1
201401SX20129,1,9,0,9,0,1,0,0,0,0,1,1,6,2,86,11,1242,1,14,8,1
201401SX20129,2,1,0,18,0,1,0,0,0,0,3,1,6,1,29,6,-1,-1,-1,8,1
201401SX20130,1,10,0,1,0,1,0,0,0,0,2,1,6,1,47,8,-1,-1,-1,5,1
201401SX20130,2,3,0,18,0,1,0,0,0,0,4,1,6,1,25,5,125,1,9,2,1
201401SX20131,1,9,0,4,0,0,0,10,0,0,1,1,6,2,27,6,1995,2,2,7,1
201401SX20131,2,9,0,18,0,0,0,10,0,0,1,1,2,2,37,7,1339,1,6,3,1
201401SX20132,1,9,0,18,0,1,0,0,0,0,2,1,6,1,25,5,1598,1,13,-1,-1
201401SX20132,2,19,0,18,0,1,0,0,0,0,1,1,1,1,39,7,2143,2,1,-1,2
201401SX20134,1,11,0,4,0,1,0,0,0,0,0,1,1,1,59,9,7300,2,11,6,1
201401SX20135,1,9,0,17,0,8,0,0,0,0,4,1,6,2,46,8,1870,2,8,8,1
201401SX20135,2,9,0,18,0,8,0,0,0,0,1,1,6,1,-1,-1,-1,-1,-1,7,1
201401SX20136,1,9,0,18,0,1,0,0,0,0,1,1,6,2,-1,-1,1598,1,7,-1,-1
201401SX20136,2,1,0,18,0,1,0,0,0,0,2,1,6,1,42,7,-1,-1,-1,2,1
201401SX20137,1,9,0,5,0,6,5,0,0,0,3,1,6,1,26,6,1973,1,17,-1,-1
201401SX20137,2,9,0,18,0,8,0,0,0,0,1,1,6,2,51,8,1995,1,12,9,1
201401SX20139,1,9,0,2,0,2,0,10,0,0,4,1,6,2,37,7,2231,2,2,9,1
201401SX20139,2,21,1,7,0,2,0,4,0,0,4,1,6,3,-1,-1,15607,2,2,-1,-1
201401SX20140,1,1,0,18,0,8,0,0,0,0,1,1,6,2,28,6,-1,-1,-1,2,1
201401SX20140,2,9,0,7,0,5,0,0,0,0,4,1,6,3,-1,-1,-1,-1,-1,-1,-1
201401SX20141,1,11,0,4,0,8,0,0,0,0,0,1,1,1,-1,-1,-1,-1,-1,-1,-1
201401SX20142,1,9,0,3,0,2,0,0,0,0,2,1,6,1,36,7,1395,1,1,8,1
201401SX20142,2,9,0,4,0,2,0,0,0,0,2,1,6,2,55,8,1389,1,19,6,1
201401SX20142,3,9,0,18,0,2,0,0,0,0,2,1,6,2,67,10,-1,-1,-1,7,1
201401SX20142,4,9,0,18,0,2,0,0,0,0,1,1,6,2,20,4,1296,1,8,6,1
201401SX20143,1,9,0,10,0,8,0,0,0,0,1,1,6,1,39,7,1596,1,1,3,1
201401SX20143,2,19,0,18,0,8,0,0,0,0,1,1,1,1,36,7,1686,2,11,2,1
201401SX20143,3,9,0,9,0,8,0,0,0,0,0,1,6,2,39,7,-1,-1,-1,3,1
201401SX20144,1,9,0,9,0,8,0,0,0,0,3,1,2,1,27,6,1497,1,9,5,1
201401SX20144,2,9,0,18,0,8,0,0,0,0,1,1,2,1,62,9,1998,2,10,-1,-1
201401SX20146,1,9,0,9,0,8,0,0,0,0,4,1,6,2,20,4,1299,1,11,9,1
201401SX20146,2,9,0,16,0,8,0,10,1,10,1,1,6,1,35,6,1896,2,10,8,1
201401SX20147,1,9,0,18,0,1,0,0,0,0,1,1,6,2,40,7,1596,1,2,1,1
201401SX20147,2,9,0,18,0,1,0,0,0,0,2,1,6,1,20,4,998,1,7,7,1
201401SX20147,3,9,0,11,0,1,0,0,0,0,1,1,6,3,-1,-1,-1,-1,-1,-1,-1
201401SX20148,1,9,0,7,0,5,0,0,0,0,4,1,6,2,28,6,1242,1,7,3,1
201401SX20148,2,9,0,18,0,8,1,7,1,1,3,1,6,1,35,6,1984,1,5,8,2
201401SX20149,1,9,0,18,0,0,0,0,0,0,1,1,6,2,56,9,1598,1,1,6,1
201401SX20150,1,9,0,3,0,2,0,0,0,0,2,1,6,1,29,6,2967,2,6,6,1
201401SX20150,2,9,0,3,0,2,0,0,0,0,2,1,1,1,21,5,1796,1,9,3,1
201401SX20150,3,9,0,3,0,2,0,0,0,0,2,1,1,1,22,5,1360,1,5,-1,1
201401SX20150,4,9,0,9,0,2,0,0,0,0,1,1,6,3,-1,-1,-1,-1,-1,-1,-1
201401SX20151,1,9,0,9,0,5,0,0,0,0,1,1,1,2,61,9,1199,1,10,2,1
201401SX20151,2,1,0,18,0,8,0,0,0,0,3,1,1,1,57,9,-1,-1,-1,7,1
201401SX20153,1,9,0,12,0,0,0,0,0,0,1,1,6,3,-1,-1,-1,-1,-1,-1,-1
201401SX20153,2,19,0,18,0,0,5,0,2,7,2,1,1,1,60,9,2151,2,12,2,1
201401SX20153,3,9,0,18,0,0,0,0,0,0,2,1,6,2,37,7,1598,1,12,6,1
201401SX20153,4,19,0,18,0,0,0,0,0,0,1,1,6,1,41,7,2500,2,7,4,1
201401SX20154,1,9,0,18,0,1,0,0,0,0,1,1,6,2,34,6,1910,2,6,4,1
201401SX20154,2,9,0,3,0,1,0,0,0,0,2,1,6,1,31,6,-1,-1,-1,6,1
201401SX20155,1,9,0,16,0,0,0,0,0,0,2,1,6,1,34,6,1910,2,10,6,1
201401SX20155,2,9,0,16,0,0,0,0,0,0,1,1,6,1,24,5,1199,1,11,4,1
201401SX20155,3,9,0,17,0,0,0,0,0,0,0,1,6,3,-1,-1,-1,-1,-1,-1,-1
201401SX20156,1,9,0,14,0,0,0,0,0,0,1,1,2,2,62,9,1796,1,7,5,1
201401SX20157,1,9,0,9,0,5,0,0,0,0,4,1,6,1,44,7,2792,1,17,9,1
201401SX20157,2,1,0,18,0,8,0,0,0,0,1,1,6,1,21,5,-1,-1,-1,5,1
201401SX20158,1,9,0,18,0,1,0,0,0,0,4,1,2,2,64,9,-1,-1,-1,1,1
201401SX20159,1,9,0,11,0,0,0,0,0,0,4,1,6,2,-1,-1,1598,1,17,-1,-1
201401SX20159,2,1,0,15,0,0,0,0,0,0,1,1,6,1,23,5,-1,-1,-1,-1,-1
201401SX20161,1,9,0,18,0,0,0,0,0,0,4,1,6,3,-1,-1,1582,2,-1,-1,-1
201401SX20162,1,9,0,9,0,5,0,0,0,0,1,1,6,2,79,11,1598,1,6,7,1
201401SX20162,2,9,0,18,0,8,0,0,0,0,1,1,6,2,-1,-1,1948,1,10,-1,-1
201401SX20163,1,9,0,4,0,0,0,0,0,0,2,1,6,2,37,7,1968,2,4,-1,-1
201401SX20163,2,9,0,18,0,0,0,0,0,0,1,1,6,1,43,7,1794,1,9,-1,-1
201401SX20164,1,9,0,3,0,0,0,0,0,0,2,1,6,1,21,5,1364,1,4,3,1
201401SX20164,2,9,0,18,0,0,0,0,0,0,1,1,6,1,33,6,1598,1,13,4,1
201401SX20165,1,9,0,18,0,0,0,4,0,0,1,1,6,2,20,4,1198,1,1,8,1
201401SX20165,2,9,0,2,0,0,0,0,0,0,2,1,6,3,-1,-1,1956,2,5,-1,-1
201401SX20166,1,9,0,4,0,0,0,0,0,0,2,1,6,2,38,7,1898,1,13,10,1
201401SX20166,2,9,0,4,0,0,0,0,0,0,1,1,6,2,44,7,3200,2,6,5,1
201401SX20167,1,9,0,4,0,1,0,0,0,0,1,1,6,2,78,11,998,1,5,5,1
201401SX20167,2,9,0,4,0,1,0,0,0,0,2,2,6,1,26,6,-1,-1,-1,7,1
201401SX20168,1,9,0,18,0,2,0,0,0,0,1,1,6,1,76,11,1998,1,15,5,1
201401SX20169,1,19,0,18,0,0,0,0,0,0,1,1,6,1,-1,-1,2402,2,3,5,1
201401SX20169,2,9,0,4,0,0,0,0,0,0,2,1,6,1,45,7,1995,2,9,-1,-1
201401SX20170,1,1,0,18,2,2,0,0,0,0,3,1,6,1,53,8,-1,-1,-1,5,1
201401SX20170,2,9,0,18,0,2,0,0,0,0,4,1,6,1,-1,-1,2979,1,7,-1,-1
201401SX20171,1,9,0,18,0,8,5,0,1,0,3,1,6,2,23,5,1242,1,1,10,1
201401SX20171,2,9,0,18,0,8,0,0,0,0,1,1,6,2,57,9,2170,2,9,7,1
201401SX20172,1,19,0,4,0,0,1,0,0,0,1,1,6,1,66,10,-1,-1,-1,8,1
201401SX20173,1,11,0,4,0,2,0,0,0,0,0,1,1,1,54,8,9360,2,2,1,1
201401SX20174,1,9,0,18,0,0,0,0,0,0,1,1,6,3,-1,-1,-1,-1,-1,-1,-1
201401SX20174,2,1,0,18,0,0,0,0,0,0,2,1,6,1,10,2,-1,-1,-1,3,1
201401SX20176,1,9,0,9,0,5,0,0,0,0,4,1,6,2,37,7,1598,1,1,2,1
201401SX20176,2,1,0,18,0,8,0,0,0,0,1,1,2,1,34,6,-1,-1,-1,8,1
201401SX20177,1,9,0,18,0,8,1,0,1,10,3,1,6,1,34,6,1910,2,7,5,1
201401SX20177,2,9,0,18,0,1,1,7,0,0,3,1,6,2,24,5,1988,1,12,-1,-1
201401SX20178,1,21,0,5,0,8,0,0,0,0,4,1,1,1,38,7,6370,2,7,-1,-1
201401SX20179,1,9,0,18,0,0,5,10,2,7,4,1,6,2,75,10,1390,1,8,8,1
201401SX20180,1,1,0,18,0,8,0,0,0,0,1,1,2,2,35,6,-1,-1,-1,5,1
201401SX20180,2,9,0,9,0,8,0,0,0,0,1,1,6,1,-1,-1,2499,1,8,-1,-1
201401SX20181,1,9,0,18,0,0,0,0,0,0,1,1,6,3,-1,-1,-1,-1,-1,-1,-1
201401SX20182,1,19,0,18,0,8,0,0,0,0,1,1,6,1,35,6,1996,2,5,3,1
201401SX20182,2,9,0,3,0,8,0,0,0,0,2,1,2,1,36,7,1596,1,13,10,1
201401SX20183,1,5,0,18,4,0,0,0,0,0,1,1,6,1,23,5,599,1,5,1,1
201401SX20184,1,9,0,18,0,0,0,4,0,0,4,1,6,2,62,9,-1,-1,-1,5,1
201401SX20184,2,9,0,2,0,0,0,0,0,0,3,1,2,1,61,9,1598,1,16,2,1
201401SX20185,1,9,0,4,0,0,0,0,0,0,2,1,6,1,38,7,3179,1,12,9,1
201401SX20185,2,19,0,4,0,0,0,0,0,0,2,1,6,1,28,6,2464,2,7,-1,-1
201401SX20185,3,9,0,18,0,0,0,0,0,0,1,1,6,1,21,5,1390,1,-1,2,1
201401SX20186,1,9,0,7,0,8,0,0,0,0,3,1,6,1,35,6,1870,2,13,3,1
201401SX20186,2,9,0,18,0,8,0,0,0,0,4,1,6,2,37,7,1998,1,8,8,1
201401SX20187,1,9,0,4,0,8,0,0,0,0,1,1,6,1,51,8,1598,2,5,-1,-1
201401SX20187,2,9,0,9,0,8,0,0,0,0,3,1,6,1,47,8,-1,-1,-1,6,1
201401SX20188,1,9,0,6,0,0,0,0,0,0,3,1,6,1,74,10,1368,1,1,-1,-1
201401SX20188,2,11,0,18,0,0,0,0,0,0,1,1,1,1,36,7,9360,2,3,-1,-1
201401SX20189,1,9,0,5,0,8,0,0,0,0,1,1,2,1,60,9,1582,2,3,5,1
201401SX20189,2,1,0,17,0,8,0,0,0,0,4,1,6,1,60,9,-1,-1,-1,6,1
201401SX20191,1,9,0,4,0,0,0,0,0,0,3,1,6,2,38,7,1368,1,1,4,1
201401SX20191,2,17,0,18,0,0,0,0,0,0,3,1,1,1,-1,-1,-1,-1,-1,7,1
201401SX20192,1,9,0,18,0,1,0,0,0,0,1,1,6,1,50,8,1997,1,18,2,1
201401SX20192,2,9,0,4,0,1,0,0,0,0,2,1,6,1,45,7,2204,2,8,6,1
201401SX20193,1,9,0,2,0,2,0,0,0,0,3,1,6,1,58,9,-1,-1,-1,-1,-1
201401SX20193,2,1,0,18,0,2,0,0,0,0,1,1,6,1,36,7,-1,-1,-1,6,1
201401SX20194,1,9,0,9,0,6,0,0,0,0,1,1,6,1,20,4,3246,1,12,4,1
201401SX20194,2,9,0,18,0,8,0,0,0,0,4,1,6,1,-1,-1,1968,2,6,2,1
201401SX20195,1,19,0,18,0,8,0,0,0,0,1,1,6,1,49,8,-1,-1,-1,10,1
201401SX20195,2,9,0,18,0,8,0,0,0,0,1,1,6,2,42,7,1339,1,7,3,1
201401SX20196,1,11,0,5,0,2,0,0,0,0,0,1,1,1,38,7,7300,2,13,5,1
201401SX20197,1,9,0,18,0,1,0,0,0,0,1,1,6,2,25,5,1497,1,10,7,1
201401SX20197,2,9,0,18,0,1,0,0,0,0,2,1,6,3,-1,-1,1198,1,4,-1,-1
201401SX20199,1,9,0,3,0,1,0,0,0,0,2,1,6,1,30,6,1299,1,14,7,1
201401SX20199,2,9,0,4,0,1,0,0,0,0,1,1,6,2,-1,-1,1595,1,8,4,1
201401SX20199,3,9,0,3,0,1,0,0,0,0,2,1,6,3,-1,-1,-1,-1,-1,-1,-1
201401SX20200,1,9,0,1,0,8,0,0,0,0,4,1,6,1,25,5,1339,1,8,6,1