Accident_Index,Vehicle_Reference,Vehicle_Type,Towing_and_Articulation,Vehicle_Manoeuvre,Vehicle_Location-Restricted_Lane,Junction_Location,Skidding_and_Overturning,Hit_Object_in_Carriageway,Vehicle_Leaving_Carriageway,Hit_Object_off_Carriageway,1st_Point_of_Impact,Was_Vehicle_Left_Hand_Drive?,Journey_Purpose_of_Driver,Sex_of_Driver,Age_of_Driver,Age_Band_of_Driver,Engine_Capacity_(CC),Propulsion_Code,Age_of_Vehicle,Driver_IMD_Decile,Driver_Home_Area_Type
201401SX20380,1,9,0,4,0,1,0,0,0,0,1,1,2,1,43,7,1798,1,11,-1,-1
201401SX20380,2,9,0,4,0,1,0,0,0,0,2,1,6,1,24,5,1984,1,4,5,1
201401SX20381,1,9,0,18,0,8,0,0,0,0,2,1,6,1,34,6,2993,2,8,2,1
201401SX20381,2,9,0,18,0,8,0,0,0,0,1,1,6,1,35,6,-1,-1,-1,6,1
201401SX20383,1,3,0,4,0,8,1,0,0,0,1,1,2,1,28,6,125,1,1,8,1
201401SX20383,2,9,0,18,0,6,0,0,0,0,3,1,6,3,-1,-1,1560,2,6,6,1
201401SX20385,1,9,0,2,0,2,0,0,0,0,2,1,6,2,37,7,1590,1,11,4,1
201401SX20385,2,21,0,18,0,2,0,4,0,0,1,1,6,1,-1,-1,7146,2,1,-1,-1
201401SX20386,1,9,0,9,0,5,0,0,0,0,3,1,6,1,21,5,1198,1,4,7,1
201401SX20386,2,8,0,9,0,6,0,0,0,0,1,1,1,1,-1,-1,1896,2,6,-1,-1
201401SX20389,1,11,0,4,0,2,0,0,0,0,1,1,1,1,61,9,7300,2,10,5,1
201401SX20390,1,9,0,7,0,5,0,0,0,0,4,1,6,3,-1,-1,-1,-1,-1,-1,-1
201401SX20390,2,1,0,18,0,8,0,0,0,0,1,1,6,1,43,7,-1,-1,-1,-1,-1
201401SX20391,1,9,0,9,0,8,0,0,0,0,3,1,6,1,33,6,1400,1,9,2,1
201401SX20391,2,9,0,18,0,8,0,0,0,0,1,1,6,1,28,6,998,1,13,8,1
201401SX20392,1,4,0,4,0,8,1,0,0,0,0,1,2,1,18,4,124,1,1,7,1
201401SX20392,2,8,0,4,0,8,0,0,0,0,0,1,1,1,33,6,1997,2,2,8,1
201401SX20393,1,9,0,18,0,2,0,0,0,0,1,1,6,1,-1,-1,-1,-1,-1,5,1
201401SX20394,1,9,0,5,0,0,0,0,0,0,4,1,6,1,71,10,1390,1,12,-1,-1
201401SX20395,1,9,0,18,0,8,0,0,0,0,4,1,6,2,19,4,996,1,2,6,1
201401SX20395,2,9,0,18,0,8,0,0,0,0,1,1,6,1,53,8,1590,1,13,6,1
201401SX20396,1,9,0,9,0,2,0,10,7,0,1,1,6,2,66,10,1598,1,3,6,1
201401SX20396,2,9,0,18,0,2,0,0,0,0,3,1,6,2,47,8,1948,1,14,-1,-1
201401SX20396,3,9,0,18,0,1,0,10,1,0,3,1,6,1,52,8,698,1,9,-1,-1
201401SX20396,4,9,0,18,0,1,0,0,0,0,3,1,6,2,44,7,-1,-1,-1,-1,-1
201401SX20397,1,9,0,4,0,0,0,0,0,0,4,1,6,1,53,8,1783,1,10,5,1
201401SX20397,2,9,0,18,0,0,0,0,0,0,3,1,2,1,59,9,1597,1,17,4,1
201401SX20397,3,8,0,18,0,0,0,0,4,6,4,1,6,1,33,6,2148,2,8,4,1
201401SX20398,1,9,0,18,0,0,0,0,0,0,1,1,6,1,19,4,1360,1,10,6,1
201401SX20398,2,9,0,4,0,0,0,0,0,0,2,1,6,1,70,10,1796,1,11,2,1
201401SX20399,1,11,0,5,0,2,0,0,0,0,0,1,1,3,-1,-1,-1,-1,-1,-1,-1
201401SX20400,1,9,0,11,0,2,0,0,0,0,4,1,6,1,-1,-1,1598,1,12,-1,-1
201401SX20400,2,9,0,18,0,2,0,0,0,0,3,1,6,1,44,7,1995,2,2,6,1
201401SX20401,1,8,0,9,0,8,0,0,0,0,4,1,1,1,50,8,1910,2,5,3,1
201401SX20401,2,3,0,15,0,8,0,0,0,0,1,1,6,1,49,8,125,1,3,-1,-1
201401SX20402,1,9,0,18,0,0,5,4,0,0,4,1,6,2,77,11,1339,1,3,3,1
201401SX20402,2,9,0,2,0,0,0,0,0,0,3,1,6,3,-1,-1,-1,-1,-1,-1,-1
201401SX20404,1,5,0,18,0,8,1,0,0,0,2,1,6,1,-1,-1,1449,1,11,6,1
201401SX20404,2,9,0,5,0,8,0,0,0,0,1,1,2,2,-1,-1,1364,1,5,6,1
201401SX20406,1,9,0,14,0,0,0,0,0,0,4,1,6,1,49,8,2309,1,22,6,1
201401SX20407,1,1,0,3,0,1,0,0,0,0,2,1,2,1,34,6,-1,-1,-1,5,1
201401SX20407,2,9,0,4,0,1,0,0,0,0,1,1,2,1,-1,-1,-1,-1,-1,-1,-1
201401SX20408,1,9,0,18,0,0,0,0,0,0,4,1,6,2,25,5,1587,1,10,5,1
201401SX20410,1,19,0,18,0,0,0,0,0,0,1,1,6,1,24,5,2198,2,1,7,1
201401SX20410,2,21,1,4,0,0,0,0,0,0,2,1,2,1,50,8,10837,2,5,2,1
201401SX20412,1,9,0,3,0,2,0,0,0,0,2,1,6,2,44,7,1598,1,10,4,1
201401SX20412,2,9,0,18,0,2,0,0,0,0,1,1,6,3,-1,-1,-1,-1,-1,-1,-1
201401SX20413,1,19,0,18,0,8,0,0,0,0,3,1,6,1,42,7,-1,-1,-1,4,1
201401SX20413,2,3,0,18,0,8,0,0,0,0,1,1,6,1,25,5,124,1,13,3,1
201401SX20415,1,11,0,18,0,2,0,0,0,0,0,1,1,1,46,8,6700,2,5,5,1
201401SX20416,1,9,0,9,0,8,0,0,0,0,3,1,6,1,42,7,2143,2,3,-1,-1
201401SX20416,2,9,0,18,0,8,0,0,0,0,1,1,6,1,64,9,1596,1,4,8,1
201401SX20417,1,9,0,18,0,1,0,0,0,0,4,1,6,1,31,6,1794,1,11,5,1
201401SX20417,2,21,0,18,0,1,0,0,0,0,3,1,1,1,51,8,4461,2,6,7,1
201401SX20419,1,9,0,18,0,8,0,10,7,0,4,1,6,2,34,6,1995,2,10,4,1
201401SX20419,2,9,0,18,0,8,0,10,1,0,1,1,6,2,48,8,1328,1,8,4,1
201401SX20420,1,9,0,18,0,8,0,0,0,0,4,1,6,1,48,8,1769,1,8,2,1
201401SX20420,2,9,0,18,0,8,0,0,0,0,1,1,6,1,36,7,1896,1,17,5,1
201401SX20422,1,9,0,18,0,1,0,0,0,0,1,1,6,2,24,5,1388,1,10,6,1
201401SX20423,1,8,0,18,0,0,0,0,0,0,1,1,1,1,50,8,1998,2,6,1,1
201401SX20426,1,1,0,18,0,1,0,0,0,0,1,1,6,1,17,4,-1,-1,-1,5,1
201401SX20426,2,9,0,5,0,2,0,0,0,0,1,1,6,2,-1,-1,998,1,13,10,1
201401SX20427,1,9,0,5,0,1,0,0,0,0,1,1,6,2,20,4,1198,1,5,10,1
201401SX20427,2,9,0,3,0,1,0,0,0,0,2,1,6,2,21,5,1910,2,9,10,1
201401SX20428,1,8,0,1,0,1,0,0,0,0,2,1,1,1,-1,-1,1598,1,8,-1,-1
201401SX20428,2,8,0,3,0,1,0,0,0,0,1,1,1,1,-1,-1,-1,-1,-1,-1,-1
201401SX20429,1,9,0,3,0,1,0,0,0,0,2,1,6,1,57,9,2987,2,8,6,1
201401SX20429,2,19,0,18,0,1,0,0,0,0,1,1,6,1,-1,-1,2500,2,13,-1,-1
201401SX20430,1,8,0,4,0,1,0,0,0,0,2,1,1,1,-1,-1,1968,2,7,2,1
201401SX20430,2,9,0,18,0,1,0,0,0,0,1,1,6,1,-1,-1,1596,1,7,-1,-1
201401SX20431,1,11,0,18,0,0,0,0,0,0,0,1,1,3,-1,-1,-1,-1,-1,-1,-1
201401SX20433,1,9,0,11,0,1,0,0,0,0,4,1,6,1,26,6,1896,2,11,2,1
201401SX20433,2,9,0,18,0,1,0,0,0,0,3,1,6,1,29,6,2497,2,9,6,1
201401SX20434,1,11,0,4,0,0,0,0,0,0,0,1,1,1,44,7,6700,2,2,4,1
201401SX20435,1,21,1,18,0,2,0,0,0,0,4,1,1,1,62,9,11967,2,5,6,1
201401SX20435,2,3,0,12,0,7,0,0,0,0,3,1,1,2,59,9,108,1,2,5,1
201401SX20436,1,9,0,18,0,1,0,0,0,0,1,1,6,2,22,5,999,1,2,7,1
201401SX20437,1,9,0,8,0,8,0,0,0,0,2,1,6,1,29,6,1995,2,10,1,1
201401SX20437,2,9,0,16,0,8,0,0,0,0,1,1,6,1,-1,-1,-1,-1,-1,-1,-1
201401SX20438,1,9,0,5,0,1,0,0,0,0,3,1,6,1,83,11,1390,1,15,8,1
201401SX20438,2,9,0,18,0,1,0,0,0,0,4,1,6,2,37,7,2000,2,7,7,1
201401SX20439,1,3,0,18,0,0,0,7,5,6,3,1,6,1,21,5,124,1,1,2,1
201401SX20440,1,9,0,7,0,8,0,0,0,0,1,1,6,2,22,5,1149,1,5,-1,-1
201401SX20440,2,9,0,9,0,8,0,0,0,0,1,1,6,1,49,8,1360,1,8,4,1
201401SX20441,1,1,0,15,0,1,0,0,0,0,3,1,6,2,20,4,-1,-1,-1,7,1
201401SX20441,2,9,0,7,0,1,0,0,0,0,4,1,6,2,-1,-1,-1,-1,-1,-1,-1
201401SX20442,1,9,0,5,0,0,0,0,0,0,3,1,6,1,-1,-1,1800,1,16,5,1
201401SX20443,1,9,0,7,0,1,0,0,0,0,1,1,6,1,60,9,1995,2,11,8,1
201401SX20445,1,9,0,18,0,0,0,10,1,3,1,1,6,1,33,6,1968,2,3,6,1
201401SX20447,1,9,0,18,0,0,0,0,0,0,1,1,6,2,28,6,1086,1,6,4,1
201401SX20447,2,9,0,18,0,0,0,0,0,0,1,1,6,1,48,8,1229,1,4,4,1
201401SX20448,1,9,0,4,0,0,0,0,0,0,2,1,1,1,64,9,1246,1,6,5,1
201401SX20448,2,9,0,18,0,0,0,0,0,0,2,1,3,1,38,7,1397,1,10,3,1
201401SX20448,3,19,0,18,0,0,0,0,0,0,1,1,1,1,24,5,2402,2,4,-1,-1
201401SX20449,1,9,0,18,0,0,5,4,0,0,1,1,1,2,33,6,1598,1,8,6,1
201401SX20450,1,9,0,6,0,0,0,0,0,0,3,1,6,2,58,9,1560,2,2,-1,1
201401SX20450,2,5,0,18,0,0,0,0,0,0,1,1,6,1,39,7,582,1,8,3,1
201401SX20452,1,9,0,18,0,8,0,0,0,0,1,1,6,1,17,4,1598,1,9,8,3
201401SX20452,2,9,0,18,0,8,0,0,0,0,4,1,6,1,34,6,1796,1,12,2,1
201401SX20453,1,19,0,11,2,1,0,0,0,0,4,1,1,1,37,7,2198,2,4,3,1
201401SX20453,2,11,0,18,2,1,0,0,0,0,3,1,1,1,40,7,6700,2,7,6,1
201401SX20453,3,9,0,3,0,1,0,0,0,0,2,1,6,1,44,7,1598,1,13,7,1
201401SX20453,4,9,0,3,0,1,0,0,0,0,2,1,6,2,57,9,1590,1,12,2,1
201401SX20455,1,9,0,18,0,0,0,0,0,0,2,1,6,2,44,7,-1,-1,-1,2,1
201401SX20455,2,9,0,18,0,0,0,0,0,0,1,1,6,1,27,6,-1,-1,-1,-1,1
201401SX20456,1,9,0,18,0,2,0,0,0,0,1,1,6,1,49,8,-1,-1,-1,4,1
201401SX20457,1,11,0,5,0,8,0,0,0,0,0,1,1,1,28,6,7300,2,11,3,1
201401SX20458,1,3,0,14,0,0,0,0,0,0,1,1,6,1,-1,-1,-1,-1,-1,-1,-1
201401SX20459,1,9,0,5,0,0,0,0,0,0,3,1,6,1,20,4,1360,1,14,5,1
201401SX20459,2,9,0,18,0,0,0,0,0,0,4,1,6,2,50,8,1997,2,7,2,1
201401SX20460,1,4,0,18,0,8,1,0,0,0,1,1,6,1,34,6,-1,-1,-1,-1,-1
201401SX20460,2,9,0,9,0,8,0,0,0,0,3,1,6,2,52,8,1598,1,10,-1,-1
201401SX20462,1,9,0,16,0,2,0,0,0,0,2,1,6,1,28,6,1796,1,14,2,1
201401SX20462,2,9,0,16,0,2,0,0,0,0,1,1,6,2,29,6,2183,2,2,7,1
201401SX20463,1,9,0,18,0,0,0,0,0,0,1,1,6,1,32,6,1298,1,11,8,1
201401SX20463,2,9,0,18,0,0,0,0,0,0,1,1,6,1,48,8,2993,2,7,10,2
201401SX20464,1,1,0,18,0,2,0,0,0,0,3,1,6,1,37,7,-1,-1,-1,6,1
201401SX20464,2,9,0,13,0,2,0,0,0,0,4,1,6,1,66,10,2179,2,1,3,1
201401SX20465,1,9,0,16,0,8,0,0,0,0,2,1,6,1,50,8,-1,-1,-1,2,1
201401SX20465,2,9,0,16,0,8,0,0,0,0,1,1,6,2,34,6,1242,1,5,-1,-1
201401SX20466,1,9,0,18,0,0,0,0,5,6,3,1,6,1,22,5,1199,1,11,6,1
201401SX20467,1,11,0,2,0,0,0,0,0,0,0,1,1,1,-1,-1,-1,-1,-1,-1,-1
201401SX20468,1,9,0,18,0,1,0,4,0,0,4,1,6,2,57,9,1329,1,5,7,1
201401SX20468,2,9,0,5,0,1,0,0,0,0,3,1,6,1,51,8,-1,-1,-1,-1,-1
201401SX20469,1,9,0,18,0,2,0,0,0,0,4,1,6,1,-1,-1,-1,-1,-1,-1,-1
201401SX20470,1,9,0,18,0,0,0,0,0,0,1,1,6,3,-1,-1,-1,-1,-1,-1,-1
201401SX20471,1,9,0,9,0,8,0,0,0,0,1,1,6,1,29,6,-1,-1,-1,5,1
201401SX20471,2,3,0,14,0,8,0,0,0,0,4,1,6,1,24,5,125,1,4,2,1
201401SX20472,1,9,0,18,0,0,0,0,0,0,1,1,6,2,30,6,1597,1,16,4,1
201401SX20473,1,5,0,18,0,0,0,0,0,0,1,1,6,1,27,6,-1,-1,-1,-1,1
201401SX20473,2,9,0,3,0,0,0,0,0,0,2,1,6,1,36,7,-1,-1,-1,-1,1
201401SX20474,1,9,0,18,0,0,0,0,0,0,2,1,6,2,-1,-1,-1,-1,-1,-1,-1
201401SX20475,1,9,0,5,0,8,0,0,0,0,3,1,6,1,29,6,1798,1,12,4,1
201401SX20475,2,1,0,18,0,8,0,0,0,0,1,1,6,1,20,4,-1,-1,-1,-1,-1
201401SX20476,1,8,0,18,0,0,0,0,0,0,4,1,6,3,-1,-1,-1,-1,-1,-1,-1
201401SX20477,1,9,0,3,0,0,0,0,0,0,2,1,6,1,55,8,3600,1,19,6,1
201401SX20477,2,9,0,18,0,0,0,0,0,0,1,1,6,1,33,6,1598,1,9,4,1
201401SX20478,1,1,0,9,0,8,0,0,0,0,3,1,6,1,13,3,-1,-1,-1,7,1
201401SX20478,2,9,0,18,0,8,0,0,0,0,1,1,6,1,-1,-1,-1,-1,-1,-1,-1
201401SX20480,1,9,0,9,0,8,0,0,0,0,1,1,1,1,57,9,1781,1,12,6,1
201401SX20481,1,9,0,18,0,8,0,0,0,0,2,1,6,1,28,6,1896,2,12,9,1
201401SX20481,2,21,0,18,0,8,0,0,0,0,1,1,1,1,23,5,6692,2,5,2,1
201401SX20482,1,9,0,9,0,8,0,0,0,0,3,1,6,1,31,6,1997,2,5,-1,1
201401SX20482,2,3,0,13,0,8,0,0,0,0,4,1,6,1,32,6,124,1,3,3,1
201401SX20483,1,9,0,18,0,0,5,7,5,6,3,1,6,1,20,4,-1,-1,-1,7,1
201401SX20484,1,9,0,3,0,1,0,0,0,0,2,1,6,2,42,7,1197,1,1,5,1
201401SX20484,2,9,0,5,0,1,0,0,0,0,1,1,6,2,39,7,2776,2,8,8,1
201401SX20485,1,9,0,18,0,0,0,0,0,0,1,1,6,1,-1,-1,-1,-1,-1,-1,-1
201401SX20486,1,9,0,4,0,1,0,0,0,0,4,1,6,2,23,5,998,1,11,7,1
201401SX20486,2,3,0,15,0,1,0,0,0,0,3,1,6,1,34,6,125,1,7,7,1
201401SX20488,1,9,0,18,0,1,0,0,0,0,1,1,6,1,53,8,2494,1,11,6,1
201401SX20489,1,9,0,18,0,1,0,0,0,0,3,1,1,1,28,6,1560,2,-1,-1,1
201401SX20489,2,9,0,18,0,1,0,0,0,0,3,1,2,1,55,8,-1,-1,-1,2,1
201401SX20490,1,9,0,7,0,1,0,0,0,0,1,1,6,1,31,6,1998,1,8,-1,-1
201401SX20490,2,9,0,7,0,1,0,0,0,0,1,1,6,1,46,8,-1,-1,-1,-1,-1
201401SX20491,1,9,0,18,0,0,0,0,0,0,1,1,6,2,24,5,1582,1,9,3,1
201401SX20491,2,9,0,6,0,0,0,0,0,0,2,1,6,1,34,6,1951,2,10,4,1
201401SX20492,1,9,0,5,0,0,0,4,1,10,2,1,6,2,77,11,1332,1,17,4,1
201401SX20493,1,1,0,18,0,8,0,0,0,0,4,1,6,1,8,2,-1,-1,-1,-1,-1
201401SX20493,2,11,0,18,0,8,0,0,0,0,1,1,1,2,48,8,4500,2,5,2,1
201401SX20494,1,9,0,18,0,8,0,0,0,0,3,1,6,2,22,5,1199,1,12,2,1
201401SX20494,2,9,0,9,0,8,0,0,0,0,1,1,6,2,44,7,2987,2,7,6,1
201401SX20496,1,9,0,10,0,8,0,0,0,0,2,1,6,1,41,7,1968,2,9,-1,1
201401SX20496,2,9,0,18,0,8,0,0,0,0,1,1,6,2,51,8,1362,1,1,9,3
201401SX20498,1,11,0,5,0,2,0,0,0,0,0,1,1,1,67,10,6692,2,1,4,1
201401SX20499,1,9,0,18,0,0,0,0,0,0,3,1,6,2,58,9,3000,1,8,8,1
201401SX20500,1,9,0,5,0,1,0,0,0,0,1,1,6,1,62,9,1399,2,10,5,1
201401SX20501,1,3,0,13,0,1,0,0,0,0,1,1,2,1,22,5,125,1,10,6,1
201401SX20501,2,9,0,9,0,1,0,0,0,0,3,1,2,1,63,9,1896,2,5,2,1
201401SX20502,1,9,0,3,0,1,0,0,0,0,2,1,6,1,32,6,2148,2,6,1,1
201401SX20502,2,9,0,18,0,1,0,0,0,0,1,1,6,1,38,7,2967,2,1,2,1
201401SX20502,3,9,0,18,0,1,0,0,0,0,1,1,6,1,41,7,2993,2,1,10,2
201401SX20503,1,9,0,18,0,0,0,4,0,0,4,1,6,1,24,5,1998,1,10,9,1
201401SX20504,1,9,0,7,0,8,0,0,0,0,2,1,6,1,29,6,1400,1,14,5,1
201401SX20504,2,1,0,18,0,8,0,0,0,0,1,1,6,1,21,5,-1,-1,-1,6,1
201401SX20505,1,20,0,4,0,0,0,0,0,0,2,1,1,1,44,7,4580,2,1,1,1
201401SX20505,2,20,0,18,0,0,0,0,0,0,1,1,1,1,40,7,10800,2,5,4,1
201401SX20506,1,9,0,18,0,8,0,0,0,0,1,1,6,1,22,5,1364,1,8,6,1
201401SX20506,2,9,0,9,0,8,0,0,0,0,4,1,6,1,28,6,698,1,9,5,1
201401SX20507,1,1,0,18,0,8,0,0,0,0,1,1,6,1,43,7,-1,-1,-1,3,1
201401SX20507,2,9,0,9,0,8,0,0,0,0,4,1,6,2,-1,-1,1248,2,2,8,1
201401SX20508,1,9,0,18,0,0,0,4,0,0,1,1,6,1,76,11,1299,1,12,9,1
201401SX20509,1,9,0,18,0,8,0,0,0,0,2,1,6,2,30,6,-1,-1,-1,4,1
201401SX20509,2,9,0,18,0,8,0,0,0,0,1,1,6,2,38,7,1995,2,1,7,1
201401SX20510,1,9,0,18,0,8,0,0,0,0,4,1,6,2,48,8,1587,1,6,5,1
201401SX20510,2,9,0,18,0,8,0,0,0,0,1,1,6,1,-1,-1,1198,1,11,3,1
201401SX20511,1,9,0,18,0,0,0,0,0,0,4,1,6,2,68,10,1197,1,1,-1,-1
201401SX20512,1,9,0,12,0,1,0,0,0,0,1,1,6,1,28,6,1781,1,13,6,1
201401SX20512,2,9,0,3,0,1,0,0,0,0,2,1,6,1,23,5,1910,2,7,2,1
201401SX20513,1,3,0,9,0,8,0,0,0,0,4,1,6,1,50,8,124,1,7,2,1
201401SX20513,2,9,0,18,0,8,0,0,0,0,1,1,6,2,43,7,1360,1,11,7,1
201401SX20515,1,9,0,18,0,8,0,0,0,0,1,1,6,1,42,7,2496,1,10,8,1
201401SX20516,1,9,0,9,0,8,0,0,0,0,1,1,6,2,82,11,1339,1,1,10,1
201401SX20516,2,1,0,15,0,8,0,0,0,0,3,1,6,2,30,6,-1,-1,-1,4,1
201401SX20517,1,11,0,4,0,1,0,0,0,0,0,1,1,1,53,8,8268,2,12,5,1
201401SX20518,1,9,0,9,0,8,0,0,0,0,4,1,6,1,31,6,1596,1,14,4,1
201401SX20518,2,9,0,18,0,8,0,0,0,0,1,1,6,2,23,5,1242,1,1,8,1
201401SX20518,3,9,0,4,0,8,0,0,0,0,3,1,6,1,76,11,999,1,15,5,2
201401SX20520,1,9,0,9,0,8,0,0,0,0,3,1,6,2,66,10,1598,1,-1,6,1
201401SX20520,2,1,0,13,0,8,0,0,0,0,1,1,6,1,-1,-1,-1,-1,-1,-1,-1
201401SX20522,1,19,0,9,0,8,0,0,0,0,1,1,1,1,30,6,2261,1,5,4,1
201401SX20522,2,9,0,18,0,8,0,0,0,0,3,1,6,2,73,10,1795,1,12,7,1
201401SX20523,1,9,0,1,8,2,0,0,0,0,4,1,6,2,29,6,1396,1,3,2,1
201401SX20524,1,3,0,18,0,0,0,0,0,0,4,1,6,1,44,7,124,1,8,5,1
201401SX20524,2,9,0,18,0,0,0,0,0,0,0,1,6,1,-1,-1,-1,-1,-1,-1,-1
201401SX20528,1,9,0,7,0,8,0,0,0,0,2,1,6,2,52,8,1390,1,13,5,1
201401SX20528,2,9,0,18,0,8,0,0,0,0,1,1,6,1,20,4,1995,1,12,1,1
201401SX20529,1,9,0,4,0,1,0,0,0,0,2,1,6,3,-1,-1,1686,2,10,-1,-1
201401SX20529,2,9,0,18,0,1,0,0,0,0,2,1,6,1,30,6,1396,1,16,2,1
201401SX20529,3,9,0,18,0,1,0,0,0,0,1,1,6,3,-1,-1,1299,1,13,-1,-1
201401SX20530,1,19,0,9,0,8,0,0,0,0,4,1,1,1,33,6,1560,2,5,5,1
201401SX20530,2,9,0,17,0,8,0,0,0,0,1,1,1,1,40,7,1598,2,2,9,3
201401SX20531,1,9,0,3,0,2,0,0,0,0,2,1,6,2,44,7,973,1,11,3,1
201401SX20531,2,9,0,18,0,2,0,0,0,0,1,1,6,1,-1,-1,1910,2,9,-1,-1
201401SX20532,1,3,0,16,0,2,0,0,0,0,3,1,6,1,24,5,125,1,1,8,1
201401SX20533,1,1,0,15,0,2,0,0,0,0,3,1,6,2,33,6,-1,-1,-1,7,1
201401SX20533,2,19,4,18,0,2,0,0,0,0,4,1,6,3,-1,-1,-1,-1,-1,-1,-1
201401SX20534,1,9,0,6,0,0,0,0,0,0,3,1,6,1,27,6,1968,2,1,5,1
201401SX20534,2,1,0,13,0,0,0,0,0,0,4,1,6,1,21,5,-1,-1,-1,2,1
201401SX20535,1,9,0,3,0,1,0,0,0,0,2,1,6,2,35,6,2354,1,9,6,1
201401SX20535,2,9,0,18,0,1,0,0,0,0,1,1,6,1,-1,-1,-1,-1,-1,-1,-1
201401SX20536,1,9,0,18,0,8,0,0,0,0,1,1,6,1,59,9,2521,1,9,6,1
201401SX20537,1,9,0,9,0,8,0,0,0,0,4,1,6,2,73,10,998,1,-1,9,1
201401SX20537,2,5,0,18,0,8,0,0,0,0,1,1,6,1,44,7,1299,1,11,5,1
201401SX20538,1,9,0,9,0,2,0,0,0,0,1,1,1,1,28,6,1995,2,2,6,1
201401SX20539,1,9,0,18,0,0,0,0,0,0,1,1,6,2,-1,-1,1968,2,-1,-1,-1
201401SX20540,1,9,0,18,0,0,5,7,7,0,1,1,6,1,36,7,1796,1,10,5,1
201401SX20541,1,11,0,18,0,1,0,0,0,0,0,1,1,1,-1,-1,-1,-1,-1,-1,-1
201401SX20542,1,9,0,9,0,8,0,0,0,0,1,1,6,2,36,7,1798,1,8,5,2
201401SX20543,1,3,0,6,0,1,0,0,0,0,3,1,6,1,25,5,125,1,-1,4,1
201401SX20543,2,3,0,14,0,1,0,0,0,0,1,1,6,1,20,4,125,1,9,2,1
201401SX20544,1,9,0,18,0,2,0,0,0,0,1,1,6,2,40,7,1497,8,11,4,1
201401SX20545,1,9,0,11,0,2,0,0,0,0,4,1,2,1,24,5,1229,1,7,3,1
201401SX20545,2,11,0,18,0,2,0,0,0,0,3,1,1,1,35,6,6700,2,6,6,1
201401SX20546,1,1,0,18,0,8,0,0,0,0,1,1,6,1,17,4,-1,-1,-1,5,1
201401SX20546,2,9,0,18,0,8,0,0,0,0,3,1,6,1,70,10,1242,1,11,9,1
201401SX20547,1,9,0,5,0,8,0,0,0,0,0,1,6,3,-1,-1,-1,-1,-1,-1,-1
201401SX20547,2,3,0,18,0,8,0,0,0,0,3,1,6,1,28,6,108,1,1,4,1
201401SX20549,1,9,0,9,0,8,0,0,0,0,3,1,6,2,43,7,973,1,14,3,1
201401SX20549,2,9,0,9,0,8,0,0,0,0,1,1,6,1,-1,-1,1596,1,11,4,1
201401SX20551,1,9,0,14,0,2,0,0,0,0,3,1,6,2,49,8,1995,2,3,6,1
201401SX20551,2,9,0,18,0,1,1,4,0,0,3,1,6,1,34,6,1199,1,16,3,1
201401SX20551,3,9,0,2,0,1,0,0,0,0,3,1,6,2,51,8,1794,1,7,-1,-1
201401SX20553,1,9,0,1,0,0,0,0,0,0,2,1,6,2,45,7,1242,1,-1,8,1
201401SX20554,1,9,0,5,8,0,0,0,0,0,1,1,1,2,34,6,-1,-1,-1,8,1
201401SX20554,2,4,0,18,0,0,0,0,0,0,1,1,2,1,59,9,499,1,18,4,1
201401SX20555,1,9,0,4,0,1,0,0,0,0,4,1,6,1,43,7,1956,2,4,5,1
201401SX20557,1,1,0,10,0,1,0,0,0,0,2,1,6,2,24,5,-1,-1,-1,4,1
201401SX20557,2,9,0,5,0,1,0,0,0,0,1,1,6,3,-1,-1,2198,1,7,-1,-1
201401SX20559,1,9,0,18,0,1,0,0,0,0,1,1,6,1,27,6,1998,1,6,4,1
201401SX20560,1,9,0,9,0,8,0,0,0,0,1,1,6,1,20,4,998,1,1,4,1
201401SX20560,2,9,0,15,2,1,0,10,2,1,1,1,6,1,22,5,1590,1,10,4,1
201401SX20560,3,9,0,3,0,2,0,0,0,0,4,1,6,2,65,9,1988,1,12,4,1
201401SX20561,1,4,0,9,0,8,0,0,0,0,1,1,6,1,34,6,-1,-1,-1,4,1
201401SX20561,2,9,0,18,0,8,0,0,0,0,3,1,6,1,26,6,1984,1,4,8,1
201401SX20564,1,1,0,18,0,8,0,0,0,0,3,1,6,2,23,5,-1,-1,-1,-1,-1
201401SX20564,2,9,0,18,0,8,0,0,0,0,1,1,6,2,-1,-1,-1,-1,-1,8,1
201401SX20566,1,9,0,18,0,0,0,10,1,10,1,1,6,2,45,7,1242,1,7,-1,-1
201401SX20567,1,9,0,9,0,8,0,0,0,0,4,1,6,1,17,4,1248,2,6,5,1
201401SX20567,2,9,0,18,0,8,0,0,0,0,1,1,6,1,35,6,2993,2,8,7,1
201401SX20568,1,8,0,8,0,1,0,0,0,0,2,1,1,1,48,8,2231,2,5,6,1
201401SX20568,2,9,0,18,0,1,0,0,0,0,1,1,6,3,-1,-1,-1,-1,-1,-1,-1
201401SX20569,1,3,0,3,0,0,0,0,0,0,2,1,2,1,32,6,124,1,4,5,1
201401SX20569,2,9,0,18,0,0,0,0,0,0,1,1,6,2,-1,-1,1598,2,1,-1,-1
201401SX20570,1,9,0,7,4,8,0,0,0,0,4,1,6,1,32,6,1910,2,7,8,1
201401SX20570,2,1,0,18,4,8,0,0,0,0,3,1,6,1,24,5,-1,-1,-1,9,1
201401SX20571,1,2,0,18,0,0,0,0,0,0,3,1,6,1,17,4,49,1,4,3,1
201401SX20571,2,9,0,13,0,0,0,0,0,0,4,1,6,1,29,6,1598,1,2,-1,-1
201401SX20572,1,5,0,18,0,8,0,0,0,0,3,1,2,1,54,8,999,1,3,10,1
201401SX20572,2,9,0,11,0,8,0,0,0,0,4,1,6,1,-1,-1,1997,2,6,2,1
201401SX20573,1,17,0,18,0,1,0,0,0,0,3,1,1,1,43,7,-1,-1,-1,9,1