Accident_Index,Vehicle_Reference,Vehicle_Type,Towing_and_Articulation,Vehicle_Manoeuvre,Vehicle_Location-Restricted_Lane,Junction_Location,Skidding_and_Overturning,Hit_Object_in_Carriageway,Vehicle_Leaving_Carriageway,Hit_Object_off_Carriageway,1st_Point_of_Impact,Was_Vehicle_Left_Hand_Drive?,Journey_Purpose_of_Driver,Sex_of_Driver,Age_of_Driver,Age_Band_of_Driver,Engine_Capacity_(CC),Propulsion_Code,Age_of_Vehicle,Driver_IMD_Decile,Driver_Home_Area_Type
201401SX20761,2,9,0,18,0,1,0,0,0,0,1,1,6,3,-1,-1,-1,-1,-1,-1,-1
201401SX20762,1,9,0,16,0,1,0,0,0,0,3,1,6,3,-1,-1,1956,2,1,-1,-1
201401SX20762,2,9,0,16,0,1,0,0,0,0,4,1,6,1,32,6,1956,2,4,8,1
201401SX20763,1,9,0,2,0,2,0,0,0,0,3,1,3,2,33,6,1998,1,12,7,1
201401SX20763,2,1,0,14,0,2,0,4,0,0,1,1,1,2,49,8,-1,-1,-1,7,1
201401SX20764,1,9,0,9,0,5,0,0,0,0,1,1,2,1,26,6,1598,1,6,7,1
201401SX20764,2,1,0,15,0,8,0,0,0,0,3,1,2,2,62,9,-1,-1,-1,-1,-1
201401SX20768,1,1,0,18,0,8,0,0,0,0,1,1,6,1,9,2,-1,-1,-1,7,1
201401SX20768,2,9,0,18,0,8,0,0,0,0,4,1,6,2,37,7,1997,2,12,7,1
201401SX20769,1,11,0,18,0,8,0,0,0,0,4,1,1,1,-1,-1,-1,-1,-1,-1,-1
201401SX20770,1,8,0,9,0,8,0,0,0,0,3,1,1,1,28,6,1797,8,3,6,1
201401SX20770,2,9,0,18,0,8,1,0,0,0,1,1,6,2,24,5,1364,1,7,4,1
201401SX20771,1,9,0,4,2,2,0,0,0,0,2,1,6,1,48,8,1596,1,6,4,1
201401SX20771,2,5,0,18,2,2,0,0,0,0,1,1,6,1,45,7,-1,-1,-1,5,1
201401SX20773,1,5,0,18,0,2,0,10,0,0,1,1,6,1,24,5,600,1,17,5,1
201401SX20773,2,9,0,9,0,6,0,0,0,0,0,1,6,1,23,5,998,1,8,9,1
201401SX20774,1,9,0,3,0,1,0,0,0,0,2,1,6,1,34,6,-1,-1,-1,6,1
201401SX20774,2,11,0,18,0,1,0,0,0,0,1,1,1,1,45,7,7300,2,10,2,1
201401SX20775,1,21,0,4,0,1,0,0,0,0,1,1,1,1,58,9,12419,2,3,3,1
201401SX20775,2,9,0,4,0,1,0,0,0,0,2,1,6,1,33,6,1598,1,4,1,1
201401SX20775,3,9,0,4,0,1,0,0,0,0,2,1,6,1,45,7,1995,2,2,-1,-1
201401SX20775,4,9,0,4,0,1,0,0,0,0,2,1,1,1,26,6,-1,-1,-1,-1,-1
201401SX20775,5,9,0,4,0,1,0,0,0,0,2,1,6,1,31,6,1149,1,13,10,1
201401SX20775,6,19,0,4,0,1,0,0,0,0,2,1,1,1,60,9,2402,2,12,7,1
201401SX20775,7,9,0,4,0,1,0,0,0,0,2,1,6,1,55,8,1781,1,11,5,1
201401SX20775,8,9,0,4,0,1,0,0,0,0,2,1,6,1,63,9,-1,-1,-1,9,3
201401SX20775,9,9,0,4,0,1,0,0,0,0,2,1,6,1,18,4,-1,-1,-1,-1,-1
201401SX20776,1,9,0,18,0,8,0,0,0,0,1,1,6,1,26,6,1995,2,8,-1,1
201401SX20776,2,9,0,9,0,6,0,0,0,0,3,1,6,2,39,7,1587,1,11,-1,-1
201401SX20777,1,9,0,18,0,0,0,0,4,6,1,1,6,1,-1,-1,1995,2,4,-1,-1
201401SX20777,2,10,0,18,0,0,0,0,0,0,4,1,1,1,51,8,1998,2,8,8,1
201401SX20778,1,9,0,7,0,6,0,0,0,0,1,1,2,1,-1,-1,-1,-1,-1,-1,-1
201401SX20778,2,1,0,9,0,6,1,0,0,0,2,1,2,1,49,8,-1,-1,-1,7,1
201401SX20779,1,20,0,9,0,8,0,0,0,0,1,1,6,1,25,5,-1,-1,-1,2,1
201401SX20779,2,2,0,18,0,8,1,0,0,0,4,1,6,2,27,6,124,1,1,9,1
201401SX20780,1,3,0,18,0,8,0,4,0,0,3,1,6,1,34,6,125,1,5,-1,-1
201401SX20780,2,9,0,2,0,2,0,0,0,0,3,1,6,2,48,8,1560,2,7,-1,-1
201401SX20780,3,9,0,1,0,8,0,0,0,0,1,1,6,1,60,9,-1,-1,-1,6,1
201401SX20781,1,9,0,3,0,0,0,0,0,0,2,1,6,2,66,10,2143,2,4,5,1
201401SX20781,2,9,0,11,0,0,0,0,0,0,1,1,6,1,59,9,1997,2,4,4,1
201401SX20784,1,9,0,5,0,2,0,0,0,0,3,1,6,1,36,7,1498,1,6,3,1
201401SX20784,2,19,0,4,0,1,1,0,0,0,1,1,6,1,67,10,2461,2,12,2,1
201401SX20785,1,9,0,9,0,8,0,7,2,10,4,1,6,1,32,6,1896,2,13,2,1
201401SX20785,2,9,0,9,0,8,0,0,0,0,1,1,6,2,48,8,1560,2,1,7,1
201401SX20786,1,9,0,9,0,8,1,0,0,0,1,1,6,1,37,7,1896,2,9,5,1
201401SX20786,2,9,0,18,0,8,1,0,0,0,3,1,6,1,60,9,1968,2,4,-1,-1
201401SX20787,1,9,0,7,0,5,0,0,0,0,4,1,2,1,57,9,1388,1,11,-1,3
201401SX20787,2,1,0,15,0,8,0,0,0,0,3,1,2,1,26,6,-1,-1,-1,7,1
201401SX20788,1,9,0,9,0,1,0,0,0,0,4,1,6,2,71,10,1197,1,3,10,1
201401SX20788,2,3,0,15,0,1,0,0,0,0,3,1,6,1,26,6,599,1,10,8,1
201401SX20789,1,3,0,18,0,2,0,0,0,0,4,1,6,1,26,6,125,1,2,3,1
201401SX20790,1,5,0,3,0,1,0,0,0,0,2,1,2,1,45,7,847,1,1,10,1
201401SX20790,2,9,0,18,0,1,0,0,0,0,1,1,6,1,-1,-1,-1,-1,-1,-1,-1
201401SX20792,1,8,0,18,2,8,1,0,1,5,3,1,1,1,42,7,1910,2,4,2,1
201401SX20792,2,9,0,6,0,8,0,0,0,0,1,1,6,1,-1,-1,3199,1,15,-1,-1
201401SX20793,1,9,0,14,0,1,0,10,1,10,4,1,6,1,54,8,-1,-1,-1,3,1
201401SX20794,1,2,0,13,0,1,0,0,0,0,1,1,1,1,22,5,125,1,2,4,1
201401SX20794,2,9,0,9,0,1,0,0,0,0,3,1,6,1,59,9,2362,1,12,7,1
201401SX20795,1,9,0,3,0,1,0,0,0,0,2,1,2,2,49,8,1798,1,4,4,2
201401SX20795,2,9,0,18,0,1,0,0,0,0,1,1,2,1,58,9,1997,2,11,6,1
201401SX20796,1,8,0,9,0,8,0,0,0,0,4,1,1,1,25,5,1686,2,-1,7,1
201401SX20796,2,1,0,18,0,8,0,0,0,0,1,1,6,1,46,8,-1,-1,-1,-1,1
201401SX20797,1,9,0,18,0,0,0,0,0,0,1,1,6,2,-1,-1,1968,2,1,2,1
201401SX20797,2,8,0,4,0,0,0,0,0,0,2,1,6,1,60,9,2143,2,-1,6,1
201401SX20797,3,19,0,3,0,0,0,0,0,0,2,1,6,3,-1,-1,-1,-1,-1,-1,-1
201401SX20802,1,19,0,18,0,0,0,8,0,0,4,1,6,1,31,6,1753,2,8,9,2
201401SX20802,2,9,0,2,0,0,0,0,0,0,3,1,6,3,-1,-1,1995,2,10,-1,-1
201401SX20805,1,9,0,18,0,8,0,0,0,0,4,1,6,2,46,8,1598,1,1,10,1
201401SX20806,1,9,0,7,0,2,0,0,0,0,4,1,6,2,42,7,1498,1,7,3,1
201401SX20807,1,5,0,4,0,8,0,0,0,0,2,1,6,1,31,6,600,1,1,-1,1
201401SX20807,2,9,0,4,0,8,0,0,0,0,1,1,6,2,17,4,1248,1,3,8,1
201401SX20807,3,9,0,18,0,8,0,0,0,0,3,1,6,2,31,6,1398,1,4,9,1
201401SX20808,1,9,0,14,0,2,0,0,0,0,1,1,6,1,31,6,1242,1,15,5,1
201401SX20810,1,9,0,18,0,2,5,0,0,0,1,1,6,1,50,8,2793,1,16,8,1
201401SX20811,1,9,0,5,0,2,0,0,7,1,1,1,6,1,93,11,1364,1,6,-1,-1
201401SX20812,1,9,0,3,0,0,0,0,0,0,2,1,6,2,40,7,1968,2,-1,5,1
201401SX20812,2,9,0,18,0,0,0,0,0,0,1,1,6,1,22,5,1389,1,11,6,1
201401SX20813,1,20,0,18,0,0,0,0,0,0,1,1,6,1,57,9,6700,2,-1,7,1
201401SX20813,2,9,0,4,0,0,0,0,0,0,2,1,6,1,52,8,1390,1,11,2,1
201401SX20813,3,9,0,4,0,0,0,0,0,0,2,1,6,1,48,8,1985,1,16,4,1
201401SX20814,1,9,0,18,0,1,0,0,0,0,2,1,6,1,45,7,1896,2,10,4,1
201401SX20814,2,9,0,18,0,1,0,0,0,0,1,1,6,1,28,6,1998,2,10,10,1
201401SX20814,3,9,0,18,0,1,0,0,0,0,1,1,6,1,35,6,1850,1,14,2,1
201401SX20814,4,9,0,18,0,1,0,0,0,0,0,1,6,3,-1,-1,-1,-1,-1,-1,-1
201401SX20816,1,3,0,4,0,1,0,0,0,0,0,1,2,1,39,7,125,1,1,5,1
201401SX20818,1,3,0,18,0,0,0,0,0,0,1,1,2,1,22,5,124,1,10,4,1
201401SX20818,2,20,0,18,0,0,0,0,0,0,2,1,6,3,-1,-1,-1,-1,-1,-1,-1
201401SX20819,1,9,0,9,0,0,0,0,0,0,3,1,6,2,22,5,1390,1,6,8,1
201401SX20819,2,4,0,13,0,0,0,0,0,0,1,1,6,1,36,7,125,1,-1,6,1
201401SX20820,1,2,0,18,0,0,0,0,0,0,1,1,6,1,16,4,49,1,3,8,1
201401SX20820,2,9,0,18,0,0,0,0,0,0,2,1,6,1,-1,-1,-1,-1,-1,6,1
201401SX20821,1,9,0,3,0,1,0,0,0,0,2,1,6,2,26,6,1198,1,3,4,1
201401SX20821,2,9,0,18,0,1,0,0,0,0,1,1,6,3,-1,-1,1587,1,8,-1,-1
201401SX20822,1,9,0,18,0,8,0,0,0,0,1,1,6,1,28,6,1598,2,3,6,1
201401SX20822,2,9,0,18,0,8,0,0,0,0,3,1,6,1,37,7,998,1,7,4,1
201401SX20823,1,9,0,18,0,8,0,0,0,0,3,1,6,2,64,9,-1,-1,-1,8,1
201401SX20823,2,19,0,9,0,8,0,0,0,0,1,1,6,1,45,7,2151,2,9,-1,-1
201401SX20824,1,9,0,18,0,2,0,0,0,0,4,1,6,1,28,6,1995,2,10,-1,-1
201401SX20824,2,9,0,12,0,2,0,0,0,0,3,1,1,1,39,7,1753,2,4,3,1
201401SX20825,1,8,0,2,0,1,0,0,0,0,3,1,1,1,34,6,1896,2,7,-1,1
201401SX20825,2,1,0,18,0,1,0,0,0,0,4,1,6,1,50,8,-1,-1,-1,6,1
201401SX20826,1,19,0,18,0,0,0,0,0,0,4,1,6,3,-1,-1,-1,-1,-1,-1,-1
201401SX20828,1,9,0,18,0,8,0,0,0,0,3,1,6,1,32,6,2000,1,9,7,1
201401SX20828,2,9,0,18,0,8,0,0,0,0,4,1,6,3,-1,-1,1910,2,6,-1,-1
201401SX20828,3,9,0,18,0,8,0,0,0,0,1,1,6,1,-1,-1,-1,-1,-1,-1,-1
201401SX20828,4,9,0,18,0,8,0,0,0,0,1,1,6,1,-1,-1,2967,1,10,-1,-1
201401SX20829,1,9,0,4,0,0,0,0,0,0,2,1,6,2,31,6,1242,1,6,6,1
201401SX20829,2,9,0,18,0,0,0,0,0,0,1,1,6,3,-1,-1,-1,-1,-1,-1,-1
201401SX20830,1,9,0,18,0,0,0,8,0,0,4,1,6,2,55,8,-1,-1,-1,7,1
201401SX20830,2,9,0,2,0,0,0,0,0,0,3,1,6,3,-1,-1,1596,1,9,-1,-1
201401SX20833,1,1,0,18,0,8,0,0,0,0,1,1,6,1,21,5,-1,-1,-1,9,1
201401SX20833,2,9,0,9,0,8,0,0,0,0,4,1,6,1,61,9,1731,1,18,2,1
201401SX20834,1,9,0,6,0,0,0,4,0,0,3,1,6,1,26,6,-1,-1,-1,4,1
201401SX20834,2,9,0,18,0,0,0,0,0,0,1,1,6,1,44,7,2495,2,10,7,1
201401SX20836,1,9,0,4,0,1,0,0,0,0,2,1,1,1,32,6,-1,-1,-1,2,1
201401SX20836,2,9,0,18,0,1,0,0,0,0,1,1,6,3,-1,-1,1997,2,12,-1,-1
201401SX20837,1,9,0,3,0,8,0,0,0,0,2,1,6,1,36,7,1896,2,7,7,1
201401SX20837,2,9,0,18,0,8,0,0,0,0,1,1,6,1,-1,-1,-1,-1,-1,3,1
201401SX20838,1,5,0,14,0,0,0,0,0,0,1,1,6,1,30,6,652,1,2,3,1
201401SX20839,1,11,0,5,0,8,0,0,0,0,0,1,1,1,48,8,6700,2,4,5,1
201401SX20840,1,9,0,18,0,8,1,4,7,10,1,1,6,1,80,11,-1,-1,-1,7,1
201401SX20840,2,9,0,2,0,8,0,0,0,0,4,1,6,3,-1,-1,1598,1,12,-1,-1
201401SX20841,1,9,0,18,0,8,0,0,0,0,3,1,6,2,38,7,3222,2,9,4,1
201401SX20841,2,19,0,18,0,8,0,0,0,0,4,1,6,1,36,7,6870,2,2,7,2
201401SX20842,1,3,0,18,0,0,0,0,0,0,1,1,6,1,26,6,109,1,1,-1,-1
201401SX20842,2,9,0,4,0,0,0,0,0,0,2,1,6,2,-1,-1,1242,1,2,1,1
201401SX20844,1,9,0,9,0,5,0,4,0,0,4,1,6,2,59,9,1870,2,7,9,1
201401SX20844,2,9,0,2,0,2,0,0,0,0,2,1,6,3,-1,-1,2000,2,9,-1,-1
201401SX20845,1,3,0,18,0,8,0,0,0,0,1,1,1,1,22,5,125,1,5,9,1
201401SX20845,2,9,0,18,0,8,0,0,0,0,3,1,6,1,35,6,1398,2,9,5,1
201401SX20846,1,2,0,13,0,0,0,0,0,0,3,1,6,1,17,4,49,1,1,3,1
201401SX20846,2,9,0,18,0,0,0,0,0,0,1,1,6,2,46,8,4398,1,16,3,1
201401SX20846,3,8,0,3,0,0,0,0,0,0,2,1,6,1,56,9,2460,2,7,5,1
201401SX20847,1,9,0,9,0,8,0,0,0,0,4,1,6,2,18,4,1242,1,13,3,1
201401SX20847,2,9,0,18,0,8,0,0,0,0,1,1,6,1,-1,-1,1598,2,2,-1,-1
201401SX20848,1,9,0,1,0,8,0,0,0,0,2,1,6,1,35,6,2926,2,11,3,1
201401SX20849,1,9,0,3,0,1,0,0,0,0,2,1,6,2,43,7,-1,-1,-1,-1,-1
201401SX20849,2,9,0,4,0,1,0,0,0,0,1,1,6,1,-1,-1,1794,1,12,-1,-1
201401SX20851,1,3,0,18,0,8,0,0,0,0,4,1,6,1,43,7,124,1,8,4,1
201401SX20851,2,9,0,18,0,8,0,0,0,0,0,1,6,1,-1,-1,-1,-1,-1,-1,-1
201401SX20852,1,9,0,9,0,8,0,0,0,0,3,1,6,1,52,8,1199,1,10,6,1
201401SX20852,2,1,0,18,0,8,0,0,0,0,1,1,6,2,40,7,-1,-1,-1,6,1
201401SX20853,1,19,0,2,0,8,0,0,0,0,3,1,1,1,47,8,1870,2,8,5,1
201401SX20853,2,1,0,18,0,8,0,4,0,0,1,1,6,2,50,8,-1,-1,-1,3,1
201401SX20854,1,9,0,18,0,2,0,0,0,0,3,1,6,2,48,8,1753,2,12,1,1
201401SX20855,1,9,0,5,0,2,0,4,0,0,3,1,6,1,-1,-1,998,1,12,6,1
201401SX20856,1,9,0,18,0,8,0,0,0,0,1,1,6,2,64,9,1598,1,4,4,1
201401SX20856,2,3,0,17,0,8,0,0,0,0,4,1,6,1,26,6,125,1,5,2,1
201401SX20857,1,9,0,18,0,1,0,0,0,0,1,1,6,1,73,10,-1,-1,-1,8,1
201401SX20858,1,9,0,6,0,0,0,0,0,0,4,1,6,2,38,7,1596,1,6,9,2
201401SX20858,2,9,0,18,0,0,0,0,0,0,1,1,6,1,22,5,3969,1,20,1,1
201401SX20859,1,11,0,5,0,0,0,0,0,0,4,1,1,1,61,9,4500,2,5,-1,-1
201401SX20860,1,9,0,2,0,1,0,0,0,0,2,1,6,1,32,6,2231,2,8,6,1
201401SX20860,2,9,0,5,0,1,0,0,0,0,1,1,6,1,78,11,1850,1,15,2,1
201401SX20862,1,1,0,15,0,0,0,4,0,0,1,1,2,1,30,6,-1,-1,-1,8,1
201401SX20862,2,9,0,2,0,0,0,0,0,0,3,1,6,1,-1,-1,998,1,12,-1,-1
201401SX20863,1,9,0,9,0,8,0,0,0,0,2,1,6,1,-1,-1,-1,-1,-1,-1,-1
201401SX20863,2,9,0,18,0,8,0,0,0,0,1,1,6,1,28,6,3199,1,12,2,1
201401SX20863,3,9,0,3,0,8,0,0,0,0,2,1,6,2,29,6,1149,1,14,5,1
201401SX20864,1,9,0,5,0,8,0,0,0,0,3,1,6,1,27,6,-1,-1,-1,4,1
201401SX20864,2,19,0,13,0,8,0,0,0,0,4,1,6,2,-1,-1,-1,-1,-1,-1,-1
201401SX20865,1,9,0,18,0,0,0,0,0,0,2,1,6,1,30,6,1896,2,7,1,1
201401SX20865,2,9,0,18,0,0,0,0,0,0,2,1,1,1,59,9,2967,2,1,-1,1
201401SX20865,3,9,0,18,0,0,0,0,0,0,1,1,6,1,42,7,1781,1,14,7,1
201401SX20866,1,19,0,18,0,0,1,10,1,0,1,1,6,1,31,6,1998,2,12,2,1
201401SX20867,1,9,0,18,0,1,0,0,0,0,2,1,6,1,80,11,3199,1,11,9,1
201401SX20867,2,9,0,18,0,1,0,0,0,0,2,1,6,2,34,6,1598,1,5,7,1
201401SX20867,3,9,0,18,0,1,0,0,0,0,1,1,6,2,31,6,2143,2,-1,9,1
201401SX20868,1,3,0,18,0,2,0,0,0,0,1,1,6,1,34,6,124,1,1,4,1
201401SX20869,1,9,0,4,0,8,0,0,0,0,2,1,6,2,60,9,1395,1,-1,1,1
201401SX20869,2,9,0,18,0,8,0,0,0,0,1,1,6,1,-1,-1,1339,1,12,8,1
201401SX20870,1,9,0,3,0,1,0,0,0,0,2,1,6,2,42,7,1995,2,9,2,1
201401SX20870,2,9,0,18,0,1,0,0,0,0,1,2,6,1,39,7,-1,-1,-1,1,1
201401SX20871,1,9,0,18,0,1,0,0,0,0,1,1,6,1,81,11,1598,1,1,4,1
201401SX20872,1,9,0,15,0,1,0,0,0,0,3,1,6,3,-1,-1,-1,-1,-1,-1,-1
201401SX20872,2,9,0,18,0,1,0,0,0,0,4,1,6,1,33,6,1998,1,11,8,1
201401SX20873,1,9,0,3,0,0,0,0,0,0,2,1,6,2,27,6,1399,1,8,6,1
201401SX20873,2,9,0,18,0,0,0,0,0,0,1,1,6,3,-1,-1,998,1,6,-1,-1
201401SX20874,1,9,0,9,0,8,0,0,0,0,3,2,6,1,47,8,-1,-1,-1,7,1
201401SX20874,2,2,0,13,0,8,0,0,0,0,4,1,6,1,50,8,125,1,-1,5,1
201401SX20875,1,2,0,18,0,2,0,0,0,0,3,1,6,1,45,7,49,1,-1,-1,1
201401SX20876,1,9,0,18,0,2,0,0,0,0,1,1,6,1,85,11,2494,1,11,7,1
201401SX20878,1,9,0,18,0,8,0,10,7,10,4,1,6,2,67,10,1124,1,9,9,1
201401SX20878,2,9,0,18,0,8,0,10,7,10,1,1,6,2,46,8,2987,2,7,9,1
201401SX20879,1,3,0,13,0,0,0,0,0,0,4,1,1,1,28,6,124,1,2,2,1
201401SX20879,2,9,0,12,0,0,0,0,0,0,3,1,2,1,20,4,1560,2,-1,2,1
201401SX20880,1,3,0,18,0,1,0,0,0,0,1,1,6,1,33,6,124,1,7,-1,1
201401SX20880,2,19,0,18,0,1,0,0,0,0,2,1,6,1,-1,-1,-1,-1,-1,-1,-1
201401SX20883,1,9,0,12,0,0,0,0,4,6,4,1,6,1,33,6,-1,-1,-1,6,1
201401SX20883,2,19,0,18,0,0,0,0,0,0,3,2,1,1,22,5,-1,-1,-1,-1,-1
201401SX20884,1,20,0,9,0,8,0,0,0,0,3,2,1,1,35,6,-1,-1,-1,-1,-1
201401SX20884,2,9,0,18,0,8,0,0,0,0,4,1,6,2,46,8,1998,1,12,9,1
201401SX20885,1,9,0,11,0,0,0,0,0,0,2,2,6,1,53,8,-1,-1,-1,-1,-1
201401SX20885,2,21,0,18,0,0,0,0,0,0,1,1,1,1,61,9,12740,2,2,4,1
201401SX20885,3,21,0,18,0,0,0,0,0,0,1,1,1,1,54,8,11705,2,10,3,1
201401SX20885,4,9,0,18,0,0,0,0,0,0,1,1,6,1,40,7,-1,-1,-1,4,1
201401SX20886,1,8,0,3,0,2,0,0,0,0,2,1,1,1,53,8,1968,2,5,1,1
201401SX20886,2,9,0,18,0,2,0,0,0,0,1,1,6,1,-1,-1,2148,2,5,-1,-1
201401SX20887,1,9,0,9,0,8,0,10,6,2,1,1,6,1,89,11,1590,1,15,-1,-1
201401SX20888,1,9,0,14,0,8,0,0,0,0,1,1,6,1,21,5,1400,1,7,3,1
201401SX20888,2,9,0,18,0,8,0,0,0,0,4,1,6,2,34,6,1390,1,10,3,1
201401SX20889,1,9,0,4,0,2,0,0,0,0,2,1,6,2,29,6,1587,1,11,1,1
201401SX20889,2,9,0,18,0,2,0,0,0,0,1,1,6,1,-1,-1,-1,-1,-1,-1,-1
201401SX20890,1,9,0,18,0,1,0,0,0,0,1,1,6,2,33,6,1598,1,10,6,1
201401SX20891,1,9,0,5,0,1,0,0,0,0,1,1,6,1,48,8,2143,2,1,10,2
201401SX20892,1,5,0,13,0,8,0,0,0,0,4,1,6,1,28,6,929,1,13,8,1
201401SX20892,2,8,0,9,0,8,0,0,0,0,3,1,1,1,42,7,1686,2,1,2,1
201401SX20892,3,9,0,3,0,8,0,0,0,0,3,1,6,1,64,9,1797,8,4,7,1
201401SX20893,1,11,0,18,0,1,0,0,0,0,1,1,1,1,60,9,9360,2,2,1,1
201401SX20894,1,9,0,18,0,0,0,0,0,0,4,1,6,1,33,6,2099,1,11,6,1
201401SX20894,2,9,0,18,0,0,0,0,0,0,1,1,6,1,68,10,1398,1,3,7,1
201401SX20895,1,2,0,4,0,1,0,0,0,0,4,1,6,1,20,4,124,1,5,4,1
201401SX20897,1,11,0,18,0,8,0,0,0,0,3,1,1,1,26,6,7300,2,9,-1,-1
201401SX20897,2,9,0,9,0,8,0,0,0,0,1,1,6,1,-1,-1,-1,-1,-1,-1,-1
201401SX20898,1,9,0,7,0,8,0,0,0,0,4,1,6,3,-1,-1,1794,1,9,-1,-1
201401SX20899,1,9,0,18,0,1,0,0,0,0,3,1,6,3,-1,-1,-1,-1,-1,-1,-1
201401SX20900,1,3,0,18,0,8,0,0,0,0,3,1,6,1,26,6,125,1,5,2,1
201401SX20900,2,9,0,7,0,8,0,0,0,0,0,1,6,1,22,5,1598,1,9,6,1
201401SX20902,1,9,0,18,0,1,0,4,0,0,4,1,6,1,89,11,2982,2,1,8,1
201401SX20902,2,9,0,2,0,1,0,0,0,0,3,1,6,2,60,9,998,1,1,7,1
201401SX20902,3,9,0,2,0,1,0,0,0,0,2,1,6,3,-1,-1,-1,-1,-1,-1,-1
201401SX20903,1,9,0,6,0,0,0,0,0,0,4,1,6,1,50,8,1995,1,14,3,1
201401SX20903,2,2,0,18,0,0,0,0,0,0,1,1,6,2,43,7,125,1,-1,2,1
201401SX20904,1,9,0,18,0,0,0,0,0,0,2,1,6,1,37,7,2401,2,9,1,1
201401SX20904,2,9,0,18,0,0,0,0,0,0,1,1,6,2,53,8,-1,-1,-1,8,1
201401SX20905,1,3,0,11,0,1,0,0,0,0,2,1,6,1,23,5,124,1,4,-1,1
201401SX20905,2,9,0,18,0,1,0,0,0,0,1,1,6,2,31,6,1998,1,10,5,1
201401SX20905,3,9,0,3,0,1,0,0,0,0,2,1,6,1,44,7,-1,-1,-1,8,1
201401SX20906,1,9,0,7,0,8,0,0,0,0,1,1,6,1,56,9,-1,-1,-1,7,1
201401SX20907,1,9,0,4,0,1,0,0,0,0,4,1,6,2,76,11,1299,1,11,4,1
201401SX20908,1,9,0,9,0,8,0,0,0,0,1,1,6,2,82,11,1339,1,8,8,1
201401SX20909,1,2,0,18,0,1,0,0,0,0,4,1,1,1,18,4,-1,-1,-1,8,1
201401SX20909,2,9,0,5,0,1,0,0,0,0,3,1,6,3,-1,-1,-1,-1,-1,-1,-1
201401SX20910,1,9,0,18,0,8,0,0,0,0,4,1,6,1,-1,-1,-1,-1,-1,-1,-1
201401SX20911,1,1,0,18,0,8,0,0,0,0,3,1,6,1,52,8,-1,-1,-1,-1,1
201401SX20911,2,19,0,7,0,8,0,0,0,0,4,1,6,3,-1,-1,-1,-1,-1,-1,-1
201401SX20912,1,5,0,16,0,2,0,4,0,0,1,1,6,1,34,6,696,1,5,8,1
201401SX20912,2,9,0,17,0,1,0,0,0,0,1,1,6,2,32,6,1796,1,7,8,1
201401SX20913,1,9,0,18,0,1,0,0,0,0,3,1,6,3,-1,-1,-1,-1,-1,-1,-1
201401SX20914,1,1,0,18,0,2,0,0,0,0,2,1,6,1,18,4,-1,-1,-1,3,1
201401SX20914,2,9,0,18,0,2,0,0,0,0,1,1,6,3,-1,-1,-1,-1,-1,-1,-1
201401SX20915,1,9,0,18,0,8,0,0,0,0,3,1,6,2,50,8,1796,1,10,9,1
201401SX20915,2,20,0,18,0,8,0,0,0,0,1,1,1,1,-1,-1,-1,-1,-1,-1,-1
201401SX20916,1,11,0,5,0,0,0,0,0,0,0,1,1,1,50,8,6700,2,7,5,1
201401SX20919,1,10,0,18,0,1,0,0,0,0,1,1,6,3,-1,-1,-1,-1,-1,-1,-1
201401SX20920,1,9,0,18,0,1,0,0,0,0,4,1,6,2,49,8,-1,-1,-1,-1,1
201401SX20921,1,9,0,9,0,8,0,0,0,0,2,1,6,1,22,5,1968,1,7,6,1
201401SX20921,2,90,0,11,0,8,0,0,0,0,1,1,1,1,50,8,12740,2,-1,-1,1
201401SX20922,1,9,0,12,0,0,0,0,0,0,3,1,6,1,52,8,1797,8,3,2,1
201401SX20922,2,9,0,18,0,0,0,0,0,0,4,1,6,1,32,6,1995,2,6,3,1
201401SX20922,3,19,0,18,0,0,0,0,0,0,2,1,6,1,25,5,-1,-1,-1,7,1
201401SX20924,1,9,0,18,0,0,0,0,0,0,1,1,6,1,25,5,-1,-1,-1,-1,-1
201401SX20925,1,9,0,18,0,8,0,0,0,0,1,1,6,1,24,5,1596,1,11,8,1
201401SX20925,2,9,0,18,0,8,0,0,0,0,3,1,6,2,51,8,1998,1,8,8,1
201401SX20926,1,1,0,18,0,8,0,0,0,0,4,1,6,1,40,7,-1,-1,-1,4,1
201401SX20926,2,9,0,5,0,8,0,0,0,0,1,1,6,2,68,10,1498,1,7,5,1
201401SX20927,1,9,0,18,0,0,0,0,1,10,1,1,6,2,93,11,1240,1,9,5,1
201401SX20928,1,9,0,3,0,1,0,0,0,0,2,1,6,1,51,8,1398,1,-1,-1,1
201401SX20928,2,9,0,18,0,1,0,0,0,0,1,1,6,2,45,7,1870,2,9,2,1
201401SX20929,1,9,0,18,0,0,0,0,5,6,3,1,6,2,28,6,1149,1,3,4,1
201401SX20930,1,9,0,18,0,0,0,0,4,6,1,1,6,1,26,6,1598,1,10,5,1
201401SX20930,2,9,0,18,0,0,0,0,0,0,2,1,2,1,45,7,1799,1,7,8,1
201401SX20930,3,11,0,18,0,0,0,0,0,0,1,1,1,1,36,7,-1,-1,-1,3,1
201401SX20931,1,9,0,2,0,1,0,0,0,0,1,1,6,1,29,6,1242,1,13,-1,-1
201401SX20931,2,9,0,1,0,1,0,4,0,0,2,1,6,1,-1,-1,2198,1,8,-1,-1
201401SX20932,1,9,0,9,0,8,0,0,0,0,1,1,6,2,21,5,1229,1,6,6,1
201401SX20933,1,9,0,7,0,1,0,0,0,0,4,1,6,1,38,7,1998,1,7,8,1
201401SX20933,2,9,0,17,0,1,0,0,0,0,3,1,6,1,87,11,1598,1,6,7,1
201401SX20934,1,9,0,10,0,8,0,0,0,0,2,1,6,2,41,7,1900,2,8,-1,-1
201401SX20934,2,9,0,18,0,8,0,0,0,0,1,1,6,2,-1,-1,-1,-1,-1,-1,-1
201401SX20936,1,9,0,18,0,6,0,0,0,0,1,1,6,2,64,9,3199,1,10,4,1