Accident_Index,Vehicle_Reference,Vehicle_Type,Towing_and_Articulation,Vehicle_Manoeuvre,Vehicle_Location-Restricted_Lane,Junction_Location,Skidding_and_Overturning,Hit_Object_in_Carriageway,Vehicle_Leaving_Carriageway,Hit_Object_off_Carriageway,1st_Point_of_Impact,Was_Vehicle_Left_Hand_Drive?,Journey_Purpose_of_Driver,Sex_of_Driver,Age_of_Driver,Age_Band_of_Driver,Engine_Capacity_(CC),Propulsion_Code,Age_of_Vehicle,Driver_IMD_Decile,Driver_Home_Area_Type
201401SX20937,1,9,0,5,0,8,0,0,0,0,3,1,6,1,33,6,-1,-1,-1,2,1
201401SX20937,2,9,0,18,0,8,0,0,0,0,1,1,6,1,-1,-1,1248,1,2,7,1
201401SX20940,1,1,0,18,0,0,0,0,0,0,2,1,6,1,41,7,-1,-1,-1,-1,-1
201401SX20940,2,9,0,18,0,0,0,0,0,0,1,1,6,1,-1,-1,1997,1,13,6,1
201401SX20942,1,9,0,9,0,8,0,0,0,0,4,1,6,1,52,8,1998,1,13,6,1
201401SX20942,2,3,0,18,0,8,0,0,0,0,1,1,6,1,47,8,-1,-1,-1,-1,-1
201401SX20943,1,1,0,18,0,8,0,0,0,0,4,1,6,1,28,6,-1,-1,-1,5,1
201401SX20943,2,9,0,7,0,8,0,0,0,0,1,1,6,1,-1,-1,1390,1,11,-1,-1
201401SX20944,1,19,0,4,0,1,0,0,0,0,2,1,1,1,41,7,-1,-1,-1,1,1
201401SX20944,2,3,0,4,0,1,0,0,0,0,1,1,2,1,35,6,244,1,7,5,1
201401SX20946,1,9,0,9,0,8,0,0,0,0,1,1,6,1,28,6,1995,2,8,4,1
201401SX20946,2,9,0,18,0,8,0,0,0,0,4,1,1,1,-1,-1,-1,-1,-1,-1,-1
201401SX20947,1,9,0,1,0,2,0,0,0,0,3,1,6,2,-1,-1,-1,-1,-1,-1,-1
201401SX20947,2,8,0,17,0,2,0,0,0,0,4,1,1,1,39,7,-1,-1,-1,3,1
201401SX20948,1,3,0,7,0,8,0,10,0,0,1,1,6,1,30,6,49,1,6,7,1
201401SX20950,1,9,0,18,0,1,0,0,0,0,1,1,6,1,74,10,-1,-1,-1,7,1
201401SX20950,2,9,0,18,0,1,0,0,0,0,1,1,6,1,23,5,1598,1,7,3,1
201401SX20951,1,9,0,5,0,8,0,0,0,0,3,1,6,1,-1,-1,2143,2,1,7,3
201401SX20951,2,9,0,18,0,8,0,0,0,0,1,1,6,2,-1,-1,1991,2,3,3,1
201401SX20952,1,3,0,5,0,2,0,0,0,0,4,1,6,1,21,5,124,1,2,2,1
201401SX20952,2,8,0,12,0,2,0,0,0,0,3,1,1,1,47,8,1910,2,6,7,1
201401SX20953,1,9,0,18,0,0,0,0,0,0,1,1,6,1,39,7,4367,2,1,8,1
201401SX20953,2,9,0,4,0,0,0,0,0,0,2,1,6,2,48,8,1197,1,1,9,1
201401SX20954,1,9,0,14,0,0,0,0,0,0,4,1,6,1,37,7,2494,1,21,6,1
201401SX20955,1,19,0,18,0,0,0,0,4,6,2,1,1,1,27,6,1995,2,1,7,1
201401SX20955,2,9,0,18,0,0,0,0,0,0,1,1,1,1,44,7,-1,-1,-1,7,1
201401SX20956,1,9,0,18,0,1,0,0,0,0,1,1,6,3,-1,-1,-1,-1,-1,-1,-1
201401SX20957,1,9,0,18,0,0,0,0,0,0,1,1,6,2,29,6,1596,1,7,5,1
201401SX20957,2,9,0,18,0,0,0,0,0,0,2,1,6,1,48,8,1390,1,13,2,1
201401SX20957,3,9,0,18,0,0,0,0,0,0,2,1,6,1,55,8,1781,1,10,5,1
201401SX20958,1,9,0,9,0,6,0,0,0,0,1,1,6,2,63,9,1598,1,12,6,1
201401SX20958,2,5,0,14,0,8,0,0,0,0,1,1,6,1,24,5,645,1,15,9,1
201401SX20960,1,9,0,3,0,1,0,0,0,0,2,1,6,1,31,6,1000,1,1,2,1
201401SX20960,2,9,0,4,0,1,0,0,0,0,1,1,6,1,68,10,3222,2,12,3,1
201401SX20962,1,3,0,13,0,2,0,0,0,0,1,1,2,1,28,6,125,1,12,1,1
201401SX20962,2,9,0,5,0,2,0,0,0,0,3,1,6,1,65,9,2997,1,16,3,1
201401SX20963,1,9,0,18,0,0,0,0,0,0,2,1,6,1,52,8,1895,1,16,1,1
201401SX20963,2,9,0,18,0,0,0,0,0,0,1,1,6,2,25,5,1390,1,13,1,1
201401SX20964,1,9,0,9,0,8,0,0,0,0,3,1,6,1,51,8,1560,2,9,1,1
201401SX20964,2,5,0,14,0,8,0,0,0,0,1,1,6,1,27,6,670,1,1,-1,-1
201401SX20965,1,9,0,9,0,5,0,0,0,0,2,1,6,1,33,6,1984,1,7,4,1
201401SX20965,2,3,0,18,0,8,0,0,0,0,1,1,6,1,17,4,124,1,11,2,1
201401SX20966,1,3,0,18,0,1,0,0,0,0,1,1,6,1,18,4,124,1,3,7,1
201401SX20966,2,9,0,18,0,1,0,0,0,0,2,1,6,1,-1,-1,1968,2,4,-1,-1
201401SX20969,1,9,0,1,0,0,0,0,0,0,2,1,6,2,59,9,-1,-1,-1,-1,1
201401SX20970,1,4,0,18,0,8,0,0,0,0,4,1,6,1,43,7,883,1,11,4,1
201401SX20971,1,8,0,6,0,0,0,0,0,0,3,1,1,1,60,9,1797,8,4,2,1
201401SX20971,2,1,0,13,0,0,0,0,0,0,1,1,6,1,73,10,-1,-1,-1,6,1
201401SX20972,1,9,0,9,0,8,0,0,0,0,3,1,1,1,60,9,1769,1,14,6,1
201401SX20972,2,1,0,9,0,8,0,0,0,0,1,1,1,1,49,8,-1,-1,-1,2,1
201401SX20973,1,11,0,7,0,8,0,0,0,0,0,1,1,1,46,8,-1,-1,-1,3,1
201401SX20974,1,9,0,7,0,8,0,0,0,0,3,1,6,2,49,8,1061,1,11,3,1
201401SX20974,2,1,0,18,0,8,0,0,0,0,1,1,6,2,41,7,-1,-1,-1,4,1
201401SX20975,1,90,0,18,9,8,0,0,0,0,3,1,6,1,75,10,-1,-1,-1,-1,1
201401SX20975,2,9,0,9,9,8,0,0,0,0,1,1,6,1,56,9,1598,1,9,6,1
201401SX20976,1,1,0,18,0,8,0,0,0,0,1,1,6,2,22,5,-1,-1,-1,-1,1
201401SX20976,2,9,0,9,0,8,0,0,0,0,4,1,6,2,-1,-1,1797,8,4,-1,-1
201401SX20977,1,9,0,7,0,5,0,0,0,0,4,1,6,1,46,8,1968,2,8,3,1
201401SX20977,2,5,0,18,2,8,0,0,0,0,3,1,6,1,53,8,599,1,11,8,1
201401SX20978,1,9,0,4,0,1,0,0,0,0,2,1,6,1,19,4,1229,1,10,5,1
201401SX20978,2,19,0,17,0,1,1,0,0,0,1,1,6,1,23,5,1686,2,9,6,1
201401SX20979,1,9,0,1,0,0,0,0,0,0,2,1,6,1,41,7,1968,2,1,2,1
201401SX20980,1,3,0,8,0,1,0,0,0,0,2,1,2,1,23,5,124,1,1,4,1
201401SX20980,2,9,0,5,0,1,0,0,0,0,1,1,2,1,-1,-1,1400,1,14,5,1
201401SX20981,1,9,0,18,0,6,0,0,0,0,3,1,6,1,52,8,1596,1,12,5,3
201401SX20981,2,1,0,18,0,6,0,0,0,0,1,1,6,1,-1,-1,-1,-1,-1,9,1
201401SX20983,1,3,0,4,0,1,0,0,0,0,1,1,1,2,22,5,125,1,-1,4,1
201401SX20983,2,9,0,4,0,1,0,0,0,0,2,1,6,1,-1,-1,-1,-1,-1,-1,-1
201401SX20985,1,9,0,9,0,5,0,0,0,0,3,1,6,1,18,4,1229,1,1,6,1
201401SX20985,2,3,0,13,0,8,0,0,0,0,4,1,6,1,35,6,124,1,2,5,1
201401SX20986,1,9,0,4,0,2,0,0,0,0,2,1,1,1,21,5,1389,1,12,7,1
201401SX20986,2,19,0,18,0,2,0,0,0,0,1,1,1,1,45,7,1753,2,7,7,1
201401SX20987,1,9,0,3,0,1,0,0,0,0,2,1,6,1,20,4,1596,1,6,2,1
201401SX20987,2,9,0,18,0,1,0,0,0,0,1,1,6,1,-1,-1,-1,-1,-1,-1,-1
201401SX20988,1,9,0,11,0,8,0,0,0,0,1,1,6,2,-1,-1,-1,-1,-1,-1,-1
201401SX20988,2,9,0,18,0,8,0,0,0,0,3,1,6,2,20,4,1229,1,6,4,1
201401SX20989,1,9,0,18,0,8,0,0,0,0,1,1,6,2,55,8,1590,1,12,6,1
201401SX20989,2,9,0,18,0,8,0,0,0,0,4,1,6,1,24,5,1998,1,11,4,1
201401SX20990,1,9,0,4,0,2,0,0,0,0,2,1,6,1,65,9,2996,1,8,8,1
201401SX20990,2,9,0,18,0,2,0,0,0,0,1,1,6,3,-1,-1,1400,1,8,-1,-1
201401SX20991,1,1,0,5,0,8,0,0,0,0,3,1,6,2,23,5,-1,-1,-1,5,1
201401SX20991,2,9,0,13,0,8,0,0,0,0,4,1,6,1,-1,-1,-1,-1,-1,-1,-1
201401SX20992,1,9,0,18,0,2,0,0,0,0,2,1,6,1,39,7,2268,2,1,2,1
201401SX20992,2,8,0,18,0,2,0,0,0,0,1,1,6,1,48,8,1896,2,9,1,1
201401SX20992,3,9,0,18,0,2,0,0,0,0,1,1,6,2,33,6,1598,1,7,5,1
201401SX20993,1,9,0,3,0,2,0,0,0,0,2,1,3,1,17,4,1995,2,-1,7,1
201401SX20993,2,19,0,18,0,2,0,0,0,0,1,1,2,1,-1,-1,1896,2,6,9,1
201401SX20994,1,9,0,18,0,0,0,4,0,0,1,1,2,2,24,5,1198,1,2,3,1
201401SX20994,2,19,0,2,0,0,0,0,1,0,2,1,6,3,-1,-1,1296,1,11,-1,-1
201401SX20995,1,9,0,4,0,8,0,0,0,0,2,1,6,2,87,11,1332,1,15,8,1
201401SX20995,2,11,0,18,0,8,0,0,0,0,1,1,1,1,40,7,4500,2,6,3,1
201401SX20996,1,9,0,4,0,1,0,0,0,0,3,1,1,1,31,6,1388,1,3,6,1
201401SX20997,1,3,0,14,0,1,0,0,0,0,1,1,6,1,25,5,125,1,-1,5,1
201401SX20997,2,9,0,9,0,2,0,0,0,0,3,1,6,1,-1,-1,1995,2,6,2,1
201401SX20998,1,9,0,4,0,1,0,0,0,0,2,1,6,1,72,10,-1,-1,-1,8,1
201401SX20998,2,9,0,4,0,1,0,0,0,0,1,1,6,2,53,8,1995,2,5,7,1
201401SX20999,1,5,0,18,0,8,1,0,0,0,3,1,6,1,30,6,124,1,5,10,1
201401SX20999,2,9,0,9,0,8,0,0,0,0,3,1,3,2,36,7,1796,7,11,5,1
201401SX21000,1,9,0,3,0,2,0,0,0,0,3,1,6,1,42,7,1968,2,5,5,1
201401SX21001,1,3,0,18,0,1,0,0,0,0,4,1,6,1,30,6,125,1,5,5,1
201401SX21003,1,9,0,17,0,8,0,0,0,0,4,1,6,1,63,9,1896,2,13,5,1
201401SX21004,1,9,0,9,0,8,0,0,0,0,3,1,6,1,24,5,1596,1,9,6,1
201401SX21004,2,1,0,17,0,8,0,0,0,0,1,1,6,1,33,6,-1,-1,-1,3,1
201401SX21005,1,11,0,4,0,1,0,0,0,0,0,1,1,1,43,7,3900,2,12,3,1
201401SX21006,1,11,0,4,0,0,0,0,0,0,0,1,1,1,41,7,8268,2,9,3,1
201401SX21007,1,9,0,3,0,1,0,0,0,0,2,1,1,1,25,5,-1,-1,-1,-1,-1
201401SX21007,2,9,0,18,0,1,0,0,0,0,1,1,6,3,-1,-1,-1,-1,-1,-1,-1
201401SX21009,1,9,0,16,0,8,0,0,0,0,4,1,6,1,37,7,1997,2,-1,3,1
201401SX21009,2,9,0,16,0,8,0,0,0,0,3,1,6,1,39,7,1598,2,-1,2,1
201401SX21010,1,9,0,18,0,0,0,0,0,0,4,1,6,3,-1,-1,-1,-1,-1,-1,-1
201401SX21011,1,19,0,4,0,0,1,0,0,0,1,1,1,1,31,6,2198,2,1,-1,-1
201401SX21011,2,9,0,3,0,0,0,0,0,0,2,1,2,1,52,8,1390,1,1,8,1
201401SX21011,3,21,0,4,0,0,0,0,0,0,2,1,1,1,39,7,12777,2,7,5,1
201401SX21012,1,1,0,4,0,8,1,0,0,0,4,1,2,1,30,6,-1,-1,-1,8,1
201401SX21012,2,9,0,9,0,8,0,0,0,0,1,1,6,2,-1,-1,-1,-1,-1,-1,-1
201401SX21013,1,10,0,18,0,8,0,0,0,0,2,1,6,1,28,6,-1,-1,-1,3,1
201401SX21013,2,9,0,18,0,8,0,0,0,0,1,1,6,2,31,6,2171,1,11,5,1
201401SX21014,1,9,0,18,0,0,0,0,0,0,2,1,6,2,18,4,1598,2,-1,2,1
201401SX21014,2,9,0,18,0,0,0,0,0,0,1,1,1,1,-1,-1,-1,-1,-1,-1,-1
201401SX21016,1,5,0,18,0,0,0,0,0,0,1,1,6,1,24,5,600,1,2,5,1
201401SX21017,1,5,0,18,0,8,0,0,0,0,3,1,6,2,55,8,782,1,7,7,1
201401SX21017,2,19,0,11,0,8,0,0,0,0,4,1,6,1,-1,-1,1995,2,2,-1,-1
201401SX21018,1,21,0,3,0,0,0,0,0,0,2,1,1,1,27,6,10837,2,-1,5,1
201401SX21018,2,19,0,4,0,0,0,0,0,0,1,1,1,1,35,6,1968,2,1,5,1
201401SX21019,1,9,0,4,0,0,0,0,0,0,1,1,6,2,63,9,1686,2,4,4,2
201401SX21020,1,9,0,18,0,0,0,0,0,0,4,1,6,1,37,7,1984,1,11,4,1
201401SX21021,1,9,0,5,0,8,0,0,0,0,3,1,6,2,34,6,1997,1,5,4,1
201401SX21021,2,9,0,18,0,8,0,0,0,0,1,1,6,3,-1,-1,-1,-1,-1,-1,-1
201401SX21022,1,11,0,18,0,2,0,0,0,0,0,1,1,1,-1,-1,7300,2,12,2,1
201401SX21023,1,9,0,18,0,1,5,7,3,2,1,1,6,2,21,5,1598,1,7,1,1
201401SX21025,1,9,0,9,0,8,0,0,0,0,3,1,6,1,68,10,-1,-1,-1,4,1
201401SX21025,2,9,0,13,0,8,0,0,0,0,4,1,6,1,37,7,-1,-1,-1,8,1
201401SX21027,1,9,0,18,0,0,0,0,0,0,2,1,6,1,28,6,1968,2,4,2,1
201401SX21027,2,19,0,18,0,0,0,0,0,0,1,1,6,1,34,6,2402,2,3,3,1
201401SX21029,1,9,0,3,0,1,0,0,0,0,1,1,6,2,64,9,1248,1,3,9,1
201401SX21029,2,19,0,1,0,1,0,0,0,0,2,1,1,1,-1,-1,2287,2,4,-1,-1
201401SX21030,1,9,0,4,0,0,0,0,0,0,1,1,6,2,33,6,1587,1,8,4,1
201401SX21030,2,9,0,4,0,0,0,0,0,0,2,1,6,1,52,8,1299,1,11,2,1
201401SX21031,1,9,0,18,0,0,0,0,0,0,1,1,6,1,83,11,1596,1,8,10,1
201401SX21032,1,9,0,18,2,0,0,0,0,0,1,1,6,1,44,7,1968,2,8,5,1
201401SX21033,1,9,0,3,0,1,0,0,0,0,2,1,6,1,24,5,1968,2,5,8,1
201401SX21033,2,3,0,18,0,1,0,0,0,0,1,1,6,1,28,6,125,1,3,4,1
201401SX21034,1,9,0,4,0,0,0,0,0,0,2,1,6,1,41,7,1299,1,12,2,1
201401SX21034,2,9,0,18,0,0,0,0,0,0,1,1,6,1,-1,-1,1229,1,10,9,1
201401SX21035,1,9,0,3,0,0,0,0,0,0,2,1,6,2,21,5,1242,1,-1,2,1
201401SX21035,2,9,0,4,0,0,1,0,0,0,1,1,6,2,66,10,-1,-1,-1,5,1
201401SX21036,1,9,0,18,0,2,0,0,0,0,4,1,6,3,-1,-1,1395,1,1,-1,-1
201401SX21037,1,9,0,18,0,1,0,10,1,4,4,1,6,2,48,8,1796,1,2,8,1
201401SX21037,2,9,0,9,0,2,0,0,0,0,0,1,6,1,35,6,1242,1,1,4,1
201401SX21038,1,9,0,18,0,8,0,0,0,0,3,1,6,2,22,5,1229,1,5,7,1
201401SX21038,2,9,0,18,0,8,0,0,0,0,1,1,6,2,32,6,1781,1,14,7,1
201401SX21039,1,9,0,18,0,8,0,0,0,0,1,1,6,3,-1,-1,-1,-1,-1,-1,-1
201401SX21039,2,9,0,8,0,8,0,0,0,0,2,1,6,2,-1,-1,1995,2,10,-1,-1
201401SX21039,3,9,0,3,0,8,0,0,0,0,4,1,6,2,26,6,1242,1,4,10,1
201401SX21040,1,9,0,2,0,1,0,0,0,0,2,1,6,3,-1,-1,2926,2,12,-1,-1
201401SX21040,2,9,0,18,0,1,2,4,0,0,1,1,6,1,27,6,1398,1,-1,6,1
201401SX21041,1,9,0,18,0,1,0,0,0,0,3,1,6,1,49,8,-1,-1,-1,-1,-1
201401SX21041,2,90,0,11,0,1,0,0,0,0,4,1,6,1,24,5,-1,-1,-1,8,3
201401SX21042,1,3,0,18,0,8,0,0,0,0,3,1,6,1,32,6,124,1,2,7,1
201401SX21042,2,9,0,9,0,8,0,0,0,0,0,1,6,3,-1,-1,5462,1,6,-1,-1
201401SX21044,1,9,0,3,0,1,0,0,0,0,2,1,6,1,24,5,1596,1,9,10,1
201401SX21044,2,9,0,18,0,1,0,0,0,0,1,1,6,3,-1,-1,-1,-1,-1,-1,-1
201401SX21045,1,9,0,18,0,1,1,0,0,0,2,1,6,1,56,9,1753,2,14,6,1
201401SX21045,2,9,0,13,0,1,1,0,0,0,1,1,6,3,-1,-1,1498,1,4,-1,-1
201401SX21048,1,5,0,18,0,1,0,0,1,0,3,1,6,1,33,6,600,1,8,5,1
201401SX21048,2,9,0,11,0,1,0,0,0,0,4,1,2,1,-1,-1,1997,2,11,6,1
201401SX21049,1,9,0,4,0,1,1,0,0,0,2,1,6,1,34,6,2993,2,9,5,1
201401SX21049,2,9,0,4,0,1,1,0,0,0,1,1,6,1,45,7,2179,2,-1,9,1
201401SX21049,3,9,0,4,0,1,1,0,0,0,1,1,6,1,37,7,1396,1,14,4,1
201401SX21049,4,9,0,4,0,1,1,0,0,0,1,1,6,2,39,7,1598,1,10,-1,-1
201401SX21051,1,9,0,12,0,0,0,0,0,0,1,1,6,1,30,6,1995,2,-1,2,1
201401SX21051,2,9,0,3,0,0,0,0,0,0,2,1,2,1,50,8,2993,2,1,10,1
201401SX21051,3,9,0,3,0,0,0,0,0,0,2,1,2,1,45,7,1248,1,-1,10,1
201401SX21052,1,9,0,18,0,0,0,10,7,10,3,1,6,2,68,10,1598,1,6,8,1
201401SX21052,2,9,0,18,0,0,0,0,0,0,3,1,6,1,27,6,1781,1,13,-1,-1
201401SX21052,3,9,0,18,0,0,0,0,0,0,1,1,6,1,40,7,1399,1,5,5,1
201401SX21053,1,9,0,18,0,1,0,0,0,0,1,1,6,2,33,6,1968,2,5,2,1
201401SX21053,2,9,0,3,0,1,0,0,0,0,2,1,6,1,43,7,1781,1,12,5,1
201401SX21053,3,9,0,3,0,1,0,0,0,0,2,1,6,1,31,6,1364,1,5,3,1
201401SX21054,1,9,0,3,0,0,0,0,0,0,2,1,6,2,21,5,1598,1,3,-1,-1
201401SX21054,2,9,0,18,0,0,0,0,0,0,1,1,6,2,-1,-1,1560,2,5,-1,-1
201401SX21055,1,9,0,18,0,2,0,0,0,0,2,1,6,2,29,6,-1,-1,-1,5,1
201401SX21055,2,9,0,11,0,2,0,0,0,0,1,1,6,3,-1,-1,1900,2,16,-1,-1
201401SX21056,1,9,0,4,0,0,0,0,0,0,2,1,6,1,38,7,-1,-1,-1,2,1
201401SX21056,2,4,0,18,0,0,0,0,0,0,1,1,6,1,47,8,125,1,7,3,1
201401SX21057,1,9,0,17,0,1,0,0,0,0,1,1,6,1,37,7,1461,2,8,4,1
201401SX21058,1,9,0,18,0,0,0,4,8,10,3,1,6,1,21,5,1995,1,12,3,1
201401SX21058,2,9,0,13,0,0,0,0,0,0,4,1,6,3,-1,-1,-1,-1,-1,-1,-1
201401SX21059,1,9,0,18,0,8,0,0,0,0,3,1,6,2,45,7,1390,1,13,-1,-1
201401SX21059,2,8,0,18,0,8,0,0,0,0,1,1,6,1,42,7,1997,2,5,7,1
201401SX21060,1,9,0,1,0,8,0,0,0,0,2,1,3,1,42,7,1497,8,6,3,1
201401SX21061,1,11,0,18,0,1,0,0,0,0,0,1,1,1,61,9,4500,2,6,4,1
201401SX21062,1,9,0,18,0,8,0,0,0,0,1,1,6,1,25,5,1590,1,10,4,1
201401SX21062,2,9,0,18,0,8,0,0,0,0,4,1,6,1,38,7,1997,2,2,8,1
201401SX21063,1,9,0,9,0,5,0,0,0,0,1,1,6,2,77,11,1997,1,11,9,1
201401SX21064,1,9,0,9,0,2,0,0,0,0,3,1,6,3,-1,-1,1595,1,8,-1,-1
201401SX21065,1,9,0,9,0,8,0,0,0,0,1,1,6,1,25,5,-1,-1,-1,5,1
201401SX21065,2,9,0,18,0,8,0,0,0,0,4,1,6,1,49,8,1995,2,9,1,1
201401SX21066,1,9,0,18,0,0,0,0,0,0,3,1,1,1,27,6,2000,2,9,3,1
201401SX21066,2,9,0,18,0,0,0,4,0,0,3,1,6,1,30,6,1124,1,9,4,1
201401SX21066,3,9,0,2,0,0,0,0,0,0,4,1,6,1,35,6,1560,2,2,-1,-1
201401SX21068,1,9,0,9,0,8,0,0,0,0,3,1,6,1,62,9,1248,2,6,5,1
201401SX21068,2,3,0,13,0,8,0,0,0,0,4,1,6,1,21,5,125,1,3,5,1
201401SX21069,1,9,0,9,0,8,0,0,0,0,1,1,6,1,73,10,998,1,3,10,1
201401SX21069,2,9,0,18,0,8,0,0,0,0,3,1,6,1,48,8,1248,2,1,5,1
201401SX21071,1,9,0,5,0,8,0,0,0,0,3,1,1,2,36,7,2179,2,3,8,1
201401SX21071,2,9,0,9,0,8,0,0,0,0,1,1,2,1,29,6,1461,2,1,1,1
201401SX21072,1,9,0,17,0,2,0,4,1,10,1,1,6,1,-1,-1,1998,1,8,-1,-1
201401SX21073,1,3,0,9,0,8,0,0,0,0,4,1,6,1,59,9,330,1,1,9,1
201401SX21073,2,9,0,15,0,8,0,0,0,0,1,1,6,3,-1,-1,-1,-1,-1,-1,-1
201401SX21074,1,9,0,18,0,0,0,4,0,0,1,1,6,1,67,10,1400,1,10,4,1
201401SX21075,1,9,0,17,0,0,0,4,0,0,4,1,6,1,36,7,-1,-1,-1,7,1
201401SX21076,1,9,0,5,0,2,0,0,0,0,2,1,6,1,27,6,1896,2,10,3,1
201401SX21076,2,5,0,14,0,2,0,0,0,0,1,1,6,1,34,6,649,1,5,4,1
201401SX21077,1,9,0,18,0,0,0,0,0,0,1,1,6,1,50,8,1798,1,5,7,1
201401SX21078,1,11,0,5,0,0,0,0,0,0,0,1,1,1,49,8,6696,2,1,3,1
201401SX21079,1,9,0,7,0,8,0,0,0,0,2,1,6,1,36,7,1800,1,15,3,1
201401SX21079,2,3,0,7,0,8,0,0,0,0,1,1,6,1,38,7,125,1,2,2,1
201401SX21082,1,9,0,1,0,2,0,0,0,0,2,1,6,1,-1,-1,1968,2,5,-1,-1
201401SX21083,1,9,0,7,0,1,0,0,0,0,4,1,6,2,28,6,998,1,2,5,1
201401SX21083,2,21,0,18,0,1,0,0,0,0,1,1,6,3,-1,-1,-1,-1,-1,-1,-1
201401SX21084,1,9,0,9,0,8,0,0,0,0,2,1,6,1,32,6,1896,2,11,5,1
201401SX21084,2,3,0,14,0,8,0,0,0,0,1,1,6,1,20,4,124,1,5,3,1
201401SX21085,1,9,0,9,0,2,0,0,0,0,1,1,6,1,82,11,998,1,1,6,1
201401SX21086,1,9,0,18,0,0,0,0,0,0,1,1,6,1,39,7,-1,-1,-1,7,1
201401SX21087,1,9,0,9,0,8,0,0,0,0,3,1,6,2,44,7,1296,1,7,2,1
201401SX21087,2,3,0,18,0,8,0,0,0,0,1,1,6,1,24,5,125,1,1,5,1
201401SX21088,1,5,0,14,0,0,0,0,0,0,1,1,6,1,34,6,599,1,5,4,1
201401SX21088,2,9,0,5,0,0,0,0,0,0,1,1,6,2,-1,-1,1595,1,7,-1,-1
201401SX21089,1,9,0,18,0,1,0,0,0,0,1,1,2,1,43,7,1360,1,13,4,1
201401SX21090,1,11,0,9,0,8,0,0,0,0,0,1,1,1,53,8,9400,2,9,4,1
201401SX21091,1,9,0,3,0,2,0,0,0,0,2,1,6,1,25,5,999,1,-1,5,1
201401SX21091,2,9,0,18,0,2,0,0,0,0,1,1,6,1,40,7,1868,2,12,-1,-1
201401SX21092,1,9,0,2,0,8,0,0,0,0,3,1,6,2,56,9,1598,1,5,8,1
201401SX21092,2,1,0,18,0,8,0,0,0,0,4,1,6,1,34,6,-1,-1,-1,5,1
201401SX21093,1,9,0,9,0,2,0,0,0,0,1,1,6,1,47,8,3555,1,11,5,1
201401SX21093,2,19,0,18,0,2,0,0,0,0,2,1,6,1,36,7,1248,2,7,4,1
201401SX21095,1,9,0,9,0,2,0,0,0,0,3,1,6,2,45,7,1896,2,10,1,1
201401SX21095,2,9,0,14,0,1,0,0,0,0,1,1,6,1,30,6,1995,2,10,6,1
201401SX21096,1,9,0,9,0,8,0,0,0,0,3,1,3,2,43,7,998,1,2,9,1
201401SX21096,2,9,0,9,0,8,0,0,0,0,1,1,6,3,-1,-1,-1,-1,-1,-1,-1
201401SX21098,1,5,0,18,0,1,1,0,0,0,1,1,2,1,47,8,790,1,11,6,1
201401SX21098,2,9,0,9,0,1,0,0,0,0,3,1,2,1,48,8,2698,2,7,5,3
201401SX21099,1,9,0,3,0,1,0,0,0,0,2,1,6,1,33,6,1299,1,12,9,1
201401SX21099,2,9,0,4,0,1,0,0,0,0,1,1,6,1,45,7,1560,2,-1,2,1
201401SX21100,1,9,0,7,0,8,0,0,0,0,3,1,6,1,-1,-1,2776,2,6,-1,-1
201401SX21100,2,1,0,18,0,8,0,0,0,0,1,1,2,1,23,5,-1,-1,-1,3,1
201401SX21102,1,3,0,13,0,8,0,0,0,0,1,1,1,1,38,7,125,1,10,-1,-1
201401SX21102,2,9,0,9,0,6,0,0,0,0,2,1,6,3,-1,-1,999,1,2,-1,-1
201401SX21102,3,9,0,18,0,6,0,0,0,0,0,1,6,3,-1,-1,-1,-1,-1,-1,-1
201401SX21103,1,9,0,18,0,0,0,0,0,0,1,1,6,1,-1,-1,-1,-1,-1,-1,-1
201401SX21104,1,9,0,18,0,0,0,0,0,0,1,1,6,2,78,11,1298,1,9,7,1
201401SX21105,1,4,0,18,0,0,0,0,0,0,1,1,6,1,28,6,124,1,7,2,1
201401SX21105,2,9,0,5,0,0,0,0,0,0,3,1,6,1,-1,-1,1998,1,7,-1,-1
201401SX21106,1,9,0,18,0,1,0,10,1,2,1,1,6,1,25,5,1598,2,2,5,1
201401SX21107,1,5,0,5,0,1,1,0,0,0,0,1,6,1,34,6,999,1,8,-1,-1
201401SX21108,1,9,0,6,0,0,0,0,0,0,4,1,6,2,42,7,2982,2,17,8,1
201401SX21108,2,9,0,18,0,0,0,4,0,0,3,1,6,2,63,9,1399,1,3,2,1
201401SX21108,3,19,0,2,0,0,0,0,0,0,3,1,6,3,-1,-1,2198,2,6,-1,-1
201401SX21110,1,9,0,9,0,2,0,0,0,0,0,1,6,1,60,9,2926,2,11,10,2
201401SX21110,2,4,0,13,0,2,0,0,0,0,0,1,1,1,22,5,-1,-1,-1,6,1
201401SX21111,1,11,0,18,0,1,0,0,0,0,0,1,1,1,-1,-1,-1,-1,-1,-1,-1
201401SX21114,1,9,0,4,0,0,0,0,0,0,1,1,2,1,63,9,1598,1,9,8,1
201401SX21115,1,9,0,18,0,0,0,0,0,0,3,1,6,1,38,7,-1,-1,-1,5,1
201401SX21115,2,3,0,13,0,0,0,0,0,0,4,1,1,2,-1,-1,125,1,6,4,1
201401SX21116,1,19,0,18,0,1,0,0,0,0,1,1,1,1,43,7,2298,2,3,1,1
201401SX21117,1,9,0,9,0,8,0,0,0,0,3,1,6,2,61,9,998,1,-1,7,1
201401SX21117,2,4,0,13,0,8,0,0,0,0,1,1,2,1,32,6,499,1,7,4,1
201401SX21118,1,9,0,4,0,0,0,0,0,0,4,1,6,2,53,8,1598,1,5,2,1
201401SX21119,1,3,0,14,0,1,0,0,0,0,1,1,6,1,52,8,125,1,5,1,1
201401SX21119,2,9,0,9,0,2,0,0,0,0,3,1,6,1,-1,-1,1968,2,6,5,1
201401SX21120,1,3,0,10,0,8,0,0,0,0,2,1,1,1,18,4,108,1,-1,4,1