Accident_Index,Vehicle_Reference,Vehicle_Type,Towing_and_Articulation,Vehicle_Manoeuvre,Vehicle_Location-Restricted_Lane,Junction_Location,Skidding_and_Overturning,Hit_Object_in_Carriageway,Vehicle_Leaving_Carriageway,Hit_Object_off_Carriageway,1st_Point_of_Impact,Was_Vehicle_Left_Hand_Drive?,Journey_Purpose_of_Driver,Sex_of_Driver,Age_of_Driver,Age_Band_of_Driver,Engine_Capacity_(CC),Propulsion_Code,Age_of_Vehicle,Driver_IMD_Decile,Driver_Home_Area_Type
201401TD00132,1,4,0,11,0,0,0,0,0,0,2,1,6,1,40,7,125,1,3,-1,1
201401TD00132,2,9,0,18,0,0,0,0,0,0,1,1,6,1,45,7,1985,1,16,9,1
201401TD00133,1,5,0,18,0,0,1,10,1,2,1,1,6,1,29,6,996,1,11,3,1
201401TD00134,1,19,0,6,9,2,0,0,0,0,1,1,1,1,39,7,2460,2,7,4,1
201401TD00135,1,9,0,18,0,8,0,0,0,0,4,1,6,1,42,7,1896,2,10,8,1
201401TD00136,1,3,0,18,2,1,0,0,0,0,1,1,6,1,25,5,124,1,8,7,1
201401TD00136,2,19,0,3,0,1,0,0,0,0,2,1,1,1,48,8,1560,2,1,2,1
201401TD00137,1,9,0,18,0,0,0,0,0,0,1,1,6,1,33,6,2500,1,14,3,1
201401TD00138,1,9,0,18,0,0,5,0,6,2,1,1,6,1,53,8,1390,1,15,3,1
201401TD00138,2,9,0,6,0,0,0,0,0,0,3,1,6,1,56,9,1582,2,-1,5,1
201401TD00139,1,9,0,18,0,0,0,0,0,0,1,1,6,1,18,4,1388,1,11,8,1
201401TD00140,1,3,0,18,0,0,1,0,0,0,1,1,6,1,23,5,124,1,5,6,1
201401TD00140,2,9,0,6,0,0,0,0,0,0,3,1,6,1,24,5,1988,1,13,4,1
201401TD00141,1,9,0,18,0,8,0,0,0,0,4,1,6,1,26,6,2979,8,-1,1,1
201401TD00142,1,9,0,18,0,2,0,7,7,10,3,1,6,1,32,6,1199,1,12,-1,-1
201401TD00142,2,9,0,2,0,2,0,0,0,0,3,1,6,3,-1,-1,1995,2,11,-1,-1
201401TW60001,1,1,0,9,0,8,0,0,0,0,1,1,1,1,35,6,-1,-1,-1,5,1
201401TW60001,2,9,0,18,0,8,0,0,0,0,3,1,6,1,-1,-1,1390,1,10,2,1
201401TW60002,1,19,0,18,0,1,0,0,0,0,1,1,1,1,30,6,2402,2,7,6,1
201401TW60002,2,9,0,3,0,1,0,0,0,0,2,1,6,1,47,8,1598,1,13,5,1
201401TW60002,3,9,0,18,0,8,0,0,0,0,1,1,6,2,34,6,1386,1,6,7,1
201401TW60004,1,1,0,18,0,8,0,0,0,0,2,1,2,1,21,5,-1,-1,-1,-1,-1
201401TW60004,2,9,0,17,0,8,0,0,0,0,1,1,6,1,-1,-1,1762,1,17,8,1
201401TW60005,1,3,0,18,0,8,0,0,0,0,3,1,1,1,27,6,125,1,4,3,1
201401TW60005,2,9,0,9,0,8,0,0,0,0,1,1,6,1,47,8,2793,1,15,-1,1
201401TW60006,1,9,0,18,0,6,0,0,0,0,3,1,6,1,30,6,1689,2,11,9,2
201401TW60006,2,1,0,18,0,8,0,0,0,0,1,1,6,1,52,8,-1,-1,-1,-1,1
201401TW60007,1,20,0,9,0,8,0,0,0,0,1,1,1,1,48,8,4461,2,6,5,1
201401TW60007,2,9,0,18,0,8,0,0,0,0,4,1,6,1,49,8,-1,-1,-1,2,1
201401TW60008,1,3,0,18,0,1,1,10,1,4,4,1,6,3,-1,-1,125,1,7,-1,-1
201401TW60010,1,9,0,10,0,1,0,0,0,0,2,1,6,2,49,8,1461,2,8,3,1
201401TW60010,2,9,0,18,0,1,0,0,0,0,1,1,6,1,-1,-1,1598,1,11,-1,-1
201401TW60011,1,9,0,18,0,0,1,0,0,0,1,2,6,1,34,6,-1,-1,-1,4,1
201401TW60011,2,9,0,18,0,0,0,0,0,0,2,1,6,1,63,9,1798,1,16,7,1
201401TW60012,1,9,0,5,0,8,0,10,1,10,1,1,3,1,37,7,1997,2,2,-1,-1
201401TW60012,2,9,0,18,0,8,0,10,1,10,1,1,1,2,60,9,1991,1,13,10,1
201401TW60013,1,11,0,18,0,8,0,0,0,0,3,1,1,1,35,6,4500,2,2,6,1
201401TW60013,2,9,0,9,0,8,0,0,0,0,4,1,6,2,74,10,1598,1,15,8,1
201401TW60014,1,9,0,9,0,8,0,0,0,0,4,1,6,1,-1,-1,1461,2,8,9,1
201401TW60014,2,1,0,18,0,8,0,0,0,0,1,1,6,1,40,7,-1,-1,-1,6,1
201401TW60015,1,9,0,7,0,8,0,0,0,0,1,1,6,1,47,8,1948,1,15,9,1
201401TW60015,2,1,0,18,0,8,0,0,0,0,4,1,2,2,55,8,-1,-1,-1,9,1
201401TW60016,1,9,0,18,0,0,0,0,0,0,1,1,6,2,25,5,1299,1,13,7,1
201401TW60016,2,9,0,18,0,0,0,0,0,0,2,1,6,2,58,9,1587,1,8,9,1
201401TW60017,1,9,0,4,0,8,0,0,0,0,1,1,6,2,46,8,1590,1,9,6,1
201401TW60017,2,21,0,9,0,5,0,0,0,0,1,1,1,1,44,7,6692,2,5,7,1
201401TW60019,1,9,0,4,0,8,0,0,0,0,4,1,1,2,39,7,1498,1,9,3,1
201401TW60019,2,5,0,5,0,8,0,0,0,0,1,1,6,2,45,7,-1,-1,-1,3,1
201401TW60020,1,1,0,14,0,0,0,4,1,0,1,1,6,2,33,6,-1,-1,-1,8,1
201401TW60020,2,9,0,2,0,0,0,0,0,0,3,1,6,2,-1,-1,1560,2,7,9,1
201401TW60021,1,5,0,18,0,8,0,0,0,0,1,1,6,1,51,8,599,1,15,10,1
201401TW60021,2,9,0,9,0,5,0,0,0,0,1,1,6,1,50,8,1197,1,3,7,1
201401TW60022,1,19,0,18,0,0,0,0,0,0,1,1,1,1,49,8,2987,2,4,10,1
201401TW60022,2,11,0,18,0,0,0,0,0,0,1,1,1,1,40,7,12419,2,2,8,1
201401TW60023,1,9,0,14,0,0,0,7,7,1,1,1,6,2,82,11,-1,-1,-1,7,1
201401TW60024,1,9,0,18,0,8,0,0,0,0,1,1,6,1,20,4,1388,1,11,8,1
201401TW60024,2,1,0,9,0,8,0,0,0,0,1,1,6,1,63,9,-1,-1,-1,7,1
201401TW60025,1,9,0,9,0,8,0,0,0,0,4,1,6,1,49,8,1390,1,1,5,1
201401TW60025,2,1,0,18,0,8,0,0,0,0,1,1,1,1,28,6,-1,-1,-1,4,1
201401TW60026,1,11,0,9,0,2,0,0,0,0,0,1,1,1,54,8,4500,2,6,2,1
201401TW60027,1,9,0,18,0,0,0,0,0,0,4,1,6,1,48,8,1995,1,7,7,1
201401TW60028,1,11,0,5,0,0,0,0,0,0,0,1,1,1,46,8,4500,2,6,8,1
201401TW60029,1,9,0,6,0,8,0,0,0,0,3,1,6,2,55,8,3996,1,14,6,1
201401TW60029,2,9,0,13,0,8,0,0,0,0,1,1,6,1,40,7,-1,-1,-1,2,1
201401TW60031,1,9,0,18,0,8,1,0,0,0,1,1,2,1,45,7,1796,1,10,5,1
201401TW60031,2,9,0,9,0,5,1,0,0,0,4,1,2,1,37,7,1595,1,14,7,1
201401TW60033,1,9,0,15,0,8,0,0,0,0,4,1,6,2,41,7,1597,1,15,4,1
201401TW60034,1,9,0,7,0,8,0,0,0,0,4,1,6,1,32,6,1896,2,8,9,1
201401TW60034,2,1,0,18,0,8,0,0,0,0,0,1,6,1,40,7,-1,-1,-1,6,1
201401TW60035,1,9,0,18,0,8,0,0,0,0,1,1,6,1,36,7,1968,2,3,10,1
201401TW60036,1,1,0,10,0,8,0,0,0,0,2,1,6,1,28,6,-1,-1,-1,7,1
201401TW60036,2,9,0,9,0,8,0,0,0,0,1,1,6,2,-1,-1,2231,2,2,-1,-1
201401TW60037,1,9,0,18,0,1,0,7,3,2,1,1,6,2,74,10,1242,1,1,7,1
201401TW60038,1,1,0,9,0,8,0,0,0,0,2,1,6,1,54,8,-1,-1,-1,9,1
201401TW60038,2,9,0,4,0,8,0,0,0,0,3,1,6,1,72,10,3199,1,21,9,1
201401TW60039,1,11,0,4,0,8,0,0,0,0,0,1,1,1,49,8,4500,2,6,4,1
201401TW60041,1,9,0,4,0,8,0,0,0,0,4,1,6,1,49,8,1753,2,15,8,1
201401TW60042,1,8,0,4,0,0,0,0,0,0,1,1,1,1,44,7,1896,2,9,6,1
201401TW60043,1,19,0,18,0,0,0,0,0,0,1,1,1,1,61,9,2402,2,10,5,1
201401TW60043,2,19,0,4,0,0,0,0,0,0,2,1,1,1,61,9,4461,2,5,9,1
201401TW60044,1,9,0,3,0,8,0,0,0,0,2,1,2,1,37,7,999,1,1,9,1
201401TW60044,2,5,0,4,0,8,0,0,0,0,1,1,2,1,46,8,1170,1,8,9,1
201401TW60045,1,11,0,4,0,8,0,0,1,0,0,1,1,1,54,8,4500,2,5,-1,-1
201401TW60045,2,9,0,18,0,8,0,0,0,0,0,1,6,3,-1,-1,1229,1,2,-1,-1
201401TW60046,1,9,0,9,0,8,0,0,0,0,3,1,6,2,36,7,2401,2,11,8,1
201401TW60046,2,5,0,13,0,8,0,0,0,0,1,1,6,1,59,9,-1,-1,-1,6,1
201401TW60047,1,11,0,9,0,0,0,0,0,0,0,1,1,1,42,7,4250,2,5,3,1
201401TW60048,1,3,0,18,0,8,0,10,1,10,1,1,6,1,21,5,50,1,12,4,1
201401TW60049,1,9,0,3,0,8,0,0,0,0,2,1,6,1,47,8,1396,1,14,-1,-1
201401TW60049,2,8,0,18,0,8,0,0,0,0,1,1,1,1,33,6,1598,1,12,3,1
201401TW60052,1,1,0,18,0,8,0,0,0,0,1,1,1,1,36,7,-1,-1,-1,6,1
201401TW60052,2,9,0,9,0,8,0,0,0,0,4,1,1,1,-1,-1,1798,1,14,6,1
201401TW60053,1,19,0,11,0,1,0,0,0,0,1,1,1,1,38,7,1998,2,9,10,1
201401TW60053,2,21,0,8,0,1,0,0,0,0,2,1,1,1,50,8,6692,2,3,5,3
201401TW60054,1,9,0,18,0,8,0,0,0,0,1,1,6,1,-1,-1,1997,1,7,9,1
201401TW60054,2,1,0,9,0,8,0,0,0,0,2,1,1,1,38,7,-1,-1,-1,3,1
201401TW60055,1,5,0,4,0,0,0,0,0,0,0,1,1,1,36,7,849,1,1,3,1
201401TW60058,1,9,0,14,0,0,0,0,0,0,1,1,6,2,33,6,1999,1,7,9,1
201401TW60058,2,9,0,14,0,0,0,0,0,0,1,1,6,2,80,11,1229,1,7,9,1
201401TW60059,1,9,0,5,0,8,0,0,0,0,3,1,1,1,47,8,1910,2,4,5,1
201401TW60059,2,1,0,18,0,8,0,0,0,0,1,1,6,1,25,5,-1,-1,-1,-1,-1
201401TW60060,1,9,0,9,0,0,0,0,0,0,1,1,6,1,49,8,1995,2,1,5,1
201401TW60060,2,3,0,18,0,0,0,0,0,0,1,1,6,1,-1,-1,645,1,13,-1,-1
201401TW60061,1,9,0,18,0,0,0,0,0,0,4,1,6,2,18,4,1596,1,1,9,1
201401TW60062,1,19,0,18,0,8,0,0,0,0,3,1,6,1,31,6,1686,2,11,4,1
201401TW60062,2,9,0,9,0,8,0,0,0,0,1,1,6,1,41,7,1749,1,10,10,1
201401TW60063,1,9,0,18,0,0,0,0,0,0,1,1,6,1,42,7,1598,1,11,10,1
201401TW60064,1,9,0,18,0,8,5,0,7,1,1,1,6,1,18,4,1242,1,11,9,1
201401TW60065,1,9,0,3,0,0,0,0,0,0,2,1,6,2,23,5,1399,2,2,7,1
201401TW60065,2,9,0,18,0,0,0,0,0,0,1,1,6,1,-1,-1,-1,-1,-1,-1,-1
201401TW60066,1,9,0,4,0,8,0,0,0,0,3,1,1,1,42,7,1242,1,4,8,3
201401TW60067,1,9,0,9,0,8,0,0,0,0,4,1,6,1,77,11,1798,1,3,8,1
201401TW60067,2,4,0,18,0,8,0,0,0,0,1,1,6,1,41,7,330,1,1,7,1
201401TW60068,1,8,0,12,0,0,0,0,0,0,3,1,6,1,44,7,-1,-1,-1,-1,1
201401TW60068,2,3,0,14,0,0,0,0,0,0,4,1,6,1,31,6,125,1,2,9,1
201401TW60069,1,9,0,18,0,8,0,0,0,0,4,1,6,3,-1,-1,-1,-1,-1,-1,-1
201401TW60070,1,19,0,1,0,7,0,0,0,0,2,1,1,1,28,6,-1,-1,-1,3,1
201401TW60071,1,9,0,2,0,0,0,0,0,0,3,1,6,1,57,9,1390,1,5,9,1
201401TW60071,2,9,0,18,0,0,0,4,0,0,1,1,6,3,-1,-1,1360,1,6,-1,-1
201401TW60072,1,9,0,2,0,0,0,0,0,0,3,1,6,2,39,7,2143,2,2,8,1
201401TW60072,2,9,0,18,0,0,0,4,0,0,1,1,6,3,-1,-1,-1,-1,-1,-1,-1
201401TW60073,1,19,0,18,0,0,0,0,0,0,1,1,1,1,35,6,2151,2,10,3,1
201401TW60073,2,9,0,4,0,0,0,0,0,0,2,1,6,2,71,10,1997,2,5,8,1
201401TW60074,1,9,0,18,0,1,0,0,0,0,4,1,6,1,28,6,973,1,15,8,1
201401TW60074,2,9,0,7,0,8,0,0,0,0,1,1,6,1,-1,-1,2698,2,8,-1,-1
201401TW60075,1,8,0,5,0,8,0,0,0,0,0,1,1,1,-1,-1,-1,-1,-1,-1,-1
201401TW60076,1,90,0,1,0,0,0,0,0,0,2,1,6,3,-1,-1,-1,-1,-1,-1,-1
201401TW60077,1,9,0,12,0,8,0,7,7,0,1,1,6,1,52,8,1997,2,9,9,1
201401TW60078,1,11,0,4,0,0,0,0,0,0,0,1,1,3,-1,-1,-1,-1,-1,8,1
201401TW60079,1,11,0,18,0,8,0,0,0,0,1,1,1,1,52,8,3900,2,9,1,1
201401TW60079,2,9,0,7,0,8,0,0,0,0,4,1,6,1,73,10,-1,-1,-1,2,1
201401TW60080,1,19,0,18,0,8,0,0,0,0,3,1,2,1,41,7,-1,-1,-1,4,1
201401TW60080,2,9,0,18,0,8,0,0,0,0,4,1,6,2,46,8,1360,1,10,8,1
201401TW60081,1,4,0,18,0,8,0,0,0,0,4,1,1,1,46,8,998,1,12,10,1
201401TW60081,2,9,0,9,0,8,0,0,0,0,1,1,6,1,46,8,-1,-1,-1,-1,-1
201401TW60082,1,9,0,5,0,8,0,0,0,0,1,1,6,2,57,9,1390,1,3,8,1
201401TW60082,2,19,0,4,0,8,0,0,0,0,2,1,1,1,43,7,2143,2,3,6,1
201401TW60083,1,9,0,9,0,8,1,0,0,0,1,1,6,1,29,6,1398,2,7,-1,-1
201401TW60083,2,3,0,18,0,8,0,0,0,0,3,1,6,1,26,6,124,1,4,7,1
201401TW60084,1,9,0,2,0,0,0,0,0,0,3,1,3,2,37,7,2993,2,6,9,1
201401TW60084,2,9,0,14,0,0,0,4,0,0,1,1,6,3,-1,-1,-1,-1,-1,-1,-1
201401TW60085,1,11,0,18,2,0,0,0,0,0,4,1,1,1,59,9,9000,2,8,-1,-1
201401TW60085,2,1,0,18,2,0,0,0,0,0,3,1,6,1,17,4,-1,-1,-1,10,1
201401TW60086,1,9,0,3,0,0,0,0,0,0,2,1,6,2,38,7,-1,-1,-1,10,1
201401TW60086,2,9,0,18,0,0,0,0,0,0,1,1,6,2,66,10,-1,-1,-1,10,1
201401TW60087,1,9,0,18,0,8,0,0,0,0,3,1,6,2,39,7,1968,2,5,7,1
201401TW60087,2,20,0,9,0,8,0,0,0,0,1,1,6,1,-1,-1,-1,-1,-1,-1,-1
201401TW60088,1,9,0,7,0,1,0,0,0,0,0,1,6,2,29,6,1086,1,8,8,1
201401TW60088,2,1,0,18,0,1,0,0,0,0,0,1,1,1,26,6,-1,-1,-1,3,1
201401TW60090,1,1,0,18,0,8,0,0,0,0,4,1,2,2,33,6,-1,-1,-1,9,1
201401TW60090,2,9,0,7,0,8,0,0,0,0,1,1,6,1,-1,-1,-1,-1,-1,-1,-1
201401TW60091,1,9,0,4,0,8,0,0,0,0,1,1,6,1,52,8,-1,-1,-1,8,1
201401TW60092,1,9,0,3,0,8,0,0,0,0,2,1,6,1,16,4,2362,1,10,3,1
201401TW60092,2,2,0,4,0,8,1,0,0,0,1,1,6,2,47,8,-1,-1,-1,5,1
201401TW60093,1,1,0,4,0,0,1,0,0,0,0,1,2,2,42,7,-1,-1,-1,-1,-1
201401TW60094,1,1,0,17,0,0,0,0,1,0,0,1,6,1,37,7,-1,-1,-1,6,1
201401TW60094,2,9,0,16,0,0,0,0,0,0,0,1,6,3,-1,-1,-1,-1,-1,-1,-1
201401TW60095,1,19,0,18,0,8,0,0,0,0,3,1,1,1,54,8,2198,2,1,6,1
201401TW60095,2,1,0,18,0,8,0,0,1,0,1,1,4,1,11,3,-1,-1,-1,6,1
201401TW60097,1,19,0,18,0,8,0,0,0,0,1,1,6,1,27,6,2402,2,7,7,1
201401TW60097,2,9,0,9,0,8,0,0,0,0,3,1,6,2,28,6,1590,1,12,-1,-1
201401TW60099,1,1,0,5,0,8,0,0,0,0,3,1,6,1,18,4,-1,-1,-1,5,1
201401TW60099,2,9,0,18,0,8,0,0,1,0,1,2,6,3,-1,-1,-1,-1,-1,-1,-1
201401TW60100,1,5,0,13,0,0,0,0,0,0,1,1,2,1,49,8,996,1,14,9,2
201401TW60100,2,9,0,18,0,0,0,0,0,0,1,1,6,1,59,9,1242,1,16,5,1
201401TW60101,1,9,0,9,0,0,0,0,0,0,4,1,6,2,33,6,1791,8,3,7,1
201401TW60101,2,1,0,18,0,0,0,0,0,0,1,1,4,1,55,8,-1,-1,-1,5,1
201401TW60103,1,8,0,18,0,8,0,0,0,0,1,1,6,1,28,6,1968,2,3,6,1
201401TW60103,2,9,0,9,0,8,0,0,1,0,3,1,6,1,38,7,1796,1,9,9,1
201401TW60104,1,9,0,18,0,0,0,10,4,2,1,1,6,1,79,11,1595,1,1,7,1
201401TW60105,1,9,0,9,0,8,0,0,0,0,3,1,6,2,37,7,1686,2,9,8,1
201401TW60105,2,3,0,13,0,8,0,0,0,0,1,1,6,1,34,6,-1,-1,-1,6,1
201401TW60106,1,9,0,18,0,8,0,0,0,0,1,1,6,1,44,7,1399,2,11,8,1
201401TW60106,2,19,0,5,0,8,0,0,0,0,3,1,1,1,24,5,2198,2,2,3,1
201401TW60107,1,9,0,9,0,8,0,0,0,0,1,1,1,1,55,8,1560,2,6,-1,-1
201401TW60107,2,1,0,9,0,8,0,0,0,0,2,1,1,2,46,8,-1,-1,-1,9,1
201401TW60108,1,9,0,16,0,8,0,0,0,0,4,1,6,1,70,10,1896,2,11,5,1
201401TW60108,2,3,0,11,0,8,0,10,1,4,1,1,1,1,25,5,-1,-1,-1,3,1
201401TW60109,1,9,0,4,0,0,0,0,0,0,2,1,6,2,32,6,1242,1,5,6,1
201401TW60109,2,9,0,3,0,0,0,0,0,0,1,1,6,2,-1,-1,1240,1,10,-1,-1
201401TW60110,1,9,0,4,0,8,0,0,0,0,2,1,6,1,22,5,1595,1,15,-1,-1
201401TW60110,2,9,0,18,0,8,0,0,1,0,1,1,1,1,31,6,2148,2,7,1,1
201401TW60111,1,1,0,18,0,8,0,0,0,0,3,1,6,1,47,8,-1,-1,-1,8,1
201401TW60111,2,9,0,9,0,8,0,0,0,0,1,1,6,2,-1,-1,1248,2,3,-1,-1
201401TW60112,1,9,0,11,0,8,0,0,1,0,3,1,6,1,37,7,1598,2,3,7,1
201401TW60112,2,1,0,18,0,2,0,0,0,0,1,1,6,1,45,7,-1,-1,-1,7,1
201401TW60113,1,1,0,18,0,8,0,0,1,0,4,1,2,1,34,6,-1,-1,-1,9,1
201401TW60114,1,9,0,7,0,8,0,0,0,0,2,1,3,1,31,6,1498,1,8,8,1
201401TW60114,2,1,0,7,0,8,0,0,0,0,1,1,1,1,23,5,-1,-1,-1,8,1
201401TW60115,1,9,0,18,0,8,0,0,0,0,4,1,6,3,-1,-1,-1,-1,-1,-1,-1
201401TW60116,1,8,0,4,0,8,0,0,0,0,2,1,6,1,39,7,1910,2,8,8,1
201401TW60116,2,9,0,4,0,8,0,0,0,0,1,1,6,1,33,6,1398,1,10,4,1
201401TW60117,1,3,0,18,0,8,1,0,0,0,0,1,6,1,69,10,124,1,7,-1,1
201401TW60117,2,9,0,7,0,8,0,0,0,0,0,1,6,1,69,10,1590,1,10,9,1
201401TW60118,1,1,0,18,0,0,0,0,0,0,3,1,2,1,28,6,-1,-1,-1,7,3
201401TW60118,2,19,0,13,0,0,0,0,0,0,4,1,1,1,-1,-1,4250,2,14,-1,-1
201401TW60119,1,90,0,18,0,1,0,0,0,0,2,1,6,1,19,4,-1,-1,-1,10,1
201401TW60119,2,9,0,18,0,8,0,0,0,0,1,1,6,3,-1,-1,-1,-1,-1,-1,-1
201401TW60120,1,9,0,7,0,8,0,0,0,0,1,1,6,1,26,6,2987,2,1,8,1
201401TW60121,1,9,0,9,0,8,0,0,0,0,1,1,6,2,34,6,1598,2,2,9,1
201401TW60122,1,9,0,9,0,8,0,0,0,0,1,1,1,2,35,6,-1,-1,-1,8,1
201401TW60122,2,9,0,14,0,8,0,0,0,0,4,1,6,1,40,7,1998,1,9,6,1
201401TW60123,1,9,0,18,0,8,0,0,0,0,1,1,6,1,-1,-1,1497,8,6,8,1
201401TW60124,1,9,0,9,0,8,0,0,0,0,1,1,2,2,31,6,1997,1,10,7,1
201401TW60124,2,3,0,18,0,1,0,0,0,0,1,1,1,1,25,5,109,1,1,2,1
201401TW60125,1,8,0,9,0,8,0,0,0,0,4,1,2,1,49,8,-1,-1,-1,4,1
201401TW60125,2,1,0,15,0,8,0,0,0,0,1,1,2,1,36,7,-1,-1,-1,7,1
201401TW60126,1,9,0,18,0,8,0,0,0,0,4,1,6,1,61,9,1997,1,13,8,1
201401TW60126,2,3,0,9,0,8,0,0,0,0,3,1,6,1,33,6,-1,-1,-1,7,1
201401TW60127,1,9,0,5,0,8,0,0,1,0,1,1,6,2,38,7,-1,-1,-1,9,1
201401TW60127,2,9,0,3,0,8,0,0,0,0,2,1,6,1,56,9,1349,1,12,-1,1
201401TW60128,1,9,0,9,0,7,0,0,1,0,3,1,1,1,58,9,1951,2,12,5,1
201401TW60128,2,3,0,18,0,8,0,0,0,0,1,1,1,1,31,6,599,1,2,-1,-1
201401TW60129,1,9,0,11,0,8,0,0,0,0,4,1,1,1,-1,-1,-1,-1,-1,8,1
201401TW60129,2,1,0,18,0,8,0,0,0,0,3,1,6,2,66,10,-1,-1,-1,9,1
201401TW60130,1,9,0,4,0,1,0,0,0,0,1,1,6,1,68,10,1796,1,11,7,1
201401TW60130,2,9,0,4,0,1,0,0,0,0,2,1,4,2,31,6,996,1,4,5,1
201401TW60131,1,1,0,18,0,8,0,0,0,0,0,1,6,2,59,9,-1,-1,-1,10,1
201401TW60132,1,9,0,3,0,8,0,0,0,0,2,1,2,2,25,5,1388,1,13,2,1
201401TW60132,2,9,0,4,0,8,0,0,0,0,1,1,2,2,-1,-1,1598,2,-1,-1,-1
201401TW60133,1,5,0,7,0,8,0,0,0,0,1,1,1,1,26,6,-1,-1,-1,9,1
201401TW60134,1,9,0,18,0,8,0,0,0,0,4,1,6,2,-1,-1,-1,-1,-1,-1,-1
201401TW60135,1,9,0,9,0,8,0,0,0,0,4,1,6,2,27,6,1124,1,12,9,1
201401TW60135,2,5,0,18,0,8,0,0,0,0,1,1,6,1,32,6,649,1,5,10,1
201401TW60136,1,9,0,5,0,8,0,0,0,0,4,1,6,2,49,8,1108,1,13,3,1
201401TW60136,2,3,0,18,0,8,0,0,0,0,1,1,6,1,31,6,125,1,8,8,1
201401TW60137,1,9,0,9,0,8,2,0,0,0,1,1,6,1,-1,-1,1598,1,15,4,1
201401TW60137,2,9,0,18,0,8,0,0,0,0,2,1,6,1,-1,-1,1149,1,6,10,1
201401TW60138,1,9,0,3,0,0,0,0,0,0,2,2,6,2,33,6,-1,-1,-1,2,1
201401TW60138,2,9,0,4,0,0,0,0,0,0,1,1,6,1,-1,-1,-1,-1,-1,8,1
201401TW60139,1,9,0,4,0,0,0,0,0,0,1,1,6,1,27,6,1597,1,5,-1,1
201401TW60139,2,9,0,13,0,0,0,4,0,0,2,1,6,1,33,6,1497,1,11,-1,-1
201401TW60139,3,9,0,2,0,0,0,0,0,0,2,1,6,1,79,11,2435,1,12,8,1
201401TW60140,1,9,0,9,0,8,0,0,1,0,1,1,6,1,48,8,1596,1,12,7,1
201401TW60140,2,19,0,18,0,8,0,0,0,0,3,1,6,1,36,7,2198,2,7,6,1
201401TW60141,1,9,0,12,0,0,0,0,0,0,3,1,2,1,28,6,-1,-1,-1,10,1
201401TW60141,2,4,0,14,0,0,0,0,0,0,1,1,2,1,33,6,649,1,2,10,1
201401TW60142,1,9,0,18,0,8,0,0,0,0,1,1,6,2,54,8,1798,1,5,7,1
201401TW60143,1,3,0,18,0,8,0,10,7,10,1,1,6,1,29,6,124,1,11,4,1
201401TW60144,1,9,0,9,0,8,0,0,0,0,1,1,2,1,24,5,1747,1,13,9,1
201401TW60144,2,9,0,9,0,8,0,0,1,0,1,1,2,1,54,8,998,1,11,8,1
201401TW60145,1,9,0,16,0,8,0,10,1,1,1,1,6,1,82,11,2435,1,10,-1,1
201401TW60147,1,1,0,18,0,8,0,0,1,0,1,1,6,1,28,6,-1,-1,-1,10,1
201401TW60147,2,9,0,4,0,8,0,0,0,0,3,1,6,1,37,7,1242,1,2,-1,-1
201401TW60148,1,9,0,4,0,8,0,0,0,0,1,1,2,2,21,5,1149,1,13,8,1
201401TW60148,2,9,0,9,0,8,0,0,0,0,1,1,6,2,-1,-1,1989,1,14,-1,-1
201401TW60150,1,9,0,5,0,8,0,0,1,0,2,1,6,2,22,5,1398,1,5,6,1
201401TW60150,2,9,0,18,0,8,0,0,0,0,1,1,6,3,-1,-1,-1,-1,-1,-1,-1
201401TW60151,1,1,0,11,0,8,0,10,1,0,0,1,1,2,31,6,-1,-1,-1,-1,-1
201401TW60151,2,9,0,9,0,8,0,0,0,0,0,1,1,2,53,8,2993,2,4,8,1
201401TW60153,1,9,0,9,0,8,1,10,3,1,1,1,6,1,22,5,2671,1,13,6,1
201401TW60154,1,9,0,9,0,8,0,0,0,0,4,1,1,2,30,6,1390,1,14,7,1
201401TW60154,2,1,0,18,0,8,0,0,0,0,1,1,6,1,48,8,-1,-1,-1,9,1
201401TW60155,1,1,0,18,5,0,0,0,0,0,0,1,6,2,-1,-1,-1,-1,-1,2,1
201401TW60156,1,9,0,4,0,0,0,0,0,0,3,1,6,2,37,7,1968,2,7,9,1
201401TW60157,1,9,0,3,0,8,0,0,1,0,2,1,6,2,20,4,1798,1,5,8,1
201401TW60157,2,9,0,18,0,8,0,0,1,0,1,1,6,1,-1,-1,-1,-1,-1,-1,-1
201401TW60158,1,9,0,5,0,8,0,0,0,0,3,1,6,2,74,10,1699,1,6,-1,-1
201401TW60158,2,1,0,9,0,8,0,0,0,0,1,1,6,1,36,7,-1,-1,-1,9,1
201401TW60159,1,9,0,18,0,8,0,0,0,0,3,1,6,1,24,5,1246,1,7,-1,1
201401TW60159,2,9,0,9,0,8,0,0,1,0,1,1,6,2,73,10,2435,1,19,7,2
201401TW60160,1,9,0,18,0,8,0,0,0,0,4,1,6,2,69,10,1198,1,-1,9,1
201401TW60160,2,1,0,15,0,8,0,0,0,0,3,1,6,1,51,8,-1,-1,-1,-1,-1
201401TW60161,1,3,0,3,0,0,0,0,0,0,2,1,1,1,31,6,-1,-1,-1,5,1
201401TW60161,2,9,0,18,0,0,0,0,0,0,1,1,4,2,44,7,1587,1,7,9,1
201401TW60162,1,1,0,18,0,0,0,0,0,0,3,1,6,2,35,6,-1,-1,-1,-1,-1
201401TW60163,1,3,0,18,0,0,0,4,0,0,4,1,1,1,29,6,124,1,1,-1,-1
201401TW60163,2,9,0,2,0,0,0,0,0,0,3,1,1,2,22,5,1242,1,16,8,1
201401TW60164,1,9,0,9,0,8,0,0,1,0,3,1,2,1,38,7,1781,1,14,10,1
201401TW60164,2,5,0,18,0,8,0,0,0,0,1,1,2,1,41,7,600,1,11,9,1
201401TW60165,1,9,0,1,0,8,0,10,1,10,2,1,6,2,94,11,1240,1,9,5,1