Accident_Index,Vehicle_Reference,Vehicle_Type,Towing_and_Articulation,Vehicle_Manoeuvre,Vehicle_Location-Restricted_Lane,Junction_Location,Skidding_and_Overturning,Hit_Object_in_Carriageway,Vehicle_Leaving_Carriageway,Hit_Object_off_Carriageway,1st_Point_of_Impact,Was_Vehicle_Left_Hand_Drive?,Journey_Purpose_of_Driver,Sex_of_Driver,Age_of_Driver,Age_Band_of_Driver,Engine_Capacity_(CC),Propulsion_Code,Age_of_Vehicle,Driver_IMD_Decile,Driver_Home_Area_Type
201401TW60349,2,4,0,3,0,8,0,0,0,0,2,1,6,1,45,7,750,1,2,3,1
201401TW60350,1,1,0,17,0,0,1,0,0,0,4,1,6,2,31,6,-1,-1,-1,8,1
201401TW60351,1,9,0,4,0,0,0,0,0,0,1,1,6,1,47,8,1595,1,13,4,1
201401TW60351,2,9,0,4,0,0,0,0,0,0,2,1,6,1,-1,-1,1997,2,2,10,1
201401TW60352,1,3,0,18,0,8,0,0,0,0,3,1,6,1,32,6,670,1,2,2,1
201401TW60353,1,3,0,18,0,2,0,0,0,0,4,1,6,1,33,6,124,1,6,8,1
201401TW60354,1,1,0,18,4,0,0,0,0,0,3,1,1,1,27,6,-1,-1,-1,6,1
201401TW60354,2,90,0,13,0,0,0,0,0,0,4,1,6,3,-1,-1,-1,-1,-1,-1,-1
201401TW60355,1,8,0,9,0,8,0,0,0,0,3,1,1,1,40,7,-1,-1,-1,5,1
201401TW60355,2,3,0,13,0,8,0,0,0,0,1,1,1,1,27,6,125,1,1,5,1
201401TW60356,1,1,0,18,0,0,0,0,0,0,4,1,6,1,26,6,-1,-1,-1,3,1
201401TW60357,1,9,0,9,0,8,5,0,0,0,2,1,6,2,69,10,1197,1,-1,7,1
201401TW60357,2,9,0,14,0,8,0,0,0,0,1,1,6,1,72,10,5000,1,4,7,1
201401TW60358,1,1,0,7,0,8,0,0,0,0,0,1,2,1,32,6,-1,-1,-1,6,1
201401TW60358,2,19,0,7,0,8,0,0,1,0,0,1,2,3,-1,-1,-1,-1,-1,-1,-1
201401TW60359,1,9,0,5,0,8,0,0,0,0,1,1,6,1,35,6,1497,8,9,-1,1
201401TW60359,2,1,0,9,0,8,0,0,0,0,4,1,6,1,40,7,-1,-1,-1,8,1
201401TW60360,1,9,0,6,0,0,0,0,0,0,4,1,1,2,-1,-1,1560,2,-1,8,1
201401TW60360,2,9,0,18,0,0,0,0,0,0,1,1,6,2,20,4,1587,1,11,10,1
201401TW60361,1,9,0,18,0,2,0,0,0,0,4,1,6,2,42,7,1798,1,5,7,1
201401TW60362,1,1,0,13,0,0,0,0,0,0,4,1,6,1,64,9,-1,-1,-1,8,1
201401TW60362,2,11,0,5,0,0,0,0,0,0,3,1,1,3,-1,-1,-1,-1,-1,-1,-1
201401TW60362,3,9,0,3,0,0,0,0,0,0,3,1,6,3,-1,-1,-1,-1,-1,-1,-1
201401TW60363,1,11,0,18,0,0,0,0,0,0,0,1,1,1,53,8,4500,2,4,7,1
201401TW60364,1,9,0,18,0,8,0,0,0,0,3,1,6,1,27,6,1984,1,3,6,1
201401TW60364,2,9,0,9,0,8,0,0,0,0,1,1,6,1,67,10,1797,8,3,10,1
201401TW60365,1,9,0,18,0,8,0,0,1,0,4,1,1,1,57,9,1598,1,-1,9,1
201401TW60365,2,4,0,9,0,8,0,0,0,0,1,1,6,1,47,8,-1,-1,-1,7,3
201401TW60366,1,9,0,9,0,8,0,0,0,0,1,1,1,1,47,8,1968,2,6,7,3
201401TW60366,2,3,0,18,0,8,0,0,0,0,3,1,6,1,25,5,124,1,9,3,1
201401TW60367,1,9,0,18,0,0,0,4,1,10,1,1,6,1,34,6,1999,1,7,5,1
201401TW60367,2,9,0,2,0,0,0,0,0,0,3,1,6,1,68,10,1296,1,6,9,1
201401TW60367,3,9,0,2,0,0,0,0,0,0,3,1,6,1,68,10,1588,1,15,9,1
201401TW60368,1,3,0,9,0,8,0,0,0,0,4,1,6,1,40,7,124,1,6,6,1
201401TW60368,2,9,0,18,0,8,0,0,0,0,1,1,6,2,37,7,1598,1,12,8,1
201401TW60370,1,2,0,9,0,8,0,0,0,0,3,1,6,1,18,4,49,1,5,3,1
201401TW60370,2,9,0,14,0,8,0,0,0,0,1,1,6,2,49,8,1596,1,10,10,1
201401TW60372,1,9,0,18,0,8,0,4,0,0,3,1,6,1,55,8,1781,1,12,9,1
201401TW60372,2,9,0,18,0,8,0,0,0,0,1,1,6,1,65,9,-1,-1,-1,9,1
201401TW60372,3,9,0,2,0,8,0,0,0,0,3,1,6,3,-1,-1,-1,-1,-1,-1,-1
201401TW60372,4,9,0,2,0,8,0,0,0,0,3,1,6,3,-1,-1,-1,-1,-1,-1,-1
201401TW60373,1,9,0,9,0,8,0,0,0,0,1,1,6,2,28,6,1984,1,7,3,1
201401TW60373,2,2,0,14,0,8,0,0,0,0,2,1,6,1,39,7,49,1,19,7,1
201401TW60374,1,9,0,18,0,8,0,0,0,0,2,1,1,1,37,7,1956,2,-1,7,1
201401TW60374,2,19,0,3,0,8,0,0,0,0,1,1,1,1,51,8,1995,2,4,10,1
201401TW60375,1,3,0,13,0,8,0,0,0,0,1,1,1,1,28,6,124,1,3,5,1
201401TW60375,2,9,0,9,0,8,0,0,0,0,3,1,6,1,-1,-1,1890,1,17,4,1
201401TW60376,1,1,0,17,0,8,0,0,0,0,4,1,1,1,36,7,-1,-1,-1,9,1
201401TW60376,2,9,0,16,0,8,0,0,0,0,1,1,6,2,-1,-1,-1,-1,-1,5,1
201401TW60377,1,3,0,13,0,0,0,0,0,0,1,1,2,1,21,5,125,1,3,1,1
201401TW60377,2,19,0,12,0,0,0,0,0,0,3,1,1,1,26,6,2299,2,-1,3,1
201401TW60378,1,9,0,9,0,8,0,0,0,0,4,1,2,2,40,7,2204,2,7,9,1
201401TW60378,2,1,0,18,0,8,0,0,0,0,1,1,2,1,49,8,-1,-1,-1,10,1
201401TW60379,1,1,0,18,0,0,0,0,1,0,1,1,6,1,29,6,-1,-1,-1,-1,-1
201401TW60382,1,9,0,13,0,0,0,0,0,0,1,1,6,3,-1,-1,1597,1,17,-1,-1
201401TW60382,2,1,0,18,0,0,0,0,0,0,3,1,6,1,26,6,-1,-1,-1,3,1
201401TW60382,3,1,0,18,0,0,0,0,0,0,3,1,6,1,26,6,-1,-1,-1,5,1
201401TW60384,1,1,0,4,0,7,0,0,0,0,1,1,6,2,24,5,-1,-1,-1,10,1
201401TW60384,2,8,0,9,0,8,0,0,0,0,4,1,2,1,48,8,2204,2,9,5,1
201401TW60385,1,1,0,14,0,0,0,0,0,0,1,1,1,2,33,6,-1,-1,-1,8,1
201401TW60385,2,9,0,3,0,0,0,0,0,0,3,1,2,1,45,7,2000,2,5,4,1
201401TW60386,1,9,0,6,0,0,0,0,0,0,3,1,6,2,23,5,-1,-1,-1,8,1
201401TW60386,2,2,0,13,0,0,0,0,0,0,1,1,6,1,45,7,124,1,23,-1,-1
201401TW60387,1,90,0,18,0,0,0,0,0,0,1,1,6,1,62,9,-1,-1,-1,-1,-1
201401TW60388,1,9,0,3,0,0,0,0,1,0,2,1,6,2,27,6,-1,-1,-1,10,1
201401TW60388,2,9,0,4,0,0,0,0,0,0,1,1,6,2,-1,-1,1797,8,3,3,1
201401TW60389,1,9,0,5,0,8,0,0,0,0,1,1,2,1,55,8,2893,1,4,9,1
201401TW60389,2,1,0,3,0,8,0,0,0,0,2,1,2,1,-1,-1,-1,-1,-1,5,1
201401TW60390,1,9,0,18,0,8,0,0,1,0,3,1,6,2,51,8,1299,1,8,8,1
201401TW60390,2,9,0,18,0,8,0,0,0,0,1,1,6,1,-1,-1,2499,1,2,-1,-1
201401TW60391,1,9,0,18,0,8,0,0,0,0,1,1,6,2,31,6,1598,1,13,9,1
201401TW60391,2,9,0,9,0,8,0,0,0,0,1,1,6,2,23,5,1388,1,2,6,1
201401TW60392,1,9,0,9,0,8,0,0,0,0,1,1,2,1,57,9,973,1,14,4,1
201401TW60392,2,3,0,18,0,8,0,0,0,0,1,1,6,1,51,8,124,1,4,7,1
201401TW60393,1,5,0,13,0,0,0,0,1,0,1,1,6,1,41,7,689,1,-1,6,1
201401TW60393,2,8,0,6,0,0,0,0,0,0,3,1,6,1,28,6,1997,1,4,4,1
201401TW60394,1,3,0,4,0,8,0,0,0,0,1,1,1,2,28,6,124,1,3,3,1
201401TW60394,2,9,0,4,0,8,0,0,0,0,2,1,1,1,-1,-1,-1,-1,-1,-1,-1
201401TW60395,1,1,0,18,0,8,0,0,1,0,1,1,1,1,30,6,-1,-1,-1,9,1
201401TW60395,2,19,0,7,0,8,0,0,0,0,4,1,1,1,-1,-1,1248,2,1,-1,-1
201401TW60396,1,9,0,4,0,1,0,0,0,0,1,1,6,1,31,6,-1,-1,-1,3,1
201401TW60396,2,9,0,3,0,1,0,0,0,0,2,1,6,2,23,5,998,1,6,8,1
201401TW60397,1,20,0,4,0,0,0,0,0,0,1,1,2,1,48,8,5193,2,-1,6,1
201401TW60397,2,9,0,9,0,0,0,0,0,0,4,1,6,2,30,6,1896,2,11,7,1
201401TW60399,1,9,0,5,0,2,0,0,0,0,1,1,6,1,32,6,1396,1,12,2,1
201401TW60400,1,9,0,3,0,8,0,0,0,0,3,1,1,2,53,8,-1,-1,-1,4,1
201401TW60400,2,1,0,14,0,8,0,4,0,0,1,1,6,2,55,8,-1,-1,-1,-1,-1
201401TW60401,1,9,0,18,0,2,0,0,1,0,1,1,6,1,28,6,3947,1,19,-1,-1
201401TW60402,1,3,0,13,0,8,0,0,0,0,1,1,1,1,29,6,124,1,8,1,1
201401TW60402,2,9,0,9,0,8,0,0,0,0,3,1,1,1,21,5,-1,-1,-1,8,1
201401TW60403,1,9,0,18,0,8,0,0,0,0,3,1,6,2,61,9,2324,1,11,6,1
201401TW60403,2,9,0,9,0,8,0,0,0,0,1,1,6,2,51,8,1240,1,8,8,1
201401TW60403,3,9,0,3,0,1,0,0,0,0,1,1,6,1,-1,-1,1339,1,6,4,1
201401TW60404,1,9,0,1,0,8,0,0,0,0,2,1,6,1,78,11,2190,2,17,9,1
201401TW60404,2,3,0,13,0,8,0,0,0,0,1,1,6,1,27,6,125,1,4,3,1
201401TW60405,1,9,0,6,0,1,0,0,0,0,3,1,6,2,37,7,1998,1,8,9,1
201401TW60405,2,9,0,18,0,1,0,0,0,0,2,1,1,2,45,7,1560,2,-1,-1,-1
201401TW60407,1,9,0,4,0,8,0,0,0,0,1,1,6,2,31,6,998,1,12,6,1
201401TW60407,2,9,0,4,0,8,0,0,0,0,2,1,6,1,52,8,-1,-1,-1,3,1
201401TW60407,3,9,0,4,0,8,0,0,0,0,2,1,6,2,43,7,-1,-1,-1,4,1
201401TW60408,1,11,0,4,0,8,0,0,0,0,0,1,1,1,44,7,9000,2,5,7,1
201401TW60409,1,11,0,18,0,0,0,0,0,0,4,1,1,1,48,8,3900,2,9,8,1
201401TW60409,2,1,0,12,0,0,0,0,0,0,3,1,2,2,24,5,-1,-1,-1,7,1
201401TW60411,1,9,0,9,0,8,0,0,0,0,3,1,6,1,46,8,2295,1,12,8,1
201401TW60411,2,9,0,18,0,8,0,0,0,0,4,1,6,2,23,5,1364,1,8,3,1
201401TW60412,1,9,0,4,0,8,0,0,0,0,1,1,1,1,36,7,1560,2,-1,6,1
201401TW60412,2,9,0,4,0,8,0,0,0,0,2,1,1,1,-1,-1,-1,-1,-1,6,1
201401TW60412,3,1,0,18,0,8,0,0,0,0,1,1,6,1,17,4,-1,-1,-1,3,1
201401TW60413,1,11,0,5,0,8,0,0,0,0,0,1,1,1,48,8,9000,2,5,6,1
201401TW60414,1,9,0,4,0,8,0,0,0,0,2,1,2,1,22,5,1896,2,12,5,1
201401TW60414,2,9,0,18,0,8,0,0,0,0,1,1,2,1,46,8,2143,2,4,4,1
201401TW60415,1,11,0,5,0,8,0,0,0,0,0,1,1,1,36,7,6374,2,3,4,1
201401TW60417,1,9,0,18,0,0,0,0,7,2,1,1,6,1,51,8,2967,2,7,5,1
201401TW60418,1,3,0,9,0,8,1,4,0,0,3,1,6,1,17,4,-1,-1,-1,-1,-1
201401TW60418,2,9,0,2,0,8,0,0,0,0,4,1,6,2,80,11,1590,1,11,9,1
201401TW60419,1,1,0,5,0,8,0,0,0,0,3,1,2,2,44,7,-1,-1,-1,10,1
201401TW60419,2,20,0,13,0,8,0,0,0,0,1,1,6,1,-1,-1,-1,-1,-1,-1,-1
201401TW60420,1,9,0,9,0,8,0,0,0,0,3,1,2,2,44,7,2184,2,10,7,1
201401TW60420,2,3,0,13,0,8,0,0,0,0,1,1,1,1,34,6,125,1,8,8,1
201401TW60421,1,9,0,18,0,8,0,0,0,0,3,1,6,2,65,9,1797,8,1,9,1
201401TW60421,2,1,0,18,0,8,0,0,0,0,1,1,6,1,68,10,-1,-1,-1,10,1
201401TW60422,1,19,0,11,0,0,0,0,0,0,1,1,1,1,22,5,-1,-1,-1,2,1
201401TW60422,2,3,0,15,0,0,0,0,0,0,3,1,2,1,47,8,-1,-1,-1,5,1
201401TW60423,1,3,0,14,0,1,0,0,0,0,1,1,6,3,-1,-1,-1,-1,-1,-1,-1
201401TW60424,1,1,0,18,0,8,0,0,0,0,1,1,2,1,22,5,-1,-1,-1,8,1
201401TW60424,2,9,0,9,0,8,0,0,0,0,3,1,6,1,-1,-1,-1,-1,-1,-1,-1
201401TW60425,1,1,0,14,0,0,0,4,0,0,1,1,2,2,45,7,-1,-1,-1,10,1
201401TW60425,2,10,0,2,0,0,0,0,0,0,3,1,6,1,-1,-1,-1,-1,-1,-1,-1
201401TW60426,1,1,0,18,0,8,0,0,0,0,3,1,2,1,45,7,-1,-1,-1,3,1
201401TW60426,2,9,0,7,0,8,0,0,1,0,1,1,6,1,-1,-1,1910,2,6,-1,-1
201401TW60427,1,9,0,5,9,0,0,0,0,0,3,1,2,2,48,8,-1,-1,-1,6,3
201401TW60427,2,1,0,18,0,0,0,0,1,0,1,1,6,1,-1,-1,-1,-1,-1,-1,-1
201401TW60428,1,9,0,9,0,8,0,0,0,0,3,1,1,1,25,5,1124,1,17,4,1
201401TW60428,2,1,0,13,0,8,0,0,0,0,1,1,1,1,45,7,-1,-1,-1,5,1
201401TW60429,1,1,0,7,0,8,0,0,0,0,1,1,6,1,21,5,-1,-1,-1,2,1
201401TW60429,2,11,0,9,0,8,0,0,0,0,1,1,1,1,39,7,3900,2,9,5,1
201401TW60430,1,8,0,12,0,8,0,0,0,0,3,1,1,1,36,7,2499,2,6,4,1
201401TW60430,2,1,0,14,0,8,0,0,0,0,1,1,6,2,37,7,-1,-1,-1,5,1
201401TW60431,1,8,0,5,0,0,0,0,0,0,3,1,1,1,-1,-1,1797,8,4,-1,-1
201401TW60433,1,9,0,18,0,0,0,4,0,0,1,1,6,1,23,5,1149,1,7,8,1
201401TW60433,2,9,0,2,0,0,0,0,0,0,2,1,6,3,-1,-1,1896,2,10,-1,-1
201401TW60433,3,9,0,2,0,0,0,0,0,0,2,1,6,3,-1,-1,996,1,5,-1,-1
201401TW60434,1,1,0,15,0,8,0,0,0,0,1,1,6,1,43,7,-1,-1,-1,7,1
201401TW60434,2,9,0,9,0,8,0,0,0,0,4,1,6,2,-1,-1,-1,-1,-1,-1,-1
201401TW60435,1,9,0,7,0,8,0,0,0,0,4,1,6,1,-1,-1,1995,1,12,2,1
201401TW60435,2,1,0,18,0,8,0,0,1,0,1,1,4,2,43,7,-1,-1,-1,6,1
201401TW60436,1,9,0,9,0,0,0,0,1,0,1,1,6,2,41,7,2204,2,7,-1,-1
201401TW60436,2,5,0,14,0,0,0,0,0,0,4,1,6,1,30,6,-1,-1,-1,6,1
201401TW60437,1,9,0,18,0,0,0,0,0,0,1,1,1,1,72,10,2993,2,4,-1,-1
201401TW60438,1,9,0,18,0,8,0,0,0,0,4,1,4,2,18,4,998,1,4,3,1
201401TW60438,2,9,0,18,0,8,0,0,0,0,1,1,6,2,41,7,1596,1,2,-1,-1
201401TW60439,1,11,0,4,0,8,0,0,0,0,1,1,1,1,42,7,4500,2,4,8,1
201401TW60440,1,9,0,9,0,8,0,0,0,0,1,1,1,1,61,9,-1,-1,-1,-1,1
201401TW60440,2,11,0,18,0,8,0,0,0,0,1,1,1,1,38,7,9000,2,5,7,1
201401TW60441,1,1,0,18,0,8,0,11,0,0,1,1,6,1,57,9,-1,-1,-1,3,1
201401TW60442,1,9,0,17,0,8,0,10,1,2,1,1,2,1,22,5,1896,2,9,3,1
201401TW60443,1,1,0,18,0,8,0,0,0,0,1,1,2,1,33,6,-1,-1,-1,5,1
201401TW60443,2,9,0,9,0,8,0,0,0,0,1,1,6,2,-1,-1,-1,-1,-1,-1,-1
201401TW60445,1,5,0,18,0,0,0,0,0,0,3,1,6,1,24,5,599,1,7,8,1
201401TW60445,2,9,0,17,0,0,0,0,0,0,1,1,6,1,49,8,1781,1,16,10,1
201401TW60446,1,19,0,9,0,8,0,0,1,0,4,1,1,1,28,6,1968,2,2,3,1
201401TW60446,2,1,0,18,0,8,0,0,0,0,1,1,2,2,31,6,-1,-1,-1,6,1
201401TW60447,1,8,0,1,0,0,0,0,0,0,2,1,1,1,54,8,2143,2,5,4,1
201401TW60448,1,9,0,18,0,0,0,0,0,0,1,1,6,2,20,4,998,1,2,10,1
201401TW60448,2,9,0,12,0,0,0,0,1,0,1,1,6,1,65,9,1968,2,6,8,1
201401TW60449,1,1,0,18,0,8,0,0,0,0,1,1,6,2,29,6,-1,-1,-1,2,1
201401TW60449,2,9,0,9,0,8,0,0,0,0,4,1,6,2,-1,-1,1896,2,12,-1,-1
201401TW60450,1,9,0,18,0,8,0,0,0,0,3,1,6,2,46,8,1994,2,7,-1,-1
201401TW60450,2,9,0,9,0,8,0,0,0,0,1,1,6,1,-1,-1,-1,-1,-1,-1,-1
201401TW60451,1,3,0,4,0,8,0,0,0,0,3,1,6,1,17,4,-1,-1,-1,7,1
201401TW60451,2,9,0,7,0,8,0,0,0,0,1,1,6,2,34,6,-1,-1,-1,5,1
201401TW60453,1,9,0,18,0,1,0,0,0,0,1,1,2,1,54,8,2143,2,-1,7,1
201401TW60453,2,1,0,9,0,1,0,0,0,0,2,1,2,1,35,6,-1,-1,-1,4,1
201401TW60454,1,1,0,14,0,0,0,0,0,0,1,1,1,2,17,4,-1,-1,-1,8,1
201401TW60454,2,9,0,3,0,0,0,0,0,0,4,1,3,1,34,6,1998,1,10,7,1
201401TW60455,1,9,0,9,0,8,0,0,0,0,3,1,4,2,22,5,1796,1,17,-1,-1
201401TW60455,2,9,0,18,0,8,0,0,0,0,1,1,6,1,21,5,1598,1,10,5,1
201401TW60455,3,5,0,7,0,8,0,0,0,0,0,1,6,1,52,8,-1,-1,-1,2,1
201401TW60456,1,11,0,4,0,8,0,0,0,0,0,1,1,1,49,8,8268,2,13,4,1
201401TW60457,1,9,0,3,0,0,0,0,0,0,2,1,2,2,29,6,1995,2,1,9,1
201401TW60457,2,9,0,18,0,0,0,0,0,0,1,1,6,1,72,10,1390,1,5,2,1
201401TW60459,1,19,0,18,0,8,0,0,0,0,1,1,1,1,62,9,1867,2,10,5,1
201401TW60459,2,3,0,9,0,8,0,0,0,0,1,1,6,1,18,4,125,1,9,6,1
201401TW60460,1,9,0,3,0,8,0,0,0,0,0,1,6,1,63,9,1600,2,4,-1,-1
201401TW60460,2,9,0,5,0,8,0,0,0,0,0,1,6,1,37,7,1390,1,13,-1,-1
201401TW60461,1,11,0,5,0,0,0,0,0,0,0,1,1,1,43,7,6374,2,3,5,1
201401TW60462,1,9,0,12,0,0,0,0,1,0,1,1,6,1,-1,-1,2143,2,1,-1,-1
201401TW60462,2,9,0,18,0,0,0,0,0,0,1,1,6,1,52,8,1797,8,4,-1,-1
201401TW60463,1,19,0,7,0,8,0,0,0,0,4,1,6,1,34,6,1995,2,1,5,1
201401TW60463,2,1,0,18,0,8,0,0,0,0,1,1,6,1,28,6,-1,-1,-1,7,1
201401TW60464,1,3,0,4,0,0,1,0,0,0,0,1,2,1,42,7,263,1,3,4,1
201401TW60464,2,90,0,6,0,0,0,0,0,0,0,1,6,1,-1,-1,-1,-1,-1,-1,-1
201401TW60465,1,9,0,13,0,8,0,0,0,0,4,1,1,1,45,7,-1,-1,-1,3,3
201401TW60465,2,1,0,5,0,8,0,10,0,0,3,1,2,1,37,7,-1,-1,-1,6,1
201401TW60466,1,9,0,18,0,0,0,0,0,0,1,1,6,1,54,8,1275,1,-1,8,1
201401TW60466,2,19,0,2,0,0,0,0,0,0,0,1,1,1,24,5,-1,-1,-1,9,1
201401TW60467,1,9,0,9,0,8,0,0,0,0,4,1,2,1,44,7,1399,2,6,8,1
201401TW60467,2,1,0,18,0,8,0,0,0,0,1,1,2,1,26,6,-1,-1,-1,8,1
201401TW60468,1,1,0,14,0,8,0,4,0,0,1,1,6,1,59,9,-1,-1,-1,-1,-1
201401TW60468,2,9,0,2,0,8,0,0,1,0,2,1,6,1,-1,-1,1598,2,2,10,1
201401TW60470,1,9,0,14,0,0,0,4,0,0,4,1,6,1,56,9,1990,1,6,9,1
201401TW60470,2,9,0,2,0,0,0,0,0,0,3,1,6,2,42,7,1995,1,5,9,1
201401TW60471,1,9,0,4,0,0,0,0,0,0,1,1,6,2,46,8,-1,-1,-1,2,1
201401TW60471,2,9,0,4,0,0,0,0,0,0,2,1,6,1,27,6,1968,2,1,8,1
201401TW60471,3,9,0,4,0,0,0,0,0,0,2,1,6,1,28,6,1461,2,-1,8,1
201401TW60471,4,9,0,4,0,0,0,0,0,0,2,1,6,1,54,8,998,1,2,5,1
201401TW60472,1,9,0,9,0,8,0,0,0,0,1,1,6,1,54,8,1968,2,3,6,1
201401TW60472,2,5,0,18,0,8,0,0,0,0,3,1,6,1,36,7,-1,-1,-1,5,1
201401TW60473,1,9,0,18,0,0,0,0,0,0,3,1,6,1,59,9,999,1,2,6,1
201401TW60474,1,20,0,18,0,0,0,0,0,0,1,1,1,1,66,10,10837,2,3,8,1
201401TW60474,2,1,0,15,0,0,0,0,1,0,4,1,2,1,34,6,-1,-1,-1,3,1
201401TW60475,1,11,0,3,0,8,0,0,0,0,2,1,1,1,52,8,9400,2,9,7,1
201401TW60475,2,8,0,5,0,8,0,0,0,0,1,1,1,1,41,7,-1,-1,-1,-1,-1
201401TW60477,1,9,0,7,0,8,0,0,0,0,4,1,2,1,28,6,1461,2,-1,-1,-1
201401TW60477,2,4,0,18,0,8,0,0,0,0,1,1,2,1,23,5,125,1,9,-1,-1
201401TW60478,1,1,0,4,0,8,0,0,0,0,1,1,6,1,33,6,-1,-1,-1,6,1
201401TW60478,2,9,0,9,0,8,0,0,0,0,3,1,6,2,70,10,-1,-1,-1,-1,-1
201401TW60479,1,9,0,3,0,8,0,0,0,0,2,1,6,1,61,9,1339,1,5,4,1
201401TW60479,2,9,0,4,0,8,0,0,0,0,1,1,6,1,-1,-1,1364,2,1,-1,-1
201401TW60480,1,9,0,4,0,0,0,0,0,0,3,1,6,1,32,6,1598,1,7,4,1
201401TW60480,2,1,0,18,0,0,0,0,0,0,3,1,6,1,-1,-1,-1,-1,-1,-1,-1
201401TW60481,1,9,0,14,0,8,0,0,0,0,1,1,6,2,48,8,2902,2,10,7,1
201401TW60481,2,11,0,4,0,8,0,0,0,0,2,1,1,1,36,7,5883,2,13,3,1
201401TW60482,1,1,0,3,0,0,0,0,0,0,1,1,6,1,36,7,-1,-1,-1,9,1
201401TW60482,2,9,0,1,0,0,0,0,0,0,2,1,6,1,-1,-1,-1,-1,-1,-1,-1
201401TW60483,1,19,0,9,0,8,0,0,0,0,1,1,6,1,47,8,1870,2,7,6,1
201401TW60483,2,1,0,18,0,8,0,0,0,0,1,1,6,1,41,7,-1,-1,-1,7,1
201401TW60483,3,1,0,18,0,8,0,0,0,0,1,1,6,1,42,7,-1,-1,-1,8,1
201401TW60483,4,1,0,18,0,8,0,0,0,0,1,1,6,1,27,6,-1,-1,-1,-1,-1
201401TW60484,1,9,0,9,0,8,0,0,0,0,3,1,2,1,29,6,1995,2,6,8,1
201401TW60484,2,5,0,13,0,8,0,0,0,0,1,1,2,1,45,7,998,1,15,9,1
201401TW60485,1,9,0,9,0,8,0,0,0,0,3,1,6,1,55,8,-1,-1,-1,10,1
201401TW60485,2,5,0,18,0,8,0,0,0,0,1,1,1,2,52,8,-1,-1,-1,10,1
201401TW60486,1,9,0,17,0,3,0,0,0,0,2,1,6,1,36,7,1997,2,6,7,1
201401TW60486,2,1,0,17,0,3,0,0,0,0,1,1,4,1,35,6,-1,-1,-1,6,1
201401TW60487,1,1,0,4,0,0,0,0,1,0,1,1,6,2,47,8,-1,-1,-1,9,1
201401TW60488,1,9,0,18,0,0,0,0,0,0,0,1,6,1,70,10,1968,2,-1,-1,-1
201401TW60488,2,1,0,15,0,0,0,10,1,0,4,1,6,1,50,8,-1,-1,-1,8,1
201401TW60489,1,11,0,4,0,8,0,0,1,0,4,1,1,1,49,8,9000,2,5,6,1
201401TW60490,1,11,0,3,0,8,0,0,0,0,0,1,1,1,52,8,4500,2,4,9,1
201401TW60490,2,9,0,14,0,8,0,0,0,0,1,1,6,1,56,9,1796,1,10,5,1
201401TW60491,1,5,0,13,0,8,0,0,0,0,1,1,2,1,31,6,695,1,6,10,1
201401TW60491,2,9,0,9,0,8,0,0,0,0,3,1,2,1,34,6,-1,-1,-1,4,1
201401TW60492,1,1,0,9,0,8,0,0,0,0,3,1,2,1,42,7,-1,-1,-1,10,1
201401TW60492,2,19,0,18,0,8,0,0,0,0,1,1,6,3,-1,-1,2488,2,9,-1,-1
201401TW60493,1,9,0,9,0,8,0,0,0,0,3,1,6,2,73,10,1299,1,13,9,1
201401TW60493,2,3,0,15,0,8,0,0,0,0,1,1,6,1,42,7,125,1,10,10,1
201401TW60494,1,11,0,4,0,0,0,0,0,0,4,1,1,3,-1,-1,-1,-1,-1,-1,-1
201401TW60495,1,9,0,18,0,0,0,0,0,0,1,1,3,2,30,6,1296,1,8,7,1
201401TW60496,1,8,0,3,0,0,0,0,0,0,2,1,2,1,23,5,1596,1,9,3,1
201401TW60496,2,9,0,18,0,0,0,0,0,0,1,1,2,2,20,4,-1,-1,-1,9,1
201401TW60497,1,9,0,9,0,8,0,0,0,0,1,1,6,2,24,5,998,1,21,7,1
201401TW60497,2,4,0,15,0,8,0,0,0,0,1,1,6,1,68,10,279,1,3,10,1
201401TW60498,1,9,0,9,0,8,0,9,2,1,1,1,6,1,33,6,1995,1,7,8,1
201401TW60499,1,9,0,18,0,8,0,0,0,0,1,1,6,1,49,8,1968,2,5,7,1
201401TW60499,2,9,0,9,0,8,0,0,0,0,1,1,6,2,31,6,1797,8,-1,8,1
201401TW60500,1,1,0,5,0,8,0,0,0,0,3,1,6,1,23,5,-1,-1,-1,8,1
201401TW60500,2,9,0,9,0,8,0,0,1,0,1,1,6,2,-1,-1,1598,1,12,-1,-1
201401TW60502,1,1,0,14,0,8,0,4,0,0,1,1,2,2,28,6,-1,-1,-1,8,1
201401TW60502,2,9,0,2,0,8,0,0,0,0,3,1,6,1,37,7,1794,1,13,3,1
201401TW60503,1,3,0,14,0,8,0,0,0,0,1,1,2,2,31,6,124,1,4,5,1
201401TW60503,2,9,0,9,0,8,0,0,0,0,1,1,2,2,45,7,1998,2,10,8,1
201401TW60504,1,9,0,18,0,0,0,0,0,0,1,1,6,1,27,6,1199,1,13,9,1
201401TW60504,2,1,0,5,0,0,0,0,0,0,3,1,6,2,55,8,-1,-1,-1,8,1
201401TW60505,1,9,0,9,0,8,0,0,0,0,3,1,6,1,29,6,1198,1,12,4,1
201401TW60505,2,1,0,18,0,8,0,0,0,0,1,1,1,1,33,6,-1,-1,-1,5,1
201401TW60506,1,1,0,14,0,8,0,0,0,0,1,1,2,1,29,6,-1,-1,-1,8,1
201401TW60506,2,9,0,9,0,8,0,0,0,0,3,1,6,2,-1,-1,1242,1,10,-1,-1
201401TW60507,1,5,0,18,0,0,0,0,0,0,4,1,6,1,50,8,-1,-1,-1,3,1
201401TW60507,2,9,0,7,0,0,0,0,0,0,1,1,6,2,-1,-1,-1,-1,-1,7,1
201401TW60509,1,1,0,5,0,8,0,0,0,0,1,1,6,1,59,9,-1,-1,-1,6,1
201401TW60509,2,9,0,4,0,8,0,0,0,0,2,1,6,3,-1,-1,-1,-1,-1,-1,-1