Accident_Index,Vehicle_Reference,Vehicle_Type,Towing_and_Articulation,Vehicle_Manoeuvre,Vehicle_Location-Restricted_Lane,Junction_Location,Skidding_and_Overturning,Hit_Object_in_Carriageway,Vehicle_Leaving_Carriageway,Hit_Object_off_Carriageway,1st_Point_of_Impact,Was_Vehicle_Left_Hand_Drive?,Journey_Purpose_of_Driver,Sex_of_Driver,Age_of_Driver,Age_Band_of_Driver,Engine_Capacity_(CC),Propulsion_Code,Age_of_Vehicle,Driver_IMD_Decile,Driver_Home_Area_Type
201401TW60510,1,9,0,9,0,8,0,0,0,0,3,1,6,2,41,7,2199,2,2,9,1
201401TW60510,2,2,0,13,0,8,0,0,0,0,1,1,6,1,18,4,49,1,14,4,1
201401TW60511,1,9,0,18,0,8,0,7,1,0,4,1,6,1,-1,-1,1396,1,18,-1,-1
201401TW60512,1,9,0,4,0,8,0,0,0,0,2,1,6,1,48,8,1198,1,6,10,1
201401TW60512,2,9,0,4,0,8,0,0,0,0,1,1,6,3,-1,-1,1198,1,-1,-1,-1
201401TW60513,1,5,0,14,0,0,0,0,0,0,1,1,2,1,53,8,1170,1,-1,7,1
201401TW60513,2,9,0,6,0,0,0,0,1,0,3,1,2,1,-1,-1,1560,2,10,7,1
201401TW60514,1,5,0,5,0,0,0,0,0,0,3,1,6,1,42,7,-1,-1,-1,7,1
201401TW60514,2,9,0,18,0,0,0,1,0,0,1,1,6,2,23,5,-1,-1,-1,9,1
201401TW60515,1,9,0,9,0,8,0,0,0,0,3,1,2,1,39,7,1995,2,12,-1,-1
201401TW60515,2,5,0,13,0,8,0,0,1,0,1,1,2,1,51,8,-1,-1,-1,8,1
201401TW60516,1,1,0,18,0,8,0,0,0,0,1,1,2,2,44,7,-1,-1,-1,6,1
201401TW60516,2,9,0,9,0,8,0,0,0,0,4,1,6,1,-1,-1,1242,1,7,8,1
201401TW60517,1,9,0,4,0,8,0,0,1,0,2,1,6,1,26,6,-1,-1,-1,4,1
201401TW60517,2,9,0,18,0,8,0,0,0,0,1,1,6,1,35,6,-1,-1,-1,2,1
201401TW60518,1,9,0,2,0,0,0,0,0,0,3,1,3,2,37,7,1560,2,4,10,1
201401TW60518,2,19,0,14,0,0,0,4,0,0,4,1,1,3,-1,-1,-1,-1,-1,-1,-1
201401TW60519,1,1,0,5,0,0,0,0,0,0,4,1,6,1,24,5,-1,-1,-1,-1,-1
201401TW60519,2,8,0,1,0,0,0,0,0,0,1,1,6,1,52,8,1896,2,10,9,1
201401TW60520,1,9,0,3,0,8,0,0,0,0,2,1,6,1,39,7,2497,1,9,4,1
201401TW60520,2,9,0,5,0,8,0,0,0,0,1,1,6,1,45,7,2987,2,7,9,1
201401TW60521,1,9,0,3,0,0,0,0,0,0,2,1,1,1,59,9,-1,-1,-1,5,1
201401TW60521,2,9,0,4,0,0,0,0,0,0,1,1,6,1,-1,-1,2993,2,6,-1,-1
201401TW60523,1,19,0,9,0,0,0,0,0,0,3,1,1,1,52,8,1995,2,5,10,1
201401TW60523,2,1,0,18,5,0,0,0,0,0,1,1,6,1,-1,-1,-1,-1,-1,5,1
201401TW60525,1,11,0,3,0,0,0,0,0,0,0,1,1,2,52,8,5883,2,12,1,1
201401TW60526,1,3,0,18,0,0,0,0,0,0,4,1,4,1,17,4,125,1,3,-1,-1
201401TW60526,2,9,0,12,0,0,0,0,0,0,1,1,6,2,66,10,1896,2,11,6,1
201401TW60528,1,10,0,9,0,8,0,0,1,0,1,1,3,1,34,6,4249,2,6,6,1
201401TW60528,2,1,0,18,0,8,0,0,0,0,1,1,6,2,69,10,-1,-1,-1,-1,-1
201401TW60529,1,9,0,16,0,8,0,0,1,0,1,1,6,1,46,8,1997,2,12,9,1
201401TW60529,2,9,0,16,0,8,0,0,1,0,2,1,6,1,51,8,1391,1,19,9,1
201401TW60529,3,9,0,16,0,8,0,0,0,0,2,1,6,1,-1,-1,1598,2,2,5,1
201401TW60532,1,9,0,9,0,8,0,0,0,0,1,1,2,1,24,5,2143,2,3,3,1
201401TW60532,2,5,0,14,0,8,0,0,0,0,1,1,2,1,28,6,600,1,8,10,1
201401TW60533,1,8,0,5,0,0,0,0,0,0,1,1,6,1,49,8,-1,-1,-1,6,1
201401TW60533,2,1,0,5,0,0,0,0,0,0,3,1,6,1,10,2,-1,-1,-1,8,1
201401TW60534,1,9,0,9,0,8,0,0,0,0,1,1,2,1,43,7,4163,1,3,-1,-1
201401TW60534,2,5,0,18,0,8,0,0,0,0,1,1,2,1,52,8,398,1,6,5,1
201401TW60535,1,9,0,13,0,0,0,0,0,0,4,1,6,2,37,7,-1,-1,-1,9,1
201401TW60535,2,1,0,12,0,0,0,0,0,0,1,1,6,1,20,4,-1,-1,-1,7,1
201401TW60536,1,1,0,18,0,0,0,0,0,0,1,1,6,1,42,7,-1,-1,-1,10,1
201401TW60537,1,9,0,4,0,8,0,0,0,0,2,1,6,1,49,8,1998,2,8,7,1
201401TW60537,2,5,0,18,0,8,0,0,0,0,1,1,1,1,35,6,899,1,15,5,1
201401TW60538,1,8,0,9,0,8,0,0,0,0,1,1,1,1,56,9,1797,8,4,-1,-1
201401TW60539,1,1,0,18,0,8,0,0,0,0,4,1,2,2,63,9,-1,-1,-1,9,1
201401TW60539,2,9,0,9,0,8,0,0,0,0,1,1,2,1,49,8,1598,1,13,6,1
201401TW60540,1,9,0,6,0,8,0,0,0,0,3,1,6,2,25,5,1248,1,2,7,1
201401TW60540,2,1,0,14,0,8,0,0,0,0,1,1,6,1,47,8,-1,-1,-1,3,1
201401TW60541,1,9,0,5,0,0,0,0,0,0,1,1,4,2,59,9,1240,1,5,7,1
201401TW60541,2,9,0,3,0,0,0,0,1,0,3,1,6,2,44,7,1590,1,9,-1,-1
201401TW60542,1,9,0,18,0,0,0,0,0,0,1,1,1,2,-1,-1,-1,-1,-1,-1,-1
201401TW60543,1,1,0,9,0,8,0,0,0,0,1,1,6,1,44,7,-1,-1,-1,10,1
201401TW60543,2,9,0,18,0,8,0,0,0,0,1,1,6,1,-1,-1,-1,-1,-1,-1,-1
201401TW60545,1,9,0,9,0,8,0,0,0,0,1,1,6,2,65,9,-1,-1,-1,9,1
201401TW60545,2,9,0,5,0,8,0,0,0,0,1,1,6,1,48,8,1598,1,11,6,1
201401TW60546,1,11,0,11,0,0,0,0,0,0,0,1,1,1,54,8,9000,2,5,5,1
201401TW60547,1,9,0,17,0,8,1,11,1,1,1,1,6,1,30,6,1299,1,12,4,1
201401TW60548,1,1,0,18,0,0,0,0,0,0,1,1,6,1,40,7,-1,-1,-1,-1,-1
201401TW60549,1,9,0,5,0,8,0,0,0,0,1,1,1,1,45,7,1598,2,4,8,1
201401TW60549,2,1,0,16,0,8,0,0,0,0,1,1,6,1,47,8,-1,-1,-1,9,1
201401TW60550,1,9,0,18,0,8,0,0,0,0,1,1,6,1,31,6,2494,1,13,-1,-1
201401TW60550,2,1,0,18,0,8,0,0,0,0,2,1,6,1,22,5,-1,-1,-1,8,1
201401TW60551,1,1,0,18,0,8,0,10,1,2,1,1,6,2,50,8,-1,-1,-1,3,1
201401TW60552,1,19,0,5,0,8,0,0,0,0,1,1,1,1,31,6,1753,2,2,6,1
201401TW60552,2,3,0,5,0,8,0,0,0,0,1,1,2,1,20,4,124,1,-1,9,1
201401TW60553,1,9,0,18,0,0,0,0,0,0,1,1,6,3,-1,-1,-1,-1,-1,-1,-1
201401TW60554,1,3,0,18,0,8,0,0,0,0,1,1,6,1,24,5,125,1,9,4,1
201401TW60554,2,9,0,9,0,8,0,0,0,0,3,1,6,1,64,9,3189,1,10,-1,-1
201401TW60555,1,9,0,4,0,0,0,0,0,0,1,1,2,2,21,5,1242,1,7,3,1
201401TW60555,2,9,0,4,0,0,0,0,0,0,2,1,6,1,56,9,1984,1,5,10,1
201401TW60555,3,9,0,4,0,0,0,0,0,0,2,1,6,2,75,10,1995,2,2,-1,-1
201401TW60555,4,9,0,18,0,0,0,0,0,0,2,1,1,1,41,7,1956,2,3,6,1
201401TW60556,1,9,0,9,0,8,0,0,0,0,1,1,6,2,27,6,1388,1,11,-1,3
201401TW60556,2,9,0,18,0,8,0,0,1,0,1,1,6,2,45,7,1998,1,11,6,1
201401TW60557,1,9,0,4,0,0,0,0,0,0,4,1,3,2,45,7,1995,2,-1,7,1
201401TW60558,1,9,0,4,0,0,0,0,0,0,2,1,6,1,53,8,1560,2,7,5,1
201401TW60558,2,9,0,18,0,0,0,0,0,0,1,1,6,1,-1,-1,-1,-1,-1,-1,-1
201401TW60559,1,5,0,18,0,8,0,0,0,0,1,1,6,1,53,8,-1,-1,-1,9,1
201401TW60559,2,9,0,9,0,8,0,0,0,0,1,1,6,1,-1,-1,-1,-1,-1,8,1
201401TW60560,1,9,0,9,0,8,0,0,0,0,1,1,2,2,32,6,1999,1,1,6,1
201401TW60560,2,1,0,18,0,8,0,0,0,0,1,1,2,1,36,7,-1,-1,-1,-1,-1
201401TW60561,1,9,0,18,0,0,0,0,0,0,2,1,2,2,38,7,1995,2,11,9,1
201401TW60561,2,5,0,18,0,0,0,0,0,0,1,1,6,1,56,9,1670,1,9,10,1
201401TW60563,1,9,0,3,0,8,0,0,0,0,2,1,6,2,46,8,1995,1,4,6,1
201401TW60563,2,9,0,18,0,8,0,0,0,0,1,1,6,1,-1,-1,1198,1,9,9,1
201401TW60564,1,3,0,7,0,8,1,0,0,0,0,1,6,1,20,4,125,1,9,3,1
201401TW60565,1,1,0,18,0,0,0,0,0,0,2,1,2,1,-1,-1,-1,-1,-1,-1,-1
201401TW60565,2,9,0,13,0,0,0,0,0,0,4,1,6,3,-1,-1,-1,-1,-1,-1,-1
201401TW60566,1,9,0,5,0,0,2,4,0,0,4,1,6,1,28,6,1360,1,6,9,1
201401TW60566,2,9,0,2,0,0,0,0,0,0,3,1,6,3,-1,-1,1390,1,2,-1,-1
201401TW60567,1,9,0,14,0,0,0,0,0,0,3,1,1,1,-1,-1,1364,1,5,8,1
201401TW60567,2,20,0,14,0,0,0,0,0,0,1,1,1,1,-1,-1,2494,2,8,8,1
201401TW60570,1,9,0,5,0,8,0,0,0,0,2,1,6,1,57,9,1796,1,5,8,1
201401TW60570,2,9,0,18,0,8,0,0,0,0,1,1,6,1,-1,-1,-1,-1,-1,7,1
201401TW69002,1,9,0,18,0,0,0,0,1,10,1,1,6,2,59,9,1399,1,11,3,1
201401TW69006,1,11,0,7,0,8,0,0,0,0,4,1,1,1,29,6,5883,2,12,6,1
201401TW69008,1,9,0,16,0,8,0,0,0,0,1,1,2,1,33,6,1895,1,14,5,1
201401TW69008,2,1,0,17,0,8,0,0,0,0,2,1,1,1,38,7,-1,-1,-1,9,1
201401TW69014,1,1,0,9,0,8,0,0,0,0,1,1,4,1,47,8,-1,-1,-1,9,1
201401TW69014,2,9,0,9,0,8,0,0,0,0,4,1,6,1,-1,-1,2521,1,10,9,1
201401TW69023,1,9,0,3,0,8,0,0,0,0,2,1,4,1,41,7,1995,2,4,8,1
201401TW69023,2,9,0,4,0,8,0,0,0,0,1,1,6,1,29,6,1248,2,8,1,1
201401TW69040,1,9,0,4,0,1,0,0,0,0,2,1,6,2,50,8,1396,1,12,9,1
201401TW69040,2,9,0,18,0,1,0,0,0,0,1,1,6,1,19,4,1390,1,8,10,1
201401TX20001,1,11,0,18,0,0,0,0,0,0,0,1,1,1,50,8,8268,2,11,5,1
201401TX20002,1,20,0,9,0,5,0,0,7,10,1,1,1,1,43,7,4461,2,6,-1,-1
201401TX20002,2,9,0,4,0,8,1,0,0,0,1,1,6,1,46,8,1587,1,17,-1,-1
201401TX20003,1,9,0,18,0,1,0,10,7,10,1,1,2,1,44,7,-1,-1,-1,9,2
201401TX20005,1,9,0,4,0,1,0,0,0,0,1,1,2,1,28,6,1995,2,7,5,1
201401TX20005,2,9,0,3,0,1,0,0,0,0,2,1,6,2,27,6,1390,1,17,6,1
201401TX20006,1,9,0,7,0,6,0,0,0,0,0,1,6,2,69,10,1242,1,17,4,1
201401TX20006,2,4,0,4,0,8,1,0,0,0,0,1,2,1,49,8,125,1,1,4,1
201401TX20007,1,8,0,9,0,8,0,0,0,0,1,1,1,1,53,8,-1,-1,-1,2,1
201401TX20007,2,3,0,18,0,8,0,0,0,0,4,1,6,1,20,4,124,1,4,4,1
201401TX20009,1,9,0,5,0,8,0,0,0,0,1,1,1,2,27,6,875,1,1,-1,-1
201401TX20009,2,9,0,8,0,8,0,0,0,0,2,1,6,3,-1,-1,-1,-1,-1,-1,-1
201401TX20010,1,9,0,5,0,0,0,4,0,0,1,1,6,2,24,5,1598,1,11,8,1
201401TX20014,1,9,0,12,2,8,0,0,0,0,3,1,6,1,58,9,1910,2,7,5,1
201401TX20014,2,9,0,18,0,8,0,0,0,0,4,1,6,1,24,5,998,1,2,2,1
201401TX20015,1,1,0,18,0,8,0,0,0,0,1,1,6,1,15,3,-1,-1,-1,6,1
201401TX20016,1,9,0,7,0,5,0,0,0,0,1,1,6,2,58,9,1596,1,4,7,1
201401TX20017,1,9,0,18,0,8,0,0,0,0,1,1,6,1,39,7,1598,1,1,3,1
201401TX20017,2,9,0,18,0,8,0,0,0,0,3,1,6,1,50,8,1968,2,2,-1,-1
201401TX20018,1,9,0,18,0,8,0,0,0,0,1,1,6,1,62,9,1998,1,16,-1,-1
201401TX20018,2,9,0,4,0,8,0,0,0,0,2,1,6,2,49,8,1997,1,1,5,1
201401TX20019,1,9,0,4,0,1,0,0,0,0,2,1,6,2,44,7,1596,1,7,7,1
201401TX20019,2,9,0,18,0,1,0,0,0,0,1,1,6,2,31,6,1995,1,5,8,1
201401TX20020,1,9,0,18,0,8,0,0,0,0,1,1,6,2,58,9,1360,1,11,-1,-1
201401TX20020,2,9,0,9,0,6,0,0,0,0,3,1,6,1,52,8,-1,-1,-1,9,1
201401TX20021,1,9,0,4,0,0,0,0,0,0,2,1,6,1,36,7,1896,2,13,3,1
201401TX20021,2,4,0,4,0,0,1,0,0,0,1,1,6,1,20,4,125,1,4,3,1
201401TX20022,1,9,0,7,0,6,0,7,1,2,3,1,6,1,47,8,1598,2,3,5,1
201401TX20022,2,9,0,4,0,8,0,0,0,0,1,1,6,1,25,5,973,1,12,4,1
201401TX20023,1,9,0,18,0,0,0,0,0,0,4,1,6,1,54,8,1389,1,9,6,1
201401TX20023,2,9,0,4,0,0,0,0,0,0,3,1,6,1,56,9,1995,1,7,8,1
201401TX20023,3,9,0,11,0,0,0,0,0,0,4,1,6,1,17,4,1390,1,8,4,1
201401TX20024,1,3,0,4,0,0,1,0,0,0,0,1,6,1,50,8,124,1,1,2,1
201401TX20024,2,9,0,4,0,0,0,0,0,0,0,1,6,1,-1,-1,1461,2,2,4,1
201401TX20025,1,19,0,18,0,1,0,0,0,0,3,1,6,1,42,7,-1,-1,-1,4,1
201401TX20025,2,9,0,9,0,8,0,0,0,0,1,1,6,1,25,5,1995,2,10,5,1
201401TX20027,1,9,0,18,0,0,0,0,0,0,1,1,6,2,50,8,1329,1,5,9,1
201401TX20029,1,9,0,9,0,8,0,0,0,0,4,1,6,2,38,7,1796,1,11,-1,-1
201401TX20029,2,1,0,15,0,8,0,0,0,0,1,1,6,1,20,4,-1,-1,-1,-1,-1
201401TX20030,1,9,0,18,0,8,0,0,0,0,1,1,6,2,24,5,1398,1,11,8,1
201401TX20030,2,9,0,9,0,8,0,0,0,0,1,1,6,1,-1,-1,1329,1,2,-1,-1
201401TX20031,1,9,0,18,0,8,0,0,0,0,1,1,6,2,21,5,973,1,13,4,1
201401TX20031,2,9,0,9,0,8,0,0,0,0,3,1,6,2,23,5,1198,1,4,3,1
201401TX20032,1,1,0,18,0,0,0,0,0,0,1,1,4,1,13,3,-1,-1,-1,8,1
201401TX20032,2,9,0,3,0,0,0,0,0,0,2,1,6,1,30,6,1984,1,18,5,1
201401TX20036,1,9,0,5,0,8,0,0,0,0,0,1,6,2,66,10,1598,1,2,5,1
201401TX20036,2,3,0,18,0,8,0,0,0,0,3,1,1,1,24,5,125,1,8,3,1
201401TX20037,1,5,0,18,0,0,0,0,0,0,1,1,1,1,-1,-1,1052,1,14,-1,-1
201401TX20038,1,9,0,18,0,3,0,0,0,0,1,1,6,2,44,7,1910,2,7,4,1
201401TX20038,2,9,0,9,0,1,0,0,0,0,1,1,6,1,21,5,1997,1,13,-1,-1
201401TX20040,1,9,0,9,0,8,0,0,0,0,3,1,6,1,67,10,1991,2,5,-1,1
201401TX20040,2,1,0,18,0,8,0,0,0,0,1,1,6,1,51,8,-1,-1,-1,5,1
201401TX20041,1,9,0,4,0,0,0,0,0,0,1,1,6,2,43,7,2457,1,11,10,1
201401TX20041,2,9,0,4,0,0,0,0,0,0,2,1,6,1,46,8,2499,2,8,4,1
201401TX20042,1,9,0,9,0,8,0,0,0,0,3,1,6,1,39,7,1998,2,5,4,1
201401TX20042,2,3,0,14,0,8,0,0,0,0,1,1,6,1,25,5,125,1,6,5,1
201401TX20043,1,9,0,18,0,0,0,0,0,0,1,1,6,1,-1,-1,-1,-1,-1,-1,-1
201401TX20045,1,9,0,18,0,8,5,0,0,0,4,1,6,1,23,5,1388,1,7,-1,1
201401TX20045,2,9,0,18,0,8,0,0,0,0,1,1,6,1,37,7,1968,2,3,9,1
201401TX20047,1,1,0,17,0,8,0,0,0,0,3,1,2,1,49,8,-1,-1,-1,10,1
201401TX20047,2,9,0,11,0,8,0,0,0,0,4,1,6,3,-1,-1,-1,-1,-1,-1,-1
201401TX20048,1,9,0,9,0,8,0,0,0,0,1,1,2,1,53,8,2987,2,7,10,1
201401TX20048,2,9,0,18,0,8,0,0,0,0,1,1,2,1,39,7,1910,2,4,2,1
201401TX20049,1,9,0,9,0,8,0,0,0,0,4,1,6,2,58,9,1796,1,8,-1,-1
201401TX20049,2,1,0,18,0,8,0,0,0,0,1,1,6,1,34,6,-1,-1,-1,9,1
201401TX20050,1,9,0,3,0,1,0,0,0,0,2,1,6,1,54,8,1397,1,6,5,1
201401TX20050,2,9,0,4,0,1,0,0,0,0,1,1,6,3,-1,-1,-1,-1,-1,-1,-1
201401TX20051,1,19,0,18,0,0,0,0,0,0,4,1,6,3,-1,-1,-1,-1,-1,-1,-1
201401TX20052,1,9,0,9,0,8,0,0,0,0,1,1,6,1,72,10,1794,1,20,7,1
201401TX20052,2,3,0,18,0,8,0,0,0,0,4,1,6,1,28,6,108,1,6,2,1
201401TX20053,1,1,0,18,0,8,0,0,0,0,1,1,2,2,34,6,-1,-1,-1,4,1
201401TX20053,2,9,0,9,0,8,0,0,0,0,3,1,6,3,-1,-1,-1,-1,-1,-1,-1
201401TX20054,1,9,0,5,0,2,0,0,0,0,3,1,6,2,31,6,1896,2,10,9,1
201401TX20054,2,1,0,15,0,2,0,0,0,0,4,1,6,1,48,8,-1,-1,-1,5,1
201401TX20055,1,9,0,4,0,1,0,0,0,0,1,1,2,2,31,6,1364,1,10,10,1
201401TX20055,2,9,0,3,0,1,0,0,0,0,2,1,2,2,31,6,1362,1,1,4,1
201401TX20055,3,9,0,3,0,1,0,0,0,0,2,1,6,1,-1,-1,1598,1,8,-1,-1
201401TX20056,1,9,0,4,0,1,1,0,0,0,1,1,6,1,37,7,1198,1,10,2,1
201401TX20056,2,9,0,4,0,1,0,0,0,0,2,1,6,2,21,5,1582,2,2,5,1
201401TX20059,1,3,0,17,0,8,0,0,0,0,3,1,2,1,49,8,599,1,8,7,1
201401TX20059,2,9,0,13,0,8,0,0,0,0,4,1,2,1,40,7,1896,2,11,5,1
201401TX20060,1,9,0,18,0,8,0,0,0,0,4,1,6,1,52,8,1968,2,4,2,1
201401TX20060,2,9,0,18,0,8,0,0,0,0,3,1,6,1,-1,-1,1968,2,4,-1,-1
201401TX20061,1,9,0,18,0,8,0,0,0,0,4,1,6,2,37,7,-1,-1,-1,1,1
201401TX20061,2,9,0,9,0,8,0,0,0,0,1,1,6,1,26,6,1299,1,11,8,1
201401TX20062,1,9,0,9,0,8,0,0,0,0,1,1,6,1,18,4,2000,2,5,5,1
201401TX20062,2,5,0,18,0,8,0,0,0,0,3,1,6,1,46,8,-1,-1,-1,-1,1
201401TX20063,1,1,0,15,0,8,0,0,0,0,1,1,6,1,29,6,-1,-1,-1,7,1
201401TX20063,2,10,0,3,0,8,0,0,0,0,4,1,1,1,25,5,-1,-1,-1,-1,-1
201401TX20064,1,9,0,3,0,1,0,0,0,0,2,1,2,2,28,6,1242,1,1,4,1
201401TX20064,2,9,0,11,0,1,0,0,0,0,1,1,6,1,-1,-1,1995,1,7,-1,-1
201401TX20065,1,9,0,18,0,0,0,0,0,0,4,1,6,1,29,6,-1,-1,-1,4,1
201401TX20066,1,1,0,4,9,1,0,10,1,5,1,1,6,1,33,6,-1,-1,-1,6,1
201401TX20067,1,9,0,18,0,0,0,0,0,0,3,1,6,1,32,6,1339,1,-1,8,1
201401TX20068,1,9,0,9,0,8,0,0,0,0,3,1,6,1,27,6,1895,1,14,6,1
201401TX20068,2,1,0,18,0,8,0,0,0,0,1,1,6,1,39,7,-1,-1,-1,6,1
201401TX20069,1,9,0,3,0,8,0,0,0,0,2,1,2,2,27,6,1587,1,11,4,1
201401TX20069,2,9,0,18,0,8,0,0,0,0,1,1,4,1,-1,-1,-1,-1,-1,-1,-1
201401TX20071,1,9,0,18,0,1,0,0,0,0,3,1,6,2,44,7,1999,1,9,7,1
201401TX20073,1,10,0,18,0,8,1,0,0,0,4,1,1,1,41,7,-1,-1,-1,-1,-1
201401TX20073,2,9,0,18,0,8,1,7,0,0,1,1,6,1,29,6,1595,2,4,4,1
201401TX20075,1,9,0,9,0,8,0,0,0,0,4,1,6,1,64,9,-1,-1,-1,6,1
201401TX20075,2,1,0,18,0,8,0,0,0,0,1,1,2,1,23,5,-1,-1,-1,4,1
201401TX20076,1,9,0,9,0,2,0,0,0,0,2,1,6,1,30,6,-1,-1,-1,-1,1
201401TX20076,2,9,0,9,0,2,0,0,0,0,1,1,6,2,-1,-1,1586,1,7,4,1
201401TX20077,1,9,0,18,0,3,0,0,0,0,2,1,6,1,34,6,1984,1,7,10,1
201401TX20077,2,19,0,18,0,3,0,0,0,0,1,1,1,1,32,6,-1,-1,-1,-1,-1
201401TX20079,1,9,0,9,0,8,0,0,0,0,3,1,1,1,54,8,-1,-1,-1,3,1
201401TX20079,2,1,0,18,0,8,0,0,0,0,1,1,6,1,16,4,-1,-1,-1,3,1
201401TX20080,1,9,0,9,0,8,0,0,0,0,3,1,6,2,17,4,-1,-1,-1,10,1
201401TX20080,2,9,0,5,0,8,0,0,0,0,3,1,6,1,41,7,1896,2,12,4,1
201401TX20081,1,9,0,18,0,2,0,0,0,0,4,1,6,1,31,6,1995,2,7,-1,-1
201401TX20081,2,1,0,18,9,2,0,0,0,0,3,1,6,1,16,4,-1,-1,-1,5,1
201401TX20082,1,9,0,18,0,1,0,0,0,0,3,1,6,2,34,6,1198,1,10,4,1
201401TX20084,1,9,0,10,0,1,0,0,0,0,2,1,6,1,44,7,1995,2,-1,10,1
201401TX20084,2,3,0,4,0,1,0,0,0,0,1,1,6,1,37,7,125,1,4,5,1
201401TX20085,1,8,0,18,0,0,0,0,0,0,4,1,6,3,-1,-1,-1,-1,-1,-1,-1
201401TX20085,2,9,0,12,0,0,0,0,4,0,3,1,6,1,27,6,1997,1,13,6,1
201401TX20085,3,9,0,12,0,0,0,0,0,0,3,1,6,3,-1,-1,-1,-1,-1,-1,-1
201401TX20086,1,9,0,18,0,0,0,0,0,0,4,1,6,1,36,7,1749,1,12,-1,-1
201401TX20087,1,4,0,18,0,8,1,0,4,6,3,1,2,1,38,7,330,1,-1,3,1
201401TX20087,2,9,0,9,0,8,0,0,0,0,1,1,2,1,41,7,1299,1,10,10,1
201401TX20087,3,9,0,3,0,2,0,0,0,0,2,1,6,2,38,7,1783,1,10,4,1
201401TX20088,1,9,0,18,0,8,0,0,0,0,1,1,1,1,36,7,-1,-1,-1,2,1
201401TX20088,2,9,0,18,0,8,0,0,0,0,4,1,6,1,29,6,1781,1,13,-1,-1
201401TX20089,1,1,0,18,0,8,0,0,0,0,4,1,6,1,54,8,-1,-1,-1,4,1
201401TX20089,2,9,0,9,0,8,0,0,0,0,1,1,6,2,35,6,998,1,11,4,1
201401TX20090,1,9,0,9,0,8,0,0,0,0,1,1,1,1,65,9,1797,8,5,4,1
201401TX20090,2,1,0,5,9,8,0,0,0,0,3,1,6,1,69,10,-1,-1,-1,-1,1
201401TX20091,1,9,0,5,0,1,0,0,0,0,4,1,6,1,30,6,1968,2,6,-1,-1
201401TX20091,2,9,0,5,0,1,0,0,0,0,3,1,6,1,58,9,1299,1,9,4,1
201401TX20092,1,8,0,4,0,8,0,0,0,0,0,1,1,1,66,10,2402,2,9,10,1
201401TX20092,2,19,0,12,0,8,0,0,0,0,0,1,6,1,27,6,1753,2,6,-1,1
201401TX20094,1,9,0,7,0,2,0,0,0,0,4,1,6,1,59,9,1799,1,17,2,1
201401TX20094,2,90,0,18,9,1,0,0,0,0,2,1,6,1,77,11,-1,-1,-1,2,1
201401TX20095,1,9,0,4,0,1,0,0,0,0,2,1,6,2,20,4,1124,1,9,8,1
201401TX20095,2,9,0,18,0,1,0,0,0,0,1,1,6,1,23,5,999,1,13,-1,1
201401TX20096,1,9,0,3,0,1,0,0,0,0,2,1,6,1,32,6,1984,1,8,6,1
201401TX20096,2,9,0,3,0,1,0,0,0,0,2,1,6,3,-1,-1,-1,-1,-1,-1,-1
201401TX20096,3,9,0,5,0,1,0,0,0,0,1,1,1,1,45,7,1968,2,4,10,2
201401TX20097,1,3,0,9,0,8,0,0,0,0,1,1,6,1,34,6,-1,-1,-1,4,1
201401TX20097,2,9,0,5,0,8,0,0,0,0,1,1,6,1,49,8,2996,2,4,-1,-1
201401TX20098,1,2,0,18,0,0,0,0,0,0,4,1,6,1,24,5,49,1,5,4,1
201401TX20098,2,9,0,18,0,0,0,0,0,0,4,1,6,1,62,9,1587,1,13,5,1
201401TX20099,1,1,0,18,0,1,0,0,0,0,1,1,6,1,48,8,-1,-1,-1,7,1
201401TX20099,2,9,0,6,0,1,0,0,0,0,3,1,6,3,-1,-1,-1,-1,-1,-1,-1
201401TX20100,1,19,0,16,0,0,0,0,0,0,1,1,6,1,32,6,2461,2,7,3,1
201401TX20102,1,9,0,18,0,1,0,0,0,0,2,1,6,1,-1,-1,-1,-1,-1,3,1
201401TX20102,2,9,0,18,0,1,0,0,0,0,1,1,6,1,46,8,-1,-1,-1,6,1
201401TX20103,1,11,0,18,0,0,0,0,0,0,4,1,6,3,-1,-1,-1,-1,-1,-1,-1
201401TX20105,1,9,0,7,0,1,0,0,0,0,1,1,6,1,18,4,1398,1,4,5,1
201401TX20105,2,9,0,18,0,1,0,0,0,0,3,1,1,2,50,8,2143,2,3,5,1
201401TX20106,1,5,0,18,0,0,1,0,0,0,3,1,6,1,40,7,-1,-1,-1,-1,-1
201401TX20106,2,19,0,11,0,0,0,0,0,0,4,1,6,3,-1,-1,-1,-1,-1,-1,-1
201401TX20107,1,21,0,9,0,8,0,0,0,0,4,1,1,1,55,8,11705,2,6,6,1
201401TX20107,2,5,0,18,0,8,0,0,0,0,1,1,6,1,24,5,599,1,8,6,1
201401TX20108,1,9,0,5,0,1,0,0,0,0,2,1,1,1,28,6,-1,-1,-1,-1,-1
201401TX20108,2,9,0,5,0,1,0,0,0,0,1,1,1,2,52,8,1968,2,1,-1,-1
201401TX20109,1,9,0,9,0,8,0,0,0,0,2,1,6,1,25,5,3000,2,5,4,1
201401TX20109,2,9,0,5,0,8,0,0,0,0,1,1,6,1,43,7,1689,2,13,4,1
201401TX20110,1,9,0,9,0,8,0,0,0,0,1,1,6,2,25,5,-1,-1,-1,8,1
201401TX20110,2,9,0,1,0,8,0,0,0,0,2,1,6,2,28,6,-1,-1,-1,3,1
201401TX20111,1,9,0,18,0,0,0,0,4,0,3,1,6,1,23,5,1796,1,6,1,1
201401TX20112,1,11,0,5,0,1,0,0,0,0,4,1,6,3,-1,-1,-1,-1,-1,-1,-1
201401TX20113,1,9,0,6,0,1,0,10,7,10,2,1,6,2,38,7,1497,8,6,5,1
201401TX20115,1,11,0,5,0,8,0,0,1,0,0,1,1,2,44,7,9000,2,5,-1,-1
201401TX20117,1,4,0,18,0,1,0,0,0,0,3,1,6,1,34,6,125,1,2,-1,-1