Accident_Index,Vehicle_Reference,Vehicle_Type,Towing_and_Articulation,Vehicle_Manoeuvre,Vehicle_Location-Restricted_Lane,Junction_Location,Skidding_and_Overturning,Hit_Object_in_Carriageway,Vehicle_Leaving_Carriageway,Hit_Object_off_Carriageway,1st_Point_of_Impact,Was_Vehicle_Left_Hand_Drive?,Journey_Purpose_of_Driver,Sex_of_Driver,Age_of_Driver,Age_Band_of_Driver,Engine_Capacity_(CC),Propulsion_Code,Age_of_Vehicle,Driver_IMD_Decile,Driver_Home_Area_Type
201401TX20117,2,9,0,13,0,1,0,0,0,0,4,1,6,3,-1,-1,-1,-1,-1,-1,-1
201401TX20119,1,9,0,18,0,2,0,10,1,2,1,1,6,2,47,8,1360,1,15,3,1
201401TX20120,1,9,0,3,0,1,0,0,0,0,2,1,1,1,46,8,1796,1,7,2,1
201401TX20120,2,9,0,18,0,1,0,0,0,0,1,1,1,1,26,6,-1,-1,-1,3,1
201401TX20121,1,9,0,17,0,3,0,0,0,0,4,1,6,2,55,8,1498,1,6,5,1
201401TX20121,2,9,0,17,0,3,0,0,0,0,3,1,6,2,20,4,1198,1,7,7,1
201401TX20122,1,9,0,7,0,8,0,0,0,0,1,1,6,3,-1,-1,-1,-1,-1,-1,-1
201401TX20123,1,1,0,9,0,0,0,0,0,0,3,1,6,1,20,4,-1,-1,-1,-1,-1
201401TX20123,2,9,0,18,0,0,0,0,0,0,1,1,6,3,-1,-1,-1,-1,-1,-1,-1
201401TX20124,1,9,0,9,0,8,0,0,0,0,3,1,6,1,91,11,1796,1,9,-1,1
201401TX20125,1,9,0,9,0,8,0,0,0,0,1,1,1,1,38,7,4511,1,8,2,1
201401TX20125,2,3,0,14,0,8,0,0,0,0,3,1,6,1,51,8,124,1,5,1,1
201401TX20126,1,9,0,9,0,2,0,0,0,0,1,1,6,1,52,8,1595,1,5,3,1
201401TX20127,1,9,0,18,0,0,0,0,0,0,4,1,6,1,-1,-1,1896,2,9,-1,-1
201401TX20128,1,9,0,7,0,1,0,0,0,0,4,1,2,2,40,7,-1,-1,-1,-1,-1
201401TX20128,2,1,0,15,0,1,0,0,0,0,3,1,2,1,28,6,-1,-1,-1,5,1
201401TX20130,1,21,0,9,0,8,0,0,0,0,1,1,1,1,51,8,4462,2,1,7,1
201401TX20130,2,1,0,18,5,8,0,0,0,0,3,1,6,1,21,5,-1,-1,-1,3,1
201401TX20132,1,9,0,9,0,8,0,0,0,0,0,1,1,1,34,6,1749,1,7,4,1
201401TX20132,2,1,0,18,0,8,0,0,0,0,0,1,1,1,56,9,-1,-1,-1,9,3
201401TX20133,1,9,0,3,0,2,0,0,0,0,2,1,6,2,21,5,1299,1,10,-1,1
201401TX20133,2,9,0,4,0,2,0,0,0,0,1,1,6,3,-1,-1,-1,-1,-1,-1,-1
201401TX20134,1,9,0,18,0,1,0,0,0,0,4,1,6,1,-1,-1,1198,1,8,10,1
201401TX20134,2,5,0,18,0,1,0,8,0,0,1,1,6,1,40,7,1050,1,4,9,1
201401TX20137,1,9,0,18,0,0,0,0,0,0,1,1,6,1,47,8,1870,2,11,2,1
201401TX20139,1,9,0,4,0,8,1,0,0,0,1,1,6,1,23,5,1299,1,14,3,1
201401TX20139,2,8,0,3,0,8,0,0,0,0,2,1,1,1,32,6,1399,1,5,2,1
201401TX20140,1,9,0,12,0,0,0,0,6,0,3,1,6,2,44,7,1149,1,11,3,1
201401TX20140,2,9,0,18,0,0,0,0,0,0,4,1,1,1,37,7,2149,2,7,5,1
201401TX20140,3,9,0,18,0,0,0,4,4,0,1,1,6,1,43,7,1968,2,1,-1,-1
201401TX20140,4,9,0,2,0,0,0,0,0,0,3,1,6,3,-1,-1,2000,1,5,-1,-1
201401TX20140,5,9,0,2,0,0,0,0,0,0,3,1,6,3,-1,-1,1796,1,3,-1,-1
201401TX20141,1,9,0,3,0,0,0,0,0,0,2,1,6,1,41,7,1995,2,5,-1,3
201401TX20141,2,9,0,18,0,0,0,0,0,0,1,1,6,1,-1,-1,1796,1,9,-1,-1
201401TX20142,1,9,0,2,0,0,0,0,0,0,1,1,6,2,42,7,1598,1,9,5,1
201401TX20142,2,9,0,1,0,0,0,4,1,0,2,1,6,2,-1,-1,1596,1,16,-1,-1
201401TX20143,1,9,0,5,0,8,0,0,0,0,0,1,6,1,47,8,1598,1,14,4,1
201401TX20143,2,9,0,5,0,8,0,0,0,0,1,1,6,2,34,6,-1,-1,-1,4,1
201401TX20143,3,9,0,9,0,8,0,0,0,0,2,1,6,2,49,8,1390,1,13,4,1
201401TX20144,1,9,0,9,0,8,0,0,0,0,4,1,6,1,65,9,3628,2,7,8,1
201401TX20144,2,4,0,15,0,8,0,0,0,0,1,1,6,1,35,6,400,1,21,8,1
201401TX20145,1,5,0,4,0,0,1,0,0,0,0,1,2,1,38,7,-1,-1,-1,10,1
201401TX20146,1,9,0,3,0,0,0,0,0,0,2,1,6,1,40,7,1598,1,1,4,1
201401TX20146,2,9,0,3,0,0,0,0,0,0,2,1,2,2,58,9,1400,2,9,4,1
201401TX20146,3,19,0,4,0,0,0,0,0,0,1,1,1,1,31,6,1995,2,3,7,1
201401TX20147,1,9,0,17,0,8,0,0,0,0,2,1,2,1,42,7,2987,2,3,-1,-1
201401TX20147,2,19,0,12,0,8,0,0,0,0,4,1,6,3,-1,-1,2998,2,6,-1,-1
201401TX20148,1,1,0,18,0,8,0,0,0,0,1,1,2,1,38,7,-1,-1,-1,2,1
201401TX20148,2,9,0,9,0,8,0,0,0,0,4,1,6,1,-1,-1,-1,-1,-1,-1,-1
201401TX20149,1,9,0,3,0,8,0,0,0,0,2,1,6,2,21,5,1124,1,13,5,1
201401TX20149,2,9,0,18,0,8,0,0,0,0,1,1,6,1,35,6,1796,1,15,-1,-1
201401TX20150,1,9,0,17,0,8,1,0,0,0,2,1,6,2,59,9,2204,2,6,10,1
201401TX20150,2,3,0,17,0,8,0,0,0,0,1,1,6,2,59,9,124,1,8,4,1
201401TX20151,1,8,0,16,0,8,0,0,1,0,2,1,1,1,47,8,1997,2,4,9,1
201401TX20151,2,21,4,12,0,8,0,0,0,0,1,1,1,1,-1,-1,-1,-1,-1,-1,-1
201401TX20152,1,4,0,16,0,8,0,0,0,0,2,1,2,2,20,4,-1,-1,-1,6,1
201401TX20152,2,9,0,16,0,8,0,0,0,0,1,1,6,3,-1,-1,-1,-1,-1,-1,-1
201401TX20153,1,9,0,3,0,8,0,0,0,0,2,1,2,1,59,9,-1,-1,-1,10,1
201401TX20153,2,9,0,18,0,8,0,0,1,0,1,1,2,1,37,7,-1,-1,-1,-1,1
201401TX20154,1,9,0,3,0,0,0,0,0,0,2,1,6,2,43,7,1796,7,11,8,3
201401TX20154,2,9,0,3,0,0,0,0,0,0,2,1,6,1,20,4,-1,-1,-1,6,1
201401TX20154,3,9,0,18,0,0,0,0,0,0,1,1,6,2,22,5,1598,1,10,3,1
201401TX20155,1,9,0,7,0,8,0,0,0,0,3,1,6,1,-1,-1,2688,2,11,-1,-1
201401TX20155,2,3,0,18,0,8,0,0,0,0,1,1,6,1,45,7,124,1,11,10,1
201401TX20156,1,9,0,3,0,1,0,0,0,0,2,1,6,1,28,6,1679,1,13,3,1
201401TX20156,2,9,0,4,0,1,0,0,0,0,1,1,6,2,35,6,1339,1,10,4,1
201401TX20160,1,9,0,4,0,8,0,0,0,0,2,1,6,1,43,7,1968,2,3,4,1
201401TX20160,2,9,0,4,0,8,0,0,0,0,1,1,6,2,40,7,-1,-1,-1,3,1
201401TX20160,3,9,0,4,0,8,0,0,0,0,2,1,6,1,22,5,1229,1,8,-1,-1
201401TX20161,1,3,0,3,0,7,0,0,0,0,3,1,6,1,19,4,124,1,7,5,1
201401TX20161,2,9,0,14,0,8,0,0,0,0,1,1,6,1,19,4,2171,1,12,5,1
201401TX20162,1,1,0,18,0,1,0,0,0,0,2,1,6,1,21,5,-1,-1,-1,8,1
201401TX20162,2,9,0,7,0,1,0,0,0,0,1,1,6,3,-1,-1,-1,-1,-1,-1,-1
201401TX20163,1,9,0,18,0,8,0,0,0,0,1,1,6,2,49,8,-1,-1,-1,5,1
201401TX20163,2,1,0,9,0,8,0,0,0,0,3,1,6,1,54,8,-1,-1,-1,7,1
201401TX20164,1,9,0,18,0,1,0,0,0,0,3,1,6,1,27,6,1596,1,7,4,1
201401TX20164,2,9,0,11,0,1,0,0,0,0,4,1,6,3,-1,-1,-1,-1,-1,-1,-1
201401TX20165,1,9,0,9,0,8,0,0,1,1,3,1,6,2,55,8,998,1,1,9,1
201401TX20165,2,3,0,18,0,8,0,0,0,0,1,1,6,1,27,6,125,1,16,9,1
201401TX20166,1,9,0,3,0,8,0,0,0,0,3,1,6,1,30,6,-1,-1,-1,7,1
201401TX20166,2,9,0,7,0,8,0,0,0,0,1,1,6,1,-1,-1,1998,2,9,-1,-1
201401TX20167,1,9,0,16,0,8,0,0,0,0,2,1,2,2,47,8,2179,2,2,10,1
201401TX20167,2,5,0,16,0,8,0,0,0,0,1,1,2,1,41,7,955,1,15,10,1
201401TX20167,3,21,0,17,0,8,0,0,0,0,0,1,1,3,-1,-1,11705,2,7,-1,-1
201401TX20169,1,11,0,3,0,8,0,0,0,0,4,1,6,1,60,9,4500,2,3,8,1
201401TX20171,1,9,0,7,0,0,0,0,0,0,4,1,6,2,25,5,1248,2,7,2,1
201401TX20171,2,1,0,15,0,0,0,0,0,0,1,1,6,1,52,8,-1,-1,-1,3,1
201401TX20172,1,9,0,18,0,2,0,0,0,0,2,1,6,1,41,7,1968,2,9,-1,-1
201401TX20172,2,3,0,18,0,2,0,0,0,0,2,1,6,1,30,6,124,1,5,5,1
201401TX20172,3,9,0,18,0,2,0,0,0,0,1,1,1,1,23,5,-1,-1,-1,5,1
201401TX20173,1,9,0,18,0,0,0,0,0,0,1,1,6,1,31,6,1796,1,12,2,1
201401TX20173,2,9,0,4,0,0,0,0,0,0,2,1,6,1,52,8,2967,2,3,10,3
201401TX20173,3,9,0,4,0,0,0,0,0,0,2,1,6,1,-1,-1,3222,2,11,10,1
201401TX20174,1,9,0,11,0,0,0,0,0,0,4,1,6,1,44,7,1896,2,10,3,1
201401TX20174,2,5,0,18,0,0,0,0,0,0,3,1,2,1,28,6,998,1,5,1,1
201401TX20175,1,11,0,18,0,0,0,0,0,0,0,1,1,1,34,6,-1,-1,-1,8,1
201401TX20176,1,9,0,18,0,2,0,0,0,0,4,1,6,3,-1,-1,-1,-1,-1,-1,-1
201401TX20177,1,9,0,18,0,1,0,7,0,0,3,1,6,1,90,11,1997,2,11,7,1
201401TX20178,1,8,0,4,0,8,0,0,0,0,0,1,1,1,66,10,2148,2,5,10,1
201401TX20180,1,5,0,3,0,1,0,0,0,0,2,1,6,1,42,7,599,1,14,7,1
201401TX20180,2,9,0,18,0,1,0,0,0,0,1,1,6,2,-1,-1,2967,2,5,7,1
201401TX20181,1,9,0,18,0,8,0,0,0,0,1,1,6,1,29,6,1298,1,16,2,1
201401TX20181,2,9,0,7,0,8,0,0,0,0,1,1,6,3,-1,-1,-1,-1,-1,-1,-1
201401TX20182,1,11,0,18,0,1,0,0,0,0,1,1,1,1,40,7,4500,2,3,3,1
201401TX20182,2,9,0,13,0,1,0,0,0,0,2,1,6,1,41,7,1596,1,3,4,1
201401TX20183,1,3,0,18,0,8,0,0,0,0,1,1,2,2,23,5,-1,-1,-1,7,1
201401TX20183,2,9,0,9,0,8,0,0,0,0,1,1,2,2,-1,-1,1388,1,6,-1,-1
201401TX20184,1,9,0,1,0,0,0,0,0,0,2,1,1,2,31,6,1598,2,2,8,1
201401TX20184,2,1,0,18,0,0,0,0,0,0,4,1,6,2,19,4,-1,-1,-1,7,1
201401TX20185,1,9,0,17,0,8,0,0,0,0,3,1,6,1,62,9,-1,-1,-1,4,1
201401TX20185,2,9,0,16,0,8,0,0,1,0,4,1,6,2,42,7,-1,-1,-1,2,1
201401TX20186,1,9,0,17,0,8,0,0,0,0,3,1,6,2,28,6,2656,1,13,4,1
201401TX20186,2,9,0,17,0,8,0,0,0,0,4,1,6,1,-1,-1,1997,2,4,-1,-1
201401TX20189,1,9,0,18,0,8,5,10,3,10,4,1,6,2,28,6,1461,2,3,3,1
201401TX20190,1,9,0,3,0,2,0,0,0,0,2,1,6,2,33,6,1598,1,8,4,1
201401TX20190,2,9,0,18,0,2,0,0,0,0,1,1,6,1,21,5,-1,-1,-1,5,1
201401TX20191,1,9,0,18,0,0,0,0,0,0,2,1,6,1,29,6,1390,1,13,1,1
201401TX20191,2,9,0,18,0,0,0,0,0,0,2,1,6,1,22,5,4520,1,35,6,1
201401TX20191,3,9,0,18,0,0,0,0,0,0,2,1,6,1,38,7,-1,-1,-1,6,1
201401TX20191,4,9,0,18,0,0,0,0,0,0,2,1,6,1,58,9,-1,-1,-1,1,1
201401TX20191,5,9,0,18,0,0,0,0,0,0,1,1,6,1,45,7,1997,1,10,2,1
201401TX20192,1,9,0,4,0,8,0,0,0,0,3,1,2,1,24,5,1598,1,8,5,1
201401TX20192,2,3,0,4,0,8,0,0,0,0,1,1,2,1,24,5,-1,-1,-1,5,1
201401TX20193,1,11,0,9,0,8,0,0,0,0,3,1,1,1,59,9,6700,2,5,4,1
201401TX20193,2,1,0,18,0,8,0,0,0,0,1,1,6,2,35,6,-1,-1,-1,5,1
201401TX20194,1,9,0,9,0,8,0,0,0,0,3,1,6,1,23,5,1199,2,1,4,1
201401TX20194,2,9,0,18,0,8,0,0,0,0,1,1,6,1,40,7,-1,-1,-1,9,1
201401TX20195,1,9,0,9,0,8,0,0,0,0,1,1,6,1,42,7,1360,1,9,4,1
201401TX20195,2,4,0,18,0,8,0,0,0,0,3,1,6,1,58,9,-1,-1,-1,10,1
201401TX20196,1,9,0,3,0,0,0,0,0,0,2,1,6,1,27,6,-1,-1,-1,-1,-1
201401TX20196,2,9,0,18,0,0,0,0,0,0,1,1,6,1,28,6,1595,1,10,4,1
201401TX20197,1,3,0,13,0,1,0,0,0,0,4,1,6,1,18,4,-1,-1,-1,5,1
201401TX20197,2,9,0,9,0,5,0,0,0,0,3,1,6,1,75,10,998,1,12,-1,-1
201401TX20198,1,4,0,18,0,0,0,0,0,0,1,1,6,1,18,4,102,1,8,3,1
201401TX20198,2,19,0,1,0,0,0,0,0,0,2,1,1,2,46,8,2402,2,8,4,1
201401TX20199,1,1,0,3,0,1,0,0,0,0,4,1,6,2,53,8,-1,-1,-1,6,1
201401TX20199,2,9,0,5,0,1,0,0,0,0,1,1,6,2,-1,-1,1061,1,10,5,1
201401TX20200,1,9,0,5,0,8,0,0,0,0,3,1,6,2,39,7,1998,1,9,3,1
201401TX20200,2,1,0,18,0,8,0,0,0,0,1,1,6,1,37,7,-1,-1,-1,9,1
201401TX20201,1,3,0,18,0,1,0,0,0,0,4,1,1,1,21,5,-1,-1,-1,5,1
201401TX20202,1,9,0,18,0,8,0,0,0,0,3,1,6,2,18,4,1360,1,12,9,1
201401TX20202,2,19,0,11,0,8,0,0,0,0,4,1,6,3,-1,-1,2148,2,7,-1,-1
201401TX20203,1,9,0,7,0,1,0,0,0,0,4,1,6,2,-1,-1,1596,1,2,10,2
201401TX20203,2,1,0,18,4,1,0,0,0,0,3,1,6,1,46,8,-1,-1,-1,-1,-1
201401TX20204,1,16,0,18,0,0,0,0,0,0,2,1,6,2,19,4,-1,-1,-1,4,1
201401TX20204,2,11,0,13,0,0,0,0,0,0,4,1,6,3,-1,-1,-1,-1,-1,-1,-1
201401TX20205,1,5,0,18,0,0,0,0,0,0,1,1,2,1,28,6,125,1,11,5,1
201401TX20206,1,9,0,5,0,0,0,0,0,0,2,1,6,2,52,8,1388,1,5,4,1
201401TX20206,2,9,0,18,0,0,0,0,0,0,1,1,6,1,33,6,1590,1,17,4,1
201401TX20207,1,9,0,9,0,2,0,0,0,0,3,1,6,1,-1,-1,-1,-1,-1,5,1
201401TX20208,1,3,0,18,0,0,0,0,0,0,1,1,6,1,-1,-1,-1,-1,-1,-1,-1
201401TX20208,2,9,0,11,0,0,0,0,0,0,3,1,6,1,40,7,1968,2,8,2,1
201401TX20208,3,20,0,18,0,0,0,0,0,0,2,1,1,1,47,8,3920,2,5,9,1
201401TX20209,1,9,0,3,0,8,0,0,0,0,2,1,6,1,37,7,1598,1,8,-1,3
201401TX20209,2,9,0,18,0,8,0,0,1,0,1,1,6,1,22,5,998,1,14,6,1
201401TX20211,1,9,0,9,0,5,0,0,0,0,4,1,6,1,23,5,2993,2,1,2,1
201401TX20211,2,19,0,18,0,8,0,0,0,0,1,1,6,1,36,7,1753,2,8,10,1
201401TX20212,1,1,0,18,0,0,0,0,0,0,3,1,6,1,30,6,-1,-1,-1,-1,1
201401TX20212,2,9,0,13,0,0,0,0,0,0,4,1,6,1,30,6,2143,2,-1,8,1
201401TX20213,1,2,0,9,0,5,0,0,0,0,4,1,6,1,-1,-1,-1,-1,-1,-1,-1
201401TX20213,2,1,0,18,0,8,0,0,0,0,1,1,2,1,22,5,-1,-1,-1,-1,-1
201401TX20214,1,19,0,9,0,6,0,0,0,0,1,1,1,1,36,7,2143,2,1,-1,-1
201401TX20214,2,3,0,14,0,8,0,0,0,0,1,1,6,1,20,4,124,1,5,8,1
201401TX20215,1,19,0,18,0,8,0,0,0,0,1,1,1,2,36,7,2151,2,9,5,1
201401TX20215,2,8,0,5,0,6,0,0,0,0,3,1,1,1,58,9,2499,2,6,1,1
201401TX20217,1,9,0,5,0,8,0,0,0,0,1,1,6,2,62,9,1995,2,6,-1,-1
201401TX20218,1,1,0,9,0,6,0,0,0,0,1,1,6,1,51,8,-1,-1,-1,5,1
201401TX20218,2,9,0,9,0,6,0,0,0,0,3,1,6,2,31,6,1299,1,12,4,1
201401TX20219,1,9,0,4,0,2,0,0,0,0,2,1,2,1,32,6,2993,2,3,-1,-1
201401TX20219,2,9,0,18,0,2,0,0,0,0,1,1,2,2,35,6,1600,2,3,-1,-1
201401TX20220,1,9,0,18,0,0,0,0,0,0,1,1,6,2,55,8,1910,2,9,10,1
201401TX20220,2,9,0,4,0,0,0,0,0,0,2,1,2,1,26,6,2204,2,7,3,1
201401TX20221,1,1,0,18,0,8,0,0,0,0,4,1,2,1,45,7,-1,-1,-1,-1,-1
201401TX20221,2,9,0,18,0,8,0,0,0,0,1,1,2,1,-1,-1,1794,1,11,3,1
201401TX20223,1,20,0,18,0,8,0,0,0,0,4,1,1,1,39,7,12740,2,1,5,1
201401TX20223,2,9,0,18,0,8,0,0,0,0,3,1,6,1,30,6,1229,1,5,6,1
201401TX20223,3,8,0,9,0,8,0,0,0,0,0,1,6,3,-1,-1,-1,-1,-1,-1,-1
201401TX20224,1,1,0,18,0,8,0,0,0,0,1,1,2,2,39,7,-1,-1,-1,5,1
201401TX20224,2,9,0,9,0,6,0,0,0,0,3,1,6,2,-1,-1,1364,1,5,3,1
201401TX20225,1,9,0,3,0,1,0,0,0,0,2,1,6,1,24,5,998,1,14,5,1
201401TX20225,2,9,0,4,0,1,0,0,0,0,1,1,6,1,-1,-1,1896,2,12,-1,-1
201401TX20226,1,1,0,4,0,8,1,0,0,0,0,1,6,1,28,6,-1,-1,-1,1,1
201401TX20226,2,9,0,10,0,8,0,0,0,0,0,1,6,1,57,9,1984,1,7,10,1
201401TX20227,1,9,0,3,0,1,0,0,0,0,2,1,6,2,21,5,-1,-1,-1,9,1
201401TX20227,2,1,0,18,0,1,0,0,0,0,1,1,6,1,38,7,-1,-1,-1,-1,-1
201401TX20228,1,9,0,18,0,1,0,0,0,0,1,1,6,1,35,6,1794,1,11,4,1
201401TX20230,1,5,0,4,0,0,1,0,0,0,3,1,1,1,53,8,636,1,11,-1,-1
201401TX20230,2,9,0,12,0,0,0,0,0,0,1,1,6,1,-1,-1,1995,1,11,-1,-1
201401TX20231,1,9,0,5,0,1,0,0,0,0,1,1,6,1,36,7,1998,1,10,4,1
201401TX20232,1,3,0,18,0,0,0,0,0,0,1,1,6,1,20,4,124,1,1,3,1
201401TX20233,1,9,0,18,0,1,0,0,0,0,1,1,6,1,-1,-1,-1,-1,-1,-1,-1
201401TX20234,1,9,0,18,0,8,0,0,0,0,1,1,6,1,63,9,2143,2,-1,3,1
201401TX20234,2,9,0,9,0,6,0,0,0,0,4,1,6,2,24,5,1248,2,5,10,1
201401TX20235,1,19,0,5,0,1,0,0,0,0,1,1,1,1,20,4,-1,-1,-1,8,1
201401TX20235,2,9,0,4,0,1,0,0,0,0,2,1,6,2,30,6,1590,1,13,2,1
201401TX20236,1,9,0,9,0,8,0,0,0,0,4,1,6,1,25,5,1598,2,4,5,1
201401TX20236,2,5,0,18,0,8,0,0,0,0,1,1,6,1,36,7,-1,-1,-1,4,1
201401TX20238,1,11,0,4,2,0,0,0,0,0,0,1,1,1,52,8,4500,2,4,9,1
201401TX20239,1,3,0,13,0,1,0,0,0,0,4,1,6,1,18,4,-1,-1,-1,-1,-1
201401TX20239,2,9,0,9,0,1,0,0,0,0,3,1,6,1,52,8,1896,2,10,7,1
201401TX20240,1,9,0,18,0,1,0,0,0,0,1,1,6,2,30,6,1598,1,15,2,1
201401TX20241,1,5,0,7,0,8,0,0,0,0,1,1,6,1,24,5,-1,-1,-1,3,1
201401TX20241,2,9,0,18,0,8,0,0,0,0,1,1,3,1,36,7,-1,-1,-1,5,1
201401TX20242,1,9,0,9,0,5,0,0,0,0,1,1,6,1,64,9,998,1,9,2,1
201401TX20244,1,9,0,7,0,6,0,0,0,0,1,1,2,1,55,8,1590,1,14,7,2
201401TX20244,2,9,0,18,0,8,1,0,1,10,4,1,6,2,40,7,1360,1,11,3,1
201401TX20245,1,9,0,9,0,5,0,0,0,0,1,1,2,1,34,6,1984,1,14,5,1
201401TX20245,2,2,0,18,0,8,0,0,0,0,1,1,2,1,31,6,49,1,5,3,1
201401TX20246,1,9,0,18,0,8,0,0,1,0,3,1,6,1,30,6,1781,1,9,3,1
201401TX20246,2,1,0,18,0,8,0,0,0,0,1,1,6,1,30,6,-1,-1,-1,2,1
201401TX20248,1,9,0,18,0,8,0,0,0,0,1,1,6,2,36,7,1595,1,13,2,1
201401TX20249,1,9,0,1,9,1,0,0,0,0,2,1,6,2,41,7,-1,-1,-1,3,1
201401TX20250,1,9,0,3,0,8,0,0,0,0,2,1,6,1,48,8,1598,1,13,4,1
201401TX20250,2,9,0,4,0,8,0,0,0,0,1,1,2,1,41,7,1390,1,3,2,1
201401TX20251,1,9,0,18,0,8,0,0,0,0,1,1,6,1,38,7,2993,2,1,3,1
201401TX20251,2,9,0,9,0,8,0,0,0,0,2,1,1,2,42,7,1968,2,1,8,1
201401TX20252,1,9,0,9,0,8,0,0,0,0,3,1,6,1,49,8,1590,1,15,10,1
201401TX20252,2,1,0,17,0,8,0,0,0,0,1,1,6,1,34,6,-1,-1,-1,4,1
201401TX20253,1,9,0,18,0,0,0,0,0,0,1,1,6,2,35,6,998,1,5,2,1
201401TX20255,1,9,0,4,0,8,5,4,0,0,1,1,6,2,46,8,1389,1,17,6,1
201401TX20255,2,9,0,2,0,8,0,0,0,0,3,1,6,1,33,6,1798,1,11,3,1
201401TX20256,1,3,0,18,0,8,0,0,0,0,3,1,6,2,43,7,-1,-1,-1,5,1
201401TX20256,2,9,0,9,0,8,0,0,1,0,1,1,6,1,58,9,1497,8,8,3,1
201401TX20257,1,9,0,5,0,0,0,0,0,0,2,1,6,1,55,8,1995,2,6,2,1
201401TX20257,2,9,0,5,0,0,0,0,0,0,1,1,2,1,50,8,1396,1,2,10,1
201401TX20257,3,19,0,4,0,0,0,0,0,0,1,1,6,1,34,6,2143,2,3,8,1
201401TX20257,4,9,0,5,0,0,0,0,0,0,1,1,6,1,64,9,1995,1,10,6,1
201401TX20258,1,9,0,5,0,8,0,0,0,0,1,1,2,2,39,7,1781,1,16,7,1
201401TX20258,2,9,0,3,0,8,0,0,0,0,2,1,2,1,29,6,1896,2,11,4,1
201401TX20260,1,9,0,9,0,1,0,0,0,0,3,1,2,2,40,7,1596,1,6,7,1
201401TX20260,2,5,0,13,0,1,0,0,0,0,1,1,1,1,52,8,499,1,13,-1,3
201401TX20261,1,9,0,3,0,0,0,0,0,0,4,1,6,2,43,7,998,1,5,4,1
201401TX20261,2,9,0,1,0,0,0,0,0,0,2,1,6,2,-1,-1,1910,2,4,3,1
201401TX20264,1,3,0,18,0,1,0,0,0,0,1,1,6,1,43,7,125,1,1,2,1
201401TX20264,2,9,0,9,0,2,0,0,0,0,3,1,6,1,36,7,1997,2,8,4,1
201401TX20265,1,8,0,18,0,0,0,0,1,0,4,1,6,1,44,7,1400,1,9,3,1
201401TX20265,2,9,0,7,0,0,0,0,0,0,1,1,6,2,-1,-1,1360,1,12,-1,-1
201401TX20266,1,9,0,18,0,0,0,0,0,0,3,1,6,1,26,6,1240,1,10,7,1
201401TX20268,1,8,0,18,0,0,0,0,1,0,3,1,1,1,42,7,1896,2,9,6,1
201401TX20268,2,9,0,11,0,0,0,0,0,0,4,1,6,3,-1,-1,-1,-1,-1,-1,-1
201401TX20269,1,9,0,18,0,0,0,10,4,2,1,1,6,1,39,7,1000,1,18,3,1
201401TX20270,1,3,0,14,0,8,0,0,0,0,4,1,6,1,17,4,124,1,1,4,1
201401TX20270,2,9,0,9,0,8,0,0,0,0,1,1,6,1,34,6,1461,2,5,4,1
201401TX20271,1,3,0,13,0,0,0,0,0,0,1,1,2,1,19,4,-1,-1,-1,3,1
201401TX20271,2,9,0,6,0,0,0,0,0,0,3,1,2,2,23,5,1198,1,9,3,1
201401TX20272,1,9,0,3,0,8,0,0,0,0,2,1,6,1,26,6,2000,2,9,3,1
201401TX20272,2,9,0,3,0,8,0,0,0,0,2,1,6,1,66,10,1951,2,9,6,1
201401TX20272,3,9,0,18,0,8,0,0,0,0,1,1,6,1,67,10,1061,1,11,4,1
201401TX20273,1,9,0,12,0,0,1,11,5,6,1,1,6,1,38,7,1796,1,10,8,1
201401TX20273,2,9,0,4,0,0,0,11,0,0,1,1,6,1,61,9,1560,2,5,3,1
201401TX20274,1,9,0,18,0,0,0,0,0,0,1,1,6,3,-1,-1,-1,-1,-1,-1,-1
201401TX20275,1,9,0,2,0,1,0,0,0,0,3,1,6,2,25,5,1968,2,5,2,1
201401TX20275,2,1,0,18,0,1,0,8,0,0,1,1,6,1,19,4,-1,-1,-1,7,1
201401TX20276,1,9,0,7,0,8,0,0,0,0,4,1,6,1,-1,-1,-1,-1,-1,-1,-1
201401TX20276,2,1,0,3,0,8,0,0,0,0,3,1,2,1,50,8,-1,-1,-1,3,1
201401TX20277,1,9,0,3,0,8,0,0,0,0,2,1,2,1,36,7,1995,2,5,-1,1
201401TX20277,2,9,0,18,0,8,0,0,0,0,1,1,6,3,-1,-1,-1,-1,-1,-1,-1
201401TX20279,1,9,0,18,0,8,5,10,1,4,4,1,6,1,23,5,-1,-1,-1,6,1
201401TX20280,1,9,0,9,0,8,0,0,1,0,1,1,4,1,52,8,1329,1,4,10,1
201401TX20280,2,3,0,18,0,8,0,0,0,0,3,1,6,1,24,5,-1,-1,-1,10,1
201401TX20281,1,11,0,3,0,0,0,0,0,0,0,1,1,1,63,9,4500,2,6,-1,1
201401TX20283,1,9,0,9,0,8,0,0,0,0,4,1,6,2,33,6,998,1,-1,3,1
201401TX20283,2,9,0,4,0,8,0,0,0,0,1,1,2,1,52,8,3498,1,7,-1,-1
201401TX20284,1,9,0,18,0,8,0,0,0,0,1,1,6,2,37,7,-1,-1,-1,3,1
201401TX20284,2,8,0,18,0,8,0,0,0,0,4,1,1,1,46,8,1497,8,6,3,1
201401TX20285,1,1,0,9,0,8,0,0,0,0,2,1,4,1,18,4,-1,-1,-1,4,1
201401TX20285,2,9,0,9,0,8,0,0,1,0,4,1,6,1,-1,-1,-1,-1,-1,-1,-1
201401TX20286,1,1,0,18,4,0,0,0,0,0,3,1,1,2,35,6,-1,-1,-1,3,1
201401TX20286,2,9,0,7,0,0,0,0,0,0,1,1,1,2,-1,-1,1598,2,2,-1,-1
201401TX20287,1,9,0,9,0,8,0,0,0,0,4,1,6,1,-1,-1,1588,1,14,4,1
201401TX20287,2,9,0,18,0,8,0,0,0,0,1,1,6,1,54,8,1986,2,9,4,1
201401TX20288,1,3,0,18,0,1,0,0,0,0,0,1,1,1,21,5,125,1,4,4,1