Accident_Index,Vehicle_Reference,Vehicle_Type,Towing_and_Articulation,Vehicle_Manoeuvre,Vehicle_Location-Restricted_Lane,Junction_Location,Skidding_and_Overturning,Hit_Object_in_Carriageway,Vehicle_Leaving_Carriageway,Hit_Object_off_Carriageway,1st_Point_of_Impact,Was_Vehicle_Left_Hand_Drive?,Journey_Purpose_of_Driver,Sex_of_Driver,Age_of_Driver,Age_Band_of_Driver,Engine_Capacity_(CC),Propulsion_Code,Age_of_Vehicle,Driver_IMD_Decile,Driver_Home_Area_Type
201401TX20449,1,9,0,3,0,1,0,0,0,0,2,1,6,1,35,6,2685,2,12,4,1
201401TX20449,2,9,0,4,0,1,0,0,0,0,1,1,6,1,18,4,698,1,10,10,1
201401TX20450,1,9,0,18,0,0,0,0,0,0,3,1,6,2,64,9,1598,1,8,7,1
201401TX20450,2,1,0,13,0,0,0,0,0,0,4,1,6,1,33,6,-1,-1,-1,5,1
201401TX20451,1,9,0,18,0,8,0,0,0,0,1,1,6,1,35,6,1390,1,13,-1,-1
201401TX20451,2,9,0,9,0,8,0,0,0,0,4,1,6,1,53,8,1997,1,11,-1,-1
201401TX20451,3,11,0,3,0,8,0,0,0,0,3,1,1,1,45,7,8268,2,11,-1,-1
201401TX20452,1,9,0,4,0,2,0,0,0,0,2,1,6,1,29,6,1400,1,15,2,1
201401TX20452,2,9,0,4,0,2,0,0,0,0,1,1,6,2,56,9,1794,1,7,-1,-1
201401TX20452,3,9,0,4,0,2,0,0,0,0,1,1,6,1,48,8,2148,2,11,1,1
201401TX20453,1,9,0,18,0,8,0,0,0,0,1,1,6,1,74,10,2143,2,2,3,1
201401TX20453,2,9,0,9,0,8,0,10,1,0,1,1,6,1,49,8,1560,2,-1,-1,1
201401TX20454,1,9,0,7,0,8,0,0,0,0,4,1,6,1,46,8,1339,8,5,7,1
201401TX20454,2,1,0,18,0,7,0,0,0,0,1,1,6,1,52,8,-1,-1,-1,4,1
201401TX20455,1,3,0,11,0,8,0,0,0,0,2,1,6,1,47,8,124,1,1,4,1
201401TX20455,2,9,0,16,0,7,0,0,0,0,1,1,6,1,42,7,4957,1,23,8,1
201401TX20456,1,9,0,17,0,8,0,0,0,0,1,1,6,1,20,4,1242,1,11,4,1
201401TX20456,2,9,0,16,0,8,0,0,0,0,1,1,4,1,45,7,2685,2,12,-1,1
201401TX20458,1,9,0,9,0,8,0,10,3,10,0,1,6,1,26,6,2171,2,11,4,1
201401TX20458,2,9,0,18,0,8,0,0,0,0,3,1,6,1,26,6,1242,1,8,5,1
201401TX20459,1,9,0,9,0,2,0,0,0,0,1,1,2,1,34,6,-1,-1,-1,7,1
201401TX20460,1,5,0,18,0,0,0,0,0,0,0,1,6,1,35,6,998,1,5,3,1
201401TX20460,2,9,0,6,0,0,0,0,0,0,0,1,6,1,18,4,-1,-1,-1,4,1
201401TX20461,1,9,0,9,0,8,0,0,0,0,3,1,6,2,54,8,2457,1,6,4,1
201401TX20461,2,9,0,18,0,8,0,0,0,0,1,1,6,2,39,7,1339,1,7,5,1
201401TX20462,1,1,0,18,4,8,0,0,0,0,1,1,2,2,36,7,-1,-1,-1,-1,-1
201401TX20462,2,9,0,9,0,8,0,0,0,0,1,1,6,1,-1,-1,1399,1,10,3,1
201401TX20464,1,9,0,9,0,8,0,0,0,0,4,1,6,1,40,7,1796,1,6,6,1
201401TX20464,2,9,0,9,0,8,0,0,0,0,3,1,6,1,59,9,2143,2,4,9,1
201401TX20464,3,9,0,18,0,1,0,0,0,0,3,1,6,1,29,6,1598,1,8,3,1
201401TX20465,1,9,0,5,0,8,0,0,0,0,3,1,6,2,31,6,1461,2,-1,7,1
201401TX20465,2,9,0,18,0,8,0,0,0,0,1,1,6,1,27,6,1360,1,12,2,1
201401TX20468,1,8,0,7,0,1,0,0,0,0,1,1,1,1,42,7,1797,8,4,5,1
201401TX20469,1,3,0,7,0,1,0,0,0,0,2,1,6,1,21,5,-1,-1,-1,-1,-1
201401TX20469,2,9,0,18,0,1,0,0,0,0,1,1,6,3,-1,-1,1896,2,9,-1,-1
201401TX20471,1,3,0,13,0,8,0,0,0,0,1,1,6,1,20,4,124,1,-1,4,1
201401TX20471,2,9,0,9,0,8,0,0,0,0,3,1,6,2,35,6,1799,1,7,-1,-1
201401TX20472,1,9,0,9,0,8,0,0,0,0,3,1,6,2,54,8,875,1,-1,3,1
201401TX20472,2,9,0,18,0,8,0,0,0,0,1,1,6,2,46,8,1587,1,9,-1,1
201401TX20473,1,4,0,13,0,0,0,0,0,0,3,1,1,1,29,6,-1,-1,-1,3,1
201401TX20473,2,9,0,9,0,0,0,0,0,0,3,1,1,2,44,7,-1,-1,-1,10,1
201401TX20474,1,9,0,4,0,8,0,0,0,0,1,1,6,1,21,5,1242,1,12,3,1
201401TX20475,1,1,0,18,0,8,0,0,0,0,1,1,2,1,43,7,-1,-1,-1,3,1
201401TX20475,2,9,0,7,0,8,0,0,0,0,4,1,6,1,-1,-1,-1,-1,-1,-1,-1
201401TX20476,1,1,0,18,0,0,0,0,0,0,1,1,6,1,31,6,-1,-1,-1,-1,1
201401TX20476,2,9,0,4,0,0,0,0,0,0,2,1,6,1,27,6,1395,1,-1,5,1
201401TX20477,1,9,0,18,0,0,0,0,0,0,4,1,1,1,21,5,1388,1,8,4,1
201401TX20477,2,21,1,12,0,0,0,0,0,0,3,1,1,1,-1,-1,12419,2,3,3,1
201401TX20479,1,9,0,14,0,8,0,0,0,0,3,1,6,2,23,5,1600,2,2,5,1
201401TX20481,1,5,0,18,0,8,0,0,0,0,1,1,4,1,51,8,800,1,2,7,3
201401TX20481,2,9,0,4,0,8,0,0,0,0,2,1,6,2,-1,-1,-1,-1,-1,-1,-1
201401TX20482,1,9,0,13,0,8,0,0,0,0,1,1,6,2,49,8,-1,-1,-1,6,1
201401TX20482,2,3,0,7,0,8,0,0,0,0,1,1,6,1,21,5,-1,-1,-1,1,1
201401TX20482,3,19,0,2,0,8,0,0,0,0,0,1,4,3,-1,-1,1998,2,9,-1,-1
201401TX20483,1,9,0,17,0,8,0,0,0,0,1,1,2,2,42,7,1596,1,9,3,1
201401TX20483,2,9,0,11,0,8,0,0,0,0,4,1,6,2,-1,-1,1229,1,9,-1,-1
201401TX20484,1,9,0,5,0,0,0,0,0,0,1,1,6,1,-1,-1,1596,1,11,3,1
201401TX20485,1,9,0,4,0,0,0,0,0,0,2,1,6,2,62,9,2776,2,10,7,1
201401TX20485,2,9,0,4,0,0,0,0,1,0,2,1,6,1,62,9,1910,2,13,9,1
201401TX20485,3,19,0,18,0,0,0,0,0,0,1,1,1,1,32,6,2287,2,7,-1,-1
201401TX20487,1,9,0,11,0,8,0,0,0,0,1,1,2,1,28,6,-1,-1,-1,-1,-1
201401TX20487,2,3,0,18,0,8,0,0,0,0,4,1,2,1,34,6,-1,-1,-1,2,1
201401TX20488,1,9,0,9,0,8,0,0,0,0,1,1,6,2,42,7,1490,1,7,6,1
201401TX20488,2,3,0,7,0,8,0,0,0,0,1,1,4,1,42,7,125,1,7,6,1
201401TX20490,1,9,0,4,0,0,0,0,0,0,2,1,6,1,56,9,2926,2,11,3,1
201401TX20490,2,9,0,4,0,0,0,0,1,0,1,1,6,1,-1,-1,-1,-1,-1,-1,-1
201401TX20491,1,9,0,12,0,0,0,0,0,0,3,1,2,2,25,5,1388,1,11,10,1
201401TX20491,2,9,0,13,0,0,0,0,0,0,1,1,2,1,37,7,1995,1,12,-1,-1
201401TX20492,1,9,0,7,0,0,0,0,7,10,1,1,6,2,26,6,-1,-1,-1,-1,-1
201401TX20493,1,9,0,9,0,8,0,0,0,0,3,1,2,1,47,8,2967,2,1,4,1
201401TX20493,2,9,0,14,0,8,0,0,0,0,1,1,6,1,48,8,3960,1,14,-1,-1
201401TX20494,1,9,0,3,0,0,0,0,0,0,2,1,2,1,57,9,1910,2,6,2,1
201401TX20494,2,9,0,5,0,0,0,0,0,0,1,1,2,1,57,9,4008,1,17,8,1
201401TX20495,1,1,0,5,0,8,0,0,0,0,4,1,6,1,66,10,-1,-1,-1,4,1
201401TX20495,2,3,0,18,0,8,0,0,0,0,1,1,6,1,-1,-1,124,1,10,-1,-1
201401TX20496,1,9,0,2,0,0,0,0,0,0,2,1,6,1,49,8,2148,2,8,3,1
201401TX20496,2,1,0,18,0,0,0,4,1,0,1,1,6,1,30,6,-1,-1,-1,6,1
201401TX20497,1,9,0,18,0,0,0,0,0,0,1,1,1,2,32,6,-1,-1,-1,3,1
201401TX20497,2,9,0,18,0,0,0,0,1,0,2,1,1,2,36,7,1796,1,15,6,1
201401TX20498,1,9,0,5,0,8,0,0,0,0,1,1,6,1,-1,-1,1598,1,9,5,1
201401TX20498,2,1,0,4,0,8,0,0,0,0,4,1,6,1,18,4,-1,-1,-1,4,1
201401TX20499,1,9,0,9,0,8,0,0,0,0,0,1,2,1,36,7,1196,1,19,-1,1
201401TX20499,2,1,0,18,0,8,0,0,0,0,0,1,1,1,55,8,-1,-1,-1,7,1
201401TX20500,1,19,0,9,0,8,0,0,0,0,4,1,1,1,37,7,-1,-1,-1,5,1
201401TX20500,2,3,0,18,0,8,0,0,0,0,1,1,2,1,33,6,-1,-1,-1,3,1
201401TX20501,1,9,0,16,0,8,0,0,0,0,3,1,6,1,58,9,2295,1,14,2,1
201401TX20501,2,11,0,11,0,8,0,0,0,0,4,2,1,1,-1,-1,-1,-1,-1,-1,-1
201401TX20502,1,8,0,18,0,0,0,4,0,0,2,1,6,1,40,7,1797,8,5,2,1
201401TX20502,2,9,0,2,0,0,0,0,0,0,1,1,6,1,-1,-1,-1,-1,-1,4,1
201401TX20503,1,9,0,7,0,8,0,0,1,0,3,1,6,1,30,6,1896,2,12,10,1
201401TX20503,2,9,0,18,0,8,0,0,0,0,1,1,6,2,33,6,1590,1,15,5,1
201401TX20504,1,19,0,9,0,8,0,0,0,0,2,1,1,1,26,6,2402,2,9,6,1
201401TX20504,2,9,0,9,0,8,0,0,0,0,1,1,4,1,-1,-1,-1,-1,-1,-1,-1
201401TX20505,1,9,0,9,0,8,0,0,0,0,3,1,6,1,36,7,1997,2,-1,4,1
201401TX20505,2,4,0,7,0,8,0,0,0,0,4,1,6,1,27,6,998,1,15,8,1
201401TX20506,1,21,0,2,0,0,0,0,0,0,3,1,1,1,39,7,-1,-1,-1,4,1
201401TX20506,2,9,0,14,0,0,0,0,0,0,3,1,6,2,-1,-1,-1,-1,-1,-1,-1
201401TX20507,1,19,0,18,0,8,0,0,0,0,1,1,2,1,-1,-1,2151,2,12,5,1
201401TX20508,1,9,0,7,0,8,0,0,0,0,2,1,2,2,33,6,875,1,2,5,1
201401TX20508,2,9,0,7,0,8,0,0,0,0,1,1,2,2,33,6,1685,2,-1,5,1
201401TX20509,1,9,0,18,0,0,2,0,4,6,1,1,6,1,35,6,998,1,12,10,1
201401TX20509,2,20,0,11,0,0,0,0,0,0,4,1,1,1,27,6,12900,2,6,7,2
201401TX20510,1,9,0,18,0,8,0,0,0,0,1,1,2,1,34,6,1339,1,9,3,1
201401TX20510,2,1,0,9,0,1,0,0,0,0,4,1,6,2,31,6,-1,-1,-1,5,1
201401TX20511,1,5,0,17,0,8,0,0,0,0,4,1,6,1,33,6,998,1,4,6,1
201401TX20511,2,9,0,11,0,8,0,0,1,0,3,1,6,1,42,7,1798,1,7,6,1
201401TX20513,1,9,0,7,0,8,0,0,0,0,2,1,6,1,31,6,1598,1,8,3,1
201401TX20513,2,9,0,18,0,8,0,0,0,0,1,1,6,1,-1,-1,1962,1,23,-1,-1
201401TX20514,1,4,0,18,2,8,0,0,0,0,1,1,6,1,17,4,124,1,-1,10,1
201401TX20514,2,9,0,7,0,8,0,0,0,0,4,1,6,1,39,7,1796,1,5,6,1
201401TX20515,1,2,0,9,0,8,0,0,0,0,4,1,1,1,28,6,49,1,3,4,1
201401TX20515,2,9,0,15,0,8,0,0,0,0,1,1,2,1,24,5,1242,1,9,4,1
201401TX20516,1,3,0,18,0,0,0,0,0,0,4,1,2,1,26,6,124,1,9,2,1
201401TX20517,1,9,0,13,0,0,0,0,0,0,4,1,6,1,31,6,1497,8,9,1,1
201401TX20517,2,1,0,18,0,0,0,0,0,0,2,1,6,1,20,4,-1,-1,-1,8,1
201401TX20518,1,2,0,18,0,8,0,0,0,0,1,1,6,1,27,6,124,1,12,5,1
201401TX20518,2,9,0,9,0,8,0,0,0,0,1,1,6,1,51,8,-1,-1,-1,5,1
201401TX20519,1,3,0,7,0,8,0,0,0,0,4,1,2,1,31,6,102,2,10,5,1
201401TX20519,2,8,0,18,0,8,0,0,0,0,1,1,2,1,42,7,1997,2,2,9,3
201401TX20520,1,9,0,4,0,0,0,0,0,0,2,1,6,1,44,7,1984,1,18,5,1
201401TX20520,2,8,0,4,0,0,0,0,0,0,1,1,1,1,69,10,1995,2,9,8,1
201401TX20520,3,9,0,4,0,0,0,0,0,0,1,1,6,2,61,9,1587,1,8,5,1
201401TX20521,1,9,0,9,0,8,0,0,1,0,1,1,6,2,45,7,1796,1,13,4,1
201401TX20522,1,9,0,9,0,8,0,0,0,0,1,1,6,1,36,7,1242,1,11,3,1
201401TX20523,1,9,0,18,0,0,0,0,0,0,4,1,6,2,56,9,1999,1,8,3,1
201401TX20526,1,8,0,2,0,0,0,0,0,0,4,1,1,1,40,7,2148,2,8,3,1
201401TX20529,1,9,0,9,0,8,0,0,0,0,2,1,2,1,31,6,1390,1,17,5,1
201401TX20529,2,90,0,18,0,8,0,0,0,0,1,1,2,1,-1,-1,-1,-1,-1,-1,-1
201401TX20530,1,9,0,3,0,8,0,0,0,0,2,1,6,2,44,7,1796,1,13,3,1
201401TX20530,2,90,0,4,0,8,0,0,0,0,1,1,6,1,-1,-1,-1,-1,-1,-1,-1
201401TX20531,1,9,0,9,0,8,0,0,0,0,1,1,6,2,30,6,1794,1,9,3,1
201401TX20531,2,9,0,9,0,6,0,0,3,0,3,1,6,1,21,5,1390,1,3,8,1
201401TX20533,1,1,0,18,0,8,0,0,0,0,1,1,2,1,31,6,-1,-1,-1,-1,1
201401TX20533,2,19,0,7,0,8,0,0,0,0,4,1,1,1,52,8,4462,2,-1,7,1
201401TX20534,1,19,0,14,0,0,0,0,0,0,1,1,1,2,37,7,-1,-1,-1,10,1
201401TX20535,1,9,0,18,0,0,0,0,0,0,1,1,6,2,-1,-1,1332,1,17,-1,-1
201401TX20535,2,9,0,6,0,0,0,0,0,0,1,1,6,1,59,9,1199,1,12,-1,-1
201401TX20536,1,9,0,7,0,8,0,0,0,0,3,1,2,1,67,10,1598,2,1,7,1
201401TX20537,1,9,0,5,0,8,0,0,0,0,1,1,6,1,-1,-1,-1,-1,-1,-1,-1
201401TX20537,2,9,0,3,0,8,0,0,0,0,2,1,6,2,62,9,1999,1,11,4,1
201401TX20538,1,19,0,18,0,1,0,0,0,0,1,1,6,1,26,6,1998,2,11,4,1
201401TX20538,2,9,0,18,0,1,0,0,0,0,2,1,6,1,47,8,1598,1,12,5,1
201401TX20539,1,9,0,7,0,8,0,0,0,0,4,1,6,1,32,6,-1,-1,-1,4,1
201401TX20539,2,9,0,15,0,8,0,0,0,0,1,1,6,1,24,5,1796,1,12,3,1
201401TX20540,1,9,0,14,0,8,0,0,0,0,4,1,6,1,43,7,1896,2,8,2,1
201401TX20540,2,9,0,9,0,8,0,0,0,0,1,1,6,1,69,10,-1,-1,-1,-1,1
201401TX20541,1,9,0,9,0,8,0,0,0,0,3,1,6,2,28,6,1796,1,7,3,1
201401TX20541,2,3,0,14,0,8,0,0,0,0,1,1,6,1,30,6,124,1,4,-1,-1
201401TX20542,1,8,0,18,0,1,0,0,0,0,1,1,1,1,37,7,1598,1,6,3,1
201401TX20543,1,3,0,18,0,1,0,0,0,0,1,1,6,1,30,6,125,1,15,2,1
201401TX20543,2,9,0,10,0,1,0,0,0,0,2,1,6,1,39,7,2204,2,6,-1,-1
201401TX20544,1,9,0,2,0,1,0,0,0,0,3,1,6,1,45,7,1240,1,5,-1,1
201401TX20544,2,1,0,18,0,1,0,8,0,0,1,1,6,1,27,6,-1,-1,-1,9,1
201401TX20546,1,9,0,2,0,8,0,0,0,0,4,1,6,2,19,4,1598,1,12,4,1
201401TX20546,2,9,0,14,0,8,0,4,0,0,1,1,6,1,-1,-1,1242,1,3,-1,-1
201401TX20547,1,9,0,7,0,8,0,0,0,0,3,1,6,1,53,8,2685,2,11,5,1
201401TX20547,2,9,0,9,0,8,0,0,0,0,4,1,6,2,-1,-1,1198,1,-1,-1,-1
201401TX20548,1,9,0,3,0,8,0,0,0,0,2,1,6,1,-1,-1,1364,2,6,-1,-1
201401TX20548,2,9,0,18,0,8,0,0,0,0,1,1,6,1,-1,-1,-1,-1,-1,-1,-1
201401TX20549,1,3,0,4,0,8,0,7,0,0,3,1,6,1,19,4,124,1,6,2,1
201401TX20549,2,9,0,5,0,8,0,0,0,0,0,1,6,3,-1,-1,-1,-1,-1,-1,-1
201401TX20550,1,9,0,7,0,8,0,0,0,0,2,1,1,1,22,5,1497,8,-1,4,1
201401TX20550,2,9,0,18,0,8,0,0,0,0,1,1,4,1,-1,-1,1360,1,10,-1,-1
201401TX20551,1,9,0,4,0,8,0,0,1,0,4,1,6,1,45,7,1229,1,8,4,1
201401TX20552,1,9,0,5,0,0,0,0,0,0,3,1,2,1,38,7,1995,2,7,4,1
201401TX20552,2,3,0,18,0,0,0,0,0,0,4,1,1,1,18,4,124,1,4,3,1
201401TX20552,3,9,0,3,0,0,0,0,0,0,1,1,2,1,54,8,-1,-1,-1,10,1
201401TX20554,1,9,0,9,0,8,0,0,1,0,3,1,6,1,47,8,2380,1,18,3,1
201401TX20554,2,3,0,13,0,8,0,0,0,0,1,1,6,1,24,5,-1,-1,-1,4,1
201401TX20556,1,9,0,9,0,8,0,0,0,0,3,1,2,2,27,6,1997,1,8,2,1
201401TX20556,2,1,0,14,0,8,0,0,0,0,1,1,6,1,27,6,-1,-1,-1,5,1
201401TX20557,1,9,0,5,0,8,0,0,0,0,2,1,6,2,55,8,2143,2,2,3,1
201401TX20557,2,9,0,4,0,8,0,0,0,0,1,1,6,1,39,7,1997,2,10,6,1
201401TX20558,1,9,0,1,0,0,0,0,0,0,3,1,6,2,30,6,1598,1,2,6,1
201401TX20558,2,5,0,18,0,0,0,0,0,0,1,1,6,1,43,7,645,1,10,3,1
201401TX20560,1,1,0,18,0,0,0,0,0,0,3,1,2,1,43,7,-1,-1,-1,2,1
201401TX20560,2,11,0,13,0,0,0,0,0,0,4,1,1,1,51,8,4500,2,5,2,1
201401TX20561,1,9,0,18,0,8,0,0,0,0,1,1,6,2,34,6,1199,1,10,4,1
201401TX20561,2,5,0,9,0,8,0,0,0,0,4,1,6,1,22,5,599,1,7,10,1
201401TX20563,1,9,0,9,0,8,0,0,0,0,4,1,1,2,27,6,1968,2,8,3,1
201401TX20563,2,1,0,7,0,7,0,0,0,0,1,1,6,1,25,5,-1,-1,-1,4,1
201401TX20564,1,1,0,18,0,8,0,0,0,0,4,1,2,2,40,7,-1,-1,-1,5,1
201401TX20564,2,19,0,9,0,8,0,0,0,0,1,1,6,1,-1,-1,-1,-1,-1,-1,-1
201401TX20565,1,3,0,9,0,8,0,0,0,0,4,1,6,1,35,6,124,1,4,8,1
201401TX20565,2,9,0,7,0,8,0,0,0,0,3,1,6,2,52,8,1400,1,8,6,1
201401TX20566,1,1,0,9,0,8,0,0,1,0,3,1,6,1,48,8,-1,-1,-1,3,1
201401TX20566,2,9,0,18,0,8,0,0,1,0,1,1,6,2,31,6,1956,2,-1,-1,-1
201401TX20567,1,9,0,3,0,8,0,0,0,0,2,1,6,1,34,6,1995,2,4,2,1
201401TX20567,2,8,0,4,0,8,0,0,0,0,1,1,1,1,31,6,1997,2,6,3,1
201401TX20568,1,9,0,18,0,8,0,0,0,0,4,1,6,2,21,5,2148,2,5,9,1
201401TX20568,2,9,0,7,0,8,0,0,0,0,3,1,1,2,35,6,2393,1,1,-1,-1
201401TX20569,1,1,0,18,0,0,0,0,0,0,3,1,2,1,16,4,-1,-1,-1,7,1
201401TX20569,2,9,0,7,0,0,0,0,0,0,1,1,6,2,-1,-1,-1,-1,-1,-1,-1
201401TX20570,1,2,0,18,0,1,0,0,0,0,2,1,6,1,45,7,125,1,5,3,1
201401TX20570,2,10,0,18,0,1,0,0,0,0,1,1,6,1,-1,-1,2402,2,9,-1,-1
201401TX20571,1,9,0,6,0,0,0,0,0,0,3,1,6,1,28,6,2987,2,3,-1,-1
201401TX20571,2,5,0,18,0,0,0,0,0,0,1,1,6,1,56,9,750,1,23,8,1
201401TX20572,1,9,0,18,0,1,0,0,0,0,1,1,6,1,21,5,1598,2,-1,5,1
201401TX20572,2,9,0,4,0,1,0,0,0,0,2,1,6,1,28,6,1753,2,11,4,1
201401TX20572,3,9,0,4,0,1,0,0,0,0,2,1,2,2,50,8,1248,2,7,6,1
201401TX20573,1,9,0,18,0,8,0,0,0,0,1,1,6,2,32,6,-1,-1,-1,2,1
201401TX20573,2,9,0,7,0,8,0,0,0,0,3,1,6,1,56,9,2231,2,2,7,1
201401TX20574,1,9,0,9,0,8,0,0,0,0,2,1,6,2,56,9,1349,1,12,-1,1
201401TX20574,2,9,0,11,0,8,0,0,0,0,1,1,6,2,-1,-1,1997,2,3,-1,-1
201401TX20575,1,9,0,18,0,1,1,10,1,10,4,1,6,2,20,4,1390,1,5,3,1
201401TX20576,1,9,0,9,0,0,0,0,0,0,3,1,2,1,27,6,1360,1,7,7,1
201401TX20576,2,3,0,13,0,0,0,0,0,0,1,1,6,1,36,7,124,1,1,5,1
201401TX20577,1,9,0,4,0,1,0,10,0,0,4,1,6,1,17,4,1497,8,7,4,1
201401TX20577,2,9,0,13,0,1,0,0,0,0,0,1,6,1,-1,-1,2993,2,4,-1,-1
201401TX20578,1,11,0,18,0,8,0,0,0,0,0,1,1,2,37,7,6700,2,2,4,1
201401TX20579,1,5,0,9,0,8,0,0,1,0,0,1,6,1,24,5,656,1,3,7,1
201401TX20580,1,3,0,5,0,0,0,0,0,0,1,1,6,1,24,5,599,1,7,3,1
201401TX20580,2,9,0,18,0,0,0,0,0,0,2,1,6,1,32,6,998,1,-1,5,1
201401TX20581,1,9,0,18,0,8,0,0,1,0,1,1,6,1,-1,-1,-1,-1,-1,5,3
201401TX20582,1,9,0,9,0,7,0,0,1,2,4,1,6,1,27,6,-1,-1,-1,9,2
201401TX20582,2,9,0,18,0,8,0,0,1,1,1,1,2,1,39,7,-1,-1,-1,3,1
201401TX20583,1,8,0,16,0,8,0,0,1,0,2,1,6,1,34,6,1995,2,2,4,1
201401TX20583,2,5,0,16,0,8,0,0,0,0,1,1,4,1,41,7,750,1,4,4,1
201401TX20584,1,9,0,9,0,8,0,0,0,0,4,1,6,1,56,9,999,1,6,5,1
201401TX20584,2,9,0,18,0,8,0,0,0,0,1,1,6,1,27,6,1389,1,12,4,1
201401TX20585,1,3,0,18,0,8,0,0,0,0,1,1,2,1,31,6,124,1,1,4,1
201401TX20585,2,9,0,7,0,8,0,0,0,0,4,1,6,2,-1,-1,1991,2,5,10,1
201401TX20586,1,9,0,18,0,8,0,0,0,0,1,1,6,3,-1,-1,-1,-1,-1,-1,-1
201401TX20587,1,9,0,4,0,1,0,0,0,0,1,1,6,1,27,6,1995,2,-1,5,1
201401TX20587,2,9,0,3,0,1,0,0,0,0,2,1,6,2,27,6,2987,2,4,4,1
201401TX20588,1,20,0,1,0,2,0,0,0,0,2,1,1,1,25,5,-1,-1,-1,9,1
201401TX20588,2,19,0,2,0,2,0,0,0,0,3,1,6,1,31,6,1998,2,10,6,1
201401TX20589,1,1,0,18,0,8,0,0,0,0,2,1,6,1,61,9,-1,-1,-1,4,1
201401TX20589,2,9,0,18,0,8,0,0,0,0,1,2,6,1,58,9,-1,-1,-1,-1,-1
201401TX20590,1,9,0,6,0,8,0,0,0,0,4,1,6,1,23,5,1596,1,16,6,1
201401TX20590,2,9,0,4,0,8,0,0,0,0,1,1,6,2,21,5,1596,1,13,5,1
201401TX20591,1,3,0,14,0,8,0,0,0,0,1,1,6,1,18,4,124,1,4,3,1
201401TX20591,2,9,0,9,0,8,0,0,0,0,3,1,2,1,54,8,1598,1,14,8,1
201401TX20592,1,3,0,13,0,8,0,0,0,0,1,1,6,1,25,5,125,1,3,4,1
201401TX20592,2,9,0,9,0,8,0,0,0,0,3,1,6,1,46,8,1998,1,13,5,1
201401TX20593,1,9,0,9,0,8,0,0,0,0,1,1,6,1,58,9,1598,1,7,4,1
201401TX20593,2,1,0,7,0,8,0,0,1,0,1,1,6,1,17,4,-1,-1,-1,2,1
201401TX20594,1,9,0,5,0,0,0,0,0,0,2,1,1,1,34,6,-1,-1,-1,10,1
201401TX20594,2,9,0,2,0,0,0,0,0,0,2,1,1,2,25,5,1248,2,-1,4,1
201401TX20595,1,9,0,5,0,8,0,0,0,0,1,1,6,1,77,11,2400,1,14,-1,-1
201401TX20596,1,9,0,16,0,0,0,0,0,0,1,1,6,1,31,6,1769,1,8,3,1
201401TX20596,2,9,0,17,0,0,0,0,0,0,1,1,6,1,27,6,1390,1,10,-1,-1
201401TX20598,1,9,0,18,0,8,0,0,0,0,1,1,6,3,-1,-1,-1,-1,-1,-1,-1
201401TX20601,1,3,0,16,0,8,0,0,0,0,4,1,6,1,20,4,125,1,9,8,1
201401TX20602,1,9,0,9,0,8,0,0,0,0,4,1,6,1,33,6,-1,-1,-1,6,1
201401TX20602,2,19,0,18,0,8,0,10,1,10,1,1,6,1,24,5,1364,1,8,9,1
201401TX20603,1,9,0,18,0,0,0,0,0,0,1,1,2,2,24,5,1598,2,1,3,1
201401TX20603,2,9,0,7,0,0,0,0,0,0,3,1,2,2,-1,-1,-1,-1,-1,-1,-1
201401TX20604,1,9,0,4,0,8,0,0,0,0,2,1,6,2,64,9,998,1,3,8,1
201401TX20604,2,9,0,4,0,8,0,0,0,0,1,1,6,1,25,5,1390,1,5,5,1
201401TX20605,1,9,0,6,0,8,0,0,0,0,2,1,1,1,39,7,1997,2,10,3,1
201401TX20605,2,4,0,18,0,8,0,0,0,0,1,1,6,1,36,7,125,1,2,4,1
201401TX20607,1,11,0,5,0,0,0,0,0,0,0,1,1,1,62,9,3900,2,11,5,1
201401TX20608,1,9,0,18,0,8,0,0,0,0,3,1,6,2,76,11,1781,1,18,7,1
201401TX20608,2,19,0,1,0,8,0,0,0,0,1,1,1,1,77,11,-1,-1,-1,1,1
201401TX20609,1,9,0,12,0,8,0,0,0,0,3,1,6,1,32,6,1799,1,4,1,1
201401TX20609,2,1,0,14,0,8,0,0,0,0,4,1,6,1,14,3,-1,-1,-1,4,1
201401TX20610,1,9,0,18,0,8,0,10,5,10,1,1,6,1,75,10,1995,2,6,6,1
201401TX20611,1,1,0,18,0,0,0,0,0,0,1,1,6,1,-1,-1,-1,-1,-1,-1,-1
201401TX20612,1,9,0,7,0,0,0,0,0,0,0,1,2,1,22,5,1299,1,14,4,1
201401TX20612,2,9,0,4,0,0,0,0,0,0,0,1,2,2,44,7,1398,2,11,5,1
201401TX20612,3,9,0,4,0,0,0,0,0,0,2,1,2,2,31,6,1598,1,9,4,1
201401TX20612,4,9,0,18,0,0,0,0,0,0,1,1,2,2,59,9,1995,2,3,5,1
201401TX20613,1,9,0,7,0,8,0,0,0,0,1,1,6,1,49,8,-1,-1,-1,4,1
201401TX20613,2,1,0,18,0,8,0,0,0,0,4,1,6,1,17,4,-1,-1,-1,6,1
201401TX20614,1,1,0,18,0,8,0,0,0,0,1,1,2,1,63,9,-1,-1,-1,8,1
201401TX20614,2,9,0,9,0,8,0,0,0,0,3,1,2,1,-1,-1,2720,2,6,-1,-1
201401TX20615,1,19,0,9,0,8,0,0,0,0,1,1,1,1,39,7,1868,2,9,-1,-1
201401TX20615,2,3,0,9,0,8,0,0,0,0,1,1,2,1,55,8,689,1,-1,-1,-1
201401TX20616,1,8,0,18,0,0,0,0,1,7,3,1,1,1,61,9,1997,2,-1,2,1
201401TX20616,2,8,0,18,0,0,1,0,1,7,3,1,1,1,50,8,1997,2,1,1,1
201401TX20616,3,8,0,18,0,0,1,0,5,6,1,1,1,1,59,9,1753,2,6,3,1