Accident_Index,Vehicle_Reference,Vehicle_Type,Towing_and_Articulation,Vehicle_Manoeuvre,Vehicle_Location-Restricted_Lane,Junction_Location,Skidding_and_Overturning,Hit_Object_in_Carriageway,Vehicle_Leaving_Carriageway,Hit_Object_off_Carriageway,1st_Point_of_Impact,Was_Vehicle_Left_Hand_Drive?,Journey_Purpose_of_Driver,Sex_of_Driver,Age_of_Driver,Age_Band_of_Driver,Engine_Capacity_(CC),Propulsion_Code,Age_of_Vehicle,Driver_IMD_Decile,Driver_Home_Area_Type
201401TX20617,1,19,0,9,0,0,0,0,0,0,4,1,1,1,33,6,-1,-1,-1,9,1
201401TX20617,2,3,0,14,0,0,0,0,0,0,1,1,1,1,27,6,125,1,9,4,1
201401TX20618,1,11,0,3,0,0,0,0,0,0,0,1,1,3,-1,-1,-1,-1,-1,-1,-1
201401TX20619,1,9,0,4,0,8,0,0,0,0,1,1,6,1,65,9,-1,-1,-1,-1,1
201401TX20620,1,1,0,18,0,0,0,0,0,0,1,1,2,1,27,6,-1,-1,-1,5,1
201401TX20620,2,9,0,7,0,0,0,0,1,0,4,1,6,1,-1,-1,-1,-1,-1,-1,-1
201401TX20621,1,9,0,18,0,8,0,0,0,0,3,1,6,1,27,6,1598,1,4,5,1
201401TX20621,2,11,0,9,0,8,0,0,0,0,3,1,1,1,44,7,4250,2,1,2,1
201401TX20622,1,1,0,18,0,0,0,10,1,0,3,1,2,2,34,6,-1,-1,-1,7,1
201401TX20622,2,11,0,13,0,0,0,0,0,0,4,1,1,3,-1,-1,-1,-1,-1,-1,-1
201401TX20623,1,9,0,3,0,8,0,0,1,0,4,1,6,2,52,8,1997,1,9,10,1
201401TX20623,2,2,0,15,0,8,0,0,0,0,1,1,6,2,17,4,49,1,14,9,1
201401TX20624,1,4,0,18,0,0,1,0,0,0,1,1,2,1,43,7,1157,1,6,8,1
201401TX20625,1,9,0,7,0,8,0,0,0,0,4,1,6,2,33,6,1560,2,8,-1,-1
201401TX20625,2,9,0,18,2,8,0,0,0,0,1,1,6,1,47,8,1781,1,14,2,1
201401TX20626,1,9,0,9,0,8,0,0,0,0,4,1,6,1,67,10,1598,2,3,2,1
201401TX20626,2,5,0,15,0,8,0,0,1,0,1,1,6,1,59,9,1202,1,1,10,1
201401TX20627,1,19,0,4,0,0,0,0,0,0,2,1,1,1,34,6,-1,-1,-1,2,1
201401TX20627,2,19,0,18,0,0,0,0,0,0,1,1,1,1,26,6,2402,2,8,-1,-1
201401TX20630,1,9,0,4,0,0,0,0,0,0,4,1,6,1,55,8,1124,1,11,7,1
201401TX20631,1,9,0,4,0,8,0,0,0,0,1,1,6,2,36,7,1390,1,13,6,1
201401TX20632,1,9,0,18,0,8,0,0,0,0,1,1,2,1,59,9,1390,1,14,4,1
201401TX20632,2,9,0,9,0,8,0,0,0,0,1,1,2,1,33,6,1598,1,11,2,1
201401TX20633,1,9,0,1,0,0,0,0,0,0,3,1,1,1,35,6,2993,2,-1,10,1
201401TX20633,2,9,0,18,0,0,0,0,0,0,3,1,6,1,-1,-1,5935,1,2,-1,-1
201401TX20634,1,1,0,4,0,8,0,0,0,0,1,1,6,1,36,7,-1,-1,-1,10,1
201401TX20634,2,9,0,9,0,8,0,0,0,0,4,1,6,1,65,9,1598,1,-1,4,1
201401TX20635,1,9,0,18,0,8,0,0,3,0,3,1,6,1,28,6,1910,2,6,-1,-1
201401TX20635,2,2,0,18,0,8,0,0,0,0,1,1,6,1,37,7,49,1,1,2,1
201401TX20636,1,1,0,15,0,0,0,4,0,0,1,1,1,1,54,8,-1,-1,-1,2,1
201401TX20636,2,9,0,2,0,0,0,0,0,0,4,1,6,3,-1,-1,-1,-1,-1,-1,-1
201401TX20638,1,9,0,18,0,8,0,0,0,0,3,1,6,1,47,8,1998,1,17,4,1
201401TX20638,2,19,0,15,0,8,0,0,0,0,1,1,1,1,-1,-1,2143,2,-1,-1,-1
201401TX20639,1,9,0,3,0,8,0,0,0,0,2,1,6,1,39,7,1397,1,13,4,1
201401TX20639,2,9,0,18,0,8,0,0,0,0,1,1,6,3,-1,-1,-1,-1,-1,-1,-1
201401TX20640,1,9,0,18,0,0,0,0,0,0,2,1,6,1,54,8,1753,2,13,3,1
201401TX20640,2,9,0,18,0,0,0,0,0,0,1,1,6,1,-1,-1,1968,2,9,-1,-1
201401TX20641,1,3,0,3,0,8,0,0,0,0,2,1,6,1,28,6,125,1,8,7,1
201401TX20641,2,9,0,18,0,8,0,0,0,0,1,1,6,2,32,6,-1,-1,-1,6,1
201401TX20643,1,4,0,4,0,8,0,0,0,0,0,1,2,1,23,5,656,1,5,2,1
201401TX20643,2,9,0,4,0,8,0,0,0,0,0,1,2,2,37,7,2967,2,2,10,1
201401TX20644,1,9,0,3,0,0,0,0,0,0,2,1,6,2,27,6,-1,-1,-1,3,1
201401TX20644,2,9,0,18,0,0,0,0,0,0,1,1,6,1,-1,-1,-1,-1,-1,-1,-1
201401TX20645,1,9,0,5,0,8,0,0,0,0,2,1,2,2,45,7,1596,1,12,5,1
201401TX20645,2,9,0,18,0,8,0,0,0,0,1,1,6,1,-1,-1,1390,1,3,-1,-1
201401TX20646,1,9,0,12,0,8,0,0,1,0,3,1,6,1,19,4,1388,1,11,3,1
201401TX20646,2,3,0,7,0,8,0,0,0,0,1,1,6,1,43,7,124,1,3,4,1
201401TX20647,1,9,0,12,0,0,0,0,0,0,2,1,6,2,40,7,1999,1,7,8,1
201401TX20647,2,3,0,18,0,0,0,0,0,0,3,1,1,2,28,6,108,1,-1,-1,-1
201401TX20648,1,9,0,4,0,0,0,0,0,0,1,1,6,1,33,6,-1,-1,-1,8,1
201401TX20648,2,8,0,1,0,0,0,0,0,0,2,1,6,1,43,7,2143,2,1,3,1
201401TX20649,1,9,0,9,0,8,0,0,0,0,4,1,6,2,25,5,-1,-1,-1,5,1
201401TX20649,2,3,0,18,0,8,0,0,0,0,1,1,1,1,38,7,125,1,2,5,1
201401TX20650,1,3,0,4,0,8,1,0,0,0,0,1,6,1,19,4,109,1,1,4,1
201401TX20651,1,9,0,16,0,8,0,0,0,0,3,1,6,1,45,7,1398,1,4,4,1
201401TX20651,2,9,0,17,0,8,0,0,0,0,1,1,6,2,46,8,-1,-1,-1,9,1
201401TX20652,1,9,0,4,0,0,0,0,0,0,1,1,6,2,70,10,2793,1,16,7,1
201401TX20652,2,9,0,4,0,0,0,0,0,0,2,1,6,2,48,8,2993,2,1,7,3
201401TX20653,1,9,0,4,0,8,0,0,0,0,2,1,6,1,28,6,1587,1,8,5,1
201401TX20653,2,9,0,4,0,8,0,0,0,0,1,1,6,1,26,6,1598,2,3,2,1
201401TX20654,1,4,0,13,0,0,0,0,0,0,4,1,6,1,17,4,124,1,-1,-1,-1
201401TX20654,2,11,0,5,0,0,0,0,0,0,3,1,1,3,-1,-1,-1,-1,-1,-1,-1
201401TX20655,1,9,0,12,0,8,0,0,0,0,3,1,2,1,37,7,1598,1,12,3,1
201401TX20655,2,20,1,18,0,8,0,0,0,0,4,1,1,1,-1,-1,-1,-1,-1,3,1
201401TX20656,1,9,0,5,0,8,0,0,0,0,3,1,6,1,57,9,2597,1,12,4,1
201401TX20656,2,1,0,17,0,8,0,0,0,0,1,1,6,1,26,6,-1,-1,-1,-1,-1
201401TX20657,1,9,0,9,0,8,0,0,0,0,4,1,6,2,48,8,1275,1,15,3,1
201401TX20657,2,9,0,18,0,8,0,0,0,0,1,1,6,2,27,6,1461,2,1,7,1
201401TX20658,1,11,0,4,0,0,0,0,1,0,0,1,1,1,48,8,9000,2,4,5,1
201401TX20659,1,4,0,13,0,8,0,0,0,0,1,1,6,1,55,8,-1,-1,-1,4,1
201401TX20659,2,9,0,9,0,8,0,0,0,0,3,1,6,1,42,7,1596,1,-1,-1,1
201401TX20660,1,1,0,18,0,8,0,0,0,0,1,1,2,1,22,5,-1,-1,-1,7,1
201401TX20660,2,9,0,9,0,8,0,0,0,0,3,1,2,2,33,6,1390,1,9,8,1
201401TX20661,1,9,0,18,0,8,0,10,7,2,1,1,4,1,41,7,-1,-1,-1,7,1
201401TX20662,1,9,0,9,0,0,0,0,0,0,4,1,6,2,37,7,1992,2,6,3,1
201401TX20662,2,4,0,18,0,0,0,0,0,0,1,1,2,1,27,6,176,1,9,3,1
201401TX20663,1,9,0,18,0,8,0,0,0,0,2,1,2,1,46,8,1332,1,15,5,1
201401TX20663,2,9,0,9,0,8,0,0,0,0,1,1,6,2,20,4,1242,1,4,9,1
201401TX20664,1,9,0,18,0,8,0,0,0,0,1,1,6,1,23,5,-1,-1,-1,3,1
201401TX20664,2,9,0,9,0,8,0,0,1,0,1,1,6,2,46,8,1598,1,10,2,1
201401TX20665,1,11,0,4,0,8,0,0,0,0,0,1,1,1,34,6,-1,-1,-1,3,1
201401TX20665,2,9,0,9,0,8,0,0,0,0,0,1,6,1,-1,-1,2996,1,8,4,1
201401TX20666,1,9,0,18,0,8,0,0,0,0,1,1,6,1,-1,-1,-1,-1,-1,-1,-1
201401TX20667,1,9,0,7,0,8,0,0,0,0,3,1,6,2,70,10,1390,1,2,4,1
201401TX20667,2,5,0,18,0,8,0,0,0,0,1,1,6,1,35,6,1170,1,7,8,1
201401TX20668,1,9,0,4,0,1,0,0,0,0,2,1,6,1,26,6,1395,1,-1,4,1
201401TX20668,2,9,0,18,0,1,0,0,0,0,1,1,6,1,-1,-1,-1,-1,-1,-1,-1
201401TX20670,1,9,0,18,0,8,0,0,1,0,3,1,6,1,56,9,796,1,15,-1,-1
201401TX20670,2,9,0,9,0,8,0,0,0,0,4,1,6,1,19,4,1896,2,15,4,1
201401TX20671,1,9,0,14,0,0,0,0,0,0,3,1,6,1,55,8,998,1,12,4,1
201401TX20671,2,5,0,13,0,0,0,0,0,0,3,1,6,1,44,7,600,1,12,6,1
201401TX20672,1,9,0,9,0,8,0,0,0,0,1,1,2,2,69,10,1796,1,9,8,1
201401TX20673,1,1,0,7,0,8,0,0,0,0,2,1,6,1,44,7,-1,-1,-1,4,1
201401TX20673,2,9,0,7,0,8,0,0,0,0,1,1,6,3,-1,-1,-1,-1,-1,-1,-1
201401TX20674,1,9,0,7,2,8,0,0,0,0,4,1,6,1,47,8,-1,-1,-1,4,1
201401TX20674,2,4,0,18,2,8,0,0,0,0,1,1,6,1,29,6,279,1,6,3,1
201401TX20675,1,1,0,18,0,0,0,0,0,0,3,1,6,1,16,4,-1,-1,-1,3,1
201401TX20675,2,9,0,13,0,0,0,0,0,0,1,1,1,1,-1,-1,-1,-1,-1,-1,-1
201401TX20676,1,9,0,18,0,2,0,10,1,2,1,1,6,1,25,5,1124,1,11,4,1
201401TX20677,1,1,0,4,0,0,0,0,0,0,1,1,6,1,57,9,-1,-1,-1,3,1
201401TX20677,2,9,0,4,0,0,0,0,0,0,2,1,6,3,-1,-1,-1,-1,-1,-1,-1
201401TX20678,1,3,0,18,0,8,0,0,0,0,1,1,6,1,42,7,125,1,-1,2,1
201401TX20678,2,9,0,18,0,8,0,0,0,0,1,1,6,1,29,6,1598,1,13,4,1
201401TX20679,1,11,0,4,0,0,0,0,1,0,0,1,1,1,41,7,9000,2,6,2,1
201401TX20680,1,9,0,3,0,2,0,0,0,0,2,1,6,1,78,11,1329,1,1,2,1
201401TX20680,2,9,0,3,0,2,0,0,0,0,2,1,6,2,-1,-1,1995,2,6,-1,-1
201401TX20680,3,9,0,18,0,2,0,0,0,0,1,1,6,1,30,6,2148,2,6,5,1
201401TX20681,1,9,0,3,0,8,0,0,0,0,2,1,6,2,-1,-1,-1,-1,-1,2,1
201401TX20681,2,9,0,18,0,8,0,0,0,0,1,1,6,2,26,6,1390,1,1,-1,-1
201401TX20682,1,9,0,4,0,0,0,0,0,0,2,1,6,2,23,5,973,1,12,4,1
201401TX20682,2,9,0,4,0,0,0,0,0,0,1,1,6,1,23,5,1360,1,10,3,1
201401TX20683,1,9,0,6,0,0,0,0,0,0,3,1,6,2,29,6,1497,8,6,3,1
201401TX20683,2,2,0,13,0,0,0,0,0,0,1,1,6,2,43,7,50,1,-1,2,1
201401TX20685,1,9,0,9,0,8,0,0,0,0,3,1,6,1,25,5,1997,2,3,5,1
201401TX20685,2,9,0,18,0,8,1,0,0,0,1,1,6,1,20,4,2401,2,12,3,1
201401TX20686,1,9,0,9,0,1,0,0,0,0,3,1,2,1,34,6,1198,1,1,5,1
201401TX20686,2,5,0,13,0,1,0,0,0,0,4,1,2,1,33,6,599,1,1,6,1
201401TX20687,1,9,0,4,0,8,0,0,0,0,4,1,6,1,55,8,1198,1,1,8,1
201401TX20687,2,1,0,5,0,8,0,0,0,0,3,1,6,1,-1,-1,-1,-1,-1,-1,-1
201401TX20688,1,19,0,4,0,8,0,0,0,0,1,1,2,1,31,6,1598,2,1,4,1
201401TX20688,2,19,0,4,0,8,0,0,0,0,2,1,2,1,51,8,-1,-1,-1,7,1
201401TX20688,3,8,0,4,0,8,0,0,0,0,1,1,1,1,-1,-1,2664,2,12,9,2
201401TX20689,1,9,0,14,0,8,0,0,0,0,4,1,6,1,52,8,1995,2,5,5,1
201401TX20690,1,1,0,18,4,1,0,0,0,0,1,1,1,2,38,7,-1,-1,-1,6,1
201401TX20690,2,9,0,7,4,1,0,0,0,0,3,1,6,2,-1,-1,1895,1,14,-1,-1
201401TX20691,1,9,0,9,0,1,0,0,0,0,3,1,6,2,18,4,-1,-1,-1,7,1
201401TX20691,2,8,0,13,0,1,0,0,0,0,4,1,6,1,-1,-1,2143,2,2,1,1
201401TX20692,1,9,0,3,0,1,0,0,0,0,2,1,6,2,29,6,-1,-1,-1,5,1
201401TX20692,2,19,0,4,0,1,0,0,0,0,1,1,1,1,-1,-1,-1,-1,-1,6,1
201401TX20693,1,8,0,4,0,0,0,0,0,0,2,1,1,1,35,6,1797,8,3,2,1
201401TX20693,2,9,0,18,0,0,0,0,0,0,1,1,6,1,-1,-1,1799,1,7,4,1
201401TX20694,1,2,0,18,0,0,0,0,0,0,1,1,6,1,17,4,49,1,11,5,1
201401TX20694,2,9,0,2,0,0,0,0,0,0,1,1,6,3,-1,-1,-1,-1,-1,-1,-1
201401TX20695,1,9,0,5,0,8,0,0,0,0,4,1,6,2,47,8,1248,2,6,6,1
201401TX20695,2,11,0,5,0,8,0,0,0,0,3,1,1,1,-1,-1,-1,-1,-1,-1,-1
201401TX20696,1,9,0,18,0,8,0,0,0,0,1,1,6,1,25,5,2148,2,11,4,1
201401TX20696,2,9,0,9,0,8,0,0,0,0,3,1,6,3,-1,-1,-1,-1,-1,-1,-1
201401TX20697,1,9,0,18,0,8,0,0,0,0,1,1,6,2,24,5,1388,1,14,3,1
201401TX20697,2,3,0,7,0,8,0,0,0,0,1,1,6,1,16,4,49,1,9,2,1
201401TX20698,1,1,0,5,0,2,0,0,0,0,1,1,6,2,16,4,-1,-1,-1,6,1
201401TX20698,2,9,0,18,0,2,0,0,0,0,3,1,6,1,-1,-1,-1,-1,-1,-1,-1
201401TX20699,1,1,0,17,0,8,0,0,0,0,1,1,6,1,48,8,-1,-1,-1,7,1
201401TX20699,2,9,0,5,0,8,0,0,0,0,1,1,6,1,49,8,1598,1,13,10,1
201401TX20700,1,9,0,18,0,0,0,0,0,0,1,1,6,2,22,5,-1,-1,-1,4,1
201401TX20700,2,1,0,9,0,0,0,0,0,0,3,1,6,1,54,8,-1,-1,-1,3,1
201401TX20701,1,11,0,4,0,8,0,0,0,0,0,1,1,1,28,6,9000,2,4,3,1
201401TX20702,1,9,0,18,0,8,0,0,0,0,3,1,1,1,32,6,1197,1,3,7,1
201401TX20702,2,9,0,18,0,8,0,0,0,0,1,1,6,1,48,8,1796,1,14,4,1
201401TX20703,1,9,0,9,0,8,0,0,0,0,3,1,2,1,35,6,2184,2,12,6,1
201401TX20703,2,1,0,18,0,8,0,0,0,0,1,1,6,1,42,7,-1,-1,-1,6,1
201401TX20704,1,9,0,6,0,7,0,0,0,0,3,1,6,1,26,6,2143,2,2,10,1
201401TX20704,2,9,0,14,0,8,0,0,0,0,1,1,6,1,21,5,-1,-1,-1,10,1
201401TX20705,1,9,0,7,0,0,0,0,0,0,1,1,2,2,-1,-1,1240,1,9,4,1
201401TX20705,2,1,0,18,0,0,0,0,0,0,4,1,4,2,6,2,-1,-1,-1,-1,-1
201401TX20706,1,9,0,18,0,0,0,0,0,0,1,1,1,1,40,7,2171,1,11,8,1
201401TX20707,1,9,0,3,0,8,0,0,0,0,2,1,2,1,20,4,1390,1,3,4,1
201401TX20707,2,9,0,4,0,8,0,0,0,0,1,1,6,2,57,9,-1,-1,-1,10,1
201401TX20708,1,9,0,5,0,1,0,0,0,0,1,1,6,2,55,8,2000,1,9,3,1
201401TX20708,2,9,0,5,0,1,0,0,0,0,2,1,6,1,28,6,1995,1,11,4,1
201401TX20709,1,9,0,14,0,8,0,0,0,0,1,1,6,2,23,5,1229,1,9,6,1
201401TX20710,1,9,0,18,0,2,0,0,0,0,1,1,6,2,26,6,1781,1,14,10,1
201401TX20710,2,9,0,18,0,2,0,0,0,0,2,1,6,1,32,6,1390,1,10,3,1
201401TX20711,1,9,0,2,0,0,0,0,0,0,3,1,6,2,47,8,1598,1,8,6,1
201401TX20711,2,1,0,18,0,0,0,8,0,0,1,1,6,1,56,9,-1,-1,-1,7,1
201401TX20712,1,9,0,5,0,2,0,0,0,0,1,1,6,1,33,6,1910,2,8,7,1
201401TX20713,1,9,0,18,0,0,0,0,0,0,3,1,6,1,77,11,1199,1,10,-1,-1
201401TX20714,1,11,0,18,0,1,0,0,0,0,0,1,1,1,45,7,9000,2,5,4,1
201401TX20715,1,3,0,15,2,8,0,0,0,0,1,1,6,1,20,4,125,1,13,4,1
201401TX20715,2,9,0,7,0,8,0,0,0,0,4,1,6,1,53,8,-1,-1,-1,5,1
201401TX20716,1,9,0,18,0,2,0,0,0,0,3,1,6,1,38,7,1997,2,3,6,1
201401TX20717,1,3,0,18,0,0,0,0,0,0,1,1,6,1,23,5,498,1,15,10,1
201401TX20717,2,9,0,6,0,0,0,0,0,0,3,1,6,1,46,8,1796,1,8,6,1
201401TX20718,1,9,0,18,0,2,0,0,0,0,1,1,6,1,28,6,1596,1,9,3,1
201401TX20720,1,9,0,18,0,1,0,4,0,0,1,1,1,2,27,6,-1,-1,-1,-1,-1
201401TX20720,2,19,0,2,0,1,0,0,0,0,3,1,1,1,39,7,-1,-1,-1,2,1
201401TX20720,3,9,0,2,0,1,0,0,0,0,2,1,6,3,-1,-1,-1,-1,-1,-1,-1
201401TX20723,1,9,0,4,0,0,0,0,0,0,2,1,6,2,37,7,-1,-1,-1,5,1
201401TX20723,2,9,0,18,0,0,0,0,0,0,1,1,1,1,29,6,1995,2,3,7,1
201401TX20724,1,11,0,18,0,1,0,0,0,0,1,1,6,1,29,6,8268,2,12,10,1
201401TX20724,2,9,0,4,0,1,0,0,0,0,2,1,1,2,33,6,-1,-1,-1,1,1
201401TX20725,1,9,0,5,0,8,0,0,0,0,1,1,2,1,23,5,-1,-1,-1,5,1
201401TX20725,2,9,0,7,0,8,0,0,0,0,2,1,2,1,35,6,1598,2,1,2,1
201401TX20726,1,9,0,18,0,0,0,0,0,0,2,1,6,1,27,6,1796,1,10,4,1
201401TX20726,2,9,0,12,0,0,0,0,0,0,1,1,6,2,27,6,1388,1,10,7,1
201401TX20727,1,3,0,18,0,0,0,0,0,0,3,1,6,1,28,6,124,1,2,3,1
201401TX20727,2,9,0,13,0,0,0,0,0,0,4,1,6,3,-1,-1,-1,-1,-1,-1,-1
201401TX20728,1,19,0,18,0,2,0,0,0,0,1,1,1,1,32,6,2402,2,11,4,1
201401TX20728,2,19,0,4,0,2,0,0,0,0,2,1,1,1,41,7,1753,2,3,-1,-1
201401TX20728,3,9,0,4,0,2,0,0,0,0,2,1,2,2,-1,-1,1781,1,14,7,1
201401TX20729,1,9,0,18,0,0,0,0,0,0,1,1,6,1,56,9,2496,1,8,7,1
201401TX20730,1,5,0,3,0,8,0,0,0,0,3,1,2,1,52,8,955,1,8,10,1
201401TX20730,2,8,0,4,0,8,0,0,1,0,4,1,1,1,40,7,2148,2,5,-1,1
201401TX20731,1,9,0,9,0,8,0,0,0,0,4,1,3,2,32,6,1396,1,14,3,1
201401TX20731,2,9,0,18,0,8,0,0,0,0,1,1,1,1,32,6,2987,2,8,4,1
201401TX20732,1,9,0,18,0,1,0,0,0,0,1,1,6,1,19,4,-1,-1,-1,2,1
201401TX20733,1,9,0,18,0,8,0,0,0,0,1,1,6,2,54,8,-1,-1,-1,9,1
201401TX20733,2,1,0,9,0,8,0,0,0,0,1,1,6,1,39,7,-1,-1,-1,3,1
201401TX20734,1,9,0,4,0,2,0,0,0,0,2,1,6,2,41,7,1360,1,9,5,1
201401TX20734,2,9,0,4,0,2,0,0,0,0,1,1,6,3,-1,-1,-1,-1,-1,-1,-1
201401TX20735,1,19,0,9,0,8,0,0,0,0,4,1,1,1,38,7,2461,2,4,5,1
201401TX20735,2,3,0,18,0,8,0,0,0,0,1,1,6,1,17,4,-1,-1,-1,4,1
201401TX20736,1,3,0,9,0,8,0,0,0,0,3,1,6,1,26,6,-1,-1,-1,1,1
201401TX20736,2,9,0,18,0,8,0,0,0,0,1,1,1,1,26,6,-1,-1,-1,3,1
201401TX20737,1,9,0,18,0,1,0,0,0,0,1,1,6,2,47,8,1390,1,1,4,1
201401TX20737,2,9,0,3,0,1,0,0,0,0,2,1,6,1,49,8,1242,1,11,3,1
201401TX20738,1,9,0,6,0,8,0,0,0,0,3,1,6,1,43,7,-1,-1,-1,3,1
201401TX20738,2,9,0,13,0,8,0,0,0,0,1,1,6,1,26,6,-1,-1,-1,-1,-1
201401TX20739,1,1,0,18,0,8,0,0,0,0,1,1,6,2,56,9,-1,-1,-1,5,1
201401TX20739,2,9,0,9,0,8,0,0,0,0,1,1,6,2,40,7,1598,1,6,3,1
201401TX20740,1,9,0,12,0,0,0,0,0,0,1,1,2,1,28,6,2143,12,1,5,1
201401TX20740,2,19,0,18,0,0,0,0,0,0,1,1,2,1,29,6,1753,2,10,2,1
201401TX20740,3,9,0,18,0,0,0,0,0,0,2,1,2,2,29,6,1389,1,16,7,1
201401TX20740,4,10,0,4,0,0,0,0,0,0,2,1,1,1,54,8,-1,-1,-1,5,1
201401TX20741,1,9,0,4,0,0,0,0,0,0,2,1,6,1,41,7,1797,8,4,5,1
201401TX20741,2,10,0,4,0,0,0,0,0,0,1,2,1,1,31,6,-1,-1,-1,-1,-1
201401TX20742,1,90,0,14,0,2,0,4,0,0,4,1,1,1,33,6,-1,-1,-1,-1,-1
201401TX20742,2,9,0,2,0,2,0,0,0,0,3,1,6,3,-1,-1,-1,-1,-1,-1,-1
201401TX20743,1,4,0,18,0,8,0,0,0,0,3,1,6,2,18,4,-1,-1,-1,3,1
201401TX20743,2,9,0,11,0,8,0,0,0,0,4,1,6,1,32,6,1997,2,-1,9,1
201401TX20744,1,9,0,9,0,8,0,0,0,0,3,1,6,1,32,6,1797,8,5,-1,-1
201401TX20744,2,4,0,13,0,8,0,0,0,0,1,1,6,1,22,5,400,1,22,-1,-1
201401TX20745,1,9,0,18,0,8,0,0,0,0,1,1,6,1,24,5,998,1,14,-1,-1
201401TX20745,2,1,0,9,0,8,0,0,0,0,2,1,6,1,46,8,-1,-1,-1,2,1
201401TX20746,1,1,0,9,0,8,0,0,0,0,2,1,6,2,68,10,-1,-1,-1,6,1
201401TX20746,2,9,0,9,0,8,0,0,0,0,1,1,6,1,-1,-1,1396,1,12,4,1
201401TX20747,1,9,0,18,0,1,0,0,0,0,3,1,6,2,42,7,-1,-1,-1,8,3
201401TX20747,2,9,0,18,0,1,0,0,0,0,4,1,6,1,-1,-1,-1,-1,-1,-1,-1
201401TX20748,1,3,0,18,0,8,0,0,0,0,1,1,6,1,-1,-1,-1,-1,-1,-1,-1
201401TX20748,2,19,0,9,0,8,0,0,0,0,1,1,6,1,57,9,1995,2,7,5,1
201401TX20749,1,3,0,13,0,0,0,0,0,0,4,1,6,1,52,8,125,1,2,-1,1
201401TX20749,2,8,0,6,0,0,0,0,0,0,3,1,6,1,72,10,1997,2,1,8,3
201401TX20750,1,11,0,5,0,8,0,0,0,0,0,1,1,1,-1,-1,9400,2,9,-1,-1
201401TX20751,1,11,0,4,0,1,0,0,0,0,1,1,1,1,61,9,9000,2,4,6,1
201401TX20751,2,9,0,4,0,1,0,0,0,0,2,1,6,1,52,8,1840,1,14,6,3
201401TX20751,3,19,0,4,0,1,0,0,0,0,2,1,6,1,44,7,2402,2,4,4,1
201401TX20752,1,9,0,9,0,8,1,10,1,1,1,1,2,1,22,5,1199,1,10,4,1
201401TX20753,1,9,0,4,0,1,0,0,0,0,1,1,6,1,35,6,998,1,14,5,1
201401TX20753,2,9,0,4,0,1,0,0,0,0,2,1,6,1,38,7,1598,1,13,5,1
201401TX20754,1,9,0,4,0,0,0,0,0,0,2,1,6,1,47,8,1360,1,9,5,1
201401TX20754,2,9,0,4,0,0,0,0,0,0,1,1,6,2,-1,-1,1198,1,5,2,1
201401TX20755,1,9,0,9,0,8,0,0,0,0,2,1,6,1,23,5,1596,1,13,5,1
201401TX20755,2,9,0,9,0,8,0,0,0,0,1,1,6,1,-1,-1,1596,1,12,-1,-1
201401TX20756,1,9,0,3,0,0,0,0,0,0,2,1,1,1,40,7,1598,2,2,4,1
201401TX20756,2,9,0,4,0,0,0,0,0,0,1,1,6,3,-1,-1,-1,-1,-1,-1,-1
201401TX20757,1,9,0,18,0,8,1,0,0,0,1,1,6,2,21,5,1299,1,7,6,1
201401TX20757,2,19,0,9,0,8,0,0,0,0,1,1,6,1,-1,-1,2402,2,12,-1,-1
201401TX20758,1,9,0,5,0,8,0,0,0,0,2,1,6,1,43,7,1596,1,12,6,1
201401TX20758,2,20,0,5,0,8,0,0,0,0,1,1,1,1,-1,-1,-1,-1,-1,-1,-1
201401TX20759,1,9,0,4,0,8,0,0,0,0,2,1,6,1,35,6,1910,2,5,6,1
201401TX20759,2,9,0,18,0,8,0,0,0,0,1,1,6,1,-1,-1,1998,1,10,4,1
201401TX20760,1,9,0,4,0,2,0,0,0,0,4,1,6,1,26,6,2000,2,5,4,1
201401TX20761,1,9,0,18,0,0,0,0,0,0,3,1,6,1,33,6,2698,2,7,4,1
201401TX20761,2,9,0,11,0,0,0,0,0,0,4,1,6,3,-1,-1,1497,8,6,-1,-1
201401TX20762,1,9,0,18,0,8,0,0,0,0,1,1,6,2,30,6,1984,1,12,-1,-1
201401TX20762,2,9,0,9,0,8,0,0,0,0,4,1,6,3,-1,-1,-1,-1,-1,-1,-1
201401TX20763,1,9,0,18,0,1,0,10,1,10,1,1,6,1,78,11,-1,-1,-1,3,1
201401TX20764,1,9,0,2,0,1,0,0,0,0,2,1,6,1,51,8,1984,1,9,7,1
201401TX20764,2,9,0,18,0,1,0,4,0,0,1,1,6,2,37,7,1587,1,14,4,1
201401TX20765,1,19,0,4,0,0,0,0,0,0,2,1,1,1,29,6,2198,2,1,4,1
201401TX20765,2,9,0,4,0,0,0,0,0,0,1,1,6,2,47,8,1339,1,8,3,1
201401TX20766,1,9,0,3,0,8,0,0,0,0,2,1,2,1,49,8,1998,2,11,4,1
201401TX20766,2,9,0,4,0,8,0,0,0,0,1,1,6,1,-1,-1,-1,-1,-1,-1,-1
201401TX20767,1,9,0,18,0,8,0,0,0,0,1,1,6,1,25,5,2000,1,14,7,1
201401TX20768,1,3,0,18,0,1,0,0,0,0,1,1,1,1,26,6,125,1,8,-1,-1
201401TX20769,1,9,0,18,0,8,0,0,0,0,1,1,6,2,39,7,-1,-1,-1,3,1
201401TX20769,2,9,0,7,0,8,0,0,0,0,3,1,6,1,-1,-1,1396,1,13,-1,-1
201401TX20771,1,9,0,18,0,2,0,10,1,2,1,1,6,1,31,6,1598,1,7,3,1
201401TX20771,2,9,0,11,0,2,0,0,0,0,0,1,6,3,-1,-1,2987,2,3,-1,-1
201401TX20772,1,9,0,7,0,8,0,0,0,0,1,1,6,1,32,6,1590,1,10,5,1
201401TX20772,2,19,0,18,0,8,0,0,0,0,3,1,1,1,28,6,2198,2,7,3,1
201401TX20773,1,3,0,4,0,0,1,0,0,0,1,1,4,1,17,4,125,1,-1,4,1
201401TX20773,2,9,0,3,0,0,0,0,0,0,3,1,6,2,53,8,1388,1,2,9,1