Accident_Index,Vehicle_Reference,Vehicle_Type,Towing_and_Articulation,Vehicle_Manoeuvre,Vehicle_Location-Restricted_Lane,Junction_Location,Skidding_and_Overturning,Hit_Object_in_Carriageway,Vehicle_Leaving_Carriageway,Hit_Object_off_Carriageway,1st_Point_of_Impact,Was_Vehicle_Left_Hand_Drive?,Journey_Purpose_of_Driver,Sex_of_Driver,Age_of_Driver,Age_Band_of_Driver,Engine_Capacity_(CC),Propulsion_Code,Age_of_Vehicle,Driver_IMD_Decile,Driver_Home_Area_Type
201401TX20951,2,9,0,6,0,0,0,0,0,0,3,1,1,1,27,6,1582,2,1,4,1
201401TX20952,1,3,0,4,0,8,1,0,0,0,1,1,6,1,19,4,124,1,8,5,1
201401TX20953,1,9,0,7,0,0,0,0,0,0,3,1,1,1,-1,-1,-1,-1,-1,10,1
201401TX20953,2,1,0,18,5,0,0,0,0,0,1,1,2,1,27,6,-1,-1,-1,2,1
201401TX20954,1,5,0,18,0,0,0,0,0,0,4,1,2,2,48,8,-1,-1,-1,4,1
201401TX20954,2,9,0,12,0,0,0,0,1,0,1,1,6,2,-1,-1,-1,-1,-1,-1,-1
201401TX20955,1,9,0,5,0,8,0,0,1,0,3,1,6,2,24,5,1596,1,7,4,1
201401TX20955,2,3,0,18,0,8,0,0,0,0,1,1,6,1,17,4,125,1,9,6,1
201401TX20956,1,9,0,18,0,0,0,0,0,0,1,1,1,1,49,8,-1,-1,-1,6,1
201401TX20956,2,9,0,4,0,0,1,0,0,0,1,1,6,3,-1,-1,2993,2,2,-1,-1
201401TX20957,1,9,0,5,0,0,0,10,0,0,3,1,6,2,37,7,1986,2,7,6,1
201401TX20958,1,9,0,9,0,8,0,0,0,0,4,1,6,2,46,8,1997,2,11,5,1
201401TX20958,2,2,0,14,0,8,0,0,0,0,1,1,6,1,49,8,278,1,5,5,1
201401TX20959,1,9,0,9,0,8,0,4,0,0,2,1,6,2,58,9,1598,1,4,4,1
201401TX20959,2,9,0,18,0,8,0,0,1,0,1,1,6,3,-1,-1,2401,2,8,-1,-1
201401TX20959,3,9,0,2,0,8,0,0,0,0,2,1,6,2,53,8,1242,1,1,4,1
201401TX20959,4,9,0,2,0,8,0,0,0,0,2,1,6,1,-1,-1,1298,1,16,-1,-1
201401TX20960,1,4,0,18,0,8,0,0,0,0,3,1,2,1,26,6,124,1,13,3,1
201401TX20960,2,9,0,9,0,8,0,0,0,0,1,1,2,2,50,8,1598,1,6,4,1
201401TX20961,1,9,0,18,0,0,0,0,0,0,0,1,6,1,63,9,-1,-1,-1,-1,-1
201401TX20962,1,9,0,18,0,8,0,10,4,10,1,1,2,1,30,6,1388,1,10,4,1
201401TX20963,1,11,0,4,0,8,0,0,0,0,1,1,1,3,-1,-1,4500,2,4,-1,-1
201401TX20965,1,9,0,1,9,1,0,0,0,0,2,1,6,2,57,9,2204,2,6,6,1
201401TX20967,1,9,0,7,0,8,0,0,0,0,1,1,6,1,62,9,1560,2,1,3,1
201401TX20967,2,9,0,7,0,8,0,0,0,0,2,1,6,1,62,9,1956,2,2,3,1
201401TX20968,1,3,0,14,0,8,0,0,0,0,4,1,1,1,23,5,109,1,2,3,1
201401TX20968,2,9,0,9,0,8,0,0,0,0,1,1,6,1,49,8,1560,2,1,9,1
201401TX20969,1,9,0,9,0,0,0,0,0,0,3,1,6,1,48,8,1598,2,3,2,1
201401TX20969,2,4,0,13,0,0,0,0,1,0,1,1,2,1,23,5,124,1,5,7,1
201401TX20970,1,9,0,9,0,8,0,0,0,0,3,1,6,1,44,7,6162,1,7,8,1
201401TX20970,2,1,0,18,0,8,0,0,0,0,1,1,6,1,56,9,-1,-1,-1,10,1
201401TX20972,1,9,0,18,0,0,0,0,0,0,2,1,2,1,35,6,-1,-1,-1,-1,-1
201401TX20972,2,9,0,18,0,0,1,0,0,0,1,1,1,1,32,6,1956,2,1,-1,-1
201401TX20972,3,8,0,18,0,0,0,0,0,0,1,1,1,1,54,8,1997,2,5,4,1
201401TX20973,1,9,0,18,0,8,0,0,1,0,1,1,6,1,36,7,1796,1,5,2,1
201401TX20973,2,9,0,9,0,8,0,0,1,0,3,1,1,1,29,6,-1,-1,-1,7,1
201401TX20974,1,9,0,11,0,0,0,0,0,0,3,1,1,2,27,6,1995,2,3,8,1
201401TX20974,2,8,0,12,0,0,0,0,0,0,4,1,6,1,-1,-1,-1,-1,-1,-1,-1
201401TX20975,1,9,0,4,0,0,0,0,0,0,4,1,6,1,28,6,1598,2,2,3,1
201401TX20976,1,9,0,18,0,8,0,0,1,0,1,1,2,1,24,5,-1,-1,-1,5,1
201401TX20976,2,9,0,9,0,8,0,0,0,0,3,1,2,1,39,7,998,1,4,4,1
201401TX20977,1,9,0,18,0,8,0,0,0,0,4,1,6,1,33,6,1796,1,12,4,1
201401TX20977,2,9,0,9,0,8,0,0,0,0,1,1,6,2,23,5,1339,1,7,3,1
201401TX20978,1,9,0,9,0,8,0,0,0,0,3,1,6,2,28,6,1598,1,13,4,1
201401TX20978,2,3,0,14,0,1,0,0,0,0,1,1,6,1,20,4,125,1,-1,5,1
201401TX20979,1,9,0,7,0,1,0,0,0,0,0,1,3,1,46,8,1598,1,6,7,1
201401TX20979,2,1,0,18,0,1,0,0,0,0,4,1,6,1,42,7,-1,-1,-1,8,1
201401TX20980,1,9,0,18,0,8,0,0,0,0,4,1,2,1,57,9,-1,-1,-1,3,1
201401TX20980,2,2,0,9,0,8,0,0,0,0,1,1,2,1,41,7,49,1,-1,7,1
201401TX20981,1,21,1,9,0,8,0,0,0,0,1,2,1,1,35,6,-1,-1,-1,-1,-1
201401TX20981,2,9,0,17,0,8,0,0,0,0,4,1,6,1,37,7,1587,1,10,4,1
201401TX20982,1,9,0,9,0,0,0,0,0,0,3,1,6,1,64,9,2400,2,-1,-1,-1
201401TX20982,2,3,0,13,0,0,0,0,0,0,1,1,6,1,36,7,599,1,7,7,1
201401TX20983,1,9,0,3,0,8,0,0,0,0,2,1,2,1,45,7,1390,1,15,3,1
201401TX20983,2,9,0,3,0,8,0,0,0,0,2,1,2,1,70,10,1999,1,12,3,1
201401TX20983,3,19,0,4,0,8,0,0,0,0,1,1,1,1,54,8,1995,2,5,-1,-1
201401TX20984,1,10,0,14,0,0,0,0,0,0,1,1,1,1,55,8,-1,-1,-1,8,1
201401TX20985,1,8,0,5,0,8,0,0,0,0,2,1,1,1,-1,-1,1995,2,10,-1,-1
201401TX20985,2,9,0,4,0,8,0,0,0,0,1,1,6,3,-1,-1,-1,-1,-1,-1,-1
201401TX20986,1,1,0,5,0,8,0,0,0,0,3,1,6,1,26,6,-1,-1,-1,-1,-1
201401TX20986,2,9,0,18,0,8,0,0,0,0,1,1,6,2,-1,-1,-1,-1,-1,-1,-1
201401TX20987,1,9,0,5,0,0,0,0,0,0,1,1,6,1,32,6,2198,1,13,4,1
201401TX20988,1,9,0,18,0,1,0,0,0,0,4,1,6,1,53,8,-1,-1,-1,7,1
201401TX20988,2,9,0,9,0,1,0,0,0,0,3,1,6,2,85,11,1422,2,5,4,1
201401TX20989,1,9,0,9,0,8,0,0,0,0,4,1,2,1,49,8,2987,2,1,2,1
201401TX20989,2,1,0,18,0,8,0,0,0,0,1,1,6,1,32,6,-1,-1,-1,4,1
201401TX20990,1,4,0,5,0,8,0,0,0,0,1,1,1,1,30,6,249,1,13,4,1
201401TX20990,2,9,0,13,0,8,0,0,0,0,4,1,1,1,-1,-1,-1,-1,-1,-1,-1
201401TX20991,1,9,0,18,0,8,0,0,0,0,1,1,1,1,48,8,1686,2,2,-1,-1
201401TX20991,2,9,0,9,0,8,0,0,0,0,3,1,2,1,58,9,2179,2,1,4,1
201401TX20991,3,19,0,18,0,8,0,0,0,0,3,1,2,1,-1,-1,2143,2,-1,5,1
201401TX20992,1,9,0,4,0,0,0,0,0,0,1,1,6,1,33,6,-1,-1,-1,2,1
201401TX20992,2,9,0,3,0,0,0,0,0,0,2,1,6,1,51,8,1398,1,-1,2,1
201401TX20994,1,9,0,4,0,0,0,10,7,10,3,1,3,2,33,6,1332,1,15,6,1
201401TX20995,1,9,0,9,0,8,0,0,0,0,2,1,6,1,39,7,1299,1,7,2,1
201401TX20995,2,9,0,18,0,8,0,0,0,0,1,1,6,2,33,6,1984,1,13,2,1
201401TX20996,1,8,0,7,0,8,0,0,0,0,1,1,1,1,47,8,1497,8,5,1,1
201401TX20997,1,1,0,16,0,8,0,0,0,0,2,1,2,1,52,8,-1,-1,-1,-1,-1
201401TX20997,2,90,0,16,0,8,0,0,0,0,1,1,6,3,-1,-1,-1,-1,-1,-1,-1
201401TX20999,1,9,0,18,0,8,0,0,0,0,1,1,6,1,-1,-1,-1,-1,-1,-1,-1
201401TX21000,1,11,0,4,0,0,0,0,0,0,1,1,1,1,40,7,-1,-1,-1,-1,1
201401TX21000,2,9,0,4,0,0,0,0,1,0,2,1,2,2,48,8,1388,1,10,-1,-1
201401TX21001,1,9,0,4,0,0,0,0,0,0,1,1,6,2,88,11,-1,-1,-1,-1,-1
201401TX21002,1,9,0,9,0,8,0,0,0,0,4,1,6,1,22,5,1229,1,-1,3,1
201401TX21002,2,9,0,5,0,8,0,0,0,0,1,1,6,1,28,6,2987,2,-1,4,1
201401TX21005,1,1,0,18,0,8,0,0,0,0,3,1,2,1,34,6,-1,-1,-1,10,1
201401TX21005,2,9,0,11,0,8,0,0,1,0,4,1,6,1,-1,-1,1587,1,13,-1,-1
201401TX21008,1,9,0,18,0,0,0,0,0,0,1,1,6,1,28,6,1956,2,3,4,1
201401TX21008,2,9,0,18,0,0,0,0,0,0,2,1,1,1,49,8,1598,1,4,4,1
201401TX21009,1,9,0,18,0,2,0,10,1,1,4,1,6,1,55,8,1995,2,8,4,1
201401TX21009,2,9,0,9,0,2,0,0,0,0,0,1,6,2,85,11,1397,1,5,4,1
201401TX21013,1,3,0,16,0,8,1,0,0,0,4,1,6,1,19,4,125,1,8,-1,1
201401TX21014,1,9,0,13,0,0,0,0,0,0,1,1,2,2,28,6,1360,1,6,9,1
201401TX21014,2,9,0,12,0,0,0,0,0,0,2,1,6,2,-1,-1,1398,2,7,-1,-1
201401TX21015,1,9,0,14,0,7,0,0,0,0,1,1,6,2,56,9,1781,1,21,5,1
201401TX21015,2,9,0,5,0,8,0,0,0,0,1,1,6,2,22,5,1596,1,6,5,1
201401TX21018,1,3,0,18,0,0,0,0,0,0,1,1,1,1,21,5,125,1,4,4,1
201401TX21018,2,9,0,9,0,0,0,0,0,0,3,1,6,2,29,6,1600,1,10,5,1
201401TX21020,1,9,0,3,0,8,0,0,0,0,2,1,6,1,26,6,3000,1,4,3,1
201401TX21020,2,11,0,4,0,8,0,0,0,0,1,1,1,1,-1,-1,6700,2,2,8,1
201401TX21022,1,9,0,17,0,8,0,0,0,0,1,1,2,2,26,6,998,1,12,3,1
201401TX21022,2,21,1,12,0,8,0,0,0,0,3,2,1,1,-1,-1,-1,-1,-1,-1,-1
201401TX29001,1,8,0,9,0,8,0,0,0,0,2,2,1,1,52,8,-1,-1,-1,2,1
201401TX29001,2,9,0,18,0,8,0,0,0,0,1,1,6,1,-1,-1,1587,1,7,-1,-1
201401TX29003,1,9,0,9,0,0,0,0,0,0,4,1,6,1,44,7,1364,1,4,3,1
201401TX29003,2,2,0,18,0,0,0,0,0,0,1,1,6,1,23,5,49,1,21,3,1
201401TX29005,1,9,0,18,0,8,0,0,0,0,1,1,6,3,-1,-1,-1,-1,-1,-1,-1
201401TX29005,2,9,0,3,0,8,0,0,0,0,3,1,6,1,76,11,2497,1,12,3,1
201401TX29006,1,9,0,4,0,0,0,0,0,0,4,1,6,1,31,6,1796,1,7,4,1
201401TX29011,1,3,0,18,0,8,0,0,0,0,4,1,2,1,22,5,124,1,6,7,1
201401TX29011,2,9,0,9,0,8,0,0,0,0,1,1,2,1,25,5,998,1,-1,4,1
201401TX29012,1,9,0,9,0,8,0,0,0,0,4,1,2,2,20,4,1242,1,6,5,1
201401TX29012,2,9,0,18,0,8,0,0,0,0,1,1,6,2,36,7,1298,1,12,3,1
201401TX29015,1,9,0,5,0,8,0,0,0,0,4,1,2,2,29,6,1124,1,9,5,1
201401TX29015,2,9,0,12,0,8,0,0,0,0,3,1,1,2,37,7,1798,8,-1,3,1
201401TX29016,1,9,0,18,0,0,0,0,1,7,0,1,2,1,45,7,1997,1,8,7,1
201401TX29016,2,9,0,11,0,0,0,0,0,0,0,1,6,3,-1,-1,-1,-1,-1,-1,-1
201401TX29017,1,9,0,4,0,8,0,0,0,0,1,1,6,1,40,7,1896,2,9,4,1
201401TX29018,1,9,0,7,0,8,0,0,0,0,4,1,2,1,28,6,1997,2,1,5,1
201401TX29018,2,9,0,5,0,8,0,0,0,0,1,1,1,2,47,8,1398,1,1,3,1
201401TX29019,1,9,0,5,0,8,0,0,0,0,1,1,1,2,45,7,1240,1,11,5,1
201401TX29019,2,9,0,5,0,8,0,0,1,0,2,1,1,1,30,6,1560,2,1,3,1
201401TX29027,1,21,1,13,0,0,0,0,0,0,1,2,1,1,25,5,-1,-1,-1,1,1
201401TX29027,2,9,0,18,0,0,0,0,1,0,2,1,2,2,26,6,998,1,12,5,1
201401TX29028,1,90,0,18,0,0,0,0,0,0,1,1,6,3,-1,-1,-1,-1,-1,-1,-1
201401TX29046,1,90,0,5,0,0,0,0,0,0,1,1,6,3,-1,-1,-1,-1,-1,-1,-1
201401TX29052,1,9,0,3,0,8,1,0,1,0,2,1,1,1,27,6,1560,2,-1,-1,-1
201401TX29052,2,9,0,4,0,8,0,0,0,0,1,1,6,1,37,7,-1,-1,-1,5,1
201401TX29055,1,9,0,6,0,0,0,0,0,0,3,1,2,1,31,6,1896,2,11,4,1
201401TX29055,2,5,0,13,0,0,0,0,0,0,1,1,2,1,51,8,125,1,11,7,1
201401TX29056,1,9,0,4,0,8,0,0,1,0,4,1,6,2,57,9,1598,1,3,2,1
201401TX29056,2,90,0,18,0,8,0,0,0,0,1,1,6,1,55,8,-1,-1,-1,2,1
201401TX29068,1,9,0,5,0,8,0,0,0,0,3,1,4,1,33,6,2148,2,5,4,1
201401TX29068,2,9,0,5,0,8,0,0,0,0,4,1,6,1,53,8,2993,2,3,7,1
201401TX29102,1,4,0,7,0,8,0,0,1,10,4,1,6,1,19,4,-1,-1,-1,-1,-1
201401TX29108,1,3,0,9,0,8,1,10,1,4,1,1,1,1,21,5,125,1,7,6,1
201401TX29163,1,11,0,3,0,0,0,0,0,0,0,1,1,3,-1,-1,-1,-1,-1,-1,-1
201401VK30002,1,9,0,16,0,8,0,0,0,0,1,1,1,1,35,6,1997,2,5,7,1
201401VK30002,2,9,0,4,0,8,0,0,0,0,2,1,6,2,20,4,1242,1,3,7,1
201401VK30002,3,19,0,3,0,8,0,0,0,0,2,1,1,1,51,8,2198,2,2,10,1
201401VK30003,1,9,0,18,0,8,0,0,0,0,1,1,6,1,38,7,1870,2,8,9,1
201401VK30003,2,9,0,9,0,8,0,0,0,0,4,1,6,1,63,9,-1,-1,-1,10,1
201401VK30004,1,9,0,16,0,8,0,0,0,0,4,1,6,1,-1,-1,1497,8,6,-1,-1
201401VK30006,1,1,0,18,0,0,0,0,1,0,3,1,6,1,25,5,-1,-1,-1,6,1
201401VK30006,2,9,0,13,0,0,0,0,0,0,1,1,3,1,-1,-1,-1,-1,-1,-1,-1
201401VK30007,1,4,0,3,0,8,0,0,0,0,2,1,6,2,81,11,249,1,22,7,1
201401VK30007,2,9,0,18,0,8,0,0,0,0,1,1,6,1,-1,-1,-1,-1,-1,-1,-1
201401VK30008,1,9,0,9,0,8,0,0,0,0,1,1,4,1,31,6,1895,1,15,9,1
201401VK30008,2,1,0,18,0,8,0,0,1,0,4,1,6,1,39,7,-1,-1,-1,9,1
201401VK30009,1,9,0,1,0,0,0,0,0,0,2,1,6,1,71,10,1299,1,12,4,1
201401VK30010,1,1,0,15,0,0,0,4,0,0,1,1,6,1,30,6,-1,-1,-1,2,1
201401VK30010,2,9,0,3,0,0,0,0,0,0,4,1,4,1,-1,-1,1360,1,12,4,1
201401VK30011,1,19,0,9,0,8,0,0,0,0,1,1,1,1,60,9,2198,2,8,-1,-1
201401VK30011,2,9,0,13,0,8,0,0,0,0,1,1,6,2,-1,-1,1390,1,5,2,1
201401VK30012,1,5,0,18,0,1,0,0,0,0,1,1,6,1,-1,-1,-1,-1,-1,-1,-1
201401VK30013,1,9,0,18,0,8,0,0,0,0,1,1,6,1,57,9,1968,2,7,9,1
201401VK30013,2,3,0,7,0,8,0,0,0,0,1,1,6,1,23,5,124,1,10,3,1
201401VK30014,1,9,0,2,0,1,0,0,0,0,1,1,6,1,50,8,-1,-1,-1,8,1
201401VK30014,2,9,0,2,0,1,0,0,0,0,1,1,6,1,65,9,-1,-1,-1,8,1
201401VK30014,3,9,0,14,0,1,0,4,0,0,1,1,6,1,27,6,-1,-1,-1,8,1
201401VK30016,1,9,0,2,0,0,0,0,0,0,2,1,1,1,34,6,1560,2,4,7,1
201401VK30016,2,19,0,1,0,0,0,4,0,0,1,1,6,1,-1,-1,2402,2,7,6,1
201401VK30017,1,1,0,4,0,0,1,0,0,0,3,1,2,1,26,6,-1,-1,-1,8,1
201401VK30017,2,9,0,15,0,0,0,0,0,0,4,1,6,1,-1,-1,1149,1,11,-1,-1
201401VK30018,1,9,0,11,0,0,5,0,1,4,4,1,6,1,21,5,1360,1,11,2,1
201401VK30019,1,9,0,17,0,8,0,0,0,0,1,1,6,1,67,10,1598,1,9,6,1
201401VK30019,2,1,0,11,0,8,0,0,0,0,2,1,2,1,61,9,-1,-1,-1,9,1
201401VK30020,1,9,0,7,0,8,0,0,1,0,1,1,6,1,36,7,1461,2,8,4,1
201401VK30020,2,9,0,7,0,8,0,0,0,0,2,1,6,1,26,6,1197,1,3,4,1
201401VK30021,1,9,0,4,0,0,0,0,1,0,4,1,3,2,39,7,1397,1,2,10,1
201401VK30022,1,8,0,4,0,8,0,0,0,0,1,1,1,1,60,9,2987,2,3,10,1
201401VK30023,1,9,0,5,0,0,0,0,0,0,1,1,2,2,40,7,1685,2,2,8,1
201401VK30026,1,11,0,4,0,0,0,0,0,0,0,1,1,1,58,9,7300,2,10,6,1
201401VK30027,1,9,0,4,0,0,0,0,0,0,2,1,2,1,35,6,1587,1,13,10,1
201401VK30027,2,9,0,4,0,0,0,0,0,0,2,1,1,1,36,7,1968,2,3,4,1
201401VK30027,3,9,0,18,0,0,0,0,1,0,1,1,6,1,63,9,2148,2,5,3,1
201401VK30028,1,19,0,7,0,8,0,0,0,0,2,1,2,1,28,6,2402,2,9,8,1
201401VK30028,2,8,0,7,0,8,0,0,0,0,1,1,1,1,41,7,1910,2,5,-1,1
201401VK30029,1,9,0,18,0,0,1,4,7,2,1,1,6,1,27,6,1598,1,5,-1,-1
201401VK30029,2,9,0,2,0,0,0,0,0,0,2,1,6,1,46,8,1598,1,10,5,1
201401VK30029,3,9,0,2,0,0,0,0,0,0,4,1,6,2,42,7,-1,-1,-1,9,1
201401VK30030,1,8,0,18,0,8,0,4,0,0,1,1,1,1,35,6,1389,1,13,10,1
201401VK30030,2,9,0,2,0,8,0,0,0,0,3,1,6,1,39,7,1242,1,4,-1,1
201401VK30030,3,9,0,2,0,8,0,0,0,0,3,1,6,2,32,6,2179,2,11,-1,-1
201401VK30031,1,9,0,18,0,8,0,0,0,0,1,1,6,1,62,9,1200,1,18,9,1
201401VK30032,1,9,0,3,0,8,0,0,0,0,2,1,3,1,56,9,1796,2,1,7,1
201401VK30032,2,1,0,4,0,8,0,0,0,0,1,1,3,1,15,3,-1,-1,-1,9,1
201401VK30033,1,9,0,4,0,0,0,0,0,0,1,1,6,1,51,8,-1,-1,-1,6,1
201401VK30034,1,1,0,14,4,0,0,4,0,0,1,1,6,1,51,8,-1,-1,-1,9,1
201401VK30034,2,9,0,2,4,0,0,0,0,0,3,1,6,1,-1,-1,-1,-1,-1,-1,-1
201401VK30035,1,19,0,17,0,8,0,0,0,0,1,1,1,1,40,7,-1,-1,-1,4,1
201401VK30037,1,9,0,4,0,0,0,0,5,6,3,1,6,2,27,6,1598,1,8,7,1
201401VK30037,2,9,0,4,0,0,0,1,0,0,1,1,6,1,38,7,-1,-1,-1,5,1
201401VK30038,1,11,0,4,0,0,0,0,0,0,0,1,1,1,53,8,8268,2,13,8,1
201401VK30039,1,9,0,4,0,8,0,0,0,0,1,1,6,1,68,10,1242,1,11,7,1
201401VK30039,2,9,0,4,0,8,0,0,0,0,1,1,6,1,68,10,1997,2,10,7,1
201401VK30039,3,9,0,4,0,8,0,0,0,0,2,1,2,2,43,7,1796,1,9,8,1
201401VK30040,1,9,0,4,0,8,0,0,0,0,1,1,6,2,23,5,1997,1,12,8,1
201401VK30041,1,9,0,18,0,8,0,7,0,0,1,1,6,2,62,9,1388,1,13,9,1
201401VK30042,1,11,0,13,0,8,0,0,0,0,4,1,1,1,67,10,-1,-1,-1,1,1
201401VK30042,2,9,0,16,0,8,0,0,0,0,3,2,6,1,37,7,-1,-1,-1,6,1
201401VK30043,1,9,0,3,0,8,0,0,0,0,2,1,6,1,55,8,1595,1,5,10,1
201401VK30043,2,9,0,4,0,8,0,0,0,0,1,1,6,1,-1,-1,2401,2,11,9,1
201401VK30044,1,11,0,5,0,8,0,0,0,0,1,1,1,1,50,8,4500,2,5,2,1
201401VK30044,2,19,0,10,0,8,0,0,0,0,2,1,1,1,33,6,1598,2,7,-1,1
201401VK30047,1,1,0,18,0,8,0,0,0,0,1,1,2,1,56,9,-1,-1,-1,8,1
201401VK30047,2,9,0,9,0,8,0,0,0,0,1,1,6,1,-1,-1,1242,1,11,-1,-1
201401VK30048,1,1,0,18,0,8,0,0,0,0,4,1,6,1,40,7,-1,-1,-1,7,1
201401VK30048,2,9,0,9,0,8,0,0,0,0,1,1,6,1,-1,-1,1905,1,21,-1,-1
201401VK30049,1,9,0,18,0,0,0,0,0,0,4,1,6,2,41,7,1997,2,1,6,1
201401VK30050,1,9,0,3,0,0,0,0,0,0,2,1,6,2,42,7,1498,1,9,10,1
201401VK30050,2,9,0,4,0,0,0,0,0,0,1,1,6,1,42,7,1388,1,9,8,1
201401VK30051,1,9,0,9,0,8,0,0,0,0,1,1,6,1,44,7,1598,1,4,9,1
201401VK30051,2,9,0,17,0,8,0,0,0,0,3,1,6,2,58,9,1364,1,7,10,1
201401VK30052,1,9,0,3,0,8,0,12,0,0,1,1,6,2,41,7,-1,-1,-1,8,1
201401VK30052,2,1,0,3,0,8,0,0,0,0,1,1,6,1,69,10,-1,-1,-1,7,1
201401VK30053,1,9,0,7,0,8,0,0,0,0,4,1,6,1,53,8,1998,1,8,9,1
201401VK30053,2,9,0,9,0,8,0,0,0,0,1,1,6,3,-1,-1,-1,-1,-1,-1,-1
201401VK30054,1,9,0,9,0,8,0,0,0,0,1,1,6,1,60,9,-1,-1,-1,10,1
201401VK30054,2,9,0,18,0,8,0,0,0,0,1,1,6,2,66,10,1388,1,7,-1,-1
201401VK30055,1,9,0,18,0,8,0,0,0,0,4,1,6,1,67,10,-1,-1,-1,-1,-1
201401VK30055,2,9,0,9,0,8,0,0,0,0,1,1,6,2,52,8,2149,2,7,10,1
201401VK30057,1,8,0,18,0,8,0,0,0,0,1,1,1,1,35,6,1896,2,9,6,1
201401VK30058,1,8,0,16,0,2,0,0,0,0,2,1,1,1,62,9,2664,2,15,10,1
201401VK30058,2,9,0,16,0,2,0,0,1,0,1,1,6,2,49,8,1587,1,6,-1,-1
201401VK30058,3,9,0,16,0,2,0,0,0,0,4,1,6,1,-1,-1,4398,1,10,7,1
201401VK30059,1,9,0,17,0,0,0,10,1,1,1,1,6,1,21,5,1360,1,8,8,1
201401VK30060,1,9,0,18,0,0,0,0,0,0,1,1,6,2,25,5,1598,1,12,6,1
201401VK30061,1,11,0,18,0,8,0,0,0,0,4,1,6,1,58,9,9000,2,5,9,1
201401VK30061,2,9,0,7,0,8,0,0,0,0,1,1,6,1,34,6,1388,1,17,8,1
201401VK30062,1,9,0,6,0,0,0,0,0,0,3,1,6,1,26,6,-1,-1,-1,10,1
201401VK30062,2,5,0,17,0,0,0,0,0,0,1,1,6,1,-1,-1,-1,-1,-1,-1,-1
201401VK30064,1,9,0,16,0,8,0,0,0,0,1,1,6,1,25,5,1497,1,17,8,1
201401VK30064,2,9,0,8,0,8,0,0,0,0,2,1,6,3,-1,-1,-1,-1,-1,-1,-1
201401VK30069,1,3,0,4,0,0,1,0,0,0,4,1,2,2,31,6,125,1,2,-1,-1
201401VK30069,2,9,0,4,0,0,0,0,0,0,2,1,2,1,48,8,-1,-1,-1,7,3
201401VK30070,1,9,0,14,0,0,0,0,0,0,4,1,6,2,29,6,1895,1,13,6,1
201401VK30070,2,9,0,2,0,0,0,0,0,0,3,1,6,1,-1,-1,2290,1,12,7,1
201401VK30071,1,9,0,7,0,0,0,0,0,0,1,1,6,2,57,9,998,1,4,8,1
201401VK30071,2,11,0,18,0,0,0,0,0,0,1,1,1,2,41,7,4500,2,7,9,1
201401VK30073,1,9,0,4,0,8,0,0,0,0,3,1,6,2,67,10,-1,-1,-1,10,1
201401VK30074,1,9,0,14,0,8,0,0,0,0,1,1,6,1,38,7,-1,-1,-1,6,1
201401VK30074,2,1,0,5,0,8,0,0,0,0,4,1,6,1,27,6,-1,-1,-1,9,1
201401VK30075,1,9,0,7,0,7,0,0,0,0,4,1,2,1,22,5,1598,1,5,9,1
201401VK30075,2,1,0,18,5,8,0,0,1,0,1,1,6,1,56,9,-1,-1,-1,-1,-1
201401VK30076,1,9,0,18,0,8,0,0,0,0,3,1,2,1,56,9,1984,2,3,10,1
201401VK30076,2,9,0,9,0,8,0,0,1,0,1,1,4,2,59,9,1242,1,4,-1,-1
201401VK30077,1,19,0,18,0,8,0,0,0,0,1,1,1,1,22,5,2143,2,1,10,1
201401VK30077,2,9,0,9,0,8,0,0,0,0,1,1,6,1,42,7,1997,2,10,-1,-1
201401VK30078,1,9,0,18,0,8,0,0,0,0,2,1,2,2,-1,-1,1781,1,10,9,1
201401VK30078,2,9,0,18,0,8,0,0,0,0,1,1,2,1,43,7,-1,-1,-1,-1,-1
201401VK30079,1,9,0,9,0,8,0,0,0,0,1,1,6,1,43,7,2319,1,11,8,1
201401VK30080,1,9,0,7,0,8,0,0,0,0,1,1,6,2,72,10,1896,2,10,8,1
201401VK30080,2,9,0,9,0,8,0,0,0,0,1,1,6,1,39,7,1299,1,14,4,1
201401VK30081,1,9,0,9,0,8,0,0,0,0,1,1,1,2,47,8,1339,1,5,7,1
201401VK30082,1,9,0,4,0,0,1,0,0,0,1,1,6,1,26,6,1299,1,13,10,1
201401VK30082,2,9,0,4,0,0,0,0,0,0,2,1,6,1,-1,-1,1598,1,13,4,1
201401VK30083,1,9,0,18,0,1,0,0,0,0,2,1,6,2,46,8,1560,2,1,7,1
201401VK30083,2,19,0,18,0,1,0,0,0,0,1,1,1,1,27,6,2300,2,8,6,1
201401VK30084,1,1,0,3,0,8,0,0,0,0,1,1,2,1,41,7,-1,-1,-1,9,1
201401VK30084,2,9,0,9,0,8,0,0,0,0,1,1,2,2,37,7,-1,-1,-1,4,1
201401VK30085,1,1,0,18,0,7,0,0,0,0,1,1,2,1,31,6,-1,-1,-1,10,1
201401VK30085,2,9,0,9,0,8,0,0,0,0,3,1,6,1,-1,-1,1396,2,4,-1,-1
201401VK30087,1,9,0,9,0,8,0,0,0,0,3,1,6,1,46,8,1998,1,14,4,1
201401VK30087,2,3,0,14,0,8,0,0,0,0,1,1,6,1,17,4,124,1,1,7,1
201401VK30088,1,9,0,9,0,8,0,0,0,0,3,1,6,1,34,6,1796,1,11,-1,-1
201401VK30088,2,1,0,13,0,8,0,0,0,0,1,1,6,1,38,7,-1,-1,-1,9,1
201401VK30089,1,19,0,14,0,8,0,0,0,0,1,1,1,1,27,6,2402,2,7,3,1
201401VK30090,1,9,0,18,0,8,0,0,0,0,1,1,6,2,45,7,2362,1,9,3,1
201401VK30090,2,1,0,18,0,8,0,0,0,0,3,1,6,1,49,8,-1,-1,-1,6,1
201401VK30091,1,9,0,9,0,8,0,10,3,10,1,1,6,2,61,9,2435,1,9,10,1
201401VK30091,2,9,0,18,0,8,0,0,0,0,4,1,6,1,37,7,3311,8,9,10,1