Accident_Index,Vehicle_Reference,Vehicle_Type,Towing_and_Articulation,Vehicle_Manoeuvre,Vehicle_Location-Restricted_Lane,Junction_Location,Skidding_and_Overturning,Hit_Object_in_Carriageway,Vehicle_Leaving_Carriageway,Hit_Object_off_Carriageway,1st_Point_of_Impact,Was_Vehicle_Left_Hand_Drive?,Journey_Purpose_of_Driver,Sex_of_Driver,Age_of_Driver,Age_Band_of_Driver,Engine_Capacity_(CC),Propulsion_Code,Age_of_Vehicle,Driver_IMD_Decile,Driver_Home_Area_Type
201401VK30093,1,9,0,18,0,8,0,0,0,0,2,1,6,1,40,7,1995,1,17,8,1
201401VK30093,2,9,0,18,0,1,0,0,0,0,1,1,6,1,27,6,1799,1,7,7,1
201401VK30094,1,9,0,9,0,8,0,0,0,0,4,1,6,2,54,8,1149,1,17,9,1
201401VK30094,2,1,0,18,0,8,0,0,0,0,3,1,6,2,32,6,-1,-1,-1,-1,-1
201401VK30095,1,3,0,18,0,8,0,0,0,0,1,1,6,1,45,7,125,1,3,9,1
201401VK30095,2,1,0,9,0,8,0,0,0,0,3,1,6,1,14,3,-1,-1,-1,10,1
201401VK30096,1,3,0,18,0,8,0,0,0,0,3,1,6,1,25,5,-1,-1,-1,8,1
201401VK30096,2,9,0,13,0,8,0,0,0,0,4,1,6,2,73,10,1339,1,8,6,1
201401VK30097,1,9,0,18,0,8,0,0,0,0,4,1,2,1,52,8,1242,1,3,4,1
201401VK30098,1,9,0,17,0,8,0,0,0,0,3,1,6,1,27,6,-1,-1,-1,5,1
201401VK30098,2,3,0,17,0,8,0,0,0,0,4,1,6,1,20,4,108,1,2,2,1
201401VK30099,1,9,0,2,0,0,0,0,0,0,3,1,6,1,66,10,2148,2,7,9,1
201401VK30099,2,1,0,18,0,0,0,8,0,0,1,1,6,1,47,8,-1,-1,-1,10,1
201401VK30101,1,1,0,18,0,8,0,0,0,0,1,1,1,1,33,6,-1,-1,-1,6,1
201401VK30102,1,9,0,9,0,8,0,0,0,0,1,1,6,2,47,8,1497,8,7,9,1
201401VK30102,2,3,0,18,0,8,0,0,0,0,4,1,1,1,42,7,849,1,1,9,1
201401VK30103,1,9,0,18,0,8,0,0,0,0,1,1,6,2,54,8,1198,1,9,6,1
201401VK30103,2,1,0,9,0,8,0,0,0,0,3,1,6,2,40,7,-1,-1,-1,4,1
201401VK30104,1,11,0,3,0,0,0,0,0,0,0,1,1,1,51,8,8268,2,13,8,1
201401VK30105,1,9,0,18,0,8,0,0,0,0,4,1,6,2,22,5,1995,2,6,8,1
201401VK30105,2,21,0,16,0,8,0,0,0,0,3,1,6,3,-1,-1,-1,-1,-1,-1,-1
201401VK30106,1,20,0,5,0,1,0,0,0,0,0,1,6,3,-1,-1,-1,-1,-1,-1,-1
201401VK30107,1,9,0,3,0,0,0,0,0,0,2,1,2,1,28,6,1560,2,1,9,1
201401VK30107,2,9,0,18,0,0,0,0,0,0,1,1,6,2,39,7,-1,-1,-1,6,1
201401VK30108,1,9,0,18,0,0,0,0,0,0,4,1,4,3,-1,-1,-1,-1,-1,-1,-1
201401VK30109,1,9,0,18,0,8,0,0,0,0,4,1,6,2,28,6,998,1,7,8,1
201401VK30109,2,9,0,7,0,8,0,0,0,0,1,1,6,2,-1,-1,1995,2,1,-1,-1
201401VK30111,1,9,0,4,0,0,0,0,0,0,1,1,6,1,25,5,3999,1,6,8,1
201401VK30111,2,8,0,4,0,0,0,0,0,0,2,1,1,1,40,7,1461,2,10,10,1
201401VK30111,3,9,0,4,0,0,0,0,0,0,2,1,6,1,80,11,1229,1,7,6,1
201401VK30114,1,9,0,4,0,8,0,0,0,0,1,1,2,1,30,6,-1,-1,-1,9,1
201401VK30114,2,1,0,9,0,8,0,0,0,0,4,1,6,2,83,11,-1,-1,-1,9,1
201401VK30115,1,9,0,4,0,0,0,0,0,0,1,1,2,2,52,8,1149,1,9,6,1
201401VK30116,1,9,0,9,0,8,0,0,0,0,3,1,6,2,45,7,1386,1,11,-1,-1
201401VK30116,2,3,0,14,0,8,1,0,1,0,1,1,6,1,36,7,124,1,11,7,1
201401VK30116,3,9,0,3,0,8,0,0,0,0,0,1,6,3,-1,-1,-1,-1,-1,-1,-1
201401VK30117,1,10,0,3,0,0,0,0,1,0,0,1,1,1,58,9,-1,-1,-1,8,1
201401VK30118,1,9,0,3,0,8,0,0,0,0,2,1,6,1,59,9,1896,2,13,1,1
201401VK30118,2,9,0,4,0,8,0,0,0,0,1,1,6,1,31,6,1797,8,4,3,1
201401VK30119,1,1,0,18,0,8,0,0,0,0,4,1,6,1,21,5,-1,-1,-1,10,1
201401VK30119,2,9,0,5,0,8,0,0,0,0,1,1,6,1,-1,-1,1390,1,12,-1,-1
201401VK30120,1,9,0,3,0,8,0,0,0,0,2,1,3,2,47,8,1998,1,12,8,1
201401VK30120,2,1,0,18,0,8,0,0,1,0,1,1,6,1,22,5,-1,-1,-1,7,1
201401VK30121,1,9,0,4,0,8,0,0,0,0,2,1,6,1,66,10,1396,1,1,-1,-1
201401VK30121,2,19,0,4,0,8,0,0,0,0,2,1,1,1,52,8,-1,-1,-1,9,1
201401VK30121,3,20,0,4,0,8,0,0,1,0,1,1,1,1,41,7,4461,2,2,5,1
201401VK30122,1,19,0,5,0,8,0,0,0,0,3,1,1,1,45,7,2198,2,1,10,1
201401VK30122,2,1,0,5,0,8,0,0,0,0,4,1,2,1,53,8,-1,-1,-1,3,1
201401VK30123,1,9,0,7,0,8,0,0,0,0,4,1,1,1,40,7,2148,2,6,3,1
201401VK30123,2,1,0,18,0,8,0,0,0,0,3,1,6,1,39,7,-1,-1,-1,3,1
201401VK30124,1,9,0,18,0,0,0,0,0,0,4,1,6,2,45,7,-1,-1,-1,6,1
201401VK30125,1,19,0,1,0,8,0,0,0,0,3,1,1,1,48,8,1461,2,1,5,1
201401VK30126,1,9,0,14,0,8,0,0,0,0,2,1,1,2,28,6,1753,2,14,8,1
201401VK30126,2,9,0,14,0,8,0,0,0,0,1,1,1,2,48,8,1497,1,10,6,1
201401VK30127,1,9,0,18,0,8,0,0,0,0,1,1,6,1,64,9,-1,-1,-1,4,1
201401VK30127,2,9,0,4,0,8,0,0,0,0,2,1,6,1,58,9,1896,2,8,10,1
201401VK30128,1,9,0,9,0,8,0,0,0,0,3,1,6,2,56,9,-1,-1,-1,8,1
201401VK30128,2,3,0,14,0,8,0,0,0,0,1,1,6,1,21,5,124,1,3,10,1
201401VK30129,1,9,0,18,0,8,0,0,0,0,1,1,6,1,24,5,1596,1,7,9,1
201401VK30129,2,9,0,3,0,8,0,0,0,0,2,1,6,1,35,6,1968,2,2,-1,1
201401VK30129,3,9,0,3,0,8,0,0,0,0,2,1,6,1,-1,-1,1595,1,2,9,1
201401VK30129,4,9,0,3,0,8,0,0,0,0,2,1,6,1,42,7,1997,2,1,10,1
201401VK30130,1,1,0,9,0,8,0,0,0,0,2,1,2,1,45,7,-1,-1,-1,7,1
201401VK30130,2,9,0,9,0,8,0,0,0,0,1,1,6,2,-1,-1,1398,1,12,4,1
201401VK30131,1,9,0,9,0,8,0,0,0,0,1,1,6,1,50,8,1461,2,6,2,1
201401VK30131,2,3,0,14,0,8,0,0,0,0,4,1,6,1,44,7,-1,-1,-1,4,1
201401VK30132,1,9,0,16,0,0,0,0,0,0,1,1,6,1,26,6,-1,-1,-1,3,1
201401VK30132,2,9,0,17,0,0,0,0,0,0,1,1,6,1,51,8,4163,2,5,10,1
201401VK30133,1,1,0,18,0,0,0,4,0,0,1,1,6,1,41,7,-1,-1,-1,-1,-1
201401VK30134,1,9,0,13,0,0,0,0,0,0,4,1,6,1,71,10,1699,1,7,8,1
201401VK30134,2,1,0,18,0,0,0,0,0,0,3,1,6,2,33,6,-1,-1,-1,10,1
201401VK30135,1,9,0,9,0,8,0,0,0,0,1,1,2,1,24,5,1598,2,1,4,1
201401VK30135,2,3,0,15,0,8,0,0,0,0,3,1,2,1,21,5,124,1,2,4,1
201401VK30136,1,9,0,18,0,8,0,0,0,0,3,1,6,2,62,9,1598,1,11,10,1
201401VK30136,2,9,0,18,0,8,0,0,0,0,1,1,6,1,-1,-1,1995,1,12,-1,-1
201401VK30137,1,4,0,18,0,2,1,0,0,0,1,1,6,1,24,5,1043,1,1,8,1
201401VK30137,2,9,0,9,0,1,0,0,0,0,3,1,6,1,63,9,2777,2,5,9,1
201401VK30137,3,9,0,18,0,1,0,0,0,0,3,1,6,1,64,9,1400,1,14,4,1
201401VK30138,1,9,0,5,0,2,0,0,0,0,4,1,6,1,65,9,2496,2,12,4,1
201401VK30139,1,9,0,18,0,1,0,0,0,0,1,1,6,2,-1,-1,998,1,1,10,1
201401VK30139,2,3,0,3,0,8,0,0,0,0,2,1,6,1,44,7,124,1,1,4,1
201401VK30140,1,9,0,9,0,8,0,0,0,0,4,1,6,2,35,6,1834,1,15,3,1
201401VK30140,2,5,0,17,0,8,0,0,0,0,1,1,6,1,24,5,599,1,7,7,1
201401VK30141,1,21,0,7,0,8,0,0,0,0,4,1,1,1,47,8,5880,2,8,7,1
201401VK30141,2,1,0,18,0,8,0,0,0,0,1,1,2,1,21,5,-1,-1,-1,8,1
201401VK30142,1,9,0,17,0,8,0,0,0,0,2,1,6,1,20,4,-1,-1,-1,6,1
201401VK30142,2,9,0,17,0,8,0,0,0,0,1,1,6,1,-1,-1,-1,-1,-1,-1,-1
201401VK30143,1,3,0,18,0,8,0,0,0,0,3,1,1,1,22,5,125,1,3,8,1
201401VK30143,2,9,0,11,0,8,0,0,0,0,4,1,6,2,23,5,1560,2,-1,4,1
201401VK30144,1,3,0,18,0,8,0,0,0,0,1,1,1,1,26,6,-1,-1,-1,6,1
201401VK30144,2,3,0,9,0,8,0,0,0,0,2,1,1,1,36,7,125,1,4,10,1
201401VK30145,1,1,0,18,0,0,0,0,0,0,3,1,6,1,41,7,-1,-1,-1,9,1
201401VK30145,2,9,0,13,0,0,0,0,0,0,4,1,6,1,-1,-1,-1,-1,-1,-1,-1
201401VK30147,1,1,0,14,0,0,0,4,0,0,1,1,6,1,31,6,-1,-1,-1,4,1
201401VK30147,2,9,0,2,0,0,0,0,1,0,3,1,6,1,20,4,1229,1,3,10,1
201401VK30148,1,8,0,8,0,1,0,0,0,0,2,1,1,1,28,6,1986,2,9,-1,-1
201401VK30148,2,9,0,7,0,1,0,0,0,0,1,1,6,1,-1,-1,-1,-1,-1,-1,-1
201401VK30149,1,9,0,9,0,1,0,0,0,0,3,1,6,1,51,8,4163,1,7,9,1
201401VK30149,2,3,0,13,0,1,0,10,0,0,1,1,6,1,18,4,124,1,6,4,1
201401VK30150,1,9,0,9,0,1,0,0,0,0,1,1,6,1,43,7,1590,1,10,9,1
201401VK30150,2,3,0,18,0,1,0,0,0,0,1,1,1,1,34,6,125,1,4,6,1
201401VK30151,1,1,0,18,0,0,0,0,0,0,3,1,2,1,34,6,-1,-1,-1,10,1
201401VK30151,2,19,0,13,0,0,0,0,0,0,4,1,1,1,-1,-1,-1,-1,-1,8,1
201401VK30152,1,9,0,18,0,8,0,0,0,0,1,1,6,2,21,5,1299,1,12,1,1
201401VK30152,2,9,0,9,0,8,0,0,0,0,1,1,6,1,19,4,1390,1,15,-1,-1
201401VK30153,1,9,0,11,9,0,0,0,1,1,1,1,6,3,-1,-1,-1,-1,-1,-1,-1
201401VK30153,2,9,0,18,0,0,0,0,0,0,0,1,6,3,-1,-1,-1,-1,-1,-1,-1
201401VK30154,1,5,0,18,0,0,0,0,0,0,1,1,2,1,51,8,660,1,7,8,1
201401VK30155,1,9,0,18,0,1,0,0,0,0,4,1,6,1,74,10,1590,1,11,10,1
201401VK30155,2,3,0,3,0,1,1,0,0,0,1,1,2,2,27,6,125,1,1,10,1
201401VK30156,1,1,0,18,0,1,0,0,0,0,1,1,4,1,10,2,-1,-1,-1,6,1
201401VK30156,2,9,0,4,0,1,0,0,0,0,3,1,3,2,39,7,1197,1,1,6,1
201401VK30157,1,9,0,9,0,1,0,0,0,0,1,1,6,2,62,9,1797,8,2,-1,-1
201401VK30157,2,5,0,18,0,1,0,0,0,0,1,1,6,1,31,6,599,1,3,4,1
201401VK30158,1,9,0,5,0,0,0,0,7,10,3,1,6,2,21,5,1397,1,11,6,1
201401VK30159,1,8,0,16,0,0,0,0,0,0,1,1,1,1,49,8,2402,2,8,9,1
201401VK30159,2,8,0,16,0,0,0,0,0,0,1,1,1,1,59,9,2179,2,9,9,1
201401VK30160,1,9,0,9,0,2,0,0,0,0,1,1,6,2,31,6,1198,1,7,4,1
201401VK30160,2,5,0,14,0,1,0,0,0,0,4,1,6,1,53,8,649,1,8,8,1
201401VK30161,1,9,0,4,0,1,0,0,0,0,2,1,1,1,40,7,2494,1,26,9,1
201401VK30161,2,9,0,3,0,1,0,0,0,0,4,1,6,2,66,10,1598,1,2,10,1
201401VK30161,3,5,0,17,0,1,0,0,0,0,3,1,1,1,54,8,599,1,4,2,1
201401VK30162,1,9,0,18,0,8,0,0,0,0,1,1,6,2,21,5,1198,1,7,10,1
201401VK30162,2,8,0,2,0,8,0,0,0,0,2,1,6,1,-1,-1,2664,2,15,9,1
201401VK30162,3,9,0,12,0,8,0,0,0,0,1,1,6,1,25,5,-1,-1,-1,-1,-1
201401VK30163,1,9,0,10,0,1,0,0,0,0,2,1,1,1,31,6,1968,2,9,9,1
201401VK30163,2,9,0,18,0,1,0,0,0,0,1,1,1,1,28,6,1598,2,4,8,1
201401VK30164,1,3,0,18,0,8,0,0,0,0,1,1,6,1,24,5,124,1,9,3,1
201401VK30164,2,9,0,18,0,8,0,0,0,0,4,1,3,2,29,6,1600,2,4,7,1
201401VK30165,1,1,0,18,0,8,0,0,0,0,4,1,6,1,51,8,-1,-1,-1,8,1
201401VK30165,2,9,0,18,0,8,0,0,0,0,1,1,6,1,-1,-1,1242,1,13,6,1
201401VK30166,1,9,0,7,0,8,0,0,0,0,3,1,6,1,67,10,2987,2,8,9,1
201401VK30166,2,1,0,18,0,8,0,0,0,0,1,1,6,2,34,6,-1,-1,-1,10,1
201401VK30167,1,9,0,4,0,1,0,0,0,0,2,1,6,2,36,7,1396,1,11,8,1
201401VK30167,2,9,0,18,0,1,0,0,0,0,1,1,6,3,-1,-1,-1,-1,-1,-1,-1
201401VK30168,1,9,0,18,0,0,0,0,0,0,1,1,6,1,35,6,1896,2,5,4,1
201401VK30170,1,1,0,18,0,0,0,0,1,0,1,1,6,1,42,7,-1,-1,-1,10,1
201401VK30171,1,1,0,5,0,8,0,0,0,0,4,1,2,2,28,6,-1,-1,-1,10,1
201401VK30171,2,9,0,18,0,8,0,0,1,0,1,1,2,2,-1,-1,-1,-1,-1,-1,-1
201401VK30173,1,9,0,9,0,8,0,0,0,0,4,1,6,1,39,7,1783,1,12,2,1
201401VK30173,2,9,0,7,0,8,0,0,0,0,1,1,6,1,37,7,-1,-1,-1,6,1
201401VK30173,3,9,0,5,0,8,0,0,0,0,3,1,6,3,-1,-1,-1,-1,-1,-1,-1
201401VK30174,1,21,0,7,0,8,0,0,1,0,4,1,1,1,49,8,11705,2,6,6,1
201401VK30174,2,1,0,7,0,8,0,0,0,0,1,1,6,1,19,4,-1,-1,-1,5,1
201401VK30176,1,1,0,17,0,8,0,0,0,0,1,1,2,1,55,8,-1,-1,-1,10,1
201401VK30176,2,9,0,16,0,8,0,0,1,0,4,1,6,1,-1,-1,-1,-1,-1,8,1
201401VK30177,1,9,0,18,0,8,0,0,1,0,1,1,6,2,-1,-1,998,1,2,9,1
201401VK30177,2,1,0,18,0,8,0,0,0,0,1,1,6,1,16,4,-1,-1,-1,-1,-1
201401VK30178,1,9,0,9,0,8,0,0,0,0,1,1,1,2,27,6,1995,2,1,9,1
201401VK30178,2,1,0,18,0,8,0,0,0,0,1,1,1,1,25,5,-1,-1,-1,-1,-1
201401VK30179,1,9,0,5,0,0,0,0,0,0,1,1,6,1,22,5,-1,-1,-1,9,1
201401VK30179,2,9,0,4,0,0,0,0,0,0,4,1,6,2,30,6,2993,2,8,10,1
201401VK30179,3,9,0,13,0,0,0,0,0,0,1,1,6,2,49,8,3498,1,15,-1,-1
201401VK30180,1,5,0,4,0,0,0,0,0,0,1,1,6,1,36,7,883,1,14,9,2
201401VK30180,2,9,0,5,0,0,0,0,0,0,1,1,1,1,57,9,2494,1,13,7,1
201401VK30181,1,1,0,14,0,0,0,0,0,0,1,1,6,1,36,7,-1,-1,-1,3,1
201401VK30181,2,9,0,12,0,0,0,0,0,0,3,1,6,1,72,10,1598,1,7,8,1
201401VK30182,1,9,0,4,0,8,0,0,0,0,1,1,2,2,35,6,1198,1,11,5,1
201401VK30183,1,9,0,3,0,8,0,0,0,0,2,1,2,2,24,5,1598,1,11,10,1
201401VK30183,2,9,0,4,0,8,0,0,0,0,1,1,6,2,-1,-1,1398,1,2,-1,-1
201401VK30184,1,19,0,18,0,1,0,0,0,0,1,1,1,1,35,6,1560,2,7,10,3
201401VK30184,2,3,0,3,0,1,0,0,0,0,2,1,1,1,25,5,108,1,2,-1,1
201401VK30184,3,9,0,3,0,1,0,0,0,0,2,1,6,2,41,7,1587,1,7,8,1
201401VK30185,1,9,0,3,0,1,0,0,0,0,4,1,6,1,26,6,1240,1,6,8,1
201401VK30185,2,1,0,15,0,1,0,8,0,0,3,1,6,1,37,7,-1,-1,-1,7,1
201401VK30187,1,9,0,9,0,8,0,0,0,0,1,1,1,2,34,6,5439,1,8,3,1
201401VK30187,2,1,0,18,9,8,0,0,0,0,1,1,6,1,32,6,-1,-1,-1,-1,-1
201401VK30188,1,9,0,4,0,8,0,0,0,0,3,1,6,2,43,7,1596,1,10,4,1
201401VK30190,1,11,0,3,0,8,0,0,0,0,0,1,1,1,54,8,6700,2,6,-1,-1
201401VK30191,1,1,0,18,0,8,0,0,0,0,1,1,6,1,33,6,-1,-1,-1,9,1
201401VK30191,2,9,0,9,0,8,0,0,0,0,1,1,6,2,-1,-1,-1,-1,-1,-1,-1
201401VK30192,1,9,0,9,0,8,0,0,0,0,3,1,4,1,24,5,3824,1,7,8,1
201401VK30192,2,4,0,13,0,8,0,0,0,0,1,1,6,1,47,8,-1,-1,-1,8,1
201401VK30193,1,9,0,18,0,8,0,0,0,0,1,1,6,2,26,6,-1,-1,-1,4,1
201401VK30193,2,2,0,18,0,8,0,0,0,0,1,1,1,1,24,5,107,1,1,6,1
201401VK30194,1,1,0,12,0,0,0,4,2,1,1,1,6,1,24,5,-1,-1,-1,7,1
201401VK30194,2,11,0,2,0,0,0,0,1,0,3,1,1,3,-1,-1,-1,-1,-1,-1,-1
201401VK30195,1,9,0,18,0,0,5,10,7,10,1,1,6,2,21,5,1388,1,10,6,1
201401VK30196,1,9,0,9,0,8,0,0,0,0,3,1,6,1,30,6,1248,1,1,-1,-1
201401VK30196,2,9,0,13,0,8,0,0,0,0,1,1,1,2,-1,-1,1968,2,2,-1,-1
201401VK30197,1,9,0,4,0,0,0,0,0,0,1,1,1,1,39,7,3628,2,7,10,1
201401VK30197,2,9,0,4,0,0,0,0,1,0,2,1,6,2,23,5,-1,-1,-1,6,1
201401VK30199,1,9,0,4,0,0,0,0,0,0,2,1,6,2,25,5,1598,1,3,8,1
201401VK30199,2,21,0,18,0,0,0,0,0,0,1,1,1,1,47,8,11021,2,9,5,1
201401VK30199,3,9,0,4,0,0,0,0,0,0,2,1,6,2,57,9,1598,1,11,8,1
201401VK30199,4,9,0,2,0,0,0,0,0,0,2,1,6,2,37,7,1997,2,6,7,1
201401VK30200,1,9,0,18,0,0,0,0,0,0,3,1,2,2,19,4,1248,1,1,-1,-1
201401VK30200,2,9,0,5,0,0,0,0,0,0,1,1,2,2,51,8,1299,1,11,8,1
201401VK30201,1,9,0,18,0,8,0,0,0,0,3,1,6,2,25,5,1598,1,8,-1,-1
201401VK30202,1,9,0,9,0,1,0,0,0,0,3,1,6,2,51,8,1796,1,10,8,1
201401VK30202,2,5,0,14,0,1,0,0,0,0,4,1,1,1,27,6,670,1,2,-1,-1
201401VK30203,1,9,0,9,0,8,0,0,0,0,3,1,2,2,37,7,1997,2,6,8,1
201401VK30203,2,1,0,18,0,8,0,0,0,0,4,1,6,2,46,8,-1,-1,-1,9,1
201401VK30204,1,9,0,9,0,8,0,0,0,0,1,1,6,1,23,5,-1,-1,-1,10,1
201401VK30204,2,2,0,13,0,8,0,0,0,0,3,1,6,2,27,6,50,1,1,7,1
201401VK30206,1,9,0,9,0,8,0,0,0,0,3,1,6,2,56,9,3226,2,14,10,1
201401VK30206,2,3,0,13,0,8,0,0,0,0,1,1,6,1,43,7,125,1,2,9,1
201401VK30207,1,3,0,14,0,8,0,0,0,0,1,1,6,1,21,5,125,1,5,1,1
201401VK30207,2,9,0,3,0,8,0,0,0,0,0,1,6,2,54,8,-1,-1,-1,7,1
201401VK30208,1,11,0,5,0,0,0,0,0,0,0,1,1,1,57,9,8268,2,12,-1,-1
201401VK30210,1,11,0,4,0,0,0,0,0,0,0,1,1,1,28,6,6700,2,5,3,1
201401VK30212,1,9,0,18,0,0,0,0,0,0,4,1,6,1,21,5,1124,1,17,4,1
201401VK30213,1,3,0,11,0,1,0,0,0,0,4,1,2,1,21,5,124,1,7,7,1
201401VK30213,2,9,0,18,0,1,0,10,0,0,3,1,6,1,42,7,2199,2,4,9,1
201401VK30214,1,19,0,18,0,2,0,0,0,0,4,1,1,1,-1,-1,2143,2,2,-1,-1
201401VK30215,1,9,0,18,0,0,0,4,0,0,4,1,6,1,70,10,-1,-1,-1,6,3
201401VK30215,2,9,0,2,0,0,0,0,0,0,3,1,6,1,43,7,1560,2,7,9,1
201401VK30215,3,9,0,2,0,0,0,0,0,0,3,1,6,1,-1,-1,1242,1,2,-1,-1
201401VK30216,1,11,0,18,0,0,0,0,0,0,4,1,1,1,49,8,4500,2,7,4,1
201401VK30216,2,1,0,5,0,0,0,0,0,0,1,1,6,1,-1,-1,-1,-1,-1,6,1
201401VK30218,1,9,0,12,0,0,0,0,0,0,3,1,6,1,26,6,1975,1,11,9,1
201401VK30218,2,4,0,18,0,0,0,0,0,0,2,1,6,1,69,10,1100,1,17,10,1
201401VK30219,1,3,0,13,0,8,0,0,0,0,4,1,6,1,18,4,125,1,20,9,3
201401VK30219,2,9,0,9,0,8,0,0,0,0,3,1,6,2,75,10,1360,1,12,10,1
201401VK30220,1,9,0,9,0,8,0,0,0,0,1,1,2,1,23,5,1998,1,10,6,1
201401VK30220,2,1,0,18,0,8,0,0,0,0,1,1,6,1,16,4,-1,-1,-1,7,1
201401VK30221,1,1,0,18,0,8,0,0,0,0,4,1,6,2,46,8,-1,-1,-1,8,1
201401VK30221,2,9,0,9,0,8,0,0,0,0,1,1,6,2,72,10,1598,1,12,9,1
201401VK30222,1,9,0,7,0,8,0,0,0,0,3,1,6,1,52,8,1598,1,1,7,1
201401VK30222,2,9,0,18,0,8,0,0,0,0,4,1,6,1,41,7,1968,2,2,10,1
201401VK30223,1,9,0,18,0,0,2,10,1,10,4,1,2,1,27,6,1588,1,10,9,1
201401VK30224,1,9,0,10,0,1,0,0,0,0,2,1,6,1,56,9,1796,1,11,6,1
201401VK30224,2,9,0,18,0,1,0,0,0,0,1,1,6,2,49,8,1086,1,9,8,1
201401VK30226,1,9,0,4,0,0,0,0,0,0,2,1,6,1,50,8,1999,1,4,10,1
201401VK30226,2,9,0,4,0,0,0,0,0,0,2,1,6,1,44,7,1598,1,11,8,1
201401VK30226,3,9,0,18,0,0,0,0,0,0,1,1,6,1,38,7,1596,1,14,7,1
201401VK30227,1,3,0,18,0,2,0,0,0,0,1,1,1,1,31,6,49,1,8,6,1
201401VK30228,1,9,0,18,0,0,0,0,0,0,1,1,6,1,31,6,1896,2,14,-1,-1
201401VK30228,2,19,0,18,0,0,0,0,0,0,2,1,6,1,-1,-1,2402,2,3,-1,-1
201401VK30229,1,3,0,18,0,1,1,0,0,0,4,1,6,1,27,6,124,1,2,4,1
201401VK30230,1,9,0,18,0,8,0,0,0,0,1,1,6,1,69,10,1390,1,4,10,1
201401VK30230,2,9,0,17,0,8,0,0,0,0,1,1,6,1,62,9,-1,-1,-1,7,1
201401VK30231,1,9,0,11,0,8,0,0,0,0,4,1,6,1,52,8,-1,-1,-1,2,1
201401VK30231,2,4,0,18,0,8,0,0,0,0,3,1,6,1,31,6,125,1,8,9,1
201401VK30232,1,9,0,13,0,1,0,0,0,0,4,1,6,1,25,5,1149,1,6,5,1
201401VK30232,2,4,0,4,0,1,0,0,0,0,3,1,6,1,64,9,1585,1,3,10,1
201401VK30233,1,9,0,3,0,1,0,0,0,0,2,1,6,1,39,7,1896,2,12,5,1
201401VK30233,2,2,0,18,0,1,0,0,0,0,1,1,2,1,20,4,124,1,13,-1,-1
201401VK30234,1,9,0,18,0,0,0,0,0,0,4,1,6,1,40,7,1956,2,3,7,1
201401VK30236,1,9,0,9,0,8,0,0,0,0,3,1,6,1,57,9,1998,2,7,3,1
201401VK30236,2,2,0,14,0,8,0,0,0,0,1,1,6,1,-1,-1,-1,-1,-1,-1,-1
201401VK30237,1,9,0,9,0,8,0,0,0,0,4,1,6,2,37,7,1997,1,2,10,1
201401VK30237,2,9,0,18,0,8,1,0,0,0,1,1,6,1,32,6,1686,2,8,1,1
201401VK30238,1,9,0,18,0,8,0,0,0,0,1,1,6,1,54,8,1948,1,13,6,1
201401VK30238,2,1,0,18,0,8,0,0,0,0,4,1,6,1,32,6,-1,-1,-1,8,1
201401VK30239,1,11,0,18,0,1,0,0,0,0,4,1,1,2,51,8,4461,2,1,10,1
201401VK30240,1,9,0,10,0,1,0,0,0,0,2,1,6,1,50,8,1999,1,8,8,1
201401VK30240,2,9,0,10,0,1,0,0,0,0,2,1,6,2,46,8,1796,2,2,10,1
201401VK30240,3,9,0,18,0,1,0,0,0,0,1,1,6,2,33,6,1995,2,9,8,1
201401VK30241,1,9,0,9,0,8,0,0,0,0,4,1,6,2,54,8,1596,1,8,6,1
201401VK30241,2,5,0,18,0,8,0,0,0,0,1,1,1,1,44,7,-1,-1,-1,-1,-1
201401VK30242,1,1,0,7,5,2,0,0,0,0,2,1,6,1,43,7,-1,-1,-1,8,1
201401VK30242,2,9,0,17,0,2,0,0,0,0,1,1,6,1,51,8,1497,8,6,6,1
201401VK30243,1,9,0,17,0,8,0,0,0,0,4,1,1,1,25,5,1995,2,12,4,1
201401VK30243,2,1,0,17,0,8,0,0,0,0,3,1,6,1,-1,-1,-1,-1,-1,-1,-1
201401VK30244,1,9,0,18,0,1,0,0,0,0,1,1,6,1,82,11,1339,1,9,10,1
201401VK30246,1,11,0,18,0,1,0,0,0,0,4,1,1,2,41,7,4500,2,6,9,1
201401VK30247,1,9,0,18,0,1,0,0,0,0,4,1,6,2,24,5,1560,2,1,-1,1
201401VK30247,2,9,0,12,0,1,0,0,0,0,3,1,6,3,-1,-1,1995,2,-1,-1,-1
201401VK30248,1,9,0,18,0,1,0,0,0,0,1,1,6,1,55,8,1596,1,11,8,1
201401VK30250,1,1,0,18,4,1,0,0,0,0,3,1,6,2,33,6,-1,-1,-1,4,1
201401VK30250,2,9,0,13,0,1,0,0,0,0,4,1,6,2,-1,-1,1339,1,2,-1,-1
201401VK30251,1,9,0,18,0,8,0,0,0,0,1,1,6,1,35,6,1461,2,8,9,1
201401VK30251,2,1,0,18,0,8,0,0,0,0,3,1,6,2,-1,-1,-1,-1,-1,-1,-1
201401VK30252,1,9,0,9,0,1,0,0,0,0,3,1,6,2,18,4,1600,2,2,9,1
201401VK30252,2,4,0,13,0,1,0,0,0,0,1,1,1,1,31,6,1000,1,9,-1,-1
201401VK30253,1,9,0,3,0,8,0,0,0,0,2,1,6,1,52,8,-1,-1,-1,6,1
201401VK30253,2,9,0,18,0,8,0,0,0,0,1,1,6,1,-1,-1,1389,1,17,-1,-1
201401VK30254,1,9,0,18,0,8,0,0,0,0,1,1,6,3,-1,-1,-1,-1,-1,-1,-1
201401VK30255,1,9,0,9,0,2,0,0,0,0,1,1,6,1,35,6,1686,2,7,9,2
201401VK30256,1,9,0,18,0,2,0,0,0,0,1,1,6,2,47,8,1596,1,5,9,1