Accident_Index,Vehicle_Reference,Vehicle_Type,Towing_and_Articulation,Vehicle_Manoeuvre,Vehicle_Location-Restricted_Lane,Junction_Location,Skidding_and_Overturning,Hit_Object_in_Carriageway,Vehicle_Leaving_Carriageway,Hit_Object_off_Carriageway,1st_Point_of_Impact,Was_Vehicle_Left_Hand_Drive?,Journey_Purpose_of_Driver,Sex_of_Driver,Age_of_Driver,Age_Band_of_Driver,Engine_Capacity_(CC),Propulsion_Code,Age_of_Vehicle,Driver_IMD_Decile,Driver_Home_Area_Type
201401VK30426,2,9,0,4,0,1,0,0,0,0,2,1,6,1,22,5,1343,1,10,6,1
201401VK30427,1,90,0,18,0,8,0,0,0,0,4,1,1,1,55,8,2686,2,8,10,1
201401VK30427,2,9,0,18,0,8,0,0,0,0,3,1,3,2,41,7,1798,1,8,7,1
201401VK30428,1,9,0,4,0,0,0,0,0,0,1,1,3,2,40,7,1595,1,7,10,1
201401VK30428,2,8,0,18,0,0,0,0,0,0,2,1,1,1,46,8,-1,-1,-1,3,1
201401VK30429,1,9,0,9,0,2,0,0,0,0,1,1,6,1,29,6,1595,1,16,4,1
201401VK30429,2,9,0,18,0,1,0,0,0,0,1,1,6,1,33,6,2354,1,10,8,1
201401VK30431,1,11,0,4,0,0,0,0,0,0,0,1,1,1,54,8,9000,2,5,4,1
201401VK30433,1,1,0,15,0,0,0,0,0,0,3,1,2,1,27,6,-1,-1,-1,4,1
201401VK30433,2,9,0,4,0,0,0,0,0,0,4,1,6,1,-1,-1,-1,-1,-1,-1,-1
201401VK30434,1,1,0,18,4,1,0,7,0,0,1,1,2,1,39,7,-1,-1,-1,8,1
201401VK30434,2,9,0,9,0,8,0,0,0,0,1,1,6,1,-1,-1,1497,8,11,9,1
201401VK30435,1,9,0,7,0,8,0,0,0,0,1,1,6,1,-1,-1,1995,2,7,10,1
201401VK30435,2,9,0,18,0,8,0,4,0,0,3,1,6,2,-1,-1,1498,1,7,7,1
201401VK30435,3,9,0,2,0,2,0,0,0,0,3,1,6,3,-1,-1,1598,2,-1,-1,-1
201401VK30436,1,5,0,15,0,0,1,10,1,0,1,1,2,1,31,6,1255,1,4,10,1
201401VK30436,2,9,0,3,0,0,0,0,0,0,4,1,2,2,28,6,1299,1,12,7,1
201401VK30436,3,9,0,3,0,0,0,0,0,0,4,1,2,1,57,9,2179,2,4,10,1
201401VK30437,1,9,0,9,0,1,0,0,0,0,3,1,6,2,56,9,1229,1,-1,4,1
201401VK30437,2,11,0,18,0,8,0,0,0,0,4,1,1,1,63,9,6700,2,5,3,1
201401VK30438,1,1,0,5,0,0,0,0,0,0,1,1,6,1,12,3,-1,-1,-1,6,1
201401VK30438,2,9,0,4,0,0,0,0,0,0,3,1,6,1,64,9,-1,-1,-1,5,1
201401VK30440,1,9,0,4,0,2,0,0,0,0,1,1,2,2,37,7,4799,1,7,8,1
201401VK30440,2,9,0,4,0,2,0,0,0,0,2,1,1,2,40,7,1597,1,4,8,1
201401VK30442,1,9,0,18,0,1,0,0,0,0,4,1,6,2,-1,-1,1498,1,2,-1,-1
201401VK30443,1,9,0,18,0,0,0,10,1,0,1,1,6,2,32,6,2148,2,6,5,1
201401VK30443,2,9,0,18,0,0,0,0,0,0,2,1,6,1,-1,-1,1910,2,9,-1,-1
201401VK30444,1,9,0,5,0,1,0,0,0,0,1,1,6,1,27,6,1998,2,6,10,1
201401VK30445,1,1,0,15,0,8,0,0,0,0,1,1,6,1,23,5,-1,-1,-1,10,1
201401VK30445,2,9,0,9,0,8,0,0,0,0,1,1,3,2,34,6,1997,2,2,10,1
201401VK30446,1,9,0,18,0,8,0,0,0,0,2,1,1,2,49,8,1679,1,15,7,1
201401VK30446,2,9,0,11,0,8,0,0,0,0,1,1,1,1,70,10,1997,1,1,-1,-1
201401VK30447,1,5,0,18,0,8,0,0,0,0,4,1,6,1,-1,-1,999,1,2,7,1
201401VK30447,2,9,0,5,0,8,0,0,0,0,1,1,6,2,53,8,2985,2,8,9,1
201401VK30448,1,9,0,3,0,1,0,0,0,0,2,1,2,1,29,6,1339,1,10,6,1
201401VK30448,2,9,0,3,0,1,0,0,0,0,2,1,6,2,66,10,1388,1,12,5,1
201401VK30448,3,9,0,18,0,1,0,0,0,0,1,1,6,2,19,4,-1,-1,-1,4,1
201401VK30449,1,9,0,3,0,1,0,0,0,0,2,1,1,1,37,7,998,1,1,4,1
201401VK30449,2,9,0,18,0,1,0,0,0,0,1,1,1,1,58,9,1956,2,4,10,1
201401VK30449,3,9,0,10,0,1,0,0,0,0,2,1,6,1,49,8,998,1,15,8,1
201401VK30450,1,3,0,18,0,8,0,0,0,0,1,1,1,1,35,6,107,1,1,8,1
201401VK30450,2,9,0,9,0,1,0,0,0,0,3,1,6,2,-1,-1,1242,1,1,9,1
201401VK30451,1,3,0,18,0,2,0,10,1,2,4,1,1,1,26,6,125,1,1,6,1
201401VK30451,2,9,0,18,0,1,0,0,0,0,0,1,6,1,-1,-1,1973,1,15,-1,-1
201401VK30452,1,9,0,4,0,1,0,0,0,0,1,1,6,2,73,10,-1,-1,-1,9,1
201401VK30454,1,3,0,18,0,8,0,0,0,0,1,1,2,1,29,6,124,1,-1,6,1
201401VK30454,2,9,0,9,0,8,0,0,0,0,4,1,6,2,-1,-1,1596,1,4,8,1
201401VK30455,1,11,0,5,0,1,0,0,0,0,0,1,1,2,30,6,4500,2,7,6,1
201401VK30456,1,9,0,18,0,0,0,0,0,0,2,1,6,2,31,6,1229,1,1,8,1
201401VK30456,2,5,0,11,0,0,0,0,0,0,1,1,6,1,46,8,649,1,4,4,1
201401VK30458,1,9,0,3,0,1,0,0,0,0,2,1,6,1,52,8,998,1,11,5,1
201401VK30458,2,9,0,4,0,1,0,0,0,0,1,1,6,2,21,5,2148,2,11,6,1
201401VK30459,1,9,0,6,0,1,0,0,0,0,2,1,6,1,-1,-1,-1,-1,-1,-1,-1
201401VK30459,2,9,0,18,0,1,0,0,0,0,1,1,6,1,23,5,1198,1,9,4,1
201401VK30462,1,11,0,5,0,0,0,0,0,0,3,1,1,1,39,7,7300,2,10,6,1
201401VK30465,1,3,0,13,0,0,0,0,0,0,1,1,2,1,33,6,125,1,4,9,1
201401VK30465,2,9,0,6,0,0,0,0,0,0,3,1,6,1,26,6,1587,1,9,9,1
201401VK30466,1,3,0,14,0,1,0,0,0,0,1,1,1,1,21,5,125,1,4,8,1
201401VK30466,2,9,0,9,0,1,0,0,0,0,3,1,6,1,20,4,-1,-1,-1,5,1
201401VK30467,1,9,0,3,0,1,0,0,0,0,2,1,6,2,48,8,1390,1,1,8,1
201401VK30467,2,9,0,3,0,1,0,0,0,0,1,1,6,2,-1,-1,1242,1,-1,6,1
201401VK30468,1,9,0,9,0,8,0,0,0,0,4,1,2,1,58,9,1560,2,9,-1,-1
201401VK30468,2,1,0,14,0,8,0,0,0,0,1,1,6,1,49,8,-1,-1,-1,10,1
201401VK39008,1,9,0,18,0,1,0,0,0,0,2,1,6,1,53,8,1400,2,10,10,1
201401VK39008,2,9,0,18,0,1,0,0,0,0,1,1,6,2,26,6,2987,2,9,8,1
201401VK39014,1,19,0,4,0,0,0,0,0,0,1,1,1,1,40,7,3920,2,3,-1,-1
201401VK39014,2,19,0,3,0,0,0,0,0,0,2,1,1,1,30,6,1998,2,10,3,1
201401VK39014,3,9,0,3,0,0,0,0,0,0,2,1,6,1,35,6,1997,2,5,3,1
201401VK39018,1,5,0,18,0,0,0,0,0,0,3,1,2,1,39,7,645,1,14,7,1
201401VK39020,1,9,0,18,0,8,0,0,0,0,3,1,6,1,63,9,1498,1,3,10,1
201401VK39020,2,9,0,18,0,8,0,0,0,0,4,1,6,1,20,4,1600,1,10,9,1
201401VK39030,1,9,0,15,0,1,0,10,1,0,3,1,6,1,51,8,1390,1,16,8,1
201401VK39030,2,9,0,7,0,1,0,0,0,0,4,1,6,1,20,4,1995,2,9,-1,-1
201401VK39040,1,9,0,9,0,8,0,0,0,0,4,1,6,2,64,9,1229,1,1,9,1
201401VK39040,2,9,0,18,0,8,0,0,0,0,3,1,6,2,44,7,1910,2,7,9,1
201401VK39056,1,1,0,18,0,0,0,8,0,0,1,1,2,1,18,4,-1,-1,-1,8,1
201401VK39056,2,9,0,2,0,0,0,0,0,0,3,1,6,2,-1,-1,2295,1,14,7,1
201401VK39059,1,11,0,18,0,0,0,0,0,0,0,1,1,1,39,7,4461,2,1,2,1
201401VW04904,1,8,0,1,0,8,0,0,0,0,2,1,1,1,49,8,2402,2,11,4,1
201401VW40001,1,3,0,13,0,8,0,0,0,0,3,1,6,1,21,5,125,1,5,7,1
201401VW40001,2,19,0,5,0,8,0,0,0,0,0,1,6,1,25,5,2402,2,7,9,1
201401VW40003,1,9,0,9,0,2,0,0,0,0,1,1,6,1,74,10,2979,1,7,7,1
201401VW40004,1,5,0,3,0,8,0,0,0,0,3,1,6,1,34,6,-1,-1,-1,4,1
201401VW40004,2,9,0,18,0,8,0,0,0,0,1,1,6,1,31,6,2495,2,16,2,1
201401VW40005,1,19,0,9,0,8,0,0,0,0,3,1,2,1,44,7,1560,2,-1,9,1
201401VW40005,2,2,0,13,0,8,0,0,0,0,4,1,2,2,63,9,49,1,1,7,1
201401VW40006,1,19,0,9,0,8,0,0,0,0,3,1,1,1,46,8,2143,2,1,8,1
201401VW40006,2,3,0,13,0,8,0,0,0,0,1,1,6,1,33,6,124,1,5,9,1
201401VW40007,1,9,0,9,0,8,0,0,0,0,1,1,6,2,35,6,1999,1,10,4,1
201401VW40008,1,9,0,9,0,8,0,0,0,0,1,1,6,2,74,10,1398,1,3,10,1
201401VW40009,1,11,0,18,0,8,0,0,0,0,0,1,1,1,29,6,7300,2,12,-1,-1
201401VW40011,1,9,0,9,0,8,0,0,0,0,3,1,6,2,27,6,1498,1,3,3,1
201401VW40011,2,5,0,13,0,8,0,0,0,0,1,1,6,1,39,7,125,1,9,7,1
201401VW40012,1,9,0,18,0,0,0,0,0,0,1,1,6,2,42,7,1397,1,10,2,1
201401VW40013,1,19,0,18,0,8,0,0,0,0,4,1,1,1,42,7,2143,2,3,2,1
201401VW40013,2,9,0,18,0,8,0,0,0,0,1,1,6,2,61,9,1800,1,14,8,1
201401VW40014,1,9,0,18,0,2,0,4,7,0,1,1,6,1,39,7,1995,1,8,9,1
201401VW40015,1,9,0,3,0,1,0,0,0,0,2,1,6,1,-1,-1,1998,1,9,6,1
201401VW40015,2,8,0,3,0,1,0,0,0,0,2,1,1,1,59,9,2143,2,4,9,1
201401VW40015,3,9,0,18,0,1,0,0,0,0,1,1,6,3,-1,-1,-1,-1,-1,10,1
201401VW40016,1,3,0,18,0,1,0,0,0,0,1,1,6,1,22,5,124,1,7,6,1
201401VW40016,2,9,0,18,0,1,0,0,0,0,2,1,6,3,-1,-1,-1,-1,-1,-1,-1
201401VW40017,1,9,0,18,0,8,0,0,0,0,4,1,6,1,29,6,-1,-1,-1,4,1
201401VW40017,2,3,0,9,0,8,0,0,0,0,1,1,6,1,18,4,107,1,1,6,1
201401VW40018,1,9,0,9,0,8,0,0,0,0,1,1,6,1,30,6,899,1,1,-1,-1
201401VW40018,2,9,0,18,0,8,0,0,0,0,1,1,6,1,29,6,1896,2,12,4,1
201401VW40019,1,9,0,7,0,8,0,0,0,0,3,1,6,1,33,6,1595,1,15,10,1
201401VW40019,2,9,0,18,0,8,0,0,0,0,4,1,6,3,-1,-1,-1,-1,-1,-1,-1
201401VW40020,1,9,0,9,0,8,0,0,0,0,4,1,6,1,41,7,1498,1,13,4,1
201401VW40020,2,9,0,18,0,8,0,0,0,0,3,1,6,2,23,5,1598,1,8,3,1
201401VW40021,1,9,0,18,0,1,0,0,0,0,1,1,6,1,33,6,-1,-1,-1,7,1
201401VW40021,2,9,0,3,0,1,0,0,0,0,2,1,6,1,45,7,2967,2,2,7,1
201401VW40021,3,9,0,3,0,1,0,0,0,0,2,1,6,2,57,9,1390,1,8,9,1
201401VW40022,1,90,0,18,0,2,0,0,0,0,1,1,6,1,54,8,-1,-1,-1,10,1
201401VW40022,2,9,0,3,0,2,0,0,0,0,4,1,6,2,60,9,1591,1,6,8,1
201401VW40025,1,3,0,9,0,8,0,0,0,0,4,1,6,1,21,5,124,1,1,4,1
201401VW40025,2,9,0,9,0,8,0,0,0,0,1,1,6,1,66,10,1686,2,5,5,1
201401VW40026,1,19,0,9,0,8,0,0,0,0,3,1,1,1,26,6,2148,2,6,6,1
201401VW40026,2,9,0,18,0,8,0,0,0,0,1,1,6,2,-1,-1,998,1,12,4,1
201401VW40027,1,9,0,2,0,0,0,0,0,0,3,1,6,2,50,8,1242,1,2,9,1
201401VW40027,2,9,0,18,0,0,0,4,0,0,1,1,6,1,46,8,1997,2,4,6,1
201401VW40028,1,9,0,3,0,2,0,0,0,0,2,1,6,2,28,6,1598,1,9,9,1
201401VW40028,2,9,0,4,0,2,0,0,0,0,1,1,6,1,-1,-1,-1,-1,-1,-1,-1
201401VW40029,1,9,0,18,0,8,0,0,0,0,4,1,6,1,52,8,-1,-1,-1,2,1
201401VW40029,2,9,0,9,0,8,5,0,0,0,1,1,6,1,50,8,1598,1,6,3,1
201401VW40030,1,9,0,17,0,8,0,0,0,0,1,1,6,2,41,7,1598,1,13,9,1
201401VW40030,2,1,0,18,0,8,0,0,0,0,4,1,6,2,59,9,-1,-1,-1,10,1
201401VW40031,1,9,0,18,0,2,0,0,0,0,1,1,6,1,59,9,1991,2,4,8,1
201401VW40032,1,9,0,3,0,0,0,0,0,0,2,1,6,2,26,6,1248,1,1,5,1
201401VW40032,2,9,0,3,0,0,0,0,0,0,2,1,6,1,50,8,2148,2,9,2,1
201401VW40032,3,9,0,18,0,0,0,0,0,0,1,1,6,1,21,5,2148,2,6,-1,-1
201401VW40033,1,9,0,18,0,8,0,0,0,0,4,1,6,1,40,7,1896,2,5,1,1
201401VW40033,2,3,0,18,0,8,0,0,0,0,1,1,6,1,46,8,459,1,10,6,1
201401VW40034,1,11,0,4,0,1,0,0,0,0,0,1,1,1,47,8,6700,2,5,6,1
201401VW40035,1,3,0,14,0,8,0,0,0,0,4,1,6,1,32,6,125,1,4,1,1
201401VW40035,2,9,0,5,0,8,0,0,0,0,1,1,6,1,-1,-1,1390,1,12,-1,-1
201401VW40037,1,9,0,9,0,8,0,0,0,0,3,1,1,2,58,9,1240,1,9,9,1
201401VW40037,2,9,0,9,0,8,0,0,0,0,1,1,6,1,-1,-1,3199,1,16,-1,-1
201401VW40038,1,5,0,18,0,8,0,0,0,0,3,1,6,1,27,6,599,1,3,-1,-1
201401VW40038,2,9,0,9,0,8,0,0,0,0,3,1,6,2,63,9,1390,1,11,-1,-1
201401VW40039,1,9,0,16,0,8,0,0,0,0,1,1,6,1,33,6,1364,2,6,-1,-1
201401VW40039,2,1,0,18,0,8,0,0,0,0,4,1,6,2,27,6,-1,-1,-1,8,1
201401VW40040,1,1,0,18,4,8,0,0,0,0,1,1,6,1,32,6,-1,-1,-1,3,1
201401VW40040,2,9,0,9,0,8,0,0,0,0,4,1,6,2,78,11,1240,1,8,7,1
201401VW40041,1,3,0,18,0,8,0,0,0,0,1,1,6,1,23,5,-1,-1,-1,4,1
201401VW40041,2,9,0,9,0,8,0,0,0,0,3,1,6,2,48,8,1398,1,13,4,1
201401VW40042,1,9,0,4,0,1,0,0,0,0,1,1,6,1,25,5,2979,1,11,1,1
201401VW40042,2,3,0,3,0,1,0,0,0,0,2,1,6,1,49,8,1215,1,2,6,1
201401VW40043,1,9,0,11,2,8,0,0,0,0,2,1,6,1,26,6,-1,-1,-1,4,1
201401VW40043,2,11,0,18,2,8,0,0,0,0,2,1,1,1,34,6,6700,2,6,3,1
201401VW40044,1,9,0,1,0,8,0,0,0,0,0,1,6,2,32,6,1796,1,6,9,1
201401VW40044,2,1,0,18,0,8,0,10,0,0,4,1,6,1,37,7,-1,-1,-1,8,1
201401VW40045,1,9,0,9,0,8,0,0,0,0,1,1,6,1,27,6,1598,1,9,8,1
201401VW40045,2,9,0,18,0,8,0,0,0,0,3,1,1,1,30,6,1956,2,3,5,1
201401VW40046,1,9,0,4,0,0,0,0,0,0,2,1,6,1,43,7,1595,2,4,-1,-1
201401VW40046,2,9,0,4,0,0,0,0,0,0,2,1,6,1,31,6,1995,2,2,3,1
201401VW40046,3,9,0,18,0,0,0,0,0,0,1,1,6,2,46,8,-1,-1,-1,6,1
201401VW40048,1,9,0,18,0,0,0,0,0,0,1,1,6,1,58,9,1240,1,5,8,1
201401VW40049,1,1,0,4,0,8,0,0,0,0,2,1,6,2,42,7,-1,-1,-1,4,1
201401VW40049,2,19,0,18,0,8,0,0,0,0,1,1,1,1,22,5,2402,2,7,3,1
201401VW40050,1,9,0,9,0,8,0,0,0,0,1,1,6,2,60,9,1240,1,4,4,1
201401VW40053,1,1,0,18,0,0,0,0,0,0,2,1,6,2,18,4,-1,-1,-1,10,1
201401VW40053,2,9,0,18,0,0,0,0,0,0,1,1,6,3,-1,-1,-1,-1,-1,-1,-1
201401VW40054,1,9,0,9,0,8,0,0,0,0,1,1,6,2,32,6,2496,2,11,9,1
201401VW40054,2,9,0,9,0,8,0,0,0,0,1,1,6,2,-1,-1,1796,1,14,5,1
201401VW40055,1,9,0,9,0,8,0,0,0,0,4,1,6,2,24,5,1587,1,12,3,1
201401VW40055,2,9,0,18,0,8,0,0,0,0,1,1,1,1,54,8,-1,-1,-1,3,1
201401VW40056,1,19,0,9,0,8,0,0,0,0,4,1,1,1,57,9,1997,2,11,8,3
201401VW40056,2,9,0,18,0,8,0,0,0,0,1,1,6,1,21,5,1598,1,13,9,1
201401VW40057,1,9,0,17,0,0,0,0,0,0,1,1,6,2,37,7,1497,8,7,8,1
201401VW40057,2,9,0,17,0,0,0,0,0,0,2,1,6,2,42,7,1796,1,10,7,1
201401VW40057,3,9,0,17,0,0,0,0,0,0,2,1,6,2,61,9,1339,1,9,9,1
201401VW40058,1,9,0,7,0,8,0,0,0,0,0,1,6,2,66,10,1329,1,5,8,1
201401VW40059,1,9,0,4,0,8,0,0,0,0,2,1,6,1,19,4,1299,1,14,3,1
201401VW40059,2,9,0,18,0,8,0,0,0,0,1,1,6,1,-1,-1,-1,-1,-1,-1,-1
201401VW40059,3,9,0,4,0,8,0,0,0,0,2,1,6,1,-1,-1,1299,1,10,9,1
201401VW40060,1,9,0,4,0,2,0,0,0,0,2,1,6,1,42,7,-1,-1,-1,6,1
201401VW40060,2,8,0,4,0,2,0,0,0,0,2,1,1,1,54,8,1598,1,10,4,1
201401VW40060,3,9,0,18,0,2,0,0,0,0,2,1,6,2,41,7,-1,-1,-1,3,1
201401VW40060,4,19,0,18,0,8,0,0,0,0,1,1,1,1,60,9,1868,2,11,-1,-1
201401VW40061,1,9,0,9,0,8,0,0,0,0,4,1,6,1,23,5,1364,1,5,6,1
201401VW40061,2,9,0,18,0,8,0,0,0,0,1,1,6,1,29,6,1968,2,4,9,1
201401VW40063,1,9,0,7,0,1,0,0,0,0,1,1,2,1,25,5,-1,-1,-1,6,1
201401VW40063,2,5,0,8,0,8,0,0,0,0,2,1,6,1,-1,-1,-1,-1,-1,-1,-1
201401VW40064,1,19,0,4,0,0,0,0,0,0,2,1,6,1,38,7,1995,2,6,1,1
201401VW40064,2,9,0,18,0,0,0,0,0,0,1,1,6,1,-1,-1,-1,-1,-1,-1,-1
201401VW40065,1,9,0,18,0,8,0,0,0,0,1,1,6,2,29,6,1329,1,3,4,1
201401VW40065,2,9,0,9,0,8,0,0,0,0,1,1,6,1,34,6,1560,2,4,7,1
201401VW40066,1,19,0,18,0,1,0,0,0,0,1,1,1,1,67,10,970,1,17,10,1
201401VW40068,1,9,0,18,0,8,0,0,0,0,1,1,6,1,51,8,1339,1,7,7,1
201401VW40069,1,5,0,13,0,8,0,0,0,0,3,1,2,1,49,8,652,1,25,10,1
201401VW40069,2,9,0,17,0,8,0,0,0,0,1,1,6,2,45,7,1796,1,14,4,1
201401VW40070,1,9,0,9,0,8,0,0,0,0,3,1,6,1,52,8,1242,1,3,4,1
201401VW40070,2,9,0,17,0,8,0,0,0,0,1,1,6,1,82,11,1799,1,7,10,1
201401VW40071,1,11,0,14,0,1,0,0,0,0,1,1,1,1,45,7,6700,2,5,2,1
201401VW40072,1,9,0,18,0,8,0,0,0,0,1,1,6,1,48,8,1598,1,10,6,1
201401VW40072,2,19,0,18,0,8,0,0,0,0,4,1,1,1,51,8,2143,2,3,10,1
201401VW40073,1,9,0,4,0,8,0,0,0,0,0,1,6,2,41,7,1390,1,6,8,1
201401VW40073,2,9,0,18,0,8,0,0,1,2,1,1,6,1,32,6,1086,1,10,4,1
201401VW40075,1,9,0,17,0,8,0,0,0,0,1,1,6,2,62,9,1560,2,6,-1,1
201401VW40076,1,5,0,13,0,8,0,0,0,0,1,1,6,1,33,6,745,1,13,6,1
201401VW40077,1,19,0,18,0,0,0,0,0,0,1,1,6,1,47,8,1598,2,3,-1,-1
201401VW40078,1,9,0,12,0,8,0,0,0,0,3,1,6,2,23,5,1598,1,1,5,1
201401VW40078,2,5,0,16,0,8,0,0,0,0,4,1,6,1,21,5,600,1,9,-1,-1
201401VW40079,1,9,0,4,0,2,0,0,0,0,2,1,6,2,60,9,1497,1,13,6,1
201401VW40079,2,9,0,18,0,2,0,0,0,0,1,1,6,1,31,6,1390,1,3,4,1
201401VW40080,1,9,0,18,0,1,1,10,1,10,1,1,6,1,27,6,1598,1,8,3,1
201401VW40081,1,9,0,18,0,8,0,0,0,0,1,1,6,2,33,6,1956,2,1,4,1
201401VW40081,2,9,0,7,0,8,0,0,0,0,4,1,6,2,46,8,1299,1,10,3,1
201401VW40082,1,90,0,18,0,0,0,0,0,0,1,1,1,1,-1,-1,-1,-1,-1,-1,-1
201401VW40082,2,9,0,11,0,0,0,0,0,0,2,1,6,1,-1,-1,1968,2,3,-1,-1
201401VW40083,1,3,0,18,0,8,0,0,0,0,1,1,6,1,53,8,-1,-1,-1,7,1
201401VW40083,2,9,0,9,0,8,0,0,0,0,3,1,6,2,68,10,1497,8,10,9,1
201401VW40084,1,9,0,9,0,8,0,0,0,0,1,1,6,1,37,7,1997,2,10,3,1
201401VW40084,2,9,0,18,0,8,0,0,0,0,3,1,6,2,51,8,1991,2,2,7,1
201401VW40086,1,3,0,18,0,0,0,0,0,0,1,1,6,3,-1,-1,-1,-1,-1,-1,-1
201401VW40087,1,9,0,18,0,8,0,0,0,0,4,1,6,2,37,7,1798,1,2,9,1
201401VW40087,2,9,0,12,0,8,0,0,0,0,3,1,6,3,-1,-1,1590,1,16,-1,-1
201401VW40088,1,9,0,4,0,8,0,0,0,0,1,1,6,2,42,7,1560,2,1,8,1
201401VW40088,2,9,0,18,0,8,0,0,0,0,1,1,6,1,-1,-1,4608,1,6,7,1
201401VW40089,1,9,0,3,0,8,0,0,0,0,2,1,6,2,48,8,1360,1,13,6,1
201401VW40089,2,9,0,18,0,8,0,0,0,0,1,1,6,2,73,10,1248,1,5,10,1
201401VW40090,1,20,0,7,0,8,0,0,0,0,4,1,1,1,30,6,10837,2,6,-1,-1
201401VW40090,2,1,0,18,0,8,0,0,0,0,1,1,6,2,27,6,-1,-1,-1,8,1
201401VW40091,1,9,0,18,0,1,0,0,0,0,1,1,6,2,30,6,1299,1,15,8,1
201401VW40092,1,9,0,18,0,8,0,0,0,0,1,1,6,2,33,6,2148,2,9,5,1
201401VW40092,2,9,0,9,0,8,0,0,0,0,4,1,6,3,-1,-1,-1,-1,-1,-1,-1
201401VW40093,1,9,0,9,0,8,0,0,0,0,3,1,6,1,51,8,2204,2,9,8,1
201401VW40093,2,1,0,18,0,8,0,0,0,0,1,1,6,1,36,7,-1,-1,-1,9,1
201401VW40094,1,9,0,18,0,1,0,10,0,0,1,1,6,2,23,5,1388,1,11,-1,-1
201401VW40095,1,9,0,6,0,2,0,0,0,0,3,1,6,1,53,8,1998,2,4,4,1
201401VW40095,2,4,0,18,0,1,0,0,0,0,1,1,6,1,36,7,-1,-1,-1,6,1
201401VW40096,1,5,0,18,0,8,0,0,0,0,1,1,6,1,27,6,599,1,5,4,1
201401VW40096,2,19,0,7,0,8,0,0,0,0,3,1,1,1,51,8,-1,-1,-1,2,1
201401VW40097,1,8,0,9,0,8,0,0,0,0,1,1,6,1,51,8,1896,2,7,2,1
201401VW40097,2,1,0,18,0,8,0,0,0,0,1,1,6,1,15,3,-1,-1,-1,3,1
201401VW40098,1,9,0,11,0,8,0,0,0,0,1,1,4,2,42,7,1396,1,13,9,1
201401VW40098,2,20,0,11,0,8,0,0,0,0,2,1,1,1,55,8,4461,2,3,7,1
201401VW40099,1,3,0,18,0,8,0,0,0,0,4,1,6,1,58,9,-1,-1,-1,9,1
201401VW40100,1,9,0,18,0,1,0,0,0,0,1,1,6,1,52,8,2996,1,7,6,1
201401VW40100,2,9,0,12,0,1,0,0,0,0,2,1,6,2,68,10,2926,2,14,7,1
201401VW40101,1,1,0,18,0,8,0,0,0,0,1,1,2,2,49,8,-1,-1,-1,3,1
201401VW40101,2,9,0,18,0,8,0,0,0,0,1,1,6,2,-1,-1,-1,-1,-1,-1,-1
201401VW40102,1,9,0,18,0,8,0,0,0,0,2,1,6,1,23,5,1199,1,13,7,1
201401VW40102,2,9,0,18,0,8,0,0,0,0,1,1,6,1,63,9,1798,1,6,9,1
201401VW40104,1,9,0,9,0,8,0,0,0,0,3,1,1,2,26,6,1242,1,16,7,1
201401VW40104,2,9,0,18,0,8,0,0,1,0,1,1,6,1,-1,-1,-1,-1,-1,-1,-1
201401VW40105,1,9,0,4,0,8,0,0,0,0,2,1,6,1,30,6,-1,-1,-1,9,1
201401VW40105,2,1,0,4,0,8,0,0,0,0,1,1,6,1,38,7,-1,-1,-1,-1,-1
201401VW40107,1,11,0,5,0,0,0,0,0,0,2,1,1,1,65,9,4500,2,5,-1,-1
201401VW40107,2,9,0,18,0,0,0,4,4,6,1,1,6,1,36,7,1598,1,11,3,1
201401VW40107,3,9,0,2,0,0,0,0,0,0,3,1,6,3,-1,-1,-1,-1,-1,-1,-1
201401VW40108,1,9,0,9,0,8,0,0,0,0,1,1,6,2,35,6,1598,1,6,8,1
201401VW40108,2,1,0,18,0,8,0,0,0,0,2,1,6,1,-1,-1,-1,-1,-1,-1,-1
201401VW40109,1,9,0,9,0,8,0,0,0,0,1,1,3,1,36,7,1497,8,5,3,1
201401VW40110,1,9,0,4,0,8,0,0,0,0,2,1,6,2,40,7,1582,2,2,8,1
201401VW40110,2,9,0,4,0,8,0,0,0,0,1,1,6,2,40,7,1997,1,1,7,1
201401VW40111,1,20,0,5,0,8,0,0,0,0,3,1,6,1,38,7,4461,2,5,5,1
201401VW40111,2,1,0,18,0,8,0,0,0,0,1,1,6,1,20,4,-1,-1,-1,3,1
201401VW40112,1,8,0,9,0,1,0,0,0,0,4,1,6,1,37,7,1896,2,9,4,1
201401VW40112,2,5,0,18,0,1,0,0,0,0,1,1,6,1,-1,-1,748,1,3,5,1
201401VW40113,1,9,0,4,0,0,0,0,0,0,2,1,6,1,61,9,1560,2,2,8,1
201401VW40113,2,9,0,4,0,0,0,0,0,0,1,1,6,1,24,5,1199,1,11,10,1
201401VW40114,1,9,0,11,0,0,0,0,0,0,4,1,6,1,61,9,998,1,15,6,1
201401VW40114,2,4,0,18,0,0,0,0,0,0,3,1,6,1,49,8,198,1,30,4,1
201401VW40115,1,9,0,18,0,0,0,0,0,0,1,1,6,1,62,9,1794,1,8,2,1
201401VW40116,1,11,0,4,0,1,0,0,0,0,0,1,1,3,-1,-1,-1,-1,-1,-1,-1
201401VW40117,1,9,0,1,0,1,0,10,1,10,2,1,6,2,50,8,1389,1,17,5,1
201401VW40119,1,1,0,9,0,8,0,0,0,0,1,1,6,2,35,6,-1,-1,-1,4,1
201401VW40119,2,9,0,18,0,8,0,0,0,0,3,1,1,1,37,7,1984,2,5,8,1
201401VW40121,1,9,0,1,0,0,0,10,1,10,2,1,6,2,53,8,1240,1,10,5,1
201401VW40122,1,9,0,3,0,8,0,0,0,0,2,1,6,1,31,6,1389,1,20,8,1