Accident_Index,Vehicle_Reference,Vehicle_Type,Towing_and_Articulation,Vehicle_Manoeuvre,Vehicle_Location-Restricted_Lane,Junction_Location,Skidding_and_Overturning,Hit_Object_in_Carriageway,Vehicle_Leaving_Carriageway,Hit_Object_off_Carriageway,1st_Point_of_Impact,Was_Vehicle_Left_Hand_Drive?,Journey_Purpose_of_Driver,Sex_of_Driver,Age_of_Driver,Age_Band_of_Driver,Engine_Capacity_(CC),Propulsion_Code,Age_of_Vehicle,Driver_IMD_Decile,Driver_Home_Area_Type
201401VW40288,2,9,0,18,0,8,0,0,0,0,1,1,6,1,32,6,2286,1,30,6,1
201401VW40289,1,19,0,17,0,8,0,0,0,0,1,1,1,1,41,7,1560,2,1,3,1
201401VW40289,2,3,0,18,0,8,0,0,0,0,1,1,6,1,-1,-1,-1,-1,-1,3,1
201401VW40290,1,9,0,18,0,1,0,0,0,0,1,1,6,1,38,7,998,1,8,3,1
201401VW40290,2,9,0,18,0,1,0,0,0,0,2,1,6,1,29,6,1360,1,8,8,1
201401VW40290,3,9,0,4,0,1,0,0,0,0,2,1,6,1,22,5,2191,2,1,9,1
201401VW40292,1,9,0,4,0,0,0,0,0,0,2,1,6,1,38,7,2982,2,9,3,1
201401VW40292,2,19,0,18,0,0,0,0,0,0,1,1,6,1,52,8,1753,2,1,5,1
201401VW40293,1,11,0,4,0,8,0,0,0,0,4,1,6,1,24,5,4500,2,7,4,1
201401VW40293,2,19,0,1,0,6,0,0,0,0,0,1,6,1,41,7,-1,-1,-1,5,1
201401VW40294,1,9,0,18,0,0,0,0,0,0,1,1,6,2,20,4,1390,1,12,2,1
201401VW40295,1,9,0,6,0,2,0,0,0,0,3,1,1,1,36,7,-1,-1,-1,-1,-1
201401VW40295,2,9,0,18,0,2,0,0,0,0,1,1,6,2,33,6,2184,2,9,5,1
201401VW40298,1,8,0,9,0,8,0,0,0,0,0,1,6,1,56,9,2499,2,3,9,1
201401VW40299,1,11,0,4,0,2,0,0,0,0,0,1,1,1,67,10,4250,2,3,3,1
201401VW40300,1,19,0,5,0,8,0,0,0,0,2,1,6,1,41,7,1997,2,11,3,1
201401VW40300,2,9,0,5,0,8,0,0,0,0,2,1,6,1,58,9,1896,2,13,-1,3
201401VW40300,3,9,0,5,0,8,0,0,0,0,1,1,6,1,22,5,1229,1,-1,3,1
201401VW40301,1,20,0,9,0,8,0,0,0,0,1,1,1,1,36,7,-1,-1,-1,4,1
201401VW40301,2,9,0,9,0,8,0,0,0,0,3,1,1,2,27,6,1461,2,1,-1,-1
201401VW40302,1,9,0,9,0,8,0,0,0,0,3,1,1,2,30,6,2231,2,8,6,1
201401VW40302,2,3,0,14,0,8,0,0,0,0,1,1,1,1,-1,-1,125,1,12,3,1
201401VW40303,1,9,0,9,0,8,0,0,0,0,3,1,6,2,43,7,1368,1,6,6,1
201401VW40303,2,3,0,18,0,8,0,0,0,0,1,1,6,1,21,5,108,1,-1,5,1
201401VW40304,1,1,0,17,4,8,0,0,0,0,3,1,6,1,30,6,-1,-1,-1,4,1
201401VW40304,2,9,0,18,0,3,0,0,0,0,4,1,6,2,58,9,1598,2,3,4,1
201401VW40306,1,9,0,3,0,2,0,0,0,0,2,1,1,1,34,6,-1,-1,-1,5,1
201401VW40306,2,9,0,3,0,2,0,0,0,0,2,1,1,1,26,6,1242,1,10,3,1
201401VW40306,3,9,0,18,0,2,0,0,0,0,1,1,6,2,30,6,1997,1,13,6,1
201401VW40307,1,9,0,9,0,8,0,0,0,0,4,1,6,1,52,8,1997,2,12,7,1
201401VW40307,2,5,0,15,2,8,0,0,0,0,1,1,6,1,41,7,-1,-1,-1,1,1
201401VW40308,1,11,0,4,0,0,0,0,0,0,0,1,1,1,36,7,9000,2,8,4,1
201401VW40309,1,1,0,13,0,1,0,0,0,0,4,1,6,1,58,9,-1,-1,-1,6,1
201401VW40309,2,9,0,9,0,1,0,0,0,0,3,1,6,1,-1,-1,1590,1,11,-1,-1
201401VW40310,1,9,0,5,0,8,0,0,0,0,1,1,6,1,33,6,1997,2,13,9,1
201401VW40310,2,1,0,7,0,8,0,0,0,0,3,1,6,1,35,6,-1,-1,-1,6,1
201401VW40311,1,1,0,14,0,1,0,0,0,0,3,1,6,1,29,6,-1,-1,-1,7,1
201401VW40311,2,9,0,13,0,1,0,0,0,0,0,1,6,3,-1,-1,1149,1,11,-1,-1
201401VW40311,3,11,0,2,0,8,0,0,0,0,0,1,1,3,-1,-1,-1,-1,-1,-1,-1
201401VW40313,1,1,0,18,0,8,0,0,0,0,2,1,6,1,58,9,-1,-1,-1,4,1
201401VW40313,2,9,0,13,0,8,0,0,0,0,4,1,4,2,42,7,1968,2,1,4,1
201401VW40314,1,1,0,9,0,0,0,0,0,0,3,1,6,1,36,7,-1,-1,-1,9,1
201401VW40314,2,9,0,13,0,0,0,0,0,0,1,1,6,3,-1,-1,-1,-1,-1,-1,-1
201401VW40315,1,11,0,5,2,1,0,0,0,0,1,1,1,1,49,8,3900,2,8,5,1
201401VW40316,1,19,0,9,0,8,0,0,0,0,4,1,2,1,49,8,2402,2,7,-1,1
201401VW40316,2,9,0,15,0,8,0,0,0,0,1,1,6,1,75,10,1762,1,15,4,1
201401VW40317,1,9,0,18,0,1,0,0,7,4,1,1,6,1,24,5,1600,1,14,3,1
201401VW40318,1,9,0,9,0,8,0,0,0,0,1,1,6,2,46,8,1995,2,11,8,1
201401VW40318,2,1,0,18,0,8,0,0,0,0,1,1,6,1,26,6,-1,-1,-1,3,1
201401VW40319,1,3,0,14,0,1,0,0,0,0,1,1,6,1,23,5,125,1,-1,-1,-1
201401VW40320,1,9,0,1,0,8,0,0,0,0,1,1,6,1,53,8,-1,-1,-1,2,1
201401VW40320,2,1,0,18,4,8,0,0,0,0,1,1,6,1,33,6,-1,-1,-1,5,1
201401VW40321,1,9,0,18,0,8,1,0,0,0,1,1,6,2,19,4,1199,1,11,3,1
201401VW40321,2,9,0,18,0,8,0,0,0,0,2,1,6,1,25,5,1968,2,-1,2,1
201401VW40322,1,1,0,10,0,1,0,0,0,0,3,1,6,1,33,6,-1,-1,-1,10,1
201401VW40322,2,9,0,9,0,8,0,0,0,0,4,1,6,1,-1,-1,-1,-1,-1,9,1
201401VW40324,1,9,0,18,0,0,0,0,0,0,1,1,6,2,48,8,2521,1,7,3,1
201401VW40324,2,9,0,18,0,0,0,0,0,0,2,1,6,1,33,6,1984,1,4,9,1
201401VW40324,3,9,0,12,0,0,0,0,0,0,2,1,6,1,34,6,-1,-1,-1,6,1
201401VW40326,1,3,0,18,0,0,1,0,1,0,1,1,6,2,25,5,125,1,1,3,1
201401VW40327,1,9,0,9,0,8,0,0,0,0,3,1,6,1,44,7,1396,1,4,4,1
201401VW40327,2,2,0,14,0,8,0,0,0,0,1,1,6,1,75,10,124,1,1,-1,-1
201401VW40328,1,3,0,18,0,0,0,0,0,0,4,1,6,1,40,7,124,1,7,6,1
201401VW40328,2,9,0,7,0,0,0,0,0,0,1,1,6,3,-1,-1,-1,-1,-1,-1,-1
201401VW40329,1,20,0,18,0,8,0,0,0,0,1,1,1,1,62,9,-1,-1,-1,3,1
201401VW40329,2,9,0,5,0,8,0,0,7,10,3,1,6,2,80,11,1364,1,6,10,1
201401VW40330,1,1,0,18,0,8,0,0,0,0,2,1,6,1,42,7,-1,-1,-1,9,1
201401VW40330,2,9,0,13,0,8,0,0,0,0,1,1,6,3,-1,-1,-1,-1,-1,-1,-1
201401VW40331,1,2,0,18,0,0,1,0,0,0,1,1,1,1,39,7,125,1,1,-1,-1
201401VW40331,2,9,0,1,0,0,0,0,0,0,2,1,1,1,39,7,-1,-1,-1,-1,-1
201401VW40332,1,9,0,18,0,8,0,10,1,4,4,1,6,1,67,10,1798,1,1,10,1
201401VW40332,2,9,0,18,0,8,0,0,0,0,1,1,6,2,42,7,1368,1,7,3,1
201401VW40333,1,9,0,7,0,8,0,0,0,0,2,1,2,1,59,9,1560,2,2,2,1
201401VW40333,2,4,0,18,2,1,0,0,0,0,1,1,2,1,23,5,125,1,9,4,1
201401VW40334,1,9,0,9,0,6,0,0,0,0,3,1,6,2,48,8,1600,1,10,5,1
201401VW40334,2,3,0,14,0,8,0,0,0,0,1,1,6,2,29,6,124,1,6,-1,-1
201401VW40335,1,9,0,4,0,0,0,0,0,0,3,1,6,2,34,6,998,1,10,6,1
201401VW40335,2,9,0,18,0,0,0,0,0,0,3,1,6,3,-1,-1,1598,1,11,-1,-1
201401VW40336,1,3,0,13,0,2,0,0,0,0,4,1,1,1,27,6,-1,-1,-1,4,1
201401VW40336,2,9,0,9,0,2,0,0,0,0,3,1,2,2,27,6,1587,1,12,3,1
201401VW40337,1,19,0,10,0,1,0,0,0,0,2,1,6,1,38,7,1997,2,8,3,1
201401VW40337,2,9,0,18,0,1,0,0,0,0,1,1,6,2,-1,-1,998,1,8,-1,-1
201401VW40339,1,9,0,18,0,1,0,0,0,0,1,1,6,2,-1,-1,-1,-1,-1,-1,-1
201401VW40339,2,21,0,3,0,1,0,0,0,0,2,1,1,1,32,6,-1,-1,-1,5,3
201401VW40340,1,9,0,9,0,8,0,0,0,0,3,1,1,1,28,6,1398,2,12,8,1
201401VW40340,2,3,0,14,0,8,0,0,0,0,1,1,1,1,25,5,599,1,10,-1,-1
201401VW40341,1,8,0,18,0,0,0,0,0,0,1,1,6,1,34,6,1997,2,4,8,1
201401VW40341,2,9,0,6,0,0,0,0,0,0,3,1,6,1,26,6,1596,1,3,5,1
201401VW40342,1,9,0,18,0,1,0,0,0,0,1,1,6,1,62,9,1598,2,1,3,1
201401VW40342,2,3,0,3,0,1,0,0,0,0,2,1,6,1,31,6,108,1,4,4,1
201401VW40343,1,9,0,3,0,0,0,0,0,0,2,1,6,1,39,7,1587,1,15,-1,1
201401VW40343,2,9,0,18,0,0,0,0,0,0,1,1,6,1,-1,-1,1339,1,7,4,1
201401VW40344,1,9,0,4,0,8,0,0,0,0,2,1,6,1,19,4,1600,1,21,10,1
201401VW40344,2,9,0,18,0,8,0,0,0,0,1,1,6,1,-1,-1,-1,-1,-1,-1,-1
201401VW40345,1,9,0,5,0,8,0,0,0,0,2,1,6,2,44,7,1896,2,6,3,1
201401VW40346,1,9,0,18,0,0,0,0,0,0,2,1,6,1,59,9,799,2,4,10,1
201401VW40346,2,9,0,18,0,0,0,0,0,0,1,1,6,1,-1,-1,-1,-1,-1,-1,-1
201401VW40347,1,9,0,18,0,0,0,0,0,0,4,1,6,1,56,9,1781,1,12,3,1
201401VW40348,1,1,0,18,0,8,0,0,0,0,1,1,2,1,39,7,-1,-1,-1,5,1
201401VW40348,2,19,0,7,0,8,0,0,0,0,2,1,6,1,-1,-1,1686,2,4,-1,-1
201401VW40349,1,1,0,18,0,8,0,0,0,0,3,1,2,1,33,6,-1,-1,-1,8,1
201401VW40349,2,9,0,7,0,8,0,0,0,0,4,1,6,3,-1,-1,-1,-1,-1,-1,-1
201401VW40350,1,9,0,18,0,0,0,7,0,0,1,1,2,1,26,6,1587,1,11,8,1
201401VW40351,1,9,0,18,0,0,0,0,0,0,1,1,6,2,31,6,998,1,14,5,1
201401VW40351,2,9,0,18,0,0,0,0,0,0,1,1,6,1,52,8,-1,-1,-1,5,1
201401VW40352,1,11,0,4,0,0,0,0,0,0,0,1,1,1,43,7,7300,2,10,4,1
201401VW40353,1,1,0,18,0,2,0,0,0,0,1,1,6,1,20,4,-1,-1,-1,8,1
201401VW40354,1,9,0,9,0,8,0,0,0,0,4,1,6,1,59,9,2993,2,-1,5,1
201401VW40354,2,1,0,18,0,8,0,0,0,0,1,1,6,1,38,7,-1,-1,-1,5,1
201401VW40355,1,9,0,5,0,0,0,0,0,0,1,1,2,2,-1,-1,1587,1,13,7,1
201401VW40355,2,9,0,3,0,0,0,0,0,0,2,1,6,1,59,9,1998,1,8,3,1
201401VW40356,1,20,0,18,0,0,0,5,0,0,1,1,1,2,53,8,-1,-1,-1,1,1
201401VW40358,1,9,0,18,0,8,0,0,0,0,1,1,2,1,55,8,1598,1,4,-1,-1
201401VW40358,2,1,0,18,0,8,0,0,0,0,2,1,2,1,34,6,-1,-1,-1,8,1
201401VW40359,1,4,0,13,0,0,0,0,0,0,1,1,6,1,38,7,499,1,12,10,1
201401VW40359,2,9,0,6,0,0,0,0,0,0,3,1,6,2,22,5,1910,2,8,1,1
201401VW40360,1,9,0,13,0,0,0,0,0,0,1,1,2,2,44,7,1339,1,11,-1,-1
201401VW40360,2,11,0,4,0,0,0,0,0,0,2,1,1,1,33,6,9000,2,8,8,1
201401VW40361,1,9,0,18,0,0,0,0,0,0,4,1,6,1,-1,-1,1598,1,5,-1,-1
201401VW40362,1,9,0,18,0,8,0,11,0,0,2,1,6,2,27,6,1086,1,4,7,1
201401VW40362,2,9,0,18,0,8,0,0,0,0,1,1,6,1,34,6,1390,1,7,4,1
201401VW40363,1,9,0,9,0,1,0,0,0,0,3,1,2,1,44,7,1368,1,3,10,1
201401VW40363,2,3,0,13,0,1,0,0,0,0,1,1,6,1,48,8,125,1,6,6,1
201401VW40364,1,19,0,9,0,8,0,0,0,0,4,1,1,1,24,5,2148,2,6,9,1
201401VW40364,2,2,0,13,0,8,0,0,0,0,1,1,6,1,28,6,124,1,4,5,1
201401VW40365,1,9,0,18,0,1,0,10,1,2,4,1,6,2,46,8,1791,8,3,6,1
201401VW40366,1,9,0,7,0,1,0,0,0,0,4,1,6,2,48,8,1390,1,12,-1,1
201401VW40366,2,1,0,18,0,1,0,0,0,0,3,1,2,1,36,7,-1,-1,-1,6,1
201401VW40367,1,9,0,18,0,8,0,7,7,10,3,1,6,1,20,4,1199,1,10,4,1
201401VW40367,2,19,0,9,0,8,0,0,0,0,1,1,1,1,44,7,2402,2,10,4,1
201401VW40368,1,9,0,9,0,8,0,0,0,0,3,1,2,2,53,8,1149,1,2,4,1
201401VW40368,2,4,0,18,0,8,0,0,0,0,1,1,6,1,21,5,998,1,4,7,3
201401VW40369,1,9,0,3,0,1,0,0,0,0,2,1,6,1,29,6,2993,2,3,9,1
201401VW40369,2,1,0,18,0,1,0,0,0,0,1,1,6,1,28,6,-1,-1,-1,5,1
201401VW40370,1,9,0,9,0,8,0,0,0,0,3,1,6,1,18,4,1600,1,14,-1,1
201401VW40370,2,3,0,18,0,8,0,0,0,0,1,1,6,1,33,6,-1,-1,-1,2,1
201401VW40371,1,9,0,2,0,0,0,0,0,0,3,1,2,2,48,8,1298,1,12,2,1
201401VW40371,2,1,0,14,0,0,0,4,0,0,1,1,6,2,54,8,-1,-1,-1,3,1
201401VW40372,1,9,0,10,0,8,0,0,0,0,2,1,6,2,61,9,1086,1,4,6,1
201401VW40372,2,9,0,18,0,8,0,0,0,0,1,1,6,1,-1,-1,2987,2,8,2,1
201401VW40373,1,9,0,4,0,1,0,0,0,0,2,1,6,1,52,8,-1,-1,-1,8,1
201401VW40373,2,9,0,3,0,1,0,0,0,0,2,1,6,2,39,7,1679,1,15,7,1
201401VW40373,3,9,0,18,0,1,0,0,0,0,1,1,6,3,-1,-1,1796,1,5,-1,-1
201401VW40374,1,1,0,18,0,8,0,0,0,0,1,1,6,1,25,5,-1,-1,-1,4,1
201401VW40374,2,9,0,7,0,8,0,0,0,0,1,1,6,2,39,7,-1,-1,-1,-1,-1
201401VW40375,1,9,0,18,0,0,0,0,0,0,4,1,6,1,32,6,1686,2,10,6,1
201401VW40375,2,9,0,15,0,0,0,10,2,10,4,1,6,2,36,7,1398,2,11,4,1
201401VW40377,1,5,0,3,0,8,0,0,1,0,4,1,2,1,47,8,1085,1,14,3,1
201401VW40377,2,8,0,5,0,8,0,0,0,0,1,1,6,2,-1,-1,1364,1,7,-1,-1
201401VW40380,1,9,0,9,0,8,0,0,0,0,1,1,6,1,56,9,1968,2,7,3,1
201401VW40380,2,9,0,18,0,8,0,10,3,10,1,1,6,1,21,5,-1,-1,-1,4,1
201401VW40381,1,3,0,18,0,8,1,0,0,0,1,1,2,1,35,6,125,1,2,-1,-1
201401VW40381,2,9,0,9,0,8,0,0,0,0,3,1,6,1,-1,-1,1973,1,16,-1,-1
201401VW40382,1,9,0,18,0,8,0,0,0,0,4,1,6,1,31,6,1984,1,5,4,1
201401VW40382,2,19,0,18,0,8,0,0,0,0,1,1,6,1,-1,-1,-1,-1,-1,-1,-1
201401VW40383,1,19,0,18,0,0,0,5,0,0,1,1,1,2,47,8,-1,-1,-1,2,1
201401VW40384,1,1,0,18,0,8,0,0,0,0,1,1,1,2,32,6,-1,-1,-1,4,1
201401VW40384,2,9,0,9,0,8,0,0,0,0,1,1,6,1,-1,-1,1598,1,1,-1,-1
201401VW40385,1,19,0,3,0,1,0,0,0,0,2,1,6,1,55,8,1461,2,4,7,1
201401VW40385,2,9,0,5,0,1,0,0,0,0,1,1,6,1,36,7,1997,2,6,7,1
201401VW40386,1,9,0,18,0,2,0,0,0,0,4,1,6,1,-1,-1,-1,-1,-1,-1,-1
201401VW40387,1,9,0,18,0,0,0,0,0,0,1,1,6,2,27,6,1197,1,-1,8,1
201401VW40388,1,9,0,18,0,8,0,0,0,0,1,1,6,2,-1,-1,1461,2,4,5,1
201401VW40388,2,1,0,5,0,8,0,0,0,0,3,1,6,1,20,4,-1,-1,-1,4,1
201401VW40390,1,9,0,18,0,8,0,0,0,0,1,1,6,1,25,5,1794,1,10,7,1
201401VW40391,1,1,0,18,0,0,0,2,0,0,1,1,2,1,34,6,-1,-1,-1,6,1
201401VW40392,1,19,0,9,0,8,0,0,0,0,2,1,2,1,34,6,1399,2,5,7,1
201401VW40392,2,9,0,9,0,8,0,0,0,0,1,1,2,2,26,6,1242,1,-1,5,1
201401VW40393,1,9,0,4,0,0,0,0,0,0,2,1,6,1,51,8,1794,1,7,9,1
201401VW40393,2,1,0,13,0,0,0,0,0,0,1,1,6,2,40,7,-1,-1,-1,9,1
201401VW40394,1,8,0,18,0,8,0,0,0,0,4,1,1,1,46,8,1339,8,4,-1,-1
201401VW40395,1,19,0,9,0,8,0,0,0,0,1,1,1,1,21,5,1560,2,2,5,1
201401VW40398,1,1,0,18,0,0,0,0,0,0,1,1,1,1,34,6,-1,-1,-1,6,1
201401VW40398,2,9,0,12,0,0,0,0,0,0,1,1,1,1,-1,-1,-1,-1,-1,5,1
201401VW40400,1,9,0,18,0,8,0,0,0,0,2,1,3,2,41,7,1596,1,13,3,1
201401VW40400,2,9,0,1,0,8,0,0,0,0,4,1,2,2,19,4,1198,1,1,5,1
201401VW40401,1,9,0,2,0,8,0,0,0,0,1,1,6,2,40,7,1587,1,17,8,1
201401VW40401,2,9,0,18,0,8,0,4,0,0,4,1,1,1,47,8,1598,1,5,2,1
201401VW40401,3,8,0,9,0,8,0,0,0,0,1,1,1,1,37,7,1997,2,3,4,1
201401VW40402,1,9,0,9,0,8,0,0,0,0,4,1,3,2,34,6,1598,1,9,3,1
201401VW40402,2,1,0,15,0,8,0,0,0,0,1,1,1,1,24,5,-1,-1,-1,2,1
201401VW40403,1,3,0,2,0,8,0,0,0,0,3,1,6,1,27,6,108,1,5,2,1
201401VW40403,2,9,0,1,0,8,0,4,0,0,2,1,1,1,-1,-1,1242,1,1,-1,-1
201401VW40404,1,8,0,2,0,8,0,0,0,0,3,1,6,1,39,7,1997,2,1,4,1
201401VW40404,2,1,0,14,0,8,0,4,0,0,1,1,6,1,33,6,-1,-1,-1,6,1
201401VW40405,1,1,0,18,0,0,0,0,0,0,1,1,2,1,48,8,-1,-1,-1,4,1
201401VW40405,2,9,0,9,0,0,0,0,0,0,1,1,6,1,-1,-1,1895,1,13,3,1
201401VW40406,1,19,0,4,0,8,0,0,0,0,3,1,1,1,45,7,1870,2,8,3,1
201401VW40407,1,9,0,4,0,8,0,0,0,0,3,1,1,2,28,6,998,1,14,6,1
201401VW40407,2,9,0,18,0,8,0,0,0,0,1,1,6,1,-1,-1,-1,-1,-1,-1,-1
201401VW40408,1,9,0,18,0,0,0,0,0,0,0,1,6,1,-1,-1,-1,-1,-1,-1,-1
201401VW40408,2,1,0,5,0,0,0,0,0,0,0,1,6,2,41,7,-1,-1,-1,9,1
201401VW40409,1,9,0,9,0,2,0,0,0,0,4,1,6,2,72,10,1595,1,10,9,1
201401VW40409,2,9,0,18,0,8,0,0,0,0,3,1,6,2,44,7,2435,1,6,9,1
201401VW40410,1,1,0,18,0,8,0,0,0,0,1,1,6,1,-1,-1,-1,-1,-1,-1,-1
201401VW40410,2,9,0,9,0,8,0,0,1,0,4,1,2,1,36,7,1149,1,9,4,1
201401VW40411,1,9,0,4,0,8,0,0,0,0,2,1,2,1,25,5,-1,-1,-1,4,1
201401VW40411,2,9,0,4,0,8,0,0,0,0,1,1,6,1,78,11,2498,2,26,3,1
201401VW40411,3,9,0,18,0,8,0,0,0,0,1,1,6,2,31,6,1497,1,13,6,1
201401VW40413,1,9,0,2,0,0,0,0,0,0,3,1,6,1,38,7,1199,1,13,5,1
201401VW40413,2,1,0,14,0,0,0,4,0,0,4,1,6,1,47,8,-1,-1,-1,3,1
201401VW40414,1,9,0,11,0,0,5,4,0,0,1,1,6,2,31,6,1396,1,15,4,1
201401VW40414,2,9,0,2,0,0,0,0,0,0,3,1,6,1,-1,-1,-1,-1,-1,3,1
201401VW40415,1,9,0,9,0,8,0,0,0,0,3,1,6,2,61,9,1796,1,6,4,1
201401VW40415,2,3,0,13,0,8,0,0,0,0,1,1,6,1,-1,-1,125,1,2,3,1
201401VW40416,1,9,0,18,0,8,0,0,1,0,3,1,6,2,67,10,1198,1,8,7,1
201401VW40416,2,9,0,9,0,8,0,0,1,0,1,1,6,1,-1,-1,-1,-1,-1,-1,-1
201401VW40417,1,9,0,12,0,8,0,10,1,10,1,1,6,2,31,6,1598,1,9,7,1
201401VW40418,1,9,0,18,0,0,0,0,0,0,3,1,6,2,39,7,1968,2,8,4,1
201401VW40419,1,8,0,11,0,0,0,0,0,0,4,1,1,1,55,8,1910,2,6,8,1
201401VW40419,2,3,0,15,0,0,0,0,0,0,3,1,6,1,27,6,-1,-1,-1,6,1
201401VW40420,1,9,0,9,0,8,0,0,0,0,1,1,6,2,25,5,1984,1,13,3,1
201401VW40420,2,1,0,18,0,8,0,0,0,0,1,1,1,1,57,9,-1,-1,-1,9,1
201401VW40421,1,9,0,3,0,8,0,0,0,0,2,1,6,2,-1,-1,1360,1,11,7,1
201401VW40421,2,9,0,18,0,8,0,0,0,0,1,1,6,2,-1,-1,1560,2,4,4,1
201401VW40422,1,1,0,18,0,8,0,0,0,0,1,1,1,1,23,5,-1,-1,-1,4,1
201401VW40422,2,9,0,9,0,8,0,0,0,0,1,1,6,1,23,5,-1,-1,-1,-1,-1
201401VW40423,1,8,0,18,0,8,0,10,1,2,1,1,1,1,24,5,-1,-1,-1,7,1
201401VW40424,1,11,0,17,0,8,0,0,0,0,0,1,1,1,46,8,4500,2,7,6,1
201401VW40425,1,9,0,18,0,8,0,0,0,0,1,1,6,1,-1,-1,-1,-1,-1,10,1
201401VW40426,1,9,0,7,0,8,0,0,0,0,2,1,6,2,61,9,1596,1,7,5,1
201401VW40426,2,9,0,4,0,8,0,0,0,0,1,1,6,1,49,8,1753,2,6,2,1
201401VW40426,3,1,0,4,0,8,0,0,0,0,1,1,6,1,28,6,-1,-1,-1,3,1
201401VW40427,1,1,0,18,0,8,0,0,0,0,0,1,2,1,47,8,-1,-1,-1,8,1
201401VW40427,2,21,0,7,0,8,0,0,0,0,0,1,1,1,-1,-1,-1,-1,-1,-1,-1
201401VW40428,1,9,0,5,0,0,0,0,1,0,2,1,6,1,30,6,1998,1,9,3,1
201401VW40428,2,1,0,18,0,0,0,0,0,0,1,1,6,1,50,8,-1,-1,-1,-1,-1
201401VW40429,1,19,0,5,0,0,0,0,0,0,3,1,1,1,42,7,2148,2,8,4,1
201401VW40429,2,1,0,14,0,0,0,4,0,0,1,1,6,1,62,9,-1,-1,-1,2,1
201401VW40430,1,9,0,9,0,8,0,0,0,0,4,1,3,2,21,5,1461,2,1,8,2
201401VW40430,2,1,0,18,0,8,0,0,0,0,1,1,2,2,38,7,-1,-1,-1,9,1
201401VW40432,1,9,0,5,0,8,0,0,0,0,2,1,2,2,52,8,1896,2,14,4,1
201401VW40432,2,9,0,5,0,8,0,0,0,0,1,1,2,1,28,6,1596,1,10,5,1
201401VW40434,1,9,0,4,0,0,0,0,0,0,1,1,2,1,49,8,996,1,1,-1,-1
201401VW40434,2,9,0,4,0,0,0,0,0,0,2,1,2,1,-1,-1,1968,2,2,3,1
201401VW40435,1,9,0,18,0,8,0,0,0,0,4,1,6,1,57,9,2497,2,17,3,1
201401VW40436,1,2,0,18,0,1,0,0,0,0,2,1,1,1,16,4,125,1,3,4,1
201401VW40436,2,9,0,13,0,1,0,0,0,0,1,1,6,3,-1,-1,-1,-1,-1,-1,-1
201401VW40437,1,1,0,18,0,0,0,0,0,0,3,1,3,1,13,3,-1,-1,-1,3,1
201401VW40437,2,9,0,6,0,0,0,0,0,0,1,1,6,1,-1,-1,-1,-1,-1,-1,-1
201401VW40438,1,9,0,9,0,8,0,0,0,0,3,1,6,1,48,8,999,1,15,3,1
201401VW40438,2,3,0,13,0,8,0,0,0,0,1,1,1,1,23,5,124,1,11,5,1
201401VW40439,1,9,0,18,0,8,0,0,0,0,1,1,6,1,78,11,998,1,2,5,1
201401VW40440,1,9,0,18,0,8,0,0,0,0,1,1,6,2,26,6,1389,1,12,-1,-1
201401VW40441,1,9,0,18,0,0,0,0,0,0,2,1,6,1,-1,-1,1229,1,1,-1,-1
201401VW40441,2,9,0,18,0,0,0,0,0,0,4,1,6,1,34,6,1599,1,9,9,1
201401VW40442,1,9,0,11,0,0,0,10,0,0,1,1,6,2,20,4,998,1,9,8,1
201401VW40442,2,2,0,12,0,0,0,0,0,0,1,1,6,1,-1,-1,-1,-1,-1,-1,-1
201401VW40444,1,9,0,13,0,8,0,0,0,0,1,1,6,1,-1,-1,-1,-1,-1,5,1
201401VW40444,2,1,0,18,0,8,0,0,0,0,2,1,6,1,37,7,-1,-1,-1,-1,-1
201401VW40445,1,9,0,7,0,1,0,0,0,0,1,1,6,1,52,8,1796,1,13,4,1
201401VW40446,1,9,0,9,0,8,0,0,0,0,4,1,6,1,82,11,1242,1,-1,-1,-1
201401VW40446,2,9,0,18,0,8,0,0,0,0,1,1,6,1,55,8,1229,1,2,3,1
201401VW40447,1,9,0,4,0,0,0,4,1,10,1,1,6,2,32,6,1400,1,8,4,1
201401VW40447,2,9,0,2,0,0,0,0,0,0,2,1,6,3,-1,-1,1296,1,7,-1,-1
201401VW40448,1,8,0,9,0,8,0,0,0,0,1,1,1,1,50,8,2499,2,8,10,1
201401VW40449,1,9,0,3,0,8,0,0,0,0,2,1,2,2,32,6,1997,2,7,4,1
201401VW40449,2,9,0,18,0,8,0,0,0,0,1,1,6,1,-1,-1,1598,1,7,3,1
201401VW40450,1,9,0,12,0,8,0,4,0,0,1,1,6,2,23,5,1229,1,8,7,3
201401VW40450,2,19,0,2,0,8,0,0,0,0,3,1,6,1,-1,-1,-1,-1,-1,-1,-1
201401VW40451,1,9,0,4,0,8,0,0,0,0,1,1,2,1,37,7,1360,1,11,4,1
201401VW40451,2,9,0,1,0,8,0,0,0,0,2,1,6,1,-1,-1,-1,-1,-1,-1,-1
201401VW40452,1,11,0,4,0,8,0,0,0,0,1,1,1,1,43,7,4500,2,5,4,1
201401VW40452,2,1,0,4,0,8,0,0,0,0,1,1,6,1,34,6,-1,-1,-1,8,1
201401VW40453,1,9,0,16,0,8,0,0,0,0,1,1,6,1,50,8,1796,1,12,3,1
201401VW40453,2,19,0,16,0,8,0,0,0,0,2,1,1,1,33,6,1868,2,13,7,1
201401VW40453,3,9,0,16,0,8,0,0,0,0,1,1,1,2,36,7,1242,1,8,7,1
201401VW40454,1,9,0,9,0,8,0,0,0,0,1,1,2,1,25,5,1769,1,11,6,1
201401VW40454,2,3,0,15,0,8,0,0,0,0,1,1,2,2,34,6,-1,-1,-1,5,1
201401VW40455,1,3,0,18,0,8,0,0,0,0,1,1,6,1,21,5,124,1,10,6,1
201401VW40455,2,9,0,1,0,8,0,0,0,0,3,1,6,3,-1,-1,1596,1,3,-1,-1
201401VW40457,1,9,0,9,4,8,0,0,0,0,1,1,6,1,50,8,1991,2,9,7,1