Accident_Index,Vehicle_Reference,Vehicle_Type,Towing_and_Articulation,Vehicle_Manoeuvre,Vehicle_Location-Restricted_Lane,Junction_Location,Skidding_and_Overturning,Hit_Object_in_Carriageway,Vehicle_Leaving_Carriageway,Hit_Object_off_Carriageway,1st_Point_of_Impact,Was_Vehicle_Left_Hand_Drive?,Journey_Purpose_of_Driver,Sex_of_Driver,Age_of_Driver,Age_Band_of_Driver,Engine_Capacity_(CC),Propulsion_Code,Age_of_Vehicle,Driver_IMD_Decile,Driver_Home_Area_Type
201401WW50525,1,90,0,18,0,8,0,0,0,0,1,1,1,1,30,6,-1,-1,-1,4,1
201401WW50525,2,3,0,9,0,8,0,0,0,0,1,1,6,1,29,6,125,1,7,3,1
201401WW50526,1,11,0,4,0,8,0,0,0,0,1,1,1,1,48,8,6696,2,1,2,1
201401WW50527,1,9,0,18,0,8,0,0,0,0,1,1,6,2,51,8,1299,1,11,6,1
201401WW50528,1,9,0,18,0,8,0,0,0,0,4,1,6,1,19,4,1461,2,-1,5,1
201401WW50528,2,3,0,18,0,8,0,0,0,0,1,1,6,1,31,6,-1,-1,-1,2,1
201401WW50529,1,9,0,3,0,8,0,0,0,0,2,1,6,1,37,7,-1,-1,-1,3,1
201401WW50529,2,9,0,18,0,1,0,0,0,0,1,1,6,1,-1,-1,-1,-1,-1,-1,-1
201401WW50530,1,19,0,9,0,8,0,0,0,0,1,1,1,1,33,6,1753,2,5,8,1
201401WW50530,2,3,0,14,0,8,0,0,0,0,1,1,1,1,23,5,125,1,4,5,1
201401WW50531,1,9,0,7,0,8,0,0,0,0,1,1,6,2,80,11,2435,1,14,10,1
201401WW50531,2,11,0,18,0,8,0,10,1,10,1,1,1,1,66,10,3900,2,8,4,1
201401WW50532,1,9,0,2,0,0,0,0,0,0,3,1,6,2,55,8,2143,2,1,8,1
201401WW50532,2,1,0,18,0,0,0,8,0,0,1,1,6,2,66,10,-1,-1,-1,7,1
201401WW50533,1,8,0,18,0,8,0,0,0,0,1,1,1,1,64,9,1910,2,9,3,1
201401WW50534,1,19,0,11,0,8,0,0,0,0,4,1,6,1,30,6,1753,2,1,1,1
201401WW50534,2,1,0,18,0,8,0,0,0,0,3,1,6,1,25,5,-1,-1,-1,7,1
201401WW50535,1,9,0,9,0,8,0,0,0,0,4,1,6,1,36,7,1895,1,14,6,1
201401WW50535,2,1,0,18,0,8,0,0,0,0,1,1,6,1,25,5,-1,-1,-1,2,1
201401WW50536,1,19,0,4,0,8,0,0,0,0,2,1,1,1,34,6,1995,2,4,4,1
201401WW50536,2,9,0,18,0,1,0,0,0,0,1,1,6,1,19,4,1242,1,8,9,1
201401WW50537,1,9,0,10,0,8,0,0,0,0,2,1,6,2,23,5,1995,2,1,8,1
201401WW50537,2,9,0,9,0,8,0,0,0,0,1,1,6,1,44,7,2148,2,11,5,1
201401WW50538,1,1,0,16,0,8,0,0,0,0,2,1,6,1,46,8,-1,-1,-1,-1,-1
201401WW50538,2,9,0,18,0,8,0,0,0,0,2,1,6,1,38,7,1910,2,8,-1,-1
201401WW50538,3,19,0,18,0,8,0,0,0,0,1,1,6,1,47,8,2447,2,14,2,1
201401WW50540,1,3,0,18,0,8,0,0,0,0,1,1,6,1,35,6,108,1,5,2,1
201401WW50540,2,9,0,18,0,8,0,0,0,0,4,1,6,1,58,9,1560,2,5,6,1
201401WW50541,1,3,0,18,0,8,0,4,0,0,1,1,6,1,19,4,124,1,2,7,1
201401WW50541,2,3,0,18,0,8,0,4,0,0,1,1,6,1,40,7,109,1,2,-1,-1
201401WW50541,3,9,0,2,0,8,0,0,0,0,2,1,6,1,-1,-1,1753,2,6,9,1
201401WW50542,1,8,0,7,0,8,0,0,0,0,4,1,1,1,36,7,1997,2,2,6,1
201401WW50542,2,1,0,12,0,8,0,0,0,0,1,1,6,2,31,6,-1,-1,-1,7,1
201401WW50543,1,9,0,9,0,8,0,0,0,0,3,1,6,2,40,7,1560,2,4,5,1
201401WW50543,2,5,0,13,0,8,0,0,0,0,1,1,6,1,37,7,125,1,9,9,3
201401WW50544,1,9,0,18,0,8,0,0,0,0,2,1,6,1,31,6,-1,-1,-1,1,1
201401WW50544,2,9,0,18,0,8,0,0,0,0,1,1,6,1,23,5,1598,2,2,-1,-1
201401WW50545,1,19,0,18,0,8,0,0,0,0,1,1,6,1,39,7,1248,2,1,6,3
201401WW50545,2,9,0,18,0,8,0,0,0,0,1,1,6,1,45,7,1910,2,6,4,1
201401WW50546,1,9,0,18,0,0,0,0,0,0,3,1,6,1,20,4,1299,1,11,7,1
201401WW50546,2,8,0,6,0,0,0,0,0,0,4,1,1,1,-1,-1,1997,2,4,-1,-1
201401WW50547,1,8,0,18,0,1,0,0,0,0,1,1,6,1,36,7,1997,2,3,8,1
201401WW50548,1,9,0,9,0,8,0,0,0,0,4,1,6,1,46,8,1985,7,6,5,1
201401WW50548,2,1,0,18,0,8,0,0,0,0,1,1,6,1,26,6,-1,-1,-1,4,1
201401WW50549,1,1,0,18,0,8,0,0,0,0,1,1,6,2,18,4,-1,-1,-1,4,1
201401WW50549,2,9,0,7,0,8,0,0,0,0,4,1,6,1,-1,-1,2143,2,5,-1,-1
201401WW50550,1,3,0,18,0,8,0,0,0,0,4,1,6,1,38,7,124,1,11,3,1
201401WW50550,2,9,0,9,0,8,0,0,0,0,1,1,6,1,-1,-1,1997,2,14,6,1
201401WW50551,1,5,0,17,0,8,0,0,0,0,1,1,6,1,25,5,1000,1,5,6,1
201401WW50551,2,9,0,9,0,8,0,0,0,0,2,1,6,2,65,9,1995,2,9,7,1
201401WW50553,1,9,0,9,0,8,0,0,0,0,1,1,6,2,81,11,1339,1,9,6,1
201401WW50553,2,1,0,9,0,8,0,0,0,0,1,1,6,1,31,6,-1,-1,-1,4,1
201401WW50554,1,9,0,7,0,8,0,0,0,0,4,1,6,1,63,9,-1,-1,-1,5,1
201401WW50554,2,1,0,18,0,8,0,0,0,0,1,1,6,1,26,6,-1,-1,-1,9,1
201401WW50555,1,9,0,9,0,8,0,0,0,0,3,1,6,2,44,7,1753,2,7,-1,-1
201401WW50555,2,1,0,17,0,8,0,0,0,0,1,1,6,1,25,5,-1,-1,-1,6,1
201401WW50557,1,1,0,18,0,8,0,0,0,0,4,1,6,2,23,5,-1,-1,-1,7,1
201401WW50557,2,8,0,18,0,8,0,0,0,0,1,1,1,1,-1,-1,-1,-1,-1,-1,-1
201401WW50558,1,9,0,1,0,8,0,0,0,0,1,1,6,1,32,6,2967,2,6,7,1
201401WW50558,2,3,0,4,0,8,0,0,0,0,3,1,6,1,23,5,124,1,8,5,1
201401WW50559,1,1,0,18,0,8,0,0,0,0,1,1,6,1,27,6,-1,-1,-1,5,1
201401WW50560,1,19,0,14,0,0,0,0,0,0,2,1,1,1,56,9,1995,2,7,6,1
201401WW50560,2,1,0,14,0,0,0,0,0,0,1,1,6,1,37,7,-1,-1,-1,5,1
201401WW50561,1,1,0,16,0,8,0,0,0,0,1,1,6,1,30,6,-1,-1,-1,3,1
201401WW50561,2,9,0,7,0,8,0,0,0,0,4,1,6,1,-1,-1,1596,1,12,3,1
201401WW50562,1,9,0,18,0,0,0,10,7,10,1,1,1,1,70,10,-1,-1,-1,3,1
201401WW50563,1,9,0,7,0,8,0,0,0,0,4,1,6,1,32,6,1390,1,2,7,1
201401WW50563,2,1,0,18,0,8,0,0,0,0,1,1,6,2,30,6,-1,-1,-1,4,1
201401WW50564,1,3,0,9,0,8,0,0,0,0,1,1,6,1,24,5,124,1,3,4,1
201401WW50564,2,5,0,18,0,8,0,0,0,0,1,1,6,1,23,5,998,1,2,4,1
201401WW50565,1,9,0,3,0,2,0,0,0,0,2,1,6,1,50,8,1497,8,6,6,1
201401WW50565,2,9,0,18,0,2,0,0,0,0,1,1,6,1,-1,-1,1497,8,8,-1,-1
201401WW50566,1,1,0,18,0,8,0,0,0,0,1,1,6,2,34,6,-1,-1,-1,9,1
201401WW50566,2,9,0,7,0,8,0,0,0,0,4,1,6,3,-1,-1,-1,-1,-1,-1,-1
201401WW50567,1,9,0,9,0,8,0,0,0,0,1,1,6,2,51,8,1390,1,8,4,1
201401WW50567,2,1,0,18,4,8,0,0,0,0,1,1,6,1,18,4,-1,-1,-1,3,1
201401WW50568,1,3,0,9,0,8,0,0,0,0,1,1,6,1,-1,-1,-1,-1,-1,-1,-1
201401WW50568,2,9,0,2,0,8,0,0,0,0,4,1,6,3,-1,-1,1995,2,11,-1,-1
201401WW50569,1,9,0,9,0,8,0,0,0,0,4,1,6,1,52,8,1600,2,4,-1,1
201401WW50569,2,5,0,18,0,8,0,0,0,0,1,1,6,1,31,6,645,1,6,6,1
201401WW50570,1,9,0,18,0,8,0,0,0,0,4,1,6,2,41,7,1968,2,1,6,1
201401WW50570,2,5,0,9,0,8,0,0,0,0,1,1,6,1,27,6,645,1,13,4,1
201401WW50571,1,9,0,9,0,8,0,0,0,0,4,1,6,1,38,7,1995,1,11,4,1
201401WW50571,2,1,0,18,0,8,0,0,0,0,1,1,6,1,20,4,-1,-1,-1,2,1
201401WW50572,1,9,0,7,0,8,0,0,0,0,4,1,6,1,44,7,2993,2,8,9,1
201401WW50572,2,1,0,18,0,8,0,0,0,0,3,1,6,1,51,8,-1,-1,-1,2,1
201401WW50573,1,9,0,18,0,8,0,10,3,10,1,1,6,1,21,5,1998,1,13,5,1
201401WW50573,2,9,0,9,0,8,0,10,3,0,1,1,6,2,26,6,1910,2,7,8,1
201401WW50574,1,1,0,18,0,8,0,0,0,0,1,1,6,1,48,8,-1,-1,-1,2,1
201401WW50574,2,9,0,9,0,8,0,0,0,0,4,1,6,1,59,9,1598,1,4,1,1
201401WW50575,1,1,0,9,0,8,0,0,0,0,1,1,2,1,29,6,-1,-1,-1,4,1
201401WW50575,2,9,0,18,0,8,0,0,0,0,1,1,6,1,25,5,2494,1,10,2,1
201401WW50576,1,9,0,6,0,2,0,0,0,0,3,1,6,1,20,4,1198,1,4,7,1
201401WW50576,2,3,0,18,0,8,0,0,0,0,1,1,6,1,44,7,124,1,1,2,1
201401WW50577,1,1,0,18,0,0,0,0,0,0,1,1,2,1,20,4,-1,-1,-1,3,1
201401WW50578,1,19,0,7,0,8,0,0,0,0,4,1,6,1,-1,-1,-1,-1,-1,-1,-1
201401WW50578,2,1,0,18,0,8,0,0,0,0,1,1,6,1,37,7,-1,-1,-1,2,1
201401WW50579,1,9,0,18,0,8,0,0,0,0,1,1,6,1,45,7,995,1,1,-1,-1
201401WW50579,2,19,0,3,0,8,0,0,0,0,2,1,1,1,41,7,1753,2,7,6,1
201401WW50579,3,9,0,3,0,8,0,0,0,0,2,1,6,1,31,6,-1,-1,-1,3,1
201401WW50580,1,5,0,18,0,0,0,0,0,0,1,1,2,1,40,7,781,1,13,6,1
201401WW50580,2,19,0,3,0,0,0,0,0,0,2,1,1,1,25,5,1461,2,2,3,1
201401WW50582,1,9,0,9,0,8,0,0,0,0,4,1,6,1,40,7,1997,2,6,8,1
201401WW50582,2,1,0,18,0,8,0,0,0,0,1,1,6,1,34,6,-1,-1,-1,2,1
201401WW50583,1,11,0,4,0,0,0,0,0,0,4,1,1,1,-1,-1,-1,-1,-1,2,1
201401WW50584,1,1,0,18,0,1,0,0,0,0,1,1,6,1,39,7,-1,-1,-1,-1,-1
201401WW50585,1,9,0,8,0,8,0,0,0,0,2,1,6,1,31,6,1991,2,6,5,1
201401WW50585,2,9,0,9,0,8,0,0,0,0,1,1,6,1,46,8,1796,1,14,-1,-1
201401WW50586,1,1,0,18,0,0,0,0,0,0,1,1,6,1,33,6,-1,-1,-1,7,1
201401WW50586,2,9,0,18,0,0,0,0,0,0,4,1,6,1,-1,-1,-1,-1,-1,-1,-1
201401WW50587,1,1,0,18,0,8,0,0,0,0,1,1,6,1,27,6,-1,-1,-1,6,1
201401WW50587,2,9,0,12,0,8,0,0,0,0,1,1,6,1,95,11,1240,1,11,5,1
201401WW50588,1,9,0,11,0,8,0,0,0,0,1,1,6,2,25,5,1198,1,2,3,1
201401WW50588,2,3,0,18,0,1,0,0,0,0,1,1,6,1,18,4,124,1,2,3,1
201401WW50589,1,5,0,15,0,8,0,0,0,0,3,1,6,1,55,8,599,1,12,3,1
201401WW50589,2,90,0,8,0,8,0,0,0,0,4,1,6,1,25,5,-1,-1,-1,4,1
201401WW50590,1,9,0,9,0,8,0,0,0,0,4,1,6,1,53,8,1968,2,-1,7,3
201401WW50590,2,1,0,18,0,8,0,0,0,0,1,1,6,1,37,7,-1,-1,-1,8,1
201401WW50591,1,9,0,18,0,0,0,0,0,0,4,1,6,1,78,11,1975,1,11,1,1
201401WW50591,2,1,0,12,4,0,0,0,0,0,3,1,6,2,25,5,-1,-1,-1,7,3
201401WW50592,1,4,0,4,0,8,0,0,0,0,2,1,6,1,36,7,279,1,4,10,1
201401WW50592,2,9,0,18,0,8,0,0,0,0,1,1,6,2,51,8,1560,2,2,9,1
201401WW50593,1,9,0,9,0,8,0,0,0,0,4,1,6,1,67,10,1398,2,1,4,1
201401WW50593,2,9,0,5,0,8,0,0,0,0,1,1,6,1,50,8,2143,2,1,10,2
201401WW50594,1,1,0,18,0,8,0,0,0,0,1,1,6,1,-1,-1,-1,-1,-1,3,1
201401WW50594,2,9,0,9,0,8,0,0,0,0,1,1,6,1,51,8,1797,8,5,3,1
201401WW50595,1,1,0,18,0,8,0,0,0,0,1,1,6,2,25,5,-1,-1,-1,7,1
201401WW50595,2,9,0,18,0,8,0,0,0,0,1,1,6,1,-1,-1,-1,-1,-1,5,1
201401WW50596,1,1,0,7,0,8,0,0,0,0,2,1,6,1,-1,-1,-1,-1,-1,2,1
201401WW50596,2,9,0,16,0,8,0,0,0,0,1,1,6,2,26,6,1229,1,9,5,1
201401WW50597,1,9,0,9,0,8,0,0,0,0,3,1,6,2,19,4,1598,1,10,10,3
201401WW50597,2,9,0,18,0,8,0,0,0,0,1,1,6,1,49,8,1149,1,8,10,1
201401WW50598,1,9,0,2,0,0,0,0,0,0,1,1,6,1,42,7,1596,1,-1,4,1
201401WW50598,2,1,0,18,0,0,0,4,0,0,1,1,6,1,31,6,-1,-1,-1,4,1
201401WW50599,1,3,0,18,0,8,0,0,0,0,1,1,6,1,27,6,124,1,1,9,1
201401WW50599,2,19,0,9,0,8,0,0,0,0,4,1,6,1,53,8,2402,2,9,-1,1
201401WW50600,1,9,0,2,0,2,0,0,0,0,3,1,6,2,37,7,1796,1,3,-1,-1
201401WW50600,2,1,0,18,0,2,0,8,0,0,1,1,6,2,56,9,-1,-1,-1,-1,-1
201401WW50601,1,9,0,9,0,8,0,0,0,0,0,1,6,1,46,8,1794,1,10,3,1
201401WW50601,2,1,0,18,0,8,0,0,0,0,1,1,6,1,52,8,-1,-1,-1,4,1
201401WW50602,1,9,0,18,0,8,0,0,0,0,2,1,6,1,37,7,1397,1,14,5,1
201401WW50602,2,9,0,9,0,8,0,0,0,0,1,1,6,1,23,5,1199,1,12,4,1
201401WW50603,1,9,0,17,0,8,0,0,0,0,0,1,6,1,66,10,1995,2,6,-1,-1
201401WW50603,2,3,0,16,0,8,0,0,0,0,1,1,6,1,35,6,109,1,1,-1,-1
201401WW50603,3,19,0,2,0,8,0,0,0,0,2,1,6,3,-1,-1,2402,2,11,-1,-1
201401WW50604,1,5,0,18,0,8,0,0,0,0,3,1,6,1,33,6,609,1,16,9,1
201401WW50605,1,1,0,9,0,8,0,0,0,0,2,1,6,1,17,4,-1,-1,-1,2,1
201401WW50605,2,9,0,15,0,8,0,0,0,0,1,1,6,3,-1,-1,-1,-1,-1,-1,-1
201401WW50606,1,9,0,7,0,8,0,0,0,0,2,1,6,2,63,9,1560,2,4,7,1
201401WW50606,2,1,0,18,0,8,0,0,0,0,1,1,6,1,46,8,-1,-1,-1,-1,-1
201401WW50607,1,9,0,9,0,8,0,0,0,0,1,1,6,2,82,11,973,1,15,8,1
201401WW50607,2,9,0,2,0,8,0,0,0,0,2,1,6,2,-1,-1,1397,1,6,9,1
201401WW50608,1,9,0,9,0,8,0,0,0,0,3,1,6,1,23,5,-1,-1,-1,10,1
201401WW50608,2,1,0,17,0,8,0,0,0,0,1,1,6,1,28,6,-1,-1,-1,7,1
201401WW50609,1,5,0,18,0,8,0,0,0,0,2,1,6,1,28,6,798,1,8,5,1
201401WW50609,2,21,0,9,0,8,0,0,0,0,1,2,1,1,40,7,-1,-1,-1,-1,-1
201401WW50610,1,11,0,4,0,8,0,0,0,0,1,1,1,1,30,6,7300,2,10,2,1
201401WW50611,1,9,0,17,0,0,0,0,0,0,1,1,6,1,53,8,1587,1,17,6,1
201401WW50612,1,3,0,18,0,2,0,0,0,0,1,1,6,1,31,6,124,1,2,-1,1
201401WW50613,1,9,0,9,0,1,0,0,0,0,2,1,6,2,43,7,1850,1,13,4,1
201401WW50613,2,9,0,5,0,1,0,0,0,0,1,1,6,2,-1,-1,2496,2,11,-1,-1
201401WW50614,1,9,0,12,0,2,0,4,0,0,3,1,6,1,40,7,998,1,14,4,1
201401WW50614,2,9,0,18,0,2,0,0,0,0,1,1,6,1,27,6,2184,2,10,4,1
201401WW50614,3,9,0,2,0,1,0,0,0,0,2,1,6,1,28,6,1968,2,9,3,1
201401WW50615,1,3,0,18,0,8,0,10,0,0,1,1,6,1,32,6,124,1,31,4,1
201401WW50616,1,3,0,18,0,8,0,0,0,0,1,1,6,1,19,4,-1,-1,-1,7,1
201401WW50616,2,19,0,9,0,8,0,0,0,0,3,1,6,3,-1,-1,2463,2,12,-1,-1
201401WW50617,1,9,0,18,0,8,0,0,0,0,2,1,6,1,27,6,1995,2,-1,6,1
201401WW50617,2,9,0,18,0,1,0,0,0,0,1,1,6,2,-1,-1,1199,1,15,-1,-1
201401WW50618,1,1,0,17,0,8,0,0,0,0,1,1,6,2,40,7,-1,-1,-1,6,1
201401WW50618,2,9,0,17,0,8,0,0,0,0,3,1,6,3,-1,-1,1596,1,8,-1,-1
201401WW50619,1,1,0,7,0,8,0,0,0,0,1,1,6,1,16,4,-1,-1,-1,6,1
201401WW50620,1,19,0,9,0,8,0,0,0,0,1,1,6,3,-1,-1,-1,-1,-1,-1,-1
201401WW50621,1,9,0,10,0,8,0,0,0,0,2,1,6,2,27,6,1600,1,15,5,1
201401WW50621,2,9,0,18,0,8,0,0,0,0,1,1,6,1,-1,-1,1598,1,14,-1,-1
201401WW50622,1,1,0,9,0,8,0,0,0,0,4,1,6,1,32,6,-1,-1,-1,2,1
201401WW50622,2,9,0,9,0,8,0,0,0,0,1,1,6,2,35,6,1598,2,1,7,1
201401WW50623,1,3,0,18,0,8,0,0,0,0,1,1,1,1,36,7,-1,-1,-1,-1,-1
201401WW50623,2,8,0,9,0,8,0,0,0,0,1,1,1,3,-1,-1,-1,-1,-1,-1,-1
201401WW50624,1,1,0,17,0,8,0,0,0,0,1,1,6,1,58,9,-1,-1,-1,5,1
201401WW50624,2,9,0,7,0,8,0,0,0,0,4,1,6,3,-1,-1,-1,-1,-1,-1,-1
201401WW50625,1,8,0,12,0,0,0,0,0,0,3,1,1,1,61,9,-1,-1,-1,3,1
201401WW50625,2,1,0,18,0,0,0,4,0,0,1,1,6,1,25,5,-1,-1,-1,-1,-1
201401WW50626,1,9,0,18,0,0,0,10,7,1,1,1,6,2,36,7,1339,1,9,5,1
201401WW50627,1,1,0,18,0,8,0,0,0,0,1,1,6,2,37,7,-1,-1,-1,4,1
201401WW50627,2,1,0,9,0,8,0,0,0,0,0,1,6,3,-1,-1,-1,-1,-1,-1,-1
201401WW50628,1,9,0,9,0,8,0,0,0,0,1,1,6,1,28,6,-1,-1,-1,5,1
201401WW50628,2,1,0,18,0,8,0,0,0,0,1,1,6,1,53,8,-1,-1,-1,7,1
201401WW50629,1,9,0,4,0,8,0,0,1,0,2,1,6,2,29,6,1598,1,9,3,1
201401WW50629,2,9,0,18,0,8,0,0,0,0,1,1,6,3,-1,-1,1198,1,10,-1,-1
201401WW50630,1,19,0,1,0,2,0,4,0,0,2,1,6,2,38,7,-1,-1,-1,9,1
201401WW50630,2,9,0,2,0,1,0,0,0,0,1,1,6,2,52,8,1596,1,12,9,1
201401WW50631,1,9,0,4,0,8,0,0,0,0,2,1,6,2,58,9,1988,1,9,3,1
201401WW50631,2,9,0,4,0,8,0,0,0,0,1,1,6,1,27,6,4163,1,6,7,1
201401WW50632,1,9,0,18,0,1,0,0,0,0,4,1,6,1,64,9,-1,-1,-1,4,1
201401WW50635,1,9,0,3,0,8,0,0,0,0,2,1,2,1,24,5,1598,2,1,6,1
201401WW50635,2,9,0,18,0,1,0,0,0,0,1,1,6,1,-1,-1,2688,2,11,-1,-1
201401WW50636,1,19,0,18,0,8,0,0,0,0,1,1,6,1,45,7,2463,2,9,3,1
201401WW50636,2,9,0,4,0,8,0,0,0,0,2,1,6,1,34,6,998,1,1,10,1
201401WW50636,3,9,0,18,0,8,0,0,0,0,0,1,1,1,-1,-1,-1,-1,-1,-1,-1
201401WW50637,1,1,0,18,0,8,0,0,0,0,1,1,2,1,17,4,-1,-1,-1,2,1
201401WW50638,1,9,0,9,0,8,0,0,0,0,4,1,2,1,45,7,1997,2,6,5,1
201401WW50638,2,1,0,18,0,8,0,0,0,0,1,1,6,1,26,6,-1,-1,-1,7,1
201401WW50639,1,5,0,4,0,0,0,0,0,0,1,1,6,1,46,8,125,1,-1,3,1
201401WW50639,2,9,0,4,0,0,0,0,0,0,2,1,6,1,29,6,1896,2,13,6,1
201401WW50640,1,9,0,18,0,8,0,0,0,0,1,1,6,2,-1,-1,-1,-1,-1,-1,-1
201401WW50641,1,3,0,18,0,8,0,0,0,0,4,1,6,1,23,5,-1,-1,-1,2,1
201401WW50641,2,3,0,18,0,8,0,0,0,0,1,1,6,3,-1,-1,-1,-1,-1,-1,-1
201401WW50642,1,5,0,4,0,8,1,0,0,0,1,1,6,1,29,6,998,1,5,4,1
201401WW50642,2,9,0,4,0,8,0,0,0,0,2,1,6,1,38,7,1197,1,1,8,1
201401WW50644,1,9,0,4,0,0,0,0,0,0,1,1,6,2,62,9,-1,3,7,4,1
201401WW50645,1,1,0,18,0,8,0,0,0,0,4,1,1,1,28,6,-1,-1,-1,5,1
201401WW50645,2,9,0,7,0,8,0,0,0,0,3,1,6,2,-1,-1,-1,-1,-1,-1,-1
201401WW50646,1,9,0,18,0,8,0,0,0,0,1,1,6,1,36,7,1461,2,-1,6,1
201401WW50646,2,9,0,9,0,8,0,0,0,0,1,1,6,2,20,4,1149,1,11,5,3
201401WW50647,1,1,0,18,0,8,0,0,0,0,1,1,2,2,31,6,-1,-1,-1,8,1
201401WW50647,2,9,0,9,0,8,0,0,0,0,4,1,6,1,-1,-1,1995,2,2,-1,-1
201401WW50648,1,9,0,7,0,8,0,0,0,0,1,1,6,1,-1,-1,2143,2,-1,-1,-1
201401WW50648,2,1,0,18,0,8,0,0,0,0,1,1,6,1,13,3,-1,-1,-1,-1,-1
201401WW50649,1,9,0,9,0,8,0,0,0,0,1,1,6,2,34,6,-1,-1,-1,3,1
201401WW50649,2,4,0,18,0,8,0,0,0,0,1,1,1,1,26,6,125,1,3,3,1
201401WW50650,1,9,0,18,0,8,0,0,0,0,1,1,6,2,33,6,1998,2,7,6,1
201401WW50650,2,9,0,18,0,8,0,0,0,0,1,1,6,2,28,6,1997,2,7,2,1
201401WW50651,1,1,0,5,4,1,0,0,0,0,2,1,6,1,22,5,-1,-1,-1,3,1
201401WW50651,2,9,0,5,0,1,0,0,0,0,1,1,6,3,-1,-1,1360,1,9,-1,-1
201401WW50652,1,9,0,18,0,1,0,0,0,0,3,1,6,2,71,10,1497,8,6,6,1
201401WW50652,2,1,0,18,0,2,0,0,0,0,3,1,6,1,30,6,-1,-1,-1,2,1
201401WW50653,1,1,0,18,0,0,0,0,0,0,3,1,6,1,72,10,-1,-1,-1,3,1
201401WW50653,2,9,0,13,0,0,0,0,0,0,4,1,6,3,-1,-1,-1,-1,-1,-1,-1
201401WW50654,1,9,0,7,0,8,0,0,0,0,1,1,2,1,37,7,1199,1,13,4,1
201401WW50654,2,1,0,18,4,8,0,0,0,0,4,1,6,2,33,6,-1,-1,-1,6,1
201401WW50655,1,9,0,3,0,1,0,0,0,0,2,1,6,2,41,7,1783,1,11,2,1
201401WW50655,2,90,0,18,0,1,0,0,0,0,1,1,6,3,-1,-1,-1,-1,-1,-1,-1
201401WW50656,1,9,0,6,0,1,0,0,0,0,4,1,6,1,33,6,-1,-1,-1,-1,-1
201401WW50656,2,1,0,18,0,2,0,0,0,0,1,1,6,1,28,6,-1,-1,-1,-1,-1
201401WW50657,1,9,0,18,0,1,0,0,0,0,1,1,6,1,46,8,2148,2,10,2,1
201401WW50657,2,9,0,3,0,8,0,0,0,0,2,1,6,1,43,7,1910,2,9,2,1
201401WW50657,3,9,0,3,0,8,0,0,0,0,2,1,6,1,36,7,2324,1,12,-1,-1
201401WW50658,1,9,0,5,0,1,0,0,0,0,3,1,6,1,45,7,1598,1,11,3,1
201401WW50658,2,9,0,18,0,1,0,0,0,0,1,1,6,1,41,7,-1,-1,-1,3,1
201401WW50659,1,9,0,4,0,1,0,0,0,0,1,1,6,2,23,5,1242,1,11,5,1
201401WW50659,2,9,0,4,0,1,0,0,0,0,2,1,6,1,40,7,-1,-1,-1,2,1
201401WW50660,1,9,0,9,0,8,0,0,0,0,3,1,6,1,53,8,1360,1,10,6,1
201401WW50660,2,4,0,18,0,8,0,0,0,0,1,1,6,1,28,6,-1,-1,-1,7,1
201401WW50661,1,5,0,18,0,8,0,0,0,0,1,1,6,1,41,7,675,1,3,5,1
201401WW50661,2,9,0,9,0,8,0,0,0,0,4,1,6,1,25,5,1598,1,12,7,3
201401WW50663,1,3,0,14,0,0,0,0,0,0,4,1,6,2,23,5,125,1,15,4,1
201401WW50663,2,9,0,5,0,0,0,0,0,0,3,1,6,3,-1,-1,-1,-1,-1,-1,-1
201401WW50664,1,9,0,5,0,8,0,0,0,0,3,1,2,1,36,7,1598,1,12,-1,-1
201401WW50664,2,90,0,7,0,8,0,0,0,0,4,1,2,1,62,9,-1,-1,-1,-1,-1
201401WW50665,1,1,0,18,0,8,0,0,0,0,3,1,6,1,37,7,-1,-1,-1,7,1
201401WW50665,2,19,0,18,0,8,0,0,0,0,4,1,1,1,-1,-1,-1,3,5,-1,-1
201401WW50666,1,9,0,4,0,1,0,0,0,0,1,1,6,1,18,4,1497,8,1,7,1
201401WW50666,2,9,0,4,0,1,0,0,0,0,2,1,6,1,44,7,1968,2,6,6,1
201401WW50667,1,3,0,18,0,8,0,0,0,0,1,1,6,1,44,7,125,1,3,7,1
201401WW50667,2,19,0,18,0,8,0,0,0,0,3,1,6,1,52,8,2143,2,1,5,1
201401WW50668,1,3,0,18,2,8,0,0,0,0,1,1,6,1,47,8,125,1,6,7,1
201401WW50668,2,9,0,9,2,8,0,0,0,0,4,1,6,1,47,8,1390,1,10,7,1
201401WW50670,1,9,0,18,0,8,0,0,0,0,1,1,6,1,47,8,-1,-1,-1,-1,-1
201401WW50670,2,1,0,18,0,8,1,0,0,0,3,1,6,1,36,7,-1,-1,-1,3,1
201401WW50671,1,9,0,7,0,0,0,0,0,0,4,1,1,1,31,6,1149,1,10,4,1
201401WW50671,2,4,0,18,0,0,0,0,0,0,1,1,1,1,60,9,125,1,9,6,1
201401WW50673,1,1,0,18,0,0,0,0,0,0,1,1,6,1,-1,-1,-1,-1,-1,2,1
201401WW50675,1,3,0,18,0,8,0,0,0,0,1,1,6,1,20,4,124,1,2,6,1
201401WW50675,2,9,0,9,0,8,0,0,0,0,4,1,6,1,34,6,1339,8,7,6,1
201401WW50676,1,9,0,14,0,0,0,0,0,0,4,1,1,1,27,6,1984,1,8,5,1
201401WW50676,2,11,0,5,0,0,0,0,0,0,3,1,1,1,-1,-1,8300,2,7,-1,-1
201401WW50678,1,3,0,18,0,8,0,0,0,0,1,1,6,1,21,5,-1,-1,-1,7,1
201401WW50678,2,9,0,9,0,8,0,0,0,0,3,1,6,1,38,7,1390,1,5,5,1
201401WW50679,1,9,0,9,0,8,0,0,0,0,1,1,6,2,35,6,1242,1,4,7,1
201401WW50680,1,8,0,6,0,0,0,0,0,0,1,1,1,1,43,7,1997,2,2,3,1
201401WW50680,2,5,0,18,0,0,1,4,0,0,1,1,6,1,42,7,599,1,4,3,1