Accident_Index,Vehicle_Reference,Vehicle_Type,Towing_and_Articulation,Vehicle_Manoeuvre,Vehicle_Location-Restricted_Lane,Junction_Location,Skidding_and_Overturning,Hit_Object_in_Carriageway,Vehicle_Leaving_Carriageway,Hit_Object_off_Carriageway,1st_Point_of_Impact,Was_Vehicle_Left_Hand_Drive?,Journey_Purpose_of_Driver,Sex_of_Driver,Age_of_Driver,Age_Band_of_Driver,Engine_Capacity_(CC),Propulsion_Code,Age_of_Vehicle,Driver_IMD_Decile,Driver_Home_Area_Type
201401WW50846,2,10,0,9,0,8,0,0,0,0,4,1,1,1,31,6,-1,-1,-1,3,1
201401WW50847,1,8,0,18,0,8,0,10,4,6,1,1,1,1,24,5,1598,1,3,-1,-1
201401WW50847,2,8,0,18,0,8,0,0,0,0,1,1,6,1,29,6,1997,2,3,7,2
201401WW50848,1,9,0,9,0,8,0,0,0,0,4,1,2,1,54,8,-1,-1,-1,9,1
201401WW50848,2,9,0,18,0,8,0,0,0,0,1,1,6,1,23,5,1984,1,2,3,1
201401WW50849,1,9,0,5,0,1,0,0,0,0,1,1,6,2,26,6,1598,2,2,3,1
201401WW50850,1,9,0,18,0,2,0,0,0,0,4,1,6,2,28,6,1229,1,6,-1,1
201401WW50851,1,3,0,18,0,8,0,0,0,0,3,1,6,1,20,4,125,1,2,4,1
201401WW50851,2,9,0,18,0,8,0,0,0,0,4,1,6,3,-1,-1,-1,-1,-1,-1,-1
201401WW50852,1,4,0,4,0,8,0,0,0,0,2,1,6,1,22,5,125,1,1,5,1
201401WW50852,2,4,0,18,0,8,0,0,0,0,1,1,6,1,34,6,125,1,-1,4,1
201401WW50854,1,5,0,18,0,0,0,0,0,0,1,1,6,1,43,7,1202,1,3,8,1
201401WW50854,2,8,0,11,0,0,0,0,0,0,1,1,6,1,42,7,1797,8,5,1,1
201401WW50855,1,19,0,4,0,8,0,0,0,0,2,1,1,1,40,7,2461,2,9,9,1
201401WW50855,2,11,0,18,0,8,0,0,0,0,1,1,1,1,36,7,3900,2,11,3,1
201401WW50856,1,9,0,7,0,8,0,0,0,0,1,1,6,1,49,8,1390,1,6,4,1
201401WW50857,1,11,0,4,0,8,0,0,0,0,0,1,1,1,24,5,4760,2,-1,2,1
201401WW50858,1,3,0,18,0,8,0,0,0,0,1,1,6,1,27,6,109,1,1,3,1
201401WW50858,2,19,0,1,0,8,0,0,0,0,2,1,1,1,-1,-1,2148,2,6,-1,-1
201401WW50859,1,3,0,18,0,8,0,0,0,0,1,1,1,1,26,6,109,1,2,6,1
201401WW50860,1,9,0,7,0,8,0,0,0,0,4,1,6,1,62,9,2967,2,7,7,1
201401WW50860,2,1,0,16,0,8,0,0,0,0,1,1,6,1,37,7,-1,-1,-1,7,1
201401WW50861,1,1,0,14,0,8,0,0,0,0,3,1,6,1,29,6,-1,-1,-1,4,1
201401WW50861,2,21,0,18,0,8,0,0,0,0,3,1,1,3,-1,-1,-1,-1,-1,-1,-1
201401WW50862,1,1,0,18,0,8,0,4,0,0,1,1,6,1,-1,-1,-1,-1,-1,7,1
201401WW50862,2,8,0,2,0,8,0,0,0,0,2,1,6,1,37,7,1598,1,9,2,1
201401WW50863,1,8,0,9,0,8,0,0,0,0,3,1,1,1,56,9,2664,2,14,8,1
201401WW50863,2,1,0,18,0,8,0,0,0,0,1,1,6,1,27,6,-1,-1,-1,7,1
201401WW50864,1,9,0,7,0,8,0,0,0,0,1,1,6,2,84,11,1587,1,11,8,1
201401WW50865,1,9,0,6,0,2,0,10,1,2,1,1,6,1,21,5,2457,1,8,7,1
201401WW50868,1,9,0,3,0,8,0,0,0,0,2,1,6,1,28,6,1798,1,2,2,1
201401WW50868,2,9,0,18,0,8,0,0,0,0,1,1,6,1,-1,-1,1598,1,13,-1,-1
201401WW50869,1,3,0,18,0,8,0,0,0,0,1,1,6,2,40,7,124,1,5,9,1
201401WW50869,2,9,0,18,0,8,0,0,0,0,2,1,6,1,-1,-1,2597,1,12,-1,1
201401WW50869,3,3,0,11,0,8,0,0,0,0,0,1,6,1,-1,-1,-1,-1,-1,-1,-1
201401WW50870,1,8,0,3,0,8,0,0,0,0,4,1,1,1,40,7,2987,2,4,-1,-1
201401WW50870,2,1,0,18,3,8,0,8,0,0,3,1,6,1,52,8,-1,-1,-1,10,3
201401WW50871,1,9,0,9,0,8,0,0,0,0,4,1,6,1,27,6,1229,1,7,9,1
201401WW50871,2,3,0,18,0,8,0,0,0,0,1,1,6,1,17,4,-1,-1,-1,2,1
201401WW50872,1,5,0,17,0,8,0,0,0,0,1,1,6,1,36,7,1150,1,4,2,1
201401WW50872,2,9,0,11,0,8,0,0,0,0,2,1,6,1,48,8,2400,2,4,-1,-1
201401WW50873,1,2,0,9,0,8,0,0,0,0,4,1,6,1,46,8,-1,-1,-1,3,1
201401WW50873,2,9,0,18,0,8,0,0,0,0,1,1,6,1,-1,-1,1679,1,14,-1,-1
201401WW50874,1,9,0,18,0,8,0,10,3,4,1,1,6,2,53,8,2000,1,10,9,1
201401WW50874,2,9,0,3,0,8,0,0,0,0,1,1,6,1,52,8,2993,2,3,8,1
201401WW50875,1,1,0,18,0,2,0,8,0,0,1,1,6,1,36,7,-1,-1,-1,7,1
201401WW50875,2,9,0,2,0,2,0,0,0,0,3,1,6,2,57,9,-1,-1,-1,8,1
201401WW50876,1,9,0,9,0,8,0,0,0,0,1,1,6,1,54,8,1248,2,7,6,1
201401WW50876,2,3,0,18,0,8,0,0,0,0,1,1,6,1,22,5,-1,-1,-1,2,1
201401WW50877,1,9,0,9,0,8,0,0,0,0,3,1,6,1,33,6,1590,1,11,3,1
201401WW50877,2,1,0,13,0,8,0,0,0,0,1,1,6,1,54,8,-1,-1,-1,10,1
201401WW50878,1,1,0,18,0,8,0,0,0,0,1,1,6,2,33,6,-1,-1,-1,4,1
201401WW50878,2,9,0,15,0,8,0,0,0,0,2,1,6,1,-1,-1,-1,-1,-1,-1,-1
201401WW50879,1,19,0,9,0,8,0,0,0,0,3,1,6,1,28,6,1995,2,5,1,1
201401WW50879,2,3,0,14,0,8,0,0,0,0,1,1,6,1,39,7,124,1,-1,4,1
201401WW50880,1,21,0,1,0,0,0,4,0,0,2,1,6,1,50,8,6692,2,2,5,1
201401WW50880,2,19,0,2,0,0,0,0,0,0,1,1,6,1,43,7,1753,2,7,-1,1
201401WW50881,1,9,0,18,0,8,0,0,0,0,1,1,6,1,46,8,1587,1,9,3,1
201401WW50881,2,1,0,18,0,8,0,0,0,0,3,1,6,2,26,6,-1,-1,-1,2,1
201401WW50882,1,3,0,18,0,2,0,0,0,0,4,1,1,1,33,6,-1,-1,-1,6,1
201401WW50882,2,9,0,5,0,2,0,0,0,0,3,1,6,1,-1,-1,-1,-1,-1,-1,-1
201401WW50883,1,3,0,18,0,8,0,0,0,0,1,1,2,1,23,5,125,1,8,1,1
201401WW50883,2,19,0,9,0,8,0,0,0,0,1,1,1,1,-1,-1,1868,2,8,-1,-1
201401WW50884,1,3,0,18,0,8,0,0,0,0,1,1,6,1,34,6,125,1,12,8,1
201401WW50886,1,1,0,18,0,8,0,0,0,0,1,1,6,1,32,6,-1,-1,-1,5,1
201401WW50886,2,19,0,7,0,8,0,0,0,0,4,1,1,1,-1,-1,-1,-1,-1,-1,-1
201401WW50887,1,1,0,18,4,8,0,0,0,0,1,1,6,1,34,6,-1,-1,-1,3,1
201401WW50887,2,9,0,9,0,8,0,0,0,0,4,1,6,3,-1,-1,-1,-1,-1,-1,-1
201401WW50888,1,11,0,4,0,2,0,0,0,0,0,1,1,3,-1,-1,-1,-1,-1,-1,-1
201401WW50888,2,9,0,11,0,2,0,0,0,0,0,1,6,3,-1,-1,1910,2,5,-1,-1
201401WW50889,1,9,0,9,0,0,0,4,7,10,1,1,6,1,29,6,-1,-1,-1,3,1
201401WW50889,2,9,0,2,0,0,0,0,0,0,4,1,6,1,54,8,1590,1,10,5,1
201401WW50889,3,9,0,2,0,0,0,0,0,0,1,1,6,1,35,6,1598,1,2,4,1
201401WW50891,1,1,0,18,0,8,0,0,0,0,1,1,6,2,29,6,-1,-1,-1,2,1
201401WW50891,2,9,0,9,0,8,0,0,0,0,1,1,6,1,79,11,1341,1,9,4,1
201401WW50892,1,9,0,5,0,0,0,0,0,0,0,1,6,1,-1,-1,3189,1,5,-1,-1
201401WW50893,1,90,0,7,0,8,0,0,0,0,2,1,6,1,26,6,6370,2,9,10,1
201401WW50893,2,9,0,16,0,8,0,0,0,0,1,1,6,1,32,6,1791,8,3,1,1
201401WW50894,1,11,0,4,0,8,0,0,0,0,1,1,6,1,52,8,8268,2,13,6,1
201401WW50895,1,9,0,9,0,8,0,0,0,0,1,1,6,1,32,6,-1,-1,-1,7,1
201401WW50895,2,11,0,9,0,8,0,0,0,0,1,1,6,1,53,8,4760,2,-1,2,1
201401WW50896,1,9,0,16,0,8,0,0,0,0,1,1,6,1,43,7,1781,1,12,7,1
201401WW50896,2,9,0,16,0,8,0,0,0,0,4,1,6,1,39,7,1685,2,2,3,1
201401WW50897,1,3,0,4,0,8,0,0,0,0,3,1,1,1,37,7,108,1,1,6,1
201401WW50897,2,19,0,18,0,8,0,0,0,0,0,1,6,3,-1,-1,-1,-1,-1,-1,-1
201401WW50898,1,9,0,9,0,8,0,0,0,0,1,1,6,2,31,6,1360,7,5,2,1
201401WW50898,2,1,0,18,0,8,0,0,0,0,1,1,6,1,23,5,-1,-1,-1,-1,-1
201401WW50899,1,3,0,18,0,8,0,0,0,0,1,1,6,1,45,7,278,1,3,9,1
201401WW50900,1,1,0,18,0,8,0,0,0,0,1,1,6,1,36,7,-1,-1,-1,10,1
201401WW50901,1,5,0,18,0,0,0,0,0,0,1,1,6,1,46,8,487,1,11,3,1
201401WW50901,2,8,0,6,0,0,0,0,0,0,3,1,6,1,34,6,1896,2,6,2,1
201401WW50902,1,9,0,9,0,8,0,0,0,0,1,1,6,1,36,7,1896,2,12,5,1
201401WW50902,2,1,0,18,0,8,0,0,0,0,1,1,6,2,25,5,-1,-1,-1,4,1
201401WW50903,1,9,0,3,0,1,0,0,0,0,1,1,6,2,54,8,875,1,3,8,1
201401WW50903,2,90,0,1,0,8,0,0,0,0,2,1,1,1,-1,-1,-1,-1,-1,4,1
201401WW50906,1,9,0,9,0,8,0,0,0,0,1,1,6,1,-1,-1,-1,-1,-1,-1,-1
201401WW50908,1,9,0,16,0,8,0,0,0,0,1,1,6,2,22,5,1299,1,17,3,1
201401WW50908,2,9,0,10,0,8,0,0,0,0,2,1,6,1,34,6,1995,2,-1,6,1
201401WW50909,1,5,0,18,0,8,0,0,0,0,2,1,6,1,35,6,125,1,3,9,1
201401WW50909,2,9,0,11,0,8,0,0,0,0,1,1,6,2,-1,-1,999,1,4,6,1
201401WW50910,1,1,0,18,0,8,0,0,0,0,3,1,6,1,39,7,-1,-1,-1,6,1
201401WW50911,1,9,0,7,0,8,0,0,0,0,4,1,6,1,50,8,-1,-1,-1,6,1
201401WW50911,2,3,0,18,2,8,0,0,0,0,1,1,6,1,48,8,124,1,6,4,1
201401WW50912,1,3,0,6,0,0,0,0,0,0,4,1,6,1,26,6,-1,-1,-1,6,1
201401WW50912,2,3,0,18,0,0,0,0,0,0,1,1,6,1,22,5,124,1,9,9,1
201401WW50913,1,9,0,18,0,8,0,0,0,0,1,1,6,3,-1,-1,-1,-1,-1,-1,-1
201401WW50914,1,9,0,17,0,0,0,0,0,0,2,1,2,1,-1,-1,-1,-1,-1,-1,-1
201401WW50914,2,9,0,17,0,0,0,0,0,0,1,1,6,1,36,7,4367,2,1,9,1
201401WW50915,1,9,0,2,0,0,0,0,0,0,0,1,6,1,27,6,1781,1,13,10,1
201401WW50915,2,9,0,11,0,0,0,0,0,0,4,1,6,1,-1,-1,-1,-1,-1,-1,-1
201401WW50916,1,1,0,10,0,8,0,0,0,0,2,1,6,1,30,6,-1,-1,-1,5,1
201401WW50916,2,9,0,9,0,8,0,0,0,0,1,1,6,1,-1,-1,1598,1,8,3,1
201401WW50917,1,1,0,17,0,8,0,0,0,0,2,1,6,1,-1,-1,-1,-1,-1,2,1
201401WW50917,2,9,0,17,0,8,0,0,0,0,1,1,6,3,-1,-1,-1,-1,-1,-1,-1
201401WW50918,1,1,0,18,4,8,0,0,0,0,3,1,2,1,-1,-1,-1,-1,-1,-1,-1
201401WW50918,2,9,0,9,0,8,0,0,0,0,1,1,6,1,38,7,1997,1,-1,2,1
201401WW50919,1,3,0,18,0,8,0,0,0,0,1,1,6,1,44,7,125,1,9,9,1
201401WW50919,2,9,0,1,0,8,0,0,0,0,2,1,6,1,-1,-1,1995,1,11,-1,-1
201401WW50920,1,9,0,12,0,8,0,0,0,0,3,1,6,1,23,5,1598,1,13,6,1
201401WW50920,2,9,0,18,0,8,0,0,0,0,4,1,6,1,45,7,1199,1,1,2,1
201401WW50921,1,9,0,17,0,1,0,0,0,0,1,1,6,1,27,6,1395,1,1,4,1
201401WW50922,1,9,0,5,0,8,0,0,0,0,1,1,6,1,46,8,1997,2,6,2,1
201401WW50922,2,9,0,18,0,8,0,0,0,0,2,1,6,2,35,6,999,1,-1,-1,-1
201401WW50923,1,1,0,16,0,8,0,0,0,0,1,1,6,1,32,6,-1,-1,-1,2,1
201401WW50924,1,9,0,18,0,1,0,0,0,0,1,1,6,1,48,8,2685,2,11,4,1
201401WW50924,2,9,0,4,0,1,0,0,0,0,2,1,6,1,58,9,-1,-1,-1,-1,1
201401WW50924,3,9,0,9,0,8,0,0,0,0,2,1,6,1,34,6,2494,1,12,-1,1
201401WW50925,1,9,0,9,0,8,0,0,0,0,3,1,6,1,42,7,1997,2,3,5,1
201401WW50925,2,1,0,18,0,8,0,0,0,0,1,1,6,2,26,6,-1,-1,-1,6,1
201401WW50926,1,9,0,9,0,8,0,0,0,0,4,1,6,1,40,7,1596,1,3,7,1
201401WW50926,2,3,0,18,0,8,0,0,0,0,1,1,6,1,41,7,108,1,6,3,1
201401WW50927,1,9,0,12,0,0,0,0,0,0,0,1,2,1,38,7,1995,2,8,-1,1
201401WW50927,2,4,0,13,0,0,0,0,0,0,3,1,6,1,39,7,125,1,-1,5,1
201401WW50928,1,9,0,9,0,8,0,0,0,0,1,1,6,2,33,6,1968,2,9,8,1
201401WW50929,1,1,0,18,0,0,0,0,0,0,3,1,6,1,7,2,-1,-1,-1,2,1
201401WW50929,2,9,0,18,0,0,0,0,0,0,1,1,6,2,-1,-1,-1,-1,-1,-1,-1
201401WW50930,1,9,0,7,0,8,0,0,0,0,3,1,6,2,35,6,1364,1,9,4,1
201401WW50930,2,1,0,18,0,8,0,0,0,0,4,1,6,1,37,7,-1,-1,-1,4,1
201401WW50931,1,9,0,9,0,8,0,0,0,0,1,1,6,1,46,8,1598,1,10,4,1
201401WW50931,2,1,0,18,0,8,0,0,0,0,1,1,6,1,47,8,-1,-1,-1,3,1
201401WW50932,1,9,0,18,0,8,0,0,0,0,1,1,6,1,-1,-1,2000,2,4,-1,-1
201401WW50932,2,1,0,18,0,8,0,0,0,0,2,1,6,1,65,9,-1,-1,-1,4,1
201401WW50933,1,9,0,4,0,0,0,0,0,0,2,1,6,3,-1,-1,-1,-1,-1,-1,-1
201401WW50933,2,3,0,18,0,0,0,0,0,0,1,1,6,1,21,5,125,1,-1,3,1
201401WW50933,3,3,0,18,0,0,1,0,0,0,3,1,6,1,29,6,125,1,-1,3,1
201401WW50934,1,9,0,18,0,1,0,0,0,0,1,1,6,2,27,6,2143,2,2,4,1
201401WW50936,1,9,0,7,0,8,0,0,0,0,1,1,3,1,53,8,-1,-1,-1,9,1
201401WW50936,2,1,0,18,0,8,0,0,0,0,2,1,6,2,25,5,-1,-1,-1,5,1
201401WW50937,1,9,0,3,0,0,0,0,0,0,2,1,6,2,25,5,1596,1,12,6,1
201401WW50937,2,5,0,18,0,0,0,0,0,0,1,1,6,1,-1,-1,-1,-1,-1,-1,-1
201401WW50938,1,9,0,18,0,0,0,0,0,0,1,1,6,1,47,8,1995,2,4,5,1
201401WW50938,2,9,0,4,0,0,0,0,0,0,2,1,6,2,30,6,2393,1,11,4,1
201401WW50939,1,9,0,3,0,0,0,0,0,0,1,1,6,1,31,6,1995,1,4,6,1
201401WW50939,2,1,0,18,0,0,0,0,0,0,1,1,6,1,35,6,-1,-1,-1,6,1
201401WW50940,1,9,0,3,0,1,0,0,0,0,2,1,6,1,51,8,1598,1,14,5,1
201401WW50940,2,9,0,18,0,1,0,0,0,0,1,1,6,1,-1,-1,2496,1,7,4,1
201401WW50941,1,8,0,17,0,8,0,0,0,0,3,1,6,1,39,7,1997,2,1,1,1
201401WW50941,2,9,0,16,0,8,0,0,0,0,1,1,6,3,-1,-1,-1,-1,-1,-1,-1
201401WW50942,1,9,0,18,0,8,0,4,3,10,1,1,6,2,36,7,1686,2,9,6,1
201401WW50942,2,20,0,2,0,8,0,0,0,0,2,1,1,3,-1,-1,-1,-1,-1,-1,-1
201401WW50943,1,9,0,7,0,8,0,0,0,0,4,1,6,2,55,8,1991,2,5,4,1
201401WW50943,2,1,0,18,0,8,0,0,0,0,1,1,6,2,47,8,-1,-1,-1,5,1
201401WW50944,1,9,0,9,0,8,0,0,0,0,1,1,6,1,34,6,1299,1,13,3,1
201401WW50944,2,9,0,18,0,8,0,0,0,0,1,1,6,1,34,6,2148,2,6,3,1
201401WW50945,1,9,0,18,0,8,0,0,0,0,4,1,6,2,24,5,2000,1,16,5,1
201401WW50945,2,1,0,18,0,8,0,0,0,0,1,1,6,2,34,6,-1,-1,-1,6,1
201401WW50947,1,4,0,18,0,8,0,0,0,0,1,1,6,1,36,7,124,1,1,8,1
201401WW50948,1,8,0,9,0,8,0,0,0,0,3,1,1,1,54,8,1896,2,9,2,1
201401WW50948,2,1,0,18,0,8,0,0,0,0,1,1,6,1,22,5,-1,-1,-1,2,1
201401WW50949,1,9,0,7,0,8,0,0,0,0,4,1,6,1,57,9,1997,2,6,8,3
201401WW50949,2,1,0,18,0,8,0,0,0,0,1,1,6,1,26,6,-1,-1,-1,6,1
201401WW50951,1,19,0,18,0,0,0,0,0,0,1,1,6,1,-1,-1,-1,-1,-1,-1,-1
201401WW50953,1,9,0,4,0,8,0,0,0,0,2,1,6,1,26,6,1995,2,5,3,1
201401WW50953,2,9,0,18,0,8,0,0,0,0,1,1,6,2,23,5,1598,1,7,5,1
201401WW50954,1,9,0,18,0,0,0,0,0,0,4,1,2,2,50,8,1997,1,6,7,1
201401WW50954,2,1,0,13,0,0,0,0,0,0,4,1,6,1,38,7,-1,-1,-1,7,1
201401WW50955,1,8,0,9,0,8,0,0,0,0,1,1,1,1,46,8,1995,2,8,7,1
201401WW50955,2,1,0,8,0,8,0,0,0,0,1,1,6,2,66,10,-1,-1,-1,-1,-1
201401WW50956,1,11,0,18,0,8,0,0,0,0,1,1,1,1,27,6,6700,2,7,5,1
201401WW50957,1,19,0,18,0,0,0,0,0,0,3,1,1,1,41,7,2198,2,-1,3,1
201401WW50957,2,1,0,18,0,0,0,0,0,0,1,1,6,1,29,6,-1,-1,-1,-1,-1
201401WW50958,1,3,0,5,0,1,0,0,0,0,2,1,6,2,37,7,-1,-1,-1,4,1
201401WW50958,2,9,0,18,0,1,0,0,0,0,1,1,6,3,-1,-1,-1,-1,-1,-1,-1
201401WW50960,1,5,0,18,0,8,0,0,0,0,4,1,6,1,40,7,599,1,6,9,1
201401WW50960,2,9,0,9,0,8,0,0,0,0,1,1,6,2,-1,-1,1896,2,6,-1,-1
201401WW50961,1,19,0,9,0,8,0,0,0,0,4,1,1,1,49,8,-1,-1,-1,5,1
201401WW50961,2,1,0,18,0,8,0,0,0,0,1,1,6,2,30,6,-1,-1,-1,2,1
201401WW50963,1,11,0,2,0,0,0,0,0,0,0,1,6,1,52,8,9360,2,2,5,1
201401WW50963,2,1,0,18,0,0,0,0,0,0,1,1,6,1,46,8,-1,-1,-1,3,1
201401WW50964,1,9,0,9,0,8,0,0,0,0,1,1,6,1,46,8,-1,-1,-1,2,1
201401WW50964,2,9,0,18,0,8,0,0,0,0,3,1,6,1,38,7,1910,2,8,-1,1
201401WW50965,1,9,0,15,0,8,0,0,0,0,4,1,6,1,40,7,1753,2,4,7,1
201401WW50965,2,4,0,15,0,8,0,0,0,0,1,1,6,1,30,6,124,1,-1,6,1
201401WW50966,1,1,0,18,0,8,0,0,0,0,1,1,6,2,29,6,-1,-1,-1,10,1
201401WW50966,2,9,0,9,0,8,0,0,0,0,4,1,6,2,-1,-1,-1,-1,-1,-1,-1
201401WW50967,1,9,0,6,0,0,0,0,0,0,1,1,6,1,36,7,1497,8,6,7,1
201401WW50967,2,1,0,18,0,0,0,0,0,0,1,1,6,1,21,5,-1,-1,-1,4,1
201401WW50968,1,9,0,6,0,0,0,0,0,0,3,1,6,1,46,8,1686,2,3,3,1
201401WW50968,2,5,0,14,0,0,0,0,0,0,1,1,6,1,22,5,600,1,17,4,1
201401WW50969,1,8,0,9,0,8,0,0,0,0,3,1,1,1,40,7,1968,2,4,4,1
201401WW50969,2,4,0,18,0,8,0,0,0,0,1,1,6,1,30,6,-1,-1,-1,5,1
201401WW50970,1,9,0,18,0,8,0,0,0,0,2,1,6,1,36,7,1461,2,7,6,1
201401WW50970,2,9,0,18,0,1,0,0,0,0,1,1,6,1,36,7,1796,1,14,7,1
201401WW50972,1,1,0,18,0,8,0,0,0,0,3,1,6,1,45,7,-1,-1,-1,10,1
201401WW50972,2,9,0,9,0,8,0,0,0,0,1,1,6,1,-1,-1,1086,1,10,-1,-1
201401WW50973,1,1,0,18,0,8,0,0,0,0,1,1,6,2,23,5,-1,-1,-1,6,1
201401WW50973,2,9,0,9,0,8,0,0,0,0,4,1,6,3,-1,-1,-1,-1,-1,-1,-1
201401WW50974,1,11,0,5,0,2,0,0,0,0,0,1,1,1,47,8,6700,2,3,3,1
201401WW50976,1,9,0,18,0,0,0,4,0,0,3,1,6,2,50,8,1390,1,6,5,1
201401WW50976,2,9,0,2,0,0,0,0,0,0,3,1,6,3,-1,-1,1598,2,2,-1,-1
201401WW50977,1,4,0,13,0,8,0,0,0,0,1,1,6,2,32,6,124,1,3,1,1
201401WW50977,2,1,0,7,0,8,0,0,0,0,0,1,2,2,44,7,-1,-1,-1,4,1
201401WW50978,1,9,0,9,0,8,0,0,0,0,4,1,6,1,73,10,1600,1,15,2,1
201401WW50978,2,1,0,18,0,8,0,0,0,0,1,1,6,2,34,6,-1,-1,-1,4,1
201401WW50979,1,9,0,18,0,2,0,0,0,0,1,1,6,1,24,5,1870,2,8,4,1
201401WW50980,1,5,0,18,0,8,0,0,0,0,1,1,6,1,45,7,649,1,5,4,1
201401WW50981,1,9,0,18,0,8,0,0,0,0,1,1,6,1,23,5,1398,1,4,1,1
201401WW50982,1,3,0,6,0,8,0,0,0,0,3,1,6,1,22,5,-1,-1,-1,2,1
201401WW50982,2,19,0,18,0,8,0,0,0,0,1,1,1,1,-1,-1,-1,-1,-1,-1,-1
201401WW50983,1,1,0,18,0,8,0,0,0,0,1,1,2,1,25,5,-1,-1,-1,8,1
201401WW50983,2,9,0,7,0,8,0,0,0,0,4,1,6,2,-1,-1,1984,1,8,-1,-1
201401WW50984,1,11,0,16,0,1,0,0,0,0,3,1,1,1,20,4,4500,2,-1,3,1
201401WW50984,2,8,0,16,0,1,0,0,0,0,4,1,1,1,-1,-1,1797,8,4,5,1
201401WW50986,1,11,0,14,0,8,0,0,0,0,4,1,1,1,39,7,6700,2,5,2,1
201401WW50986,2,8,0,2,0,8,0,0,0,0,3,1,1,1,57,9,2499,2,3,5,1
201401WW50987,1,9,0,18,0,2,0,0,0,0,1,1,6,2,-1,-1,-1,-1,-1,-1,-1
201401WW50988,1,1,0,9,0,8,0,0,0,0,3,1,6,1,22,5,-1,-1,-1,-1,1
201401WW50988,2,9,0,10,0,8,0,0,0,0,4,1,6,2,-1,-1,-1,-1,-1,-1,-1
201401WW50989,1,9,0,3,0,1,0,0,0,0,2,1,6,1,35,6,1896,2,8,6,1
201401WW50989,2,9,0,18,0,1,0,0,0,0,1,1,6,1,-1,-1,-1,-1,-1,3,1
201401WW50990,1,5,0,18,0,8,0,0,0,0,1,1,6,1,75,10,670,1,1,9,1
201401WW50990,2,9,0,6,0,8,0,0,0,0,1,1,6,2,28,6,-1,-1,-1,3,1
201401WW50991,1,1,0,18,0,2,0,0,0,0,1,1,6,2,36,7,-1,-1,-1,7,1
201401WW50992,1,8,0,18,0,0,0,0,0,0,1,1,1,1,-1,-1,1998,2,7,-1,-1
201401WW50992,2,9,0,18,0,0,0,0,0,0,2,1,6,1,-1,-1,-1,-1,-1,-1,-1
201401WW50993,1,9,0,9,0,8,0,0,0,0,2,1,6,1,36,7,3197,1,6,5,1
201401WW50993,2,5,0,14,0,8,0,0,0,0,1,1,6,1,35,6,-1,-1,-1,3,1
201401WW50994,1,3,0,18,0,8,0,0,0,0,1,1,6,1,24,5,108,1,4,4,1
201401WW50994,2,9,0,9,0,8,0,0,0,0,1,1,6,1,25,5,1197,1,1,8,1
201401WW50995,1,9,0,9,0,8,0,0,0,0,1,1,6,1,53,8,1598,1,11,2,1
201401WW50995,2,4,0,15,0,8,0,0,0,0,1,1,6,1,26,6,-1,-1,-1,5,1
201401WW50996,1,9,0,9,0,8,0,0,0,0,1,1,6,1,34,6,2143,2,4,4,1
201401WW50996,2,1,0,18,0,8,0,0,0,0,1,1,6,1,42,7,-1,-1,-1,4,1
201401WW50998,1,11,0,18,0,8,0,0,0,0,1,1,6,1,31,6,6700,2,5,2,1
201401WW50999,1,9,0,9,0,8,0,0,0,0,1,1,6,1,-1,-1,1199,2,1,-1,-1
201401WW50999,2,1,0,18,0,8,0,0,0,0,3,1,1,1,28,6,-1,-1,-1,6,1
201401WW51000,1,9,0,16,0,8,0,0,0,0,1,1,6,1,42,7,2199,2,1,10,1
201401WW51000,2,4,0,17,0,8,0,0,0,0,1,1,2,1,21,5,124,1,10,4,1
201401WW51001,1,9,0,16,0,8,0,0,0,0,2,1,6,2,33,6,4511,1,11,5,1
201401WW51001,2,9,0,16,0,2,0,0,0,0,1,1,6,1,38,7,1995,2,11,4,1
201401WW51002,1,9,0,16,0,8,0,0,0,0,1,1,6,1,41,7,2616,1,10,6,1
201401WW51003,1,9,0,18,0,2,0,0,0,0,1,1,6,1,75,10,1497,8,8,8,1
201401WW51004,1,9,0,7,0,8,0,0,0,0,1,1,6,2,-1,-1,-1,-1,-1,-1,-1
201401WW51005,1,1,0,18,0,0,0,0,0,0,1,1,6,1,26,6,-1,-1,-1,3,1
201401WW51005,2,9,0,3,0,0,0,0,0,0,4,1,6,1,-1,-1,-1,-1,-1,-1,-1
201401WW51006,1,9,0,18,0,8,0,0,0,0,1,1,6,1,34,6,4966,1,9,3,1
201401WW51007,1,3,0,18,2,8,0,0,0,0,3,1,6,1,22,5,125,1,-1,9,1
201401WW51007,2,8,0,9,0,8,0,0,0,0,1,1,1,1,-1,-1,1997,2,4,-1,-1
201401WW51008,1,9,0,18,0,8,0,0,0,0,1,1,6,2,40,7,3222,2,9,5,1
201401WW51009,1,9,0,7,0,8,0,0,0,0,4,1,6,1,32,6,1991,2,5,5,1
201401WW51009,2,1,0,18,0,8,0,0,0,0,1,1,6,1,32,6,-1,-1,-1,9,1
201401WW51010,1,1,0,18,0,2,0,0,0,0,1,1,6,1,35,6,-1,-1,-1,6,1
201401WW51010,2,9,0,2,0,2,0,0,0,0,3,1,6,1,26,6,1124,1,10,-1,-1
201401WW51012,1,9,0,9,0,8,0,0,0,0,3,1,6,1,33,6,1998,1,12,2,1
201401WW51012,2,3,0,13,0,8,0,0,0,0,1,1,6,1,22,5,124,1,6,1,1
201401WW51013,1,1,0,18,0,8,0,0,0,0,1,1,6,1,23,5,-1,-1,-1,5,1
201401WW51013,2,9,0,9,0,8,0,0,0,0,3,1,6,1,68,10,1753,2,12,3,1
201401WW51014,1,8,0,18,0,8,0,0,0,0,1,1,1,1,62,9,2402,2,9,2,1
201401WW51016,1,9,0,9,0,8,0,0,0,0,1,1,6,2,25,5,1598,1,12,10,3
201401WW51016,2,1,0,14,0,8,0,0,0,0,1,1,6,1,78,11,-1,-1,-1,4,1
201401WW51017,1,9,0,9,0,8,0,0,0,0,1,1,6,2,40,7,1390,1,11,4,1
201401WW51019,1,9,0,11,0,1,0,0,0,0,1,1,6,1,52,8,1389,1,9,5,1