Accident_Index,Vehicle_Reference,Vehicle_Type,Towing_and_Articulation,Vehicle_Manoeuvre,Vehicle_Location-Restricted_Lane,Junction_Location,Skidding_and_Overturning,Hit_Object_in_Carriageway,Vehicle_Leaving_Carriageway,Hit_Object_off_Carriageway,1st_Point_of_Impact,Was_Vehicle_Left_Hand_Drive?,Journey_Purpose_of_Driver,Sex_of_Driver,Age_of_Driver,Age_Band_of_Driver,Engine_Capacity_(CC),Propulsion_Code,Age_of_Vehicle,Driver_IMD_Decile,Driver_Home_Area_Type
201401WW51019,2,1,0,18,0,8,0,0,0,0,1,1,6,1,22,5,-1,-1,-1,2,1
201401WW51020,1,9,0,18,0,8,0,0,0,0,1,1,6,1,-1,-1,1560,2,-1,-1,-1
201401WW51020,2,1,0,9,0,8,0,0,0,0,1,1,6,2,42,7,-1,-1,-1,5,1
201401WW51021,1,8,0,18,0,8,0,0,0,0,3,1,6,1,50,8,1997,2,-1,9,1
201401WW51021,2,9,0,18,0,8,0,0,0,0,1,1,6,1,39,7,-1,-1,-1,2,1
201401WW51022,1,9,0,3,0,0,0,4,0,0,1,1,6,2,26,6,1199,1,12,3,1
201401WW51022,2,9,0,18,0,0,0,4,0,0,1,1,6,2,22,5,1390,1,4,3,1
201401WW51022,3,9,0,2,0,0,0,0,0,0,3,1,6,2,-1,-1,1242,1,1,3,1
201401WW51022,4,9,0,2,0,0,0,0,0,0,2,1,6,1,-1,-1,1199,1,11,3,1
201401WW51024,1,9,0,9,0,8,0,10,3,10,1,1,6,1,70,10,1390,1,13,8,1
201401WW51024,2,1,0,18,0,8,0,0,0,0,1,1,6,1,56,9,-1,-1,-1,7,1
201401WW51025,1,9,0,14,0,8,0,0,0,0,2,1,6,1,36,7,1910,2,6,5,1
201401WW51025,2,9,0,18,0,8,0,0,0,0,2,1,6,1,64,9,1598,1,9,-1,-1
201401WW51025,3,9,0,18,0,1,0,0,0,0,1,1,6,3,-1,-1,1910,2,9,-1,-1
201401WW51026,1,9,0,18,0,8,0,10,3,1,1,1,6,2,34,6,1598,2,2,5,1
201401WW51027,1,3,0,16,0,0,0,0,0,0,3,1,6,1,34,6,109,1,-1,9,1
201401WW51027,2,9,0,17,0,0,0,0,0,0,3,1,6,2,39,7,1796,1,9,6,1
201401WW51028,1,9,0,7,0,8,0,0,0,0,1,1,6,1,37,7,-1,-1,-1,2,1
201401WW51028,2,1,0,18,0,8,0,0,0,0,1,1,6,1,45,7,-1,-1,-1,7,1
201401WW51029,1,1,0,18,0,8,0,0,0,0,1,1,6,1,23,5,-1,-1,-1,5,1
201401WW51029,2,9,0,3,0,8,0,0,0,0,2,1,6,3,-1,-1,-1,-1,-1,-1,-1
201401WW51030,1,9,0,14,0,0,0,0,0,0,1,1,6,2,42,7,1396,1,2,2,1
201401WW51031,1,9,0,16,0,8,0,0,0,0,1,1,6,1,55,8,4966,1,9,5,1
201401WW51031,2,9,0,9,0,8,0,0,0,0,3,1,6,1,34,6,1956,2,1,-1,-1
201401WW51032,1,1,0,18,0,8,0,0,0,0,1,1,6,2,47,8,-1,-1,-1,3,1
201401WW51032,2,9,0,16,0,8,0,0,0,0,4,1,6,1,27,6,998,1,13,2,1
201401WW51033,1,9,0,18,0,8,0,0,0,0,1,1,6,1,50,8,-1,-1,-1,4,1
201401WW51034,1,9,0,16,0,2,0,0,0,0,0,1,6,1,31,6,1598,1,8,-1,1
201401WW51035,1,3,0,18,0,0,0,0,0,0,1,1,6,1,47,8,125,1,-1,6,1
201401WW51035,2,9,0,11,0,0,0,0,0,0,4,1,6,2,23,5,1360,1,7,3,1
201401WW51035,3,9,0,11,0,0,0,0,0,0,0,1,6,2,69,10,1991,2,5,7,1
201401WW51036,1,5,0,17,0,1,0,0,0,0,1,1,6,1,54,8,487,1,16,-1,-1
201401WW51036,2,9,0,16,0,2,0,0,0,0,1,1,6,1,58,9,1560,2,1,6,1
201401WW51038,1,4,0,18,0,0,0,0,0,0,1,1,6,1,33,6,125,1,2,5,1
201401WW51038,2,9,0,9,0,0,0,0,0,0,4,1,6,1,-1,-1,1995,2,1,8,1
201401WW51040,1,1,0,18,0,8,0,0,0,0,1,1,6,1,37,7,-1,-1,-1,3,1
201401WW51040,2,9,0,7,0,8,0,0,0,0,4,1,6,1,-1,-1,-1,-1,-1,-1,-1
201401WW51041,1,10,0,17,0,0,0,0,0,0,0,1,6,1,52,8,2402,2,7,7,1
201401WW51042,1,4,0,18,0,1,0,0,0,0,1,1,6,1,35,6,124,1,5,1,1
201401WW51044,1,5,0,14,0,0,0,0,0,0,1,1,6,1,37,7,125,1,1,8,1
201401WW51044,2,8,0,6,0,0,0,0,0,0,3,1,6,1,65,9,1896,2,7,4,1
201401WW51045,1,4,0,18,0,2,0,0,0,0,3,1,1,1,26,6,125,1,3,3,1
201401WW51045,2,19,0,18,0,8,0,0,0,0,4,1,1,3,-1,-1,-1,-1,-1,-1,-1
201401WW51046,1,5,0,15,0,8,0,0,0,0,1,1,6,2,35,6,618,1,12,9,1
201401WW51046,2,9,0,9,0,8,0,0,0,0,1,1,6,1,48,8,1781,1,14,9,3
201401WW51047,1,9,0,2,0,0,0,0,0,0,3,1,6,1,43,7,1598,1,10,8,1
201401WW51047,2,5,0,18,0,0,0,8,0,0,1,1,6,1,26,6,-1,-1,-1,-1,-1
201401WW51048,1,11,0,4,0,8,0,0,0,0,0,1,1,1,29,6,-1,-1,-1,6,1
201401WW51049,1,3,0,17,0,8,0,0,0,0,1,1,6,1,50,8,-1,-1,-1,5,1
201401WW51050,1,4,0,18,0,1,0,4,0,0,1,1,6,1,28,6,125,1,3,3,1
201401WW51050,2,9,0,2,0,8,0,0,0,0,2,1,6,3,-1,-1,2922,1,19,-1,-1
201401WW51051,1,9,0,7,0,8,0,0,0,0,1,1,6,2,60,9,1988,1,15,2,1
201401WW51051,2,90,0,18,0,8,0,0,0,0,1,1,6,1,73,10,-1,-1,-1,4,1
201401WW51052,1,9,0,6,0,0,0,0,0,0,3,1,6,1,29,6,1364,1,5,6,1
201401WW51052,2,4,0,18,0,0,0,0,0,0,1,1,6,1,30,6,125,1,6,-1,1
201401WW51053,1,9,0,18,0,8,0,0,0,0,4,1,6,2,45,7,2435,1,10,6,1
201401WW51053,2,3,0,18,0,8,0,0,0,0,1,1,6,1,17,4,125,1,4,7,1
201401WW51054,1,9,0,7,0,8,0,0,0,0,1,1,6,2,37,7,1798,1,6,3,1
201401WW51054,2,1,0,17,0,8,0,0,0,0,1,1,6,1,36,7,-1,-1,-1,2,1
201401WW51055,1,3,0,18,0,2,0,0,0,0,1,1,6,1,23,5,109,1,1,4,1
201401WW51056,1,19,0,9,0,8,0,0,0,0,1,1,6,1,47,8,1968,2,3,5,3
201401WW51056,2,3,0,18,0,8,0,0,0,0,1,1,6,1,32,6,108,1,-1,2,1
201401WW51057,1,9,0,18,0,2,0,0,0,0,1,1,6,2,26,6,1398,1,4,3,1
201401WW51057,2,9,0,18,0,1,0,0,0,0,1,1,6,2,22,5,1229,1,6,7,3
201401WW51058,1,9,0,7,0,8,0,0,0,0,1,1,6,1,44,7,2477,2,9,9,1
201401WW51059,1,9,0,1,0,0,0,0,0,0,2,1,6,1,-1,-1,-1,-1,-1,3,1
201401WW51060,1,9,0,14,0,8,0,0,0,0,1,1,6,2,-1,-1,1390,1,-1,9,1
201401WW51062,1,9,0,18,0,8,0,10,3,10,1,1,6,1,-1,-1,1968,2,1,-1,-1
201401WW51062,2,9,0,9,0,8,0,0,0,0,3,1,6,2,43,7,1797,8,1,8,1
201401WW51063,1,4,0,9,0,8,0,0,0,0,2,1,6,1,18,4,124,1,7,3,1
201401WW51063,2,9,0,9,0,8,0,0,0,0,1,1,6,3,-1,-1,1360,1,10,-1,-1
201401WW51064,1,5,0,17,0,8,0,0,0,0,1,1,6,1,-1,-1,-1,-1,-1,-1,-1
201401WW51065,1,9,0,18,0,8,0,0,0,0,1,1,6,2,38,7,1124,1,10,7,1
201401WW51065,2,9,0,12,0,8,0,0,0,0,1,1,6,3,-1,-1,-1,-1,-1,-1,-1
201401WW51066,1,9,0,18,0,0,0,0,0,0,4,1,6,1,-1,-1,1896,2,19,6,1
201401WW51066,2,19,0,2,0,0,0,0,0,0,4,1,6,1,47,8,2198,2,-1,9,1
201401WW51067,1,9,0,18,0,0,0,0,0,0,0,1,6,1,49,8,1598,1,8,5,1
201401WW51068,1,4,0,18,0,8,0,0,0,0,3,1,6,1,18,4,125,1,5,-1,1
201401WW51069,1,4,0,3,0,8,0,0,0,0,0,1,6,1,38,7,124,1,6,6,1
201401WW51069,2,19,0,18,0,8,0,0,0,0,0,1,1,3,-1,-1,-1,-1,-1,-1,-1
201401WW51070,1,8,0,7,0,8,0,0,0,0,1,1,6,1,51,8,-1,-1,-1,10,1
201401WW51071,1,9,0,5,0,8,0,0,0,0,4,1,6,1,60,9,1998,1,10,5,1
201401WW51072,1,9,0,18,0,0,0,0,0,0,1,1,6,1,43,7,1998,1,10,-1,-1
201401WW51072,2,9,0,4,0,0,0,0,0,0,2,1,6,1,42,7,1498,1,3,8,1
201401WW51073,1,9,0,18,0,8,0,0,0,0,1,1,6,1,33,6,1700,2,9,3,1
201401WW51073,2,9,0,9,0,8,0,0,0,0,4,1,6,1,27,6,1598,1,8,2,1
201401WW51074,1,4,0,18,0,8,0,0,0,0,1,1,6,1,40,7,-1,-1,-1,-1,-1
201401WW51074,2,9,0,9,0,8,0,0,0,0,4,1,6,2,-1,-1,1389,1,19,6,1
201401WW51075,1,8,0,9,0,8,0,0,0,0,3,1,1,1,43,7,2664,2,14,9,1
201401WW51075,2,3,0,13,0,8,0,0,0,0,1,1,6,1,33,6,108,1,1,4,1
201401WW51076,1,3,0,15,0,8,0,0,0,0,3,1,6,1,27,6,125,1,2,3,1
201401WW51076,2,9,0,9,0,8,0,0,0,0,0,1,1,1,-1,-1,-1,-1,-1,-1,-1
201401WW51077,1,11,0,4,0,1,0,0,0,0,0,1,1,1,31,6,-1,-1,-1,-1,-1
201401WW51078,1,9,0,6,0,8,0,0,0,0,1,1,6,2,20,4,1400,1,8,9,1
201401WW51078,2,4,0,18,0,8,0,0,0,0,1,1,6,1,34,6,373,1,-1,4,1
201401WW51079,1,21,0,17,0,8,0,0,0,0,1,1,6,1,62,9,11967,2,1,7,1
201401WW51079,2,9,0,17,0,8,0,0,0,0,3,1,6,2,67,10,1398,1,2,3,1
201401WW51080,1,9,0,9,0,8,0,0,0,0,4,1,6,1,38,7,1999,1,8,5,1
201401WW51080,2,4,0,18,0,8,0,0,0,0,1,1,6,1,29,6,124,1,2,3,1
201401WW51081,1,2,0,18,0,8,0,0,0,0,1,1,6,1,36,7,109,1,1,3,1
201401WW51082,1,9,0,9,0,8,0,0,0,0,1,1,6,2,45,7,1910,2,7,3,1
201401WW51082,2,1,0,18,0,8,0,0,0,0,1,1,6,2,29,6,-1,-1,-1,4,1
201401WW51083,1,5,0,13,0,8,0,0,0,0,1,1,6,1,28,6,-1,-1,-1,5,1
201401WW51083,2,9,0,9,0,8,0,0,0,0,3,1,6,2,51,8,998,1,14,5,1
201401WW51084,1,3,0,18,0,2,1,0,0,0,4,1,6,1,37,7,124,1,8,3,1
201401WW51085,1,9,0,18,0,8,0,0,0,0,1,1,6,1,27,6,1341,1,16,4,1
201401WW51085,2,9,0,3,0,8,0,0,0,0,1,1,6,1,30,6,1998,1,9,7,1
201401WW51086,1,9,0,18,0,0,0,0,0,0,3,1,6,1,40,7,2987,2,5,-1,-1
201401WW51086,2,9,0,18,0,0,0,0,0,0,4,1,6,2,32,6,1560,2,6,2,1
201401WW51087,1,9,0,3,0,0,0,0,0,0,2,1,6,1,36,7,2179,2,3,3,1
201401WW51087,2,9,0,14,0,0,0,0,0,0,1,1,6,1,56,9,1598,2,3,10,1
201401WW51088,1,8,0,18,0,8,0,0,0,0,1,1,1,1,39,7,1997,2,1,-1,-1
201401WW51088,2,8,0,2,0,8,0,0,0,0,1,1,1,1,34,6,1896,2,5,2,1
201401WW51089,1,5,0,12,0,8,0,0,0,0,3,1,6,1,40,7,599,1,13,3,1
201401WW51089,2,8,0,9,0,8,0,0,0,0,0,1,1,1,40,7,2402,2,9,2,1
201401WW51090,1,19,0,4,0,0,0,0,0,0,2,1,6,1,36,7,-1,-1,-1,3,1
201401WW51090,2,3,0,18,0,0,0,0,0,0,1,1,6,1,18,4,125,1,5,2,1
201401WW51091,1,1,0,18,0,8,0,0,0,0,3,1,6,2,49,8,-1,-1,-1,-1,-1
201401WW51091,2,9,0,17,0,8,0,0,0,0,4,1,6,2,55,8,1560,2,3,4,1
201401WW51092,1,9,0,18,0,8,0,0,0,0,4,1,6,1,26,6,1783,1,11,1,1
201401WW51092,2,9,0,18,0,8,0,10,1,2,1,1,6,1,25,5,1248,2,5,6,1
201401WW51093,1,9,0,6,0,8,0,0,0,0,3,1,6,1,40,7,1587,1,6,3,1
201401WW51093,2,9,0,18,0,8,0,0,0,0,1,1,6,3,-1,-1,1598,1,14,-1,-1
201401WW51093,3,11,0,2,0,8,0,0,0,0,3,1,6,1,30,6,7300,2,10,5,1
201401WW51095,1,4,0,18,0,8,0,0,0,0,1,1,6,1,32,6,125,1,2,7,1
201401WW51095,2,9,0,18,0,8,0,0,0,0,1,1,6,1,30,6,2993,2,1,4,1
201401WW51096,1,3,0,7,0,8,0,0,0,0,3,1,6,1,20,4,49,1,4,2,1
201401WW59004,1,9,0,18,0,8,0,0,0,0,1,1,6,2,55,8,954,1,20,5,1
201401WW59004,2,9,0,9,0,8,0,0,0,0,1,1,6,1,36,7,1396,1,14,6,1
201401WW59005,1,9,0,18,0,2,0,0,0,0,4,1,6,1,55,8,1339,1,4,7,3
201401WW59006,1,9,0,9,0,8,0,0,0,0,3,1,6,1,30,6,1796,1,14,4,1
201401WW59006,2,1,0,18,0,8,0,0,0,0,1,1,6,1,49,8,-1,-1,-1,6,1
201401WW59007,1,9,0,18,0,8,0,0,0,0,4,1,6,1,25,5,1242,1,11,5,1
201401WW59007,2,9,0,9,0,8,0,0,0,0,1,1,6,1,23,5,1781,1,11,4,1
201401WW59010,1,9,0,8,0,8,0,0,0,0,2,1,6,1,45,7,1598,1,14,5,1
201401WW59010,2,9,0,7,0,8,0,0,0,0,1,1,6,2,40,7,1798,8,1,7,1
201401WW59011,1,19,0,13,0,2,0,0,0,0,3,1,1,1,34,6,1870,2,10,6,1
201401WW59013,1,9,0,18,0,8,0,0,0,0,1,1,6,2,50,8,1400,1,14,3,1
201401WW59014,1,9,0,2,0,1,0,0,0,0,0,1,6,1,46,8,2987,2,6,5,1
201401WW59014,2,19,0,18,0,1,0,0,0,0,4,1,1,1,-1,-1,2198,2,1,-1,-1
201401WW59015,1,11,0,2,0,0,0,0,0,0,1,1,1,1,59,9,7300,2,12,5,1
201401WW59016,1,3,0,14,0,0,0,0,0,0,1,1,6,1,33,6,109,1,1,1,1
201401WW59017,1,9,0,18,0,0,0,0,0,0,1,1,6,1,37,7,1797,8,4,5,1
201401WW59017,2,5,0,6,0,0,0,0,0,0,3,1,6,1,33,6,-1,-1,-1,5,1
201401WW59018,1,9,0,7,0,8,0,0,0,0,1,1,6,1,24,5,1364,1,8,4,1
201401WW59025,1,1,0,18,0,8,0,0,0,0,1,1,6,2,31,6,-1,-1,-1,8,1
201401WW59025,2,9,0,9,0,8,0,0,0,0,1,1,6,1,-1,-1,-1,-1,-1,-1,-1
201401WW59026,1,11,0,4,0,0,0,0,0,0,0,1,1,1,-1,-1,6700,2,5,-1,-1
201401WW59033,1,9,0,4,0,8,0,0,0,0,2,1,6,2,34,6,1296,1,7,2,1
201401WW59033,2,1,0,18,0,8,0,0,0,0,1,1,6,2,23,5,-1,-1,-1,5,1
201401WW59099,1,19,0,1,0,2,0,0,0,0,2,1,1,1,57,9,2143,2,1,7,1
201401WW59099,2,3,0,3,0,8,0,0,0,0,1,1,6,1,27,6,125,1,5,-1,-1
201401WW59107,1,8,0,18,0,8,0,0,0,0,2,1,1,1,37,7,1598,2,2,-1,-1
201401WW59107,2,9,0,18,0,8,0,0,0,0,1,1,6,3,-1,-1,-1,-1,-1,-1,-1
201401XD80001,1,9,0,16,0,8,1,0,7,0,1,1,6,1,35,6,-1,-1,-1,3,1
201401XD80001,2,9,0,17,0,8,0,0,0,0,3,1,6,2,56,9,1242,1,1,5,1
201401XD80001,3,9,0,18,0,8,0,0,0,0,1,1,6,1,26,6,1364,1,7,4,1
201401XD80001,4,9,0,18,0,8,0,0,0,0,1,1,6,1,64,9,-1,-1,-1,-1,-1
201401XD80002,1,9,0,18,0,8,0,0,0,0,1,1,6,1,-1,-1,-1,-1,-1,-1,-1
201401XD80004,1,1,0,18,0,8,0,0,0,0,3,1,2,2,28,6,-1,-1,-1,4,1
201401XD80004,2,9,0,16,0,8,0,0,0,0,4,1,6,1,-1,-1,1997,2,6,-1,-1
201401XD80005,1,9,0,18,0,0,0,0,0,0,2,1,6,1,57,9,2199,1,18,3,1
201401XD80005,2,9,0,18,0,0,0,0,0,0,1,1,6,1,-1,-1,2926,2,12,9,3
201401XD80006,1,9,0,18,0,8,0,0,0,0,2,1,6,2,18,4,1598,1,11,3,1
201401XD80006,2,9,0,18,0,8,0,0,0,0,1,1,6,2,36,7,1397,1,12,7,1
201401XD80008,1,9,0,4,0,8,0,0,1,0,2,1,2,2,30,6,1368,1,5,-1,-1
201401XD80008,2,9,0,3,0,8,0,0,0,0,2,1,2,2,25,5,998,1,12,4,1
201401XD80008,3,9,0,4,0,8,0,0,0,0,1,1,2,1,39,7,-1,-1,-1,-1,-1
201401XD80009,1,19,0,7,0,8,0,0,0,0,0,1,1,1,47,8,2198,2,2,9,1
201401XD80009,2,1,0,18,0,8,0,0,0,0,0,1,6,1,25,5,-1,-1,-1,7,1
201401XD80010,1,9,0,17,0,8,0,0,0,0,1,1,4,2,30,6,1998,1,6,2,1
201401XD80010,2,9,0,17,0,8,0,0,1,0,3,1,6,2,68,10,1299,1,16,1,1
201401XD80011,1,9,0,4,0,3,1,0,1,7,3,1,6,1,31,6,1999,1,9,-1,-1
201401XD80011,2,9,0,12,0,1,1,0,1,0,1,1,6,1,24,5,1587,1,10,3,1
201401XD80012,1,9,0,5,0,8,0,0,0,0,1,1,6,1,51,8,1968,2,1,4,1
201401XD80012,2,9,0,18,0,8,0,0,1,0,4,1,6,1,31,6,1796,1,19,-1,-1
201401XD80013,1,19,0,9,0,8,0,0,0,0,1,1,1,2,42,7,-1,-1,-1,3,1
201401XD80013,2,1,0,18,0,8,0,0,0,0,1,1,6,1,42,7,-1,-1,-1,5,1
201401XD80014,1,9,0,18,0,8,0,0,0,0,1,1,6,2,23,5,-1,-1,-1,4,1
201401XD80014,2,9,0,9,0,8,0,0,0,0,1,1,6,1,58,9,999,1,15,3,1
201401XD80015,1,3,0,4,0,8,0,0,0,0,1,1,2,1,49,8,124,1,7,6,1
201401XD80015,2,9,0,9,0,8,0,0,0,0,4,1,6,1,49,8,-1,-1,-1,-1,-1
201401XD80016,1,9,0,3,0,0,0,0,1,0,4,1,6,1,24,5,1796,1,6,5,1
201401XD80016,2,9,0,15,0,0,0,0,0,0,1,1,6,1,-1,-1,1339,1,6,-1,-1
201401XD80017,1,9,0,3,0,8,0,0,0,0,2,1,6,2,53,8,1781,1,15,3,1
201401XD80017,2,9,0,4,0,8,0,0,0,0,1,1,6,1,-1,-1,1995,2,9,-1,-1
201401XD80018,1,3,0,18,0,8,0,0,1,0,1,1,6,1,22,5,-1,-1,-1,-1,-1
201401XD80018,2,9,0,7,0,8,0,0,0,0,3,1,6,1,27,6,1600,1,15,6,1
201401XD80019,1,1,0,18,9,8,0,0,0,0,1,1,6,1,48,8,-1,-1,-1,5,1
201401XD80019,2,9,0,7,0,8,0,0,0,0,1,1,6,3,-1,-1,-1,-1,-1,-1,-1
201401XD80020,1,9,0,5,0,8,0,0,0,0,3,1,6,1,38,7,2494,1,11,4,1
201401XD80020,2,9,0,12,0,8,0,0,0,0,4,1,6,1,33,6,1998,2,10,3,1
201401XD80022,1,19,0,4,0,8,0,0,0,0,2,1,1,1,58,9,1560,2,1,6,1
201401XD80022,2,9,0,4,0,8,0,0,1,0,1,1,6,1,60,9,1199,1,11,5,1
201401XD80023,1,9,0,9,0,8,0,9,0,0,4,1,1,1,57,9,-1,-1,-1,7,1
201401XD80023,2,19,0,9,0,8,0,0,0,0,3,1,1,1,64,9,1753,2,9,8,1
201401XD80024,1,9,0,18,0,0,0,0,0,0,4,1,2,1,55,8,1560,2,8,3,1
201401XD80026,1,9,0,18,0,0,0,0,0,0,2,1,6,2,29,6,-1,-1,-1,3,1
201401XD80026,2,9,0,4,0,0,0,0,0,0,1,1,6,2,29,6,1896,2,6,4,1
201401XD80027,1,9,0,2,0,0,0,0,0,0,1,1,6,1,48,8,-1,-1,-1,2,1
201401XD80027,2,1,0,14,0,0,0,4,0,0,1,1,6,2,34,6,-1,-1,-1,-1,-1
201401XD80028,1,20,0,5,0,0,0,0,0,0,1,1,1,1,61,9,-1,-1,-1,3,1
201401XD80028,2,9,0,18,0,0,0,0,0,0,4,1,6,1,47,8,-1,-1,-1,5,1
201401XD80029,1,1,0,9,0,8,0,0,0,0,1,1,2,2,21,5,-1,-1,-1,4,1
201401XD80029,2,9,0,9,0,8,0,0,0,0,3,1,6,1,-1,-1,-1,-1,-1,-1,-1
201401XD80030,1,9,0,18,0,0,0,0,0,0,2,1,6,1,23,5,973,1,14,1,1
201401XD80030,2,9,0,4,0,0,0,0,0,0,1,1,6,1,-1,-1,1781,1,16,-1,-1
201401XD80031,1,9,0,4,0,8,0,0,0,0,4,1,6,1,35,6,1497,8,9,2,1
201401XD80032,1,8,0,12,0,0,0,0,0,0,2,2,1,1,50,8,-1,-1,-1,3,1
201401XD80032,2,9,0,18,0,0,0,0,0,0,1,1,1,1,50,8,2993,2,5,5,1
201401XD80033,1,9,0,14,0,0,0,0,0,0,1,1,6,1,19,4,1199,1,13,5,1
201401XD80034,1,9,0,2,0,0,1,4,1,0,3,1,6,1,53,8,1590,1,19,9,1
201401XD80034,2,9,0,14,0,0,0,0,0,0,4,1,6,2,28,6,1399,2,6,-1,-1
201401XD80036,1,3,0,15,0,8,0,0,0,0,1,1,6,1,18,4,125,1,3,4,1
201401XD80036,2,9,0,7,0,8,0,0,0,0,4,1,6,1,61,9,1799,1,14,3,1
201401XD80039,1,9,0,9,0,8,0,0,0,0,3,1,6,1,65,9,1799,1,17,3,1
201401XD80039,2,9,0,7,0,8,0,0,0,0,1,1,6,2,36,7,2199,2,5,3,1
201401XD80039,3,9,0,18,0,8,0,0,0,0,1,1,4,2,47,8,1598,1,12,2,1
201401XD80043,1,3,0,7,0,0,0,0,0,0,1,1,6,1,24,5,125,1,11,5,1
201401XD80043,2,9,0,18,0,0,0,0,0,0,4,1,4,2,34,6,-1,-1,-1,4,1
201401XD80044,1,9,0,16,0,1,0,0,0,0,1,1,1,1,30,6,-1,-1,-1,-1,-1
201401XD80044,2,9,0,17,0,1,0,0,0,0,2,1,6,1,29,6,1598,1,11,4,1
201401XD80045,1,11,0,4,0,8,0,0,0,0,0,1,1,1,55,8,9000,2,6,7,1
201401XD80046,1,9,0,2,0,0,0,0,0,0,1,1,6,2,-1,-1,1390,1,6,3,1
201401XD80046,2,9,0,1,0,0,0,4,0,0,2,1,6,1,-1,-1,4556,1,14,-1,-1
201401XD80047,1,9,0,7,0,8,0,0,0,0,1,1,6,3,-1,-1,-1,-1,-1,-1,-1
201401XD80048,1,9,0,18,0,8,0,0,0,0,1,1,6,1,76,11,1999,1,10,3,1
201401XD80048,2,9,0,5,0,8,0,0,0,0,1,1,6,1,21,5,1595,1,4,4,1
201401XD80049,1,9,0,4,0,8,0,0,0,0,4,1,6,1,27,6,2967,2,8,4,1
201401XD80050,1,9,0,16,0,0,1,10,7,4,3,1,6,1,28,6,3400,1,15,3,1
201401XD80051,1,11,0,4,0,1,0,0,1,0,0,1,1,1,48,8,9000,2,3,-1,-1
201401XD80052,1,9,0,4,0,0,0,0,0,0,2,1,6,1,33,6,1995,2,9,3,1
201401XD80052,2,3,0,4,0,0,1,0,0,0,1,1,1,1,27,6,109,1,1,-1,-1
201401XD80053,1,9,0,9,0,8,0,0,0,0,1,1,6,2,46,8,1390,1,10,2,1
201401XD80053,2,9,0,9,0,8,0,0,0,0,3,1,6,2,24,5,1398,2,2,1,1
201401XD80054,1,3,0,18,0,0,0,0,0,0,3,1,6,1,59,9,124,1,3,-1,1
201401XD80054,2,9,0,11,0,0,0,0,0,0,4,1,6,3,-1,-1,-1,-1,-1,-1,-1
201401XD80055,1,9,0,5,0,8,0,0,0,0,1,1,2,1,52,8,1598,1,9,4,1
201401XD80055,2,1,0,18,0,8,0,0,0,0,4,1,6,2,29,6,-1,-1,-1,3,1
201401XD80056,1,9,0,18,0,0,0,0,0,0,1,1,6,2,25,5,1598,1,10,6,1
201401XD80058,1,9,0,9,0,0,0,0,1,0,1,1,6,1,23,5,1995,2,8,5,1
201401XD80059,1,9,0,4,0,0,0,0,0,0,1,1,6,1,-1,-1,-1,-1,-1,-1,-1
201401XD80059,2,9,0,4,0,0,0,0,0,0,2,1,6,1,46,8,1968,2,7,6,1
201401XD80059,3,9,0,4,0,0,0,0,0,0,1,1,2,1,51,8,1598,2,1,8,1
201401XD80059,4,9,0,4,0,0,0,0,0,0,1,1,6,1,47,8,1997,2,14,5,1
201401XD80060,1,19,0,17,0,8,0,0,0,0,1,1,1,1,74,10,-1,-1,-1,8,1
201401XD80060,2,8,0,17,0,8,0,0,0,0,2,1,1,1,42,7,-1,-1,-1,2,1
201401XD80061,1,9,0,4,0,1,0,0,0,0,2,1,6,2,32,6,-1,-1,-1,6,1
201401XD80061,2,19,0,18,0,1,0,0,0,0,1,1,6,1,-1,-1,1968,2,2,-1,-1
201401XD80063,1,9,0,18,0,0,0,7,0,0,1,1,6,2,90,11,-1,-1,-1,3,1
201401XD80064,1,9,0,1,0,8,0,0,0,0,4,1,6,1,-1,-1,-1,-1,-1,-1,-1
201401XD80065,1,9,0,4,0,8,0,0,0,0,2,1,1,2,27,6,1229,1,8,1,1
201401XD80065,2,8,0,18,0,8,0,0,0,0,1,1,6,1,-1,-1,1497,8,6,-1,-1
201401XD80066,1,1,0,18,0,8,0,10,1,0,0,1,1,2,50,8,-1,-1,-1,4,1
201401XD80066,2,19,0,9,0,8,0,0,0,0,0,1,6,1,-1,-1,2402,2,6,-1,-1
201401XD80068,1,9,0,9,0,8,0,0,0,0,2,1,1,1,30,6,1598,2,2,3,1
201401XD80068,2,1,0,18,0,8,0,0,1,0,1,1,4,1,15,3,-1,-1,-1,8,1
201401XD80072,1,9,0,9,0,8,0,0,0,0,1,1,1,2,38,7,1339,8,11,5,1
201401XD80072,2,1,0,18,0,8,0,0,1,0,1,1,2,1,38,7,-1,-1,-1,3,1
201401XD80073,1,9,0,18,0,8,0,0,0,0,1,1,6,2,-1,-1,1796,1,11,10,1
201401XD80074,1,9,0,18,0,8,0,0,0,0,1,1,6,1,-1,-1,2997,1,11,6,1
201401XD80075,1,9,0,9,0,8,0,0,0,0,1,1,2,1,50,8,1388,1,9,4,1
201401XD80077,1,9,0,18,0,0,0,0,0,0,1,1,6,3,-1,-1,-1,-1,-1,-1,-1
201401XD80079,1,9,0,7,0,1,0,0,0,0,2,1,6,1,-1,-1,2993,2,11,3,1
201401XD80079,2,9,0,18,0,1,0,0,0,0,1,1,6,1,-1,-1,-1,-1,-1,3,1
201401XD80081,1,9,0,9,0,8,0,0,0,0,3,1,2,2,27,6,998,1,12,5,1
201401XD80081,2,11,0,4,0,8,0,0,0,0,1,1,1,1,31,6,6700,2,2,5,1
201401XD80082,1,9,0,7,0,8,0,0,0,0,3,1,6,1,57,9,1896,2,10,3,1
201401XD80083,1,9,0,9,0,8,0,0,1,0,1,1,6,1,21,5,1686,2,6,2,1
201401XD80083,2,9,0,18,0,8,0,0,1,0,3,1,6,1,28,6,1596,1,10,5,1
201401XD80084,1,9,0,4,0,8,0,0,0,0,1,1,6,2,24,5,998,1,4,4,1
201401XD80085,1,9,0,9,0,0,0,0,0,0,3,2,6,1,20,4,1242,1,1,3,1