Accident_Index,Vehicle_Reference,Vehicle_Type,Towing_and_Articulation,Vehicle_Manoeuvre,Vehicle_Location-Restricted_Lane,Junction_Location,Skidding_and_Overturning,Hit_Object_in_Carriageway,Vehicle_Leaving_Carriageway,Hit_Object_off_Carriageway,1st_Point_of_Impact,Was_Vehicle_Left_Hand_Drive?,Journey_Purpose_of_Driver,Sex_of_Driver,Age_of_Driver,Age_Band_of_Driver,Engine_Capacity_(CC),Propulsion_Code,Age_of_Vehicle,Driver_IMD_Decile,Driver_Home_Area_Type
201401XD80587,1,9,0,9,0,8,0,0,0,0,1,1,6,1,46,8,1598,1,8,7,1
201401XD80587,2,1,0,18,0,8,0,0,0,0,1,1,6,2,54,8,-1,-1,-1,8,1
201401XD80588,1,9,0,9,0,8,0,0,0,0,1,1,6,1,29,6,1896,2,7,5,1
201401XD80588,2,9,0,18,0,8,0,0,0,0,1,1,6,2,49,8,2188,2,7,6,1
201401XD80589,1,9,0,9,0,8,0,0,0,0,4,1,6,2,27,6,1998,1,6,-1,1
201401XD80589,2,5,0,18,0,8,0,0,0,0,1,1,6,1,33,6,749,1,4,7,1
201401XD80590,1,9,0,17,0,0,0,0,0,0,2,1,6,1,33,6,4398,1,12,3,1
201401XD80590,2,19,0,17,0,0,0,0,0,0,1,1,6,1,61,9,1968,2,-1,2,1
201401XD80590,3,9,0,17,0,0,0,0,0,0,1,1,6,1,38,7,1995,1,11,5,1
201401XD80590,4,9,0,17,0,0,0,0,0,0,1,1,6,1,58,9,1248,1,2,3,1
201401XD80591,1,3,0,18,0,8,0,0,0,0,1,1,6,1,22,5,124,1,1,2,1
201401XD80591,2,9,0,9,0,8,0,0,0,0,3,1,6,1,54,8,1968,2,7,8,3
201401XD80592,1,11,0,4,0,8,0,0,0,0,0,1,1,1,56,9,9360,2,2,1,1
201401XD80593,1,9,0,3,0,0,0,0,0,0,2,1,6,1,42,7,1998,1,9,-1,-1
201401XD80593,2,9,0,18,0,0,0,0,0,0,1,1,6,1,24,5,1896,2,11,4,1
201401XD80594,1,9,0,17,0,8,0,0,0,0,3,1,6,2,37,7,-1,-1,-1,-1,-1
201401XD80595,1,9,0,18,0,0,0,0,0,0,1,1,6,2,51,8,1968,2,1,5,1
201401XD80596,1,9,0,18,0,8,0,0,0,0,0,1,6,2,-1,-1,1998,1,10,-1,-1
201401XD80597,1,2,0,18,0,8,0,0,0,0,3,1,6,1,18,4,49,1,4,3,1
201401XD80597,2,9,0,13,0,8,0,0,0,0,4,1,6,3,-1,-1,-1,-1,-1,-1,-1
201401XD80599,1,9,0,18,0,8,0,0,0,0,3,1,6,1,47,8,1986,2,5,6,1
201401XD80599,2,9,0,11,0,8,0,0,0,0,4,1,6,1,50,8,1995,2,-1,-1,-1
201401XD80600,1,9,0,18,0,8,0,0,0,0,4,1,6,1,39,7,2148,2,12,2,1
201401XD80600,2,9,0,5,0,8,0,0,0,0,1,1,6,1,82,11,1341,1,9,2,1
201401XD80601,1,9,0,18,0,0,0,0,0,0,1,1,6,1,46,8,2926,2,11,-1,-1
201401XD80601,2,1,0,18,0,0,0,0,0,0,3,1,6,1,17,4,-1,-1,-1,6,1
201401XD80602,1,9,0,17,0,2,0,0,0,0,4,1,6,1,28,6,1360,1,10,8,1
201401XD80604,1,3,0,13,0,1,0,0,0,0,1,1,6,1,28,6,125,1,1,-1,1
201401XD80604,2,9,0,9,0,1,0,0,0,0,3,1,6,2,39,7,1896,2,7,1,1
201401XD80604,3,9,0,18,0,1,0,0,0,0,3,1,6,2,34,6,1998,1,7,7,1
201401XD80607,1,21,0,16,0,8,2,10,0,0,3,1,1,1,55,8,12130,2,11,-1,-1
201401XD80608,1,9,0,17,0,0,0,4,0,0,1,1,6,1,20,4,1198,1,-1,2,1
201401XD80608,2,8,0,2,0,0,0,0,0,0,2,1,6,2,48,8,1798,8,-1,9,1
201401XD80608,3,9,0,2,0,0,0,0,0,0,2,1,6,1,-1,-1,1995,2,3,9,1
201401XD80608,4,9,0,2,0,0,0,0,0,0,2,1,6,2,-1,-1,599,1,12,9,1
201401XD80608,5,9,0,2,0,0,0,0,0,0,1,1,6,1,30,6,4691,1,2,9,1
201401XD80609,1,3,0,14,0,1,0,0,0,0,4,1,1,1,28,6,109,1,1,3,1
201401XD80609,2,9,0,9,0,2,0,0,0,0,1,1,6,2,47,8,1598,1,11,4,1
201401XD80610,1,2,0,18,0,2,0,0,0,0,3,1,1,1,39,7,108,1,1,3,1
201401XD80610,2,9,0,11,0,2,0,0,0,0,4,1,6,1,-1,-1,1399,1,6,-1,-1
201401XD80611,1,19,0,18,0,2,0,10,0,0,3,1,1,2,34,6,-1,-1,-1,-1,-1
201401XD80612,1,9,0,10,0,8,0,0,0,0,3,1,6,1,18,4,1242,1,10,6,1
201401XD80612,2,9,0,18,0,8,0,0,0,0,1,1,6,2,22,5,998,1,10,2,1
201401XD80613,1,9,0,3,0,0,0,0,0,0,2,1,6,2,32,6,2979,1,8,5,3
201401XD80613,2,9,0,3,0,0,0,0,0,0,2,1,6,2,42,7,1086,1,7,2,1
201401XD80613,3,9,0,18,0,0,0,0,0,0,1,1,6,1,41,7,-1,-1,-1,8,1
201401XD80614,1,9,0,4,0,2,0,0,0,0,2,1,6,1,23,5,1461,2,-1,2,1
201401XD80614,2,9,0,4,0,2,1,0,0,0,1,1,6,1,28,6,2460,2,9,4,1
201401XD80615,1,9,0,3,0,8,0,0,0,0,2,1,6,1,35,6,998,1,16,2,1
201401XD80615,2,9,0,4,0,8,0,0,0,0,1,1,6,1,-1,-1,-1,-1,-1,-1,-1
201401XD80617,1,11,0,4,0,8,0,0,0,0,0,1,1,1,42,7,-1,-1,-1,4,1
201401XD80618,1,9,0,4,0,0,0,0,0,0,2,1,6,1,18,4,1797,8,4,6,1
201401XD80618,2,9,0,4,0,0,0,0,0,0,1,1,6,1,27,6,1560,2,5,-1,-1
201401XD80618,3,9,0,4,0,0,0,0,0,0,2,1,6,3,-1,-1,-1,-1,-1,-1,-1
201401XD80620,1,9,0,18,0,0,0,0,0,0,1,1,6,1,30,6,1242,1,16,3,1
201401XD80621,1,19,0,18,0,0,0,0,0,0,1,1,1,1,28,6,2402,2,5,5,1
201401XD80621,2,9,0,11,0,0,0,0,0,0,2,1,6,1,61,9,1248,2,8,1,1
201401XD80622,1,9,0,9,0,8,0,0,0,0,1,1,6,2,37,7,1242,1,16,3,1
201401XD80622,2,9,0,18,0,8,0,0,0,0,1,1,6,2,51,8,1984,1,12,6,1
201401XD80622,3,9,0,18,0,8,0,0,0,0,3,1,6,2,51,8,2148,2,10,5,1
201401XD80624,1,21,4,16,0,8,0,0,0,0,1,1,1,1,46,8,10837,2,3,-1,3
201401XD80624,2,9,0,16,0,8,0,0,0,0,2,1,6,2,33,6,1587,1,12,3,1
201401XD80625,1,19,0,3,0,0,0,10,1,7,3,1,1,1,41,7,1968,2,3,1,1
201401XD80625,2,21,0,11,0,0,0,0,0,0,4,1,1,1,51,8,6692,2,1,5,1
201401XD80626,1,9,0,7,0,8,0,0,0,0,2,1,6,2,71,10,1956,2,1,3,1
201401XD80626,2,9,0,7,0,8,0,0,0,0,1,1,6,1,-1,-1,-1,-1,-1,6,1
201401XD80627,1,1,0,18,0,8,0,0,0,0,1,1,6,1,27,6,-1,-1,-1,3,1
201401XD80627,2,9,0,9,0,8,0,0,0,0,4,1,6,1,-1,-1,1968,2,5,-1,-1
201401XD80629,1,1,0,18,5,8,0,0,0,0,1,1,6,1,55,8,-1,-1,-1,9,1
201401XD80629,2,9,0,9,0,8,0,0,0,0,4,1,6,1,-1,-1,-1,-1,-1,-1,-1
201401XD80631,1,11,0,4,0,8,0,0,0,0,0,1,6,1,50,8,4500,2,-1,5,1
201401XD80632,1,9,0,17,0,0,0,4,0,0,1,1,6,2,22,5,1198,1,10,4,1
201401XD80632,2,9,0,2,0,0,0,0,0,0,2,1,6,3,-1,-1,1198,1,1,-1,-1
201401XD80633,1,3,0,3,0,0,0,0,0,0,2,1,2,1,32,6,124,1,2,6,1
201401XD80633,2,9,0,18,0,0,0,0,0,0,1,1,6,2,27,6,1598,1,8,2,1
201401XD80636,1,9,0,16,0,3,0,10,1,4,3,1,6,1,34,6,-1,-1,-1,4,1
201401XD80637,1,8,0,18,0,1,0,0,0,0,1,1,1,1,-1,-1,1598,2,3,-1,-1
201401XD80637,2,9,0,4,0,1,0,0,0,0,2,1,6,2,-1,-1,2993,2,3,5,1
201401XD80638,1,11,0,5,0,0,0,0,0,0,4,1,1,1,51,8,9360,2,4,6,1
201401XD80639,1,3,0,14,0,0,0,0,0,0,1,1,6,1,-1,-1,-1,-1,-1,-1,-1
201401XD80640,1,5,0,4,0,8,0,0,0,0,1,1,1,1,38,7,599,1,6,-1,1
201401XD80640,2,90,0,4,0,8,0,0,0,0,2,1,1,1,-1,-1,-1,-1,-1,-1,-1
201401XD80641,1,20,0,2,0,8,0,0,0,0,2,1,1,1,38,7,-1,-1,-1,5,1
201401XD80641,2,90,0,14,0,8,0,4,0,0,1,1,2,3,-1,-1,-1,-1,-1,-1,-1
201401XD80642,1,8,0,9,0,8,0,0,0,0,4,1,1,1,61,9,-1,-1,-1,3,1
201401XD80642,2,1,0,18,0,8,0,0,0,0,1,1,6,1,34,6,-1,-1,-1,1,1
201401XD80643,1,3,0,18,0,8,0,0,0,0,1,1,6,1,44,7,108,1,-1,5,1
201401XD80643,2,9,0,9,0,8,0,0,0,0,1,1,6,1,-1,-1,-1,-1,-1,-1,-1
201401XD80645,1,9,0,11,0,2,0,0,0,0,4,1,6,1,25,5,1995,1,4,5,1
201401XD80645,2,9,0,18,0,2,0,0,0,0,1,1,6,1,29,6,-1,-1,-1,6,1
201401XD80646,1,2,0,18,0,1,0,0,0,0,0,1,1,1,23,5,-1,-1,-1,1,1
201401XD80646,2,9,0,7,0,2,0,0,0,0,0,1,6,3,-1,-1,-1,-1,-1,-1,-1
201401XD80647,1,9,0,18,0,1,0,0,0,0,1,1,6,1,33,6,1598,2,1,4,1
201401XD80648,1,9,0,4,0,0,0,0,0,0,2,1,6,2,57,9,1598,1,7,10,1
201401XD80648,2,9,0,18,0,0,0,0,0,0,1,1,6,1,45,7,1229,1,1,3,1
201401XD80649,1,9,0,9,0,2,0,0,0,0,4,1,6,1,30,6,1796,1,5,2,1
201401XD80650,1,9,0,3,0,1,0,0,0,0,1,1,6,2,27,6,1796,1,7,9,1
201401XD80650,2,9,0,18,0,1,0,0,0,0,2,1,6,1,24,5,2393,1,11,3,1
201401XD80651,1,9,0,16,0,8,0,0,0,0,2,1,6,1,50,8,1984,1,13,2,1
201401XD80651,2,9,0,16,0,8,0,0,0,0,1,1,6,2,31,6,1796,1,8,2,1
201401XD80652,1,9,0,3,0,8,0,0,0,0,2,1,6,1,37,7,1396,1,14,5,1
201401XD80652,2,9,0,5,0,8,0,0,0,0,1,1,6,2,27,6,1124,1,12,9,2
201401XD80653,1,9,0,6,0,8,0,0,0,0,3,1,6,1,51,8,1994,1,9,2,1
201401XD80653,2,3,0,18,0,8,0,0,0,0,1,1,6,1,31,6,124,1,3,3,1
201401XD80654,1,19,0,7,0,8,0,0,0,0,3,1,6,1,34,6,1968,2,1,4,1
201401XD80654,2,3,0,18,0,8,0,0,0,0,1,1,6,1,21,5,-1,-1,-1,4,1
201401XD80655,1,9,0,13,0,0,0,0,1,0,4,1,6,2,25,5,1595,1,7,8,1
201401XD80655,2,1,0,18,0,0,0,0,0,0,3,1,6,1,52,8,-1,-1,-1,-1,-1
201401XD80656,1,9,0,17,0,8,0,4,0,0,1,1,6,1,31,6,-1,-1,-1,-1,-1
201401XD80656,2,9,0,10,0,8,0,0,0,0,4,1,6,2,36,7,1598,1,8,6,1
201401XD80656,3,19,0,2,0,8,0,0,0,0,1,1,6,3,-1,-1,2198,2,3,-1,-1
201401XD80657,1,9,0,18,0,8,0,0,0,0,3,1,6,1,53,8,1781,1,14,-1,-1
201401XD80657,2,9,0,18,0,8,0,0,0,0,1,1,6,2,29,6,1598,1,8,2,1
201401XD80658,1,9,0,7,0,8,0,0,0,0,1,1,2,2,25,5,1086,1,6,4,1
201401XD80658,2,1,0,18,0,8,0,0,0,0,1,1,1,1,12,3,-1,-1,-1,-1,-1
201401XD80659,1,3,0,14,0,1,0,0,0,0,1,1,2,1,29,6,125,1,4,3,1
201401XD80659,2,9,0,12,0,1,0,0,0,0,3,1,2,1,52,8,2231,2,1,-1,2
201401XD80660,1,9,0,18,0,0,0,0,0,0,1,1,6,2,49,8,1598,2,3,8,1
201401XD80661,1,9,0,9,0,8,0,0,0,0,1,1,6,1,73,10,1968,2,4,10,1
201401XD80663,1,3,0,4,0,0,0,0,0,0,1,1,1,1,30,6,998,1,4,2,1
201401XD80663,2,19,0,4,0,0,0,0,0,0,2,1,1,1,48,8,2198,2,6,4,1
201401XD80664,1,9,0,18,0,8,0,0,0,0,3,1,6,1,65,9,1275,1,14,-1,-1
201401XD80664,2,9,0,9,0,8,0,0,1,0,1,1,6,2,26,6,1896,2,8,8,1
201401XD80665,1,9,0,18,0,0,0,0,0,0,3,1,6,1,47,8,3199,1,20,10,1
201401XD80665,2,9,0,18,0,0,0,0,0,0,3,1,6,1,-1,-1,-1,-1,-1,-1,-1
201401XD80665,3,9,0,18,0,0,0,0,0,0,1,1,6,3,-1,-1,-1,-1,-1,-1,-1
201401XD80666,1,3,0,18,0,8,0,0,0,0,1,1,6,1,25,5,108,1,-1,4,1
201401XD80666,2,9,0,9,0,8,0,0,0,0,1,1,6,1,25,5,1596,1,12,1,1
201401XD80667,1,9,0,5,0,8,0,0,0,0,1,1,6,2,25,5,1598,1,4,4,1
201401XD80667,2,9,0,18,0,8,0,0,0,0,4,1,6,1,54,8,1339,1,4,2,1
201401XD80668,1,9,0,18,0,0,0,0,0,0,3,1,6,1,-1,-1,-1,-1,-1,-1,-1
201401XD80670,1,9,0,4,0,1,0,0,0,0,1,1,1,1,40,7,1995,2,-1,10,2
201401XD80670,2,8,0,18,0,1,0,0,0,0,2,1,1,1,36,7,3197,1,4,8,1
201401XD80671,1,9,0,15,0,8,0,0,0,0,1,1,6,1,46,8,2997,1,16,8,1
201401XD80671,2,9,0,18,0,8,0,0,0,0,2,1,6,1,49,8,-1,-1,-1,-1,-1
201401XD80671,3,9,0,18,0,8,0,0,0,0,1,1,6,1,37,7,1910,2,4,-1,-1
201401XD80671,4,9,0,18,0,8,0,0,0,0,2,1,6,1,39,7,1968,2,1,3,1
201401XD80671,5,9,0,18,0,8,0,0,1,0,2,1,4,1,31,6,-1,-1,-1,1,1
201401XD80672,1,9,0,5,0,0,0,0,1,10,1,1,6,2,50,8,1989,1,14,5,3
201401XD80672,2,9,0,12,0,0,0,0,0,0,3,1,2,1,52,8,2231,2,1,-1,2
201401XD80673,1,9,0,11,0,8,0,4,0,0,4,1,6,2,28,6,1995,2,2,4,1
201401XD80673,2,9,0,18,0,8,0,0,0,0,0,1,6,3,-1,-1,-1,-1,-1,-1,-1
201401XD80673,3,9,0,2,0,8,0,0,0,0,3,1,6,3,-1,-1,-1,-1,-1,-1,-1
201401XD80675,1,9,0,7,0,8,0,0,0,0,2,1,6,1,34,6,282,1,10,3,1
201401XD80675,2,9,0,7,0,8,0,0,0,0,2,1,6,2,48,8,1229,1,6,8,1
201401XD80675,3,9,0,7,0,8,0,0,1,0,1,1,6,1,51,8,-1,-1,-1,3,1
201401XD80676,1,9,0,18,0,0,0,0,0,0,2,1,6,1,28,6,1781,1,12,8,1
201401XD80676,2,9,0,11,0,0,0,0,0,0,4,1,6,1,-1,-1,1900,2,8,-1,-1
201401XD80677,1,9,0,3,0,1,0,0,0,0,2,1,6,1,23,5,1229,1,6,8,1
201401XD80677,2,9,0,18,0,1,0,0,0,0,1,1,6,1,-1,-1,1399,2,6,-1,-1
201401XD80678,1,19,0,9,0,8,0,0,0,0,4,1,6,1,32,6,-1,-1,-1,5,1
201401XD80678,2,5,0,18,0,8,0,0,0,0,1,1,6,1,52,8,996,1,12,9,1
201401XD80679,1,1,0,15,0,8,0,0,0,0,1,1,2,2,43,7,-1,-1,-1,6,1
201401XD80679,2,9,0,7,0,8,0,0,0,0,4,1,2,1,32,6,6208,1,8,5,1
201401XD80681,1,19,0,9,0,8,0,0,0,0,3,1,2,1,48,8,2198,2,6,1,1
201401XD80681,2,3,0,13,0,8,0,0,0,0,1,1,2,1,24,5,124,1,-1,4,1
201401XD80682,1,9,0,18,0,0,5,10,1,4,1,1,6,2,81,11,1896,2,10,4,1
201401XD80684,1,9,0,3,0,0,0,0,0,0,2,1,6,2,50,8,1988,1,11,2,1
201401XD80684,2,9,0,18,0,0,0,0,0,0,1,1,6,1,-1,-1,1360,1,17,9,1
201401XD80684,3,9,0,3,0,0,0,0,0,0,2,1,6,1,-1,-1,1995,2,8,3,1
201401XD80685,1,5,0,4,0,8,1,0,0,0,1,1,2,1,29,6,-1,-1,-1,5,1
201401XD80685,2,19,0,5,0,8,0,0,0,0,4,1,2,1,38,7,2402,2,3,6,1
201401XD80686,1,9,0,9,0,8,0,0,0,0,4,1,6,2,30,6,1598,1,11,7,1
201401XD80686,2,9,0,18,0,8,0,0,0,0,1,1,6,1,38,7,3199,1,12,6,1
201401XD80687,1,9,0,4,0,0,0,0,0,0,1,1,2,1,48,8,1796,1,9,2,1
201401XD80688,1,11,0,5,0,8,0,0,0,0,0,1,1,3,-1,-1,-1,-1,-1,-1,-1
201401XD80690,1,9,0,9,0,8,0,0,0,0,1,1,2,2,36,7,1587,1,10,4,1
201401XD80690,2,1,0,18,0,8,0,0,0,0,1,1,2,1,43,7,-1,-1,-1,3,1
201401XD80691,1,8,0,7,0,8,0,0,0,0,2,1,1,1,47,8,1797,8,3,5,1
201401XD80691,2,1,0,5,0,8,0,0,0,0,4,1,6,2,38,7,-1,-1,-1,-1,-1
201401XD80692,1,9,0,3,0,0,0,0,0,0,3,1,6,1,30,6,1596,1,10,4,1
201401XD80692,2,1,0,14,0,0,0,4,0,0,1,1,6,1,28,6,-1,-1,-1,4,1
201401XD80693,1,9,0,7,0,8,0,0,0,0,1,1,6,2,34,6,1799,1,8,-1,-1
201401XD80694,1,9,0,7,0,8,0,0,1,0,1,1,2,1,50,8,1985,1,16,5,1
201401XD80695,1,9,0,14,0,8,0,0,1,0,1,1,6,1,41,7,-1,-1,-1,2,1
201401XD80696,1,5,0,9,0,8,0,0,0,0,3,1,2,1,59,9,645,1,7,3,1
201401XD80696,2,21,0,9,0,8,0,0,0,0,4,1,1,1,32,6,12740,2,2,6,1
201401XD80697,1,9,0,7,0,8,0,0,0,0,1,1,6,1,51,8,1206,1,1,-1,-1
201401XD80698,1,8,0,9,0,2,0,0,0,0,3,1,6,1,28,6,1994,2,17,9,1
201401XD80698,2,3,0,14,0,1,0,0,0,0,1,1,6,1,18,4,124,1,13,4,1
201401XD80698,3,3,0,14,0,1,0,0,0,0,1,1,6,1,19,4,124,1,4,5,1
201401XD80700,1,9,0,7,0,1,0,0,0,0,3,1,6,1,53,8,2148,2,10,5,1
201401XD80700,2,21,0,11,0,1,0,0,0,0,4,1,6,1,-1,-1,6370,2,8,-1,-1
201401XD80701,1,9,0,4,0,0,0,0,0,0,2,1,2,2,42,7,1796,1,9,2,1
201401XD80701,2,21,1,11,0,0,0,0,0,0,1,1,1,1,-1,-1,12900,2,2,-1,-1
201401XD80702,1,9,0,18,0,0,0,4,0,0,3,1,6,1,29,6,1598,1,5,8,1
201401XD80702,2,9,0,18,0,0,0,0,0,0,3,1,6,1,53,8,1796,1,9,1,1
201401XD80702,3,9,0,2,0,0,0,4,0,0,3,1,6,3,-1,-1,2198,1,11,-1,-1
201401XD80702,4,9,0,2,0,0,0,0,0,0,3,1,6,3,-1,-1,-1,-1,-1,-1,-1
201401XD80703,1,9,0,9,0,8,0,0,0,0,3,1,6,2,53,8,1560,2,7,4,1
201401XD80703,2,1,0,18,0,8,0,0,0,0,1,1,6,1,12,3,-1,-1,-1,1,1
201401XD80705,1,4,0,14,0,8,0,0,0,0,1,1,2,1,26,6,398,1,20,4,1
201401XD80705,2,9,0,9,0,8,0,0,0,0,3,1,6,1,26,6,-1,-1,-1,4,1
201401XD80706,1,9,0,7,0,8,0,0,0,0,4,1,6,1,59,9,2143,2,4,3,1
201401XD80706,2,1,0,18,0,8,0,0,0,0,1,1,6,1,26,6,-1,-1,-1,3,1
201401XD80708,1,9,0,2,0,0,0,0,0,0,2,1,6,1,57,9,1598,1,13,2,1
201401XD80708,2,9,0,1,0,0,0,4,0,0,2,1,6,1,-1,-1,3200,1,12,-1,-1
201401XD80709,1,9,0,4,0,8,0,0,1,0,2,1,6,1,41,7,1995,2,2,3,1
201401XD80709,2,9,0,4,0,8,0,0,0,0,1,1,6,1,41,7,2099,1,11,4,1
201401XD80710,1,3,0,13,0,8,0,0,0,0,1,1,4,1,19,4,-1,-1,-1,2,1
201401XD80710,2,9,0,14,0,8,0,0,0,0,1,1,6,1,38,7,1332,1,7,1,1
201401XD80710,3,9,0,18,0,1,0,0,0,0,3,1,6,1,33,6,-1,-1,-1,5,1
201401XD80711,1,9,0,16,0,8,0,0,0,0,3,1,6,1,31,6,1364,2,6,-1,-1
201401XD80711,2,19,0,16,0,8,0,0,1,0,1,1,6,1,-1,-1,2143,2,4,-1,-1
201401XD80713,1,9,0,9,0,8,0,0,0,0,1,1,2,2,40,7,1248,2,5,7,1
201401XD80715,1,9,0,4,0,8,0,0,0,0,0,1,6,1,27,6,1968,2,8,1,1
201401XD80715,2,9,0,4,0,8,0,0,0,0,2,1,6,1,45,7,1896,2,10,5,1
201401XD80715,3,9,0,4,0,8,0,0,0,0,1,1,6,1,40,7,-1,-1,-1,-1,-1
201401XD80716,1,9,0,18,0,8,0,0,0,0,4,1,6,1,35,6,998,1,18,4,1
201401XD80716,2,19,0,9,0,8,0,0,0,0,1,1,6,1,-1,-1,-1,-1,-1,-1,-1
201401XD80717,1,9,0,17,0,1,0,0,0,0,1,1,6,1,73,10,2600,1,26,6,1
201401XD80718,1,5,0,18,0,0,0,0,0,0,1,1,6,1,-1,-1,599,1,11,4,1
201401XD80718,2,9,0,11,0,0,0,0,0,0,3,1,6,1,-1,-1,-1,-1,-1,-1,-1
201401XD80720,1,3,0,15,0,8,0,0,0,0,1,1,2,1,29,6,109,1,1,4,1
201401XD80722,1,3,0,18,0,1,0,0,0,0,1,1,2,1,20,4,125,1,3,2,1
201401XD80722,2,9,0,7,0,1,0,0,0,0,3,1,2,1,28,6,1242,1,13,3,1
201401XD80723,1,8,0,9,0,8,0,0,0,0,1,1,1,1,52,8,1896,2,8,5,1
201401XD80724,1,9,0,4,0,8,0,0,0,0,2,1,6,1,27,6,-1,-1,-1,6,1
201401XD80724,2,19,0,18,0,8,0,0,0,0,1,1,1,1,63,9,-1,-1,-1,5,1
201401XD80725,1,9,0,7,0,8,0,0,0,0,3,1,6,2,22,5,1199,1,11,6,1
201401XD80725,2,9,0,4,0,8,0,0,0,0,1,1,6,2,58,9,1598,2,1,3,1
201401XD80726,1,19,0,4,0,8,0,0,0,0,2,1,6,1,38,7,-1,-1,-1,4,1
201401XD80726,2,9,0,18,0,8,0,0,0,0,1,1,6,1,-1,-1,1997,2,4,-1,-1
201401XD80727,1,9,0,17,0,8,0,0,0,0,1,1,6,2,25,5,1198,1,5,4,1
201401XD80727,2,21,1,7,0,8,0,0,0,0,4,1,1,1,-1,-1,4764,2,6,-1,-1
201401XD80728,1,9,0,7,0,8,0,0,0,0,4,1,6,1,-1,-1,-1,-1,-1,-1,-1
201401XD80728,2,1,0,18,0,8,0,0,0,0,1,1,6,2,-1,-1,-1,-1,-1,-1,-1
201401XD80730,1,5,0,5,0,8,0,0,0,0,0,1,6,1,-1,-1,-1,-1,-1,-1,-1
201401XD80731,1,20,0,3,0,8,0,0,0,0,0,1,1,1,32,6,-1,-1,-1,3,1
201401XD80731,2,9,0,14,0,8,0,0,0,0,1,1,6,2,59,9,2148,2,11,2,1
201401XD80732,1,3,0,9,0,1,0,8,0,0,4,1,6,1,19,4,125,1,5,6,1
201401XD80732,2,9,0,2,0,1,0,0,0,0,3,1,1,1,53,8,2199,2,4,2,1
201401XD80733,1,9,0,9,0,8,0,0,0,0,4,1,6,1,31,6,-1,-1,-1,5,1
201401XD80733,2,9,0,18,0,1,0,0,0,0,1,1,6,2,50,8,1388,1,3,2,1
201401XD80733,3,9,0,3,0,1,0,0,0,0,1,1,6,1,32,6,1587,1,11,5,1
201401XD80734,1,9,0,9,0,8,0,0,0,0,4,1,2,2,36,7,1995,2,4,10,1
201401XD80734,2,4,0,18,0,8,0,0,0,0,1,1,6,1,29,6,-1,-1,-1,9,1
201401XD80735,1,5,0,18,0,8,0,0,0,0,1,1,6,1,51,8,659,1,10,6,1
201401XD80735,2,3,0,9,0,8,0,0,0,0,4,1,6,1,18,4,125,1,3,3,1
201401XD80736,1,9,0,18,0,8,0,0,0,0,1,1,6,1,36,7,1596,1,6,7,1
201401XD80737,1,8,0,18,0,0,0,0,0,0,4,1,1,1,24,5,1968,2,5,5,1
201401XD80737,2,9,0,12,0,0,0,0,0,0,3,1,6,2,42,7,1995,2,2,5,1
201401XD80738,1,9,0,4,0,0,0,0,0,0,1,1,6,1,39,7,1995,2,1,4,1
201401XD80739,1,9,0,9,0,8,0,0,0,0,3,1,6,1,49,8,1997,1,10,4,1
201401XD80739,2,3,0,18,0,8,0,0,0,0,1,1,6,1,21,5,109,1,1,6,1
201401XD80740,1,11,0,4,0,7,0,0,0,0,0,1,1,1,52,8,7300,2,10,-1,-1
201401XD80741,1,9,0,18,0,0,0,0,0,0,1,1,6,1,45,7,-1,-1,-1,1,1
201401XD80742,1,9,0,18,0,8,0,0,0,0,1,1,6,1,45,7,2148,2,6,1,1
201401XD80742,2,9,0,9,0,8,0,0,0,0,1,1,6,2,75,10,1240,1,6,3,1
201401XD80743,1,2,0,18,0,0,0,11,0,0,1,1,6,1,28,6,50,1,1,2,1
201401XD80744,1,19,0,5,0,0,0,0,0,0,3,1,6,1,53,8,-1,-1,-1,5,1
201401XD80744,2,3,0,13,0,0,0,0,0,0,1,1,1,1,29,6,49,1,8,6,1
201401XD80745,1,9,0,18,0,8,0,10,1,2,1,1,6,1,26,6,1400,1,14,4,1
201401XD80746,1,9,0,18,0,8,0,0,0,0,1,1,6,1,38,7,1910,2,10,5,1
201401XD80746,2,9,0,9,0,8,0,0,0,0,1,1,6,1,30,6,1910,2,9,3,1
201401XD80747,1,1,0,5,0,8,0,0,0,0,3,1,6,2,11,3,-1,-1,-1,1,1
201401XD80747,2,9,0,18,0,8,0,0,0,0,1,1,6,3,-1,-1,-1,-1,-1,-1,-1
201401XD80748,1,3,0,18,0,1,0,0,0,0,4,1,2,1,26,6,125,1,6,7,1
201401XD80749,1,9,0,2,0,0,0,0,0,0,1,1,6,1,37,7,1199,1,11,4,1
201401XD80749,2,9,0,1,0,0,0,4,0,0,2,1,6,1,-1,-1,2597,1,14,-1,-1
201401XD80750,1,9,0,18,0,8,0,0,0,0,3,1,6,2,65,9,1597,1,5,6,1
201401XD80750,2,9,0,9,0,8,0,0,0,0,1,1,6,1,-1,-1,1398,1,10,1,1
201401XD80751,1,9,0,18,0,0,0,0,0,0,0,1,1,2,30,6,1968,2,3,1,1
201401XD80751,2,20,0,18,0,0,0,0,0,0,0,1,1,1,-1,-1,3920,2,7,-1,-1
201401XD80752,1,19,0,18,0,8,0,0,0,0,1,1,1,1,40,7,-1,-1,-1,5,1
201401XD80752,2,9,0,7,0,8,0,0,0,0,1,1,1,1,44,7,2993,2,2,5,1
201401XD80753,1,9,0,9,0,8,0,0,0,0,4,1,6,1,38,7,1497,8,6,4,1
201401XD80753,2,3,0,18,0,8,0,0,0,0,1,1,6,1,18,4,125,1,2,6,1
201401XD80755,1,9,0,9,0,8,0,10,1,10,1,1,6,2,-1,-1,1596,1,2,-1,-1
201401XD80756,1,11,0,2,0,1,0,0,0,0,0,1,1,1,47,8,4500,2,6,3,1
201401XD80757,1,1,0,9,0,8,0,0,0,0,2,1,6,1,18,4,-1,-1,-1,6,1
201401XD80757,2,9,0,5,0,8,0,0,0,0,1,1,6,1,-1,-1,1598,1,4,-1,-1