Accident_Index,Vehicle_Reference,Vehicle_Type,Towing_and_Articulation,Vehicle_Manoeuvre,Vehicle_Location-Restricted_Lane,Junction_Location,Skidding_and_Overturning,Hit_Object_in_Carriageway,Vehicle_Leaving_Carriageway,Hit_Object_off_Carriageway,1st_Point_of_Impact,Was_Vehicle_Left_Hand_Drive?,Journey_Purpose_of_Driver,Sex_of_Driver,Age_of_Driver,Age_Band_of_Driver,Engine_Capacity_(CC),Propulsion_Code,Age_of_Vehicle,Driver_IMD_Decile,Driver_Home_Area_Type
201401XD80758,1,9,0,4,0,8,0,0,0,0,2,1,6,1,36,7,1753,2,7,4,1
201401XD80758,2,8,0,4,0,1,0,0,0,0,2,1,6,1,72,10,2664,2,15,7,1
201401XD80758,3,9,0,18,0,8,0,0,0,0,1,1,6,2,26,6,1598,1,4,-1,1
201401XD80759,1,11,0,4,0,8,0,0,0,0,0,1,1,1,43,7,-1,-1,-1,-1,-1
201401XD80760,1,9,0,1,0,8,0,0,0,0,2,1,6,2,29,6,2143,2,1,6,1
201401XD80762,1,9,0,9,0,8,0,0,0,0,2,1,6,1,34,6,-1,-1,-1,8,1
201401XD80762,2,19,0,18,0,8,0,0,0,0,1,1,6,2,34,6,2300,2,10,10,1
201401XD80763,1,9,0,7,0,8,0,0,0,0,3,1,6,1,48,8,-1,-1,-1,10,1
201401XD80763,2,9,0,18,0,8,0,0,0,0,1,1,6,2,41,7,1796,1,8,5,1
201401XD80764,1,11,0,2,0,0,0,0,0,0,0,1,1,1,61,9,7300,2,11,10,1
201401XD80765,1,5,0,18,0,1,0,0,0,0,4,1,6,1,24,5,998,1,5,2,1
201401XD80766,1,9,0,3,0,0,0,0,0,0,2,1,6,1,23,5,2494,1,12,5,1
201401XD80766,2,9,0,3,0,0,0,0,0,0,2,1,6,1,32,6,3498,1,11,7,1
201401XD80766,3,19,0,4,0,0,0,0,0,0,1,1,1,1,-1,-1,1896,2,4,-1,-1
201401XD80767,1,5,0,18,0,0,0,0,1,0,1,1,1,1,39,7,1255,1,6,8,1
201401XD80767,2,19,0,11,0,0,0,0,0,0,4,1,1,1,-1,-1,2198,2,7,5,1
201401XD80768,1,9,0,2,0,0,0,0,0,0,3,1,6,1,-1,-1,1794,1,8,2,1
201401XD80768,2,1,0,18,0,0,0,4,0,0,1,1,6,2,25,5,-1,-1,-1,7,1
201401XD80769,1,9,0,7,0,1,0,0,0,0,4,1,6,2,30,6,1598,1,7,2,1
201401XD80769,2,5,0,18,0,1,0,0,0,0,3,1,6,1,33,6,599,1,12,3,1
201401XD80770,1,9,0,9,0,8,0,0,0,0,4,1,6,1,49,8,1998,1,8,5,1
201401XD80770,2,8,0,18,0,8,0,0,0,0,1,1,1,1,26,6,-1,-1,-1,5,1
201401XD80771,1,9,0,18,0,1,0,0,0,0,4,1,6,2,64,9,2597,1,11,9,1
201401XD80772,1,11,0,3,0,8,0,0,0,0,0,1,1,1,22,5,9000,2,4,2,1
201401XD80774,1,9,0,3,0,1,0,0,0,0,2,1,6,1,26,6,1686,2,3,1,1
201401XD80774,2,9,0,4,0,1,0,0,0,0,1,1,6,2,-1,-1,2295,1,14,-1,-1
201401XD80775,1,1,0,18,0,0,0,0,0,0,3,1,6,1,60,9,-1,-1,-1,2,1
201401XD80775,2,8,0,13,0,0,0,0,0,0,4,1,6,3,-1,-1,-1,-1,-1,-1,-1
201401XD80776,1,9,0,3,0,0,0,0,0,0,3,1,6,2,31,6,1595,1,8,8,1
201401XD80776,2,5,0,11,0,0,0,0,0,0,1,1,6,1,25,5,649,1,7,5,1
201401XD80777,1,9,0,4,0,2,0,0,0,0,2,1,6,2,37,7,1598,2,1,6,1
201401XD80777,2,9,0,4,0,2,0,0,0,0,1,1,6,1,-1,-1,998,1,14,9,1
201401XD80778,1,9,0,9,0,1,0,0,0,0,3,1,6,2,41,7,1198,1,12,2,1
201401XD80778,2,2,0,13,0,1,0,0,0,0,1,1,6,1,-1,-1,124,1,3,3,1
201401XD80779,1,5,0,18,0,8,0,0,0,0,1,1,6,1,26,6,652,1,2,4,1
201401XD80781,1,9,0,4,0,0,0,7,1,0,2,1,6,1,22,5,1998,1,9,9,1
201401XD80781,2,9,0,18,0,0,0,7,1,0,1,1,6,1,-1,-1,998,1,1,-1,-1
201401XD80782,1,9,0,3,0,0,0,0,0,0,2,1,6,1,49,8,1595,1,2,4,1
201401XD80782,2,9,0,18,0,0,0,0,0,0,1,1,6,1,-1,-1,1388,1,11,-1,-1
201401XD80783,1,1,0,18,0,8,0,0,0,0,3,1,6,1,57,9,-1,-1,-1,6,1
201401XD80783,2,9,0,13,0,8,0,0,0,0,4,1,6,1,49,8,-1,-1,-1,3,1
201401XD80784,1,9,0,18,0,8,0,0,0,0,1,1,6,1,64,9,998,1,18,5,1
201401XD80784,2,1,0,9,0,6,0,0,0,0,4,1,6,1,25,5,-1,-1,-1,3,1
201401XD80785,1,9,0,3,0,0,0,0,0,0,2,1,6,2,45,7,1598,1,7,2,1
201401XD80785,2,9,0,4,0,0,0,0,0,0,1,1,6,3,-1,-1,-1,-1,-1,-1,-1
201401XD80786,1,19,0,3,0,8,0,0,0,0,2,1,2,1,42,7,1248,2,2,3,1
201401XD80786,2,9,0,18,0,8,0,0,0,0,1,1,2,1,33,6,1995,2,1,4,1
201401XD80787,1,4,0,4,2,1,1,0,0,0,0,1,1,1,25,5,-1,-1,-1,5,1
201401XD80787,2,9,0,11,2,1,0,0,0,0,0,1,6,1,-1,-1,-1,-1,-1,-1,-1
201401XD80788,1,9,0,7,0,5,0,0,0,0,2,1,1,1,35,6,1390,1,11,4,1
201401XD80788,2,9,0,5,0,8,0,0,0,0,1,1,6,2,63,9,1598,1,8,2,1
201401XD80789,1,19,0,18,0,8,0,0,0,0,1,1,6,1,54,8,-1,-1,-1,3,1
201401XD80789,2,9,0,9,0,6,0,0,0,0,3,1,6,2,59,9,-1,-1,-1,-1,-1
201401XD80790,1,2,0,18,0,0,0,0,0,0,1,1,2,1,36,7,49,1,5,3,1
201401XD80791,1,9,0,18,0,8,0,0,0,0,3,1,6,1,39,7,-1,-1,-1,7,1
201401XD80791,2,9,0,18,0,8,0,0,0,0,1,1,6,1,21,5,1595,1,7,3,1
201401XD80793,1,9,0,9,0,5,0,0,1,10,1,1,6,2,32,6,1997,2,7,5,1
201401XD80793,2,9,0,18,0,8,0,0,0,0,3,1,6,1,37,7,1998,1,8,5,1
201401XD80794,1,8,0,18,0,0,0,0,7,1,4,1,6,1,41,7,1968,2,3,5,1
201401XD80794,2,9,0,15,0,0,0,0,0,0,3,1,6,1,-1,-1,-1,-1,-1,-1,-1
201401XD80795,1,9,0,7,0,0,0,0,0,0,1,1,6,1,52,8,2987,2,9,5,1
201401XD80795,2,9,0,14,0,0,0,0,0,0,1,1,4,2,36,7,1910,2,8,2,1
201401XD80796,1,9,0,10,0,1,0,0,0,0,2,1,6,1,48,8,1997,2,2,5,1
201401XD80796,2,9,0,18,0,1,0,0,0,0,1,1,6,2,-1,-1,1995,1,6,-1,-1
201401XD80798,1,9,0,18,0,8,0,10,1,10,1,1,6,2,45,7,1598,1,7,2,1
201401XD80799,1,9,0,18,0,0,0,0,0,0,4,1,6,1,44,7,2179,2,2,9,1
201401XD80799,2,9,0,18,0,0,1,0,0,0,4,1,6,1,23,5,1598,2,2,-1,-1
201401XD80799,3,9,0,18,0,0,0,0,0,0,3,1,6,3,-1,-1,-1,-1,-1,-1,-1
201401XD80800,1,5,0,16,0,0,0,0,0,0,0,1,6,1,26,6,749,1,1,7,1
201401XD80801,1,9,0,18,0,0,0,4,1,10,1,1,6,1,41,7,1970,1,12,6,1
201401XD80801,2,9,0,2,0,0,0,0,0,0,3,1,6,1,65,9,1590,1,16,6,1
201401XD80804,1,9,0,9,0,8,0,0,0,0,3,1,2,1,34,6,4806,1,6,4,1
201401XD80804,2,5,0,13,0,8,0,0,0,0,1,1,2,1,29,6,998,1,2,6,1
201401XD80806,1,9,0,18,0,8,0,0,0,0,1,1,6,1,-1,-1,-1,-1,-1,-1,-1
201401XD80807,1,9,0,18,0,0,0,10,1,10,1,1,1,2,31,6,-1,-1,-1,5,1
201401XD80808,1,9,0,18,0,1,0,0,0,0,4,1,6,1,31,6,1995,2,9,6,1
201401XD80808,2,9,0,15,0,1,0,0,0,0,3,1,6,1,-1,-1,-1,-1,-1,-1,-1
201401XD80809,1,9,0,7,0,5,0,0,0,0,1,1,6,2,-1,-1,-1,-1,-1,-1,-1
201401XD80809,2,1,0,18,9,8,0,0,0,0,4,1,6,2,52,8,-1,-1,-1,-1,-1
201401XD80810,1,9,0,3,0,8,0,0,0,0,2,1,6,1,39,7,1900,2,14,3,1
201401XD80810,2,9,0,5,0,8,0,0,0,0,1,1,6,1,44,7,1598,1,13,4,1
201401XD80811,1,9,0,4,0,0,0,0,0,0,1,1,6,1,51,8,1596,1,9,6,1
201401XD80812,1,9,0,18,0,0,0,0,1,1,1,1,6,2,31,6,1796,1,5,4,1
201401XD80813,1,1,0,18,0,8,0,0,0,0,1,1,6,1,31,6,-1,-1,-1,4,1
201401XD80813,2,9,0,9,0,5,0,0,0,0,4,1,6,3,-1,-1,1997,1,13,-1,-1
201401XD80815,1,9,0,9,0,5,0,0,0,0,3,1,6,1,37,7,1968,2,5,4,1
201401XD80815,2,9,0,13,0,8,0,0,0,0,1,1,6,1,-1,-1,-1,-1,-1,-1,-1
201401XD80816,1,9,0,7,0,8,0,0,0,0,1,1,6,1,38,7,1999,1,7,4,1
201401XD80817,1,9,0,3,0,2,0,0,0,0,2,1,6,2,-1,-1,1595,1,8,2,1
201401XD80817,2,9,0,18,0,2,0,0,0,0,1,1,6,3,-1,-1,2996,1,7,-1,-1
201401XD80818,1,9,0,12,0,0,0,0,0,0,1,1,6,1,-1,-1,1970,1,11,3,1
201401XD80818,2,19,0,18,0,0,0,0,0,0,2,1,1,1,34,6,1248,2,3,-1,-1
201401XD80819,1,9,0,10,0,1,0,0,0,0,2,1,6,1,47,8,-1,-1,-1,-1,2
201401XD80819,2,9,0,18,0,1,0,0,0,0,1,1,6,1,51,8,1596,1,5,2,1
201401XD80820,1,9,0,18,0,0,0,0,0,0,1,1,6,1,24,5,3200,1,8,3,1
201401XD80820,2,9,0,18,0,0,0,0,0,0,2,1,6,1,24,5,1328,1,5,8,3
201401XD80821,1,9,0,9,0,8,0,0,0,0,4,1,2,1,49,8,2188,2,8,7,1
201401XD80821,2,1,0,18,0,8,0,0,0,0,1,1,2,1,50,8,-1,-1,-1,-1,-1
201401XD80822,1,9,0,1,0,0,0,0,0,0,2,1,1,1,-1,-1,1997,2,1,-1,-1
201401XD80824,1,9,0,18,0,8,0,0,0,0,3,1,6,1,54,8,2494,1,12,3,1
201401XD80824,2,9,0,6,0,8,0,0,0,0,1,1,6,1,-1,-1,1896,2,16,-1,-1
201401XD80825,1,9,0,18,0,8,0,0,0,0,1,1,6,1,-1,-1,1762,1,16,5,1
201401XD80826,1,8,0,4,0,0,0,0,0,0,0,1,1,1,-1,-1,-1,-1,-1,-1,-1
201401XD80827,1,9,0,18,0,8,0,0,0,0,1,1,1,1,39,7,-1,-1,-1,5,1
201401XD80827,2,9,0,9,0,5,0,0,0,0,4,1,6,2,20,4,1398,1,11,3,1
201401XD80828,1,9,0,9,0,5,0,0,0,0,1,1,1,1,41,7,1582,2,4,3,1
201401XD80828,2,9,0,18,2,8,0,0,0,0,3,1,1,1,34,6,1956,2,1,5,1
201401XD80829,1,9,0,9,0,8,0,10,7,0,3,1,6,2,32,6,1360,1,10,-1,-1
201401XD80829,2,9,0,13,0,8,0,0,0,0,1,1,6,1,27,6,1390,1,9,4,1
201401XD80830,1,1,0,18,0,0,0,0,0,0,2,1,6,1,15,3,-1,-1,-1,3,1
201401XD80830,2,9,0,18,0,0,0,0,0,0,1,1,6,3,-1,-1,-1,-1,-1,-1,-1
201401XD80831,1,9,0,6,0,0,0,0,0,0,1,1,6,1,35,6,1995,2,1,3,1
201401XD80831,2,2,0,18,0,0,0,0,0,0,1,1,6,1,30,6,-1,-1,-1,5,1
201401XD80832,1,3,0,17,0,8,0,0,0,0,1,1,6,1,20,4,125,1,-1,6,1
201401XD80833,1,9,0,18,0,8,0,0,0,0,4,1,2,1,42,7,2401,2,6,7,1
201401XD80833,2,9,0,7,0,8,0,0,0,0,1,1,2,2,38,7,2499,1,6,4,1
201401XD80834,1,9,0,4,0,8,0,0,0,0,1,1,6,1,23,5,-1,-1,-1,3,1
201401XD80834,2,9,0,18,0,8,0,0,0,0,1,1,6,2,22,5,-1,-1,-1,-1,-1
201401XD80834,3,9,0,18,0,8,0,0,0,0,2,1,6,1,-1,-1,-1,-1,-1,-1,-1
201401XD80836,1,9,0,18,0,8,0,0,0,0,1,1,6,2,-1,-1,1999,1,11,5,1
201401XD80836,2,9,0,9,0,8,0,0,0,0,4,1,1,1,-1,-1,1598,2,3,5,1
201401XD80837,1,9,0,18,0,8,0,0,0,0,3,1,6,1,44,7,1392,1,16,6,1
201401XD80837,2,9,3,5,0,6,0,0,0,0,1,1,6,1,-1,-1,-1,-1,-1,-1,-1
201401XD80838,1,9,0,18,0,1,0,0,0,0,4,1,6,1,36,7,1598,1,2,4,1
201401XD80839,1,19,0,9,0,8,0,0,0,0,3,1,6,1,57,9,1753,2,8,1,1
201401XD80839,2,5,0,13,0,8,0,0,0,0,4,1,6,1,36,7,1085,1,18,7,1
201401XD80840,1,9,0,11,0,0,0,0,0,0,1,1,6,1,37,7,1390,1,2,6,1
201401XD80840,2,19,0,2,0,0,0,0,0,0,2,1,6,3,-1,-1,-1,-1,-1,-1,-1
201401XD80841,1,9,0,18,0,0,0,0,0,0,1,2,2,1,58,9,-1,-1,-1,2,1
201401XD80842,1,9,0,18,0,0,0,4,0,0,1,1,6,1,59,9,1598,1,5,3,1
201401XD80842,2,9,0,2,0,0,0,0,0,0,3,1,6,1,41,7,1560,2,2,4,1
201401XD80843,1,9,0,18,0,0,0,7,8,1,1,1,2,1,26,6,1229,1,3,2,1
201401XD80844,1,9,0,10,0,8,0,0,0,0,2,1,6,2,47,8,1910,2,8,6,1
201401XD80844,2,9,0,10,0,8,0,0,0,0,2,1,6,2,46,8,1560,2,2,1,1
201401XD80844,3,9,0,18,0,1,0,0,0,0,1,1,6,2,53,8,1329,1,1,6,1
201401XD80846,1,9,0,5,0,0,0,0,0,0,1,1,6,1,42,7,1910,2,4,5,1
201401XD80846,2,9,0,13,0,0,0,0,0,0,4,1,6,1,-1,-1,3498,1,14,3,1
201401XD80848,1,8,0,5,0,0,0,0,0,0,3,1,1,1,25,5,1997,2,-1,5,1
201401XD80849,1,9,0,2,0,0,0,0,0,0,3,1,1,1,66,10,1896,2,4,-1,1
201401XD80849,2,9,0,17,0,0,0,8,0,0,1,1,6,1,31,6,-1,-1,-1,4,1
201401XD80850,1,9,0,18,0,1,0,0,0,0,1,1,6,2,23,5,1198,1,7,9,1
201401XD80850,2,9,0,18,0,1,0,0,0,0,2,1,6,1,71,10,1797,8,3,7,1
201401XD80851,1,9,0,9,0,6,0,0,0,0,1,1,6,1,21,5,1364,1,5,5,1
201401XD80851,2,9,0,4,0,8,1,0,7,10,4,1,6,1,21,5,1229,1,1,1,1
201401XD80852,1,9,0,18,0,8,0,0,0,0,1,1,6,1,37,7,-1,-1,-1,1,1
201401XD80852,2,9,0,9,0,8,0,0,0,0,3,1,6,2,36,7,1275,1,15,5,1
201401XD80853,1,9,0,18,0,0,0,0,0,0,1,1,6,1,53,8,3697,1,12,9,2
201401XD80853,2,9,0,18,0,0,0,0,5,6,2,1,6,1,54,8,2993,2,8,10,1
201401XD80854,1,1,0,18,0,8,0,0,0,0,1,1,6,1,34,6,-1,-1,-1,4,1
201401XD80854,2,9,0,9,0,8,0,0,0,0,3,1,6,1,-1,-1,-1,-1,-1,-1,-1
201401XD80856,1,9,0,18,0,1,0,0,0,0,4,1,6,1,21,5,1598,1,10,7,1
201401XD80858,1,19,0,18,0,0,0,0,0,0,3,1,6,1,51,8,1461,2,9,3,1
201401XD80858,2,9,0,18,0,0,0,0,0,0,3,1,6,1,66,10,2143,2,1,4,1
201401XD80859,1,9,0,9,0,8,0,0,0,0,3,1,2,2,35,6,2000,2,10,9,1
201401XD80859,2,1,0,18,0,8,0,0,0,0,1,1,2,1,40,7,-1,-1,-1,4,1
201401XD80860,1,9,0,3,0,0,0,0,0,0,2,1,6,1,39,7,1998,1,3,2,1
201401XD80860,2,9,0,3,0,0,0,0,0,0,2,1,2,1,59,9,2290,1,15,6,1
201401XD80860,3,9,0,18,0,0,0,0,0,0,1,1,6,1,28,6,1086,1,11,3,1
201401XD80861,1,9,0,18,0,8,0,0,0,0,4,1,6,2,42,7,-1,-1,-1,3,1
201401XD80861,2,9,0,18,0,8,0,0,0,0,1,1,6,2,26,6,1598,1,2,6,1
201401XD80863,1,1,0,14,0,0,0,8,0,0,1,1,6,1,50,8,-1,-1,-1,8,1
201401XD80863,2,9,0,3,0,0,0,0,0,0,3,1,6,2,-1,-1,1896,2,8,-1,-1
201401XD80864,1,1,0,18,0,2,0,8,0,0,1,1,6,1,20,4,-1,-1,-1,3,1
201401XD80864,2,9,0,2,0,2,0,0,0,0,3,1,6,3,-1,-1,1998,1,11,-1,-1
201401XD80865,1,9,0,9,0,8,0,0,0,0,1,1,6,1,50,8,1796,1,9,2,1
201401XD80865,2,1,0,18,0,8,0,0,0,0,3,1,6,1,33,6,-1,-1,-1,6,1
201401XD80866,1,9,0,9,0,8,0,0,0,0,1,1,6,1,40,7,-1,-1,-1,-1,-1
201401XD80866,2,1,0,18,0,8,0,0,0,0,1,1,6,1,37,7,-1,-1,-1,2,1
201401XD80868,1,9,0,18,0,0,0,0,0,0,1,1,6,2,23,5,1791,8,2,3,1
201401XD80868,2,8,0,4,0,0,0,0,0,0,2,1,6,1,44,7,2179,2,5,4,1
201401XD80870,1,9,0,17,0,8,0,0,0,0,1,1,6,1,25,5,2143,2,3,7,1
201401XD80870,2,9,0,18,0,8,0,0,0,0,1,1,6,1,38,7,-1,-1,-1,3,1
201401XD80871,1,9,0,1,0,2,0,0,0,0,2,1,6,2,29,6,2494,1,10,3,1
201401XD80872,1,9,0,7,0,8,0,0,0,0,4,1,6,1,29,6,-1,-1,-1,4,1
201401XD80872,2,11,0,18,0,8,0,0,0,0,3,1,1,1,45,7,8268,2,11,4,1
201401XD80875,1,8,0,2,0,0,0,0,0,0,2,1,1,1,40,7,1753,2,7,5,1
201401XD80875,2,9,0,18,0,0,0,0,0,0,1,1,6,2,61,9,1242,1,13,2,1
201401XD80876,1,9,0,6,0,0,0,0,0,0,3,1,6,1,50,8,1596,1,11,3,1
201401XD80876,2,3,0,18,0,0,0,0,0,0,1,1,6,1,17,4,125,1,11,3,1
201401XD80877,1,1,0,18,0,8,0,0,0,0,4,1,6,2,39,7,-1,-1,-1,2,1
201401XD80877,2,9,0,9,0,6,0,0,0,0,1,1,6,1,-1,-1,-1,-1,-1,-1,-1
201401XD80879,1,3,0,13,0,8,0,0,0,0,1,1,6,1,46,8,125,1,6,2,1
201401XD80879,2,19,0,9,0,8,0,0,0,0,3,1,6,1,40,7,-1,-1,-1,5,3
201401XD80880,1,9,0,18,0,8,0,0,0,0,1,1,6,2,49,8,1995,2,-1,8,1
201401XD80880,2,9,0,7,0,5,0,0,0,0,4,1,6,1,46,8,2993,2,2,8,1
201401XD80882,1,3,0,18,0,0,0,0,0,0,1,1,6,1,40,7,125,1,1,6,1
201401XD80882,2,19,0,18,0,0,0,0,0,0,2,1,6,1,39,7,2464,2,5,-1,-1
201401XD80883,1,1,0,18,0,0,0,4,0,0,1,1,6,1,39,7,-1,-1,-1,4,1
201401XD80883,2,9,0,2,0,0,0,0,0,0,2,1,6,3,-1,-1,-1,-1,-1,-1,-1
201401XD80884,1,9,0,11,0,1,0,0,0,0,2,1,6,1,26,6,1984,1,7,-1,-1
201401XD80884,2,19,0,18,0,1,0,0,0,0,1,1,6,1,23,5,-1,-1,-1,-1,-1
201401XD80884,3,9,0,4,0,1,0,0,0,0,2,1,6,1,63,9,-1,-1,-1,-1,-1
201401XD80886,1,5,0,13,0,8,0,0,0,0,4,1,6,1,53,8,599,1,10,-1,-1
201401XD80886,2,9,0,9,0,8,0,0,0,0,3,1,6,1,49,8,-1,-1,-1,-1,-1
201401XD80887,1,19,0,9,0,8,0,0,0,0,3,1,6,1,34,6,2148,2,7,6,1
201401XD80887,2,3,0,13,0,8,0,0,0,0,4,1,6,1,34,6,125,1,-1,2,1
201401XD80888,1,5,0,18,0,8,0,0,0,0,1,1,6,2,30,6,-1,-1,-1,-1,-1
201401XD80888,2,9,0,9,0,8,0,0,0,0,1,1,6,1,31,6,1968,2,1,3,1
201401XD80890,1,9,0,4,0,0,0,0,0,0,2,1,6,1,64,9,-1,-1,-1,6,1
201401XD80890,2,11,0,4,0,0,0,0,0,0,1,1,1,1,39,7,-1,-1,-1,10,2
201401XD80891,1,8,0,18,0,8,0,0,0,0,4,1,1,1,29,6,1598,1,1,4,1
201401XD80891,2,9,0,7,0,8,0,0,0,0,1,1,6,1,-1,-1,-1,-1,-1,-1,-1
201401XD80892,1,9,0,18,0,8,0,0,0,0,1,1,6,2,26,6,1240,1,10,6,1
201401XD80892,2,9,0,9,0,8,0,0,0,0,1,1,6,1,-1,-1,2494,1,14,3,1
201401XD80893,1,9,0,2,0,0,0,0,0,0,3,1,6,1,37,7,1968,2,2,3,1
201401XD80893,2,1,0,18,0,0,0,0,0,0,1,1,6,1,38,7,-1,-1,-1,4,1
201401XD80894,1,9,0,18,0,8,0,0,0,0,1,1,6,3,-1,-1,5379,1,16,-1,-1
201401XD80894,2,1,0,9,0,8,0,0,0,0,4,1,2,1,26,6,-1,-1,-1,6,1
201401XD80895,1,9,0,18,2,8,0,0,0,0,4,1,6,2,25,5,1199,1,12,4,1
201401XD80895,2,3,0,5,0,8,0,0,0,0,1,1,6,1,22,5,124,1,6,-1,1
201401XD80896,1,9,0,1,0,1,0,0,0,0,2,1,6,1,28,6,1968,2,2,3,1
201401XD80896,2,3,0,11,0,1,0,0,0,0,1,1,6,1,32,6,124,1,7,4,1
201401XD80897,1,9,0,18,0,1,0,0,0,0,1,1,6,2,22,5,1598,1,-1,7,1
201401XD80897,2,9,0,4,0,1,0,0,0,0,2,1,1,1,40,7,2993,2,4,-1,1
201401XD80898,1,8,0,18,0,0,1,10,1,10,3,1,1,1,35,6,1753,2,4,3,1
201401XD80898,2,9,0,18,0,0,0,10,7,2,3,1,2,1,31,6,1598,1,11,3,1
201401XD80900,1,5,0,13,0,8,0,0,0,0,1,1,6,1,55,8,1200,1,17,2,1
201401XD80900,2,9,0,9,0,8,0,0,0,0,3,1,6,2,47,8,1390,1,5,5,1
201401XD80901,1,9,0,4,0,3,0,0,0,0,2,1,6,2,32,6,1360,1,8,3,1
201401XD80901,2,9,0,18,0,3,0,0,0,0,1,1,6,1,-1,-1,1956,2,2,-1,-1
201401XD80902,1,9,0,9,0,8,0,0,0,0,1,1,6,2,34,6,1198,1,7,5,1
201401XD80902,2,3,0,18,0,8,0,0,0,0,1,1,6,1,28,6,125,1,8,7,1
201401XD80903,1,1,0,9,0,8,0,0,0,0,1,1,6,1,17,4,-1,-1,-1,5,1
201401XD80903,2,9,0,18,0,8,0,0,0,0,1,1,6,1,-1,-1,-1,-1,-1,-1,-1
201401XD80905,1,9,0,9,0,1,0,0,0,0,3,1,2,2,-1,-1,1598,1,12,6,1
201401XD80906,1,9,0,18,0,0,0,0,0,0,3,1,6,2,30,6,1896,2,4,5,1
201401XD80906,2,3,0,18,0,0,0,0,0,0,4,1,6,1,30,6,125,1,9,9,1
201401XD80907,1,9,0,1,0,0,0,0,0,0,3,1,6,1,61,9,1242,1,-1,4,1
201401XD80907,2,9,0,18,0,0,0,0,0,0,1,1,6,2,-1,-1,1388,1,8,-1,-1
201401XD80908,1,9,0,9,0,8,0,0,0,0,3,1,6,2,45,7,1229,1,2,4,1
201401XD80908,2,5,0,14,0,8,0,0,0,0,1,1,6,1,52,8,670,1,2,6,1
201401XD80909,1,9,0,18,0,0,0,0,0,0,1,1,6,1,-1,-1,-1,-1,-1,-1,-1
201401XD80910,1,11,0,4,0,8,0,0,0,0,0,1,1,1,-1,-1,6700,2,2,-1,-1
201401XD80912,1,9,0,5,0,0,0,0,0,0,3,1,6,1,25,5,1596,1,9,2,1
201401XD80912,2,3,0,18,0,0,0,0,0,0,1,1,6,1,23,5,124,1,12,3,1
201401XD80913,1,3,0,18,0,0,0,0,0,0,1,1,2,1,30,6,124,1,11,6,1
201401XD80913,2,9,0,6,0,0,0,0,0,0,3,1,1,1,-1,-1,1997,2,6,4,1
201401XD80915,1,9,0,7,0,8,0,0,0,0,1,1,6,2,33,6,1596,1,10,4,1
201401XD80916,1,11,0,10,0,8,0,0,0,0,2,1,6,1,36,7,4500,2,3,7,1
201401XD80916,2,9,0,18,0,1,0,0,0,0,1,1,6,1,18,4,1781,1,12,3,1
201401XD80918,1,9,0,3,0,0,0,0,0,0,2,1,6,1,56,9,1339,8,4,3,1
201401XD80918,2,9,0,18,0,0,0,0,0,0,1,1,6,1,26,6,1390,1,11,4,1
201401XD80919,1,9,0,6,0,8,0,0,0,0,3,1,6,1,58,9,1995,2,-1,-1,-1
201401XD80919,2,4,0,18,0,8,0,0,0,0,1,1,6,1,38,7,278,1,-1,9,1
201401XD80920,1,9,0,8,0,8,0,0,0,0,2,1,6,2,45,7,1896,2,12,6,1
201401XD80920,2,9,0,18,0,8,0,0,0,0,1,1,6,1,47,8,4367,2,3,7,1
201401XD80921,1,1,0,18,0,0,0,0,0,0,2,1,6,1,25,5,-1,-1,-1,8,1
201401XD80921,2,9,0,13,0,0,0,0,0,0,1,1,6,1,58,9,2170,2,9,4,1
201401XD80922,1,19,0,3,0,8,0,0,0,0,2,1,6,1,36,7,1995,2,1,8,1
201401XD80922,2,9,0,18,0,1,0,0,0,0,1,1,6,1,-1,-1,2720,2,9,-1,-1
201401XD80922,3,9,0,3,0,8,0,0,0,0,2,1,6,3,-1,-1,-1,-1,-1,-1,-1
201401XD80924,1,4,0,17,0,0,0,0,0,0,1,1,6,1,42,7,499,1,8,10,1
201401XD80924,2,11,0,2,0,0,0,0,0,0,0,1,1,1,32,6,9360,2,4,5,1
201401XD80925,1,11,0,18,0,8,0,0,0,0,4,1,6,1,-1,-1,9360,2,3,5,1
201401XD80926,1,9,0,18,0,8,0,0,0,0,1,1,6,1,19,4,1388,1,4,6,1
201401XD80926,2,9,0,4,0,8,0,0,0,0,2,1,6,1,71,10,-1,-1,-1,2,1
201401XD80927,1,9,0,9,0,8,0,0,0,0,1,1,6,1,39,7,1781,1,19,6,1
201401XD80927,2,5,0,18,0,8,0,0,0,0,1,1,6,1,60,9,1170,1,10,4,1
201401XD80929,1,9,0,9,0,8,0,0,0,0,1,1,6,1,22,5,1598,1,5,4,1
201401XD80930,1,9,0,9,0,8,0,10,3,10,1,1,6,2,55,8,1360,1,11,3,1
201401XD80931,1,1,0,18,0,2,0,0,0,0,1,1,6,1,24,5,-1,-1,-1,1,1
201401XD80933,1,9,0,18,0,8,0,0,0,0,3,1,6,1,-1,-1,-1,-1,-1,-1,-1
201401XD80934,1,1,0,18,0,8,0,0,0,0,4,1,6,1,27,6,-1,-1,-1,4,1
201401XD80934,2,9,0,9,0,8,0,0,0,0,1,1,6,3,-1,-1,-1,-1,-1,-1,-1
201401XD80935,1,9,0,13,0,2,0,0,0,0,4,1,6,1,37,7,1598,2,3,6,1
201401XD80935,2,9,0,14,0,2,0,0,0,0,3,1,6,1,28,6,2204,2,10,4,1
201401XD80938,1,9,0,18,0,8,0,10,4,6,1,1,6,1,25,5,1560,2,1,3,1
201401XD80938,2,9,0,18,0,8,0,10,0,0,1,1,6,1,47,8,1997,2,7,-1,1
201401XD80939,1,9,0,18,0,0,0,0,0,0,1,1,6,1,54,8,2793,1,16,9,1
201401XD80939,2,9,0,4,0,0,0,0,0,0,2,1,6,2,22,5,998,1,1,4,1
201401XD80941,1,9,0,9,0,8,0,0,0,0,4,1,6,2,33,6,1248,2,3,6,1