Accident_Index,Vehicle_Reference,Vehicle_Type,Towing_and_Articulation,Vehicle_Manoeuvre,Vehicle_Location-Restricted_Lane,Junction_Location,Skidding_and_Overturning,Hit_Object_in_Carriageway,Vehicle_Leaving_Carriageway,Hit_Object_off_Carriageway,1st_Point_of_Impact,Was_Vehicle_Left_Hand_Drive?,Journey_Purpose_of_Driver,Sex_of_Driver,Age_of_Driver,Age_Band_of_Driver,Engine_Capacity_(CC),Propulsion_Code,Age_of_Vehicle,Driver_IMD_Decile,Driver_Home_Area_Type
201401XD80941,2,3,0,18,0,8,0,0,0,0,1,1,6,1,32,6,108,1,3,1,1
201401XD80942,1,9,0,4,0,8,0,0,0,0,2,1,6,1,33,6,998,1,7,7,1
201401XD80942,2,19,0,18,0,8,0,0,0,0,1,1,1,1,25,5,2148,2,8,3,1
201401XD80943,1,9,0,8,0,8,0,0,0,0,0,1,6,2,42,7,-1,-1,-1,1,1
201401XD80943,2,1,0,18,0,8,0,0,0,0,0,1,6,2,24,5,-1,-1,-1,6,1
201401XD80944,1,9,0,4,0,0,0,0,0,0,1,1,6,1,36,7,1598,1,8,6,1
201401XD80944,2,9,0,4,0,0,0,0,0,0,1,1,6,1,43,7,1997,2,2,4,1
201401XD80944,3,9,0,18,0,0,0,0,0,0,1,1,6,1,27,6,1199,1,13,4,1
201401XD80945,1,9,0,9,0,8,0,0,0,0,1,1,6,2,31,6,1329,1,-1,-1,-1
201401XD80945,2,9,0,18,0,8,0,0,0,0,4,1,6,1,45,7,1339,8,3,-1,-1
201401XD80947,1,1,0,4,0,0,0,0,0,0,2,1,6,1,10,2,-1,-1,-1,3,1
201401XD80947,2,9,0,18,0,0,0,0,0,0,1,1,6,2,-1,-1,-1,-1,-1,-1,-1
201401XD80948,1,9,0,16,0,8,0,0,0,0,0,1,6,1,-1,-1,-1,-1,-1,-1,-1
201401XD80949,1,21,0,11,0,8,0,0,0,0,4,1,1,1,46,8,10518,2,2,8,3
201401XD80949,2,9,0,18,0,8,0,0,0,0,1,1,6,2,35,6,1598,1,11,3,1
201401XD80950,1,9,0,17,0,8,0,0,0,0,3,1,6,2,51,8,1390,1,11,6,1
201401XD80950,2,9,0,16,0,8,0,0,0,0,4,1,6,1,54,8,2993,2,10,8,3
201401XD80951,1,9,0,13,0,1,0,0,0,0,1,1,6,1,30,6,1398,1,3,4,1
201401XD80951,2,9,0,18,0,2,0,0,0,0,1,1,6,1,57,9,1339,1,6,4,1
201401XD80951,3,9,0,18,0,2,0,0,0,0,3,1,6,1,30,6,2993,2,3,3,1
201401XD80952,1,19,0,18,0,2,0,0,0,0,3,2,1,1,-1,-1,-1,-1,-1,-1,-1
201401XD80953,1,9,0,18,0,8,0,0,0,0,3,1,6,2,45,7,1199,1,12,6,1
201401XD80953,2,1,0,9,0,8,0,0,0,0,1,1,6,1,-1,-1,-1,-1,-1,-1,-1
201401XD80954,1,19,0,13,0,1,0,0,0,0,1,1,6,1,24,5,1968,2,2,-1,-1
201401XD80954,2,9,0,3,0,1,0,0,0,0,2,1,6,2,42,7,1699,1,9,1,1
201401XD80954,3,9,0,3,0,1,0,0,0,0,2,1,6,2,40,7,1995,1,13,2,1
201401XD80955,1,11,0,4,0,2,0,0,0,0,0,1,1,3,-1,-1,6700,2,2,-1,-1
201401XD80956,1,19,0,3,0,0,0,0,0,0,2,1,6,1,41,7,-1,-1,-1,6,1
201401XD80956,2,19,0,3,0,0,0,0,0,0,2,1,6,1,-1,-1,-1,-1,-1,-1,-1
201401XD80956,3,9,0,18,0,0,0,0,0,0,1,1,6,1,-1,-1,-1,-1,-1,-1,-1
201401XD80957,1,9,0,18,0,8,0,10,4,6,2,1,6,1,20,4,1397,1,7,3,1
201401XD80957,2,9,0,12,0,8,0,0,0,0,1,1,6,3,-1,-1,-1,-1,-1,-1,-1
201401XD80958,1,3,0,18,0,8,0,0,0,0,1,1,6,1,41,7,125,1,1,4,1
201401XD80958,2,19,0,6,0,8,0,0,0,0,3,1,6,1,41,7,1968,2,-1,6,1
201401XD80959,1,9,0,4,0,8,0,0,0,0,2,1,6,1,40,7,1998,1,9,1,1
201401XD80959,2,9,0,18,0,8,0,0,0,0,1,1,6,1,32,6,1390,1,5,3,1
201401XD80960,1,9,0,9,0,8,0,0,0,0,1,1,6,1,22,5,1598,1,6,3,1
201401XD80960,2,9,0,18,0,8,0,0,0,0,1,1,6,1,40,7,2979,1,6,-1,-1
201401XD80961,1,9,0,18,0,8,0,0,0,0,3,1,6,1,77,11,1596,1,3,3,1
201401XD80961,2,9,0,9,0,8,0,0,0,0,1,1,6,1,-1,-1,2987,2,6,-1,-1
201401XD80962,1,9,0,16,0,8,0,0,0,0,3,1,6,1,49,8,-1,-1,-1,4,1
201401XD80962,2,9,0,16,0,8,0,0,0,0,4,1,6,1,33,6,1968,2,7,9,1
201401XD80963,1,1,0,18,0,8,0,0,0,0,1,1,6,1,33,6,-1,-1,-1,3,1
201401XD80963,2,9,0,9,0,8,0,0,0,0,4,1,6,1,44,7,1390,1,2,2,1
201401XD80964,1,3,0,9,0,8,0,0,0,0,2,1,6,1,19,4,-1,-1,-1,-1,-1
201401XD80964,2,9,0,18,0,8,0,0,0,0,1,1,6,1,35,6,1797,8,4,3,1
201401XD80965,1,9,0,4,0,8,0,0,0,0,2,1,6,2,33,6,1248,1,5,9,1
201401XD80965,2,19,0,18,0,8,0,0,0,0,1,1,1,1,-1,-1,-1,-1,-1,-1,-1
201401XD80968,1,9,0,9,0,8,0,0,0,0,1,1,6,2,47,8,998,1,2,5,1
201401XD80969,1,9,0,3,0,8,0,0,0,0,2,1,6,1,86,11,1242,1,14,3,1
201401XD80969,2,9,0,18,0,8,0,0,0,0,1,1,6,1,36,7,1997,2,4,2,1
201401XD80970,1,9,0,9,0,8,0,0,0,0,3,1,6,1,42,7,1797,8,3,4,1
201401XD80970,2,5,0,18,0,8,0,0,0,0,1,1,6,1,33,6,599,1,14,6,1
201401XD80972,1,4,0,12,0,8,0,0,0,0,3,1,6,1,40,7,499,1,10,1,1
201401XD80972,2,21,0,18,0,8,0,0,0,0,4,1,1,1,-1,-1,-1,-1,-1,-1,-1
201401XD80973,1,9,0,18,0,8,0,0,0,0,1,1,6,1,28,6,1199,1,11,3,1
201401XD80975,1,19,0,18,0,0,0,0,0,0,1,1,6,3,-1,-1,-1,-1,-1,-1,-1
201401XD80976,1,9,0,9,0,8,0,0,0,0,4,1,6,1,30,6,-1,-1,-1,6,1
201401XD80976,2,5,0,18,0,8,0,0,0,0,1,1,6,1,30,6,1000,1,6,6,1
201401XD80977,1,1,0,18,0,8,0,0,0,0,2,1,6,1,41,7,-1,-1,-1,9,1
201401XD80977,2,9,0,18,0,8,0,0,0,0,1,1,6,1,-1,-1,-1,-1,-1,-1,-1
201401XD80978,1,9,0,9,0,8,0,0,0,0,1,1,6,2,47,8,1339,1,4,2,1
201401XD80978,2,9,0,18,0,8,0,0,0,0,1,1,6,1,34,6,1598,1,11,2,1
201401XD80979,1,9,0,3,0,8,0,0,0,0,1,1,6,1,-1,-1,2149,2,7,3,1
201401XD80979,2,9,0,1,0,8,0,0,0,0,2,1,6,1,-1,-1,1390,1,10,-1,-1
201401XD80981,1,3,0,18,0,8,0,0,0,0,1,1,6,1,27,6,124,1,10,2,1
201401XD80981,2,9,0,9,0,8,0,0,0,0,3,1,6,1,43,7,1985,1,15,4,1
201401XD80982,1,9,0,9,0,8,0,0,0,0,1,1,6,1,38,7,1968,2,-1,1,1
201401XD80985,1,9,0,18,0,0,0,0,0,0,1,1,6,1,65,9,-1,-1,-1,-1,-1
201401XD80986,1,5,0,18,0,0,0,0,0,0,1,1,6,1,25,5,599,1,13,4,1
201401XD80986,2,9,0,12,0,0,0,0,0,0,3,1,6,2,68,10,1598,1,8,6,1
201401XD80987,1,9,0,18,0,8,0,0,0,0,3,1,6,2,27,6,1598,1,13,-1,-1
201401XD80988,1,9,0,3,0,8,0,0,0,0,2,1,6,1,42,7,1390,1,9,6,1
201401XD80988,2,9,0,3,0,8,0,0,0,0,2,1,6,1,34,6,1332,1,18,4,1
201401XD80988,3,9,0,3,0,8,0,0,0,0,2,1,6,1,46,8,1240,1,9,3,1
201401XD80988,4,9,0,18,0,1,0,0,0,0,1,1,6,2,34,6,1598,1,12,2,1
201401XD80989,1,9,0,9,0,8,0,0,0,0,2,1,6,2,46,8,1242,1,1,3,1
201401XD80989,2,9,0,9,0,8,0,0,0,0,2,1,6,1,36,7,2231,2,7,5,1
201401XD80989,3,9,0,18,0,1,0,0,0,0,1,1,6,2,36,7,1796,1,10,1,1
201401XD80990,1,3,0,7,0,8,0,0,0,0,1,1,6,1,30,6,125,1,-1,4,1
201401XD80990,2,9,0,9,0,8,0,0,0,0,1,1,6,1,51,8,1598,2,-1,9,1
201401XD80991,1,9,0,18,0,0,0,0,0,0,3,1,6,2,38,7,1896,2,6,4,1
201401XD80992,1,9,0,18,0,8,0,0,0,0,1,1,6,1,48,8,4197,1,8,4,1
201401XD80992,2,3,0,9,0,8,0,0,0,0,1,1,6,1,-1,-1,124,1,2,-1,-1
201401XD80993,1,9,0,8,0,8,0,0,0,0,2,1,6,1,26,6,1600,1,15,4,1
201401XD80993,2,9,0,7,0,8,0,0,0,0,1,1,6,1,-1,-1,4163,1,2,-1,-1
201401XD80994,1,9,0,18,0,8,0,0,0,0,1,1,6,1,76,11,-1,-1,-1,10,1
201401XD80995,1,9,0,18,0,8,0,0,0,0,1,1,6,2,50,8,1124,1,11,4,1
201401XD80995,2,9,0,2,0,8,0,0,0,0,2,1,6,2,47,8,-1,-1,-1,4,1
201401XD80996,1,19,0,18,0,0,0,0,0,0,1,1,6,1,63,9,1753,2,16,8,1
201401XD80998,1,3,0,9,0,8,0,0,0,0,1,1,6,1,23,5,124,1,-1,-1,1
201401XD80998,2,9,0,9,0,8,0,0,0,0,3,1,6,1,-1,-1,-1,-1,-1,-1,-1
201401XD80999,1,9,0,3,0,8,0,0,0,0,2,1,6,2,48,8,1871,2,11,-1,1
201401XD80999,2,9,0,7,0,8,0,0,0,0,1,1,6,1,31,6,973,1,11,-1,1
201401XD81000,1,9,0,3,0,0,0,0,0,0,2,1,6,1,45,7,1598,1,6,4,1
201401XD81000,2,9,0,18,0,0,0,0,0,0,1,1,6,2,-1,-1,1590,1,12,5,1
201401XD81001,1,11,0,4,0,1,0,0,0,0,0,1,1,1,45,7,4500,2,4,3,1
201401XD81002,1,9,0,7,0,2,0,0,0,0,1,1,6,1,53,8,1560,2,7,2,1
201401XD81002,2,9,0,18,0,2,0,0,0,0,2,1,2,1,-1,-1,1560,2,6,5,1
201401XD81003,1,9,0,9,0,8,0,0,0,0,1,1,6,1,-1,-1,-1,-1,-1,-1,-1
201401XD81003,2,3,0,18,0,8,0,0,0,0,1,1,6,1,31,6,125,1,1,5,1
201401XD81004,1,9,0,18,0,1,0,0,0,0,1,1,6,1,41,7,2993,2,7,-1,1
201401XD81004,2,19,0,10,0,8,0,0,0,0,2,1,1,1,51,8,2148,2,4,10,1
201401XD81005,1,9,0,18,0,8,0,0,0,0,3,1,6,2,28,6,1390,1,4,6,1
201401XD81005,2,90,0,18,0,8,0,0,0,0,1,1,1,1,35,6,6370,2,7,6,3
201401XD81007,1,9,0,18,0,8,0,0,0,0,3,1,6,1,41,7,-1,-1,-1,10,1
201401XD81007,2,9,0,18,0,8,0,0,0,0,1,1,6,2,35,6,-1,-1,-1,1,1
201401XD81008,1,9,0,18,0,0,0,0,0,0,1,1,6,2,30,6,1598,1,6,-1,-1
201401XD81008,2,90,0,18,0,0,0,0,0,0,1,1,6,1,94,11,-1,-1,-1,-1,-1
201401XD81009,1,11,0,5,0,8,0,0,0,0,0,1,1,1,-1,-1,11967,2,6,-1,-1
201401XD81010,1,9,0,7,0,8,0,0,0,0,1,1,6,1,29,6,-1,-1,-1,-1,-1
201401XD81010,2,9,0,1,0,8,0,4,0,0,1,1,6,1,25,5,1242,1,1,2,1
201401XD81010,3,9,0,2,0,8,0,0,0,0,2,1,6,1,35,6,2143,2,2,2,1
201401XD81011,1,9,0,9,0,8,0,0,0,0,1,1,6,2,45,7,1275,1,19,3,1
201401XD81011,2,9,0,18,0,8,0,0,0,0,3,1,6,1,39,7,1781,1,14,5,1
201401XD81012,1,9,0,4,0,0,0,0,0,0,2,1,6,1,50,8,1769,1,11,6,1
201401XD81012,2,19,0,18,0,0,0,0,0,0,1,1,6,1,27,6,1996,2,3,5,1
201401XD81013,1,9,0,18,0,0,0,4,0,0,1,1,6,1,23,5,1587,1,9,7,1
201401XD81013,2,9,0,2,0,0,0,0,0,0,4,1,6,1,40,7,2231,2,5,8,1
201401XD81014,1,9,0,18,0,1,0,0,0,0,3,1,6,1,-1,-1,-1,-1,-1,-1,-1
201401XD81016,1,9,0,8,0,8,0,0,0,0,2,1,6,2,57,9,1794,1,20,6,1
201401XD81016,2,9,0,14,0,8,0,0,0,0,1,1,6,1,-1,-1,1997,2,3,-1,-1
201401XD81017,1,19,0,11,0,0,0,0,0,0,2,1,1,1,59,9,1870,2,9,5,1
201401XD81017,2,5,0,18,0,0,0,0,0,0,1,1,2,1,38,7,599,1,8,4,1
201401XD81019,1,9,0,12,0,1,0,0,0,0,3,1,2,1,23,5,1360,1,12,4,1
201401XD81019,2,5,0,18,0,1,0,0,0,0,1,1,2,1,21,5,955,1,14,8,1
201401XD81019,3,11,0,18,0,1,0,0,0,0,4,1,1,1,56,9,9000,2,3,-1,-1
201401XD81020,1,9,0,7,0,2,0,0,0,0,0,1,6,2,50,8,1985,1,15,6,1
201401XD81020,2,4,0,18,0,1,1,0,0,0,0,1,6,1,23,5,249,1,3,3,1
201401XD81021,1,19,0,9,0,2,0,0,0,0,1,1,1,1,62,9,1700,2,17,6,1
201401XD81021,2,4,0,18,0,1,0,0,0,0,1,1,6,1,28,6,499,1,20,4,1
201401XD81022,1,9,0,18,0,8,0,4,7,10,4,1,6,2,38,7,1781,1,12,2,1
201401XD81022,2,9,0,18,0,8,0,0,0,0,1,1,6,1,19,4,1598,1,4,-1,-1
201401XD81022,3,9,0,2,0,1,0,0,0,0,3,1,6,1,29,6,1560,2,1,-1,-1
201401XD81023,1,9,0,3,0,8,0,0,0,0,2,1,2,1,19,4,1896,2,6,5,3
201401XD81023,2,9,0,12,0,8,0,0,0,0,1,1,6,1,-1,-1,1995,2,6,-1,-1
201401XD81026,1,3,0,7,0,8,0,0,0,0,3,1,6,1,40,7,-1,-1,-1,3,1
201401XD81026,2,9,0,14,0,8,0,0,0,0,4,1,6,2,-1,-1,1796,1,14,-1,-1
201401XD81027,1,9,0,18,0,0,0,10,1,10,4,1,6,1,68,10,1798,1,2,4,1
201401XD81028,1,9,0,18,0,1,0,0,0,0,4,1,6,2,32,6,1598,1,3,3,1
201401XD81030,1,9,0,9,0,8,0,0,0,0,1,1,6,1,36,7,1995,1,10,10,2
201401XD81030,2,3,0,18,0,8,0,0,0,0,1,1,6,1,39,7,124,1,9,8,1
201401XD81031,1,9,0,7,0,0,0,0,0,0,4,1,1,2,43,7,1242,1,6,1,1
201401XD81031,2,3,0,15,0,0,0,0,0,0,1,1,6,2,36,7,108,1,2,3,1
201401XD81033,1,19,0,4,0,0,0,0,0,0,2,1,6,1,38,7,2198,2,-1,4,1
201401XD81033,2,9,0,4,0,0,0,0,0,0,1,1,6,2,35,6,1242,1,4,5,1
201401XD81034,1,9,0,12,0,2,0,0,0,0,3,1,6,1,19,4,1108,1,5,1,1
201401XD81034,2,4,0,13,0,2,0,0,0,0,1,1,6,1,23,5,124,1,-1,9,3
201401XD81035,1,3,0,18,0,8,0,0,0,0,1,1,1,1,18,4,125,1,4,2,1
201401XD81035,2,9,0,9,0,8,0,0,0,0,1,1,6,3,-1,-1,-1,-1,-1,-1,-1
201401XD81036,1,11,0,5,0,1,0,0,0,0,0,1,1,3,-1,-1,-1,-1,-1,-1,-1
201401XD81037,1,9,0,18,0,1,0,0,0,0,1,1,6,1,51,8,-1,-1,-1,3,1
201401XD81037,2,9,0,4,0,1,0,0,0,0,2,1,6,2,24,5,1390,1,13,-1,-1
201401XD81038,1,9,0,9,0,8,0,0,0,0,2,1,6,2,39,7,1968,2,5,5,1
201401XD81038,2,3,0,13,0,8,0,0,0,0,1,1,6,1,19,4,125,1,16,5,1
201401XD81039,1,9,0,18,0,8,0,0,0,0,3,1,6,2,25,5,1598,1,6,2,1
201401XD81040,1,3,0,13,0,0,0,0,0,0,1,1,6,1,27,6,124,1,-1,4,1
201401XD81040,2,9,0,14,0,0,0,0,0,0,3,1,6,1,40,7,1395,1,-1,-1,-1
201401XD81041,1,9,0,4,0,1,0,0,0,0,1,1,6,1,62,9,1998,1,10,3,1
201401XD81041,2,9,0,3,0,1,0,0,0,0,2,1,6,1,49,8,1560,2,2,-1,-1
201401XD81042,1,1,0,9,0,8,0,0,0,0,4,1,6,1,56,9,-1,-1,-1,7,1
201401XD81042,2,9,0,9,0,8,0,0,0,0,1,1,6,2,40,7,2776,2,9,5,1
201401XD81043,1,11,0,5,0,1,0,0,0,0,0,1,1,1,66,10,9000,2,7,5,1
201401XD81044,1,9,0,9,0,2,0,0,0,0,4,1,2,1,63,9,1560,2,1,5,1
201401XD81044,2,5,0,13,0,1,0,0,0,0,1,1,2,1,35,6,-1,-1,-1,5,1
201401XD81045,1,9,0,18,0,8,0,0,0,0,2,1,6,2,43,7,1560,2,1,6,1
201401XD81045,2,19,0,12,0,8,0,0,0,0,1,1,1,1,-1,-1,1248,2,1,-1,-1
201401XD81047,1,9,0,2,0,0,0,10,7,10,4,1,6,1,24,5,2993,2,-1,3,1
201401XD81047,2,21,0,16,0,0,0,4,0,0,1,1,6,1,33,6,7790,2,4,4,1
201401XD81048,1,1,0,18,0,1,0,0,0,0,3,1,6,1,30,6,-1,-1,-1,4,1
201401XD81048,2,19,0,13,0,1,0,0,0,0,4,1,6,1,-1,-1,1248,2,4,-1,-1
201401XD81049,1,9,0,15,2,1,0,0,0,0,1,1,6,1,48,8,1598,2,2,10,1
201401XD81050,1,9,0,17,0,3,0,0,0,0,3,1,6,2,29,6,1360,1,9,6,1
201401XD81050,2,9,0,17,0,3,0,0,0,0,4,1,6,1,37,7,-1,-1,-1,4,1
201401XD81051,1,9,0,4,0,1,0,0,0,0,3,1,6,2,21,5,1242,1,8,6,1
201401XD81051,2,19,0,11,0,1,0,0,0,0,4,1,1,3,-1,-1,-1,-1,-1,9,1
201401XD81052,1,9,0,18,0,8,0,0,0,0,4,1,6,2,46,8,1997,2,6,6,3
201401XD81052,2,5,0,15,0,8,0,0,0,0,3,1,6,1,36,7,1000,1,-1,3,1
201401XD81053,1,11,0,4,0,1,0,0,0,0,0,1,6,3,-1,-1,-1,-1,-1,-1,-1
201401XD81054,1,5,0,17,0,0,0,7,0,0,3,1,6,1,30,6,600,1,15,3,1
201401XD81055,1,3,0,18,0,8,0,0,0,0,1,1,6,1,29,6,124,1,3,3,1
201401XD81055,2,9,0,9,0,8,0,0,0,0,3,1,6,1,72,10,2000,2,10,8,1
201401XD81056,1,9,0,18,0,1,0,0,0,0,1,1,6,1,22,5,1248,2,9,5,1
201401XD81056,2,9,0,3,0,1,0,10,0,0,2,1,6,2,48,8,1794,1,10,3,1
201401XD81057,1,9,0,9,0,1,0,0,0,0,3,1,6,2,30,6,1598,1,7,2,1
201401XD81057,2,5,0,13,0,1,0,0,0,0,1,1,6,1,34,6,599,1,6,4,1
201401XD81058,1,9,0,18,0,0,0,0,0,0,1,1,6,1,44,7,599,1,13,7,1
201401XD81058,2,9,0,18,0,0,0,0,0,0,2,1,6,1,44,7,1493,1,14,6,1
201401XD81059,1,9,0,18,0,8,0,0,0,0,1,1,6,2,59,9,1598,1,13,2,1
201401XD81059,2,9,0,9,0,8,0,0,0,0,3,1,6,2,-1,-1,1988,1,12,1,1
201401XD81060,1,9,0,18,0,1,0,0,0,0,1,1,6,1,73,10,1896,2,7,4,1
201401XD81060,2,9,0,18,0,1,0,0,0,0,2,1,6,1,25,5,2143,2,-1,7,1
201401XD81062,1,4,0,18,0,8,0,0,0,0,4,1,6,2,28,6,645,1,7,5,1
201401XD81062,2,9,0,9,0,8,0,0,0,0,1,1,6,1,-1,-1,1396,1,11,4,1
201401XD81063,1,9,0,11,0,1,0,0,0,0,1,1,2,1,23,5,1598,1,4,3,1
201401XD81063,2,19,0,3,0,1,0,0,0,0,4,1,1,1,43,7,2402,2,6,3,1
201401XD81063,3,9,0,3,0,1,0,0,0,0,2,1,1,1,28,6,3200,2,3,2,1
201401XD81064,1,3,0,18,0,0,0,0,0,0,1,1,6,1,21,5,125,1,4,3,1
201401XD81064,2,9,0,4,0,0,0,0,0,0,2,1,6,1,30,6,1995,2,3,8,1
201401XD81066,1,9,0,9,0,2,0,0,0,0,1,1,6,1,42,7,1997,1,16,3,1
201401XD81067,1,9,0,9,0,8,0,0,0,0,1,1,6,1,74,10,1388,1,3,4,1
201401XD81067,2,3,0,18,0,8,0,0,0,0,3,1,1,1,29,6,109,1,1,1,1
201401XD81068,1,5,0,18,0,8,0,0,0,0,4,1,6,1,46,8,125,1,6,3,1
201401XD81068,2,9,0,18,0,8,0,0,0,0,1,1,6,1,59,9,1798,1,2,7,1
201401XD81070,1,9,0,18,0,0,0,0,0,0,4,1,6,1,24,5,1796,1,8,2,1
201401XD81071,1,21,1,18,0,7,0,10,7,4,0,1,6,1,33,6,10837,2,2,5,1
201401XD81072,1,9,0,18,0,0,0,4,0,0,3,1,6,1,33,6,1984,1,6,4,1
201401XD81072,2,9,0,2,0,0,0,0,0,0,3,1,6,3,-1,-1,1798,1,10,-1,-1
201401XD81073,1,11,0,5,0,0,0,0,0,0,4,1,6,3,-1,-1,-1,-1,-1,-1,-1
201401XD81074,1,9,0,18,0,0,0,0,0,0,2,1,6,1,19,4,1598,1,-1,2,1
201401XD81074,2,9,0,18,0,0,0,0,0,0,1,1,6,1,26,6,2143,2,3,1,1
201401XD81074,3,9,0,18,0,0,0,0,0,0,2,1,1,2,32,6,1968,2,8,-1,-1
201401XD81074,4,9,0,18,0,0,0,0,0,0,1,1,6,1,32,6,2148,2,7,-1,-1
201401XD81075,1,9,0,18,0,2,0,0,0,0,1,1,6,3,-1,-1,-1,-1,-1,-1,-1
201401XD81076,1,9,0,17,0,8,0,0,0,0,1,1,6,2,35,6,1997,1,6,6,1
201401XD81076,2,1,0,18,0,8,0,0,0,0,3,1,6,2,21,5,-1,-1,-1,2,1
201401XD81077,1,19,0,5,0,0,0,0,0,0,3,1,1,1,42,7,2143,2,-1,7,2
201401XD81077,2,2,0,18,0,0,0,0,0,0,4,1,6,1,30,6,125,1,-1,-1,-1
201401XD81078,1,9,0,18,0,8,0,0,0,0,4,1,6,1,48,8,1400,1,7,3,1
201401XD81078,2,9,0,18,0,8,0,0,0,0,1,1,6,2,42,7,999,1,4,2,1
201401XD81079,1,1,0,10,0,1,0,0,0,0,3,1,6,2,31,6,-1,-1,-1,9,1
201401XD81079,2,9,0,9,0,8,0,0,0,0,1,1,6,3,-1,-1,-1,-1,-1,-1,-1
201401XD81080,1,9,0,18,0,1,0,0,0,0,4,1,6,3,-1,-1,-1,-1,-1,-1,-1
201401XD81081,1,9,0,18,0,8,0,0,0,0,1,1,6,1,83,11,1198,1,-1,3,1
201401XD81082,1,9,0,5,0,0,0,4,0,0,3,1,6,1,34,6,1968,2,-1,3,1
201401XD81082,2,21,0,4,0,0,0,0,0,0,4,1,1,1,46,8,7201,2,3,3,1
201401XD81082,3,9,0,2,0,0,0,0,0,0,3,1,6,3,-1,-1,-1,-1,-1,-1,-1
201401XD81083,1,19,0,4,0,1,0,0,0,0,2,1,6,1,42,7,2461,2,6,-1,-1
201401XD81083,2,9,0,4,0,1,0,0,0,0,1,1,6,1,43,7,1896,2,7,3,1
201401XD81084,1,5,0,5,0,1,0,0,0,0,1,1,6,1,-1,-1,670,1,1,7,1
201401XD81085,1,4,0,18,0,1,0,0,0,0,3,1,6,1,51,8,-1,-1,-1,3,1
201401XD81085,2,9,0,7,0,1,0,0,0,0,4,1,6,1,61,9,1598,1,11,5,1
201401XD81086,1,9,0,16,0,0,0,4,0,0,1,1,6,1,19,4,1989,1,14,6,1
201401XD81086,2,9,0,2,0,0,0,0,0,0,3,1,6,2,-1,-1,1360,1,11,6,1
201401XD81086,3,9,0,2,0,0,0,0,0,0,4,1,6,1,-1,-1,-1,-1,-1,6,1
201401XD81086,4,9,0,2,0,0,0,0,0,0,3,1,6,1,-1,-1,1762,1,14,6,1
201401XD81086,5,9,0,2,0,0,0,0,0,0,3,1,6,2,-1,-1,1399,2,3,9,1
201401XD81086,6,9,0,2,0,0,0,0,0,0,1,1,6,1,-1,-1,1998,1,9,-1,-1
201401XD81086,7,9,0,2,0,0,0,0,0,0,3,1,6,1,-1,-1,2035,1,8,6,1
201401XD81087,1,9,0,9,0,2,0,0,0,0,1,1,6,3,-1,-1,-1,-1,-1,-1,-1
201401XD81088,1,1,0,15,0,1,0,8,0,0,1,1,6,1,53,8,-1,-1,-1,3,1
201401XD81088,2,9,0,3,0,1,0,0,0,0,4,1,6,2,-1,-1,-1,-1,-1,-1,-1
201401XD81090,1,9,0,3,0,1,0,0,0,0,2,1,6,2,38,7,-1,-1,-1,4,1
201401XD81090,2,9,0,18,0,1,0,0,0,0,1,1,6,3,-1,-1,1796,1,7,-1,-1
201401XD81091,1,3,0,3,0,0,0,0,0,0,1,1,1,1,33,6,108,1,1,8,1
201401XD81091,2,9,0,9,0,0,0,0,0,0,3,1,6,1,40,7,1198,1,12,3,1
201401XD81092,1,9,0,18,2,1,0,0,0,0,3,1,6,1,50,8,1596,1,5,4,1
201401XD81092,2,9,0,7,2,1,0,0,0,0,4,1,6,2,67,10,998,1,14,3,1
201401XD81093,1,19,0,9,0,0,0,0,0,0,3,1,1,1,26,6,2402,2,4,6,1
201401XD81093,2,4,0,13,0,0,0,0,0,0,1,1,6,1,20,4,-1,-1,-1,6,1
201401XD81094,1,9,0,9,0,2,0,0,0,0,1,1,3,2,43,7,2497,2,5,5,1
201401XD81095,1,4,0,5,0,8,0,0,0,0,1,1,6,1,33,6,125,1,7,7,1
201401XD81095,2,1,0,18,0,8,0,0,0,0,4,1,6,1,25,5,-1,-1,-1,4,1
201401XD81096,1,5,0,18,0,8,0,0,0,0,1,1,2,1,50,8,749,1,12,4,1
201401XD81096,2,9,0,18,0,8,0,0,0,0,3,1,6,1,35,6,1896,2,7,3,1
201401XD81097,1,9,0,18,0,1,0,0,0,0,3,1,6,2,56,9,1086,1,4,5,1
201401XD81097,2,90,0,11,0,1,0,0,0,0,4,1,1,1,40,7,-1,-1,-1,5,1
201401XD81098,1,9,0,18,0,8,0,0,0,0,4,1,6,1,34,6,1598,1,12,-1,-1
201401XD81098,2,1,0,9,0,8,0,0,0,0,2,1,6,1,14,3,-1,-1,-1,-1,-1
201401XD81099,1,9,0,18,0,0,0,0,0,0,1,1,6,1,25,5,-1,-1,-1,3,1
201401XD81100,1,9,0,18,0,0,0,0,0,0,1,1,6,1,32,6,1390,1,17,3,1
201401XD81100,2,9,0,3,0,0,0,0,0,0,2,1,1,1,62,9,1248,2,6,4,1
201401XD81101,1,9,0,17,0,2,0,0,0,0,1,1,6,1,-1,-1,1997,2,2,-1,-1
201401XD81102,1,9,0,14,0,0,0,0,0,0,4,1,6,3,-1,-1,1598,1,10,-1,-1
201401XD81103,1,1,0,18,0,0,0,0,0,0,2,1,6,2,17,4,-1,-1,-1,3,1
201401XD81103,2,9,0,18,0,0,0,0,0,0,1,1,6,3,-1,-1,-1,-1,-1,-1,-1
201401XD81104,1,9,0,4,0,1,0,0,0,0,2,1,6,1,34,6,2199,2,5,3,1
201401XD81104,2,19,0,18,0,1,0,0,0,0,1,1,6,1,-1,-1,1995,2,6,4,1
201401XD81105,1,3,0,18,0,0,1,0,0,0,1,1,2,1,22,5,125,1,8,3,1
201401XD81105,2,9,0,12,0,0,0,0,0,0,3,1,1,2,-1,-1,1198,1,8,-1,-1
201401XD81106,1,9,0,11,0,0,0,0,0,0,4,1,6,2,28,6,-1,-1,-1,6,1