Accident_Index,Vehicle_Reference,Vehicle_Type,Towing_and_Articulation,Vehicle_Manoeuvre,Vehicle_Location-Restricted_Lane,Junction_Location,Skidding_and_Overturning,Hit_Object_in_Carriageway,Vehicle_Leaving_Carriageway,Hit_Object_off_Carriageway,1st_Point_of_Impact,Was_Vehicle_Left_Hand_Drive?,Journey_Purpose_of_Driver,Sex_of_Driver,Age_of_Driver,Age_Band_of_Driver,Engine_Capacity_(CC),Propulsion_Code,Age_of_Vehicle,Driver_IMD_Decile,Driver_Home_Area_Type
201401XD81108,1,9,0,9,0,1,0,0,0,0,3,1,6,2,41,7,1968,2,3,8,1
201401XD81108,2,3,0,13,0,1,0,0,0,0,1,1,6,1,-1,-1,124,1,4,5,1
201401XD81109,1,9,0,3,0,0,0,0,0,0,2,1,6,1,47,8,1587,1,8,2,1
201401XD81109,2,9,0,18,0,0,0,0,0,0,1,1,6,3,-1,-1,-1,-1,-1,-1,-1
201401XD81110,1,9,0,3,0,1,0,0,0,0,2,1,6,2,34,6,2499,1,5,1,1
201401XD81110,2,9,0,18,0,1,0,0,0,0,1,1,6,3,-1,-1,1896,2,13,-1,-1
201401XD81111,1,3,0,18,0,8,0,0,0,0,1,1,1,1,26,6,-1,-1,-1,-1,-1
201401XD81111,2,9,0,9,0,8,0,0,0,0,3,1,6,1,25,5,1769,1,10,4,1
201401XD81112,1,9,0,18,0,2,0,0,0,0,1,1,3,2,51,8,-1,-1,-1,5,1
201401XD81113,1,3,0,4,0,1,0,10,0,0,2,1,2,1,47,8,125,1,7,2,1
201401XD81113,2,19,0,18,0,1,0,0,0,0,1,1,1,1,41,7,-1,-1,-1,4,1
201401XD81114,1,9,0,18,9,1,0,10,1,0,1,1,6,2,52,8,-1,-1,-1,3,1
201401XD81115,1,9,0,4,0,8,1,4,0,0,1,1,2,1,23,5,1149,1,11,2,1
201401XD81115,2,9,0,18,0,8,0,0,0,0,1,1,1,1,19,4,-1,-1,-1,6,1
201401XD81115,3,19,0,2,0,8,0,0,0,0,3,1,6,3,-1,-1,-1,-1,-1,-1,-1
201401XD81116,1,9,0,18,0,0,0,0,0,0,1,1,6,1,26,6,1596,1,9,4,1
201401XD81116,2,9,0,18,0,0,0,0,0,0,2,1,6,1,84,11,1968,2,6,1,1
201401XD81117,1,11,0,5,0,1,0,0,0,0,0,1,1,1,66,10,9360,2,5,3,1
201401XD81118,1,11,0,18,0,0,0,0,0,0,1,1,1,1,28,6,4500,2,5,2,1
201401XD81119,1,9,0,9,0,8,0,0,0,0,3,1,6,1,34,6,1995,2,-1,-1,-1
201401XD81119,2,5,0,13,0,8,0,0,1,0,1,1,6,1,38,7,998,1,10,3,1
201401XD81121,1,9,0,18,0,1,0,0,1,5,4,1,6,2,43,7,1587,1,9,4,1
201401XD81122,1,9,0,9,0,8,0,0,0,0,3,1,1,1,54,8,-1,-1,-1,-1,-1
201401XD81123,1,3,0,3,0,0,0,0,0,0,1,1,2,1,39,7,-1,-1,-1,4,1
201401XD81123,2,9,0,3,0,0,0,0,1,0,1,1,1,2,49,8,1248,2,-1,3,1
201401XD81124,1,9,0,11,0,0,0,0,0,0,1,1,2,1,41,7,2400,2,3,4,1
201401XD81124,2,9,0,12,0,0,1,0,4,6,1,1,6,1,-1,-1,1896,2,11,-1,-1
201401XD81125,1,9,0,14,0,8,0,0,0,0,3,1,2,1,27,6,1390,1,16,8,1
201401XD81125,2,9,0,18,0,8,0,0,0,0,1,1,6,1,-1,-1,-1,-1,-1,-1,-1
201401XD81126,1,3,0,7,0,8,0,0,0,0,3,1,6,1,25,5,-1,-1,-1,7,1
201401XD81126,2,11,0,18,0,8,0,0,0,0,4,1,1,1,-1,-1,-1,-1,-1,3,1
201401XD81127,1,9,0,4,0,8,0,0,1,0,1,1,6,2,65,9,999,1,15,5,1
201401XD81128,1,9,0,9,0,8,0,0,0,0,4,1,6,1,23,5,1598,1,13,6,1
201401XD81128,2,9,0,18,0,8,0,0,0,0,1,1,6,1,23,5,1798,1,12,3,1
201401XD81129,1,9,0,16,0,8,0,0,0,0,3,1,6,2,45,7,2200,1,14,3,1
201401XD81129,2,9,0,5,0,8,0,0,0,0,1,1,4,2,45,7,3200,2,10,2,1
201401XD81130,1,3,0,18,0,8,0,0,0,0,3,1,6,1,22,5,865,1,7,2,1
201401XD81130,2,9,0,7,0,8,0,0,0,0,4,1,4,1,26,6,2204,2,7,5,1
201401XD81131,1,19,0,9,0,8,0,0,0,0,1,1,1,1,32,6,1560,2,-1,2,1
201401XD81132,1,9,0,18,0,8,0,0,0,0,3,1,2,2,27,6,1198,1,7,3,1
201401XD81134,1,3,0,9,0,0,0,0,0,0,3,1,6,1,31,6,125,1,3,6,1
201401XD81134,2,9,0,14,0,0,0,0,0,0,1,1,1,1,53,8,-1,-1,-1,6,1
201401XD81135,1,9,0,18,0,0,0,0,0,0,1,1,6,1,-1,-1,-1,-1,-1,-1,-1
201401XD81137,1,9,0,2,0,8,0,0,0,0,2,1,6,2,35,6,-1,-1,-1,6,1
201401XD81137,2,9,0,18,0,8,0,4,0,0,1,1,6,3,-1,-1,-1,-1,-1,-1,-1
201401XD81138,1,9,0,4,0,0,0,0,0,0,2,1,6,1,56,9,2148,2,12,3,1
201401XD81138,2,9,0,13,0,0,0,0,0,0,1,1,6,2,-1,-1,1781,1,10,-1,-1
201401XD81139,1,9,0,14,0,8,0,0,0,0,1,1,6,3,-1,-1,-1,-1,-1,-1,-1
201401XD81141,1,1,0,18,0,0,0,0,0,0,2,1,2,2,33,6,-1,-1,-1,3,1
201401XD81141,2,9,0,7,0,0,0,0,1,0,1,1,6,3,-1,-1,-1,-1,-1,-1,-1
201401XD81143,1,9,0,9,0,8,0,0,0,0,1,1,6,1,66,10,1796,1,12,2,1
201401XD81144,1,9,0,11,0,0,0,10,1,2,1,1,6,1,29,6,1995,1,11,3,1
201401XD81144,2,90,0,11,0,0,0,0,1,0,0,1,6,3,-1,-1,-1,-1,-1,-1,-1
201401XD81145,1,9,0,12,0,8,0,0,0,0,3,1,6,1,67,10,2179,2,-1,9,1
201401XD81145,2,9,0,14,0,8,0,0,0,0,1,1,1,1,-1,-1,-1,-1,-1,-1,-1
201401XD81146,1,9,0,18,0,8,0,0,0,0,2,1,2,1,37,7,1422,2,13,2,1
201401XD81146,2,9,0,18,0,8,0,0,0,0,1,1,6,1,-1,-1,1596,1,3,-1,-1
201401XD81147,1,3,0,16,0,8,0,0,0,0,2,1,2,1,30,6,125,1,-1,6,1
201401XD81147,2,9,0,5,0,8,0,0,0,0,1,1,6,1,-1,-1,1896,2,8,2,1
201401XD81148,1,1,0,18,0,8,0,0,0,0,2,1,6,1,43,7,-1,-1,-1,7,1
201401XD81148,2,9,0,9,0,8,0,0,0,0,1,1,6,3,-1,-1,-1,-1,-1,-1,-1
201401XD81150,1,9,0,18,0,8,0,0,0,0,1,1,6,2,40,7,1796,1,6,5,1
201401XD81150,2,9,0,3,0,8,0,0,0,0,2,1,6,2,60,9,1328,1,7,5,1
201401XD81151,1,9,0,14,0,8,0,0,0,0,1,1,2,1,-1,-1,-1,-1,-1,7,1
201401XD81152,1,9,0,16,0,8,0,0,0,0,4,1,6,1,21,5,1200,1,1,2,1
201401XD81152,2,1,0,16,0,8,0,0,0,0,3,1,6,1,48,8,-1,-1,-1,4,1
201401XD81153,1,19,0,18,0,2,0,0,0,0,4,1,6,3,-1,-1,-1,-1,-1,-1,-1
201401XD81154,1,11,0,14,0,2,0,0,0,0,4,1,1,1,29,6,-1,-1,-1,-1,1
201401XD81154,2,9,0,3,0,2,0,0,0,0,3,1,6,1,31,6,2143,2,3,4,1
201401XD81155,1,3,0,14,0,8,0,0,1,0,1,1,2,1,25,5,124,1,3,5,1
201401XD81155,2,19,0,5,0,8,0,0,0,0,3,1,1,1,-1,-1,-1,-1,-1,-1,-1
201401XD81157,1,5,0,13,0,8,0,0,0,0,4,1,6,1,29,6,599,1,1,6,1
201401XD81157,2,9,0,12,0,8,0,0,0,0,1,1,6,1,47,8,1497,1,11,5,1
201401XD81158,1,9,0,18,0,2,0,10,3,10,1,1,6,1,47,8,1998,2,1,2,1
201401XD81159,1,11,0,4,0,8,0,0,0,0,0,1,1,1,46,8,9000,2,6,6,1
201401XD81160,1,4,0,17,0,8,0,0,0,0,1,1,1,1,28,6,125,1,11,2,1
201401XD81160,2,19,0,18,0,8,0,0,0,0,3,1,1,1,28,6,1995,2,-1,3,1
201401XD81162,1,9,0,18,0,8,0,0,0,0,1,1,6,2,-1,-1,1984,1,12,-1,-1
201401XD81162,2,9,0,4,0,8,0,0,0,0,2,1,6,1,46,8,1364,1,9,4,2
201401XD81163,1,8,0,4,0,8,1,0,0,0,1,1,2,1,35,6,1398,1,15,5,1
201401XD81163,2,19,0,4,0,8,0,0,0,0,2,1,1,1,54,8,1686,2,6,9,1
201401XD81164,1,9,0,18,0,8,0,0,0,0,1,1,6,1,28,6,1797,8,5,6,1
201401XD81165,1,5,0,17,0,8,0,7,0,0,1,1,1,1,35,6,487,1,9,2,1
201401XD81166,1,9,0,18,0,0,0,0,0,0,3,1,2,1,41,7,1896,2,15,3,1
201401XD81166,2,20,0,11,0,0,0,0,0,0,4,1,1,1,-1,-1,-1,-1,-1,-1,-1
201401XD81167,1,1,0,18,0,0,0,0,0,0,1,1,6,1,24,5,-1,-1,-1,3,1
201401XD81167,2,9,0,9,0,0,0,0,1,0,4,1,6,1,-1,-1,-1,-1,-1,-1,-1
201401XD81169,1,9,0,18,0,0,0,0,0,0,2,1,6,1,50,8,1686,2,4,3,1
201401XD81170,1,8,0,11,0,0,0,10,1,7,1,1,1,1,-1,-1,1797,8,3,-1,-1
201401XD81171,1,3,0,18,0,8,0,0,0,0,1,1,2,1,18,4,125,1,8,6,1
201401XD81171,2,9,0,9,0,8,0,0,0,0,3,1,2,1,24,5,1348,1,13,2,1
201401XD81172,1,9,0,9,0,8,0,0,0,0,1,1,6,1,47,8,1389,1,10,3,1
201401XD81173,1,3,0,13,0,0,0,0,0,0,2,1,1,1,23,5,125,1,4,5,1
201401XD81173,2,19,0,5,0,0,0,0,0,0,1,1,1,1,-1,-1,1998,2,9,6,1
201401XD81174,1,9,0,16,0,8,0,0,0,0,1,1,2,1,40,7,2435,1,10,3,1
201401XD81174,2,5,0,17,0,8,0,0,0,0,1,1,2,1,30,6,-1,-1,-1,2,1
201401XD81176,1,9,0,9,0,8,0,0,0,0,3,1,6,2,54,8,1000,1,14,7,1
201401XD81176,2,2,0,13,0,8,0,0,0,0,1,1,6,1,48,8,49,1,10,2,1
201401XD81177,1,9,0,3,0,8,0,0,0,0,2,1,1,2,26,6,1598,2,-1,-1,-1
201401XD81177,2,9,0,18,0,8,0,0,0,0,1,1,6,1,-1,-1,-1,-1,-1,-1,-1
201401XD81178,1,1,0,18,0,8,0,0,0,0,3,1,6,1,58,9,-1,-1,-1,2,1
201401XD81178,2,9,0,13,0,8,0,0,0,0,4,1,6,3,-1,-1,-1,-1,-1,-1,-1
201401XD81179,1,9,0,3,0,0,0,0,0,0,2,1,6,1,44,7,1242,1,16,2,1
201401XD81179,2,9,0,18,0,0,0,0,0,0,1,1,6,1,-1,-1,2401,2,9,-1,-1
201401XD81180,1,9,0,3,0,2,0,0,0,0,3,1,6,1,24,5,1368,1,3,5,1
201401XD81181,1,9,0,7,0,8,0,0,0,0,1,1,6,1,23,5,1299,1,11,1,1
201401XD81182,1,9,0,9,0,8,0,0,0,0,1,1,4,2,44,7,3456,8,3,7,1
201401XD81182,2,5,0,18,0,8,0,0,0,0,1,1,6,1,33,6,-1,-1,-1,5,1
201401XD81183,1,1,0,18,0,8,0,0,0,0,4,1,2,1,36,7,-1,-1,-1,3,1
201401XD81183,2,19,0,9,0,8,0,0,0,0,1,1,2,1,55,8,1248,2,5,9,1
201401XD81185,1,8,0,9,0,8,0,0,0,0,3,1,1,1,26,6,1997,2,3,2,1
201401XD81185,2,1,0,18,0,8,0,0,0,0,1,1,2,1,30,6,-1,-1,-1,6,1
201401XD81186,1,3,0,14,0,8,0,0,0,0,4,1,6,1,19,4,-1,-1,-1,2,1
201401XD81186,2,3,0,14,0,8,0,0,0,0,4,1,6,1,46,8,-1,-1,-1,6,1
201401XD81186,3,9,0,5,0,8,0,0,0,0,3,1,6,2,24,5,-1,-1,-1,3,1
201401XD81188,1,9,0,4,0,8,0,10,1,2,3,1,6,1,34,6,1995,2,7,6,1
201401XD81188,2,9,0,18,0,8,0,0,1,0,4,1,6,1,22,5,3246,1,10,1,1
201401XD81190,1,9,0,4,0,0,0,0,0,0,2,1,6,2,33,6,1995,2,4,3,1
201401XD81190,2,21,1,18,0,0,0,0,0,0,1,1,1,1,57,9,6871,2,-1,4,1
201401XD81191,1,9,0,3,0,8,0,0,0,0,2,1,2,1,37,7,2776,2,8,3,1
201401XD81191,2,9,0,18,0,8,0,0,0,0,1,1,4,1,-1,-1,1598,2,4,-1,-1
201401XD81192,1,9,0,18,0,0,0,0,0,0,2,1,6,2,44,7,1689,2,14,5,1
201401XD81192,2,9,0,18,0,0,0,0,0,0,1,1,6,2,-1,-1,-1,-1,-1,9,2
201401XD81193,1,9,0,6,0,1,0,0,0,0,3,1,6,1,54,8,1598,1,7,5,1
201401XD81193,2,9,0,18,0,2,0,0,0,0,3,1,6,1,30,6,1598,1,4,8,1
201401XD81194,1,9,0,9,0,8,0,0,0,0,3,1,6,1,20,4,1198,1,7,6,1
201401XD81194,2,4,0,13,0,8,0,0,0,0,4,1,6,1,44,7,583,1,24,9,1
201401XD81195,1,9,0,4,0,8,0,0,0,0,2,1,2,2,22,5,1364,1,9,8,1
201401XD81195,2,19,0,5,0,8,0,0,0,0,1,1,1,1,-1,-1,2402,2,10,3,1
201401XD81196,1,90,0,18,0,0,0,0,0,0,1,1,6,3,-1,-1,-1,-1,-1,-1,-1
201401XD81197,1,9,0,5,0,8,0,0,0,0,4,1,2,2,27,6,1242,1,4,10,1
201401XD81198,1,19,0,18,0,8,0,10,0,0,3,1,1,1,27,6,2402,2,3,7,1
201401XD81198,2,9,0,11,0,8,0,0,0,0,4,1,6,2,71,10,1598,2,-1,1,1
201401XD81200,1,9,0,18,0,0,0,0,1,0,1,1,6,1,21,5,1998,1,8,3,1
201401XD81201,1,9,0,18,0,0,0,0,0,0,1,1,6,2,43,7,1242,1,13,3,1
201401XD81202,1,9,0,3,0,8,0,0,0,0,2,1,6,1,28,6,1242,1,16,2,1
201401XD81202,2,9,0,4,0,8,0,0,0,0,1,1,6,2,47,8,-1,-1,-1,7,1
201401XD81203,1,9,0,4,0,8,0,0,0,0,2,1,6,1,45,7,1598,1,2,4,1
201401XD81203,2,19,0,7,0,8,0,0,0,0,1,1,4,1,32,6,2148,2,8,4,1
201401XD81204,1,9,0,4,0,8,0,0,0,0,3,1,6,2,33,6,1998,1,5,6,1
201401XD81204,2,9,0,9,0,8,0,0,0,0,1,1,6,1,-1,-1,1299,1,15,9,1
201401XD81205,1,19,0,7,0,8,0,0,0,0,3,1,1,1,-1,-1,1753,2,1,4,1
201401XD81206,1,9,0,4,0,0,0,0,0,0,2,1,1,1,30,6,-1,-1,-1,4,1
201401XD81206,2,19,0,18,0,0,0,0,1,0,1,1,1,1,48,8,-1,-1,-1,2,1
201401XD81207,1,9,0,3,0,8,0,0,0,0,2,1,6,1,21,5,1229,1,8,6,1
201401XD81207,2,90,0,4,0,8,0,0,0,0,1,1,6,3,-1,-1,-1,-1,-1,-1,-1
201401XD81208,1,9,0,18,0,8,0,0,0,0,4,1,6,1,42,7,1998,1,7,2,1
201401XD81209,1,9,0,9,0,8,0,0,0,0,1,1,6,1,26,6,2993,2,11,7,1
201401XD81209,2,5,0,18,0,8,0,0,0,0,1,1,1,2,29,6,-1,-1,-1,3,1
201401XD81210,1,9,0,18,0,8,0,0,0,0,4,1,6,2,43,7,1598,1,10,5,1
201401XD81210,2,9,0,6,0,8,0,0,0,0,3,1,6,1,32,6,1998,2,9,-1,3
201401XD81211,1,9,0,18,0,0,0,4,0,0,1,1,6,1,39,7,1248,1,5,4,1
201401XD81211,2,9,0,2,0,0,0,0,0,0,3,1,6,1,46,8,1598,1,7,6,1
201401XD81211,3,9,0,18,0,0,0,0,0,0,3,1,6,2,25,5,1598,2,1,3,1
201401XD81212,1,21,1,7,0,8,0,0,1,0,4,1,1,1,54,8,-1,-1,-1,6,3
201401XD81212,2,1,0,15,0,8,0,0,0,0,1,1,2,2,-1,-1,-1,-1,-1,-1,-1
201401XD81215,1,9,0,18,0,8,0,0,0,0,1,1,6,1,55,8,1984,1,9,5,1
201401XD81216,1,3,0,7,0,8,0,0,0,0,1,1,2,1,48,8,125,1,-1,4,1
201401XD81216,2,9,0,9,0,8,0,0,0,0,1,1,2,1,48,8,1896,2,6,4,1
201401XD81217,1,9,0,17,0,8,0,0,0,0,2,1,2,2,52,8,1800,1,15,6,1
201401XD81217,2,9,0,16,0,8,0,0,0,0,1,1,6,1,-1,-1,-1,-1,-1,-1,-1
201401XD81218,1,9,0,16,0,8,0,0,0,0,2,1,6,2,48,8,899,1,-1,3,1
201401XD81218,2,9,0,4,0,8,0,0,0,0,1,1,6,1,34,6,1596,1,7,3,1
201401XD81218,3,9,0,4,0,8,0,0,0,0,1,1,6,1,48,8,2521,1,7,9,1
201401XD81220,1,11,0,18,0,8,0,0,0,0,0,1,1,1,51,8,9000,2,4,-1,-1
201401XD81221,1,3,0,7,0,8,0,0,0,0,3,1,2,1,29,6,124,1,5,6,1
201401XD81221,2,9,0,13,0,8,0,0,0,0,1,1,2,1,69,10,2148,2,13,5,1
201401XD81229,1,8,0,5,0,0,0,0,1,0,1,1,1,3,-1,-1,-1,-1,-1,-1,-1
201401XD89007,1,9,0,7,0,8,0,0,0,0,1,1,6,2,25,5,1388,1,2,2,1
201401XD89008,1,9,0,4,0,0,0,0,0,0,1,1,1,1,36,7,2000,2,4,2,1
201401XD89008,2,19,0,1,0,0,0,0,0,0,2,1,6,1,-1,-1,2494,2,8,-1,-1
201401XD89012,1,9,0,17,0,8,0,0,0,0,1,1,2,2,46,8,1242,1,-1,1,1
201401XD89012,2,9,0,7,0,8,0,0,0,0,4,1,6,1,-1,-1,1598,2,1,8,1
201401XD89016,1,9,0,18,0,0,0,0,0,0,3,1,6,1,31,6,998,1,2,5,1
201401XD89016,2,9,0,5,0,0,0,0,0,0,1,1,6,1,47,8,1796,1,9,5,1
201401XD89022,1,9,0,7,0,8,0,0,0,0,1,1,6,1,-1,-1,-1,-1,-1,-1,-1
201401XD89023,1,11,0,3,0,0,0,0,0,0,0,1,1,1,44,7,9000,2,6,5,1
201401XD89024,1,11,0,9,0,3,0,0,0,0,0,1,1,1,40,7,9360,2,2,4,1
201401XD89032,1,9,0,5,0,1,0,0,0,0,3,1,6,1,29,6,1598,1,7,5,1
201401XD89032,2,2,0,18,0,1,0,0,0,0,4,1,6,1,23,5,125,1,3,1,1
201401XD89045,1,9,0,15,0,0,0,0,0,0,3,1,6,1,32,6,5439,1,11,4,1
201401XD89045,2,9,0,18,0,0,0,0,0,0,3,1,1,1,49,8,-1,-1,-1,4,1
201401XD89045,3,9,0,18,0,0,0,0,0,0,4,1,1,1,39,7,1896,2,7,5,1
201401XD89057,1,19,0,9,0,8,0,0,0,0,3,1,1,1,36,7,1598,2,1,4,1
201401XD89057,2,1,0,18,0,8,0,0,0,0,1,1,6,1,49,8,-1,-1,-1,6,1
201401XD89061,1,1,0,18,0,0,0,4,0,0,1,1,6,1,22,5,-1,-1,-1,4,1
201401XD89061,2,9,0,2,0,0,0,0,0,0,3,1,6,3,-1,-1,1587,1,9,-1,-1
201401XD89070,1,9,0,18,0,2,0,0,0,0,4,1,6,1,36,7,1587,1,15,9,1
201401XD89075,1,11,0,4,0,0,0,0,0,0,4,1,1,1,40,7,9000,2,4,-1,-1
201401XD89076,1,9,0,18,0,0,0,10,1,4,4,1,6,1,22,5,1796,1,8,4,1
201401XD89090,1,11,0,3,0,0,0,0,0,0,0,1,1,1,-1,-1,9000,2,6,5,1
201401XD89183,1,9,0,18,0,8,0,0,0,0,3,1,6,1,30,6,1997,2,6,6,1
201401XD89183,2,19,0,11,0,8,0,0,0,0,4,1,6,1,-1,-1,2198,2,1,-1,-1
201401XH30002,1,9,0,6,0,8,0,0,0,0,4,1,3,1,42,7,1995,2,10,7,1
201401XH30002,2,9,0,18,0,8,0,0,0,0,1,1,6,1,-1,-1,2993,2,2,-1,-1
201401XH30004,1,9,0,1,0,0,0,0,0,0,2,1,6,2,34,6,1968,2,6,2,1
201401XH30005,1,8,0,5,0,2,0,0,0,0,3,1,1,1,39,7,1497,8,6,-1,-1
201401XH30007,1,11,0,4,0,0,0,0,0,0,0,1,1,1,65,9,3900,2,8,3,1
201401XH30009,1,9,0,1,0,1,0,0,0,0,4,1,6,2,-1,-1,1685,2,1,-1,-1
201401XH30014,1,4,0,16,0,0,1,0,0,0,3,1,6,1,18,4,-1,-1,-1,5,2
201401XH30016,1,9,0,18,0,1,1,10,1,4,1,1,6,2,23,5,1240,1,11,5,1
201401XH30017,1,9,0,18,0,8,0,0,0,0,3,1,6,1,34,6,1493,1,17,5,1
201401XH30017,2,9,0,9,0,8,0,0,0,0,1,1,6,1,35,6,1598,1,11,2,1
201401XH30018,1,9,0,18,0,0,0,4,0,0,1,1,6,2,78,11,4196,1,25,5,1
201401XH30020,1,9,0,2,0,1,0,0,0,0,3,1,6,2,43,7,1796,2,2,5,1
201401XH30020,2,19,0,18,0,1,0,4,0,0,1,1,6,1,-1,-1,2148,2,6,-1,-1
201401XH30021,1,9,0,9,0,1,0,0,0,0,1,1,2,2,43,7,1997,2,7,10,1
201401XH30021,2,1,0,18,0,8,0,0,0,0,4,1,6,2,33,6,-1,-1,-1,9,1
201401XH30024,1,9,0,3,0,8,0,0,0,0,2,1,1,1,-1,-1,2199,2,5,-1,1
201401XH30024,2,9,0,18,0,8,0,0,0,0,1,1,6,2,22,5,1149,1,10,3,1
201401XH30028,1,9,0,7,0,8,0,0,0,0,3,1,6,2,82,11,1588,1,12,-1,-1
201401XH30028,2,9,0,9,0,8,0,0,0,0,4,1,6,2,64,9,-1,-1,-1,5,1
201401XH30032,1,9,0,18,0,2,0,0,0,0,3,1,6,1,64,9,1332,1,16,9,1
201401XH30039,1,19,0,18,0,0,0,0,0,0,1,1,2,1,52,8,2148,2,6,4,1
201401XH30039,2,9,0,18,0,0,0,0,0,0,2,1,6,2,32,6,2494,1,14,6,1
201401XH30041,1,19,0,18,0,0,0,0,0,0,1,1,6,1,-1,-1,2198,2,1,-1,-1
201401XH30044,1,9,0,18,0,0,1,0,0,0,1,1,6,1,54,8,2499,2,10,-1,1
201401XH30044,2,9,0,3,0,0,0,0,0,0,2,1,6,1,37,7,1686,2,6,5,1
201401XH30044,3,9,0,3,0,0,0,0,0,0,2,1,2,2,27,6,1399,2,8,7,1
201401XH30045,1,9,0,18,0,0,0,0,0,0,1,1,6,1,73,10,1999,1,12,5,1
201401XH30045,2,9,0,3,0,0,0,0,0,0,2,1,2,1,42,7,1984,1,5,8,3
201401XH30046,1,9,0,18,0,0,0,0,0,0,1,1,6,1,41,7,1798,8,2,-1,1
201401XH30046,2,9,0,18,0,0,0,0,0,0,2,1,6,1,50,8,1149,1,10,3,1
201401XH30047,1,9,0,9,0,2,0,0,0,0,1,1,6,1,51,8,1896,2,12,6,1
201401XH30050,1,3,0,18,0,0,1,0,0,0,4,1,6,1,26,6,124,1,-1,6,1
201401XH30051,1,3,0,18,0,8,0,0,0,0,4,1,6,1,26,6,124,1,8,3,1
201401XH30051,2,9,0,18,0,8,0,0,0,0,1,1,6,1,-1,-1,1997,2,4,-1,-1
201401XH30052,1,9,0,8,0,1,0,0,0,0,2,1,6,2,36,7,-1,-1,-1,3,1
201401XH30052,2,9,0,4,0,1,0,0,0,0,1,1,6,1,-1,-1,-1,-1,-1,-1,-1
201401XH30053,1,9,0,18,0,0,0,0,0,0,2,1,2,2,33,6,999,1,6,6,1
201401XH30053,2,9,0,18,0,0,0,0,0,0,1,1,6,3,-1,-1,-1,-1,-1,-1,-1
201401XH30054,1,9,0,18,0,0,0,0,0,0,1,1,6,1,50,8,988,1,24,-1,-1
201401XH30057,1,3,0,5,0,0,0,0,0,0,3,1,6,1,15,3,125,1,9,4,2
201401XH30057,2,9,0,18,0,0,0,0,0,0,1,1,6,2,27,6,1973,1,17,-1,-1
201401XH30058,1,9,0,18,0,2,0,10,0,0,4,1,6,2,35,6,1229,1,4,1,1
201401XH30058,2,9,0,12,0,2,0,0,0,0,3,1,6,1,-1,-1,2204,2,6,-1,-1
201401XH30059,1,11,0,9,0,8,0,0,0,0,1,1,1,1,50,8,4500,2,4,3,1
201401XH30060,1,8,0,17,0,8,0,0,1,0,3,1,1,1,35,6,1997,2,3,7,1
201401XH30060,2,9,0,9,0,8,0,0,0,0,4,1,6,1,20,4,1364,1,5,6,1
201401XH30061,1,9,0,18,0,0,0,0,0,0,1,1,6,1,34,6,1984,1,9,-1,-1
201401XH30062,1,9,0,18,0,8,0,0,0,0,4,1,6,2,49,8,1242,1,11,3,1
201401XH30062,2,9,0,7,0,1,0,0,0,0,1,1,6,2,17,4,1390,1,9,6,2
201401XH30063,1,9,0,18,0,8,0,0,0,0,3,1,6,2,19,4,1390,1,3,8,1
201401XH30063,2,9,0,9,0,8,0,0,0,0,1,1,6,1,33,6,-1,-1,-1,5,1
201401XH30064,1,9,0,9,0,8,0,0,0,0,3,1,2,1,40,7,2198,1,8,6,1
201401XH30064,2,9,0,18,0,8,0,0,0,0,1,1,6,2,-1,-1,1598,1,9,4,1
201401XH30065,1,9,0,18,0,1,0,0,0,0,1,2,6,1,29,6,-1,-1,-1,4,1
201401XH30065,2,9,0,3,0,1,0,0,0,0,2,1,6,1,49,8,998,1,6,6,1
201401XH30068,1,9,0,4,0,1,0,0,0,0,2,1,6,1,63,9,2179,2,4,9,3
201401XH30068,2,9,0,18,0,1,0,0,1,7,1,1,6,2,27,6,1199,2,1,9,3
201401XH30070,1,9,0,9,0,8,0,0,0,0,4,1,6,2,47,8,1596,1,11,6,2
201401XH30070,2,3,0,18,0,8,1,0,0,0,1,1,6,1,47,8,124,1,9,7,1
201401XH30071,1,19,0,18,0,8,0,0,0,0,1,1,1,1,37,7,-1,-1,-1,3,1
201401XH30071,2,20,0,9,0,8,0,0,0,0,1,1,1,1,70,10,7146,2,2,4,1
201401XH30071,3,21,0,9,0,8,0,0,0,0,4,1,6,1,-1,-1,-1,-1,-1,-1,-1
201401XH30072,1,9,0,5,0,8,0,0,0,0,3,1,6,2,48,8,1998,1,9,5,1
201401XH30072,2,1,0,18,0,8,0,0,0,0,1,1,6,1,23,5,-1,-1,-1,2,1
201401XH30073,1,9,0,18,0,0,0,0,0,0,4,1,6,3,-1,-1,-1,-1,-1,-1,-1
201401XH30074,1,9,0,4,0,1,0,0,0,0,2,1,6,1,39,7,1997,2,2,-1,-1
201401XH30074,2,9,0,4,0,1,0,0,0,0,1,1,6,2,64,9,1199,1,16,-1,-1
201401XH30076,1,9,0,18,0,0,0,10,1,3,4,1,6,2,81,11,1199,1,14,8,1
201401XH30077,1,9,0,3,0,1,0,0,0,0,2,1,2,1,55,8,1781,1,13,3,1
201401XH30077,2,9,0,18,0,1,0,0,0,0,1,1,6,1,-1,-1,1461,2,2,9,1
201401XH30079,1,9,0,4,0,1,0,0,0,0,2,1,6,1,34,6,1997,2,5,3,1
201401XH30079,2,9,0,18,0,1,0,0,0,0,1,1,6,1,47,8,1985,1,13,5,1
201401XH30080,1,9,0,18,0,1,0,0,0,0,3,1,6,1,35,6,1388,1,1,4,1
201401XH30080,2,9,0,18,0,2,0,10,1,0,3,1,6,1,-1,-1,2000,2,4,-1,-1
201401XH30081,1,9,0,18,0,0,0,0,0,0,4,1,6,2,-1,-1,1329,1,2,7,1
201401XH30081,2,9,0,2,0,0,0,0,0,0,4,1,6,3,-1,-1,-1,-1,-1,-1,-1
201401XH30083,1,8,0,9,0,8,0,0,0,0,0,1,1,1,44,7,1998,2,2,7,1
201401XH30083,2,5,0,13,0,8,0,0,0,0,3,1,6,1,-1,-1,1380,1,18,9,1
201401XH30084,1,11,0,18,0,8,0,0,0,0,0,1,1,1,-1,-1,4500,2,4,4,1