Accident_Index,Vehicle_Reference,Vehicle_Type,Towing_and_Articulation,Vehicle_Manoeuvre,Vehicle_Location-Restricted_Lane,Junction_Location,Skidding_and_Overturning,Hit_Object_in_Carriageway,Vehicle_Leaving_Carriageway,Hit_Object_off_Carriageway,1st_Point_of_Impact,Was_Vehicle_Left_Hand_Drive?,Journey_Purpose_of_Driver,Sex_of_Driver,Age_of_Driver,Age_Band_of_Driver,Engine_Capacity_(CC),Propulsion_Code,Age_of_Vehicle,Driver_IMD_Decile,Driver_Home_Area_Type
201401XH30272,1,9,0,4,0,1,0,4,0,0,1,1,6,2,37,7,998,1,12,3,1
201401XH30272,2,9,0,2,0,1,0,0,0,0,3,1,6,2,24,5,1598,1,7,7,1
201401XH30273,1,9,0,7,0,8,0,0,0,0,4,1,6,1,27,6,2967,2,7,8,1
201401XH30273,2,19,0,15,0,8,0,10,1,4,1,1,6,1,20,4,2198,2,5,1,1
201401XH30274,1,9,0,18,0,0,0,0,0,0,4,1,6,1,65,9,1341,1,14,3,1
201401XH30275,1,9,0,18,0,8,0,10,1,10,1,1,6,2,46,8,1598,1,9,7,1
201401XH30275,2,9,0,9,0,8,0,0,0,0,4,1,6,2,27,6,1242,1,11,2,1
201401XH30276,1,11,0,18,0,0,0,0,0,0,4,1,1,3,-1,-1,-1,-1,-1,-1,-1
201401XH30277,1,9,0,2,0,2,0,0,0,0,3,1,6,1,35,6,1997,2,2,5,1
201401XH30277,2,1,0,18,0,2,0,8,0,0,1,1,6,1,43,7,-1,-1,-1,5,1
201401XH30278,1,9,0,2,0,0,0,0,0,0,4,1,6,2,33,6,1796,1,15,2,1
201401XH30278,2,1,0,18,0,0,0,0,0,0,1,1,6,1,61,9,-1,-1,-1,3,1
201401XH30279,1,9,0,5,0,1,0,0,0,0,4,1,6,2,75,10,1275,1,15,6,1
201401XH30280,1,11,0,18,0,0,0,0,0,0,0,1,1,1,35,6,8268,2,11,2,1
201401XH30281,1,9,0,1,0,2,0,0,0,0,2,1,6,1,-1,-1,1995,2,8,-1,-1
201401XH30282,1,9,0,17,0,8,0,0,0,0,1,1,6,1,24,5,1997,2,10,4,1
201401XH30282,2,9,0,9,0,8,0,4,0,0,3,1,6,1,56,9,1796,1,11,4,1
201401XH30283,1,9,0,18,0,8,0,0,0,0,1,1,1,1,25,5,1242,1,17,7,1
201401XH30284,1,9,0,3,0,1,0,0,0,0,2,1,6,2,26,6,1149,1,8,9,1
201401XH30284,2,3,0,18,0,1,0,0,0,0,1,1,6,1,18,4,-1,-1,-1,6,1
201401XH30285,1,9,0,6,0,0,0,0,0,0,1,1,6,1,25,5,1910,2,6,4,1
201401XH30287,1,8,0,4,0,2,0,0,0,0,4,1,1,1,30,6,1753,2,5,-1,1
201401XH30289,1,9,0,18,0,8,0,0,0,0,1,1,6,2,31,6,1560,2,4,-1,1
201401XH30289,2,9,0,18,0,8,0,0,0,0,3,1,6,1,53,8,1997,2,2,10,1
201401XH30290,1,9,0,18,0,0,0,0,0,0,1,1,6,2,22,5,698,1,10,8,1
201401XH30290,2,9,0,18,0,0,0,0,0,0,2,1,6,2,28,6,1198,1,4,2,1
201401XH30291,1,3,0,7,0,8,0,0,0,0,1,1,6,1,21,5,124,1,-1,6,1
201401XH30291,2,9,0,18,0,8,0,0,0,0,1,1,6,1,40,7,1364,1,8,6,1
201401XH30292,1,90,0,4,0,1,0,0,0,0,2,1,1,1,-1,-1,-1,-1,-1,-1,-1
201401XH30292,2,9,0,4,0,1,0,0,0,0,2,1,6,1,45,7,1796,1,7,6,1
201401XH30292,3,9,0,18,0,1,0,0,0,0,1,1,6,1,20,4,1896,2,9,3,1
201401XH30294,1,9,0,18,0,0,0,0,0,0,1,1,6,3,-1,-1,-1,-1,-1,-1,-1
201401XH30295,1,9,0,5,0,8,0,0,0,0,1,1,6,1,20,4,-1,-1,-1,4,1
201401XH30295,2,9,0,18,0,8,0,0,0,0,4,1,6,1,42,7,1995,2,11,5,1
201401XH30296,1,9,0,18,0,8,0,0,0,0,4,1,6,1,42,7,1997,2,13,3,1
201401XH30296,2,9,0,18,0,8,0,0,0,0,1,1,6,2,30,6,1968,2,8,1,1
201401XH30296,3,9,0,10,0,8,0,0,0,0,1,1,6,1,-1,-1,1796,1,9,6,1
201401XH30297,1,9,0,11,0,1,0,0,0,0,4,1,6,1,30,6,-1,-1,-1,-1,1
201401XH30297,2,5,0,18,0,1,0,0,0,0,3,1,6,1,34,6,-1,-1,-1,5,1
201401XH30298,1,9,0,18,0,1,0,10,7,3,1,1,6,2,80,11,-1,-1,-1,2,1
201401XH30299,1,1,0,18,0,8,0,0,0,0,4,1,6,1,72,10,-1,-1,-1,5,1
201401XH30299,2,9,0,7,0,8,0,0,0,0,1,1,6,3,-1,-1,-1,-1,-1,-1,-1
201401XH30300,1,9,0,7,0,8,0,0,0,0,1,1,2,1,25,5,1595,1,10,7,1
201401XH30300,2,9,0,1,0,8,0,0,0,0,2,1,6,2,-1,-1,1910,2,8,-1,-1
201401XH30301,1,11,0,18,0,0,0,0,0,0,0,1,1,1,47,8,4500,2,4,2,1
201401XH30302,1,11,0,16,0,8,0,0,0,0,3,1,1,1,34,6,3900,2,10,5,1
201401XH30302,2,9,0,7,0,8,0,0,0,0,1,1,6,1,-1,-1,1395,1,-1,-1,-1
201401XH30303,1,1,0,18,0,8,0,0,0,0,1,1,6,1,47,8,-1,-1,-1,3,1
201401XH30303,2,9,0,5,0,8,0,0,0,0,3,1,6,3,-1,-1,-1,-1,-1,-1,-1
201401XH30306,1,9,0,3,0,2,0,0,0,0,2,1,3,2,31,6,1896,2,9,3,1
201401XH30306,2,9,0,18,0,2,0,0,0,0,1,1,6,2,-1,-1,1895,1,14,-1,-1
201401XH30307,1,9,0,3,0,1,0,0,0,0,2,1,6,1,51,8,2400,2,1,8,1
201401XH30307,2,9,0,18,0,1,0,0,0,0,1,1,6,1,27,6,-1,-1,-1,3,1
201401XH30308,1,9,0,3,0,2,0,0,0,0,2,1,6,2,65,9,1299,1,15,3,1
201401XH30308,2,20,0,18,0,2,0,0,0,0,1,1,6,3,-1,-1,4461,2,2,-1,-1
201401XH30310,1,8,0,4,0,0,0,0,0,0,2,1,1,1,54,8,1753,2,7,4,1
201401XH30310,2,5,0,18,0,0,0,0,0,0,1,1,2,1,34,6,652,1,4,6,1
201401XH30311,1,9,0,18,0,8,0,0,0,0,1,1,6,1,-1,-1,1461,2,5,-1,-1
201401XH30311,2,9,0,5,0,8,0,0,0,0,3,1,6,1,26,6,1995,2,1,6,1
201401XH30311,3,9,0,5,0,8,0,0,0,0,4,1,6,1,57,9,1997,2,3,2,1
201401XH30312,1,9,0,3,0,8,0,0,0,0,2,1,6,2,23,5,1398,1,4,4,1
201401XH30312,2,9,0,5,0,8,0,0,0,0,1,1,6,2,-1,-1,1781,1,10,-1,-1
201401XH30313,1,9,0,3,0,1,0,0,0,0,2,1,6,1,48,8,1339,1,9,-1,-1
201401XH30313,2,9,0,18,0,1,0,0,0,0,1,1,6,3,-1,-1,1364,1,5,-1,-1
201401XH30315,1,11,0,5,0,0,0,0,0,0,0,1,1,1,39,7,6700,2,2,3,1
201401XH30316,1,9,0,3,0,1,0,0,0,0,2,1,6,1,64,9,1598,1,9,2,1
201401XH30316,2,9,0,18,0,1,0,0,0,0,1,1,6,2,50,8,2204,2,6,4,1
201401XH30317,1,9,0,18,0,8,0,0,0,0,4,1,6,2,30,6,1995,2,7,5,1
201401XH30317,2,9,0,7,0,8,0,0,0,0,3,1,6,1,41,7,2496,1,12,7,1
201401XH30318,1,2,0,18,0,0,0,0,0,0,1,1,6,2,22,5,49,1,4,4,1
201401XH30319,1,9,0,18,0,1,0,0,0,0,1,1,6,1,64,9,1229,1,2,6,1
201401XH30319,2,9,0,3,0,1,0,0,0,0,2,1,6,2,20,4,-1,-1,-1,4,1
201401XH30319,3,9,0,10,0,8,0,0,0,0,2,1,6,1,51,8,1560,2,1,4,1
201401XH30320,1,9,0,9,0,8,0,0,0,0,3,1,6,1,82,11,1986,2,7,4,1
201401XH30320,2,9,0,18,0,8,0,0,0,0,1,1,6,2,35,6,1364,1,5,-1,-1
201401XH30322,1,3,0,12,0,1,1,0,0,0,3,1,6,1,19,4,49,1,5,2,1
201401XH30322,2,9,0,3,0,1,0,0,0,0,4,1,6,1,-1,-1,1299,1,14,-1,-1
201401XH30325,1,9,0,18,0,1,0,0,0,0,1,1,6,2,47,8,1995,2,2,6,1
201401XH30327,1,1,0,9,0,8,0,0,0,0,4,1,2,1,25,5,-1,-1,-1,4,1
201401XH30327,2,9,0,9,0,8,0,0,0,0,3,1,6,1,-1,-1,-1,-1,-1,-1,-1
201401XH30329,1,9,0,4,4,8,0,0,0,0,2,1,6,1,47,8,-1,-1,-1,5,1
201401XH30329,2,19,0,18,0,8,0,0,0,0,1,1,6,1,31,6,2151,2,12,4,1
201401XH30330,1,9,0,7,0,8,0,0,0,0,3,1,6,2,59,9,1400,1,8,2,1
201401XH30330,2,1,0,5,4,8,0,0,0,0,1,1,6,1,59,9,-1,-1,-1,6,1
201401XH30331,1,1,0,18,0,2,1,10,0,0,0,1,2,1,39,7,-1,-1,-1,5,1
201401XH30332,1,9,0,17,0,8,0,0,0,0,3,1,2,2,20,4,1199,1,13,6,1
201401XH30332,2,20,0,17,0,8,0,0,0,0,4,1,1,1,-1,-1,6370,2,9,-1,-1
201401XH30333,1,9,0,7,0,8,0,10,1,10,4,1,2,2,49,8,1995,1,12,2,1
201401XH30333,2,9,0,7,0,8,0,0,0,0,0,1,6,3,-1,-1,-1,-1,-1,-1,-1
201401XH30334,1,9,0,18,0,1,0,0,0,0,1,1,6,3,-1,-1,-1,-1,-1,-1,-1
201401XH30335,1,9,0,7,0,8,0,0,0,0,4,1,6,1,43,7,1595,1,6,4,1
201401XH30335,2,5,0,18,2,8,0,0,0,0,1,1,6,1,51,8,865,1,6,-1,-1
201401XH30336,1,9,0,9,0,1,0,0,0,0,1,1,1,2,42,7,1560,2,1,5,1
201401XH30336,2,9,0,18,0,1,0,0,0,0,3,1,6,1,41,7,1796,1,9,9,1
201401XH30337,1,11,0,2,0,2,0,0,0,0,0,1,1,2,-1,-1,9360,2,4,-1,-1
201401XH30338,1,9,0,18,0,0,0,0,0,0,4,1,6,1,35,6,2387,2,12,6,1
201401XH30338,2,9,0,18,0,0,0,0,0,0,4,1,6,1,43,7,2148,2,5,5,2
201401XH30340,1,9,0,3,0,0,0,0,0,0,2,1,6,2,29,6,1332,1,2,9,1
201401XH30340,2,9,0,4,0,0,0,0,0,0,2,1,6,1,47,8,1240,1,10,3,1
201401XH30340,3,9,0,18,0,0,0,0,0,0,1,1,6,2,43,7,1364,1,6,3,1
201401XH30341,1,9,0,18,0,8,0,0,0,0,1,1,6,1,21,5,1198,1,2,5,1
201401XH30341,2,3,0,18,0,8,0,0,0,0,3,1,6,1,31,6,645,1,2,4,1
201401XH30342,1,9,0,18,0,1,0,0,0,0,1,1,6,2,55,8,1389,1,13,2,1
201401XH30344,1,5,0,4,0,1,0,0,0,0,2,1,2,1,46,8,647,1,15,10,3
201401XH30344,2,9,0,18,0,1,0,0,0,0,1,1,6,1,-1,-1,2143,2,5,5,1
201401XH30345,1,3,0,13,0,0,0,0,0,0,4,1,6,2,25,5,125,1,2,5,1
201401XH30345,2,1,0,18,0,0,0,0,0,0,3,1,6,1,48,8,-1,-1,-1,4,1
201401XH30346,1,9,0,17,0,8,0,0,0,0,4,1,6,1,24,5,1590,1,1,4,1
201401XH30346,2,9,0,5,0,8,0,0,0,0,1,1,6,3,-1,-1,1240,1,6,-1,-1
201401XH30347,1,9,0,7,0,1,0,0,0,0,4,1,6,1,33,6,1753,2,4,9,1
201401XH30347,2,9,0,18,0,1,0,0,0,0,1,1,6,2,49,8,1339,1,2,3,1
201401XH30348,1,9,0,9,0,8,0,0,0,0,4,1,6,1,25,5,1242,1,8,6,2
201401XH30348,2,9,0,15,0,8,0,0,0,0,1,1,6,2,45,7,1329,1,1,7,1
201401XH30349,1,9,0,18,0,0,0,10,0,0,4,1,2,1,34,6,4999,1,9,-1,-1
201401XH30349,2,9,0,12,0,0,0,0,0,0,3,1,6,1,-1,-1,1910,2,12,-1,-1
201401XH30350,1,8,0,12,0,0,0,0,0,0,2,1,1,1,46,8,2143,2,5,3,1
201401XH30350,2,5,0,18,0,0,0,0,0,0,1,1,1,1,31,6,1299,1,7,-1,1
201401XH30351,1,9,0,7,0,8,0,0,0,0,1,1,6,2,41,7,1968,2,6,7,1
201401XH30353,1,9,0,18,0,1,0,10,1,1,1,1,6,2,31,6,1781,1,11,4,1
201401XH30353,2,9,0,2,9,1,0,0,0,0,3,1,6,3,-1,-1,1798,1,6,-1,-1
201401XH30357,1,9,0,18,0,8,0,0,0,0,4,1,6,1,26,6,1598,1,11,-1,-1
201401XH30357,2,9,0,12,0,8,0,0,0,0,3,1,6,1,-1,-1,1598,1,1,-1,-1
201401XH30358,1,3,0,11,0,0,0,0,0,0,4,1,2,1,45,7,125,1,5,8,1
201401XH30358,2,9,0,11,0,0,0,0,0,0,3,1,2,1,51,8,1560,2,4,7,1
201401XH30359,1,9,0,18,0,0,0,0,0,0,4,1,6,2,26,6,1968,2,10,9,1
201401XH30361,1,9,0,3,0,1,0,0,0,0,2,1,6,1,18,4,1299,1,13,-1,-1
201401XH30361,2,9,0,18,0,1,0,0,0,0,1,1,6,2,51,8,-1,-1,-1,3,1
201401XH30363,1,9,0,13,0,0,0,0,0,0,1,1,6,1,44,7,1956,2,-1,4,1
201401XH30363,2,9,0,18,0,0,0,0,0,0,1,1,6,1,41,7,2996,1,6,8,1
201401XH30365,1,9,0,9,0,8,0,0,0,0,1,1,6,2,27,6,998,1,1,-1,1
201401XH30365,2,3,0,14,0,8,0,0,0,0,1,1,6,1,21,5,125,1,-1,-1,-1
201401XH30366,1,9,0,18,0,1,0,0,0,0,2,1,6,2,32,6,1596,1,13,4,1
201401XH30366,2,9,0,18,0,1,0,0,0,0,1,1,6,1,49,8,1896,2,9,3,1
201401XH30367,1,9,0,18,0,0,0,0,0,0,1,1,6,1,35,6,1587,1,9,-1,-1
201401XH30367,2,9,0,3,0,0,0,0,0,0,2,1,6,1,44,7,1968,2,-1,-1,-1
201401XH30367,3,9,0,3,0,0,0,0,0,0,2,1,6,1,40,7,1596,1,9,4,1
201401XH30367,4,9,0,3,0,0,0,0,0,0,2,1,6,1,42,7,1598,1,1,7,1
201401XH30369,1,9,0,5,0,0,0,0,1,0,1,1,2,1,44,7,1590,1,11,-1,-1
201401XH30369,2,5,0,5,0,0,0,0,1,1,2,1,2,1,54,8,782,1,7,-1,-1
201401XH30370,1,9,0,3,0,0,0,0,0,0,2,1,6,1,24,5,1595,1,1,1,1
201401XH30370,2,9,0,3,0,0,0,0,0,0,2,1,6,1,43,7,1598,1,6,3,1
201401XH30370,3,9,0,4,0,0,0,0,0,0,1,1,6,1,41,7,1840,1,17,2,1
201401XH30371,1,9,0,2,0,1,0,0,0,0,2,1,6,2,-1,-1,1984,7,5,3,1
201401XH30371,2,9,0,18,0,1,0,4,0,0,1,1,6,2,44,7,1598,1,10,5,1
201401XH30372,1,9,0,18,0,0,0,4,0,0,1,1,6,1,24,5,1360,1,9,5,1
201401XH30372,2,9,0,2,0,0,0,0,0,0,1,1,6,2,26,6,1461,2,1,5,1
201401XH30372,3,19,0,2,0,0,0,0,0,0,2,1,6,1,-1,-1,2148,2,9,5,1
201401XH30373,1,9,0,1,0,1,0,0,0,0,2,1,1,1,54,8,1000,1,-1,5,1
201401XH30374,1,11,0,9,0,8,0,0,0,0,0,1,1,1,48,8,4500,2,4,-1,-1
201401XH30376,1,9,0,4,0,0,0,0,0,0,2,1,6,2,45,7,1242,1,13,2,1
201401XH30376,2,9,0,4,0,0,0,0,0,0,1,1,6,1,23,5,1199,1,12,5,2
201401XH30377,1,11,0,5,0,0,0,0,0,0,0,1,1,1,48,8,9360,2,4,1,1
201401XH30378,1,8,0,3,0,0,0,0,0,0,2,1,1,1,44,7,2497,2,2,2,1
201401XH30378,2,9,0,4,0,0,0,0,0,0,2,1,6,1,30,6,1198,1,2,4,1
201401XH30378,3,11,0,18,0,0,0,0,0,0,1,1,1,1,25,5,9000,2,5,-1,-1
201401XH30380,1,9,0,18,0,0,0,0,0,0,3,1,6,2,23,5,1390,1,14,7,1
201401XH30380,2,9,0,13,0,0,0,0,0,0,4,1,6,3,-1,-1,-1,-1,-1,-1,-1
201401XH30381,1,5,0,18,0,0,0,0,0,0,1,1,6,1,30,6,599,1,7,6,2
201401XH30381,2,9,0,18,0,0,0,0,0,0,2,1,6,1,-1,-1,-1,-1,-1,8,1
201401XH30382,1,9,0,4,0,1,0,0,0,0,2,1,6,1,26,6,1596,1,3,4,1
201401XH30382,2,9,0,18,0,1,0,0,0,0,1,1,6,1,57,9,1590,1,17,9,1
201401XH30385,1,2,0,18,0,2,1,7,0,0,1,1,6,1,17,4,49,1,2,10,1
201401XH30386,1,9,0,16,0,0,0,0,0,0,1,1,6,1,27,6,1398,1,3,2,1
201401XH30386,2,9,0,17,0,0,0,0,0,0,1,1,6,1,63,9,2985,2,9,-1,1
201401XH30387,1,9,0,14,0,0,0,0,0,0,1,1,6,1,23,5,1796,1,9,4,1
201401XH30388,1,9,0,18,0,1,0,0,0,0,1,1,6,1,20,4,1390,1,11,5,1
201401XH30390,1,9,0,2,0,0,0,0,0,0,2,1,6,3,-1,-1,1598,1,4,-1,-1
201401XH30390,2,1,0,18,0,0,0,4,0,0,1,1,1,1,16,4,-1,-1,-1,3,1
201401XH30391,1,19,0,5,0,8,0,0,0,0,1,1,6,1,47,8,2198,2,5,8,1
201401XH30391,2,9,0,18,0,8,0,4,0,0,3,1,6,2,50,8,1198,1,4,8,1
201401XH30392,1,11,0,5,0,0,0,0,0,0,0,1,1,1,55,8,-1,-1,-1,-1,-1
201401XH30393,1,19,0,18,0,0,0,0,0,0,4,1,6,1,56,9,2460,2,10,4,1
201401XH30394,1,19,0,18,0,1,0,10,1,3,1,1,1,1,25,5,1753,2,6,5,1
201401XH30395,1,1,0,18,9,1,0,0,0,0,1,1,6,1,19,4,-1,-1,-1,4,1
201401XH30396,1,9,0,18,0,0,5,4,0,0,1,1,6,1,30,6,1296,1,19,2,1
201401XH30396,2,9,0,2,0,0,0,0,0,0,1,1,6,3,-1,-1,1598,1,7,-1,-1
201401XH30397,1,4,0,9,0,8,0,10,7,10,1,1,6,1,-1,-1,249,1,2,-1,-1
201401XH30398,1,9,0,7,0,8,0,0,0,0,4,1,6,2,21,5,2996,1,8,10,1
201401XH30398,2,9,0,18,0,8,0,0,0,0,3,1,6,2,31,6,1200,1,10,2,1
201401XH30400,1,9,0,18,0,0,0,0,0,0,1,1,6,3,-1,-1,-1,-1,-1,-1,-1
201401XH30401,1,9,0,18,9,0,0,10,1,2,1,1,6,2,26,6,2351,1,13,6,1
201401XH30402,1,9,0,6,0,0,0,0,0,0,4,1,6,1,32,6,2199,2,6,2,1
201401XH30402,2,3,0,18,0,0,0,0,0,0,1,1,1,1,26,6,108,1,1,5,1
201401XH30403,1,9,0,7,0,8,0,0,0,0,1,1,6,1,17,4,1198,1,9,10,1
201401XH30403,2,1,0,17,0,8,0,0,0,0,4,1,6,1,45,7,-1,-1,-1,8,1
201401XH30404,1,1,0,18,0,1,0,0,0,0,3,1,2,1,38,7,-1,-1,-1,4,1
201401XH30404,2,9,0,18,0,1,0,0,0,0,4,1,6,3,-1,-1,1995,2,2,-1,-1
201401XH30405,1,9,0,18,0,1,0,7,0,0,1,1,6,1,84,11,1390,1,3,9,1
201401XH30406,1,9,0,16,0,1,0,10,1,0,3,1,1,1,25,5,1390,1,12,5,1
201401XH30406,2,19,0,17,0,1,0,0,0,0,3,1,1,1,35,6,2402,2,11,8,1
201401XH30407,1,9,0,18,0,2,0,0,0,0,1,1,2,2,53,8,1242,1,13,9,1
201401XH30408,1,1,0,18,0,1,0,0,0,0,2,1,6,1,14,3,-1,-1,-1,1,1
201401XH30408,2,9,0,7,0,1,0,0,0,0,1,1,6,1,-1,-1,-1,-1,-1,-1,-1
201401XH30409,1,9,0,9,0,1,0,0,0,0,1,1,2,1,69,10,2495,1,12,5,3
201401XH30410,1,9,0,17,0,1,0,0,0,0,1,1,6,2,30,6,1781,1,14,10,2
201401XH30410,2,9,0,16,0,2,0,0,0,0,1,1,6,1,19,4,1388,1,15,5,1
201401XH30411,1,9,0,7,0,1,0,0,0,0,4,1,1,1,39,7,1461,2,1,7,1
201401XH30411,2,1,0,15,0,1,0,0,0,0,3,1,6,1,47,8,-1,-1,-1,6,1
201401XH30412,1,9,0,4,0,0,0,0,0,0,2,1,6,2,43,7,1997,2,14,2,1
201401XH30412,2,9,0,18,0,0,0,0,0,0,1,1,6,2,36,7,2000,2,9,6,1
201401XH30413,1,9,0,3,0,1,0,0,0,0,2,1,3,2,38,7,1686,2,5,2,1
201401XH30413,2,9,0,18,0,1,0,0,0,0,1,1,6,1,-1,-1,1560,2,1,-1,-1
201401XH30414,1,9,0,18,0,8,0,0,0,0,4,1,6,2,23,5,1248,1,2,9,3
201401XH30414,2,9,0,9,0,8,0,0,0,0,1,1,1,1,42,7,1997,2,4,3,1
201401XH30415,1,9,0,5,0,0,0,0,0,0,1,1,6,1,49,8,2400,2,22,2,1
201401XH30415,2,9,0,4,0,0,0,0,0,0,2,1,6,2,35,6,1798,1,2,4,2
201401XH30416,1,5,0,13,0,0,0,0,0,0,1,1,2,1,33,6,953,1,8,9,1
201401XH30416,2,9,0,12,0,0,0,0,0,0,3,1,2,1,31,6,1799,1,7,3,1
201401XH30419,1,9,0,3,0,0,0,0,0,0,2,1,6,1,70,10,2799,1,17,5,1
201401XH30419,2,9,0,18,0,0,0,0,0,0,1,1,6,1,41,7,998,1,7,3,1
201401XH30420,1,9,0,18,0,8,0,0,0,0,3,1,6,2,34,6,1995,2,10,4,1
201401XH30420,2,9,0,9,0,8,0,0,0,0,1,1,6,3,-1,-1,-1,-1,-1,-1,-1
201401XH30421,1,8,0,12,0,1,0,0,0,0,3,1,1,1,-1,-1,-1,-1,-1,-1,-1
201401XH30421,2,9,0,18,0,1,0,0,0,0,4,1,6,1,-1,-1,-1,-1,-1,-1,-1
201401XH30422,1,9,0,18,0,8,0,0,0,0,1,1,6,2,22,5,1999,1,7,1,1
201401XH30422,2,9,0,18,0,8,0,0,0,0,4,1,6,2,23,5,2184,2,10,5,1
201401XH30423,1,9,0,18,0,8,0,10,1,0,1,1,6,1,22,5,2000,1,7,8,1
201401XH30423,2,9,0,18,0,8,0,10,1,0,4,1,6,2,31,6,1596,1,1,6,1
201401XH30423,3,9,0,18,0,8,0,0,0,0,3,1,6,2,45,7,1360,1,7,9,1
201401XH30424,1,9,0,17,0,8,0,0,0,0,4,1,1,1,27,6,1995,2,5,9,2
201401XH30424,2,9,0,9,0,8,0,0,0,0,1,1,1,2,51,8,1596,1,8,10,1
201401XH30425,1,9,0,17,0,0,0,0,0,0,1,1,6,1,77,11,1560,2,5,4,1
201401XH30425,2,9,0,16,0,0,0,0,0,0,1,1,3,2,45,7,1799,1,3,3,1
201401XH30427,1,11,0,4,0,0,0,0,0,0,0,1,1,1,43,7,6700,2,2,3,1
201401XH30432,1,9,0,9,0,1,5,10,1,10,1,1,2,1,86,11,1389,1,8,7,1
201401XH30433,1,9,0,18,0,1,0,0,0,0,3,1,1,1,31,6,-1,-1,-1,3,1
201401XH30434,1,9,0,18,0,2,0,0,0,0,3,1,6,2,45,7,1587,1,12,6,1
201401XH30434,2,9,0,14,0,1,0,0,0,0,1,1,1,2,-1,-1,1968,2,1,-1,-1
201401XH30435,1,9,0,9,0,8,0,10,1,10,1,1,1,1,27,6,1799,1,8,6,1
201401XH30436,1,9,0,9,0,8,0,0,0,0,1,1,1,1,34,6,1968,2,1,3,1
201401XH30436,2,9,0,18,0,8,0,0,0,0,4,1,6,1,30,6,1390,1,13,4,1
201401XH30437,1,9,0,4,0,0,0,0,0,0,2,1,6,2,39,7,1997,2,5,8,1
201401XH30437,2,9,0,4,0,0,0,0,0,0,2,1,6,2,23,5,973,1,15,5,3
201401XH30437,3,9,0,18,0,0,0,0,0,0,1,1,6,1,41,7,1781,1,9,7,1
201401XH30438,1,8,0,9,0,8,0,0,0,0,3,1,1,1,33,6,1896,2,8,6,1
201401XH30438,2,9,0,18,0,8,0,0,0,0,1,1,6,1,27,6,2996,2,5,6,1
201401XH30439,1,9,0,18,0,0,5,4,0,0,1,1,6,2,30,6,1598,1,1,9,1
201401XH30439,2,9,0,18,0,0,0,0,0,0,1,1,6,1,-1,-1,-1,-1,-1,-1,-1
201401XH30439,3,9,0,2,0,0,0,0,0,0,1,1,6,3,-1,-1,1596,1,15,-1,-1
201401XH30439,4,9,0,2,0,0,0,0,0,0,1,1,6,3,-1,-1,1781,1,14,-1,-1
201401XH30440,1,8,0,5,0,0,0,0,0,0,4,1,1,1,-1,-1,-1,-1,-1,-1,-1
201401XH30441,1,1,0,7,0,1,0,0,0,0,1,1,6,1,41,7,-1,-1,-1,4,1
201401XH30441,2,9,0,15,0,1,0,0,0,0,3,1,6,1,-1,-1,-1,-1,-1,-1,-1
201401XH30442,1,9,0,18,0,8,0,0,0,0,1,1,6,1,30,6,1995,2,6,2,1
201401XH30442,2,9,0,18,0,8,0,0,0,0,3,1,2,1,47,8,2494,1,14,2,1
201401XH30444,1,9,0,3,0,1,0,0,0,0,2,1,6,2,23,5,1242,1,6,5,1
201401XH30444,2,19,0,4,0,1,0,0,0,0,1,1,6,1,63,9,2198,2,7,7,1
201401XH30446,1,9,0,18,0,0,0,10,1,2,1,1,6,2,17,4,998,1,11,7,1
201401XH30448,1,9,0,18,0,8,0,0,0,0,1,1,6,1,-1,-1,-1,-1,-1,-1,-1
201401XH30448,2,1,0,18,0,6,0,0,0,0,4,1,6,1,34,6,-1,-1,-1,4,1
201401XH30449,1,9,0,2,0,1,0,0,0,0,4,1,6,1,54,8,1242,1,9,-1,-1
201401XH30449,2,9,0,18,0,1,0,4,0,0,4,1,6,2,32,6,1997,2,2,4,1
201401XH30450,1,9,0,3,0,2,0,0,0,0,2,1,6,2,22,5,1598,1,5,3,1
201401XH30450,2,9,0,18,0,2,0,0,0,0,1,1,6,1,-1,-1,1598,1,11,-1,-1
201401XH30451,1,9,0,18,0,1,0,0,0,0,1,1,1,1,20,4,1995,1,7,5,1
201401XH30451,2,9,0,5,0,2,0,0,0,0,3,1,6,1,45,7,1761,1,13,3,1
201401XH30452,1,9,0,9,0,1,0,0,0,0,3,1,6,1,23,5,1390,1,11,7,1
201401XH30452,2,3,0,13,0,1,0,0,0,0,1,1,6,1,19,4,124,1,2,4,1
201401XH30453,1,5,0,4,0,2,0,0,0,0,4,1,6,1,34,6,805,1,17,7,1
201401XH30453,2,9,0,4,0,2,0,0,0,0,3,1,6,1,62,9,1386,1,4,5,1
201401XH30454,1,2,0,18,0,0,0,4,0,0,1,1,1,1,33,6,108,1,1,2,1
201401XH30454,2,9,0,2,0,0,0,0,0,0,2,1,6,1,33,6,998,1,11,-1,-1
201401XH30455,1,9,0,4,0,2,0,0,0,0,2,1,6,2,32,6,1197,1,3,6,1
201401XH30455,2,9,0,12,0,2,0,0,0,0,1,1,2,1,32,6,1598,1,14,3,1
201401XH30456,1,9,0,18,0,8,0,0,0,0,1,1,6,1,32,6,1995,1,6,9,1
201401XH30456,2,9,0,6,0,8,0,0,0,0,3,1,6,1,28,6,1896,2,11,6,1
201401XH30458,1,9,0,2,0,0,0,0,0,0,2,1,6,2,33,6,2967,2,-1,5,1
201401XH30458,2,9,0,4,0,0,0,4,0,0,1,1,6,2,-1,-1,1332,1,15,8,1
201401XH30459,1,11,0,4,0,1,0,0,0,0,0,1,1,1,50,8,-1,-1,-1,5,1
201401XH30460,1,8,0,3,0,0,0,0,0,0,2,1,2,1,40,7,2402,2,9,6,1
201401XH30460,2,9,0,18,0,0,0,0,0,0,1,1,6,1,-1,-1,2926,2,9,-1,-1