Accident_Index,Vehicle_Reference,Vehicle_Type,Towing_and_Articulation,Vehicle_Manoeuvre,Vehicle_Location-Restricted_Lane,Junction_Location,Skidding_and_Overturning,Hit_Object_in_Carriageway,Vehicle_Leaving_Carriageway,Hit_Object_off_Carriageway,1st_Point_of_Impact,Was_Vehicle_Left_Hand_Drive?,Journey_Purpose_of_Driver,Sex_of_Driver,Age_of_Driver,Age_Band_of_Driver,Engine_Capacity_(CC),Propulsion_Code,Age_of_Vehicle,Driver_IMD_Decile,Driver_Home_Area_Type
201401XH30461,1,9,0,18,0,8,0,0,0,0,4,1,6,1,40,7,1783,1,10,2,1
201401XH30461,2,9,0,9,0,8,0,0,0,0,1,1,6,2,-1,-1,1968,2,4,-1,-1
201401XH30463,1,9,0,18,0,0,0,0,0,0,1,1,6,1,28,6,2184,2,11,2,1
201401XH30463,2,9,0,4,0,0,0,0,0,0,2,1,6,2,48,8,1597,1,4,7,1
201401XH30465,1,9,0,3,0,2,0,0,0,0,2,1,1,2,33,6,1598,1,4,4,1
201401XH30465,2,9,0,14,0,2,0,0,0,0,1,1,1,1,50,8,1600,1,15,4,1
201401XH30465,3,9,0,18,0,1,0,0,0,0,1,1,1,1,37,7,1199,1,12,8,1
201401XH30466,1,9,0,18,0,8,0,8,1,1,1,1,1,1,19,4,-1,-1,-1,7,2
201401XH30468,1,9,0,3,0,1,0,0,0,0,2,1,2,1,50,8,999,1,6,3,1
201401XH30468,2,9,0,18,0,1,0,0,0,0,1,1,6,1,-1,-1,-1,-1,-1,-1,-1
201401XH30469,1,8,0,2,0,1,0,0,0,0,3,1,1,1,38,7,1995,2,10,3,1
201401XH30469,2,1,0,18,0,1,0,0,0,0,1,1,6,1,39,7,-1,-1,-1,3,1
201401XH30473,1,9,0,5,0,0,0,0,0,0,4,1,3,1,37,7,1796,1,10,5,1
201401XH30473,2,11,0,5,0,0,0,0,0,0,1,1,1,1,39,7,4500,2,3,3,1
201401XH30474,1,9,0,16,0,0,0,0,0,0,1,1,6,1,19,4,1198,1,8,4,1
201401XH30474,2,11,0,17,0,0,0,0,0,0,3,1,1,1,58,9,4500,2,4,3,1
201401XH30475,1,9,0,1,0,1,0,0,0,0,2,1,6,3,-1,-1,-1,-1,-1,-1,-1
201401XH30478,1,9,0,18,0,2,5,10,1,0,4,1,6,1,33,6,1198,1,11,2,1
201401XH30479,1,11,0,5,0,1,0,0,0,0,0,1,1,1,-1,-1,-1,-1,-1,-1,-1
201401XH30480,1,9,0,18,0,0,0,10,1,10,1,1,6,2,26,6,1229,1,3,5,1
201401XH30481,1,9,0,7,0,2,0,0,0,0,3,1,6,1,50,8,998,1,2,-1,1
201401XH30481,2,1,0,18,0,1,0,0,0,0,1,1,2,1,52,8,-1,-1,-1,7,1
201401XH30482,1,5,0,3,0,1,0,0,0,0,2,1,6,1,51,8,1171,1,15,7,1
201401XH30482,2,9,0,5,0,1,0,0,0,0,1,1,6,2,52,8,1597,1,18,2,1
201401XH30483,1,5,0,18,0,1,0,0,0,0,3,1,6,1,-1,-1,689,1,-1,-1,-1
201401XH30483,2,9,0,4,0,1,0,0,0,0,4,1,6,1,-1,-1,2987,2,1,-1,-1
201401XH30484,1,9,0,17,0,8,0,0,0,0,4,1,6,1,23,5,1968,2,10,4,1
201401XH30484,2,9,0,9,0,8,0,0,0,0,1,1,6,2,62,9,1598,1,5,5,1
201401XH30485,1,9,0,16,0,0,0,0,0,0,1,1,6,1,36,7,1995,2,11,4,2
201401XH30485,2,9,0,18,0,0,0,0,0,0,1,1,6,1,-1,-1,1910,2,6,-1,-1
201401XH30486,1,9,0,3,0,1,0,0,0,0,2,1,6,1,28,6,2494,2,1,-1,-1
201401XH30486,2,9,0,18,0,1,0,0,0,0,1,1,6,2,45,7,1195,1,17,5,1
201401XH30487,1,9,0,18,0,0,5,4,0,0,4,1,6,2,24,5,1242,1,4,6,1
201401XH30487,2,9,0,2,0,0,0,0,0,0,4,1,6,2,55,8,1242,1,4,-1,-1
201401XH30487,3,9,0,2,0,0,0,0,0,0,4,1,6,1,33,6,-1,-1,-1,-1,-1
201401XH30489,1,3,0,18,0,0,0,10,4,6,3,1,6,1,20,4,124,1,2,4,1
201401XH30490,1,9,0,16,0,8,0,0,0,0,4,1,6,1,49,8,2143,2,2,2,1
201401XH30490,2,9,0,16,0,8,0,10,7,0,3,1,6,1,-1,-1,698,1,10,10,1
201401XH30492,1,9,0,3,0,1,0,0,0,0,2,1,6,2,44,7,1796,1,11,4,2
201401XH30492,2,9,0,18,0,1,0,0,0,0,1,1,6,1,-1,-1,1195,1,16,-1,-1
201401XH30493,1,1,0,18,0,8,0,0,0,0,4,1,6,1,42,7,-1,-1,-1,4,1
201401XH30493,2,9,0,5,0,8,0,0,0,0,1,1,6,1,45,7,-1,-1,-1,3,1
201401XH30494,1,9,0,5,0,1,0,0,0,0,1,1,6,1,57,9,4973,1,24,4,1
201401XH30497,1,3,0,18,9,1,0,0,0,0,1,1,6,3,-1,-1,-1,-1,-1,-1,-1
201401XH30499,1,9,0,4,0,0,0,0,0,0,2,1,6,3,-1,-1,-1,-1,-1,-1,-1
201401XH30499,2,9,0,4,0,0,0,0,0,0,2,1,6,1,33,6,1493,1,16,6,1
201401XH30499,3,9,0,18,0,0,0,0,0,0,1,1,6,1,29,6,1391,1,12,7,1
201401XH30500,1,9,0,18,0,0,0,0,0,0,1,1,6,1,-1,-1,1560,2,1,4,1
201401XH30500,2,9,0,13,0,0,0,0,0,0,1,1,6,1,-1,-1,1242,1,8,-1,-1
201401XH30501,1,9,0,18,0,0,0,4,8,10,1,1,6,2,55,8,1389,1,8,6,1
201401XH30502,1,9,0,4,0,1,0,0,0,0,2,1,6,1,54,8,2149,2,6,3,1
201401XH30502,2,9,0,18,0,1,0,0,0,0,1,1,6,2,-1,-1,998,1,10,10,1
201401XH30503,1,9,0,3,0,1,0,0,0,0,2,1,6,2,37,7,1598,1,9,9,1
201401XH30503,2,9,0,18,0,1,0,0,0,0,1,1,6,1,-1,-1,1390,1,10,-1,-1
201401XH30504,1,9,0,9,0,1,0,0,0,0,4,1,6,2,52,8,1390,1,13,3,1
201401XH30504,2,9,0,18,0,1,0,0,0,0,1,1,6,2,34,6,1598,1,11,3,1
201401XH30507,1,9,0,3,0,8,0,0,0,0,2,1,6,1,23,5,1339,1,10,4,1
201401XH30507,2,9,0,18,0,1,0,0,0,0,1,1,6,1,27,6,2498,2,16,-1,-1
201401XH30508,1,9,0,16,0,8,0,0,0,0,1,1,6,1,25,5,1598,1,8,5,1
201401XH30508,2,9,0,17,0,8,0,10,1,10,3,1,6,1,19,4,2800,2,19,4,1
201401XH30508,3,19,0,17,0,8,0,0,0,0,3,1,6,1,47,8,2400,2,13,-1,-1
201401XH30508,4,19,0,16,0,8,0,0,0,0,3,1,6,1,51,8,2402,2,9,9,3
201401XH30509,1,9,0,18,0,8,0,0,0,0,2,1,6,2,37,7,1995,2,7,5,1
201401XH30509,2,9,0,18,0,8,0,0,0,0,1,1,6,2,20,4,1984,1,7,8,2
201401XH30509,3,9,0,18,0,8,0,0,0,0,2,1,6,2,31,6,1598,1,11,4,1
201401XH30509,4,9,0,18,0,8,0,0,0,0,1,1,6,3,-1,-1,3498,1,15,-1,-1
201401XH30510,1,5,0,7,0,8,1,10,1,0,0,1,1,1,36,7,781,1,16,10,1
201401XH30510,2,9,0,12,0,8,0,0,0,0,0,1,6,3,-1,-1,-1,-1,-1,-1,-1
201401XH30511,1,1,0,18,4,8,0,0,0,0,1,1,6,1,36,7,-1,-1,-1,-1,-1
201401XH30511,2,9,0,7,0,5,0,0,0,0,4,1,6,2,-1,-1,2497,1,3,-1,-1
201401XH30514,1,11,0,4,0,1,0,0,0,0,0,1,1,1,50,8,9360,2,3,-1,1
201401XH30515,1,9,0,7,0,0,0,0,0,0,1,1,6,3,-1,-1,-1,-1,-1,-1,-1
201401XH30519,1,9,0,9,0,8,0,0,0,0,3,1,2,2,31,6,1799,1,5,10,1
201401XH30519,2,3,0,13,0,8,0,0,0,0,1,1,6,1,19,4,125,1,-1,-1,-1
201401XH30520,1,9,0,3,0,1,0,0,0,0,2,1,6,1,55,8,1598,1,1,7,1
201401XH30520,2,9,0,4,0,1,0,0,0,0,2,1,6,1,41,7,1596,1,9,5,1
201401XH30520,3,9,0,4,0,1,0,0,0,0,3,1,6,1,35,6,1368,1,4,10,1
201401XH30520,4,11,0,18,0,1,0,0,0,0,1,1,1,1,39,7,4249,2,-1,8,1
201401XH30522,1,9,0,3,0,2,0,0,0,0,2,1,6,1,-1,-1,-1,-1,-1,-1,-1
201401XH30522,2,9,0,18,0,2,0,0,0,0,1,1,6,2,20,4,1951,2,10,7,1
201401XH30523,1,9,0,2,0,0,0,0,0,0,3,1,6,1,42,7,2997,1,16,4,1
201401XH30523,2,9,0,5,0,0,0,0,0,0,4,1,6,1,-1,-1,-1,-1,-1,-1,-1
201401XH30524,1,9,0,5,0,6,0,0,0,0,4,1,6,1,67,10,-1,-1,-1,9,1
201401XH30526,1,9,0,5,0,8,0,0,0,0,1,1,2,2,52,8,1398,2,6,4,1
201401XH30527,1,9,0,2,0,0,0,0,0,0,1,1,6,2,20,4,1360,1,10,3,1
201401XH30527,2,9,0,1,0,0,0,4,0,0,2,1,6,2,-1,-1,1598,1,6,-1,-1
201401XH30528,1,4,0,9,0,8,0,0,0,0,1,1,2,1,52,8,998,1,-1,9,1
201401XH30528,2,19,0,6,0,8,0,0,0,0,3,1,1,1,-1,-1,1560,2,-1,9,3
201401XH30529,1,11,0,5,0,0,0,0,0,0,0,1,1,1,35,6,6871,2,7,2,1
201401XH30530,1,2,0,13,0,2,0,0,0,0,1,1,6,1,16,4,49,1,6,4,1
201401XH30530,2,9,0,5,0,2,0,0,0,0,3,1,6,2,-1,-1,-1,-1,-1,-1,-1
201401XH30531,1,9,0,18,0,6,0,0,1,10,3,1,2,2,37,7,1992,2,7,4,1
201401XH30531,2,9,0,14,0,8,0,0,0,0,1,1,1,1,27,6,-1,-1,-1,-1,-1
201401XH30532,1,9,0,18,0,0,0,0,0,0,4,1,6,1,31,6,1998,2,8,4,1
201401XH30533,1,11,0,18,0,0,0,0,0,0,0,1,1,1,40,7,8268,2,11,5,1
201401XH30534,1,9,0,5,0,2,0,4,0,0,1,1,6,1,44,7,1497,1,12,3,1
201401XH30535,1,1,0,18,0,8,0,0,0,0,4,1,6,1,51,8,-1,-1,-1,6,1
201401XH30535,2,9,0,18,0,8,0,0,0,0,1,1,6,1,37,7,1598,1,1,4,1
201401XH30537,1,9,0,18,0,0,0,0,1,2,4,1,6,1,35,6,1997,1,6,2,1
201401XH30538,1,19,0,3,0,0,0,0,0,0,2,1,6,1,22,5,1957,2,7,10,3
201401XH30538,2,21,1,18,0,0,0,0,0,0,1,1,1,1,26,6,11946,2,3,-1,-1
201401XH30540,1,9,0,18,0,1,0,0,7,2,1,1,6,1,63,9,-1,-1,-1,3,1
201401XH30541,1,9,0,18,0,0,0,0,0,0,2,1,6,2,42,7,1598,1,6,6,1
201401XH30541,2,9,0,18,0,0,0,0,0,0,1,1,6,2,74,10,1587,1,8,4,2
201401XH30543,1,19,0,18,0,0,0,0,0,0,4,1,6,3,-1,-1,-1,-1,-1,-1,-1
201401XH30544,1,9,0,18,0,0,0,0,0,0,1,1,6,2,19,4,1198,1,12,5,1
201401XH30544,2,9,0,4,0,0,0,0,0,0,2,1,6,1,43,7,-1,-1,-1,7,1
201401XH30544,3,9,0,4,0,0,0,0,0,0,2,1,6,2,51,8,-1,-1,-1,3,1
201401XH30546,1,9,0,18,0,8,0,0,0,0,1,1,6,1,38,7,-1,-1,-1,7,1
201401XH30546,2,9,0,18,0,8,0,0,0,0,3,1,6,1,41,7,1560,2,6,9,3
201401XH30547,1,9,0,9,0,8,0,0,0,0,1,1,6,1,23,5,-1,-1,-1,-1,-1
201401XH30547,2,9,0,18,0,8,0,0,0,0,1,1,6,1,21,5,1753,2,10,-1,-1
201401XH30548,1,19,0,17,0,0,0,0,0,0,3,1,1,1,38,7,2198,2,4,2,1
201401XH30548,2,1,0,16,0,0,0,0,0,0,1,1,2,1,37,7,-1,-1,-1,4,1
201401XH30549,1,9,0,4,0,0,0,0,0,0,1,1,6,2,25,5,1360,1,13,3,1
201401XH30549,2,9,0,11,0,0,0,0,0,0,2,1,6,2,20,4,998,1,5,-1,-1
201401XH30550,1,9,0,18,0,8,0,0,0,0,1,1,6,1,52,8,-1,-1,-1,4,1
201401XH30550,2,8,0,5,0,8,0,0,0,0,2,1,6,1,47,8,1797,8,4,4,1
201401XH30550,3,19,0,5,0,8,0,0,0,0,2,1,6,1,33,6,2198,2,2,-1,3
201401XH30552,1,9,0,3,0,2,0,0,0,0,2,1,6,2,62,9,-1,-1,-1,6,1
201401XH30552,2,9,0,18,0,2,0,0,0,0,1,1,6,2,60,9,2793,1,15,6,1
201401XH30553,1,5,0,18,0,0,0,0,0,0,1,1,2,1,32,6,600,1,10,8,1
201401XH30553,2,19,0,4,0,0,0,0,0,0,1,1,6,1,51,8,1248,2,4,8,3
201401XH30554,1,19,0,18,0,0,0,0,0,0,1,1,1,1,48,8,1868,2,10,7,1
201401XH30554,2,9,0,6,0,0,0,0,0,0,3,1,6,1,-1,-1,2143,2,1,5,1
201401XH30555,1,11,0,4,0,1,0,0,0,0,0,1,1,1,-1,-1,7300,2,10,-1,-1
201401XH30556,1,9,0,11,0,2,0,0,0,0,0,1,6,3,-1,-1,1753,2,4,-1,-1
201401XH30556,2,9,0,18,0,2,0,0,0,0,2,1,6,1,37,7,1560,2,1,7,1
201401XH30556,3,9,0,18,0,2,0,0,0,0,1,1,6,1,-1,-1,2835,2,15,8,1
201401XH30558,1,9,0,18,0,0,0,0,0,0,1,1,6,2,26,6,-1,-1,-1,3,1
201401XH30558,2,9,0,18,0,0,0,0,0,0,1,1,2,1,57,9,1984,1,9,3,1
201401XH30559,1,9,0,9,0,8,0,0,0,0,1,1,6,2,55,8,2148,2,10,5,1
201401XH30560,1,9,0,7,0,8,0,0,0,0,4,1,6,1,60,9,1991,1,-1,-1,-1
201401XH30560,2,3,0,18,0,8,0,0,0,0,3,1,6,1,47,8,-1,-1,-1,4,1
201401XH30561,1,9,0,3,0,0,0,0,4,0,2,1,6,2,47,8,1390,1,16,3,1
201401XH30561,2,9,0,18,0,0,0,0,0,0,1,1,6,1,53,8,2143,2,-1,5,1
201401XH30562,1,9,0,3,0,1,0,0,0,0,2,1,6,1,27,6,1398,1,2,6,1
201401XH30562,2,9,0,18,0,1,0,0,0,0,1,1,6,1,-1,-1,1794,1,13,-1,-1
201401XH30563,1,11,0,18,0,0,0,0,0,0,1,1,1,1,49,8,3900,2,10,5,1
201401XH30564,1,9,0,9,0,8,0,10,1,2,1,1,6,1,18,4,1390,1,13,4,1
201401XH30565,1,9,0,9,0,8,0,0,0,0,4,1,6,1,48,8,1389,1,12,4,1
201401XH30565,2,9,0,18,0,8,0,0,0,0,1,1,6,1,27,6,1781,1,11,4,1
201401XH30566,1,9,0,18,0,8,0,0,0,0,4,1,6,1,57,9,1997,2,4,3,1
201401XH30566,2,9,0,18,0,8,0,0,0,0,1,1,6,1,32,6,1968,2,7,2,1
201401XH30568,1,9,0,3,0,0,0,0,0,0,3,1,6,1,21,5,1896,2,6,3,1
201401XH30569,1,9,0,9,0,8,0,0,0,0,1,1,6,1,46,8,1198,1,10,-1,-1
201401XH30569,2,9,0,18,0,8,0,0,0,0,4,1,6,2,35,6,1198,1,9,5,1
201401XH30570,1,9,0,18,0,0,0,0,0,0,1,1,6,1,29,6,1896,2,13,4,1
201401XH30570,2,9,0,3,0,0,0,0,0,0,2,1,6,1,41,7,1296,1,6,6,1
201401XH30570,3,9,0,3,0,0,0,0,0,0,2,1,6,1,27,6,1242,1,13,4,1
201401XH30571,1,19,0,2,0,0,0,0,0,0,2,1,6,1,47,8,2198,2,-1,-1,-1
201401XH30571,2,9,0,18,0,0,0,4,0,0,1,1,6,1,68,10,1995,2,8,4,1
201401XH30572,1,9,0,11,0,0,0,0,6,6,1,1,6,2,28,6,1364,1,7,9,1
201401XH30574,1,9,0,13,0,8,0,0,0,0,4,1,6,2,58,9,1596,1,3,4,1
201401XH30574,2,1,0,18,0,8,0,0,0,0,3,1,6,1,26,6,-1,-1,-1,6,1
201401XH30575,1,9,0,9,0,8,0,0,0,0,4,1,6,1,55,8,2993,2,1,3,1
201401XH30575,2,9,0,18,0,8,0,0,0,0,1,1,6,1,33,6,1198,1,6,9,3
201401XH30576,1,5,0,18,0,1,0,0,0,0,1,1,6,1,59,9,1360,1,15,8,2
201401XH30576,2,9,0,3,0,1,0,0,0,0,2,1,6,2,-1,-1,1968,2,1,10,2
201401XH30578,1,9,0,9,0,8,0,0,0,0,1,1,6,1,30,6,1242,1,15,4,1
201401XH30578,2,9,0,18,0,8,0,0,0,0,3,1,6,1,28,6,1590,1,13,4,1
201401XH30580,1,9,0,9,0,1,0,0,0,0,1,1,6,2,59,9,2496,1,12,6,1
201401XH30580,2,2,0,18,0,1,0,0,0,0,4,1,6,1,21,5,124,1,5,3,1
201401XH30581,1,9,0,4,9,0,0,0,0,0,4,1,6,1,-1,-1,799,2,4,-1,-1
201401XH30582,1,8,0,5,0,0,0,0,0,0,3,1,1,1,50,8,1896,2,9,4,1
201401XH30582,2,2,0,18,0,0,0,0,0,0,1,1,6,1,20,4,49,1,6,1,1
201401XH30583,1,9,0,15,0,8,0,0,0,0,4,1,6,1,45,7,1493,2,6,8,1
201401XH30583,2,1,0,15,0,8,0,0,0,0,3,1,6,1,42,7,-1,-1,-1,5,1
201401XH30584,1,1,0,18,0,8,0,0,0,0,1,1,6,1,28,6,-1,-1,-1,3,1
201401XH30584,2,19,0,10,0,8,0,0,0,0,4,1,6,2,56,9,2198,2,5,7,1
201401XH30585,1,9,0,18,0,0,0,4,0,0,1,1,6,1,22,5,1461,2,9,3,1
201401XH30585,2,9,0,2,0,0,0,0,0,0,2,1,6,2,28,6,2148,2,10,9,1
201401XH30586,1,9,0,16,0,0,0,0,0,0,1,1,3,1,27,6,2792,1,22,8,1
201401XH30586,2,9,0,17,0,0,0,0,0,0,1,1,6,2,47,8,1390,1,2,9,1
201401XH30587,1,9,0,9,0,8,0,0,0,0,1,1,6,1,47,8,1990,1,25,5,1
201401XH30588,1,9,0,11,0,1,0,0,0,0,4,1,6,1,46,8,1991,1,15,3,1
201401XH30588,2,9,0,5,0,1,0,0,0,0,3,1,6,1,32,6,1799,1,7,9,1
201401XH30589,1,1,0,12,0,0,0,0,0,0,3,1,6,1,35,6,-1,-1,-1,4,1
201401XH30589,2,9,0,18,0,0,0,0,0,0,4,1,6,1,52,8,996,1,5,4,1
201401XH30591,1,9,0,18,0,8,0,0,0,0,1,1,6,1,27,6,1995,2,6,4,1
201401XH30591,2,9,0,7,0,8,0,0,4,6,2,1,6,2,49,8,2776,2,7,9,3
201401XH30592,1,9,0,4,0,0,0,0,0,0,2,1,6,1,51,8,1598,2,3,3,1
201401XH30592,2,3,0,18,0,0,0,0,0,0,1,1,6,1,21,5,108,1,-1,9,1
201401XH30593,1,9,0,18,0,1,0,0,0,0,1,1,6,2,30,6,-1,-1,-1,2,1
201401XH30593,2,8,0,4,0,1,0,0,0,0,2,1,1,1,46,8,1997,2,3,3,1
201401XH30594,1,3,0,3,0,1,0,0,0,0,2,1,6,2,47,8,-1,-1,-1,9,3
201401XH30594,2,9,0,18,0,1,0,0,0,0,1,1,6,1,35,6,3200,1,12,5,1
201401XH30595,1,9,0,18,0,1,0,7,7,10,1,1,1,1,72,10,2398,1,15,7,1
201401XH30596,1,9,0,18,0,0,5,4,0,0,1,1,6,1,17,4,1991,2,6,1,1
201401XH30596,2,9,0,18,0,0,0,0,0,0,1,1,6,1,36,7,2993,2,11,4,1
201401XH30596,3,9,0,18,0,0,0,0,0,0,1,1,6,2,53,8,1396,1,17,3,1
201401XH30598,1,1,0,18,0,1,0,0,0,0,3,1,6,1,92,11,-1,-1,-1,5,1
201401XH30598,2,19,0,13,0,1,0,0,0,0,4,1,6,1,26,6,2198,2,-1,-1,1
201401XH30599,1,9,0,18,0,8,0,0,0,0,1,1,3,1,48,8,1398,1,2,-1,1
201401XH30599,2,9,0,18,0,8,0,0,0,0,2,1,6,1,41,7,1997,1,6,5,1
201401XH30600,1,3,0,18,0,0,0,10,0,0,4,1,6,1,20,4,124,1,3,2,1
201401XH30602,1,9,0,3,0,1,0,0,0,0,2,1,6,1,35,6,1997,2,5,3,1
201401XH30602,2,9,0,3,0,1,0,0,0,0,1,1,6,2,23,5,1781,1,11,7,1
201401XH30603,1,9,0,18,0,2,0,4,0,0,4,1,6,1,45,7,1197,1,-1,-1,-1
201401XH30603,2,19,0,2,0,2,0,0,0,0,3,1,6,1,45,7,-1,-1,-1,3,1
201401XH30604,1,9,0,9,0,8,0,0,0,0,1,1,6,1,39,7,2204,2,7,3,1
201401XH30604,2,3,0,14,0,8,0,0,0,0,4,1,6,1,20,4,124,1,-1,4,1
201401XH30605,1,9,0,18,0,0,5,4,0,0,1,1,6,1,60,9,1587,1,8,10,1
201401XH30605,2,9,0,18,0,0,0,0,0,0,3,1,6,1,35,6,1587,1,17,4,2
201401XH30607,1,9,0,18,0,8,0,0,0,0,4,1,6,2,70,10,1997,2,3,5,1
201401XH30607,2,9,0,7,0,8,0,0,0,0,1,1,6,2,34,6,1400,1,8,-1,-1
201401XH30608,1,9,0,4,0,0,0,0,0,0,2,1,6,1,52,8,1598,2,2,9,1
201401XH30608,2,9,0,18,0,0,0,0,0,0,1,1,6,1,22,5,1560,2,3,10,3
201401XH30609,1,9,0,5,0,8,0,0,0,0,1,1,6,1,21,5,1199,1,13,4,1
201401XH30610,1,9,0,9,0,8,0,9,3,7,1,1,2,1,54,8,1330,1,18,7,1
201401XH30611,1,9,0,3,0,0,0,0,0,0,2,1,6,1,63,9,4196,1,9,4,1
201401XH30611,2,9,0,18,0,0,0,0,0,0,1,1,6,1,28,6,1997,2,4,9,1
201401XH30611,3,9,0,3,0,0,0,0,0,0,2,1,6,1,34,6,2143,2,1,-1,-1
201401XH30612,1,9,0,18,0,1,0,0,0,0,1,1,6,2,20,4,1598,1,8,5,1
201401XH30616,1,9,0,5,0,2,0,0,0,0,4,1,6,1,70,10,1596,1,1,3,1
201401XH30617,1,9,0,18,0,2,0,0,0,0,1,1,2,1,33,6,1108,1,13,5,2
201401XH30617,2,9,0,3,0,2,0,0,0,0,2,1,6,2,47,8,1598,1,2,2,1
201401XH30618,1,9,0,18,0,1,1,0,7,4,1,1,6,2,20,4,1596,7,6,8,1
201401XH30619,1,9,0,4,0,0,0,0,0,0,2,1,6,1,62,9,-1,-1,-1,8,1
201401XH30619,2,19,0,18,0,0,0,0,0,0,1,1,1,1,51,8,2148,2,6,2,1
201401XH30620,1,9,0,3,0,0,0,0,0,0,2,1,6,2,30,6,1598,1,4,3,1
201401XH30620,2,9,0,4,0,0,0,0,0,0,1,1,6,2,30,6,1390,1,14,5,1
201401XH30621,1,9,0,18,0,0,0,0,0,0,1,1,6,1,18,4,1560,2,1,3,1
201401XH30621,2,9,0,18,0,0,0,0,0,0,1,1,6,2,28,6,1896,2,7,3,1
201401XH30622,1,9,0,7,0,0,0,0,0,0,3,1,6,1,74,10,1596,1,10,3,1
201401XH30622,2,1,0,18,9,0,0,0,0,0,1,1,2,1,28,6,-1,-1,-1,5,1
201401XH30623,1,3,0,9,5,8,1,0,0,0,3,1,1,1,17,4,125,1,-1,7,1
201401XH30624,1,19,0,3,0,1,0,0,0,0,2,1,6,1,17,4,1560,2,3,4,1
201401XH30624,2,11,0,18,0,1,0,0,0,0,1,1,6,1,17,4,3900,2,11,4,1
201401XH30624,3,19,0,18,0,1,1,0,0,0,1,1,6,1,17,4,1560,2,3,2,1
201401XH30626,1,9,0,9,0,8,0,0,0,0,3,1,6,2,34,6,1497,1,13,6,1
201401XH30626,2,9,0,13,0,8,0,0,0,0,1,1,1,2,52,8,1596,1,5,-1,1
201401XH30627,1,9,0,18,0,8,0,0,0,0,1,1,2,1,30,6,1753,2,7,6,1
201401XH30627,2,9,0,9,0,8,0,0,0,0,4,1,1,1,59,9,3996,1,14,3,1
201401XH30628,1,9,0,18,0,0,0,0,0,0,1,1,6,1,17,4,-1,-1,-1,8,1
201401XH30628,2,9,0,4,0,0,0,0,0,0,2,1,6,1,55,8,3222,2,10,3,1
201401XH30629,1,9,0,18,0,0,0,0,0,0,2,1,6,1,37,7,2497,2,7,7,1
201401XH30629,2,9,0,18,0,0,0,0,0,0,1,1,3,3,-1,-1,-1,-1,-1,-1,-1
201401XH30630,1,9,0,18,0,0,0,10,7,4,1,1,6,1,79,11,1390,1,4,10,1
201401XH30631,1,9,0,18,0,2,0,0,0,0,4,1,6,1,53,8,1998,1,26,5,1
201401XH30631,2,9,0,5,0,1,0,0,0,0,4,1,6,2,34,6,1998,1,11,5,1
201401XH30632,1,9,0,18,0,1,0,0,0,0,1,1,6,2,35,6,1997,2,4,4,1
201401XH30632,2,9,0,18,0,1,0,0,0,0,1,1,6,1,40,7,1390,1,10,1,1
201401XH30632,3,9,0,18,0,1,0,0,0,0,2,1,6,1,58,9,2720,2,7,5,1
201401XH30633,1,9,0,9,0,8,0,0,0,0,1,1,1,1,64,9,-1,-1,-1,6,1
201401XH30633,2,9,0,18,0,8,0,0,0,0,1,1,6,1,32,6,3799,1,4,9,3
201401XH30634,1,3,0,18,0,0,0,0,0,0,2,1,6,1,34,6,125,1,11,1,1
201401XH30634,2,9,0,18,0,0,0,0,0,0,1,1,6,3,-1,-1,1398,1,-1,-1,-1
201401XH30636,1,1,0,5,0,8,0,0,0,0,2,1,2,1,40,7,-1,-1,-1,7,1
201401XH30636,2,9,0,5,0,8,0,0,0,0,1,1,6,3,-1,-1,-1,-1,-1,-1,-1
201401XH30637,1,11,0,5,0,8,0,0,0,0,3,1,1,1,59,9,4500,2,4,3,1
201401XH30637,2,9,0,13,0,8,0,0,0,0,4,1,6,3,-1,-1,-1,-1,-1,-1,-1
201401XH30638,1,9,0,3,0,0,0,0,0,0,2,1,6,1,28,6,998,1,13,3,1
201401XH30638,2,9,0,18,0,0,2,0,0,0,1,1,2,2,26,6,1598,1,13,5,1
201401XH30639,1,8,0,11,0,0,0,0,0,0,0,1,1,1,46,8,1794,1,6,5,1
201401XH30639,2,3,0,18,0,0,0,0,0,0,3,1,6,1,36,7,124,1,6,5,1
201401XH30641,1,9,0,4,0,0,0,0,0,0,2,1,6,1,25,5,1956,2,3,4,1
201401XH30641,2,9,0,18,0,0,0,0,0,0,1,1,6,1,80,11,1992,2,7,7,1
201401XH30642,1,9,0,18,0,0,0,0,0,0,1,1,6,2,31,6,1499,1,-1,9,2
201401XH30642,2,9,0,18,0,0,0,0,0,0,2,1,6,1,-1,-1,1461,2,8,3,1
201401XH30643,1,9,0,18,0,1,0,0,0,0,1,1,2,2,25,5,-1,-1,-1,-1,-1
201401XH30643,2,9,0,4,0,1,0,0,0,0,2,1,2,1,33,6,-1,-1,-1,5,1
201401XH30644,1,9,0,9,0,2,0,0,0,0,1,1,6,1,67,10,-1,-1,-1,-1,-1
201401XH30646,1,3,0,5,0,8,0,0,0,0,3,1,6,1,-1,-1,125,1,4,-1,-1
201401XH30646,2,9,0,18,0,8,0,0,0,0,1,1,6,1,28,6,-1,-1,-1,7,1
201401XH30647,1,9,0,9,0,1,0,0,0,0,2,1,6,2,32,6,1995,1,3,4,2
201401XH30647,2,19,0,18,0,1,0,0,0,0,1,1,6,3,-1,-1,2402,2,11,-1,-1
201401XH30648,1,9,0,9,0,8,0,0,0,0,3,1,1,2,44,7,1595,1,4,9,1
201401XH30648,2,9,0,13,0,8,0,0,0,0,1,1,6,1,69,10,1686,2,13,5,1
201401XH30649,1,9,0,14,0,0,0,0,0,0,1,1,6,1,37,7,2148,2,6,7,1
201401XH30649,2,9,0,18,0,0,0,0,0,0,1,1,6,1,25,5,3226,2,13,3,1
201401XH30649,3,19,0,2,0,0,0,0,0,0,3,1,6,3,-1,-1,2402,2,4,-1,-1