Accident_Index,Vehicle_Reference,Vehicle_Type,Towing_and_Articulation,Vehicle_Manoeuvre,Vehicle_Location-Restricted_Lane,Junction_Location,Skidding_and_Overturning,Hit_Object_in_Carriageway,Vehicle_Leaving_Carriageway,Hit_Object_off_Carriageway,1st_Point_of_Impact,Was_Vehicle_Left_Hand_Drive?,Journey_Purpose_of_Driver,Sex_of_Driver,Age_of_Driver,Age_Band_of_Driver,Engine_Capacity_(CC),Propulsion_Code,Age_of_Vehicle,Driver_IMD_Decile,Driver_Home_Area_Type
201401YE80511,1,9,0,18,0,8,0,10,6,1,1,1,6,1,79,11,-1,-1,-1,4,1
201401YE80511,2,9,0,12,0,1,0,0,0,0,0,1,6,3,-1,-1,-1,-1,-1,-1,-1
201401YE80512,1,1,0,5,9,8,0,0,0,0,4,1,6,2,18,4,-1,-1,-1,2,1
201401YE80512,2,9,0,5,0,6,0,0,0,0,1,1,6,2,-1,-1,1998,2,11,-1,-1
201401YE80514,1,9,0,3,0,2,0,0,0,0,2,1,6,2,44,7,1298,1,11,-1,1
201401YE80514,2,9,0,4,0,2,0,0,0,0,1,1,6,1,-1,-1,1598,1,11,4,1
201401YE80514,3,9,0,4,0,2,0,0,0,0,1,1,6,1,-1,-1,1896,2,13,3,1
201401YE80515,1,11,0,3,2,0,0,0,0,0,2,1,1,1,35,6,9200,2,11,1,1
201401YE80515,2,9,0,18,0,0,0,0,0,0,1,1,6,1,59,9,1985,1,14,7,1
201401YE80516,1,9,0,10,0,1,0,0,0,0,2,1,6,1,29,6,2494,1,10,4,1
201401YE80516,2,9,0,18,0,1,0,0,0,0,1,1,6,1,-1,-1,2143,2,-1,-1,-1
201401YE80518,1,9,0,3,0,1,0,0,0,0,2,1,6,1,30,6,-1,-1,-1,-1,-1
201401YE80518,2,19,0,5,0,1,0,0,0,0,1,1,1,1,40,7,2198,2,5,-1,-1
201401YE80519,1,11,0,18,0,8,0,0,0,0,4,1,1,1,-1,-1,12000,2,7,-1,-1
201401YE80519,2,9,0,7,0,6,0,0,1,2,3,1,6,1,36,7,1497,1,10,2,1
201401YE80520,1,9,0,18,0,8,0,0,7,10,1,1,6,1,85,11,1995,1,7,6,1
201401YE80521,1,9,0,18,0,0,2,4,0,0,1,1,6,2,27,6,1896,2,8,-1,-1
201401YE80521,2,9,0,18,0,0,1,0,0,0,3,1,6,1,33,6,1198,1,11,-1,-1
201401YE80521,3,9,0,2,0,0,0,0,0,0,4,1,6,3,-1,-1,1951,2,13,-1,-1
201401YE80522,1,9,0,18,0,8,0,4,1,10,1,1,6,1,-1,-1,4497,1,3,6,1
201401YE80522,2,9,0,2,0,8,0,4,0,0,2,1,6,3,-1,-1,1598,1,8,-1,-1
201401YE80522,3,9,0,2,0,2,0,4,0,0,1,1,6,3,-1,-1,1390,1,9,-1,-1
201401YE80522,4,9,0,2,0,2,0,0,0,0,1,1,6,3,-1,-1,-1,-1,-1,-1,-1
201401YE80523,1,9,0,9,0,6,0,0,0,0,3,1,1,2,-1,-1,1360,1,6,3,1
201401YE80523,2,9,0,18,0,8,0,0,0,0,1,1,1,1,-1,-1,1242,1,14,2,1
201401YE80524,1,9,0,14,0,1,1,0,1,0,1,1,6,1,30,6,4163,1,3,2,1
201401YE80524,2,19,0,3,0,1,0,0,0,0,3,1,1,1,32,6,-1,-1,-1,3,1
201401YE80525,1,9,0,10,0,1,0,0,0,0,2,1,1,2,40,7,1386,1,11,4,1
201401YE80525,2,9,0,18,0,1,0,0,0,0,1,1,6,2,-1,-1,1364,1,6,3,1
201401YE80526,1,9,0,9,0,6,0,7,3,1,1,1,6,1,79,11,1598,1,15,1,1
201401YE80526,2,9,0,18,0,8,0,0,0,0,3,1,6,1,-1,-1,1596,1,8,1,1
201401YE80528,1,9,0,18,0,8,0,0,0,0,3,1,6,2,34,6,998,1,14,2,1
201401YE80528,2,9,0,4,0,8,0,0,0,0,1,1,6,1,39,7,2685,2,10,9,1
201401YE80531,1,9,0,1,0,1,0,0,0,0,2,1,6,1,26,6,1995,1,9,-1,-1
201401YE80531,2,9,0,18,0,1,0,0,0,0,1,1,6,1,21,5,1598,1,7,2,1
201401YE80532,1,9,0,9,0,1,0,0,0,0,4,1,6,2,66,10,1910,2,9,-1,-1
201401YE80532,2,5,0,15,0,1,1,0,0,0,1,1,6,1,29,6,998,1,11,4,1
201401YE80533,1,1,0,18,0,8,0,0,0,0,1,1,6,1,26,6,-1,-1,-1,5,1
201401YE80533,2,9,0,9,0,8,0,0,0,0,3,1,6,1,-1,-1,1798,1,2,-1,-1
201401YE80534,1,9,0,3,0,1,0,0,0,0,2,1,6,2,59,9,1332,1,2,8,1
201401YE80534,2,9,0,18,0,1,0,0,0,0,1,1,6,2,-1,-1,-1,-1,-1,-1,-1
201401YE80535,1,9,0,3,0,0,0,0,0,0,2,1,1,1,23,5,1560,2,-1,4,1
201401YE80535,2,9,0,18,0,0,0,0,0,0,1,1,6,2,33,6,1587,1,9,10,1
201401YE80536,1,5,0,18,2,1,0,0,0,0,1,1,6,1,48,8,649,1,-1,2,1
201401YE80536,2,9,0,7,2,2,0,0,0,0,3,1,6,2,35,6,1896,2,12,5,1
201401YE80537,1,9,0,4,0,1,0,0,0,0,2,1,6,2,46,8,1149,1,5,-1,-1
201401YE80537,2,9,0,4,0,1,0,0,0,0,2,1,6,2,31,6,1299,1,14,-1,-1
201401YE80537,3,19,0,4,0,1,0,0,0,0,1,1,6,1,47,8,1753,2,5,-1,-1
201401YE80538,1,19,0,17,0,2,0,0,0,0,1,1,1,1,54,8,1560,2,2,3,1
201401YE80538,2,9,0,16,0,1,1,0,0,0,1,1,6,1,-1,-1,3696,1,11,-1,-1
201401YE80539,1,9,0,18,0,0,0,7,4,6,2,1,3,1,67,10,1598,2,3,-1,-1
201401YE80539,2,8,0,18,0,0,0,0,1,0,1,1,2,1,35,6,2148,2,4,5,1
201401YE80539,3,21,1,18,0,0,4,7,4,6,0,1,1,1,50,8,11967,2,2,4,1
201401YE80541,1,2,0,18,0,0,0,0,0,0,1,1,1,1,36,7,124,1,4,3,1
201401YE80541,2,9,0,4,0,0,0,0,0,0,2,1,6,1,50,8,1968,2,1,7,1
201401YE80542,1,3,0,18,0,0,0,0,0,0,1,1,2,1,44,7,124,1,6,2,1
201401YE80542,2,19,0,6,0,0,0,0,0,0,3,1,2,1,46,8,-1,-1,-1,-1,-1
201401YE80543,1,9,0,18,0,0,0,0,0,0,1,1,6,2,-1,-1,2231,2,1,5,1
201401YE80543,2,9,0,18,0,0,0,0,0,0,2,1,6,1,46,8,1995,2,10,6,1
201401YE80543,3,19,0,18,0,0,0,0,0,0,2,1,1,1,32,6,1560,2,5,6,1
201401YE80545,1,9,0,4,0,2,0,0,0,0,1,1,6,1,38,7,2400,2,3,-1,-1
201401YE80545,2,9,0,3,0,2,0,0,0,0,2,1,1,2,41,7,1968,2,6,10,1
201401YE80545,3,9,0,4,0,2,0,0,0,0,0,1,6,1,-1,-1,1896,2,10,-1,-1
201401YE80546,1,9,0,4,0,1,0,0,0,0,2,1,6,2,48,8,1991,2,5,4,1
201401YE80546,2,19,0,18,0,1,0,0,0,0,1,1,6,1,-1,-1,2402,2,10,-1,-1
201401YE80546,3,19,0,18,0,1,0,0,0,0,1,1,6,1,34,6,2198,2,1,-1,-1
201401YE80547,1,11,0,5,0,0,0,0,0,0,0,1,1,1,59,9,-1,-1,-1,5,1
201401YE80548,1,9,0,18,0,0,0,0,0,0,3,1,6,2,32,6,1388,1,2,3,1
201401YE80548,2,21,0,11,0,0,0,0,0,0,4,1,1,1,47,8,11967,2,4,8,1
201401YE80549,1,90,0,18,0,0,0,10,1,10,1,1,6,1,28,6,1984,1,32,4,1
201401YE80550,1,9,0,18,0,1,0,0,0,0,4,1,6,3,-1,-1,-1,-1,-1,-1,-1
201401YE80551,1,9,0,18,0,8,0,0,0,0,1,1,6,2,38,7,1796,1,8,6,1
201401YE80551,2,9,0,9,0,8,0,0,0,0,3,1,6,1,-1,-1,1299,1,13,-1,-1
201401YE80552,1,9,0,2,0,0,0,0,0,0,2,1,6,1,22,5,1397,1,6,-1,1
201401YE80552,2,9,0,1,0,0,0,4,0,0,2,1,6,1,-1,-1,1199,1,12,-1,-1
201401YE80553,1,9,0,3,0,0,0,0,0,0,2,1,6,2,41,7,2149,2,7,5,1
201401YE80553,2,19,0,11,0,0,0,0,0,0,1,1,6,1,-1,-1,1560,2,4,-1,-1
201401YE80554,1,20,0,3,0,1,0,0,0,0,2,1,1,1,22,5,-1,-1,-1,4,1
201401YE80554,2,9,0,18,0,1,0,0,0,0,1,1,6,1,-1,-1,1999,1,13,-1,-1
201401YE80555,1,9,0,18,0,2,0,0,0,0,4,1,6,3,-1,-1,-1,-1,-1,-1,-1
201401YE80556,1,9,0,18,0,8,0,0,0,0,1,1,6,2,29,6,1796,1,7,3,1
201401YE80556,2,8,0,9,0,8,0,0,0,0,1,1,6,1,50,8,2499,2,7,7,1
201401YE80557,1,1,0,18,0,1,0,0,0,0,3,1,6,1,36,7,-1,-1,-1,6,1
201401YE80557,2,9,0,7,0,1,0,0,0,0,4,1,6,1,-1,-1,3800,1,5,-1,-1
201401YE80558,1,9,0,18,0,0,0,4,0,0,1,1,6,2,-1,-1,1000,1,1,-1,-1
201401YE80559,1,9,0,18,0,1,0,0,0,0,4,1,6,3,-1,-1,-1,-1,-1,-1,-1
201401YE80560,1,9,0,18,0,1,0,0,0,0,2,1,6,1,33,6,1240,1,8,3,1
201401YE80560,2,9,0,18,0,1,0,0,0,0,1,1,6,2,42,7,1596,1,11,-1,-1
201401YE80561,1,9,0,18,0,0,0,10,1,10,2,1,6,2,38,7,-1,-1,-1,-1,-1
201401YE80561,2,9,0,18,0,0,0,0,0,0,1,1,6,3,-1,-1,-1,-1,-1,-1,-1
201401YE80562,1,11,0,18,0,1,0,0,0,0,0,1,1,1,35,6,6692,2,1,5,1
201401YE80563,1,9,0,5,0,1,0,0,0,0,1,1,6,2,58,9,1398,1,10,2,1
201401YE80563,2,9,0,5,0,1,0,0,0,0,3,1,1,1,57,9,1995,2,-1,4,1
201401YE80564,1,9,0,18,0,8,0,0,0,0,3,1,6,1,21,5,1596,1,12,3,1
201401YE80564,2,5,0,18,0,8,1,0,6,0,1,1,6,1,39,7,998,1,11,2,1
201401YE80565,1,9,0,9,0,8,0,0,0,0,3,1,6,2,31,6,1968,2,5,2,1
201401YE80565,2,5,0,13,0,8,0,0,0,0,1,1,6,1,33,6,599,1,15,6,1
201401YE80566,1,9,0,18,0,0,0,0,0,0,3,1,2,1,57,9,2926,2,12,3,1
201401YE80567,1,9,0,3,0,0,0,0,0,0,2,1,6,1,50,8,1968,2,3,10,1
201401YE80567,2,19,0,18,0,0,0,0,0,0,2,1,1,1,39,7,2143,2,3,9,3
201401YE80567,3,9,0,18,0,0,0,0,0,0,1,1,6,1,52,8,1289,1,15,5,1
201401YE80568,1,9,0,18,0,1,0,4,0,0,1,1,6,1,46,8,1240,1,11,-1,-1
201401YE80568,2,9,0,2,0,1,0,0,0,0,2,1,6,1,30,6,3189,1,9,-1,-1
201401YE80570,1,3,0,14,0,1,0,0,0,0,4,1,6,1,33,6,125,1,9,7,1
201401YE80570,2,19,0,3,0,1,0,0,0,0,3,1,6,1,26,6,1995,2,4,3,1
201401YE80572,1,9,0,18,0,0,0,0,0,0,1,1,6,3,-1,-1,1783,1,13,-1,-1
201401YE80573,1,9,0,10,0,1,0,0,0,0,0,1,6,1,42,7,1598,1,13,1,1
201401YE80573,2,3,0,18,0,1,1,0,0,0,0,1,1,1,28,6,125,1,7,6,1
201401YE80576,1,9,0,5,0,0,0,0,0,0,1,1,6,1,23,5,1995,2,4,1,1
201401YE80576,2,9,0,18,0,0,0,0,0,0,3,1,6,2,21,5,1598,1,7,5,1
201401YE80577,1,9,0,18,0,0,0,0,0,0,1,1,6,2,52,8,1299,1,14,4,1
201401YE80578,1,9,0,18,0,0,0,0,0,0,1,1,6,2,40,7,1796,1,4,2,1
201401YE80579,1,9,0,3,0,0,0,0,0,0,2,1,6,2,57,9,1598,1,24,2,1
201401YE80579,2,9,0,18,0,0,1,0,0,0,1,1,6,1,-1,-1,-1,-1,-1,-1,-1
201401YE80580,1,1,0,15,0,1,0,0,0,0,3,1,6,1,57,9,-1,-1,-1,4,1
201401YE80580,2,9,0,5,0,1,0,0,0,0,4,1,1,1,49,8,1242,1,1,-1,-1
201401YE80582,1,1,0,13,0,0,0,0,0,0,1,1,2,1,35,6,-1,-1,-1,-1,-1
201401YE80583,1,9,0,18,0,0,0,10,4,6,1,1,6,1,22,5,998,1,10,1,1
201401YE80584,1,8,0,17,0,0,0,4,0,0,4,1,1,1,51,8,1797,8,4,8,1
201401YE80584,2,9,0,2,0,0,0,4,0,0,3,1,6,1,47,8,998,1,2,-1,-1
201401YE80584,3,9,0,2,0,0,0,0,0,0,1,1,6,1,43,7,1997,2,8,-1,-1
201401YE80585,1,9,0,11,0,1,0,0,0,0,4,1,1,2,32,6,1587,1,10,6,1
201401YE80585,2,8,0,18,0,1,0,10,1,2,3,1,1,1,44,7,1997,2,3,4,1
201401YE80586,1,9,0,5,0,1,0,0,0,0,1,1,6,1,47,8,2792,1,14,-1,1
201401YE80586,2,1,0,18,0,1,0,0,0,0,3,1,6,1,27,6,-1,-1,-1,3,1
201401YE80587,1,11,0,4,0,1,0,0,0,0,0,1,1,1,45,7,6696,2,1,10,1
201401YE80588,1,9,0,5,0,0,0,0,0,0,3,1,6,2,49,8,2231,2,6,9,1
201401YE80589,1,9,0,9,0,2,0,0,0,0,1,1,6,2,27,6,-1,-1,-1,3,1
201401YE80590,1,9,0,10,0,1,0,0,0,0,2,1,6,2,33,6,-1,-1,-1,3,1
201401YE80590,2,9,0,18,0,1,0,0,0,0,1,1,6,1,-1,-1,1896,2,9,-1,-1
201401YE80591,1,9,0,5,0,6,0,0,0,0,3,1,6,1,25,5,1998,1,9,1,1
201401YE80591,2,9,0,2,0,8,0,0,0,0,3,1,6,1,43,7,999,1,2,10,1
201401YE80592,1,9,0,18,0,0,0,10,1,10,4,1,6,1,39,7,1598,1,14,8,1
201401YE80593,1,9,0,18,0,0,0,0,0,0,4,1,6,1,51,8,1970,1,9,8,1
201401YE80594,1,19,0,11,0,0,0,0,0,0,4,1,2,1,44,7,1998,2,11,4,1
201401YE80594,2,5,0,18,0,0,1,10,1,0,3,1,2,1,51,8,1170,1,7,8,1
201401YE80595,1,9,0,3,0,0,0,0,0,0,4,1,6,1,49,8,1598,2,-1,-1,1
201401YE80595,2,21,0,5,0,0,0,0,0,0,3,1,1,1,-1,-1,5193,2,6,-1,-1
201401YE80596,1,9,0,3,0,2,0,0,0,0,2,1,2,2,24,5,1388,1,10,5,1
201401YE80596,2,9,0,5,0,2,0,0,0,0,1,1,2,1,-1,-1,1796,1,10,-1,-1
201401YE80597,1,9,0,18,0,0,0,0,0,0,1,1,6,2,80,11,1198,1,2,-1,-1
201401YE80598,1,9,0,16,0,0,0,0,0,0,1,1,6,2,20,4,999,1,-1,7,1
201401YE80600,1,9,0,7,0,8,0,0,0,0,3,1,6,2,18,4,1368,1,6,10,1
201401YE80600,2,9,0,18,0,8,0,0,0,0,1,1,6,1,41,7,2199,2,4,5,1
201401YE80601,1,19,0,9,0,8,0,0,0,0,4,1,1,1,48,8,1870,2,13,-1,-1
201401YE80601,2,1,0,4,0,8,0,0,0,0,1,1,6,1,29,6,-1,-1,-1,3,1
201401YE80602,1,1,0,18,0,1,0,0,0,0,3,1,1,2,49,8,-1,-1,-1,-1,-1
201401YE80602,2,19,0,13,0,1,0,0,0,0,4,1,6,3,-1,-1,-1,-1,-1,-1,-1
201401YE80603,1,9,0,3,0,1,0,0,0,0,2,1,1,1,43,7,1499,2,-1,8,1
201401YE80603,2,9,0,5,0,1,0,0,0,0,1,1,6,1,-1,-1,1596,1,13,-1,-1
201401YE80604,1,19,0,18,0,8,0,0,0,0,1,1,1,1,21,5,-1,-1,-1,4,1
201401YE80604,2,9,0,9,0,8,1,10,7,0,4,1,6,1,57,9,1995,1,4,8,1
201401YE80605,1,9,0,9,0,5,0,0,0,0,4,1,2,2,46,8,1995,2,10,3,1
201401YE80605,2,1,0,18,0,8,0,0,0,0,1,1,6,1,34,6,-1,-1,-1,4,1
201401YE80607,1,5,0,14,0,1,0,0,0,0,4,1,2,1,52,8,805,1,21,2,1
201401YE80608,1,9,0,18,0,1,0,10,1,5,1,1,6,1,25,5,1341,1,16,4,1
201401YE80609,1,9,0,18,0,1,0,0,0,0,1,1,6,1,20,4,1598,2,-1,2,1
201401YE80609,2,9,0,9,0,1,1,10,1,0,1,1,6,2,26,6,1598,1,4,1,1
201401YE80610,1,9,0,3,0,1,0,0,0,0,2,1,6,3,-1,-1,1910,2,8,-1,-1
201401YE80610,2,9,0,3,0,1,0,0,0,0,2,1,2,2,38,7,1398,2,10,2,1
201401YE80610,3,9,0,18,0,1,0,0,0,0,1,1,6,1,25,5,998,1,-1,2,1
201401YE80611,1,11,0,18,0,8,0,0,0,0,0,1,1,1,49,8,6700,2,6,3,1
201401YE80612,1,9,0,11,0,1,0,0,0,0,4,1,6,1,54,8,1686,2,5,5,1
201401YE80612,2,9,0,18,0,1,0,0,0,0,3,1,6,2,30,6,1796,1,7,3,1
201401YE80614,1,3,0,18,2,0,0,0,0,0,1,1,1,1,48,8,125,1,6,3,1
201401YE80614,2,9,0,2,2,0,0,0,0,0,3,1,6,3,-1,-1,-1,-1,-1,-1,-1
201401YE80615,1,9,0,18,0,8,1,10,2,10,1,1,6,1,25,5,3000,2,9,6,1
201401YE80615,2,9,0,9,0,5,0,7,0,0,1,1,6,2,46,8,1896,2,12,6,1
201401YE80616,1,19,0,18,0,0,0,10,2,2,2,1,6,1,45,7,2283,2,12,1,1
201401YE80616,2,8,0,18,0,0,0,0,0,0,1,1,1,1,54,8,2499,2,1,4,1
201401YE80618,1,9,0,18,0,8,1,10,1,10,3,1,6,2,77,11,1596,1,8,4,1
201401YE80618,2,9,0,18,0,8,1,0,0,0,2,1,6,1,63,9,1968,2,8,9,1
201401YE80619,1,9,0,18,0,8,5,10,1,10,1,1,6,1,24,5,1360,1,10,1,1
201401YE80620,1,9,0,5,0,8,0,0,0,0,1,1,6,2,59,9,1769,1,9,1,1
201401YE80620,2,3,0,9,0,8,0,0,0,0,4,1,6,1,-1,-1,125,1,7,4,1
201401YE80621,1,9,0,7,0,2,0,0,0,0,1,1,6,2,59,9,998,1,1,10,1
201401YE80622,1,9,0,17,0,0,1,10,1,2,1,1,6,1,22,5,1800,1,15,1,1
201401YE80623,1,9,0,18,0,0,0,0,0,0,4,1,6,1,39,7,1999,1,11,7,1
201401YE80624,1,9,0,18,0,2,0,0,0,0,3,1,6,1,-1,-1,-1,-1,-1,-1,-1
201401YE80626,1,9,0,5,0,2,0,0,0,0,1,1,6,1,-1,-1,1461,2,12,-1,-1
201401YE80628,1,9,0,9,0,6,0,0,0,0,1,1,6,1,67,10,1796,1,8,8,1
201401YE80628,2,5,0,18,0,8,0,0,0,0,1,1,6,1,25,5,636,1,9,3,1
201401YE80629,1,9,0,9,2,6,0,0,0,0,3,1,6,1,23,5,1396,1,12,1,1
201401YE80629,2,9,0,14,0,8,0,0,0,0,1,1,1,2,26,6,1995,2,3,2,1
201401YE80631,1,9,0,4,0,1,0,0,0,0,1,1,6,2,23,5,1364,1,5,4,1
201401YE80631,2,9,0,3,0,1,0,0,0,0,2,1,6,1,-1,-1,698,1,9,-1,-1
201401YE80632,1,9,0,18,0,8,0,0,0,0,1,1,6,2,29,6,-1,-1,-1,4,1
201401YE80632,2,1,0,18,0,8,0,0,0,0,4,1,6,2,35,6,-1,-1,-1,9,1
201401YE80633,1,5,0,14,0,8,0,0,0,0,1,1,6,1,-1,-1,599,1,16,9,1
201401YE80634,1,9,0,14,0,1,0,0,0,0,4,1,6,2,64,9,1598,1,12,1,1
201401YE80635,1,9,0,17,0,0,0,0,0,0,2,1,6,2,23,5,1198,7,9,2,1
201401YE80635,2,20,0,17,0,0,0,0,0,0,1,1,6,3,-1,-1,-1,-1,-1,-1,-1
201401YE80636,1,9,0,9,0,5,0,0,0,0,4,1,6,3,-1,-1,-1,-1,-1,-1,-1
201401YE80636,2,1,0,18,0,6,0,10,2,7,1,1,6,1,21,5,-1,-1,-1,7,1
201401YE80637,1,9,0,15,0,0,0,4,0,0,1,1,6,1,27,6,1560,2,-1,3,1
201401YE80637,2,19,0,2,0,0,0,0,0,0,2,1,6,1,36,7,2148,2,7,4,1
201401YE80637,3,2,0,14,0,0,0,0,0,0,4,1,6,1,29,6,198,1,10,2,1
201401YE80639,1,9,0,18,0,0,0,0,0,0,1,1,6,1,36,7,1991,2,6,4,1
201401YE80639,2,1,0,18,0,0,0,0,0,0,3,1,6,1,6,2,-1,-1,-1,4,1
201401YE80641,1,9,0,4,0,0,0,0,0,0,2,1,6,2,45,7,1797,8,3,7,1
201401YE80641,2,9,0,4,0,0,0,0,0,0,1,1,6,1,41,7,1998,1,5,3,1
201401YE80642,1,9,0,10,0,1,0,0,0,0,3,1,6,1,24,5,1995,2,4,5,1
201401YE80642,2,3,0,18,0,1,1,0,0,0,1,1,6,1,39,7,125,1,2,1,1
201401YE80643,1,9,0,18,0,8,0,0,0,0,3,1,6,2,75,10,1298,1,13,3,1
201401YE80643,2,9,0,18,0,8,0,0,0,0,1,1,6,3,-1,-1,-1,-1,-1,-1,-1
201401YE80644,1,9,0,16,0,2,0,0,0,0,1,1,1,1,19,4,1242,1,-1,3,1
201401YE80644,2,9,0,4,0,2,0,0,0,0,2,1,1,2,61,9,1796,1,9,3,1
201401YE80645,1,9,0,3,0,1,0,0,0,0,2,1,6,2,40,7,1360,1,11,5,1
201401YE80645,2,90,0,5,0,1,0,0,0,0,1,1,6,1,37,7,-1,-1,-1,3,1
201401YE80647,1,19,0,18,0,1,0,0,0,0,2,1,6,1,55,8,1753,2,9,-1,-1
201401YE80647,2,9,0,18,0,1,0,0,0,0,2,1,6,2,81,11,1199,1,13,-1,-1
201401YE80647,3,8,0,11,0,1,0,0,0,0,2,1,6,2,53,8,2664,2,17,2,1
201401YE80647,4,9,0,18,0,1,0,0,0,0,1,1,6,2,52,8,-1,-1,-1,2,1
201401YE80647,5,9,0,18,2,1,0,0,0,0,1,1,6,1,28,6,1794,1,10,3,1
201401YE80648,1,9,0,3,0,0,0,0,0,0,2,1,6,1,50,8,1997,2,6,1,1
201401YE80648,2,3,0,18,0,0,0,0,0,0,2,1,6,1,18,4,124,1,11,2,1
201401YE80649,1,9,0,3,0,1,0,0,0,0,2,1,6,2,22,5,998,1,2,-1,-1
201401YE80649,2,9,0,4,0,1,0,0,0,0,1,1,6,1,55,8,1598,2,2,-1,-1
201401YE80649,3,9,0,3,0,1,0,0,0,0,2,1,6,3,-1,-1,-1,-1,-1,-1,-1
201401YE80650,1,9,0,18,0,0,0,0,0,0,4,1,6,1,29,6,1598,1,13,1,1
201401YE80651,1,9,0,18,0,1,0,0,0,0,3,1,3,2,44,7,1997,1,3,2,1
201401YE80652,1,9,0,18,0,0,0,4,0,0,1,1,6,1,81,11,1596,1,1,7,1
201401YE80652,2,9,0,2,0,0,0,0,0,0,2,1,6,3,-1,-1,-1,-1,-1,-1,-1
201401YE80653,1,9,0,18,0,8,0,0,0,0,1,2,2,2,32,6,-1,-1,-1,5,1
201401YE80653,2,9,0,18,0,8,0,0,0,0,4,1,6,2,35,6,999,1,2,5,1
201401YE80654,1,9,0,9,0,1,0,0,0,0,4,1,2,1,40,7,1596,1,12,1,1
201401YE80654,2,5,0,18,0,1,1,0,0,0,1,1,2,1,45,7,600,1,12,2,1
201401YE80655,1,1,0,15,2,0,0,0,0,0,0,1,2,1,21,5,-1,-1,-1,-1,-1
201401YE80655,2,9,0,3,0,0,0,0,0,0,0,1,6,3,-1,-1,1968,2,1,-1,-1
201401YE80656,1,9,0,14,0,1,0,0,0,0,1,1,6,2,-1,-1,-1,-1,-1,3,1
201401YE80658,1,3,0,17,0,8,1,0,0,0,1,1,6,1,41,7,102,1,7,5,1
201401YE80658,2,9,0,17,0,8,0,0,0,0,3,1,6,2,-1,-1,1910,2,8,-1,-1
201401YE80660,1,9,0,4,0,0,0,0,0,0,2,1,6,2,30,6,2777,2,6,6,1
201401YE80660,2,9,0,4,0,0,0,0,0,0,2,1,6,2,29,6,1390,1,9,4,1
201401YE80660,3,9,0,4,0,0,0,0,0,0,1,1,6,1,31,6,2993,2,11,4,1
201401YE80661,1,9,0,9,0,2,0,0,0,0,1,1,6,2,35,6,1896,2,5,3,1
201401YE80662,1,9,0,2,0,0,0,0,0,0,3,1,6,2,50,8,2979,1,-1,9,1
201401YE80662,2,1,0,18,0,0,0,8,0,0,4,1,6,1,37,7,-1,-1,-1,6,1
201401YE80663,1,11,0,4,0,0,0,0,0,0,4,1,1,1,42,7,6700,2,6,2,1
201401YE80664,1,11,0,17,0,0,0,0,0,0,0,1,1,1,34,6,4500,2,3,7,1
201401YE80665,1,3,0,18,0,0,0,0,0,0,1,1,6,1,21,5,124,1,3,9,1
201401YE80665,2,9,0,5,0,0,0,0,0,0,4,1,6,2,67,10,998,1,1,7,1
201401YE80666,1,9,0,18,0,0,0,0,0,0,4,1,6,3,-1,-1,-1,-1,-1,-1,-1
201401YE80667,1,9,0,7,0,2,0,10,1,0,1,1,6,1,17,4,-1,-1,-1,1,1
201401YE80668,1,19,0,18,0,1,0,0,0,0,1,1,6,1,40,7,6370,2,2,4,1
201401YE80668,2,19,0,3,0,1,0,0,0,0,2,1,6,1,36,7,1753,2,7,10,1
201401YE80668,3,9,0,3,0,1,0,0,0,0,2,1,6,1,38,7,-1,-1,-1,3,1
201401YE80668,4,9,0,5,0,1,0,0,0,0,2,1,6,2,30,6,1398,2,3,7,1
201401YE80669,1,3,0,14,0,2,0,0,0,0,1,1,1,1,25,5,124,1,2,4,1
201401YE80669,2,9,0,6,0,2,0,0,0,0,3,1,6,1,-1,-1,1968,2,9,3,1
201401YE80670,1,21,1,12,0,0,0,0,0,0,3,2,1,1,58,9,-1,-1,-1,-1,-1
201401YE80670,2,9,0,18,0,0,0,0,0,0,4,1,6,1,41,7,1968,2,8,1,1
201401YE80670,3,9,0,18,0,0,1,0,4,6,4,1,1,1,46,8,-1,-1,-1,5,1
201401YE80671,1,9,0,4,0,8,0,0,0,0,2,1,6,1,32,6,-1,-1,-1,5,1
201401YE80671,2,9,0,4,0,8,0,0,0,0,1,1,6,1,30,6,1995,1,8,5,1
201401YE80672,1,9,0,18,0,2,0,4,0,0,1,1,6,1,22,5,1299,1,10,5,1
201401YE80672,2,9,0,2,0,2,0,0,0,0,3,1,6,1,64,9,1596,1,8,-1,-1
201401YE80672,3,9,0,2,0,2,0,0,0,0,3,1,6,1,48,8,1497,8,8,-1,-1
201401YE80672,4,9,0,2,0,2,0,0,0,0,2,1,6,2,41,7,1598,1,4,-1,-1
201401YE80672,5,9,0,2,0,2,0,0,0,0,2,1,6,2,56,9,1587,1,14,-1,-1
201401YE80672,6,9,0,2,0,2,0,0,0,0,2,1,6,1,50,8,-1,-1,-1,-1,-1
201401YE80673,1,9,0,9,0,8,0,0,0,0,1,1,6,2,19,4,1198,1,4,1,1
201401YE80673,2,1,0,18,0,8,0,0,0,0,3,1,6,1,39,7,-1,-1,-1,-1,1
201401YE80674,1,9,0,11,0,0,0,0,0,0,2,1,6,2,29,6,1796,1,11,3,1
201401YE80674,2,9,0,4,0,0,0,0,0,0,1,1,6,2,-1,-1,1596,1,9,2,1
201401YE80675,1,9,0,18,0,2,0,4,0,0,1,1,6,2,75,10,1240,1,11,6,1
201401YE80675,2,9,0,2,0,2,0,0,0,0,2,1,6,1,44,7,1560,2,3,8,1
201401YE80676,1,9,0,10,0,1,0,0,0,0,2,1,6,1,23,5,1984,1,5,7,1
201401YE80676,2,9,0,18,0,1,0,0,0,0,1,1,6,1,36,7,1796,1,11,6,1
201401YE80677,1,9,0,4,0,2,0,0,0,0,2,1,6,1,65,9,1390,1,13,4,1