Accident_Index,Vehicle_Reference,Vehicle_Type,Towing_and_Articulation,Vehicle_Manoeuvre,Vehicle_Location-Restricted_Lane,Junction_Location,Skidding_and_Overturning,Hit_Object_in_Carriageway,Vehicle_Leaving_Carriageway,Hit_Object_off_Carriageway,1st_Point_of_Impact,Was_Vehicle_Left_Hand_Drive?,Journey_Purpose_of_Driver,Sex_of_Driver,Age_of_Driver,Age_Band_of_Driver,Engine_Capacity_(CC),Propulsion_Code,Age_of_Vehicle,Driver_IMD_Decile,Driver_Home_Area_Type
201401YE80677,2,9,0,18,0,2,0,0,0,0,1,1,6,2,22,5,998,1,4,3,1
201401YE80678,1,9,0,4,0,1,0,0,0,0,1,1,6,1,31,6,1600,1,15,1,1
201401YE80678,2,9,0,13,0,1,0,0,0,0,2,1,1,1,-1,-1,-1,-1,-1,-1,-1
201401YE80679,1,1,0,7,0,1,0,0,0,0,1,1,6,1,19,4,-1,-1,-1,-1,-1
201401YE80680,1,9,0,10,0,1,0,0,0,0,2,1,6,2,47,8,1995,1,11,-1,-1
201401YE80680,2,9,0,5,0,1,0,0,0,0,1,1,6,1,19,4,1368,1,5,-1,-1
201401YE80682,1,9,0,16,0,8,1,7,0,0,3,1,1,1,54,8,1332,1,17,5,1
201401YE80682,2,9,0,5,0,8,0,0,0,0,1,1,3,2,33,6,1896,2,9,7,1
201401YE80683,1,9,0,12,0,0,0,0,0,0,3,1,6,2,28,6,1995,2,5,1,1
201401YE80683,2,5,0,13,0,0,0,0,0,0,4,1,6,1,35,6,998,1,6,1,1
201401YE80683,3,9,0,18,0,0,0,0,0,0,2,1,6,1,31,6,1997,2,4,3,1
201401YE80684,1,1,0,18,0,1,0,0,0,0,3,1,6,1,54,8,-1,-1,-1,2,1
201401YE80684,2,9,0,13,0,1,0,0,0,0,4,1,6,2,-1,-1,1598,1,7,-1,-1
201401YE80685,1,9,0,18,0,0,0,0,0,0,2,1,6,2,20,4,1389,1,14,3,1
201401YE80685,2,21,0,18,0,0,0,0,0,0,1,1,1,1,38,7,11705,2,6,3,1
201401YE80686,1,9,0,18,0,0,0,0,0,0,4,1,6,1,-1,-1,-1,-1,-1,10,1
201401YE80687,1,9,0,7,0,8,0,0,0,0,1,1,6,1,-1,-1,-1,-1,-1,-1,-1
201401YE80687,2,9,0,18,0,8,0,0,0,0,1,1,6,1,-1,-1,2967,2,5,-1,-1
201401YE80688,1,3,0,18,2,1,0,0,0,0,1,1,6,1,25,5,125,1,4,2,1
201401YE80689,1,19,0,16,0,0,1,0,1,4,1,1,2,1,33,6,1560,2,3,7,1
201401YE80690,1,4,0,18,0,0,1,0,0,0,0,1,6,1,21,5,124,1,1,8,1
201401YE80690,2,9,0,6,0,0,0,0,0,0,0,1,6,2,31,6,-1,-1,-1,3,1
201401YE80691,1,9,0,9,0,2,0,0,0,0,1,1,1,2,18,4,998,1,7,5,1
201401YE80692,1,9,0,3,0,1,0,0,0,0,2,1,6,1,44,7,2393,1,16,-1,1
201401YE80692,2,9,0,18,0,1,0,0,0,0,1,1,6,1,-1,-1,-1,-1,-1,-1,-1
201401YE80693,1,9,0,18,0,8,0,0,0,0,4,1,6,2,24,5,1991,1,1,9,1
201401YE80693,2,19,0,18,0,8,0,0,0,0,1,1,6,1,-1,-1,2402,2,11,-1,-1
201401YE80694,1,1,0,5,0,8,0,0,0,0,2,1,6,1,61,9,-1,-1,-1,3,1
201401YE80694,2,9,0,7,0,8,0,0,0,0,1,1,6,1,-1,-1,-1,-1,-1,-1,-1
201401YE80695,1,9,0,3,0,1,0,0,0,0,1,1,6,2,38,7,1596,1,14,5,1
201401YE80695,2,9,0,18,0,1,0,0,0,0,2,1,6,1,66,10,-1,-1,-1,-1,-1
201401YE80696,1,11,0,4,3,2,0,0,0,0,4,1,1,1,60,9,-1,-1,-1,3,1
201401YE80697,1,9,0,3,0,1,0,0,0,0,2,1,6,1,36,7,1598,1,8,2,1
201401YE80697,2,1,0,4,0,1,0,0,0,0,1,1,6,1,15,3,-1,-1,-1,1,1
201401YE80698,1,9,0,1,0,0,0,0,0,0,2,1,6,2,41,7,1598,1,13,4,1
201401YE80699,1,9,0,9,0,2,0,0,0,0,1,1,6,2,49,8,-1,-1,-1,7,1
201401YE80700,1,9,0,18,0,2,1,0,0,0,1,1,6,2,57,9,1198,1,7,-1,-1
201401YE80700,2,9,0,2,0,2,0,0,0,0,2,1,6,3,-1,-1,1397,1,12,-1,-1
201401YE80700,3,9,0,2,0,2,0,0,0,0,2,1,6,3,-1,-1,1997,2,10,-1,-1
201401YE80701,1,11,0,4,0,0,0,0,0,0,2,1,1,1,29,6,6700,2,6,4,1
201401YE80701,2,19,0,4,0,0,0,0,0,0,1,1,1,1,26,6,2402,2,8,2,1
201401YE80702,1,3,0,3,0,1,0,0,0,0,2,1,6,2,23,5,670,1,1,-1,1
201401YE80702,2,9,0,3,0,1,0,0,0,0,1,1,1,1,35,6,1968,2,3,3,3
201401YE80703,1,19,0,3,0,1,0,0,0,0,2,1,6,1,37,7,1868,2,10,5,1
201401YE80703,2,9,0,4,0,1,1,0,0,0,1,1,6,1,-1,-1,1910,2,8,-1,-1
201401YE80703,3,19,0,3,0,1,0,0,0,0,2,1,6,3,-1,-1,-1,-1,-1,-1,-1
201401YE80704,1,9,0,18,0,1,0,0,0,0,1,1,3,1,43,7,2000,2,9,2,1
201401YE80704,2,9,0,18,0,2,0,0,0,0,1,1,2,2,51,8,2171,1,11,3,1
201401YE80705,1,4,0,14,0,8,0,0,0,0,1,1,6,1,22,5,599,1,18,4,1
201401YE80705,2,9,0,9,0,8,0,0,0,0,1,1,6,1,62,9,2198,1,8,3,1
201401YE80706,1,9,0,18,0,1,0,0,0,0,3,1,6,2,71,10,1598,1,11,4,1
201401YE80708,1,9,0,3,0,2,0,0,0,0,1,1,6,2,41,7,-1,-1,-1,2,1
201401YE80708,2,9,0,1,0,1,0,0,0,0,2,1,6,2,-1,-1,1242,1,7,-1,-1
201401YE80710,1,9,0,18,0,2,0,0,0,0,1,1,6,2,-1,-1,1988,1,15,-1,-1
201401YE80711,1,9,0,4,0,1,0,0,0,0,3,1,6,2,40,7,1599,1,12,2,1
201401YE80711,2,9,0,18,0,2,0,0,0,0,3,1,6,3,-1,-1,-1,-1,-1,-1,-1
201401YE80712,1,9,0,4,0,2,0,0,0,0,0,1,6,1,78,11,998,1,16,1,1
201401YE80712,2,1,0,15,0,2,0,0,0,0,0,1,6,1,-1,-1,-1,-1,-1,3,1
201401YE80713,1,11,0,4,0,2,0,0,0,0,0,1,1,1,60,9,7300,2,12,3,1
201401YE80714,1,9,0,4,0,0,0,0,0,0,2,1,6,2,32,6,1796,1,3,4,1
201401YE80714,2,19,0,4,0,0,0,0,0,0,2,1,1,1,44,7,-1,-1,-1,5,1
201401YE80714,3,9,0,4,0,0,1,0,0,0,1,1,2,1,31,6,-1,-1,-1,8,1
201401YE80714,4,9,0,4,0,0,0,0,0,0,2,1,6,1,-1,-1,1995,1,1,4,1
201401YE80714,5,19,0,4,0,0,0,0,0,0,2,1,1,1,42,7,-1,-1,-1,5,1
201401YE80714,6,19,0,4,0,0,0,0,0,0,1,1,1,1,31,6,2198,2,1,-1,1
201401YE80714,7,9,0,4,0,0,0,0,0,0,1,1,6,1,50,8,1598,1,9,5,1
201401YE80714,8,9,0,4,0,0,0,0,0,0,1,1,6,2,19,4,1498,1,9,6,1
201401YE80715,1,9,0,18,0,8,0,0,0,0,1,1,6,2,47,8,1999,1,12,1,1
201401YE80715,2,9,0,9,0,8,0,0,0,0,4,1,6,1,57,9,2231,2,7,3,1
201401YE80716,1,4,0,4,0,0,0,0,0,0,1,1,1,1,23,5,249,1,2,3,1
201401YE80716,2,10,0,4,0,0,0,0,0,0,2,1,1,1,28,6,2800,2,9,3,1
201401YE80717,1,3,0,18,0,0,1,0,0,0,0,1,1,1,20,4,125,1,2,1,1
201401YE80717,2,9,0,6,0,0,0,0,0,0,0,1,6,1,-1,-1,1997,1,6,-1,-1
201401YE80718,1,19,0,18,0,0,0,0,0,0,4,1,2,1,66,10,1461,2,1,9,1
201401YE80719,1,9,0,16,0,0,5,4,0,0,3,1,6,2,48,8,-1,-1,-1,6,1
201401YE80719,2,9,0,2,0,0,0,0,0,0,3,1,6,1,-1,-1,-1,-1,-1,-1,-1
201401YE80721,1,9,0,1,0,8,0,0,0,0,4,1,6,2,31,6,1199,1,10,3,1
201401YE80721,2,9,0,1,0,8,0,0,0,0,2,1,6,1,-1,-1,1896,2,12,-1,-1
201401YE80722,1,9,0,5,0,1,0,4,3,10,3,1,6,1,46,8,1998,1,13,4,1
201401YE80722,2,9,0,2,0,1,0,0,0,0,4,1,6,3,-1,-1,1598,1,14,-1,-1
201401YE80722,3,9,0,2,0,1,0,0,0,0,3,1,6,3,-1,-1,2496,1,11,-1,-1
201401YE80722,4,9,0,2,9,1,0,0,0,0,0,1,6,3,-1,-1,2987,2,6,-1,-1
201401YE80723,1,9,0,18,0,0,0,0,0,0,4,1,6,1,47,8,-1,-1,-1,5,1
201401YE80724,1,8,0,4,0,1,0,0,0,0,1,1,1,1,23,5,-1,-1,-1,1,1
201401YE80724,2,9,0,3,0,1,0,0,0,0,2,1,3,2,33,6,1968,2,1,4,1
201401YE80724,3,9,0,3,0,1,0,0,0,0,2,1,6,1,24,5,1968,2,4,9,1
201401YE80725,1,9,0,18,0,2,0,10,1,3,1,1,1,2,24,5,1149,1,9,7,1
201401YE80726,1,9,0,18,0,0,0,0,0,0,1,1,6,1,47,8,1108,1,4,5,1
201401YE80727,1,9,0,3,0,0,0,0,0,0,2,1,6,1,41,7,2000,2,5,3,1
201401YE80727,2,9,0,3,0,0,0,0,0,0,2,1,6,1,26,6,1968,2,5,7,1
201401YE80727,3,9,0,4,0,0,0,0,0,0,1,1,6,1,25,5,2793,1,15,3,1
201401YE80729,1,11,0,5,0,1,0,0,0,0,0,1,1,2,22,5,6700,2,2,5,1
201401YE80730,1,9,0,17,0,0,0,4,0,0,1,1,6,2,40,7,1995,2,4,-1,-1
201401YE80730,2,9,0,2,0,0,0,0,0,0,3,1,6,2,-1,-1,1229,1,-1,-1,-1
201401YE80730,3,9,0,2,0,0,0,0,0,0,4,1,6,1,27,6,-1,-1,-1,-1,-1
201401YE80730,4,9,0,2,0,0,0,0,0,0,3,1,6,1,45,7,1997,2,3,-1,-1
201401YE80731,1,9,0,7,0,8,0,0,0,0,3,1,6,2,68,10,1598,1,8,4,1
201401YE80731,2,1,0,18,0,8,0,0,0,0,1,1,6,1,18,4,-1,-1,-1,6,1
201401YE80732,1,1,0,18,0,8,0,0,0,0,3,1,6,1,18,4,-1,-1,-1,3,1
201401YE80732,2,9,0,9,0,8,0,0,0,0,1,1,6,3,-1,-1,1968,2,1,-1,-1
201401YE80733,1,9,0,3,0,1,0,0,0,0,2,1,6,2,57,9,1998,1,10,8,3
201401YE80733,2,9,0,18,0,1,0,0,0,0,1,1,6,1,-1,-1,2171,1,13,-1,-1
201401YE80734,1,9,0,18,0,1,0,10,7,1,1,1,6,1,21,5,1598,1,15,1,1
201401YE80735,1,9,0,9,0,8,0,0,0,0,1,1,6,1,28,6,1199,1,11,3,1
201401YE80735,2,3,0,18,0,8,0,0,0,0,3,1,6,1,30,6,124,1,-1,7,1
201401YE80736,1,19,0,18,0,2,0,0,0,0,4,1,1,1,58,9,-1,-1,-1,2,1
201401YE80737,1,9,0,3,0,0,0,0,0,0,2,1,6,1,20,4,1086,1,9,3,1
201401YE80737,2,9,0,3,0,0,0,0,0,0,2,1,6,2,53,8,2179,2,1,4,1
201401YE80737,3,9,0,3,0,0,0,0,0,0,2,1,6,2,73,10,-1,-1,-1,4,1
201401YE80737,4,9,0,4,0,0,0,0,0,0,1,1,6,1,36,7,-1,-1,-1,5,1
201401YE80738,1,11,0,3,0,2,0,0,0,0,0,1,1,1,39,7,4500,2,5,7,1
201401YE80739,1,9,0,3,0,1,0,0,0,0,2,1,6,1,32,6,1781,1,10,3,1
201401YE80739,2,9,0,18,0,1,0,0,0,0,1,1,2,1,-1,-1,1388,1,11,2,1
201401YE80740,1,1,0,18,0,8,0,0,0,0,4,1,6,1,42,7,-1,-1,-1,1,1
201401YE80740,2,9,0,18,0,8,0,0,0,0,3,1,6,1,36,7,1797,8,4,-1,-1
201401YE80741,1,9,0,9,0,8,0,0,0,0,4,1,6,2,48,8,1599,1,5,8,1
201401YE80741,2,9,0,18,0,8,0,0,0,0,3,1,6,1,31,6,1796,1,1,3,1
201401YE80741,3,9,0,18,0,8,0,0,0,0,1,1,6,1,66,10,998,1,1,10,1
201401YE80742,1,9,0,18,0,0,0,0,0,0,1,1,6,1,58,9,1240,1,11,4,1
201401YE80743,1,9,0,18,0,8,0,10,1,2,1,1,6,1,37,7,1799,1,8,2,1
201401YE80743,2,9,0,9,0,8,0,10,4,2,4,1,6,1,32,6,1984,1,6,5,1
201401YE80744,1,9,0,10,0,1,0,0,0,0,2,1,2,2,24,5,1598,1,2,1,1
201401YE80744,2,19,0,18,0,1,0,0,0,0,1,1,6,3,-1,-1,-1,-1,-1,-1,-1
201401YE80746,1,9,0,18,0,8,0,0,0,0,1,1,6,2,26,6,1390,1,6,6,1
201401YE80746,2,9,0,18,0,8,0,0,0,0,3,1,6,1,-1,-1,998,1,10,4,1
201401YE80747,1,9,0,4,0,0,1,0,0,0,2,1,6,1,49,8,1461,2,3,2,1
201401YE80747,2,9,0,18,0,0,1,7,1,7,1,1,6,1,22,5,1596,1,13,5,1
201401YE80747,3,19,0,18,0,0,0,0,0,0,1,1,1,1,48,8,2402,2,9,8,1
201401YE80747,4,9,0,4,0,0,0,0,0,0,2,1,6,1,32,6,1968,2,-1,4,1
201401YE80748,1,9,0,7,0,8,0,0,0,0,2,1,6,2,30,6,1299,1,7,5,1
201401YE80748,2,9,0,7,0,8,0,0,0,0,1,1,6,1,35,6,1753,2,4,3,1
201401YE80749,1,9,0,11,0,1,0,0,0,0,4,1,6,1,27,6,1390,1,5,2,1
201401YE80749,2,90,0,18,0,1,0,0,0,0,2,1,1,1,47,8,4461,2,2,1,1
201401YE80750,1,1,0,9,0,8,0,0,0,0,3,1,6,1,45,7,-1,-1,-1,8,1
201401YE80750,2,5,0,18,0,8,0,0,0,0,1,1,6,1,21,5,600,1,1,3,1
201401YE80751,1,9,0,18,0,0,0,0,0,0,3,1,6,3,-1,-1,-1,-1,-1,-1,-1
201401YE80752,1,11,0,5,0,1,0,0,0,0,0,1,1,1,37,7,9200,2,12,4,1
201401YE80753,1,9,0,1,0,0,0,0,0,0,2,1,6,1,65,9,2179,2,5,5,1
201401YE80754,1,11,0,4,0,0,0,0,0,0,0,1,1,1,-1,-1,6700,2,2,-1,-1
201401YE80755,1,9,0,18,0,1,0,0,0,0,2,1,1,2,40,7,1360,1,12,2,1
201401YE80755,2,21,1,18,0,1,0,0,0,0,1,1,6,3,-1,-1,12902,2,1,-1,-1
201401YE80761,1,9,0,8,0,1,0,0,0,0,2,1,6,2,32,6,1598,1,7,2,1
201401YE80761,2,9,0,18,0,1,0,0,0,0,1,1,6,1,-1,-1,1796,1,10,-1,-1
201401YE80762,1,21,0,18,0,0,0,0,0,0,1,1,1,1,67,10,12900,2,6,7,1
201401YE80762,2,9,0,4,0,0,0,0,0,0,2,1,6,1,41,7,1910,2,10,1,1
201401YE80762,3,9,0,3,0,0,0,0,0,0,2,1,6,1,42,7,1598,1,4,3,1
201401YE80762,4,9,0,3,0,0,0,0,0,0,2,1,6,1,62,9,1461,2,3,4,1
201401YE80763,1,19,0,9,0,2,0,0,0,0,1,1,1,1,34,6,2148,2,7,3,1
201401YE80763,2,1,0,9,0,2,0,0,0,0,2,1,6,1,42,7,-1,-1,-1,-1,1
201401YE80764,1,3,0,18,0,0,0,0,0,0,4,1,6,1,33,6,124,1,7,8,1
201401YE80764,2,9,0,12,0,0,0,0,0,0,3,1,6,2,31,6,1390,1,5,2,1
201401YE80765,1,9,0,7,0,2,0,10,1,1,1,1,2,2,34,6,6208,1,1,8,1
201401YE80766,1,9,0,16,0,0,0,4,0,0,1,1,6,1,33,6,2231,2,7,-1,-1
201401YE80767,1,9,0,18,0,0,0,0,0,0,4,1,6,1,84,11,1591,1,2,8,1
201401YE80767,2,9,0,12,0,0,0,0,0,0,3,1,6,3,-1,-1,-1,-1,-1,-1,-1
201401YE80768,1,9,0,4,0,1,0,0,0,0,2,1,6,2,46,8,1341,1,9,3,1
201401YE80768,2,9,0,4,0,1,0,0,0,0,1,1,6,2,66,10,998,1,13,3,1
201401YE80769,1,1,0,18,0,8,0,0,0,0,1,1,6,1,54,8,-1,-1,-1,7,1
201401YE80769,2,9,0,18,0,8,0,0,0,0,4,1,6,1,-1,-1,2997,1,15,-1,-1
201401YE80770,1,9,0,18,0,1,0,0,0,0,1,1,6,1,50,8,1968,2,4,5,1
201401YE80771,1,19,0,2,0,2,0,0,0,0,3,1,6,1,50,8,2148,2,6,5,1
201401YE80771,2,1,0,18,0,2,0,4,0,0,1,1,6,2,49,8,-1,-1,-1,4,1
201401YE80772,1,9,0,4,0,1,0,0,0,0,1,1,6,1,-1,-1,-1,-1,-1,-1,-1
201401YE80773,1,9,0,9,0,8,0,0,0,0,3,1,6,2,34,6,1199,1,12,2,1
201401YE80773,2,9,0,18,0,8,0,0,0,0,1,1,6,1,22,5,1598,1,8,4,1
201401YE80774,1,9,0,11,2,0,0,0,0,0,4,1,6,1,25,5,1242,1,7,4,1
201401YE80774,2,5,0,18,2,0,0,0,0,0,3,1,6,1,41,7,1550,1,9,4,1
201401YE80776,1,9,0,3,0,0,0,0,0,0,2,1,2,2,37,7,1399,2,10,3,1
201401YE80776,2,9,0,3,0,0,0,0,0,0,2,1,2,1,62,9,1956,2,3,-1,2
201401YE80776,3,9,0,3,0,0,0,0,0,0,2,1,2,2,50,8,1149,1,2,4,1
201401YE80776,4,9,0,18,0,0,0,0,0,0,1,1,6,2,48,8,1997,2,10,7,1
201401YE80777,1,9,0,18,0,0,0,0,0,0,3,1,6,1,52,8,1242,1,12,1,1
201401YE80778,1,9,0,9,0,2,0,0,0,0,1,1,6,1,70,10,1296,1,19,2,1
201401YE80779,1,9,0,4,0,1,0,0,0,0,2,1,6,2,22,5,1360,1,12,7,1
201401YE80779,2,9,0,18,0,1,0,0,0,0,1,1,6,1,40,7,1390,1,16,3,1
201401YE80780,1,9,0,3,0,1,0,0,0,0,2,1,6,2,30,6,1598,1,6,3,1
201401YE80780,2,9,0,18,0,1,0,0,0,0,1,1,6,1,50,8,1560,2,4,-1,-1
201401YE80781,1,9,0,18,0,8,0,0,0,0,3,1,6,1,27,6,2143,2,2,4,1
201401YE80781,2,9,0,9,0,8,0,0,0,0,1,1,6,3,-1,-1,1242,1,12,-1,-1
201401YE80781,3,9,0,18,0,8,0,0,0,0,1,1,6,3,-1,-1,-1,-1,-1,-1,-1
201401YE80782,1,3,0,18,0,8,0,0,0,0,1,1,6,1,18,4,124,1,1,2,1
201401YE80782,2,9,0,18,0,8,0,0,0,0,4,1,6,2,62,9,1796,1,3,9,1
201401YE80783,1,9,0,9,0,8,0,0,0,0,1,1,6,2,44,7,3724,1,11,9,1
201401YE80783,2,5,0,18,0,8,0,0,0,0,3,1,6,1,34,6,650,1,9,9,1
201401YE80784,1,9,0,7,0,1,0,0,0,0,1,1,6,1,-1,-1,1997,2,12,-1,-1
201401YE80784,2,9,0,3,0,1,0,0,0,0,3,1,6,1,-1,-1,2497,2,9,1,1
201401YE80785,1,9,0,6,0,0,0,0,0,0,3,1,6,2,30,6,1596,1,8,3,1
201401YE80785,2,3,0,13,0,0,0,0,0,0,1,1,6,1,25,5,-1,-1,-1,1,1
201401YE80786,1,9,0,18,0,8,0,0,0,0,3,1,6,2,30,6,1299,1,12,10,1
201401YE80786,2,9,0,7,0,8,0,0,0,0,1,1,6,1,30,6,-1,-1,-1,-1,-1
201401YE80787,1,9,0,18,0,1,0,0,0,0,3,1,6,1,59,9,2148,2,10,4,1
201401YE80787,2,19,0,18,0,1,0,0,0,0,4,1,6,1,-1,-1,6370,2,8,4,1
201401YE80788,1,9,0,5,0,0,0,0,0,0,1,1,1,2,37,7,1598,1,5,5,1
201401YE80788,2,3,0,18,0,0,0,0,0,0,1,1,1,1,46,8,124,1,1,10,2
201401YE80789,1,9,0,18,0,0,0,0,0,0,1,1,6,1,25,5,1896,2,11,-1,-1
201401YE80789,2,9,0,3,0,0,0,0,0,0,2,1,6,2,54,8,1399,1,6,3,1
201401YE80789,3,9,0,3,0,0,0,0,0,0,2,1,6,1,-1,-1,1761,1,15,8,1
201401YE80791,1,21,0,12,0,0,0,4,0,0,1,1,1,1,50,8,12900,2,6,2,1
201401YE80791,2,8,0,2,0,0,0,0,0,0,2,1,1,1,34,6,1997,2,13,5,1
201401YE80792,1,9,0,18,0,0,0,4,0,0,3,1,6,2,64,9,2457,1,9,3,1
201401YE80792,2,9,0,2,0,0,0,0,0,0,3,1,6,1,42,7,1968,2,3,-1,-1
201401YE80793,1,11,0,18,2,1,0,0,0,0,0,1,1,1,34,6,6692,2,4,1,1
201401YE80794,1,9,0,9,0,8,0,0,0,0,1,1,6,2,30,6,1242,1,5,4,1
201401YE80794,2,2,0,9,0,8,0,0,0,0,1,1,1,1,32,6,654,1,6,2,1
201401YE80796,1,9,0,6,0,0,0,0,0,0,3,1,6,2,45,7,1149,1,14,1,1
201401YE80796,2,9,0,13,0,0,0,0,0,0,1,1,6,1,-1,-1,1332,1,4,3,1
201401YE80797,1,9,0,9,0,2,0,0,0,0,1,1,6,1,35,6,1796,1,12,1,1
201401YE80797,2,9,0,14,0,1,0,0,0,0,1,1,6,1,-1,-1,1968,2,9,-1,-1
201401YE80798,1,9,0,18,0,8,0,0,0,0,4,1,3,1,53,8,1999,1,4,3,1
201401YE80798,2,20,0,7,0,8,0,0,0,0,1,2,6,1,-1,-1,-1,-1,-1,-1,-1
201401YE80799,1,9,0,18,0,1,0,0,0,0,4,1,6,1,43,7,2143,2,3,4,1
201401YE80799,2,9,0,7,0,1,0,0,0,0,1,1,6,1,53,8,1390,1,16,7,1
201401YE80800,1,9,0,18,0,0,0,0,0,0,1,1,6,1,46,8,1796,1,10,2,1
201401YE80801,1,3,0,18,0,1,0,0,0,0,1,1,1,1,18,4,125,1,7,1,1
201401YE80801,2,9,0,9,0,1,0,0,0,0,4,1,1,1,45,7,1596,1,6,2,1
201401YE80802,1,9,0,16,0,3,0,0,0,0,1,1,6,2,25,5,1995,2,-1,1,1
201401YE80803,1,11,0,5,2,0,0,0,0,0,0,1,1,1,23,5,5850,2,12,2,1
201401YE80803,2,9,0,11,0,0,0,0,0,0,0,1,6,3,-1,-1,3199,1,14,-1,-1
201401YE80804,1,9,0,18,0,1,0,0,0,0,4,1,6,1,77,11,2496,1,8,5,1
201401YE80804,2,9,0,5,0,1,0,0,0,0,1,1,6,3,-1,-1,-1,-1,-1,-1,-1
201401YE80805,1,9,0,16,0,1,0,0,0,0,1,1,6,1,64,9,2171,2,11,-1,-1
201401YE80805,2,9,0,9,0,1,0,0,0,0,1,1,6,1,26,6,1598,1,8,2,1
201401YE80806,1,9,0,5,0,1,0,0,0,0,1,1,6,1,58,9,1998,1,15,8,1
201401YE80806,2,9,0,3,0,1,0,0,0,0,2,1,2,1,54,8,1995,2,8,4,1
201401YE80807,1,9,0,18,0,0,0,0,0,0,4,1,6,2,59,9,1977,1,17,8,1
201401YE80807,2,9,0,5,0,0,0,0,0,0,3,1,6,1,-1,-1,1390,1,1,-1,-1
201401YE80808,1,9,0,3,0,2,0,0,0,0,2,1,6,1,31,6,-1,-1,-1,4,1
201401YE80808,2,3,0,18,0,2,0,0,0,0,1,1,6,3,-1,-1,-1,-1,-1,-1,-1
201401YE80809,1,9,0,9,0,1,0,0,0,0,4,1,6,2,26,6,1834,1,11,1,1
201401YE80809,2,9,0,18,0,1,0,0,0,0,3,1,6,2,53,8,1396,1,10,4,1
201401YE80809,3,9,0,18,0,1,0,0,0,0,3,1,6,2,28,6,998,1,-1,3,1
201401YE80811,1,9,0,5,0,8,0,0,0,0,1,1,6,1,23,5,1998,1,14,7,1
201401YE80811,2,5,0,18,0,8,0,0,0,0,3,1,6,1,43,7,636,1,11,5,3
201401YE80812,1,9,0,4,0,1,0,0,0,0,3,1,3,1,44,7,1796,1,6,-1,1
201401YE80812,2,1,0,18,0,1,0,0,0,0,1,1,6,1,20,4,-1,-1,-1,3,1
201401YE80813,1,9,0,12,0,0,0,0,0,0,1,1,6,2,33,6,1997,1,-1,4,1
201401YE80813,2,9,0,3,0,0,0,0,0,0,2,1,6,1,39,7,1896,2,6,4,1
201401YE80813,3,9,0,3,0,0,0,0,0,0,2,1,6,1,27,6,1995,2,2,3,1
201401YE80814,1,9,0,18,0,8,0,10,1,2,4,1,6,1,48,8,1339,1,6,9,1
201401YE80814,2,9,0,7,0,8,0,0,0,0,1,1,6,2,45,7,1461,2,3,6,1
201401YE80816,1,9,0,18,0,1,0,0,0,0,3,1,6,2,24,5,-1,-1,-1,3,1
201401YE80816,2,9,0,9,0,1,0,7,7,10,4,1,6,1,23,5,999,1,7,4,1
201401YE80817,1,9,0,9,0,2,0,0,0,0,3,1,2,1,60,9,2184,2,7,-1,-1
201401YE80819,1,9,0,1,0,8,0,4,0,0,2,1,6,3,-1,-1,1499,2,1,-1,-1
201401YE80819,2,9,0,18,0,8,0,0,0,0,1,1,1,1,36,7,-1,-1,-1,-1,-1
201401YE80819,3,9,0,2,0,1,0,0,0,0,3,1,6,3,-1,-1,1896,2,12,-1,-1
201401YE80819,4,9,0,2,0,1,0,0,0,0,2,1,6,3,-1,-1,1968,2,4,-1,-1
201401YE80819,5,9,0,2,0,1,0,0,0,0,4,1,6,3,-1,-1,998,1,13,-1,-1
201401YE80821,1,9,0,4,0,1,0,0,0,0,2,1,6,2,27,6,1299,1,12,7,1
201401YE80821,2,9,0,18,0,1,0,0,0,0,1,1,6,1,-1,-1,1390,1,-1,-1,-1
201401YE80822,1,19,0,18,0,8,0,0,0,0,3,1,1,1,39,7,1753,2,1,-1,1
201401YE80822,2,9,0,9,0,8,0,0,0,0,1,1,2,1,62,9,1781,1,16,2,1
201401YE80823,1,11,0,7,0,8,0,0,0,0,0,1,1,1,39,7,4500,2,6,7,1
201401YE80824,1,9,0,2,0,2,0,0,0,0,1,1,6,1,38,7,1998,1,11,3,1
201401YE80824,2,19,0,1,0,1,0,4,0,0,2,1,6,1,-1,-1,-1,-1,-1,-1,-1
201401YE80825,1,9,0,18,0,2,0,0,0,0,4,1,6,3,-1,-1,-1,-1,-1,-1,-1
201401YE80826,1,9,0,9,0,1,0,0,0,0,4,1,1,1,41,7,1896,2,9,4,1
201401YE80826,2,9,0,18,0,1,0,0,0,0,1,1,1,1,60,9,1461,2,-1,8,1
201401YE80827,1,9,0,4,0,0,0,0,0,0,1,1,6,2,78,11,1598,1,-1,9,1
201401YE80827,2,9,0,3,0,0,0,0,0,0,2,1,6,1,35,6,1461,2,2,8,1
201401YE80828,1,11,0,18,0,0,0,0,0,0,1,1,1,1,54,8,3900,2,8,5,1
201401YE80828,2,5,0,18,0,0,1,0,0,0,1,1,6,3,-1,-1,675,1,2,-1,-1
201401YE80829,1,9,0,3,0,0,0,0,0,0,2,1,6,1,41,7,1956,2,4,2,1
201401YE80829,2,9,0,18,0,0,0,0,0,0,1,1,6,2,-1,-1,1598,2,2,3,1
201401YE80830,1,9,0,18,0,1,0,0,0,0,3,1,6,2,66,10,-1,-1,-1,8,1
201401YE80833,1,9,0,5,0,0,0,0,0,0,1,1,6,2,43,7,1242,1,-1,1,1
201401YE80834,1,9,0,18,0,2,0,0,0,0,1,1,6,2,54,8,998,1,4,10,1
201401YE80835,1,9,0,18,0,1,0,0,0,0,1,1,6,1,24,5,-1,-1,-1,4,1
201401YE80835,2,9,0,4,0,1,0,0,0,0,2,1,6,2,47,8,1995,2,9,8,1
201401YE80838,1,9,0,9,0,8,0,0,0,0,3,1,6,2,29,6,1896,2,12,4,1
201401YE80838,2,9,0,13,0,8,0,0,0,0,4,1,6,1,-1,-1,1781,1,13,-1,-1