Accident_Index,Vehicle_Reference,Vehicle_Type,Towing_and_Articulation,Vehicle_Manoeuvre,Vehicle_Location-Restricted_Lane,Junction_Location,Skidding_and_Overturning,Hit_Object_in_Carriageway,Vehicle_Leaving_Carriageway,Hit_Object_off_Carriageway,1st_Point_of_Impact,Was_Vehicle_Left_Hand_Drive?,Journey_Purpose_of_Driver,Sex_of_Driver,Age_of_Driver,Age_Band_of_Driver,Engine_Capacity_(CC),Propulsion_Code,Age_of_Vehicle,Driver_IMD_Decile,Driver_Home_Area_Type
201401YR90073,1,9,0,18,0,0,0,0,0,0,1,1,6,2,-1,-1,-1,-1,-1,-1,-1
201401YR90074,1,11,0,3,0,0,0,0,0,0,0,1,1,2,43,7,8300,2,9,1,1
201401YR90075,1,8,0,7,0,5,0,0,0,0,4,1,1,1,48,8,1598,1,8,1,1
201401YR90077,1,9,0,18,0,0,0,4,0,0,4,1,2,2,27,6,-1,-1,-1,4,1
201401YR90077,2,9,0,2,0,0,0,4,0,0,2,1,6,2,49,8,1689,2,10,-1,-1
201401YR90077,3,9,0,2,0,0,0,0,0,0,1,1,6,3,-1,-1,1753,2,6,-1,-1
201401YR90077,4,9,0,2,0,0,0,0,0,0,3,1,6,1,28,6,-1,-1,-1,-1,-1
201401YR90078,1,19,0,4,0,1,0,0,0,0,4,1,1,1,28,6,2400,2,11,-1,1
201401YR90080,1,8,0,4,0,8,0,0,0,0,3,1,1,1,59,9,-1,-1,-1,9,2
201401YR90083,1,9,0,18,0,8,0,0,7,0,4,1,2,1,54,8,2980,2,18,7,1
201401YR90083,2,9,0,18,0,8,0,0,1,0,1,1,6,1,-1,-1,1124,1,10,-1,-1
201401YR90084,1,9,0,18,0,1,0,4,0,0,4,1,6,2,36,7,1229,1,6,1,1
201401YR90084,2,9,0,9,0,1,0,0,0,0,1,1,6,2,-1,-1,-1,-1,-1,-1,-1
201401YR90084,3,19,0,2,0,1,0,10,1,4,2,1,6,1,50,8,1995,2,7,-1,-1
201401YR90084,4,9,0,2,0,1,0,4,0,0,3,1,6,2,43,7,1398,1,11,-1,-1
201401YR90085,1,19,0,18,0,8,0,0,0,0,1,1,6,1,32,6,-1,-1,-1,3,1
201401YR90085,2,19,0,18,0,8,0,0,0,0,4,1,6,1,49,8,1686,2,11,6,1
201401YR90087,1,3,0,18,2,8,0,0,0,0,1,1,6,2,29,6,-1,-1,-1,9,1
201401YR90087,2,19,0,7,2,5,0,0,0,0,4,1,6,3,-1,-1,-1,-1,-1,-1,-1
201401YR90088,1,9,0,18,0,1,0,0,0,0,1,1,6,1,28,6,1390,1,13,-1,-1
201401YR90088,2,9,0,9,0,2,0,0,0,0,3,1,6,1,27,6,1596,1,1,1,1
201401YR90089,1,9,0,16,0,0,0,0,0,0,4,1,6,3,-1,-1,-1,-1,-1,-1,-1
201401YR90090,1,9,0,9,0,6,0,0,0,0,1,1,6,2,21,5,1968,2,-1,1,1
201401YR90090,2,3,0,18,0,8,0,0,0,0,4,1,6,1,36,7,125,1,3,-1,-1
201401YR90091,1,3,0,4,0,0,0,0,0,0,1,1,1,1,32,6,107,1,-1,2,1
201401YR90091,2,9,0,18,0,0,0,0,0,0,1,1,6,1,-1,-1,1497,1,13,7,1
201401YR90092,1,5,0,5,0,8,0,0,0,0,4,1,6,1,69,10,599,1,14,5,1
201401YR90092,2,9,0,18,0,8,0,0,0,0,1,1,6,1,64,9,1998,1,12,-1,-1
201401YR90093,1,9,0,18,0,0,0,0,0,0,1,1,6,1,38,7,1364,1,8,2,1
201401YR90093,2,9,0,4,0,0,0,0,0,0,2,1,6,1,46,8,1995,2,10,2,1
201401YR90094,1,9,0,3,0,8,0,0,0,0,2,1,6,1,30,6,1995,1,10,-1,1
201401YR90094,2,19,0,7,0,8,0,0,0,0,1,1,6,1,-1,-1,1753,2,11,-1,-1
201401YR90095,1,9,0,9,0,6,0,0,0,0,3,1,6,2,30,6,1796,1,9,1,1
201401YR90095,2,1,0,18,0,8,0,0,0,0,1,1,6,1,31,6,-1,-1,-1,3,1
201401YR90096,1,9,0,4,0,2,0,0,0,0,1,1,6,1,20,4,1968,2,5,3,1
201401YR90096,2,9,0,3,0,2,0,0,0,0,2,1,6,2,41,7,1197,1,1,2,1
201401YR90097,1,9,0,18,0,1,0,0,0,0,2,1,2,2,47,8,1388,1,9,4,1
201401YR90097,2,9,0,18,0,1,0,0,0,0,1,1,6,2,-1,-1,-1,-1,-1,4,1
201401YR90098,1,5,0,13,0,0,0,0,0,0,4,1,6,1,38,7,1170,1,2,-1,-1
201401YR90098,2,9,0,14,0,0,0,0,0,0,3,1,6,1,27,6,1229,1,1,5,1
201401YR90099,1,1,0,4,0,1,1,0,0,0,1,1,2,1,29,6,-1,-1,-1,3,1
201401YR90100,1,9,0,3,0,8,0,0,0,0,2,1,6,2,27,6,1596,1,9,1,1
201401YR90100,2,9,0,18,0,8,0,0,0,0,1,1,6,2,-1,-1,1229,1,7,-1,-1
201401YR90101,1,19,0,7,0,5,0,0,0,0,4,1,6,1,21,5,1868,2,14,2,1
201401YR90101,2,9,0,4,2,8,0,0,0,0,1,1,6,1,23,5,1896,2,13,-1,-1
201401YR90102,1,9,0,18,0,0,0,0,0,0,3,1,6,1,38,7,998,1,14,1,1
201401YR90102,2,5,0,13,0,0,1,0,0,0,1,1,1,1,50,8,1170,1,8,5,1
201401YR90104,1,9,0,9,0,5,2,0,0,0,4,1,6,1,17,4,1242,1,1,1,1
201401YR90104,2,9,0,18,0,8,0,0,0,0,1,1,1,1,55,8,1896,2,7,4,1
201401YR90105,1,9,0,4,0,0,0,0,0,0,2,1,6,1,55,8,1560,2,9,3,1
201401YR90105,2,9,0,18,0,0,1,0,0,0,1,1,6,1,-1,-1,1242,1,11,5,1
201401YR90107,1,4,0,4,0,8,0,0,0,0,0,1,6,1,39,7,599,1,6,1,1
201401YR90107,2,9,0,10,0,8,0,0,0,0,0,1,6,1,-1,-1,-1,-1,-1,-1,-1
201401YR90108,1,9,0,2,0,1,0,0,0,0,2,1,1,3,-1,-1,-1,-1,-1,-1,-1
201401YR90108,2,19,0,18,0,1,0,4,0,0,1,1,1,1,34,6,2148,2,4,1,1
201401YR90109,1,19,0,18,0,0,0,0,0,0,4,1,1,1,42,7,2287,2,2,-1,1
201401YR90110,1,9,0,5,0,0,0,0,0,0,3,1,6,1,25,5,4806,1,1,8,1
201401YR90111,1,9,0,4,0,1,0,0,0,0,1,1,2,1,48,8,1598,1,12,-1,-1
201401YR90111,2,9,0,4,0,1,0,0,0,0,2,1,6,2,57,9,1199,2,3,3,1
201401YR90112,1,3,0,18,0,8,0,0,0,0,1,1,1,1,46,8,125,1,1,5,1
201401YR90112,2,9,0,9,0,5,0,0,0,0,3,1,6,1,-1,-1,1796,1,11,-1,-1
201401YR90113,1,11,0,18,0,0,0,0,0,0,4,1,1,1,-1,-1,-1,-1,-1,-1,-1
201401YR90114,1,9,0,4,0,8,0,0,0,0,1,1,6,1,32,6,1870,2,10,1,1
201401YR90114,2,9,0,9,0,6,0,0,0,0,3,1,6,1,61,9,1995,2,11,3,1
201401YR90115,1,9,0,4,0,8,0,0,0,0,0,1,6,1,34,6,-1,-1,-1,-1,-1
201401YR90115,2,9,0,9,0,8,0,0,0,0,0,1,6,1,-1,-1,-1,-1,-1,-1,-1
201401YR90117,1,5,0,14,0,0,0,0,0,0,4,1,2,1,59,9,656,1,7,4,1
201401YR90118,1,1,0,18,0,8,0,0,0,0,1,1,2,2,33,6,-1,-1,-1,2,1
201401YR90118,2,9,0,18,0,8,0,0,0,0,3,1,1,1,39,7,1995,2,10,3,1
201401YR90119,1,3,0,18,0,8,1,0,0,0,3,1,6,1,24,5,124,1,2,2,1
201401YR90119,2,9,0,9,0,5,0,0,0,0,1,1,6,1,38,7,2179,2,9,1,1
201401YR90121,1,11,0,9,0,6,0,0,0,0,1,1,1,2,45,7,6700,2,2,2,1
201401YR90121,2,3,0,4,0,8,0,0,0,0,4,1,1,1,37,7,125,1,2,1,1
201401YR90122,1,9,0,6,0,8,0,0,0,0,4,1,6,1,54,8,2300,1,16,2,1
201401YR90122,2,1,0,4,0,8,0,0,0,0,1,1,6,2,25,5,-1,-1,-1,5,1
201401YR90123,1,3,0,5,0,8,0,0,0,0,2,1,2,1,50,8,1062,1,22,9,1
201401YR90123,2,19,0,9,0,8,0,0,7,0,4,1,1,1,30,6,2198,2,1,8,1
201401YR90125,1,9,0,4,0,8,0,0,0,0,2,1,6,1,18,4,-1,-1,-1,1,1
201401YR90125,2,3,0,18,0,8,0,0,0,0,1,1,6,1,25,5,125,1,10,3,1
201401YR90126,1,9,0,18,0,1,0,10,1,0,3,1,6,1,32,6,1339,8,6,1,1
201401YR90126,2,19,0,18,0,1,0,0,0,0,4,1,1,1,53,8,-1,-1,-1,5,1
201401YR90126,3,9,0,9,0,2,0,0,0,0,0,1,6,3,-1,-1,1997,2,8,-1,-1
201401YR90127,1,19,0,4,0,1,0,0,0,0,2,1,1,1,25,5,2402,2,4,4,3
201401YR90127,2,9,0,18,0,1,0,0,0,0,1,1,2,1,18,4,1390,1,11,3,1
201401YR90128,1,1,0,18,0,8,1,10,1,0,1,1,6,1,28,6,-1,-1,-1,2,1
201401YR90128,2,11,0,9,2,6,0,0,0,0,2,1,1,1,-1,-1,-1,-1,-1,-1,-1
201401YR90129,1,19,0,18,0,0,0,0,0,0,1,1,6,1,38,7,1364,1,9,1,1
201401YR90129,2,9,0,4,0,0,0,0,0,0,2,1,6,1,25,5,2656,1,8,2,1
201401YR90130,1,9,0,18,0,1,0,0,0,0,1,1,6,1,52,8,1596,1,13,-1,1
201401YR90131,1,9,0,18,0,8,0,0,0,0,2,1,6,2,41,7,1753,2,12,1,1
201401YR90131,2,9,0,7,0,8,0,0,0,0,4,1,6,1,-1,-1,1299,1,10,-1,-1
201401YR90132,1,9,0,2,0,1,0,0,0,0,2,1,6,2,26,6,-1,-1,-1,-1,-1
201401YR90132,2,9,0,18,0,1,0,4,0,0,1,1,6,1,-1,-1,1495,1,14,-1,-1
201401YR90133,1,1,0,18,0,8,0,0,0,0,3,1,6,2,32,6,-1,-1,-1,2,1
201401YR90133,2,9,0,13,0,8,0,0,0,0,4,1,6,1,-1,-1,1598,1,13,2,1
201401YR90134,1,9,0,5,0,8,0,0,0,0,1,1,1,1,28,6,1390,1,13,1,1
201401YR90134,2,1,0,18,0,8,0,0,0,0,4,1,1,1,46,8,-1,-1,-1,-1,1
201401YR90135,1,9,0,4,0,0,0,0,0,0,4,1,6,3,-1,-1,-1,-1,-1,-1,-1
201401YR90136,1,3,0,14,0,1,0,0,0,0,1,1,6,1,24,5,124,1,11,7,1
201401YR90136,2,19,0,7,2,1,0,0,0,0,3,1,1,1,50,8,1870,2,11,2,1
201401YR90137,1,9,0,18,0,1,0,0,0,0,1,1,6,1,22,5,1995,1,4,2,1
201401YR90137,2,9,0,9,0,1,0,0,0,0,3,1,6,1,33,6,1390,1,12,1,1
201401YR90138,1,3,0,18,0,8,1,0,0,0,1,1,2,1,23,5,124,1,1,2,1
201401YR90138,2,9,0,9,0,6,0,0,0,0,3,1,6,1,-1,-1,1781,1,13,-1,-1
201401YR90139,1,9,0,18,0,8,0,0,0,0,1,1,6,1,50,8,2993,2,3,2,1
201401YR90139,2,9,0,15,0,8,0,0,0,0,2,1,6,1,-1,-1,1968,2,1,-1,-1
201401YR90140,1,19,0,7,0,2,0,0,0,0,3,1,1,1,22,5,2198,2,1,6,1
201401YR90140,2,9,0,18,0,1,0,0,0,0,3,1,6,1,-1,-1,1390,1,6,3,1
201401YR90141,1,9,0,5,0,0,0,0,0,0,3,1,6,1,24,5,1229,1,8,5,1
201401YR90141,2,9,0,18,0,0,0,4,0,0,4,1,6,1,27,6,1364,1,5,-1,1
201401YR90141,3,9,0,2,0,0,0,0,0,0,3,1,6,2,47,8,1242,1,12,-1,1
201401YR90142,1,11,0,5,0,0,0,0,0,0,0,1,1,1,45,7,4760,2,1,3,1
201401YR90143,1,9,0,18,0,2,0,0,0,0,1,1,6,2,27,6,1149,1,14,1,1
201401YR90144,1,9,0,9,0,8,0,0,0,0,3,1,6,1,21,5,-1,-1,-1,5,1
201401YR90144,2,9,0,18,0,8,0,0,0,0,1,1,6,1,21,5,1598,2,1,1,1
201401YR90145,1,9,0,18,0,2,0,0,0,0,1,1,6,2,-1,-1,-1,-1,-1,-1,-1
201401YR90146,1,5,0,3,0,1,0,0,0,0,2,1,2,1,34,6,660,1,23,3,1
201401YR90146,2,8,0,5,0,1,0,0,0,0,1,1,1,1,-1,-1,2499,2,5,3,1
201401YR90148,1,9,0,3,0,2,0,0,0,0,3,1,6,2,40,7,1998,1,15,2,1
201401YR90149,1,1,0,18,0,2,0,0,0,0,1,1,6,1,29,6,-1,-1,-1,6,1
201401YR90150,1,8,0,2,0,1,0,0,0,0,3,1,1,1,43,7,1995,2,6,8,1
201401YR90150,2,9,0,16,0,1,0,4,0,0,4,1,6,2,-1,-1,1390,1,4,-1,-1
201401YR90151,1,9,0,18,0,1,0,0,0,0,1,1,6,1,70,10,1598,1,13,1,1
201401YR90151,2,9,0,9,0,2,0,4,0,0,1,1,6,1,21,5,1598,1,7,3,1
201401YR90151,3,9,0,2,0,1,0,0,0,0,4,1,6,1,26,6,1199,1,10,1,1
201401YR90151,4,9,0,9,0,1,0,0,0,0,0,1,1,2,44,7,1582,2,1,-1,-1
201401YR90152,1,9,0,9,0,8,0,0,0,0,1,1,6,1,49,8,2000,2,14,8,1
201401YR90152,2,9,0,18,0,8,0,0,0,0,4,1,6,2,58,9,1197,1,1,5,1
201401YR90153,1,9,0,18,0,8,0,0,0,0,4,1,6,1,51,8,1968,2,7,2,1
201401YR90153,2,9,0,9,0,6,0,0,0,0,1,1,6,2,47,8,1339,1,2,2,1
201401YR90155,1,9,0,10,0,8,0,0,0,0,2,1,6,1,35,6,-1,-1,-1,-1,-1
201401YR90155,2,9,0,18,0,8,0,0,0,0,1,1,6,1,45,7,1896,2,12,-1,-1
201401YR90156,1,3,0,18,0,8,0,0,0,0,3,1,6,1,21,5,124,1,10,6,1
201401YR90156,2,3,0,18,0,8,0,0,0,0,4,1,6,1,21,5,-1,-1,-1,3,1
201401YR90157,1,9,0,18,0,0,0,0,0,0,1,1,1,2,52,8,1598,1,11,5,1
201401YR90158,1,11,0,5,0,0,0,0,0,0,0,1,1,1,57,9,6692,2,1,1,1
201401YR90159,1,9,0,10,0,8,0,0,0,0,2,1,6,2,-1,-1,1229,1,4,-1,1
201401YR90159,2,9,0,18,0,8,0,0,0,0,1,1,6,1,-1,-1,1998,1,12,-1,-1
201401YR90160,1,9,0,3,0,1,0,0,0,0,2,1,2,1,37,7,1997,2,14,2,1
201401YR90160,2,9,0,3,0,1,0,0,0,0,2,1,2,2,35,6,1390,1,18,6,1
201401YR90160,3,9,0,18,0,1,0,0,0,0,1,1,2,1,28,6,2438,1,21,2,1
201401YR90161,1,9,0,9,0,8,0,0,0,0,3,1,6,2,42,7,2231,2,8,4,1
201401YR90161,2,3,0,13,0,8,0,0,0,0,1,1,6,1,26,6,125,1,2,2,1
201401YR90164,1,9,0,18,0,8,0,0,0,0,1,1,2,1,56,9,998,1,9,4,1
201401YR90165,1,9,0,5,0,8,0,0,0,0,1,1,2,2,45,7,1363,2,11,4,1
201401YR90165,2,11,0,18,0,8,0,0,0,0,4,1,1,1,46,8,4500,2,3,-1,1
201401YR90167,1,9,0,18,0,8,0,10,3,1,1,1,6,1,82,11,2720,2,7,8,1
201401YR90169,1,11,0,18,0,2,0,0,0,0,4,1,1,1,57,9,6692,2,1,2,1
201401YR90170,1,3,0,10,0,8,0,0,0,0,2,1,1,1,37,7,125,1,9,1,1
201401YR90170,2,9,0,7,0,8,0,0,0,0,1,1,6,1,-1,-1,2793,1,14,-1,-1
201401YR90172,1,9,0,9,0,8,0,0,0,0,3,1,6,1,39,7,1598,1,10,2,1
201401YR90172,2,3,0,14,0,8,0,0,0,0,1,1,6,1,39,7,124,1,1,4,1
201401YR90174,1,9,0,17,0,1,0,0,0,0,2,1,6,1,38,7,1999,2,7,1,1
201401YR90174,2,9,0,17,0,1,0,0,0,0,1,1,6,1,-1,-1,1598,1,10,-1,-1
201401YR90175,1,9,0,18,0,8,0,0,0,0,1,1,6,1,20,4,1997,2,12,-1,-1
201401YR90175,2,9,0,9,0,8,0,0,0,0,3,1,6,1,26,6,1781,1,13,3,1
201401YR90176,1,9,0,18,0,1,0,0,0,0,1,1,6,1,38,7,-1,-1,-1,2,1
201401YR90176,2,9,0,3,0,1,0,0,0,0,2,1,6,1,43,7,1299,1,13,8,1
201401YR90176,3,9,0,3,0,1,0,0,0,0,2,1,6,1,45,7,1686,2,9,-1,-1
201401YR90177,1,9,0,6,0,2,0,0,0,0,3,1,6,2,34,6,1596,1,13,7,1
201401YR90177,2,9,0,18,0,2,0,0,0,0,4,1,6,1,33,6,-1,-1,-1,1,1
201401YR90178,1,8,0,5,0,1,0,0,0,0,1,1,1,1,40,7,1497,8,6,5,1
201401YR90178,2,1,0,5,0,1,0,0,0,0,2,1,6,1,56,9,-1,-1,-1,6,1
201401YR90179,1,9,0,18,0,0,0,0,0,0,2,1,6,1,23,5,1598,2,2,1,1
201401YR90179,2,9,0,18,0,0,0,0,0,0,1,1,6,1,24,5,1995,2,5,6,1
201401YR90180,1,9,0,18,0,0,0,0,0,0,1,1,2,1,69,10,1497,8,7,9,1
201401YR90181,1,11,0,5,0,0,0,0,0,0,0,1,1,2,-1,-1,-1,-1,-1,-1,-1
201401YR90183,1,9,0,18,0,1,0,0,0,0,1,1,2,2,34,6,-1,-1,-1,2,1
201401YR90184,1,8,0,18,0,2,0,0,0,0,1,1,1,1,51,8,2664,2,15,7,1
201401YR90185,1,11,0,4,0,1,0,0,0,0,0,1,1,1,31,6,6692,2,3,6,1
201401YR90186,1,9,0,15,2,1,0,0,0,0,1,1,6,1,26,6,1596,1,4,1,1
201401YR90186,2,9,0,9,0,1,0,0,0,0,4,1,6,2,27,6,1388,1,4,-1,1
201401YR90186,3,9,0,3,0,1,0,0,0,0,3,1,6,2,27,6,-1,-1,-1,9,2
201401YR90186,4,9,0,3,0,1,0,0,0,0,0,1,6,2,53,8,1240,1,5,7,1
201401YR90188,1,9,0,18,0,1,0,0,0,0,1,1,6,1,49,8,1360,1,8,9,3
201401YR90189,1,9,0,18,0,1,0,0,0,0,2,1,6,1,55,8,1995,2,2,4,1
201401YR90189,2,20,0,18,0,1,1,0,0,0,1,1,6,1,36,7,2148,2,7,3,1
201401YR90190,1,1,0,9,0,1,0,0,0,0,1,1,2,2,47,8,-1,-1,-1,6,1
201401YR90190,2,9,0,18,0,1,0,0,0,0,4,1,1,1,46,8,1497,8,5,1,1
201401YR90191,1,11,0,5,0,1,0,0,0,0,0,1,6,3,-1,-1,-1,-1,-1,-1,-1
201401YR90192,1,9,0,18,0,1,0,0,0,0,4,1,6,2,36,7,1968,2,-1,2,1
201401YR90193,1,19,0,7,0,0,0,0,0,0,0,1,1,1,34,6,2198,2,6,1,1
201401YR90193,2,11,0,5,0,0,0,0,0,0,0,1,1,1,22,5,6692,2,4,1,1
201401YR90194,1,9,0,3,0,1,0,0,0,0,2,1,6,2,26,6,998,1,9,-1,-1
201401YR90194,2,9,0,4,0,1,0,0,0,0,2,1,6,2,-1,-1,599,1,11,9,1
201401YR90194,3,9,0,18,0,1,0,0,0,0,1,1,6,3,-1,-1,-1,-1,-1,-1,-1
201401YR90195,1,9,0,18,0,8,0,0,0,0,1,1,6,2,45,7,2148,2,6,2,1
201401YR90195,2,19,0,9,0,8,0,0,0,0,4,1,1,1,22,5,2198,2,2,2,1
201401YR90196,1,1,0,18,0,1,0,0,0,0,3,1,6,1,32,6,-1,-1,-1,2,1
201401YR90196,2,9,0,11,0,1,0,0,0,0,4,1,6,1,-1,-1,-1,-1,-1,-1,-1
201401YR90197,1,19,0,13,0,0,0,0,0,0,0,1,1,1,34,6,1998,2,12,4,1
201401YR90197,2,1,0,18,0,0,0,0,0,0,4,1,6,1,45,7,-1,-1,-1,8,1
201401YR90198,1,5,0,18,0,8,0,0,0,0,4,1,6,1,27,6,903,1,3,3,1
201401YR90198,2,9,0,18,0,8,0,0,0,0,4,1,6,1,59,9,1390,1,9,7,1
201401YR90199,1,20,0,18,0,0,0,0,0,0,4,1,1,1,48,8,4250,2,5,2,1
201401YR90200,1,11,0,4,0,0,0,0,0,0,0,1,1,1,53,8,6692,2,1,-1,-1
201401YR90201,1,1,0,18,0,8,0,0,0,0,3,1,2,2,56,9,-1,-1,-1,5,1
201401YR90201,2,9,0,7,0,8,0,0,0,0,4,1,6,3,-1,-1,-1,-1,-1,-1,-1
201401YR90202,1,9,0,4,0,0,2,4,7,0,1,1,6,1,25,5,1796,1,11,4,1
201401YR90202,2,9,0,2,0,0,0,0,0,0,3,1,6,3,-1,-1,1299,1,12,-1,-1
201401YR90204,1,5,0,18,0,8,0,0,0,0,1,1,2,1,43,7,599,1,7,3,1
201401YR90204,2,9,0,9,0,8,0,0,0,0,4,1,6,3,-1,-1,-1,-1,-1,-1,-1
201401YR90205,1,9,0,1,0,1,0,0,0,0,2,1,6,1,-1,-1,-1,-1,-1,-1,-1
201401YR90206,1,19,0,18,0,8,0,0,0,0,3,1,6,1,43,7,2800,2,12,3,1
201401YR90208,1,9,0,4,0,8,0,0,0,0,2,1,6,1,37,7,1229,1,5,5,1
201401YR90208,2,8,0,18,0,8,0,0,0,0,1,1,1,1,52,8,1995,2,11,1,1
201401YR90209,1,19,0,18,0,8,0,0,0,0,1,1,2,1,40,7,-1,-1,-1,3,1
201401YR90209,2,3,0,9,0,6,0,0,0,0,2,1,1,1,27,6,108,1,2,4,1
201401YR90210,1,9,0,3,0,1,0,0,0,0,2,1,6,1,38,7,1242,1,14,-1,-1
201401YR90210,2,9,0,18,0,1,0,0,0,0,1,1,6,1,-1,-1,2495,2,14,-1,-1
201401YR90211,1,19,0,18,0,0,0,0,0,0,4,1,1,1,38,7,2299,2,1,2,1
201401YR90211,2,9,0,5,0,0,0,4,0,0,3,1,1,2,28,6,1598,1,8,2,1
201401YR90211,3,9,0,2,0,0,0,0,0,0,3,1,6,3,-1,-1,1498,1,6,-1,-1
201401YR90212,1,9,0,3,0,0,0,0,0,0,2,1,1,1,41,7,998,1,10,1,1
201401YR90212,2,9,0,18,0,0,0,0,0,0,1,1,2,1,26,6,1796,1,10,-1,1
201401YR90213,1,1,0,18,0,8,0,0,0,0,3,1,1,1,27,6,-1,-1,-1,2,1
201401YR90213,2,9,0,7,0,8,0,0,0,0,4,1,6,3,-1,-1,1199,1,10,-1,-1
201401YR90214,1,9,0,18,0,8,0,10,7,0,4,1,6,2,74,10,1399,1,11,4,1
201401YR90214,2,9,0,8,0,8,0,0,0,0,4,1,6,1,54,8,1968,2,8,5,1
201401YR90215,1,9,0,14,0,8,0,0,0,0,4,1,2,1,55,8,1388,1,4,10,1
201401YR90216,1,9,0,9,0,8,0,0,0,0,3,1,6,1,19,4,1390,1,13,2,1
201401YR90216,2,3,0,18,0,8,0,0,0,0,1,1,6,1,22,5,124,1,15,4,1
201401YR90217,1,1,0,18,9,8,0,0,0,0,1,1,6,1,46,8,-1,-1,-1,1,1
201401YR90217,2,1,0,18,9,8,0,0,0,0,1,1,6,1,24,5,-1,-1,-1,1,1
201401YR90217,3,9,0,7,0,6,0,0,0,0,4,1,2,1,24,5,1390,1,6,9,1
201401YR90218,1,9,0,18,0,0,0,0,0,0,1,1,6,2,37,7,1995,2,9,2,1
201401YR90218,2,9,0,4,0,0,0,0,0,0,2,1,6,1,54,8,2180,2,19,7,1
201401YR90218,3,9,0,4,0,0,0,0,0,0,2,1,6,2,43,7,1198,1,6,8,1
201401YR90218,4,11,0,5,0,0,0,0,0,0,0,1,6,3,-1,-1,-1,-1,-1,-1,-1
201401YR90219,1,9,0,3,0,1,0,0,0,0,3,1,6,2,46,8,1108,1,10,2,1
201401YR90219,2,3,0,14,0,1,0,0,0,0,1,1,6,1,39,7,125,1,8,-1,-1
201401YR90220,1,1,0,18,0,8,0,0,0,0,3,1,6,1,37,7,-1,-1,-1,2,1
201401YR90220,2,9,0,7,0,8,0,0,0,0,4,1,6,1,-1,-1,1339,1,8,-1,-1
201401YR90221,1,9,0,7,0,8,0,10,1,0,1,1,6,2,20,4,1951,2,12,1,1
201401YR90221,2,9,0,3,0,8,0,0,0,0,1,1,6,1,22,5,1390,1,15,3,1
201401YR90222,1,9,0,18,0,2,0,0,0,0,1,1,6,1,21,5,1968,2,6,1,1
201401YR90223,1,9,0,6,0,0,0,0,0,0,3,1,6,1,69,10,1796,1,7,9,1
201401YR90223,2,3,0,18,0,0,0,0,0,0,1,1,6,1,36,7,124,1,1,-1,-1
201401YR90224,1,20,0,18,0,1,0,0,0,0,1,1,1,1,52,8,4461,2,6,5,1
201401YR90224,2,9,0,3,0,1,0,0,0,0,2,1,6,1,29,6,-1,-1,-1,9,1
201401YR90224,3,19,0,3,0,1,0,0,0,0,2,1,6,1,58,9,2198,2,7,3,1
201401YR90226,1,9,0,9,0,6,0,0,0,0,3,1,6,1,22,5,998,1,7,1,1
201401YR90226,2,5,0,14,0,8,0,0,0,0,1,1,6,1,31,6,1200,1,10,4,1
201401YR90227,1,11,0,18,0,8,0,0,0,0,0,1,1,1,54,8,-1,-1,-1,2,1
201401YR90228,1,9,0,18,0,1,0,0,0,0,1,1,6,2,-1,-1,1988,1,13,-1,-1
201401YR90229,1,9,0,9,0,8,0,0,0,0,3,1,6,1,35,6,1149,1,11,-1,1
201401YR90229,2,3,0,4,0,8,0,0,0,0,1,1,6,1,17,4,124,1,13,1,1
201401YR90230,1,9,0,18,0,2,0,0,0,0,1,1,6,3,-1,-1,1598,2,3,-1,-1
201401YR90231,1,9,0,5,0,6,0,0,0,0,3,1,6,1,33,6,1390,1,2,4,1
201401YR90231,2,19,0,3,0,8,0,0,0,0,1,1,6,1,24,5,2198,2,4,5,1
201401YR90231,3,1,0,14,0,8,0,0,0,0,1,1,6,2,18,4,-1,-1,-1,5,1
201401YR90233,1,19,0,4,0,1,0,0,0,0,2,1,6,1,32,6,2500,2,9,9,3
201401YR90233,2,9,0,18,0,1,0,0,0,0,1,1,6,3,-1,-1,1598,1,10,-1,-1
201401YR90234,1,3,0,15,0,8,0,0,0,0,3,1,1,1,39,7,125,1,8,4,1
201401YR90234,2,9,0,7,0,5,0,0,0,0,4,1,6,1,-1,-1,1796,1,6,-1,-1
201401YR90236,1,1,0,9,0,5,0,0,0,0,4,1,2,1,59,9,-1,-1,-1,3,1
201401YR90236,2,9,0,9,0,6,0,0,0,0,1,1,6,1,-1,-1,1995,2,7,-1,-1
201401YR90238,1,5,0,18,0,1,0,0,0,0,1,1,1,1,30,6,748,1,19,4,1
201401YR90238,2,5,0,9,0,1,0,0,0,0,3,1,1,2,37,7,-1,-1,-1,2,1
201401YR90239,1,9,0,7,0,8,0,10,1,0,3,1,6,1,53,8,996,1,4,4,1
201401YR90239,2,20,0,7,0,8,0,7,0,0,4,1,6,1,-1,-1,5193,2,2,-1,-1
201401YR90240,1,1,0,14,0,1,0,0,0,0,2,1,6,1,27,6,-1,-1,-1,9,1
201401YR90240,2,9,0,13,0,1,0,0,0,0,1,1,6,1,-1,-1,1364,1,8,-1,-1
201401YR90241,1,9,0,4,0,8,0,0,0,0,3,1,2,1,34,6,1339,1,6,3,1
201401YR90243,1,11,0,9,0,8,0,0,0,0,3,1,6,1,55,8,6700,2,4,4,1
201401YR90243,2,3,0,13,0,8,0,0,0,0,1,1,6,1,31,6,125,1,4,2,1
201401YR90244,1,9,0,6,0,0,0,0,0,0,3,1,6,1,26,6,1968,2,-1,1,1
201401YR90244,2,3,0,14,0,0,0,0,0,0,4,1,6,1,35,6,998,1,6,7,1
201401YR90245,1,9,0,18,0,8,0,0,0,0,1,1,6,1,28,6,2598,1,19,5,1
201401YR90245,2,9,0,4,0,8,0,0,0,0,2,1,6,1,50,8,1956,2,4,2,1
201401YR90247,1,9,0,9,0,8,0,0,0,0,3,1,6,2,30,6,1242,1,12,3,1