Accident_Index,Vehicle_Reference,Vehicle_Type,Towing_and_Articulation,Vehicle_Manoeuvre,Vehicle_Location-Restricted_Lane,Junction_Location,Skidding_and_Overturning,Hit_Object_in_Carriageway,Vehicle_Leaving_Carriageway,Hit_Object_off_Carriageway,1st_Point_of_Impact,Was_Vehicle_Left_Hand_Drive?,Journey_Purpose_of_Driver,Sex_of_Driver,Age_of_Driver,Age_Band_of_Driver,Engine_Capacity_(CC),Propulsion_Code,Age_of_Vehicle,Driver_IMD_Decile,Driver_Home_Area_Type
201401YR90952,2,9,0,4,0,8,0,0,0,0,2,1,3,2,29,6,1368,1,6,2,1
201401YR90952,3,19,0,18,0,8,0,0,0,0,1,1,1,1,40,7,2198,2,8,4,1
201401YR90953,1,9,0,18,0,8,0,10,1,0,4,1,6,1,26,6,1598,1,12,1,1
201401YR90953,2,19,0,9,0,8,0,0,0,0,2,2,6,1,42,7,-1,-1,-1,-1,-1
201401YR90954,1,9,0,9,0,2,0,0,0,0,1,1,6,2,37,7,1956,2,5,3,1
201401YR90954,2,5,0,14,0,1,0,0,0,0,4,1,6,1,37,7,656,1,8,3,1
201401YR90956,1,9,0,5,0,1,0,0,0,0,4,1,6,2,34,6,1149,1,12,2,1
201401YR90957,1,9,0,3,0,2,0,0,0,0,2,1,2,2,67,10,1598,1,12,8,1
201401YR90957,2,9,0,18,0,2,0,0,0,0,1,1,6,2,20,4,1149,1,11,3,1
201401YR90958,1,9,0,9,0,8,0,0,0,0,4,1,6,1,67,10,-1,-1,-1,1,1
201401YR90959,1,9,0,4,0,2,0,0,0,0,1,1,1,1,28,6,1497,8,8,1,1
201401YR90959,2,9,0,18,0,1,0,0,0,0,3,1,6,1,21,5,1968,2,4,1,1
201401YR90960,1,11,0,5,0,0,0,0,0,0,0,1,1,3,-1,-1,-1,-1,-1,-1,-1
201401YR90961,1,9,0,15,2,2,0,0,0,0,3,1,6,3,-1,-1,-1,-1,-1,-1,-1
201401YR90962,1,9,0,4,0,1,0,0,0,0,2,1,6,1,31,6,1339,1,10,2,1
201401YR90962,2,19,0,18,0,1,0,0,0,0,1,1,6,1,34,6,2198,2,6,7,1
201401YR90963,1,8,0,6,0,8,0,0,0,0,0,1,1,1,40,7,1896,2,9,2,1
201401YR90963,2,3,0,18,0,8,0,0,0,0,4,1,6,1,41,7,124,1,4,6,1
201401YR90965,1,9,0,9,0,8,0,0,0,0,1,1,6,1,55,8,1995,2,9,3,1
201401YR90966,1,9,0,9,0,2,0,0,0,0,1,1,6,1,-1,-1,1984,1,12,-1,-1
201401YR90967,1,2,0,5,0,2,0,0,0,0,1,1,1,1,19,4,108,1,-1,1,1
201401YR90968,1,11,0,18,0,2,0,0,0,0,3,1,1,1,27,6,8300,2,8,3,1
201401YR90969,1,9,0,3,0,8,0,0,0,0,4,1,6,1,52,8,1329,1,5,1,1
201401YR90969,2,9,0,18,0,8,0,0,0,0,1,1,6,1,52,8,1796,1,12,2,1
201401YR90970,1,19,0,7,0,8,0,0,0,0,3,1,1,1,25,5,2143,2,-1,2,1
201401YR90970,2,9,0,18,0,8,0,0,0,0,4,1,6,1,26,6,2979,1,6,1,1
201401YR90971,1,9,0,9,0,8,0,0,0,0,1,1,6,2,56,9,1587,1,10,8,1
201401YR90971,2,1,0,15,0,8,0,0,0,0,3,1,6,1,51,8,-1,-1,-1,3,1
201401YR90972,1,9,0,5,0,1,0,0,0,0,1,1,6,2,37,7,1061,1,8,1,1
201401YR90973,1,11,0,5,0,1,0,0,0,0,0,1,1,1,58,9,6700,2,2,4,1
201401YR90974,1,9,0,9,0,8,0,0,0,0,1,1,6,1,25,5,-1,-1,-1,1,1
201401YR90974,2,9,0,18,0,8,0,0,0,0,4,1,6,2,30,6,1360,1,13,2,1
201401YR90975,1,9,0,2,0,2,0,4,0,0,2,1,6,1,40,7,998,1,6,2,1
201401YR90975,2,9,0,18,0,2,0,4,0,0,1,1,6,3,-1,-1,1956,2,2,-1,-1
201401YR90975,3,9,0,2,0,2,0,0,0,0,2,1,6,3,-1,-1,1896,2,9,-1,-1
201401YR90977,1,11,0,4,0,8,0,0,0,0,0,1,6,1,55,8,4760,2,1,3,1
201401YR90978,1,9,0,18,0,1,0,0,0,0,0,1,1,2,-1,-1,-1,-1,-1,-1,-1
201401YR90979,1,9,0,18,0,8,0,0,0,0,3,1,6,2,29,6,1275,1,15,2,1
201401YR90979,2,9,0,3,0,8,0,0,0,0,3,1,6,2,29,6,1598,1,13,-1,1
201401YR90980,1,2,0,18,0,1,0,0,0,0,0,1,6,1,29,6,49,1,17,1,1
201401YR90981,1,9,0,9,0,8,0,0,0,0,3,1,6,1,55,8,1596,1,7,2,1
201401YR90981,2,9,0,18,0,8,0,0,0,0,1,1,6,1,30,6,1796,1,9,2,1
201401YR90982,1,9,0,5,0,8,0,0,0,0,0,1,6,1,-1,-1,1590,1,12,10,3
201401YR90982,2,5,0,14,0,8,0,0,0,0,4,1,6,1,-1,-1,1137,1,11,1,1
201401YR90983,1,11,0,5,0,2,0,0,0,0,0,1,1,1,34,6,6692,2,3,1,1
201401YR90984,1,9,0,18,0,6,0,0,0,0,1,1,6,1,48,8,1598,1,11,-1,-1
201401YR90984,2,19,0,18,0,8,5,0,4,6,4,1,6,1,32,6,1870,2,13,-1,-1
201401YR90985,1,9,0,9,0,2,0,0,0,0,1,1,6,1,-1,-1,1995,2,12,1,1
201401YR90986,1,3,0,18,0,1,0,0,0,0,2,1,6,1,26,6,124,1,1,1,1
201401YR90986,2,8,0,18,0,1,0,0,0,0,1,1,1,3,-1,-1,-1,-1,-1,-1,-1
201401YR90987,1,9,0,18,0,0,0,0,0,0,3,1,6,2,38,7,2143,2,3,5,1
201401YR90987,2,9,0,6,0,0,0,0,0,0,4,1,6,1,-1,-1,1796,1,15,7,1
201401YR90988,1,9,0,18,0,0,0,8,0,0,1,1,6,3,-1,-1,1600,1,10,-1,-1
201401YR90988,2,9,0,2,0,0,0,0,0,0,3,1,3,2,40,7,2685,2,9,3,1
201401YR90989,1,9,0,3,0,0,0,0,0,0,4,1,6,1,-1,-1,-1,-1,-1,-1,-1
201401YR90989,2,1,0,15,0,0,0,8,0,0,1,1,6,1,51,8,-1,-1,-1,4,1
201401YR90990,1,9,0,18,0,0,0,0,0,0,1,1,6,1,41,7,2148,2,5,2,1
201401YR90991,1,1,0,13,0,8,0,0,0,0,1,1,2,1,23,5,-1,-1,-1,3,1
201401YR90991,2,9,0,9,0,8,0,0,0,0,1,1,6,1,-1,-1,1995,2,8,-1,-1
201401YR90993,1,8,0,18,0,0,0,0,0,0,4,1,1,1,51,8,1896,2,9,2,1
201401YR90994,1,9,0,3,0,2,0,0,0,0,2,1,2,2,42,7,1242,1,10,3,1
201401YR90994,2,9,0,4,0,2,0,0,0,0,1,1,6,1,29,6,1995,2,7,8,1
201401YR90995,1,9,0,9,0,2,0,0,0,0,3,1,6,1,24,5,998,1,4,1,1
201401YR90995,2,1,0,18,0,1,0,0,0,0,3,1,2,1,21,5,-1,-1,-1,-1,-1
201401YR90996,1,1,0,18,0,8,0,0,0,0,4,1,6,2,72,10,-1,-1,-1,4,1
201401YR90996,2,19,0,7,0,8,0,0,0,0,0,1,6,3,-1,-1,-1,-1,-1,-1,-1
201401YR90997,1,9,0,18,0,2,0,4,0,0,4,1,6,3,-1,-1,1753,2,11,-1,-1
201401YR90998,1,9,0,9,0,8,0,0,0,0,1,1,6,1,36,7,1799,1,18,2,1
201401YR90999,1,3,0,14,0,0,0,0,0,0,4,1,1,1,42,7,124,1,2,-1,1
201401YR91000,1,9,0,18,0,8,1,0,0,0,1,1,6,1,36,7,1995,1,10,-1,1
201401YR91000,2,1,0,18,0,8,1,0,0,0,4,1,6,1,46,8,-1,-1,-1,1,1
201401YR91002,1,9,0,18,0,2,0,0,0,0,1,1,6,1,28,6,2494,1,11,9,1
201401YR91002,2,9,0,4,0,2,0,0,0,0,2,1,6,2,45,7,1396,1,5,-1,-1
201401YR91002,3,9,0,3,0,2,0,0,0,0,2,1,6,1,-1,-1,2499,1,7,7,1
201401YR91005,1,8,0,9,0,8,0,0,0,0,1,1,1,1,39,7,2179,2,4,1,1
201401YR91007,1,11,0,2,0,0,0,0,0,0,0,1,1,1,42,7,9360,2,4,3,1
201401YR91008,1,11,0,2,0,1,0,0,0,0,0,1,1,1,43,7,5850,2,12,-1,-1
201401YR91009,1,9,0,1,0,0,0,0,0,0,2,1,6,1,-1,-1,1461,2,1,-1,-1
201401YR91010,1,9,0,10,0,0,0,0,0,0,0,1,2,1,45,7,1596,1,7,6,1
201401YR91010,2,5,0,18,0,0,1,0,0,0,0,1,2,1,51,8,992,1,10,4,1
201401YR91012,1,9,0,9,0,5,0,0,0,0,4,1,6,2,56,9,1796,1,10,7,1
201401YR91012,2,4,0,18,2,8,0,0,0,0,1,1,6,1,29,6,124,1,6,3,1
201401YR91013,1,4,0,14,0,2,0,0,0,0,1,1,6,3,-1,-1,-1,-1,-1,-1,-1
201401YR91014,1,9,0,5,0,1,0,0,0,0,1,1,6,2,-1,-1,4966,1,9,-1,-1
201401YR91017,1,9,0,18,0,0,0,0,0,0,1,1,6,1,-1,-1,-1,-1,-1,-1,-1
201401YR91018,1,9,0,4,0,8,0,0,0,0,0,1,6,1,47,8,-1,-1,-1,1,1
201401YR91018,2,19,0,9,0,8,0,0,0,0,0,1,6,3,-1,-1,-1,-1,-1,-1,-1
201401YR91019,1,9,0,9,0,8,0,0,0,0,1,1,6,1,52,8,3222,2,11,1,1
201401YR91019,2,1,0,18,0,8,0,0,0,0,1,1,6,1,-1,-1,-1,-1,-1,1,1
201401YR91020,1,3,0,18,0,2,0,0,0,0,4,1,6,1,29,6,125,1,2,1,1
201401YR91020,2,9,0,5,0,2,0,0,0,0,3,1,6,3,-1,-1,-1,-1,-1,-1,-1
201401YR99001,1,9,0,14,0,0,0,0,0,0,4,1,6,2,29,6,-1,-1,-1,-1,-1
201401YR99001,2,19,0,18,0,0,0,0,0,0,3,1,6,1,-1,-1,-1,-1,-1,-1,-1
201401YR99003,1,3,0,4,0,8,0,0,0,0,0,1,6,1,21,5,108,1,-1,-1,-1
201401YR99003,2,9,0,9,0,6,0,0,0,0,0,1,6,2,35,6,1591,1,4,-1,-1
201401YR99004,1,9,0,18,0,2,1,10,1,4,3,1,6,1,19,4,1598,1,6,1,1
201401YR99005,1,5,0,13,0,0,0,0,0,0,1,1,1,1,46,8,660,1,6,2,1
201401YR99005,2,9,0,6,0,0,0,0,0,0,3,1,2,1,29,6,1596,1,11,3,1
201401YR99006,1,19,0,18,0,8,0,0,0,0,1,1,6,1,-1,-1,1598,2,3,-1,-1
201401YR99006,2,1,0,9,0,5,0,0,0,0,2,1,6,1,45,7,-1,-1,-1,1,1
201401YR99007,1,9,0,18,0,1,0,0,0,0,1,1,6,2,26,6,1299,1,12,1,1
201401YR99007,2,9,0,3,0,1,0,0,0,0,2,1,2,2,52,8,2148,2,8,5,1
201401YR99008,1,9,0,6,0,1,0,0,0,0,3,1,6,1,66,10,2993,2,3,2,1
201401YR99008,2,1,0,18,0,1,0,0,0,0,1,1,6,1,32,6,-1,-1,-1,-1,1
201401YR99010,1,9,0,18,0,2,0,0,0,0,1,1,6,1,-1,-1,-1,-1,-1,2,1
201401YR99012,1,9,0,13,0,1,0,0,0,0,1,1,1,1,47,8,1149,1,13,5,1
201401YR99013,1,3,0,14,0,0,0,0,0,0,1,1,2,1,19,4,-1,-1,-1,10,1
201401YR99015,1,9,0,5,0,1,0,0,0,0,4,1,2,1,22,5,-1,-1,-1,1,1
201401YR99017,1,9,0,5,0,1,0,0,0,0,4,1,6,1,32,6,998,1,1,4,1
201401YR99021,1,3,0,13,0,8,0,0,0,0,1,1,6,1,22,5,124,1,5,-1,-1
201401YR99021,2,9,0,9,0,5,0,0,0,0,3,1,6,1,18,4,-1,-1,-1,2,1
201401YR99024,1,9,0,18,0,0,0,0,0,0,3,1,6,1,20,4,1598,1,9,-1,1
201401YR99025,1,9,0,18,0,8,0,0,0,0,1,1,1,2,53,8,1388,1,12,3,1
201401YR99025,2,9,0,9,0,5,0,0,0,0,4,1,6,1,40,7,1995,1,5,10,1
201401YR99028,1,9,0,18,0,1,0,0,0,0,2,1,3,1,36,7,1395,1,-1,2,1
201401YR99028,2,9,0,18,0,1,0,0,0,0,1,1,6,2,32,6,1598,1,10,1,1
201401YR99029,1,3,0,4,0,1,1,0,0,0,0,1,1,1,26,6,108,1,6,1,1
201401YR99033,1,9,0,18,0,2,0,4,0,0,1,1,6,1,22,5,1389,1,13,1,1
201401YR99033,2,9,0,2,0,2,0,0,0,0,1,1,6,1,-1,-1,2993,2,9,-1,-1
201401YR99036,1,9,0,18,0,1,0,0,0,0,1,1,6,1,28,6,1598,2,1,2,1
201401YR99036,2,9,0,5,0,1,0,10,3,1,3,1,6,3,-1,-1,2148,2,6,-1,-1
201401YR99038,1,19,0,18,0,1,0,0,0,0,4,1,6,3,-1,-1,-1,-1,-1,-1,-1
201401YR99039,1,9,0,5,0,1,0,4,0,0,1,1,6,1,-1,-1,1794,1,6,4,1
201401YR99039,2,9,0,3,0,2,0,0,0,0,3,1,6,1,64,9,1497,8,6,5,1
201401YR99039,3,9,0,2,0,2,0,0,0,0,3,1,6,3,-1,-1,998,1,-1,-1,-1
201401YR99039,4,9,0,2,0,2,0,0,0,0,3,1,6,3,-1,-1,1968,2,2,-1,-1
201401YR99040,1,3,0,4,0,0,1,0,0,0,1,1,6,1,25,5,124,1,13,3,1
201401YR99040,2,9,0,6,0,0,0,0,0,0,3,1,6,1,57,9,1598,2,3,-1,-1
201401YR99043,1,9,0,9,0,5,0,0,0,0,4,1,3,1,40,7,1896,2,7,1,1
201401YR99043,2,5,0,18,2,8,0,0,0,0,1,1,2,1,34,6,599,1,2,1,1
201401YR99053,1,11,0,4,2,8,0,0,0,0,0,1,1,1,35,6,4500,2,6,-1,1
201401YR99053,2,9,0,9,0,5,0,0,0,0,0,1,6,3,-1,-1,-1,-1,-1,-1,-1
201401YR99056,1,8,0,18,0,2,0,0,0,0,4,1,1,1,54,8,1995,2,7,2,1
201401YR99056,2,9,0,5,0,2,0,0,0,0,3,1,6,1,-1,-1,-1,-1,-1,-1,-1
201401YR99058,1,9,0,18,0,1,0,0,0,0,3,1,6,3,-1,-1,-1,-1,-1,-1,-1
201401YR99067,1,9,0,10,0,1,0,0,0,0,2,1,6,2,29,6,1686,2,9,1,1
201401YR99067,2,9,0,18,0,1,0,0,0,0,2,1,6,2,29,6,1598,1,8,3,1
201401YR99067,3,9,0,18,0,1,0,0,0,0,1,1,6,1,37,7,6000,1,11,2,1
201401YR99068,1,19,0,18,0,0,0,0,0,0,4,1,6,1,43,7,1399,2,5,3,1
201401YR99075,1,11,0,4,0,8,0,0,0,0,0,1,1,1,51,8,6692,2,3,10,1
201401YR99084,1,9,0,2,0,0,0,0,0,0,4,1,6,2,32,6,2976,1,9,-1,-1
201401YR99084,2,1,0,15,0,0,0,8,0,0,1,1,6,1,28,6,-1,-1,-1,2,1
201401YR99090,1,9,0,5,0,1,0,0,0,0,1,1,6,1,-1,-1,2199,2,3,-1,-1
201401YR99092,1,9,0,15,0,0,0,0,0,0,1,1,6,3,-1,-1,2143,2,1,-1,-1
201401YR99094,1,8,0,18,0,1,0,0,0,0,1,1,1,1,-1,-1,1598,1,2,-1,-1
201401YR99102,1,9,0,2,0,0,0,0,0,0,4,1,1,1,29,6,-1,-1,-1,1,1
201401YR99102,2,9,0,1,0,0,0,4,0,0,2,1,6,1,30,6,-1,-1,-1,-1,-1
201401YR99117,1,9,0,3,0,2,0,0,0,0,2,1,1,1,59,9,1149,1,10,-1,-1
201401YR99117,2,9,0,4,0,2,0,0,0,0,1,1,1,1,44,7,1199,1,11,5,1
201401YR99129,1,9,0,14,0,1,0,0,0,0,1,1,6,3,-1,-1,1598,1,1,-1,-1
201401YR99181,1,9,0,18,0,0,0,0,0,0,3,1,6,1,32,6,1598,1,9,1,1
201401YR99212,1,9,0,18,0,1,0,0,0,0,4,1,6,3,-1,-1,-1,-1,-1,-1,-1
201401ZD30001,1,9,0,3,0,1,0,0,0,0,2,1,1,2,25,5,-1,-1,-1,4,1
201401ZD30001,2,9,0,4,0,1,0,0,0,0,1,1,6,1,-1,-1,-1,-1,-1,-1,-1
201401ZD30002,1,9,0,5,0,1,0,0,0,0,1,1,6,2,44,7,599,1,12,6,1
201401ZD30008,1,9,0,4,0,1,0,0,0,0,2,1,6,2,34,6,1598,1,7,9,1
201401ZD30008,2,9,0,4,0,1,0,0,0,0,1,1,6,1,62,9,1998,1,9,-1,-1
201401ZD30009,1,9,0,4,0,1,0,0,0,0,2,1,6,2,27,6,-1,-1,-1,4,1
201401ZD30009,2,9,0,4,0,1,0,0,0,0,1,1,6,1,64,9,1595,1,5,6,1
201401ZD30010,1,9,0,4,0,1,0,0,0,0,2,1,6,2,20,4,1149,1,7,-1,-1
201401ZD30010,2,9,0,4,0,1,0,0,0,0,1,1,6,3,-1,-1,-1,-1,-1,-1,-1
201401ZD30011,1,9,0,9,0,8,0,0,0,0,3,1,6,1,50,8,1796,1,13,5,1
201401ZD30011,2,5,0,18,0,8,0,0,0,0,1,1,6,1,62,9,1170,1,5,7,3
201401ZD30013,1,19,0,18,0,1,5,0,0,0,0,1,1,1,27,6,1995,2,6,3,1
201401ZD30015,1,9,0,18,0,2,0,0,0,0,1,1,6,1,35,6,-1,-1,-1,7,1
201401ZD30017,1,9,0,11,0,1,0,0,0,0,4,1,6,2,25,5,1461,2,8,5,1
201401ZD30017,2,1,0,18,0,1,0,0,0,0,3,1,6,1,28,6,-1,-1,-1,4,1
201401ZD30019,1,9,0,18,0,8,0,0,0,0,1,1,6,1,55,8,1968,2,7,6,1
201401ZD30019,2,9,0,7,0,8,0,0,0,0,3,1,6,2,20,4,1794,1,11,6,1
201401ZD30020,1,9,0,2,0,2,0,0,0,0,3,1,6,1,36,7,-1,-1,-1,2,1
201401ZD30020,2,9,0,18,0,1,0,8,0,0,1,1,6,3,-1,-1,1598,1,14,-1,-1
201401ZD30021,1,9,0,9,0,8,0,0,0,0,4,1,6,1,41,7,1595,1,12,5,1
201401ZD30021,2,9,0,18,0,8,0,0,0,0,1,1,6,1,27,6,-1,-1,-1,5,1
201401ZD30024,1,9,0,9,0,8,0,0,0,0,4,1,6,2,34,6,1398,2,3,3,1
201401ZD30025,1,9,0,4,0,0,0,4,0,0,1,1,6,1,19,4,1900,2,9,10,1
201401ZD30025,2,9,0,2,0,0,0,0,0,0,2,1,6,3,-1,-1,-1,-1,-1,-1,-1
201401ZD30025,3,9,0,2,0,0,0,0,0,0,2,1,6,3,-1,-1,1587,1,13,-1,-1
201401ZD30026,1,19,0,18,0,1,0,0,0,0,1,1,1,1,36,7,2500,2,9,-1,-1
201401ZD30027,1,11,0,4,0,1,0,0,0,0,1,1,1,1,37,7,4500,2,2,3,1
201401ZD30028,1,11,0,4,0,1,0,0,0,0,1,1,1,1,54,8,-1,2,13,5,1
201401ZD30029,1,3,0,18,0,8,0,0,0,0,1,1,6,1,-1,-1,249,1,8,-1,-1
201401ZD30029,2,3,0,9,0,8,0,0,0,0,4,1,6,2,-1,-1,-1,-1,-1,-1,-1
201401ZD30030,1,11,0,5,0,2,0,0,0,0,0,1,1,1,29,6,9000,2,5,3,1
201401ZD30031,1,9,0,18,0,8,0,0,0,0,1,1,6,1,40,7,1086,1,8,-1,-1
201401ZD30032,1,9,0,13,0,1,0,0,0,0,4,1,6,3,-1,-1,-1,-1,-1,-1,-1
201401ZD30032,2,1,0,18,0,1,0,0,0,0,3,1,6,1,57,9,-1,-1,-1,7,1
201401ZD30033,1,9,0,3,0,8,0,0,0,0,2,1,6,2,39,7,1242,1,5,4,1
201401ZD30033,2,9,0,4,0,8,0,0,0,0,1,1,6,1,21,5,1596,1,5,3,1
201401ZD30035,1,9,0,4,0,2,0,0,0,0,1,1,6,2,30,6,1242,1,11,-1,-1
201401ZD30035,2,9,0,4,0,2,0,0,0,0,2,1,6,1,52,8,1796,1,11,3,1
201401ZD30035,3,9,0,4,0,2,0,0,0,0,2,1,6,2,27,6,1968,2,5,-1,-1
201401ZD30036,1,2,0,18,0,2,0,0,0,0,1,1,6,1,-1,-1,125,1,2,-1,-1
201401ZD30039,1,9,0,9,0,8,0,0,0,0,3,1,1,1,43,7,1598,1,6,10,1
201401ZD30039,2,9,0,17,0,8,0,0,0,0,1,1,1,1,37,7,1390,1,7,4,1
201401ZD30040,1,9,0,18,0,8,0,0,0,0,1,1,6,2,24,5,-1,-1,-1,2,1
201401ZD30040,2,9,0,3,0,8,0,0,0,0,2,1,6,1,30,6,1390,1,13,3,1
201401ZD30042,1,9,0,18,0,8,0,0,0,0,1,1,6,1,79,11,1124,1,13,2,1
201401ZD30042,2,9,0,9,0,8,0,0,0,0,3,1,6,3,-1,-1,1997,1,15,-1,-1
201401ZD30045,1,9,0,14,0,2,0,0,0,0,1,1,6,2,54,8,1968,2,7,4,1
201401ZD30045,2,9,0,18,0,1,0,0,0,0,1,1,1,1,59,9,1124,1,14,-1,-1
201401ZD30046,1,9,0,18,0,8,0,10,2,10,1,1,6,1,66,10,1360,1,7,3,1
201401ZD30047,1,9,0,18,0,1,0,0,0,0,4,1,6,2,55,8,1998,2,12,2,1
201401ZD30047,2,9,0,12,0,1,0,0,0,0,3,1,6,3,-1,-1,1598,1,7,-1,-1
201401ZD30048,1,9,0,3,0,1,0,0,0,0,2,1,6,2,18,4,875,1,2,8,1
201401ZD30048,2,9,0,5,0,1,0,0,0,0,1,1,6,2,62,9,1587,1,11,7,1
201401ZD30050,1,9,0,18,0,2,0,0,0,0,1,1,6,1,38,7,1988,1,11,4,1
201401ZD30051,1,9,0,9,1,8,0,10,7,7,1,1,6,1,30,6,1400,1,14,1,1
201401ZD30052,1,9,0,18,0,1,0,0,0,0,1,1,6,3,-1,-1,-1,-1,-1,-1,-1
201401ZD30054,1,3,0,18,0,2,0,0,0,0,3,1,6,1,56,9,108,1,4,6,1
201401ZD30054,2,19,0,11,0,2,0,0,0,0,4,1,6,3,-1,-1,1598,2,1,-1,-1
201401ZD30057,1,9,0,18,0,2,0,0,0,0,2,1,6,2,51,8,1598,1,4,3,1
201401ZD30057,2,9,0,18,0,2,0,0,0,0,1,1,6,2,-1,-1,-1,-1,-1,-1,-1
201401ZD30058,1,9,0,18,0,1,0,0,0,0,1,1,6,3,-1,-1,-1,-1,-1,-1,-1
201401ZD30059,1,19,0,4,0,1,0,0,0,0,2,1,1,1,26,6,2148,2,6,6,1
201401ZD30059,2,9,0,4,0,1,0,0,0,0,1,1,6,1,18,4,1149,1,7,6,1
201401ZD30060,1,11,0,18,0,0,0,0,0,0,1,1,1,1,-1,-1,-1,2,14,-1,-1
201401ZD30062,1,3,0,18,0,8,0,0,0,0,1,1,6,2,59,9,85,1,13,2,1
201401ZD30062,2,9,0,7,0,8,0,0,0,0,3,1,6,3,-1,-1,-1,-1,-1,-1,-1
201401ZD30063,1,9,0,4,0,1,0,0,0,0,2,1,6,2,-1,-1,1995,2,7,-1,-1
201401ZD30063,2,17,0,4,0,1,0,0,0,0,1,1,6,1,37,7,-1,-1,-1,5,1
201401ZD30065,1,9,0,9,0,8,0,0,0,0,3,1,1,1,33,6,1596,1,1,2,1
201401ZD30065,2,2,0,18,0,8,0,0,0,0,1,1,6,1,42,7,124,1,4,5,1
201401ZD30066,1,9,0,18,0,8,0,0,0,0,4,1,6,1,29,6,1598,1,11,2,1
201401ZD30066,2,19,0,11,0,8,0,0,0,0,3,1,1,1,34,6,-1,-1,-1,6,1
201401ZD30067,1,9,0,18,0,2,0,0,0,0,1,1,6,1,47,8,998,1,1,-1,1
201401ZD30068,1,3,0,18,0,2,0,0,0,0,1,1,1,1,26,6,125,1,11,5,1
201401ZD30068,2,9,0,5,0,2,0,0,0,0,2,1,6,2,21,5,1587,1,7,10,1
201401ZD30069,1,9,0,3,0,1,0,0,0,0,2,1,6,2,45,7,1798,1,3,10,1
201401ZD30069,2,9,0,4,0,1,0,0,0,0,1,1,6,2,-1,-1,1497,8,8,2,1
201401ZD30070,1,9,0,6,0,2,0,0,0,0,1,1,6,1,36,7,-1,-1,-1,4,1
201401ZD30070,2,9,0,18,0,2,0,0,0,0,3,1,6,2,29,6,1598,1,10,6,1
201401ZD30071,1,2,0,18,0,1,0,0,0,0,1,1,6,1,59,9,649,1,5,3,1
201401ZD30071,2,9,0,12,0,1,0,0,0,0,3,1,6,1,20,4,2148,2,11,-1,-1
201401ZD30072,1,9,0,7,0,8,0,10,1,10,1,1,1,2,50,8,1598,1,15,2,1
201401ZD30073,1,9,0,18,0,1,0,0,0,0,1,1,6,3,-1,-1,-1,-1,-1,-1,-1
201401ZD30074,1,9,0,9,0,8,0,0,0,0,3,1,6,2,37,7,1339,8,6,-1,-1
201401ZD30074,2,5,0,13,0,8,0,0,0,0,1,1,6,1,-1,-1,600,1,13,9,1
201401ZD30075,1,9,0,18,0,0,0,0,0,0,1,1,6,2,33,6,1497,1,8,4,1
201401ZD30077,1,9,0,9,0,8,0,0,0,0,4,1,6,2,35,6,1348,1,12,-1,-1
201401ZD30077,2,9,0,18,0,8,0,0,0,0,1,1,6,2,35,6,2295,1,12,-1,-1
201401ZD30078,1,9,0,9,0,8,0,0,0,0,4,1,6,1,52,8,1364,1,4,5,1
201401ZD30078,2,1,0,18,0,8,0,0,0,0,1,1,6,1,42,7,-1,-1,-1,5,1
201401ZD30080,1,9,0,18,0,2,0,0,0,0,1,1,6,3,-1,-1,2148,2,5,-1,-1
201401ZD30082,1,1,0,17,0,8,0,0,0,0,1,1,6,1,44,7,-1,-1,-1,-1,-1
201401ZD30082,2,9,0,7,0,8,0,0,0,0,3,1,6,2,-1,-1,1796,7,9,-1,-1
201401ZD30083,1,1,0,7,0,8,0,0,0,0,1,1,6,1,40,7,-1,-1,-1,3,1
201401ZD30083,2,9,0,7,0,8,0,0,0,0,4,1,6,1,-1,-1,-1,-1,-1,-1,-1
201401ZD30085,1,9,0,7,0,8,0,0,0,0,3,1,6,1,34,6,1900,2,10,-1,-1
201401ZD30085,2,9,0,18,0,8,0,0,0,0,1,1,6,1,54,8,2793,1,14,-1,-1
201401ZD30086,1,9,0,18,0,1,0,0,0,0,1,1,6,3,-1,-1,-1,-1,-1,-1,-1
201401ZD30088,1,9,0,18,0,8,0,0,0,0,4,1,6,2,26,6,1390,1,3,8,1
201401ZD30088,2,9,0,18,0,8,0,0,0,0,1,1,6,2,21,5,1598,1,10,5,1
201401ZD30089,1,9,0,4,0,1,0,0,0,0,1,1,6,1,-1,-1,1997,1,15,4,1
201401ZD30089,2,9,0,3,0,1,0,0,0,0,2,1,6,2,36,7,1598,1,11,2,1
201401ZD30090,1,9,0,3,0,1,0,0,0,0,2,1,6,2,26,6,1339,8,5,3,1
201401ZD30090,2,9,0,4,0,1,0,0,0,0,1,1,6,3,-1,-1,-1,-1,-1,-1,-1
201401ZD30091,1,9,0,18,0,1,0,0,0,0,1,1,6,2,55,8,1590,1,10,6,1
201401ZD30092,1,11,0,18,0,1,0,0,0,0,1,1,1,2,47,8,9200,2,9,-1,-1
201401ZD30093,1,11,0,18,0,2,0,0,0,0,1,1,1,1,35,6,9200,2,11,3,1
201401ZD30095,1,9,0,18,0,2,0,0,0,0,1,1,6,3,-1,-1,-1,-1,-1,-1,-1
201401ZD30096,1,9,0,3,0,8,0,0,0,0,3,1,6,2,45,7,1598,1,5,2,1
201401ZD30096,2,17,4,9,0,8,0,0,0,0,4,1,1,1,-1,-1,-1,-1,-1,-1,-1
201401ZD30098,1,9,0,4,0,0,0,0,0,0,2,1,6,2,46,8,2000,2,5,10,2
201401ZD30098,2,9,0,4,0,0,0,0,0,0,1,1,6,2,-1,-1,1984,1,4,-1,-1
201401ZD30099,1,9,0,18,0,8,0,0,0,0,3,1,6,1,38,7,1870,2,13,4,1
201401ZD30099,2,9,0,9,0,8,0,0,0,0,1,1,6,1,34,6,1390,1,11,2,1
201401ZD30099,3,9,0,18,0,8,0,0,0,0,1,1,6,2,54,8,1796,1,2,3,1
201401ZD30100,1,1,0,18,0,1,0,0,0,0,0,1,6,1,27,6,-1,-1,-1,4,1
201401ZD30100,2,9,0,13,0,1,0,0,0,0,0,1,6,3,-1,-1,-1,-1,-1,-1,-1
201401ZD30101,1,9,0,7,0,8,0,0,0,0,3,1,6,2,52,8,1198,1,8,2,1