Accident_Index,Vehicle_Reference,Vehicle_Type,Towing_and_Articulation,Vehicle_Manoeuvre,Vehicle_Location-Restricted_Lane,Junction_Location,Skidding_and_Overturning,Hit_Object_in_Carriageway,Vehicle_Leaving_Carriageway,Hit_Object_off_Carriageway,1st_Point_of_Impact,Was_Vehicle_Left_Hand_Drive?,Journey_Purpose_of_Driver,Sex_of_Driver,Age_of_Driver,Age_Band_of_Driver,Engine_Capacity_(CC),Propulsion_Code,Age_of_Vehicle,Driver_IMD_Decile,Driver_Home_Area_Type
201401ZD30493,1,11,0,18,0,8,0,0,0,0,1,1,1,1,40,7,4500,2,-1,3,1
201401ZD30493,2,9,0,7,0,8,0,0,0,0,3,1,6,3,-1,-1,2148,2,12,-1,-1
201401ZD30495,1,9,0,18,0,1,0,10,1,10,1,1,6,2,32,6,2143,2,3,2,1
201401ZD30496,1,9,0,4,0,1,0,0,0,0,1,1,6,1,74,10,1597,1,15,4,1
201401ZD30497,1,9,0,7,0,8,0,0,0,0,4,1,6,1,51,8,2148,2,9,7,1
201401ZD30497,2,2,0,18,0,8,0,0,0,0,1,1,1,1,20,4,125,1,6,1,1
201401ZD30498,1,9,0,5,9,1,0,0,0,0,1,1,6,1,33,6,5461,1,1,4,1
201401ZD30500,1,9,0,18,0,2,0,0,0,0,1,1,6,2,50,8,1149,1,9,3,1
201401ZD30501,1,9,0,18,0,1,0,0,0,0,1,1,1,1,51,8,1796,1,21,5,1
201401ZD30501,2,9,0,18,0,1,0,0,0,0,2,1,6,2,60,9,1796,1,10,9,1
201401ZD30502,1,19,0,7,0,8,0,0,0,0,3,1,1,1,57,9,1248,2,3,7,1
201401ZD30502,2,5,0,18,0,8,0,0,0,0,1,1,6,1,29,6,749,1,7,8,1
201401ZD30503,1,5,0,4,0,0,0,0,0,0,2,1,6,1,50,8,988,1,13,5,1
201401ZD30503,2,9,0,4,0,0,0,0,0,0,1,1,6,1,40,7,1360,1,14,6,1
201401ZD30504,1,9,0,18,0,1,0,0,0,0,2,1,6,2,21,5,1995,2,1,5,1
201401ZD30504,2,9,0,18,0,1,0,0,0,0,1,1,6,2,-1,-1,1796,1,7,-1,-1
201401ZD30505,1,9,0,18,0,1,0,0,0,0,2,1,6,2,-1,-1,1242,1,9,2,1
201401ZD30505,2,9,0,18,0,1,0,0,0,0,1,1,6,3,-1,-1,-1,-1,-1,-1,-1
201401ZD30507,1,9,0,18,0,1,0,0,0,0,1,1,6,1,32,6,-1,-1,-1,-1,-1
201401ZD30508,1,9,0,18,0,2,0,0,0,0,1,1,1,1,-1,-1,-1,-1,-1,-1,-1
201401ZD30509,1,11,0,4,0,1,0,0,0,0,0,1,1,2,29,6,-1,-1,-1,5,1
201401ZD30510,1,5,0,18,0,8,0,0,0,0,1,1,6,1,29,6,599,1,8,8,1
201401ZD30510,2,9,0,7,0,8,0,0,0,0,3,1,6,2,59,9,1597,1,16,4,1
201401ZD30511,1,9,0,18,0,8,0,0,0,0,1,1,6,1,52,8,1998,1,11,4,1
201401ZD30511,2,9,0,18,0,8,5,0,0,0,3,1,6,2,-1,-1,998,1,5,-1,-1
201401ZD30512,1,9,0,18,0,8,0,0,0,0,3,1,6,1,35,6,1910,2,5,3,1
201401ZD30512,2,9,0,7,0,8,0,0,0,0,1,1,6,1,-1,-1,1598,1,15,-1,-1
201401ZD30513,1,9,0,5,0,1,0,0,0,0,1,1,6,1,27,6,1991,2,9,6,1
201401ZD30513,2,9,0,3,0,1,0,0,0,0,2,1,6,1,42,7,1240,1,10,2,1
201401ZD30514,1,9,0,9,0,8,0,0,0,0,3,1,6,1,21,5,1299,1,8,-1,1
201401ZD30514,2,3,0,13,0,8,0,0,0,0,1,1,6,1,28,6,124,1,20,-1,-1
201401ZD30515,1,9,0,9,0,8,0,0,0,0,1,1,6,1,30,6,1800,1,16,9,1
201401ZD30515,2,9,0,9,0,8,0,0,0,0,1,1,6,1,80,11,1597,1,16,3,1
201401ZD30516,1,8,0,18,0,1,0,0,0,0,1,1,1,1,43,7,1598,1,6,-1,-1
201401ZD30518,1,19,0,4,0,1,0,0,0,0,1,1,1,1,45,7,1870,2,10,3,1
201401ZD30518,2,9,0,4,0,1,0,0,0,0,2,1,6,2,36,7,1995,2,5,5,1
201401ZD30519,1,9,0,7,0,0,0,0,0,0,1,1,6,1,36,7,2179,2,2,2,1
201401ZD30519,2,9,0,18,0,0,0,0,0,0,4,1,1,1,28,6,1598,2,1,-1,-1
201401ZD30520,1,9,0,4,0,1,0,0,0,0,1,1,6,2,32,6,1389,1,18,8,1
201401ZD30520,2,9,0,4,0,1,0,0,0,0,2,1,6,1,45,7,1560,2,5,-1,-1
201401ZD30521,1,9,0,5,0,2,0,0,0,0,2,1,6,1,32,6,1998,1,12,2,1
201401ZD30521,2,9,0,5,0,2,0,0,0,0,1,1,6,2,30,6,1398,1,10,3,1
201401ZD30522,1,9,0,18,0,2,0,4,0,0,1,1,6,2,66,10,1396,1,5,-1,-1
201401ZD30522,2,9,0,2,0,2,0,0,0,0,2,1,6,3,-1,-1,-1,-1,-1,-1,-1
201401ZD30523,1,9,0,4,0,1,0,0,0,0,1,1,6,1,25,5,1587,1,12,8,1
201401ZD30523,2,9,0,3,0,1,0,0,0,0,2,1,6,1,22,5,-1,-1,-1,-1,-1
201401ZD30523,3,9,0,3,0,1,0,0,0,0,2,1,6,1,37,7,-1,-1,-1,5,1
201401ZD30524,1,3,0,3,0,1,0,0,0,0,1,1,6,2,22,5,125,1,4,9,1
201401ZD30524,2,19,0,1,0,2,0,0,0,0,2,1,6,1,-1,-1,1598,2,-1,2,1
201401ZD30525,1,9,0,18,0,1,0,11,0,0,1,1,1,1,43,7,2143,2,2,-1,-1
201401ZD30527,1,9,0,7,0,8,0,0,0,0,3,1,6,1,35,6,2000,1,14,2,1
201401ZD30527,2,3,0,18,0,8,0,0,0,0,1,1,6,1,41,7,124,1,-1,10,1
201401ZD30528,1,9,0,3,0,1,0,0,0,0,2,1,6,1,40,7,1796,1,11,-1,-1
201401ZD30528,2,9,0,3,0,1,0,0,0,0,2,1,6,1,42,7,-1,-1,-1,6,1
201401ZD30528,3,9,0,3,0,1,0,0,0,0,2,1,1,1,42,7,-1,-1,-1,-1,-1
201401ZD30528,4,9,0,4,0,1,0,0,0,0,1,1,6,1,24,5,1686,2,1,-1,-1
201401ZD30530,1,1,0,18,0,0,0,0,0,0,0,1,6,2,55,8,-1,-1,-1,8,1
201401ZD30531,1,9,0,9,0,8,0,0,0,0,4,1,6,2,17,4,1390,1,13,2,1
201401ZD30531,2,9,0,18,0,8,0,0,0,0,1,1,6,1,25,5,-1,-1,-1,3,1
201401ZD30533,1,2,0,18,0,8,0,0,0,0,1,1,6,1,16,4,49,1,17,5,1
201401ZD30533,2,9,0,10,0,8,0,0,0,0,2,1,6,1,67,10,1598,1,9,8,1
201401ZD30538,1,3,0,18,0,0,0,0,0,0,1,1,1,1,22,5,125,1,4,-1,-1
201401ZD30538,2,9,0,9,0,0,0,0,0,0,3,1,1,1,66,10,1968,2,7,6,1
201401ZD30539,1,9,0,10,0,8,0,0,0,0,2,1,6,2,51,8,1796,1,8,4,1
201401ZD30539,2,19,0,4,0,8,0,0,0,0,1,1,6,1,27,6,1753,2,6,-1,-1
201401ZD30541,1,9,0,18,0,0,0,0,0,0,4,1,6,2,54,8,1198,1,12,-1,-1
201401ZD30542,1,9,0,18,0,0,0,0,0,0,1,1,6,1,44,7,1299,1,8,2,1
201401ZD30542,2,9,0,18,0,0,0,0,0,0,2,1,6,1,34,6,1896,2,16,3,1
201401ZD30543,1,9,0,18,0,8,0,0,0,0,1,1,6,1,28,6,1994,2,6,4,1
201401ZD30543,2,9,0,18,0,8,0,0,0,0,4,1,6,2,33,6,1598,1,4,4,1
201401ZD30544,1,9,0,18,9,1,0,10,1,0,1,1,6,1,35,6,1910,2,6,3,1
201401ZD30544,2,9,0,2,9,1,0,0,0,0,2,1,6,1,45,7,-1,-1,-1,3,1
201401ZD30545,1,19,0,18,0,2,0,0,0,0,1,1,6,3,-1,-1,-1,-1,-1,-1,-1
201401ZD30546,1,9,0,18,0,1,0,0,0,0,1,1,6,1,31,6,1397,1,15,4,1
201401ZD30547,1,9,0,1,0,1,0,0,0,0,2,1,6,1,29,6,2987,2,5,3,1
201401ZD30547,2,9,0,18,0,2,0,0,0,0,1,1,1,2,22,5,1398,1,-1,-1,-1
201401ZD30548,1,9,0,18,0,1,0,0,0,0,1,1,6,2,44,7,1368,1,6,2,1
201401ZD30548,2,9,0,18,0,2,0,0,0,0,1,1,6,1,54,8,1368,1,6,9,1
201401ZD30550,1,9,0,5,0,1,0,0,0,0,4,1,6,3,-1,-1,-1,-1,-1,-1,-1
201401ZD30550,2,5,0,3,0,1,0,0,0,0,3,1,6,1,52,8,1050,1,4,5,3
201401ZD30551,1,9,0,18,0,8,0,0,0,0,1,1,1,2,21,5,1598,1,10,7,1
201401ZD30551,2,9,0,9,0,8,0,0,0,0,4,1,6,2,30,6,1998,1,5,3,1
201401ZD30552,1,19,0,9,0,8,0,0,0,0,3,1,6,1,45,7,2402,2,7,2,1
201401ZD30552,2,3,0,13,0,8,0,0,0,0,4,1,6,1,32,6,125,1,2,3,1
201401ZD30553,1,5,0,18,0,8,0,0,0,0,4,1,6,1,41,7,749,1,20,3,1
201401ZD30553,2,9,0,9,0,8,0,0,0,0,1,1,6,2,-1,-1,1598,1,7,-1,-1
201401ZD30554,1,9,0,18,0,8,0,0,0,0,1,1,6,2,19,4,1149,1,12,6,1
201401ZD30554,2,9,0,7,0,8,0,0,0,0,3,1,6,1,36,7,1796,1,10,1,1
201401ZD30555,1,9,0,18,9,0,0,10,1,0,1,1,6,1,-1,-1,-1,-1,-1,-1,-1
201401ZD30556,1,9,0,16,0,8,0,0,0,0,3,1,6,2,23,5,1339,1,7,3,1
201401ZD30556,2,9,0,9,0,8,0,0,0,0,1,1,6,1,-1,-1,1968,2,4,-1,-1
201401ZD30557,1,9,0,9,0,8,0,0,0,0,1,1,6,2,36,7,-1,-1,-1,7,1
201401ZD30557,2,9,0,18,0,8,0,0,0,0,1,1,6,2,42,7,1598,1,12,2,1
201401ZD30558,1,11,0,4,0,2,0,0,0,0,0,1,1,1,48,8,6692,2,4,3,1
201401ZD30559,1,3,0,16,0,1,0,0,0,0,1,1,6,1,38,7,124,1,11,6,1
201401ZD30560,1,9,0,9,0,8,0,0,0,0,2,1,6,1,45,7,1968,2,2,5,1
201401ZD30560,2,5,0,13,0,8,0,0,0,0,1,1,6,1,30,6,650,1,14,5,1
201401ZD30562,1,9,0,9,0,8,0,0,0,0,3,1,6,1,52,8,1598,1,9,-1,-1
201401ZD30562,2,9,0,18,0,8,0,0,0,0,1,1,6,1,23,5,1398,1,-1,1,1
201401ZD30563,1,9,0,18,0,8,0,0,0,0,1,1,6,2,35,6,1995,1,5,2,1
201401ZD30563,2,9,0,9,0,8,0,0,0,0,4,1,6,2,-1,-1,1368,1,7,-1,-1
201401ZD30564,1,20,0,18,0,2,0,0,0,0,1,1,1,1,39,7,-1,-1,-1,-1,-1
201401ZD30565,1,9,0,18,0,8,0,0,0,0,3,1,6,1,36,7,1796,1,6,4,1
201401ZD30565,2,21,0,18,0,8,0,0,0,0,4,1,1,1,32,6,-1,-1,-1,6,3
201401ZD30566,1,9,0,7,0,8,0,0,0,0,3,1,6,2,38,7,1108,1,4,1,1
201401ZD30566,2,9,0,18,0,8,0,0,0,0,1,1,6,1,-1,-1,2231,2,7,4,1
201401ZD30567,1,2,0,18,0,8,0,0,0,0,1,1,6,1,42,7,124,1,5,4,1
201401ZD30567,2,9,0,9,0,8,0,0,0,0,4,1,6,1,44,7,1360,1,10,4,1
201401ZD30570,1,9,0,18,0,8,0,0,0,0,1,1,6,1,27,6,1800,1,8,-1,-1
201401ZD30570,2,9,0,9,0,8,0,0,0,0,4,1,6,1,32,6,1598,1,10,2,1
201401ZD30573,1,9,0,3,0,1,0,0,0,0,2,1,6,2,30,6,1200,1,1,8,1
201401ZD30573,2,9,0,5,0,1,0,0,0,0,1,1,6,1,40,7,2776,2,10,6,1
201401ZD30574,1,9,0,18,0,1,0,0,0,0,4,1,6,1,-1,-1,-1,-1,-1,5,3
201401ZD30574,2,9,0,12,0,1,0,0,0,0,3,1,6,1,-1,-1,1895,1,15,8,1
201401ZD30575,1,9,0,2,0,0,0,0,0,0,2,1,1,2,18,4,1248,2,3,8,1
201401ZD30575,2,1,0,18,0,0,0,4,0,0,1,1,6,1,24,5,-1,-1,-1,9,1
201401ZD30576,1,9,0,18,0,8,0,0,0,0,1,1,6,1,25,5,1493,1,18,7,1
201401ZD30576,2,9,0,9,0,8,0,0,0,0,4,1,6,1,-1,-1,1396,1,11,6,1
201401ZD30577,1,9,0,18,0,8,0,0,0,0,3,1,6,1,28,6,1396,1,12,8,1
201401ZD30577,2,9,0,9,0,8,0,0,0,0,1,1,6,2,-1,-1,-1,-1,-1,-1,-1
201401ZD30578,1,9,0,9,0,8,0,0,0,0,4,1,6,1,43,7,-1,-1,-1,3,1
201401ZD30578,2,5,0,18,0,8,0,0,0,0,1,1,6,1,40,7,-1,-1,-1,3,1
201401ZD30579,1,9,0,18,0,0,0,0,0,0,3,1,6,1,56,9,1497,8,9,4,1
201401ZD30580,1,9,0,3,0,8,0,0,0,0,2,1,1,2,53,8,-1,-1,-1,2,1
201401ZD30580,2,9,0,4,0,8,0,0,0,0,1,1,6,1,22,5,-1,-1,-1,5,1
201401ZD30581,1,9,0,18,0,1,0,0,0,0,1,1,6,1,31,6,1595,1,15,3,1
201401ZD30582,1,9,0,7,0,8,0,0,0,0,4,1,6,1,41,7,3222,2,12,1,1
201401ZD30582,2,1,0,18,0,8,0,0,0,0,1,1,6,1,24,5,-1,-1,-1,-1,-1
201401ZD30583,1,9,0,3,0,1,0,0,0,0,2,1,6,1,36,7,-1,-1,-1,2,1
201401ZD30583,2,9,0,18,0,1,0,0,0,0,1,1,6,1,84,11,1388,1,8,9,1
201401ZD30584,1,9,0,18,0,0,0,0,0,0,4,1,6,1,56,9,1339,1,4,3,1
201401ZD30585,1,9,0,18,0,8,0,0,0,0,1,1,6,1,34,6,1599,1,11,-1,-1
201401ZD30585,2,9,0,9,0,8,0,0,0,0,3,1,6,2,21,5,1299,1,12,9,1
201401ZD30586,1,9,0,18,0,1,0,0,0,0,1,1,6,2,40,7,2198,1,13,8,1
201401ZD30588,1,19,0,18,0,1,0,0,0,0,0,1,6,3,-1,-1,-1,-1,-1,-1,-1
201401ZD30588,2,11,0,18,0,1,0,0,0,0,0,1,1,2,48,8,6692,2,5,9,1
201401ZD30589,1,9,0,13,0,8,0,0,0,0,4,1,6,1,25,5,1229,1,7,5,1
201401ZD30589,2,9,0,9,0,8,0,0,0,0,3,1,6,1,20,4,1596,1,7,-1,-1
201401ZD30592,1,3,0,18,0,1,0,0,0,0,1,1,6,2,38,7,125,1,1,2,1
201401ZD30593,1,9,0,3,0,0,0,0,0,0,2,1,6,1,54,8,1997,2,5,-1,3
201401ZD30593,2,19,0,5,0,0,0,0,0,0,1,1,6,1,52,8,1996,2,-1,6,1
201401ZD30594,1,9,0,18,0,0,0,10,7,2,4,1,6,1,27,6,1360,1,5,2,1
201401ZD30595,1,9,0,7,0,8,0,0,0,0,3,1,6,2,44,7,1598,2,-1,-1,-1
201401ZD30595,2,9,0,18,0,8,0,0,0,0,1,1,6,1,47,8,2494,1,15,2,1
201401ZD30596,1,9,0,3,0,0,0,0,0,0,3,1,6,2,32,6,1461,2,2,10,1
201401ZD30596,2,9,0,18,0,0,0,0,0,0,3,1,6,3,-1,-1,1896,2,13,-1,-1
201401ZD30598,1,9,0,18,0,0,0,0,0,0,3,1,6,1,54,8,-1,-1,-1,1,1
201401ZD30598,2,90,0,18,0,0,0,0,0,0,1,1,6,1,83,11,-1,-1,-1,5,1
201401ZD30600,1,9,0,3,0,1,0,0,0,0,2,1,6,2,54,8,2143,2,1,10,1
201401ZD30600,2,9,0,3,0,1,0,0,0,0,2,1,6,2,38,7,1598,1,8,8,2
201401ZD30600,3,9,0,4,0,1,0,0,0,0,1,1,6,1,30,6,1796,1,14,6,1
201401ZD30601,1,9,0,9,0,8,0,0,0,0,1,1,6,1,-1,-1,1995,2,7,7,1
201401ZD30601,2,5,0,18,0,8,0,0,0,0,4,1,6,1,31,6,749,1,18,6,1
201401ZD30602,1,19,0,18,0,8,5,0,0,0,4,1,6,1,31,6,1461,2,8,5,1
201401ZD30602,2,9,0,7,0,8,0,0,0,0,1,1,6,2,48,8,1364,2,8,6,1
201401ZD30603,1,9,0,18,0,8,0,0,0,0,1,1,6,1,19,4,1299,1,16,8,1
201401ZD30603,2,9,0,7,0,8,0,0,0,0,3,1,6,1,18,4,1390,1,-1,4,1
201401ZD30604,1,1,0,18,0,2,0,0,0,0,1,1,6,1,24,5,-1,-1,-1,-1,-1
201401ZD30604,2,9,0,3,0,2,0,0,0,0,4,1,6,1,40,7,1794,1,14,-1,-1
201401ZD30605,1,1,0,18,0,8,0,0,0,0,3,1,6,1,34,6,-1,-1,-1,4,1
201401ZD30605,2,9,0,11,0,8,0,0,0,0,4,1,6,3,-1,-1,-1,-1,-1,-1,-1
201401ZD30606,1,19,0,9,0,8,0,0,0,0,1,1,6,1,58,9,2402,2,7,8,1
201401ZD30606,2,9,0,18,0,8,0,0,0,0,3,1,6,1,46,8,1794,1,12,3,1
201401ZD30606,3,9,0,3,0,8,0,0,0,0,1,1,6,1,39,7,2179,2,6,5,1
201401ZD30609,1,9,0,18,0,0,0,0,0,0,1,1,6,2,49,8,1590,1,16,8,1
201401ZD30609,2,11,0,3,0,0,0,0,0,0,2,1,1,1,43,7,-1,-1,-1,-1,-1
201401ZD30610,1,9,0,18,0,8,0,0,0,0,1,1,6,2,27,6,1397,1,12,8,1
201401ZD30610,2,3,0,9,0,8,0,0,0,0,3,1,6,1,37,7,124,1,8,8,1
201401ZD30611,1,5,0,13,0,0,0,0,0,0,1,1,6,1,45,7,-1,-1,-1,9,1
201401ZD30611,2,9,0,6,0,0,0,0,0,0,3,1,6,1,73,10,1999,1,12,1,1
201401ZD30614,1,9,0,18,0,8,0,0,0,0,4,1,6,2,64,9,1343,1,12,2,1
201401ZD30614,2,9,0,9,0,8,0,0,0,0,1,1,6,2,-1,-1,1598,1,9,-1,-1
201401ZD30615,1,9,0,18,9,1,0,10,1,0,1,1,6,3,-1,-1,-1,-1,-1,-1,-1
201401ZD30616,1,11,0,5,0,0,0,0,0,0,0,1,1,1,-1,-1,-1,-1,-1,-1,-1
201401ZD30617,1,9,0,7,0,8,0,0,0,0,4,1,6,1,27,6,-1,-1,-1,9,1
201401ZD30617,2,9,0,15,0,8,0,0,0,0,1,1,6,1,-1,-1,-1,-1,-1,-1,-1
201401ZD30618,1,9,0,14,0,0,0,0,0,0,1,1,6,1,26,6,1781,1,11,5,1
201401ZD30619,1,9,0,4,0,8,0,0,0,0,2,1,6,1,29,6,1596,1,2,7,1
201401ZD30619,2,9,0,4,0,8,0,0,0,0,1,1,6,2,26,6,1364,1,-1,8,1
201401ZD30620,1,9,0,11,0,1,0,0,0,0,4,1,6,2,47,8,1796,1,13,7,1
201401ZD30620,2,1,0,3,0,1,0,0,0,0,3,1,6,1,30,6,-1,-1,-1,3,1
201401ZD30621,1,11,0,18,0,2,0,0,0,0,0,1,1,1,38,7,9000,2,5,6,1
201401ZD30622,1,9,0,18,0,8,0,0,0,0,1,1,6,1,46,8,1995,1,10,5,1
201401ZD30624,1,19,0,18,0,1,0,4,0,0,1,1,1,1,38,7,2402,2,6,2,1
201401ZD30624,2,9,0,2,0,1,0,0,0,0,2,1,6,2,44,7,1794,1,7,-1,-1
201401ZD30625,1,9,0,18,0,0,0,0,0,0,1,1,6,2,44,7,1598,1,7,2,1
201401ZD30625,2,9,0,18,0,0,0,0,0,0,1,1,6,1,40,7,2793,1,16,5,1
201401ZD30625,3,9,0,2,0,0,0,0,0,0,3,1,6,1,-1,-1,-1,-1,-1,-1,-1
201401ZD30626,1,3,0,18,0,0,0,0,0,0,1,1,6,1,23,5,125,1,1,5,1
201401ZD30626,2,9,0,18,0,0,0,0,0,0,1,1,6,1,26,6,-1,-1,-1,2,1
201401ZD30627,1,4,0,17,0,8,0,0,0,0,0,1,6,1,48,8,250,1,1,8,1
201401ZD30628,1,9,0,9,0,8,0,0,0,0,3,1,6,1,38,7,1896,2,15,2,1
201401ZD30628,2,3,0,13,0,8,0,0,0,0,1,1,6,1,18,4,124,1,2,3,1
201401ZD30629,1,9,0,17,0,0,5,10,2,7,4,1,6,1,51,8,1951,2,9,9,1
201401ZD30632,1,9,0,18,0,1,0,0,0,0,1,1,6,1,65,9,1598,1,18,6,1
201401ZD30634,1,9,0,18,0,8,0,0,0,0,1,1,6,2,75,10,1242,1,5,8,1
201401ZD30634,2,9,0,9,0,8,0,0,0,0,3,1,6,1,43,7,2143,2,3,10,1
201401ZD30635,1,9,0,18,0,2,0,0,0,0,1,1,6,2,30,6,1229,1,9,5,1
201401ZD30636,1,19,0,3,0,1,0,0,0,0,2,1,6,1,54,8,5193,2,2,-1,-1
201401ZD30636,2,9,0,18,0,1,0,0,0,0,1,1,6,1,31,6,1910,2,7,1,1
201401ZD30640,1,20,0,18,0,0,0,0,0,0,1,1,6,1,30,6,5900,2,7,-1,-1
201401ZD30641,1,11,0,9,0,8,0,0,0,0,0,1,1,1,44,7,6700,2,4,4,1
201401ZD30642,1,9,0,18,0,0,0,0,0,0,1,1,6,3,-1,-1,-1,-1,-1,-1,-1
201401ZD30643,1,9,0,3,0,0,0,0,0,0,2,1,6,1,29,6,2171,1,10,3,1
201401ZD30643,2,9,0,18,0,0,0,0,0,0,1,1,6,2,28,6,1397,1,5,9,1
201401ZD30645,1,9,0,9,0,8,0,0,0,0,4,1,6,1,37,7,-1,-1,-1,5,1
201401ZD30645,2,2,0,18,0,8,0,0,0,0,1,1,6,1,45,7,-1,-1,-1,3,1
201401ZD30646,1,1,0,17,0,8,0,0,0,0,3,1,6,1,38,7,-1,-1,-1,-1,-1
201401ZD30646,2,9,0,18,0,8,0,0,0,0,4,1,6,3,-1,-1,-1,-1,-1,-1,-1
201401ZD30647,1,9,0,6,0,0,0,0,0,0,3,1,6,2,32,6,1988,1,10,5,1
201401ZD30647,2,1,0,18,0,0,0,0,0,0,4,1,6,1,45,7,-1,-1,-1,4,1
201401ZD30648,1,9,0,9,0,8,0,0,0,0,3,1,6,1,31,6,973,1,14,3,1
201401ZD30648,2,3,0,18,0,8,0,0,0,0,1,1,6,1,34,6,124,1,6,2,1
201401ZD30649,1,9,0,18,0,8,0,0,0,0,1,1,6,1,45,7,1998,2,7,9,1
201401ZD30649,2,9,0,9,0,8,0,0,0,0,4,1,6,1,43,7,1995,2,1,9,1
201401ZD30650,1,9,0,9,0,8,0,0,0,0,4,1,6,1,57,9,998,1,12,4,1
201401ZD30650,2,1,0,15,0,8,0,0,0,0,1,1,6,1,21,5,-1,-1,-1,4,1
201401ZD30651,1,9,0,18,0,0,0,0,0,0,1,1,6,1,37,7,1600,1,15,3,1
201401ZD30652,1,9,0,9,0,8,0,0,0,0,1,1,6,1,41,7,1850,1,16,3,1
201401ZD30652,2,5,0,18,0,8,0,0,0,0,3,1,6,1,43,7,636,1,9,6,1
201401ZD30653,1,9,0,9,0,8,0,0,0,0,1,1,6,1,34,6,1390,1,10,4,1
201401ZD30653,2,1,0,15,0,8,0,0,0,0,1,1,6,1,24,5,-1,-1,-1,8,1
201401ZD30654,1,9,0,4,0,8,0,0,0,0,1,1,6,1,25,5,2499,1,9,9,1
201401ZD30654,2,9,0,9,0,8,0,0,0,0,2,1,6,1,42,7,999,1,13,5,1
201401ZD30655,1,9,0,18,0,1,0,0,0,0,1,1,6,1,72,10,1794,1,9,3,1
201401ZD30656,1,9,0,18,0,8,0,0,0,0,4,1,6,1,28,6,1299,1,11,2,1
201401ZD30656,2,9,0,9,0,8,0,0,0,0,1,1,6,2,-1,-1,1390,1,4,-1,-1
201401ZD30657,1,9,0,2,0,0,0,0,0,0,3,1,6,1,51,8,1769,1,12,3,1
201401ZD30657,2,1,0,18,0,0,0,0,0,0,1,1,6,1,37,7,-1,-1,-1,4,1
201401ZD30658,1,9,0,10,0,8,0,0,0,0,2,1,6,1,38,7,2993,2,9,8,1
201401ZD30658,2,9,0,1,0,8,0,0,0,0,1,1,6,1,23,5,1796,1,10,5,1
201401ZD30659,1,11,0,18,0,2,0,0,0,0,0,1,1,1,56,9,9360,2,3,3,1
201401ZD30660,1,9,0,10,0,8,0,0,0,0,3,1,6,1,34,6,-1,-1,-1,6,1
201401ZD30660,2,1,0,18,0,8,0,0,0,0,1,1,6,1,10,2,-1,-1,-1,2,1
201401ZD30661,1,9,0,9,0,8,0,0,0,0,1,1,6,1,50,8,1769,1,8,4,1
201401ZD30661,2,1,0,18,0,8,0,0,0,0,1,1,6,1,16,4,-1,-1,-1,5,1
201401ZD30662,1,9,0,18,0,8,0,0,0,0,1,1,6,1,45,7,1796,1,11,2,1
201401ZD30662,2,1,0,7,0,8,0,0,0,0,1,1,6,1,9,2,-1,-1,-1,3,1
201401ZD30663,1,9,0,9,0,8,0,0,0,0,1,1,6,1,21,5,1248,2,5,8,1
201401ZD30663,2,3,0,18,0,8,0,0,0,0,1,1,6,1,25,5,125,1,1,8,1
201401ZD30664,1,5,0,13,0,0,0,0,0,0,4,1,6,1,40,7,599,1,11,2,1
201401ZD30664,2,9,0,12,0,0,0,0,0,0,3,1,6,1,34,6,1798,8,2,6,1
201401ZD30665,1,9,0,9,0,8,0,0,0,0,1,1,6,1,34,6,1397,1,11,4,1
201401ZD30665,2,3,0,18,0,8,0,0,0,0,1,1,6,1,24,5,85,1,13,4,1
201401ZD30666,1,9,0,18,0,1,0,0,0,0,1,1,6,3,-1,-1,-1,-1,-1,-1,-1
201401ZD30667,1,9,0,18,0,2,0,0,0,0,1,1,6,2,36,7,-1,-1,-1,3,1
201401ZD30667,2,9,0,3,0,2,0,0,0,0,2,1,6,1,44,7,-1,-1,-1,1,1
201401ZD30668,1,9,0,18,0,8,0,0,0,0,1,1,6,1,47,8,1984,1,8,3,1
201401ZD30668,2,19,0,18,0,8,0,0,0,0,3,1,6,1,31,6,2461,2,10,8,1
201401ZD30669,1,9,0,9,0,8,0,0,0,0,1,1,6,1,26,6,1595,2,4,6,1
201401ZD30669,2,9,0,10,0,8,0,0,0,0,1,1,6,1,29,6,3600,1,11,5,1
201401ZD30669,3,1,0,18,0,8,0,0,0,0,1,1,6,1,25,5,-1,-1,-1,-1,-1
201401ZD30670,1,9,0,18,0,8,0,0,0,0,1,1,6,1,42,7,2400,2,-1,9,1
201401ZD30670,2,9,0,18,0,8,0,0,0,0,4,1,6,1,-1,-1,-1,-1,-1,-1,-1
201401ZD30671,1,9,0,4,0,1,0,0,0,0,2,1,6,1,45,7,1968,2,5,9,1
201401ZD30671,2,9,0,18,0,1,0,0,0,0,1,1,6,1,-1,-1,1598,1,14,-1,-1
201401ZD30672,1,1,0,18,9,1,0,0,0,0,1,1,6,1,-1,-1,-1,-1,-1,1,1
201401ZD30673,1,9,0,18,0,1,0,0,0,0,1,1,6,3,-1,-1,-1,-1,-1,-1,-1
201401ZD30675,1,1,0,18,0,8,0,0,0,0,1,1,6,1,23,5,-1,-1,-1,4,1
201401ZD30675,2,9,0,7,0,8,0,0,0,0,4,1,6,1,-1,-1,-1,-1,-1,-1,-1
201401ZD30676,1,9,0,18,0,8,0,0,0,0,3,1,6,1,24,5,998,1,12,3,1
201401ZD30676,2,9,0,9,0,8,0,0,0,0,1,1,6,2,24,5,998,1,-1,2,1
201401ZD30678,1,9,0,9,0,8,0,0,0,0,1,1,6,1,54,8,1796,1,9,5,1
201401ZD30678,2,2,0,18,0,8,0,0,0,0,1,1,6,1,-1,-1,125,1,5,5,1
201401ZD30679,1,9,0,3,0,1,0,0,0,0,2,1,6,1,67,10,1242,1,-1,4,1
201401ZD30679,2,9,0,18,0,1,0,0,0,0,1,1,6,1,61,9,1397,1,12,4,1
201401ZD30680,1,9,0,3,0,1,0,0,0,0,2,1,6,2,31,6,1598,1,15,1,1
201401ZD30680,2,9,0,18,0,1,0,0,0,0,1,1,6,1,-1,-1,1984,1,20,-1,-1
201401ZD30681,1,9,0,1,0,8,0,0,0,0,2,1,6,1,28,6,-1,-1,-1,3,1
201401ZD30682,1,9,0,18,0,8,0,0,0,0,1,1,6,2,26,6,1598,1,11,5,1
201401ZD30682,2,9,0,18,0,8,0,0,0,0,2,1,6,2,44,7,1796,1,10,6,1