Accident_Index,Vehicle_Reference,Vehicle_Type,Towing_and_Articulation,Vehicle_Manoeuvre,Vehicle_Location-Restricted_Lane,Junction_Location,Skidding_and_Overturning,Hit_Object_in_Carriageway,Vehicle_Leaving_Carriageway,Hit_Object_off_Carriageway,1st_Point_of_Impact,Was_Vehicle_Left_Hand_Drive?,Journey_Purpose_of_Driver,Sex_of_Driver,Age_of_Driver,Age_Band_of_Driver,Engine_Capacity_(CC),Propulsion_Code,Age_of_Vehicle,Driver_IMD_Decile,Driver_Home_Area_Type
201401ZD30879,2,9,0,3,0,1,0,4,0,0,2,1,6,1,61,9,-1,-1,-1,2,1
201401ZD30879,3,9,0,4,0,1,0,0,0,0,1,1,6,1,61,9,1781,1,14,5,1
201401ZD30880,1,9,0,18,0,1,0,0,0,0,1,1,6,2,47,8,1596,1,8,-1,-1
201401ZD30880,2,1,0,18,0,1,0,0,0,0,3,1,6,1,16,4,-1,-1,-1,4,1
201401ZD30881,1,11,0,18,0,8,0,0,0,0,1,1,6,1,50,8,6700,2,6,9,1
201401ZD30882,1,9,0,9,0,8,0,0,0,0,3,1,6,2,48,8,1984,1,8,5,1
201401ZD30882,2,3,0,13,0,8,0,0,0,0,1,1,1,1,55,8,125,1,5,2,1
201401ZD30883,1,9,0,9,0,8,0,0,0,0,4,1,6,1,68,10,1762,1,16,6,1
201401ZD30883,2,3,0,18,0,8,0,0,0,0,1,1,6,1,29,6,125,1,2,6,1
201401ZD30884,1,9,0,4,0,2,0,0,0,0,2,1,6,2,25,5,1120,1,14,-1,-1
201401ZD30884,2,9,0,4,0,2,0,0,0,0,1,1,6,1,-1,-1,-1,-1,-1,-1,-1
201401ZD30886,1,9,0,9,0,8,0,0,0,0,4,1,6,1,37,7,5439,1,11,4,1
201401ZD30886,2,9,0,17,0,8,0,0,0,0,1,1,1,1,39,7,-1,-1,-1,4,1
201401ZD30887,1,9,0,9,0,8,0,0,0,0,3,1,6,2,41,7,1796,1,6,3,1
201401ZD30887,2,5,0,18,0,8,0,0,0,0,1,1,6,1,32,6,599,1,3,4,1
201401ZD30889,1,19,0,6,0,2,0,0,0,0,3,1,1,2,21,5,1598,2,-1,4,1
201401ZD30889,2,5,0,18,0,1,0,0,0,0,1,1,6,1,20,4,-1,-1,-1,-1,-1
201401ZD30890,1,9,0,3,0,2,0,0,0,0,2,1,6,2,42,7,1199,1,11,2,1
201401ZD30890,2,9,0,5,0,2,0,0,0,0,1,1,6,2,-1,-1,-1,-1,-1,-1,-1
201401ZD30892,1,9,0,18,0,1,0,0,0,0,4,1,6,2,23,5,1598,1,4,4,1
201401ZD30892,2,9,0,12,0,1,0,0,0,0,3,1,6,1,43,7,-1,-1,-1,3,1
201401ZD30893,1,1,0,5,0,1,0,0,0,0,2,1,6,1,15,3,-1,-1,-1,5,1
201401ZD30893,2,9,0,18,0,1,0,0,0,0,1,1,6,1,57,9,1598,1,7,6,1
201401ZD30894,1,11,0,18,0,2,0,0,0,0,1,1,1,1,50,8,4500,2,2,-1,1
201401ZD30895,1,9,0,7,0,8,0,0,0,0,3,1,6,2,31,6,1596,1,10,4,1
201401ZD30895,2,9,0,18,0,8,0,0,0,0,1,1,6,2,40,7,1242,1,1,4,1
201401ZD30898,1,1,0,18,0,1,0,0,0,0,2,1,6,2,20,4,-1,-1,-1,-1,-1
201401ZD30898,2,9,0,13,0,1,0,0,0,0,1,1,6,2,-1,-1,-1,-1,-1,-1,-1
201401ZD30899,1,9,0,7,0,8,0,0,0,0,4,1,6,2,55,8,1086,1,9,3,1
201401ZD30899,2,1,0,7,0,8,0,0,0,0,3,1,6,1,40,7,-1,-1,-1,-1,-1
201401ZD30900,1,9,0,18,0,1,2,10,1,9,3,1,1,1,48,8,-1,-1,-1,7,1
201401ZD30901,1,9,0,9,0,8,0,0,0,0,4,1,6,2,26,6,998,1,16,2,1
201401ZD30901,2,1,0,18,0,8,0,0,0,0,1,1,6,1,-1,-1,-1,-1,-1,-1,-1
201401ZD30904,1,9,0,1,0,2,0,0,0,0,2,1,6,3,-1,-1,1246,1,9,-1,-1
201401ZD30906,1,3,0,18,0,1,0,0,0,0,0,1,6,1,45,7,125,1,3,9,1
201401ZD30906,2,9,0,12,0,1,0,0,0,0,0,1,6,1,-1,-1,1997,2,11,4,1
201401ZD30907,1,11,0,5,0,1,0,0,0,0,0,1,1,2,52,8,6700,2,4,4,1
201401ZD30908,1,9,0,18,0,0,5,10,0,0,1,1,6,1,20,4,1493,1,15,4,1
201401ZD30909,1,9,0,6,0,2,0,0,0,0,3,1,6,1,59,9,2967,2,3,8,1
201401ZD30909,2,9,0,18,0,1,0,0,0,0,1,1,1,1,31,6,-1,-1,-1,3,1
201401ZD30910,1,9,0,7,0,8,0,0,0,0,3,1,6,1,84,11,1598,1,9,8,1
201401ZD30910,2,1,0,18,0,8,0,0,0,0,1,1,6,2,11,3,-1,-1,-1,8,1
201401ZD30912,1,1,0,14,0,1,0,8,0,0,1,1,6,1,45,7,-1,-1,-1,3,1
201401ZD30912,2,9,0,2,0,1,0,0,0,0,3,1,6,1,53,8,998,1,13,8,1
201401ZD30913,1,9,0,18,0,8,0,0,0,0,1,1,6,1,25,5,-1,-1,-1,3,1
201401ZD30914,1,19,0,17,0,8,0,0,0,0,1,1,1,1,44,7,1248,2,-1,6,1
201401ZD30914,2,9,0,18,0,8,0,0,0,0,3,1,6,1,41,7,1348,1,13,3,1
201401ZD30915,1,9,0,4,0,1,0,0,0,0,1,1,6,2,21,5,1299,1,8,4,1
201401ZD30915,2,19,0,4,0,1,0,0,0,0,2,1,1,1,46,8,1248,2,-1,8,1
201401ZD30916,1,9,0,3,0,1,0,0,0,0,2,1,6,1,33,6,1198,1,4,6,1
201401ZD30916,2,9,0,4,0,1,0,0,0,0,1,1,6,3,-1,-1,1998,2,12,-1,-1
201401ZD30917,1,3,0,18,0,8,0,0,0,0,1,1,6,1,33,6,125,1,-1,4,1
201401ZD30917,2,9,0,7,0,8,0,0,0,0,3,1,6,3,-1,-1,-1,-1,-1,-1,-1
201401ZD30920,1,11,0,18,0,2,0,0,0,0,1,1,1,2,50,8,6692,2,4,3,1
201401ZD30923,1,9,0,18,0,2,0,0,0,0,1,1,6,1,56,9,1086,1,9,8,1
201401ZD30924,1,11,0,18,0,1,0,0,0,0,0,1,1,3,-1,-1,-1,-1,-1,-1,-1
201401ZD30925,1,9,0,3,0,1,0,0,0,0,2,1,6,1,27,6,1598,2,3,3,1
201401ZD30925,2,9,0,3,0,1,0,0,0,0,2,1,6,1,33,6,1275,1,17,-1,-1
201401ZD30925,3,9,0,4,0,1,0,0,0,0,1,1,6,1,21,5,1597,1,15,-1,-1
201401ZD30926,1,9,0,1,0,2,0,0,0,0,2,1,6,2,-1,-1,599,1,14,-1,-1
201401ZD30927,1,9,0,18,0,1,0,0,0,0,3,1,6,2,-1,-1,1984,1,9,10,1
201401ZD30927,2,1,0,18,0,1,0,0,0,0,1,1,6,1,70,10,-1,-1,-1,-1,-1
201401ZD30928,1,9,0,18,0,1,0,0,0,0,1,1,6,3,-1,-1,-1,-1,-1,-1,-1
201401ZD30930,1,9,0,9,0,8,0,0,0,0,4,1,6,1,26,6,1994,2,11,5,1
201401ZD30930,2,1,0,18,0,8,0,0,0,0,1,1,6,1,50,8,-1,-1,-1,3,1
201401ZD30934,1,9,0,18,0,2,0,7,0,0,1,1,6,1,43,7,-1,-1,-1,5,1
201401ZD30935,1,10,0,18,0,1,0,0,0,0,1,1,6,1,48,8,2298,2,2,4,1
201401ZD30938,1,9,0,18,0,1,0,0,0,0,1,1,6,1,-1,-1,1390,1,8,7,1
201401ZD30940,1,9,0,18,0,1,0,0,0,0,1,1,6,1,51,8,1390,1,8,8,1
201401ZD30941,1,8,0,18,0,1,0,7,0,0,1,1,6,1,47,8,1997,2,6,2,1
201401ZD30941,2,9,0,7,0,1,0,0,0,0,0,1,6,3,-1,-1,-1,-1,-1,-1,-1
201401ZD30942,1,9,0,4,0,1,0,0,0,0,2,1,6,1,33,6,1984,1,7,1,1
201401ZD30942,2,9,0,4,0,1,0,0,0,0,1,1,6,1,32,6,-1,-1,-1,-1,-1
201401ZD30945,1,9,0,18,0,8,0,0,0,0,1,1,6,2,35,6,1360,1,7,4,1
201401ZD30945,2,9,0,9,0,8,0,0,0,0,4,1,6,1,49,8,1796,1,9,6,1
201401ZD30947,1,9,0,7,0,8,0,0,0,0,3,1,6,2,21,5,1956,2,-1,2,1
201401ZD30947,2,9,0,17,0,8,0,0,0,0,1,1,6,1,-1,-1,1956,2,5,-1,-1
201401ZD30948,1,9,0,18,0,1,0,0,0,0,1,1,6,3,-1,-1,1896,2,13,-1,-1
201401ZD30949,1,9,0,18,0,8,0,0,0,0,1,1,6,2,63,9,1598,1,7,2,1
201401ZD30949,2,9,0,9,0,8,0,0,0,0,4,1,6,1,68,10,2179,2,11,6,1
201401ZD30950,1,19,0,18,0,1,0,0,0,0,1,1,6,1,53,8,-1,-1,-1,5,1
201401ZD30952,1,9,0,18,9,1,0,0,0,0,1,1,6,3,-1,-1,-1,-1,-1,-1,-1
201401ZD30954,1,9,0,18,0,8,0,0,0,0,3,1,6,2,43,7,1299,1,13,-1,-1
201401ZD30954,2,9,0,18,0,8,0,0,0,0,1,1,6,1,30,6,-1,-1,-1,7,1
201401ZD30955,1,9,0,2,0,1,0,8,0,0,3,1,6,2,56,9,1461,2,-1,1,1
201401ZD30955,2,3,0,14,0,1,0,0,0,0,1,1,6,1,24,5,97,1,3,2,1
201401ZD30956,1,19,0,18,0,8,0,0,0,0,1,1,1,1,47,8,2402,2,7,-1,-1
201401ZD30956,2,3,0,14,0,8,0,0,0,0,1,1,6,1,34,6,124,1,4,2,1
201401ZD30957,1,9,0,18,0,1,0,0,0,0,1,1,6,2,46,8,1389,1,11,3,1
201401ZD30957,2,9,0,18,0,2,0,0,0,0,1,1,6,1,23,5,1595,1,-1,10,1
201401ZD30958,1,9,0,18,0,1,0,0,0,0,1,1,6,1,59,9,1587,1,12,8,1
201401ZD30959,1,9,0,2,0,1,0,0,0,0,1,1,6,2,46,8,1229,1,7,4,1
201401ZD30959,2,9,0,2,0,1,0,0,0,0,1,1,6,1,36,7,998,1,6,4,1
201401ZD30959,3,9,0,1,0,2,0,4,0,0,2,1,6,1,60,9,1973,1,15,8,1
201401ZD30960,1,9,0,18,0,2,0,0,0,0,1,1,6,2,44,7,-1,-1,-1,2,1
201401ZD30961,1,9,0,18,0,0,0,10,1,2,1,1,6,2,27,6,1598,1,13,4,1
201401ZD30962,1,21,0,18,0,8,0,0,0,0,1,1,1,1,63,9,6370,2,4,-1,-1
201401ZD30962,2,9,0,18,0,8,0,0,0,0,2,1,6,1,64,9,1994,1,16,9,1
201401ZD30963,1,11,0,4,0,2,0,0,0,0,0,1,6,1,65,9,-1,2,11,1,1
201401ZD30964,1,8,0,9,0,8,0,0,0,0,1,1,6,1,-1,-1,1976,1,4,-1,-1
201401ZD30964,2,9,0,18,0,8,0,0,0,0,1,1,6,3,-1,-1,-1,-1,-1,-1,-1
201401ZD30965,1,1,0,18,0,8,0,0,0,0,1,1,6,1,53,8,-1,-1,-1,-1,-1
201401ZD30965,2,9,0,9,0,8,0,0,0,0,4,1,6,2,-1,-1,1398,1,9,-1,-1
201401ZD30966,1,9,0,18,0,8,0,0,0,0,1,1,6,2,47,8,1360,1,13,5,1
201401ZD30966,2,9,0,18,0,8,0,0,0,0,3,1,6,2,31,6,1198,1,11,4,1
201401ZD30967,1,9,0,9,0,8,0,0,0,0,4,1,6,2,26,6,2143,2,5,-1,-1
201401ZD30967,2,9,0,18,0,8,0,0,0,0,1,1,6,1,38,7,1735,1,16,2,1
201401ZD30968,1,3,0,18,0,8,0,0,0,0,4,1,6,1,42,7,-1,-1,-1,-1,-1
201401ZD30968,2,9,0,9,0,8,0,0,0,0,1,1,6,2,53,8,1995,2,3,4,1
201401ZD30969,1,1,0,18,0,8,0,0,0,0,1,1,6,1,18,4,-1,-1,-1,4,1
201401ZD30969,2,9,0,7,0,8,0,0,0,0,1,1,6,3,-1,-1,-1,-1,-1,-1,-1
201401ZD30970,1,9,0,16,0,2,0,0,0,0,1,1,6,2,40,7,1497,8,6,2,1
201401ZD30971,1,19,0,9,0,8,0,0,0,0,4,1,1,2,21,5,1598,2,-1,5,1
201401ZD30971,2,1,0,18,0,8,0,0,0,0,1,1,2,1,-1,-1,-1,-1,-1,-1,-1
201401ZD30972,1,9,0,3,0,1,0,0,0,0,2,1,6,1,46,8,1781,1,28,7,1
201401ZD30972,2,9,0,3,0,1,0,0,0,0,1,1,6,2,63,9,1598,1,3,4,1
201401ZD30972,3,9,0,18,0,1,0,0,0,0,1,1,6,1,21,5,-1,-1,-1,5,1
201401ZD30973,1,9,0,18,0,1,0,0,0,0,3,1,6,1,26,6,1242,1,6,4,1
201401ZD30973,2,9,0,11,0,1,0,0,0,0,4,1,6,1,43,7,1796,1,14,3,1
201401ZD30974,1,9,0,18,0,8,0,0,0,0,1,1,6,3,-1,-1,-1,-1,-1,-1,-1
201401ZD30975,1,9,0,18,0,0,0,0,0,0,1,1,6,2,39,7,1598,1,-1,7,1
201401ZD30975,2,9,0,2,0,0,0,0,0,0,2,1,6,3,-1,-1,2000,2,4,-1,-1
201401ZD30976,1,9,0,18,0,8,0,0,0,0,3,1,6,1,26,6,1975,1,7,3,1
201401ZD30976,2,1,0,7,0,8,0,0,0,0,1,1,6,1,32,6,-1,-1,-1,-1,-1
201401ZD30977,1,9,0,18,0,1,0,0,0,0,1,1,6,2,96,11,1339,1,12,8,1
201401ZD30977,2,9,0,2,0,1,0,0,0,0,2,1,6,2,36,7,-1,-1,-1,6,1
201401ZD30978,1,9,0,18,0,8,0,0,0,0,1,1,6,2,30,6,1997,1,10,5,1
201401ZD30978,2,19,0,18,0,8,0,0,0,0,4,1,1,1,38,7,-1,-1,-1,-1,-1
201401ZD30979,1,9,0,18,0,2,0,7,0,0,1,1,1,1,-1,-1,-1,-1,-1,-1,-1
201401ZD30980,1,9,0,4,0,1,0,0,0,0,0,1,6,1,33,6,1995,2,7,-1,-1
201401ZD30981,1,9,0,18,0,8,0,0,0,0,3,1,6,1,39,7,-1,-1,-1,2,1
201401ZD30981,2,9,0,9,0,8,0,0,0,0,1,1,6,1,-1,-1,1984,1,12,-1,-1
201401ZD30982,1,9,0,2,0,1,0,0,0,0,2,1,6,1,40,7,1898,1,13,2,1
201401ZD30982,2,9,0,4,0,1,0,4,0,0,1,1,6,2,-1,-1,1995,2,9,3,1
201401ZD30983,1,1,0,18,0,1,0,0,0,0,2,1,6,1,38,7,-1,-1,-1,2,1
201401ZD30983,2,11,0,13,0,1,0,0,0,0,1,1,1,1,47,8,9200,2,11,3,1
201401ZD30984,1,9,0,9,0,8,0,0,0,0,4,1,1,1,52,8,-1,-1,-1,9,1
201401ZD30984,2,3,0,18,0,8,0,0,0,0,1,1,6,1,18,4,124,1,1,4,1
201401ZD30985,1,9,0,18,0,8,0,0,0,0,1,1,6,1,22,5,1199,1,-1,7,1
201401ZD30985,2,9,0,9,0,8,0,0,0,0,4,1,6,1,50,8,1769,1,14,1,1
201401ZD30986,1,3,0,18,0,1,0,0,0,0,1,1,6,1,29,6,125,1,4,2,1
201401ZD30986,2,9,0,12,0,1,0,0,0,0,2,1,6,3,-1,-1,-1,-1,-1,-1,-1
201401ZD30987,1,19,0,18,0,1,0,0,0,0,1,1,1,1,31,6,1998,2,11,5,1
201401ZD30988,1,11,0,16,0,8,0,0,0,0,0,1,1,3,-1,-1,3900,2,10,-1,-1
201401ZD30989,1,9,0,18,0,1,0,0,0,0,1,1,6,2,37,7,1975,1,17,4,1
201401ZD30990,1,9,0,18,0,1,0,0,0,0,1,1,6,2,45,7,1490,1,7,2,1
201401ZD30991,1,3,0,18,0,1,0,0,0,0,1,1,6,1,22,5,125,1,7,-1,-1
201401ZD30992,1,9,0,3,0,8,0,0,0,0,2,1,6,1,56,9,1995,2,10,9,1
201401ZD30992,2,9,0,3,0,8,0,0,0,0,2,1,6,1,25,5,1798,1,6,9,1
201401ZD30992,3,9,0,4,0,8,0,0,0,0,1,1,1,1,29,6,-1,-1,-1,9,1
201401ZD30993,1,3,0,18,0,8,0,0,0,0,3,1,6,2,28,6,124,1,4,4,1
201401ZD30993,2,9,0,18,0,8,0,0,0,0,1,1,6,2,-1,-1,1422,2,6,-1,-1
201401ZD30994,1,9,0,7,0,8,0,0,0,0,1,1,6,1,-1,-1,-1,-1,-1,-1,-1
201401ZD30995,1,9,0,18,0,1,0,0,0,0,4,1,6,2,30,6,1398,1,-1,4,1
201401ZD30997,1,19,0,18,0,2,0,0,0,0,3,1,1,1,41,7,2151,2,11,3,1
201401ZD30997,2,21,0,18,0,1,0,0,0,0,3,1,1,1,37,7,-1,-1,-1,-1,-1
201401ZD30998,1,3,0,14,0,8,0,0,0,0,1,1,6,1,26,6,124,1,3,5,1
201401ZD30998,2,9,0,9,0,8,0,0,0,0,3,1,6,2,-1,-1,-1,-1,-1,2,1
201401ZD30999,1,9,0,18,0,0,0,0,0,0,3,1,6,1,29,6,-1,-1,-1,4,1
201401ZD30999,2,9,0,2,0,0,0,0,0,0,3,1,6,3,-1,-1,1396,1,14,-1,-1
201401ZD31000,1,3,0,15,0,8,0,0,0,0,1,1,6,1,20,4,125,1,7,5,1
201401ZD31000,2,9,0,9,0,8,0,0,0,0,3,1,6,1,32,6,1360,1,9,5,1
201401ZD31001,1,11,0,14,0,2,0,4,0,0,4,1,1,1,39,7,4500,2,6,4,1
201401ZD31001,2,20,0,2,0,2,0,0,0,0,3,1,6,3,-1,-1,-1,-1,-1,-1,-1
201401ZD31003,1,9,0,4,0,1,0,0,0,0,2,1,6,2,26,6,998,1,9,4,1
201401ZD31003,2,9,0,4,0,1,0,0,0,0,1,1,6,1,-1,-1,-1,-1,-1,-1,-1
201401ZD31004,1,19,0,18,0,1,0,0,0,0,1,1,6,3,-1,-1,-1,-1,-1,-1,-1
201401ZD31005,1,9,0,3,0,1,0,0,0,0,2,1,6,2,40,7,1797,8,4,3,1
201401ZD31005,2,9,0,18,0,1,0,0,0,0,1,1,6,2,62,9,1198,1,12,4,1
201401ZD31006,1,9,0,18,0,8,0,0,0,0,4,1,6,1,27,6,1390,1,9,3,1
201401ZD31006,2,9,0,3,0,8,0,0,0,0,1,1,6,2,21,5,-1,-1,-1,4,1
201401ZD31006,3,9,0,9,0,8,0,0,0,0,1,1,6,2,25,5,1229,1,2,5,1
201401ZD31007,1,9,0,18,0,8,0,0,0,0,1,1,6,1,26,6,1389,1,11,5,1
201401ZD31007,2,9,0,9,0,8,0,0,0,0,1,1,6,1,44,7,-1,-1,-1,2,1
201401ZD31008,1,19,0,18,0,0,0,0,0,0,3,1,6,1,-1,-1,-1,-1,-1,-1,-1
201401ZD31009,1,1,0,18,0,0,0,0,0,0,1,1,2,1,59,9,-1,-1,-1,3,1
201401ZD31009,2,19,0,4,0,0,0,0,0,0,2,1,6,1,-1,-1,1995,2,1,-1,-1
201401ZD31010,1,9,0,17,0,1,0,0,0,0,1,1,2,1,44,7,1999,1,12,2,1
201401ZD31011,1,1,0,18,4,1,0,0,0,0,1,1,6,1,24,5,-1,-1,-1,5,3
201401ZD31011,2,9,0,11,4,1,0,0,0,0,2,1,6,1,73,10,1973,1,15,5,1
201401ZD31012,1,20,0,18,0,1,0,0,0,0,1,1,6,3,-1,-1,-1,-1,-1,-1,-1
201401ZD31013,1,1,0,18,0,8,0,0,0,0,4,1,6,2,29,6,-1,-1,-1,5,1
201401ZD31013,2,9,0,18,0,8,0,0,0,0,3,1,6,1,-1,-1,1589,1,16,-1,-1
201401ZD31014,1,11,0,4,0,8,0,0,0,0,0,1,1,1,50,8,9200,2,11,1,1
201401ZD31015,1,19,0,18,0,8,0,0,0,0,1,1,6,1,66,10,-1,-1,-1,-1,-1
201401ZD31015,2,9,0,18,0,8,0,10,0,0,4,1,6,2,51,8,1587,1,14,2,1
201401ZD31016,1,9,0,5,0,8,0,0,0,0,1,1,6,1,49,8,2494,1,15,1,1
201401ZD31017,1,3,0,18,0,8,0,0,0,0,1,1,6,1,30,6,124,1,8,3,1
201401ZD31017,2,9,0,9,0,8,0,0,0,0,1,1,6,1,-1,-1,1360,1,8,2,1
201401ZD31018,1,9,0,4,0,8,0,0,0,0,2,1,6,1,30,6,1199,1,12,3,1
201401ZD31018,2,9,0,18,0,8,0,0,0,0,1,1,6,1,-1,-1,1590,1,10,-1,-1
201401ZD31020,1,9,0,3,0,2,0,0,0,0,2,1,6,1,32,6,1598,1,7,6,1
201401ZD31020,2,9,0,3,0,2,0,0,0,0,2,1,6,2,53,8,1999,1,8,9,1
201401ZD31020,3,9,0,4,0,2,0,0,0,0,1,1,6,1,25,5,1998,1,12,4,1
201401ZD31022,1,11,0,18,0,1,0,0,0,0,1,1,1,2,33,6,9200,2,10,4,1
201401ZD31023,1,9,0,18,0,8,0,0,0,0,1,1,6,2,21,5,998,1,6,6,1
201401ZD31023,2,9,0,5,0,8,0,0,0,0,3,1,6,1,-1,-1,1973,1,16,-1,-1
201401ZD31024,1,9,0,18,0,8,0,0,0,0,1,1,6,1,-1,-1,-1,-1,-1,-1,-1
201401ZD31025,1,1,0,9,0,8,0,0,0,0,2,1,6,2,25,5,-1,-1,-1,3,1
201401ZD31025,2,9,0,9,0,8,0,0,0,0,1,1,6,1,28,6,1797,8,3,8,1
201401ZD31026,1,9,0,3,0,1,0,0,0,0,2,1,6,2,35,6,1595,1,6,6,1
201401ZD31026,2,1,0,4,0,1,0,0,0,0,1,1,6,1,70,10,-1,-1,-1,9,1
201401ZD31027,1,9,0,18,0,8,0,0,0,0,1,1,6,2,24,5,1598,1,9,2,1
201401ZD31027,2,9,0,9,0,8,0,0,0,0,3,1,6,1,-1,-1,1596,1,12,-1,-1
201401ZD31028,1,9,0,18,0,8,0,0,0,0,1,1,6,1,-1,-1,-1,-1,-1,-1,-1
201401ZD31031,1,9,0,9,0,8,0,0,0,0,1,1,6,1,36,7,1124,1,13,3,1
201401ZD31031,2,3,0,18,0,8,0,0,0,0,1,1,6,1,19,4,124,1,1,-1,-1
201401ZD31032,1,2,0,14,0,8,0,0,0,0,4,1,6,1,46,8,124,1,6,8,1
201401ZD31032,2,9,0,9,0,8,0,0,0,0,1,1,6,1,61,9,-1,-1,-1,4,1
201401ZD31033,1,3,0,17,0,8,0,0,0,0,4,1,6,1,22,5,125,1,4,4,1
201401ZD31033,2,9,0,18,0,8,0,0,0,0,1,1,6,1,73,10,1595,1,12,6,1
201401ZD31035,1,9,0,11,0,2,0,0,0,0,4,1,6,2,30,6,1198,1,9,2,1
201401ZD31035,2,9,0,18,0,2,0,0,0,0,3,1,6,1,27,6,1590,1,10,-1,-1
201401ZD31036,1,3,0,18,0,0,0,0,0,0,3,1,6,1,29,6,125,1,-1,4,1
201401ZD31036,2,9,0,3,0,0,0,0,0,0,3,1,6,2,42,7,-1,-1,-1,5,1
201401ZD31037,1,19,0,18,0,1,0,0,0,0,1,1,2,1,30,6,2198,2,1,1,1
201401ZD31037,2,9,0,4,0,1,0,0,0,0,2,1,2,2,24,5,1600,1,3,3,1
201401ZD31038,1,1,0,18,0,8,0,0,0,0,1,1,6,1,32,6,-1,-1,-1,1,1
201401ZD31038,2,9,0,7,0,8,0,0,0,0,4,1,6,3,-1,-1,-1,-1,-1,-1,-1
201401ZD31041,1,9,0,9,0,8,0,0,0,0,4,1,1,1,37,7,1797,8,4,3,1
201401ZD31041,2,1,0,18,0,8,0,0,0,0,1,1,6,2,-1,-1,-1,-1,-1,-1,-1
201401ZD31042,1,9,0,18,0,8,0,0,0,0,2,1,6,2,25,5,1242,1,10,4,1
201401ZD31042,2,9,0,5,0,8,0,0,0,0,1,1,6,1,42,7,1799,1,6,5,1
201401ZD31044,1,9,0,9,0,8,0,0,0,0,4,1,6,1,26,6,1796,1,8,7,1
201401ZD31044,2,1,0,18,0,8,0,0,0,0,1,1,6,1,35,6,-1,-1,-1,5,1
201401ZD31046,1,19,0,1,0,8,0,0,0,0,2,1,1,1,29,6,2143,2,1,4,1
201401ZD31047,1,9,0,3,0,1,0,0,0,0,2,1,6,1,24,5,-1,-1,-1,9,1
201401ZD31047,2,20,0,4,0,1,0,0,0,0,1,1,6,3,-1,-1,-1,-1,-1,-1,-1
201401ZD31048,1,9,0,11,0,1,0,0,0,0,4,1,6,2,36,7,1598,1,10,6,1
201401ZD31048,2,1,0,18,0,1,0,0,0,0,3,1,6,1,51,8,-1,-1,-1,9,1
201401ZD31049,1,1,0,18,0,2,0,0,0,0,3,1,6,2,27,6,-1,-1,-1,-1,1
201401ZD31049,2,9,0,18,0,2,0,0,0,0,4,1,6,1,34,6,1995,2,-1,-1,-1
201401ZD31050,1,9,0,18,0,8,0,0,0,0,1,1,6,1,26,6,2997,1,12,4,1
201401ZD31050,2,9,0,9,0,8,0,0,0,0,4,1,6,2,50,8,1968,2,-1,5,1
201401ZD31051,1,3,0,18,0,8,0,0,0,0,1,1,6,1,25,5,125,1,9,3,1
201401ZD31051,2,9,0,18,0,8,0,0,0,0,3,1,6,1,26,6,1598,1,4,2,1
201401ZD31052,1,9,0,9,0,8,0,0,0,0,4,1,6,1,17,4,1796,1,7,8,1
201401ZD31052,2,9,0,18,0,8,0,0,0,0,1,1,6,1,-1,-1,-1,-1,-1,-1,-1
201401ZD31053,1,5,0,18,0,8,0,0,0,0,1,1,6,1,38,7,-1,-1,-1,8,1
201401ZD31053,2,9,0,7,0,8,0,0,0,0,3,1,6,1,45,7,1956,2,1,7,1
201401ZD31054,1,11,0,18,0,1,0,0,0,0,1,1,1,1,60,9,9000,2,5,2,1
201401ZD31055,1,9,0,18,0,0,0,0,0,0,1,1,6,1,27,6,1397,1,11,3,1
201401ZD31055,2,9,0,5,0,0,0,0,0,0,1,1,6,1,29,6,-1,-1,-1,8,1
201401ZD31056,1,9,0,18,0,0,0,0,0,0,1,1,6,1,-1,-1,-1,-1,-1,-1,-1
201401ZD31057,1,9,0,18,0,0,0,0,0,0,1,1,6,2,21,5,1242,1,-1,5,1
201401ZD31058,1,9,0,18,0,0,0,0,0,0,1,1,6,1,32,6,1461,2,2,3,1
201401ZD31059,1,11,0,18,0,2,0,0,0,0,4,1,1,1,44,7,9600,2,16,3,1
201401ZD31059,2,9,0,12,0,2,0,0,0,0,3,1,6,2,19,4,1598,1,1,-1,-1
201401ZD31060,1,9,0,18,0,8,0,0,0,0,3,1,6,2,57,9,1997,1,13,-1,-1
201401ZD31060,2,11,0,18,0,8,0,0,0,0,1,1,1,1,58,9,4500,2,-1,-1,-1
201401ZD31061,1,9,0,18,0,8,0,0,0,0,1,1,6,2,33,6,1390,1,11,4,1
201401ZD31061,2,1,0,18,0,8,0,0,0,0,2,1,6,2,41,7,-1,-1,-1,9,1
201401ZD31062,1,11,0,4,0,1,0,0,0,0,0,1,1,1,45,7,-1,-1,-1,6,1
201401ZD31064,1,9,0,18,0,1,0,0,0,0,1,1,6,3,-1,-1,-1,-1,-1,-1,-1
201401ZD31065,1,9,0,18,0,1,0,0,0,0,1,1,6,2,-1,-1,-1,-1,-1,-1,-1
201401ZD31066,1,9,0,4,0,1,0,4,0,0,1,1,6,1,52,8,1798,8,-1,2,1
201401ZD31066,2,9,0,2,0,1,0,0,0,0,2,1,6,1,48,8,1870,2,3,8,1
201401ZD31068,1,9,0,18,0,8,0,0,0,0,1,1,6,2,24,5,1200,1,1,4,1
201401ZD31068,2,9,0,9,0,8,0,0,0,0,4,1,6,2,30,6,1598,1,11,5,1
201401ZD31069,1,9,0,18,0,8,0,0,0,0,4,1,6,2,34,6,1598,1,7,5,1
201401ZD31069,2,19,0,18,0,8,0,0,0,0,1,1,6,1,33,6,1248,2,2,5,1
201401ZD31071,1,3,0,7,0,8,0,0,0,0,1,1,6,1,21,5,-1,-1,-1,-1,1
201401ZD31071,2,9,0,18,0,8,0,0,0,0,1,1,6,2,41,7,1497,8,-1,6,1
201401ZD31072,1,3,0,18,0,8,0,0,0,0,1,1,1,1,20,4,108,1,1,5,1
201401ZD31072,2,9,0,9,0,8,0,0,0,0,3,1,6,1,-1,-1,1198,1,10,-1,-1
201401ZD31073,1,9,0,4,0,1,0,0,0,0,1,1,6,1,37,7,1798,8,-1,2,1
201401ZD31073,2,9,0,4,0,1,0,0,0,0,2,1,6,1,31,6,-1,-1,-1,2,1
201401ZD31074,1,8,0,1,0,2,0,0,0,0,2,1,6,1,68,10,1799,1,15,-1,-1
201401ZD31075,1,3,0,18,0,8,0,0,0,0,1,1,6,1,27,6,-1,-1,-1,2,1
201401ZD31075,2,9,0,9,0,8,0,0,0,0,4,1,6,2,30,6,1124,1,10,3,1
201401ZD31076,1,9,0,18,0,8,0,0,0,0,1,1,6,2,51,8,-1,-1,-1,3,1