Accident_Index,Vehicle_Reference,Vehicle_Type,Towing_and_Articulation,Vehicle_Manoeuvre,Vehicle_Location-Restricted_Lane,Junction_Location,Skidding_and_Overturning,Hit_Object_in_Carriageway,Vehicle_Leaving_Carriageway,Hit_Object_off_Carriageway,1st_Point_of_Impact,Was_Vehicle_Left_Hand_Drive?,Journey_Purpose_of_Driver,Sex_of_Driver,Age_of_Driver,Age_Band_of_Driver,Engine_Capacity_(CC),Propulsion_Code,Age_of_Vehicle,Driver_IMD_Decile,Driver_Home_Area_Type
201401ZD31076,2,9,0,4,0,8,0,0,0,0,2,1,6,1,44,7,1796,1,15,3,1
201401ZD31077,1,19,0,7,0,8,0,0,0,0,4,1,6,1,50,8,2148,2,6,6,1
201401ZD31077,2,1,0,15,0,8,0,0,0,0,1,1,6,1,32,6,-1,-1,-1,6,1
201401ZD31078,1,3,0,18,0,1,0,0,0,0,2,1,6,1,44,7,124,1,6,4,1
201401ZD31078,2,9,0,18,0,1,0,0,0,0,1,1,6,2,30,6,1998,1,5,4,1
201401ZD31079,1,3,0,18,0,8,0,0,0,0,3,1,6,1,32,6,125,1,4,4,1
201401ZD31079,2,9,0,9,0,8,0,0,0,0,1,1,6,1,-1,-1,-1,-1,-1,-1,-1
201401ZD31080,1,19,0,4,0,2,0,0,0,0,2,1,6,1,48,8,-1,-1,-1,4,1
201401ZD31080,2,9,0,4,0,2,0,0,0,0,1,1,6,1,-1,-1,-1,-1,-1,1,1
201401ZD31081,1,9,0,18,0,0,0,0,0,0,4,1,1,2,54,8,1296,1,8,10,1
201401ZD31082,1,2,0,18,0,1,0,0,0,0,1,1,1,1,21,5,109,1,-1,3,1
201401ZD31083,1,9,0,18,0,8,0,0,0,0,1,1,6,2,21,5,1587,1,13,6,1
201401ZD31083,2,9,0,18,0,8,0,0,0,0,4,1,6,1,34,6,1997,2,13,3,1
201401ZD31084,1,9,0,18,0,1,0,0,0,0,1,1,6,2,47,8,1498,1,6,4,1
201401ZD31085,1,9,0,18,0,8,0,0,0,0,0,1,6,1,42,7,2987,2,5,6,1
201401ZD31085,2,9,0,18,0,8,0,0,0,0,0,1,6,1,32,6,1997,2,3,5,1
201401ZD31086,1,19,0,9,0,8,0,0,0,0,4,1,6,1,47,8,2402,2,10,3,1
201401ZD31086,2,3,0,18,0,8,0,0,0,0,1,1,6,1,22,5,-1,-1,-1,2,1
201401ZD31087,1,1,0,18,0,1,0,0,0,0,2,1,6,1,35,6,-1,-1,-1,2,1
201401ZD31087,2,9,0,13,0,1,0,0,0,0,1,1,6,3,-1,-1,-1,-1,-1,-1,-1
201401ZD31088,1,9,0,18,0,0,0,0,0,0,1,1,6,1,50,8,1390,1,15,5,1
201401ZD31089,1,3,0,18,0,8,0,0,0,0,1,1,6,1,34,6,108,1,3,1,1
201401ZD31089,2,9,0,9,0,8,0,0,0,0,4,1,6,1,63,9,998,1,16,2,1
201401ZD31090,1,1,0,18,0,2,0,0,0,0,2,1,6,1,26,6,-1,-1,-1,5,1
201401ZD31090,2,9,0,13,0,2,0,0,0,0,1,1,6,3,-1,-1,-1,-1,-1,-1,-1
201401ZD31091,1,19,0,18,0,8,0,0,0,0,1,1,6,1,57,9,1753,2,13,-1,-1
201401ZD31091,2,9,0,7,0,8,0,0,0,0,3,1,6,1,47,8,1390,1,12,-1,-1
201401ZD31092,1,9,0,18,0,8,0,0,0,0,1,1,6,2,56,9,1339,1,7,4,1
201401ZD31092,2,9,0,18,0,8,0,0,0,0,1,1,6,1,41,7,1796,1,11,9,1
201401ZD31093,1,9,0,16,0,8,0,0,0,0,4,1,6,1,41,7,-1,-1,-1,5,1
201401ZD31093,2,9,0,7,0,8,0,0,0,0,1,1,6,1,64,9,3222,2,8,10,1
201401ZD31094,1,9,0,18,0,2,0,0,0,0,1,1,6,1,25,5,998,1,17,3,1
201401ZD31095,1,11,0,18,0,2,0,0,0,0,1,1,1,1,57,9,6700,2,6,4,1
201401ZD31096,1,19,0,9,0,8,0,0,0,0,3,1,1,1,25,5,2143,2,1,8,1
201401ZD31096,2,3,0,18,0,8,0,0,0,0,1,1,1,1,22,5,85,1,13,3,1
201401ZD31097,1,9,0,18,0,2,0,0,0,0,1,1,2,1,35,6,1984,1,13,3,1
201401ZD31098,1,11,0,4,0,1,0,0,0,0,0,1,1,2,-1,-1,6692,2,5,8,1
201401ZD31099,1,11,0,7,0,8,0,0,0,0,0,1,6,1,53,8,-1,-1,-1,-1,-1
201401ZD31101,1,9,0,18,0,8,0,0,0,0,1,1,6,1,42,7,1796,1,12,5,1
201401ZD31101,2,1,0,7,0,8,0,0,0,0,3,1,6,2,44,7,-1,-1,-1,10,1
201401ZD31102,1,9,0,18,0,8,0,0,0,0,2,1,6,1,41,7,1596,1,7,3,1
201401ZD31102,2,9,0,18,0,8,0,0,0,0,1,1,6,1,-1,-1,1796,1,11,-1,-1
201401ZD31103,1,9,0,18,0,0,0,0,0,0,4,1,6,1,-1,-1,-1,-1,-1,-1,-1
201401ZD31104,1,9,0,4,0,2,0,0,0,0,2,1,6,2,47,8,1248,1,3,6,1
201401ZD31104,2,9,0,4,0,2,0,0,0,0,1,1,6,2,62,9,2685,2,11,8,1
201401ZD31105,1,9,0,9,0,8,0,0,0,0,3,1,6,1,83,11,1998,1,19,8,1
201401ZD31105,2,2,0,18,0,8,0,0,0,0,1,1,6,1,16,4,49,1,12,1,1
201401ZD31106,1,9,0,18,0,1,0,0,0,0,1,1,6,1,54,8,1995,2,9,4,1
201401ZD31108,1,9,0,18,0,1,0,10,1,2,1,1,6,1,-1,-1,-1,-1,-1,-1,-1
201401ZD31109,1,9,0,3,0,1,0,0,0,0,2,1,6,2,26,6,1360,1,7,3,1
201401ZD31109,2,19,0,4,0,1,0,0,0,0,1,1,6,1,53,8,2402,2,5,-1,-1
201401ZD31110,1,11,0,4,0,0,0,0,0,0,0,1,1,1,39,7,9000,2,5,2,1
201401ZD31111,1,9,0,3,0,8,0,0,0,0,2,1,6,2,38,7,1968,2,6,3,1
201401ZD31111,2,9,0,4,0,8,0,0,0,0,1,1,6,2,-1,-1,1769,1,13,-1,-1
201401ZD31112,1,9,0,18,0,0,0,0,0,0,4,1,6,2,48,8,1798,1,9,4,1
201401ZD31113,1,8,0,18,0,1,0,0,0,0,1,1,1,1,-1,-1,1896,2,6,1,1
201401ZD31114,1,9,0,18,0,1,0,0,0,0,1,1,6,3,-1,-1,-1,-1,-1,-1,-1
201401ZD31115,1,2,0,4,0,8,0,0,0,0,0,1,6,1,27,6,49,1,2,5,1
201401ZD31115,2,19,0,9,0,8,0,0,0,0,0,1,6,1,55,8,1248,2,9,8,1
201401ZD31116,1,9,0,18,0,8,0,9,0,0,1,1,6,1,29,6,-1,-1,-1,6,1
201401ZD31117,1,9,0,18,0,8,0,0,0,0,3,1,6,1,60,9,1798,1,5,6,1
201401ZD31117,2,9,0,11,0,8,0,0,0,0,4,1,6,3,-1,-1,-1,-1,-1,-1,-1
201401ZD31119,1,9,0,18,0,0,0,0,0,0,1,1,6,2,56,9,1388,1,10,5,1
201401ZD31120,1,9,0,9,0,2,0,0,0,0,1,1,6,1,-1,-1,-1,-1,-1,-1,-1
201401ZD31122,1,3,0,18,0,8,0,0,0,0,1,1,6,1,24,5,124,1,7,1,1
201401ZD31122,2,9,0,9,0,8,0,0,0,0,3,1,6,1,86,11,1597,1,17,1,1
201401ZD31124,1,19,0,18,0,1,0,10,1,2,1,1,1,1,51,8,1998,2,8,-1,-1
201401ZD31125,1,11,0,4,0,1,0,0,0,0,0,1,1,1,54,8,11000,2,7,4,1
201401ZD31126,1,19,0,9,0,8,0,0,0,0,2,1,6,1,37,7,-1,-1,-1,-1,-1
201401ZD31126,2,3,0,18,0,8,0,0,0,0,1,1,6,1,32,6,125,1,4,3,1
201401ZD31129,1,9,0,9,0,8,0,0,0,0,4,1,6,1,20,4,-1,-1,-1,6,1
201401ZD31129,2,4,0,18,0,8,0,0,0,0,1,1,1,1,-1,-1,124,1,7,7,1
201401ZD31130,1,9,0,18,0,8,0,0,0,0,1,1,6,1,25,5,1995,2,-1,3,1
201401ZD31130,2,9,0,7,0,8,0,0,0,0,3,1,6,1,72,10,2148,2,11,3,1
201401ZD31132,1,19,0,7,0,2,0,0,0,0,4,1,6,1,28,6,1248,2,3,7,1
201401ZD31133,1,19,0,18,0,1,0,0,0,0,1,1,6,1,30,6,2148,2,6,-1,-1
201401ZD31134,1,9,0,18,0,1,0,0,0,0,1,1,6,1,-1,-1,-1,-1,-1,-1,-1
201401ZD31135,1,9,0,2,0,0,0,0,0,0,3,1,6,2,35,6,1598,1,4,5,1
201401ZD31135,2,19,0,18,0,0,0,0,0,0,4,1,6,1,45,7,2402,2,11,4,1
201401ZD31136,1,9,0,9,0,8,0,0,0,0,4,1,6,2,46,8,1968,2,9,4,1
201401ZD31136,2,1,0,18,0,8,0,0,0,0,1,1,6,1,43,7,-1,-1,-1,4,1
201401ZD31137,1,9,0,9,0,8,0,0,0,0,1,1,6,1,24,5,1198,1,5,4,1
201401ZD31137,2,3,0,18,0,8,0,0,0,0,1,1,6,1,21,5,-1,-1,-1,5,1
201401ZD31138,1,9,0,9,0,8,0,0,0,0,1,1,6,1,68,10,1388,1,3,7,1
201401ZD31139,1,9,0,18,0,1,0,0,0,0,1,1,6,2,42,7,-1,-1,-1,5,1
201401ZD31140,1,9,0,1,0,1,0,0,0,0,2,1,6,2,25,5,1598,1,9,3,1
201401ZD31140,2,90,0,18,0,1,0,0,0,0,3,1,6,2,81,11,-1,-1,-1,3,1
201401ZD31141,1,19,0,9,0,8,0,0,0,0,1,1,6,1,33,6,1560,2,2,2,1
201401ZD31143,1,9,0,18,0,0,0,0,0,0,1,1,6,2,27,6,1796,1,11,2,1
201401ZD31143,2,9,0,3,0,0,0,0,0,0,2,1,6,2,64,9,1329,1,-1,8,1
201401ZD31143,3,9,0,3,0,0,0,0,0,0,2,1,6,1,46,8,1197,1,1,6,1
201401ZD31144,1,9,0,18,0,8,5,10,7,2,1,1,6,1,30,6,3239,1,19,5,1
201401ZD31145,1,19,0,5,0,0,0,0,0,0,1,1,1,1,47,8,-1,-1,-1,3,1
201401ZD31146,1,19,0,5,0,1,0,0,0,0,1,1,6,1,30,6,2402,2,2,9,1
201401ZD31146,2,9,0,3,0,1,0,0,0,0,2,1,6,2,32,6,-1,-1,-1,9,1
201401ZD31147,1,9,0,4,0,2,0,0,0,0,1,1,6,1,18,4,1199,1,12,3,1
201401ZD31147,2,9,0,3,0,2,0,0,0,0,2,1,6,2,40,7,3200,2,12,4,1
201401ZD31148,1,9,0,18,0,1,0,0,0,0,1,1,1,1,32,6,1396,1,-1,2,1
201401ZD31151,1,11,0,5,0,0,0,0,0,0,0,1,1,1,-1,-1,9000,2,5,-1,-1
201401ZD31152,1,3,0,18,0,8,0,0,0,0,0,1,6,1,41,7,-1,-1,-1,6,1
201401ZD31152,2,9,0,7,0,8,0,0,0,0,0,1,6,3,-1,-1,-1,-1,-1,-1,-1
201401ZD31153,1,3,0,18,0,1,0,0,0,0,1,1,6,1,35,6,125,1,11,-1,-1
201401ZD31154,1,9,0,18,0,1,0,0,0,0,1,1,6,1,43,7,1240,1,10,4,1
201401ZD31154,2,10,0,18,0,2,0,0,0,0,1,1,1,1,29,6,-1,-1,-1,1,1
201401ZD31155,1,8,0,18,0,1,0,0,0,0,1,1,1,2,30,6,1398,2,2,2,1
201401ZD31156,1,9,0,18,0,1,0,0,0,0,1,1,6,3,-1,-1,-1,-1,-1,-1,-1
201401ZD31157,1,9,0,18,0,1,0,0,0,0,1,1,6,2,55,8,-1,-1,-1,6,1
201401ZD31158,1,9,0,18,0,1,0,0,0,0,1,1,6,1,35,6,1896,2,6,3,1
201401ZD31158,2,9,0,18,0,2,0,0,0,0,1,1,6,2,39,7,1229,1,7,2,1
201401ZD31159,1,9,0,18,0,2,0,0,0,0,1,1,6,1,21,5,1598,1,8,4,1
201401ZD31160,1,9,0,8,0,8,0,0,0,0,2,1,6,2,56,9,1596,1,9,2,1
201401ZD31160,2,9,0,18,0,8,0,0,0,0,1,1,6,1,35,6,-1,-1,-1,-1,-1
201401ZD31161,1,9,0,9,0,8,0,0,0,0,3,1,6,1,20,4,1995,1,9,6,1
201401ZD31161,2,9,0,13,0,8,0,0,0,0,1,1,6,1,20,4,1796,1,10,3,1
201401ZD31165,1,9,0,18,0,2,0,0,0,0,1,1,6,1,-1,-1,-1,-1,-1,-1,-1
201401ZD31166,1,9,0,3,0,1,0,0,0,0,2,1,6,2,42,7,1995,2,6,5,1
201401ZD31166,2,9,0,4,0,1,0,0,0,0,1,1,6,3,-1,-1,-1,-1,-1,-1,-1
201401ZD31167,1,9,0,18,0,1,0,10,1,7,1,1,6,2,83,11,1590,1,10,6,1
201401ZD31172,1,9,0,18,0,8,0,0,0,0,2,1,6,1,47,8,2360,1,6,3,1
201401ZD31172,2,9,0,18,0,8,0,0,0,0,1,1,6,1,28,6,-1,-1,-1,6,1
201401ZD31173,1,9,0,9,0,8,0,0,0,0,3,1,6,2,20,4,1242,1,15,10,1
201401ZD31173,2,9,0,18,0,8,0,0,0,0,1,1,6,2,33,6,1595,1,15,2,1
201401ZD31176,1,9,0,18,0,1,0,0,0,0,2,1,6,1,21,5,1598,1,12,10,1
201401ZD31176,2,9,0,18,0,1,0,0,0,0,1,1,6,1,53,8,1995,1,5,4,1
201401ZD31179,1,9,0,18,0,8,0,0,0,0,2,1,6,2,46,8,1951,2,13,3,1
201401ZD31179,2,9,0,4,0,8,0,0,0,0,1,1,6,2,27,6,-1,-1,-1,-1,-1
201401ZD31181,1,11,0,5,0,0,0,0,0,0,0,1,1,2,21,5,6700,2,3,2,1
201401ZD31183,1,9,0,18,0,8,0,0,0,0,4,1,6,1,44,7,1498,1,5,9,1
201401ZD31183,2,9,0,7,0,8,0,0,0,0,1,1,6,1,62,9,1596,1,1,7,1
201401ZD31185,1,9,0,7,0,8,0,0,0,0,1,1,6,1,67,10,1149,1,15,-1,-1
201401ZD31185,2,9,0,18,0,8,0,0,0,0,1,1,6,1,25,5,-1,-1,-1,2,1
201401ZD31186,1,9,0,9,0,8,0,0,0,0,4,1,6,2,29,6,1798,1,5,7,1
201401ZD31186,2,19,0,18,0,8,0,0,0,0,1,1,1,1,26,6,1968,2,1,8,1
201401ZD31187,1,9,0,9,0,8,0,0,0,0,1,1,6,1,25,5,1995,2,6,2,1
201401ZD31187,2,9,0,4,0,8,0,0,0,0,1,1,6,1,45,7,1984,1,14,3,1
201401ZD31188,1,9,0,18,0,1,0,0,0,0,1,1,6,1,21,5,1598,1,9,7,1
201401ZD31188,2,9,0,3,0,1,0,0,0,0,2,1,6,1,40,7,1956,2,-1,6,1
201401ZD31189,1,9,0,3,0,1,0,0,0,0,2,1,6,2,37,7,1590,1,11,-1,-1
201401ZD31189,2,9,0,4,0,1,0,0,0,0,1,1,6,2,58,9,1968,2,8,8,1
201401ZD31191,1,11,0,4,0,2,0,0,0,0,0,1,1,1,31,6,6700,2,6,7,1
201401ZD31192,1,9,0,18,0,1,0,0,0,0,1,1,6,1,37,7,-1,-1,-1,9,1
201401ZD31194,1,19,0,5,0,1,0,0,0,0,1,1,1,1,42,7,1995,2,3,3,1
201401ZD31194,2,8,0,5,0,1,0,0,0,0,2,1,1,1,32,6,1797,8,4,4,1
201401ZD31196,1,9,0,7,0,8,0,0,0,0,3,1,6,3,-1,-1,-1,-1,-1,-1,-1
201401ZD31196,2,4,0,17,0,8,0,0,0,0,1,1,6,1,24,5,-1,-1,-1,5,1
201401ZD39001,1,19,0,7,0,8,0,0,0,0,3,1,1,1,33,6,2198,2,7,-1,-1
201401ZD39001,2,9,0,18,0,8,0,0,0,0,1,1,6,2,45,7,1794,1,12,7,1
201401ZD39002,1,3,0,18,0,0,0,0,0,0,1,1,1,1,28,6,124,1,2,5,1
201401ZD39002,2,9,0,1,0,0,0,0,0,0,4,1,1,1,26,6,-1,-1,-1,-1,-1
201401ZD39003,1,21,0,4,0,1,0,0,0,0,1,1,1,1,53,8,10837,2,2,-1,-1
201401ZD39003,2,9,0,4,0,1,0,0,0,0,2,1,6,1,62,9,-1,-1,-1,-1,-1
201401ZD39004,1,9,0,4,0,1,0,0,0,0,2,1,6,1,45,7,1699,1,9,8,1
201401ZD39004,2,9,0,4,0,1,0,0,0,0,1,1,6,1,64,9,1798,1,11,9,1
201401ZD39005,1,9,0,7,0,8,0,0,0,0,3,1,6,1,39,7,1560,2,1,3,1
201401ZD39005,2,1,0,18,0,8,0,0,0,0,1,1,6,2,25,5,-1,-1,-1,4,1
201401ZD39006,1,9,0,18,0,1,0,0,0,0,3,1,6,2,42,7,1896,2,7,3,1
201401ZD39006,2,9,0,11,0,1,0,0,0,0,4,1,6,2,56,9,1598,1,2,3,1
201401ZD39007,1,9,0,18,0,1,0,0,0,0,1,1,6,2,47,8,1598,1,11,-1,-1
201401ZD39009,1,9,0,18,0,8,0,0,0,0,1,1,6,2,18,4,1400,1,13,5,1
201401ZD39009,2,9,0,7,0,8,0,0,0,0,3,1,6,1,19,4,-1,-1,-1,-1,-1
201401ZD39010,1,3,0,18,0,8,0,0,0,0,1,1,6,2,24,5,-1,-1,-1,7,1
201401ZD39010,2,9,0,7,0,8,0,0,0,0,3,1,6,3,-1,-1,-1,-1,-1,-1,-1
201401ZD39017,1,9,0,18,0,1,0,0,0,0,1,1,6,1,21,5,1798,1,9,4,1
201401ZD39018,1,9,0,9,0,8,0,0,0,0,3,1,1,1,21,5,2521,1,4,3,1
201401ZD39018,2,3,0,13,0,8,0,0,0,0,1,1,6,1,22,5,124,1,1,2,1
201401ZD39049,1,19,0,13,0,1,0,0,0,0,1,1,1,1,72,10,2464,2,5,7,1
201401ZD39049,2,11,0,18,0,1,0,0,0,0,2,1,1,1,59,9,9200,2,11,4,1
201401ZD39057,1,9,0,18,0,1,0,10,1,2,1,1,6,2,24,5,1390,1,13,-1,1
201401ZD39062,1,9,0,18,0,1,0,0,0,0,1,1,6,1,26,6,1299,1,13,5,1
201401ZD39071,1,3,0,18,0,1,0,0,0,0,2,1,6,1,22,5,124,1,7,-1,1
201401ZD39071,2,11,0,5,0,1,0,0,0,0,1,1,1,2,-1,-1,-1,-1,-1,-1,-1
201401ZD39072,1,19,0,5,0,1,0,0,0,0,1,1,6,1,-1,-1,-1,-1,-1,-1,-1
201401ZD39073,1,9,0,4,0,1,0,0,0,0,1,1,6,1,17,4,1598,1,8,6,1
201401ZD39073,2,9,0,4,0,1,0,0,0,0,2,1,6,2,38,7,1364,2,5,4,1
201401ZD39075,1,9,0,18,0,1,0,0,0,0,2,1,6,2,19,4,1229,1,2,2,1
201401ZD39075,2,9,0,18,0,1,0,0,0,0,1,1,6,1,18,4,1197,1,-1,-1,1
201401ZD39076,1,19,0,4,0,1,0,0,0,0,1,1,1,1,35,6,2198,2,-1,5,1
201401ZD39076,2,9,0,3,0,1,0,0,0,0,2,1,6,1,54,8,1997,1,7,5,1
201401ZD39076,3,9,0,3,0,1,0,0,0,0,2,1,6,1,39,7,1587,1,9,4,1
201401ZD39077,1,9,0,3,0,1,0,0,0,0,2,1,6,2,51,8,1390,1,12,6,1
201401ZD39077,2,9,0,4,0,1,0,0,0,0,1,1,6,3,-1,-1,2400,2,4,-1,-1
201401ZD39085,1,9,0,18,0,8,0,10,3,10,1,1,6,1,-1,-1,1389,1,20,-1,-1
201401ZD39088,1,9,0,3,0,1,0,0,0,0,2,1,6,1,63,9,1796,1,12,6,1
201401ZD39088,2,19,0,4,0,1,0,0,0,0,1,1,1,1,20,4,1686,2,13,3,1
201401ZD39090,1,9,0,9,0,2,0,0,0,0,1,1,6,1,54,8,1229,1,5,3,1
201401ZD39096,1,9,0,18,0,8,0,0,0,0,2,1,6,1,23,5,1596,1,4,-1,1
201401ZD39096,2,3,0,3,0,8,0,0,0,0,1,1,1,1,25,5,125,1,3,4,1
201401ZD39104,1,9,0,3,0,1,0,0,0,0,2,1,6,2,33,6,1596,1,12,-1,-1
201401ZD39104,2,9,0,4,0,1,0,0,0,0,1,1,6,2,44,7,1995,1,12,-1,-1
201401ZD39115,1,9,0,18,0,8,0,0,0,0,4,1,6,1,23,5,1493,1,19,3,1
201401ZD39177,1,9,0,18,0,1,0,0,0,0,1,1,6,3,-1,-1,-1,-1,-1,-1,-1
201401ZD39181,1,11,0,18,0,0,0,0,0,0,0,1,1,1,51,8,9200,2,11,2,1
201401ZD39222,1,9,0,18,0,8,0,0,0,0,1,1,6,1,-1,-1,1587,1,14,4,1
201401ZT80003,1,9,0,18,0,1,0,0,0,0,1,1,6,3,-1,-1,-1,-1,-1,-1,-1
201401ZT80005,1,5,0,18,0,0,0,11,0,0,1,1,6,1,48,8,599,1,14,8,1
201401ZT80006,1,9,0,18,0,8,0,0,0,0,1,1,6,2,59,9,1796,1,11,9,1
201401ZT80006,2,9,0,9,0,8,0,0,0,0,4,1,6,1,52,8,1493,1,18,7,1
201401ZT80007,1,9,0,18,0,1,0,0,0,0,1,1,6,2,51,8,1368,1,10,4,1
201401ZT80009,1,9,0,4,0,1,0,0,0,0,2,1,6,2,35,6,1396,1,3,7,1
201401ZT80009,2,9,0,4,0,1,0,0,0,0,2,1,6,1,36,7,1686,2,10,2,1
201401ZT80009,3,9,0,4,0,1,0,0,0,0,1,1,6,2,29,6,1497,8,5,4,1
201401ZT80013,1,19,0,18,0,2,0,0,0,0,1,1,1,1,40,7,1995,2,3,-1,-1
201401ZT80013,2,9,0,6,0,1,0,0,0,0,3,1,6,2,29,6,1998,1,9,8,1
201401ZT80014,1,9,0,18,0,0,0,4,0,0,1,1,6,1,27,6,-1,-1,-1,6,1
201401ZT80014,2,9,0,2,0,0,0,0,0,0,2,1,6,1,39,7,-1,-1,-1,10,1
201401ZT80015,1,9,0,18,0,1,0,0,0,0,1,1,6,1,78,11,1497,8,1,4,1
201401ZT80016,1,9,0,18,0,8,0,0,0,0,1,1,6,2,-1,-1,1796,1,20,3,1
201401ZT80016,2,9,0,7,0,8,0,0,0,0,1,1,6,1,-1,-1,1995,1,7,2,1
201401ZT80017,1,19,0,4,0,1,0,0,0,0,3,1,1,1,36,7,1753,2,6,8,1
201401ZT80017,2,9,0,4,0,1,0,0,0,0,1,1,6,1,37,7,1560,2,1,8,1
201401ZT80018,1,9,0,1,0,0,0,0,0,0,2,1,6,2,35,6,1240,1,4,9,1
201401ZT80019,1,9,0,18,0,1,0,0,0,0,1,1,6,1,59,9,1910,2,6,-1,-1
201401ZT80022,1,3,0,18,0,1,0,0,0,0,1,1,6,1,35,6,124,1,12,8,1
201401ZT80022,2,9,0,6,0,2,0,0,0,0,3,1,6,1,22,5,1368,1,4,-1,-1
201401ZT80024,1,9,0,13,0,1,0,0,0,0,1,1,6,2,35,6,1390,1,12,8,1
201401ZT80024,2,1,0,18,0,1,0,0,0,0,2,1,6,2,31,6,-1,-1,-1,3,1
201401ZT80025,1,9,0,4,0,1,0,0,0,0,1,1,6,1,23,5,1229,1,3,10,1
201401ZT80025,2,9,0,4,0,1,0,0,0,0,2,1,6,1,50,8,3596,1,8,9,1
201401ZT80026,1,9,0,18,9,1,0,10,0,0,1,1,6,1,-1,-1,1998,1,12,-1,-1
201401ZT80027,1,19,0,18,0,1,0,0,0,0,1,1,1,1,47,8,2460,2,5,8,1
201401ZT80028,1,9,0,18,0,8,0,0,0,0,4,1,6,2,22,5,998,1,6,6,1
201401ZT80028,2,9,0,18,0,8,0,0,0,0,1,1,6,3,-1,-1,1796,1,13,-1,-1
201401ZT80029,1,20,0,18,0,1,0,0,0,0,0,1,1,1,56,9,-1,-1,-1,-1,-1
201401ZT80030,1,9,0,5,0,0,0,0,0,0,3,1,6,1,21,5,1995,2,6,-1,1
201401ZT80030,2,4,0,18,0,0,0,0,0,0,1,1,6,1,41,7,599,1,2,-1,-1
201401ZT80031,1,9,0,18,0,8,0,0,0,0,4,1,6,1,45,7,1998,2,2,8,2
201401ZT80031,2,9,0,18,0,8,0,0,0,0,1,1,6,1,45,7,-1,-1,-1,-1,-1
201401ZT80032,1,9,0,18,0,0,0,0,0,0,1,1,6,1,58,9,1598,1,8,9,1
201401ZT80033,1,11,0,2,0,1,0,0,0,0,0,1,1,1,56,9,6700,2,5,-1,-1
201401ZT80034,1,9,0,18,0,8,0,0,0,0,4,1,6,1,20,4,1242,1,9,-1,1
201401ZT80034,2,9,0,7,0,8,0,0,0,0,1,1,6,2,-1,-1,1598,1,6,9,1
201401ZT80035,1,9,0,7,0,8,0,0,0,0,3,1,6,1,-1,-1,1997,1,9,5,1
201401ZT80035,2,9,0,18,0,8,0,0,0,0,1,1,1,2,28,6,1598,1,11,3,1
201401ZT80038,1,9,0,3,0,0,0,0,0,0,2,1,6,2,44,7,1396,1,9,3,1
201401ZT80038,2,19,0,5,0,0,0,0,0,0,1,1,6,1,-1,-1,-1,-1,-1,-1,-1
201401ZT80039,1,9,0,12,0,2,0,0,0,0,3,1,6,1,26,6,2171,1,12,10,1
201401ZT80039,2,9,0,18,0,2,0,0,0,0,4,1,6,1,43,7,1796,1,15,7,2
201401ZT80041,1,11,0,18,0,1,0,0,0,0,1,1,1,1,41,7,4500,2,5,-1,-1
201401ZT80042,1,9,0,18,0,8,0,0,0,0,3,1,6,1,56,9,1388,1,14,7,1
201401ZT80042,2,90,0,18,0,8,0,0,0,0,1,1,1,1,-1,-1,-1,-1,-1,-1,-1
201401ZT80044,1,9,0,4,0,1,0,0,0,0,2,1,6,2,43,7,1991,2,8,8,1
201401ZT80044,2,9,0,4,0,1,0,0,0,0,1,1,6,2,-1,-1,1796,1,10,-1,-1
201401ZT80048,1,9,0,18,0,1,0,0,0,0,1,1,6,1,36,7,1198,1,4,5,1
201401ZT80048,2,9,0,3,0,1,0,0,0,0,2,1,6,1,67,10,1598,1,11,6,1
201401ZT80049,1,9,0,1,0,0,0,0,0,0,2,1,6,1,60,9,1896,2,10,3,1
201401ZT80050,1,9,0,18,0,8,0,0,0,0,1,1,6,2,47,8,2967,2,2,-1,1
201401ZT80050,2,1,0,18,0,8,0,0,0,0,4,1,6,1,41,7,-1,-1,-1,9,1
201401ZT80051,1,9,0,7,0,8,0,0,0,0,3,1,6,2,55,8,1798,1,5,5,1
201401ZT80051,2,9,0,18,0,8,0,0,0,0,1,1,6,3,-1,-1,-1,-1,-1,-1,-1
201401ZT80052,1,9,0,18,0,8,0,0,0,0,4,1,6,1,27,6,1360,1,13,5,1
201401ZT80052,2,9,0,9,0,8,0,0,0,0,1,1,6,2,27,6,1497,8,6,6,1
201401ZT80055,1,9,0,9,0,8,0,0,0,0,2,1,6,1,50,8,1560,2,7,5,1
201401ZT80055,2,9,0,18,0,8,0,0,0,0,1,1,6,1,33,6,1390,1,11,8,1
201401ZT80056,1,9,0,9,0,8,0,0,0,0,1,1,6,2,40,7,2497,2,12,6,1
201401ZT80056,2,5,0,18,0,8,0,0,0,0,4,1,6,1,30,6,599,1,8,-1,-1
201401ZT80057,1,9,0,18,0,1,0,0,0,0,1,1,6,1,33,6,1910,2,6,5,1
201401ZT80058,1,9,0,18,0,1,0,0,0,0,4,1,6,2,31,6,1299,1,13,10,1
201401ZT80059,1,9,0,4,0,1,0,0,0,0,2,1,6,2,36,7,1995,2,9,3,1
201401ZT80059,2,1,0,4,0,2,0,0,0,0,1,1,6,1,21,5,-1,-1,-1,-1,-1
201401ZT80061,1,9,0,18,0,1,0,4,0,0,1,1,1,1,31,6,1596,1,6,4,1
201401ZT80061,2,9,0,2,0,1,0,0,0,0,2,1,6,1,51,8,1332,1,16,7,1
201401ZT80062,1,11,0,4,0,1,0,0,0,0,0,1,1,1,52,8,4250,2,2,3,1
201401ZT80063,1,9,0,9,0,8,0,0,0,0,3,1,6,1,42,7,-1,-1,-1,6,1
201401ZT80063,2,3,0,13,0,8,0,0,0,0,4,1,6,1,54,8,125,1,4,10,1
201401ZT80065,1,9,0,5,0,1,0,0,0,0,1,1,6,2,55,8,1769,1,9,-1,-1
201401ZT80066,1,9,0,4,0,1,0,0,0,0,1,1,6,1,-1,-1,-1,-1,-1,6,1
201401ZT80066,2,9,0,3,0,1,0,0,0,0,2,1,6,2,32,6,1598,1,7,8,1
201401ZT80067,1,9,0,18,0,1,0,0,0,0,2,1,6,2,38,7,2497,2,11,7,1
201401ZT80067,2,9,0,18,0,1,0,0,0,0,1,1,6,1,35,6,1896,2,9,3,1
201401ZT80068,1,9,0,4,0,1,0,0,0,0,2,1,6,1,30,6,1994,2,11,6,1
201401ZT80068,2,9,0,4,0,1,0,0,0,0,1,1,6,2,20,4,1598,1,1,7,1