Accident_Index,Vehicle_Reference,Vehicle_Type,Towing_and_Articulation,Vehicle_Manoeuvre,Vehicle_Location-Restricted_Lane,Junction_Location,Skidding_and_Overturning,Hit_Object_in_Carriageway,Vehicle_Leaving_Carriageway,Hit_Object_off_Carriageway,1st_Point_of_Impact,Was_Vehicle_Left_Hand_Drive?,Journey_Purpose_of_Driver,Sex_of_Driver,Age_of_Driver,Age_Band_of_Driver,Engine_Capacity_(CC),Propulsion_Code,Age_of_Vehicle,Driver_IMD_Decile,Driver_Home_Area_Type
201401ZT80069,1,11,0,18,0,1,0,0,0,0,1,1,1,3,-1,-1,-1,-1,-1,-1,-1
201401ZT80070,1,9,0,18,0,1,0,0,0,0,1,1,6,2,32,6,1149,1,1,8,1
201401ZT80071,1,9,0,18,0,8,0,10,3,10,1,1,6,2,23,5,1388,1,5,4,1
201401ZT80071,2,9,0,7,0,8,0,0,0,0,0,1,6,3,-1,-1,-1,-1,-1,-1,-1
201401ZT80073,1,9,0,9,0,8,0,0,0,0,3,1,6,1,57,9,1905,2,15,1,1
201401ZT80073,2,9,0,18,0,8,0,0,0,0,1,1,6,2,44,7,1796,1,15,9,1
201401ZT80074,1,9,0,17,0,8,0,0,0,0,1,1,6,2,39,7,1753,2,12,2,1
201401ZT80074,2,9,0,7,0,8,0,0,0,0,3,1,6,1,70,10,-1,-1,-1,9,1
201401ZT80075,1,9,0,18,0,1,0,0,0,0,2,1,6,2,55,8,-1,-1,-1,10,1
201401ZT80075,2,20,0,18,0,1,0,0,0,0,1,1,1,1,-1,-1,5880,2,8,-1,-1
201401ZT80077,1,9,0,3,0,2,0,0,0,0,2,1,6,1,34,6,1339,8,7,8,1
201401ZT80077,2,9,0,4,0,2,0,0,0,0,1,1,6,3,-1,-1,-1,-1,-1,-1,-1
201401ZT80079,1,5,0,18,0,8,0,0,0,0,1,1,6,1,42,7,647,1,8,4,1
201401ZT80079,2,9,0,7,0,8,0,0,0,0,3,1,1,1,60,9,1995,2,5,-1,-1
201401ZT80081,1,9,0,18,0,1,0,10,1,2,1,1,6,1,33,6,1998,1,16,8,1
201401ZT80081,2,20,0,18,0,2,0,0,0,0,0,1,6,3,-1,-1,-1,-1,-1,-1,-1
201401ZT80082,1,9,0,18,0,8,0,0,0,0,1,1,6,1,51,8,1998,2,9,3,1
201401ZT80082,2,9,0,7,0,8,0,0,0,0,3,1,6,2,27,6,1590,1,15,6,1
201401ZT80083,1,5,0,18,0,1,0,0,0,0,1,1,6,1,36,7,865,1,9,-1,-1
201401ZT80083,2,9,0,9,0,2,0,0,0,0,4,1,6,1,76,11,1596,1,6,-1,-1
201401ZT80084,1,9,0,4,0,8,0,0,0,0,2,1,6,1,33,6,2597,1,11,-1,-1
201401ZT80084,2,9,0,4,0,8,0,0,0,0,1,1,6,1,22,5,1896,2,11,6,1
201401ZT80085,1,1,0,18,0,2,0,0,0,0,1,1,6,2,51,8,-1,-1,-1,9,1
201401ZT80087,1,1,0,18,0,8,0,0,0,0,1,1,6,1,33,6,-1,-1,-1,5,1
201401ZT80087,2,9,0,18,0,8,0,0,0,0,3,1,6,2,26,6,1242,1,7,-1,-1
201401ZT80088,1,9,0,5,0,8,0,0,0,0,3,1,6,2,25,5,1108,1,7,-1,-1
201401ZT80088,2,5,0,18,0,8,0,0,0,0,1,1,6,1,55,8,499,1,10,10,1
201401ZT80089,1,9,0,18,0,2,0,0,0,0,1,1,6,3,-1,-1,-1,-1,-1,-1,-1
201401ZT80090,1,1,0,4,0,8,0,0,0,0,1,1,6,1,35,6,-1,-1,-1,7,1
201401ZT80090,2,9,0,7,0,8,0,0,0,0,3,1,6,3,-1,-1,-1,-1,-1,-1,-1
201401ZT80091,1,11,0,7,0,8,0,0,0,0,0,1,1,3,-1,-1,-1,-1,-1,-1,-1
201401ZT80092,1,9,0,18,0,2,0,7,0,0,1,1,6,2,18,4,1998,2,13,6,1
201401ZT80093,1,9,0,3,0,1,0,0,0,0,2,1,6,2,34,6,1242,1,10,9,1
201401ZT80093,2,9,0,3,0,1,0,0,0,0,2,1,6,1,33,6,998,1,18,-1,-1
201401ZT80093,3,9,0,4,0,1,0,0,0,0,1,1,6,2,79,11,2926,2,8,7,1
201401ZT80094,1,9,0,18,0,2,0,0,0,0,1,1,6,2,20,4,1242,1,4,-1,-1
201401ZT80096,1,9,0,4,0,8,0,0,0,0,2,1,6,1,44,7,1600,1,14,7,1
201401ZT80096,2,8,0,4,0,8,0,0,0,0,1,1,6,1,-1,-1,2143,2,2,-1,-1
201401ZT80097,1,9,0,18,0,8,0,0,0,0,1,1,6,2,34,6,1598,1,12,7,2
201401ZT80097,2,3,0,7,0,8,0,4,0,0,4,1,1,2,19,4,125,1,10,4,1
201401ZT80097,3,9,0,2,0,1,0,0,0,0,1,1,1,2,-1,-1,-1,-1,-1,-1,-1
201401ZT80099,1,9,0,3,0,1,0,0,0,0,2,1,6,2,41,7,-1,-1,-1,8,1
201401ZT80099,2,9,0,3,0,1,0,0,0,0,2,1,6,1,-1,-1,1998,1,8,6,1
201401ZT80099,3,9,0,3,0,1,0,0,0,0,1,1,6,2,33,6,1240,1,11,-1,-1
201401ZT80102,1,9,0,18,0,8,0,0,0,0,1,1,6,2,42,7,1997,2,8,2,1
201401ZT80102,2,9,0,9,0,8,0,0,0,0,4,1,6,3,-1,-1,-1,-1,-1,-1,-1
201401ZT80103,1,19,0,9,0,8,0,0,0,0,3,1,1,1,45,7,1968,2,7,-1,-1
201401ZT80103,2,9,0,18,0,8,0,0,0,0,1,1,6,1,27,6,1995,2,1,8,1
201401ZT80104,1,2,0,4,0,1,0,0,0,0,0,1,6,1,16,4,50,1,13,6,1
201401ZT80105,1,9,0,18,0,1,0,0,0,0,1,1,6,1,43,7,1497,8,7,-1,-1
201401ZT80105,2,9,0,5,0,1,0,0,0,0,3,1,6,2,22,5,1229,1,2,3,1
201401ZT80106,1,9,0,18,0,1,0,0,0,0,1,1,6,1,43,7,2987,2,3,-1,-1
201401ZT80107,1,11,0,18,0,8,0,0,0,0,1,1,1,1,44,7,11967,2,7,5,1
201401ZT80107,2,9,0,9,0,8,0,0,0,0,3,1,6,1,53,8,-1,-1,-1,-1,-1
201401ZT80108,1,20,0,18,0,1,0,0,0,0,1,1,1,1,46,8,2143,2,3,-1,-1
201401ZT80108,2,21,0,18,0,2,0,0,0,0,1,1,1,1,46,8,4461,2,3,2,1
201401ZT80110,1,19,0,4,0,1,0,0,0,0,1,1,1,1,44,7,2143,2,2,2,1
201401ZT80110,2,9,0,3,0,1,0,0,0,0,2,1,6,2,40,7,1796,1,6,6,1
201401ZT80111,1,9,0,4,0,1,0,0,0,0,1,1,6,2,42,7,1560,2,8,-1,-1
201401ZT80111,2,9,0,4,0,1,0,0,0,0,2,1,1,1,33,6,1896,2,9,7,1
201401ZT80111,3,9,0,4,0,1,0,0,0,0,2,1,6,2,25,5,1388,1,11,2,1
201401ZT80111,4,9,0,4,0,1,0,0,0,0,2,1,6,1,26,6,1590,1,9,5,1
201401ZT80112,1,9,0,18,0,8,0,0,0,0,3,1,6,1,78,11,1596,1,12,8,1
201401ZT80112,2,1,0,18,0,8,0,0,0,0,1,1,6,1,49,8,-1,-1,-1,6,1
201401ZT80113,1,9,0,18,0,8,0,0,0,0,3,1,6,1,31,6,2179,2,-1,9,1
201401ZT80113,2,9,0,18,0,8,0,10,8,7,1,1,6,1,25,5,2143,2,5,3,1
201401ZT80114,1,9,0,18,0,0,0,0,0,0,1,1,6,3,-1,-1,-1,-1,-1,-1,-1
201401ZT80115,1,9,0,18,0,8,0,0,0,0,3,1,6,2,52,8,1596,1,7,8,1
201401ZT80115,2,9,0,18,0,8,0,0,0,0,1,1,6,2,29,6,1796,1,6,4,1
201401ZT80116,1,9,0,18,0,1,0,0,0,0,2,1,6,2,43,7,2993,2,6,3,1
201401ZT80116,2,9,0,18,0,1,0,0,0,0,1,1,6,3,-1,-1,2993,2,6,-1,-1
201401ZT80117,1,9,0,18,0,8,0,0,0,0,3,1,6,1,34,6,1389,1,10,8,1
201401ZT80117,2,9,0,18,0,8,0,0,0,0,1,1,6,1,32,6,1984,1,-1,-1,-1
201401ZT80118,1,3,0,4,0,1,0,0,0,0,0,1,1,1,46,8,125,1,6,-1,-1
201401ZT80119,1,9,0,2,0,1,0,0,0,0,3,1,6,2,26,6,1229,1,2,7,1
201401ZT80119,2,1,0,14,0,1,0,8,0,0,1,1,6,1,36,7,-1,-1,-1,-1,-1
201401ZT80120,1,9,0,7,0,8,0,0,0,0,3,1,6,2,19,4,1299,1,8,9,1
201401ZT80120,2,9,0,18,0,8,0,0,0,0,1,1,6,2,27,6,1389,1,11,8,1
201401ZT80121,1,9,0,18,0,8,0,0,0,0,1,1,6,1,36,7,1497,8,9,7,1
201401ZT80121,2,9,0,9,0,8,0,0,0,0,1,1,6,1,47,8,1796,1,6,3,1
201401ZT80122,1,9,0,1,0,1,0,0,0,0,3,1,1,1,53,8,2494,1,16,-1,-1
201401ZT80123,1,9,0,18,0,8,0,0,0,0,1,1,6,1,18,4,-1,-1,-1,4,1
201401ZT80123,2,9,0,9,0,8,0,0,0,0,3,1,6,1,50,8,1796,1,10,5,1
201401ZT80125,1,9,0,1,0,2,0,10,1,10,2,1,6,2,77,11,796,1,13,4,1
201401ZT80126,1,9,0,18,0,8,0,0,0,0,1,1,6,2,89,11,1360,1,8,-1,-1
201401ZT80126,2,4,0,18,0,8,0,0,0,0,4,1,6,1,35,6,659,1,4,6,1
201401ZT80127,1,11,0,18,0,1,0,0,0,0,1,1,1,1,48,8,4500,2,7,8,1
201401ZT80127,2,9,0,3,0,1,0,0,0,0,2,1,6,1,41,7,1968,2,1,8,1
201401ZT80129,1,9,0,18,0,1,0,0,0,0,0,1,6,1,23,5,-1,-1,-1,9,1
201401ZT80129,2,3,0,18,0,1,1,0,0,0,0,1,6,1,34,6,124,1,1,5,1
201401ZT80130,1,11,0,4,0,1,0,0,0,0,0,1,1,1,48,8,6700,2,7,-1,-1
201401ZT80132,1,9,0,18,0,0,0,0,0,0,4,1,6,1,-1,-1,-1,-1,-1,-1,-1
201401ZT80133,1,9,0,18,0,0,0,0,0,0,3,1,6,1,36,7,1124,1,15,10,1
201401ZT80133,2,3,0,13,0,0,0,0,0,0,4,1,6,1,20,4,-1,-1,-1,2,1
201401ZT80134,1,9,0,9,0,8,0,0,0,0,3,1,6,2,54,8,998,1,11,5,1
201401ZT80134,2,9,0,18,0,8,0,0,0,0,1,1,6,1,29,6,-1,-1,-1,8,1
201401ZT80136,1,3,0,18,0,0,1,0,0,0,0,1,6,1,19,4,124,1,2,2,1
201401ZT80137,1,9,0,18,0,0,5,0,0,0,4,1,6,1,19,4,1400,1,15,8,1
201401ZT80137,2,9,0,2,0,0,0,0,0,0,4,1,6,3,-1,-1,2494,1,11,-1,-1
201401ZT80138,1,9,0,18,0,1,0,0,0,0,4,1,6,3,-1,-1,-1,-1,-1,-1,-1
201401ZT80139,1,11,0,3,0,8,0,0,0,0,0,1,6,1,61,9,-1,-1,-1,9,1
201401ZT80140,1,9,0,2,0,0,0,0,0,0,2,1,6,3,-1,-1,1598,2,4,-1,-1
201401ZT80140,2,9,0,18,0,0,0,0,0,0,1,1,6,1,37,7,-1,-1,-1,10,1
201401ZT80141,1,9,0,18,0,8,0,0,0,0,1,1,6,2,40,7,1796,1,-1,8,1
201401ZT80141,2,9,0,18,0,8,0,0,0,0,1,1,6,1,34,6,1995,2,3,6,1
201401ZT80142,1,9,0,9,0,1,0,0,0,0,1,1,6,1,23,5,999,1,15,-1,-1
201401ZT80143,1,9,0,5,0,0,0,0,0,0,1,1,6,2,40,7,1498,1,8,3,1
201401ZT80143,2,9,0,3,0,0,0,0,0,0,2,1,6,2,-1,-1,1248,2,1,-1,-1
201401ZT80145,1,9,0,18,0,2,0,0,0,0,3,1,6,1,39,7,2148,2,8,-1,-1
201401ZT80146,1,9,0,18,0,2,0,0,0,0,1,1,6,1,47,8,1968,2,9,-1,-1
201401ZT80146,2,9,0,2,0,2,0,0,0,0,2,1,6,2,45,7,1396,2,5,1,1
201401ZT80147,1,9,0,7,0,2,0,0,0,0,1,1,6,1,54,8,-1,-1,-1,2,1
201401ZT80148,1,9,0,9,0,8,0,0,0,0,3,1,6,2,47,8,2720,2,6,10,1
201401ZT80148,2,3,0,13,0,8,0,0,0,0,1,1,6,1,32,6,124,1,2,10,1
201401ZT80149,1,11,0,7,0,8,0,0,0,0,1,1,1,1,40,7,7300,2,9,3,1
201401ZT80149,2,9,0,17,0,8,0,0,0,0,4,1,6,2,52,8,2231,2,3,6,3
201401ZT80150,1,9,0,18,0,1,0,0,0,0,3,1,6,1,35,6,1590,1,12,6,1
201401ZT80150,2,9,0,3,0,2,0,0,0,0,3,1,6,2,59,9,-1,-1,-1,5,1
201401ZT80150,3,9,0,3,0,2,0,0,0,0,3,1,6,2,51,8,1895,1,14,10,1
201401ZT80150,4,9,0,3,0,2,0,0,0,0,3,1,6,2,50,8,1398,2,4,8,1
201401ZT80152,1,9,0,18,0,8,0,0,0,0,3,1,6,2,33,6,1596,1,10,9,1
201401ZT80152,2,2,0,18,0,8,0,0,0,0,1,1,6,1,28,6,49,1,14,4,1
201401ZT80154,1,9,0,5,0,2,0,0,0,0,3,1,6,1,33,6,3189,1,8,5,1
201401ZT80154,2,9,0,18,0,2,0,0,0,0,4,1,6,1,26,6,1598,1,10,-1,-1
201401ZT80155,1,11,0,7,0,8,0,0,0,0,0,1,6,1,61,9,6700,2,5,6,1
201401ZT80155,2,9,0,7,0,8,0,0,0,0,0,1,6,3,-1,-1,-1,-1,-1,-1,-1
201401ZT80156,1,9,0,4,0,1,0,0,0,0,2,1,6,1,30,6,1598,1,9,8,1
201401ZT80156,2,2,0,4,0,1,0,0,0,0,1,1,6,1,30,6,249,1,8,-1,-1
201401ZT80157,1,9,0,9,0,8,0,0,0,0,4,1,6,2,37,7,1794,1,11,3,1
201401ZT80157,2,1,0,18,0,8,0,0,0,0,1,1,6,1,35,6,-1,-1,-1,5,1
201401ZT80158,1,9,0,18,0,1,0,0,0,0,4,1,6,1,34,6,875,1,2,7,1
201401ZT80159,1,9,0,18,0,8,0,0,0,0,1,1,6,1,42,7,2295,1,14,2,1
201401ZT80159,2,9,0,10,0,8,0,0,0,0,2,1,6,1,30,6,1560,2,8,6,1
201401ZT80160,1,5,0,18,0,1,0,0,0,0,3,1,6,1,31,6,748,1,6,6,1
201401ZT80160,2,19,0,18,0,2,0,0,0,0,3,1,6,1,45,7,-1,-1,-1,-1,-1
201401ZT80162,1,9,0,18,0,0,0,0,0,0,1,1,6,1,47,8,1598,1,6,9,1
201401ZT80162,2,19,0,18,0,0,0,0,0,0,1,1,6,1,40,7,2998,2,2,4,1
201401ZT80164,1,9,0,4,0,1,0,0,0,0,2,1,6,2,57,9,1149,1,11,-1,-1
201401ZT80164,2,8,0,4,0,1,0,0,0,0,1,1,6,1,26,6,-1,-1,-1,-1,-1
201401ZT80165,1,9,0,2,0,0,0,0,0,0,2,1,6,3,-1,-1,1461,2,1,-1,-1
201401ZT80165,2,9,0,18,0,0,0,0,0,0,1,1,6,1,51,8,2993,2,6,-1,-1
201401ZT80168,1,9,0,18,0,0,0,0,0,0,1,1,6,1,54,8,1598,1,14,9,1
201401ZT80168,2,9,0,2,0,0,0,0,0,0,2,1,6,3,-1,-1,1997,2,7,-1,-1
201401ZT80169,1,9,0,18,0,8,0,0,0,0,4,1,6,2,21,5,1388,1,9,9,1
201401ZT80169,2,9,0,9,0,8,0,0,0,0,1,1,6,2,38,7,998,1,14,9,1
201401ZT80170,1,9,0,3,0,8,0,0,0,0,2,1,6,2,34,6,1598,2,4,9,1
201401ZT80170,2,9,0,3,0,8,0,0,0,0,2,1,6,2,30,6,1587,1,9,7,1
201401ZT80170,3,9,0,3,0,8,0,0,0,0,2,1,6,1,37,7,1994,1,8,4,1
201401ZT80170,4,9,0,18,0,8,0,0,0,0,1,1,6,2,53,8,1598,1,12,6,1
201401ZT80173,1,9,0,18,0,0,0,0,0,0,3,1,6,2,45,7,1896,2,12,7,1
201401ZT80173,2,9,0,3,0,0,0,0,0,0,3,1,6,1,42,7,1984,1,17,9,1
201401ZT80173,3,9,0,18,0,0,0,0,0,0,3,1,6,1,43,7,-1,-1,-1,5,1
201401ZT80174,1,9,0,18,0,8,0,0,0,0,4,1,6,1,55,8,1686,2,7,3,1
201401ZT80174,2,9,0,9,0,8,0,0,0,0,1,1,6,1,40,7,1390,1,5,2,1
201401ZT80175,1,9,0,18,0,8,0,0,0,0,1,1,6,1,-1,-1,1795,1,8,-1,-1
201401ZT80175,2,9,0,9,0,8,0,0,0,0,1,1,6,2,22,5,1397,1,5,7,1
201401ZT80176,1,9,0,9,0,8,0,0,0,0,3,1,6,2,62,9,1596,1,4,6,1
201401ZT80176,2,2,0,13,0,8,0,0,0,0,4,1,6,1,16,4,49,1,2,3,1
201401ZT80177,1,1,0,15,0,8,0,0,0,0,1,1,6,1,39,7,-1,-1,-1,8,2
201401ZT80177,2,9,0,7,0,8,0,0,0,0,4,1,6,1,54,8,2497,2,11,9,1
201401ZT80178,1,3,0,18,0,8,0,0,0,0,0,1,6,1,58,9,-1,-1,-1,6,1
201401ZT80178,2,9,0,9,0,8,0,0,0,0,0,1,6,1,-1,-1,1339,1,5,-1,-1
201401ZT80179,1,9,0,5,0,8,0,0,0,0,3,1,6,1,55,8,1389,1,16,2,1
201401ZT80179,2,1,0,18,0,8,0,0,0,0,1,1,6,1,35,6,-1,-1,-1,8,1
201401ZT80180,1,9,0,18,0,2,0,0,0,0,1,1,1,2,-1,-1,-1,-1,-1,-1,-1
201401ZT80180,2,9,0,18,0,2,0,0,0,0,2,1,6,2,22,5,1910,2,6,-1,-1
201401ZT80182,1,9,0,9,0,8,0,0,0,0,1,1,6,2,-1,-1,-1,-1,-1,6,1
201401ZT80182,2,9,0,18,0,8,0,0,0,0,1,1,6,2,55,8,1598,1,9,3,1
201401ZT80183,1,19,0,4,0,2,0,0,0,0,1,1,6,1,39,7,1998,2,13,4,1
201401ZT80183,2,19,0,4,0,2,0,0,0,0,2,1,6,1,40,7,-1,-1,-1,3,1
201401ZT80184,1,9,0,18,0,0,0,0,0,0,1,1,6,2,38,7,1984,1,1,6,1
201401ZT80184,2,90,0,18,0,0,0,0,0,0,1,1,1,1,-1,-1,2686,2,9,-1,-1
201401ZT80185,1,19,0,3,0,1,0,0,0,0,2,1,6,1,29,6,1753,2,3,10,1
201401ZT80185,2,3,0,4,0,1,0,0,0,0,1,1,6,1,16,4,125,1,3,10,1
201401ZT80186,1,8,0,4,0,1,0,0,0,0,0,1,6,1,-1,-1,-1,-1,-1,-1,-1
201401ZT80187,1,9,0,18,0,2,0,0,0,0,1,1,6,1,43,7,1590,1,12,6,1
201401ZT80187,2,9,0,2,0,2,0,0,0,0,2,1,6,1,31,6,1968,2,6,3,1
201401ZT80188,1,9,0,18,0,1,0,0,0,0,1,1,6,2,40,7,1598,1,8,-1,-1
201401ZT80189,1,3,0,3,0,1,0,0,0,0,2,1,6,1,28,6,124,1,4,7,1
201401ZT80189,2,9,0,5,0,1,0,0,0,0,1,1,6,3,-1,-1,1598,1,13,-1,-1
201401ZT80190,1,9,0,7,0,8,0,0,0,0,3,1,6,2,66,10,1390,1,2,7,1
201401ZT80190,2,9,0,18,0,8,0,0,0,0,1,1,6,1,58,9,1560,2,10,-1,-1
201401ZT80191,1,9,0,1,0,2,0,0,0,0,4,1,6,1,41,7,-1,-1,-1,7,1
201401ZT80191,2,9,0,18,0,2,0,0,0,0,1,1,6,1,-1,-1,1598,1,14,7,1
201401ZT80193,1,4,0,18,0,8,0,0,0,0,1,1,6,1,31,6,125,1,7,4,1
201401ZT80193,2,9,0,9,0,8,0,0,0,0,4,1,6,2,66,10,1796,1,16,5,1
201401ZT80194,1,9,0,9,0,8,0,0,0,0,4,1,6,1,61,9,1198,1,3,-1,-1
201401ZT80194,2,1,0,18,0,8,0,0,0,0,1,1,6,1,34,6,-1,-1,-1,8,1
201401ZT80196,1,9,0,18,0,1,0,0,0,0,1,1,1,1,36,7,3498,1,5,9,1
201401ZT80200,1,4,0,17,0,8,0,0,0,0,2,1,6,1,35,6,1079,1,1,-1,-1
201401ZT80200,2,8,0,17,0,8,0,0,0,0,1,1,1,1,35,6,1598,1,4,7,1
201401ZT80201,1,3,0,4,0,1,0,0,0,0,1,1,6,1,20,4,125,1,6,2,1
201401ZT80201,2,20,0,3,0,1,0,0,0,0,2,1,1,1,45,7,4462,2,-1,-1,-1
201401ZT80206,1,9,0,18,0,1,0,0,0,0,1,1,6,2,29,6,1598,1,5,-1,-1
201401ZT80207,1,9,0,9,0,8,0,0,0,0,3,1,6,2,26,6,1753,2,8,-1,-1
201401ZT80207,2,1,0,18,0,8,0,0,0,0,1,1,6,1,36,7,-1,-1,-1,2,1
201401ZT80208,1,9,0,18,0,8,0,0,0,0,1,1,6,2,31,6,1149,1,12,6,1
201401ZT80208,2,9,0,9,0,8,0,0,0,0,4,1,6,1,41,7,-1,-1,-1,6,1
201401ZT80209,1,9,0,3,0,1,0,0,0,0,2,1,6,1,38,7,1995,1,11,3,1
201401ZT80209,2,9,0,5,0,1,0,0,0,0,1,1,6,2,21,5,1198,1,11,10,1
201401ZT80212,1,9,0,18,0,8,0,0,0,0,3,1,6,2,42,7,2457,1,9,8,1
201401ZT80212,2,3,0,18,0,8,0,0,0,0,1,1,6,1,18,4,125,1,2,8,1
201401ZT80213,1,9,0,4,0,8,0,0,0,0,1,1,6,1,64,9,2685,2,11,7,1
201401ZT80213,2,19,0,3,0,8,0,0,0,0,2,1,6,1,26,6,2998,2,6,3,1
201401ZT80213,3,9,0,3,0,8,0,0,0,0,2,1,6,2,26,6,1390,1,14,-1,-1
201401ZT80214,1,9,0,1,0,8,0,0,0,0,2,1,6,1,-1,-1,-1,-1,-1,-1,-1
201401ZT80215,1,9,0,18,0,8,0,0,0,0,1,1,6,1,31,6,1781,1,16,-1,-1
201401ZT80215,2,9,0,7,0,8,0,0,0,0,3,1,6,2,60,9,1598,1,8,-1,-1
201401ZT80217,1,9,0,18,0,8,0,0,0,0,1,1,6,1,30,6,1855,1,15,8,1
201401ZT80217,2,1,0,9,0,8,0,0,0,0,1,1,6,1,17,4,-1,-1,-1,8,1
201401ZT80218,1,5,0,18,0,8,0,0,0,0,1,1,6,1,28,6,-1,-1,-1,7,1
201401ZT80218,2,9,0,18,0,8,0,0,0,0,4,1,6,1,38,7,-1,-1,-1,3,1
201401ZT80219,1,9,0,9,0,8,0,0,0,0,1,1,6,2,48,8,-1,-1,-1,4,1
201401ZT80219,2,5,0,18,0,8,0,0,0,0,3,1,6,1,43,7,1157,1,11,8,1
201401ZT80220,1,8,0,11,0,1,0,0,0,0,2,1,1,1,38,7,1910,2,8,3,1
201401ZT80220,2,4,0,18,0,1,0,0,0,0,1,1,6,1,25,5,696,1,6,6,1
201401ZT80221,1,9,0,17,0,8,0,0,0,0,1,1,6,2,55,8,1242,1,14,7,1
201401ZT80221,2,9,0,10,0,8,0,0,0,0,2,1,6,2,29,6,1396,1,3,10,1
201401ZT80221,3,9,0,10,0,8,0,0,0,0,2,1,6,2,49,8,1596,1,3,4,1
201401ZT80221,4,9,0,10,0,8,0,0,0,0,2,1,6,1,33,6,1995,2,8,6,1
201401ZT80222,1,9,0,9,0,8,0,0,0,0,1,1,6,1,-1,-1,1596,1,13,6,1
201401ZT80222,2,5,0,18,0,8,0,0,0,0,1,1,6,1,39,7,800,1,1,4,1
201401ZT80223,1,9,0,3,0,2,0,0,0,0,3,1,6,2,40,7,1910,2,6,9,1
201401ZT80223,2,19,0,18,0,1,0,0,0,0,3,1,6,3,-1,-1,5880,2,6,-1,-1
201401ZT80224,1,9,0,18,0,2,0,0,0,0,1,1,6,1,26,6,1997,1,-1,8,1
201401ZT80224,2,9,0,18,0,1,0,0,0,0,1,1,6,1,-1,-1,1596,1,14,-1,-1
201401ZT80225,1,5,0,4,0,1,0,0,0,0,1,1,6,2,38,7,-1,-1,-1,9,1
201401ZT80225,2,9,0,4,0,1,0,0,0,0,2,1,6,1,52,8,1598,1,10,6,1
201401ZT80226,1,1,0,9,0,8,0,0,0,0,1,1,6,1,39,7,-1,-1,-1,-1,-1
201401ZT80226,2,9,0,9,0,8,0,0,0,0,2,1,6,1,-1,-1,-1,-1,-1,-1,-1
201401ZT80227,1,9,0,18,0,1,0,0,0,0,1,1,6,2,66,10,1339,1,6,-1,-1
201401ZT80228,1,9,0,18,0,8,0,10,1,2,1,1,6,2,21,5,1497,1,12,3,1
201401ZT80228,2,9,0,7,0,8,0,0,0,0,0,1,6,1,43,7,-1,-1,-1,4,1
201401ZT80229,1,9,0,4,0,0,0,0,0,0,1,1,6,2,33,6,1796,1,12,-1,-1
201401ZT80230,1,9,0,18,0,1,0,0,0,0,2,1,6,1,47,8,1896,2,9,2,1
201401ZT80230,2,9,0,18,0,1,0,0,0,0,1,1,6,1,-1,-1,2987,2,2,9,1
201401ZT80231,1,9,0,18,0,8,0,0,0,0,1,1,6,1,41,7,-1,-1,-1,6,1
201401ZT80231,2,9,0,7,0,8,0,0,0,0,3,1,6,1,28,6,1590,1,9,4,1
201401ZT80232,1,9,0,9,0,8,0,0,0,0,3,1,6,2,69,10,999,1,12,8,1
201401ZT80232,2,5,0,13,0,8,0,0,0,0,1,1,6,1,24,5,599,1,5,9,1
201401ZT80233,1,9,0,9,0,8,0,0,0,0,1,1,6,1,21,5,1595,1,16,-1,-1
201401ZT80233,2,19,0,18,0,8,0,0,0,0,1,1,1,1,21,5,1995,2,-1,5,1
201401ZT80235,1,9,0,9,0,8,0,0,0,0,3,1,1,1,38,7,1753,2,5,2,1
201401ZT80235,2,5,0,13,0,8,0,0,0,0,1,1,6,1,34,6,998,1,15,4,1
201401ZT80236,1,9,0,9,0,8,0,0,0,0,4,1,6,1,39,7,1998,1,14,7,1
201401ZT80236,2,1,0,18,0,8,0,0,0,0,1,1,6,1,31,6,-1,-1,-1,5,1
201401ZT80237,1,9,0,18,0,8,0,0,0,0,1,1,6,2,42,7,1461,2,9,6,1
201401ZT80237,2,1,0,9,0,8,0,0,0,0,4,1,6,2,59,9,-1,-1,-1,10,1
201401ZT80239,1,9,0,7,0,8,0,0,0,0,4,1,1,1,34,6,1598,2,1,10,1
201401ZT80239,2,9,0,18,0,8,0,0,0,0,1,1,6,2,30,6,1596,1,9,-1,-1
201401ZT80240,1,9,0,13,0,2,0,0,0,0,3,1,6,1,57,9,1796,1,10,-1,-1
201401ZT80240,2,19,0,13,0,1,0,0,0,0,4,1,6,1,-1,-1,-1,-1,-1,-1,-1
201401ZT80243,1,4,0,18,0,1,0,0,0,0,2,1,6,1,67,10,-1,-1,-1,-1,-1
201401ZT80243,2,9,0,18,0,1,0,0,0,0,1,1,6,2,-1,-1,-1,-1,-1,-1,-1
201401ZT80245,1,3,0,18,0,8,0,0,0,0,1,1,6,1,26,6,-1,-1,-1,6,1
201401ZT80246,1,9,0,18,0,1,0,0,0,0,1,1,6,3,-1,-1,-1,-1,-1,-1,-1
201401ZT80247,1,9,0,18,0,1,0,0,0,0,2,1,6,2,30,6,1587,1,15,4,1
201401ZT80247,2,9,0,18,0,1,0,0,0,0,1,1,6,1,22,5,1198,1,1,2,1
201401ZT80249,1,1,0,18,0,8,0,0,0,0,1,1,6,1,40,7,-1,-1,-1,8,1
201401ZT80249,2,9,0,7,0,8,0,0,0,0,2,1,6,1,-1,-1,1399,2,1,5,1
201401ZT80251,1,11,0,7,0,8,0,0,0,0,0,1,1,1,37,7,4500,2,3,2,1
201401ZT80253,1,9,0,9,0,8,5,0,0,0,1,1,6,2,17,4,973,1,11,8,1
201401ZT80253,2,9,0,3,0,8,0,0,0,0,3,1,1,3,-1,-1,-1,-1,-1,-1,-1
201401ZT80254,1,9,0,1,0,2,0,0,0,0,4,1,6,2,33,6,1598,1,5,9,1
201401ZT80254,2,1,0,18,0,2,0,0,0,0,1,1,6,1,12,3,-1,-1,-1,10,1
201401ZT80255,1,9,0,3,0,1,0,0,0,0,2,1,6,1,-1,-1,1998,1,9,2,1
201401ZT80255,2,19,0,4,0,1,0,0,0,0,1,1,1,1,31,6,2198,2,4,8,1
201401ZT80255,3,9,0,3,0,1,0,0,0,0,2,1,6,1,32,6,-1,-1,-1,3,1
201401ZT80256,1,20,0,18,0,1,0,0,0,0,1,1,1,1,31,6,-1,-1,-1,-1,-1
201401ZT80257,1,1,0,18,0,1,0,0,0,0,2,1,6,1,-1,-1,-1,-1,-1,-1,-1
201401ZT80257,2,9,0,13,0,1,0,0,0,0,1,1,6,3,-1,-1,-1,-1,-1,-1,-1