Accident_Index,Vehicle_Reference,Vehicle_Type,Towing_and_Articulation,Vehicle_Manoeuvre,Vehicle_Location-Restricted_Lane,Junction_Location,Skidding_and_Overturning,Hit_Object_in_Carriageway,Vehicle_Leaving_Carriageway,Hit_Object_off_Carriageway,1st_Point_of_Impact,Was_Vehicle_Left_Hand_Drive?,Journey_Purpose_of_Driver,Sex_of_Driver,Age_of_Driver,Age_Band_of_Driver,Engine_Capacity_(CC),Propulsion_Code,Age_of_Vehicle,Driver_IMD_Decile,Driver_Home_Area_Type
201401ZT80258,1,3,0,18,0,8,0,0,0,0,1,1,6,1,42,7,108,1,6,9,1
201401ZT80258,2,9,0,9,0,8,0,0,0,0,3,1,6,1,36,7,1390,1,11,8,1
201401ZT80259,1,9,0,18,0,1,0,4,0,0,1,1,6,2,75,10,1248,1,1,8,1
201401ZT80259,2,9,0,2,0,1,0,0,0,0,2,1,6,1,59,9,1798,1,2,-1,-1
201401ZT80261,1,2,0,18,0,8,0,0,0,0,1,1,6,1,23,5,124,1,17,5,1
201401ZT80261,2,9,0,9,0,8,0,0,0,0,4,1,6,3,-1,-1,2198,1,10,-1,-1
201401ZT80262,1,9,0,18,0,8,0,0,0,0,1,1,1,1,46,8,-1,-1,-1,-1,-1
201401ZT80262,2,9,0,18,0,8,0,0,0,0,4,1,1,1,64,9,1956,2,1,8,1
201401ZT80263,1,11,0,5,0,1,0,0,0,0,0,1,1,1,57,9,6700,2,5,6,1
201401ZT80265,1,9,0,18,0,8,0,0,0,0,3,1,6,2,27,6,2597,1,13,10,1
201401ZT80265,2,9,0,17,0,8,0,0,0,0,1,1,6,2,36,7,-1,-1,-1,9,1
201401ZT80266,1,9,0,18,0,8,0,0,0,0,1,1,6,1,71,10,998,1,1,2,1
201401ZT80266,2,1,0,9,0,8,0,0,0,0,4,1,6,1,39,7,-1,-1,-1,9,1
201401ZT80267,1,9,0,3,0,1,0,0,0,0,2,1,6,1,46,8,1086,1,10,7,1
201401ZT80267,2,19,0,4,0,1,0,0,0,0,1,1,6,1,-1,-1,2494,2,4,8,1
201401ZT80268,1,9,0,16,0,8,0,0,0,0,4,1,6,1,34,6,2967,2,7,6,1
201401ZT80268,2,2,0,17,0,8,0,0,0,0,3,1,6,2,16,4,-1,-1,-1,7,1
201401ZT80269,1,20,0,9,0,8,0,0,0,0,3,1,1,1,36,7,4461,2,6,5,1
201401ZT80269,2,4,0,13,0,8,0,0,0,0,4,1,6,1,23,5,1157,1,16,8,1
201401ZT80270,1,1,0,9,0,8,0,0,0,0,2,1,6,1,53,8,-1,-1,-1,-1,-1
201401ZT80270,2,9,0,9,0,8,0,0,0,0,1,1,6,1,30,6,-1,-1,-1,5,1
201401ZT80272,1,11,0,18,0,8,0,0,0,0,1,1,1,1,62,9,4500,2,7,1,1
201401ZT80272,2,9,0,9,0,8,0,0,0,0,4,1,1,1,26,6,1797,8,3,-1,-1
201401ZT80273,1,9,0,18,0,8,0,0,0,0,1,1,6,1,50,8,1332,1,15,6,1
201401ZT80273,2,9,0,7,0,8,0,0,0,0,3,1,6,1,48,8,2148,2,12,9,1
201401ZT80274,1,9,0,18,0,8,0,0,0,0,1,1,6,1,21,5,1988,1,10,-1,-1
201401ZT80274,2,9,0,18,0,8,0,0,0,0,2,1,6,2,19,4,1124,1,15,-1,-1
201401ZT80275,1,9,0,7,0,8,0,0,0,0,3,1,6,2,30,6,2993,2,1,9,1
201401ZT80275,2,5,0,18,0,8,0,0,0,0,1,1,6,1,-1,-1,745,1,-1,4,1
201401ZT80276,1,5,0,18,0,8,0,0,0,0,1,1,6,1,48,8,865,1,2,8,1
201401ZT80276,2,19,0,7,0,8,0,0,0,0,3,1,1,2,24,5,2402,2,3,-1,-1
201401ZT80277,1,9,0,18,0,1,0,10,1,5,1,1,6,1,-1,-1,-1,-1,-1,9,1
201401ZT80278,1,9,0,9,0,8,0,0,0,0,4,1,1,1,44,7,-1,-1,-1,3,1
201401ZT80278,2,9,0,18,0,8,0,0,0,0,1,1,6,1,62,9,1796,1,14,-1,-1
201401ZT80279,1,9,0,18,0,2,0,0,0,0,1,1,6,1,45,7,1242,1,9,8,1
201401ZT80279,2,1,0,18,0,2,0,0,0,0,3,1,6,1,21,5,-1,-1,-1,9,1
201401ZT80280,1,9,0,18,0,1,0,4,0,0,1,1,6,1,25,5,-1,-1,-1,10,1
201401ZT80280,2,9,0,2,0,1,0,0,0,0,2,1,6,1,32,6,1299,1,9,10,1
201401ZT80281,1,1,0,14,0,1,0,0,0,0,1,1,6,1,27,6,-1,-1,-1,10,1
201401ZT80281,2,9,0,5,0,1,0,0,0,0,3,1,6,1,-1,-1,-1,-1,-1,-1,-1
201401ZT80282,1,9,0,7,0,8,0,0,0,0,3,1,6,1,35,6,2183,2,4,7,1
201401ZT80282,2,3,0,18,0,8,0,0,0,0,1,1,6,1,34,6,999,1,4,5,1
201401ZT80283,1,11,0,4,0,1,0,0,0,0,0,1,1,3,-1,-1,-1,-1,-1,-1,-1
201401ZT80285,1,9,0,18,0,1,0,0,0,0,1,1,6,3,-1,-1,-1,-1,-1,-1,-1
201401ZT80286,1,11,0,3,0,1,0,0,0,0,2,1,1,1,47,8,6700,2,5,-1,-1
201401ZT80286,2,19,0,3,0,1,0,0,0,0,2,1,6,1,41,7,2402,2,7,-1,-1
201401ZT80286,3,20,0,4,0,1,0,0,0,0,1,1,1,1,37,7,10837,2,5,3,1
201401ZT80287,1,9,0,9,0,8,0,0,0,0,4,1,6,1,25,5,1596,1,12,-1,-1
201401ZT80287,2,8,0,18,0,8,0,0,0,0,1,1,1,1,50,8,-1,-1,-1,-1,-1
201401ZT80288,1,9,0,3,0,1,0,0,0,0,2,1,6,2,29,6,1390,1,4,9,1
201401ZT80288,2,2,0,4,0,1,0,0,0,0,1,1,6,1,34,6,96,1,6,3,1
201401ZT80291,1,9,0,4,0,1,0,0,0,0,1,1,6,2,28,6,973,1,12,-1,-1
201401ZT80291,2,9,0,4,0,1,0,0,0,0,2,1,6,1,-1,-1,3000,1,11,7,1
201401ZT80292,1,3,0,18,0,1,0,0,0,0,2,1,6,1,22,5,125,1,14,3,1
201401ZT80292,2,9,0,13,0,1,0,0,0,0,1,1,6,3,-1,-1,-1,-1,-1,-1,-1
201401ZT80293,1,11,0,4,0,1,0,0,0,0,0,1,1,1,56,9,6700,2,6,8,1
201401ZT80294,1,9,0,7,0,8,0,0,0,0,3,1,1,1,38,7,1400,1,10,-1,-1
201401ZT80294,2,9,0,18,0,8,0,0,0,0,1,1,1,1,39,7,2993,2,1,-1,1
201401ZT80296,1,9,0,3,0,1,0,0,0,0,2,1,6,2,48,8,1998,1,9,9,1
201401ZT80296,2,9,0,4,0,1,0,0,0,0,1,1,6,1,43,7,2180,2,17,4,1
201401ZT80298,1,19,0,2,0,1,0,0,0,0,2,1,1,1,24,5,2198,2,2,6,1
201401ZT80298,2,9,0,18,0,1,0,4,0,0,1,1,6,2,43,7,1598,1,13,-1,-1
201401ZT80299,1,3,0,18,0,8,0,0,0,0,1,1,6,1,17,4,124,1,-1,-1,1
201401ZT80299,2,9,0,7,0,8,0,0,0,0,3,1,6,2,42,7,1229,1,9,7,1
201401ZT80300,1,9,0,7,0,2,0,0,0,0,4,1,1,1,62,9,1995,2,11,-1,-1
201401ZT80300,2,1,0,18,0,2,0,0,0,0,1,1,6,1,54,8,-1,-1,-1,9,1
201401ZT80301,1,9,0,9,0,8,0,0,0,0,4,1,1,1,53,8,1582,2,3,6,1
201401ZT80301,2,11,0,18,0,8,0,0,0,0,1,1,1,1,63,9,4500,2,5,2,1
201401ZT80302,1,9,0,4,0,8,0,0,0,0,2,1,6,1,22,5,1596,1,14,9,1
201401ZT80302,2,9,0,18,0,8,0,0,0,0,1,1,6,1,-1,-1,-1,-1,-1,-1,-1
201401ZT80303,1,3,0,4,0,1,0,0,0,0,0,1,6,2,28,6,124,1,1,6,1
201401ZT80306,1,9,0,5,0,1,0,0,0,0,1,1,6,1,19,4,998,1,10,8,1
201401ZT80306,2,3,0,3,0,1,0,0,0,0,2,1,6,1,26,6,125,1,10,-1,-1
201401ZT80307,1,9,0,18,0,1,0,0,0,0,1,1,6,2,29,6,1598,1,11,-1,-1
201401ZT80307,2,1,0,12,0,1,0,0,0,0,2,1,6,1,13,3,-1,-1,-1,2,1
201401ZT80309,1,19,0,4,0,1,0,0,0,0,1,1,1,1,28,6,-1,-1,-1,-1,-1
201401ZT80309,2,9,0,3,0,1,0,0,0,0,2,1,1,1,49,8,-1,-1,-1,5,3
201401ZT80309,3,9,0,3,0,1,0,0,0,0,2,1,6,2,42,7,1994,2,14,5,1
201401ZT80309,4,9,0,3,0,1,0,0,0,0,2,1,6,2,50,8,1598,1,6,3,1
201401ZT80310,1,9,0,18,0,1,0,0,0,0,1,1,6,1,60,9,-1,-1,-1,5,1
201401ZT80312,1,9,0,18,0,8,0,0,0,0,2,1,6,2,34,6,1086,1,9,3,1
201401ZT80312,2,9,0,18,0,8,0,0,0,0,1,1,6,3,-1,-1,1560,2,5,-1,-1
201401ZT80313,1,9,0,4,0,1,0,0,0,0,1,1,6,2,82,11,1582,2,1,9,1
201401ZT80313,2,9,0,3,0,1,0,0,0,0,2,1,6,2,50,8,-1,-1,-1,-1,-1
201401ZT80315,1,9,0,7,0,8,0,0,0,0,3,1,6,1,-1,-1,1400,1,14,6,3
201401ZT80315,2,4,0,18,0,8,0,0,0,0,1,1,6,1,47,8,124,1,12,-1,-1
201401ZT80316,1,1,0,18,0,8,0,0,0,0,1,1,6,1,50,8,-1,-1,-1,4,2
201401ZT80316,2,9,0,7,0,8,0,0,0,0,3,1,6,1,72,10,1596,1,1,-1,-1
201401ZT80319,1,9,0,18,0,1,0,0,0,0,1,1,6,2,32,6,1339,1,10,7,1
201401ZT80321,1,9,0,9,0,8,0,0,0,0,3,1,1,1,25,5,1388,1,3,7,1
201401ZT80321,2,9,0,18,0,8,0,0,0,0,1,1,6,2,23,5,1998,1,9,-1,-1
201401ZT80322,1,9,0,18,0,8,0,0,0,0,1,1,6,1,33,6,1596,1,14,-1,-1
201401ZT80322,2,9,0,7,0,8,0,0,0,0,3,1,6,1,26,6,1600,2,4,6,1
201401ZT80324,1,9,0,9,0,8,0,0,0,0,1,1,6,1,36,7,1798,8,-1,7,1
201401ZT80324,2,3,0,18,0,8,0,0,0,0,1,1,6,1,47,8,459,1,9,6,1
201401ZT80327,1,11,0,4,0,1,0,0,0,0,0,1,1,1,48,8,6700,2,5,8,1
201401ZT80328,1,9,0,9,0,8,0,0,0,0,4,1,1,2,57,9,-1,-1,-1,2,1
201401ZT80328,2,9,0,18,0,8,0,0,0,0,1,1,1,2,43,7,2926,2,13,-1,-1
201401ZT80329,1,9,0,7,0,8,0,0,0,0,3,1,6,2,-1,-1,1590,1,10,9,1
201401ZT80329,2,9,0,18,0,8,0,0,0,0,1,1,6,1,17,4,-1,-1,-1,7,1
201401ZT80331,1,9,0,18,0,1,5,10,1,5,1,1,6,1,26,6,1796,1,21,6,1
201401ZT80331,2,9,0,2,0,1,0,0,0,0,2,1,6,2,27,6,-1,-1,-1,5,1
201401ZT80332,1,9,0,18,0,0,0,0,0,0,3,1,6,2,42,7,1997,1,13,6,1
201401ZT80333,1,11,0,18,0,8,0,0,0,0,1,1,6,1,30,6,3900,2,10,-1,1
201401ZT80333,2,9,0,18,0,8,0,0,0,0,3,1,6,1,62,9,1753,2,5,3,1
201401ZT80334,1,9,0,18,0,0,0,0,0,0,4,1,6,2,38,7,1591,1,7,8,1
201401ZT80335,1,9,0,7,0,2,0,0,0,0,0,1,6,1,33,6,-1,-1,-1,5,1
201401ZT80336,1,9,0,17,0,1,0,0,0,0,4,1,6,1,81,11,-1,-1,-1,7,1
201401ZT80337,1,8,0,7,0,8,0,0,0,0,3,1,1,1,62,9,1896,2,6,2,1
201401ZT80337,2,5,0,18,0,8,0,0,0,0,1,1,6,1,52,8,-1,-1,-1,10,1
201401ZT80338,1,9,0,18,0,8,0,0,0,0,1,1,6,1,40,7,-1,-1,-1,5,1
201401ZT80338,2,5,0,18,0,8,0,0,0,0,3,1,6,1,63,9,-1,-1,-1,-1,-1
201401ZT80340,1,9,0,4,0,8,0,0,0,0,2,1,6,2,42,7,2231,2,1,9,1
201401ZT80340,2,9,0,4,0,8,0,0,0,0,2,1,6,2,25,5,1248,1,3,-1,-1
201401ZT80340,3,9,0,18,0,8,0,0,0,0,1,1,6,1,36,7,-1,-1,-1,4,1
201401ZT80342,1,9,0,18,0,8,0,0,0,0,1,1,6,2,29,6,1598,1,8,6,1
201401ZT80342,2,9,0,9,0,8,0,0,0,0,4,1,6,2,38,7,1590,1,11,9,1
201401ZT80343,1,9,0,9,0,8,0,0,0,0,4,1,1,1,52,8,-1,-1,-1,3,1
201401ZT80343,2,1,0,18,0,8,0,0,0,0,1,1,6,1,39,7,-1,-1,-1,3,1
201401ZT80344,1,9,0,7,0,8,0,0,0,0,3,1,6,2,20,4,973,1,12,8,1
201401ZT80344,2,9,0,18,0,8,0,0,0,0,1,1,6,2,-1,-1,1769,1,8,5,1
201401ZT80345,1,9,0,3,0,1,0,0,0,0,2,1,6,2,18,4,1242,1,10,8,1
201401ZT80345,2,2,0,12,0,1,0,0,0,0,1,1,6,2,24,5,124,1,6,5,1
201401ZT80346,1,5,0,9,0,8,0,0,0,0,3,1,6,1,28,6,599,1,6,9,1
201401ZT80346,2,9,0,13,0,8,0,0,0,0,1,1,6,2,-1,-1,-1,-1,-1,-1,-1
201401ZT80349,1,10,0,7,0,8,0,0,0,0,3,1,6,2,29,6,-1,-1,-1,10,1
201401ZT80349,2,10,0,18,0,8,0,0,0,0,1,1,6,2,80,11,-1,-1,-1,10,1
201401ZT80350,1,11,0,18,0,0,0,0,0,0,0,1,1,1,50,8,-1,-1,-1,4,1
201401ZT80351,1,90,0,18,0,8,0,0,0,0,4,1,1,2,56,9,-1,-1,-1,-1,-1
201401ZT80351,2,9,0,9,0,8,0,0,0,0,3,1,6,1,33,6,1596,1,7,-1,-1
201401ZT80353,1,9,0,9,0,8,0,0,0,0,3,1,6,1,-1,-1,1395,1,-1,-1,-1
201401ZT80353,2,3,0,13,0,8,0,0,0,0,1,1,6,1,31,6,-1,-1,-1,5,1
201401ZT80354,1,9,0,9,0,8,0,0,0,0,1,1,6,1,50,8,1995,2,9,2,1
201401ZT80355,1,9,0,4,0,1,0,0,0,0,2,1,6,2,53,8,2438,1,16,8,1
201401ZT80355,2,9,0,4,0,1,0,0,0,0,1,1,1,1,61,9,-1,-1,-1,-1,-1
201401ZT80356,1,9,0,18,0,2,5,10,1,2,1,1,6,1,47,8,1390,1,2,-1,-1
201401ZT80357,1,9,0,18,0,0,0,0,0,0,1,1,6,2,34,6,1242,1,10,10,1
201401ZT80357,2,19,0,18,0,0,0,0,0,0,2,1,6,1,61,9,2143,2,4,-1,-1
201401ZT80359,1,9,0,9,0,8,0,0,0,0,1,1,6,1,22,5,1199,1,14,6,1
201401ZT80359,2,5,0,18,0,8,0,0,0,0,1,1,6,1,27,6,599,1,3,7,1
201401ZT80361,1,9,0,3,0,8,0,0,0,0,2,1,6,2,45,7,1598,1,5,10,1
201401ZT80361,2,9,0,3,0,8,0,0,0,0,2,1,6,1,52,8,1910,2,4,10,1
201401ZT80361,3,19,0,18,0,8,0,0,0,0,1,1,6,1,43,7,2198,2,1,7,1
201401ZT80363,1,19,0,5,0,0,0,0,0,0,1,1,6,2,21,5,1248,2,3,4,1
201401ZT80363,2,9,0,5,0,0,0,0,0,0,2,1,6,2,27,6,1390,1,14,9,1
201401ZT80364,1,9,0,9,0,8,0,0,0,0,1,1,6,2,37,7,1798,1,4,6,1
201401ZT80364,2,9,0,18,0,8,0,0,0,0,4,1,6,2,56,9,-1,-1,-1,9,1
201401ZT80365,1,9,0,9,0,8,0,0,0,0,1,1,6,2,19,4,1120,1,17,9,1
201401ZT80365,2,9,0,9,0,8,0,0,0,0,1,1,6,2,29,6,-1,-1,-1,6,1
201401ZT80366,1,9,0,9,0,8,0,0,0,0,1,1,6,1,22,5,1229,1,8,7,1
201401ZT80366,2,3,0,18,0,8,0,0,0,0,4,1,6,1,28,6,-1,-1,-1,5,1
201401ZT80367,1,9,0,18,0,8,0,0,0,0,1,1,6,1,38,7,-1,-1,-1,9,1
201401ZT80368,1,9,0,18,0,8,0,0,0,0,1,1,6,1,59,9,1560,2,-1,2,1
201401ZT80368,2,9,0,9,0,8,0,0,0,0,3,1,6,3,-1,-1,-1,-1,-1,-1,-1
201401ZT80370,1,9,0,18,0,1,0,0,0,0,4,1,6,1,76,11,2401,2,9,10,1
201401ZT80372,1,3,0,17,0,8,0,0,0,0,3,1,6,1,27,6,125,1,9,5,1
201401ZT80372,2,9,0,17,0,8,0,0,0,0,4,1,6,3,-1,-1,-1,-1,-1,-1,-1
201401ZT80373,1,9,0,18,0,8,0,0,0,0,1,1,6,1,52,8,1796,1,10,-1,-1
201401ZT80373,2,4,0,13,0,8,0,0,0,0,1,1,6,1,22,5,400,1,18,-1,-1
201401ZT80373,3,9,0,9,0,8,0,0,0,0,3,1,6,1,40,7,-1,-1,-1,8,1
201401ZT80374,1,19,0,18,0,8,0,0,0,0,1,1,6,1,40,7,-1,-1,-1,6,1
201401ZT80374,2,9,0,9,0,8,0,0,0,0,3,1,6,2,40,7,-1,-1,-1,7,1
201401ZT80375,1,9,0,18,0,8,0,0,0,0,1,1,6,2,35,6,3199,1,12,7,1
201401ZT80375,2,1,0,17,0,8,0,0,0,0,4,1,6,1,29,6,-1,-1,-1,2,1
201401ZT80376,1,9,0,18,0,8,0,10,1,10,1,1,6,2,25,5,-1,-1,-1,8,1
201401ZT80377,1,9,0,18,0,8,0,0,0,0,4,1,6,1,28,6,1968,2,5,8,1
201401ZT80377,2,9,0,9,0,8,0,0,0,0,1,1,6,1,72,10,1797,8,3,8,1
201401ZT80378,1,9,0,18,0,2,0,0,0,0,3,1,6,2,56,9,-1,-1,-1,10,1
201401ZT80378,2,9,0,18,0,1,0,0,0,0,4,1,6,1,26,6,1995,1,4,9,1
201401ZT80379,1,3,0,18,0,8,0,0,0,0,4,1,6,1,34,6,124,1,-1,5,1
201401ZT80379,2,19,0,9,0,8,0,0,0,0,1,1,6,1,-1,-1,2143,2,-1,-1,-1
201401ZT80380,1,9,0,18,9,0,0,10,1,0,1,1,6,1,67,10,2656,1,10,-1,-1
201401ZT80380,2,1,0,2,9,0,0,0,0,0,2,1,6,1,59,9,-1,-1,-1,-1,-1
201401ZT80382,1,9,0,18,0,8,0,0,0,0,2,1,6,1,42,7,1339,1,10,-1,-1
201401ZT80382,2,9,0,18,0,8,0,0,0,0,1,1,6,1,-1,-1,1242,1,-1,-1,-1
201401ZT80383,1,9,0,18,0,0,0,0,0,0,1,1,6,2,46,8,1995,1,7,6,1
201401ZT80383,2,9,0,2,0,0,0,0,0,0,2,1,6,2,-1,-1,1298,1,11,-1,-1
201401ZT80384,1,11,0,4,0,1,0,0,0,0,0,1,6,1,63,9,7300,2,8,4,1
201401ZT80385,1,11,0,4,0,1,0,0,0,0,0,1,1,1,21,5,7300,2,12,7,1
201401ZT80386,1,9,0,18,0,1,0,0,0,0,4,1,6,1,46,8,-1,-1,-1,4,1
201401ZT80386,2,1,0,18,0,1,0,0,0,0,3,1,6,1,26,6,-1,-1,-1,-1,-1
201401ZT80387,1,9,0,7,0,2,0,0,0,0,3,1,6,3,-1,-1,-1,-1,-1,-1,-1
201401ZT80388,1,9,0,1,0,0,0,4,0,0,2,1,6,3,-1,-1,2497,2,10,-1,-1
201401ZT80388,2,9,0,2,0,0,0,0,0,0,2,1,6,2,29,6,1386,1,9,10,2
201401ZT80389,1,11,0,4,0,1,0,0,0,0,0,1,1,1,34,6,-1,-1,-1,4,1
201401ZT80390,1,9,0,9,0,8,0,0,0,0,1,1,6,2,48,8,998,1,-1,5,1
201401ZT80391,1,9,0,18,0,1,0,0,0,0,1,1,6,1,28,6,1587,1,9,3,1
201401ZT80392,1,9,0,18,0,8,0,0,0,0,1,1,6,2,18,4,1396,2,-1,10,1
201401ZT80392,2,2,0,18,0,8,0,0,0,0,1,1,6,1,16,4,49,1,12,-1,-1
201401ZT80393,1,9,0,17,0,2,0,0,0,0,1,1,6,1,25,5,1998,1,10,7,1
201401ZT80393,2,9,0,16,0,1,0,0,0,0,1,1,6,1,81,11,1197,1,2,7,1
201401ZT80394,1,9,0,18,0,8,0,0,0,0,1,1,6,1,23,5,1896,2,11,4,1
201401ZT80394,2,9,0,9,0,8,0,0,0,0,1,1,6,1,58,9,1596,1,12,7,1
201401ZT80395,1,2,0,18,0,8,0,0,0,0,1,1,6,2,25,5,125,1,-1,2,1
201401ZT80395,2,9,0,6,0,8,0,0,0,0,3,1,1,1,55,8,1399,2,3,1,1
201401ZT80396,1,9,0,18,0,2,0,0,0,0,1,1,6,2,85,11,1364,1,5,8,1
201401ZT80397,1,3,0,9,0,8,0,0,0,0,3,1,1,1,25,5,125,1,3,8,1
201401ZT80397,2,9,0,13,0,8,0,0,0,0,1,1,6,2,27,6,2926,2,11,8,1
201401ZT80399,1,9,0,18,0,8,0,0,0,0,4,1,6,1,50,8,998,1,14,3,1
201401ZT80399,2,9,0,18,0,8,0,0,0,0,1,1,6,1,34,6,1995,1,12,4,1
201401ZT80400,1,11,0,3,0,0,0,0,0,0,0,1,1,1,36,7,5100,2,-1,3,1
201401ZT80401,1,9,0,9,0,2,0,0,0,0,1,1,6,1,38,7,1598,1,10,1,1
201401ZT80402,1,9,0,4,0,1,0,0,0,0,1,1,6,1,66,10,-1,-1,-1,2,1
201401ZT80402,2,9,0,4,0,1,0,0,0,0,2,1,6,2,53,8,1390,1,12,3,1
201401ZT80403,1,9,0,2,0,1,0,0,0,0,3,1,6,1,27,6,2143,2,2,-1,-1
201401ZT80403,2,20,0,2,0,1,0,0,0,0,4,1,1,1,18,4,9200,2,7,2,1
201401ZT80403,3,3,0,18,0,2,0,4,0,0,1,1,6,1,18,4,125,1,9,-1,-1
201401ZT80404,1,11,0,18,0,1,0,0,0,0,0,1,1,1,57,9,6700,2,5,5,1
201401ZT80405,1,3,0,18,0,8,0,0,0,0,1,1,6,1,33,6,124,1,11,7,1
201401ZT80405,2,9,0,9,0,8,0,0,0,0,1,1,6,1,54,8,1588,1,10,-1,-1
201401ZT80407,1,9,0,18,0,1,0,0,0,0,1,1,6,1,42,7,1968,2,3,4,1
201401ZT80408,1,9,0,4,0,1,0,0,0,0,2,1,6,1,-1,-1,1598,1,11,-1,-1
201401ZT80408,2,9,0,3,0,1,0,0,0,0,1,1,6,1,26,6,4511,1,11,-1,-1
201401ZT80410,1,5,0,7,0,8,0,0,0,0,4,1,6,1,41,7,-1,-1,-1,6,3
201401ZT80410,2,9,0,18,0,8,0,0,0,0,3,1,6,2,26,6,1596,1,4,4,1
201401ZT80411,1,9,0,18,0,8,0,0,0,0,3,1,6,2,84,11,1240,1,11,8,1
201401ZT80411,2,9,0,18,0,8,0,0,0,0,1,1,1,1,71,10,1598,1,16,8,1
201401ZT80413,1,9,0,18,0,1,0,0,0,0,1,1,6,3,-1,-1,-1,-1,-1,-1,-1
201401ZT80414,1,9,0,18,0,1,0,0,0,0,1,1,6,2,30,6,1299,1,16,8,1
201401ZT80414,2,3,0,18,0,1,0,0,0,0,2,1,6,1,19,4,125,1,9,8,1
201401ZT80415,1,10,0,18,0,1,0,0,0,0,1,1,1,1,56,9,-1,-1,-1,3,1
201401ZT80416,1,9,0,18,0,8,0,0,0,0,1,1,6,1,-1,-1,1240,1,9,7,1
201401ZT80416,2,9,0,7,0,8,0,0,0,0,3,1,6,1,33,6,1388,1,15,5,1
201401ZT80417,1,9,0,3,0,1,0,0,0,0,2,1,6,2,27,6,998,1,-1,4,1
201401ZT80417,2,9,0,4,0,1,0,0,0,0,1,1,6,1,-1,-1,1587,1,11,8,1
201401ZT80418,1,1,0,18,0,8,0,0,0,0,1,1,6,1,43,7,-1,-1,-1,4,1
201401ZT80418,2,9,0,9,0,8,0,0,0,0,4,1,6,1,-1,-1,1753,2,4,5,1
201401ZT80419,1,11,0,18,0,1,0,0,0,0,0,1,1,1,33,6,4500,2,-1,-1,-1
201401ZT80420,1,9,0,18,0,1,0,0,0,0,2,1,6,1,39,7,-1,-1,-1,9,1
201401ZT80420,2,9,0,18,0,1,0,0,0,0,1,1,6,1,30,6,1248,1,5,9,1
201401ZT80421,1,9,0,18,0,1,0,0,0,0,1,1,1,1,34,6,-1,-1,-1,9,1
201401ZT80422,1,9,0,4,0,2,0,0,0,0,1,1,6,1,78,11,1796,1,9,9,1
201401ZT80422,2,9,0,4,0,2,0,0,0,0,2,1,6,1,31,6,-1,-1,-1,-1,-1
201401ZT80423,1,9,0,4,0,1,0,0,0,0,2,1,6,2,62,9,1229,1,9,-1,-1
201401ZT80423,2,9,0,4,0,1,0,0,0,0,1,1,6,2,-1,-1,1149,1,5,10,1
201401ZT80426,1,9,0,18,0,1,0,0,0,0,1,1,6,1,28,6,1796,1,13,-1,-1
201401ZT80427,1,9,0,18,0,1,0,4,0,0,1,1,6,1,76,11,1388,1,5,-1,-1
201401ZT80427,2,9,0,2,0,1,0,0,0,0,2,1,6,2,57,9,1396,2,3,-1,-1
201401ZT80428,1,9,0,9,0,8,0,0,0,0,4,1,6,1,38,7,1368,1,8,8,2
201401ZT80428,2,1,0,18,0,8,0,0,0,0,1,1,6,1,62,9,-1,-1,-1,10,1
201401ZT80429,1,9,0,18,0,8,0,0,0,0,3,1,6,1,31,6,-1,-1,-1,6,1
201401ZT80429,2,19,0,11,0,8,0,0,0,0,4,1,6,1,47,8,-1,-1,-1,-1,-1
201401ZT80430,1,9,0,18,0,8,0,0,0,0,4,1,6,1,53,8,2777,2,6,6,1
201401ZT80430,2,9,0,18,0,8,0,0,0,0,1,1,6,2,27,6,-1,-1,-1,3,1
201401ZT80431,1,9,0,18,0,1,0,10,1,0,1,1,6,1,27,6,1968,2,4,6,1
201401ZT80431,2,9,0,2,0,1,0,0,0,0,2,1,6,3,-1,-1,998,1,12,-1,-1
201401ZT80432,1,9,0,18,0,1,0,0,0,0,3,1,6,1,72,10,-1,-1,-1,8,1
201401ZT80432,2,9,0,18,0,2,0,0,0,0,4,1,6,1,-1,-1,1598,1,11,8,1
201401ZT80433,1,9,0,18,0,2,0,0,0,0,1,1,1,2,49,8,1598,1,1,4,1
201401ZT80434,1,9,0,18,0,8,0,0,0,0,1,1,6,2,29,6,2179,2,3,8,1
201401ZT80434,2,9,0,9,0,8,0,0,0,0,4,1,6,2,36,7,-1,-1,-1,6,1
201401ZT80439,1,19,0,18,0,1,0,4,0,0,1,1,6,1,63,9,1753,2,11,9,1
201401ZT80439,2,9,0,2,0,1,0,0,0,0,2,1,6,1,36,7,1390,1,4,2,1
201401ZT80439,3,9,0,18,0,1,0,0,0,0,1,1,6,2,31,6,1596,1,13,9,1
201401ZT80440,1,9,0,18,0,1,0,10,2,4,1,1,6,1,30,6,1796,1,8,2,1
201401ZT80441,1,8,0,18,0,2,0,0,0,0,1,1,1,1,38,7,-1,-1,-1,5,1
201401ZT80442,1,9,0,18,0,1,0,10,1,10,1,1,6,2,34,6,1988,1,10,5,1
201401ZT80443,1,9,0,18,0,2,0,0,0,0,1,1,1,1,48,8,2494,1,11,3,1
201401ZT80445,1,9,0,3,0,1,0,0,0,0,2,1,6,2,51,8,1229,1,-1,8,1
201401ZT80445,2,9,0,4,0,1,0,0,0,0,1,1,6,3,-1,-1,-1,-1,-1,-1,-1
201401ZT80446,1,9,0,18,0,8,0,0,0,0,1,1,6,1,31,6,1584,1,11,10,1
201401ZT80446,2,9,0,9,0,8,0,0,0,0,4,1,6,1,-1,-1,1560,2,6,6,1
201401ZT80447,1,9,0,3,0,1,0,0,0,0,2,1,6,2,21,5,1198,1,-1,-1,-1
201401ZT80447,2,9,0,3,0,1,0,0,0,0,2,1,6,2,52,8,1108,1,4,7,1
201401ZT80447,3,9,0,4,0,1,0,0,0,0,1,1,6,2,20,4,1299,1,13,6,1
201401ZT80448,1,9,0,18,0,8,0,0,0,0,1,1,1,2,23,5,1596,1,15,7,1
201401ZT80449,1,9,0,18,0,1,0,0,0,0,1,1,6,1,51,8,-1,-1,-1,-1,-1
201401ZT80450,1,9,0,18,0,1,0,0,0,0,1,1,6,2,-1,-1,-1,-1,-1,-1,-1
201401ZT80454,1,9,0,18,0,2,0,0,0,0,1,1,6,3,-1,-1,-1,-1,-1,-1,-1
201401ZT80455,1,3,0,18,0,1,0,0,0,0,4,1,6,1,34,6,124,1,5,8,1