Accident_Index,Vehicle_Reference,Vehicle_Type,Towing_and_Articulation,Vehicle_Manoeuvre,Vehicle_Location-Restricted_Lane,Junction_Location,Skidding_and_Overturning,Hit_Object_in_Carriageway,Vehicle_Leaving_Carriageway,Hit_Object_off_Carriageway,1st_Point_of_Impact,Was_Vehicle_Left_Hand_Drive?,Journey_Purpose_of_Driver,Sex_of_Driver,Age_of_Driver,Age_Band_of_Driver,Engine_Capacity_(CC),Propulsion_Code,Age_of_Vehicle,Driver_IMD_Decile,Driver_Home_Area_Type
2014030001081,1,9,0,9,0,5,0,0,0,0,1,1,6,1,20,4,1368,1,10,1,1
2014030001084,1,9,0,18,0,2,0,0,0,0,3,1,2,2,48,8,1762,1,16,6,2
2014030001084,2,9,0,18,0,1,0,0,0,0,4,1,6,1,68,10,1560,2,1,6,1
2014030001085,1,5,0,15,0,0,0,0,0,0,1,1,6,1,63,9,-1,-1,-1,-1,-1
2014030001085,2,9,0,7,0,0,0,0,0,0,4,1,6,2,36,7,998,1,2,5,1
2014030001088,1,9,0,8,0,5,0,0,0,0,3,1,6,1,24,5,3059,2,19,-1,-1
2014030001088,2,9,0,18,0,8,0,0,0,0,1,1,6,2,40,7,1747,1,11,-1,3
2014030001089,1,19,0,16,0,0,2,0,1,0,3,1,1,2,31,6,2143,2,1,1,1
2014030001090,1,9,0,18,0,0,0,0,0,0,0,1,6,2,22,5,1390,1,1,6,3
2014030001090,2,1,0,18,0,0,5,0,1,0,1,1,6,1,23,5,-1,-1,-1,-1,-1
2014030001095,1,1,0,18,5,1,0,0,0,0,4,1,6,1,17,4,-1,-1,-1,-1,-1
2014030001095,2,9,0,4,0,1,0,0,0,0,0,1,6,2,33,6,1998,2,5,8,1
2014030001096,1,9,0,18,0,0,2,0,1,0,0,1,6,2,47,8,2967,1,10,2,2
2014030001097,1,20,0,5,0,4,0,0,0,0,1,1,1,1,27,6,9290,2,3,-1,1
2014030001097,2,9,0,3,0,4,0,0,0,0,2,1,6,1,30,6,1388,1,8,5,1
2014030001098,1,9,0,9,0,2,0,0,0,0,1,1,6,2,56,9,1685,2,3,10,1
2014030001098,2,9,0,18,0,1,0,0,0,0,1,1,6,1,89,11,1995,1,8,-1,3
2014030001099,1,9,0,18,0,0,1,0,1,10,3,1,6,1,36,7,1986,2,8,5,1
2014030001099,2,9,0,18,0,0,1,0,1,0,1,1,6,1,30,6,1596,1,11,8,3
2014030001100,1,9,0,5,0,1,0,0,0,0,1,1,6,2,24,5,1149,1,4,8,3
2014030001101,1,9,0,18,0,0,1,0,1,0,1,1,6,2,29,6,1997,1,7,10,2
2014030001101,2,9,0,18,0,0,1,0,1,0,3,1,6,1,52,8,1686,2,4,4,1
2014030001101,3,9,0,18,0,0,1,0,4,0,1,1,1,1,24,5,1956,2,2,10,1
2014030001101,4,21,0,18,0,0,1,0,1,0,3,1,1,1,66,10,12740,2,2,-1,1
2014030001101,5,19,0,18,0,0,1,0,1,0,1,1,1,1,59,9,2151,2,9,5,1
2014030001101,6,21,1,18,0,0,1,0,1,0,3,1,1,1,44,7,12777,2,2,-1,1
2014030001101,7,9,0,18,0,0,1,0,1,0,3,1,6,1,44,7,2993,2,3,9,1
2014030001101,8,21,1,18,0,0,1,0,1,0,1,1,1,1,46,8,-1,-1,-1,-1,-1
2014030001101,9,9,0,18,0,0,1,0,1,0,3,1,1,1,48,8,1597,1,16,6,3
2014030001101,10,9,0,18,0,0,2,0,4,0,1,1,1,1,30,6,1910,2,7,-1,1
2014030001101,11,9,0,18,0,0,1,0,4,0,1,1,1,1,18,4,998,1,1,-1,1
2014030001106,1,9,0,16,0,0,5,0,0,0,1,1,6,1,23,5,1596,1,12,3,2
2014030001106,2,19,0,18,0,0,0,0,0,0,1,1,1,1,25,5,2874,2,15,9,1
2014030001109,1,9,0,7,0,3,0,0,0,0,1,1,2,1,38,7,1988,1,14,3,2
2014030001109,2,1,0,18,0,4,0,0,0,0,1,1,2,1,39,7,-1,-1,-1,7,3
2014030001110,1,9,0,18,0,1,0,0,0,0,1,1,6,1,20,4,1422,2,9,6,3
2014030001110,2,9,0,18,0,1,0,0,0,0,4,1,6,1,37,7,1560,2,5,-1,3
2014030001111,1,9,0,18,0,8,0,0,0,0,1,1,6,1,33,6,796,1,14,3,1
2014030001112,1,9,0,3,0,0,0,0,0,0,1,1,6,2,-1,-1,1598,1,6,1,1
2014030001112,2,9,0,3,0,0,0,0,0,0,2,1,6,2,31,6,1998,1,14,2,1
2014030001112,3,9,0,9,0,0,0,0,0,0,0,1,6,1,-1,-1,-1,-1,-1,2,1
2014030001113,1,9,0,18,0,0,0,0,0,0,3,1,6,1,18,4,1968,2,4,6,3
2014030001113,2,9,0,18,0,0,0,0,0,0,3,1,6,1,18,4,1590,1,9,3,3
2014030001113,3,9,0,18,0,0,0,0,0,0,3,1,6,2,53,8,1242,1,13,1,1
2014030001114,1,9,0,15,0,0,0,0,0,0,1,1,6,1,55,8,1686,2,6,4,3
2014030001114,2,9,0,15,0,0,5,0,7,9,2,1,6,1,25,5,1896,2,9,6,3
2014030001114,3,9,0,18,0,0,0,0,0,0,0,1,6,3,-1,-1,-1,-1,-1,-1,-1
2014030001115,1,9,0,9,0,6,0,0,0,0,1,1,6,2,66,10,2926,2,11,3,2
2014030001115,2,9,0,14,0,2,0,0,0,0,4,1,6,1,37,7,-1,-1,-1,5,1
2014030001116,1,9,0,9,0,1,0,0,0,0,1,1,6,2,44,7,1199,1,13,1,1
2014030001116,2,5,0,18,0,1,2,0,0,0,1,1,6,1,63,9,1130,1,11,8,2
2014030001130,1,9,0,18,0,0,0,0,1,0,1,1,6,1,47,8,7212,1,40,1,1
2014030001132,1,9,0,6,0,0,0,0,0,0,1,1,6,1,24,5,1328,1,7,4,1
2014030001132,2,5,0,18,0,0,0,0,0,0,1,1,6,1,51,8,1450,1,10,4,1
2014030001133,1,9,0,17,0,0,1,0,7,10,1,1,6,1,42,7,996,1,-1,4,1
2014030001134,1,1,0,9,0,5,0,0,0,0,1,1,6,1,11,3,-1,-1,-1,7,3
2014030001134,2,9,0,7,0,6,0,0,0,0,1,1,6,2,24,5,1596,1,10,10,1
2014030001134,3,9,0,7,0,5,0,0,0,0,3,1,6,1,44,7,1598,1,4,10,1
2014030001135,1,9,0,5,0,6,0,0,0,0,3,1,6,1,50,8,1968,2,4,4,2
2014030001135,2,4,0,14,0,6,0,0,0,0,1,1,6,1,65,9,500,1,60,6,1
2014030001136,1,9,0,18,0,0,1,0,2,10,1,1,2,2,36,7,1598,1,10,5,3
2014030001137,1,5,0,4,0,1,1,0,0,0,1,1,6,1,52,8,1284,1,4,7,1
2014030001137,2,9,0,9,0,1,0,0,0,0,3,1,6,1,68,10,1995,1,14,-1,-1
2014030001138,1,9,0,18,0,0,0,0,0,0,1,1,6,1,80,11,1497,1,11,7,1
2014030001138,2,9,0,18,0,0,0,0,0,0,2,1,6,1,49,8,2143,2,1,6,3
2014030001139,1,9,0,2,0,0,0,0,0,0,3,1,6,2,65,9,1299,1,9,9,2
2014030001139,2,1,0,14,0,0,0,4,0,0,3,1,6,1,27,6,-1,-1,-1,9,3
2014030001140,1,5,0,16,0,0,0,0,0,0,4,1,6,1,70,10,865,1,2,8,2
2014030001140,2,11,0,17,0,0,0,0,0,0,0,1,6,1,30,6,9600,2,19,2,1
2014030001141,1,9,0,18,0,0,0,0,0,0,4,1,6,1,19,4,2902,2,11,2,1
2014030001142,1,8,0,18,0,0,0,0,0,0,1,1,1,1,57,9,1598,2,4,-1,-1
2014030001142,2,9,0,18,0,0,0,0,0,0,2,1,6,1,38,7,1968,2,2,4,1
2014030001142,3,9,0,18,0,0,0,0,0,0,2,1,6,2,68,10,996,1,1,8,1
2014030001143,1,11,0,5,0,3,0,2,0,0,4,1,6,1,51,8,6871,2,6,-1,-1
2014030001144,1,19,0,18,0,1,0,0,0,0,1,1,1,1,42,7,10518,2,1,1,1
2014030001144,2,9,0,10,0,8,0,0,0,0,1,1,3,2,40,7,1299,1,10,7,1
2014030001148,1,9,0,3,0,0,0,0,0,0,1,1,6,1,55,8,1951,2,12,6,3
2014030001149,1,9,0,18,0,0,0,0,0,10,1,1,6,1,73,10,1997,2,3,8,1
2014030001150,1,9,0,5,0,6,0,0,0,0,3,1,6,1,44,7,1968,2,3,-1,1
2014030001150,2,9,0,18,0,1,5,0,0,0,1,1,6,1,20,4,-1,-1,-1,1,2
2014030001156,1,9,0,17,0,0,1,0,0,10,1,1,6,2,26,6,998,1,6,-1,-1
2014030001157,1,9,0,18,0,0,0,0,0,0,0,1,6,3,-1,-1,-1,-1,-1,-1,-1
2014030001158,1,9,0,18,0,3,0,0,0,0,1,1,6,2,56,9,1587,1,10,7,3
2014030001158,2,9,0,13,0,3,0,0,0,0,4,1,6,2,41,7,2497,2,4,7,2
2014030001159,1,20,0,18,0,0,0,0,0,0,3,1,1,1,41,7,4461,2,2,3,1
2014030001159,2,20,0,18,0,0,0,0,0,0,3,1,1,1,53,8,5193,2,1,6,1
2014030001161,1,11,0,18,0,0,0,0,0,0,1,1,1,1,51,8,9000,2,2,3,1
2014030001161,2,9,0,18,0,0,0,0,0,0,1,1,6,2,41,7,1896,2,13,8,1
2014030001166,1,9,0,18,0,0,0,0,0,0,1,1,6,1,58,9,1398,2,4,3,1
2014030001169,1,9,0,9,0,5,0,0,1,0,3,1,6,2,23,5,1198,1,11,7,3
2014030001169,2,9,0,17,0,1,0,0,0,0,1,1,6,1,78,11,1896,2,12,3,2
2014030001170,1,9,0,18,0,1,0,0,0,0,1,1,6,2,55,8,1299,1,12,8,3
2014030001170,2,9,0,10,0,1,0,0,0,0,2,1,6,2,33,6,1199,1,12,4,1
2014030001171,1,11,0,5,3,0,0,0,0,0,0,1,1,1,50,8,-1,2,15,6,2
2014030001174,1,21,1,18,0,8,1,0,0,0,1,1,1,1,35,6,-1,-1,-1,-1,3
2014030001174,2,19,0,7,0,8,5,0,1,10,2,1,1,1,60,9,2400,2,12,9,2
2014030001176,1,9,0,18,0,1,0,11,0,0,0,1,6,1,37,7,1598,1,13,6,3
2014030001178,1,9,0,5,0,8,0,0,0,0,0,1,6,1,80,11,1560,2,8,1,1
2014030001178,2,4,0,18,0,8,1,0,0,0,0,1,6,1,41,7,124,1,3,2,1
2014030001184,1,9,0,18,0,3,0,10,0,0,1,1,6,1,33,6,1498,1,15,-1,-1
2014030001184,2,11,0,18,0,1,0,0,0,0,1,1,1,2,43,7,-1,2,17,4,2
2014030001192,1,9,0,17,0,1,0,0,0,0,0,1,6,2,46,8,1598,1,13,6,2
2014030001194,1,9,0,9,0,1,0,0,0,0,1,1,6,1,37,7,1598,1,9,5,1
2014030001194,2,9,0,18,0,1,0,0,1,0,1,1,6,2,39,7,1796,1,13,9,1
2014030001197,1,19,0,18,0,0,0,0,0,0,0,1,6,3,-1,-1,-1,-1,-1,-1,-1
2014030001197,2,1,0,16,0,0,0,0,1,0,0,1,6,1,27,6,-1,-1,-1,-1,-1
2014030001199,1,9,0,18,0,0,2,0,0,0,1,1,2,2,50,8,1986,2,6,8,2
2014030001199,2,9,0,18,0,0,1,0,0,0,1,1,2,2,50,8,2179,2,3,7,3
2014030001210,1,21,4,18,0,1,1,0,0,0,1,1,6,1,49,8,-1,-1,-1,5,1
2014030001210,2,9,0,3,0,1,0,0,7,0,2,1,6,2,79,11,1595,1,17,9,2
2014030001210,3,9,0,10,0,1,0,0,7,10,2,1,6,1,55,8,1598,1,8,-1,2
2014030001211,1,19,0,18,0,0,0,0,0,0,4,1,6,1,24,5,2198,2,1,7,1
2014030001211,2,9,0,18,0,0,0,0,0,0,3,1,6,1,31,6,1999,1,11,4,1
2014030001212,1,9,0,6,0,1,0,0,0,0,1,1,6,1,36,7,-1,-1,-1,1,1
2014030001212,2,9,0,18,0,1,5,0,1,0,3,1,6,1,75,10,1461,2,-1,9,1
2014030001213,1,9,0,4,0,1,1,0,7,3,1,1,6,1,23,5,1900,2,14,1,1
2014030001213,2,9,0,18,0,1,1,0,8,0,3,1,6,1,66,10,1997,2,11,4,2
2014030001214,1,19,0,18,0,0,0,0,0,0,4,1,1,1,52,8,1998,2,10,2,1
2014030001219,1,9,0,5,0,8,0,0,0,0,4,1,6,2,63,9,1329,1,3,-1,2
2014030001219,2,9,0,18,0,1,1,0,0,0,1,1,6,1,34,6,1124,1,11,7,3
2014030001220,1,9,0,5,0,6,0,0,0,0,3,1,6,1,73,10,1596,1,8,-1,3
2014030001220,2,9,0,18,0,1,0,0,0,0,1,1,6,1,79,11,1762,1,14,8,3
2014030001222,1,9,0,9,0,1,0,0,0,0,1,1,6,1,23,5,1149,1,4,3,1
2014030001222,2,9,0,18,0,1,0,0,0,0,1,1,6,1,44,7,1896,2,10,6,3
2014030001222,3,9,0,18,0,1,0,0,0,0,3,1,1,1,32,6,-1,-1,-1,7,1
2014030001223,1,9,0,18,0,0,0,0,0,0,4,1,6,1,84,11,998,1,6,7,2
2014030001223,2,1,0,13,0,0,0,0,0,0,3,1,6,1,65,9,-1,-1,-1,7,2
2014030001225,1,9,0,12,0,8,0,0,0,0,3,1,6,3,30,6,-1,-1,-1,-1,-1
2014030001225,2,19,0,18,0,8,0,0,0,0,4,1,6,1,38,7,2300,2,10,8,1
2014030001226,1,9,0,6,0,2,0,0,0,0,4,1,6,1,19,4,1560,2,2,1,2
2014030001226,2,9,0,18,0,1,0,0,0,0,1,1,6,1,37,7,-1,-1,-1,7,3
2014030001230,1,9,0,13,0,0,0,0,0,0,4,1,6,3,-1,-1,-1,-1,-1,-1,-1
2014030001230,2,3,0,18,0,0,0,0,0,0,4,1,6,1,21,5,124,1,4,5,3
2014030001232,1,9,0,18,0,0,0,0,0,0,1,1,6,1,29,6,1896,2,5,4,2
2014030001232,2,5,0,18,0,0,0,0,0,0,2,1,6,1,60,9,1063,1,24,8,2
2014030001234,1,9,0,7,0,5,0,0,0,0,4,1,6,1,49,8,1794,1,14,2,1
2014030001234,2,1,0,18,4,1,0,0,0,0,1,1,2,1,61,9,-1,-1,-1,1,1
2014030001235,1,9,0,18,0,0,0,0,0,0,4,1,6,1,59,9,1997,1,1,5,2
2014030001236,1,9,0,16,0,0,0,0,0,0,0,1,6,2,31,6,-1,-1,-1,7,1
2014030001236,2,9,0,17,0,0,0,0,1,10,1,1,2,1,19,4,1124,1,7,4,2
2014030001256,1,9,0,18,0,0,0,0,0,0,3,1,6,1,30,6,1598,1,7,2,1
2014030001256,2,9,0,18,0,0,0,0,0,0,3,1,6,1,25,5,1560,2,6,9,1
2014030001257,1,9,0,18,0,0,0,4,0,0,1,1,6,2,30,6,1390,1,10,2,1
2014030001257,2,9,0,2,0,0,0,0,0,0,3,1,6,1,-1,-1,1598,1,11,1,1
2014030001257,3,9,0,2,0,0,0,0,0,2,2,1,6,1,56,9,1956,2,2,1,1
2014030001258,1,19,0,18,0,0,0,0,0,0,0,1,1,1,42,7,2198,2,7,5,3
2014030001258,2,9,0,18,0,0,0,11,0,0,1,1,6,1,23,5,1299,1,15,6,1
2014030001259,1,9,0,18,0,0,0,0,0,6,1,1,6,1,85,11,1349,1,4,6,2
2014030001260,1,9,0,13,0,1,0,0,0,0,1,1,6,1,27,6,1390,1,13,7,2
2014030001260,2,9,0,6,0,8,0,0,0,0,3,1,6,2,21,5,1388,1,5,9,3
2014030001261,1,9,0,7,0,5,0,0,3,1,1,1,6,1,64,9,1560,2,1,2,1
2014030001262,1,9,0,18,0,1,0,0,7,10,1,1,6,2,24,5,1149,1,10,8,1
2014030001262,2,9,0,18,0,1,0,0,0,0,1,1,6,1,58,9,1994,1,12,5,3
2014030001263,1,17,0,18,0,1,0,0,7,9,1,1,6,1,20,4,700,1,8,7,1
2014030001263,2,17,0,9,0,5,0,0,0,0,3,1,1,1,45,7,-1,2,6,-1,-1
2014030001264,1,9,0,18,0,0,0,0,0,0,1,1,6,1,67,10,1998,2,7,5,3
2014030001264,2,9,0,18,0,0,0,0,0,0,1,1,6,2,33,6,1596,1,4,4,1
2014030001265,1,9,0,17,9,0,1,0,1,10,1,1,6,2,18,4,-1,-1,-1,3,1
2014030001266,1,9,0,18,0,0,0,0,0,0,1,1,6,1,28,6,1896,2,15,-1,1
2014030001266,2,9,0,18,0,0,0,0,0,0,2,1,6,1,56,9,2204,2,5,8,2
2014030001279,1,9,0,9,0,2,0,0,0,0,1,1,6,2,37,7,1796,1,7,7,2
2014030001281,1,9,0,9,0,6,0,0,0,0,1,1,6,1,93,11,1968,2,7,5,3
2014030001281,2,20,0,17,0,1,1,0,0,0,1,1,6,1,43,7,4461,2,3,2,1
2014030001291,1,9,0,18,0,1,0,0,0,0,1,1,6,2,20,4,1360,1,7,7,3
2014030001291,2,9,0,10,0,1,0,0,0,0,2,1,6,1,43,7,1242,1,8,6,3
2014030001292,1,9,0,18,0,1,0,0,0,0,1,1,6,1,48,8,-1,-1,-1,3,1
2014030001292,2,9,0,3,0,1,0,0,0,0,2,1,6,1,33,6,1399,2,6,9,1
2014030001293,1,3,0,9,0,6,0,0,0,0,1,1,6,1,23,5,124,1,14,7,3
2014030001293,2,9,0,18,0,1,0,0,0,0,4,1,6,1,39,7,1598,2,2,4,1
2014030001297,1,9,0,5,0,0,0,0,0,0,3,1,6,2,-1,-1,-1,-1,-1,-1,-1
2014030001298,1,3,0,18,0,0,2,0,0,0,1,1,6,1,25,5,-1,-1,-1,1,1
2014030001298,2,9,0,2,0,0,0,0,0,0,2,1,6,1,56,9,1686,2,1,1,1
2014030001303,1,9,0,18,0,0,0,0,1,10,1,1,6,1,81,11,-1,-1,-1,7,2
2014030001307,1,9,0,9,0,5,0,0,0,0,0,1,6,2,32,6,1229,1,9,3,1
2014030001307,2,1,0,9,0,4,0,0,0,0,0,1,6,2,55,8,-1,-1,-1,3,1
2014030001308,1,9,0,18,0,0,0,0,0,0,1,1,6,2,30,6,1248,2,7,6,3
2014030001308,2,9,0,18,0,0,0,0,0,0,1,1,6,2,47,8,1896,2,7,6,3
2014030001309,1,9,0,18,0,1,0,0,0,0,0,1,6,2,50,8,2993,2,2,6,3
2014030001309,2,9,0,9,0,4,0,0,0,0,0,1,6,1,40,7,-1,-1,-1,2,1
2014030001310,1,11,0,17,0,0,0,0,1,2,1,1,1,1,37,7,9000,2,3,-1,-1
2014030001311,1,9,0,5,0,8,0,0,0,0,1,1,6,1,30,6,1388,1,12,3,1
2014030001312,1,9,0,16,0,1,0,0,0,0,1,1,6,1,19,4,1229,1,1,6,3
2014030001312,2,9,0,3,0,1,0,0,0,0,2,1,6,1,38,7,-1,-1,-1,5,2
2014030001313,1,9,0,1,0,0,0,0,0,0,2,1,6,1,26,6,1968,2,8,4,2
2014030001321,1,9,0,9,0,1,0,0,0,0,0,1,6,2,75,10,998,1,12,3,1
2014030001321,2,19,0,18,0,1,0,0,1,10,1,1,1,1,49,8,2198,2,8,8,1
2014030001322,1,10,0,18,0,4,0,0,0,0,3,1,1,1,45,7,2148,2,9,-1,-1
2014030001322,2,9,0,18,0,4,0,0,0,0,1,1,6,1,75,10,-1,-1,-1,4,1
2014030001332,1,9,0,18,0,0,1,0,0,0,1,1,6,1,64,9,-1,-1,-1,7,1
2014030001332,2,9,0,18,0,0,1,0,0,0,2,1,6,1,44,7,1753,2,6,9,1
2014030001332,3,9,0,18,0,0,0,0,0,0,2,1,6,1,51,8,-1,-1,-1,-1,3
2014030001332,4,9,0,18,0,0,0,0,0,0,1,1,6,2,53,8,1240,1,4,-1,-1
2014030001332,5,9,0,18,0,0,0,0,0,0,1,1,6,1,48,8,-1,-1,-1,-1,3
2014030001334,1,3,0,18,0,0,0,0,0,0,1,1,6,1,20,4,125,1,3,5,2
2014030001334,2,9,0,18,0,0,0,0,0,0,2,1,6,1,48,8,1968,2,5,-1,1
2014030001335,1,19,0,18,0,0,2,0,4,6,1,1,6,1,37,7,2198,2,2,4,1
2014030001335,2,21,1,18,0,0,0,0,0,0,3,1,6,1,61,9,12777,2,4,-1,1
2014030001336,1,4,0,13,0,0,2,11,0,0,3,1,6,1,43,7,999,1,1,1,1
2014030001337,1,9,0,18,0,0,0,0,0,0,1,1,1,1,63,9,1149,1,5,1,1
2014030001338,1,9,0,17,0,0,0,0,0,0,1,1,6,1,30,6,1995,2,7,3,2
2014030001338,2,9,0,16,0,0,0,0,0,0,1,1,6,2,31,6,1997,2,13,2,1
2014030001339,1,9,0,1,0,1,0,0,0,0,2,1,6,1,71,10,1968,2,6,6,3
2014030001340,1,19,0,9,0,6,0,0,0,0,0,1,1,2,53,8,1753,2,7,3,2
2014030001340,2,1,0,18,0,1,0,0,0,0,0,1,6,1,55,8,-1,-1,-1,6,3
2014030001340,3,1,0,18,0,1,0,0,0,0,0,1,6,1,56,9,-1,-1,-1,-1,-1
2014030001341,1,9,0,17,0,0,0,0,1,10,1,1,6,2,33,6,1598,2,-1,8,2
2014030001343,1,9,0,18,0,0,0,0,0,0,1,1,6,2,54,8,1896,2,11,3,1
2014030001343,2,9,0,3,0,0,0,0,0,0,2,1,6,2,49,8,1242,1,5,4,3
2014030001346,1,9,0,6,0,0,0,0,0,0,1,1,6,1,21,5,2000,2,10,4,3
2014030001346,2,9,0,18,0,0,0,0,0,0,1,1,6,1,42,7,-1,-1,-1,3,1
2014030001347,1,9,0,4,0,1,0,0,0,0,1,1,6,1,33,6,2198,1,11,1,1
2014030001347,2,9,0,3,0,1,0,0,0,0,2,1,6,2,26,6,1399,2,8,3,1
2014030001348,1,9,0,17,0,1,0,0,1,1,1,1,6,1,31,6,1800,1,12,6,1
2014030001350,1,9,0,9,0,1,0,0,0,0,3,1,6,1,63,9,1997,1,6,5,1
2014030001350,2,5,0,14,0,1,0,0,0,0,4,1,6,1,61,9,782,1,10,3,1
2014030001352,1,9,0,18,0,4,0,0,0,0,1,1,6,1,61,9,-1,-1,-1,2,1
2014030001352,2,9,0,18,0,3,0,0,0,0,2,1,6,1,22,5,1149,1,9,2,1
2014030001353,1,9,0,3,0,1,0,0,0,0,1,1,6,2,67,10,1586,1,1,1,1
2014030001353,2,9,0,3,0,1,0,0,0,0,2,1,6,2,51,8,1999,1,3,1,1
2014030001353,3,9,0,18,0,1,0,0,0,0,2,1,6,1,19,4,1299,1,13,1,1
2014030001354,1,5,0,9,0,1,0,0,0,0,0,1,1,1,60,9,749,1,19,3,1
2014030001355,1,9,0,10,0,1,0,0,0,0,1,1,6,2,32,6,2521,1,7,2,1
2014030001355,2,9,0,18,0,1,0,0,0,0,1,1,6,2,32,6,1596,1,11,1,1
2014030001356,1,9,0,18,0,0,5,0,1,4,1,1,6,1,19,4,1229,1,8,7,3
2014030001363,1,9,0,1,0,6,0,0,0,0,4,1,1,2,50,8,-1,-1,-1,6,3
2014030001363,2,1,0,18,0,8,1,0,0,0,4,1,1,1,12,3,-1,-1,-1,5,1
2014030001364,1,9,0,18,0,1,0,0,0,0,1,1,6,1,29,6,-1,-1,-1,7,3
2014030001364,2,9,0,18,0,1,0,0,0,0,2,1,6,1,18,4,1149,1,9,7,2
2014030001365,1,9,0,14,0,1,0,0,0,0,1,1,1,1,48,8,1896,2,4,1,1
2014030001366,1,9,0,18,0,4,0,0,3,7,1,1,1,1,57,9,2494,2,3,7,3
2014030001366,2,9,0,18,0,8,0,0,7,7,4,1,6,1,63,9,1461,2,1,9,3
2014030001367,1,9,0,18,0,0,0,0,0,0,1,1,6,1,54,8,1390,1,5,7,1
2014030001367,2,9,0,18,0,0,0,0,0,0,1,1,6,2,69,10,-1,-1,-1,10,1
2014030001368,1,9,0,9,0,5,0,0,0,0,1,1,6,2,24,5,1360,1,7,6,3
2014030001368,2,9,0,18,0,8,0,0,0,0,2,1,6,1,62,9,1951,2,10,3,1
2014030001381,1,19,0,18,0,0,2,0,6,6,1,1,6,1,31,6,2151,2,12,3,1
2014030001382,1,9,0,16,0,1,0,0,0,0,1,1,6,2,71,10,1388,1,6,6,2
2014030001382,2,9,0,7,0,1,0,0,0,0,1,1,6,1,41,7,-1,-1,-1,7,3
2014030001383,1,9,0,16,0,0,2,0,1,4,1,1,6,1,18,4,1390,1,13,4,1
2014030001390,1,9,0,18,0,0,1,0,2,7,1,1,6,1,40,7,1598,1,10,-1,1
2014030001390,2,9,0,18,0,0,0,0,0,0,4,1,1,1,42,7,1968,2,2,4,1
2014030001391,1,9,0,18,0,0,0,0,0,0,1,1,2,1,29,6,1896,2,9,1,2
2014030001391,2,9,0,18,0,0,0,0,1,0,1,1,2,1,25,5,1753,2,12,7,2
2014030001392,1,5,0,14,0,0,0,0,0,0,1,1,6,1,22,5,599,1,1,6,3
2014030001392,2,9,0,13,0,0,0,0,0,0,2,1,6,1,-1,-1,2191,2,-1,2,2
2014030001394,1,90,0,18,9,1,0,0,0,0,1,1,6,2,91,11,-1,-1,-1,8,2
2014030001395,1,9,0,5,0,2,0,0,0,0,1,1,6,1,48,8,1686,2,1,4,1
2014030001395,2,1,0,18,0,1,0,0,0,0,1,1,6,1,16,4,-1,-1,-1,3,1
2014030001396,1,5,0,7,0,0,5,0,0,0,1,1,6,1,44,7,1043,1,1,6,1
2014030001396,2,9,0,9,0,0,1,0,0,0,1,1,6,1,57,9,1149,1,14,6,3
2014030001397,1,9,0,18,0,0,0,0,0,0,1,1,6,1,21,5,1197,1,3,10,1
2014030001397,2,21,1,3,0,0,0,0,0,0,2,1,1,1,36,7,11705,2,6,6,1
2014030001398,1,9,0,9,0,8,0,0,0,0,2,1,6,1,67,10,1598,1,11,6,3
2014030001398,2,5,0,18,0,8,1,0,1,0,3,1,6,1,24,5,1352,1,7,4,2
2014030001399,1,9,0,4,0,0,0,0,0,0,1,1,6,2,32,6,1360,1,10,5,1
2014030001399,2,9,0,3,0,0,0,0,0,0,2,1,6,2,55,8,1124,1,12,9,2
2014030001400,1,9,0,18,0,0,0,0,0,0,1,1,6,2,46,8,2993,2,4,-1,-1
2014030001400,2,9,0,18,0,0,0,0,0,0,2,1,6,2,76,11,-1,-1,-1,5,1
2014030001406,1,9,0,18,0,0,0,0,0,0,1,1,6,1,26,6,1199,1,12,3,1
2014030001406,2,1,0,18,0,0,0,0,0,0,1,1,4,1,9,2,-1,-1,-1,2,1
2014030001411,1,9,0,18,0,0,0,0,0,0,1,1,6,2,25,5,1560,2,2,5,2
2014030001414,1,9,0,14,0,1,0,0,0,0,1,1,2,1,30,6,-1,-1,-1,9,2
2014030001414,2,9,0,9,0,6,0,0,0,0,1,1,6,1,55,8,1998,2,10,5,1
2014030001415,1,9,0,7,0,6,0,0,0,0,2,1,6,1,67,10,-1,-1,-1,7,3
2014030001415,2,1,0,7,0,6,0,0,0,0,2,1,6,1,60,9,-1,-1,-1,1,1
2014030001416,1,9,0,9,0,6,0,0,0,0,1,1,6,2,23,5,1388,1,10,7,1
2014030001416,2,9,0,18,0,8,0,0,0,0,3,1,2,1,43,7,1598,1,-1,5,1
2014030001417,1,9,0,13,0,8,5,10,7,9,1,1,2,1,19,4,1061,1,9,5,2
2014030001417,2,17,4,9,0,5,0,0,0,0,0,1,1,1,40,7,-1,2,9,-1,-1
2014030001418,1,9,0,9,0,6,0,0,0,0,0,1,6,1,60,9,2179,2,1,5,3
2014030001418,2,5,0,18,0,1,2,0,0,0,4,1,6,1,42,7,798,1,5,3,1