Accident_Index,Vehicle_Reference,Vehicle_Type,Towing_and_Articulation,Vehicle_Manoeuvre,Vehicle_Location-Restricted_Lane,Junction_Location,Skidding_and_Overturning,Hit_Object_in_Carriageway,Vehicle_Leaving_Carriageway,Hit_Object_off_Carriageway,1st_Point_of_Impact,Was_Vehicle_Left_Hand_Drive?,Journey_Purpose_of_Driver,Sex_of_Driver,Age_of_Driver,Age_Band_of_Driver,Engine_Capacity_(CC),Propulsion_Code,Age_of_Vehicle,Driver_IMD_Decile,Driver_Home_Area_Type
2014030001418,3,5,0,18,0,1,0,0,0,0,1,1,6,1,50,8,998,1,9,-1,-1
2014030001419,1,9,0,9,0,6,0,0,0,0,1,1,3,1,37,7,1596,1,1,-1,-1
2014030001419,2,9,0,18,0,8,0,0,0,0,4,1,1,2,53,8,1329,1,-1,9,1
2014030001422,1,9,0,9,0,8,0,0,0,0,1,1,6,2,18,4,-1,-1,-1,5,3
2014030001422,2,5,0,17,0,8,0,0,7,0,4,1,6,1,39,7,650,1,19,1,1
2014030001426,1,9,0,7,0,2,0,0,0,0,1,1,1,1,48,8,1461,2,9,5,2
2014030001427,1,9,0,9,0,8,0,0,0,0,3,1,6,2,45,7,1360,1,13,4,2
2014030001427,2,2,0,18,0,1,0,0,0,0,1,1,6,1,25,5,124,1,14,4,1
2014030001427,3,90,0,2,0,1,0,0,0,0,0,1,6,1,-1,-1,-1,-1,-1,-1,-1
2014030001429,1,20,0,17,0,0,0,0,0,0,3,1,6,3,-1,-1,-1,-1,-1,-1,-1
2014030001429,2,20,0,16,0,0,0,0,0,0,3,1,6,1,52,8,8970,2,8,8,2
2014030001430,1,5,0,17,0,1,1,0,1,0,4,1,6,1,49,8,649,1,4,8,3
2014030001430,2,9,0,8,0,1,0,0,0,0,1,1,6,1,50,8,-1,-1,-1,9,3
2014030001431,1,19,0,18,0,0,1,0,0,0,3,1,6,1,34,6,1560,2,5,7,3
2014030001431,2,9,0,18,0,0,0,0,0,0,3,1,6,1,49,8,1951,2,11,5,1
2014030001431,3,9,0,18,0,0,0,0,0,0,3,1,6,2,23,5,1598,2,1,-1,-1
2014030001431,4,9,0,18,0,0,0,0,0,0,1,1,6,1,39,7,1390,1,5,6,3
2014030001432,1,9,0,1,0,2,0,0,0,0,2,1,6,1,-1,-1,1994,2,15,2,1
2014030001432,2,9,0,2,0,2,0,0,0,0,1,1,6,1,30,6,1390,1,1,4,1
2014030001433,1,9,0,5,0,7,0,0,0,0,1,1,6,1,-1,-1,2401,2,7,6,3
2014030001433,2,9,0,5,0,7,0,0,0,0,2,1,6,2,18,4,1242,1,10,1,1
2014030001434,1,9,0,18,0,1,0,0,0,0,1,1,6,1,89,11,1389,1,12,6,1
2014030001434,2,9,0,18,0,1,5,0,0,0,4,1,6,2,43,7,-1,-1,-1,8,3
2014030001435,1,1,0,5,0,2,0,0,0,0,3,1,1,1,19,4,-1,-1,-1,3,1
2014030001435,2,11,0,18,0,2,0,0,0,0,1,1,1,1,36,7,6871,2,15,3,1
2014030001436,1,9,0,18,0,1,0,0,0,0,2,1,6,2,17,4,973,1,12,6,3
2014030001436,2,9,0,4,0,1,0,0,0,0,2,1,6,2,50,8,1598,2,3,1,1
2014030001436,3,9,0,10,0,1,0,0,0,0,3,1,6,2,53,8,1596,1,7,1,1
2014030001437,1,19,0,11,0,0,0,0,0,0,1,1,6,1,27,6,2198,2,1,2,1
2014030001437,2,9,0,18,0,0,0,0,1,4,2,1,6,1,27,6,998,1,8,-1,1
2014030001438,1,9,0,16,0,1,0,0,0,0,0,1,6,1,25,5,1781,1,24,9,2
2014030001438,2,1,0,17,0,1,0,0,1,0,0,1,6,1,52,8,-1,-1,-1,9,3
2014030001440,1,21,1,18,0,1,1,0,0,0,1,1,6,1,38,7,12900,2,6,5,1
2014030001440,2,9,0,10,0,1,0,0,0,0,2,1,6,2,18,4,1299,1,8,6,3
2014030001441,1,9,0,18,0,3,0,0,0,0,4,1,6,1,75,10,1328,1,7,6,2
2014030001441,2,1,0,18,0,3,0,0,0,0,3,1,6,1,17,4,-1,-1,-1,5,1
2014030001452,1,5,0,16,0,1,0,12,0,0,1,1,6,1,41,7,649,1,3,2,1
2014030001453,1,4,0,5,0,6,0,0,0,0,1,1,6,1,54,8,885,1,17,3,1
2014030001453,2,9,0,18,0,1,0,0,0,0,1,1,6,1,24,5,1896,2,12,6,3
2014030001454,1,19,0,18,0,1,0,0,0,0,1,1,6,1,39,7,2198,2,2,5,1
2014030001454,2,9,0,10,0,1,0,0,0,0,2,1,6,2,51,8,1461,2,2,7,3
2014030001456,1,9,0,17,0,0,0,0,1,10,1,1,2,1,49,8,1397,1,5,7,3
2014030001456,2,9,0,16,0,0,0,0,2,10,1,1,6,1,86,11,1560,2,6,7,3
2014030001457,1,9,0,13,0,1,1,0,1,10,1,1,6,1,21,5,973,1,12,2,2
2014030001457,2,90,0,9,0,1,0,0,0,0,3,1,6,1,70,10,2800,2,11,8,3
2014030001458,1,19,0,18,0,0,0,0,0,0,1,1,1,1,45,7,2402,2,7,5,3
2014030001458,2,9,0,18,0,0,0,0,0,0,1,1,6,1,30,6,1910,2,10,7,3
2014030001459,1,4,0,13,0,1,0,0,0,0,3,1,6,1,50,8,1050,1,7,6,3
2014030001459,2,9,0,9,0,5,0,0,0,0,1,1,6,1,51,8,1368,1,-1,6,3
2014030001462,1,9,0,18,0,1,0,0,0,0,1,1,1,2,21,5,1560,2,2,2,2
2014030001462,2,9,0,10,0,5,0,0,0,0,2,1,1,1,35,6,1970,1,14,6,3
2014030001463,1,9,0,18,0,0,0,0,0,0,3,1,6,3,-1,-1,-1,-1,-1,-1,-1
2014030001463,2,9,0,18,0,0,0,0,0,0,3,1,6,1,66,10,2488,1,9,8,1
2014030001469,1,9,0,9,0,5,0,0,7,0,1,1,6,1,29,6,1124,1,15,2,1
2014030001469,2,9,0,18,0,8,0,0,0,0,1,1,6,1,42,7,1242,1,4,5,2
2014030001470,1,9,0,4,0,1,0,0,0,0,1,1,6,1,38,7,1951,2,10,2,2
2014030001470,2,9,0,7,0,8,0,0,0,0,1,1,6,1,21,5,1296,1,8,6,3
2014030001471,1,9,0,13,0,8,2,7,1,4,1,1,6,1,21,5,1339,1,6,1,1
2014030001472,1,9,0,4,0,1,0,4,0,0,1,1,6,1,29,6,1796,1,14,2,2
2014030001472,2,9,0,2,0,2,0,0,0,0,2,1,6,2,51,8,1461,2,9,3,1
2014030001473,1,9,0,1,9,6,0,0,0,0,3,1,6,1,17,4,1149,1,11,7,3
2014030001474,1,5,0,16,0,0,0,0,0,0,3,1,6,1,70,10,-1,-1,-1,2,1
2014030001474,2,9,0,17,0,0,0,0,0,0,3,1,6,2,57,9,2477,2,8,7,3
2014030001475,1,1,0,18,0,0,0,0,0,0,0,1,6,2,60,9,-1,-1,-1,8,1
2014030001476,1,9,0,18,0,8,0,0,0,0,3,1,6,1,-1,-1,1781,1,12,-1,-1
2014030001476,2,9,0,9,0,8,0,0,0,0,3,1,6,2,33,6,-1,-1,-1,6,1
2014030001477,1,9,0,3,0,0,0,0,1,1,1,1,1,2,20,4,1461,2,7,6,3
2014030001478,1,9,0,18,0,0,0,0,1,10,1,1,6,2,30,6,1497,8,4,9,3
2014030001479,1,9,0,9,0,1,0,0,0,0,4,1,6,1,54,8,1396,1,16,8,3
2014030001479,2,9,0,18,0,1,0,0,0,0,4,1,6,2,46,8,1396,1,13,8,3
2014030001480,1,9,0,9,0,8,0,0,0,0,1,1,6,2,58,9,1461,2,-1,-1,3
2014030001480,2,9,0,18,0,8,0,0,0,0,1,1,6,1,74,10,2000,2,9,4,1
2014030001502,1,9,0,18,0,0,0,12,6,0,4,1,6,1,50,8,1197,1,1,4,1
2014030001503,1,20,0,18,0,1,0,0,0,0,1,1,1,1,22,5,-1,-1,-1,4,1
2014030001503,2,9,0,18,0,8,0,0,0,2,1,1,6,1,48,8,1910,2,9,4,1
2014030001504,1,9,0,10,0,1,0,0,0,0,1,1,1,2,40,7,-1,-1,-1,7,1
2014030001504,2,1,0,18,0,1,0,0,0,0,1,1,1,1,46,8,-1,-1,-1,3,1
2014030001505,1,9,0,18,0,0,0,0,0,0,3,1,6,1,38,7,-1,-1,-1,1,1
2014030001505,2,4,0,18,0,0,0,0,0,0,2,1,6,1,43,7,-1,-1,-1,-1,-1
2014030001506,1,9,0,16,0,0,0,0,0,0,4,1,6,1,45,7,2179,2,-1,8,3
2014030001506,2,1,0,17,0,0,5,0,7,9,1,1,2,1,43,7,-1,-1,-1,8,3
2014030001507,1,9,0,18,0,0,1,0,1,10,4,1,1,1,30,6,1560,2,3,6,1
2014030001508,1,9,0,18,0,0,0,0,0,0,1,1,2,1,30,6,1998,1,10,4,1
2014030001508,2,9,0,18,0,0,0,0,0,0,2,1,2,1,51,8,1124,1,13,9,1
2014030001508,3,9,0,18,0,0,0,0,0,0,2,1,2,1,64,9,1422,2,8,8,2
2014030001508,4,9,0,16,0,0,0,0,0,0,2,1,2,1,51,8,1753,2,11,-1,1
2014030001508,5,9,0,18,0,0,0,0,0,0,2,1,6,1,27,6,1582,2,1,8,1
2014030001509,1,9,0,17,0,1,1,10,2,7,1,1,6,1,20,4,1229,1,-1,8,3
2014030001510,1,9,0,5,0,2,0,0,0,0,3,1,6,1,31,6,1753,2,5,4,1
2014030001510,2,3,0,18,0,1,0,0,0,0,3,1,6,1,24,5,-1,-1,-1,1,3
2014030001513,1,9,0,17,0,0,2,0,0,0,3,1,6,2,41,7,1596,1,9,3,1
2014030001514,1,3,0,18,0,0,0,0,0,0,1,1,6,1,18,4,124,1,3,2,1
2014030001514,2,9,0,18,0,0,0,0,0,0,0,1,6,2,26,6,-1,-1,-1,3,1
2014030001515,1,5,0,4,0,1,0,0,0,0,2,1,6,1,58,9,980,1,27,3,3
2014030001515,2,9,0,4,0,1,0,0,0,0,2,1,6,1,28,6,-1,-1,-1,8,2
2014030001517,1,9,0,16,0,1,1,0,0,0,1,1,6,1,17,4,1200,1,11,4,1
2014030001517,2,9,0,18,0,1,1,0,1,10,1,1,6,1,28,6,1388,1,9,4,3
2014030001519,1,9,0,18,0,5,0,0,0,0,1,1,6,2,86,11,1198,1,1,7,3
2014030001519,2,19,0,18,0,8,0,0,0,1,1,1,6,2,50,8,1753,2,2,6,3
2014030001523,1,21,1,9,0,2,0,0,0,0,4,1,1,1,66,10,-1,-1,-1,-1,-1
2014030001523,2,9,0,9,0,2,0,0,0,0,3,1,1,1,24,5,1360,1,8,5,1
2014030001524,1,9,0,9,0,1,1,0,0,0,1,1,6,2,20,4,1997,2,12,4,1
2014030001524,2,9,4,18,0,1,1,0,0,10,2,1,6,1,45,7,2993,2,5,9,1
2014030001524,3,21,5,2,0,2,0,0,0,0,2,1,6,1,20,4,12777,2,3,-1,-1
2014030001524,4,9,0,2,0,2,0,0,0,0,3,1,6,1,18,4,1242,1,15,9,3
2014030001524,5,9,0,2,0,2,0,0,0,0,1,1,6,1,20,4,1328,1,7,9,1
2014030001525,1,9,0,10,0,6,0,0,0,0,3,1,6,2,74,10,1997,1,6,9,1
2014030001525,2,5,0,17,0,1,1,0,0,0,1,1,6,1,50,8,-1,-1,-1,6,3
2014030001527,1,9,0,18,0,1,0,0,0,0,1,1,6,2,65,9,1242,1,5,7,3
2014030001527,2,9,0,18,0,1,0,0,0,0,2,1,6,1,31,6,1919,2,6,10,1
2014030001528,1,9,0,6,0,2,0,0,0,0,3,1,6,1,72,10,2497,2,1,-1,-1
2014030001528,2,9,0,18,0,1,0,0,0,0,1,1,1,1,38,7,-1,-1,-1,3,2
2014030001532,1,9,0,1,0,1,0,0,0,0,2,1,6,1,64,9,1560,2,-1,-1,-1
2014030001543,1,19,0,9,0,6,0,0,0,0,3,1,1,1,46,8,-1,-1,-1,3,1
2014030001544,1,19,0,18,0,0,0,0,0,0,1,1,1,1,57,9,1968,2,3,5,1
2014030001544,2,9,0,8,0,0,2,0,1,0,2,1,6,1,58,9,1198,1,6,-1,1
2014030001545,1,9,0,18,0,0,1,0,0,0,1,1,6,3,18,4,1560,2,5,-1,-1
2014030001545,2,3,0,18,0,0,0,0,0,0,1,1,6,1,17,4,106,1,11,4,1
2014030001546,1,9,0,4,0,1,0,0,0,0,1,1,6,3,-1,-1,-1,-1,-1,-1,-1
2014030001546,2,1,0,10,0,1,0,0,0,0,2,1,4,2,15,3,-1,-1,-1,3,3
2014030001551,1,9,0,5,0,0,0,0,0,0,2,1,6,2,20,4,1390,1,7,2,1
2014030001551,2,9,0,2,0,0,0,0,0,0,4,1,6,2,28,6,1910,2,6,-1,-1
2014030001552,1,9,0,18,0,1,0,0,0,0,1,1,6,1,32,6,1988,1,13,9,1
2014030001552,2,9,0,3,0,1,0,0,0,0,2,1,6,1,23,5,1242,1,3,5,3
2014030001552,3,9,0,9,0,1,0,0,0,0,2,1,6,1,30,6,1396,1,12,1,2
2014030001553,1,21,0,17,0,0,2,0,0,3,3,1,6,1,22,5,8970,2,8,1,1
2014030001554,1,9,0,17,0,0,0,0,2,10,1,1,6,1,18,4,1397,1,11,8,2
2014030001555,1,9,0,16,0,0,0,0,0,0,0,1,6,3,-1,-1,-1,-1,-1,-1,-1
2014030001555,2,9,0,17,0,0,0,0,1,10,1,1,6,1,25,5,1422,2,-1,5,2
2014030001556,1,9,0,18,0,0,0,0,7,0,1,1,6,1,18,4,1149,1,11,2,1
2014030001557,1,9,0,17,0,0,1,0,2,0,4,1,6,1,23,5,999,1,14,9,2
2014030001558,1,9,0,10,0,1,0,0,0,0,1,1,6,2,27,6,1364,1,10,8,1
2014030001558,2,9,0,18,0,6,0,0,0,0,1,1,6,2,84,11,1242,1,15,8,1
2014030001559,1,9,0,18,0,0,5,0,0,0,1,1,6,2,51,8,1242,1,10,6,3
2014030001560,1,9,0,8,0,1,0,0,0,0,1,1,6,1,40,7,1968,2,1,10,1
2014030001560,2,9,0,8,0,1,0,0,0,0,2,1,6,1,67,10,1586,1,8,7,1
2014030001561,1,9,0,1,0,0,0,0,0,0,4,1,6,2,33,6,1198,1,5,4,1
2014030001562,1,9,0,4,0,1,0,0,0,0,1,1,6,2,43,7,1390,1,8,5,1
2014030001562,2,9,0,4,0,1,0,0,0,0,2,1,6,2,72,10,1997,1,12,6,2
2014030001563,1,9,0,18,0,0,0,0,0,0,1,1,6,2,20,4,1560,2,1,7,3
2014030001563,2,9,0,18,0,0,0,0,0,0,1,1,6,1,39,7,1900,2,15,7,3
2014030001565,1,9,0,9,0,8,0,0,0,0,4,1,6,2,51,8,2199,2,2,8,1
2014030001565,2,9,0,18,0,1,1,0,0,0,1,1,6,2,50,8,1896,2,10,4,3
2014030001565,3,9,0,4,0,1,0,0,0,0,1,1,6,1,32,6,1560,2,4,6,3
2014030001575,1,9,0,16,0,0,0,0,0,0,3,1,6,1,21,5,-1,-1,-1,1,1
2014030001584,1,9,0,9,0,1,0,0,0,0,1,1,6,2,69,10,1339,1,8,8,1
2014030001584,2,9,0,18,0,1,0,0,0,0,1,1,6,2,23,5,1596,1,8,5,1
2014030001584,3,9,0,2,0,2,0,0,0,0,0,1,6,1,-1,-1,1229,1,6,-1,-1
2014030001588,1,9,0,1,0,0,0,0,0,0,2,1,6,2,69,10,1796,1,11,-1,1
2014030001588,2,9,0,2,0,0,0,0,0,0,1,1,6,2,23,5,1968,2,11,-1,1
2014030001591,1,9,0,10,0,1,0,0,0,0,4,1,6,2,75,10,-1,-1,-1,4,1
2014030001591,2,5,0,15,0,1,0,0,0,0,3,1,6,1,48,8,1261,1,9,7,3
2014030001595,1,9,0,18,0,0,0,0,1,2,1,1,6,1,64,9,1596,1,12,7,1
2014030001596,1,9,0,5,0,6,0,0,0,0,1,1,6,1,22,5,1596,1,7,-1,-1
2014030001596,2,9,0,4,0,1,0,0,0,0,2,1,6,2,69,10,1560,2,3,3,2
2014030001597,1,9,0,9,0,5,0,0,0,0,4,1,6,2,17,4,1149,1,4,1,1
2014030001597,2,1,0,18,0,8,0,0,0,0,1,1,6,1,43,7,-1,-1,-1,5,1
2014030001598,1,9,0,15,0,0,0,0,0,0,2,1,6,1,76,11,1596,1,9,9,1
2014030001598,2,1,0,18,0,0,0,0,0,0,1,1,6,2,32,6,-1,-1,-1,8,3
2014030001599,1,1,0,18,0,5,0,0,0,0,1,1,6,1,30,6,-1,-1,-1,-1,-1
2014030001599,2,9,0,18,0,1,0,0,0,0,1,1,6,1,85,11,998,1,1,7,1
2014030001600,1,9,0,4,0,4,0,0,0,0,4,1,6,3,30,6,-1,-1,-1,-1,-1
2014030001600,2,1,0,4,0,4,0,10,1,0,4,1,6,2,19,4,-1,-1,-1,1,1
2014030001601,1,9,0,9,0,6,0,0,0,0,4,1,6,2,52,8,1499,2,-1,4,2
2014030001601,2,9,0,18,0,1,2,0,1,0,3,1,2,1,58,9,1248,1,-1,3,1
2014030001607,1,9,0,17,0,0,1,0,1,0,1,1,6,1,18,4,1229,1,2,9,3
2014030001608,1,17,5,18,0,0,0,0,0,0,3,1,6,1,30,6,-1,-1,-1,6,3
2014030001608,2,9,0,18,0,0,0,0,0,0,3,1,6,1,65,9,2685,2,12,2,1
2014030001609,1,11,0,5,0,1,0,0,0,0,0,1,6,1,53,8,-1,2,15,-1,-1
2014030001610,1,9,0,4,0,2,1,0,0,0,4,1,6,2,31,6,1560,2,-1,3,1
2014030001610,2,9,0,18,0,1,0,0,0,0,1,1,1,1,44,7,1968,2,4,1,1
2014030001611,1,9,0,18,0,0,2,10,0,0,1,1,6,2,28,6,1390,1,13,4,1
2014030001612,1,9,0,17,0,2,2,10,0,0,3,1,6,1,33,6,1360,1,13,2,1
2014030001612,2,9,0,2,0,2,0,0,0,0,4,1,6,2,23,5,1598,2,1,2,1
2014030001612,3,9,0,2,0,2,0,0,0,0,1,1,6,1,30,6,2179,2,6,2,1
2014030001613,1,90,0,9,0,1,0,0,0,0,0,1,6,1,-1,-1,-1,-1,-1,-1,-1
2014030001618,1,9,0,5,0,0,0,0,0,0,1,1,6,1,22,5,-1,-1,-1,2,1
2014030001618,2,9,0,4,0,0,0,0,0,0,2,1,6,1,44,7,-1,-1,-1,1,1
2014030001621,1,9,0,18,0,0,0,0,0,0,1,1,6,2,25,5,1242,1,11,4,1
2014030001621,2,9,0,18,0,0,0,0,0,0,2,1,6,1,40,7,1749,1,12,6,1
2014030001623,1,9,0,18,0,0,0,0,0,0,1,1,6,1,35,6,1396,1,10,2,2
2014030001625,1,9,0,16,0,0,2,0,2,10,1,1,6,1,23,5,1997,2,11,7,1
2014030001625,2,9,0,18,0,0,0,0,0,0,0,1,6,2,37,7,2179,2,7,7,1
2014030001627,1,5,0,16,0,1,0,0,0,0,1,1,6,1,55,8,1299,1,10,-1,1
2014030001627,2,5,0,10,0,1,0,0,0,0,2,1,6,1,66,10,800,1,3,-1,1
2014030001628,1,9,0,9,0,1,0,0,1,9,1,1,6,1,31,6,1390,1,11,1,2
2014030001628,2,9,0,18,0,1,0,0,0,0,1,1,2,1,41,7,-1,-1,-1,4,1
2014030001630,1,11,0,9,0,5,0,0,0,0,1,1,1,1,50,8,2400,2,9,3,1
2014030001630,2,9,0,18,0,8,0,0,0,0,3,1,2,2,22,5,1560,2,8,3,2
2014030001631,1,1,0,18,0,0,0,0,0,0,3,1,6,1,31,6,-1,-1,-1,5,1
2014030001631,2,9,0,18,0,0,0,0,0,0,3,1,6,2,30,6,1242,1,16,-1,3
2014030001635,1,9,0,9,0,5,0,0,0,0,1,1,6,1,76,11,1398,2,9,4,2
2014030001635,2,1,0,18,0,8,0,0,0,0,0,1,6,1,35,6,-1,-1,-1,1,1
2014030001635,3,9,0,18,0,1,0,0,0,0,0,1,6,1,28,6,1197,1,1,6,1
2014030001638,1,9,0,18,0,0,0,0,0,0,0,1,6,3,-1,-1,-1,-1,-1,-1,-1
2014030001638,2,9,0,18,0,0,1,0,8,10,1,1,6,1,18,4,1390,1,3,5,1
2014030001646,1,9,0,17,0,0,1,0,1,10,1,1,6,1,40,7,1900,2,14,4,1
2014030001648,1,9,0,5,0,4,0,0,0,0,1,1,6,1,18,4,1229,1,9,5,1
2014030001648,2,9,0,7,0,3,0,0,0,0,4,1,6,2,20,4,-1,-1,-1,2,1
2014030001650,1,9,0,17,0,0,0,0,7,10,1,1,6,1,17,4,1124,1,10,2,1
2014030001652,1,9,0,17,0,0,5,0,7,4,1,1,6,1,71,10,1600,1,3,10,1
2014030001654,1,9,0,7,0,1,0,0,0,0,1,1,6,1,27,6,1390,1,8,3,1
2014030001654,2,9,0,18,0,1,0,0,0,0,4,1,6,1,40,7,1968,2,6,1,1
2014030001656,1,1,0,18,0,1,0,0,0,0,1,1,6,1,43,7,-1,-1,-1,8,2
2014030001658,1,1,0,18,0,0,1,0,7,0,0,1,6,1,43,7,-1,-1,-1,9,2
2014030001666,1,9,0,18,0,0,2,0,1,0,1,1,6,1,68,10,1389,1,14,-1,-1
2014030001667,1,9,0,17,0,0,5,0,2,10,4,1,6,1,23,5,1391,1,18,3,1
2014030001669,1,9,0,9,7,1,0,0,0,0,4,1,6,1,42,7,1560,2,1,5,3
2014030001669,2,9,0,18,0,1,0,0,0,0,1,1,6,1,68,10,2198,2,7,8,1
2014030001669,3,9,0,10,0,1,0,0,0,0,1,1,6,1,36,7,1685,2,-1,7,1
2014030001673,1,9,0,18,0,0,0,0,0,0,1,1,6,1,19,4,1229,1,1,6,3
2014030001676,1,5,0,16,0,0,0,0,1,0,4,1,6,1,70,10,1000,1,30,5,1
2014030001677,1,19,0,18,0,1,1,0,0,0,1,1,6,2,58,9,2198,2,2,-1,-1
2014030001677,2,9,0,3,0,4,0,0,0,0,2,1,6,2,58,9,1995,2,7,-1,-1
2014030001679,1,11,0,18,0,0,0,0,0,0,0,1,6,1,55,8,-1,2,15,-1,-1
2014030001681,1,9,0,17,0,0,0,0,7,4,1,1,6,2,21,5,1198,1,12,8,3
2014030001682,1,9,4,18,0,0,0,0,0,0,1,1,6,1,-1,-1,-1,-1,-1,-1,-1
2014030001682,2,5,0,18,0,0,2,0,0,0,1,1,6,1,28,6,-1,-1,-1,3,1
2014030001684,1,19,0,4,0,1,0,0,0,0,2,1,2,1,45,7,1248,2,3,9,1
2014030001684,2,11,0,5,0,1,0,0,0,0,1,1,1,1,55,8,9600,2,21,-1,-1
2014030001686,1,9,0,18,0,1,0,0,0,0,3,1,6,1,49,8,1560,2,9,4,1
2014030001686,2,21,1,5,0,1,0,0,0,0,4,1,1,1,49,8,11967,2,1,2,1
2014030001689,1,5,0,13,0,1,0,0,7,9,1,1,6,1,45,7,599,1,13,10,2
2014030001689,2,9,0,9,0,8,0,0,0,0,3,1,6,2,71,10,1248,1,1,7,3
2014030001692,1,8,0,5,0,0,0,0,0,0,0,1,1,1,51,8,1598,2,1,2,2
2014030001706,1,9,0,18,0,0,0,0,0,0,1,1,6,1,71,10,1598,1,12,6,3
2014030001707,1,5,0,4,0,1,1,0,3,9,3,1,6,1,51,8,-1,-1,-1,5,3
2014030001708,1,9,0,18,0,0,0,0,0,0,1,1,6,2,60,9,2199,2,2,-1,1
2014030001708,2,9,0,18,0,0,0,0,0,0,2,1,6,1,36,7,1753,2,10,4,2
2014030001709,1,10,0,14,0,0,0,0,0,0,3,2,1,1,51,8,-1,-1,-1,5,3
2014030001709,2,5,0,18,0,0,2,0,0,0,3,1,6,1,53,8,1043,1,1,7,1
2014030001709,3,5,0,3,0,0,0,0,0,0,2,1,6,1,50,8,600,1,17,10,1
2014030001710,1,9,0,18,0,8,0,0,0,0,1,1,6,2,-1,-1,1364,2,6,6,2
2014030001710,2,9,0,3,0,8,0,0,0,0,2,1,6,2,62,9,1461,2,2,7,1
2014030001711,1,9,0,18,0,1,0,0,0,0,1,1,6,1,56,9,1598,1,10,7,1
2014030001711,2,1,0,18,0,8,0,0,0,0,3,1,6,1,24,5,-1,-1,-1,3,1
2014030001714,1,20,0,13,0,8,1,0,0,0,1,1,1,1,28,6,-1,-1,-1,7,2
2014030001714,2,9,0,9,0,5,0,0,0,0,3,1,1,2,28,6,1390,1,11,5,3
2014030001715,1,90,4,13,0,0,0,0,0,0,4,1,6,1,53,8,-1,-1,-1,-1,-1
2014030001715,2,1,0,18,0,0,0,0,0,0,3,1,6,1,32,6,-1,-1,-1,5,1
2014030001716,1,9,0,18,0,1,0,0,0,0,1,1,1,2,33,6,1560,2,2,-1,1
2014030001716,2,9,0,18,0,1,0,0,0,0,2,1,1,1,39,7,1956,2,2,2,1
2014030001720,1,9,0,16,0,0,5,0,2,10,3,1,2,1,20,4,1242,1,6,10,1
2014030001720,2,9,0,2,0,0,0,0,0,0,2,1,6,2,30,6,1248,1,1,-1,-1
2014030001721,1,9,0,3,0,8,0,0,0,0,3,1,6,2,34,6,-1,-1,-1,7,3
2014030001721,2,9,0,18,0,8,0,0,0,0,4,1,6,1,67,10,-1,-1,-1,2,1
2014030001723,1,1,0,16,0,0,0,11,0,0,0,1,6,1,54,8,-1,-1,-1,9,1
2014030001725,1,9,0,9,0,6,0,0,0,0,1,1,6,1,53,8,2204,2,7,6,3
2014030001725,2,19,0,18,0,8,0,0,0,0,4,1,1,1,33,6,-1,-1,-1,-1,-1
2014030001727,1,19,0,16,0,0,0,0,0,0,1,1,6,1,47,8,-1,-1,-1,5,2
2014030001727,2,9,0,3,0,0,0,0,0,0,4,1,6,2,24,5,-1,-1,-1,5,3
2014030001727,3,9,0,3,0,0,0,0,0,0,2,1,6,1,68,10,1995,2,9,-1,3
2014030001728,1,9,0,5,0,1,0,0,0,0,1,1,6,1,44,7,1896,2,6,-1,1
2014030001728,2,9,0,3,0,1,0,0,0,0,2,1,6,1,62,9,1991,2,5,6,1
2014030001732,1,1,0,18,0,1,1,0,0,0,1,1,6,1,35,6,-1,-1,-1,1,1
2014030001732,2,8,0,18,0,1,0,0,0,0,3,1,1,1,30,6,1896,2,5,3,1
2014030001739,1,9,0,9,0,5,0,0,0,0,4,1,6,1,79,11,1248,1,1,6,3
2014030001739,2,9,0,18,0,1,0,0,0,0,1,1,6,1,38,7,2351,1,8,9,1
2014030001740,1,19,0,9,0,1,0,0,0,0,0,1,1,1,-1,-1,-1,-1,-1,-1,-1
2014030001740,2,9,0,13,0,1,1,0,7,9,1,1,1,1,41,7,1753,2,12,7,3
2014030001741,1,9,0,7,0,5,0,0,0,0,4,1,6,2,29,6,1997,1,13,5,1
2014030001741,2,1,0,18,0,1,0,0,0,0,1,1,6,1,40,7,-1,-1,-1,3,1
2014030001743,1,9,0,18,0,1,0,0,3,10,4,1,6,2,48,8,1399,2,4,7,3
2014030001743,2,9,0,18,0,1,0,0,1,10,1,1,6,1,64,9,2179,2,5,7,3
2014030001754,1,9,0,9,0,4,0,0,0,0,3,1,6,2,52,8,1461,2,7,7,3
2014030001754,2,9,0,18,0,4,0,0,0,0,1,1,6,2,46,8,1199,2,1,4,3
2014030001760,1,1,0,18,0,0,0,0,0,0,3,1,1,1,37,7,-1,-1,-1,1,1
2014030001760,2,9,0,18,0,0,0,0,0,0,1,1,1,2,45,7,1910,2,6,5,1
2014030001761,1,9,0,18,0,0,0,0,0,0,1,1,6,2,-1,-1,1560,2,3,2,1
2014030001761,2,9,0,18,0,0,0,0,0,0,3,1,6,1,30,6,-1,-1,-1,3,1
2014030001762,1,4,0,18,0,0,0,0,0,0,0,1,6,1,53,8,955,1,14,5,3
2014030001762,2,16,4,18,0,0,0,0,0,0,0,1,6,1,-1,-1,-1,-1,-1,-1,-1