Accident_Index,Vehicle_Reference,Vehicle_Type,Towing_and_Articulation,Vehicle_Manoeuvre,Vehicle_Location-Restricted_Lane,Junction_Location,Skidding_and_Overturning,Hit_Object_in_Carriageway,Vehicle_Leaving_Carriageway,Hit_Object_off_Carriageway,1st_Point_of_Impact,Was_Vehicle_Left_Hand_Drive?,Journey_Purpose_of_Driver,Sex_of_Driver,Age_of_Driver,Age_Band_of_Driver,Engine_Capacity_(CC),Propulsion_Code,Age_of_Vehicle,Driver_IMD_Decile,Driver_Home_Area_Type
2014030001763,1,4,0,18,0,0,1,0,0,0,0,1,6,1,30,6,499,1,14,4,1
2014030001764,1,1,0,18,0,2,1,0,0,0,1,1,6,1,14,3,-1,-1,-1,3,1
2014030001764,2,9,0,2,0,2,0,0,0,0,4,1,6,2,45,7,2000,2,9,4,1
2014030001765,1,19,0,18,0,0,0,0,0,0,4,1,6,1,20,4,2198,2,5,7,3
2014030001765,2,1,0,18,0,0,0,0,0,0,3,1,6,2,22,5,-1,-1,-1,9,1
2014030001766,1,9,0,7,0,5,0,0,0,0,1,1,6,3,30,6,-1,-1,-1,-1,-1
2014030001767,1,9,0,18,0,1,0,0,0,0,1,1,6,2,53,8,1596,1,8,5,1
2014030001767,2,9,0,4,0,1,0,0,0,0,2,1,6,1,71,10,1590,1,12,2,1
2014030001767,3,9,0,9,0,5,1,0,0,0,2,1,6,1,44,7,1686,2,10,2,1
2014030001768,1,17,5,18,0,0,0,0,0,0,3,1,1,3,-1,-1,-1,-1,-1,-1,-1
2014030001768,2,4,0,18,0,0,0,0,0,0,3,1,6,1,47,8,553,1,23,7,3
2014030001769,1,9,0,9,0,5,0,0,0,0,1,1,6,1,51,8,-1,-1,-1,7,3
2014030001769,2,1,0,18,0,1,0,0,0,0,1,1,6,1,47,8,-1,-1,-1,7,1
2014030001786,1,9,0,18,0,0,1,0,7,10,1,1,6,1,49,8,1951,2,10,6,2
2014030001787,1,9,0,18,0,0,0,0,1,0,1,1,6,1,19,4,1596,1,7,9,1
2014030001787,2,9,0,4,0,0,0,0,0,0,3,1,6,1,33,6,1995,2,3,5,1
2014030001787,3,9,0,3,0,0,0,0,0,0,2,1,6,1,60,9,1299,1,14,4,1
2014030001788,1,9,0,1,0,2,0,0,0,0,2,1,6,2,20,4,973,1,13,3,1
2014030001788,2,9,0,18,0,2,1,0,0,0,4,1,6,2,59,9,2720,2,6,6,1
2014030001789,1,5,0,18,0,0,0,0,0,0,1,1,6,1,45,7,1200,1,13,3,2
2014030001789,2,9,0,18,0,0,0,0,0,0,1,1,6,1,53,8,3456,8,5,7,1
2014030001796,1,9,0,18,0,0,0,0,0,0,3,1,6,1,47,8,1968,2,7,7,1
2014030001796,2,9,0,18,3,0,0,0,0,0,3,1,6,1,75,10,1598,1,6,-1,-1
2014030001796,3,9,0,18,0,0,0,0,0,0,3,1,6,1,50,8,1242,1,5,5,1
2014030001796,4,9,0,18,0,0,0,0,0,0,3,1,6,2,41,7,1598,1,7,7,1
2014030001797,1,9,0,15,0,0,0,0,7,0,1,1,2,1,29,6,1390,1,5,8,3
2014030001797,2,17,0,8,0,0,0,0,0,0,0,1,6,3,30,6,-1,-1,-1,-1,-1
2014030001798,1,9,0,18,0,1,0,0,7,10,1,2,6,1,17,4,1299,1,12,4,2
2014030001798,2,9,0,18,0,1,0,0,0,0,3,1,6,1,67,10,-1,-1,-1,-1,-1
2014030001799,1,9,0,4,0,8,1,0,0,0,1,1,6,1,62,9,1998,1,10,5,3
2014030001799,2,9,0,9,0,1,0,0,0,0,3,1,6,2,33,6,1997,2,1,4,1
2014030001808,1,9,0,18,0,0,0,0,0,0,1,1,6,1,53,8,1299,1,7,10,3
2014030001808,2,9,0,18,0,0,0,0,0,0,3,1,6,2,69,10,-1,-1,-1,10,3
2014030001808,3,9,0,18,0,0,0,0,0,0,3,1,6,2,59,9,1796,2,1,9,1
2014030001809,1,9,0,5,0,0,0,0,0,0,3,1,6,2,66,10,1198,1,3,8,1
2014030001809,2,9,0,18,0,0,0,0,0,0,4,1,6,1,27,6,1242,1,12,1,1
2014030001810,1,9,0,18,0,0,0,0,0,0,1,1,6,1,80,11,1769,1,9,7,1
2014030001810,2,19,0,2,0,0,0,0,0,0,2,1,6,2,-1,-1,-1,-1,-1,-1,-1
2014030001812,1,9,0,18,0,1,0,0,0,0,1,1,6,2,26,6,1998,1,7,5,3
2014030001812,2,9,0,4,0,1,1,0,0,0,1,1,6,1,17,4,1399,2,12,3,2
2014030001812,3,9,0,4,0,1,0,0,0,0,2,1,6,1,40,7,1388,1,5,6,3
2014030001818,1,9,0,18,0,0,2,0,8,6,3,1,6,2,48,8,1149,1,2,-1,1
2014030001819,1,9,0,18,0,0,5,0,7,4,3,1,6,1,85,11,1997,2,12,5,1
2014030001827,1,9,0,15,0,0,2,10,8,9,0,1,2,1,33,6,-1,-1,-1,2,2
2014030001827,2,9,0,18,0,0,0,0,7,9,0,1,6,1,58,9,-1,-1,-1,8,1
2014030001828,1,9,0,9,0,2,1,4,1,10,1,1,6,1,18,4,1149,1,12,8,1
2014030001828,2,9,0,2,0,2,0,0,0,0,4,1,6,1,38,7,2993,2,-1,5,1
2014030001829,1,1,0,18,0,1,0,0,0,0,1,1,6,1,13,3,-1,-1,-1,3,1
2014030001829,2,9,0,18,0,1,0,0,0,0,1,1,6,1,21,5,1596,1,12,3,1
2014030001830,1,9,0,7,0,1,0,0,0,0,1,1,6,3,-1,-1,-1,-1,-1,-1,-1
2014030001830,2,9,0,18,0,1,0,0,0,0,1,1,6,1,41,7,1149,1,2,2,1
2014030001831,1,9,0,5,0,6,2,0,1,0,2,1,6,2,79,11,998,1,3,6,3
2014030001831,2,9,0,18,0,1,0,0,0,0,1,1,6,2,74,10,1598,1,6,7,1
2014030001831,3,9,0,18,0,1,0,0,0,0,2,1,6,1,71,10,1582,2,-1,5,1
2014030001832,1,19,0,18,0,0,0,0,0,0,3,1,6,3,30,6,-1,-1,-1,-1,-1
2014030001833,1,9,0,9,0,1,0,0,0,0,1,1,6,1,44,7,1997,12,1,-1,-1
2014030001833,2,1,0,18,0,1,0,0,0,0,1,1,6,1,34,6,-1,-1,-1,7,1
2014030001834,1,9,0,13,0,0,5,0,0,0,1,1,6,1,23,5,2000,1,15,6,2
2014030001834,2,9,0,18,0,0,0,0,0,0,3,1,6,1,81,11,-1,-1,-1,6,3
2014030001835,1,9,0,18,9,1,0,0,7,2,1,1,6,2,51,8,999,1,12,6,1
2014030001836,1,9,0,18,0,5,0,0,0,0,1,1,6,1,81,11,1582,2,7,2,3
2014030001836,2,9,0,18,0,3,0,0,0,0,1,1,6,2,57,9,1242,1,3,8,1
2014030001837,1,9,0,5,0,6,0,0,0,0,0,1,6,3,30,6,-1,-1,-1,-1,-1
2014030001837,2,1,0,9,0,5,0,0,0,0,0,1,1,1,61,9,-1,-1,-1,-1,1
2014030001838,1,9,0,18,0,0,2,0,8,10,3,1,6,1,39,7,1968,2,9,3,1
2014030001839,1,9,0,9,0,1,0,0,0,0,1,1,6,2,47,8,1997,2,12,-1,-1
2014030001839,2,1,0,7,0,1,0,0,0,0,1,1,6,1,52,8,-1,-1,-1,9,1
2014030001841,1,5,0,4,0,1,0,0,0,0,3,1,6,1,63,9,649,1,2,8,1
2014030001841,2,9,0,3,0,1,0,0,0,0,2,2,6,1,56,9,2400,2,2,5,3
2014030001842,1,9,0,10,0,1,0,0,0,0,3,1,6,1,67,10,1956,2,2,2,1
2014030001842,2,1,0,18,0,1,0,0,0,0,4,1,6,1,40,7,-1,-1,-1,1,1
2014030001843,1,9,0,8,0,1,0,0,0,0,1,1,6,1,60,9,1392,1,18,1,1
2014030001843,2,1,0,18,0,1,0,0,0,0,2,1,2,1,33,6,-1,-1,-1,3,3
2014030001844,1,9,0,9,0,1,0,0,0,0,3,1,2,1,30,6,2993,2,-1,9,3
2014030001844,2,9,0,18,0,1,0,0,0,0,1,1,2,1,39,7,-1,-1,-1,6,2
2014030001845,1,9,0,1,0,0,0,0,0,0,2,1,6,2,44,7,-1,-1,-1,1,1
2014030001845,2,1,0,18,0,0,0,0,0,0,1,1,6,1,15,3,-1,-1,-1,1,1
2014030001846,1,90,0,18,0,0,0,0,0,0,3,1,6,3,30,6,-1,-1,-1,-1,-1
2014030001846,2,1,0,18,0,0,0,0,0,0,3,1,1,2,50,8,-1,-1,-1,6,2
2014030001856,1,9,0,4,0,2,1,0,0,0,1,1,6,1,-1,-1,1364,1,7,-1,-1
2014030001856,2,9,0,4,0,2,0,0,0,0,2,1,6,1,43,7,998,1,4,7,3
2014030001860,1,9,0,9,0,6,1,0,1,0,0,1,1,2,25,5,1560,2,4,4,1
2014030001861,1,9,0,4,0,4,0,0,0,0,1,1,6,2,67,10,-1,-1,-1,3,1
2014030001861,2,1,0,18,0,4,0,0,0,0,1,1,6,1,23,5,-1,-1,-1,3,1
2014030001862,1,9,0,18,0,0,0,0,0,0,1,1,6,1,84,11,-1,-1,-1,3,1
2014030001862,2,9,0,10,0,0,0,0,0,0,2,1,6,2,39,7,2143,2,2,2,3
2014030001863,1,9,0,17,0,0,5,0,1,0,1,1,6,1,18,4,1396,2,4,7,3
2014030001864,1,9,0,16,0,0,1,10,1,9,1,1,6,2,35,6,1798,1,6,10,1
2014030001865,1,9,0,17,0,0,1,0,0,0,1,1,6,1,18,4,1399,2,12,5,3
2014030001865,2,5,0,16,0,0,0,0,0,0,4,1,6,1,60,9,647,1,16,1,1
2014030001866,1,9,0,7,0,3,0,10,1,1,4,1,2,1,24,5,1995,2,12,2,1
2014030001871,1,9,0,9,0,2,0,0,0,0,1,1,6,1,78,11,-1,-1,-1,7,3
2014030001871,2,9,0,18,0,1,0,0,0,0,4,1,6,2,43,7,3200,2,14,7,1
2014030001872,1,9,0,18,0,0,0,0,0,0,1,1,6,1,34,6,-1,-1,-1,9,1
2014030001872,2,17,4,18,0,0,0,0,0,0,2,1,1,1,30,6,-1,2,5,6,3
2014030001873,1,9,0,9,0,5,0,0,0,0,1,1,6,1,31,6,1896,2,6,5,1
2014030001873,2,1,0,18,0,8,0,0,0,0,3,1,6,1,41,7,-1,-1,-1,5,1
2014030001874,1,9,0,9,0,5,0,0,0,0,4,1,6,2,18,4,1368,1,4,5,2
2014030001874,2,9,0,18,0,8,5,0,0,0,1,1,6,1,31,6,1796,1,10,7,1
2014030001874,3,9,0,3,0,1,0,0,0,0,1,1,6,1,54,8,2967,1,14,7,3
2014030001875,1,8,0,17,0,8,0,0,0,0,0,1,1,2,43,7,1997,2,5,3,1
2014030001876,1,9,0,16,0,0,2,0,7,1,1,1,6,1,20,4,1686,2,10,4,2
2014030001877,1,1,0,18,0,6,0,0,0,0,3,1,6,1,37,7,-1,-1,-1,1,1
2014030001877,2,9,0,18,0,8,0,0,0,0,1,1,6,2,58,9,1560,2,1,8,1
2014030001878,1,5,0,4,0,0,1,0,0,0,1,1,6,2,49,8,-1,-1,-1,4,1
2014030001878,2,21,4,3,0,0,0,0,0,0,2,2,1,1,38,7,-1,-1,-1,-1,-1
2014030001889,1,9,0,18,0,0,5,0,0,0,1,1,6,2,33,6,1995,2,3,7,3
2014030001894,1,9,0,18,0,0,0,0,0,0,1,1,6,1,43,7,1386,1,3,10,1
2014030001894,2,9,0,4,0,0,0,0,0,0,2,1,6,1,20,4,1199,1,13,7,1
2014030001895,1,9,0,18,0,0,1,12,1,10,4,1,6,2,17,4,1398,2,11,7,2
2014030001897,1,9,0,16,0,0,0,0,7,10,1,1,6,2,21,5,1299,1,8,6,3
2014030001898,1,9,0,14,0,0,0,0,0,0,4,1,6,2,74,10,1248,2,5,2,1
2014030001898,2,16,0,14,0,0,0,0,0,0,3,1,6,2,19,4,-1,-1,-1,6,3
2014030001918,1,9,0,13,0,1,0,0,7,10,1,1,6,1,24,5,1998,1,9,-1,-1
2014030001918,2,9,0,9,0,5,0,0,0,0,3,1,6,1,51,8,1360,1,3,-1,3
2014030001920,1,9,0,17,0,0,1,0,1,9,1,1,6,1,17,4,1149,1,8,5,2
2014030001921,1,1,0,9,0,6,0,0,0,0,1,1,6,1,21,5,-1,-1,-1,-1,-1
2014030001921,2,20,0,18,0,8,0,10,0,0,3,1,1,1,31,6,-1,-1,-1,8,3
2014030001922,1,9,0,9,0,6,0,0,0,0,1,1,6,2,81,11,1149,1,6,9,1
2014030001922,2,8,0,18,0,8,0,0,0,0,4,1,6,1,36,7,1997,2,1,2,1
2014030001923,1,9,0,18,0,0,0,0,0,10,1,1,6,1,75,10,1461,2,9,9,2
2014030001924,1,9,0,5,0,1,0,0,0,0,1,1,2,1,31,6,1386,1,10,8,1
2014030001924,2,9,0,18,0,1,0,0,0,0,4,1,2,2,39,7,1493,2,11,3,2
2014030001930,1,9,0,18,0,4,0,0,0,0,1,1,6,2,26,6,-1,-1,-1,3,1
2014030001930,2,9,0,3,0,4,0,0,0,0,2,1,6,2,17,4,1598,2,1,7,1
2014030001931,1,9,0,16,0,0,1,0,0,0,1,1,6,2,25,5,1199,1,13,3,3
2014030001931,2,11,0,17,0,0,0,0,0,0,1,1,1,1,50,8,4580,2,4,2,1
2014030001932,1,9,0,17,0,0,1,0,0,0,3,1,6,1,26,6,1299,1,14,7,2
2014030001933,1,9,0,16,0,3,0,0,0,0,4,1,6,1,63,9,-1,-1,-1,8,1
2014030001934,1,9,0,16,0,0,1,0,0,0,1,1,6,2,19,4,1199,1,11,4,2
2014030001935,1,9,0,5,0,0,0,0,0,0,1,1,6,1,66,10,1560,2,8,9,1
2014030001939,1,9,0,17,0,4,0,0,0,0,3,1,6,1,64,9,1399,2,4,10,3
2014030001939,2,1,0,18,0,8,0,0,0,0,1,1,6,2,42,7,-1,-1,-1,6,1
2014030001940,1,9,0,1,0,1,0,0,0,0,0,1,6,3,30,6,-1,-1,-1,-1,-1
2014030001940,2,9,0,3,0,4,0,0,0,0,1,1,6,2,24,5,1796,1,7,8,1
2014030001941,1,8,0,5,0,0,0,0,0,0,3,1,1,1,43,7,1598,1,14,1,1
2014030001942,1,9,0,10,0,0,0,0,0,0,1,1,6,1,33,6,-1,-1,-1,1,1
2014030001942,2,1,0,14,0,0,0,0,0,0,1,1,6,1,59,9,-1,-1,-1,-1,-1
2014030001948,1,9,0,16,0,0,1,0,7,4,1,1,6,1,44,7,998,1,9,4,2
2014030001951,1,19,0,14,0,1,0,0,0,0,4,1,6,3,-1,-1,-1,-1,-1,-1,-1
2014030001951,2,1,0,14,0,1,0,0,0,0,3,1,6,1,35,6,-1,-1,-1,5,1
2014030001953,1,9,0,18,0,4,0,0,0,0,1,1,6,1,21,5,1248,2,8,4,3
2014030001953,2,9,0,18,0,3,0,0,0,0,4,1,6,2,19,4,1399,2,7,2,1
2014030001955,1,9,0,1,0,1,0,0,0,0,0,1,6,2,24,5,1995,2,10,1,3
2014030001955,2,1,0,18,0,1,1,0,0,0,0,1,6,1,31,6,-1,-1,-1,3,2
2014030001956,1,20,0,7,0,6,0,0,0,0,1,1,6,1,32,6,6370,2,10,3,1
2014030001956,2,9,0,18,0,8,0,0,0,0,1,1,6,2,47,8,1598,1,7,6,2
2014030001957,1,9,0,18,0,0,0,0,0,0,1,1,6,3,30,6,-1,-1,-1,-1,-1
2014030001957,2,9,0,3,0,0,0,0,0,0,2,1,6,1,25,5,1396,1,10,3,2
2014030001958,1,9,0,10,0,1,0,0,0,0,1,1,6,1,83,11,3969,1,17,5,1
2014030001958,2,9,0,18,0,1,0,0,0,0,1,1,2,1,50,8,1598,1,4,9,3
2014030001959,1,9,0,18,0,1,0,0,0,0,1,1,6,1,23,5,1896,2,18,1,2
2014030001959,2,9,0,4,0,1,0,0,0,0,2,1,6,2,70,10,1248,1,2,1,2
2014030001960,1,9,0,18,9,2,0,0,1,2,1,1,6,2,57,9,1596,1,10,6,1
2014030001961,1,19,0,1,0,0,0,4,0,0,4,1,1,1,30,6,-1,-1,-1,-1,-1
2014030001961,2,9,0,2,0,0,0,0,0,0,3,1,6,1,37,7,2777,2,5,4,2
2014030001962,1,9,0,9,0,8,0,0,0,0,4,1,1,2,35,6,1240,1,5,4,2
2014030001962,2,1,0,18,0,8,0,0,0,0,1,1,6,1,33,6,-1,-1,-1,1,1
2014030001963,1,9,0,11,0,0,0,0,0,0,0,1,6,3,30,6,-1,-1,-1,-1,-1
2014030001963,2,9,0,18,0,0,2,0,1,10,0,1,6,1,26,6,1390,1,13,-1,-1
2014030001968,1,8,0,18,0,0,0,0,0,0,0,1,6,1,40,7,1248,2,7,6,2
2014030001972,1,9,0,18,0,0,0,0,0,0,1,1,2,2,22,5,1910,2,7,6,2
2014030001972,2,9,0,18,0,0,0,0,0,0,2,1,1,1,55,8,-1,-1,-1,-1,1
2014030001974,1,9,0,17,0,0,2,0,1,0,1,1,6,1,22,5,1796,1,10,-1,1
2014030001976,1,9,0,18,0,1,1,0,0,0,1,1,6,1,80,11,1396,1,17,9,1
2014030001976,2,9,0,3,0,1,0,0,0,0,2,1,6,1,30,6,1995,2,5,7,1
2014030001980,1,9,0,18,0,0,0,0,0,0,4,1,6,3,-1,-1,-1,-1,-1,-1,-1
2014030001981,1,9,0,18,0,2,0,0,0,0,1,1,6,1,80,11,1339,1,1,8,3
2014030001981,2,1,0,18,0,2,0,0,0,0,1,1,6,2,54,8,-1,-1,-1,7,1
2014030001984,1,9,0,18,0,1,0,0,0,0,1,1,6,2,20,4,1124,1,10,7,3
2014030001984,2,9,0,3,0,1,0,0,0,0,2,1,6,1,24,5,1598,1,8,-1,1
2014030001993,1,9,0,7,0,1,0,0,0,0,4,1,6,1,36,7,2861,1,20,6,3
2014030001993,2,1,0,18,0,1,0,0,0,0,1,1,6,1,49,8,-1,-1,-1,2,1
2014030001994,1,17,0,13,0,0,0,0,0,0,0,1,6,1,19,4,6728,2,1,5,3
2014030001994,2,1,0,4,0,0,0,0,0,0,0,1,6,2,18,4,-1,-1,-1,5,2
2014030001998,1,9,0,6,0,0,0,10,0,0,1,1,6,3,-1,-1,-1,-1,-1,-1,-1
2014030002003,1,9,0,3,0,0,0,0,0,0,1,1,6,1,65,9,1000,1,-1,6,2
2014030002003,2,9,0,3,0,0,0,0,0,0,0,1,6,1,25,5,-1,-1,-1,7,2
2014030002003,3,9,0,2,0,0,0,0,0,0,0,1,6,3,-1,-1,-1,-1,-1,-1,-1
2014030002008,1,9,0,18,0,8,0,0,0,0,1,1,6,1,83,11,1560,2,1,-1,-1
2014030002008,2,9,0,18,0,8,0,0,0,0,3,1,6,2,38,7,1242,1,11,2,1
2014030002010,1,1,0,16,0,0,0,0,0,0,3,1,6,1,15,3,-1,-1,-1,-1,-1
2014030002010,2,9,0,17,0,0,1,0,0,0,1,1,6,1,45,7,-1,-1,-1,7,1
2014030002011,1,21,1,18,0,1,0,0,0,0,1,1,1,1,46,8,11705,2,6,7,3
2014030002011,2,9,0,8,0,1,0,0,0,0,2,1,6,1,44,7,-1,-1,-1,7,3
2014030002012,1,1,0,18,0,2,0,0,3,10,1,1,6,2,43,7,-1,-1,-1,8,1
2014030002013,1,9,0,18,0,0,0,4,0,0,1,1,6,1,23,5,-1,-1,-1,3,2
2014030002013,2,9,0,2,0,0,0,0,0,0,2,1,6,2,40,7,1998,1,7,3,2
2014030002013,3,9,0,2,0,0,0,0,0,0,1,1,6,1,52,8,-1,-1,-1,3,2
2014030002013,4,8,0,18,0,0,0,0,0,0,2,1,1,1,43,7,-1,-1,-1,3,2
2014030002014,1,9,0,18,0,0,0,0,0,0,3,1,6,3,-1,-1,-1,-1,-1,-1,-1
2014030002014,2,1,0,18,0,0,0,0,0,0,3,1,6,2,51,8,-1,-1,-1,9,1
2014030002015,1,9,0,7,0,4,1,0,0,0,1,1,2,2,-1,-1,1124,1,11,6,3
2014030002015,2,9,0,7,0,6,0,0,0,0,3,1,6,1,82,11,1997,2,1,-1,-1
2014030002015,3,90,0,18,0,2,0,0,0,0,0,1,6,3,-1,-1,-1,-1,-1,-1,-1
2014030002018,1,9,0,9,0,1,0,0,0,0,4,1,6,1,23,5,1596,1,13,7,2
2014030002018,2,5,0,18,0,1,1,0,0,0,1,1,6,1,26,6,600,1,19,-1,-1
2014030002032,1,9,0,5,0,1,0,0,0,0,1,1,6,2,29,6,1560,2,3,3,1
2014030002032,2,9,0,18,0,8,0,0,0,0,1,1,6,2,-1,-1,1364,1,5,4,1
2014030002034,1,5,0,16,0,0,1,0,7,10,1,1,6,1,23,5,750,1,5,6,3
2014030002035,1,9,0,18,0,0,0,0,0,0,0,1,6,2,63,9,1124,1,14,3,1
2014030002036,1,9,0,9,0,2,0,0,0,0,3,1,6,1,26,6,999,1,-1,7,1
2014030002036,2,9,0,18,0,1,0,0,0,0,1,1,6,2,66,10,1968,2,2,5,1
2014030002037,1,9,0,16,0,0,1,0,7,10,1,1,6,2,31,6,1198,1,7,9,3
2014030002037,2,9,0,17,0,0,1,0,1,0,3,1,6,1,54,8,1997,2,8,6,3
2014030002038,1,9,0,18,0,0,0,0,2,6,1,1,6,1,23,5,1124,1,10,8,2
2014030002038,2,20,0,18,0,0,0,0,0,0,4,1,6,2,26,6,5861,2,14,7,3
2014030002044,1,9,0,5,0,6,0,0,0,0,1,1,6,2,53,8,1997,2,11,9,3
2014030002044,2,9,0,18,0,2,0,0,0,0,4,1,6,1,50,8,1595,1,4,6,3
2014030002045,1,9,0,16,0,1,0,0,0,0,1,1,6,1,33,6,1198,1,11,-1,-1
2014030002045,2,9,0,16,0,1,0,0,0,0,2,1,6,2,21,5,1149,1,12,2,2
2014030002046,1,9,0,4,0,1,0,0,0,0,1,1,6,2,21,5,1560,2,1,6,2
2014030002046,2,9,0,4,0,1,0,0,0,0,2,1,6,1,52,8,1997,2,6,6,1
2014030002047,1,19,0,18,0,1,0,0,0,0,1,1,1,1,61,9,2402,2,4,-1,2
2014030002047,2,19,0,18,0,1,0,0,0,0,2,1,1,1,21,5,1996,2,-1,7,1
2014030002047,3,9,0,3,0,1,0,0,0,0,2,1,6,2,48,8,1910,2,11,4,1
2014030002047,4,9,0,3,0,1,0,0,0,0,2,1,6,1,42,7,1598,1,13,1,1
2014030002047,5,9,0,3,0,1,0,0,0,0,2,1,6,2,29,6,1560,2,7,9,2
2014030002048,1,11,0,9,0,1,0,0,0,0,1,1,6,2,40,7,4580,2,6,1,1
2014030002048,2,9,0,18,0,1,0,0,0,0,4,1,6,2,60,9,1396,2,3,6,3
2014030002049,1,9,0,16,0,0,1,0,0,0,1,1,6,2,20,4,1299,1,14,9,1
2014030002049,2,9,0,17,0,0,0,0,0,0,1,1,6,2,51,8,2184,2,10,8,2
2014030002051,1,9,0,9,0,5,0,0,0,0,3,1,6,1,77,11,1997,2,6,2,1
2014030002051,2,9,0,18,0,1,0,0,1,0,3,1,6,2,33,6,1596,1,3,6,3
2014030002056,1,8,0,18,0,0,0,0,0,0,3,1,1,1,-1,-1,-1,-1,-1,2,2
2014030002056,2,1,0,18,0,0,0,0,0,0,1,1,6,1,17,4,-1,-1,-1,2,2
2014030002059,1,5,0,18,0,8,0,0,0,0,1,1,6,1,51,8,800,1,2,8,1
2014030002062,1,3,0,4,0,0,0,0,0,0,0,1,6,1,17,4,125,1,2,6,3
2014030002071,1,9,0,18,0,0,0,0,1,0,0,1,6,1,28,6,1149,1,12,5,2
2014030002072,1,9,0,5,0,0,5,10,0,10,3,1,6,1,60,9,1197,1,-1,9,1
2014030002073,1,9,0,16,0,0,1,0,1,10,1,1,6,1,31,6,1990,1,11,1,1
2014030002074,1,9,0,9,0,2,0,0,0,0,3,1,6,1,84,11,1997,1,11,7,3
2014030002074,2,4,0,18,0,1,0,0,0,0,1,1,6,1,68,10,535,1,20,8,2
2014030002075,1,1,0,18,9,0,0,0,0,0,1,1,6,3,20,4,-1,-1,-1,-1,-1
2014030002076,1,9,0,4,0,0,0,0,0,0,1,1,6,1,72,10,1596,1,4,2,1
2014030002076,2,10,0,2,0,0,0,0,0,0,2,1,1,1,63,9,-1,-1,-1,-1,-1
2014030002077,1,9,0,4,0,0,0,0,0,0,1,1,6,1,46,8,1343,1,10,6,2
2014030002077,2,9,0,4,0,0,0,0,0,0,2,1,6,1,56,9,-1,-1,-1,-1,2
2014030002077,3,9,0,3,0,0,0,0,0,0,2,1,6,2,22,5,1422,2,7,6,2
2014030002077,4,9,0,4,0,0,0,0,0,0,2,1,6,1,54,8,1398,2,4,2,1
2014030002077,5,9,0,4,0,0,0,0,0,0,2,1,6,2,45,7,-1,-1,-1,9,2
2014030002078,1,9,0,18,0,0,0,0,0,0,4,1,6,1,26,6,1595,1,11,-1,1
2014030002078,2,17,0,9,0,0,0,0,0,0,1,1,1,1,18,4,-1,-1,-1,7,2
2014030002079,1,9,0,5,0,1,0,0,0,0,2,1,6,1,46,8,-1,-1,-1,1,1
2014030002079,2,9,0,5,0,1,0,0,0,0,2,1,6,2,58,9,1390,1,10,7,3
2014030002080,1,9,0,17,0,0,1,0,0,0,3,1,6,2,18,4,1461,2,11,6,3
2014030002080,2,9,0,17,0,0,0,0,0,0,0,1,6,2,30,6,2231,2,6,8,3
2014030002081,1,90,0,18,9,1,0,0,0,0,1,1,6,3,80,11,-1,-1,-1,-1,-1
2014030002098,1,9,0,13,0,5,1,0,1,9,4,1,6,1,24,5,1896,2,16,6,2
2014030002098,2,9,0,9,0,8,0,0,0,0,3,1,6,2,35,6,1388,1,10,6,3
2014030002105,1,9,0,18,0,0,2,0,7,4,1,1,6,2,32,6,1396,1,13,-1,-1
2014030002106,1,9,0,18,0,0,1,0,6,0,2,1,6,1,29,6,1796,1,12,7,2
2014030002106,2,9,0,18,0,0,0,0,0,0,1,1,6,1,38,7,1399,1,5,4,1
2014030002107,1,9,0,18,0,0,2,10,1,9,1,1,6,2,32,6,1995,2,11,4,1
2014030002113,1,21,0,18,0,4,5,0,3,1,1,1,1,1,53,8,10518,2,2,-1,2
2014030002114,1,9,0,18,0,0,0,0,4,0,1,1,6,2,49,8,1390,1,11,-1,1
2014030002115,1,9,0,18,0,0,0,0,0,0,0,1,6,2,68,10,1390,1,11,7,3
2014030002115,2,1,0,18,0,0,0,0,0,0,4,1,6,1,57,9,-1,-1,-1,3,1
2014030002116,1,9,0,17,0,0,0,0,0,0,1,1,6,1,64,9,1984,1,11,-1,1
2014030002116,2,9,0,18,0,0,0,0,1,0,3,1,6,1,74,10,2496,1,13,5,3
2014030002122,1,9,0,18,0,0,0,0,0,0,4,1,6,1,75,10,1229,1,6,9,2
2014030002123,1,9,0,9,0,4,0,0,0,0,1,1,6,2,-1,-1,-1,-1,-1,-1,-1
2014030002123,2,9,0,18,0,3,0,0,0,0,2,1,6,1,37,7,1997,2,6,6,2
2014030002124,1,11,0,4,0,0,0,0,0,0,0,1,1,1,64,9,4250,2,10,-1,-1
2014030002126,1,9,0,1,0,8,0,10,0,0,2,1,6,3,-1,-1,-1,-1,-1,-1,-1
2014030002129,1,21,4,12,0,0,0,0,0,0,0,1,1,3,-1,-1,-1,-1,-1,-1,-1
2014030002129,2,9,0,18,0,0,1,0,1,10,1,1,6,2,50,8,1968,2,6,6,1
2014030002132,1,9,0,2,0,1,0,0,0,0,2,1,6,2,47,8,2143,2,1,7,3
2014030002134,1,5,0,6,0,8,5,0,0,0,3,1,6,1,51,8,1261,1,11,5,3
2014030002135,1,11,0,5,0,0,0,0,0,0,0,1,6,1,51,8,-1,-1,-1,3,1
2014030002136,1,9,0,18,0,0,0,0,0,0,3,1,6,1,50,8,-1,-1,-1,9,3