Accident_Index,Vehicle_Reference,Vehicle_Type,Towing_and_Articulation,Vehicle_Manoeuvre,Vehicle_Location-Restricted_Lane,Junction_Location,Skidding_and_Overturning,Hit_Object_in_Carriageway,Vehicle_Leaving_Carriageway,Hit_Object_off_Carriageway,1st_Point_of_Impact,Was_Vehicle_Left_Hand_Drive?,Journey_Purpose_of_Driver,Sex_of_Driver,Age_of_Driver,Age_Band_of_Driver,Engine_Capacity_(CC),Propulsion_Code,Age_of_Vehicle,Driver_IMD_Decile,Driver_Home_Area_Type
2014030002137,1,9,0,17,0,0,2,0,2,10,1,1,6,2,27,6,1968,2,7,7,1
2014030002138,1,9,0,18,0,0,0,0,1,10,1,1,6,2,44,7,1781,1,14,2,1
2014030002140,1,9,0,4,0,1,0,0,0,0,1,1,6,2,22,5,1598,2,2,8,1
2014030002141,1,3,0,18,0,0,0,0,0,0,0,1,6,1,45,7,998,1,10,-1,-1
2014030002142,1,9,0,10,0,1,0,0,0,0,4,1,2,2,32,6,1396,1,13,4,1
2014030002142,2,9,0,18,0,1,0,0,0,0,1,1,2,1,18,4,1598,1,12,5,3
2014030002143,1,9,0,12,0,0,0,0,1,0,2,1,6,1,86,11,999,1,1,9,2
2014030002143,2,9,0,18,0,0,0,0,0,0,1,1,6,1,25,5,1686,2,3,4,1
2014030002144,1,9,0,18,0,1,0,0,0,0,1,1,6,1,19,4,1998,1,9,8,1
2014030002144,2,9,0,3,0,1,0,0,0,0,2,1,6,1,29,6,1984,1,10,6,1
2014030002144,3,9,0,3,0,1,0,0,0,0,2,1,6,2,39,7,1596,1,7,5,1
2014030002144,4,9,0,3,0,1,0,0,0,0,2,1,6,2,34,6,1360,1,9,1,1
2014030002145,1,9,0,13,0,1,0,0,0,0,3,1,6,1,-1,-1,-1,-1,-1,4,1
2014030002145,2,9,0,9,0,1,0,0,0,0,0,1,2,2,25,5,1149,1,8,1,1
2014030002148,1,9,0,18,0,3,5,0,7,10,1,1,6,1,21,5,1796,1,15,4,1
2014030002150,1,9,0,3,0,0,0,0,0,0,3,1,6,1,66,10,1390,1,4,7,3
2014030002150,2,1,0,4,0,0,0,0,0,0,3,1,6,1,35,6,-1,-1,-1,2,2
2014030002153,1,9,0,17,0,1,5,0,1,0,1,1,6,1,48,8,1398,1,13,8,1
2014030002154,1,5,0,18,0,3,0,0,2,10,0,1,6,1,65,9,1130,1,10,9,1
2014030002155,1,9,0,18,0,2,0,0,0,0,4,1,6,3,-1,-1,-1,-1,-1,-1,-1
2014030002156,1,9,0,9,0,2,0,0,0,0,3,1,6,2,82,11,1242,1,11,9,3
2014030002156,2,9,0,17,0,1,5,0,7,0,1,1,1,1,41,7,1991,2,4,9,3
2014030002156,3,9,0,9,0,1,0,0,0,0,0,1,6,1,84,11,1968,2,4,9,3
2014030002165,1,16,0,18,0,0,0,0,0,0,0,1,6,2,19,4,-1,-1,-1,6,3
2014030002166,1,9,0,13,0,0,0,0,1,3,1,1,1,2,54,8,1390,1,4,5,3
2014030002166,2,21,1,18,0,0,0,0,0,0,1,1,1,1,53,8,10837,2,2,9,1
2014030002167,1,9,0,18,0,1,0,0,0,0,4,1,6,1,26,6,1900,2,15,2,1
2014030002167,2,9,0,5,0,1,0,0,0,0,3,1,6,1,51,8,1596,1,1,1,1
2014030002169,1,9,0,18,0,0,0,0,1,10,1,1,6,2,23,5,1242,1,16,9,2
2014030002176,1,9,0,13,0,1,0,0,7,10,4,1,6,1,78,11,1560,2,-1,8,3
2014030002176,2,19,4,9,0,5,0,0,7,0,3,1,6,1,21,5,2402,2,10,6,3
2014030002177,1,1,0,18,9,2,0,10,0,0,3,1,6,2,17,4,-1,-1,-1,2,1
2014030002177,2,9,0,18,0,2,0,0,0,0,1,1,6,1,34,6,875,1,-1,4,1
2014030002183,1,9,0,16,0,0,1,0,7,10,4,1,6,2,20,4,998,1,4,1,1
2014030002184,1,9,0,5,0,0,0,0,0,0,1,1,6,1,23,5,1984,1,3,6,2
2014030002184,2,3,0,18,0,0,0,0,0,0,1,1,6,1,20,4,124,1,-1,3,1
2014030002185,1,5,0,4,0,0,0,0,7,0,2,1,6,1,36,7,599,1,5,3,2
2014030002185,2,9,0,4,0,0,0,0,0,0,2,1,6,1,28,6,1248,2,2,5,3
2014030002186,1,9,0,18,0,0,0,0,0,0,1,1,6,3,30,6,-1,-1,-1,-1,-1
2014030002193,1,9,0,2,0,2,0,0,0,0,0,1,6,1,20,4,1388,1,10,3,1
2014030002193,2,1,0,14,0,2,2,0,0,0,0,1,6,1,70,10,-1,-1,-1,8,1
2014030002194,1,20,0,18,0,0,0,0,4,6,1,1,6,1,55,8,4462,2,1,1,1
2014030002194,2,21,1,18,0,0,0,0,0,0,2,1,6,1,47,8,12809,2,-1,7,3
2014030002196,1,9,0,18,0,2,0,0,0,0,1,1,6,1,75,10,1248,2,4,7,3
2014030002196,2,9,0,18,0,2,0,0,0,0,0,1,6,1,41,7,-1,-1,-1,1,1
2014030002196,3,9,0,2,0,2,0,0,0,0,2,1,6,1,64,9,1349,1,2,4,2
2014030002197,1,19,0,9,8,6,0,0,0,0,3,1,1,1,40,7,2998,2,4,-1,-1
2014030002197,2,5,0,16,0,1,2,0,0,0,1,1,6,1,23,5,999,1,9,6,3
2014030002198,1,9,0,18,0,2,0,0,0,0,1,1,2,1,26,6,1975,2,14,3,2
2014030002199,1,9,0,6,0,1,0,0,0,0,0,1,6,3,-1,-1,-1,-1,-1,-1,-1
2014030002200,1,9,0,18,0,0,0,0,0,0,1,1,6,3,-1,-1,-1,-1,-1,-1,-1
2014030002200,2,1,0,18,0,0,0,0,0,0,4,1,6,1,16,4,-1,-1,-1,2,1
2014030002201,1,9,0,4,0,1,0,0,0,0,1,1,1,1,25,5,1995,2,3,5,2
2014030002201,2,9,0,16,0,1,0,0,0,0,1,1,2,2,43,7,1587,1,12,4,1
2014030002202,1,9,0,5,0,1,0,0,0,0,0,1,6,2,41,7,1149,1,6,5,3
2014030002202,2,9,0,18,0,1,0,0,0,0,4,1,6,2,41,7,1242,1,5,4,2
2014030002203,1,9,0,18,0,0,0,0,0,0,0,1,6,3,-1,-1,-1,-1,-1,-1,-1
2014030002203,2,9,0,2,0,0,0,0,0,0,4,1,6,2,36,7,1242,1,-1,6,3
2014030002203,3,9,0,2,0,0,0,0,0,0,4,1,6,1,24,5,1998,1,11,9,3
2014030002203,4,1,0,4,0,0,0,4,0,0,4,1,6,1,23,5,-1,-1,-1,4,1
2014030002204,1,9,0,18,0,0,0,4,0,0,1,1,6,3,-1,-1,-1,-1,-1,-1,-1
2014030002204,2,9,0,2,0,0,0,0,0,0,3,1,6,1,66,10,1998,1,1,4,2
2014030002205,1,9,0,18,0,0,2,0,0,0,1,1,6,2,22,5,1360,1,11,8,2
2014030002207,1,1,0,16,0,0,1,0,0,0,1,1,6,1,49,8,-1,-1,-1,9,3
2014030002207,2,9,0,17,0,0,0,0,0,0,1,1,6,1,78,11,1956,2,2,10,1
2014030002214,1,9,0,5,0,0,0,0,0,0,1,1,6,2,56,9,1149,1,6,6,3
2014030002214,2,9,0,18,0,0,0,0,0,0,4,1,6,1,83,11,-1,-1,-1,3,2
2014030002228,1,9,0,9,0,4,0,0,0,0,4,1,6,2,20,4,1800,1,15,1,1
2014030002228,2,3,0,9,0,4,0,0,1,0,3,1,6,1,24,5,49,1,11,6,2
2014030002229,1,19,0,18,0,0,0,0,0,0,4,1,1,1,52,8,1905,2,16,3,1
2014030002229,2,1,0,18,0,0,0,0,0,0,3,1,6,1,17,4,-1,-1,-1,3,1
2014030002230,1,9,0,18,0,8,0,0,0,0,1,1,6,2,-1,-1,1910,2,9,7,2
2014030002230,2,9,0,18,0,8,0,0,0,0,1,1,6,1,53,8,1399,2,6,7,1
2014030002231,1,9,0,18,0,1,0,0,0,0,1,1,6,1,27,6,2765,2,15,7,3
2014030002231,2,19,0,10,0,1,0,0,0,0,2,1,1,1,52,8,1248,2,4,4,2
2014030002232,1,5,0,6,0,2,0,0,0,0,0,1,6,1,82,11,-1,-1,-1,9,1
2014030002237,1,9,0,16,0,0,1,0,0,0,1,1,6,1,22,5,1796,1,14,9,3
2014030002237,2,9,0,17,0,0,1,0,0,0,0,1,6,2,40,7,1997,2,2,3,2
2014030002238,1,9,0,9,0,6,0,0,0,0,3,1,6,2,42,7,995,1,7,1,1
2014030002238,2,1,0,18,4,1,5,0,0,0,1,1,6,1,16,4,-1,-1,-1,4,1
2014030002239,1,5,0,17,0,0,1,0,0,0,0,1,6,1,26,6,645,1,9,2,1
2014030002240,1,5,0,18,0,0,0,0,0,0,0,1,6,1,44,7,1198,1,2,-1,-1
2014030002241,1,9,0,17,0,1,1,4,2,10,1,1,6,1,29,6,954,1,18,3,1
2014030002241,2,9,0,3,0,1,0,0,0,0,2,1,6,1,64,9,1198,1,4,1,1
2014030002242,1,9,0,4,0,1,2,0,0,0,1,1,6,1,26,6,998,1,1,8,1
2014030002243,1,9,0,9,0,1,0,0,0,0,4,1,6,1,24,5,1999,1,4,8,3
2014030002243,2,5,0,18,0,1,0,0,0,0,1,1,6,1,60,9,998,1,7,3,1
2014030002244,1,9,0,18,0,0,0,0,0,0,3,1,6,1,60,9,1988,2,9,1,2
2014030002246,1,9,0,7,0,1,0,0,1,10,1,1,6,1,18,4,1229,1,5,2,1
2014030002250,1,9,0,18,0,1,1,0,0,0,1,1,6,2,24,5,2000,2,9,9,3
2014030002250,2,9,0,4,0,1,0,0,1,1,2,1,6,1,27,6,1388,1,11,-1,-1
2014030002251,1,9,0,18,0,8,0,0,0,0,0,1,6,3,-1,-1,-1,-1,-1,-1,-1
2014030002251,2,11,0,18,0,8,0,0,0,0,0,1,1,2,43,7,8871,2,15,4,2
2014030002256,1,9,0,18,0,8,0,0,3,2,1,1,6,2,31,6,998,1,12,4,1
2014030002257,1,5,0,18,0,1,0,0,7,10,1,1,6,1,26,6,750,1,3,2,1
2014030002257,2,9,0,7,0,8,0,0,0,0,3,1,6,1,44,7,2980,2,20,4,2
2014030002257,3,9,0,18,0,8,0,0,0,0,0,1,6,3,-1,-1,-1,-1,-1,-1,-1
2014030002258,1,9,0,9,0,1,0,0,0,0,1,1,6,1,38,7,1396,1,13,6,1
2014030002258,2,9,0,9,0,1,0,0,0,0,3,1,6,1,25,5,1905,2,20,5,1
2014030002259,1,9,0,17,0,0,1,0,1,8,1,1,6,2,19,4,1149,1,11,6,3
2014030002260,1,9,0,9,0,1,0,0,0,0,4,1,6,1,68,10,1398,1,4,-1,2
2014030002260,2,9,0,9,0,1,0,0,0,0,1,1,6,1,27,6,1769,1,10,1,1
2014030002261,1,9,0,18,0,0,0,0,0,0,0,1,6,1,25,5,1910,2,9,5,2
2014030002263,1,3,0,4,0,0,0,0,0,0,0,1,6,1,27,6,124,1,10,3,1
2014030002264,1,11,0,4,0,0,0,0,0,0,0,1,1,2,-1,-1,-1,-1,-1,-1,-1
2014030002265,1,9,0,17,0,0,2,0,1,1,1,1,6,1,68,10,-1,-1,-1,7,2
2014030002267,1,9,0,12,0,7,0,0,1,7,3,1,6,1,81,11,1364,2,4,5,3
2014030002267,2,9,0,18,0,1,0,0,1,7,1,1,6,1,21,5,-1,-1,-1,3,1
2014030002267,3,9,0,18,0,2,0,0,5,6,1,1,6,2,64,9,1598,2,2,7,3
2014030002267,4,20,0,18,0,2,0,0,0,0,1,1,1,1,56,9,-1,-1,-1,5,1
2014030002267,5,9,0,18,0,2,0,0,5,7,1,1,6,1,47,8,1560,2,3,-1,3
2014030002277,1,9,0,18,0,0,0,0,0,0,3,1,6,3,-1,-1,1598,1,3,-1,-1
2014030002278,1,9,0,6,0,0,0,0,0,0,0,1,1,1,44,7,2143,2,2,-1,-1
2014030002278,2,5,0,14,0,0,2,0,0,0,4,1,1,1,49,8,749,1,17,8,3
2014030002279,1,9,0,18,0,4,0,0,0,0,1,1,6,1,25,5,2000,2,4,9,1
2014030002279,2,9,0,18,0,4,0,0,0,0,2,1,1,2,41,7,-1,-1,-1,-1,-1
2014030002280,1,9,0,3,0,1,0,0,0,0,1,1,1,1,40,7,1968,2,3,7,3
2014030002280,2,9,0,3,0,1,0,0,0,0,2,1,1,1,47,8,-1,-1,-1,8,1
2014030002281,1,9,0,18,0,1,0,0,0,0,1,1,2,1,48,8,1597,2,1,7,2
2014030002281,2,9,0,9,0,1,0,0,0,1,2,1,2,1,44,7,1896,2,9,9,3
2014030002284,1,9,0,18,0,0,0,0,0,0,1,1,6,1,90,11,1086,1,5,4,3
2014030002284,2,9,0,18,0,0,0,0,0,0,2,1,6,1,23,5,-1,-1,-1,6,3
2014030002285,1,9,0,16,0,1,0,0,0,0,4,1,1,1,25,5,1796,1,8,7,3
2014030002286,1,9,0,16,0,0,0,0,0,0,3,1,6,3,-1,-1,-1,-1,-1,-1,-1
2014030002286,2,3,0,17,0,0,0,0,0,0,3,1,2,1,30,6,124,1,3,8,3
2014030002287,1,9,0,16,0,0,2,0,7,10,3,1,1,1,51,8,2191,2,-1,-1,3
2014030002287,2,21,1,17,0,0,0,0,1,0,3,1,1,1,36,7,14190,2,13,6,1
2014030002288,1,9,0,9,0,5,0,0,0,0,1,1,6,1,65,9,-1,-1,-1,6,3
2014030002288,2,9,0,18,0,1,0,0,0,0,1,1,6,1,69,10,1799,1,3,4,1
2014030002289,1,9,0,1,0,1,0,0,0,0,4,1,6,3,-1,-1,-1,-1,-1,-1,-1
2014030002293,1,11,0,18,0,1,0,4,1,10,1,1,1,1,55,8,-1,-1,-1,4,1
2014030002293,2,9,0,2,0,8,0,0,0,0,3,1,2,2,40,7,-1,-1,-1,9,1
2014030002297,1,9,0,17,0,0,0,0,0,0,1,1,6,1,30,6,1839,1,9,8,1
2014030002297,2,9,0,16,0,0,0,0,0,0,1,1,6,1,48,8,1998,2,10,1,1
2014030002298,1,9,0,5,0,6,0,0,0,0,0,1,6,2,44,7,1598,1,1,1,1
2014030002298,2,9,0,5,0,6,0,0,0,0,2,1,6,1,38,7,1769,1,14,1,1
2014030002298,3,9,0,5,0,6,0,0,0,0,1,1,6,2,49,8,1328,1,6,9,1
2014030002299,1,9,0,18,0,1,0,0,0,0,1,1,6,2,22,5,1149,1,12,4,1
2014030002299,2,20,0,4,0,1,0,0,0,0,2,1,6,1,64,9,2300,2,9,8,2
2014030002299,3,9,0,3,0,1,0,0,0,0,2,1,6,1,53,8,1794,1,9,3,3
2014030002300,1,9,0,18,0,1,1,0,0,0,2,1,6,1,22,5,1597,1,14,8,3
2014030002300,2,9,0,3,0,2,0,0,0,0,0,1,6,1,72,10,1896,2,9,-1,3
2014030002301,1,9,0,16,0,0,2,0,2,10,1,1,6,2,17,4,1364,2,9,5,3
2014030002302,1,9,0,17,0,0,2,10,1,0,1,1,6,1,18,4,1124,1,10,8,2
2014030002303,1,9,0,15,0,0,0,0,0,0,4,1,6,1,88,11,2494,2,26,7,3
2014030002303,2,9,0,18,0,0,0,0,0,0,0,1,6,1,44,7,2494,2,2,5,3
2014030002303,3,1,0,18,0,0,0,0,0,0,3,1,6,1,33,6,-1,-1,-1,2,1
2014030002308,1,9,0,5,0,6,0,0,0,0,1,1,6,2,19,4,1398,2,10,2,1
2014030002308,2,9,0,18,0,1,0,0,0,0,1,1,6,2,20,4,1388,1,6,-1,-1
2014030002310,1,9,0,16,0,8,2,0,8,1,1,1,6,1,21,5,1596,1,5,8,2
2014030002311,1,9,0,5,0,2,0,0,0,0,3,1,1,2,19,4,1198,1,-1,7,3
2014030002311,2,19,0,18,0,1,0,0,0,0,1,1,1,1,42,7,1968,2,10,9,1
2014030002312,1,5,0,16,0,0,1,0,0,0,0,1,6,1,20,4,618,1,12,8,2
2014030002313,1,1,0,18,9,0,0,4,0,0,1,1,6,2,17,4,-1,-1,-1,5,1
2014030002313,2,9,0,2,0,0,0,0,0,0,1,1,6,1,43,7,-1,-1,-1,8,1
2014030002314,1,9,0,18,0,1,0,0,1,10,1,1,6,1,28,6,-1,-1,-1,7,3
2014030002315,1,9,0,9,0,1,0,0,0,0,1,1,6,2,24,5,1229,1,6,10,1
2014030002315,2,9,0,18,0,2,0,0,0,0,3,1,1,2,30,6,1560,2,5,4,1
2014030002316,1,9,0,18,0,0,1,6,0,0,1,1,6,1,47,8,1388,1,10,3,1
2014030002317,1,9,0,17,0,4,0,0,0,0,2,1,6,2,54,8,1461,2,9,9,3
2014030002317,2,9,0,17,0,4,0,0,0,0,1,1,6,2,19,4,1240,1,5,7,3
2014030002318,1,3,0,17,0,0,2,0,1,1,1,1,6,1,18,4,-1,-1,-1,3,2
2014030002321,1,9,0,17,0,0,5,0,2,10,1,1,6,2,17,4,1242,1,5,9,2
2014030002329,1,9,0,4,0,0,1,4,0,0,2,1,6,1,21,5,1124,1,9,2,1
2014030002329,2,9,0,4,0,0,0,4,0,0,1,1,6,1,54,8,1390,1,10,1,1
2014030002330,1,5,0,18,0,1,0,0,0,0,1,1,6,1,32,6,897,1,10,6,1
2014030002330,2,5,0,3,0,1,0,0,0,0,2,1,6,1,44,7,998,1,1,5,1
2014030002330,3,21,0,18,0,8,0,0,0,0,0,1,6,3,-1,-1,-1,-1,-1,-1,-1
2014030002341,1,9,0,9,0,6,0,0,0,0,3,1,6,2,44,7,1339,8,4,9,2
2014030002341,2,9,0,18,0,8,0,0,0,0,1,1,6,1,19,4,-1,-1,-1,6,2
2014030002342,1,9,0,4,0,1,1,0,0,0,1,1,2,2,37,7,1598,2,2,1,1
2014030002342,2,9,0,4,0,1,0,0,0,0,2,1,6,1,32,6,1995,2,10,1,2
2014030002342,3,9,0,10,0,1,0,0,0,0,2,1,6,2,52,8,1995,2,-1,7,3
2014030002343,1,21,1,18,0,0,0,0,0,0,0,1,1,3,-1,-1,16400,2,-1,-1,-1
2014030002343,2,9,0,18,0,0,0,0,0,0,2,1,6,1,50,8,2967,2,1,-1,-1
2014030002343,3,9,0,18,0,0,0,0,0,0,1,1,6,2,24,5,1560,2,7,7,1
2014030002343,4,90,0,18,0,0,0,0,0,0,1,1,6,1,50,8,-1,-1,-1,9,1
2014030002344,1,9,0,9,0,1,0,0,0,0,4,1,6,1,29,6,1398,2,-1,-1,-1
2014030002344,2,9,0,18,0,1,0,0,0,0,1,1,6,1,66,10,1248,1,1,-1,-1
2014030002353,1,9,0,17,0,0,0,0,0,0,4,1,6,2,23,5,1587,1,15,9,1
2014030002354,1,9,0,18,0,0,0,0,7,4,1,1,6,1,20,4,998,1,10,9,3
2014030002355,1,9,0,18,0,0,1,0,5,6,1,1,6,1,56,9,2494,1,14,1,1
2014030002355,2,21,1,18,0,0,0,0,0,0,2,1,1,1,41,7,10837,2,3,-1,-1
2014030002360,1,4,0,13,0,0,0,0,0,0,1,1,6,1,40,7,499,1,6,5,1
2014030002360,2,9,0,18,0,0,0,0,0,0,1,1,6,1,-1,-1,1339,1,2,-1,1
2014030002360,3,11,0,18,0,0,0,0,0,0,0,1,6,3,-1,-1,-1,-1,-1,-1,-1
2014030002360,4,9,0,18,0,0,0,0,0,0,0,1,6,2,38,7,-1,-1,-1,-1,1
2014030002361,1,1,0,14,0,0,0,0,0,0,0,1,6,2,54,8,-1,-1,-1,6,1
2014030002362,1,9,0,18,0,1,0,0,0,0,1,1,6,1,87,11,1598,1,2,8,1
2014030002362,2,9,0,18,0,1,0,0,0,0,3,1,6,1,38,7,998,1,-1,8,1
2014030002363,1,9,0,7,0,0,0,0,0,0,0,1,6,3,-1,-1,-1,-1,-1,-1,-1
2014030002363,2,11,0,10,0,0,0,0,0,0,0,1,1,1,56,9,6871,2,6,4,2
2014030002364,1,9,0,18,0,1,0,0,0,0,1,1,2,2,43,7,1998,2,9,1,2
2014030002364,2,9,0,4,0,1,0,0,0,0,2,1,6,1,34,6,1968,2,3,6,2
2014030002364,3,9,0,3,0,1,0,0,0,0,2,1,6,2,40,7,-1,-1,-1,1,2
2014030002372,1,9,0,5,0,6,0,0,0,0,4,1,4,1,36,7,4619,1,12,1,1
2014030002373,1,9,0,5,0,2,0,0,3,10,1,1,6,1,68,10,1686,2,3,1,1
2014030002376,1,9,0,4,0,4,0,0,0,0,1,1,6,1,-1,-1,-1,-1,-1,6,1
2014030002376,2,9,0,3,0,4,0,0,0,0,2,1,1,1,39,7,1997,2,7,6,3
2014030002377,1,9,0,5,0,6,0,0,0,0,0,1,6,3,30,6,1329,1,-1,-1,-1
2014030002377,2,1,0,18,0,6,0,0,0,0,1,1,6,1,30,6,-1,-1,-1,8,3
2014030002378,1,9,0,18,0,3,0,0,0,0,1,1,6,1,61,9,1956,2,2,9,1
2014030002378,2,9,0,18,0,3,0,0,0,0,1,1,6,1,79,11,1992,2,7,9,1
2014030002379,1,9,0,18,0,0,0,4,0,0,1,1,6,2,75,10,1753,2,14,5,1
2014030002379,2,9,0,2,0,0,0,0,0,0,2,1,6,2,40,7,1398,1,1,-1,-1
2014030002380,1,19,0,18,0,1,0,0,0,0,1,1,6,1,58,9,2402,2,11,3,1
2014030002380,2,9,0,4,0,1,0,0,0,0,2,1,6,1,39,7,1798,1,6,1,1
2014030002380,3,9,0,4,0,1,0,0,0,0,2,1,6,1,20,4,1388,1,10,1,1
2014030002380,4,9,0,4,0,1,0,0,0,0,2,1,6,2,58,9,1596,1,4,6,1
2014030002381,1,9,0,17,0,0,0,0,0,0,3,1,6,2,18,4,1199,1,13,5,3
2014030002381,2,9,0,16,0,0,0,0,0,0,3,1,6,1,23,5,1796,1,14,5,3
2014030002382,1,9,0,18,0,0,0,0,7,9,1,1,6,1,60,9,-1,-1,-1,3,2
2014030002383,1,5,0,18,0,8,1,0,0,0,3,1,6,1,44,7,599,1,13,8,1
2014030002383,2,9,0,9,0,8,0,0,0,0,3,1,6,1,-1,-1,2198,2,1,7,3
2014030002385,1,9,0,18,0,1,0,0,0,0,1,1,6,1,66,10,1598,1,15,1,2
2014030002385,2,1,0,18,0,1,0,0,0,0,1,1,6,2,13,3,-1,-1,-1,1,2
2014030002386,1,9,0,18,0,2,0,0,0,0,1,1,6,3,-1,-1,-1,-1,-1,-1,-1
2014030002388,1,9,0,18,0,3,0,0,0,0,3,1,6,2,41,7,1998,1,8,5,1
2014030002389,1,9,0,16,0,0,0,0,0,0,1,1,6,1,21,5,1390,1,4,1,1
2014030002389,2,9,0,3,0,0,0,0,1,10,2,1,6,1,23,5,1149,1,7,3,1
2014030002389,3,9,0,17,0,0,0,0,0,0,1,1,6,1,52,8,1390,1,5,8,3
2014030002392,1,9,0,4,0,0,1,0,1,9,1,1,6,2,23,5,1248,2,3,5,2
2014030002394,1,9,0,17,0,0,2,0,0,1,1,1,6,2,17,4,1400,1,14,6,3
2014030002400,1,9,0,17,0,1,0,0,0,0,3,1,2,1,-1,-1,1388,1,6,4,1
2014030002401,1,9,0,18,0,0,0,0,0,0,0,1,6,3,-1,-1,-1,-1,-1,-1,-1
2014030002401,2,11,0,18,0,0,0,0,0,0,0,1,1,1,22,5,4250,2,13,1,1
2014030002403,1,9,0,18,0,0,0,0,0,0,3,1,6,3,-1,-1,-1,-1,-1,-1,-1
2014030002404,1,9,0,9,0,1,0,0,0,0,3,1,6,1,33,6,1998,1,2,5,1
2014030002404,2,3,0,13,0,1,0,0,0,0,4,1,6,1,52,8,124,1,11,1,2
2014030002405,1,9,0,18,0,1,0,0,0,0,1,1,2,2,31,6,-1,-1,-1,-1,-1
2014030002405,2,9,0,4,0,1,0,0,0,0,2,1,3,2,57,9,1591,1,4,7,3
2014030002405,3,9,0,10,0,1,0,0,0,0,2,1,2,2,57,9,1596,1,10,7,3
2014030002406,1,9,0,18,0,0,0,4,7,10,1,1,6,1,77,11,1398,1,14,4,3
2014030002406,2,9,0,2,0,0,0,0,0,0,1,1,6,1,63,9,1753,2,9,4,3
2014030002406,3,9,0,2,0,0,0,0,0,0,1,1,6,1,62,9,1587,1,7,4,3
2014030002407,1,9,0,18,0,0,5,0,0,0,1,1,1,1,34,6,1124,1,11,1,1
2014030002408,1,90,0,16,0,0,0,0,1,0,1,1,1,1,30,6,-1,-1,-1,7,3
2014030002408,2,90,0,17,0,0,0,0,0,0,2,1,1,1,27,6,-1,-1,-1,-1,3
2014030002417,1,9,0,18,0,0,0,0,0,0,0,1,6,3,-1,-1,-1,-1,-1,-1,-1
2014030002418,1,21,0,5,0,3,0,0,0,0,4,1,6,1,60,9,12900,2,7,-1,-1
2014030002418,2,9,0,5,0,3,0,0,0,0,3,1,6,2,73,10,1242,1,-1,6,3
2014030002419,1,9,0,18,0,0,1,0,7,10,4,1,6,2,21,5,1598,1,12,9,3
2014030002420,1,9,0,16,0,2,2,0,7,4,1,1,6,1,20,4,2457,1,5,7,3
2014030002422,1,9,0,5,0,3,0,0,0,0,1,1,6,1,32,6,1242,1,7,6,1
2014030002422,2,1,0,5,0,3,0,0,0,0,2,1,6,1,23,5,-1,-1,-1,7,1
2014030002425,1,1,0,18,0,1,1,0,0,0,1,1,6,1,46,8,-1,-1,-1,6,2
2014030002430,1,9,0,5,0,8,0,0,0,0,0,1,6,2,76,11,1560,2,5,9,3
2014030002430,2,9,0,18,0,1,1,0,4,1,1,1,6,2,43,7,1229,1,7,-1,-1
2014030002431,1,9,0,18,0,0,2,0,1,10,1,1,6,1,56,9,1598,1,7,6,3
2014030002440,1,3,0,14,0,0,0,0,0,0,4,1,6,2,-1,-1,-1,-1,-1,-1,-1
2014030002441,1,9,0,9,0,6,0,0,0,0,3,1,1,1,46,8,-1,-1,-1,5,2
2014030002441,2,3,0,18,0,1,2,0,0,0,4,1,2,1,41,7,124,1,12,3,2
2014030002442,1,9,0,18,0,0,0,12,0,0,1,1,2,1,44,7,1999,7,10,7,3
2014030002442,2,20,0,2,0,0,0,0,0,0,0,1,1,1,52,8,-1,-1,-1,6,3
2014030002443,1,9,0,18,0,0,0,0,0,0,0,1,6,3,-1,-1,-1,-1,-1,-1,-1
2014030002443,2,9,0,18,0,0,2,0,7,10,3,1,6,1,45,7,1998,2,-1,1,1
2014030002444,1,9,0,18,0,1,0,0,0,0,1,1,2,1,40,7,1991,2,9,-1,-1
2014030002444,2,9,0,9,0,1,0,0,0,0,2,1,6,2,23,5,1149,1,11,3,2
2014030002445,1,9,0,18,0,0,1,0,0,0,1,1,6,1,43,7,1229,1,2,4,1
2014030002445,2,9,0,3,0,0,0,0,0,0,2,1,6,1,44,7,1896,2,12,4,1
2014030002446,1,9,0,1,0,1,0,0,0,0,2,1,6,1,80,11,1390,1,-1,3,1
2014030002446,2,9,0,2,0,1,0,0,0,0,1,1,6,2,53,8,1596,1,13,3,3
2014030002447,1,9,0,18,0,0,2,0,1,4,1,1,6,1,42,7,3199,1,20,6,3
2014030002447,2,9,0,18,0,0,0,0,0,0,1,1,6,2,82,11,2435,1,15,6,3
2014030002448,1,9,0,3,0,4,0,0,0,0,1,1,6,1,67,10,1997,2,5,3,1
2014030002448,2,4,0,3,0,4,0,0,0,0,2,1,6,1,35,6,-1,-1,-1,5,1
2014030002472,1,9,0,16,0,8,1,0,3,10,1,1,6,2,56,9,1299,1,11,5,3
2014030002472,2,9,0,17,0,7,0,0,0,0,1,1,6,2,49,8,1598,1,4,3,1
2014030002473,1,9,0,18,0,1,0,0,0,0,4,1,6,3,-1,-1,-1,-1,-1,-1,-1
2014030002476,1,19,0,4,7,0,0,0,0,0,1,1,1,1,45,7,1753,2,3,5,1
2014030002476,2,9,0,2,0,0,0,0,0,0,1,1,6,1,48,8,-1,-1,-1,3,1