Accident_Index,Vehicle_Reference,Vehicle_Type,Towing_and_Articulation,Vehicle_Manoeuvre,Vehicle_Location-Restricted_Lane,Junction_Location,Skidding_and_Overturning,Hit_Object_in_Carriageway,Vehicle_Leaving_Carriageway,Hit_Object_off_Carriageway,1st_Point_of_Impact,Was_Vehicle_Left_Hand_Drive?,Journey_Purpose_of_Driver,Sex_of_Driver,Age_of_Driver,Age_Band_of_Driver,Engine_Capacity_(CC),Propulsion_Code,Age_of_Vehicle,Driver_IMD_Decile,Driver_Home_Area_Type
2014030002483,1,9,0,4,0,1,0,0,0,0,1,1,6,1,44,7,1399,1,5,3,1
2014030002483,2,9,0,8,0,1,0,0,0,0,0,1,6,2,49,8,1895,1,15,2,1
2014030002484,1,9,0,5,0,1,0,0,0,0,3,1,6,2,87,11,1390,1,14,9,3
2014030002484,2,9,0,18,0,1,0,0,0,0,1,1,6,2,47,8,2967,2,6,5,3
2014030002485,1,2,0,18,0,2,5,12,0,0,1,1,6,1,38,7,50,1,1,4,1
2014030002486,1,9,0,17,0,2,0,0,0,0,0,1,6,3,-1,-1,-1,-1,-1,-1,-1
2014030002486,2,9,0,16,0,1,0,0,1,4,1,1,6,1,38,7,1598,7,11,9,3
2014030002486,3,9,0,16,0,1,0,0,0,0,2,1,6,1,74,10,1998,2,1,1,1
2014030002488,1,9,0,9,0,5,0,0,0,0,0,1,6,3,-1,-1,-1,-1,-1,-1,-1
2014030002488,2,1,0,7,0,5,0,0,0,0,0,1,6,1,36,7,-1,-1,-1,2,2
2014030002490,1,1,0,18,0,0,0,0,0,0,0,1,6,1,15,3,-1,-1,-1,6,3
2014030002496,1,9,0,4,0,0,0,0,0,0,1,1,6,1,27,6,1896,2,17,5,2
2014030002496,2,9,0,4,0,0,0,0,0,0,2,1,6,2,27,6,1968,2,8,7,2
2014030002499,1,19,4,15,0,0,0,0,0,0,4,1,6,1,55,8,2198,2,7,6,3
2014030002499,2,1,0,18,0,0,0,0,0,0,3,1,6,1,52,8,-1,-1,-1,9,1
2014030002502,1,3,0,18,0,0,1,0,1,1,1,1,6,1,51,8,124,1,1,-1,1
2014030002504,1,9,0,18,0,0,0,0,0,0,4,1,6,1,42,7,1248,2,7,-1,-1
2014030002507,1,9,0,4,0,0,0,0,0,0,1,1,6,1,26,6,1299,1,9,4,3
2014030002507,2,9,0,4,0,0,0,0,0,0,2,1,6,1,37,7,1850,1,13,3,1
2014030002507,3,9,0,4,0,0,0,0,0,0,2,1,6,1,53,8,1951,2,9,5,2
2014030002507,4,9,0,4,0,0,0,0,0,0,2,1,6,2,53,8,1240,1,4,4,3
2014030002509,1,9,0,18,0,0,0,0,0,0,1,1,6,1,32,6,-1,-1,-1,-1,1
2014030002509,2,9,0,18,0,0,0,0,0,0,1,1,6,2,73,10,1498,1,-1,-1,2
2014030002510,1,19,0,18,0,0,0,0,0,0,1,1,1,1,33,6,2148,2,4,-1,-1
2014030002510,2,21,0,18,0,0,0,0,0,0,2,1,1,1,35,6,-1,-1,-1,1,1
2014030002511,1,9,0,18,0,0,0,0,0,0,1,1,6,1,40,7,1783,1,11,4,2
2014030002512,1,5,0,16,0,0,0,0,0,0,1,1,1,1,36,7,-1,-1,-1,-1,-1
2014030002513,1,9,0,17,0,0,5,0,7,10,4,1,2,2,52,8,1086,1,7,-1,-1
2014030002525,1,9,0,9,0,7,0,0,0,0,3,1,6,2,37,7,1968,2,6,9,3
2014030002525,2,9,0,18,0,8,0,0,0,0,4,1,2,2,33,6,1149,1,13,5,3
2014030002526,1,9,0,4,0,0,0,0,0,0,0,1,6,1,55,8,1870,2,9,3,1
2014030002527,1,11,0,4,0,1,0,0,0,0,0,1,1,3,-1,-1,-1,-1,-1,-1,-1
2014030002527,2,9,0,18,0,1,0,0,0,0,0,1,6,3,-1,-1,-1,-1,-1,-1,-1
2014030002528,1,9,0,18,0,0,0,0,0,0,4,1,6,2,30,6,-1,-1,-1,9,3
2014030002529,1,9,0,18,0,8,0,0,0,0,1,1,6,3,-1,-1,-1,-1,-1,-1,-1
2014030002530,1,9,0,18,0,8,0,0,0,0,1,1,6,2,56,9,1396,1,10,5,3
2014030002531,1,9,0,16,0,0,5,0,1,10,1,1,6,2,22,5,1968,2,7,5,3
2014030002532,1,9,0,5,0,0,0,0,0,0,1,1,6,2,18,4,1364,1,6,7,2
2014030002532,2,9,0,18,0,0,0,0,0,0,3,1,6,1,60,9,1560,2,4,10,1
2014030002533,1,9,0,9,0,1,0,0,0,0,4,1,6,1,18,4,1339,1,4,1,1
2014030002533,2,9,0,18,0,1,0,0,0,0,1,1,6,1,24,5,1560,2,4,9,3
2014030002534,1,9,0,18,0,6,1,0,3,10,1,1,6,1,17,4,1199,1,12,5,2
2014030002538,1,9,0,4,0,0,0,0,0,0,1,1,6,1,44,7,1968,2,2,8,3
2014030002538,2,9,0,4,0,0,0,0,0,0,2,1,6,1,51,8,1968,2,-1,10,2
2014030002538,3,9,0,4,0,0,0,0,0,0,2,1,6,2,26,6,1598,1,12,4,2
2014030002540,1,90,0,18,0,0,0,0,0,0,1,1,6,1,19,4,-1,-1,-1,5,3
2014030002540,2,9,0,18,0,0,0,0,0,0,1,1,6,2,26,6,1296,1,8,5,3
2014030002541,1,5,0,14,0,0,0,0,0,0,1,1,6,1,56,9,1170,1,6,5,2
2014030002541,2,9,0,9,0,0,0,0,0,0,3,1,6,2,38,7,1997,2,11,5,3
2014030002544,1,9,0,18,0,8,0,0,0,0,1,1,6,1,20,4,1796,1,14,8,2
2014030002544,2,9,0,9,0,6,0,0,0,0,3,1,6,1,32,6,1968,2,-1,6,2
2014030002548,1,9,0,15,0,0,0,0,0,0,0,1,6,1,38,7,-1,-1,-1,6,2
2014030002548,2,9,0,16,0,0,0,0,1,0,1,1,6,2,45,7,-1,-1,-1,-1,-1
2014030002548,3,17,4,18,0,0,0,0,0,0,0,1,6,1,24,5,-1,-1,-1,6,1
2014030002548,4,9,0,18,0,0,0,0,0,0,0,1,6,1,18,4,1596,1,2,6,3
2014030002553,1,9,0,18,0,0,1,0,0,0,1,1,6,2,38,7,-1,-1,-1,7,3
2014030002553,2,19,0,18,0,0,0,0,0,0,1,1,1,1,59,9,-1,-1,-1,7,3
2014030002555,1,9,0,18,0,8,0,0,0,0,2,1,2,1,38,7,1242,1,4,2,1
2014030002555,2,1,0,18,0,8,0,0,0,0,0,1,2,1,63,9,-1,-1,-1,3,1
2014030002556,1,9,0,18,0,0,5,11,1,7,1,1,6,1,52,8,-1,-1,-1,-1,3
2014030002557,1,11,0,9,0,6,0,0,0,0,1,1,1,3,-1,-1,4461,2,-1,-1,-1
2014030002560,1,9,0,18,0,1,0,4,0,0,1,1,6,1,38,7,-1,-1,-1,4,1
2014030002560,2,19,0,2,0,1,1,0,0,0,2,1,6,3,-1,-1,1998,2,11,-1,-1
2014030002561,1,9,0,17,0,0,2,0,1,0,1,1,6,1,17,4,1598,2,2,7,3
2014030002562,1,9,0,5,0,1,0,0,0,0,1,1,6,3,-1,-1,-1,-1,-1,-1,-1
2014030002562,2,1,0,18,0,1,1,0,0,0,1,1,4,1,15,3,-1,-1,-1,3,1
2014030002563,1,9,0,18,0,0,0,0,0,0,0,1,6,1,43,7,1199,1,11,2,1
2014030002563,2,9,0,18,0,0,0,0,0,0,0,1,6,1,36,7,-1,-1,-1,4,1
2014030002563,3,9,0,18,0,0,0,0,0,0,0,1,6,1,32,6,1956,2,-1,5,2
2014030002563,4,9,0,18,0,0,0,0,0,0,0,1,6,1,44,7,-1,-1,-1,7,1
2014030002571,1,9,0,18,0,1,0,0,0,0,4,1,6,1,68,10,1560,2,7,1,1
2014030002572,1,9,0,18,0,0,0,0,0,0,1,1,6,2,18,4,996,1,1,9,1
2014030002573,1,9,0,9,0,1,0,0,1,9,1,1,6,1,74,10,1998,1,9,6,2
2014030002573,2,9,0,18,0,1,1,0,1,1,1,1,6,1,21,5,998,1,9,8,3
2014030002579,1,21,1,18,0,0,2,0,1,10,1,1,1,1,50,8,15607,2,8,-1,1
2014030002579,2,9,4,18,0,0,0,0,0,6,2,1,1,1,77,11,2495,2,10,6,3
2014030002580,1,4,0,15,0,0,2,0,0,0,0,1,6,1,20,4,125,1,1,8,1
2014030002581,1,9,0,4,0,1,0,0,0,0,1,1,6,2,20,4,1341,1,10,-1,-1
2014030002581,2,9,0,3,0,1,0,0,0,0,2,1,6,2,36,7,1968,2,3,3,1
2014030002582,1,9,0,6,0,6,0,0,0,0,3,1,1,1,30,6,-1,-1,-1,-1,-1
2014030002582,2,1,0,18,0,1,0,0,0,0,1,1,6,1,43,7,-1,-1,-1,5,1
2014030002583,1,9,0,18,0,0,0,11,0,0,4,1,1,2,39,7,1986,2,8,7,3
2014030002584,1,9,0,7,0,1,0,0,0,0,1,1,6,1,54,8,1360,1,13,5,1
2014030002584,2,1,0,18,0,1,0,0,0,0,3,1,6,2,38,7,-1,-1,-1,4,1
2014030002585,1,9,0,5,0,4,0,0,0,0,1,1,1,2,60,9,1461,2,1,7,3
2014030002585,2,1,0,9,0,4,0,0,0,0,2,1,2,1,39,7,-1,-1,-1,3,1
2014030002589,1,19,0,16,0,0,0,0,0,0,4,1,6,3,-1,-1,-1,-1,-1,-1,-1
2014030002589,2,1,0,16,0,0,0,0,0,0,3,1,6,1,39,7,-1,-1,-1,3,1
2014030002590,1,9,0,16,0,0,0,0,0,0,4,1,2,1,51,8,1560,2,3,3,2
2014030002590,2,9,0,17,0,0,0,0,1,10,3,1,2,2,32,6,1242,1,-1,4,2
2014030002591,1,9,0,18,0,0,0,0,0,0,1,1,6,3,-1,-1,-1,-1,-1,-1,-1
2014030002591,2,9,0,18,0,0,5,0,1,0,2,1,6,2,24,5,1995,2,10,1,1
2014030002592,1,9,0,4,0,1,1,0,0,0,1,1,6,1,-1,-1,-1,-1,-1,-1,-1
2014030002592,2,9,0,8,0,1,0,0,0,0,2,1,6,1,47,8,1493,2,4,2,1
2014030002595,1,9,0,4,0,1,0,0,0,0,1,1,6,1,58,9,1798,1,7,-1,-1
2014030002595,2,9,0,3,0,1,0,0,0,0,2,1,6,2,26,6,998,1,8,3,1
2014030002595,3,9,0,3,0,1,0,0,0,0,2,1,6,1,67,10,1968,2,3,4,2
2014030002596,1,1,0,18,0,0,0,0,0,0,2,1,1,1,22,5,-1,-1,-1,5,1
2014030002596,2,9,0,18,0,0,0,0,0,0,1,1,6,1,31,6,2720,2,9,4,1
2014030002601,1,9,0,7,0,5,0,0,0,0,4,1,6,2,75,10,1390,1,8,5,1
2014030002601,2,1,0,18,0,1,0,0,0,0,1,1,6,1,66,10,-1,-1,-1,8,1
2014030002605,1,9,0,18,0,0,5,0,8,10,1,1,6,1,22,5,1461,2,6,4,3
2014030002605,2,9,0,18,0,0,0,0,0,0,1,1,6,1,43,7,-1,-1,-1,7,3
2014030002607,1,9,0,5,0,1,0,0,0,0,1,1,6,1,31,6,1995,2,6,2,2
2014030002607,2,9,0,5,0,1,0,0,0,0,2,1,6,1,36,7,1364,1,5,9,1
2014030002616,1,9,0,18,0,0,0,0,0,0,1,1,1,2,44,7,1560,2,6,8,3
2014030002616,2,90,0,4,0,0,0,0,0,0,2,1,1,1,30,6,-1,-1,-1,7,1
2014030002617,1,9,0,16,0,0,5,0,0,9,3,1,6,2,74,10,1497,8,1,5,1
2014030002619,1,9,0,3,0,1,0,0,0,0,1,1,6,3,30,6,-1,-1,-1,-1,-1
2014030002619,2,9,0,3,0,1,0,0,0,0,2,1,6,2,59,9,1997,1,9,1,1
2014030002620,1,9,0,18,0,8,0,0,0,0,2,1,6,2,40,7,1896,2,4,5,1
2014030002620,2,1,0,18,0,1,0,0,0,0,2,1,6,1,49,8,-1,-1,-1,4,1
2014030002621,1,9,0,3,0,0,0,0,0,0,4,1,6,1,60,9,-1,-1,-1,6,2
2014030002622,1,19,0,18,0,0,0,0,0,0,1,1,1,1,61,9,2143,2,2,5,2
2014030002622,2,9,0,3,0,0,0,0,0,0,2,1,6,2,29,6,1796,1,6,1,1
2014030002623,1,9,0,9,0,8,0,0,0,0,1,1,6,1,23,5,-1,-1,-1,4,3
2014030002623,2,5,0,18,0,1,0,0,0,0,1,1,6,1,43,7,-1,-1,-1,8,2
2014030002631,1,9,0,17,0,2,1,0,0,0,1,1,6,2,26,6,1587,1,12,3,1
2014030002631,2,9,0,2,0,2,0,0,0,0,2,1,6,1,33,6,1149,1,-1,3,1
2014030002631,3,9,0,2,0,2,0,0,0,0,2,1,6,1,33,6,-1,-1,-1,3,1
2014030002638,1,9,0,9,0,8,0,0,0,0,0,1,6,3,-1,-1,1997,2,2,-1,-1
2014030002638,2,9,0,18,0,1,0,0,0,0,0,1,1,1,48,8,1984,2,2,6,3
2014030002639,1,9,0,1,0,5,0,0,0,0,2,1,6,1,25,5,2446,2,13,4,1
2014030002641,1,8,0,18,0,0,0,0,0,0,0,1,6,3,-1,-1,-1,-1,-1,-1,-1
2014030002641,2,1,0,18,0,0,0,0,0,0,0,1,6,2,14,3,-1,-1,-1,-1,-1
2014030002642,1,9,0,16,0,0,0,0,0,0,1,1,6,2,18,4,1599,1,11,7,3
2014030002642,2,9,0,4,0,0,0,0,0,0,1,1,6,1,45,7,1368,1,6,-1,-1
2014030002643,1,9,0,18,0,4,0,0,0,0,1,1,2,2,30,6,1560,2,4,7,3
2014030002643,2,9,0,3,0,4,0,0,0,0,2,1,2,1,47,8,2497,1,9,10,2
2014030002643,3,9,0,3,0,4,0,0,0,0,2,1,2,1,37,7,1600,1,10,1,1
2014030002644,1,9,0,18,0,0,5,0,0,10,4,1,6,1,22,5,1596,1,10,7,2
2014030002653,1,9,0,13,0,0,0,0,1,0,3,1,6,1,33,6,1781,1,12,2,1
2014030002653,2,9,3,18,0,0,0,0,0,0,3,1,6,1,-1,-1,2987,2,3,8,3
2014030002653,3,9,0,18,0,0,0,0,0,0,2,1,6,1,69,10,1398,1,11,9,3
2014030002653,4,17,4,18,0,0,0,0,0,0,3,1,6,1,-1,-1,-1,-1,-1,6,3
2014030002655,1,9,0,18,0,0,1,0,1,10,2,1,6,1,22,5,1242,1,13,1,1
2014030002656,1,9,0,18,0,0,2,0,2,10,4,1,6,2,18,4,1149,1,13,6,3
2014030002658,1,9,0,10,0,1,0,0,0,0,0,1,1,1,27,6,1124,1,14,2,1
2014030002658,2,2,0,18,0,1,0,0,0,0,0,1,6,2,45,7,108,1,2,8,2
2014030002660,1,19,0,6,0,0,0,0,0,0,2,1,6,1,27,6,2198,2,3,4,1
2014030002660,2,9,0,18,0,0,0,0,0,0,1,1,6,1,55,8,1343,1,10,4,1
2014030002661,1,9,0,18,0,0,1,0,0,0,1,1,1,1,43,7,1968,2,-1,-1,1
2014030002661,2,19,0,4,0,0,0,0,0,0,2,1,1,1,47,8,1686,2,13,2,1
2014030002661,3,19,0,4,0,0,0,0,0,0,2,1,1,1,32,6,-1,-1,-1,1,1
2014030002661,4,19,0,4,0,0,0,0,0,0,2,1,1,1,42,7,1461,2,2,2,1
2014030002662,1,20,0,16,0,0,0,0,0,0,1,1,6,1,58,9,-1,-1,-1,4,1
2014030002662,2,21,0,17,0,0,0,0,0,0,1,1,6,1,-1,-1,12900,2,7,6,3
2014030002666,1,9,0,18,0,1,0,0,0,0,1,1,6,1,67,10,1686,2,6,10,1
2014030002667,1,4,0,18,0,0,0,4,0,0,1,1,6,2,17,4,124,1,13,5,3
2014030002667,2,9,0,2,0,0,0,0,0,0,3,1,6,1,-1,-1,-1,-1,-1,6,3
2014030002673,1,9,0,13,0,0,1,0,0,0,1,1,6,3,-1,-1,-1,-1,-1,-1,-1
2014030002673,2,9,0,17,0,0,1,0,0,0,1,1,6,1,42,7,1761,1,14,1,1
2014030002675,1,9,0,17,0,0,1,0,1,10,1,1,6,1,18,4,1149,1,9,-1,-1
2014030002676,1,9,0,1,0,1,0,0,0,0,2,1,6,2,19,4,1198,1,11,7,1
2014030002677,1,9,0,18,0,0,0,0,0,0,1,1,6,1,52,8,1598,2,3,3,1
2014030002677,2,9,0,18,0,0,0,0,0,0,2,1,1,1,54,8,-1,-1,-1,-1,-1
2014030002681,1,9,0,18,0,0,1,0,5,7,1,1,6,2,19,4,1497,1,9,-1,-1
2014030002681,2,9,0,18,0,0,1,0,5,7,1,1,6,1,32,6,1968,2,1,-1,2
2014030002681,3,21,1,18,0,0,0,0,0,0,0,1,6,1,40,7,12777,2,1,-1,1
2014030002685,1,9,0,18,0,1,0,0,0,0,1,1,6,2,84,11,998,1,10,1,1
2014030002685,2,9,0,9,0,6,0,0,0,0,2,1,6,2,86,11,1388,1,2,9,1
2014030002689,1,2,0,18,5,0,0,0,0,0,1,1,6,1,26,6,-1,-1,-1,4,1
2014030002690,1,90,0,4,0,1,0,0,0,0,1,1,6,2,43,7,-1,-1,-1,6,1
2014030002693,1,9,0,18,0,0,1,0,7,10,2,1,6,1,77,11,2776,2,11,-1,-1
2014030002693,2,9,0,18,0,0,1,0,0,0,1,1,6,1,74,10,2987,2,5,-1,-1
2014030002694,1,9,0,18,0,0,1,0,2,7,1,1,6,1,74,10,1339,1,7,-1,1
2014030002695,1,20,0,5,0,0,0,0,0,0,2,1,1,1,50,8,-1,-1,-1,1,1
2014030002695,2,11,0,5,0,0,0,0,0,0,1,1,1,1,50,8,-1,-1,-1,4,2
2014030002696,1,9,0,18,0,4,0,0,0,0,1,1,6,1,47,8,1998,2,2,5,1
2014030002696,2,9,0,18,0,8,0,0,0,0,4,1,1,2,43,7,1560,2,4,9,3
2014030002697,1,11,0,18,0,8,1,0,0,0,1,1,1,1,53,8,8268,2,10,2,1
2014030002697,2,9,0,18,0,8,0,0,0,0,3,1,6,1,35,6,1560,2,2,3,1
2014030002698,1,9,0,18,0,0,0,0,0,0,1,1,6,1,54,8,1798,1,9,5,3
2014030002698,2,9,0,18,0,0,0,0,0,0,1,1,6,2,24,5,1198,1,4,5,2
2014030002699,1,9,0,18,0,8,0,0,0,0,1,1,6,1,70,10,1995,2,1,8,1
2014030002700,1,9,0,9,0,2,1,0,0,0,1,1,6,1,29,6,1796,1,7,7,1
2014030002701,1,9,0,9,0,6,0,0,0,0,0,1,6,3,-1,-1,2387,2,7,-1,-1
2014030002701,2,1,0,18,0,1,0,0,0,0,0,1,6,1,47,8,-1,-1,-1,4,1
2014030002706,1,21,1,2,0,8,0,0,0,0,0,1,1,1,61,9,12777,2,2,-1,3
2014030002707,1,9,0,18,0,0,1,0,0,0,1,1,6,2,20,4,1124,1,9,4,3
2014030002707,2,9,0,18,0,0,2,0,0,0,3,1,6,1,34,6,1997,2,11,1,1
2014030002711,1,9,0,9,0,6,0,0,0,0,1,1,6,3,-1,-1,-1,-1,-1,-1,-1
2014030002711,2,9,0,18,0,1,0,0,0,0,1,1,6,2,35,6,1388,1,4,4,2
2014030002712,1,9,0,18,0,0,0,0,0,0,1,1,6,3,-1,-1,-1,-1,-1,-1,-1
2014030002713,1,9,0,5,0,0,0,0,0,0,1,1,6,2,37,7,1956,2,2,-1,-1
2014030002713,2,9,0,5,0,0,0,0,0,0,2,1,6,1,65,9,1598,1,16,3,1
2014030002714,1,9,0,18,0,0,0,0,0,0,1,1,6,1,39,7,2830,2,21,4,1
2014030002714,2,9,0,18,0,0,0,0,0,0,2,1,6,2,46,8,1461,2,1,3,1
2014030002715,1,3,0,18,0,0,1,10,0,10,1,1,6,1,27,6,125,1,7,4,1
2014030002716,1,9,0,18,0,0,1,0,0,0,1,1,6,2,20,4,2987,2,5,5,3
2014030002717,1,90,0,16,0,0,1,0,0,0,1,1,6,1,-1,-1,-1,-1,-1,4,2
2014030002717,2,90,0,5,0,0,0,0,0,0,1,1,6,1,-1,-1,-1,-1,-1,6,2
2014030002718,1,9,0,18,0,0,0,0,0,0,1,1,3,2,41,7,1997,1,24,5,2
2014030002718,2,19,0,18,0,0,0,0,0,0,1,1,1,1,42,7,1998,2,11,1,2
2014030002719,1,9,0,9,0,3,0,0,0,0,1,1,6,1,60,9,1968,2,7,8,3
2014030002719,2,9,0,10,0,3,0,0,0,0,2,1,6,1,29,6,1988,1,9,-1,-1
2014030002724,1,9,0,18,0,3,0,0,0,0,1,1,1,1,23,5,-1,-1,-1,4,1
2014030002727,1,9,0,18,0,8,0,0,0,0,1,1,6,1,20,4,1896,2,12,7,3
2014030002727,2,9,0,9,0,1,0,0,0,0,1,1,6,1,17,4,1242,1,3,7,3
2014030002748,1,9,0,7,0,6,0,0,0,0,3,1,6,2,74,10,1229,1,7,-1,2
2014030002748,2,1,0,18,0,8,0,0,0,0,1,1,6,1,48,8,-1,-1,-1,-1,1
2014030002751,1,5,0,17,0,0,2,0,2,0,3,1,6,1,26,6,-1,-1,-1,2,1
2014030002752,1,9,0,18,0,8,0,0,0,0,2,1,6,3,-1,-1,2231,2,-1,-1,-1
2014030002752,2,9,0,18,0,8,0,0,0,0,1,1,6,2,18,4,1396,1,11,7,3
2014030002753,1,9,0,18,0,0,0,0,0,0,3,1,6,1,-1,-1,1956,2,1,1,1
2014030002753,2,9,0,18,0,0,0,0,0,0,3,1,6,1,70,10,1598,2,1,1,1
2014030002754,1,9,0,17,0,0,5,0,7,10,1,1,6,1,17,4,1124,1,12,4,1
2014030002756,1,9,0,16,0,0,5,0,1,4,1,1,6,1,23,5,998,1,12,4,2
2014030002757,1,9,0,17,0,0,2,0,0,0,1,1,6,2,23,5,1229,1,3,7,1
2014030002758,1,9,0,18,0,0,0,0,1,7,1,1,6,1,69,10,1910,2,8,8,1
2014030002758,2,9,0,18,0,0,0,0,0,0,2,1,6,2,32,6,1399,2,9,3,1
2014030002758,3,9,0,18,0,0,0,0,0,0,2,1,6,1,19,4,1242,1,1,5,3
2014030002758,4,19,0,18,0,0,0,0,0,0,2,1,6,1,46,8,1753,2,8,3,1
2014030002760,1,21,1,12,0,0,0,0,0,0,3,1,6,1,42,7,12902,2,1,-1,-1
2014030002760,2,9,0,13,0,0,0,0,0,0,4,1,6,1,36,7,2000,1,8,-1,-1
2014030002761,1,9,0,9,0,6,0,0,0,0,3,1,6,2,35,6,2688,2,13,5,3
2014030002761,2,1,0,18,0,1,0,0,0,0,3,1,6,1,22,5,-1,-1,-1,9,1
2014030002762,1,9,0,16,0,0,1,0,0,0,0,1,6,2,26,6,1796,1,9,8,2
2014030002763,1,9,0,18,0,0,5,0,1,9,1,1,6,1,59,9,1910,2,4,-1,1
2014030002763,2,21,0,18,0,0,0,0,0,0,2,1,6,1,35,6,11946,2,3,-1,1
2014030002764,1,19,0,18,0,0,0,0,0,0,1,1,1,1,30,6,2198,2,6,-1,-1
2014030002764,2,9,0,3,0,0,0,0,0,0,2,1,6,1,20,4,999,1,1,2,3
2014030002766,1,3,0,17,0,0,0,10,0,0,0,1,6,2,17,4,124,1,7,-1,-1
2014030002767,1,9,0,18,0,0,0,0,0,0,1,1,6,2,60,9,998,1,12,-1,-1
2014030002768,1,11,0,16,0,1,0,0,0,0,3,1,1,1,52,8,4462,2,4,1,1
2014030002772,1,9,0,18,0,0,0,0,0,0,1,1,6,1,45,7,2179,2,2,2,1
2014030002772,2,9,0,18,0,0,0,0,0,0,2,1,6,1,22,5,1590,1,19,5,2
2014030002773,1,9,0,18,0,0,1,0,1,9,4,1,6,1,57,9,-1,-1,-1,1,3
2014030002774,1,9,0,9,0,6,0,0,0,0,1,1,6,3,-1,-1,-1,-1,-1,-1,-1
2014030002774,2,1,0,18,0,6,0,0,0,0,1,1,6,1,15,3,-1,-1,-1,8,1
2014030002775,1,9,0,4,0,5,0,0,0,0,3,1,6,3,-1,-1,-1,-1,-1,-1,-1
2014030002776,1,9,0,9,0,1,0,0,0,0,4,1,6,2,23,5,1242,1,5,8,1
2014030002776,2,4,0,3,0,1,0,0,0,0,1,1,6,1,19,4,125,1,3,2,1
2014030002777,1,9,0,17,0,8,0,0,0,0,3,1,6,1,22,5,1598,1,7,5,1
2014030002780,1,9,0,18,0,3,0,0,0,0,3,1,6,1,17,4,998,1,6,6,3
2014030002780,2,5,0,18,0,8,5,0,0,0,4,1,6,1,43,7,599,1,18,7,1
2014030002781,1,9,0,18,0,4,0,0,0,0,1,1,6,1,58,9,1229,1,-1,10,1
2014030002781,2,9,0,18,0,4,0,0,0,0,2,1,6,1,31,6,1396,1,9,2,1
2014030002781,3,9,0,18,0,8,0,0,0,0,0,1,6,1,38,7,1753,2,4,5,1
2014030002784,1,9,0,18,0,0,0,0,0,0,1,1,6,1,41,7,-1,-1,-1,4,1
2014030002784,2,4,0,18,0,0,0,0,0,0,2,1,6,1,59,9,2294,1,6,-1,-1
2014030002787,1,19,0,8,0,1,0,0,0,0,1,1,6,1,26,6,2287,2,1,6,1
2014030002787,2,8,0,18,0,8,0,0,0,0,4,1,6,1,65,9,-1,-1,-1,4,1
2014030002791,1,3,0,18,5,0,0,0,0,0,1,1,6,3,-1,-1,-1,-1,-1,-1,-1
2014030002791,2,1,0,18,5,0,0,0,0,0,1,1,6,1,17,4,-1,-1,-1,6,3
2014030002794,1,9,0,3,0,8,0,0,0,0,1,1,6,1,40,7,-1,-1,-1,6,3
2014030002794,2,9,0,3,0,8,0,0,0,0,2,1,6,1,23,5,1124,1,13,4,1
2014030002801,1,9,0,18,0,1,1,0,0,0,1,1,6,2,19,4,1398,2,10,4,3
2014030002801,2,9,0,4,0,1,0,0,0,0,2,1,6,2,54,8,1598,1,9,10,1
2014030002801,3,9,0,4,0,1,0,0,0,0,2,1,6,1,32,6,2179,2,4,7,1
2014030002801,4,9,0,9,0,8,0,0,0,0,0,1,6,3,-1,-1,-1,-1,-1,-1,-1
2014030002803,1,9,0,18,0,1,0,0,0,0,1,1,6,1,38,7,-1,-1,-1,6,2
2014030002803,2,9,0,7,0,5,0,0,0,0,2,1,6,1,46,8,1796,1,11,8,2
2014030002805,1,9,0,15,0,0,0,0,0,0,4,1,6,1,93,11,-1,-1,-1,9,1
2014030002805,2,1,0,18,0,0,0,0,0,0,3,1,6,2,59,9,-1,-1,-1,8,1
2014030002806,1,9,0,18,0,0,1,0,0,0,1,1,6,2,30,6,-1,-1,-1,-1,-1
2014030002812,1,90,0,18,0,1,0,0,0,0,1,1,6,1,26,6,249,1,2,5,1
2014030002812,2,9,0,18,0,2,0,0,0,0,1,1,6,1,60,9,1360,1,13,7,3
2014030002814,1,9,0,18,0,0,0,4,0,0,4,1,6,1,82,11,998,1,-1,4,1
2014030002814,2,9,0,2,0,0,0,0,0,0,4,1,6,2,32,6,1896,2,9,4,1
2014030002815,1,9,0,18,0,1,0,0,0,0,2,1,6,1,73,10,1753,2,11,-1,-1
2014030002815,2,1,0,18,0,1,0,0,0,0,2,1,6,1,32,6,-1,-1,-1,-1,-1
2014030002816,1,9,0,13,0,1,0,0,0,0,0,1,6,1,25,5,1242,1,12,5,1
2014030002816,2,1,0,18,0,1,0,0,0,0,2,1,6,1,40,7,-1,-1,-1,8,3
2014030002823,1,19,0,18,0,0,1,0,1,7,1,1,1,1,62,9,2151,2,12,2,1
2014030002824,1,9,0,18,0,0,0,0,0,0,1,1,6,3,-1,-1,-1,-1,-1,-1,-1
2014030002824,2,9,0,18,0,0,0,0,0,0,3,1,6,2,23,5,1596,1,8,1,1
2014030002825,1,9,0,18,0,1,0,0,0,0,1,1,6,1,52,8,1995,2,7,2,1
2014030002826,1,11,0,10,0,1,0,0,0,0,0,1,6,3,-1,-1,-1,-1,-1,-1,-1
2014030002827,1,9,0,18,0,0,2,0,7,4,1,1,6,1,19,4,1598,1,9,-1,1
2014030002828,1,9,0,3,8,7,1,0,0,0,1,1,6,1,34,6,1527,2,16,4,1