Accident_Index,Vehicle_Reference,Vehicle_Type,Towing_and_Articulation,Vehicle_Manoeuvre,Vehicle_Location-Restricted_Lane,Junction_Location,Skidding_and_Overturning,Hit_Object_in_Carriageway,Vehicle_Leaving_Carriageway,Hit_Object_off_Carriageway,1st_Point_of_Impact,Was_Vehicle_Left_Hand_Drive?,Journey_Purpose_of_Driver,Sex_of_Driver,Age_of_Driver,Age_Band_of_Driver,Engine_Capacity_(CC),Propulsion_Code,Age_of_Vehicle,Driver_IMD_Decile,Driver_Home_Area_Type
2014030003177,1,9,0,13,0,0,0,0,1,0,1,1,6,1,70,10,1461,2,-1,4,3
2014030003177,2,9,0,16,0,0,0,0,0,0,1,1,6,1,21,5,-1,-1,-1,6,3
2014030003177,3,20,1,16,0,0,0,0,0,0,1,1,6,1,58,9,-1,-1,-1,3,1
2014030003178,1,9,0,18,0,1,0,0,0,0,1,1,6,2,42,7,1968,2,5,7,2
2014030003179,1,9,0,17,0,0,1,0,1,10,1,1,6,1,45,7,1587,1,9,4,2
2014030003180,1,3,0,18,0,8,0,0,1,7,1,1,6,1,17,4,124,1,-1,5,1
2014030003180,2,9,0,9,0,2,0,0,0,0,1,1,6,2,22,5,1388,1,11,3,1
2014030003181,1,9,0,18,0,0,1,0,0,0,1,1,6,1,82,11,1951,2,9,8,2
2014030003181,2,9,0,2,0,0,0,0,0,0,3,1,6,1,-1,-1,1798,1,6,6,1
2014030003196,1,9,0,18,0,0,5,0,0,10,1,1,6,1,51,8,2495,2,12,-1,-1
2014030003197,1,9,0,16,0,1,0,0,0,0,1,1,6,3,-1,-1,1968,2,10,-1,-1
2014030003197,2,9,0,5,0,1,0,0,0,0,3,1,6,1,37,7,1598,1,1,4,1
2014030003203,1,9,0,9,0,2,0,0,0,0,1,1,6,1,42,7,1199,1,12,2,1
2014030003203,2,9,0,18,0,1,0,0,0,0,4,1,6,1,23,5,1390,1,13,5,3
2014030003204,1,9,0,12,0,0,0,0,0,0,1,1,6,1,27,6,1984,1,18,1,1
2014030003204,2,9,0,18,0,0,0,0,0,0,2,1,6,1,52,8,-1,-1,-1,2,1
2014030003205,1,19,0,15,0,1,0,0,0,0,1,1,1,1,57,9,2198,2,6,3,3
2014030003205,2,9,0,8,0,1,0,0,0,0,4,1,6,2,28,6,1560,2,7,3,1
2014030003205,3,9,0,9,0,1,0,0,0,0,0,1,6,3,-1,-1,-1,-1,-1,-1,-1
2014030003206,1,9,0,16,0,0,5,0,7,10,1,1,6,1,19,4,1229,1,1,-1,3
2014030003207,1,9,0,9,0,6,0,0,0,0,1,1,6,2,52,8,1197,1,-1,4,1
2014030003207,2,9,0,18,0,1,0,0,0,0,1,1,6,1,37,7,1998,1,5,4,1
2014030003208,1,9,0,18,0,0,0,0,0,0,2,1,6,2,27,6,1598,1,6,4,1
2014030003208,2,9,0,18,0,0,0,0,0,0,1,1,6,2,45,7,1896,2,11,2,1
2014030003209,1,9,0,4,0,0,2,0,0,0,0,1,6,2,20,4,1560,2,3,2,2
2014030003210,1,9,0,18,0,4,0,0,0,0,1,1,6,2,42,7,1898,1,16,7,3
2014030003210,2,1,0,18,0,4,0,0,0,0,1,1,6,1,42,7,-1,-1,-1,3,1
2014030003211,1,9,0,18,0,0,0,0,0,0,1,1,6,1,63,9,1590,1,7,9,1
2014030003225,1,9,0,16,0,8,5,0,0,0,0,1,6,1,71,10,-1,-1,-1,6,3
2014030003225,2,9,0,17,0,8,0,0,0,0,0,1,6,3,-1,-1,-1,-1,-1,-1,-1
2014030003226,1,9,0,16,0,0,2,0,1,10,1,1,6,1,34,6,2000,1,15,7,3
2014030003227,1,4,0,18,0,8,1,0,0,0,1,1,6,1,19,4,-1,-1,-1,1,1
2014030003227,2,9,0,9,0,8,0,0,0,0,3,1,6,1,46,8,1896,2,7,5,3
2014030003228,1,90,0,5,0,0,0,0,0,0,1,1,6,1,-1,-1,-1,-1,-1,4,1
2014030003228,2,19,0,2,0,0,0,0,0,0,4,1,6,1,26,6,1753,2,7,1,2
2014030003232,1,9,0,5,0,2,0,0,0,0,3,1,6,2,49,8,1149,1,6,10,1
2014030003232,2,9,0,18,0,1,0,0,0,0,1,1,6,1,44,7,1997,2,14,2,1
2014030003233,1,9,0,18,0,0,0,0,1,4,3,1,6,1,22,5,1988,1,11,6,1
2014030003233,2,9,0,18,0,0,0,0,0,0,3,1,6,1,35,6,1988,1,13,4,2
2014030003234,1,9,0,17,0,0,5,0,1,4,1,1,6,1,18,4,1587,1,9,1,1
2014030003235,1,9,0,18,0,0,0,0,0,0,1,1,6,2,20,4,1199,1,13,5,1
2014030003235,2,9,0,18,0,0,0,0,0,0,1,1,6,1,53,8,-1,-1,-1,4,2
2014030003236,1,19,4,18,0,0,2,0,1,10,1,1,6,1,42,7,2477,2,-1,-1,-1
2014030003237,1,9,0,18,0,4,0,0,0,0,1,1,6,2,61,9,999,1,16,5,2
2014030003237,2,9,0,9,0,8,0,0,0,0,3,1,6,1,51,8,898,1,1,-1,1
2014030003239,1,9,0,5,0,0,0,0,0,0,3,1,6,1,25,5,-1,-1,-1,-1,-1
2014030003239,2,9,0,18,0,0,0,0,0,0,1,1,6,2,25,5,1587,1,15,1,1
2014030003253,1,9,0,17,0,0,0,0,0,0,1,1,6,1,55,8,4172,1,9,6,1
2014030003253,2,9,0,16,0,0,0,0,1,0,1,1,6,2,29,6,1598,1,14,1,1
2014030003254,1,9,0,18,0,1,0,0,0,0,1,1,6,1,40,7,3189,1,9,4,2
2014030003254,2,9,0,3,0,1,0,0,0,0,2,1,6,1,61,9,1598,1,3,4,2
2014030003254,3,9,0,3,0,1,0,0,0,0,2,1,6,1,21,5,1499,2,1,5,2
2014030003268,1,9,0,4,0,1,0,0,0,0,1,1,6,1,48,8,1896,2,13,7,1
2014030003268,2,9,0,3,0,1,0,0,0,0,2,1,6,2,64,9,2982,2,3,6,1
2014030003275,1,19,0,18,0,0,0,0,0,0,4,1,6,1,-1,-1,-1,-1,-1,-1,-1
2014030003277,1,9,0,16,0,0,2,0,0,0,3,1,6,2,57,9,1840,1,18,5,3
2014030003278,1,9,0,4,0,1,0,0,0,0,1,1,6,2,27,6,1149,1,7,4,2
2014030003278,2,3,0,18,0,1,0,0,0,0,3,1,6,1,25,5,125,1,-1,-1,3
2014030003288,1,19,0,18,0,0,0,0,0,0,1,1,6,1,40,7,1753,2,7,5,2
2014030003288,2,9,0,18,0,0,0,0,0,0,1,1,6,2,65,9,1390,1,12,5,3
2014030003289,1,9,0,1,0,0,0,0,0,0,2,1,6,1,68,10,2179,2,2,7,3
2014030003289,2,9,0,2,0,0,0,0,0,0,3,1,6,2,20,4,1596,1,11,3,1
2014030003290,1,19,0,1,0,0,0,0,0,10,2,1,6,1,53,8,2148,2,6,3,3
2014030003294,1,9,0,9,0,6,0,0,0,0,1,1,2,2,39,7,1364,2,8,-1,3
2014030003294,2,9,0,18,0,1,0,0,0,0,1,1,6,2,51,8,1398,1,9,5,2
2014030003298,1,9,0,18,0,0,0,0,0,0,4,1,6,1,26,6,-1,-1,-1,7,3
2014030003298,2,1,0,18,0,0,0,0,0,0,2,1,6,1,30,6,-1,-1,-1,8,1
2014030003305,1,9,0,13,0,0,0,12,0,0,1,1,6,1,26,6,2496,2,13,-1,-1
2014030003305,2,9,0,18,0,0,0,0,0,0,1,1,6,1,20,4,1596,1,8,2,1
2014030003307,1,9,0,18,0,0,0,0,0,0,4,1,6,1,73,10,1198,1,9,6,3
2014030003307,2,9,0,2,9,0,0,0,0,0,3,1,6,1,44,7,-1,-1,-1,7,1
201404AL14003,1,9,0,18,0,0,1,0,1,4,4,1,6,1,28,6,1988,1,14,9,1
201404AL14004,1,9,0,7,0,3,0,0,0,0,1,1,6,1,62,9,1598,2,1,8,1
201404AL14004,2,1,0,9,0,3,0,0,0,0,4,1,6,1,65,9,-1,-1,-1,9,1
201404AL14005,1,9,0,5,0,0,0,0,0,0,3,1,2,2,51,8,1198,1,3,3,1
201404AL14005,2,2,0,18,0,0,0,0,0,0,1,1,6,1,77,11,49,1,24,8,1
201404AL14006,1,9,0,18,0,0,0,0,0,0,1,1,6,1,42,7,1896,2,9,6,1
201404AL14006,2,9,0,9,0,0,0,0,0,0,1,1,6,1,37,7,1398,1,1,4,1
201404AL14006,3,9,0,2,0,0,0,0,0,0,3,1,6,1,42,7,2000,2,8,-1,-1
201404AL14007,1,9,0,18,0,8,0,0,0,0,1,1,6,1,49,8,698,1,11,5,1
201404AL14007,2,9,0,18,0,8,0,0,0,0,4,1,6,2,62,9,1390,1,11,7,1
201404AL14008,1,9,0,9,0,4,0,0,0,0,3,1,6,2,27,6,1975,1,14,9,1
201404AL14008,2,1,0,9,0,4,0,0,0,0,3,1,6,1,42,7,-1,-1,-1,5,1
201404AL14009,1,19,0,9,0,6,0,0,0,0,3,1,6,1,22,5,1995,2,5,3,1
201404AL14009,2,9,0,18,0,8,0,0,0,0,1,1,6,1,70,10,1998,1,9,9,1
201404AL14010,1,9,0,4,0,3,0,0,0,0,1,1,6,2,63,9,1995,2,2,8,3
201404AL14010,2,5,0,4,0,3,0,0,0,0,2,1,6,1,33,6,599,1,-1,9,1
201404AL14011,1,9,0,9,0,6,0,0,0,0,1,1,6,2,70,10,1997,1,7,9,1
201404AL14011,2,9,0,18,0,8,0,0,0,0,1,1,3,2,35,6,-1,-1,-1,9,1
201404AL14012,1,9,0,17,0,0,1,0,1,9,1,1,6,1,19,4,1360,1,10,6,2
201404AL14013,1,9,0,18,0,0,1,0,0,0,1,1,6,1,38,7,1998,2,8,5,1
201404AL14014,1,9,0,18,0,6,0,0,0,0,4,1,6,2,72,10,1349,1,6,9,1
201404AL14014,2,9,0,18,0,8,0,0,0,0,3,1,2,1,26,6,1242,1,9,6,1
201404AL14015,1,9,0,18,0,3,1,0,1,2,3,1,2,1,21,5,1596,1,10,6,1
201404AL14016,1,19,0,14,0,8,0,0,0,0,4,1,6,1,24,5,1868,2,12,9,1
201404AL14017,1,9,0,18,0,4,0,0,0,0,1,1,6,1,79,11,1124,1,10,10,1
201404AL14017,2,3,0,9,0,3,0,0,0,0,4,1,2,1,25,5,124,1,21,1,1
201404AL14018,1,9,0,16,0,0,1,0,8,1,1,1,6,1,34,6,1596,1,10,-1,-1
201404AL14019,1,9,0,9,0,5,0,0,0,0,1,1,1,2,59,9,1199,1,-1,1,1
201404AL14020,1,9,0,18,0,0,1,0,0,0,1,1,2,2,59,9,1198,1,1,7,3
201404AL14020,2,9,0,3,0,0,0,0,0,0,2,1,2,1,33,6,-1,-1,-1,1,1
201404AL14021,1,9,0,18,0,8,0,0,0,0,3,1,6,1,61,9,1598,2,2,9,1
201404AL14021,2,2,0,18,0,8,0,0,0,0,1,1,4,2,16,4,49,1,10,9,1
201404AL14022,1,9,0,18,0,0,0,11,0,0,1,1,6,1,41,7,1686,2,9,3,1
201404AL14023,1,9,0,18,0,8,0,0,6,6,1,1,6,1,64,9,2967,1,13,2,1
201404AL14024,1,9,0,5,0,0,0,0,0,0,3,1,6,2,23,5,1229,1,6,5,1
201404AL14024,2,9,0,18,0,0,0,0,0,0,4,1,2,2,54,8,1595,1,9,2,1
201404AL14025,1,9,0,5,0,0,0,0,3,10,1,1,6,1,86,11,1242,1,1,6,1
201404AL14026,1,9,0,13,0,0,0,0,0,2,0,1,6,1,79,11,2148,2,10,10,2
201404AL14026,2,9,0,4,0,0,0,0,0,0,2,1,6,1,42,7,2000,2,5,5,1
201404AL14026,3,9,0,18,0,0,0,0,0,0,3,1,6,2,26,6,-1,-1,-1,3,1
201404AL14026,4,9,0,18,0,0,0,0,7,4,1,1,6,2,53,8,1339,1,4,-1,3
201404AL14026,5,9,0,18,0,0,0,0,0,0,3,1,6,1,70,10,-1,-1,-1,9,1
201404AL14027,1,9,0,9,0,8,0,0,0,0,2,1,2,1,32,6,2143,2,2,-1,1
201404AL14027,2,9,0,18,0,8,0,0,0,0,1,1,2,1,31,6,1968,2,3,5,1
201404AL14028,1,8,0,5,0,6,0,0,0,0,4,1,2,1,51,8,2402,2,11,8,2
201404AL14028,2,9,0,18,0,1,1,0,0,0,1,1,2,1,41,7,-1,-1,-1,7,3
201404AL14029,1,9,0,9,0,8,0,0,0,0,1,1,6,1,28,6,1997,2,15,4,1
201404AL14029,2,9,0,18,0,8,0,0,0,0,1,1,6,2,46,8,1299,1,12,5,1
201404AL14030,1,9,0,9,0,8,0,0,0,0,1,1,2,1,27,6,1388,1,14,4,1
201404AL14030,2,9,0,18,0,8,0,0,0,0,1,1,2,1,39,7,1956,2,2,3,1
201404AL14031,1,9,0,13,0,3,2,0,0,0,4,1,6,1,66,10,-1,-1,-1,5,1
201404AL14031,2,90,0,18,0,3,0,0,0,0,0,1,1,1,33,6,-1,-1,-1,3,1
201404AL14031,3,9,0,18,0,3,0,0,0,0,0,1,6,2,39,7,2000,1,14,5,1
201404AL14032,1,9,0,18,0,1,1,7,7,10,3,1,6,2,20,4,998,1,15,5,1
201404AL14032,2,9,0,10,0,6,0,0,0,0,0,1,6,2,82,11,-1,-1,-1,9,1
201404AL14033,1,3,0,9,0,8,1,0,1,10,3,1,6,1,20,4,125,1,5,1,1
201404AL14034,1,9,0,9,0,1,0,0,0,0,4,1,6,1,76,11,1991,2,2,8,1
201404AL14034,2,1,0,18,0,1,0,0,0,0,1,1,6,1,40,7,-1,-1,-1,9,1
201404AL14035,1,9,0,3,0,1,0,0,0,0,1,1,6,2,73,10,3199,1,12,3,1
201404AL14035,2,9,0,5,0,1,0,0,0,0,2,1,1,2,17,4,1398,2,3,6,1
201404AL14036,1,9,0,16,0,0,2,7,7,4,1,1,6,2,18,4,1229,1,8,10,1
201404AL14037,1,90,0,12,0,1,0,0,0,0,1,1,1,1,51,8,-1,-1,-1,2,1
201404AL14037,2,9,0,4,0,6,0,0,0,0,4,1,6,2,31,6,1560,2,5,8,3
201404AL14038,1,19,0,13,0,0,0,0,0,0,4,1,1,1,38,7,1995,2,7,8,2
201404AL14038,2,1,0,18,0,0,0,0,0,0,2,1,6,1,31,6,-1,-1,-1,9,1
201404AL14039,1,9,0,5,0,1,0,0,0,0,1,1,6,1,29,6,1998,2,-1,8,1
201404AL14039,2,5,0,18,0,2,0,0,0,0,2,1,2,1,36,7,600,1,7,2,1
201404AL14039,3,19,0,2,0,2,0,0,0,0,1,1,1,1,30,6,1998,2,9,-1,-1
201404AL14040,1,9,0,9,0,5,0,0,0,0,0,1,6,2,41,7,1968,2,2,9,2
201404AL14040,2,1,0,18,0,1,0,0,0,0,4,1,6,2,26,6,-1,-1,-1,10,1
201404AL14041,1,9,0,18,0,8,0,0,0,0,1,1,6,3,-1,-1,-1,-1,-1,-1,-1
201404AL14042,1,9,0,18,0,0,0,0,0,0,1,1,6,1,57,9,1998,2,9,6,1
201404AL14042,2,9,0,3,0,0,0,0,0,0,2,1,6,1,26,6,1229,1,7,-1,-1
201404AL14042,3,9,0,3,0,0,0,0,0,0,2,1,6,1,58,9,1497,8,-1,9,1
201404AL14042,4,9,0,10,0,0,0,0,0,0,2,1,6,1,25,5,1461,2,5,7,3
201404AL14043,1,9,0,18,0,8,0,0,0,0,1,1,6,1,21,5,1968,2,1,10,1
201404AL14043,2,5,0,18,0,8,0,0,0,0,3,1,6,1,67,10,750,1,9,7,2
201404AL14044,1,1,0,9,0,6,0,0,0,0,3,1,6,1,20,4,-1,-1,-1,-1,-1
201404AL14044,2,19,0,18,0,1,0,0,0,0,1,1,1,1,73,10,1753,2,18,5,1
201404AL14045,1,9,0,1,0,2,0,0,0,0,2,1,6,1,57,9,-1,-1,-1,-1,-1
201404AL14046,1,9,0,9,6,8,0,0,0,0,0,1,2,2,23,5,1149,1,14,4,1
201404AL14046,2,9,0,18,0,8,0,4,8,10,4,1,2,1,31,6,1798,1,6,4,1
201404AL14046,3,9,0,2,0,2,0,0,0,0,3,1,6,2,69,10,1560,2,1,4,1
201404AL14047,1,9,0,9,0,8,0,0,0,0,1,1,6,2,17,4,1242,1,6,7,1
201404AL14047,2,9,0,17,0,8,0,0,0,0,1,1,6,1,60,9,1587,1,11,1,1
201404AL14048,1,9,0,9,0,5,0,0,0,0,4,1,6,1,40,7,1896,2,13,2,1
201404AL14048,2,1,0,18,0,8,0,0,0,0,1,1,6,1,36,7,-1,-1,-1,3,1
201404AL14049,1,9,0,6,0,0,0,0,0,0,3,1,6,1,18,4,1198,1,9,8,1
201404AL14049,2,9,0,18,0,0,0,0,0,0,4,1,6,2,46,8,1149,1,6,9,1
201404AL14050,1,9,0,9,0,8,0,0,0,0,4,1,6,2,26,6,999,1,2,7,3
201404AL14050,2,9,0,18,0,8,0,0,0,0,1,1,6,2,26,6,1360,1,7,2,1
201404AL14051,1,9,0,9,0,6,0,0,0,0,1,1,6,2,78,11,-1,-1,-1,8,1
201404AL14051,2,9,0,18,0,1,0,0,0,0,3,1,6,2,21,5,1364,1,7,10,1
201404AL14051,3,9,0,18,0,1,0,0,0,0,3,1,6,2,32,6,1896,2,9,5,1
201404AL14052,1,3,0,14,0,0,0,0,0,0,4,1,6,1,18,4,124,1,6,8,1
201404AL14052,2,9,0,5,0,0,0,0,0,0,4,1,6,2,37,7,-1,-1,-1,9,1
201404AL14053,1,9,0,7,0,0,0,0,0,0,0,1,6,3,-1,-1,-1,-1,-1,-1,-1
201404AL14053,2,1,0,7,0,0,0,0,0,0,0,1,6,1,48,8,-1,-1,-1,2,1
201404AL14054,1,9,0,18,0,4,1,9,3,1,1,1,6,1,18,4,1242,1,12,4,1
201404AL14055,1,9,0,9,0,6,0,0,0,0,1,1,6,2,77,11,1796,1,9,9,1
201404AL14055,2,9,0,18,0,1,0,0,0,0,3,1,6,2,18,4,1242,1,6,4,1
201404AL14056,1,9,0,18,0,4,0,0,0,0,1,1,6,1,26,6,-1,-1,-1,10,1
201404AL14056,2,3,0,18,0,4,0,0,0,0,4,1,2,1,25,5,125,1,7,8,3
201404AL14057,1,9,0,18,0,1,0,0,0,0,4,1,6,2,23,5,-1,-1,-1,5,2
201404AL14058,1,9,0,5,0,0,0,0,0,0,3,1,6,1,67,10,1896,2,7,6,3
201404AL14058,2,9,0,16,0,0,0,0,1,10,1,1,6,1,30,6,1998,1,5,3,1
201404AL14059,1,1,0,18,0,0,0,0,0,0,1,1,6,2,57,9,-1,-1,-1,-1,-1
201404AL14060,1,3,0,7,0,8,2,0,0,0,4,1,6,1,46,8,102,1,8,5,1
201404AL14061,1,9,0,18,0,8,0,0,1,0,1,1,6,1,39,7,1896,2,10,1,1
201404AL14061,2,5,0,9,0,8,0,0,0,0,4,1,6,1,48,8,598,1,15,1,1
201404AL14062,1,9,0,5,0,4,0,0,0,0,1,1,6,1,53,8,2597,1,11,10,2
201404AL14062,2,1,0,18,0,8,0,0,1,0,4,1,6,1,40,7,-1,-1,-1,6,1
201404AL14063,1,9,0,18,0,1,0,0,0,0,4,1,1,1,48,8,-1,-1,-1,7,1
201404AL14063,2,1,0,18,0,1,0,0,0,0,3,1,6,1,63,9,-1,-1,-1,4,1
201404AL14064,1,9,0,1,0,0,0,0,0,0,2,1,6,1,79,11,1769,1,12,5,1
201404AL14065,1,9,0,4,0,0,0,0,0,0,1,1,6,1,67,10,1388,1,6,8,1
201404AL14065,2,9,0,4,0,0,0,0,0,0,2,1,6,1,51,8,1951,2,13,9,1
201404AL14066,1,9,0,15,0,0,0,0,1,4,1,1,6,1,72,10,1988,1,13,1,1
201404AL14066,2,9,0,3,0,0,0,0,0,0,2,1,6,1,51,8,1997,2,3,7,1
201404AL14067,1,9,0,9,0,8,0,0,0,0,1,1,3,2,26,6,1598,1,12,-1,-1
201404AL14067,2,9,0,18,0,8,0,0,0,0,1,1,2,2,50,8,1997,2,3,8,1
201404AL14068,1,9,0,4,0,3,1,10,0,0,4,1,6,1,25,5,1124,1,12,1,1
201404AL14069,1,9,0,16,0,0,0,0,1,10,1,1,2,1,20,4,-1,-1,-1,7,1
201404AL14069,2,9,0,17,0,0,0,0,0,0,2,1,2,2,49,8,1796,1,12,5,2
201404AL14070,1,1,0,5,4,1,0,0,0,0,0,1,1,1,42,7,-1,-1,-1,7,1
201404AL14070,2,9,0,7,0,1,0,0,0,0,0,1,6,2,46,8,1349,1,1,8,1
201404AL14071,1,9,0,4,0,1,1,0,0,0,1,1,2,1,34,6,-1,-1,-1,8,3
201404AL14071,2,9,0,3,0,1,0,0,0,0,2,1,3,2,41,7,1598,1,8,7,3
201404AL14072,1,9,0,18,0,4,0,0,0,0,3,1,6,2,55,8,1339,1,11,8,3
201404AL14072,2,1,0,18,0,4,0,0,0,0,4,1,6,1,42,7,-1,-1,-1,4,1
201404AL14073,1,9,0,6,0,0,0,0,0,0,3,1,2,1,27,6,1984,2,5,4,1
201404AL14073,2,5,0,18,0,0,0,0,0,0,4,1,6,1,47,8,1200,1,13,3,1
201404AL14074,1,9,0,16,0,0,1,0,0,0,4,1,6,1,27,6,1587,1,13,2,1
201404AL14074,2,9,0,18,0,0,0,0,0,0,1,1,6,1,24,5,1595,1,1,6,1
201404AL14075,1,9,0,16,0,0,0,0,0,0,1,1,6,2,24,5,-1,-1,-1,5,1
201404AL14075,2,9,0,17,0,0,0,0,0,0,1,1,6,1,73,10,1198,1,3,1,1
201404AL14077,1,9,0,18,0,4,0,0,0,0,1,1,6,1,34,6,1968,2,7,8,1
201404AL14077,2,9,0,4,0,4,0,0,0,0,2,1,6,1,62,9,1242,1,12,3,1
201404AL14078,1,9,0,9,0,5,0,0,0,0,1,1,2,1,41,7,1598,1,4,9,1
201404AL14078,2,9,0,18,0,1,0,0,0,0,1,1,6,2,44,7,1995,2,4,1,1
201404AL14079,1,8,0,1,6,0,0,0,0,10,2,1,1,1,47,8,1798,1,6,5,1
201404AL14080,1,9,0,9,0,2,0,0,0,0,3,1,6,3,-1,-1,-1,-1,-1,-1,-1
201404AL14080,2,1,0,18,0,2,5,0,0,0,3,1,2,1,27,6,-1,-1,-1,10,1
201404AL14081,1,10,0,5,0,0,0,0,0,0,0,1,1,2,42,7,2402,2,10,6,1
201404AL14082,1,9,0,9,0,8,0,0,0,0,4,1,1,2,67,10,2497,1,3,6,1
201404AL14083,1,9,0,14,0,2,0,0,0,0,1,1,6,3,-1,-1,-1,-1,-1,-1,-1
201404AL14083,2,9,0,2,0,2,0,0,0,0,0,1,2,2,43,7,1398,1,4,-1,-1
201404AL14084,1,9,0,13,0,0,0,0,0,0,4,1,6,1,23,5,1997,2,12,9,1
201404AL14084,2,9,0,4,0,0,0,0,0,0,3,1,6,1,82,11,1896,2,5,10,1
201404AL14084,3,9,0,18,0,0,0,0,0,0,1,1,6,1,62,9,1796,1,15,6,1
201404AL14085,1,1,0,18,9,0,0,0,0,0,1,1,6,2,47,8,-1,-1,-1,9,1
201404AL14085,2,9,0,5,9,0,0,0,0,0,1,1,6,1,42,7,1398,1,8,4,1
201404AL14086,1,9,0,16,0,8,1,0,1,4,1,1,6,1,26,6,1895,1,15,9,2
201404AL14087,1,9,0,9,0,1,0,0,0,0,3,1,6,1,68,10,-1,-1,-1,4,1
201404AL14087,2,5,0,17,0,1,0,0,0,0,1,1,6,1,37,7,998,1,9,5,1
201404AL14088,1,9,0,18,0,0,0,0,0,0,1,1,6,2,76,11,998,1,21,8,3
201404AL14088,2,9,0,3,0,0,0,0,0,0,2,1,2,1,38,7,1587,1,6,8,1
201404AL14089,1,3,0,18,0,1,0,0,0,0,0,1,6,1,19,4,124,1,4,6,1
201404AL14090,1,9,0,9,0,5,0,0,0,0,0,1,6,2,44,7,2979,1,1,9,1
201404AL14091,1,8,0,5,0,1,0,0,0,0,0,1,1,1,46,8,1870,2,9,3,1
201404AL14092,1,4,0,7,0,2,1,0,4,0,3,1,1,1,56,9,199,1,1,8,1
201404AL14093,1,9,0,18,0,0,5,4,0,0,1,1,6,2,25,5,999,1,4,8,1
201404AL14093,2,9,0,2,0,0,1,0,0,0,2,1,6,2,76,11,1339,8,3,6,1
201404AL14094,1,9,0,9,0,6,0,0,0,0,3,1,2,2,26,6,1240,1,10,4,1
201404AL14094,2,5,0,18,0,8,0,0,0,0,1,1,6,1,66,10,798,1,22,10,2
201404AL14095,1,9,0,7,0,6,0,0,0,0,1,1,3,2,27,6,998,1,9,9,2
201404AL14095,2,9,0,18,0,8,0,0,0,0,4,1,3,2,40,7,1598,1,11,10,1
201404AL14096,1,9,0,18,0,0,1,0,0,0,1,1,6,2,65,9,1686,2,13,1,1
201404AL14096,2,9,0,3,0,0,0,0,0,0,2,1,6,1,55,8,1998,2,7,5,1
201404AL14097,1,9,0,7,0,8,0,0,0,0,1,1,6,1,79,11,1997,1,30,9,1
201404AL14097,2,9,0,18,0,8,0,0,7,10,4,1,6,1,74,10,1588,1,12,9,1
201404AL14098,1,9,0,9,0,8,0,0,0,0,0,1,6,2,84,11,1598,1,-1,5,1
201404AL14098,2,9,0,7,0,8,0,0,7,1,1,1,6,2,62,9,1998,1,12,3,1
201404AL14099,1,9,0,9,0,8,0,0,0,0,3,1,6,2,22,5,1349,1,3,2,1
201404AL14099,2,9,0,18,0,8,0,0,0,0,1,1,2,2,19,4,1598,1,6,10,1
201404AL14100,1,9,0,18,0,6,0,0,0,0,3,1,6,1,19,4,1199,1,10,8,1
201404AL14100,2,9,0,18,0,8,0,0,0,0,1,1,6,2,55,8,1360,1,10,-1,-1
201404AL14101,1,19,0,3,0,0,0,0,0,0,1,1,1,1,67,10,1995,2,3,8,2
201404AL14101,2,9,0,3,0,0,0,0,0,0,2,1,6,1,62,9,1910,2,9,5,1
201404AL14102,1,9,0,18,0,8,0,0,0,0,3,1,6,1,35,6,2204,2,8,6,1
201404AL14102,2,9,0,11,0,8,0,0,0,0,4,1,6,1,43,7,2143,2,1,1,1
201404AL14103,1,9,0,5,0,0,0,0,0,0,1,1,3,1,35,6,1560,2,9,4,1
201404AL14103,2,9,0,18,0,0,0,0,0,0,4,1,3,1,33,6,1796,1,3,8,1
201404AL14104,1,5,0,18,0,0,0,0,0,0,0,1,6,1,46,8,904,1,15,4,1
201404AL14105,1,9,0,1,0,0,0,0,0,0,2,1,2,2,60,9,1240,1,9,6,1
201404AL14106,1,11,0,18,0,0,0,0,0,0,3,1,1,1,58,9,9000,2,1,6,1
201404AL14106,2,11,0,18,0,0,0,0,0,0,3,1,1,1,37,7,9000,2,1,1,1
201404AL14107,1,9,0,18,0,0,0,4,0,0,1,1,6,1,79,11,1794,1,8,10,1
201404AL14107,2,10,0,2,0,0,0,0,0,0,2,1,6,3,-1,-1,2463,2,11,-1,-1
201404AL14108,1,9,0,18,0,1,0,0,0,0,4,1,2,2,32,6,1198,1,8,9,1
201404AL14108,2,9,0,5,0,1,0,0,0,0,1,1,6,2,42,7,2993,2,10,8,3
201404AL14109,1,9,0,18,0,8,0,0,0,0,1,1,6,1,70,10,1560,2,2,2,1
201404AL14109,2,9,0,18,0,8,0,0,1,10,1,1,6,1,63,9,1998,1,11,6,1
201404AL14111,1,9,0,13,0,0,0,0,0,0,1,1,6,2,52,8,1997,2,11,10,1
201404AL14111,2,9,0,9,0,0,0,0,0,0,1,1,6,2,49,8,998,1,1,-1,-1
201404AL14112,1,90,0,5,0,8,0,0,0,0,1,1,1,1,27,6,-1,-1,-1,7,1
201404AL14113,1,9,0,18,0,8,0,0,0,0,1,1,6,2,58,9,973,1,15,4,1
201404AL14113,2,9,0,18,0,6,0,0,1,10,1,1,2,2,63,9,998,1,11,9,1
201404AL14114,1,21,0,18,0,1,0,0,0,0,1,1,1,1,52,8,-1,-1,-1,6,2
201404AL14114,2,9,0,3,0,1,0,0,0,0,2,1,6,2,31,6,1242,1,13,1,1
201404AL14115,1,9,0,9,0,6,0,0,0,0,3,1,6,1,24,5,1910,2,6,1,1