Accident_Index,Vehicle_Reference,Vehicle_Type,Towing_and_Articulation,Vehicle_Manoeuvre,Vehicle_Location-Restricted_Lane,Junction_Location,Skidding_and_Overturning,Hit_Object_in_Carriageway,Vehicle_Leaving_Carriageway,Hit_Object_off_Carriageway,1st_Point_of_Impact,Was_Vehicle_Left_Hand_Drive?,Journey_Purpose_of_Driver,Sex_of_Driver,Age_of_Driver,Age_Band_of_Driver,Engine_Capacity_(CC),Propulsion_Code,Age_of_Vehicle,Driver_IMD_Decile,Driver_Home_Area_Type
201404AL14115,2,9,0,18,0,2,1,0,0,0,1,1,6,2,44,7,1389,1,11,1,1
201404AL14115,3,9,0,18,0,2,0,0,0,0,0,1,6,1,49,8,1796,1,16,-1,-1
201404AL14116,1,9,0,18,0,2,0,0,0,0,1,2,6,2,53,8,1598,2,1,2,1
201404AL14116,2,9,0,3,0,2,0,0,0,0,2,1,6,2,39,7,1595,1,6,8,1
201404AL14116,3,9,0,3,0,2,0,0,0,0,0,1,6,3,-1,-1,-1,-1,-1,-1,-1
201404AL14117,1,9,0,9,0,8,0,0,0,0,1,1,6,1,54,8,1587,1,10,1,1
201404AL14117,2,5,0,18,0,8,0,0,0,0,4,1,6,1,46,8,599,1,13,8,1
201404AL14118,1,9,0,9,0,8,0,0,0,0,1,1,6,3,-1,-1,-1,-1,-1,-1,-1
201404AL14118,2,1,5,9,0,8,0,0,0,0,2,1,6,1,50,8,-1,-1,-1,9,1
201404AL14119,1,9,0,16,0,0,0,0,3,10,1,1,1,1,23,5,1493,1,14,1,1
201404AL14120,1,9,0,18,0,1,0,0,0,0,1,1,6,2,33,6,1796,1,2,1,1
201404AL14120,2,9,0,3,0,1,0,0,0,0,2,1,6,1,37,7,1560,2,-1,5,1
201404AL14121,1,11,0,7,0,6,0,0,0,0,3,1,1,1,40,7,4250,2,5,3,1
201404AL14121,2,3,0,18,0,8,0,0,0,0,1,1,2,1,42,7,124,1,7,1,1
201404AL14122,1,9,0,4,0,1,0,0,0,0,1,1,6,1,75,10,2967,1,14,3,1
201404AL14122,2,9,0,3,0,1,0,0,0,0,2,1,6,1,48,8,1242,1,7,6,2
201404AL14123,1,20,0,5,4,5,0,0,0,0,1,1,1,1,28,6,-1,-1,-1,10,2
201404AL14123,2,9,0,18,0,8,0,0,0,2,4,1,6,1,65,9,2179,2,5,10,2
201404AL14124,1,9,0,18,0,8,0,11,0,0,1,1,1,1,24,5,2143,2,4,4,2
201404AL14124,2,9,0,9,0,8,0,11,0,1,4,1,1,2,17,4,1242,1,3,9,1
201404AL14125,1,9,0,9,0,6,0,0,0,0,1,1,6,1,83,11,1149,1,12,2,1
201404AL14125,2,3,0,18,0,8,0,0,0,0,1,1,6,1,17,4,124,1,4,2,1
201404AL14127,1,9,0,18,0,1,0,0,0,0,1,1,6,1,30,6,-1,-1,-1,9,2
201404AL14127,2,9,0,7,0,1,0,0,0,0,2,1,6,1,18,4,1199,1,10,9,1
201404AL14128,1,10,0,18,0,1,1,4,0,0,1,1,1,2,30,6,-1,-1,-1,4,1
201404AL14128,2,17,0,2,0,2,0,0,0,0,2,1,1,1,56,9,-1,2,19,-1,-1
201404AL14128,3,9,0,18,0,1,0,0,0,0,0,1,6,3,-1,-1,-1,-1,-1,-1,-1
201404AL14129,1,9,0,18,0,1,0,0,0,0,3,1,6,2,75,10,-1,-1,-1,2,1
201404AL14129,2,90,0,18,0,5,5,0,0,0,1,1,6,1,93,11,-1,3,-1,6,1
201404AL14130,1,9,0,16,0,0,0,0,0,0,1,1,6,2,30,6,1360,1,8,3,1
201404AL14130,2,9,0,17,0,0,0,0,7,0,3,1,6,1,51,8,1998,2,8,5,1
201404AL14131,1,9,0,3,0,1,0,0,0,0,1,1,6,2,23,5,1991,1,18,6,3
201404AL14131,2,9,0,3,0,1,0,0,0,0,2,1,6,2,66,10,998,1,2,1,1
201404AL14132,1,9,0,5,0,2,0,0,0,0,1,1,6,1,42,7,2967,2,7,-1,-1
201404AL14133,1,9,0,18,0,6,0,0,0,0,1,1,6,1,30,6,1995,1,12,4,1
201404AL14133,2,9,0,18,0,8,0,0,0,2,3,1,1,1,50,8,1896,2,10,6,1
201404AL14134,1,19,0,18,0,8,0,0,0,0,1,1,1,1,23,5,2402,2,6,2,1
201404AL14134,2,9,0,7,0,8,0,0,0,0,3,1,2,2,26,6,1390,1,12,3,1
201404AL14135,1,9,0,9,0,1,0,0,0,0,1,1,6,2,69,10,1497,8,9,8,1
201404AL14135,2,1,0,15,4,1,0,0,0,0,1,1,6,1,40,7,-1,-1,-1,9,1
201404AL14136,1,1,0,5,0,1,0,0,0,0,2,1,2,2,33,6,-1,-1,-1,7,1
201404AL14136,2,9,0,18,0,1,0,0,1,0,1,1,2,1,34,6,1598,1,8,5,1
201404AL14137,1,9,0,6,0,0,0,0,0,0,3,1,6,1,32,6,1598,2,1,2,1
201404AL14137,2,3,0,18,0,0,0,0,0,0,1,1,6,1,29,6,124,1,13,4,1
201404AL14138,1,9,0,18,0,0,5,0,0,0,1,1,2,2,26,6,1198,1,1,7,1
201404AL14138,2,9,0,2,0,0,0,0,0,0,2,1,6,1,34,6,2967,2,7,10,1
201404AL14139,1,9,0,18,0,8,0,0,1,0,1,1,6,1,70,10,1995,2,6,3,1
201404AL14140,1,5,0,7,0,8,0,0,0,0,1,1,6,1,56,9,1450,1,8,8,1
201404AL14140,2,9,0,18,0,5,0,0,0,0,4,1,6,1,49,8,2993,2,2,9,1
201404AL14141,1,9,0,9,0,2,0,0,0,0,1,1,6,1,81,11,1598,1,10,8,1
201404AL14141,2,1,0,18,0,1,0,0,0,0,1,1,6,1,23,5,-1,-1,-1,-1,-1
201404AL14142,1,9,0,9,0,0,1,0,0,0,4,1,6,2,31,6,1149,1,15,4,1
201404AL14142,2,9,0,9,0,0,0,0,0,0,1,1,6,2,39,7,-1,-1,-1,7,3
201404AL14143,1,9,0,16,0,0,1,0,0,0,1,1,2,1,38,7,1753,2,6,6,1
201404AL14143,2,9,0,2,0,0,2,0,0,0,2,1,2,2,26,6,998,1,1,7,3
201404AL14144,1,9,0,5,0,1,0,0,0,0,1,1,6,2,54,8,1124,1,11,1,1
201404AL14144,2,9,0,18,0,1,0,0,0,0,1,1,6,1,45,7,1461,2,2,6,1
201404AL14145,1,9,0,18,0,0,0,0,0,0,4,1,6,3,-1,-1,-1,-1,-1,-1,-1
201404AL14145,2,1,0,18,0,0,2,0,1,0,3,1,6,1,63,9,-1,-1,-1,8,3
201404AL14146,1,9,0,18,0,0,2,0,2,10,0,1,6,1,24,5,1242,1,6,8,3
201404AL14147,1,9,0,18,0,0,1,0,7,4,1,1,6,1,19,4,1364,1,9,8,1
201404AL14148,1,9,0,7,0,6,0,0,0,0,4,1,6,1,60,9,-1,-1,-1,9,1
201404AL14148,2,1,0,18,0,8,0,0,0,0,3,1,6,1,39,7,-1,-1,-1,2,1
201404AL14149,1,9,0,4,0,0,0,0,0,0,1,1,6,1,63,9,1995,2,3,2,1
201404AL14149,2,9,0,2,0,0,0,0,0,0,0,1,6,1,45,7,2495,2,18,9,1
201404AL14150,1,9,0,18,0,2,0,0,0,0,1,1,6,2,61,9,1392,1,15,9,1
201404AL14150,2,9,0,9,0,5,0,0,0,0,1,1,6,1,40,7,1598,1,12,4,1
201404AL14151,1,9,0,18,0,0,0,0,0,0,1,1,2,1,45,7,1998,2,6,9,1
201404AL14151,2,9,0,3,0,0,0,0,0,0,2,1,6,1,54,8,1560,2,1,7,2
201404AL14151,3,9,0,3,0,0,0,0,0,0,2,1,6,1,64,9,1598,1,9,7,3
201404AL14151,4,9,0,3,0,0,0,0,0,0,2,1,2,1,48,8,-1,-1,-1,6,3
201404AL14152,1,9,0,7,0,2,0,0,0,0,4,1,6,3,-1,-1,-1,-1,-1,-1,-1
201404AL14152,2,1,0,16,0,2,0,0,0,0,1,1,6,1,16,4,-1,-1,-1,8,1
201404AL14153,1,9,0,18,0,8,0,0,0,0,4,1,3,2,46,8,1248,2,3,5,1
201404AL14153,2,2,0,18,0,8,2,0,0,0,1,1,1,1,17,4,49,1,3,4,1
201404AL14154,1,9,0,18,0,0,5,0,0,0,4,1,6,1,19,4,1149,1,10,4,1
201404AL14154,2,9,0,2,0,0,0,0,0,0,3,1,6,1,57,9,-1,-1,-1,-1,-1
201404AL14154,3,5,0,18,0,0,0,0,0,0,3,1,6,2,52,8,-1,-1,-1,8,1
201404AL14155,1,1,0,18,0,0,0,4,0,0,1,1,2,1,40,7,-1,-1,-1,2,1
201404AL14155,2,90,0,2,0,0,0,0,0,0,2,1,1,1,61,9,-1,-1,-1,-1,-1
201404AL14156,1,21,0,9,0,8,0,0,0,0,4,1,1,1,24,5,10518,2,2,5,1
201404AL14157,1,9,0,18,0,0,0,0,0,0,0,1,6,3,-1,-1,-1,-1,-1,-1,-1
201404AL14157,2,11,0,18,0,0,0,0,0,0,0,1,1,1,37,7,-1,-1,-1,-1,-1
201404AL14158,1,9,0,15,0,0,0,0,0,0,3,1,6,3,-1,-1,-1,-1,-1,-1,-1
201404AL14158,2,90,0,3,0,0,0,0,0,0,0,1,1,1,58,9,7146,2,4,1,1
201404AL14159,1,9,0,17,0,8,0,0,0,0,3,1,2,2,52,8,1995,2,-1,5,1
201404AL14159,2,9,0,11,0,8,0,0,0,0,4,1,6,2,24,5,1599,1,11,1,1
201404AM14001,1,9,0,9,0,6,0,0,0,0,0,1,6,1,58,9,998,1,13,3,1
201404AM14001,2,3,0,18,0,1,2,0,0,0,0,1,6,1,62,9,124,1,2,3,1
201404AM14002,1,19,0,5,0,6,0,0,0,0,1,1,1,1,34,6,2287,2,7,1,1
201404AM14002,2,9,0,18,0,8,0,0,0,0,1,1,2,2,62,9,1590,1,13,5,1
201404AM14003,1,1,0,18,0,0,1,0,0,0,1,1,2,1,38,7,-1,-1,-1,1,1
201404AM14004,1,9,0,9,0,6,0,0,0,0,3,1,1,1,20,4,-1,-1,-1,5,1
201404AM14004,2,9,0,18,0,2,0,0,0,0,1,1,6,1,65,9,1984,1,22,3,1
201404AM14004,3,8,0,3,0,1,0,0,0,0,1,1,1,1,40,7,1896,2,4,3,1
201404AM14005,1,9,0,1,9,6,0,0,0,0,2,1,2,1,20,4,1590,1,10,4,1
201404AM14006,1,90,0,9,0,8,0,0,0,0,1,1,6,1,81,11,1769,2,17,5,1
201404AM14006,2,2,0,10,0,8,0,0,0,0,3,1,6,1,16,4,49,1,2,1,1
201404AM14007,1,9,0,4,0,1,0,0,7,7,1,1,6,1,65,9,1360,1,8,6,1
201404AM14007,2,9,0,4,0,1,0,0,0,0,3,1,1,2,61,9,1124,1,9,5,1
201404AM14007,3,9,0,4,0,1,0,0,0,0,2,1,6,1,40,7,-1,-1,-1,1,1
201404AM14008,1,9,0,18,0,2,0,0,0,0,1,1,2,2,61,9,1598,1,5,5,1
201404AM14009,1,9,0,18,0,0,0,0,0,0,1,1,6,2,82,11,1240,1,6,4,1
201404AM14009,2,9,0,4,0,0,0,0,0,0,2,1,6,2,48,8,1149,1,2,1,1
201404AM14010,1,9,0,1,0,0,0,0,0,0,2,1,6,2,51,8,-1,-1,-1,2,1
201404AM14010,2,9,0,2,0,0,0,0,0,0,4,1,6,2,33,6,1984,1,14,2,1
201404AM14011,1,9,0,5,0,6,0,0,0,0,3,1,6,2,60,9,1951,2,9,3,1
201404AM14011,2,1,0,18,0,8,0,0,0,0,1,1,2,1,53,8,-1,-1,-1,10,1
201404AM14012,1,9,0,9,0,8,0,0,0,0,1,1,6,2,70,10,1242,1,6,5,1
201404AM14012,2,9,0,18,0,8,0,0,0,0,1,1,6,2,33,6,1364,1,7,3,1
201404AM14013,1,19,0,7,0,6,0,0,0,0,1,1,2,1,27,6,-1,-1,-1,2,1
201404AM14013,2,1,0,17,0,8,0,0,0,0,4,1,2,1,37,7,-1,-1,-1,8,1
201404AM14014,1,3,0,13,0,8,5,0,0,0,1,1,6,1,17,4,124,1,6,1,1
201404AM14014,2,9,0,9,0,8,0,0,0,0,3,1,6,1,49,8,-1,-1,-1,-1,-1
201404AM14015,1,9,0,7,0,4,0,0,0,0,1,1,2,1,19,4,1360,1,14,2,1
201404AM14015,2,9,0,18,0,3,0,0,0,10,1,1,2,1,51,8,-1,-1,-1,4,1
201404AM14016,1,8,0,18,0,8,0,10,1,0,1,1,1,1,40,7,1997,2,3,3,1
201404AM14017,1,9,0,18,0,0,0,0,0,0,1,1,2,1,25,5,1149,1,13,1,1
201404AM14018,1,90,0,18,0,0,0,0,0,0,1,1,1,1,50,8,-1,-1,-1,10,2
201404AM14019,1,9,0,18,0,0,0,0,0,0,1,1,6,1,19,4,1390,1,11,1,1
201404AM14019,2,19,0,2,0,0,0,0,0,0,2,1,6,3,-1,-1,2499,2,15,-1,-1
201404AM14020,1,90,5,4,0,1,0,0,0,0,1,1,6,1,32,6,-1,-1,-1,1,1
201404AM14020,2,9,0,3,0,1,0,0,0,0,2,1,6,2,43,7,1968,2,2,6,1
201404AM14021,1,9,0,9,0,8,0,0,0,0,1,1,1,1,27,6,1968,2,3,9,2
201404AM14021,2,9,0,18,0,8,0,0,0,0,1,1,2,1,40,7,1998,2,10,4,1
201404AM14022,1,9,0,9,0,8,0,0,0,0,1,1,6,1,51,8,1598,1,1,4,2
201404AM14022,2,9,0,18,0,8,0,0,2,1,3,1,6,1,32,6,1998,1,10,1,1
201404AM14023,1,9,0,9,0,6,0,0,0,0,3,1,6,1,33,6,1685,2,1,3,1
201404AM14023,2,1,0,18,0,8,0,0,0,0,1,1,6,1,46,8,-1,-1,-1,7,3
201404AM14024,1,1,0,18,0,8,0,0,0,0,1,1,6,1,11,3,-1,-1,-1,-1,-1
201404AM14024,2,9,0,9,0,6,0,0,0,0,1,1,2,1,43,7,1596,1,8,2,1
201404AM14025,1,9,0,17,0,1,0,0,0,0,3,1,6,1,23,5,1398,2,1,2,1
201404AM14025,2,3,0,17,0,1,0,0,0,0,1,1,2,1,18,4,124,1,6,9,1
201404AM14026,1,9,0,7,0,8,0,0,7,10,1,1,6,2,19,4,954,1,14,4,1
201404AM14026,2,19,0,7,0,8,0,0,0,0,0,1,6,1,20,4,2198,2,1,-1,-1
201404AM14027,1,9,0,18,0,0,0,0,0,0,1,1,6,1,51,8,1390,1,12,2,1
201404AM14027,2,9,0,4,0,0,0,0,0,0,2,1,6,1,72,10,1998,1,12,2,1
201404AM14027,3,9,0,4,0,0,0,0,0,0,2,1,6,2,20,4,1242,1,11,1,1
201404AM14028,1,11,0,4,0,2,0,0,0,0,0,1,1,1,57,9,-1,-1,-1,1,1
201404AM14029,1,9,0,9,0,8,0,0,0,0,1,1,6,2,21,5,973,1,11,4,1
201404AM14029,2,9,0,18,0,8,1,0,0,0,3,2,6,1,25,5,-1,-1,-1,3,1
201404AM14030,1,19,0,9,0,5,0,0,0,0,1,1,1,2,32,6,1399,2,4,2,1
201404AM14030,2,9,0,18,0,8,1,0,7,0,1,1,6,1,39,7,1999,1,8,1,1
201404AM14031,1,9,0,9,0,0,1,0,8,10,1,1,6,2,33,6,1339,1,11,4,1
201404AM14031,2,9,0,2,0,0,0,0,0,0,4,1,6,3,-1,-1,1591,1,2,-1,-1
201404AM14032,1,9,0,18,0,0,0,0,0,0,3,1,6,2,23,5,1997,1,10,1,1
201404AM14033,1,21,0,14,0,0,0,0,0,0,4,1,1,1,48,8,5480,2,10,3,1
201404AM14033,2,9,0,2,9,0,0,7,1,10,2,1,6,1,67,10,1493,1,16,4,1
201404AM14034,1,9,0,4,0,1,0,0,0,0,1,1,6,2,49,8,1596,1,9,7,1
201404AM14034,2,9,0,4,0,1,0,0,0,0,2,1,6,2,40,7,1242,1,3,3,3
201404AM14035,1,9,0,18,0,0,0,0,0,0,1,1,6,1,19,4,1000,1,1,5,1
201404AM14035,2,9,0,2,0,0,0,0,1,7,2,1,6,2,54,8,1248,1,2,5,1
201404AM14036,1,9,0,18,0,0,0,0,0,0,1,1,6,2,27,6,2987,2,3,10,2
201404AM14036,2,9,0,18,0,0,0,0,0,0,2,1,6,1,44,7,1229,1,6,1,1
201404AM14036,3,19,0,18,0,0,0,0,0,0,2,1,1,1,32,6,2198,2,8,6,1
201404AM14037,1,9,0,18,0,1,0,10,4,2,1,1,6,1,50,8,996,1,2,6,1
201404AM14038,1,5,0,18,7,0,1,0,1,9,0,1,6,1,41,7,599,1,7,8,1
201404AM14039,1,9,0,5,0,8,0,0,0,0,1,1,6,1,28,6,2967,2,-1,7,3
201404AM14039,2,9,0,5,0,8,0,0,0,0,2,1,6,2,27,6,1390,1,14,3,1
201404AM14039,3,9,0,18,0,8,0,0,0,0,0,1,1,1,-1,-1,-1,-1,-1,-1,-1
201404AM14040,1,3,0,13,0,1,0,0,0,0,1,1,2,1,20,4,124,1,6,2,1
201404AM14040,2,9,0,9,0,5,0,0,0,0,3,1,2,2,47,8,1998,1,18,3,1
201404AM14041,1,90,0,3,0,1,0,0,0,0,1,1,1,1,30,6,-1,-1,-1,3,1
201404AM14041,2,9,0,3,0,1,0,0,0,0,2,1,6,2,39,7,1390,1,11,5,1
201404AM14042,1,2,0,4,0,1,2,0,0,0,0,1,6,1,16,4,49,1,3,1,1
201404AM14043,1,9,0,18,0,1,0,0,0,0,1,1,6,2,43,7,1299,1,15,1,1
201404AM14043,2,9,0,3,0,1,0,0,0,0,2,1,6,2,19,4,998,1,3,5,1
201404AM14043,3,9,0,3,0,1,0,0,0,0,2,1,6,1,20,4,1461,2,2,-1,-1
201404AM14044,1,9,0,5,0,0,0,0,0,0,1,1,6,2,55,8,1461,2,4,8,1
201404AM14044,2,8,0,18,0,0,0,0,0,0,4,1,1,2,53,8,1896,2,5,3,1
201404AM14045,1,9,0,18,0,8,0,0,0,0,1,1,6,1,26,6,1360,1,12,2,1
201404AM14045,2,9,0,18,0,8,0,0,0,0,4,1,6,2,39,7,1598,1,3,1,1
201404AM14046,1,9,0,9,0,8,0,0,0,0,4,1,6,1,32,6,2993,2,3,7,2
201404AM14046,2,1,0,18,0,8,0,0,0,0,1,1,6,1,34,6,-1,-1,-1,3,1
201404AM14047,1,3,0,17,0,4,1,0,0,0,0,1,2,2,47,8,125,1,-1,1,1
201404AM14048,1,5,0,4,0,0,2,0,0,0,4,1,6,1,52,8,996,1,13,5,1
201404AM14049,1,9,0,18,0,1,0,0,0,0,1,1,1,2,28,6,1686,2,4,10,1
201404AM14049,2,9,0,3,0,2,0,0,0,0,2,1,6,1,49,8,1998,2,2,6,1
201404AM14049,3,9,0,3,0,2,0,0,0,0,2,1,6,1,53,8,1956,2,1,4,1
201404AM14050,1,9,0,4,0,1,0,0,0,0,1,1,6,2,22,5,1368,1,3,7,1
201404AM14050,2,2,0,3,0,1,0,0,0,0,2,1,6,2,19,4,49,1,-1,1,1
201404AM14051,1,9,0,3,0,1,0,0,0,0,1,1,6,1,29,6,-1,-1,-1,1,1
201404AM14051,2,9,0,2,0,1,0,0,0,0,2,1,6,2,46,8,1493,2,5,8,1
201404AM14052,1,9,0,18,0,1,0,0,0,0,1,1,2,2,58,9,1796,1,12,6,1
201404AM14052,2,9,0,18,0,1,0,0,0,0,2,1,2,1,27,6,1124,1,13,-1,-1
201404AM14052,3,9,0,18,0,1,0,0,0,0,2,1,6,2,39,7,1198,1,12,8,2
201404AM14053,1,9,0,18,0,1,0,0,0,0,1,1,6,1,50,8,1800,1,14,1,1
201404AM14053,2,9,0,3,0,1,0,0,0,0,2,1,6,2,52,8,1242,1,1,1,1
201404AM14053,3,9,0,3,0,1,0,0,0,0,2,1,6,1,59,9,1596,1,7,3,1
201404AM14054,1,3,0,7,0,4,0,0,0,0,3,1,6,2,35,6,124,1,3,4,1
201404AM14055,1,9,0,16,0,8,1,10,8,6,1,1,2,2,36,7,1398,1,10,1,1
201404AM14056,1,9,0,18,0,0,0,0,0,0,4,1,3,2,28,6,1390,1,8,2,1
201404AM14056,2,9,0,2,0,0,0,0,0,0,3,1,6,1,62,9,1598,1,7,-1,-1
201404AM14057,1,9,0,18,0,2,0,0,0,0,1,1,6,3,-1,-1,-1,-1,-1,-1,-1
201404AM14058,1,9,0,18,0,8,0,0,0,0,1,1,6,2,20,4,1598,1,1,4,1
201404AM14058,2,9,0,18,0,8,0,0,0,0,4,1,6,2,21,5,1198,1,2,1,1
201404AM14059,1,9,0,9,0,5,0,0,0,0,4,1,6,1,31,6,1796,1,14,4,2
201404AM14059,2,9,0,18,0,8,0,0,0,0,1,1,6,1,38,7,1781,1,12,2,1
201404AM14060,1,9,0,4,0,0,1,0,0,0,1,1,6,2,22,5,1242,1,2,8,3
201404AM14060,2,9,0,4,0,0,0,0,0,0,2,1,6,2,21,5,1598,1,-1,10,1
201404AM14060,3,19,0,18,0,0,0,0,0,0,3,1,6,1,30,6,2287,2,7,1,1
201404AM14061,1,9,0,18,0,0,0,0,0,0,1,1,6,2,37,7,1395,1,1,5,1
201404AM14061,2,8,0,3,0,0,0,0,0,0,2,1,6,1,57,9,-1,-1,-1,1,1
201404AM14062,1,1,0,2,0,8,0,0,0,0,1,1,6,1,27,6,-1,-1,-1,1,1
201404AM14062,2,9,0,18,0,8,0,0,0,0,3,1,6,2,61,9,1242,1,3,-1,-1
201404AM14063,1,9,0,18,0,0,0,0,7,2,1,1,6,1,18,4,1598,1,10,9,1
201404AM14064,1,9,0,3,0,3,0,0,0,0,1,1,1,2,35,6,2000,2,9,4,1
201404AM14064,2,5,0,3,0,3,0,0,0,0,2,1,6,1,70,10,1171,1,10,10,1
201404AM14065,1,9,0,18,0,8,0,0,0,0,1,1,2,2,50,8,1995,1,13,1,1
201404AM14065,2,9,0,5,0,8,0,0,0,0,3,1,6,1,26,6,1396,1,14,4,1
201404AM14066,1,19,0,4,0,1,0,0,0,0,1,1,1,1,33,6,2198,2,1,10,1
201404AM14066,2,9,0,3,0,2,0,0,0,0,2,1,6,1,62,9,1596,1,1,1,1
201404AM14067,1,9,0,7,0,1,0,0,0,0,1,1,6,1,28,6,1896,2,9,2,1
201404AM14067,2,1,0,18,0,1,0,0,0,0,4,1,1,1,26,6,-1,-1,-1,6,1
201404AM14068,1,9,0,18,0,0,0,0,0,0,4,1,2,2,22,5,1368,1,4,4,1
201404AM14069,1,9,0,18,0,0,0,0,0,0,1,1,2,1,40,7,1968,2,7,9,1
201404AM14070,1,9,0,4,0,1,0,0,0,0,1,1,6,1,20,4,1968,2,9,8,1
201404AM14070,2,9,0,4,0,1,0,0,0,0,2,1,6,1,22,5,1598,1,-1,3,1
201404AM14070,3,9,0,4,0,1,0,0,0,0,2,1,6,1,67,10,2199,2,2,-1,-1
201404AM14071,1,9,0,18,0,0,0,0,0,0,1,1,2,2,29,6,1596,1,12,6,1
201404AM14071,2,9,0,18,0,0,0,0,0,0,2,1,2,2,28,6,1399,2,7,6,1
201404AM14072,1,9,0,18,0,8,0,0,0,0,1,1,1,2,50,8,1242,1,10,2,1
201404AM14072,2,9,0,9,0,8,0,0,0,0,4,1,1,2,21,5,998,1,12,8,1
201404AM14073,1,9,0,9,0,2,0,0,0,0,1,1,6,2,24,5,1390,1,7,2,1
201404AM14073,2,9,0,18,0,1,0,0,0,0,1,1,2,1,36,7,1910,2,9,-1,-1
201404AM14074,1,9,0,18,0,1,0,0,0,0,1,1,6,3,-1,-1,-1,-1,-1,-1,-1
201404AM14074,2,4,0,17,0,1,0,0,1,0,2,1,6,1,50,8,249,1,33,4,1
201404AM14075,1,90,0,9,0,4,0,0,0,0,3,1,6,1,27,6,-1,-1,-1,-1,-1
201404AM14075,2,5,0,18,0,4,0,0,0,0,1,1,6,1,55,8,1050,1,6,4,1
201404AM14076,1,9,0,18,0,6,0,0,0,0,1,1,6,1,21,5,1390,1,12,3,1
201404AM14076,2,9,0,18,0,8,0,0,0,0,3,1,6,2,47,8,1968,2,2,10,1
201404AM14077,1,9,0,18,0,4,0,0,0,0,1,1,6,1,49,8,1598,1,2,-1,-1
201404AM14077,2,5,0,18,0,4,0,0,0,0,2,1,6,1,56,9,599,1,4,1,1
201404AM14078,1,9,0,18,0,1,0,0,0,0,1,1,6,2,23,5,1229,1,7,1,1
201404AM14078,2,9,0,10,0,1,0,0,0,0,2,1,6,1,64,9,2993,2,8,8,1
201404AM14079,1,17,0,5,0,4,0,0,0,0,1,1,1,1,43,7,6788,2,-1,8,3
201404AM14079,2,9,0,2,0,1,0,0,0,0,2,1,6,2,67,10,1596,1,7,5,2
201404AM14080,1,9,0,7,0,2,0,0,0,0,4,1,6,2,46,8,2151,2,11,1,1
201404AM14081,1,9,0,5,0,0,0,0,0,0,1,1,6,1,24,5,1596,1,9,2,1
201404AM14081,2,3,0,18,0,0,0,0,0,0,1,1,2,1,19,4,125,1,8,1,1
201404AM14082,1,8,0,2,0,1,0,0,0,0,1,1,1,1,44,7,1997,2,2,1,1
201404AM14082,2,8,0,2,0,1,0,0,0,0,2,1,1,2,51,8,1753,2,5,1,1
201404AM14083,1,9,0,18,0,0,0,0,0,0,1,1,6,1,29,6,1796,1,10,4,1
201404AM14083,2,9,0,3,0,0,0,0,0,0,2,1,6,2,51,8,2148,2,9,3,1
201404AM14083,3,9,0,3,0,0,0,0,0,0,1,1,6,1,27,6,2148,2,11,-1,2
201404AM14084,1,19,0,9,0,5,0,0,0,0,4,1,1,1,27,6,1461,2,10,9,1
201404AM14084,2,1,0,18,0,8,0,0,0,0,1,1,2,2,51,8,-1,-1,-1,5,1
201404AM14085,1,9,0,18,0,8,0,7,2,1,3,1,6,1,57,9,1997,2,12,8,3
201404AM14085,2,9,0,18,0,8,0,0,0,0,1,1,6,2,20,4,1360,1,11,3,1
201404AM14086,1,8,0,14,0,0,0,0,0,0,1,1,1,2,54,8,1596,1,5,5,1
201404AM14087,1,9,0,17,0,0,1,0,1,7,1,1,2,2,31,6,1598,1,9,1,1
201404AM14088,1,9,0,4,0,0,0,0,0,0,1,1,6,1,20,4,1242,1,12,2,1
201404AM14088,2,9,0,4,0,0,0,0,0,0,2,1,6,2,18,4,1124,1,12,9,1
201404AM14089,1,9,0,18,0,2,0,0,1,2,1,1,6,2,58,9,999,1,2,4,1
201404AM14090,1,19,0,14,0,0,1,0,0,0,1,1,1,1,44,7,2300,2,9,4,1
201404AM14090,2,9,0,3,0,0,0,0,0,0,2,1,6,2,73,10,1329,1,1,3,1
201404AM14091,1,9,0,7,0,6,0,0,0,0,4,1,3,2,30,6,1796,1,11,1,1
201404AM14091,2,1,0,18,0,8,0,0,0,0,1,1,2,1,29,6,-1,-1,-1,1,1
201404AM14092,1,9,0,1,9,0,0,0,0,0,2,1,6,1,45,7,1560,2,10,2,1
201404AM14093,1,9,0,18,0,1,0,0,0,0,1,1,6,1,26,6,-1,-1,-1,1,1
201404AM14093,2,9,0,16,0,2,0,0,0,0,0,1,6,1,79,11,998,1,12,3,1
201404AM14093,3,21,0,2,0,1,0,0,0,0,1,1,1,1,44,7,6692,2,5,1,1
201404AM14094,1,90,0,18,0,8,0,0,1,1,1,1,1,2,52,8,-1,-1,-1,2,1
201404AM14094,2,9,0,18,0,8,0,0,0,0,1,1,6,2,70,10,1298,1,12,2,1
201404AM14095,1,9,0,5,0,0,0,0,0,0,1,1,6,2,20,4,1242,1,5,3,1
201404AM14095,2,9,0,3,0,0,0,0,0,0,2,1,6,2,49,8,1968,2,-1,5,1
201404AM14096,1,9,0,1,9,1,0,0,7,10,2,1,6,1,65,9,1956,2,1,1,1
201404AM14097,1,9,0,2,0,1,0,0,0,0,3,1,6,2,44,7,1596,1,2,-1,-1
201404AM14097,2,1,0,14,0,1,0,0,0,0,1,1,2,1,58,9,-1,-1,-1,1,1
201404AM14098,1,9,0,4,0,1,0,0,0,0,2,1,6,2,51,8,1598,1,9,1,1
201404AM14098,2,9,0,4,0,1,0,0,0,0,1,1,6,2,79,11,1997,2,11,4,1
201404AM14099,1,9,0,4,0,1,0,0,0,0,1,1,6,1,65,9,1596,1,-1,1,1
201404AM14099,2,9,0,4,0,1,0,0,0,0,2,1,6,1,33,6,1984,1,14,1,1