Accident_Index,Vehicle_Reference,Vehicle_Type,Towing_and_Articulation,Vehicle_Manoeuvre,Vehicle_Location-Restricted_Lane,Junction_Location,Skidding_and_Overturning,Hit_Object_in_Carriageway,Vehicle_Leaving_Carriageway,Hit_Object_off_Carriageway,1st_Point_of_Impact,Was_Vehicle_Left_Hand_Drive?,Journey_Purpose_of_Driver,Sex_of_Driver,Age_of_Driver,Age_Band_of_Driver,Engine_Capacity_(CC),Propulsion_Code,Age_of_Vehicle,Driver_IMD_Decile,Driver_Home_Area_Type
201404BC14118,2,9,0,18,0,2,0,0,0,0,3,1,6,1,61,9,1242,1,7,8,1
201404BC14119,1,3,0,18,0,0,1,0,0,0,1,1,6,1,18,4,-1,-1,-1,5,1
201404BC14119,2,9,0,2,0,0,0,0,0,0,1,1,6,3,-1,-1,1968,2,7,-1,-1
201404BC14120,1,9,0,9,0,6,0,0,0,0,4,1,6,1,41,7,1598,2,1,7,1
201404BC14120,2,9,0,16,0,8,0,0,1,10,3,1,6,1,56,9,1796,1,15,8,3
201404BC14121,1,1,0,18,4,8,0,0,0,0,3,1,2,1,50,8,-1,-1,-1,7,3
201404BC14121,2,9,0,13,0,8,0,0,0,0,4,1,6,1,32,6,6208,1,1,3,1
201404BC14122,1,9,0,5,0,6,0,0,0,0,4,1,6,2,76,11,1198,1,5,6,2
201404BC14122,2,19,0,18,0,8,0,0,0,0,1,1,1,1,26,6,1560,2,4,9,3
201404BC14122,3,9,0,3,0,1,0,0,0,0,3,1,6,2,21,5,1149,1,12,9,2
201404BC14123,1,9,0,18,0,1,0,0,0,0,1,1,6,1,35,6,1995,2,11,1,1
201404BC14123,2,1,0,9,0,1,0,0,0,0,1,1,6,1,35,6,-1,-1,-1,9,1
201404BC14124,1,90,0,16,0,0,0,0,0,0,1,1,6,1,50,8,-1,-1,-1,5,1
201404BC14125,1,3,0,18,0,3,0,0,0,0,0,1,2,2,43,7,124,1,2,1,1
201404BC14126,1,9,0,18,0,0,1,0,7,4,1,1,6,1,52,8,1997,2,3,7,3
201404BC14127,1,9,0,13,0,3,0,0,0,0,1,1,2,1,70,10,2099,2,7,5,1
201404BC14127,2,1,0,18,0,8,0,0,0,0,2,1,6,1,17,4,-1,-1,-1,5,1
201404BC14128,1,90,0,18,0,1,0,0,0,0,1,1,6,1,68,10,2198,2,5,8,2
201404BC14128,2,5,0,8,0,1,0,0,0,0,2,1,6,1,51,8,998,1,20,1,1
201404BC14130,1,9,0,18,0,2,0,0,0,0,1,1,6,1,27,6,1598,1,7,1,1
201404BC14130,2,9,0,18,0,1,0,0,0,0,1,1,6,2,78,11,1396,1,5,5,1
201404BC14131,1,9,0,1,9,0,0,0,0,0,2,1,6,1,54,8,899,1,15,-1,-1
201404BC14132,1,9,0,9,0,3,1,0,3,1,2,1,6,1,23,5,1299,1,14,2,1
201404BC14133,1,9,0,5,0,4,0,0,0,0,1,1,6,1,18,4,1248,2,-1,7,3
201404BC14133,2,1,0,18,0,8,0,0,0,0,4,1,6,1,67,10,-1,-1,-1,8,3
201404BC14134,1,9,0,1,0,0,0,0,0,0,3,1,6,1,47,8,2143,2,-1,5,1
201404BC14135,1,9,0,7,0,6,0,0,0,0,3,1,2,2,61,9,998,1,6,1,1
201404BC14135,2,5,0,18,0,1,0,0,0,0,1,1,6,1,56,9,1284,1,7,9,1
201404BC14136,1,9,0,7,0,6,0,0,0,0,4,1,6,1,69,10,1589,1,14,3,2
201404BC14136,2,1,0,18,0,2,0,0,0,0,1,1,1,1,28,6,-1,-1,-1,2,1
201404BC14137,1,5,0,5,0,6,0,0,0,0,3,1,6,1,57,9,649,1,15,3,1
201404BC14137,2,9,0,18,0,1,1,0,0,0,1,1,6,1,27,6,1796,1,13,5,1
201404BC14138,1,9,0,5,0,8,0,0,0,0,1,1,2,1,27,6,-1,-1,-1,-1,-1
201404BC14139,1,9,0,18,0,1,0,0,0,0,1,1,6,1,24,5,1598,1,2,5,2
201404BC14139,2,9,0,4,0,1,0,0,1,0,2,1,6,2,56,9,1560,2,1,8,2
201404BC14140,1,9,0,16,0,0,0,0,7,9,3,1,6,2,54,8,1242,1,6,-1,-1
201404BC14141,1,9,0,9,6,5,0,0,0,0,1,1,6,1,27,6,1890,2,13,-1,-1
201404BC14141,2,9,0,9,6,5,0,0,0,0,1,1,6,1,58,9,1390,1,2,-1,-1
201404BC14142,1,9,4,18,0,2,0,0,0,0,1,1,6,1,62,9,1870,2,12,7,1
201404BC14143,1,9,0,9,0,6,0,0,0,0,3,1,6,2,18,4,1422,2,6,7,2
201404BC14143,2,5,0,18,0,8,0,0,0,0,4,1,6,1,60,9,599,1,5,9,1
201404BC14144,1,17,4,7,0,6,0,0,0,0,1,1,1,1,56,9,-1,2,9,7,3
201404BC14144,2,9,0,18,0,5,0,0,0,0,1,1,6,1,75,10,-1,-1,-1,7,3
201404BC14145,1,1,0,18,0,0,0,0,0,0,1,1,6,1,8,2,-1,-1,-1,7,1
201404BC14145,2,9,0,18,0,0,0,0,0,0,4,1,6,2,33,6,1364,1,4,-1,-1
201404BC14146,1,9,0,18,0,6,0,0,0,0,1,1,6,3,-1,-1,-1,-1,-1,-1,-1
201404BC14146,2,1,0,18,0,1,0,0,0,0,1,1,6,1,28,6,-1,-1,-1,2,1
201404BC14147,1,9,0,18,0,3,0,0,0,0,4,1,6,1,-1,-1,-1,-1,-1,-1,-1
201404BC14147,2,1,0,18,0,3,5,0,0,0,3,1,6,1,39,7,-1,-1,-1,1,1
201404BC14148,1,9,0,16,0,0,0,0,7,2,1,1,6,1,43,7,1769,1,13,8,1
201404BC14149,1,9,0,18,0,0,0,0,0,0,4,1,2,2,23,5,1998,1,1,7,3
201404BC14149,2,1,0,18,0,0,0,0,1,0,3,1,2,1,26,6,-1,-1,-1,7,3
201404BC14150,1,9,0,4,0,1,0,0,0,0,1,1,6,1,41,7,1560,2,-1,-1,-1
201404BC14150,2,9,0,3,0,4,0,0,0,0,2,1,6,2,30,6,1997,2,9,5,1
201404BC14151,1,9,0,5,0,6,0,0,0,0,0,1,6,3,-1,-1,-1,-1,-1,-1,-1
201404BC14151,2,11,0,18,0,1,0,0,0,0,0,1,1,1,46,8,8300,2,13,9,1
201404BC14152,1,9,0,18,0,0,0,0,0,0,1,1,6,2,67,10,1896,2,6,10,1
201404BC14152,2,9,0,18,0,0,0,0,1,0,1,1,6,2,44,7,2979,1,12,7,3
201404BC14153,1,9,0,9,0,5,0,0,0,0,4,1,6,1,84,11,1599,1,11,8,1
201404BC14153,2,1,0,18,0,8,0,0,0,0,1,1,6,1,45,7,-1,-1,-1,6,1
201404BC14154,1,1,0,18,6,8,0,0,0,3,3,1,6,2,7,2,-1,-1,-1,3,1
201404BC14154,2,9,0,9,5,5,0,0,0,0,4,1,6,3,-1,-1,-1,-1,-1,-1,-1
201404BC14155,1,19,0,5,0,2,0,0,0,0,1,1,1,1,53,8,-1,-1,-1,10,1
201404BC14155,2,9,0,3,0,1,0,0,0,0,2,1,6,1,74,10,1086,1,9,5,1
201404BC14156,1,9,0,18,0,2,0,0,0,0,1,1,6,2,29,6,1364,1,8,1,1
201404BC14157,1,9,0,4,0,0,0,0,0,0,1,1,6,1,48,8,1149,1,2,9,2
201404BC14157,2,9,0,4,0,0,0,0,0,0,2,1,6,2,47,8,2179,2,5,9,2
201404BC14157,3,9,0,4,0,0,0,0,0,0,2,1,6,2,64,9,1390,1,-1,9,1
201404BC14158,1,21,0,18,0,8,0,0,0,0,1,1,1,1,53,8,12900,2,7,2,1
201404BC14158,2,9,0,18,0,8,0,0,0,0,2,1,6,2,54,8,2199,2,3,6,2
201404BC14158,3,9,0,18,0,8,0,0,0,0,2,1,6,1,89,11,1396,1,15,6,2
201404BC14158,4,17,4,9,0,5,0,0,0,0,0,1,1,1,19,4,-1,2,2,-1,-1
201404BC14159,1,9,0,9,0,4,0,0,0,0,1,1,6,2,31,6,1364,1,8,10,2
201404BC14159,2,9,0,18,0,3,0,0,1,7,1,1,6,1,62,9,1324,1,15,7,3
201404BC14160,1,9,0,18,0,0,0,0,0,0,1,1,6,1,19,4,-1,-1,-1,7,3
201404BC14160,2,9,0,4,0,0,0,0,0,0,2,1,6,2,23,5,1995,2,6,9,2
201404BC14162,1,8,0,9,0,8,0,0,0,0,1,1,1,1,47,8,1896,2,6,5,1
201404BC14162,2,1,0,18,0,8,0,0,0,0,1,1,6,2,47,8,-1,-1,-1,8,1
201404BC14163,1,9,0,5,0,6,0,0,0,0,1,1,1,1,56,9,2402,2,6,7,2
201404BC14163,2,5,0,18,0,1,1,0,0,0,1,1,6,1,68,10,1130,1,11,7,1
201404BC14164,1,9,0,18,0,0,1,0,0,0,1,1,6,1,20,4,-1,-1,-1,9,2
201404BC14164,2,9,0,10,0,0,0,0,0,0,2,1,6,2,32,6,1968,2,1,9,3
201404BC14165,1,9,0,16,0,8,0,0,0,0,0,1,6,1,26,6,1461,2,5,7,3
201404BC14165,2,2,0,2,0,8,2,0,1,0,4,1,6,1,16,4,49,1,11,8,2
201404BC14166,1,1,0,18,0,1,0,0,0,0,3,1,6,1,9,2,-1,-1,-1,-1,-1
201404BC14166,2,9,0,18,0,2,0,0,0,0,3,1,6,3,63,9,-1,-1,-1,-1,-1
201404BC14167,1,9,0,9,0,8,0,0,0,0,1,1,1,2,22,5,-1,-1,-1,1,1
201404BC14167,2,9,0,7,0,8,0,0,0,0,1,1,6,2,26,6,1242,1,3,7,2
201404CA14001,1,9,0,7,0,5,0,0,0,0,4,1,6,1,31,6,1368,1,8,5,1
201404CA14001,2,1,0,18,0,8,0,0,0,0,3,1,6,1,43,7,-1,-1,-1,8,1
201404CA14002,1,9,0,13,0,0,0,0,0,0,4,1,6,1,89,11,1783,1,12,10,1
201404CA14002,2,1,0,18,0,0,2,0,0,0,3,1,6,1,45,7,-1,-1,-1,8,1
201404CA14003,1,9,0,4,0,1,0,0,0,0,1,1,6,2,17,4,1240,1,10,9,3
201404CA14003,2,90,0,18,0,2,0,0,0,0,1,1,6,1,49,8,-1,-1,-1,2,1
201404CA14004,1,9,0,17,0,0,1,0,1,4,3,1,6,1,17,4,-1,-1,-1,9,3
201404CA14005,1,9,0,18,0,5,0,0,0,0,1,1,6,2,26,6,998,1,3,8,2
201404CA14005,2,9,0,18,0,1,0,0,0,0,1,1,6,1,74,10,1560,2,2,8,2
201404CA14006,1,9,0,16,0,0,1,0,6,2,3,1,6,1,25,5,1390,1,13,9,1
201404CA14006,2,9,0,18,0,0,0,0,0,0,1,1,6,2,64,9,1396,1,-1,9,1
201404CA14006,3,9,0,18,0,0,0,0,0,0,0,1,6,1,28,6,1900,2,8,-1,1
201404CA14007,1,9,0,5,0,6,0,0,0,0,4,1,6,1,48,8,2179,2,12,10,1
201404CA14007,2,21,0,18,0,8,0,0,0,0,1,1,1,1,41,7,7146,2,6,-1,-1
201404CA14008,1,9,0,18,0,0,0,0,0,0,1,1,6,2,30,6,1560,2,6,6,1
201404CA14008,2,9,0,18,0,0,0,0,0,0,2,1,6,1,38,7,2993,2,8,5,2
201404CA14008,3,9,0,4,0,0,0,0,0,0,2,1,6,1,52,8,-1,-1,-1,-1,3
201404CA14009,1,9,0,4,0,0,0,0,0,0,1,1,6,2,21,5,1242,1,14,7,3
201404CA14010,1,9,0,9,0,0,0,0,0,0,1,1,6,1,25,5,-1,-1,-1,4,1
201404CA14010,2,3,0,18,0,0,0,0,1,0,1,1,2,1,23,5,125,1,1,1,1
201404CA14011,1,1,0,18,0,0,0,0,0,0,1,1,6,1,60,9,-1,-1,-1,-1,-1
201404CA14011,2,9,0,18,0,0,0,0,0,0,3,1,6,2,32,6,1364,2,3,9,3
201404CA14011,3,1,0,18,0,0,0,0,0,0,2,1,6,1,37,7,-1,-1,-1,9,2
201404CA14011,4,1,0,18,0,0,0,0,0,0,0,1,1,1,34,6,-1,-1,-1,4,2
201404CA14012,1,9,0,7,0,6,0,0,0,0,2,1,1,2,38,7,1598,1,15,4,1
201404CA14012,2,1,0,7,0,8,0,0,0,0,0,1,1,1,50,8,-1,-1,-1,10,1
201404CA14013,1,9,0,9,0,5,0,0,0,0,1,1,6,2,57,9,1598,1,13,10,1
201404CA14013,2,9,0,18,0,1,0,0,0,0,1,1,6,2,34,6,1388,1,16,9,2
201404CA14014,1,3,0,18,0,0,0,11,0,0,0,1,4,1,16,4,124,1,8,2,1
201404CA14015,1,19,0,5,0,3,0,0,0,0,1,1,6,1,29,6,1753,2,9,7,1
201404CA14015,2,9,0,5,0,3,0,0,0,0,2,1,6,2,65,9,1995,2,2,8,1
201404CA14016,1,3,0,13,0,0,0,0,0,0,3,1,6,1,23,5,124,1,1,2,1
201404CA14016,2,9,0,18,0,0,0,0,0,0,3,1,6,2,59,9,1242,1,4,5,2
201404CA14016,3,9,0,18,0,0,0,0,0,0,3,1,6,2,67,10,1108,1,4,8,1
201404CA14017,1,9,0,17,0,0,0,0,1,9,1,1,6,1,20,4,-1,-1,-1,5,1
201404CA14018,1,9,0,18,0,0,0,0,0,0,1,1,6,1,29,6,1998,1,12,1,1
201404CA14018,2,5,0,3,0,0,0,0,0,0,2,1,6,1,52,8,1084,1,18,4,1
201404CA14019,1,19,0,1,0,0,0,0,0,0,3,1,1,1,52,8,2198,2,7,7,1
201404CA14019,2,3,0,18,0,0,0,0,0,0,1,1,2,1,29,6,124,1,1,9,1
201404CA14020,1,9,0,16,0,1,0,0,0,0,4,1,2,1,54,8,1596,1,8,3,1
201404CA14020,2,3,0,4,0,1,0,0,0,0,3,1,6,1,19,4,125,1,15,3,1
201404CA14021,1,9,0,18,0,0,0,0,0,0,1,1,1,1,36,7,1587,1,11,-1,-1
201404CA14022,1,3,0,9,0,6,0,0,0,0,4,1,2,1,24,5,125,1,1,7,2
201404CA14022,2,9,0,9,0,6,0,0,0,0,3,1,2,1,64,9,1596,1,12,5,1
201404CA14022,3,9,0,9,0,6,0,0,0,0,1,1,2,1,32,6,2495,2,42,9,2
201404CA14023,1,9,0,17,0,4,0,0,0,0,3,1,6,1,52,8,2143,2,2,8,1
201404CA14023,2,9,0,7,5,3,1,10,7,1,4,1,1,2,31,6,1296,1,7,7,2
201404CA14024,1,9,0,18,0,0,1,0,2,10,1,1,2,1,28,6,1229,1,9,9,1
201404CA14025,1,2,0,9,9,5,0,0,0,0,1,1,6,1,64,9,49,1,1,7,1
201404CA14026,1,9,0,18,0,8,1,0,1,4,1,1,2,2,23,5,1595,1,11,9,1
201404CA14026,2,9,0,9,0,8,0,0,1,2,1,1,6,2,29,6,1798,1,7,5,2
201404CA14026,3,90,0,18,0,1,0,0,0,0,1,1,6,1,67,10,-1,-1,-1,8,1
201404CA14027,1,9,0,18,0,1,0,0,1,4,1,1,6,1,22,5,1598,1,12,3,2
201404CA14027,2,9,0,18,0,1,0,0,0,0,0,1,1,1,44,7,2993,2,3,-1,-1
201404CA14028,1,21,1,13,0,0,0,0,0,0,4,1,1,1,57,9,11705,2,6,3,2
201404CA14028,2,90,0,18,0,0,0,0,0,0,3,1,1,1,52,8,2800,2,2,2,1
201404CA14029,1,9,0,18,0,1,0,0,0,0,0,1,6,1,74,10,1796,1,12,4,1
201404CA14029,2,1,0,9,0,5,0,0,0,0,4,1,6,1,14,3,-1,-1,-1,9,1
201404CA14030,1,9,0,9,0,5,0,0,0,0,1,1,6,2,47,8,1343,1,10,1,1
201404CA14030,2,1,0,1,6,7,0,0,0,0,1,1,6,1,49,8,-1,-1,-1,1,1
201404CA14031,1,9,0,9,0,6,0,0,0,0,1,1,6,1,28,6,1396,1,14,2,1
201404CA14031,2,9,0,18,0,8,0,0,0,0,4,1,6,1,43,7,1598,1,5,9,1
201404CA14032,1,9,0,5,0,1,0,0,0,0,1,1,6,2,27,6,2204,2,8,9,3
201404CA14032,2,9,0,18,0,1,0,0,0,0,1,1,6,2,71,10,1242,1,5,7,1
201404CA14033,1,9,0,18,0,3,0,0,0,0,1,1,6,1,18,4,1997,1,11,1,1
201404CA14033,2,9,0,3,0,3,0,0,0,0,2,1,6,2,30,6,1896,2,6,5,2
201404CA14033,3,9,0,3,0,3,0,0,0,0,2,1,6,1,54,8,1240,1,11,1,1
201404CA14034,1,9,0,18,0,1,0,0,0,0,1,1,6,2,34,6,1242,1,12,3,2
201404CA14034,2,9,0,18,0,1,0,0,0,0,2,1,6,1,73,10,1769,1,15,-1,-1
201404CA14034,3,9,0,3,0,1,0,0,0,0,2,1,6,1,48,8,2143,2,1,7,1
201404CA14035,1,9,0,18,0,0,0,0,1,10,1,1,6,1,38,7,1910,2,10,-1,-1
201404CA14036,1,9,0,18,0,4,0,0,0,0,1,1,2,1,54,8,999,1,13,8,1
201404CA14036,2,9,0,9,0,3,0,0,7,1,4,1,1,1,25,5,-1,-1,-1,9,2
201404CA14037,1,9,0,18,0,0,0,0,0,0,3,1,6,1,34,6,1196,1,17,1,1
201404CA14037,2,9,0,2,0,0,0,0,0,0,4,1,6,2,-1,-1,1598,1,-1,-1,-1
201404CA14038,1,9,0,1,0,5,0,0,0,0,2,1,1,1,55,8,1686,2,1,1,1
201404CA14038,2,9,0,3,0,1,0,0,0,0,1,1,6,1,43,7,-1,-1,-1,1,1
201404CA14039,1,9,0,10,0,1,0,0,0,0,4,1,6,2,62,9,-1,-1,-1,9,1
201404CA14039,2,9,0,18,0,1,0,0,0,0,1,1,6,1,45,7,1997,1,6,2,2
201404CA14040,1,9,0,18,0,0,0,0,0,0,1,1,6,2,25,5,1199,1,12,4,1
201404CA14041,1,19,0,18,0,8,0,0,0,0,1,1,1,1,49,8,2148,2,3,7,1
201404CA14041,2,9,0,18,0,8,0,0,7,10,3,1,6,1,69,10,1461,2,4,3,1
201404CA14042,1,9,0,18,0,3,0,0,0,4,1,1,6,2,82,11,1240,1,9,4,1
201404CA14043,1,9,0,18,0,1,0,0,0,0,1,1,2,2,50,8,1896,2,7,9,1
201404CA14043,2,5,0,18,0,1,0,0,0,0,1,1,2,1,19,4,599,1,16,3,1
201404CA14044,1,2,0,13,0,2,5,0,7,0,3,1,2,1,27,6,49,1,9,7,1
201404CA14044,2,9,0,18,0,2,0,0,0,0,4,1,2,1,46,8,1998,1,17,10,2
201404CA14045,1,19,0,18,0,2,0,0,0,0,1,1,6,1,42,7,1868,2,8,5,1
201404CA14045,2,9,0,1,0,5,1,0,0,0,1,1,2,1,47,8,-1,-1,-1,-1,-1
201404CA14046,1,19,0,18,0,8,0,0,0,0,1,1,1,1,56,9,1995,2,1,-1,-1
201404CA14046,2,9,0,17,0,8,0,0,0,0,1,1,6,2,29,6,2000,2,10,8,2
201404CA14047,1,9,0,18,0,1,0,0,0,0,1,1,6,3,-1,-1,-1,-1,-1,-1,-1
201404CA14047,2,9,0,3,0,1,0,0,0,0,2,1,6,2,30,6,1086,1,9,1,1
201404CA14048,1,9,0,18,0,1,0,0,0,0,3,1,6,1,34,6,1997,2,13,4,1
201404CA14048,2,9,0,18,0,2,0,0,0,0,3,1,6,1,26,6,1596,1,6,8,2
201404CA14049,1,9,0,7,9,6,0,10,0,0,4,1,3,2,68,10,1686,2,3,1,1
201404CA14050,1,9,0,18,0,1,2,0,7,10,0,1,6,2,19,4,1149,1,10,7,2
201404CA14051,1,9,0,18,0,6,0,0,0,0,1,1,6,1,49,8,1991,2,12,8,3
201404CA14051,2,9,0,18,0,8,0,10,0,0,3,1,2,1,28,6,1598,1,6,4,1
201404CA14051,3,9,0,8,0,2,0,10,1,0,3,1,6,1,34,6,1198,1,10,8,2
201404CA14052,1,19,0,4,0,0,1,0,0,0,1,1,1,1,24,5,2287,2,1,1,1
201404CA14052,2,9,0,3,0,0,0,0,0,0,2,1,6,1,31,6,1910,2,8,8,1
201404CA14052,3,19,0,3,0,0,0,0,0,0,2,1,6,1,23,5,2402,2,10,5,2
201404CA14053,1,9,0,10,0,6,0,0,0,0,0,1,6,1,-1,-1,-1,-1,-1,-1,-1
201404CA14053,2,1,0,18,0,1,1,0,0,0,2,1,6,1,49,8,-1,-1,-1,10,1
201404CA14053,3,1,0,18,0,1,2,0,0,0,1,1,6,2,18,4,-1,-1,-1,10,1
201404CA14054,1,9,0,18,0,4,0,0,0,0,1,1,6,1,37,7,-1,-1,-1,5,1
201404CA14054,2,9,0,18,0,4,0,0,0,0,2,1,6,2,41,7,1398,1,12,4,1
201404CA14055,1,9,0,18,0,0,0,0,0,0,1,1,3,2,47,8,1560,2,7,1,1
201404CA14055,2,9,0,18,0,0,0,0,0,0,2,1,1,2,23,5,1399,2,2,10,1
201404CA14056,1,9,0,16,0,3,1,0,0,0,1,1,2,1,31,6,1587,1,12,4,1
201404CA14056,2,9,0,18,0,1,0,0,0,0,3,1,1,1,58,9,1956,2,2,-1,1
201404CA14057,1,9,0,9,0,5,0,0,7,0,1,1,6,2,60,9,1390,1,7,4,2
201404CA14057,2,9,0,18,0,1,0,0,1,1,1,1,2,1,47,8,1248,2,1,9,1
201404CA14058,1,3,0,5,0,4,0,0,0,0,0,1,2,1,46,8,124,1,2,8,1
201404CA14059,1,9,0,4,0,2,0,0,0,0,1,1,3,2,39,7,1242,1,7,3,1
201404CA14059,2,9,0,2,0,2,0,0,0,0,2,1,3,2,73,10,1390,1,13,9,1
201404CA14060,1,9,0,7,0,6,0,0,0,0,1,1,1,1,44,7,-1,-1,-1,8,2
201404CA14060,2,1,0,18,0,1,0,0,0,0,2,1,1,1,52,8,-1,-1,-1,9,2
201404CA14061,1,9,0,7,0,2,0,0,0,0,1,1,2,2,43,7,1242,1,10,1,1
201404CA14061,2,9,0,9,0,2,0,0,0,0,4,1,2,2,37,7,1240,1,8,3,1
201404CA14062,1,9,0,17,0,0,1,0,8,10,1,1,6,1,22,5,1242,1,9,10,2
201404CA14064,1,9,0,9,0,5,1,0,0,0,4,1,6,1,47,8,1968,2,4,8,1
201404CA14064,2,5,0,18,0,8,2,0,0,0,1,1,6,1,45,7,675,1,3,3,1
201404CA14064,3,9,0,3,0,8,0,0,0,0,3,1,6,1,55,8,1870,2,12,7,3
201404CA14065,1,9,0,9,0,2,0,0,0,0,1,1,6,1,21,5,1149,1,15,2,1
201404CA14066,1,9,0,18,0,8,0,0,0,0,4,1,6,1,31,6,-1,-1,-1,1,1
201404CA14066,2,1,0,17,0,8,0,0,0,0,3,1,6,2,52,8,-1,-1,-1,5,1
201404CA14067,1,9,0,18,0,6,0,0,0,0,1,1,6,1,70,10,1560,2,6,3,1
201404CA14067,2,90,0,10,0,1,0,0,0,0,2,1,1,1,48,8,-1,-1,-1,8,2
201404CA14068,1,9,0,16,0,0,1,0,0,0,1,1,6,1,36,7,1984,1,7,9,3
201404CA14068,2,1,0,18,0,0,0,0,1,7,1,1,6,1,35,6,-1,-1,-1,10,1
201404CA14068,3,9,0,16,0,0,1,0,0,0,1,1,6,1,20,4,1598,1,4,-1,-1
201404CA14070,1,16,0,18,0,0,0,0,0,0,3,1,6,2,59,9,-1,-1,-1,8,3
201404CA14070,2,16,0,18,0,0,0,0,0,0,3,1,6,2,66,10,-1,-1,-1,7,3
201404CA14070,3,9,0,18,0,0,0,0,0,0,4,1,6,2,51,8,2198,2,1,7,3
201404CA14071,1,9,0,14,0,0,0,0,7,2,4,1,6,1,62,9,1999,1,1,4,1
201404CA14071,2,17,5,10,0,0,0,0,0,0,3,1,1,1,57,9,-1,2,-1,8,3
201404CA14072,1,9,0,9,0,6,0,0,0,0,1,1,2,1,21,5,1896,2,11,7,2
201404CA14072,2,9,0,18,0,8,0,0,0,0,4,1,6,1,55,8,1968,2,4,6,2
201404CA14073,1,5,0,9,0,2,2,0,0,0,4,1,6,1,31,6,-1,-1,-1,2,1
201404CA14074,1,1,0,18,0,1,5,0,0,0,1,1,6,1,52,8,-1,-1,-1,8,3
201404CA14074,2,9,0,5,0,6,0,0,0,0,3,1,6,2,49,8,2179,2,2,8,1
201404CA14075,1,3,0,13,0,8,0,0,0,7,1,1,2,1,21,5,125,1,9,7,2
201404CA14075,2,9,0,9,0,8,0,0,0,0,1,1,6,2,22,5,1149,1,12,-1,-1
201404CA14076,1,9,0,3,0,1,0,0,0,0,1,1,6,2,28,6,1461,2,12,2,1
201404CA14076,2,9,0,3,0,1,0,0,0,0,2,1,6,1,28,6,2000,1,6,4,1
201404CA14076,3,9,0,3,0,1,0,0,0,0,2,1,6,2,28,6,1242,1,6,8,1
201404CA14076,4,9,0,3,0,1,0,0,0,0,2,1,6,1,20,4,1398,1,2,4,1
201404CA14077,1,9,0,5,0,1,0,0,0,0,0,1,6,3,-1,-1,-1,-1,-1,-1,-1
201404CA14077,2,1,0,5,9,1,0,0,0,0,0,1,2,1,26,6,-1,-1,-1,8,1
201404CA14078,1,9,0,18,0,1,0,0,0,0,1,1,6,1,51,8,3000,2,14,8,3
201404CA14078,2,9,0,18,0,1,0,0,0,0,2,1,6,1,66,10,1997,2,11,2,1
201404CA14078,3,9,0,10,0,1,0,0,0,0,2,1,6,1,27,6,1396,1,14,5,1
201404CA14079,1,9,0,9,0,8,0,0,7,2,1,1,6,1,24,5,1598,1,7,3,1
201404CA14080,1,9,0,18,0,0,0,0,0,0,1,1,6,2,17,4,2720,2,8,9,1
201404CA14080,2,9,0,4,0,0,0,0,0,0,2,1,6,2,39,7,1799,1,6,10,1
201404CA14081,1,2,0,7,0,1,0,0,0,0,4,1,6,2,16,4,49,1,7,5,2
201404CA14083,1,9,0,10,0,0,0,0,0,0,1,1,6,1,20,4,2171,2,13,5,1
201404CA14083,2,9,0,18,0,0,0,0,0,0,4,1,6,2,59,9,1798,1,8,7,1
201404CA14083,3,9,0,3,0,0,0,0,0,0,3,1,6,1,51,8,2720,2,6,5,2
201404CA14083,4,9,0,3,0,0,0,0,0,0,3,1,6,1,28,6,1596,1,11,2,1
201404CA14084,1,9,0,4,0,0,0,0,0,0,0,1,1,2,19,4,-1,-1,-1,5,1
201404CA14084,2,9,0,18,0,0,0,0,0,0,2,1,1,1,69,10,1198,1,-1,8,1
201404CA14084,3,9,0,18,0,0,0,0,0,0,1,1,1,2,45,7,1242,1,5,6,1
201404CA14085,1,17,4,5,0,0,0,0,0,0,0,1,1,1,68,10,-1,2,28,9,3
201404CA14085,2,16,0,18,0,0,1,0,0,0,0,1,6,2,11,3,-1,-1,-1,7,1
201404CA14085,3,16,0,18,0,0,0,0,0,0,0,1,6,2,34,6,-1,-1,-1,5,1
201404CA14086,1,9,0,16,0,0,2,10,0,10,0,1,3,2,28,6,2295,1,13,4,1
201404CA14088,1,9,0,5,0,6,0,0,0,0,2,1,6,1,42,7,1560,2,7,6,1
201404CA14088,2,1,0,18,0,8,0,0,0,0,1,1,6,2,49,8,-1,-1,-1,5,1
201404CA14089,1,9,0,16,0,1,1,0,0,0,1,1,6,1,80,11,1171,1,14,8,1
201404CA14089,2,9,0,4,0,1,0,0,0,0,2,1,6,2,45,7,1598,1,10,4,1
201404CA14090,1,9,0,5,0,4,0,0,0,0,1,1,6,2,26,6,-1,-1,-1,3,1
201404CA14090,2,1,0,18,0,8,0,0,0,0,4,1,2,1,47,8,-1,-1,-1,3,1
201404CA14091,1,9,0,18,0,1,0,0,0,0,1,1,6,1,24,5,1598,2,3,7,3
201404CA14091,2,9,0,18,0,1,0,0,0,0,2,1,6,2,20,4,1299,1,7,8,1
201404CA14093,1,9,0,18,0,0,0,0,0,0,1,1,6,3,-1,-1,-1,-1,-1,-1,-1
201404CA14094,1,5,0,16,0,0,2,11,7,9,4,1,6,1,37,7,600,1,8,-1,-1
201404CA14095,1,9,0,15,0,0,0,0,0,0,3,1,6,2,32,6,1242,1,5,6,3
201404CA14095,2,9,0,18,0,0,0,0,0,0,3,1,6,1,27,6,-1,-1,-1,1,1
201404CA14096,1,9,0,9,0,6,0,0,0,0,1,1,3,2,46,8,1296,1,6,3,1
201404CA14096,2,11,0,18,0,8,0,0,0,0,3,1,1,1,67,10,2900,2,9,7,1
201404CA14097,1,9,0,18,0,0,1,0,2,3,1,1,6,1,65,9,1995,2,-1,8,2