Accident_Index,Vehicle_Reference,Vehicle_Type,Towing_and_Articulation,Vehicle_Manoeuvre,Vehicle_Location-Restricted_Lane,Junction_Location,Skidding_and_Overturning,Hit_Object_in_Carriageway,Vehicle_Leaving_Carriageway,Hit_Object_off_Carriageway,1st_Point_of_Impact,Was_Vehicle_Left_Hand_Drive?,Journey_Purpose_of_Driver,Sex_of_Driver,Age_of_Driver,Age_Band_of_Driver,Engine_Capacity_(CC),Propulsion_Code,Age_of_Vehicle,Driver_IMD_Decile,Driver_Home_Area_Type
201404CA14098,1,9,0,18,0,1,0,0,0,0,1,1,6,1,43,7,1896,2,16,1,1
201404CA14098,2,9,0,9,0,8,0,0,0,0,4,1,6,2,32,6,1392,1,15,1,1
201404CA14098,3,9,0,8,0,1,0,0,0,0,3,1,6,1,26,6,1242,1,9,1,1
201404CA14099,1,9,0,18,0,8,0,0,0,0,3,1,6,1,87,11,1360,1,10,-1,-1
201404CA14099,2,21,0,17,0,1,0,0,0,0,1,1,1,1,51,8,12777,2,8,8,1
201404CA14100,1,9,0,18,0,0,0,0,0,0,1,1,6,1,38,7,1997,2,8,2,1
201404CA14100,2,9,0,4,0,0,0,0,0,0,2,1,1,3,38,7,1248,2,6,2,1
201404CA14101,1,9,0,9,0,6,0,0,0,0,1,1,6,1,59,9,1769,1,12,-1,1
201404CA14101,2,5,0,18,0,8,2,0,0,0,4,1,6,1,23,5,600,1,12,4,1
201404CA14102,1,2,0,18,0,0,2,0,0,7,1,1,6,1,16,4,49,1,8,8,3
201404CA14102,2,9,0,5,0,0,0,0,0,0,2,1,6,1,47,8,1896,2,10,5,3
201404CA14103,1,9,0,4,0,0,0,0,0,0,1,1,2,1,54,8,1589,1,17,1,1
201404CA14104,1,9,0,5,0,0,0,0,0,0,3,1,6,1,87,11,796,1,13,5,2
201404CA14104,2,3,0,18,0,0,0,0,0,0,1,1,6,1,17,4,125,1,12,7,1
201404CA14105,1,9,0,16,0,0,5,0,7,4,3,1,1,2,31,6,1587,1,9,3,1
201404CA14105,2,9,0,2,6,0,0,0,0,0,1,1,6,3,-1,-1,1596,1,15,-1,-1
201404CA14106,1,2,0,18,0,0,0,0,1,4,4,1,2,2,28,6,49,1,8,4,1
201404CA14107,1,9,0,18,0,1,2,0,8,10,3,1,6,1,17,4,998,1,1,3,1
201404CA14107,2,9,0,9,0,1,0,0,0,0,0,1,6,1,18,4,1242,1,15,7,2
201404CA14108,1,9,0,9,9,4,1,0,1,4,1,1,6,2,77,11,1396,1,1,8,2
201404CA14109,1,9,0,18,0,2,0,0,0,0,1,1,2,1,48,8,1998,2,6,7,1
201404CA14110,1,9,0,18,0,0,0,0,0,0,1,1,6,1,24,5,1248,2,8,5,2
201404CA14111,1,1,0,18,0,0,0,0,0,0,1,1,2,1,37,7,-1,-1,-1,6,1
201404CA14111,2,9,0,10,0,0,0,0,0,0,3,1,2,1,56,9,1781,1,10,6,1
201404CA14112,1,9,0,18,0,0,0,0,0,0,1,1,1,1,48,8,1896,2,10,2,1
201404CA14112,2,9,0,4,0,0,0,10,0,0,2,1,6,2,41,7,998,1,7,9,3
201404CA14113,1,9,0,18,0,1,0,0,0,0,4,1,6,1,33,6,2993,2,6,3,1
201404CA14114,1,19,0,1,9,2,0,0,0,0,2,1,6,1,43,7,1248,2,5,7,1
201404CA14115,1,9,0,5,0,0,0,0,0,0,1,1,6,2,54,8,1560,2,6,7,3
201404CA14116,1,9,0,18,0,0,0,0,0,0,1,1,6,1,81,11,1868,2,13,8,1
201404CA14116,2,9,0,3,0,0,0,0,0,0,2,2,6,1,27,6,-1,-1,-1,3,1
201404CA14117,1,90,0,16,0,0,0,0,0,0,0,1,6,3,-1,-1,-1,-1,-1,-1,-1
201404CA14117,2,3,0,16,0,0,2,0,0,0,0,1,6,1,18,4,125,1,9,8,3
201404CA14119,1,9,0,5,0,4,0,0,1,10,1,1,6,2,51,8,-1,-1,-1,9,1
201404CA14119,2,9,0,18,0,8,0,0,0,0,1,1,6,2,44,7,1587,1,10,9,-1
201404CA14120,1,9,0,18,0,8,0,0,1,10,1,1,6,2,82,11,1870,2,10,5,1
201404CA14120,2,9,0,7,0,5,0,0,0,0,4,1,6,2,28,6,1242,1,11,8,2
201404CA14121,1,9,0,17,0,6,1,0,3,0,1,1,6,1,24,5,973,1,12,9,1
201404CA14122,1,9,0,9,0,5,0,0,0,0,3,1,6,1,19,4,-1,-1,-1,1,1
201404CA14122,2,1,0,18,0,1,0,0,0,0,1,1,6,1,36,7,-1,-1,-1,5,1
201404CA14123,1,9,0,11,0,8,0,0,0,0,4,1,6,1,37,7,-1,-1,-1,6,1
201404CA14123,2,1,0,18,0,8,2,0,0,0,1,1,6,1,42,7,-1,-1,-1,2,1
201404CA14124,1,5,0,13,0,8,2,0,0,0,1,1,6,1,31,6,-1,-1,-1,9,1
201404CA14124,2,9,0,9,0,8,0,0,0,0,3,1,6,2,56,9,1560,2,-1,9,1
201404CA14125,1,19,0,11,0,0,0,0,0,0,3,1,2,1,44,7,1995,2,7,7,3
201404CA14125,2,9,0,17,0,0,0,0,1,10,3,1,2,1,32,6,1896,2,11,2,1
201404CA14126,1,9,0,4,0,0,0,0,1,2,1,1,6,2,36,7,1248,1,-1,8,1
201404CA14126,2,9,0,4,0,0,0,0,0,0,2,1,1,1,58,9,-1,-1,-1,4,1
201404CA14126,3,9,0,18,0,0,0,0,0,0,1,1,6,2,69,10,2000,1,9,8,3
201404CA14127,1,9,0,11,9,2,0,0,7,0,0,1,6,1,79,11,1997,1,13,8,3
201404CA14127,2,19,5,18,0,1,0,0,0,0,4,1,1,1,29,6,2402,2,13,2,1
201404CA14128,1,9,0,7,0,6,0,0,0,0,1,1,6,2,27,6,1587,1,8,2,2
201404CA14128,2,3,0,18,0,8,0,0,0,0,0,1,6,1,19,4,125,1,8,2,1
201404CA14129,1,9,0,7,0,8,0,0,0,0,2,1,6,1,67,10,1997,1,17,4,1
201404CA14129,2,1,0,18,0,1,0,0,0,0,1,1,6,1,45,7,-1,-1,-1,4,1
201404CA14130,1,9,0,9,0,6,0,0,0,0,4,1,6,1,31,6,1796,1,10,2,2
201404CA14130,2,9,0,18,0,2,0,0,0,0,1,1,6,1,23,5,-1,-1,-1,8,1
201404CA14131,1,9,0,18,0,8,0,0,0,0,1,1,6,1,52,8,1461,2,2,-1,1
201404CA14131,2,9,0,4,0,8,0,0,0,0,2,1,6,1,50,8,1560,2,4,-1,-1
201404CA14131,3,9,0,4,0,8,0,0,0,0,2,1,6,2,68,10,998,1,-1,-1,-1
201404CA14132,1,1,0,18,0,0,0,0,0,0,1,1,2,1,23,5,-1,-1,-1,1,1
201404CA14132,2,9,0,18,0,0,0,0,0,0,1,1,2,2,26,6,1388,1,5,5,1
201404CA14133,1,5,0,18,0,0,0,0,0,0,3,1,6,3,-1,-1,-1,-1,-1,-1,-1
201404CA14133,2,3,0,18,0,0,0,0,0,0,3,1,6,1,23,5,124,1,1,1,1
201404CA14134,1,3,0,16,0,8,0,0,7,1,1,1,6,1,18,4,125,1,3,4,1
201404CA14135,1,9,0,18,0,2,0,0,0,0,1,1,6,2,45,7,-1,-1,-1,-1,-1
201404CA14135,2,9,0,4,0,1,1,0,0,0,2,1,6,2,19,4,1299,1,15,7,1
201404CA14135,3,9,0,2,0,1,0,0,0,0,2,1,6,3,-1,-1,1388,1,11,-1,-1
201404CA14135,4,9,0,2,0,1,0,4,0,0,2,1,6,3,-1,-1,1598,1,7,-1,-1
201404CA14136,1,9,0,7,0,1,1,0,0,0,4,1,6,1,19,4,1896,2,12,2,1
201404CA14136,2,9,0,9,0,1,0,0,0,0,3,1,2,1,46,8,1685,2,-1,8,1
201404CA14137,1,9,0,4,0,0,0,0,0,0,1,1,6,1,37,7,2982,2,14,7,3
201404CA14137,2,9,0,4,0,0,0,0,0,0,2,1,2,1,25,5,1998,1,8,2,1
201404CA14137,3,9,0,4,0,0,0,0,0,0,2,1,2,2,33,6,1796,1,11,8,1
201404CA14137,4,9,0,4,0,0,0,0,0,0,2,1,6,2,43,7,1686,2,8,5,1
201404CA14138,1,9,0,9,0,0,0,0,0,0,1,1,6,1,75,10,1998,1,12,9,1
201404CA14138,2,5,0,18,0,0,0,0,0,0,1,1,6,1,44,7,749,1,13,3,1
201404CA14139,1,20,0,7,0,1,0,0,0,0,0,1,1,1,37,7,-1,-1,-1,6,1
201404CA14139,2,1,0,3,0,1,0,0,1,0,0,1,6,2,38,7,-1,-1,-1,2,1
201404CA14140,1,9,4,3,0,1,0,0,0,0,1,1,6,2,41,7,2972,1,19,5,1
201404CA14140,2,9,0,3,0,4,0,0,0,0,2,1,6,1,67,10,1461,2,9,8,3
201404CA14141,1,9,0,18,0,1,0,0,0,0,1,1,2,2,26,6,1299,1,12,8,1
201404CA14141,2,3,0,4,0,1,0,0,0,0,2,1,6,1,47,8,124,1,1,1,1
201404CA14142,1,9,0,18,0,0,0,0,0,0,1,1,2,1,34,6,2967,2,2,7,1
201404CA14142,2,9,0,4,0,0,0,0,0,0,2,1,1,2,51,8,1582,2,4,8,3
201404CA14142,3,9,0,4,0,0,0,0,0,0,2,1,2,1,23,5,1390,1,8,7,1
201404CA14143,1,9,0,4,0,0,0,0,0,0,1,1,6,2,47,8,1242,1,2,5,1
201404CA14144,1,9,0,4,0,2,0,0,0,0,2,1,6,2,54,8,1997,1,13,1,1
201404CA14144,2,1,0,18,0,2,0,0,0,0,1,1,6,1,43,7,-1,-1,-1,2,1
201404CA14145,1,90,0,7,0,2,0,0,0,0,4,2,1,1,48,8,-1,-1,-1,5,1
201404CA14146,1,19,0,9,0,0,0,0,7,0,3,1,1,1,43,7,1998,2,10,9,1
201404CA14146,2,9,0,13,0,0,0,0,7,0,4,1,1,2,55,8,1679,1,14,5,1
201404CA14147,1,19,0,11,0,0,0,0,1,2,1,1,1,2,54,8,2143,2,1,3,1
201404CA14148,1,5,0,17,0,0,0,0,1,10,3,1,6,1,47,8,644,1,10,1,1
201404CA14148,2,9,0,16,0,0,0,0,0,0,3,1,6,1,22,5,1388,1,9,4,1
201404CA14149,1,9,0,18,0,1,1,0,7,1,1,1,6,1,21,5,1753,2,13,1,1
201404CA14150,1,9,0,9,0,1,0,0,0,0,1,1,6,1,66,10,1560,2,-1,8,3
201404CA14150,2,9,0,9,0,1,0,0,0,0,2,1,6,2,39,7,1910,2,11,3,1
201404CA14151,1,9,0,13,0,0,0,0,0,0,1,1,6,1,63,9,1461,2,4,8,1
201404CA14151,2,1,0,18,0,0,0,0,0,0,2,1,6,1,62,9,-1,-1,-1,9,3
201404CA14152,1,19,0,15,0,8,0,0,0,0,4,2,1,1,53,8,12902,2,1,6,1
201404CA14152,2,9,0,7,0,8,0,0,0,0,3,1,2,1,68,10,1956,2,5,1,1
201404CA14153,1,19,0,7,0,1,0,0,0,0,3,1,1,1,45,7,-1,-1,-1,3,1
201404CA14153,2,9,0,2,0,1,0,0,0,0,4,1,6,1,36,7,1997,2,-1,1,1
201404CA14154,1,9,0,5,0,4,0,0,0,0,1,1,6,2,53,8,1390,1,12,2,1
201404CA14154,2,9,0,5,0,4,0,0,0,0,2,1,6,2,64,9,1586,1,1,8,1
201404CA14155,1,9,0,9,0,4,0,0,0,0,0,1,6,1,67,10,1399,1,5,6,2
201404CA14155,2,9,0,18,0,4,0,0,0,0,2,1,6,1,55,8,1896,2,12,9,1
201404CA14155,3,19,0,18,0,4,0,0,0,0,1,1,6,1,32,6,2402,2,8,7,1
201404CA14156,1,9,0,18,0,8,0,0,0,0,1,1,6,1,35,6,1398,1,-1,4,1
201404CA14156,2,9,0,18,0,8,0,0,0,0,3,1,6,2,39,7,1596,1,10,7,1
201404CA14157,1,5,0,16,0,0,1,0,0,0,1,1,6,1,47,8,1552,1,8,4,1
201404CA14157,2,9,0,17,0,0,0,0,1,0,3,1,6,1,60,9,1229,1,2,9,3
201404CA14158,1,9,0,9,0,6,0,0,0,0,4,1,6,2,22,5,1870,2,5,10,1
201404CA14158,2,9,0,18,0,1,0,0,0,0,1,1,1,1,33,6,2148,2,11,1,1
201404CA14159,1,9,0,9,0,6,0,0,0,0,4,1,6,1,17,4,1405,1,10,1,1
201404CA14159,2,9,0,18,0,2,0,10,1,0,4,1,6,2,58,9,1242,1,3,8,1
201404CA14160,1,9,0,18,0,0,0,0,0,0,1,1,1,1,47,8,1896,2,10,3,3
201404CA14161,1,21,1,16,0,3,0,0,0,0,4,1,1,1,41,7,12130,2,13,5,3
201404CA14161,2,1,0,16,0,3,0,0,0,0,0,1,6,1,53,8,-1,-1,-1,4,1
201404CA14162,1,21,1,11,0,3,0,0,0,0,4,1,1,1,58,9,15607,2,1,7,3
201404CA14162,2,9,0,18,0,3,0,0,0,0,3,1,2,2,27,6,1390,1,3,5,1
201404CA14163,1,9,0,18,0,0,0,0,0,0,1,1,6,3,-1,-1,-1,-1,-1,-1,-1
201404CA14163,2,1,0,18,0,0,0,0,0,0,0,1,6,1,7,2,-1,-1,-1,4,1
201404CA14164,1,9,0,9,0,6,0,0,0,0,1,1,6,1,18,4,998,1,14,9,1
201404CA14164,2,9,0,18,0,8,0,0,0,0,1,1,6,1,50,8,1769,2,19,7,1
201404CA14165,1,9,0,9,0,1,0,0,0,0,1,1,6,2,84,11,1242,1,2,8,1
201404CA14165,2,9,0,18,0,1,0,7,0,1,1,1,1,1,34,6,1995,2,3,7,2
201404CA14166,1,9,0,13,0,0,1,0,1,4,1,1,2,2,25,5,1598,1,9,2,1
201404CA14167,1,9,0,4,0,1,0,0,0,0,2,1,6,1,72,10,1560,2,1,8,2
201404CA14167,2,19,0,4,0,1,0,0,0,0,1,1,6,1,47,8,1995,2,7,9,3
201404CA14168,1,8,0,5,0,1,0,4,0,0,1,1,1,1,34,6,1896,2,4,4,2
201404CA14168,2,9,0,18,0,1,0,0,7,3,1,1,6,1,22,5,2000,2,10,1,1
201404CA14168,3,9,0,2,0,2,0,0,0,0,4,1,6,3,-1,-1,1998,2,10,-1,-1
201404CA14169,1,9,0,15,0,0,0,0,0,0,0,1,6,3,-1,-1,-1,-1,-1,-1,-1
201404CA14169,2,5,0,16,0,0,0,0,0,0,0,1,6,1,77,11,998,1,6,10,1
201404CA14170,1,5,0,17,0,0,2,0,1,9,1,1,6,1,24,5,599,1,16,2,1
201404CA14171,1,9,0,18,0,1,0,0,3,4,1,1,6,1,20,4,1390,1,13,-1,-1
201404CA14172,1,9,0,12,0,0,1,0,0,0,1,1,6,2,24,5,1149,1,12,3,1
201404CA14172,2,5,0,18,0,0,0,0,0,0,1,1,6,1,48,8,1402,1,8,1,1
201404CA14173,1,9,0,18,0,1,0,0,0,0,1,1,6,1,27,6,1461,2,1,9,1
201404CA14173,2,90,0,9,0,8,0,0,0,0,4,1,6,1,31,6,-1,-1,-1,8,2
201404CA14174,1,9,0,9,0,0,0,0,0,0,3,1,6,2,40,7,1497,1,12,5,2
201404CA14174,2,1,0,18,0,0,0,0,0,0,1,1,6,1,69,10,-1,-1,-1,1,1
201404CA14175,1,19,4,5,0,0,0,0,0,0,2,1,6,3,-1,-1,2402,2,2,-1,-1
201404CA14176,1,9,0,18,0,4,0,0,0,0,0,1,6,2,61,9,1984,1,7,9,1
201404CA14176,2,3,0,18,0,4,0,0,0,0,0,1,6,1,27,6,125,1,13,3,1
201404CA14177,1,9,0,17,0,0,2,10,1,0,3,1,6,1,18,4,1149,1,10,7,1
201404CA14178,1,90,0,15,0,0,0,0,0,0,0,1,6,3,-1,-1,-1,-1,-1,-1,-1
201404CA14178,2,1,0,18,0,0,5,0,1,0,0,1,6,2,26,6,-1,-1,-1,2,2
201404CA14179,1,9,0,5,0,0,0,0,0,0,0,1,6,2,23,5,1396,1,11,10,2
201404CA14180,1,9,0,9,0,8,0,0,0,0,4,1,6,1,19,4,1798,1,8,8,3
201404CA14180,2,1,0,18,0,1,0,0,0,0,1,1,6,1,24,5,-1,-1,-1,2,1
201404CA14181,1,3,0,5,0,0,0,0,0,0,1,1,1,2,19,4,125,1,3,9,2
201404CA14182,1,1,0,18,0,8,2,0,0,0,3,1,6,1,21,5,-1,-1,-1,2,2
201404CA14182,2,9,0,18,0,8,0,0,0,0,1,1,6,1,45,7,1560,2,1,2,2
201404CA14184,1,3,0,18,0,0,0,10,1,2,1,1,6,1,18,4,124,1,-1,3,1
201404CA14185,1,9,0,5,0,8,0,0,0,0,3,1,6,2,27,6,1197,1,-1,-1,-1
201404CA14186,1,9,0,5,0,4,0,0,0,0,3,1,6,2,42,7,1956,2,2,-1,1
201404CA14186,2,1,0,18,0,4,1,0,0,0,4,1,1,1,25,5,-1,-1,-1,-1,1
201404CA14187,1,3,0,18,0,0,0,12,0,0,1,1,2,1,20,4,124,1,3,2,1
201404CA14188,1,9,0,2,0,1,0,0,0,0,4,1,6,1,18,4,1198,1,2,9,3
201404CA14188,2,9,0,18,0,1,0,0,0,0,1,1,6,2,42,7,1769,1,9,8,2
201404CA14189,1,5,0,18,0,1,0,0,1,2,1,1,6,1,44,7,599,1,3,-1,-1
201404CA14190,1,9,0,3,0,0,0,0,0,0,3,1,6,2,29,6,1360,1,8,4,1
201404CA14190,2,90,0,3,0,0,0,0,0,0,4,1,1,1,52,8,-1,-1,-1,8,2
201404CA14191,1,9,0,17,0,4,0,0,0,0,1,1,2,1,58,9,1390,1,15,8,1
201404CA14191,2,1,0,17,0,8,0,0,0,0,3,1,2,1,55,8,-1,-1,-1,2,2
201404CA14192,1,9,0,18,0,8,1,0,0,0,4,1,6,2,34,6,1998,1,14,8,1
201404CJ14001,1,9,0,16,0,0,0,0,1,4,1,1,6,1,20,4,1999,1,6,6,2
201404CJ14002,1,9,0,9,0,6,0,0,0,0,3,1,3,1,48,8,1124,1,12,4,1
201404CJ14002,2,9,0,18,0,8,0,0,0,0,1,1,2,2,56,9,1598,1,2,6,3
201404CJ14003,1,9,0,6,0,1,0,8,0,0,1,1,3,2,57,9,-1,-1,-1,3,1
201404CJ14004,1,9,0,17,0,0,0,0,1,10,4,1,2,2,28,6,1598,1,9,8,1
201404CJ14005,1,9,0,9,0,8,0,0,0,0,1,1,6,1,69,10,-1,-1,-1,8,3
201404CJ14005,2,9,0,18,0,8,0,0,0,0,1,1,6,1,71,10,-1,-1,-1,5,1
201404CJ14006,1,19,0,18,0,1,0,0,0,0,4,2,6,1,68,10,1998,2,13,8,3
201404CJ14007,1,9,0,17,0,0,0,0,0,0,1,1,6,2,54,8,-1,-1,-1,9,1
201404CJ14007,2,9,0,16,0,0,0,0,1,0,0,1,6,2,38,7,1388,1,9,4,3
201404CJ14007,3,9,0,16,0,0,0,0,0,0,3,1,6,2,41,7,1399,2,4,8,1
201404CJ14007,4,9,0,16,0,0,0,0,0,0,1,1,6,2,54,8,1598,1,6,4,1
201404CJ14008,1,9,0,18,0,0,0,0,0,0,1,1,6,1,18,4,1199,1,11,4,3
201404CJ14009,1,9,0,18,0,0,0,0,1,4,3,1,6,2,42,7,1896,2,16,2,1
201404CJ14010,1,1,0,18,0,8,1,0,0,0,0,1,6,1,64,9,-1,-1,-1,5,1
201404CJ14011,1,3,0,9,0,4,2,0,0,0,3,1,2,1,43,7,124,1,4,7,1
201404CJ14011,2,9,0,18,0,4,0,0,0,0,1,1,2,1,50,8,1598,1,6,4,1
201404CJ14012,1,9,0,9,0,0,1,0,1,10,1,1,2,2,37,7,-1,-1,-1,6,1
201404CJ14013,1,9,0,1,8,2,0,0,0,0,2,1,6,3,-1,-1,-1,-1,-1,-1,-1
201404CJ14014,1,9,0,18,0,0,1,0,1,4,1,1,2,2,35,6,1598,1,6,6,1
201404CJ14015,1,9,0,18,0,0,0,0,0,0,1,1,2,1,40,7,2204,2,8,2,1
201404CJ14016,1,9,0,18,0,0,0,0,0,0,1,1,6,2,35,6,1248,2,6,6,2
201404CJ14017,1,9,0,18,0,0,1,0,1,10,1,1,6,1,35,6,1598,1,14,5,1
201404CJ14018,1,90,0,9,0,1,0,0,0,0,0,1,1,1,41,7,2148,2,5,-1,-1
201404CJ14018,2,9,0,8,0,1,0,0,0,0,2,1,6,2,42,7,1995,2,11,-1,-1
201404CJ14018,3,9,0,5,0,1,0,0,0,0,2,1,6,1,66,10,1598,1,7,6,1
201404CJ14018,4,9,0,5,0,1,0,0,0,0,1,1,6,1,67,10,1753,2,13,4,1
201404CJ14019,1,9,0,9,0,8,0,0,7,0,1,1,6,2,20,4,1299,1,7,7,1
201404CJ14019,2,9,0,18,0,8,0,0,0,0,1,1,6,1,23,5,1229,1,5,7,1
201404CJ14020,1,9,0,14,0,0,0,0,0,0,1,1,2,1,39,7,1999,1,12,2,1
201404CJ14020,2,9,0,18,0,0,0,0,0,0,1,1,6,1,57,9,1388,1,10,5,2
201404CJ14021,1,9,0,5,0,4,0,0,0,0,3,1,2,2,28,6,1339,1,6,2,1
201404CJ14021,2,1,0,18,0,3,0,0,0,0,1,1,2,1,20,4,-1,-1,-1,5,1
201404CJ14022,1,9,0,9,0,2,1,0,2,2,1,1,6,1,26,6,2494,1,11,8,1
201404CJ14023,1,11,0,9,0,8,0,0,0,0,0,1,6,1,66,10,4250,2,7,2,1
201404CJ14024,1,9,0,18,0,0,0,0,0,0,4,1,6,3,-1,-1,-1,-1,-1,-1,-1
201404CJ14024,2,1,0,18,0,0,2,0,0,0,3,1,6,1,53,8,-1,-1,-1,3,1
201404CJ14025,1,9,0,15,0,0,0,0,0,0,4,1,2,2,47,8,1119,1,10,3,1
201404CJ14025,2,1,0,18,0,0,0,0,0,0,2,1,2,1,50,8,-1,-1,-1,6,3
201404CJ14026,1,9,0,16,0,0,0,0,0,0,1,1,6,1,-1,-1,-1,-1,-1,-1,-1
201404CJ14026,2,9,0,17,0,0,0,0,0,0,1,1,6,2,30,6,1753,2,8,6,1
201404CJ14027,1,19,0,1,0,0,0,0,0,0,2,1,6,1,65,9,1995,2,2,2,1
201404CJ14027,2,9,0,2,0,0,0,0,0,0,1,1,6,1,35,6,1242,1,14,1,1
201404CJ14028,1,9,0,18,0,1,0,0,0,0,1,1,2,2,50,8,1598,1,2,6,1
201404CJ14029,1,9,0,4,0,0,0,0,0,0,1,1,6,2,47,8,1360,1,9,7,1
201404CJ14029,2,9,0,3,0,0,0,0,0,0,2,1,6,2,39,7,1598,1,11,8,1
201404CJ14031,1,9,0,18,0,0,0,10,2,4,1,1,6,2,36,7,1596,1,9,6,3
201404CJ14032,1,1,0,18,0,0,0,0,0,0,1,1,6,1,41,7,-1,-1,-1,9,2
201404CJ14032,2,9,0,3,0,0,0,0,0,0,2,1,6,2,39,7,1461,2,1,4,3
201404CJ14033,1,9,0,9,0,8,0,0,0,0,3,1,2,1,24,5,-1,-1,-1,4,1
201404CJ14033,2,9,0,18,0,8,0,0,0,0,1,1,2,1,36,7,-1,-1,-1,4,2
201404CJ14034,1,9,0,18,0,4,0,0,0,0,1,1,6,2,20,4,1124,1,13,9,1
201404CJ14034,2,9,0,3,0,4,0,0,0,0,2,1,6,2,23,5,998,1,11,9,1
201404CJ14035,1,9,0,17,0,0,0,0,0,0,1,1,6,1,72,10,1587,1,13,6,3
201404CJ14035,2,19,0,18,0,0,0,0,0,0,1,1,1,1,42,7,2477,2,4,4,1
201404CJ14036,1,3,0,4,0,1,0,0,0,0,4,1,6,1,21,5,124,1,2,6,2
201404CJ14036,2,9,0,4,0,1,0,0,0,0,2,1,1,3,32,6,2993,2,1,-1,-1
201404CJ14037,1,9,0,18,0,0,0,0,0,0,4,1,2,1,17,4,998,1,2,8,3
201404CJ14038,1,9,0,18,0,8,0,0,0,0,1,1,6,3,-1,-1,-1,-1,-1,-1,-1
201404CJ14038,2,9,0,18,0,8,0,0,0,0,2,1,2,1,39,7,2993,2,1,8,3
201404CJ14039,1,9,0,5,0,4,0,0,0,0,1,1,2,1,30,6,1560,2,2,6,1
201404CJ14039,2,9,0,5,0,4,0,0,0,0,1,1,2,1,64,9,1560,2,1,8,1
201404CJ14040,1,9,0,18,0,0,0,0,0,0,1,1,1,2,52,8,1582,2,1,7,1
201404CJ14040,2,21,0,18,0,0,0,0,0,0,3,1,1,1,51,8,12900,2,6,6,3
201404CJ14041,1,9,0,9,0,6,0,0,0,0,3,1,6,2,38,7,1998,1,12,8,1
201404CJ14041,2,9,0,18,0,1,0,0,0,0,1,1,2,2,22,5,1390,1,10,3,1
201404CJ14042,1,9,0,5,0,0,0,0,0,0,1,1,6,2,18,4,1229,1,1,8,3
201404CJ14042,2,10,0,2,0,0,0,0,0,0,3,1,1,1,48,8,2402,2,7,1,1
201404CJ14043,1,1,0,18,0,8,2,0,0,0,1,1,6,1,34,6,-1,-1,-1,9,3
201404CJ14044,1,9,0,18,0,2,0,0,0,0,1,1,6,1,39,7,1997,2,13,6,1
201404CJ14044,2,9,0,3,0,2,0,0,0,0,2,1,1,2,26,6,1242,1,17,4,2
201404CJ14044,3,9,0,3,0,2,0,0,0,0,2,1,6,1,32,6,1248,2,10,2,1
201404CJ14045,1,9,0,17,0,0,1,0,8,4,2,1,6,1,22,5,1229,1,6,8,1
201404CJ14048,1,9,0,5,0,1,0,0,0,0,1,1,6,1,54,8,1997,2,5,8,1
201404CJ14048,2,9,0,18,0,8,0,0,2,2,3,1,1,1,50,8,-1,-1,-1,10,2
201404CJ14049,1,19,0,18,0,0,0,0,0,0,1,1,1,1,18,4,-1,-1,-1,6,2
201404CJ14049,2,9,0,18,0,0,0,0,0,0,2,1,6,1,48,8,1870,2,12,5,1
201404CJ14049,3,9,0,18,0,0,0,0,0,0,2,1,6,2,74,10,1461,2,2,10,1
201404CJ14050,1,9,0,9,2,5,0,0,0,0,1,1,6,2,20,4,-1,-1,-1,6,1
201404CJ14051,1,90,0,9,0,8,0,0,0,0,3,1,1,1,54,8,-1,-1,-1,6,1
201404CJ14051,2,19,0,18,0,8,0,11,7,0,1,1,1,1,50,8,1998,2,10,7,2
201404CJ14052,1,19,0,4,0,0,0,0,0,0,1,1,1,1,47,8,2143,2,2,3,1
201404CJ14052,2,9,0,3,0,0,0,0,0,0,2,1,6,1,68,10,2204,2,8,5,3
201404CJ14052,3,9,0,3,0,0,0,0,0,0,2,1,6,1,55,8,1991,2,4,8,1
201404CJ14053,1,9,0,4,0,2,0,0,0,0,1,1,6,2,37,7,-1,-1,-1,3,1
201404CJ14054,1,9,0,10,0,6,0,0,0,0,1,1,2,2,51,8,1198,1,8,2,1
201404CJ14054,2,5,0,18,0,1,0,0,0,0,1,1,6,1,37,7,599,1,11,1,1
201404CJ14055,1,9,0,5,0,8,0,0,4,0,4,1,6,1,80,11,1368,1,4,8,3
201404CJ14055,2,9,0,18,0,8,1,7,2,0,1,1,6,2,42,7,2685,2,11,1,1
201404CJ14056,1,19,0,18,0,1,0,11,0,0,0,1,6,3,-1,-1,-1,-1,-1,-1,-1
201404CJ14056,2,9,0,18,0,1,0,0,0,0,1,1,6,2,25,5,1242,1,3,8,1
201404CJ14057,1,9,0,18,0,1,0,0,0,0,4,1,6,2,42,7,1364,1,3,7,1
201404CJ14057,2,9,0,18,0,1,0,0,0,0,1,1,6,1,78,11,1598,2,-1,10,1
201404CJ14058,1,17,0,18,0,0,0,0,0,0,1,1,1,1,28,6,-1,-1,-1,7,3
201404CJ14058,2,9,0,18,0,0,0,0,0,0,1,1,6,2,75,10,1998,2,7,9,1
201404CJ14059,1,1,0,16,0,0,1,11,0,0,4,1,6,1,46,8,-1,-1,-1,8,1
201404CJ14060,1,9,0,16,0,0,1,0,0,0,1,1,1,1,43,7,-1,-1,-1,1,1
201404CJ14060,2,9,0,18,0,0,0,0,1,10,1,1,6,2,47,8,1248,2,10,1,1
201404CJ14061,1,9,0,18,0,0,0,0,0,0,1,1,6,2,20,4,998,1,15,2,1
201404CJ14062,1,1,0,18,0,0,0,0,0,0,1,1,6,1,6,2,-1,-1,-1,1,1
201404CJ14062,2,9,0,18,0,0,0,0,0,0,1,1,6,1,28,6,1998,2,7,4,1
201404CJ14063,1,9,0,5,0,4,0,0,0,0,1,1,3,1,87,11,1332,1,15,8,1
201404CJ14063,2,9,0,3,0,1,0,0,0,0,2,1,3,2,35,6,1388,1,8,2,1
201404CJ14064,1,9,0,1,0,0,0,0,0,0,2,1,6,1,22,5,1896,2,7,3,1