Accident_Index,Vehicle_Reference,Vehicle_Type,Towing_and_Articulation,Vehicle_Manoeuvre,Vehicle_Location-Restricted_Lane,Junction_Location,Skidding_and_Overturning,Hit_Object_in_Carriageway,Vehicle_Leaving_Carriageway,Hit_Object_off_Carriageway,1st_Point_of_Impact,Was_Vehicle_Left_Hand_Drive?,Journey_Purpose_of_Driver,Sex_of_Driver,Age_of_Driver,Age_Band_of_Driver,Engine_Capacity_(CC),Propulsion_Code,Age_of_Vehicle,Driver_IMD_Decile,Driver_Home_Area_Type
201404CL14156,1,9,0,5,0,4,0,0,0,1,1,1,6,1,56,9,1995,2,9,3,1
201404CL14156,2,9,0,3,0,4,0,0,0,0,2,1,6,2,56,9,998,1,9,9,1
201404CL14157,1,3,0,18,0,2,0,0,0,0,1,1,6,1,40,7,125,1,3,4,1
201404CL14157,2,9,0,18,0,2,0,0,0,0,2,1,6,1,46,8,1598,1,5,10,1
201404CL14157,3,9,0,18,0,2,0,0,0,0,4,1,6,2,37,7,-1,-1,-1,5,1
201404CL14158,1,9,0,16,0,0,1,0,7,10,1,1,6,1,25,5,1800,1,15,9,2
201404CL14159,1,9,0,9,0,5,0,7,0,0,3,1,6,2,68,10,1995,2,-1,7,1
201404CL14160,1,9,0,18,0,0,0,0,0,0,3,1,6,2,55,8,1343,1,11,2,1
201404CL14161,1,9,0,6,0,8,1,0,0,0,3,1,6,2,61,9,1968,2,5,-1,1
201404CL14161,2,3,0,13,0,1,1,0,7,0,1,1,2,1,43,7,125,1,3,9,2
201404CL14162,1,9,0,9,0,0,0,0,0,0,4,1,2,2,18,4,999,1,-1,8,2
201404CL14162,2,4,0,18,0,0,2,0,0,0,1,1,2,1,21,5,-1,-1,-1,3,1
201404CL14163,1,21,0,18,0,1,0,0,1,0,3,1,1,1,31,6,12740,2,2,2,1
201404CL14163,2,9,0,10,0,8,0,0,0,0,4,1,1,1,50,8,1398,2,8,7,1
201404CL14165,1,9,0,18,0,0,0,0,1,2,1,1,6,1,67,10,1998,2,9,5,1
201404CL14166,1,9,0,18,0,0,0,0,7,10,1,1,6,2,85,11,1240,1,8,7,1
201404CL14166,2,9,0,2,0,0,0,0,0,0,2,1,6,1,85,11,1497,1,12,10,2
201404CL14167,1,9,0,7,0,4,0,0,0,0,1,1,6,1,25,5,-1,-1,-1,10,2
201404CL14167,2,9,0,7,0,3,0,0,0,0,2,1,6,2,28,6,1598,1,10,4,1
201404CL14168,1,9,0,18,0,0,0,0,0,0,4,1,6,1,40,7,-1,-1,-1,8,3
201404CL14169,1,9,0,5,0,4,0,0,0,0,3,1,6,1,32,6,1797,8,1,10,1
201404CL14169,2,1,0,18,0,8,0,0,0,0,1,1,6,1,73,10,-1,-1,-1,-1,-1
201404CL14170,1,9,0,17,0,0,2,7,7,10,1,1,6,1,43,7,1299,1,15,4,1
201404CL14171,1,9,0,18,9,0,0,0,0,0,4,1,6,3,-1,-1,1589,1,18,-1,-1
201404CL14172,1,19,0,18,0,1,0,0,0,0,4,1,6,3,-1,-1,-1,-1,-1,-1,-1
201404CL14172,2,1,0,18,0,1,0,0,0,0,3,1,6,2,41,7,-1,-1,-1,10,1
201404CL14173,1,9,0,7,0,1,0,0,0,0,4,1,6,1,24,5,998,1,12,6,1
201404CL14173,2,1,0,18,0,1,0,0,0,0,3,1,6,2,66,10,-1,-1,-1,5,1
201404CL14175,1,9,0,18,0,0,0,0,1,0,1,1,6,1,20,4,1422,2,10,2,1
201404CL14175,2,21,1,18,0,0,0,0,7,4,1,1,1,1,43,7,12900,2,3,-1,2
201404CL14176,1,1,0,18,4,0,0,0,0,0,1,1,6,1,50,8,-1,-1,-1,10,-1
201404CL14177,1,19,0,9,0,6,0,0,0,0,1,1,6,1,30,6,2198,2,-1,6,1
201404CL14177,2,8,0,18,0,1,0,0,0,0,1,1,1,1,77,11,1598,2,2,5,3
201404CL14178,1,9,0,18,0,0,0,0,0,0,1,1,6,2,58,9,1498,1,9,10,1
201404CL14179,1,9,0,4,0,1,0,0,0,0,1,1,1,1,56,9,1686,2,3,6,1
201404CL14179,2,9,0,8,0,2,0,0,0,0,2,1,1,1,36,7,-1,-1,-1,4,1
201404DA14001,1,9,0,5,0,1,0,0,0,0,4,1,6,3,-1,-1,-1,-1,-1,-1,-1
201404DA14001,2,1,0,5,0,1,0,0,0,0,3,1,1,1,39,7,-1,-1,-1,1,1
201404DA14002,1,9,0,9,0,2,0,0,0,0,1,1,6,2,55,8,1595,1,10,8,3
201404DA14002,2,1,0,18,0,1,0,0,0,0,1,1,2,1,45,7,-1,-1,-1,9,1
201404DA14003,1,9,0,18,0,0,0,0,0,0,1,1,2,2,50,8,998,1,1,-1,-1
201404DA14003,2,9,0,4,0,0,0,0,0,0,2,1,2,2,18,4,998,1,6,2,1
201404DA14003,3,9,0,4,0,0,0,0,0,0,2,1,6,2,32,6,1796,1,8,1,1
201404DA14004,1,9,0,18,0,0,0,0,0,0,1,1,6,1,35,6,1995,2,9,2,1
201404DA14005,1,9,0,9,0,5,0,0,0,0,1,1,6,1,65,9,1596,1,8,5,1
201404DA14005,2,1,0,18,0,1,0,0,0,0,3,1,6,1,43,7,-1,-1,-1,5,1
201404DA14006,1,9,0,5,0,6,0,0,0,0,1,1,2,2,27,6,1598,1,12,8,2
201404DA14007,1,9,0,9,0,5,0,0,0,0,4,1,6,1,25,5,2993,2,7,5,1
201404DA14008,1,9,0,14,0,1,0,0,0,0,1,1,6,1,30,6,1731,1,16,9,1
201404DA14008,2,11,0,2,0,1,0,0,0,0,1,1,1,1,47,8,9000,2,7,1,1
201404DA14009,1,9,0,4,0,0,0,0,0,0,1,1,6,2,45,7,1598,1,1,10,1
201404DA14009,2,9,0,3,0,0,0,0,0,0,2,1,6,1,32,6,1896,2,14,10,1
201404DA14009,3,9,0,3,0,0,0,0,0,0,2,1,6,2,25,5,1149,1,4,1,1
201404DA14010,1,9,0,12,0,2,0,0,0,0,3,1,6,1,71,10,1992,2,6,5,1
201404DA14010,2,9,0,18,0,2,0,0,0,0,4,1,6,2,34,6,1998,1,7,3,1
201404DA14011,1,9,0,16,0,0,0,0,0,0,1,1,6,1,23,5,1685,2,1,9,3
201404DA14012,1,8,0,18,0,0,0,0,0,0,4,1,6,1,34,6,1798,8,1,2,1
201404DA14013,1,9,0,18,0,2,0,0,0,0,1,1,1,3,-1,-1,-1,-1,-1,-1,-1
201404DA14013,2,9,0,10,0,2,0,0,0,0,2,1,1,1,22,5,1895,1,12,-1,-1
201404DA14014,1,9,0,18,0,4,0,0,0,0,0,1,6,1,20,4,1242,1,13,2,1
201404DA14015,1,9,0,7,0,5,0,0,0,0,1,1,6,1,44,7,1870,2,8,2,1
201404DA14016,1,9,0,5,0,8,0,0,0,0,1,1,6,1,76,11,1798,1,8,9,1
201404DA14016,2,9,0,18,0,8,0,0,0,0,4,1,6,1,63,9,1598,1,1,5,1
201404DA14017,1,5,0,18,0,0,1,0,0,0,0,1,2,1,49,8,-1,-1,-1,-1,1
201404DA14018,1,9,0,9,0,8,0,0,0,0,1,1,2,1,57,9,2438,1,17,8,1
201404DA14018,2,1,0,18,0,8,0,0,0,0,4,1,2,1,39,7,-1,-1,-1,-1,-1
201404DA14019,1,11,0,4,0,0,0,0,0,5,4,1,1,1,61,9,9000,2,2,5,1
201404DA14020,1,9,0,4,0,1,0,0,0,0,1,1,6,1,59,9,1199,1,10,1,1
201404DA14020,2,9,0,3,0,1,0,0,0,0,2,1,6,2,18,4,973,1,13,6,1
201404DA14021,1,11,0,4,0,1,0,0,0,0,4,1,1,1,57,9,10838,2,2,3,1
201404DA14022,1,9,0,1,0,1,0,0,0,0,3,1,3,3,-1,-1,-1,-1,-1,-1,-1
201404DA14023,1,9,0,9,0,8,0,0,0,0,1,1,6,1,55,8,1560,2,3,3,1
201404DA14023,2,9,0,18,0,8,0,0,7,10,1,1,6,1,32,6,1390,1,4,6,1
201404DA14024,1,9,0,9,0,8,0,0,0,0,1,1,6,1,35,6,1896,2,9,1,1
201404DA14024,2,9,0,18,0,1,0,0,0,0,1,1,1,1,35,6,-1,-1,-1,4,1
201404DA14025,1,9,0,18,0,4,0,0,0,0,3,1,6,1,68,10,1390,1,13,1,1
201404DA14025,2,1,0,18,0,3,0,0,0,0,1,1,1,1,34,6,-1,-1,-1,4,1
201404DA14026,1,9,0,1,0,2,0,0,0,0,2,1,6,1,47,8,1968,2,5,9,1
201404DA14026,2,1,0,18,0,8,0,0,0,0,4,1,6,1,59,9,-1,-1,-1,8,1
201404DA14027,1,8,0,7,0,2,0,0,0,0,1,1,1,1,54,8,1997,2,10,6,1
201404DA14027,2,9,0,18,0,1,0,0,0,0,4,1,6,1,48,8,2231,2,7,2,1
201404DA14028,1,9,0,18,0,1,0,0,0,0,4,1,6,2,28,6,1390,1,6,2,1
201404DA14029,1,9,0,18,0,8,0,0,0,0,1,1,6,2,29,6,1200,1,1,10,1
201404DA14029,2,9,0,18,0,8,0,0,0,0,3,1,6,1,41,7,1995,2,6,9,1
201404DA14030,1,9,0,8,0,1,0,0,0,0,1,1,6,1,47,8,1390,1,7,7,1
201404DA14030,2,9,0,8,0,1,0,0,0,0,2,1,6,1,37,7,1598,2,1,6,1
201404DA14031,1,9,0,4,0,1,0,0,1,1,1,1,6,2,27,6,1998,2,6,2,1
201404DA14031,2,9,0,8,0,1,0,0,0,0,2,1,1,1,35,6,1910,2,9,5,1
201404DA14032,1,9,0,3,0,0,0,0,0,0,4,1,2,2,24,5,1299,1,16,10,1
201404DA14032,2,5,0,14,0,0,0,0,0,0,3,1,2,2,43,7,748,1,2,8,1
201404DA14032,3,9,0,3,0,0,0,0,0,0,3,1,2,1,34,6,1360,1,9,10,1
201404DA14033,1,9,0,18,0,8,0,0,0,0,1,1,6,1,25,5,1995,2,4,5,1
201404DA14034,1,9,0,18,8,8,0,0,0,0,1,1,6,2,49,8,2495,2,9,4,2
201404DA14034,2,9,0,10,0,8,0,0,0,0,2,1,6,2,25,5,2393,1,10,6,1
201404DA14035,1,1,0,17,0,8,5,0,0,0,0,1,6,1,60,9,-1,-1,-1,10,1
201404DA14036,1,9,0,18,0,1,0,0,0,0,1,1,6,1,65,9,2204,2,5,4,1
201404DA14037,1,19,0,18,0,0,1,0,0,0,1,1,1,1,48,8,2402,2,10,2,1
201404DA14037,2,90,0,2,0,0,0,0,0,0,2,1,1,1,38,7,2999,2,2,7,3
201404DA14038,1,8,0,5,0,0,0,0,0,0,3,1,1,1,38,7,1497,8,7,1,1
201404DA14039,1,9,0,18,0,2,0,0,0,0,1,1,1,1,31,6,-1,-1,-1,2,1
201404DA14040,1,9,0,17,0,0,2,0,1,10,1,1,6,2,30,6,1599,1,9,9,1
201404DA14041,1,9,0,18,0,0,0,0,0,0,1,1,6,1,23,5,1995,2,8,5,1
201404DA14041,2,9,0,18,0,0,0,0,0,0,2,1,6,1,35,6,1199,1,12,1,1
201404DA14041,3,9,0,18,0,0,0,0,0,0,2,1,6,1,31,6,1198,1,1,1,1
201404DA14042,1,9,0,18,0,1,0,0,0,0,3,1,6,2,38,7,1398,1,2,-1,-1
201404DA14042,2,9,0,9,0,1,0,0,0,0,1,1,6,1,63,9,1798,1,12,-1,-1
201404DA14043,1,8,0,4,0,0,0,0,0,0,3,1,1,1,42,7,1997,2,13,-1,-1
201404DA14044,1,9,0,4,0,1,0,0,0,0,1,1,6,2,24,5,1386,1,7,1,1
201404DA14044,2,9,0,3,0,1,0,0,0,0,2,1,6,1,51,8,1781,1,13,3,1
201404DA14045,1,9,0,7,0,1,0,0,0,0,4,1,6,3,-1,-1,-1,-1,-1,-1,-1
201404DA14045,2,1,0,18,0,1,0,0,0,0,1,1,6,1,22,5,-1,-1,-1,7,1
201404DA14046,1,9,0,18,0,0,0,0,0,0,1,1,1,1,48,8,1783,1,17,3,1
201404DA14046,2,9,0,3,0,0,0,0,0,0,2,1,6,1,37,7,1956,2,2,8,1
201404DA14047,1,90,0,18,0,8,0,0,0,0,1,1,6,2,55,8,-1,-1,-1,1,1
201404DA14048,1,9,0,18,0,0,0,0,0,0,1,1,6,1,28,6,1596,1,6,1,1
201404DA14048,2,9,0,18,0,0,0,0,0,0,2,1,6,2,60,9,1560,2,-1,5,1
201404DA14049,1,9,0,18,0,8,0,0,0,0,1,1,2,1,31,6,1364,1,7,9,1
201404DA14049,2,9,0,3,0,8,0,0,0,0,1,1,2,2,33,6,998,1,6,3,1
201404DA14049,3,9,0,3,0,8,0,0,0,0,2,1,6,1,49,8,1597,1,13,-1,1
201404DA14050,1,9,0,15,0,8,1,0,0,10,1,1,6,1,56,9,1596,1,5,-1,-1
201404DA14050,2,9,0,15,0,8,1,0,6,0,2,1,6,2,44,7,-1,-1,-1,4,1
201404DA14050,3,9,0,15,0,8,1,0,0,0,1,1,6,2,28,6,1124,1,12,6,1
201404DA14050,4,9,0,2,9,1,0,0,0,10,1,1,6,3,-1,-1,1587,1,12,-1,-1
201404DA14051,1,9,0,18,0,0,0,0,0,0,1,1,6,2,27,6,1461,2,1,4,1
201404DA14051,2,9,0,3,0,0,0,0,0,0,2,1,6,2,37,7,1397,1,14,2,1
201404DA14052,1,9,0,18,0,1,0,0,0,0,1,1,6,3,-1,-1,1995,2,3,-1,-1
201404DA14052,2,9,0,8,0,1,0,0,0,0,1,1,6,2,18,4,1198,1,1,9,1
201404DA14053,1,1,0,18,9,0,0,0,0,0,2,1,1,1,36,7,-1,-1,-1,7,2
201404DA14054,1,9,0,9,0,8,0,0,0,0,1,1,6,1,44,7,1968,2,7,4,1
201404DA14054,2,1,0,18,0,1,2,0,0,0,4,1,6,1,52,8,-1,-1,-1,3,1
201404DA14055,1,19,0,18,0,0,0,0,0,0,3,1,6,3,-1,-1,-1,-1,-1,-1,-1
201404DA14055,2,5,0,13,0,0,5,0,0,0,4,1,6,2,28,6,645,1,1,6,1
201404DA14056,1,9,0,18,0,0,1,0,0,0,1,1,6,1,25,5,1968,2,4,4,1
201404DA14057,1,9,0,1,0,0,0,0,0,0,2,1,6,2,43,7,1497,1,10,1,1
201404DA14058,1,9,0,1,8,1,0,0,0,0,2,1,6,2,48,8,1995,2,2,-1,-1
201404DA14059,1,21,0,9,0,8,0,0,0,0,1,1,1,1,46,8,12902,2,1,5,1
201404DA14059,2,9,0,9,0,8,1,0,7,0,3,1,6,2,29,6,1896,2,9,7,2
201404DA14061,1,9,0,18,0,1,0,0,0,0,1,1,6,1,19,4,1598,1,12,1,1
201404DA14061,2,9,0,3,0,1,0,0,0,0,2,1,6,1,55,8,1560,2,5,4,1
201404DA14061,3,9,0,3,0,1,0,0,0,0,2,1,6,1,19,4,1995,2,9,1,1
201404DA14062,1,9,0,9,0,0,0,0,0,0,1,1,6,2,56,9,1599,1,10,-1,-1
201404DA14062,2,9,0,18,0,0,0,0,0,10,1,1,2,1,39,7,1896,2,12,6,1
201404DA14063,1,9,0,18,0,0,0,0,0,0,1,1,6,1,25,5,1587,1,16,-1,-1
201404DA14063,2,9,0,13,0,0,0,10,6,10,1,1,6,2,19,4,1390,1,11,9,1
201404DA14064,1,9,0,7,0,8,0,0,0,0,2,1,6,2,51,8,1999,1,12,4,1
201404DA14064,2,1,0,18,0,8,0,0,0,0,3,1,6,1,23,5,-1,-1,-1,7,1
201404DA14065,1,9,0,3,0,1,0,0,0,0,1,1,6,3,-1,-1,1560,2,5,-1,-1
201404DA14065,2,9,0,18,0,1,0,0,0,0,1,1,6,2,46,8,2143,2,4,9,1
201404DA14066,1,9,0,1,0,1,0,0,1,0,2,1,6,3,-1,-1,-1,-1,-1,-1,-1
201404DA14067,1,9,0,16,0,3,0,0,0,0,1,1,6,1,32,6,1388,1,13,4,1
201404DA14068,1,9,0,5,0,6,0,0,0,0,1,1,2,2,56,9,1997,2,12,6,1
201404DA14068,2,9,0,18,0,1,0,0,0,0,4,1,1,1,33,6,899,1,-1,3,1
201404DA14069,1,1,0,13,0,1,0,0,0,0,1,1,4,1,17,4,-1,-1,-1,9,1
201404DA14069,2,9,0,4,0,5,0,0,0,0,2,1,6,2,38,7,1329,1,2,3,1
201404DA14070,1,9,0,18,0,0,0,0,0,0,1,1,6,3,-1,-1,-1,-1,-1,-1,-1
201404DA14071,1,21,0,9,0,6,0,0,0,0,1,1,1,1,47,8,6870,2,7,4,1
201404DA14071,2,11,0,18,2,8,0,0,0,0,4,1,1,1,50,8,4250,2,6,3,1
201404DA14072,1,9,0,5,0,8,0,0,0,0,1,1,6,1,59,9,1598,1,1,3,1
201404DA14072,2,1,0,10,0,8,0,0,0,0,1,1,2,1,24,5,-1,-1,-1,1,1
201404DA14073,1,9,0,9,0,6,0,0,0,0,1,1,6,1,-1,-1,2231,2,6,-1,-1
201404DA14073,2,9,0,18,0,1,0,0,0,0,1,1,6,1,54,8,1798,1,10,1,1
201404DA14074,1,9,0,18,0,1,0,0,0,0,0,1,6,2,44,7,1598,1,10,1,1
201404DA14075,1,9,0,18,0,2,0,0,0,0,1,1,6,1,63,9,2461,2,15,3,3
201404DA14075,2,8,0,18,0,6,0,0,0,0,2,1,1,1,45,7,-1,-1,-1,-1,-1
201404DA14076,1,9,0,18,0,4,0,0,0,0,1,1,6,1,36,7,1794,1,10,9,1
201404DA14076,2,1,0,18,0,8,0,0,0,0,4,1,6,1,-1,-1,-1,-1,-1,2,1
201404DA14077,1,9,0,6,0,8,0,0,0,0,1,1,1,1,39,7,799,2,5,2,1
201404DA14077,2,9,0,18,0,8,0,0,0,0,1,1,6,1,66,10,1368,1,4,8,1
201404DF14001,1,9,0,9,0,8,0,0,0,0,2,1,2,2,55,8,1798,8,1,3,1
201404DF14001,2,9,0,18,0,8,0,0,0,0,1,1,6,1,47,8,-1,-1,-1,1,1
201404DF14002,1,9,0,9,0,0,0,0,0,0,3,1,1,2,37,7,1582,2,2,-1,-1
201404DF14002,2,90,0,15,0,0,0,0,7,10,1,1,1,1,33,6,-1,-1,-1,-1,-1
201404DF14003,1,9,0,4,0,0,1,0,0,0,2,1,6,1,53,8,2435,1,13,1,1
201404DF14003,2,19,0,4,0,0,1,0,0,0,1,1,6,1,39,7,2998,2,3,-1,-1
201404DF14004,1,9,0,16,0,7,0,0,2,7,1,1,6,2,20,4,1149,1,14,6,1
201404DF14005,1,9,0,9,0,6,0,0,0,0,0,1,6,2,61,9,1086,1,9,1,1
201404DF14006,1,9,0,4,0,4,0,0,0,0,1,1,2,1,20,4,1596,1,2,8,1
201404DF14006,2,9,0,4,0,4,0,0,0,0,2,1,2,2,35,6,1956,2,4,7,1
201404DF14006,3,9,0,4,0,4,0,0,0,0,2,1,2,1,38,7,1242,1,10,5,1
201404DF14007,1,9,0,12,0,1,0,0,0,0,4,1,6,1,27,6,-1,-1,-1,1,1
201404DF14007,2,9,0,9,0,1,0,0,0,0,3,1,2,1,35,6,1896,2,13,2,1
201404DF14008,1,9,0,18,0,0,0,0,0,0,4,1,3,2,46,8,1199,1,10,1,1
201404DF14009,1,9,0,4,0,1,0,0,0,0,1,1,6,1,54,8,1598,1,13,3,1
201404DF14009,2,9,0,5,0,1,0,0,0,0,2,1,6,1,27,6,1598,2,4,3,1
201404DF14010,1,9,0,13,0,0,0,0,0,0,4,1,6,2,46,8,1995,2,2,8,3
201404DF14010,2,17,0,9,0,0,0,0,0,0,3,1,1,1,43,7,-1,2,28,2,1
201404DF14011,1,9,0,5,0,1,0,0,0,0,1,1,6,1,44,7,1685,2,2,7,1
201404DF14011,2,9,0,9,0,1,0,0,0,0,1,1,6,1,18,4,1229,1,6,6,1
201404DF14012,1,9,0,18,0,0,1,0,0,0,1,1,1,2,30,6,1242,1,13,5,1
201404DF14013,1,9,0,18,0,1,0,0,0,0,1,1,6,1,54,8,2498,1,15,3,1
201404DF14013,2,9,0,4,0,1,0,0,0,0,2,1,6,1,46,8,1242,1,14,1,1
201404DF14014,1,9,0,5,0,1,0,0,0,0,1,1,6,1,67,10,-1,-1,-1,8,1
201404DF14014,2,90,5,8,0,1,0,0,0,0,2,1,6,2,47,8,-1,-1,-1,1,1
201404DF14015,1,9,0,9,0,1,0,0,0,0,1,1,6,2,82,11,1388,1,13,-1,-1
201404DF14015,2,9,0,18,0,1,0,0,0,0,3,1,6,1,31,6,2000,1,15,4,1
201404DF14016,1,9,0,18,0,0,0,0,0,0,1,1,3,2,36,7,2000,2,10,9,1
201404DF14016,2,9,0,3,0,0,0,0,0,0,2,1,6,1,24,5,1995,2,8,9,1
201404DF14016,3,9,0,3,0,0,0,0,0,0,2,1,6,1,49,8,1951,2,12,1,1
201404DF14017,1,9,0,18,0,1,0,0,0,0,2,1,6,1,23,5,1896,2,7,10,1
201404DF14017,2,9,0,3,0,1,0,0,0,0,2,1,6,2,62,9,1396,1,12,9,3
201404DF14017,3,9,0,3,0,1,0,0,0,0,2,1,1,1,43,7,1598,1,4,7,1
201404DF14018,1,9,0,5,0,1,0,0,0,0,1,1,3,2,38,7,1598,1,14,2,1
201404DF14018,2,9,0,18,0,2,0,0,0,0,4,1,2,2,45,7,1560,2,3,4,1
201404DF14019,1,9,0,9,0,8,0,0,0,0,4,1,6,1,85,11,-1,-1,-1,9,3
201404DF14019,2,1,0,18,8,8,0,0,0,0,1,1,1,1,28,6,-1,-1,-1,1,1
201404DF14020,1,9,0,9,0,0,0,0,0,0,0,1,6,3,-1,-1,-1,-1,-1,-1,-1
201404DF14020,2,9,0,18,0,0,0,0,0,0,0,1,6,3,-1,-1,-1,-1,-1,-1,-1
201404DF14020,3,9,0,18,0,0,0,0,0,0,0,1,6,3,-1,-1,-1,-1,-1,-1,-1
201404DF14020,4,8,0,18,0,0,0,0,0,0,0,1,1,1,65,9,1560,2,1,-1,-1
201404DF14021,1,9,0,9,0,6,0,0,0,0,0,1,6,1,21,5,1600,1,10,3,1
201404DF14021,2,9,0,18,0,8,0,0,0,0,0,1,6,2,25,5,1368,1,6,2,2
201404DF14022,1,9,0,18,0,0,0,0,0,0,1,1,6,1,69,10,1587,1,6,2,1
201404DF14022,2,9,0,2,0,0,0,0,0,0,2,1,6,2,48,8,-1,-1,-1,4,1
201404DF14022,3,9,0,2,9,0,0,0,0,0,1,1,6,1,48,8,1910,2,9,6,1
201404DF14023,1,9,0,9,0,6,0,0,0,0,1,1,6,1,43,7,1968,2,1,1,1
201404DF14023,2,1,0,18,0,6,0,0,0,0,3,1,6,1,25,5,-1,-1,-1,1,1
201404DF14024,1,9,0,18,0,8,5,0,0,0,4,1,6,2,21,5,1461,2,1,1,1
201404DF14024,2,8,0,18,0,8,0,0,0,0,1,1,1,1,37,7,1997,2,10,1,1
201404DF14025,1,1,0,18,0,0,0,4,0,0,1,1,6,3,-1,-1,-1,-1,-1,-1,-1
201404DF14026,1,9,0,18,0,8,0,0,1,0,1,1,6,1,18,4,1242,1,8,10,1
201404DF14026,2,9,0,18,0,8,0,0,0,0,1,1,6,2,34,6,1905,2,17,3,1
201404DF14027,1,9,0,7,0,2,0,10,1,10,1,1,6,2,31,6,1598,1,5,9,1
201404DF14028,1,9,0,18,0,8,0,0,0,0,1,1,6,3,-1,-1,-1,-1,-1,-1,-1
201404DF14029,1,9,0,18,0,1,0,0,0,0,1,1,2,2,32,6,1149,1,7,3,1
201404DF14030,1,9,0,18,0,1,0,0,0,0,0,1,6,2,59,9,996,1,4,8,1
201404DF14031,1,9,0,18,0,1,0,0,0,0,1,1,3,2,38,7,1398,2,10,2,1
201404DF14032,1,9,0,18,0,1,0,0,0,0,1,1,6,1,32,6,2685,2,9,4,1
201404DF14032,2,9,0,18,0,1,0,0,0,0,2,1,6,1,31,6,1896,2,9,8,3
201404DF14033,1,9,0,9,0,1,0,0,0,0,1,1,6,2,51,8,1198,1,12,1,1
201404DF14033,2,9,0,18,0,1,0,0,0,0,2,1,6,1,33,6,1398,1,-1,1,1
201404DF14034,1,9,0,5,0,0,0,0,0,0,1,1,3,2,33,6,1086,1,10,4,1
201404DF14034,2,9,0,18,0,0,0,0,0,0,4,1,6,1,22,5,1497,8,6,4,1
201404DF14035,1,9,0,18,0,0,0,0,0,0,1,1,1,1,32,6,1995,2,9,10,1
201404DF14035,2,9,0,3,0,0,0,0,0,0,2,1,6,2,28,6,1896,2,10,4,1
201404DF14035,3,9,0,3,0,0,0,0,0,0,2,1,6,1,54,8,1686,2,3,1,1
201404DF14036,1,9,0,18,0,1,0,0,0,0,1,1,6,1,20,4,1968,2,4,1,1
201404DF14036,2,9,0,3,0,1,0,0,0,0,2,1,6,2,51,8,1229,1,5,5,1
201404DF14037,1,9,0,9,0,2,0,0,0,0,3,1,3,2,46,8,1997,2,4,10,1
201404DF14038,1,9,0,18,0,0,0,0,1,0,1,1,6,2,81,11,1396,1,13,5,1
201404DF14038,2,9,0,3,0,0,0,0,0,0,2,1,6,1,74,10,2987,2,8,7,3
201404DF14039,1,9,0,18,0,8,1,0,1,0,3,1,6,1,24,5,1995,2,9,1,1
201404DF14039,2,9,0,7,0,8,0,0,3,0,4,1,6,1,53,8,1560,2,2,-1,-1
201404DF14040,1,9,0,18,0,2,0,0,0,0,4,1,6,2,35,6,1796,1,4,2,1
201404DF14042,1,9,0,9,0,6,0,0,0,0,3,1,1,1,65,9,1461,2,4,5,1
201404DF14042,2,1,0,18,0,8,0,0,0,0,0,1,1,1,31,6,-1,-1,-1,9,1
201404DF14043,1,9,0,18,0,1,1,0,0,0,1,1,6,1,24,5,1124,1,10,5,1
201404DF14043,2,9,0,10,0,1,0,0,0,0,2,1,6,1,41,7,1956,2,2,8,3
201404DF14044,1,9,0,3,0,0,0,0,0,0,1,1,6,1,52,8,1850,1,12,2,1
201404DF14044,2,9,0,3,0,0,0,0,0,0,2,1,6,1,30,6,1896,2,12,3,1
201404DF14045,1,9,0,18,0,0,0,0,0,0,1,1,6,3,-1,-1,-1,-1,-1,-1,-1
201404DF14045,2,9,0,3,0,0,0,0,0,0,2,1,6,1,69,10,1998,1,7,9,1
201404DF14046,1,9,0,18,0,0,0,0,0,10,1,1,6,3,-1,-1,1590,1,9,-1,-1
201404DF14046,2,1,0,18,0,0,0,0,0,0,1,1,6,1,53,8,-1,-1,-1,6,1
201404DF14047,1,9,0,9,0,8,0,0,0,0,1,1,6,2,47,8,1984,1,12,6,1
201404DF14047,2,9,0,18,0,8,0,0,0,0,1,1,6,2,53,8,1910,2,12,8,1
201404DF14048,1,19,0,18,0,0,0,0,0,0,1,1,1,1,32,6,2402,2,5,1,1
201404DF14048,2,9,0,3,0,0,0,0,0,0,2,1,6,1,67,10,1598,1,1,1,1
201404DF14048,3,9,0,3,0,0,0,0,0,0,2,1,6,2,40,7,1596,1,8,1,1
201404DF14048,4,9,0,3,0,0,0,0,0,0,2,1,6,1,49,8,1968,2,2,7,1
201404DF14049,1,9,0,4,0,1,0,0,0,0,1,1,6,2,41,7,1868,2,14,2,1
201404DF14049,2,9,0,3,0,1,0,0,0,0,2,1,6,2,24,5,1598,2,2,3,1
201404DF14050,1,8,0,18,0,8,0,0,0,0,1,1,1,1,39,7,-1,-1,-1,1,1
201404DF14050,2,9,0,3,0,8,0,0,0,0,2,1,6,1,37,7,3199,1,10,-1,-1
201404DF14051,1,9,0,18,0,8,0,0,0,0,1,1,6,2,40,7,1597,1,4,10,1
201404DF14051,2,9,0,18,0,8,0,0,0,0,4,1,6,1,79,11,1596,1,11,1,1
201404DF14051,3,9,0,18,0,8,0,0,0,0,3,1,1,1,32,6,-1,-1,-1,-1,-1
201404DF14052,1,9,0,9,0,5,0,0,0,0,1,1,3,2,41,7,1388,1,12,7,1
201404DF14052,2,9,0,18,0,8,0,0,1,0,3,1,1,1,44,7,-1,-1,-1,1,1
201404DF14053,1,9,0,18,0,8,1,0,0,0,1,1,2,1,26,6,1598,1,11,7,1
201404DF14053,2,9,0,4,0,5,0,0,0,0,2,1,6,2,40,7,1360,1,12,1,1
201404DF14054,1,9,0,18,0,1,0,0,0,0,1,1,6,3,-1,-1,-1,-1,-1,-1,-1
201404DF14054,2,1,0,18,9,1,0,0,0,0,3,1,6,2,35,6,-1,-1,-1,9,1