Accident_Index,Vehicle_Reference,Vehicle_Type,Towing_and_Articulation,Vehicle_Manoeuvre,Vehicle_Location-Restricted_Lane,Junction_Location,Skidding_and_Overturning,Hit_Object_in_Carriageway,Vehicle_Leaving_Carriageway,Hit_Object_off_Carriageway,1st_Point_of_Impact,Was_Vehicle_Left_Hand_Drive?,Journey_Purpose_of_Driver,Sex_of_Driver,Age_of_Driver,Age_Band_of_Driver,Engine_Capacity_(CC),Propulsion_Code,Age_of_Vehicle,Driver_IMD_Decile,Driver_Home_Area_Type
201404DF14055,1,1,0,16,0,0,5,0,0,0,0,1,6,1,33,6,-1,-1,-1,1,1
201404DF14056,1,9,0,4,0,8,0,0,0,0,1,1,6,1,25,5,1596,1,12,6,1
201404DF14056,2,9,0,4,0,8,0,0,0,0,2,1,6,1,45,7,1797,8,3,7,2
201404DF14057,1,9,0,14,0,2,0,0,0,0,1,1,6,2,18,4,998,1,13,2,1
201404DF14058,1,9,0,3,0,1,0,0,0,0,0,1,6,2,32,6,1587,1,9,-1,1
201404DF14058,2,9,0,14,0,1,0,0,0,0,1,1,6,1,36,7,-1,-1,-1,8,3
201404DF14059,1,9,0,7,0,2,0,0,0,0,1,1,6,1,27,6,1396,1,11,-1,-1
201404DF14059,2,3,0,18,0,1,0,0,0,0,1,1,6,1,19,4,124,1,6,-1,-1
201404DF14060,1,20,0,18,0,0,0,0,0,0,1,1,1,1,41,7,3920,2,6,8,1
201404DF14061,1,9,0,9,0,8,0,0,0,0,3,1,6,2,60,9,1086,1,6,4,1
201404DF14061,2,9,0,18,0,8,0,0,0,0,1,1,6,1,69,10,1799,1,18,4,1
201404DF14062,1,9,0,18,0,4,0,0,1,1,1,1,6,1,17,4,1229,1,7,5,1
201404DF14062,2,9,0,18,0,4,0,0,0,0,2,1,6,2,52,8,2982,2,6,10,2
201404DF14063,1,9,0,5,0,6,0,0,1,9,1,1,1,1,46,8,-1,-1,-1,8,2
201404DF14063,2,9,0,16,0,1,1,0,7,9,3,1,2,1,30,6,1968,2,7,9,2
201404DF14064,1,1,0,18,0,0,0,0,0,0,1,1,6,3,-1,-1,-1,-1,-1,-1,-1
201404DF14065,1,19,0,18,0,8,0,0,0,0,1,1,6,1,42,7,1753,2,10,2,1
201404DF14065,2,9,0,18,0,8,0,0,7,4,4,1,1,1,69,10,1388,1,10,2,1
201404DF14066,1,9,0,9,0,1,0,0,0,0,1,1,6,1,72,10,998,1,11,1,1
201404DF14066,2,9,0,18,0,1,0,0,0,0,1,1,2,2,41,7,1197,1,4,5,1
201404DF14067,1,9,0,17,0,8,0,0,0,0,1,1,6,2,31,6,1796,1,14,1,1
201404DF14067,2,9,0,17,0,1,0,0,0,0,1,1,2,2,57,9,1596,1,6,2,1
201404DF14068,1,9,0,18,0,0,0,0,0,0,4,1,6,1,71,10,1560,2,3,1,1
201404DF14069,1,19,0,18,0,0,1,11,0,0,1,1,6,1,32,6,1753,2,8,5,1
201404DF14070,1,9,0,18,0,1,0,0,0,0,1,1,6,1,70,10,-1,-1,-1,1,1
201404DF14070,2,9,0,18,0,1,0,0,0,0,4,1,1,1,47,8,1997,2,2,4,1
201404DF14071,1,9,0,5,0,1,0,0,0,0,1,1,6,2,40,7,1582,2,1,1,1
201404DF14071,2,9,0,9,0,8,0,0,0,0,3,1,6,2,41,7,1598,1,5,10,1
201404DF14072,1,9,0,18,0,1,0,0,0,0,1,1,1,1,30,6,-1,-1,-1,2,1
201404DF14072,2,1,0,18,0,8,0,0,0,0,4,1,6,2,40,7,-1,-1,-1,1,1
201404DF14073,1,9,0,9,0,6,0,0,0,0,1,1,6,1,80,11,1900,2,9,9,1
201404DF14073,2,9,0,18,0,8,0,0,0,0,2,1,6,1,50,8,2499,2,13,4,1
201404DF14074,1,9,0,7,0,1,0,0,0,0,1,1,6,3,-1,-1,-1,-1,-1,-1,-1
201404DF14075,1,9,0,13,0,8,1,0,7,10,1,1,6,1,22,5,1995,1,6,2,1
201404DF14075,2,9,0,9,0,8,0,0,0,0,1,1,6,1,17,4,1229,1,7,9,1
201404DF14077,1,19,0,18,0,2,0,0,0,0,3,1,6,3,-1,-1,-1,-1,-1,-1,-1
201404DF14077,2,1,0,18,0,1,0,0,0,0,1,1,6,1,31,6,-1,-1,-1,1,1
201404DF14078,1,9,0,7,0,6,0,0,0,0,1,1,1,1,44,7,2199,2,4,3,1
201404DF14078,2,1,0,18,0,8,0,0,0,0,4,1,2,1,61,9,-1,-1,-1,8,1
201404DF14079,1,8,0,18,0,0,0,0,0,10,0,1,1,1,50,8,1896,2,5,1,1
201404DF14080,1,9,0,5,0,3,0,0,0,0,1,1,1,1,36,7,-1,-1,-1,4,1
201404DF14080,2,1,0,18,0,5,0,0,0,0,2,1,1,1,25,5,-1,-1,-1,1,1
201404DF14081,1,9,0,18,0,1,0,0,0,0,1,2,6,3,-1,-1,-1,-1,-1,-1,-1
201404DF14081,2,1,0,3,0,1,0,0,0,0,2,1,1,1,35,6,-1,-1,-1,2,1
201404DF14082,1,9,0,1,0,0,0,0,0,0,2,1,2,1,24,5,-1,-1,-1,2,1
201404DF14082,2,9,0,2,0,0,0,0,0,0,1,1,6,3,-1,-1,-1,-1,-1,-1,-1
201404DF14083,1,9,0,9,0,1,0,0,0,0,4,1,6,2,22,5,1997,2,9,1,1
201404DF14083,2,5,0,18,0,1,2,0,0,0,1,1,2,1,30,6,600,1,14,1,1
201404DF14084,1,9,0,9,0,1,0,0,0,0,1,1,6,2,21,5,1242,1,-1,-1,-1
201404DF14084,2,9,0,18,0,1,0,0,0,0,1,1,1,1,58,9,1895,1,15,2,1
201404DF14084,3,9,0,10,0,1,0,0,0,0,1,1,6,1,54,8,1388,1,10,-1,-1
201404DF14085,1,8,0,5,0,0,0,4,0,0,3,1,1,2,54,8,-1,-1,-1,8,1
201404DF14085,2,11,0,2,0,0,0,0,0,0,4,1,1,1,54,8,4580,2,5,1,1
201404DF14086,1,9,0,4,0,0,0,0,0,0,1,1,6,2,34,6,1229,1,8,3,1
201404DF14086,2,9,0,4,0,0,0,0,0,0,2,1,6,2,54,8,1388,1,6,4,1
201404DF14087,1,1,0,18,0,1,0,0,0,0,3,1,2,2,50,8,-1,-1,-1,9,1
201404DF14087,2,9,0,4,0,1,0,0,0,0,1,1,6,1,27,6,1598,1,7,9,1
201404DF14088,1,9,0,18,0,8,0,0,0,0,1,1,6,1,84,11,2496,1,12,9,3
201404DF14088,2,9,0,18,0,8,0,0,1,10,4,1,6,2,50,8,1229,1,3,8,3
201404DF14089,1,9,0,18,0,0,5,0,7,4,1,1,6,1,20,4,1198,1,2,-1,-1
201404DF14090,1,9,0,18,0,8,0,0,7,10,1,1,6,2,31,6,1598,1,4,9,2
201404DF14090,2,9,0,9,0,6,0,0,0,0,0,1,6,1,40,7,2496,2,9,8,1
201404DF14091,1,9,0,4,0,1,0,0,0,0,1,1,6,1,18,4,1198,1,11,9,1
201404DF14091,2,9,0,2,0,1,0,0,0,0,2,1,6,1,29,6,1242,1,4,7,1
201404DF14092,1,9,0,5,0,4,0,0,0,0,1,1,6,2,77,11,2776,2,9,3,1
201404DF14092,2,1,0,9,0,3,5,0,0,0,2,1,6,1,50,8,-1,-1,-1,1,1
201404DF14093,1,9,0,18,0,0,1,0,0,0,1,1,6,2,44,7,1995,2,6,6,1
201404DF14093,2,1,0,18,0,0,0,0,0,0,2,1,6,1,10,2,-1,-1,-1,2,1
201404DF14094,1,9,0,5,0,1,0,0,0,0,1,1,6,2,27,6,1995,2,3,5,1
201404DF14094,2,9,0,10,0,1,0,0,0,0,2,1,6,2,35,6,1242,1,13,3,1
201404DF14095,1,9,0,18,0,1,0,0,0,0,1,1,6,1,25,5,1686,2,9,6,1
201404DF14095,2,9,0,9,0,1,0,0,0,0,2,1,6,2,38,7,1242,1,10,8,3
201404DF14096,1,9,0,5,0,8,0,0,0,0,3,1,6,1,44,7,2498,1,14,5,1
201404DF14096,2,1,0,4,0,8,0,0,0,0,1,1,6,1,36,7,-1,-1,-1,4,1
201404DF14097,1,9,0,4,7,1,0,0,0,0,0,1,6,1,-1,-1,-1,-1,-1,-1,-1
201404DF14097,2,1,0,18,0,1,0,0,0,0,0,1,6,1,34,6,-1,-1,-1,3,1
201404DF14098,1,19,0,17,0,8,1,0,1,10,1,1,2,1,19,4,1560,2,7,5,3
201404DF14098,2,9,0,16,0,8,1,0,0,0,1,1,2,2,53,8,1360,1,11,8,3
201404DF14099,1,9,0,18,0,1,1,0,0,0,1,1,6,1,20,4,999,1,14,-1,-1
201404DF14099,2,9,0,3,0,1,0,0,0,0,2,1,6,2,41,7,1339,1,2,8,3
201404DF14100,1,9,0,18,0,8,0,0,0,0,1,1,6,2,28,6,1998,1,10,8,3
201404DF14100,2,9,0,3,0,8,0,0,0,0,2,1,6,2,24,5,998,1,10,8,3
201404DF14101,1,1,0,9,0,1,0,0,0,0,4,1,6,1,21,5,-1,-1,-1,-1,-1
201404DF14101,2,9,0,18,0,1,0,0,0,0,1,1,6,3,-1,-1,-1,-1,-1,-1,-1
201404DF14102,1,9,0,3,0,0,0,4,0,0,1,1,6,2,19,4,1242,1,13,5,3
201404DF14102,2,9,0,7,0,0,0,0,0,0,2,1,1,1,28,6,1998,1,1,-1,-1
201404DF14103,1,9,0,15,0,0,0,0,0,0,3,1,6,2,41,7,1895,1,12,8,1
201404DF14103,2,1,0,18,0,0,0,0,0,0,4,1,2,1,42,7,-1,-1,-1,10,1
201404DF14104,1,9,0,9,0,8,0,0,0,0,1,1,2,1,25,5,1910,2,7,-1,-1
201404DF14104,2,8,0,18,0,8,0,0,0,0,4,1,1,1,49,8,1896,2,7,-1,-1
201404DF14105,1,1,0,4,0,1,0,0,0,0,2,1,2,2,44,7,-1,-1,-1,5,3
201404DF14105,2,9,0,4,0,1,0,0,0,0,1,1,6,3,63,9,-1,-1,-1,-1,-1
201404DF14106,1,9,0,18,0,0,1,0,8,2,1,1,2,1,52,8,1360,1,10,1,1
201404DF14107,1,9,0,7,0,5,0,0,7,1,3,1,6,1,54,8,1796,1,11,5,1
201404DF14108,1,9,0,4,0,1,0,0,0,0,1,1,6,3,-1,-1,-1,-1,-1,-1,-1
201404DF14109,1,9,0,18,0,2,1,0,1,2,1,2,2,1,20,4,1242,1,-1,5,3
201404DF14110,1,5,0,18,0,3,1,0,0,0,4,1,6,1,42,7,670,1,-1,2,1
201404DF14111,1,9,0,5,0,8,0,0,0,0,1,1,6,1,20,4,1398,2,2,5,1
201404DF14111,2,9,0,18,0,8,0,0,0,0,4,1,6,2,28,6,998,1,3,-1,-1
201404DF14111,3,9,0,10,0,1,0,0,0,0,0,1,6,3,-1,-1,-1,-1,-1,-1,-1
201404DF14112,1,19,0,12,0,2,0,0,0,0,3,1,6,3,-1,-1,2198,2,8,-1,-1
201404DF14112,2,3,0,18,0,2,0,0,0,0,2,1,6,1,25,5,124,1,2,-1,1
201404DF14113,1,9,0,4,0,1,0,0,0,0,1,1,6,2,33,6,1587,1,9,5,1
201404DF14113,2,9,0,4,0,1,0,0,0,0,2,1,6,1,18,4,1248,2,2,9,1
201404DF14113,3,9,0,3,0,1,0,0,0,0,2,1,6,1,33,6,1968,2,6,3,1
201404DF14114,1,9,0,9,0,5,0,0,0,0,1,1,1,1,26,6,1396,2,1,1,1
201404DF14114,2,1,0,18,0,8,0,0,0,0,1,1,1,1,20,4,-1,-1,-1,4,1
201404DF14115,1,9,0,18,0,0,0,0,0,0,1,1,6,1,45,7,1598,2,3,-1,-1
201404DF14115,2,9,0,4,0,0,0,0,0,0,2,1,6,1,52,8,1388,1,10,8,3
201404DF14116,1,8,0,5,0,0,0,0,0,0,0,1,1,1,46,8,1794,1,8,1,1
201404DF14117,1,1,0,18,0,0,0,0,0,0,3,1,6,1,5,1,-1,-1,-1,2,1
201404DF14117,2,9,0,15,0,0,0,0,0,0,1,1,1,1,46,8,-1,-1,-1,4,1
201404DF14118,1,90,0,3,0,1,0,0,0,0,2,1,1,1,52,8,-1,-1,-1,5,1
201404DF14118,2,9,0,9,0,1,0,0,0,0,4,1,6,2,28,6,1595,1,-1,1,1
201404DF14119,1,8,0,9,0,5,0,0,0,0,1,1,6,1,-1,-1,-1,-1,-1,-1,-1
201404DF14120,1,9,0,16,0,0,1,0,1,0,3,1,2,1,17,4,1229,1,4,8,3
201404DF14120,2,9,0,17,0,0,1,0,0,10,3,1,2,2,31,6,-1,-1,-1,8,3
201404DF14121,1,9,0,18,0,0,0,0,0,0,1,1,6,3,-1,-1,-1,-1,-1,-1,-1
201404DF14122,1,9,0,18,0,3,0,0,0,0,4,1,6,1,65,9,2771,2,15,6,2
201404DF14123,1,90,0,17,0,1,0,0,0,0,1,1,6,1,29,6,-1,-1,-1,1,1
201404DF14123,2,9,0,17,0,1,0,0,0,0,2,1,6,2,25,5,973,1,14,1,1
201404DF14124,1,90,0,18,0,1,0,0,0,0,3,1,6,1,7,2,-1,-1,-1,5,1
201404DF14124,2,9,0,18,0,1,0,0,0,0,1,1,6,1,22,5,1968,2,4,5,1
201404DF14125,1,1,0,18,0,8,0,0,7,0,1,1,6,1,14,3,-1,-1,-1,1,1
201404DF14125,2,9,0,18,0,8,0,0,0,0,1,1,6,1,40,7,2497,2,13,-1,-1
201404DF14126,1,9,0,18,0,0,0,0,0,0,3,1,2,1,47,8,1598,1,7,-1,-1
201404DF14127,1,90,0,2,0,0,0,4,0,0,3,1,6,1,34,6,-1,-1,-1,8,1
201404DF14127,2,1,0,18,0,0,5,0,0,0,1,1,6,1,26,6,-1,-1,-1,1,1
201404DF14128,1,9,0,9,0,8,0,0,0,0,4,1,6,2,48,8,2199,2,2,7,1
201404DF14128,2,9,0,18,0,8,1,0,0,0,1,1,6,2,20,4,998,1,3,3,1
201404DF14129,1,21,1,12,0,0,0,2,2,7,1,1,1,1,43,7,-1,-1,-1,-1,-1
201404DF14129,2,9,0,18,0,0,0,0,2,7,4,1,6,1,55,8,2298,2,16,9,1
201404DF14130,1,9,0,5,0,8,0,0,0,0,4,1,6,1,29,6,998,1,7,2,1
201404DF14130,2,11,0,18,0,8,0,0,0,0,4,1,1,1,40,7,4760,2,1,9,1
201404DF14131,1,9,0,18,0,1,0,0,0,0,4,1,2,1,51,8,1968,2,-1,9,1
201404DF14132,1,9,0,9,0,8,0,0,0,0,1,1,6,1,23,5,1997,2,5,5,1
201404DF14132,2,9,0,9,0,8,0,0,0,0,2,1,6,1,25,5,1896,2,11,6,1
201404DF14132,3,9,0,9,0,2,1,0,0,0,0,1,6,3,-1,-1,-1,-1,-1,-1,-1
201404DF14133,1,3,0,5,0,1,1,0,0,0,4,1,6,1,17,4,124,1,1,5,1
201404DF14133,2,9,0,18,0,1,0,0,0,0,1,1,1,1,55,8,1753,2,4,8,3
201404DF14134,1,1,0,17,0,1,0,0,1,10,1,1,2,1,52,8,-1,-1,-1,9,3
201404DF14135,1,9,0,4,0,4,0,0,0,0,1,1,6,1,49,8,1968,2,1,-1,-1
201404DF14135,2,9,0,3,0,4,0,0,0,0,2,1,2,1,47,8,1598,1,13,2,1
201404DF14136,1,21,0,11,0,8,0,0,0,0,4,1,1,1,40,7,-1,2,9,6,1
201404DF14136,2,9,0,18,0,8,0,0,0,0,3,1,2,2,48,8,1588,1,11,1,1
201404DF14137,1,9,0,9,0,2,0,0,0,0,3,1,2,2,46,8,998,1,14,-1,-1
201404DF14137,2,1,0,18,0,1,0,0,0,0,1,1,2,1,38,7,-1,-1,-1,2,1
201404DF14138,1,9,0,5,9,6,0,0,0,0,4,1,3,2,32,6,1198,1,2,7,2
201404DF14138,2,1,0,18,9,1,0,0,0,0,1,1,4,1,23,5,-1,-1,-1,-1,-1
201404DF14139,1,9,0,16,0,0,0,0,0,0,1,1,6,1,35,6,1598,1,4,3,1
201404DF14139,2,9,0,17,0,0,0,0,1,4,1,1,6,2,31,6,998,1,4,8,3
201404DF14140,1,9,0,5,0,4,0,0,0,0,1,1,6,2,62,9,1461,2,1,8,1
201404DF14140,2,1,0,18,0,8,0,0,0,0,4,1,6,1,39,7,-1,-1,-1,7,1
201404DF14141,1,9,0,5,0,8,0,0,0,0,1,1,6,1,24,5,1586,1,4,9,1
201404DF14141,2,9,0,18,0,8,0,0,0,0,1,1,6,1,28,6,2495,2,19,10,2
201404DF14142,1,9,0,4,0,0,0,0,0,0,1,1,3,2,25,5,1149,1,8,8,3
201404DF14142,2,9,0,4,0,0,0,0,0,0,2,1,3,2,36,7,1390,1,11,1,1
201404DF14143,1,9,0,14,0,1,0,0,0,0,4,1,1,1,49,8,1800,1,14,9,1
201404DF14144,1,9,0,5,0,1,0,0,0,0,4,1,2,1,23,5,1956,2,2,1,1
201404DF14144,2,1,0,18,0,8,0,0,0,0,3,1,2,1,40,7,-1,-1,-1,1,1
201404DF14145,1,9,0,18,0,2,0,0,0,0,1,1,6,2,22,5,1299,1,10,1,1
201404DF14145,2,9,0,4,0,2,0,0,0,0,1,1,6,2,38,7,1995,2,7,6,1
201404DF14146,1,1,0,4,0,0,0,0,0,0,1,1,2,1,24,5,-1,-1,-1,9,1
201404DF14146,2,9,0,4,0,0,0,0,0,0,2,1,1,1,20,4,-1,-1,-1,2,1
201404DL14001,1,9,0,18,0,8,0,0,7,7,1,1,6,2,57,9,1396,1,14,-1,1
201404DL14002,1,9,0,18,0,0,0,0,0,0,1,1,6,2,23,5,-1,-1,-1,7,2
201404DL14002,2,9,0,4,0,0,0,0,0,0,2,1,6,2,53,8,1560,2,1,9,1
201404DL14002,3,11,0,5,0,0,0,0,0,0,2,1,6,1,49,8,4250,2,12,10,1
201404DL14003,1,9,0,18,0,0,0,0,2,4,1,1,1,2,53,8,999,1,-1,8,3
201404DL14004,1,9,0,9,0,5,0,0,0,0,1,1,6,2,20,4,2148,2,6,6,1
201404DL14004,2,9,0,18,0,8,0,0,0,0,1,1,6,2,27,6,1299,1,8,2,1
201404DL14005,1,9,0,8,0,6,0,0,0,0,1,1,6,1,59,9,1910,2,7,10,1
201404DL14005,2,1,0,18,0,1,0,0,0,0,2,1,6,1,42,7,-1,-1,-1,9,1
201404DL14006,1,9,0,18,0,1,0,0,0,0,3,1,1,1,55,8,1149,1,11,2,1
201404DL14006,2,9,0,18,0,1,0,0,7,4,4,1,6,2,35,6,1229,1,5,3,1
201404DL14007,1,19,0,18,0,8,0,0,0,0,1,1,1,2,64,9,1753,2,5,3,1
201404DL14007,2,9,0,10,0,8,0,0,0,0,2,1,6,1,27,6,1798,1,5,8,1
201404DL14008,1,9,0,9,0,2,0,0,0,0,1,1,6,2,40,7,998,1,7,8,1
201404DL14008,2,1,0,18,0,1,0,0,0,0,1,1,1,1,52,8,-1,-1,-1,10,2
201404DL14009,1,9,0,9,0,8,0,0,1,7,1,1,6,1,81,11,998,1,14,3,1
201404DL14010,1,9,0,1,9,6,0,0,0,0,2,1,6,2,49,8,1396,1,10,5,1
201404DL14011,1,1,0,18,0,8,0,0,0,0,1,1,4,1,14,3,-1,-1,-1,3,1
201404DL14011,2,9,0,18,0,8,0,0,0,0,4,1,2,2,31,6,1896,2,13,3,1
201404DL14012,1,9,0,9,0,6,0,0,0,0,0,1,6,1,81,11,1339,1,3,10,1
201404DL14012,2,5,0,18,0,8,1,0,0,0,0,1,6,1,26,6,1137,1,15,2,1
201404DL14013,1,9,5,18,0,0,0,0,0,0,1,1,6,1,65,9,1896,2,15,1,1
201404DL14013,2,9,0,3,0,0,0,0,0,0,2,1,6,1,45,7,1896,2,10,3,1
201404DL14013,3,9,0,3,0,0,0,0,0,0,2,1,6,2,30,6,1390,1,6,5,1
201404DL14014,1,9,0,3,0,1,0,0,0,0,1,1,6,1,-1,-1,-1,-1,-1,-1,-1
201404DL14014,2,9,0,3,0,1,0,0,0,0,2,1,2,2,23,5,1149,1,9,3,1
201404DL14015,1,9,0,4,0,1,0,0,0,0,1,1,6,3,-1,-1,-1,-1,-1,-1,-1
201404DL14016,1,9,0,18,0,1,0,0,0,0,1,1,2,1,47,8,1196,1,20,4,1
201404DL14016,2,9,0,10,0,1,0,0,0,0,2,1,6,1,43,7,1798,1,6,5,1
201404DL14017,1,9,0,18,0,0,0,0,0,0,1,1,6,3,-1,-1,-1,-1,-1,-1,-1
201404DL14018,1,1,0,18,9,1,0,0,0,0,1,1,2,1,20,4,-1,-1,-1,1,1
201404DL14018,2,9,0,7,0,1,0,0,0,0,1,1,2,1,28,6,1596,1,19,1,1
201404DL14019,1,9,0,18,0,8,0,7,0,0,1,1,6,2,24,5,1196,1,19,6,1
201404DL14020,1,11,0,18,0,0,0,0,0,0,4,1,1,1,48,8,4250,2,12,2,1
201404DL14021,1,9,0,9,0,8,0,0,7,10,4,1,6,2,20,4,1299,1,12,8,1
201404DL14021,2,9,0,18,0,8,0,0,0,0,1,1,6,1,31,6,-1,-1,-1,4,1
201404DL14022,1,9,0,9,0,8,0,0,0,0,3,1,6,1,27,6,1995,2,10,2,1
201404DL14022,2,5,0,18,0,8,0,0,0,0,1,1,6,1,24,5,-1,-1,-1,1,1
201404DL14023,1,9,0,18,0,0,0,0,7,0,1,1,3,2,48,8,2231,2,3,10,1
201404DL14023,2,9,0,18,0,0,0,0,1,10,3,1,3,2,41,7,1590,1,8,6,1
201404DL14024,1,3,0,18,0,1,1,0,0,0,1,1,6,1,18,4,124,1,1,5,1
201404DL14024,2,3,0,18,0,1,1,0,0,0,2,1,6,1,19,4,124,1,1,6,1
201404DL14025,1,9,0,4,0,4,0,0,0,0,1,1,6,2,30,6,1995,2,1,7,1
201404DL14025,2,9,0,4,0,4,0,0,0,0,2,1,6,2,59,9,1560,2,1,9,1
201404DL14026,1,9,0,18,0,1,0,0,0,0,4,1,2,2,24,5,1242,1,12,6,2
201404DL14027,1,9,0,9,0,8,0,0,0,0,0,1,6,2,20,4,1199,1,10,6,1
201404DL14027,2,4,0,18,0,8,5,0,0,0,3,1,6,1,44,7,249,1,19,-1,1
201404DL14028,1,9,0,9,0,4,0,0,0,0,1,1,6,2,25,5,1198,1,9,2,1
201404DL14028,2,1,0,18,0,8,0,0,0,0,2,1,6,1,21,5,-1,-1,-1,3,1
201404DL14029,1,9,0,18,0,0,0,0,0,0,1,1,6,2,53,8,2295,1,11,7,1
201404DL14030,1,3,0,18,0,0,0,0,0,0,3,1,6,1,50,8,123,1,24,6,2
201404DL14031,1,3,0,18,0,1,1,0,7,0,1,1,6,1,19,4,124,1,-1,6,1
201404DL14031,2,9,0,10,0,1,0,0,0,0,3,1,6,1,34,6,1796,1,7,8,1
201404DL14032,1,9,0,18,0,0,0,0,0,0,1,1,3,1,42,7,1910,2,7,2,1
201404DL14032,2,9,0,18,0,0,0,0,0,0,2,1,2,3,52,8,998,1,2,10,1
201404DL14032,3,21,0,18,0,0,0,0,0,0,2,1,1,1,48,8,5880,2,5,5,1
201404DL14033,1,9,0,18,0,0,0,0,0,0,3,1,6,3,-1,-1,-1,-1,-1,-1,-1
201404DL14033,2,1,0,18,0,0,0,0,0,0,3,1,4,1,15,3,-1,-1,-1,2,1
201404DL14034,1,9,0,9,0,1,0,0,0,0,4,1,2,2,29,6,1988,1,13,8,1
201404DL14034,2,9,0,18,0,1,0,0,0,0,1,1,2,1,34,6,1798,1,8,9,1
201404DL14035,1,9,0,18,0,1,0,0,0,0,0,1,2,2,57,9,1997,1,8,9,3
201404DL14036,1,9,0,7,0,6,0,0,0,0,1,1,6,2,26,6,1587,1,10,-1,-1
201404DL14036,2,9,0,18,0,1,0,0,0,0,1,1,6,1,39,7,2179,2,11,-1,-1
201404DL14037,1,9,0,18,0,6,0,0,7,10,4,1,6,1,21,5,1149,1,10,4,1
201404DL14037,2,9,0,18,0,1,0,0,1,1,1,1,6,1,20,4,1388,1,4,9,1
201404DL14038,1,9,0,18,0,0,0,4,0,0,1,1,6,2,18,4,998,1,10,-1,-1
201404DL14038,2,19,0,2,0,0,0,0,0,0,2,1,6,1,55,8,2198,2,1,6,1
201404DL14039,1,9,0,5,0,8,0,0,0,0,2,1,6,1,21,5,1149,1,12,10,1
201404DL14039,2,9,0,18,0,8,0,0,0,0,1,1,6,1,35,6,1896,2,12,3,1
201404DL14040,1,1,0,18,0,8,0,0,0,0,1,1,2,1,29,6,-1,-1,-1,2,1
201404DL14040,2,9,0,18,0,8,0,0,0,0,4,1,2,1,53,8,2143,2,2,9,1
201404DL14041,1,9,0,9,0,1,0,0,0,0,1,1,6,2,23,5,1461,2,4,2,1
201404DL14041,2,1,0,18,0,1,0,0,0,0,1,1,6,1,50,8,-1,-1,-1,10,1
201404DL14042,1,9,0,9,0,2,0,0,0,0,1,1,6,2,21,5,-1,-1,-1,-1,-1
201404DL14042,2,9,0,18,0,8,1,4,0,0,4,1,6,1,30,6,1560,2,8,8,1
201404DL14042,3,9,0,2,6,1,1,4,0,0,4,1,6,1,-1,-1,1341,1,14,1,1
201404DL14043,1,9,0,9,0,8,0,0,0,0,1,1,6,2,46,8,1749,1,13,8,1
201404DL14043,2,9,0,18,0,8,0,0,1,10,1,1,6,2,65,9,-1,-1,-1,4,1
201404DL14044,1,9,0,9,0,6,0,0,0,0,1,1,6,1,21,5,998,1,15,7,1
201404DL14044,2,9,0,18,0,6,0,0,0,0,1,1,2,2,29,6,1995,2,3,6,1
201404DL14045,1,9,0,18,0,1,0,0,0,0,1,1,6,2,57,9,1995,2,12,2,1
201404DL14045,2,9,0,4,0,1,0,0,0,0,2,1,6,2,42,7,1242,1,12,5,1
201404DL14046,1,9,0,18,0,1,0,0,0,0,1,1,6,1,57,9,1242,1,10,3,1
201404DL14046,2,9,0,9,0,1,0,0,0,0,2,1,6,1,50,8,1339,8,4,1,1
201404DL14047,1,9,0,9,0,8,0,0,0,0,1,1,6,1,50,8,1590,1,10,9,1
201404DL14047,2,9,0,18,0,8,0,0,0,0,2,1,6,1,35,6,1598,1,7,-1,-1
201404DL14048,1,9,0,9,0,8,0,0,0,0,1,1,1,1,24,5,2987,2,5,3,1
201404DL14048,2,1,0,18,0,8,5,0,0,0,1,1,6,1,25,5,-1,-1,-1,6,1
201404DL14049,1,9,0,6,0,1,0,0,0,0,2,1,1,1,39,7,1995,2,9,3,1
201404DL14050,1,19,0,18,0,8,0,0,0,0,1,1,1,1,45,7,-1,-1,-1,4,1
201404DL14050,2,9,0,18,0,8,0,0,0,0,3,1,6,2,31,6,1968,2,-1,10,1
201404DL14051,1,9,0,18,0,1,0,0,0,0,1,1,6,2,38,7,-1,-1,-1,5,1
201404DL14051,2,9,0,3,0,1,0,0,0,0,2,1,6,2,42,7,1242,1,10,1,1
201404DL14052,1,4,0,18,0,6,0,0,0,0,0,1,6,3,-1,-1,-1,-1,-1,-1,-1
201404DL14053,1,19,0,1,0,0,0,0,0,0,2,1,1,1,63,9,1998,2,11,9,1
201404DL14055,1,19,0,14,0,1,1,0,0,0,1,1,1,1,21,5,2496,2,16,9,3
201404DL14055,2,1,0,18,0,1,5,0,0,0,3,1,1,2,31,6,-1,-1,-1,1,1
201404DL14056,1,9,0,9,0,5,0,0,0,0,4,1,6,2,20,4,998,1,-1,8,1
201404DL14056,2,9,0,18,0,1,0,0,0,0,1,1,6,1,42,7,998,1,7,10,1
201404DL14056,3,9,0,8,0,1,0,0,0,0,3,1,6,1,47,8,1991,1,14,10,1
201404DL14057,1,9,0,18,0,0,0,0,0,0,4,1,6,3,-1,-1,-1,-1,-1,-1,-1
201404DL14057,2,3,0,4,0,0,0,0,1,0,3,1,2,1,20,4,125,1,3,1,1
201404DL14058,1,9,0,4,0,1,0,0,0,0,2,1,6,2,62,9,1598,1,9,5,1
201404DL14058,2,9,0,4,0,1,0,0,0,0,1,1,6,2,30,6,1388,1,8,6,1
201404DL14058,3,9,0,4,0,1,0,0,0,0,1,1,6,2,24,5,1364,1,7,5,1
201404DL14058,4,9,0,18,0,1,0,0,0,0,1,1,6,1,23,5,1596,1,9,5,1
201404DL14059,1,9,0,18,0,1,0,0,0,0,4,1,6,1,38,7,1299,1,10,9,1
201404DL14060,1,20,0,9,0,6,0,0,0,0,0,1,6,2,47,8,5800,2,26,1,1