Accident_Index,Vehicle_Reference,Vehicle_Type,Towing_and_Articulation,Vehicle_Manoeuvre,Vehicle_Location-Restricted_Lane,Junction_Location,Skidding_and_Overturning,Hit_Object_in_Carriageway,Vehicle_Leaving_Carriageway,Hit_Object_off_Carriageway,1st_Point_of_Impact,Was_Vehicle_Left_Hand_Drive?,Journey_Purpose_of_Driver,Sex_of_Driver,Age_of_Driver,Age_Band_of_Driver,Engine_Capacity_(CC),Propulsion_Code,Age_of_Vehicle,Driver_IMD_Decile,Driver_Home_Area_Type
201404DL14060,2,5,0,17,0,8,5,0,1,0,0,1,6,1,49,8,599,1,15,3,1
201404DL14061,1,9,0,4,0,0,0,4,0,0,2,1,6,2,40,7,1783,1,12,1,1
201404DL14061,2,90,0,18,0,0,1,4,0,0,1,1,6,1,38,7,-1,-1,-1,4,1
201404DL14062,1,9,0,18,0,1,0,0,0,0,4,1,6,2,25,5,1000,1,1,3,1
201404DL14062,2,9,0,18,0,1,0,0,0,0,1,1,6,2,84,11,1242,1,10,8,1
201404DL14063,1,9,0,18,0,8,0,0,1,0,3,1,6,2,22,5,1598,2,-1,1,1
201404DL14063,2,9,0,18,0,8,0,0,0,0,1,1,6,1,46,8,1598,2,2,7,1
201404DL14064,1,9,0,18,0,2,0,0,0,0,1,1,6,1,26,6,1398,2,4,5,1
201404DL14065,1,8,0,18,0,8,0,0,0,0,1,1,1,1,40,7,1997,2,8,2,1
201404DL14065,2,9,0,18,0,8,0,0,0,0,3,1,6,1,25,5,1796,1,14,9,1
201404DL14066,1,9,0,7,0,5,0,0,0,0,1,1,6,1,85,11,1591,1,2,8,1
201404DL14066,2,1,0,18,0,1,0,0,0,0,1,1,6,1,58,9,-1,-1,-1,9,1
201404DL14067,1,9,0,7,0,8,0,0,0,0,4,1,6,1,64,9,1998,1,10,3,1
201404DL14067,2,1,0,18,0,8,0,0,0,0,1,1,6,2,61,9,-1,-1,-1,-1,-1
201404DL14068,1,9,0,9,0,8,0,0,0,0,1,1,6,2,21,5,1390,1,11,10,1
201404DL14068,2,9,0,18,0,8,0,0,0,0,3,1,6,2,26,6,1598,1,7,5,1
201404DL14069,1,1,0,18,0,0,0,0,0,0,4,1,6,1,28,6,-1,-1,-1,10,1
201404DL14069,2,9,0,18,0,0,0,0,0,0,1,1,6,2,52,8,1328,1,13,5,1
201404DL14070,1,9,0,6,0,0,0,0,0,0,1,1,6,1,20,4,1596,1,10,9,1
201404DL14070,2,9,0,18,0,0,0,0,0,0,4,1,6,2,24,5,1995,2,3,9,1
201404DL14071,1,9,0,18,0,3,0,0,0,0,3,1,6,2,58,9,1329,1,5,10,1
201404DL14071,2,1,0,18,0,8,0,0,0,0,4,1,6,1,20,4,-1,-1,-1,6,1
201404DL14072,1,9,5,15,0,0,0,0,0,0,1,1,6,3,-1,-1,-1,-1,-1,-1,-1
201404DL14072,2,1,0,18,0,0,0,0,0,0,2,1,6,2,50,8,-1,-1,-1,5,1
201404DL14073,1,9,0,1,0,1,0,0,0,0,2,1,6,3,-1,-1,-1,-1,-1,-1,-1
201404DL14074,1,9,0,4,0,1,0,0,0,0,1,1,1,1,18,4,-1,-1,-1,1,1
201404DL14074,2,9,0,3,0,1,0,0,0,0,2,1,6,2,22,5,1998,2,10,5,1
201404DL14075,1,9,0,1,9,5,0,0,0,0,0,1,1,1,60,9,-1,-1,-1,5,1
201404DL14076,1,9,0,4,0,1,0,0,0,0,1,1,6,1,39,7,1461,2,12,6,1
201404DL14076,2,9,0,3,0,1,0,0,0,0,2,1,3,1,40,7,1995,2,8,5,1
201404DL14077,1,9,0,1,0,2,0,0,0,0,2,1,6,1,49,8,1997,2,12,2,1
201404DL14078,1,9,0,5,0,2,0,0,0,0,1,1,6,2,56,9,1240,1,7,6,1
201404DL14078,2,9,0,18,0,2,0,0,0,0,3,1,2,2,47,8,1299,1,12,6,1
201404DL14078,3,9,0,2,0,1,0,0,0,0,3,1,6,3,-1,-1,2295,1,10,-1,-1
201404DL14079,1,9,0,18,0,1,0,0,0,0,1,1,6,1,84,11,1799,1,16,4,1
201404DL14079,2,9,0,3,0,1,0,0,0,0,2,1,6,1,51,8,2184,2,10,7,3
201404DL14079,3,9,0,3,0,1,0,0,0,0,2,1,6,2,44,7,1997,2,7,10,1
201404DL14080,1,9,0,17,0,0,0,0,0,0,3,1,1,1,48,8,2143,2,1,10,1
201404DL14080,2,9,0,16,0,0,0,0,0,0,3,1,1,1,39,7,-1,-1,-1,8,3
201404DL14081,1,9,0,18,0,0,0,0,0,0,1,1,1,1,25,5,1910,2,8,2,1
201404DL14081,2,9,0,3,0,0,0,0,0,0,2,1,6,1,65,9,1386,1,5,4,1
201404DL14081,3,9,0,3,0,0,0,0,0,0,2,1,1,1,40,7,1956,2,3,5,1
201404DL14082,1,9,0,9,0,0,0,0,0,0,3,1,6,2,26,6,1596,1,13,7,3
201404DL14082,2,4,0,14,0,0,0,0,0,0,1,1,6,1,63,9,499,1,9,2,1
201404DL14083,1,8,0,17,0,0,1,0,0,0,1,1,1,1,41,7,2231,2,8,7,1
201404DL14084,1,9,0,14,0,8,0,0,0,0,1,1,6,2,45,7,2499,2,10,10,1
201404DL14084,2,9,0,9,0,8,0,0,0,0,1,1,6,2,46,8,1600,1,13,3,1
201404DL14085,1,9,0,17,0,0,0,0,0,0,1,1,6,1,58,9,-1,-1,-1,5,1
201404DL14086,1,9,0,9,0,0,0,0,0,0,1,1,2,2,67,10,1995,2,6,8,1
201404DL14086,2,9,0,18,0,0,0,0,0,0,1,1,6,2,17,4,1399,2,3,5,1
201404DR14001,1,9,0,5,0,0,0,0,0,0,1,1,6,1,35,6,1896,2,7,-1,3
201404EA14001,1,9,0,1,0,1,0,0,0,0,2,1,6,1,45,7,1242,1,1,1,1
201404EA14001,2,9,0,2,0,1,0,0,0,0,2,1,6,1,31,6,1560,2,7,2,1
201404EA14002,1,9,0,18,0,0,0,0,0,0,1,1,6,3,-1,-1,1598,1,4,-1,-1
201404EA14002,2,9,0,2,0,0,0,0,0,0,2,1,6,3,-1,-1,1998,2,12,-1,-1
201404EA14002,3,9,0,2,0,0,0,0,0,0,1,1,6,3,-1,-1,1968,2,7,-1,-1
201404EA14003,1,3,0,18,0,1,1,0,0,0,1,1,6,1,17,4,124,1,4,-1,-1
201404EA14003,2,9,0,9,0,1,0,0,0,0,3,1,6,1,20,4,1560,2,5,1,1
201404EA14004,1,4,0,18,0,1,0,12,0,0,1,1,6,1,21,5,249,1,34,3,1
201404EA14005,1,9,0,7,0,1,0,0,0,4,4,1,6,1,57,9,1598,1,13,2,1
201404EA14006,1,9,0,17,0,0,1,0,1,4,1,1,6,1,24,5,1596,1,13,-1,-1
201404EA14007,1,9,0,5,0,0,0,0,0,0,3,1,6,1,26,6,1349,1,3,1,1
201404EA14007,2,5,0,18,0,0,0,0,0,0,1,1,6,1,46,8,1050,1,1,5,1
201404EA14008,1,9,0,5,0,3,0,11,0,0,1,1,6,1,57,9,1600,1,10,2,1
201404EA14009,1,9,0,1,0,0,0,0,0,0,2,1,1,1,42,7,3628,2,4,8,1
201404EA14010,1,9,0,18,0,0,0,0,0,0,1,1,6,2,27,6,998,1,2,7,1
201404EA14010,2,9,0,18,0,0,0,0,0,0,2,1,6,1,27,6,1686,2,8,2,1
201404EA14010,3,9,0,4,0,0,0,0,0,0,2,1,2,1,33,6,1587,1,11,1,1
201404EA14010,4,9,0,18,0,0,0,0,0,0,2,1,6,1,39,7,2497,2,9,3,1
201404EA14011,1,9,0,4,0,2,0,0,0,0,1,1,6,2,57,9,1461,2,2,4,1
201404EA14011,2,9,0,2,0,2,0,0,0,0,2,1,6,2,63,9,1560,2,2,8,1
201404EA14012,1,9,0,17,0,0,1,0,1,4,1,1,6,1,25,5,1896,2,7,2,1
201404EA14012,2,9,0,16,0,0,0,0,1,10,1,1,6,1,55,8,1582,2,3,8,1
201404EA14013,1,9,0,18,0,1,0,0,0,0,3,1,6,1,30,6,2231,2,6,2,1
201404EA14014,1,8,0,18,0,1,0,0,0,0,1,1,6,1,42,7,-1,-1,-1,8,1
201404EA14014,2,9,0,3,0,2,0,0,0,0,2,1,6,1,31,6,1995,2,8,4,1
201404EA14014,3,9,0,10,0,2,0,0,0,0,3,1,6,1,24,5,1398,1,13,1,1
201404EA14015,1,9,0,16,0,0,5,0,2,10,1,1,6,2,23,5,1360,1,6,10,1
201404EA14016,1,9,0,9,0,5,0,0,0,0,1,1,6,1,53,8,-1,-1,-1,1,1
201404EA14016,2,5,0,3,0,1,0,0,0,0,1,1,6,1,26,6,599,1,3,3,1
201404EA14017,1,9,0,10,0,1,0,0,0,0,0,1,6,1,19,4,1124,1,12,3,1
201404EA14017,2,9,0,18,0,1,0,0,0,0,1,1,6,1,37,7,1910,2,7,1,1
201404EA14018,1,9,0,18,0,0,0,0,1,10,1,1,6,1,61,9,2926,2,12,2,1
201404EA14021,1,9,0,5,0,6,0,0,0,0,1,1,6,2,51,8,1796,1,11,3,1
201404EA14021,2,1,0,18,0,8,0,0,0,0,1,1,2,1,30,6,-1,-1,-1,2,1
201404EA14022,1,9,0,9,0,8,0,0,0,0,1,1,6,1,26,6,1968,2,8,1,1
201404EA14022,2,9,0,18,8,8,0,0,0,0,1,1,6,1,49,8,2143,2,2,8,1
201404EA14022,3,9,0,2,0,8,0,0,0,0,2,1,6,3,-1,-1,1910,2,6,-1,-1
201404EA14022,4,9,0,2,0,8,0,0,0,0,2,1,6,3,-1,-1,1850,1,15,-1,-1
201404EA14023,1,9,0,16,0,0,2,10,1,10,4,1,6,1,19,4,1124,1,10,7,1
201404EA14024,1,9,0,18,0,8,0,0,0,0,4,1,2,2,35,6,1596,1,10,4,1
201404EA14024,2,9,0,18,0,8,0,0,0,0,1,1,6,1,66,10,-1,-1,-1,2,1
201404EA14025,1,9,0,18,0,2,0,0,2,2,4,1,6,2,62,9,1242,1,3,8,1
201404EA14025,2,9,0,18,0,1,0,0,0,0,1,1,6,2,32,6,1968,2,9,1,1
201404EA14026,1,9,0,18,0,0,0,0,0,0,1,1,6,2,37,7,1242,1,10,7,1
201404EA14026,2,9,0,2,0,0,0,0,0,0,1,1,6,3,-1,-1,2926,2,11,-1,-1
201404EA14027,1,8,0,5,0,0,0,0,0,0,0,1,1,1,69,10,1997,2,12,2,1
201404EA14027,2,5,0,14,0,0,1,0,0,0,0,1,2,1,27,6,-1,-1,-1,4,1
201404EA14028,1,9,0,9,0,3,0,0,0,0,3,1,6,1,40,7,1598,1,12,2,1
201404EA14028,2,9,0,18,0,4,0,0,0,0,1,1,6,1,25,5,1598,1,9,9,1
201404EA14029,1,9,0,18,0,0,0,0,0,0,1,1,6,2,42,7,1242,1,11,6,1
201404EA14030,1,9,0,18,0,1,0,0,7,2,1,1,2,1,59,9,1198,1,1,6,1
201404EA14031,1,9,0,18,0,6,0,0,0,0,3,1,6,1,43,7,1997,2,12,1,1
201404EA14031,2,1,0,18,0,1,0,0,0,10,1,1,1,1,52,8,-1,-1,-1,8,1
201404EA14032,1,11,0,18,2,0,0,0,0,0,2,1,6,1,54,8,7300,2,7,3,1
201404EA14033,1,9,0,18,0,0,0,0,0,0,3,1,1,2,53,8,-1,-1,-1,-1,-1
201404EA14034,1,9,0,18,0,0,0,0,0,0,1,1,6,1,50,8,2143,2,2,7,1
201404EA14035,1,9,0,5,0,1,0,0,0,0,1,1,6,1,22,5,1388,1,12,1,1
201404EA14035,2,9,0,18,0,1,0,0,0,0,3,1,6,1,57,9,1796,7,10,1,1
201404EA14035,3,9,0,2,0,2,0,0,0,0,2,1,6,3,-1,-1,1896,2,12,-1,-1
201404EA14036,1,11,0,18,0,4,0,0,0,0,1,1,1,1,36,7,-1,-1,-1,2,1
201404EA14036,2,19,0,9,0,6,0,0,0,0,3,1,6,1,59,9,2143,2,2,3,1
201404EA14037,1,9,0,18,0,1,0,0,0,0,1,1,6,3,-1,-1,-1,-1,-1,-1,-1
201404EA14038,1,9,0,18,0,4,0,0,0,0,0,1,6,3,-1,-1,-1,-1,-1,-1,-1
201404EA14038,2,9,0,18,0,8,0,0,0,0,2,1,6,2,44,7,1461,2,3,7,1
201404EA14038,3,9,0,18,0,8,0,0,0,0,1,1,6,1,44,7,1956,2,2,3,1
201404EA14039,1,9,0,4,9,0,0,0,0,0,1,1,6,3,-1,-1,-1,-1,-1,-1,-1
201404EA14040,1,9,0,18,0,0,2,0,1,10,1,1,6,1,57,9,-1,-1,-1,1,1
201404EA14041,1,9,0,1,9,6,0,0,0,0,4,1,6,1,58,9,2494,1,13,1,1
201404EA14042,1,9,0,7,0,5,0,0,0,0,4,1,6,2,37,7,1399,2,10,2,1
201404EA14043,1,5,0,18,0,0,0,0,0,0,3,1,6,3,-1,-1,-1,-1,-1,-1,-1
201404EA14044,1,9,0,18,0,8,0,0,2,1,1,1,6,1,58,9,1598,1,4,10,1
201404EA14044,2,9,0,18,0,8,0,0,0,0,2,1,6,2,52,8,2616,1,6,9,3
201404EA14045,1,8,0,18,0,0,0,0,0,0,0,1,6,3,-1,-1,-1,-1,-1,-1,-1
201404EA14046,1,9,0,16,0,0,0,0,0,0,0,1,6,3,-1,-1,-1,-1,-1,-1,-1
201404EA14046,2,9,0,17,0,0,0,0,7,10,0,1,2,1,21,5,1995,1,7,1,1
201404EA14047,1,9,0,17,0,8,0,0,1,10,1,1,6,1,75,10,1349,1,2,1,1
201404EA14048,1,9,0,4,0,6,0,0,0,0,1,1,2,1,58,9,-1,-1,-1,1,1
201404EA14048,2,9,0,18,0,8,0,0,0,0,4,1,3,2,33,6,1598,1,5,1,1
201404EA14049,1,9,0,18,0,1,0,4,0,0,1,1,6,1,-1,-1,1997,2,13,-1,-1
201404EA14049,2,9,0,10,0,1,0,0,0,0,0,1,6,1,31,6,1968,2,7,7,1
201404EA14050,1,9,0,18,0,4,0,0,0,0,2,1,6,2,38,7,1296,1,15,8,1
201404EA14050,2,19,0,18,4,4,0,0,0,0,1,1,6,1,36,7,1753,2,8,8,2
201404EA14051,1,9,0,18,0,8,0,0,0,0,1,1,6,1,41,7,-1,-1,-1,2,1
201404EA14051,2,9,0,18,0,8,0,0,0,0,1,1,3,2,34,6,2000,2,10,2,1
201404EA14052,1,9,0,18,0,1,1,0,0,0,1,1,6,1,19,4,1368,1,7,7,1
201404EA14052,2,9,0,18,0,1,0,0,0,0,3,1,6,1,44,7,1968,2,4,7,3
201404EA14053,1,9,0,3,0,1,0,0,0,0,2,1,6,1,21,5,1149,1,14,2,1
201404EA14053,2,9,0,4,0,1,0,0,0,0,1,1,6,1,19,4,1390,1,1,10,2
201404EA14054,1,9,0,9,0,2,0,0,0,0,1,1,6,3,-1,-1,1396,1,18,-1,-1
201404EA14054,2,9,0,4,0,1,0,0,0,0,1,1,6,1,48,8,2926,2,11,3,1
201404EA14055,1,9,0,5,0,0,0,0,0,0,3,1,6,1,42,7,1796,1,5,8,1
201404EA14055,2,9,0,18,0,0,0,0,0,0,1,1,6,1,65,9,-1,-1,-1,2,1
201404EA14056,1,11,0,9,3,0,0,0,0,0,3,1,1,1,58,9,9600,2,15,1,1
201404EA14057,1,3,0,18,0,2,1,0,0,0,4,1,2,1,26,6,124,1,2,7,1
201404EA14057,2,9,0,18,0,2,0,0,0,0,1,1,2,1,42,7,1998,2,12,2,1
201404EA14058,1,9,0,7,0,6,0,0,0,0,1,1,6,2,45,7,1781,1,7,7,1
201404EA14058,2,9,0,18,0,1,0,0,0,10,3,1,6,2,17,4,998,1,4,6,1
201404EA14059,1,9,0,7,0,8,0,0,0,0,1,1,6,3,-1,-1,-1,-1,-1,-1,-1
201404EA14059,2,1,0,18,0,8,0,0,0,0,2,1,6,1,23,5,-1,-1,-1,8,1
201404EA14060,1,8,0,18,0,0,0,0,0,0,1,1,1,1,62,9,1686,2,9,5,1
201404EA14061,1,90,0,18,0,0,1,0,0,0,1,1,6,1,23,5,-1,-1,-1,1,1
201404EA14061,2,9,0,18,0,0,0,0,0,0,2,1,6,1,30,6,1598,1,9,2,1
201404EA14062,1,9,0,7,0,1,0,0,0,0,1,1,6,1,32,6,1900,2,8,6,1
201404EA14062,2,9,0,7,0,1,0,0,0,0,2,1,6,1,46,8,1560,2,4,6,1
201404EA14063,1,9,0,1,0,1,0,0,0,0,0,1,6,1,33,6,-1,-1,-1,-1,-1
201404EA14064,1,9,0,18,0,8,0,0,0,0,3,1,6,1,40,7,1598,1,8,2,1
201404EA14064,2,9,0,5,0,6,0,0,0,0,1,1,6,2,24,5,1248,2,2,6,1
201404EA14065,1,9,0,10,0,0,0,0,0,0,2,1,1,2,29,6,1124,1,9,6,1
201404EA14065,2,9,0,18,0,0,0,0,0,0,1,1,6,1,-1,-1,1242,1,10,5,1
201404EA14066,1,9,0,3,0,0,0,0,0,0,2,1,6,2,38,7,-1,-1,-1,2,1
201404EA14067,1,9,0,18,0,0,0,0,0,0,3,1,6,1,41,7,1895,1,13,9,1
201404EA14067,2,9,0,2,0,0,0,0,0,0,3,1,6,1,24,5,2521,1,5,1,1
201404EA14068,1,3,0,16,0,8,0,0,0,0,1,1,6,1,17,4,124,1,8,1,1
201404EA14068,2,9,0,9,0,6,0,0,0,0,3,1,6,1,64,9,1984,2,3,1,1
201404EA14069,1,9,0,18,0,6,0,0,0,0,1,1,6,3,-1,-1,-1,-1,-1,-1,-1
201404EA14070,1,9,0,4,0,0,0,0,0,0,2,1,1,1,35,6,1956,2,4,2,1
201404EA14070,2,9,0,18,0,0,0,0,0,1,1,1,6,3,-1,-1,-1,-1,-1,-1,-1
201404EA14071,1,9,0,14,0,0,0,0,0,0,1,1,6,2,56,9,1973,1,13,5,1
201404EA14071,2,9,0,18,0,0,0,0,0,0,1,1,6,1,32,6,1590,1,17,8,2
201404EA14071,3,9,0,2,9,0,0,0,0,0,3,1,6,3,-1,-1,1997,2,15,-1,-1
201404EA14072,1,9,0,18,0,0,0,0,1,4,1,1,6,1,25,5,1896,2,13,1,1
201404EA14073,1,9,0,9,0,6,0,0,0,0,3,1,6,1,57,9,1598,1,14,9,3
201404EA14073,2,3,0,18,0,1,0,0,0,0,1,1,2,2,25,5,124,1,14,2,1
201404EA14074,1,9,0,18,0,0,0,0,0,0,1,1,6,2,58,9,796,1,12,1,1
201404EA14074,2,9,0,2,0,0,0,0,0,0,1,1,6,1,30,6,2993,2,8,7,1
201404EA14074,3,9,0,2,0,0,0,0,0,0,1,1,6,2,26,6,1997,1,8,8,1
201404EA14075,1,9,0,14,0,1,1,0,0,0,1,1,6,1,-1,-1,1596,1,14,-1,-1
201404EA14076,1,9,0,9,0,6,0,0,0,0,3,1,1,1,44,7,1598,1,8,1,1
201404EA14076,2,8,0,18,0,8,0,0,0,0,1,1,1,1,60,9,2231,2,7,-1,-1
201404EA14077,1,9,0,18,0,0,0,0,0,0,1,1,6,1,30,6,6208,1,4,1,1
201404EA14077,2,9,0,2,0,0,0,0,0,0,3,1,6,1,35,6,1200,1,1,1,1
201404EA14078,1,9,0,9,0,6,0,0,0,0,3,1,6,1,31,6,1968,2,3,3,1
201404EA14078,2,9,0,18,0,8,0,0,0,0,1,1,6,1,26,6,1995,2,3,1,1
201404EA14080,1,9,0,7,0,6,0,0,0,0,1,1,6,1,-1,-1,1560,2,3,1,1
201404EA14081,1,9,0,18,0,1,0,0,0,0,1,1,6,1,34,6,1300,1,7,7,1
201404EA14082,1,9,0,5,0,8,0,0,0,0,1,1,6,3,-1,-1,-1,-1,-1,-1,-1
201404EA14082,2,9,0,18,0,8,0,0,0,0,4,1,6,1,30,6,1995,2,6,3,1
201404EA14083,1,1,0,18,0,0,0,0,0,0,1,1,6,1,29,6,-1,-1,-1,-1,-1
201404EA14083,2,19,0,18,0,0,0,0,0,0,1,1,1,1,49,8,1998,2,10,1,1
201404EA14084,1,19,0,5,0,0,0,0,0,0,1,1,1,1,30,6,2148,2,6,2,1
201404EA14084,2,9,0,18,0,0,0,0,0,0,3,1,6,1,45,7,1995,2,10,1,1
201404EA14085,1,9,0,9,0,4,0,0,0,0,3,1,2,1,39,7,1399,2,7,1,1
201404EA14085,2,9,0,18,0,3,0,0,0,0,1,1,1,1,53,8,1910,2,7,1,1
201404EA14086,1,9,0,5,0,6,0,0,0,0,1,1,6,2,47,8,1598,1,2,8,1
201404EA14086,2,9,0,17,0,8,0,0,0,0,1,1,6,1,57,9,998,1,13,3,1
201404EA14087,1,9,0,18,0,1,0,0,0,0,1,1,6,1,34,6,1796,1,13,1,1
201404EA14087,2,19,0,2,0,1,0,0,0,0,2,1,1,1,59,9,1968,2,2,2,1
201404EA14087,3,9,0,2,0,1,0,0,0,0,2,1,6,1,50,8,998,1,3,8,1
201404EA14088,1,9,0,18,0,0,0,7,0,0,1,1,6,1,32,6,1997,1,13,1,1
201404EA14089,1,9,0,18,0,0,0,0,0,0,0,1,6,1,62,9,-1,-1,-1,7,1
201404EA14090,1,9,0,18,0,1,0,0,0,0,1,1,6,1,26,6,-1,-1,-1,7,1
201404EA14090,2,9,0,10,0,5,0,0,0,0,2,1,6,1,36,7,1910,2,9,1,1
201404EA14091,1,9,0,18,0,1,0,0,0,0,3,1,6,2,23,5,1997,2,10,2,1
201404EA14091,2,9,0,8,0,6,0,0,0,0,3,1,6,1,39,7,1389,1,12,1,1
201404EA14092,1,9,0,18,0,6,0,0,0,0,1,1,6,2,62,9,1596,1,6,5,1
201404EA14092,2,9,0,18,0,1,1,0,0,0,1,1,6,1,25,5,1997,1,15,1,1
201404EA14092,3,9,0,2,0,1,0,0,0,0,4,1,6,3,-1,-1,2149,2,7,-1,-1
201404EA14093,1,9,0,18,0,2,0,0,0,0,3,1,6,2,33,6,1995,2,11,2,1
201404EA14093,2,9,0,17,0,2,0,0,0,0,1,1,1,1,32,6,1598,1,7,3,1
201404EA14094,1,9,0,17,0,8,2,0,1,10,1,1,6,1,19,4,998,1,6,3,1
201404EA14095,1,9,0,9,0,5,0,0,0,0,1,1,6,1,40,7,1896,2,13,1,1
201404EA14095,2,9,0,18,0,1,0,0,0,0,3,1,1,1,46,8,1753,2,8,2,1
201404EA14096,1,9,0,9,0,5,0,0,0,0,1,1,6,1,52,8,1968,2,2,2,1
201404EA14096,2,9,0,18,0,1,0,0,7,0,3,1,6,2,44,7,1796,1,1,2,1
201404EA14097,1,9,0,9,0,4,0,0,0,1,1,1,6,2,37,7,1388,1,11,4,1
201404EA14097,2,9,0,18,0,4,0,0,0,0,3,1,6,1,34,6,1389,1,11,1,1
201404EA14098,1,19,0,18,0,0,0,0,0,0,4,1,6,2,38,7,2151,2,12,1,1
201404EA14099,1,2,0,18,0,1,0,0,0,0,1,1,6,1,16,4,49,1,3,8,1
201404EA14099,2,9,0,5,0,6,0,0,0,0,3,1,6,3,-1,-1,-1,-1,-1,-1,-1
201404EA14100,1,9,0,18,0,8,0,0,0,0,3,1,6,1,32,6,1968,2,6,1,1
201404EA14101,1,9,0,9,0,1,0,0,0,0,3,1,6,1,37,7,-1,-1,-1,5,1
201404EA14101,2,9,0,18,0,1,0,0,0,0,1,1,6,2,24,5,1199,1,12,1,1
201404EA14102,1,8,0,18,0,1,0,0,0,0,1,1,1,1,49,8,-1,-1,-1,1,1
201404EA14103,1,1,0,18,0,6,0,0,0,0,1,1,6,1,8,2,-1,-1,-1,1,1
201404EA14103,2,9,0,18,0,8,0,0,0,0,3,1,6,2,40,7,998,1,13,3,1
201404EA14104,1,9,0,18,0,6,0,0,0,0,1,1,6,3,-1,-1,-1,-1,-1,-1,-1
201404EA14104,2,9,0,18,0,8,0,0,0,0,3,1,6,2,56,9,1198,1,-1,10,1
201404EA14105,1,9,0,7,6,2,0,0,0,0,1,1,6,1,47,8,1363,2,11,2,1
201404EA14105,2,9,0,18,0,1,0,0,0,0,4,1,1,2,30,6,1988,1,12,1,1
201404EA14106,1,9,0,12,0,0,0,0,0,0,1,1,6,1,20,4,2497,1,7,3,1
201404EA14106,2,3,0,18,0,0,0,0,0,0,3,1,6,1,72,10,124,1,9,4,3
201404EA14107,1,9,0,1,0,0,0,0,0,0,2,1,6,1,70,10,1560,2,1,1,1
201404EA14107,2,1,0,18,0,0,5,0,0,0,1,1,2,1,26,6,-1,-1,-1,7,1
201404EA14108,1,9,0,7,0,8,0,0,0,0,1,1,1,2,23,5,1399,2,8,1,1
201404EA14109,1,9,0,18,0,8,0,0,0,0,4,1,6,2,33,6,1749,1,13,1,1
201404EA14110,1,9,0,18,0,8,0,0,0,0,3,1,6,1,31,6,1560,2,9,1,1
201404EA14111,1,8,0,18,0,0,0,0,0,0,4,1,1,1,57,9,1390,1,10,1,1
201404EA14112,1,9,0,7,0,6,0,0,1,0,3,1,6,2,34,6,2148,2,6,7,1
201404EA14112,2,1,0,18,0,1,0,2,2,2,4,1,2,1,35,6,-1,-1,-1,2,1
201404EA14113,1,9,0,18,0,8,0,0,0,0,1,1,6,2,20,4,1229,1,4,7,3
201404EA14113,2,9,0,5,0,6,0,0,0,0,1,1,6,1,39,7,1598,1,5,9,1
201404EA14114,1,9,0,16,0,0,5,7,0,10,3,1,6,1,19,4,-1,-1,-1,8,1
201404EA14115,1,4,0,18,0,8,0,0,0,0,1,1,6,1,23,5,487,1,10,8,1
201404EA14115,2,9,0,9,0,6,0,0,0,0,3,1,6,1,34,6,1298,1,16,6,1
201404EA14116,1,9,0,18,0,2,0,0,0,0,1,1,6,1,29,6,1900,2,14,4,1
201404EA14117,1,9,0,18,0,8,0,0,0,0,1,1,2,1,45,7,1560,2,9,1,1
201404EA14118,1,9,0,9,0,1,0,0,0,0,3,1,6,3,-1,-1,-1,-1,-1,-1,-1
201404EA14118,2,5,0,4,0,1,1,0,0,0,1,1,6,1,56,9,996,1,12,9,1
201404EA14119,1,9,0,18,0,8,0,0,0,0,4,1,6,2,25,5,1398,1,11,1,1
201404EA14120,1,9,0,18,0,8,0,0,0,0,4,1,6,1,68,10,1997,2,9,1,1
201404EA14121,1,90,0,18,0,0,0,0,0,0,3,1,6,3,-1,-1,-1,-1,-1,-1,-1
201404EA14121,2,9,0,18,0,0,0,0,0,0,3,1,6,2,60,9,1781,1,11,5,1
201404EA14122,1,9,0,16,0,0,0,0,0,0,1,1,6,1,66,10,1975,2,18,1,1
201404EA14122,2,9,0,17,0,0,0,0,0,0,1,1,6,1,68,10,-1,-1,-1,6,1
201404EA14123,1,9,0,9,0,6,0,0,0,0,4,1,6,2,24,5,996,1,5,1,1
201404EA14123,2,9,0,18,0,8,0,0,0,0,1,1,6,2,42,7,1497,1,9,3,1
201404EA14124,1,1,0,18,0,1,0,0,0,0,1,1,6,2,14,3,-1,-1,-1,1,1
201404EA14124,2,9,0,18,0,1,0,0,0,0,4,1,2,1,28,6,1198,1,3,-1,-1
201404EA14125,1,8,0,18,0,1,0,0,0,0,1,1,1,1,29,6,1997,2,12,1,1
201404EA14126,1,9,0,5,0,1,0,0,0,0,1,1,2,1,46,8,1968,2,3,4,1
201404EA14126,2,9,0,8,0,1,0,0,0,0,2,1,2,2,29,6,1598,1,2,6,1
201404EA14127,1,9,0,8,0,1,0,0,0,0,3,1,6,1,44,7,2179,2,2,8,1
201404EA14127,2,5,0,8,0,1,0,0,0,0,0,1,6,1,58,9,1157,1,8,1,1
201404EA14128,1,9,0,18,0,1,0,0,0,0,1,1,6,2,59,9,1388,1,9,5,2
201404EA14128,2,9,0,4,0,1,0,0,0,0,2,1,6,1,45,7,1896,2,10,2,1
201404EA14129,1,9,0,12,0,1,0,0,0,2,1,1,6,2,32,6,1390,1,4,9,1
201404EA14129,2,9,0,18,0,1,0,0,0,0,4,1,6,1,50,8,2148,2,10,8,1
201404EA14130,1,9,0,4,0,0,0,0,0,0,2,1,6,2,43,7,1970,1,10,9,3
201404EA14130,2,9,0,18,0,0,0,0,0,0,1,1,2,1,42,7,1995,2,11,1,1
201404EA14131,1,9,0,3,0,4,0,0,0,0,0,1,2,1,45,7,1360,1,13,8,1
201404EA14131,2,9,0,3,0,1,0,0,0,0,1,1,2,2,25,5,1997,2,4,5,1