Accident_Index,Vehicle_Reference,Vehicle_Type,Towing_and_Articulation,Vehicle_Manoeuvre,Vehicle_Location-Restricted_Lane,Junction_Location,Skidding_and_Overturning,Hit_Object_in_Carriageway,Vehicle_Leaving_Carriageway,Hit_Object_off_Carriageway,1st_Point_of_Impact,Was_Vehicle_Left_Hand_Drive?,Journey_Purpose_of_Driver,Sex_of_Driver,Age_of_Driver,Age_Band_of_Driver,Engine_Capacity_(CC),Propulsion_Code,Age_of_Vehicle,Driver_IMD_Decile,Driver_Home_Area_Type
201404EA14280,2,9,0,4,0,4,0,0,0,0,1,1,6,3,-1,-1,-1,-1,-1,-1,-1
201404EA14281,1,9,0,9,0,6,0,0,0,0,1,1,6,2,39,7,1329,1,4,6,1
201404EA14281,2,9,0,18,0,8,5,0,0,0,4,1,6,2,49,8,1328,1,11,10,1
201404EA14282,1,9,0,9,0,1,0,0,0,0,1,1,6,1,59,9,1753,2,13,-1,-1
201404EA14282,2,1,0,18,4,1,0,0,0,0,1,1,6,1,47,8,-1,-1,-1,1,1
201404EA14283,1,1,0,16,0,0,1,0,0,0,1,1,6,1,66,10,-1,-1,-1,6,1
201404EA14283,2,19,0,18,0,0,0,0,0,0,1,1,2,1,52,8,1998,2,11,5,1
201404EA14283,3,9,0,3,0,0,0,0,0,0,3,1,6,2,41,7,2179,2,3,1,1
201404EA14284,1,9,0,18,0,1,0,0,1,0,4,1,6,2,20,4,998,1,12,1,1
201404EA14284,2,9,0,18,0,-1,0,0,0,0,1,1,6,1,47,8,2184,2,10,2,1
201404EA14285,1,9,0,18,0,0,0,4,7,4,1,1,1,1,55,8,-1,-1,-1,-1,-1
201404EA14285,2,9,0,2,0,0,0,0,0,0,0,1,6,2,59,9,1598,1,6,-1,-1
201404EA14286,1,9,0,18,0,0,0,0,0,0,4,1,6,2,47,8,1560,2,4,10,1
201404EA14287,1,9,0,18,0,1,0,0,0,0,4,1,6,2,20,4,1997,1,9,1,1
201404EA14287,2,1,0,18,0,1,0,0,0,0,1,1,6,1,47,8,-1,-1,-1,-1,-1
201404EA14288,1,9,0,9,0,8,0,4,0,0,1,1,3,2,72,10,1560,2,3,7,3
201404EA14288,2,1,0,2,0,8,0,0,0,0,1,1,6,1,13,3,-1,-1,-1,-1,-1
201404EA14289,1,9,0,9,0,6,0,0,0,0,1,1,6,1,23,5,1199,1,12,1,1
201404EA14289,2,9,0,18,0,1,0,0,0,0,3,1,6,2,26,6,1596,1,12,3,1
201404EA14290,1,3,0,4,0,8,0,0,0,0,3,1,6,1,18,4,125,1,11,3,1
201404EA14291,1,9,0,9,0,6,0,0,0,0,3,1,6,2,31,6,1560,2,7,7,1
201404EA14291,2,1,0,18,0,8,0,0,0,0,1,1,6,1,32,6,-1,-1,-1,4,1
201404EA14292,1,9,0,5,0,6,0,0,0,0,4,1,6,2,47,8,1896,2,7,-1,-1
201404EA14292,2,1,0,16,0,2,0,0,0,0,3,1,6,1,59,9,-1,-1,-1,-1,-1
201404EA14293,1,5,0,16,0,0,1,0,0,0,1,1,6,1,20,4,599,1,24,1,1
201404EA14293,2,1,0,17,0,0,0,0,0,0,1,1,6,1,42,7,-1,-1,-1,5,2
201404EA14294,1,2,0,18,0,0,0,0,0,0,1,1,6,1,25,5,49,1,3,1,1
201404EA14294,2,9,0,18,0,0,0,0,0,0,1,1,6,2,25,5,1398,1,14,3,1
201404EA14295,1,9,0,18,9,0,1,0,7,1,3,1,6,1,24,5,1731,1,12,1,1
201404EA14296,1,9,0,18,0,1,0,0,0,0,1,1,6,2,53,8,1124,1,12,2,1
201404EA14296,2,9,0,3,0,1,0,0,0,0,2,1,6,2,36,7,-1,-1,-1,-1,-1
201404EA14297,1,5,0,17,0,0,1,4,0,0,1,1,6,1,30,6,599,1,3,1,1
201404EA14297,2,9,0,2,0,0,0,0,0,0,4,1,6,3,-1,-1,1497,1,11,-1,-1
201404EA14297,3,5,0,2,0,0,0,0,0,0,4,1,6,3,-1,-1,-1,-1,-1,-1,-1
201404EA14298,1,9,0,9,0,6,0,0,0,0,1,1,6,1,26,6,1686,2,1,2,1
201404EA14299,1,9,0,9,7,0,0,0,0,0,4,1,6,1,33,6,1390,1,14,2,1
201404EA14299,2,9,0,1,8,0,0,0,0,0,2,1,6,1,28,6,1997,2,14,-1,1
201404EA14300,1,9,0,18,0,0,1,0,7,10,3,1,6,3,-1,-1,1796,1,12,-1,-1
201404EA14300,2,9,0,18,0,0,0,8,0,0,3,1,1,1,46,8,2993,2,1,-1,-1
201404EA14300,3,9,0,2,0,0,0,0,0,0,2,1,6,2,63,9,1968,2,5,-1,-1
201404EA14301,1,9,0,18,0,8,0,0,0,0,3,1,6,1,42,7,1794,1,9,1,1
201404EA14301,2,9,0,18,0,8,0,0,0,0,1,1,6,3,-1,-1,3175,1,11,-1,-1
201404EA14302,1,9,0,18,0,8,0,0,0,0,1,1,1,1,40,7,1968,2,3,-1,-1
201404EA14302,2,19,0,18,0,8,0,0,0,0,4,1,6,1,28,6,2198,2,2,7,1
201404EA14303,1,9,0,18,0,1,0,0,0,0,1,1,6,2,26,6,1240,1,4,8,1
201404EA14303,2,9,0,9,0,8,0,0,0,0,3,1,6,1,21,5,-1,-1,-1,1,1
201404EA14304,1,9,0,1,0,0,0,0,0,0,2,1,6,3,-1,-1,1461,2,3,-1,-1
201404EA14304,2,9,4,2,0,0,0,0,0,0,2,1,2,1,32,6,-1,-1,-1,5,1
201404EB14001,1,9,0,18,0,0,0,0,0,10,1,1,6,1,19,4,998,1,4,6,1
201404ED14002,1,9,0,18,0,0,0,0,0,0,4,1,6,1,27,6,-1,-1,-1,2,2
201404ED14003,1,9,0,4,9,8,0,0,0,0,1,1,6,1,61,9,1796,1,13,1,1
201404ED14004,1,9,0,18,0,1,0,0,0,0,1,1,6,1,28,6,1596,1,-1,6,1
201404ED14004,2,9,0,18,0,1,0,0,0,0,1,1,6,2,32,6,1149,1,14,-1,-1
201404ED14004,3,8,0,3,0,1,0,0,0,0,1,1,1,1,52,8,1596,1,9,-1,-1
201404ED14004,4,9,0,2,0,2,0,0,0,0,4,2,6,2,27,6,-1,-1,-1,-1,-1
201404ED14005,1,9,0,3,0,1,0,0,0,0,2,1,6,1,70,10,1796,1,16,8,1
201404ED14005,2,9,0,5,0,1,0,0,0,0,1,1,6,2,45,7,1388,1,3,-1,-1
201404ED14006,1,9,0,18,0,1,0,0,0,0,1,1,6,1,66,10,1422,2,10,10,2
201404ED14007,1,9,0,18,0,1,1,0,0,0,1,1,6,2,23,5,1364,1,7,1,1
201404ED14007,2,9,0,18,0,1,0,0,0,0,2,1,6,2,46,8,1199,2,3,7,1
201404ED14007,3,9,0,18,0,1,0,0,0,0,2,1,6,1,56,9,2497,2,9,7,1
201404ED14008,1,9,0,18,0,0,2,0,1,10,1,1,6,1,20,4,1596,1,8,2,1
201404ED14009,1,9,0,6,0,0,0,0,0,0,3,1,6,1,34,6,1995,2,12,-1,-1
201404ED14009,2,9,0,18,0,0,0,0,0,0,4,1,6,1,30,6,1598,1,10,2,1
201404ED14010,1,9,0,18,0,0,0,0,0,0,4,1,6,2,29,6,1968,2,6,1,1
201404ED14010,2,9,0,2,0,0,0,0,0,0,3,1,6,1,31,6,2979,1,10,5,1
201404ED14011,1,9,0,7,0,8,0,0,0,0,1,1,6,2,84,11,998,1,4,-1,-1
201404ED14011,2,9,0,18,0,1,1,0,0,0,3,1,2,1,19,4,796,1,11,1,1
201404ED14012,1,9,0,18,0,0,0,0,0,0,1,1,6,3,-1,-1,-1,-1,-1,-1,-1
201404ED14012,2,9,0,9,0,0,0,0,0,0,1,1,6,2,33,6,1598,2,1,10,1
201404ED14013,1,8,0,1,0,2,0,0,0,0,2,1,6,1,43,7,2148,2,12,1,1
201404ED14014,1,9,0,18,0,8,5,7,0,0,1,1,6,1,24,5,2143,2,2,2,1
201404ED14014,2,9,0,18,0,8,5,7,1,2,3,1,6,1,42,7,1994,2,11,1,1
201404ED14015,1,1,0,18,0,1,0,0,0,0,1,1,6,1,16,4,-1,-1,-1,1,1
201404ED14015,2,9,0,18,0,2,0,0,0,0,1,1,6,1,51,8,1396,1,12,1,1
201404ED14016,1,9,0,9,0,5,0,0,0,0,1,1,6,1,20,4,1997,2,1,2,1
201404ED14016,2,8,0,18,0,8,0,0,0,0,1,1,1,1,44,7,1896,2,5,1,1
201404ED14017,1,21,0,4,0,0,0,0,0,0,1,1,1,1,36,7,6693,2,1,3,1
201404ED14017,2,9,0,4,0,0,0,0,0,0,2,1,6,2,52,8,1995,2,4,10,2
201404ED14018,1,9,0,18,0,0,0,10,1,0,1,1,6,1,62,9,1997,2,10,7,1
201404ED14019,1,3,0,18,0,0,0,0,0,0,1,1,6,1,24,5,125,1,5,7,1
201404ED14019,2,9,0,4,0,0,0,0,0,0,2,1,6,2,42,7,1896,2,6,9,1
201404ED14020,1,9,0,5,0,4,0,0,7,1,2,1,6,2,24,5,1299,1,8,8,3
201404ED14020,2,9,0,18,0,8,0,0,0,0,1,1,6,1,22,5,1800,1,8,4,1
201404ED14021,1,19,0,4,0,1,1,0,0,0,1,1,6,3,-1,-1,1900,2,15,-1,-1
201404ED14021,2,9,0,3,0,1,0,0,0,0,2,1,6,2,20,4,999,1,1,5,1
201404ED14021,3,9,0,3,0,1,0,0,0,0,2,1,6,1,33,6,1490,1,6,8,1
201404ED14022,1,9,0,18,0,0,0,4,0,0,1,1,6,1,43,7,1396,1,14,4,1
201404ED14022,2,9,0,2,0,0,0,0,0,0,2,1,6,3,-1,-1,1390,1,12,-1,-1
201404ED14023,1,19,0,18,0,1,1,0,0,0,1,1,6,1,26,6,2198,2,2,1,1
201404ED14023,2,9,0,9,0,2,0,0,0,0,3,1,6,2,51,8,1396,2,3,5,1
201404ED14024,1,9,0,17,0,8,0,0,0,0,1,1,6,1,31,6,1275,1,18,3,1
201404ED14024,2,5,0,17,0,8,0,0,0,0,2,1,6,1,56,9,1255,1,6,8,1
201404ED14024,3,9,0,17,0,8,1,0,0,0,2,1,6,2,21,5,1995,2,10,3,1
201404ED14025,1,9,0,6,0,2,0,0,0,0,3,1,1,1,44,7,1560,2,6,8,1
201404ED14025,2,9,0,18,0,2,1,0,0,0,1,1,6,1,18,4,1390,1,12,6,1
201404ED14026,1,9,0,1,9,0,0,0,7,10,2,1,6,3,-1,-1,2000,2,9,-1,-1
201404ED14028,1,9,0,18,0,0,0,0,0,0,1,1,6,1,46,8,-1,-1,-1,1,1
201404ED14028,2,19,0,3,0,0,0,0,0,0,2,1,6,1,54,8,1995,2,6,1,1
201404ED14029,1,1,0,12,0,1,5,0,0,0,3,1,6,1,71,10,-1,-1,-1,4,1
201404ED14029,2,9,0,18,0,1,0,0,0,0,4,1,6,2,70,10,1086,1,10,8,3
201404ED14030,1,9,0,18,0,0,0,0,0,0,3,1,6,2,54,8,1468,1,11,2,1
201404ED14032,1,9,0,9,0,6,0,0,0,0,1,1,6,2,40,7,1796,1,14,8,1
201404ED14032,2,9,0,18,0,6,0,0,0,0,1,1,6,1,49,8,2495,1,13,5,1
201404ED14033,1,11,0,18,2,0,0,0,0,0,4,1,1,1,52,8,7300,2,10,1,1
201404ED14034,1,9,0,18,0,1,1,0,0,0,1,1,6,2,20,4,1968,2,10,1,1
201404ED14034,2,9,0,3,0,1,0,0,0,0,2,1,1,1,38,7,2204,2,9,2,1
201404ED14035,1,9,0,18,0,0,1,0,1,10,1,1,6,1,30,6,1994,1,14,-1,-1
201404ED14036,1,9,0,4,0,0,0,0,0,0,1,1,6,1,29,6,2993,2,7,-1,-1
201404ED14036,2,90,0,11,0,0,5,0,0,0,4,1,6,1,81,11,-1,-1,-1,-1,-1
201404ED14037,1,9,0,17,0,8,0,0,0,0,3,1,6,3,-1,-1,-1,-1,-1,-1,-1
201404ED14038,1,9,0,18,0,3,0,0,0,0,3,1,6,2,23,5,-1,-1,-1,3,1
201404ED14039,1,9,0,18,0,6,0,0,0,0,1,1,3,2,38,7,1998,1,6,8,3
201404ED14039,2,9,0,5,0,8,0,0,1,1,3,1,2,2,21,5,1229,1,7,9,1
201404ED14040,1,4,0,17,0,0,0,0,1,0,1,1,6,1,35,6,249,1,33,6,3
201404ED14042,1,9,0,5,8,6,0,0,0,0,3,1,3,1,39,7,1686,2,10,1,1
201404ED14042,2,1,0,18,0,8,0,0,0,0,1,1,6,1,64,9,-1,-1,-1,8,1
201404ED14043,1,9,0,18,0,0,0,0,0,0,0,1,6,1,28,6,1149,1,11,1,1
201404ED14044,1,9,0,7,0,6,0,0,0,0,1,1,2,1,23,5,1339,1,11,3,1
201404ED14044,2,9,0,18,0,8,0,0,0,0,1,1,2,1,28,6,1199,1,12,-1,-1
201404ED14045,1,9,0,4,0,1,0,0,0,0,4,1,6,1,35,6,1398,1,10,1,1
201404ED14046,1,9,0,9,0,6,0,0,0,0,1,1,6,1,20,4,1229,1,7,9,1
201404ED14046,2,9,0,18,0,8,0,0,0,0,4,1,6,2,25,5,1360,1,5,3,1
201404ED14047,1,3,0,15,0,8,0,0,0,0,1,1,6,1,21,5,125,1,1,-1,-1
201404ED14047,2,9,0,9,0,5,0,0,0,0,3,1,6,1,45,7,1968,2,6,5,1
201404ED14047,3,9,0,18,0,8,0,0,0,0,0,1,6,1,45,7,3246,1,13,-1,-1
201404ED14048,1,5,0,18,0,0,1,0,1,0,4,1,6,2,26,6,599,1,4,2,1
201404ED14049,1,9,0,1,0,0,0,0,0,0,2,1,3,1,36,7,1149,1,8,8,1
201404ED14050,1,9,0,16,0,1,0,0,0,0,1,1,6,2,29,6,1598,1,1,1,1
201404ED14051,1,9,0,18,0,1,0,0,0,0,4,1,1,2,45,7,1995,2,7,2,1
201404ED14052,1,3,0,18,0,8,0,0,7,10,1,1,6,1,21,5,124,1,1,1,1
201404ED14052,2,10,0,9,0,1,0,0,0,0,3,1,1,1,25,5,2198,2,2,6,3
201404ED14053,1,8,0,18,0,1,0,0,0,0,1,1,1,1,27,6,2179,2,-1,-1,-1
201404ED14053,2,9,0,18,0,1,0,0,0,0,1,1,6,2,38,7,2204,2,4,1,1
201404ED14054,1,90,0,9,0,6,0,0,0,0,1,1,6,1,46,8,-1,-1,-1,7,1
201404ED14054,2,8,0,18,0,8,0,0,0,0,1,1,1,1,49,8,-1,-1,-1,1,1
201404ED14055,1,9,0,18,0,0,0,0,4,7,1,1,6,1,45,7,1910,2,9,1,1
201404ED14056,1,9,0,9,0,8,0,0,0,0,1,1,1,1,25,5,1399,2,9,3,1
201404ED14056,2,3,0,18,0,8,0,0,0,0,3,1,1,1,23,5,124,1,-1,1,1
201404ED14057,1,9,0,9,0,6,0,0,0,0,3,1,6,1,31,6,1896,2,11,-1,1
201404ED14057,2,1,0,18,0,8,0,0,0,0,1,1,6,1,46,8,-1,-1,-1,8,1
201404ED14058,1,9,0,17,9,0,1,0,7,10,2,1,2,1,45,7,1998,1,10,7,1
201404ED14059,1,9,0,9,0,8,0,0,0,0,4,1,6,2,41,7,1229,1,8,1,1
201404ED14059,2,4,0,18,0,8,0,0,0,0,1,1,6,1,56,9,459,1,11,1,1
201404ED14060,1,8,0,9,0,6,0,0,0,0,1,1,6,1,63,9,1951,2,12,-1,-1
201404ED14060,2,9,0,18,0,1,0,0,0,0,1,1,6,1,21,5,1368,1,-1,3,1
201404ED14061,1,9,0,5,0,6,0,0,0,0,4,1,1,1,30,6,1242,1,7,1,1
201404ED14061,2,9,0,18,0,8,0,0,0,0,3,1,6,1,38,7,1995,2,9,2,1
201404ED14061,3,9,0,2,0,2,0,0,0,0,4,1,6,3,-1,-1,1762,1,15,-1,-1
201404ED14062,1,9,0,18,0,0,0,0,0,0,4,1,6,2,-1,-1,1461,2,9,3,1
201404ED14063,1,9,0,18,0,3,0,0,0,0,1,2,6,1,30,6,1686,2,9,1,1
201404ED14063,2,9,0,18,0,3,0,0,0,0,2,1,6,2,25,5,1364,1,8,6,1
201404ED14064,1,9,0,7,0,4,0,0,0,0,4,1,1,2,35,6,1995,2,5,7,1
201404ED14064,2,1,0,18,0,4,0,0,0,0,1,1,1,1,39,7,-1,-1,-1,9,1
201404ED14065,1,9,0,16,0,0,0,0,0,0,4,1,6,1,33,6,1910,2,6,6,1
201404ED14066,1,9,0,5,0,2,0,0,0,0,0,1,6,1,67,10,1799,1,20,1,1
201404ED14066,2,5,0,18,0,1,1,4,1,0,1,1,6,1,52,8,553,1,26,1,1
201404ED14068,1,9,0,4,0,0,0,0,0,0,1,1,6,2,22,5,1242,1,5,7,2
201404ED14068,2,1,0,4,0,0,0,0,0,0,1,1,2,1,34,6,-1,-1,-1,4,2
201404ED14069,1,1,0,4,0,8,0,0,0,0,1,1,2,1,44,7,-1,-1,-1,1,1
201404ED14069,2,9,0,5,0,6,0,0,0,0,1,1,1,1,63,9,-1,-1,-1,-1,1
201404ED14070,1,19,0,18,0,0,0,0,0,0,1,1,6,1,51,8,2198,2,2,4,1
201404ED14070,2,9,0,18,0,0,0,0,0,0,2,1,6,1,45,7,-1,-1,-1,1,1
201404ED14070,3,9,0,18,0,0,0,0,0,0,2,1,6,1,48,8,1769,1,12,2,1
201404ED14071,1,11,0,18,0,0,0,0,0,0,1,1,1,1,59,9,6374,2,4,2,1
201404ED14073,1,3,0,18,0,0,2,0,0,0,4,1,4,1,18,4,124,1,2,2,1
201404ED14074,1,3,0,18,0,1,1,0,0,0,1,1,6,3,-1,-1,125,1,6,-1,-1
201404ED14075,1,9,0,18,0,8,0,0,0,0,4,1,6,1,22,5,1240,1,10,3,1
201404ED14075,2,9,0,10,0,8,0,0,0,0,1,1,6,1,85,11,1339,1,5,8,1
201404ED14076,1,9,0,9,0,6,0,0,0,0,1,1,1,1,57,9,-1,-1,-1,1,1
201404ED14076,2,9,0,18,0,1,0,0,0,0,4,1,2,1,19,4,1360,1,10,2,1
201404ED14077,1,9,0,18,0,0,0,0,0,0,1,1,6,1,49,8,1850,1,15,6,2
201404ED14077,2,17,0,18,0,0,0,0,0,0,2,1,1,1,40,7,-1,2,18,4,1
201404ED14078,1,9,0,9,0,8,0,0,0,0,4,1,6,1,34,6,1198,1,9,3,1
201404ED14078,2,9,0,18,0,8,0,0,0,0,1,1,6,1,45,7,1398,1,1,6,1
201404ED14079,1,9,0,3,0,0,0,0,0,0,1,1,6,1,29,6,1242,1,2,2,1
201404ED14079,2,9,0,3,0,0,0,0,0,0,2,1,6,1,75,10,599,1,12,10,2
201404ED14081,1,9,0,16,0,2,0,0,0,0,1,1,2,1,44,7,1598,1,12,5,1
201404ED14081,2,9,0,17,0,1,0,0,0,0,1,1,6,1,55,8,1587,1,10,5,1
201404ED14082,1,9,0,18,0,1,0,0,0,0,1,1,6,2,33,6,1986,2,7,-1,1
201404ED14083,1,9,0,18,0,8,0,0,0,0,1,1,6,1,87,11,1124,1,14,7,1
201404ED14084,1,9,0,18,0,0,0,0,0,0,1,1,2,1,23,5,1591,1,3,9,1
201404ED14084,2,9,0,4,0,0,0,0,0,0,2,1,2,1,46,8,1997,2,5,10,1
201404ED14084,3,9,0,4,0,0,0,0,0,0,2,1,2,1,58,9,2254,1,15,6,1
201404ED14085,1,9,0,9,0,5,0,0,0,0,4,1,6,1,78,11,1598,2,1,2,1
201404ED14085,2,3,0,18,0,1,0,0,0,0,1,1,6,1,18,4,125,1,2,1,1
201404ED14086,1,9,0,1,0,1,0,0,0,0,2,1,6,1,19,4,1721,1,21,1,1
201404ED14086,2,9,0,2,0,1,0,0,0,0,1,1,1,1,48,8,2268,2,1,8,2
201404ED14087,1,3,0,5,0,4,0,0,0,0,3,1,6,1,22,5,124,1,1,3,1
201404ED14087,2,9,0,5,0,4,0,0,0,0,1,1,6,1,46,8,1598,1,15,-1,-1
201404ED14088,1,9,0,6,5,1,5,0,0,0,1,1,6,1,40,7,1910,2,8,2,1
201404ED14088,2,9,0,9,0,8,0,0,0,0,4,1,6,2,43,7,1560,2,2,1,1
201404ED14089,1,9,0,3,0,4,0,0,0,0,1,1,6,2,43,7,1000,1,-1,8,1
201404ED14089,2,9,0,3,0,1,0,0,0,0,2,1,6,2,59,9,2496,2,11,2,1
201404ED14090,1,9,0,18,0,4,0,0,0,0,0,1,6,3,-1,-1,-1,-1,-1,-1,-1
201404ED14090,2,9,0,18,0,4,0,0,0,0,0,1,6,1,42,7,1390,1,10,4,1
201404ED14091,1,9,0,18,0,8,0,0,0,0,1,1,6,1,82,11,998,1,-1,2,1
201404ED14091,2,9,0,18,0,6,0,0,0,0,1,1,1,1,33,6,1968,2,8,2,2
201404ED14092,1,9,0,9,0,5,0,0,0,0,3,1,6,1,64,9,1229,1,4,2,1
201404ED14092,2,3,0,14,0,1,0,0,0,0,1,1,6,1,19,4,125,1,11,3,1
201404ED14093,1,9,0,18,0,8,2,7,4,6,1,1,6,1,21,5,1390,1,7,-1,2
201404ED14094,1,17,4,9,0,5,0,0,0,0,4,1,1,1,58,9,6728,2,-1,6,3
201404ED14094,2,9,0,18,0,8,0,0,0,0,1,1,6,1,50,8,1389,1,21,3,1
201404ED14096,1,9,0,5,0,5,0,0,0,0,1,1,6,1,36,7,2496,1,11,8,1
201404ED14096,2,1,0,5,0,5,0,0,0,0,2,1,6,2,46,8,-1,-1,-1,8,1
201404ED14097,1,9,0,18,0,0,0,0,0,0,4,1,6,3,-1,-1,-1,-1,-1,-1,-1
201404ED14097,2,9,0,18,0,0,0,0,0,0,3,1,6,1,40,7,2993,2,11,1,1
201404ED14098,1,9,0,7,0,6,0,0,0,0,1,1,6,1,70,10,1124,1,13,7,1
201404ED14099,1,9,0,18,0,2,1,0,0,0,1,1,6,2,26,6,1595,1,15,1,1
201404ED14099,2,9,0,18,0,2,0,0,7,1,4,1,6,2,20,4,1086,1,9,2,1
201404ED14100,1,11,0,5,0,1,0,0,0,0,1,1,1,1,62,9,-1,2,20,1,1
201404ED14100,2,9,0,3,0,2,0,0,0,0,2,1,6,2,55,8,1242,1,12,1,1
201404ED14101,1,9,0,9,0,8,0,0,0,0,1,1,6,2,40,7,1598,2,4,9,3
201404ED14101,2,9,0,18,0,8,0,0,0,0,1,1,6,1,26,6,1968,2,8,2,1
201404ED14102,1,9,0,18,0,1,0,0,0,0,1,1,6,2,29,6,1910,2,7,2,1
201404ED14102,2,9,0,4,0,1,0,0,0,0,2,1,2,2,26,6,1199,1,13,6,3
201404ED14102,3,8,0,10,0,1,0,0,0,0,2,1,1,1,30,6,1686,2,7,1,1
201404ED14103,1,9,0,1,0,0,0,0,0,0,2,1,6,2,64,9,1560,2,-1,2,1
201404ED14104,1,8,0,18,0,8,0,0,0,0,4,1,1,1,30,6,1997,2,12,1,1
201404ED14104,2,9,0,18,0,8,0,0,0,0,1,1,6,1,51,8,1998,2,11,6,1
201404ED14105,1,9,0,18,0,0,0,0,0,0,1,1,6,1,63,9,1229,1,2,4,1
201404ED14105,2,9,0,18,0,0,0,0,0,0,2,1,6,2,22,5,1242,1,5,1,1
201404ED14106,1,9,0,18,0,2,0,0,0,0,1,1,6,1,25,5,1995,2,9,3,1
201404ED14107,1,9,0,9,0,6,0,0,0,0,1,1,6,1,29,6,1896,2,10,1,1
201404ED14107,2,9,0,17,0,1,0,0,0,0,4,1,6,1,20,4,1396,1,10,2,1
201404ED14108,1,9,0,9,0,2,0,0,0,0,1,1,6,1,28,6,1596,1,12,4,1
201404ED14108,2,3,0,18,0,2,1,0,0,0,3,1,6,1,17,4,124,1,5,-1,-1
201404ED14109,1,9,0,5,0,0,0,0,0,0,1,1,6,1,42,7,2149,2,7,1,1
201404ED14109,2,9,0,18,0,0,0,0,0,0,4,1,1,2,45,7,995,1,3,4,1
201404ED14110,1,8,0,1,0,1,0,0,0,0,2,1,6,1,40,7,1998,2,10,7,1
201404ED14111,1,9,0,5,0,2,0,0,0,0,1,1,6,1,-1,-1,1396,1,13,-1,-1
201404ED14112,1,9,0,17,0,8,0,0,0,0,1,1,1,1,42,7,1596,1,6,9,2
201404ED14113,1,9,0,18,0,1,0,0,0,0,1,1,6,1,23,5,2993,2,-1,7,1
201404ED14113,2,9,0,3,0,1,0,0,0,0,2,1,6,2,35,6,1242,1,1,2,1
201404ED14113,3,9,0,3,0,1,0,0,0,0,2,1,6,1,39,7,1299,1,10,2,1
201404ED14114,1,9,0,9,0,4,0,0,0,0,1,1,3,2,40,7,1368,1,10,4,1
201404ED14114,2,1,0,18,0,3,0,0,0,0,4,1,6,1,32,6,-1,-1,-1,4,1
201404ED14115,1,9,0,18,0,0,1,0,0,0,1,1,6,1,35,6,1988,1,13,1,1
201404ED14115,2,9,0,18,0,0,0,0,1,0,1,1,6,1,39,7,1461,2,4,2,1
201404ED14116,1,90,0,18,0,6,0,0,0,0,1,1,6,1,71,10,-1,-1,-1,1,1
201404ED14116,2,9,0,18,0,2,0,0,0,0,3,1,1,1,30,6,1997,2,5,7,1
201404ED14117,1,9,0,7,0,5,0,0,0,0,1,1,6,2,55,8,1400,1,10,1,1
201404ED14117,2,9,0,3,0,1,0,0,0,0,1,1,6,2,41,7,1995,2,10,3,1
201404ED14117,3,9,0,3,0,1,0,0,0,0,1,1,6,2,43,7,1398,2,11,1,1
201404ED14118,1,9,0,9,0,6,0,0,0,0,1,1,6,1,37,7,1598,1,14,2,1
201404ED14118,2,9,0,18,0,8,0,0,0,0,3,1,6,2,22,5,1229,1,3,9,1
201404ED14119,1,9,0,16,0,0,0,0,0,0,1,1,6,1,25,5,1587,1,13,8,1
201404ED14119,2,10,0,17,0,0,0,0,0,0,3,1,6,1,30,6,-1,-1,-1,1,1
201404ED14120,1,9,0,18,0,1,2,0,1,10,1,1,6,1,40,7,1896,2,13,1,1
201404ED14121,1,19,0,18,0,0,0,0,0,0,1,1,1,1,44,7,2999,2,9,1,1
201404ED14121,2,8,0,18,0,0,0,0,2,7,2,1,6,2,44,7,998,1,13,-1,-1
201404ED14123,1,9,0,7,0,6,0,0,3,10,1,1,6,2,34,6,998,1,11,2,1
201404ED14123,2,9,0,18,0,8,0,0,0,0,3,1,6,2,22,5,1598,1,7,3,1
201404ED14124,1,9,0,16,0,0,0,0,0,0,1,1,6,3,-1,-1,-1,-1,-1,-1,-1
201404ED14124,2,1,0,18,0,0,0,0,0,0,2,1,6,1,36,7,-1,-1,-1,8,1
201404ED14125,1,9,0,9,0,6,0,0,0,0,1,1,6,1,37,7,1199,1,14,2,1
201404ED14125,2,19,0,9,0,6,0,0,0,0,4,1,6,1,18,4,1900,2,12,8,1
201404ED14125,3,9,0,3,0,2,0,0,0,0,3,1,6,2,44,7,1368,1,6,1,1
201404ED14125,4,11,0,3,0,2,0,0,0,0,2,1,1,1,32,6,9600,2,15,1,1
201404ED14126,1,8,0,7,0,5,0,0,0,0,4,1,6,1,50,8,1870,2,10,4,1
201404ED14127,1,9,0,2,0,0,0,0,0,0,0,1,6,1,81,11,1798,1,6,9,1
201404ED14128,1,8,0,9,0,5,0,0,7,10,1,1,1,1,34,6,1995,2,11,3,1
201404ED14128,2,9,0,18,0,8,0,0,0,0,1,1,6,1,34,6,1995,2,11,2,1
201404ED14129,1,9,0,18,0,4,0,0,0,0,1,1,6,1,20,4,1968,2,5,1,1
201404ED14129,2,9,0,18,0,4,0,0,0,0,2,1,6,1,48,8,1390,1,9,9,1
201404ED14130,1,9,0,18,0,0,1,0,0,2,4,1,6,1,21,5,1196,1,18,4,3
201404ED14131,1,9,0,3,0,0,0,0,0,0,1,1,1,1,-1,-1,2497,2,8,10,1
201404ED14131,2,9,0,3,0,0,0,0,0,0,2,1,1,1,55,8,-1,-1,-1,6,1
201404ED14132,1,9,0,18,0,0,0,0,0,0,1,1,6,2,26,6,1560,2,6,3,1
201404ED14132,2,9,0,4,0,0,0,0,0,0,2,1,6,1,53,8,1995,2,2,10,1
201404ED14133,1,9,0,4,0,1,0,0,0,0,1,1,6,1,74,10,1398,1,4,6,1
201404ED14133,2,9,0,3,0,1,0,0,0,0,2,1,6,2,68,10,796,1,8,3,1