Accident_Index,Vehicle_Reference,Vehicle_Type,Towing_and_Articulation,Vehicle_Manoeuvre,Vehicle_Location-Restricted_Lane,Junction_Location,Skidding_and_Overturning,Hit_Object_in_Carriageway,Vehicle_Leaving_Carriageway,Hit_Object_off_Carriageway,1st_Point_of_Impact,Was_Vehicle_Left_Hand_Drive?,Journey_Purpose_of_Driver,Sex_of_Driver,Age_of_Driver,Age_Band_of_Driver,Engine_Capacity_(CC),Propulsion_Code,Age_of_Vehicle,Driver_IMD_Decile,Driver_Home_Area_Type
201404ED14134,1,9,0,18,0,8,0,0,0,0,1,1,6,1,38,7,998,1,1,-1,-1
201404ED14135,1,9,0,18,0,1,0,0,0,0,1,1,2,1,31,6,2204,2,10,7,1
201404ED14135,2,19,0,7,0,6,0,0,0,0,1,1,1,1,23,5,2402,2,7,8,1
201404ED14136,1,9,0,18,0,0,0,0,0,0,1,1,1,2,42,7,1587,1,15,2,2
201404ED14136,2,9,0,3,0,0,0,0,0,0,2,1,1,2,24,5,1229,1,4,5,2
201404ED14137,1,9,0,18,0,8,0,0,0,0,1,1,6,1,33,6,1974,2,16,1,1
201404ED14137,2,9,0,18,0,8,0,0,0,0,3,1,6,1,44,7,2000,2,9,1,1
201404ED14138,1,9,0,7,0,1,0,0,0,0,4,1,6,2,42,7,-1,-1,-1,9,1
201404ED14138,2,1,0,18,9,1,1,0,0,0,1,1,6,1,24,5,-1,-1,-1,1,1
201404ED14139,1,9,0,18,0,8,0,0,0,0,1,1,6,2,58,9,1598,1,1,3,1
201404ED14139,2,8,0,17,0,8,0,0,0,0,1,1,1,1,31,6,1896,2,7,2,1
201404ED14140,1,9,0,18,0,1,0,0,0,0,1,1,6,1,22,5,2495,2,10,7,2
201404ED14140,2,9,0,3,0,1,0,0,0,0,2,1,6,1,52,8,1560,2,2,5,1
201404ED14140,3,8,0,3,0,1,0,0,0,0,2,1,6,1,67,10,1497,8,6,1,1
201404ED14141,1,9,0,9,0,0,0,0,0,0,1,1,6,1,25,5,1796,1,13,2,1
201404ED14141,2,9,0,18,0,0,1,0,0,0,1,1,6,2,47,8,1398,2,10,2,1
201404ED14141,3,9,0,3,0,0,0,0,0,0,3,1,6,1,36,7,1242,1,1,7,1
201404ED14142,1,9,0,18,0,1,0,0,0,0,1,1,6,1,44,7,1339,1,7,8,1
201404ED14143,1,4,0,18,0,1,0,0,0,0,1,1,6,1,17,4,-1,-1,-1,-1,-1
201404ED14144,1,9,0,18,0,8,0,0,0,0,4,1,6,3,-1,-1,2926,2,14,-1,-1
201404ED14144,2,9,0,18,0,8,0,0,0,0,4,1,6,2,36,7,2204,2,9,1,1
201404ED14145,1,19,0,9,0,8,0,0,0,0,3,1,1,1,49,8,2143,2,-1,2,1
201404ED14145,2,9,0,18,0,8,0,0,0,0,4,1,6,1,30,6,1390,1,15,-1,-1
201404ED14146,1,9,0,5,0,2,0,0,3,0,1,1,6,1,78,11,996,1,5,8,1
201404ED14146,2,9,0,2,9,2,0,0,0,0,2,1,6,2,63,9,1598,1,5,8,1
201404ED14147,1,9,0,4,0,1,1,0,0,0,1,1,1,1,29,6,-1,-1,-1,3,1
201404ED14147,2,9,0,2,9,1,0,0,0,2,2,1,6,3,-1,-1,1587,1,7,-1,-1
201404ED14148,1,9,0,1,0,1,0,0,0,0,2,1,6,3,-1,-1,1796,1,6,-1,-1
201404ED14148,2,9,0,18,0,1,0,0,0,0,1,1,3,2,31,6,1781,1,12,2,1
201404ED14149,1,1,0,18,9,0,0,0,0,0,1,1,1,1,23,5,-1,-1,-1,5,1
201404ED14149,2,9,0,8,9,0,0,0,0,0,1,1,1,2,27,6,1198,1,7,7,1
201404ED14150,1,8,0,18,0,0,0,0,0,0,4,1,6,1,48,8,1995,2,1,3,1
201404ED14150,2,9,0,2,0,0,0,0,0,0,3,1,6,2,46,8,1299,1,8,-1,-1
201404ED14150,3,9,0,2,0,0,0,0,1,10,1,1,6,2,51,8,995,1,3,7,1
201404ED14151,1,9,0,18,0,0,0,0,0,0,1,1,6,3,-1,-1,-1,-1,-1,-1,-1
201404ED14152,1,9,0,5,0,0,0,0,0,0,1,1,6,1,34,6,1997,2,8,1,1
201404ED14152,2,9,0,18,0,0,0,0,0,0,1,1,6,1,48,8,1587,1,13,2,1
201404ED14153,1,9,0,18,0,0,0,0,1,2,4,1,6,1,42,7,1984,1,17,5,1
201404ED14155,1,3,0,9,0,0,1,0,0,0,0,1,6,1,20,4,125,1,-1,9,1
201404ED14156,1,9,0,9,0,8,0,0,0,0,3,1,1,1,57,9,1968,2,3,10,1
201404ED14157,1,3,0,9,0,6,0,0,0,0,1,1,2,1,26,6,125,1,1,1,1
201404ED14157,2,9,0,12,0,1,0,0,0,0,1,1,2,1,50,8,1596,1,9,3,1
201404ED14158,1,8,0,18,0,0,0,0,0,0,0,1,6,3,-1,-1,-1,-1,-1,-1,-1
201404ED14159,1,9,0,1,0,1,0,0,0,0,2,1,1,2,31,6,-1,-1,-1,1,1
201404ED14159,2,9,0,3,0,1,0,0,0,0,1,1,6,1,28,6,1390,1,9,5,1
201404EF14001,1,9,0,9,0,6,0,0,0,0,1,1,6,1,44,7,1560,2,2,4,3
201404EF14001,2,3,0,14,0,8,0,0,0,0,4,1,2,1,21,5,125,1,4,6,1
201404EF14002,1,8,0,18,0,0,0,0,0,0,4,1,6,1,37,7,2402,2,8,1,1
201404EF14002,2,1,0,18,0,0,0,0,0,0,0,1,6,1,41,7,-1,-1,-1,-1,-1
201404EF14004,1,9,0,18,0,2,0,0,0,0,1,1,6,1,21,5,-1,-1,-1,9,1
201404EF14004,2,9,0,3,0,2,0,0,0,0,2,1,6,2,47,8,-1,-1,-1,7,1
201404EF14005,1,9,0,18,0,0,0,0,0,0,1,1,6,2,70,10,2179,2,2,8,3
201404EF14005,2,9,0,18,0,0,0,0,0,0,2,1,6,2,24,5,-1,-1,-1,8,1
201404EF14006,1,9,0,5,0,3,0,0,0,0,1,1,6,1,18,4,1248,2,7,8,3
201404EF14006,2,9,0,5,0,3,0,0,0,0,2,1,2,2,24,5,1242,1,4,8,2
201404EF14007,1,9,0,16,0,1,1,10,2,2,1,1,2,2,33,6,1328,1,4,8,1
201404EF14008,1,9,0,18,0,8,0,0,0,0,1,1,2,2,54,8,1395,1,-1,7,3
201404EF14009,1,9,0,18,0,0,0,0,0,0,4,1,6,2,39,7,1910,2,6,4,1
201404EF14009,2,20,0,18,0,0,0,0,0,0,3,1,1,1,47,8,4764,2,1,7,1
201404EF14010,1,9,0,9,0,8,0,0,0,0,4,1,6,1,75,10,1599,1,8,1,1
201404EF14010,2,1,0,18,0,1,0,0,0,0,1,1,6,1,38,7,-1,-1,-1,4,1
201404EF14011,1,9,0,18,0,0,2,0,1,4,4,1,1,1,28,6,1248,2,5,5,1
201404EF14012,1,8,0,18,0,0,0,0,0,0,1,1,1,1,63,9,1364,1,6,1,1
201404EF14012,2,8,0,18,0,0,0,0,0,0,1,1,1,3,-1,-1,-1,-1,-1,-1,-1
201404EF14013,1,9,0,9,0,6,0,0,0,0,1,1,6,1,25,5,1600,1,9,6,1
201404EF14013,2,9,0,18,0,8,0,0,0,0,4,1,6,2,49,8,1198,1,3,9,1
201404EF14014,1,9,0,18,0,1,0,0,0,0,1,1,6,2,31,6,1986,2,7,4,1
201404EF14014,2,9,0,2,0,1,0,0,0,0,2,1,6,3,-1,-1,1198,1,2,-1,-1
201404EF14015,1,11,0,2,0,2,0,0,0,0,0,1,1,2,39,7,6700,2,6,2,1
201404EF14016,1,9,0,18,0,0,2,0,0,0,4,1,6,1,32,6,995,1,8,8,1
201404EF14017,1,9,0,7,8,7,0,0,0,0,4,1,6,3,-1,-1,-1,-1,-1,-1,-1
201404EF14017,2,1,0,18,0,8,0,0,0,0,1,1,2,1,57,9,-1,-1,-1,2,1
201404EF14018,1,9,0,18,0,8,0,0,0,0,4,1,6,1,36,7,1389,1,15,2,1
201404EF14018,2,9,0,18,0,8,0,0,0,0,4,1,6,1,47,8,1997,2,1,10,2
201404EF14018,3,9,0,18,0,1,0,0,0,0,4,1,6,1,49,8,2204,2,8,4,1
201404EF14019,1,9,0,18,0,0,0,0,0,0,1,1,6,1,26,6,1700,2,10,1,1
201404EF14019,2,3,0,18,0,0,1,0,0,0,4,1,6,1,24,5,-1,-1,-1,1,1
201404EF14020,1,9,0,18,0,1,0,10,1,0,1,1,2,2,60,9,999,1,4,4,1
201404EF14020,2,9,0,9,0,1,0,0,0,0,2,1,2,2,56,9,1339,1,5,8,3
201404EF14020,3,9,0,18,0,1,0,0,0,0,0,1,6,3,-1,-1,-1,-1,-1,-1,-1
201404EF14021,1,11,0,5,0,1,0,0,0,0,0,1,6,1,57,9,9600,2,13,3,1
201404EF14022,1,9,0,9,0,6,0,0,0,0,3,1,2,1,29,6,1242,1,9,6,1
201404EF14022,2,9,0,18,0,1,0,0,0,0,1,1,2,2,36,7,1596,1,10,8,3
201404EF14023,1,9,0,17,0,1,0,0,1,2,1,1,6,1,37,7,998,1,10,3,1
201404EF14024,1,9,0,18,0,1,0,0,0,0,1,1,6,3,-1,-1,-1,-1,-1,-1,-1
201404EF14024,2,9,0,3,0,1,0,0,0,0,2,1,6,1,58,9,1997,2,1,1,1
201404EF14025,1,9,0,9,0,5,0,0,0,0,1,1,6,1,61,9,1248,1,2,6,1
201404EF14025,2,1,0,18,0,8,0,0,0,0,1,1,6,1,43,7,-1,-1,-1,5,3
201404EF14026,1,9,0,16,0,0,1,10,2,0,1,1,6,1,44,7,1997,2,9,2,1
201404EF14026,2,9,0,3,0,0,0,0,0,0,2,1,6,2,49,8,1229,1,7,1,1
201404EF14027,1,9,0,9,0,2,0,0,0,0,1,1,6,1,43,7,1997,2,14,4,1
201404EF14030,1,11,0,18,0,0,0,0,0,0,0,1,6,1,57,9,9000,2,7,6,1
201404EF14031,1,9,0,18,0,0,0,0,1,1,1,1,6,1,29,6,1124,1,11,7,1
201404EF14032,1,1,0,18,0,1,5,0,0,0,3,1,6,1,22,5,-1,-1,-1,8,1
201404EF14032,2,9,0,13,0,1,0,0,0,0,4,1,6,1,32,6,1598,1,13,1,1
201404EF14033,1,9,0,18,0,0,1,0,0,0,4,1,6,1,24,5,1995,2,7,5,1
201404EF14034,1,9,0,10,0,1,0,0,0,0,1,1,6,2,61,9,998,1,5,2,1
201404EF14034,2,9,0,9,0,1,0,0,0,0,3,1,6,1,22,5,1360,1,6,2,1
201404EF14035,1,9,0,3,0,0,0,0,0,0,1,1,6,1,22,5,973,1,14,3,1
201404EF14035,2,9,0,18,0,0,1,0,2,2,4,1,6,1,49,8,1910,2,6,1,1
201404EF14036,1,9,0,18,0,8,0,0,0,0,1,1,6,2,39,7,1995,2,8,3,1
201404EF14037,1,9,0,18,0,8,0,0,0,0,1,1,6,2,33,6,1598,1,10,-1,-1
201404EF14037,2,9,0,18,0,8,0,0,0,0,3,1,6,2,33,6,1086,1,9,2,1
201404EF14038,1,9,0,18,6,6,0,0,0,0,1,1,6,1,27,6,1199,1,12,2,1
201404EF14038,2,3,0,9,0,8,0,0,0,0,3,1,6,1,22,5,124,1,13,2,1
201404EF14039,1,9,0,18,0,0,0,0,0,0,1,1,6,2,42,7,998,1,15,3,1
201404EF14040,1,9,0,12,0,8,0,0,0,0,3,1,2,2,40,7,1229,1,8,1,1
201404EF14040,2,9,0,18,0,8,0,0,0,0,4,1,2,1,34,6,2993,2,6,8,1
201404EF14041,1,9,0,18,0,8,0,0,1,0,1,1,6,2,61,9,1198,1,1,-1,-1
201404EF14041,2,9,0,2,0,8,0,0,0,0,1,1,6,1,84,11,1339,1,3,-1,-1
201404EF14042,1,9,0,2,0,0,0,0,0,0,2,1,6,2,20,4,1199,1,11,-1,-1
201404EF14042,2,9,0,2,0,0,0,0,0,0,2,1,6,3,-1,-1,-1,-1,-1,-1,-1
201404EF14044,1,9,0,18,0,0,1,0,5,6,1,1,6,2,38,7,2776,2,10,3,1
201404EF14045,1,9,0,5,0,2,0,0,0,0,1,1,6,1,40,7,1995,2,4,8,1
201404EF14046,1,9,0,4,0,0,0,0,0,0,2,1,2,1,31,6,1956,2,2,4,1
201404EF14046,2,9,0,4,0,0,2,0,0,0,1,1,6,1,34,6,1995,2,3,1,1
201404EF14046,3,8,0,4,0,0,1,0,0,0,1,1,1,1,28,6,1686,2,7,1,1
201404EF14047,1,10,0,2,0,0,0,0,0,0,0,1,1,1,52,8,-1,-1,-1,2,1
201404EF14048,1,9,0,13,0,8,0,4,0,0,1,1,2,1,24,5,5654,7,7,2,1
201404EF14048,2,9,0,9,0,6,0,0,0,0,1,1,2,1,46,8,1198,1,12,5,2
201404EF14048,3,9,0,2,0,8,0,0,0,0,3,1,6,3,-1,-1,1149,1,4,-1,-1
201404EF14049,1,9,0,18,0,3,0,0,0,0,1,1,1,2,28,6,1587,1,9,4,1
201404EF14049,2,8,0,18,0,3,0,0,0,0,2,1,1,1,58,9,2231,2,8,-1,-1
201404EF14052,1,9,0,18,0,1,1,0,1,2,3,1,6,1,25,5,1299,1,17,1,1
201404EF14052,2,9,0,18,0,1,0,0,0,0,0,1,1,3,40,7,2993,2,1,1,1
201404EF14053,1,9,0,17,9,8,1,10,7,10,3,1,6,1,21,5,1995,2,9,2,1
201404EF14054,1,9,0,17,0,0,1,0,8,6,1,1,6,1,35,6,1422,2,5,5,3
201404EF14055,1,9,0,9,0,0,0,0,0,0,1,1,6,2,51,8,1242,1,1,3,1
201404EF14055,2,9,0,18,0,0,0,0,0,0,4,1,6,1,72,10,1388,1,3,2,1
201404EF14056,1,9,0,18,0,0,0,0,0,0,1,1,6,2,27,6,1390,1,5,2,1
201404EF14056,2,9,0,3,0,0,0,0,0,0,0,1,6,1,56,9,2987,2,7,2,1
201404EF14057,1,9,0,1,0,0,0,0,0,0,0,1,6,2,-1,-1,-1,-1,-1,-1,-1
201404EF14058,1,9,0,5,0,2,0,0,0,0,4,1,2,1,48,8,1968,2,1,7,1
201404EF14059,1,9,0,9,0,8,0,0,0,0,3,1,6,2,37,7,1968,2,5,4,3
201404EF14059,2,9,0,18,0,8,1,0,0,0,1,1,2,1,30,6,1422,2,9,3,1
201404EF14060,1,9,0,9,0,6,0,0,0,0,1,1,6,1,30,6,1388,1,13,1,1
201404EF14060,2,9,0,18,0,8,0,0,1,10,1,1,6,2,31,6,1560,2,3,-1,-1
201404EF14061,1,3,0,16,0,0,1,4,0,0,4,1,6,1,17,4,-1,-1,-1,1,1
201404EF14061,2,9,0,2,0,0,0,0,0,0,0,1,6,3,-1,-1,1991,2,4,-1,-1
201404EF14061,3,9,0,2,0,0,0,0,0,0,0,1,6,3,-1,-1,2295,1,13,-1,-1
201404EF14061,4,9,0,2,0,0,0,0,0,0,0,1,6,3,-1,-1,1598,2,-1,-1,-1
201404EF14061,5,9,0,2,0,0,0,0,0,0,0,1,6,3,-1,-1,1560,2,6,-1,-1
201404EF14062,1,9,0,18,0,0,2,0,1,10,1,1,2,1,26,6,1229,1,3,-1,-1
201404EF14062,2,9,0,2,0,0,0,0,0,0,3,1,6,1,62,9,1998,2,8,5,1
201404EF14063,1,9,0,9,0,6,0,0,0,0,1,1,2,2,20,4,1242,1,2,7,1
201404EF14063,2,9,0,18,0,8,0,0,0,0,4,1,2,1,55,8,1399,2,12,9,1
201404EF14064,1,11,0,4,0,6,0,0,0,0,0,1,1,2,53,8,9600,2,13,10,2
201404EF14065,1,3,0,18,0,8,0,0,0,0,1,1,2,1,25,5,124,1,5,2,1
201404EF14065,2,9,0,9,0,5,0,0,0,0,1,1,2,2,43,7,1910,2,6,3,1
201404EF14066,1,9,0,4,0,0,0,0,0,0,1,1,1,1,30,6,1796,1,4,2,1
201404EF14066,2,9,0,3,0,0,0,0,0,0,2,1,6,2,44,7,1896,2,10,4,1
201404EF14066,3,9,0,3,0,0,0,0,0,0,2,1,6,2,34,6,1997,2,10,3,1
201404EF14067,1,9,0,18,0,8,0,0,0,0,4,1,2,1,51,8,1360,1,4,1,1
201404EF14069,1,9,0,5,0,6,0,0,0,1,3,1,6,1,21,5,2231,2,6,1,1
201404EF14069,2,9,0,18,0,1,0,0,0,0,1,1,6,1,24,5,1896,2,15,2,1
201404EF14070,1,9,0,17,9,0,1,7,1,2,1,1,6,2,43,7,2495,2,11,6,3
201404EF14071,1,9,0,18,0,8,2,0,1,0,1,1,6,1,29,6,1149,1,10,1,1
201404EF14071,2,9,0,18,0,8,0,0,0,0,1,1,6,1,24,5,1296,1,5,3,1
201404EF14072,1,9,0,18,0,8,0,0,0,0,1,1,6,1,45,7,1598,2,-1,3,1
201404EF14073,1,9,0,9,0,5,0,0,0,0,1,1,6,2,20,4,998,1,11,3,1
201404EF14073,2,9,0,18,0,1,0,11,1,0,1,1,6,1,21,5,1364,1,5,7,1
201404EF14074,1,9,0,10,0,2,0,0,0,0,3,1,6,1,37,7,1896,2,12,1,1
201404EF14074,2,1,0,18,0,1,0,0,0,0,1,1,6,1,44,7,-1,-1,-1,2,1
201404EF14075,1,9,0,1,0,5,0,0,0,0,2,1,6,2,65,9,1596,1,7,6,1
201404EF14076,1,9,0,18,0,8,0,0,0,0,1,1,2,1,42,7,-1,-1,-1,6,3
201404EF14076,2,9,0,18,0,8,0,0,0,0,3,1,6,2,30,6,1389,1,17,3,1
201404EF14077,1,9,0,4,0,8,0,0,0,0,2,1,6,2,33,6,1598,1,2,1,1
201404EF14077,2,9,0,5,6,6,0,0,0,0,1,1,6,1,68,10,1986,2,6,4,1
201404EF14078,1,9,0,18,0,0,0,0,0,0,1,1,1,2,21,5,1598,1,6,4,1
201404EF14078,2,9,0,18,0,0,0,0,0,0,2,1,1,2,24,5,1396,1,2,2,1
201404EF14079,1,9,0,16,0,1,0,0,0,0,4,1,3,2,68,10,1461,2,1,8,1
201404EF14080,1,9,0,2,4,2,0,0,0,0,0,1,6,2,38,7,1396,1,5,3,1
201404EF14080,2,1,0,18,0,1,0,0,0,0,0,1,6,2,41,7,-1,-1,-1,1,1
201404EF14081,1,9,0,18,0,8,0,0,0,0,1,1,6,2,26,6,1061,1,10,3,1
201404EF14081,2,9,0,18,0,8,0,0,0,0,2,1,6,1,47,8,999,1,15,8,1
201404EF14082,1,9,0,9,0,5,0,0,0,0,1,1,6,2,55,8,1968,2,1,8,1
201404EF14083,1,9,0,6,0,0,0,0,0,0,3,1,6,1,24,5,1591,1,4,2,1
201404EF14083,2,9,0,18,0,0,0,0,0,0,1,1,6,2,18,4,1242,1,1,1,1
201404EF14084,1,8,0,18,0,8,0,0,0,0,1,1,1,1,46,8,1896,2,5,1,1
201404EF14084,2,8,0,18,0,8,0,0,0,0,2,1,1,1,32,6,1910,2,6,4,1
201404EF14085,1,9,0,18,0,0,0,0,1,10,4,1,6,1,24,5,1242,1,5,2,1
201404EF14086,1,8,0,18,0,8,0,0,0,0,1,1,1,1,53,8,1596,1,9,1,1
201404EF14087,1,21,0,18,0,0,0,0,0,0,1,1,6,1,27,6,5861,2,14,8,2
201404EF14087,2,9,0,4,0,0,0,0,7,10,2,1,6,1,27,6,1248,2,9,-1,-1
201404EF14088,1,9,0,18,0,1,0,0,0,0,4,1,6,3,-1,-1,-1,-1,-1,-1,-1
201404EF14089,1,8,0,18,0,0,1,0,1,10,4,1,1,1,40,7,1995,2,9,1,1
201404EF14090,1,9,0,4,0,0,1,0,0,1,3,1,2,1,25,5,1900,2,9,1,1
201404EF14091,1,9,0,5,0,0,0,0,0,0,4,1,6,1,49,8,1364,1,5,-1,-1
201404EF14091,2,4,0,6,0,0,0,0,0,0,1,1,6,1,26,6,-1,-1,-1,1,1
201404EF14092,1,9,0,4,0,8,1,0,0,0,1,1,6,2,62,9,-1,-1,-1,-1,-1
201404EF14092,2,9,0,18,0,8,0,0,0,0,3,1,6,1,45,7,1596,1,2,1,1
201404EG14002,1,8,0,18,0,0,0,0,0,0,1,1,1,1,32,6,1910,2,7,1,1
201404EG14003,1,9,0,4,0,2,0,0,0,0,1,1,1,1,35,6,1956,2,5,-1,1
201404EG14003,2,9,0,4,0,2,0,0,0,0,2,1,6,1,38,7,1598,2,2,1,1
201404EG14004,1,9,0,16,0,0,2,0,8,4,1,1,2,1,17,4,973,1,11,9,3
201404EG14005,1,9,0,7,0,6,0,0,0,0,1,1,3,2,42,7,1596,1,18,1,1
201404EG14005,2,9,0,18,0,8,0,0,0,0,4,1,3,2,47,8,1896,2,6,1,1
201404EG14006,1,3,0,9,0,5,0,0,0,0,1,1,6,1,47,8,124,1,11,2,1
201404EG14006,2,9,0,7,0,3,0,0,0,0,4,1,2,2,51,8,998,1,4,8,1
201404EG14007,1,9,0,5,0,1,0,0,0,0,1,1,6,3,-1,-1,-1,-1,-1,-1,-1
201404EG14007,2,9,0,8,0,1,0,0,0,0,2,1,2,2,29,6,1364,1,9,8,1
201404EG14008,1,9,0,16,0,0,2,0,1,2,1,1,6,2,52,8,1998,1,8,7,3
201404EG14009,1,9,0,18,0,0,2,0,1,10,1,1,6,1,30,6,1870,2,12,9,3
201404EG14010,1,9,0,18,0,8,0,0,0,0,3,1,6,1,32,6,1360,1,4,7,1
201404EG14010,2,9,0,18,0,8,0,0,0,0,1,1,6,1,19,4,1200,1,1,8,3
201404EG14011,1,9,0,18,0,8,0,0,0,0,1,1,6,1,58,9,1198,1,3,5,1
201404EG14011,2,9,0,3,0,8,0,0,0,0,2,1,6,1,65,9,1360,1,9,8,3
201404EG14011,3,9,0,3,0,8,0,0,0,0,2,1,6,2,27,6,1998,2,9,-1,-1
201404EG14012,1,9,5,18,0,8,0,0,0,0,1,1,6,2,51,8,1999,1,4,5,1
201404EG14012,2,9,0,3,0,8,0,0,0,0,2,1,6,2,37,7,1598,1,8,10,1
201404EG14012,3,9,0,3,0,8,0,0,0,0,2,1,6,2,35,6,-1,-1,-1,7,2
201404EG14013,1,9,0,15,0,0,0,0,0,0,0,1,6,3,-1,-1,-1,-1,-1,-1,-1
201404EG14013,2,9,0,18,0,0,0,0,0,0,1,1,2,1,36,7,1896,2,11,-1,-1
201404EG14013,3,9,0,18,0,0,0,0,0,0,1,1,2,2,49,8,1397,1,5,1,1
201404EG14014,1,9,0,18,0,3,0,0,0,0,1,1,3,2,32,6,1461,2,6,9,3
201404EG14015,1,9,0,9,0,6,0,0,0,0,1,1,6,1,48,8,1398,2,11,1,1
201404EG14015,2,1,0,18,0,8,0,0,0,0,4,1,6,1,20,4,-1,-1,-1,6,1
201404EG14017,1,9,0,9,0,1,0,0,0,0,1,1,6,1,71,10,1968,2,5,2,1
201404EG14017,2,9,0,18,2,2,0,0,0,0,1,1,6,1,23,5,1796,1,7,-1,3
201404EG14018,1,9,0,18,9,1,1,10,7,1,1,1,6,1,19,4,2982,2,-1,3,1
201404EG14019,1,9,0,5,0,1,0,0,0,0,1,1,6,2,36,7,2179,2,1,8,1
201404EG14019,2,3,0,18,0,8,0,0,0,0,1,1,6,1,21,5,125,1,4,1,1
201404EG14020,1,9,0,9,0,5,0,0,0,0,3,1,6,1,40,7,998,1,1,-1,3
201404EG14020,2,5,0,13,0,8,0,0,0,0,4,1,6,1,55,8,1198,1,-1,4,1
201404EG14021,1,9,0,18,0,8,0,0,0,0,1,1,6,1,20,4,1995,2,12,3,1
201404EG14021,2,9,0,18,0,8,0,0,0,0,1,1,2,1,46,8,1998,2,6,8,1
201404EG14022,1,9,0,18,0,0,0,0,0,0,1,1,6,3,-1,-1,-1,-1,-1,-1,-1
201404EG14023,1,9,0,9,0,6,0,0,0,0,3,1,6,1,27,6,1896,2,9,1,1
201404EG14023,2,3,0,18,0,6,0,0,0,0,1,1,6,1,19,4,125,1,-1,8,1
201404EG14024,1,9,0,18,0,8,0,0,0,0,1,1,6,3,-1,-1,-1,-1,-1,-1,-1
201404EG14025,1,9,0,16,0,1,1,0,0,0,3,1,1,1,18,4,2495,2,12,8,1
201404EG14025,2,9,0,9,0,6,0,0,0,0,2,1,6,1,70,10,1560,2,-1,6,1
201404EG14026,1,9,0,18,0,3,0,0,0,0,1,1,6,1,86,11,1339,1,2,7,1
201404EG14027,1,9,0,18,0,8,0,0,0,0,1,1,6,2,29,6,1242,1,7,2,1
201404EG14028,1,9,0,18,0,8,0,0,0,0,1,1,2,1,29,6,1242,1,13,4,1
201404EG14029,1,17,4,17,0,0,3,4,0,0,1,1,1,1,25,5,-1,2,16,6,3
201404EG14029,2,9,0,2,0,0,0,0,0,0,3,1,3,2,37,7,2685,2,10,8,3
201404EG14029,3,19,0,16,0,0,0,10,0,0,0,1,1,1,49,8,1998,2,12,5,1
201404EG14030,1,9,0,18,0,0,0,0,0,0,1,1,6,1,23,5,1900,2,15,-1,-1
201404EG14030,2,9,0,18,0,0,0,0,0,0,1,1,6,2,39,7,998,1,14,1,1
201404EG14031,1,9,0,1,8,2,0,0,0,0,2,1,6,1,53,8,1596,1,12,6,3
201404EG14032,1,9,0,9,0,6,0,0,0,10,1,1,2,2,24,5,1242,1,8,5,1
201404EG14032,2,9,0,18,0,8,0,0,0,0,1,1,2,1,34,6,-1,-1,-1,8,1
201404EG14033,1,9,0,18,0,1,0,0,0,0,1,1,6,1,81,11,998,1,-1,7,1
201404EG14034,1,9,0,18,0,4,0,0,0,0,3,1,6,2,42,7,2488,2,3,8,3
201404EG14034,2,1,0,18,0,8,0,0,0,0,3,1,6,1,39,7,-1,-1,-1,8,1
201404EG14035,1,9,0,9,0,6,0,0,0,0,3,1,6,2,34,6,1248,2,6,4,1
201404EG14035,2,2,0,18,0,1,0,0,0,0,1,1,6,1,17,4,49,1,4,7,1
201404EG14035,3,9,0,7,0,5,0,0,0,0,0,1,6,3,-1,-1,-1,-1,-1,-1,-1
201404EG14036,1,1,0,18,0,0,0,0,0,0,3,1,6,1,48,8,-1,-1,-1,8,1
201404EG14037,1,9,0,16,0,0,2,0,1,4,1,1,6,1,21,5,1390,1,9,9,1
201404EG14038,1,9,0,16,0,8,5,0,7,2,1,1,6,2,23,5,1364,2,7,1,1
201404EG14039,1,19,0,18,0,1,0,0,0,0,1,1,1,1,20,4,2402,2,8,10,1
201404EG14039,2,9,0,4,0,1,0,0,0,0,2,1,6,1,90,11,1242,1,6,1,1
201404EG14040,1,9,0,18,0,8,0,0,0,0,3,1,6,1,81,11,1753,2,12,8,2
201404EG14040,2,9,0,7,0,3,0,0,0,0,4,1,6,1,19,4,1910,2,10,4,1
201404EG14041,1,21,1,16,0,0,0,11,0,0,4,1,1,3,-1,-1,-1,-1,-1,-1,-1
201404EG14041,2,9,0,16,0,0,0,11,0,0,1,1,6,1,64,9,1560,2,3,-1,-1
201404EG14042,1,9,0,5,0,4,0,0,0,0,0,1,6,2,24,5,1242,1,4,8,1
201404EG14043,1,9,0,9,0,6,0,0,0,0,3,1,6,2,74,10,1296,1,8,3,1
201404EG14043,2,9,0,18,0,8,0,0,0,0,4,1,6,2,18,4,1364,2,8,3,1
201404EG14044,1,9,0,18,0,1,0,0,0,0,1,1,1,1,58,9,-1,-1,-1,4,2
201404EG14044,2,9,0,3,0,1,0,0,0,0,2,1,6,2,24,5,1248,2,6,1,1
201404EG14045,1,19,0,18,0,0,0,0,0,0,4,1,6,1,38,7,2198,2,2,8,3
201404EG14045,2,16,0,18,0,0,0,0,1,0,4,1,6,2,47,8,-1,-1,-1,8,1
201404EG14045,3,16,0,18,0,0,0,0,1,0,2,1,6,2,46,8,-1,-1,-1,7,3
201404EG14046,1,8,0,18,0,0,0,0,0,0,1,1,6,3,-1,-1,-1,-1,-1,-1,-1
201404EG14047,1,9,0,18,0,0,1,0,1,2,1,1,2,1,19,4,998,1,6,1,1
201404EG14048,1,9,0,18,0,8,0,0,0,0,1,1,6,3,-1,-1,1997,2,12,-1,-1
201404EG14048,2,9,0,18,0,8,0,0,0,0,2,1,6,1,43,7,1364,2,7,5,1
201404EG14049,1,9,0,18,0,1,0,0,0,0,1,1,6,2,27,6,1242,1,-1,6,1
201404EG14049,2,9,0,10,0,1,0,0,0,0,2,1,1,1,17,4,1198,1,3,6,3