Accident_Index,Vehicle_Reference,Vehicle_Type,Towing_and_Articulation,Vehicle_Manoeuvre,Vehicle_Location-Restricted_Lane,Junction_Location,Skidding_and_Overturning,Hit_Object_in_Carriageway,Vehicle_Leaving_Carriageway,Hit_Object_off_Carriageway,1st_Point_of_Impact,Was_Vehicle_Left_Hand_Drive?,Journey_Purpose_of_Driver,Sex_of_Driver,Age_of_Driver,Age_Band_of_Driver,Engine_Capacity_(CC),Propulsion_Code,Age_of_Vehicle,Driver_IMD_Decile,Driver_Home_Area_Type
201404EL14143,2,1,0,18,0,8,0,0,0,0,1,1,2,1,55,8,-1,-1,-1,-1,-1
201404EL14144,1,9,0,18,0,6,0,0,0,0,0,1,6,1,36,7,2497,2,8,1,1
201404EL14144,2,3,0,18,0,8,0,0,0,0,1,1,2,1,51,8,-1,-1,-1,4,1
201404EL14145,1,9,0,4,0,1,0,0,0,0,1,1,6,1,54,8,1991,2,8,1,1
201404EL14145,2,9,0,4,0,1,0,0,0,0,2,1,6,2,55,8,1360,1,3,8,1
201404EL14146,1,9,0,18,0,0,2,0,0,0,1,1,6,1,20,4,998,1,23,2,1
201404EL14146,2,9,0,16,0,0,2,0,0,0,1,1,6,1,58,9,2148,2,8,8,1
201404EL14147,1,9,0,18,0,0,0,0,0,0,1,1,6,1,29,6,1761,1,14,2,1
201404EL14147,2,9,0,18,0,0,0,0,0,0,2,1,6,2,34,6,1995,2,1,8,1
201404EN14001,1,9,0,18,0,1,0,0,0,0,1,1,1,1,54,8,1995,2,8,7,3
201404EN14002,1,9,0,9,0,6,0,0,0,0,1,1,2,1,23,5,998,1,7,1,1
201404EN14002,2,9,0,18,0,1,0,0,0,0,4,1,2,1,44,7,1590,1,13,1,1
201404EN14003,1,9,0,16,0,1,1,0,2,2,1,1,6,1,25,5,1560,2,7,9,2
201404EN14003,2,9,0,16,0,1,1,0,0,0,1,1,6,1,19,4,1396,1,11,9,3
201404EN14004,1,9,0,7,0,6,0,0,0,0,1,1,6,1,75,10,2995,1,8,8,1
201404EN14004,2,9,0,18,0,1,0,0,0,0,4,1,6,1,33,6,1560,2,8,7,1
201404EN14005,1,9,0,17,0,0,0,0,0,0,0,1,6,3,-1,-1,-1,-1,-1,-1,-1
201404EN14005,2,9,0,16,0,0,2,0,0,0,1,1,6,1,33,6,973,1,13,7,1
201404EN14006,1,9,0,13,0,1,0,4,0,0,1,1,6,1,59,9,1598,1,11,6,3
201404EN14006,2,19,0,2,0,3,0,4,0,0,2,1,6,1,43,7,1998,2,11,-1,-1
201404EN14006,3,9,0,2,0,2,0,0,0,0,1,1,6,3,-1,-1,998,1,3,-1,-1
201404EN14006,4,9,0,10,0,1,0,0,0,0,0,1,6,2,33,6,1329,1,1,8,1
201404EN14007,1,9,0,18,0,4,0,0,0,0,1,1,6,2,82,11,1339,1,3,8,1
201404EN14008,1,9,0,18,0,0,0,0,0,0,0,1,6,1,34,6,2987,2,4,10,1
201404EN14008,2,19,0,18,0,0,5,0,7,0,1,1,1,1,28,6,1995,2,7,1,1
201404EN14008,3,9,0,18,0,0,1,0,1,0,3,1,6,1,50,8,1197,1,1,10,1
201404EN14009,1,9,0,18,0,0,0,0,7,3,1,1,6,1,27,6,1598,1,5,7,3
201404EN14010,1,9,0,18,0,2,0,4,0,0,3,1,6,1,87,11,998,1,27,8,3
201404EN14010,2,9,0,3,0,2,0,0,0,0,3,1,6,2,23,5,998,1,8,8,3
201404EN14011,1,9,0,15,0,1,0,0,0,0,4,1,6,2,47,8,1598,1,7,8,2
201404EN14012,1,9,0,17,0,0,0,0,1,4,1,1,6,1,67,10,1997,2,1,8,1
201404EN14013,1,9,0,18,0,0,0,0,0,0,4,1,6,3,-1,-1,-1,-1,-1,-1,-1
201404EN14014,1,3,0,18,0,0,0,11,0,0,1,1,2,1,63,9,124,1,6,5,3
201404EN14015,1,9,0,5,0,6,0,0,0,0,1,1,6,1,21,5,1999,1,8,9,3
201404EN14015,2,1,0,18,0,8,0,0,0,0,1,1,6,1,21,5,-1,-1,-1,-1,-1
201404EN14016,1,9,0,18,0,0,0,0,0,0,1,1,6,2,19,4,998,1,8,7,2
201404EN14017,1,9,0,18,0,1,0,0,0,0,4,1,6,1,71,10,1332,1,15,1,1
201404EN14017,2,9,0,18,0,1,0,0,0,0,2,1,6,1,51,8,1968,2,6,7,3
201404EN14017,3,1,0,18,0,1,0,0,0,0,1,1,6,1,55,8,-1,-1,-1,10,2
201404EN14018,1,9,0,9,0,1,0,0,0,0,1,1,3,2,39,7,1796,1,4,10,2
201404EN14018,2,1,0,18,0,8,0,0,0,0,4,1,6,1,21,5,-1,-1,-1,10,1
201404EN14019,1,5,0,18,0,0,0,0,0,0,1,1,6,1,39,7,-1,-1,-1,7,1
201404EN14019,2,9,0,9,0,0,0,0,0,0,3,1,6,2,64,9,2179,2,1,7,2
201404EN14020,1,20,0,1,0,0,0,0,0,0,2,1,1,1,41,7,4461,2,6,7,1
201404EN14020,2,19,0,2,0,0,0,0,0,0,1,1,1,1,55,8,2998,2,4,6,2
201404EN14021,1,17,0,9,0,5,0,0,0,0,4,1,1,1,18,4,4400,2,7,9,3
201404EN14021,2,5,0,18,0,1,2,0,0,0,1,1,6,1,42,7,636,1,12,1,1
201404EN14021,3,17,4,3,0,1,3,0,0,0,0,1,1,1,19,4,-1,2,9,8,3
201404EN14022,1,9,0,18,0,0,0,0,0,0,3,1,6,1,55,8,1360,1,11,7,1
201404EN14023,1,9,0,4,0,2,0,0,0,0,1,1,6,1,62,9,2204,2,7,8,1
201404EN14023,2,9,0,4,0,2,0,0,0,0,2,1,6,1,39,7,1590,1,22,8,2
201404EN14024,1,9,0,16,0,1,1,0,0,0,3,1,6,1,22,5,1248,2,2,8,3
201404EN14024,2,9,0,17,0,1,0,0,0,0,3,1,6,1,63,9,1364,1,6,10,3
201404EN14025,1,9,0,18,0,0,0,0,1,0,3,1,6,1,38,7,1998,1,22,6,2
201404EN14026,1,9,0,18,0,0,1,0,0,0,1,1,6,1,24,5,-1,-1,-1,6,1
201404EN14026,2,9,0,18,0,0,0,0,0,0,1,1,6,1,24,5,-1,-1,-1,1,1
201404EN14027,1,9,0,16,0,0,0,0,0,4,1,1,6,1,19,4,1995,2,9,9,2
201404EN14027,2,9,0,18,0,0,0,0,0,4,3,1,6,1,56,9,-1,-1,-1,9,2
201404EN14028,1,11,0,18,0,0,0,0,0,0,4,1,6,1,56,9,4462,2,4,-1,-1
201404EN14029,1,9,0,18,0,0,0,0,0,0,1,1,6,2,77,11,1198,1,3,10,1
201404EN14029,2,9,0,4,0,0,0,0,0,0,2,1,6,1,40,7,1896,2,9,8,1
201404EN14029,3,9,0,3,0,0,0,0,0,0,2,1,6,1,32,6,1360,1,7,2,1
201404EN14029,4,9,0,10,0,0,0,0,0,0,2,1,6,1,31,6,1686,2,4,9,2
201404EN14030,1,9,0,5,0,6,0,0,0,0,1,1,6,1,51,8,1910,2,5,10,2
201404EN14030,2,9,0,18,0,1,0,0,0,0,1,1,6,2,27,6,1968,2,7,10,1
201404EN14031,1,9,0,18,0,8,0,0,0,0,3,1,6,2,66,10,-1,-1,-1,7,2
201404EN14031,2,9,0,18,0,8,0,0,0,0,1,1,6,2,34,6,1783,1,12,8,1
201404EN14032,1,9,0,16,0,0,1,10,1,10,1,1,6,1,19,4,1299,1,14,10,2
201404EN14033,1,9,0,18,0,0,0,0,0,0,4,1,2,2,18,4,1598,1,10,9,3
201404EN14034,1,9,0,9,0,1,0,0,0,0,4,1,1,1,44,7,1753,2,8,9,1
201404EN14034,2,1,0,18,0,8,0,0,0,0,1,1,6,1,66,10,-1,-1,-1,5,2
201404EN14035,1,9,0,18,0,1,0,11,0,0,1,1,6,2,43,7,1560,2,6,8,3
201404EN14036,1,9,0,5,0,6,0,0,0,0,3,1,1,1,19,4,1999,1,1,10,2
201404EN14036,2,9,0,13,0,1,0,0,0,0,4,1,1,2,21,5,998,1,13,9,1
201404EN14037,1,9,0,17,0,0,0,0,1,10,1,1,6,2,79,11,1240,1,4,5,1
201404EN14038,1,5,0,18,0,0,1,0,7,9,4,1,6,1,54,8,998,1,9,8,1
201404EN14039,1,9,0,10,9,1,0,0,0,0,1,1,6,2,67,10,1197,1,2,-1,-1
201404EN14039,2,9,0,9,5,8,0,0,0,0,3,1,6,1,57,9,2143,2,2,6,3
201404EN14040,1,9,0,18,0,0,1,0,7,0,1,1,6,1,20,4,998,1,15,-1,-1
201404EN14040,2,9,0,18,0,0,0,0,1,0,1,1,2,2,36,7,1242,1,7,5,3
201404EN14041,1,5,0,18,0,0,0,12,0,0,1,1,6,1,25,5,599,1,9,7,1
201404EN14042,1,11,0,18,0,8,1,0,0,0,1,1,1,1,39,7,9600,2,16,6,1
201404EN14042,2,9,0,18,0,8,0,0,0,0,2,1,6,2,45,7,1386,1,6,9,3
201404EN14042,3,9,0,18,0,8,0,0,0,0,2,1,6,1,74,10,2204,2,5,7,1
201404EN14042,4,9,0,18,0,8,0,0,0,0,2,1,6,1,57,9,1968,2,4,10,2
201404EN14043,1,21,1,18,0,0,0,0,0,0,3,1,1,1,48,8,10837,2,3,6,1
201404EN14043,2,9,0,18,0,0,5,7,6,1,4,1,6,1,35,6,1896,2,12,1,1
201404EN14044,1,9,0,18,0,0,2,0,7,0,1,1,6,1,21,5,1199,1,13,10,1
201404EN14045,1,9,0,18,0,3,0,0,0,0,0,1,6,1,26,6,-1,-1,-1,2,2
201404EN14045,2,5,0,18,0,3,0,0,0,0,0,1,6,1,61,9,1157,1,17,2,1
201404EN14046,1,5,0,4,0,8,2,0,0,0,3,1,6,1,66,10,649,1,5,6,1
201404EN14048,1,9,0,18,0,1,0,0,0,0,1,1,6,1,39,7,2143,2,-1,10,2
201404EN14048,2,9,0,4,0,1,0,0,0,0,2,1,6,2,40,7,1149,1,9,3,1
201404EN14048,3,9,0,3,0,1,0,0,0,0,2,1,6,1,42,7,1798,8,2,8,1
201404EN14049,1,9,0,16,0,0,2,0,2,10,1,1,6,1,19,4,1360,1,14,6,1
201404EN14050,1,9,0,9,0,5,0,0,0,0,1,1,6,1,37,7,1968,2,3,10,1
201404EN14050,2,1,0,18,0,1,0,0,0,0,1,1,6,1,46,8,-1,-1,-1,7,1
201404EN14051,1,9,0,18,0,0,0,0,0,0,1,1,6,1,17,4,-1,-1,-1,7,3
201404EN14051,2,9,0,4,0,0,0,0,0,0,2,1,2,1,25,5,1598,2,2,10,1
201404EN14052,1,3,0,17,0,0,0,0,1,0,0,1,2,1,19,4,124,1,-1,3,1
201404EN14053,1,9,0,18,0,0,1,10,7,1,1,1,6,1,19,4,998,1,29,7,1
201404EN14054,1,9,0,9,0,6,0,0,0,0,1,1,2,1,23,5,1390,1,3,8,3
201404EN14054,2,9,4,18,0,8,0,0,0,0,4,1,3,1,65,9,-1,-1,-1,6,3
201404EN14055,1,9,0,18,0,0,0,0,0,0,1,1,6,2,58,9,1364,2,5,6,3
201404EN14056,1,9,0,5,0,6,0,0,0,0,3,1,6,2,72,10,1386,1,6,4,1
201404EN14056,2,90,0,18,0,8,0,0,0,0,1,1,1,1,42,7,2999,2,4,2,1
201404EN14057,1,9,0,18,0,0,0,0,1,4,4,1,6,2,68,10,998,1,8,8,3
201404EN14058,1,9,0,15,0,1,0,0,0,0,4,1,6,3,-1,-1,-1,-1,-1,-1,-1
201404EN14058,2,1,0,15,0,1,0,0,0,0,3,1,6,1,59,9,-1,-1,-1,9,2
201404EN14059,1,5,0,17,0,0,0,0,1,0,3,1,6,1,55,8,998,1,4,9,1
201404EN14060,1,9,0,18,0,1,0,0,0,0,1,1,6,1,77,11,1399,2,9,5,3
201404EN14060,2,9,0,10,0,5,0,0,0,0,2,1,6,2,35,6,1781,1,13,-1,-1
201404EN14061,1,4,0,17,0,8,1,0,1,10,4,1,6,1,21,5,471,1,1,10,1
201404EN14062,1,3,0,18,0,2,0,0,0,0,1,1,6,1,21,5,125,1,13,5,1
201404EN14062,2,19,0,3,0,2,0,0,0,0,2,1,1,1,48,8,2198,2,5,8,2
201404EN14063,1,9,0,9,0,1,0,0,0,0,1,1,6,2,79,11,1399,1,5,8,3
201404EN14063,2,9,0,18,0,8,1,0,0,0,2,1,6,1,70,10,1598,1,7,10,1
201404EN14064,1,1,0,17,0,2,0,0,0,0,1,1,2,2,46,8,-1,-1,-1,-1,-1
201404EN14065,1,9,0,9,0,8,0,0,0,0,4,1,6,1,44,7,-1,-1,-1,9,3
201404EN14065,2,9,0,18,0,8,1,0,0,0,1,1,6,1,22,5,1497,1,12,9,2
201404EN14066,1,9,0,5,9,7,0,10,7,1,3,1,6,2,26,6,973,1,16,7,3
201404EN14067,1,2,0,18,0,0,1,0,0,0,1,1,6,1,16,4,49,1,2,6,3
201404EN14067,2,9,0,18,0,0,0,0,0,0,1,1,6,1,53,8,3246,1,7,7,2
201404EN14068,1,9,0,18,0,0,0,0,0,0,1,1,6,1,33,6,4163,1,7,4,1
201404EN14068,2,9,0,2,0,0,0,0,0,0,3,1,6,1,59,9,1794,1,11,-1,-1
201404EN14069,1,9,0,17,0,0,0,0,7,4,4,1,6,2,59,9,1390,1,7,5,1
201404EN14070,1,9,0,18,0,0,2,0,0,0,4,1,6,1,23,5,1124,1,7,6,2
201404EN14071,1,9,0,18,0,0,5,0,7,0,0,1,6,2,22,5,1398,2,11,10,1
201404EN14072,1,9,0,18,0,1,0,0,0,0,1,1,6,1,38,7,-1,-1,-1,6,1
201404EN14072,2,9,0,3,0,1,0,0,0,0,3,1,6,2,61,9,1339,1,5,6,1
201404EN14073,1,9,0,18,0,2,0,0,0,0,1,1,6,1,18,4,1360,1,11,6,1
201404EN14073,2,9,0,3,0,2,0,0,0,0,2,1,6,1,30,6,998,1,10,4,1
201404EN14074,1,9,0,18,0,0,0,11,0,0,1,1,1,1,37,7,2982,2,5,9,3
201404EN14075,1,11,0,18,0,0,0,0,0,0,4,1,1,1,63,9,9600,2,12,2,1
201404EN14075,2,1,0,18,4,0,0,0,1,0,3,1,6,1,65,9,-1,-1,-1,3,1
201404EN14076,1,5,0,13,0,1,0,0,0,0,1,1,6,1,34,6,1157,1,8,2,1
201404EN14076,2,9,0,10,0,1,0,0,0,0,3,1,6,1,25,5,1124,1,9,9,3
201404EN14077,1,9,0,18,0,4,1,10,1,0,1,1,6,1,26,6,1910,2,7,8,3
201404EN14078,1,4,0,17,0,0,1,0,7,0,3,1,6,1,62,9,400,1,5,9,2
201404EN14079,1,3,0,16,0,0,0,0,0,0,3,1,6,1,18,4,124,1,1,7,3
201404EN14079,2,9,0,17,0,0,0,0,0,0,1,1,6,2,52,8,1910,2,3,9,3
201404EN14080,1,9,0,17,0,1,5,6,2,1,1,1,6,1,24,5,1396,1,10,9,2
201404EN14081,1,9,0,4,0,4,0,0,0,0,3,1,6,1,32,6,1896,2,11,1,1
201404EN14081,2,9,0,18,0,4,0,0,0,0,1,1,2,1,25,5,1998,2,9,4,1
201404EN14082,1,19,0,18,0,8,0,0,0,0,3,1,1,1,71,10,2143,2,2,1,1
201404EN14082,2,19,0,18,0,8,0,0,0,0,1,1,1,1,52,8,1753,2,9,8,1
201404EN14083,1,9,0,18,0,1,0,0,0,0,1,1,6,2,34,6,1596,1,10,8,3
201404EN14084,1,5,0,17,0,0,0,0,0,0,0,1,6,1,66,10,999,1,2,6,1
201404EN14085,1,4,0,18,0,8,0,0,7,10,3,1,6,1,20,4,249,1,1,6,1
201404EN14086,1,5,0,5,0,4,0,0,0,0,4,1,6,2,52,8,599,1,8,7,1
201404EN14087,1,5,0,18,0,0,0,0,0,0,4,1,6,1,21,5,749,1,2,9,1
201404EN14087,2,9,0,9,0,0,0,0,0,0,3,1,6,1,35,6,2987,2,4,-1,-1
201404EN14088,1,9,0,18,0,2,0,0,0,0,1,1,6,2,39,7,1388,1,10,9,1
201404EN14088,2,9,0,18,9,1,0,0,0,0,1,1,6,1,53,8,1968,2,1,-1,-1
201404EN14089,1,9,0,18,0,1,0,0,0,0,1,1,6,2,68,10,-1,-1,-1,9,3
201404EN14089,2,9,0,9,0,5,0,0,0,0,2,1,6,2,53,8,1242,1,1,-1,-1
201404EN14090,1,9,0,5,0,2,0,0,0,0,3,1,6,1,55,8,1686,2,7,9,3
201404EN14090,2,5,0,18,0,2,0,0,7,0,4,1,6,1,47,8,680,1,6,9,2
201404EN14091,1,21,1,7,0,8,5,9,7,10,3,1,1,1,22,5,12900,2,6,7,2
201404EN14092,1,5,0,16,0,0,1,0,7,0,3,1,6,1,40,7,955,1,12,2,1
201404EN14093,1,9,0,18,0,0,0,4,0,0,1,1,6,1,20,4,1560,2,1,9,3
201404EN14093,2,9,0,2,0,0,0,0,1,0,2,1,1,2,27,6,1598,1,7,8,3
201404EN14094,1,17,0,9,0,8,0,0,0,0,3,1,1,1,25,5,-1,2,4,9,2
201404EN14094,2,9,0,18,0,8,0,0,0,0,1,1,6,2,53,8,1968,2,3,7,1
201404EN14095,1,9,0,18,0,0,0,4,2,10,1,1,6,1,25,5,1686,2,8,10,2
201404EN14095,2,9,0,2,0,0,0,0,1,2,1,1,6,3,-1,-1,1000,1,14,-1,-1
201404EN14096,1,3,0,13,0,1,0,0,0,0,4,1,1,1,20,4,125,1,7,7,1
201404EN14096,2,9,0,4,0,1,0,0,0,0,3,1,6,2,49,8,2204,2,6,10,3
201404EN14097,1,9,0,9,0,1,0,0,0,0,1,1,6,1,22,5,1995,2,5,5,1
201404EN14097,2,9,0,18,0,1,0,0,0,0,1,1,2,2,45,7,2902,2,10,8,3
201404EN14098,1,9,0,9,0,5,0,0,0,0,4,1,6,1,71,10,-1,-1,-1,10,2
201404EN14098,2,1,0,18,4,8,0,0,0,0,1,1,6,1,59,9,-1,-1,-1,9,3
201404EN14099,1,9,0,9,0,8,0,0,0,0,4,1,6,2,83,11,1198,1,3,9,1
201404EN14099,2,9,0,18,0,8,0,0,0,0,3,1,6,2,68,10,1598,1,12,9,1
201404EN14100,1,19,0,5,0,0,0,0,0,0,3,1,1,3,-1,-1,2400,2,7,-1,-1
201404EN14100,2,9,0,18,0,0,0,0,0,0,4,1,6,2,72,10,1339,1,3,5,3
201404EN14101,1,9,0,18,0,0,0,0,0,0,2,1,6,1,54,8,2198,2,1,9,2
201404EN14101,2,1,0,18,0,0,0,0,0,0,1,1,6,1,45,7,-1,-1,-1,8,1
201404EN14102,1,5,0,13,0,0,1,0,0,0,1,1,6,1,59,9,599,1,20,3,1
201404EN14102,2,9,0,18,0,0,1,0,1,10,1,1,6,1,43,7,998,1,4,4,1
201404EN14102,3,5,0,13,0,0,1,0,1,10,1,1,6,1,50,8,-1,-1,-1,7,3
201404EN14102,4,9,0,17,0,0,0,0,0,0,0,1,6,2,65,9,1364,2,8,9,1
201404EN14103,1,9,0,18,0,4,0,0,0,0,3,1,2,1,37,7,-1,-1,-1,2,1
201404EN14103,2,1,0,9,0,3,0,0,0,0,1,1,6,1,67,10,-1,-1,-1,4,1
201404EN14104,1,9,0,5,0,0,0,0,0,0,3,1,6,3,-1,-1,-1,-1,-1,-1,-1
201404FA14001,1,9,0,17,0,0,0,0,0,0,1,1,6,1,29,6,-1,-1,-1,1,1
201404FA14002,1,9,0,17,0,2,0,0,0,0,1,1,6,1,29,6,-1,-1,-1,8,1
201404FA14002,2,8,0,16,0,1,0,0,0,0,1,1,1,1,48,8,1896,2,6,1,1
201404FA14003,1,90,0,2,0,8,0,0,0,0,0,1,1,1,51,8,-1,-1,-1,3,1
201404FA14003,2,9,0,3,0,8,0,0,0,0,1,1,1,1,34,6,1995,2,13,2,1
201404FA14004,1,9,0,9,0,6,0,0,0,0,1,1,6,1,-1,-1,-1,-1,-1,-1,-1
201404FA14004,2,9,0,9,0,5,0,0,0,0,2,1,6,2,32,6,1199,1,11,1,1
201404FA14005,1,9,0,1,0,0,0,0,0,0,0,1,6,1,31,6,1332,1,16,3,1
201404FA14006,1,9,0,9,0,2,0,0,0,0,1,1,6,2,28,6,1332,1,14,8,1
201404FA14007,1,9,0,16,0,0,1,4,7,2,1,1,6,1,32,6,-1,-1,-1,6,1
201404FA14007,2,9,0,2,0,0,0,0,0,0,3,1,6,1,42,7,1598,2,3,5,3
201404FA14007,3,9,0,2,0,0,0,0,0,0,4,1,6,3,-1,-1,1968,2,1,-1,-1
201404FA14007,4,19,0,2,0,0,0,0,0,0,3,1,6,3,-1,-1,1753,2,9,-1,-1
201404FA14008,1,9,0,18,0,1,0,0,0,0,1,1,6,1,75,10,1596,1,1,6,3
201404FA14008,2,90,0,18,0,1,0,0,0,0,2,1,6,1,38,7,2496,2,22,-1,-1
201404FA14009,1,9,0,18,0,1,0,0,0,0,1,1,6,2,47,8,998,1,13,1,1
201404FA14009,2,9,0,7,0,1,0,0,0,0,2,1,6,1,26,6,1587,1,14,4,1
201404FA14010,1,9,0,9,0,8,0,0,0,0,1,1,6,3,-1,-1,-1,-1,-1,-1,-1
201404FA14010,2,1,0,18,0,8,5,10,0,0,3,1,6,1,16,4,-1,-1,-1,-1,-1
201404FA14011,1,8,0,4,0,1,0,0,0,0,0,1,1,1,45,7,1896,2,7,1,1
201404FA14011,2,9,0,18,0,1,0,0,0,0,0,1,6,2,53,8,1596,1,2,7,1
201404FA14011,3,9,0,18,0,1,0,0,0,0,2,1,1,2,54,8,1275,1,16,9,1
201404FA14012,1,9,0,9,0,8,0,0,2,10,4,1,2,1,20,4,998,1,12,1,1
201404FA14012,2,9,0,18,0,8,0,0,0,0,1,1,2,2,25,5,998,1,3,1,1
201404FA14013,1,9,0,18,6,0,0,0,0,4,1,1,6,2,19,4,1240,1,10,1,1
201404FA14014,1,9,0,5,0,1,0,0,0,0,1,1,6,2,66,10,1229,1,9,4,1
201404FA14014,2,9,0,18,0,1,0,0,7,0,1,1,6,2,30,6,-1,-1,-1,3,1
201404FA14014,3,90,0,4,0,1,0,0,0,0,1,1,6,1,47,8,-1,-1,-1,8,1
201404FA14015,1,9,0,5,0,0,0,0,0,0,3,1,6,2,38,7,1598,1,11,3,1
201404FA14015,2,9,0,18,0,0,0,0,0,0,4,1,6,1,47,8,1999,1,8,2,1
201404FA14016,1,19,0,16,0,0,0,0,5,2,3,1,6,2,31,6,-1,-1,-1,1,1
201404FA14017,1,3,0,2,0,1,0,0,0,0,0,1,6,1,54,8,124,1,2,-1,-1
201404FA14018,1,9,0,18,0,8,0,0,0,0,1,1,6,1,24,5,1596,1,10,-1,-1
201404FA14019,1,9,0,18,0,4,0,0,0,0,3,1,1,1,59,9,-1,-1,-1,5,1
201404FA14019,2,3,0,18,0,8,1,0,0,0,1,1,6,1,51,8,124,1,6,3,1
201404FA14020,1,8,0,5,0,4,0,0,0,0,1,1,1,1,45,7,2402,2,9,2,1
201404FA14020,2,9,0,18,0,4,0,0,0,0,2,1,6,1,25,5,-1,-1,-1,2,1
201404FA14020,3,9,0,4,0,8,0,0,0,0,4,1,6,1,26,6,1968,2,4,8,1
201404FA14021,1,9,0,7,0,6,0,0,0,0,1,1,6,1,42,7,-1,-1,-1,1,1
201404FA14021,2,9,0,18,0,8,0,0,0,0,4,1,6,2,41,7,1896,2,9,4,1
201404FA14022,1,9,0,17,0,0,2,0,8,10,1,1,6,1,19,4,1686,2,9,1,1
201404FA14023,1,8,0,9,0,2,0,0,0,0,0,1,1,1,54,8,1910,2,7,1,1
201404FA14023,2,9,0,18,0,1,0,0,0,0,1,1,6,1,63,9,1762,1,16,1,1
201404FA14024,1,2,0,7,0,1,0,0,0,0,1,1,6,1,47,8,50,1,3,1,1
201404FA14024,2,3,0,18,0,1,0,0,0,0,3,1,6,1,17,4,124,1,9,8,1
201404FA14025,1,90,0,18,0,4,0,0,0,0,3,1,6,2,71,10,-1,-1,-1,3,1
201404FA14025,2,9,0,18,0,1,0,0,0,0,4,1,6,1,59,9,1242,1,6,1,1
201404FA14026,1,19,0,18,0,6,0,0,0,0,0,1,1,1,21,5,2198,2,6,1,1
201404FA14026,2,9,0,18,0,6,0,0,0,0,2,1,1,1,46,8,1248,2,4,-1,-1
201404FA14027,1,9,0,1,0,0,0,0,0,0,2,1,6,3,-1,-1,-1,-1,-1,-1,-1
201404FA14028,1,3,0,18,0,0,0,0,0,0,1,1,6,1,23,5,-1,-1,-1,7,2
201404FA14028,2,9,0,9,0,0,0,0,0,0,1,1,6,1,47,8,1242,1,4,2,1
201404FA14028,3,9,0,2,0,0,0,0,0,0,3,1,6,2,52,8,1390,1,3,-1,-1
201404FA14029,1,9,0,4,0,1,0,0,0,0,1,1,6,2,39,7,1390,1,14,6,1
201404FA14029,2,9,0,18,0,1,0,0,0,0,4,1,6,2,41,7,998,1,2,1,1
201404FA14030,1,19,0,18,0,0,0,0,0,0,1,1,6,1,51,8,1998,2,10,1,1
201404FA14030,2,9,0,4,0,0,0,0,0,0,2,1,6,1,38,7,1968,2,4,-1,1
201404FA14031,1,9,0,17,0,0,5,0,1,10,4,1,6,1,18,4,1242,1,11,3,1
201404FA14032,1,9,0,7,0,5,0,0,0,0,1,1,6,3,-1,-1,-1,-1,-1,-1,-1
201404FA14033,1,90,0,4,0,1,0,0,0,0,1,1,1,1,45,7,-1,-1,-1,6,1
201404FA14033,2,9,0,18,0,8,0,0,0,0,3,1,2,2,18,4,998,1,8,3,1
201404FA14033,3,9,0,18,0,8,0,0,0,0,3,1,2,2,47,8,1596,1,10,8,1
201404FA14034,1,9,0,18,0,8,0,0,0,0,1,1,1,2,35,6,1198,1,5,8,1
201404FA14035,1,9,0,5,0,1,0,0,0,0,1,1,6,1,57,9,1560,2,2,7,2
201404FA14035,2,8,0,5,0,1,0,0,0,0,0,1,1,1,36,7,1896,2,8,2,1
201404FA14036,1,9,0,18,0,0,0,0,0,0,1,1,6,3,-1,-1,-1,-1,-1,-1,-1
201404FA14037,1,9,0,18,0,0,0,0,0,0,1,1,6,1,46,8,1896,2,5,3,1
201404FA14037,2,9,0,18,0,0,1,0,0,0,2,1,6,1,38,7,1587,1,13,-1,3
201404FA14038,1,9,0,18,0,0,0,0,0,0,1,1,6,1,53,8,1364,2,1,8,3
201404FA14038,2,19,0,2,0,0,0,0,0,0,0,1,1,3,-1,-1,2496,2,15,-1,-1
201404FA14039,1,9,0,1,0,1,0,0,0,0,2,1,6,3,-1,-1,-1,-1,-1,-1,-1
201404FA14039,2,8,0,18,0,1,0,0,0,0,1,1,1,1,34,6,1686,2,8,1,1
201404FA14040,1,9,0,14,0,0,0,0,0,0,1,1,6,1,65,9,1339,1,-1,8,3
201404FA14041,1,4,0,18,0,2,0,0,3,10,1,1,6,1,49,8,250,1,12,4,1
201404FA14042,1,90,0,18,0,6,0,0,0,0,1,1,6,1,17,4,-1,-1,-1,-1,-1
201404FA14042,2,9,0,18,0,8,0,0,0,0,3,1,6,1,57,9,1560,2,4,-1,-1
201404FA14043,1,9,0,18,0,6,0,0,0,0,1,1,6,2,23,5,1560,2,1,6,1
201404FA14043,2,9,0,17,0,8,0,0,7,10,3,1,6,1,54,8,1850,1,14,1,1
201404FA14044,1,9,0,18,0,1,0,0,0,0,2,1,6,2,59,9,1951,2,12,2,1
201404FA14045,1,9,0,2,0,1,0,0,7,0,4,1,6,2,41,7,-1,-1,-1,1,1
201404FA14045,2,19,0,18,0,2,0,0,0,0,3,1,6,1,75,10,2496,2,16,1,1
201404FA14046,1,9,0,18,0,0,0,0,0,0,1,1,1,1,42,7,-1,-1,-1,1,1
201404FA14046,2,9,0,18,0,0,1,0,0,0,2,1,6,3,-1,-1,-1,-1,-1,-1,-1
201404FA14047,1,9,0,7,0,5,0,0,0,0,1,1,6,1,46,8,-1,-1,-1,-1,-1
201404FA14048,1,9,0,18,0,8,0,0,0,0,4,1,6,2,41,7,-1,-1,-1,1,1
201404FA14048,2,9,0,18,0,8,0,0,0,0,1,1,6,1,30,6,1398,2,12,1,1
201404FA14049,1,9,0,18,0,8,0,0,0,0,1,1,6,3,-1,-1,1248,2,10,-1,-1