Accident_Index,Vehicle_Reference,Vehicle_Type,Towing_and_Articulation,Vehicle_Manoeuvre,Vehicle_Location-Restricted_Lane,Junction_Location,Skidding_and_Overturning,Hit_Object_in_Carriageway,Vehicle_Leaving_Carriageway,Hit_Object_off_Carriageway,1st_Point_of_Impact,Was_Vehicle_Left_Hand_Drive?,Journey_Purpose_of_Driver,Sex_of_Driver,Age_of_Driver,Age_Band_of_Driver,Engine_Capacity_(CC),Propulsion_Code,Age_of_Vehicle,Driver_IMD_Decile,Driver_Home_Area_Type
201404FE14035,1,9,0,18,0,0,2,0,7,9,1,1,2,2,21,5,1149,1,7,3,1
201404FE14036,1,9,0,18,0,0,5,0,0,0,1,1,6,2,27,6,995,1,1,1,1
201404FE14036,2,9,0,2,0,0,0,0,1,0,3,1,6,2,48,8,1360,1,8,3,1
201404FE14037,1,5,0,16,0,0,0,0,0,0,1,1,6,1,55,8,1199,1,2,6,1
201404FE14037,2,9,0,3,0,0,0,0,0,0,3,1,2,1,48,8,2993,2,8,8,3
201404FE14038,1,9,0,7,0,8,0,0,0,0,3,1,6,2,42,7,1388,1,11,1,1
201404FE14038,2,9,0,18,0,8,0,0,0,0,1,1,2,2,37,7,2000,1,9,1,1
201404FE14039,1,9,0,18,0,0,0,0,0,0,4,1,6,1,21,5,1587,1,12,1,1
201404FE14040,1,9,0,18,0,1,0,0,0,0,1,1,6,2,80,11,1299,1,9,8,2
201404FE14040,2,9,0,10,0,8,0,0,0,0,2,1,6,1,26,6,-1,-1,-1,-1,-1
201404FE14041,1,9,0,9,0,6,0,0,0,0,1,1,6,3,-1,-1,-1,-1,-1,-1,-1
201404FE14042,1,9,0,18,0,0,0,0,1,10,0,1,6,2,66,10,998,1,11,6,3
201404FE14043,1,1,0,18,0,0,0,0,0,0,1,1,6,1,9,2,-1,-1,-1,5,1
201404FE14043,2,9,0,18,0,0,0,0,0,0,4,1,6,2,47,8,2148,2,8,8,3
201404FE14044,1,19,0,4,0,1,0,0,0,0,2,1,2,1,19,4,-1,-1,-1,9,3
201404FE14044,2,9,0,4,0,1,0,0,0,0,1,1,6,1,-1,-1,-1,-1,-1,-1,-1
201404FE14045,1,9,0,17,0,0,0,0,0,0,0,1,6,1,26,6,1242,1,2,1,1
201404FE14045,2,9,0,16,0,0,0,0,1,0,0,1,6,1,44,7,1586,1,6,9,3
201404FE14046,1,9,0,18,0,0,0,0,0,0,3,1,6,3,-1,-1,-1,-1,-1,-1,-1
201404FE14047,1,3,0,16,0,8,0,0,0,0,4,1,6,1,43,7,124,1,17,3,1
201404FE14047,2,9,0,10,0,5,0,0,0,0,3,1,6,2,29,6,1242,1,1,7,2
201404FE14048,1,8,0,18,0,8,1,0,0,0,1,1,1,1,48,8,1910,2,5,5,1
201404FE14048,2,9,0,3,0,8,0,0,0,0,2,1,2,2,54,8,1596,1,13,3,1
201404FE14049,1,9,0,18,7,3,0,0,0,0,1,1,6,1,58,9,1968,2,5,6,1
201404FE14049,2,1,0,18,0,3,0,0,0,0,1,1,6,1,38,7,-1,-1,-1,-1,-1
201404FE14050,1,9,0,18,0,0,0,0,0,0,4,1,6,1,75,10,1399,2,5,6,1
201404FE14051,1,9,0,18,0,1,1,0,0,0,1,1,6,2,26,6,2720,2,6,3,1
201404FE14051,2,21,1,2,0,3,0,0,0,2,2,1,1,1,44,7,11021,2,11,6,1
201404FE14052,1,9,0,18,0,0,0,0,0,0,1,1,1,1,50,8,-1,-1,-1,-1,-1
201404FE14052,2,9,0,7,0,0,0,0,1,0,2,1,6,1,70,10,2720,2,9,6,3
201404FE14053,1,9,0,18,0,0,0,0,0,1,1,1,6,1,81,11,1198,1,11,8,2
201404FE14054,1,8,0,18,0,4,0,0,0,0,1,1,2,1,34,6,-1,-1,-1,2,1
201404FE14054,2,9,0,18,0,8,0,0,0,0,4,1,6,3,-1,-1,-1,-1,-1,-1,-1
201404FG14001,1,9,0,18,0,8,0,4,7,10,1,1,2,2,18,4,1398,1,2,5,1
201404FG14001,2,9,0,18,0,8,0,0,0,0,3,1,6,2,28,6,1360,1,11,-1,-1
201404FG14001,3,9,0,2,0,1,0,0,0,0,4,1,6,3,-1,-1,1199,1,13,-1,-1
201404FG14002,1,9,0,4,0,1,0,0,0,0,1,1,6,1,60,9,1995,2,3,8,1
201404FG14002,2,9,0,18,0,2,0,0,0,0,1,1,6,2,32,6,1995,2,9,4,1
201404FG14003,1,9,0,18,0,1,0,0,0,0,1,1,6,1,32,6,1686,2,10,1,1
201404FG14004,1,9,0,14,0,1,0,0,0,0,4,1,6,2,56,9,1098,1,-1,1,1
201404FG14004,2,1,0,2,0,1,0,0,1,0,3,1,2,1,29,6,-1,-1,-1,-1,-1
201404FG14005,1,9,0,18,0,4,0,0,0,0,1,1,1,2,30,6,998,1,7,3,1
201404FG14005,2,9,0,18,0,4,0,0,0,0,4,1,1,1,37,7,1360,1,9,2,1
201404FG14006,1,9,0,14,9,0,0,0,0,0,1,1,6,3,-1,-1,-1,-1,-1,-1,-1
201404FG14007,1,8,0,18,0,8,0,0,0,0,3,1,1,1,43,7,1686,2,7,-1,-1
201404FG14007,2,9,0,18,0,8,0,0,0,0,1,1,6,1,40,7,1995,2,11,1,1
201404FG14008,1,9,0,17,0,8,2,0,7,2,4,1,6,1,17,4,1229,1,1,1,1
201404FG14009,1,9,0,5,0,4,0,0,0,0,1,1,6,3,-1,-1,-1,-1,-1,-1,-1
201404FG14010,1,9,0,18,0,2,0,0,0,0,4,1,2,2,31,6,1595,1,12,1,1
201404FG14011,1,9,0,7,0,8,1,0,7,10,1,1,6,1,19,4,1896,2,12,4,1
201404FG14012,1,9,0,4,0,1,0,0,0,0,1,1,6,1,63,9,1997,2,10,2,1
201404FG14012,2,9,0,3,0,1,0,0,0,0,2,1,3,2,29,6,1598,1,12,2,1
201404FG14013,1,9,0,18,0,8,0,0,0,0,1,1,2,1,47,8,998,1,7,3,1
201404FG14013,2,9,0,9,0,4,0,0,0,0,3,1,6,1,30,6,1896,2,5,1,1
201404FG14014,1,19,0,18,0,8,0,0,0,0,1,1,6,1,26,6,2198,2,7,7,3
201404FG14014,2,9,0,18,0,8,0,0,0,0,1,1,6,1,71,10,1598,1,5,6,3
201404FG14015,1,8,0,1,8,0,0,0,0,0,2,1,6,3,-1,-1,1996,2,6,-1,-1
201404FG14016,1,9,0,5,0,1,0,0,0,0,3,1,6,1,26,6,-1,-1,-1,8,1
201404FG14016,2,9,0,18,0,1,0,0,0,0,1,1,6,2,71,10,1389,1,17,-1,-1
201404FG14017,1,9,0,18,0,8,0,7,0,10,1,1,6,1,39,7,1753,2,7,1,1
201404FG14017,2,9,0,2,0,2,0,0,0,0,1,1,6,2,37,7,1896,2,11,4,1
201404FG14017,3,9,0,2,0,2,0,0,0,0,1,1,6,2,-1,-1,1587,1,20,1,1
201404FG14017,4,9,0,3,0,1,0,0,0,0,3,1,6,1,51,8,1910,2,8,1,1
201404FG14017,5,9,0,3,0,1,0,0,0,0,1,1,6,2,36,7,1997,1,10,3,1
201404FG14017,6,9,0,18,0,1,0,0,0,0,2,1,6,2,48,8,1124,1,17,-1,-1
201404FG14018,1,9,0,18,0,0,1,0,0,0,1,1,6,1,36,7,1195,1,16,8,1
201404FG14018,2,9,0,18,0,0,5,0,0,0,1,1,6,1,45,7,2967,2,3,6,1
201404FG14019,1,9,0,7,0,8,0,0,0,0,1,1,6,2,56,9,1493,1,14,1,1
201404FG14019,2,9,0,18,0,8,5,0,0,0,4,1,6,1,80,11,1598,2,2,5,1
201404FG14020,1,9,0,18,0,8,0,0,0,0,3,1,6,2,59,9,1248,2,1,1,1
201404FG14020,2,9,0,2,0,2,0,0,0,0,4,1,6,3,-1,-1,1686,2,10,-1,-1
201404FG14021,1,17,0,18,0,8,5,0,1,10,1,1,1,1,67,10,3080,2,29,8,3
201404FG14022,1,1,0,18,0,0,1,0,2,0,4,1,6,1,63,9,-1,-1,-1,-1,-1
201404FG14023,1,9,0,9,0,1,0,0,0,0,1,1,1,1,41,7,1896,2,5,1,1
201404FG14023,2,1,0,18,0,1,0,0,0,1,1,1,2,1,41,7,-1,-1,-1,3,1
201404FG14024,1,90,0,18,0,1,1,0,0,0,1,1,1,1,64,9,-1,-1,-1,3,1
201404FG14024,2,8,0,10,0,1,0,0,0,0,2,1,1,1,47,8,1598,2,2,2,1
201404FG14025,1,9,0,18,0,1,0,0,0,0,1,1,6,1,33,6,1388,1,10,1,1
201404FG14026,1,5,0,5,0,1,0,0,0,0,4,1,6,1,53,8,998,1,10,4,1
201404FG14027,1,9,0,2,0,1,0,0,0,0,2,1,6,1,-1,-1,-1,-1,-1,-1,-1
201404FG14027,2,9,0,18,0,1,0,0,0,0,1,1,6,1,33,6,1229,1,-1,1,1
201404FG14028,1,9,0,16,0,0,1,0,7,10,1,1,6,1,20,4,-1,-1,-1,2,1
201404FG14028,2,9,0,17,0,0,0,0,0,0,1,1,6,1,46,8,1560,2,2,8,3
201404FG14029,1,19,0,18,0,8,0,0,0,0,0,1,6,1,25,5,1870,2,12,1,1
201404FG14029,2,3,0,18,0,8,0,0,0,0,1,1,6,1,19,4,125,1,1,4,1
201404FG14030,1,9,0,1,0,0,0,0,0,0,3,1,1,1,29,6,1910,2,6,1,1
201404FG14031,1,9,0,18,0,1,0,0,0,0,1,1,6,1,27,6,1998,1,6,-1,-1
201404FG14031,2,9,0,3,0,1,0,0,0,0,2,1,6,2,23,5,1390,1,17,-1,-1
201404FG14031,3,9,0,3,0,1,0,0,0,0,2,1,6,2,43,7,1598,2,1,5,2
201404FG14032,1,9,0,14,0,0,0,0,0,0,0,1,6,3,-1,-1,-1,-1,-1,-1,-1
201404FG14032,2,9,0,4,0,0,0,0,1,4,1,1,6,2,33,6,1399,2,11,4,1
201404FG14034,1,9,0,18,0,1,0,0,0,0,1,1,1,1,29,6,2000,1,17,8,1
201404FG14034,2,9,0,3,0,8,0,0,0,0,2,1,6,1,62,9,1242,1,15,1,1
201404FG14034,3,9,0,3,0,8,0,0,0,0,2,1,6,2,38,7,1199,1,11,1,1
201404FG14035,1,1,0,7,0,5,0,0,0,0,0,1,2,2,25,5,-1,-1,-1,-1,-1
201404FG14036,1,9,0,18,0,4,0,0,0,0,1,1,6,1,65,9,1560,2,-1,-1,-1
201404FG14036,2,9,0,18,0,8,0,0,0,0,4,1,6,1,46,8,1895,1,13,1,1
201404FG14037,1,9,0,18,0,0,1,0,1,4,1,1,6,2,45,7,1296,1,6,5,1
201404FG14038,1,9,0,18,0,8,0,0,0,0,1,1,6,1,57,9,1968,2,2,8,1
201404FG14038,2,9,0,18,0,8,0,0,0,0,3,1,6,1,63,9,1560,2,10,4,1
201404FG14039,1,9,0,18,0,2,0,0,0,0,1,1,2,2,56,9,1360,1,9,1,1
201404FG14040,1,9,0,18,0,0,0,0,0,0,1,1,6,1,31,6,1598,2,2,1,1
201404FG14041,1,9,0,4,0,1,0,0,0,0,1,1,6,2,42,7,1995,2,9,1,1
201404FG14041,2,9,0,3,0,1,0,0,0,0,2,1,6,1,28,6,2143,2,3,5,1
201404FG14042,1,9,0,9,0,8,0,0,0,0,3,1,6,1,19,4,1560,2,5,1,1
201404FG14042,2,1,0,14,0,1,0,0,0,0,1,1,6,2,56,9,-1,-1,-1,3,1
201404FG14043,1,9,0,7,0,6,0,0,0,0,1,1,6,1,32,6,998,1,13,4,1
201404FG14043,2,9,0,18,0,1,0,0,0,0,3,1,6,1,22,5,1595,1,7,6,3
201404FG14045,1,9,0,18,0,1,0,0,0,0,0,1,2,1,23,5,-1,-1,-1,-1,-1
201404FG14045,2,9,0,8,0,1,0,0,0,0,2,1,6,1,27,6,1198,1,7,1,1
201404FG14046,1,9,0,18,0,2,0,0,0,0,1,1,6,1,29,6,1686,2,12,1,1
201404FG14047,1,9,0,18,0,6,0,0,0,0,4,1,3,2,29,6,1896,2,6,1,1
201404FG14047,2,9,0,18,0,8,0,0,0,0,3,1,3,2,36,7,1686,2,10,1,1
201404FG14048,1,9,0,7,0,4,0,0,0,0,3,1,2,1,67,10,1596,1,5,10,1
201404FG14048,2,1,0,18,0,3,0,0,0,0,1,1,1,1,47,8,-1,-1,-1,1,1
201404FG14049,1,9,0,18,0,1,0,0,0,0,1,1,2,2,41,7,1868,2,15,1,1
201404FG14049,2,9,0,3,0,1,0,0,0,0,2,1,6,2,42,7,1995,2,7,2,1
201404FG14050,1,9,0,18,0,1,0,4,0,0,1,1,2,1,52,8,973,1,11,1,1
201404FG14050,2,9,0,2,0,1,0,0,1,0,2,1,6,1,29,6,1997,2,11,3,1
201404FG14051,1,9,0,18,0,2,0,0,0,0,4,1,6,3,-1,-1,-1,-1,-1,-1,-1
201404FG14052,1,9,0,4,0,1,0,0,0,0,1,1,6,1,44,7,1896,2,15,4,1
201404FG14052,2,9,0,7,0,1,0,0,0,0,1,1,6,1,26,6,1595,1,11,-1,-1
201404FG14053,1,9,0,18,0,2,0,0,0,0,4,1,6,2,67,10,998,1,5,5,1
201404FG14054,1,2,0,18,0,1,0,0,0,0,1,1,6,1,21,5,49,1,10,1,1
201404FG14055,1,9,0,18,0,1,0,0,0,0,1,1,6,2,55,8,1343,1,9,3,1
201404FG14055,2,8,0,4,0,1,0,0,0,0,3,1,1,1,61,9,1896,2,6,-1,-1
201404FG14056,1,9,0,9,0,0,0,0,0,0,4,1,6,1,82,11,2792,1,9,5,1
201404FG14056,2,5,0,18,0,0,1,0,7,0,1,1,6,1,22,5,599,1,12,-1,-1
201404FG14057,1,9,0,18,0,8,0,0,0,0,3,1,6,1,19,4,1794,1,9,1,1
201404FG14057,2,9,0,18,0,8,0,0,0,0,1,1,6,1,20,4,1896,2,12,8,1
201404FG14058,1,9,0,18,0,8,0,0,0,0,1,1,6,1,30,6,4163,1,6,1,1
201404FG14058,2,8,0,18,0,8,1,0,0,0,3,1,1,1,37,7,1910,2,7,1,1
201404FG14059,1,9,0,9,0,6,0,0,0,0,1,1,6,1,49,8,1998,2,12,5,1
201404FG14059,2,9,0,18,0,8,0,0,0,0,4,1,6,1,43,7,1497,8,9,1,1
201404FG14060,1,9,0,16,0,5,0,0,1,10,1,1,6,1,73,10,1339,1,2,3,1
201404FG14061,1,9,0,18,0,1,0,0,0,0,1,1,6,1,60,9,998,1,14,3,1
201404FG14062,1,20,0,18,0,8,0,0,0,0,1,1,1,1,36,7,-1,-1,-1,4,2
201404FG14062,2,9,0,18,0,1,0,0,0,0,2,1,6,2,37,7,1968,2,8,7,1
201404FG14063,1,9,0,18,0,0,0,0,0,0,1,1,6,1,22,5,2143,2,-1,-1,-1
201404FG14063,2,9,0,18,0,0,0,0,0,0,0,1,6,3,-1,-1,-1,-1,-1,-1,-1
201404FG14063,3,9,0,2,0,0,0,0,0,0,1,1,6,3,-1,-1,4999,1,7,-1,-1
201404FG14064,1,8,0,18,0,8,0,0,0,0,3,1,1,3,-1,-1,-1,-1,-1,1,1
201404FG14065,1,9,0,17,0,0,1,10,0,0,3,1,6,1,18,4,1896,2,5,3,1
201404FG14065,2,9,0,2,0,0,0,10,7,10,2,1,6,1,49,8,1229,1,3,4,1
201404FG14065,3,9,0,2,0,0,0,10,0,0,2,1,6,2,38,7,1149,1,8,4,1
201404FG14066,1,9,0,18,0,0,0,0,0,0,1,1,6,1,48,8,1396,1,9,3,1
201404FG14066,2,9,0,18,0,0,0,0,0,0,2,1,6,2,28,6,1984,1,7,7,1
201404FG14067,1,11,0,18,0,1,0,0,0,0,1,1,1,1,60,9,9600,2,13,4,1
201404FG14067,2,9,0,4,0,1,0,0,0,0,2,1,6,1,50,8,1000,1,-1,8,1
201404FG14068,1,1,0,16,0,8,2,0,0,0,1,1,6,1,35,6,-1,-1,-1,3,1
201404FG14068,2,19,0,17,0,8,1,0,0,0,1,1,1,1,45,7,2402,2,4,4,1
201404FG14069,1,9,0,9,0,5,0,0,1,0,1,1,6,1,71,10,1598,1,10,4,1
201404FG14069,2,9,0,18,0,8,0,0,0,0,1,1,6,1,31,6,1995,2,10,3,1
201404FG14070,1,9,0,13,0,8,0,0,0,0,4,1,6,1,24,5,1686,2,9,1,1
201404FG14070,2,9,0,9,0,8,0,0,0,0,1,1,6,2,35,6,1364,1,9,2,1
201404FG14071,1,9,0,9,0,8,0,0,0,0,4,1,6,2,80,11,1242,1,1,2,1
201404FG14071,2,9,0,18,0,1,0,0,0,0,1,1,6,1,37,7,1685,2,1,7,3
201404FG14072,1,11,0,4,0,8,0,0,0,0,0,1,1,1,53,8,7300,2,5,1,1
201404FG14073,1,19,0,5,9,0,0,0,0,0,3,1,1,1,26,6,1998,2,8,3,1
201404FG14073,2,8,0,18,0,0,0,0,0,0,4,1,1,1,36,7,1686,2,7,1,1
201404FG14074,1,8,0,18,0,8,0,0,0,0,1,1,6,3,-1,-1,-1,-1,-1,-1,-1
201404FG14074,2,1,0,18,0,8,0,0,0,0,1,1,6,1,21,5,-1,-1,-1,-1,-1
201404FG14075,1,90,0,1,9,0,0,0,0,0,2,1,1,1,37,7,-1,-1,-1,3,1
201404FG14076,1,1,0,5,0,3,0,0,0,0,3,1,6,1,22,5,-1,-1,-1,2,1
201404FG14076,2,9,0,9,0,4,0,0,0,0,4,1,6,3,-1,-1,-1,-1,-1,-1,-1
201404FG14077,1,90,0,3,0,1,0,0,0,0,2,1,6,1,43,7,-1,-1,-1,5,1
201404FG14077,2,9,0,4,0,1,0,0,0,0,1,1,6,2,38,7,1242,1,3,2,1
201404FG14078,1,9,0,2,0,1,0,0,1,1,0,1,3,1,35,6,1598,1,9,1,1
201404FG14078,2,9,0,2,0,1,0,0,2,2,2,1,3,2,45,7,1796,1,10,-1,-1
201404FJ14001,1,9,0,1,0,2,0,0,0,0,2,1,6,1,63,9,1991,2,13,6,3
201404FJ14002,1,9,0,18,0,8,0,0,0,0,4,1,6,1,54,8,998,1,2,-1,1
201404FJ14002,2,1,0,18,0,8,0,0,1,0,3,1,6,1,53,8,-1,-1,-1,6,3
201404FJ14003,1,11,0,4,0,1,0,0,0,0,0,1,1,1,25,5,-1,2,14,2,1
201404FJ14004,1,9,0,18,0,8,0,0,0,0,1,1,6,2,65,9,1997,2,14,9,1
201404FJ14005,1,3,0,17,0,0,2,0,2,10,3,1,2,1,26,6,124,1,2,2,1
201404FJ14006,1,9,0,4,0,4,0,0,0,0,2,1,6,2,31,6,1149,1,13,2,1
201404FJ14006,2,9,0,4,0,4,0,0,0,0,1,1,2,1,52,8,-1,-1,-1,4,1
201404FJ14007,1,9,0,18,0,0,0,0,0,0,3,1,6,1,35,6,2495,2,15,6,3
201404FJ14008,1,9,0,18,0,0,0,0,0,0,4,1,6,3,-1,-1,-1,-1,-1,-1,-1
201404FJ14008,2,9,0,2,0,0,0,0,0,0,4,1,6,2,39,7,1995,2,5,6,3
201404FJ14009,1,8,0,18,0,1,0,0,0,0,1,1,1,1,60,9,1560,2,6,7,1
201404FJ14010,1,9,0,18,0,0,0,0,0,0,1,1,6,2,27,6,1956,2,1,2,1
201404FJ14011,1,9,0,9,0,5,0,0,0,0,3,1,6,1,22,5,-1,-1,-1,4,1
201404FJ14012,1,8,0,18,0,2,0,0,0,0,3,1,1,1,28,6,2231,2,6,1,1
201404FJ14012,2,9,0,18,0,2,0,0,0,0,4,1,6,2,68,10,1797,8,-1,2,1
201404FJ14013,1,2,0,18,0,0,0,0,0,0,3,1,6,1,16,4,49,1,2,2,1
201404FJ14013,2,9,0,4,0,0,0,0,0,0,0,1,1,1,31,6,1896,2,9,3,1
201404FJ14014,1,9,0,18,0,0,0,0,0,0,4,1,6,2,51,8,1242,1,2,4,1
201404FJ14015,1,19,0,18,0,8,0,0,0,0,1,1,2,1,54,8,1868,2,8,3,1
201404FJ14016,1,2,0,18,0,3,1,0,0,0,1,1,4,2,16,4,49,1,4,7,1
201404FJ14017,1,9,0,18,0,6,1,4,0,0,1,1,6,1,27,6,1242,1,15,7,1
201404FJ14017,2,9,0,2,0,2,0,0,0,0,2,1,6,3,-1,-1,1850,1,13,-1,-1
201404FJ14017,3,9,0,2,0,1,0,0,0,0,2,1,6,3,-1,-1,1598,1,5,-1,-1
201404FJ14017,4,9,0,2,0,1,0,0,0,0,2,1,6,3,-1,-1,1248,1,3,-1,-1
201404FJ14018,1,9,0,13,0,0,1,0,0,0,1,1,6,3,-1,-1,1198,1,8,-1,-1
201404FJ14018,2,9,0,18,0,0,0,0,1,2,2,1,6,1,44,7,1781,1,12,4,1
201404FJ14019,1,9,0,18,0,1,1,10,8,10,1,1,6,1,45,7,1596,1,13,6,1
201404FJ14019,2,9,0,2,0,1,0,0,2,10,1,1,6,3,-1,-1,1299,1,11,-1,-1
201404FJ14019,3,19,0,2,0,2,0,0,0,0,0,1,6,1,33,6,1995,2,6,6,3
201404FJ14020,1,9,0,18,0,0,0,0,0,0,1,1,6,1,51,8,998,1,12,1,1
201404FJ14020,2,9,0,2,0,0,0,0,0,0,3,1,6,2,67,10,2179,2,3,-1,-1
201404FJ14021,1,9,0,18,0,0,0,0,0,0,1,1,6,1,24,5,1596,1,9,1,1
201404FJ14022,1,9,0,3,0,0,0,0,0,0,2,1,6,2,30,6,1389,1,11,2,1
201404FJ14022,2,9,0,3,0,0,0,0,0,0,1,1,6,1,46,8,1995,2,-1,2,1
201404FJ14023,1,9,0,13,0,1,0,0,0,0,4,1,6,2,44,7,1248,2,9,3,1
201404FJ14023,2,9,0,9,0,1,0,0,0,0,3,1,6,2,52,8,2400,2,3,2,1
201404FJ14024,1,8,0,18,0,1,0,0,0,0,1,1,1,1,39,7,2402,2,8,3,1
201404FJ14025,1,19,0,18,0,1,0,0,0,0,1,1,6,1,41,7,2477,2,9,6,1
201404FJ14026,1,9,0,18,0,8,0,0,1,10,1,1,6,1,73,10,1910,2,6,6,1
201404FJ14027,1,9,0,2,0,6,0,0,0,0,0,1,6,1,53,8,1598,1,12,2,1
201404FJ14027,2,9,0,1,0,6,0,0,0,0,2,1,6,1,22,5,1753,2,8,6,3
201404FJ14028,1,3,0,18,0,8,0,0,7,0,1,1,6,1,20,4,124,1,-1,-1,-1
201404FJ14028,2,9,0,9,0,5,0,0,0,0,3,1,6,2,31,6,1997,2,4,7,1
201404FJ14029,1,9,0,14,0,0,0,0,0,0,4,1,6,2,48,8,1560,2,9,3,1
201404FJ14030,1,9,0,4,0,0,0,0,0,0,0,1,6,3,-1,-1,-1,-1,-1,-1,-1
201404FJ14031,1,5,0,17,0,0,1,0,2,10,1,1,6,1,25,5,1250,1,11,-1,-1
201404FJ14032,1,9,0,9,0,8,0,0,0,0,4,1,6,2,37,7,1598,1,9,4,3
201404FJ14032,2,9,0,18,0,1,0,0,0,0,1,1,6,2,33,6,1360,1,7,9,1
201404FJ14033,1,5,0,18,0,0,0,0,0,0,1,1,6,1,38,7,748,1,5,3,1
201404FJ14033,2,9,0,18,0,0,0,0,0,0,4,1,2,2,24,5,1242,1,7,4,1
201404FJ14034,1,90,0,7,0,8,0,0,0,0,1,1,6,1,43,7,2496,2,22,2,1
201404FJ14034,2,5,0,18,0,8,0,0,0,0,1,1,6,1,24,5,998,1,9,2,1
201404FJ14035,1,9,0,17,0,0,1,4,0,0,1,1,6,1,47,8,1299,1,13,4,1
201404FJ14035,2,9,0,2,0,0,0,4,0,0,2,1,6,3,-1,-1,-1,-1,-1,-1,-1
201404FJ14036,1,9,0,9,0,6,0,0,0,0,1,1,6,1,56,9,1997,2,3,2,1
201404FJ14036,2,3,0,18,0,8,0,0,0,0,4,1,6,1,49,8,124,1,4,-1,-1
201404FJ14037,1,9,0,1,0,1,0,0,0,0,2,1,1,2,74,10,1348,1,12,5,1
201404FJ14037,2,9,0,18,0,1,0,0,0,0,1,1,6,2,25,5,1997,2,9,1,1
201404FJ14038,1,4,0,18,0,1,2,0,0,0,0,1,6,1,49,8,347,1,25,4,1
201404FJ14038,2,9,0,9,0,5,0,0,0,0,0,1,6,3,-1,-1,1198,1,12,-1,-1
201404FJ14039,1,9,0,9,0,5,0,0,0,0,1,1,6,1,63,9,1896,2,9,1,1
201404FJ14040,1,1,0,16,0,0,0,0,0,0,0,1,6,1,54,8,-1,-1,-1,8,1
201404FJ14040,2,90,0,16,0,0,0,0,0,0,4,1,6,1,31,6,-1,-1,-1,2,1
201404FJ14041,1,9,0,9,0,6,0,0,0,0,1,1,6,2,-1,-1,-1,-1,-1,-1,-1
201404FJ14041,2,1,0,18,0,8,5,0,0,0,1,1,6,1,60,9,-1,-1,-1,3,1
201404FJ14042,1,9,0,18,0,0,0,0,0,0,4,1,6,2,42,7,1396,1,2,8,1
201404FL14002,1,9,0,4,0,1,0,0,0,0,2,1,6,2,60,9,1781,1,10,6,1
201404FL14002,2,9,0,4,0,1,0,0,0,0,1,1,6,1,38,7,1339,1,11,1,1
201404FL14003,1,9,0,16,0,1,1,10,3,1,3,1,6,1,25,5,2198,2,9,1,1
201404FL14003,2,9,0,18,0,1,0,0,0,0,0,1,1,1,44,7,2993,2,2,2,1
201404FL14004,1,9,0,18,0,0,0,0,1,0,1,1,6,1,23,5,1587,1,11,8,1
201404FL14004,2,9,0,2,0,0,0,0,1,0,2,1,6,3,-1,-1,1339,1,8,-1,-1
201404FL14005,1,9,0,18,0,0,0,0,0,0,1,1,6,1,36,7,1794,1,14,-1,-1
201404FL14005,2,9,0,3,0,0,0,0,0,0,2,1,6,1,24,5,998,1,15,-1,-1
201404FL14006,1,9,0,4,0,1,0,0,0,0,2,1,1,2,39,7,1994,1,14,-1,-1
201404FL14006,2,9,0,18,0,2,0,0,0,0,1,1,6,3,-1,-1,-1,-1,-1,-1,-1
201404FL14007,1,9,0,13,0,8,5,0,2,2,1,1,2,2,37,7,1124,1,13,2,1
201404FL14008,1,9,0,9,0,5,0,0,0,0,1,1,6,1,70,10,1398,2,5,7,1
201404FL14008,2,1,0,18,0,1,5,0,0,0,4,1,2,1,49,8,-1,-1,-1,1,1
201404FL14009,1,9,0,15,0,0,0,0,0,0,3,1,3,1,50,8,1598,1,6,-1,1
201404FL14009,2,9,0,18,0,0,0,0,0,0,3,1,2,1,49,8,-1,-1,-1,-1,1
201404FL14010,1,9,0,18,0,0,1,0,0,0,1,1,1,2,25,5,1796,1,13,1,1
201404FL14010,2,9,0,18,0,0,0,0,0,0,1,1,6,1,44,7,1998,2,7,9,2
201404FL14010,3,9,0,18,0,0,0,0,0,0,1,1,6,2,22,5,1422,2,4,10,1
201404FL14012,1,9,0,17,0,0,0,4,0,0,1,1,6,2,39,7,2488,2,5,7,1
201404FL14012,2,9,0,2,0,0,0,4,7,0,2,1,6,2,-1,-1,1349,1,1,6,1
201404FL14012,3,9,0,2,0,0,0,4,0,0,1,1,6,1,-1,-1,1242,1,2,6,1
201404FL14012,4,9,0,2,0,0,0,4,8,0,1,1,6,3,-1,-1,1834,1,15,6,1
201404FL14012,5,9,0,2,0,0,0,0,0,0,4,1,6,3,-1,-1,998,1,5,6,1
201404FL14013,1,9,0,18,0,0,5,0,2,10,1,1,6,1,29,6,4395,1,1,1,1
201404FL14014,1,9,0,17,0,0,0,0,1,7,1,1,6,2,20,4,1124,1,10,5,1
201404FL14015,1,1,0,18,0,8,0,0,0,0,2,1,6,1,19,4,-1,-1,-1,5,1
201404FL14015,2,9,0,5,0,8,0,0,0,0,1,1,6,1,34,6,1995,2,11,7,2
201404FL14016,1,9,0,3,0,0,0,0,0,0,1,1,6,3,-1,-1,-1,-1,-1,-1,-1
201404FL14016,2,9,0,3,0,0,0,0,0,0,2,1,6,1,48,8,1360,1,12,5,3
201404FL14017,1,9,0,1,0,0,0,0,0,0,2,1,6,2,18,4,998,1,13,6,1
201404FL14017,2,9,0,2,0,0,0,0,0,0,2,1,6,1,-1,-1,1598,1,8,5,1
201404FL14018,1,9,4,18,0,0,0,0,0,0,1,1,1,1,61,9,2198,2,-1,9,3
201404FL14018,2,9,0,18,0,0,0,0,0,0,1,1,6,1,84,11,2151,2,13,10,1
201404FL14019,1,9,0,18,0,7,0,0,0,0,3,1,6,2,78,11,1240,1,10,7,1
201404FL14019,2,21,1,18,0,8,0,0,0,0,4,1,1,1,34,6,11946,2,7,3,1
201404FL14019,3,9,0,18,8,8,0,0,0,0,1,1,1,1,32,6,1956,2,1,8,1