Accident_Index,Vehicle_Reference,Vehicle_Type,Towing_and_Articulation,Vehicle_Manoeuvre,Vehicle_Location-Restricted_Lane,Junction_Location,Skidding_and_Overturning,Hit_Object_in_Carriageway,Vehicle_Leaving_Carriageway,Hit_Object_off_Carriageway,1st_Point_of_Impact,Was_Vehicle_Left_Hand_Drive?,Journey_Purpose_of_Driver,Sex_of_Driver,Age_of_Driver,Age_Band_of_Driver,Engine_Capacity_(CC),Propulsion_Code,Age_of_Vehicle,Driver_IMD_Decile,Driver_Home_Area_Type
201404FL14020,1,9,0,18,0,8,0,0,0,0,1,1,1,1,29,6,-1,-1,-1,5,1
201404FL14020,2,19,0,18,0,8,0,0,0,0,3,1,1,1,67,10,2148,2,5,5,1
201404FL14021,1,9,0,18,0,0,0,0,0,0,2,1,6,1,33,6,1422,2,13,7,1
201404FL14021,2,9,0,18,0,0,0,0,4,6,1,1,6,1,73,10,2143,2,1,4,3
201404FL14023,1,5,0,18,0,4,0,0,7,10,1,1,2,1,26,6,599,1,15,1,1
201404FL14024,1,9,0,18,0,0,0,0,2,6,1,1,6,1,41,7,1988,1,10,1,1
201404FL14024,2,9,0,18,0,0,0,0,0,0,1,1,6,1,34,6,-1,-1,-1,5,2
201404FL14025,1,9,0,18,0,0,0,0,0,0,1,1,6,1,76,11,2143,2,2,4,3
201404FL14025,2,9,0,18,0,0,0,0,1,10,3,1,6,1,66,10,1951,2,13,1,1
201404FL14026,1,9,0,1,9,1,0,0,0,0,2,1,6,2,37,7,1360,1,13,6,2
201404FL14026,2,9,0,2,9,1,0,0,0,0,4,1,6,1,-1,-1,1910,2,7,9,1
201404FL14027,1,3,0,18,0,1,1,0,0,0,1,1,1,1,23,5,124,1,10,3,1
201404FL14027,2,9,0,9,0,6,0,0,0,0,1,1,3,2,44,7,-1,-1,-1,5,1
201404FL14028,1,10,0,1,0,0,0,0,0,0,2,1,6,1,65,9,2500,2,12,10,1
201404FL14029,1,9,0,18,0,0,0,0,0,0,4,1,2,2,39,7,1598,1,15,2,1
201404FL14030,1,9,0,5,0,1,0,0,0,0,1,1,6,1,30,6,1198,1,-1,1,1
201404FL14031,1,9,0,18,0,0,0,0,1,9,1,1,6,1,22,5,1587,1,11,7,1
201404FL14032,1,9,0,18,0,1,0,0,0,0,1,1,6,1,42,7,1596,1,11,-1,-1
201404FL14032,2,9,0,18,0,1,0,0,0,0,2,1,6,1,51,8,1798,1,3,5,3
201404FL14033,1,9,0,16,0,0,1,0,7,10,4,1,6,1,18,4,1398,1,4,9,1
201404FL14034,1,11,0,4,7,5,0,0,0,0,0,1,1,1,47,8,9360,2,1,8,1
201404FL14035,1,20,0,18,0,0,0,0,0,0,4,1,1,1,47,8,5861,2,16,-1,-1
201404FL14035,2,1,0,18,0,0,0,0,0,0,3,1,6,1,63,9,-1,-1,-1,1,1
201404FL14036,1,9,0,9,0,8,0,0,0,0,4,1,6,2,77,11,998,1,15,2,1
201404FL14036,2,1,0,18,0,8,5,0,0,0,1,1,6,2,56,9,-1,-1,-1,9,1
201404FL14037,1,9,0,4,0,0,0,0,0,0,0,1,6,2,48,8,1364,2,1,-1,1
201404FL14037,2,9,0,18,0,0,0,0,0,0,1,1,6,2,30,6,2999,2,14,3,1
201404FL14037,3,9,0,18,0,0,0,0,0,0,1,1,6,1,36,7,2402,2,6,5,1
201404FL14038,1,9,0,17,0,0,0,0,0,0,1,1,6,1,18,4,998,1,15,2,1
201404FL14039,1,9,0,4,0,0,0,0,0,0,1,1,6,1,31,6,1968,2,2,9,1
201404FL14039,2,9,0,4,0,0,0,0,0,0,2,1,6,1,28,6,1998,1,7,5,1
201404FL14039,3,9,0,4,0,0,0,0,0,0,2,1,6,1,37,7,2143,2,2,3,1
201404FL14040,1,9,0,16,0,0,0,0,7,10,1,1,2,1,51,8,1588,1,9,8,2
201404FL14040,2,9,0,18,0,0,0,0,0,0,1,1,2,1,47,8,1296,1,6,10,1
201404FL14040,3,9,0,18,0,0,0,0,0,0,1,1,2,2,35,6,875,1,1,5,1
201404FL14041,1,9,0,7,0,8,0,0,0,0,4,1,1,1,33,6,1995,2,7,3,1
201404FL14041,2,1,0,17,0,8,0,0,0,0,3,1,6,1,63,9,-1,-1,-1,5,3
201404FL14042,1,9,0,16,0,0,1,0,0,10,3,1,6,2,21,5,1397,1,6,7,3
201404FL14043,1,9,0,9,0,8,0,0,0,1,4,1,6,2,65,9,1598,1,10,7,1
201404FL14043,2,1,0,18,0,1,1,0,0,0,1,1,6,1,40,7,-1,-1,-1,5,1
201404FL14044,1,9,0,18,0,8,0,0,0,0,4,1,6,2,39,7,1896,2,10,9,3
201404FL14044,2,9,0,8,0,5,0,0,0,0,3,1,6,2,27,6,1896,2,8,8,2
201404FL14045,1,9,0,17,0,4,0,0,0,1,1,1,6,1,46,8,1686,2,9,-1,-1
201404FL14046,1,9,0,9,0,5,0,0,0,0,1,1,6,1,70,10,1870,2,10,-1,1
201404FL14046,2,1,0,18,0,8,0,0,0,0,3,1,6,1,53,8,-1,-1,-1,3,1
201404FL14047,1,19,0,18,0,0,0,0,0,0,4,1,6,1,42,7,-1,-1,-1,5,1
201404FL14048,1,9,0,18,0,0,0,0,0,0,1,1,2,2,27,6,1461,2,-1,-1,1
201404FL14048,2,19,0,2,0,0,0,0,0,0,2,1,1,1,40,7,1753,2,8,7,1
201404FL14049,1,11,0,18,0,1,0,0,0,0,1,1,1,1,60,9,6871,2,10,7,1
201404FL14049,2,9,0,10,0,8,0,0,0,0,2,1,2,1,19,4,1229,1,5,5,1
201404FL14049,3,9,0,18,0,1,0,0,1,10,1,1,6,2,27,6,1598,1,5,5,1
201404FL14050,1,9,0,18,0,8,0,0,0,0,1,1,6,1,39,7,2685,2,11,3,1
201404FL14051,1,9,0,9,0,0,0,0,0,0,1,1,6,1,44,7,-1,-1,-1,4,1
201404FL14051,2,9,0,18,0,0,0,0,0,0,1,1,6,1,20,4,1896,2,9,1,1
201404FL14052,1,9,0,18,0,1,0,0,0,0,1,1,2,2,44,7,1397,1,12,9,3
201404FL14052,2,9,0,3,0,1,0,0,0,0,2,1,1,2,39,7,998,1,1,4,1
201404FL14052,3,9,0,3,0,1,0,0,0,0,0,1,6,1,41,7,1364,1,5,10,1
201404FL14053,1,9,0,13,0,8,0,0,8,0,4,1,2,2,40,7,1242,1,3,8,1
201404FL14053,2,17,0,18,0,8,0,0,0,0,3,1,1,1,55,8,-1,-1,-1,4,1
201404FL14054,1,9,0,18,0,5,0,0,0,0,1,1,6,2,72,10,1498,1,7,9,1
201404FL14054,2,3,0,3,0,1,0,0,0,0,2,1,6,2,24,5,124,1,-1,2,1
201404FL14055,1,9,0,17,0,0,0,0,0,10,3,1,2,1,55,8,1896,2,10,5,1
201404FL14056,1,19,0,12,0,4,0,0,0,0,1,1,1,1,47,8,2998,2,6,1,1
201404FL14056,2,9,0,4,0,4,0,0,0,0,2,1,1,1,48,8,1995,2,12,1,1
201404FL14057,1,1,0,9,0,6,0,0,0,0,1,1,6,1,20,4,-1,-1,-1,9,1
201404FL14057,2,9,0,18,0,8,0,0,0,0,4,1,6,1,21,5,1299,1,9,9,1
201404FL14058,1,9,0,9,0,6,0,0,0,0,3,1,6,1,21,5,998,1,11,5,1
201404FL14058,2,9,0,18,0,1,0,0,0,0,1,1,1,2,48,8,1396,1,11,5,3
201404FL14059,1,9,0,5,0,2,0,0,0,0,2,1,6,1,68,10,1968,2,3,6,1
201404FL14059,2,9,0,5,0,2,0,0,0,0,1,1,6,1,87,11,1997,1,1,7,1
201404FL14059,3,9,0,5,0,2,0,0,0,0,1,1,6,1,35,6,1896,2,10,2,1
201404FL14060,1,9,0,18,0,1,0,0,0,0,1,1,6,3,-1,-1,1390,1,8,-1,-1
201404FL14060,2,9,0,10,0,1,0,0,0,0,2,1,6,2,31,6,1598,1,12,2,1
201404FL14061,1,11,0,4,0,0,0,0,0,0,0,1,1,1,51,8,9360,2,1,1,1
201404FL14062,1,9,0,9,0,5,0,0,0,0,2,1,2,1,31,6,1299,1,10,5,1
201404FL14062,2,3,0,15,0,1,0,0,0,0,1,1,6,1,29,6,124,1,6,2,1
201404FL14063,1,9,0,18,0,4,0,0,0,0,4,1,6,3,-1,-1,-1,-1,-1,-1,-1
201404FL14063,2,8,0,18,0,4,0,0,0,0,1,1,1,1,48,8,1910,2,6,1,1
201404FL14064,1,9,0,16,0,0,0,0,8,10,1,1,6,1,34,6,1999,1,8,3,1
201404FL14064,2,9,0,17,0,0,0,0,1,0,3,1,2,1,63,9,1586,1,6,8,1
201404FL14065,1,9,0,18,0,0,0,0,0,0,1,1,6,1,42,7,1988,1,12,10,1
201404FL14066,1,9,0,9,0,5,0,0,7,0,4,1,6,1,57,9,1389,1,12,3,1
201404FL14066,2,9,0,18,0,8,0,0,0,0,1,1,6,1,28,6,998,1,14,3,1
201404FL14067,1,9,0,4,0,0,0,0,0,0,1,1,6,2,45,7,1997,2,2,3,1
201404FL14067,2,9,0,18,0,0,0,0,0,0,2,1,6,2,64,9,1339,1,12,8,1
201404FL14068,1,9,0,17,0,0,1,0,1,0,1,1,6,2,22,5,1299,1,11,3,1
201404FL14069,1,9,0,18,0,0,1,4,1,0,1,1,6,1,33,6,1299,1,14,1,1
201404FL14069,2,9,0,18,0,0,0,0,0,0,1,1,6,1,42,7,1896,2,12,1,1
201404FL14069,3,9,0,2,0,0,0,0,1,0,2,1,6,2,70,10,1422,2,4,9,1
201404FL14070,1,9,0,10,0,5,0,0,7,0,1,1,6,2,59,9,1598,1,9,9,1
201404FL14070,2,1,0,18,0,8,0,0,0,0,1,1,6,1,15,3,-1,-1,-1,8,1
201404FL14071,1,9,0,18,0,0,0,0,0,0,1,1,6,2,71,10,1242,1,6,3,1
201404FL14071,2,19,0,2,0,0,0,0,0,0,2,1,1,1,61,9,2402,2,4,2,1
201404FL14072,1,9,0,14,0,0,0,0,0,0,3,1,6,1,34,6,1600,2,4,3,1
201404FL14072,2,9,0,14,0,0,0,0,0,0,3,1,6,2,40,7,1229,1,8,3,1
201404FL14073,1,10,0,9,0,6,0,0,0,0,0,1,6,1,38,7,-1,-1,-1,-1,-1
201404FL14073,2,3,0,18,0,1,0,0,0,0,3,1,6,1,17,4,124,1,11,3,1
201404FL14074,1,9,0,9,0,8,0,0,0,0,4,1,6,1,81,11,-1,-1,-1,-1,-1
201404FL14074,2,1,0,18,0,8,2,0,0,0,1,1,6,1,40,7,-1,-1,-1,3,1
201404FL14075,1,9,0,18,0,0,1,4,2,10,1,1,6,2,22,5,1598,1,12,1,1
201404FL14075,2,9,0,2,0,0,0,0,0,0,2,1,6,1,38,7,1753,2,15,1,1
201404FL14076,1,9,0,9,0,6,0,0,0,0,1,1,1,1,39,7,1995,2,9,1,1
201404FL14076,2,9,0,18,0,8,0,0,0,0,4,1,2,2,43,7,1229,1,2,3,1
201404FL14077,1,9,0,18,0,4,0,0,0,0,1,1,6,1,71,10,2664,2,10,-1,1
201404FL14077,2,19,0,9,0,3,0,0,0,0,4,1,6,1,20,4,1896,2,9,6,1
201404FL14078,1,9,0,7,0,6,0,0,0,0,1,1,6,1,22,5,2496,2,12,4,3
201404FL14078,2,9,0,18,0,5,0,0,0,0,3,1,6,2,45,7,1956,2,1,3,1
201404FL14079,1,9,0,18,0,0,0,0,0,0,1,1,6,2,47,8,1398,2,8,3,1
201404FL14079,2,9,0,4,0,0,0,0,0,0,2,1,6,1,19,4,1461,2,-1,3,1
201404FL14079,3,9,0,4,0,0,0,0,0,0,2,1,6,2,21,5,998,1,6,7,2
201404FL14079,4,9,0,4,0,0,0,0,0,0,2,1,6,1,43,7,2493,8,1,1,1
201404FL14080,1,9,0,5,0,3,0,0,0,0,1,1,6,1,52,8,1989,1,15,10,1
201404FL14080,2,9,0,5,0,3,0,0,0,0,2,1,6,2,53,8,-1,-1,-1,4,1
201404FL14081,1,3,0,16,0,0,1,0,0,0,3,1,6,1,21,5,124,1,3,3,1
201404FL14081,2,9,0,18,0,0,0,0,0,0,1,1,6,2,26,6,1360,1,6,3,1
201404FL14082,1,9,0,11,0,3,0,0,0,0,1,1,6,1,27,6,1587,1,12,2,1
201404FL14082,2,9,0,18,0,3,0,0,0,0,1,1,6,1,32,6,973,1,11,-1,-1
201404FL14083,1,21,1,18,0,1,0,0,0,0,1,1,1,1,60,9,-1,-1,-1,-1,-1
201404FL14083,2,9,0,18,0,1,0,0,0,0,2,1,6,2,21,5,1600,2,2,4,1
201404FL14084,1,9,0,18,0,4,0,0,0,0,1,1,6,2,23,5,1686,2,8,1,1
201404FL14084,2,9,0,4,0,4,0,0,0,0,2,1,6,1,63,9,1388,1,12,-1,-1
201404FL14085,1,9,0,9,0,8,1,4,0,0,1,1,6,1,32,6,1598,1,5,3,1
201404FL14085,2,9,0,2,0,1,0,0,0,0,2,1,6,3,-1,-1,1968,2,9,-1,-1
201404FL14085,3,9,0,2,0,2,0,0,0,0,3,1,6,3,-1,-1,995,1,8,-1,-1
201404FL14085,4,9,0,2,0,2,0,0,0,0,3,1,6,3,-1,-1,1248,2,6,-1,-1
201404FL14085,5,9,0,2,0,2,0,0,0,0,4,1,6,3,-1,-1,1364,1,9,-1,-1
201404FL14086,1,9,0,18,0,0,0,0,0,0,1,1,6,2,58,9,999,1,-1,7,1
201404FL14087,1,1,0,18,0,0,0,0,0,0,0,1,6,1,25,5,-1,-1,-1,3,1
201404FL14087,2,1,0,4,0,0,0,0,0,0,0,1,6,1,25,5,-1,-1,-1,9,1
201404FL14088,1,9,0,18,0,8,0,0,0,0,1,1,6,1,67,10,1686,2,10,3,1
201404FL14088,2,9,0,18,0,8,0,0,2,4,1,1,6,1,52,8,-1,-1,-1,4,1
201404FL14089,1,9,0,5,0,1,0,0,0,0,1,1,6,1,69,10,2993,2,4,-1,1
201404FL14089,2,9,0,3,0,1,0,0,0,0,3,1,6,2,48,8,1240,1,11,7,1
201404FL14090,1,9,0,18,0,0,0,0,0,0,3,1,6,1,65,9,1149,1,10,1,1
201404FL14090,2,9,0,18,0,0,0,0,0,0,1,1,6,2,64,9,2204,2,6,6,1
201404FL14091,1,1,0,18,0,8,0,0,0,0,1,1,6,1,39,7,-1,-1,-1,4,3
201404FL14091,2,9,0,9,0,8,0,0,0,0,3,1,6,2,38,7,-1,-1,-1,6,1
201404FL14092,1,9,0,1,0,0,5,0,0,10,2,1,6,1,51,8,1968,2,8,1,1
201404SA14001,1,9,0,3,0,0,0,0,0,0,1,1,2,2,61,9,1968,2,7,2,1
201404SA14002,1,9,0,18,0,1,0,0,0,0,1,1,1,1,48,8,1997,2,1,6,3
201404SA14002,2,9,0,3,0,1,0,0,0,0,2,1,6,2,67,10,1229,1,2,8,1
201404SA14002,3,9,0,3,0,1,0,0,0,0,2,1,6,1,50,8,1995,2,9,8,3
201404SA14003,1,9,0,9,0,6,0,0,0,0,0,1,6,2,38,7,1560,2,4,7,1
201404SA14004,1,9,0,9,0,5,0,0,0,0,1,1,1,1,32,6,1461,2,-1,6,1
201404SA14004,2,19,0,13,0,8,0,0,0,0,1,1,1,1,27,6,1870,2,10,9,1
201404SA14005,1,9,0,18,0,0,0,0,0,0,1,1,6,1,39,7,1198,1,-1,-1,1
201404SA14005,2,9,0,18,0,0,0,0,0,0,2,1,6,1,60,9,1388,1,6,8,1
201404SA14006,1,21,1,12,0,0,0,0,0,0,3,2,1,1,32,6,-1,-1,-1,-1,-1
201404SA14006,2,9,0,15,0,0,1,0,1,0,4,1,6,2,32,6,-1,-1,-1,5,1
201404SA14007,1,9,0,4,0,1,0,0,0,0,1,1,6,2,31,6,1242,1,4,2,1
201404SA14007,2,9,0,3,0,1,0,0,0,0,2,1,6,2,33,6,1870,2,9,9,3
201404SA14008,1,9,0,17,0,0,1,10,1,4,3,1,6,1,22,5,998,1,10,7,1
201404SA14009,1,9,0,12,0,1,1,0,4,0,3,1,6,1,60,9,1399,2,10,2,1
201404SA14009,2,9,0,18,0,1,1,0,0,0,4,1,6,1,50,8,1997,2,16,3,1
201404SA14010,1,5,0,18,0,1,0,0,0,0,1,1,6,3,-1,-1,-1,-1,-1,-1,-1
201404SA14010,2,9,0,9,0,1,0,0,0,0,3,1,6,2,26,6,973,1,12,8,1
201404SA14011,1,19,0,18,0,4,0,0,0,0,3,1,6,1,51,8,1896,2,5,9,3
201404SA14011,2,1,0,18,0,8,0,0,0,0,2,1,6,1,54,8,-1,-1,-1,6,1
201404SA14012,1,9,0,7,0,8,0,0,0,0,4,1,6,3,-1,-1,-1,-1,-1,-1,-1
201404SA14012,2,1,0,18,0,8,0,0,0,0,1,1,2,2,49,8,-1,-1,-1,2,1
201404SA14013,1,1,0,18,9,8,0,0,0,0,3,1,4,1,13,3,-1,-1,-1,-1,-1
201404SA14013,2,9,0,5,0,8,0,0,0,0,1,1,6,2,49,8,2902,2,6,10,1
201404SA14014,1,9,0,2,0,0,0,0,0,0,0,1,6,2,28,6,1229,1,1,3,1
201404SA14014,2,1,0,18,0,0,0,0,0,0,3,1,6,2,23,5,-1,-1,-1,-1,1
201404SA14015,1,9,0,18,0,1,0,0,0,0,4,1,1,2,35,6,1149,1,1,4,1
201404SA14015,2,9,0,18,0,1,0,0,0,0,3,1,1,2,47,8,2148,2,11,3,1
201404SA14015,3,9,0,18,0,1,0,0,0,0,2,1,1,1,32,6,1968,2,-1,5,1
201404SA14016,1,9,0,4,0,2,0,0,0,0,1,1,6,1,64,9,1398,1,2,4,1
201404SA14017,1,1,0,9,0,1,0,0,0,0,4,1,6,1,17,4,-1,-1,-1,-1,-1
201404SA14017,2,9,0,18,0,2,0,0,0,0,1,1,6,2,53,8,1686,2,12,1,1
201404SA14018,1,9,0,18,0,0,0,0,0,0,2,1,6,2,23,5,998,1,13,5,1
201404SA14018,2,9,0,18,0,0,0,0,0,0,1,1,6,2,49,8,-1,-1,-1,5,1
201404SA14019,1,21,0,7,0,1,0,0,0,0,0,1,1,1,59,9,9290,2,1,6,1
201404SA14019,2,1,0,18,0,1,1,0,0,0,0,1,1,1,31,6,-1,-1,-1,4,1
201404SA14020,1,9,0,16,0,7,0,0,0,0,1,1,2,2,32,6,1956,2,-1,5,1
201404SA14020,2,9,0,16,0,7,0,0,0,0,2,1,1,2,20,4,1461,2,4,1,1
201404SA14021,1,9,0,7,9,1,0,0,0,0,0,1,6,3,-1,-1,-1,-1,-1,-1,-1
201404SA14021,2,90,0,18,9,1,0,0,0,0,0,1,6,2,48,8,-1,-1,-1,1,1
201404SA14022,1,9,0,4,0,1,0,0,0,0,1,1,6,1,25,5,1598,1,3,2,1
201404SA14022,2,9,0,3,0,1,0,0,0,0,2,1,1,2,35,6,1995,2,2,6,1
201404SA14023,1,9,0,4,0,1,0,0,0,0,1,1,6,1,65,9,1968,2,7,4,1
201404SA14023,2,9,0,3,0,1,0,0,0,0,2,1,6,2,24,5,1242,1,15,4,1
201404SA14023,3,9,0,3,0,1,0,0,0,0,2,1,6,2,66,10,1364,1,5,5,1
201404SA14023,4,9,0,10,0,5,0,0,0,0,0,1,6,2,31,6,1461,2,9,2,1
201404SA14024,1,9,0,4,0,0,0,0,0,0,1,1,6,2,26,6,1198,1,5,5,2
201404SA14024,2,9,0,3,0,0,0,0,0,0,3,1,6,2,66,10,1388,1,-1,1,1
201404SA14025,1,3,0,18,0,0,0,0,0,0,1,1,1,1,27,6,-1,-1,-1,2,1
201404SA14025,2,9,0,5,0,0,0,0,0,0,3,1,6,1,50,8,-1,-1,-1,4,1
201404SA14027,1,9,0,17,0,0,1,0,7,4,4,1,6,1,24,5,1461,2,7,1,1
201404SA14028,1,9,0,18,0,0,0,0,0,0,3,1,1,1,26,6,-1,-1,-1,9,1
201404SA14028,2,9,0,18,0,0,0,0,0,0,3,1,1,1,19,4,-1,-1,-1,-1,-1
201404SA14028,3,9,0,18,0,0,0,0,0,0,1,1,2,1,29,6,1560,2,10,2,1
201404SA14029,1,9,0,18,0,0,0,10,1,4,1,1,6,1,38,7,2497,1,13,4,1
201404SA14030,1,9,0,12,0,7,0,0,0,0,1,1,2,1,49,8,998,1,15,5,1
201404SA14030,2,9,0,12,0,7,0,0,0,0,2,1,6,1,54,8,1968,2,3,2,1
201404SA14031,1,9,0,18,0,0,1,0,4,6,3,1,6,1,25,5,2000,2,10,1,1
201404SA14031,2,9,0,18,0,0,0,0,0,0,2,1,1,1,62,9,-1,-1,-1,8,1
201404SA14033,1,9,0,18,0,8,0,0,7,10,4,1,2,1,38,7,1896,2,14,7,1
201404SA14033,2,9,0,18,0,8,0,0,0,0,1,1,6,2,23,5,1599,1,7,7,1
201404SA14034,1,11,0,7,6,6,0,0,0,0,0,1,1,3,-1,-1,-1,-1,-1,-1,-1
201404SA14034,2,9,0,18,0,1,0,0,0,0,3,1,6,2,46,8,998,1,5,7,1
201404SA14034,3,9,0,18,0,1,0,0,0,0,4,1,6,2,40,7,1598,2,4,9,3
201404SA14035,1,9,0,18,0,0,1,0,0,0,3,1,1,1,29,6,-1,-1,-1,7,3
201404SA14036,1,9,0,4,0,0,0,0,0,0,2,1,3,2,41,7,2184,2,11,6,1
201404SA14036,2,8,0,4,0,0,0,0,0,0,1,1,1,1,45,7,1598,2,1,2,1
201404SA14037,1,3,0,18,0,1,0,0,0,0,3,1,6,1,26,6,125,1,3,4,1
201404SA14038,1,9,0,18,0,1,0,0,0,0,1,1,2,1,30,6,1199,1,14,5,1
201404SA14038,2,9,0,3,0,1,0,0,0,0,2,1,6,1,46,8,2198,1,9,1,1
201404SA14039,1,9,0,4,0,1,0,0,0,0,1,1,6,2,22,5,1108,1,4,10,1
201404SA14039,2,9,0,3,0,1,0,0,0,0,2,1,1,1,37,7,998,1,13,4,1
201404SA14040,1,9,0,18,0,1,0,0,1,7,1,1,6,1,63,9,1598,1,1,9,1
201404SA14041,1,9,0,18,0,0,0,0,0,0,1,1,6,1,64,9,2720,2,9,10,1
201404SA14042,1,9,0,18,0,5,0,0,0,0,4,1,6,1,48,8,1850,1,16,2,1
201404SA14043,1,9,0,9,0,2,0,0,0,0,3,1,6,2,63,9,1329,1,2,6,1
201404SA14044,1,19,0,18,0,1,0,0,0,0,1,1,1,1,49,8,2151,2,11,4,1
201404SA14044,2,11,0,2,0,2,0,0,0,0,0,1,6,3,-1,-1,-1,-1,-1,-1,-1
201404SA14045,1,9,0,9,0,8,0,0,0,0,4,1,1,1,78,11,1598,1,14,4,1
201404SA14045,2,9,0,18,0,8,0,0,0,0,1,1,6,1,67,10,1360,1,7,7,1
201404SA14046,1,9,0,9,0,1,0,0,1,0,1,1,1,1,55,8,1997,2,-1,5,1
201404SA14046,2,9,0,18,0,8,0,0,1,0,1,1,6,2,34,6,2663,2,17,1,1
201404SA14047,1,9,0,18,0,0,0,0,0,0,1,1,1,1,27,6,2148,2,11,5,1
201404SA14047,2,9,0,3,0,0,0,0,0,0,2,1,1,2,42,7,-1,-1,-1,1,1
201404SA14048,1,9,0,9,0,8,0,0,7,0,3,1,1,1,45,7,1968,2,-1,5,2
201404SA14048,2,9,0,18,0,8,1,0,0,0,1,1,1,1,26,6,-1,-1,-1,6,1
201404SA14048,3,9,0,18,0,1,0,0,0,0,0,1,6,1,68,10,1995,2,11,6,1
201404SA14049,1,9,0,18,0,0,1,0,0,0,1,1,6,2,25,5,1396,1,17,2,1
201404SA14049,2,9,0,4,0,0,0,0,0,0,2,1,6,1,73,10,1461,2,-1,7,2
201404SA14050,1,9,0,2,0,0,0,0,0,0,1,1,6,3,-1,-1,-1,-1,-1,-1,-1
201404SA14051,1,9,0,18,0,7,0,0,0,0,3,1,6,2,47,8,-1,-1,-1,3,1
201404SA14051,2,9,0,18,0,7,0,0,0,0,4,1,6,3,-1,-1,-1,-1,-1,-1,-1
201404SA14052,1,9,0,5,0,1,0,0,0,0,4,1,6,1,75,10,1242,1,-1,9,1
201404SA14052,2,9,0,18,0,1,0,0,0,0,1,1,6,2,19,4,1596,1,9,9,1
201404SA14053,1,9,0,18,0,0,0,0,0,0,1,1,1,1,49,8,1497,8,8,4,1
201404SA14054,1,9,0,17,0,0,2,0,1,9,4,1,6,1,24,5,-1,-1,-1,9,3
201404SA14055,1,9,0,4,0,1,0,0,0,0,1,1,6,1,26,6,2495,2,10,1,1
201404SA14055,2,9,0,4,0,1,0,0,0,0,1,1,6,2,45,7,1364,1,7,2,1
201404SA14056,1,8,0,18,0,0,0,0,0,0,1,1,1,1,48,8,2402,2,11,9,1
201404SA14056,2,19,0,2,0,0,0,0,0,0,2,1,6,3,-1,-1,1753,2,11,-1,-1
201404SA14056,3,9,0,2,0,0,0,0,0,0,2,1,6,3,-1,-1,1390,1,12,-1,-1
201404SA14057,1,9,0,6,0,0,0,0,0,0,3,1,1,1,30,6,1390,2,13,2,1
201404SA14057,2,5,0,13,0,0,5,0,0,0,1,1,6,1,39,7,750,1,9,9,1
201404SA14058,1,9,0,9,0,5,0,0,0,0,1,1,2,2,37,7,1389,1,10,10,1
201404SA14058,2,1,0,18,0,1,0,0,0,0,1,1,2,1,43,7,-1,-1,-1,-1,1
201404SA14059,1,9,0,18,0,1,0,0,0,0,1,1,6,3,-1,-1,-1,-1,-1,-1,-1
201404SA14059,2,1,0,18,0,1,0,0,1,0,3,1,6,1,20,4,-1,-1,-1,10,2
201404SA14060,1,9,0,1,0,1,0,0,0,0,2,1,6,1,28,6,1896,2,11,3,1
201404SA14061,1,9,0,2,9,0,0,0,0,0,3,1,6,1,28,6,-1,-1,-1,5,1
201404SA14061,2,3,0,18,0,0,0,0,0,0,1,1,1,1,26,6,124,1,3,1,1
201404SA14062,1,9,0,18,0,3,0,0,0,0,4,1,2,2,36,7,-1,-1,-1,-1,-1
201404SA14062,2,1,0,18,0,1,0,0,0,0,4,1,6,1,60,9,-1,-1,-1,8,2
201404SA14063,1,9,0,7,0,3,0,0,0,0,4,1,6,1,52,8,1900,2,8,8,1
201404SA14063,2,1,0,5,0,4,0,0,0,0,1,1,6,1,38,7,-1,-1,-1,10,3
201404SA14064,1,9,0,4,0,4,0,0,0,0,1,1,6,1,68,10,1685,2,2,9,2
201404SA14064,2,9,0,8,0,3,0,0,0,0,2,1,2,2,23,5,1596,1,8,6,1
201404SA14065,1,9,0,5,0,2,0,0,0,0,0,1,6,2,51,8,1324,1,12,1,1
201404SA14065,2,1,0,18,0,2,0,0,0,0,1,1,6,1,20,4,-1,-1,-1,2,1
201404SA14066,1,19,0,18,0,0,0,0,0,0,1,1,1,1,-1,-1,1753,2,7,5,1
201404SA14066,2,9,0,18,0,0,0,0,0,0,2,1,1,1,52,8,2993,2,8,4,1
201404SA14067,1,9,0,9,0,8,0,0,0,0,1,1,6,2,54,8,2720,2,10,5,2
201404SA14067,2,1,0,18,0,8,0,0,0,0,4,1,2,1,27,6,-1,-1,-1,8,1
201404SA14068,1,9,0,9,0,1,0,0,0,0,4,1,6,1,47,8,1968,2,6,8,1
201404SA14068,2,3,0,18,0,1,0,0,0,0,1,1,6,2,21,5,125,1,-1,5,1
201404SA14069,1,9,0,18,0,0,2,0,2,4,1,1,2,2,53,8,1199,1,11,4,1
201404SA14070,1,8,0,9,0,5,0,0,0,0,1,1,1,1,56,9,2402,2,11,1,1
201404SA14070,2,1,0,18,0,1,0,0,0,0,1,1,2,1,16,4,-1,-1,-1,6,1
201404SA14071,1,9,4,18,0,0,1,0,0,0,1,1,6,1,61,9,1700,2,12,4,1
201404SA14071,2,9,0,3,0,0,0,0,0,0,2,1,6,1,51,8,1600,1,15,1,1
201404SA14072,1,9,0,18,0,1,0,0,0,0,1,1,1,1,52,8,1560,2,1,10,1
201404SA14073,1,9,0,5,0,4,0,0,0,0,1,1,2,2,47,8,2401,2,10,10,1
201404SA14073,2,1,0,18,0,8,2,0,0,0,2,1,2,1,47,8,-1,-1,-1,4,1
201404SA14074,1,9,0,9,0,8,0,0,0,0,1,1,6,1,70,10,1332,1,16,9,1
201404SA14074,2,3,0,18,0,8,0,0,0,0,1,1,6,1,18,4,124,1,9,9,1