Accident_Index,Vehicle_Reference,Vehicle_Type,Towing_and_Articulation,Vehicle_Manoeuvre,Vehicle_Location-Restricted_Lane,Junction_Location,Skidding_and_Overturning,Hit_Object_in_Carriageway,Vehicle_Leaving_Carriageway,Hit_Object_off_Carriageway,1st_Point_of_Impact,Was_Vehicle_Left_Hand_Drive?,Journey_Purpose_of_Driver,Sex_of_Driver,Age_of_Driver,Age_Band_of_Driver,Engine_Capacity_(CC),Propulsion_Code,Age_of_Vehicle,Driver_IMD_Decile,Driver_Home_Area_Type
201404SB14024,1,9,0,18,0,8,0,0,2,10,1,1,6,1,83,11,905,1,1,5,1
201404SB14025,1,20,0,18,9,6,0,0,0,0,1,1,6,3,-1,-1,-1,-1,-1,-1,-1
201404SB14026,1,9,0,13,0,0,0,0,0,0,1,1,2,1,67,10,2400,2,1,9,1
201404SB14026,2,9,0,18,0,0,0,0,0,0,1,1,2,2,30,6,1896,2,5,8,1
201404SB14027,1,1,0,18,0,1,0,0,0,0,1,1,2,1,35,6,-1,-1,-1,2,1
201404SB14027,2,9,0,7,0,6,0,0,0,0,3,1,2,1,49,8,1461,2,11,1,1
201404SB14028,1,9,0,16,0,0,2,10,7,3,1,1,6,1,20,4,1598,1,6,4,1
201404SB14029,1,9,0,5,0,1,0,0,0,0,3,1,1,1,37,7,1956,2,4,-1,-1
201404SB14029,2,1,0,14,0,1,0,0,0,0,1,1,6,1,44,7,-1,-1,-1,2,1
201404SB14030,1,3,0,5,0,6,1,0,0,0,1,1,2,1,17,4,124,1,2,7,3
201404SB14030,2,9,0,3,0,2,0,0,0,0,2,1,6,1,71,10,1596,1,-1,7,3
201404SB14031,1,9,0,1,0,0,0,0,0,0,2,1,6,2,52,8,1195,1,17,4,1
201404SB14032,1,9,0,17,0,0,0,0,0,0,3,1,6,3,-1,-1,-1,-1,-1,-1,-1
201404SB14032,2,9,0,16,0,0,0,0,0,0,3,1,6,1,27,6,1461,2,1,4,1
201404SB14033,1,9,0,4,0,1,0,0,0,0,1,1,6,2,66,10,1896,2,6,2,1
201404SB14033,2,9,0,3,0,1,0,0,0,0,2,1,1,1,47,8,1598,2,2,10,1
201404SB14034,1,9,0,4,0,1,0,0,0,0,1,1,1,1,46,8,-1,-1,-1,9,1
201404SB14034,2,9,0,4,0,1,0,0,0,0,2,1,6,2,49,8,1796,1,8,7,1
201404SB14035,1,9,0,18,0,0,0,0,0,0,1,1,6,2,76,11,1360,1,7,10,1
201404SB14035,2,17,0,3,9,0,0,0,0,0,1,1,6,3,-1,-1,-1,2,8,-1,-1
201404SB14036,1,9,0,2,0,0,0,0,0,0,3,1,6,1,20,4,998,1,1,9,1
201404SB14036,2,1,0,18,0,0,1,0,0,0,1,1,2,1,17,4,-1,-1,-1,10,2
201404SB14037,1,9,0,1,0,0,0,0,0,0,2,1,6,2,34,6,1390,1,14,2,1
201404SB14038,1,9,0,18,0,0,0,0,1,4,1,1,2,2,44,7,1798,1,6,10,3
201404SB14039,1,9,0,16,0,0,0,0,0,0,1,1,2,2,30,6,1299,1,7,7,1
201404SB14039,2,9,0,3,0,0,0,0,0,0,2,1,6,1,62,9,-1,-1,-1,3,1
201404SB14039,3,9,0,3,0,0,0,0,0,0,2,1,6,2,50,8,898,1,1,3,1
201404SB14040,1,9,0,5,0,1,0,0,0,0,1,1,6,2,41,7,998,1,1,9,1
201404SB14041,1,9,0,18,0,4,0,0,0,0,1,1,6,1,57,9,1598,2,1,2,1
201404SB14041,2,1,0,9,0,8,0,0,0,0,2,1,6,1,44,7,-1,-1,-1,3,1
201404SB14043,1,1,0,18,0,0,0,0,0,0,4,1,6,1,13,3,-1,-1,-1,2,1
201404SB14043,2,9,0,18,0,0,0,0,0,0,1,1,6,1,52,8,998,1,-1,2,1
201404SB14045,1,9,0,5,0,8,0,0,1,10,3,1,2,2,47,8,1124,1,12,6,3
201404SB14045,2,19,0,18,0,8,0,0,7,4,1,1,6,1,43,7,2496,2,15,2,1
201404SB14046,1,19,0,18,0,1,0,0,0,0,4,1,6,3,-1,-1,-1,-1,-1,-1,-1
201404SB14047,1,9,0,9,0,6,0,0,0,0,1,1,6,1,54,8,1198,1,4,9,1
201404SB14047,2,9,0,18,0,1,0,0,0,0,3,1,6,2,55,8,1242,1,8,-1,-1
201404SB14048,1,9,0,18,0,0,1,10,2,7,1,1,1,1,46,8,1587,1,11,3,1
201404SB14048,2,21,0,18,0,0,0,0,0,0,1,1,2,1,63,9,11946,2,4,1,1
201404SB14049,1,9,0,16,0,8,0,0,0,0,0,1,6,3,-1,-1,-1,-1,-1,-1,-1
201404SB14049,2,9,0,17,0,8,1,2,2,4,4,1,6,2,54,8,1896,2,12,7,1
201404SB14050,1,9,0,18,0,4,0,0,0,0,1,1,6,3,-1,-1,-1,-1,-1,-1,-1
201404SB14050,2,1,0,18,0,8,0,0,0,0,4,1,6,1,42,7,-1,-1,-1,10,1
201404SB14051,1,2,0,18,0,0,0,4,0,0,1,1,6,1,25,5,49,1,7,2,1
201404SB14051,2,21,1,2,0,0,0,0,0,0,2,1,1,1,-1,-1,12809,2,-1,3,1
201404SB14052,1,9,0,1,0,1,0,0,1,10,1,1,6,2,84,11,1390,1,19,8,1
201404SB14053,1,9,0,17,0,0,1,0,8,10,4,1,6,1,77,11,1242,1,4,9,1
201404SB14053,2,9,0,18,0,0,1,0,0,0,1,1,6,1,35,6,1596,1,7,9,2
201404SB14054,1,9,0,9,0,5,0,0,0,0,1,1,6,2,27,6,1364,1,8,2,1
201404SB14054,2,5,0,18,0,8,0,0,0,0,1,1,2,1,47,8,649,1,-1,7,1
201404SB14055,1,3,0,16,0,0,5,10,7,0,1,1,2,2,43,7,-1,-1,-1,5,3
201404SB14056,1,9,0,4,0,1,0,0,0,0,1,1,6,2,30,6,1248,2,6,10,1
201404SB14056,2,19,0,18,0,8,0,0,0,0,3,1,1,1,47,8,2143,2,-1,7,3
201404SB14057,1,8,0,17,0,0,0,0,7,4,1,1,1,1,36,7,1910,2,8,8,1
201404SB14058,1,9,0,18,0,0,0,0,0,0,1,1,6,1,38,7,-1,-1,-1,4,3
201404SB14058,2,9,0,18,0,0,1,0,0,0,0,1,6,1,23,5,1596,1,8,5,1
201404SB14060,1,9,0,17,0,0,5,0,8,10,1,1,6,2,35,6,1299,1,12,8,1
201404SB14061,1,9,0,18,0,1,0,0,0,0,1,1,6,1,26,6,1229,1,6,1,1
201404SB14062,1,9,0,9,0,5,0,0,0,0,4,1,6,2,81,11,1560,2,4,6,1
201404SB14062,2,9,0,18,0,8,0,0,0,0,1,1,3,1,41,7,2776,2,6,9,1
201404SB14062,3,9,0,4,0,1,0,0,0,0,1,1,3,2,44,7,1968,2,1,7,3
201404SB14063,1,9,0,16,0,0,5,0,8,3,3,1,6,2,20,4,1390,1,8,7,3
201404SB14064,1,9,0,12,0,8,0,10,7,0,3,1,6,2,40,7,1995,2,3,3,1
201404SB14064,2,9,0,18,0,8,0,0,0,0,1,1,1,1,26,6,1997,2,4,6,2
201404SB14065,1,9,0,18,0,0,2,0,1,0,3,1,6,1,68,10,2143,2,2,-1,1
201404SB14066,1,9,0,17,0,0,1,0,0,0,1,1,2,2,29,6,999,1,4,1,1
201404SB14066,2,9,0,18,0,0,1,0,1,0,1,1,6,2,66,10,1598,1,-1,5,3
201404SB14067,1,9,0,4,0,1,0,0,0,0,1,2,2,2,26,6,1499,2,1,7,1
201404SB14067,2,9,0,3,0,1,0,0,0,0,2,1,2,1,52,8,998,1,-1,2,1
201404SB14068,1,9,0,18,0,0,1,0,7,10,1,1,6,1,35,6,1598,1,9,6,1
201404SB14069,1,9,0,7,0,8,0,0,0,0,4,1,6,3,-1,-1,-1,-1,-1,-1,-1
201404SB14069,2,1,0,7,0,8,0,0,0,0,3,1,6,1,32,6,-1,-1,-1,-1,1
201404SB14070,1,9,0,9,0,4,0,0,0,0,1,1,2,1,66,10,2993,2,3,7,3
201404SB14071,1,9,0,17,0,0,0,0,7,10,1,1,6,1,66,10,-1,-1,-1,9,2
201404SB14071,2,9,0,16,0,0,0,0,0,0,1,1,6,1,58,9,1796,1,9,8,1
201404SC14001,1,1,0,4,0,1,0,0,0,0,1,1,6,1,13,3,-1,-1,-1,2,2
201404SC14001,2,9,0,4,0,1,0,0,0,0,1,1,6,1,38,7,1242,1,11,5,2
201404SC14002,1,20,0,9,0,8,0,0,0,0,3,1,6,1,59,9,3920,2,3,5,1
201404SC14002,2,5,0,18,0,8,1,7,4,0,4,1,2,1,41,7,955,1,17,5,1
201404SC14003,1,20,0,4,0,7,0,0,0,0,1,1,6,3,-1,-1,-1,-1,-1,-1,-1
201404SC14003,2,9,0,3,0,4,1,0,0,0,2,1,1,2,23,5,1968,2,7,4,1
201404SC14004,1,9,0,18,0,1,0,0,0,0,1,1,1,1,18,4,1198,1,2,2,1
201404SC14004,2,9,0,3,0,1,0,0,0,0,2,1,6,2,41,7,1598,1,11,3,1
201404SC14004,3,9,0,10,0,1,0,0,0,0,2,1,6,2,66,10,1984,2,3,7,1
201404SC14005,1,9,0,18,0,3,0,0,0,0,1,1,1,2,74,10,1560,2,1,10,1
201404SC14005,2,9,0,4,0,4,0,0,0,0,3,1,1,2,47,8,1900,2,7,-1,-1
201404SC14006,1,9,0,18,0,1,0,0,1,0,3,1,6,1,18,4,1242,1,5,10,1
201404SC14006,2,9,0,18,0,1,0,0,1,0,3,1,6,2,29,6,1598,1,1,8,1
201404SC14007,1,19,0,12,0,0,0,0,0,0,0,1,6,3,-1,-1,-1,-1,-1,-1,-1
201404SC14007,2,5,0,18,0,0,0,0,1,9,0,1,6,1,52,8,647,1,8,3,3
201404SC14008,1,9,0,9,0,8,0,0,0,0,1,1,6,1,31,6,1399,2,5,8,3
201404SC14008,2,9,0,18,0,8,0,0,0,0,1,1,6,2,47,8,1388,1,11,6,1
201404SC14009,1,9,0,18,0,2,0,10,0,1,1,1,6,2,28,6,1461,2,4,8,1
201404SC14010,1,9,0,7,0,6,0,0,0,0,4,1,2,1,43,7,1242,1,12,1,1
201404SC14010,2,9,0,18,0,1,0,0,0,0,1,1,1,1,55,8,1686,2,6,5,1
201404SC14011,1,9,0,18,0,6,0,0,0,0,0,1,6,3,-1,-1,-1,-1,-1,-1,-1
201404SC14012,1,5,0,17,0,0,2,0,1,10,4,1,6,1,29,6,599,1,15,8,3
201404SC14013,1,9,0,18,0,0,0,4,1,0,1,1,6,2,42,7,2204,2,4,3,1
201404SC14013,2,9,0,2,0,0,0,0,7,0,2,1,6,2,56,9,1997,2,14,-1,-1
201404SC14013,3,9,0,2,0,0,0,0,0,0,2,1,6,2,51,8,-1,-1,-1,9,1
201404SC14014,1,10,0,5,0,1,0,0,0,0,1,1,6,3,-1,-1,-1,-1,-1,-1,-1
201404SC14014,2,1,0,5,0,1,0,0,0,0,4,1,6,2,33,6,-1,-1,-1,1,1
201404SC14015,1,3,0,18,0,0,1,4,0,0,1,1,1,1,23,5,124,1,1,6,1
201404SC14015,2,11,0,18,0,0,0,0,0,0,2,1,1,1,39,7,6700,2,5,5,1
201404SC14016,1,3,0,17,0,0,2,0,1,0,3,1,6,1,21,5,124,1,5,3,1
201404SC14017,1,9,0,18,0,0,0,0,0,0,1,1,6,1,48,8,1299,1,8,-1,-1
201404SC14017,2,9,0,4,0,0,0,0,0,0,2,1,6,2,22,5,1242,1,12,2,1
201404SC14018,1,9,0,6,8,0,0,0,0,0,1,1,6,1,29,6,1461,2,3,6,2
201404SC14018,2,9,0,17,0,0,1,0,0,0,1,1,2,1,63,9,1242,1,7,5,1
201404SC14019,1,8,0,18,0,1,0,0,0,0,0,1,6,1,58,9,-1,-1,-1,6,1
201404SC14020,1,9,0,5,0,2,0,0,0,0,1,1,2,1,33,6,1242,1,11,2,1
201404SC14020,2,9,0,18,0,1,0,0,0,0,1,1,2,2,22,5,998,1,7,5,1
201404SC14021,1,9,0,5,0,2,0,0,0,0,1,1,6,2,32,6,1598,1,5,5,1
201404SC14021,2,3,0,18,0,1,2,0,0,0,1,1,6,1,19,4,125,1,7,8,2
201404SC14022,1,9,0,18,0,2,0,0,0,0,1,1,1,1,73,10,1798,1,8,9,1
201404SC14023,1,9,0,18,0,0,1,0,2,2,3,1,6,2,38,7,1598,1,2,8,2
201404SC14023,2,9,0,18,0,0,1,0,0,0,4,1,6,2,59,9,2497,2,7,9,3
201404SC14024,1,9,0,18,0,2,0,10,6,6,1,1,6,1,22,5,-1,-1,-1,7,3
201404SC14025,1,9,0,18,0,8,0,0,3,10,1,1,6,1,19,4,1761,1,14,8,1
201404SC14026,1,9,0,18,6,6,0,0,0,0,2,1,6,1,74,10,3239,1,17,8,2
201404SC14026,2,9,0,18,0,8,0,0,0,0,3,1,6,1,53,8,1956,2,3,8,2
201404SC14027,1,9,0,5,0,6,0,0,0,0,3,1,6,1,84,11,1461,2,9,7,1
201404SC14027,2,2,0,18,0,1,1,0,0,0,1,1,6,1,16,4,49,1,4,10,1
201404SC14028,1,9,0,10,0,1,0,0,0,0,1,1,6,1,-1,-1,-1,-1,-1,-1,-1
201404SC14028,2,1,0,18,0,5,0,0,0,0,1,1,6,1,33,6,-1,-1,-1,9,1
201404SC14029,1,9,0,18,0,0,0,0,1,10,3,1,6,1,60,9,2401,2,12,1,1
201404SC14029,2,9,0,2,0,0,0,0,0,0,3,1,6,2,52,8,1598,1,5,3,1
201404SC14030,1,9,0,16,0,0,2,0,7,4,1,1,6,1,20,4,1149,1,12,1,1
201404SC14031,1,9,0,18,0,4,0,0,0,0,3,1,6,2,20,4,1299,1,13,2,1
201404SC14031,2,9,0,9,0,8,0,0,0,0,4,1,6,1,38,7,1229,1,6,2,2
201404SC14032,1,9,0,18,0,0,0,0,0,0,4,1,6,1,57,9,2720,2,4,7,1
201404SC14032,2,1,0,18,0,0,0,0,0,0,3,1,6,1,58,9,-1,-1,-1,5,2
201404SC14032,3,9,0,2,0,0,0,0,0,0,3,1,6,3,-1,-1,1388,1,14,-1,-1
201404SC14033,1,9,0,18,0,4,0,0,0,0,1,1,6,1,43,7,1796,1,9,4,1
201404SC14033,2,9,0,3,0,3,1,0,0,0,2,1,6,1,19,4,1388,1,14,10,1
201404SC14034,1,9,0,18,0,0,5,0,1,1,3,1,6,1,24,5,1229,1,3,5,3
201404SC14035,1,9,0,18,0,2,0,0,0,0,1,1,6,2,52,8,2496,1,12,8,1
201404SC14036,1,3,0,18,0,1,0,0,2,2,1,1,6,1,25,5,-1,-1,-1,8,3
201404SC14037,1,5,0,17,0,1,1,0,0,0,3,1,6,1,38,7,-1,-1,-1,2,1
201404SC14038,1,9,0,18,0,1,0,0,3,2,1,1,6,1,12,3,1149,1,3,3,1
201404SC14039,1,9,0,18,0,0,0,0,0,0,0,1,6,2,67,10,998,1,1,6,1
201404SC14040,1,9,0,16,0,0,1,0,7,10,3,1,6,1,17,4,1199,1,12,7,1
201404SC14040,2,9,0,17,0,0,0,0,0,0,3,1,6,1,43,7,1900,2,11,5,1
201404SC14041,1,3,0,17,0,0,0,0,0,0,4,1,2,1,39,7,124,1,-1,3,1
201404SC14041,2,90,0,17,0,0,0,0,0,0,3,1,2,1,38,7,-1,-1,-1,5,3
201404SC14042,1,9,0,6,0,0,0,0,0,0,3,1,1,1,23,5,1242,1,7,5,1
201404SC14042,2,9,0,18,0,0,0,0,0,0,1,1,2,2,52,8,1598,2,1,7,1
201404SC14043,1,9,0,18,0,1,0,0,0,0,1,1,6,2,78,11,1956,2,1,6,3
201404SC14043,2,2,0,3,0,1,5,0,0,0,2,1,6,1,16,4,49,1,-1,4,1
201404SC14044,1,1,0,18,0,0,0,11,0,0,2,1,6,1,49,8,-1,-1,-1,10,1
201404SC14044,2,9,0,18,0,0,0,0,0,0,1,1,6,1,27,6,1560,2,2,2,1
201404SC14045,1,5,0,16,0,1,1,0,0,0,1,1,6,1,23,5,649,1,6,5,1
201404SC14045,2,9,0,9,0,1,0,0,0,0,1,1,2,2,38,7,1910,2,7,1,1
201404SC14046,1,9,0,18,0,0,1,0,0,0,1,1,2,1,45,7,-1,-1,-1,5,1
201404SC14046,2,9,0,18,0,0,0,0,0,0,2,1,6,2,34,6,1796,1,5,7,1
201404SC14046,3,9,0,18,0,0,0,0,0,0,2,1,6,1,59,9,2295,1,13,6,3
201404SC14047,1,9,0,12,0,0,1,0,0,0,1,1,6,1,50,8,1994,2,18,6,2
201404SC14047,2,9,0,18,0,0,1,0,0,0,1,1,6,2,39,7,-1,-1,-1,4,1
201404SC14047,3,9,0,18,0,0,1,0,0,0,1,1,6,2,72,10,1339,1,10,9,1
201404SC14047,4,9,0,3,0,0,0,0,0,0,2,1,6,2,30,6,1781,1,9,-1,-1
201404SC14047,5,9,0,3,0,0,0,0,0,0,2,1,6,2,48,8,1781,1,7,9,1
201404SC14049,1,9,0,5,0,1,0,0,0,0,3,1,1,1,25,5,-1,-1,-1,5,1
201404SC14049,2,90,0,5,0,1,0,0,0,0,4,1,6,2,78,11,-1,-1,-1,6,1
201404SC14050,1,9,0,7,0,8,0,0,0,0,0,1,6,1,63,9,1997,2,6,9,3
201404SC14050,2,1,0,17,0,1,0,0,0,0,0,1,6,1,34,6,-1,-1,-1,6,1
201404SC14051,1,8,0,5,0,6,0,0,0,10,4,1,1,1,40,7,1896,2,11,2,1
201404SC14051,2,9,0,18,0,1,0,0,0,0,1,1,2,1,24,5,1600,1,10,1,1
201404SC14052,1,3,0,4,0,1,0,0,0,0,1,1,6,1,23,5,125,1,-1,4,1
201404SC14052,2,9,0,4,0,1,0,0,0,0,2,1,6,1,57,9,1956,2,3,8,3
201404SC14052,3,9,0,1,0,1,0,0,0,0,0,1,6,1,43,7,2967,2,7,9,3
201404SC14053,1,9,0,16,0,0,0,10,7,10,3,1,2,1,28,6,1560,2,9,2,1
201404SC14054,1,19,0,18,0,0,0,0,0,0,1,1,6,1,24,5,1753,2,3,5,1
201404SC14054,2,9,0,3,0,0,0,0,0,0,2,1,2,2,32,6,1560,2,5,10,1
201404SC14055,1,9,0,18,0,0,0,0,0,0,1,1,6,1,71,10,2231,2,7,-1,-1
201404SC14055,2,9,0,18,0,0,0,0,0,0,2,1,6,1,42,7,1896,2,6,9,1
201404SC14056,1,9,0,9,0,1,0,0,0,0,3,1,6,2,44,7,1999,1,9,3,1
201404SC14057,1,9,0,18,0,0,1,0,0,0,1,1,2,1,60,9,2148,2,11,5,1
201404SC14057,2,9,0,3,0,0,0,0,0,0,2,1,2,1,30,6,1995,2,7,6,1
201404SC14058,1,9,0,4,0,1,0,0,0,0,1,1,6,2,53,8,998,1,12,4,1
201404SC14058,2,9,0,3,0,1,0,0,0,0,2,1,6,2,62,9,1595,1,14,5,1
201404SC14060,1,9,0,18,0,0,0,0,0,0,1,1,6,2,47,8,1560,2,2,9,1
201404SC14060,2,9,0,18,0,0,0,0,0,0,1,1,6,1,54,8,1248,1,3,1,1
201404SC14061,1,9,0,18,0,0,0,0,0,0,1,1,2,1,25,5,-1,-1,-1,2,1
201404SC14061,2,9,0,3,0,0,0,0,0,0,2,1,2,2,24,5,1560,2,2,9,1
201404SC14061,3,9,0,3,0,0,0,0,0,0,2,1,2,2,51,8,2143,2,4,6,1
201404SC14062,1,9,0,18,0,4,0,0,0,0,1,1,2,1,55,8,1597,1,7,4,1
201404SC14063,1,9,0,5,0,5,0,0,0,0,4,1,2,1,21,5,1910,2,7,5,1
201404SC14063,2,1,0,18,4,8,0,0,0,0,1,1,6,1,19,4,-1,-1,-1,8,1
201404SC14064,1,9,0,4,0,1,0,0,0,0,1,1,6,3,-1,-1,-1,-1,-1,-1,-1
201404SC14064,2,9,0,4,0,4,0,0,0,0,2,1,1,1,50,8,1794,1,12,3,1
201404SC14065,1,9,0,4,0,7,0,0,0,0,2,1,6,1,67,10,1339,1,6,6,1
201404SC14065,2,9,0,4,0,7,0,0,0,0,1,1,6,2,28,6,1242,1,-1,5,1
201404SC14066,1,3,0,18,0,2,0,0,0,0,3,1,2,1,22,5,125,1,8,4,1
201404SC14067,1,9,0,18,0,0,1,10,6,0,1,1,6,1,36,7,3999,1,6,8,3
201404SC14067,2,19,0,3,0,0,0,0,0,0,3,1,2,1,27,6,1461,2,-1,2,2
201404SC14068,1,9,0,18,0,1,0,0,1,10,3,1,1,1,37,7,1968,2,7,8,2
201404SC14068,2,9,0,10,0,1,0,0,0,0,1,1,1,2,18,4,998,1,2,10,1
201404SC14069,1,5,0,16,0,0,0,10,8,10,3,1,2,1,29,6,599,1,13,4,1
201404SC14070,1,5,0,16,0,1,0,0,0,0,1,1,6,1,61,9,999,1,9,1,1
201404SC14070,2,9,0,18,0,1,0,0,0,0,1,1,6,2,67,10,1797,8,4,7,1
201404SC14071,1,9,0,18,0,0,1,0,0,0,1,1,6,2,29,6,1299,1,15,2,1
201404SC14071,2,9,0,4,0,0,0,0,0,0,2,1,6,1,72,10,2495,1,13,8,1
201404SC14071,3,9,0,10,0,0,0,0,0,0,0,1,6,1,61,9,1598,1,7,9,1
201404SC14072,1,9,0,4,0,0,0,0,0,0,1,1,6,2,71,10,1598,1,2,9,1
201404SC14072,2,9,0,4,0,0,0,0,0,0,2,1,6,2,35,6,1339,1,9,7,1
201404SC14072,3,8,0,3,0,0,0,0,0,0,2,1,6,1,43,7,1910,2,9,5,2
201404SC14073,1,9,0,16,0,0,0,10,0,0,4,1,6,1,62,9,998,1,1,8,1
201404SC14073,2,21,1,4,0,0,0,0,0,0,2,1,1,1,58,9,15607,2,1,-1,3
201404SC14074,1,3,0,17,0,0,1,0,0,0,3,1,6,1,17,4,125,1,9,7,2
201404SC14074,2,3,0,17,0,0,1,0,0,0,3,1,6,1,18,4,124,1,-1,5,2
201404SC14075,1,9,0,5,0,4,0,0,0,0,1,1,2,1,65,9,1997,2,12,3,1
201404SC14075,2,5,0,9,0,8,0,0,0,0,4,1,2,1,28,6,-1,-1,-1,4,1
201404SC14076,1,9,0,7,0,6,1,0,0,0,1,1,6,1,66,10,2497,2,8,9,3
201404SC14076,2,9,0,18,0,1,0,10,1,0,1,1,6,2,65,9,1390,1,1,8,1
201404SC14077,1,9,0,16,0,0,0,0,0,0,1,1,2,1,46,8,1769,1,10,9,1
201404SC14078,1,9,0,9,0,7,0,0,0,0,1,1,6,3,-1,-1,-1,-1,-1,-1,-1
201404SC14079,1,9,0,18,0,4,0,0,0,0,1,1,6,1,73,10,1360,1,11,9,1
201404SC14079,2,9,0,18,0,4,0,0,0,0,0,1,6,2,26,6,1461,2,1,-1,1
201404SC14080,1,9,0,5,0,3,0,0,0,0,1,1,2,2,26,6,1596,1,2,9,1
201404SC14080,2,9,0,3,0,3,0,0,0,0,2,1,2,2,48,8,1299,1,13,1,1
201404SC14081,1,9,0,5,0,4,0,0,0,0,1,1,1,3,-1,-1,-1,-1,-1,-1,-1
201404SC14081,2,3,0,18,0,3,0,0,0,0,4,1,1,1,22,5,125,1,2,-1,-1
201404SC14082,1,9,0,18,0,0,0,0,0,0,1,1,2,2,48,8,1598,2,4,9,2
201404SC14083,1,9,0,18,0,0,1,0,2,7,4,1,6,1,44,7,1800,1,14,1,1
201404SC14084,1,9,0,18,0,8,0,0,0,10,1,1,2,1,37,7,1910,2,7,7,2
201404SC14084,2,90,0,18,0,8,0,0,0,10,1,1,2,1,51,8,-1,-1,-1,6,2
201404SC14085,1,9,0,18,0,0,1,0,0,7,3,1,6,2,58,9,1587,1,12,5,1
201404SC14086,1,9,0,18,6,0,1,4,0,0,1,1,6,1,80,11,1998,1,10,3,1
201404SC14086,2,9,0,2,6,0,0,0,0,0,2,1,6,3,-1,-1,1998,2,9,-1,-1
201404SC14087,1,9,0,3,0,0,0,0,0,0,2,1,6,1,24,5,1390,1,9,9,1
201404SC14087,2,9,0,3,0,0,0,0,0,0,2,1,6,2,54,8,1242,1,10,4,1
201404SC14087,3,9,0,3,0,0,0,0,0,0,2,1,2,1,40,7,1398,1,1,8,1
201404SC14087,4,9,0,3,0,0,0,0,0,0,2,1,6,1,51,8,1998,2,9,9,1
201404SC14088,1,9,0,9,0,5,0,0,0,0,4,1,6,1,24,5,1229,1,1,7,2
201404SC14088,2,1,0,18,0,8,0,0,0,0,1,1,2,1,42,7,-1,-1,-1,7,3
201404SC14089,1,9,0,16,0,0,0,0,0,10,1,1,6,1,45,7,-1,-1,-1,10,3
201404SC14089,2,9,0,17,0,0,0,0,0,10,1,1,6,1,61,9,1968,2,-1,8,1
201404SC14090,1,19,0,16,0,0,0,0,7,4,1,1,6,1,26,6,2463,2,8,5,2
201404SC14091,1,9,0,18,0,0,1,11,4,6,1,1,6,1,39,7,1995,2,2,-1,3
201404SC14092,1,9,0,18,0,4,0,0,0,0,1,1,6,1,28,6,1587,1,7,1,1
201404SC14092,2,1,0,18,0,4,0,0,0,0,4,1,2,1,40,7,-1,-1,-1,8,1
201404SC14093,1,9,0,17,0,0,1,0,0,10,1,1,2,2,18,4,1240,1,11,5,3
201404SC14094,1,9,0,9,0,2,0,0,0,0,1,1,6,1,79,11,1497,1,12,5,1
201404SC14094,2,9,0,18,0,1,0,0,0,0,3,1,6,1,53,8,1997,2,3,8,1
201404SC14095,1,9,0,17,0,1,0,0,0,0,3,1,6,1,40,7,2204,2,8,8,1
201404SC14096,1,9,0,16,0,0,0,0,0,0,1,1,4,1,17,4,2148,2,10,1,1
201404SC14096,2,9,0,17,0,0,0,0,0,0,1,1,2,1,60,9,1329,1,-1,2,1
201404SC14097,1,9,0,18,0,0,0,0,0,0,1,1,2,2,46,8,1242,1,11,3,1
201404SC14098,1,9,0,18,0,0,0,0,0,0,1,1,2,2,40,7,1598,1,7,5,1
201404SC14098,2,9,0,3,0,0,0,0,0,0,2,1,2,1,45,7,1986,2,7,10,1
201404SC14099,1,9,0,18,0,0,0,0,0,0,1,1,6,2,58,9,1598,1,2,-1,-1
201404SC14100,1,9,0,11,0,0,0,0,0,0,1,2,2,2,26,6,1332,1,16,8,2
201404SC14100,2,9,0,12,0,0,0,0,0,0,2,1,2,1,39,7,1997,2,10,2,2
201404SC14101,1,9,0,7,0,6,0,0,0,0,2,1,2,2,32,6,1598,1,15,4,1
201404SC14101,2,5,0,18,0,1,5,0,0,0,1,1,2,1,26,6,599,1,17,4,1
201404SC14102,1,9,0,18,0,0,1,0,2,7,1,1,1,2,28,6,1598,2,4,7,1
201404SC14102,2,9,0,18,0,0,2,0,0,0,2,1,1,1,45,7,1968,2,3,2,2
201404SC14102,3,21,2,18,0,0,0,0,0,0,4,1,1,1,31,6,15607,2,2,8,1
201404SC14103,1,9,0,18,0,8,2,0,1,7,1,1,6,1,22,5,1995,1,8,4,1
201404SC14104,1,9,0,6,0,6,0,0,0,0,3,1,6,1,63,9,1298,1,11,-1,1
201404SC14104,2,19,0,18,0,1,0,0,0,0,1,1,6,1,38,7,1896,2,7,5,1
201404SC14105,1,9,0,18,0,8,0,0,0,0,1,1,6,1,-1,-1,-1,-1,-1,-1,-1
201404SC14105,2,9,0,18,0,8,0,0,0,0,4,1,1,1,72,10,1600,1,9,9,1
201404SC14106,1,9,0,17,0,0,1,10,1,3,1,1,1,2,25,5,1242,1,12,6,1
201404SC14106,2,9,0,2,6,0,0,0,0,0,3,1,6,3,-1,-1,1328,1,13,-1,-1
201404SC14107,1,9,0,7,0,2,0,0,0,0,0,1,6,1,45,7,1299,1,8,10,2
201404SC14107,2,1,0,18,0,1,0,0,0,0,2,1,2,1,51,8,-1,-1,-1,8,1
201404SC14108,1,3,0,18,0,1,0,0,0,0,1,1,6,1,17,4,124,1,19,8,3
201404SC14108,2,9,0,10,0,1,0,0,0,0,2,1,6,1,18,4,1198,1,6,3,3
201404SC14109,1,9,0,18,9,0,1,12,1,2,1,1,6,2,25,5,1769,1,13,6,1
201404SC14110,1,9,0,18,0,0,0,4,0,0,1,1,6,1,81,11,1598,2,-1,10,2
201404SC14110,2,9,0,2,-1,0,0,0,0,0,3,1,6,1,49,8,2143,2,1,8,3