Accident_Index,Vehicle_Reference,Vehicle_Type,Towing_and_Articulation,Vehicle_Manoeuvre,Vehicle_Location-Restricted_Lane,Junction_Location,Skidding_and_Overturning,Hit_Object_in_Carriageway,Vehicle_Leaving_Carriageway,Hit_Object_off_Carriageway,1st_Point_of_Impact,Was_Vehicle_Left_Hand_Drive?,Journey_Purpose_of_Driver,Sex_of_Driver,Age_of_Driver,Age_Band_of_Driver,Engine_Capacity_(CC),Propulsion_Code,Age_of_Vehicle,Driver_IMD_Decile,Driver_Home_Area_Type
201404WB14012,1,9,0,18,0,0,1,4,0,0,1,1,6,1,77,11,1389,1,10,2,1
201404WB14012,2,90,0,2,0,0,0,0,0,0,2,1,6,3,-1,-1,-1,-1,-1,-1,-1
201404WB14013,1,9,0,4,0,0,1,0,0,0,1,1,6,1,22,5,1323,1,12,1,1
201404WB14013,2,9,0,4,0,0,0,0,0,0,2,1,6,2,59,9,998,1,15,9,1
201404WB14014,1,9,0,18,0,0,0,12,0,0,1,1,6,2,33,6,1956,2,1,4,1
201404WB14014,2,9,0,18,0,0,0,12,0,0,1,1,2,1,31,6,1968,2,5,10,2
201404WB14014,3,9,0,18,0,0,0,12,0,0,1,1,6,1,41,7,2979,1,12,-1,-1
201404WB14014,4,9,0,18,0,0,0,12,0,0,1,1,6,2,24,5,1299,1,7,4,1
201404WB14014,5,9,0,18,0,0,0,12,0,0,1,1,6,1,22,5,1598,1,12,8,1
201404WB14015,1,90,0,18,0,0,0,0,0,0,4,1,1,1,61,9,-1,-1,-1,4,1
201404WB14016,1,3,0,17,0,0,2,0,1,0,0,1,1,1,40,7,125,1,-1,-1,1
201404WB14017,1,9,0,17,0,1,1,10,2,10,1,1,6,1,22,5,1242,1,10,8,3
201404WB14018,1,9,0,18,0,0,0,0,0,0,4,1,6,3,-1,-1,-1,-1,-1,-1,-1
201404WB14019,1,9,0,18,0,8,1,0,0,0,1,1,6,2,34,6,1598,1,12,4,1
201404WB14020,1,9,0,9,0,2,0,0,0,0,1,1,3,2,29,6,1910,2,7,9,1
201404WB14020,2,1,0,18,0,1,0,0,0,0,0,1,2,1,26,6,-1,-1,-1,10,1
201404WB14021,1,9,0,11,0,0,0,0,0,0,1,1,6,1,74,10,1390,1,11,9,3
201404WB14021,2,21,0,18,0,0,0,0,0,0,2,1,1,1,40,7,5880,2,4,8,2
201404WB14022,1,9,0,4,0,0,0,0,0,0,1,1,6,1,86,11,1896,2,4,9,2
201404WB14022,2,9,0,4,0,0,0,0,0,0,1,1,6,1,68,10,2295,1,17,9,2
201404WB14022,3,21,4,9,0,0,0,0,0,0,2,1,1,1,45,7,-1,-1,-1,-1,-1
201404WB14023,1,9,0,5,0,6,0,0,0,0,3,1,6,1,81,11,1339,1,6,6,1
201404WB14023,2,9,0,18,0,8,0,0,0,0,3,1,6,2,37,7,1991,2,9,9,1
201404WB14024,1,9,0,9,0,1,0,0,0,0,1,1,2,1,20,4,1229,1,6,9,2
201404WB14024,2,1,0,10,0,1,0,0,0,0,1,1,2,1,41,7,-1,-1,-1,9,2
201404WB14025,1,9,0,9,0,0,0,6,7,10,1,1,2,1,29,6,973,1,12,2,1
201404WB14026,1,1,0,16,0,1,1,0,0,0,1,1,6,1,43,7,-1,-1,-1,-1,-1
201404WB14026,2,19,0,1,0,5,0,0,0,0,3,1,1,1,31,6,2198,2,7,4,1
201404WB14027,1,9,0,18,0,1,0,0,0,0,2,1,6,1,60,9,1560,2,1,6,2
201404WB14027,2,9,0,18,0,1,0,0,0,0,1,1,2,2,59,9,1229,1,3,9,2
201404WB14027,3,19,0,18,0,1,0,0,0,0,2,1,2,1,57,9,2496,2,15,9,2
201404WB14028,1,9,0,18,4,4,0,0,0,0,1,1,6,2,94,11,1390,1,6,6,1
201404WB14028,2,9,0,5,0,4,0,0,0,0,2,1,1,2,30,6,1349,1,4,-1,-1
201404WB14029,1,9,0,5,0,0,0,0,7,10,3,1,6,2,68,10,1599,1,8,2,1
201404WB14029,2,9,0,2,0,0,0,0,0,0,3,1,6,2,80,11,1598,1,1,2,1
201404WB14029,3,9,0,2,0,0,0,0,0,0,3,1,6,2,28,6,1686,2,2,1,1
201404WB14030,1,9,0,18,0,0,0,0,0,0,1,1,2,1,45,7,-1,-1,-1,6,2
201404WB14031,1,9,0,5,0,7,0,0,0,0,1,1,6,1,31,6,1560,2,4,8,2
201404WB14031,2,9,0,3,0,7,0,0,0,0,2,1,6,2,61,9,1984,1,13,7,2
201404WB14032,1,9,0,9,0,8,0,0,0,0,4,1,6,1,52,8,1896,2,10,2,1
201404WB14032,2,1,0,18,0,8,0,0,0,0,3,1,6,1,55,8,-1,-1,-1,9,1
201404WB14033,1,9,0,18,0,0,0,0,1,0,3,1,6,1,33,6,2198,2,8,-1,-1
201404WB14033,2,9,0,18,0,0,0,0,1,10,3,1,6,2,56,9,998,1,14,8,2
201404WB14034,1,9,0,16,0,8,0,0,0,0,1,1,6,1,47,8,1997,2,11,6,1
201404WB14035,1,9,0,18,0,0,0,0,0,0,1,1,1,1,33,6,1527,2,18,4,1
201404WB14035,2,9,0,18,0,0,0,0,0,0,2,1,6,2,31,6,1796,1,10,1,1
201404WB14036,1,9,0,18,0,0,0,0,0,0,1,1,6,1,24,5,1124,1,14,5,1
201404WB14036,2,9,0,2,0,0,0,0,0,0,3,1,6,2,39,7,-1,-1,-1,10,1
201404WB14037,1,9,0,17,0,0,0,0,1,1,1,1,6,1,64,9,1598,1,-1,8,3
201404WB14038,1,9,0,9,0,5,0,0,0,0,4,1,6,2,36,7,1794,1,12,-1,1
201404WB14038,2,1,0,18,0,8,1,0,0,0,3,1,6,1,54,8,-1,-1,-1,7,2
201404WB14039,1,9,0,18,0,0,0,0,0,0,1,1,6,2,57,9,1108,1,5,6,1
201404WB14039,2,9,0,2,0,0,0,0,0,0,2,1,6,3,-1,-1,1598,1,13,-1,-1
201404WB14040,1,19,0,9,0,6,0,0,0,0,1,1,1,1,26,6,2461,2,7,3,1
201404WB14040,2,9,0,18,0,8,0,0,0,0,1,1,6,2,63,9,1900,2,7,8,1
201404WB14041,1,90,0,18,0,0,2,4,0,0,1,1,6,1,15,3,-1,-1,-1,2,1
201404WB14041,2,9,0,2,0,0,0,0,0,0,3,1,6,3,-1,-1,1560,2,3,-1,-1
201404WB14042,1,9,0,17,0,0,1,11,1,10,1,1,6,2,35,6,1360,1,14,8,3
201404WB14043,1,9,0,5,0,0,0,0,0,0,1,2,6,2,68,10,1199,1,14,6,1
201404WB14043,2,9,0,2,0,0,0,0,0,0,0,1,6,1,43,7,2993,2,10,8,1
201404WB14044,1,9,0,9,0,5,0,0,0,0,3,1,6,1,63,9,1968,2,-1,9,2
201404WB14044,2,5,0,13,0,8,2,0,7,0,1,1,6,1,62,9,645,1,1,4,1
201404WB14045,1,9,0,18,0,8,0,0,0,0,3,1,6,2,27,6,1956,2,4,1,1
201404WB14045,2,9,0,9,0,8,0,0,0,0,1,1,6,1,71,10,1198,1,-1,-1,-1
201404WB14047,1,9,0,14,0,0,0,0,0,0,1,1,1,1,17,4,-1,-1,-1,10,3
201404WB14047,2,90,0,2,0,0,0,0,0,0,1,1,1,3,-1,-1,-1,-1,-1,-1,-1
201404WB14048,1,9,0,18,0,0,0,0,0,0,2,1,1,2,48,8,1598,1,8,10,1
201404WB14048,2,9,0,18,0,0,0,0,0,0,1,1,1,2,29,6,-1,-1,-1,8,3
201404WB14049,1,9,0,18,0,1,0,0,0,0,1,1,6,1,28,6,1360,1,13,6,2
201404WB14049,2,9,0,4,0,5,0,0,1,0,2,1,6,2,47,8,1461,2,1,8,2
201404WB14050,1,9,0,7,0,4,0,0,0,0,3,1,1,2,29,6,1995,2,-1,8,2
201404WB14050,2,9,0,7,0,4,0,0,0,0,3,1,1,1,45,7,-1,-1,-1,2,1
201404WB14051,1,9,0,18,0,0,0,0,0,0,1,1,6,2,29,6,998,1,14,1,1
201404WB14051,2,9,0,4,0,0,0,0,0,0,2,1,6,1,49,8,998,1,2,8,2
201404WB14052,1,9,0,16,0,0,0,0,0,0,3,1,2,1,36,7,1796,1,9,8,1
201404WB14053,1,3,0,9,0,6,0,0,7,0,1,1,6,1,21,5,125,1,1,7,3
201404WB14053,2,19,0,18,0,8,0,0,0,0,4,1,2,1,28,6,1997,2,12,2,1
201404WB14054,1,2,0,14,0,1,1,0,0,0,1,1,6,1,56,9,1520,1,11,6,3
201404WB14054,2,9,0,10,0,6,0,0,0,0,1,1,6,2,54,8,1229,1,1,3,1
201404WB14055,1,9,0,18,0,0,0,0,0,0,1,1,6,3,-1,-1,-1,-1,-1,-1,-1
201404WB14056,1,3,0,17,0,8,0,0,1,10,4,1,6,1,18,4,125,1,-1,6,1
201404WB14057,1,9,0,5,0,6,0,0,0,0,1,1,6,1,-1,-1,-1,-1,-1,-1,-1
201404WB14057,2,1,0,18,0,1,0,0,0,0,1,1,6,1,31,6,-1,-1,-1,-1,-1
201404WB14058,1,9,0,16,0,0,2,0,7,9,1,1,6,1,29,6,1896,2,5,8,3
201404WB14059,1,9,0,18,0,1,0,0,0,0,1,1,6,2,22,5,1598,1,11,1,1
201404WB14059,2,9,0,3,0,1,0,0,0,0,2,1,6,2,29,6,1422,2,7,4,1
201404WB14060,1,9,0,18,0,8,0,0,0,0,4,1,1,1,23,5,1582,2,3,2,1
201404WB14060,2,9,0,18,0,8,1,0,0,0,1,1,6,2,21,5,1968,2,3,5,1
201404WB14061,1,9,0,17,0,0,0,0,7,10,1,1,6,1,20,4,1587,1,13,3,1
201404WB14061,2,9,0,2,0,0,0,0,0,0,2,1,6,2,28,6,1984,1,7,3,1
201404WB14061,3,9,0,2,0,0,0,0,0,0,4,1,6,1,72,10,1998,2,2,3,1
201404WB14062,1,9,0,9,0,5,0,0,0,0,1,1,6,2,37,7,1910,2,8,8,1
201404WB14062,2,3,0,18,0,8,0,0,0,0,1,1,6,1,39,7,125,1,4,-1,-1
201404WB14063,1,9,0,1,0,0,0,0,0,0,2,1,6,1,46,8,1968,2,5,1,1
201404WB14063,2,9,0,3,0,0,0,0,0,0,1,1,6,2,27,6,1197,1,2,9,1
201404WB14064,1,11,0,2,6,0,0,0,0,0,0,1,1,1,54,8,6700,2,2,2,1
201404WB14065,1,9,0,5,0,4,0,0,0,0,1,1,6,2,20,4,-1,-1,-1,2,1
201404WB14065,2,9,0,3,0,4,0,0,0,0,3,1,6,1,48,8,1998,1,16,6,1
201404WB14066,1,9,0,6,0,0,0,0,7,0,3,1,6,2,57,9,1240,1,7,6,1
201404WB14066,2,21,0,13,0,0,1,0,7,0,4,1,1,1,45,7,-1,2,27,-1,-1
201404WB14067,1,9,0,16,0,0,1,0,0,10,1,1,6,1,18,4,1794,1,10,2,1
201404WB14068,1,9,0,4,0,0,0,0,0,0,1,1,6,1,58,9,1396,1,16,-1,-1
201404WB14068,2,9,0,4,0,0,0,0,0,0,2,1,6,2,31,6,1796,1,1,-1,-1
201404WB14069,1,19,0,9,0,5,0,0,0,0,3,1,2,1,63,9,2402,2,13,8,1
201404WB14069,2,3,0,18,0,1,0,0,0,0,4,1,2,1,30,6,125,1,1,2,1
201404WB14070,1,5,0,18,0,0,1,0,0,0,3,1,2,1,41,7,1157,1,15,4,1
201404WB14071,1,19,0,4,0,0,0,0,0,0,1,1,1,1,38,7,2198,2,-1,3,1
201404WB14071,2,9,0,3,0,0,0,0,0,0,2,1,6,1,63,9,189,2,11,-1,1
201404WB14071,3,19,0,3,0,0,0,0,0,0,2,1,1,1,53,8,1598,2,6,5,1
201404WB14071,4,19,0,3,0,0,0,0,0,0,2,1,1,1,54,8,2198,2,-1,-1,1
201404WB14072,1,9,0,18,0,8,1,0,0,0,1,1,1,2,31,6,973,1,11,2,1
201404WB14072,2,9,0,4,0,8,0,0,0,0,2,1,1,2,40,7,1984,2,-1,10,1
201404WB14073,1,9,0,5,0,8,0,0,0,0,3,1,6,1,33,6,1998,2,10,1,1
201404WB14073,2,9,0,18,0,8,0,0,0,0,1,1,1,1,35,6,-1,-1,-1,1,1
201404WB14074,1,9,0,18,0,5,0,0,0,0,1,1,6,2,23,5,1596,1,11,1,1
201404WB14074,2,1,0,18,4,1,0,0,0,0,1,1,1,2,23,5,-1,-1,-1,5,1
201404WB14075,1,19,0,18,0,0,1,0,0,0,1,1,2,1,37,7,2143,2,1,4,1
201404WB14075,2,9,0,18,0,0,2,0,1,4,2,1,6,2,20,4,1299,1,11,6,1
201404WB14076,1,9,0,9,0,5,0,0,0,0,4,1,6,2,70,10,1339,1,3,9,3
201404WB14076,2,1,0,17,0,1,0,0,0,0,1,1,6,2,65,9,-1,-1,-1,9,3
201404WB14077,1,9,0,4,0,0,0,0,0,0,1,1,6,1,53,8,1870,2,9,5,1
201404WB14078,1,9,0,18,0,0,1,0,1,0,1,1,6,2,18,4,973,1,11,8,2
201404WB14079,1,1,0,16,0,0,0,0,0,1,1,1,6,2,41,7,-1,-1,-1,9,1
201404WB14079,2,21,0,3,0,0,0,0,0,0,3,1,1,1,51,8,5900,2,8,7,1
201404WB14080,1,9,0,18,0,8,0,0,1,1,1,1,6,1,20,4,3199,1,12,2,1
201404WB14080,2,8,0,18,0,8,0,0,0,0,1,1,1,1,38,7,1968,2,7,8,2
201404WB14081,1,9,0,9,0,7,0,0,0,0,3,1,6,1,40,7,1998,1,1,-1,-1
201404WB14081,2,1,5,3,0,1,0,0,0,0,1,1,6,2,49,8,-1,-1,-1,1,1
201404WB14082,1,9,0,7,0,5,0,0,0,0,4,1,6,3,-1,-1,-1,-1,-1,-1,-1
201404WB14082,2,1,0,18,4,1,0,0,0,0,1,1,4,1,15,3,-1,-1,-1,6,1
201404WB14083,1,9,0,5,0,4,0,0,0,0,1,1,6,2,63,9,-1,-1,-1,-1,-1
201404WB14083,2,1,0,5,0,4,0,0,0,0,2,1,6,2,16,4,-1,-1,-1,2,1
201404WB14084,1,5,0,13,0,0,0,0,8,0,4,1,2,1,51,8,1157,1,13,7,3
201404WB14084,2,9,0,9,0,0,0,0,0,0,3,1,6,1,26,6,1149,1,9,8,2
201404WB14085,1,9,0,4,0,1,0,0,0,0,1,1,6,1,-1,-1,-1,-1,-1,-1,-1
201404WB14085,2,9,0,3,0,1,0,0,0,0,2,1,6,2,44,7,1242,1,2,8,1
201404WB14085,3,9,0,7,0,8,0,0,0,0,1,1,6,1,51,8,1997,2,-1,8,1
201404WB14086,1,9,0,18,0,6,0,0,0,0,1,1,6,1,82,11,1198,1,-1,-1,-1
201404WB14086,2,5,0,18,0,8,0,0,0,0,4,1,6,1,23,5,849,1,15,7,2
201404WB14087,1,9,0,17,0,0,1,10,8,0,1,1,6,1,18,4,1229,1,7,10,1
201404WB14088,1,9,0,18,0,6,0,0,0,0,1,1,6,1,63,9,-1,-1,-1,-1,1
201404WB14088,2,9,0,18,0,8,0,0,0,0,1,1,6,1,68,10,2179,2,5,9,1
201404WB14089,1,9,0,9,0,6,0,0,0,0,1,1,6,1,30,6,1991,2,7,5,1
201404WB14089,2,9,0,18,0,1,0,0,0,0,1,1,6,1,49,8,1781,6,14,6,1
201404WB14090,1,9,0,16,0,0,1,10,7,9,1,1,6,1,22,5,1999,1,6,7,1
201404WB14090,2,9,0,18,0,0,0,0,0,0,1,1,6,2,55,8,1248,1,2,4,1
201404WB14091,1,9,0,2,0,1,0,0,0,0,4,1,6,3,-1,-1,-1,-1,-1,-1,-1
201404WB14092,1,9,0,18,0,6,0,0,0,0,3,1,6,3,-1,-1,-1,-1,-1,-1,-1
201404WB14092,2,1,0,18,0,1,1,0,0,0,1,1,2,2,42,7,-1,-1,-1,8,3
201404WB14093,1,19,0,1,0,1,0,0,0,0,2,1,1,1,35,6,1753,2,3,6,1
201404WB14093,2,9,0,1,0,1,0,0,0,0,1,1,6,2,30,6,1339,1,7,-1,1
201404WB14094,1,9,0,4,0,1,0,0,0,0,2,1,1,1,47,8,-1,-1,-1,-1,1
201404WB14094,2,9,0,18,0,1,0,0,0,0,1,1,6,1,74,10,1998,1,-1,7,2
201404WB14095,1,9,0,18,0,2,0,0,0,0,1,1,6,1,34,6,1998,1,8,4,1
201404WB14095,2,9,0,18,0,2,0,0,0,0,2,1,6,2,23,5,998,1,3,4,1
201404WB14095,3,9,0,18,0,2,0,0,0,0,2,1,6,1,48,8,1781,1,22,-1,-1
201404WB14095,4,5,0,18,0,2,0,0,0,0,2,1,6,2,45,7,-1,-1,-1,1,1
201404WB14096,1,9,0,18,0,8,0,0,0,0,4,1,6,2,43,7,1560,2,4,4,1
201404WB14096,2,9,0,18,0,1,0,0,0,0,1,1,6,1,50,8,1360,1,2,9,3
201404WB14097,1,1,0,9,0,8,0,0,0,0,1,1,6,1,34,6,-1,-1,-1,8,1
201404WB14097,2,9,0,5,0,8,0,0,0,0,1,1,6,1,61,9,1796,1,4,7,3
201404WB14098,1,9,0,18,0,0,0,0,0,0,1,1,6,1,77,11,2435,7,10,2,1
201404WB14098,2,1,0,18,0,0,0,0,0,0,2,1,2,1,44,7,-1,-1,-1,6,2
201404WB14099,1,9,0,18,0,0,0,0,0,0,1,2,6,1,40,7,-1,-1,-1,-1,-1
201404WB14099,2,9,0,18,0,0,0,0,0,0,1,1,6,1,71,10,2993,2,4,8,3
201404WB14100,1,9,0,9,0,6,0,0,0,0,1,1,2,1,50,8,-1,-1,-1,8,1
201404WB14100,2,9,0,13,0,1,0,0,0,0,0,1,1,1,39,7,1582,2,3,-1,-1
201404WB14101,1,9,0,18,0,0,0,0,0,0,1,1,6,1,-1,-1,-1,-1,-1,-1,-1
201404WB14101,2,9,0,4,0,0,0,0,0,0,1,1,6,1,35,6,1984,1,8,4,1
201404WB14102,1,9,0,18,0,8,0,0,0,0,1,1,6,1,55,8,1995,1,11,2,1
201404WB14102,2,9,0,18,0,8,0,0,0,0,1,1,2,2,50,8,1596,1,13,4,1
201404WB14103,1,19,0,18,0,1,0,0,0,0,1,1,1,1,33,6,2499,2,21,2,1
201404WB14103,2,9,0,7,0,5,0,0,0,0,2,1,6,1,67,10,1968,2,8,9,1
201404WB14104,1,9,0,16,0,0,0,0,0,0,3,1,6,1,86,11,1339,1,10,7,3
201404WB14104,2,9,0,16,0,0,0,0,0,0,1,1,6,2,75,10,1991,2,4,5,3
201404WB14105,1,9,0,16,0,0,1,0,7,0,1,1,6,1,18,4,2982,2,1,7,3
201404WB14105,2,9,0,2,0,0,0,0,0,10,2,1,6,1,36,7,1896,2,8,9,3
201404WB14105,3,9,0,2,0,0,0,0,7,0,1,1,6,2,34,6,1149,1,4,9,3
201404WB14106,1,9,0,18,0,2,0,0,0,0,4,1,2,1,53,8,1995,1,4,-1,-1
201404WB14107,1,9,0,18,0,1,0,0,0,0,1,1,6,3,-1,-1,-1,-1,-1,-1,-1
201404WB14108,1,9,0,18,0,0,0,0,1,2,1,1,2,1,48,8,1587,1,12,9,1
201404WB14109,1,21,1,18,0,0,2,0,2,1,1,1,1,1,61,9,12777,2,6,6,2
201404WB14110,1,9,0,17,0,0,2,0,7,4,1,1,6,1,35,6,1149,1,9,5,1
201404WB14111,1,9,0,7,0,5,0,0,0,0,1,1,3,3,-1,-1,-1,-1,-1,-1,-1
201404WB14112,1,9,4,17,0,0,0,0,0,0,3,1,1,1,62,9,-1,-1,-1,4,1
201404WB14112,2,9,0,16,0,0,0,0,0,0,3,1,6,2,67,10,1198,1,3,7,3
201404WB14113,1,9,0,18,0,4,0,0,0,0,1,1,6,1,54,8,1900,2,9,1,1
201404WB14113,2,1,0,9,0,4,0,0,0,0,4,1,2,1,32,6,-1,-1,-1,2,1
201404WB14114,1,9,0,18,0,0,0,0,0,0,1,1,2,1,21,5,1896,2,12,1,1
201404WB14114,2,9,0,2,0,0,0,0,0,0,3,1,6,2,31,6,1598,1,12,6,1
201404WB14114,3,9,0,2,0,0,0,0,0,0,2,1,6,2,50,8,1242,1,2,6,2
201404WB14116,1,19,0,1,0,0,0,0,0,0,1,1,1,1,36,7,2977,2,11,2,1
201404WB14116,2,9,0,18,0,0,0,0,0,0,4,1,6,1,73,10,2148,2,6,6,1
201404WB14117,1,9,0,18,0,1,0,0,0,0,1,1,6,2,26,6,1598,1,4,5,1
201404WB14117,2,9,0,8,0,1,0,0,0,0,2,1,6,2,52,8,1248,1,3,9,1
201404WB14118,1,9,0,18,0,2,0,0,0,0,1,1,6,1,86,11,1999,1,12,4,1
201404WB14118,2,9,0,18,0,1,0,0,0,0,4,1,6,1,37,7,1986,2,8,5,1
201404WB14119,1,9,0,18,0,8,0,0,0,0,2,1,6,2,33,6,1206,1,1,8,1
201404WB14119,2,9,0,18,0,8,0,0,0,0,1,1,6,1,18,4,2993,2,-1,5,1
201404WB14120,1,8,0,18,0,8,0,0,0,0,0,1,1,1,55,8,1896,2,6,-1,-1
201404WB14121,1,9,0,18,0,0,1,0,0,0,1,1,6,1,26,6,-1,-1,-1,4,1
201404WB14121,2,9,0,18,0,0,1,0,0,0,2,1,6,1,53,8,998,1,4,8,1
201404WB14121,3,9,0,18,0,0,1,0,0,0,2,1,6,1,50,8,1984,2,2,-1,2
201404WB14121,4,9,0,18,0,0,1,0,0,0,1,1,6,1,36,7,1995,2,-1,5,1
201404WB14121,5,9,0,18,0,0,1,0,0,0,1,1,6,2,61,9,1598,1,8,-1,1
201404WB14121,6,9,0,18,0,0,1,0,0,0,2,1,6,1,46,8,1968,2,1,9,3
201404WB14121,7,9,0,18,0,0,1,0,0,0,1,1,6,2,44,7,1968,2,1,10,2
201404WB14121,8,9,0,18,0,0,1,0,0,0,2,1,6,2,57,9,-1,-1,-1,2,1
201404WB14121,9,9,0,18,0,0,1,0,0,0,1,1,6,2,45,7,1956,2,4,8,1
201404WB14122,1,9,0,18,0,4,0,0,0,0,3,1,6,2,82,11,998,1,2,9,3
201404WB14122,2,9,0,9,0,3,1,0,1,2,4,1,6,1,32,6,1598,1,15,1,1
201404WB14123,1,9,0,4,0,0,0,0,0,0,1,1,6,1,66,10,1896,2,17,2,1
201404WB14124,1,9,0,3,0,0,2,0,0,0,1,1,6,1,18,4,1396,1,14,2,1
201404WB14125,1,1,0,7,0,8,0,0,0,0,4,1,6,1,39,7,-1,-1,-1,-1,-1
201404WB14126,1,9,0,18,0,8,0,0,1,1,1,1,6,1,64,9,1997,2,13,8,3
201404WB14126,2,9,0,9,0,5,0,0,0,0,1,1,6,1,18,4,1198,1,8,-1,3
201404WB14127,1,9,0,10,0,1,0,0,0,0,0,1,6,2,48,8,1229,1,5,6,1
201404WB14127,2,5,0,18,0,1,0,0,0,0,1,1,2,1,70,10,1100,1,22,2,1
201404WB14128,1,9,0,5,0,4,0,0,0,0,3,1,6,1,62,9,1240,1,10,4,1
201404WB14128,2,1,0,3,0,1,0,0,0,0,4,1,6,1,34,6,-1,-1,-1,4,1
201404WB14129,1,19,0,18,0,0,0,0,0,0,1,1,1,1,49,8,-1,-1,-1,-1,1
201404WB14129,2,19,0,2,0,0,0,0,0,0,1,1,6,3,-1,-1,1998,2,9,-1,-1
201404WB14130,1,9,0,18,0,0,1,0,1,10,3,1,6,1,19,4,1242,1,11,5,3
201404WB14131,1,9,0,17,0,0,1,0,2,10,1,1,6,1,44,7,1956,2,4,7,3
201404WB14131,2,9,0,18,0,0,0,0,0,0,1,1,6,1,33,6,1905,2,15,7,1
201404WD14001,1,9,0,9,0,1,0,0,0,0,4,1,2,1,54,8,1910,2,7,5,1
201404WD14001,2,1,0,17,0,1,0,0,0,0,4,1,1,1,48,8,-1,-1,-1,8,1
201404WD14003,1,9,0,18,0,8,5,4,0,0,4,1,6,2,23,5,1242,1,5,10,1
201404WD14003,2,9,0,2,0,8,0,0,0,0,0,1,6,1,52,8,1588,1,14,-1,-1
201404WD14003,3,9,0,2,0,8,0,0,0,0,2,1,6,1,22,5,1343,1,11,5,1
201404WD14004,1,9,0,18,0,0,0,0,0,0,1,1,6,1,56,9,1905,2,16,-1,-1
201404WD14004,2,9,0,4,0,0,0,0,0,0,2,1,6,1,26,6,1956,2,5,-1,-1
201404WD14005,1,1,0,18,0,0,0,0,0,0,2,1,6,1,10,2,-1,-1,-1,-1,-1
201404WD14005,2,9,0,18,0,0,0,0,0,0,1,1,2,2,10,2,1324,1,11,-1,-1
201404WD14006,1,19,0,1,0,6,0,0,0,0,2,1,1,1,63,9,1996,2,-1,5,1
201404WD14006,2,9,0,2,0,2,0,0,0,0,2,1,6,2,33,6,1910,2,9,4,1
201404WD14007,1,9,0,9,0,4,0,0,0,0,3,1,2,1,56,9,2231,2,1,7,1
201404WD14007,2,1,0,9,0,8,0,0,0,0,1,1,2,1,50,8,-1,-1,-1,3,1
201404WD14008,1,9,0,18,0,0,0,0,0,0,1,1,2,1,18,4,1199,1,11,7,1
201404WD14008,2,1,0,18,0,0,0,0,0,0,1,1,6,1,12,3,-1,-1,-1,7,1
201404WD14009,1,2,0,18,0,0,0,0,0,0,1,1,6,1,16,4,49,1,1,2,1
201404WD14009,2,8,0,3,0,0,0,0,0,0,2,1,1,1,50,8,1999,1,8,8,1
201404WD14010,1,9,0,16,9,0,0,0,7,10,1,1,6,1,18,4,1198,1,1,1,1
201404WD14010,2,9,0,18,0,0,0,0,0,0,0,1,1,1,34,6,2993,2,-1,2,1
201404WD14011,1,9,0,18,0,1,0,0,0,0,1,1,6,2,30,6,1596,1,10,6,1
201404WD14011,2,9,0,3,0,1,0,0,0,0,2,1,6,1,51,8,1995,2,2,6,1
201404WD14012,1,19,0,18,0,0,0,0,0,0,1,1,1,1,35,6,1995,2,2,1,1
201404WD14012,2,9,0,10,0,0,0,0,0,0,2,1,6,1,74,10,1596,1,3,3,1
201404WD14013,1,9,0,5,0,6,0,0,0,0,1,1,6,1,80,11,1560,2,5,7,1
201404WD14013,2,9,0,18,0,8,0,0,0,0,4,1,2,2,40,7,1198,1,-1,7,1
201404WD14014,1,8,0,18,0,8,0,0,0,0,1,1,1,1,57,9,1753,2,5,1,1
201404WD14014,2,1,0,18,0,8,0,0,0,0,3,1,6,1,45,7,-1,-1,-1,1,1
201404WD14015,1,9,0,8,0,6,0,0,0,0,1,1,6,2,26,6,1988,1,12,8,1
201404WD14015,2,9,0,18,0,8,0,0,0,0,1,1,6,1,26,6,1586,1,6,7,1
201404WD14016,1,9,0,7,0,0,0,0,0,0,4,1,6,1,62,9,1560,2,5,5,1
201404WD14016,2,1,0,18,0,0,0,0,1,0,3,1,2,2,51,8,-1,-1,-1,8,1
201404WD14017,1,9,0,18,0,0,0,0,0,0,1,1,6,2,37,7,1360,1,13,1,1
201404WD14017,2,9,0,3,0,0,0,0,0,0,2,1,2,1,50,8,1995,2,3,9,1
201404WD14018,1,9,0,4,0,0,0,0,0,0,1,1,2,2,25,5,1595,1,11,3,1
201404WD14018,2,9,0,4,0,0,0,0,0,0,2,1,3,2,41,7,1149,1,13,5,1
201404WD14019,1,9,0,9,0,8,0,0,0,0,1,1,6,2,20,4,1149,1,15,-1,-1
201404WD14019,2,9,0,5,0,8,0,0,0,0,1,1,1,1,61,9,1968,2,1,7,1
201404WD14020,1,9,0,18,0,1,0,0,0,0,1,1,6,2,33,6,-1,-1,-1,5,1
201404WD14020,2,9,0,3,0,1,0,0,0,0,3,1,1,2,36,7,1794,1,6,1,1
201404WD14021,1,9,0,18,0,2,0,0,0,0,4,1,6,3,-1,-1,-1,-1,-1,-1,-1
201404WD14022,1,9,0,4,0,0,0,4,0,0,1,1,1,2,37,7,1582,2,3,-1,-1
201404WD14022,2,9,0,4,0,0,0,0,0,0,2,1,6,2,42,7,1686,2,1,5,1
201404WD14023,1,9,0,7,0,8,0,0,0,0,1,1,1,1,44,7,2720,2,5,3,1
201404WD14023,2,1,0,18,0,8,0,0,0,0,1,1,1,1,17,4,-1,-1,-1,10,1
201404WD14024,1,9,0,5,0,4,0,0,0,0,0,1,2,2,18,4,1299,1,14,9,1
201404WD14024,2,3,0,18,0,8,0,0,0,0,4,1,2,1,26,6,125,1,14,7,1