Accident_Index,Vehicle_Reference,Vehicle_Type,Towing_and_Articulation,Vehicle_Manoeuvre,Vehicle_Location-Restricted_Lane,Junction_Location,Skidding_and_Overturning,Hit_Object_in_Carriageway,Vehicle_Leaving_Carriageway,Hit_Object_off_Carriageway,1st_Point_of_Impact,Was_Vehicle_Left_Hand_Drive?,Journey_Purpose_of_Driver,Sex_of_Driver,Age_of_Driver,Age_Band_of_Driver,Engine_Capacity_(CC),Propulsion_Code,Age_of_Vehicle,Driver_IMD_Decile,Driver_Home_Area_Type
201404WD14025,1,9,0,9,0,8,1,0,0,0,1,1,6,1,79,11,998,1,1,5,1
201404WD14025,2,9,0,18,0,8,0,0,0,0,1,1,2,2,31,6,1390,1,6,5,1
201404WD14026,1,9,0,18,0,3,0,0,7,2,1,1,6,2,45,7,1360,1,11,3,1
201404WD14027,1,9,0,18,0,8,0,0,0,0,1,1,6,2,84,11,1329,1,1,5,1
201404WD14027,2,19,0,7,0,5,0,0,0,0,2,1,1,2,52,8,1753,2,11,1,1
201404WD14028,1,9,0,5,0,0,0,0,7,10,1,1,6,1,63,9,1590,1,15,6,1
201404WD14028,2,9,0,18,0,0,0,0,1,0,3,1,6,1,24,5,1796,1,11,3,1
201404WD14028,3,9,0,4,0,0,0,0,7,10,1,1,6,1,41,7,1948,1,11,8,2
201404WD14028,4,9,0,2,0,0,0,0,0,0,1,1,6,3,-1,-1,999,1,-1,-1,-1
201404WD14029,1,3,0,15,0,8,5,0,1,3,1,1,6,1,28,6,125,1,12,3,1
201404WD14029,2,11,0,3,0,1,0,0,0,0,2,1,1,1,56,9,4580,2,7,8,1
201404WD14030,1,9,0,9,0,6,0,0,0,0,3,1,6,1,24,5,1596,1,12,9,1
201404WD14030,2,9,0,18,0,1,0,0,0,0,4,1,6,1,39,7,1796,7,12,1,1
201404WD14031,1,2,0,3,0,1,0,0,0,0,2,1,4,1,16,4,49,1,4,1,1
201404WD14031,2,9,0,18,0,1,0,0,0,0,1,1,6,1,47,8,1948,1,13,1,1
201404WD14032,1,9,0,18,0,1,0,0,0,0,4,1,6,1,38,7,-1,-1,-1,6,1
201404WD14033,1,9,0,4,0,1,0,0,0,0,3,1,6,2,31,6,1461,2,-1,5,1
201404WD14033,2,1,0,18,0,1,0,0,0,0,1,1,6,1,62,9,-1,-1,-1,-1,-1
201404WD14034,1,19,0,18,0,0,0,0,0,0,4,1,6,3,-1,-1,-1,-1,-1,-1,-1
201404WD14035,1,9,0,9,0,5,0,0,0,0,0,1,6,3,-1,-1,-1,-1,-1,-1,-1
201404WD14036,1,9,0,9,0,1,0,0,0,0,1,1,2,1,72,10,4266,1,15,1,1
201404WD14036,2,9,0,10,0,1,0,0,0,0,2,1,6,1,33,6,1229,1,3,6,1
201404WD14037,1,9,0,5,0,6,0,0,0,0,3,1,1,1,43,7,1997,2,10,2,1
201404WD14037,2,9,0,18,0,8,0,0,0,0,1,1,1,2,21,5,998,1,7,6,1
201404WD14038,1,3,0,13,0,1,0,0,0,10,1,1,4,1,17,4,-1,-1,-1,1,1
201404WD14038,2,9,0,9,0,1,0,0,0,0,1,1,6,1,90,11,1108,1,6,2,1
201404WD14039,1,90,0,1,0,1,0,0,0,0,3,1,6,1,25,5,-1,-1,-1,5,2
201404WD14039,2,9,0,18,0,1,0,0,0,0,0,1,6,2,22,5,1461,2,10,7,2
201404WD14040,1,9,0,5,0,4,0,0,0,0,1,1,6,1,23,5,1229,1,6,5,1
201404WD14040,2,1,0,18,0,8,0,0,0,0,4,1,2,1,66,10,-1,-1,-1,9,1
201404WD14041,1,9,0,18,0,6,0,0,0,0,1,1,6,2,85,11,1000,1,-1,6,1
201404WD14041,2,19,0,18,0,1,0,0,0,0,1,1,1,1,50,8,-1,-1,-1,1,1
201404WD14042,1,5,0,18,0,2,5,0,0,0,3,1,6,1,45,7,749,1,18,10,1
201404WD14043,1,9,0,7,0,2,0,0,0,0,1,1,1,1,43,7,1896,2,12,5,1
201404WD14043,2,9,0,18,0,8,0,0,0,0,2,1,2,2,43,7,2143,2,2,7,1
201404WD14044,1,1,0,18,0,4,0,0,0,0,1,1,6,2,59,9,-1,-1,-1,2,1
201404WD14044,2,9,0,9,0,4,0,0,0,0,3,1,6,2,28,6,1242,1,8,5,1
201404WD14045,1,9,0,18,0,0,0,0,0,0,4,1,6,2,67,10,999,1,14,2,1
201404WD14045,2,9,0,9,0,0,0,0,0,0,3,1,6,2,21,5,1781,1,13,3,1
201404WD14046,1,9,0,5,0,4,0,0,0,0,1,1,6,1,66,10,1341,1,12,5,1
201404WD14046,2,1,0,18,0,3,0,0,0,0,1,1,4,1,19,4,-1,-1,-1,2,1
201404WD14047,1,9,0,18,0,2,0,0,0,0,1,1,6,2,51,8,1360,1,7,6,1
201404WD14047,2,9,0,18,0,1,0,0,0,0,1,1,6,1,45,7,1796,1,26,8,1
201404WD14048,1,9,0,18,0,4,0,0,0,0,1,1,6,1,63,9,2259,1,14,4,1
201404WD14048,2,9,0,9,0,8,0,0,0,0,4,1,6,2,53,8,1386,1,4,9,1
201404WD14049,1,9,0,17,0,8,0,0,0,0,2,1,6,3,-1,-1,-1,-1,-1,-1,-1
201404WD14050,1,9,0,5,0,1,0,0,0,0,1,1,6,2,45,7,1360,1,8,1,1
201404WD14050,2,1,0,18,0,8,0,0,0,0,3,1,6,1,49,8,-1,-1,-1,5,2
201404WD14051,1,9,0,5,0,2,0,0,0,0,1,1,3,2,37,7,1598,1,6,1,1
201404WD14052,1,19,0,9,0,5,0,0,0,0,1,1,1,1,28,6,2198,2,7,8,1
201404WD14053,1,9,0,18,0,0,0,0,0,0,4,1,6,3,-1,-1,-1,-1,-1,-1,-1
201404WD14054,1,9,0,18,0,0,0,0,0,0,1,1,6,1,27,6,1461,2,10,8,1
201404WD14055,1,1,0,5,0,8,0,0,0,0,4,1,6,1,12,3,-1,-1,-1,1,1
201404WD14055,2,1,0,18,0,1,0,0,0,0,1,1,6,1,-1,-1,-1,-1,-1,-1,-1
201404WD14056,1,9,0,5,0,0,0,0,0,0,4,1,6,2,77,11,1299,1,9,6,1
201404WD14058,1,9,0,9,8,8,0,0,0,1,1,1,6,2,51,8,1360,1,12,3,1
201404WD14058,2,9,0,18,0,8,0,0,0,0,1,1,6,1,59,9,1998,1,7,3,1
201404WD14059,1,3,0,17,0,0,1,0,0,0,3,1,6,1,50,8,125,1,8,-1,-1
201404WD14060,1,9,0,18,0,0,0,0,7,10,1,1,6,1,93,11,1762,1,17,4,1
201404WD14060,2,9,0,2,0,0,0,0,7,0,1,1,6,2,17,4,1242,1,7,7,1
201404WD14061,1,9,0,18,0,8,0,0,0,0,1,1,6,1,48,8,698,1,11,9,1
201404WD14061,2,9,0,2,0,1,0,0,0,0,2,1,2,2,47,8,1598,1,3,-1,-1
201404WD14062,1,9,0,5,0,8,0,0,0,0,2,1,2,1,35,6,1086,1,12,2,1
201404WD14062,2,9,0,4,0,8,0,0,0,0,2,1,6,2,57,9,998,1,1,3,1
201404WD14063,1,9,0,16,0,0,0,0,0,0,1,1,6,1,21,5,1596,1,11,6,1
201404WD14063,2,9,0,16,0,0,0,0,0,0,1,1,6,1,30,6,-1,-1,-1,9,1
201404WD14064,1,9,0,18,0,0,0,0,0,0,1,1,6,2,76,11,2993,2,8,9,1
201404WD14064,2,9,0,2,0,0,0,0,0,1,1,1,6,1,42,7,1998,2,11,5,1
201404WD14065,1,19,0,4,1,1,0,0,0,0,1,1,1,1,47,8,1995,2,6,4,1
201404WD14065,2,9,0,3,1,1,0,0,0,0,2,1,1,2,40,7,1997,1,14,-1,-1
201404WD14066,1,9,0,18,0,0,1,0,7,10,1,1,6,1,20,4,1360,1,15,6,1
2014051400000,1,9,0,11,0,0,0,0,0,0,1,1,2,1,50,8,1242,1,6,5,1
2014051400000,2,9,0,18,0,0,0,0,4,6,3,1,2,2,49,8,1124,1,11,2,1
2014051400000,3,9,0,18,0,0,0,0,0,0,1,1,2,1,45,7,1598,2,-1,1,1
2014051400001,1,21,1,18,0,4,0,0,0,0,1,1,1,1,38,7,12902,2,1,3,1
2014051400001,2,9,0,3,0,4,0,0,0,0,2,1,6,1,30,6,1396,1,10,7,1
2014051400003,1,9,0,3,0,0,0,0,0,0,1,1,6,2,33,6,1596,1,7,8,1
2014051400003,2,9,0,5,0,0,0,0,0,0,2,1,6,1,36,7,1390,1,12,7,1
2014051400004,1,9,0,18,0,0,0,0,0,0,4,1,6,3,-1,-1,-1,-1,-1,-1,-1
2014051400005,1,21,0,5,0,0,0,0,0,0,4,1,6,1,40,7,-1,2,5,-1,1
2014051400005,2,19,0,3,0,0,0,0,0,0,3,1,6,1,52,8,1868,2,11,5,1
2014051400008,1,9,0,18,0,0,0,0,0,0,1,1,6,3,-1,-1,-1,-1,-1,-1,-1
2014051400008,2,1,0,18,0,0,0,0,0,0,2,1,6,1,12,3,-1,-1,-1,-1,1
2014051400009,1,9,0,18,0,1,0,0,0,0,1,1,2,1,55,8,1796,1,14,1,1
2014051400011,1,9,0,18,0,8,0,0,0,0,4,1,6,1,28,6,1388,1,3,1,1
2014051400011,2,9,0,18,0,8,0,0,0,0,1,1,2,2,47,8,1956,2,1,7,1
2014051400014,1,9,0,18,0,0,0,6,1,11,1,1,6,1,63,9,1596,1,4,5,1
2014051400015,1,9,0,18,0,8,0,0,0,0,1,1,2,2,43,7,1497,8,1,5,1
2014051400015,2,19,0,18,0,8,0,0,0,0,3,1,2,1,62,9,2402,2,8,4,1
2014051400018,1,9,0,4,0,0,0,0,0,0,1,1,1,2,39,7,1685,2,-1,7,1
2014051400018,2,9,0,3,0,0,0,0,0,0,2,1,6,1,38,7,1796,1,11,1,1
2014051400018,3,9,0,3,0,0,0,0,0,0,2,1,3,2,54,8,1598,1,9,2,1
2014051400019,1,9,0,18,0,0,0,0,0,0,1,1,6,1,85,11,1598,1,7,5,1
2014051400019,2,9,0,3,0,0,0,0,0,0,2,1,6,1,80,11,1850,1,14,2,1
2014051400021,1,9,0,6,0,6,0,0,0,0,1,1,6,1,67,10,1994,2,11,6,1
2014051400021,2,9,0,18,0,8,5,0,0,0,4,1,6,1,54,8,1598,1,1,1,1
2014051400022,1,9,0,18,0,0,0,0,0,0,1,1,6,1,36,7,1995,2,1,5,1
2014051400022,2,9,0,18,0,0,0,0,0,0,2,1,6,1,30,6,1796,1,4,5,1
2014051400022,3,9,0,18,0,0,0,0,0,0,2,1,6,1,32,6,1598,2,3,8,1
2014051400023,1,97,0,18,0,0,0,0,0,0,1,1,6,3,-1,-1,-1,-1,-1,-1,-1
2014051400027,1,4,0,18,0,1,0,0,0,0,1,1,6,1,21,5,-1,-1,-1,1,1
2014051400027,2,9,0,9,0,8,0,0,0,0,3,1,1,1,19,4,-1,-1,-1,4,1
2014051400028,1,1,0,18,0,6,0,0,0,0,3,1,6,1,21,5,-1,-1,-1,3,1
2014051400028,2,11,0,16,0,1,0,0,0,0,1,1,1,1,54,8,10000,2,15,1,1
2014051400029,1,9,0,9,0,8,0,0,0,0,4,1,2,2,51,8,1398,8,-1,3,2
2014051400029,2,19,0,18,0,8,0,0,0,0,1,1,2,1,26,6,1995,2,1,1,1
2014051400030,1,9,0,16,0,0,1,0,1,2,1,1,6,1,19,4,1149,1,12,2,1
2014051400031,1,19,0,1,0,1,1,0,0,0,2,1,1,3,-1,-1,2496,2,14,-1,-1
2014051400031,2,9,0,4,0,1,0,0,0,0,1,1,6,1,29,6,1388,1,4,4,1
2014051400032,1,9,0,10,0,8,0,0,0,0,1,1,6,1,41,7,998,1,10,1,1
2014051400032,2,9,0,18,0,8,0,0,0,0,4,1,6,1,66,10,1397,1,10,9,1
2014051400033,1,9,0,4,0,0,0,0,0,0,1,1,2,1,60,9,2993,2,6,2,1
2014051400033,2,9,0,4,0,0,0,0,0,0,2,1,2,1,28,6,2143,2,-1,5,1
2014051400034,1,9,0,5,0,4,0,0,0,0,3,1,3,2,48,8,1796,1,14,5,1
2014051400034,2,1,0,18,0,4,0,0,0,0,2,1,1,2,33,6,-1,-1,-1,6,1
2014051400037,1,9,0,18,0,1,0,0,0,0,0,1,6,1,77,11,1398,1,1,1,1
2014051400037,2,19,0,9,0,1,0,0,0,0,4,1,1,1,32,6,2143,2,-1,1,1
2014051400037,3,9,0,18,0,1,0,0,0,0,1,1,6,1,20,4,1560,2,8,5,2
2014051400037,4,9,0,18,0,1,0,0,0,0,1,1,6,2,24,5,1398,1,2,5,1
2014051400039,1,19,0,18,0,0,0,0,0,0,3,1,1,1,36,7,2402,2,3,6,1
2014051400040,1,1,0,18,0,0,0,0,0,0,1,1,6,1,40,7,-1,-1,-1,-1,-1
2014051400040,2,9,0,2,0,0,0,8,0,0,3,2,6,3,-1,-1,-1,-1,-1,-1,-1
2014051400041,1,8,0,9,0,1,0,0,0,0,3,1,1,1,54,8,1422,2,4,3,1
2014051400041,2,1,0,18,0,1,0,0,0,0,1,1,6,1,20,4,-1,-1,-1,7,1
2014051400042,1,9,0,5,0,8,0,0,0,0,3,1,4,2,44,7,1992,2,6,6,1
2014051400042,2,9,0,18,0,8,0,0,0,0,1,1,6,1,80,11,998,1,7,3,1
2014051400045,1,9,0,18,0,0,0,0,0,0,3,1,6,1,23,5,1229,1,2,1,1
2014051400046,1,9,0,18,0,8,0,0,0,0,4,1,6,2,40,7,1242,1,7,6,1
2014051400046,2,9,0,18,0,8,0,0,0,0,3,1,6,2,25,5,1248,2,2,4,1
2014051400048,2,3,0,5,0,8,1,0,0,0,0,1,6,1,40,7,-1,-1,-1,7,1
2014051400051,1,90,0,13,0,0,0,0,0,0,4,1,6,3,-1,-1,-1,-1,-1,-1,-1
2014051400051,2,3,0,18,0,0,1,0,0,0,3,1,6,2,19,4,124,1,2,2,1
2014051400052,1,9,0,18,0,4,0,0,0,0,1,1,1,1,63,9,1753,2,7,1,1
2014051400052,2,1,0,18,0,1,0,0,0,0,2,1,2,2,48,8,-1,-1,-1,1,1
2014051400054,1,9,0,9,0,6,0,0,0,0,1,1,6,2,49,8,1689,2,15,8,1
2014051400054,2,9,0,18,0,8,0,0,0,0,3,1,6,2,59,9,1798,1,4,8,1
2014051400056,1,19,0,18,0,8,1,0,0,0,1,1,6,1,26,6,1998,2,11,3,1
2014051400056,2,22,0,18,0,6,0,0,0,0,4,1,6,2,86,11,-1,-1,-1,5,1
2014051400058,1,9,0,18,0,0,0,0,0,0,1,1,2,2,39,7,1343,1,9,1,1
2014051400060,1,9,0,18,0,0,0,4,0,0,1,1,2,1,61,9,1796,1,15,1,1
2014051400060,2,21,0,2,0,0,0,0,0,0,2,1,1,1,48,8,-1,2,8,6,1
2014051400061,1,9,0,6,0,6,0,0,0,0,3,1,6,1,45,7,1242,1,3,4,1
2014051400061,2,1,0,14,0,1,0,0,0,0,1,1,6,1,63,9,-1,-1,-1,1,1
2014051400063,1,9,0,9,0,0,0,0,0,0,1,1,6,1,79,11,1968,2,7,4,3
2014051400063,2,9,0,18,0,0,1,0,1,11,1,1,2,1,74,10,-1,-1,-1,6,3
2014051400063,3,9,0,2,0,0,0,0,0,0,3,1,6,3,-1,-1,1242,1,7,-1,-1
2014051400063,4,19,0,2,0,0,0,0,0,0,2,1,6,3,-1,-1,1998,2,10,-1,-1
2014051400063,5,9,0,2,0,0,0,0,0,0,1,1,6,3,-1,-1,1398,2,4,-1,-1
2014051400064,1,9,0,15,0,0,0,0,0,0,1,1,6,1,35,6,1396,1,13,1,1
2014051400064,2,9,0,18,0,0,0,0,1,0,1,1,6,1,24,5,1596,1,10,1,1
2014051400068,1,9,0,17,0,0,0,0,1,0,1,1,2,2,44,7,998,1,-1,7,1
2014051400069,1,5,0,18,0,8,0,0,0,0,3,1,6,1,57,9,750,1,9,1,1
2014051400069,2,9,0,3,0,1,0,0,0,0,3,1,6,1,36,7,1968,2,6,10,1
2014051400070,1,9,0,9,0,6,0,0,0,0,1,1,6,2,50,8,1598,1,1,4,1
2014051400070,2,9,0,18,0,8,0,0,0,0,1,1,6,2,24,5,1368,1,7,5,1
2014051400071,1,9,0,9,0,6,0,0,0,0,1,1,2,2,29,6,1248,1,3,-1,1
2014051400072,1,9,0,11,0,0,0,0,0,0,4,1,6,1,42,7,1598,2,3,2,1
2014051400072,2,9,0,18,0,0,0,0,0,0,3,1,6,1,35,6,1998,2,10,1,1
2014051400074,1,9,0,7,0,6,0,0,0,0,1,1,6,1,54,8,1996,1,14,2,1
2014051400074,2,1,0,7,0,1,0,0,0,0,4,1,2,1,47,8,-1,-1,-1,6,1
2014051400076,1,9,0,18,0,0,0,0,0,0,1,1,6,1,78,11,1390,1,10,7,1
2014051400077,1,9,0,9,0,6,0,0,0,0,1,1,6,1,37,7,1598,1,9,4,1
2014051400077,2,9,0,18,0,1,0,0,0,0,4,1,6,2,29,6,998,1,3,2,1
2014051400080,1,9,0,10,0,1,0,0,0,0,0,1,2,1,39,7,998,1,15,1,1
2014051400080,2,3,0,18,0,1,1,0,0,0,4,1,2,1,34,6,125,1,-1,1,1
2014051400081,1,9,0,18,0,1,0,0,0,0,3,1,6,1,35,6,1587,1,7,6,1
2014051400081,2,9,0,18,0,1,0,0,0,0,3,1,6,2,43,7,998,1,13,5,1
2014051400081,3,19,0,18,0,1,0,0,0,0,3,1,6,3,-1,-1,2000,7,10,-1,-1
2014051400082,1,19,0,18,0,0,1,0,0,0,1,1,6,1,34,6,2000,2,12,3,1
2014051400082,2,3,0,18,0,0,0,0,0,0,2,1,1,1,22,5,108,1,-1,9,1
2014051400084,1,9,0,18,0,5,0,0,0,0,0,1,1,2,29,6,2993,2,2,-1,-1
2014051400084,2,9,0,9,0,5,2,0,0,0,0,1,6,3,-1,-1,1596,1,10,-1,-1
2014051400085,1,2,0,14,0,1,1,0,0,11,1,1,2,1,16,4,49,1,5,1,1
2014051400085,2,9,0,9,0,6,0,0,0,0,1,1,6,2,60,9,1199,1,11,2,1
2014051400086,1,9,0,9,0,8,0,0,0,0,4,1,6,1,53,8,1896,2,14,2,1
2014051400086,2,4,0,18,0,8,0,0,0,0,1,1,4,1,24,5,398,1,-1,5,2
2014051400087,1,9,0,18,0,1,0,10,0,0,1,1,2,2,54,8,2359,1,9,4,1
2014051400087,2,9,0,18,0,1,0,0,1,0,1,1,2,1,45,7,1910,2,6,3,1
2014051400089,1,9,0,18,0,7,0,7,0,6,1,1,6,1,50,8,1895,1,14,1,1
2014051400090,1,9,0,12,0,0,0,0,0,0,3,1,6,3,-1,-1,-1,-1,-1,-1,-1
2014051400090,2,5,0,18,0,0,1,10,1,0,1,1,6,1,49,8,599,1,6,1,1
2014051400091,1,9,0,18,0,2,0,0,0,0,1,1,6,2,46,8,1198,1,3,-1,1
2014051400091,2,9,0,10,0,1,0,0,0,0,2,1,2,1,33,6,1560,2,4,4,1
2014051400092,1,9,0,5,0,3,0,0,0,0,4,1,6,1,29,6,1991,2,2,-1,1
2014051400095,1,9,0,18,0,1,0,0,0,0,1,1,6,1,31,6,1229,1,5,1,1
2014051400095,2,9,0,4,0,1,0,0,0,0,2,1,6,1,58,9,-1,-1,-1,5,1
2014051400095,3,9,0,4,0,1,0,0,0,0,2,1,6,2,29,6,1242,1,2,1,1
2014051400096,1,9,0,7,0,3,1,10,1,11,3,1,6,2,62,9,1400,1,9,1,1
2014051400100,1,8,0,5,0,2,0,0,0,0,4,1,1,1,65,9,1896,2,8,1,1
2014051400100,2,9,0,18,0,1,0,0,0,0,1,1,6,2,22,5,1299,1,7,2,1
2014051400101,1,9,0,13,0,2,1,0,0,0,1,1,6,1,-1,-1,1984,1,6,-1,-1
2014051400101,2,9,0,18,0,2,0,0,0,0,3,1,2,1,30,6,2967,2,7,2,1
2014051400101,3,9,0,18,0,2,1,0,0,0,3,2,6,1,55,8,1388,1,11,1,1
2014051400101,4,9,0,18,0,1,0,0,0,0,0,1,1,1,37,7,2993,2,3,-1,-1
2014051400102,1,9,0,17,0,8,1,0,7,1,1,1,6,2,49,8,1242,1,7,5,1
2014051400105,1,9,0,4,0,0,1,0,0,0,1,1,2,2,31,6,1995,2,2,-1,1
2014051400105,2,19,0,3,0,0,0,0,0,0,2,1,1,1,63,9,2287,2,-1,1,1
2014051400106,1,8,0,6,0,0,0,0,0,0,3,1,1,1,27,6,1300,2,6,1,1
2014051400106,2,9,0,18,0,0,0,0,0,0,3,1,6,1,44,7,1360,1,8,1,1
2014051400108,1,5,0,5,0,3,0,0,0,0,1,1,6,3,-1,-1,-1,-1,-1,-1,-1
2014051400108,2,9,0,5,0,3,0,0,0,0,3,1,6,2,53,8,1598,2,-1,1,1
2014051400109,1,9,0,9,0,0,0,0,0,0,3,1,2,2,24,5,1399,2,11,3,1
2014051400109,2,5,0,18,0,0,0,0,0,0,4,1,2,1,52,8,600,1,1,2,1
2014051400110,1,9,0,18,0,0,0,4,0,0,1,1,6,2,76,11,1398,1,2,7,1
2014051400110,2,9,0,2,0,0,0,4,0,0,2,1,6,3,-1,-1,2987,2,1,-1,-1
2014051400110,3,9,0,2,0,0,0,4,0,0,2,1,6,3,-1,-1,1299,1,10,-1,-1
2014051400110,4,9,0,2,0,0,0,4,0,0,2,1,6,3,-1,-1,1296,1,7,-1,-1
2014051400110,5,9,0,2,0,0,0,0,0,0,2,1,6,3,-1,-1,1995,2,1,-1,-1
2014051400115,1,8,0,6,0,0,0,0,0,0,3,1,1,1,32,6,2402,2,11,2,1
2014051400115,2,1,0,18,0,0,0,0,0,0,1,1,2,1,41,7,-1,-1,-1,2,1
2014051400116,1,9,0,18,0,0,0,0,0,0,1,1,6,2,57,9,1124,1,9,2,1
2014051400116,2,9,0,3,0,0,0,0,0,0,2,1,6,1,42,7,2967,2,-1,9,1
2014051400118,1,9,0,3,0,1,0,0,0,0,1,1,6,2,29,6,1598,1,2,2,1
2014051400118,2,9,0,3,0,1,0,0,0,0,2,1,6,2,44,7,1422,2,6,6,1
2014051400122,1,9,0,18,0,2,0,0,0,11,1,1,6,3,-1,-1,-1,-1,-1,-1,-1
2014051400125,1,9,0,12,0,3,0,0,1,0,2,1,6,1,38,7,1242,1,3,2,1
2014051400125,2,9,0,7,0,3,0,0,0,0,1,1,6,2,23,5,1242,1,-1,2,1
2014051400126,1,9,0,5,0,0,0,0,0,0,1,1,6,3,-1,-1,-1,-1,-1,-1,-1
2014051400127,1,8,0,3,0,0,0,0,0,0,1,1,1,1,30,6,2664,2,13,3,1
2014051400127,2,8,0,3,0,0,0,0,0,0,1,1,1,1,60,9,1686,2,4,6,3
2014051400128,1,8,0,18,0,0,0,0,0,0,1,1,1,1,62,9,2402,2,10,2,1
2014051400129,1,9,0,18,0,0,0,10,1,2,4,1,6,1,32,6,2993,2,10,1,1
2014051400131,1,19,0,18,0,6,0,0,0,0,1,1,6,1,27,6,2500,2,18,5,3
2014051400131,2,9,0,18,0,8,0,0,0,0,4,1,6,2,26,6,1299,1,7,1,1
2014051400135,1,5,0,16,0,0,0,0,4,6,1,1,6,1,34,6,696,1,6,3,1
2014051400137,1,19,0,7,0,6,0,0,0,0,1,1,6,1,61,9,1997,2,10,1,1
2014051400137,2,9,0,18,0,8,1,0,0,0,4,1,6,2,23,5,1242,1,12,5,1
2014051400141,1,9,0,18,0,1,0,0,0,0,0,1,1,1,31,6,1582,2,1,3,1
2014051400141,2,3,0,9,0,8,0,0,0,0,0,1,2,1,45,7,124,1,2,7,1
2014051400142,1,8,0,18,0,0,0,0,0,0,3,1,1,1,42,7,2664,2,8,-1,1
2014051400143,1,9,0,18,0,0,0,0,0,0,4,1,6,1,48,8,1998,1,10,5,1
2014051400144,1,8,0,1,0,2,0,0,0,0,1,1,1,1,43,7,1560,2,9,1,1
2014051400146,1,9,0,18,0,0,0,0,0,0,1,1,6,2,39,7,1598,1,1,1,1
2014051400150,1,9,0,9,0,2,0,0,0,0,1,1,6,2,65,9,998,1,7,2,1
2014051400152,1,5,0,17,0,1,1,0,0,0,4,1,6,1,28,6,749,1,4,1,1
2014051400153,1,9,0,18,0,1,0,0,0,0,1,1,6,1,68,10,3239,1,18,1,1
2014051400153,2,9,0,6,0,1,0,0,0,0,3,1,6,1,47,8,2000,1,5,8,1
2014051400154,1,9,0,18,0,4,0,0,0,0,1,1,6,1,34,6,1390,1,5,4,1
2014051400154,2,9,0,18,0,8,1,0,0,0,4,1,6,1,56,9,1598,1,9,1,1
2014051400155,1,9,0,18,0,4,0,0,0,0,1,1,6,1,39,7,1598,1,15,1,1
2014051400155,2,9,0,18,0,4,0,0,0,0,1,1,6,1,30,6,1686,2,4,1,1
2014051400157,1,19,0,4,0,0,1,0,0,0,1,1,2,1,38,7,1753,2,7,2,1
2014051400158,1,9,0,9,0,6,0,0,0,0,1,1,6,2,23,5,998,1,3,8,1
2014051400158,2,9,0,18,0,6,0,0,0,0,1,1,6,1,51,8,1598,1,2,8,1
2014051400160,1,3,0,18,0,0,0,0,0,0,1,1,6,1,54,8,124,1,4,1,1
2014051400160,2,9,0,7,0,0,0,0,0,0,2,1,6,2,78,11,1149,1,4,7,1
2014051400161,1,9,0,11,0,0,0,0,0,0,1,1,2,2,42,7,2179,2,-1,3,1
2014051400161,2,9,0,4,0,0,0,0,0,0,2,1,6,1,22,5,1198,1,1,7,1
2014051400161,3,9,0,4,0,0,0,0,0,0,2,1,2,2,34,6,1598,2,3,1,1
2014051400162,1,9,0,4,0,1,0,0,0,0,2,1,6,1,41,7,1560,2,1,1,1
2014051400162,2,9,0,3,0,1,0,0,0,0,1,1,2,1,34,6,1242,1,13,1,1
2014051400162,3,9,0,4,0,1,0,0,0,0,2,1,6,2,42,7,1995,2,1,7,1
2014051400163,1,9,0,18,0,1,0,0,0,0,1,1,6,1,43,7,2495,2,13,1,1
2014051400164,1,9,0,18,0,1,0,0,0,0,1,1,6,2,28,6,1596,1,12,8,1
2014051400164,2,9,0,18,0,8,0,0,0,0,1,1,6,2,52,8,1896,2,9,6,1
2014051400165,1,9,0,5,0,6,0,0,0,0,0,1,6,1,54,8,-1,-1,-1,-1,-1
2014051400166,1,9,0,18,0,0,0,7,0,0,1,1,2,1,41,7,1248,2,2,2,1
2014051400168,1,9,0,18,0,2,0,0,1,1,1,1,6,2,87,11,1339,1,12,6,1
2014051400169,1,9,0,5,0,1,0,0,0,0,4,1,6,2,76,11,1796,1,11,10,1
2014051400169,2,9,0,18,0,8,0,0,0,0,4,1,6,2,27,6,1392,1,16,1,1
2014051400170,1,11,0,18,0,8,0,0,0,0,1,1,1,1,45,7,6692,2,3,1,1
2014051400171,1,9,0,16,0,1,0,0,0,0,1,1,2,1,36,7,1598,1,10,1,1
2014051400172,1,9,0,9,0,1,0,0,0,0,1,1,2,2,55,8,1796,1,13,1,1
2014051400172,2,1,0,18,0,1,0,0,0,0,3,1,2,1,53,8,-1,-1,-1,5,1
2014051400173,1,9,0,10,0,1,0,0,0,0,2,1,3,1,39,7,1598,1,5,9,1
2014051400173,2,9,0,10,0,8,0,0,0,0,2,1,3,2,39,7,1560,2,2,4,1
2014051400174,1,9,0,4,0,1,0,0,0,0,1,1,6,1,62,9,2993,2,1,10,1
2014051400175,1,19,0,5,0,6,0,0,0,0,3,1,1,1,30,6,2402,2,3,1,1
2014051400175,2,9,0,5,0,8,0,0,0,0,1,1,6,2,28,6,1242,1,11,1,1
2014051400176,1,19,0,7,0,5,0,0,0,0,1,1,6,3,-1,-1,-1,-1,-1,-1,-1
2014051400176,2,9,0,18,0,1,0,0,0,0,1,1,6,1,38,7,-1,-1,-1,9,1
2014051400177,1,9,0,5,0,6,0,0,0,0,1,1,6,1,49,8,1560,2,1,7,1