Accident_Index,Vehicle_Reference,Vehicle_Type,Towing_and_Articulation,Vehicle_Manoeuvre,Vehicle_Location-Restricted_Lane,Junction_Location,Skidding_and_Overturning,Hit_Object_in_Carriageway,Vehicle_Leaving_Carriageway,Hit_Object_off_Carriageway,1st_Point_of_Impact,Was_Vehicle_Left_Hand_Drive?,Journey_Purpose_of_Driver,Sex_of_Driver,Age_of_Driver,Age_Band_of_Driver,Engine_Capacity_(CC),Propulsion_Code,Age_of_Vehicle,Driver_IMD_Decile,Driver_Home_Area_Type
2014051400178,1,9,0,5,0,1,0,0,0,0,1,1,6,2,43,7,1598,1,11,7,1
2014051400179,1,9,0,18,0,0,0,0,0,0,0,1,2,1,51,8,1956,2,2,7,1
2014051400180,1,9,0,18,0,1,0,0,0,0,4,1,6,2,45,7,2993,2,1,8,1
2014051400180,2,1,0,18,0,1,0,0,0,0,3,1,6,1,80,11,-1,-1,-1,8,1
2014051400182,1,8,0,9,0,8,0,0,0,0,3,1,1,1,56,9,1910,2,6,1,1
2014051400183,1,8,0,7,0,1,0,0,0,0,1,1,1,1,64,9,1968,2,2,7,1
2014051400184,1,9,0,5,0,1,0,0,0,0,1,1,2,1,68,10,1997,1,6,1,1
2014051400185,1,8,0,11,0,1,0,0,0,0,4,1,1,3,-1,-1,-1,-1,-1,-1,-1
2014051400188,1,9,0,5,0,6,0,0,0,0,3,1,6,2,41,7,1198,1,4,4,1
2014051400188,2,3,0,18,0,1,0,0,0,0,1,1,6,1,28,6,125,1,-1,7,1
2014051400189,1,19,0,9,0,5,0,0,0,0,4,1,6,1,22,5,1868,2,13,1,1
2014051400189,2,3,0,18,0,1,0,0,0,0,1,1,6,1,17,4,125,1,20,4,1
2014051400190,1,9,0,18,0,0,0,4,0,0,1,1,6,2,77,11,1398,1,2,3,1
2014051400190,2,9,0,2,0,0,0,0,0,0,2,1,6,3,-1,-1,1398,1,-1,-1,-1
2014051400191,1,9,0,5,0,6,0,0,0,0,0,1,6,2,34,6,1956,2,3,8,1
2014051400191,2,9,0,18,0,1,1,0,4,2,1,1,6,1,33,6,1997,2,6,1,1
2014051400192,1,9,0,18,0,0,0,0,0,0,1,1,6,1,74,10,1582,2,3,8,1
2014051400193,1,9,0,9,0,8,0,0,0,0,1,1,6,1,47,8,1988,2,11,7,1
2014051400193,2,9,0,18,0,1,1,0,0,0,2,1,6,2,25,5,1242,1,9,1,1
2014051400193,3,9,0,18,0,1,0,0,1,11,3,1,6,2,45,7,1749,1,13,1,1
2014051400194,1,9,0,9,0,8,0,0,0,0,3,1,6,1,35,6,1596,1,12,8,1
2014051400194,2,3,0,18,0,8,1,0,0,0,4,1,1,1,21,5,124,1,1,4,1
2014051400195,2,19,0,3,0,1,0,0,0,0,3,1,1,2,48,8,1868,2,8,9,1
2014051400200,1,9,0,3,0,1,0,0,0,0,2,1,6,2,38,7,1388,1,10,2,1
2014051400200,2,9,0,3,0,1,0,0,0,0,2,1,6,1,72,10,1242,1,9,2,1
2014051400200,3,9,0,3,0,1,0,0,0,0,2,1,6,1,32,6,1399,2,2,-1,1
2014051400201,1,9,0,1,0,6,0,0,0,0,1,1,6,3,-1,-1,-1,-1,-1,-1,-1
2014051400201,2,1,0,18,0,8,0,0,0,0,1,1,2,1,43,7,-1,-1,-1,1,1
2014051400203,1,9,0,14,0,0,5,0,0,0,1,1,6,2,73,10,1275,1,16,7,1
2014051400203,2,9,0,2,0,0,0,0,0,0,2,1,6,3,-1,-1,1242,1,5,-1,-1
2014051400205,1,9,0,11,0,0,0,0,0,0,1,1,6,2,22,5,1242,1,9,1,1
2014051400205,2,9,0,3,0,0,0,0,0,0,2,1,2,2,48,8,1461,2,-1,4,1
2014051400205,3,9,0,3,0,0,0,0,0,0,2,1,6,1,57,9,1560,2,2,6,1
2014051400207,1,9,0,7,0,8,0,0,7,0,1,1,6,3,-1,-1,1598,1,12,-1,-1
2014051400207,2,9,0,4,0,1,0,0,0,0,1,1,6,1,45,7,998,1,15,1,1
2014051400209,1,8,0,7,0,6,0,0,0,0,1,1,1,1,32,6,1997,2,8,6,1
2014051400209,2,1,0,18,0,1,0,0,0,0,2,1,2,1,46,8,-1,-1,-1,1,1
2014051400210,1,8,0,18,0,8,0,0,0,0,1,1,1,1,41,7,2499,2,6,1,1
2014051400210,2,8,0,18,0,8,0,0,0,0,4,1,1,1,52,8,1910,2,7,1,1
2014051400212,1,9,0,18,0,8,0,0,0,0,1,1,6,1,50,8,2143,2,1,6,1
2014051400212,2,9,0,10,0,8,0,0,0,0,1,1,1,1,48,8,1461,2,10,2,1
2014051400214,1,9,0,18,0,0,1,0,1,7,1,1,6,1,31,6,2979,1,-1,5,1
2014051400216,1,9,0,18,0,8,0,0,4,6,1,1,6,1,80,11,1596,1,4,3,1
2014051400217,1,9,0,18,0,1,0,0,0,0,1,1,6,1,63,9,1796,1,3,3,1
2014051400217,2,9,0,5,0,1,0,0,0,0,3,1,1,1,34,6,1753,2,7,5,1
2014051400222,1,19,0,4,0,1,0,0,0,0,4,1,6,3,-1,-1,-1,-1,-1,-1,-1
2014051400223,1,9,0,18,0,1,0,0,0,0,4,1,6,3,-1,-1,-1,-1,-1,-1,-1
2014051400223,2,1,0,1,0,1,0,0,0,0,2,1,2,1,34,6,-1,-1,-1,3,1
2014051400224,1,9,0,18,0,1,0,0,0,0,4,1,2,2,42,7,1386,1,7,3,1
2014051400225,1,9,0,1,0,0,0,0,0,0,2,1,1,1,45,7,1598,1,10,3,1
2014051400226,1,21,1,18,0,3,5,0,1,7,4,1,1,1,52,8,11705,2,6,3,1
2014051400229,1,9,0,3,0,1,0,0,0,0,2,1,6,1,23,5,3123,1,7,5,1
2014051400229,2,9,0,3,0,1,0,0,0,0,0,1,6,1,37,7,1969,2,-1,8,1
2014051400231,1,9,0,18,0,8,0,0,0,0,2,1,2,1,59,9,1299,1,11,-1,-1
2014051400231,2,9,0,18,0,8,0,0,0,0,1,1,6,1,57,9,1598,1,1,5,1
2014051400232,1,1,0,18,0,0,0,0,0,0,3,1,1,2,46,8,-1,-1,-1,7,1
2014051400232,2,9,0,18,0,0,0,0,0,0,4,1,2,2,27,6,1968,2,5,-1,1
2014051400233,1,9,0,4,0,8,0,0,0,0,1,1,6,1,35,6,999,1,8,4,1
2014051400233,2,9,0,4,0,8,0,0,0,0,2,1,6,2,36,7,1560,2,7,5,1
2014051400234,1,9,0,7,0,6,0,0,0,0,3,1,6,1,24,5,2982,2,16,10,2
2014051400234,2,19,0,18,0,1,0,0,0,0,1,1,1,1,45,7,1598,2,-1,5,1
2014051400235,1,9,0,18,0,8,0,0,0,0,3,1,2,1,28,6,1587,1,16,-1,-1
2014051400235,2,9,0,18,0,8,0,0,0,0,1,1,2,1,52,8,1956,2,2,6,1
2014051400236,1,21,0,4,0,8,0,0,0,0,1,1,1,2,42,7,4462,2,1,-1,3
2014051400236,2,9,0,4,0,7,0,0,0,0,2,1,6,1,60,9,1598,2,1,-1,-1
2014051400237,1,9,0,18,0,4,0,0,0,0,1,1,6,2,39,7,1398,1,4,4,1
2014051400237,2,1,0,18,0,1,0,0,0,0,1,1,1,1,23,5,-1,-1,-1,2,1
2014051400239,1,1,0,18,0,0,0,0,0,0,1,1,6,1,38,7,-1,-1,-1,6,1
2014051400239,2,9,0,2,0,0,0,0,0,0,0,1,6,2,52,8,1598,2,2,8,1
2014051400240,1,9,0,1,0,0,0,0,0,0,2,1,6,1,33,6,1598,1,11,1,1
2014051400241,1,5,0,11,0,0,1,10,0,0,3,1,6,1,35,6,599,1,8,1,1
2014051400242,1,9,0,5,0,4,0,0,0,0,1,1,6,1,58,9,1299,1,17,1,1
2014051400243,1,9,0,18,0,0,0,0,0,0,1,1,6,1,26,6,1229,1,10,5,1
2014051400243,2,9,0,4,0,0,0,0,0,0,2,1,6,1,26,6,1998,1,5,3,1
2014051400243,3,9,0,4,0,0,0,0,0,0,2,1,6,2,52,8,1598,2,2,-1,1
2014051400243,4,9,0,4,0,0,0,0,0,0,2,1,6,2,29,6,1242,1,5,6,1
2014051400244,1,9,0,9,0,2,0,0,0,0,1,1,6,1,48,8,1560,2,4,1,1
2014051400244,2,3,0,18,0,8,0,0,0,0,1,1,6,2,52,8,124,1,1,1,1
2014051400245,1,8,0,18,0,2,0,0,0,0,1,1,1,1,46,8,1598,2,1,1,1
2014051400248,1,9,0,9,0,8,0,0,0,0,1,1,6,1,39,7,1984,1,16,1,1
2014051400248,2,9,0,18,0,8,0,0,0,0,1,1,6,2,33,6,1986,2,9,1,1
2014051400249,1,9,0,9,0,8,0,0,0,0,1,1,2,2,45,7,1388,1,2,5,1
2014051400249,2,19,0,18,0,1,0,0,0,7,4,1,6,1,70,10,1560,2,-1,5,1
2014051400250,1,9,0,1,0,0,0,4,0,0,2,1,6,3,-1,-1,1598,1,11,-1,-1
2014051400250,2,11,0,8,0,0,0,0,0,0,3,1,1,1,26,6,-1,-1,-1,-1,1
2014051400253,1,9,0,7,0,6,0,0,7,0,1,1,6,3,-1,-1,-1,-1,-1,-1,-1
2014051400256,1,9,0,18,0,0,5,10,1,11,1,1,2,1,33,6,1990,1,8,1,1
2014051400257,1,9,0,9,0,6,0,0,0,0,4,1,6,2,42,7,1560,2,5,6,1
2014051400257,2,9,0,18,0,1,0,0,0,0,4,1,6,1,22,5,1948,1,12,1,1
2014051400257,3,9,0,18,0,1,0,0,0,0,3,1,6,2,25,5,1198,1,-1,1,1
2014051400257,4,9,0,18,0,1,0,0,0,0,1,1,6,2,51,8,1461,2,1,4,3
2014051400257,5,9,0,18,0,1,0,0,0,0,1,1,6,1,62,9,1796,1,14,1,1
2014051400258,1,3,0,9,0,8,0,0,0,0,4,1,2,1,29,6,125,1,-1,-1,1
2014051400258,2,9,0,18,0,8,0,0,0,0,1,1,2,2,30,6,1461,2,1,4,1
2014051400259,1,9,0,18,0,1,0,0,0,0,1,1,6,2,27,6,1196,1,9,1,1
2014051400259,2,9,0,18,0,1,0,0,0,0,3,1,6,2,63,9,1497,1,11,6,1
2014051400260,1,9,0,18,0,0,0,0,0,0,1,1,6,1,32,6,1796,1,12,1,1
2014051400261,1,9,0,18,0,0,0,0,0,0,1,1,2,2,47,8,1596,1,2,-1,1
2014051400261,2,1,0,18,0,0,0,0,0,0,4,1,1,1,17,4,-1,-1,-1,7,1
2014051400262,1,9,0,18,0,6,0,0,0,0,1,1,6,1,69,10,1197,1,-1,1,1
2014051400263,1,9,0,2,0,0,0,0,0,0,3,1,6,1,56,9,1364,1,9,1,1
2014051400264,1,9,0,18,0,3,0,0,0,0,1,1,6,3,-1,-1,1796,1,7,-1,-1
2014051400264,2,9,0,3,0,1,0,0,0,0,2,1,6,2,60,9,1229,1,2,6,1
2014051400265,1,22,0,9,0,0,5,0,0,0,3,1,6,1,77,11,-1,-1,-1,1,1
2014051400265,2,19,0,18,0,0,0,0,0,0,4,1,2,1,55,8,1995,2,7,8,1
2014051400267,1,19,0,18,0,0,0,0,1,0,1,1,1,1,27,6,1248,2,7,1,1
2014051400267,2,8,0,18,0,0,0,0,0,0,1,1,1,1,50,8,1596,1,10,1,1
2014051400267,3,19,0,18,0,0,0,0,0,0,1,1,1,1,55,8,2198,2,2,1,1
2014051400268,1,9,0,7,0,6,0,0,0,0,1,1,6,1,51,8,1397,1,12,1,1
2014051400268,2,1,0,18,0,1,0,0,0,0,2,1,2,1,25,5,-1,-1,-1,1,1
2014051400269,1,9,0,18,0,1,0,0,0,0,3,1,1,1,31,6,1582,2,2,-1,-1
2014051400269,2,9,0,7,0,1,0,0,0,0,1,1,6,1,24,5,1998,1,12,2,1
2014051400270,1,9,0,18,0,0,0,0,0,0,3,1,6,2,57,9,1587,1,6,8,1
2014051400270,2,9,0,18,0,0,0,0,0,0,3,1,6,2,64,9,1398,1,12,5,1
2014051400270,3,9,0,18,0,0,0,0,0,0,3,1,6,1,48,8,1399,2,5,1,1
2014051400271,1,9,0,5,0,6,0,0,0,0,4,1,6,1,25,5,998,1,2,1,1
2014051400271,2,3,0,18,0,8,0,0,0,11,4,1,6,1,21,5,125,1,9,1,1
2014051400272,1,19,0,12,0,0,0,0,0,0,1,1,1,1,41,7,1896,2,6,7,1
2014051400272,2,9,0,3,0,0,0,0,0,0,2,1,2,1,54,8,1197,1,3,6,1
2014051400272,3,9,0,3,0,0,0,0,0,0,2,1,6,1,30,6,2204,2,7,3,1
2014051400273,1,9,0,10,0,1,0,0,0,0,1,1,6,1,42,7,1596,1,11,1,1
2014051400273,2,9,0,18,0,8,0,0,0,0,4,1,6,2,50,8,1199,1,10,1,1
2014051400273,3,9,0,18,0,8,0,0,0,0,1,1,6,2,59,9,1398,1,1,1,1
2014051400275,2,9,0,18,0,1,0,0,0,0,1,1,1,2,47,8,1598,1,10,1,1
2014051400276,1,9,0,18,0,1,0,0,7,1,1,1,6,2,27,6,1598,1,12,2,1
2014051400276,2,9,0,2,0,1,0,0,0,0,4,1,6,2,76,11,1296,1,6,9,1
2014051400277,1,9,0,9,0,8,0,0,0,0,3,1,2,2,25,5,1527,2,11,-1,1
2014051400277,2,1,0,18,0,1,0,0,0,0,1,1,2,1,61,9,-1,-1,-1,3,1
2014051400278,1,19,0,12,0,0,0,0,0,0,0,1,6,3,-1,-1,-1,-1,-1,-1,-1
2014051400278,2,9,0,18,0,0,0,0,0,0,1,1,2,1,36,7,1796,1,10,7,1
2014051400278,3,9,0,18,0,0,0,0,0,0,2,1,2,2,27,6,1149,1,7,2,1
2014051400279,1,9,0,3,0,0,0,0,0,0,2,1,6,2,33,6,1360,1,6,1,1
2014051400279,2,97,0,18,0,0,1,0,6,0,1,1,6,3,-1,-1,-1,-1,-1,-1,-1
2014051400280,1,98,0,18,0,0,0,0,0,0,1,1,1,3,-1,-1,2488,2,7,-1,-1
2014051400281,1,9,0,3,0,1,0,0,0,0,1,1,6,2,41,7,2967,2,2,4,1
2014051400284,1,9,0,18,0,1,0,0,0,0,1,1,6,1,68,10,1995,2,-1,10,1
2014051400286,1,9,0,14,0,0,0,0,0,0,4,1,6,3,-1,-1,-1,-1,-1,-1,-1
2014051400286,2,1,0,14,0,0,0,0,0,0,3,1,6,2,40,7,-1,-1,-1,-1,1
2014051400287,1,19,0,4,0,4,1,0,0,0,1,1,6,3,-1,-1,2151,2,11,-1,-1
2014051400287,2,9,0,3,0,4,0,0,0,0,2,1,2,2,31,6,996,1,1,4,1
2014051400288,1,1,0,18,0,8,0,0,0,0,0,1,6,1,19,4,-1,-1,-1,1,1
2014051400288,2,9,0,12,0,8,0,0,0,0,1,1,6,2,23,5,1400,1,5,8,2
2014051400288,3,9,0,18,0,8,0,0,0,0,2,1,1,2,52,8,1582,2,4,7,1
2014051400289,1,9,0,18,0,1,0,0,0,0,1,1,6,1,64,9,1461,2,2,3,1
2014051400290,1,4,0,7,0,2,0,0,0,0,1,1,6,1,27,6,-1,-1,-1,1,1
2014051400290,2,9,0,18,0,1,0,0,0,0,1,1,6,1,21,5,1798,1,6,1,1
2014051400291,1,19,0,18,0,6,0,0,0,0,1,1,1,1,39,7,2198,2,1,4,1
2014051400291,2,9,0,18,0,8,0,0,0,0,4,1,6,2,35,6,1398,1,-1,3,1
2014051400291,3,8,0,18,0,8,0,0,0,0,1,1,1,1,59,9,1998,2,7,8,1
2014051400292,1,9,0,7,0,1,0,0,0,0,0,1,6,1,55,8,2987,2,2,2,1
2014051400293,1,9,0,18,0,8,0,0,0,0,0,1,6,1,46,8,1910,2,10,-1,1
2014051400293,2,9,0,18,0,8,0,0,0,0,0,1,2,2,25,5,2099,1,9,6,1
2014051400294,1,22,0,9,0,8,0,0,0,0,1,1,6,1,61,9,-1,3,-1,1,1
2014051400294,2,5,0,18,0,8,0,0,0,0,1,1,2,1,52,8,649,1,7,6,1
2014051400295,1,9,0,18,0,1,0,0,0,0,4,1,1,1,21,5,-1,-1,-1,1,1
2014051400296,1,3,0,18,0,0,1,0,0,0,1,1,6,1,27,6,125,1,9,1,1
2014051400296,2,19,0,3,0,0,1,0,0,0,2,1,1,1,28,6,2143,2,1,3,1
2014051400296,3,9,0,2,0,0,0,0,0,0,3,1,6,3,-1,-1,1596,1,7,-1,-1
2014051400298,1,19,0,18,0,1,0,0,0,0,1,1,6,1,64,9,1998,2,12,5,3
2014051400298,2,9,0,4,0,1,0,0,0,0,2,1,6,1,41,7,1686,2,1,5,1
2014051400301,1,9,0,18,0,2,0,0,0,0,4,1,6,1,55,8,998,1,8,4,1
2014051400302,1,9,0,5,0,2,0,0,0,0,1,1,6,2,40,7,1968,2,4,9,1
2014051400302,2,9,0,2,0,2,1,0,2,11,4,1,6,3,-1,-1,1997,2,3,-1,-1
2014051400303,1,19,0,18,0,1,0,0,0,0,3,1,1,1,46,8,2402,2,2,1,1
2014051400303,2,1,0,18,0,1,0,0,0,0,1,1,6,2,23,5,-1,-1,-1,1,1
2014051400304,1,5,0,7,0,8,0,0,0,0,1,1,6,1,28,6,599,1,-1,3,1
2014051400304,2,9,0,18,0,8,0,0,0,0,3,1,6,2,34,6,1149,1,7,3,1
2014051400305,1,9,0,1,0,0,0,0,0,0,2,1,6,2,46,8,1685,2,-1,1,1
2014051400306,1,8,0,18,0,0,0,0,0,0,3,1,2,1,49,8,1248,2,6,1,1
2014051400307,1,98,1,9,0,1,0,0,0,0,1,1,1,1,27,6,12419,2,2,2,1
2014051400307,2,9,0,18,0,1,0,0,0,0,1,1,6,2,58,9,1242,1,4,6,1
2014051400311,1,9,0,9,0,6,0,0,0,0,1,1,6,1,49,8,1388,1,8,1,1
2014051400311,2,8,0,18,0,1,0,0,4,4,3,1,6,1,47,8,1995,2,6,1,1
2014051400312,1,9,0,18,0,1,0,0,0,0,1,1,6,1,65,9,1994,2,12,-1,1
2014051400312,2,8,0,18,0,1,0,0,0,0,1,1,1,1,44,7,1896,2,7,5,1
2014051400313,1,9,0,9,0,6,0,0,0,0,3,1,6,1,46,8,1360,1,6,10,1
2014051400313,2,9,0,18,0,8,0,0,0,0,1,1,6,1,47,8,1997,2,4,1,1
2014051400317,1,9,0,9,0,8,0,0,0,0,1,1,6,2,63,9,1798,1,6,4,1
2014051400317,2,9,0,18,0,8,0,0,0,0,1,1,6,1,58,9,1598,2,1,6,1
2014051400318,1,9,0,18,0,1,0,0,7,10,4,1,1,1,31,6,1582,2,1,-1,-1
2014051400318,2,9,0,9,0,1,0,0,0,0,3,1,1,1,31,6,1582,2,1,-1,-1
2014051400320,1,19,0,9,0,5,0,0,7,11,4,1,6,1,22,5,1868,2,11,5,1
2014051400320,2,9,0,18,0,1,0,0,0,0,1,1,6,1,31,6,2959,2,8,7,2
2014051400322,1,9,0,18,0,8,0,0,0,0,1,1,6,2,23,5,-1,-1,-1,6,1
2014051400322,2,20,0,18,0,8,0,0,0,0,3,1,1,1,24,5,-1,-1,-1,4,1
2014051400323,1,9,0,18,0,0,0,0,0,0,0,1,1,1,33,6,-1,-1,-1,2,1
2014051400325,1,1,0,18,0,1,0,0,0,0,3,1,6,1,15,3,-1,-1,-1,7,1
2014051400325,2,9,0,18,0,1,0,0,0,0,1,1,6,1,28,6,1598,1,7,3,1
2014051400326,1,9,0,18,0,0,0,4,0,0,1,1,6,3,-1,-1,1390,1,9,-1,-1
2014051400326,2,9,0,2,0,0,0,0,0,0,2,1,1,1,48,8,1560,2,2,5,1
2014051400327,1,9,0,18,0,0,0,0,0,0,4,1,6,1,59,9,1596,1,4,-1,-1
2014051400328,1,19,0,18,0,8,2,0,0,0,3,1,1,1,44,7,2198,2,6,-1,-1
2014051400328,2,9,0,18,0,8,1,0,0,0,1,1,2,1,31,6,1968,2,5,1,1
2014051400329,1,9,0,9,0,8,0,0,0,0,1,1,6,1,18,4,973,1,13,9,3
2014051400329,2,9,0,18,0,8,0,0,0,0,3,1,6,1,42,7,2231,2,4,4,1
2014051400330,1,9,0,9,0,6,0,0,7,10,1,1,6,1,91,11,1299,1,12,8,1
2014051400331,1,19,0,18,0,0,0,0,0,0,1,1,1,1,27,6,2299,2,2,5,1
2014051400331,2,9,0,4,0,0,0,0,0,0,2,1,6,1,53,8,1598,1,4,2,1
2014051400332,1,9,0,9,0,2,0,0,0,0,3,1,2,2,19,4,1242,1,7,1,1
2014051400332,2,5,0,18,0,1,0,0,0,0,1,1,2,1,31,6,645,1,7,1,1
2014051400333,1,9,0,4,0,1,0,0,0,0,1,1,6,1,35,6,1248,1,4,2,1
2014051400333,2,9,0,10,0,5,0,0,0,0,2,1,1,1,27,6,2902,2,8,2,1
2014051400336,1,9,0,5,0,1,0,0,0,0,1,1,6,2,36,7,1388,1,11,3,1
2014051400336,2,1,0,18,0,1,0,0,0,0,1,1,6,1,41,7,-1,-1,-1,4,1
2014051400337,1,9,0,7,0,0,0,0,0,0,4,1,6,1,52,8,1560,2,-1,1,1
2014051400337,2,9,0,18,0,0,0,0,0,0,3,1,6,2,39,7,1796,1,9,2,1
2014051400338,1,9,0,18,0,8,0,0,0,0,4,1,2,2,28,6,1461,2,1,5,1
2014051400338,2,21,1,18,0,8,0,0,0,0,1,1,1,1,52,8,11705,2,8,7,1
2014051400338,3,9,0,3,0,1,0,0,0,0,1,1,2,1,53,8,1198,1,8,1,1
2014051400339,1,9,0,9,0,8,0,0,0,0,3,1,6,1,26,6,1199,2,3,1,1
2014051400339,2,9,0,18,0,8,0,0,0,0,1,1,6,2,42,7,1086,1,9,1,1
2014051400340,1,9,0,18,0,0,0,0,0,0,1,1,6,3,-1,-1,-1,-1,-1,-1,-1
2014051400341,1,19,0,2,0,0,0,0,0,0,2,1,6,1,50,8,2198,2,2,10,1
2014051400341,2,1,0,18,0,0,0,4,0,0,1,1,2,1,27,6,-1,-1,-1,6,1
2014051400342,1,9,0,18,0,0,0,0,0,0,1,1,6,1,-1,-1,2179,2,-1,-1,-1
2014051400342,2,11,0,4,0,0,0,0,0,0,2,1,1,1,22,5,6871,2,5,1,1
2014051400343,1,9,0,18,0,0,0,4,0,0,1,1,6,2,32,6,1997,2,8,6,1
2014051400343,2,19,0,2,0,0,0,0,0,0,1,1,6,3,-1,-1,1248,2,4,-1,-1
2014051400343,3,9,0,2,0,0,0,0,0,0,2,1,6,3,-1,-1,1299,1,11,-1,-1
2014051400345,1,9,0,9,0,6,0,0,0,0,3,1,6,2,82,11,989,1,9,8,1
2014051400346,1,9,0,1,0,0,0,0,0,4,2,1,1,1,21,5,-1,-1,-1,1,1
2014051400348,1,9,0,9,0,6,0,0,0,0,1,1,3,2,35,6,1598,1,2,1,1
2014051400349,1,9,0,9,0,1,0,0,0,0,4,1,6,1,76,11,1229,1,8,2,1
2014051400350,1,9,0,18,0,8,0,0,1,11,1,1,6,2,84,11,1339,1,6,10,1
2014051400351,1,9,0,18,0,4,0,0,7,10,1,1,2,1,24,5,1242,1,5,5,1
2014051400352,1,1,0,18,0,8,0,0,0,0,1,1,6,1,15,3,-1,-1,-1,1,1
2014051400352,2,19,0,9,0,8,0,0,0,0,1,1,1,1,41,7,1560,2,4,1,1
2014051400355,1,9,0,13,0,8,1,0,0,0,4,1,6,1,71,10,1975,1,12,9,1
2014051400355,2,90,0,9,0,8,0,0,0,0,3,2,1,1,41,7,6700,2,-1,3,1
2014051400356,1,9,0,4,0,0,0,0,0,0,3,1,6,1,17,4,1596,1,1,1,1
2014051400358,1,9,0,9,0,5,0,0,0,0,4,1,6,1,77,11,1246,1,9,1,1
2014051400358,2,4,0,18,0,1,0,0,0,0,1,1,6,1,27,6,124,1,16,1,1
2014051400359,1,9,0,9,0,8,0,0,0,0,1,1,2,1,34,6,1388,1,7,8,1
2014051400359,2,9,0,18,0,8,5,0,0,0,3,1,2,1,59,9,1198,1,2,9,1
2014051400359,3,9,0,18,0,8,0,0,0,0,3,1,6,1,26,6,1968,2,5,3,1
2014051400359,4,9,0,18,0,8,0,0,0,0,3,1,6,1,23,5,1388,1,9,1,1
2014051400360,1,9,0,18,0,1,0,0,0,0,1,1,6,1,24,5,1560,2,3,5,1
2014051400360,2,9,0,4,0,1,0,0,0,0,2,1,6,1,43,7,1584,1,8,3,1
2014051400362,2,9,0,18,0,3,0,0,0,0,2,1,6,1,21,5,1149,1,13,3,1
2014051400364,1,1,0,18,0,0,0,0,0,0,1,1,2,1,54,8,-1,-1,-1,3,1
2014051400364,2,9,0,2,0,0,0,0,0,0,4,1,6,1,46,8,1968,2,-1,4,3
2014051400365,1,19,0,7,0,3,0,0,0,0,4,1,6,1,42,7,1753,2,10,1,1
2014051400365,2,1,0,18,0,8,0,0,0,0,3,1,1,1,28,6,-1,-1,-1,1,1
2014051400367,1,4,0,18,0,0,0,0,0,0,1,1,6,3,-1,-1,-1,-1,-1,-1,-1
2014051400371,1,9,0,18,0,8,0,0,1,11,1,1,6,2,51,8,1596,1,12,7,1
2014051400373,1,9,0,3,0,0,0,0,7,0,0,1,6,1,34,6,-1,-1,-1,-1,-1
2014051400376,1,9,0,18,0,2,0,0,0,0,1,1,2,2,37,7,2184,2,10,9,1
2014051400376,2,11,0,4,0,1,0,0,0,0,2,1,1,1,51,8,6696,2,-1,1,1
2014051400377,1,9,0,7,0,6,0,0,0,0,3,1,1,1,44,7,1398,2,1,-1,-1
2014051400377,2,9,0,18,0,8,0,0,0,1,1,1,2,1,34,6,1348,1,13,1,1
2014051400378,1,9,0,18,0,1,0,0,0,0,1,1,6,1,26,6,1598,2,2,1,1
2014051400378,2,9,0,9,0,1,0,0,0,0,2,1,6,2,50,8,1896,2,8,9,2
2014051400379,1,3,0,9,0,5,0,0,0,0,1,1,6,1,22,5,124,1,1,3,1
2014051400379,2,9,0,18,0,1,0,0,0,0,1,1,6,2,29,6,1360,1,8,5,1
2014051400379,3,9,0,18,0,1,0,0,0,0,1,1,6,2,23,5,1198,1,3,7,2
2014051400380,1,9,0,9,0,8,1,0,0,0,1,1,6,2,25,5,998,1,2,1,1
2014051400380,2,9,0,18,0,8,1,0,0,0,1,1,6,2,33,6,1560,2,-1,-1,1
2014051400382,1,9,0,18,0,1,0,4,0,0,3,1,6,1,23,5,1984,1,7,1,1
2014051400382,2,9,0,18,0,1,0,0,1,11,3,1,6,2,35,6,1968,1,9,-1,1
2014051400382,3,9,0,18,0,1,0,0,0,0,4,1,2,1,57,9,2488,1,11,8,1
2014051400383,1,9,0,18,0,1,0,0,0,0,1,1,1,1,31,6,-1,-1,-1,3,1
2014051400383,2,9,0,18,0,1,0,0,0,0,1,1,6,2,34,6,1560,2,2,2,1
2014051400384,1,9,0,1,0,0,0,0,0,0,3,1,1,1,58,9,1910,2,6,3,1
2014051400384,2,1,0,18,0,0,0,0,0,0,1,1,6,1,33,6,-1,-1,-1,2,1
2014051400388,1,19,0,18,0,0,0,0,0,0,1,1,6,1,43,7,2198,2,4,5,1
2014051400389,1,9,0,16,0,0,1,0,0,0,4,1,6,2,34,6,1388,1,9,1,1
2014051400389,2,9,0,17,0,0,0,0,0,0,1,1,6,1,22,5,998,1,12,9,2
2014051400390,1,9,0,9,0,5,0,0,0,0,1,1,6,3,-1,-1,1398,1,13,-1,-1
2014051400390,2,9,0,18,0,1,0,0,0,0,3,1,6,1,49,8,998,1,-1,5,1
2014051400391,1,9,0,2,0,0,0,0,0,0,0,1,6,1,-1,-1,1896,2,9,5,1
2014051400392,1,8,0,18,0,1,0,0,0,0,3,1,1,1,26,6,1956,2,2,5,1
2014051400393,1,9,0,4,0,1,0,0,0,0,1,1,6,3,-1,-1,-1,-1,-1,-1,-1