Accident_Index,Vehicle_Reference,Vehicle_Type,Towing_and_Articulation,Vehicle_Manoeuvre,Vehicle_Location-Restricted_Lane,Junction_Location,Skidding_and_Overturning,Hit_Object_in_Carriageway,Vehicle_Leaving_Carriageway,Hit_Object_off_Carriageway,1st_Point_of_Impact,Was_Vehicle_Left_Hand_Drive?,Journey_Purpose_of_Driver,Sex_of_Driver,Age_of_Driver,Age_Band_of_Driver,Engine_Capacity_(CC),Propulsion_Code,Age_of_Vehicle,Driver_IMD_Decile,Driver_Home_Area_Type
201405BB02648,1,9,0,8,0,4,1,0,0,0,1,1,6,2,-1,-1,1591,1,1,-1,-1
201405BB02648,2,1,0,17,4,3,0,0,0,0,4,1,1,1,30,6,-1,-1,-1,1,1
201405BB02665,1,9,0,9,0,8,0,0,0,0,1,1,2,1,-1,-1,2979,1,5,-1,-1
201405BB02665,2,9,0,18,0,8,0,0,0,0,1,1,2,2,35,6,1242,1,3,-1,1
201405BB02667,1,9,0,18,0,0,0,0,0,0,3,1,6,1,33,6,1242,1,8,3,1
201405BB02680,1,19,0,18,0,1,0,0,0,0,1,1,1,1,63,9,2198,2,3,-1,-1
201405BB02680,2,9,0,5,0,1,0,0,0,0,2,1,1,1,63,9,-1,-1,-1,3,1
201405BB02687,1,9,0,5,0,0,0,0,0,0,3,1,6,2,49,8,2435,1,12,4,3
201405BB02687,2,5,0,18,0,0,2,0,0,0,1,1,1,1,24,5,748,1,8,8,1
201405BB02691,1,1,0,18,5,1,0,0,0,0,1,1,2,1,18,4,-1,-1,-1,7,1
201405BB02691,2,9,0,5,0,8,0,0,0,0,4,1,6,2,56,9,898,1,-1,7,1
201405BB02697,1,9,0,18,0,1,0,0,0,0,1,1,6,1,-1,-1,2656,1,12,-1,-1
201405BB02697,2,9,0,4,0,1,0,0,0,0,2,1,6,1,21,5,998,1,4,-1,1
201405BB02697,3,9,0,18,0,2,0,0,0,0,1,1,6,2,75,10,996,1,2,6,1
201405BB0269O,1,9,0,1,0,2,0,0,0,0,2,1,6,2,38,7,998,1,3,1,1
201405BB02704,1,19,0,14,0,0,0,0,0,0,4,1,6,3,-1,-1,-1,-1,-1,-1,-1
201405BB02721,1,9,0,3,0,1,0,0,0,0,1,1,6,2,-1,-1,1390,1,14,-1,-1
201405BB02721,2,3,0,14,0,1,0,0,0,0,4,1,6,1,16,4,125,1,8,3,1
201405BB02737,1,9,0,4,0,7,0,0,0,0,1,1,4,2,37,7,1398,1,3,6,1
201405BB02737,2,19,0,4,0,7,0,0,0,0,2,1,2,1,32,6,1560,2,3,4,3
201405BB02737,3,9,0,4,0,7,0,0,0,0,2,1,6,2,77,11,999,1,2,9,1
201405BB02745,1,5,0,18,0,0,5,0,0,0,1,1,1,1,24,5,599,1,4,3,1
201405BB02745,2,9,0,4,0,0,0,0,0,0,2,1,1,2,53,8,2967,1,10,9,1
201405BB02745,3,8,0,4,0,0,0,0,0,0,1,1,1,1,59,9,2902,2,9,1,1
201405BB02747,1,1,0,9,0,6,0,0,0,0,1,1,6,1,14,3,-1,-1,-1,1,1
201405BB02747,2,9,0,18,0,1,0,0,0,0,1,1,1,2,51,8,1596,1,10,1,1
201405BB02747,3,9,0,18,0,1,0,0,0,0,1,1,6,1,43,7,1598,1,-1,6,1
201405BB02751,1,19,0,4,0,1,0,0,0,0,1,1,6,1,20,4,1560,2,7,7,1
201405BB02751,2,9,0,10,0,1,0,0,0,0,2,1,6,2,56,9,1299,1,15,-1,-1
201405BB02753,1,22,0,11,0,1,0,0,0,0,1,1,6,1,29,6,-1,-1,-1,10,1
201405BB02753,2,9,0,18,0,1,0,0,0,0,1,1,2,2,43,7,1796,1,7,1,1
201405BB02756,1,9,0,4,0,1,0,0,0,0,1,1,6,1,-1,-1,2987,2,8,1,1
201405BB02756,2,9,0,3,0,1,0,0,0,0,2,1,6,1,-1,-1,1598,1,4,-1,1
201405BB02797,1,9,0,18,0,0,0,0,7,1,1,1,6,1,21,5,2544,1,17,1,1
201405BB02799,1,9,0,12,0,0,0,0,7,0,3,1,6,1,33,6,1994,2,11,2,1
201405BB02799,2,9,0,18,0,0,0,0,0,0,1,1,1,1,45,7,1242,1,14,9,1
201405BB02803,1,9,0,18,0,1,0,0,0,0,1,1,6,2,22,5,1598,2,1,8,1
201405BB02803,2,9,0,18,0,1,0,0,0,0,1,1,6,1,66,10,3498,1,2,9,1
201405BB02805,1,9,0,4,0,0,0,0,0,0,1,1,2,1,72,10,1229,1,8,7,1
201405BB02805,2,3,0,4,0,0,0,0,0,0,2,1,2,1,33,6,124,1,2,7,1
201405BB02812,1,9,0,18,0,1,1,0,0,0,1,1,1,1,53,8,1560,2,3,4,3
201405BB02812,2,1,0,18,0,8,0,0,0,0,3,1,2,1,31,6,-1,-1,-1,1,1
201405BB02822,1,1,0,18,0,0,0,0,0,0,1,1,6,1,33,6,-1,-1,-1,9,1
201405BB02822,2,9,0,2,0,0,0,0,0,0,2,1,6,2,-1,-1,1796,1,7,3,1
201405BB02831,1,9,0,13,0,0,0,0,0,0,1,1,6,1,17,4,998,1,1,2,1
201405BB02831,2,9,0,17,0,0,0,0,0,0,1,1,6,1,21,5,1596,1,2,3,1
201405BB02831,3,9,0,16,0,0,0,0,0,0,0,1,6,2,34,6,1596,1,10,-1,-1
201405BB02847,1,11,0,18,0,0,0,0,0,0,1,1,1,1,52,8,9600,2,13,3,1
201405BB02857,1,9,0,7,0,2,0,0,0,0,1,1,6,1,-1,-1,-1,-1,-1,-1,-1
201405BB02857,2,9,0,18,0,1,0,0,0,0,3,1,1,1,31,6,1997,2,9,1,1
201405BB02858,1,9,0,9,0,5,0,0,0,0,1,1,6,2,56,9,995,1,4,-1,1
201405BB02858,2,1,0,18,0,1,0,0,0,0,3,1,6,1,40,7,-1,-1,-1,4,1
201405BB02863,1,9,0,18,0,0,1,0,0,0,1,1,1,1,34,6,1582,2,3,-1,-1
201405BB02863,2,9,0,18,0,0,0,0,0,0,2,1,6,2,41,7,998,1,3,6,1
201405BB02863,3,9,0,18,0,0,0,0,0,0,3,1,6,2,29,6,1968,2,4,4,1
201405BB02882,1,9,0,9,0,6,0,0,0,0,3,1,6,2,41,7,1596,1,4,5,1
201405BB02882,2,9,0,18,0,8,0,0,0,0,1,1,6,1,56,9,996,1,3,9,1
201405BB02915,1,1,0,18,0,8,0,0,0,0,1,1,6,1,32,6,-1,-1,-1,3,1
201405BB02915,2,9,0,18,0,8,0,0,0,0,1,1,6,1,30,6,1686,2,10,5,3
201405BB02921,1,9,0,18,0,8,0,0,0,0,1,1,6,2,29,6,3222,2,10,5,1
201405BB02921,2,8,0,18,0,8,0,7,1,1,3,1,1,1,30,6,1753,2,7,-1,-1
201405BB02926,1,9,0,18,0,0,0,0,0,0,3,1,6,1,35,6,-1,-1,-1,1,1
201405BB02926,2,3,0,18,0,0,0,0,0,0,4,1,6,1,31,6,124,1,6,8,1
201405BB02937,1,9,0,3,0,0,0,0,0,0,1,1,6,2,-1,-1,-1,-1,-1,-1,-1
201405BB02937,2,9,0,3,0,0,0,0,0,0,2,1,6,1,37,7,1988,2,9,2,1
201405BB02937,3,9,0,14,0,0,0,0,0,0,3,1,6,2,-1,-1,-1,-1,-1,-1,-1
201405BB02941,1,1,0,9,0,6,0,0,0,0,3,1,6,2,54,8,-1,-1,-1,9,1
201405BB02941,2,9,0,5,0,5,1,0,0,0,1,1,6,1,26,6,1560,2,1,1,1
201405BB02946,1,8,0,1,0,6,0,0,0,0,2,1,1,1,-1,-1,-1,-1,-1,-1,-1
201405BB02957,1,9,0,18,0,0,0,0,0,0,1,1,6,1,26,6,1798,1,11,1,1
201405BB02962,1,9,0,18,0,0,0,0,0,0,1,1,6,1,49,8,-1,-1,-1,6,1
201405BB02962,2,1,0,18,0,0,5,0,0,0,4,1,6,1,11,3,-1,-1,-1,3,1
201405BB02978,1,9,0,5,0,1,0,0,0,0,1,1,6,1,79,11,2496,1,10,2,1
201405BB02978,2,9,0,18,0,1,0,0,0,0,3,1,6,2,31,6,2148,2,6,-1,1
201405BB03000,1,9,0,5,0,6,0,0,0,0,1,1,1,1,-1,-1,1753,2,10,-1,-1
201405BB03000,2,9,0,5,0,6,0,0,0,0,2,1,6,1,56,9,1995,2,11,-1,1
201405BB03029,1,9,0,9,0,5,0,0,0,0,4,1,6,2,28,6,1599,1,10,9,2
201405BB03029,2,9,0,18,0,1,0,0,0,0,1,1,6,2,57,9,1390,2,11,2,1
201405BB03037,1,9,0,18,0,1,0,0,0,0,1,1,6,1,-1,-1,1995,2,10,-1,-1
201405BB03037,2,9,0,3,0,1,0,0,0,0,2,1,6,1,29,6,1995,1,6,10,1
201405BB03049,1,21,1,11,0,0,0,0,0,0,4,1,1,1,52,8,12777,2,6,-1,2
201405BB03049,2,9,0,18,0,0,0,0,0,0,3,1,6,1,48,8,1242,1,-1,2,1
201405BB03056,1,9,0,8,0,8,0,0,0,0,4,1,6,1,56,9,-1,-1,-1,1,1
201405BB03056,2,9,0,8,0,8,0,0,1,0,1,1,6,2,30,6,1398,1,4,5,1
201405BB03058,1,9,0,9,0,8,0,0,0,0,3,1,6,1,27,6,1896,2,17,5,1
201405BB03058,2,9,0,18,0,8,0,0,0,0,1,1,6,1,40,7,1590,1,10,5,1
201405BB03066,1,9,0,18,0,0,0,0,0,0,1,1,6,1,23,5,3960,1,16,3,1
201405BB03077,1,9,0,18,0,1,0,0,0,0,1,1,6,2,69,10,1984,1,13,7,1
201405BB03077,2,9,0,3,0,1,0,0,0,0,2,1,2,2,55,8,1086,1,6,6,1
201405BB03077,3,9,0,3,0,1,0,0,0,0,2,1,6,2,37,7,1896,2,10,9,3
201405BB03079,1,9,0,9,0,5,0,0,0,0,4,1,6,2,40,7,1299,1,12,7,1
201405BB03079,2,3,0,18,0,1,0,0,0,0,1,1,6,1,20,4,124,1,5,4,1
201405BB03082,1,2,0,6,0,0,0,0,0,0,1,1,6,1,19,4,49,1,7,2,1
201405BB03082,2,9,0,18,0,0,0,0,0,0,4,1,6,1,48,8,2204,2,6,8,1
201405BB03113,1,9,0,18,0,1,0,0,0,1,1,1,6,1,40,7,1997,2,6,4,1
201405BB03113,2,9,0,3,0,1,0,0,0,0,2,1,6,1,48,8,1999,1,6,5,1
201405BB03113,3,9,0,18,0,1,0,0,0,0,2,1,6,2,22,5,998,1,16,8,1
201405BB03113,4,9,0,18,0,1,0,0,0,0,2,1,6,2,60,9,1198,1,1,9,1
201405BB03113,5,9,0,18,0,1,0,0,0,0,2,1,6,1,28,6,1397,1,4,7,1
201405BB03119,1,9,0,18,0,0,0,0,0,0,2,1,6,2,-1,-1,1198,1,11,-1,-1
201405BB03119,2,9,0,4,0,0,0,0,0,0,1,1,6,2,24,5,1596,1,6,8,1
201405BB03127,1,19,0,18,0,0,0,0,0,0,1,1,1,1,29,6,2143,2,3,8,1
201405BB03127,2,9,0,18,0,0,0,0,0,0,2,1,6,1,69,10,796,1,7,6,1
201405BB03127,3,9,3,18,0,0,0,0,0,0,2,1,6,1,79,11,2179,2,3,9,1
201405BB03128,1,9,0,18,0,1,0,0,0,0,1,1,6,1,24,5,1598,1,8,-1,1
201405BB03128,2,9,0,18,0,1,0,0,0,0,2,1,6,2,42,7,1596,1,11,2,1
201405BB03147,1,21,0,1,0,8,0,0,0,0,1,1,1,1,48,8,8867,2,6,1,1
201405BB03147,2,9,0,18,0,8,0,0,0,0,1,1,3,2,51,8,1598,1,6,6,1
201405BB03153,1,19,0,18,0,8,0,0,0,0,1,1,6,1,49,8,1461,2,4,4,1
201405BB03153,2,9,0,18,0,8,0,0,1,11,1,1,2,2,33,6,1596,1,7,2,1
201405BB03168,1,11,0,18,0,1,0,0,0,0,0,1,1,2,45,7,-1,2,14,1,1
201405BB03168,2,9,0,5,0,1,0,0,0,0,0,1,6,1,-1,-1,1199,1,12,-1,-1
201405BB03177,1,21,0,9,0,6,0,0,0,0,1,1,1,1,27,6,5193,2,6,2,1
201405BB03177,2,9,0,17,0,8,0,0,4,1,4,1,6,1,58,9,1796,1,11,1,1
201405BB03191,1,9,0,18,0,1,1,0,0,0,1,1,6,1,47,8,1686,2,2,1,1
201405BB03191,2,9,0,18,0,1,0,0,0,0,2,1,1,2,21,5,1598,1,11,7,1
201405BB03192,1,8,0,7,0,6,0,0,0,0,3,1,6,1,64,9,1753,2,8,3,1
201405BB03192,2,9,0,18,0,8,0,0,0,0,4,1,6,1,24,5,1796,1,10,1,1
201405BB03218,1,9,0,18,0,0,1,0,7,4,4,1,6,2,22,5,1598,1,13,6,2
201405BB03218,2,9,0,2,0,0,0,0,0,0,2,1,6,1,-1,-1,2204,2,8,-1,-1
201405BB03224,1,9,0,18,0,1,0,0,0,0,1,1,6,1,55,8,2184,2,7,1,1
201405BB03224,2,9,0,3,0,1,0,0,0,0,2,1,2,1,34,6,1910,2,5,9,1
201405BB03228,1,19,0,7,0,1,0,0,0,0,0,1,6,2,30,6,-1,-1,-1,3,1
201405BB03231,1,19,0,16,0,1,0,0,0,0,4,1,2,1,63,9,2402,2,11,3,1
201405BB03231,2,1,0,16,0,1,5,0,0,0,3,1,6,1,50,8,-1,-1,-1,8,1
201405BB03232,1,1,0,18,9,1,0,0,0,2,1,1,6,1,24,5,-1,-1,-1,1,1
201405BB03280,1,1,0,18,0,1,0,0,0,0,3,1,6,1,12,3,-1,-1,-1,-1,-1
201405BB03280,2,9,0,18,0,1,0,0,0,0,1,1,6,1,68,10,2792,1,32,5,1
201405BB03282,1,9,0,9,0,6,0,0,0,0,1,1,6,1,32,6,1968,2,7,3,1
201405BB03282,2,9,0,17,0,8,0,0,0,0,4,1,6,1,60,9,1798,1,11,6,3
201405BB03297,1,9,0,7,0,1,1,0,1,11,1,1,6,2,30,6,1596,1,1,1,1
201405BB03312,1,9,0,9,0,1,0,0,0,0,3,1,6,2,39,7,1598,1,7,6,1
201405BB03312,2,3,0,18,0,1,0,0,0,0,1,1,6,1,30,6,125,1,12,-1,-1
201405BB03345,1,9,0,5,0,1,0,0,0,0,1,1,6,3,-1,-1,-1,-1,-1,-1,-1
201405BB03345,2,1,0,18,0,1,0,0,0,0,4,1,6,1,46,8,-1,-1,-1,1,1
201405BB03349,1,9,0,18,0,0,5,0,1,2,1,1,6,2,23,5,1299,1,8,8,1
201405BB03386,1,9,0,5,0,0,0,0,0,0,1,1,1,1,-1,-1,-1,-1,-1,-1,-1
201405BB03413,1,9,0,4,0,1,0,0,0,0,1,1,2,2,55,8,1560,2,9,7,1
201405BB03413,2,1,0,18,0,1,0,0,0,0,3,1,6,1,15,3,-1,-1,-1,3,1
201405BB03428,1,9,0,4,0,4,0,0,0,0,1,1,6,2,-1,-1,1199,1,12,-1,-1
201405BB03428,2,9,0,3,0,4,0,0,0,0,2,1,6,2,24,5,1598,1,5,3,1
201405BB03434,1,9,0,16,0,3,1,0,1,0,1,1,6,1,27,6,1910,2,10,9,1
201405BB03434,2,19,0,18,0,1,0,0,1,1,1,1,2,1,51,8,1870,2,9,8,1
201405BB03443,1,9,0,8,0,8,0,0,0,0,1,1,2,1,61,9,1956,2,1,-1,-1
201405BB03443,2,9,0,9,0,8,0,0,4,0,4,1,6,1,34,6,1998,2,8,3,1
201405BB03449,1,9,0,18,0,0,0,0,0,0,1,1,6,2,45,7,-1,-1,-1,-1,-1
201405BB03457,1,9,0,1,0,6,0,0,0,0,2,1,6,2,-1,-1,1229,1,8,-1,-1
201405BB03468,1,3,0,9,0,5,0,0,0,0,1,1,6,1,-1,-1,49,1,14,-1,-1
201405BB03468,2,9,0,4,0,1,0,0,0,0,1,1,3,2,25,5,1389,1,12,2,1
201405BB03471,1,9,0,9,0,1,0,0,0,0,1,1,6,1,45,7,1242,1,6,6,1
201405BB03471,2,1,0,18,0,1,0,0,0,0,4,1,6,1,53,8,-1,-1,-1,-1,1
201405BB03500,1,22,0,17,9,0,0,0,0,0,1,1,6,1,55,8,-1,-1,-1,-1,1
201405BB03515,1,8,0,18,0,1,0,0,0,0,1,1,1,1,32,6,1997,2,7,3,1
201405BB03517,1,3,0,13,0,0,2,0,4,10,1,1,6,1,27,6,125,1,19,1,1
201405BB03517,2,11,0,18,0,0,0,0,0,0,2,1,1,1,59,9,4500,2,1,5,1
201405BB03527,1,9,0,18,0,4,0,0,0,0,3,1,6,2,64,9,1796,1,4,4,1
201405BB03527,2,1,0,7,0,3,0,0,0,0,2,1,6,1,73,10,-1,-1,-1,7,1
201405BB03559,1,9,0,18,0,1,1,0,0,0,1,1,2,1,37,7,1461,2,3,6,1
201405BB03559,2,9,0,4,0,1,0,0,0,0,2,1,6,2,51,8,1199,1,14,5,1
201405BB03559,3,9,0,3,0,1,0,0,0,0,2,1,6,1,35,6,1598,2,3,1,1
201405BB03559,4,8,0,3,0,1,0,0,0,0,2,1,1,1,58,9,1598,2,3,4,1
201405BB03577,1,9,0,18,0,8,0,0,0,0,4,1,6,1,21,5,1242,1,7,1,1
201405BB03577,2,9,0,18,0,8,0,0,0,0,1,1,6,2,47,8,1896,2,10,8,2
201405BB03588,1,9,0,13,0,8,0,0,0,0,1,1,6,1,79,11,1598,1,8,8,1
201405BB03588,2,1,0,16,0,8,0,0,0,0,2,1,6,1,45,7,-1,-1,-1,1,1
201405BB03609,1,9,0,18,0,0,0,0,0,0,1,1,6,2,49,8,1242,1,7,5,1
201405BB03610,1,19,0,1,0,1,0,0,0,0,2,1,1,1,52,8,2143,2,5,1,1
201405BB03618,1,1,0,9,0,0,0,0,0,0,3,1,6,2,84,11,-1,-1,-1,6,1
201405BB03618,2,9,0,18,0,0,0,0,0,0,1,1,6,2,37,7,1595,1,2,-1,-1
201405BB03629,1,5,0,16,0,0,0,10,6,0,1,1,6,1,28,6,636,1,8,-1,1
201405BB03630,1,19,0,18,0,1,0,0,0,0,1,1,1,1,52,8,2998,2,9,1,1
201405BB03630,2,9,0,10,0,1,0,0,0,0,2,1,6,1,31,6,2902,2,11,3,1
201405BB03630,3,9,0,10,0,1,0,0,0,0,2,1,6,2,24,5,1242,1,10,2,1
201405BB03638,1,9,0,4,0,0,0,0,0,0,2,1,6,2,41,7,1995,1,10,-1,-1
201405BB03638,2,5,0,18,0,0,0,0,0,0,1,1,6,2,44,7,998,1,5,8,2
201405BB03653,1,9,0,16,0,0,1,0,7,4,3,1,6,1,53,8,1598,2,1,5,1
201405BB03659,1,9,0,5,0,6,0,0,0,0,1,1,6,1,74,10,998,1,10,6,1
201405BB03659,2,9,0,18,0,8,0,0,7,11,3,1,6,1,57,9,1598,1,6,3,1
201405BB03690,1,9,0,9,0,6,0,0,0,0,1,1,1,1,55,8,1560,2,4,9,1
201405BB03690,2,9,0,18,0,8,0,0,0,0,1,1,6,2,41,7,1596,1,2,9,2
201405BB03703,1,9,0,5,0,1,0,0,0,0,1,1,6,1,52,8,796,1,14,8,1
201405BB03703,2,1,0,18,0,1,0,0,0,0,1,1,6,1,15,3,-1,-1,-1,8,1
201405BB03714,1,2,0,17,0,8,2,0,0,0,1,1,1,1,34,6,988,1,12,5,2
201405BB03714,2,9,0,18,0,5,0,0,0,0,1,1,1,1,76,11,1560,2,4,4,2
201405BB03737,1,9,0,4,0,1,0,0,0,0,1,1,1,1,37,7,2993,2,2,2,1
201405BB03737,2,9,0,18,0,2,0,0,0,0,1,1,6,1,35,6,2261,1,7,-1,-1
201405BB03763,1,9,0,18,0,6,0,0,0,0,4,1,6,1,27,6,1596,1,10,9,1
201405BB03763,2,1,0,7,0,5,0,0,0,0,1,1,6,1,16,4,-1,-1,-1,9,1
201405BB03770,1,9,0,3,0,1,0,0,0,0,1,1,6,1,51,8,2987,2,-1,9,2
201405BB03770,2,1,0,4,0,1,0,0,0,0,1,1,2,1,18,4,-1,-1,-1,10,1
201405BB03775,1,9,0,12,0,1,0,0,0,0,3,1,1,2,60,9,1984,1,7,-1,1
201405BB03775,2,21,1,18,0,1,0,0,0,0,4,1,1,1,53,8,12777,2,4,8,3
201405BB03791,1,9,0,18,0,0,0,0,0,0,1,1,6,1,85,11,1596,1,1,6,1
201405BB03791,2,9,0,18,0,0,0,0,0,0,2,1,6,2,57,9,1988,1,14,6,1
201405BB03808,1,9,0,9,0,8,0,0,3,2,1,1,6,1,79,11,1596,1,-1,1,1
201405BB03812,1,9,0,16,0,0,0,0,7,4,1,1,6,2,31,6,4398,7,11,2,1
201405BB03822,1,19,0,18,0,4,0,0,0,0,3,1,2,1,46,8,2402,2,13,7,1
201405BB03822,2,1,0,18,0,3,0,0,0,0,4,1,6,1,76,11,-1,-1,-1,7,1
201405BB03836,1,8,0,10,0,8,0,0,0,0,4,1,1,1,36,7,1753,2,7,7,1
201405BB03836,2,5,0,18,0,8,0,0,0,0,1,1,6,1,42,7,1170,1,1,3,1
201405BB03868,1,9,0,18,0,2,0,0,0,0,0,1,6,1,49,8,1598,2,2,-1,-1
201405BB03879,1,9,0,18,0,1,0,0,0,0,3,1,1,1,52,8,1461,2,4,8,1
201405BB03879,2,3,0,18,0,6,5,0,0,0,1,1,1,1,18,4,-1,-1,-1,4,1
201405BB03895,1,21,1,13,0,1,0,0,0,0,4,1,1,1,47,8,12580,2,9,1,1
201405BB03895,2,1,0,9,0,1,0,0,0,0,1,1,2,1,29,6,-1,-1,-1,3,1
201405BB03903,1,9,0,18,0,8,0,0,0,0,3,1,6,1,40,7,1461,2,-1,6,1
201405BB03903,2,1,0,18,0,8,0,0,0,0,4,1,6,1,64,9,-1,-1,-1,4,1
201405BB03906,1,4,0,9,0,6,0,0,0,0,4,1,1,1,31,6,125,1,4,1,1
201405BB03906,2,9,0,18,0,8,0,0,0,0,3,1,1,1,-1,-1,1598,2,3,-1,-1
201405BB03908,1,5,0,18,0,0,2,10,0,0,1,1,6,1,16,4,955,1,14,1,1
201405BB03913,1,9,0,18,0,3,0,0,0,0,1,1,2,1,21,5,1199,1,10,1,1
201405BB03913,2,1,0,18,0,8,0,0,0,0,1,1,6,1,23,5,-1,-1,-1,6,1
201405BB03925,1,1,0,18,0,6,0,0,0,0,2,1,6,1,9,2,-1,-1,-1,1,1
201405BB03925,2,9,0,18,0,8,0,0,0,0,4,1,6,1,48,8,1398,2,11,5,1
201405BB03926,1,9,0,5,0,0,0,0,0,0,3,1,6,2,36,7,2204,2,8,4,1
201405BB03926,2,9,0,18,0,0,5,0,0,0,1,1,6,1,26,6,1896,2,8,2,1
201405BB03942,1,9,0,18,0,8,0,0,0,0,1,1,6,2,64,9,1896,2,9,7,1
201405BB03942,2,9,0,18,0,8,0,0,0,0,1,1,6,1,58,9,1242,7,3,2,1
201405BB03956,1,9,0,12,0,1,0,0,4,2,3,1,6,1,82,11,1199,1,14,5,1
201405BB03956,2,9,0,18,0,1,0,0,0,0,3,1,6,2,27,6,1360,1,7,6,1
201405BB03958,1,9,0,18,0,1,0,4,0,0,1,1,6,2,24,5,1229,1,7,1,1
201405BB03958,2,19,0,2,0,1,0,0,0,0,2,1,1,1,53,8,2977,2,4,5,1
201405BB03988,1,9,0,18,0,8,0,0,0,0,3,1,6,1,66,10,1997,1,15,6,1
201405BB03988,2,5,0,18,0,8,5,0,0,0,1,1,6,2,42,7,748,1,17,5,2
201405BB03995,1,9,0,18,0,1,0,0,0,0,1,1,6,1,34,6,-1,-1,-1,-1,-1
201405BB03995,2,9,0,2,0,1,0,0,0,0,2,1,6,1,25,5,1597,1,5,1,1
201405BB04009,1,9,0,13,0,0,0,0,0,0,0,1,6,3,-1,-1,-1,-1,-1,-1,-1
201405BB04009,2,3,0,18,0,0,1,10,1,0,1,1,6,1,28,6,124,1,1,6,1
201405BB04012,1,9,0,18,0,0,0,0,7,1,1,1,6,1,37,7,1596,1,11,1,1
201405BB04012,2,1,0,18,0,0,0,0,0,0,1,1,6,2,11,3,-1,-1,-1,1,1
201405BB04015,1,9,0,10,0,1,0,0,0,0,2,1,2,1,46,8,1796,1,11,3,1
201405BB04015,2,9,0,5,0,1,0,4,0,0,1,1,6,1,41,7,1597,1,14,3,1
201405BB04017,1,9,0,1,0,6,0,0,0,0,2,1,6,1,-1,-1,1248,2,6,-1,-1
201405BB04049,1,9,0,18,0,6,0,0,0,0,1,1,6,1,24,5,1595,1,1,6,1
201405BB04049,2,8,0,18,0,1,0,0,0,0,4,1,1,1,52,8,1753,2,7,6,1
201405BB04049,3,19,0,18,0,1,0,0,0,0,0,1,1,1,30,6,2987,2,1,-1,-1
201405BB04054,1,9,0,7,0,6,0,0,0,0,3,1,6,1,49,8,1364,1,5,-1,1
201405BB04054,2,1,0,7,0,1,0,0,0,0,1,1,6,2,52,8,-1,-1,-1,4,1
201405BB04061,1,9,0,9,0,5,0,0,0,0,3,1,6,1,35,6,1985,1,10,4,1
201405BB04061,2,1,0,18,0,8,5,0,0,0,3,1,6,2,44,7,-1,-1,-1,6,1
201405BB04065,1,9,0,2,0,0,0,0,0,0,3,1,6,2,-1,-1,1598,1,4,-1,-1
201405BB04065,2,1,0,18,0,0,0,0,0,0,4,1,6,1,31,6,-1,-1,-1,1,1
201405BB04074,1,1,0,18,0,0,0,0,0,0,1,1,6,1,49,8,-1,-1,-1,1,1
201405BB04074,2,11,0,18,0,0,0,0,0,0,1,1,1,1,60,9,6700,2,2,1,1
201405BB04085,1,9,0,4,0,2,0,0,0,0,2,1,6,1,18,4,1198,1,-1,1,1
201405BB04085,2,21,0,18,0,2,1,0,0,0,1,1,1,1,28,6,11946,2,4,7,1
201405BB04085,3,21,1,18,0,2,1,0,0,0,1,1,1,1,41,7,10518,2,3,6,1
201405BB04095,1,9,0,9,0,8,0,0,0,0,3,1,2,1,49,8,1397,1,6,1,1
201405BB04095,2,9,0,18,0,8,0,0,0,0,1,1,6,2,33,6,1596,1,2,1,1
201405BB04101,1,9,0,18,0,6,0,0,0,0,1,1,6,1,39,7,2184,2,10,6,1
201405BB04101,2,11,0,18,0,8,0,0,0,0,3,1,1,1,53,8,-1,-1,-1,5,1
201405BB04113,1,9,0,9,0,8,0,0,0,0,1,1,6,1,63,9,1997,2,13,1,1
201405BB04113,2,3,0,18,0,8,0,0,0,0,3,1,6,1,61,9,125,1,49,4,3
201405BB04114,1,9,0,2,0,0,0,0,0,0,3,1,6,1,43,7,1348,1,12,7,1
201405BB04114,2,1,0,18,0,0,0,0,0,0,4,1,6,1,33,6,-1,-1,-1,3,1
201405BB04118,1,9,0,18,0,8,0,0,7,11,4,1,1,1,55,8,2495,2,13,6,1
201405BB04118,2,9,0,1,0,8,0,0,0,0,1,1,1,1,54,8,1998,2,8,2,1
201405BB04122,1,9,0,18,0,1,0,0,0,0,1,1,6,1,21,5,1998,2,8,1,1
201405BB04122,2,9,0,18,0,1,0,0,0,0,2,1,6,1,29,6,1560,2,-1,1,1
201405BB04127,1,9,0,2,0,0,0,0,0,0,3,1,6,1,70,10,1390,1,9,6,1
201405BB04127,2,1,0,1,0,0,0,0,0,0,1,1,1,1,59,9,-1,-1,-1,6,1
201405BB04137,1,9,0,5,0,2,0,0,0,0,3,1,6,2,23,5,1240,1,4,8,1
201405BB04137,2,3,0,18,0,3,0,0,0,0,4,1,6,1,19,4,124,1,21,5,1
201405BB04139,1,9,0,18,0,2,0,0,0,0,1,2,6,2,40,7,1997,2,11,10,1
201405BB04139,2,9,0,18,0,8,0,0,0,0,3,1,6,1,28,6,1461,2,11,6,1
201405BB04147,1,9,0,18,0,4,0,0,0,0,3,1,1,2,28,6,1242,1,6,10,1
201405BB04147,2,1,0,17,0,8,0,0,0,0,1,1,1,1,26,6,-1,-1,-1,1,1
201405BB04148,1,9,0,4,0,1,1,0,0,0,1,1,6,2,19,4,1242,1,2,5,1
201405BB04148,2,9,0,3,0,1,0,0,0,0,2,1,2,2,38,7,1598,2,-1,1,1
201405BB04150,1,3,0,18,0,4,0,0,0,0,1,1,6,1,18,4,124,1,1,1,1
201405BB04150,2,19,0,7,0,8,0,0,0,0,4,1,1,1,31,6,2198,2,6,1,1
201405BB04165,1,9,0,18,0,8,0,0,0,0,4,1,6,2,41,7,1560,2,-1,1,1