Accident_Index,Vehicle_Reference,Vehicle_Type,Towing_and_Articulation,Vehicle_Manoeuvre,Vehicle_Location-Restricted_Lane,Junction_Location,Skidding_and_Overturning,Hit_Object_in_Carriageway,Vehicle_Leaving_Carriageway,Hit_Object_off_Carriageway,1st_Point_of_Impact,Was_Vehicle_Left_Hand_Drive?,Journey_Purpose_of_Driver,Sex_of_Driver,Age_of_Driver,Age_Band_of_Driver,Engine_Capacity_(CC),Propulsion_Code,Age_of_Vehicle,Driver_IMD_Decile,Driver_Home_Area_Type
201405BB04165,2,9,0,18,0,8,0,0,0,0,1,1,1,2,42,7,1299,1,10,5,1
201405BB04174,1,9,0,18,0,0,5,4,0,0,1,1,6,1,80,11,1197,1,1,9,1
201405BB04174,2,9,0,2,0,0,0,0,0,0,1,1,1,2,20,4,1086,1,5,8,1
201405BB04174,3,9,0,2,0,0,0,0,0,0,2,1,6,2,44,7,1598,1,1,8,1
201405BB04177,1,22,0,18,0,6,0,0,0,0,1,1,6,2,55,8,-1,-1,-1,1,1
201405BB04177,2,9,0,7,0,6,0,0,0,0,4,1,6,2,-1,-1,-1,-1,-1,-1,-1
201405BB04185,1,9,0,9,0,5,0,0,1,0,1,1,2,1,22,5,1686,2,1,5,1
201405BB04185,2,19,0,18,0,8,0,0,0,0,1,1,2,1,24,5,2402,2,7,5,1
201405BB04185,3,19,0,3,0,1,0,0,0,0,1,1,2,1,-1,-1,2460,2,8,-1,-1
201405BB04186,1,21,0,18,0,1,0,0,0,0,1,1,1,1,59,9,11021,2,8,-1,-1
201405BB04186,2,9,0,4,0,1,0,0,0,0,2,1,6,1,68,10,1868,2,12,6,1
201405BB04190,1,9,0,1,0,1,0,0,0,0,2,1,1,1,-1,-1,-1,-1,-1,-1,-1
201405BB04192,1,9,0,18,0,1,1,0,0,0,1,1,1,2,59,9,1197,1,-1,1,1
201405BB04192,2,9,0,18,0,1,0,0,0,0,2,1,1,1,35,6,1398,1,-1,1,1
201405BB04192,3,9,0,4,0,1,0,0,0,0,2,1,1,2,45,7,1596,1,11,1,1
201405BB04192,4,9,0,3,0,1,0,0,0,0,2,1,1,1,43,7,1968,2,8,-1,-1
201405BB04199,1,9,0,18,0,0,0,0,0,0,4,1,6,2,36,7,1995,2,2,2,1
201405BB04233,1,9,0,18,0,1,1,0,1,11,1,1,6,2,78,11,1422,2,7,5,1
201405BB04259,1,9,0,18,0,2,0,0,0,0,1,1,6,2,69,10,1896,2,12,6,1
201405BB04262,1,9,0,18,0,0,0,0,0,0,4,1,2,2,59,9,1242,1,1,7,1
201405BB04267,1,9,0,9,0,1,0,0,0,0,0,1,6,2,32,6,1198,1,3,-1,-1
201405BB04267,2,19,0,18,0,1,0,0,0,0,1,1,1,1,53,8,1360,1,1,2,1
201405BB04267,3,9,0,18,0,1,0,0,0,0,1,1,1,1,71,10,1198,1,3,5,1
201405BB04282,1,9,0,7,0,6,0,0,0,0,1,1,2,2,59,9,2401,2,11,7,1
201405BB04282,2,1,0,18,0,1,5,0,0,0,4,1,2,2,54,8,-1,-1,-1,7,1
201405BB04287,1,9,0,3,0,1,0,0,0,0,3,1,6,2,21,5,998,1,1,9,1
201405BB04287,2,9,0,3,0,1,0,0,0,0,4,1,6,1,71,10,1997,2,2,9,1
201405BB04293,1,9,0,18,0,0,0,0,0,0,1,1,6,1,52,8,1996,1,13,3,1
201405BB04297,1,9,0,17,0,0,1,10,1,6,1,1,6,1,20,4,1349,1,4,8,1
201405BB04298,1,9,0,18,0,8,0,0,0,0,1,1,6,1,30,6,1598,1,7,7,1
201405BB04298,2,8,0,18,0,8,0,0,0,0,4,1,1,1,53,8,2402,2,10,2,1
201405BB04302,1,9,0,18,0,0,0,0,0,0,1,1,6,2,29,6,1149,1,12,10,1
201405BB04302,2,9,0,2,0,0,0,0,0,0,2,1,6,1,74,10,1968,2,9,10,1
201405BB04308,1,9,0,18,0,8,0,0,0,0,1,1,6,2,61,9,1598,1,3,8,1
201405BB04308,2,9,0,18,0,8,0,0,0,0,1,1,6,1,53,8,1997,2,1,7,1
201405BB04308,3,9,0,18,0,8,0,0,0,0,4,1,6,1,48,8,1986,2,9,9,1
201405BB04320,1,9,0,18,0,1,1,0,0,0,1,1,6,1,47,8,1988,2,9,3,1
201405BB04320,2,9,0,18,0,1,0,0,0,0,1,1,6,2,20,4,1242,1,8,6,1
201405BB04332,1,9,0,2,0,0,0,0,0,0,3,1,1,1,55,8,1796,1,11,8,1
201405BB04332,2,1,0,18,0,0,0,0,0,0,1,1,6,1,78,11,-1,-1,-1,7,1
201405BB04338,1,1,0,18,0,1,0,0,0,0,1,1,6,1,15,3,-1,-1,-1,1,1
201405BB04347,1,9,0,18,0,0,0,0,1,0,1,1,6,1,52,8,-1,-1,-1,4,1
201405BB04359,1,9,0,4,0,2,0,0,0,0,2,1,2,2,33,6,1995,2,3,1,1
201405BB04359,2,9,0,4,0,2,0,0,0,0,1,1,6,2,18,4,-1,-1,-1,10,1
201405BB04362,1,19,0,4,0,1,0,0,0,0,2,1,2,1,-1,-1,-1,-1,-1,-1,-1
201405BB04362,2,1,0,4,0,1,0,0,0,0,1,1,6,1,38,7,-1,-1,-1,6,1
201405BB04366,1,9,0,18,0,0,0,0,0,0,4,1,6,1,45,7,998,1,4,8,1
201405BB04369,1,9,0,7,0,5,0,0,0,0,4,1,6,1,61,9,1896,2,10,9,1
201405BB04369,2,9,0,18,0,1,0,0,1,0,3,1,1,1,43,7,1686,2,9,3,1
201405BB04369,3,9,0,2,0,1,0,0,0,0,1,1,6,1,-1,-1,1994,1,16,-1,-1
201405BB04371,1,3,0,4,0,0,0,0,0,0,1,1,6,1,18,4,124,1,5,6,1
201405BB04371,2,19,0,4,0,0,0,0,0,0,1,1,6,1,43,7,1753,2,8,4,1
201405BB04404,1,9,0,18,0,0,1,0,0,0,4,1,6,1,33,6,1388,1,12,3,1
201405BB04405,1,21,0,11,0,3,0,0,0,0,4,1,1,1,29,6,10837,2,-1,8,1
201405BB04405,2,9,0,16,0,3,1,0,7,0,3,1,6,1,84,11,1398,1,9,6,1
201405BB04418,1,1,0,18,0,1,0,0,0,0,4,1,6,1,77,11,-1,-1,-1,1,1
201405BB04418,2,9,0,18,0,1,0,0,0,0,1,1,1,2,30,6,1242,1,6,1,1
201405BB04429,1,19,0,5,0,4,0,0,0,0,1,1,6,1,50,8,2402,2,14,1,1
201405BB04429,2,5,0,3,0,4,0,0,0,0,2,1,6,1,63,9,1584,1,5,6,1
201405BB04457,1,9,0,13,0,1,0,0,0,0,1,1,6,3,-1,-1,-1,-1,-1,-1,-1
201405BB04457,2,9,0,9,0,1,0,0,0,0,3,1,6,2,30,6,1984,1,10,3,1
201405BB04464,1,9,0,18,0,0,0,0,0,0,1,1,6,1,24,5,1461,2,1,1,1
201405BB04505,1,9,0,9,0,6,0,0,0,0,0,1,6,2,64,9,1242,1,7,3,1
201405BB04505,2,9,0,18,0,1,0,10,7,0,3,1,6,1,47,8,1956,2,2,7,3
201405BB04511,1,9,0,7,0,6,0,0,0,0,1,1,6,1,40,7,1149,1,12,1,1
201405BB04511,2,1,0,18,0,1,0,0,0,0,4,1,6,2,44,7,-1,-1,-1,1,1
201405BB04514,1,1,0,5,0,8,0,0,0,0,3,1,6,2,51,8,-1,-1,-1,1,1
201405BB04514,2,9,0,18,0,8,0,0,0,0,1,1,6,2,41,7,1598,1,10,2,1
201405BB04537,1,5,0,18,0,0,0,0,0,0,1,1,2,1,29,6,749,1,14,6,1
201405BB04538,1,19,0,9,0,5,0,0,0,0,1,1,1,1,62,9,2198,2,2,1,1
201405BB04538,2,8,0,18,0,8,0,0,0,0,1,1,1,1,61,9,1753,2,7,2,1
201405BB04553,1,9,0,18,0,8,0,0,0,0,4,1,6,2,73,10,1596,1,2,8,2
201405BB04553,2,9,0,18,0,8,0,0,0,0,1,1,6,1,39,7,-1,-1,-1,7,1
201405BB04553,3,9,0,3,0,1,0,0,0,0,3,1,6,2,65,9,1497,1,10,-1,-1
201405BB04554,1,1,0,18,0,1,0,0,0,0,1,1,6,1,70,10,-1,-1,-1,9,1
201405BB04554,2,9,0,4,0,1,0,0,0,0,2,1,6,2,-1,-1,-1,-1,-1,-1,-1
201405BB04570,1,1,0,18,0,8,0,0,0,0,3,1,6,2,31,6,-1,-1,-1,1,1
201405BB04570,2,9,0,7,0,1,0,0,0,0,1,1,1,1,46,8,1598,2,1,3,1
201405BB04573,1,9,0,18,0,0,0,0,0,0,3,1,6,1,65,9,1461,2,2,8,1
201405BB04573,2,9,0,18,0,0,0,0,0,0,4,1,1,2,31,6,1968,2,-1,8,1
201405BB04599,1,9,0,9,0,8,0,0,0,0,1,1,6,1,78,11,1598,1,6,5,1
201405BB04599,2,9,0,18,0,8,0,0,0,0,3,1,6,2,50,8,1229,1,4,1,1
201405BB04607,1,8,0,5,0,6,0,0,0,0,3,1,1,1,35,6,1995,2,2,3,1
201405BB04614,1,9,0,18,0,1,0,0,0,0,4,1,1,1,42,7,1582,2,1,-1,-1
201405BB04615,1,9,0,18,0,0,0,0,0,0,4,1,6,2,-1,-1,-1,-1,-1,-1,-1
201405BB04615,2,1,0,18,0,0,0,0,0,0,3,1,2,1,48,8,-1,-1,-1,4,3
201405BB04616,1,9,0,18,0,1,5,0,1,4,4,1,6,2,74,10,1560,2,6,7,1
201405BB04625,1,20,0,9,0,6,0,0,0,0,4,1,1,1,57,9,-1,-1,-1,3,1
201405BB04625,2,8,0,9,0,6,0,0,0,0,3,1,1,1,49,8,1997,2,7,5,1
201405BB04628,1,9,0,4,0,0,1,0,0,0,0,1,6,1,21,5,1599,1,10,3,1
201405BB04628,2,97,0,18,0,0,2,0,0,0,0,1,6,1,51,8,1340,1,40,6,1
201405BB04629,1,1,0,18,0,8,0,0,0,0,3,1,6,1,40,7,-1,-1,-1,1,1
201405BB04629,2,9,0,7,0,8,0,0,0,0,1,1,6,2,28,6,1995,2,2,3,1
201405BB04637,1,9,0,9,0,5,0,0,0,0,1,1,6,1,35,6,999,1,16,3,1
201405BB04637,2,9,0,18,0,1,0,0,0,0,3,1,6,1,62,9,1198,1,-1,1,1
201405BB04638,1,9,0,9,0,8,0,0,0,0,2,1,6,1,26,6,1390,1,7,10,1
201405BB04638,2,5,0,18,0,8,0,0,0,0,1,1,6,1,44,7,-1,-1,-1,2,1
201405BB04639,1,9,0,13,0,1,0,0,0,0,1,1,6,3,-1,-1,-1,-1,-1,-1,-1
201405BB04639,2,1,0,18,0,1,0,0,0,0,2,1,6,1,32,6,-1,-1,-1,5,1
201405BB04651,1,9,0,9,0,5,0,0,0,0,1,1,6,1,44,7,2204,2,7,9,1
201405BB04651,2,9,0,18,0,1,0,0,0,0,3,1,6,1,70,10,1600,1,16,2,1
201405BB04661,1,4,0,18,0,8,5,0,0,0,1,1,6,1,23,5,-1,-1,-1,-1,-1
201405BB04661,2,9,0,18,0,8,0,0,0,0,4,1,6,1,51,8,2993,2,3,7,3
201405BB04669,1,9,0,17,0,0,1,0,1,11,1,1,6,1,57,9,1951,2,12,5,3
201405BB04669,2,8,0,16,0,0,1,0,0,0,1,1,1,1,63,9,1998,2,8,-1,1
201405BB04677,1,9,0,18,9,6,0,0,0,0,1,1,6,2,43,7,998,1,2,10,1
201405BB04677,2,1,0,18,0,1,0,0,0,0,2,1,6,1,14,3,-1,-1,-1,6,1
201405BB04679,1,9,0,18,0,0,0,0,0,0,1,1,6,1,70,10,1242,1,-1,9,1
201405BB04687,1,9,0,14,0,0,0,0,0,0,1,1,6,2,57,9,1229,1,2,7,1
201405BB04701,1,9,0,16,0,2,0,0,0,0,1,1,6,1,20,4,-1,-1,-1,-1,-1
201405BB04701,2,9,0,2,0,2,5,0,1,11,1,1,6,3,-1,-1,998,1,6,-1,-1
201405BB04701,3,9,0,18,0,1,0,0,0,0,1,1,6,1,46,8,1896,2,11,1,1
201405BB04723,1,9,0,9,0,6,0,0,0,0,1,1,6,2,66,10,1998,1,9,9,2
201405BB04723,2,1,0,18,0,8,0,0,0,0,1,1,2,1,47,8,-1,-1,-1,10,1
201405BB04726,1,9,0,5,0,6,0,0,0,0,4,1,6,2,35,6,1997,1,10,3,1
201405BB04726,2,1,0,18,0,1,0,0,0,0,1,1,2,2,27,6,-1,-1,-1,1,1
201405BB04731,1,9,0,18,0,1,1,0,0,0,1,1,6,1,60,9,1998,2,8,10,1
201405BB04731,2,9,0,3,0,1,0,0,0,0,2,1,6,1,56,9,1339,1,1,7,1
201405BB04736,1,9,0,4,0,1,0,0,0,0,1,1,6,1,30,6,1968,2,8,7,1
201405BB04736,2,9,0,4,0,1,0,0,0,0,2,1,6,2,47,8,2143,2,-1,3,1
201405BB04742,1,19,0,18,0,8,1,0,0,0,1,1,1,1,21,5,1998,2,9,9,1
201405BB04742,2,9,0,10,0,5,0,0,0,0,2,1,1,1,28,6,1242,1,9,1,1
201405BB04746,1,9,0,18,0,8,0,0,0,0,1,1,1,1,48,8,1997,2,13,6,1
201405BB04746,2,1,0,18,0,8,0,0,0,0,2,1,1,2,39,7,-1,-1,-1,1,1
201405BB04751,1,8,0,18,0,0,0,0,0,0,1,1,1,1,56,9,1753,2,10,6,1
201405BB04764,1,9,0,18,0,8,1,0,0,0,1,1,1,1,56,9,1596,1,11,6,1
201405BB04764,2,17,0,6,0,8,0,0,0,0,3,1,1,1,56,9,-1,-1,-1,7,1
201405BB04765,1,1,0,18,0,0,0,0,0,0,2,1,4,1,11,3,-1,-1,-1,7,1
201405BB04765,2,11,0,18,0,0,0,0,0,0,1,1,1,1,55,8,4461,2,-1,1,1
201405BB04767,1,9,0,9,0,6,0,0,0,0,3,1,6,1,79,11,999,1,4,7,1
201405BB04767,2,9,0,18,0,8,0,0,0,0,1,1,6,1,29,6,1997,1,16,4,1
201405BB04767,3,9,0,2,0,2,0,0,0,0,3,1,6,1,-1,-1,998,1,19,-1,-1
201405BB04783,1,5,0,18,0,6,2,0,0,0,0,1,6,1,46,8,1000,1,6,6,1
201405BB04783,2,9,0,18,0,6,0,0,0,0,2,1,6,2,37,7,1599,1,10,7,1
201405BB04783,3,9,0,18,0,6,0,0,0,0,1,1,2,2,53,8,1368,1,10,1,1
201405BB04783,4,9,0,18,0,6,0,0,0,0,1,1,2,2,28,6,2720,2,6,2,1
201405BB04783,5,9,0,18,0,6,0,0,0,0,1,1,6,1,23,5,1995,1,7,7,1
201405BB04808,1,9,0,16,0,4,0,0,0,0,2,1,2,2,36,7,2500,6,15,6,1
201405BB04808,2,9,0,17,0,3,0,0,0,0,1,1,2,2,33,6,998,1,2,-1,-1
201405BB04812,1,9,4,18,0,0,0,0,0,0,3,1,1,1,53,8,1598,2,4,7,1
201405BB04812,2,9,0,18,0,0,0,11,7,0,1,1,6,1,55,8,1299,1,13,6,1
201405BB04818,1,9,0,18,0,1,0,0,0,0,1,1,6,1,46,8,998,1,15,2,1
201405BB04818,2,9,0,3,0,1,0,0,0,0,2,1,6,1,27,6,1753,2,10,3,1
201405BB04818,3,9,0,3,0,1,0,0,0,0,1,1,2,1,52,8,2143,2,2,8,1
201405BB04818,4,9,0,3,0,1,0,0,0,0,1,1,6,1,53,8,1596,1,-1,2,1
201405BB04818,5,9,0,3,0,1,0,0,0,0,2,1,2,2,30,6,1598,1,8,1,1
201405BB04828,1,9,0,7,0,6,0,0,1,0,3,1,6,2,29,6,1242,1,2,1,1
201405BB04828,2,5,0,18,0,1,0,0,0,0,4,1,6,1,75,10,1052,1,24,4,2
201405BB04828,3,9,0,3,0,1,0,0,0,0,3,1,2,1,37,7,998,1,8,8,3
201405BB04831,1,19,0,18,0,4,0,0,0,0,3,1,1,1,45,7,1560,2,4,8,1
201405BB04831,2,1,0,18,0,8,5,0,0,0,1,1,6,1,76,11,-1,-1,-1,7,1
201405BB04835,1,9,0,11,0,0,0,0,0,0,1,1,6,1,60,9,3724,1,11,3,1
201405BB04846,1,9,0,18,0,6,0,0,0,0,1,1,6,2,27,6,998,1,7,1,1
201405BB04846,2,9,0,18,0,8,0,0,0,0,4,1,6,2,33,6,1242,1,9,1,1
201405BB04863,1,21,1,18,0,2,0,0,0,0,0,1,1,3,-1,-1,10837,2,4,-1,-1
201405BB04863,2,1,0,18,9,1,0,0,0,0,1,1,2,1,26,6,-1,-1,-1,8,1
201405BB04882,1,8,0,17,0,0,2,10,2,11,1,1,6,1,30,6,1896,2,8,5,1
201405BB04885,1,5,0,18,0,0,2,0,2,1,4,1,2,1,49,8,998,1,16,2,1
201405BB04896,1,9,0,18,0,0,0,0,0,0,1,1,6,2,42,7,1560,2,-1,9,1
201405BB04896,2,9,0,18,0,0,0,0,0,0,2,1,6,2,40,7,1399,2,3,4,1
201405BB04897,1,9,0,18,0,0,0,0,0,0,1,1,6,2,-1,-1,1598,1,7,-1,-1
201405BB04897,2,9,0,4,0,0,0,0,0,0,2,1,6,2,29,6,998,1,3,-1,-1
201405BB04945,1,19,0,8,9,6,0,0,0,0,1,1,1,1,28,6,2143,2,4,2,1
201405BB04953,1,2,0,18,0,0,0,0,0,0,1,1,6,3,-1,-1,-1,-1,-1,-1,-1
201405BB04986,1,9,0,9,0,6,0,0,0,0,3,1,6,2,39,7,1998,2,10,6,2
201405BB04986,2,4,0,18,0,1,5,0,0,0,1,1,6,1,60,9,385,1,13,6,1
201405BB05009,1,1,0,18,0,8,5,0,0,0,1,1,6,1,12,3,-1,-1,-1,-1,-1
201405BB05009,2,9,0,7,0,5,0,0,0,0,4,1,6,1,55,8,1399,2,8,3,1
201405BB05016,1,9,0,18,0,0,0,0,0,0,3,1,1,1,-1,-1,-1,-1,-1,-1,-1
201405BB05021,1,9,0,18,0,0,0,0,0,0,4,1,6,1,80,11,1388,1,11,7,1
201405BB05022,1,9,0,14,0,1,0,0,0,0,1,1,6,2,-1,-1,1242,1,15,5,1
201405BB05022,2,9,0,18,0,2,0,0,0,0,1,1,6,1,50,8,-1,-1,-1,9,1
201405BB05036,1,9,0,9,0,8,0,0,0,0,4,1,6,2,30,6,1956,2,2,8,1
201405BB05036,2,9,0,18,0,8,0,0,0,0,1,1,1,2,44,7,1997,2,10,1,1
201405BB05063,1,19,0,5,0,6,0,0,0,0,3,1,1,1,57,9,1968,2,4,9,1
201405BB05063,2,1,0,18,0,1,0,0,0,0,1,1,6,1,45,7,-1,-1,-1,3,1
201405BB05095,1,9,0,9,0,8,0,0,0,0,1,1,6,2,32,6,1242,1,5,6,3
201405BB05095,2,9,0,18,0,8,0,0,1,7,3,1,6,2,23,5,1242,1,3,-1,1
201405BB05106,1,9,0,3,0,0,0,0,0,0,1,1,6,1,68,10,1998,2,8,7,1
201405BB05106,2,1,0,18,0,0,0,0,0,0,2,1,6,1,15,3,-1,-1,-1,8,1
201405BB05623,1,9,0,18,0,1,0,0,0,0,3,1,6,1,50,8,2685,2,12,6,3
201405CC01014,1,9,0,18,0,2,0,0,0,0,3,1,1,1,49,8,1896,2,11,8,1
201405CC01037,1,9,0,6,0,8,0,0,0,0,1,1,6,1,28,6,1248,1,1,1,1
201405CC01037,2,9,0,18,0,8,0,0,0,0,3,1,6,2,19,4,1388,1,3,1,1
201405CC01057,1,19,0,3,0,4,0,0,0,0,2,1,6,1,47,8,1870,2,9,5,1
201405CC01057,2,19,0,18,0,4,0,0,0,0,1,1,6,3,-1,-1,2402,2,9,-1,-1
201405CC01068,1,9,0,18,6,0,1,7,1,6,3,1,2,1,36,7,-1,-1,-1,-1,1
201405CC01083,1,20,4,4,0,0,0,0,0,0,1,1,6,1,59,9,3920,2,11,1,1
201405CC01083,2,9,0,4,0,0,0,0,0,0,2,1,6,2,34,6,2231,2,3,4,1
201405CC01083,3,9,0,4,0,0,0,0,0,0,2,1,6,2,47,8,1596,1,8,1,1
201405CC01083,4,9,0,4,0,0,0,0,0,0,2,1,6,2,24,5,-1,-1,-1,5,1
201405CC01091,1,9,0,18,0,0,0,0,0,0,1,1,6,2,26,6,1242,1,2,1,1
201405CC01091,2,8,0,18,0,0,0,0,0,0,2,1,1,1,56,9,-1,-1,-1,3,1
201405CC01091,3,9,0,18,0,0,0,0,0,0,0,1,6,1,55,8,-1,-1,-1,-1,-1
201405CC01101,1,5,0,18,0,0,0,0,0,0,0,1,6,1,31,6,636,1,12,3,1
201405CC01112,1,9,0,9,0,6,0,0,0,0,3,1,6,2,47,8,998,1,1,1,1
201405CC01112,2,11,0,18,0,8,0,0,0,0,4,1,1,1,52,8,3900,2,8,1,1
201405CC01114,1,9,0,18,0,1,0,0,0,0,1,1,6,2,24,5,1229,1,7,6,1
201405CC01114,2,9,0,4,0,1,0,0,0,0,2,1,6,2,63,9,1332,1,5,1,1
201405CC01115,1,9,0,4,0,0,0,0,4,6,1,1,6,1,41,7,2993,2,9,8,1
201405CC01115,2,5,0,4,0,0,2,0,0,0,1,1,2,1,22,5,599,1,17,3,3
201405CC01115,3,9,0,18,0,0,0,0,0,0,1,1,2,1,46,8,1339,1,1,1,1
201405CC01115,4,9,0,4,0,0,1,0,0,0,1,1,6,1,25,5,1598,1,12,7,2
201405CC01115,5,9,0,4,0,0,0,0,0,0,3,1,2,2,42,7,1997,2,8,3,1
201405CC01115,6,9,0,4,0,0,1,0,0,0,1,1,6,1,49,8,1796,1,7,1,1
201405CC01115,7,9,0,18,0,0,2,0,5,6,1,1,6,1,50,8,1799,1,6,2,1
201405CC01115,8,9,0,18,0,0,1,0,4,6,1,1,6,1,56,9,1248,2,7,1,1
201405CC01115,9,9,0,4,0,0,1,0,5,6,1,1,2,1,42,7,1388,1,8,2,1
201405CC01115,10,9,0,4,0,0,1,0,5,6,1,1,6,1,57,9,1595,1,1,1,1
201405CC01115,11,9,0,18,0,0,1,0,0,0,1,1,6,1,32,6,1910,2,8,1,1
201405CC01115,12,9,0,18,0,0,1,0,5,6,1,1,6,1,55,8,1999,1,6,5,2
201405CC01115,13,9,0,11,0,0,0,0,0,0,4,1,6,1,37,7,1794,1,10,2,1
201405CC01117,1,9,0,9,0,5,0,0,0,0,1,1,6,1,36,7,1398,1,2,2,1
201405CC01154,1,9,0,16,0,4,0,0,0,0,1,1,6,2,47,8,1596,1,5,6,1
201405CC01154,2,1,0,16,0,3,0,0,0,0,4,1,2,1,55,8,-1,-1,-1,6,1
201405CC01158,1,9,0,18,0,8,0,0,0,0,1,1,1,1,33,6,1956,2,3,2,1
201405CC01258,1,9,0,18,0,2,0,0,0,0,4,1,2,1,34,6,1398,1,4,1,1
201405CC01264,1,9,0,18,0,0,0,0,0,0,4,1,6,1,65,9,1360,1,13,-1,-1
201405CC01280,1,9,0,14,0,0,0,10,1,1,1,1,1,2,52,8,1360,1,8,1,1
201405CC01301,1,9,0,5,0,4,0,0,0,0,3,1,2,2,54,8,1995,1,5,1,1
201405CC01301,2,1,0,18,0,8,0,0,0,0,1,1,2,1,60,9,-1,-1,-1,5,1
201405CC01302,1,9,0,18,0,1,0,0,0,0,4,1,6,1,31,6,1995,2,1,2,1
201405CC01306,1,9,0,9,0,8,0,0,0,0,1,1,1,1,26,6,1582,2,1,-1,-1
201405CC01306,2,9,0,18,0,8,0,0,0,0,3,1,6,1,27,6,1596,1,12,-1,-1
201405CC01359,1,9,0,4,0,1,0,0,0,0,1,1,6,1,53,8,2993,2,1,10,1
201405CC01359,2,9,0,10,0,1,0,0,0,0,2,1,1,1,65,9,-1,-1,-1,1,1
201405CC01359,3,9,0,10,0,1,0,0,0,0,2,1,1,1,29,6,1560,2,7,2,1
201405CC01399,1,19,0,3,0,1,0,0,0,0,1,1,2,1,31,6,1905,2,12,1,1
201405CC01399,2,9,0,3,0,1,0,0,0,0,2,1,6,1,-1,-1,1598,1,13,-1,-1
201405CC01404,1,9,0,18,0,1,0,0,0,0,2,1,6,2,37,7,1995,2,2,4,1
201405CC01404,2,9,0,18,0,1,0,0,0,0,1,1,1,2,33,6,1149,1,7,9,2
201405CC01421,1,9,0,18,0,8,0,0,0,0,4,1,6,1,19,4,1396,1,2,1,1
201405CC01421,2,9,0,18,0,8,0,0,0,0,1,1,6,1,29,6,-1,-1,-1,7,1
201405CC01435,1,9,0,5,0,1,0,0,0,0,1,1,6,1,54,8,2496,1,12,4,1
201405CC01435,2,1,0,18,0,1,0,0,0,0,2,1,6,1,51,8,-1,-1,-1,4,1
201405CC01490,1,9,0,18,0,1,0,0,0,0,0,1,1,1,51,8,-1,-1,-1,-1,-1
201405CC01490,2,9,0,9,0,8,0,0,0,0,4,1,6,1,-1,-1,1242,1,7,-1,-1
201405CC01490,3,11,0,18,0,8,0,0,0,0,1,1,1,2,40,7,6700,2,5,2,1
201405CC01490,4,9,0,11,0,1,0,0,0,0,3,1,6,1,53,8,1896,2,11,6,1
201405CC01496,1,9,0,7,0,6,0,0,0,0,1,1,6,2,-1,-1,1390,1,10,5,1
201405CC01500,1,9,0,11,0,8,0,0,0,0,2,1,6,3,-1,-1,-1,-1,-1,-1,-1
201405CC01500,2,1,0,18,0,8,0,0,0,0,1,1,6,1,53,8,-1,-1,-1,1,1
201405CC01516,1,9,0,18,0,1,0,0,0,0,1,1,6,3,-1,-1,-1,-1,-1,-1,-1
201405CC01528,1,8,0,9,0,5,0,0,0,0,3,1,1,1,50,8,1996,2,4,1,1
201405CC01544,1,9,0,18,0,1,0,0,0,0,1,1,6,2,19,4,1299,1,14,1,1
201405CC01544,2,9,0,4,0,4,0,0,0,0,2,1,6,1,35,6,1461,2,1,2,1
201405CC01555,1,9,0,18,0,4,0,0,0,0,1,1,2,1,20,4,1686,2,3,9,1
201405CC01555,2,1,0,18,0,8,0,0,0,0,4,1,2,1,45,7,-1,-1,-1,1,1
201405CC01621,1,9,0,18,0,0,0,0,0,0,1,1,2,2,48,8,1388,1,8,1,1
201405CC01626,1,9,0,4,0,6,0,0,3,11,1,1,6,1,88,11,1242,1,7,1,1
201405CC01648,1,9,0,16,0,1,1,0,0,0,1,1,6,1,26,6,1998,1,4,9,1
201405CC01648,2,9,0,16,0,1,0,0,0,0,3,1,6,1,50,8,1783,1,15,2,1
201405CC01648,3,9,0,10,0,1,0,0,0,0,2,1,6,1,49,8,2664,2,13,1,1
201405CC01658,1,9,0,9,0,6,0,0,0,0,4,1,6,1,51,8,973,1,11,1,1
201405CC01658,2,9,0,18,0,1,0,0,0,0,4,1,6,2,19,4,-1,-1,-1,3,1
201405CC01659,1,9,0,18,0,1,0,0,0,0,1,1,1,3,-1,-1,-1,-1,-1,-1,-1
201405CC01674,1,9,0,3,0,4,0,0,0,0,2,1,6,2,32,6,1796,1,12,6,1
201405CC01674,2,9,0,18,0,1,0,0,0,0,1,1,6,1,-1,-1,-1,-1,-1,-1,-1
201405CC01677,1,9,0,3,0,7,0,0,0,0,2,1,6,2,29,6,1753,2,5,1,1
201405CC01677,2,9,0,18,0,7,0,0,0,0,1,1,6,1,45,7,1560,2,3,1,1
201405CC01682,1,9,0,18,0,0,0,0,0,0,1,1,6,1,25,5,1796,1,11,5,1
201405CC01682,2,9,0,18,0,0,0,0,0,0,2,1,6,2,43,7,1399,2,6,5,1
201405CC01682,3,9,0,18,0,0,0,0,0,0,1,1,6,1,62,9,998,1,1,6,1
201405CC01706,1,9,0,18,0,4,0,0,0,0,1,1,6,1,37,7,1364,1,5,3,1
201405CC01706,2,9,0,18,0,8,0,0,0,0,1,1,6,1,36,7,1796,1,13,1,1
201405CC01706,3,9,0,3,9,4,0,0,0,0,1,1,6,2,25,5,1242,1,11,4,1
201405CC01708,1,20,1,5,0,1,0,0,0,0,1,1,1,1,31,6,-1,-1,-1,1,1
201405CC01708,2,9,0,5,0,1,0,0,0,0,2,1,6,2,34,6,1242,1,7,5,1
201405CC01708,3,9,0,5,0,1,0,0,0,0,2,1,1,2,32,6,1560,2,10,1,1
201405CC01720,1,9,0,18,0,0,0,0,0,0,1,1,6,2,40,7,-1,-1,-1,-1,-1
201405CC01723,1,9,0,9,0,6,0,0,0,0,3,1,6,1,42,7,1896,2,12,-1,-1
201405CC01723,2,9,0,18,0,1,0,0,0,0,1,1,6,1,61,9,1560,2,8,9,1