Accident_Index,Vehicle_Reference,Vehicle_Type,Towing_and_Articulation,Vehicle_Manoeuvre,Vehicle_Location-Restricted_Lane,Junction_Location,Skidding_and_Overturning,Hit_Object_in_Carriageway,Vehicle_Leaving_Carriageway,Hit_Object_off_Carriageway,1st_Point_of_Impact,Was_Vehicle_Left_Hand_Drive?,Journey_Purpose_of_Driver,Sex_of_Driver,Age_of_Driver,Age_Band_of_Driver,Engine_Capacity_(CC),Propulsion_Code,Age_of_Vehicle,Driver_IMD_Decile,Driver_Home_Area_Type
201405CC01745,1,9,0,18,0,0,0,0,1,11,4,1,6,1,67,10,1598,1,11,1,1
201405CC01756,1,9,0,18,0,0,0,0,0,0,1,1,6,2,26,6,1199,2,2,1,1
201405CC01756,2,9,0,18,0,0,0,0,0,0,2,1,6,2,21,5,1197,1,1,9,1
201405CC01762,1,9,0,9,0,8,0,0,0,0,3,1,6,1,22,5,1388,1,10,6,3
201405CC01762,2,9,0,18,0,8,0,0,0,0,1,1,6,1,44,7,1596,1,5,7,1
201405CC01802,1,9,0,18,0,1,0,0,0,0,4,1,6,2,30,6,1753,2,6,1,1
201405CC01818,1,8,0,18,0,8,0,0,0,0,3,1,1,1,47,8,1598,2,2,6,1
201405CC01824,1,9,0,18,0,1,0,0,0,0,1,1,2,1,22,5,1596,1,6,2,1
201405CC01824,2,9,0,9,0,8,0,0,0,0,4,1,6,1,38,7,1997,2,1,1,1
201405CC01859,1,9,0,5,0,1,0,0,0,0,1,1,6,1,23,5,1229,1,6,3,1
201405CC01859,2,9,0,18,0,1,0,0,7,0,4,1,6,2,45,7,1150,1,6,7,1
201405CC01883,1,9,0,5,0,1,0,0,0,0,0,1,6,2,50,8,1388,1,5,6,1
201405CC01902,1,1,0,4,0,0,0,0,0,0,1,1,2,1,22,5,-1,-1,-1,1,1
201405CC01968,1,9,0,1,0,0,0,0,0,0,2,1,6,1,64,9,1248,2,2,5,2
201405CC01978,1,9,0,9,0,8,0,0,0,0,3,1,6,1,22,5,1339,8,7,1,1
201405CC01978,2,9,0,18,0,8,0,0,0,0,1,1,6,1,23,5,1997,1,14,2,1
201405CC01982,1,9,0,14,0,0,0,0,0,0,1,1,6,1,29,6,1968,2,5,-1,1
201405CC01982,2,11,0,2,0,0,0,0,0,0,0,1,1,1,45,7,6871,2,5,1,1
201405CC01992,1,9,0,13,0,1,0,0,0,0,1,1,6,1,-1,-1,2254,1,13,1,1
201405CC01992,2,9,0,18,0,1,0,0,0,0,1,1,6,2,20,4,-1,-1,-1,8,1
201405CC02008,1,9,0,9,0,8,0,0,0,0,4,1,6,1,46,8,-1,-1,-1,1,1
201405CC02008,2,9,0,18,0,8,0,0,0,0,1,1,6,1,26,6,1199,1,11,1,1
201405CC02022,1,9,0,18,0,2,0,7,0,0,3,1,6,1,33,6,1560,2,1,2,1
201405CC02028,1,9,0,1,0,2,0,0,0,0,2,1,3,1,37,7,1560,2,5,8,1
201405CC02029,1,9,0,18,0,2,0,0,0,0,1,1,6,1,82,11,1596,1,12,1,1
201405CC02029,2,9,0,4,0,1,0,0,0,0,1,1,6,2,74,10,1598,1,6,3,1
201405CC02036,1,9,0,18,0,0,0,0,1,7,1,1,1,1,38,7,1388,1,9,1,1
201405CC02066,1,5,0,4,0,0,0,0,0,0,0,1,6,3,-1,-1,-1,-1,-1,-1,-1
201405CC02066,2,9,0,18,0,0,2,7,4,0,0,1,6,1,47,8,1242,1,16,1,1
201405CC02070,1,9,0,3,0,1,0,0,0,0,1,1,6,2,30,6,1229,1,1,-1,-1
201405CC02070,2,9,0,3,0,1,0,0,0,0,2,1,6,1,54,8,1587,1,9,2,1
201405CC02126,1,3,0,9,0,5,5,0,0,0,3,1,6,2,52,8,124,1,6,5,1
201405CC02134,1,9,0,13,0,0,0,0,0,0,0,1,6,1,-1,-1,-1,-1,-1,-1,-1
201405CC02134,2,1,0,13,0,0,0,0,1,11,0,1,6,1,45,7,-1,-1,-1,1,1
201405CC02153,1,9,0,18,0,7,1,0,0,0,1,1,2,2,60,9,1149,1,1,1,1
201405CC02153,2,9,0,3,0,7,0,0,0,0,2,1,2,1,30,6,-1,-1,-1,9,1
201405CC02173,1,9,0,1,0,0,0,0,0,0,2,1,6,1,74,10,1598,1,1,2,1
201405CC02197,1,20,0,18,0,0,0,0,0,0,2,1,6,1,50,8,6693,2,1,-1,-1
201405CC02209,1,9,0,16,0,1,0,0,0,0,1,1,6,1,-1,-1,998,1,-1,9,1
201405CC02209,2,9,0,2,0,1,0,0,0,0,4,1,6,1,43,7,1339,1,3,1,1
201405CC02209,3,9,0,2,0,1,0,0,0,0,2,1,6,1,48,8,1199,1,10,6,1
201405CC02268,1,8,0,9,0,0,0,0,0,0,0,1,1,1,-1,-1,1997,2,5,-1,-1
201405CC02284,1,4,0,18,0,8,0,0,7,11,1,1,6,1,-1,-1,-1,-1,-1,-1,-1
201405CC02284,2,9,0,18,0,8,0,0,0,0,1,1,6,1,48,8,1794,1,14,-1,-1
201405CC02311,1,9,0,7,0,8,0,0,0,0,4,1,6,1,30,6,1798,1,6,4,1
201405CC02311,2,1,0,18,0,8,0,0,0,0,1,1,6,1,46,8,-1,-1,-1,6,1
201405CC02427,1,19,0,18,0,0,0,0,0,0,1,1,1,3,-1,-1,2402,2,12,-1,-1
201405CC02427,2,9,0,18,0,0,1,0,1,11,1,1,1,1,-1,-1,-1,-1,-1,7,1
201405CC02456,1,11,0,18,0,1,0,10,0,0,0,1,1,1,24,5,6700,2,3,1,1
201405CC02472,1,9,0,7,0,1,0,0,0,0,4,1,6,3,-1,-1,1896,2,14,-1,-1
201405CC02472,2,1,0,18,0,1,0,0,0,0,3,1,6,1,37,7,-1,-1,-1,5,1
201405CC02504,1,19,0,18,0,6,0,0,0,0,1,1,6,1,53,8,1248,2,3,1,1
201405CC02504,2,11,0,18,0,8,0,0,0,0,4,1,1,1,35,6,-1,-1,-1,5,2
201405CC02515,1,9,0,18,0,2,0,0,0,0,3,1,6,1,21,5,2967,1,4,6,1
201405CC02541,1,21,0,18,0,8,0,0,0,0,4,2,1,1,46,8,10837,2,1,1,1
201405CC02541,2,3,0,18,0,8,1,10,7,0,1,1,1,1,38,7,125,1,2,2,1
201405CC02560,1,9,0,18,0,1,0,0,0,0,1,1,6,1,30,6,-1,-1,-1,-1,-1
201405CC02560,2,9,0,4,0,4,0,0,0,0,2,1,3,2,31,6,1299,1,9,1,1
201405CC02569,1,5,0,13,0,8,0,0,0,0,1,1,6,1,-1,-1,645,1,9,-1,-1
201405CC02569,2,8,0,9,0,5,0,0,0,0,3,1,1,1,60,9,1896,2,7,1,1
201405CC02578,1,9,0,3,0,1,0,0,0,0,2,1,6,2,21,5,-1,-1,-1,5,1
201405CC02578,2,9,0,18,0,1,0,0,0,0,1,1,6,3,-1,-1,1753,2,8,-1,-1
201405CC02598,1,9,0,18,0,1,0,0,0,0,4,1,6,2,22,5,1598,1,-1,1,1
201405CC02598,2,1,0,18,0,6,0,0,0,0,1,1,6,1,10,2,-1,-1,-1,1,1
201405CC02631,1,9,0,18,0,8,5,0,0,0,4,1,1,1,-1,-1,-1,-1,-1,-1,1
201405CC02631,2,9,0,8,0,8,0,0,1,1,1,1,6,2,67,10,1686,2,1,1,1
201405CC02635,1,9,0,10,0,1,0,0,0,0,1,1,1,1,29,6,1753,2,4,1,1
201405CC02635,2,8,0,10,0,1,0,0,0,0,2,1,1,1,28,6,2402,2,9,3,1
201405CC02654,1,9,0,13,0,3,0,0,0,0,1,1,6,1,-1,-1,1328,1,8,3,1
201405CC02654,2,1,0,9,0,3,0,0,0,0,2,1,6,1,14,3,-1,-1,-1,1,1
201405CC02752,1,19,0,18,0,2,0,0,0,0,1,1,6,1,-1,-1,-1,-1,-1,-1,-1
201405CC02752,2,11,0,2,0,2,0,0,0,0,2,1,1,1,-1,-1,-1,-1,-1,-1,-1
201405CC02786,1,9,0,9,0,6,0,0,0,0,1,1,6,1,51,8,2398,1,16,2,1
201405CC02786,2,4,0,18,0,1,0,0,0,0,3,1,6,1,46,8,124,1,1,7,1
201405CC02787,1,9,0,13,0,2,0,0,0,0,1,1,6,1,40,7,-1,-1,-1,-1,-1
201405CC02787,2,1,0,18,0,2,0,0,0,0,2,1,6,2,25,5,-1,-1,-1,1,1
201405CC02836,1,9,0,5,0,8,0,0,0,0,0,1,6,2,77,11,1328,1,11,5,1
201405CC02849,1,9,0,18,0,0,0,0,0,0,3,1,6,1,24,5,1242,1,4,3,1
201405CC02849,2,1,0,18,0,0,0,0,0,0,1,1,6,1,48,8,-1,-1,-1,2,1
201405CC02852,1,11,0,4,0,0,0,0,0,0,0,1,3,1,40,7,5900,2,17,5,1
201405CC02860,1,9,0,18,0,1,0,0,0,0,1,1,6,2,24,5,998,1,10,6,1
201405CC02860,2,9,0,4,0,1,0,0,0,0,2,1,6,1,38,7,1598,2,1,-1,-1
201405CC02865,1,90,0,18,0,0,0,0,0,0,1,1,6,2,7,2,-1,-1,-1,1,1
201405CC02865,2,9,0,2,0,0,0,0,0,0,3,1,6,1,-1,-1,1388,1,9,-1,-1
201405CC02876,1,9,0,5,0,5,1,0,0,0,1,1,6,1,27,6,1242,1,3,2,1
201405CC02876,2,9,0,10,0,1,0,0,0,0,3,1,6,1,24,5,1364,1,7,1,1
201405CC02877,1,9,0,16,0,3,0,0,0,0,1,1,6,3,-1,-1,-1,-1,-1,-1,-1
201405CC02877,2,1,0,18,0,3,0,0,0,0,3,1,2,1,33,6,-1,-1,-1,1,1
201405CC02881,1,9,0,10,0,1,0,0,0,0,3,1,1,2,33,6,1360,1,10,2,1
201405CC02881,2,2,0,18,0,1,0,0,0,0,3,1,1,1,19,4,49,1,3,5,1
201405CC02881,3,9,0,18,0,1,0,0,0,0,3,1,1,2,43,7,993,1,12,4,1
201405CC02922,1,9,0,13,0,0,1,0,1,4,1,1,6,3,-1,-1,2521,1,9,-1,-1
201405CC02922,2,9,0,18,0,0,0,0,1,0,2,1,6,1,61,9,1086,1,8,7,1
201405CC02922,3,10,0,18,0,0,0,0,0,0,3,1,3,1,43,7,2402,2,6,1,1
201405CC02995,1,9,0,9,0,8,0,0,0,0,4,1,6,2,31,6,1560,2,2,6,1
201405CC02995,2,4,0,9,0,8,0,0,1,0,1,1,6,1,18,4,-1,-1,-1,-1,-1
201405CC03017,1,9,0,18,0,0,1,0,0,0,1,1,6,1,77,11,1587,1,7,9,1
201405CC03017,2,9,0,18,0,0,0,0,0,0,2,1,6,1,69,10,1560,2,3,1,1
201405CC03039,1,9,0,5,0,8,0,0,0,0,4,1,6,2,62,9,2000,1,7,6,1
201405CC03039,2,9,0,18,0,8,0,0,0,0,1,1,1,1,22,5,1999,1,-1,6,1
201405CC03044,1,9,0,18,0,8,0,0,0,0,4,1,6,1,63,9,1360,1,5,6,1
201405CC03044,2,1,0,18,0,8,0,0,0,0,1,1,6,1,63,9,-1,-1,-1,9,1
201405CC03051,1,19,0,4,0,1,0,0,0,0,1,1,6,1,57,9,1753,2,7,5,1
201405CC03051,2,9,0,3,0,1,0,0,0,0,1,1,1,1,48,8,1997,2,1,8,1
201405CC03075,1,8,0,18,0,0,0,0,0,0,1,1,1,1,54,8,2664,2,13,1,1
201405CC03083,1,4,0,18,0,0,5,0,0,0,1,1,6,1,-1,-1,-1,-1,-1,-1,-1
201405CC03092,1,9,0,10,0,6,0,0,0,0,0,1,2,1,44,7,1796,1,7,7,1
201405CC03092,2,3,0,18,0,8,5,0,0,0,0,1,6,1,54,8,124,1,1,1,1
201405CC03099,1,9,0,5,0,1,0,0,0,0,1,1,6,1,-1,-1,1997,2,12,-1,-1
201405CC03099,2,9,0,5,0,1,0,0,0,0,2,1,6,1,40,7,-1,-1,-1,1,1
201405CC03099,3,9,0,3,0,1,0,0,0,0,2,1,6,1,50,8,-1,-1,-1,1,1
201405CC03134,1,9,0,18,0,8,0,0,0,0,1,1,6,2,40,7,-1,-1,-1,-1,-1
201405CC03134,2,1,0,18,0,8,0,0,0,0,1,1,6,1,14,3,-1,-1,-1,1,1
201405CC03164,1,9,0,18,0,0,0,0,0,0,1,1,2,1,36,7,2499,1,8,-1,1
201405CC03172,1,9,0,3,0,1,0,0,0,0,2,1,6,1,62,9,1596,1,1,1,1
201405CC03172,2,3,0,18,0,1,0,0,0,0,1,1,6,1,34,6,124,1,6,1,1
201405CC03173,1,8,0,9,0,1,0,0,0,0,4,1,6,1,56,9,2148,2,8,6,1
201405CC03173,2,1,0,18,0,1,0,0,0,0,1,1,6,1,16,4,-1,-1,-1,7,1
201405CC03187,1,9,0,2,0,2,0,0,0,0,4,1,1,1,35,6,2993,2,1,2,1
201405CC03187,2,9,0,2,0,2,0,0,0,0,1,1,1,1,41,7,2993,2,2,2,1
201405CC03187,3,9,0,1,0,2,0,0,1,0,2,1,6,1,-1,-1,1956,2,3,-1,-1
201405CC03189,1,9,0,17,0,0,0,0,0,0,1,1,1,1,29,6,1995,2,6,2,1
201405CC03189,2,9,0,16,0,0,0,0,0,0,1,1,6,2,26,6,1582,2,-1,3,1
201405CC03203,1,9,0,18,0,8,0,0,1,0,1,1,6,2,20,4,1229,1,7,10,1
201405CC03203,2,9,0,18,0,8,0,0,1,11,2,1,6,2,23,5,-1,-1,-1,1,1
201405CC03238,1,9,0,7,0,6,0,0,0,0,1,1,1,1,65,9,1598,2,4,1,1
201405CC03238,2,1,0,18,0,2,0,0,0,0,2,1,6,1,25,5,-1,-1,-1,1,1
201405CC03246,1,9,0,9,0,8,0,0,0,0,1,1,6,1,22,5,1124,1,13,6,1
201405CC03246,2,10,0,18,0,8,0,0,0,0,1,1,1,1,36,7,-1,-1,-1,2,1
201405CC03251,1,9,0,9,0,6,0,0,0,0,3,1,6,2,30,6,2231,2,7,1,1
201405CC03251,2,9,0,1,0,1,0,0,0,0,1,1,1,2,56,9,1242,1,3,-1,-1
201405CC03407,1,20,0,18,0,1,0,0,0,0,4,1,6,1,35,6,6370,2,9,-1,-1
201405CC03460,1,9,0,1,0,1,0,0,0,0,2,1,6,1,42,7,-1,-1,-1,1,1
201405CC03488,1,9,0,18,0,1,0,4,0,0,1,1,1,1,40,7,1560,2,7,2,1
201405CC03488,2,1,0,18,0,1,0,0,0,0,1,1,6,1,36,7,-1,-1,-1,1,1
201405CC03493,1,9,0,18,0,8,0,0,0,0,1,1,6,3,-1,-1,-1,-1,-1,-1,-1
201405CC03493,2,9,0,3,0,8,0,0,0,0,2,1,6,1,42,7,-1,-1,-1,2,1
201405CC03509,1,9,0,18,0,8,0,0,0,0,1,1,6,1,31,6,1796,1,10,-1,-1
201405CC03509,2,9,0,18,0,8,0,0,0,0,2,1,2,1,43,7,1998,2,10,1,1
201405CC03512,1,9,0,18,0,1,0,0,0,0,1,1,2,2,32,6,998,1,3,8,1
201405CC03512,2,19,0,18,0,1,0,0,0,0,1,1,1,1,44,7,1995,2,5,1,1
201405CC03525,1,19,0,18,0,0,0,0,0,0,0,1,6,1,-1,-1,-1,-1,-1,-1,-1
201405CC03525,2,4,0,18,0,0,2,0,1,0,0,1,2,1,31,6,171,1,9,1,1
201405CC03528,1,9,0,7,0,8,0,0,0,0,4,1,3,1,53,8,1587,1,8,1,1
201405CC03528,2,1,0,18,0,8,0,0,0,0,3,1,6,1,41,7,-1,-1,-1,1,1
201405CC03545,1,9,0,18,0,0,0,0,0,0,1,1,6,1,37,7,2179,2,1,1,1
201405CC03545,2,9,0,10,0,0,0,0,0,0,2,1,6,2,27,6,1595,1,8,1,1
201405CC03556,1,8,0,18,0,1,0,0,0,0,1,1,1,1,54,8,1997,2,1,1,1
201405CC03557,1,9,0,18,0,1,0,0,0,0,4,1,6,1,-1,-1,-1,-1,-1,-1,-1
201405CC03557,2,1,0,18,0,1,0,0,0,0,1,1,6,1,36,7,-1,-1,-1,1,1
201405CC03604,1,9,0,18,0,1,1,0,1,4,1,1,1,1,21,5,1596,1,13,7,1
201405CC03604,2,9,0,18,0,1,1,0,4,6,2,1,1,1,23,5,1997,2,11,4,1
201405CC03604,3,19,0,18,0,1,1,0,0,0,2,1,1,1,30,6,2143,2,2,6,3
201405CC03624,1,9,0,9,0,1,0,0,0,0,1,1,2,2,19,4,1242,1,8,2,1
201405CC03624,2,1,0,18,0,1,0,0,0,0,1,1,6,1,38,7,-1,-1,-1,1,1
201405CC03632,1,5,0,18,0,1,1,0,0,0,1,1,2,1,65,9,997,1,28,4,1
201405CC03632,2,9,0,4,0,1,0,0,0,0,2,1,6,1,49,8,998,1,2,6,1
201405CC03665,1,9,0,16,0,2,0,0,1,0,1,1,6,3,-1,-1,-1,-1,-1,-1,-1
201405CC03677,1,19,0,16,0,1,1,0,0,0,3,1,1,1,34,6,2198,2,-1,1,1
201405CC03677,2,19,0,16,0,1,0,0,0,0,4,1,1,1,44,7,2148,2,9,6,1
201405CC03678,1,9,0,1,0,0,0,0,0,0,2,1,1,2,48,8,1390,1,6,5,1
201405CC03678,2,3,0,18,0,0,0,0,0,0,4,1,1,1,39,7,124,1,1,1,1
201405CC03679,1,9,0,18,0,1,0,0,0,0,1,1,6,1,45,7,2993,2,4,6,1
201405CC03705,1,9,0,18,0,2,0,0,0,0,1,1,6,1,37,7,1999,1,7,-1,-1
201405CC03705,2,1,0,18,0,2,0,0,1,0,2,1,6,1,26,6,-1,-1,-1,1,1
201405CC03721,1,19,0,5,0,1,0,0,0,0,1,1,6,1,32,6,2198,2,2,-1,-1
201405CC03721,2,9,0,5,0,1,0,0,0,0,2,1,6,2,60,9,1686,2,1,1,1
201405CC03723,1,9,0,18,0,2,0,0,0,0,1,1,6,1,-1,-1,-1,-1,-1,-1,-1
201405CC03723,2,9,0,18,0,2,0,0,0,0,2,1,6,2,30,6,1240,1,5,1,1
201405CC03733,1,9,0,9,0,0,0,0,0,0,1,1,3,2,30,6,1598,1,6,2,1
201405CC03733,2,19,0,18,0,0,0,0,0,0,4,1,1,1,49,8,1560,2,2,6,1
201405CC03745,1,1,0,18,0,6,0,0,0,0,1,1,2,1,29,6,-1,-1,-1,1,1
201405CC03745,2,21,0,18,0,2,0,0,0,0,4,1,1,1,36,7,9200,2,6,7,1
201405CC03773,1,9,0,9,0,4,0,0,0,0,1,1,6,2,45,7,1596,1,12,9,1
201405CC03773,2,1,0,18,0,8,0,0,0,0,1,1,6,1,39,7,-1,-1,-1,4,1
201405CC03785,1,9,0,7,0,2,0,0,0,0,1,1,6,1,-1,-1,-1,-1,-1,-1,-1
201405CC03787,1,9,0,18,0,1,5,0,0,0,1,1,6,1,30,6,2204,2,6,5,2
201405CC03787,2,9,0,18,0,1,5,0,0,0,2,1,2,1,39,7,1198,1,8,4,1
201405CC03795,1,9,0,18,0,1,0,0,0,0,1,1,6,1,-1,-1,-1,-1,-1,-1,-1
201405CC03810,1,9,0,13,0,8,0,0,0,0,4,1,6,1,-1,-1,1598,1,3,-1,-1
201405CC03810,2,1,0,18,0,8,0,0,0,0,3,1,6,1,43,7,-1,-1,-1,2,1
201405CC03827,1,9,0,18,0,1,0,0,0,0,1,1,6,2,49,8,1598,1,6,6,1
201405CC03839,1,9,0,9,0,1,0,0,0,0,3,1,6,1,25,5,1198,1,-1,1,1
201405CC03839,2,3,0,18,0,1,0,0,0,0,4,1,2,1,18,4,124,1,-1,2,1
201405CC03841,1,9,0,18,0,0,0,0,0,0,1,1,6,2,56,9,1388,1,-1,3,1
201405CC03850,1,9,0,16,0,0,0,0,0,0,1,1,6,2,27,6,2996,1,7,7,1
201405CC03850,2,9,0,17,0,0,0,0,0,0,1,1,6,1,32,6,2979,1,10,9,1
201405CC03851,1,9,0,18,0,6,0,0,0,0,1,1,6,1,21,5,1560,2,6,1,1
201405CC03884,1,9,0,18,0,1,0,0,0,0,1,1,1,1,54,8,1753,2,4,7,1
201405CC03884,2,21,0,18,0,1,0,0,0,0,1,1,1,1,33,6,10837,2,2,1,1
201405CC03930,1,98,0,18,0,0,0,0,0,0,3,1,1,1,57,9,5880,2,10,1,1
201405CC03930,2,9,0,18,0,0,0,0,0,0,4,1,6,2,24,5,1598,1,8,5,1
201405CC03930,3,98,0,18,0,0,0,0,0,0,1,1,1,1,24,5,5880,2,11,1,1
201405CC03981,1,20,0,18,0,0,1,0,0,0,1,1,1,1,56,9,2998,2,3,5,1
201405CC03981,2,9,0,18,0,0,0,0,0,0,2,1,6,1,29,6,1995,2,-1,1,1
201405CC03981,3,9,0,18,0,0,0,0,0,0,2,1,6,2,32,6,1560,2,1,1,1
201405CC03981,4,19,0,18,0,0,0,0,0,0,2,1,6,1,31,6,1998,2,10,2,1
201405CC03986,1,10,0,18,0,0,0,0,0,0,1,1,6,1,-1,-1,2402,2,12,-1,-1
201405CC03986,2,1,0,18,0,0,0,0,0,0,3,1,2,1,50,8,-1,-1,-1,-1,-1
201405CC03991,1,19,0,5,0,2,0,0,0,0,3,1,1,1,44,7,2198,2,2,1,1
201405CC03991,2,9,0,18,0,2,0,0,0,0,4,1,6,1,39,7,1598,1,4,2,1
201405CC04007,1,9,0,7,0,6,1,0,0,0,1,1,6,1,25,5,1798,1,10,1,1
201405CC04007,2,9,0,18,0,8,5,0,0,0,3,1,6,2,57,9,1598,1,7,1,1
201405CC04044,1,19,0,18,0,0,0,0,0,0,1,1,6,1,-1,-1,2198,2,6,-1,-1
201405CC04044,2,9,0,3,0,0,0,0,0,0,2,1,6,2,55,8,1956,2,2,9,1
201405CC04047,1,9,0,18,0,8,0,0,0,0,1,1,6,2,82,11,998,1,8,1,1
201405CC04047,2,9,0,9,0,5,0,0,0,0,4,1,6,2,37,7,1995,1,1,7,1
201405CC04062,1,19,0,5,0,1,0,0,0,0,1,1,1,1,25,5,2143,2,2,7,1
201405CC04062,2,9,0,3,0,1,0,0,0,0,2,1,6,1,49,8,1686,2,1,1,1
201405CC04063,1,9,0,18,0,8,0,0,0,0,1,1,6,1,-1,-1,-1,-1,-1,-1,-1
201405CC04063,2,1,0,5,0,8,0,0,0,0,1,1,6,1,26,6,-1,-1,-1,2,1
201405CC04081,1,8,0,5,0,4,0,0,0,0,1,1,1,1,59,9,2664,2,13,2,1
201405CC04081,2,9,0,3,0,4,0,0,0,0,2,1,2,2,46,8,1587,1,13,2,1
201405CC04086,1,9,0,18,0,7,1,0,0,0,1,1,6,1,49,8,1796,1,11,3,1
201405CC04086,2,9,0,3,0,7,1,0,1,4,2,1,6,1,65,9,1360,1,11,3,1
201405CC04108,1,9,0,18,0,0,0,0,1,4,3,1,2,1,33,6,1896,2,12,1,1
201405CC04123,1,9,0,18,0,1,0,0,0,0,1,1,6,1,24,5,1596,1,4,1,1
201405CC04123,2,8,0,3,0,1,0,0,0,0,2,1,1,1,44,7,1596,1,9,5,2
201405CC04123,3,9,0,3,0,1,0,0,0,0,2,1,6,2,64,9,998,1,7,1,1
201405CC04138,1,9,0,18,0,0,0,0,0,0,1,1,6,2,44,7,1796,1,11,1,1
201405CC04157,1,9,0,18,0,3,0,0,1,4,3,1,6,2,25,5,1995,1,8,1,1
201405CC04220,1,19,0,18,0,2,0,0,0,0,1,1,6,1,37,7,2198,2,8,1,1
201405CC04220,2,11,0,4,0,2,0,0,0,0,2,1,1,1,51,8,6871,2,5,1,1
201405CC04237,1,9,0,4,0,1,0,0,0,0,1,1,6,2,24,5,1242,1,6,2,1
201405CC04237,2,9,0,3,0,1,0,0,0,0,2,1,1,1,33,6,998,1,-1,-1,-1
201405CC04239,1,9,0,9,0,5,0,0,0,0,1,1,6,2,49,8,1242,1,8,5,1
201405CC04239,2,1,0,18,0,8,0,0,0,0,1,1,6,1,22,5,-1,-1,-1,5,1
201405CC04257,1,9,0,13,0,8,0,0,0,0,1,1,6,1,25,5,1389,1,16,-1,-1
201405CC04257,2,9,0,9,0,8,0,0,0,0,3,1,6,1,28,6,998,1,-1,-1,1
201405CC04273,1,9,0,18,0,8,0,0,0,0,1,1,6,1,41,7,1598,2,2,2,1
201405CC04273,2,8,0,3,0,8,0,0,0,0,2,1,1,2,41,7,1995,2,11,1,1
201405CC04280,1,9,0,4,0,0,0,0,0,0,1,1,6,1,22,5,1596,1,7,2,1
201405CC04280,2,9,0,4,0,0,0,0,0,0,2,1,1,1,54,8,-1,-1,-1,6,1
201405CC04316,1,9,0,2,0,0,0,0,0,0,3,1,6,2,28,6,1796,1,5,3,1
201405CC04333,1,3,0,18,0,0,1,0,0,0,3,1,6,1,20,4,125,1,1,1,1
201405CC04348,1,9,0,18,0,0,0,0,0,0,1,1,6,2,26,6,1686,2,-1,1,1
201405CC04348,2,9,0,18,0,0,0,0,0,0,2,1,2,2,29,6,1870,2,8,5,1
201405CC04351,1,9,0,16,0,0,0,0,0,0,4,1,6,1,40,7,1242,1,5,1,1
201405CC04356,1,9,0,18,0,8,0,0,0,0,4,1,6,1,47,8,1896,2,11,1,1
201405CC04356,2,9,0,18,0,8,0,0,0,0,1,1,6,2,23,5,1364,1,5,3,1
201405CC04379,1,9,0,7,0,1,0,0,0,0,4,1,6,3,-1,-1,1995,2,2,-1,-1
201405CC04379,2,1,0,18,0,1,0,0,0,0,3,1,6,1,28,6,-1,-1,-1,1,1
201405CC04441,1,9,0,18,0,0,0,0,0,0,2,1,6,1,62,9,1242,1,1,5,2
201405CC04441,2,9,0,2,0,0,0,0,0,0,1,1,6,1,48,8,1686,2,3,-1,-1
201405CC04451,1,9,0,18,0,0,1,0,2,7,1,1,1,1,60,9,1229,1,7,1,1
201405CC04452,1,1,0,18,0,0,0,10,0,0,2,1,6,1,26,6,-1,-1,-1,1,1
201405CC04452,2,9,0,18,0,0,0,0,0,0,4,1,6,3,-1,-1,-1,-1,-1,-1,-1
201405CC04454,1,8,0,18,0,8,0,0,0,0,3,1,1,1,61,9,1998,2,9,7,1
201405CC04454,2,9,0,18,0,6,0,0,0,0,1,1,6,1,-1,-1,2204,2,8,-1,-1
201405CC04465,1,9,0,9,0,1,0,0,0,0,1,1,6,1,69,10,1197,1,-1,4,1
201405CC04465,2,1,0,18,0,1,0,0,0,0,1,1,6,1,44,7,-1,-1,-1,1,1
201405CC04501,1,9,0,5,0,0,0,0,0,0,4,1,6,2,24,5,1598,1,14,2,1
201405CC04501,2,11,0,18,0,0,0,0,0,0,1,1,1,1,55,8,6700,2,3,1,1
201405CC04502,1,9,0,14,0,0,0,4,0,0,3,1,6,2,-1,-1,1598,1,11,-1,-1
201405CC04502,2,9,0,2,0,0,0,0,0,0,0,1,2,1,53,8,1461,2,5,2,1
201405CC04528,1,5,0,18,0,1,0,0,0,0,1,1,6,2,59,9,645,1,3,3,1
201405CC04528,2,9,0,10,0,1,0,0,0,0,2,1,6,2,30,6,-1,-1,-1,7,1
201405CC04534,1,9,0,16,0,1,0,0,0,0,1,1,6,1,30,6,1596,1,11,6,1
201405CC04534,2,9,0,16,0,1,0,0,0,0,2,1,6,1,65,9,1461,2,-1,6,1
201405CC04534,3,9,0,16,0,1,0,0,0,0,1,1,6,1,24,5,1560,2,7,1,1
201405CC04549,1,9,0,5,0,6,0,0,0,0,3,1,6,2,51,8,1596,1,4,2,1
201405CC04549,2,19,0,18,0,8,0,0,0,0,1,1,6,1,52,8,1868,2,8,2,1
201405CC04568,1,9,0,18,0,0,0,0,7,11,1,1,6,1,-1,-1,1596,1,14,-1,-1
201405CC04568,2,19,0,18,0,0,0,0,7,11,2,1,1,1,40,7,1998,2,11,1,1
201405CC04575,1,9,0,18,0,6,0,0,0,0,3,1,6,1,82,11,1498,1,2,2,1
201405CC04575,2,9,0,18,0,1,0,0,0,0,4,1,6,2,24,5,1587,1,11,1,1
201405CC04600,1,9,0,7,0,6,0,0,0,0,1,1,6,1,71,10,1124,1,12,1,1
201405CC04600,2,9,0,18,0,1,0,0,0,0,4,1,6,2,43,7,1998,1,9,3,1
201405CC04604,1,21,1,12,0,6,1,0,0,0,1,1,1,1,40,7,12600,2,10,2,1
201405CC04604,2,9,0,18,0,8,0,0,5,6,2,1,2,1,31,6,1896,2,9,10,1
201405CC04604,3,9,0,18,0,8,0,0,0,0,2,1,2,1,24,5,-1,-1,-1,6,1