Accident_Index,Vehicle_Reference,Vehicle_Type,Towing_and_Articulation,Vehicle_Manoeuvre,Vehicle_Location-Restricted_Lane,Junction_Location,Skidding_and_Overturning,Hit_Object_in_Carriageway,Vehicle_Leaving_Carriageway,Hit_Object_off_Carriageway,1st_Point_of_Impact,Was_Vehicle_Left_Hand_Drive?,Journey_Purpose_of_Driver,Sex_of_Driver,Age_of_Driver,Age_Band_of_Driver,Engine_Capacity_(CC),Propulsion_Code,Age_of_Vehicle,Driver_IMD_Decile,Driver_Home_Area_Type
201405DD03030,1,9,0,9,0,8,0,0,0,0,4,1,6,1,-1,-1,1995,2,7,-1,-1
201405DD03030,2,9,0,18,0,8,0,0,0,0,1,1,1,1,31,6,1598,2,3,1,1
201405DD03052,1,9,0,18,0,1,0,0,0,0,1,1,6,1,-1,-1,1686,2,12,-1,-1
201405DD03052,2,1,0,18,0,8,0,0,0,0,2,1,6,1,11,3,-1,-1,-1,3,1
201405DD03061,1,9,0,18,0,8,0,0,0,0,1,1,1,2,70,10,1686,2,2,1,1
201405DD03061,2,9,0,5,0,8,0,0,4,1,4,1,1,2,24,5,1240,1,8,5,1
201405DD03063,1,9,0,4,0,0,0,0,0,0,2,1,6,2,48,8,1796,1,7,2,3
201405DD03063,2,5,0,18,0,0,2,0,0,0,1,1,6,1,19,4,599,1,16,2,1
201405DD03101,1,21,1,18,0,8,1,0,0,0,1,1,1,1,30,6,11967,2,-1,2,1
201405DD03101,2,9,0,18,0,8,1,0,0,0,3,1,6,2,46,8,3123,1,8,5,1
201405DD03125,1,9,0,16,0,0,0,0,0,0,1,1,6,1,-1,-1,-1,-1,-1,-1,-1
201405DD03125,2,1,0,16,0,0,0,0,0,0,2,1,6,1,7,2,-1,-1,-1,1,1
201405DD03139,1,19,0,18,0,0,0,0,0,0,1,1,1,1,60,9,2298,2,4,5,3
201405DD03139,2,9,0,3,0,0,0,0,0,0,2,1,6,1,52,8,1461,2,3,8,1
201405DD03139,3,9,0,3,0,0,0,0,0,0,2,1,6,1,69,10,1956,2,1,2,1
201405DD03145,1,9,0,18,0,8,1,0,0,0,1,1,6,2,27,6,1299,1,9,3,1
201405DD03145,2,9,0,18,0,8,1,0,0,0,4,1,6,1,19,4,1198,1,2,-1,-1
201405DD03151,1,9,0,18,0,4,0,9,3,1,1,1,6,1,23,5,2401,2,8,6,1
201405DD03158,1,9,0,9,0,5,0,0,0,0,1,1,6,2,-1,-1,1000,1,-1,-1,-1
201405DD03158,2,9,0,4,0,1,0,0,0,0,1,1,6,1,31,6,1149,1,13,2,3
201405DD03165,1,11,0,18,0,1,0,0,0,0,1,1,1,1,65,9,4249,2,2,5,1
201405DD03190,1,9,0,7,0,6,0,0,0,0,1,1,6,1,-1,-1,-1,-1,-1,-1,-1
201405DD03217,1,9,0,2,0,0,0,0,0,0,3,1,3,2,37,7,1598,2,1,1,1
201405DD03217,2,19,0,18,0,0,0,0,0,0,1,1,6,1,38,7,2477,2,7,3,1
201405DD03217,3,9,0,2,0,0,0,0,0,0,2,1,3,2,50,8,1242,1,6,8,1
201405DD03217,4,9,0,2,0,0,0,0,0,0,2,1,3,1,60,9,1796,1,1,5,1
201405DD03233,1,19,0,4,8,0,0,0,0,0,0,1,6,2,-1,-1,-1,-1,-1,-1,-1
201405DD03233,2,1,0,18,0,0,0,0,0,0,0,1,6,1,54,8,-1,-1,-1,1,1
201405DD03239,1,9,0,5,0,8,0,0,0,0,1,1,6,1,-1,-1,-1,-1,-1,-1,-1
201405DD03258,1,11,0,18,0,8,0,0,0,0,4,1,1,1,60,9,6700,2,5,1,1
201405DD03259,1,9,0,18,0,0,0,0,0,0,1,1,6,3,-1,-1,1368,1,10,-1,-1
201405DD03259,2,9,0,4,0,0,0,0,0,0,2,1,6,1,26,6,1595,1,2,5,2
201405DD03268,1,9,0,18,0,1,0,0,0,0,1,1,3,2,33,6,875,1,1,-1,1
201405DD03268,2,9,0,4,0,1,0,0,0,0,2,1,6,2,68,10,1461,2,6,-1,-1
201405DD03271,1,19,0,18,0,0,0,0,0,0,1,1,6,1,64,9,1870,2,10,1,1
201405DD03275,1,9,0,18,0,0,2,0,0,0,4,1,1,2,45,7,1242,1,6,5,1
201405DD03275,2,9,0,18,0,0,0,0,0,0,3,1,1,2,44,7,796,1,12,1,1
201405DD03294,1,9,0,5,0,6,0,0,0,0,4,1,6,1,79,11,1242,1,6,5,1
201405DD03294,2,9,0,18,0,8,0,0,0,0,1,1,6,1,20,4,1149,1,13,1,1
201405DD03323,1,9,0,18,0,0,0,0,0,0,0,1,2,1,46,8,1341,1,12,2,1
201405DD03339,1,9,0,18,0,8,0,7,7,0,1,1,6,1,60,9,2179,2,-1,8,1
201405DD03339,2,9,0,18,0,8,0,0,0,0,3,1,6,1,39,7,1998,1,12,4,1
201405DD03348,1,8,0,18,0,6,0,10,1,1,3,1,6,1,30,6,1997,2,12,3,1
201405DD03348,2,11,0,18,0,8,0,0,0,0,1,1,1,1,51,8,4250,2,2,7,1
201405DD03360,1,9,0,9,0,8,0,0,0,0,4,1,6,1,36,7,1598,1,3,-1,1
201405DD03360,2,3,0,18,0,8,0,0,0,0,1,1,1,1,23,5,125,1,14,1,1
201405DD03364,1,9,0,8,0,0,5,0,1,0,4,1,6,2,17,4,1560,2,2,2,1
201405DD03388,1,1,0,18,5,0,0,0,0,0,1,1,6,1,58,9,-1,-1,-1,3,1
201405DD03433,1,9,0,18,0,8,0,0,0,0,1,1,6,2,54,8,1386,1,6,2,3
201405DD03433,2,3,0,18,0,8,0,0,0,0,1,1,6,1,20,4,125,1,1,-1,-1
201405DD03481,1,9,0,18,0,0,0,0,0,0,1,1,6,3,-1,-1,1997,2,9,-1,-1
201405DD03490,1,9,0,18,0,1,0,0,0,0,1,1,6,2,19,4,998,1,6,5,1
201405DD03490,2,9,0,18,0,1,0,0,0,0,1,1,6,1,34,6,1560,2,-1,1,1
201405DD03490,3,9,0,4,0,1,0,0,0,0,2,1,6,2,41,7,1596,1,7,6,1
201405DD03514,1,9,0,9,0,8,0,0,0,0,1,1,6,1,73,10,1596,1,10,9,1
201405DD03514,2,9,0,18,0,1,0,0,0,0,3,1,6,2,53,8,-1,-1,-1,3,1
201405DD03526,1,9,0,9,0,8,0,0,7,0,1,1,6,2,28,6,1998,2,9,2,1
201405DD03526,2,9,0,18,0,8,0,0,1,0,1,1,6,1,67,10,1560,2,1,7,1
201405DD03530,1,19,0,5,0,0,0,0,0,0,3,1,1,1,33,6,1560,2,-1,4,1
201405DD03530,2,3,0,18,0,0,0,0,0,0,1,1,6,1,28,6,124,1,3,1,1
201405DD03543,1,9,0,18,0,0,0,0,7,0,1,1,6,1,36,7,1910,2,8,3,1
201405DD03543,2,9,0,18,0,0,0,0,1,0,3,1,6,1,38,7,-1,-1,-1,9,1
201405DD03554,1,9,0,9,0,5,0,0,0,0,1,1,1,2,21,5,1397,1,6,5,2
201405DD03554,2,9,0,18,0,1,0,0,0,0,3,1,6,1,44,7,1599,1,13,2,3
201405DD03571,1,9,0,13,0,0,0,0,0,0,4,1,6,2,-1,-1,2148,2,9,-1,1
201405DD03571,2,1,0,18,0,0,0,0,0,0,3,1,6,1,46,8,-1,-1,-1,7,1
201405DD03603,1,9,0,9,0,1,0,0,0,0,1,1,6,2,52,8,2143,2,1,7,1
201405DD03603,2,9,0,18,0,1,0,0,0,0,4,1,6,1,44,7,2497,2,7,3,1
201405DD03641,1,19,0,2,0,0,0,0,0,0,0,1,2,1,27,6,2148,2,10,5,1
201405DD03641,2,9,0,18,0,0,1,0,4,6,4,1,2,1,42,7,1242,1,7,2,1
201405DD03645,1,9,0,18,0,8,0,0,0,0,2,1,6,3,-1,-1,-1,-1,-1,-1,-1
201405DD03645,2,3,0,16,0,8,0,0,0,0,1,1,6,1,26,6,124,1,1,2,1
201405DD03655,1,19,0,18,0,8,0,0,0,0,1,1,1,1,29,6,1997,2,9,9,1
201405DD03664,1,9,0,9,0,1,0,0,0,0,1,1,6,2,31,6,1248,1,4,3,1
201405DD03664,2,1,0,18,0,1,0,0,0,0,1,1,6,1,37,7,-1,-1,-1,-1,1
201405DD03664,3,1,0,18,0,1,0,0,0,0,1,1,6,1,36,7,-1,-1,-1,9,1
201405DD03690,1,9,0,1,0,0,0,0,0,0,1,1,6,2,32,6,1798,1,6,3,1
201405DD03738,1,9,0,10,0,1,0,0,0,0,2,1,2,2,45,7,1686,2,-1,1,1
201405DD03738,2,9,0,4,0,1,0,0,0,0,2,1,2,1,23,5,1796,1,11,1,1
201405DD03738,3,9,0,18,0,1,0,0,0,0,1,1,2,1,34,6,-1,-1,-1,6,1
201405DD03747,1,9,0,18,0,1,0,0,0,0,4,1,6,1,46,8,1796,1,13,1,1
201405DD03751,1,9,0,1,0,0,0,0,0,0,4,1,6,1,24,5,-1,-1,-1,1,1
201405DD03796,1,4,0,7,0,3,5,0,0,0,4,1,6,1,47,8,-1,-1,-1,5,2
201405DD03796,2,9,0,18,0,8,0,0,0,0,1,1,6,2,-1,-1,-1,-1,-1,-1,-1
201405DD03798,1,19,0,3,0,4,0,0,0,0,1,1,6,1,-1,-1,1998,2,9,-1,-1
201405DD03811,1,19,0,18,0,0,0,0,0,0,1,1,1,1,34,6,2198,2,7,4,1
201405DD03811,2,9,0,3,0,0,0,0,0,0,2,1,6,1,56,9,1299,1,13,1,1
201405DD03811,3,9,0,3,0,0,0,0,0,0,2,1,6,2,52,8,1149,1,2,9,1
201405DD03815,1,9,0,4,0,6,1,0,0,0,1,1,6,1,20,4,1596,1,3,5,1
201405DD03815,2,9,0,18,0,8,0,0,0,0,4,1,6,2,26,6,1364,1,5,5,1
201405DD03817,1,9,0,18,0,1,0,0,1,11,1,1,2,1,40,7,1598,1,9,2,1
201405DD03916,1,9,0,18,0,0,0,0,0,0,1,1,1,1,60,9,-1,-1,-1,7,2
201405DD03934,1,9,0,9,0,5,0,0,0,0,1,1,6,1,73,10,1590,1,15,6,1
201405DD03934,2,9,0,18,0,8,0,0,0,0,1,1,6,1,60,9,1598,2,5,6,1
201405DD03936,1,9,0,13,0,8,0,0,0,0,4,1,6,2,-1,-1,1686,2,1,-1,-1
201405DD03936,2,9,0,17,0,8,0,0,0,0,3,1,6,1,28,6,1956,2,4,3,1
201405DD03957,1,9,0,13,0,0,0,0,0,0,4,1,1,1,29,6,1497,8,6,5,1
201405DD03957,2,1,0,18,0,0,0,0,0,0,1,1,6,1,13,3,-1,-1,-1,2,1
201405DD03977,1,9,0,18,0,1,0,0,0,0,1,1,6,1,65,9,1390,1,11,9,1
201405DD03977,2,9,0,3,0,1,0,0,0,0,2,1,6,1,33,6,1240,1,9,1,1
201405DD03980,1,3,0,16,0,0,0,0,1,0,1,1,6,1,22,5,124,1,-1,2,1
201405DD03987,1,9,0,16,0,2,0,0,0,0,1,1,6,1,73,10,1242,1,8,9,1
201405DD03987,2,9,0,18,0,2,0,0,0,0,2,1,6,1,69,10,1398,1,3,7,2
201405DD03998,1,9,0,17,0,0,1,0,7,11,2,1,1,1,19,4,1596,1,14,7,1
201405DD04005,1,9,0,18,0,4,0,0,0,0,3,1,1,2,50,8,1560,2,-1,4,1
201405DD04005,2,9,0,18,0,8,0,0,0,0,1,1,1,2,28,6,999,1,11,5,1
201405DD04051,1,9,0,18,0,0,0,0,0,0,1,1,6,1,24,5,1360,1,8,3,1
201405DD04051,2,9,0,18,0,0,0,0,0,0,1,1,1,1,20,4,1896,2,6,1,1
201405DD04051,3,9,0,2,0,0,0,0,0,0,1,1,6,1,24,5,-1,-1,-1,4,1
201405DD04058,1,9,0,16,0,0,0,0,0,0,1,1,6,1,36,7,1596,1,13,2,1
201405DD04058,2,9,0,18,0,0,0,0,0,0,1,1,6,2,39,7,1795,1,12,1,1
201405DD04072,1,9,0,9,0,6,0,0,0,0,1,1,1,2,30,6,1595,1,10,-1,1
201405DD04072,2,9,0,18,0,8,0,0,0,0,4,1,6,2,22,5,1242,1,-1,8,1
201405DD04132,1,9,0,3,0,0,0,0,0,0,1,1,6,2,30,6,998,1,12,7,1
201405DD04132,2,19,0,1,0,0,0,0,0,0,2,1,1,1,50,8,2400,2,8,-1,-1
201405DD04180,1,1,0,7,0,2,0,0,0,0,3,1,6,1,34,6,-1,-1,-1,1,1
201405DD04180,2,9,0,18,0,1,0,0,0,0,1,1,6,3,-1,-1,-1,-1,-1,-1,-1
201405DD04238,1,9,0,16,0,3,0,0,0,0,1,1,6,2,27,6,998,1,4,4,1
201405DD04245,1,9,0,18,0,0,2,0,1,7,1,1,2,1,61,9,1596,1,13,2,1
201405DD04312,1,9,0,4,0,1,0,0,0,0,2,1,1,2,30,6,1461,2,4,1,1
201405DD04312,2,9,0,18,0,1,0,0,0,0,1,1,6,1,58,9,2143,2,2,6,1
201405DD04319,1,9,0,5,0,1,0,0,0,0,0,1,2,1,32,6,1197,1,1,1,1
201405DD04319,2,9,0,18,0,1,0,0,0,0,0,1,6,1,26,6,1560,2,1,1,1
201405DD04321,1,20,0,9,0,5,0,0,0,0,1,1,1,1,49,8,-1,-1,-1,4,1
201405DD04321,2,1,0,18,0,1,0,0,0,0,3,1,1,1,36,7,-1,-1,-1,8,1
201405DD04355,1,9,0,18,0,0,0,0,0,0,1,1,6,1,54,8,1242,1,14,3,1
201405DD04355,2,9,0,18,0,0,0,0,0,0,2,1,6,2,60,9,1582,2,4,5,1
201405DD04368,1,9,0,18,0,1,0,0,0,0,4,1,6,1,52,8,1910,2,8,3,1
201405DD04368,2,9,0,12,0,1,0,0,0,0,3,1,6,2,33,6,2993,2,8,5,2
201405DD04380,1,9,0,16,0,0,1,0,8,11,1,1,6,2,56,9,1995,1,12,1,1
201405DD04380,2,9,0,2,0,0,0,0,0,0,1,1,6,3,-1,-1,1390,1,8,-1,-1
201405DD04386,1,9,0,5,0,6,0,0,0,0,1,1,6,1,67,10,1240,1,9,9,1
201405DD04386,2,1,0,18,0,1,0,0,0,0,4,1,1,1,48,8,-1,-1,-1,3,1
201405DD04387,1,9,0,18,0,4,0,0,0,0,4,1,6,1,71,10,1461,2,-1,3,1
201405DD04439,1,9,0,5,0,6,0,0,0,0,0,1,6,3,-1,-1,-1,-1,-1,-1,-1
201405DD04439,2,9,0,18,0,1,0,0,4,1,1,1,6,1,45,7,993,1,14,2,1
201405DD04440,1,9,0,7,0,8,0,0,0,0,1,1,6,1,42,7,1968,2,9,1,1
201405DD04484,1,9,0,15,0,0,5,0,0,0,1,1,1,1,21,5,998,1,8,10,1
201405DD04484,2,21,1,11,0,0,0,0,0,0,4,1,1,1,52,8,12902,2,1,5,1
201405DD04484,3,9,0,18,0,0,0,0,0,0,3,1,1,1,45,7,1560,2,-1,-1,1
201405DD04508,1,9,0,18,0,8,0,0,0,0,3,1,6,1,83,11,1999,1,2,4,1
201405DD04508,2,5,0,8,0,8,1,0,0,0,1,1,6,1,29,6,599,1,16,5,1
201405DD04526,1,9,0,18,0,1,0,0,5,6,1,1,6,1,43,7,1598,2,2,1,1
201405DD04526,2,9,0,12,2,1,0,0,0,0,0,1,6,3,-1,-1,-1,-1,-1,-1,-1
201405DD04543,1,9,0,9,0,8,0,0,0,0,1,1,6,1,17,4,973,1,11,2,1
201405DD04543,2,9,0,18,0,8,0,0,0,0,1,1,6,1,28,6,1598,2,3,4,1
201405DD04550,1,3,0,18,0,0,2,0,0,0,1,1,6,1,17,4,100,1,8,7,2
201405DD04550,2,9,0,2,0,0,0,0,0,0,2,1,6,1,17,4,1229,1,7,-1,-1
201405DD04581,1,9,0,4,0,1,0,0,0,0,1,1,6,2,35,6,1398,1,11,6,1
201405DD04581,2,9,0,3,0,1,0,0,0,0,2,1,2,2,45,7,1595,1,9,2,1
201405DD04581,3,9,0,3,0,1,0,0,0,0,2,1,6,1,45,7,1368,1,4,6,1
201405DD04582,1,9,0,4,0,1,0,0,0,0,2,1,6,1,51,8,1596,1,11,1,1
201405DD04582,2,9,0,4,0,1,0,0,0,0,1,1,6,3,-1,-1,-1,-1,-1,-1,-1
201405DD04606,1,9,0,18,0,0,0,0,0,0,4,1,6,3,-1,-1,-1,-1,-1,-1,-1
201405DD04606,2,1,0,18,0,0,0,0,0,0,4,1,6,1,17,4,-1,-1,-1,2,1
201405DD04634,1,20,1,18,0,0,3,0,0,6,1,1,1,1,58,9,-1,-1,-1,-1,-1
201405DD04634,2,21,1,18,0,0,0,0,0,0,2,1,1,1,54,8,10518,2,5,9,1
201405DD04634,3,9,0,18,0,0,0,0,0,0,2,1,1,2,63,9,1598,1,3,-1,-1
201405DD04673,1,9,0,6,0,8,0,0,0,0,3,1,6,1,72,10,1388,1,9,5,1
201405DD04673,2,1,0,14,0,1,0,0,0,0,3,1,2,1,33,6,-1,-1,-1,1,1
201405DD04681,1,9,0,14,0,0,0,0,0,0,1,1,6,2,75,10,996,1,4,2,1
201405DD04690,1,9,0,18,0,0,0,0,0,0,4,1,6,1,-1,-1,-1,-1,-1,-1,-1
201405DD04710,1,9,0,18,0,0,0,0,0,0,1,1,6,1,53,8,1685,2,1,3,1
201405DD04710,2,1,0,5,0,0,0,0,0,0,3,1,6,1,11,3,-1,-1,-1,3,1
201405DD04729,1,5,0,17,0,0,0,0,0,0,1,1,6,1,21,5,599,1,15,2,1
201405DD04729,2,10,0,5,8,0,0,0,0,0,1,1,6,3,-1,-1,-1,-1,-1,-1,-1
201405DD04753,1,9,0,18,0,0,0,0,0,0,1,1,2,1,40,7,1582,2,-1,2,1
201405DD04753,2,19,0,18,0,0,0,0,0,0,2,1,2,1,43,7,1995,2,3,4,1
201405DD04782,1,9,0,9,0,5,0,0,0,0,4,1,6,1,80,11,1596,1,7,10,1
201405DD04782,2,9,0,18,0,1,0,0,0,0,1,1,6,1,25,5,1560,2,5,8,1
201405DD04814,1,9,0,18,0,2,0,0,0,0,1,1,6,1,44,7,1997,2,12,1,1
201405DD04816,1,9,0,18,0,1,0,0,0,0,1,1,6,1,-1,-1,-1,-1,-1,-1,-1
201405DD04833,1,9,0,4,0,1,0,0,0,0,1,1,6,1,31,6,1461,2,8,1,1
201405DD04833,2,9,0,4,0,1,0,0,0,0,2,1,3,2,44,7,1229,1,5,3,1
201405DD04837,1,9,0,18,0,0,1,0,0,0,1,1,6,1,31,6,1299,1,13,2,1
201405DD04837,2,1,0,18,0,0,0,0,0,0,3,1,6,1,11,3,-1,-1,-1,2,1
201405DD04845,1,9,0,18,0,1,0,0,1,11,1,1,6,1,48,8,1248,2,6,-1,1
201405DD04845,2,9,0,3,0,8,0,0,0,0,2,1,6,2,72,10,1360,1,13,5,1
201405DD04848,1,9,0,9,0,1,0,0,0,0,1,1,6,2,-1,-1,1398,2,7,3,1
201405DD04848,2,1,0,18,0,2,0,0,0,0,1,1,1,1,50,8,-1,-1,-1,5,2
201405DD04866,1,21,1,11,0,0,3,0,0,0,1,1,1,1,31,6,12900,2,7,10,1
201405DD04866,2,21,1,18,0,0,0,0,0,0,2,1,1,1,64,9,12777,2,4,6,3
201405DD04881,1,9,0,18,0,0,0,0,0,0,1,1,6,2,45,7,1997,1,7,1,1
201405DD04881,2,9,0,18,0,0,0,0,0,0,2,1,6,2,56,9,1968,2,1,8,2
201405DD04881,3,9,0,18,0,0,0,0,0,0,1,1,6,2,24,5,1364,1,7,1,1
201405DD04881,4,9,0,18,0,0,0,0,0,0,2,1,6,1,57,9,1299,1,10,2,1
201405DD04884,1,9,0,18,0,1,0,0,0,0,4,1,6,1,-1,-1,-1,-1,-1,-1,-1
201405DD04918,1,19,0,9,0,0,0,0,0,0,3,1,1,1,32,6,2198,2,-1,1,1
201405DD04918,2,9,0,18,0,0,0,0,0,0,1,1,2,1,53,8,1998,2,11,4,1
201405DD04954,1,21,0,18,0,8,0,0,0,0,3,1,1,1,48,8,3920,2,1,3,1
201405DD04954,2,9,0,18,0,8,0,0,0,0,1,1,6,2,27,6,2143,2,4,5,2
201405DD04955,1,9,0,18,0,1,0,0,0,0,1,1,1,2,23,5,1240,1,11,2,1
201405DD04955,2,9,0,4,0,1,0,0,0,0,2,1,1,2,36,7,1598,1,6,9,1
201405DD04960,1,19,0,5,0,8,0,0,0,0,4,1,6,1,50,8,2402,2,6,1,1
201405DD04960,2,9,0,18,0,1,0,0,0,0,1,1,6,1,35,6,1984,1,11,1,1
201405DD04961,1,9,0,18,0,1,0,4,0,0,1,1,6,1,47,8,1998,2,11,4,1
201405DD04961,2,9,0,2,0,1,0,0,1,11,2,1,6,2,56,9,1364,1,7,-1,-1
201405DD04966,1,19,0,12,0,0,0,0,0,0,3,1,1,2,26,6,1996,2,-1,3,1
201405DD04966,2,9,0,14,0,0,0,0,0,0,1,1,2,1,39,7,998,1,11,5,1
201405DD04984,1,9,0,18,0,0,0,0,0,0,0,1,6,1,-1,-1,-1,-1,-1,-1,-1
201405DD04984,2,9,0,18,0,0,0,0,0,0,1,1,6,1,71,10,1995,1,8,5,1
201405DD04984,3,9,0,2,0,0,0,0,0,0,2,1,6,1,41,7,-1,-1,-1,-1,-1
201405DD04984,4,9,0,2,0,0,0,0,0,0,2,1,6,2,47,8,1997,2,9,-1,-1
201405DD04989,1,9,0,18,0,2,0,0,0,0,1,1,6,1,23,5,1248,1,4,1,1
201405DD05000,1,19,0,18,0,1,0,0,0,0,1,1,6,1,52,8,2402,2,10,2,1
201405DD05000,2,9,0,3,0,1,0,0,0,0,2,1,6,2,32,6,1388,1,5,-1,1
201405DD05001,1,9,0,5,0,1,0,0,0,0,1,1,6,2,42,7,1997,1,10,3,1
201405DD05001,2,1,0,17,0,8,0,0,0,0,4,1,2,1,25,5,-1,-1,-1,6,1
201405DD05003,1,9,0,18,0,1,0,0,0,0,1,1,2,2,20,4,1240,1,9,6,1
201405DD05003,2,9,0,10,0,1,0,0,0,0,2,1,1,1,35,6,1956,2,1,2,1
201405DD05015,1,9,0,18,0,6,0,0,0,0,2,1,6,1,19,4,1360,1,11,1,1
201405DD05015,2,5,0,18,0,1,0,0,0,0,1,1,2,1,36,7,996,1,10,2,1
201405DD05030,1,5,0,16,0,1,1,0,0,0,1,1,6,1,19,4,600,1,12,1,1
201405DD05034,1,9,0,9,0,5,0,0,0,0,1,1,6,1,70,10,1461,2,-1,1,1
201405DD05034,2,1,0,18,0,1,1,0,0,0,3,1,2,1,44,7,-1,-1,-1,5,1
201405DD05056,1,9,0,18,0,3,0,0,0,0,1,1,6,1,38,7,1956,2,-1,2,1
201405DD05056,2,9,0,18,0,3,0,0,1,7,2,1,6,1,59,9,1968,2,2,3,1
201405DD05056,3,9,0,3,0,2,0,0,0,0,2,1,6,1,43,7,1149,1,11,3,1
201405DD05056,4,9,0,3,0,2,0,0,0,0,2,1,6,2,28,6,1560,2,1,7,1
201405DD05060,1,9,0,9,0,5,0,0,0,0,1,1,6,2,25,5,2143,2,2,5,1
201405DD05073,1,9,0,18,0,2,0,0,0,0,1,1,6,2,38,7,996,1,4,4,1
201405DD05080,1,9,0,18,0,3,0,0,0,0,4,1,2,2,35,6,1329,1,-1,9,1
201405DD05083,1,9,0,18,0,0,0,0,0,0,0,1,6,3,-1,-1,1797,8,3,-1,-1
201405DD05083,2,9,0,11,0,0,0,0,4,7,3,1,1,1,28,6,1598,1,8,2,1
201405DD05083,3,19,0,18,0,0,0,0,0,0,3,1,1,1,52,8,-1,-1,-1,6,1
201405DD05100,1,9,0,9,0,1,0,0,0,0,1,1,1,1,75,10,1984,1,3,10,2
201405EE01003,1,9,0,5,0,0,1,0,0,0,1,1,6,3,-1,-1,1242,1,16,-1,-1
201405EE01006,1,9,0,3,0,1,0,0,0,0,0,1,1,1,-1,-1,1582,2,2,-1,1
201405EE01006,2,9,0,10,0,1,0,0,0,0,0,1,1,1,-1,-1,2993,2,2,-1,1
201405EE01006,3,5,0,18,0,1,1,0,0,0,0,1,6,1,48,8,599,1,14,1,1
201405EE01012,1,9,0,18,0,1,0,0,0,0,1,1,6,2,57,9,1998,1,11,3,1
201405EE01017,1,9,0,9,0,8,0,0,0,0,1,1,6,1,36,7,1229,1,5,1,1
201405EE01017,2,9,0,18,0,8,0,0,0,0,3,1,6,1,42,7,1598,1,6,1,1
201405EE01019,1,8,0,9,0,5,0,0,0,0,4,1,1,1,45,7,1560,2,1,1,1
201405EE01023,1,9,0,18,0,2,0,0,0,0,1,1,6,2,52,8,1364,1,6,6,1
201405EE01023,2,9,0,18,0,2,0,0,0,0,1,1,1,1,29,6,1598,2,1,5,1
201405EE01028,1,9,0,7,0,6,0,0,0,0,1,1,6,2,27,6,1596,1,10,2,1
201405EE01028,2,9,0,18,0,1,0,0,0,0,4,1,6,1,47,8,1796,1,11,1,1
201405EE01029,1,9,0,18,0,8,0,0,0,0,1,1,6,2,19,4,998,1,11,-1,-1
201405EE01035,1,9,0,7,0,6,0,0,0,0,1,1,6,1,18,4,1596,1,6,-1,-1
201405EE01042,1,9,0,9,0,8,0,0,0,0,1,1,6,1,62,9,1248,2,1,-1,-1
201405EE01042,2,9,0,18,0,8,0,0,0,0,3,1,6,2,26,6,1997,2,5,-1,-1
201405EE01063,1,9,0,1,0,2,0,0,0,0,2,1,6,1,-1,-1,-1,-1,-1,-1,-1
201405EE01070,1,9,0,7,0,6,0,0,0,0,1,1,6,1,47,8,2143,2,1,5,1
201405EE01070,2,1,0,18,0,2,0,0,0,0,2,1,6,1,46,8,-1,-1,-1,-1,1
201405EE01074,1,9,0,11,0,0,0,0,0,0,3,1,6,1,66,10,1598,1,3,1,1
201405EE01078,1,9,0,11,0,0,0,0,0,0,1,1,1,1,41,7,1956,2,3,-1,-1
201405EE01078,2,9,0,2,0,0,0,0,0,0,2,1,6,2,40,7,1388,1,2,2,1
201405EE01088,1,9,0,4,0,8,0,0,0,0,1,1,3,2,38,7,1598,1,10,1,1
201405EE01095,1,9,0,9,0,6,0,0,0,0,3,1,6,2,46,8,1499,1,6,-1,1
201405EE01095,2,9,0,18,0,1,0,0,0,0,1,1,6,1,20,4,1998,2,6,1,1
201405EE01096,1,9,0,5,0,1,0,0,0,0,3,1,6,1,25,5,-1,-1,-1,-1,-1
201405EE01096,2,9,0,18,0,1,0,0,0,0,1,1,6,2,46,8,-1,-1,-1,1,1
201405EE01097,1,9,0,18,0,1,0,0,0,0,1,1,6,1,-1,-1,-1,-1,-1,-1,-1
201405EE01108,1,9,0,9,0,2,0,0,0,0,4,1,6,2,27,6,1956,2,1,2,1
201405EE01108,2,9,0,2,0,2,0,0,0,0,3,1,6,2,63,9,1596,1,11,1,1
201405EE01110,1,9,0,18,0,1,0,0,0,0,3,1,6,2,52,8,1389,1,16,5,1
201405EE01110,2,9,0,18,0,1,0,0,0,0,2,1,6,2,26,6,1598,2,3,1,1
201405EE01111,1,1,0,18,9,0,5,0,0,0,1,1,6,1,18,4,-1,-1,-1,2,1
201405EE01111,2,9,0,5,9,0,0,0,0,0,3,1,1,1,43,7,-1,-1,-1,5,1
201405EE01122,1,9,0,18,0,8,0,0,0,0,4,1,6,2,53,8,1905,2,19,-1,-1
201405EE01122,2,9,0,7,0,8,0,0,0,0,1,1,6,1,54,8,1995,2,1,-1,-1
201405EE01130,1,9,0,18,0,1,0,0,0,0,1,1,2,1,51,8,1598,1,9,1,1
201405EE01140,1,9,0,1,0,1,0,0,0,0,2,1,6,2,35,6,-1,-1,-1,-1,-1
201405EE01141,1,9,0,18,0,6,0,0,0,0,3,1,6,1,37,7,1598,1,3,1,1
201405EE01141,2,9,0,18,0,8,0,0,0,0,1,1,6,2,53,8,1242,1,9,1,1
201405EE01145,1,1,0,18,0,6,0,0,0,0,0,1,6,1,54,8,-1,-1,-1,1,1
201405EE01145,2,9,0,18,0,1,0,0,0,0,0,1,6,3,-1,-1,-1,-1,-1,-1,-1
201405EE01179,1,19,0,4,0,0,0,0,0,0,2,1,1,1,52,8,2402,2,10,1,1
201405EE01179,2,9,0,18,0,0,0,0,0,0,1,1,6,2,79,11,989,1,5,5,1
201405EE01191,1,9,0,18,0,1,0,0,0,0,1,1,6,1,-1,-1,-1,-1,-1,-1,-1