Accident_Index,Vehicle_Reference,Vehicle_Type,Towing_and_Articulation,Vehicle_Manoeuvre,Vehicle_Location-Restricted_Lane,Junction_Location,Skidding_and_Overturning,Hit_Object_in_Carriageway,Vehicle_Leaving_Carriageway,Hit_Object_off_Carriageway,1st_Point_of_Impact,Was_Vehicle_Left_Hand_Drive?,Journey_Purpose_of_Driver,Sex_of_Driver,Age_of_Driver,Age_Band_of_Driver,Engine_Capacity_(CC),Propulsion_Code,Age_of_Vehicle,Driver_IMD_Decile,Driver_Home_Area_Type
201405EE01191,2,1,0,18,0,1,0,0,0,0,3,1,6,1,18,4,-1,-1,-1,4,1
201405EE01193,1,9,0,18,0,1,0,0,0,0,0,1,1,1,40,7,1582,2,1,-1,-1
201405EE01193,2,9,0,18,0,8,0,0,0,0,3,1,6,1,34,6,1984,1,5,-1,-1
201405EE01193,3,9,0,18,0,8,0,0,0,0,1,1,6,1,32,6,1461,2,4,1,1
201405EE01200,1,9,0,18,0,8,0,0,0,0,1,1,6,1,84,11,998,1,12,4,1
201405EE01200,2,9,0,18,0,8,0,0,0,0,1,1,6,1,43,7,1299,1,18,8,1
201405EE01202,1,9,0,1,0,6,0,0,0,0,2,1,6,2,-1,-1,-1,-1,-1,-1,-1
201405EE01212,1,9,0,9,0,8,0,0,0,0,1,1,6,1,30,6,-1,-1,-1,5,1
201405EE01212,2,9,0,18,0,8,0,0,0,0,3,1,6,1,64,9,2179,2,5,9,1
201405EE01213,1,9,0,18,0,1,0,0,0,0,1,1,6,3,-1,-1,-1,-1,-1,-1,-1
201405EE01213,2,9,0,10,0,1,0,0,0,0,2,1,6,1,57,9,1896,2,8,1,1
201405EE01215,1,9,0,9,0,8,0,0,0,0,1,1,2,2,47,8,1997,2,10,2,1
201405EE01222,1,9,0,1,9,0,0,0,0,0,2,1,6,1,30,6,1332,1,7,-1,-1
201405EE01223,1,9,0,9,0,6,0,0,0,0,3,1,6,1,54,8,1560,2,1,2,1
201405EE01223,2,8,0,18,0,1,0,0,0,0,1,1,1,1,50,8,1686,2,6,2,1
201405EE01229,1,9,0,9,0,5,0,0,0,0,1,1,6,2,49,8,1360,1,8,1,1
201405EE01234,1,11,0,18,0,1,0,0,0,0,0,1,1,1,35,6,-1,2,13,4,1
201405EE01234,2,9,0,18,0,1,0,0,0,0,0,1,6,1,45,7,1388,1,10,-1,-1
201405EE01235,1,1,0,18,0,0,0,0,0,0,1,1,6,1,21,5,-1,-1,-1,1,1
201405EE01235,2,9,0,18,0,0,0,0,0,0,4,1,6,1,58,9,1998,2,11,2,1
201405EE01241,1,19,0,9,0,2,0,0,0,0,1,1,6,1,40,7,1998,2,8,-1,-1
201405EE01241,2,9,0,2,0,2,0,0,0,0,2,1,6,1,57,9,1796,1,8,1,1
201405EE01254,1,9,0,18,0,2,0,0,0,0,1,1,6,1,24,5,-1,-1,-1,-1,1
201405EE01254,2,9,0,7,0,2,0,0,1,11,4,1,2,1,20,4,1198,1,1,9,1
201405EE01257,1,19,0,9,0,5,0,0,0,0,1,1,6,1,-1,-1,2198,2,2,-1,-1
201405EE01257,2,1,0,10,0,1,0,0,0,0,2,1,6,1,15,3,-1,-1,-1,5,1
201405EE01274,1,11,0,18,0,1,0,0,0,0,0,1,1,1,40,7,6692,2,3,4,1
201405EE01278,1,9,0,18,0,8,0,0,0,0,1,1,6,2,23,5,1242,1,2,1,1
201405EE01278,2,9,0,18,0,8,0,0,0,0,3,1,6,1,59,9,1995,2,7,1,1
201405EE01293,1,9,0,7,0,1,0,0,0,0,0,1,6,3,-1,-1,-1,-1,-1,-1,-1
201405EE01293,2,8,0,18,0,1,0,0,0,0,0,1,1,3,38,7,2402,2,12,1,1
201405EE01293,3,11,0,18,0,1,0,0,0,0,0,1,1,1,55,8,6700,2,6,5,1
201405EE01308,1,9,0,5,0,6,0,0,0,0,4,1,2,2,23,5,1229,1,1,1,1
201405EE01308,2,9,0,18,0,1,0,0,0,0,1,1,2,1,55,8,1598,1,3,-1,1
201405EE01314,1,9,0,18,0,1,0,0,1,2,1,1,2,1,34,6,1497,1,12,3,1
201405EE01320,1,8,0,18,0,1,0,0,0,0,1,1,1,1,50,8,2664,2,13,1,1
201405EE01320,2,9,0,4,0,1,0,0,0,0,2,1,6,1,54,8,1598,1,4,5,1
201405EE01320,3,9,0,4,0,1,0,0,0,0,2,1,6,1,39,7,1124,1,11,3,1
201405EE01326,1,9,0,1,0,0,0,0,0,0,0,1,6,2,74,10,1197,1,4,1,1
201405EE01326,2,8,0,18,0,0,0,0,4,2,1,1,1,1,47,8,2499,2,5,3,1
201405EE01327,1,9,0,4,0,1,1,0,0,0,1,1,6,2,24,5,1995,2,5,1,1
201405EE01327,2,9,0,4,0,1,0,0,0,0,2,1,6,1,27,6,1242,1,1,1,1
201405EE01327,3,9,0,18,0,1,0,0,0,0,2,1,6,1,-1,-1,1199,1,12,1,1
201405EE01328,1,8,0,18,0,8,0,0,0,0,1,1,1,1,66,10,-1,-1,-1,1,1
201405EE01328,2,9,0,9,0,8,0,0,0,0,4,1,2,1,31,6,1390,1,7,7,1
201405EE01336,1,5,0,18,0,0,1,0,0,0,0,1,6,1,23,5,748,1,8,8,1
201405EE01340,1,9,0,18,0,1,0,0,0,0,1,1,6,1,30,6,-1,-1,-1,-1,-1
201405EE01343,1,3,0,18,0,1,0,0,0,0,1,1,1,1,21,5,-1,-1,-1,1,1
201405EE01360,1,9,0,9,9,5,0,0,0,0,1,1,1,1,43,7,1997,2,6,7,1
201405EE01372,1,11,0,5,0,1,0,0,0,0,1,1,1,1,55,8,6871,2,5,-1,-1
201405EE01372,2,9,0,7,0,1,0,0,0,0,4,1,6,1,75,10,1461,2,3,1,1
201405EE01377,1,9,0,18,0,8,0,0,0,0,3,1,2,2,20,4,1229,1,1,2,1
201405EE01377,2,10,0,18,0,8,0,0,0,0,4,1,1,1,50,8,2461,2,6,8,1
201405EE01384,1,2,0,18,0,1,0,0,0,0,1,1,6,1,17,4,102,1,11,1,1
201405EE01384,2,9,0,6,0,8,0,0,0,0,1,1,6,1,19,4,1598,1,12,9,1
201405EE01389,1,3,0,18,0,1,0,0,0,0,1,1,2,1,22,5,124,1,1,7,1
201405EE01389,2,10,0,4,0,1,0,0,0,0,2,1,1,1,64,9,2400,2,12,2,1
201405EE01396,1,8,0,5,0,0,0,0,0,0,4,1,1,1,55,8,2644,2,10,1,1
201405EE01414,1,9,0,7,0,5,0,0,0,0,4,1,6,3,-1,-1,-1,-1,-1,-1,-1
201405EE01436,1,9,0,9,0,8,1,0,0,0,3,1,6,1,23,5,1390,1,4,-1,-1
201405EE01436,2,8,0,18,0,8,0,0,0,0,4,1,1,1,34,6,2664,2,14,-1,-1
201405EE01454,1,9,0,5,0,6,0,0,0,0,1,1,6,1,44,7,1596,1,2,1,1
201405EE01454,2,9,0,18,0,1,0,0,0,0,4,1,6,1,21,5,-1,-1,-1,-1,-1
201405EE01462,1,8,0,18,0,8,0,0,0,0,1,1,6,1,-1,-1,-1,-1,-1,-1,-1
201405EE01462,2,1,0,18,0,8,0,0,0,0,3,1,6,1,48,8,-1,-1,-1,2,1
201405EE01471,1,9,0,18,0,0,0,0,0,0,4,1,6,1,77,11,1242,1,6,1,1
201405EE01471,2,8,0,2,0,0,0,0,0,0,4,1,1,1,57,9,1753,2,10,3,1
201405EE01474,1,8,0,18,0,2,0,0,0,0,1,1,1,1,49,8,2499,2,5,3,1
201405EE01494,1,9,0,18,0,1,0,0,0,0,4,1,6,1,30,6,1753,2,7,1,1
201405EE01494,2,9,0,9,0,6,0,0,0,0,1,1,6,3,-1,-1,-1,-1,-1,-1,-1
201405EE01510,1,9,0,18,0,0,0,0,0,0,1,1,6,1,-1,-1,-1,-1,-1,-1,-1
201405EE01511,1,9,0,18,0,1,0,0,0,0,1,1,6,1,71,10,1560,2,7,1,1
201405EE01512,1,9,0,18,0,8,0,0,0,0,1,1,6,1,47,8,1896,2,7,1,1
201405EE01512,2,9,0,18,0,8,0,0,0,0,4,1,6,2,36,7,1390,1,10,1,1
201405EE01513,1,19,0,18,0,1,0,0,0,0,1,1,2,1,67,10,1753,2,11,1,1
201405EE01513,2,9,0,3,0,1,0,0,0,0,2,1,2,2,55,8,1596,1,10,3,1
201405EE01513,3,19,0,3,0,1,0,0,0,0,2,1,2,1,32,6,2198,2,4,1,1
201405EE01514,1,9,0,16,0,8,0,0,0,0,3,1,6,1,62,9,1560,2,8,1,1
201405EE01514,2,4,0,17,0,8,1,0,0,0,4,1,6,1,24,5,124,1,1,6,1
201405EE01525,1,9,0,9,0,8,0,0,0,0,3,1,6,1,64,9,1242,1,8,1,1
201405EE01525,2,3,0,18,0,8,0,0,0,0,2,1,6,1,33,6,124,1,-1,1,1
201405EE01535,1,9,0,18,0,8,0,0,0,0,0,1,1,1,-1,-1,1582,2,1,-1,-1
201405EE01535,2,9,0,18,0,8,0,0,0,0,1,1,6,1,-1,-1,1956,2,3,1,1
201405EE01535,3,9,0,8,0,8,0,0,0,0,2,1,6,2,-1,-1,1587,1,8,4,1
201405EE01540,1,9,0,18,0,2,0,0,0,0,4,1,6,2,25,5,1596,1,8,5,1
201405EE01546,1,9,0,18,0,0,0,0,0,0,4,1,6,2,65,9,1598,1,8,1,1
201405EE01547,1,8,0,5,0,2,0,0,0,0,1,1,1,1,40,7,2499,2,7,1,1
201405EE01553,1,9,0,18,8,6,0,0,2,2,4,1,6,2,18,4,-1,-1,-1,-1,-1
201405EE01553,2,9,0,18,0,1,1,0,0,0,1,1,6,1,19,4,1242,1,1,1,1
201405EE01576,1,9,0,18,0,8,0,0,0,0,1,1,6,1,35,6,1968,2,6,-1,1
201405EE01576,2,19,0,18,0,8,0,0,0,0,1,1,6,1,51,8,1248,2,6,2,1
201405EE01583,1,9,0,5,0,1,0,0,0,0,1,1,2,1,53,8,1299,1,14,1,1
201405EE01583,2,9,0,5,0,1,0,0,0,0,2,1,6,2,66,10,1995,1,4,6,1
201405EE01586,1,9,0,9,0,8,0,0,0,0,1,1,6,2,30,6,1124,1,13,1,1
201405EE01586,2,9,0,18,0,8,0,0,0,0,2,1,6,2,37,7,1242,1,7,2,1
201405EE01595,1,9,0,5,0,0,0,0,0,0,0,1,6,1,-1,-1,-1,-1,-1,-1,-1
201405EE01595,2,11,0,4,0,0,0,0,0,0,0,1,1,1,43,7,6871,2,4,1,1
201405EE01600,1,9,0,18,0,0,0,10,1,2,1,1,6,2,67,10,1598,1,1,1,1
201405EE01607,1,8,0,9,0,8,0,0,0,0,4,1,6,1,39,7,-1,-1,-1,1,1
201405EE01607,2,9,0,18,0,8,0,0,0,0,1,1,6,1,26,6,973,1,11,1,1
201405EE01610,1,9,0,6,0,0,0,0,0,0,3,1,6,1,33,6,1997,2,6,1,1
201405EE01610,2,9,0,18,0,0,0,0,0,0,4,1,1,1,45,7,-1,-1,-1,2,1
201405EE01613,1,9,0,18,0,2,0,0,0,0,4,1,1,1,36,7,-1,-1,-1,3,1
201405EE01618,1,9,0,18,0,1,0,0,0,0,1,1,6,1,28,6,-1,-1,-1,-1,-1
201405EE01618,2,9,0,9,0,1,0,0,0,0,1,1,6,1,23,5,796,1,12,-1,-1
201405EE01628,1,9,0,18,0,0,0,0,0,0,1,1,6,1,-1,-1,-1,-1,-1,-1,-1
201405EE01628,2,9,0,18,0,0,0,0,0,0,2,1,6,1,-1,-1,1398,1,1,1,1
201405EE01631,1,9,0,9,0,8,0,0,0,0,4,1,6,1,24,5,1753,2,15,-1,1
201405EE01631,2,9,0,18,0,8,0,0,0,0,1,1,6,1,48,8,1997,2,6,5,1
201405EE01643,1,3,0,9,0,5,1,0,0,0,4,1,6,1,-1,-1,-1,-1,-1,-1,-1
201405EE01643,2,8,0,9,0,5,0,0,0,0,3,1,6,1,25,5,1896,2,7,1,1
201405EE01660,1,19,0,3,0,0,0,0,0,0,2,1,1,2,46,8,2143,2,3,5,1
201405EE01660,2,9,0,4,0,0,0,0,0,0,1,1,6,2,31,6,995,1,6,-1,1
201405EE01668,1,8,0,14,0,0,0,0,0,0,1,1,1,1,45,7,-1,-1,-1,-1,-1
201405EE01675,1,9,0,5,0,8,0,0,0,0,4,1,1,1,48,8,1753,2,14,2,1
201405EE01675,2,9,0,18,0,8,0,0,0,0,1,1,6,1,33,6,1896,2,9,-1,1
201405EE01676,1,9,0,18,0,2,0,0,0,0,1,1,6,1,37,7,1560,2,1,1,1
201405EE01698,1,9,0,18,0,2,0,0,0,0,1,1,6,2,62,9,1596,1,3,5,1
201405EE01699,1,9,0,18,0,8,0,0,0,0,3,1,6,1,41,7,1968,2,-1,-1,-1
201405EE01699,2,9,0,18,0,8,0,0,0,0,1,1,6,1,52,8,1461,2,12,8,1
201405EE01705,1,9,0,12,0,0,0,0,0,0,3,1,1,2,34,6,1956,2,5,5,1
201405EE01705,2,9,0,18,0,0,0,0,0,0,4,1,6,1,-1,-1,-1,-1,-1,2,1
201405EE01711,1,9,0,18,0,0,0,4,0,0,4,1,6,1,45,7,1596,1,7,1,1
201405EE01711,2,9,0,2,0,0,0,0,0,0,3,1,6,2,47,8,1242,1,7,4,1
201405EE01711,3,9,0,2,0,0,0,0,0,0,4,1,6,1,47,8,1242,1,5,4,1
201405EE01713,1,9,0,18,0,8,0,0,0,0,4,1,6,1,79,11,1242,1,8,1,1
201405EE01713,2,9,0,18,0,8,0,0,0,0,1,1,6,2,64,9,1598,1,8,1,1
201405EE01716,1,9,0,9,0,8,0,0,0,0,1,1,6,2,50,8,2967,1,15,2,1
201405EE01716,2,9,0,18,0,8,0,0,0,0,3,1,6,1,21,5,1560,2,-1,1,1
201405EE01718,1,3,0,18,0,1,0,0,0,0,1,1,6,1,22,5,125,1,-1,1,1
201405EE01718,2,9,0,18,0,8,0,0,0,0,2,1,6,1,37,7,1248,2,6,6,1
201405EE01719,1,9,0,18,0,1,0,0,0,0,1,1,6,1,28,6,1388,1,13,4,1
201405EE01719,2,9,0,18,0,1,0,0,0,0,2,1,6,1,33,6,1199,1,12,1,1
201405EE01725,1,19,0,5,0,0,0,0,0,0,1,1,1,1,29,6,2198,2,2,5,1
201405EE01725,2,9,0,18,0,0,0,0,0,0,3,1,6,1,58,9,1299,1,10,1,1
201405EE01737,1,9,0,9,0,8,0,0,0,0,4,1,6,1,26,6,1248,2,6,7,1
201405EE01737,2,9,0,18,0,8,1,0,0,0,1,1,2,2,48,8,1560,2,4,5,1
201405EE01743,1,9,0,18,0,6,0,0,0,0,1,1,6,3,-1,-1,-1,-1,-1,-1,-1
201405EE01743,2,9,0,18,0,1,0,4,1,0,4,1,6,1,44,7,1686,2,6,1,1
201405EE01743,3,9,0,2,0,8,0,0,0,0,2,1,6,3,-1,-1,998,1,1,-1,-1
201405EE01746,1,9,0,18,0,1,0,0,0,0,3,1,6,1,47,8,1248,1,5,1,1
201405EE01754,1,9,0,9,0,5,0,0,0,0,0,1,6,3,-1,-1,-1,-1,-1,-1,-1
201405EE01754,2,1,0,18,0,1,0,0,0,0,0,1,2,1,47,8,-1,-1,-1,1,1
201405EE01764,1,9,0,18,0,0,1,0,7,0,1,1,1,1,34,6,2993,2,2,-1,-1
201405EE01764,2,9,0,8,0,0,1,0,7,1,1,1,6,1,16,4,2198,1,12,1,1
201405EE01767,1,1,0,18,9,1,0,0,0,0,4,1,2,1,19,4,-1,-1,-1,1,1
201405EE01767,2,19,0,12,0,1,0,0,0,0,1,1,6,1,-1,-1,2446,2,17,-1,-1
201405EE01769,1,9,0,9,0,8,0,0,0,0,1,1,6,2,27,6,1368,1,5,2,1
201405EE01769,2,9,0,18,0,8,0,0,0,0,1,1,6,1,63,9,995,1,10,1,1
201405EE01772,1,9,0,18,0,8,0,0,0,0,1,1,1,1,52,8,-1,-1,-1,1,1
201405EE01772,2,9,0,18,0,8,0,0,0,0,3,1,3,2,48,8,1242,1,1,1,1
201405EE01777,1,9,0,18,0,1,0,10,1,0,3,1,6,2,38,7,1497,1,13,1,1
201405EE01777,2,9,0,18,0,1,0,0,0,0,4,1,6,1,26,6,1798,1,8,4,1
201405EE01781,1,9,0,18,0,1,0,0,0,0,1,1,6,2,37,7,1596,1,12,1,1
201405EE01781,2,19,0,4,0,1,0,0,0,0,2,1,6,1,38,7,1997,2,12,7,1
201405EE01783,1,9,0,9,0,2,0,0,7,11,1,1,6,1,23,5,1597,1,7,4,1
201405EE01783,2,9,0,2,0,2,0,0,0,0,3,1,6,3,-1,-1,2179,2,2,-1,-1
201405EE01783,3,9,0,2,0,2,0,0,0,0,1,1,6,3,-1,-1,1598,1,10,-1,-1
201405EE01784,1,9,0,1,0,0,0,0,0,0,2,1,6,1,21,5,1591,1,1,1,1
201405EE01784,2,9,0,1,0,0,0,0,0,0,2,1,6,1,59,9,1998,2,2,-1,1
201405EE01785,1,9,0,9,0,6,0,0,0,0,3,1,6,2,24,5,1388,1,10,1,1
201405EE01785,2,8,0,18,0,1,0,0,0,0,1,1,1,1,58,9,2402,2,11,1,1
201405EE01793,1,9,0,18,0,1,0,0,0,0,3,1,1,2,50,8,1753,2,6,1,1
201405EE01794,1,9,0,9,0,1,0,0,0,0,1,1,2,2,33,6,1598,1,10,2,1
201405EE01794,2,9,0,18,0,1,0,0,0,0,1,1,2,2,22,5,1388,1,5,1,1
201405EE01796,1,11,0,18,0,1,0,0,0,0,1,1,1,1,37,7,6692,2,3,3,1
201405EE01797,1,8,0,3,0,0,0,0,0,0,2,1,1,1,53,8,1796,1,9,1,1
201405EE01797,2,1,0,18,0,0,1,0,0,0,1,1,6,1,27,6,-1,-1,-1,-1,-1
201405EE01800,1,9,0,18,0,0,0,0,0,0,1,1,6,1,27,6,2198,1,9,1,1
201405EE01801,1,9,0,18,0,0,0,4,6,2,1,1,6,1,-1,-1,1390,1,3,-1,-1
201405EE01801,2,9,0,2,0,0,0,0,0,0,3,1,6,1,-1,-1,-1,-1,-1,-1,-1
201405EE01806,1,11,0,3,0,0,0,0,0,0,1,1,1,1,60,9,3900,2,8,6,3
201405EE01807,1,11,0,18,0,8,0,0,0,0,0,1,6,1,52,8,6871,2,5,6,1
201405EE01807,2,9,0,7,0,6,0,0,0,0,0,1,6,3,-1,-1,-1,-1,-1,-1,-1
201405EE01812,1,9,0,4,0,1,0,0,0,0,1,1,6,2,-1,-1,1598,1,10,-1,-1
201405EE01812,2,9,0,3,0,1,0,0,0,0,2,1,6,2,-1,-1,1598,1,1,2,1
201405EE01815,1,9,0,7,0,1,0,0,0,0,1,1,6,2,48,8,1591,1,2,3,1
201405EE01815,2,11,0,18,0,1,0,0,0,0,1,1,6,1,58,9,6700,2,5,-1,-1
201405EE01829,1,9,0,9,0,5,0,0,1,0,4,1,6,1,-1,-1,1461,2,9,6,1
201405EE01829,2,9,0,18,0,8,0,0,0,0,1,1,6,1,64,9,1108,1,11,5,1
201405EE01833,1,9,0,18,0,1,0,0,7,0,1,1,6,1,54,8,1896,2,9,6,1
201405EE01833,2,9,0,18,0,1,0,0,7,0,3,1,6,1,73,10,1598,1,3,1,1
201405EE01834,1,19,0,18,0,2,0,0,0,0,1,1,6,1,44,7,1998,2,8,-1,-1
201405EE01834,2,19,0,18,0,2,0,0,0,0,1,1,1,1,37,7,2496,2,17,2,1
201405EE01834,3,9,0,4,0,2,0,0,0,0,2,1,6,3,-1,-1,-1,-1,-1,-1,-1
201405EE01844,1,9,0,18,0,8,0,0,0,0,4,1,6,2,53,8,998,1,5,5,1
201405EE01844,2,19,0,5,0,8,0,0,0,0,1,1,6,1,37,7,2402,2,10,1,1
201405EE01845,1,9,0,9,0,8,0,0,0,0,3,1,6,1,58,9,1896,2,18,9,1
201405EE01845,2,9,0,18,0,8,0,0,0,0,1,1,6,1,70,10,1598,1,11,7,1
201405EE01854,1,1,0,18,9,0,0,0,0,0,3,1,6,1,13,3,-1,-1,-1,-1,-1
201405EE01854,2,9,0,7,9,0,0,0,0,0,4,1,6,2,35,6,1598,1,5,1,1
201405EE01861,1,9,0,3,0,4,0,0,0,0,1,1,6,3,-1,-1,-1,-1,-1,-1,-1
201405EE01861,2,9,0,3,0,4,0,0,0,0,2,1,6,1,49,8,-1,-1,-1,2,1
201405EE01862,1,8,0,18,9,0,0,0,7,11,1,1,1,1,61,9,2664,2,14,5,1
201405EE01865,1,9,0,9,0,6,0,0,0,0,1,1,1,1,25,5,3199,1,14,1,1
201405EE01866,1,8,0,18,0,8,0,0,0,0,1,1,6,1,34,6,1794,1,13,1,1
201405EE01869,1,9,0,7,0,5,0,0,0,0,4,1,6,1,-1,-1,-1,-1,-1,-1,-1
201405EE01869,2,1,0,18,0,8,0,0,0,0,2,1,6,1,47,8,-1,-1,-1,1,1
201405EE01871,1,9,0,18,0,0,0,0,0,0,1,1,2,2,23,5,1390,1,11,1,1
201405EE01871,2,9,0,3,0,0,0,0,0,0,2,1,2,2,55,8,1596,1,2,6,1
201405EE01877,1,19,0,18,0,1,0,0,0,0,1,1,6,1,63,9,-1,-1,-1,-1,1
201405EE01882,1,9,0,18,0,8,0,0,0,0,1,1,6,1,49,8,2720,2,9,-1,-1
201405EE01888,1,8,0,9,0,5,0,0,0,0,1,1,1,1,54,8,2664,2,13,1,1
201405EE01888,2,9,0,18,0,1,0,0,0,0,4,1,6,1,22,5,1796,1,12,-1,-1
201405EE01898,1,9,0,3,0,1,0,0,0,0,2,1,6,2,29,6,1596,1,9,-1,1
201405EE01898,2,9,0,5,0,1,0,0,0,0,1,1,6,1,-1,-1,-1,-1,-1,-1,-1
201405EE01905,1,9,0,3,0,4,0,0,0,0,1,1,6,1,45,7,-1,-1,-1,-1,-1
201405EE01905,2,9,0,3,0,4,0,0,0,0,2,1,6,2,38,7,1769,1,11,1,1
201405EE01912,1,9,0,18,0,1,0,0,0,0,1,1,6,1,22,5,1390,1,7,4,1
201405EE01912,2,9,0,3,0,1,0,0,0,0,2,1,1,1,41,7,-1,-1,-1,1,1
201405EE01913,1,9,0,18,0,1,0,0,0,0,1,1,6,2,26,6,1598,2,-1,1,1
201405EE01913,2,9,0,10,0,1,0,0,0,0,2,1,6,1,30,6,1998,2,7,-1,-1
201405EE01920,1,9,0,18,0,0,0,0,0,0,4,1,6,1,63,9,1798,1,9,1,1
201405EE01923,1,9,0,9,0,6,0,0,0,0,1,1,6,1,30,6,1560,2,1,2,1
201405EE01929,1,98,0,18,0,2,0,0,0,0,1,1,1,1,70,10,12900,2,6,10,1
201405EE01929,2,9,0,6,0,1,0,0,0,0,3,1,6,1,63,9,1995,2,2,1,1
201405EE01935,1,9,0,18,0,4,0,0,0,0,1,1,6,2,34,6,1339,1,3,1,1
201405EE01935,2,9,0,18,0,8,0,0,0,0,2,1,1,2,41,7,1587,1,11,7,1
201405EE01938,1,9,0,18,0,0,0,0,0,0,0,1,6,3,-1,-1,-1,-1,-1,-1,-1
201405EE01938,2,11,0,5,0,0,0,0,0,0,0,1,1,1,49,8,6700,2,4,2,1
201405EE01944,1,9,0,9,0,6,0,0,0,0,0,1,6,3,-1,-1,-1,-1,-1,-1,-1
201405EE01944,2,11,0,17,0,1,0,0,0,0,0,1,1,1,34,6,6700,2,1,2,1
201405EE01948,1,3,0,4,0,1,2,0,0,0,0,1,3,1,41,7,-1,-1,-1,1,1
201405EE01951,1,9,0,9,0,2,0,0,0,0,3,1,2,1,36,7,-1,-1,-1,5,1
201405EE01951,2,9,0,8,0,1,0,0,0,0,1,1,3,2,35,6,1998,2,5,3,1
201405EE01953,1,9,0,18,0,0,0,0,0,0,1,1,6,1,64,9,1596,1,12,4,1
201405EE01966,1,9,0,6,0,2,0,0,0,0,3,1,6,1,56,9,2793,1,18,1,1
201405EE01966,2,9,0,18,0,2,0,0,0,0,1,1,1,1,23,5,998,1,14,1,1
201405EE01967,1,9,0,18,0,0,0,0,0,0,1,1,6,2,-1,-1,1341,1,13,-1,-1
201405EE01967,2,9,0,3,0,0,0,0,0,0,2,1,2,2,38,7,-1,-1,-1,3,1
201405EE01979,1,2,0,18,0,1,0,0,0,0,1,1,6,1,22,5,49,1,12,5,1
201405EE01979,2,9,0,3,0,1,0,0,0,0,2,1,6,2,26,6,1198,1,7,5,1
201405EE01984,1,9,0,7,0,5,0,0,0,0,0,1,6,1,-1,-1,-1,-1,-1,-1,-1
201405EE01984,2,11,0,18,0,1,0,0,0,0,0,1,1,1,46,8,12000,2,5,-1,-1
201405EE01990,1,9,0,9,0,8,0,0,0,0,1,1,6,1,39,7,1796,1,11,1,1
201405EE01990,2,8,0,18,0,8,0,0,0,0,1,1,1,1,46,8,2499,2,7,1,1
201405EE01993,1,9,0,18,0,1,0,0,0,0,1,1,6,1,21,5,1598,2,1,1,1
201405EE01995,1,9,0,18,0,0,0,0,0,0,4,1,6,2,28,6,1598,1,1,-1,-1
201405EE01995,2,9,0,2,0,0,0,8,0,0,4,1,6,1,37,7,1560,2,3,-1,-1
201405EE01996,1,5,0,18,0,1,1,0,0,0,1,1,6,3,-1,-1,-1,-1,-1,-1,-1
201405EE01999,1,9,0,18,0,1,0,0,0,0,1,1,6,1,32,6,1850,1,15,2,1
201405EE01999,2,9,0,18,0,1,0,0,0,0,2,1,6,1,29,6,1798,1,6,1,1
201405EE01999,3,9,0,18,0,1,0,0,0,0,2,1,6,2,32,6,-1,-1,-1,2,1
201405EE02000,1,4,0,18,0,1,2,0,0,10,0,1,1,1,19,4,124,1,1,1,1
201405EE02015,1,9,0,7,0,6,0,0,0,0,1,1,6,2,64,9,1997,2,13,6,1
201405EE02018,1,9,0,18,0,0,0,0,0,0,1,1,2,2,24,5,1242,1,1,1,1
201405EE02019,1,9,0,9,0,1,0,0,0,0,1,1,6,2,60,9,-1,-1,-1,9,1
201405EE02019,2,9,0,18,0,1,0,0,0,0,1,1,6,2,35,6,1587,1,9,6,1
201405EE02020,1,11,0,18,0,0,1,0,0,0,1,1,1,1,31,6,6700,2,5,1,1
201405EE02020,2,9,0,18,0,0,0,0,0,0,2,1,6,1,51,8,1956,2,5,5,1
201405EE02032,1,11,1,18,0,0,0,0,0,0,1,1,1,1,33,6,5900,2,8,2,1
201405EE02049,1,8,0,9,0,6,0,0,0,0,3,1,1,1,63,9,1997,2,5,-1,1
201405EE02049,2,9,0,18,0,8,0,0,0,0,1,1,1,1,53,8,1968,2,2,7,1
201405EE02052,1,4,0,18,0,0,0,4,0,0,4,1,6,1,-1,-1,-1,-1,-1,-1,-1
201405EE02052,2,19,0,2,9,0,0,4,0,0,1,1,6,1,-1,-1,1753,2,6,-1,-1
201405EE02052,3,9,0,2,9,0,0,0,0,0,0,1,1,1,-1,-1,1582,2,1,-1,-1
201405EE02055,1,8,0,5,0,6,0,0,0,0,3,1,1,1,49,8,2402,2,12,2,1
201405EE02055,2,1,0,18,9,2,0,0,0,0,1,1,6,1,24,5,-1,-1,-1,9,1
201405EE02064,1,9,0,7,0,2,0,0,0,0,1,1,2,1,38,7,1753,2,7,1,1
201405EE02073,1,9,0,12,0,0,0,0,0,0,2,1,6,1,33,6,1298,1,13,5,1
201405EE02073,2,11,0,18,0,0,0,0,0,0,1,1,1,1,55,8,6700,2,3,5,1
201405EE02082,1,9,0,7,0,8,0,0,0,0,4,1,6,1,61,9,1905,2,19,1,1
201405EE02082,2,1,0,18,0,8,5,0,0,0,1,1,2,1,45,7,-1,-1,-1,2,1
201405EE02085,1,9,0,18,0,0,1,0,1,2,1,1,2,1,22,5,1598,1,10,2,1
201405EE02089,1,9,0,18,0,1,0,0,0,0,1,1,6,1,-1,-1,1299,1,6,-1,-1
201405EE02089,2,1,0,10,0,1,0,0,0,0,2,1,6,1,49,8,-1,-1,-1,3,1
201405EE02095,1,8,0,18,0,0,1,7,0,0,1,1,1,1,46,8,2261,1,12,2,1
201405EE02100,1,9,0,18,0,1,0,0,0,0,1,1,1,1,37,7,1796,1,5,6,1
201405EE02100,2,19,0,18,0,1,0,0,0,0,1,1,1,1,20,4,1560,2,5,5,1
201405EE02100,3,9,0,18,0,1,0,0,0,0,2,1,6,2,63,9,1995,1,11,1,1
201405EE02132,1,9,0,18,0,2,1,4,0,0,1,1,6,1,22,5,1242,1,8,1,1