Accident_Index,Vehicle_Reference,Vehicle_Type,Towing_and_Articulation,Vehicle_Manoeuvre,Vehicle_Location-Restricted_Lane,Junction_Location,Skidding_and_Overturning,Hit_Object_in_Carriageway,Vehicle_Leaving_Carriageway,Hit_Object_off_Carriageway,1st_Point_of_Impact,Was_Vehicle_Left_Hand_Drive?,Journey_Purpose_of_Driver,Sex_of_Driver,Age_of_Driver,Age_Band_of_Driver,Engine_Capacity_(CC),Propulsion_Code,Age_of_Vehicle,Driver_IMD_Decile,Driver_Home_Area_Type
201405EE03308,2,9,0,18,0,1,0,0,0,0,1,1,6,2,27,6,1596,1,13,-1,1
201405EE03313,1,9,0,9,0,1,0,0,0,0,1,1,2,1,37,7,1560,2,1,1,1
201405EE03313,2,9,0,18,0,1,0,0,0,0,1,1,6,2,52,8,1596,1,3,1,1
201405EE03314,1,9,0,6,0,8,0,0,0,0,0,1,6,1,30,6,-1,-1,-1,-1,-1
201405EE03314,2,8,0,18,0,8,0,0,0,0,0,1,1,1,37,7,1997,2,4,1,1
201405EE03319,1,8,0,9,0,5,0,0,0,0,1,1,1,1,25,5,1686,2,9,1,1
201405EE03319,2,9,0,18,0,1,0,0,0,0,3,1,6,1,76,11,-1,-1,-1,-1,-1
201405EE03320,1,97,0,18,5,1,2,0,3,11,1,1,6,1,25,5,-1,-1,-1,1,1
201405EE03326,1,9,0,9,0,6,0,0,0,0,1,1,6,1,-1,-1,1229,1,4,-1,-1
201405EE03326,2,9,0,18,0,1,0,0,0,0,2,1,6,1,79,11,1598,1,2,-1,1
201405EE03327,1,9,0,16,0,0,0,0,0,0,1,1,1,1,34,6,1360,1,5,1,1
201405EE03327,2,1,0,17,0,0,0,0,0,0,1,1,6,1,40,7,-1,-1,-1,-1,-1
201405EE03331,1,9,0,18,0,0,0,0,0,0,4,1,6,1,40,7,-1,-1,-1,-1,-1
201405EE03332,1,19,0,9,0,8,0,0,1,1,1,1,6,1,50,8,1753,2,1,1,1
201405EE03335,1,9,0,18,0,3,0,0,0,0,1,1,1,1,41,7,1968,2,3,4,1
201405EE03335,2,9,0,18,0,3,0,0,0,0,2,1,1,2,41,7,1995,2,2,4,1
201405EE03337,1,19,0,18,0,0,0,0,0,0,1,1,6,1,52,8,1998,2,10,1,1
201405EE03337,2,21,0,11,0,0,0,0,0,0,1,1,1,1,32,6,10837,2,2,1,1
201405EE03337,3,9,0,2,0,0,0,0,0,0,2,1,6,1,-1,-1,4701,1,13,-1,-1
201405EE03337,4,9,0,2,0,0,0,0,0,0,2,1,6,1,-1,-1,3199,1,12,-1,-1
201405EE03347,1,8,0,18,0,8,0,0,0,0,1,1,1,1,31,6,2402,2,12,2,1
201405EE03347,2,9,0,9,0,8,0,0,0,0,1,1,2,1,62,9,1998,2,8,4,1
201405EE03352,1,9,0,18,0,0,0,0,0,0,2,1,6,1,28,6,-1,-1,-1,1,1
201405EE03352,2,9,0,18,0,0,0,0,0,0,1,1,6,1,46,8,1199,1,11,3,1
201405EE03352,3,9,0,18,0,0,0,0,0,0,1,1,6,1,-1,-1,2993,2,6,7,1
201405EE03356,1,9,0,10,0,1,0,0,0,0,1,1,6,1,30,6,1956,2,4,5,1
201405EE03356,2,3,0,18,0,1,0,0,0,0,4,1,6,1,20,4,124,1,-1,1,1
201405EE03356,3,9,0,3,0,1,0,0,0,0,1,1,6,1,56,9,1598,1,10,1,1
201405EE03357,1,9,0,11,0,2,0,0,0,0,4,1,2,1,27,6,1686,2,9,2,1
201405EE03357,2,1,0,18,0,2,0,0,0,0,3,1,6,1,49,8,-1,-1,-1,1,1
201405EE03362,1,11,0,18,0,1,0,0,0,0,0,1,1,1,56,9,6700,2,-1,1,1
201405EE03375,1,9,0,18,0,8,0,0,0,0,1,1,6,2,30,6,1242,1,2,-1,-1
201405EE03375,2,1,0,18,0,8,5,0,0,0,4,1,6,1,17,4,-1,-1,-1,1,1
201405EE03379,1,19,0,1,0,0,0,0,0,0,2,1,6,1,-1,-1,-1,-1,-1,-1,-1
201405EE03385,1,9,0,16,0,0,0,5,8,0,1,1,6,2,33,6,1360,1,10,1,1
201405EE03387,1,19,0,18,0,0,0,0,0,0,4,1,6,1,46,8,2148,2,7,7,1
201405EE03390,1,9,0,18,0,0,0,0,0,0,4,1,6,2,25,5,1197,1,1,-1,-1
201405EE03392,1,9,0,4,0,0,0,0,0,0,4,1,6,1,34,6,1598,1,10,1,1
201405EE03395,1,9,0,9,0,6,0,0,0,0,3,1,6,2,24,5,1198,1,4,2,1
201405EE03395,2,9,0,18,0,1,0,0,0,0,1,1,6,2,32,6,1596,1,8,2,1
201405EE03395,3,9,0,9,0,6,0,0,0,0,4,1,1,1,28,6,2993,2,-1,4,1
201405EE03398,1,19,0,9,0,8,0,0,0,0,1,1,1,1,45,7,3908,2,8,4,1
201405EE03398,2,9,0,9,0,8,0,0,0,0,2,1,6,1,37,7,1560,2,-1,1,1
201405EE03401,1,8,0,18,0,2,0,0,0,0,4,1,1,1,64,9,2664,2,14,9,1
201405EE03401,2,11,0,7,0,2,0,0,0,0,3,1,1,1,43,7,6700,2,6,3,1
201405EE03408,1,8,0,5,0,1,0,0,0,0,1,1,1,1,63,9,1686,2,7,5,1
201405EE03421,1,19,0,1,0,0,0,0,0,0,2,1,6,1,30,6,-1,-1,-1,-1,-1
201405EE03426,1,19,0,18,0,0,0,0,0,0,1,1,6,1,-1,-1,-1,-1,-1,-1,-1
201405EE03426,2,9,0,18,0,0,0,0,0,0,3,1,6,1,46,8,1587,1,9,1,1
201405EE03430,1,19,0,2,0,1,0,0,0,0,3,1,1,1,60,9,2198,2,3,-1,-1
201405EE03430,2,1,0,14,0,1,0,8,0,0,1,1,2,1,40,7,-1,-1,-1,-1,1
201405EE03438,1,9,0,7,0,6,0,0,0,0,1,1,6,1,28,6,1398,1,-1,5,1
201405EE03438,2,9,0,18,0,1,0,0,0,0,4,1,6,2,39,7,1997,2,2,-1,1
201405EE03440,1,9,0,18,0,0,0,0,0,0,1,1,6,1,26,6,1598,1,1,1,1
201405EE03445,1,9,0,18,0,0,0,0,0,0,4,1,6,1,-1,-1,-1,-1,-1,-1,-1
201405EE03453,1,19,0,18,0,1,0,0,0,0,0,1,1,1,37,7,1753,2,4,-1,-1
201405EE03453,2,9,0,18,0,1,0,0,0,0,1,1,1,1,72,10,1108,1,7,1,1
201405EE03453,3,9,0,18,0,1,0,0,0,0,2,1,2,1,48,8,1995,2,10,1,1
201405EE03454,1,9,0,18,0,1,0,0,0,0,1,1,6,1,20,4,973,1,13,5,1
201405EE03454,2,9,0,18,0,1,0,0,0,0,2,1,6,2,33,6,1596,1,11,1,1
201405EE03454,3,9,0,18,0,1,0,0,0,0,2,1,6,2,55,8,1388,1,9,4,1
201405EE03455,1,5,0,18,0,8,0,0,1,0,1,1,6,1,41,7,999,1,9,7,1
201405EE03455,2,9,0,18,0,8,0,0,0,0,3,1,6,1,39,7,1997,2,-1,2,1
201405EE03455,3,9,0,18,0,8,0,0,0,0,3,1,6,1,59,9,1329,1,5,4,3
201405EE03455,4,9,0,18,0,8,0,0,0,0,1,1,6,1,46,8,1781,1,13,7,1
201405EE03464,1,9,0,6,0,0,0,0,0,0,3,1,6,1,54,8,1248,2,7,1,1
201405EE03464,2,3,0,18,0,0,0,0,0,0,1,1,2,1,20,4,124,1,-1,1,1
201405EE03465,1,9,0,18,0,1,0,0,0,0,0,1,1,1,27,6,1582,2,1,-1,-1
201405EE03465,2,9,0,18,0,1,0,0,0,0,2,1,2,1,31,6,1398,1,3,1,1
201405EE03465,3,21,1,18,0,1,0,0,0,0,1,1,1,1,49,8,11946,2,4,-1,-1
201405EE03467,1,9,0,7,0,1,0,0,7,11,3,1,6,1,-1,-1,1275,1,21,-1,-1
201405EE03467,2,9,0,8,0,1,0,0,2,11,3,1,6,2,30,6,1339,1,11,1,1
201405EE03469,1,9,0,18,0,1,0,0,0,0,1,1,6,2,32,6,1560,2,2,5,1
201405EE03469,2,9,0,4,0,1,0,0,0,0,2,1,6,1,50,8,1794,1,6,4,1
201405EE03472,1,8,0,5,0,1,0,0,0,0,0,1,1,1,-1,-1,-1,-1,-1,-1,-1
201405EE03486,1,9,0,5,0,8,0,0,0,0,0,1,6,3,-1,-1,1339,8,7,-1,-1
201405EE03487,1,9,0,18,0,8,0,0,0,0,1,1,6,2,65,9,1497,1,10,1,1
201405EE03487,2,1,0,18,0,8,0,0,0,0,3,1,6,1,12,3,-1,-1,-1,-1,1
201405EE03518,1,9,0,9,0,8,0,7,0,0,4,1,6,1,21,5,1796,1,6,1,1
201405EE03518,2,8,0,18,0,8,0,0,0,0,1,1,1,1,63,9,2402,2,9,5,1
201405EE03536,1,9,0,1,0,8,0,0,0,0,2,1,6,1,40,7,1598,1,7,1,1
201405EE03548,1,9,0,9,0,1,0,0,0,0,1,1,2,2,26,6,1328,1,5,1,1
201405EE03548,2,9,0,18,0,1,0,0,0,0,1,1,2,1,40,7,1248,2,7,4,1
201405EE03549,1,9,0,9,0,8,0,0,0,0,1,1,6,1,33,6,1497,1,14,1,1
201405EE03567,1,9,0,18,0,1,0,0,0,0,1,1,6,1,39,7,1587,1,13,1,1
201405EE03567,2,9,0,3,0,1,0,0,0,0,2,1,6,1,71,10,2435,1,11,-1,1
201405EE03567,3,8,0,3,0,1,0,0,0,0,2,1,1,1,55,8,1998,2,8,3,1
201405EE03574,1,9,0,4,0,0,0,0,0,0,1,1,6,2,34,6,1896,2,16,-1,-1
201405EE03576,1,19,0,7,0,5,0,0,0,0,4,1,1,1,-1,-1,1560,2,2,-1,-1
201405EE03576,2,1,0,18,0,8,0,0,0,0,3,1,2,1,35,6,-1,-1,-1,9,1
201405EE03582,1,9,0,18,0,8,0,0,0,0,1,1,6,2,-1,-1,1388,1,11,-1,-1
201405EE03582,2,1,0,18,0,1,0,0,0,0,1,1,6,2,32,6,-1,-1,-1,-1,1
201405EE03584,1,9,0,18,0,8,0,0,0,0,1,1,6,2,19,4,1390,1,2,3,1
201405EE03584,2,9,0,9,0,8,0,0,0,0,1,1,1,2,23,5,1596,1,5,5,2
201405EE03589,1,11,0,5,0,0,0,0,0,0,0,1,1,1,37,7,6692,2,3,-1,-1
201405EE03594,1,9,0,9,0,8,0,0,0,0,1,1,6,1,27,6,1560,2,7,-1,-1
201405EE03594,2,9,0,18,0,1,0,0,0,0,1,1,6,1,41,7,1560,2,7,7,1
201405EE03602,1,9,0,5,0,0,0,0,0,0,1,1,6,2,-1,-1,1296,1,7,-1,-1
201405EE03602,2,9,0,18,0,0,0,0,0,0,1,1,6,2,50,8,1242,1,1,1,1
201405EE03613,1,8,0,18,0,0,0,0,0,0,3,1,1,1,51,8,1686,2,8,1,1
201405EE03623,1,9,0,5,0,2,0,0,0,0,2,1,6,1,69,10,1753,2,12,1,1
201405EE03623,2,9,0,18,0,2,0,0,0,0,1,1,6,3,-1,-1,-1,-1,-1,-1,-1
201405EE03627,1,9,0,18,0,8,0,0,7,0,1,1,6,2,23,5,1968,2,4,5,1
201405EE03627,2,9,0,18,0,8,0,0,1,11,3,1,6,1,37,7,2171,1,11,1,1
201405EE03640,1,9,0,18,0,8,0,0,0,0,3,1,6,2,34,6,1398,1,2,5,1
201405EE03640,2,9,0,18,0,8,0,0,0,0,1,1,6,2,23,5,-1,-1,-1,-1,-1
201405EE03644,1,11,0,18,0,0,0,0,0,0,4,1,1,1,42,7,4250,2,1,3,1
201405EE03647,1,9,0,18,0,1,0,0,0,0,1,1,6,1,21,5,1197,1,-1,1,1
201405EE03650,1,19,0,18,0,1,0,0,0,0,1,1,6,3,-1,-1,-1,-1,-1,-1,-1
201405EE03650,2,1,0,18,0,1,0,0,0,0,2,1,6,1,22,5,-1,-1,-1,-1,-1
201405EE03656,1,8,0,18,0,8,0,0,0,0,4,1,1,1,-1,-1,2402,2,11,-1,-1
201405EE03657,1,11,0,18,0,2,0,0,0,0,0,1,1,1,53,8,6692,2,3,2,1
201405EE03657,2,8,0,11,0,2,0,0,0,0,0,1,2,1,-1,-1,-1,-1,-1,-1,-1
201405EE03666,1,20,0,11,0,1,0,0,0,0,1,1,1,1,34,6,11946,2,6,6,1
201405EE03666,2,9,0,18,0,1,0,0,0,0,3,1,6,2,44,7,1991,2,4,3,1
201405EE03666,3,9,0,18,0,1,0,0,0,0,1,1,1,2,22,5,-1,-1,-1,1,1
201405EE03669,1,9,0,18,0,0,0,4,0,0,1,1,2,2,32,6,1560,2,1,1,1
201405EE03669,2,9,0,2,0,0,0,0,0,0,2,1,6,1,56,9,1870,2,10,1,1
201405EE03675,1,9,0,18,0,8,0,0,0,0,1,1,6,2,18,4,1995,2,2,7,1
201405EE03675,2,9,0,3,0,8,0,0,0,0,2,1,3,1,40,7,1397,1,2,2,1
201405EE03676,1,8,0,18,0,8,0,0,0,0,3,1,1,1,52,8,2402,2,8,1,1
201405EE03676,2,1,0,18,0,8,0,0,0,0,1,1,6,2,57,9,-1,-1,-1,5,1
201405EE03689,1,9,0,9,0,8,0,0,0,0,4,1,6,1,32,6,1700,2,5,1,1
201405EE03689,2,1,0,18,0,1,0,0,0,0,1,1,6,1,-1,-1,-1,-1,-1,-1,-1
201405EE03693,1,9,0,5,0,1,0,0,0,0,1,1,6,1,-1,-1,1598,2,8,-1,-1
201405EE03693,2,11,0,3,0,1,0,0,0,0,4,1,1,1,44,7,6700,2,5,-1,1
201405EE03712,1,9,0,18,0,0,0,0,0,0,3,1,1,1,48,8,-1,-1,-1,4,1
201405EE03712,2,9,0,11,0,0,0,0,0,0,1,1,6,1,-1,-1,2696,2,8,-1,1
201405EE03713,1,9,0,9,0,5,0,0,0,0,4,1,6,1,68,10,2198,2,7,4,1
201405EE03713,2,1,0,18,0,8,0,0,0,0,1,1,6,1,44,7,-1,-1,-1,1,1
201405EE03717,1,11,0,18,0,0,0,0,0,0,0,1,1,1,50,8,-1,-1,-1,-1,-1
201405EE03725,1,11,0,7,0,8,0,0,0,0,1,1,1,1,34,6,-1,-1,-1,2,1
201405EE03729,1,9,0,9,0,8,0,0,7,1,1,1,1,2,42,7,1399,2,8,1,1
201405EE03731,1,19,0,18,0,1,0,0,0,0,1,1,2,1,24,5,2198,2,-1,1,1
201405EE03731,2,3,0,18,0,1,0,0,0,0,1,1,2,1,25,5,124,1,2,8,1
201405EE03734,1,9,0,18,0,0,0,0,0,0,0,1,6,3,-1,-1,-1,-1,-1,-1,-1
201405EE03734,2,9,0,18,0,0,0,0,5,2,3,1,6,1,33,6,1910,2,9,-1,1
201405EE03735,1,9,0,9,0,8,0,0,0,0,1,1,6,2,33,6,1956,2,4,1,1
201405EE03735,2,9,0,18,0,8,0,0,0,0,1,1,6,2,30,6,-1,-1,-1,1,1
201405EE03744,1,9,0,18,0,1,0,0,0,0,1,1,2,2,57,9,1997,2,7,10,1
201405EE03744,2,9,0,10,0,5,0,0,0,0,2,1,2,2,50,8,1995,1,5,7,1
201405EE03750,1,9,0,16,0,0,0,0,0,0,1,1,2,2,46,8,1400,1,14,5,1
201405EE03750,2,9,0,18,0,0,0,0,1,0,1,1,2,2,29,6,1598,1,1,3,1
201405EE03752,1,9,0,18,0,1,0,0,0,0,1,1,6,1,-1,-1,2319,1,18,-1,-1
201405EE03752,2,9,0,18,0,1,0,0,0,0,0,1,6,1,-1,-1,4008,1,16,-1,-1
201405EE03752,3,9,0,18,0,1,0,0,0,0,2,1,6,1,53,8,1582,2,6,1,1
201405EE03753,1,9,0,18,0,8,0,0,0,0,1,1,1,1,63,9,-1,-1,-1,4,1
201405EE03753,2,9,0,18,0,8,0,0,0,0,1,1,2,1,32,6,1598,1,10,1,1
201405EE03788,1,9,0,4,0,1,0,0,0,0,2,1,2,2,37,7,2496,1,9,6,1
201405EE03788,2,9,0,4,0,1,0,0,0,0,1,1,6,1,40,7,-1,-1,-1,-1,-1
201405EE03793,1,2,0,5,0,0,0,0,0,0,1,1,6,1,20,4,49,1,3,-1,-1
201405EE03793,2,9,0,18,0,0,0,0,0,0,1,1,6,2,19,4,1240,1,6,1,1
201405EE03818,1,9,0,6,0,8,0,0,0,0,4,1,1,1,33,6,4799,1,7,3,1
201405EE03818,2,9,0,18,0,8,0,0,0,0,1,1,1,1,50,8,-1,-1,-1,1,1
201405EE03828,1,9,0,18,0,0,0,0,0,0,1,1,6,2,27,6,1242,1,2,8,1
201405EE03830,1,9,0,6,0,1,0,0,0,0,1,1,2,1,46,8,1248,2,6,1,1
201405EE03830,2,5,0,18,0,1,0,0,0,0,1,1,2,1,56,9,900,1,14,5,2
201405EE03840,1,9,0,4,0,1,0,0,0,0,1,1,6,1,80,11,1968,2,5,7,1
201405EE03840,2,9,0,3,0,1,0,0,0,0,2,1,6,2,56,9,998,1,5,2,1
201405EE03840,3,9,0,3,0,1,0,0,0,0,2,1,2,1,46,8,1995,2,-1,-1,1
201405EE03843,1,9,0,4,0,8,0,0,0,0,1,1,6,1,32,6,2171,2,11,1,1
201405EE03843,2,9,0,5,0,8,0,0,0,0,3,1,6,1,49,8,-1,-1,-1,-1,-1
201405EE03845,1,11,0,18,0,8,0,0,0,0,1,1,1,1,-1,-1,-1,-1,-1,-1,-1
201405EE03845,2,1,0,18,0,8,0,0,0,0,3,1,6,1,23,5,-1,-1,-1,-1,-1
201405EE03846,1,9,0,18,0,1,0,0,0,0,1,1,6,3,-1,-1,1598,1,9,-1,-1
201405EE03846,2,9,0,3,0,1,0,0,0,0,2,1,6,1,25,5,1598,1,2,9,1
201405EE03852,1,1,0,9,0,8,0,0,0,0,3,1,1,2,30,6,-1,-1,-1,8,1
201405EE03852,2,9,0,18,0,8,0,0,0,0,3,1,6,1,31,6,1753,2,8,2,1
201405EE03853,1,9,0,18,0,8,0,0,0,0,4,1,6,3,-1,-1,-1,-1,-1,-1,-1
201405EE03854,1,1,0,18,0,1,0,0,0,0,1,1,6,1,13,3,-1,-1,-1,-1,-1
201405EE03854,2,9,0,18,0,2,0,0,0,0,4,1,6,1,34,6,1956,2,-1,1,1
201405EE03855,1,9,0,18,0,1,0,0,0,0,3,1,6,2,25,5,1388,1,9,1,1
201405EE03856,1,19,0,9,0,1,0,0,0,0,1,1,6,1,32,6,2402,2,10,1,1
201405EE03856,2,9,0,18,0,8,0,0,0,0,3,1,6,2,29,6,1598,1,4,5,1
201405EE03857,1,9,0,9,0,1,0,0,0,0,3,1,6,1,22,5,1061,1,8,5,2
201405EE03857,2,9,0,18,0,1,0,0,0,0,1,1,6,1,43,7,2493,8,-1,3,1
201405EE03874,1,9,0,4,0,1,0,0,0,0,1,1,6,1,68,10,998,1,-1,-1,-1
201405EE03874,2,3,0,4,0,1,0,0,0,0,2,1,6,1,25,5,124,1,3,1,1
201405EE03887,1,9,0,18,0,8,0,0,0,0,1,1,1,1,48,8,1794,1,10,1,1
201405EE03887,2,19,0,18,0,8,0,0,0,0,4,1,1,1,43,7,1686,2,3,1,1
201405EE03892,1,11,0,18,0,0,0,0,0,0,0,1,1,1,48,8,3900,2,8,2,1
201405EE03893,1,11,0,18,0,0,0,0,0,0,1,1,1,1,64,9,6700,2,4,9,1
201405EE03893,2,9,0,5,0,0,0,0,0,0,1,1,6,1,28,6,1388,1,4,4,1
201405EE03897,1,5,0,18,0,0,2,0,0,0,4,1,6,1,59,9,1441,1,2,8,1
201405EE03915,1,9,0,9,0,8,0,0,0,0,1,1,6,3,-1,-1,2435,1,17,-1,-1
201405EE03915,2,9,0,18,0,8,0,0,0,0,4,1,6,1,54,8,1596,1,8,1,1
201405EE03915,3,9,0,18,0,8,0,0,0,0,1,1,6,1,52,8,3311,8,5,8,1
201405EE03919,1,9,0,18,0,1,0,0,0,0,4,1,2,1,39,7,1596,1,9,1,1
201405EE03919,2,9,0,18,0,1,0,0,0,0,3,1,6,3,-1,-1,-1,-1,-1,-1,-1
201405EE03923,1,8,0,4,0,1,0,0,0,0,1,1,1,1,50,8,2499,2,6,-1,-1
201405EE03927,1,9,0,3,0,1,0,0,0,0,1,1,6,2,-1,-1,1240,1,9,-1,-1
201405EE03927,2,9,0,3,0,1,0,0,0,0,2,1,6,1,39,7,1686,2,4,1,1
201405EE03929,1,11,0,16,0,8,0,0,0,0,4,1,1,1,48,8,3900,2,9,2,1
201405EE03947,1,8,0,18,0,2,0,0,0,0,4,1,1,1,26,6,2402,2,12,1,1
201405EE03950,1,9,0,9,0,1,0,0,0,0,1,1,6,1,-1,-1,1910,2,9,-1,-1
201405EE03950,2,9,0,9,0,1,0,0,0,0,2,1,6,1,46,8,1753,2,9,1,1
201405EE03952,1,9,0,17,0,8,1,0,0,0,4,1,6,1,56,9,1587,1,9,1,1
201405EE03952,2,9,0,16,0,8,0,0,0,0,3,1,6,2,25,5,1598,1,8,5,1
201405EE03960,1,90,0,18,0,1,0,0,0,0,1,1,6,1,56,9,124,1,-1,1,1
201405EE03960,2,9,0,2,0,1,0,0,0,0,1,1,6,1,65,9,1998,1,6,-1,-1
201405EE03969,1,9,0,18,0,8,0,0,0,0,0,1,6,2,30,6,1596,1,2,1,1
201405EE03976,1,9,0,18,0,1,0,0,0,0,1,1,6,2,50,8,1461,2,9,7,3
201405EE03976,2,9,0,3,0,1,0,0,0,0,2,1,6,2,23,5,1360,1,9,4,1
201405EE03979,1,9,0,5,0,0,0,0,0,0,3,1,6,2,-1,-1,1870,2,9,-1,-1
201405EE03990,1,9,0,9,0,8,5,10,0,0,4,1,6,2,22,5,796,1,14,-1,-1
201405EE03990,2,19,0,18,0,8,0,0,0,0,1,1,1,1,51,8,2198,2,1,4,1
201405EE03999,1,9,0,9,0,2,0,0,0,0,3,1,6,1,50,8,1360,1,3,2,1
201405EE04003,1,9,0,18,0,8,0,0,0,0,1,1,6,2,-1,-1,-1,-1,-1,-1,-1
201405EE04020,1,9,0,18,0,0,0,0,0,0,1,1,6,1,-1,-1,-1,-1,-1,-1,-1
201405EE04020,2,9,0,4,0,0,0,0,0,0,2,1,6,1,27,6,1968,2,8,3,1
201405EE04020,3,9,0,4,0,0,0,0,0,0,2,1,6,1,64,9,1198,1,5,3,1
201405EE04030,1,19,0,18,0,3,0,0,0,0,0,1,1,1,38,7,2402,2,13,1,1
201405EE04043,1,9,0,18,0,0,0,0,0,0,3,1,6,2,30,6,1242,1,2,1,1
201405EE04057,1,9,0,9,0,1,0,0,0,0,1,1,6,1,25,5,1598,1,14,1,1
201405EE04057,2,9,0,18,0,1,0,0,0,0,1,1,6,1,38,7,1896,2,8,1,1
201405EE04068,1,9,0,18,0,0,0,0,0,0,1,1,6,1,28,6,1896,2,6,-1,1
201405EE04068,2,11,0,2,0,0,0,0,0,0,2,1,1,1,37,7,-1,2,14,2,1
201405EE04069,1,9,0,1,0,1,0,0,0,0,4,1,1,2,24,5,1390,1,7,-1,1
201405EE04069,2,9,0,1,0,1,0,0,0,0,1,1,1,1,21,5,1560,2,1,1,1
201405EE04076,1,9,0,18,0,1,0,0,0,0,1,1,2,1,22,5,1390,1,9,2,1
201405EE04076,2,9,0,4,0,1,0,0,0,0,2,1,2,1,27,6,1368,1,6,1,1
201405EE04084,1,9,0,3,0,1,0,0,0,0,1,1,6,1,-1,-1,1497,1,11,-1,-1
201405EE04084,2,9,0,3,0,1,0,0,0,0,2,1,2,2,21,5,1299,1,7,8,3
201405EE04093,1,9,0,18,0,0,0,0,0,0,1,1,6,2,46,8,1242,1,7,3,1
201405EE04093,2,3,0,14,0,0,0,0,0,0,1,1,6,1,24,5,124,1,6,5,1
201405EE04097,1,9,0,14,0,8,0,0,0,0,1,1,6,2,70,10,1298,1,12,1,1
201405EE04111,1,21,1,7,0,5,0,0,1,1,4,1,1,1,35,6,11967,2,1,2,1
201405EE04111,2,9,0,18,0,8,0,0,0,0,1,1,2,1,35,6,1242,1,1,3,1
201405EE04111,3,9,0,2,0,1,0,0,0,0,2,1,6,1,70,10,1197,1,4,2,1
201405EE04130,1,9,0,12,0,0,0,0,0,0,2,1,6,1,-1,-1,1242,1,11,-1,-1
201405EE04130,2,1,0,18,0,0,0,0,0,0,1,1,2,1,57,9,-1,-1,-1,2,1
201405EE04131,1,8,0,9,0,8,0,0,0,0,4,1,1,1,28,6,-1,-1,-1,1,1
201405EE04131,2,9,0,18,0,8,0,0,0,0,1,1,6,1,19,4,1229,1,3,1,1
201405EE04134,1,9,0,10,0,1,0,0,0,0,1,1,6,1,21,5,999,1,-1,1,1
201405EE04134,2,9,0,1,0,8,0,0,0,0,2,1,6,1,-1,-1,1968,2,1,-1,-1
201405EE04141,1,9,0,18,0,0,0,0,0,0,4,1,1,1,50,8,1686,2,4,9,1
201405EE04143,1,19,0,18,0,1,0,0,0,0,1,1,6,3,-1,-1,-1,-1,-1,-1,-1
201405EE04145,1,9,0,18,0,0,0,0,0,0,1,1,6,1,-1,-1,2319,1,19,-1,-1
201405EE04145,2,9,0,18,0,0,0,0,0,0,1,1,6,1,51,8,998,1,-1,1,1
201405EE04145,3,9,0,2,0,0,0,0,0,0,1,1,6,2,45,7,1299,1,10,4,1
201405EE04145,4,9,0,2,0,0,0,0,0,0,1,1,6,2,74,10,998,1,2,10,1
201405EE04151,1,11,0,18,0,2,0,0,0,0,1,1,1,1,54,8,3900,2,10,2,1
201405EE04152,1,8,0,9,0,6,0,0,0,0,3,1,1,1,55,8,1910,2,7,1,1
201405EE04152,2,3,0,18,0,1,0,0,0,0,1,1,6,1,16,4,-1,-1,-1,1,1
201405EE04154,1,9,0,15,0,8,0,0,0,0,0,1,6,1,-1,-1,1596,1,7,-1,-1
201405EE04154,2,11,0,18,0,8,0,0,0,0,0,1,1,1,56,9,6700,2,5,9,1
201405EE04164,1,9,0,18,0,1,0,0,0,0,1,1,6,1,35,6,1796,1,16,1,1
201405EE04164,2,9,0,18,0,1,0,0,0,0,2,1,6,2,44,7,998,1,6,1,1
201405EE04168,1,9,0,4,0,1,0,0,0,0,2,1,6,1,65,9,1248,2,3,7,1
201405EE04168,2,9,0,4,0,1,0,0,0,0,2,1,6,1,35,6,1461,2,7,1,1
201405EE04168,3,9,0,18,0,1,0,0,0,0,1,1,6,1,40,7,1796,1,6,6,1
201405EE04188,1,9,0,3,0,8,0,0,0,0,0,1,6,2,26,6,1582,2,1,-1,-1
201405EE04188,2,19,0,18,0,1,0,0,0,0,2,1,6,1,42,7,-1,-1,-1,1,1
201405EE04188,3,9,0,18,0,1,0,0,0,0,1,1,6,2,40,7,1388,1,10,1,1
201405EE04189,1,9,0,9,0,8,1,0,0,0,4,1,6,2,39,7,1968,2,6,5,1
201405EE04189,2,8,0,17,0,8,0,0,0,0,1,1,6,1,24,5,1910,2,7,1,1
201405EE04197,1,9,0,1,0,0,0,0,0,0,2,1,6,1,-1,-1,-1,-1,-1,-1,-1
201405EE04197,2,9,0,2,0,0,0,0,0,0,1,1,6,2,37,7,2148,2,6,1,1
201405EE04201,1,8,0,18,0,8,1,0,0,0,1,1,1,1,30,6,2664,2,13,5,1
201405EE04201,2,8,0,7,0,5,1,0,0,0,2,1,1,1,64,9,1997,2,6,3,1
201405EE04211,1,9,0,18,0,0,1,0,2,0,1,1,6,1,18,4,1598,1,6,8,1
201405EE04211,2,21,0,2,0,0,1,0,0,0,4,1,6,1,34,6,-1,-1,-1,-1,-1
201405EE04213,1,9,0,9,0,8,0,0,3,6,1,1,6,1,44,7,-1,-1,-1,1,1
201405EE04213,2,9,0,18,0,8,0,0,3,6,1,1,6,2,36,7,1242,1,5,1,1
201405EE04224,1,9,0,7,0,1,0,0,0,0,2,1,6,1,36,7,1753,2,7,1,1
201405EE04224,2,1,0,18,0,1,0,0,0,0,1,1,6,1,49,8,-1,-1,-1,1,1
201405EE04227,1,9,0,18,0,1,0,0,0,0,1,1,6,1,33,6,1598,1,8,1,1
201405EE04227,2,9,0,3,0,1,0,0,0,0,2,1,6,1,36,7,1995,2,9,1,1
201405EE04227,3,9,0,3,0,1,0,0,0,0,2,1,6,1,50,8,3239,1,18,7,1
201405EE04235,1,8,0,18,0,1,0,0,0,0,1,1,1,1,22,5,2402,2,9,5,1
201405EE04235,2,19,0,18,0,1,0,0,0,0,2,1,6,1,53,8,1896,2,13,-1,1