Accident_Index,Vehicle_Reference,Vehicle_Type,Towing_and_Articulation,Vehicle_Manoeuvre,Vehicle_Location-Restricted_Lane,Junction_Location,Skidding_and_Overturning,Hit_Object_in_Carriageway,Vehicle_Leaving_Carriageway,Hit_Object_off_Carriageway,1st_Point_of_Impact,Was_Vehicle_Left_Hand_Drive?,Journey_Purpose_of_Driver,Sex_of_Driver,Age_of_Driver,Age_Band_of_Driver,Engine_Capacity_(CC),Propulsion_Code,Age_of_Vehicle,Driver_IMD_Decile,Driver_Home_Area_Type
201405FF01180,1,9,0,18,0,3,0,0,0,0,4,1,6,1,58,9,2148,2,5,7,1
201405FF01180,2,1,0,18,0,3,0,0,0,0,4,1,1,1,39,7,-1,-1,-1,1,1
201405FF01182,1,9,0,5,0,4,0,0,0,0,1,1,2,1,39,7,1968,2,5,8,1
201405FF01182,2,1,0,17,0,8,0,0,0,0,2,1,2,1,58,9,-1,-1,-1,4,1
201405FF01184,1,11,0,18,0,0,0,0,0,0,0,1,1,1,-1,-1,6692,2,3,-1,-1
201405FF01204,1,9,0,18,0,0,0,0,0,0,1,1,6,2,34,6,1796,1,11,2,1
201405FF01204,2,9,0,18,0,0,0,0,0,0,2,1,6,1,57,9,1968,2,1,-1,-1
201405FF01227,1,8,0,18,0,8,0,0,0,0,1,1,1,1,-1,-1,1598,2,1,-1,-1
201405FF01227,2,1,0,18,0,8,0,0,0,0,1,1,6,1,38,7,-1,-1,-1,1,1
201405FF01232,1,9,0,18,0,0,0,0,0,0,1,1,6,1,17,4,1560,2,4,1,1
201405FF01232,2,9,0,4,0,0,0,0,0,0,2,1,6,2,43,7,1998,2,8,-1,1
201405FF01232,3,9,0,4,0,0,0,0,0,0,2,1,2,2,56,9,1998,1,5,5,1
201405FF01247,1,1,0,5,0,0,5,0,0,0,3,1,2,1,37,7,-1,-1,-1,1,1
201405FF01247,2,9,0,18,0,0,1,0,0,0,1,1,6,1,21,5,998,1,1,1,1
201405FF01260,1,11,0,4,0,8,0,0,0,0,0,2,1,1,36,7,-1,2,13,1,1
201405FF01276,1,11,0,4,0,1,0,0,0,0,0,1,1,1,-1,-1,-1,-1,-1,-1,-1
201405FF01283,1,9,0,9,0,5,0,0,0,0,1,1,6,2,53,8,1242,1,5,5,1
201405FF01283,2,3,0,18,0,1,0,0,0,0,3,1,6,1,17,4,124,1,1,1,1
201405FF01286,1,9,0,6,0,2,0,0,0,0,3,1,6,1,84,11,1498,1,5,2,1
201405FF01286,2,9,0,18,0,2,0,0,0,0,1,1,6,1,43,7,1781,1,10,5,1
201405FF01287,1,9,0,5,0,4,0,0,0,0,1,1,6,1,26,6,998,1,9,1,1
201405FF01287,2,1,0,17,0,8,0,0,0,0,4,1,2,1,48,8,-1,-1,-1,3,1
201405FF01300,1,9,0,18,0,8,0,0,0,0,1,1,6,1,19,4,1596,1,12,-1,1
201405FF01300,2,8,0,18,0,8,0,0,0,0,3,1,6,1,56,9,2664,2,15,5,1
201405FF01311,1,9,0,18,0,8,0,0,0,0,1,1,1,1,50,8,1968,2,2,5,1
201405FF01311,2,9,0,18,0,8,0,0,3,7,4,1,6,2,52,8,1242,1,17,2,1
201405FF01316,1,9,0,18,0,1,0,0,0,0,1,1,6,1,40,7,1997,2,10,3,1
201405FF01316,2,1,0,18,0,1,0,0,0,0,4,1,6,1,35,6,-1,-1,-1,7,1
201405FF01338,1,9,0,18,0,1,0,0,0,0,1,1,6,2,29,6,1461,2,5,7,1
201405FF01338,2,9,0,3,0,1,0,0,0,0,2,1,6,1,54,8,-1,-1,-1,-1,1
201405FF01338,3,9,0,3,0,1,0,0,0,0,2,1,6,1,48,8,-1,-1,-1,-1,-1
201405FF01341,1,9,0,9,0,8,0,0,0,0,4,1,6,2,71,10,1900,1,15,7,1
201405FF01341,2,9,0,18,0,8,0,0,0,0,1,1,6,1,61,9,1598,1,2,1,1
201405FF01345,1,9,0,18,0,1,0,0,0,0,1,1,6,2,31,6,1399,2,3,1,1
201405FF01349,1,9,0,5,0,6,0,0,0,0,1,1,6,1,57,9,1783,1,12,8,1
201405FF01349,2,9,0,18,0,1,0,0,0,0,4,1,6,1,20,4,1299,1,12,4,2
201405FF01350,1,9,0,9,0,8,0,0,0,0,1,1,6,1,52,8,-1,-1,-1,9,1
201405FF01350,2,9,0,18,0,8,0,0,0,0,1,1,6,2,27,6,1368,1,5,1,1
201405FF01378,1,9,0,18,0,1,0,0,0,0,4,1,6,1,-1,-1,1124,1,13,-1,-1
201405FF01378,2,1,0,18,0,2,0,0,0,0,1,1,6,1,25,5,-1,-1,-1,2,1
201405FF01401,1,9,0,9,0,5,0,0,0,0,1,1,2,1,20,4,973,1,12,-1,1
201405FF01406,1,9,0,4,0,1,0,0,0,0,2,1,1,2,47,8,1587,1,5,-1,1
201405FF01406,2,9,0,18,0,1,0,0,0,0,1,1,6,2,30,6,1149,1,13,1,1
201405FF01429,1,9,0,5,0,0,0,0,0,0,1,1,6,1,30,6,1598,1,7,7,1
201405FF01430,1,9,0,18,0,8,0,0,0,0,4,1,6,2,60,9,1388,1,10,1,1
201405FF01430,2,9,0,18,0,8,0,0,0,0,1,1,6,1,57,9,1598,1,1,1,1
201405FF01434,1,9,0,18,0,0,0,0,0,0,1,1,6,1,30,6,2354,1,9,1,1
201405FF01439,1,9,0,18,0,0,0,0,0,0,1,1,6,1,29,6,1986,2,7,1,1
201405FF01439,2,9,0,3,0,0,0,0,0,0,2,1,1,1,64,9,1896,2,6,9,1
201405FF01440,1,19,0,18,0,0,0,0,7,4,1,1,6,1,27,6,2402,2,13,7,1
201405FF01440,2,9,0,18,0,0,0,0,0,0,0,1,6,1,42,7,1582,2,2,-1,-1
201405FF01449,1,9,0,18,0,2,0,0,0,0,1,1,6,3,-1,-1,-1,-1,-1,-1,-1
201405FF01449,2,1,0,18,0,2,0,0,0,0,2,1,2,1,26,6,-1,-1,-1,1,1
201405FF01468,1,9,0,18,0,6,0,0,0,0,1,1,6,1,53,8,1600,1,15,5,1
201405FF01468,2,1,0,17,0,1,0,0,0,0,4,1,6,1,45,7,-1,-1,-1,1,1
201405FF01481,1,9,0,18,0,0,0,0,0,0,3,1,6,1,60,9,1598,1,7,1,1
201405FF01486,1,9,0,9,0,2,0,0,0,0,1,1,6,1,30,6,-1,-1,-1,-1,-1
201405FF01498,1,9,0,6,0,8,0,0,0,0,1,1,6,1,50,8,1598,1,13,1,1
201405FF01527,1,9,0,18,0,0,0,0,0,0,4,1,6,1,29,6,2698,2,5,8,1
201405FF01552,1,11,0,5,0,1,0,0,0,0,0,1,1,1,44,7,6692,2,3,1,1
201405FF01560,1,9,0,9,0,6,0,0,0,0,4,1,6,1,34,6,1596,1,3,2,1
201405FF01560,2,9,0,18,0,1,0,0,1,0,1,1,6,1,22,5,1560,2,6,-1,1
201405FF01561,1,9,0,9,0,6,0,0,0,0,1,1,6,1,-1,-1,1299,1,12,-1,-1
201405FF01561,2,1,0,18,0,1,0,0,0,0,1,1,6,1,30,6,-1,-1,-1,5,1
201405FF01568,1,9,0,18,0,1,0,0,0,0,1,1,2,2,31,6,1598,1,9,1,1
201405FF01573,1,9,0,18,0,4,0,0,0,0,4,1,6,2,49,8,1149,1,5,7,1
201405FF01590,1,9,0,1,0,0,0,0,0,0,2,1,6,2,-1,-1,1299,1,10,-1,-1
201405FF01594,1,9,0,18,0,2,0,0,0,0,3,1,3,1,68,10,1339,8,6,1,1
201405FF01596,1,9,0,9,0,1,0,0,0,0,1,1,6,1,28,6,1995,2,10,8,1
201405FF01596,2,8,0,18,0,1,0,0,0,0,1,1,1,1,53,8,2664,2,15,-1,-1
201405FF01616,1,19,0,9,0,2,0,0,0,0,3,1,1,1,30,6,-1,-1,-1,1,1
201405FF01650,1,20,0,7,0,6,0,0,0,0,3,1,1,1,40,7,5880,2,9,1,1
201405FF01650,2,1,0,18,0,1,0,0,0,0,1,1,1,1,47,8,-1,-1,-1,7,1
201405FF01664,1,9,0,7,0,2,0,0,7,2,1,1,6,1,86,11,1299,1,13,2,1
201405FF01672,1,9,0,2,0,0,0,0,0,0,2,1,6,3,-1,-1,1956,2,2,-1,-1
201405FF01672,2,9,0,2,0,0,0,0,0,0,3,1,6,3,-1,-1,-1,-1,-1,-1,-1
201405FF01678,1,9,0,9,0,8,0,7,6,1,4,1,6,1,19,4,1198,1,2,3,1
201405FF01678,2,9,0,18,0,8,0,0,0,0,1,1,6,2,20,4,1242,1,2,1,1
201405FF01687,1,9,0,18,0,0,0,0,1,4,1,1,6,1,28,6,1596,1,10,5,1
201405FF01696,1,9,0,9,0,2,0,0,0,0,1,1,2,2,50,8,1242,1,11,10,1
201405FF01701,1,9,0,18,0,0,0,0,0,0,4,1,6,2,71,10,999,1,12,4,1
201405FF01733,1,9,0,8,0,6,0,0,0,0,1,1,6,1,24,5,1364,1,4,-1,-1
201405FF01733,2,9,0,10,0,1,0,0,0,0,2,1,6,2,32,6,1399,2,2,1,1
201405FF01736,1,1,0,9,0,6,0,0,0,0,1,1,6,1,41,7,-1,-1,-1,1,1
201405FF01736,2,8,0,18,0,1,0,0,0,0,1,1,1,1,63,9,2499,2,7,6,1
201405FF01753,1,9,0,6,0,6,0,0,0,0,1,1,6,2,41,7,1596,1,7,6,1
201405FF01758,1,9,0,18,0,4,0,0,0,0,1,1,6,1,23,5,998,1,1,8,1
201405FF01758,2,1,0,18,0,8,0,0,0,0,2,1,6,1,20,4,-1,-1,-1,1,1
201405FF01766,1,19,0,5,0,6,0,0,0,0,1,1,1,1,58,9,1248,2,3,4,2
201405FF01766,2,19,0,18,0,1,0,0,0,0,4,1,1,1,68,10,-1,3,-1,-1,-1
201405FF01768,1,9,0,18,0,0,0,4,0,0,4,1,6,2,74,10,1248,1,4,8,1
201405FF01768,2,9,0,2,0,0,0,0,0,0,3,1,6,2,38,7,2148,2,9,-1,1
201405FF01768,3,9,0,2,0,0,0,0,0,0,2,1,6,1,48,8,1197,1,3,8,1
201405FF01770,1,9,0,18,0,3,0,0,0,0,4,1,6,1,43,7,1753,2,10,1,1
201405FF01787,1,8,0,18,0,0,0,0,0,0,0,1,1,1,40,7,2499,2,5,-1,-1
201405FF01799,1,9,0,18,0,0,0,0,0,0,1,1,6,2,21,5,1242,1,8,6,1
201405FF01799,2,11,0,3,0,0,0,0,0,0,2,1,1,1,56,9,7300,2,8,1,1
201405FF01804,1,9,0,18,0,4,0,0,0,0,1,1,6,1,-1,-1,1390,1,9,-1,-1
201405FF01804,2,8,0,8,0,1,0,0,0,0,3,1,1,1,43,7,2402,2,11,9,1
201405FF01805,1,9,0,18,0,1,0,0,0,0,1,1,6,2,32,6,1598,1,9,-1,-1
201405FF01805,2,8,0,3,0,1,0,0,0,0,2,1,1,1,41,7,2402,2,11,4,1
201405FF01826,1,9,0,9,0,6,0,0,0,0,3,1,6,1,25,5,1324,1,14,1,1
201405FF01826,2,4,0,18,0,1,0,0,0,0,1,1,6,1,34,6,125,1,1,3,1
201405FF01858,1,9,0,14,0,0,0,0,0,0,4,1,2,2,34,6,1086,1,7,1,1
201405FF01868,1,9,0,5,0,1,0,0,0,0,1,1,1,2,24,5,-1,-1,-1,2,1
201405FF01911,1,9,0,9,0,8,0,0,0,0,1,1,6,3,-1,-1,-1,-1,-1,-1,-1
201405FF01916,1,9,0,11,0,1,0,0,0,0,3,1,6,1,33,6,-1,-1,-1,1,1
201405FF01916,2,11,0,18,0,1,0,0,0,0,3,1,1,1,36,7,6696,2,1,1,1
201405FF01922,1,11,0,5,0,8,0,0,0,0,4,1,1,1,25,5,-1,-1,-1,-1,-1
201405FF01922,2,1,0,5,0,8,0,0,0,0,3,1,2,2,25,5,-1,-1,-1,3,1
201405FF01932,1,9,0,6,0,0,0,0,0,0,3,1,6,1,27,6,1596,1,9,5,1
201405FF01932,2,1,0,18,0,0,0,0,0,0,1,1,6,1,43,7,-1,-1,-1,-1,-1
201405FF01947,1,9,0,18,0,1,0,0,0,0,1,1,6,1,25,5,1968,2,9,2,1
201405FF01947,2,9,0,3,0,1,0,0,0,0,2,1,6,1,32,6,1910,2,5,1,1
201405FF01947,3,9,0,3,0,1,0,0,0,0,2,1,6,1,32,6,1796,1,8,4,1
201405FF02002,1,9,0,7,0,3,5,10,0,0,4,1,6,2,28,6,1199,1,11,7,1
201405FF02002,2,9,0,18,0,8,0,0,0,0,3,1,1,1,49,8,1896,2,11,6,1
201405FF02010,1,9,0,18,0,1,0,0,0,0,1,1,6,1,22,5,998,1,5,6,3
201405FF02016,1,9,0,18,0,2,0,0,0,0,1,1,6,1,61,9,1587,1,12,4,1
201405FF02024,1,9,0,18,0,4,0,0,0,0,2,1,6,1,29,6,1995,2,13,2,1
201405FF02024,2,9,0,18,0,8,0,0,0,0,1,1,6,1,35,6,1896,2,13,-1,-1
201405FF02035,1,9,0,12,0,8,0,0,4,2,3,1,6,2,22,5,1242,1,7,1,1
201405FF02035,2,9,0,18,0,8,0,0,0,0,4,1,3,2,42,7,1248,1,5,3,1
201405FF02043,1,9,0,18,0,8,0,0,0,0,1,1,6,1,64,9,1560,2,5,6,1
201405FF02043,2,9,0,18,0,8,2,0,0,0,4,1,6,2,67,10,1364,1,6,6,1
201405FF02062,1,9,0,18,0,1,0,0,0,0,3,1,6,1,37,7,1995,2,11,1,1
201405FF02068,1,9,0,9,0,6,0,0,0,0,1,1,2,1,58,9,1783,1,12,-1,1
201405FF02068,2,3,0,18,0,8,0,0,0,0,2,1,2,1,29,6,125,1,1,7,1
201405FF02086,1,9,0,9,0,8,0,0,0,0,1,1,6,2,22,5,1339,1,8,-1,1
201405FF02086,2,9,0,18,0,8,0,0,0,0,1,1,6,1,20,4,1598,1,2,-1,1
201405FF02097,1,9,0,18,0,8,0,0,0,0,1,1,1,1,24,5,1896,2,4,2,1
201405FF02097,2,9,0,18,0,8,0,0,0,0,1,1,6,1,40,7,998,1,13,1,1
201405FF02103,1,9,0,5,0,6,0,0,0,0,1,1,1,2,58,9,1910,2,7,1,1
201405FF02103,2,1,0,18,0,1,0,0,0,0,4,1,6,1,36,7,-1,-1,-1,1,1
201405FF02127,1,9,0,18,0,1,0,0,0,0,4,1,6,1,70,10,1461,2,10,6,1
201405FF02127,2,1,0,18,0,1,0,0,0,0,2,1,6,1,30,6,-1,-1,-1,4,1
201405FF02130,1,9,0,18,0,8,0,0,0,0,1,1,6,1,25,5,1299,1,14,2,1
201405FF02130,2,9,0,18,0,8,0,0,0,0,3,1,6,2,36,7,1587,1,8,4,1
201405FF02139,1,9,0,13,0,1,0,0,0,0,1,1,1,1,21,5,-1,-1,-1,6,1
201405FF02139,2,9,0,9,0,1,0,0,0,0,1,1,1,1,50,8,2969,2,9,4,1
201405FF02155,1,19,0,1,0,0,0,0,0,0,2,1,1,1,30,6,2402,2,3,1,1
201405FF02158,1,9,0,2,0,2,0,0,0,0,3,1,2,1,35,6,1598,2,1,1,1
201405FF02158,2,1,0,14,0,2,0,0,0,0,1,1,3,1,34,6,-1,-1,-1,3,1
201405FF02158,3,1,0,14,0,2,0,0,0,0,1,1,3,2,31,6,-1,-1,-1,3,1
201405FF02166,1,9,0,9,0,8,0,0,0,0,1,1,6,1,40,7,-1,-1,-1,-1,-1
201405FF02166,2,1,0,17,0,8,0,0,0,0,1,1,1,1,50,8,-1,-1,-1,5,1
201405FF02212,1,9,0,9,0,0,0,0,0,0,3,1,6,1,55,8,1968,2,2,8,1
201405FF02214,1,9,0,18,0,2,0,0,0,0,1,1,2,2,55,8,1199,1,10,1,1
201405FF02214,2,9,0,4,0,2,0,0,0,0,2,1,2,1,40,7,1461,2,7,8,1
201405FF02228,1,9,0,9,0,0,0,0,0,0,3,1,3,2,42,7,1995,2,5,8,1
201405FF02228,2,5,0,18,0,0,5,0,0,0,1,1,6,1,55,8,999,1,5,7,1
201405FF02232,1,98,0,1,0,1,0,0,0,0,2,1,1,1,47,8,-1,-1,-1,2,1
201405FF02232,2,9,0,3,0,1,0,0,0,0,1,1,6,2,51,8,1108,1,4,6,1
201405FF02234,1,9,0,18,0,1,0,0,0,0,1,1,6,1,-1,-1,1242,1,7,-1,-1
201405FF02234,2,9,0,18,0,1,0,0,0,0,2,1,6,2,27,6,973,1,12,5,1
201405FF02238,1,9,0,3,0,1,0,0,0,0,1,1,2,1,62,9,1910,2,9,9,2
201405FF02241,1,9,0,18,0,1,0,0,0,0,1,1,6,1,64,9,1598,1,-1,7,1
201405FF02245,1,8,0,9,0,1,0,0,0,0,2,1,1,1,41,7,1896,2,8,1,1
201405FF02245,2,9,0,18,0,1,0,0,0,0,1,1,6,1,42,7,1796,1,7,4,1
201405FF02252,1,1,0,18,0,2,0,0,0,0,1,1,6,1,12,3,-1,-1,-1,1,1
201405FF02255,1,1,0,18,0,1,0,0,0,0,2,1,6,1,43,7,-1,-1,-1,5,1
201405FF02255,2,9,0,13,0,1,0,0,0,0,1,1,6,1,-1,-1,-1,-1,-1,-1,-1
201405FF02319,1,9,0,18,0,4,0,0,0,0,3,1,6,2,35,6,1598,1,3,3,1
201405FF02319,2,19,0,18,0,1,0,0,0,0,1,1,6,1,65,9,1995,2,3,7,1
201405FF02355,1,9,0,4,0,0,0,0,0,0,1,1,6,2,37,7,-1,-1,-1,1,1
201405FF02355,2,9,0,18,0,0,0,0,0,0,2,1,6,1,22,5,1968,2,5,-1,-1
201405FF02357,1,11,0,18,0,1,0,0,0,0,0,1,1,1,69,10,6692,2,3,5,1
201405FF02359,1,9,0,18,0,1,0,0,0,0,1,1,1,2,25,5,1582,2,1,-1,-1
201405FF02359,2,19,0,18,0,6,0,0,0,0,1,1,6,1,20,4,2198,2,6,-1,-1
201405FF02359,3,8,0,18,0,1,0,0,0,0,4,1,1,1,60,9,2402,2,10,1,1
201405FF02360,1,1,0,18,0,1,0,0,0,0,3,1,6,1,20,4,-1,-1,-1,1,1
201405FF02360,2,9,0,18,0,1,0,0,0,0,1,1,6,1,-1,-1,-1,-1,-1,-1,-1
201405FF02364,1,1,0,5,0,6,0,0,0,0,3,1,6,1,82,11,-1,-1,-1,2,1
201405FF02364,2,9,0,18,0,1,1,0,0,0,1,1,6,2,40,7,1242,1,10,6,1
201405FF02370,1,9,0,18,0,0,0,0,0,0,1,1,6,1,24,5,1149,1,14,6,3
201405FF02370,2,11,0,4,0,0,0,0,0,0,2,1,1,1,40,7,7300,2,8,1,1
201405FF02375,1,9,0,18,0,1,0,0,0,0,1,1,1,1,57,9,2184,2,5,7,1
201405FF02375,2,4,0,5,0,1,5,0,0,0,3,1,6,1,18,4,-1,-1,-1,-1,-1
201405FF02377,1,9,0,4,0,8,0,0,0,0,2,1,6,1,49,8,1388,1,7,4,1
201405FF02377,2,11,0,18,0,1,0,0,0,0,1,1,1,1,50,8,5883,2,11,1,1
201405FF02415,1,9,0,18,0,5,0,11,1,4,1,1,6,2,37,7,1360,1,12,2,1
201405FF02415,2,9,0,18,0,1,0,0,1,1,3,1,6,2,29,6,1600,1,3,8,1
201405FF02417,1,19,0,18,0,1,1,0,0,0,1,1,2,1,40,7,1968,2,4,1,1
201405FF02417,2,4,0,11,0,5,0,0,0,0,1,1,6,1,46,8,249,1,2,7,2
201405FF02440,1,9,0,18,0,1,1,0,0,0,4,1,6,1,21,5,-1,-1,-1,1,1
201405FF02440,2,9,0,9,0,1,0,0,0,0,1,1,6,1,25,5,1596,1,4,-1,1
201405FF02462,1,9,0,18,0,8,0,0,0,0,1,1,6,3,-1,-1,-1,-1,-1,-1,-1
201405FF02462,2,1,0,18,0,1,0,0,0,0,2,1,6,1,18,4,-1,-1,-1,1,1
201405FF02464,1,11,0,18,0,1,0,0,0,0,3,1,1,2,52,8,4500,2,5,1,1
201405FF02464,2,9,0,9,0,1,0,0,0,0,1,1,6,1,-1,-1,-1,-1,-1,-1,-1
201405FF02482,1,9,0,16,0,0,1,11,7,7,4,1,6,2,28,6,1390,1,10,1,1
201405FF02486,1,9,0,18,0,8,0,0,1,1,4,1,6,2,42,7,2967,2,1,6,1
201405FF02486,2,9,0,18,0,8,0,0,0,0,3,1,6,2,36,7,1360,1,10,1,1
201405FF02488,1,5,0,15,0,8,5,0,0,0,1,1,6,1,-1,-1,599,1,10,-1,-1
201405FF02488,2,8,0,9,0,8,0,0,0,0,4,1,6,2,30,6,1242,1,10,1,1
201405FF02518,1,9,0,18,0,0,0,0,0,0,1,1,6,2,43,7,3947,7,16,2,1
201405FF02537,1,9,0,18,0,1,0,0,0,0,1,1,6,1,-1,-1,1199,2,-1,-1,-1
201405FF02537,2,9,0,18,0,1,0,0,0,0,2,1,6,1,52,8,1461,2,1,7,1
201405FF02549,1,9,0,5,0,6,0,0,0,0,1,1,6,2,68,10,1240,1,7,1,1
201405FF02549,2,3,0,5,0,8,0,0,0,0,1,1,6,1,49,8,124,1,1,1,1
201405FF02554,1,9,0,9,0,6,0,0,0,0,3,1,2,2,30,6,1968,2,7,4,1
201405FF02554,2,9,0,18,0,1,0,0,0,0,1,1,1,1,50,8,1896,2,7,1,1
201405FF02566,1,1,0,18,0,0,0,0,0,0,1,1,6,1,21,5,-1,-1,-1,6,1
201405FF02566,2,9,0,18,0,0,0,0,0,0,1,1,1,1,43,7,1998,1,10,2,1
201405FF02579,1,9,0,18,0,1,0,0,0,0,1,1,2,1,23,5,998,1,1,9,1
201405FF02579,2,9,0,18,0,1,0,0,0,0,3,1,6,2,29,6,1299,1,11,1,1
201405FF02579,3,9,0,2,0,1,0,0,0,0,3,1,6,1,63,9,1596,1,5,7,2
201405FF02611,1,9,0,18,9,2,1,0,7,11,1,1,6,1,37,7,2477,2,10,4,1
201405FF02617,1,9,0,14,0,0,0,0,0,0,1,1,6,1,58,9,1598,2,-1,7,1
201405FF02617,2,3,0,18,0,0,0,0,0,0,1,1,6,3,-1,-1,124,1,2,-1,-1
201405FF02622,1,9,0,18,0,1,0,0,0,0,1,1,6,2,59,9,1149,1,6,7,1
201405FF02622,2,9,0,10,0,1,0,0,0,0,2,1,6,1,17,4,1598,2,1,2,1
201405FF02643,1,9,0,18,0,8,0,0,0,0,4,1,6,1,37,7,1598,1,9,8,1
201405FF02643,2,9,0,18,0,8,0,0,0,0,3,1,6,2,51,8,1900,2,8,1,1
201405FF02646,1,19,0,7,0,3,0,0,0,0,3,1,6,3,-1,-1,-1,-1,-1,-1,-1
201405FF02646,2,1,0,18,0,8,0,0,0,0,2,1,2,2,25,5,-1,-1,-1,6,1
201405FF02658,1,9,0,9,0,6,0,0,0,0,3,1,6,1,75,10,1242,1,15,7,1
201405FF02658,2,9,0,18,0,1,0,0,1,0,1,1,6,2,29,6,1388,1,2,7,1
201405FF02673,1,11,0,16,0,1,0,0,0,0,0,1,1,1,50,8,-1,-1,-1,-1,-1
201405FF02675,1,9,0,18,0,4,0,0,0,0,1,1,6,1,-1,-1,-1,-1,-1,-1,-1
201405FF02675,2,1,0,18,0,8,0,0,0,0,4,1,6,2,40,7,-1,-1,-1,4,3
201405FF02739,1,9,0,18,0,8,0,0,0,0,1,1,6,2,63,9,1248,1,2,8,1
201405FF02739,2,1,0,18,0,8,0,0,0,0,4,1,6,2,40,7,-1,-1,-1,1,1
201405FF02746,1,9,0,4,0,1,0,0,0,0,1,1,6,1,-1,-1,1242,1,7,-1,-1
201405FF02746,2,9,0,18,0,1,0,0,0,0,2,1,6,1,41,7,2498,2,17,1,1
201405FF02789,1,9,0,9,0,8,0,0,0,0,1,1,6,1,38,7,1560,2,9,1,1
201405FF02789,2,1,0,18,0,8,0,0,0,0,1,1,2,2,53,8,-1,-1,-1,3,1
201405FF02801,1,9,0,7,0,6,0,0,0,0,4,1,2,1,69,10,1598,1,14,-1,-1
201405FF02801,2,1,0,7,0,6,0,0,0,0,3,1,6,1,50,8,-1,-1,-1,1,1
201405FF02826,1,8,0,9,0,8,0,0,0,0,1,1,1,1,47,8,1248,2,6,1,1
201405FF02826,2,9,0,18,0,8,0,0,0,0,1,1,6,1,22,5,1360,1,13,2,1
201405FF02829,1,11,0,18,0,0,0,0,0,0,3,1,1,1,-1,-1,-1,-1,-1,-1,-1
201405FF02830,1,9,0,18,0,8,0,0,0,0,4,1,6,2,44,7,1997,2,2,7,1
201405FF02830,2,9,0,18,0,8,0,0,0,0,4,1,6,1,28,6,1599,1,10,1,1
201405FF02843,1,19,0,4,0,1,0,0,0,0,0,1,6,3,-1,-1,-1,-1,-1,-1,-1
201405FF02843,2,1,0,18,0,1,5,0,0,0,0,1,6,1,22,5,-1,-1,-1,2,1
201405FF02862,1,9,0,4,0,1,0,0,0,0,2,1,6,2,36,7,1753,2,13,1,1
201405FF02862,2,9,0,18,0,1,0,0,0,0,1,1,1,1,55,8,1686,2,14,1,1
201405FF02866,1,9,0,4,0,1,0,0,0,0,1,1,6,1,63,9,898,1,-1,1,1
201405FF02866,2,9,0,3,0,1,0,0,0,0,2,1,1,1,48,8,1968,2,1,1,1
201405FF02904,1,9,0,4,0,1,0,0,0,0,2,1,6,1,38,7,1896,2,9,1,1
201405FF02904,2,9,0,18,0,8,0,0,0,0,1,1,6,2,53,8,-1,-1,-1,6,1
201405FF02906,1,9,0,5,0,8,0,0,0,0,4,1,6,1,59,9,2993,2,-1,10,1
201405FF02906,2,9,0,18,0,8,0,0,0,0,1,1,6,2,40,7,1197,1,3,2,1
201405FF02911,1,9,0,12,0,1,0,0,0,0,1,1,6,2,20,4,1242,1,6,10,1
201405FF02911,2,9,0,4,0,1,0,0,0,0,2,1,6,2,28,6,1686,2,2,1,1
201405FF02911,3,9,0,4,0,1,0,0,0,0,2,1,6,1,49,8,1364,1,7,1,1
201405FF02933,1,9,0,18,0,0,0,0,0,0,1,1,6,1,-1,-1,-1,-1,-1,-1,-1
201405FF02938,1,9,0,18,0,0,0,0,0,0,1,1,6,2,62,9,2967,2,-1,6,1
201405FF02938,2,9,0,18,0,0,0,0,0,0,1,1,6,2,62,9,1870,2,11,2,1
201405FF02940,1,9,0,18,0,1,1,0,1,0,1,1,6,1,26,6,1998,1,9,6,1
201405FF02940,2,9,0,18,0,1,0,0,0,0,2,1,6,1,39,7,1753,2,8,1,1
201405FF02940,3,9,0,18,0,1,0,0,0,0,1,1,6,1,20,4,1368,1,6,6,1
201405FF02940,4,9,0,18,0,1,0,0,0,0,4,1,6,2,55,8,1991,2,8,6,1
201405FF02940,5,9,0,10,0,1,0,0,0,0,3,1,6,1,60,9,1386,1,2,1,1
201405FF02943,1,9,0,18,0,4,0,0,0,0,1,1,6,1,54,8,1587,1,11,1,1
201405FF02943,2,9,0,18,0,3,0,0,7,1,4,1,6,2,19,4,1242,1,5,-1,-1
201405FF02956,1,1,0,18,0,8,0,0,0,0,1,1,6,1,21,5,-1,-1,-1,1,1
201405FF02956,2,5,0,18,0,8,0,0,0,0,4,1,6,1,54,8,1690,1,1,7,3
201405FF02961,1,9,0,18,0,0,0,0,0,0,1,1,6,2,-1,-1,-1,-1,-1,-1,-1
201405FF02985,1,11,0,5,8,0,0,0,0,0,1,1,1,1,45,7,7300,2,8,4,1
201405FF02985,2,8,0,18,0,0,0,0,0,0,2,1,1,1,35,6,1598,2,7,-1,-1
201405FF02998,1,19,0,18,9,1,0,0,0,2,1,1,6,1,-1,-1,-1,-1,-1,-1,-1
201405FF02999,1,9,0,5,0,2,0,0,0,0,2,1,6,2,-1,-1,-1,-1,-1,-1,-1
201405FF02999,2,1,0,18,0,2,0,0,0,0,1,1,6,1,64,9,-1,-1,-1,2,1
201405FF03002,1,9,0,7,0,8,0,0,0,0,1,1,6,1,64,9,1229,1,7,3,1
201405FF03002,2,1,0,18,0,8,0,0,0,0,1,1,6,1,32,6,-1,-1,-1,-1,-1
201405FF03006,1,9,0,18,0,2,0,0,0,0,1,1,6,1,29,6,1796,1,11,1,1
201405FF03016,1,9,0,9,0,1,0,0,0,0,0,1,6,1,-1,-1,-1,-1,-1,-1,-1
201405FF03016,2,1,0,18,0,1,0,0,0,0,0,1,1,2,43,7,-1,-1,-1,4,1
201405FF03023,1,19,0,18,0,1,0,0,0,0,4,1,6,2,35,6,-1,-1,-1,-1,-1
201405FF03023,2,1,0,18,0,1,0,0,0,0,1,1,6,1,5,1,-1,-1,-1,1,1