Accident_Index,Vehicle_Reference,Vehicle_Type,Towing_and_Articulation,Vehicle_Manoeuvre,Vehicle_Location-Restricted_Lane,Junction_Location,Skidding_and_Overturning,Hit_Object_in_Carriageway,Vehicle_Leaving_Carriageway,Hit_Object_off_Carriageway,1st_Point_of_Impact,Was_Vehicle_Left_Hand_Drive?,Journey_Purpose_of_Driver,Sex_of_Driver,Age_of_Driver,Age_Band_of_Driver,Engine_Capacity_(CC),Propulsion_Code,Age_of_Vehicle,Driver_IMD_Decile,Driver_Home_Area_Type
201406A093158,1,9,0,18,0,8,0,0,0,0,4,1,6,3,-1,-1,-1,-1,-1,-1,-1
201406A093158,2,3,0,3,0,8,0,0,0,0,4,1,6,1,18,4,125,1,7,2,1
201406A093186,1,9,0,1,0,2,0,0,0,0,2,1,6,3,-1,-1,1984,1,6,-1,-1
201406A093186,2,1,0,18,0,2,0,0,0,0,1,1,2,2,53,8,-1,-1,-1,1,1
201406A093224,1,1,0,18,0,2,1,0,0,0,0,1,2,1,39,7,-1,-1,-1,3,1
201406A093224,2,9,0,7,0,2,0,0,0,0,0,1,1,1,30,6,-1,-1,-1,-1,-1
201406A093279,1,1,0,18,9,0,0,0,0,0,1,1,6,1,30,6,-1,-1,-1,-1,-1
201406A093285,1,9,0,13,0,0,0,0,0,0,4,1,6,2,56,9,998,1,12,1,1
201406A093285,2,1,0,18,0,0,0,0,0,0,3,1,2,1,59,9,-1,-1,-1,9,1
201406A093302,1,9,0,6,0,0,0,0,0,0,3,1,6,1,25,5,1242,1,6,-1,2
201406A093302,2,9,0,18,0,0,5,0,0,0,1,1,6,1,28,6,1896,2,6,4,1
201406A093331,1,9,0,18,0,8,0,0,0,0,1,1,6,2,37,7,1753,2,11,4,1
201406A093337,1,9,0,18,0,8,0,0,0,0,4,1,6,3,-1,-1,1968,2,1,-1,-1
201406A093337,2,9,0,9,0,5,0,0,0,0,4,1,1,1,34,6,1364,1,3,2,1
201406A093341,1,3,0,14,0,1,1,0,0,0,1,1,2,1,25,5,124,1,3,2,1
201406A093379,1,1,0,18,0,8,0,0,0,0,0,1,6,1,56,9,-1,-1,-1,-1,-1
201406A093379,2,9,0,18,0,1,0,0,0,0,0,1,6,2,28,6,1598,1,2,1,1
201406A093382,1,8,0,3,0,0,0,0,0,0,2,1,1,1,58,9,1686,2,5,4,1
201406A093382,2,9,0,18,0,0,0,0,0,0,1,1,6,1,30,6,1229,1,1,-1,-1
201406A093397,1,9,0,9,0,8,0,0,0,0,1,1,6,3,-1,-1,-1,-1,-1,-1,-1
201406A093397,2,1,0,18,0,8,0,0,0,0,3,1,6,1,26,6,-1,-1,-1,6,1
201406A093447,1,9,0,18,0,0,0,0,0,0,2,1,2,2,28,6,1988,1,14,1,1
201406A093487,1,1,0,15,0,1,5,0,0,0,1,1,6,1,54,8,-1,-1,-1,6,1
201406A093487,2,9,0,7,0,1,0,0,0,0,2,1,2,2,58,9,1699,1,5,5,1
201406A093516,1,9,0,5,0,0,0,0,7,10,1,1,6,1,78,11,-1,-1,-1,1,1
201406A093516,2,9,0,2,0,0,0,0,0,0,2,1,6,3,-1,-1,1798,1,9,-1,-1
201406A093520,1,9,0,9,0,8,0,0,0,0,1,1,6,3,-1,-1,-1,-1,-1,-1,-1
201406A093520,2,1,0,18,0,8,0,0,0,0,3,1,6,1,23,5,-1,-1,-1,1,1
201406A093549,1,9,0,7,0,2,0,0,0,0,1,1,6,1,27,6,1686,2,-1,-1,1
201406A093549,2,9,0,18,0,2,0,0,0,0,2,1,6,1,28,6,2993,2,9,-1,1
201406A093567,1,9,0,17,0,0,1,10,1,10,1,1,6,1,28,6,5461,1,1,5,1
201406A093578,1,9,0,18,0,8,0,0,0,0,1,1,6,2,43,7,1339,8,6,2,1
201406A093580,1,11,0,18,0,8,0,0,0,0,1,1,1,1,49,8,4461,2,-1,6,1
201406A093581,1,9,0,9,0,8,0,0,0,0,1,1,2,1,62,9,2429,1,7,4,1
201406A093581,2,3,0,18,0,8,0,0,0,0,3,1,1,1,41,7,124,1,-1,-1,1
201406A093597,1,11,0,3,0,1,0,4,0,0,1,1,1,1,54,8,-1,2,15,2,1
201406A093597,2,11,0,2,0,1,0,0,0,0,2,1,1,1,48,8,6370,2,14,2,1
201406A093601,1,9,0,9,0,6,0,0,0,0,1,1,6,1,36,7,1984,1,10,1,1
201406A093601,2,9,0,18,0,8,0,0,0,0,4,1,2,2,25,5,1242,1,3,1,1
201406A093621,1,9,0,18,0,6,0,0,0,0,1,1,1,1,22,5,1587,1,10,1,1
201406A093621,2,9,0,18,0,8,0,0,0,0,3,1,6,1,46,8,1998,1,7,1,1
201406A093628,1,90,0,18,0,8,0,0,0,0,1,1,1,1,30,6,-1,-1,-1,1,1
201406A093744,1,19,0,18,0,8,0,0,0,0,1,1,6,1,51,8,2143,2,4,5,1
201406A093744,2,9,0,9,0,8,0,0,0,0,3,1,6,2,33,6,1229,1,3,1,1
201406A093844,1,9,0,18,0,2,0,0,0,0,1,1,6,3,-1,-1,-1,-1,-1,-1,-1
201406A093844,2,9,0,18,0,2,0,0,0,0,2,1,6,1,30,6,1988,1,15,1,1
201406A093851,1,9,0,18,0,0,0,0,0,0,2,1,6,1,46,8,1995,2,2,4,1
201406A093851,2,9,0,18,0,0,0,0,0,0,2,1,6,2,50,8,2179,2,-1,7,1
201406A093855,1,9,0,16,0,8,0,0,0,0,3,1,6,1,23,5,2198,1,12,9,1
201406A093855,2,1,0,18,4,8,0,0,0,0,2,1,2,2,58,9,-1,-1,-1,4,1
201406A093858,1,9,0,18,0,4,0,0,0,0,2,1,6,1,66,10,1248,2,1,2,1
201406A093858,2,9,0,18,0,8,0,0,0,0,4,1,6,1,34,6,2993,2,10,-1,-1
201406A093925,1,9,0,18,0,1,0,0,0,0,4,1,6,1,49,8,1199,1,10,-1,1
201406A093962,1,8,0,9,0,5,0,0,0,0,1,1,1,1,54,8,1995,2,9,10,1
201406A093976,1,9,0,1,0,1,0,0,0,0,2,1,6,1,28,6,1999,1,9,-1,-1
201406A093988,1,9,0,10,0,6,0,0,0,0,0,1,6,1,62,9,1598,1,5,-1,-1
201406A094017,1,9,0,18,0,8,0,0,0,0,1,1,6,1,30,6,1124,1,9,6,2
201406A094017,2,9,0,18,0,8,0,0,0,0,4,1,6,1,60,9,1999,1,7,4,1
201406A094023,1,9,0,7,0,6,0,0,0,0,1,1,6,1,28,6,1998,2,11,1,1
201406A094023,2,9,0,18,0,8,0,0,0,0,4,1,6,1,26,6,1598,1,3,3,1
201406A094023,3,9,0,18,0,8,0,0,0,0,3,1,6,2,25,5,1242,1,9,1,1
201406A094023,4,9,0,18,0,1,0,0,0,0,0,1,6,1,48,8,1995,2,1,1,1
201406A094030,1,9,0,18,0,1,0,0,0,0,2,1,6,3,-1,-1,2000,1,9,-1,-1
201406A094030,2,9,0,4,0,1,0,0,0,0,2,1,6,2,34,6,1590,1,11,2,1
201406A094030,3,9,0,4,0,1,0,0,0,0,2,1,6,2,63,9,1364,1,7,2,1
201406A094066,1,1,0,18,2,1,0,0,0,0,4,1,2,2,26,6,-1,-1,-1,-1,1
201406A094066,2,8,0,5,5,1,0,0,0,0,1,1,6,1,55,8,2402,2,9,1,1
201406A094087,1,9,0,18,0,1,0,0,0,0,3,1,6,1,29,6,1895,1,13,4,1
201406A094100,1,9,0,9,0,8,0,0,0,0,4,1,6,3,-1,-1,-1,-1,-1,-1,-1
201406A094102,1,9,0,18,0,1,0,0,0,0,1,1,6,1,55,8,1800,1,10,1,1
201406A094135,1,9,0,18,0,0,2,0,0,0,1,1,6,1,34,6,1248,2,2,1,1
201406A094135,2,9,0,18,0,0,0,0,0,0,2,1,6,2,46,8,1896,2,6,3,1
201406A094135,3,9,0,2,0,0,0,0,0,0,2,1,6,1,30,6,998,1,8,-1,-1
201406A094135,4,9,0,2,0,0,0,0,0,0,2,1,6,2,30,6,1198,1,11,-1,-1
201406A094149,1,9,0,9,0,8,0,0,0,0,1,1,6,1,41,7,1560,2,2,1,1
201406A094199,1,9,0,18,0,2,0,0,0,0,4,1,6,1,22,5,998,1,13,1,1
201406A094202,1,8,0,18,0,8,0,0,0,0,1,1,6,1,30,6,1560,2,1,-1,-1
201406A094202,2,9,0,9,0,8,0,0,0,0,1,1,6,1,52,8,1590,1,17,-1,-1
201406A094204,1,9,0,18,0,8,0,0,0,0,4,1,6,1,66,10,1398,2,2,-1,-1
201406A094204,2,3,0,18,0,8,0,0,0,0,1,1,6,1,23,5,124,1,-1,2,1
201406A094232,1,9,0,18,0,2,0,0,0,0,1,1,1,1,61,9,1896,2,5,1,1
201406A094279,1,9,0,18,0,2,0,0,0,0,1,1,6,1,30,6,1390,1,8,-1,-1
201406A094309,1,9,0,7,0,6,0,0,0,0,1,1,6,2,38,7,998,1,13,2,1
201406A094309,2,9,0,18,0,8,0,0,1,1,1,1,6,2,33,6,1339,1,11,1,1
201406A094313,1,9,0,7,0,8,0,0,0,0,1,1,1,1,44,7,1968,2,6,7,1
201406A094313,2,1,0,18,4,1,0,0,0,0,1,1,1,1,38,7,-1,-1,-1,8,1
201406A094339,1,9,0,9,0,8,0,0,0,0,0,1,1,1,27,6,1398,1,2,-1,1
201406A094339,2,1,0,18,0,8,0,0,0,0,0,1,1,1,45,7,-1,-1,-1,2,1
201406A094344,1,9,0,4,0,1,0,0,0,0,1,1,6,2,30,6,1390,1,7,-1,-1
201406A094344,2,8,0,4,0,1,0,0,0,0,2,1,1,1,30,6,-1,-1,-1,-1,-1
201406A094373,1,9,0,18,0,0,0,0,0,0,1,1,6,3,-1,-1,-1,-1,-1,-1,-1
201406A094445,1,9,0,6,0,2,0,0,0,0,1,1,6,1,43,7,1797,8,4,1,1
201406A094488,1,9,0,18,0,2,1,0,0,0,1,1,6,2,35,6,1242,1,4,-1,-1
201406A094488,2,9,0,18,0,2,0,0,0,0,2,1,6,1,38,7,1598,1,8,1,1
201406A094529,1,9,0,18,0,4,0,0,0,0,3,1,6,1,29,6,1198,1,2,1,1
201406A094529,2,9,0,9,0,8,0,0,0,0,4,1,1,1,53,8,1396,2,-1,-1,-1
201406A094532,1,9,0,18,0,0,0,10,0,0,1,1,6,2,32,6,1246,1,9,2,1
201406A094540,1,9,0,18,0,0,0,0,0,0,4,1,6,1,24,5,1388,1,12,-1,1
201406A094540,2,9,0,2,0,0,0,0,0,0,3,1,3,2,33,6,1598,1,3,2,1
201406A094551,1,9,0,18,0,6,1,0,0,0,1,1,1,1,38,7,-1,-1,-1,4,1
201406A094551,2,9,0,18,0,8,0,0,0,0,4,1,1,2,29,6,1598,2,4,5,1
201406A094554,1,11,0,5,0,2,0,10,1,0,4,1,1,1,27,6,6871,2,14,-1,1
201406A094574,1,9,0,9,0,8,0,0,0,0,1,1,2,2,45,7,1560,2,3,1,1
201406A094574,2,3,0,18,0,8,0,0,1,0,3,1,6,1,33,6,124,1,12,6,1
201406A094591,1,9,0,18,0,8,0,0,0,0,3,1,6,1,40,7,1998,1,-1,4,1
201406A094591,2,9,0,18,0,8,0,0,7,1,1,1,6,1,33,6,1339,1,7,7,1
201406A094600,1,9,0,9,0,8,0,0,0,0,1,1,6,1,61,9,1910,2,6,6,1
201406A094600,2,3,0,18,0,8,0,0,0,0,1,1,2,1,18,4,-1,-1,-1,5,1
201406A094648,1,19,0,18,7,2,0,0,0,0,4,1,6,1,40,7,-1,-1,-1,6,1
201406A094648,2,3,0,18,0,2,0,0,0,0,3,1,6,1,27,6,124,1,10,2,1
201406A094764,1,9,0,18,0,0,0,0,0,0,2,1,6,2,27,6,1299,1,10,1,1
201406A094764,2,9,0,18,0,0,0,0,0,0,1,1,1,1,21,5,1900,2,8,1,1
201406A094764,3,9,0,18,0,0,0,0,0,0,2,1,6,1,21,5,1422,2,10,3,1
201406A094764,4,9,0,18,0,0,0,0,0,0,2,1,6,2,24,5,1198,1,9,5,3
201406A094765,1,9,0,18,0,1,0,0,0,0,1,1,6,1,30,6,1968,2,2,-1,-1
201406A094765,2,9,0,4,0,1,0,0,0,0,4,1,1,1,37,7,1997,1,12,3,1
201406A094765,3,9,0,18,0,1,0,0,0,0,3,1,6,1,36,7,1598,1,7,-1,1
201406A094765,4,9,0,18,0,1,0,0,0,0,3,1,6,2,43,7,1596,1,2,2,1
201406A094770,1,9,0,9,0,5,0,0,0,0,4,1,2,2,26,6,1086,1,9,3,1
201406A094770,2,1,0,18,0,8,0,0,0,0,1,1,6,1,27,6,-1,-1,-1,7,1
201406A094784,1,8,0,9,0,5,0,10,0,0,4,1,6,1,30,6,1598,2,4,6,1
201406A094810,1,9,0,18,0,8,0,0,0,0,0,1,6,3,-1,-1,-1,-1,-1,-1,-1
201406A094810,2,11,0,18,0,8,0,0,0,0,0,1,1,1,47,8,8300,2,7,-1,-1
201406A095022,1,9,0,4,0,4,1,10,1,0,1,1,2,1,32,6,1783,1,13,1,1
201406A095022,2,9,0,4,0,4,0,0,0,0,3,1,6,1,26,6,-1,-1,-1,1,1
201406A095022,3,19,0,4,0,4,0,0,0,0,1,1,6,1,33,6,-1,-1,-1,1,1
201406A095022,4,9,0,4,0,4,0,0,0,0,3,1,6,1,31,6,-1,-1,-1,2,1
201406A095034,1,9,0,18,0,8,0,0,7,10,1,1,6,1,20,4,2261,1,7,-1,-1
201406A095034,2,9,0,18,0,8,0,0,7,0,4,1,1,1,45,7,1598,2,4,3,1
201406A095061,1,1,0,9,0,6,0,0,0,0,3,1,6,1,40,7,-1,-1,-1,1,1
201406A095061,2,11,0,18,0,8,0,0,0,10,1,1,1,1,39,7,6700,2,2,3,1
201406A095077,1,9,0,9,0,8,0,0,0,0,1,1,1,1,30,6,1998,2,7,-1,-1
201406A095077,2,9,0,18,0,8,0,0,0,0,3,1,6,2,30,6,1398,2,5,8,1
201406A095084,1,9,0,18,0,0,0,0,0,0,1,1,6,1,35,6,1598,1,13,-1,-1
201406A095150,1,9,0,18,0,8,0,0,0,0,3,1,1,1,34,6,-1,-1,-1,2,1
201406A095150,2,9,0,18,0,8,0,0,0,0,1,1,6,1,25,5,1275,1,16,7,1
201406A095182,1,3,0,18,0,8,0,0,0,0,1,1,6,1,28,6,125,1,8,1,1
201406A095182,2,9,0,9,0,5,0,0,0,0,4,1,6,2,28,6,1229,1,7,1,1
201406A095206,1,9,0,5,0,6,0,0,0,0,3,1,6,1,27,6,1587,1,15,3,1
201406A095206,2,1,0,18,4,8,0,0,0,0,1,1,2,1,34,6,-1,-1,-1,5,1
201406A095209,1,9,0,5,0,1,0,0,0,0,4,1,6,3,-1,-1,-1,-1,-1,-1,-1
201406A095213,1,9,0,7,0,6,0,0,7,0,3,1,2,2,34,6,1149,1,13,1,1
201406A095213,2,9,0,18,0,8,0,0,0,0,1,1,2,1,43,7,1398,1,12,5,1
201406A095214,1,9,0,18,0,8,0,0,7,1,1,1,6,2,77,11,1275,1,16,-1,-1
201406A095225,1,19,0,18,0,0,0,0,0,0,3,1,1,1,30,6,5900,2,11,-1,-1
201406A095225,2,9,0,18,0,0,0,0,0,0,4,1,3,2,37,7,1199,1,10,1,1
201406A095246,1,9,0,9,0,6,0,0,0,0,1,1,6,3,-1,-1,998,1,13,-1,-1
201406A095246,2,3,0,14,0,8,1,0,0,0,1,1,2,1,18,4,124,1,1,2,1
201406A095300,1,19,0,18,0,1,0,0,0,0,1,1,6,1,37,7,1910,2,10,4,1
201406A095300,2,9,0,18,0,2,0,0,7,10,1,1,6,1,29,6,1686,2,12,-1,1
201406A095332,1,8,0,9,0,2,0,0,0,0,3,1,1,1,34,6,1995,2,1,1,1
201406A095338,1,9,0,18,0,8,0,0,0,0,3,1,6,1,64,9,1364,1,6,4,1
201406A095340,1,9,0,18,0,0,0,0,1,10,1,1,6,1,70,10,2497,2,17,6,2
201406A095340,2,9,0,2,0,0,0,0,0,0,2,1,6,2,30,6,1997,2,10,4,1
201406A095340,3,9,0,2,0,0,0,0,0,0,1,1,6,2,30,6,-1,-1,-1,-1,-1
201406A095345,1,9,0,18,0,0,0,0,0,0,1,1,6,1,67,10,1985,1,15,-1,-1
201406A095345,2,9,0,18,0,0,0,0,1,0,1,1,6,2,83,11,1398,1,2,1,1
201406A095373,1,5,0,18,0,2,0,0,0,0,3,1,6,1,23,5,600,1,11,2,1
201406A095425,1,9,0,18,0,6,0,0,0,0,1,1,3,3,-1,-1,-1,-1,-1,-1,-1
201406A095425,2,9,0,18,0,8,0,0,0,0,4,1,2,1,54,8,998,1,4,10,1
201406A095456,1,9,0,18,0,1,0,0,0,0,1,1,6,1,64,9,-1,-1,-1,-1,-1
201406A095518,1,90,0,9,0,8,0,0,0,0,1,1,1,1,34,6,-1,-1,-1,1,1
201406A095518,2,9,0,18,0,8,0,0,0,0,3,1,2,2,48,8,1461,2,12,4,1
201406A095609,1,9,0,9,0,8,0,0,0,0,4,1,2,1,28,6,1995,2,7,1,1
201406A095609,2,3,0,18,0,8,0,0,0,0,1,1,2,1,28,6,124,1,2,8,1
201406A095616,1,9,0,18,0,2,0,0,0,0,1,1,6,3,-1,-1,-1,-1,-1,-1,-1
201406A095616,2,9,0,18,0,1,0,0,0,0,1,1,6,2,41,7,1229,1,4,2,1
201406A095677,1,9,0,18,0,8,0,0,0,0,1,1,6,1,22,5,1242,1,11,4,1
201406A095677,2,11,0,9,0,8,0,0,0,0,4,1,1,2,53,8,8300,2,7,3,1
201406A096161,1,11,0,9,0,1,0,0,0,0,0,1,1,1,49,8,6871,2,14,5,1
201406A096169,1,9,0,9,0,8,0,0,0,0,2,1,6,1,85,11,1998,1,11,5,1
201406A096169,2,9,0,18,0,8,1,0,0,0,1,1,6,2,39,7,1108,1,5,-1,1
201406A096169,3,90,0,9,0,8,1,0,0,0,1,1,1,1,56,9,-1,-1,-1,1,1
201406A096169,4,90,0,3,0,8,0,0,0,0,1,1,1,1,25,5,-1,-1,-1,6,1
201406A096171,1,9,0,9,0,6,0,0,0,0,1,1,6,3,-1,-1,-1,-1,-1,-1,-1
201406A096171,2,9,0,18,0,8,0,0,0,0,1,1,6,1,31,6,1686,2,10,1,1
201406A096251,1,9,0,9,0,1,0,0,0,0,1,1,6,3,-1,-1,-1,-1,-1,-1,-1
201406AF89304,1,1,0,18,0,8,0,0,0,0,1,1,6,1,26,6,-1,-1,-1,3,1
201406AF89304,2,9,0,9,0,8,0,0,0,0,3,1,1,1,47,8,-1,-1,-1,1,1
201406AN93150,1,9,0,18,0,8,0,0,0,0,1,1,6,1,41,7,998,1,3,8,1
201406AN93150,2,9,0,9,0,8,0,0,0,0,4,1,6,1,58,9,-1,-1,-1,8,1
201406AN94418,1,9,0,5,0,0,0,0,0,0,1,1,6,2,41,7,1595,1,13,1,1
201406AN94418,2,9,0,5,0,0,0,0,0,0,2,1,6,1,35,6,1598,1,4,1,1
201406AN94418,3,9,0,5,0,0,0,0,0,0,2,1,1,1,38,7,1753,2,11,5,1
201406AQ86480,1,9,0,1,0,0,0,0,0,0,1,1,6,3,-1,-1,-1,-1,-1,-1,-1
201406E081477,1,9,0,18,0,8,0,0,7,0,1,1,6,1,54,8,-1,-1,-1,1,1
201406E081477,2,9,0,9,0,5,0,0,7,0,4,1,6,1,33,6,1242,1,14,2,1
201406E081489,1,9,0,9,0,8,0,0,0,0,4,2,6,2,30,6,-1,-1,-1,-1,-1
201406E081489,2,9,0,18,0,8,0,0,0,0,1,1,6,1,50,8,-1,-1,-1,8,2
201406E081575,1,9,0,18,0,8,0,0,0,0,1,1,6,1,26,6,998,1,14,1,1
201406E081575,2,9,0,18,0,8,1,10,1,10,3,1,6,2,23,5,-1,-1,-1,4,1
201406E081605,1,9,0,7,0,6,0,0,0,0,3,1,6,2,44,7,1995,1,12,2,1
201406E081605,2,9,0,18,0,8,0,0,0,0,1,1,6,2,38,7,-1,-1,-1,4,1
201406E081630,1,19,0,18,0,4,0,0,0,0,1,1,1,1,37,7,-1,-1,-1,4,1
201406E081630,2,9,0,3,0,4,0,0,0,0,2,1,6,2,20,4,1398,1,4,4,1
201406E081765,1,8,0,9,0,8,0,0,0,0,1,1,1,1,60,9,2664,2,14,2,1
201406E081765,2,1,0,18,0,8,0,0,0,0,1,1,6,1,24,5,-1,-1,-1,-1,-1
201406E081771,1,9,0,3,0,1,0,0,0,0,2,1,6,1,61,9,1686,2,1,-1,-1
201406E081771,2,9,0,3,0,1,0,0,0,0,2,1,6,1,42,7,1910,2,6,3,1
201406E081771,3,19,0,3,0,1,0,0,0,0,2,1,6,1,32,6,2198,2,3,3,1
201406E081771,4,9,0,18,0,1,0,0,0,0,1,1,6,1,31,6,1968,2,3,1,1
201406E081822,1,9,0,9,0,8,0,0,0,0,3,1,6,1,61,9,-1,-1,-1,4,1
201406E081822,2,1,0,18,0,8,0,0,0,0,1,1,6,2,23,5,-1,-1,-1,-1,1
201406E081947,1,1,0,18,0,1,0,4,0,0,1,1,6,1,22,5,-1,-1,-1,1,1
201406E081947,2,20,0,2,0,1,0,0,0,0,3,1,6,3,-1,-1,3920,2,9,-1,-1
201406E081977,1,1,0,9,0,8,0,0,0,0,1,1,6,2,24,5,-1,-1,-1,3,1
201406E081977,2,9,0,18,0,8,0,0,0,0,1,1,6,1,24,5,1275,1,15,6,1
201406E082041,1,9,0,2,0,1,0,0,0,0,1,1,6,1,35,6,1398,1,10,3,1
201406E082041,2,20,0,1,0,1,0,0,0,0,2,1,1,1,47,8,-1,-1,-1,4,1
201406E082053,1,9,0,18,0,1,0,0,0,0,4,1,6,1,52,8,1956,2,4,4,1
201406E082067,1,9,0,4,0,0,0,0,0,0,1,1,1,1,31,6,1240,1,6,1,1
201406E082067,2,19,0,4,0,0,0,0,0,0,2,1,2,1,50,8,-1,-1,-1,-1,-1
201406E082112,1,9,0,18,0,0,0,0,0,0,2,1,6,1,34,6,2401,2,10,2,1
201406E082112,2,9,0,18,0,0,0,0,0,0,1,1,6,2,35,6,1339,1,1,1,1
201406E082269,1,1,0,18,0,8,0,0,0,0,1,1,6,1,48,8,-1,-1,-1,1,1
201406E082269,2,8,0,18,0,8,0,0,0,0,3,1,1,1,45,7,2499,2,7,3,1
201406E082277,1,9,0,18,0,6,0,0,0,0,1,1,2,2,36,7,-1,-1,-1,6,1
201406E082277,2,1,0,18,0,8,0,0,0,0,4,1,2,1,29,6,-1,-1,-1,5,1
201406E082344,1,9,0,10,0,1,0,0,0,0,1,1,2,1,51,8,1998,2,10,1,1
201406E082344,2,8,0,18,0,1,0,0,0,1,2,1,1,1,41,7,2499,2,3,5,1
201406E082371,1,9,0,18,0,8,0,0,0,0,1,1,6,1,25,5,1149,1,7,5,2
201406E082371,2,9,0,9,0,8,0,0,0,0,1,1,6,1,87,11,1242,1,4,10,1
201406E082380,1,5,0,18,0,1,0,0,0,0,1,1,6,1,42,7,-1,-1,-1,10,1
201406E082380,2,1,0,18,0,8,0,0,0,0,3,1,6,2,23,5,-1,-1,-1,1,1
201406E082406,1,9,0,9,0,6,0,0,0,0,1,1,6,1,38,7,-1,-1,-1,1,1
201406E082416,1,9,0,18,0,8,0,0,0,0,1,1,6,1,39,7,1242,1,15,2,1
201406E082416,2,8,0,18,0,8,0,0,1,1,3,1,1,1,41,7,2402,2,8,1,1
201406E082416,3,9,0,18,0,8,0,0,0,0,4,1,6,1,48,8,1956,2,1,-1,1
201406E082420,1,9,0,4,0,1,0,0,0,0,1,1,2,2,20,4,1242,1,7,1,1
201406E082420,2,9,0,3,0,1,0,0,0,0,2,1,6,1,56,9,1596,1,9,1,1
201406E082424,1,9,0,18,0,1,0,0,0,0,1,1,6,2,50,8,1240,1,9,3,1
201406E082425,1,9,0,18,0,8,0,0,0,0,1,1,6,2,23,5,1461,2,5,10,1
201406E082425,2,11,0,18,0,8,0,0,0,0,3,1,1,1,48,8,6700,2,6,2,1
201406E082440,1,9,0,18,0,0,0,0,0,0,4,1,2,1,29,6,1560,2,2,4,1
201406E082448,1,9,0,18,0,0,0,0,0,0,1,1,6,2,20,4,1229,1,7,2,1
201406E082463,1,9,0,5,0,0,0,0,0,0,1,1,6,1,29,6,1242,1,11,-1,1
201406E082463,2,9,0,2,0,0,0,0,0,0,2,1,6,1,22,5,1398,1,12,1,1
201406E082485,1,9,0,9,0,8,0,0,0,0,4,1,6,1,68,10,1299,1,10,5,1
201406E082485,2,8,0,18,0,1,0,0,0,1,0,1,1,1,37,7,1910,2,6,1,1
201406E082516,1,9,0,9,0,8,0,0,7,4,4,1,6,1,29,6,-1,-1,-1,1,1
201406E082516,2,9,0,18,0,8,0,0,0,0,2,1,6,3,-1,-1,1781,1,13,-1,-1
201406E082555,1,9,0,18,0,0,0,0,0,0,1,1,6,2,44,7,1339,8,6,1,1
201406E082590,1,9,0,9,0,8,0,0,0,0,3,1,1,2,27,6,998,1,8,2,1
201406E082590,2,9,0,18,0,1,1,0,0,0,4,1,1,2,25,5,1349,1,3,2,1
201406E082616,1,9,0,18,0,0,0,0,0,0,1,1,6,1,63,9,1995,2,4,8,1
201406E082616,2,9,0,4,0,0,0,0,0,0,2,1,6,2,21,5,1242,1,13,5,1
201406E082624,1,8,0,6,0,0,0,0,0,0,3,1,1,1,65,9,2499,2,4,5,1
201406E082624,2,9,0,18,0,0,0,0,0,0,4,1,6,2,26,6,1686,2,9,1,1
201406E082661,1,9,0,9,0,8,0,0,0,0,1,1,6,1,19,4,1598,1,10,2,1
201406E082661,2,9,0,18,0,8,0,0,0,0,1,1,6,1,47,8,-1,-1,-1,1,1
201406E082682,1,9,0,18,0,1,0,4,0,0,1,1,6,2,30,6,1398,2,7,-1,-1
201406E082682,2,9,0,3,0,1,0,0,0,0,2,1,6,1,30,6,1796,1,9,3,1
201406E082711,1,9,0,18,0,8,0,0,3,10,4,1,6,1,23,5,1995,2,4,1,1
201406E082711,2,9,0,18,0,1,0,0,0,0,1,1,6,1,54,8,1596,1,10,4,1
201406E082718,1,9,0,9,0,8,0,0,0,0,1,1,6,1,20,4,-1,-1,-1,5,1
201406E082718,2,4,0,18,0,8,0,0,0,0,1,1,6,1,24,5,124,1,12,1,1
201406E082747,1,9,0,18,0,2,0,0,0,0,1,1,6,2,50,8,1598,2,1,1,1
201406E082768,1,9,0,18,0,1,0,0,0,0,2,1,1,1,39,7,1248,2,7,1,1
201406E082768,2,9,0,10,0,1,0,0,1,0,1,1,6,1,46,8,1975,1,5,-1,1
201406E082768,3,19,0,2,9,1,0,0,0,0,4,1,6,3,-1,-1,2499,2,8,-1,-1
201406E082768,4,9,0,2,9,1,0,0,0,0,3,1,6,3,-1,-1,-1,-1,-1,-1,-1
201406E082821,1,9,0,6,0,0,0,0,0,0,2,1,6,1,35,6,998,1,13,1,1
201406E082821,2,9,0,18,0,0,0,0,0,0,1,1,6,1,29,6,-1,-1,-1,3,1
201406E082848,1,8,0,9,0,8,0,0,0,0,2,1,1,1,44,7,1995,2,6,1,1
201406E082848,2,90,0,18,0,8,0,0,0,0,1,1,1,1,60,9,1598,2,1,7,1
201406E082852,1,9,0,18,0,1,0,0,0,0,4,1,6,1,18,4,1248,2,6,7,1
201406E082852,2,9,0,18,0,8,0,0,0,0,1,1,6,2,34,6,1896,2,9,1,1
201406E082870,1,9,0,18,0,1,0,2,0,0,1,1,2,2,40,7,-1,-1,-1,1,1
201406E082870,2,19,0,18,0,1,0,4,0,0,3,1,1,1,51,8,-1,-1,-1,2,1
201406E082895,1,9,0,18,0,1,0,0,0,0,4,1,6,2,29,6,1598,2,1,8,1
201406E082895,2,9,0,17,0,1,0,0,0,0,1,1,6,1,45,7,1397,1,7,1,1
201406E082920,1,3,0,18,0,1,0,0,0,0,1,1,6,1,22,5,109,1,4,1,1