Accident_Index,Vehicle_Reference,Vehicle_Type,Towing_and_Articulation,Vehicle_Manoeuvre,Vehicle_Location-Restricted_Lane,Junction_Location,Skidding_and_Overturning,Hit_Object_in_Carriageway,Vehicle_Leaving_Carriageway,Hit_Object_off_Carriageway,1st_Point_of_Impact,Was_Vehicle_Left_Hand_Drive?,Journey_Purpose_of_Driver,Sex_of_Driver,Age_of_Driver,Age_Band_of_Driver,Engine_Capacity_(CC),Propulsion_Code,Age_of_Vehicle,Driver_IMD_Decile,Driver_Home_Area_Type
201406E082920,2,9,0,9,0,8,0,0,0,0,3,1,2,2,60,9,2231,2,8,3,1
201406E082946,1,9,0,18,0,8,0,10,7,0,4,1,6,1,32,6,-1,-1,-1,1,1
201406E082946,2,9,0,9,0,8,0,0,0,0,3,1,6,1,48,8,1461,2,1,-1,-1
201406E082963,1,9,0,18,0,2,0,0,0,0,1,1,6,1,30,6,1948,1,16,1,1
201406E082963,2,9,0,18,0,2,0,0,0,0,3,1,6,2,52,8,1956,2,1,6,1
201406E082976,1,9,0,18,0,2,0,0,0,0,1,1,1,1,30,6,-1,-1,-1,-1,-1
201406E083033,1,19,0,7,0,8,0,0,0,0,4,1,1,1,18,4,-1,-1,-1,8,3
201406E083033,2,1,0,18,0,8,0,0,0,0,1,1,6,1,18,4,-1,-1,-1,-1,-1
201406E083039,1,9,0,18,0,0,0,0,0,0,1,1,6,1,30,6,1686,2,1,1,1
201406E083048,1,9,0,12,0,1,0,0,0,0,1,1,6,1,60,9,1686,2,10,1,1
201406E083048,2,1,0,12,0,1,0,0,0,0,2,1,6,1,15,3,-1,-1,-1,3,1
201406E083105,1,9,0,7,0,6,0,0,0,0,1,1,6,2,35,6,1998,2,12,6,1
201406E083105,2,1,0,18,0,8,0,0,0,0,4,1,2,2,34,6,-1,-1,-1,6,1
201406E083137,1,9,0,9,0,2,0,0,0,0,1,1,2,2,38,7,2295,1,14,2,1
201406E083188,1,9,0,9,0,8,0,0,0,0,1,1,6,1,43,7,1598,1,13,-1,1
201406E083188,2,1,0,18,0,8,0,0,0,0,1,1,2,1,37,7,-1,-1,-1,4,1
201406E083189,1,9,0,18,0,6,0,0,0,0,1,1,6,2,27,6,1360,1,12,3,1
201406E083189,2,9,0,18,0,8,0,0,0,0,1,1,6,1,47,8,2521,1,11,2,1
201406E083192,1,9,0,9,0,8,0,0,0,0,3,1,6,2,30,6,1332,1,18,1,1
201406E083192,2,1,0,18,0,8,0,0,0,0,1,1,6,2,33,6,-1,-1,-1,2,1
201406E083193,1,9,0,18,0,0,0,0,0,0,4,1,6,1,21,5,1242,1,7,2,1
201406E083222,1,9,0,18,0,8,0,0,0,0,1,1,6,1,72,10,-1,-1,-1,6,1
201406E083222,2,9,0,9,0,8,0,0,0,0,1,1,6,2,26,6,1598,1,11,4,1
201406E083273,1,9,0,18,0,0,0,0,0,0,1,1,6,2,30,6,1242,1,13,1,1
201406E083326,1,1,0,18,0,8,0,0,0,0,2,1,6,1,9,2,-1,-1,-1,-1,-1
201406E083326,2,9,0,9,0,8,0,0,0,0,1,1,6,3,-1,-1,-1,-1,-1,-1,-1
201406E083326,3,1,0,18,0,8,0,0,0,0,1,1,6,1,37,7,-1,-1,-1,-1,-1
201406E083327,1,9,0,18,0,8,0,0,0,0,1,1,6,1,21,5,1242,1,8,6,1
201406E083327,2,9,0,10,0,8,0,0,0,0,1,1,6,2,38,7,1339,1,11,2,1
201406E083345,1,8,0,18,0,1,0,0,0,0,0,1,6,1,52,8,1896,2,5,1,1
201406E083345,2,1,0,18,0,1,0,0,0,0,0,1,6,1,28,6,-1,-1,-1,1,1
201406E083411,1,9,0,5,0,8,0,0,0,0,1,1,6,1,18,4,1386,1,10,2,1
201406E083411,2,9,0,9,0,8,0,0,0,0,1,1,6,1,30,6,1497,1,11,4,1
201406E083582,1,5,0,18,0,8,2,0,1,2,1,1,6,1,35,6,599,1,11,1,1
201406E083582,2,9,0,18,0,8,0,0,0,0,4,1,6,2,28,6,1686,2,1,2,1
201406E083582,3,9,0,2,0,8,0,0,0,0,0,1,6,3,-1,-1,1390,1,8,-1,-1
201406E083593,1,1,0,18,0,1,0,0,0,0,1,1,6,1,17,4,-1,-1,-1,-1,-1
201406E083593,2,9,0,18,0,8,0,0,0,0,4,1,6,1,44,7,1240,1,5,3,1
201406E083599,1,9,0,18,0,0,0,0,0,0,1,1,6,1,23,5,2499,1,8,-1,-1
201406E083599,2,8,0,18,0,0,0,0,0,0,1,1,1,1,48,8,1762,1,14,4,1
201406E083600,1,9,0,18,0,2,0,0,0,0,4,1,6,1,27,6,-1,-1,-1,4,1
201406E083617,1,9,0,18,0,2,0,0,0,0,1,1,6,2,44,7,-1,-1,-1,-1,-1
201406E083638,1,9,0,18,0,8,0,0,0,0,1,1,6,1,30,6,-1,-1,-1,-1,-1
201406E083638,2,3,0,18,0,8,0,0,0,0,1,1,6,1,18,4,124,1,10,1,1
201406E083666,1,9,0,18,0,1,0,0,0,0,3,1,6,2,83,11,-1,-1,-1,6,1
201406E083666,2,1,0,18,0,1,0,0,0,0,2,1,6,2,23,5,-1,-1,-1,6,1
201406E083681,1,9,0,18,0,0,0,0,0,0,1,1,6,1,24,5,1461,2,11,7,1
201406E083695,1,9,0,8,0,8,0,0,0,0,1,1,6,1,28,6,-1,-1,-1,2,1
201406E083695,2,9,0,8,0,8,0,0,0,0,2,1,6,1,44,7,1995,2,13,1,1
201406E083935,1,9,0,18,0,1,0,0,0,0,1,1,6,1,30,6,2698,2,5,10,1
201406E083935,2,1,0,18,0,1,0,0,0,0,4,1,6,1,23,5,-1,-1,-1,2,1
201406E083940,1,1,0,18,0,0,0,0,0,0,1,1,6,1,30,6,-1,-1,-1,-1,-1
201406E083987,1,9,0,18,0,8,0,0,0,0,1,1,6,1,30,6,1896,2,6,-1,-1
201406E083987,2,1,0,9,0,8,0,0,0,0,1,1,6,1,37,7,-1,-1,-1,4,1
201406E084026,1,3,0,18,0,1,0,0,0,0,3,1,1,1,24,5,-1,-1,-1,1,1
201406E084026,2,9,0,9,0,8,0,0,0,0,1,1,1,2,44,7,1598,1,8,6,1
201406E084027,1,9,0,18,0,0,0,0,0,0,1,1,6,3,-1,-1,-1,-1,-1,-1,-1
201406E084036,1,3,0,18,0,8,0,0,0,0,1,1,6,1,39,7,124,1,10,3,1
201406E084036,2,9,0,9,0,5,0,0,0,0,3,1,6,1,48,8,1968,2,5,2,1
201406E084038,1,9,0,7,0,3,0,0,0,0,1,1,6,1,24,5,1400,1,8,5,1
201406E084038,2,9,0,18,0,1,0,0,0,0,1,1,2,1,48,8,2143,2,1,9,1
201406E084089,1,8,0,5,0,0,0,0,0,0,4,1,1,1,30,6,-1,-1,-1,-1,-1
201406E084130,1,9,0,18,0,8,0,0,0,0,1,1,1,1,56,9,2143,2,1,4,1
201406E084161,1,9,0,17,0,8,0,0,0,0,1,1,6,2,44,7,2204,2,9,1,1
201406E084161,2,1,0,16,0,8,0,0,0,0,1,1,6,1,26,6,-1,-1,-1,4,1
201406E084177,1,9,0,18,0,2,0,0,0,0,1,1,6,3,-1,-1,4806,1,4,-1,-1
201406E084214,1,9,0,10,0,8,0,0,0,0,1,1,2,2,39,7,1560,2,1,-1,-1
201406E084214,2,1,0,10,0,8,0,0,0,0,2,1,6,2,20,4,-1,-1,-1,1,1
201406E084269,1,9,0,18,9,1,0,0,7,0,1,1,3,1,66,10,1198,1,2,2,1
201406E084291,1,9,0,9,0,5,0,0,0,0,1,1,1,1,30,6,1910,2,9,3,1
201406E084291,2,1,0,18,0,8,0,0,0,0,4,1,6,1,34,6,-1,-1,-1,4,1
201406E084326,1,9,0,9,0,8,0,0,0,0,1,1,1,1,37,7,1560,2,1,5,1
201406E084365,1,9,0,9,0,6,0,0,0,0,1,1,6,1,55,8,1364,1,9,8,1
201406E084432,1,9,0,18,0,4,0,0,0,0,3,1,6,2,39,7,1956,2,1,4,1
201406E084432,2,9,0,9,0,8,0,0,0,0,1,1,6,1,48,8,1598,1,8,2,1
201406E084467,1,9,0,9,0,8,0,0,0,0,1,1,6,1,30,6,1396,1,12,-1,-1
201406E084467,2,9,0,18,0,8,0,0,0,0,1,1,6,2,24,5,1497,1,11,5,1
201406E084541,1,9,0,5,0,8,0,0,0,0,1,1,6,1,33,6,1240,1,11,8,1
201406E084541,2,1,0,18,0,8,0,0,0,0,1,1,6,1,29,6,-1,-1,-1,1,1
201406E084545,1,9,0,4,0,8,0,0,0,0,1,1,6,2,29,6,-1,-1,-1,2,1
201406E084545,2,9,0,4,0,8,0,0,0,0,1,1,6,1,27,6,1898,1,14,5,1
201406E084545,3,19,0,3,0,8,0,0,0,0,1,1,6,1,24,5,-1,-1,-1,6,1
201406E084565,1,9,0,9,0,8,0,0,0,0,1,1,6,2,30,6,796,1,13,-1,-1
201406E084565,2,9,0,18,0,8,0,0,0,0,4,1,6,1,29,6,1397,1,13,3,1
201406E084587,1,9,0,18,0,1,0,0,0,0,1,1,6,2,21,5,998,1,1,7,3
201406E084587,2,9,0,18,0,1,0,0,0,0,2,1,6,2,31,6,998,1,4,3,1
201406E084600,1,9,0,2,0,0,0,0,0,0,3,1,6,1,30,6,1598,2,2,-1,-1
201406E084600,2,1,0,14,4,0,0,0,0,0,1,1,6,2,29,6,-1,-1,-1,6,1
201406E084602,1,8,0,7,0,2,0,0,0,0,1,1,1,1,44,7,1896,2,6,5,1
201406E084610,1,8,0,18,0,0,0,0,0,0,1,1,1,1,35,6,1896,2,6,1,1
201406E084620,1,3,0,18,0,0,1,0,0,0,1,1,6,1,22,5,124,1,2,1,1
201406E084620,2,9,0,4,0,0,0,0,0,0,2,1,6,2,34,6,1242,1,7,1,1
201406E084620,3,9,0,18,0,0,0,0,0,0,0,1,6,2,28,6,1956,2,3,8,1
201406E084651,1,9,0,18,0,8,0,0,0,0,1,1,6,2,45,7,998,1,11,1,1
201406E084651,2,9,0,18,0,8,0,0,0,0,1,1,6,1,59,9,1596,1,10,10,1
201406E084682,1,9,0,18,0,0,0,0,0,0,1,1,6,1,32,6,1598,1,14,1,1
201406E084697,1,9,0,18,0,8,0,0,0,0,1,1,2,2,25,5,1149,1,12,5,1
201406E084721,1,9,0,18,0,8,0,0,0,0,1,1,6,2,38,7,1956,2,2,2,1
201406E084721,2,9,0,18,0,8,0,0,0,0,3,1,6,1,43,7,1587,1,9,3,1
201406E084770,1,3,0,18,0,1,1,0,0,0,4,1,6,1,50,8,-1,-1,-1,-1,-1
201406E084802,1,9,0,3,0,0,0,0,0,0,4,1,3,2,48,8,1769,1,9,1,1
201406E084802,2,1,0,18,0,0,0,0,0,0,1,1,6,1,30,6,-1,-1,-1,-1,-1
201406E084835,1,9,0,7,0,8,0,0,0,0,4,1,2,1,35,6,-1,-1,-1,4,1
201406E084835,2,1,0,18,0,8,0,0,0,0,1,1,2,1,52,8,-1,-1,-1,3,1
201406E084870,1,9,0,4,0,1,0,0,0,0,2,1,1,2,26,6,1598,1,6,8,1
201406E084870,2,9,0,4,0,1,0,0,0,0,2,1,6,2,30,6,2497,1,4,-1,-1
201406E084870,3,9,0,18,0,1,0,0,0,0,2,1,6,2,30,6,-1,-1,-1,-1,-1
201406E084899,1,19,0,18,0,0,0,0,0,0,1,1,1,1,57,9,2198,2,1,1,1
201406E084906,1,9,0,2,0,0,0,0,0,0,3,1,6,1,30,6,1895,1,15,5,1
201406E084906,2,1,0,18,4,0,0,0,0,0,1,1,6,1,41,7,-1,-1,-1,3,1
201406E084921,1,9,0,18,0,0,1,0,8,5,4,1,6,1,22,5,1229,1,5,1,1
201406E084946,1,3,0,18,0,8,0,0,0,0,1,1,6,1,22,5,124,1,6,5,1
201406E084946,2,9,0,9,0,8,0,0,0,0,3,1,6,1,55,8,1124,1,18,10,1
201406E085177,1,11,0,3,0,0,0,0,0,0,1,1,1,1,35,6,6700,2,6,4,1
201406E085177,2,9,0,11,0,0,1,0,0,0,2,1,2,2,22,5,1199,1,10,8,1
201406E085206,1,9,0,18,0,8,1,0,0,0,1,1,6,1,26,6,1242,1,13,9,1
201406E085206,2,9,0,5,0,8,0,0,0,0,3,1,6,1,59,9,-1,-1,-1,1,1
201406E085206,3,9,0,5,0,8,0,0,0,0,3,1,6,1,25,5,1398,2,11,-1,1
201406E085220,1,8,0,18,0,0,0,0,0,0,1,1,1,1,40,7,1598,2,4,3,1
201406E085271,1,9,0,18,0,8,0,0,0,0,1,1,1,1,21,5,-1,-1,-1,6,3
201406E085271,2,9,0,10,0,8,0,0,0,0,2,1,6,1,52,8,1497,8,1,1,1
201406E085284,1,9,0,4,0,1,1,0,0,0,1,1,6,1,49,8,2099,1,11,2,1
201406E085284,2,9,0,3,0,1,0,0,0,0,2,1,6,2,21,5,-1,-1,-1,2,1
201406E085288,1,9,0,7,0,2,5,10,0,0,3,1,1,1,24,5,-1,-1,-1,1,1
201406E085288,2,9,0,3,0,1,0,0,0,0,1,1,6,2,30,6,1360,1,15,7,1
201406E085295,1,9,0,16,0,8,0,0,0,0,1,1,2,2,50,8,998,1,1,10,1
201406E085295,2,21,1,16,0,8,0,0,0,0,3,2,1,1,23,5,-1,-1,-1,-1,-1
201406E085295,3,9,0,16,0,8,0,0,0,0,2,1,6,2,30,6,1389,1,9,1,1
201406E085313,1,9,0,18,0,0,1,0,0,0,4,1,6,1,27,6,1590,1,17,2,1
201406E085313,2,8,0,2,0,0,0,4,0,0,1,1,1,1,33,6,1461,2,8,2,1
201406E085313,3,19,0,2,0,0,0,4,0,0,1,1,6,3,-1,-1,2500,2,6,-1,-1
201406E085335,1,9,0,18,0,1,0,0,0,0,1,1,6,1,30,6,-1,-1,-1,-1,-1
201406E085335,2,9,0,18,0,1,0,0,0,0,1,1,6,1,34,6,1242,1,6,4,1
201406E085335,3,9,0,18,0,1,0,0,0,0,3,1,6,2,47,8,998,1,1,4,1
201406E085345,1,9,0,4,0,1,0,0,0,0,1,1,1,1,58,9,2993,2,3,5,1
201406E085345,2,9,0,3,0,1,0,0,0,0,2,1,6,2,26,6,1598,2,1,3,1
201406E085354,1,9,0,9,0,2,0,0,0,0,3,1,1,1,39,7,998,1,16,9,1
201406E085354,2,1,0,18,0,1,0,0,0,0,1,1,6,1,43,7,-1,-1,-1,-1,-1
201406E085372,1,1,0,5,0,6,0,0,0,0,1,1,2,1,36,7,-1,-1,-1,4,1
201406E085372,2,9,0,18,0,8,0,0,0,0,4,1,1,1,50,8,-1,-1,-1,2,1
201406E085373,1,9,0,11,0,8,0,0,0,0,0,1,2,1,46,8,1896,2,12,1,1
201406E085382,1,9,0,3,0,8,0,0,0,0,2,1,6,1,30,6,-1,-1,-1,-1,-1
201406E085382,2,9,0,3,0,8,0,0,0,0,2,1,6,1,30,6,1997,2,14,3,1
201406E085382,3,19,0,3,0,8,0,0,0,0,2,1,1,2,41,7,1995,2,6,8,1
201406E085382,4,9,0,18,0,8,0,0,0,0,1,1,6,1,30,6,1248,2,3,1,1
201406E085484,1,9,0,18,0,2,0,0,0,0,4,1,6,1,39,7,1242,1,13,1,1
201406E085484,2,19,0,18,0,6,0,0,0,0,0,1,6,3,-1,-1,-1,-1,-1,-1,-1
201406E085484,3,9,0,2,0,2,0,0,0,0,4,1,6,1,30,6,2143,2,5,7,1
201406E085598,1,9,0,9,0,8,0,0,0,0,1,1,6,1,29,6,1995,2,1,1,1
201406E085598,2,19,0,18,0,8,0,0,0,0,4,1,1,1,48,8,2198,2,2,-1,-1
201406E085638,1,9,0,18,0,2,0,0,0,0,1,1,6,3,-1,-1,-1,-1,-1,-1,-1
201406E085704,1,9,0,18,0,0,0,0,0,0,1,1,2,2,58,9,1590,1,9,5,1
201406E085704,2,9,0,18,0,0,0,0,0,0,1,1,6,1,60,9,2198,1,11,1,1
201406E085787,1,9,0,12,0,7,0,0,0,0,2,1,6,1,46,8,1560,2,-1,2,1
201406E085787,2,9,0,12,0,7,0,0,0,0,1,1,6,2,23,5,1995,2,9,-1,-1
201406E085787,3,9,0,12,0,7,0,0,0,0,1,1,6,1,43,7,1870,2,11,-1,-1
201406E085817,1,9,0,4,0,1,0,0,0,0,1,1,2,1,42,7,1995,2,12,3,1
201406E085817,2,8,0,4,0,1,0,0,0,0,2,1,1,1,44,7,1560,2,6,-1,-1
201406E085817,3,9,0,3,0,1,0,0,0,0,2,1,1,2,22,5,1149,1,8,1,1
201406E085959,1,8,0,18,0,8,0,0,0,0,4,1,1,1,49,8,-1,-1,-1,1,1
201406E085959,2,9,0,18,0,8,0,0,0,0,1,1,6,1,27,6,1685,2,-1,2,1
201406E085994,1,9,0,17,0,8,0,0,0,0,1,1,6,1,30,6,998,1,1,1,1
201406E085994,2,8,0,9,0,8,0,0,0,0,1,1,1,1,63,9,1896,2,6,2,1
201406E086020,1,9,0,18,0,6,0,0,0,0,1,1,6,2,39,7,1590,1,13,3,1
201406E086020,2,9,0,18,0,8,0,0,0,0,1,1,6,2,34,6,1198,1,1,7,1
201406E086059,1,11,0,7,0,1,0,0,0,0,1,1,6,1,32,6,-1,2,15,1,1
201406E086079,1,9,0,5,0,4,0,0,0,0,1,1,6,2,57,9,1973,1,14,3,1
201406E086079,2,1,0,18,0,8,0,0,0,0,4,1,6,2,50,8,-1,-1,-1,-1,-1
201406E086114,1,9,0,18,0,1,0,0,0,0,1,1,6,1,51,8,1968,2,8,10,1
201406E086114,2,9,0,18,0,1,0,0,0,0,2,1,6,2,38,7,-1,-1,-1,10,1
201406E086114,3,9,0,18,0,1,0,0,0,0,2,1,6,1,57,9,1951,2,10,9,1
201406E086129,1,9,0,18,0,0,0,0,0,0,4,1,2,2,31,6,1968,2,5,6,1
201406E086141,1,9,0,18,0,8,0,0,0,0,1,1,6,1,43,7,2993,2,2,1,1
201406E086141,2,9,0,9,0,8,0,0,0,0,4,1,6,2,22,5,1368,1,6,4,1
201406E086165,1,9,0,9,0,8,0,10,0,10,1,1,6,2,31,6,1956,2,2,3,1
201406E086165,2,9,0,18,0,8,0,0,0,0,1,1,6,2,33,6,2967,2,3,8,1
201406E086169,1,9,0,17,0,0,0,0,0,0,1,1,2,2,30,6,1242,1,12,2,1
201406E086169,2,9,0,16,0,0,0,0,0,0,3,1,2,1,24,5,-1,-1,-1,1,1
201406E086182,1,9,0,9,0,6,0,0,0,0,4,1,6,2,57,9,1299,1,16,2,1
201406E086182,2,2,0,18,0,8,1,0,0,0,1,1,6,1,36,7,49,1,-1,3,1
201406E086186,1,9,0,7,0,6,0,0,0,0,1,1,6,3,-1,-1,-1,-1,-1,-1,-1
201406E086186,2,1,0,18,4,8,0,0,0,0,3,1,6,1,22,5,-1,-1,-1,-1,-1
201406E086229,1,8,0,18,0,2,0,0,0,0,3,1,1,1,38,7,1896,2,6,1,1
201406E086241,1,9,0,9,0,8,0,0,0,0,4,1,6,2,35,6,1229,1,4,3,1
201406E086241,2,19,0,18,0,8,2,0,0,0,2,1,1,1,48,8,1753,2,5,-1,-1
201406E086249,1,9,0,18,0,8,0,0,0,0,2,1,6,1,43,7,-1,-1,-1,2,1
201406E086249,2,21,0,18,0,8,0,0,0,0,1,1,6,1,21,5,-1,-1,-1,3,1
201406E086283,1,9,0,1,0,8,0,0,0,0,2,1,6,2,36,7,1995,1,9,8,1
201406E086283,2,9,0,9,0,8,0,0,0,0,3,1,1,1,36,7,1364,1,5,-1,-1
201406E086326,1,9,0,1,0,8,0,0,0,0,4,1,6,1,33,6,1956,2,3,1,1
201406E086385,1,9,0,18,0,1,0,0,0,0,1,1,6,2,29,6,1968,2,6,1,1
201406E086404,1,9,0,6,0,0,0,0,0,0,3,1,6,1,30,6,1968,2,5,9,2
201406E086404,2,9,0,18,0,0,0,0,0,0,4,1,6,1,23,5,1997,2,5,2,1
201406E086410,1,9,0,18,0,0,0,0,0,0,3,1,6,1,80,11,1390,1,13,7,1
201406E086425,1,9,0,9,0,8,0,0,0,0,4,1,6,1,59,9,1422,2,10,7,1
201406E086425,2,1,0,18,0,8,0,0,0,0,3,1,6,1,34,6,-1,-1,-1,-1,-1
201406E086427,1,8,0,7,0,2,0,0,0,0,4,1,1,1,36,7,1598,2,1,2,1
201406E086437,1,9,0,7,0,6,0,0,0,0,3,1,6,2,26,6,1595,1,13,9,1
201406E086437,2,1,0,18,4,8,0,0,0,0,1,1,6,1,20,4,-1,-1,-1,-1,-1
201406E086444,1,9,0,9,0,5,0,0,0,0,4,1,2,2,53,8,-1,-1,-1,1,1
201406E086444,2,3,0,18,0,8,5,0,0,0,1,1,6,1,25,5,599,1,19,1,1
201406E086473,1,9,0,18,0,1,0,0,0,0,1,1,1,1,30,6,1685,2,2,-1,-1
201406E086473,2,9,0,4,0,8,0,0,0,0,2,1,1,2,30,6,1461,2,1,-1,-1
201406E086533,1,11,0,5,0,6,0,0,0,0,0,1,1,1,55,8,4500,2,2,9,1
201406E086533,2,9,0,18,0,8,0,0,0,0,2,1,2,2,47,8,1582,2,3,1,1
201406E086586,1,3,0,18,0,2,0,0,0,0,1,1,1,1,34,6,124,1,4,4,1
201406E086586,2,9,0,4,0,2,0,0,0,0,2,1,1,1,27,6,1995,2,2,5,1
201406E086588,1,9,0,9,0,5,0,0,0,0,4,1,1,1,47,8,998,1,10,1,1
201406E086588,2,1,0,18,0,8,1,0,0,0,1,1,1,2,28,6,-1,-1,-1,2,1
201406E086596,1,9,0,18,0,8,0,0,0,0,3,1,6,2,54,8,1910,2,9,10,2
201406E086596,2,1,0,18,0,8,0,0,0,0,1,1,6,1,25,5,-1,-1,-1,1,1
201406E086597,1,9,0,18,0,0,0,0,0,0,1,1,6,1,30,6,2198,1,13,-1,-1
201406E086597,2,9,0,4,0,0,0,0,0,0,2,1,6,1,77,11,1397,1,5,9,1
201406E086606,1,3,0,18,0,1,0,0,0,0,3,1,6,1,29,6,125,1,5,2,1
201406E086728,1,9,0,9,0,5,0,0,0,0,4,1,6,1,34,6,1997,2,11,1,1
201406E086728,2,5,0,14,0,8,0,0,0,0,1,1,6,1,53,8,400,1,23,5,1
201406E086746,1,9,0,18,0,1,0,0,0,0,1,1,2,1,27,6,1149,1,17,1,1
201406E086770,1,11,0,15,2,2,0,0,0,0,4,1,1,1,49,8,8270,2,14,3,1
201406E086770,2,1,0,18,2,2,0,0,0,0,3,1,2,2,22,5,-1,-1,-1,4,1
201406E086777,1,9,0,9,0,5,0,0,0,0,1,1,6,2,58,9,-1,-1,-1,1,1
201406E086777,2,1,0,18,0,8,0,0,0,0,1,1,6,1,51,8,-1,-1,-1,7,1
201406E086779,1,9,0,9,0,1,0,0,0,0,4,1,6,3,-1,-1,-1,-1,-1,-1,-1
201406E086824,1,9,0,3,0,1,0,0,0,0,1,1,6,1,30,6,-1,-1,-1,-1,-1
201406E086824,2,1,0,9,0,6,0,0,0,0,3,1,6,1,34,6,-1,-1,-1,1,1
201406E086842,1,9,0,18,0,0,0,0,0,0,4,1,6,1,25,5,1461,2,2,1,1
201406E086886,1,9,0,6,0,0,0,0,0,0,3,1,6,1,30,6,-1,-1,-1,-1,-1
201406E086886,2,8,0,18,0,0,0,0,0,0,1,1,1,1,37,7,2499,2,5,2,1
201406E086908,1,9,0,7,0,6,0,0,0,0,3,1,6,1,28,6,1968,2,8,2,1
201406E086908,2,1,0,18,0,8,0,0,0,0,1,1,6,1,33,6,-1,-1,-1,5,1
201406E086909,1,9,0,18,0,1,0,0,0,0,1,1,2,1,36,7,1850,1,14,1,1
201406E086909,2,9,0,4,0,1,0,0,0,0,2,1,2,2,29,6,1461,2,-1,6,1
201406E086990,1,9,0,18,0,8,0,0,0,0,1,1,6,1,56,9,1985,1,14,-1,-1
201406E086990,2,9,0,4,0,8,0,0,0,0,2,1,6,1,39,7,1422,2,6,2,1
201406E086990,3,90,0,18,0,1,0,0,0,0,0,1,1,1,33,6,-1,-1,-1,-1,-1
201406E087067,1,9,0,18,0,2,0,0,0,0,1,1,6,1,30,6,2494,1,11,-1,-1
201406E087067,2,8,0,7,0,2,0,0,0,0,4,1,1,1,44,7,1598,2,-1,1,1
201406E087094,1,9,0,7,0,5,0,0,0,0,4,1,2,1,27,6,1560,2,1,1,1
201406E087094,2,1,0,18,0,1,0,0,0,0,3,1,2,2,22,5,-1,-1,-1,-1,1
201406E087104,1,9,0,18,0,8,0,0,0,0,1,1,6,1,54,8,1796,1,3,5,1
201406E087104,2,9,0,18,0,8,0,0,0,0,3,1,6,1,48,8,1968,2,8,1,1
201406E087118,1,9,0,18,0,2,0,0,0,0,4,1,6,1,29,6,-1,-1,-1,1,1
201406E087127,1,9,0,4,0,1,0,0,0,0,1,1,2,1,28,6,1870,2,7,1,1
201406E087127,2,9,0,3,0,4,0,0,0,0,2,1,6,2,32,6,1149,1,13,4,1
201406E087137,1,9,0,9,0,5,0,0,0,0,1,1,6,1,60,9,-1,-1,-1,3,1
201406E087137,2,1,0,18,0,8,5,0,0,0,3,1,6,1,23,5,-1,-1,-1,-1,-1
201406E087157,1,9,0,18,0,1,1,0,1,10,1,1,6,2,73,10,-1,-1,-1,7,1
201406E087157,2,9,0,2,0,1,0,0,0,0,2,1,6,2,70,10,1795,1,15,9,1
201406E087169,1,11,0,18,0,0,0,0,0,5,4,1,1,2,34,6,4500,2,4,6,1
201406E087201,1,9,0,4,0,1,0,0,0,0,1,1,6,1,30,6,2536,2,2,1,1
201406E087201,2,19,0,10,0,1,0,0,0,0,2,1,6,1,53,8,1800,2,9,2,1
201406E087207,1,9,0,18,0,8,0,0,0,0,1,1,6,2,58,9,-1,-1,-1,3,1
201406E087207,2,9,0,18,0,8,0,0,0,0,1,1,6,2,43,7,1597,1,16,2,1
201406E087208,1,1,0,18,0,0,0,0,0,0,2,1,6,1,30,6,-1,-1,-1,-1,-1
201406E087208,2,9,0,18,0,0,0,0,0,0,1,1,6,2,16,4,-1,-1,-1,-1,-1
201406E087220,1,9,0,16,0,0,0,10,5,6,1,1,6,1,36,7,1600,1,14,-1,-1
201406E087220,2,9,0,18,0,0,0,0,0,0,1,1,6,2,57,9,1242,1,17,5,1
201406E087229,1,9,0,9,0,1,0,0,0,0,1,1,6,1,30,6,-1,-1,-1,-1,-1
201406E087229,2,9,0,3,0,1,0,0,0,0,2,1,6,2,32,6,1364,1,9,2,1
201406E087268,1,9,0,2,0,0,0,0,0,0,4,1,6,1,30,6,1587,1,15,-1,-1
201406E087268,2,1,0,14,0,0,0,0,0,0,1,1,6,1,30,6,-1,-1,-1,3,1
201406E087285,1,1,0,18,0,2,0,0,0,0,1,1,6,1,27,6,-1,-1,-1,2,1
201406E087285,2,9,0,5,0,6,0,0,0,0,1,1,6,1,36,7,-1,-1,-1,-1,-1
201406E087324,1,9,0,18,0,1,0,0,0,0,1,1,6,1,30,6,1905,2,15,-1,-1
201406E087324,2,9,0,3,0,1,0,0,0,0,2,1,6,2,23,5,1229,1,7,10,1
201406E087353,1,19,0,17,0,1,0,0,0,0,1,1,6,1,20,4,-1,-1,-1,-1,-1
201406E087353,2,9,0,3,0,4,0,0,0,0,2,1,6,2,31,6,1560,2,2,10,1
201406E087387,1,9,0,18,0,2,0,0,0,0,3,1,6,1,35,6,-1,-1,-1,-1,-1
201406E087406,1,9,0,18,0,1,0,0,0,0,1,1,6,1,31,6,1896,2,6,7,1
201406E087461,1,9,0,18,0,1,0,0,0,0,1,1,1,2,20,4,998,1,10,-1,-1
201406E087461,2,9,0,3,0,1,0,0,0,0,2,1,1,2,37,7,1368,1,3,7,1
201406E087548,1,9,0,18,0,8,0,0,0,0,1,1,6,3,-1,-1,-1,-1,-1,-1,-1
201406E087548,2,1,0,9,0,8,0,0,0,0,2,1,6,1,25,5,-1,-1,-1,-1,-1