Accident_Index,Vehicle_Reference,Vehicle_Type,Towing_and_Articulation,Vehicle_Manoeuvre,Vehicle_Location-Restricted_Lane,Junction_Location,Skidding_and_Overturning,Hit_Object_in_Carriageway,Vehicle_Leaving_Carriageway,Hit_Object_off_Carriageway,1st_Point_of_Impact,Was_Vehicle_Left_Hand_Drive?,Journey_Purpose_of_Driver,Sex_of_Driver,Age_of_Driver,Age_Band_of_Driver,Engine_Capacity_(CC),Propulsion_Code,Age_of_Vehicle,Driver_IMD_Decile,Driver_Home_Area_Type
201406E091517,2,9,0,4,0,0,0,4,0,0,2,1,6,1,77,11,1392,1,16,2,1
201406E091517,3,9,0,2,0,0,0,0,0,0,3,1,6,1,30,6,1598,2,2,-1,-1
201406E091523,1,9,0,12,0,0,0,0,0,0,3,1,6,3,-1,-1,1497,1,11,-1,-1
201406E091523,2,9,0,18,0,0,0,0,0,0,4,1,6,1,20,4,2000,2,9,3,1
201406E091702,1,4,0,18,9,0,0,0,0,0,1,1,6,3,-1,-1,-1,-1,-1,-1,-1
201406E091703,1,9,0,6,0,8,0,0,0,0,4,1,6,1,30,6,-1,-1,-1,-1,-1
201406E091704,1,10,0,18,0,2,0,0,0,0,4,1,1,1,44,7,-1,-1,-1,2,1
201406E091704,2,1,0,18,0,2,0,0,0,0,1,1,6,1,49,8,-1,-1,-1,1,1
201406E091753,1,9,0,18,0,6,0,0,0,0,3,1,6,1,20,4,1598,1,1,-1,-1
201406E091753,2,9,0,18,0,8,0,0,0,0,1,1,6,1,44,7,1794,1,12,2,1
201406E091760,1,17,0,18,0,0,2,0,0,0,4,1,1,1,46,8,-1,-1,-1,1,1
201406E091765,1,8,0,9,0,6,0,0,0,0,1,1,3,1,44,7,1896,2,4,1,1
201406E091765,2,9,0,18,0,8,0,0,1,0,3,1,6,1,25,5,1329,1,3,1,1
201406E091779,1,9,0,5,0,3,0,0,0,0,1,1,6,1,24,5,-1,-1,-1,4,1
201406E091782,1,11,0,18,0,8,0,0,0,0,0,1,1,2,42,7,6700,2,6,3,1
201406E091789,1,11,0,18,0,0,0,0,0,0,1,1,1,1,43,7,-1,2,15,2,1
201406E091790,1,9,0,18,0,4,0,0,0,0,3,1,2,1,44,7,1896,2,14,2,1
201406E091790,2,1,0,18,0,8,0,0,0,0,1,1,6,1,22,5,-1,-1,-1,2,1
201406E091792,1,20,0,9,0,6,0,0,0,0,1,1,1,1,33,6,-1,-1,-1,2,1
201406E091792,2,1,0,18,0,8,0,0,0,0,4,1,6,1,31,6,-1,-1,-1,-1,-1
201406E091796,1,9,0,18,0,4,0,0,0,0,3,1,2,1,33,6,2191,2,1,9,1
201406E091796,2,1,0,17,0,8,0,0,0,0,3,1,2,1,36,7,-1,-1,-1,4,1
201406E091828,1,9,0,4,0,2,0,0,0,0,1,1,6,2,22,5,999,1,7,-1,-1
201406E091828,2,9,0,4,0,2,0,0,0,0,2,1,1,2,30,6,998,1,2,1,1
201406E091831,1,90,0,18,0,8,0,0,0,0,3,1,1,1,29,6,-1,-1,-1,3,1
201406E091836,1,9,0,18,0,6,0,0,3,0,4,1,3,1,51,8,1560,2,5,1,1
201406E091836,2,9,0,18,0,8,0,0,0,0,1,1,3,1,52,8,1598,1,13,2,1
201406E091923,1,1,0,18,0,8,0,0,0,0,2,1,1,2,25,5,-1,-1,-1,-1,-1
201406E091923,2,9,0,18,0,8,0,0,0,0,1,1,1,3,-1,-1,1956,2,3,-1,-1
201406E091934,1,19,0,7,0,5,0,0,1,0,4,1,6,1,30,6,2148,2,9,-1,-1
201406E091934,2,1,0,18,4,8,0,0,0,0,1,1,6,1,23,5,-1,-1,-1,2,1
201406E091939,1,9,0,2,0,1,0,0,0,0,3,1,6,1,30,6,1968,2,6,1,1
201406E091939,2,9,0,14,0,1,0,0,0,0,4,1,6,1,56,9,1956,2,2,2,1
201406E091945,1,9,0,5,0,1,0,0,0,0,1,1,3,2,46,8,1598,1,6,1,1
201406E091970,1,9,0,9,0,8,0,0,0,0,4,1,3,2,35,6,1560,2,3,1,1
201406E091970,2,1,0,18,0,8,0,0,0,0,1,1,4,2,16,4,-1,-1,-1,1,1
201406E091994,1,20,0,18,0,0,0,0,0,0,4,1,1,1,48,8,5880,2,7,1,1
201406E091994,2,11,0,18,0,0,0,0,0,0,3,1,1,1,51,8,6700,2,6,1,1
201406E092021,1,9,0,18,0,2,0,0,0,0,3,1,3,1,42,7,998,1,10,1,1
201406E092021,2,9,0,10,0,8,0,0,0,0,0,1,6,3,-1,-1,-1,-1,-1,-1,-1
201406E092025,1,9,0,9,0,8,0,0,0,0,1,1,6,2,37,7,1390,1,7,7,1
201406E092025,2,1,0,18,0,8,0,0,0,0,3,1,6,1,60,9,-1,-1,-1,3,1
201406E092049,1,9,0,9,0,8,0,0,0,0,1,1,6,1,19,4,1595,1,10,1,1
201406E092049,2,4,0,18,0,8,0,0,0,0,1,1,6,1,17,4,125,1,6,4,1
201406E092065,1,9,0,18,0,0,0,0,0,0,1,1,6,2,27,6,1199,1,13,3,1
201406E092065,2,9,0,3,0,0,0,0,0,0,2,1,6,2,59,9,-1,-1,-1,1,1
201406E092066,1,9,0,7,0,6,0,0,0,0,1,1,3,1,64,9,-1,-1,-1,4,1
201406E092066,2,1,0,17,4,8,0,0,0,0,4,1,2,2,23,5,-1,-1,-1,-1,1
201406E092073,1,9,0,18,0,0,0,0,0,0,1,1,6,2,51,8,1596,1,19,5,1
201406E092073,2,5,0,18,0,0,0,0,0,0,2,1,6,1,47,8,1170,1,6,3,1
201406E092124,1,3,0,4,0,1,1,0,0,0,1,1,2,2,24,5,124,1,7,4,1
201406E092124,2,9,0,3,0,1,0,0,0,0,2,1,6,1,51,8,1968,2,7,2,1
201406E092126,1,9,0,18,0,0,5,10,0,0,1,1,6,2,39,7,1397,1,14,1,1
201406E092126,2,9,0,2,0,0,0,0,0,0,2,1,6,3,-1,-1,-1,-1,-1,-1,-1
201406E092244,1,8,0,18,0,0,0,0,0,0,1,1,1,1,37,7,2499,2,6,8,1
201406E092244,2,9,0,4,0,0,0,0,0,0,2,1,6,1,36,7,1497,1,12,-1,-1
201406E092264,1,21,0,7,0,1,0,0,0,0,3,1,1,1,48,8,5480,2,8,2,1
201406E092264,2,1,0,18,4,1,0,0,0,0,2,1,6,2,20,4,-1,-1,-1,2,1
201406E092268,1,9,0,4,0,0,0,0,0,0,1,1,2,2,26,6,1242,1,6,4,1
201406E092268,2,9,0,4,0,0,0,0,0,0,2,1,2,2,43,7,998,1,5,3,1
201406E092280,1,9,0,18,0,8,0,0,0,0,1,1,6,2,38,7,1240,1,7,4,1
201406E092280,2,1,0,18,0,8,0,0,0,0,3,1,6,2,29,6,-1,-1,-1,2,1
201406E092286,1,9,0,18,0,8,0,0,0,0,4,1,6,3,-1,-1,-1,-1,-1,-1,-1
201406E092303,1,9,0,18,0,0,0,0,0,0,1,1,6,2,25,5,-1,-1,-1,3,1
201406E092303,2,9,0,3,0,0,0,0,0,0,3,1,2,1,31,6,1398,1,14,2,1
201406E092303,3,9,0,3,0,0,0,0,0,0,4,1,2,1,31,6,-1,-1,-1,-1,1
201406E092303,4,9,0,3,0,0,0,0,0,0,3,1,2,2,28,6,1198,1,5,-1,1
201406E092303,5,9,0,3,0,0,0,0,0,0,4,1,2,1,22,5,1390,1,11,2,1
201406E092303,6,9,0,3,0,0,0,0,0,0,3,1,2,2,28,6,1390,1,5,-1,1
201406E092341,1,9,0,5,0,1,0,0,0,0,1,1,6,1,30,6,2450,1,18,-1,-1
201406E092373,1,9,0,17,0,8,0,7,0,0,1,1,6,1,24,5,1364,1,8,-1,1
201406E092399,1,9,0,18,0,0,0,0,0,0,1,1,6,1,38,7,1598,1,5,8,1
201406E092399,2,9,0,18,0,0,0,0,0,0,2,1,1,1,35,6,1248,2,4,1,1
201406E092416,1,9,0,7,0,6,0,0,0,0,3,1,3,2,36,7,1686,2,3,7,1
201406E092416,2,1,0,18,4,8,0,0,0,0,4,1,2,1,62,9,-1,-1,-1,7,1
201406E092422,1,9,0,9,0,1,0,0,0,0,3,1,6,1,48,8,1497,1,12,1,1
201406E092432,1,9,0,18,0,0,1,0,0,0,1,1,6,1,32,6,1396,1,3,2,1
201406E092432,2,9,0,18,0,0,0,0,0,0,2,1,6,1,48,8,1587,1,8,-1,-1
201406E092432,3,9,0,18,0,0,0,0,0,0,2,1,6,2,31,6,1956,2,5,6,1
201406E092466,1,9,0,5,0,0,0,0,0,0,3,1,6,2,43,7,1240,1,8,2,1
201406E092466,2,9,0,18,0,0,0,10,0,0,2,1,3,2,29,6,2199,2,2,3,1
201406E092473,1,9,0,5,0,8,0,0,0,0,4,1,6,1,27,6,1968,2,6,-1,-1
201406E092473,2,9,0,18,0,8,0,0,0,0,1,1,6,2,47,8,1753,2,7,1,1
201406E092487,1,2,0,18,0,0,0,0,0,0,1,1,6,1,30,6,125,1,1,-1,-1
201406E092498,1,9,0,18,0,0,0,0,0,0,2,1,6,2,37,7,1587,1,8,2,1
201406E092498,2,9,0,18,0,0,0,0,0,0,1,1,6,1,26,6,1390,1,-1,1,1
201406E092503,1,9,0,5,0,2,0,0,0,0,1,1,2,2,58,9,1399,2,10,2,1
201406E092542,1,9,0,9,0,8,0,0,0,0,1,1,6,2,31,6,1198,1,2,1,1
201406E092542,2,9,0,18,0,8,0,0,0,0,3,1,6,1,30,6,1794,1,10,1,1
201406E092546,1,9,0,7,0,2,0,0,0,0,1,1,6,1,30,6,1598,1,12,-1,-1
201406E092546,2,8,0,7,0,2,0,0,7,0,2,1,1,1,32,6,1896,2,9,1,1
201406E092549,1,9,0,9,0,2,0,0,0,0,1,1,6,1,41,7,1339,8,8,9,1
201406E092562,1,9,0,7,0,8,0,0,0,0,1,1,6,3,-1,-1,-1,-1,-1,-1,-1
201406E092562,2,1,0,7,0,8,0,0,1,10,2,1,4,1,11,3,-1,-1,-1,1,1
201406E092595,1,9,0,9,0,8,0,0,0,0,1,1,6,2,22,5,-1,-1,-1,6,1
201406E092595,2,3,0,18,0,8,0,0,0,0,1,1,1,1,35,6,124,1,5,1,1
201406E092595,3,9,0,10,0,1,0,0,0,0,3,1,6,2,34,6,1870,2,11,4,1
201406E092599,1,9,0,6,0,8,0,0,0,0,2,1,6,1,32,6,-1,-1,-1,-1,-1
201406E092599,2,9,0,18,0,8,0,0,0,0,1,1,6,1,33,6,-1,-1,-1,4,1
201406E092693,1,9,0,7,0,8,0,0,0,0,1,1,6,1,30,6,1999,1,12,1,1
201406E092693,2,9,0,18,0,8,0,0,0,0,3,1,6,2,20,4,1240,1,7,4,1
201406E092698,1,9,0,18,0,6,0,0,0,0,1,1,6,1,30,6,-1,-1,-1,-1,-1
201406E092868,1,9,0,18,0,8,0,0,0,0,1,1,6,1,26,6,1596,1,8,3,1
201406E092868,2,9,0,18,0,8,0,0,1,10,3,1,6,1,29,6,1560,2,8,1,1
201406E092875,1,9,0,6,0,0,0,0,0,0,3,1,6,1,66,10,1560,2,2,5,1
201406E092875,2,9,0,16,0,0,0,0,0,0,1,1,6,2,30,6,1968,2,1,2,1
201406E092887,1,9,0,18,0,2,0,0,0,0,3,1,6,2,42,7,2987,2,8,1,1
201406E092905,1,9,0,18,0,1,0,0,0,0,1,1,6,1,67,10,-1,-1,-1,1,1
201406E092918,1,19,0,18,0,1,0,0,0,0,1,1,1,1,40,7,2198,2,-1,7,1
201406E092924,1,9,0,18,0,1,0,0,0,0,1,1,6,1,19,4,999,1,13,7,1
201406E092927,1,9,0,18,0,0,0,0,0,0,1,1,6,2,56,9,998,1,1,9,1
201406E092938,1,9,0,5,6,0,0,0,0,0,3,1,1,1,40,7,1896,2,5,1,1
201406E092938,2,1,0,18,4,0,0,0,0,0,1,1,1,1,19,4,-1,-1,-1,3,1
201406E093032,1,9,0,18,0,0,0,0,0,0,0,1,6,3,-1,-1,-1,-1,-1,-1,-1
201406E093032,2,20,0,18,0,0,0,0,0,0,1,1,1,1,47,8,6692,2,3,2,1
201406E093032,3,9,0,18,0,0,0,0,0,0,3,1,2,2,39,7,1595,2,4,10,1
201406E093105,1,21,0,13,0,2,0,0,0,0,1,1,1,1,29,6,4764,2,6,2,1
201406E093105,2,1,0,4,0,2,0,0,0,0,3,1,6,1,48,8,-1,-1,-1,2,1
201406E093110,1,9,0,9,0,8,0,0,0,0,3,1,1,1,37,7,-1,-1,-1,1,1
201406E093110,2,3,0,18,0,8,0,0,0,0,1,1,2,1,56,9,124,1,4,1,1
201406E093130,1,9,0,9,0,1,0,0,0,0,1,1,6,1,22,5,1590,1,11,6,1
201406E093130,2,9,0,7,0,2,0,0,0,0,3,1,6,1,34,6,1686,2,7,1,1
201406E093146,1,19,0,9,0,8,0,0,0,0,1,1,6,1,48,8,1248,2,9,3,1
201406E093146,2,9,0,4,0,8,0,0,0,0,2,1,6,2,43,7,1600,1,9,1,1
201406E093160,1,9,0,1,0,1,0,4,0,0,1,1,3,2,90,11,2148,2,12,1,1
201406E093160,2,9,0,2,0,1,0,0,0,0,2,1,1,1,42,7,1995,2,9,2,1
201406E093193,1,9,0,9,0,6,0,0,0,0,1,1,6,1,24,5,2495,1,13,6,1
201406E093193,2,9,0,18,0,8,0,0,0,0,3,1,6,2,40,7,1798,8,1,4,1
201406E093221,1,9,0,7,0,8,0,0,0,0,1,1,6,3,-1,-1,-1,-1,-1,-1,-1
201406E093221,2,1,0,18,0,8,0,0,0,0,3,1,6,2,25,5,-1,-1,-1,2,1
201406E093357,1,9,0,18,0,8,0,0,0,0,4,1,6,2,35,6,1896,2,9,5,1
201406E093357,2,9,0,18,0,8,0,0,0,0,1,1,6,2,83,11,1275,1,15,3,1
201406E093372,1,9,0,18,0,1,0,0,0,0,1,1,6,2,34,6,1299,1,10,2,1
201406E093378,1,9,0,9,0,8,0,0,0,0,1,1,6,1,20,4,1870,2,9,9,1
201406E093378,2,9,0,18,0,8,0,0,0,0,4,1,6,2,37,7,1199,1,12,-1,-1
201406E093393,1,9,0,18,0,8,0,0,0,0,1,1,2,1,44,7,2000,2,10,1,1
201406E093393,2,8,0,9,0,1,0,0,0,0,4,1,6,1,28,6,1896,2,5,1,1
201406E093430,1,9,0,9,0,5,0,0,0,0,4,1,6,1,32,6,3960,1,21,1,1
201406E093430,2,9,0,18,0,1,0,0,0,0,1,1,6,1,39,7,996,1,5,1,1
201406E093443,1,9,0,18,0,8,0,0,0,0,1,1,6,3,-1,-1,1400,1,9,-1,-1
201406E093443,2,9,0,18,0,8,0,0,1,4,4,1,6,1,22,5,1686,2,8,3,1
201406E093456,1,5,0,15,0,2,0,0,0,0,4,1,6,1,30,6,599,1,6,1,1
201406E093456,2,9,0,2,0,2,0,0,0,0,4,1,6,1,62,9,1595,1,5,5,1
201406E093456,3,9,0,2,0,2,0,0,0,0,1,1,6,1,36,7,2496,2,9,3,1
201406E093521,1,9,0,18,0,8,0,0,0,0,1,1,6,1,21,5,1995,2,8,1,1
201406E093521,2,1,0,18,0,8,0,0,0,0,1,1,1,1,34,6,-1,-1,-1,1,1
201406E093524,1,9,0,18,0,0,0,0,0,0,1,1,6,2,36,7,1461,2,6,8,1
201406E093524,2,9,0,4,0,0,0,0,0,0,2,1,6,2,20,4,1248,2,8,-1,-1
201406E093541,1,11,0,18,0,8,0,0,0,0,1,1,1,1,30,6,6696,2,-1,1,1
201406E093543,1,9,0,7,0,4,0,0,0,0,4,1,6,3,-1,-1,-1,-1,-1,-1,-1
201406E093543,2,1,0,18,0,4,0,0,0,0,2,1,6,2,26,6,-1,-1,-1,6,1
201406E093570,1,9,0,18,0,0,0,0,0,0,1,1,6,1,64,9,1796,1,12,-1,1
201406E093583,1,9,0,18,0,0,0,0,0,0,2,1,6,1,18,4,1229,1,5,4,1
201406E093605,1,9,0,18,0,0,0,0,0,0,1,1,6,2,41,7,-1,-1,-1,6,1
201406E093672,1,9,0,18,0,8,0,0,0,0,4,1,2,2,56,9,1597,1,9,4,1
201406E093695,1,8,0,9,0,8,0,0,0,0,3,1,6,1,65,9,1968,2,1,1,1
201406E093695,2,1,0,18,0,8,0,0,0,0,3,1,6,1,22,5,-1,-1,-1,10,1
201406E093702,1,9,0,17,0,5,0,0,0,0,1,1,6,3,-1,-1,-1,-1,-1,-1,-1
201406E093702,2,9,0,2,0,1,0,0,0,0,2,1,6,1,24,5,-1,-1,-1,1,1
201406E093702,3,1,0,9,0,1,0,0,0,0,3,1,6,1,51,8,-1,-1,-1,-1,-1
201406E093747,1,9,0,9,0,5,0,0,0,0,1,1,1,1,27,6,1598,1,12,3,1
201406E093749,1,9,0,9,0,8,0,4,0,0,1,1,6,2,20,4,-1,-1,-1,3,1
201406E093749,2,9,0,2,0,8,0,0,0,0,2,1,6,3,-1,-1,1560,2,9,-1,-1
201406E093784,1,9,0,18,0,8,0,0,0,0,1,1,6,1,52,8,1598,1,11,2,1
201406E093784,2,3,0,18,0,8,0,0,0,0,1,1,6,1,45,7,-1,-1,-1,1,1
201406E093895,1,9,0,7,0,3,1,10,0,7,2,1,2,2,23,5,1248,2,7,4,1
201406E093895,2,9,0,18,0,8,0,0,0,0,1,1,6,2,21,5,1389,1,13,-1,-1
201406E093916,1,9,0,18,0,8,0,0,0,0,4,1,6,1,44,7,1995,2,10,2,1
201406E093916,2,9,0,18,0,8,0,0,0,0,1,1,6,1,29,6,-1,-1,-1,7,1
201406E093916,3,9,0,2,0,2,0,0,0,0,3,1,6,3,-1,-1,1399,2,6,4,3
201406E093923,1,9,0,18,0,8,0,0,0,0,1,1,1,1,27,6,1896,2,6,2,1
201406E093927,1,9,0,18,0,0,0,0,0,0,3,1,6,3,-1,-1,-1,-1,-1,-1,-1
201406E093947,1,9,0,18,0,2,0,0,0,0,1,1,6,1,33,6,-1,-1,-1,6,1
201406E094109,1,9,0,7,0,6,0,0,0,0,1,1,3,2,38,7,1598,1,9,10,1
201406E094109,2,9,0,18,0,1,0,0,0,0,1,1,2,1,29,6,1560,2,3,10,1
201406E094129,1,9,0,18,0,1,0,0,0,0,1,1,6,2,42,7,1995,2,6,6,1
201406E094200,1,9,0,9,0,5,0,0,0,0,1,1,6,1,23,5,1240,1,9,-1,-1
201406E094200,2,1,0,18,0,8,0,0,0,0,1,1,1,1,28,6,-1,-1,-1,4,1
201406E094217,1,9,0,18,0,8,0,0,0,0,1,1,2,2,55,8,2720,2,8,5,1
201406E094217,2,3,0,18,0,8,0,0,0,0,1,1,2,1,22,5,124,1,1,1,1
201406E094302,1,9,0,5,0,1,0,0,0,0,1,1,6,2,37,7,1796,1,5,-1,-1
201406E094311,1,1,0,12,0,0,0,0,0,0,3,1,6,1,43,7,-1,-1,-1,7,1
201406E094311,2,8,0,18,0,0,0,0,0,0,1,1,6,1,42,7,1461,2,3,6,1
201406E094379,1,9,0,18,0,8,0,0,0,0,1,1,6,2,25,5,1360,1,12,4,1
201406E094379,2,9,0,9,0,8,1,0,0,0,2,1,6,1,34,6,-1,-1,-1,4,1
201406E094414,1,9,0,7,0,5,0,0,0,0,2,1,2,2,30,6,1240,1,10,1,1
201406E094414,2,9,0,7,0,5,0,0,0,0,2,1,2,1,30,6,2499,1,3,1,1
201406E094423,1,11,0,4,0,1,0,0,0,0,1,1,1,1,48,8,-1,-1,-1,-1,-1
201406E094423,2,19,0,9,0,1,0,0,0,0,3,1,1,1,46,8,1753,2,5,8,1
201406E094440,1,9,0,18,0,2,0,0,0,0,4,1,6,1,64,9,2996,1,4,8,1
201406E094440,2,19,0,2,0,2,0,0,0,0,4,1,6,2,45,7,2148,2,9,4,1
201406E094440,3,8,0,2,0,2,0,0,0,0,4,1,6,1,47,8,1598,2,1,3,1
201406E094444,1,9,0,18,0,1,0,0,0,0,1,1,6,1,87,11,1686,2,10,4,1
201406E094549,1,9,0,18,0,8,5,7,0,0,4,1,6,2,31,6,1598,2,2,1,1
201406E094570,1,19,0,18,0,8,0,0,0,0,3,1,1,1,34,6,-1,-1,-1,5,1
201406E094570,2,9,0,18,0,8,0,0,0,0,1,1,6,2,52,8,1598,1,10,4,1
201406E094587,1,9,0,18,0,1,0,0,0,0,1,1,1,1,27,6,2993,2,1,-1,-1
201406E094599,1,9,0,18,0,8,0,0,0,0,3,1,6,1,17,4,1299,1,9,6,3
201406E094659,1,9,0,9,0,8,0,0,0,0,1,1,2,1,25,5,-1,-1,-1,6,1
201406E094659,2,5,0,18,0,8,0,0,7,2,1,1,2,1,31,6,599,1,15,1,1
201406E094671,1,9,0,18,0,4,0,0,0,0,1,1,6,2,24,5,1242,1,7,6,1
201406E094671,2,1,0,18,0,3,0,0,0,0,1,1,1,1,49,8,-1,-1,-1,7,1
201406E094692,1,9,0,15,0,8,0,0,0,0,4,1,6,1,67,10,1598,1,7,2,1
201406E094692,2,1,0,9,0,8,0,0,0,0,1,1,6,1,23,5,-1,-1,-1,4,1
201406E094752,1,9,0,9,0,6,0,0,1,4,1,1,6,2,34,6,1995,2,3,5,1
201406E094752,2,21,0,18,0,8,0,0,0,0,4,1,1,1,36,7,9200,2,8,4,1
201406E094760,1,9,0,4,0,1,0,0,0,0,1,1,6,1,55,8,1762,1,16,4,1
201406E094761,1,9,0,9,0,6,0,0,0,0,1,1,6,2,29,6,1598,1,8,2,1
201406E094761,2,5,0,18,0,8,0,0,0,0,4,1,6,1,24,5,598,1,15,1,1
201406E094815,1,9,0,3,0,4,0,0,0,0,1,1,6,1,44,7,1968,2,1,8,1
201406E094815,2,9,0,4,0,4,0,0,0,0,2,1,6,2,19,4,999,1,2,-1,-1
201406E094816,1,9,0,7,0,5,0,0,0,0,1,1,6,1,75,10,1390,1,8,2,1
201406E094816,2,9,0,14,0,1,0,0,0,0,1,1,6,1,50,8,1560,2,10,4,1
201406E094838,1,9,0,18,0,0,0,0,7,2,1,1,6,3,-1,-1,1390,1,10,-1,-1
201406E094838,2,8,0,2,0,0,0,0,0,0,1,1,2,1,36,7,-1,-1,-1,2,1
201406E094838,3,9,0,2,0,0,0,0,0,0,3,1,6,3,-1,-1,1229,1,6,-1,-1
201406E094850,1,9,0,18,0,0,0,0,0,0,1,1,6,1,43,7,1299,1,18,1,1
201406E094874,1,9,0,6,0,8,0,0,0,0,2,1,6,2,25,5,2148,2,5,1,1
201406E094874,2,9,0,18,0,8,0,0,0,0,3,1,6,2,53,8,1988,1,10,3,1
201406E094876,1,9,0,9,0,8,0,0,0,0,4,1,6,1,40,7,1968,2,1,5,1
201406E094876,2,9,0,18,0,8,0,0,0,0,3,1,6,2,44,7,1497,8,7,2,1
201406E095043,1,9,0,18,0,2,0,10,1,0,3,1,6,1,38,7,2000,1,5,1,1
201406E095052,1,9,0,18,0,8,0,0,0,0,1,1,1,2,36,7,1968,2,1,6,1
201406E095052,2,9,0,18,0,8,0,0,0,0,4,1,6,1,27,6,998,1,4,6,1
201406E095052,3,9,0,18,0,8,0,0,0,0,1,1,6,1,33,6,1747,1,11,3,2
201406E095059,1,9,0,9,0,2,0,0,0,0,1,1,6,2,25,5,1197,1,1,1,1
201406E095132,1,9,0,18,0,1,0,0,0,0,1,1,6,1,20,4,1199,1,12,3,1
201406E095188,1,9,0,18,0,1,0,0,0,0,1,1,6,3,-1,-1,-1,-1,-1,-1,-1
201406E095188,2,9,0,18,0,1,0,0,0,0,2,1,6,2,34,6,1360,1,13,1,1
201406E095232,1,1,0,18,0,8,0,0,0,0,4,1,2,2,22,5,-1,-1,-1,8,1
201406E095232,2,9,0,18,0,8,0,0,0,0,1,1,6,1,27,6,1597,2,-1,8,1
201406E095283,1,19,0,9,0,1,0,0,0,0,3,1,1,1,53,8,2143,2,5,2,1
201406E095283,2,9,0,18,0,1,0,0,0,0,1,1,6,1,24,5,1299,1,9,6,1
201406E095358,1,9,0,9,0,8,0,0,0,0,1,1,6,1,28,6,1796,7,11,1,1
201406E095358,2,1,0,18,0,8,0,0,0,0,1,1,6,1,33,6,-1,-1,-1,4,1
201406E095382,1,9,0,18,0,8,0,0,0,0,1,1,2,1,45,7,1898,2,15,8,1
201406E095382,2,9,0,3,0,8,0,0,0,0,2,1,6,1,43,7,998,1,11,3,1
201406E095382,3,21,0,10,0,8,0,0,0,0,2,1,1,1,47,8,6374,2,1,3,1
201406E095433,1,20,0,7,0,2,0,0,0,0,4,1,1,1,34,6,4250,2,11,-1,-1
201406E095455,1,9,0,7,0,5,0,10,1,10,1,1,6,1,20,4,1598,1,8,-1,-1
201406E095494,1,9,0,18,0,1,0,0,0,0,1,1,6,1,28,6,1598,1,8,-1,-1
201406E095494,2,9,0,10,0,8,0,0,0,0,2,1,6,1,33,6,1896,2,9,1,1
201406E095590,1,19,0,9,0,8,0,0,0,0,1,1,6,1,36,7,1998,2,8,1,1
201406E095590,2,9,0,18,0,8,0,0,0,0,3,1,6,1,47,8,2148,2,11,3,1
201406E096344,1,9,0,13,0,0,0,0,0,0,4,1,6,1,30,6,1388,1,11,-1,-1
201406E096344,2,8,0,3,0,0,0,0,0,0,3,1,6,1,40,7,1910,2,6,5,1
201406EF81372,1,9,0,17,0,1,0,0,0,0,1,1,6,1,24,5,1390,1,10,2,1
201406EF81372,2,8,0,4,0,1,0,0,0,0,3,1,6,1,27,6,1248,2,5,-1,-1
201406EJ88021,1,9,0,9,0,8,0,0,0,1,1,1,6,2,89,11,-1,-1,-1,5,1
201406EJ88021,2,9,0,18,0,8,0,0,0,1,1,1,6,1,69,10,1997,2,15,8,1
201406EM89921,1,9,0,9,0,5,0,0,0,0,4,1,6,2,38,7,1596,1,6,10,1
201406EM89921,2,1,0,18,0,1,0,0,0,0,1,1,2,2,40,7,-1,-1,-1,10,1
201406EM92755,1,9,0,11,0,1,0,0,0,0,1,1,1,3,-1,-1,1396,2,3,-1,-1
201406EM92755,2,9,0,3,0,1,0,0,3,0,3,1,1,1,51,8,-1,-1,-1,5,1
201406F081291,1,9,0,7,0,5,0,0,0,0,3,1,6,1,30,6,-1,-1,-1,-1,-1
201406F081362,1,9,0,7,0,6,0,0,0,0,3,1,6,2,39,7,2000,2,5,10,1
201406F081362,2,9,0,17,0,8,0,0,0,0,1,1,1,1,62,9,-1,-1,-1,8,1
201406F081438,1,9,0,18,0,1,0,0,0,0,0,1,6,3,-1,-1,-1,-1,-1,-1,-1
201406F081438,2,9,0,18,0,1,0,0,0,0,1,1,6,2,25,5,1591,1,7,4,1
201406F081438,3,9,0,18,0,1,0,0,0,0,2,1,6,1,20,4,1149,1,10,2,1
201406F081482,1,9,0,9,0,6,0,0,0,0,3,1,6,2,75,10,1339,1,7,10,1
201406F081482,2,5,0,18,0,8,0,0,0,0,1,1,6,1,35,6,-1,-1,-1,2,1
201406F081523,1,9,0,18,0,8,0,0,0,0,1,1,6,2,23,5,-1,-1,-1,-1,1
201406F081523,2,18,0,18,1,8,0,0,0,0,1,1,1,1,53,8,-1,-1,-1,5,1
201406F081776,1,9,0,10,0,1,0,0,0,0,1,1,6,2,28,6,-1,-1,-1,5,1
201406F081902,1,9,0,18,0,1,0,0,0,0,4,1,6,1,29,6,1388,1,14,1,1
201406F081902,2,9,0,2,0,1,0,0,0,0,3,1,6,1,30,6,-1,-1,-1,-1,-1
201406F081927,1,9,0,18,0,8,0,0,0,0,1,1,6,1,27,6,1896,2,7,4,1
201406F081927,2,9,0,4,0,8,0,0,0,0,2,1,6,2,59,9,1240,1,9,2,1
201406F081927,3,9,0,4,0,8,0,0,0,0,2,1,6,1,30,6,1149,1,1,-1,-1
201406F081956,1,9,0,18,0,1,0,0,0,0,1,1,6,2,25,5,1299,1,11,1,1
201406F081990,1,9,0,9,0,6,0,0,0,0,3,1,1,1,56,9,1248,2,7,7,1