Accident_Index,Vehicle_Reference,Vehicle_Type,Towing_and_Articulation,Vehicle_Manoeuvre,Vehicle_Location-Restricted_Lane,Junction_Location,Skidding_and_Overturning,Hit_Object_in_Carriageway,Vehicle_Leaving_Carriageway,Hit_Object_off_Carriageway,1st_Point_of_Impact,Was_Vehicle_Left_Hand_Drive?,Journey_Purpose_of_Driver,Sex_of_Driver,Age_of_Driver,Age_Band_of_Driver,Engine_Capacity_(CC),Propulsion_Code,Age_of_Vehicle,Driver_IMD_Decile,Driver_Home_Area_Type
201406F094508,2,1,0,18,0,8,0,0,0,0,1,1,6,1,27,6,-1,-1,-1,1,1
201406F094512,1,9,0,18,0,0,0,0,0,0,0,1,6,3,-1,-1,-1,-1,-1,-1,-1
201406F094512,2,90,0,18,0,0,0,0,0,0,2,1,6,1,30,6,-1,-1,-1,-1,-1
201406F094512,3,9,0,18,0,0,0,0,0,0,1,1,6,2,42,7,2987,2,6,5,1
201406F094552,1,9,0,1,0,2,0,0,0,0,4,1,6,2,30,6,1498,1,7,-1,-1
201406F094552,2,9,0,2,0,2,0,0,0,0,4,1,6,2,34,6,1390,1,3,1,1
201406F094552,3,9,0,2,0,2,0,0,0,0,4,1,6,3,-1,-1,1461,2,-1,-1,-1
201406F094555,1,9,0,3,0,1,0,0,0,0,1,1,6,1,31,6,-1,-1,-1,3,1
201406F094555,2,9,0,3,0,1,0,0,0,0,1,1,6,1,51,8,2499,2,12,1,1
201406F094555,3,9,0,9,0,8,0,0,0,0,2,1,6,1,30,6,1798,1,5,7,1
201406F094575,1,9,0,9,0,6,0,0,0,0,1,1,6,2,49,8,1242,1,1,4,1
201406F094575,2,3,0,18,0,8,0,0,0,0,3,1,2,2,32,6,125,1,2,4,1
201406F094610,1,5,0,18,0,0,0,0,0,0,1,1,6,1,26,6,599,1,3,-1,-1
201406F094621,1,9,0,9,0,6,0,0,0,0,3,1,2,2,21,5,1242,1,-1,1,1
201406F094621,2,1,0,18,0,8,0,0,0,0,1,1,2,1,26,6,-1,-1,-1,5,3
201406F094640,1,9,0,7,0,6,0,0,0,0,1,1,2,1,21,5,1242,1,6,9,1
201406F094640,2,1,0,18,0,8,0,0,0,0,2,1,2,1,42,7,-1,-1,-1,3,1
201406F094653,1,9,0,6,0,8,0,0,0,0,1,1,6,1,55,8,-1,-1,-1,3,1
201406F094653,2,9,0,18,0,8,0,0,0,0,1,1,6,2,24,5,1198,1,5,8,1
201406F094832,1,9,0,9,0,4,0,0,0,0,1,1,6,2,72,10,1598,1,1,6,1
201406F094832,2,9,0,18,0,8,0,0,0,0,3,1,6,2,49,8,-1,-1,-1,1,1
201406F094891,1,9,0,18,0,4,0,0,0,0,1,1,1,1,43,7,1968,2,3,1,1
201406F094891,2,1,0,9,0,8,0,0,0,0,2,1,6,1,23,5,-1,-1,-1,1,1
201406F095023,1,9,0,9,4,5,0,0,0,0,4,1,1,1,38,7,1998,2,7,2,1
201406F095023,2,1,0,18,4,8,0,0,0,0,1,1,6,2,35,6,-1,-1,-1,-1,1
201406F095026,1,1,0,18,0,1,0,0,0,0,3,1,6,1,25,5,-1,-1,-1,1,1
201406F095026,2,9,0,18,0,1,0,0,0,0,1,1,6,1,20,4,1388,1,12,1,1
201406F095044,1,9,0,18,0,0,0,0,0,0,1,1,6,1,23,5,2143,2,-1,-1,-1
201406F095044,2,9,0,18,0,0,0,0,0,0,1,1,1,1,53,8,1798,1,10,1,1
201406F095044,3,9,0,18,0,0,0,0,0,0,1,1,1,1,19,4,1582,2,1,4,1
201406F095044,4,9,0,18,0,0,0,0,0,0,1,1,1,1,51,8,1998,1,20,-1,1
201406F095044,5,9,0,18,0,0,0,0,0,0,3,1,1,1,27,6,2993,2,6,1,1
201406F095053,1,9,0,18,0,1,0,0,0,0,1,1,6,1,59,9,-1,-1,-1,-1,-1
201406F095053,2,9,0,4,0,1,0,0,0,0,2,1,6,2,35,6,1596,1,9,1,1
201406F095053,3,9,0,4,0,1,0,0,0,0,2,1,6,1,27,6,1986,2,9,2,1
201406F095087,1,9,0,18,0,2,0,0,0,0,3,1,2,2,45,7,1329,1,5,5,1
201406F095102,1,9,0,18,0,1,0,0,0,0,1,1,2,1,22,5,1349,1,3,3,1
201406F095103,1,9,0,17,0,1,0,0,0,0,1,1,6,1,64,9,1595,1,5,7,1
201406F095111,1,1,0,3,0,4,0,0,0,0,1,1,6,1,27,6,-1,-1,-1,-1,1
201406F095111,2,9,0,3,0,4,0,0,0,0,3,1,6,1,30,6,-1,-1,-1,-1,1
201406F095138,1,9,0,9,0,5,0,0,0,0,1,1,6,1,51,8,1560,2,1,5,1
201406F095154,1,9,0,18,0,1,0,0,0,0,1,1,1,1,21,5,-1,-1,-1,2,1
201406F095175,1,9,0,7,0,1,0,0,0,0,1,1,6,1,31,6,1968,2,-1,4,1
201406F095175,2,1,0,15,0,1,0,0,0,0,4,1,2,1,31,6,-1,-1,-1,-1,-1
201406F095337,1,19,0,9,0,6,0,0,0,0,3,1,1,1,59,9,1560,2,-1,2,1
201406F095383,1,1,0,18,0,8,0,0,0,0,4,1,4,1,11,3,-1,-1,-1,4,1
201406F095383,2,9,0,10,0,1,0,0,0,0,1,1,6,1,33,6,1896,2,9,1,1
201406F095385,1,9,0,18,0,0,0,0,0,0,1,1,2,2,26,6,1198,1,-1,2,1
201406F095396,1,9,0,18,0,2,0,0,0,0,3,1,6,1,44,7,1124,1,10,1,1
201406F095407,1,9,0,9,0,8,0,0,0,0,1,1,6,2,80,11,998,1,1,6,1
201406F095407,2,9,0,18,0,6,0,0,0,0,3,1,6,1,30,6,1560,2,1,2,1
201406F095506,1,9,0,3,0,1,0,0,0,0,1,1,6,2,30,6,1995,2,8,1,1
201406F095506,2,3,0,3,0,1,0,0,0,0,2,1,6,1,25,5,124,1,3,1,1
201406F095571,1,9,0,5,0,1,0,0,0,0,1,1,1,1,52,8,1242,1,9,1,1
201406F095571,2,1,0,18,0,8,0,0,0,0,2,1,1,1,24,5,-1,-1,-1,-1,1
201406FA82779,1,9,0,9,0,8,0,0,0,0,4,1,6,1,54,8,1998,1,10,5,1
201406FA82779,2,1,0,18,0,8,0,0,0,0,1,1,6,1,22,5,-1,-1,-1,1,1
201406FA92389,1,9,0,18,0,6,0,0,0,0,1,1,6,3,-1,-1,1998,1,14,-1,1
201406FA92389,2,9,0,18,0,8,1,10,1,10,4,1,6,2,29,6,2993,2,1,1,1
201406FK93075,1,9,0,9,0,8,0,0,0,0,3,1,6,1,50,8,1988,2,8,4,1
201406FK93075,2,3,0,18,0,8,0,0,0,0,1,1,6,1,22,5,125,1,-1,8,1
201406FN83323,1,9,0,9,0,8,0,0,0,0,4,1,6,2,51,8,1998,1,11,6,1
201406FN83323,2,1,0,18,4,8,0,0,0,0,1,1,2,1,54,8,-1,-1,-1,8,1
201406G081287,1,9,0,9,0,8,0,0,0,0,3,1,6,1,51,8,1598,1,3,-1,-1
201406G081287,2,9,0,18,0,8,0,0,0,0,1,1,6,1,31,6,1596,1,2,5,1
201406G081336,1,1,0,9,0,6,0,0,0,0,1,1,6,1,21,5,-1,-1,-1,4,1
201406G081336,2,9,0,18,0,1,0,0,0,0,3,1,6,2,36,7,796,1,7,3,1
201406G081347,1,11,0,18,0,8,0,0,0,0,1,1,1,1,24,5,3900,2,8,6,1
201406G081356,1,9,0,18,0,0,0,0,0,0,1,1,6,1,73,10,1388,1,3,-1,-1
201406G081591,1,9,0,18,0,2,0,0,0,0,1,1,6,1,36,7,1896,2,9,-1,-1
201406G081818,1,9,0,9,0,8,0,0,0,0,1,1,6,1,46,8,1560,2,3,2,1
201406G081818,2,4,0,18,0,8,0,0,0,0,1,1,6,1,34,6,124,1,10,10,1
201406G081828,1,9,0,18,0,8,0,0,0,0,3,1,6,2,19,4,1399,2,12,7,1
201406G081828,2,9,0,18,0,8,0,0,0,0,1,1,6,1,48,8,1910,2,8,4,1
201406G081958,1,9,0,18,0,8,0,0,0,0,1,1,6,1,41,7,2495,2,15,1,1
201406G081958,2,10,0,9,0,6,0,0,0,0,3,1,6,1,42,7,2402,2,13,-1,-1
201406G081974,1,9,0,18,0,8,0,0,0,0,1,1,2,2,50,8,1590,1,9,7,3
201406G081974,2,21,0,3,0,8,0,0,0,0,0,1,1,1,47,8,12900,2,2,2,1
201406G081993,1,8,0,18,0,2,0,0,0,0,1,1,1,1,51,8,1896,2,5,4,1
201406G082029,1,9,0,18,0,8,0,0,1,9,1,1,6,3,-1,-1,1896,2,11,-1,-1
201406G082029,2,9,0,9,0,6,0,0,0,0,3,1,1,1,47,8,1299,1,11,2,1
201406G082043,1,9,0,9,0,8,0,0,0,0,1,1,6,2,36,7,1753,2,11,2,1
201406G082043,2,11,0,18,0,8,0,0,0,0,4,1,1,1,52,8,6700,2,6,2,1
201406G082260,1,9,0,9,0,6,0,0,0,0,1,1,6,3,-1,-1,1149,1,12,-1,-1
201406G082260,2,9,0,18,0,8,0,0,1,1,3,1,6,2,37,7,1995,2,1,4,1
201406G082385,1,9,0,5,0,0,0,0,0,0,1,1,3,2,35,6,1198,1,2,3,1
201406G082385,2,1,0,18,0,0,1,0,0,0,1,1,2,1,44,7,-1,-1,-1,4,1
201406G082429,1,3,0,9,0,8,0,0,0,0,1,1,2,1,18,4,125,1,6,5,1
201406G082429,2,9,0,18,0,8,0,0,0,0,1,1,6,1,44,7,3498,1,5,3,1
201406G082569,1,5,0,18,0,1,0,0,0,0,3,1,6,1,66,10,1832,1,4,2,1
201406G082580,1,9,0,18,0,8,0,0,0,0,1,1,6,1,28,6,1360,1,2,8,1
201406G082600,1,9,0,10,0,8,0,0,0,0,1,1,6,1,42,7,1956,2,4,2,1
201406G082600,2,5,0,18,0,8,0,0,0,0,1,1,6,1,53,8,749,1,21,1,1
201406G082606,1,9,0,18,0,8,0,0,0,0,1,1,1,1,29,6,1968,2,4,2,1
201406G082606,2,9,0,18,0,8,0,0,0,0,1,1,6,2,54,8,-1,-1,-1,1,1
201406G082646,1,9,0,14,0,1,0,0,0,0,1,1,6,1,99,11,1086,1,5,3,1
201406G082646,2,9,0,18,0,2,5,0,0,0,1,1,6,2,35,6,2987,2,6,4,1
201406G082646,3,9,0,2,0,2,0,0,0,0,1,1,6,3,-1,-1,-1,-1,-1,-1,-1
201406G082662,1,1,0,18,0,8,0,0,0,0,1,1,2,1,35,6,-1,-1,-1,5,1
201406G082662,2,9,0,9,0,4,0,0,0,0,4,1,2,1,48,8,1124,1,14,1,1
201406G082687,1,8,0,7,0,1,0,0,0,0,4,1,6,1,30,6,-1,-1,-1,-1,-1
201406G082697,1,9,0,18,0,8,0,0,0,0,4,1,6,1,85,11,-1,-1,-1,-1,-1
201406G082697,2,1,0,18,0,8,0,0,0,0,1,1,6,1,42,7,-1,-1,-1,1,1
201406G082730,1,9,0,18,0,8,1,0,0,0,1,1,6,1,25,5,1242,1,9,2,1
201406G082730,2,9,0,18,0,8,0,0,0,0,4,1,6,2,29,6,2979,1,10,2,1
201406G082808,1,9,0,5,0,4,0,0,0,0,3,1,1,1,35,6,1598,1,1,8,1
201406G082808,2,1,0,18,0,8,0,0,0,0,1,1,1,1,57,9,-1,-1,-1,4,1
201406G082815,1,9,0,6,0,8,0,0,0,0,3,1,6,1,30,6,1390,1,10,-1,-1
201406G082815,2,9,0,5,0,8,0,0,0,0,1,1,6,1,26,6,-1,-1,-1,1,1
201406G082879,1,90,0,4,0,1,0,0,0,0,4,1,6,1,66,10,-1,-1,-1,1,1
201406G082965,1,9,0,17,0,8,0,0,0,0,3,1,2,2,59,9,-1,-1,-1,3,1
201406G082965,2,3,0,10,0,8,0,0,0,0,1,1,2,2,49,8,125,1,1,2,1
201406G083007,1,9,0,18,0,0,0,0,2,2,0,1,6,1,76,11,1560,2,1,3,1
201406G083107,1,9,0,7,0,6,0,0,0,0,1,1,6,1,59,9,1248,2,7,1,1
201406G083177,1,9,0,18,0,4,0,0,0,0,1,1,6,1,83,11,1985,1,18,3,1
201406G083177,2,9,0,18,0,3,0,0,0,0,4,1,6,2,37,7,1149,1,15,3,1
201406G083199,1,19,0,18,0,0,0,0,0,0,4,1,1,1,45,7,-1,-1,-1,2,1
201406G083219,1,9,0,4,0,1,0,0,0,0,1,2,6,2,30,6,-1,-1,-1,1,1
201406G083219,2,9,0,8,0,1,0,0,0,0,2,1,6,2,50,8,1388,1,2,2,1
201406G083225,1,2,0,18,0,0,1,0,0,0,1,1,6,1,18,4,124,1,9,2,1
201406G083225,2,9,0,18,0,0,0,0,0,0,1,1,6,2,49,8,1396,1,9,2,1
201406G083247,1,9,0,18,0,8,0,0,0,0,1,1,6,3,-1,-1,-1,-1,-1,-1,-1
201406G083247,2,9,0,9,0,8,0,0,0,0,2,1,6,2,30,6,1299,1,7,10,1
201406G083259,1,9,0,16,0,4,0,0,0,0,3,1,6,2,30,6,1390,1,1,5,1
201406G083259,2,1,0,18,0,8,5,0,0,0,1,1,2,1,25,5,-1,-1,-1,1,1
201406G083260,1,3,0,18,0,8,1,0,0,0,1,1,6,1,19,4,125,1,2,1,1
201406G083260,2,9,0,10,0,1,0,0,0,0,2,1,6,1,54,8,2198,1,10,7,3
201406G083292,1,9,0,10,0,6,0,0,0,0,3,1,6,1,73,10,1596,1,1,4,1
201406G083292,2,5,0,18,0,8,0,0,0,0,1,1,2,1,43,7,649,1,8,3,1
201406G083373,1,9,0,7,0,8,0,0,0,0,3,1,6,1,26,6,1242,1,10,1,1
201406G083373,2,1,0,18,0,8,0,0,0,0,4,1,2,2,32,6,-1,-1,-1,2,1
201406G083403,1,9,0,11,0,0,0,0,0,0,1,1,6,1,26,6,1461,2,8,9,3
201406G083403,2,9,0,3,0,0,0,0,0,0,2,1,6,1,52,8,1397,1,6,9,1
201406G083403,3,9,0,3,0,0,0,0,0,0,2,1,6,1,19,4,1199,1,13,1,1
201406G083404,1,9,0,9,0,6,0,0,0,0,3,1,6,1,19,4,998,1,5,1,1
201406G083404,2,9,0,18,0,1,0,0,7,10,1,1,6,1,23,5,1390,1,15,2,1
201406G083412,1,9,0,18,0,8,0,0,0,0,1,1,6,1,56,9,3628,2,5,3,1
201406G083412,2,8,0,9,0,8,0,10,7,10,4,1,1,1,30,6,1896,2,5,1,1
201406G083539,1,9,0,14,0,0,0,7,0,0,1,1,6,2,25,5,1398,2,5,2,1
201406G083539,2,11,0,4,0,0,0,0,0,0,2,1,6,1,53,8,4500,2,2,1,1
201406G083633,1,9,0,9,0,2,0,0,0,0,1,1,6,3,-1,-1,-1,-1,-1,-1,-1
201406G083763,1,9,0,7,0,7,0,0,0,0,1,1,2,1,63,9,1956,2,4,7,1
201406G083763,2,90,0,7,0,7,0,0,0,0,2,1,1,1,54,8,-1,-1,-1,1,1
201406G083802,1,9,0,18,0,0,0,0,0,0,4,1,6,2,26,6,1870,2,13,6,1
201406G083914,1,9,0,18,0,8,0,0,0,0,4,1,6,2,48,8,-1,-1,-1,1,1
201406G083914,2,11,0,18,0,8,0,0,0,0,1,1,1,1,44,7,8300,2,7,-1,-1
201406G083946,1,9,0,9,0,4,0,0,0,0,3,1,1,2,45,7,-1,-1,-1,2,1
201406G083946,2,1,0,9,0,8,0,0,0,0,4,1,6,1,56,9,-1,-1,-1,2,1
201406G084103,1,9,0,18,0,0,0,4,0,0,1,1,6,1,32,6,1984,1,-1,4,1
201406G084103,2,9,0,18,0,0,0,0,0,0,1,1,6,2,21,5,1242,1,3,3,1
201406G084103,3,9,0,2,0,0,0,0,0,0,1,1,6,2,46,8,1299,1,11,4,1
201406G084145,1,20,0,18,0,1,0,0,0,0,4,1,1,1,52,8,3920,2,10,8,2
201406G084193,1,9,0,18,0,8,0,0,0,0,2,1,6,1,78,11,-1,-1,-1,3,1
201406G084193,2,11,0,18,0,8,0,0,0,0,2,1,1,1,45,7,6700,2,6,4,1
201406G084193,3,9,0,2,0,2,0,0,0,0,3,1,6,2,40,7,2993,2,4,10,1
201406G084325,1,9,0,9,0,2,0,0,0,0,3,1,6,2,47,8,1596,1,6,2,1
201406G084325,2,9,0,8,0,1,0,0,0,0,4,1,6,1,25,5,2000,1,6,4,1
201406G084350,1,9,0,7,0,6,0,0,0,0,1,1,2,1,51,8,-1,-1,-1,1,1
201406G084350,2,1,0,18,0,2,0,0,0,0,2,1,2,1,46,8,-1,-1,-1,2,1
201406G084438,1,9,0,9,0,8,0,0,0,0,1,1,6,1,86,11,1582,2,5,3,1
201406G084438,2,9,0,18,0,8,0,0,0,0,1,1,6,2,31,6,1200,1,1,1,1
201406G084454,1,9,0,18,0,0,0,0,0,0,1,1,6,2,56,9,1398,2,12,2,1
201406G084454,2,9,0,2,0,0,0,0,0,0,2,1,6,2,42,7,998,1,14,2,1
201406G084458,1,9,0,18,0,2,0,0,0,0,1,1,2,1,48,8,1242,1,10,3,1
201406G084458,2,19,0,2,0,2,0,0,0,0,2,1,2,1,64,9,2198,2,2,4,1
201406G084527,1,9,0,18,0,0,0,10,1,2,1,1,6,1,86,11,2198,2,8,1,1
201406G084546,1,9,0,18,0,8,0,0,0,0,4,1,6,1,43,7,1896,2,11,4,1
201406G084546,2,9,0,18,0,8,0,0,0,0,1,1,6,2,63,9,1248,2,10,2,1
201406G084573,1,19,0,7,0,1,0,0,0,0,1,1,6,1,31,6,2151,2,14,2,1
201406G084573,2,9,0,8,0,1,0,0,0,0,2,1,6,2,46,8,1199,1,13,1,1
201406G084582,1,3,0,18,0,0,0,0,0,0,1,1,6,1,17,4,124,1,6,-1,-1
201406G084582,2,9,0,2,0,0,0,0,0,0,1,1,6,1,61,9,2826,2,16,-1,-1
201406G084615,1,11,0,4,0,1,0,0,0,0,0,1,1,1,32,6,5900,2,10,4,1
201406G084629,1,9,0,18,0,8,1,0,0,0,1,1,6,1,24,5,1388,1,7,4,1
201406G084670,1,9,0,9,0,6,0,0,0,0,3,1,6,1,32,6,2993,2,8,4,2
201406G084670,2,5,0,9,0,6,5,0,0,0,0,1,6,1,27,6,805,1,9,2,1
201406G084694,1,9,0,8,0,8,0,0,0,0,1,1,6,1,49,8,1364,1,9,4,1
201406G084694,2,3,0,18,0,8,0,0,0,0,2,1,6,1,21,5,124,1,6,1,1
201406G084701,1,9,0,18,0,1,0,0,0,0,4,1,6,1,25,5,1248,1,4,3,1
201406G084712,1,9,0,18,0,8,0,0,0,0,1,1,6,2,48,8,1587,1,9,7,1
201406G084945,1,9,0,9,0,5,0,0,0,0,4,1,6,1,43,7,1997,2,13,2,1
201406G084945,2,5,0,18,0,1,1,0,0,0,1,1,6,1,51,8,-1,-1,-1,1,1
201406G085181,1,9,0,6,0,0,0,0,0,0,1,1,6,2,65,9,1910,2,4,4,1
201406G085181,2,3,0,18,0,0,0,0,0,0,1,1,6,1,31,6,125,1,9,8,1
201406G085193,1,9,0,18,0,0,0,0,0,0,4,1,1,1,34,6,1910,2,8,10,1
201406G085239,1,9,0,17,0,2,1,0,0,0,1,1,6,1,19,4,1870,2,10,1,1
201406G085239,2,9,0,16,0,1,0,0,0,0,1,1,6,1,73,10,1339,1,10,-1,-1
201406G085367,1,9,0,4,0,0,0,0,0,0,1,1,6,2,45,7,2982,2,1,-1,-1
201406G085367,2,9,0,4,0,0,0,0,0,0,2,1,6,2,30,6,1595,1,2,10,1
201406G085367,3,9,0,4,0,0,0,0,0,0,2,1,6,1,42,7,998,1,17,-1,-1
201406G085367,4,9,0,4,0,0,0,0,0,0,2,1,6,1,35,6,2143,2,2,10,1
201406G085428,1,9,0,18,0,2,0,0,0,0,1,1,2,1,44,7,2231,2,4,8,1
201406G085441,1,9,0,18,0,0,0,0,0,0,1,1,6,2,50,8,-1,-1,-1,-1,-1
201406G085441,2,9,0,4,0,0,0,0,0,0,2,1,6,2,48,8,1390,1,5,3,1
201406G085441,3,11,0,2,0,0,0,0,0,0,3,1,1,1,34,6,4250,2,2,7,1
201406G085503,1,9,0,7,0,8,0,0,0,0,4,1,6,1,24,5,1390,1,11,5,1
201406G085541,1,9,0,18,0,8,0,0,0,0,1,1,6,1,38,7,-1,-1,-1,7,2
201406G085541,2,9,0,18,0,8,0,0,0,0,1,1,6,1,18,4,1368,1,3,6,1
201406G085582,1,9,0,13,0,2,0,0,0,0,4,1,6,1,30,6,1390,1,4,-1,-1
201406G085582,2,9,0,18,0,2,0,0,0,0,3,1,6,2,49,8,998,1,13,7,1
201406G085623,1,4,0,13,0,8,2,0,7,1,1,1,6,1,27,6,-1,-1,-1,1,1
201406G085623,2,9,0,9,0,8,0,0,0,0,3,1,6,1,79,11,999,1,1,1,1
201406G086040,1,9,0,18,0,8,0,0,0,0,3,1,6,1,25,5,1229,1,1,4,1
201406G086040,2,5,0,18,0,8,0,0,0,0,1,1,6,1,44,7,738,1,15,1,1
201406G086127,1,9,0,16,0,3,5,10,1,2,3,1,6,1,64,9,2487,2,14,7,1
201406G086137,1,9,0,18,0,8,0,0,0,0,3,1,6,1,71,10,1598,1,1,9,1
201406G086137,2,1,0,9,0,8,0,0,0,0,1,1,6,1,17,4,-1,-1,-1,-1,-1
201406G086159,1,19,0,9,0,8,0,0,0,0,4,1,1,1,37,7,2198,2,3,4,1
201406G086159,2,1,0,18,0,8,0,0,0,0,1,1,2,1,30,6,-1,-1,-1,1,1
201406G086209,1,9,0,18,0,0,0,0,0,0,1,1,6,1,33,6,-1,-1,-1,3,1
201406G086219,1,9,0,9,0,5,0,0,0,0,1,1,6,1,25,5,998,1,1,5,1
201406G086219,2,3,0,17,0,8,0,0,0,0,3,1,6,1,18,4,-1,-1,-1,1,1
201406G086226,1,9,0,9,0,8,0,0,0,0,1,1,6,1,62,9,1560,2,-1,2,1
201406G086226,2,5,0,18,0,8,1,0,0,0,1,1,6,1,29,6,599,1,12,4,1
201406G086230,1,9,0,18,0,2,0,10,1,10,1,1,6,1,20,4,1968,2,7,-1,-1
201406G086237,1,9,0,9,0,8,0,0,0,0,1,1,1,1,34,6,-1,-1,-1,9,3
201406G086237,2,5,0,18,0,8,0,0,0,0,1,1,6,1,24,5,599,1,15,1,1
201406G086242,1,4,0,4,0,1,0,0,0,0,0,1,6,1,30,6,-1,-1,-1,-1,-1
201406G086295,1,9,0,9,0,8,0,0,0,0,4,1,6,1,72,10,1242,1,8,2,1
201406G086295,2,9,0,18,0,8,0,0,0,0,1,1,6,1,57,9,2143,2,2,7,1
201406G086391,1,9,0,1,0,0,0,0,0,0,2,1,6,1,76,11,1910,2,6,3,1
201406G086486,1,9,0,9,0,8,0,0,0,0,0,1,2,1,42,7,1796,1,3,9,1
201406G086486,2,1,0,18,0,8,0,0,0,0,0,1,2,1,42,7,-1,-1,-1,2,1
201406G086495,1,9,0,9,0,1,0,0,0,0,0,1,6,2,38,7,1242,1,12,3,1
201406G086495,2,2,0,18,0,8,0,0,0,0,0,1,6,2,17,4,49,1,3,2,1
201406G086536,1,9,0,7,0,1,0,0,0,0,1,1,6,1,30,6,-1,-1,-1,-1,-1
201406G086536,2,1,0,5,0,1,0,0,0,0,3,1,4,1,15,3,-1,-1,-1,2,1
201406G086671,1,9,0,18,0,0,1,0,0,0,1,1,6,1,23,5,1149,1,6,2,1
201406G086671,2,9,0,3,0,0,0,0,0,0,2,1,6,1,49,8,1951,2,8,2,1
201406G086775,1,1,0,18,0,8,0,0,0,0,1,1,6,1,43,7,-1,-1,-1,2,1
201406G086775,2,90,0,17,0,8,0,0,0,0,2,1,6,3,-1,-1,-1,-1,-1,-1,-1
201406G086866,1,9,0,9,0,8,0,0,0,0,3,1,6,2,51,8,1390,1,9,5,1
201406G086866,2,1,0,14,0,8,0,0,0,0,1,1,6,1,50,8,-1,-1,-1,1,1
201406G086892,1,10,0,18,0,2,0,0,0,0,0,1,1,2,29,6,-1,-1,-1,3,1
201406G086994,1,9,0,9,0,6,0,0,0,0,1,1,6,2,24,5,998,1,6,4,1
201406G086994,2,9,0,18,0,8,1,0,0,0,1,1,6,1,16,4,1984,1,6,1,1
201406G087150,1,9,0,15,0,2,1,0,0,0,1,1,6,1,34,6,1598,2,1,1,1
201406G087150,2,9,0,18,0,1,0,0,0,0,1,1,2,2,47,8,-1,-1,-1,4,1
201406G087228,1,1,0,18,0,5,0,0,0,0,1,1,1,1,35,6,-1,-1,-1,3,1
201406G087228,2,9,0,9,0,8,0,0,0,0,3,1,6,1,49,8,1796,1,11,2,1
201406G087272,1,19,0,18,0,8,0,0,0,0,1,1,6,1,39,7,2987,2,5,4,1
201406G087272,2,9,0,18,0,8,0,0,0,0,4,1,6,1,74,10,-1,-1,-1,1,1
201406G087277,1,9,0,9,0,6,0,0,0,0,3,1,6,1,20,4,1229,1,3,1,1
201406G087277,2,5,0,18,0,8,0,0,0,0,1,1,6,1,42,7,599,1,16,7,1
201406G087290,1,9,0,18,0,0,0,0,0,0,1,1,6,1,69,10,1390,1,7,5,1
201406G087299,1,9,0,18,0,2,0,0,0,0,3,1,6,1,68,10,1364,1,5,1,1
201406G087549,1,1,0,18,0,8,0,0,0,0,0,1,6,1,37,7,-1,-1,-1,4,1
201406G087549,2,9,0,4,0,1,0,0,0,0,0,1,6,1,30,6,-1,-1,-1,-1,-1
201406G087582,1,9,0,18,0,2,0,7,3,10,1,1,6,2,47,8,-1,-1,-1,1,1
201406G087603,1,9,0,18,0,8,0,0,0,0,1,1,2,2,19,4,1363,2,12,2,1
201406G087603,2,1,0,18,0,8,0,0,0,0,1,1,6,1,10,2,-1,-1,-1,-1,-1
201406G087604,1,9,0,18,0,1,0,0,0,0,2,1,6,2,30,6,-1,-1,-1,-1,-1
201406G087604,2,9,0,3,0,1,0,0,0,0,1,1,6,2,21,5,1242,1,12,7,1
201406G087631,1,9,0,18,0,8,0,0,0,0,1,1,6,1,36,7,2231,2,6,1,1
201406G087631,2,3,0,18,0,8,1,0,0,0,1,1,6,1,44,7,-1,-1,-1,1,1
201406G087656,1,9,0,7,0,1,0,0,0,0,1,1,2,2,23,5,1242,1,10,-1,-1
201406G087656,2,9,0,7,0,2,0,0,0,0,1,1,2,2,55,8,1560,2,8,10,1
201406G087691,1,8,0,18,0,8,0,0,0,0,1,1,1,1,44,7,1769,1,8,1,1
201406G087691,2,9,0,10,0,8,0,0,0,0,3,1,6,2,62,9,2000,1,9,7,1
201406G087784,1,9,0,18,0,0,0,0,0,0,1,1,6,1,22,5,1587,1,12,-1,1
201406G087784,2,9,0,4,0,0,0,0,0,0,1,1,6,1,81,11,2495,2,12,3,3
201406G087822,1,9,0,5,8,2,0,0,0,0,1,1,6,1,46,8,2000,2,3,10,1
201406G087826,1,9,0,13,0,8,1,10,7,10,1,1,6,1,30,6,1999,1,13,-1,-1
201406G087826,2,9,0,9,0,5,0,0,0,0,3,1,6,1,44,7,1598,1,8,3,1
201406G087845,1,9,0,9,0,5,0,0,0,0,1,1,6,1,43,7,-1,-1,-1,-1,-1
201406G087845,2,3,0,18,0,8,0,0,1,0,1,1,6,1,20,4,-1,-1,-1,5,1
201406G087850,1,9,0,18,0,1,0,0,0,0,1,1,6,3,-1,-1,-1,-1,-1,-1,-1
201406G087850,2,9,0,3,0,1,0,0,0,0,2,1,6,2,30,6,1389,1,17,5,1
201406G087917,1,9,0,10,0,8,0,0,0,0,1,1,2,2,48,8,1598,1,9,3,1
201406G087917,2,9,0,18,1,8,1,0,1,0,4,1,2,2,20,4,1196,1,20,7,1
201406G087917,3,9,0,2,0,1,0,0,0,0,2,1,6,3,-1,-1,998,1,14,-1,-1
201406G087917,4,9,0,2,0,2,0,0,0,0,2,1,6,3,-1,-1,1995,2,1,-1,-1
201406G087930,1,19,0,18,0,1,0,0,0,0,4,1,6,1,44,7,2402,2,8,8,1