Accident_Index,Vehicle_Reference,Vehicle_Type,Towing_and_Articulation,Vehicle_Manoeuvre,Vehicle_Location-Restricted_Lane,Junction_Location,Skidding_and_Overturning,Hit_Object_in_Carriageway,Vehicle_Leaving_Carriageway,Hit_Object_off_Carriageway,1st_Point_of_Impact,Was_Vehicle_Left_Hand_Drive?,Journey_Purpose_of_Driver,Sex_of_Driver,Age_of_Driver,Age_Band_of_Driver,Engine_Capacity_(CC),Propulsion_Code,Age_of_Vehicle,Driver_IMD_Decile,Driver_Home_Area_Type
201406J095507,1,9,0,9,0,8,0,0,0,0,4,1,6,1,51,8,1998,2,7,8,1
201406J095507,2,1,0,13,0,8,0,0,0,0,1,1,6,1,49,8,-1,-1,-1,10,1
201406J095507,3,19,0,7,0,8,0,0,0,0,0,1,6,3,-1,-1,-1,-1,-1,-1,-1
201406J095532,1,9,0,9,0,6,0,0,0,0,1,1,6,1,27,6,1596,1,9,3,1
201406J095532,2,1,0,18,0,8,0,0,0,0,1,1,6,1,33,6,-1,-1,-1,6,1
201406K081222,1,9,0,9,0,1,0,0,0,0,1,1,6,1,78,11,1242,1,15,1,1
201406K081222,2,1,0,18,0,8,0,0,0,0,1,1,6,1,39,7,-1,-1,-1,2,1
201406K081229,1,9,0,18,0,0,2,0,1,10,3,1,6,1,24,5,2324,1,13,-1,-1
201406K081229,2,9,0,18,0,0,0,0,0,0,0,1,6,1,22,5,1995,2,4,8,1
201406K081375,1,19,0,7,0,5,0,0,0,0,1,1,2,1,50,8,2143,2,2,1,1
201406K081502,1,9,0,18,0,8,0,0,0,0,1,1,6,2,30,6,1762,1,16,1,1
201406K081583,1,9,0,9,0,6,0,0,0,0,0,1,2,2,44,7,1299,1,8,-1,-1
201406K081583,2,5,0,18,0,8,0,0,0,0,2,1,2,1,19,4,645,1,10,-1,-1
201406K081893,1,3,0,7,0,8,0,0,0,0,1,1,6,1,20,4,124,1,1,6,1
201406K081893,2,9,0,18,0,1,0,0,0,0,1,1,6,1,29,6,1896,2,10,7,1
201406K081921,1,19,0,18,0,0,0,0,0,0,4,1,1,1,61,9,1560,2,5,6,1
201406K081954,1,9,0,1,0,1,0,0,0,0,2,1,6,1,63,9,1968,2,3,6,1
201406K081960,1,9,0,9,0,8,0,0,0,0,4,1,6,2,42,7,-1,-1,-1,1,1
201406K081960,2,5,0,18,0,8,0,0,0,0,1,1,2,1,66,10,1084,1,13,8,1
201406K081986,1,8,0,18,0,0,0,0,0,0,3,1,1,1,37,7,1762,1,14,2,1
201406K082090,1,9,0,9,0,8,0,0,0,1,1,1,1,2,45,7,1364,2,8,-1,-1
201406K082090,2,9,0,18,0,8,0,0,0,1,1,1,6,1,40,7,-1,-1,-1,7,1
201406K082179,1,9,0,13,0,2,0,0,0,0,1,1,6,1,25,5,1956,2,3,2,1
201406K082179,2,9,0,16,0,1,0,0,0,0,1,1,2,1,25,5,1905,2,16,4,1
201406K082179,3,9,0,17,0,1,0,0,0,0,0,1,6,3,-1,-1,-1,-1,-1,-1,-1
201406K082296,1,9,0,9,0,8,0,0,0,0,3,1,6,1,30,6,-1,-1,-1,-1,-1
201406K082296,2,9,0,18,0,8,0,0,0,0,4,1,6,1,30,6,1956,2,1,-1,-1
201406K082302,1,9,0,5,0,1,0,0,0,0,1,1,6,1,30,6,1896,2,8,-1,-1
201406K082302,2,9,0,2,0,1,0,0,0,0,3,1,6,1,35,6,-1,-1,-1,1,1
201406K082309,1,9,0,18,0,2,0,0,0,0,3,1,6,1,51,8,998,1,14,1,1
201406K082317,1,9,0,7,0,6,0,0,0,0,4,1,6,1,30,6,-1,-1,-1,-1,-1
201406K082317,2,1,0,18,0,8,0,0,0,0,1,1,6,1,39,7,-1,-1,-1,1,1
201406K082366,1,5,0,13,0,8,0,0,0,0,4,1,2,1,65,9,650,1,1,-1,-1
201406K082366,2,19,0,9,0,5,0,0,0,0,1,1,1,1,41,7,4009,2,3,5,1
201406K082433,1,9,0,7,0,5,0,0,0,0,1,1,6,3,-1,-1,-1,-1,-1,-1,-1
201406K082453,1,9,0,7,0,6,0,0,0,0,3,1,6,1,40,7,1240,1,10,1,1
201406K082453,2,9,0,18,0,8,1,0,0,0,1,1,6,1,25,5,1998,1,17,1,1
201406K082462,1,9,0,18,0,2,0,0,0,0,1,1,2,1,20,4,1598,1,10,8,2
201406K082462,2,9,0,18,0,1,0,0,0,0,1,1,6,1,43,7,3628,2,5,4,3
201406K082487,1,9,0,18,0,0,0,0,0,0,1,1,6,1,50,8,1587,1,14,1,1
201406K082487,2,9,0,2,0,0,0,0,0,0,1,1,6,3,29,6,1397,1,10,-1,-1
201406K082487,3,9,0,2,0,0,0,0,0,0,2,1,6,3,46,8,1796,1,12,-1,-1
201406K082515,1,9,0,5,0,8,0,0,0,0,1,1,2,1,28,6,-1,-1,-1,1,1
201406K082515,2,9,0,7,0,6,0,0,0,0,1,1,2,2,48,8,1299,1,10,8,1
201406K082539,1,9,0,9,0,8,0,0,0,0,1,1,6,1,68,10,2200,1,14,10,1
201406K082539,2,9,0,18,0,8,0,0,0,0,1,1,6,1,22,5,3628,2,4,10,1
201406K082541,1,1,0,18,0,2,0,0,0,0,1,1,6,1,27,6,-1,-1,-1,4,1
201406K082541,2,9,0,10,0,6,0,0,0,0,4,1,6,1,31,6,1794,1,13,1,1
201406K082598,1,3,0,18,0,6,0,0,0,0,1,1,6,1,22,5,125,1,7,1,1
201406K082598,2,9,0,9,0,8,0,0,0,0,3,1,6,2,26,6,2295,1,16,2,1
201406K082601,1,9,0,9,0,6,0,0,0,0,1,1,6,1,54,8,2967,2,2,10,1
201406K082601,2,3,0,18,0,1,0,0,0,0,1,1,6,1,22,5,125,1,2,8,1
201406K082695,1,9,0,18,0,1,0,0,0,0,4,1,6,2,77,11,1240,1,10,9,1
201406K082750,1,9,0,18,0,4,0,0,0,0,0,1,6,2,30,6,-1,-1,-1,-1,-1
201406K082750,2,5,0,18,0,3,0,0,0,0,0,1,1,1,60,9,649,1,7,6,1
201406K082763,1,9,0,6,0,2,0,0,0,0,3,1,6,2,20,4,1984,1,5,4,1
201406K082763,2,5,0,14,0,2,0,0,0,0,4,1,6,1,42,7,750,1,9,2,1
201406K082841,1,9,0,10,0,5,0,0,0,0,0,1,6,1,25,5,-1,-1,-1,2,1
201406K082841,2,4,0,16,0,1,5,10,1,7,3,1,1,1,19,4,599,1,16,1,1
201406K082849,1,9,0,18,0,0,0,0,0,0,4,1,6,3,-1,-1,-1,-1,-1,-1,-1
201406K082860,1,9,0,1,0,1,0,0,0,0,2,1,6,2,30,6,-1,-1,-1,-1,-1
201406K082887,1,9,0,9,0,6,0,0,0,0,3,1,6,1,67,10,1388,1,7,-1,-1
201406K082887,2,9,0,18,0,1,0,0,0,0,1,1,6,1,27,6,-1,-1,-1,-1,-1
201406K082911,1,9,0,14,0,8,0,0,0,0,1,1,6,3,-1,-1,-1,-1,-1,-1,-1
201406K082911,2,9,0,9,0,6,0,0,0,0,1,1,6,2,21,5,1995,2,6,-1,3
201406K082924,1,9,0,9,0,5,0,0,0,0,1,1,6,1,68,10,1995,2,9,1,1
201406K082924,2,1,0,8,0,6,0,0,0,0,1,1,2,1,47,8,-1,-1,-1,3,1
201406K082929,1,9,0,6,0,0,0,0,0,0,3,1,6,2,26,6,1124,1,10,5,1
201406K082929,2,9,0,18,0,0,0,0,0,0,1,1,6,2,61,9,1998,1,15,6,1
201406K082988,1,9,0,18,0,0,0,7,0,0,3,1,6,1,28,6,1124,1,10,2,1
201406K083064,1,90,0,18,0,8,1,0,0,0,1,1,1,2,75,10,-1,-1,-1,6,3
201406K083064,2,9,0,18,0,8,0,0,0,0,2,1,2,1,35,6,1390,1,15,-1,-1
201406K083124,1,9,0,9,0,2,0,0,0,0,1,1,6,1,55,8,1598,1,2,1,1
201406K083171,1,9,0,9,0,5,0,0,0,0,1,1,6,1,30,6,-1,-1,-1,-1,-1
201406K083186,1,9,0,9,0,5,0,0,0,0,1,1,1,1,40,7,3996,1,14,6,3
201406K083186,2,9,0,18,0,8,0,0,0,0,1,1,1,2,44,7,-1,-1,-1,3,1
201406K083186,3,9,0,10,0,6,0,0,0,0,1,1,1,1,36,7,-1,-1,-1,-1,1
201406K083290,1,9,0,9,0,8,0,0,0,0,1,1,2,2,40,7,1198,1,7,2,1
201406K083290,2,1,0,18,0,8,0,0,0,0,3,1,2,1,30,6,-1,-1,-1,3,1
201406K083295,1,11,0,9,0,6,0,0,0,0,1,1,1,1,43,7,5900,2,7,1,1
201406K083295,2,9,0,18,0,8,0,0,0,0,3,1,6,1,77,11,1242,1,1,3,1
201406K083359,1,9,0,18,0,8,0,0,0,0,1,1,6,2,78,11,1339,1,3,2,1
201406K083385,1,9,0,18,0,1,0,0,0,0,1,1,6,2,30,6,998,1,4,-1,-1
201406K083423,1,9,0,18,0,1,0,0,0,0,4,1,3,1,54,8,2360,1,7,8,1
201406K083447,1,9,0,7,0,5,0,0,0,0,4,1,6,1,30,6,-1,-1,-1,3,1
201406K083447,2,1,0,18,0,1,0,0,0,0,3,1,6,1,41,7,-1,-1,-1,2,1
201406K083458,1,9,0,7,0,6,0,0,0,0,1,1,6,1,18,4,1242,1,8,1,1
201406K083458,2,1,0,18,0,2,0,0,0,0,2,1,6,1,29,6,-1,-1,-1,1,1
201406K083479,1,9,0,9,0,6,0,0,0,0,1,1,6,2,23,5,1968,2,7,1,1
201406K083479,2,9,0,18,0,8,0,0,0,0,3,1,6,1,44,7,1124,1,11,1,1
201406K083490,1,9,0,18,0,0,0,0,0,0,1,1,6,1,15,3,2972,1,16,3,1
201406K083490,2,9,0,2,0,0,5,0,0,0,1,1,6,1,42,7,1968,2,7,3,1
201406K083507,1,8,0,18,0,2,0,0,0,0,1,1,6,1,46,8,1910,2,7,3,1
201406K083538,1,9,0,9,0,1,0,0,2,0,4,1,6,2,21,5,1360,1,10,3,1
201406K083538,2,9,0,18,0,2,0,0,1,10,1,1,6,2,26,6,2976,1,12,4,1
201406K083538,3,9,0,18,0,1,0,0,2,0,1,1,6,2,30,6,998,1,4,3,1
201406K083743,1,9,0,6,0,8,0,0,0,0,2,1,6,1,34,6,1400,1,15,2,1
201406K083743,2,9,0,18,0,8,0,0,0,0,1,1,6,2,56,9,1395,1,1,8,1
201406K083852,1,90,0,9,0,8,0,0,0,0,1,1,1,1,53,8,-1,-1,-1,6,1
201406K083852,2,1,0,18,0,8,0,0,0,0,1,1,6,1,73,10,-1,-1,-1,8,1
201406K083854,1,11,0,18,0,2,0,0,0,0,1,1,1,1,49,8,11000,2,14,1,1
201406K083858,1,9,0,18,0,1,5,0,0,0,4,1,6,2,20,4,1124,1,10,6,1
201406K083858,2,9,0,3,0,1,0,0,0,0,3,1,2,1,47,8,1796,1,10,-1,-1
201406K083859,1,19,0,9,0,6,0,0,0,0,1,1,6,1,22,5,1896,2,16,3,1
201406K083859,2,9,0,18,0,8,0,0,0,0,3,1,6,2,22,5,1560,2,4,7,1
201406K083859,3,3,0,3,0,8,0,0,0,0,1,1,6,1,29,6,124,1,9,2,1
201406K083859,4,19,0,3,0,8,0,0,0,0,1,1,1,1,28,6,2198,2,2,2,1
201406K083862,1,9,0,8,0,1,0,0,0,0,1,1,6,2,50,8,1910,2,6,6,3
201406K083862,2,9,0,8,0,1,0,0,0,0,2,1,6,2,63,9,-1,-1,-1,7,1
201406K083890,1,1,0,18,0,2,0,0,0,0,3,1,6,1,30,6,-1,-1,-1,-1,-1
201406K083890,2,9,0,18,0,2,0,0,0,0,4,1,1,2,34,6,-1,-1,-1,2,1
201406K083920,1,8,0,9,0,3,0,0,0,0,1,1,6,1,30,6,-1,-1,-1,-1,-1
201406K083933,1,9,0,9,0,8,0,0,0,7,0,1,6,2,32,6,1896,2,13,6,1
201406K083933,2,9,0,18,0,8,0,0,0,7,1,1,1,2,40,7,-1,-1,-1,1,1
201406K083966,1,9,0,5,0,0,0,0,0,0,1,1,6,2,27,6,1586,1,12,2,1
201406K083966,2,9,0,2,0,0,0,0,0,0,1,1,6,3,-1,-1,1242,1,8,2,1
201406K083966,3,9,0,2,0,0,0,0,0,0,2,1,6,3,-1,-1,2688,2,13,2,1
201406K083966,4,9,0,2,0,0,0,0,0,0,1,1,6,3,-1,-1,-1,-1,-1,2,1
201406K083969,1,9,0,5,0,0,0,0,0,0,1,1,6,1,43,7,1910,2,6,3,1
201406K083969,2,9,0,18,0,0,0,0,0,0,1,1,6,2,58,9,998,1,2,6,1
201406K084110,1,9,0,18,0,3,0,0,0,0,1,1,6,2,49,8,2143,2,1,1,1
201406K084110,2,9,0,18,0,8,0,0,0,0,2,1,6,1,23,5,1596,1,14,9,1
201406K084213,1,9,0,18,0,2,0,0,0,0,1,1,2,2,25,5,1299,1,12,1,1
201406K084213,2,20,0,7,0,2,0,0,0,0,2,1,1,1,62,9,2198,2,1,2,1
201406K084218,1,9,0,18,0,8,0,0,0,0,1,1,6,2,52,8,-1,-1,-1,-1,-1
201406K084218,2,1,0,7,0,8,0,0,0,0,1,1,6,1,9,2,-1,-1,-1,-1,-1
201406K084221,1,9,0,18,0,4,0,0,0,0,3,1,6,1,45,7,1598,1,9,-1,-1
201406K084280,1,9,0,18,0,1,0,0,0,0,4,1,6,1,23,5,-1,-1,-1,2,1
201406K084290,1,9,0,7,0,6,0,0,0,0,1,1,6,2,79,11,1360,1,2,4,1
201406K084290,2,9,0,18,0,8,0,0,0,0,1,1,6,2,55,8,1242,1,4,8,3
201406K084354,1,9,0,1,0,0,0,0,0,0,2,1,6,1,30,6,1997,2,10,2,1
201406K084354,2,9,0,3,0,0,0,0,0,0,1,1,1,1,35,6,1984,1,2,-1,-1
201406K084400,1,9,0,9,0,8,0,0,0,0,1,1,1,1,18,4,1389,1,19,1,1
201406K084400,2,9,0,18,0,8,0,0,0,0,1,1,6,1,44,7,1668,1,9,2,1
201406K084400,3,9,0,9,0,8,0,0,0,0,0,1,1,1,34,6,1396,2,1,-1,-1
201406K084451,1,9,0,18,0,1,0,0,0,0,1,1,6,1,54,8,1800,1,15,7,1
201406K084563,1,9,0,9,0,8,0,0,0,0,4,1,6,1,43,7,1598,1,13,1,1
201406K084563,2,9,0,18,0,8,0,0,0,0,1,1,6,2,20,4,973,1,12,2,1
201406K084604,1,9,0,4,0,1,0,0,0,0,1,1,6,1,54,8,2148,2,8,1,1
201406K084604,2,8,0,4,0,1,0,0,0,0,2,1,1,1,29,6,1998,2,13,3,1
201406K084647,1,9,0,9,0,8,0,0,0,0,1,1,6,2,18,4,1242,1,2,2,1
201406K084647,2,2,0,18,0,8,0,0,0,0,1,1,6,1,26,6,124,1,1,1,1
201406K084677,1,9,0,9,0,6,0,0,0,0,3,1,6,2,50,8,-1,-1,-1,3,1
201406K084677,2,9,0,18,0,8,0,0,0,0,1,1,6,1,61,9,1995,1,6,8,1
201406K084678,1,4,0,18,0,0,0,0,1,0,1,1,2,1,65,9,-1,-1,-1,10,1
201406K084678,2,9,0,4,0,0,0,0,0,0,2,1,2,1,30,6,2494,2,8,9,1
201406K084698,1,3,0,9,0,6,0,0,0,0,3,1,2,1,19,4,124,1,1,5,1
201406K084698,2,9,0,18,0,8,0,0,0,0,1,1,2,1,51,8,1398,1,10,-1,-1
201406K084741,1,9,0,18,0,1,0,0,0,0,3,1,6,2,33,6,1995,2,5,8,3
201406K084752,1,9,0,5,0,1,0,0,0,0,1,1,6,1,48,8,-1,-1,-1,2,1
201406K084752,2,9,0,5,0,1,0,0,0,0,2,1,6,1,37,7,-1,-1,-1,5,1
201406K084831,1,11,0,18,0,0,0,0,0,0,0,1,1,3,-1,-1,-1,-1,-1,-1,-1
201406K084837,1,9,0,18,0,0,0,0,0,0,1,1,6,1,32,6,1248,2,10,-1,-1
201406K084853,1,9,0,18,0,8,0,0,0,0,1,1,6,3,-1,-1,-1,-1,-1,-1,-1
201406K084884,1,9,0,5,0,8,0,0,0,0,1,1,6,1,40,7,1242,1,11,2,1
201406K084884,2,3,0,18,0,8,0,0,0,0,1,1,6,1,48,8,-1,-1,-1,1,1
201406K084902,1,9,0,9,0,8,0,0,0,0,1,1,6,1,71,10,1951,2,11,7,1
201406K084934,1,9,0,18,0,8,0,0,0,0,0,1,6,2,29,6,1796,7,11,1,1
201406K084952,1,9,0,9,0,5,0,0,0,0,1,1,6,2,38,7,998,1,11,-1,1
201406K084952,2,9,0,18,0,8,0,0,0,0,4,1,6,2,59,9,1360,1,9,5,1
201406K084952,3,9,0,10,0,1,0,0,0,0,3,1,6,2,34,6,1596,1,10,3,1
201406K084983,1,9,0,18,0,2,0,0,0,0,4,1,6,2,50,8,1248,2,-1,1,1
201406K084996,1,9,0,9,0,6,0,0,0,0,1,1,2,1,51,8,1995,2,7,1,1
201406K084996,2,19,0,18,0,1,0,0,0,0,1,1,2,1,53,8,1998,2,14,1,1
201406K085003,1,9,0,9,0,8,0,0,0,0,4,1,1,1,27,6,1753,2,4,1,1
201406K085003,2,1,0,18,0,8,0,0,0,0,1,1,6,1,23,5,-1,-1,-1,9,1
201406K085032,1,1,0,18,4,1,0,0,0,0,1,1,6,1,35,6,-1,-1,-1,4,1
201406K085032,2,9,0,9,0,5,0,0,0,0,4,1,6,1,71,10,1951,2,11,7,1
201406K085046,1,9,0,1,0,8,0,0,0,0,2,1,1,1,35,6,-1,-1,-1,4,1
201406K085091,1,9,0,18,0,1,0,0,1,10,1,1,6,1,88,11,1248,1,1,10,1
201406K085142,1,19,0,4,0,8,0,0,1,1,3,1,1,1,53,8,-1,-1,-1,2,1
201406K085142,2,9,0,18,0,8,0,0,0,8,4,1,2,1,31,6,-1,-1,-1,8,1
201406K085158,1,11,0,10,0,8,0,0,0,0,1,1,1,1,40,7,6696,2,1,1,1
201406K085158,2,1,0,18,4,8,0,0,0,0,0,1,6,1,66,10,-1,-1,-1,1,1
201406K085160,1,9,0,18,0,8,0,0,7,0,1,1,1,1,18,4,1910,2,9,2,1
201406K085160,2,9,0,18,0,1,0,0,7,10,4,1,6,1,32,6,1796,1,12,2,1
201406K085165,1,9,0,9,0,6,0,0,0,0,0,1,6,3,-1,-1,-1,-1,-1,-1,-1
201406K085168,1,9,0,9,0,8,0,0,0,0,1,1,6,2,63,9,1988,2,10,7,1
201406K085168,2,1,0,18,0,8,0,0,0,0,1,1,6,1,55,8,-1,-1,-1,8,1
201406K085190,1,9,0,9,0,8,0,10,0,0,3,1,6,1,30,6,1587,1,13,-1,-1
201406K085190,2,9,0,18,0,8,0,0,0,0,4,1,1,1,37,7,1398,1,14,1,1
201406K085308,1,9,0,18,0,8,0,0,0,0,4,1,6,1,49,8,1388,1,11,4,1
201406K085308,2,9,0,7,0,5,0,0,0,0,1,1,6,2,57,9,-1,-1,-1,1,1
201406K085312,1,9,0,18,0,1,0,0,0,0,1,1,6,1,30,6,1598,1,11,-1,-1
201406K085312,2,9,0,18,0,1,0,0,0,0,2,1,6,1,38,7,1997,2,9,1,1
201406K085314,1,9,0,4,0,1,0,0,0,0,1,1,2,1,45,7,1995,2,6,3,1
201406K085314,2,19,0,4,0,1,0,0,0,0,1,1,1,2,38,7,1753,2,10,5,1
201406K085314,3,19,0,3,0,1,0,0,0,0,2,1,1,1,61,9,1399,2,4,4,1
201406K085330,1,19,0,9,0,6,0,0,0,0,1,1,1,1,65,9,2402,2,8,5,1
201406K085330,2,9,0,18,0,1,0,0,7,0,4,1,6,1,41,7,-1,-1,-1,5,1
201406K085334,1,11,0,18,0,2,0,0,0,0,0,1,6,1,55,8,6700,2,6,4,1
201406K085347,1,9,0,18,0,1,0,0,0,0,1,1,6,2,23,5,1242,1,2,4,1
201406K085347,2,8,0,18,0,1,0,0,0,0,2,1,1,1,30,6,2446,2,12,8,1
201406K085396,1,8,0,18,0,2,0,0,0,0,0,1,1,1,47,8,2148,2,13,1,1
201406K085396,2,3,0,18,0,2,0,0,0,0,1,1,2,1,26,6,125,1,1,-1,1
201406K085417,1,9,0,18,0,0,0,0,0,0,1,1,6,1,20,4,1598,2,3,3,1
201406K085417,2,9,0,18,0,0,0,0,0,0,1,1,6,1,31,6,1596,1,9,1,1
201406K085418,1,9,0,18,0,0,0,0,0,0,3,1,6,1,20,4,1299,1,13,7,1
201406K085454,1,9,0,18,0,0,0,0,0,0,1,1,2,1,38,7,1198,1,1,1,1
201406K085458,1,9,0,7,0,5,0,0,0,0,4,1,2,1,35,6,1329,1,1,5,2
201406K085510,1,8,0,11,0,0,0,0,0,0,2,1,6,3,-1,-1,-1,-1,-1,-1,-1
201406K085510,2,9,0,5,0,0,0,0,0,0,1,1,6,2,25,5,1149,1,10,2,1
201406K085510,3,9,0,5,0,0,0,0,0,0,1,1,6,2,25,5,1397,1,2,5,1
201406K085634,1,9,0,9,0,8,0,0,7,0,4,1,6,1,24,5,998,1,6,2,1
201406K085634,2,19,0,18,0,8,0,0,1,2,3,1,1,1,42,7,1998,2,8,8,1
201406K085659,1,9,0,9,0,6,0,0,0,0,1,1,6,2,36,7,1360,1,10,5,1
201406K085659,2,9,0,4,0,2,0,7,4,1,4,1,6,2,19,4,1229,1,9,6,1
201406K085689,1,9,0,18,0,1,0,0,7,1,1,1,6,1,33,6,1991,2,9,1,1
201406K085689,2,9,0,5,0,6,0,0,0,0,3,1,2,1,44,7,1587,1,15,1,1
201406K085794,1,9,0,18,0,1,0,0,0,0,1,1,6,3,-1,-1,-1,-1,-1,-1,-1
201406K085808,1,9,0,18,0,0,0,0,0,0,0,1,6,3,-1,-1,-1,-1,-1,-1,-1
201406K085808,2,9,0,18,0,0,0,0,0,0,2,1,4,2,37,7,1796,1,14,1,1
201406K085808,3,9,0,18,0,0,0,0,0,0,2,1,2,1,48,8,1364,1,5,4,1
201406K085808,4,9,0,18,0,0,0,0,0,0,1,1,2,1,64,9,2435,1,16,9,1
201406K085849,1,9,0,18,0,2,0,0,0,0,4,1,6,1,21,5,998,1,2,8,1
201406K085927,1,9,0,9,0,5,0,0,0,0,4,1,1,2,46,8,1598,1,12,8,1
201406K085927,2,3,0,18,0,1,0,0,0,0,1,1,1,1,20,4,-1,-1,-1,6,1
201406K085931,1,9,0,5,0,1,0,0,0,0,1,1,6,2,37,7,1329,1,5,7,1
201406K085931,2,9,0,9,0,1,0,0,0,0,2,1,6,1,48,8,1799,1,14,4,1
201406K085949,1,9,0,18,0,1,0,0,0,0,4,1,6,2,25,5,-1,-1,-1,1,1
201406K085973,1,9,0,18,0,1,0,0,0,0,1,1,6,3,-1,-1,1598,1,-1,-1,-1
201406K085973,2,9,0,3,0,1,0,0,0,0,2,1,6,1,55,8,-1,-1,-1,8,1
201406K085982,1,9,0,9,0,5,0,0,0,0,1,1,6,2,21,5,1197,1,4,9,1
201406K085982,2,9,0,18,0,1,0,0,0,0,1,1,6,2,39,7,1388,1,13,1,1
201406K085995,1,9,0,18,0,8,0,0,0,0,1,1,6,1,30,6,-1,-1,-1,-1,-1
201406K085995,2,9,0,18,0,8,0,0,0,0,2,1,6,2,45,7,-1,-1,-1,1,1
201406K086036,1,9,0,18,0,1,0,0,0,0,1,1,6,1,30,6,-1,-1,-1,-1,-1
201406K086036,2,9,0,3,0,1,0,0,0,0,2,1,2,2,56,9,1339,1,8,5,1
201406K086036,3,9,0,3,0,1,0,0,0,0,2,1,2,1,71,10,1968,2,3,6,1
201406K086045,1,9,0,9,0,8,0,0,0,0,1,1,6,1,72,10,1598,1,12,3,1
201406K086054,1,9,0,18,0,1,0,0,0,0,1,1,6,1,51,8,1499,2,1,2,1
201406K086054,2,9,0,18,0,1,0,0,1,0,1,1,6,1,32,6,1598,1,8,6,1
201406K086155,1,9,0,7,0,8,0,0,0,0,4,1,6,2,64,9,999,1,7,3,1
201406K086155,2,9,0,9,0,8,0,0,0,0,1,1,1,2,33,6,1598,1,5,10,1
201406K086160,1,9,0,10,0,8,1,10,1,0,1,1,6,2,22,5,998,1,6,8,1
201406K086160,2,9,0,9,0,8,0,0,0,0,3,1,1,2,50,8,1242,1,2,-1,-1
201406K086187,1,9,0,17,0,0,2,0,7,4,1,1,6,1,20,4,1781,1,15,1,1
201406K086187,2,9,0,2,0,0,0,0,0,0,3,1,6,1,30,6,1560,2,5,4,1
201406K086210,1,9,0,9,0,8,0,0,0,0,4,1,6,1,68,10,2000,2,3,4,1
201406K086210,2,9,0,18,0,8,0,0,0,0,3,1,6,1,66,10,1242,1,14,-1,-1
201406K086210,3,9,0,18,0,1,0,0,0,0,3,1,1,2,31,6,1149,1,8,7,1
201406K086210,4,9,0,18,0,1,0,0,0,0,2,1,1,2,41,7,-1,-1,-1,4,1
201406K086213,1,9,0,13,0,0,1,0,0,0,1,1,1,1,40,7,1794,1,9,1,1
201406K086213,2,3,0,18,0,0,1,0,0,0,1,1,2,1,39,7,124,1,4,8,1
201406K086216,1,3,0,18,0,8,0,0,0,0,1,1,6,1,17,4,125,1,8,1,1
201406K086216,2,1,0,18,0,8,0,0,0,0,1,1,6,1,10,2,-1,-1,-1,3,1
201406K086232,1,9,0,18,0,0,0,0,0,0,2,1,6,1,26,6,1560,2,5,6,1
201406K086232,2,1,0,18,0,0,0,0,0,0,2,1,2,2,42,7,-1,-1,-1,6,1
201406K086259,1,9,0,5,0,8,0,0,0,0,1,1,6,1,47,8,2204,2,9,7,1
201406K086259,2,1,0,18,0,8,0,0,0,0,2,1,6,1,53,8,-1,-1,-1,7,1
201406K086260,1,9,0,9,0,8,0,0,0,0,1,1,6,1,67,10,1598,1,10,-1,1
201406K086260,2,9,0,18,0,8,0,0,0,0,1,1,6,1,33,6,1242,1,8,2,1
201406K086301,1,9,0,9,0,2,0,0,0,0,3,1,1,1,38,7,1248,2,3,3,1
201406K086301,2,9,0,4,0,1,0,0,0,0,1,1,6,1,72,10,1086,1,8,3,1
201406K086310,1,9,0,18,0,1,0,0,0,0,1,1,6,1,29,6,1998,2,10,-1,-1
201406K086310,2,9,0,18,0,1,0,0,0,0,1,1,6,2,48,8,-1,-1,-1,3,1
201406K086320,1,9,0,18,0,1,5,0,0,0,0,1,3,2,41,7,1753,2,6,9,1
201406K086324,1,3,0,12,0,2,0,0,0,0,3,1,6,1,53,8,124,1,2,2,1
201406K086324,2,9,0,18,0,2,0,0,0,0,4,1,6,1,31,6,1560,2,4,2,1
201406K086408,1,9,0,18,0,1,0,0,0,0,1,1,6,2,23,5,-1,-1,-1,1,1
201406K086417,1,9,0,7,0,2,0,0,0,0,1,1,6,1,23,5,1796,1,11,2,1
201406K086417,2,3,0,10,0,1,0,0,0,0,1,1,6,1,17,4,125,1,-1,6,1
201406K086417,3,9,0,18,0,1,0,0,0,0,0,1,6,2,62,9,1398,1,3,4,1
201406K086423,1,11,0,18,0,0,0,0,0,0,1,1,1,1,56,9,8650,2,13,2,1
201406K086493,1,9,0,18,0,0,0,0,0,0,1,1,6,1,29,6,1995,2,10,2,1
201406K086507,1,9,0,8,0,1,0,0,0,0,1,1,6,2,22,5,1997,2,9,4,1
201406K086507,2,9,0,7,0,1,0,0,0,0,3,1,6,2,48,8,1242,1,12,1,1
201406K086520,1,9,0,9,0,8,0,0,0,0,1,1,6,1,30,6,2171,1,13,-1,1
201406K086520,2,9,0,18,0,8,5,0,0,0,1,1,6,2,19,4,1149,1,2,2,1
201406K086525,1,9,0,9,0,6,0,0,0,0,1,1,6,2,36,7,1698,2,15,3,1
201406K086525,2,11,0,18,0,8,0,0,0,0,1,1,1,1,59,9,6871,2,14,7,1
201406K086527,1,20,0,18,0,4,0,0,0,0,1,1,1,1,41,7,-1,-1,-1,-1,-1