Accident_Index,Vehicle_Reference,Vehicle_Type,Towing_and_Articulation,Vehicle_Manoeuvre,Vehicle_Location-Restricted_Lane,Junction_Location,Skidding_and_Overturning,Hit_Object_in_Carriageway,Vehicle_Leaving_Carriageway,Hit_Object_off_Carriageway,1st_Point_of_Impact,Was_Vehicle_Left_Hand_Drive?,Journey_Purpose_of_Driver,Sex_of_Driver,Age_of_Driver,Age_Band_of_Driver,Engine_Capacity_(CC),Propulsion_Code,Age_of_Vehicle,Driver_IMD_Decile,Driver_Home_Area_Type
201406L082856,1,9,0,18,0,4,0,0,0,0,1,1,6,1,19,4,-1,-1,-1,-1,-1
201406L082856,2,1,0,9,0,3,0,0,0,0,4,1,6,1,18,4,-1,-1,-1,5,1
201406L082971,1,90,0,9,0,3,0,0,0,0,1,1,1,2,37,7,-1,-1,-1,6,1
201406L082971,2,1,0,18,0,4,0,0,0,0,4,1,1,1,51,8,-1,-1,-1,-1,-1
201406L082978,1,9,0,9,0,6,0,0,0,0,3,1,2,1,24,5,1598,1,3,2,1
201406L082978,2,9,0,18,0,8,0,0,0,0,1,1,2,2,45,7,1598,1,7,-1,-1
201406L083023,1,19,4,4,0,1,0,0,0,0,1,1,1,1,53,8,2151,2,13,2,3
201406L083023,2,9,0,4,0,1,0,0,0,0,2,1,6,1,26,6,1399,2,7,5,1
201406L083023,3,9,0,4,0,1,0,0,0,0,2,1,6,2,72,10,1398,1,1,1,1
201406L083035,1,9,0,9,0,8,0,0,0,0,4,1,6,3,-1,-1,-1,-1,-1,-1,-1
201406L083035,2,8,0,9,0,8,0,0,0,0,3,1,1,1,27,6,-1,-1,-1,3,1
201406L083082,1,21,0,9,0,6,0,0,0,0,1,1,1,1,28,6,9290,2,1,1,1
201406L083082,2,9,0,9,0,6,0,7,0,6,3,1,2,1,50,8,1461,2,11,3,1
201406L083100,1,9,0,18,0,8,0,0,0,0,1,1,2,1,33,6,1397,1,4,10,1
201406L083100,2,9,0,9,0,8,5,0,1,0,4,1,2,2,20,4,998,1,1,2,1
201406L083134,1,9,0,17,0,0,0,0,0,0,3,1,2,1,52,8,-1,-1,-1,-1,2
201406L083134,2,9,0,13,0,0,0,0,0,0,1,1,2,1,29,6,1968,2,5,4,1
201406L083146,1,9,0,18,0,8,0,0,0,0,4,1,6,1,89,11,999,1,12,2,1
201406L083175,1,9,0,18,0,1,0,0,0,0,1,1,6,1,41,7,1995,2,6,7,1
201406L083248,1,9,0,13,0,8,0,0,0,10,1,1,6,2,39,7,1242,1,10,6,1
201406L083248,2,9,0,10,0,1,0,0,0,0,0,1,6,1,21,5,1299,1,12,-1,-1
201406L083248,3,9,0,4,0,8,0,0,0,0,3,1,6,1,28,6,-1,-1,-1,1,1
201406L083305,1,9,0,17,0,6,1,0,0,0,1,1,6,2,46,8,1242,1,5,6,1
201406L083305,2,9,0,18,0,8,0,0,0,0,1,1,2,1,64,9,-1,-1,-1,7,1
201406L083330,1,9,0,9,0,5,0,0,0,0,4,1,6,1,51,8,-1,-1,-1,8,3
201406L083330,2,4,0,13,0,1,0,0,0,0,3,1,6,1,17,4,124,1,9,8,1
201406L083361,1,9,0,9,0,6,1,0,7,10,1,1,6,2,56,9,1240,1,7,1,1
201406L083361,2,9,0,17,0,8,0,0,0,0,1,1,6,1,71,10,1973,1,13,2,1
201406L083378,1,9,0,16,0,0,1,0,1,10,1,1,6,1,25,5,1796,1,7,4,1
201406L083394,1,9,0,18,0,0,1,0,0,2,4,1,2,2,21,5,1242,1,12,4,1
201406L083426,1,3,0,13,0,8,0,0,0,0,1,1,4,1,18,4,-1,-1,-1,2,1
201406L083426,2,9,0,9,0,5,0,0,0,0,3,1,3,1,73,10,1386,1,6,3,1
201406L083459,1,9,0,13,0,0,0,0,0,0,2,1,6,1,26,6,-1,-1,-1,1,1
201406L083459,2,1,0,18,0,0,0,0,0,0,1,1,6,1,65,9,-1,-1,-1,3,1
201406L083584,1,8,0,9,0,5,0,0,0,0,3,1,6,1,54,8,1798,1,10,1,1
201406L083586,1,9,0,14,0,0,0,0,0,0,1,1,3,2,36,7,1199,1,11,2,1
201406L083606,1,9,0,18,0,2,0,0,0,0,1,1,6,2,50,8,-1,-1,-1,3,1
201406L083697,1,5,0,16,0,0,2,0,7,10,4,1,6,1,64,9,652,1,20,4,1
201406L083703,1,9,0,18,0,0,0,0,0,0,1,1,6,2,39,7,1997,2,13,-1,-1
201406L083703,2,9,0,3,0,0,0,0,0,0,2,1,6,2,47,8,1598,1,5,9,1
201406L083752,1,11,0,4,0,1,0,0,0,0,0,1,1,1,64,9,-1,2,32,2,1
201406L083752,2,9,0,14,0,1,0,0,0,0,3,1,6,1,23,5,1390,1,12,1,1
201406L083771,1,19,0,13,0,0,0,0,0,0,3,1,1,1,25,5,1868,2,10,5,1
201406L083771,2,11,0,18,0,0,0,0,0,0,4,1,1,1,50,8,10518,2,5,3,1
201406L083771,3,9,0,18,0,0,0,0,0,0,3,1,6,2,47,8,1149,1,11,9,1
201406L083776,1,9,0,9,0,8,0,0,0,0,1,1,6,2,26,6,1242,1,1,-1,-1
201406L083807,1,9,0,9,0,8,0,0,0,0,1,1,6,2,30,6,-1,-1,-1,-1,-1
201406L083807,2,9,0,16,0,8,0,0,0,0,4,1,6,2,48,8,1783,1,13,1,1
201406L083812,1,9,0,18,0,0,0,0,0,0,4,1,1,1,62,9,1685,2,1,7,1
201406L083974,1,9,0,14,0,0,0,0,0,0,3,1,6,1,22,5,1995,2,8,8,1
201406L083974,2,9,0,14,0,0,0,4,0,0,3,1,6,2,45,7,-1,-1,-1,3,1
201406L083974,3,9,0,2,0,0,0,0,0,0,3,1,6,2,48,8,1598,1,1,3,1
201406L084058,1,9,0,9,0,5,0,0,0,0,4,1,6,2,24,5,1598,1,6,8,1
201406L084058,2,3,0,18,0,8,0,0,0,0,1,1,6,1,39,7,99,1,27,2,1
201406L084098,1,9,0,18,0,1,0,0,0,0,1,1,6,1,23,5,-1,-1,-1,7,2
201406L084098,2,9,0,18,0,1,0,0,0,0,2,1,6,1,71,10,1461,2,3,10,1
201406L084098,3,9,0,9,0,8,0,0,0,0,2,1,6,2,59,9,1396,1,5,7,1
201406L084208,1,90,0,5,0,4,0,0,0,0,3,1,1,1,30,6,-1,-1,-1,2,1
201406L084208,2,1,0,18,0,8,0,0,0,0,1,1,1,1,30,6,-1,-1,-1,4,1
201406L084223,1,9,0,18,0,1,0,0,0,1,1,1,6,2,48,8,1298,1,10,5,1
201406L084223,2,1,0,4,0,1,0,0,0,0,4,1,6,1,18,4,-1,-1,-1,2,1
201406L084309,1,19,0,18,0,0,0,0,0,0,1,1,1,1,36,7,1998,2,9,7,1
201406L084309,2,19,0,4,0,0,0,0,0,0,2,1,1,1,27,6,2198,2,1,1,1
201406L084311,1,9,0,18,0,8,0,0,0,0,1,1,6,2,38,7,1951,2,8,5,1
201406L084311,2,9,0,8,0,8,0,0,0,0,2,1,2,2,28,6,1896,2,12,7,1
201406L084393,1,9,0,5,0,6,0,0,0,0,3,1,6,2,25,5,1598,1,8,5,1
201406L084393,2,9,0,15,0,8,0,0,0,0,1,1,6,2,28,6,1242,1,11,7,1
201406L084399,1,9,0,18,0,1,0,0,0,0,1,1,6,2,26,6,1242,1,5,5,1
201406L084407,1,9,0,18,0,4,0,0,0,0,1,1,6,2,21,5,1149,1,10,1,1
201406L084407,2,9,0,9,0,3,0,0,0,0,1,1,6,1,56,9,1360,1,10,4,1
201406L084468,1,11,0,14,0,8,0,0,0,0,4,1,1,1,30,6,6696,2,2,-1,-1
201406L084468,2,9,0,3,0,8,0,0,0,0,3,1,6,1,20,4,1242,1,11,2,1
201406L084497,1,90,0,11,0,1,0,0,0,0,1,1,6,3,-1,-1,-1,-1,-1,-1,-1
201406L084497,2,9,0,18,0,1,0,0,0,0,0,1,6,2,41,7,1753,2,5,8,1
201406L084618,1,9,0,18,0,0,0,0,0,0,3,1,6,1,23,5,1124,1,13,8,1
201406L084621,1,9,0,18,0,1,0,0,0,0,1,1,2,1,49,8,1242,1,10,9,1
201406L084626,1,9,0,18,0,8,0,0,1,0,1,1,1,1,43,7,1896,2,12,3,1
201406L084626,2,9,0,3,0,8,0,0,0,0,2,1,6,2,37,7,-1,-1,-1,7,1
201406L084633,1,9,0,9,0,1,0,0,0,0,1,1,6,1,63,9,1798,1,12,9,1
201406L084633,2,1,0,4,9,2,0,0,0,0,1,1,6,1,8,2,-1,-1,-1,-1,-1
201406L084722,1,9,0,9,0,8,0,0,0,0,1,1,6,2,34,6,1596,1,1,8,1
201406L084722,2,2,0,18,0,8,0,0,0,0,1,1,6,1,17,4,49,1,4,8,1
201406L084890,1,9,0,7,0,6,0,0,0,0,1,1,2,1,56,9,1997,1,13,1,1
201406L084890,2,1,0,18,0,8,0,0,0,0,4,1,2,1,51,8,-1,-1,-1,3,1
201406L084896,1,9,0,9,0,8,0,0,0,0,4,1,6,2,21,5,-1,-1,-1,1,1
201406L084896,2,9,0,5,0,8,0,0,0,0,1,1,6,1,52,8,1588,1,14,2,1
201406L084929,1,9,0,18,0,0,0,0,0,0,1,1,6,1,32,6,1798,1,9,4,1
201406L084929,2,9,0,18,0,0,0,0,0,0,2,1,6,2,25,5,1896,2,6,3,1
201406L084929,3,9,0,18,0,0,0,10,1,0,2,1,6,2,64,9,1986,1,1,6,1
201406L084968,1,9,0,7,0,5,0,0,0,0,1,1,6,2,65,9,1560,2,9,6,1
201406L084976,1,8,0,4,0,1,0,0,0,0,1,1,1,1,30,6,1686,2,7,-1,-1
201406L084976,2,9,0,8,0,1,0,0,0,0,2,1,6,2,18,4,-1,-1,-1,4,1
201406L084990,1,9,0,18,0,1,0,0,0,0,1,1,6,1,30,6,-1,-1,-1,-1,-1
201406L084990,2,9,0,4,0,1,0,0,0,0,2,1,6,1,36,7,1988,1,12,6,1
201406L084990,3,9,0,4,0,1,0,0,0,0,2,1,6,1,30,6,-1,-1,-1,2,1
201406L085045,1,9,0,9,0,5,0,0,0,0,3,1,6,1,61,9,1560,2,3,4,1
201406L085045,2,3,0,18,0,8,0,0,0,0,1,1,6,2,53,8,1449,1,8,2,1
201406L085076,1,9,0,9,0,8,0,0,0,0,1,1,6,1,27,6,1388,1,12,4,1
201406L085076,2,3,0,18,0,8,0,0,0,0,4,1,6,1,26,6,124,1,1,-1,-1
201406L085150,1,9,0,18,0,1,0,0,0,0,1,1,6,1,32,6,1995,2,1,3,1
201406L085150,2,9,0,18,0,1,0,0,0,0,2,1,6,1,42,7,1461,2,-1,1,1
201406L085151,1,9,0,18,0,8,0,0,0,0,4,1,6,1,30,6,999,1,13,-1,-1
201406L085151,2,9,0,18,0,8,0,0,0,0,3,1,6,1,74,10,1242,1,1,3,1
201406L085184,1,9,0,18,0,0,0,0,7,0,1,1,6,3,-1,-1,-1,-1,-1,-1,-1
201406L085208,1,9,0,9,0,8,0,0,0,0,1,1,6,1,17,4,1242,1,14,-1,-1
201406L085208,2,9,0,18,0,8,0,0,2,7,1,1,2,2,56,9,1388,1,11,5,1
201406L085338,1,9,0,7,0,8,0,0,0,0,4,1,6,2,47,8,1598,1,7,7,1
201406L085359,1,9,0,18,0,8,0,0,0,0,1,1,6,2,18,4,1124,1,8,9,1
201406L085359,2,9,0,9,0,8,0,0,0,0,1,1,6,2,64,9,1086,1,10,8,1
201406L085374,1,9,0,18,0,4,0,0,0,0,1,1,6,3,-1,-1,-1,-1,-1,-1,-1
201406L085379,1,9,0,18,0,1,0,0,0,0,1,1,6,2,45,7,-1,-1,-1,2,1
201406L085379,2,9,0,3,0,1,0,0,0,0,2,1,2,2,34,6,1398,2,1,7,1
201406L085402,1,9,0,7,0,6,0,0,0,0,1,1,6,1,37,7,2143,2,2,4,1
201406L085402,2,9,0,18,0,8,0,0,0,0,1,1,6,1,74,10,1242,1,8,4,1
201406L085419,1,8,0,9,0,8,0,0,0,0,4,1,6,1,53,8,1560,2,3,2,1
201406L085419,2,5,0,5,0,8,0,0,0,0,1,1,6,1,25,5,988,1,10,1,1
201406L085452,1,9,0,18,0,8,0,0,0,0,4,1,6,3,-1,-1,-1,-1,-1,-1,-1
201406L085533,1,9,0,1,0,2,0,0,0,0,2,1,6,1,19,4,1398,2,1,6,1
201406L085533,2,9,0,18,0,1,0,0,0,0,1,1,6,1,19,4,-1,-1,-1,8,1
201406L085547,1,9,0,18,0,8,0,0,0,0,2,1,1,2,46,8,-1,-1,-1,7,1
201406L085547,2,9,0,2,0,2,0,0,0,0,2,1,6,3,-1,-1,999,1,6,-1,-1
201406L085547,3,9,0,2,0,2,0,0,0,0,2,1,6,3,-1,-1,1597,1,14,-1,-1
201406L085547,4,9,0,2,0,2,0,0,0,0,2,1,6,3,-1,-1,1796,1,11,-1,-1
201406L085652,1,9,0,11,0,2,1,10,1,1,3,1,6,1,30,6,1998,1,6,-1,-1
201406L085652,2,20,0,5,0,2,0,0,7,7,3,1,1,1,54,8,-1,-1,-1,4,1
201406L085658,1,1,0,18,0,1,0,0,0,0,1,1,4,1,10,2,-1,-1,-1,-1,-1
201406L085658,2,9,0,8,0,1,0,0,0,0,2,1,6,2,58,9,1396,1,2,6,1
201406L085660,1,9,0,18,0,1,0,0,0,0,1,1,6,3,-1,-1,1896,1,16,-1,-1
201406L085660,2,9,0,4,0,1,0,0,0,0,2,1,6,1,56,9,1560,2,2,-1,-1
201406L085660,3,9,0,4,0,1,0,0,0,0,2,1,6,1,38,7,1596,1,8,-1,-1
201406L085678,1,9,0,9,0,8,0,0,0,0,1,1,6,2,45,7,2000,2,4,7,1
201406L085678,2,9,0,18,0,8,0,0,0,0,1,1,3,1,51,8,-1,-1,-1,6,1
201406L085696,1,9,0,4,0,6,0,0,0,0,1,1,6,1,30,6,-1,-1,-1,-1,-1
201406L085696,2,9,0,8,0,6,0,0,0,0,2,1,6,1,67,10,2171,2,15,2,1
201406L085732,1,9,0,10,0,6,0,0,0,0,1,1,6,2,44,7,1598,1,9,2,1
201406L085732,2,4,0,18,0,8,0,0,0,0,1,1,6,1,60,9,124,1,4,2,1
201406L085745,1,4,0,18,0,0,1,0,0,0,0,1,6,1,29,6,125,1,8,1,1
201406L085745,2,9,0,18,0,0,0,0,0,0,0,1,6,1,30,6,2926,2,13,1,1
201406L085828,1,9,0,18,0,4,0,0,0,0,1,1,6,1,35,6,2967,2,2,8,1
201406L085828,2,9,0,9,0,4,0,0,0,0,1,1,6,2,30,6,1360,1,8,8,1
201406L085969,1,5,0,9,0,3,2,0,0,0,2,1,6,1,34,6,599,1,5,1,1
201406L085969,2,90,0,5,0,4,0,0,0,0,1,1,6,1,30,6,-1,-1,-1,-1,-1
201406L085975,1,9,0,18,0,1,0,0,0,0,1,1,1,1,59,9,-1,-1,-1,2,1
201406L085975,2,9,0,3,0,1,0,0,0,0,2,1,6,2,30,6,1685,2,1,9,3
201406L086013,1,9,0,18,0,8,0,0,1,2,3,1,6,1,26,6,1596,1,7,2,1
201406L086013,2,9,0,18,0,8,0,0,0,0,4,1,1,1,30,6,1396,2,1,-1,-1
201406L086090,1,9,0,9,0,5,0,0,0,0,1,1,2,1,32,6,1753,2,13,3,1
201406L086101,1,9,0,18,0,6,0,0,0,0,1,1,6,1,30,6,1686,2,9,-1,-1
201406L086101,2,19,0,18,0,6,0,0,0,0,2,1,6,1,29,6,1753,2,8,7,1
201406L086139,1,9,0,18,0,8,0,0,0,0,1,1,6,1,30,6,-1,-1,-1,-1,-1
201406L086143,1,9,0,16,0,1,1,0,7,0,4,1,6,1,23,5,1988,1,14,-1,-1
201406L086143,2,9,0,17,0,2,0,0,0,0,1,1,1,1,30,6,998,1,13,-1,-1
201406L086143,3,9,0,2,0,3,0,0,0,0,1,1,6,3,69,10,1686,2,18,-1,-1
201406L086181,1,9,0,1,0,0,0,0,0,0,2,1,6,1,34,6,1910,2,10,6,1
201406L086258,1,9,0,9,0,8,0,0,0,0,1,1,6,2,31,6,998,1,1,-1,-1
201406L086258,2,9,0,18,0,8,0,0,0,0,4,1,6,1,47,8,2488,1,10,2,1
201406L086270,1,9,0,18,0,8,1,0,0,0,3,1,6,1,49,8,1598,1,10,1,1
201406L086275,1,9,0,18,0,8,1,10,1,4,4,1,6,1,30,6,1998,1,11,-1,-1
201406L086278,1,9,0,7,0,6,0,0,0,0,0,1,6,3,-1,-1,-1,-1,-1,-1,-1
201406L086278,2,2,0,18,0,8,1,0,0,0,0,1,6,1,17,4,49,1,8,4,1
201406L086293,1,9,0,15,0,0,0,4,0,0,1,1,6,1,79,11,1590,1,10,2,1
201406L086293,2,9,0,2,0,0,0,0,0,0,2,1,6,2,53,8,1388,1,8,2,1
201406L086328,1,9,0,18,0,0,0,0,0,0,1,1,6,2,42,7,-1,-1,-1,4,1
201406L086328,2,9,0,18,0,0,0,0,0,0,2,1,6,1,34,6,2000,2,5,2,1
201406L086328,3,9,0,18,0,0,0,0,0,0,2,1,6,2,72,10,1198,1,3,4,1
201406L086328,4,9,0,18,0,0,0,0,0,0,2,1,6,1,73,10,2495,2,16,7,1
201406L086328,5,9,0,18,0,0,0,0,0,0,2,1,6,1,33,6,1798,1,6,5,1
201406L086382,1,1,0,18,0,8,0,0,0,0,4,1,6,1,38,7,-1,-1,-1,-1,-1
201406L086382,2,9,0,4,0,8,0,0,0,0,4,1,6,1,39,7,3189,1,7,2,1
201406L086439,1,9,0,3,0,8,0,0,0,0,1,1,6,2,54,8,1242,1,1,5,1
201406L086439,2,9,0,3,0,8,0,0,0,0,1,1,6,1,29,6,-1,-1,-1,3,1
201406L086449,1,10,0,6,0,0,0,0,0,0,4,1,1,1,66,10,2400,2,10,2,1
201406L086449,2,5,0,18,0,0,0,0,1,9,1,1,1,1,49,8,1100,1,15,3,1
201406L086469,1,9,0,18,0,2,0,0,0,0,2,1,6,2,62,9,1896,2,8,7,1
201406L086474,1,11,0,18,0,1,0,0,0,0,4,1,1,1,57,9,6696,2,2,1,1
201406L086511,1,9,0,18,0,1,0,0,0,0,1,1,6,1,22,5,1390,1,4,1,1
201406L086511,2,9,0,18,0,1,0,0,0,0,2,1,6,1,20,4,1240,1,6,6,1
201406L086523,1,9,0,7,0,6,0,0,0,0,1,1,6,2,30,6,1599,1,10,3,1
201406L086523,2,8,0,18,0,8,0,0,0,0,1,1,1,1,32,6,1995,2,9,2,1
201406L086590,1,9,0,18,0,0,0,0,0,0,1,1,6,2,24,5,1598,2,-1,7,1
201406L086590,2,9,0,3,0,0,0,0,0,0,2,1,6,2,22,5,1198,1,1,8,1
201406L086619,1,9,0,18,0,8,0,0,0,0,1,1,6,2,21,5,1242,1,1,7,3
201406L086619,2,5,0,9,0,8,0,0,0,0,1,1,6,1,60,9,1450,1,11,9,1
201406L086756,1,9,0,18,0,8,0,0,0,0,1,1,6,1,87,11,2316,1,17,3,1
201406L086756,2,9,0,18,0,8,0,0,0,0,1,1,6,1,32,6,1995,1,3,4,1
201406L086761,1,9,0,5,0,0,0,0,0,0,3,1,1,1,18,4,998,1,7,9,1
201406L086761,2,5,0,18,0,0,0,0,0,0,1,1,6,1,54,8,-1,-1,-1,10,1
201406L086761,3,9,0,2,0,0,0,0,0,0,2,1,6,1,28,6,1242,1,5,5,2
201406L086762,1,9,0,18,0,0,0,0,0,0,2,1,1,1,41,7,1997,2,2,1,1
201406L086762,2,90,0,18,0,0,0,0,0,0,1,1,1,1,33,6,-1,-1,-1,4,1
201406L086767,1,9,0,9,0,8,0,0,0,0,4,1,6,1,44,7,1753,2,10,1,1
201406L086767,2,9,0,18,0,8,0,0,0,0,1,1,6,1,48,8,2000,1,9,1,1
201406L086772,1,9,0,18,0,1,1,0,1,10,1,1,6,2,21,5,1781,1,9,7,1
201406L086772,2,9,0,2,0,1,0,0,0,0,1,1,6,1,66,10,1593,1,24,-1,-1
201406L086778,1,1,0,9,0,6,0,0,0,0,3,1,6,1,56,9,-1,-1,-1,1,1
201406L086778,2,5,0,15,0,8,0,0,0,0,1,1,6,1,58,9,1157,1,9,6,1
201406L086836,1,9,0,16,0,0,0,0,0,0,1,1,2,1,30,6,1560,2,-1,7,1
201406L086836,2,9,0,3,0,0,0,0,0,0,2,1,6,2,62,9,1299,1,11,5,1
201406L086836,3,9,0,3,0,0,0,0,0,0,2,1,2,1,48,8,1461,2,5,5,1
201406L086861,1,9,0,18,0,1,1,0,0,0,1,1,2,2,21,5,1149,1,13,1,1
201406L086861,2,9,0,4,0,8,0,0,0,0,2,1,6,2,36,7,-1,-1,-1,3,2
201406L086864,1,9,0,18,0,0,1,0,0,0,4,1,6,2,26,6,1242,1,-1,8,1
201406L086904,1,9,0,18,0,8,0,0,0,0,1,1,6,1,30,6,1686,2,9,2,1
201406L086904,2,9,0,9,0,8,0,0,0,0,2,1,6,1,20,4,1390,1,15,8,1
201406L086924,1,9,0,18,9,2,1,10,1,2,1,1,6,1,17,4,1997,2,15,2,1
201406L086924,2,9,0,18,0,2,0,10,0,0,2,1,6,1,57,9,1997,2,3,1,1
201406L087217,1,9,0,9,0,6,0,0,0,0,3,1,6,1,72,10,1598,1,6,4,1
201406L087217,2,9,0,18,0,8,0,0,0,0,1,1,6,2,42,7,1910,2,10,3,1
201406L087246,1,19,0,18,0,0,0,0,7,0,1,1,1,1,53,8,2198,2,5,4,1
201406L087246,2,9,0,4,0,0,0,0,0,0,2,1,6,1,24,5,1248,2,10,-1,-1
201406L087260,1,2,0,9,0,6,0,0,0,0,1,1,6,1,16,4,49,1,2,2,1
201406L087260,2,9,0,18,0,8,0,0,0,0,4,1,1,1,31,6,-1,-1,-1,4,1
201406L087262,1,9,0,18,0,8,0,0,0,0,4,1,6,1,36,7,1753,2,9,-1,-1
201406L087262,2,1,0,18,0,8,0,0,0,0,4,1,6,1,12,3,-1,-1,-1,3,1
201406L087279,1,5,0,16,0,8,0,0,7,0,1,1,6,1,30,6,-1,-1,-1,4,1
201406L087279,2,9,0,9,0,5,0,0,0,0,3,1,6,1,41,7,3050,2,19,1,1
201406L087339,1,9,0,18,0,1,0,0,0,0,1,1,6,1,46,8,1999,1,13,1,1
201406L087339,2,9,0,3,0,1,0,0,1,10,2,1,6,1,45,7,1461,2,7,2,1
201406L087361,1,9,0,18,0,0,0,0,0,0,1,1,6,2,60,9,1997,2,3,6,1
201406L087480,1,11,0,5,0,0,0,0,0,0,0,1,1,1,39,7,8300,2,8,5,1
201406L087499,1,3,0,13,0,1,0,0,0,0,1,1,6,2,18,4,124,1,-1,1,1
201406L087499,2,9,0,16,0,2,0,0,0,0,3,1,6,2,49,8,1229,1,9,4,1
201406L087499,3,9,0,18,0,1,0,0,0,0,0,1,6,2,56,9,1390,1,11,4,3
201406L087499,4,9,0,18,0,1,0,0,0,0,0,1,6,1,21,5,998,1,2,1,1
201406L087627,1,9,0,9,0,8,0,0,0,0,4,1,6,2,48,8,796,1,9,2,1
201406L087627,2,9,0,18,0,8,0,0,0,0,1,1,6,2,23,5,1364,1,5,3,1
201406L087664,1,4,0,18,0,4,0,0,0,0,4,1,6,2,51,8,600,1,9,-1,-1
201406L087664,2,9,0,9,0,4,0,0,0,0,1,1,6,1,28,6,-1,-1,-1,-1,-1
201406L087774,1,9,0,1,0,8,0,0,0,0,4,1,6,1,30,6,1796,1,18,1,1
201406L087774,2,1,0,18,9,8,0,0,0,0,2,1,6,2,8,2,-1,-1,-1,4,1
201406L087795,1,4,0,18,0,0,5,0,0,0,1,1,6,1,23,5,-1,-1,-1,1,1
201406L087835,1,9,0,18,0,2,0,0,0,0,4,1,6,2,30,6,-1,-1,-1,-1,-1
201406L087854,1,1,0,18,0,8,0,0,0,0,3,1,6,2,45,7,-1,-1,-1,3,1
201406L087854,2,9,0,7,0,6,0,0,0,0,1,1,6,1,23,5,1349,1,5,9,1
201406L087953,1,9,0,18,0,8,0,0,0,0,1,1,6,1,35,6,-1,-1,-1,2,1
201406L087953,2,9,0,18,0,8,0,0,0,0,2,1,6,2,28,6,1679,1,13,2,1
201406L087953,3,9,0,2,0,2,0,0,0,0,3,1,6,2,66,10,1997,1,9,1,2
201406L088062,1,9,0,9,0,6,0,0,0,0,4,1,6,2,47,8,1956,2,1,6,1
201406L088062,2,3,0,18,0,8,0,0,0,0,4,1,2,1,22,5,124,1,1,-1,-1
201406L088121,1,19,0,9,0,8,0,0,0,0,2,1,1,1,51,8,-1,-1,-1,-1,-1
201406L088121,2,1,0,15,0,8,0,0,0,0,1,1,1,1,53,8,-1,-1,-1,6,1
201406L088154,1,9,0,14,0,0,0,0,0,0,3,1,1,1,35,6,973,1,13,5,1
201406L088159,1,9,0,18,0,0,0,0,0,0,3,1,6,2,30,6,-1,-1,-1,-1,-1
201406L088159,2,1,0,18,0,0,0,0,0,0,1,1,6,2,8,2,-1,-1,-1,-1,-1
201406L088173,1,9,0,18,0,8,0,0,0,0,1,1,6,1,18,4,1199,1,13,2,1
201406L088173,2,9,0,9,0,6,0,0,0,0,1,1,6,2,67,10,-1,-1,-1,-1,-1
201406L088209,1,9,0,9,0,6,0,0,0,0,1,1,6,2,33,6,1248,1,4,-1,-1
201406L088209,2,5,0,14,0,1,0,0,0,0,1,1,2,1,49,8,656,1,5,1,1
201406L088222,1,1,0,18,0,1,0,0,0,0,1,1,6,1,44,7,-1,-1,-1,5,3
201406L088222,2,9,0,10,0,8,0,0,0,0,2,1,6,1,49,8,796,1,12,-1,-1
201406L088263,1,4,0,18,0,1,0,0,0,0,3,1,6,1,25,5,645,1,8,1,1
201406L088263,2,9,0,9,0,1,0,0,0,0,1,1,6,2,29,6,1796,1,12,-1,-1
201406L088300,1,9,0,9,0,8,0,0,0,0,1,1,6,2,48,8,1997,2,5,9,1
201406L088300,2,3,0,18,0,8,0,0,0,0,1,1,2,1,29,6,125,1,-1,3,1
201406L088329,1,9,0,18,0,0,0,0,0,0,4,1,6,3,-1,-1,-1,-1,-1,-1,-1
201406L088329,2,1,0,18,0,0,0,0,0,0,3,1,1,2,49,8,-1,-1,-1,5,1
201406L088362,1,9,0,5,0,0,0,0,0,0,1,1,6,2,20,4,1242,1,1,-1,-1
201406L088362,2,9,0,18,0,0,0,0,0,0,1,1,6,1,30,6,2993,2,9,3,1
201406L088369,1,19,0,18,0,1,0,0,0,0,1,1,1,1,52,8,2198,2,1,1,1
201406L088369,2,9,0,11,0,1,0,0,0,0,2,1,6,1,37,7,-1,-1,-1,-1,-1
201406L088421,1,9,0,9,0,2,0,0,0,0,1,1,6,2,30,6,1560,2,5,-1,-1
201406L088421,2,1,0,18,0,6,0,0,0,0,1,1,6,1,12,3,-1,-1,-1,9,1
201406L088424,1,9,0,9,0,6,0,0,0,0,1,1,6,2,40,7,1299,1,12,-1,-1
201406L088424,2,3,0,18,0,8,0,0,0,0,1,1,6,1,17,4,125,1,5,2,1
201406L088446,1,9,0,9,0,2,0,0,0,0,1,1,6,2,46,8,1246,1,9,4,1
201406L088577,1,9,0,9,0,2,0,0,0,0,3,1,6,2,65,9,1995,2,10,9,2
201406L088577,2,3,0,10,0,1,0,0,0,0,1,1,6,1,19,4,123,1,26,8,1
201406L088589,1,9,0,18,0,4,0,0,0,0,1,1,6,1,75,10,1242,1,8,3,1
201406L088589,2,9,0,18,0,4,0,0,0,0,1,1,6,2,35,6,1242,1,11,3,1
201406L088593,1,20,0,18,0,0,0,0,0,10,1,1,1,1,42,7,-1,-1,-1,1,1
201406L088593,2,9,0,2,0,0,0,0,0,0,3,1,6,2,55,8,1386,1,3,-1,-1
201406L088593,3,9,0,2,0,0,0,0,0,0,4,1,6,3,-1,-1,1956,2,5,-1,-1