Accident_Index,Vehicle_Reference,Vehicle_Type,Towing_and_Articulation,Vehicle_Manoeuvre,Vehicle_Location-Restricted_Lane,Junction_Location,Skidding_and_Overturning,Hit_Object_in_Carriageway,Vehicle_Leaving_Carriageway,Hit_Object_off_Carriageway,1st_Point_of_Impact,Was_Vehicle_Left_Hand_Drive?,Journey_Purpose_of_Driver,Sex_of_Driver,Age_of_Driver,Age_Band_of_Driver,Engine_Capacity_(CC),Propulsion_Code,Age_of_Vehicle,Driver_IMD_Decile,Driver_Home_Area_Type
201406L095489,1,9,0,7,0,6,0,0,0,0,0,1,6,3,-1,-1,-1,-1,-1,-1,-1
201406L095489,2,9,0,18,0,2,0,0,7,4,1,1,2,2,66,10,1998,1,15,2,1
201406L095667,1,9,0,13,0,1,0,0,0,0,4,1,6,1,72,10,2499,2,12,3,1
201406L095667,2,9,0,9,0,1,0,0,0,0,3,1,6,1,40,7,1598,1,9,4,1
201406L885391,1,9,0,9,0,6,0,0,0,0,3,1,6,2,29,6,-1,-1,-1,2,1
201406L885391,2,3,0,18,0,1,0,0,0,0,1,1,6,2,29,6,125,1,3,1,1
201406LF94699,1,9,0,9,0,8,0,0,0,0,4,1,6,2,50,8,-1,-1,-1,5,1
201406M081345,1,9,0,18,0,0,0,0,0,0,1,1,6,1,74,10,1124,1,12,5,1
201406M081345,2,9,0,18,0,0,0,0,0,0,1,1,6,2,29,6,1596,1,7,5,1
201406M081485,1,9,0,17,0,8,0,0,0,0,1,1,6,1,48,8,1762,1,17,10,1
201406M081485,2,1,0,9,0,5,0,0,0,0,1,1,6,1,23,5,-1,-1,-1,10,1
201406M081588,1,9,0,18,0,8,0,0,0,0,2,1,6,2,60,9,1956,2,1,3,1
201406M081588,2,9,0,3,0,8,0,0,0,0,2,1,6,2,52,8,2295,1,10,-1,-1
201406M081777,1,9,0,18,0,4,0,0,0,0,1,1,2,2,24,5,1360,1,11,-1,-1
201406M081777,2,1,0,18,0,8,0,0,0,0,4,1,2,2,52,8,-1,-1,-1,9,1
201406M081922,1,9,0,13,0,0,0,0,0,0,4,1,6,3,-1,-1,-1,-1,-1,-1,-1
201406M081922,2,1,0,18,0,0,0,0,0,0,0,1,2,1,34,6,-1,-1,-1,8,1
201406M081982,1,9,0,18,0,0,0,0,0,0,1,1,6,2,36,7,1498,1,9,7,1
201406M081982,2,9,0,18,0,0,0,0,0,0,3,1,6,1,34,6,1995,2,3,7,1
201406M081992,1,9,0,4,0,1,0,0,0,0,1,1,2,1,29,6,1984,1,7,7,1
201406M081992,2,9,0,4,0,1,0,0,0,0,2,1,2,1,38,7,1968,2,5,4,1
201406M081995,1,9,0,6,0,0,0,0,0,0,1,1,6,1,25,5,2171,2,11,8,1
201406M081995,2,3,0,18,0,0,0,0,0,0,3,1,2,1,44,7,-1,-1,-1,2,1
201406M082304,1,9,0,9,0,6,0,0,0,0,1,1,6,1,40,7,-1,-1,-1,-1,-1
201406M082304,2,9,0,18,0,8,0,0,0,0,4,1,6,2,49,8,1388,1,2,6,1
201406M082323,1,9,0,15,0,2,0,4,0,0,1,1,6,3,-1,-1,1598,1,5,-1,-1
201406M082323,2,1,0,4,0,1,5,0,1,0,1,1,6,1,16,4,-1,-1,-1,3,1
201406M082599,1,9,0,9,0,8,0,0,0,0,1,1,1,2,26,6,1598,1,8,9,1
201406M082599,2,9,0,18,0,8,0,0,0,0,3,1,6,1,70,10,1997,2,2,-1,-1
201406M082644,1,8,0,18,0,1,0,0,0,0,0,1,6,3,-1,-1,-1,-1,-1,-1,-1
201406M082644,2,1,0,18,0,1,0,0,0,0,0,1,6,1,16,4,-1,-1,-1,-1,-1
201406M082805,1,9,0,18,0,1,0,0,0,0,1,1,6,1,32,6,1124,1,13,2,1
201406M082805,2,9,0,2,6,1,0,0,0,0,2,1,6,1,40,7,2987,2,7,6,1
201406M082805,3,9,0,2,6,1,0,0,0,0,1,1,6,1,47,8,1998,1,12,6,1
201406M082918,1,9,0,9,0,8,0,0,0,0,1,1,6,2,47,8,1595,1,17,10,1
201406M082918,2,5,0,18,0,8,0,0,0,0,1,1,6,1,29,6,675,1,8,1,1
201406M082944,1,9,0,18,0,1,0,0,0,0,1,1,6,2,55,8,1995,1,11,2,1
201406M082944,2,9,0,18,0,2,0,0,0,0,4,1,1,1,34,6,1896,2,8,2,1
201406M082944,3,9,0,2,0,1,0,0,0,0,3,1,6,2,78,11,1360,1,14,4,1
201406M083000,1,8,0,9,0,5,0,0,0,0,1,1,1,1,65,9,2499,2,7,1,1
201406M083165,1,9,0,9,0,8,0,0,0,0,4,1,6,1,30,6,1124,1,14,-1,-1
201406M083165,2,1,0,18,0,8,0,0,0,0,1,1,1,1,43,7,-1,-1,-1,6,1
201406M083182,1,9,0,9,0,6,0,0,0,0,1,1,6,1,36,7,1398,1,9,7,1
201406M083182,2,1,0,9,0,6,0,0,0,0,2,1,6,1,46,8,-1,-1,-1,7,1
201406M083191,1,9,0,7,0,1,0,0,0,0,1,1,6,2,35,6,2698,2,6,-1,-1
201406M083191,2,1,0,18,0,8,0,0,0,0,4,1,2,1,49,8,-1,-1,-1,6,1
201406M083230,1,9,0,18,0,8,0,0,0,0,1,1,6,1,51,8,-1,-1,-1,1,1
201406M083230,2,9,0,9,0,6,0,0,0,0,1,1,1,1,30,6,1598,2,1,8,1
201406M083357,1,9,0,9,0,8,0,0,0,0,1,1,6,1,64,9,1968,2,4,4,1
201406M083357,2,1,0,18,0,8,0,0,0,0,1,1,2,1,39,7,-1,-1,-1,6,1
201406M083401,1,9,0,18,0,1,0,0,0,0,1,1,6,2,20,4,998,1,14,1,1
201406M083401,2,9,0,3,0,1,0,0,0,0,2,1,6,1,36,7,1242,1,13,2,1
201406M083401,3,9,3,3,0,1,0,0,0,0,2,1,6,1,30,6,1968,2,5,-1,-1
201406M083429,1,9,0,18,0,1,0,0,0,0,4,1,1,2,32,6,1299,1,7,8,1
201406M083429,2,1,0,18,4,1,0,0,1,0,3,1,1,1,50,8,-1,-1,-1,-1,-1
201406M083508,1,9,0,18,0,8,0,0,0,0,1,1,2,1,58,9,1995,2,14,5,1
201406M083508,2,9,0,18,0,7,0,7,4,1,1,1,6,2,52,8,-1,-1,-1,4,1
201406M083531,1,9,0,5,0,4,0,0,0,0,1,1,6,2,41,7,1598,1,10,9,1
201406M083531,2,1,0,18,0,8,0,0,0,0,4,1,6,1,35,6,-1,-1,-1,1,1
201406M083558,1,3,0,18,0,0,0,0,0,0,1,1,2,1,25,5,124,1,5,10,1
201406M083558,2,9,0,4,0,0,0,0,0,0,1,1,6,2,37,7,1598,1,14,9,1
201406M083566,1,9,0,7,0,2,0,0,0,0,1,1,6,3,-1,-1,1368,1,8,-1,-1
201406M083566,2,9,0,7,0,2,0,0,0,0,1,1,2,2,39,7,1910,2,5,2,1
201406M083571,1,8,0,5,0,1,0,0,0,0,1,1,1,1,35,6,2402,2,9,1,1
201406M083571,2,1,0,5,0,1,0,0,0,0,1,1,6,1,35,6,-1,-1,-1,-1,-1
201406M083699,1,9,0,18,0,1,0,0,0,0,1,1,6,3,-1,-1,-1,-1,-1,-1,-1
201406M083699,2,9,0,3,0,1,0,0,0,0,2,1,1,2,37,7,1799,1,7,4,1
201406M083699,3,9,0,3,0,1,0,0,0,0,2,1,6,1,44,7,998,1,6,2,1
201406M083808,1,1,0,12,0,1,0,0,0,0,3,1,6,1,57,9,-1,-1,-1,6,1
201406M083808,2,9,0,18,0,1,0,0,0,0,4,1,6,2,57,9,1598,1,3,8,1
201406M083810,1,19,0,9,0,6,0,0,0,0,1,1,1,1,48,8,2151,2,10,8,1
201406M083810,2,1,0,18,0,8,0,0,0,0,1,1,6,1,45,7,-1,-1,-1,5,1
201406M083939,1,9,0,7,0,6,0,0,0,0,3,1,6,1,38,7,1242,1,-1,7,1
201406M083939,2,9,0,18,0,8,0,0,0,0,4,1,6,2,71,10,1399,2,3,7,1
201406M083968,1,9,0,9,0,5,0,0,0,0,4,1,1,2,18,4,1242,1,10,7,3
201406M083968,2,9,0,18,0,8,0,0,0,0,1,1,6,1,47,8,-1,-1,-1,1,1
201406M083968,3,9,0,18,0,1,0,0,0,0,1,1,6,2,66,10,1242,1,5,10,1
201406M084003,1,11,0,16,0,1,0,0,0,0,1,1,1,1,35,6,6700,2,6,1,1
201406M084003,2,9,0,11,0,1,0,0,0,0,2,1,6,1,60,9,2148,2,9,1,1
201406M084003,3,9,0,18,0,1,0,0,0,0,2,1,6,1,38,7,4395,1,1,10,1
201406M084013,1,9,0,5,0,4,0,0,0,0,1,1,2,2,48,8,1596,1,4,9,1
201406M084013,2,1,0,18,0,3,0,0,0,0,4,1,2,1,48,8,-1,-1,-1,7,1
201406M084045,1,9,0,9,0,6,0,0,0,0,1,1,6,2,26,6,1360,1,15,4,1
201406M084045,2,9,0,18,0,8,0,0,0,0,3,1,6,2,35,6,1229,1,9,8,1
201406M084053,1,9,0,14,0,0,0,0,0,0,4,1,6,2,43,7,1995,2,1,6,1
201406M084227,1,9,0,18,0,4,0,0,0,0,1,1,6,1,67,10,-1,-1,-1,9,1
201406M084227,2,1,0,18,0,4,0,0,0,0,4,1,2,1,45,7,-1,-1,-1,10,1
201406M084270,1,10,0,9,0,8,0,0,0,0,1,1,1,2,52,8,-1,-1,-1,-1,-1
201406M084270,2,9,0,18,0,8,0,0,0,0,1,1,6,2,28,6,1781,1,11,10,1
201406M084293,1,3,0,7,0,3,0,0,0,0,1,1,6,1,19,4,124,1,1,5,1
201406M084293,2,9,0,18,0,8,0,0,0,0,1,1,6,1,54,8,-1,-1,-1,1,1
201406M084627,1,20,0,17,0,1,5,0,0,0,0,1,1,1,64,9,5880,2,8,3,1
201406M084627,2,1,0,18,2,1,0,0,0,0,0,1,6,1,54,8,-1,-1,-1,6,1
201406M084641,1,9,0,9,0,5,0,0,0,0,4,1,6,2,26,6,-1,-1,-1,3,1
201406M084641,2,5,0,18,0,8,1,0,0,0,1,1,6,1,30,6,599,1,17,4,1
201406M084719,1,9,0,5,0,4,0,0,0,0,1,1,6,2,44,7,1560,2,3,3,1
201406M084719,2,1,0,17,0,8,0,0,0,0,1,1,2,1,28,6,-1,-1,-1,6,1
201406M084776,1,9,0,18,0,0,0,0,0,0,1,1,6,2,30,6,-1,-1,-1,6,1
201406M084776,2,9,0,3,0,0,0,0,0,0,2,1,6,2,42,7,1398,1,4,7,1
201406M084776,3,9,0,3,0,0,0,0,0,0,3,1,6,2,42,7,1910,2,5,9,1
201406M084851,1,9,0,9,0,5,0,0,0,0,4,1,6,1,35,6,-1,-1,-1,-1,-1
201406M084851,2,1,0,18,0,1,0,0,0,0,1,1,2,1,20,4,-1,-1,-1,4,1
201406M084881,1,19,0,9,0,6,0,0,0,0,1,1,1,1,41,7,2402,2,6,4,1
201406M084881,2,9,0,18,0,8,0,0,0,0,4,1,6,1,43,7,999,1,14,1,1
201406M084973,1,9,0,1,0,0,0,0,0,0,2,1,6,3,-1,-1,-1,-1,-1,-1,-1
201406M084991,1,9,0,18,0,8,0,0,0,0,1,1,6,2,30,6,1396,1,12,10,1
201406M084991,2,9,0,18,0,8,0,0,0,0,1,1,6,2,57,9,1968,2,5,6,1
201406M085011,1,9,0,18,0,1,0,0,0,0,1,1,1,1,57,9,1560,2,2,10,1
201406M085044,1,19,0,18,0,8,0,0,0,0,1,1,1,1,24,5,2143,2,4,3,1
201406M085044,2,9,0,3,0,8,0,0,0,0,2,1,6,1,43,7,1560,2,2,6,1
201406M085044,3,9,0,3,0,8,0,0,0,0,2,1,6,2,37,7,1997,2,8,-1,-1
201406M085147,1,9,0,7,0,8,0,0,0,0,4,1,6,3,-1,-1,-1,-1,-1,-1,-1
201406M085147,2,1,0,18,0,8,0,0,0,0,1,1,6,1,13,3,-1,-1,-1,8,1
201406M085189,1,19,0,18,0,0,0,0,0,0,0,1,6,3,-1,-1,-1,-1,-1,-1,-1
201406M085189,2,9,0,18,0,0,1,0,1,4,4,1,6,1,19,4,1910,2,6,9,1
201406M085189,3,19,0,18,0,0,0,0,0,0,3,1,1,1,54,8,2143,2,4,5,1
201406M085286,1,9,0,18,0,6,0,0,0,0,3,1,2,1,35,6,1399,2,6,7,1
201406M085343,1,90,0,18,0,8,0,0,0,0,4,1,6,3,-1,-1,-1,-1,-1,-1,-1
201406M085368,1,3,0,18,0,0,0,0,0,0,1,1,6,1,18,4,124,1,1,5,1
201406M085368,2,9,0,12,0,0,0,0,0,0,4,1,6,1,21,5,1198,1,8,3,1
201406M085407,1,9,0,2,0,0,0,0,0,0,3,1,2,1,43,7,1560,2,7,-1,-1
201406M085407,2,1,0,18,0,0,0,0,0,0,1,1,2,1,59,9,-1,-1,-1,5,1
201406M085435,1,9,0,7,0,6,0,0,0,0,1,1,6,2,82,11,1339,1,6,9,1
201406M085435,2,21,0,18,0,8,0,0,0,0,4,1,1,1,28,6,4462,2,1,5,1
201406M085435,3,9,0,18,0,8,0,0,0,0,3,1,6,2,23,5,1197,1,-1,9,1
201406M085435,4,9,0,18,0,8,0,0,0,0,2,1,6,2,43,7,1995,2,3,3,1
201406M085465,1,19,0,1,0,1,0,0,0,0,2,1,1,1,49,8,-1,-1,-1,5,1
201406M085573,1,9,0,1,0,8,0,0,0,0,2,1,6,2,54,8,1995,2,5,1,1
201406M085573,2,9,0,18,0,8,0,0,0,0,3,1,6,1,36,7,1598,1,7,4,1
201406M085667,1,90,0,18,0,0,0,0,0,0,3,1,1,1,57,9,-1,-1,-1,9,1
201406M085701,1,9,0,1,0,1,0,0,0,0,2,1,6,1,44,7,1796,1,13,8,1
201406M085708,1,9,0,9,0,5,0,0,0,0,4,1,2,1,31,6,2688,2,11,-1,1
201406M085708,2,1,0,18,0,8,0,0,0,0,1,1,2,1,38,7,-1,-1,-1,10,1
201406M085760,1,9,0,18,0,5,0,0,0,0,4,1,6,2,55,8,1368,1,6,-1,-1
201406M085770,1,9,0,18,0,8,0,0,0,0,1,1,6,1,30,6,2967,2,1,-1,-1
201406M085770,2,9,0,18,0,8,0,0,0,0,1,1,6,1,34,6,1560,2,4,-1,-1
201406M085770,3,9,0,2,0,1,0,0,0,0,4,1,6,3,-1,-1,-1,-1,-1,9,1
201406M085917,1,9,0,18,0,1,0,0,0,0,1,1,6,2,30,6,2143,2,2,-1,-1
201406M085917,2,9,0,3,0,1,0,0,0,0,2,1,6,2,37,7,1956,2,1,6,1
201406M086008,1,9,0,18,0,8,0,0,0,0,1,1,1,1,49,8,1762,1,14,3,1
201406M086008,2,1,0,3,0,8,0,0,0,0,3,1,6,1,61,9,-1,-1,-1,1,1
201406M086133,1,9,0,5,0,0,0,0,0,0,4,1,1,1,25,5,-1,-1,-1,3,1
201406M086133,2,1,0,5,0,0,0,0,0,0,3,1,6,1,73,10,-1,-1,-1,5,1
201406M086172,1,9,0,9,0,5,0,0,0,0,1,1,6,2,42,7,1560,2,8,6,1
201406M086172,2,9,0,18,0,8,0,0,0,0,3,1,6,2,24,5,1599,1,9,6,1
201406M086177,1,9,0,18,0,1,0,0,0,0,1,1,6,1,50,8,4163,1,10,7,1
201406M086177,2,9,0,8,0,1,0,0,0,0,2,1,6,2,24,5,-1,-1,-1,8,1
201406M086200,1,9,0,9,0,8,0,0,0,0,4,1,2,2,22,5,1399,2,4,7,1
201406M086200,2,1,0,18,4,8,0,0,0,0,1,1,2,1,36,7,-1,-1,-1,9,1
201406M086211,1,9,0,18,0,1,0,0,0,0,1,1,6,1,22,5,-1,-1,-1,-1,-1
201406M086211,2,9,0,3,0,1,0,0,0,0,2,1,6,1,45,7,-1,-1,-1,2,1
201406M086211,3,9,0,3,0,1,0,0,0,0,2,1,6,1,25,5,1596,1,1,3,1
201406M086268,1,9,0,18,0,0,0,0,0,0,1,1,6,1,37,7,2400,2,5,10,1
201406M086268,2,9,0,18,0,0,0,0,0,0,2,1,6,1,41,7,1896,2,7,1,1
201406M086274,1,9,0,18,0,0,0,0,0,0,1,1,6,2,30,6,-1,-1,-1,9,1
201406M086274,2,19,0,18,0,0,0,0,0,0,2,1,6,1,38,7,1868,2,10,8,1
201406M086274,3,9,0,18,0,0,0,0,0,0,2,1,6,2,69,10,1299,1,9,4,1
201406M086298,1,9,0,18,0,8,0,0,7,1,1,1,6,1,53,8,1999,1,5,8,1
201406M086298,2,9,0,18,0,8,0,0,7,1,4,1,6,1,42,7,1896,2,11,5,1
201406M086304,1,9,0,18,0,0,0,0,0,0,1,1,6,1,35,6,2926,2,9,3,1
201406M086304,2,19,0,18,0,0,0,0,0,0,2,1,1,1,48,8,1995,2,3,3,1
201406M086304,3,9,0,18,0,0,0,0,0,0,2,1,6,1,53,8,1598,2,3,4,1
201406M086334,1,9,0,18,0,8,1,0,0,0,1,1,6,1,25,5,1968,2,6,1,1
201406M086334,2,9,0,9,0,8,0,0,0,0,3,1,6,1,58,9,1995,2,2,6,1
201406M086334,3,9,0,18,0,1,0,0,0,0,1,1,6,1,22,5,1686,2,7,3,1
201406M086352,1,9,0,9,0,5,0,0,0,0,1,1,2,2,64,9,-1,-1,-1,1,1
201406M086352,2,9,0,18,0,8,0,0,0,0,1,1,1,1,55,8,-1,-1,-1,-1,1
201406M086378,1,8,0,10,0,8,0,0,0,0,4,1,1,1,49,8,1997,2,8,3,1
201406M086378,2,9,0,18,0,8,0,0,0,0,1,1,6,1,23,5,1968,2,6,6,1
201406M086393,1,9,0,9,0,8,0,0,0,0,1,1,6,2,51,8,1596,1,5,9,3
201406M086393,2,9,0,18,0,8,0,0,0,0,3,1,6,2,42,7,2993,2,3,9,1
201406M086411,1,9,0,18,0,8,0,0,1,1,1,1,6,1,76,11,1598,1,3,4,1
201406M086411,2,9,0,3,0,8,0,0,0,0,2,1,6,1,29,6,1596,1,13,1,1
201406M086445,1,9,0,9,0,8,0,0,0,0,3,1,6,1,76,11,1199,1,13,8,1
201406M086445,2,5,0,18,0,8,0,0,0,0,1,1,6,1,42,7,660,1,5,-1,-1
201406M086489,1,9,0,16,0,0,0,0,0,0,1,1,6,2,31,6,1086,1,10,7,1
201406M086489,2,9,0,18,0,0,0,0,1,0,3,1,6,1,55,8,1242,1,10,7,1
201406M086563,1,9,0,18,0,8,0,0,0,0,1,1,1,2,54,8,1390,1,10,3,1
201406M086563,2,1,0,18,0,8,0,0,0,0,1,1,6,1,35,6,-1,-1,-1,6,1
201406M086585,1,9,0,7,0,7,0,0,0,0,4,1,1,1,30,6,-1,-1,-1,5,1
201406M086585,2,8,0,18,0,8,0,0,1,0,4,1,1,1,43,7,2402,2,8,9,1
201406M086647,1,8,0,9,0,8,0,0,0,0,1,1,1,1,56,9,1896,2,8,3,1
201406M086647,2,8,0,18,0,8,0,0,0,0,1,1,1,1,53,8,1896,2,5,6,1
201406M086692,1,9,0,18,0,0,0,0,0,0,1,1,2,1,48,8,1461,2,-1,7,1
201406M086720,1,11,0,18,0,0,0,0,0,0,0,1,1,1,54,8,4250,2,13,2,1
201406M086768,1,9,0,5,0,8,0,0,0,0,4,1,6,2,30,6,1599,1,6,1,1
201406M086768,2,9,0,18,0,1,0,0,2,10,1,1,6,2,57,9,1598,1,12,4,1
201406M086876,1,9,0,18,0,8,0,0,0,0,3,1,6,2,36,7,1461,2,2,6,1
201406M086876,2,9,0,18,0,8,0,0,0,0,4,1,6,1,49,8,1995,2,10,8,1
201406M086923,1,9,0,18,0,0,0,0,1,0,1,1,6,2,49,8,1390,1,3,7,1
201406M086923,2,9,0,18,0,0,0,0,1,0,1,1,6,1,52,8,2148,2,9,10,1
201406M087071,1,9,0,18,0,3,0,0,1,2,1,1,1,1,24,5,-1,-1,-1,1,1
201406M087071,2,9,0,18,0,1,0,0,7,0,1,1,6,2,61,9,1600,1,10,4,1
201406M087198,1,19,0,6,0,2,0,0,0,0,2,1,1,1,59,9,2402,2,9,2,1
201406M087198,2,1,0,18,0,1,0,0,0,0,1,1,6,2,29,6,-1,-1,-1,5,1
201406M087283,1,9,0,18,0,8,0,7,1,10,3,1,1,1,26,6,1896,2,12,4,1
201406M087283,2,9,0,9,0,6,0,0,0,0,1,1,6,2,84,11,1240,1,5,7,1
201406M087372,1,9,0,18,0,8,0,0,0,0,3,1,6,2,28,6,-1,-1,-1,3,1
201406M087372,2,3,0,18,0,8,0,0,0,0,1,1,1,1,24,5,-1,-1,-1,3,1
201406M087381,1,9,0,18,0,1,0,0,0,0,1,1,6,1,20,4,2324,1,11,-1,-1
201406M087381,2,9,0,3,0,1,0,0,0,0,2,1,6,1,60,9,1794,1,10,5,1
201406M087396,1,90,0,4,0,0,0,0,0,0,1,1,1,1,59,9,-1,-1,-1,3,1
201406M087396,2,9,0,3,0,0,0,0,0,0,2,1,6,1,20,4,998,1,13,3,1
201406M087396,3,9,0,3,0,0,0,0,0,0,2,1,6,1,33,6,1598,1,1,1,1
201406M087430,1,9,0,6,0,0,0,0,0,0,3,1,6,2,61,9,1997,2,4,4,1
201406M087430,2,9,0,18,0,0,0,0,0,0,1,1,2,1,33,6,2987,2,1,-1,1
201406M087457,1,9,0,9,0,6,0,0,0,0,1,1,6,1,41,7,1896,2,10,1,1
201406M087457,2,9,0,18,0,8,1,0,0,0,1,1,6,2,22,5,1242,1,15,2,1
201406M087513,1,9,0,18,0,0,0,0,0,0,1,1,2,1,41,7,1995,2,11,5,1
201406M087513,2,9,0,18,0,0,0,0,0,0,2,1,2,2,48,8,998,1,-1,10,1
201406M087513,3,9,0,18,0,0,0,0,0,0,2,1,2,1,37,7,1896,2,9,4,1
201406M087513,4,9,0,18,0,0,0,0,0,0,2,1,2,1,47,8,1995,2,2,8,1
201406M087541,1,9,0,13,0,1,0,0,0,0,4,1,6,2,56,9,1397,1,2,-1,-1
201406M087576,1,9,0,18,0,0,0,4,0,0,1,1,1,1,30,6,1199,1,10,10,1
201406M087576,2,9,0,2,0,0,0,0,0,0,2,1,6,3,-1,-1,1998,1,4,-1,-1
201406M087607,1,9,0,9,0,8,0,0,0,0,1,1,3,2,33,6,1497,1,9,10,1
201406M087607,2,5,0,9,0,8,0,0,0,0,1,1,2,1,62,9,1100,1,14,10,1
201406M087610,1,9,0,18,0,2,0,0,0,0,4,1,1,1,61,9,-1,-1,-1,1,1
201406M087674,1,9,0,7,0,6,0,0,0,0,1,1,6,1,90,11,1240,1,6,7,1
201406M087674,2,9,0,18,0,1,1,0,0,0,1,1,6,1,35,6,1997,2,6,3,1
201406M087681,1,9,0,18,0,1,0,0,0,0,1,1,6,1,60,9,1240,1,11,9,1
201406M087681,2,8,0,18,0,1,0,0,0,0,2,1,1,1,32,6,1968,2,7,6,1
201406M087694,1,9,0,9,0,8,0,0,0,0,1,1,1,1,45,7,2143,2,2,-1,-1
201406M087694,2,1,0,18,0,8,0,0,0,0,1,1,1,1,28,6,-1,-1,-1,2,1
201406M087768,1,9,0,9,0,5,0,0,0,0,1,1,6,2,37,7,1339,1,4,10,1
201406M087768,2,5,0,18,0,8,0,0,0,0,3,1,1,1,30,6,1170,1,6,-1,-1
201406M087837,1,9,0,18,0,8,0,0,0,0,1,1,6,2,30,6,-1,-1,-1,-1,1
201406M087861,1,11,0,3,0,1,0,0,0,0,1,1,1,1,35,6,-1,-1,-1,1,1
201406M087861,2,20,0,3,0,1,0,0,0,0,2,1,1,1,57,9,-1,-1,-1,-1,3
201406M087861,3,9,0,3,0,1,0,0,0,0,2,1,1,1,31,6,1995,2,10,1,1
201406M087884,1,9,0,9,0,8,0,0,0,0,1,1,6,2,31,6,1229,1,5,3,1
201406M087884,2,9,0,18,0,8,0,0,1,1,1,1,3,1,31,6,1781,1,12,2,1
201406M087887,1,9,0,18,0,8,0,0,0,0,1,1,6,1,46,8,1995,2,3,7,1
201406M087914,1,9,0,7,0,8,0,0,0,0,1,1,6,3,-1,-1,-1,-1,-1,-1,-1
201406M087914,2,1,0,18,0,8,0,0,0,0,1,1,6,1,19,4,-1,-1,-1,4,1
201406M087942,1,9,0,7,0,5,0,0,0,0,1,1,6,2,30,6,-1,-1,-1,1,1
201406M087942,2,1,0,18,0,8,0,0,0,0,1,1,6,1,30,6,-1,-1,-1,5,1
201406M087986,1,9,0,9,0,8,0,0,0,0,1,1,6,1,31,6,3724,1,9,2,1
201406M087986,2,1,0,18,0,8,0,0,0,0,2,1,6,1,40,7,-1,-1,-1,2,1
201406M087993,1,9,0,18,0,2,0,0,0,0,4,1,6,2,53,8,2148,2,10,4,1
201406M088002,1,9,0,7,0,1,0,0,0,0,1,1,6,3,-1,-1,-1,-1,-1,-1,-1
201406M088002,2,9,0,7,0,1,0,0,0,0,2,1,1,2,30,6,998,1,1,-1,1
201406M088002,3,9,0,7,0,1,0,0,0,0,1,1,6,1,30,6,1086,1,8,-1,-1
201406M088023,1,9,0,1,9,6,0,0,0,0,2,1,6,2,63,9,1598,1,8,6,1
201406M088105,1,9,0,18,0,0,0,0,0,0,4,1,6,1,46,8,-1,-1,-1,4,1
201406M088105,2,1,0,18,0,0,0,0,0,0,1,1,6,1,6,2,-1,-1,-1,3,1
201406M088126,1,21,1,18,0,8,0,0,0,0,1,1,1,1,53,8,10518,2,3,7,3
201406M088126,2,9,0,18,0,8,0,0,0,0,3,1,6,1,54,8,1198,1,2,7,1
201406M088191,1,9,0,18,0,8,0,0,0,0,1,1,6,1,44,7,1596,1,7,3,1
201406M088191,2,1,0,18,0,8,0,0,0,0,2,1,6,1,32,6,-1,-1,-1,9,1
201406M088208,1,9,0,18,0,0,0,0,0,0,1,1,6,2,42,7,1598,1,2,4,1
201406M088208,2,9,0,18,0,0,0,0,0,0,1,1,3,1,39,7,1390,1,2,5,1
201406M088208,3,9,0,2,0,0,0,0,0,0,3,1,6,3,-1,-1,1598,1,6,-1,-1
201406M088232,1,9,0,5,0,4,0,0,0,0,1,1,6,2,41,7,-1,-1,-1,3,1
201406M088232,2,1,0,18,0,8,0,0,0,0,1,1,6,1,50,8,-1,-1,-1,7,1
201406M088359,1,9,0,18,0,0,0,0,0,0,1,1,6,1,35,6,1108,1,7,-1,1
201406M088359,2,9,0,4,0,0,0,0,0,0,2,1,6,1,51,8,1968,2,6,10,1
201406M088366,1,9,0,16,0,0,0,0,7,0,1,1,6,2,82,11,1597,1,13,3,1
201406M088366,2,9,0,18,0,0,0,0,1,0,3,1,6,2,52,8,1461,2,2,10,1
201406M088366,3,19,0,18,0,0,0,0,7,0,4,1,1,1,44,7,-1,-1,-1,3,1
201406M088380,1,8,0,9,0,8,0,0,0,0,4,1,1,1,43,7,1368,1,1,1,1
201406M088380,2,9,0,18,0,8,0,0,0,0,1,1,6,2,52,8,1598,1,9,-1,-1
201406M088460,1,8,0,6,0,0,0,0,0,0,3,1,1,1,44,7,2148,2,4,1,1
201406M088460,2,9,0,14,0,0,0,0,0,0,4,1,6,1,54,8,1995,2,13,4,1
201406M088462,1,9,0,9,0,6,0,0,0,0,4,1,1,1,38,7,-1,-1,-1,-1,-1
201406M088516,1,9,0,17,0,0,0,0,0,0,3,1,6,2,30,6,1390,1,5,-1,-1
201406M088516,2,9,0,16,0,0,0,0,0,0,3,1,2,1,32,6,1968,2,7,3,1
201406M088615,1,9,0,18,0,6,0,0,0,0,1,1,6,2,68,10,1199,1,12,1,1
201406M088615,2,9,0,18,0,8,2,0,0,0,3,1,6,2,42,7,3628,2,5,5,1
201406M088627,1,9,0,18,0,0,0,0,0,0,1,1,6,2,30,6,-1,-1,-1,-1,-1
201406M088810,1,1,0,18,0,2,0,0,0,0,3,1,6,1,15,3,-1,-1,-1,4,1
201406M088810,2,9,0,18,0,2,0,0,0,0,1,1,6,2,38,7,998,1,1,10,1