Accident_Index,Vehicle_Reference,Vehicle_Type,Towing_and_Articulation,Vehicle_Manoeuvre,Vehicle_Location-Restricted_Lane,Junction_Location,Skidding_and_Overturning,Hit_Object_in_Carriageway,Vehicle_Leaving_Carriageway,Hit_Object_off_Carriageway,1st_Point_of_Impact,Was_Vehicle_Left_Hand_Drive?,Journey_Purpose_of_Driver,Sex_of_Driver,Age_of_Driver,Age_Band_of_Driver,Engine_Capacity_(CC),Propulsion_Code,Age_of_Vehicle,Driver_IMD_Decile,Driver_Home_Area_Type
201406M088817,1,9,0,9,0,8,0,0,0,0,1,1,6,2,19,4,-1,-1,-1,-1,-1
201406M088817,2,9,0,18,0,8,0,0,0,0,1,1,6,2,33,6,-1,-1,-1,-1,-1
201406M088969,1,9,0,9,0,8,0,0,0,0,1,1,6,1,60,9,1905,2,16,-1,-1
201406M088969,2,9,0,18,0,8,0,0,0,0,1,1,2,2,25,5,1596,1,5,3,1
201406M088992,1,9,0,12,0,1,0,0,0,0,1,1,6,1,70,10,1896,2,12,10,1
201406M088992,2,19,0,18,0,1,0,0,0,0,1,1,1,1,54,8,2143,2,4,3,1
201406M088996,1,9,0,18,0,8,0,0,0,0,1,1,1,1,32,6,1896,2,9,-1,1
201406M088996,2,3,0,9,0,8,0,0,0,0,4,1,6,1,25,5,125,1,7,4,1
201406M089001,1,3,0,18,0,8,1,0,0,0,1,1,6,1,24,5,998,1,9,1,1
201406M089001,2,21,1,9,0,5,0,0,0,0,4,1,1,1,54,8,12740,2,2,3,1
201406M089090,1,9,0,18,0,8,0,0,1,1,1,1,1,1,24,5,-1,-1,-1,9,1
201406M089162,1,3,0,18,0,2,1,0,0,0,1,1,6,1,16,4,100,1,12,1,1
201406M089162,2,9,0,2,0,2,0,0,0,0,2,1,6,3,26,6,1598,1,1,3,1
201406M089162,3,9,0,7,0,5,0,0,0,0,0,1,6,1,28,6,1596,1,4,1,1
201406M089198,1,9,0,9,0,8,0,0,1,0,1,1,6,1,43,7,1598,1,12,4,1
201406M089198,2,9,0,18,0,8,0,10,7,1,3,1,6,2,38,7,3628,2,5,-1,-1
201406M089306,1,9,0,18,0,0,0,0,0,0,4,1,6,3,-1,-1,-1,-1,-1,-1,-1
201406M089306,2,1,0,18,0,0,0,10,1,10,1,1,3,1,15,3,-1,-1,-1,3,1
201406M089324,1,9,0,18,0,4,1,0,0,0,1,1,6,3,-1,-1,1388,1,3,-1,-1
201406M089324,2,9,0,18,0,4,0,0,0,0,2,1,1,1,30,6,-1,-1,-1,3,1
201406M089328,1,9,0,9,0,8,0,0,0,0,4,1,6,1,26,6,1242,1,2,-1,1
201406M089328,2,9,0,18,0,8,0,0,0,0,2,1,6,2,30,6,3471,1,7,2,1
201406M089344,1,9,0,9,0,8,0,0,0,0,1,1,6,1,63,9,1198,1,11,6,3
201406M089344,2,8,0,18,0,8,0,0,0,0,1,1,1,1,62,9,2402,2,10,-1,-1
201406M089347,1,21,0,12,0,8,0,0,0,0,1,1,1,2,46,8,6693,2,1,5,1
201406M089347,2,9,0,18,0,8,0,0,0,0,4,1,6,1,24,5,-1,-1,-1,1,1
201406M089351,1,9,0,9,0,8,0,0,0,0,1,1,6,2,57,9,1329,1,3,6,3
201406M089351,2,1,0,18,0,8,0,0,0,0,1,1,6,2,40,7,-1,-1,-1,10,1
201406M089358,1,9,0,18,0,2,0,0,0,0,3,1,6,1,20,4,1587,1,12,3,1
201406M089358,2,9,0,6,0,2,0,0,0,0,3,1,6,2,47,8,-1,-1,-1,2,1
201406M089448,1,9,0,7,0,8,0,0,0,0,1,1,6,1,21,5,1598,1,10,3,1
201406M089448,2,1,0,18,0,8,0,0,0,0,1,1,6,1,45,7,-1,-1,-1,1,1
201406M089503,1,9,0,18,0,8,0,0,0,0,1,1,6,1,29,6,-1,-1,-1,1,1
201406M089503,2,19,0,18,0,1,0,0,0,0,0,1,1,1,28,6,-1,-1,-1,-1,-1
201406M089503,3,9,0,9,0,6,0,0,0,0,1,1,1,1,30,6,-1,-1,-1,-1,-1
201406M089596,1,9,0,18,0,2,0,0,0,0,1,1,6,2,46,8,1299,1,14,8,1
201406M089597,1,9,0,13,0,1,0,0,0,0,1,1,6,1,44,7,2685,2,10,10,1
201406M089597,2,11,0,18,0,1,0,0,0,0,1,1,1,1,22,5,-1,-1,-1,-1,3
201406M089597,3,9,0,18,0,1,0,0,0,0,3,1,6,2,42,7,-1,-1,-1,1,1
201406M089728,1,1,0,18,0,0,0,0,0,0,1,1,6,1,15,3,-1,-1,-1,1,1
201406M089728,2,9,0,18,0,0,0,0,0,0,4,1,6,2,28,6,1769,1,10,1,1
201406M089748,1,9,0,9,0,2,0,0,0,0,1,1,6,2,38,7,1339,1,10,6,1
201406M089763,1,1,0,18,4,8,0,0,0,0,1,1,2,1,50,8,-1,-1,-1,1,1
201406M089763,2,9,0,7,0,6,0,0,0,0,3,1,2,1,43,7,-1,-1,-1,7,1
201406M089793,1,9,0,18,0,1,0,0,0,0,1,1,1,2,25,5,1560,2,4,-1,-1
201406M089793,2,9,0,2,0,1,0,0,0,0,2,1,6,1,63,9,-1,-1,-1,8,1
201406M089914,1,9,0,4,0,8,0,0,0,0,1,1,6,1,47,8,1796,1,9,7,1
201406M089914,2,9,0,4,0,8,0,0,0,0,2,1,6,2,51,8,1590,1,11,2,1
201406M089927,1,9,0,5,0,4,0,0,0,0,3,1,6,1,58,9,-1,-1,-1,8,1
201406M089927,2,5,0,5,0,4,0,0,0,0,4,1,6,1,38,7,-1,-1,-1,3,1
201406M089966,1,9,0,1,0,0,0,0,0,0,2,1,6,1,58,9,2099,1,12,8,1
201406M089969,1,9,0,16,0,0,0,0,0,0,1,1,6,1,47,8,1598,1,5,7,1
201406M089969,2,9,0,17,0,0,0,0,0,0,3,1,6,2,63,9,11000,2,20,9,2
201406M090059,1,9,0,7,0,6,0,0,0,0,1,1,1,1,56,9,-1,-1,-1,2,1
201406M090059,2,1,0,17,0,8,0,0,0,0,1,1,2,2,22,5,-1,-1,-1,6,1
201406M090064,1,9,0,3,0,5,0,0,0,0,2,1,6,1,19,4,1598,1,12,10,1
201406M090064,2,1,0,3,0,5,0,0,0,0,1,1,6,2,52,8,-1,-1,-1,8,1
201406M090083,1,9,0,15,0,0,0,0,0,0,1,1,6,2,66,10,1149,1,17,7,3
201406M090083,2,9,0,3,0,0,0,0,0,0,2,1,6,2,49,8,1997,1,9,8,3
201406M090083,3,9,0,3,0,0,0,0,0,0,1,1,6,2,69,10,-1,-1,-1,8,1
201406M090094,1,9,0,18,0,0,0,0,0,0,1,1,6,2,27,6,-1,-1,-1,2,1
201406M090094,2,9,0,3,0,0,0,0,0,0,2,1,6,1,18,4,1198,1,1,4,1
201406M090105,1,21,0,18,0,0,0,0,0,0,1,1,1,1,43,7,12740,2,1,2,1
201406M090116,1,9,0,9,0,8,0,0,0,0,4,1,6,2,84,11,1242,1,4,5,1
201406M090116,2,1,0,18,0,8,0,0,0,0,1,1,6,1,57,9,-1,-1,-1,6,1
201406M090160,1,9,0,18,0,1,0,0,0,0,1,1,6,1,30,6,1988,1,12,-1,-1
201406M090160,2,9,0,3,0,1,0,0,0,0,2,1,6,1,19,4,1796,7,11,9,1
201406M090168,1,9,0,9,0,8,0,0,0,0,1,1,6,2,59,9,1240,1,8,7,1
201406M090168,2,1,0,18,0,8,0,0,0,0,1,1,6,1,50,8,-1,-1,-1,-1,-1
201406M090180,1,9,0,7,0,1,0,0,0,0,3,1,6,3,-1,-1,-1,-1,-1,-1,-1
201406M090194,1,9,0,9,0,8,0,0,0,0,4,1,6,1,22,5,998,1,14,1,1
201406M090194,2,9,0,18,0,8,0,0,0,0,1,1,6,1,23,5,1461,2,-1,4,1
201406M090196,1,9,0,9,0,8,0,0,0,0,1,1,6,2,40,7,1956,2,1,2,1
201406M090196,2,9,0,18,0,8,0,7,0,1,1,1,6,1,39,7,796,1,12,3,1
201406M090224,1,4,0,18,0,1,0,0,0,0,1,1,6,1,51,8,598,1,24,1,1
201406M090224,2,9,0,9,0,1,0,0,0,0,3,1,6,2,49,8,1398,1,-1,9,1
201406M090248,1,9,0,9,0,6,1,10,0,2,1,1,6,1,28,6,1968,2,10,7,1
201406M090283,1,9,0,18,0,8,0,0,0,0,3,1,6,1,88,11,1596,1,10,9,1
201406M090283,2,9,0,18,0,8,0,0,0,0,3,1,6,2,55,8,-1,-1,-1,2,1
201406M090355,1,9,0,9,0,2,0,0,0,0,1,1,2,1,48,8,1794,1,10,3,1
201406M090476,1,9,0,7,0,8,0,0,0,0,4,1,1,1,26,6,1242,1,-1,10,1
201406M090476,2,1,0,18,0,8,0,0,0,0,3,1,1,2,34,6,-1,-1,-1,6,1
201406M090579,1,11,0,18,0,2,0,0,0,0,4,1,1,3,-1,-1,6700,2,5,-1,-1
201406M090579,2,11,0,18,0,1,0,10,0,0,3,1,1,1,44,7,6700,2,3,2,1
201406M090608,1,9,0,18,0,4,0,0,0,0,3,1,1,1,36,7,-1,-1,-1,4,1
201406M090608,2,1,0,18,0,8,0,0,0,0,1,1,6,2,28,6,-1,-1,-1,5,1
201406M090620,1,9,0,18,0,8,0,0,7,4,4,1,1,1,27,6,1910,2,6,1,1
201406M090620,2,9,0,9,0,8,0,0,0,0,3,1,6,2,18,4,1596,1,10,9,1
201406M090647,1,9,0,9,0,8,0,7,0,1,0,1,6,2,77,11,1329,1,2,1,1
201406M090647,2,19,0,18,0,8,0,0,0,0,1,1,1,1,30,6,-1,-1,-1,-1,-1
201406M090771,1,9,0,12,0,0,0,0,0,0,4,1,6,2,43,7,1587,1,9,2,1
201406M090771,2,1,0,18,0,0,0,0,0,0,1,1,2,1,22,5,-1,-1,-1,3,1
201406M090811,1,9,0,18,0,1,0,0,0,0,4,1,2,1,44,7,1986,2,7,6,1
201406M090837,1,9,0,9,0,2,0,4,0,0,1,1,6,1,87,11,1364,1,11,7,1
201406M090837,2,9,0,2,0,2,0,0,0,0,2,1,6,1,44,7,-1,-1,-1,5,1
201406M091024,1,9,0,9,0,6,0,0,0,0,1,1,1,2,43,7,1598,1,11,6,1
201406M091024,2,11,0,18,0,8,0,0,0,0,3,1,1,1,40,7,-1,-1,-1,9,1
201406M091085,1,9,0,18,0,1,0,0,0,0,1,1,6,3,-1,-1,-1,-1,-1,-1,-1
201406M091085,2,1,0,18,0,1,0,0,0,0,1,1,6,2,15,3,-1,-1,-1,1,1
201406M091112,1,8,0,5,0,4,0,0,0,0,1,1,1,1,39,7,1794,1,11,1,1
201406M091112,2,1,0,5,0,8,0,0,0,0,1,1,6,2,54,8,-1,-1,-1,9,2
201406M091173,1,9,0,9,0,6,0,0,0,0,1,1,6,2,61,9,1596,1,11,10,1
201406M091173,2,9,0,17,0,8,0,0,0,0,4,1,6,1,44,7,1285,1,-1,9,1
201406M091224,1,9,0,9,0,6,0,0,0,0,1,1,2,2,29,6,1560,2,1,2,1
201406M091224,2,9,0,18,0,8,0,0,0,0,4,1,3,2,55,8,1598,1,1,3,1
201406M091332,1,9,0,14,0,0,0,4,0,0,3,1,6,1,57,9,1956,2,2,6,1
201406M091332,2,9,0,18,0,0,0,0,0,0,3,1,6,1,23,5,-1,-1,-1,10,1
201406M091332,3,9,0,2,0,0,0,0,0,0,4,1,6,2,80,11,1596,1,6,10,1
201406M091431,1,9,0,18,0,2,0,0,0,0,1,1,2,2,50,8,-1,-1,-1,9,1
201406M091431,2,20,0,2,0,2,0,0,0,0,1,1,1,1,48,8,4461,2,5,-1,-1
201406M091553,1,21,1,18,0,4,0,0,0,0,1,2,1,1,34,6,-1,-1,-1,-1,-1
201406M091553,2,9,0,18,0,4,0,0,0,0,4,1,6,1,44,7,1796,1,5,2,1
201406M091629,1,9,0,18,0,8,0,0,0,0,1,1,6,2,51,8,1390,1,2,5,1
201406M091629,2,9,0,3,0,8,0,0,0,0,2,1,6,1,25,5,1598,2,3,8,1
201406M091648,1,9,0,9,0,5,0,0,0,0,1,1,6,2,67,10,1242,1,12,3,1
201406M091648,2,1,0,18,4,8,0,0,0,0,1,1,2,1,56,9,-1,-1,-1,4,1
201406M091692,1,9,0,13,0,8,0,0,0,0,1,1,6,1,24,5,1364,2,8,9,1
201406M091692,2,9,0,9,0,5,0,0,0,0,4,1,6,2,53,8,2000,2,8,10,1
201406M091695,1,9,0,18,0,1,0,0,0,0,1,1,6,1,18,4,1984,2,2,9,1
201406M091695,2,1,0,12,0,1,0,0,0,0,2,1,6,1,40,7,-1,-1,-1,1,1
201406M091725,1,9,0,9,0,2,0,0,0,0,2,1,2,1,20,4,998,1,9,10,2
201406M091725,2,5,0,17,0,1,0,0,0,0,4,1,6,1,31,6,918,1,16,1,1
201406M091784,1,9,0,18,0,3,0,10,0,1,2,1,6,1,35,6,2967,1,12,9,1
201406M091784,2,9,0,5,0,4,0,0,0,0,3,1,2,2,46,8,-1,-1,-1,8,1
201406M091895,1,9,0,11,0,0,0,0,0,0,4,1,2,2,27,6,1388,1,14,6,1
201406M091895,2,9,0,15,0,0,0,0,0,0,3,1,2,1,52,8,1796,1,5,8,1
201406M091989,1,9,0,18,0,1,0,0,0,0,1,1,6,1,29,6,1896,2,7,5,1
201406M091989,2,9,0,10,0,1,0,0,0,0,2,1,6,1,87,11,1997,2,6,5,1
201406M092020,1,9,0,18,0,1,0,0,0,0,2,1,2,2,38,7,2995,1,7,10,1
201406M092024,1,9,0,9,0,2,0,0,0,0,1,1,2,1,20,4,1598,2,2,7,1
201406M092085,1,9,0,18,0,1,0,0,0,0,1,1,6,2,50,8,1588,1,14,3,1
201406M092085,2,19,0,4,0,1,0,0,0,0,2,1,1,1,20,4,-1,-1,-1,6,1
201406M092085,3,8,0,18,0,1,0,0,0,0,1,1,1,1,44,7,1968,2,1,1,1
201406M092155,1,9,0,18,0,8,1,10,0,0,4,1,6,1,36,7,1397,1,12,6,1
201406M092155,2,9,0,5,0,8,0,0,0,0,1,1,6,2,42,7,-1,-1,-1,9,1
201406M092165,1,19,0,18,0,1,0,0,0,10,1,1,6,1,35,6,1560,2,2,1,1
201406M092165,2,1,0,18,0,1,0,0,0,0,2,1,6,1,36,7,-1,-1,-1,9,1
201406M092311,1,9,0,18,0,3,0,0,0,0,4,1,6,1,20,4,998,1,-1,1,1
201406M092311,2,9,0,18,0,4,0,0,0,0,1,1,6,1,35,6,1560,2,-1,3,1
201406M092314,1,9,0,18,0,8,0,0,0,0,1,1,6,1,53,8,998,1,8,7,1
201406M092314,2,1,0,18,0,4,0,0,0,0,2,1,4,1,16,4,-1,-1,-1,5,1
201406M092333,1,9,0,4,0,2,0,10,0,0,1,1,6,2,49,8,1368,1,3,10,2
201406M092342,1,2,0,18,0,8,0,0,0,0,2,1,6,1,17,4,49,1,14,1,1
201406M092342,2,9,0,10,0,8,0,0,0,0,2,1,6,1,26,6,1781,1,12,7,1
201406M092446,1,19,0,2,0,0,0,0,0,0,3,1,6,1,46,8,1995,2,1,7,1
201406M092446,2,19,0,18,0,0,0,0,0,0,4,1,6,1,30,6,2402,2,3,-1,-1
201406M092447,1,9,0,9,0,6,0,0,0,0,1,1,6,1,30,6,-1,-1,-1,-1,-1
201406M092577,1,9,0,4,0,0,0,0,0,0,1,1,1,1,25,5,1242,1,2,2,1
201406M092577,2,9,0,4,0,0,0,0,0,0,2,1,6,2,50,8,-1,-1,-1,9,1
201406M092593,1,9,0,9,0,8,0,0,0,0,1,1,6,2,38,7,-1,-1,-1,10,1
201406M092593,2,8,0,18,0,8,0,0,0,0,4,1,1,1,55,8,2664,2,13,1,1
201406M092594,1,9,0,15,0,8,1,0,0,0,4,1,6,1,38,7,1995,2,7,5,1
201406M092594,2,9,0,17,0,8,1,0,0,0,4,1,6,2,44,7,2143,2,-1,10,1
201406M092608,1,1,0,18,4,8,0,0,0,0,1,1,6,1,65,9,-1,-1,-1,9,1
201406M092608,2,9,0,7,0,5,0,0,0,0,4,1,6,2,23,5,-1,-1,-1,6,1
201406M092723,1,9,0,18,0,1,0,0,0,0,1,1,2,1,24,5,-1,-1,-1,4,1
201406M092723,2,9,0,7,0,8,0,0,0,0,2,1,1,1,40,7,1598,2,3,6,1
201406M092723,3,9,0,9,0,6,0,0,0,0,1,1,1,1,40,7,-1,-1,-1,8,1
201406M092766,1,3,0,16,0,0,0,0,0,0,1,1,6,1,28,6,124,1,12,1,1
201406M092766,2,90,0,17,0,0,0,0,0,0,1,1,6,1,45,7,-1,-1,-1,3,1
201406M092806,1,5,0,18,0,0,0,0,0,0,1,1,6,1,27,6,998,1,6,5,1
201406M092859,1,9,0,9,0,8,0,0,0,0,4,1,1,1,47,8,1781,1,13,7,1
201406M092917,1,9,0,18,0,0,0,0,0,0,1,1,2,1,20,4,1149,1,8,3,1
201406M092917,2,9,0,18,0,0,0,0,0,0,1,1,2,1,59,9,1242,1,11,4,1
201406M092917,3,21,0,18,0,0,0,0,0,0,1,1,1,1,58,9,-1,-1,-1,9,2
201406M092943,1,9,0,9,0,6,0,0,0,0,0,1,2,1,62,9,1991,1,22,9,1
201406M092943,2,3,0,18,0,1,0,0,0,0,0,1,2,1,47,8,125,1,1,7,3
201406M092972,1,9,0,16,0,8,1,0,0,0,1,1,6,1,30,6,1598,2,-1,-1,-1
201406M092972,2,9,0,18,0,8,0,0,1,0,1,1,1,1,48,8,1968,2,10,5,1
201406M093023,1,9,0,7,0,5,0,0,0,0,4,1,6,2,54,8,1596,1,5,3,1
201406M093023,2,1,0,18,0,8,0,0,0,0,1,1,6,1,51,8,-1,-1,-1,3,1
201406M093031,1,9,0,9,0,8,0,0,0,0,1,1,6,1,45,7,1248,2,5,-1,1
201406M093031,2,3,0,18,0,8,5,0,0,0,1,1,6,1,21,5,124,1,3,3,1
201406M093154,1,9,0,1,9,8,0,0,0,0,2,1,2,1,63,9,1999,1,12,8,1
201406M093154,2,1,0,18,9,8,1,0,0,0,4,1,4,1,10,2,-1,-1,-1,-1,-1
201406M093257,1,9,0,9,0,6,0,0,0,0,3,1,2,1,67,10,1398,2,7,7,1
201406M093257,2,5,0,18,0,8,1,0,0,0,1,1,6,1,42,7,-1,-1,-1,1,1
201406M093273,1,9,0,4,0,1,0,0,0,0,1,1,6,1,44,7,1870,2,9,6,1
201406M093273,2,9,0,3,0,1,0,0,0,0,2,1,6,2,24,5,1242,1,14,5,1
201406M093282,1,9,0,18,0,1,0,0,0,0,1,1,6,1,49,8,1198,1,6,9,1
201406M093282,2,9,0,9,0,8,0,0,0,0,0,1,6,3,-1,-1,-1,-1,-1,-1,-1
201406M093353,1,9,0,9,0,8,0,0,0,0,3,1,2,1,50,8,1598,1,5,6,1
201406M093353,2,1,0,18,0,8,0,0,0,0,1,1,2,2,18,4,-1,-1,-1,2,1
201406M093395,1,9,0,11,0,3,0,0,0,0,4,1,6,1,30,6,-1,-1,-1,-1,-1
201406M093395,2,1,0,17,0,8,0,0,0,0,1,1,2,1,24,5,-1,-1,-1,1,1
201406M093558,1,9,0,18,0,8,0,0,0,0,3,1,2,2,47,8,1685,2,1,5,2
201406M093558,2,19,0,9,0,6,0,0,0,0,1,1,1,1,53,8,2402,2,10,3,1
201406M093646,1,9,0,18,0,1,0,0,0,0,1,1,6,2,65,9,1388,1,2,8,1
201406M093766,1,9,0,18,0,0,0,0,0,0,1,1,6,2,44,7,2199,2,1,6,1
201406M093801,1,9,0,18,0,1,0,0,0,0,1,1,2,1,38,7,1910,2,8,3,1
201406M093827,1,9,0,16,0,4,0,0,0,0,0,1,1,3,-1,-1,-1,-1,-1,-1,-1
201406M093827,2,3,0,13,0,4,0,0,0,0,0,1,6,1,22,5,102,1,8,7,1
201406M094018,1,9,0,18,0,8,0,0,0,0,1,1,1,1,33,6,1368,1,9,6,1
201406M094018,2,9,0,18,0,8,0,0,0,0,1,1,6,2,57,9,1598,1,5,3,1
201406M094024,1,9,0,18,0,8,0,0,0,0,1,1,6,1,46,8,2494,2,2,1,1
201406M094024,2,9,0,4,0,8,0,0,0,0,2,1,1,1,50,8,1242,1,2,7,1
201406M094024,3,9,0,10,0,8,0,0,0,0,0,1,6,1,77,11,-1,-1,-1,10,1
201406M094141,1,9,0,16,0,1,0,0,7,10,1,1,6,1,37,7,1299,1,13,10,1
201406M094211,1,9,0,9,0,8,0,0,0,0,0,1,2,1,45,7,1242,1,13,3,1
201406M094211,2,1,0,18,0,8,0,0,0,0,0,1,2,2,23,5,-1,-1,-1,2,1
201406M094228,1,9,0,18,0,6,0,0,0,0,1,1,6,1,30,6,-1,-1,-1,-1,-1
201406M094228,2,1,0,18,0,8,0,0,0,0,2,1,6,1,12,3,-1,-1,-1,4,1
201406M094246,1,9,0,9,0,8,0,0,0,0,4,1,6,1,20,4,1229,1,9,9,1
201406M094246,2,9,0,18,0,8,0,0,0,0,1,1,6,1,21,5,-1,-1,-1,1,1
201406M094287,1,9,0,5,0,8,0,0,0,0,1,1,6,3,-1,-1,-1,-1,-1,-1,-1
201406M094287,2,1,0,18,0,8,0,0,0,0,1,1,6,1,38,7,-1,-1,-1,-1,-1
201406M094304,1,9,0,4,0,0,0,0,0,0,2,1,2,2,45,7,1995,2,-1,8,1
201406M094304,2,9,0,4,0,0,0,0,0,0,1,1,6,1,82,11,1598,2,1,9,1
201406M094304,3,9,0,4,0,0,0,0,0,0,2,1,6,3,-1,-1,1399,1,3,-1,-1
201406M094348,1,9,0,18,0,1,0,0,0,0,3,1,6,1,34,6,1781,1,15,9,1
201406M094348,2,9,0,10,0,1,0,0,0,0,4,1,1,2,31,6,998,1,5,4,1
201406M094370,1,9,0,9,0,8,0,0,0,0,1,1,6,1,30,6,1896,2,12,3,1
201406M094370,2,4,0,18,0,8,0,0,0,0,1,1,2,2,30,6,102,1,8,-1,-1
201406M094381,1,9,0,5,0,1,0,0,0,0,1,1,6,2,77,11,1339,1,9,10,1
201406M094381,2,1,0,18,0,1,0,0,0,0,1,1,6,1,33,6,-1,-1,-1,5,1
201406M094419,1,9,0,18,0,4,0,0,0,0,1,1,6,2,72,10,1299,1,9,8,3
201406M094419,2,9,0,18,0,4,0,0,1,0,4,1,6,2,57,9,-1,-1,-1,3,1
201406M094422,1,9,0,9,0,2,0,0,0,0,1,1,6,1,79,11,998,1,5,9,1
201406M094443,1,9,0,18,0,1,0,0,0,0,1,1,6,2,48,8,1998,1,11,10,1
201406M094510,1,9,0,4,0,0,0,0,0,0,3,1,2,1,22,5,1598,1,2,1,1
201406M094514,1,9,0,18,0,8,0,0,0,0,1,1,6,1,29,6,1896,2,10,7,1
201406M094517,1,9,0,9,0,8,0,0,0,0,1,1,3,1,48,8,2993,2,3,-1,-1
201406M094522,1,9,0,18,0,8,0,0,0,0,4,1,6,1,40,7,1686,2,1,6,1
201406M094522,2,1,0,18,0,8,0,0,0,0,1,1,6,1,26,6,-1,-1,-1,8,1
201406M094666,1,9,0,18,0,0,0,0,0,0,1,1,6,2,30,6,1896,2,8,-1,-1
201406M094722,1,9,0,18,0,2,0,0,0,0,1,1,1,1,48,8,-1,-1,-1,4,1
201406M094722,2,9,0,18,0,1,0,0,0,0,4,1,2,1,48,8,1598,2,3,9,1
201406M094743,1,9,0,18,0,8,0,0,0,0,1,1,1,1,43,7,-1,-1,-1,2,1
201406M094743,2,9,0,18,0,8,0,0,0,0,1,1,2,1,49,8,2148,2,6,10,1
201406M094743,3,9,0,18,0,8,0,0,0,0,1,1,2,1,57,9,2198,2,8,6,1
201406M094743,4,9,0,2,0,8,0,0,0,0,3,1,6,3,43,7,1598,1,9,6,1
201406M094750,1,9,0,9,0,6,0,0,0,0,3,1,1,2,30,6,2143,2,4,10,1
201406M094750,2,1,0,18,4,8,0,0,0,0,1,1,1,2,29,6,-1,-1,-1,-1,1
201406M094755,1,9,0,18,0,0,0,0,1,10,4,1,2,2,29,6,1598,1,13,-1,-1
201406M094755,2,9,0,2,0,0,0,0,0,0,3,1,6,3,-1,-1,1198,1,3,-1,-1
201406M094814,1,9,0,18,0,8,0,0,0,0,1,1,6,3,-1,-1,-1,-1,-1,-1,-1
201406M094814,2,1,0,9,0,8,0,0,0,0,1,1,1,2,34,6,-1,-1,-1,4,1
201406M094851,1,9,0,18,0,8,0,0,7,4,1,1,6,2,30,6,1598,1,12,10,1
201406M094861,1,9,0,18,0,1,0,0,0,0,4,1,6,2,66,10,795,1,12,8,1
201406M094861,2,9,0,2,0,1,0,0,0,0,3,1,6,1,40,7,-1,-1,-1,1,1
201406M094910,1,1,0,15,0,0,0,0,0,0,1,1,2,1,30,6,-1,-1,-1,-1,-1
201406M094910,2,9,0,3,0,0,0,0,0,0,2,1,2,2,51,8,1995,2,4,3,1
201406M095005,1,19,0,7,0,1,0,0,0,0,1,1,1,1,39,7,2446,2,14,3,1
201406M095064,1,9,0,9,0,8,0,0,0,0,4,1,6,2,58,9,1495,1,7,3,1
201406M095064,2,1,0,18,0,8,0,0,0,0,1,1,6,1,24,5,-1,-1,-1,1,1
201406M095086,1,9,0,18,0,0,0,0,0,0,3,1,6,1,35,6,1796,1,-1,-1,-1
201406M095098,1,9,0,7,0,8,0,0,0,0,3,1,6,1,39,7,1998,1,10,-1,1
201406M095098,2,9,0,10,0,8,0,0,0,0,3,1,6,1,45,7,1988,2,10,7,1
201406M095107,1,9,0,1,0,0,0,0,0,0,2,1,6,2,77,11,998,1,13,4,1
201406M095107,2,9,0,2,0,0,0,0,0,0,2,1,6,2,44,7,-1,-1,-1,4,1
201406M095107,3,9,0,2,0,0,0,0,0,0,1,1,6,2,70,10,1198,1,10,4,1
201406M095205,1,9,0,18,0,8,0,0,0,0,4,1,6,1,62,9,2967,2,4,10,1
201406M095252,1,9,0,9,0,8,0,0,0,0,1,1,6,1,25,5,1598,2,2,6,2
201406M095252,2,9,0,18,0,8,0,0,0,0,1,1,6,1,58,9,1598,1,8,10,1
201406M095311,1,8,0,18,0,0,0,0,0,0,1,1,1,1,51,8,-1,-1,-1,1,1
201406M096738,1,9,0,5,0,8,0,0,0,0,1,1,1,1,49,8,-1,-1,-1,1,1
201406M096738,2,1,0,18,0,8,0,0,0,0,1,1,6,1,42,7,-1,-1,-1,-1,-1
201406ME85182,1,9,0,9,0,8,0,0,0,0,4,1,6,2,24,5,1124,1,9,9,2
201406ME85182,2,9,0,17,0,8,0,0,0,0,1,1,6,1,37,7,1999,2,7,4,1
201406ME88371,1,1,0,13,0,0,0,0,0,0,4,1,2,1,45,7,-1,-1,-1,5,1
201406ME88371,2,9,0,18,0,0,0,0,0,0,3,1,2,2,51,8,1798,1,2,4,1
201406ME89271,1,9,0,18,0,2,0,0,0,0,1,1,6,1,33,6,1242,1,11,5,1
201406ME89271,2,9,0,4,0,2,0,0,0,0,2,1,6,1,47,8,-1,-1,-1,3,1
201406ME90389,1,9,0,18,0,6,0,0,0,0,1,1,6,1,56,9,1999,1,5,3,1
201406ME90389,2,8,0,18,0,8,0,0,0,0,0,1,6,1,41,7,2499,2,5,2,1
201406N081506,1,9,0,9,0,8,0,0,0,0,1,1,6,2,31,6,1388,1,4,1,1
201406N081506,2,9,0,18,0,2,0,0,0,0,2,1,6,1,28,6,1995,2,7,5,1
201406N081531,1,9,0,18,0,0,0,0,1,2,1,1,6,2,58,9,1240,1,4,2,3
201406N081582,1,9,0,13,0,8,2,0,7,0,1,1,6,1,20,4,1798,1,6,2,1
201406N081582,2,9,0,9,0,5,0,0,0,0,3,1,6,1,20,4,1364,1,5,9,1
201406N082292,1,9,0,9,0,6,0,0,0,0,1,1,6,2,47,8,1596,1,-1,7,1
201406N082292,2,9,0,18,0,1,0,0,0,0,1,1,6,2,55,8,1598,1,12,-1,-1