Accident_Index,Vehicle_Reference,Vehicle_Type,Towing_and_Articulation,Vehicle_Manoeuvre,Vehicle_Location-Restricted_Lane,Junction_Location,Skidding_and_Overturning,Hit_Object_in_Carriageway,Vehicle_Leaving_Carriageway,Hit_Object_off_Carriageway,1st_Point_of_Impact,Was_Vehicle_Left_Hand_Drive?,Journey_Purpose_of_Driver,Sex_of_Driver,Age_of_Driver,Age_Band_of_Driver,Engine_Capacity_(CC),Propulsion_Code,Age_of_Vehicle,Driver_IMD_Decile,Driver_Home_Area_Type
201406N082321,1,9,0,18,0,0,0,0,1,0,4,1,6,2,48,8,1596,1,2,4,1
201406N082321,2,9,0,2,9,0,0,0,0,0,4,1,6,3,-1,-1,1389,1,19,2,1
201406N082325,1,9,0,18,0,0,0,0,0,0,4,1,6,1,30,6,1349,1,1,6,1
201406N082325,2,9,0,2,0,0,0,0,0,0,3,1,6,2,59,9,2143,2,1,4,1
201406N082349,1,9,0,18,0,8,0,0,0,0,3,1,6,1,25,5,-1,-1,-1,5,1
201406N082349,2,9,0,9,0,8,0,0,0,0,1,1,1,2,29,6,1197,1,1,4,1
201406N082492,1,9,0,16,0,8,0,0,0,0,3,1,6,1,24,5,1398,1,3,3,1
201406N082492,2,9,0,10,0,8,0,0,0,0,1,1,6,1,63,9,1587,1,17,1,1
201406N082549,1,9,0,9,0,8,0,0,0,0,1,1,1,1,38,7,-1,-1,-1,1,1
201406N082549,2,9,0,18,0,8,0,0,0,0,1,1,6,2,57,9,-1,-1,-1,10,1
201406N082660,1,9,0,10,0,8,0,0,0,0,4,1,6,1,36,7,-1,-1,-1,3,1
201406N082660,2,9,0,18,0,8,0,0,0,0,1,1,2,1,28,6,1360,1,9,8,1
201406N082660,3,9,0,18,0,8,0,0,0,0,0,1,2,1,24,5,1198,1,1,8,1
201406N082742,1,19,0,5,0,0,0,0,0,0,3,1,6,1,39,7,2402,2,3,3,1
201406N082742,2,9,0,18,0,0,0,0,0,0,4,1,6,2,19,4,998,1,3,8,3
201406N082742,3,9,0,2,0,0,0,0,0,0,3,1,6,2,36,7,1398,1,4,4,1
201406N082744,1,8,0,9,0,8,0,0,0,0,3,1,1,1,67,10,1198,1,6,9,1
201406N082744,2,1,0,18,0,4,0,0,0,0,1,1,2,1,40,7,-1,-1,-1,-1,-1
201406N082826,1,9,0,7,2,8,0,0,0,0,2,1,6,1,30,6,-1,-1,-1,-1,-1
201406N082826,2,1,0,18,2,8,0,0,0,0,1,1,6,1,55,8,-1,-1,-1,8,1
201406N082829,1,9,0,7,0,8,0,0,0,0,0,1,2,2,54,8,1386,1,7,-1,-1
201406N082829,2,1,0,18,0,8,5,0,0,0,1,1,2,1,37,7,-1,-1,-1,7,1
201406N082850,1,9,0,9,0,8,0,0,0,0,1,1,6,1,56,9,2183,2,2,5,1
201406N083043,1,8,0,9,0,8,0,0,0,0,4,1,1,1,47,8,1995,2,8,3,1
201406N083043,2,9,0,18,0,8,0,0,0,0,1,1,6,1,45,7,1398,2,1,6,1
201406N083298,1,9,0,18,0,1,0,0,0,0,1,1,6,1,55,8,1956,2,4,4,1
201406N083298,2,9,0,18,0,1,0,0,0,0,2,1,6,1,48,8,1796,1,9,5,1
201406N083298,3,9,0,18,0,1,0,0,0,0,2,1,6,2,20,4,1149,1,12,4,1
201406N083298,4,9,0,18,0,1,0,0,0,0,2,1,6,2,55,8,1997,2,7,7,1
201406N083338,1,9,0,13,0,2,0,0,0,0,1,1,6,1,25,5,1596,1,11,1,1
201406N083338,2,9,0,18,0,1,0,0,0,0,1,1,6,2,56,9,1242,1,1,4,1
201406N083338,3,9,0,18,0,1,0,0,0,0,1,1,6,1,71,10,-1,-1,-1,1,1
201406N083400,1,9,0,13,0,1,2,10,1,10,4,1,6,1,48,8,1598,1,4,1,1
201406N083400,2,9,0,18,0,1,0,0,0,0,3,1,6,1,39,7,1999,1,5,2,1
201406N083464,1,9,0,9,0,5,0,0,0,0,1,1,6,1,23,5,1997,2,6,9,1
201406N083464,2,1,0,18,0,1,0,0,0,0,1,1,6,1,16,4,-1,-1,-1,-1,-1
201406N083587,1,9,0,18,0,8,5,0,6,1,4,1,1,1,17,4,998,1,5,9,1
201406N083587,2,21,0,12,0,8,0,0,0,0,2,1,1,1,29,6,5900,2,7,5,1
201406N083591,1,4,0,18,0,2,0,0,0,0,1,1,1,1,16,4,-1,-1,-1,6,1
201406N083591,2,19,0,2,0,8,0,0,0,0,4,1,6,3,-1,-1,1753,2,8,-1,-1
201406N083700,1,9,0,14,0,0,0,0,0,0,4,1,6,1,30,6,1398,1,3,8,1
201406N083706,1,9,0,7,0,6,0,0,3,10,1,1,6,1,78,11,-1,-1,-1,8,3
201406N083706,2,9,0,18,0,8,0,0,0,0,1,1,6,2,25,5,-1,-1,-1,8,1
201406N083707,1,1,0,9,0,1,0,0,0,0,1,1,6,1,23,5,-1,-1,-1,2,1
201406N083707,2,9,0,18,0,1,0,0,0,0,4,1,6,1,41,7,1968,2,8,2,1
201406N083746,1,4,0,18,0,0,2,0,0,0,1,1,6,1,18,4,124,1,3,3,1
201406N083746,2,8,0,18,0,0,0,0,0,0,2,1,6,2,66,10,999,1,2,5,1
201406N084084,1,9,0,15,0,8,0,0,0,0,1,1,6,2,57,9,2979,1,2,3,1
201406N084084,2,9,0,10,0,8,0,0,0,0,2,1,6,2,44,7,1242,1,14,9,1
201406N084119,1,9,0,9,0,5,0,0,0,0,1,1,6,1,71,10,1598,1,3,8,1
201406N084119,2,2,0,18,0,8,0,0,0,0,1,1,6,1,27,6,49,1,11,2,1
201406N084229,1,11,0,18,0,1,0,0,0,0,0,1,1,1,53,8,7300,2,1,9,1
201406N084315,1,20,0,18,0,1,0,0,0,0,1,1,6,2,56,9,5861,2,15,5,1
201406N084500,1,9,0,7,0,5,0,0,0,0,4,1,6,1,21,5,1591,1,-1,4,1
201406N084500,2,1,0,18,4,8,0,0,0,0,1,1,6,1,28,6,-1,-1,-1,2,1
201406N084893,1,9,0,18,0,0,0,0,0,0,1,1,6,1,58,9,-1,-1,-1,3,1
201406N084893,2,9,0,18,0,0,0,0,0,0,3,1,6,1,52,8,1956,2,2,2,1
201406N084893,3,9,0,2,0,0,0,0,0,0,1,1,6,1,30,6,1997,2,9,-1,-1
201406N084893,4,9,0,2,0,0,0,0,0,0,2,1,6,3,-1,-1,1796,1,9,-1,-1
201406N084966,1,9,0,14,0,8,0,0,0,0,1,1,6,1,24,5,1984,1,1,6,1
201406N084969,1,8,0,4,0,1,0,0,0,0,3,1,6,1,57,9,1596,1,3,6,1
201406N084969,2,1,0,18,0,8,0,0,0,0,1,1,6,1,19,4,-1,-1,-1,8,1
201406N085068,1,9,0,9,0,8,0,0,0,0,1,1,6,2,39,7,1668,1,8,4,1
201406N085068,2,9,0,18,0,8,0,0,0,0,1,1,6,1,82,11,1329,1,5,7,1
201406N085307,1,9,0,6,0,1,0,0,0,0,4,1,1,1,31,6,1998,2,8,3,1
201406N085307,2,1,0,18,0,1,0,0,0,0,1,1,6,1,63,9,-1,-1,-1,2,1
201406N085360,1,9,0,18,0,0,0,0,0,0,1,1,6,1,36,7,-1,-1,-1,1,1
201406N085360,2,9,0,3,0,0,0,0,0,0,2,1,1,1,53,8,1229,1,1,-1,-1
201406N085360,3,9,0,3,0,0,0,0,0,0,2,1,1,2,35,6,1968,2,2,5,1
201406N085360,4,9,0,3,0,0,0,0,0,0,2,1,1,1,67,10,1560,2,4,7,1
201406N085360,5,9,0,18,0,0,0,0,0,0,2,1,6,2,27,6,-1,-1,-1,4,1
201406N085360,6,9,0,18,0,0,0,0,0,0,1,1,6,2,50,8,1124,1,11,1,1
201406N085360,7,9,0,18,0,0,0,0,0,0,3,1,1,1,62,9,-1,-1,-1,-1,-1
201406N085360,8,9,0,18,0,0,0,0,0,0,0,1,6,1,30,6,1248,2,5,-1,-1
201406N085362,1,9,0,4,0,1,0,0,0,0,1,1,6,1,21,5,1242,1,10,-1,-1
201406N085362,2,9,0,4,0,1,0,0,0,0,2,1,6,1,60,9,-1,-1,-1,8,1
201406N085430,1,9,0,18,0,0,0,0,1,4,1,1,6,1,57,9,-1,-1,-1,2,1
201406N085460,1,9,0,16,0,0,0,0,0,0,1,1,6,1,48,8,2198,1,9,4,1
201406N085460,2,1,0,18,0,0,0,0,0,0,1,1,6,1,9,2,-1,-1,-1,-1,-1
201406N085463,1,9,0,18,0,8,0,0,0,0,1,1,6,2,30,6,-1,-1,-1,-1,-1
201406N085474,1,9,0,17,0,8,0,0,0,0,1,1,1,1,27,6,1397,1,13,-1,1
201406N085474,2,9,0,9,0,8,0,0,0,0,4,1,6,1,22,5,1595,1,9,4,1
201406N085491,1,19,0,16,0,0,1,0,0,0,3,1,1,1,41,7,-1,-1,-1,1,1
201406N085491,2,9,0,17,0,0,0,0,0,0,3,1,6,2,32,6,1956,2,4,3,1
201406N085525,1,9,0,18,0,0,0,0,0,0,1,1,6,2,49,8,-1,-1,-1,9,1
201406N085552,1,9,0,5,0,4,0,0,0,0,1,1,2,1,39,7,1598,1,4,9,1
201406N085552,2,1,0,9,0,8,0,0,0,0,1,1,2,1,25,5,-1,-1,-1,9,1
201406N085570,1,9,0,5,0,8,0,0,0,1,1,1,6,1,20,4,1242,1,10,1,1
201406N085570,2,19,0,7,0,4,0,0,0,0,1,1,6,1,29,6,2400,2,12,3,1
201406N085664,1,9,0,18,0,2,0,0,0,0,1,1,6,3,-1,-1,-1,-1,-1,-1,-1
201406N085793,1,19,0,9,0,5,0,0,0,0,0,1,1,1,49,8,-1,-1,-1,9,1
201406N085793,2,3,0,13,0,8,0,0,0,0,0,1,6,1,19,4,-1,-1,-1,3,1
201406N085796,1,9,0,13,0,2,0,0,0,0,4,1,6,2,36,7,1242,1,4,6,1
201406N085796,2,1,0,18,0,2,0,0,0,0,3,1,1,1,41,7,-1,-1,-1,3,1
201406N085826,1,9,0,16,0,8,0,0,0,0,4,1,6,1,20,4,1328,1,7,3,1
201406N085826,2,1,0,18,0,8,0,0,0,0,4,1,6,1,7,2,-1,-1,-1,2,1
201406N085892,1,9,0,16,0,1,1,0,0,10,0,1,6,1,31,6,1975,1,14,1,1
201406N086016,1,9,0,18,0,0,0,0,0,0,2,1,6,1,30,6,-1,-1,-1,-1,-1
201406N086016,2,1,0,18,0,0,0,0,0,0,2,1,6,1,22,5,-1,-1,-1,3,1
201406N086026,1,9,0,13,0,8,0,0,0,0,0,1,6,3,-1,-1,-1,-1,-1,-1,-1
201406N086026,2,11,0,18,0,8,0,0,0,0,0,1,1,1,28,6,-1,-1,-1,3,1
201406N086042,1,9,0,3,0,1,0,0,0,0,2,1,6,2,30,6,-1,-1,-1,9,1
201406N086042,2,9,0,18,0,1,0,0,0,0,1,1,6,2,76,11,899,1,15,2,1
201406N086091,1,9,0,16,0,2,0,0,0,0,1,1,6,1,45,7,-1,-1,-1,6,1
201406N086091,2,9,0,9,0,2,0,0,0,0,2,1,6,2,48,8,1390,1,1,6,1
201406N086110,1,9,0,5,0,0,0,0,0,0,0,1,1,1,41,7,1242,1,11,2,1
201406N086110,2,9,0,18,0,0,0,0,1,0,1,1,6,2,24,5,998,1,1,9,1
201406N086110,3,9,0,2,0,0,0,0,0,0,3,1,6,3,31,6,1598,2,2,6,1
201406N086110,4,9,0,2,0,0,0,0,0,0,1,1,6,3,-1,-1,1598,1,7,6,1
201406N086167,1,5,0,18,0,8,0,0,0,0,1,1,6,1,47,8,600,1,15,1,1
201406N086167,2,9,0,9,0,5,0,0,0,0,3,1,6,1,58,9,1242,1,9,1,1
201406N086184,1,3,0,4,0,1,0,0,0,0,1,1,2,1,23,5,-1,-1,-1,8,1
201406N086184,2,9,0,3,0,1,0,0,0,0,3,1,2,1,23,5,-1,-1,-1,4,3
201406N086192,1,9,0,4,0,1,0,0,0,0,1,1,6,1,43,7,2993,2,7,8,1
201406N086192,2,9,0,4,0,1,0,0,0,0,1,1,6,1,43,7,2544,1,14,8,1
201406N086247,1,1,0,18,0,0,0,0,0,0,1,1,6,1,42,7,-1,-1,-1,5,1
201406N086247,2,9,0,2,0,0,0,0,0,0,2,1,6,3,-1,-1,973,1,13,-1,-1
201406N086251,1,9,0,18,0,2,0,0,0,0,3,1,6,1,52,8,-1,-1,-1,-1,-1
201406N086251,2,9,0,7,0,6,0,0,0,0,4,1,6,2,18,4,1124,1,8,7,1
201406N086454,1,9,0,12,0,0,0,0,0,0,1,1,6,1,30,6,-1,-1,-1,-1,-1
201406N086468,1,3,0,13,0,1,0,0,0,0,1,1,2,1,28,6,-1,-1,-1,1,1
201406N086483,1,9,0,9,0,8,0,0,0,0,1,1,6,1,59,9,1229,1,2,6,1
201406N086483,2,9,0,18,0,8,0,0,0,0,1,1,6,1,65,9,1396,1,1,1,1
201406N086722,1,9,0,16,0,0,0,0,0,0,3,1,2,1,35,6,1398,2,11,6,1
201406N086734,1,9,0,9,0,8,0,0,0,0,4,1,6,1,37,7,998,1,15,4,1
201406N086734,2,9,0,18,0,1,0,0,0,0,1,1,6,2,61,9,1794,1,12,6,1
201406N086753,1,1,0,18,4,8,0,0,0,0,1,1,6,1,30,6,-1,-1,-1,1,1
201406N086753,2,9,0,9,0,5,0,0,0,0,4,1,6,1,72,10,-1,-1,-1,3,1
201406N086773,1,9,0,18,0,8,0,0,0,0,4,1,6,1,41,7,1686,2,3,10,1
201406N086773,2,9,0,7,0,6,0,0,0,0,3,1,6,2,45,7,1398,1,2,5,1
201406N086948,1,9,0,7,0,6,0,0,0,0,1,1,6,2,54,8,2687,1,8,3,1
201406N086968,1,8,0,6,0,8,0,0,0,0,1,1,6,1,53,8,-1,-1,-1,-1,-1
201406N086968,2,9,0,18,0,8,1,0,0,0,4,1,6,2,49,8,2993,2,2,2,1
201406N087199,1,9,0,6,0,2,0,0,0,0,3,1,6,1,71,10,1242,1,7,7,1
201406N087199,2,4,0,18,0,2,0,0,0,0,4,1,6,2,39,7,675,1,-1,4,1
201406N087248,1,9,0,5,0,0,0,0,0,0,4,1,6,2,26,6,1599,1,11,2,1
201406N087248,2,8,0,18,0,0,0,0,0,0,3,1,1,1,30,6,-1,-1,-1,-1,-1
201406N087251,1,9,0,18,0,4,0,0,0,0,1,1,6,1,38,7,1984,1,12,5,1
201406N087251,2,1,0,18,0,8,0,0,0,0,4,1,6,1,38,7,-1,-1,-1,5,1
201406N087259,1,9,0,9,0,6,0,0,0,0,1,1,6,1,27,6,1686,2,3,3,1
201406N087259,2,9,0,18,0,8,0,0,0,0,1,1,6,1,43,7,2143,2,2,2,1
201406N087447,1,9,0,5,0,0,0,0,0,0,0,1,6,1,24,5,-1,-1,-1,3,1
201406N087522,1,9,0,18,0,5,0,0,0,0,1,1,1,1,45,7,1686,2,5,3,1
201406N087522,2,1,0,18,4,8,0,0,0,0,1,1,2,1,43,7,-1,-1,-1,7,3
201406N087552,1,19,0,3,0,8,0,0,0,0,4,1,6,1,35,6,1870,2,9,-1,-1
201406N087552,2,90,0,11,0,3,0,0,0,0,3,1,6,1,30,6,1905,2,23,-1,-1
201406N087572,1,9,0,9,0,4,0,0,0,0,2,1,6,1,32,6,1396,1,11,1,1
201406N087572,2,9,0,18,0,8,0,0,0,0,1,1,6,2,53,8,1240,1,9,7,1
201406N087639,1,9,0,18,0,0,0,0,0,0,1,1,6,1,72,10,1796,1,4,2,3
201406N087639,2,9,0,2,0,0,0,0,0,0,3,1,1,1,47,8,-1,-1,-1,9,1
201406N087644,1,9,0,18,0,1,0,0,0,0,0,1,6,2,29,6,1229,1,8,8,1
201406N087700,1,5,0,16,0,0,0,0,7,10,1,1,6,1,28,6,-1,-1,-1,5,1
201406N087700,2,9,0,2,0,0,0,0,0,0,4,1,6,3,-1,-1,1199,1,11,5,1
201406N087876,1,9,0,7,0,2,0,0,0,0,1,1,6,1,36,7,2987,2,5,-1,-1
201406N087876,2,9,0,18,0,2,0,0,0,0,1,1,6,2,31,6,1299,1,12,1,1
201406N087891,1,9,0,9,0,6,0,0,0,0,3,1,6,2,54,8,1339,1,4,2,1
201406N087891,2,9,0,18,0,8,0,0,0,0,1,1,6,1,24,5,-1,-1,-1,8,1
201406N087924,1,11,0,18,0,1,0,0,0,0,0,1,1,1,38,7,7300,2,9,2,1
201406N088078,1,19,0,9,0,6,0,0,0,0,1,1,6,1,35,6,-1,-1,-1,2,1
201406N088078,2,9,0,18,0,8,0,0,0,0,4,1,6,1,36,7,3311,8,9,1,1
201406N088123,1,9,0,16,0,2,0,0,0,0,2,1,6,1,29,6,1997,2,12,1,1
201406N088123,2,21,0,16,0,2,0,0,0,0,1,1,1,1,39,7,-1,-1,-1,2,1
201406N088146,1,9,0,17,0,0,0,0,0,0,1,1,6,1,20,4,1955,2,7,6,1
201406N088146,2,9,0,16,0,0,0,0,0,0,1,1,6,2,32,6,1242,1,13,4,1
201406N088152,1,9,0,18,0,1,0,0,0,0,3,1,6,2,32,6,1796,1,10,2,1
201406N088248,1,5,0,11,0,8,0,0,0,0,1,1,6,1,28,6,-1,-1,-1,2,1
201406N088248,2,1,0,18,0,8,0,0,0,0,2,1,6,1,29,6,-1,-1,-1,-1,-1
201406N088296,1,9,0,18,0,8,0,0,0,0,1,1,6,2,24,5,1749,1,12,7,1
201406N088296,2,9,0,18,0,8,0,0,0,0,2,1,6,1,30,6,1994,2,6,1,1
201406N088708,1,20,0,12,0,2,0,0,0,0,4,1,1,1,20,4,-1,-1,-1,1,1
201406N088708,2,9,0,4,0,2,0,0,0,0,3,1,2,2,22,5,1598,1,3,3,1
201406N088721,1,9,0,18,0,8,0,0,0,0,1,1,6,1,26,6,1497,1,11,2,1
201406N088721,2,9,0,18,0,8,0,7,7,7,1,1,2,2,47,8,1587,1,9,8,1
201406N088771,1,9,0,9,0,8,0,0,0,0,0,1,6,2,19,4,-1,-1,-1,5,1
201406N088771,2,2,0,18,0,8,0,0,0,0,0,1,2,1,49,8,49,1,5,3,1
201406N088815,1,9,0,17,0,0,0,0,1,4,1,1,6,1,19,4,1596,1,10,9,1
201406N088816,1,9,0,18,0,8,0,0,1,1,1,1,6,1,53,8,1796,1,12,4,1
201406N088816,2,19,0,18,0,8,0,0,0,0,1,1,6,2,34,6,-1,-1,-1,5,1
201406N088818,1,9,0,18,0,0,0,0,1,5,1,1,6,1,19,4,998,1,7,3,1
201406N088820,1,9,0,18,0,1,0,0,0,0,4,1,6,1,32,6,1229,1,-1,3,1
201406N088846,1,9,0,18,0,1,0,0,0,0,4,1,6,3,-1,-1,-1,-1,-1,-1,-1
201406N088979,1,9,0,18,0,8,0,0,0,0,4,1,6,1,69,10,1560,2,2,8,1
201406N088979,2,1,0,18,0,8,0,0,0,0,3,1,6,1,46,8,-1,-1,-1,3,1
201406N089086,1,9,0,7,0,8,0,0,0,0,4,1,6,2,30,6,-1,-1,-1,-1,-1
201406N089086,2,1,0,18,0,8,0,0,0,0,1,1,6,1,56,9,-1,-1,-1,3,1
201406N089103,1,9,0,5,0,4,0,0,0,0,3,1,6,2,67,10,1242,1,7,6,1
201406N089103,2,9,0,5,0,4,0,0,0,0,3,1,2,2,63,9,1296,1,8,8,2
201406N089117,1,9,0,9,0,8,0,0,0,0,4,1,6,2,26,6,1364,1,4,3,1
201406N089117,2,1,0,18,0,8,0,0,0,0,1,1,6,2,40,7,-1,-1,-1,-1,-1
201406N089132,1,9,0,5,0,8,0,0,0,0,4,1,2,1,32,6,2378,1,10,5,1
201406N089132,2,9,0,10,0,8,0,0,0,0,3,1,1,1,45,7,1560,2,7,2,1
201406N089295,1,9,0,9,0,4,0,0,0,0,1,1,2,1,34,6,1995,2,2,5,1
201406N089295,2,1,0,18,0,4,0,0,0,0,4,1,2,1,46,8,-1,-1,-1,8,1
201406N089302,1,9,0,18,0,8,0,0,0,0,1,1,6,3,-1,-1,1198,1,1,-1,-1
201406N089302,2,1,0,4,0,8,0,0,0,0,1,1,2,1,40,7,-1,-1,-1,5,1
201406N089327,1,9,4,18,0,0,0,0,0,0,4,1,6,1,22,5,-1,-1,-1,7,1
201406N089327,2,1,0,18,0,0,0,0,0,0,3,1,6,1,41,7,-1,-1,-1,9,1
201406N089355,1,1,0,18,0,8,5,0,0,0,1,1,2,1,49,8,-1,-1,-1,-1,1
201406N089355,2,9,0,9,0,8,0,0,0,0,4,1,2,2,49,8,-1,-1,-1,9,1
201406N089401,1,1,0,18,0,8,0,0,0,0,1,1,1,1,18,4,-1,-1,-1,3,1
201406N089401,2,1,0,18,0,8,0,0,0,0,3,1,6,1,18,4,-1,-1,-1,3,1
201406N089514,1,8,0,16,0,0,0,0,0,0,1,1,1,1,22,5,1910,2,9,2,1
201406N089595,1,9,0,9,0,8,0,0,0,0,4,1,6,1,58,9,998,1,11,2,1
201406N089595,2,5,0,18,0,8,2,0,0,0,1,1,6,1,23,5,1137,1,15,2,1
201406N089703,1,9,0,18,0,0,0,0,0,0,1,1,6,1,72,10,1997,1,12,1,1
201406N089703,2,8,0,18,0,0,0,0,0,0,2,1,2,1,36,7,1598,2,1,4,1
201406N089703,3,19,0,18,0,0,0,0,0,0,2,1,1,1,41,7,1997,2,12,1,1
201406N089712,1,9,0,4,0,1,0,0,0,0,1,1,1,1,46,8,-1,-1,-1,-1,-1
201406N089712,2,9,0,4,0,1,0,0,0,0,2,1,6,1,41,7,-1,-1,-1,-1,-1
201406N089712,3,9,0,4,0,1,0,0,0,0,2,1,6,1,56,9,-1,-1,-1,2,1
201406N089811,1,8,0,5,0,1,0,0,0,0,1,1,1,1,30,6,-1,-1,-1,-1,-1
201406N089823,1,9,0,5,0,3,0,0,0,0,1,1,6,1,25,5,-1,-1,-1,-1,-1
201406N089869,1,9,0,9,0,1,0,0,0,0,1,1,1,1,30,6,1686,2,8,7,1
201406N089869,2,9,0,18,0,1,0,0,0,0,1,1,6,2,32,6,998,1,2,5,1
201406N089894,1,9,0,18,0,0,1,0,0,0,1,1,6,1,54,8,1769,1,15,6,1
201406N089909,1,11,0,5,0,0,0,0,0,0,3,1,1,1,30,6,6370,2,14,-1,-1
201406N089909,2,1,0,18,0,0,0,0,0,0,4,1,6,1,64,9,-1,-1,-1,9,1
201406N089930,1,9,0,9,0,5,0,0,0,0,4,1,6,1,36,7,1995,2,-1,9,1
201406N089949,1,9,0,18,0,8,0,0,0,0,4,1,6,1,18,4,1598,2,1,7,3
201406N089949,2,9,0,11,0,8,0,0,1,1,3,1,6,2,76,11,1198,1,3,9,1
201406N089968,1,9,0,18,0,1,0,7,1,10,1,1,6,1,67,10,1598,1,1,6,1
201406N090012,1,9,0,9,0,1,0,0,0,0,1,1,2,2,28,6,2495,2,10,6,1
201406N090012,2,9,0,18,0,1,0,0,1,10,1,1,6,2,56,9,1493,2,7,6,1
201406N090047,1,9,0,18,0,0,0,0,0,0,1,1,6,1,20,4,1339,1,5,8,1
201406N090047,2,9,0,18,0,0,0,0,0,0,1,1,6,2,60,9,-1,-1,-1,8,3
201406N090057,1,9,0,18,0,0,0,0,0,0,1,1,6,3,-1,-1,-1,-1,-1,-1,-1
201406N090057,2,1,0,18,0,0,0,0,0,0,1,1,6,1,11,3,-1,-1,-1,5,1
201406N090061,1,9,0,18,0,4,0,0,0,0,1,1,6,1,41,7,1596,1,10,5,1
201406N090061,2,9,0,18,0,3,1,10,1,10,2,1,6,1,62,9,1686,2,11,3,1
201406N090066,1,19,0,18,0,1,1,0,0,0,1,1,1,1,58,9,-1,-1,-1,1,1
201406N090066,2,9,0,18,0,1,1,0,0,0,1,1,1,1,27,6,3189,1,9,3,1
201406N090066,3,9,0,4,0,1,0,0,0,0,1,1,1,2,44,7,1769,1,12,-1,-1
201406N090126,1,9,0,18,0,8,0,0,0,0,1,1,6,1,35,6,998,1,14,1,1
201406N090126,2,9,0,18,0,8,0,0,0,0,3,1,6,1,65,9,998,1,7,4,1
201406N090132,1,9,0,7,0,8,0,0,0,0,4,1,6,1,42,7,2685,2,10,6,1
201406N090132,2,1,0,18,4,8,0,0,1,0,1,1,6,1,53,8,-1,-1,-1,4,1
201406N090229,1,9,0,5,0,0,0,0,0,0,4,1,6,2,18,4,998,1,-1,4,1
201406N090233,1,9,0,18,0,8,1,0,0,0,1,1,6,2,30,6,-1,-1,-1,-1,-1
201406N090234,1,9,0,4,0,1,0,0,0,0,1,1,6,1,39,7,1598,1,9,3,1
201406N090343,1,9,0,5,0,1,0,0,0,0,3,1,6,1,60,9,1242,1,8,8,1
201406N090420,1,9,0,4,0,0,0,0,0,0,1,1,6,1,28,6,1229,1,1,4,1
201406N090458,1,9,0,18,0,1,0,0,0,0,1,1,6,1,-1,-1,1598,1,11,-1,-1
201406N090458,2,9,0,3,0,1,0,0,0,0,2,1,6,1,43,7,1995,2,4,2,1
201406N090461,1,8,0,18,0,1,0,0,0,0,1,1,1,1,45,7,1769,1,8,3,1
201406N090461,2,9,0,18,0,1,0,0,0,0,2,1,6,1,79,11,1493,2,10,5,1
201406N090517,1,9,0,18,0,1,0,0,7,0,1,1,6,1,43,7,1360,1,12,2,1
201406N090517,2,9,0,9,0,1,0,0,0,0,3,1,6,1,40,7,1364,1,-1,1,1
201406N090573,1,9,0,9,0,8,0,0,0,0,1,1,1,2,59,9,1390,1,3,9,1
201406N090573,2,9,0,17,0,8,0,0,0,0,4,1,1,2,40,7,1598,1,3,9,1
201406N090626,1,9,0,9,0,1,0,0,3,10,3,1,1,2,37,7,1242,1,5,-1,1
201406N090626,2,19,0,18,0,1,0,0,0,0,1,1,1,1,21,5,1461,2,3,-1,-1
201406N090641,1,9,0,18,0,1,0,0,0,0,1,1,6,1,22,5,1968,2,4,4,1
201406N090641,2,9,0,10,0,1,0,0,0,0,2,1,6,2,44,7,1598,1,10,-1,1
201406N090729,1,9,0,18,0,8,0,0,0,0,4,1,6,3,-1,-1,1242,1,16,-1,-1
201406N090729,2,9,0,18,0,8,0,0,0,0,1,1,6,2,28,6,1995,2,10,4,1
201406N090729,3,9,0,2,0,1,0,0,0,0,1,1,6,2,64,9,998,1,11,2,1
201406N090828,1,9,0,9,0,8,0,0,0,0,2,1,6,2,61,9,1248,2,1,9,1
201406N090828,2,9,0,7,0,5,0,0,0,0,1,1,6,1,33,6,1995,1,12,-1,-1
201406N090857,1,20,0,18,0,1,0,0,0,0,1,1,1,1,27,6,-1,-1,-1,1,1
201406N090857,2,9,0,3,0,1,0,0,0,0,2,1,2,1,36,7,1598,1,5,8,1
201406N090932,1,9,0,7,0,5,0,0,0,0,1,1,1,1,30,6,1598,2,1,6,1
201406N090932,2,1,0,18,0,8,0,0,0,0,1,1,6,1,41,7,-1,-1,-1,1,1
201406N091009,1,9,0,4,0,1,0,0,7,0,2,1,6,2,30,6,-1,-1,-1,1,1
201406N091009,2,9,0,18,0,1,0,0,0,0,1,1,6,2,64,9,998,1,15,10,1
201406N091013,1,9,0,18,0,1,0,0,0,0,1,1,6,1,30,6,1598,1,9,-1,3
201406N091013,2,9,0,3,0,1,0,0,0,0,2,1,6,2,42,7,1598,1,8,9,1
201406N091072,1,9,0,18,0,8,0,0,0,0,4,1,6,3,-1,-1,-1,-1,-1,-1,-1
201406N091072,2,3,0,18,0,8,0,0,0,0,1,1,6,1,29,6,-1,-1,-1,3,1
201406N091080,1,9,0,18,0,2,5,0,0,0,3,1,6,1,71,10,1999,1,1,4,1
201406N091080,2,9,0,18,0,1,0,0,0,0,3,1,6,2,60,9,1360,1,9,4,1
201406N091213,1,9,0,4,0,1,0,0,0,0,1,1,6,1,29,6,-1,-1,-1,4,1
201406N091213,2,9,0,3,0,1,0,0,0,0,2,1,6,1,48,8,1997,2,10,1,1
201406N091219,1,9,0,18,0,8,0,0,2,0,1,1,6,2,18,4,998,1,8,3,1