Accident_Index,Vehicle_Reference,Vehicle_Type,Towing_and_Articulation,Vehicle_Manoeuvre,Vehicle_Location-Restricted_Lane,Junction_Location,Skidding_and_Overturning,Hit_Object_in_Carriageway,Vehicle_Leaving_Carriageway,Hit_Object_off_Carriageway,1st_Point_of_Impact,Was_Vehicle_Left_Hand_Drive?,Journey_Purpose_of_Driver,Sex_of_Driver,Age_of_Driver,Age_Band_of_Driver,Engine_Capacity_(CC),Propulsion_Code,Age_of_Vehicle,Driver_IMD_Decile,Driver_Home_Area_Type
201406Q085412,1,9,0,9,0,8,0,0,0,0,1,1,6,2,43,7,1587,1,10,5,2
201406Q085412,2,9,0,18,0,8,1,0,0,0,1,1,6,1,22,5,1299,1,17,3,1
201406Q085426,1,9,0,18,0,0,0,0,0,0,1,1,6,2,27,6,-1,-1,-1,-1,1
201406Q085444,1,9,0,18,0,0,0,0,0,0,1,1,6,1,36,7,1596,1,11,7,1
201406Q085444,2,9,0,18,0,0,0,0,0,0,1,1,6,2,30,6,1124,1,8,2,1
201406Q085469,1,9,0,7,0,5,0,0,0,0,1,1,6,3,-1,-1,-1,-1,-1,-1,-1
201406Q085469,2,9,0,18,0,1,0,0,0,0,3,1,6,2,38,7,1910,2,13,4,1
201406Q085553,1,9,0,9,0,8,0,0,7,0,3,1,6,2,81,11,1198,1,3,6,1
201406Q085553,2,9,0,13,0,8,0,0,7,4,1,1,1,1,25,5,1968,2,4,7,1
201406Q085611,1,11,0,8,0,1,0,0,0,0,0,1,1,1,50,8,7300,2,9,6,1
201406Q085655,1,9,0,6,0,0,0,0,0,0,1,1,6,1,45,7,1753,2,19,3,1
201406Q085655,2,9,0,18,0,0,0,0,0,0,1,1,6,1,29,6,1968,2,5,8,1
201406Q085655,3,90,0,18,0,0,0,0,0,0,0,1,1,1,41,7,-1,-1,-1,-1,-1
201406Q085698,1,9,0,9,0,8,0,0,0,0,1,1,3,2,34,6,1229,1,1,5,1
201406Q085698,2,9,0,18,0,8,0,0,0,0,3,1,2,2,26,6,1390,1,5,2,1
201406Q085785,1,9,0,18,0,1,0,0,0,0,1,1,6,1,66,10,1598,1,8,1,1
201406Q085981,1,9,0,9,0,6,0,0,0,0,1,1,6,2,57,9,1364,1,5,3,1
201406Q085981,2,5,0,18,0,8,0,0,0,0,1,1,6,1,50,8,955,1,7,4,1
201406Q085987,1,9,0,15,0,8,0,0,0,0,1,1,6,2,27,6,998,1,3,1,1
201406Q085987,2,9,0,10,0,8,0,0,0,0,2,1,6,2,41,7,1598,1,6,7,1
201406Q085987,3,9,0,18,0,1,0,0,0,0,3,1,6,1,30,6,1968,2,4,7,1
201406Q086034,1,19,0,13,0,8,0,7,7,10,3,1,1,1,28,6,1995,2,2,-1,-1
201406Q086034,2,9,0,9,0,8,0,0,0,0,3,1,6,1,54,8,2499,2,10,2,1
201406Q086051,1,19,0,18,0,0,0,0,0,0,3,1,1,1,33,6,2998,2,4,8,2
201406Q086157,1,9,0,7,0,8,0,0,0,0,1,1,6,1,52,8,1086,1,8,2,1
201406Q086157,2,9,0,18,0,8,0,0,0,0,4,1,6,1,32,6,1360,1,7,7,1
201406Q086173,1,9,0,9,0,6,0,0,0,0,1,1,6,1,67,10,1497,8,1,6,1
201406Q086173,2,9,0,18,0,8,0,0,0,0,1,1,6,1,68,10,-1,-1,-1,6,1
201406Q086179,1,9,0,18,0,8,0,0,0,0,1,1,6,1,21,5,998,1,14,4,1
201406Q086179,2,9,0,4,0,8,0,0,0,0,2,1,6,2,31,6,1399,2,5,1,1
201406Q086203,1,9,0,18,0,1,0,0,0,0,1,1,6,2,43,7,1586,1,6,2,1
201406Q086231,1,9,0,16,0,0,1,0,7,10,1,1,6,1,25,5,1599,1,10,-1,-1
201406Q086231,2,9,0,17,0,0,0,0,0,0,1,1,6,2,42,7,-1,-1,-1,7,2
201406Q086239,1,9,0,9,0,8,0,0,0,0,1,1,6,1,55,8,1968,2,5,4,1
201406Q086239,2,9,0,18,0,8,0,0,0,0,1,1,6,2,40,7,1995,2,3,-1,-1
201406Q086248,1,9,0,18,0,0,0,0,0,0,1,1,2,2,44,7,1390,1,2,9,2
201406Q086294,1,9,0,18,0,8,0,0,0,0,4,1,6,1,62,9,-1,-1,-1,2,1
201406Q086294,2,3,0,18,0,8,0,0,0,0,1,1,6,1,51,8,645,1,-1,-1,-1
201406Q086335,1,9,0,14,0,0,0,0,1,10,1,1,6,3,-1,-1,2494,1,8,-1,-1
201406Q086335,2,9,0,2,0,0,0,0,0,0,2,1,6,3,-1,-1,998,1,7,3,1
201406Q086335,3,9,0,2,0,0,0,0,0,0,2,1,6,3,-1,-1,1086,1,8,3,1
201406Q086335,4,9,0,2,0,0,0,0,0,0,3,1,6,3,-1,-1,-1,-1,-1,3,1
201406Q086342,1,9,0,16,0,8,0,0,1,10,4,1,1,1,29,6,1422,2,12,2,1
201406Q086342,2,9,0,18,0,8,0,0,0,0,1,1,1,2,44,7,1975,1,8,5,1
201406Q086397,1,9,0,18,0,0,0,7,0,0,1,1,6,1,25,5,999,1,12,4,1
201406Q086397,2,9,0,18,0,0,0,7,0,0,1,1,6,2,47,8,1560,2,9,4,1
201406Q086517,1,9,0,7,0,6,0,0,0,0,1,1,6,1,65,9,1834,1,14,-1,1
201406Q086519,1,9,0,18,0,0,0,0,0,0,4,1,6,1,27,6,1490,1,7,7,1
201406Q086587,1,9,0,4,0,0,0,0,0,0,1,1,3,1,36,7,1360,1,10,4,1
201406Q086686,1,11,0,4,0,2,0,0,0,0,0,1,1,1,60,9,-1,-1,-1,1,1
201406Q086789,1,4,0,18,0,1,0,0,1,10,1,1,6,1,32,6,599,1,11,5,1
201406Q086806,1,9,0,18,0,8,0,0,0,0,1,1,6,1,18,4,973,1,12,2,1
201406Q086921,1,9,0,3,0,0,0,0,1,0,1,1,6,1,30,6,1896,2,4,-1,-1
201406Q086921,2,9,0,3,0,0,0,0,0,0,1,1,6,1,67,10,1997,2,11,3,1
201406Q086958,1,9,0,18,0,0,0,0,0,0,1,1,2,1,34,6,1242,1,15,2,1
201406Q086958,2,21,1,18,0,0,0,0,0,0,1,1,1,1,46,8,10837,2,1,5,1
201406Q086958,3,5,0,18,0,0,0,0,0,0,1,1,6,1,55,8,998,1,25,3,1
201406Q086963,1,9,0,5,0,8,0,0,0,0,1,1,6,1,27,6,-1,-1,-1,-1,1
201406Q086963,2,9,0,18,0,8,0,0,7,0,4,1,6,1,39,7,1973,1,14,1,1
201406Q086969,1,9,0,9,0,1,0,0,0,0,1,1,6,1,35,6,-1,-1,-1,-1,1
201406Q086975,1,9,0,9,0,8,0,0,0,0,1,1,6,1,25,5,1332,1,16,2,1
201406Q086975,2,9,0,18,0,8,0,0,0,0,3,1,6,1,33,6,1686,2,9,1,1
201406Q086978,1,19,0,9,0,8,0,0,0,0,3,1,1,1,42,7,-1,-1,-1,1,1
201406Q086978,2,9,0,2,9,1,0,0,0,0,0,1,6,1,39,7,2720,2,9,-1,-1
201406Q086989,1,9,0,18,0,1,0,0,3,10,1,1,6,2,45,7,2688,2,13,3,1
201406Q086989,2,9,0,5,0,1,0,0,0,0,2,1,6,2,45,7,1242,1,1,8,1
201406Q087018,1,9,0,18,0,0,0,0,0,0,1,1,6,3,-1,-1,-1,-1,-1,-1,-1
201406Q087018,2,9,0,18,0,0,0,0,0,0,2,1,6,2,48,8,1199,1,12,4,1
201406Q087018,3,8,0,3,0,0,0,0,0,0,2,1,1,1,35,6,1968,2,5,1,1
201406Q087092,1,9,0,5,8,2,0,0,0,0,3,1,6,2,30,6,1242,1,11,-1,-1
201406Q087092,2,11,0,18,0,2,0,0,0,0,4,1,1,1,36,7,6370,2,14,1,1
201406Q087141,1,9,0,9,0,5,0,0,0,0,1,1,6,2,34,6,-1,-1,-1,6,1
201406Q087141,2,9,0,18,0,8,5,0,0,0,3,1,2,1,39,7,-1,-1,-1,2,1
201406Q087147,1,1,0,18,0,8,0,0,0,0,1,1,1,2,30,6,-1,-1,-1,1,1
201406Q087147,2,9,0,18,0,8,0,0,0,0,4,1,6,2,33,6,1149,1,1,1,1
201406Q087227,1,9,0,18,2,8,0,0,0,0,1,1,6,1,27,6,1994,1,11,9,1
201406Q087227,2,9,0,7,0,5,0,0,0,0,2,1,6,1,38,7,-1,-1,-1,-1,2
201406Q087274,1,8,0,18,0,2,0,0,0,0,1,1,1,1,43,7,-1,-1,-1,2,1
201406Q087281,1,9,0,1,0,2,0,0,0,0,4,1,6,1,30,6,1910,2,8,1,1
201406Q087281,2,9,0,18,0,2,0,0,0,0,3,1,1,1,44,7,1248,2,5,-1,-1
201406Q087311,1,21,1,3,0,6,0,0,0,0,1,1,1,1,66,10,15500,2,28,8,1
201406Q087311,2,11,0,18,0,8,0,0,0,0,4,1,1,1,63,9,4250,2,6,1,1
201406Q087400,1,9,0,18,0,0,0,0,0,0,1,1,6,1,30,6,1796,1,9,8,1
201406Q087525,1,9,0,18,0,0,0,0,0,0,2,1,6,1,36,7,1796,1,15,-1,-1
201406Q087525,2,9,0,18,0,0,0,0,0,0,1,1,6,2,26,6,-1,-1,-1,-1,1
201406Q087538,1,9,0,18,0,0,0,0,0,0,1,1,6,3,-1,-1,1390,1,11,-1,-1
201406Q087538,2,9,0,4,0,0,0,0,0,0,2,1,6,1,68,10,2987,2,7,8,1
201406Q087585,1,1,0,18,9,0,0,0,0,0,1,1,6,1,30,6,-1,-1,-1,-1,-1
201406Q087612,1,9,0,11,0,2,0,0,0,0,0,1,6,2,30,6,-1,-1,-1,-1,-1
201406Q087612,2,3,0,18,0,2,0,0,0,0,0,1,1,1,26,6,-1,-1,-1,1,1
201406Q087614,1,9,0,9,0,4,0,0,0,0,3,1,2,1,35,6,1995,2,3,-1,-1
201406Q087614,2,1,0,18,0,4,0,0,0,0,1,1,2,1,39,7,-1,-1,-1,3,1
201406Q087624,1,9,0,18,0,1,0,0,0,0,3,1,6,2,26,6,1995,2,1,2,1
201406Q087635,1,9,0,17,0,0,0,0,0,0,1,1,6,2,18,4,1242,1,11,1,1
201406Q087635,2,9,0,2,0,0,0,0,0,0,3,1,6,3,-1,-1,1997,2,10,2,1
201406Q087635,3,9,0,2,0,0,0,0,0,0,2,1,6,3,-1,-1,1124,1,9,2,1
201406Q087652,1,9,0,18,0,8,0,0,0,0,3,1,6,2,21,5,1598,1,9,-1,1
201406Q087652,2,8,0,18,0,8,0,0,7,0,1,1,1,1,53,8,2148,2,4,1,1
201406Q087653,1,9,0,18,0,0,0,0,0,0,3,1,6,3,-1,-1,1686,2,3,-1,-1
201406Q087671,1,9,0,9,0,5,0,0,0,0,4,1,1,1,35,6,1396,1,10,-1,-1
201406Q087671,2,1,0,18,0,8,0,0,0,0,1,1,6,1,40,7,-1,-1,-1,-1,-1
201406Q087675,1,9,0,18,0,0,0,0,0,0,4,1,6,2,33,6,1995,2,9,1,1
201406Q087685,1,9,0,18,0,2,0,0,0,0,1,1,2,2,41,7,1299,1,13,2,1
201406Q087823,1,9,0,18,0,0,0,0,0,0,1,1,6,3,-1,-1,-1,-1,-1,-1,-1
201406Q087823,2,9,0,18,0,0,0,0,0,0,1,1,6,1,37,7,1598,1,13,3,1
201406Q087862,1,9,0,1,0,0,0,0,0,0,2,1,1,1,30,6,-1,-1,-1,-1,-1
201406Q087932,1,9,0,18,0,8,0,0,3,1,1,1,6,2,42,7,1242,1,1,1,1
201406Q087932,2,9,0,18,0,8,0,0,0,0,1,1,6,1,45,7,998,1,3,2,1
201406Q087962,1,8,0,7,0,5,0,0,0,0,4,1,1,1,35,6,1686,2,5,2,1
201406Q087962,2,1,0,18,0,1,0,0,0,0,3,1,2,1,49,8,-1,-1,-1,5,1
201406Q088000,1,9,0,9,0,6,0,0,0,0,3,1,6,2,36,7,1796,1,11,4,1
201406Q088125,1,8,0,17,0,0,0,0,0,0,1,1,1,1,34,6,1998,2,6,2,1
201406Q088212,1,9,0,7,0,8,0,0,0,0,1,1,6,1,30,6,-1,-1,-1,-1,-1
201406Q088212,2,9,0,18,0,8,0,0,0,0,3,1,6,1,27,6,1339,1,4,1,1
201406Q088231,1,11,0,7,0,8,0,0,0,0,0,1,1,1,47,8,7300,2,12,1,1
201406Q088246,1,9,0,18,0,8,0,0,0,1,1,1,6,2,47,8,1296,1,6,1,1
201406Q088250,1,9,0,2,6,0,0,0,0,0,1,1,6,1,83,11,2143,2,4,5,1
201406Q088250,2,9,0,2,6,0,0,0,0,0,2,1,6,1,50,8,1991,2,5,8,1
201406Q088253,1,9,0,7,0,6,0,0,0,0,1,1,6,2,20,4,1240,1,7,5,1
201406Q088253,2,5,0,18,0,8,0,0,0,0,4,1,6,1,22,5,599,1,17,2,1
201406Q088271,1,9,0,18,0,0,0,0,0,0,1,1,6,1,19,4,1149,1,5,-1,1
201406Q088286,1,9,0,1,0,2,0,0,0,0,2,1,6,3,-1,-1,-1,-1,-1,-1,-1
201406Q088332,1,9,0,5,0,2,0,0,0,0,1,1,6,3,-1,-1,-1,-1,-1,-1,-1
201406Q088333,1,3,0,18,0,0,0,0,0,0,1,1,2,1,44,7,-1,-1,-1,1,1
201406Q088333,2,21,0,18,0,0,0,0,0,0,3,1,1,1,61,9,12419,2,3,2,1
201406Q088365,1,9,0,7,4,5,0,0,0,0,4,1,6,1,41,7,1398,1,-1,-1,-1
201406Q088365,2,1,0,15,4,8,0,0,0,0,1,1,2,2,40,7,-1,-1,-1,9,1
201406Q088435,1,9,0,18,0,0,0,0,0,0,3,1,6,1,79,11,1332,1,15,6,1
201406Q088440,1,9,0,13,0,0,0,0,0,0,0,1,6,3,-1,-1,-1,-1,-1,-1,-1
201406Q088440,2,16,0,18,0,0,0,0,0,0,0,1,6,2,16,4,-1,-1,-1,-1,1
201406Q088442,1,9,0,18,0,6,0,0,0,0,4,1,6,1,24,5,1124,1,9,-1,1
201406Q088442,2,1,0,18,0,1,0,0,0,0,1,1,6,1,35,6,-1,-1,-1,6,1
201406Q088449,1,9,0,18,0,2,0,0,0,0,4,1,6,1,54,8,999,1,6,5,2
201406Q088453,1,9,0,18,0,8,0,0,0,0,4,1,6,2,77,11,1329,1,5,3,1
201406Q088453,2,5,0,18,0,8,0,0,0,0,1,1,6,1,39,7,599,1,7,3,1
201406Q088476,1,9,0,10,0,0,0,0,0,0,1,1,6,2,21,5,954,1,14,6,1
201406Q088476,2,9,0,10,0,0,0,0,0,0,2,1,6,2,49,8,1560,2,8,3,1
201406Q088620,1,11,0,18,0,1,0,0,0,0,1,1,1,1,42,7,-1,-1,-1,-1,1
201406Q088677,1,9,0,18,0,2,0,0,0,0,2,1,6,1,51,8,1896,2,11,2,1
201406Q088683,1,9,0,9,0,1,0,0,3,1,1,1,6,1,59,9,1596,1,2,2,1
201406Q088711,1,9,0,18,0,8,0,0,0,0,3,1,1,1,27,6,1299,1,11,1,1
201406Q088711,2,9,0,9,0,8,0,0,0,0,1,1,1,1,30,6,-1,-1,-1,7,1
201406Q088746,1,9,0,18,0,8,0,0,0,0,3,1,6,2,65,9,2143,2,1,10,2
201406Q088746,2,9,0,18,0,8,0,0,0,0,3,1,6,1,26,6,-1,-1,-1,1,1
201406Q088785,1,9,0,7,0,1,0,0,0,0,4,1,6,1,37,7,1598,2,-1,2,1
201406Q088785,2,1,0,18,0,1,0,0,0,0,1,1,6,1,53,8,-1,-1,-1,5,1
201406Q088804,1,9,0,18,0,0,0,0,0,0,1,1,6,1,24,5,1794,1,13,-1,-1
201406Q088806,1,9,0,9,0,8,0,0,0,0,4,1,6,2,20,4,1968,2,-1,2,1
201406Q088806,2,5,0,18,0,8,1,0,0,0,1,1,1,1,40,7,954,1,11,3,1
201406Q088819,1,1,0,18,0,1,0,0,0,0,0,1,3,1,30,6,-1,-1,-1,-1,-1
201406Q088819,2,9,0,18,0,1,0,0,0,0,0,1,6,3,-1,-1,-1,-1,-1,-1,-1
201406Q088825,1,9,0,18,0,8,0,0,0,0,4,1,6,1,21,5,1896,2,11,1,1
201406Q088868,1,20,0,9,0,5,0,0,0,0,4,1,1,1,70,10,2402,2,3,-1,1
201406Q088868,2,9,0,18,0,8,0,0,0,0,1,1,2,1,28,6,1199,1,12,1,1
201406Q089083,1,9,0,7,0,1,0,0,0,0,3,1,1,2,40,7,2231,2,7,7,1
201406Q089083,2,1,0,18,0,1,0,0,0,0,1,1,1,1,38,7,-1,-1,-1,1,1
201406Q089165,1,9,0,18,0,0,0,0,0,0,0,1,6,3,-1,-1,-1,-1,-1,-1,-1
201406Q089165,2,9,0,18,0,0,0,0,7,0,1,1,6,1,20,4,1149,1,4,9,1
201406Q089242,1,9,0,18,0,0,0,0,0,0,1,1,2,1,54,8,1560,2,-1,3,1
201406Q089278,1,9,0,7,0,8,0,0,0,0,1,1,1,1,25,5,1229,1,3,1,1
201406Q089278,2,1,0,18,0,8,0,0,0,0,1,1,2,1,23,5,-1,-1,-1,3,1
201406Q089338,1,9,0,18,0,1,0,0,7,10,4,1,6,1,22,5,1998,1,11,6,1
201406Q089338,2,9,0,18,0,1,0,0,0,0,3,1,6,1,49,8,998,1,4,9,1
201406Q089399,1,9,0,18,0,8,0,0,0,0,3,1,6,1,77,11,1396,1,1,4,1
201406Q089399,2,9,0,18,0,8,0,0,0,0,4,1,6,2,59,9,1364,2,8,9,2
201406Q089426,1,19,0,18,0,8,0,0,0,0,3,1,1,1,40,7,1868,2,8,1,1
201406Q089426,2,1,0,18,0,8,0,0,0,0,1,1,6,1,5,1,-1,-1,-1,2,1
201406Q089427,1,9,0,18,0,0,0,0,0,0,1,1,6,1,22,5,1124,1,13,5,1
201406Q089547,1,9,0,1,0,0,0,0,7,10,2,1,6,2,71,10,1242,1,5,8,1
201406Q089547,2,9,0,2,0,0,0,0,0,0,1,1,6,1,52,8,2179,2,3,1,3
201406Q089562,1,9,0,7,0,6,0,0,0,0,3,1,2,1,45,7,1997,2,5,3,1
201406Q089562,2,1,0,17,0,8,0,0,0,0,3,1,2,1,28,6,-1,-1,-1,6,1
201406Q089628,1,9,0,7,0,8,0,0,0,0,1,1,6,1,38,7,1995,2,1,3,1
201406Q089628,2,1,0,18,0,8,0,0,0,0,4,1,6,1,13,3,-1,-1,-1,3,1
201406Q089676,1,9,0,18,0,8,0,0,0,0,4,1,2,1,65,9,2664,2,17,7,1
201406Q089692,1,9,0,18,0,0,0,0,0,0,1,1,6,2,51,8,1242,1,2,7,1
201406Q089692,2,9,0,3,0,0,0,0,0,0,2,1,2,2,28,6,998,1,2,5,1
201406Q089791,1,9,0,18,0,0,0,0,0,0,4,1,6,2,28,6,2143,2,2,1,1
201406Q089879,1,9,0,18,0,8,0,0,0,0,4,1,6,2,48,8,1685,2,-1,6,1
201406Q089879,2,9,0,5,0,6,0,0,0,0,1,1,3,2,33,6,998,1,5,3,1
201406Q089887,1,9,0,18,0,8,0,0,0,0,4,1,6,2,30,6,1398,1,12,1,1
201406Q089887,2,1,0,18,0,8,0,0,0,0,1,1,6,1,17,4,-1,-1,-1,2,1
201406Q089929,1,9,0,9,0,5,0,0,0,0,4,1,6,2,53,8,-1,-1,-1,-1,-1
201406Q089929,2,1,0,18,0,8,0,0,0,0,1,1,2,1,45,7,-1,-1,-1,1,1
201406Q089990,1,9,0,18,0,1,0,0,1,0,1,1,1,2,45,7,1582,2,1,2,1
201406Q089990,2,9,0,18,0,2,1,0,7,10,1,1,2,1,31,6,1999,1,9,2,1
201406Q090045,1,9,0,18,0,1,0,0,0,0,3,1,6,1,30,6,1896,2,13,-1,-1
201406Q090055,1,9,0,18,0,8,0,0,0,0,4,1,6,2,59,9,1598,1,7,5,1
201406Q090055,2,9,0,18,0,8,0,0,0,0,3,1,6,1,57,9,1968,2,-1,9,1
201406Q090119,1,9,0,7,0,8,0,0,0,0,3,1,6,1,53,8,2295,1,12,2,1
201406Q090119,2,9,0,18,0,2,0,0,7,2,1,1,6,1,28,6,1896,2,12,1,1
201406Q090143,1,9,0,18,0,8,0,0,0,0,4,1,1,1,25,5,1896,2,7,-1,1
201406Q090231,1,9,0,18,0,8,0,0,0,0,1,1,6,1,25,5,3799,1,5,2,1
201406Q090231,2,8,0,18,0,8,0,0,0,0,2,1,1,1,52,8,2499,2,4,1,1
201406Q090262,1,9,0,2,0,0,0,0,0,0,2,1,6,2,26,6,1390,1,10,6,1
201406Q090262,2,1,0,17,0,0,0,0,0,0,1,1,6,1,18,4,-1,-1,-1,8,1
201406Q090433,1,9,0,18,0,1,1,10,7,10,1,1,6,1,22,5,1995,2,3,3,1
201406Q090433,2,9,0,9,0,1,0,10,7,10,3,1,6,1,21,5,1590,1,13,1,1
201406Q090467,1,9,0,18,0,8,0,0,0,0,1,1,6,1,68,10,998,1,6,9,1
201406Q090467,2,9,0,18,0,8,0,0,0,0,1,1,6,1,47,8,1984,1,16,-1,-1
201406Q090472,1,9,0,18,0,1,0,0,0,0,1,1,1,3,-1,-1,1850,1,12,-1,-1
201406Q090472,2,9,0,3,0,1,0,0,0,0,2,1,6,1,50,8,1229,1,6,1,1
201406Q090481,1,1,0,18,0,8,0,0,0,0,1,1,6,1,11,3,-1,-1,-1,-1,-1
201406Q090481,2,21,0,18,0,8,0,0,0,0,4,1,1,1,30,6,-1,-1,-1,7,1
201406Q090488,1,90,0,18,0,1,0,0,0,0,1,1,6,1,19,4,-1,-1,-1,3,1
201406Q090521,1,9,0,18,0,6,0,0,0,0,1,1,1,1,55,8,4293,1,9,5,1
201406Q090521,2,9,0,18,0,8,0,0,0,0,3,1,1,1,56,9,-1,-1,-1,3,1
201406Q090524,1,9,0,5,0,8,0,0,0,0,1,1,2,1,44,7,-1,-1,-1,7,1
201406Q090524,2,9,0,18,0,8,0,0,0,0,3,1,2,2,24,5,1399,2,4,5,1
201406Q090531,1,20,0,18,0,1,0,0,0,0,1,1,6,1,30,6,-1,-1,-1,-1,-1
201406Q090531,2,9,0,3,0,1,0,0,0,0,2,1,1,1,37,7,1242,1,13,2,1
201406Q090535,1,9,0,15,0,0,0,0,0,0,1,1,6,1,74,10,1199,1,10,5,1
201406Q090535,2,9,0,2,0,0,0,0,0,0,2,1,6,1,35,6,1598,1,2,1,1
201406Q090535,3,21,0,18,0,0,0,0,0,0,1,1,1,1,72,10,5139,2,-1,8,1
201406Q090558,1,9,0,18,0,8,0,0,0,0,1,1,6,1,29,6,-1,-1,-1,1,1
201406Q090558,2,21,0,18,0,8,0,0,0,0,1,1,1,1,45,7,-1,-1,-1,1,1
201406Q090656,1,9,0,18,0,8,0,0,0,0,3,1,6,1,85,11,1242,1,-1,1,1
201406Q090656,2,9,0,9,0,6,0,0,0,0,3,1,1,1,66,10,2183,2,2,4,1
201406Q090698,1,9,0,18,0,1,0,0,0,0,1,1,6,3,-1,-1,-1,-1,-1,-1,-1
201406Q090714,1,9,0,16,0,0,0,0,7,0,1,1,6,1,30,6,-1,-1,-1,-1,-1
201406Q090714,2,8,0,18,0,0,0,0,1,0,1,1,1,1,30,6,1968,2,5,-1,-1
201406Q090717,1,9,0,9,0,8,0,0,0,0,3,1,6,2,23,5,1299,1,8,1,1
201406Q090717,2,9,0,18,0,8,0,0,0,0,1,1,6,1,23,5,-1,-1,-1,1,1
201406Q090718,1,9,0,18,0,8,0,0,0,0,1,1,6,2,32,6,1497,1,9,1,1
201406Q090802,1,9,0,18,0,0,0,0,0,0,3,1,6,3,-1,-1,-1,-1,-1,-1,-1
201406Q090802,2,1,0,18,0,0,0,0,0,0,3,1,6,1,13,3,-1,-1,-1,8,1
201406Q090866,1,9,0,9,0,5,0,0,0,0,1,1,6,1,32,6,-1,-1,-1,1,1
201406Q090912,1,9,0,18,0,1,0,0,1,2,1,1,6,1,77,11,1390,1,6,4,1
201406Q091059,1,9,0,9,0,8,0,0,0,0,4,1,6,2,59,9,1598,1,11,6,1
201406Q091059,2,1,0,18,0,8,0,0,0,0,1,1,6,1,43,7,-1,-1,-1,6,1
201406Q091093,1,9,0,18,0,0,0,0,0,0,1,1,6,2,18,4,1242,1,1,4,1
201406Q091093,2,9,0,4,0,0,0,0,0,0,2,1,6,1,51,8,2987,2,4,-1,1
201406Q091137,1,9,0,18,0,1,0,0,0,0,1,1,6,2,84,11,1339,1,5,10,1
201406Q091149,1,9,0,5,0,6,0,0,0,0,1,1,6,1,81,11,1242,1,7,1,1
201406Q091149,2,9,0,18,0,8,0,0,0,0,1,1,6,1,30,6,1596,1,10,7,1
201406Q091156,1,9,0,18,0,0,0,0,2,10,3,1,6,1,25,5,1598,1,12,1,1
201406Q091168,1,9,0,18,0,8,0,0,0,0,3,1,6,1,27,6,4163,1,7,-1,1
201406Q091168,2,9,0,18,0,8,0,0,2,0,1,1,6,1,56,9,2000,1,17,1,1
201406Q091180,1,9,0,17,0,0,0,0,1,4,3,1,6,1,18,4,1120,1,15,5,1
201406Q091182,1,9,0,18,0,1,0,0,0,0,1,1,6,2,24,5,1242,1,2,5,1
201406Q091182,2,9,0,3,0,1,0,0,0,0,2,1,6,1,23,5,1598,1,8,1,1
201406Q091195,1,9,0,9,0,5,0,0,0,0,1,1,1,1,57,9,1995,2,2,-1,2
201406Q091195,2,1,0,18,0,8,0,0,0,0,3,1,1,1,38,7,-1,-1,-1,1,1
201406Q091297,1,9,0,18,0,8,0,0,0,0,4,1,6,1,79,11,1360,1,1,1,1
201406Q091297,2,1,0,18,0,8,0,0,0,0,3,1,6,1,30,6,-1,-1,-1,4,1
201406Q091357,1,9,0,18,0,0,0,0,0,0,1,1,6,1,19,4,1598,1,7,5,1
201406Q091357,2,1,0,18,0,0,0,0,0,0,1,1,6,1,4,1,-1,-1,-1,1,1
201406Q091463,1,9,0,5,0,1,0,0,0,0,4,1,2,1,35,6,1600,2,5,3,1
201406Q091478,1,8,0,1,0,2,0,0,0,0,1,1,6,1,37,7,1995,2,1,1,1
201406Q091506,1,9,0,18,0,6,0,0,0,0,1,1,6,1,29,6,1796,1,10,1,1
201406Q091506,2,9,0,18,0,8,0,0,0,0,3,1,6,2,31,6,1598,1,10,3,1
201406Q091510,1,9,0,9,0,6,0,0,0,0,2,1,6,1,44,7,1796,1,10,3,1
201406Q091510,2,9,0,18,0,2,0,0,0,0,1,1,1,1,45,7,1995,2,7,1,1
201406Q091741,1,9,0,18,0,0,0,0,0,0,4,1,6,2,30,6,-1,-1,-1,1,1
201406Q091757,1,9,0,9,0,6,0,0,0,0,3,1,6,1,33,6,1560,2,5,4,1
201406Q091757,2,1,0,18,0,8,0,0,0,0,1,1,2,1,26,6,-1,-1,-1,4,1
201406Q091771,1,9,0,18,0,0,1,0,2,10,1,1,6,1,26,6,1896,2,10,-1,-1
201406Q091807,1,9,0,18,0,1,0,0,0,0,4,1,3,2,28,6,1242,1,3,4,1
201406Q091810,1,9,0,9,0,8,0,0,0,0,3,1,6,1,63,9,1197,1,-1,1,1
201406Q091810,2,9,0,4,0,8,0,0,0,0,3,1,6,2,37,7,1896,2,10,1,1
201406Q091936,1,9,0,18,0,0,1,0,0,0,1,1,2,1,22,5,1390,1,14,2,1
201406Q091936,2,9,0,3,0,0,0,0,0,0,2,1,1,1,49,8,-1,-1,-1,8,2
201406Q091937,1,9,0,18,0,2,0,0,0,0,1,1,6,1,28,6,1598,1,9,-1,2
201406Q092037,1,9,0,18,0,1,0,0,0,0,4,1,6,2,68,10,999,1,4,3,1
201406Q092052,1,9,0,18,0,2,5,4,0,0,1,1,6,1,30,6,1242,1,12,2,1
201406Q092052,2,9,0,2,0,2,0,4,0,0,1,1,6,3,-1,-1,1398,1,13,-1,-1
201406Q092052,3,9,0,2,0,2,0,0,0,0,1,1,6,3,-1,-1,1896,2,10,-1,-1
201406Q092082,1,9,0,7,0,6,0,0,0,0,1,1,1,1,36,7,-1,-1,-1,1,1
201406Q092082,2,9,0,18,0,8,0,0,0,0,3,1,6,1,20,4,1998,1,11,1,1
201406Q092153,1,9,0,9,0,8,0,0,0,0,4,1,6,1,21,5,1998,2,7,-1,-1
201406Q092153,2,9,0,18,0,8,0,0,0,0,1,1,2,1,45,7,2493,8,-1,10,2