Accident_Index,Vehicle_Reference,Vehicle_Type,Towing_and_Articulation,Vehicle_Manoeuvre,Vehicle_Location-Restricted_Lane,Junction_Location,Skidding_and_Overturning,Hit_Object_in_Carriageway,Vehicle_Leaving_Carriageway,Hit_Object_off_Carriageway,1st_Point_of_Impact,Was_Vehicle_Left_Hand_Drive?,Journey_Purpose_of_Driver,Sex_of_Driver,Age_of_Driver,Age_Band_of_Driver,Engine_Capacity_(CC),Propulsion_Code,Age_of_Vehicle,Driver_IMD_Decile,Driver_Home_Area_Type
201406Q092153,3,9,0,18,0,1,0,0,0,0,1,1,6,1,30,6,-1,-1,-1,2,1
201406Q092166,1,90,0,17,0,6,0,0,0,0,1,1,1,1,33,6,-1,-1,-1,1,1
201406Q092222,1,90,0,1,0,0,0,0,0,0,2,1,1,1,41,7,-1,-1,-1,-1,2
201406Q092321,1,9,0,18,0,8,0,0,0,0,1,1,1,1,32,6,1497,8,6,1,1
201406Q092321,2,9,0,18,0,8,0,0,0,0,3,1,6,1,35,6,1229,1,3,1,1
201406Q092335,1,1,0,14,0,8,0,0,0,0,1,1,2,1,57,9,-1,-1,-1,3,1
201406Q092335,2,9,0,9,0,8,0,0,0,0,3,1,2,1,30,6,1242,1,8,6,1
201406Q092413,1,9,0,18,0,8,0,0,0,0,4,1,6,1,37,7,1422,2,9,-1,-1
201406Q092517,1,9,0,18,0,0,0,0,0,0,3,1,6,1,56,9,1798,8,1,8,1
201406Q092528,1,9,0,18,0,8,0,0,0,0,1,1,1,1,28,6,1956,2,2,1,1
201406Q092528,2,9,0,18,0,8,0,0,0,10,4,1,6,1,24,5,1598,1,13,-1,-1
201406Q092555,1,9,0,9,0,8,0,0,0,0,3,1,6,1,46,8,1598,1,-1,-1,1
201406Q092555,2,3,0,18,0,8,0,0,0,0,1,1,2,1,23,5,125,1,6,4,3
201406Q092601,1,9,0,3,0,0,0,0,0,0,2,1,6,2,30,6,-1,-1,-1,-1,-1
201406Q092601,2,9,0,18,0,0,0,0,0,0,1,1,6,2,36,7,1242,1,7,1,1
201406Q092697,1,9,0,18,0,8,0,0,0,0,4,1,3,2,37,7,1248,2,8,-1,1
201406Q092697,2,4,0,18,0,1,0,0,0,0,1,1,6,1,23,5,124,1,1,1,1
201406Q092732,1,1,0,18,0,6,0,0,0,0,1,1,6,1,25,5,-1,-1,-1,-1,-1
201406Q092732,2,9,0,18,0,8,0,0,0,0,4,1,6,1,48,8,1390,1,7,-1,1
201406Q092810,1,9,0,9,0,6,0,0,0,0,3,1,6,1,57,9,2143,2,1,8,1
201406Q092810,2,9,0,18,0,8,0,10,1,5,1,1,3,2,37,7,1799,1,7,8,1
201406Q092843,1,9,0,18,0,8,0,0,0,0,3,1,6,1,26,6,1396,1,16,7,3
201406Q092893,1,9,0,18,0,0,0,0,0,0,2,1,6,3,-1,-1,1896,2,7,-1,-1
201406Q092893,2,9,0,2,0,0,0,0,0,0,4,1,2,1,38,7,1896,2,6,5,1
201406Q092941,1,9,0,9,0,5,0,0,0,0,1,1,6,2,41,7,998,1,14,4,1
201406Q092941,2,9,0,18,0,8,0,0,0,0,1,1,6,2,20,4,1242,1,8,5,1
201406Q092946,1,9,0,17,0,8,0,0,0,0,1,1,6,2,81,11,1299,1,11,7,2
201406Q092946,2,9,0,18,0,8,0,0,0,0,1,1,1,1,29,6,1910,2,9,7,3
201406Q092949,1,4,0,7,0,6,0,0,0,0,3,1,6,1,27,6,-1,-1,-1,1,1
201406Q092949,2,9,0,18,0,1,0,0,0,0,4,1,2,1,30,6,-1,-1,-1,3,1
201406Q093062,1,8,0,18,0,2,0,0,0,0,1,1,1,1,34,6,1896,2,6,2,1
201406Q093062,2,9,0,18,0,2,0,0,0,0,2,1,6,1,67,10,-1,-1,-1,-1,-1
201406Q093068,1,9,0,18,0,1,0,0,0,0,1,1,1,1,21,5,1461,2,7,7,3
201406Q093069,1,9,0,18,0,1,0,0,0,0,3,1,1,1,43,7,1896,2,7,2,1
201406Q093080,1,9,0,16,0,0,1,10,0,7,1,1,6,1,19,4,2143,2,-1,6,3
201406Q093121,1,9,0,9,0,8,0,0,0,0,0,1,6,2,39,7,1587,1,13,1,1
201406Q093121,2,4,0,18,0,8,1,0,0,0,0,1,6,2,38,7,124,1,7,1,1
201406Q093153,1,9,0,18,0,1,0,0,0,0,0,1,6,3,-1,-1,-1,-1,-1,-1,-1
201406Q093153,2,8,0,18,0,1,0,0,0,0,0,1,1,1,49,8,-1,-1,-1,-1,1
201406Q093167,1,9,0,18,0,8,0,0,0,0,1,1,6,3,-1,-1,-1,-1,-1,-1,-1
201406Q093167,2,9,0,18,0,8,0,0,0,0,4,1,6,1,54,8,999,1,2,9,1
201406Q093181,1,9,0,18,0,8,0,0,0,0,1,1,6,2,62,9,1598,1,7,4,1
201406Q093181,2,9,0,18,0,8,0,0,0,0,1,1,6,1,69,10,1397,1,3,3,1
201406Q093232,1,9,0,9,0,8,0,0,0,0,4,1,6,1,37,7,1560,2,7,1,1
201406Q093232,2,9,0,18,0,8,0,0,0,0,1,1,6,1,31,6,1598,1,13,1,1
201406Q093344,1,9,0,18,0,5,0,0,0,0,1,1,6,3,-1,-1,1968,2,2,-1,-1
201406Q093380,1,9,0,9,0,8,0,0,0,0,1,1,6,1,53,8,1124,1,9,7,2
201406Q093380,2,3,0,9,0,8,0,0,0,0,1,1,6,1,34,6,108,1,-1,3,1
201406Q093418,1,9,0,9,0,1,0,0,0,1,1,1,6,2,67,10,1388,1,11,5,1
201406Q093418,2,19,0,3,0,1,0,0,0,0,0,1,1,3,-1,-1,-1,-1,-1,-1,-1
201406Q093418,3,9,0,18,0,2,0,0,0,0,1,1,6,2,26,6,1995,2,2,8,1
201406Q093441,1,9,0,18,0,0,0,10,7,10,1,1,1,2,37,7,1895,1,13,-1,1
201406Q093441,2,9,0,18,0,0,0,0,0,0,1,1,1,2,46,8,-1,-1,-1,4,1
201406Q093464,1,9,0,14,0,2,0,0,0,0,1,1,6,1,52,8,1200,1,-1,5,1
201406Q093519,1,9,0,18,0,8,0,0,0,0,1,1,6,1,27,6,1364,2,8,1,3
201406Q093529,1,9,0,7,0,2,0,0,0,0,1,1,6,2,65,9,1997,1,5,-1,2
201406Q093529,2,9,0,18,0,8,0,0,0,0,4,1,6,2,26,6,2996,1,4,6,1
201406Q093530,1,9,0,18,0,0,0,0,0,0,1,1,6,1,81,11,1769,1,13,1,1
201406Q093530,2,9,0,18,0,0,0,0,0,0,2,1,6,1,23,5,-1,-1,-1,-1,2
201406Q093530,3,9,0,18,0,0,0,0,0,0,2,1,6,2,32,6,1794,1,8,9,1
201406Q093555,1,9,0,18,0,0,0,0,0,0,1,1,6,1,31,6,1956,2,1,4,1
201406Q093555,2,9,0,2,0,0,0,0,1,10,2,1,6,1,30,6,1461,2,1,4,1
201406Q093555,3,9,0,2,0,0,0,0,0,0,2,1,6,1,30,6,1761,1,14,4,1
201406Q093563,1,9,0,9,0,8,0,0,0,0,1,1,6,1,24,5,1461,2,3,9,1
201406Q093563,2,9,0,18,0,8,0,0,1,1,1,1,6,1,42,7,1497,1,11,1,1
201406Q093563,3,9,0,18,0,8,0,0,0,0,1,1,6,1,20,4,1598,1,9,3,1
201406Q093604,1,9,0,18,0,0,0,0,0,0,1,1,6,1,37,7,2496,1,13,9,2
201406Q093604,2,9,0,3,0,0,0,0,0,0,2,1,6,1,40,7,1598,1,3,1,1
201406Q093626,1,5,0,18,0,2,0,0,0,0,4,1,6,3,20,4,-1,-1,-1,-1,-1
201406Q093667,1,8,0,9,0,1,0,0,0,0,3,1,1,1,60,9,1910,2,9,3,1
201406Q093667,2,8,0,18,0,1,0,0,0,0,1,1,1,1,41,7,1686,2,10,1,1
201406Q093681,1,9,0,7,0,2,0,0,0,0,1,1,6,3,-1,-1,-1,-1,-1,-1,-1
201406Q093697,1,19,0,9,0,8,0,10,7,1,4,1,1,1,40,7,2198,2,3,4,1
201406Q093697,2,11,0,18,0,8,0,0,0,0,1,1,1,2,52,8,5883,2,13,7,1
201406Q093729,1,9,0,18,0,8,0,0,0,0,1,1,6,1,30,6,1753,2,14,-1,-1
201406Q093729,2,9,0,18,0,8,0,0,0,1,4,1,6,2,58,9,1124,1,8,8,2
201406Q093757,1,9,0,18,0,1,0,0,0,0,1,1,6,2,30,6,1598,1,8,6,1
201406Q093757,2,9,0,18,0,1,0,0,0,0,0,1,1,2,30,6,-1,-1,-1,-1,-1
201406Q093757,3,9,0,2,0,1,0,0,0,0,1,1,6,3,-1,-1,1124,1,7,-1,-1
201406Q093757,4,9,0,2,0,1,0,0,0,0,4,1,6,3,-1,-1,1968,2,4,-1,-1
201406Q093773,1,9,0,18,0,1,0,0,0,0,1,1,6,3,-1,-1,-1,-1,-1,-1,-1
201406Q093787,1,9,0,18,0,1,0,4,0,0,1,1,6,1,18,4,1388,1,3,7,1
201406Q093787,2,19,0,2,0,1,0,0,0,0,4,1,6,1,58,9,2402,2,9,6,1
201406Q093793,1,9,0,9,0,6,0,0,0,0,1,1,6,2,70,10,1390,1,12,1,1
201406Q093793,2,9,0,18,0,8,0,0,0,0,1,1,2,2,30,6,1206,1,2,7,1
201406Q093823,1,9,0,4,0,0,0,0,0,0,1,1,6,1,19,4,1598,1,1,1,1
201406Q093823,2,9,0,18,0,0,0,0,0,0,2,1,1,2,53,8,-1,-1,-1,-1,-1
201406Q093843,1,9,0,17,0,0,2,0,0,10,1,1,6,1,26,6,1998,1,15,1,1
201406Q093860,1,90,0,18,0,1,0,0,0,0,4,1,1,1,24,5,-1,-1,-1,4,1
201406Q093860,2,1,0,18,0,1,0,0,0,0,3,1,1,1,36,7,-1,-1,-1,4,1
201406Q093911,1,9,0,18,0,8,0,0,0,0,1,1,6,1,25,5,-1,-1,-1,-1,1
201406Q093911,2,9,0,9,0,8,0,0,7,10,4,1,6,1,24,5,1299,1,12,9,1
201406Q093929,1,9,0,18,0,8,0,0,0,0,1,1,6,1,30,6,-1,-1,-1,-1,-1
201406Q093929,2,9,0,18,0,8,0,10,7,0,3,1,6,1,29,6,1498,1,9,5,1
201406Q093930,1,9,0,18,0,8,2,0,0,0,4,1,2,2,22,5,1242,1,8,2,1
201406Q093930,2,9,0,18,0,8,0,0,0,0,1,1,2,1,56,9,1968,2,4,-1,-1
201406Q093933,1,9,0,9,0,8,0,0,0,0,1,1,6,1,31,6,1587,1,13,-1,-1
201406Q093935,1,9,0,18,0,0,0,0,0,0,1,1,6,1,29,6,1868,2,14,1,1
201406Q093935,2,9,0,18,0,0,0,0,0,0,2,1,6,2,42,7,1995,2,4,8,1
201406Q094040,1,9,0,9,0,6,0,0,0,0,1,1,2,1,52,8,-1,-1,-1,8,2
201406Q094040,2,9,0,18,0,1,0,0,0,0,3,1,6,2,77,11,998,1,1,10,1
201406Q094060,1,9,0,18,0,0,0,0,0,0,4,1,6,2,30,6,1242,1,9,1,1
201406Q094069,1,9,0,9,0,8,0,0,0,0,4,1,6,1,20,4,1497,1,13,1,1
201406Q094069,2,1,0,18,0,8,0,0,0,0,1,1,2,1,50,8,-1,-1,-1,1,1
201406Q094131,1,2,0,18,0,8,0,0,0,0,1,1,6,1,16,4,49,1,5,2,1
201406Q094131,2,9,0,18,0,8,0,0,0,0,1,1,6,2,31,6,996,1,-1,4,1
201406Q094156,1,9,0,9,0,5,0,0,0,0,3,1,6,1,44,7,1398,1,12,1,1
201406Q094156,2,3,0,18,0,8,0,0,0,0,3,1,6,1,26,6,124,1,6,6,1
201406Q094205,1,9,0,1,0,8,0,0,0,0,0,1,6,2,23,5,2143,2,-1,6,2
201406Q094205,2,3,0,18,0,8,1,0,0,0,0,1,6,1,21,5,125,1,-1,1,1
201406Q094237,1,9,0,9,0,6,0,0,0,0,3,1,6,1,33,6,1560,2,8,1,1
201406Q094237,2,3,0,18,0,8,0,0,0,0,4,1,6,1,33,6,102,1,8,1,1
201406Q094272,1,9,0,1,0,0,0,0,0,0,1,1,6,3,-1,-1,1598,1,10,-1,-1
201406Q094281,1,9,0,18,0,1,0,0,0,0,1,1,6,1,30,6,1896,2,10,-1,-1
201406Q094281,2,9,0,3,0,1,0,0,0,0,2,1,6,1,78,11,1248,1,1,7,1
201406Q094314,1,9,0,18,0,8,1,4,0,0,1,1,6,1,16,4,1600,1,10,1,1
201406Q094314,2,9,0,18,0,8,0,10,0,0,1,1,6,2,47,8,1796,1,5,2,1
201406Q094314,3,9,0,2,0,2,0,0,0,0,2,1,6,1,30,6,1598,2,2,-1,-1
201406Q094334,1,8,0,5,0,8,0,0,0,0,0,1,6,1,30,6,1896,2,8,-1,-1
201406Q094343,1,9,0,18,0,0,0,0,0,0,1,1,6,1,30,6,-1,-1,-1,-1,-1
201406Q094343,2,9,0,3,0,0,0,0,0,0,2,1,6,2,70,10,1398,1,11,6,1
201406Q094402,1,21,0,18,0,1,0,0,0,0,1,1,1,1,60,9,5900,2,11,2,1
201406Q094402,2,9,0,3,0,1,0,0,0,0,2,1,6,1,63,9,1956,2,-1,4,1
201406Q094548,1,9,0,9,0,5,0,0,0,0,1,1,6,3,-1,-1,-1,-1,-1,-1,-1
201406Q094553,1,90,0,11,4,8,0,0,0,0,0,1,6,1,30,6,-1,-1,-1,-1,-1
201406Q094553,2,1,0,18,4,8,0,10,0,0,0,1,2,1,47,8,-1,-1,-1,1,1
201406Q094603,1,9,0,9,0,6,0,0,0,0,1,1,6,1,67,10,1910,2,9,1,1
201406Q094603,2,2,0,18,0,8,0,0,0,0,3,1,6,1,26,6,49,1,2,7,1
201406Q094604,1,9,0,18,0,1,0,0,0,0,1,1,6,1,30,6,1596,1,10,-1,-1
201406Q094604,2,9,0,9,0,1,0,0,0,0,3,1,6,1,45,7,1368,1,7,5,1
201406Q094628,1,9,0,18,0,4,0,0,0,0,1,1,6,1,20,4,1149,1,5,-1,1
201406Q094628,2,9,0,18,0,4,0,0,0,0,4,1,6,1,31,6,1587,1,9,-1,-1
201406Q094645,1,9,0,18,0,8,0,0,0,0,4,1,6,1,21,5,1198,1,11,-1,-1
201406Q094645,2,9,0,18,0,8,0,0,0,0,1,1,6,1,58,9,2179,2,1,7,1
201406Q094704,1,9,0,18,0,6,0,0,0,0,1,1,6,3,-1,-1,1591,1,1,-1,-1
201406Q094704,2,2,0,18,0,8,0,0,0,0,3,1,6,1,18,4,303,1,1,5,1
201406Q094705,1,9,0,18,0,1,0,0,0,0,4,1,6,2,73,10,998,1,2,7,1
201406Q094746,1,9,0,18,0,0,0,0,7,2,1,1,3,1,41,7,1598,1,13,10,2
201406Q094749,1,9,0,9,0,8,0,0,0,0,1,1,6,2,67,10,1329,1,2,7,1
201406Q094749,2,9,0,18,0,8,0,0,0,7,3,1,6,1,55,8,1339,1,7,2,1
201406Q094757,1,9,0,9,0,5,0,0,0,0,1,1,1,1,61,9,1968,2,5,7,1
201406Q094757,2,9,0,18,0,1,0,0,0,0,1,1,6,1,47,8,1753,2,11,6,1
201406Q094773,1,9,4,2,0,2,0,0,0,0,2,1,6,1,52,8,2495,2,18,5,1
201406Q094773,2,9,0,18,0,2,5,10,0,0,1,1,6,2,44,7,1997,2,12,7,3
201406Q094776,1,9,0,18,0,8,0,0,0,0,1,1,6,1,30,6,998,1,18,-1,-1
201406Q094776,2,9,0,18,0,8,0,0,0,0,2,1,6,2,47,8,1998,1,11,3,1
201406Q094893,1,9,0,18,0,0,0,0,0,0,2,1,6,2,83,11,1386,1,10,8,1
201406Q094893,2,10,0,18,0,0,0,0,0,0,1,1,1,1,50,8,-1,-1,-1,1,1
201406Q094909,1,9,0,9,0,8,0,0,0,0,1,1,6,2,41,7,1910,2,7,1,1
201406Q094909,2,9,0,18,0,8,0,10,7,10,3,1,6,2,24,5,1198,1,2,2,1
201406Q094957,1,19,0,18,0,1,1,0,0,0,2,1,1,1,27,6,2500,2,6,1,1
201406Q094957,2,9,0,4,0,1,0,0,0,0,1,1,6,2,31,6,1997,1,-1,-1,-1
201406Q094991,1,9,0,18,0,8,0,0,0,0,4,1,6,1,46,8,1995,2,8,1,1
201406Q094991,2,9,0,18,0,8,0,0,0,0,3,1,6,1,31,6,1995,2,8,3,1
201406Q094992,1,9,0,14,0,8,0,0,0,0,1,1,6,2,48,8,1968,2,-1,6,1
201406Q094992,2,9,0,18,0,8,0,0,0,0,1,1,6,1,26,6,1997,2,12,-1,-1
201406Q094993,1,9,0,18,0,2,5,0,1,10,1,1,6,1,24,5,1997,2,14,-1,-1
201406Q094997,1,9,0,3,0,0,0,0,0,0,1,1,6,1,30,6,2993,2,6,-1,-1
201406Q094997,2,9,0,3,0,0,0,0,0,0,2,1,6,1,39,7,1398,1,14,1,1
201406Q095032,1,8,0,9,0,2,0,0,0,0,3,1,1,1,27,6,2231,2,6,1,1
201406Q095046,1,9,0,9,0,8,0,0,0,0,1,1,1,1,36,7,1995,2,7,-1,-1
201406Q095057,1,21,1,18,0,1,0,0,0,0,1,1,1,1,61,9,11946,2,7,2,1
201406Q095057,2,9,0,3,0,1,0,0,0,0,2,1,6,2,31,6,1598,1,7,1,1
201406Q095135,1,9,0,18,0,1,0,0,1,2,1,1,6,2,58,9,1299,1,6,7,1
201406Q095197,1,9,0,9,0,8,0,0,0,0,1,1,6,2,49,8,1360,1,4,9,1
201406Q095197,2,9,0,18,0,8,0,0,0,0,1,1,6,2,67,10,1461,2,1,8,1
201406Q095201,1,9,0,1,0,0,0,0,0,0,2,1,6,1,72,10,1968,2,-1,-1,2
201406Q095326,1,9,0,18,0,8,0,0,0,0,3,1,6,2,21,5,-1,-1,-1,3,1
201406Q095326,2,9,0,18,0,8,0,0,0,0,1,1,6,1,31,6,1598,1,6,2,1
201406Q095328,1,5,0,17,0,2,0,0,0,0,0,1,6,1,54,8,-1,-1,-1,6,1
201406Q095364,1,19,0,5,0,1,0,0,0,0,1,1,1,1,36,7,2198,2,-1,3,1
201406Q095364,2,9,0,3,0,1,0,0,0,0,2,1,6,2,52,8,1242,1,-1,9,3
201406Q095369,1,9,0,18,0,0,0,0,0,0,1,1,6,1,42,7,1124,1,9,3,1
201406Q095413,1,8,0,9,0,6,0,0,0,0,1,1,1,1,37,7,1598,1,4,2,1
201406Q095437,1,9,0,18,0,1,0,0,0,0,1,1,6,1,25,5,1388,1,9,5,1
201406Q095437,2,9,0,3,0,1,0,0,0,0,2,1,6,2,69,10,1461,2,8,7,1
201406Q095572,1,9,0,18,0,2,0,0,0,0,1,1,2,1,40,7,1986,2,9,2,1
201406QJ88974,1,9,0,18,0,6,0,0,0,0,1,1,6,2,40,7,1242,1,10,1,1
201406QJ88974,2,9,0,18,0,8,0,0,0,0,4,1,6,1,69,10,1988,2,8,3,1
201406QP84100,1,9,0,9,0,5,0,0,0,0,1,1,2,2,21,5,1360,1,9,9,1
201406QP84100,2,5,0,4,0,8,0,0,0,0,2,1,2,1,48,8,1084,1,15,5,1
201406X081174,1,9,0,18,0,0,2,0,0,0,1,1,2,1,41,7,998,1,15,6,1
201406X081377,1,9,0,18,0,0,1,0,1,2,1,1,6,1,25,5,1560,2,6,9,1
201406X081377,2,9,0,18,0,0,0,0,0,0,3,1,6,2,60,9,1596,1,7,7,3
201406X081644,1,9,0,4,0,0,0,0,0,0,1,1,2,2,25,5,998,1,5,3,1
201406X081644,2,9,0,4,0,0,0,0,0,0,2,1,2,1,47,8,1329,1,2,2,1
201406X081774,1,5,0,13,0,0,0,0,0,0,4,1,2,1,36,7,-1,-1,-1,7,1
201406X081774,2,19,0,12,0,0,0,0,0,0,3,1,1,1,48,8,4249,2,1,9,1
201406X081964,1,9,0,18,0,0,0,0,0,0,1,1,2,1,26,6,1242,1,8,-1,-1
201406X081964,2,9,0,4,0,0,0,0,1,0,3,1,1,1,59,9,1997,2,4,3,1
201406X081981,1,9,0,4,0,0,0,0,0,0,1,1,6,1,69,10,1242,1,1,2,1
201406X081981,2,9,0,4,0,0,0,0,0,0,2,1,6,1,44,7,1870,2,10,2,1
201406X082057,1,9,0,18,0,0,0,0,0,0,1,1,2,1,27,6,-1,-1,-1,6,1
201406X082057,2,9,0,4,0,0,0,0,0,0,2,1,2,1,27,6,2143,2,5,3,1
201406X082072,1,9,0,12,0,0,0,0,0,0,3,1,1,1,24,5,-1,-1,-1,2,1
201406X082072,2,9,0,18,0,0,1,7,4,6,4,1,1,1,21,5,-1,-1,-1,8,1
201406X082072,3,9,0,18,0,0,0,0,0,0,1,1,6,1,36,7,-1,-1,-1,1,1
201406X082072,4,9,0,18,0,0,0,0,0,0,0,1,6,2,41,7,1364,1,5,7,1
201406X082189,1,9,0,18,0,0,0,0,0,0,2,1,6,1,69,10,1598,1,8,2,1
201406X082189,2,9,0,18,0,0,0,0,0,0,2,1,6,1,53,8,1995,2,2,6,3
201406X082189,3,9,0,18,0,0,0,0,0,0,0,1,6,1,36,7,1461,2,1,-1,-1
201406X082189,4,9,0,18,0,0,0,0,0,0,2,1,6,1,32,6,1299,1,10,-1,-1
201406X082189,5,19,0,18,0,0,0,0,0,0,4,1,1,1,43,7,1870,2,9,-1,-1
201406X082189,6,9,0,18,0,0,0,0,0,0,3,1,1,1,30,6,-1,-1,-1,7,3
201406X082211,1,9,0,18,0,0,0,0,0,0,1,1,2,1,34,6,1598,2,3,9,1
201406X082211,2,9,0,18,0,0,0,0,0,0,2,1,2,1,51,8,1998,1,10,4,1
201406X082211,3,9,0,18,0,0,0,0,0,0,2,1,6,2,21,5,1390,1,2,2,1
201406X082275,1,9,0,11,0,1,0,0,8,7,1,1,6,1,35,6,1590,1,12,3,1
201406X082275,2,9,0,3,0,1,0,0,2,7,2,1,6,2,64,9,1198,1,9,6,1
201406X082275,3,9,0,3,0,1,0,0,0,0,2,1,3,1,64,9,-1,-1,-1,8,1
201406X082370,1,9,0,18,0,0,2,0,0,0,1,1,2,1,23,5,1299,1,13,8,1
201406X082370,2,9,0,18,0,0,0,0,0,0,2,1,2,1,25,5,1149,1,9,-1,-1
201406X082370,3,9,0,18,0,0,0,0,0,0,1,1,2,2,25,5,1910,2,8,-1,1
201406X082390,1,9,0,11,0,0,0,0,0,0,0,1,6,3,-1,-1,-1,-1,-1,-1,-1
201406X082390,2,9,0,18,0,0,0,0,0,0,2,1,6,1,48,8,1995,2,10,8,1
201406X082390,3,9,0,18,0,0,0,0,0,0,1,1,6,1,26,6,1798,1,6,3,1
201406X082390,4,9,0,18,0,0,0,0,0,0,1,1,6,1,63,9,1587,1,7,5,1
201406X082390,5,9,0,18,0,0,0,0,0,0,2,1,6,1,59,9,1798,8,2,7,1
201406X082390,6,9,0,4,0,0,0,0,0,0,2,1,6,1,45,7,1995,2,11,5,1
201406X082450,1,9,0,18,0,0,0,0,0,0,1,1,6,2,21,5,-1,-1,-1,4,1
201406X082450,2,9,0,18,0,0,0,0,0,0,2,1,6,2,63,9,1560,2,5,7,1
201406X082827,1,9,0,18,0,0,5,0,1,0,4,1,6,1,23,5,998,1,12,-1,2
201406X082827,2,90,0,18,0,0,0,0,0,0,1,1,1,1,45,7,-1,-1,-1,9,1
201406X082934,1,9,0,18,0,5,0,0,7,9,0,1,6,1,70,10,1349,1,6,2,1
201406X083031,1,9,0,18,0,0,1,0,0,0,0,1,6,3,-1,-1,-1,-1,-1,-1,-1
201406X083031,2,9,0,18,0,0,0,0,0,0,1,1,1,1,44,7,-1,-1,-1,1,1
201406X083031,3,9,0,18,0,0,0,0,0,0,2,1,6,2,20,4,1388,1,12,6,1
201406X083052,1,9,0,4,0,0,0,0,0,0,1,1,6,2,22,5,998,1,10,2,1
201406X083052,2,9,0,4,0,0,0,0,0,0,2,1,6,1,39,7,1984,1,1,1,1
201406X083056,1,9,0,12,0,0,0,0,0,0,0,1,6,1,47,8,1951,2,11,-1,-1
201406X083056,2,9,0,18,0,0,0,0,2,7,1,1,6,1,19,4,1388,1,10,5,1
201406X083056,3,19,0,18,0,0,0,0,0,0,1,1,1,1,30,6,2143,2,3,1,1
201406X083061,1,19,0,18,0,0,0,0,1,7,1,1,1,1,48,8,2148,2,9,1,1
201406X083061,2,21,1,18,0,0,0,0,0,0,2,1,1,1,43,7,11967,2,5,5,2
201406X083127,1,9,0,18,0,0,0,0,0,0,1,1,6,2,32,6,1598,2,2,1,1
201406X083127,2,9,0,18,0,0,0,0,5,6,2,1,6,1,33,6,998,1,14,8,1
201406X083204,1,9,0,4,0,0,0,0,0,0,1,1,2,1,37,7,1560,2,2,4,1
201406X083204,2,9,0,3,0,0,0,0,0,0,2,1,2,1,45,7,2993,2,1,7,1
201406X083216,1,9,0,18,0,0,0,0,0,1,1,1,6,1,25,5,1998,2,16,1,1
201406X083235,1,9,0,18,0,0,0,0,0,0,4,1,6,1,42,7,-1,-1,-1,1,1
201406X083235,2,21,1,18,0,0,0,0,0,0,3,1,1,1,33,6,-1,-1,-1,7,1
201406X083268,1,21,1,18,0,0,0,0,0,0,1,1,6,1,61,9,12777,2,2,6,1
201406X083268,2,9,0,4,0,0,0,0,0,0,2,1,6,2,43,7,2401,2,11,10,1
201406X083272,1,9,0,18,0,0,0,0,0,0,2,1,1,1,36,7,1997,2,8,7,1
201406X083272,2,19,0,18,0,0,0,0,0,0,2,1,1,1,27,6,1560,2,3,2,1
201406X083272,3,9,0,18,0,0,0,0,0,0,3,1,1,1,55,8,1995,2,2,7,1
201406X083272,4,9,0,18,0,0,0,0,0,0,1,1,1,1,44,7,1995,2,16,-1,-1
201406X083308,1,9,0,4,0,0,0,0,0,0,1,1,1,2,26,6,1686,2,3,2,3
201406X083308,2,9,0,3,0,0,0,0,0,0,2,1,6,1,39,7,1796,1,11,1,1
201406X083308,3,9,0,3,0,0,0,0,0,0,2,1,6,1,36,7,1995,2,6,-1,-1
201406X083315,1,9,0,18,0,0,0,0,0,0,2,1,6,1,34,6,1997,2,11,2,1
201406X083315,2,9,0,18,0,0,0,0,0,0,2,1,6,2,23,5,1086,1,4,9,1
201406X083315,3,9,0,18,0,0,0,0,0,0,1,1,6,1,43,7,1240,1,8,7,1
201406X083315,4,9,0,18,0,0,0,0,0,0,1,1,6,1,60,9,2521,1,8,2,1
201406X083460,1,9,0,18,0,0,0,0,0,0,1,1,6,1,46,8,1896,2,9,8,1
201406X083460,2,9,0,18,0,0,0,0,0,0,2,1,6,1,47,8,2319,1,16,6,1
201406X083460,3,9,0,18,0,0,0,0,0,0,1,1,1,1,20,4,1968,2,-1,2,1
201406X083613,1,9,0,16,0,2,0,0,0,0,1,1,1,1,33,6,-1,-1,-1,-1,1
201406X083613,2,9,0,16,0,2,0,0,0,0,2,1,1,2,34,6,1956,2,2,3,1
201406X083629,1,9,0,18,0,0,0,0,1,4,3,1,6,1,32,6,1390,1,12,4,1
201406X083635,1,9,0,18,0,0,0,0,0,0,1,1,2,1,38,7,3199,1,12,9,1
201406X083635,2,8,0,4,0,0,0,0,0,0,2,1,6,1,34,6,1896,2,5,-1,-1
201406X083635,3,9,0,4,0,0,0,0,0,0,2,1,6,2,50,8,1324,1,14,2,1
201406X083662,1,9,0,4,0,0,0,0,0,0,1,1,6,2,24,5,1998,2,5,7,1
201406X083662,2,9,0,3,0,0,0,0,0,0,2,1,6,1,20,4,1388,1,7,7,1
201406X083662,3,9,0,3,0,0,0,0,0,0,2,1,6,1,59,9,1596,1,8,-1,-1
201406X083662,4,9,0,3,0,0,0,0,0,0,2,1,6,1,34,6,-1,-1,-1,6,1
201406X083662,5,9,0,3,0,0,0,0,0,0,2,1,6,1,60,9,2987,2,9,2,1
201406X083732,1,9,0,18,0,0,1,0,0,6,1,1,6,1,58,9,-1,-1,-1,1,1
201406X083732,2,9,0,18,0,0,0,0,0,0,1,1,6,1,27,6,1686,2,7,2,1
201406X083732,3,19,0,4,0,0,0,0,0,0,1,1,1,1,37,7,2143,2,4,1,1
201406X083787,1,9,0,7,0,3,0,0,0,0,4,1,6,1,40,7,1686,2,1,10,1