Accident_Index,Vehicle_Reference,Vehicle_Type,Towing_and_Articulation,Vehicle_Manoeuvre,Vehicle_Location-Restricted_Lane,Junction_Location,Skidding_and_Overturning,Hit_Object_in_Carriageway,Vehicle_Leaving_Carriageway,Hit_Object_off_Carriageway,1st_Point_of_Impact,Was_Vehicle_Left_Hand_Drive?,Journey_Purpose_of_Driver,Sex_of_Driver,Age_of_Driver,Age_Band_of_Driver,Engine_Capacity_(CC),Propulsion_Code,Age_of_Vehicle,Driver_IMD_Decile,Driver_Home_Area_Type
201406X091188,2,9,0,18,0,0,0,0,0,0,4,1,6,1,58,9,1988,2,9,10,2
201406X091200,1,9,0,11,0,0,1,0,0,0,1,1,6,1,32,6,998,1,12,3,1
201406X091200,2,9,0,12,0,0,1,0,4,6,2,1,6,1,23,5,1242,1,7,8,3
201406X091200,3,19,0,18,0,0,1,0,0,0,4,1,1,1,23,5,2402,2,3,-1,-1
201406X091200,4,21,1,18,0,0,1,0,0,0,4,1,1,1,44,7,12419,2,4,5,1
201406X091287,1,21,0,18,0,0,0,0,0,0,1,1,1,1,40,7,-1,2,9,2,1
201406X091287,2,9,0,3,0,0,0,0,0,0,2,1,6,2,42,7,1598,1,12,1,1
201406X091287,3,19,0,3,0,0,0,0,0,0,2,1,1,1,43,7,1995,2,1,2,1
201406X091287,4,9,0,3,0,0,0,0,0,0,2,1,6,2,48,8,1398,1,2,1,1
201406X091334,1,21,1,12,0,0,0,0,0,0,1,2,1,1,24,5,-1,-1,-1,-1,-1
201406X091334,2,9,0,18,0,0,0,0,0,0,2,1,2,2,52,8,1360,1,8,5,1
201406X091396,1,9,0,18,0,0,0,0,0,0,1,1,6,2,51,8,1995,2,3,3,1
201406X091396,2,9,0,4,0,0,0,0,0,0,2,1,6,2,41,7,1242,1,1,5,1
201406X091396,3,9,0,18,0,0,0,0,0,0,1,1,6,1,21,5,1390,1,8,10,2
201406X091425,1,9,0,18,0,0,0,0,0,0,1,1,1,2,59,9,1956,2,5,5,1
201406X091425,2,9,0,18,0,0,0,0,0,0,2,1,1,2,21,5,1461,2,6,5,1
201406X091447,1,20,0,4,0,0,0,0,0,0,1,1,1,1,48,8,-1,-1,-1,2,1
201406X091447,2,10,0,4,0,0,0,0,0,0,2,1,6,1,46,8,1998,2,11,2,1
201406X091447,3,19,0,4,0,0,0,0,0,0,2,1,6,1,35,6,2461,2,6,4,1
201406X091447,4,9,0,4,0,0,0,0,0,0,2,1,6,1,35,6,1850,1,13,4,1
201406X091447,5,9,0,4,0,0,0,0,0,0,2,1,6,1,21,5,-1,-1,-1,9,2
201406X091488,1,21,1,18,0,0,0,0,1,0,1,1,1,1,76,11,11116,2,9,8,3
201406X091488,2,9,0,2,0,0,0,0,0,0,2,1,6,1,40,7,-1,-1,-1,3,1
201406X091500,1,9,0,11,0,0,0,0,2,7,4,1,6,1,57,9,1910,2,8,2,1
201406X091500,2,21,1,18,0,0,0,0,0,0,1,1,1,1,52,8,10308,2,1,-1,-1
201406X091500,3,20,0,18,0,0,0,0,0,0,1,1,1,1,43,7,4462,2,1,1,1
201406X091608,1,9,0,12,0,0,0,0,0,0,0,1,6,3,-1,-1,-1,-1,-1,-1,-1
201406X091608,2,9,0,18,0,0,0,0,0,0,2,1,6,2,57,9,1398,1,2,9,1
201406X091608,3,9,0,18,0,0,1,0,0,6,4,1,6,2,39,7,1229,1,2,9,1
201406X091608,4,9,0,18,0,0,1,0,4,6,1,1,6,1,22,5,1896,2,6,3,1
201406X091689,1,21,1,12,0,0,0,0,0,0,1,1,1,1,49,8,10518,2,4,2,1
201406X091689,2,9,0,13,0,0,1,0,0,0,3,1,6,1,67,10,2438,1,19,10,1
201406X091689,3,19,0,18,0,0,0,0,0,0,4,1,1,1,34,6,2143,2,2,9,2
201406X091689,4,19,0,18,0,0,2,0,0,0,1,1,1,1,48,8,-1,-1,-1,4,1
201406X091698,1,9,0,18,0,1,0,0,0,0,1,1,2,1,64,9,1560,2,8,2,1
201406X091698,2,9,0,3,0,1,0,0,0,0,2,1,6,1,80,11,1390,1,5,8,1
201406X091797,1,9,0,18,0,0,0,0,0,0,1,1,6,2,22,5,999,1,13,6,1
201406X091797,2,9,0,18,0,0,0,0,0,0,4,1,2,2,53,8,1598,1,-1,6,1
201406X091797,3,9,0,18,0,0,0,0,0,0,2,1,2,1,60,9,-1,-1,-1,10,1
201406X091838,1,9,0,18,0,0,0,0,0,0,1,1,6,2,34,6,1870,2,13,7,1
201406X091838,2,9,0,18,0,0,0,0,0,0,2,1,6,2,31,6,1349,1,1,1,1
201406X091838,3,9,0,18,0,0,0,0,0,0,2,1,6,2,29,6,1560,2,9,1,1
201406X091838,4,9,0,18,0,0,0,0,0,0,2,1,6,3,-1,-1,-1,-1,-1,-1,-1
201406X091840,1,9,0,18,0,0,0,0,0,0,0,1,6,3,-1,-1,-1,-1,-1,-1,-1
201406X091840,2,9,0,18,0,0,0,0,1,0,1,1,6,1,25,5,1229,1,7,6,1
201406X091842,1,21,1,18,0,0,0,0,0,0,1,2,1,1,51,8,-1,-1,-1,-1,-1
201406X091842,2,9,0,18,0,0,1,0,2,7,2,1,6,1,62,9,1796,1,8,10,1
201406X091845,1,9,0,15,0,0,1,0,5,0,1,1,6,1,48,8,1596,1,12,5,1
201406X091845,2,19,0,18,0,0,0,0,0,0,1,1,1,1,26,6,-1,-1,-1,6,1
201406X092022,1,9,0,15,0,0,0,0,4,6,3,1,6,1,26,6,1794,1,7,3,1
201406X092022,2,9,0,18,0,0,0,0,0,0,4,1,2,2,44,7,1390,1,1,3,1
201406X092022,3,9,0,18,0,0,0,0,0,0,3,1,2,2,51,8,1598,2,-1,9,1
201406X092046,1,9,0,18,0,0,0,0,0,0,1,1,6,1,68,10,1560,2,-1,2,1
201406X092046,2,20,0,18,0,0,0,0,0,0,2,1,1,1,21,5,6700,2,-1,3,1
201406X092054,1,9,0,18,0,0,0,0,0,0,1,1,6,1,65,9,1560,2,3,4,1
201406X092054,2,9,0,18,0,0,0,0,0,0,2,1,6,1,67,10,1995,2,2,5,1
201406X092145,1,9,0,17,0,0,1,10,1,2,1,1,2,2,20,4,-1,-1,-1,9,1
201406X092322,1,5,0,18,0,0,0,0,0,0,0,1,6,1,73,10,-1,-1,-1,7,3
201406X092434,1,19,0,18,0,0,0,0,0,0,1,1,2,1,36,7,2402,2,11,5,1
201406X092434,2,9,0,18,0,0,5,0,0,0,2,1,2,1,20,4,1390,1,-1,2,1
201406X092434,3,9,0,18,0,0,0,0,0,0,2,1,2,1,43,7,-1,-1,-1,5,1
201406X092434,4,9,0,18,0,0,0,0,0,0,2,1,2,1,28,6,-1,-1,-1,7,3
201406X092442,1,9,0,18,0,0,0,0,0,0,1,1,6,1,22,5,1149,1,8,9,1
201406X092610,1,9,0,11,0,0,1,0,5,6,1,1,6,1,39,7,2987,2,6,-1,1
201406X092610,2,9,0,18,0,0,0,0,0,0,1,1,6,1,29,6,1998,1,7,3,1
201406X092666,1,20,0,18,0,0,0,0,0,0,1,1,2,1,56,9,3920,2,9,2,1
201406X092666,2,21,0,18,0,0,0,0,0,0,2,1,1,1,29,6,9365,2,7,3,1
201406X092666,3,21,1,18,0,0,0,0,0,0,0,1,1,1,30,6,11021,2,13,6,1
201406X092671,1,21,1,18,0,0,1,0,7,4,1,1,1,1,52,8,-1,-1,-1,2,1
201406X092768,1,9,0,18,0,1,0,0,0,0,2,1,6,1,22,5,2698,2,9,1,1
201406X092768,2,9,0,18,0,1,0,0,0,0,1,1,6,2,22,5,1242,1,7,4,1
201406X092768,3,9,0,18,0,1,0,0,0,0,1,1,6,1,25,5,1229,1,7,7,1
201406X092791,1,9,0,13,0,0,2,0,1,7,1,1,6,1,25,5,1242,1,-1,6,1
201406X092791,2,9,0,18,0,0,1,0,1,7,3,1,6,2,21,5,1490,1,8,2,1
201406X092801,1,21,1,18,0,0,0,0,0,0,4,1,1,1,51,8,11705,2,16,2,1
201406X092801,2,9,0,18,0,0,0,0,0,0,3,1,6,1,34,6,1598,1,9,3,1
201406X092835,1,9,0,18,0,0,0,0,4,6,1,1,1,1,60,9,1461,2,2,4,1
201406X092835,2,21,1,18,0,0,0,0,0,0,1,1,1,1,61,9,12419,2,3,7,3
201406X092870,1,9,0,18,0,1,0,0,0,0,1,1,6,1,35,6,1461,2,4,-1,-1
201406X092870,2,9,0,3,0,1,0,0,0,0,3,1,6,1,45,7,2183,2,5,3,1
201406X093115,1,9,0,12,0,1,0,0,0,0,3,1,6,2,53,8,1998,1,11,1,1
201406X093115,2,9,0,18,0,1,0,0,0,7,4,1,6,1,27,6,1997,2,14,1,1
201406X093118,1,9,0,18,0,0,0,0,4,6,1,1,6,1,31,6,1360,1,12,8,1
201406X093131,1,9,0,18,0,0,0,0,0,0,1,1,2,2,22,5,1360,1,6,10,1
201406X093131,2,9,0,18,0,0,0,0,0,0,2,1,2,1,35,6,2967,2,1,10,1
201406X093277,1,9,0,18,0,0,0,0,0,0,1,1,6,2,48,8,1997,2,11,4,1
201406X093277,2,9,0,4,0,0,0,0,0,0,2,1,6,1,65,9,1781,1,11,-1,1
201406X093277,3,19,0,4,0,0,0,0,0,0,2,1,1,1,27,6,1560,2,-1,6,1
201406X093284,1,21,1,12,0,7,0,0,0,0,1,1,1,1,45,7,-1,-1,-1,-1,-1
201406X093284,2,9,0,18,0,2,0,0,0,0,4,1,2,2,24,5,-1,-1,-1,9,1
201406X093333,1,9,0,18,0,0,0,0,0,0,1,1,2,2,24,5,1598,1,1,8,1
201406X093333,2,9,0,18,0,0,0,0,0,0,1,1,2,2,22,5,1490,1,7,4,3
201406X093333,3,9,0,18,0,0,0,0,0,0,1,1,2,1,40,7,1968,2,-1,3,1
201406X093333,4,9,0,18,0,0,0,0,0,0,2,1,2,1,28,6,1582,2,3,1,1
201406X093480,1,9,0,18,0,0,0,0,0,0,0,1,6,1,30,6,2521,7,5,-1,-1
201406X093480,2,9,0,18,0,0,0,0,0,0,0,1,2,2,26,6,1149,1,3,2,1
201406X093496,1,21,0,18,0,7,0,0,0,0,1,1,1,1,58,9,9290,2,4,4,1
201406X093496,2,9,0,18,0,7,0,0,0,0,2,1,6,1,39,7,1560,2,10,1,1
201406X093639,1,9,0,11,0,0,0,0,0,0,1,1,6,2,20,4,1299,1,10,6,1
201406X093639,2,9,0,4,0,0,0,0,0,0,2,1,6,1,51,8,1242,1,3,8,1
201406X093664,1,9,0,18,0,0,0,0,0,0,1,1,6,1,27,6,2969,2,7,2,1
201406X093664,2,9,0,4,0,0,0,0,0,0,2,1,6,2,51,8,1497,8,8,4,1
201406X093664,3,9,0,4,0,0,0,0,0,0,2,1,6,2,52,8,1390,1,15,3,1
201406X093711,1,9,0,18,0,0,0,0,0,0,1,1,6,3,-1,-1,1587,1,13,-1,-1
201406X093711,2,9,0,18,0,0,0,0,0,0,2,1,6,1,41,7,2993,2,-1,10,1
201406X093715,1,21,1,12,0,0,0,0,0,0,3,1,1,1,39,7,-1,-1,-1,-1,-1
201406X093715,2,9,0,18,0,0,0,0,1,0,4,1,6,1,63,9,1560,2,6,-1,1
201406X093720,1,21,0,11,0,0,0,0,0,0,4,1,1,1,47,8,12913,2,8,2,1
201406X093720,2,9,0,18,0,0,0,0,5,6,3,1,6,1,28,6,1870,2,9,2,1
201406X093781,1,9,0,18,0,0,1,0,0,0,1,1,6,2,18,4,1299,1,10,4,1
201406X093781,2,9,0,3,0,0,0,0,0,0,2,1,1,1,46,8,1896,2,5,8,3
201406X093822,1,9,0,3,0,0,0,0,0,0,1,1,6,1,34,6,998,1,2,8,1
201406X093822,2,9,0,18,0,0,0,0,0,0,2,1,6,1,17,4,-1,-1,-1,4,1
201406X093859,1,9,0,18,0,0,0,0,0,0,1,1,6,1,30,6,1956,2,5,4,1
201406X093859,2,9,0,18,0,0,0,0,0,0,2,1,6,1,30,6,1598,1,12,-1,1
201406X093859,3,9,0,18,0,0,0,0,0,0,3,1,6,1,57,9,1598,2,4,7,1
201406X094033,1,4,0,18,0,7,0,0,0,0,1,1,2,1,29,6,-1,-1,-1,-1,-1
201406X094033,2,9,0,18,0,7,0,0,0,0,1,1,2,1,25,5,1995,2,8,-1,-1
201406X094088,1,9,0,18,0,0,0,0,0,0,1,1,6,1,26,6,1560,2,1,8,1
201406X094088,2,9,0,18,0,0,0,0,0,0,2,1,6,1,34,6,2198,2,9,-1,-1
201406X094407,1,9,0,18,0,6,0,0,0,0,1,1,2,2,30,6,1299,1,13,3,1
201406X094407,2,19,0,18,0,6,0,0,0,0,1,1,2,1,33,6,-1,-1,-1,7,1
201406X094479,1,19,0,11,0,0,0,0,0,0,4,1,1,1,25,5,2143,2,4,8,1
201406X094479,2,9,0,18,0,0,0,0,0,0,3,1,6,1,51,8,1968,2,8,9,3
201406X094566,1,9,0,18,0,0,0,0,1,0,2,1,6,1,24,5,-1,-1,-1,-1,-1
201406X094566,2,9,0,12,0,0,0,0,2,7,1,1,6,2,51,8,1988,1,14,2,1
201406X094572,1,9,0,18,0,0,1,0,5,6,1,1,6,2,22,5,-1,-1,-1,5,1
201406X094572,2,9,0,18,0,0,0,0,0,0,1,1,6,1,31,6,1896,2,9,9,1
201406X094609,1,9,0,18,0,0,0,0,0,0,1,1,6,1,38,7,2496,2,8,8,1
201406X094609,2,9,0,18,0,0,0,0,0,0,2,1,6,1,43,7,1560,2,3,2,1
201406X094609,3,9,0,18,0,0,0,0,0,0,2,1,6,1,48,8,1560,2,7,7,1
201406X094615,1,9,0,4,0,0,0,0,0,0,1,1,6,1,22,5,1596,1,13,-1,1
201406X094615,2,9,0,3,0,0,0,0,0,0,2,1,6,1,21,5,1400,1,15,4,1
201406X094615,3,9,0,3,0,0,0,0,0,0,2,1,6,1,37,7,2498,1,14,6,1
201406X094634,1,90,0,18,0,0,0,0,0,0,1,1,1,1,30,6,-1,-1,-1,-1,-1
201406X094634,2,90,0,4,0,0,0,0,0,0,2,1,1,1,22,5,-1,-1,-1,-1,-1
201406X094662,1,9,0,18,0,1,0,0,0,0,1,1,6,1,27,6,2148,2,9,5,1
201406X094662,2,9,0,18,0,1,0,0,0,0,2,1,2,1,42,7,1598,1,6,6,1
201406X094662,3,9,0,18,0,1,0,0,0,0,2,1,2,2,26,6,2204,2,7,7,1
201406X094662,4,9,0,18,0,1,0,0,0,0,3,1,2,2,53,8,1493,2,3,4,1
201406X094753,1,21,0,11,0,0,0,0,0,0,1,1,1,1,30,6,-1,-1,-1,-1,-1
201406X094753,2,9,0,18,0,0,0,0,0,0,2,1,1,1,36,7,1198,1,10,1,1
201406X094860,1,9,0,18,0,0,0,0,0,0,1,1,6,3,-1,-1,1968,2,7,-1,-1
201406X094860,2,9,0,18,0,0,0,0,0,0,2,1,1,1,52,8,1686,2,6,1,1
201406X094865,1,21,1,18,0,0,1,0,0,0,1,1,1,1,38,7,12419,2,2,1,1
201406X094865,2,21,1,3,0,0,1,0,0,0,2,2,1,1,53,8,-1,-1,-1,-1,-1
201406X094865,3,21,1,3,0,0,0,0,0,0,2,1,1,1,49,8,11705,2,8,6,1
201406X094865,4,9,0,3,0,0,0,0,0,0,2,1,6,1,53,8,1329,1,5,3,1
201406X094882,1,9,0,18,0,1,1,0,4,6,1,1,6,2,28,6,2148,2,5,-1,-1
201406X094882,2,9,0,18,0,1,1,0,0,0,1,1,6,1,62,9,-1,-1,-1,9,1
201406X094882,3,9,0,18,0,1,0,0,4,6,1,1,6,1,30,6,1497,1,11,-1,1
201406X094882,4,9,0,18,0,1,1,0,0,0,1,1,6,1,82,11,1560,2,1,6,1
201406X094882,5,9,0,18,0,1,1,0,0,0,1,1,6,2,39,7,1598,2,-1,3,1
201406X094988,1,19,0,18,0,0,0,0,0,0,1,1,1,1,58,9,2143,2,5,7,1
201406X094988,2,9,0,18,0,0,0,0,0,0,2,1,1,1,29,6,-1,-1,-1,1,1
201406X095027,1,9,0,18,0,0,0,0,0,0,1,1,6,2,54,8,1108,1,10,4,1
201406X095027,2,9,0,3,0,0,0,0,0,0,2,1,6,2,34,6,1995,2,-1,3,1
201406X095062,1,9,0,18,0,0,0,0,1,0,1,1,6,1,34,6,1995,2,8,4,3
201406X095062,2,90,0,2,0,0,0,0,0,0,3,1,6,2,50,8,2999,2,4,-1,-1
201406X095062,3,9,0,18,0,0,0,0,1,0,1,1,6,1,48,8,2993,2,8,10,1
201406X095063,1,9,0,11,0,0,0,0,0,0,1,1,6,1,82,11,-1,-1,-1,8,1
201406X095063,2,21,0,18,0,0,0,0,0,0,1,1,1,1,53,8,9200,2,6,-1,-1
201406X095063,3,20,0,3,0,0,0,0,0,0,1,1,1,1,43,7,-1,2,12,2,1
201406X095063,4,9,0,3,0,0,0,0,0,0,2,1,6,1,40,7,1598,2,2,7,1
201406X095063,5,9,0,3,0,0,0,0,0,0,2,1,6,1,20,4,1397,1,13,9,1
201406X095085,1,9,0,18,0,1,2,0,1,7,1,1,6,2,20,4,-1,-1,-1,10,1
201406X095217,1,5,0,12,0,0,5,0,5,6,3,1,6,1,27,6,988,1,9,3,1
201406X095217,2,9,0,13,0,0,1,0,1,7,3,1,6,1,29,6,1984,1,7,6,1
201406X095217,3,9,0,18,0,0,0,0,1,0,2,1,6,1,40,7,2967,1,12,1,1
201406X095217,4,9,0,18,0,0,0,0,0,0,1,1,6,1,62,9,1598,1,11,2,1
201406X095217,5,9,0,18,0,0,0,0,0,0,1,1,6,1,28,6,1968,2,5,5,1
201406X095217,6,9,0,18,0,0,0,0,0,0,1,1,6,1,26,6,1461,2,-1,10,3
201406X095217,7,9,0,18,0,0,0,0,0,0,1,1,6,1,50,8,-1,-1,-1,3,1
201406X095217,8,9,0,18,0,0,0,0,0,0,0,1,6,1,30,6,-1,-1,-1,-1,-1
201406X095251,1,9,0,18,0,0,1,0,0,0,1,1,1,1,30,6,1339,1,1,2,1
201406X095251,2,9,0,18,0,0,0,0,0,0,2,1,1,2,54,8,1360,1,10,-1,-1
201406X095349,1,9,0,18,0,0,0,0,0,0,1,1,2,2,29,6,-1,3,-1,2,1
201406X095349,2,9,0,18,0,0,0,0,0,2,2,1,2,1,59,9,1198,1,1,5,1
201406X095361,1,9,0,18,0,0,1,0,2,7,1,1,1,1,33,6,2184,2,9,1,1
201406X095361,2,9,0,18,0,0,0,0,1,0,2,1,6,2,30,6,1242,1,-1,3,1
201406X095361,3,9,0,18,0,0,1,0,1,6,1,1,6,1,40,7,3246,1,10,1,1
201406X095363,1,19,0,18,0,0,1,0,0,0,1,1,6,1,38,7,2402,2,11,2,1
201406X095363,2,9,0,18,0,0,0,0,0,0,2,1,6,2,66,10,1149,1,11,6,1
201406X095363,3,9,0,18,0,0,0,0,0,0,2,1,6,1,45,7,1910,2,7,8,1
201406X095363,4,9,0,3,0,0,0,0,0,0,2,1,6,1,64,9,1368,1,5,4,1
201406X095401,1,9,0,11,0,0,0,0,0,0,0,1,6,1,30,6,-1,-1,-1,-1,-1
201406X095401,2,9,0,18,0,0,0,0,4,6,1,1,6,1,37,7,1598,1,6,2,1
201406X095460,1,9,0,11,0,0,0,0,0,0,0,1,6,3,-1,-1,-1,-1,-1,-1,-1
201406X095460,2,9,0,18,0,0,1,0,0,0,1,1,6,2,22,5,1242,1,14,5,1
201406X095460,3,9,0,18,0,0,1,0,0,0,1,1,6,1,55,8,1596,1,11,2,1
201406X095512,1,19,0,18,0,0,0,0,0,0,1,1,6,1,20,4,1560,2,5,5,1
201406X095512,2,9,0,18,0,0,0,0,0,0,2,1,6,2,28,6,1968,2,1,4,1
201406X095515,1,9,0,11,0,0,1,0,1,10,4,1,6,1,45,7,-1,-1,-1,8,1
201406X095515,2,9,0,18,0,0,0,7,4,6,1,1,6,1,27,6,1229,1,8,-1,1
201406X096201,1,9,0,18,0,0,0,0,0,0,0,1,6,3,-1,-1,-1,-1,-1,-1,-1
201406X096201,2,9,0,18,0,0,0,0,0,0,1,1,2,1,42,7,1997,2,12,2,1
201406X096201,3,9,0,18,0,0,0,0,0,0,2,1,1,1,57,9,1968,2,2,8,1
201406X096222,1,9,0,18,0,0,1,11,1,0,1,1,1,1,31,6,1199,1,11,3,1
201406X096222,2,19,0,18,0,0,0,0,0,0,3,1,1,1,49,8,2148,2,5,1,1
201406XF90525,1,9,0,18,0,0,0,0,0,0,1,1,6,1,69,10,1951,2,10,9,1
201406XF90525,2,9,0,18,0,0,0,0,0,0,2,1,2,1,30,6,1995,2,-1,10,1
201406XF90645,1,9,0,12,0,0,2,0,0,0,2,1,1,1,28,6,973,1,14,6,1
201406XF90645,2,9,0,18,0,0,0,0,0,0,1,1,1,1,37,7,1984,1,9,9,1
201406XF90645,3,21,0,18,0,0,0,0,0,0,2,1,1,1,62,9,11021,2,11,8,3
201406XF94848,1,5,0,18,0,0,0,0,4,6,1,1,6,1,50,8,-1,-1,-1,5,1
201406XF94848,2,9,0,18,0,0,0,0,0,0,2,1,6,1,56,9,2544,1,14,4,1
201406XG81334,1,9,0,11,0,0,0,0,0,6,1,1,6,1,68,10,2993,2,1,5,1
201406XG81334,2,21,1,18,0,0,0,0,0,0,3,1,1,1,61,9,10518,2,6,4,1
201406XG88269,1,21,0,12,0,0,0,0,0,0,1,2,1,1,49,8,-1,-1,-1,-1,-1
201406XG88269,2,9,0,18,0,0,0,0,0,0,4,1,6,2,36,7,-1,-1,-1,8,1
201406XG94130,1,9,0,18,0,0,0,0,0,0,1,1,6,1,25,5,1910,2,7,2,1
201406XG94130,2,9,0,18,0,0,0,0,0,0,2,1,1,1,45,7,1956,2,4,3,1
201406XJ81505,1,9,0,4,0,0,0,0,0,0,1,1,1,1,39,7,1968,2,4,9,1
201406XJ81505,2,9,0,4,0,0,0,0,0,0,2,1,1,1,25,5,1499,1,10,3,1
201406XJ82503,1,19,0,18,0,0,0,0,0,0,1,1,6,3,-1,-1,-1,-1,-1,-1,-1
201406XJ82503,2,9,0,18,0,0,0,0,0,6,3,1,2,2,43,7,1248,1,3,6,1
201406XJ82503,3,9,0,18,0,0,0,0,0,0,3,1,2,1,45,7,1896,2,8,2,1
201406XJ83609,1,9,0,18,0,7,0,0,0,0,4,1,6,1,69,10,1998,2,1,3,1
201406XJ83609,2,9,0,18,0,7,0,0,0,0,3,1,6,2,66,10,987,1,23,10,1
201406XJ83663,1,9,0,16,0,0,0,0,8,6,1,1,6,1,39,7,998,1,13,4,1
201406XJ84755,1,9,0,11,0,0,0,0,0,0,1,1,6,2,45,7,1598,1,10,4,3
201406XJ84755,2,21,1,18,0,0,0,0,0,0,1,2,1,1,49,8,-1,-1,-1,6,1
201406XJ87481,1,9,0,18,0,4,2,7,2,7,2,1,6,1,38,7,1910,2,7,4,1
201406XJ92935,1,9,0,18,0,0,0,0,0,0,1,1,2,1,44,7,-1,-1,-1,4,1
201406XJ92935,2,9,0,18,0,0,0,0,0,0,2,1,6,2,44,7,1339,1,6,4,1
201406XJ93340,1,9,0,4,0,0,0,0,0,0,1,1,6,1,58,9,2179,2,2,-1,1
201406XJ93359,1,9,0,12,0,0,0,0,1,0,3,1,2,2,23,5,1124,1,16,8,1
201406XJ93359,2,21,1,18,0,0,0,0,0,0,4,1,1,1,41,7,11946,2,3,4,1
201406XJ93359,3,9,0,18,0,0,0,0,0,0,4,1,2,1,36,7,1596,1,2,7,1
201406XJ94966,1,9,0,18,8,1,0,0,0,0,0,1,6,3,-1,-1,-1,-1,-1,-1,-1
201406XJ94966,2,9,0,18,0,1,0,0,4,0,2,1,6,1,18,4,-1,-1,-1,2,1
201406XJ94966,3,9,0,18,0,1,0,0,1,6,1,1,6,2,34,6,1399,2,6,2,1
201406XK86065,1,20,1,12,0,0,0,0,0,0,2,1,1,1,30,6,-1,-1,-1,-1,-1
201406XK86065,2,9,0,18,0,0,0,0,1,0,3,1,6,1,63,9,1299,1,12,1,1
201406XM83822,1,9,0,18,0,0,0,0,0,0,2,1,6,2,36,7,1328,1,5,10,1
201406XM83822,2,9,0,18,0,0,1,0,0,0,2,1,6,2,43,7,1991,2,5,4,1
201406XM83822,3,9,0,18,0,0,1,0,0,0,1,1,6,2,44,7,998,1,3,8,1
201406XM85279,1,19,0,11,0,0,0,0,0,0,1,1,6,1,52,8,-1,-1,-1,1,1
201406XM85279,2,8,0,4,0,0,0,0,0,0,2,1,6,2,29,6,1598,1,11,1,1
201406XM85279,3,8,0,4,0,0,0,0,0,0,2,1,6,1,68,10,-1,-1,-1,6,1
201406XM85279,4,9,0,4,0,0,0,0,0,0,2,1,6,1,59,9,3999,1,4,10,1
201406XM86325,1,9,0,11,0,1,0,0,0,0,3,1,6,3,-1,-1,-1,-1,-1,-1,-1
201406XM86325,2,9,0,18,0,2,0,0,4,6,1,1,6,1,20,4,998,1,5,4,1
201406XM86730,1,9,0,18,0,0,0,0,0,0,1,1,6,2,63,9,1061,1,11,2,1
201406XM86730,2,9,0,4,0,0,0,0,0,0,2,1,1,1,40,7,1560,2,1,8,1
201406XM86730,3,9,0,4,0,0,0,0,0,0,2,1,1,1,39,7,1596,1,2,4,1
201406XM89471,1,9,0,18,0,0,0,0,1,7,4,1,6,1,84,11,1997,1,10,9,1
201406XM89880,1,9,0,16,0,0,0,0,0,7,4,1,6,1,30,6,1587,1,10,-1,-1
201406XN87855,1,21,0,18,0,0,0,0,0,0,1,1,1,1,54,8,10837,2,3,9,2
201406XN87855,2,9,0,18,0,0,0,0,0,0,2,1,1,1,31,6,-1,-1,-1,-1,-1
201406XN88997,1,9,0,18,0,1,0,0,0,0,1,1,6,1,51,8,1299,1,13,2,1
201406XN88997,2,9,0,18,0,1,0,0,0,0,2,1,6,1,51,8,1796,1,11,2,1
201406XN88997,3,19,0,18,0,1,0,0,0,0,3,1,1,1,58,9,5861,2,13,4,1
201406XN93645,1,21,1,18,0,0,0,0,0,0,1,2,1,1,22,5,-1,-1,-1,-1,-1
201406XN93645,2,21,1,18,0,0,0,0,0,0,1,1,6,1,54,8,12902,2,1,-1,-1
201406XN93645,3,9,0,18,0,0,0,0,0,0,3,1,6,1,51,8,1386,1,8,8,1
201406XP82885,1,11,0,18,0,0,0,0,0,0,3,1,1,1,64,9,-1,-1,-1,1,1
201406XP82885,2,10,0,18,0,0,0,0,0,0,3,1,1,1,48,8,-1,-1,-1,6,1
201406XP86992,1,9,0,18,0,0,0,0,1,2,4,1,6,1,36,7,1299,1,11,4,3
201406XP86992,2,9,0,18,0,0,0,0,0,0,3,1,6,1,53,8,1796,2,1,6,3
201406XP87667,1,9,0,18,0,0,1,0,1,0,4,1,6,1,31,6,1596,1,10,7,1
201406XP87667,2,9,0,18,0,0,0,0,0,0,3,1,1,1,41,7,-1,-1,-1,-1,-1
201406XP94531,1,9,0,18,0,1,1,0,0,0,1,1,6,3,49,8,-1,-1,-1,1,1
201406XP94531,2,9,0,18,0,1,0,0,2,7,2,1,1,1,45,7,1998,2,8,1,1
201406XQ88270,1,9,0,12,0,0,0,0,4,6,3,1,6,1,41,7,-1,-1,-1,5,2
201406XQ88270,2,9,0,18,0,0,0,0,0,0,4,1,6,2,41,7,1968,2,2,8,2
2014074000345,1,9,0,4,0,1,0,0,0,0,1,1,6,2,21,5,1198,1,4,10,1
2014074000656,1,9,0,16,0,0,0,6,2,0,3,1,6,1,33,6,2494,1,14,4,1
2014074000791,1,2,0,18,0,0,0,10,1,10,1,1,6,1,18,4,49,1,1,-1,-1
2014074001087,1,9,0,4,0,1,0,0,0,0,1,1,6,1,75,10,998,1,1,5,1