Accident_Index,Vehicle_Reference,Vehicle_Type,Towing_and_Articulation,Vehicle_Manoeuvre,Vehicle_Location-Restricted_Lane,Junction_Location,Skidding_and_Overturning,Hit_Object_in_Carriageway,Vehicle_Leaving_Carriageway,Hit_Object_off_Carriageway,1st_Point_of_Impact,Was_Vehicle_Left_Hand_Drive?,Journey_Purpose_of_Driver,Sex_of_Driver,Age_of_Driver,Age_Band_of_Driver,Engine_Capacity_(CC),Propulsion_Code,Age_of_Vehicle,Driver_IMD_Decile,Driver_Home_Area_Type
2014074001087,2,9,0,3,0,1,0,0,0,0,2,1,6,2,31,6,1388,1,5,-1,1
2014074001136,1,9,0,16,0,0,0,0,1,4,1,1,6,1,23,5,-1,-1,-1,4,1
2014074001314,1,9,0,18,0,8,0,0,0,0,1,1,6,1,25,5,-1,-1,-1,-1,-1
2014074001314,2,1,0,18,0,8,0,0,0,0,2,1,6,1,19,4,-1,-1,-1,4,1
2014074001394,1,10,0,1,0,0,0,0,0,0,2,2,1,1,-1,-1,2402,2,11,1,1
2014074001394,2,9,0,3,0,0,0,0,0,0,1,2,6,1,22,5,1199,1,11,3,1
2014074001411,1,9,0,18,0,0,2,0,1,11,1,1,1,1,36,7,2143,2,3,2,1
2014074001411,2,9,0,18,0,0,0,0,0,0,2,1,6,1,34,6,1796,1,9,1,1
2014074001453,1,9,0,18,0,0,0,0,1,0,1,1,2,1,29,6,998,1,4,9,1
2014074001453,2,19,0,2,0,0,0,0,0,0,2,1,6,1,49,8,1998,2,12,10,1
2014074001453,3,9,0,18,0,0,0,0,0,0,1,1,6,1,70,10,1560,2,3,10,1
2014074001474,1,20,0,12,0,8,0,0,0,6,3,1,1,1,40,7,-1,-1,-1,10,1
2014074001474,2,20,0,18,0,8,0,0,0,7,4,1,1,1,30,6,-1,-1,-1,3,1
2014074001486,1,9,0,12,0,0,1,0,0,0,2,1,1,2,66,10,-1,-1,-1,6,1
2014074001486,2,21,1,18,0,0,0,0,0,0,1,1,1,1,31,6,-1,-1,-1,6,2
2014074001529,1,9,0,12,0,0,1,0,0,0,1,1,6,2,32,6,1598,1,3,-1,-1
2014074001529,2,9,0,11,0,0,0,0,0,0,0,1,6,2,45,7,1968,2,7,-1,-1
2014074001529,3,9,0,18,0,0,0,0,0,0,4,1,6,1,45,7,2967,1,10,-1,-1
2014074001769,1,9,0,17,0,1,0,0,0,0,4,1,6,1,59,9,1984,1,7,7,1
2014074001769,2,1,0,18,9,1,0,0,0,0,1,1,6,1,15,3,-1,-1,-1,3,1
2014074001808,1,9,0,18,0,1,0,0,0,0,3,1,6,2,57,9,996,1,1,9,2
2014074002563,1,9,0,5,0,1,0,0,0,0,4,1,6,2,52,8,1229,1,8,1,1
2014074002563,2,9,0,5,0,1,0,0,0,0,1,1,6,1,36,7,1998,1,9,9,1
2014074002598,1,9,0,10,0,6,0,0,0,0,1,1,6,2,74,10,1298,1,13,3,2
2014074002598,2,9,0,18,0,1,0,0,0,0,1,1,6,2,50,8,2720,2,9,1,1
2014074002611,1,4,0,12,0,0,1,0,0,0,0,1,6,1,23,5,1000,1,9,-1,-1
2014074002623,1,9,0,7,0,6,0,0,0,0,1,1,1,2,41,7,1781,1,10,2,1
2014074002849,1,9,0,9,0,0,0,0,0,0,1,1,1,1,50,8,1986,2,5,-1,1
2014074002849,2,1,0,18,0,0,0,0,0,0,1,1,6,1,16,4,-1,-1,-1,-1,3
2014074002870,1,9,0,17,0,0,0,0,1,4,1,1,6,1,92,11,-1,-1,-1,1,1
2014074002931,1,9,0,18,0,1,0,0,0,0,3,1,6,1,62,9,1086,1,8,4,1
2014074002992,1,9,0,4,0,0,0,0,0,0,1,1,6,1,32,6,1598,1,4,4,1
2014074002992,2,9,0,4,0,0,0,0,0,0,2,1,6,2,37,7,1668,1,9,10,1
2014074002992,3,9,0,4,0,0,0,0,0,0,0,1,6,3,-1,-1,-1,-1,-1,-1,-1
2014074003627,1,1,0,5,0,6,0,0,0,0,4,1,6,1,45,7,-1,-1,-1,10,1
2014074003627,2,9,0,18,0,3,0,0,0,0,1,1,6,1,35,6,3222,2,11,7,2
2014074003644,1,9,0,18,0,0,0,0,0,0,4,1,6,2,89,11,-1,-1,-1,9,2
2014074003644,2,9,0,2,0,0,0,0,1,11,4,1,6,1,-1,-1,1968,2,2,-1,1
2014074003692,1,9,0,18,0,0,0,4,0,0,1,1,6,1,30,6,1995,2,11,10,1
2014074003692,2,9,0,2,0,0,0,0,0,0,2,1,1,1,33,6,1968,2,8,8,1
2014074003809,1,9,0,7,0,4,0,0,0,0,1,1,6,1,49,8,1360,1,7,10,2
2014074003809,2,9,0,18,0,3,0,0,0,0,4,1,6,2,51,8,1999,1,6,6,2
2014074003847,1,9,0,18,0,8,0,0,0,0,3,1,6,1,20,4,2143,2,1,1,1
2014074003847,2,9,0,9,0,8,0,0,1,7,3,1,2,1,24,5,1984,2,4,10,1
2014074003892,1,9,0,18,0,1,0,0,0,0,1,1,6,1,-1,-1,-1,-1,-1,-1,-1
2014074003892,2,9,0,3,0,1,0,0,0,0,2,1,6,1,25,5,1388,1,11,1,1
2014074004122,1,9,0,18,0,0,1,0,7,11,1,1,2,1,47,8,1895,1,17,6,1
2014074004189,1,9,0,18,0,0,2,0,0,4,3,1,1,2,22,5,1198,1,8,-1,1
2014074004347,1,9,0,7,0,5,0,0,0,0,0,1,6,1,62,9,2347,1,31,10,1
2014074004347,2,1,0,18,0,1,0,0,0,0,0,1,6,1,38,7,-1,-1,-1,7,1
2014074004390,1,9,0,16,0,0,1,0,1,2,3,1,6,1,40,7,1597,1,23,8,1
2014074004407,1,9,0,4,0,0,0,0,0,0,0,1,6,2,46,8,1560,2,8,-1,-1
2014074004407,2,9,0,4,0,0,0,0,0,0,1,1,6,1,28,6,1596,1,2,2,1
2014074004407,3,9,0,18,0,0,0,1,0,0,1,1,6,1,28,6,1968,2,5,-1,2
2014074004407,4,9,0,18,0,0,0,1,0,0,1,1,6,1,29,6,1598,2,2,8,1
2014074004578,1,9,0,18,0,0,0,0,0,0,3,1,6,1,21,5,1198,1,10,9,1
2014074004578,2,9,0,18,0,0,0,0,0,0,3,1,6,2,33,6,1242,1,3,2,1
2014074004663,1,9,0,18,0,0,1,0,5,6,1,1,6,1,36,7,3400,6,15,7,2
2014074004703,1,9,0,16,0,0,0,0,0,7,1,1,6,2,51,8,1796,1,11,4,1
2014074004995,1,9,0,4,0,1,0,0,0,0,1,1,6,3,-1,-1,-1,-1,-1,-1,-1
2014074004995,2,9,0,8,0,1,0,0,0,0,2,1,3,1,33,6,2184,2,5,7,1
2014074005173,1,3,0,18,0,1,1,0,0,0,1,1,6,1,20,4,124,1,6,2,1
2014074005173,2,9,0,18,0,1,0,0,0,0,2,1,6,2,36,7,1896,2,15,2,1
2014074005214,1,9,0,3,0,1,0,0,0,0,1,1,6,1,55,8,1951,2,12,2,1
2014074005214,2,1,0,18,0,1,0,0,0,0,3,1,6,1,33,6,-1,-1,-1,7,3
2014074005220,1,9,0,17,0,0,1,0,4,6,1,1,6,1,24,5,1124,1,9,8,1
2014074005333,1,9,0,18,0,8,0,0,0,0,1,1,6,3,-1,-1,-1,-1,-1,-1,-1
2014074005367,1,21,1,18,0,0,0,0,0,0,1,1,1,1,56,9,12777,2,6,-1,3
2014074005379,1,9,0,18,0,8,0,0,0,10,3,1,6,1,30,6,1229,1,7,1,1
2014074005379,2,1,0,18,0,8,0,0,0,0,1,1,6,1,21,5,-1,-1,-1,2,1
2014074005380,1,9,0,12,0,0,0,0,0,0,1,1,6,1,-1,-1,-1,-1,-1,-1,-1
2014074005472,1,9,0,18,0,2,0,0,0,0,1,1,6,3,-1,-1,-1,-1,-1,-1,-1
2014074005572,1,9,0,18,0,0,0,0,0,0,1,1,6,2,33,6,1339,1,10,4,1
2014074005572,2,9,0,18,0,0,0,0,0,0,2,1,6,2,42,7,1968,2,7,10,1
2014074005713,1,21,1,16,0,0,0,0,0,0,3,1,1,1,30,6,12777,2,7,-1,1
2014074005713,2,21,1,17,0,0,0,0,0,0,3,1,1,1,46,8,-1,-1,-1,-1,1
2014074005724,1,9,0,9,0,1,0,0,0,0,1,1,1,1,42,7,1997,2,2,8,1
2014074005724,2,3,0,18,0,1,0,0,0,0,1,1,1,1,24,5,-1,-1,-1,2,1
2014074005761,1,9,0,5,0,0,0,0,0,0,1,1,2,2,48,8,2720,2,6,10,3
2014074005779,1,19,0,9,0,8,0,0,0,0,3,1,1,1,28,6,2198,2,6,1,1
2014074005779,2,9,0,18,0,8,0,0,0,0,4,1,2,2,50,8,1997,2,13,1,1
2014074005801,1,9,0,18,9,1,0,10,0,0,4,1,6,1,-1,-1,-1,-1,-1,-1,-1
2014074005868,1,9,0,13,0,0,0,0,0,0,4,1,1,1,52,8,1364,2,5,8,1
2014074005868,2,21,1,18,0,0,2,0,1,7,3,1,1,1,43,7,12777,2,2,7,1
2014074006064,1,1,0,18,0,8,0,0,0,0,4,1,2,1,25,5,-1,-1,-1,1,1
2014074006064,2,9,0,18,0,1,0,0,0,0,1,1,1,2,28,6,1242,1,3,1,1
2014074006089,1,9,0,18,0,0,0,0,0,0,1,1,6,2,46,8,1896,2,5,1,1
2014074006089,2,9,0,9,0,0,0,0,0,0,2,1,3,2,37,7,1596,1,12,1,1
2014074006131,1,19,0,18,0,0,0,0,0,0,4,1,6,1,53,8,1998,2,8,8,1
2014074006194,1,9,0,18,0,8,0,0,0,0,1,1,6,2,80,11,1364,1,2,3,1
2014074006194,2,5,0,10,0,8,5,0,0,0,2,1,6,1,48,8,599,1,3,1,1
2014074006220,1,9,0,9,0,8,0,0,0,0,1,1,6,1,25,5,1796,1,14,-1,1
2014074006220,2,9,0,18,0,8,0,0,0,0,4,1,6,1,19,4,899,1,15,2,1
2014074006220,3,9,0,2,0,2,0,0,0,0,2,1,6,2,-1,-1,1998,1,10,-1,-1
2014074006263,1,9,0,18,0,0,1,0,0,0,1,2,6,2,41,7,1229,1,5,6,1
2014074006263,2,19,0,3,0,0,0,0,0,0,2,2,6,1,63,9,2500,2,8,5,1
2014074006263,3,9,0,3,0,0,0,0,0,0,2,2,6,1,42,7,1968,2,1,8,1
2014074006432,1,9,0,18,0,0,1,0,0,0,1,1,6,1,78,11,-1,-1,-1,5,1
2014074006432,2,9,0,3,0,0,0,0,0,0,2,1,6,1,42,7,1796,1,12,2,1
2014074006478,1,9,0,18,0,0,1,0,0,10,1,1,6,2,54,8,1598,1,10,8,3
2014074006621,1,9,0,17,0,1,1,0,1,2,2,1,2,1,25,5,1388,1,10,1,1
2014074006621,2,20,0,16,0,1,0,0,0,0,0,1,1,1,42,7,4461,2,6,2,1
2014074006673,1,19,0,18,0,6,0,0,0,0,3,1,1,1,40,7,2402,2,6,7,1
2014074006673,2,9,0,18,0,1,0,0,0,0,4,1,3,2,31,6,1998,1,8,5,3
2014074006722,1,9,0,4,0,0,1,0,0,0,3,1,6,2,57,9,1242,1,12,8,1
2014074006722,2,9,0,4,0,0,0,0,7,11,3,1,1,1,67,10,1560,2,1,10,1
2014074007147,1,9,0,3,0,0,0,0,0,0,1,1,6,1,33,6,-1,-1,-1,1,1
2014074007147,2,9,0,3,0,0,0,0,0,0,2,1,6,1,53,8,2354,1,11,5,1
2014074007147,3,9,0,4,0,0,0,0,0,0,2,1,6,1,43,7,1956,2,1,3,1
2014074007167,1,9,0,5,0,8,0,0,0,0,1,1,6,2,34,6,996,1,4,1,1
2014074007167,2,1,0,18,0,8,0,0,0,0,4,1,6,1,41,7,-1,-1,-1,9,1
2014074007180,1,9,0,7,0,3,0,0,0,0,1,1,2,2,24,5,1968,2,-1,5,1
2014074007180,2,1,0,18,0,3,0,0,0,0,1,1,2,1,34,6,-1,-1,-1,3,1
2014074007187,1,9,0,5,0,1,0,0,0,0,1,1,1,1,23,5,1598,1,9,9,1
2014074007187,2,1,0,18,0,1,0,0,0,0,1,1,1,1,41,7,-1,-1,-1,6,1
2014074007322,1,9,0,16,0,0,2,10,7,2,3,1,6,2,41,7,1988,1,10,6,1
2014074007325,1,9,0,18,0,8,0,0,0,0,1,1,6,1,20,4,1388,1,12,2,1
2014074007328,1,9,0,5,0,8,0,0,0,0,3,1,1,2,29,6,1360,1,8,8,1
2014074007328,2,1,0,18,0,8,2,0,0,0,1,1,6,1,33,6,-1,-1,-1,5,1
2014074007530,1,9,0,18,0,0,5,0,7,11,3,1,2,1,45,7,1124,1,6,9,1
2014074007562,1,9,0,5,0,4,0,0,0,0,1,1,2,2,23,5,1242,1,11,3,1
2014074007581,1,3,0,4,0,1,2,0,0,0,0,1,6,1,51,8,124,1,2,2,1
2014074007604,1,9,0,15,0,0,0,4,0,0,1,1,3,2,45,7,1796,1,4,10,1
2014074007604,2,19,0,2,0,0,0,0,0,0,2,1,6,3,-1,-1,1753,2,10,10,1
2014074007718,1,9,0,9,0,5,0,0,0,0,3,1,6,1,34,6,1840,1,16,6,1
2014074007969,1,8,0,18,0,0,0,0,0,0,1,1,1,1,48,8,1995,2,1,2,1
2014074007969,2,1,0,18,0,0,0,0,0,0,4,1,6,1,11,3,-1,-1,-1,3,1
2014074008032,1,9,0,18,0,1,0,0,0,0,1,1,6,2,39,7,1900,2,7,8,1
2014074008032,2,9,0,10,0,1,0,0,0,0,2,1,6,1,47,8,3125,2,13,7,3
2014074008158,1,9,0,5,0,4,0,0,0,0,4,1,2,2,42,7,1995,2,1,2,1
2014074008158,2,1,0,9,0,3,0,0,0,0,4,1,6,1,22,5,-1,-1,-1,3,1
2014074008196,1,9,0,9,0,1,0,0,0,0,4,1,6,2,23,5,-1,-1,-1,10,1
2014074008196,2,9,0,18,0,1,0,0,0,7,1,1,6,1,40,7,1995,1,13,-1,3
2014074008223,1,9,0,5,0,4,0,0,0,0,4,1,6,2,27,6,1242,1,5,2,1
2014074008223,2,1,0,18,0,8,0,0,0,0,1,1,6,1,41,7,-1,-1,-1,3,1
2014074008348,1,9,0,4,0,0,0,0,0,0,4,1,6,1,-1,-1,-1,-1,-1,-1,-1
2014074008348,2,1,0,4,0,0,0,0,0,0,3,1,6,2,30,6,-1,-1,-1,6,1
2014074008487,1,9,0,5,0,6,0,0,0,0,1,1,2,2,35,6,1685,2,3,9,1
2014074008487,2,9,0,18,0,1,0,0,0,0,1,1,2,1,35,6,1995,2,9,8,1
2014074008555,1,9,0,10,0,1,0,0,0,0,4,1,6,1,59,9,1794,1,9,10,1
2014074008598,1,9,0,12,0,0,1,0,0,0,3,1,6,2,54,8,-1,-1,-1,1,1
2014074008598,2,9,0,16,0,0,0,0,0,0,2,1,6,1,39,7,1598,1,1,1,1
2014074008683,1,9,0,5,0,4,0,0,0,0,1,1,6,2,36,7,1799,1,8,10,3
2014074008683,2,9,0,3,0,4,0,0,0,0,2,1,6,2,32,6,1500,1,24,6,3
2014074008786,1,9,0,5,6,2,0,0,0,0,4,1,1,1,28,6,1995,2,4,9,1
2014074008786,2,19,0,18,0,8,1,0,0,7,3,1,2,1,21,5,1598,2,7,9,1
2014074008982,1,9,0,5,0,6,0,0,0,0,0,1,6,2,62,9,599,1,12,8,1
2014074008982,2,2,0,18,0,8,0,0,0,0,0,1,6,1,22,5,49,1,7,4,1
2014074008998,1,9,0,9,0,8,0,0,0,0,4,1,6,1,60,9,1798,1,12,10,2
2014074009004,1,9,0,5,0,0,0,0,0,0,3,1,6,1,23,5,1229,1,8,10,2
2014074009004,2,9,0,18,0,0,0,0,0,0,4,1,6,1,41,7,1870,2,14,3,1
2014074009004,3,9,0,4,0,0,0,0,0,0,1,1,6,2,20,4,998,1,6,10,2
2014074009035,1,9,0,18,0,8,0,0,0,0,1,1,6,1,20,4,1198,1,10,9,1
2014074009035,2,9,0,9,0,8,0,0,0,0,1,1,6,2,23,5,1242,1,14,2,1
2014074009188,1,1,0,7,0,4,0,0,0,0,3,1,6,2,34,6,-1,-1,-1,8,1
2014074009188,2,9,0,18,0,8,5,0,0,0,4,1,6,1,47,8,-1,-1,-1,8,3
2014074009294,1,9,0,18,0,0,1,0,0,0,2,1,2,2,38,7,2204,2,8,9,1
2014074009294,2,9,0,18,0,0,0,0,0,0,1,1,6,2,43,7,1560,2,1,10,1
2014074009759,1,9,0,12,0,0,5,0,0,0,3,1,6,1,34,6,-1,-1,-1,-1,-1
2014074009906,1,9,0,1,0,1,0,0,0,0,2,1,6,2,-1,-1,-1,-1,-1,-1,-1
2014074009947,1,9,0,9,0,8,0,0,0,0,1,1,6,3,-1,-1,-1,-1,-1,-1,-1
2014074009947,2,3,0,18,0,8,0,0,0,0,1,1,6,1,28,6,125,1,2,1,1
2014074010041,1,9,0,18,0,0,5,0,1,0,1,1,6,1,33,6,-1,-1,-1,-1,3
2014074010198,1,9,0,16,0,0,0,0,7,4,1,1,6,1,17,4,1229,1,8,6,1
2014074010350,1,9,0,4,0,0,2,4,7,0,3,1,6,2,33,6,1598,1,6,2,1
2014074010350,2,9,0,2,0,0,0,0,0,11,3,1,6,3,-1,-1,1461,2,4,-1,-1
2014074010369,1,9,0,9,0,0,0,0,0,0,1,1,6,1,71,10,3050,2,20,9,2
2014074010375,1,9,0,16,0,8,2,0,1,10,3,1,6,1,37,7,1149,1,12,1,1
2014074010557,1,9,0,18,0,0,0,0,0,0,1,1,6,2,45,7,1364,1,6,8,1
2014074010557,2,9,0,18,0,0,0,0,0,0,2,1,6,2,53,8,1598,2,1,8,1
2014074010654,1,1,0,18,0,1,0,0,0,0,1,1,6,1,32,6,-1,-1,-1,1,1
2014074010654,2,9,0,3,0,1,0,0,0,0,4,1,6,2,49,8,1229,1,5,4,1
2014074010990,1,9,0,18,0,4,0,0,0,0,1,1,1,1,46,8,1598,1,10,4,1
2014074010990,2,1,0,9,0,8,0,0,0,0,4,1,1,1,55,8,-1,-1,-1,1,1
2014074010998,1,9,0,4,0,0,1,0,0,6,3,1,6,2,21,5,1124,1,12,8,3
2014074010998,2,21,1,18,0,0,0,0,0,0,3,1,1,1,50,8,11967,2,3,-1,-1
2014074011021,1,9,0,7,0,6,0,0,0,0,3,1,6,2,18,4,1299,1,10,6,1
2014074011021,2,1,0,18,0,8,0,0,0,0,4,1,6,1,47,8,-1,-1,-1,5,1
2014074011153,1,5,0,18,0,8,0,0,0,0,0,1,6,1,25,5,998,1,9,1,1
2014074011208,1,9,0,7,0,4,0,0,0,0,2,1,1,2,55,8,1000,1,1,7,2
2014074011208,2,9,0,18,0,1,0,0,0,0,1,1,1,1,29,6,2000,2,9,1,1
2014074011323,1,9,0,16,0,0,2,0,5,0,3,1,6,2,19,4,1242,1,4,9,1
2014074011323,2,9,0,18,0,0,0,0,0,0,2,1,6,1,45,7,1590,1,11,-1,-1
2014074011455,1,19,0,4,0,3,0,0,0,0,1,1,6,1,20,4,2402,2,6,1,1
2014074011455,2,9,0,18,0,8,0,0,0,0,4,1,2,2,46,8,1388,1,7,10,1
2014074011474,1,9,0,12,0,7,0,0,0,0,4,1,6,2,77,11,998,1,8,7,1
2014074011474,2,1,0,18,0,8,0,0,0,0,2,1,2,1,49,8,-1,-1,-1,1,1
2014074011524,1,9,0,18,0,2,0,0,0,0,1,1,6,1,37,7,1956,2,3,2,1
2014074011524,2,9,0,18,0,1,0,0,8,11,4,1,2,2,27,6,1999,1,12,4,1
2014074011615,1,9,0,16,0,0,1,0,1,4,1,1,6,1,21,5,-1,-1,-1,9,1
2014074011616,1,9,0,18,0,0,1,0,1,0,1,1,6,1,17,4,1149,1,6,9,3
2014074011616,2,9,0,18,0,0,0,0,0,0,2,1,6,2,43,7,1998,1,16,10,1
2014074011748,1,9,0,18,0,0,0,0,2,0,1,1,6,2,37,7,2188,2,7,10,1
2014074011748,2,9,0,2,0,0,0,0,0,0,2,1,6,1,-1,-1,1998,1,6,-1,-1
2014074011827,1,20,0,4,0,0,0,0,0,0,2,1,1,1,23,5,-1,-1,-1,8,1
2014074011827,2,19,0,4,0,0,1,0,0,0,1,1,1,1,24,5,2198,2,2,-1,-1
2014074011863,1,9,0,9,0,1,0,0,0,0,1,1,2,1,22,5,1242,1,9,-1,1
2014074011863,2,3,0,8,0,1,0,0,0,0,1,1,1,1,25,5,108,1,5,3,1
2014074011938,1,9,0,5,0,4,0,0,0,0,1,1,6,1,-1,-1,-1,-1,-1,-1,-1
2014074011938,2,1,0,16,0,8,0,0,0,0,4,1,1,1,34,6,-1,-1,-1,-1,1
2014074012022,1,9,0,5,0,2,0,0,0,0,1,1,6,1,-1,-1,1796,1,7,8,1
2014074012022,2,1,0,18,0,3,0,0,0,0,4,1,6,1,36,7,-1,-1,-1,-1,-1
2014074012285,1,9,0,5,0,3,1,0,0,0,4,1,1,1,53,8,1399,2,4,9,1
2014074012351,1,1,0,18,0,8,0,0,0,0,1,1,6,1,14,3,-1,-1,-1,1,1
2014074012351,2,9,0,18,0,8,0,0,0,0,4,1,6,1,28,6,1332,1,6,1,1
2014074012362,1,9,0,16,0,0,1,0,0,0,1,1,6,2,37,7,1323,1,11,-1,2
2014074012362,2,9,0,16,0,0,1,0,0,0,2,1,6,2,54,8,1396,2,3,-1,-1
2014074012362,3,9,0,16,0,0,0,0,0,0,2,1,6,1,49,8,1560,2,1,6,3
2014074012662,1,8,0,6,0,1,0,0,0,0,3,1,1,1,37,7,2664,2,13,3,1
2014074012707,1,9,0,4,0,0,1,0,0,6,1,1,6,2,38,7,1389,1,12,2,1
2014074012707,2,21,1,18,0,0,0,0,0,0,1,1,6,1,45,7,12419,2,3,9,1
2014074012707,3,9,0,18,0,0,0,0,0,0,1,1,6,2,34,6,1995,2,10,9,1
2014074012707,4,9,0,18,0,0,0,0,0,0,4,1,6,2,60,9,1753,2,7,8,1
2014074012707,5,9,0,18,0,0,0,0,0,0,2,1,6,1,44,7,2183,2,4,5,1
2014074012707,6,9,0,18,0,0,0,0,0,0,1,1,6,1,31,6,-1,-1,-1,3,1
2014074012727,1,9,0,18,0,0,0,0,0,0,2,1,6,1,62,9,1781,1,15,9,1
2014074012727,2,9,0,18,0,0,1,0,0,0,1,1,2,1,35,6,1896,2,8,-1,2
2014074012855,1,9,0,9,0,5,0,0,0,0,1,1,6,2,77,11,1299,1,7,9,1
2014074012998,1,9,0,17,0,0,1,0,2,4,3,1,6,2,33,6,1242,1,10,9,2
2014074013013,1,9,0,18,0,4,0,0,0,0,1,1,1,1,49,8,1796,1,9,-1,-1
2014074013013,2,1,0,18,0,8,0,0,0,0,4,1,6,1,24,5,-1,-1,-1,4,1
2014074013097,1,9,0,18,0,1,0,0,0,0,1,1,6,1,72,10,1997,2,10,1,1
2014074013097,2,9,0,18,0,1,0,0,0,0,1,1,6,2,53,8,-1,-1,-1,7,2
2014074013279,1,3,0,9,0,8,2,10,0,0,3,1,2,1,49,8,125,1,1,10,1
2014074013307,1,9,0,5,0,4,0,0,0,0,3,1,6,1,24,5,2204,2,5,6,1
2014074013307,2,1,0,17,0,8,0,0,0,0,4,1,2,1,48,8,-1,-1,-1,2,1
2014074013336,1,5,0,13,0,1,0,0,0,0,1,1,1,1,46,8,781,1,16,1,1
2014074013336,2,9,0,18,0,1,0,0,0,0,1,1,1,1,29,6,1679,1,12,7,3
2014074013417,1,9,0,6,0,0,0,0,0,0,3,1,6,3,-1,-1,-1,-1,-1,-1,-1
2014074013417,2,9,0,4,0,0,0,0,0,0,4,1,6,2,43,7,998,1,2,1,1
2014074013418,1,11,0,13,0,0,0,0,0,0,4,1,6,3,-1,-1,-1,-1,-1,-1,-1
2014074013418,2,1,0,18,0,0,5,0,0,0,3,1,6,1,26,6,-1,-1,-1,5,1
2014074013459,1,9,0,9,0,8,0,0,0,0,4,1,1,2,56,9,1086,1,11,2,1
2014074013459,2,3,0,18,0,8,0,0,0,0,1,1,6,1,21,5,109,1,6,4,1
2014074013529,1,9,0,7,0,6,0,0,0,0,1,1,6,1,28,6,-1,-1,-1,-1,-1
2014074013752,1,9,0,10,0,1,0,0,0,0,1,1,2,1,29,6,1242,1,1,10,1
2014074013752,2,3,0,18,0,1,0,0,0,0,4,1,2,2,42,7,125,1,5,1,1
2014074013758,1,17,0,9,0,0,0,0,0,0,3,1,1,1,21,5,-1,2,5,6,3
2014074013758,2,9,0,13,0,0,0,0,7,10,4,1,6,1,64,9,1596,1,12,1,1
2014074013786,1,19,0,18,0,0,1,0,0,0,2,1,1,1,52,8,-1,-1,-1,9,1
2014074013786,2,9,0,18,0,0,0,0,0,0,1,1,2,1,31,6,2993,2,1,3,1
2014074013810,1,1,0,7,0,1,0,0,0,0,3,1,2,1,37,7,-1,-1,-1,2,1
2014074013810,2,8,0,7,0,1,0,0,0,0,4,1,1,1,51,8,1995,2,5,3,1
2014074013924,1,3,0,18,0,8,5,0,0,0,4,1,6,1,19,4,124,1,1,4,1
2014074014288,1,90,0,9,0,1,0,0,0,0,3,1,1,1,-1,-1,12882,2,6,-1,-1
2014074014288,2,5,0,3,0,1,0,0,0,0,1,1,6,1,49,8,600,1,16,1,1
2014074014324,1,9,0,5,0,1,0,0,0,0,1,1,6,1,23,5,1686,2,7,2,1
2014074014324,2,2,0,4,0,4,5,0,0,0,2,1,6,1,25,5,125,1,2,8,1
2014074014386,1,9,0,18,0,0,0,0,0,0,1,1,6,1,-1,-1,1108,1,17,-1,-1
2014074014386,2,9,0,2,0,0,0,0,0,0,2,1,6,1,38,7,3200,1,8,-1,-1
2014074014395,1,9,0,9,0,5,0,0,0,0,4,1,6,1,72,10,1590,1,12,10,1
2014074014395,2,1,0,18,0,8,5,0,0,0,1,1,6,1,34,6,-1,-1,-1,2,1
2014074014818,1,9,0,18,0,0,1,0,0,0,1,1,6,2,26,6,1998,1,5,6,1
2014074014818,2,19,0,3,0,0,0,0,0,0,4,1,1,1,36,7,2402,2,11,-1,-1
2014074014904,1,19,0,18,0,0,0,0,0,0,0,1,6,1,-1,-1,-1,-1,-1,8,1
2014074014904,2,16,0,18,0,0,0,0,0,0,0,1,6,1,24,5,-1,-1,-1,5,3
2014074015050,1,9,0,18,0,0,0,0,0,0,1,1,6,2,18,4,1149,1,12,9,1
2014074015050,2,9,0,3,0,0,0,0,0,0,2,1,2,1,54,8,2204,2,6,6,3
2014074015067,1,9,0,18,0,8,0,0,0,0,1,1,6,1,31,6,1800,1,14,10,1
2014074015067,2,9,0,9,0,8,0,0,0,0,3,1,6,2,44,7,1910,2,7,6,1
2014074015298,1,9,0,1,0,0,0,0,0,0,2,1,6,1,-1,-1,-1,-1,-1,9,1
2014074015298,2,9,0,2,0,0,0,0,0,0,1,1,6,2,45,7,2198,2,8,3,1
2014074015299,1,9,0,3,0,4,0,0,0,0,1,1,6,3,-1,-1,-1,-1,-1,-1,-1
2014074015299,2,9,0,3,0,4,0,0,0,0,2,1,6,2,52,8,998,1,2,7,1
2014074015375,1,9,0,13,0,0,1,10,7,9,1,1,6,1,42,7,1997,1,14,-1,1
2014074015813,1,9,0,13,0,0,0,0,5,6,1,1,6,1,26,6,1242,1,1,10,2
2014074015813,2,21,1,18,0,0,0,0,0,0,2,1,1,1,53,8,16125,2,9,4,1
2014074016103,1,9,0,9,0,1,0,0,0,0,1,1,6,1,33,6,1995,2,4,2,1
2014074016195,1,9,0,5,0,2,0,0,0,0,4,2,6,1,31,6,1360,1,10,7,1
2014074016759,1,9,0,18,0,0,1,0,4,6,3,1,6,1,26,6,1364,1,8,-1,-1
2014074016965,1,9,0,18,0,0,0,0,1,7,1,1,1,1,18,4,1390,1,3,10,1
2014074017034,1,9,0,18,0,0,0,0,1,0,3,1,6,1,19,4,1299,1,14,-1,-1