Accident_Index,Vehicle_Reference,Vehicle_Type,Towing_and_Articulation,Vehicle_Manoeuvre,Vehicle_Location-Restricted_Lane,Junction_Location,Skidding_and_Overturning,Hit_Object_in_Carriageway,Vehicle_Leaving_Carriageway,Hit_Object_off_Carriageway,1st_Point_of_Impact,Was_Vehicle_Left_Hand_Drive?,Journey_Purpose_of_Driver,Sex_of_Driver,Age_of_Driver,Age_Band_of_Driver,Engine_Capacity_(CC),Propulsion_Code,Age_of_Vehicle,Driver_IMD_Decile,Driver_Home_Area_Type
2014074017034,2,9,0,18,0,0,0,0,0,9,3,1,6,1,22,5,1330,1,20,-1,-1
2014074017039,1,9,0,18,0,0,0,0,0,0,1,1,6,1,48,8,1686,2,7,7,1
2014074017039,2,9,0,9,0,0,0,0,0,0,3,1,6,1,65,9,1248,2,3,4,1
2014074017064,1,9,0,7,0,6,0,0,0,0,2,1,1,1,60,9,-1,-1,-1,-1,-1
2014074017064,2,1,0,18,0,1,0,0,0,0,4,1,6,1,47,8,-1,-1,-1,9,1
2014074017143,1,21,1,12,0,0,0,0,0,0,3,2,1,1,28,6,-1,-1,-1,-1,-1
2014074017143,2,9,0,18,0,0,2,0,1,11,4,1,6,2,35,6,-1,-1,-1,1,1
2014074017194,1,9,0,16,0,0,0,0,0,0,3,1,6,1,41,7,1242,1,9,2,1
2014074017194,2,9,0,17,0,0,0,0,0,0,3,1,6,2,30,6,1991,2,7,8,1
2014074017488,1,21,1,12,0,0,0,0,0,0,3,2,1,2,46,8,-1,-1,-1,-1,-1
2014074017488,2,19,0,13,0,0,2,0,1,9,4,1,1,1,54,8,1461,2,5,2,1
2014074017497,1,3,0,18,0,1,0,0,0,0,1,1,1,1,34,6,124,1,4,4,1
2014074017497,2,9,0,9,0,1,0,0,0,0,2,1,1,1,64,9,2179,2,12,7,1
2014074017507,1,19,0,3,0,1,0,0,0,0,1,1,6,1,27,6,1399,2,10,8,2
2014074017507,2,9,0,3,0,1,0,0,0,0,2,1,6,1,55,8,-1,-1,-1,1,1
2014074017507,3,9,0,4,0,1,0,0,0,0,2,1,6,2,24,5,1124,1,14,10,1
2014074017545,1,21,1,18,0,8,0,0,0,0,0,1,1,1,57,9,11705,2,10,7,3
2014074017545,2,19,0,18,0,8,1,0,0,0,2,1,1,1,29,6,1248,2,6,6,1
2014074017545,3,9,0,18,0,8,0,0,0,0,2,1,2,2,40,7,1896,2,9,6,3
2014074017545,4,21,0,18,0,8,0,0,0,0,4,1,1,1,43,7,-1,-1,-1,3,1
2014074017545,5,9,0,18,0,8,0,0,0,0,2,1,2,2,45,7,1198,1,8,6,1
2014074017545,6,9,0,18,0,8,0,0,0,0,1,1,6,2,24,5,2295,1,12,7,3
2014074017545,7,20,0,18,0,8,0,0,0,0,2,1,1,1,49,8,4249,2,7,1,1
2014074017877,1,9,0,1,0,0,0,0,0,0,2,1,6,2,22,5,998,1,2,-1,-1
2014074018043,1,19,0,14,0,0,0,0,0,0,4,1,1,1,-1,-1,2287,2,8,3,1
2014074018043,2,9,0,2,0,0,0,0,0,0,3,1,6,2,20,4,1124,1,11,6,1
2014074018077,1,9,0,4,0,0,0,0,0,0,2,1,1,2,53,8,1598,1,8,8,3
2014074018077,2,9,0,18,0,0,0,0,0,0,1,1,1,2,28,6,1229,1,7,-1,-1
2014074018091,1,9,0,18,0,0,0,0,1,7,4,1,6,1,40,7,1598,1,8,8,1
2014074018091,2,90,1,12,0,0,0,0,0,0,3,2,1,1,52,8,-1,-1,-1,-1,-1
2014074018114,1,9,0,7,0,1,0,0,0,0,2,1,6,2,54,8,1400,2,7,9,1
2014074018114,2,9,0,5,0,1,0,0,0,0,1,1,6,2,29,6,1591,1,3,8,1
2014074018221,1,9,0,4,0,1,0,0,0,0,1,1,6,2,72,10,1229,1,7,10,1
2014074018221,2,9,0,3,0,1,0,0,0,0,2,1,2,2,21,5,998,1,13,9,1
2014074018231,1,8,0,18,0,0,0,0,0,0,4,1,1,1,33,6,1896,2,11,3,1
2014074018278,1,9,0,18,0,0,5,0,0,0,1,1,6,2,29,6,1753,2,11,2,1
2014074018278,2,9,0,2,0,0,0,0,0,0,2,1,6,1,-1,-1,1398,1,4,-1,-1
2014074018943,1,9,0,9,0,8,0,0,0,0,1,1,6,2,84,11,1248,1,4,10,2
2014074018943,2,9,0,18,0,8,0,0,0,0,1,2,6,1,44,7,-1,-1,-1,-1,1
2014074019095,1,9,0,18,0,6,0,0,0,0,4,1,1,2,43,7,1560,2,1,6,3
2014074019095,2,9,0,18,0,8,0,0,0,0,1,1,2,1,21,5,1686,2,12,4,1
2014074019102,1,9,0,18,0,0,0,0,0,0,1,1,2,1,57,9,1956,2,1,-1,-1
2014074019102,2,9,0,18,0,0,1,0,0,0,2,1,2,1,26,6,-1,-1,-1,-1,1
2014074019176,1,9,0,9,0,8,0,0,0,0,4,1,6,1,21,5,1686,2,3,9,1
2014074019176,2,9,0,18,0,8,0,0,0,0,1,1,2,1,25,5,1999,1,17,-1,-1
2014074019224,1,9,0,9,0,2,0,0,0,0,3,1,6,1,63,9,1560,2,5,10,1
2014074019224,2,3,0,18,0,1,2,0,0,0,1,1,6,1,33,6,125,1,5,1,1
2014074019382,1,9,0,9,0,8,0,0,0,0,4,1,2,2,23,5,1390,1,13,-1,-1
2014074019382,2,9,0,18,0,8,0,0,0,0,3,2,2,1,37,7,1191,2,13,-1,-1
2014074019382,3,9,0,10,0,8,0,10,1,0,3,1,2,1,58,9,1396,1,13,-1,-1
2014074019815,1,9,0,18,0,5,0,0,0,0,4,1,1,1,21,5,796,1,14,9,1
2014074019815,2,1,0,18,0,2,0,0,0,0,1,1,4,1,12,3,-1,-1,-1,7,1
2014074020033,1,9,0,16,0,0,1,0,0,0,2,1,2,1,49,8,1995,2,8,-1,-1
2014074020033,2,9,0,17,0,0,0,0,0,0,3,1,2,2,47,8,1461,2,4,1,1
2014074020033,3,9,0,17,0,0,0,0,0,0,3,1,2,2,24,5,1198,1,3,10,2
2014074020087,1,9,0,18,0,1,0,0,0,0,1,1,6,1,60,9,1598,2,1,10,1
2014074020087,2,9,0,18,0,8,0,0,0,0,4,1,6,1,44,7,1896,2,14,4,1
2014074020336,1,9,0,17,0,0,2,0,7,9,1,1,6,2,53,8,875,1,2,10,2
2014074020492,1,9,0,9,0,8,0,0,0,0,1,1,2,1,31,6,1596,1,11,3,1
2014074020492,2,9,0,18,0,8,0,0,0,0,1,1,2,2,59,9,3199,1,10,9,1
2014074020492,3,9,0,18,0,1,0,0,0,0,3,1,6,1,63,9,1598,1,8,4,1
2014074020553,1,21,1,12,0,0,0,0,0,0,3,2,1,1,55,8,-1,-1,-1,-1,-1
2014074020553,2,8,0,13,0,0,0,0,0,0,4,1,1,1,31,6,1998,2,4,-1,1
2014074020663,1,9,0,11,0,8,0,0,0,0,0,1,6,2,-1,-1,1149,1,5,-1,1
2014074020663,2,9,0,16,0,8,0,0,0,0,2,1,6,2,24,5,998,1,5,-1,1
2014074020663,3,11,0,16,0,8,0,0,0,0,1,1,1,2,57,9,-1,2,15,-1,1
2014074021653,1,9,0,7,0,6,0,0,0,0,1,1,6,1,65,9,1396,1,4,4,1
2014074021653,2,1,0,18,0,8,5,0,0,0,4,1,2,1,47,8,-1,-1,-1,3,1
2014074021720,1,9,0,18,0,0,0,0,0,0,1,1,3,2,54,8,1399,2,5,9,1
2014074021720,2,1,0,3,0,0,0,0,0,0,4,1,4,1,10,2,-1,-1,-1,4,1
2014074021858,1,9,0,18,0,0,0,0,0,0,1,1,6,1,86,11,1086,1,5,10,1
2014074021858,2,9,0,2,0,0,0,0,0,0,2,1,6,1,-1,-1,2401,2,8,-1,-1
2014074021869,1,9,0,18,0,0,0,0,1,0,1,1,6,3,-1,-1,-1,-1,-1,-1,-1
2014074021890,1,9,0,5,0,0,0,0,0,0,2,1,6,2,24,5,1396,1,10,8,1
2014074021890,2,5,0,15,0,0,2,0,0,0,1,1,6,1,32,6,600,1,9,-1,-1
2014074022080,1,9,0,18,0,0,0,11,1,10,4,1,6,1,19,4,1124,1,9,6,1
2014074022131,1,9,0,9,0,6,0,0,0,0,1,1,6,1,20,4,1124,1,13,4,1
2014074022131,2,9,0,17,0,8,0,0,1,11,4,1,6,1,17,4,1397,1,6,8,2
2014074022441,1,9,0,9,0,0,0,0,0,0,1,1,1,2,20,4,1197,1,2,5,3
2014074022441,2,1,0,18,0,0,0,0,0,0,2,1,6,1,47,8,-1,-1,-1,7,1
2014074022441,3,1,0,18,0,0,0,0,0,0,3,1,6,1,40,7,-1,-1,-1,2,1
2014074022450,1,9,0,3,0,1,0,0,0,0,0,1,6,2,53,8,1686,2,8,-1,1
2014074022450,2,9,0,4,0,1,0,0,0,0,0,1,1,2,-1,-1,1798,1,5,2,1
2014074022879,1,3,0,18,0,0,0,0,0,0,1,1,6,2,21,5,125,1,3,3,1
2014074022879,2,9,0,14,0,0,2,0,0,0,4,1,2,3,-1,-1,-1,-1,-1,-1,-1
2014074022983,1,9,0,18,0,3,0,0,0,0,3,1,6,1,73,10,1968,2,4,10,1
2014074023159,1,5,0,18,0,4,1,0,3,0,1,1,6,1,25,5,600,1,9,-1,-1
2014074023303,1,9,0,7,0,8,0,0,7,11,1,1,6,1,25,5,1461,2,8,7,3
2014074024132,1,9,0,18,0,0,0,4,0,0,1,1,6,1,36,7,1229,1,1,2,1
2014074024203,1,9,0,7,0,6,0,0,1,0,1,1,1,2,30,6,1299,1,15,5,1
2014074024203,2,1,0,9,0,8,2,0,0,0,2,1,1,1,43,7,-1,-1,-1,6,1
2014074024580,1,9,0,9,0,5,0,0,0,0,4,1,6,2,-1,-1,1149,1,15,7,1
2014074024580,2,1,0,18,0,1,0,0,0,0,1,1,6,1,42,7,-1,-1,-1,6,1
2014074024614,1,9,0,18,0,0,0,0,2,11,4,1,6,1,78,11,1242,1,1,1,1
2014074024768,1,9,0,4,0,1,0,0,0,0,1,1,6,2,-1,-1,2198,1,7,8,2
2014074024768,2,9,0,4,0,1,0,0,0,0,2,1,6,1,55,8,1149,1,7,-1,-1
2014074024773,1,9,0,17,0,0,2,0,1,11,4,1,2,2,22,5,1364,1,4,7,1
2014074024799,1,9,0,9,0,8,0,0,0,0,3,1,6,2,20,4,1124,1,9,3,1
2014074024799,2,9,0,18,0,8,0,0,0,0,1,1,1,1,48,8,1997,2,11,10,1
2014074024826,1,9,0,4,0,0,0,0,0,0,1,1,6,1,-1,-1,-1,-1,-1,-1,-1
2014074024826,2,9,0,3,0,0,0,0,0,0,2,1,6,1,-1,-1,-1,-1,-1,-1,-1
2014074024922,1,19,0,18,0,1,0,0,0,0,1,1,6,1,-1,-1,2198,2,2,-1,-1
2014074024922,2,9,0,3,0,1,0,0,0,0,2,1,1,1,18,4,1797,8,3,9,1
2014074024931,1,5,0,4,0,4,5,0,0,0,2,1,2,1,49,8,645,1,11,4,1
2014074024931,2,9,0,4,0,4,0,0,0,0,1,1,6,1,48,8,1995,2,3,6,1
2014074025116,1,9,0,18,0,8,5,0,1,1,4,1,3,1,34,6,998,1,2,9,3
2014074025116,2,11,0,18,2,8,0,0,1,0,1,1,1,1,57,9,-1,-1,-1,1,1
2014074025280,1,19,0,10,0,1,0,0,0,0,4,1,1,2,30,6,1248,2,7,-1,-1
2014074025280,2,1,0,18,0,1,0,0,0,0,1,1,1,1,29,6,-1,-1,-1,-1,-1
2014074025297,1,9,0,5,0,6,0,0,0,0,1,1,6,2,34,6,1596,1,7,7,3
2014074025297,2,9,0,18,0,8,0,0,1,1,3,1,6,2,42,7,1242,1,4,9,1
2014074025309,1,9,0,9,0,8,0,0,0,0,1,1,6,2,-1,-1,1242,1,10,-1,-1
2014074025309,2,9,0,18,0,8,0,0,0,0,3,1,6,1,61,9,1598,1,11,3,1
2014074025375,1,11,0,1,2,0,0,0,0,0,0,1,1,1,51,8,4250,2,9,2,1
2014074025620,1,98,0,18,0,0,2,0,1,4,4,1,1,1,20,4,-1,-1,-1,5,1
2014074025659,1,9,0,11,0,0,1,0,0,0,1,1,6,1,36,7,1596,1,12,2,1
2014074025659,2,9,0,3,0,0,0,0,0,0,2,1,2,1,46,8,1984,2,2,7,1
2014074025682,1,9,0,4,0,0,0,0,0,0,0,1,2,2,24,5,1560,2,1,1,1
2014074026017,1,9,0,5,0,4,0,0,0,0,1,1,2,1,33,6,1587,1,5,10,1
2014074026017,2,9,0,4,0,4,0,0,0,0,2,1,2,2,41,7,1598,1,5,10,1
2014074026026,1,9,0,18,0,2,0,0,0,0,3,1,2,1,51,8,1560,2,2,10,1
2014074026211,1,9,0,18,0,0,1,0,7,4,2,1,6,1,22,5,1997,1,7,9,1
2014074026378,1,9,0,5,0,8,0,0,0,0,4,1,6,1,-1,-1,-1,-1,-1,-1,-1
2014074026552,1,21,1,12,0,0,0,0,0,0,3,2,1,1,28,6,-1,-1,-1,-1,-1
2014074026552,2,9,0,13,0,0,1,0,8,6,4,1,6,1,68,10,1968,2,7,10,1
2014074026618,1,9,0,9,0,8,0,0,0,0,1,1,6,1,70,10,2204,2,9,9,1
2014074026658,1,2,0,18,0,1,1,0,0,0,1,1,6,1,17,4,49,1,14,4,1
2014074026658,2,9,0,9,0,2,0,0,0,0,2,1,6,1,44,7,1397,1,1,4,1
2014074027425,1,11,0,4,0,0,0,0,0,0,0,1,1,1,56,9,6700,2,5,-1,2
2014074027521,1,9,0,4,0,1,0,0,0,0,1,1,6,1,47,8,2993,2,3,8,1
2014074027521,2,9,0,3,0,1,0,0,0,0,2,1,2,2,44,7,-1,-1,-1,-1,1
2014074027521,3,9,0,3,0,1,0,0,0,0,2,1,6,1,51,8,1686,2,3,3,1
2014074027811,1,9,0,17,0,8,1,0,3,3,1,1,2,1,29,6,1998,2,10,7,3
2014074027836,1,19,0,18,0,0,0,0,0,0,1,1,2,1,25,5,2198,2,3,-1,1
2014074027836,2,9,0,2,0,0,0,0,1,11,2,1,6,1,33,6,1997,2,11,9,3
2014074027860,1,9,0,18,0,2,0,0,0,0,1,1,1,1,42,7,1998,1,1,3,1
2014074028136,1,9,0,18,0,0,0,0,0,0,1,1,6,1,24,5,1586,1,8,7,1
2014074028136,2,9,0,18,0,0,0,0,0,0,2,1,6,2,24,5,1242,1,8,4,1
2014074028136,3,9,0,18,0,0,0,0,0,0,2,1,6,1,53,8,1896,2,13,9,1
2014074028258,1,9,0,18,0,0,0,0,0,0,1,1,6,1,29,6,1796,1,13,4,1
2014074028335,1,9,0,9,0,8,0,0,7,0,4,1,6,1,78,11,2967,1,15,10,1
2014074028335,2,20,4,18,0,8,0,0,0,0,1,1,1,1,47,8,2461,2,3,9,1
2014074028418,1,9,0,7,0,3,0,0,0,0,1,1,2,1,46,8,1248,2,7,4,1
2014074028418,2,1,0,9,0,8,0,0,0,0,2,1,6,1,38,7,-1,-1,-1,2,1
2014074028566,1,9,0,11,0,0,1,0,5,7,2,1,6,2,25,5,1360,1,8,6,1
2014074028566,2,9,0,18,0,0,0,0,0,0,2,1,6,1,29,6,1968,2,5,-1,1
2014074028566,3,9,0,18,0,0,1,0,0,0,1,1,6,2,24,5,1587,1,11,5,1
2014074028810,1,9,0,18,0,0,0,0,0,0,1,1,2,1,53,8,-1,-1,-1,10,1
2014074028810,2,9,0,18,0,0,0,0,0,0,1,1,1,1,35,6,1753,2,6,8,1
2014074029084,1,9,0,18,0,0,0,0,0,0,1,1,6,1,24,5,1968,2,7,10,1
2014074029084,2,9,0,3,0,0,0,0,0,0,2,1,6,1,60,9,1560,2,2,4,1
2014074029268,1,9,0,17,0,0,5,0,0,0,4,1,6,1,18,4,998,1,5,4,1
2014074029322,1,9,0,4,0,4,0,0,0,0,2,1,6,2,26,6,1398,1,-1,4,1
2014074029322,2,9,0,4,0,4,0,0,0,0,1,1,6,2,19,4,1086,1,8,7,3
2014074029467,1,9,0,18,0,1,0,0,0,0,1,1,6,1,71,10,1198,1,8,10,1
2014074029467,2,9,0,18,0,1,0,0,0,0,1,1,6,2,51,8,1242,1,13,10,1
2014074030181,1,9,0,7,0,8,0,0,0,0,2,1,6,1,69,10,-1,-1,-1,10,2
2014074030181,2,1,0,18,0,8,0,0,0,0,1,1,6,1,20,4,-1,-1,-1,-1,-1
2014074030226,1,9,0,18,0,4,0,0,0,0,1,1,6,1,63,9,1794,1,10,10,1
2014074030226,2,1,0,18,0,3,0,0,0,0,4,1,6,1,44,7,-1,-1,-1,8,1
2014074030367,1,9,0,16,0,0,0,0,0,0,4,1,2,1,22,5,1242,1,10,-1,-1
2014074030367,2,1,0,16,0,0,5,0,1,11,3,1,6,2,35,6,-1,-1,-1,6,1
2014074030551,1,9,0,7,0,2,0,0,0,11,1,1,6,1,33,6,1086,1,10,5,1
2014074030556,1,9,0,18,0,0,0,0,0,0,3,1,6,2,48,8,1596,1,11,-1,1
2014074030601,1,9,0,18,0,0,0,0,7,4,4,1,6,1,17,4,1229,1,9,5,3
2014074030695,1,9,0,18,0,1,1,0,2,6,2,1,2,1,34,6,1360,1,12,1,1
2014074030695,2,9,0,18,0,1,0,0,0,0,0,1,1,1,37,7,1995,2,8,5,1
2014074030797,1,9,0,4,0,1,0,0,0,0,1,1,6,1,-1,-1,1390,1,4,9,1
2014074030797,2,9,0,10,0,1,0,0,0,0,2,1,6,2,24,5,1596,1,8,10,1
2014074030801,1,9,0,18,0,0,0,0,0,0,2,1,1,1,54,8,1794,1,11,-1,1
2014074030801,2,9,0,18,0,0,0,0,0,0,2,1,1,1,57,9,1598,2,2,-1,1
2014074030801,3,9,0,18,0,0,0,0,0,0,2,1,1,1,42,7,1560,2,9,3,1
2014074030801,4,19,0,18,0,0,1,0,0,0,1,1,1,1,60,9,1753,2,8,10,2
2014074030801,5,9,0,18,0,0,0,0,0,0,1,1,1,1,46,8,1968,2,3,2,1
2014074030806,1,9,0,9,0,2,0,0,0,0,1,1,2,1,59,9,1870,2,9,10,1
2014074030806,2,1,0,18,0,8,5,0,0,0,4,1,2,1,62,9,-1,-1,-1,5,1
2014074030842,1,9,0,18,0,0,0,0,0,0,1,1,3,2,43,7,1956,2,3,1,1
2014074031030,1,8,0,1,0,0,0,0,0,0,2,1,1,1,51,8,1910,2,6,3,1
2014074031030,2,4,0,18,0,0,0,0,0,0,2,1,6,2,27,6,125,1,1,2,1
2014074031116,1,9,0,17,0,0,0,0,0,0,3,1,6,1,-1,-1,2967,1,15,-1,-1
2014074031116,2,16,0,17,0,0,0,0,0,0,3,1,6,2,44,7,-1,-1,-1,7,1
2014074031375,1,9,0,9,0,8,0,0,0,0,4,1,6,1,30,6,1598,1,14,1,1
2014074031375,2,1,0,18,0,8,5,0,0,0,1,1,6,1,26,6,-1,-1,-1,3,2
2014074031457,1,9,0,8,0,5,0,0,0,0,0,1,6,3,-1,-1,-1,-1,-1,-1,-1
2014074031457,2,9,0,18,0,1,0,0,0,0,2,1,6,1,38,7,1968,2,7,2,1
2014074031457,3,9,0,18,0,1,0,0,0,0,1,1,2,1,42,7,-1,-1,-1,7,1
2014074031457,4,11,0,18,0,1,0,0,0,0,1,1,1,1,43,7,9360,2,2,4,2
2014074031828,1,9,0,18,0,0,0,0,0,0,1,1,3,2,36,7,3947,1,19,7,1
2014074031828,2,9,0,18,0,0,0,0,0,0,1,1,3,2,37,7,1598,1,10,10,1
2014074032179,1,9,0,5,0,1,0,0,3,11,1,1,6,2,24,5,1598,1,3,3,1
2014074032179,2,9,0,18,0,1,0,0,1,11,1,1,6,2,62,9,2400,2,2,10,1
2014074032331,1,9,0,18,0,8,0,0,0,0,1,1,2,2,31,6,1242,1,5,8,2
2014074032331,2,9,0,9,0,8,0,0,0,0,1,1,6,1,35,6,1229,1,9,6,1
2014074032388,1,9,0,17,0,1,0,0,0,0,3,1,2,1,48,8,1956,2,1,3,1
2014074032388,2,1,0,18,0,2,0,0,0,0,1,1,2,1,46,8,-1,-1,-1,9,1
2014074032400,1,9,0,9,0,1,0,0,0,0,3,2,6,1,-1,-1,1598,1,15,-1,-1
2014074032400,2,9,0,18,0,1,1,0,0,0,1,2,6,1,30,6,1796,1,11,2,1
2014074032400,3,9,0,7,0,1,0,0,0,0,3,2,6,1,46,8,1995,2,6,8,1
2014074032432,1,9,0,16,0,0,2,0,1,4,1,1,2,1,38,7,1998,1,21,6,3
2014074032583,1,9,0,4,0,4,0,0,0,0,1,1,2,2,32,6,1910,2,6,1,1
2014074032583,2,9,0,3,0,4,0,0,0,0,2,1,2,1,29,6,1796,1,6,6,1
2014074032795,1,9,0,18,0,8,0,0,0,0,1,1,1,1,39,7,-1,-1,-1,4,1
2014074032795,2,9,0,9,0,8,0,0,0,0,1,1,1,2,51,8,2179,2,4,8,3
2014074033037,1,9,0,9,0,8,1,0,0,0,1,1,1,2,42,7,1364,1,8,3,1
2014074033037,2,9,0,9,0,8,0,0,0,0,2,1,1,2,59,9,1242,1,6,10,1
2014074033069,1,9,0,18,0,4,0,0,0,0,1,1,2,2,60,9,1390,1,10,9,1
2014074033111,1,9,0,4,0,0,1,0,0,0,1,1,2,2,21,5,1149,1,4,4,1
2014074033111,2,9,0,3,0,0,0,0,0,0,2,1,6,1,45,7,1240,1,8,9,1
2014074033368,1,9,0,3,0,1,0,0,0,0,0,1,6,2,68,10,1783,1,11,10,1
2014074033883,1,9,0,18,0,0,1,0,0,0,1,1,3,1,40,7,-1,-1,-1,1,1
2014074033883,2,9,0,18,0,0,0,0,0,0,1,1,3,1,47,8,1598,1,8,10,1
2014074034158,1,9,0,18,0,0,0,0,0,0,0,1,6,3,-1,-1,-1,-1,-1,-1,-1
2014074034287,1,9,0,18,0,0,0,0,0,0,4,1,6,1,-1,-1,-1,-1,-1,-1,-1
2014074034308,1,21,1,4,0,0,0,0,0,0,1,1,1,1,35,6,12809,2,1,7,1
2014074034308,2,9,0,4,0,0,0,0,0,0,2,1,6,1,46,8,1896,2,10,6,3
2014074034308,3,21,1,4,0,0,0,0,0,0,2,1,1,1,60,9,11946,2,2,1,1
2014074034308,4,9,0,3,0,0,0,0,0,0,2,1,6,2,25,5,1299,1,9,10,2
2014074034516,1,9,0,18,0,0,0,0,0,0,1,1,6,2,19,4,998,1,2,10,1
2014074034516,2,1,0,18,0,0,0,0,0,0,2,1,2,1,50,8,-1,-1,-1,9,2
2014074034608,1,19,0,9,9,5,0,0,0,0,3,1,1,1,23,5,2287,2,4,-1,-1
2014074034976,1,9,0,17,0,0,0,0,7,7,0,1,6,1,23,5,1998,1,10,3,1
2014074035117,1,20,0,9,0,7,0,0,0,0,2,1,1,1,57,9,-1,-1,-1,8,1
2014074035117,2,9,0,18,0,1,0,0,0,0,1,1,6,1,48,8,1364,1,5,5,3
2014074035132,1,9,0,7,0,4,0,0,0,0,4,1,2,1,38,7,-1,-1,-1,8,3
2014074035132,2,19,0,18,0,4,0,0,0,0,3,1,6,2,54,8,-1,-1,-1,8,3
2014074035165,1,19,0,18,0,3,0,0,0,0,4,1,2,1,-1,-1,2143,2,1,-1,1
2014074035165,2,9,0,18,0,3,0,0,0,0,3,1,6,2,35,6,1240,1,9,5,1
2014074035259,1,9,0,9,0,1,0,0,0,0,0,1,6,2,-1,-1,-1,-1,-1,-1,-1
2014074035259,2,21,0,4,0,1,0,0,0,0,2,1,1,1,46,8,12902,2,1,4,2
2014074035259,3,9,0,4,0,1,0,0,0,0,2,1,6,1,45,7,-1,-1,-1,8,3
2014074035259,4,9,0,4,0,1,0,0,0,0,1,1,6,2,47,8,1753,2,14,6,3
2014074035272,1,9,0,18,0,8,0,0,0,0,1,1,6,2,71,10,1398,1,14,7,1
2014074035272,2,9,0,2,0,1,0,0,0,0,2,1,6,1,-1,-1,2987,2,5,10,1
2014074035308,1,9,0,9,0,5,0,0,0,0,0,1,6,3,-1,-1,-1,-1,-1,-1,-1
2014074035308,2,3,0,4,0,1,2,0,0,0,1,1,6,1,21,5,124,1,6,1,1
2014074035308,3,9,0,3,0,2,0,0,0,0,2,1,6,2,40,7,-1,-1,-1,9,1
2014074035410,1,1,0,17,0,0,0,0,0,0,1,1,2,1,58,9,-1,-1,-1,10,1
2014074035410,2,9,0,16,0,0,0,0,0,0,1,1,6,2,47,8,2199,2,2,9,2
2014074035504,1,9,0,9,0,6,0,0,0,0,3,1,6,2,46,8,1598,1,11,3,1
2014074035504,2,1,0,18,0,1,0,0,0,0,1,1,6,1,44,7,-1,-1,-1,-1,3
2014074035724,1,9,0,3,0,1,0,0,0,0,1,1,6,1,-1,-1,1248,2,1,2,1
2014074035724,2,9,0,3,0,1,0,0,0,0,2,1,6,2,46,8,1422,2,5,4,1
2014074035954,1,9,0,18,0,0,5,0,7,4,1,1,1,2,32,6,1998,2,9,-1,3
2014074035975,1,9,0,18,0,0,1,0,0,0,1,1,2,1,22,5,1910,2,9,-1,1
2014074035975,2,19,0,18,0,0,0,0,0,0,1,1,1,1,42,7,2198,2,2,10,1
2014074036197,1,9,0,13,0,1,0,0,7,10,1,1,6,1,65,9,1896,2,10,2,1
2014074036197,2,9,0,9,0,1,0,0,7,10,3,1,6,2,29,6,1124,1,12,7,1
2014074036209,1,9,0,9,0,4,0,0,0,0,1,1,6,1,36,7,698,1,9,1,1
2014074036422,1,9,0,18,0,0,1,0,5,6,1,1,6,2,22,5,1242,1,5,8,1
2014074036449,1,9,0,18,0,4,0,0,0,0,3,1,6,1,22,5,1997,2,14,8,3
2014074036449,2,9,0,18,0,3,0,0,5,1,1,1,6,1,50,8,1951,2,9,-1,3
2014074036923,1,9,0,16,6,0,1,0,0,0,1,1,2,1,51,8,1587,1,15,4,1
2014074036949,1,5,0,9,0,3,1,0,0,0,0,1,6,1,26,6,600,1,15,1,1
2014074037038,1,9,0,6,0,6,0,0,0,0,1,1,6,2,26,6,1299,1,15,6,1
2014074037038,2,9,0,18,0,1,1,0,0,0,1,1,6,1,64,9,3200,2,9,6,3
2014074037240,1,9,0,9,0,8,0,0,0,0,3,1,6,1,80,11,1390,1,12,3,1
2014074037240,2,9,0,18,0,8,0,0,0,0,1,1,6,1,63,9,1970,1,15,8,3
2014074037611,1,9,0,17,0,0,1,0,7,3,4,1,2,1,38,7,1149,1,15,-1,2
2014074037651,1,19,0,18,0,0,0,0,0,0,4,1,1,1,41,7,1753,2,9,7,1
2014074037755,1,9,0,18,0,8,0,0,0,0,4,1,6,3,-1,-1,-1,-1,-1,-1,-1
2014074038071,1,9,0,7,0,1,0,0,1,0,4,1,3,2,41,7,1796,1,8,10,1
2014074038071,2,1,0,18,0,1,0,0,0,0,1,1,6,1,47,8,-1,-1,-1,9,1
2014074038173,1,9,0,1,0,1,0,0,0,0,2,1,6,1,66,10,1951,2,11,5,1
2014074038173,2,9,0,10,0,1,0,0,0,0,1,1,6,1,42,7,1910,2,8,1,1
2014074038256,1,9,0,17,0,0,2,0,0,0,1,1,6,2,48,8,1598,1,6,5,1
2014074038262,1,9,0,16,0,0,1,0,1,11,1,1,6,1,22,5,2979,1,11,6,3
2014074038450,1,19,0,18,0,8,0,0,0,0,1,1,6,1,50,8,1560,2,3,10,1
2014074038450,2,19,0,3,0,8,0,0,0,0,2,1,1,1,48,8,1753,2,7,5,1
2014074038500,1,9,0,18,0,4,0,0,0,0,1,1,6,1,24,5,1799,1,8,2,1
2014074038500,2,1,0,18,0,8,0,0,0,0,4,1,6,1,64,9,-1,-1,-1,1,1
2014074038599,1,9,0,9,0,8,1,0,0,0,1,1,2,2,22,5,1998,1,13,2,2