Accident_Index,Vehicle_Reference,Vehicle_Type,Towing_and_Articulation,Vehicle_Manoeuvre,Vehicle_Location-Restricted_Lane,Junction_Location,Skidding_and_Overturning,Hit_Object_in_Carriageway,Vehicle_Leaving_Carriageway,Hit_Object_off_Carriageway,1st_Point_of_Impact,Was_Vehicle_Left_Hand_Drive?,Journey_Purpose_of_Driver,Sex_of_Driver,Age_of_Driver,Age_Band_of_Driver,Engine_Capacity_(CC),Propulsion_Code,Age_of_Vehicle,Driver_IMD_Decile,Driver_Home_Area_Type
2014074058791,1,9,0,2,0,1,0,0,0,0,4,1,6,2,62,9,4799,1,8,10,1
2014074058813,1,9,0,9,0,1,0,0,0,0,3,1,6,1,74,10,1973,1,13,8,3
2014074058813,2,9,0,18,0,2,0,0,1,0,1,1,6,2,37,7,1968,2,1,-1,-1
2014074058857,1,9,0,18,0,8,0,0,0,0,1,1,6,1,47,8,1332,1,16,1,1
2014074058857,2,9,0,18,0,8,0,0,0,0,3,1,2,1,38,7,1598,2,4,3,1
2014074059184,1,9,0,9,0,1,1,0,0,0,1,1,2,1,25,5,1229,1,-1,9,1
2014074059184,2,9,0,18,0,1,1,0,0,0,1,1,6,1,66,10,1896,2,10,3,1
2014074059184,3,9,0,8,0,1,0,0,0,0,1,1,6,2,45,7,1968,2,1,7,1
2014074059193,1,9,0,9,0,8,0,0,0,0,3,1,4,2,18,4,1299,1,11,2,1
2014074059193,2,9,0,18,0,1,0,0,0,0,1,1,3,2,26,6,1368,1,9,2,1
2014074059221,1,3,0,18,0,0,1,0,0,0,1,1,6,1,20,4,125,1,1,2,1
2014074059415,1,9,0,18,0,1,1,0,0,0,1,1,6,1,-1,-1,-1,-1,-1,9,1
2014074059415,2,9,0,3,0,1,0,0,0,0,2,1,1,1,39,7,1995,2,7,6,1
2014074059492,1,9,0,13,0,8,0,0,7,1,1,1,6,1,88,11,1422,2,5,8,1
2014074059492,2,9,0,9,0,5,0,0,1,3,3,1,6,2,62,9,1598,1,8,9,1
2014074059494,1,9,0,18,0,1,0,0,0,0,1,1,2,1,24,5,1900,2,10,-1,-1
2014074059494,2,9,0,18,0,1,0,0,0,0,2,1,1,1,37,7,2521,1,5,10,2
2014074059513,1,9,0,18,0,1,0,0,0,0,1,1,6,2,55,8,1397,1,6,6,3
2014074059513,2,9,0,7,0,1,0,0,1,11,2,1,1,2,24,5,1595,1,5,9,3
2014074059568,1,9,0,18,0,0,0,0,0,0,1,1,6,1,29,6,1493,1,15,7,1
2014074059568,2,9,0,4,0,0,0,0,0,0,1,1,3,2,35,6,1796,1,13,5,1
2014074059576,1,9,0,18,0,0,0,0,0,0,4,1,3,2,28,6,1596,1,12,1,1
2014074059610,1,9,0,17,0,8,0,0,0,0,3,1,1,1,30,6,1910,2,9,4,1
2014074059699,1,9,0,3,0,1,0,0,0,0,1,1,6,2,50,8,1242,1,8,2,1
2014074059699,2,8,0,4,0,2,0,0,0,0,2,1,1,1,29,6,-1,-1,-1,4,1
2014074059699,3,9,0,5,0,6,0,0,0,0,0,1,1,1,-1,-1,-1,-1,-1,-1,-1
2014074059719,1,9,0,6,0,0,0,0,0,0,3,1,6,2,48,8,1248,2,7,10,1
2014074059719,2,19,0,18,0,0,0,0,0,0,1,1,1,1,19,4,2299,2,2,-1,1
2014074059748,1,9,0,15,4,1,0,0,0,0,4,1,6,1,77,11,1395,1,1,10,1
2014074059748,2,1,0,5,4,1,0,10,1,0,3,1,6,1,22,5,-1,-1,-1,10,1
2014074059754,1,9,0,6,8,0,0,0,0,0,3,1,6,2,50,8,2958,2,8,10,1
2014074059754,2,9,0,18,0,0,0,0,0,0,1,1,6,2,37,7,1896,2,6,10,1
2014074059785,1,9,0,4,0,2,0,0,0,0,1,1,6,1,22,5,1229,1,2,10,1
2014074059785,2,9,0,3,0,2,0,0,0,0,2,1,2,2,32,6,1598,1,9,10,2
2014074059939,1,9,0,18,0,1,0,0,0,0,2,1,6,1,29,6,1910,2,9,4,1
2014074059939,2,1,0,18,0,6,0,0,0,0,1,1,6,1,18,4,-1,-1,-1,7,1
2014074060106,1,9,0,16,0,0,0,0,1,4,4,1,6,1,25,5,1242,1,4,9,1
2014074060187,1,19,0,4,0,0,0,0,0,0,1,1,1,1,45,7,2999,2,5,-1,1
2014074060187,2,9,0,4,0,0,0,0,0,0,2,1,2,1,55,8,1686,2,10,8,3
2014074060187,3,9,0,4,0,0,0,0,0,0,2,1,6,1,-1,-1,1968,2,1,-1,-1
2014074060248,1,9,0,18,0,0,5,4,0,0,1,1,6,1,70,10,1560,2,-1,2,1
2014074060248,2,9,0,2,0,0,0,0,0,0,2,1,6,2,-1,-1,1388,1,2,9,1
2014074060429,1,9,0,10,0,1,0,0,0,0,2,1,1,1,30,6,1560,2,2,6,3
2014074060429,2,9,0,18,0,1,0,0,0,0,1,1,6,2,56,9,1388,1,5,10,2
2014074060571,1,9,0,18,0,0,0,0,0,0,3,1,3,1,54,8,1796,1,10,-1,-1
2014074060822,1,9,0,16,0,0,0,0,0,0,2,1,6,1,25,5,1597,1,24,9,1
2014074060822,2,9,0,17,0,0,0,0,0,0,1,1,6,1,65,9,1388,1,5,8,1
2014074060822,3,9,0,17,0,0,0,0,0,0,4,1,6,2,25,5,1242,1,8,10,1
2014074060833,1,3,0,15,0,4,5,0,0,0,0,1,6,1,43,7,125,1,6,9,1
2014074060833,2,9,0,10,0,4,0,0,0,0,0,1,6,1,64,9,1390,1,13,5,3
2014074061028,1,9,0,18,0,5,0,0,0,0,1,1,6,1,-1,-1,-1,-1,-1,-1,-1
2014074061307,1,9,0,18,0,8,0,0,0,0,1,1,6,1,43,7,3222,2,11,9,3
2014074061307,2,9,0,10,0,1,0,0,0,0,2,1,6,1,48,8,-1,-1,-1,-1,1
2014074061363,1,9,0,6,0,0,0,0,0,0,3,1,2,1,-1,-1,2967,2,5,7,1
2014074061363,2,5,0,13,0,0,0,0,0,0,4,1,2,1,47,8,553,1,20,7,3
2014074061415,1,9,0,10,0,1,0,0,0,0,2,1,6,1,-1,-1,1598,2,2,-1,-1
2014074061415,2,9,0,10,0,1,0,0,0,0,1,1,6,2,37,7,1242,1,11,-1,-1
2014074061440,1,9,0,4,0,0,0,0,0,0,2,1,6,1,47,8,2993,2,5,8,3
2014074061440,2,1,0,18,0,0,0,0,0,0,1,1,6,1,21,5,-1,-1,-1,6,1
2014074061653,1,9,0,15,0,1,0,0,0,0,0,1,1,1,58,9,-1,-1,-1,8,2
2014074061840,1,9,0,9,0,8,0,0,0,0,3,1,6,1,46,8,1598,2,3,-1,1
2014074061840,2,9,0,18,0,8,0,0,0,0,3,1,1,1,51,8,1299,1,13,3,1
2014074062150,1,1,0,18,9,8,0,0,0,0,3,1,4,1,14,3,-1,-1,-1,9,1
2014074062150,2,9,0,5,0,8,0,0,0,0,1,1,1,1,32,6,1389,1,12,5,1
2014074062157,1,9,0,5,9,0,0,0,0,0,3,1,6,1,69,10,1198,1,8,7,1
2014074062157,2,19,0,2,9,0,0,0,0,0,1,1,1,1,56,9,1560,2,1,1,1
2014074062157,3,21,1,18,0,0,0,0,0,0,1,1,1,1,42,7,12740,2,2,-1,-1
2014074062176,1,9,0,18,0,4,0,0,0,0,1,1,6,1,-1,-1,2993,2,3,4,3
2014074062176,2,1,0,18,0,8,0,0,0,0,4,1,1,1,24,5,-1,-1,-1,2,1
2014074062673,1,9,0,14,0,0,0,0,0,0,1,1,2,1,25,5,1242,1,11,10,1
2014074062673,2,9,0,3,0,0,0,0,0,0,0,1,2,2,41,7,1968,2,1,10,1
2014074062673,3,9,0,18,0,0,0,0,0,0,1,1,2,1,46,8,1798,1,6,9,1
2014074062677,1,9,0,3,0,1,0,0,0,0,1,1,6,1,26,6,1242,1,5,8,1
2014074062677,2,9,0,18,0,1,0,0,0,0,2,1,2,2,26,6,1242,1,1,5,1
2014074062716,1,19,0,9,0,8,0,0,0,0,3,1,2,1,34,6,1995,2,1,3,1
2014074062716,2,4,0,18,0,1,0,0,0,0,1,1,2,1,31,6,645,1,14,6,3
2014074062734,1,9,0,18,0,0,0,0,0,0,1,1,1,1,38,7,1229,1,3,-1,1
2014074062734,2,9,0,18,0,0,0,0,0,0,2,1,1,1,49,8,1968,2,5,-1,3
2014074062734,3,9,0,18,0,0,0,0,0,0,0,1,1,1,40,7,2987,2,7,9,2
2014074062919,1,9,0,9,0,5,0,0,0,0,4,1,6,1,81,11,1999,1,12,3,1
2014074062919,2,3,0,18,0,1,0,0,1,0,1,1,6,1,17,4,125,1,-1,5,1
2014074063406,1,19,0,8,0,2,0,0,0,0,1,1,1,1,54,8,1968,2,2,1,1
2014074063426,1,9,0,18,0,4,0,0,0,0,1,1,6,2,-1,-1,-1,-1,-1,-1,-1
2014074063426,2,1,0,18,0,8,0,0,0,0,2,1,6,1,53,8,-1,-1,-1,3,1
2014074063622,1,9,0,4,0,1,0,0,0,0,2,1,6,1,-1,-1,-1,-1,-1,-1,-1
2014074063622,2,9,0,2,0,1,0,0,0,0,0,1,6,2,59,9,1596,1,12,8,1
2014074063638,1,5,0,13,0,0,0,0,0,0,1,1,1,1,35,6,-1,-1,-1,-1,1
2014074063638,2,9,0,9,0,0,0,0,0,0,3,1,1,1,45,7,-1,-1,-1,-1,3
2014074063700,1,9,0,18,0,0,0,0,0,0,1,1,6,2,58,9,1297,1,27,-1,-1
2014074063894,1,9,0,1,9,8,0,0,0,0,1,1,1,2,25,5,1582,2,1,-1,-1
2014074064093,1,9,0,17,0,0,1,0,0,0,4,1,6,1,31,6,1360,1,13,2,1
2014074064093,2,9,0,2,6,0,0,0,0,0,2,1,6,3,-1,-1,1390,1,8,-1,-1
2014074064306,1,5,0,5,0,0,0,0,0,0,4,1,6,1,52,8,1157,1,8,10,1
2014074064392,1,9,0,18,0,0,0,0,0,0,1,1,1,1,50,8,1296,1,6,2,1
2014074064392,2,9,0,4,0,0,0,0,0,0,2,1,1,1,44,7,1798,1,6,5,1
2014074064392,3,9,0,8,0,0,0,0,0,0,2,1,1,2,67,10,1598,1,8,10,1
2014074064528,1,9,0,18,0,0,0,0,0,0,1,1,6,1,65,9,1596,1,12,8,1
2014074064528,2,9,0,18,0,0,0,0,0,0,2,1,6,1,55,8,1600,2,4,7,1
2014074065258,1,9,0,16,0,0,0,0,0,0,1,1,1,1,58,9,1590,1,15,3,1
2014074065258,2,9,0,16,0,0,0,0,0,0,2,1,1,2,18,4,1229,1,5,7,3
2014074065413,1,1,0,18,0,0,5,0,0,0,1,1,6,1,43,7,-1,-1,-1,5,3
2014074065413,2,1,0,18,0,0,5,0,0,0,2,1,6,1,38,7,-1,-1,-1,4,1
2014074065419,1,9,0,5,0,4,0,0,0,0,1,1,6,1,67,10,1598,1,3,7,1
2014074065419,2,1,0,18,0,8,0,0,0,0,2,1,6,2,57,9,-1,-1,-1,10,3
2014074065504,1,9,0,9,0,0,0,0,0,0,3,1,6,1,33,6,2495,2,15,1,1
2014074065504,2,5,0,14,0,0,0,0,0,0,4,1,6,1,54,8,1462,1,16,9,1
2014074065554,1,9,0,9,0,1,0,0,0,0,4,1,6,2,22,5,1796,1,12,3,1
2014074065554,2,1,0,18,0,1,0,0,0,0,1,1,6,1,31,6,-1,-1,-1,8,1
2014074065608,1,5,0,7,0,1,0,0,0,0,1,1,6,1,42,7,599,1,7,-1,-1
2014074065608,2,9,0,10,0,1,0,0,0,0,3,1,6,1,54,8,-1,-1,-1,7,3
2014074065632,1,9,0,13,0,0,0,0,0,0,0,1,6,1,38,7,2179,2,2,8,1
2014074065632,2,1,0,18,0,0,0,0,0,0,0,1,6,1,49,8,-1,-1,-1,6,1
2014074065658,1,9,0,9,0,2,0,0,0,0,1,1,6,2,44,7,1248,1,1,10,1
2014074065658,2,9,0,4,0,1,0,0,0,0,1,1,6,1,56,9,1596,1,-1,5,1
2014074065684,1,9,0,18,0,0,1,0,0,0,1,1,6,2,38,7,1090,1,18,10,2
2014074065684,2,9,0,4,0,0,0,0,0,0,2,1,6,1,21,5,1124,1,13,4,1
2014074066188,1,9,0,18,0,0,0,0,0,0,1,1,2,1,38,7,1798,1,10,-1,-1
2014074066188,2,19,0,4,0,0,0,0,0,0,2,1,2,1,56,9,1870,2,9,10,1
2014074066369,1,9,0,18,0,1,1,0,0,0,1,1,6,1,75,10,1598,1,1,8,2
2014074066369,2,9,0,7,0,5,0,0,0,0,2,1,6,1,39,7,1149,1,14,4,1
2014074066477,1,3,0,5,0,6,0,0,0,0,3,1,2,1,24,5,124,1,3,6,1
2014074066477,2,9,0,18,0,8,0,0,0,0,1,2,6,1,34,6,-1,-1,-1,4,1
2014074066483,1,9,0,18,0,0,0,0,0,0,1,1,6,2,-1,-1,1968,2,5,10,1
2014074066483,2,9,0,18,0,0,0,0,0,0,1,1,6,1,49,8,1995,2,9,10,1
2014074066483,3,19,0,18,0,0,0,0,0,0,1,1,6,2,-1,-1,-1,-1,-1,10,1
2014074066668,1,9,0,4,0,0,0,0,0,0,2,1,6,1,49,8,2148,2,9,10,1
2014074066668,2,9,0,4,0,0,0,0,0,0,1,1,6,1,33,6,1910,2,7,1,1
2014074066768,1,9,5,18,0,8,0,0,0,0,0,1,1,1,-1,-1,1798,1,12,-1,-1
2014074066768,2,9,5,10,0,2,0,0,0,0,0,1,1,1,-1,-1,1798,1,13,-1,-1
2014074066768,3,1,0,18,0,1,5,0,0,0,1,1,6,1,52,8,-1,-1,-1,-1,-1
2014074066783,1,9,0,18,0,0,0,0,0,0,1,1,6,1,-1,-1,-1,-1,-1,-1,-1
2014074066783,2,9,0,18,0,0,0,0,0,0,2,1,6,2,43,7,2497,2,7,7,1
2014074067334,1,9,0,9,0,8,0,0,0,0,1,1,6,1,-1,-1,2354,1,7,-1,-1
2014074067334,2,9,0,15,0,8,0,0,0,0,3,1,6,2,25,5,1461,2,1,8,1
2014074067586,1,9,0,18,0,0,1,0,0,0,0,1,1,1,34,6,973,1,11,-1,-1
2014074067586,2,19,0,18,0,0,0,0,0,0,1,1,1,1,34,6,2402,2,6,-1,-1
2014074067718,1,9,0,7,0,1,0,0,0,0,2,1,6,1,72,10,1798,1,1,1,1
2014074067718,2,1,0,18,0,1,0,0,0,0,3,1,6,1,34,6,-1,-1,-1,2,1
2014074067725,1,9,0,9,0,5,0,0,0,0,4,1,6,1,71,10,3498,1,9,10,1
2014074067725,2,1,0,18,0,8,0,0,0,0,3,1,6,1,28,6,-1,-1,-1,9,3
2014074067745,1,9,0,5,0,4,0,0,0,0,3,1,6,2,56,9,1229,1,6,-1,-1
2014074067745,2,1,0,18,0,8,0,0,0,0,4,1,2,1,46,8,-1,-1,-1,-1,-1
2014074068025,1,1,0,18,0,8,0,0,0,0,1,1,6,1,21,5,-1,-1,-1,7,1
2014074068025,2,9,0,9,0,8,0,0,0,0,4,1,6,2,20,4,1242,1,10,10,1
2014074068233,1,9,0,18,0,0,0,0,0,0,1,1,2,2,30,6,1560,2,5,2,1
2014074068233,2,9,0,18,0,0,0,0,0,0,2,1,6,1,55,8,1968,2,2,-1,2
2014074068233,3,9,0,18,0,0,0,0,0,0,2,1,6,1,33,6,1896,2,10,6,1
2014074068233,4,9,0,18,0,0,0,0,0,0,2,1,6,1,44,7,1798,8,1,9,1
2014074068233,5,9,0,18,0,0,0,0,0,0,2,1,6,1,49,8,1896,2,11,-1,3
2014074068233,6,19,0,18,0,0,0,0,0,0,1,1,1,1,35,6,2198,2,2,6,1
2014074068308,1,9,0,7,0,1,0,0,0,0,1,1,2,2,39,7,1149,1,6,7,1
2014074068308,2,1,0,18,0,1,0,0,0,0,1,1,2,1,29,6,-1,-1,-1,-1,1
2014074068349,1,9,0,3,0,0,0,0,0,0,0,1,1,1,43,7,2993,2,4,10,3
2014074068349,2,9,0,3,0,0,0,0,0,0,1,1,1,1,59,9,1968,2,1,10,1
2014074068349,3,9,0,5,0,0,0,0,0,0,1,1,1,2,49,8,1598,2,1,4,1
2014074068463,1,9,0,16,0,1,0,0,0,0,1,1,6,2,38,7,1986,2,7,10,1
2014074068463,2,9,0,8,0,1,0,0,0,0,2,1,6,1,-1,-1,1796,1,12,2,1
2014074068780,1,9,0,17,0,6,0,0,1,8,1,1,3,2,72,10,1248,1,4,9,1
2014074069349,1,9,0,7,0,5,0,0,0,0,1,1,2,2,27,6,1360,1,10,3,1
2014074069349,2,9,0,18,0,2,1,0,0,0,4,1,2,2,61,9,1388,1,6,9,1
2014074069349,3,9,0,18,0,1,1,0,0,0,3,1,2,1,-1,-1,1998,2,6,3,1
2014074069566,1,9,0,5,0,6,0,0,0,0,3,1,6,2,75,10,1596,1,3,6,1
2014074069566,2,20,0,18,0,1,0,0,0,0,1,1,1,1,63,9,-1,-1,-1,9,2
2014074069666,1,2,0,18,0,0,0,0,0,0,1,1,6,1,41,7,49,1,3,9,1
2014074069675,1,9,0,3,0,1,0,0,0,0,1,1,1,1,38,7,1248,2,5,-1,-1
2014074069675,2,9,0,10,0,1,0,0,0,0,2,1,6,1,22,5,1364,1,8,6,1
2014074069846,1,8,0,5,0,0,0,0,0,0,0,1,1,1,-1,-1,1753,2,11,-1,-1
2014074069929,1,19,0,5,0,0,0,0,0,0,3,1,1,1,40,7,1560,2,2,-1,-1
2014074070009,1,9,0,18,0,0,0,10,1,2,1,1,1,2,29,6,2477,2,9,7,1
2014074070211,1,19,0,17,0,0,2,0,2,10,4,1,6,1,40,7,-1,-1,-1,3,1
2014074070572,1,9,0,4,0,0,0,0,0,0,2,1,6,1,40,7,1587,1,7,6,1
2014074070572,2,9,0,4,0,0,0,0,0,0,1,1,6,1,40,7,1560,2,2,6,1
2014074070675,1,9,0,9,0,8,0,0,0,0,4,1,1,1,48,8,1461,2,2,-1,-1
2014074070675,2,1,0,18,0,8,0,0,0,0,1,1,6,1,49,8,-1,-1,-1,7,1
2014074070717,1,9,0,18,0,0,0,0,1,10,3,1,6,1,75,10,1582,2,4,3,1
2014074070717,2,9,0,18,0,0,0,0,0,0,3,1,1,1,50,8,1896,2,8,4,1
2014074070736,1,9,0,4,0,0,1,0,1,7,1,1,6,1,31,6,1149,1,14,5,1
2014074070736,2,9,0,18,0,0,0,0,1,0,2,1,6,2,41,7,1997,1,9,2,1
2014074070736,3,21,1,18,0,0,0,0,0,0,3,1,1,1,43,7,11967,2,2,-1,-1
2014074071064,1,9,0,11,0,0,0,0,0,0,0,1,6,1,19,4,1587,1,11,7,1
2014074071064,2,10,0,18,0,0,0,0,0,0,0,1,1,1,64,9,-1,-1,-1,10,2
2014074071120,1,9,0,9,0,2,0,0,0,0,1,1,6,2,23,5,2400,2,6,2,1
2014074071120,2,2,0,18,0,1,0,0,0,0,3,1,6,1,29,6,124,1,14,1,1
2014074071129,1,1,0,9,0,1,0,0,0,0,3,1,6,2,22,5,-1,-1,-1,5,1
2014074071129,2,9,0,13,0,1,0,0,0,0,4,1,6,2,55,8,1560,2,10,10,1
2014074071285,1,9,0,18,0,8,0,0,0,0,1,1,6,2,35,6,1997,2,1,9,1
2014074071554,1,9,0,18,0,0,0,0,1,7,1,1,6,2,21,5,1560,2,4,-1,-1
2014074071735,1,9,0,17,0,0,1,0,1,10,2,1,2,2,33,6,1149,1,11,9,2
2014074071897,1,19,0,18,0,1,0,0,0,0,1,1,1,1,38,7,2198,2,-1,3,1
2014074071897,2,9,0,3,0,1,0,0,0,0,2,1,6,1,38,7,1598,1,6,1,1
2014074071897,3,9,0,3,0,1,0,0,0,0,2,1,6,2,55,8,1364,1,9,10,1
2014074072080,1,9,0,6,0,8,0,0,0,0,1,1,6,2,42,7,2179,2,1,8,3
2014074072080,2,1,0,18,0,8,0,0,0,0,3,1,6,1,32,6,-1,-1,-1,-1,-1
2014074072118,1,9,0,2,0,0,0,0,0,0,3,1,6,2,55,8,1896,2,11,10,1
2014074072118,2,1,0,14,0,0,0,8,0,0,4,1,6,1,18,4,-1,-1,-1,9,1
2014074072823,1,9,0,7,0,5,0,0,0,0,4,1,6,2,29,6,1242,1,6,-1,-1
2014074072851,1,1,0,16,0,1,2,0,0,0,1,1,6,1,47,8,-1,-1,-1,7,1
2014074072851,2,9,0,17,0,1,0,0,0,0,1,1,6,1,65,9,1910,2,7,10,3
2014074072906,1,8,0,9,0,5,0,0,0,0,1,1,1,1,50,8,1753,2,12,5,1
2014074072906,2,5,0,18,0,8,5,0,0,0,1,1,6,1,49,8,929,1,13,9,1
2014074073010,1,9,0,18,0,1,0,0,0,0,4,1,6,1,48,8,1598,1,10,2,1
2014074073186,1,9,0,18,0,1,0,0,0,0,1,1,6,1,66,10,1995,2,9,9,1
2014074073227,1,9,0,11,0,1,0,0,0,0,4,1,6,2,25,5,1229,1,4,-1,3
2014074073227,2,9,0,18,0,1,0,0,0,0,3,1,1,1,27,6,1968,2,5,-1,2
2014074073550,1,9,0,16,0,0,2,0,0,7,1,1,6,1,59,9,1910,2,9,1,1
2014074073790,1,9,0,9,0,8,0,0,0,0,3,1,1,2,50,8,1242,1,3,1,1
2014074073790,2,9,0,18,0,8,0,0,0,0,1,1,6,2,46,8,1896,2,9,4,1
2014074074109,1,9,0,1,0,6,0,0,0,0,2,1,6,2,-1,-1,-1,-1,-1,-1,-1
2014074074109,2,1,0,18,0,8,0,0,0,0,1,1,6,1,22,5,-1,-1,-1,5,1
2014074074210,1,11,0,18,0,2,0,0,0,0,1,1,1,1,50,8,4461,2,2,-1,-1
2014074074354,1,9,0,18,0,4,0,0,0,0,1,1,6,1,77,11,-1,-1,-1,-1,-1
2014074074354,2,1,0,18,0,4,5,0,0,0,1,1,1,1,42,7,-1,-1,-1,-1,-1
2014074074785,1,1,0,18,0,8,0,0,0,0,1,1,2,1,47,8,-1,-1,-1,6,1
2014074074785,2,9,0,18,0,1,0,0,0,0,1,1,6,1,59,9,2143,2,2,9,1
2014074075007,1,21,1,18,0,0,0,0,1,10,4,1,1,1,61,9,12580,2,8,6,1
2014074075139,1,9,0,9,0,0,0,0,0,0,0,1,2,1,37,7,1242,1,12,3,1
2014074075139,2,1,0,18,0,0,0,0,0,0,4,1,6,1,40,7,-1,-1,-1,-1,1
2014074075195,1,11,0,18,0,1,0,0,0,0,1,1,1,1,55,8,4461,2,1,3,1
2014074075329,1,9,0,9,0,6,0,0,0,0,1,1,6,1,83,11,1596,1,7,4,1
2014074075329,2,9,0,18,0,1,0,0,0,0,3,1,3,2,40,7,1399,2,9,6,1
2014074075422,1,9,0,14,0,0,0,0,0,0,4,1,6,2,-1,-1,1388,1,10,-1,-1
2014074075422,2,9,0,2,0,0,0,0,0,0,4,1,6,2,21,5,1299,1,13,-1,-1
2014074075485,1,9,0,7,0,2,0,0,0,0,1,1,6,1,-1,-1,2200,1,14,-1,-1
2014074075485,2,1,0,18,9,8,0,0,0,0,3,1,2,1,20,4,-1,-1,-1,10,2
2014074075886,1,9,0,18,0,2,0,10,7,0,3,1,6,3,-1,-1,-1,-1,-1,-1,-1
2014074076048,1,9,0,18,0,1,0,0,0,0,1,1,6,1,79,11,1299,1,10,9,3
2014074076048,2,9,0,3,0,1,0,0,0,0,2,1,6,1,81,11,-1,-1,-1,1,1
2014074076048,3,9,0,3,0,1,0,0,0,0,2,1,6,2,22,5,1598,2,-1,2,1
2014074076218,1,9,0,5,0,8,0,0,0,0,1,1,6,1,48,8,1360,1,5,9,1
2014074076427,1,9,0,18,0,0,0,0,0,0,1,1,1,2,30,6,1242,1,6,4,1
2014074076427,2,9,0,2,0,0,0,0,0,0,2,1,1,1,35,6,1910,2,7,4,1
2014074076427,3,9,0,2,0,0,0,0,0,0,2,1,1,1,54,8,1399,2,7,-1,-1
2014074076873,1,9,0,5,0,4,0,0,0,0,1,1,2,1,43,7,1364,2,7,3,1
2014074076873,2,1,0,17,0,8,0,0,0,0,2,1,2,1,40,7,-1,-1,-1,6,1
2014074076947,1,9,0,18,0,8,0,0,0,0,4,1,1,2,52,8,1587,1,11,8,2
2014074076947,2,5,0,18,0,8,0,0,0,0,3,1,2,1,40,7,1237,1,-1,3,3
2014074077145,1,9,0,10,0,1,0,0,0,0,1,1,6,2,-1,-1,1910,2,8,9,2
2014074077145,2,9,0,10,0,1,0,0,0,0,1,1,6,2,73,10,1339,1,7,4,1
2014074077278,1,19,0,18,0,1,0,0,0,0,1,1,6,3,-1,-1,-1,-1,-1,-1,-1
2014074077278,2,9,0,9,0,1,0,0,0,0,2,1,6,2,37,7,1560,2,2,2,1
2014074077309,1,9,0,18,0,0,0,0,0,0,1,1,6,2,52,8,1997,2,11,8,1
2014074077309,2,9,0,18,0,0,0,0,0,0,1,1,6,2,27,6,1360,1,8,6,3
2014074077380,1,9,0,9,0,5,0,0,0,0,0,1,6,1,-1,-1,1332,1,18,4,1
2014074077380,2,9,0,18,0,8,0,0,0,0,2,1,2,2,40,7,1598,2,1,4,1
2014074077380,3,9,0,18,0,8,0,0,0,0,1,1,6,1,43,7,1396,1,14,4,1
2014074077818,1,17,4,9,0,6,0,0,0,0,0,1,6,1,-1,-1,-1,-1,-1,-1,-1
2014074077818,2,19,0,18,0,1,2,0,1,10,2,1,2,1,33,6,1753,2,8,4,1
2014074077818,3,19,0,18,0,1,1,0,0,0,1,1,2,1,56,9,2148,2,7,2,1
2014074077961,1,9,0,9,0,6,0,0,0,0,0,1,6,2,-1,-1,1998,1,6,7,1
2014074077961,2,9,0,18,0,8,0,0,0,0,4,1,6,1,45,7,1242,1,9,8,1
2014074078080,1,20,0,18,0,1,0,0,0,0,4,1,1,1,42,7,-1,-1,-1,4,1
2014074078224,1,9,0,3,0,0,0,0,0,0,1,1,6,1,33,6,2143,2,2,7,1
2014074078224,2,9,0,3,0,0,0,0,0,0,1,1,6,1,57,9,1798,1,7,9,1
2014074078224,3,9,0,3,0,0,0,0,0,0,1,1,6,1,35,6,1461,2,5,4,1
2014074078224,4,9,0,3,0,0,0,0,0,0,1,1,6,1,31,6,-1,-1,-1,6,2
2014074078224,5,9,0,3,0,0,0,0,0,0,1,1,6,1,36,7,2979,1,10,8,1
2014074078224,6,9,0,3,0,0,0,0,0,0,1,1,6,1,36,7,2993,2,10,1,1
2014074078224,7,9,0,3,0,0,0,0,0,0,2,1,6,2,26,6,1598,1,3,6,1
2014074078238,1,9,0,18,0,1,0,0,0,0,1,1,6,2,-1,-1,1587,1,14,-1,-1
2014074078238,2,9,0,3,0,1,0,0,0,0,2,1,6,1,63,9,1596,1,1,1,1
2014074078334,1,9,0,18,0,8,0,0,1,2,1,1,6,2,75,10,1199,1,12,8,1
2014074078395,1,9,0,18,0,0,2,0,1,9,1,1,2,1,53,8,1686,2,13,2,1
2014074078488,1,1,0,18,9,1,1,0,0,0,1,1,6,1,19,4,-1,-1,-1,2,1
2014074078488,2,9,0,3,0,2,0,0,0,0,4,1,6,2,30,6,1339,1,3,8,1
2014074078628,1,9,0,18,0,0,0,0,0,0,1,1,6,1,38,7,2494,2,5,-1,-1
2014074078628,2,9,0,18,0,0,0,0,0,0,2,1,6,2,56,9,1598,1,7,9,3
2014074078779,1,9,0,5,0,4,0,0,0,0,3,1,6,2,68,10,1390,1,15,-1,2
2014074078779,2,9,0,5,0,4,0,9,0,0,4,1,6,1,20,4,1796,1,10,7,1
2014074078792,1,9,0,18,0,0,0,0,0,0,2,1,6,1,23,5,1149,1,12,7,1
2014074078840,1,9,0,17,0,0,5,0,0,7,4,1,6,2,19,4,1596,1,13,7,2
2014074078954,1,9,0,7,0,8,0,0,1,2,3,1,6,2,-1,-1,1299,1,15,6,1