Accident_Index,Vehicle_Reference,Vehicle_Type,Towing_and_Articulation,Vehicle_Manoeuvre,Vehicle_Location-Restricted_Lane,Junction_Location,Skidding_and_Overturning,Hit_Object_in_Carriageway,Vehicle_Leaving_Carriageway,Hit_Object_off_Carriageway,1st_Point_of_Impact,Was_Vehicle_Left_Hand_Drive?,Journey_Purpose_of_Driver,Sex_of_Driver,Age_of_Driver,Age_Band_of_Driver,Engine_Capacity_(CC),Propulsion_Code,Age_of_Vehicle,Driver_IMD_Decile,Driver_Home_Area_Type
2014074078979,1,9,0,16,0,0,2,10,7,4,1,1,6,1,34,6,2792,1,8,-1,-1
2014074079031,1,9,0,18,0,8,0,0,0,0,1,1,6,1,26,6,1596,1,10,2,1
2014074079031,2,17,0,18,0,8,0,0,0,0,2,1,1,1,24,5,6702,2,-1,10,2
2014074079215,1,9,0,18,0,8,0,0,0,0,4,1,6,1,33,6,1796,1,11,7,1
2014074079215,2,9,0,18,0,1,1,0,0,0,1,1,6,2,33,6,1997,2,10,10,1
2014074079215,3,9,0,8,0,1,0,0,0,0,3,1,6,2,33,6,1896,2,12,10,1
2014074079215,4,9,0,8,0,1,0,0,0,0,1,1,6,1,52,8,1461,2,6,8,1
2014074079258,1,9,0,18,0,6,0,0,0,0,1,1,6,2,25,5,1598,1,9,-1,-1
2014074079258,2,9,0,9,0,6,0,0,0,0,4,1,6,2,29,6,1360,1,9,1,1
2014074079331,1,9,0,18,0,0,1,0,1,9,1,1,6,1,50,8,-1,-1,-1,4,1
2014074079345,1,9,0,7,0,1,0,0,0,0,1,1,1,1,28,6,1796,1,8,5,1
2014074079345,2,9,0,4,0,1,0,0,0,0,1,1,6,2,52,8,1229,1,10,10,1
2014074079375,1,9,0,3,0,1,0,0,0,0,1,1,6,1,25,5,-1,-1,-1,2,1
2014074079375,2,9,0,7,0,8,0,0,0,0,2,1,6,2,20,4,1328,1,9,8,1
2014074079512,1,9,0,18,0,0,1,0,2,7,1,1,6,1,76,11,1299,1,8,5,3
2014074079907,1,9,0,18,0,0,0,0,1,4,1,1,6,2,62,9,1197,1,4,3,1
2014074079926,1,9,0,18,0,0,0,0,0,0,1,1,6,1,58,9,1461,2,9,1,1
2014074079941,1,9,0,18,0,0,0,0,0,0,1,2,2,2,26,6,1242,1,6,5,1
2014074080263,1,8,0,9,0,4,0,0,0,0,1,1,1,1,43,7,1896,2,9,6,1
2014074080263,2,9,0,3,0,1,0,0,0,0,2,1,6,2,18,4,698,1,10,8,3
2014074080462,1,9,0,13,0,0,0,0,8,0,4,1,6,1,70,10,1896,2,5,10,1
2014074080462,2,9,0,14,0,0,0,0,0,0,3,1,6,1,67,10,-1,-1,-1,4,1
2014074080462,3,19,0,2,0,0,0,0,0,0,2,1,6,1,56,9,1995,2,5,-1,-1
2014074080462,4,9,0,2,9,0,0,0,0,0,4,1,6,2,27,6,2179,2,3,-1,-1
2014074080462,5,9,3,2,0,0,0,0,0,0,2,1,6,1,56,9,2400,2,7,9,3
2014074080464,1,9,0,5,0,4,0,0,0,0,0,1,6,2,-1,-1,-1,-1,-1,-1,-1
2014074080464,2,1,0,5,0,4,0,0,0,0,0,1,6,1,20,4,-1,-1,-1,-1,-1
2014074080476,1,9,0,18,0,0,0,0,0,0,4,1,6,1,64,9,2497,2,18,-1,-1
2014074080841,1,5,0,18,0,1,2,0,1,0,1,1,6,1,24,5,599,1,16,2,1
2014074080841,2,19,0,2,0,1,0,0,0,0,2,1,1,1,58,9,2402,2,13,2,1
2014074080871,1,5,0,18,0,0,1,0,1,0,0,1,2,1,56,9,1215,1,1,-1,2
2014074080879,1,9,0,18,0,0,0,0,0,0,0,1,6,1,35,6,1968,2,8,5,1
2014074080879,2,9,0,2,9,0,0,0,0,0,0,1,6,2,39,7,1360,1,10,3,1
2014074080900,1,21,0,5,0,2,0,0,0,0,1,1,1,1,-1,-1,6870,2,3,-1,-1
2014074080900,2,1,0,5,0,2,0,0,1,0,3,1,2,2,50,8,-1,-1,-1,1,1
2014074081004,1,9,0,18,0,0,0,0,1,2,1,1,1,2,55,8,1242,1,6,-1,3
2014074081090,1,19,0,1,0,6,0,0,0,0,2,1,6,3,-1,-1,2198,2,1,-1,-1
2014074081090,2,19,0,18,0,8,0,0,0,0,3,1,6,1,48,8,2179,2,11,10,1
2014074081434,1,9,0,9,0,8,0,0,0,0,4,1,2,2,61,9,1968,2,2,8,3
2014074081434,2,9,0,18,0,8,0,0,0,0,1,1,2,1,25,5,1968,2,9,7,3
2014074081743,1,9,0,18,0,1,1,0,1,7,1,1,6,1,22,5,1124,1,12,5,1
2014074081886,1,21,1,16,0,0,4,0,0,0,0,1,1,1,33,6,11967,2,4,-1,-1
2014074082051,1,1,0,10,0,6,1,0,0,0,3,1,6,1,22,5,-1,-1,-1,4,1
2014074082051,2,19,0,18,0,1,0,0,0,0,1,1,1,1,50,8,2198,2,2,8,1
2014074082154,1,2,0,18,0,8,1,0,0,0,0,1,6,1,18,4,49,1,2,1,1
2014074082362,1,9,0,16,0,0,1,0,4,7,1,1,2,1,48,8,1998,1,16,8,1
2014074082370,1,9,0,16,0,0,2,0,1,0,4,1,3,2,44,7,1870,2,12,-1,-1
2014074082563,1,9,0,5,0,6,0,0,0,0,3,1,6,2,40,7,1560,2,3,10,1
2014074082563,2,19,0,18,0,1,1,0,0,0,1,1,6,1,41,7,1686,2,11,5,1
2014074082589,1,9,0,9,0,6,0,0,0,0,3,1,6,1,21,5,1242,1,12,3,1
2014074082589,2,3,0,13,0,8,5,0,7,0,1,1,2,1,36,7,50,1,2,-1,1
2014074082614,1,9,0,7,0,0,0,0,0,0,1,1,6,3,-1,-1,-1,-1,-1,-1,-1
2014074082614,2,9,0,2,0,0,0,0,0,0,1,1,6,1,-1,-1,1598,1,6,5,1
2014074082628,1,21,1,11,0,0,0,0,0,0,4,1,1,1,60,9,12600,2,11,10,1
2014074082628,2,9,0,18,0,0,1,0,0,0,3,1,2,2,42,7,1598,2,2,10,1
2014074083317,1,19,0,18,0,0,0,0,0,0,1,1,1,1,46,8,-1,-1,-1,4,1
2014074083317,2,9,0,18,0,0,0,0,0,0,1,1,2,1,50,8,-1,-1,-1,8,3
2014074083333,1,9,0,11,0,0,0,0,0,0,2,1,6,1,33,6,1900,2,10,1,1
2014074083333,2,9,0,18,0,0,0,0,0,0,1,1,6,2,49,8,1396,1,11,1,1
2014074083473,1,9,0,18,0,3,0,0,0,0,3,1,1,2,58,9,1242,1,5,-1,1
2014074083473,2,9,0,18,0,3,0,0,0,0,4,1,6,2,27,6,1560,2,1,2,1
2014074083835,1,5,0,5,0,8,0,0,0,0,1,1,6,1,30,6,690,1,2,5,1
2014074083835,2,9,0,9,0,5,0,0,0,0,3,1,6,2,18,4,1198,1,4,7,1
2014074084322,1,2,0,18,0,1,0,0,0,0,1,1,4,1,16,4,49,1,15,5,1
2014074084329,1,19,0,4,0,4,0,0,0,0,1,1,1,1,63,9,-1,-1,-1,1,1
2014074084329,2,19,0,5,0,4,0,0,0,0,2,1,1,1,27,6,1997,2,12,5,1
2014074084543,1,9,0,7,0,1,0,0,1,0,1,1,1,1,29,6,1598,1,15,9,2
2014074084543,2,9,0,18,0,1,0,0,0,0,4,1,6,2,45,7,1598,1,11,7,2
2014074084766,1,9,0,9,0,5,0,0,0,0,4,1,6,1,69,10,1968,2,5,6,1
2014074084766,2,9,0,18,0,8,0,0,0,0,3,1,6,2,42,7,1998,1,12,2,1
2014074084842,1,9,0,4,0,1,0,0,0,0,1,1,6,1,52,8,2295,1,14,8,1
2014074084842,2,9,0,4,0,1,0,0,0,0,2,1,6,1,44,7,-1,-1,-1,8,1
2014074084853,1,9,0,18,0,0,0,0,0,0,1,1,6,1,87,11,1297,1,23,9,1
2014074084853,2,9,0,18,0,0,0,0,0,0,1,1,6,2,22,5,1910,2,6,-1,-1
2014074085267,1,9,0,18,0,0,0,0,0,0,1,1,6,1,32,6,-1,-1,-1,8,1
2014074085363,1,9,0,9,0,8,0,0,0,0,4,1,4,1,18,4,1242,1,4,-1,3
2014074085363,2,1,0,18,0,1,5,0,0,0,1,1,6,1,41,7,-1,-1,-1,6,2
2014074085416,1,2,0,18,0,0,5,0,0,0,1,1,6,1,20,4,49,1,4,7,3
2014074085416,2,9,0,18,0,0,0,0,0,0,3,1,6,1,65,9,1997,1,12,8,3
2014074085503,1,19,0,5,0,0,0,0,0,0,1,1,1,1,55,8,1560,2,1,2,1
2014074085531,1,9,0,18,0,8,0,0,0,0,4,1,6,2,20,4,1461,2,8,8,3
2014074085615,1,3,0,14,0,1,0,0,0,0,1,1,6,1,21,5,124,1,4,9,1
2014074085615,2,9,0,9,0,6,0,0,0,0,3,1,6,2,55,8,1598,2,1,9,3
2014074085615,3,11,0,3,0,2,0,0,0,0,0,1,6,1,45,7,4250,2,-1,1,1
2014074086255,1,9,0,12,0,0,0,0,0,0,2,1,2,1,38,7,1686,2,8,9,1
2014074086255,2,21,1,18,0,0,0,0,0,0,1,1,1,1,57,9,12777,2,3,4,1
2014074086256,1,9,0,18,0,0,0,0,0,0,1,1,6,2,22,5,1299,1,11,3,1
2014074086256,2,11,0,18,0,0,0,0,0,0,1,1,1,1,59,9,3900,2,10,9,2
2014074086332,1,9,0,5,0,4,0,0,0,0,1,1,6,2,39,7,1198,1,2,8,1
2014074086332,2,9,0,5,0,4,0,0,0,0,2,1,6,2,51,8,1560,2,-1,1,1
2014074086342,1,9,0,18,0,8,0,0,0,0,2,1,6,2,31,6,1364,1,7,9,1
2014074086342,2,9,0,15,0,8,0,0,0,0,1,1,6,1,65,9,1598,2,4,8,3
2014074086435,1,9,0,18,0,1,0,0,0,0,4,1,6,1,34,6,1400,1,15,6,1
2014074086435,2,9,0,10,0,1,0,0,0,0,3,1,6,2,33,6,1390,1,13,3,1
2014074086464,1,9,0,18,0,1,0,0,0,0,1,1,6,1,19,4,1229,1,9,9,1
2014074086464,2,9,0,18,0,1,0,0,0,0,2,1,6,1,25,5,1968,2,2,1,1
2014074086563,1,9,0,17,0,0,2,0,1,9,1,1,6,1,48,8,3200,1,13,9,2
2014074086839,1,1,0,18,0,0,0,0,0,0,0,1,6,1,59,9,-1,-1,-1,10,1
2014074086839,2,9,0,13,0,0,0,0,0,0,4,1,6,1,44,7,2488,2,4,9,1
2014074086960,1,9,0,16,0,0,0,7,8,7,1,1,6,2,17,4,1596,1,-1,2,1
2014074087128,1,9,0,5,0,0,0,0,0,0,1,1,6,1,17,4,2143,2,-1,-1,-1
2014074087128,2,2,0,2,0,0,0,0,0,0,1,1,6,1,16,4,49,1,3,-1,-1
2014074087128,3,2,0,2,0,0,0,0,0,0,0,1,6,1,16,4,49,1,3,-1,-1
2014074087508,1,9,0,18,0,0,0,12,7,11,1,1,6,1,86,11,1587,1,7,-1,-1
2014074087604,1,9,0,18,0,1,0,0,0,0,1,1,6,2,-1,-1,-1,-1,-1,-1,-1
2014074087605,1,9,0,18,0,1,0,0,0,0,1,1,6,2,-1,-1,-1,-1,-1,-1,-1
2014074087605,2,9,0,18,0,1,0,0,0,0,1,1,6,2,34,6,1587,1,9,2,1
2014074087631,1,5,0,16,0,0,2,0,7,11,1,1,6,1,27,6,599,1,12,-1,1
2014074087720,1,5,0,17,0,0,0,0,1,0,1,1,6,1,39,7,599,1,16,2,1
2014074087720,2,9,0,16,0,0,0,0,0,0,3,1,6,1,88,11,1753,2,10,4,1
2014074087721,1,9,0,18,0,1,0,0,0,0,0,1,6,2,84,11,1405,1,10,-1,-1
2014074087743,1,9,0,17,0,2,0,0,1,1,4,1,6,2,43,7,1896,2,6,-1,1
2014074087751,1,5,0,4,0,2,1,0,0,0,1,1,6,1,40,7,648,1,17,1,1
2014074087751,2,9,0,3,0,2,0,0,0,0,2,1,6,2,26,6,1229,1,10,1,1
2014074087846,1,5,0,18,0,2,0,0,0,0,1,1,6,1,74,10,1157,1,17,8,1
2014074087846,2,9,0,18,0,1,0,0,0,0,3,1,6,2,29,6,875,1,1,-1,1
2014074087939,1,9,0,9,0,5,0,0,1,0,1,1,6,1,31,6,1196,1,21,-1,-1
2014074087939,2,9,0,18,0,1,0,0,0,0,3,1,6,2,35,6,1796,1,10,2,1
2014074088391,1,9,0,3,9,1,0,0,0,0,1,1,6,1,-1,-1,-1,-1,-1,-1,-1
2014074088554,1,11,0,7,0,8,0,0,0,11,4,1,6,2,-1,-1,3900,2,10,-1,-1
2014074088678,1,9,0,9,0,8,0,0,0,0,4,1,6,1,34,6,1422,2,11,9,3
2014074088678,2,9,0,18,0,1,0,0,0,0,3,1,2,2,27,6,999,1,1,8,2
2014074088813,1,9,0,9,0,8,0,0,0,0,3,1,6,2,20,4,1364,1,8,4,1
2014074088813,2,9,5,18,0,8,0,0,2,6,1,1,6,1,21,5,2495,2,19,-1,-1
2014074089442,1,9,0,3,0,0,0,10,1,0,1,1,6,2,23,5,1598,1,11,4,1
2014074089442,2,9,0,3,0,0,0,0,0,0,2,1,2,2,41,7,1598,1,9,7,1
2014074089442,3,9,0,18,0,0,0,0,0,0,2,1,2,1,47,8,1349,1,2,6,1
2014074089538,1,9,0,18,0,0,0,0,0,0,2,1,1,1,-1,-1,1896,2,9,9,1
2014074089538,2,21,1,18,0,0,0,0,0,0,1,1,6,1,-1,-1,12900,2,3,-1,-1
2014074089538,3,9,0,18,0,0,0,0,5,7,1,1,1,1,26,6,1598,1,2,10,1
2014074090187,1,9,0,18,0,0,0,0,0,0,1,1,6,1,50,8,996,1,5,3,1
2014074090638,1,9,0,4,0,4,0,0,0,0,1,1,2,2,21,5,1149,1,4,10,1
2014074090638,2,1,0,5,0,8,0,0,0,0,3,1,4,1,13,3,-1,-1,-1,2,1
2014074090961,1,9,0,5,0,1,0,0,0,0,1,1,1,2,31,6,1840,1,15,8,1
2014074090961,2,9,0,3,0,1,0,0,0,0,2,1,1,1,55,8,1796,1,12,5,1
2014074091057,1,11,0,5,2,1,0,0,0,0,1,1,1,1,62,9,-1,-1,-1,4,1
2014074091081,1,9,0,4,0,1,0,0,0,0,1,1,6,2,67,10,1840,1,12,4,1
2014074091081,2,9,0,3,0,1,0,0,0,0,2,1,6,2,31,6,2231,2,2,4,1
2014074091085,1,9,0,18,0,0,0,0,0,0,0,1,6,3,-1,-1,1956,2,1,-1,-1
2014074091163,1,9,0,15,0,0,0,0,0,0,1,1,6,2,42,7,1598,1,2,10,2
2014074091163,2,11,0,4,0,0,0,0,0,0,0,1,1,1,60,9,-1,-1,-1,7,1
2014074091235,1,9,0,9,0,6,0,0,0,0,0,1,6,1,-1,-1,-1,-1,-1,-1,-1
2014074091235,2,3,0,18,0,1,1,0,0,0,0,1,6,1,18,4,125,1,2,8,1
2014074091239,1,9,0,18,0,1,0,0,0,0,1,1,6,2,24,5,998,1,4,2,1
2014074091239,2,1,0,9,0,5,0,0,0,0,2,1,6,2,35,6,-1,-1,-1,2,1
2014074091300,1,1,0,18,0,5,5,0,0,0,1,1,6,1,21,5,-1,-1,-1,-1,-1
2014074091300,2,9,0,5,0,6,0,0,0,0,4,1,6,1,28,6,1598,1,6,-1,-1
2014074091790,1,5,0,9,0,6,1,0,0,0,1,1,6,1,40,7,660,1,3,3,1
2014074091981,1,19,0,9,0,7,0,0,0,0,3,1,1,1,39,7,2198,2,6,7,3
2014074091981,2,5,0,18,0,2,0,0,0,0,4,1,6,1,-1,-1,998,1,7,10,1
2014074092646,1,9,0,3,0,1,0,0,0,0,2,1,6,1,42,7,1796,1,2,1,1
2014074092646,2,9,0,18,0,1,0,0,0,0,1,1,6,1,32,6,1598,1,3,3,1
2014074092756,1,19,0,18,0,0,0,0,0,0,4,1,1,1,42,7,2198,2,1,2,1
2014074092756,2,19,0,12,0,0,0,0,4,6,3,1,1,1,27,6,2198,2,4,1,1
2014074093016,1,9,0,5,0,0,0,0,0,0,4,1,6,1,-1,-1,2967,2,-1,-1,-1
2014074093016,2,9,0,18,0,0,0,0,0,0,3,1,6,1,47,8,1998,1,6,1,1
2014074093237,1,19,0,18,0,8,1,0,0,0,1,1,6,1,22,5,2496,2,17,2,1
2014074093237,2,9,0,10,0,1,0,0,0,0,2,1,6,2,29,6,1995,2,11,-1,2
2014074093552,1,9,0,9,0,2,0,0,7,0,3,1,6,1,51,8,1598,1,2,-1,-1
2014074093552,2,9,0,18,0,8,0,0,0,0,1,1,6,1,42,7,1968,2,-1,10,2
2014074093560,1,9,0,18,0,0,0,0,0,0,0,1,6,3,-1,-1,-1,-1,-1,-1,-1
2014074093560,2,1,0,18,0,0,0,0,0,0,0,1,6,1,61,9,-1,-1,-1,10,1
2014074093635,1,8,0,18,0,1,0,0,0,0,1,1,1,1,58,9,1968,2,6,-1,1
2014074093635,2,8,0,3,0,1,0,0,0,0,2,1,1,1,36,7,1997,2,6,2,1
2014074093797,1,3,0,18,0,8,2,0,0,0,3,1,2,1,19,4,125,1,1,2,1
2014074094002,1,3,0,18,0,0,2,0,0,0,4,1,6,1,20,4,124,1,18,3,1
2014074094283,1,19,0,18,0,0,0,0,0,0,1,1,6,1,27,6,-1,-1,-1,8,1
2014074094283,2,9,0,4,0,0,0,0,0,0,2,1,6,1,46,8,1461,2,4,3,1
2014074094432,1,9,0,16,0,0,2,0,1,10,4,1,2,1,18,4,1229,1,4,10,2
2014074094454,1,21,1,12,0,0,0,0,0,0,3,2,1,1,37,7,-1,-1,-1,-1,-1
2014074094454,2,9,0,13,0,0,2,0,1,0,4,1,6,1,57,9,1242,1,4,10,1
2014074094510,1,9,0,9,0,8,0,0,0,0,3,1,6,2,26,6,1229,1,6,4,1
2014074094510,2,4,0,18,0,8,0,0,0,0,1,1,6,1,20,4,398,1,12,1,1
2014074094564,1,9,0,7,0,3,0,0,0,0,0,1,6,3,-1,-1,-1,-1,-1,-1,-1
2014074094564,2,5,0,9,0,8,0,0,0,0,0,1,6,1,47,8,865,1,1,1,1
2014074094706,1,5,0,18,0,0,0,0,0,0,0,1,6,1,27,6,599,1,9,8,1
2014074094726,1,9,0,2,0,1,0,0,0,0,1,1,6,2,28,6,1596,1,13,1,1
2014074094726,2,9,0,2,0,1,0,0,0,0,2,1,6,1,40,7,1587,1,8,7,1
2014074094811,1,9,0,18,0,0,0,0,0,0,1,1,6,2,50,8,2720,2,6,7,3
2014074094945,1,9,0,18,0,1,0,0,0,0,1,1,6,1,44,7,2184,2,11,-1,-1
2014074095579,1,9,0,5,0,1,0,0,0,0,1,1,6,2,51,8,1242,1,2,1,1
2014074095579,2,1,0,18,0,1,0,0,0,0,1,1,6,1,22,5,-1,-1,-1,1,1
2014074095598,1,21,0,12,0,0,0,0,0,0,3,2,1,1,53,8,-1,-1,-1,-1,-1
2014074095598,2,9,0,13,0,0,1,0,0,0,4,1,6,1,56,9,1598,2,3,6,2
2014074096024,1,9,0,17,0,0,0,0,2,11,1,1,2,1,20,4,1198,1,10,3,1
2014074096048,1,9,0,9,0,6,0,0,0,0,1,1,6,1,63,9,1229,1,-1,7,2
2014074096048,2,5,0,14,0,1,0,0,0,0,1,1,2,1,21,5,600,1,14,6,3
2014074096542,1,9,0,9,0,0,1,0,2,0,4,1,1,1,42,7,1668,1,12,2,1
2014074096542,2,9,0,9,0,0,0,0,2,0,3,1,1,2,43,7,1896,2,11,4,1
2014074097065,1,21,1,7,0,6,0,0,0,0,3,1,1,1,39,7,12419,2,-1,-1,3
2014074097065,2,2,0,18,0,1,0,0,0,0,1,1,2,1,16,4,-1,-1,-1,9,1
2014074097104,1,5,0,16,0,0,1,0,0,0,1,1,2,1,21,5,487,1,18,3,1
2014074097104,2,9,0,17,0,0,0,0,0,0,3,1,2,1,44,7,1956,2,3,7,3
2014074097355,1,9,0,18,0,0,1,0,0,0,1,1,1,1,42,7,-1,-1,-1,7,1
2014074097355,2,9,0,18,0,0,1,0,0,0,1,1,6,1,68,10,1598,2,3,3,3
2014074097355,3,9,0,18,0,0,1,0,0,0,1,1,1,1,56,9,-1,-1,-1,8,1
2014074097406,1,9,0,5,0,1,0,0,0,0,0,1,6,1,27,6,1299,1,13,6,1
2014074097406,2,9,0,10,0,2,0,0,0,0,4,1,6,2,68,10,1397,1,4,8,1
2014074097440,1,19,0,13,0,0,0,0,0,0,3,1,1,1,34,6,1995,2,2,4,1
2014074097440,2,5,0,13,0,0,0,0,0,10,1,1,6,1,51,8,1293,1,4,5,1
2014074097553,1,9,0,18,0,8,0,0,0,0,1,1,6,1,28,6,1124,1,13,1,1
2014074097553,2,9,0,18,0,8,0,0,0,0,2,1,6,1,28,6,1794,1,12,9,2
2014074097553,3,9,0,18,0,8,0,0,0,0,0,1,6,1,30,6,1120,1,14,2,1
2014074097598,1,9,0,18,0,1,0,0,0,0,1,1,6,1,45,7,1299,1,15,1,1
2014074097598,2,9,0,3,0,1,0,0,0,0,2,1,6,2,49,8,1398,1,3,1,1
2014074097704,1,9,0,9,0,5,0,0,0,0,3,1,6,1,39,7,2497,1,8,9,1
2014074097704,2,1,0,14,0,1,0,0,0,0,1,1,6,1,39,7,-1,-1,-1,4,1
2014074097758,1,9,0,18,0,8,0,0,0,0,4,1,6,1,21,5,1598,1,14,8,1
2014074097791,1,9,0,7,0,3,0,10,2,2,1,1,6,1,43,7,1388,1,12,3,1
2014074098238,1,9,0,18,0,0,0,0,0,0,2,1,6,2,49,8,-1,-1,-1,9,1
2014074098238,2,19,0,18,0,0,1,0,0,0,1,1,1,1,46,8,2148,2,9,4,1
2014074098417,1,9,0,5,5,6,0,0,0,0,3,1,6,1,-1,-1,1248,2,3,-1,-1
2014074098417,2,1,0,18,5,8,0,0,0,0,1,1,1,1,28,6,-1,-1,-1,7,1
2014074098502,1,9,0,4,0,1,0,0,0,0,1,1,6,1,-1,-1,2993,2,2,9,1
2014074098502,2,9,0,3,0,1,0,0,0,0,2,1,6,2,45,7,2204,2,6,9,1
2014074098616,1,19,0,18,0,0,0,0,0,0,1,1,1,1,-1,-1,1753,2,6,-1,-1
2014074098616,2,9,0,3,0,0,0,0,0,0,2,1,1,2,52,8,1997,2,15,10,2
2014074098654,1,9,0,18,0,0,0,0,0,0,1,1,6,2,25,5,1398,1,12,2,1
2014074098654,2,9,0,2,6,0,0,0,0,0,1,1,6,1,-1,-1,2204,2,5,-1,-1
2014074098731,1,1,0,18,3,8,0,0,0,0,3,1,2,1,28,6,-1,-1,-1,1,1
2014074098731,2,9,0,18,0,8,0,0,0,0,1,1,2,1,23,5,1598,2,1,1,1
2014074098769,1,9,0,18,0,0,0,0,0,0,1,1,1,1,51,8,1242,1,11,8,1
2014074098769,2,9,0,18,0,0,0,0,0,0,2,1,2,2,49,8,1390,1,9,7,1
2014074098771,1,3,0,7,0,6,0,0,0,0,3,1,6,2,50,8,-1,-1,-1,-1,3
2014074098771,2,9,0,18,0,1,0,0,0,0,1,1,6,1,25,5,-1,-1,-1,9,1
2014074098784,1,9,0,9,0,8,0,0,0,0,4,1,6,1,26,6,1596,1,13,2,1
2014074098784,2,3,0,18,0,1,5,0,0,0,1,1,6,1,24,5,124,1,11,2,1
2014074098821,1,3,0,18,0,8,0,0,0,0,4,1,6,1,22,5,124,1,3,6,1
2014074098821,2,9,0,5,0,8,0,0,0,0,1,1,6,1,-1,-1,1240,1,10,-1,-1
2014074099245,1,19,0,9,0,8,0,0,0,0,1,1,1,1,36,7,2402,2,5,-1,2
2014074099245,2,9,0,18,0,1,0,0,1,11,3,1,2,1,47,8,1985,1,15,4,1
2014074099324,1,9,0,18,0,8,0,0,0,0,1,1,1,1,-1,-1,-1,-1,-1,4,1
2014074099324,2,9,0,9,0,8,0,0,0,0,4,1,6,2,33,6,1242,1,4,5,1
2014074099579,1,9,0,18,0,0,0,0,0,0,1,1,6,1,-1,-1,1995,2,3,-1,-1
2014074099579,2,9,0,18,0,0,0,0,0,0,2,1,6,2,57,9,973,1,14,2,1
2014074099856,1,9,0,18,0,6,0,0,0,0,4,1,6,1,-1,-1,-1,-1,-1,-1,-1
2014074099856,2,1,0,18,0,8,0,0,0,0,3,1,6,2,67,10,-1,-1,-1,9,1
2014074099921,1,9,0,9,0,0,0,0,0,0,1,1,6,1,42,7,1598,1,7,10,1
2014074099921,2,3,0,18,0,0,0,0,7,10,1,1,2,1,53,8,124,1,5,4,1
2014074099948,1,9,0,5,0,4,0,0,0,0,1,1,6,2,-1,-1,-1,-1,-1,-1,-1
2014074099948,2,9,0,3,0,4,0,0,0,0,2,1,6,2,46,8,1596,1,8,9,2
2014074099951,1,9,0,7,0,8,0,0,0,0,4,2,6,1,50,8,3189,1,8,7,1
2014074099951,2,1,0,18,0,8,0,0,0,0,1,1,2,1,35,6,-1,-1,-1,6,1
2014074099958,1,9,0,3,0,1,0,0,0,0,1,1,6,2,32,6,2993,2,1,10,2
2014074099958,2,9,0,4,0,1,0,0,0,0,2,1,6,2,22,5,1242,1,9,8,1
2014074100102,1,9,0,9,0,6,0,0,0,0,1,1,1,1,70,10,1900,2,15,8,2
2014074100102,2,5,0,18,0,1,0,0,0,0,1,1,1,1,22,5,600,1,13,6,3
2014074100197,1,1,0,18,0,8,0,0,0,0,1,1,6,1,63,9,-1,-1,-1,5,1
2014074100197,2,9,0,7,0,8,0,0,0,0,3,1,2,1,35,6,1396,1,12,2,1
2014074100352,1,9,0,18,0,0,0,0,0,0,1,1,2,1,18,4,1229,1,3,10,3
2014074100352,2,9,0,18,0,0,0,0,0,0,2,1,2,2,56,9,1242,1,5,2,1
2014074100587,1,19,0,3,0,0,0,0,0,0,1,1,6,1,55,8,1753,2,9,10,3
2014074100587,2,9,0,3,0,0,0,0,0,0,2,1,6,1,30,6,998,1,8,-1,1
2014074100587,3,9,0,4,0,0,0,0,0,0,2,1,6,2,20,4,1199,1,12,4,1
2014074100587,4,9,0,18,0,0,0,0,0,0,2,1,6,2,68,10,1364,1,9,5,1
2014074100589,1,9,0,9,0,5,0,0,0,0,0,1,6,1,78,11,1364,1,9,6,1
2014074100589,2,1,0,18,0,8,0,0,0,0,0,1,6,1,31,6,-1,-1,-1,4,1
2014074100639,1,9,0,18,0,8,1,0,0,0,1,1,6,1,21,5,1199,1,12,9,3
2014074100639,2,9,0,3,0,8,0,10,0,0,2,1,1,1,38,7,995,1,10,-1,-1
2014074100639,3,9,0,3,0,8,0,0,0,0,2,1,1,1,17,4,1399,2,5,6,1
2014074100645,1,9,0,17,0,1,0,0,0,0,1,1,6,2,43,7,1998,1,18,6,3
2014074100645,2,9,0,3,0,1,0,0,0,0,3,1,6,2,27,6,1968,2,5,8,2
2014074100836,1,9,0,18,0,1,0,0,0,0,1,1,6,2,36,7,1299,1,16,1,1
2014074100836,2,9,0,3,0,1,0,0,0,0,2,1,6,2,55,8,1999,1,4,1,1
2014074100839,1,9,0,4,0,0,1,0,0,0,1,1,6,1,23,5,1360,1,11,3,1
2014074100839,2,9,0,4,0,0,0,0,0,0,2,1,6,2,25,5,998,1,2,-1,-1
2014074100839,3,9,0,4,0,0,0,0,0,0,2,1,6,2,32,6,999,1,2,4,1
2014074100839,4,9,0,4,0,0,0,0,0,0,2,1,6,1,47,8,2191,2,-1,6,1
2014074100839,5,9,0,4,0,0,0,0,0,0,2,1,1,2,39,7,1997,2,11,4,1
2014074100911,1,9,0,5,0,8,0,0,0,0,4,1,6,2,30,6,2143,2,1,3,1
2014074100911,2,9,0,18,0,1,0,0,0,0,3,1,6,1,54,8,1995,2,6,10,1