Accident_Index,Vehicle_Reference,Vehicle_Type,Towing_and_Articulation,Vehicle_Manoeuvre,Vehicle_Location-Restricted_Lane,Junction_Location,Skidding_and_Overturning,Hit_Object_in_Carriageway,Vehicle_Leaving_Carriageway,Hit_Object_off_Carriageway,1st_Point_of_Impact,Was_Vehicle_Left_Hand_Drive?,Journey_Purpose_of_Driver,Sex_of_Driver,Age_of_Driver,Age_Band_of_Driver,Engine_Capacity_(CC),Propulsion_Code,Age_of_Vehicle,Driver_IMD_Decile,Driver_Home_Area_Type
2014074101001,1,9,0,4,0,1,0,0,0,0,1,1,6,1,55,8,1299,1,13,1,1
2014074101001,2,9,0,3,0,1,0,0,0,0,2,1,6,2,32,6,2204,2,8,2,1
2014074101030,1,1,0,18,0,0,0,0,0,0,4,1,6,1,22,5,-1,-1,-1,6,2
2014074101170,1,1,0,18,0,1,0,0,0,0,1,1,6,1,12,3,-1,-1,-1,-1,-1
2014074101170,2,9,0,3,0,1,0,0,0,0,3,1,6,2,-1,-1,1598,1,5,-1,-1
2014074101211,1,19,0,5,0,0,0,0,0,0,1,1,6,1,-1,-1,-1,-1,-1,-1,-1
2014074101742,1,9,0,4,0,1,0,0,0,0,1,1,2,1,37,7,998,1,-1,2,1
2014074101742,2,9,0,3,0,1,0,0,0,0,2,1,6,2,46,8,998,1,5,7,1
2014074101780,1,9,0,9,0,8,0,0,0,0,4,1,1,2,22,5,1229,1,10,10,1
2014074101780,2,3,0,18,0,1,0,0,0,0,1,1,6,1,18,4,125,1,4,6,3
2014074102200,1,9,0,5,6,1,0,0,0,0,3,1,6,2,52,8,1124,1,13,4,1
2014074102200,2,4,0,18,0,1,0,0,0,0,1,1,6,1,18,4,125,1,12,6,1
2014074102490,1,9,0,18,0,8,0,0,0,0,4,1,1,2,37,7,1686,2,4,3,1
2014074102490,2,9,0,18,0,8,0,0,0,0,1,1,1,1,58,9,1968,2,8,4,1
2014074102800,1,20,0,17,0,1,0,0,0,0,1,1,6,1,73,10,-1,-1,-1,-1,-1
2014074102800,2,1,0,16,0,1,0,0,0,0,3,1,6,1,65,9,-1,-1,-1,8,2
2014074102846,1,5,0,13,0,0,0,0,0,0,1,1,6,1,32,6,999,1,4,5,1
2014074102846,2,9,0,18,0,0,0,0,0,0,2,1,6,1,-1,-1,1591,1,6,7,1
2014074102846,3,9,0,18,0,0,0,0,0,0,1,1,6,1,78,11,1800,1,16,7,1
2014074103160,1,4,0,18,0,1,0,0,0,0,0,1,6,1,21,5,125,1,1,9,1
2014074103737,1,9,0,11,0,0,0,0,0,0,2,1,6,1,-1,-1,-1,-1,-1,8,1
2014074103737,2,9,0,18,0,0,0,0,0,0,1,1,6,1,-1,-1,1595,1,2,7,1
2014074103852,1,1,0,7,0,2,0,0,0,0,1,1,6,1,16,4,-1,-1,-1,1,1
2014074103852,2,9,0,18,0,1,0,0,0,0,3,1,6,1,41,7,3165,1,14,1,1
2014074103930,1,9,0,4,0,1,1,0,0,0,1,1,6,1,44,7,1997,2,9,1,1
2014074103930,2,9,0,3,0,1,0,0,0,0,2,1,6,1,42,7,1796,1,7,2,1
2014074103930,3,9,0,3,0,1,0,0,0,0,2,1,6,2,20,4,1229,1,8,10,2
2014074103947,1,9,0,15,0,0,0,0,0,0,4,1,6,1,67,10,2495,2,17,7,3
2014074104160,1,9,0,6,0,8,0,0,0,0,3,1,6,1,55,8,2179,2,3,10,1
2014074104160,2,5,0,18,0,8,0,0,7,11,4,1,2,1,47,8,1170,1,1,10,1
2014074104238,1,19,0,9,0,6,0,0,0,0,1,1,6,1,73,10,1310,1,2,10,3
2014074104238,2,9,0,18,0,1,0,0,0,0,1,1,6,1,39,7,1124,1,12,7,1
2014074104257,1,9,0,5,0,6,0,0,0,0,1,1,2,2,32,6,1360,1,14,10,1
2014074104257,2,1,0,18,0,8,0,0,0,0,2,1,2,1,24,5,-1,-1,-1,1,1
2014074104364,1,5,0,18,0,0,0,0,0,0,1,1,6,1,23,5,1157,1,7,-1,-1
2014074104364,2,5,0,18,0,0,0,0,0,0,2,1,6,1,30,6,899,1,14,1,1
2014074104382,1,9,0,18,0,0,0,0,0,0,1,1,6,1,35,6,2993,2,1,2,1
2014074104382,2,21,1,18,0,0,0,0,0,0,2,1,1,1,45,7,12740,2,1,10,2
2014074104382,3,9,0,18,0,0,0,0,0,0,1,1,6,1,25,5,1596,1,11,10,1
2014074104382,4,9,0,18,0,0,0,0,0,0,3,1,6,2,25,5,1596,1,9,1,1
2014074104382,5,9,0,18,0,0,0,0,0,0,1,1,6,1,34,6,2000,2,8,3,1
2014074104382,6,9,0,18,0,0,0,0,0,0,1,1,6,1,21,5,1199,1,12,7,3
2014074104536,1,9,0,5,0,4,0,0,0,0,1,1,2,1,62,9,1700,2,20,1,1
2014074104536,2,1,0,18,0,8,5,0,0,0,2,1,2,2,40,7,-1,-1,-1,1,1
2014074104570,1,5,0,17,0,0,2,4,0,0,1,1,2,1,44,7,1130,1,13,3,1
2014074104570,2,20,0,2,0,0,0,0,0,0,1,1,1,1,63,9,-1,-1,-1,7,1
2014074104570,3,9,0,18,0,0,0,0,0,0,1,1,6,1,55,8,1598,1,15,1,1
2014074104719,1,19,0,11,0,0,5,0,0,0,4,1,1,1,19,4,1686,2,11,2,1
2014074104719,2,21,1,18,0,0,0,0,0,0,1,1,1,1,-1,-1,12809,2,-1,5,1
2014074104781,1,5,0,18,0,0,1,0,0,0,0,1,6,1,66,10,1340,1,18,5,2
2014074104968,1,3,0,18,0,0,0,0,0,0,1,1,6,1,54,8,125,1,2,3,1
2014074104968,2,9,0,18,0,0,0,0,0,0,2,1,1,1,30,6,-1,-1,-1,4,1
2014074105045,1,9,0,18,0,1,0,0,0,0,2,1,6,2,52,8,3200,2,9,2,1
2014074105045,2,11,0,12,0,1,0,0,0,0,1,1,1,1,54,8,-1,-1,-1,-1,-1
2014074105045,3,9,0,18,0,1,0,0,4,0,3,1,2,2,50,8,2179,2,-1,9,1
2014074105089,1,1,0,9,0,6,0,0,0,0,3,1,6,1,21,5,-1,-1,-1,6,1
2014074105089,2,21,1,18,0,1,1,0,0,0,1,1,1,1,42,7,15607,2,4,-1,-1
2014074105112,1,9,0,4,0,8,1,0,0,0,1,1,2,1,26,6,1086,1,7,3,1
2014074105112,2,9,0,4,0,8,0,0,0,0,2,1,6,1,35,6,1299,1,12,7,1
2014074105112,3,9,0,4,0,8,0,0,0,0,2,1,6,1,60,9,1596,1,4,6,3
2014074105112,4,9,0,4,0,2,0,0,0,0,2,1,6,1,28,6,1199,1,10,2,1
2014074105112,5,9,0,4,0,2,0,0,0,0,2,1,6,1,79,11,1598,1,11,6,3
2014074105112,6,9,0,4,0,2,0,0,0,0,0,1,6,1,21,5,-1,-1,-1,8,1
2014074105112,7,9,0,12,0,7,0,0,0,0,0,1,6,3,-1,-1,-1,-1,-1,-1,-1
2014074105303,1,9,4,17,0,0,0,0,0,0,3,1,2,1,22,5,2993,2,-1,9,1
2014074105303,2,9,0,16,0,0,0,0,0,0,4,1,6,1,39,7,1368,1,3,9,3
2014074105710,1,1,0,18,0,1,0,0,0,0,1,1,1,1,29,6,-1,-1,-1,3,1
2014074105710,2,9,0,18,0,1,0,0,0,0,4,1,1,1,57,9,-1,-1,-1,3,1
2014074105859,1,9,0,18,0,7,0,0,0,0,1,1,6,2,31,6,1598,1,6,6,1
2014074105859,2,9,0,18,0,7,0,0,0,0,2,1,6,1,29,6,1149,1,2,2,1
2014074105868,1,8,0,9,0,1,0,0,0,0,1,1,1,1,46,8,-1,-1,-1,-1,-1
2014074105868,2,1,0,9,0,1,0,0,0,0,1,1,1,1,41,7,-1,-1,-1,5,1
2014074105876,1,1,0,18,0,0,0,0,0,0,1,1,6,1,45,7,-1,-1,-1,7,1
2014074105876,2,9,0,18,0,0,0,0,0,0,4,2,6,1,36,7,3800,1,2,-1,-1
2014074106044,1,9,0,1,0,1,0,0,0,0,2,1,6,2,20,4,1399,2,7,2,1
2014074106195,1,9,0,4,0,2,0,0,0,0,1,1,1,1,42,7,1248,2,4,-1,1
2014074106195,2,9,0,4,0,2,0,0,0,0,2,1,6,2,32,6,1399,2,3,3,1
2014074106301,1,8,0,9,0,6,0,0,0,0,1,1,1,1,-1,-1,3222,2,11,9,1
2014074106301,2,1,0,18,0,8,0,0,0,0,1,1,6,1,44,7,-1,-1,-1,10,1
2014074106486,1,9,0,8,0,1,0,0,0,0,3,1,6,1,24,5,1910,2,6,1,1
2014074106486,2,11,0,3,0,2,0,0,0,0,4,1,1,1,36,7,5883,2,9,3,1
2014074106988,1,9,0,18,0,0,0,0,1,10,1,1,6,1,37,7,1587,1,12,4,2
2014074107096,1,9,0,9,0,2,0,0,0,0,3,1,2,1,-1,-1,1995,2,9,8,3
2014074107096,2,1,0,18,0,1,0,0,0,0,1,1,6,2,42,7,-1,-1,-1,10,1
2014074107186,1,9,0,4,0,0,0,0,0,0,2,1,6,1,37,7,1796,1,1,7,1
2014074107186,2,9,0,4,0,0,0,0,0,0,2,1,2,1,53,8,2000,2,4,5,1
2014074107186,3,19,0,18,0,0,0,0,0,0,0,1,1,1,73,10,2999,2,7,2,1
2014074107318,1,9,0,4,0,0,0,0,0,0,2,1,6,2,52,8,1968,2,1,8,2
2014074107318,2,9,0,4,0,0,0,0,0,0,2,1,6,1,27,6,1956,2,1,5,1
2014074107318,3,9,0,18,0,0,0,0,0,0,1,1,6,1,39,7,1598,1,7,3,1
2014074107405,1,9,0,18,0,8,0,0,0,0,1,1,1,2,22,5,998,1,-1,6,1
2014074107405,2,9,0,18,0,8,0,0,0,0,3,1,6,1,40,7,1598,1,5,3,1
2014074107445,1,9,0,5,0,6,0,0,0,0,1,1,6,1,37,7,1988,2,10,10,3
2014074107445,2,9,0,5,0,6,0,0,0,0,2,1,6,2,39,7,1199,1,10,8,3
2014074107536,1,9,0,18,0,8,0,0,0,0,3,1,6,1,50,8,1896,2,7,3,1
2014074107536,2,1,0,18,0,8,0,0,0,0,4,1,6,1,61,9,-1,-1,-1,9,1
2014074107576,1,11,0,7,0,5,0,0,0,0,0,1,2,1,-1,-1,9600,2,13,4,1
2014074107970,1,9,0,18,0,0,0,0,0,0,1,1,6,1,32,6,1999,1,11,7,1
2014074107970,2,5,0,3,0,0,0,0,0,0,2,1,6,1,22,5,600,1,14,8,1
2014074107970,3,9,0,4,0,0,0,0,0,0,0,1,6,1,49,8,5998,1,-1,5,3
2014074108020,1,9,0,18,0,2,0,0,0,0,1,1,6,1,33,6,1798,1,3,3,1
2014074108020,2,5,0,18,0,8,0,0,0,0,2,1,6,1,22,5,996,1,13,5,1
2014074108094,1,9,0,18,0,0,0,0,0,0,1,1,6,1,52,8,2496,1,13,10,1
2014074108094,2,9,0,3,0,0,0,0,0,0,2,1,6,1,51,8,1396,1,5,9,1
2014074108094,3,9,0,3,0,0,0,0,0,0,2,1,6,2,52,8,1339,1,7,4,1
2014074108094,4,9,0,3,0,0,0,0,0,0,2,1,6,1,53,8,1998,2,11,3,1
2014074109015,1,9,0,18,0,0,0,0,0,0,2,1,6,2,40,7,-1,-1,-1,1,1
2014074109015,2,5,0,4,0,0,1,0,4,7,1,1,6,1,25,5,-1,-1,-1,-1,3
2014074109035,1,9,0,15,0,1,0,0,0,0,4,1,6,1,67,10,2688,2,10,-1,-1
2014074109035,2,1,0,9,0,1,0,0,0,0,3,1,6,1,53,8,-1,-1,-1,8,1
2014074109217,1,9,0,9,0,8,0,0,0,0,1,1,6,1,45,7,2143,2,1,-1,-1
2014074109217,2,5,0,18,0,8,0,0,0,0,1,1,6,1,52,8,1600,1,13,5,1
2014074109253,1,9,0,18,0,0,0,0,0,0,1,1,6,1,30,6,1997,2,12,-1,-1
2014074109253,2,9,0,3,0,0,0,0,0,0,1,1,6,1,19,4,1199,1,10,3,1
2014074109253,3,9,0,3,0,0,0,0,0,0,2,1,6,1,41,7,1995,2,5,3,1
2014074109368,1,9,0,18,0,1,0,0,7,0,1,1,6,2,63,9,1386,1,5,9,1
2014074109368,2,9,0,11,0,1,2,0,0,0,1,1,6,1,22,5,1896,2,11,8,3
2014074109420,1,9,0,7,0,5,0,0,0,0,1,1,6,1,59,9,1749,1,10,-1,-1
2014074109420,2,1,0,18,0,8,0,0,0,0,3,1,6,1,43,7,-1,-1,-1,10,1
2014074109779,1,9,0,5,0,8,0,0,0,0,1,1,6,2,-1,-1,1299,1,7,7,1
2014074109779,2,8,0,18,0,8,0,0,0,0,1,1,1,1,-1,-1,1896,2,10,9,1
2014074110100,1,9,0,11,0,0,1,10,1,7,1,1,2,1,39,7,1896,2,8,1,1
2014074110311,1,9,0,18,0,0,0,0,5,0,1,1,6,1,26,6,2490,1,15,4,1
2014074110351,1,9,0,18,0,8,0,0,0,0,1,1,6,1,45,7,1968,2,5,5,1
2014074110351,2,5,0,16,0,3,0,0,0,0,4,1,6,2,32,6,599,1,9,4,1
2014074111021,1,1,0,18,0,1,0,0,0,0,1,1,6,1,22,5,-1,-1,-1,-1,1
2014074111021,2,9,0,18,0,1,0,0,0,0,1,1,6,1,42,7,-1,-1,-1,-1,-1
2014074111037,1,9,0,18,0,0,0,0,0,0,1,1,6,1,81,11,999,1,17,6,1
2014074111037,2,9,0,3,0,0,0,0,0,0,2,1,6,2,47,8,1149,1,13,8,1
2014074111139,1,9,0,18,0,0,0,0,0,0,3,1,6,1,54,8,2199,2,2,-1,-1
2014074111139,2,9,0,4,0,0,0,0,0,0,4,1,6,1,35,6,1956,2,4,1,1
2014074111139,3,9,0,4,0,0,0,0,0,0,3,1,6,1,46,8,1560,2,4,-1,1
2014074111139,4,9,0,4,0,0,0,0,4,6,2,1,6,1,26,6,1598,1,2,-1,-1
2014074111139,5,9,0,4,0,0,0,0,0,0,2,1,6,1,35,6,1794,1,11,9,1
2014074111139,6,9,0,4,0,0,0,0,0,0,2,1,6,1,43,7,1968,2,2,9,2
2014074111139,7,9,0,4,0,0,0,0,0,0,2,1,6,1,47,8,1968,2,6,6,1
2014074111139,8,9,0,4,0,0,0,0,0,0,4,1,6,1,51,8,1598,1,1,10,1
2014074111932,1,19,0,4,0,0,0,0,0,0,2,1,1,1,48,8,-1,-1,-1,7,1
2014074111932,2,9,0,18,0,0,0,0,0,0,1,1,6,1,20,4,-1,-1,-1,5,1
2014074111957,1,9,0,4,0,0,0,0,0,0,1,1,6,2,38,7,1797,8,3,-1,1
2014074111957,2,9,0,4,0,0,0,0,0,0,2,1,6,1,54,8,2993,2,8,6,1
2014074111957,3,9,0,4,0,0,0,0,0,0,2,1,6,1,65,9,1798,8,1,9,1
2014074111962,1,9,0,4,0,0,0,0,0,0,1,1,6,3,-1,-1,-1,-1,-1,-1,-1
2014074111962,2,9,0,4,0,0,0,0,0,0,2,1,6,1,33,6,1896,2,9,2,1
2014074111962,3,9,0,4,0,0,0,0,0,0,2,1,6,1,28,6,1149,1,12,5,1
2014074112304,1,9,0,9,0,8,0,0,0,0,3,1,6,1,84,11,1108,1,9,2,1
2014074112304,2,9,0,18,0,8,0,0,0,0,1,1,6,2,34,6,1364,1,8,7,3
2014074112530,1,9,0,18,0,1,2,0,1,2,1,1,6,2,26,6,1149,1,11,9,1
2014074112948,1,9,0,9,0,7,0,0,0,0,1,1,6,1,53,8,1299,1,15,4,1
2014074112948,2,9,0,18,0,1,0,0,0,0,4,1,6,1,33,6,1242,1,9,-1,-1
2014074113054,1,9,0,4,0,1,0,0,0,0,1,1,6,2,-1,-1,1242,1,-1,6,1
2014074113054,2,9,0,3,0,1,0,0,0,0,2,1,6,2,36,7,1984,1,14,4,1
2014074113271,1,9,0,18,0,1,0,0,0,0,1,1,6,2,81,11,1389,1,17,3,1
2014074113271,2,9,0,4,0,1,0,0,0,0,2,1,6,1,70,10,1339,1,2,8,3
2014074113400,1,9,0,7,0,3,0,0,0,0,4,1,1,1,22,5,1248,2,4,-1,-1
2014074113400,2,1,0,18,0,8,0,0,0,0,1,1,6,2,57,9,-1,-1,-1,1,1
2014074113484,1,97,0,18,0,0,0,0,0,0,0,1,6,3,-1,-1,-1,-1,-1,-1,-1
2014074113484,2,9,0,18,0,0,0,0,0,0,1,1,6,2,53,8,1600,2,4,10,2
2014074113577,1,5,0,18,0,1,1,0,0,0,1,1,6,1,39,7,1255,1,2,2,1
2014074113577,2,9,0,7,0,1,0,0,0,0,4,1,6,2,52,8,1598,2,2,4,1
2014074113598,1,9,0,18,0,0,0,0,0,0,1,1,6,2,-1,-1,-1,-1,-1,-1,-1
2014074113598,2,1,0,18,0,0,0,0,0,0,1,1,6,1,5,1,-1,-1,-1,1,1
2014074113677,1,9,0,5,0,1,0,0,0,0,3,1,6,1,28,6,1598,1,14,8,1
2014074113872,1,9,0,17,0,8,0,0,0,0,1,1,6,2,33,6,973,1,14,2,1
2014074113872,2,1,0,17,0,8,0,0,0,0,2,1,6,2,34,6,-1,-1,-1,3,1
2014074114276,1,9,0,4,0,1,0,0,0,0,4,1,1,1,-1,-1,1560,2,6,4,1
2014074114276,2,1,0,4,0,1,0,0,0,0,3,1,6,1,17,4,-1,-1,-1,-1,-1
2014074114444,1,19,0,9,0,1,0,0,0,0,4,1,1,1,25,5,1995,2,1,-1,-1
2014074114444,2,1,0,18,0,1,0,0,0,0,1,1,6,1,70,10,-1,-1,-1,10,1
2014074114510,1,9,0,4,0,1,0,0,0,0,1,1,6,2,-1,-1,1149,1,13,10,2
2014074114510,2,9,0,8,0,1,0,0,0,0,2,1,6,1,61,9,1910,2,5,4,1
2014074114548,1,1,0,18,0,1,0,0,0,0,1,1,2,1,45,7,-1,-1,-1,6,1
2014074114548,2,9,0,18,0,1,0,0,0,0,2,1,2,2,-1,-1,1229,1,8,7,3
2014074114612,1,9,0,18,0,6,0,0,0,0,4,1,6,2,55,8,1229,1,5,3,1
2014074114612,2,9,0,11,0,8,0,0,1,4,3,1,2,1,23,5,1984,1,3,8,3
2014074114660,1,9,0,3,0,0,0,0,0,0,1,2,6,2,23,5,1598,1,5,3,1
2014074114660,2,19,0,3,0,0,0,0,0,0,2,2,1,1,42,7,1995,2,6,10,1
2014074114660,3,9,0,3,0,0,0,0,0,0,2,2,6,2,34,6,1587,1,11,9,1
2014074114759,1,9,0,9,0,6,0,0,0,0,4,1,6,1,63,9,999,1,5,9,1
2014074114759,2,1,0,18,0,8,0,0,0,0,1,1,2,1,49,8,-1,-1,-1,2,1
2014074115705,1,9,0,9,0,6,0,0,0,0,3,1,6,1,44,7,1461,2,3,6,1
2014074115705,2,5,0,18,0,8,0,0,0,0,1,1,2,1,54,8,636,1,1,-1,1
2014074115784,1,9,0,5,0,6,0,0,0,0,0,1,6,1,29,6,1299,1,10,7,1
2014074115784,2,3,0,18,0,1,1,0,0,0,0,1,6,2,25,5,125,1,3,1,1
2014074115913,1,5,0,9,0,4,1,0,7,1,4,1,6,1,54,8,1002,1,20,1,1
2014074115957,1,9,0,18,0,8,1,0,7,1,1,1,6,1,44,7,1997,2,8,1,1
2014074116033,1,9,0,18,0,2,0,0,0,0,1,2,6,1,78,11,999,1,15,8,1
2014074116033,2,19,0,2,0,2,0,0,0,0,2,2,6,1,-1,-1,2198,2,5,-1,-1
2014074116297,1,9,0,18,0,0,2,0,1,11,3,1,6,2,21,5,1796,1,10,5,1
2014074116652,1,9,0,18,0,1,0,0,0,0,1,1,6,2,23,5,1197,1,1,10,2
2014074116652,2,9,0,18,0,1,0,0,0,0,2,1,6,2,36,7,1360,1,9,9,2
2014074116744,1,3,0,4,0,8,5,0,0,0,0,1,6,1,29,6,125,1,5,7,1
2014074117366,1,9,0,12,0,1,0,0,4,7,1,1,6,2,22,5,1686,2,12,-1,-1
2014074117478,1,9,0,9,0,6,0,0,0,0,3,1,6,1,62,9,-1,-1,-1,10,2
2014074117478,2,9,0,18,0,1,0,0,0,0,1,1,6,2,61,9,1396,1,1,5,3
2014074117510,1,1,0,18,0,8,0,0,0,0,1,1,6,1,7,2,-1,-1,-1,7,1
2014074117510,2,9,0,18,0,8,0,10,7,10,3,1,6,2,84,11,1386,1,9,7,1
2014074117724,1,19,0,18,0,0,0,0,0,0,4,1,6,1,-1,-1,2299,2,1,-1,-1
2014074117863,1,9,0,18,0,0,0,0,0,0,3,1,6,2,52,8,1229,1,8,5,1
2014074118116,1,9,0,17,0,8,2,0,8,4,1,1,6,1,21,5,1590,1,9,7,3
2014074118582,1,9,0,9,0,6,0,0,0,0,1,1,6,2,72,10,1349,1,2,9,3
2014074118582,2,19,0,18,0,1,1,0,0,0,4,1,1,1,21,5,1753,2,13,3,1
2014074118811,1,1,0,5,0,0,0,0,0,0,1,1,6,1,20,4,-1,-1,-1,7,1
2014074118811,2,9,0,18,0,0,0,0,0,0,3,1,1,2,26,6,1598,1,10,8,3
2014074118867,1,9,0,18,0,0,0,0,0,0,3,1,6,2,73,10,1242,1,2,10,1
2014074118867,2,9,0,18,0,0,0,0,1,0,4,1,6,2,58,9,1995,2,6,6,1
2014074118867,3,9,0,18,0,0,0,0,0,0,1,1,6,1,26,6,1124,1,9,10,1
2014074118893,1,9,0,18,0,0,0,0,0,0,1,1,6,1,-1,-1,1796,1,10,10,1
2014074118893,2,9,0,3,0,0,0,0,0,0,2,1,6,2,-1,-1,-1,-1,-1,10,1
2014074118893,3,9,0,3,0,0,0,0,0,0,2,1,6,1,-1,-1,1995,2,7,10,1
2014074118894,1,9,0,18,0,1,0,0,0,0,1,1,2,1,41,7,1598,1,6,10,1
2014074118894,2,20,0,18,0,2,0,0,0,0,2,1,1,1,-1,-1,6870,2,6,2,1
2014074119355,1,9,0,18,0,0,0,0,0,0,1,1,6,1,43,7,1968,2,7,8,1
2014074119355,2,9,0,4,0,0,0,0,0,0,2,1,6,2,34,6,998,1,6,-1,-1
2014074119459,1,9,0,18,0,1,0,0,0,0,1,1,6,2,35,6,1398,1,4,6,1
2014074119459,2,9,0,10,0,1,0,0,0,0,2,1,6,2,57,9,1968,2,1,10,1
2014074119501,1,5,0,18,0,1,2,10,1,0,0,1,6,1,60,9,2294,1,7,4,2
2014074119686,1,21,0,18,0,1,1,0,0,0,1,1,1,1,33,6,-1,-1,-1,2,1
2014074119686,2,9,0,4,0,1,0,0,0,0,2,1,6,2,28,6,1598,1,10,6,2
2014074119686,3,9,0,10,0,1,0,0,0,0,2,1,6,1,86,11,1798,1,13,10,2
2014074119707,1,9,0,9,0,1,0,0,0,0,1,1,6,1,75,10,1868,2,12,9,3
2014074119707,2,5,0,18,0,1,0,0,0,0,1,1,6,1,46,8,1098,1,24,4,3
2014074119825,1,5,0,16,0,0,0,0,0,0,3,1,2,1,56,9,1340,1,7,10,1
2014074119825,2,21,1,16,0,0,0,0,0,0,4,1,1,1,46,8,11705,2,2,2,1
2014074120077,1,9,0,18,0,0,0,0,0,0,1,1,6,2,25,5,998,1,11,4,1
2014074120077,2,9,0,4,0,0,0,0,0,0,2,1,6,1,46,8,2148,2,7,3,1
2014074120933,1,9,0,18,0,0,0,0,0,0,0,1,1,1,48,8,-1,-1,-1,1,1
2014074120933,2,19,0,18,0,0,0,0,0,0,1,1,1,1,19,4,2198,2,2,1,1
2014074120933,3,19,0,18,0,0,0,0,0,0,1,1,1,1,38,7,2198,2,1,9,1
2014074121198,1,9,0,18,0,0,0,0,4,7,3,1,6,2,63,9,1796,1,11,6,1
2014074121198,2,21,1,11,0,0,0,0,0,0,4,1,1,1,67,10,-1,-1,-1,-1,-1
2014074121246,1,9,0,18,0,8,0,0,0,0,1,1,1,1,40,7,1587,1,11,1,1
2014074121246,2,9,0,9,0,8,0,0,0,0,4,1,6,1,35,6,1390,1,5,6,1
2014074121471,1,1,0,18,0,0,5,0,0,0,0,1,6,1,52,8,-1,-1,-1,3,1
2014074121550,1,3,0,16,0,0,2,0,0,0,4,1,2,1,43,7,125,1,9,5,2
2014074121630,1,9,0,18,0,2,0,0,0,0,4,1,1,2,29,6,1398,1,1,10,1
2014074121709,1,9,0,7,0,5,0,0,0,0,1,1,6,1,76,11,998,1,9,3,1
2014074121709,2,9,0,7,0,5,0,0,0,0,1,1,6,2,74,10,1341,1,9,2,1
2014074121709,3,9,0,4,0,1,0,0,1,0,3,1,6,1,40,7,1997,2,9,2,1
2014074121734,1,9,0,5,0,2,0,0,0,0,1,1,6,2,57,9,2000,1,5,8,1
2014074121883,1,9,0,5,0,0,0,0,0,0,1,1,2,1,-1,-1,1149,1,10,6,1
2014074122045,1,9,0,3,0,1,0,0,0,0,3,1,6,1,-1,-1,-1,-1,-1,-1,-1
2014074122045,2,1,0,9,0,1,0,0,0,0,1,1,6,2,19,4,-1,-1,-1,2,1
2014074122047,1,1,0,3,0,0,0,0,0,0,1,1,1,1,15,3,-1,-1,-1,10,1
2014074122047,2,8,0,18,0,0,0,0,0,0,2,1,4,1,46,8,1995,2,11,2,1
2014074122118,1,90,0,7,0,1,0,0,0,0,4,1,6,1,68,10,2198,2,3,-1,-1
2014074122118,2,1,0,15,0,1,0,0,1,0,3,1,2,1,31,6,-1,-1,-1,8,1
2014074122180,1,90,0,17,0,0,2,0,7,10,4,1,1,1,30,6,5860,2,11,2,1
2014074122228,1,9,0,18,0,0,0,0,0,0,1,1,6,2,43,7,1242,1,1,-1,-1
2014074122228,2,9,0,4,0,0,0,0,0,0,2,1,6,2,-1,-1,-1,-1,-1,-1,-1
2014074122683,1,11,0,4,0,0,0,0,0,0,1,1,1,1,54,8,-1,-1,-1,7,3
2014074122711,1,9,0,18,0,0,0,0,0,0,1,1,1,1,37,7,-1,-1,-1,2,1
2014074122711,2,9,0,18,0,0,0,0,0,0,2,1,1,1,43,7,1870,2,10,3,1
2014074122750,1,9,0,18,0,4,0,0,0,0,1,1,2,2,48,8,2179,2,3,7,1
2014074122750,2,9,0,3,0,4,0,0,0,0,2,1,6,1,43,7,2143,2,1,-1,-1
2014074122863,1,5,0,13,0,1,0,0,7,0,1,1,6,1,49,8,1170,1,1,8,1
2014074122863,2,19,0,9,0,1,0,0,7,0,3,1,6,1,56,9,2499,2,19,5,3
2014074122914,1,3,0,18,0,0,0,0,0,0,1,1,6,1,18,4,124,1,6,2,1
2014074122914,2,9,0,4,0,0,0,0,0,0,2,1,1,1,-1,-1,1995,2,-1,5,1
2014074122914,3,9,0,18,0,0,0,0,0,0,3,1,6,1,-1,-1,1968,2,7,2,1
2014074123158,1,9,0,18,0,0,0,0,0,0,1,1,6,2,22,5,2987,2,3,10,1
2014074123158,2,9,0,18,0,0,0,0,0,0,2,1,6,1,52,8,1242,1,6,-1,-1
2014074124095,1,5,0,18,0,0,2,0,0,0,0,1,6,1,25,5,599,1,11,1,1
2014074124095,2,9,0,18,0,0,0,0,0,0,0,1,6,3,-1,-1,-1,-1,-1,-1,-1
2014074124148,1,1,0,18,0,0,0,0,0,0,1,1,6,1,44,7,-1,-1,-1,8,3
2014074124148,2,9,0,18,0,0,0,0,0,0,3,1,6,1,41,7,4196,1,7,-1,-1
2014074124671,1,9,0,13,0,0,0,0,7,10,1,1,6,1,22,5,1796,1,8,9,3
2014074124671,2,9,0,16,0,0,0,0,1,10,1,1,6,1,64,9,2179,2,1,-1,-1
2014074124671,3,21,1,17,0,0,0,0,0,0,0,1,1,1,34,6,10518,2,5,-1,-1
2014074124701,1,9,0,9,0,8,0,0,0,0,3,1,6,2,45,7,1598,1,6,2,2
2014074124701,2,2,0,18,0,8,0,0,0,0,1,1,6,1,16,4,49,1,12,2,2
2014074125111,1,9,0,16,0,0,1,0,7,0,4,1,6,1,19,4,1497,1,10,10,1