Accident_Index,Vehicle_Reference,Vehicle_Type,Towing_and_Articulation,Vehicle_Manoeuvre,Vehicle_Location-Restricted_Lane,Junction_Location,Skidding_and_Overturning,Hit_Object_in_Carriageway,Vehicle_Leaving_Carriageway,Hit_Object_off_Carriageway,1st_Point_of_Impact,Was_Vehicle_Left_Hand_Drive?,Journey_Purpose_of_Driver,Sex_of_Driver,Age_of_Driver,Age_Band_of_Driver,Engine_Capacity_(CC),Propulsion_Code,Age_of_Vehicle,Driver_IMD_Decile,Driver_Home_Area_Type
2014074125111,2,9,0,17,0,0,0,0,0,0,4,1,6,2,76,11,1796,1,13,1,1
2014074125175,1,9,0,6,0,0,0,0,0,0,3,1,6,1,66,10,1951,2,13,-1,-1
2014074125175,2,9,0,18,0,0,0,0,0,0,1,1,6,1,33,6,2979,1,2,9,1
2014074125308,1,9,0,3,0,1,0,0,0,0,1,1,6,2,23,5,1229,1,2,-1,1
2014074125308,2,9,0,3,0,1,0,0,0,0,2,1,6,2,31,6,1598,1,8,10,1
2014074125859,1,8,0,5,0,1,0,0,0,0,0,1,1,1,51,8,1910,2,8,4,1
2014074125871,1,9,0,18,0,1,0,0,0,0,1,1,6,1,52,8,1998,1,13,6,3
2014074125871,2,9,0,4,0,1,0,0,0,0,2,1,6,1,38,7,1360,1,3,4,1
2014074126154,1,9,0,13,0,0,0,0,0,0,4,1,6,1,87,11,1598,1,5,7,1
2014074126154,2,1,0,18,0,0,0,0,1,0,3,1,6,1,43,7,-1,-1,-1,-1,1
2014074126170,1,3,0,9,0,3,0,0,0,0,3,1,6,1,24,5,124,1,4,2,1
2014074126523,1,9,0,11,0,0,1,0,1,0,4,1,2,1,30,6,-1,-1,-1,1,1
2014074126523,2,19,0,18,0,0,1,0,1,0,3,1,6,1,58,9,-1,-1,-1,1,1
2014074126929,1,19,0,18,0,7,0,0,0,0,1,1,2,1,53,8,1461,2,4,2,1
2014074126929,2,9,0,3,0,7,0,0,0,0,2,1,6,1,44,7,2400,2,7,8,3
2014074127173,1,9,4,17,0,0,0,0,0,0,1,1,1,1,66,10,2495,2,19,8,3
2014074127173,2,9,0,16,0,0,0,0,0,0,1,1,6,2,37,7,1968,2,2,-1,-1
2014074127223,1,9,0,5,0,1,0,0,0,0,0,1,6,1,-1,-1,-1,-1,-1,-1,-1
2014074127223,2,9,0,18,0,1,1,0,0,0,0,1,1,1,26,6,1149,1,5,9,1
2014074127268,1,9,0,4,0,0,0,0,0,0,1,1,6,2,-1,-1,-1,-1,-1,-1,-1
2014074127268,2,9,0,4,0,0,0,0,0,0,2,1,6,2,31,6,1360,1,6,7,1
2014074127293,1,9,0,18,0,1,0,0,0,0,1,1,6,1,48,8,1753,2,4,9,1
2014074127293,2,9,0,18,0,1,0,0,0,0,2,1,6,1,52,8,1461,2,8,10,1
2014074127826,1,1,0,18,0,0,0,0,0,0,4,1,2,1,24,5,-1,-1,-1,3,1
2014074127826,2,9,0,18,0,0,0,0,0,0,1,1,2,1,47,8,1388,1,8,3,1
2014074128024,1,9,0,9,0,6,0,0,0,0,1,1,6,2,26,6,1781,1,15,8,1
2014074128024,2,1,0,18,0,1,0,0,0,0,4,1,4,1,12,3,-1,-1,-1,5,1
2014074128072,1,9,0,18,0,6,0,0,7,10,3,1,6,2,77,11,899,1,1,10,1
2014074128072,2,9,0,18,0,1,0,0,7,1,1,1,6,2,69,10,1390,2,11,10,1
2014074128097,1,19,4,18,0,0,0,0,0,0,0,1,1,1,-1,-1,2151,2,14,-1,-1
2014074128097,2,9,0,18,0,0,0,11,4,6,3,1,1,1,58,9,2987,2,-1,5,1
2014074128152,1,9,0,18,0,0,0,0,0,0,2,1,1,1,22,5,1398,2,9,-1,-1
2014074128152,2,9,0,18,0,0,0,0,0,0,1,1,1,1,58,9,1956,2,2,9,1
2014074128152,3,9,0,18,0,0,0,0,0,0,1,1,1,1,-1,-1,1598,1,2,9,1
2014074128158,1,5,0,6,0,8,0,0,0,0,3,1,6,2,37,7,649,1,6,7,3
2014074128235,1,3,0,9,0,5,0,0,0,0,4,1,6,2,24,5,-1,-1,-1,-1,-1
2014074128235,2,9,0,18,0,8,0,0,0,0,1,1,6,2,54,8,2148,2,11,4,1
2014074128492,1,9,0,18,0,1,0,0,0,0,1,1,1,1,-1,-1,-1,-1,-1,10,1
2014074128492,2,9,0,8,0,1,0,0,0,0,2,1,6,2,62,9,1582,2,4,10,2
2014074128493,1,19,0,1,0,1,0,0,0,0,2,1,6,1,-1,-1,2287,2,2,-1,-1
2014074128493,2,2,0,3,0,1,5,0,0,0,1,1,1,2,30,6,49,1,1,6,1
2014074128601,1,8,0,18,0,1,0,0,0,0,1,1,6,1,46,8,1910,2,6,2,1
2014074128601,2,9,0,3,0,1,0,0,0,0,2,1,6,1,27,6,1339,1,5,2,1
2014074128603,1,4,0,18,0,1,0,0,0,0,1,1,2,1,28,6,124,1,10,4,1
2014074128603,2,9,0,9,0,6,0,0,0,0,3,1,2,2,29,6,1995,2,6,4,1
2014074128710,1,9,0,7,0,0,0,0,0,0,4,1,2,2,29,6,1598,1,7,-1,1
2014074128749,1,9,0,7,0,1,0,0,0,0,1,1,6,1,53,8,2967,2,2,-1,-1
2014074128749,2,1,0,15,0,1,0,0,0,0,1,1,6,1,52,8,-1,-1,-1,-1,-1
2014074129108,1,9,0,7,0,8,0,0,0,0,1,1,1,1,49,8,1998,2,10,5,1
2014074129108,2,1,0,18,4,1,0,0,0,0,3,1,1,1,39,7,-1,-1,-1,1,1
2014074129233,1,9,0,18,0,0,1,0,0,0,1,1,6,2,47,8,1598,1,1,6,2
2014074129233,2,9,0,18,0,0,0,0,0,0,2,1,6,1,47,8,1995,2,7,8,1
2014074129356,1,9,0,9,0,8,0,0,0,0,1,1,6,1,47,8,1896,2,6,7,1
2014074129356,2,3,0,18,0,8,5,0,0,0,1,1,6,1,17,4,124,1,8,1,1
2014074129370,1,9,0,18,0,1,0,0,0,0,1,1,2,1,26,6,1389,1,11,4,1
2014074129370,2,9,0,10,0,2,0,0,0,0,2,1,2,1,53,8,1968,2,3,7,1
2014074129451,1,9,0,9,0,6,1,0,0,0,4,1,6,2,44,7,2204,2,8,5,1
2014074129451,2,9,0,18,0,1,1,0,0,0,1,1,6,2,39,7,1229,1,8,10,1
2014074129452,1,9,0,9,0,8,0,0,0,0,1,1,6,1,50,8,1242,1,4,1,1
2014074129452,2,11,0,18,0,8,0,0,0,0,1,1,1,1,59,9,5883,2,10,5,1
2014074129504,1,9,0,9,0,6,0,0,0,0,1,1,2,1,33,6,-1,-1,-1,-1,-1
2014074129504,2,9,0,3,0,1,0,0,0,0,1,1,2,2,24,5,1595,1,1,-1,-1
2014074129504,3,9,0,3,0,1,0,0,0,0,1,1,6,2,52,8,1388,1,11,8,1
2014074129626,1,9,0,18,0,8,0,0,0,0,1,1,6,2,25,5,1124,1,13,8,1
2014074129626,2,1,0,18,0,8,2,0,0,0,3,1,2,1,21,5,-1,-1,-1,10,1
2014074129626,3,9,0,18,0,1,0,0,0,0,1,1,6,1,39,7,1368,1,1,10,1
2014074129640,1,19,0,6,0,0,0,0,0,0,4,1,1,1,65,9,2198,2,1,-1,-1
2014074129640,2,2,0,18,0,0,0,0,0,0,3,1,6,1,35,6,49,1,12,6,1
2014074129777,1,9,0,17,0,0,0,0,0,0,3,1,2,1,30,6,1389,1,13,9,2
2014074129777,2,1,0,16,0,0,0,0,0,0,3,1,2,1,51,8,-1,-1,-1,9,1
2014074130081,1,9,0,5,0,7,0,0,0,0,1,1,6,1,29,6,2143,2,2,1,1
2014074130081,2,9,0,5,0,7,0,0,0,0,2,1,1,2,52,8,1086,1,3,8,1
2014074130110,1,9,0,4,0,0,0,0,0,0,1,1,2,1,24,5,1229,1,8,-1,3
2014074130110,2,9,0,4,0,0,0,0,0,0,2,1,2,1,28,6,1399,2,11,10,1
2014074130219,1,9,0,18,0,6,0,0,0,0,1,1,6,2,37,7,1896,2,6,-1,1
2014074130219,2,9,0,18,0,8,1,0,1,0,1,1,6,1,48,8,2179,2,13,2,1
2014074130257,1,9,0,4,0,1,0,0,0,0,2,1,6,1,-1,-1,-1,-1,-1,9,1
2014074130257,2,9,0,3,0,1,0,0,0,0,1,1,6,2,31,6,1199,1,11,8,1
2014074130313,1,9,0,4,0,0,0,0,0,0,2,1,6,2,29,6,1598,1,5,1,1
2014074130313,2,9,0,4,0,0,0,0,0,0,2,1,6,1,53,8,1560,2,3,5,3
2014074130313,3,9,0,4,0,0,0,0,0,0,2,1,6,1,29,6,1910,2,6,-1,-1
2014074130313,4,9,0,4,0,0,1,0,0,0,1,1,6,2,25,5,2000,2,10,7,1
2014074130313,5,9,0,11,0,0,0,0,0,0,0,1,6,3,-1,-1,-1,-1,-1,-1,-1
2014074130316,1,1,0,18,0,0,0,0,0,0,3,1,6,2,41,7,-1,-1,-1,4,1
2014074130571,1,9,0,7,0,2,1,0,0,0,1,1,6,2,-1,-1,-1,-1,-1,-1,-1
2014074130571,2,9,0,18,0,2,1,0,0,0,3,1,6,2,48,8,1596,1,4,9,1
2014074130746,1,3,0,18,0,8,0,0,0,0,1,1,6,2,18,4,125,1,13,2,1
2014074130746,2,9,0,18,0,8,0,0,0,0,1,1,6,2,52,8,1591,1,1,3,1
2014074130852,1,19,0,4,0,0,0,0,0,0,1,1,6,1,55,8,1998,2,9,10,1
2014074130852,2,9,0,4,0,0,0,0,0,0,2,1,6,1,44,7,1299,1,15,3,1
2014074130852,3,9,0,4,0,0,0,0,0,0,2,1,6,2,36,7,1796,2,1,3,2
2014074130908,1,9,0,18,0,4,0,0,0,0,1,1,6,1,-1,-1,-1,-1,-1,-1,-1
2014074130940,1,9,0,5,0,6,0,0,0,0,1,1,6,2,-1,-1,-1,-1,-1,-1,-1
2014074130940,2,9,0,9,0,1,0,0,0,0,4,1,6,1,76,11,1796,1,13,1,1
2014074131038,1,9,0,18,0,1,5,10,7,10,1,1,6,1,32,6,4163,1,-1,6,3
2014074131063,1,9,0,1,0,2,0,0,0,0,2,1,1,1,43,7,2698,2,9,1,1
2014074131063,2,9,0,3,0,5,0,0,0,0,1,1,6,2,19,4,1598,1,9,7,1
2014074131350,1,9,0,18,0,1,1,0,0,0,4,1,6,1,71,10,1560,2,6,8,3
2014074131350,2,9,0,18,0,1,0,0,0,0,3,1,6,1,21,5,2993,2,3,7,1
2014074131415,1,9,0,18,0,1,0,0,0,0,1,1,6,2,70,10,-1,-1,-1,8,1
2014074131532,1,9,0,13,0,1,1,0,7,11,1,1,6,1,25,5,1242,1,13,5,1
2014074131570,1,21,1,11,0,0,0,0,0,0,4,1,1,1,50,8,12580,2,8,6,1
2014074131570,2,9,0,18,0,0,0,0,0,0,3,1,6,1,47,8,1527,2,20,10,1
2014074131615,1,9,0,4,0,1,0,0,0,0,1,1,6,1,28,6,2200,2,20,1,1
2014074131615,2,9,0,4,0,1,0,0,0,0,2,1,6,2,24,5,1149,1,5,9,1
2014074131615,3,9,0,4,0,1,0,0,0,0,2,1,6,1,58,9,2987,2,2,10,1
2014074131835,1,19,0,18,0,0,0,0,0,0,0,1,6,1,50,8,-1,-1,-1,10,1
2014074131835,2,9,0,18,0,0,1,0,0,0,1,1,6,1,24,5,2461,2,6,6,1
2014074131835,3,9,0,18,0,0,0,0,0,0,1,1,6,1,38,7,-1,-1,-1,10,1
2014074131847,1,9,0,18,0,8,0,0,0,0,1,1,6,1,20,4,998,1,5,1,1
2014074131866,1,19,0,7,0,6,0,0,0,0,0,1,1,1,-1,-1,2198,2,4,-1,-1
2014074132033,1,9,0,9,0,6,0,0,0,0,3,1,6,1,32,6,1598,2,4,2,1
2014074132033,2,3,0,18,0,1,2,0,0,0,1,1,6,1,17,4,124,1,1,2,1
2014074132072,1,9,0,5,8,0,0,0,0,0,0,1,6,2,-1,-1,1248,2,9,5,1
2014074132072,2,9,0,18,0,0,0,0,0,0,0,1,6,2,42,7,1242,1,1,5,3
2014074132083,1,9,0,18,0,8,1,10,1,10,1,1,6,2,18,4,1124,1,12,1,1
2014074132214,1,9,0,7,0,1,0,0,0,0,1,1,6,1,18,4,998,1,14,10,1
2014074132214,2,9,0,3,0,1,0,0,0,0,2,1,6,1,24,5,-1,-1,-1,8,1
2014074132419,1,9,0,18,0,0,1,0,0,0,1,1,2,1,29,6,1364,1,5,-1,1
2014074132419,2,9,0,18,0,0,0,0,0,0,1,1,2,2,20,4,1896,2,9,3,1
2014074132419,3,9,0,18,0,0,0,0,0,0,1,1,6,1,46,8,1560,2,6,2,1
2014074132655,1,9,0,18,0,8,0,0,0,0,1,1,6,2,50,8,1388,1,12,1,1
2014074132655,2,9,0,9,0,8,0,0,0,0,3,1,6,1,23,5,1390,1,-1,5,1
2014074132679,1,9,0,4,0,1,0,0,0,0,2,1,1,2,60,9,993,1,12,4,1
2014074132679,2,9,0,18,0,1,0,0,0,0,1,1,6,1,32,6,-1,-1,-1,1,1
2014074132864,1,3,0,17,0,1,1,0,1,11,3,1,6,2,18,4,108,1,-1,4,1
2014074132919,1,9,0,5,0,2,1,0,0,0,1,1,6,2,66,10,1388,1,10,9,1
2014074132919,2,9,0,2,0,1,0,0,0,0,3,1,6,1,29,6,1390,1,9,10,1
2014074133215,1,5,0,16,0,0,2,0,0,0,4,1,6,2,53,8,650,1,14,-1,-1
2014074133342,1,3,0,4,0,4,1,0,0,0,0,1,2,1,37,7,124,1,9,4,1
2014074133389,1,9,0,16,0,0,1,0,0,0,1,1,1,2,17,4,1242,1,6,9,3
2014074133389,2,9,0,18,0,0,0,0,1,0,1,1,1,1,42,7,1086,1,9,9,2
2014074133458,1,9,0,4,0,1,0,0,0,0,1,1,6,1,38,7,2354,1,10,6,2
2014074133458,2,8,0,3,0,1,0,0,0,0,2,1,6,1,54,8,2499,2,7,10,2
2014074133480,1,9,0,18,0,4,0,0,0,0,1,1,6,1,45,7,1968,2,1,9,2
2014074133480,2,1,0,18,0,8,5,0,0,0,4,1,6,1,47,8,-1,-1,-1,5,1
2014074133516,1,9,0,17,0,2,1,0,7,2,4,1,6,1,17,4,2354,1,11,10,2
2014074133598,1,9,0,18,0,0,1,0,1,7,1,1,2,2,61,9,1998,2,11,7,1
2014074133725,1,9,0,3,0,1,0,0,0,0,0,1,6,3,-1,-1,-1,-1,-1,-1,-1
2014074133725,2,1,0,3,0,1,0,0,0,0,0,1,6,2,46,8,-1,-1,-1,6,1
2014074133848,1,9,0,18,0,0,1,0,0,0,1,1,6,1,58,9,1997,2,2,-1,1
2014074133848,2,9,0,4,0,0,0,0,0,0,2,1,1,1,55,8,2993,2,6,5,1
2014074133848,3,9,0,4,0,0,0,0,0,0,2,1,6,1,66,10,1995,2,1,2,1
2014074133901,1,9,0,5,0,6,0,0,0,0,3,1,2,1,43,7,2993,2,2,9,3
2014074133901,2,9,0,16,0,1,0,0,0,0,1,1,1,1,41,7,1968,2,4,5,1
2014074134411,1,9,0,18,0,0,0,0,0,0,1,1,6,2,27,6,2993,2,1,5,1
2014074134411,2,9,0,4,0,0,0,0,0,0,2,1,2,1,37,7,1995,2,11,9,1
2014074134411,3,9,0,4,0,0,0,0,0,0,2,1,2,2,40,7,1596,1,13,6,3
2014074134411,4,9,0,4,0,0,0,0,0,0,2,1,2,1,43,7,1596,1,7,-1,3
2014074134430,1,9,0,9,0,2,0,0,0,0,0,1,6,3,-1,-1,-1,-1,-1,-1,-1
2014074134430,2,3,0,18,0,1,0,0,0,0,0,1,4,1,17,4,124,1,14,8,3
2014074134441,1,9,0,18,0,1,1,0,0,0,1,1,1,2,36,7,1598,1,7,4,1
2014074134441,2,9,0,3,0,1,0,0,0,0,1,1,1,2,22,5,1248,2,4,7,1
2014074134441,3,9,0,3,0,1,0,0,0,0,2,1,2,2,30,6,1587,1,10,7,1
2014074134458,1,9,0,16,0,7,1,0,8,2,3,1,2,2,21,5,1991,2,11,9,1
2014074134685,1,9,0,4,0,1,0,0,0,0,1,1,6,1,29,6,1896,2,6,4,1
2014074134685,2,9,0,4,0,1,0,0,0,0,2,1,6,2,36,7,1598,1,10,6,1
2014074134980,1,9,0,18,0,1,0,0,0,0,1,1,6,1,25,5,1149,1,11,7,1
2014074134980,2,9,0,4,0,8,0,0,0,0,2,1,6,1,27,6,1368,1,5,10,1
2014074134980,3,9,0,4,0,8,0,0,0,0,2,1,6,2,26,6,1587,1,9,3,1
2014074135239,1,9,0,5,0,8,0,0,8,10,4,1,6,2,22,5,1242,1,10,10,1
2014074135239,2,9,0,18,0,1,0,0,7,0,1,1,6,1,37,7,1997,2,10,5,1
2014074135533,1,9,0,5,0,4,0,0,0,0,1,1,6,2,19,4,1398,1,1,7,1
2014074135533,2,1,0,16,0,8,0,0,0,0,4,1,6,1,30,6,-1,-1,-1,9,1
2014074135571,1,9,0,4,0,0,5,0,0,0,1,1,6,2,25,5,998,1,10,4,1
2014074135571,2,9,0,4,0,0,0,0,0,0,2,1,6,1,23,5,2993,2,2,8,1
2014074135571,3,9,0,4,0,0,0,0,0,0,2,1,6,1,58,9,1995,2,2,8,1
2014074135576,1,5,0,18,0,0,0,0,0,0,3,1,1,1,33,6,-1,-1,-1,6,1
2014074135576,2,9,0,3,0,0,0,0,0,0,3,1,1,2,45,7,3246,1,8,8,1
2014074135576,3,9,0,3,0,0,0,0,0,0,4,1,1,1,31,6,-1,-1,-1,1,1
2014074135576,4,9,0,3,0,0,0,0,0,0,2,1,1,2,41,7,998,1,-1,8,1
2014074135638,1,19,0,1,0,2,0,0,0,0,2,1,1,1,46,8,2198,2,1,9,1
2014074135638,2,9,0,3,0,2,0,0,0,0,1,1,2,2,49,8,-1,-1,-1,2,1
2014074135774,1,9,0,18,0,0,0,0,0,0,4,1,6,2,82,11,1242,1,13,9,3
2014074135774,2,1,0,18,0,0,0,0,0,0,3,1,6,1,53,8,-1,-1,-1,10,2
2014074135961,1,9,0,5,0,1,0,0,0,0,1,1,6,2,64,9,1896,2,8,9,1
2014074135961,2,1,0,18,0,1,0,0,0,0,1,1,6,1,48,8,-1,-1,-1,8,1
2014074136226,1,5,0,18,0,1,2,0,7,11,1,1,6,1,24,5,749,1,6,2,1
2014074136226,2,9,0,10,0,8,0,0,0,0,3,1,1,1,43,7,1796,1,6,2,1
2014074136271,1,9,0,18,0,1,0,0,0,0,0,1,6,3,-1,-1,-1,-1,-1,-1,-1
2014074136271,2,1,0,18,0,1,0,0,1,0,0,1,6,1,32,6,-1,-1,-1,-1,-1
2014074136314,1,1,0,18,0,8,0,11,0,0,3,1,6,2,49,8,-1,-1,-1,6,1
2014074136401,1,9,0,5,0,1,0,0,0,0,1,1,6,2,45,7,998,1,7,3,1
2014074136644,1,21,5,12,0,0,0,0,0,0,3,1,6,3,-1,-1,-1,-1,-1,-1,-1
2014074136644,2,9,0,18,0,0,1,0,4,6,4,1,2,1,26,6,-1,-1,-1,8,1
2014074136742,1,9,0,2,0,0,0,4,0,0,1,1,6,2,63,9,1229,1,9,2,1
2014074136742,2,9,0,18,0,0,0,0,0,0,2,1,6,2,43,7,1995,2,3,3,1
2014074136752,1,9,0,8,0,1,0,0,0,0,2,1,1,2,47,8,-1,-1,-1,5,1
2014074136752,2,9,0,4,0,1,1,0,0,0,1,1,1,1,28,6,1984,2,1,-1,-1
2014074136921,1,9,0,18,0,8,0,0,0,0,3,1,6,1,55,8,1998,2,10,3,1
2014074136921,2,2,0,18,0,1,0,0,0,0,1,1,6,1,16,4,49,1,9,2,1
2014074137322,1,8,0,17,6,0,0,0,0,0,3,1,6,1,49,8,1995,2,10,-1,-1
2014074137322,2,8,0,16,6,0,0,0,0,0,3,1,6,2,41,7,1399,1,4,-1,-1
2014074137385,1,19,0,9,0,6,0,0,0,0,1,1,1,1,27,6,2287,2,4,-1,1
2014074137385,2,9,0,18,0,1,0,0,0,0,2,1,2,2,22,5,1199,1,11,5,3
2014074138127,1,9,0,6,0,8,0,0,0,0,2,1,6,1,62,9,1598,1,3,2,1
2014074138127,2,9,0,18,0,8,0,0,0,0,1,1,6,1,78,11,1560,2,3,7,1
2014074138215,1,9,0,18,0,1,0,0,0,0,1,1,6,1,85,11,1389,1,10,6,2
2014074138409,1,9,0,9,0,8,0,0,0,0,1,1,2,2,61,9,1798,1,6,3,1
2014074138409,2,3,0,18,0,8,0,0,0,0,4,1,6,1,24,5,124,1,8,9,1
2014074138539,1,9,0,18,0,8,0,0,3,0,1,1,6,1,46,8,-1,-1,-1,-1,-1
2014074138539,2,9,0,18,0,8,0,0,0,0,4,1,6,1,-1,-1,1360,1,7,6,1
2014074138785,1,98,1,18,0,0,0,0,0,0,4,1,6,3,-1,-1,-1,-1,-1,-1,-1
2014074138785,2,9,0,18,0,0,0,0,5,0,3,1,6,2,46,8,1497,1,12,6,1
2014074139213,1,9,0,18,0,0,0,0,0,0,1,1,6,1,53,8,2295,1,15,2,1
2014074139213,2,9,0,18,0,0,0,0,0,0,2,1,6,1,43,7,1895,1,15,1,1
2014074139352,1,9,0,1,0,1,0,0,0,0,2,1,6,1,43,7,1900,2,8,-1,-1
2014074139444,1,9,0,13,0,0,0,0,0,0,4,1,6,1,-1,-1,1390,1,11,5,1
2014074139444,2,1,0,18,0,0,0,0,0,0,3,1,6,1,52,8,-1,-1,-1,-1,-1
2014074139461,1,9,0,18,0,8,0,0,1,1,1,2,6,1,83,11,-1,-1,-1,-1,-1
2014074139461,2,9,0,18,0,8,0,0,0,0,1,1,6,1,63,9,2199,2,-1,8,1
2014074139534,1,5,0,15,0,1,0,0,7,0,4,1,6,1,24,5,599,1,5,-1,-1
2014074139534,2,17,0,9,0,1,0,0,0,0,3,1,1,1,60,9,376,1,1,5,1
2014074139562,1,5,0,16,0,2,0,0,0,0,0,1,6,2,49,8,798,1,1,4,2
2014074139612,1,11,0,18,0,0,0,0,0,0,4,1,6,3,-1,-1,-1,-1,-1,-1,-1
2014074139642,1,5,0,7,0,8,2,0,0,0,4,1,6,1,52,8,996,1,5,1,1
2014074139842,1,9,0,6,0,0,0,0,0,0,3,1,6,1,22,5,1242,1,7,7,1
2014074139842,2,5,0,13,0,0,0,0,0,0,1,1,6,1,29,6,-1,-1,-1,1,1
2014074140608,1,9,0,4,0,1,1,0,0,10,1,1,6,1,73,10,1396,1,11,7,3
2014074140608,2,9,0,10,0,1,0,0,0,0,1,1,6,1,65,9,1968,2,5,10,1
2014074140793,1,19,0,12,0,1,0,0,0,0,3,1,6,1,62,9,1753,2,8,6,1
2014074140793,2,5,0,13,0,1,2,0,0,0,1,1,6,1,48,8,749,1,11,1,1
2014074140801,1,9,0,18,0,1,0,0,0,0,1,1,6,2,48,8,1389,1,10,3,1
2014074140801,2,1,0,17,0,1,0,0,0,0,1,1,6,1,16,4,-1,-1,-1,2,1
2014074140909,1,9,0,16,0,0,0,0,1,11,1,1,6,1,40,7,2979,1,-1,9,3
2014074141379,1,3,0,18,0,8,2,0,0,0,1,1,1,2,18,4,124,1,31,-1,-1
2014074141379,2,9,0,18,0,8,0,0,0,0,4,1,1,2,50,8,1198,1,-1,10,1
2014074141864,1,9,0,18,0,8,1,0,0,0,3,1,3,1,22,5,998,1,10,10,1
2014074141864,2,9,0,18,0,8,0,0,0,0,1,1,3,2,38,7,1870,2,6,9,1
2014074141961,1,9,0,18,0,0,0,0,0,0,1,1,6,1,-1,-1,1997,12,2,-1,-1
2014074141961,2,9,0,3,0,0,0,0,0,0,2,1,6,1,36,7,-1,-1,-1,1,1
2014074142012,1,1,0,9,0,0,5,0,0,0,3,1,6,1,9,2,-1,-1,-1,1,1
2014074142012,2,9,0,18,0,0,0,0,0,0,1,1,6,2,38,7,1198,1,-1,9,1
2014074142037,1,19,0,17,0,0,0,0,1,11,1,1,1,1,33,6,1870,2,8,8,2
2014074142503,1,9,0,18,0,3,1,0,0,7,1,1,2,1,53,8,1998,2,14,1,1
2014074142538,1,9,0,18,0,1,0,0,0,0,1,1,6,1,55,8,1399,1,7,2,1
2014074142538,2,9,0,18,0,1,0,0,0,0,3,1,6,2,36,7,1199,1,13,2,1
2014074142632,1,9,0,18,0,1,0,0,0,0,3,1,6,2,38,7,-1,-1,-1,3,1
2014074142756,1,9,0,18,0,1,0,0,0,0,1,1,1,2,34,6,1796,1,8,-1,-1
2014074142756,2,9,0,5,0,6,0,0,0,0,3,1,6,2,52,8,1998,1,8,-1,-1
2014074143070,1,9,0,14,0,0,0,0,0,0,4,1,6,1,-1,-1,1997,2,-1,-1,-1
2014074143070,2,9,0,3,0,0,0,0,0,0,3,1,6,1,26,6,1598,1,6,2,1
2014074143076,1,90,0,9,0,6,0,0,0,0,1,1,6,3,-1,-1,-1,-1,-1,-1,-1
2014074143076,2,5,0,18,0,8,0,0,0,0,4,1,1,1,41,7,1171,1,16,4,1
2014074143268,1,9,0,17,0,0,2,0,8,4,4,1,6,2,29,6,1242,1,5,10,1
2014074143448,1,21,1,11,0,0,0,0,0,0,4,1,6,3,-1,-1,-1,-1,-1,-1,-1
2014074143448,2,9,0,11,0,0,0,0,0,0,3,1,6,2,46,8,1299,1,13,2,1
2014074143587,1,9,0,9,0,2,0,0,0,0,1,1,6,1,72,10,1461,2,-1,7,1
2014074143587,2,9,0,18,0,2,0,0,0,0,4,2,6,1,64,9,1329,1,2,7,1
2014074143614,1,21,1,11,0,0,0,0,0,0,1,1,1,1,54,8,12809,2,-1,1,1
2014074143614,2,9,0,18,0,0,0,0,5,0,2,1,2,2,57,9,1360,1,7,6,1
2014074143641,1,1,0,18,0,6,0,0,0,0,3,1,4,1,13,3,-1,-1,-1,-1,-1
2014074143641,2,9,0,18,0,6,0,0,0,0,1,1,2,1,64,9,999,1,5,4,1
2014074143742,1,21,1,18,0,0,0,0,0,0,0,1,1,1,-1,-1,12419,2,4,5,1
2014074143742,2,1,0,18,0,0,0,10,0,0,0,1,6,2,57,9,-1,-1,-1,7,3
2014074143862,1,9,0,17,0,0,0,0,0,0,0,1,6,1,-1,-1,1360,1,7,-1,-1
2014074143862,2,9,0,16,0,0,0,0,1,0,0,1,2,2,23,5,-1,-1,-1,10,1
2014074143873,1,9,0,15,0,8,0,0,0,0,4,1,6,3,-1,-1,-1,-1,-1,-1,-1
2014074143873,2,9,0,18,0,8,0,0,0,0,3,1,6,1,62,9,2771,1,20,5,1
2014074144262,1,9,0,9,0,1,0,0,0,0,1,1,6,2,30,6,1364,1,8,3,1
2014074144262,2,9,0,7,0,1,0,0,0,0,1,1,6,1,42,7,-1,-1,-1,-1,-1
2014074144374,1,9,0,3,0,4,0,0,0,0,1,1,6,1,28,6,1995,2,7,-1,1
2014074144374,2,9,0,3,0,4,0,0,0,0,2,1,6,1,29,6,1390,1,9,4,1
2014074144976,1,9,0,18,0,2,0,0,0,0,1,1,6,2,35,6,995,1,6,7,1
2014074144976,2,1,0,5,9,2,0,0,0,0,1,1,6,2,41,7,-1,-1,-1,9,1
2014074145024,1,9,0,18,0,0,1,0,0,0,1,1,1,2,74,10,1124,1,12,4,1
2014074145024,2,19,0,18,0,0,0,0,0,0,3,2,1,1,40,7,-1,-1,-1,-1,-1
2014074145024,3,11,0,18,0,0,0,0,0,0,3,1,1,1,63,9,3900,2,10,-1,-1
2014074145091,1,9,0,13,0,8,0,0,0,0,4,1,6,2,33,6,1582,2,5,6,1
2014074145091,2,9,0,18,0,8,0,0,0,0,3,1,6,2,29,6,1299,1,14,1,1
2014074145130,1,9,0,9,0,1,0,0,0,0,4,1,6,2,70,10,1390,1,9,8,1