Accident_Index,Vehicle_Reference,Vehicle_Type,Towing_and_Articulation,Vehicle_Manoeuvre,Vehicle_Location-Restricted_Lane,Junction_Location,Skidding_and_Overturning,Hit_Object_in_Carriageway,Vehicle_Leaving_Carriageway,Hit_Object_off_Carriageway,1st_Point_of_Impact,Was_Vehicle_Left_Hand_Drive?,Journey_Purpose_of_Driver,Sex_of_Driver,Age_of_Driver,Age_Band_of_Driver,Engine_Capacity_(CC),Propulsion_Code,Age_of_Vehicle,Driver_IMD_Decile,Driver_Home_Area_Type
2014074187169,2,5,0,17,0,8,2,0,0,0,1,1,6,1,26,6,1084,1,12,9,1
2014074187228,1,9,0,11,0,0,0,0,0,0,0,1,6,3,-1,-1,-1,-1,-1,-1,-1
2014074187228,2,9,0,18,0,0,1,0,2,7,1,1,6,1,54,8,1995,1,14,1,1
2014074187295,1,9,0,9,0,1,0,0,0,0,1,1,6,1,43,7,1968,2,6,10,1
2014074187295,2,1,0,18,0,1,0,0,0,0,1,1,6,1,40,7,-1,-1,-1,7,1
2014074187498,1,21,4,18,0,0,1,0,0,0,1,1,1,1,46,8,12777,2,5,3,1
2014074187619,1,9,0,16,0,0,0,0,1,4,1,1,6,1,21,5,1242,1,9,3,1
2014074187985,1,19,0,17,0,8,1,9,7,7,1,1,1,1,37,7,2287,2,3,-1,-1
2014074188088,1,9,0,3,0,4,0,0,0,0,1,1,6,2,-1,-1,-1,-1,-1,-1,-1
2014074188088,2,1,0,18,0,8,0,0,0,0,3,1,6,1,26,6,-1,-1,-1,1,1
2014074188094,1,19,0,3,0,1,0,4,0,0,1,1,6,1,51,8,2283,2,14,4,1
2014074188094,2,9,0,8,0,1,0,4,0,0,1,1,6,1,19,4,1388,1,8,10,3
2014074188094,3,9,0,8,0,1,0,0,0,0,2,1,6,1,52,8,1968,2,6,-1,3
2014074188247,1,9,0,9,0,6,0,0,0,0,1,1,2,2,27,6,1968,2,4,10,2
2014074188247,2,9,0,18,0,8,0,0,1,0,4,1,2,1,50,8,2171,1,13,-1,-1
2014074188248,1,1,0,18,0,8,0,0,0,0,1,1,2,1,40,7,-1,-1,-1,8,1
2014074188248,2,9,0,9,0,8,0,0,0,0,4,1,2,1,23,5,998,1,1,9,1
2014074189176,1,9,0,4,0,1,0,0,0,0,2,1,2,1,34,6,2494,1,11,-1,-1
2014074189176,2,4,0,18,0,1,0,0,0,0,1,1,6,1,71,10,1261,1,10,-1,3
2014074189370,1,9,0,7,0,5,0,0,0,0,2,1,6,2,49,8,2902,2,12,2,1
2014074189370,2,1,0,18,0,1,0,0,0,0,1,1,6,1,15,3,-1,-1,-1,1,1
2014074189464,1,5,0,16,0,0,2,0,6,0,1,1,6,1,48,8,955,1,14,1,1
2014074189464,2,9,0,5,0,0,0,0,0,0,1,1,2,1,48,8,2987,2,5,9,3
2014074190103,1,19,0,2,0,0,0,0,0,11,2,1,1,1,53,8,2287,2,6,-1,-1
2014074190161,1,21,0,11,0,5,0,0,0,0,1,1,1,1,20,4,12130,2,8,-1,1
2014074190161,2,9,0,11,0,5,0,0,0,0,2,1,6,1,37,7,2995,1,1,8,1
2014074191383,1,9,0,12,0,8,0,0,0,0,3,2,1,1,33,6,1686,2,11,3,1
2014074191383,2,9,0,18,0,8,0,0,0,0,4,2,1,1,54,8,1995,2,2,8,1
2014074191527,1,9,0,9,0,5,0,0,0,0,3,1,6,1,-1,-1,-1,-1,-1,6,1
2014074191527,2,9,0,7,0,6,0,10,0,0,3,1,6,2,36,7,1396,2,2,6,1
2014074191635,1,9,0,9,0,8,0,0,0,0,1,1,6,2,-1,-1,996,1,-1,6,1
2014074191635,2,9,0,7,0,8,0,0,0,0,1,1,6,2,37,7,1299,1,10,9,1
2014074191680,1,9,0,9,0,2,5,4,1,0,4,1,6,1,25,5,1248,1,1,-1,-1
2014074191680,2,9,0,5,0,1,0,0,0,0,0,1,1,1,42,7,1582,2,2,-1,-1
2014074191680,3,9,0,2,9,1,0,0,0,0,4,1,6,1,-1,-1,1395,1,1,-1,-1
2014074192277,1,9,0,18,0,0,0,0,0,0,1,1,1,1,22,5,1242,1,10,7,1
2014074192277,2,5,0,18,0,0,0,0,0,0,1,1,1,1,38,7,996,1,9,7,1
2014074192300,1,9,0,16,0,0,1,10,0,9,1,1,6,1,20,4,1796,1,5,3,1
2014074192300,2,9,0,18,0,0,0,10,0,9,1,1,2,1,46,8,1198,1,4,8,3
2014074192322,1,9,0,10,0,1,0,0,0,0,2,1,6,2,53,8,1995,2,3,10,1
2014074192322,2,2,0,3,0,1,1,4,0,0,1,1,6,1,16,4,49,1,8,4,1
2014074192466,1,19,0,4,0,8,0,0,0,0,1,1,6,1,-1,-1,1995,2,7,-1,-1
2014074192466,2,9,0,4,0,8,0,0,0,0,2,1,6,1,30,6,1598,1,9,1,1
2014074192744,1,19,0,12,0,0,0,0,0,0,3,1,1,1,54,8,1995,2,2,4,1
2014074192744,2,9,0,16,0,0,0,0,0,6,4,1,6,2,21,5,998,1,10,7,1
2014074192744,3,9,0,16,0,0,0,0,0,0,1,1,2,2,55,8,1388,1,5,8,1
2014074192876,1,9,0,9,0,1,0,0,0,0,3,1,2,1,29,6,1124,1,11,4,1
2014074192876,2,9,0,18,0,1,0,0,0,0,1,1,6,1,31,6,2987,2,7,4,1
2014074192928,1,9,0,4,0,0,0,0,0,0,1,1,6,2,52,8,1968,2,1,10,2
2014074192928,2,9,0,4,0,0,0,0,0,0,2,1,6,2,43,7,1590,1,12,-1,-1
2014074192987,1,9,0,18,0,0,1,0,0,0,1,1,2,1,53,8,3498,1,8,7,2
2014074192987,2,9,0,18,0,0,0,0,0,0,2,1,2,1,47,8,-1,-1,-1,-1,3
2014074192994,1,9,0,5,0,1,1,0,0,0,1,1,6,1,24,5,1995,2,10,7,3
2014074192994,2,1,0,18,0,1,0,0,0,0,4,1,2,2,24,5,-1,-1,-1,7,3
2014074193017,1,9,0,4,0,0,2,0,2,10,3,1,2,1,25,5,1497,1,10,9,3
2014074193017,2,9,0,4,0,0,0,0,0,0,0,1,6,3,-1,-1,1598,1,8,9,3
2014074193032,1,19,0,17,0,0,0,0,1,9,4,1,6,1,51,8,1870,2,11,-1,-1
2014074193040,1,9,0,17,0,0,0,0,1,11,1,1,2,1,23,5,1360,1,4,10,1
2014074193058,1,9,0,18,0,0,0,0,5,6,1,1,6,2,41,7,1834,1,13,2,1
2014074193074,1,9,0,9,0,8,0,0,0,0,1,1,6,1,21,5,1242,1,2,2,1
2014074193074,2,9,0,18,0,1,0,0,0,0,1,1,6,1,24,5,1598,1,6,4,1
2014074193081,1,9,0,17,0,0,0,0,1,4,2,1,2,1,51,8,3628,2,7,8,3
2014074193322,1,8,0,18,0,8,0,11,0,0,1,1,1,1,45,7,2204,2,9,1,1
2014074193551,1,9,0,17,0,0,0,0,1,4,1,1,1,2,24,5,1242,1,15,1,1
2014074193638,1,9,0,9,0,1,0,0,0,0,1,1,6,1,21,5,973,1,12,2,1
2014074193638,2,9,0,18,0,1,0,0,0,0,1,1,6,2,39,7,1360,1,8,9,1
2014074194008,1,9,0,18,0,1,0,0,0,0,1,1,1,1,41,7,1398,1,14,3,1
2014074194008,2,9,0,10,0,1,0,0,0,0,2,1,6,2,21,5,1390,1,2,9,1
2014074194146,1,9,0,17,0,0,0,0,1,11,1,1,6,2,55,8,3628,2,4,10,1
2014074194769,1,1,0,18,9,0,0,0,0,0,1,1,6,1,17,4,-1,-1,-1,1,1
2014074194769,2,9,0,3,0,0,0,0,0,0,4,1,6,1,58,9,1242,1,1,3,1
2014074195074,1,9,0,4,0,8,0,0,0,0,1,1,6,2,35,6,1388,1,11,6,1
2014074195074,2,9,0,4,0,8,0,0,0,0,2,1,6,2,68,10,1560,2,2,10,2
2014074195074,3,9,0,6,0,8,0,0,0,0,0,1,6,3,-1,-1,-1,-1,-1,-1,-1
2014074195088,1,9,0,18,0,0,0,0,1,4,1,1,6,2,74,10,1595,1,5,8,3
2014074195176,1,9,0,17,0,0,5,0,1,11,1,1,6,1,31,6,1598,1,8,2,1
2014074195258,1,9,0,17,0,0,1,0,1,10,1,1,6,1,17,4,1994,1,15,3,1
2014074195549,1,9,0,5,0,4,0,0,0,0,2,1,2,1,48,8,1995,2,1,8,1
2014074195549,2,9,0,18,0,4,0,0,0,0,1,1,2,1,22,5,-1,-1,-1,9,3
2014074195573,1,9,0,9,0,7,0,0,0,0,1,1,2,2,49,8,1591,1,1,7,1
2014074195573,2,1,0,18,0,8,5,0,0,0,4,1,2,1,49,8,-1,-1,-1,5,1
2014074195815,1,21,0,18,0,1,1,0,0,0,1,1,1,1,57,9,9200,2,8,-1,-1
2014074195815,2,9,0,4,0,1,0,0,1,0,2,1,6,1,29,6,1364,1,9,-1,-1
2014074195815,3,9,0,4,0,1,0,0,0,0,2,1,6,2,34,6,1968,2,7,-1,-1
2014074195815,4,21,1,4,0,1,0,0,0,0,2,1,1,1,57,9,12900,2,4,-1,-1
2014074195919,1,19,0,18,0,0,0,0,0,0,1,1,1,1,30,6,2461,2,3,7,1
2014074195919,2,10,0,3,0,0,2,0,5,6,2,1,1,1,42,7,-1,-1,-1,4,1
2014074196098,1,9,0,3,0,0,1,0,0,0,0,1,1,1,31,6,-1,-1,-1,9,3
2014074196098,2,19,0,4,0,0,0,0,0,0,1,1,1,1,45,7,2198,2,-1,9,1
2014074196165,1,9,0,18,0,8,0,0,0,0,1,1,6,2,-1,-1,1995,2,8,-1,-1
2014074196165,2,1,0,18,0,8,0,0,0,0,4,1,6,1,29,6,-1,-1,-1,8,1
2014074196191,1,9,0,18,0,0,0,0,0,0,1,1,1,1,55,8,1560,2,6,-1,2
2014074196191,2,9,0,18,0,0,0,0,0,0,2,1,1,2,24,5,1598,1,5,10,1
2014074196191,3,9,0,18,0,0,0,0,0,0,2,1,6,2,37,7,1997,2,5,10,1
2014074196265,1,9,0,16,0,0,0,6,0,0,3,1,6,1,85,11,-1,-1,-1,10,3
2014074196265,2,9,0,17,0,0,0,0,0,0,3,1,2,2,32,6,1595,1,1,10,1
2014074196988,1,9,0,18,0,8,0,7,1,0,1,1,6,2,89,11,1598,1,11,9,2
2014074197165,1,9,0,18,0,0,1,0,0,0,1,1,6,2,26,6,1299,1,11,8,1
2014074197165,2,9,0,18,0,0,0,0,0,0,1,1,6,2,61,9,1896,2,12,7,1
2014074197259,1,9,0,18,0,0,1,0,0,0,1,1,1,1,24,5,999,1,11,8,3
2014074197259,2,9,0,3,0,0,0,0,0,0,2,1,6,1,44,7,2698,2,8,6,3
2014074197299,1,9,0,10,0,1,0,0,0,0,2,1,6,1,41,7,1998,2,5,7,1
2014074197299,2,5,0,18,0,1,0,0,0,0,1,1,6,1,25,5,599,1,7,2,1
2014074197300,1,9,0,18,0,4,0,0,0,0,3,1,2,2,-1,-1,-1,-1,-1,2,1
2014074197300,2,1,0,18,0,8,0,0,0,0,1,1,6,1,50,8,-1,-1,-1,9,1
2014074197812,1,9,0,18,0,0,0,0,0,0,3,1,6,2,27,6,1461,2,9,3,1
2014074197812,2,21,0,2,0,0,0,0,0,0,0,1,1,1,44,7,-1,-1,-1,6,1
2014074197872,1,9,0,9,0,8,0,0,0,0,1,1,1,1,20,4,-1,-1,-1,-1,-1
2014074197872,2,9,0,18,0,1,0,0,0,0,1,1,6,1,-1,-1,-1,-1,-1,-1,-1
2014074197872,3,9,0,4,0,8,0,0,0,0,3,1,6,1,-1,-1,998,1,-1,10,1
2014074197896,1,9,0,5,0,6,0,0,0,0,3,1,6,1,74,10,1299,1,13,2,1
2014074197896,2,9,0,18,0,8,0,0,0,0,1,1,6,1,63,9,1984,1,4,5,1
2014074197910,1,90,5,16,0,0,0,0,0,0,1,1,6,2,26,6,-1,-1,-1,8,2
2014074197910,2,4,0,18,0,0,0,0,0,0,1,1,1,1,22,5,125,1,1,1,1
2014074198159,1,9,0,17,0,1,1,0,7,7,3,1,1,1,46,8,2477,2,8,4,1
2014074198159,2,9,0,16,0,1,1,0,0,0,3,1,1,2,36,7,2494,1,12,-1,-1
2014074198159,3,9,0,16,0,1,1,0,0,0,3,1,1,1,34,6,1299,1,14,10,1
2014074198263,1,9,0,18,0,0,0,0,0,0,1,1,6,2,36,7,1999,1,5,3,1
2014074198263,2,9,0,18,0,0,0,0,0,0,2,1,6,1,40,7,-1,-1,-1,1,1
2014074198263,3,9,0,18,0,0,0,0,0,0,2,1,6,2,64,9,1390,1,2,8,1
2014074198263,4,9,0,18,0,0,0,0,0,0,2,1,6,2,47,8,2902,2,6,8,1
2014074198263,5,9,0,18,0,0,0,0,0,0,1,1,6,1,71,10,1798,1,4,3,1
2014074198322,1,9,0,18,0,1,0,0,0,0,4,1,6,1,73,10,2993,2,3,5,1
2014074198322,2,10,0,18,0,1,5,0,0,0,3,1,1,2,28,6,-1,-1,-1,3,1
2014074198400,1,9,0,6,0,1,0,0,0,0,3,1,6,1,81,11,1397,1,3,10,2
2014074198400,2,9,0,18,0,1,0,0,0,0,1,1,6,1,27,6,1199,1,13,9,1
2014074198451,1,1,0,18,0,0,0,0,0,0,1,1,6,1,47,8,-1,-1,-1,-1,3
2014074198451,2,9,0,18,0,0,0,0,0,0,2,1,6,1,62,9,1997,2,6,7,1
2014074198510,1,9,0,7,0,1,0,0,0,0,4,1,6,1,23,5,2521,1,8,5,1
2014074198510,2,1,0,18,0,1,0,0,0,0,1,1,6,2,23,5,-1,-1,-1,9,1
2014074198806,1,19,0,9,0,8,0,0,0,0,4,1,1,1,29,6,2143,2,3,8,3
2014074198806,2,9,0,18,0,8,0,0,0,0,1,1,2,2,34,6,1422,2,5,3,1
2014074198820,1,21,0,18,0,0,1,0,0,0,1,1,1,1,27,6,11705,2,5,1,1
2014074198820,2,9,0,4,0,0,0,0,0,0,2,1,1,1,60,9,1587,1,7,2,1
2014074198820,3,9,0,4,0,0,0,0,0,0,2,1,1,1,55,8,1560,2,-1,-1,2
2014074198820,4,9,0,4,0,0,0,0,0,0,2,1,2,1,22,5,1242,1,7,4,1
2014074198820,5,9,0,4,0,0,0,0,0,0,2,1,2,2,21,5,998,1,1,9,1
2014074198966,1,1,0,7,0,6,0,0,0,0,1,1,6,1,11,3,-1,-1,-1,-1,-1
2014074198966,2,9,0,18,0,2,0,0,0,0,1,1,6,2,28,6,796,1,13,1,1
2014074198984,1,9,0,18,0,0,0,0,0,0,4,1,6,2,55,8,2204,2,7,9,1
2014074199045,1,19,0,1,0,0,0,0,0,0,2,1,1,1,-1,-1,1968,2,-1,-1,-1
2014074199168,1,1,0,9,0,0,0,0,0,0,1,1,6,2,47,8,-1,-1,-1,1,1
2014074199168,2,2,0,13,0,0,0,0,0,0,2,1,6,1,16,4,49,1,6,5,1
2014074199392,1,1,0,16,0,8,1,0,0,0,1,1,6,1,66,10,-1,-1,-1,10,3
2014074199392,2,9,0,18,0,8,0,0,0,0,3,1,6,1,23,5,1796,1,6,9,3
2014074199461,1,1,0,18,9,0,0,0,0,0,1,1,6,1,17,4,-1,-1,-1,2,1
2014074200067,1,9,0,18,0,1,0,0,0,0,1,1,6,1,82,11,1895,1,14,10,1
2014074200067,2,9,0,2,0,1,0,0,0,0,2,1,6,1,53,8,1587,1,13,10,1
2014074200086,1,9,0,3,0,0,0,0,0,0,2,1,6,1,53,8,1968,2,1,3,1
2014074200086,2,9,0,3,0,0,0,0,0,0,2,1,6,1,33,6,1995,2,10,9,1
2014074200086,3,9,0,18,0,0,1,0,0,0,1,1,6,2,31,6,1870,2,7,-1,3
2014074200436,1,9,0,18,0,1,0,0,0,0,3,1,3,2,46,8,1995,2,2,-1,-1
2014074200542,1,1,0,5,0,8,0,0,0,0,1,1,2,2,58,9,-1,-1,-1,9,1
2014074200542,2,10,0,18,0,3,0,0,0,0,4,1,1,1,48,8,2287,2,5,9,1
2014074200688,1,11,0,4,0,0,0,0,0,0,0,1,6,1,-1,-1,-1,-1,-1,-1,-1
2014074200773,1,9,0,4,0,0,0,0,0,0,1,1,6,1,50,8,1988,1,13,-1,-1
2014074200773,2,9,0,4,0,0,0,0,0,0,2,1,1,1,19,4,1299,1,15,-1,3
2014074200900,1,9,0,18,0,8,0,0,0,0,3,1,6,1,60,9,1598,2,-1,9,1
2014074200988,1,8,0,18,0,8,0,0,0,0,1,2,2,1,39,7,1968,2,8,3,1
2014074201044,1,9,0,17,0,0,2,0,0,0,3,1,6,2,20,4,2000,2,10,9,1
2014074201247,1,9,0,16,0,7,2,0,7,7,0,1,6,1,23,5,1596,1,10,9,1
2014074201395,1,4,0,18,0,0,0,0,0,0,1,1,1,1,58,9,299,1,2,8,1
2014074201395,2,9,0,18,0,0,0,0,0,0,2,1,1,1,50,8,1390,1,6,9,3
2014074201400,1,9,0,18,0,0,0,0,0,0,1,1,6,1,20,4,1997,2,14,7,3
2014074201400,2,9,0,5,0,0,0,0,0,0,2,1,6,1,65,9,1984,1,4,7,1
2014074201439,1,10,0,18,0,0,0,0,0,0,1,1,1,1,62,9,-1,-1,-1,4,1
2014074201439,2,9,0,18,0,0,0,0,0,0,1,1,6,2,24,5,1587,1,11,3,1
2014074201439,3,9,0,18,0,0,0,0,0,0,2,1,6,1,42,7,1998,1,10,9,2
2014074201470,1,97,0,17,0,0,1,0,1,0,1,1,6,1,38,7,125,1,8,3,1
2014074201477,1,1,0,18,0,2,0,0,0,0,0,1,6,1,22,5,-1,-1,-1,9,1
2014074201525,1,9,0,4,0,0,0,0,0,0,0,1,6,1,-1,-1,1984,1,-1,-1,-1
2014074201525,2,9,0,4,0,0,0,0,0,0,0,1,6,2,32,6,1596,1,9,2,1
2014074201758,1,9,0,7,0,8,0,0,0,0,1,1,6,2,-1,-1,-1,-1,-1,-1,-1
2014074201758,2,1,0,18,0,8,5,0,0,0,4,1,6,1,44,7,-1,-1,-1,10,2
2014074201824,1,9,0,4,0,0,0,0,0,0,0,1,6,2,44,7,1197,1,3,9,3
2014074201824,2,9,0,4,0,0,0,0,0,0,0,1,6,1,22,5,1386,1,7,-1,-1
2014074202101,1,19,0,17,0,0,1,0,7,11,1,1,6,1,48,8,-1,-1,-1,9,3
2014074202514,1,9,0,18,0,0,1,0,5,6,3,1,2,1,39,7,1910,2,9,1,1
2014074202514,2,9,0,18,0,0,0,0,0,0,3,1,6,2,48,8,1686,2,3,7,1
2014074202784,1,9,0,9,0,8,0,0,0,0,1,1,6,1,22,5,1900,2,14,-1,1
2014074202784,2,9,0,18,0,8,0,0,0,0,1,1,6,1,45,7,1390,1,13,9,1
2014074202896,1,9,0,18,0,0,0,0,0,0,1,1,6,1,-1,-1,1598,1,11,4,2
2014074202896,2,9,0,4,0,0,0,0,0,0,2,1,6,1,43,7,1997,2,3,8,1
2014074202959,1,1,0,18,0,1,0,0,0,0,4,1,6,1,14,3,-1,-1,-1,9,1
2014074202959,2,9,0,18,0,1,0,0,0,0,1,1,6,1,25,5,1598,1,14,5,1
2014074203001,1,9,0,18,0,0,0,0,0,0,1,1,6,1,21,5,1242,1,11,1,1
2014074203145,1,4,0,16,0,0,0,0,0,0,1,1,6,1,26,6,750,1,8,10,2
2014074203145,2,9,0,17,0,0,0,0,0,0,1,1,6,2,45,7,1560,2,5,7,3
2014074203372,1,9,0,15,0,1,0,0,0,0,1,1,2,1,28,6,2616,1,9,9,1
2014074203372,2,9,0,2,0,1,0,0,0,0,2,1,6,2,-1,-1,-1,-1,-1,4,1
2014074203497,1,9,0,9,0,2,0,0,0,0,1,1,2,1,36,7,1968,2,5,2,1
2014074203497,2,1,0,9,0,1,0,0,0,0,3,1,2,2,34,6,-1,-1,-1,-1,-1
2014074203556,1,9,0,3,0,1,0,0,0,0,1,1,6,2,-1,-1,-1,-1,-1,2,1
2014074203556,2,9,0,3,0,1,0,0,0,0,2,1,6,2,37,7,1242,1,13,5,1
2014074204037,1,9,0,18,0,1,0,0,0,0,1,1,6,3,-1,-1,-1,-1,-1,-1,-1
2014074204037,2,9,0,4,0,1,0,0,0,0,2,1,6,2,34,6,1388,1,10,6,1
2014074204057,1,1,0,18,5,0,2,0,0,0,1,1,6,1,17,4,-1,-1,-1,7,1
2014074204107,1,21,1,18,0,0,0,0,0,0,0,1,1,1,-1,-1,12777,2,7,-1,-1
2014074204107,2,9,0,1,0,0,0,0,0,0,2,1,6,1,51,8,1461,2,4,10,1
2014074204107,3,9,0,1,0,0,0,0,0,0,1,1,6,1,-1,-1,-1,-1,-1,-1,-1
2014074204163,1,9,0,9,0,1,0,0,0,0,1,1,6,1,75,10,1896,2,9,10,1
2014074204163,2,5,0,18,0,8,0,0,0,0,1,1,6,1,47,8,600,1,2,5,1
2014074204348,1,9,0,18,0,8,0,10,1,11,3,1,6,2,41,7,1396,1,12,10,1
2014074204348,2,9,0,18,0,8,0,10,0,0,1,1,6,2,38,7,1229,1,1,2,1
2014074204382,1,1,0,9,0,0,0,0,0,0,1,1,6,1,18,4,-1,-1,-1,3,1
2014074204382,2,9,0,18,0,0,0,0,0,0,1,1,6,2,48,8,1799,1,8,9,1
2014074204548,1,9,0,18,0,0,0,0,0,0,2,1,6,1,27,6,1197,1,4,8,1
2014074204548,2,21,1,18,0,0,0,0,0,0,1,1,1,1,49,8,11967,2,2,4,2
2014074204626,1,21,1,18,0,4,0,0,0,0,3,2,1,1,47,8,-1,-1,-1,-1,-1
2014074204626,2,21,1,18,0,8,0,0,0,0,4,1,1,1,46,8,12902,2,-1,7,1
2014074204856,1,19,0,9,0,6,0,0,0,0,3,1,1,1,77,11,1686,2,11,10,1
2014074204856,2,3,0,18,0,2,0,0,0,0,1,1,2,1,27,6,124,1,-1,2,1
2014074205023,1,19,0,5,0,0,0,0,0,0,0,1,6,3,-1,-1,-1,-1,-1,-1,-1
2014074205023,2,9,0,4,0,0,0,0,0,0,2,1,6,2,25,5,1242,1,11,10,1
2014074205023,3,21,0,18,0,0,0,0,0,0,1,1,1,1,44,7,3920,2,7,3,1
2014074205308,1,9,0,4,0,1,0,0,0,0,1,1,6,1,63,9,-1,-1,-1,4,1
2014074205308,2,9,0,3,0,1,0,0,0,0,2,1,6,2,22,5,1299,1,13,4,1
2014074205324,1,9,0,9,0,6,0,0,0,0,1,1,6,2,28,6,1598,1,12,9,1
2014074205324,2,1,0,18,0,1,0,0,0,0,1,1,6,2,17,4,-1,-1,-1,10,2
2014074205324,3,9,0,18,0,2,0,0,0,0,0,1,6,3,-1,-1,-1,-1,-1,-1,-1
2014074205339,1,1,0,18,0,0,0,0,0,0,1,1,6,1,39,7,-1,-1,-1,2,1
2014074205339,2,9,0,18,0,0,0,0,0,0,4,1,6,2,42,7,1461,2,4,9,1
2014074205418,1,1,0,18,0,0,0,0,0,0,4,1,6,1,43,7,-1,-1,-1,9,2
2014074206224,1,90,4,16,0,0,0,0,0,0,4,1,6,3,-1,-1,-1,-1,-1,5,3
2014074206224,2,1,0,16,0,0,0,10,1,0,3,1,6,1,57,9,-1,-1,-1,8,2
2014074206247,1,3,0,18,0,0,0,0,0,0,1,1,6,1,20,4,124,1,3,4,1
2014074206247,2,19,0,2,0,0,0,0,0,0,1,1,6,3,-1,-1,1867,2,14,-1,-1
2014074206247,3,9,0,18,0,0,0,0,0,0,1,1,6,1,24,5,1461,2,3,10,1
2014074206434,1,9,0,15,0,1,0,0,0,0,1,1,6,3,-1,-1,-1,-1,-1,-1,-1
2014074206434,2,9,0,18,0,2,0,0,0,0,1,1,6,2,21,5,1124,1,10,4,1
2014074206504,1,1,0,18,9,0,0,0,0,0,0,1,6,2,11,3,-1,-1,-1,7,1
2014074206553,1,9,0,17,0,3,2,10,1,1,4,1,1,1,27,6,1242,1,-1,10,1
2014074206564,1,9,0,7,0,8,0,0,3,1,1,1,6,1,20,4,1229,1,5,-1,-1
2014074206564,2,9,0,3,0,8,0,0,0,0,3,1,6,1,69,10,1968,2,7,6,3
2014074206568,1,5,0,13,0,0,1,0,0,0,1,1,6,1,32,6,599,1,19,4,1
2014074206568,2,9,0,9,0,0,0,0,0,0,2,1,6,2,38,7,1997,2,2,7,2
2014074206885,1,3,0,18,0,0,0,0,1,0,1,1,2,1,34,6,124,1,7,2,1
2014074206923,1,9,0,7,0,8,0,0,0,0,1,1,6,2,51,8,2967,2,4,7,1
2014074206923,2,1,0,18,0,8,0,0,0,0,1,1,6,1,45,7,-1,-1,-1,7,1
2014074206981,1,9,0,4,0,0,1,0,0,0,1,1,6,1,69,10,1850,1,15,6,1
2014074206981,2,9,0,4,0,0,0,0,4,7,2,1,6,1,55,8,1598,2,1,7,2
2014074206981,3,9,0,4,0,0,0,0,0,0,2,1,6,2,41,7,1995,2,3,-1,-1
2014074206981,4,9,0,4,0,0,1,0,0,0,1,1,6,2,46,8,1968,2,1,9,3
2014074207003,1,19,0,18,0,0,0,0,0,0,1,1,1,1,47,8,1686,2,3,-1,-1
2014074207003,2,9,0,3,0,0,0,0,0,0,2,1,2,2,25,5,1390,1,13,6,2
2014074207003,3,9,0,3,0,0,0,0,0,0,2,1,6,1,82,11,1386,1,9,8,3
2014074207120,1,9,0,18,0,0,5,4,0,0,0,2,6,2,46,8,1997,2,3,7,1
2014074207120,2,9,0,2,0,0,0,0,0,0,0,1,6,1,-1,-1,1896,2,10,2,1
2014074207512,1,9,0,18,0,4,0,0,0,0,1,1,6,1,41,7,1800,1,14,5,1
2014074207512,2,9,0,18,0,4,0,0,0,0,2,1,6,1,44,7,1796,2,1,8,1
2014074207572,1,9,0,5,0,1,0,0,0,0,3,1,6,1,30,6,1800,1,14,6,3
2014074207572,2,9,0,18,0,6,1,0,0,0,1,1,6,1,23,5,1598,1,-1,10,1
2014074207668,1,9,0,5,0,8,0,0,0,0,1,1,6,1,71,10,1329,1,-1,4,1
2014074207668,2,1,0,18,0,8,5,0,0,0,4,1,2,1,30,6,-1,-1,-1,1,1
2014074207783,1,9,0,5,8,0,0,0,0,0,3,1,6,2,23,5,1984,1,4,10,2
2014074207783,2,9,0,18,0,0,0,0,0,0,1,1,2,1,25,5,1240,1,5,7,1
2014074208082,1,9,0,18,0,0,0,0,0,0,0,1,1,1,43,7,1560,2,2,1,1
2014074208092,1,9,0,9,0,8,0,0,0,0,1,1,6,1,-1,-1,1248,2,7,-1,-1
2014074208092,2,9,0,18,0,8,0,0,0,0,3,1,6,2,22,5,1984,1,10,-1,-1
2014074208097,1,9,0,9,0,8,0,0,0,0,2,1,1,2,33,6,-1,-1,-1,10,1
2014074208097,2,3,0,18,0,8,0,0,0,0,1,1,1,1,26,6,125,1,1,8,1
2014074208098,1,9,0,18,0,1,0,0,0,0,4,1,3,1,74,10,1796,1,8,5,1
2014074208399,1,9,0,18,0,0,0,0,0,0,4,1,6,1,51,8,1582,2,1,-1,-1
2014074208399,2,1,0,18,0,0,5,10,0,0,2,1,6,1,78,11,-1,-1,-1,3,1
2014074208445,1,9,0,9,0,1,0,0,0,0,1,1,6,2,22,5,1242,1,5,1,1
2014074208445,2,9,0,18,0,1,0,0,0,0,1,1,6,2,61,9,1398,1,2,-1,-1
2014074208573,1,9,0,18,0,0,0,0,0,0,1,1,6,1,20,4,1999,1,13,9,3
2014074208664,1,9,0,18,0,1,0,0,0,0,3,1,6,2,86,11,1242,1,15,5,1
2014074208664,2,9,0,18,0,1,0,0,0,0,1,1,6,2,41,7,1598,1,8,1,1
2014074208699,1,9,0,18,0,2,0,0,0,0,4,1,6,1,60,9,1997,2,10,7,1
2014074208699,2,1,0,18,0,2,0,0,0,0,3,1,6,1,71,10,-1,-1,-1,-1,1