Accident_Index,Vehicle_Reference,Vehicle_Type,Towing_and_Articulation,Vehicle_Manoeuvre,Vehicle_Location-Restricted_Lane,Junction_Location,Skidding_and_Overturning,Hit_Object_in_Carriageway,Vehicle_Leaving_Carriageway,Hit_Object_off_Carriageway,1st_Point_of_Impact,Was_Vehicle_Left_Hand_Drive?,Journey_Purpose_of_Driver,Sex_of_Driver,Age_of_Driver,Age_Band_of_Driver,Engine_Capacity_(CC),Propulsion_Code,Age_of_Vehicle,Driver_IMD_Decile,Driver_Home_Area_Type
2014074331388,2,9,0,18,0,6,0,0,0,0,1,1,6,2,19,4,1242,1,-1,8,1
2014074331511,1,9,0,18,0,0,0,0,0,0,1,1,6,1,23,5,1796,1,14,9,1
2014074331511,2,9,0,3,0,0,0,0,0,0,2,1,6,1,67,10,1948,1,11,5,1
2014074331511,3,9,0,3,0,0,0,0,0,0,2,1,6,1,61,9,1299,1,6,2,1
2014074331511,4,9,0,3,0,0,0,0,0,0,2,1,6,1,41,7,1242,1,11,4,1
2014074331512,1,9,0,18,0,6,0,0,0,0,4,1,2,1,52,8,1998,1,2,4,1
2014074331512,2,9,0,18,0,8,0,0,0,0,1,1,2,2,45,7,1329,1,3,10,2
2014074331512,3,9,0,3,0,1,0,0,0,0,1,1,6,1,47,8,2993,2,7,8,3
2014074331610,1,9,0,17,0,0,0,0,0,0,1,1,6,2,35,6,2179,2,5,6,1
2014074331610,2,9,0,16,0,0,0,0,0,0,3,1,6,1,31,6,1360,1,13,2,1
2014074332239,1,9,0,4,0,2,1,0,0,0,1,1,6,1,24,5,1560,2,6,-1,3
2014074332239,2,9,0,4,0,2,0,0,0,0,2,1,6,1,26,6,1995,2,7,-1,1
2014074332345,1,9,0,18,0,1,0,0,0,0,1,1,6,1,34,6,1149,1,2,4,1
2014074332345,2,9,0,18,0,1,0,0,0,0,3,1,6,1,77,11,1363,2,9,10,1
2014074332520,1,9,0,18,0,1,0,0,0,0,1,1,6,1,17,4,999,1,13,1,1
2014074332520,2,9,0,18,0,8,0,0,0,0,3,1,1,1,52,8,-1,-1,-1,6,1
2014074332665,1,9,0,14,0,0,0,0,0,0,3,1,6,1,-1,-1,1686,2,2,-1,-1
2014074332778,1,9,0,18,0,0,0,0,0,0,1,1,6,1,23,5,1499,2,1,5,1
2014074332870,1,9,0,16,0,0,5,0,2,4,1,1,6,1,18,4,1396,1,11,7,1
2014074333280,1,9,0,9,0,5,0,0,0,0,1,1,6,1,50,8,1956,2,3,10,1
2014074333280,2,1,0,18,0,1,0,0,0,0,3,1,6,1,65,9,-1,-1,-1,10,1
2014074333537,1,9,0,9,0,8,0,0,0,0,4,1,6,1,18,4,1124,1,9,4,1
2014074333537,2,9,0,18,0,8,0,0,0,0,3,1,6,2,23,5,1229,1,3,3,1
2014074333627,1,9,0,9,0,2,0,0,0,0,3,1,2,1,41,7,1349,1,16,-1,-1
2014074333627,2,1,0,18,0,1,0,0,0,0,1,1,6,1,38,7,-1,-1,-1,-1,1
2014074333768,1,9,0,18,0,0,2,0,1,11,4,1,1,2,24,5,1242,1,4,8,1
2014074333947,1,19,0,15,0,0,0,0,0,0,4,1,1,1,44,7,-1,2,10,2,1
2014074333947,2,1,0,18,0,0,0,0,0,0,2,1,2,1,36,7,-1,-1,-1,2,1
2014074334081,1,9,0,18,0,0,0,0,0,0,1,1,6,1,35,6,1799,1,6,-1,1
2014074334081,2,9,0,4,0,0,0,0,0,0,2,1,6,1,55,8,1986,1,4,7,1
2014074334081,3,9,0,4,0,0,0,0,0,0,2,1,6,2,36,7,1300,1,14,9,1
2014074334356,1,9,0,16,0,0,1,0,1,4,4,1,3,2,36,7,2400,2,4,10,1
2014074334491,1,9,0,18,0,0,0,0,0,0,1,1,6,2,18,4,1390,1,13,6,1
2014074334491,2,9,0,3,0,0,0,0,0,0,2,1,6,2,49,8,1242,1,-1,4,1
2014074334491,3,9,0,3,0,0,0,0,0,0,2,1,6,2,43,7,1149,1,11,4,1
2014074334511,1,9,0,4,0,2,0,0,0,0,1,1,2,2,51,8,1197,1,-1,7,1
2014074334537,1,9,0,9,0,8,0,0,0,0,3,1,2,1,26,6,1461,2,4,8,1
2014074334537,2,9,0,18,0,1,0,0,0,0,1,1,2,1,25,5,1598,1,13,1,1
2014074334613,1,9,0,18,0,1,0,0,0,0,1,1,6,1,46,8,1994,1,13,2,1
2014074334613,2,1,0,18,0,1,0,0,0,0,2,1,6,1,66,10,-1,-1,-1,10,3
2014074334692,1,2,0,18,0,0,1,0,0,0,0,1,6,1,18,4,125,1,1,3,1
2014074334705,1,9,0,9,0,6,0,0,0,0,1,1,6,2,57,9,1968,2,3,10,1
2014074334705,2,9,0,18,0,8,0,0,0,0,1,1,6,2,35,6,1198,1,12,4,1
2014074334711,1,9,0,9,0,8,0,0,0,0,1,1,6,1,17,4,1240,1,11,1,1
2014074334711,2,9,0,18,0,8,0,0,0,0,1,1,1,1,51,8,998,1,4,10,1
2014074335008,1,19,0,18,0,0,1,0,0,0,1,1,1,1,23,5,1560,2,1,1,1
2014074335008,2,9,0,4,0,0,0,0,0,0,2,1,1,1,28,6,1560,2,-1,-1,1
2014074335008,3,9,0,4,0,0,0,0,0,0,2,1,1,1,34,6,1998,2,8,3,1
2014074335060,1,9,0,18,0,1,0,0,0,0,1,1,4,2,45,7,1598,1,7,1,1
2014074335060,2,20,0,7,0,1,0,0,0,0,2,1,1,1,49,8,4461,2,2,3,1
2014074335079,1,9,0,16,0,0,5,4,0,0,1,1,6,1,78,11,1998,2,10,8,1
2014074335079,2,9,0,2,0,0,0,0,0,0,1,1,6,1,-1,-1,1997,2,9,1,1
2014074335079,3,9,0,17,0,0,0,0,0,0,1,1,6,2,42,7,1598,1,2,1,1
2014074335474,1,9,0,7,0,1,0,0,0,0,4,1,6,2,85,11,998,1,10,8,3
2014074335474,2,1,0,18,0,1,0,0,0,0,1,1,6,1,45,7,-1,-1,-1,9,2
2014074335535,1,9,0,16,0,0,2,0,1,11,1,1,6,1,27,6,1398,2,9,-1,-1
2014074335609,1,9,0,7,0,8,0,0,0,0,1,1,6,2,-1,-1,-1,-1,-1,-1,-1
2014074336018,1,9,0,18,0,0,0,0,0,0,4,1,2,1,43,7,1596,1,-1,1,1
2014074336018,2,9,0,18,0,0,0,0,1,0,3,1,2,1,28,6,1390,1,13,2,1
2014074336092,1,9,0,9,0,8,0,0,0,0,4,1,1,2,24,5,1560,2,3,7,1
2014074336092,2,9,0,18,0,8,0,0,0,0,1,1,6,1,63,9,1332,1,17,1,1
2014074336256,1,9,0,16,0,4,0,0,0,0,1,1,6,1,44,7,1997,2,10,6,1
2014074336256,2,9,0,17,0,1,0,0,0,0,2,1,6,2,44,7,1997,2,11,2,1
2014074336308,1,5,0,16,0,2,1,0,0,0,0,1,6,1,55,8,649,1,3,7,1
2014074336346,1,19,0,18,0,0,0,0,0,0,0,1,6,3,-1,-1,-1,-1,-1,-1,-1
2014074336346,2,4,0,18,0,0,0,0,0,0,0,1,6,1,33,6,-1,-1,-1,9,1
2014074336353,1,9,0,18,0,1,0,0,0,0,1,1,6,2,23,5,1198,1,12,5,1
2014074336353,2,19,0,5,0,2,0,0,0,0,3,1,1,1,25,5,1753,2,11,9,1
2014074336452,1,9,0,18,0,1,0,0,0,0,1,1,1,1,45,7,-1,-1,-1,6,1
2014074336452,2,9,0,4,0,1,0,0,0,0,2,1,6,1,42,7,2497,2,7,-1,3
2014074336649,1,9,0,1,0,2,0,0,0,0,2,1,6,1,-1,-1,1997,2,11,5,1
2014074336649,2,9,0,3,0,2,0,0,0,0,1,1,6,2,25,5,1298,1,13,4,1
2014074337147,1,19,0,9,0,8,0,0,0,0,3,1,1,1,25,5,2148,2,8,4,1
2014074337147,2,1,0,18,0,1,0,0,0,0,1,1,2,1,41,7,-1,-1,-1,-1,3
2014074337342,1,9,0,16,0,0,1,0,0,0,1,1,6,1,41,7,3299,1,26,10,1
2014074337342,2,21,0,17,0,0,0,0,0,0,1,1,1,1,47,8,6693,2,1,3,1
2014074337391,1,9,0,18,0,2,0,0,0,0,1,1,6,1,-1,-1,1995,2,2,-1,-1
2014074337391,2,9,0,18,0,2,0,0,0,0,2,1,6,1,44,7,-1,-1,-1,4,1
2014074337401,1,98,1,12,0,0,0,0,0,0,3,1,1,1,-1,-1,10518,2,2,-1,-1
2014074337401,2,5,0,18,0,0,0,0,0,0,4,1,2,1,50,8,1690,1,-1,9,1
2014074337796,1,9,0,18,0,0,0,11,0,0,1,1,2,2,54,8,1461,2,4,6,1
2014074337796,2,9,0,18,0,0,0,11,0,0,1,1,2,1,60,9,1595,1,2,10,3
2014074337817,1,9,0,9,0,8,0,0,0,0,4,1,6,2,47,8,1390,1,13,2,1
2014074337817,2,3,0,18,0,1,5,0,0,0,1,1,6,1,25,5,100,1,8,-1,-1
2014074337972,1,9,0,18,0,0,0,0,0,0,1,1,6,2,78,11,1560,2,1,10,1
2014074337972,2,9,0,3,0,0,0,0,0,0,2,1,2,2,34,6,1796,1,11,7,3
2014074338036,1,9,0,16,0,0,2,0,1,11,1,1,6,1,22,5,1149,1,8,8,3
2014074338196,1,9,0,7,0,8,0,0,0,0,1,1,1,1,21,5,2295,1,13,9,2
2014074338196,2,3,0,13,0,8,0,0,0,0,1,1,1,1,19,4,125,1,2,1,1
2014074338277,1,9,0,4,0,4,0,0,0,0,0,1,6,3,-1,-1,-1,-1,-1,-1,-1
2014074338277,2,3,0,4,0,1,1,0,0,0,0,1,2,1,27,6,125,1,7,6,1
2014074338283,1,9,0,9,0,8,0,0,0,0,1,1,6,2,47,8,1248,2,4,10,1
2014074338283,2,1,0,18,0,8,0,0,0,0,3,1,6,2,47,8,-1,-1,-1,4,1
2014074338368,1,9,0,9,0,2,0,0,0,0,3,1,1,1,23,5,1248,2,1,4,1
2014074338368,2,9,0,18,0,1,0,0,0,0,1,1,6,2,17,4,1124,1,14,10,1
2014074338552,1,9,0,18,0,0,0,0,0,0,1,1,2,1,42,7,1896,2,15,9,1
2014074338552,2,21,0,18,0,0,0,0,0,0,1,1,1,1,63,9,5880,2,12,10,1
2014074338592,1,9,0,4,0,0,0,0,0,0,2,1,6,2,40,7,1461,2,10,6,1
2014074338592,2,9,0,18,0,0,0,0,0,0,1,1,6,1,32,6,1596,1,1,3,1
2014074338592,3,9,0,18,0,0,0,0,0,0,1,1,6,1,48,8,1995,2,2,3,1
2014074338596,1,9,0,9,0,6,0,0,0,0,1,1,6,2,19,4,-1,-1,-1,10,1
2014074338596,2,1,0,18,0,1,0,0,0,0,1,1,6,1,47,8,-1,-1,-1,4,1
2014074338608,1,20,0,18,0,1,0,0,0,0,1,1,1,1,51,8,4461,2,2,1,1
2014074338608,2,1,0,18,0,1,0,0,0,0,2,1,6,1,65,9,-1,-1,-1,10,1
2014074338830,1,9,0,18,0,1,0,0,0,0,3,1,6,2,52,8,1388,1,5,8,1
2014074338839,1,9,0,1,0,0,0,0,0,0,2,1,6,2,20,4,1299,1,13,-1,-1
2014074338901,1,9,0,9,0,6,0,0,0,0,1,1,6,1,33,6,1910,2,7,2,1
2014074338901,2,9,0,18,0,1,0,0,0,0,1,1,6,1,23,5,998,1,-1,9,1
2014074339070,1,1,0,18,0,0,0,0,0,0,4,1,6,1,15,3,-1,-1,-1,9,1
2014074339070,2,9,0,18,0,0,0,0,0,0,1,1,6,1,29,6,1388,1,5,7,1
2014074339119,1,9,0,17,0,2,1,0,1,9,0,1,6,1,19,4,1242,1,9,6,1
2014074339179,1,9,0,16,0,8,0,0,0,0,1,1,6,1,17,4,1299,1,13,-1,-1
2014074339499,1,9,0,9,0,1,0,0,0,0,4,1,1,1,25,5,1587,1,8,9,1
2014074339499,2,1,0,18,0,1,0,0,0,0,1,1,6,1,32,6,-1,-1,-1,5,1
2014074339522,1,9,0,18,0,0,0,0,0,0,4,1,6,1,26,6,1199,1,11,-1,1
2014074339522,2,1,0,18,0,0,5,0,1,0,2,1,6,1,69,10,-1,-1,-1,-1,-1
2014074339587,1,9,0,3,0,1,0,0,0,0,1,1,6,1,70,10,998,1,12,3,1
2014074339587,2,9,0,3,0,1,0,0,0,0,2,1,3,2,31,6,1560,2,9,9,1
2014074339588,1,9,0,18,0,1,0,0,0,0,1,1,6,1,61,9,1587,1,14,2,1
2014074339588,2,9,0,8,0,1,0,0,0,0,2,1,6,1,34,6,1997,2,12,7,1
2014074339630,1,1,0,13,0,0,0,0,0,0,4,1,2,1,-1,-1,-1,-1,-1,6,1
2014074339630,2,9,0,18,0,0,0,0,0,0,1,1,6,1,50,8,-1,-1,-1,-1,-1
2014074339712,1,9,0,12,0,1,0,0,0,0,3,1,6,2,29,6,1596,1,7,1,1
2014074339712,2,9,0,13,0,1,0,0,0,0,4,1,6,2,49,8,998,1,3,8,1
2014074340248,1,9,0,18,0,0,2,0,8,10,1,1,6,1,18,4,1783,1,11,2,1
2014074340516,1,9,0,5,0,1,0,0,0,0,1,1,6,1,25,5,1390,1,8,4,1
2014074340516,2,9,0,3,0,1,0,0,0,0,2,1,6,1,37,7,1896,2,5,2,1
2014074340525,1,9,0,17,0,0,0,0,0,0,1,2,6,2,28,6,-1,-1,-1,4,1
2014074340525,2,9,0,16,0,0,0,0,0,0,1,1,2,1,61,9,1910,2,7,7,1
2014074340616,1,9,0,4,0,1,0,0,0,0,1,1,6,1,39,7,1991,2,7,5,1
2014074340616,2,3,0,3,0,1,0,0,0,0,2,1,6,1,35,6,125,1,2,4,1
2014074340632,1,4,0,18,0,0,1,10,0,0,4,1,6,1,74,10,471,1,1,4,1
2014074340632,2,9,0,18,0,0,0,0,0,0,0,1,6,3,-1,-1,-1,-1,-1,-1,-1
2014074340693,1,9,0,5,0,6,0,0,0,0,1,1,6,1,23,5,1596,1,10,8,1
2014074340693,2,9,0,13,0,8,0,0,0,0,1,1,6,1,62,9,998,1,2,9,1
2014074340722,1,9,0,5,0,5,0,0,0,0,1,1,6,2,-1,-1,-1,-1,-1,-1,-1
2014074340722,2,1,0,18,0,1,0,0,0,0,1,1,6,2,24,5,-1,-1,-1,-1,-1
2014074340730,1,3,0,17,0,0,1,0,0,0,0,1,6,1,21,5,124,1,11,6,1
2014074341366,1,19,0,18,0,0,0,0,0,0,1,1,1,1,27,6,2143,2,-1,5,1
2014074341366,2,9,0,18,0,0,0,0,0,0,2,1,2,1,38,7,1461,2,7,9,1
2014074341704,1,21,1,18,0,0,0,0,0,0,4,1,1,1,41,7,12902,2,1,8,1
2014074341704,2,9,0,18,0,0,0,10,5,6,3,1,2,1,43,7,1149,1,17,2,1
2014074341719,1,9,0,18,0,1,1,0,0,0,1,1,2,1,43,7,1968,2,-1,10,1
2014074341719,2,9,0,3,0,1,0,0,0,0,2,1,1,2,19,4,998,1,7,9,1
2014074341779,1,9,0,3,0,4,0,0,0,0,1,1,6,2,47,8,1685,2,2,9,1
2014074341779,2,9,0,3,0,4,0,0,0,0,2,1,6,1,31,6,1560,2,8,4,1
2014074341825,1,9,0,9,0,8,0,0,0,0,1,1,1,2,24,5,1995,2,7,5,1
2014074341825,2,9,0,18,0,5,0,0,0,0,2,1,1,1,52,8,2993,2,1,6,3
2014074341825,3,20,0,18,0,8,0,0,0,0,0,1,6,3,-1,-1,-1,-1,-1,-1,-1
2014074342244,1,9,0,18,0,0,0,0,7,4,1,1,6,2,23,5,998,1,13,9,1
2014074342359,1,3,0,16,0,0,1,0,0,0,0,1,1,1,42,7,124,1,5,7,1
2014074342369,1,9,0,9,0,8,0,0,0,0,1,1,1,1,45,7,1587,1,10,2,1
2014074342369,2,4,0,15,0,8,0,0,0,0,1,1,1,1,50,8,449,1,-1,9,1
2014074342371,1,1,0,18,0,0,0,0,0,0,2,1,1,1,29,6,-1,-1,-1,4,1
2014074342371,2,4,0,18,0,0,0,0,0,0,1,1,1,1,28,6,124,1,3,4,1
2014074342422,1,9,0,4,0,1,0,0,0,0,1,1,2,2,45,7,1360,1,9,9,3
2014074342422,2,9,0,10,0,1,0,0,0,0,2,1,3,1,29,6,1997,2,-1,3,1
2014074342620,1,9,0,18,0,1,1,0,0,0,1,1,6,2,26,6,1124,1,11,9,1
2014074342620,2,9,0,10,0,5,0,0,0,0,2,1,6,1,62,9,1597,2,1,-1,-1
2014074342717,1,9,0,18,9,6,0,0,0,0,1,1,6,2,48,8,1998,2,9,2,1
2014074342717,2,1,0,18,9,8,0,0,0,0,4,1,6,2,8,2,-1,-1,-1,2,1
2014074342855,1,9,0,18,0,0,0,0,1,11,1,1,6,2,85,11,1339,1,5,10,2
2014074342892,1,2,0,7,0,2,2,0,0,0,0,1,2,2,18,4,49,1,2,2,1
2014074343009,1,9,0,4,0,1,0,0,0,0,1,1,6,1,35,6,1242,1,10,1,1
2014074343009,2,9,0,3,0,1,0,0,0,0,2,1,6,2,29,6,1242,1,3,7,1
2014074343190,1,9,0,7,0,5,0,0,0,0,3,1,6,1,67,10,2231,2,8,3,1
2014074343190,2,1,0,9,0,1,0,0,0,0,3,1,6,2,88,11,-1,-1,-1,3,1
2014074343619,1,9,0,18,0,0,0,0,0,0,0,1,6,3,-1,-1,-1,-1,-1,-1,-1
2014074343619,2,9,0,18,0,0,0,0,0,10,0,1,1,1,22,5,-1,-1,-1,3,2
2014074343888,1,9,0,3,0,4,0,0,0,0,2,1,6,1,61,9,1598,1,16,7,1
2014074343888,2,9,0,5,0,4,0,0,0,0,1,1,6,1,71,10,1995,2,2,10,2
2014074344087,1,9,0,4,0,0,0,0,0,0,1,1,6,2,25,5,998,1,6,4,1
2014074344087,2,9,0,2,0,0,0,0,0,0,4,1,6,1,46,8,1956,2,-1,8,1
2014074344178,1,9,0,7,0,0,2,0,8,10,1,1,6,1,17,4,1248,2,7,10,1
2014074344302,1,9,0,4,0,0,0,0,0,0,1,1,1,1,-1,-1,1686,2,4,9,1
2014074344448,1,3,0,16,0,1,1,0,0,0,0,1,1,1,45,7,124,1,2,2,1
2014074344460,1,9,0,5,0,6,0,0,0,0,3,1,6,1,49,8,1199,1,10,-1,-1
2014074344460,2,5,0,18,0,1,0,0,0,0,1,1,6,1,56,9,1200,1,8,2,1
2014074344671,1,9,0,14,0,0,0,0,1,0,1,1,6,1,66,10,2148,2,9,10,3
2014074344671,2,19,0,2,0,0,0,0,1,9,2,1,1,1,35,6,1248,2,6,2,1
2014074344671,3,9,0,18,0,0,0,0,0,0,1,1,6,2,40,7,2204,2,9,9,1
2014074344705,1,9,0,9,0,8,0,0,0,0,3,1,6,2,39,7,1796,1,12,1,1
2014074344705,2,5,0,18,0,8,0,0,0,0,1,1,6,1,39,7,998,1,8,3,1
2014074344721,1,9,0,9,0,6,0,0,0,0,1,1,6,2,-1,-1,-1,-1,-1,-1,-1
2014074344721,2,1,0,18,0,8,0,0,0,0,4,1,6,1,45,7,-1,-1,-1,6,1
2014074344958,1,9,0,18,0,0,0,4,0,0,1,1,6,2,44,7,1388,1,15,5,1
2014074344958,2,19,0,2,0,0,0,0,0,0,2,1,6,3,-1,-1,1998,2,8,10,1
2014074344958,3,9,0,18,0,0,0,0,0,0,1,1,6,2,24,5,1596,1,10,2,1
2014074345207,1,9,0,9,0,8,0,0,0,0,1,1,2,2,53,8,1596,1,14,3,1
2014074345207,2,1,0,7,0,8,0,0,0,0,1,1,2,1,53,8,-1,-1,-1,3,1
2014074345960,1,19,0,9,0,6,0,0,0,0,1,1,1,1,-1,-1,-1,-1,-1,-1,-1
2014074345960,2,1,0,18,0,8,0,0,0,0,3,1,6,1,38,7,-1,-1,-1,6,3
2014074346112,1,9,0,18,0,1,0,0,0,0,1,1,6,2,60,9,1799,1,4,10,1
2014074346112,2,9,0,17,0,8,0,0,0,0,1,1,6,2,33,6,1240,1,7,9,1
2014074346120,1,9,0,18,0,1,0,0,1,11,1,1,6,2,87,11,1341,1,12,9,1
2014074346120,2,9,0,2,9,6,0,0,1,0,4,1,6,1,67,10,2922,1,17,8,1
2014074346135,1,8,0,18,0,0,0,0,0,0,1,1,1,1,44,7,1956,2,4,3,1
2014074346135,2,9,0,18,0,0,0,0,0,0,4,1,6,2,25,5,1598,1,1,-1,1
2014074346135,3,9,0,2,0,0,0,0,0,0,2,1,6,2,70,10,1399,2,12,-1,1
2014074346135,4,9,0,2,0,0,0,0,0,0,2,1,6,1,48,8,1199,1,13,1,1
2014074346135,5,11,0,18,0,0,0,0,0,0,1,1,1,1,51,8,-1,-1,-1,1,1
2014074346206,1,9,0,5,0,2,0,0,0,0,3,1,2,1,28,6,1598,1,5,9,1
2014074346778,1,9,0,17,0,0,0,0,1,7,1,1,6,2,26,6,1199,1,10,3,1
2014074346968,1,9,0,16,0,2,1,0,0,0,2,1,6,1,29,6,1753,2,14,8,3
2014074346968,2,19,0,16,0,2,1,0,0,0,1,1,1,1,32,6,2143,2,3,4,1
2014074347044,1,9,0,5,0,1,0,0,0,0,0,1,6,2,62,9,3200,2,9,3,1
2014074347073,1,9,0,9,0,4,0,0,0,0,2,1,6,2,-1,-1,-1,-1,-1,-1,-1
2014074347073,2,5,0,18,0,8,2,0,0,0,1,1,6,1,58,9,1199,1,13,6,1
2014074347175,1,9,0,6,0,4,0,0,0,0,3,1,6,1,34,6,1984,1,3,10,1
2014074347175,2,1,0,18,0,8,0,0,0,0,1,1,6,1,53,8,-1,-1,-1,10,1
2014074347189,1,9,0,9,0,5,0,0,0,0,1,1,6,3,-1,-1,1999,1,17,1,1
2014074347189,2,9,0,18,0,8,5,0,0,1,4,1,6,1,23,5,1596,1,6,1,1
2014074347337,1,9,0,18,0,0,0,0,5,6,1,1,2,1,28,6,1598,1,12,3,2
2014074347337,2,9,0,18,0,0,0,0,0,0,2,1,6,1,26,6,1596,1,4,-1,1
2014074347788,1,9,0,18,0,1,1,4,0,0,1,1,6,1,23,5,2790,1,6,2,1
2014074347788,2,9,0,2,0,1,0,0,0,0,1,1,6,3,-1,-1,1762,1,15,-1,-1
2014074347788,3,9,0,2,0,1,0,0,0,0,2,1,6,3,-1,-1,1197,1,3,-1,-1
2014074347788,4,19,0,2,0,1,0,0,0,0,2,1,6,3,-1,-1,1598,2,3,-1,-1
2014074347788,5,19,0,2,0,1,0,0,0,0,2,1,6,3,-1,-1,1968,2,3,-1,-1
2014074348135,1,9,0,9,0,5,0,0,0,0,1,1,6,1,23,5,1753,2,6,10,2
2014074348135,2,9,0,18,0,8,0,0,1,4,1,1,6,1,27,6,1598,1,2,9,1
2014074348279,1,9,0,4,0,1,0,0,0,0,1,1,6,1,30,6,2198,2,8,6,3
2014074348279,2,9,0,4,0,1,0,0,0,0,2,1,6,1,47,8,1598,1,2,10,3
2014074348546,1,9,0,5,0,4,0,0,0,0,1,1,6,1,65,9,1597,1,14,1,1
2014074348546,2,9,0,3,0,4,0,0,0,0,2,1,6,2,41,7,995,1,10,1,1
2014074348587,1,9,0,9,0,1,0,0,0,0,4,1,6,1,-1,-1,1796,1,6,6,1
2014074348587,2,1,0,18,4,8,0,0,0,0,1,1,6,1,28,6,-1,-1,-1,10,2
2014074348607,1,9,0,18,0,8,0,0,0,0,1,1,6,1,41,7,1910,2,9,8,3
2014074348607,2,9,0,10,0,8,0,0,0,0,2,1,6,2,38,7,1995,2,12,9,2
2014074348821,1,19,0,4,0,1,0,0,0,0,1,1,6,1,42,7,2198,2,2,9,1
2014074348821,2,9,0,3,0,1,0,0,0,0,2,1,1,2,49,8,3600,1,12,8,3
2014074348834,1,9,0,1,0,0,0,0,0,0,2,1,6,1,-1,-1,-1,-1,-1,-1,-1
2014074348882,1,5,0,18,0,0,1,0,0,0,3,1,6,1,31,6,599,1,4,7,2
2014074348977,1,9,0,2,0,0,0,0,0,0,3,1,6,2,62,9,1598,1,1,10,1
2014074348977,2,1,0,18,0,0,0,0,0,0,1,1,1,1,24,5,-1,-1,-1,9,1
2014074349139,1,9,0,18,0,7,0,0,0,0,1,1,6,1,80,11,1560,2,3,10,1
2014074349139,2,9,0,18,0,7,0,0,0,0,2,1,1,2,50,8,1998,1,3,-1,-1
2014074349139,3,9,0,18,0,7,0,0,0,0,2,1,1,1,50,8,1229,1,4,-1,1
2014074349301,1,9,0,13,0,0,0,0,0,4,1,1,6,2,24,5,1124,1,10,9,1
2014074349301,2,9,0,18,0,0,0,0,0,0,0,1,6,3,-1,-1,-1,-1,-1,-1,-1
2014074349301,3,9,0,18,0,0,0,0,0,0,0,1,6,1,20,4,875,1,-1,10,2
2014074349599,1,9,0,1,0,1,0,0,0,0,2,1,3,2,46,8,2204,2,6,6,1
2014074349635,1,9,0,5,0,0,0,0,0,0,3,1,6,2,31,6,2204,2,6,9,2
2014074349635,2,19,0,2,0,0,0,0,0,0,0,1,6,1,24,5,-1,-1,-1,1,1
2014074349661,1,19,0,18,0,0,0,0,0,0,1,1,1,1,35,6,1996,2,3,5,1
2014074349661,2,9,0,18,0,0,0,0,0,0,2,1,1,1,26,6,1995,2,2,6,1
2014074349699,1,9,0,14,0,1,0,0,0,0,4,1,6,2,53,8,1248,2,2,6,1
2014074349705,1,9,0,4,0,0,0,0,0,0,1,1,6,1,18,4,-1,-1,-1,9,3
2014074349705,2,9,0,4,0,0,0,0,0,0,2,1,6,1,59,9,1422,2,10,2,1
2014074349705,3,9,0,4,0,0,0,0,0,0,2,1,6,2,28,6,1299,1,13,4,1
2014074349705,4,9,0,4,0,0,0,0,0,0,2,1,6,1,55,8,1896,2,11,9,1
2014074349974,1,9,0,13,0,0,0,0,0,0,1,1,2,2,60,9,1229,1,7,10,1
2014074349974,2,11,0,2,0,0,0,0,0,0,0,1,1,1,64,9,5850,2,12,1,1
2014074350059,1,9,0,18,0,1,0,0,0,0,1,1,1,1,34,6,1596,1,13,5,1
2014074350059,2,9,0,18,0,1,0,0,0,0,2,1,6,1,-1,-1,-1,-1,-1,-1,-1
2014074350129,1,9,0,18,0,0,0,0,0,0,1,1,6,2,48,8,1499,1,-1,3,1
2014074350129,2,9,0,4,0,0,0,0,0,0,2,1,6,2,39,7,2993,2,1,10,1
2014074350146,1,9,0,18,0,0,0,0,0,0,1,1,6,2,21,5,1598,1,7,9,1
2014074350146,2,9,0,18,0,0,0,0,0,0,2,1,1,2,44,7,3200,2,9,7,1
2014074350146,3,9,0,18,0,0,0,0,0,0,2,1,1,1,25,5,1590,1,9,10,2
2014074350146,4,9,0,18,0,0,0,0,0,0,2,1,1,2,31,6,1390,1,11,4,1
2014074350157,1,9,0,18,9,6,0,0,0,0,4,1,6,1,30,6,1796,1,9,2,1
2014074350157,2,1,0,18,9,8,0,0,0,0,1,1,6,1,20,4,-1,-1,-1,2,1
2014074350225,1,9,0,5,0,1,0,0,0,0,1,1,6,1,29,6,1997,1,-1,10,1
2014074350225,2,1,0,18,0,1,0,0,0,0,1,1,6,1,41,7,-1,-1,-1,-1,-1
2014074350561,1,9,0,9,0,2,0,0,0,0,1,1,1,1,22,5,1596,1,5,9,1
2014074350561,2,1,0,18,0,1,5,0,0,0,1,1,1,1,47,8,-1,-1,-1,2,1
2014074350588,1,9,0,3,0,1,0,0,0,0,1,1,6,3,-1,-1,-1,-1,-1,-1,-1
2014074350588,2,9,0,3,0,1,0,0,0,0,2,1,6,2,32,6,1598,2,1,5,1
2014074350588,3,9,0,3,0,1,0,0,0,0,2,1,6,1,-1,-1,1968,2,2,9,1
2014074350627,1,9,0,4,0,1,0,0,0,0,1,1,2,2,52,8,1299,1,7,8,3