Accident_Index,Vehicle_Reference,Vehicle_Type,Towing_and_Articulation,Vehicle_Manoeuvre,Vehicle_Location-Restricted_Lane,Junction_Location,Skidding_and_Overturning,Hit_Object_in_Carriageway,Vehicle_Leaving_Carriageway,Hit_Object_off_Carriageway,1st_Point_of_Impact,Was_Vehicle_Left_Hand_Drive?,Journey_Purpose_of_Driver,Sex_of_Driver,Age_of_Driver,Age_Band_of_Driver,Engine_Capacity_(CC),Propulsion_Code,Age_of_Vehicle,Driver_IMD_Decile,Driver_Home_Area_Type
2014100012214,2,9,0,3,0,0,0,0,0,0,2,1,2,2,23,5,1149,1,12,5,1
2014100012414,1,9,0,5,0,8,0,0,0,0,1,1,6,1,26,6,1329,1,1,4,1
2014100012414,2,2,0,18,0,8,0,0,0,0,1,1,6,1,17,4,50,1,4,6,1
2014100012514,1,9,0,16,0,0,1,0,0,0,1,1,6,2,60,9,2400,2,1,10,3
2014100012514,2,9,0,18,0,0,1,0,0,0,1,1,6,2,46,8,1461,2,4,5,3
2014100012914,1,9,0,12,0,2,0,0,0,0,3,1,6,1,53,8,1998,2,1,9,1
2014100012914,2,9,0,18,0,2,0,0,0,0,4,1,6,2,59,9,1998,1,6,3,1
2014100013114,1,9,0,7,0,5,1,0,1,10,4,1,1,1,38,7,-1,-1,-1,1,1
2014100013114,2,9,0,8,0,6,0,0,0,0,3,1,1,2,51,8,1997,2,9,5,1
2014100013414,1,9,0,18,0,8,0,0,0,0,4,1,6,1,25,5,1461,2,1,2,1
2014100013414,2,9,0,9,0,7,0,0,0,0,1,1,6,1,34,6,1598,1,8,3,1
2014100014014,1,9,0,18,0,1,0,0,0,0,1,1,2,2,19,4,1390,1,10,1,1
2014100014014,2,9,0,4,0,1,0,0,0,0,2,1,6,1,54,8,-1,-1,-1,1,1
2014100014414,1,9,0,11,0,1,0,0,1,2,4,1,2,2,41,7,1398,2,2,4,2
2014100014414,2,9,0,18,0,1,0,0,0,0,3,1,2,1,53,8,1149,1,11,6,1
2014100014614,1,9,0,9,0,8,0,0,0,0,4,1,6,2,33,6,1799,1,7,-1,-1
2014100014614,2,1,0,18,0,8,0,0,0,0,1,1,6,1,25,5,-1,-1,-1,9,1
2014100015214,1,9,5,10,0,6,0,0,0,0,0,1,1,1,55,8,-1,-1,-1,-1,-1
2014100015214,2,9,5,10,0,6,0,0,0,0,0,1,1,1,30,6,1598,1,13,-1,-1
2014100015614,1,9,0,9,0,6,0,0,0,0,4,1,6,3,-1,-1,1198,1,2,-1,-1
2014100015614,2,1,0,18,2,8,0,0,0,0,1,1,6,1,30,6,-1,-1,-1,8,1
2014100015814,1,9,0,18,0,0,0,0,0,0,4,1,2,1,25,5,1397,1,14,4,1
2014100015914,1,11,0,2,2,0,0,0,0,0,0,1,1,1,55,8,6692,2,5,1,1
2014100016014,1,9,0,18,0,0,0,0,0,0,1,1,6,1,64,9,-1,-1,-1,9,1
2014100016014,2,9,0,3,0,0,0,0,0,0,2,1,6,2,64,9,1968,2,1,2,1
2014100016814,1,9,0,9,0,6,0,0,0,0,3,1,1,1,43,7,1686,2,12,5,1
2014100016814,2,1,0,18,0,8,0,0,0,0,1,1,1,1,69,10,-1,-1,-1,1,1
2014100017114,1,9,0,18,0,8,0,0,0,0,2,1,1,1,50,8,2148,2,8,3,1
2014100017114,2,3,0,18,0,8,0,0,0,0,1,1,6,1,22,5,125,1,5,2,1
2014100017214,1,9,0,18,0,1,0,0,0,0,1,1,1,2,42,7,1560,2,3,10,2
2014100017214,2,9,0,4,0,1,1,0,1,0,2,1,6,1,43,7,1896,2,7,7,3
2014100017214,3,21,0,4,0,1,0,0,0,0,2,1,1,1,31,6,6692,2,4,5,1
2014100017314,1,3,0,18,0,1,0,0,0,0,1,1,6,1,22,5,125,1,2,1,1
2014100017314,2,9,0,10,0,1,0,0,0,0,2,1,6,2,57,9,2184,2,10,1,1
2014100017614,1,9,0,16,0,0,2,0,1,11,1,1,2,1,29,6,1984,1,17,5,1
2014100017714,1,9,0,13,0,0,0,0,0,0,1,1,6,1,30,6,1199,1,12,5,3
2014100017714,2,9,4,18,0,0,5,0,1,0,2,1,1,2,46,8,-1,-1,-1,2,1
2014100017714,3,9,0,18,0,0,0,0,0,0,0,1,6,1,55,8,1896,2,12,7,2
2014100017814,1,9,0,12,0,0,0,0,0,0,1,1,6,1,21,5,1229,1,1,5,1
2014100017814,2,3,0,18,0,0,0,0,0,0,2,1,2,1,26,6,124,1,5,3,1
2014100018614,1,5,0,18,0,2,1,0,0,0,0,1,2,1,41,7,998,1,10,-1,-1
2014100018714,1,11,0,7,0,8,0,0,0,0,0,1,6,1,47,8,7300,2,12,10,1
2014100018814,1,9,0,5,0,8,0,0,0,0,1,1,6,1,65,9,-1,-1,-1,1,1
2014100018814,2,9,0,18,0,8,0,0,0,0,4,1,6,2,27,6,1596,1,14,2,1
2014100019114,1,9,0,18,0,6,0,0,0,0,1,1,6,3,-1,-1,-1,-1,-1,-1,-1
2014100019114,2,9,0,2,0,8,0,0,0,0,4,1,6,2,71,10,1229,1,3,3,1
2014100019314,1,9,0,18,0,0,0,0,0,0,1,1,6,1,27,6,1598,1,2,4,1
2014100020114,1,9,0,1,0,1,0,0,0,0,2,1,6,1,35,6,1769,1,24,-1,2
2014100020614,1,9,0,18,0,0,1,0,1,4,1,1,6,1,21,5,1390,1,12,4,1
2014100020814,1,9,0,18,0,8,0,0,0,0,4,1,6,3,-1,-1,1796,1,11,-1,-1
2014100020814,2,9,0,18,0,8,0,0,7,10,1,1,6,2,53,8,1390,1,12,7,1
2014100020814,3,20,1,10,0,2,0,0,0,0,3,1,1,1,49,8,8970,2,6,2,1
2014100020814,4,21,1,3,0,2,0,0,0,0,3,1,1,1,65,9,10518,2,3,2,1
2014100020814,5,9,0,2,6,1,0,0,0,0,2,1,6,3,-1,-1,1968,2,2,-1,-1
2014100021014,1,9,0,5,0,1,0,0,0,0,1,1,6,2,25,5,1242,1,11,1,1
2014100021014,2,9,0,5,0,1,0,0,0,0,2,1,6,1,18,4,1461,2,5,4,1
2014100021414,1,9,0,18,0,8,0,0,0,0,1,1,6,2,46,8,1388,1,11,4,1
2014100021414,2,1,0,18,0,8,0,0,0,0,2,1,6,1,77,11,-1,-1,-1,8,1
2014100021614,1,9,0,9,0,6,0,0,0,0,1,1,6,3,-1,-1,2401,1,7,-1,-1
2014100021614,2,11,0,18,0,8,0,0,0,0,3,1,1,1,52,8,3900,2,9,3,2
2014100021914,1,9,0,18,0,8,0,0,0,0,1,1,1,2,52,8,1461,2,2,6,2
2014100021914,2,1,5,4,0,8,1,0,0,0,1,1,6,1,34,6,-1,-1,-1,1,1
2014100022314,1,9,0,18,0,0,0,0,0,0,1,1,2,1,33,6,1598,1,6,5,2
2014100022314,2,9,0,3,0,0,0,0,0,0,2,1,2,2,42,7,1560,2,4,4,1
2014100022414,1,9,0,5,0,2,0,0,0,0,1,1,6,3,-1,-1,-1,-1,-1,-1,-1
2014100022614,1,9,0,9,0,6,0,0,0,0,3,1,6,2,45,7,1343,1,12,-1,-1
2014100022614,2,3,0,18,0,8,0,0,0,0,1,1,6,1,16,4,49,1,8,4,1
2014100022814,1,9,0,18,0,0,1,0,0,0,1,1,2,2,22,5,1587,1,9,7,1
2014100022814,2,19,0,2,0,0,0,0,0,0,2,1,6,1,55,8,2460,2,8,5,2
2014100022814,3,9,0,2,0,0,0,0,0,0,2,1,6,2,38,7,1560,2,1,4,1
2014100023614,1,9,0,18,0,0,1,0,1,11,3,1,6,3,-1,-1,1242,1,13,-1,-1
2014100024514,1,9,0,11,0,0,2,0,2,7,1,1,6,1,22,5,1124,1,10,9,1
2014100024614,1,9,0,9,0,6,0,0,0,0,1,1,6,1,53,8,1497,1,8,2,1
2014100024614,2,9,0,18,0,1,0,0,0,0,1,1,6,2,61,9,1299,1,11,4,1
2014100024814,1,9,0,5,0,1,0,0,0,0,1,1,6,2,28,6,1149,1,14,1,1
2014100024814,2,9,0,3,0,1,0,0,0,0,2,1,1,2,50,8,1598,1,14,2,1
2014100024914,1,9,0,18,0,2,0,0,0,0,4,1,1,1,41,7,998,1,13,5,1
2014100025214,1,9,0,18,0,2,0,0,0,0,1,1,1,2,32,6,1461,2,8,7,1
2014100025314,1,9,0,18,0,0,0,0,0,0,3,1,6,2,62,9,998,1,1,5,1
2014100025514,1,9,0,9,0,6,0,0,0,0,3,1,2,1,23,5,1997,2,13,2,1
2014100025514,2,9,0,18,0,1,0,0,0,0,1,1,2,1,50,8,1997,2,11,8,1
2014100025614,1,9,0,9,0,6,0,0,0,0,0,1,6,1,39,7,-1,-1,-1,8,1
2014100025614,2,3,0,18,0,1,0,0,0,0,0,1,1,1,48,8,599,1,12,6,1
2014100025714,1,9,0,18,0,1,2,10,1,2,1,1,2,1,27,6,1998,1,6,7,3
2014100025814,1,9,0,18,0,5,0,0,0,0,0,1,2,2,44,7,1995,2,3,10,1
2014100025814,2,9,0,18,0,5,0,0,1,0,2,1,2,2,43,7,1298,1,12,2,3
2014100025814,3,9,0,18,0,5,0,0,0,0,2,1,2,1,50,8,1198,1,1,9,1
2014100026014,1,9,0,18,0,0,0,0,0,0,1,1,6,2,32,6,1390,1,8,2,1
2014100026014,2,9,0,3,0,0,0,0,0,0,2,1,6,2,38,7,1242,1,11,5,1
2014100026214,1,9,0,3,0,1,0,0,0,0,1,1,6,1,21,5,1998,2,11,2,1
2014100026214,2,8,0,18,0,1,0,0,0,0,2,1,1,1,50,8,-1,-1,-1,1,1
2014100026314,1,9,0,1,0,0,0,0,0,0,2,1,3,2,45,7,1598,1,9,-1,-1
2014100026614,1,9,0,18,0,8,0,0,0,0,1,1,6,1,40,7,1396,1,11,-1,-1
2014100026614,2,9,0,9,0,8,0,0,0,0,4,1,6,2,29,6,2926,2,12,10,1
2014100026714,1,9,0,4,0,0,0,0,0,0,1,1,6,2,59,9,1679,1,13,9,1
2014100026714,2,9,0,3,0,0,0,0,0,0,2,1,6,1,57,9,1560,2,2,4,1
2014100026714,3,9,0,3,0,0,0,0,0,0,2,1,6,1,48,8,1598,1,5,9,1
2014100027014,1,9,0,18,0,1,0,0,0,0,1,1,6,3,-1,-1,-1,-1,-1,-1,-1
2014100027014,2,9,0,4,0,1,0,0,0,0,2,1,6,2,40,7,1997,2,12,-1,-1
2014100027114,1,3,0,18,0,1,1,0,0,0,1,1,6,1,21,5,124,1,1,2,1
2014100027114,2,9,0,10,0,1,0,0,0,0,2,1,6,2,34,6,1360,1,9,3,1
2014100027314,1,9,0,9,0,6,0,0,0,0,4,1,6,2,61,9,1198,1,2,6,1
2014100027314,2,9,0,18,0,8,0,0,0,0,1,1,6,1,24,5,1896,2,10,2,1
2014100027514,1,19,0,18,0,1,0,0,0,0,1,1,1,1,29,6,1998,2,9,1,1
2014100027514,2,11,0,9,0,5,0,0,0,0,2,1,1,1,50,8,6370,2,7,4,1
2014100027614,1,9,0,7,0,3,0,0,0,0,1,1,2,1,23,5,1229,1,5,6,1
2014100027614,2,9,0,18,0,8,0,0,0,0,3,1,2,1,46,8,2993,2,10,4,1
2014100027914,1,9,0,9,0,6,0,0,0,0,1,1,6,1,19,4,1968,2,3,4,2
2014100027914,2,9,0,18,0,1,0,0,0,0,1,1,6,2,34,6,1398,2,7,2,1
2014100028414,1,9,0,18,0,1,0,0,0,0,1,1,6,1,63,9,1368,1,1,-1,-1
2014100028414,2,9,0,4,0,1,0,0,0,0,2,1,6,2,52,8,1796,1,10,4,1
2014100028514,1,9,0,18,0,8,0,0,3,0,1,1,6,1,31,6,1998,1,15,2,1
2014100028514,2,21,1,18,0,8,0,0,0,0,4,1,1,1,52,8,11705,2,6,2,1
2014100028614,1,11,0,18,0,3,0,0,0,0,0,1,1,1,62,9,6700,2,7,8,1
2014100028714,1,19,0,9,0,5,0,0,0,0,0,1,6,1,18,4,1461,2,9,9,1
2014100028714,2,3,0,18,0,8,5,0,0,0,0,1,2,1,46,8,124,1,6,3,2
2014100028914,1,11,0,5,0,1,0,0,0,0,0,1,1,1,57,9,6700,2,3,4,1
2014100029214,1,11,0,5,0,1,0,0,0,0,0,1,1,1,63,9,-1,2,14,2,1
2014100029514,1,9,0,18,0,0,0,0,0,0,1,1,6,1,49,8,1461,2,3,4,1
2014100029514,2,9,0,3,0,0,0,0,0,0,2,1,6,2,32,6,1299,1,14,2,1
2014100029514,3,9,0,18,0,0,0,0,0,0,1,1,6,1,63,9,1388,1,5,1,1
2014100030014,1,9,0,18,0,8,0,0,0,0,1,1,1,1,81,11,2993,2,-1,9,1
2014100030014,2,9,0,18,0,8,0,0,0,0,4,1,6,2,43,7,973,1,14,3,1
2014100030214,1,3,0,18,0,1,2,0,0,0,1,1,6,1,34,6,-1,-1,-1,3,1
2014100030214,2,19,0,11,0,1,0,0,0,0,2,1,1,1,21,5,1968,2,4,6,1
2014100030414,1,9,0,18,0,1,0,0,0,0,1,1,1,1,28,6,1598,1,2,1,1
2014100030414,2,9,0,3,0,1,0,0,0,0,2,1,6,1,57,9,1582,2,3,1,1
2014100030514,1,9,0,5,0,4,0,0,0,0,3,1,1,2,36,7,1199,1,11,2,1
2014100030514,2,1,0,9,0,8,0,0,0,0,1,1,1,2,48,8,-1,-1,-1,7,1
2014100030814,1,11,0,4,2,1,0,0,0,0,0,1,1,1,48,8,-1,2,13,4,2
2014100030914,1,9,0,16,0,0,2,0,1,11,2,1,6,2,34,6,1596,1,9,-1,-1
2014100031114,1,9,0,18,0,1,0,0,0,0,1,1,6,1,79,11,1242,1,6,3,1
2014100031114,2,9,0,3,0,1,0,0,0,0,2,1,6,2,22,5,1596,1,1,2,1
2014100031314,1,9,0,6,0,2,0,0,0,0,1,1,2,1,30,6,1149,1,3,9,1
2014100031314,2,1,0,18,0,2,0,10,0,0,3,1,2,1,36,7,-1,-1,-1,2,1
2014100032114,1,3,0,9,0,6,0,0,0,0,1,1,6,3,-1,-1,-1,-1,-1,-1,-1
2014100032214,1,9,0,9,0,5,0,0,0,0,4,1,6,1,-1,-1,1461,2,10,1,1
2014100032214,2,9,0,18,0,8,0,0,0,0,1,1,1,1,40,7,1753,2,5,1,1
2014100032414,1,9,0,18,0,0,0,0,0,0,1,1,6,3,-1,-1,-1,-1,-1,-1,-1
2014100032514,1,9,0,18,0,0,0,0,0,0,1,1,2,1,49,8,1995,2,3,10,2
2014100032514,2,9,0,18,0,0,0,0,0,0,2,1,2,2,45,7,1368,1,4,7,1
2014100032814,1,21,0,18,0,0,0,0,0,0,1,1,1,1,30,6,12740,2,4,1,1
2014100032814,2,9,0,3,0,0,0,0,0,0,2,1,6,2,31,6,1461,2,8,3,1
2014100032814,3,9,0,3,0,0,0,0,0,0,2,1,6,1,37,7,1461,2,1,6,3
2014100032914,1,19,0,15,0,1,0,0,0,0,0,1,1,1,46,8,2198,2,6,-1,-1
2014100032914,2,1,0,18,0,1,0,0,0,0,0,1,6,1,44,7,-1,-1,-1,-1,-1
2014100033414,1,9,0,18,0,0,2,10,1,1,1,1,6,1,22,5,1796,1,8,5,2
2014100033614,1,9,0,1,0,6,1,10,3,9,3,1,6,2,50,8,1587,1,11,1,1
2014100033814,1,9,0,18,0,8,0,0,3,0,1,1,6,1,41,7,1598,1,3,5,1
2014100033814,2,1,0,18,0,8,0,0,8,0,4,1,6,2,48,8,-1,-1,-1,-1,-1
2014100033914,1,9,0,18,0,0,0,10,8,11,1,1,6,1,19,4,1149,1,9,-1,-1
2014100034514,1,9,0,4,0,1,0,0,0,0,1,1,2,1,28,6,1598,1,2,2,1
2014100034514,2,9,0,10,0,1,0,0,0,0,2,1,6,1,33,6,1242,1,3,4,1
2014100034614,1,9,0,17,0,0,2,0,7,11,4,1,6,1,35,6,-1,-1,-1,-1,1
2014100034714,1,9,0,18,0,1,0,0,0,0,1,1,6,1,24,5,1149,1,13,8,1
2014100034714,2,9,0,3,0,1,0,0,0,0,2,1,6,2,57,9,1299,1,13,3,1
2014100034814,1,9,0,18,0,1,0,0,3,10,1,1,6,1,28,6,-1,-1,-1,2,1
2014100034914,1,11,0,4,0,0,0,0,0,0,0,1,1,1,29,6,6700,2,7,7,1
2014100035014,1,9,0,17,0,1,1,0,0,0,1,1,6,1,24,5,1896,2,12,5,1
2014100035114,1,9,0,17,0,0,1,0,7,3,2,1,6,1,62,9,2497,2,17,-1,-1
2014100035414,1,9,0,17,0,0,0,0,1,11,1,1,6,1,35,6,1995,2,8,8,3
2014100035614,1,9,0,9,0,5,0,0,0,0,2,1,6,1,46,8,-1,-1,-1,4,1
2014100035714,1,9,0,7,0,6,0,0,0,0,1,1,6,2,49,8,1598,2,3,-1,1
2014100035714,2,1,0,18,0,8,1,0,0,0,1,1,1,1,54,8,-1,-1,-1,7,1
2014100035814,1,9,0,18,0,1,0,0,0,0,1,1,6,1,-1,-1,1994,1,12,5,2
2014100035814,2,9,0,4,0,1,0,0,0,0,2,1,6,2,17,4,1398,2,10,2,1
2014100036114,1,9,0,11,0,0,0,0,1,0,4,1,1,2,56,9,1242,1,3,3,2
2014100036114,2,9,0,18,0,0,0,0,0,0,3,1,6,1,33,6,1596,1,3,1,1
2014100036114,3,9,0,2,0,0,0,0,0,0,2,1,1,2,-1,-1,2231,2,2,2,1
2014100036314,1,9,0,18,0,0,5,0,7,2,1,1,6,1,71,10,1560,2,1,9,1
2014100036514,1,9,0,18,0,1,0,0,0,0,1,1,6,3,-1,-1,-1,-1,-1,-1,-1
2014100036514,2,9,0,3,0,1,0,0,0,0,2,1,1,2,22,5,899,1,1,5,3
2014100036614,1,11,0,5,0,1,0,0,0,0,0,1,1,1,36,7,-1,-1,-1,-1,-1
2014100038014,1,9,0,9,0,5,0,0,0,0,4,1,6,2,61,9,-1,-1,-1,-1,3
2014100038214,1,21,0,17,0,2,0,0,0,0,0,1,6,3,-1,-1,-1,-1,-1,-1,-1
2014100038214,2,9,0,16,0,2,0,0,1,0,4,1,6,2,28,6,1149,1,10,3,1
2014100038314,1,9,0,9,0,4,0,0,0,0,1,1,6,2,45,7,2143,2,2,3,1
2014100038314,2,1,0,18,0,8,0,0,0,0,1,1,6,1,49,8,-1,-1,-1,9,1
2014100038814,1,9,0,18,0,0,0,0,0,0,4,1,6,1,56,9,993,1,12,2,1
2014100039014,1,9,0,16,0,0,2,0,7,11,3,1,6,1,37,7,3498,1,9,6,3
2014100039114,1,10,0,4,0,1,1,0,0,0,1,1,1,1,37,7,-1,-1,-1,3,1
2014100039114,2,9,0,5,0,1,0,0,0,0,2,1,6,1,58,9,1998,1,15,5,1
2014100039214,1,9,0,15,0,0,0,0,0,0,1,1,6,2,84,11,1086,1,4,6,1
2014100039214,2,19,0,2,0,0,0,0,0,0,2,1,1,1,37,7,1560,2,3,8,1
2014100039514,1,9,0,4,0,0,0,0,0,0,1,1,6,1,26,6,1390,1,10,1,1
2014100039614,1,9,0,9,0,6,0,0,0,0,3,1,6,1,41,7,1600,1,9,1,1
2014100039614,2,9,0,18,0,1,0,0,0,0,1,1,6,1,24,5,1598,1,15,3,1
2014100039714,1,9,0,10,0,6,0,0,0,0,3,1,6,1,26,6,1149,1,1,-1,-1
2014100040614,1,9,0,9,0,6,0,0,0,0,1,1,2,1,41,7,-1,-1,-1,3,1
2014100040614,2,19,0,18,0,8,0,0,0,0,1,1,1,1,55,8,1998,2,10,2,3
2014100040814,1,9,0,9,0,6,0,0,0,0,0,1,1,3,-1,-1,-1,-1,-1,-1,-1
2014100040814,2,9,0,18,0,8,0,0,0,0,0,1,6,2,33,6,973,1,12,2,1
2014100041014,1,9,0,18,0,2,0,0,0,0,1,1,2,1,25,5,1596,1,12,1,1
2014100041514,1,9,0,18,0,1,0,0,0,0,1,1,6,3,-1,-1,-1,-1,-1,-1,-1
2014100041514,2,9,0,3,0,1,0,0,0,0,2,1,6,2,21,5,1299,1,10,7,1
2014100042014,1,9,0,18,0,1,0,0,0,0,1,1,6,1,45,7,1390,1,13,5,2
2014100042014,2,9,0,3,0,1,0,0,0,0,2,1,6,2,39,7,1339,1,7,4,2
2014100042114,1,9,0,18,0,8,0,0,0,0,1,1,6,1,69,10,1199,1,13,1,1
2014100042114,2,9,0,18,0,8,0,0,0,0,1,1,6,1,28,6,1229,1,1,-1,1
2014100042114,3,9,0,3,0,8,0,0,0,0,3,1,6,1,30,6,1242,1,4,5,1
2014100043014,1,9,0,18,0,0,0,0,0,0,3,1,6,1,29,6,1341,1,12,2,1
2014100043314,1,9,0,18,0,2,0,0,0,0,1,1,2,1,26,6,1248,1,1,4,2
2014100043414,1,9,0,18,0,1,0,0,0,0,3,1,6,3,-1,-1,-1,-1,-1,-1,-1
2014100043514,1,9,0,9,0,6,0,0,0,0,1,1,6,2,22,5,1240,1,7,3,1
2014100043514,2,9,0,18,0,8,0,0,0,1,4,1,6,1,46,8,1598,1,1,9,1
2014100043914,1,9,0,7,0,6,0,0,0,0,3,1,2,2,26,6,1986,2,7,5,1
2014100043914,2,1,0,18,0,1,0,0,0,0,4,1,2,1,40,7,-1,-1,-1,2,1
2014100044214,1,9,0,14,0,0,0,0,0,0,4,1,6,1,88,11,1299,1,9,5,1
2014100044214,2,9,0,2,0,0,0,0,0,0,4,1,6,2,61,9,998,1,9,5,1
2014100044414,1,9,0,18,0,8,0,0,0,0,3,1,1,2,45,7,-1,-1,-1,-1,-1
2014100044514,1,9,0,18,0,1,0,0,0,0,1,1,2,1,32,6,1596,1,7,-1,-1
2014100045214,1,9,0,14,0,0,0,0,0,0,4,1,6,2,68,10,1242,1,5,3,2
2014100045214,2,9,0,2,0,0,0,0,0,0,3,1,1,2,40,7,1984,1,3,8,3
2014100045414,1,21,0,1,0,0,0,0,0,0,2,1,2,1,42,7,2402,2,10,1,1
2014100045714,1,9,0,18,0,1,0,0,0,0,4,1,6,3,-1,-1,-1,-1,-1,-1,-1
2014100045714,2,9,0,9,0,5,0,0,0,0,0,1,6,3,-1,-1,-1,-1,-1,-1,-1
2014100045714,3,1,0,18,0,1,0,0,0,0,3,1,6,1,32,6,-1,-1,-1,2,1
2014100045914,1,9,0,18,0,0,0,0,0,0,1,1,6,1,65,9,1999,1,13,2,1
2014100046414,1,9,0,16,0,0,0,0,7,11,1,1,6,1,60,9,996,1,1,-1,-1
2014100046514,1,9,0,18,0,0,0,0,0,0,1,1,6,2,35,6,1850,1,14,1,1
2014100046514,2,9,0,18,0,0,0,0,0,0,1,1,6,2,60,9,1781,1,11,9,1
2014100046614,1,9,0,5,0,2,0,0,0,0,1,1,6,3,-1,-1,-1,-1,-1,-1,-1
2014100046814,1,11,0,2,2,0,0,0,0,0,0,1,1,1,55,8,-1,2,14,5,1
2014100046914,1,9,0,18,0,1,0,4,0,0,1,1,2,2,22,5,998,1,2,4,1
2014100046914,2,9,0,2,0,1,0,0,0,0,2,1,2,1,44,7,1796,1,15,3,1
2014100047114,1,9,0,18,0,0,0,0,0,0,1,1,2,1,24,5,1951,2,14,6,1
2014100047114,2,19,0,4,0,0,0,0,0,0,2,1,2,1,45,7,2148,2,6,4,1
2014100047114,3,9,0,3,0,0,0,0,0,0,2,1,2,2,36,7,998,1,7,10,1
2014100047114,4,9,0,3,0,0,0,0,0,0,2,1,2,1,23,5,1753,2,9,6,1
2014100047214,1,9,0,18,0,0,1,0,5,2,1,1,6,1,20,4,-1,-1,-1,2,1
2014100047514,1,9,0,18,0,0,0,0,0,0,1,1,6,1,44,7,1997,2,9,3,1
2014100047514,2,9,0,3,0,0,0,0,0,0,2,1,1,1,37,7,1796,1,8,-1,1
2014100047614,1,9,0,7,0,6,0,0,0,0,1,1,1,2,20,4,1229,1,9,2,1
2014100047614,2,3,0,18,0,8,0,0,0,0,4,1,6,1,17,4,124,1,19,3,1
2014100047814,1,3,0,18,0,0,0,0,0,10,1,1,6,1,25,5,124,1,7,2,1
2014100048114,1,9,0,6,0,6,0,0,0,0,3,1,1,1,23,5,-1,-1,-1,-1,-1
2014100048114,2,8,0,18,0,8,0,0,0,0,1,1,1,1,34,6,1998,2,7,9,1
2014100048514,1,9,0,18,0,0,0,0,0,0,1,1,6,2,61,9,1596,1,2,3,1
2014100048514,2,9,0,4,0,0,0,0,0,0,2,1,6,1,49,8,1587,1,11,1,1
2014100048814,1,9,0,18,0,0,0,0,0,0,1,1,6,1,65,9,2184,2,9,4,1
2014100049014,1,9,0,18,0,0,0,0,0,0,1,1,2,2,22,5,-1,-1,-1,2,1
2014100049014,2,9,0,18,0,0,0,0,0,0,2,1,2,2,45,7,3189,1,9,6,1
2014100049014,3,9,0,18,0,0,0,0,0,0,2,1,2,2,38,7,-1,-1,-1,1,1
2014100049114,1,9,0,5,0,8,0,0,0,0,1,1,6,2,22,5,-1,-1,-1,2,1
2014100049514,1,9,0,18,0,1,1,0,0,0,1,1,2,1,23,5,1149,1,13,7,1
2014100049514,2,9,0,3,0,1,0,0,0,0,2,1,6,2,43,7,-1,-1,-1,4,1
2014100049514,3,9,0,3,0,1,0,0,0,0,2,1,6,1,26,6,1896,2,11,1,1
2014100049614,1,9,0,16,0,0,0,0,0,0,1,1,6,2,37,7,-1,-1,-1,-1,-1
2014100049614,2,9,0,17,0,0,0,0,0,0,1,1,6,1,60,9,1968,2,6,5,1
2014100050014,1,9,0,9,0,5,0,0,0,0,3,1,6,2,32,6,1749,1,12,7,1
2014100050214,1,9,0,18,0,2,0,0,0,0,3,1,1,1,53,8,1998,2,6,7,1
2014100050614,1,9,0,14,0,8,0,0,0,0,2,1,1,1,26,6,1598,1,9,3,1
2014100050614,2,19,0,9,0,8,0,0,0,0,1,1,1,1,50,8,2198,2,1,2,1
2014100051114,1,19,0,18,0,8,0,0,0,0,1,1,6,1,54,8,-1,-1,-1,7,1
2014100051114,2,1,0,18,0,8,0,0,0,0,0,1,6,1,34,6,-1,-1,-1,-1,-1
2014100051214,1,9,0,18,0,8,1,0,0,0,1,1,1,1,38,7,1753,2,6,1,1
2014100051214,2,9,0,18,0,8,0,0,0,0,4,1,6,2,53,8,1390,1,10,2,1
2014100051314,1,9,0,16,0,0,2,0,7,11,1,1,6,1,59,9,1896,2,7,9,1
2014100051614,1,9,0,18,0,0,0,0,1,0,4,1,6,1,30,6,1910,2,8,2,1
2014100051814,1,9,0,18,0,1,0,0,0,0,1,1,6,2,22,5,-1,-1,-1,2,1
2014100051814,2,9,0,3,0,1,0,0,0,0,2,1,1,2,41,7,998,1,4,1,1
2014100051914,1,9,0,5,0,4,0,0,0,0,1,1,2,1,46,8,-1,-1,-1,3,1
2014100051914,2,1,0,18,0,8,0,0,0,0,4,1,2,1,40,7,-1,-1,-1,9,1
2014100052314,1,1,0,18,0,1,0,0,0,0,0,1,6,1,47,8,-1,-1,-1,-1,-1
2014100052414,1,9,0,18,0,0,1,0,7,9,1,1,6,1,36,7,1397,1,4,-1,-1
2014100052714,1,19,0,8,0,6,0,0,0,0,1,1,1,1,52,8,2143,2,2,7,1
2014100052814,1,9,0,9,0,5,0,0,0,0,1,1,1,1,47,8,1910,2,9,1,1
2014100052914,1,19,0,18,0,0,0,0,0,0,1,1,1,1,45,7,-1,-1,-1,3,1
2014100053014,1,9,0,1,0,0,0,0,0,0,2,1,6,1,35,6,4394,1,8,3,1
2014100053814,1,20,0,18,0,1,0,0,0,0,1,1,1,1,43,7,4462,2,1,5,3
2014100053814,2,9,0,3,0,1,0,0,0,0,2,1,6,1,34,6,1596,1,11,3,1
2014100054214,1,8,0,18,0,0,0,0,0,0,4,1,1,1,44,7,1968,2,6,4,1