Accident_Index,Vehicle_Reference,Vehicle_Type,Towing_and_Articulation,Vehicle_Manoeuvre,Vehicle_Location-Restricted_Lane,Junction_Location,Skidding_and_Overturning,Hit_Object_in_Carriageway,Vehicle_Leaving_Carriageway,Hit_Object_off_Carriageway,1st_Point_of_Impact,Was_Vehicle_Left_Hand_Drive?,Journey_Purpose_of_Driver,Sex_of_Driver,Age_of_Driver,Age_Band_of_Driver,Engine_Capacity_(CC),Propulsion_Code,Age_of_Vehicle,Driver_IMD_Decile,Driver_Home_Area_Type
2014100054714,1,9,0,18,0,0,0,0,0,0,3,1,1,2,42,7,1229,1,2,5,1
2014100054814,1,9,0,1,9,1,0,0,0,0,2,1,6,3,-1,-1,-1,-1,-1,-1,-1
2014100055314,1,9,0,18,0,0,0,0,0,0,4,1,6,3,-1,-1,-1,-1,-1,-1,-1
2014100055514,1,9,0,9,0,6,0,0,0,0,3,1,1,2,40,7,999,1,2,7,3
2014100055514,2,9,0,18,0,8,0,0,7,11,1,1,1,2,53,8,1596,1,10,8,1
2014100056114,1,9,0,3,0,1,0,0,0,0,2,1,3,2,55,8,2496,1,12,8,2
2014100056114,2,9,0,18,0,1,0,0,0,0,1,1,2,2,-1,-1,1995,2,9,-1,-1
2014100056314,1,9,0,7,0,6,0,0,0,0,1,1,6,1,38,7,1396,1,4,10,3
2014100056314,2,9,0,18,0,8,0,0,1,4,4,1,6,1,45,7,1598,1,14,10,2
2014100056514,1,9,0,3,0,1,0,0,0,0,2,1,6,2,-1,-1,1997,2,5,7,1
2014100056514,2,9,0,4,0,1,0,0,0,0,1,1,6,1,40,7,1598,1,8,2,1
2014100056614,1,9,0,16,0,1,1,10,0,0,1,1,6,2,45,7,1240,1,10,-1,-1
2014100056614,2,9,0,17,0,1,0,0,0,0,4,1,2,1,27,6,1275,1,18,7,1
2014100056714,1,9,0,12,0,0,0,0,0,0,0,1,6,3,-1,-1,-1,-1,-1,-1,-1
2014100056714,2,9,0,18,0,0,0,0,0,0,1,1,6,1,19,4,1398,2,8,7,1
2014100056714,3,9,0,18,0,0,0,0,0,0,2,1,2,2,43,7,1364,2,3,10,1
2014100056814,1,9,0,9,0,8,0,0,0,0,1,1,2,1,55,8,1598,2,5,3,1
2014100057114,1,9,0,18,0,2,1,0,0,0,1,1,1,1,31,6,1968,2,1,-1,-1
2014100057214,1,9,0,6,0,2,0,0,0,0,1,1,1,1,23,5,1390,1,10,7,1
2014100057614,1,11,0,18,0,2,0,0,0,0,1,1,1,1,59,9,6370,2,6,2,1
2014100058014,1,9,0,9,0,5,1,0,1,2,1,1,6,1,23,5,1388,1,11,1,1
2014100058214,1,9,0,4,0,0,0,0,0,0,1,1,6,2,-1,-1,998,1,8,4,1
2014100058214,2,9,0,3,0,0,0,0,0,0,2,1,6,2,39,7,1493,2,4,3,1
2014100058414,1,19,0,5,0,0,0,0,0,0,1,1,1,1,50,8,1560,2,2,-1,1
2014100058414,2,1,0,18,0,0,0,0,0,0,1,1,6,1,24,5,-1,-1,-1,1,1
2014100058514,1,8,0,18,0,0,0,0,0,0,1,1,1,1,33,6,1968,2,8,4,1
2014100058814,1,11,0,4,0,0,0,0,0,0,0,1,1,1,42,7,3900,2,9,2,1
2014100058914,1,9,0,5,0,1,0,0,0,0,1,1,2,1,48,8,1988,2,10,5,1
2014100058914,2,19,0,3,0,1,0,0,0,0,2,1,2,1,53,8,1560,2,2,3,1
2014100059214,1,9,0,18,0,1,1,7,3,1,1,1,6,3,-1,-1,1995,2,12,-1,-1
2014100059214,2,9,0,4,0,1,1,7,3,1,2,1,6,1,24,5,1598,1,6,2,1
2014100059414,1,9,0,18,0,0,0,0,0,0,1,1,6,1,35,6,1984,1,10,1,1
2014100059414,2,9,0,4,0,0,0,0,0,0,2,1,6,1,27,6,1596,1,9,4,2
2014100059614,1,1,0,18,0,1,0,0,0,0,1,1,6,1,18,4,-1,-1,-1,10,3
2014100059614,2,9,0,10,0,1,0,0,0,0,2,1,6,2,32,6,1242,1,3,9,2
2014100059814,1,19,0,18,0,0,0,0,0,0,1,1,1,2,64,9,2464,2,6,-1,-1
2014100059814,2,9,0,4,0,0,0,0,0,0,2,1,2,1,23,5,1242,1,6,2,1
2014100059814,3,9,0,4,0,0,0,0,0,0,2,1,2,2,44,7,1600,2,4,3,3
2014100059814,4,9,0,4,0,0,0,0,0,0,2,1,2,1,38,7,1997,2,1,3,1
2014100059914,1,9,0,18,0,1,0,0,0,0,1,1,6,1,53,8,1388,1,5,1,1
2014100059914,2,9,0,3,0,1,0,0,0,0,2,1,6,2,25,5,1149,1,4,2,1
2014100060014,1,9,0,17,0,0,0,0,1,4,1,1,6,1,34,6,1896,2,9,9,1
2014100060114,1,9,0,18,0,0,1,0,0,0,1,1,6,1,57,9,1461,2,5,5,1
2014100060114,2,9,0,3,0,0,0,0,0,0,2,1,6,2,26,6,1398,1,8,5,1
2014100060114,3,9,0,3,0,0,0,0,0,0,2,1,6,2,26,6,1599,1,9,9,1
2014100060114,4,9,0,3,0,0,0,0,0,0,2,1,6,2,37,7,1998,2,9,9,1
2014100060314,1,11,0,18,0,1,0,0,0,0,0,1,1,1,44,7,6700,2,7,3,1
2014100060514,1,8,0,18,0,2,0,0,0,0,1,1,1,1,33,6,1560,2,5,-1,-1
2014100060614,1,9,0,9,0,6,0,0,0,0,3,1,6,1,58,9,1997,2,14,3,2
2014100060614,2,9,0,18,0,8,0,0,7,0,1,1,1,2,24,5,998,1,9,5,1
2014100060714,1,9,0,18,0,1,0,0,0,0,4,1,6,1,23,5,2000,2,10,3,1
2014100060814,1,9,0,7,0,6,0,0,0,0,0,1,6,2,17,4,1596,1,6,5,2
2014100060814,2,11,0,5,0,8,0,0,0,0,0,1,1,1,60,9,3900,2,9,3,1
2014100060914,1,9,0,4,0,0,0,0,7,10,3,1,6,2,67,10,1242,1,9,5,2
2014100061114,1,9,0,18,0,0,1,0,0,0,1,1,1,1,45,7,1910,2,9,9,1
2014100061214,1,9,0,9,0,8,0,0,0,0,3,1,6,2,54,8,1242,1,13,6,1
2014100061214,2,9,0,18,0,8,0,0,0,0,1,1,6,1,30,6,1968,2,1,1,1
2014100061414,1,9,0,17,0,8,0,0,0,0,4,1,1,1,52,8,1896,2,5,4,1
2014100061614,1,19,0,18,0,8,0,0,0,0,1,1,6,3,-1,-1,-1,-1,-1,-1,-1
2014100061614,2,3,0,18,0,8,0,0,0,0,4,1,6,1,17,4,102,1,11,3,1
2014100061814,1,9,0,18,0,0,0,0,0,0,1,1,2,2,46,8,2777,2,5,10,1
2014100061814,2,9,0,3,0,0,0,0,0,0,2,1,2,1,54,8,2204,2,9,6,1
2014100061914,1,9,0,9,0,8,1,0,0,0,2,1,6,3,-1,-1,-1,-1,-1,-1,-1
2014100061914,2,9,0,18,0,1,0,0,0,0,1,1,6,1,34,6,1399,2,10,-1,1
2014100062014,1,21,0,5,0,3,0,0,0,0,1,1,1,3,-1,-1,-1,-1,-1,-1,-1
2014100062014,2,9,0,5,0,3,0,0,0,0,2,1,1,2,54,8,1229,1,9,9,1
2014100062614,1,19,0,18,0,0,1,0,1,11,4,1,1,1,38,7,2402,2,4,2,1
2014100062614,2,9,0,18,0,0,0,0,0,0,1,1,6,2,51,8,998,1,5,1,1
2014100062714,1,11,0,18,2,1,0,0,0,0,0,1,1,1,51,8,6700,2,3,8,1
2014100062814,1,9,0,11,0,5,0,10,7,4,1,1,6,1,52,8,1991,2,5,2,1
2014100063014,1,9,0,18,0,0,0,0,0,0,1,1,6,1,26,6,-1,-1,-1,5,2
2014100063014,2,9,0,4,0,0,0,0,0,0,2,1,6,1,21,5,1598,1,12,5,2
2014100063014,3,9,0,18,0,0,0,0,0,0,1,1,6,1,18,4,1461,2,-1,4,1
2014100063014,4,9,0,2,0,0,0,0,0,6,1,1,6,1,26,6,1598,2,2,6,1
2014100063014,5,5,0,4,0,0,0,0,0,0,1,1,6,1,57,9,800,1,23,4,2
2014100063014,6,9,0,4,0,0,0,0,0,0,2,1,6,2,60,9,1598,1,5,1,1
2014100063714,1,9,0,18,0,0,0,0,0,0,3,1,6,2,40,7,998,1,14,2,1
2014100064214,1,11,0,18,0,0,0,0,0,0,0,1,1,1,62,9,6871,2,11,5,1
2014100064714,1,9,0,4,0,5,0,0,0,0,0,1,6,1,-1,-1,1242,1,7,8,1
2014100064714,2,9,0,4,0,1,0,0,0,0,1,1,6,2,39,7,1198,1,2,-1,-1
2014100064714,3,9,0,18,0,1,1,0,5,6,1,1,6,2,42,7,1399,2,1,-1,-1
2014100064814,1,9,0,9,0,5,0,0,0,0,4,1,6,2,32,6,1600,2,5,8,2
2014100064814,2,1,0,18,0,8,0,0,0,0,1,1,6,2,42,7,-1,-1,-1,10,1
2014100064914,1,9,0,9,0,6,0,0,0,0,1,1,6,1,20,4,995,1,6,9,2
2014100064914,2,9,0,18,0,8,1,0,0,0,1,1,6,1,82,11,973,1,11,10,2
2014100065014,1,9,0,18,0,1,0,0,0,0,1,1,6,3,-1,-1,-1,-1,-1,-1,-1
2014100065014,2,9,0,3,0,1,0,0,0,0,2,1,6,2,19,4,1299,1,12,1,1
2014100065114,1,9,0,18,0,1,2,9,5,6,3,1,1,1,40,7,1900,2,13,2,1
2014100065214,1,9,0,18,0,0,0,0,0,0,3,1,6,3,-1,-1,-1,-1,-1,-1,-1
2014100065214,2,9,0,18,0,0,1,0,1,1,3,1,1,1,54,8,1753,2,4,7,3
2014100065714,1,9,0,5,0,0,0,0,0,0,1,1,6,2,32,6,1587,1,14,3,1
2014100065714,2,9,0,5,0,0,0,0,0,0,2,1,6,2,40,7,1795,1,16,1,1
2014100066014,1,9,0,16,0,0,2,0,1,4,3,1,6,1,23,5,1598,1,7,9,1
2014100066114,1,9,0,9,0,6,0,0,0,0,1,1,6,2,42,7,2231,2,9,6,1
2014100066114,2,9,0,9,0,5,0,0,0,0,3,1,6,1,49,8,1686,2,10,3,3
2014100066214,1,9,0,18,0,1,0,0,0,0,1,1,6,1,29,6,1997,2,12,3,2
2014100066214,2,9,0,3,0,1,0,0,0,0,2,1,1,2,50,8,1587,1,9,9,1
2014100067514,1,9,0,18,0,1,0,0,0,0,1,1,6,1,52,8,1396,1,14,1,1
2014100067514,2,9,0,3,0,1,0,0,0,0,2,1,6,2,41,7,1598,1,4,4,1
2014100067614,1,11,0,3,0,0,0,0,0,0,0,1,1,1,41,7,9000,2,7,4,3
2014100067714,1,9,0,9,0,6,0,10,1,1,4,1,6,2,24,5,1240,1,7,7,1
2014100067714,2,19,0,18,0,8,0,10,1,0,1,1,1,1,23,5,-1,-1,-1,-1,-1
2014100067814,1,9,0,17,0,1,1,0,0,0,1,1,6,1,42,7,1598,1,13,4,1
2014100067814,2,9,0,3,0,1,0,0,0,0,2,1,6,2,29,6,2497,1,12,3,1
2014100067814,3,9,0,9,0,1,0,0,0,0,0,1,6,3,-1,-1,-1,-1,-1,-1,-1
2014100067914,1,9,0,18,0,8,0,0,0,0,1,1,6,1,61,9,2400,2,5,10,1
2014100067914,2,1,0,18,0,8,0,0,0,0,1,1,6,2,47,8,-1,-1,-1,10,1
2014100068014,1,9,0,18,0,0,1,0,0,0,1,1,6,2,61,9,1242,1,12,3,1
2014100068014,2,9,0,4,0,0,0,0,0,0,2,1,6,2,26,6,-1,-1,-1,1,1
2014100068214,1,9,0,18,0,0,0,0,0,0,3,1,2,2,52,8,1399,2,5,5,3
2014100068214,2,11,0,2,0,0,0,0,0,0,0,1,1,1,38,7,7140,2,3,4,2
2014100068614,1,9,0,18,0,0,0,0,1,11,4,1,6,2,58,9,1405,1,10,5,3
2014100068714,1,9,0,4,0,0,0,0,0,0,1,1,6,1,-1,-1,1910,2,8,2,1
2014100068714,2,9,0,3,0,0,0,0,0,0,2,1,6,2,35,6,1598,1,8,8,1
2014100068714,3,9,0,18,0,0,0,0,0,0,0,1,6,3,-1,-1,-1,-1,-1,-1,-1
2014100068814,1,9,0,18,0,0,0,0,0,0,1,1,2,2,40,7,1796,1,3,6,1
2014100068814,2,9,0,3,0,0,0,0,0,0,2,1,6,1,58,9,1998,2,9,-1,1
2014100069214,1,9,0,18,0,8,1,0,0,0,1,1,6,1,40,7,1896,2,9,7,1
2014100069214,2,9,0,9,0,5,0,0,0,2,4,1,6,2,62,9,1598,1,10,-1,1
2014100069314,1,9,0,17,0,0,2,0,2,10,1,1,6,2,23,5,1461,2,7,-1,1
2014100069414,1,9,0,18,0,8,0,0,0,0,1,1,2,2,55,8,1124,1,10,1,1
2014100069414,2,9,0,18,0,8,0,0,0,0,3,1,2,1,45,7,1995,2,2,2,1
2014100069714,1,9,0,18,0,2,0,0,0,0,4,1,6,2,59,9,2268,2,-1,4,2
2014100069814,1,11,0,5,0,0,0,0,0,0,0,1,1,1,29,6,9200,2,7,-1,-1
2014100070114,1,9,0,18,0,0,2,0,7,0,1,1,6,1,17,4,-1,-1,-1,6,2
2014100070514,1,11,0,2,0,0,0,0,0,0,0,1,1,1,61,9,3900,2,10,1,1
2014100070614,1,9,0,18,0,3,1,0,1,2,1,1,2,1,35,6,1988,1,11,8,1
2014100070714,1,9,0,13,0,1,0,0,0,0,4,1,6,2,82,11,1240,1,10,5,1
2014100070714,2,9,0,7,0,5,0,0,0,0,1,1,6,2,40,7,1390,1,12,4,1
2014100070714,3,9,0,3,0,1,0,0,0,0,3,1,6,1,65,9,-1,-1,-1,-1,1
2014100070814,1,9,0,9,0,6,0,0,0,0,1,1,6,1,64,9,1598,1,11,2,1
2014100070814,2,9,0,18,0,1,0,0,0,0,4,1,6,2,48,8,1995,1,4,7,1
2014100071014,1,9,0,18,0,4,0,0,0,0,1,1,1,1,35,6,1910,2,7,5,1
2014100071014,2,9,0,9,0,8,0,0,0,0,4,1,6,2,22,5,1598,1,4,-1,3
2014100071314,1,1,0,18,0,8,0,0,0,0,1,1,6,2,19,4,-1,-1,-1,9,1
2014100071314,2,9,0,7,0,6,0,0,0,0,4,1,6,1,62,9,2993,2,2,6,1
2014100071614,1,4,0,5,0,8,0,0,0,0,1,1,1,1,51,8,-1,-1,-1,10,3
2014100071614,2,9,0,18,0,8,0,0,0,0,3,1,2,1,23,5,1200,1,1,1,1
2014100071814,1,9,0,17,0,2,2,0,1,10,2,1,6,1,29,6,1793,1,12,3,2
2014100072614,1,1,0,18,0,0,5,0,0,0,3,1,6,1,8,2,-1,-1,-1,2,1
2014100072614,2,9,0,18,0,0,0,0,0,0,1,1,2,2,42,7,1198,1,11,2,1
2014100072714,1,9,0,17,0,8,1,0,1,11,2,1,6,1,25,5,1560,2,9,-1,-1
2014100072814,1,9,0,17,0,2,1,0,1,1,2,1,6,1,22,5,1998,1,11,-1,1
2014100073014,1,9,0,17,0,8,1,0,1,10,1,1,6,1,51,8,1149,1,6,-1,-1
2014100073214,1,9,0,18,0,1,0,0,0,0,1,1,6,2,58,9,1368,1,7,3,2
2014100073214,2,9,0,3,0,1,0,0,0,0,2,1,6,2,53,8,1796,2,1,9,2
2014100073214,3,9,0,3,0,1,0,0,0,0,2,1,6,2,36,7,1596,1,6,8,2
2014100073314,1,9,0,5,0,1,0,0,0,0,1,1,6,1,26,6,1998,1,13,8,1
2014100073414,1,9,0,18,0,0,2,0,7,9,1,1,2,2,25,5,1248,2,4,1,1
2014100073614,1,9,0,18,0,0,2,0,2,9,4,1,6,1,19,4,1242,1,1,5,1
2014100073714,1,9,0,16,0,0,1,0,0,0,3,1,6,1,-1,-1,-1,-1,-1,3,3
2014100073714,2,9,0,17,0,0,0,0,1,11,3,1,6,1,70,10,1998,1,6,7,3
2014100073814,1,9,0,17,0,0,2,0,1,11,3,1,6,1,30,6,1998,2,8,-1,-1
2014100073814,2,9,0,18,0,0,0,0,1,7,3,1,6,1,57,9,1796,1,7,-1,3
2014100074114,1,19,0,18,0,0,0,0,1,2,1,1,1,1,58,9,2198,2,3,2,1
2014100074714,1,11,0,5,0,1,0,0,0,0,0,1,6,1,50,8,6370,2,6,3,1
2014100075014,1,9,0,18,0,0,0,0,0,0,1,1,6,1,42,7,1560,2,1,8,1
2014100075014,2,19,0,18,0,0,0,0,0,0,1,1,6,1,29,6,2402,2,12,7,1
2014100075014,3,9,0,18,0,0,0,0,0,0,2,1,6,1,54,8,-1,-1,-1,5,1
2014100075114,1,9,0,18,0,8,0,0,0,0,1,1,6,1,19,4,1598,2,3,10,1
2014100075114,2,9,0,3,0,1,0,0,0,0,2,1,6,1,33,6,-1,-1,-1,8,2
2014100075514,1,9,0,18,0,0,0,0,0,0,3,1,6,2,63,9,2179,2,4,3,1
2014100075914,1,9,0,18,0,0,0,0,0,0,1,1,6,2,41,7,1360,1,12,-1,-1
2014100075914,2,9,0,18,0,0,0,0,0,0,1,1,6,1,23,5,1598,1,7,-1,-1
2014100076014,1,9,0,18,0,0,0,0,2,7,0,1,6,2,22,5,1368,1,5,5,1
2014100076014,2,9,0,18,0,0,0,0,0,0,2,1,6,2,46,8,998,1,14,1,1
2014100076114,1,1,0,18,0,6,1,0,0,0,1,1,1,2,14,3,-1,-1,-1,9,3
2014100076114,2,19,0,18,0,8,0,0,0,0,4,1,1,1,64,9,2298,2,2,-1,-1
2014100076214,1,9,0,18,0,0,0,0,0,0,4,1,6,1,45,7,1560,2,4,1,1
2014100076414,1,11,0,4,0,1,0,0,0,0,0,1,1,1,28,6,6871,2,15,1,1
2014100076614,1,9,0,18,0,1,0,0,0,0,4,1,2,2,48,8,1386,1,11,3,1
2014100076714,1,19,0,7,0,6,0,0,0,0,1,1,1,1,25,5,1995,2,2,-1,-1
2014100076714,2,9,0,18,0,8,0,0,0,0,2,1,1,1,28,6,1896,2,12,5,1
2014100076814,1,9,0,16,0,2,5,0,7,0,2,1,6,2,24,5,1598,1,11,1,1
2014100076914,1,9,0,18,0,0,0,0,0,0,1,1,2,2,39,7,1396,1,2,10,1
2014100077014,1,9,0,5,0,2,0,0,0,0,1,1,6,1,25,5,1799,1,6,1,1
2014100077314,1,9,0,18,0,1,0,0,0,0,1,1,6,3,-1,-1,-1,-1,-1,-1,-1
2014100077314,2,9,0,3,0,3,0,0,0,0,1,1,2,2,27,6,1896,2,10,1,1
2014100077614,1,9,0,9,0,8,0,0,1,11,4,1,6,1,18,4,1229,1,6,8,3
2014100077714,1,11,0,9,0,1,0,0,0,0,3,1,1,1,53,8,6800,2,5,1,1
2014100077814,1,3,0,18,0,8,1,0,0,0,4,1,1,1,35,6,124,1,11,2,1
2014100077914,1,9,0,14,0,0,0,0,0,0,4,1,6,3,-1,-1,-1,-1,-1,-1,-1
2014100078014,1,9,0,1,9,2,0,0,0,0,2,1,1,2,27,6,1461,2,7,1,1
2014100078114,1,9,0,4,0,0,0,0,0,0,1,1,6,1,25,5,1870,2,10,2,1
2014100078114,2,9,0,3,0,0,0,0,0,0,2,1,6,1,50,8,998,1,1,4,1
2014100078314,1,9,0,18,0,1,0,0,0,0,1,1,6,2,20,4,998,1,1,7,2
2014100078314,2,9,0,3,0,1,0,0,0,0,2,1,6,2,50,8,875,1,3,1,1
2014100078514,1,9,0,9,0,6,0,0,0,0,0,1,6,3,-1,-1,-1,-1,-1,-1,-1
2014100078514,2,9,0,18,0,8,0,0,0,0,0,1,1,1,35,6,1686,2,2,-1,-1
2014100079014,1,21,0,18,0,0,2,0,1,11,4,2,1,1,55,8,-1,-1,-1,-1,-1
2014100079014,2,9,0,18,0,0,0,0,0,0,0,1,6,1,21,5,1686,2,5,7,3
2014100079214,1,9,0,17,0,0,2,0,1,0,4,1,2,2,58,9,1242,1,4,6,3
2014100079414,1,9,0,17,0,0,0,0,0,0,0,1,6,3,-1,-1,-1,-1,-1,-1,-1
2014100079414,2,9,0,18,0,0,2,0,7,11,1,1,2,1,30,6,1242,1,5,7,1
2014100079514,1,9,0,18,0,0,0,0,2,7,1,1,6,2,28,6,1598,1,10,4,1
2014100079714,1,9,0,18,0,0,0,0,0,0,1,1,6,1,75,10,2179,2,12,6,3
2014100079714,2,1,0,18,0,0,0,0,1,0,2,1,6,1,41,7,-1,-1,-1,7,2
2014100080014,1,9,0,18,0,0,0,0,0,0,1,1,6,3,-1,-1,-1,-1,-1,-1,-1
2014100080414,1,9,0,18,0,1,0,0,0,0,1,1,2,2,67,10,998,1,-1,5,1
2014100080914,1,9,0,18,0,0,1,0,0,4,1,1,3,2,27,6,1598,1,14,3,1
2014100081414,1,9,0,12,0,0,1,0,0,0,1,1,6,1,22,5,1124,1,12,3,1
2014100081414,2,2,0,18,0,0,0,0,0,0,2,1,6,1,29,6,49,1,4,1,1
2014100081514,1,9,0,9,0,6,0,0,0,0,1,1,6,1,70,10,1298,1,2,3,2
2014100081514,2,9,0,18,0,8,1,0,7,0,4,1,6,2,48,8,-1,-1,-1,8,2
2014100081914,1,9,0,18,0,1,0,0,0,0,1,1,1,2,54,8,1198,1,1,-1,1
2014100081914,2,9,0,3,0,1,0,0,0,0,2,1,6,2,48,8,2720,2,9,-1,-1
2014100082414,1,9,0,18,0,0,0,0,0,0,1,1,6,1,63,9,1296,1,6,6,1
2014100082714,1,9,0,18,0,8,0,0,0,0,1,1,6,1,28,6,1389,1,10,4,1
2014100083014,1,9,0,18,0,0,0,0,0,0,1,1,6,1,54,8,2148,2,8,7,1
2014100083014,2,9,0,4,0,0,0,0,0,0,2,1,2,2,23,5,2148,2,7,1,1
2014100083114,1,9,0,1,0,1,0,0,0,0,2,1,6,1,-1,-1,2497,2,12,2,1
2014100083114,2,9,0,2,0,2,0,0,0,0,0,1,6,3,-1,-1,-1,-1,-1,-1,-1
2014100083214,1,9,0,18,0,1,0,0,0,0,2,1,2,1,36,7,1560,2,7,4,1
2014100083214,2,9,0,18,0,1,0,0,0,0,1,1,2,2,31,6,1490,1,3,3,1
2014100083314,1,11,0,18,0,1,0,0,0,0,0,1,1,1,57,9,6700,2,4,1,1
2014100083714,1,19,0,16,0,0,0,0,0,0,1,1,1,1,25,5,1753,2,7,5,2
2014100083714,2,19,0,3,0,0,0,0,0,0,2,1,1,1,40,7,1560,2,2,-1,1
2014100083714,3,9,0,3,0,0,0,0,0,0,2,1,6,2,45,7,1999,1,4,10,2
2014100083714,4,9,0,3,0,0,0,0,0,0,2,1,6,2,50,8,1753,2,7,7,2
2014100084214,1,9,0,18,0,1,0,0,0,0,1,1,6,2,34,6,1242,1,2,4,3
2014100084214,2,9,0,4,0,1,0,0,0,0,2,1,6,2,30,6,1910,2,6,7,2
2014100084314,1,9,0,18,0,1,0,0,0,0,1,1,6,2,47,8,1364,1,7,9,1
2014100084314,2,9,0,3,0,1,0,0,0,0,2,1,6,2,24,5,1229,1,7,1,1
2014100084514,1,9,0,9,0,5,0,0,0,0,1,1,6,1,49,8,-1,-1,-1,6,1
2014100084514,2,9,0,18,0,8,0,0,0,0,1,1,6,1,24,5,1596,1,13,3,1
2014100084714,1,9,0,18,0,0,0,0,1,0,2,1,6,1,45,7,2993,2,-1,2,1
2014100084814,1,9,0,17,0,0,1,0,7,0,1,1,6,1,38,7,1896,2,12,4,1
2014100084814,2,9,0,16,0,0,0,0,0,0,1,1,6,2,46,8,1364,2,5,8,2
2014100084914,1,9,0,6,0,2,0,0,0,0,3,1,6,1,76,11,1461,2,1,8,1
2014100084914,2,9,0,13,0,2,0,0,0,0,1,1,1,1,50,8,-1,-1,-1,-1,-1
2014100085014,1,9,0,18,0,0,0,0,0,0,0,1,6,1,35,6,-1,-1,-1,5,1
2014100085014,2,9,0,18,0,0,0,0,0,0,0,1,6,2,26,6,1242,1,3,4,1
2014100085214,1,9,0,9,0,6,0,0,0,0,3,1,2,1,25,5,1984,2,8,1,1
2014100085214,2,3,0,18,0,8,0,0,0,0,1,1,2,1,35,6,124,1,11,2,1
2014100085314,1,9,0,18,0,0,0,0,0,0,3,1,6,2,26,6,1124,1,12,4,1
2014100085714,1,1,0,18,0,0,0,0,0,0,1,1,6,1,43,7,-1,-1,-1,2,1
2014100085714,2,20,0,2,0,0,0,0,0,0,2,1,6,1,41,7,7790,2,9,-1,-1
2014100085814,1,9,0,9,0,5,0,0,0,0,1,1,6,3,-1,-1,-1,-1,-1,-1,-1
2014100085814,2,1,0,18,0,8,0,0,0,0,3,1,2,1,41,7,-1,-1,-1,2,1
2014100085914,1,9,0,5,0,0,0,0,0,0,4,1,1,3,-1,-1,-1,-1,-1,-1,-1
2014100086214,1,11,0,18,0,1,1,0,0,0,0,1,1,1,51,8,-1,2,12,1,1
2014100086314,1,9,0,1,0,0,0,0,0,0,2,1,6,1,59,9,1896,2,12,1,1
2014100086514,1,9,0,18,0,1,0,0,0,0,1,1,6,3,-1,-1,-1,-1,-1,-1,-1
2014100086514,2,1,0,18,0,1,0,0,0,0,1,1,6,1,12,3,-1,-1,-1,-1,1
2014100086614,1,1,0,18,0,8,0,0,0,0,1,1,4,1,12,3,-1,-1,-1,4,1
2014100086614,2,9,0,18,0,8,0,0,0,0,1,1,6,1,46,8,1587,1,7,8,1
2014100086714,1,9,0,18,0,1,0,0,0,0,1,1,6,2,33,6,2231,2,-1,2,1
2014100086714,2,9,0,3,0,1,0,0,0,0,2,1,6,1,52,8,1461,2,9,2,1
2014100086714,3,9,0,3,0,1,0,0,0,0,2,1,6,1,46,8,1791,8,3,7,1
2014100086714,4,9,0,3,0,1,0,0,0,0,2,1,6,1,50,8,1997,2,3,2,1
2014100086814,1,11,0,18,0,0,0,0,0,0,0,1,1,1,61,9,9360,2,-1,2,3
2014100087314,1,9,0,9,0,6,0,0,0,0,1,1,6,1,43,7,1198,1,11,1,1
2014100087314,2,11,0,17,0,1,0,0,0,0,1,1,6,1,55,8,9360,2,-1,3,1
2014100087714,1,3,0,18,0,8,0,0,0,10,3,1,6,1,22,5,124,1,2,8,1
2014100087914,1,9,0,17,0,8,1,0,7,1,1,1,6,1,18,4,1242,1,9,5,3
2014100088114,1,9,0,4,0,1,1,0,0,0,1,1,6,2,50,8,1149,1,11,4,1
2014100088114,2,3,0,18,0,8,0,0,0,0,4,1,6,1,20,4,124,1,4,2,1
2014100088414,1,9,0,9,0,8,0,0,1,0,4,1,6,3,-1,-1,1229,1,4,-1,-1
2014100088514,1,9,0,18,0,8,0,0,7,0,1,1,6,2,21,5,1396,1,13,6,1
2014100088514,2,9,0,18,0,8,0,0,0,0,0,1,6,2,62,9,2435,1,14,9,1
2014100088514,3,9,0,18,0,8,0,0,0,0,0,1,6,3,-1,-1,1600,2,3,-1,-1
2014100088714,1,9,0,16,0,0,0,0,0,0,3,1,6,1,22,5,1794,1,11,8,3
2014100088714,2,9,0,17,0,0,0,0,0,0,3,1,1,1,56,9,-1,-1,-1,2,1
2014100089214,1,9,0,9,0,6,0,0,0,0,1,1,6,1,44,7,1398,1,1,9,2
2014100089214,2,9,0,18,0,8,0,0,0,0,1,1,6,1,55,8,1997,2,5,3,1
2014100090014,1,9,0,9,0,6,0,0,0,0,3,1,6,1,81,11,1497,1,9,2,1
2014100090014,2,9,0,18,0,8,0,0,0,0,4,1,6,1,45,7,1896,2,14,3,1
2014100090214,1,9,0,18,0,8,0,0,0,0,1,1,6,2,42,7,1997,2,10,2,1
2014100090214,2,19,0,18,0,8,0,0,0,0,1,1,1,1,61,9,2198,2,4,9,1
2014100090414,1,9,0,18,0,0,0,0,0,10,1,2,6,1,73,10,1995,2,3,9,1
2014100090614,1,9,0,4,0,1,1,0,0,0,2,1,6,1,55,8,2967,2,8,3,1
2014100090614,2,1,0,18,0,1,1,0,0,0,1,1,2,1,35,6,-1,-1,-1,10,1