Accident_Index,Vehicle_Reference,Vehicle_Type,Towing_and_Articulation,Vehicle_Manoeuvre,Vehicle_Location-Restricted_Lane,Junction_Location,Skidding_and_Overturning,Hit_Object_in_Carriageway,Vehicle_Leaving_Carriageway,Hit_Object_off_Carriageway,1st_Point_of_Impact,Was_Vehicle_Left_Hand_Drive?,Journey_Purpose_of_Driver,Sex_of_Driver,Age_of_Driver,Age_Band_of_Driver,Engine_Capacity_(CC),Propulsion_Code,Age_of_Vehicle,Driver_IMD_Decile,Driver_Home_Area_Type
2014100204014,1,9,0,18,0,1,0,0,0,0,4,1,6,1,57,9,1951,2,13,3,1
2014100204314,1,11,0,5,0,1,0,0,0,0,4,1,1,1,36,7,6700,2,6,2,1
2014100204514,1,3,0,18,0,0,0,5,0,0,3,1,1,1,29,6,125,1,2,7,1
2014100204714,1,9,0,9,0,5,0,0,0,0,3,1,6,1,33,6,1396,1,10,9,3
2014100204714,2,1,0,18,0,1,0,0,0,0,1,1,6,1,58,9,-1,-1,-1,9,3
2014100205014,1,19,0,18,0,2,0,0,0,0,1,1,1,1,40,7,1248,2,2,2,1
2014100205014,2,9,0,2,0,2,0,0,0,0,2,1,6,2,-1,-1,1596,1,13,7,1
2014100205214,1,9,0,18,0,3,0,0,0,0,1,1,6,3,-1,-1,-1,-1,-1,-1,-1
2014100205214,2,9,0,3,0,3,0,0,0,0,2,1,6,2,33,6,1360,1,11,2,1
2014100205414,1,9,0,9,0,5,0,0,0,1,4,1,6,1,36,7,1328,1,3,3,1
2014100205614,1,9,0,18,0,0,0,0,0,0,4,1,6,3,-1,-1,-1,-1,-1,-1,-1
2014100205714,1,11,0,18,0,0,0,0,0,0,0,1,1,1,39,7,6692,2,2,4,1
2014100205714,2,9,0,6,0,0,0,0,0,0,0,1,6,3,-1,-1,-1,-1,-1,-1,-1
2014100206014,1,9,0,4,0,1,0,0,0,0,1,1,6,2,61,9,1984,1,11,9,1
2014100206014,2,9,0,8,0,4,0,0,0,0,2,1,6,2,23,5,998,1,6,5,1
2014100206114,1,9,0,18,0,0,0,4,0,0,1,1,6,1,72,10,1198,1,2,4,1
2014100206114,2,9,0,2,0,0,0,0,0,0,2,1,6,2,32,6,-1,-1,-1,3,1
2014100206214,1,1,0,18,0,6,0,0,0,0,1,1,6,1,25,5,-1,-1,-1,2,1
2014100206214,2,9,0,18,0,8,0,0,0,0,3,1,6,2,56,9,1242,1,1,6,1
2014100206314,1,9,0,11,0,1,0,0,0,0,0,1,6,3,-1,-1,-1,-1,-1,-1,-1
2014100206314,2,9,0,18,0,1,0,10,1,10,1,1,3,2,30,6,1124,1,12,1,1
2014100206714,1,9,0,18,0,0,0,0,0,0,1,1,6,2,23,5,-1,-1,-1,4,3
2014100206714,2,9,0,3,0,0,0,0,0,0,2,1,6,1,66,10,1598,2,2,6,2
2014100206714,3,9,0,3,0,0,0,0,0,0,2,1,6,1,57,9,2199,2,3,8,1
2014100207114,1,3,0,18,0,1,0,0,0,0,3,1,6,1,19,4,124,1,5,5,1
2014100207114,2,9,0,18,0,2,0,0,0,0,3,1,6,2,75,10,1560,2,2,6,3
2014100207214,1,11,0,18,0,0,0,0,0,0,1,1,1,1,48,8,6700,2,6,-1,-1
2014100207314,1,9,0,16,0,0,1,0,0,0,1,1,6,1,37,7,1910,2,10,-1,1
2014100207314,2,9,0,17,0,0,0,0,0,0,3,1,6,1,70,10,1998,8,-1,7,1
2014100207414,1,9,0,18,0,0,0,0,0,0,4,1,6,3,-1,-1,-1,-1,-1,-1,-1
2014100207514,1,9,0,18,0,1,0,0,0,0,1,1,1,1,64,9,-1,-1,-1,7,1
2014100207514,2,9,0,3,0,1,0,0,0,0,2,1,6,2,20,4,1999,1,6,3,1
2014100207714,1,9,0,7,0,5,0,0,0,1,1,1,6,1,19,4,998,1,10,4,1
2014100207914,1,9,0,12,0,2,0,0,0,0,3,1,6,2,60,9,1870,2,11,5,1
2014100207914,2,9,0,18,0,2,0,0,0,0,4,1,6,2,60,9,1360,1,5,6,1
2014100208214,1,9,0,18,2,8,0,0,0,0,0,1,6,2,24,5,1596,1,11,-1,-1
2014100208214,2,11,0,18,2,2,0,0,0,0,0,1,1,1,60,9,9360,2,-1,1,1
2014100208314,1,9,0,18,0,2,0,0,0,0,1,1,6,1,26,6,1998,2,10,1,1
2014100208714,1,9,0,13,0,0,0,0,0,0,1,1,6,2,55,8,1896,2,12,5,1
2014100208714,2,9,0,18,0,0,0,0,1,4,1,1,1,1,43,7,2494,2,3,6,3
2014100208814,1,9,0,18,0,8,0,0,0,0,3,1,2,1,60,9,1998,2,4,6,1
2014100208814,2,5,0,18,0,8,0,0,0,0,4,1,6,1,50,8,650,1,11,1,1
2014100208914,1,9,0,9,0,1,0,0,0,0,1,1,6,1,62,9,1364,1,5,4,1
2014100208914,2,9,0,18,0,1,0,0,0,0,1,1,6,1,66,10,1390,1,1,8,1
2014100209014,1,20,0,18,0,0,0,0,0,0,0,1,1,1,60,9,2998,2,1,3,1
2014100209014,2,9,0,18,0,0,0,10,1,0,1,1,6,2,63,9,1997,1,-1,10,2
2014100209214,1,9,0,3,0,0,0,0,0,0,1,1,6,3,-1,-1,-1,-1,-1,-1,-1
2014100209414,1,9,0,18,0,0,0,4,0,0,1,1,6,2,83,11,1598,1,7,7,1
2014100209414,2,9,0,2,0,0,0,0,0,0,2,1,6,1,-1,-1,1956,2,1,4,1
2014100209514,1,9,0,18,0,0,0,0,0,0,1,1,6,1,-1,-1,1598,1,10,-1,-1
2014100209514,2,9,0,18,0,0,0,0,0,0,2,1,6,1,21,5,1124,1,11,-1,-1
2014100209614,1,9,0,13,0,1,0,0,0,0,1,1,1,1,29,6,1598,2,2,-1,1
2014100209614,2,9,0,9,0,1,0,0,0,0,2,1,6,2,49,8,1753,2,12,3,1
2014100209814,1,9,0,18,0,8,0,0,0,0,3,1,1,2,43,7,1686,2,2,1,1
2014100209814,2,3,0,18,0,8,0,0,0,0,1,1,6,1,21,5,-1,-1,-1,1,1
2014100210014,1,9,0,9,0,4,0,0,0,0,0,1,6,2,48,8,1229,1,4,1,2
2014100210014,2,5,0,18,0,8,0,0,0,0,3,1,6,1,55,8,-1,-1,-1,-1,-1
2014100210414,1,9,0,3,0,1,0,0,0,0,1,1,1,1,63,9,1796,1,12,5,2
2014100210414,2,9,0,3,0,1,0,0,0,0,2,1,1,2,24,5,1349,1,6,8,1
2014100210614,1,9,0,9,0,5,0,0,7,11,1,1,6,2,27,6,-1,-1,-1,-1,1
2014100210614,2,9,0,18,0,8,0,0,0,0,1,1,2,1,54,8,1970,1,10,3,1
2014100210814,1,9,0,18,0,1,0,0,0,0,4,1,6,3,-1,-1,-1,-1,-1,-1,-1
2014100210814,2,16,0,18,0,1,0,0,0,0,3,1,6,2,19,4,-1,-1,-1,-1,-1
2014100210914,1,9,0,18,0,8,0,0,2,5,1,1,6,2,26,6,1248,1,2,7,1
2014100211014,1,5,0,18,0,1,1,0,0,0,1,1,6,1,45,7,644,1,6,-1,3
2014100211014,2,9,0,9,0,5,0,0,0,0,3,1,6,1,42,7,2204,2,7,-1,1
2014100211014,3,9,0,3,0,1,0,0,0,0,0,1,6,1,-1,-1,-1,-1,-1,5,2
2014100211814,1,9,0,18,0,0,0,0,0,0,1,1,2,1,40,7,1200,1,-1,1,1
2014100211814,2,9,0,18,0,0,0,0,0,0,2,1,2,1,18,4,1399,2,2,-1,-1
2014100212014,1,9,0,18,0,0,0,0,0,0,1,1,6,2,51,8,1995,2,10,3,3
2014100212014,2,9,0,4,0,0,0,0,0,0,2,1,6,1,58,9,1398,2,12,9,1
2014100212014,3,9,0,4,0,0,0,0,0,0,2,1,6,2,26,6,1598,1,1,5,1
2014100212014,4,9,0,4,0,0,0,0,0,0,2,1,6,1,68,10,2993,2,4,6,3
2014100212114,1,3,0,18,0,1,0,0,7,0,4,1,6,1,17,4,49,1,7,3,1
2014100212114,2,9,0,9,0,1,0,0,0,0,3,1,6,1,20,4,1896,2,12,1,1
2014100212214,1,9,0,18,0,8,0,0,0,0,4,1,6,1,42,7,1598,1,7,2,1
2014100212314,1,9,0,18,0,0,0,0,0,0,1,1,6,3,-1,-1,-1,-1,-1,-1,-1
2014100212914,1,9,0,18,0,1,0,0,0,0,1,1,6,1,37,7,1398,1,14,4,1
2014100212914,2,9,0,8,0,1,0,0,0,0,2,1,6,1,23,5,1197,1,3,3,1
2014100213114,1,9,0,18,0,0,0,0,0,0,4,1,6,3,-1,-1,-1,-1,-1,-1,-1
2014100213114,2,1,0,18,0,0,0,0,0,0,2,1,6,2,10,2,-1,-1,-1,1,1
2014100213514,1,9,0,18,0,8,0,0,0,0,1,1,6,3,-1,-1,-1,-1,-1,-1,-1
2014100213514,2,1,0,18,0,8,0,0,0,0,2,1,6,1,14,3,-1,-1,-1,1,1
2014100213614,1,11,0,4,2,0,0,0,0,0,0,1,1,1,60,9,9000,2,7,-1,-1
2014100213814,1,9,0,18,0,0,0,0,0,0,4,1,6,3,-1,-1,-1,-1,-1,-1,-1
2014100213914,1,9,0,18,0,0,0,0,0,0,4,1,6,1,32,6,1798,2,12,-1,1
2014100213914,2,9,0,18,0,0,0,0,0,0,3,1,6,2,24,5,1410,2,10,4,1
2014100214214,1,9,0,18,0,0,2,10,2,0,3,1,6,1,17,4,1242,1,9,2,1
2014100214414,1,9,0,5,0,1,0,0,0,0,3,1,6,2,71,10,2656,1,8,7,2
2014100214414,2,1,0,18,9,8,0,0,0,0,1,1,6,1,16,4,-1,-1,-1,5,2
2014100214514,1,9,0,5,0,6,0,0,0,0,1,1,6,2,78,11,796,1,12,9,2
2014100214514,2,9,0,18,0,8,0,0,0,0,3,1,6,1,34,6,1248,2,7,2,1
2014100214614,1,19,0,18,0,1,0,0,0,0,1,1,6,1,56,9,-1,-1,-1,5,1
2014100214614,2,9,0,3,0,1,0,0,0,0,2,1,6,2,20,4,-1,-1,-1,2,1
2014100215114,1,9,0,14,0,0,0,0,0,0,0,1,6,3,-1,-1,-1,-1,-1,-1,-1
2014100215114,2,1,0,18,0,0,0,10,1,0,4,1,6,1,40,7,-1,-1,-1,-1,-1
2014100215314,1,9,0,18,0,1,0,0,0,0,1,1,6,2,51,8,1242,1,2,3,2
2014100215314,2,9,0,5,0,1,0,0,0,0,2,1,6,2,20,4,1299,1,13,2,1
2014100215414,1,9,0,7,0,6,0,0,0,0,1,1,2,1,60,9,-1,-1,-1,2,1
2014100215414,2,1,0,18,0,8,0,0,0,0,4,1,2,1,33,6,-1,-1,-1,3,1
2014100215614,1,9,0,18,0,0,0,0,0,0,1,1,6,3,-1,-1,2544,1,14,-1,-1
2014100215614,2,9,0,18,0,0,0,0,0,0,2,1,2,1,46,8,1598,1,8,9,1
2014100215714,1,9,0,18,0,8,0,0,0,0,1,1,6,1,20,4,998,1,15,2,1
2014100215714,2,9,0,5,0,6,0,0,0,4,3,1,6,1,36,7,1398,2,8,3,2
2014100215914,1,19,0,18,0,0,0,0,0,0,3,1,6,1,54,8,2198,2,7,7,1
2014100216114,1,9,4,17,0,0,0,0,0,0,2,1,6,3,-1,-1,-1,-1,-1,-1,-1
2014100216114,2,1,0,17,0,0,0,0,0,0,1,1,6,2,39,7,-1,-1,-1,9,1
2014100216314,1,9,0,18,0,1,0,0,0,0,1,1,6,1,31,6,1598,1,6,3,1
2014100216314,2,9,0,3,0,1,0,0,0,0,2,1,6,2,49,8,1598,2,3,5,2
2014100216514,1,9,0,18,0,1,0,0,0,0,1,1,6,1,67,10,1896,2,10,8,1
2014100216514,2,9,0,3,0,1,0,0,0,0,2,1,6,2,50,8,1299,1,9,5,2
2014100216614,1,9,0,18,0,8,0,0,0,0,1,1,2,1,29,6,-1,-1,-1,4,2
2014100216614,2,1,0,18,0,8,0,0,0,0,2,1,6,1,58,9,-1,-1,-1,1,1
2014100217114,1,9,0,18,0,0,0,0,0,0,1,1,1,1,40,7,1995,2,2,4,1
2014100217514,1,9,0,18,0,0,0,0,2,11,1,1,2,2,47,8,1560,2,2,2,1
2014100217614,1,9,0,18,0,0,0,0,0,0,1,1,6,2,18,4,1229,1,9,2,2
2014100217614,2,9,0,4,0,0,0,0,0,0,2,1,6,1,19,4,1586,1,1,1,1
2014100217614,3,9,0,4,0,0,0,0,0,0,2,1,6,1,58,9,1242,1,3,1,1
2014100217614,4,9,0,4,0,0,0,0,0,0,2,1,6,1,50,8,1968,2,3,7,1
2014100218014,1,9,0,6,0,2,0,0,0,0,4,1,6,3,-1,-1,1587,1,12,-1,-1
2014100218014,2,1,0,18,0,2,0,0,0,0,1,1,6,1,30,6,-1,-1,-1,7,1
2014100218314,1,9,0,9,0,8,0,0,0,0,1,1,2,1,44,7,1956,2,1,-1,-1
2014100218314,2,3,0,18,0,1,0,0,0,0,1,1,2,1,21,5,-1,-1,-1,-1,-1
2014100218914,1,19,0,18,0,8,0,0,0,0,1,1,6,1,60,9,-1,-1,-1,9,1
2014100218914,2,9,0,4,0,8,0,0,0,0,2,1,6,1,67,10,3600,1,11,10,3
2014100219314,1,9,0,5,0,8,0,0,0,0,1,1,6,2,38,7,1497,8,8,2,1
2014100219314,2,9,0,18,0,8,0,0,0,0,1,1,6,1,23,5,1796,1,8,2,1
2014100219514,1,19,0,7,0,6,0,0,0,0,1,1,1,1,24,5,1870,2,8,4,1
2014100219514,2,9,0,18,0,8,0,0,7,0,1,1,6,1,72,10,1461,2,6,5,1
2014100219614,1,9,0,18,0,1,0,0,0,0,1,1,2,1,53,8,1896,2,11,3,1
2014100219614,2,9,0,3,0,1,0,0,0,0,2,1,3,2,34,6,1968,2,5,6,1
2014100219714,1,9,0,18,0,1,0,0,0,0,1,1,6,2,21,5,1242,1,1,10,1
2014100219714,2,9,0,3,0,1,0,0,0,0,2,1,6,1,59,9,1956,2,2,7,3
2014100219914,1,9,0,18,0,1,0,0,0,0,1,1,6,1,22,5,-1,-1,-1,3,1
2014100219914,2,9,0,10,0,1,0,0,0,0,2,1,6,1,19,4,1598,2,2,9,3
2014100220114,1,9,0,18,0,0,1,0,0,6,1,1,6,1,72,10,1896,2,10,7,1
2014100220414,1,9,0,7,0,5,0,0,0,0,4,1,6,1,67,10,2696,2,6,9,1
2014100220414,2,1,0,18,0,1,0,0,0,0,1,1,6,1,55,8,-1,-1,-1,10,1
2014100220614,1,3,0,18,0,1,1,0,0,0,1,1,6,1,24,5,125,1,3,2,1
2014100220614,2,9,0,4,0,1,0,0,0,0,3,1,6,2,19,4,1242,1,6,3,1
2014100220814,1,9,0,5,0,6,0,0,0,0,1,1,1,1,45,7,-1,-1,-1,7,1
2014100221114,1,9,0,18,0,0,0,0,0,0,1,1,6,3,-1,-1,-1,-1,-1,-1,-1
2014100221214,1,1,0,18,0,8,0,0,0,0,1,1,6,1,59,9,-1,-1,-1,-1,-1
2014100221214,2,9,0,5,0,8,0,0,0,0,1,1,6,1,49,8,1596,1,3,1,1
2014100221914,1,9,0,18,0,2,0,0,0,0,1,1,1,1,58,9,1995,2,3,6,3
2014100221914,2,9,0,18,0,8,0,0,0,0,3,1,1,1,37,7,1796,1,13,7,1
2014100222114,1,9,0,18,0,0,1,0,1,0,1,1,6,2,25,5,1461,2,2,9,1
2014100222214,1,9,0,16,0,0,0,0,0,0,1,1,6,2,45,7,1120,2,2,7,1
2014100222214,2,9,0,17,0,0,0,0,0,0,1,1,6,1,63,9,1328,1,4,7,1
2014100222914,1,9,0,18,0,4,0,0,0,0,1,1,2,1,52,8,1339,1,1,7,1
2014100222914,2,3,0,9,0,8,0,0,0,0,2,1,2,1,45,7,-1,-1,-1,1,1
2014100223214,1,9,0,18,0,1,0,0,0,0,4,1,6,3,-1,-1,-1,-1,-1,-1,-1
2014100223314,1,9,0,18,0,1,0,0,0,0,1,1,6,1,62,9,1390,1,5,6,1
2014100223314,2,9,0,3,0,1,0,0,0,0,2,1,6,2,71,10,1560,2,4,2,3
2014100223414,1,21,0,17,0,0,0,0,0,0,0,1,1,1,56,9,-1,2,11,5,3
2014100223514,1,11,0,18,2,0,0,0,0,0,0,1,1,2,58,9,9200,2,7,-1,2
2014100223614,1,9,0,18,0,0,2,0,8,11,1,1,6,1,25,5,1461,2,12,6,1
2014100223614,2,9,0,18,0,0,0,0,0,0,1,1,6,2,57,9,1598,2,2,-1,3
2014100223714,1,9,0,9,0,5,0,0,1,9,1,1,6,1,32,6,3960,1,18,3,1
2014100224114,1,9,0,5,0,0,0,0,0,0,0,1,6,3,-1,-1,-1,-1,-1,-1,-1
2014100224114,2,8,0,18,0,0,0,0,0,0,0,1,6,1,66,10,1997,2,3,7,1
2014100224314,1,9,0,9,0,5,0,0,0,0,1,1,6,2,51,8,1794,1,10,9,1
2014100224314,2,9,0,18,0,8,0,0,0,0,3,1,6,2,60,9,1968,2,8,7,1
2014100224414,1,9,0,1,0,0,0,0,0,0,3,1,6,3,-1,-1,-1,-1,-1,-1,-1
2014100224714,1,9,0,18,0,1,0,0,0,0,2,1,6,3,-1,-1,-1,-1,-1,-1,-1
2014100224714,2,9,0,3,0,1,0,0,0,0,2,1,2,2,28,6,1598,2,2,10,1
2014100224814,1,3,0,18,0,0,1,0,0,0,1,1,2,1,22,5,-1,-1,-1,2,1
2014100224814,2,9,0,3,0,0,0,0,0,0,2,1,2,1,33,6,1598,1,1,1,1
2014100225014,1,9,0,18,0,1,0,0,0,0,1,1,6,1,76,11,1398,2,10,2,1
2014100225014,2,9,0,3,0,1,0,0,0,0,2,1,6,1,71,10,998,1,8,2,1
2014100225114,1,1,0,18,0,0,0,0,0,0,1,1,6,1,46,8,-1,-1,-1,5,1
2014100225314,1,9,0,18,0,0,0,0,0,0,2,1,6,2,48,8,1242,1,13,6,1
2014100225314,2,9,0,11,0,0,0,0,0,0,1,1,6,2,27,6,1995,2,4,1,1
2014100225414,1,9,0,9,0,5,0,0,0,1,1,1,1,1,39,7,1910,2,8,3,1
2014100225514,1,9,0,9,0,8,0,0,0,0,1,1,6,1,25,5,1998,2,8,2,1
2014100225514,2,9,0,18,0,8,0,0,0,0,1,1,6,2,41,7,998,1,14,3,1
2014100225614,1,9,0,13,0,8,0,0,0,0,1,1,1,1,32,6,-1,-1,-1,-1,-1
2014100225614,2,9,0,9,0,5,0,0,0,0,3,1,6,1,32,6,1598,1,5,2,1
2014100225814,1,1,0,18,0,1,0,0,0,0,2,1,4,1,6,2,-1,-1,-1,4,1
2014100225814,2,19,0,10,0,6,0,0,0,0,4,1,6,1,37,7,-1,-1,-1,4,1
2014100226114,1,9,0,6,0,0,0,0,0,0,3,1,6,2,28,6,1124,1,9,-1,1
2014100226114,2,5,0,18,0,0,0,0,0,0,1,1,6,1,40,7,996,1,16,-1,2
2014100226214,1,9,0,9,0,6,0,0,0,0,4,1,2,1,27,6,1360,1,15,5,1
2014100226214,2,9,0,18,0,8,0,0,0,0,3,1,2,2,36,7,1896,2,9,-1,-1
2014100226214,3,9,0,7,0,6,0,0,0,0,1,1,2,2,33,6,1598,1,8,-1,-1
2014100226814,1,9,0,4,0,1,0,0,0,0,3,1,2,1,20,4,1149,1,1,1,1
2014100226814,2,3,0,3,0,1,5,0,0,0,2,1,2,1,51,8,124,1,3,3,1
2014100226914,1,9,0,18,0,0,0,0,0,0,1,1,2,2,20,4,1248,2,7,2,1
2014100226914,2,9,0,4,0,0,0,0,0,0,2,1,6,2,47,8,1596,1,3,-1,2
2014100226914,3,9,0,4,0,0,0,0,0,0,2,1,6,2,37,7,1560,2,3,3,1
2014100227014,1,9,0,9,0,6,0,0,0,0,4,1,6,1,78,11,1686,2,1,5,2
2014100227014,2,9,0,18,0,8,0,0,0,0,1,1,6,2,23,5,1968,2,1,4,1
2014100227214,1,9,0,4,0,0,0,0,0,0,1,1,6,3,-1,-1,-1,-1,-1,-1,-1
2014100227514,1,9,0,18,0,8,1,0,0,1,1,1,6,1,32,6,-1,-1,-1,5,1
2014100227614,1,9,0,4,0,0,1,0,0,0,1,1,2,1,36,7,-1,-1,-1,9,1
2014100227614,2,19,0,3,0,0,0,0,0,0,2,1,2,1,34,6,1560,2,-1,9,1
2014100227614,3,9,0,3,0,0,0,0,0,0,2,1,2,1,41,7,1956,2,2,3,1
2014100227714,1,9,0,14,0,0,0,0,0,0,4,1,6,3,-1,-1,-1,-1,-1,-1,-1
2014100227714,2,9,0,2,0,0,0,10,0,0,3,1,6,1,45,7,2979,1,10,9,1
2014100228214,1,5,0,17,0,2,1,0,1,11,3,1,6,1,54,8,660,1,5,9,1
2014100228414,1,9,0,18,0,0,0,7,0,10,3,2,1,1,36,7,1598,2,4,2,1
2014100228514,1,3,0,4,0,0,1,0,0,0,0,1,6,1,17,4,99,1,34,7,1
2014100228714,1,9,0,5,0,6,0,0,0,0,3,1,2,1,61,9,1896,2,7,7,3
2014100228714,2,9,0,18,0,1,0,0,0,0,1,1,2,2,48,8,1390,1,3,9,1
2014100229314,1,9,0,18,0,1,0,0,0,0,1,1,6,2,22,5,973,1,11,10,1
2014100229314,2,9,0,3,0,1,0,0,0,0,2,1,6,2,29,6,973,1,13,5,1
2014100229314,3,9,0,3,0,1,0,0,0,0,2,1,6,2,49,8,1596,1,12,7,1
2014100229814,1,9,0,9,0,5,0,0,0,3,0,1,6,1,31,6,1560,2,1,-1,-1
2014100229814,2,9,0,4,0,1,0,0,0,0,1,1,6,1,69,10,2198,1,10,-1,-1
2014100230114,1,9,0,5,0,4,0,0,0,0,1,1,6,1,86,11,1998,1,18,7,1
2014100230114,2,1,0,17,0,8,0,0,0,0,4,1,6,1,46,8,-1,-1,-1,9,1
2014100230214,1,9,0,18,0,0,0,0,7,2,1,1,3,2,33,6,1560,2,8,1,1
2014100230414,1,9,0,18,0,1,0,7,0,0,1,1,6,1,90,11,1399,2,5,7,1
2014100230514,1,9,0,18,0,0,0,10,0,0,1,1,6,1,40,7,2204,2,7,6,1
2014100230714,1,9,0,18,0,0,0,0,0,0,1,1,6,2,77,11,1386,1,2,1,1
2014100230714,2,9,0,2,0,0,0,0,0,0,2,1,6,1,42,7,1956,2,3,3,1
2014100231014,1,1,0,18,0,5,0,0,0,0,1,1,3,1,16,4,-1,-1,-1,3,1
2014100231014,2,19,0,9,0,8,0,0,2,0,4,1,1,1,57,9,2400,2,3,7,1
2014100231114,1,11,0,2,0,0,0,0,0,0,0,1,1,1,47,8,-1,-1,-1,-1,-1
2014100232114,1,11,0,18,0,0,0,0,0,0,1,1,1,1,39,7,9000,2,10,8,1
2014100232414,1,9,0,9,0,8,0,0,0,0,1,1,6,1,19,4,1598,1,13,2,1
2014100232414,2,9,0,9,0,8,0,0,0,0,3,1,6,2,33,6,1248,2,3,-1,-1
2014100232714,1,9,0,18,0,0,0,0,0,0,1,1,6,1,34,6,1560,2,9,3,1
2014100232714,2,19,0,2,0,0,0,0,0,0,2,1,6,3,-1,-1,1998,2,9,-1,-1
2014100232914,1,9,0,18,0,0,0,0,0,0,1,1,6,1,53,8,1796,1,14,7,1
2014100232914,2,9,0,14,0,0,0,0,0,0,2,1,6,1,33,6,1596,1,10,7,1
2014100233014,1,9,0,18,0,0,0,0,0,0,1,1,6,1,43,7,1149,1,8,3,2
2014100233014,2,9,0,3,0,0,0,0,0,0,2,1,6,1,23,5,1560,2,4,2,1
2014100233114,1,9,0,18,0,1,0,0,0,0,1,1,1,1,26,6,1596,1,7,4,2
2014100233114,2,9,0,4,0,1,0,0,0,0,2,1,6,1,24,5,1200,1,13,2,1
2014100233114,3,9,0,4,0,1,0,0,0,0,2,1,1,2,27,6,1149,1,8,3,1
2014100233414,1,9,0,17,0,1,1,0,0,2,1,1,1,1,26,6,1149,1,10,3,2
2014100233914,1,8,0,18,0,0,0,0,0,0,1,1,6,1,49,8,1197,1,3,2,1
2014100234414,1,9,0,16,0,0,0,0,1,2,1,1,6,1,23,5,1560,2,7,-1,1
2014100234514,1,9,0,7,0,6,0,0,0,0,4,1,6,1,23,5,1229,1,9,4,1
2014100234714,1,9,0,18,0,1,0,0,0,0,1,1,6,2,55,8,1399,2,2,3,2
2014100234714,2,9,0,10,0,1,0,0,0,0,2,1,6,2,42,7,1124,1,9,8,2
2014100234814,1,11,0,5,0,0,0,0,0,0,0,1,6,1,48,8,9600,2,16,3,1
2014100234914,1,11,0,5,0,0,0,0,0,0,0,1,1,1,41,7,6370,2,6,2,1
2014100235214,1,9,0,18,0,8,0,0,0,0,3,1,6,1,62,9,1796,1,6,-1,1
2014100235214,2,9,0,18,0,8,0,0,0,0,1,1,6,2,21,5,998,1,6,7,1
2014100235414,1,9,0,18,0,0,0,0,0,0,1,1,6,2,20,4,899,1,1,2,1
2014100235414,2,9,0,2,0,0,0,0,1,0,2,1,6,1,52,8,1796,1,12,3,1
2014100235514,1,5,0,18,0,0,0,0,0,0,1,1,6,3,-1,-1,-1,-1,-1,-1,-1
2014100235514,2,19,0,18,0,0,0,0,0,0,4,1,6,1,29,6,2298,2,3,2,1
2014100235614,1,9,0,9,0,6,0,0,0,0,1,1,6,1,53,8,1997,2,10,4,1
2014100235614,2,9,0,18,0,8,0,0,0,0,2,1,6,1,43,7,1956,2,1,1,1
2014100235814,1,10,0,18,0,8,0,0,0,0,2,1,1,1,54,8,1968,2,2,-1,-1
2014100235814,2,9,0,18,0,8,1,0,0,0,2,1,6,1,47,8,973,1,13,1,1
2014100235914,1,9,0,17,0,0,2,0,7,0,3,1,6,1,26,6,1598,1,7,3,2
2014100236014,1,9,0,18,0,1,0,0,0,0,4,1,6,1,27,6,1896,2,10,-1,-1
2014100236014,2,9,0,9,0,5,0,0,7,0,3,1,6,2,46,8,1299,1,10,3,1
2014100236414,1,9,0,18,0,1,0,0,0,0,1,1,1,3,-1,-1,1910,2,9,-1,-1
2014100236414,2,9,0,3,0,1,0,0,0,0,2,1,6,3,-1,-1,1461,2,3,-1,-1
2014100237114,1,19,0,18,0,1,0,0,0,0,1,1,1,1,46,8,2198,2,8,7,1
2014100237114,2,19,0,3,0,1,0,0,0,0,2,1,1,1,43,7,2198,2,1,3,1
2014100237114,3,9,0,3,0,1,0,0,0,0,2,1,6,2,67,10,1951,2,11,3,1
2014100237114,4,9,0,3,0,1,0,0,0,0,2,1,6,1,42,7,1798,1,7,4,1
2014100237214,1,9,0,7,0,5,0,0,0,0,4,1,6,2,36,7,1360,1,6,3,1
2014100237214,2,1,0,18,0,1,0,0,0,0,1,1,1,1,32,6,-1,-1,-1,8,2
2014100238014,1,9,0,18,0,0,0,0,0,0,0,1,6,2,-1,-1,1229,1,1,-1,-1
2014100238014,2,1,0,18,0,0,0,0,0,0,0,1,6,1,41,7,-1,-1,-1,-1,-1
2014100238514,1,9,0,9,0,6,0,0,0,0,2,1,6,1,19,4,998,1,4,8,1
2014100238514,2,9,0,18,0,8,1,0,7,0,1,1,6,1,20,4,1796,1,9,-1,-1
2014100238714,1,19,0,18,0,0,0,0,0,0,1,1,1,1,37,7,-1,-1,-1,3,1
2014100238714,2,9,0,3,0,0,0,0,0,0,2,1,1,2,21,5,1240,1,4,-1,-1
2014100238714,3,9,0,3,0,0,0,0,0,0,2,1,1,2,41,7,1968,2,1,8,1
2014100239114,1,9,0,3,0,1,0,0,0,0,2,1,2,1,45,7,1896,2,13,3,2
2014100239114,2,9,0,3,0,1,0,0,0,0,2,1,2,2,38,7,1199,1,12,6,2
2014100239114,3,9,0,3,0,1,0,0,0,0,1,1,2,1,26,6,1364,1,4,6,2
2014100239214,1,9,0,7,0,6,0,0,0,0,1,1,1,1,59,9,1396,1,11,7,1