Accident_Index,Vehicle_Reference,Vehicle_Type,Towing_and_Articulation,Vehicle_Manoeuvre,Vehicle_Location-Restricted_Lane,Junction_Location,Skidding_and_Overturning,Hit_Object_in_Carriageway,Vehicle_Leaving_Carriageway,Hit_Object_off_Carriageway,1st_Point_of_Impact,Was_Vehicle_Left_Hand_Drive?,Journey_Purpose_of_Driver,Sex_of_Driver,Age_of_Driver,Age_Band_of_Driver,Engine_Capacity_(CC),Propulsion_Code,Age_of_Vehicle,Driver_IMD_Decile,Driver_Home_Area_Type
2014100239214,2,4,0,18,0,1,0,0,0,0,1,1,6,1,66,10,344,1,4,9,3
2014100239314,1,9,0,2,0,0,0,0,0,0,3,2,6,1,65,9,1149,1,2,2,1
2014100239314,2,1,0,18,0,0,0,0,0,0,4,1,6,1,53,8,-1,-1,-1,5,1
2014100239414,1,9,0,5,0,4,0,10,7,10,1,1,6,1,87,11,1596,1,11,9,2
2014100239614,1,9,0,18,0,2,0,0,1,11,1,1,2,1,20,4,1086,1,9,-1,-1
2014100239714,1,9,0,18,0,0,0,0,0,2,4,1,6,1,33,6,1396,1,16,8,1
2014100239814,1,8,0,7,2,5,0,0,0,0,1,2,1,1,60,9,1560,2,6,4,1
2014100239914,1,3,0,18,0,0,0,0,0,0,1,1,6,1,17,4,125,1,9,3,1
2014100239914,2,9,0,18,0,0,0,0,0,0,3,1,6,1,51,8,1686,2,2,1,1
2014100240014,1,9,0,18,0,1,0,0,0,0,1,1,6,1,24,5,2494,1,25,2,1
2014100240014,2,9,0,4,0,1,0,0,0,0,2,1,6,1,25,5,1149,1,6,3,1
2014100240114,1,9,0,9,0,8,0,0,0,0,1,1,6,1,59,9,1596,1,6,7,1
2014100240114,2,9,0,18,0,8,0,0,1,10,4,1,6,2,39,7,1998,1,15,3,1
2014100240114,3,9,0,2,0,2,0,0,0,0,4,1,6,3,-1,-1,1998,1,6,3,1
2014100241014,1,9,0,18,0,1,0,0,0,0,1,1,2,2,33,6,1198,1,-1,-1,-1
2014100241114,1,9,0,18,0,1,0,0,0,0,1,1,6,1,60,9,1461,2,8,8,1
2014100241114,2,9,0,3,0,1,0,0,0,0,2,1,6,2,33,6,973,1,13,2,1
2014100241214,1,19,0,18,0,8,0,0,0,0,4,1,1,1,64,9,4250,2,10,6,1
2014100241214,2,9,0,18,0,8,0,0,0,10,3,1,6,1,19,4,1388,1,11,1,1
2014100241514,1,9,0,18,0,0,0,0,0,0,4,1,6,1,19,4,1149,1,11,-1,-1
2014100241914,1,9,0,18,0,8,0,0,0,0,1,1,2,1,38,7,1951,2,12,5,1
2014100241914,2,1,0,18,0,8,0,0,0,0,1,1,2,1,40,7,-1,-1,-1,9,1
2014100242014,1,9,0,4,0,1,0,0,0,0,1,1,2,2,31,6,2720,2,8,3,2
2014100242014,2,9,0,3,0,1,0,0,0,0,2,1,2,2,27,6,1149,1,5,2,1
2014100242014,3,9,0,3,0,1,0,0,0,0,2,1,2,1,42,7,2183,2,2,9,1
2014100242014,4,9,0,3,0,1,0,0,0,0,2,1,2,1,66,10,2099,1,9,9,1
2014100242414,1,9,0,7,0,8,0,0,0,0,3,1,6,1,55,8,2199,2,1,4,2
2014100242414,2,1,0,9,0,8,0,0,0,0,1,1,2,1,47,8,-1,-1,-1,3,1
2014100242914,1,9,0,18,0,6,0,0,7,7,1,1,6,1,76,11,1598,1,10,2,1
2014100242914,2,9,0,9,0,8,0,0,0,0,1,1,6,2,33,6,1360,1,11,2,1
2014100243214,1,9,0,18,0,8,0,0,0,0,1,1,6,1,-1,-1,1968,2,6,8,1
2014100243214,2,1,0,18,0,8,0,0,0,0,3,1,2,1,21,5,-1,-1,-1,-1,-1
2014100243414,1,9,0,13,0,0,0,0,7,0,1,1,6,2,68,10,-1,-1,-1,10,2
2014100243414,2,9,0,18,0,0,0,0,0,0,1,1,6,1,68,10,1598,1,-1,5,1
2014100243714,1,3,0,16,0,0,0,0,0,0,3,1,6,2,39,7,124,1,5,2,3
2014100243714,2,11,0,17,0,0,0,0,0,0,3,1,1,1,30,6,6700,2,5,5,1
2014100244314,1,9,0,4,0,8,0,0,0,0,1,1,6,1,77,11,1332,1,17,3,1
2014100244314,2,9,0,3,0,8,0,0,0,0,2,1,6,2,34,6,1686,2,3,3,1
2014100244314,3,19,0,4,0,8,0,0,0,0,1,1,6,2,74,10,-1,-1,-1,3,1
2014100244614,1,1,0,5,0,6,0,0,0,0,1,1,6,1,38,7,-1,-1,-1,6,1
2014100244614,2,9,0,18,0,1,0,0,0,0,3,1,6,1,22,5,1984,1,8,2,1
2014100245614,1,9,0,9,0,6,0,0,0,0,1,1,6,1,56,9,-1,-1,-1,1,1
2014100245614,2,9,0,18,0,8,0,0,0,10,2,1,6,2,27,6,1994,1,11,-1,1
2014100245614,3,9,0,18,0,8,0,0,0,0,0,1,6,1,26,6,1242,1,13,-1,-1
2014100245714,1,9,0,4,0,1,0,0,0,0,1,1,6,1,24,5,1360,1,9,4,1
2014100245714,2,9,0,3,0,1,0,0,0,0,2,1,6,1,45,7,1870,2,8,2,1
2014100245814,1,11,0,3,0,0,0,0,0,0,0,1,1,1,38,7,9600,2,14,3,1
2014100246214,1,19,0,18,0,1,0,0,0,0,1,1,6,3,-1,-1,-1,-1,-1,-1,-1
2014100246214,2,9,0,4,0,1,0,0,0,0,2,1,6,2,27,6,1229,1,1,5,1
2014100246214,3,9,0,4,0,1,0,0,0,0,2,1,2,1,25,5,1124,1,12,4,2
2014100246514,1,1,0,18,0,1,0,0,0,0,1,1,3,2,11,3,-1,-1,-1,-1,-1
2014100246514,2,9,0,7,0,5,0,0,0,0,4,1,6,3,-1,-1,-1,-1,-1,-1,-1
2014100246614,1,11,0,5,0,1,0,0,0,0,0,1,1,1,64,9,7300,2,9,9,1
2014100246714,1,9,0,5,0,1,0,0,0,0,1,1,6,1,75,10,2099,1,11,4,1
2014100246714,2,9,0,3,0,1,0,0,0,0,2,1,6,2,24,5,973,1,12,4,2
2014100246914,1,9,0,18,0,8,0,0,0,0,3,1,6,2,31,6,1560,2,3,2,1
2014100247014,1,9,0,12,0,8,0,0,0,0,0,1,1,1,26,6,1753,2,7,2,1
2014100247014,2,9,0,18,0,8,0,0,0,0,0,1,6,1,39,7,1999,1,10,-1,-1
2014100247214,1,9,0,17,0,1,0,0,0,0,1,1,6,2,60,9,993,1,12,-1,2
2014100247214,2,9,0,3,0,1,0,0,0,0,2,1,6,2,36,7,1596,1,13,9,1
2014100247314,1,9,0,18,0,1,0,0,0,0,1,1,6,1,59,9,2435,1,18,10,1
2014100247314,2,19,0,7,0,5,0,0,0,0,2,1,1,1,56,9,1598,2,3,7,1
2014100247314,3,19,0,8,0,1,0,0,0,0,3,1,1,1,60,9,2198,2,1,-1,2
2014100247414,1,9,0,18,0,6,0,0,0,0,0,1,6,3,-1,-1,-1,-1,-1,-1,-1
2014100247414,2,9,0,18,0,8,0,0,7,11,1,1,6,1,19,4,1229,1,9,4,2
2014100247614,1,9,0,16,0,0,0,0,0,0,1,1,6,2,33,6,2231,2,3,5,3
2014100247614,2,9,0,17,0,0,0,0,0,0,1,1,2,1,31,6,1998,2,12,7,1
2014100247814,1,9,0,18,0,1,0,0,0,0,1,1,6,2,52,8,1560,2,8,7,1
2014100247814,2,9,0,3,0,1,0,0,0,0,2,1,6,2,69,10,1242,1,1,1,2
2014100248114,1,9,0,16,0,0,0,0,0,0,1,1,2,1,31,6,1998,2,13,-1,1
2014100248114,2,19,0,17,0,0,2,0,1,11,1,1,2,1,24,5,2402,2,10,1,1
2014100248214,1,9,0,5,0,2,0,0,0,0,4,1,6,1,69,10,998,1,1,2,1
2014100248214,2,9,0,18,0,2,1,0,0,0,3,1,6,1,33,6,1360,1,14,1,1
2014100248514,1,9,0,18,0,1,0,0,0,0,1,1,6,1,-1,-1,1998,2,6,-1,-1
2014100248514,2,9,0,3,0,1,0,0,0,0,2,1,6,1,44,7,1596,1,8,3,1
2014100248814,1,9,0,4,0,1,0,0,0,0,1,1,6,1,47,8,1364,1,8,1,1
2014100248814,2,9,0,10,0,1,0,0,0,0,2,1,6,1,45,7,2148,2,4,-1,1
2014100249014,1,9,0,18,0,1,0,0,0,0,1,1,6,3,-1,-1,-1,-1,-1,-1,-1
2014100249014,2,8,0,3,0,1,0,0,0,0,2,1,1,1,41,7,1968,2,9,-1,-1
2014100250714,1,1,0,18,0,1,0,0,0,0,1,1,6,1,26,6,-1,-1,-1,3,1
2014100250714,2,9,0,10,0,1,0,0,0,0,2,1,6,2,25,5,998,1,2,4,2
2014100250814,1,9,0,18,0,1,0,0,0,0,1,1,6,3,-1,-1,-1,-1,-1,-1,-1
2014100250814,2,9,0,8,0,1,0,0,0,0,2,1,6,2,56,9,1199,1,13,6,1
2014100251014,1,9,0,9,0,8,1,0,1,2,1,1,1,2,31,6,998,1,2,3,1
2014100251214,1,9,0,5,0,1,0,0,0,0,1,1,1,1,45,7,1956,2,5,4,1
2014100251214,2,9,0,4,0,1,0,0,0,0,2,1,1,2,49,8,2499,2,11,2,1
2014100252114,1,9,0,18,0,8,0,0,0,0,1,1,6,2,52,8,1398,1,2,2,1
2014100252114,2,1,0,18,0,8,0,0,0,0,4,1,6,1,59,9,-1,-1,-1,3,1
2014100252414,1,3,0,4,0,1,1,0,0,0,3,1,2,1,19,4,124,1,5,2,1
2014100252414,2,19,0,3,0,1,0,0,0,0,0,1,1,1,51,8,1248,2,4,7,1
2014100252814,1,9,0,9,0,6,0,0,0,0,1,1,6,1,17,4,899,1,1,8,1
2014100252814,2,9,0,18,0,8,0,0,0,0,2,1,6,1,51,8,1598,1,14,2,1
2014100253314,1,9,0,7,0,6,5,0,0,0,2,1,6,1,24,5,1364,1,8,-1,-1
2014100253314,2,11,0,16,0,1,0,0,0,0,1,1,1,1,54,8,4461,2,1,2,1
2014100253514,1,9,0,17,0,0,0,0,0,0,1,1,6,1,40,7,1796,1,6,4,2
2014100253514,2,1,0,16,0,0,0,0,0,0,1,1,6,1,8,2,-1,-1,-1,4,2
2014100253614,1,19,0,18,0,8,0,0,0,0,1,1,1,1,38,7,-1,-1,-1,7,1
2014100253614,2,1,0,18,0,8,0,0,0,0,1,1,6,1,60,9,-1,-1,-1,7,1
2014100253714,1,9,0,16,0,0,2,10,7,11,1,1,6,1,50,8,1388,1,15,2,1
2014100253814,1,9,0,17,0,0,0,0,1,2,4,1,6,1,60,9,1896,2,5,2,1
2014100254314,1,9,0,9,0,6,0,0,0,0,3,1,6,2,36,7,1968,2,6,5,2
2014100254314,2,5,0,9,0,5,0,0,0,0,1,1,6,1,36,7,781,1,12,9,2
2014100254714,1,9,0,11,0,1,0,0,1,1,4,1,6,1,74,10,1390,1,9,3,1
2014100254714,2,11,0,18,2,1,0,0,1,0,1,1,1,1,40,7,7300,2,9,2,1
2014100254814,1,9,0,18,0,0,0,0,1,0,1,1,1,1,46,8,-1,-1,-1,9,1
2014100254814,2,9,4,18,0,0,0,0,4,6,1,1,1,2,44,7,-1,-1,-1,7,1
2014100255014,1,9,0,9,0,1,0,0,0,0,1,1,6,1,30,6,1997,2,16,1,1
2014100255014,2,9,0,4,0,1,0,0,0,0,1,1,6,2,27,6,1596,1,6,2,1
2014100256014,1,19,0,18,0,8,0,0,0,0,1,1,1,1,58,9,1461,2,2,3,1
2014100256014,2,9,0,18,0,8,0,0,0,0,4,1,6,2,64,9,1198,1,3,3,1
2014100256114,1,9,0,4,0,1,0,0,0,0,1,1,2,2,40,7,1149,1,15,-1,-1
2014100256214,1,9,0,18,0,0,1,7,1,0,3,1,1,1,38,7,2231,2,2,-1,-1
2014100256514,1,19,0,7,0,1,0,0,0,0,2,1,1,1,57,9,2287,2,1,9,1
2014100256514,2,9,0,7,0,6,0,0,0,0,3,1,6,1,31,6,1896,2,11,2,1
2014100256714,1,9,0,18,0,1,0,0,0,0,1,1,6,1,24,5,1796,1,14,6,1
2014100256714,2,9,0,3,0,1,0,0,0,0,2,1,6,2,63,9,1798,1,7,5,1
2014100256714,3,9,0,3,0,1,0,0,0,0,2,1,6,1,23,5,1998,2,7,5,1
2014100256914,1,11,0,4,0,0,0,0,0,0,0,1,1,1,45,7,6700,2,6,1,1
2014100257314,1,9,0,18,0,0,2,0,1,7,1,1,6,1,37,7,1396,1,13,6,1
2014100257814,1,8,0,18,0,1,0,0,0,0,1,1,6,1,48,8,1997,2,7,3,1
2014100257814,2,9,0,2,0,1,0,0,0,0,0,1,6,3,-1,-1,1339,8,4,3,1
2014100258114,1,9,0,7,0,6,0,0,0,0,1,1,1,3,-1,-1,-1,-1,-1,-1,-1
2014100258514,1,9,0,18,0,1,0,0,0,0,1,1,6,3,-1,-1,-1,-1,-1,-1,-1
2014100258514,2,9,0,3,0,1,0,0,0,0,2,1,6,2,49,8,1596,1,10,9,2
2014100258614,1,9,0,7,0,3,0,0,0,0,4,1,6,1,63,9,999,1,14,4,1
2014100258614,2,1,0,18,0,8,0,0,0,0,1,1,6,1,46,8,-1,-1,-1,9,3
2014100258714,1,9,0,4,0,0,0,0,0,0,1,1,6,1,49,8,1798,1,7,6,1
2014100258914,1,9,0,9,0,6,0,0,0,0,3,1,6,2,57,9,1598,1,11,7,1
2014100258914,2,9,0,18,0,8,0,0,0,0,1,1,6,1,52,8,1598,2,2,4,3
2014100259214,1,8,0,5,0,1,0,0,0,0,0,1,1,1,39,7,1896,2,8,-1,-1
2014100259414,1,9,0,9,0,6,0,0,1,0,3,1,1,2,46,8,-1,-1,-1,5,2
2014100259414,2,9,0,16,0,1,1,0,0,0,2,1,6,1,41,7,1299,1,15,6,3
2014100259514,1,11,0,18,0,0,0,0,0,0,4,1,1,2,44,7,6370,2,6,1,1
2014100259614,1,9,0,18,0,1,0,0,0,0,1,1,6,1,41,7,1968,2,3,9,1
2014100259614,2,9,0,3,0,1,0,0,0,0,2,1,6,2,69,10,1124,1,14,2,1
2014100260014,1,9,0,18,0,8,0,0,0,0,3,1,2,1,29,6,1598,1,4,9,1
2014100260014,2,1,0,18,0,8,0,0,0,0,1,1,2,1,24,5,-1,-1,-1,1,1
2014100260114,1,9,0,15,0,0,0,0,0,0,4,1,6,1,74,10,1598,1,12,2,1
2014100260114,2,9,0,2,0,0,0,0,0,0,3,1,6,1,34,6,1242,1,8,1,1
2014100261414,1,19,0,7,0,6,0,0,0,0,4,1,6,1,42,7,2143,2,2,1,1
2014100261414,2,1,0,3,0,1,0,0,3,0,1,1,2,1,33,6,-1,-1,-1,8,1
2014100261514,1,11,0,9,0,8,0,0,0,0,0,1,1,1,32,6,9600,2,16,3,1
2014100261514,2,9,0,18,0,1,1,0,0,0,0,1,6,2,30,6,-1,-1,-1,-1,-1
2014100261914,1,9,0,7,0,5,0,0,0,0,4,1,6,1,21,5,1598,1,10,6,1
2014100261914,2,3,0,18,0,8,0,0,0,0,1,1,6,1,18,4,124,1,4,3,1
2014100262014,1,9,0,18,0,1,1,0,4,6,2,1,2,2,19,4,1242,1,4,-1,1
2014100262114,1,9,0,4,0,1,0,0,0,0,1,1,6,1,36,7,1956,2,5,-1,1
2014100262114,2,9,0,4,0,1,0,0,0,0,1,1,6,1,20,4,1596,1,4,5,1
2014100262114,3,9,0,4,0,1,0,0,0,0,2,1,1,1,48,8,1968,2,1,9,1
2014100262314,1,19,0,9,0,5,0,0,0,0,4,2,1,1,51,8,2402,2,8,1,1
2014100262314,2,5,0,18,0,8,1,0,0,0,1,1,6,1,42,7,599,1,23,4,2
2014100262414,1,9,0,18,0,8,0,0,0,0,3,1,6,2,69,10,1796,1,7,6,3
2014100262414,2,9,0,9,0,8,0,0,0,0,1,1,6,2,59,9,1598,1,10,5,1
2014100262814,1,9,0,17,0,0,2,0,8,4,1,1,6,1,37,7,1994,2,12,6,3
2014100262914,1,9,0,5,0,1,0,0,0,0,1,1,6,3,-1,-1,-1,-1,-1,-1,-1
2014100263214,1,9,0,18,0,1,0,0,0,0,1,1,6,2,34,6,1598,2,1,-1,-1
2014100263214,2,9,0,3,0,1,0,0,0,0,2,1,6,2,48,8,1596,1,4,4,2
2014100263414,1,9,0,18,0,8,0,0,0,0,1,1,6,1,74,10,1368,1,10,9,1
2014100263414,2,9,0,18,0,8,0,0,0,0,4,1,6,2,19,4,2204,2,9,10,1
2014100263714,1,19,0,18,0,1,0,0,0,0,1,1,1,1,51,8,2198,2,3,4,1
2014100263714,2,19,0,3,0,1,0,0,0,0,2,1,1,1,34,6,1753,2,3,5,1
2014100264014,1,9,0,18,0,1,0,0,0,0,1,1,6,1,78,11,2316,1,25,2,1
2014100264014,2,9,0,4,0,1,0,0,0,0,2,1,2,1,64,9,1598,1,13,-1,-1
2014100264014,3,9,0,4,0,1,0,0,0,0,2,1,6,1,31,6,1360,1,9,1,1
2014100264114,1,9,0,18,0,0,0,0,0,0,1,1,6,1,39,7,1769,1,12,3,1
2014100264114,2,1,0,18,0,0,0,0,0,0,1,1,6,1,16,4,-1,-1,-1,3,1
2014100264414,1,9,0,4,0,0,0,0,0,0,1,1,6,2,21,5,1388,1,10,9,1
2014100264414,2,9,0,3,0,0,0,0,0,0,2,1,6,2,29,6,1598,1,1,9,1
2014100264814,1,9,0,3,0,1,0,0,0,0,1,1,6,1,19,4,1242,1,9,4,1
2014100264814,2,9,0,3,0,1,0,0,0,0,2,1,6,2,26,6,1598,1,1,4,2
2014100265114,1,9,0,13,0,0,0,0,0,0,1,1,1,1,48,8,1997,2,7,6,1
2014100265214,1,9,0,18,0,8,0,0,3,11,1,1,6,2,88,11,1328,1,12,6,1
2014100265414,1,9,0,18,0,1,0,0,0,0,1,1,3,2,31,6,998,1,6,-1,-1
2014100265514,1,9,0,18,0,6,0,0,0,0,4,1,6,1,20,4,1896,2,8,-1,-1
2014100265514,2,9,0,18,0,8,1,4,0,0,1,1,6,1,38,7,1686,2,8,8,1
2014100265514,3,9,0,2,0,1,0,0,0,0,3,1,6,2,53,8,1999,1,8,8,1
2014100265614,1,9,0,16,0,0,0,0,0,0,1,1,6,1,36,7,999,1,15,-1,-1
2014100265614,2,9,0,17,0,0,0,0,1,0,1,1,6,2,54,8,1349,1,5,-1,-1
2014100265714,1,9,0,18,0,0,0,0,0,0,1,1,6,2,22,5,1149,1,10,1,1
2014100265714,2,9,0,3,0,0,0,0,0,0,2,1,1,1,38,7,1968,2,1,4,3
2014100265714,3,9,0,3,0,0,0,0,0,0,2,1,1,2,44,7,1560,2,4,6,2
2014100265814,1,19,0,1,0,0,0,0,0,0,2,1,6,1,30,6,1461,2,8,2,1
2014100266214,1,1,0,18,0,0,0,0,0,0,1,1,6,1,26,6,-1,-1,-1,3,1
2014100266214,2,9,0,18,0,0,0,0,0,0,1,1,6,3,-1,-1,-1,-1,-1,-1,-1
2014100266614,1,9,0,18,0,0,0,0,0,0,1,1,6,2,20,4,1995,2,4,3,2
2014100266614,2,1,0,18,0,0,0,0,0,0,2,1,6,1,75,10,-1,-1,-1,-1,-1
2014100266814,1,9,0,18,0,1,0,0,0,0,1,1,6,1,19,4,1796,1,12,8,2
2014100266814,2,9,0,3,0,1,0,0,0,0,1,1,6,1,30,6,1360,1,7,5,1
2014100266814,3,9,0,3,0,1,0,0,0,0,2,1,6,1,55,8,1199,1,10,9,1
2014100267514,1,11,0,18,0,0,0,0,0,0,1,1,1,1,62,9,-1,-1,-1,1,1
2014100267514,2,9,0,14,0,0,0,0,0,0,2,1,2,1,42,7,1596,1,11,10,1
2014100268214,1,9,0,18,0,1,0,0,0,0,1,1,1,1,62,9,-1,-1,-1,6,1
2014100268214,2,1,0,18,0,6,0,0,0,0,1,1,4,1,5,1,-1,-1,-1,9,2
2014100268414,1,9,0,3,0,1,0,0,0,0,1,1,6,1,19,4,998,1,7,8,1
2014100268414,2,9,0,11,0,1,0,0,0,0,4,1,6,3,-1,-1,-1,-1,-1,-1,-1
2014100268514,1,9,0,16,0,0,5,0,7,11,1,1,6,1,37,7,1560,2,7,4,1
2014100268614,1,21,0,18,0,2,0,0,0,0,0,1,1,1,25,5,5480,2,10,2,3
2014100268614,2,10,0,16,0,2,1,0,2,11,1,1,1,2,33,6,-1,-1,-1,-1,-1
2014100268714,1,9,0,18,0,8,0,0,0,0,3,1,6,1,47,8,1242,1,5,4,1
2014100268714,2,1,0,18,0,6,0,0,0,0,1,1,6,1,12,3,-1,-1,-1,-1,-1
2014100268814,1,9,0,5,0,0,0,0,0,0,1,1,6,2,79,11,2000,2,7,7,2
2014100268914,1,9,0,18,0,0,1,0,0,0,1,1,3,2,34,6,-1,-1,-1,4,1
2014100268914,2,9,0,3,0,0,0,0,0,0,2,1,3,2,46,8,1560,2,3,8,1
2014100269114,1,9,0,17,0,0,0,0,2,0,3,1,6,2,24,5,1149,1,9,8,3
2014100269214,1,9,0,13,0,8,0,0,0,0,4,1,6,1,-1,-1,2179,2,5,7,1
2014100269214,2,9,0,9,0,5,0,0,0,0,3,1,6,2,69,10,1390,1,3,6,3
2014100269314,1,10,0,14,0,0,0,0,0,0,4,1,1,1,54,8,2402,2,6,8,1
2014100269314,2,11,0,3,0,0,0,0,0,0,3,1,1,1,44,7,3900,2,9,4,1
2014100269614,1,19,0,6,0,8,0,0,0,0,3,1,1,1,45,7,1998,2,10,3,1
2014100269614,2,19,0,18,0,8,0,0,0,10,1,1,1,1,30,6,2402,2,8,1,1
2014100270114,1,9,0,18,0,0,0,0,1,2,4,1,6,1,19,4,1598,1,9,6,1
2014100270314,1,11,0,2,0,0,0,0,0,0,0,1,1,1,62,9,-1,2,5,-1,1
2014100270614,1,9,0,18,9,0,0,0,3,11,1,1,6,1,23,5,1598,1,10,-1,1
2014100270814,1,11,0,18,0,0,0,0,0,0,0,1,1,1,22,5,6700,2,6,4,1
2014100270914,1,9,0,18,0,1,0,0,0,0,1,1,6,1,21,5,2148,2,5,2,1
2014100270914,2,9,0,18,0,1,0,0,0,0,0,1,6,1,26,6,4497,1,2,4,1
2014100271014,1,9,0,13,0,2,1,0,0,0,1,1,6,3,-1,-1,1149,1,16,-1,-1
2014100271014,2,9,0,18,0,2,0,0,0,0,2,1,6,2,34,6,1995,2,7,7,1
2014100271114,1,9,0,9,0,8,0,0,0,0,3,1,6,2,54,8,1598,1,3,3,1
2014100271114,2,9,0,18,0,3,0,0,0,0,4,1,1,1,29,6,1895,1,13,5,2
2014100271214,1,9,0,2,0,1,0,0,0,0,3,1,1,1,42,7,1956,2,3,6,3
2014100271214,2,1,0,14,0,1,0,0,0,0,1,1,6,2,45,7,-1,-1,-1,3,1
2014100271314,1,19,0,18,0,0,0,0,0,0,1,1,6,1,23,5,1997,2,12,3,1
2014100271314,2,9,0,18,0,0,0,0,0,0,2,1,6,2,47,8,1149,1,12,1,1
2014100271314,3,9,0,18,0,0,0,0,0,0,2,1,6,2,59,9,2979,1,4,1,1
2014100271414,1,9,0,18,0,0,0,0,0,0,1,1,6,3,-1,-1,-1,-1,-1,-1,-1
2014100271414,2,1,0,18,0,0,0,0,0,0,3,1,6,1,18,4,-1,-1,-1,1,1
2014100271514,1,9,0,9,0,6,0,0,0,0,1,1,6,2,51,8,1984,1,3,7,1
2014100271514,2,1,0,18,0,8,0,0,0,0,1,1,6,1,40,7,-1,-1,-1,-1,-1
2014100271614,1,9,0,18,0,1,0,0,0,0,4,1,6,1,70,10,1124,1,10,9,1
2014100271914,1,9,0,7,0,6,0,0,0,0,1,1,6,1,41,7,1753,2,8,5,2
2014100271914,2,9,0,4,0,1,0,0,0,0,1,1,6,1,72,10,1339,1,11,5,2
2014100272314,1,9,0,9,0,6,0,0,0,0,3,1,3,1,36,7,2497,2,9,7,1
2014100272514,1,9,0,18,0,8,0,0,0,0,1,1,6,1,46,8,2172,2,11,5,1
2014100272514,2,9,0,3,0,1,0,0,0,0,3,1,1,1,34,6,1995,2,4,-1,1
2014100272714,1,9,0,4,0,1,0,0,0,0,1,1,6,2,17,4,1390,1,-1,9,1
2014100272714,2,9,0,10,0,1,0,0,0,0,2,1,6,1,67,10,1299,1,12,6,1
2014100272914,1,9,0,6,0,0,0,0,0,0,3,1,1,1,44,7,1598,2,4,1,1
2014100272914,2,9,0,18,0,0,0,0,0,0,1,1,6,1,21,5,1364,1,5,-1,-1
2014100273314,1,9,0,18,0,1,0,0,0,0,1,1,6,1,66,10,1598,1,13,2,1
2014100273314,2,9,0,8,0,8,0,0,0,0,0,1,6,2,22,5,1124,1,15,2,1
2014100273814,1,9,0,12,0,0,0,0,0,0,2,1,6,2,37,7,1398,1,-1,3,1
2014100273814,2,9,0,18,0,0,0,0,0,0,1,1,2,1,44,7,1956,2,-1,1,1
2014100273814,3,9,0,18,0,0,0,0,0,0,0,1,6,1,37,7,-1,-1,-1,9,1
2014100273814,4,9,0,18,0,0,0,0,0,0,1,1,6,1,40,7,1995,2,1,10,1
2014100273814,5,9,0,18,0,0,0,0,0,0,1,1,1,2,28,6,1560,2,4,3,1
2014100273914,1,11,0,4,0,0,0,0,0,0,0,1,1,1,39,7,9360,2,2,3,1
2014100274114,1,8,0,5,0,0,0,0,0,0,1,1,1,1,59,9,-1,-1,-1,-1,-1
2014100274314,1,9,0,18,0,0,0,0,0,0,1,1,1,2,59,9,1598,2,1,-1,3
2014100274314,2,9,0,4,0,0,0,0,0,0,2,1,6,2,47,8,1587,1,11,3,1
2014100274414,1,9,0,18,0,8,0,0,0,0,1,1,6,3,-1,-1,-1,-1,-1,-1,-1
2014100274414,2,1,0,18,0,6,0,0,0,0,2,1,6,1,17,4,-1,-1,-1,2,1
2014100274514,1,9,0,17,0,0,1,0,2,0,1,1,1,1,63,9,1753,2,6,5,2
2014100274514,2,9,0,16,0,0,0,0,1,0,1,1,6,2,62,9,2400,2,1,6,3
2014100274914,1,9,0,18,0,6,0,0,0,0,1,1,6,1,19,4,1149,1,9,4,1
2014100274914,2,9,0,18,0,8,0,0,0,0,3,1,6,1,22,5,-1,-1,-1,-1,-1
2014100274914,3,9,0,8,0,1,0,0,0,0,1,1,6,1,45,7,2521,1,7,4,1
2014100275014,1,11,0,18,2,0,0,0,0,0,1,1,1,1,40,7,3900,2,10,-1,-1
2014100275014,2,19,0,11,0,0,0,0,0,0,1,1,1,1,31,6,2198,2,3,-1,-1
2014100275214,1,9,0,18,0,8,0,0,0,0,1,1,6,1,19,4,1686,2,10,6,1
2014100275214,2,9,0,18,0,8,0,0,0,6,0,1,2,1,25,5,1598,1,9,2,1
2014100275514,1,3,0,18,0,8,0,0,0,0,1,1,6,1,23,5,125,1,10,1,1
2014100275514,2,9,0,9,0,4,0,0,0,0,3,1,6,2,45,7,1973,6,16,7,1
2014100275514,3,9,0,3,0,1,0,0,0,0,3,1,6,1,30,6,1896,2,8,9,2
2014100276114,1,9,0,18,0,8,0,0,1,0,1,1,1,1,42,7,1398,2,11,-1,-1
2014100276114,2,11,0,18,0,8,0,0,0,0,3,1,1,1,38,7,6700,2,6,-1,-1
2014100276214,1,11,0,18,0,1,0,0,0,0,0,1,1,1,47,8,4500,2,2,-1,-1
2014100276614,1,11,0,13,0,0,0,0,0,0,0,1,1,1,51,8,9400,2,8,6,3
2014100276614,2,1,0,17,0,0,2,10,1,11,4,1,6,2,42,7,-1,-1,-1,7,1
2014100277114,1,11,0,3,0,0,0,0,0,0,0,1,1,1,35,6,5900,2,11,2,2
2014100277714,1,11,0,5,0,2,0,0,0,0,0,1,1,1,60,9,6700,2,5,-1,-1
2014100278014,1,11,0,18,0,1,0,0,0,0,1,1,1,1,68,10,-1,-1,-1,3,1