Accident_Index,Vehicle_Reference,Vehicle_Type,Towing_and_Articulation,Vehicle_Manoeuvre,Vehicle_Location-Restricted_Lane,Junction_Location,Skidding_and_Overturning,Hit_Object_in_Carriageway,Vehicle_Leaving_Carriageway,Hit_Object_off_Carriageway,1st_Point_of_Impact,Was_Vehicle_Left_Hand_Drive?,Journey_Purpose_of_Driver,Sex_of_Driver,Age_of_Driver,Age_Band_of_Driver,Engine_Capacity_(CC),Propulsion_Code,Age_of_Vehicle,Driver_IMD_Decile,Driver_Home_Area_Type
2014100314814,1,9,0,16,0,0,1,0,7,3,1,1,6,1,22,5,1388,1,9,9,2
2014100315014,1,5,0,18,0,8,0,0,0,0,1,1,1,1,20,4,599,1,10,9,1
2014100315014,2,9,0,18,0,8,0,0,0,0,4,1,6,1,50,8,1597,1,11,4,1
2014100315114,1,9,0,9,0,5,0,0,1,0,1,1,6,2,56,9,2902,2,10,10,2
2014100315114,2,9,0,18,0,8,0,0,1,0,3,1,6,1,58,9,1968,2,4,9,1
2014100315214,1,3,0,15,0,0,1,0,0,0,3,1,2,1,29,6,124,1,7,6,1
2014100315214,2,9,0,11,0,0,0,0,0,0,4,1,2,1,21,5,1560,2,1,4,1
2014100315514,1,5,0,18,0,0,1,0,0,0,1,1,6,1,54,8,-1,-1,-1,-1,-1
2014100315514,2,9,0,18,0,0,1,0,0,0,1,1,6,1,25,5,1229,1,9,10,3
2014100315714,1,9,0,18,0,1,0,0,0,0,1,1,1,1,22,5,-1,-1,-1,10,3
2014100315714,2,9,0,10,0,1,0,0,0,0,2,1,6,2,68,10,1951,2,10,10,2
2014100316014,1,9,0,18,0,0,0,0,0,0,3,1,6,1,25,5,1199,2,1,10,2
2014100316114,1,19,0,9,0,6,0,0,0,0,1,1,6,1,44,7,1870,2,12,3,1
2014100316114,2,9,0,18,0,8,0,0,0,0,3,1,6,2,29,6,1598,1,5,6,1
2014100316314,1,19,0,18,0,8,0,0,0,0,1,1,1,3,-1,-1,2500,2,8,-1,-1
2014100316314,2,9,0,18,0,8,0,0,0,0,4,1,2,1,32,6,1998,1,7,1,1
2014100316514,1,9,0,18,0,0,0,0,0,0,1,1,6,3,-1,-1,-1,-1,-1,-1,-1
2014100316614,1,9,0,3,0,1,0,0,0,0,2,1,6,2,43,7,1461,2,6,8,1
2014100316614,2,9,0,3,0,1,0,0,0,0,2,1,6,2,19,4,1560,2,3,10,1
2014100316614,3,9,0,18,0,1,0,0,0,0,1,1,6,1,45,7,2993,2,-1,2,1
2014100316714,1,9,0,9,0,8,1,0,0,0,4,1,2,2,32,6,1149,1,6,3,1
2014100316714,2,9,0,18,0,8,1,0,0,0,3,1,2,2,31,6,998,1,6,8,1
2014100317214,1,9,0,4,0,1,0,0,0,0,1,1,6,1,41,7,1200,1,2,6,3
2014100317214,2,9,0,3,0,1,0,0,0,0,2,1,6,1,60,9,998,1,4,1,1
2014100317214,3,9,0,10,0,1,0,0,0,0,2,1,6,2,43,7,-1,-1,-1,10,1
2014100317714,1,9,0,9,0,5,0,0,0,0,1,1,6,2,41,7,1124,1,10,-1,-1
2014100317714,2,5,0,18,0,8,0,0,0,0,1,1,6,1,28,6,999,1,1,6,1
2014100317914,1,20,0,18,0,4,0,0,0,0,1,1,1,3,-1,-1,-1,-1,-1,-1,-1
2014100317914,2,9,0,17,0,8,1,0,0,0,4,1,2,2,22,5,1198,1,6,7,2
2014100318014,1,9,0,3,0,1,0,0,0,0,1,1,2,2,59,9,1242,1,12,2,1
2014100318014,2,4,0,5,0,1,0,0,0,0,2,1,2,2,32,6,498,1,15,9,1
2014100318114,1,1,0,18,0,6,0,0,3,0,1,1,4,1,7,2,-1,-1,-1,2,1
2014100318114,2,9,0,18,0,8,0,0,0,0,1,1,3,2,55,8,1242,1,3,9,1
2014100318214,1,9,0,18,0,2,1,0,0,0,1,1,6,2,57,9,1753,2,5,8,1
2014100318214,2,19,0,3,0,2,0,0,0,0,2,1,6,1,22,5,-1,-1,-1,-1,-1
2014100318314,1,9,0,18,0,0,1,0,1,4,1,1,6,1,40,7,2993,2,6,2,1
2014100318514,1,9,0,6,0,0,0,0,0,0,3,1,1,1,30,6,1998,1,6,5,1
2014100318514,2,9,0,13,0,0,0,0,7,4,1,1,6,2,81,11,998,1,4,4,1
2014100318814,1,11,0,9,0,6,0,0,0,0,0,1,1,1,40,7,-1,-1,-1,-1,-1
2014100318914,1,9,0,18,0,1,0,0,0,0,1,2,6,1,50,8,6800,6,15,7,1
2014100318914,2,9,0,3,0,1,0,0,0,0,2,1,6,2,57,9,1560,2,1,8,1
2014100319014,1,9,0,18,0,1,1,0,0,0,1,1,6,1,22,5,973,1,11,5,2
2014100319014,2,9,0,10,0,1,0,0,0,0,2,1,6,2,44,7,1398,1,4,5,1
2014100319114,1,9,0,18,0,0,0,0,0,0,4,1,6,3,-1,-1,-1,-1,-1,-1,-1
2014100319214,1,9,0,18,0,0,1,0,0,0,4,1,6,1,57,9,-1,-1,-1,4,2
2014100319614,1,9,0,11,0,1,0,0,0,0,0,1,6,2,63,9,1896,2,12,10,1
2014100319614,2,5,0,18,0,1,0,0,0,0,0,1,6,1,64,9,649,1,8,5,1
2014100319814,1,9,0,10,0,1,0,0,0,0,3,1,6,1,50,8,1560,2,2,5,3
2014100319814,2,9,0,18,0,1,0,0,0,0,1,1,1,2,22,5,1240,1,11,3,1
2014100320014,1,9,0,5,8,0,0,0,0,0,1,1,6,2,22,5,-1,-1,-1,5,3
2014100320014,2,1,0,18,0,0,0,0,0,0,1,1,6,1,67,10,-1,-1,-1,-1,-1
2014100320114,1,19,0,4,0,1,0,0,0,0,2,1,1,1,35,6,-1,-1,-1,9,1
2014100320214,1,8,0,6,0,0,0,0,0,0,0,1,1,1,50,8,1910,2,9,3,1
2014100320214,2,1,0,18,0,0,5,0,0,0,1,1,1,1,45,7,-1,-1,-1,-1,-1
2014100320214,3,9,0,2,0,0,0,0,0,0,1,1,6,2,36,7,-1,-1,-1,4,1
2014100320814,1,11,0,9,0,6,1,0,0,0,1,1,1,1,65,9,3900,2,9,-1,-1
2014100320814,2,19,0,18,0,1,0,0,0,0,1,1,1,1,52,8,1998,2,10,-1,-1
2014100321014,1,3,0,18,0,0,0,0,0,0,1,1,1,1,47,8,124,1,12,-1,-1
2014100321014,2,9,0,3,0,0,0,0,0,0,2,1,1,1,46,8,1422,2,14,-1,-1
2014100321414,1,3,0,18,0,0,0,0,0,0,1,1,2,1,19,4,-1,-1,-1,6,1
2014100321414,2,9,0,4,0,0,0,0,0,0,2,1,2,1,26,6,1995,2,6,2,1
2014100321514,1,9,0,18,0,8,0,0,0,0,0,1,6,3,-1,-1,-1,-1,-1,-1,-1
2014100321514,2,11,0,18,0,8,0,0,0,0,0,1,1,3,-1,-1,-1,-1,-1,-1,-1
2014100321914,1,10,0,5,0,1,0,0,0,0,1,1,1,1,48,8,2463,2,9,5,1
2014100321914,2,19,0,5,0,1,0,0,0,0,2,1,1,1,38,7,1753,2,9,5,1
2014100321914,3,9,0,5,0,1,0,0,0,0,2,1,1,2,25,5,1388,1,7,9,1
2014100322414,1,9,0,17,0,0,1,0,2,7,1,1,6,2,20,4,1149,1,11,6,1
2014100322914,1,19,0,7,0,4,0,0,0,0,1,1,6,1,65,9,1868,2,12,7,1
2014100322914,2,1,0,18,0,8,0,0,0,0,4,1,6,1,43,7,-1,-1,-1,5,1
2014100323314,1,9,0,1,0,0,0,4,0,0,2,1,6,2,30,6,1995,1,12,9,1
2014100323314,2,9,0,2,0,0,0,0,0,0,2,1,3,1,42,7,3999,1,4,1,1
2014100323814,1,9,0,5,0,0,0,0,0,0,1,1,6,1,66,10,1998,2,4,7,2
2014100324114,1,9,0,4,0,1,0,0,0,0,1,1,6,2,82,11,999,1,5,2,1
2014100324114,2,9,0,3,0,1,0,0,0,0,2,1,6,1,48,8,1582,2,2,5,1
2014100324314,1,9,0,14,0,1,0,10,0,0,1,1,2,1,20,4,998,1,1,4,1
2014100324314,2,9,0,18,0,2,0,0,0,0,1,1,2,2,41,7,1388,1,12,4,2
2014100324514,1,9,0,7,0,0,0,0,7,10,2,1,6,2,82,11,1198,1,-1,6,2
2014100324514,2,9,0,2,0,0,0,0,0,0,3,1,2,2,42,7,1490,1,6,5,2
2014100324614,1,9,0,9,0,5,1,0,0,0,4,1,1,1,45,7,1968,2,-1,-1,-1
2014100324614,2,21,0,18,0,8,0,0,0,0,1,1,1,1,58,9,12780,2,8,3,1
2014100324614,3,9,0,8,0,1,0,0,0,0,3,1,2,2,51,8,1968,2,2,7,3
2014100324714,1,9,0,6,0,2,0,0,0,0,3,1,6,1,37,7,1398,2,12,2,1
2014100324714,2,11,0,18,0,2,0,0,0,0,1,1,1,1,54,8,6871,2,11,3,1
2014100324814,1,9,0,16,0,0,1,10,8,7,1,1,6,2,26,6,1199,1,14,1,1
2014100324914,1,9,0,9,0,4,0,0,0,0,3,1,2,2,33,6,1984,1,3,9,1
2014100324914,2,9,0,18,0,4,0,0,7,2,4,1,2,1,48,8,2967,2,1,7,1
2014100325014,1,9,0,18,0,0,0,0,0,0,2,1,6,2,18,4,-1,-1,-1,8,1
2014100325014,2,9,0,18,0,0,0,0,0,0,1,1,2,2,34,6,1560,2,5,2,1
2014100325214,1,3,0,4,0,0,0,0,0,0,3,1,1,1,20,4,125,1,6,7,1
2014100325214,2,9,0,3,0,0,0,0,0,0,4,1,1,2,-1,-1,1198,1,7,3,1
2014100325614,1,9,0,4,0,0,0,0,0,0,1,1,6,1,-1,-1,-1,-1,-1,-1,-1
2014100325614,2,9,0,4,0,0,0,0,0,0,2,1,6,1,33,6,1910,2,9,2,2
2014100325714,1,8,0,18,0,1,0,0,0,0,4,1,1,1,29,6,1896,2,5,2,1
2014100325814,1,9,0,14,0,1,0,0,0,0,4,1,6,2,25,5,1598,1,12,5,1
2014100326014,1,9,0,5,0,0,0,0,0,0,4,1,1,1,34,6,1998,2,8,1,1
2014100326014,2,9,0,18,0,0,0,0,1,11,3,1,6,2,41,7,1595,1,3,1,1
2014100326514,1,11,0,18,0,0,0,0,0,0,1,1,1,1,67,10,10838,2,2,3,1
2014100326514,2,11,0,3,0,0,0,0,0,0,2,1,1,1,31,6,8871,2,11,2,1
2014100326514,3,9,0,3,0,0,0,0,0,0,2,1,6,1,58,9,1198,1,3,6,1
2014100326914,1,9,0,18,0,8,0,0,0,0,0,1,6,3,-1,-1,-1,-1,-1,-1,-1
2014100326914,2,9,0,4,0,8,0,0,0,0,0,1,6,1,52,8,1998,2,10,2,1
2014100326914,3,1,0,4,0,8,2,0,0,0,0,1,6,1,51,8,-1,-1,-1,8,1
2014100327114,1,9,0,7,0,6,0,0,0,0,3,1,6,1,76,11,2521,1,9,6,1
2014100327114,2,3,0,18,0,8,0,0,0,0,1,1,6,1,62,9,125,1,1,2,1
2014100327314,1,9,0,18,0,8,0,0,0,10,2,1,6,2,31,6,1587,1,13,-1,-1
2014100327514,1,19,0,6,0,0,0,0,0,0,3,1,1,1,50,8,1753,2,7,10,1
2014100327514,2,5,0,18,0,0,0,0,0,0,1,1,6,1,49,8,942,1,10,-1,-1
2014100327714,1,9,0,9,0,6,0,0,0,0,4,1,6,3,-1,-1,-1,-1,-1,-1,-1
2014100327714,2,1,0,18,0,2,0,0,0,0,2,1,1,1,41,7,-1,-1,-1,-1,-1
2014100328114,1,9,0,11,0,1,0,0,0,0,4,1,6,1,73,10,2268,2,-1,7,3
2014100328114,2,9,0,18,0,1,0,0,0,0,3,1,6,1,29,6,1956,2,-1,9,1
2014100328214,1,9,0,18,0,0,0,0,0,0,2,1,6,1,75,10,1339,1,2,3,2
2014100328214,2,9,0,18,0,0,0,0,0,0,1,1,2,1,26,6,1587,1,12,-1,1
2014100328814,1,11,0,5,0,0,0,0,0,0,1,1,6,1,65,9,6800,2,5,4,1
2014100329714,1,19,0,16,0,0,0,0,0,0,1,1,2,1,57,9,2402,2,13,6,1
2014100329714,2,9,0,3,0,0,0,0,0,0,2,1,6,2,30,6,1461,2,10,7,1
2014100329714,3,9,0,3,0,0,0,0,0,0,2,1,2,2,43,7,1598,1,-1,9,2
2014100329714,4,9,0,3,0,0,0,0,0,0,2,1,2,2,52,8,1598,1,1,4,1
2014100329914,1,9,0,18,0,1,1,0,0,0,1,1,6,1,28,6,1600,1,14,5,1
2014100329914,2,9,0,4,0,1,0,0,0,0,2,1,6,2,30,6,1299,1,9,1,1
2014100330014,1,9,0,17,0,0,0,0,7,11,1,1,6,2,19,4,1299,1,10,3,1
2014100331114,1,9,0,4,0,1,0,0,0,0,1,1,6,3,-1,-1,1587,1,13,-1,-1
2014100331114,2,9,0,3,0,1,0,0,0,0,2,1,1,2,21,5,1124,1,9,5,2
2014100331214,1,9,0,6,0,0,0,0,0,0,3,1,6,1,32,6,1796,1,11,1,1
2014100331214,2,20,0,18,0,0,1,0,0,0,1,1,1,1,52,8,3920,2,6,-1,-1
2014100331314,1,9,0,18,0,0,1,0,0,0,1,1,6,2,37,7,1149,1,13,3,1
2014100331514,1,19,0,18,0,1,0,0,0,0,0,1,6,1,29,6,-1,-1,-1,1,1
2014100331514,2,9,0,18,0,1,0,0,0,0,1,1,6,2,47,8,1598,1,1,10,1
2014100331814,1,1,0,18,0,0,0,4,0,0,1,1,2,1,48,8,-1,-1,-1,10,1
2014100331814,2,9,0,2,0,0,0,0,0,0,1,1,6,1,55,8,1968,2,4,10,1
2014100331914,1,9,0,18,0,1,0,0,0,0,0,1,6,3,-1,-1,-1,-1,-1,-1,-1
2014100332314,1,9,0,18,0,1,0,0,0,0,1,1,6,1,-1,-1,1988,1,11,-1,-1
2014100332314,2,9,0,3,0,1,0,0,0,0,2,1,6,1,22,5,1242,1,1,8,1
2014100332414,1,9,0,9,0,5,0,0,0,0,4,1,1,2,44,7,-1,-1,-1,-1,-1
2014100332414,2,3,0,18,0,8,0,0,0,0,1,1,2,1,31,6,-1,-1,-1,-1,-1
2014100332514,1,9,0,5,0,1,0,0,0,0,1,1,6,1,42,7,1896,2,12,7,1
2014100332514,2,9,0,3,0,1,0,0,0,0,2,1,6,2,29,6,1328,1,8,-1,-1
2014100332714,1,11,0,4,0,1,0,0,0,0,0,1,1,1,-1,-1,4500,2,3,3,1
2014100332914,1,9,0,5,0,1,0,0,0,0,1,1,6,1,46,8,1968,2,9,7,1
2014100332914,2,9,0,3,0,1,0,0,0,0,2,1,6,1,42,7,1598,2,2,4,2
2014100333014,1,11,0,2,0,0,0,0,0,0,0,1,1,1,51,8,6871,2,11,7,1
2014100333514,1,9,0,18,0,0,0,0,0,0,1,1,2,2,41,7,1329,1,3,9,1
2014100334114,1,9,0,9,0,6,0,0,0,0,3,1,3,2,41,7,1598,1,6,7,2
2014100334114,2,9,0,18,0,8,0,0,0,0,1,1,2,2,32,6,1242,1,1,7,2
2014100334214,1,9,0,18,0,0,0,0,0,0,1,1,6,2,43,7,2179,2,4,4,1
2014100334214,2,1,0,18,0,0,0,0,0,0,1,1,6,3,-1,-1,-1,-1,-1,4,1
2014100334414,1,9,0,18,0,0,1,0,7,9,3,1,6,1,77,11,2198,1,12,1,1
2014100334414,2,9,0,18,0,0,1,0,7,0,0,1,6,2,47,8,1968,2,8,4,3
2014100334514,1,9,0,1,0,0,0,0,0,0,2,1,1,1,-1,-1,1600,1,14,1,1
2014100334514,2,9,0,3,0,0,0,0,0,0,1,1,6,1,59,9,1124,1,13,2,1
2014100334714,1,9,0,18,0,8,0,0,0,0,3,1,6,1,46,8,1896,2,11,1,1
2014100334714,2,5,0,18,0,8,0,0,0,0,1,1,6,1,42,7,998,1,15,1,1
2014100334914,1,9,0,11,0,1,0,0,0,0,1,1,6,2,64,9,1242,1,3,2,1
2014100334914,2,9,0,18,0,1,0,0,0,0,3,1,2,2,46,8,1386,1,7,6,3
2014100335014,1,9,0,18,0,1,0,0,0,0,1,1,6,1,45,7,1995,2,2,4,1
2014100335014,2,9,0,4,0,1,0,0,0,0,2,1,6,1,42,7,2993,2,6,-1,-1
2014100335514,1,9,0,4,0,0,0,0,0,0,1,1,6,1,23,5,1242,1,6,2,1
2014100335514,2,9,0,3,0,0,0,0,0,0,2,1,2,1,44,7,1910,2,8,8,1
2014100335914,1,9,0,4,0,0,0,0,0,0,1,1,6,2,27,6,-1,-1,-1,6,1
2014100335914,2,3,0,3,0,0,0,0,0,0,2,1,2,1,42,7,98,1,3,5,1
2014100336114,1,11,0,18,0,8,0,0,0,0,0,1,1,1,55,8,6871,2,15,3,1
2014100336214,1,9,0,9,0,5,0,0,0,0,4,1,2,1,22,5,1998,1,23,-1,1
2014100336214,2,1,0,18,0,8,0,0,0,0,1,1,2,1,27,6,-1,-1,-1,5,1
2014100336314,1,9,0,18,0,0,0,0,0,0,3,1,6,2,48,8,1598,1,1,5,1
2014100336314,2,9,0,18,0,0,0,0,8,0,3,1,6,1,28,6,-1,-1,-1,5,1
2014100336814,1,9,0,18,0,1,0,0,0,0,1,1,2,2,34,6,1870,2,11,4,2
2014100336814,2,9,0,3,0,1,0,0,0,0,2,1,6,2,43,7,1968,2,1,5,1
2014100337214,1,11,0,18,2,1,0,0,0,0,1,1,1,1,33,6,4250,2,6,2,1
2014100337314,1,9,0,7,0,6,0,0,0,0,1,1,6,3,-1,-1,1242,1,1,-1,-1
2014100337314,2,1,0,18,0,8,0,0,0,0,4,1,2,2,50,8,-1,-1,-1,9,1
2014100337414,1,9,0,13,0,1,0,0,0,0,0,1,1,2,29,6,1242,1,9,5,1
2014100337414,2,3,0,12,0,1,0,0,0,0,3,1,1,1,38,7,125,1,2,10,1
2014100337714,1,9,0,4,0,6,0,0,0,0,1,1,6,2,24,5,1753,2,6,5,2
2014100337714,2,9,0,18,0,8,0,0,0,0,3,1,1,2,54,8,1998,1,9,1,1
2014100338114,1,9,0,18,0,0,0,0,0,0,1,1,6,2,30,6,998,1,4,4,1
2014100338114,2,9,0,18,0,0,0,0,0,0,2,1,6,1,19,4,973,1,13,5,1
2014100338114,3,9,0,18,0,0,0,0,0,0,2,1,1,2,23,5,1198,1,2,7,1
2014100338114,4,9,0,18,0,0,0,0,0,0,2,1,6,2,33,6,1329,1,4,1,1
2014100338214,1,9,0,18,0,1,0,0,0,0,1,1,6,1,-1,-1,1149,1,12,6,1
2014100338214,2,9,0,8,0,1,0,0,0,0,2,1,6,1,24,5,1753,2,8,1,1
2014100338514,1,9,0,5,0,1,0,0,0,0,1,1,6,2,71,10,2099,1,11,6,3
2014100338514,2,9,0,8,0,1,0,0,0,0,2,1,6,1,30,6,1591,1,6,9,1
2014100339014,1,9,0,18,0,1,0,0,0,0,1,1,6,1,20,4,1896,2,12,5,2
2014100339014,2,19,0,3,0,1,0,0,0,0,2,1,1,1,28,6,1248,2,2,1,1
2014100339314,1,9,0,5,0,2,0,0,0,0,1,1,6,3,-1,-1,-1,-1,-1,-1,-1
2014100339314,2,9,0,3,0,2,0,0,0,0,2,1,2,2,24,5,1242,1,1,4,1
2014100339514,1,9,0,9,0,6,0,0,0,0,1,1,6,2,44,7,1686,2,7,4,1
2014100339514,2,9,0,18,0,1,0,0,0,0,1,1,6,2,58,9,1598,1,1,9,1
2014100339914,1,5,0,18,0,0,1,0,0,0,1,1,6,1,47,8,599,1,12,1,2
2014100339914,2,9,0,4,0,0,0,0,0,0,1,1,6,2,57,9,1398,1,4,3,2
2014100340114,1,11,0,17,0,1,0,0,0,0,0,1,1,1,54,8,-1,2,15,4,1
2014100340214,1,9,0,7,0,5,1,0,0,0,1,1,6,1,-1,-1,-1,-1,-1,-1,-1
2014100340214,2,19,0,7,0,5,0,0,0,0,2,1,2,1,35,6,1686,2,4,5,1
2014100340314,1,9,0,1,0,0,0,0,0,0,2,1,6,1,57,9,2199,2,1,7,1
2014100340414,1,9,0,7,0,1,0,0,0,0,1,1,6,1,-1,-1,3555,1,11,1,1
2014100340914,1,9,0,9,0,6,0,0,0,0,1,1,6,2,47,8,1242,1,10,3,1
2014100340914,2,9,0,18,0,1,0,0,0,0,1,1,6,2,33,6,973,1,14,3,1
2014100341114,1,9,0,18,0,8,0,0,0,0,1,1,6,1,41,7,1598,1,11,7,2
2014100341114,2,1,0,18,0,6,0,0,0,0,4,1,6,1,9,2,-1,-1,-1,4,2
2014100341414,1,9,0,9,0,5,0,0,0,0,1,1,6,2,-1,-1,1349,1,7,4,2
2014100341414,2,9,0,9,0,6,0,0,0,0,4,1,6,2,23,5,-1,-1,-1,-1,1
2014100341514,1,9,0,4,0,2,0,0,0,0,1,1,6,1,32,6,1956,2,2,6,1
2014100341514,2,3,0,3,0,2,0,0,0,0,2,1,1,2,53,8,124,1,-1,3,1
2014100341614,1,9,0,4,0,1,0,0,0,0,1,1,1,1,30,6,1968,2,2,9,2
2014100341614,2,9,0,7,0,5,0,0,0,0,2,1,1,2,29,6,1242,1,6,9,1
2014100341714,1,9,0,18,0,8,0,0,0,0,1,1,2,2,34,6,1242,1,12,2,1
2014100341714,2,1,0,18,0,8,0,0,0,0,3,1,6,2,11,3,-1,-1,-1,-1,-1
2014100341814,1,9,0,18,0,1,0,0,0,0,3,1,6,2,20,4,-1,-1,-1,2,1
2014100341914,1,9,0,9,0,5,0,0,0,0,3,1,1,2,65,9,1998,1,8,8,3
2014100341914,2,9,0,18,0,8,0,0,0,0,1,1,6,2,35,6,1242,1,15,2,1
2014100342214,1,3,0,18,0,1,2,0,0,0,1,1,2,1,42,7,125,1,10,3,1
2014100342214,2,9,0,18,0,1,0,0,0,0,0,1,6,2,51,8,1198,1,2,-1,-1
2014100342514,1,9,0,6,0,0,0,0,0,0,3,1,1,1,56,9,1560,2,-1,-1,-1
2014100342514,2,5,0,18,0,0,0,0,0,0,1,1,6,1,66,10,1170,1,3,5,3
2014100342714,1,5,0,18,0,1,1,0,7,0,1,1,6,1,47,8,599,1,11,-1,2
2014100342714,2,9,0,2,0,1,0,0,0,0,0,1,6,3,-1,-1,2494,1,11,-1,2
2014100342814,1,9,0,18,0,8,0,0,0,0,1,1,6,1,39,7,1198,1,2,-1,-1
2014100342814,2,9,0,18,0,8,1,0,0,0,1,1,6,1,27,6,1686,2,13,2,1
2014100343014,1,19,0,18,0,0,0,0,0,0,3,1,2,2,39,7,1753,2,5,5,3
2014100343214,1,9,0,18,0,8,0,0,0,0,1,1,6,1,40,7,1796,1,12,3,1
2014100343214,2,9,0,9,0,8,0,0,0,0,2,1,6,1,29,6,2171,2,11,3,1
2014100343514,1,9,0,18,9,5,0,0,0,0,1,1,6,2,57,9,1398,2,9,4,1
2014100344314,1,9,0,18,0,1,0,0,0,0,1,1,6,1,32,6,1769,1,13,2,1
2014100344314,2,9,0,3,0,1,0,0,0,0,2,1,6,1,57,9,1560,2,5,2,1
2014100344414,1,9,0,9,0,8,1,0,0,7,1,1,6,1,29,6,1997,1,5,10,1
2014100344914,1,9,0,18,0,0,2,0,0,0,1,1,6,1,29,6,1998,1,8,7,1
2014100344914,2,9,0,2,0,0,0,0,0,0,2,1,6,3,-1,-1,1595,1,6,7,1
2014100345114,1,9,0,7,0,8,0,0,0,0,0,1,6,1,30,6,-1,-1,-1,2,1
2014100345114,2,11,0,7,0,8,0,0,0,0,0,1,1,1,63,9,9000,5,-1,-1,-1
2014100345414,1,8,0,14,0,0,0,0,0,0,1,1,1,1,60,9,1998,2,1,1,1
2014100345714,1,9,0,13,0,1,0,0,0,0,4,1,6,1,80,11,1598,1,1,9,1
2014100345714,2,1,0,18,0,1,0,0,0,0,2,1,6,1,67,10,-1,-1,-1,3,1
2014100345914,1,9,0,12,0,2,0,0,0,0,1,1,6,1,32,6,1794,1,11,1,1
2014100345914,2,9,0,18,0,2,0,0,4,6,4,1,6,2,64,9,1199,1,-1,9,1
2014100346114,1,9,0,18,0,1,0,0,0,0,1,1,6,1,29,6,1997,2,13,3,1
2014100346114,2,9,0,3,0,1,0,0,0,0,2,1,6,1,48,8,1997,2,13,1,1
2014100346114,3,9,0,3,0,1,0,0,0,0,2,1,6,1,43,7,1598,2,-1,9,1
2014100346914,1,9,0,9,0,6,0,0,0,0,1,1,1,2,62,9,1398,1,13,2,1
2014100346914,2,9,0,18,0,2,0,0,0,0,3,1,1,2,25,5,1956,2,2,-1,-1
2014100347414,1,9,0,18,0,1,1,10,2,4,4,1,6,1,17,4,1587,1,9,2,1
2014100347514,1,19,0,18,0,0,0,0,0,0,1,1,1,1,43,7,1560,2,2,1,1
2014100347514,2,9,0,18,0,0,0,0,0,0,1,1,6,2,55,8,1398,1,2,2,1
2014100347714,1,9,0,18,0,2,0,0,0,0,1,1,6,1,90,11,1348,1,13,3,1
2014100347814,1,9,0,9,0,6,0,0,0,10,1,1,6,2,17,4,998,1,11,-1,1
2014100347814,2,19,0,18,0,8,0,0,0,0,3,1,1,2,46,8,2402,2,5,-1,-1
2014100347914,1,9,0,11,0,8,0,0,0,0,4,1,6,1,27,6,1396,1,13,1,1
2014100347914,2,3,0,18,0,8,0,0,0,0,3,1,6,1,30,6,124,1,-1,-1,1
2014100348014,1,1,0,11,0,5,0,0,0,0,4,1,6,1,30,6,-1,-1,-1,-1,-1
2014100348114,1,9,0,11,0,0,0,0,0,0,1,1,6,1,33,6,2148,2,6,8,1
2014100348114,2,9,0,2,0,0,0,0,0,0,2,1,6,3,-1,-1,1229,1,6,8,1
2014100348414,1,9,0,12,0,2,0,0,0,0,0,1,6,2,34,6,1560,2,-1,6,1
2014100348414,2,9,0,18,0,2,0,0,0,0,2,1,1,2,28,6,1560,2,1,2,1
2014100348414,3,8,0,18,0,2,0,0,0,0,1,1,1,1,38,7,1910,2,5,1,1
2014100348514,1,1,0,18,0,1,0,0,0,0,1,1,6,1,10,2,-1,-1,-1,-1,-1
2014100348514,2,9,0,18,0,1,0,0,0,0,4,1,6,1,31,6,1388,1,12,5,1
2014100348614,1,9,0,5,0,1,0,0,0,0,1,1,6,2,34,6,1242,1,3,-1,-1
2014100348914,1,9,0,18,0,0,1,0,0,0,0,1,6,1,74,10,-1,-1,-1,7,1
2014100349014,1,9,0,9,0,6,0,0,0,0,2,1,6,3,-1,-1,-1,-1,-1,-1,-1
2014100349014,2,11,0,18,0,8,0,0,0,0,0,1,1,1,58,9,-1,2,13,-1,-1
2014100349614,1,9,0,18,0,0,0,0,1,4,1,1,6,1,77,11,1598,1,7,10,2
2014100349714,1,9,0,18,0,0,1,0,0,0,1,1,6,2,44,7,1997,2,5,2,1
2014100349714,2,9,0,4,0,0,0,0,0,0,1,1,6,1,60,9,-1,-1,-1,8,3
2014100349714,3,9,0,3,0,0,0,0,0,0,2,1,6,2,56,9,1461,2,3,4,1
2014100350014,1,3,0,18,0,8,5,4,0,0,1,1,6,1,15,3,125,1,3,2,1
2014100350014,2,9,0,2,0,1,0,0,0,0,2,1,6,3,-1,-1,1386,1,4,2,1
2014100350114,1,11,0,18,0,1,0,0,0,0,1,1,1,1,60,9,9000,5,-1,-1,-1
2014100350414,1,9,0,18,0,1,0,0,0,0,1,1,6,1,29,6,1896,2,5,-1,-1
2014100350414,2,9,0,10,0,1,0,0,0,0,1,1,6,2,31,6,1299,1,11,3,1
2014100351114,1,9,0,18,0,1,0,0,0,0,1,1,6,1,74,10,-1,-1,-1,6,1
2014100351114,2,1,0,18,0,1,0,0,0,0,3,1,6,2,11,3,-1,-1,-1,2,1
2014100351314,1,9,0,18,0,1,0,0,0,0,1,1,6,2,35,6,1390,1,14,10,1
2014100351414,1,97,0,17,0,0,1,0,1,0,4,1,6,1,60,9,-1,-1,-1,-1,-1