Accident_Index,Vehicle_Reference,Vehicle_Type,Towing_and_Articulation,Vehicle_Manoeuvre,Vehicle_Location-Restricted_Lane,Junction_Location,Skidding_and_Overturning,Hit_Object_in_Carriageway,Vehicle_Leaving_Carriageway,Hit_Object_off_Carriageway,1st_Point_of_Impact,Was_Vehicle_Left_Hand_Drive?,Journey_Purpose_of_Driver,Sex_of_Driver,Age_of_Driver,Age_Band_of_Driver,Engine_Capacity_(CC),Propulsion_Code,Age_of_Vehicle,Driver_IMD_Decile,Driver_Home_Area_Type
2014100390414,2,9,0,3,0,0,0,0,0,0,2,1,6,1,22,5,1360,1,14,2,1
2014100390414,3,9,0,3,0,0,0,0,0,0,2,1,6,1,44,7,1956,2,4,1,1
2014100390614,1,9,0,5,0,8,0,0,0,0,1,1,6,2,62,9,1997,2,14,4,1
2014100390614,2,9,0,18,0,8,0,0,0,0,3,1,6,1,36,7,1598,1,8,5,1
2014100390814,1,19,0,8,0,6,0,0,0,0,3,1,1,1,30,6,2198,2,1,3,2
2014100390814,2,5,0,18,0,8,0,0,0,0,1,1,6,1,57,9,499,1,19,9,2
2014100391014,1,5,0,18,0,2,1,0,7,0,1,1,2,1,27,6,748,1,23,3,1
2014100391014,2,9,0,9,0,6,0,0,0,0,2,1,1,1,40,7,1896,2,6,2,1
2014100391414,1,19,0,18,0,1,0,0,0,0,1,1,1,1,60,9,1560,2,4,10,1
2014100391414,2,19,0,7,0,5,0,0,1,11,2,1,1,1,30,6,2143,2,2,3,1
2014100391614,1,9,0,18,0,1,0,0,0,0,1,1,6,2,43,7,1461,2,3,5,2
2014100391614,2,9,0,10,0,1,0,0,0,0,2,1,6,1,35,6,1360,1,8,4,1
2014100392014,1,1,0,18,0,0,0,0,0,0,1,1,6,1,9,2,-1,-1,-1,5,1
2014100392014,2,9,0,2,0,0,0,0,0,0,2,1,6,1,39,7,1956,2,2,5,1
2014100392314,1,9,0,9,0,6,0,0,0,0,3,1,6,1,24,5,2148,2,5,9,1
2014100392314,2,1,0,18,0,8,0,0,0,0,1,1,6,1,46,8,-1,-1,-1,7,1
2014100392414,1,9,0,18,0,4,0,0,0,0,1,1,6,1,26,6,1796,1,11,1,1
2014100392414,2,9,0,9,0,4,0,0,0,0,3,1,6,2,60,9,1199,1,10,-1,-1
2014100392514,1,9,0,7,0,6,0,0,0,0,1,1,6,2,35,6,1108,1,5,4,1
2014100392514,2,1,0,18,0,8,0,0,0,0,4,1,2,1,43,7,-1,-1,-1,7,1
2014100392814,1,11,0,2,0,0,0,0,0,0,0,1,1,1,51,8,-1,-1,-1,1,1
2014100393114,1,9,0,18,0,0,0,0,0,0,1,1,6,1,32,6,1995,2,11,4,1
2014100393114,2,9,0,18,0,0,0,0,0,0,1,1,6,2,20,4,1598,2,2,6,2
2014100393114,3,9,0,3,0,0,0,0,0,0,2,1,6,2,35,6,1896,2,5,2,1
2014100393114,4,9,0,3,0,0,0,0,0,0,1,1,6,2,31,6,1968,2,2,6,3
2014100393414,1,9,0,18,0,8,5,0,0,0,4,1,6,2,38,7,3311,8,5,9,1
2014100393414,2,9,0,18,0,8,0,0,0,0,1,1,6,2,38,7,1398,2,9,-1,-1
2014100393514,1,11,0,18,0,1,0,0,0,0,1,1,1,1,51,8,6871,2,9,-1,-1
2014100393514,2,19,0,7,0,5,0,0,0,0,2,1,6,1,49,8,2402,2,14,1,1
2014100393614,1,9,0,14,0,1,0,0,0,0,4,1,6,1,73,10,1108,1,5,9,1
2014100393614,2,19,0,2,0,1,0,0,0,0,3,1,6,3,-1,-1,2496,2,16,9,1
2014100393914,1,9,0,13,0,8,0,0,0,0,4,1,6,1,67,10,1973,1,14,6,3
2014100393914,2,9,0,9,0,5,0,0,0,0,3,1,6,1,69,10,1397,1,6,6,3
2014100394514,1,9,0,18,0,8,1,0,0,0,1,1,6,3,-1,-1,1149,1,16,-1,-1
2014100394514,2,9,0,18,0,8,1,0,0,0,3,1,1,1,35,6,1796,1,7,1,1
2014100394614,1,9,0,9,0,5,0,0,0,0,1,1,6,1,62,9,1968,2,-1,-1,1
2014100394614,2,5,0,18,0,8,0,0,1,1,1,1,6,1,54,8,1097,1,28,4,1
2014100395014,1,3,0,4,0,1,1,0,0,0,4,1,2,1,18,4,125,1,7,3,1
2014100395314,1,9,0,9,0,5,0,0,0,0,1,1,6,1,55,8,1461,2,4,2,1
2014100395314,2,9,0,18,0,8,0,0,0,0,3,1,6,2,57,9,1598,2,1,5,1
2014100395714,1,9,0,18,0,0,0,0,7,10,1,1,6,1,77,11,1398,1,1,2,1
2014100395814,1,9,0,5,0,1,0,0,0,0,1,1,6,2,30,6,1596,1,12,-1,-1
2014100395914,1,9,0,9,0,5,0,0,0,0,1,1,6,1,49,8,1596,1,8,3,1
2014100395914,2,9,0,18,0,8,0,0,0,0,3,1,6,2,47,8,1560,2,10,1,1
2014100396014,1,9,0,5,0,0,0,0,0,0,1,1,6,2,39,7,1596,1,8,9,1
2014100396614,1,9,0,18,0,0,0,0,0,0,1,1,6,1,60,9,2435,1,16,10,2
2014100396614,2,9,0,3,0,0,0,0,0,0,2,1,6,2,22,5,1149,1,1,-1,-1
2014100396614,3,9,0,3,0,0,0,0,0,0,2,1,6,1,28,6,1198,1,3,1,1
2014100396714,1,9,0,12,0,0,0,0,0,0,3,1,1,1,35,6,1560,2,3,-1,-1
2014100396714,2,11,0,18,0,0,0,0,0,0,1,1,1,1,58,9,-1,-1,-1,2,1
2014100396914,1,9,0,16,0,0,0,0,0,0,4,1,6,3,-1,-1,-1,-1,-1,-1,-1
2014100397014,1,9,0,18,0,8,0,0,0,0,3,1,1,1,36,7,1995,2,2,10,1
2014100397014,2,1,0,18,0,8,0,0,0,0,1,1,1,1,35,6,-1,-1,-1,-1,-1
2014100397414,1,9,0,18,0,0,0,0,1,11,4,1,6,2,21,5,1598,1,9,5,2
2014100397714,1,9,0,9,0,6,0,0,0,0,3,1,6,1,78,11,2319,1,18,9,2
2014100397714,2,19,0,18,0,8,0,0,0,0,1,1,1,1,36,7,1598,2,1,10,2
2014100397914,1,9,0,9,0,6,0,0,0,0,1,1,1,2,52,8,-1,-1,-1,3,1
2014100397914,2,9,0,18,0,8,0,0,7,0,4,1,6,1,53,8,1968,2,-1,-1,-1
2014100398514,1,9,0,18,0,8,0,0,0,0,4,1,6,1,21,5,-1,-1,-1,-1,-1
2014100398514,2,9,0,18,0,8,0,0,1,0,4,1,6,1,36,7,1248,2,8,1,1
2014100398614,1,9,0,11,0,1,0,0,0,0,1,1,6,1,-1,-1,1753,2,7,6,1
2014100398614,2,1,0,18,0,1,0,10,0,0,1,1,1,1,37,7,-1,-1,-1,4,2
2014100398814,1,9,0,3,0,1,0,0,0,0,2,1,6,2,36,7,1998,2,11,1,1
2014100398814,2,9,0,3,0,1,0,0,0,0,1,1,6,1,56,9,1896,2,9,9,1
2014100399414,1,1,0,18,0,0,0,0,1,0,4,1,6,2,17,4,-1,-1,-1,8,3
2014100399514,1,9,0,18,0,4,0,0,0,0,1,1,1,1,67,10,1596,1,22,7,1
2014100399514,2,9,0,9,0,8,0,0,0,0,4,1,1,1,50,8,1896,2,7,4,2
2014100399714,1,9,0,18,0,0,0,0,0,0,2,1,6,1,-1,-1,1497,1,13,2,1
2014100399714,2,9,0,3,0,0,0,0,0,0,2,1,6,2,50,8,1461,2,6,4,1
2014100400014,1,9,0,9,0,8,0,0,0,0,1,1,6,1,26,6,1398,1,11,5,1
2014100400014,2,9,0,9,0,8,0,0,0,0,0,1,6,2,55,8,1598,2,2,9,2
2014100400214,1,9,0,4,0,1,0,0,0,0,1,1,6,1,71,10,1242,1,7,5,2
2014100400314,1,5,0,13,0,0,1,0,8,0,1,1,6,1,27,6,599,1,13,4,1
2014100400314,2,5,0,18,0,0,0,0,0,0,0,1,6,1,28,6,781,1,11,8,1
2014100400414,1,5,0,4,0,0,1,0,0,0,1,1,6,1,26,6,599,1,17,1,1
2014100400414,2,9,0,4,0,0,0,0,0,0,2,1,1,1,43,7,-1,-1,-1,1,1
2014100400614,1,9,0,10,0,1,0,0,0,0,0,1,6,1,48,8,1389,1,11,4,1
2014100400614,2,5,0,18,0,8,1,0,0,0,4,1,2,1,31,6,645,1,10,4,1
2014100400814,1,9,0,5,0,6,0,0,0,0,1,1,6,1,26,6,2171,1,13,5,1
2014100400814,2,9,0,18,0,8,1,0,1,0,3,1,1,1,30,6,1598,2,2,5,3
2014100400914,1,9,0,18,0,8,0,0,0,0,1,1,3,1,50,8,1796,1,14,2,1
2014100400914,2,9,0,18,0,8,0,0,3,0,1,1,1,1,21,5,1796,1,10,4,1
2014100401414,1,9,0,9,0,6,0,0,0,0,4,1,6,3,-1,-1,-1,-1,-1,-1,-1
2014100401414,2,1,0,18,9,8,0,0,0,0,0,1,1,1,46,8,-1,-1,-1,9,1
2014100401614,1,9,0,18,0,1,0,0,0,0,1,1,6,2,28,6,1598,1,12,3,2
2014100401614,2,9,0,4,0,1,0,0,0,0,2,1,6,2,43,7,1248,2,6,9,1
2014100402514,1,4,0,18,0,0,0,0,0,0,1,1,6,1,55,8,821,1,1,10,1
2014100402714,1,9,0,18,0,2,0,0,0,7,4,1,6,1,77,11,2099,1,12,1,1
2014100402814,1,4,0,18,0,0,0,0,0,0,1,1,6,3,-1,-1,-1,-1,-1,-1,-1
2014100403014,1,9,0,18,0,1,0,0,0,0,1,1,6,1,58,9,1997,2,11,2,1
2014100403014,2,9,0,4,0,1,0,0,0,0,2,1,6,1,50,8,1598,1,9,3,1
2014100403314,1,9,0,5,0,8,0,0,0,0,1,1,2,1,49,8,1997,1,12,8,1
2014100403314,2,1,0,18,0,8,0,0,0,0,4,1,6,1,29,6,-1,-1,-1,-1,-1
2014100403614,1,9,0,18,0,1,0,0,0,0,3,1,6,1,21,5,1242,1,8,-1,-1
2014100403714,1,19,0,18,0,0,0,0,0,0,1,1,1,1,50,8,-1,-1,-1,3,2
2014100403714,2,1,0,18,0,0,0,0,0,0,1,1,6,1,5,1,-1,-1,-1,1,1
2014100404214,1,8,0,18,0,2,0,0,0,0,4,1,1,1,52,8,1956,2,4,5,2
2014100404314,1,19,0,9,0,6,0,0,0,0,1,1,6,1,53,8,1248,2,3,2,1
2014100404314,2,1,0,18,0,8,0,0,0,0,4,1,6,2,36,7,-1,-1,-1,1,1
2014100404414,1,1,0,18,0,0,0,0,0,0,1,1,6,1,8,2,-1,-1,-1,-1,-1
2014100404414,2,9,0,18,0,0,0,0,0,0,2,1,6,1,28,6,1349,1,4,6,1
2014100404814,1,9,0,7,0,3,0,0,0,0,1,1,6,1,39,7,1598,1,11,1,1
2014100404814,2,9,0,7,0,3,0,0,0,0,2,1,6,1,46,8,1461,2,1,-1,-1
2014100404914,1,9,0,2,0,2,0,0,0,0,0,1,1,1,50,8,1598,2,1,6,1
2014100405214,1,8,0,18,0,0,0,0,0,0,1,1,6,1,57,9,1598,2,-1,4,1
2014100405414,1,9,0,2,0,0,0,0,0,0,2,1,1,1,53,8,998,1,3,4,1
2014100405414,2,1,0,18,0,0,0,0,0,0,0,1,6,1,50,8,-1,-1,-1,-1,-1
2014100405814,1,5,0,4,0,0,1,0,0,0,1,1,6,1,60,9,1450,1,12,8,3
2014100405814,2,9,0,3,0,0,0,0,0,0,2,1,6,1,55,8,2720,2,6,7,2
2014100405814,3,9,0,2,0,0,0,0,0,0,0,1,6,1,62,9,1797,8,2,9,1
2014100406014,1,9,0,7,0,3,1,0,1,7,4,1,1,1,35,6,1396,1,10,6,1
2014100406014,2,9,0,7,0,3,1,0,1,2,3,1,6,2,44,7,1998,1,10,8,1
2014100406114,1,9,0,6,0,1,0,0,0,0,3,1,6,2,58,9,1386,1,3,3,1
2014100406114,2,5,0,18,0,1,2,0,0,0,1,1,6,3,-1,-1,-1,-1,-1,-1,-1
2014100406514,1,9,0,18,0,0,0,0,0,0,4,1,6,3,-1,-1,-1,-1,-1,-1,-1
2014100406614,1,11,0,14,0,2,0,0,0,0,4,1,1,1,61,9,6700,2,7,-1,-1
2014100406614,2,21,0,2,0,1,0,0,0,0,4,1,1,1,47,8,9290,2,3,3,1
2014100406714,1,9,0,18,0,4,0,0,0,0,4,1,2,1,60,9,1595,1,3,6,1
2014100406714,2,9,0,18,0,8,0,0,0,0,1,1,1,1,39,7,1956,2,4,1,1
2014100406914,1,9,0,16,0,0,0,0,0,0,1,2,6,1,68,10,-1,-1,-1,-1,-1
2014100406914,2,9,0,17,0,0,0,0,0,0,3,1,6,1,42,7,2996,1,9,-1,1
2014100407014,1,9,0,9,0,1,0,0,1,0,4,1,6,2,24,5,1796,1,7,1,1
2014100407014,2,9,0,18,0,1,0,0,0,0,1,1,1,1,31,6,-1,-1,-1,5,1
2014100407114,1,9,0,18,0,0,0,0,0,0,1,1,6,1,30,6,1998,1,11,5,1
2014100407114,2,9,0,3,0,0,0,0,0,0,2,1,6,2,32,6,1598,1,8,4,1
2014100407114,3,9,0,3,0,0,0,0,0,0,2,1,6,1,55,8,1386,1,7,1,1
2014100407214,1,9,0,18,0,8,0,0,0,0,3,1,6,1,67,10,1229,1,-1,2,1
2014100407314,1,9,0,18,0,1,0,0,0,0,1,1,6,2,19,4,1242,1,8,9,1
2014100407314,2,9,0,18,0,1,0,0,0,0,2,1,6,1,33,6,1598,1,7,2,1
2014100407314,3,9,0,18,0,1,0,0,0,0,2,1,6,1,58,9,1896,2,7,2,1
2014100407414,1,9,0,18,0,7,0,0,0,0,1,1,2,1,62,9,1910,2,5,6,1
2014100407414,2,9,0,3,0,7,0,0,0,0,2,1,2,2,56,9,1240,1,4,4,1
2014100407714,1,9,0,18,0,8,0,0,0,0,2,1,6,3,-1,-1,-1,-1,-1,-1,-1
2014100407714,2,1,0,18,0,8,0,0,0,0,3,1,6,1,25,5,-1,-1,-1,-1,-1
2014100408014,1,19,0,18,0,1,2,0,1,0,3,1,2,1,46,8,1998,2,11,4,1
2014100408014,2,9,0,18,0,1,0,0,1,0,3,1,6,2,49,8,1398,2,10,4,1
2014100408214,1,9,0,9,0,6,0,0,0,0,0,1,6,3,-1,-1,-1,-1,-1,-1,-1
2014100408214,2,11,0,17,0,8,0,0,0,0,0,1,3,1,22,5,9600,2,15,6,3
2014100408314,1,9,0,18,0,1,0,0,0,0,2,1,6,1,51,8,1341,1,13,3,1
2014100408314,2,1,0,18,0,1,0,0,0,0,1,1,6,1,21,5,-1,-1,-1,6,1
2014100408514,1,9,0,18,0,6,0,0,0,0,1,1,1,1,38,7,2143,2,5,3,1
2014100408514,2,9,0,18,0,8,0,0,0,0,3,1,6,2,47,8,1364,1,7,9,3
2014100408814,1,19,0,18,0,8,0,0,0,0,1,1,1,1,43,7,1968,2,2,-1,-1
2014100408814,2,8,0,9,0,8,0,0,0,0,4,1,1,1,61,9,2148,2,10,2,1
2014100408914,1,11,0,17,0,2,0,0,0,0,0,1,1,1,47,8,6692,2,5,1,1
2014100409114,1,9,0,9,0,6,0,0,0,0,4,1,6,2,41,7,2143,2,1,6,3
2014100409214,1,9,0,9,0,6,0,0,0,0,4,1,6,2,49,8,1796,1,12,4,1
2014100409214,2,2,0,18,0,8,0,0,0,0,1,1,6,1,31,6,49,1,9,1,1
2014100409414,1,19,0,18,0,1,1,0,0,0,1,1,2,1,48,8,2402,2,7,5,1
2014100409414,2,9,0,4,0,1,0,0,0,0,2,1,6,2,54,8,998,1,8,5,1
2014100409514,1,9,0,18,0,1,0,0,0,0,1,1,1,1,54,8,1560,2,3,8,2
2014100409514,2,17,0,10,0,1,0,0,0,0,2,1,1,1,19,4,6788,2,3,5,3
2014100409714,1,9,0,18,0,2,0,0,0,0,1,1,2,2,33,6,1896,2,11,4,1
2014100409714,2,9,0,18,0,2,0,0,0,0,2,1,6,2,20,4,998,1,9,7,1
2014100409714,3,9,0,18,0,2,0,0,0,0,2,1,6,1,50,8,1753,2,7,4,3
2014100409714,4,9,0,18,0,2,0,0,4,6,2,1,6,1,26,6,1998,2,8,4,2
2014100410114,1,11,0,4,2,0,0,0,0,0,0,1,1,1,50,8,9000,2,10,2,1
2014100410214,1,9,0,1,0,0,0,0,0,0,2,1,6,1,19,4,1124,1,8,7,1
2014100410214,2,9,0,2,0,0,0,0,0,0,3,1,6,2,71,10,1086,1,7,5,1
2014100410214,3,9,0,2,0,0,0,0,0,0,1,1,6,2,52,8,1795,1,14,5,1
2014100410814,1,9,0,18,0,0,0,0,0,0,3,1,1,3,-1,-1,-1,-1,-1,-1,-1
2014100410914,1,9,0,18,0,0,0,0,0,0,1,1,6,3,-1,-1,-1,-1,-1,-1,-1
2014100411014,1,11,0,9,0,5,0,0,0,0,1,1,1,1,58,9,6700,2,6,3,1
2014100411114,1,11,0,4,0,0,0,0,0,0,0,1,1,1,48,8,6370,2,6,-1,-1
2014100411214,1,9,0,5,0,4,0,0,0,0,1,1,2,1,47,8,1997,2,13,5,1
2014100411214,2,1,0,18,0,8,0,0,0,0,4,1,2,1,45,7,-1,-1,-1,7,1
2014100411314,1,9,0,8,0,1,0,0,0,0,4,1,6,1,-1,-1,1399,2,11,4,1
2014100411614,1,5,0,18,0,4,0,0,0,0,1,1,1,1,24,5,599,1,15,-1,1
2014100411614,2,9,0,17,0,8,0,0,0,0,4,1,6,2,39,7,1198,1,5,9,1
2014100411914,1,9,0,18,0,0,0,0,0,0,1,1,1,2,39,7,1398,1,9,9,1
2014100411914,2,9,0,4,0,0,0,0,0,0,2,1,3,1,54,8,2199,2,4,8,1
2014100412014,1,9,0,18,0,1,0,0,0,0,1,1,6,3,-1,-1,-1,-1,-1,-1,-1
2014100412014,2,9,0,4,0,1,0,0,0,0,2,1,6,1,53,8,1248,1,4,1,1
2014100412214,1,9,0,9,0,1,0,0,0,0,1,1,6,2,71,10,1390,1,2,-1,-1
2014100412214,2,9,0,18,0,1,0,0,0,0,1,1,6,2,23,5,1390,1,10,-1,1
2014100412314,1,1,0,18,0,0,0,0,0,0,3,1,6,1,15,3,-1,-1,-1,2,1
2014100412314,2,11,0,18,0,0,0,0,0,0,1,1,1,1,66,10,7300,2,14,7,1
2014100412614,1,9,0,18,0,0,0,0,0,0,1,1,6,1,42,7,1976,1,4,7,1
2014100412614,2,9,0,3,0,0,0,0,0,0,2,1,6,2,41,7,1493,2,7,7,1
2014100412714,1,9,0,5,0,0,0,0,0,0,3,1,6,2,43,7,1798,1,10,2,1
2014100412914,1,9,0,4,0,0,0,0,0,0,2,1,6,2,56,9,1398,1,3,5,1
2014100412914,2,9,0,4,0,0,0,0,0,0,1,1,6,2,35,6,1781,1,9,3,1
2014100412914,3,9,0,4,0,0,0,0,0,0,1,1,6,1,44,7,1781,1,13,1,1
2014100413014,1,11,0,5,0,0,0,0,0,0,0,1,1,1,64,9,4760,2,1,3,1
2014100413114,1,3,0,18,0,6,0,0,0,0,1,1,6,1,20,4,97,1,39,-1,-1
2014100413114,2,9,0,18,0,8,0,0,0,0,4,1,6,1,54,8,2401,2,8,1,1
2014100413114,3,19,0,18,0,6,0,0,0,0,0,1,6,3,-1,-1,-1,-1,-1,-1,-1
2014100413514,1,9,0,18,0,1,0,0,0,0,1,1,6,3,-1,-1,1596,1,15,-1,-1
2014100413514,2,9,0,9,0,6,0,0,0,0,3,1,6,1,82,11,1199,1,11,4,1
2014100413614,1,9,0,1,0,0,0,0,0,0,2,1,6,1,20,4,1248,1,2,6,1
2014100413714,1,9,0,18,0,0,0,0,0,0,1,1,6,2,67,10,1248,1,4,8,1
2014100413714,2,9,0,3,0,0,0,0,0,0,2,1,6,1,48,8,2172,2,12,9,1
2014100413914,1,9,0,7,0,1,0,0,0,0,1,1,6,1,-1,-1,1198,1,3,9,2
2014100413914,2,11,0,18,0,1,0,0,0,0,4,1,1,1,44,7,9000,2,10,2,1
2014100414114,1,19,0,4,0,0,0,0,0,0,3,1,6,1,20,4,2198,2,2,7,3
2014100414114,2,20,0,4,0,0,0,0,0,0,4,1,6,1,48,8,2,2,27,4,2
2014100414214,1,9,0,4,0,1,0,0,0,0,1,1,6,2,24,5,996,1,3,3,1
2014100414214,2,9,0,3,0,1,0,0,0,0,2,1,6,1,46,8,2143,2,3,4,3
2014100414314,1,9,0,16,0,0,1,0,0,0,1,1,6,1,21,5,1124,1,13,6,3
2014100414314,2,9,0,17,0,0,0,0,0,0,1,1,1,1,53,8,1598,2,4,-1,-1
2014100414514,1,9,0,4,0,1,0,0,0,0,1,1,6,3,-1,-1,-1,-1,-1,-1,-1
2014100414514,2,9,0,3,0,1,0,0,0,0,2,1,2,1,22,5,1461,2,1,-1,1
2014100414614,1,9,0,9,0,4,0,0,0,0,3,1,6,2,23,5,1995,2,11,7,1
2014100414614,2,1,0,18,0,8,0,0,0,0,1,1,6,1,53,8,-1,-1,-1,4,1
2014100415014,1,1,0,18,0,6,0,0,0,0,4,1,4,1,15,3,-1,-1,-1,-1,-1
2014100415014,2,9,0,18,0,8,0,0,0,0,1,1,2,1,33,6,2521,1,8,2,1
2014100415214,1,9,0,18,0,1,0,0,0,0,1,1,6,1,29,6,1994,1,13,-1,-1
2014100415214,2,9,0,3,0,1,0,0,0,0,2,1,6,1,26,6,1149,1,13,-1,-1
2014100415314,1,19,0,7,0,4,0,0,0,0,1,1,6,1,46,8,2464,2,7,2,1
2014100415314,2,9,0,7,0,4,0,0,0,0,2,1,6,1,30,6,1229,1,9,4,1
2014100415314,3,9,0,7,0,4,0,0,0,0,1,1,6,1,31,6,1582,2,2,2,1
2014100415414,1,1,0,18,0,1,0,0,0,0,1,1,1,1,8,2,-1,-1,-1,-1,-1
2014100415414,2,9,0,18,0,1,0,0,0,0,3,1,6,1,22,5,1198,1,2,3,2
2014100415714,1,9,0,18,0,8,0,0,0,0,1,1,6,1,58,9,1598,2,4,9,1
2014100415714,2,9,0,9,0,8,0,0,0,0,4,1,6,1,41,7,1086,1,4,7,1
2014100415914,1,11,0,5,0,0,0,0,0,0,0,1,1,1,44,7,-1,-1,-1,-1,-1
2014100416214,1,9,0,18,0,4,0,0,0,0,3,1,6,1,22,5,1598,1,12,1,1
2014100416914,1,9,0,4,0,0,0,0,0,0,1,1,1,1,63,9,2143,2,2,1,1
2014100416914,2,9,0,3,0,0,0,0,0,0,2,1,6,1,29,6,1399,2,4,8,1
2014100416914,3,9,0,3,0,0,0,0,0,0,2,1,6,1,50,8,1398,2,2,10,1
2014100416914,4,9,0,3,0,0,0,0,0,0,2,1,6,2,36,7,1242,1,1,2,1
2014100416914,5,9,0,3,0,0,0,0,0,0,2,1,6,2,56,9,1796,1,8,8,1
2014100417114,1,9,0,18,0,8,0,0,1,0,1,1,6,1,47,8,1398,2,1,4,1
2014100417114,2,9,0,4,0,8,0,0,1,0,2,1,1,2,22,5,1560,2,1,9,1
2014100417314,1,9,0,18,0,0,0,0,0,0,1,1,6,1,44,7,1298,1,14,1,1
2014100417314,2,9,0,4,0,0,0,0,0,0,2,1,6,2,20,4,1968,2,-1,7,1
2014100417314,3,9,0,4,0,0,0,0,0,0,2,1,6,1,43,7,1747,1,11,7,1
2014100417414,1,9,0,1,0,8,0,0,0,0,1,1,6,1,82,11,1390,1,3,6,3
2014100418014,1,9,0,18,0,8,0,0,0,0,1,1,6,1,26,6,1595,1,8,5,1
2014100418014,2,9,0,18,0,8,0,0,0,0,1,1,6,1,31,6,1796,1,9,-1,-1
2014100418214,1,9,0,9,0,6,0,0,0,0,1,1,6,3,-1,-1,-1,-1,-1,-1,-1
2014100418214,2,9,0,18,0,8,0,0,0,0,4,1,6,1,72,10,1994,1,6,7,3
2014100418414,1,9,0,18,0,0,0,0,1,5,1,1,6,2,71,10,1995,2,2,2,1
2014100418414,2,9,0,18,0,0,0,0,0,0,2,1,3,2,31,6,1360,1,14,2,1
2014100418814,1,9,0,18,0,8,0,0,0,0,1,1,1,1,37,7,1956,2,3,2,1
2014100418814,2,8,0,18,0,8,0,0,0,0,4,1,1,1,38,7,1910,2,9,-1,-1
2014100418914,1,9,0,18,0,2,0,0,0,0,1,1,1,1,53,8,1596,1,12,7,1
2014100419314,1,9,0,9,0,8,0,0,0,0,1,1,6,1,24,5,1998,1,9,1,1
2014100419714,1,9,0,18,0,1,0,0,0,0,1,1,6,3,-1,-1,-1,-1,-1,-1,-1
2014100419714,2,9,0,3,0,1,0,0,0,0,2,1,2,2,36,7,1896,2,6,5,1
2014100420014,1,9,0,11,0,1,0,0,0,0,0,1,6,3,-1,-1,-1,-1,-1,-1,-1
2014100420014,2,11,0,5,0,1,0,0,0,0,0,1,1,1,43,7,6692,2,5,2,1
2014100420114,1,9,0,18,0,0,0,0,0,0,0,1,6,3,-1,-1,-1,-1,-1,-1,-1
2014100420114,2,1,0,18,0,0,0,0,0,0,4,1,6,2,15,3,-1,-1,-1,7,1
2014100420614,1,9,0,18,0,0,0,12,0,0,1,1,6,1,53,8,1560,2,6,4,3
2014100421014,1,9,0,18,0,0,0,0,0,0,0,1,6,2,-1,-1,1598,1,12,3,2
2014100421314,1,9,0,17,0,0,0,0,0,0,1,1,6,1,52,8,1364,1,-1,-1,-1
2014100421314,2,9,0,16,0,0,0,0,0,0,1,1,6,2,64,9,1198,1,1,8,3
2014100421514,1,9,0,18,0,0,0,0,0,0,1,1,6,3,-1,-1,-1,-1,-1,-1,-1
2014100421714,1,9,0,18,0,8,0,0,0,0,1,1,6,3,-1,-1,-1,-1,-1,-1,-1
2014100421714,2,9,0,18,0,8,0,0,0,0,1,1,1,1,35,6,1896,2,9,1,1
2014100421814,1,9,0,18,0,0,0,0,0,0,1,1,6,3,-1,-1,-1,-1,-1,-1,-1
2014100422014,1,9,0,10,0,5,0,0,0,0,4,1,6,1,74,10,1193,1,1,-1,-1
2014100422014,2,9,0,18,0,8,0,0,0,0,3,1,1,1,39,7,1248,2,4,-1,-1
2014100422414,1,19,0,4,0,1,0,0,0,0,3,1,1,1,52,8,2198,2,1,1,1
2014100422514,1,9,0,18,0,1,0,0,0,0,1,1,6,2,31,6,1598,1,4,-1,-1
2014100422514,2,9,0,3,0,1,0,0,0,0,2,1,6,1,30,6,-1,-1,-1,-1,-1
2014100422714,1,9,0,5,0,2,0,0,0,0,1,1,6,2,31,6,1984,1,7,4,1
2014100422714,2,9,0,3,0,2,0,0,0,0,2,1,6,1,60,9,1461,2,8,7,1
2014100422914,1,11,0,4,0,0,0,0,0,0,0,1,1,1,54,8,6370,2,6,3,1
2014100423314,1,9,0,4,0,2,0,0,0,0,1,1,6,1,47,8,1598,1,9,1,1
2014100423314,2,9,0,3,0,2,0,0,0,0,2,1,6,2,22,5,1229,1,6,2,1
2014100423814,1,9,0,5,0,1,0,0,0,0,1,1,2,1,44,7,1461,2,1,7,1
2014100423814,2,9,0,4,0,1,0,0,0,0,2,1,6,1,41,7,1598,1,7,-1,1
2014100424314,1,9,0,7,0,5,0,0,0,0,1,1,6,3,-1,-1,1997,2,-1,-1,-1
2014100424914,1,9,0,18,0,8,0,0,0,0,4,1,6,1,58,9,1497,1,13,2,1
2014100424914,2,1,0,18,0,6,0,0,0,0,1,1,6,1,15,3,-1,-1,-1,3,1
2014100425114,1,5,0,17,0,2,1,0,0,0,3,1,6,1,42,7,1255,1,3,-1,3
2014100425514,1,19,0,18,0,0,0,0,0,0,2,1,6,1,35,6,1753,2,7,3,1
2014100425514,2,9,0,18,0,0,0,10,1,0,0,1,6,1,56,9,1198,1,2,1,1
2014100425914,1,9,0,9,0,4,0,9,0,0,0,1,1,1,53,8,-1,-1,-1,3,1
2014100426014,1,9,0,18,0,8,0,0,0,0,1,1,6,1,49,8,1991,2,9,1,1