Accident_Index,Vehicle_Reference,Vehicle_Type,Towing_and_Articulation,Vehicle_Manoeuvre,Vehicle_Location-Restricted_Lane,Junction_Location,Skidding_and_Overturning,Hit_Object_in_Carriageway,Vehicle_Leaving_Carriageway,Hit_Object_off_Carriageway,1st_Point_of_Impact,Was_Vehicle_Left_Hand_Drive?,Journey_Purpose_of_Driver,Sex_of_Driver,Age_of_Driver,Age_Band_of_Driver,Engine_Capacity_(CC),Propulsion_Code,Age_of_Vehicle,Driver_IMD_Decile,Driver_Home_Area_Type
2014100426014,2,3,0,9,0,8,0,0,0,0,3,1,6,1,20,4,124,1,14,-1,-1
2014100426214,1,9,0,18,0,8,0,0,0,0,1,1,6,1,44,7,1598,1,1,2,1
2014100426214,2,9,0,18,0,8,0,0,0,0,4,1,1,1,44,7,1997,2,4,-1,-1
2014100426514,1,9,0,18,0,1,0,0,0,0,1,1,6,1,28,6,1598,1,11,2,1
2014100426514,2,9,0,8,0,1,0,0,0,0,2,1,6,2,57,9,2497,1,9,9,1
2014100426814,1,9,0,18,0,1,0,0,0,0,1,1,6,2,51,8,1242,1,2,9,2
2014100426814,2,9,0,10,0,1,0,0,0,0,2,1,1,2,46,8,1560,2,1,4,1
2014100427114,1,11,0,5,0,2,0,0,0,0,0,1,1,1,57,9,4461,2,1,1,1
2014100427614,1,9,0,18,0,1,0,0,0,0,1,1,6,1,27,6,1968,2,9,2,3
2014100427614,2,9,0,10,0,1,0,0,1,0,2,1,6,1,21,5,1199,1,12,3,1
2014100428114,1,9,0,9,0,6,0,0,0,0,1,1,6,1,53,8,1997,2,3,6,1
2014100428114,2,9,0,18,0,8,0,0,0,0,1,1,6,2,48,8,1498,1,6,3,1
2014100428614,1,9,0,18,0,1,0,0,0,0,1,1,6,1,61,9,1497,1,12,1,1
2014100428614,2,9,0,8,0,1,0,0,0,0,2,1,1,2,24,5,1229,1,5,2,1
2014100428714,1,9,0,9,0,5,0,0,0,0,1,1,6,2,20,4,1149,1,5,6,1
2014100428714,2,9,0,18,0,8,0,0,0,0,1,1,6,2,26,6,1598,1,-1,9,1
2014100428914,1,9,0,18,0,8,0,0,0,0,1,1,6,1,62,9,2143,2,2,10,2
2014100428914,2,11,0,18,3,8,0,0,0,0,3,1,1,1,63,9,9600,2,14,6,1
2014100429214,1,9,0,18,0,1,0,0,0,0,1,1,6,1,90,11,1339,1,10,7,1
2014100429214,2,9,0,9,0,1,0,0,0,0,2,1,6,2,34,6,1198,1,3,3,1
2014100429314,1,9,0,9,0,5,0,0,0,0,3,1,6,1,28,6,1796,1,13,2,1
2014100429514,1,9,0,18,0,1,0,0,0,0,4,1,6,3,-1,-1,-1,-1,-1,-1,-1
2014100429614,1,5,0,17,0,0,5,10,0,0,1,1,6,1,34,6,599,1,19,-1,-1
2014100430514,1,11,0,9,0,5,0,0,0,0,4,1,1,1,54,8,9000,2,12,2,1
2014100430514,2,9,0,18,0,1,0,0,0,0,1,1,6,1,27,6,1686,2,12,6,1
2014100430814,1,9,0,3,0,1,0,0,0,0,2,1,6,1,55,8,1461,2,4,3,1
2014100430814,2,11,0,18,0,1,0,0,0,0,1,1,1,1,52,8,4500,2,3,1,1
2014100430914,1,9,0,18,0,0,0,0,0,0,1,1,6,2,23,5,1399,1,8,1,1
2014100431814,1,9,0,18,0,1,0,0,0,0,1,1,6,3,-1,-1,-1,-1,-1,-1,-1
2014100431814,2,9,0,10,0,1,0,0,0,0,2,1,6,1,60,9,2143,2,3,7,2
2014100432114,1,1,0,11,0,0,0,0,0,0,4,1,6,1,10,2,-1,-1,-1,1,1
2014100432114,2,9,0,15,0,0,0,0,0,0,1,1,6,2,45,7,1339,1,9,7,1
2014100432214,1,9,0,18,0,1,1,0,0,0,1,1,6,1,24,5,-1,-1,-1,5,1
2014100432214,2,10,0,9,0,8,0,0,0,0,2,1,6,1,32,6,1900,2,15,2,1
2014100432214,3,9,0,8,0,1,0,0,0,0,1,1,6,1,25,5,1995,2,-1,2,1
2014100432314,1,5,0,18,0,0,0,0,0,0,2,1,6,1,52,8,999,1,-1,10,2
2014100432814,1,9,0,18,0,1,0,0,0,0,1,1,1,1,20,4,1587,1,12,4,1
2014100432814,2,9,0,4,0,1,0,0,0,0,2,1,1,2,48,8,1461,2,-1,9,2
2014100433114,1,9,0,18,0,1,0,0,0,0,1,1,6,2,49,8,1599,1,12,1,2
2014100433114,2,9,0,3,0,1,0,0,0,0,2,1,6,1,69,10,1595,1,8,9,1
2014100433214,1,9,0,18,0,1,0,0,0,0,1,1,6,2,41,7,1988,1,11,3,1
2014100433214,2,1,0,18,0,1,0,0,0,0,1,1,6,1,13,3,-1,-1,-1,3,1
2014100433314,1,9,0,18,0,1,0,0,0,0,0,1,6,1,21,5,1229,1,2,-1,-1
2014100433314,2,19,0,2,0,1,0,0,0,9,0,1,6,1,41,7,2800,2,12,4,1
2014100433414,1,9,0,6,0,0,0,0,0,0,1,1,6,1,50,8,1896,2,5,8,3
2014100433414,2,9,0,18,0,0,0,0,0,0,1,1,6,1,61,9,1461,2,10,2,1
2014100434414,1,9,0,17,0,1,1,0,1,9,1,1,2,2,77,11,-1,-1,-1,7,3
2014100434414,2,9,0,16,0,1,0,0,0,0,3,1,6,1,48,8,1870,2,5,10,3
2014100435114,1,1,0,18,0,1,0,0,0,0,4,1,6,1,16,4,-1,-1,-1,-1,-1
2014100435114,2,9,0,18,0,1,0,0,0,0,1,1,6,2,45,7,1598,1,9,9,1
2014100435414,1,9,0,18,0,1,0,0,0,0,1,1,6,2,34,6,1461,2,1,9,1
2014100435414,2,9,0,5,0,1,0,0,0,0,2,1,6,2,44,7,1242,1,8,5,2
2014100435614,1,9,0,5,0,4,0,0,0,0,3,1,6,1,22,5,1229,1,2,8,1
2014100435614,2,1,0,18,0,8,0,0,0,0,1,1,6,1,22,5,-1,-1,-1,4,1
2014100435814,1,9,0,18,0,1,0,0,0,0,1,1,2,2,24,5,973,1,12,2,1
2014100435814,2,9,0,3,0,1,0,0,0,0,2,1,6,2,34,6,1198,1,1,4,1
2014100435814,3,9,0,3,0,1,0,0,0,0,2,1,6,2,35,6,1986,2,5,10,1
2014100435914,1,5,0,5,0,2,0,0,0,0,1,1,6,1,37,7,645,1,8,3,1
2014100435914,2,9,0,9,0,6,0,0,0,0,2,1,6,1,44,7,1461,2,4,4,1
2014100436014,1,3,0,4,0,8,0,0,0,0,1,1,6,1,17,4,125,1,6,2,1
2014100436014,2,9,0,9,0,5,0,0,0,0,3,1,6,2,47,8,998,1,1,2,1
2014100436514,1,9,0,9,0,6,0,0,0,0,1,1,6,1,45,7,1910,2,7,1,1
2014100436514,2,9,0,18,0,1,1,0,0,0,3,1,6,1,24,5,1560,2,7,2,1
2014100436614,1,9,0,5,0,8,0,0,0,0,1,1,1,1,42,7,1560,2,2,4,1
2014100436614,2,1,0,18,0,8,0,0,0,0,1,1,6,1,78,11,-1,-1,-1,5,1
2014100436714,1,9,0,17,0,0,2,0,1,0,4,1,6,1,17,4,1248,1,1,4,1
2014100437314,1,9,0,18,0,0,0,0,0,0,1,1,1,1,23,5,1124,1,11,5,2
2014100437314,2,9,0,4,0,0,0,0,0,0,2,1,1,2,33,6,1798,1,1,4,2
2014100437414,1,9,0,18,0,0,0,0,0,0,4,1,6,2,24,5,998,1,-1,-1,-1
2014100437514,1,19,0,4,0,0,0,0,0,0,1,1,1,1,44,7,2402,2,9,1,1
2014100437514,2,9,0,3,0,0,0,0,0,0,2,1,6,1,60,9,1998,1,11,9,2
2014100437514,3,9,0,3,0,0,0,0,0,0,2,1,6,1,46,8,1364,2,1,-1,-1
2014100437514,4,9,0,3,0,0,0,0,0,0,2,1,6,2,28,6,1124,1,9,-1,1
2014100437914,1,3,0,4,0,1,1,0,0,0,4,1,6,1,36,7,125,1,2,2,1
2014100438114,1,9,0,16,0,0,1,0,1,1,1,1,6,1,20,4,1870,2,11,4,2
2014100438414,1,9,0,18,0,0,0,0,0,0,3,1,6,1,27,6,2143,2,5,6,1
2014100438514,1,9,0,18,0,0,1,0,0,0,1,1,6,2,28,6,1199,1,11,1,1
2014100438514,2,9,0,4,0,0,0,0,0,0,0,1,6,1,75,10,1598,1,10,2,1
2014100438514,3,9,0,18,0,0,1,0,0,0,1,1,6,2,30,6,1124,1,10,2,1
2014100438614,1,5,0,17,0,0,5,0,8,1,1,1,6,2,38,7,-1,-1,-1,-1,-1
2014100438714,1,2,0,18,0,8,0,0,0,0,1,1,6,1,45,7,839,1,6,4,1
2014100438714,2,19,0,9,0,5,0,0,0,0,1,1,6,1,46,8,-1,-1,-1,5,1
2014100438814,1,9,0,18,0,1,0,0,1,0,4,1,6,2,28,6,1242,1,5,7,2
2014100438814,2,9,0,18,0,8,0,0,0,0,3,1,6,2,76,11,1995,1,4,7,1
2014100438914,1,9,0,18,0,0,2,0,1,4,4,2,6,2,18,4,1397,1,7,-1,-1
2014100439014,1,17,0,9,0,5,0,0,0,0,3,1,1,2,18,4,854,2,4,7,3
2014100439014,2,9,0,13,0,8,0,0,0,0,4,1,6,1,62,9,1364,2,6,1,2
2014100439214,1,9,0,9,0,6,0,0,0,0,3,1,6,1,42,7,1997,2,12,2,1
2014100439214,2,9,0,18,0,8,0,0,0,0,1,1,2,2,68,10,1398,1,7,7,3
2014100439614,1,9,0,13,0,0,0,0,0,0,4,1,6,2,34,6,1896,2,11,5,1
2014100439614,2,11,0,18,2,0,0,0,0,0,3,1,1,1,45,7,6700,2,4,1,1
2014100439914,1,1,0,18,0,0,1,11,0,0,1,1,6,1,40,7,-1,-1,-1,2,1
2014100439914,2,9,0,2,0,0,0,0,0,0,1,1,6,3,-1,-1,1968,2,7,2,1
2014100440714,1,9,0,18,0,1,0,0,0,0,1,1,6,1,29,6,1248,2,9,3,1
2014100440714,2,9,0,10,0,1,0,0,0,0,2,1,6,1,47,8,1198,1,-1,-1,-1
2014100441114,1,9,0,18,0,0,0,0,0,0,4,1,6,3,-1,-1,-1,-1,-1,-1,-1
2014100441414,1,11,0,3,0,1,0,0,0,0,0,1,1,1,53,8,6700,2,5,2,1
2014100441514,1,9,0,4,0,1,0,0,0,0,1,1,6,2,50,8,1598,1,-1,-1,-1
2014100441514,2,9,0,3,0,1,0,0,0,0,2,1,6,2,67,10,1248,2,1,5,3
2014100441514,3,9,0,3,0,1,0,0,0,0,2,1,6,1,53,8,1328,1,4,8,2
2014100441514,4,9,0,10,0,1,0,0,0,0,0,1,6,3,-1,-1,-1,-1,-1,-1,-1
2014100441714,1,9,0,12,0,1,0,0,0,0,3,1,6,1,21,5,1399,1,8,1,1
2014100441714,2,9,0,18,0,1,0,0,0,0,4,1,1,1,59,9,1360,1,6,4,1
2014100441814,1,9,0,18,0,1,0,0,0,0,1,1,6,2,26,6,1596,1,9,7,1
2014100441814,2,9,0,3,0,1,1,0,0,0,2,1,1,2,24,5,2171,2,11,-1,-1
2014100441914,1,9,0,4,0,1,0,0,0,0,1,1,6,1,25,5,1461,2,-1,1,1
2014100441914,2,9,0,3,0,1,0,0,0,0,2,1,1,1,31,6,1598,1,7,3,1
2014100442114,1,9,0,9,0,1,0,0,0,0,4,1,6,1,67,10,998,1,-1,-1,1
2014100442314,1,9,0,7,0,1,0,0,0,0,1,1,6,1,-1,-1,-1,-1,-1,2,1
2014100442314,2,9,0,8,0,1,0,0,0,0,1,1,6,2,25,5,1998,1,6,2,1
2014100442414,1,9,0,17,0,0,2,0,0,11,1,1,6,1,41,7,1998,2,7,2,2
2014100442714,1,9,0,4,0,1,0,0,0,0,2,1,1,2,-1,-1,-1,-1,-1,8,1
2014100442714,2,9,0,3,0,1,0,0,0,0,2,1,1,2,30,6,998,1,11,4,1
2014100442814,1,1,0,18,0,8,0,0,0,0,1,1,6,1,17,4,-1,-1,-1,1,1
2014100442814,2,9,0,18,0,8,0,0,0,0,4,1,6,3,32,6,1360,1,7,-1,-1
2014100442914,1,9,0,18,0,8,0,0,0,0,3,1,1,1,49,8,2231,2,8,1,1
2014100442914,2,9,0,18,0,8,0,0,0,0,1,1,2,1,24,5,1968,2,4,7,1
2014100443014,1,9,0,18,0,1,0,0,0,0,1,1,6,1,67,10,1995,1,6,4,1
2014100443014,2,9,0,4,0,1,0,0,0,0,2,1,6,1,56,9,1395,1,1,9,2
2014100443214,1,11,0,18,2,0,0,0,0,0,1,1,1,1,49,8,6692,2,5,4,1
2014100443314,1,9,0,18,0,8,0,0,0,0,4,1,6,2,35,6,1364,1,6,7,1
2014100443314,2,9,0,18,0,8,0,0,0,0,1,1,2,1,24,5,1598,1,9,4,1
2014100443914,1,9,0,18,0,1,0,0,0,0,1,1,6,1,30,6,1598,1,10,1,1
2014100444014,1,9,0,9,0,6,0,0,0,0,1,1,6,1,28,6,1596,1,8,4,1
2014100444014,2,9,0,18,0,8,0,0,0,0,1,1,6,1,34,6,1753,2,13,7,3
2014100444114,1,9,0,16,0,0,0,0,0,0,1,1,6,1,22,5,1994,1,8,4,1
2014100444114,2,9,0,18,0,0,0,0,1,0,1,1,6,1,49,8,-1,-1,-1,6,1
2014100444314,1,9,0,4,0,8,0,0,0,0,1,1,6,1,39,7,1984,1,13,6,1
2014100444314,2,9,0,3,0,8,0,0,0,0,2,1,6,2,27,6,998,1,8,7,1
2014100445114,1,9,0,16,0,0,1,0,7,10,1,1,2,2,22,5,1242,1,8,4,2
2014100445214,1,9,0,14,0,0,0,0,0,0,3,1,6,3,-1,-1,-1,-1,-1,-1,-1
2014100445214,2,9,0,2,0,0,0,0,0,0,4,1,3,2,28,6,1497,1,10,4,1
2014100446314,1,9,0,7,0,3,2,10,1,0,4,1,1,2,38,7,1242,1,3,7,1
2014100447014,1,9,0,18,0,1,0,0,0,0,3,1,6,2,60,9,1596,1,4,1,1
2014100447014,2,3,0,18,0,1,0,0,0,0,4,1,6,1,21,5,-1,-1,-1,4,1
2014100447914,1,9,0,15,0,0,0,0,0,0,0,1,6,3,-1,-1,-1,-1,-1,-1,-1
2014100447914,2,11,0,18,0,0,0,0,0,0,0,1,6,1,44,7,6871,2,11,8,1
2014100448014,1,9,0,9,0,6,0,0,0,0,1,1,6,1,58,9,1598,1,8,5,1
2014100448014,2,9,0,17,0,1,0,0,0,0,1,1,1,2,73,10,1599,1,9,6,1
2014100448314,1,9,0,18,0,0,0,0,7,0,1,1,2,2,26,6,1299,1,13,-1,-1
2014100448314,2,9,0,2,0,0,0,0,0,0,1,1,6,1,54,8,1910,2,6,6,1
2014100448314,3,9,0,2,0,0,0,0,0,0,1,1,6,1,46,8,1999,1,12,6,1
2014100448414,1,9,0,18,0,0,0,0,0,0,1,1,6,2,52,8,1588,1,10,7,1
2014100448414,2,9,0,18,0,0,0,0,0,0,2,1,6,1,50,8,1597,1,27,-1,-1
2014100448814,1,9,0,9,0,6,0,0,0,0,1,1,1,2,47,8,1149,1,12,2,1
2014100448814,2,9,0,18,0,1,0,0,0,0,1,1,6,2,57,9,1991,2,4,9,1
2014100448914,1,9,0,18,0,0,0,7,0,0,4,1,6,3,-1,-1,1598,1,1,-1,-1
2014100448914,2,9,0,18,0,0,0,0,0,0,3,1,6,1,62,9,1998,2,7,-1,-1
2014100449214,1,9,0,17,0,0,0,0,0,0,1,1,1,1,34,6,-1,-1,-1,3,1
2014100449214,2,9,0,16,0,0,0,0,0,0,1,1,1,1,70,10,-1,-1,-1,2,1
2014100449314,1,9,0,18,0,1,0,10,7,0,1,1,6,3,-1,-1,-1,-1,-1,-1,-1
2014100449314,2,1,0,18,9,2,0,0,0,0,1,1,6,1,15,3,-1,-1,-1,1,1
2014100449614,1,9,0,18,0,8,0,0,1,1,1,1,6,1,71,10,1995,2,1,7,3
2014100449614,2,9,0,18,0,8,0,0,7,0,4,1,6,1,24,5,1242,1,7,1,1
2014100449814,1,3,0,18,0,0,0,0,0,0,1,1,2,1,42,7,125,1,3,5,1
2014100449814,2,9,0,18,0,0,0,0,0,0,0,1,6,1,50,8,1598,2,1,4,1
2014100450114,1,9,0,1,0,0,0,0,0,0,2,1,1,1,47,8,2494,2,7,4,3
2014100450714,1,9,0,1,0,0,0,0,0,0,2,1,6,2,45,7,2477,2,11,2,1
2014100450714,2,9,0,2,0,0,0,0,0,0,2,1,6,1,23,5,1995,2,8,9,1
2014100450814,1,9,0,18,0,4,0,10,3,1,1,1,6,1,80,11,1360,1,7,1,1
2014100451014,1,9,0,9,0,6,0,0,0,0,3,1,6,1,43,7,1968,2,5,10,1
2014100451014,2,9,0,18,0,8,0,0,0,0,1,1,6,1,19,4,1390,1,1,2,1
2014100451214,1,19,0,11,0,0,0,0,0,0,4,1,1,1,-1,-1,7790,2,-1,3,2
2014100451214,2,9,0,18,0,0,0,0,5,6,3,1,6,2,30,6,1598,1,10,4,1
2014100451214,3,9,0,18,0,0,0,0,0,0,1,1,6,2,49,8,1149,1,4,4,1
2014100451514,1,9,0,5,0,0,0,0,0,0,1,1,6,3,-1,-1,-1,-1,-1,-1,-1
2014100451714,1,9,0,18,0,1,0,0,0,0,1,1,6,2,52,8,1598,2,1,9,1
2014100451714,2,9,0,3,0,1,0,0,0,0,2,1,1,2,43,7,1598,1,3,2,1
2014100452014,1,19,0,18,0,0,0,0,0,0,1,1,6,3,-1,-1,2148,2,6,-1,-1
2014100452114,1,9,0,4,0,0,0,0,0,0,1,1,1,2,35,6,2179,2,-1,-1,-1
2014100452114,2,1,0,18,0,0,0,0,0,0,4,1,6,1,45,7,-1,-1,-1,1,1
2014100452414,1,9,0,17,0,0,0,0,0,0,1,1,6,1,67,10,1598,1,7,3,1
2014100452414,2,8,0,16,0,0,1,0,0,0,3,1,1,2,36,7,1598,2,3,1,1
2014100452514,1,9,0,15,0,1,0,0,0,0,0,1,6,3,-1,-1,-1,-1,-1,-1,-1
2014100452514,2,11,0,5,0,1,0,0,0,0,0,1,1,1,41,7,-1,2,5,2,1
2014100452614,1,11,0,5,0,0,0,0,0,0,0,1,1,1,52,8,6370,2,1,10,1
2014100453014,1,9,0,18,0,1,0,0,5,6,3,1,2,1,24,5,2700,1,12,7,1
2014100453714,1,21,0,1,0,5,0,0,0,0,2,1,1,1,38,7,10518,2,2,-1,1
2014100453914,1,9,0,9,0,6,0,0,0,0,3,1,6,2,49,8,1798,1,-1,10,1
2014100453914,2,9,0,18,0,8,0,0,0,0,1,1,6,2,35,6,1796,1,13,5,2
2014100454114,1,9,0,18,0,1,1,0,0,0,1,1,2,1,33,6,1598,1,14,10,1
2014100454114,2,9,0,3,0,1,0,0,0,0,2,1,6,1,31,6,1896,2,13,2,1
2014100454214,1,11,0,2,0,0,0,0,0,0,0,1,1,1,34,6,6700,2,7,1,1
2014100454314,1,9,0,1,0,1,0,0,0,0,2,1,1,1,22,5,2496,2,10,10,2
2014100454314,2,9,0,3,0,1,0,0,0,0,1,1,1,1,63,9,2987,2,7,3,1
2014100454714,1,21,1,18,0,1,0,0,0,0,1,1,1,1,57,9,12740,2,4,1,1
2014100454714,2,21,1,4,0,1,0,0,0,0,2,2,1,1,33,6,-1,-1,-1,-1,-1
2014100454814,1,9,0,18,0,1,0,0,0,0,1,1,6,2,47,8,1598,1,6,6,1
2014100454814,2,9,0,8,0,1,0,0,0,0,2,1,6,1,62,9,1896,2,6,3,2
2014100454914,1,9,0,18,0,1,0,0,0,0,1,1,6,3,-1,-1,-1,-1,-1,-1,-1
2014100454914,2,9,0,8,0,1,0,0,0,0,2,1,1,2,21,5,1240,1,5,3,1
2014100455214,1,9,0,18,0,1,0,0,0,0,0,1,6,3,-1,-1,-1,-1,-1,-1,-1
2014100455214,2,11,0,4,0,1,0,0,0,0,0,1,1,1,51,8,11967,2,6,2,1
2014100455514,1,21,1,18,0,0,0,5,0,0,1,1,1,1,50,8,12130,2,10,4,1
2014100455614,1,9,0,12,0,7,0,0,8,7,3,1,2,1,23,5,1197,1,1,3,1
2014100455614,2,21,0,18,0,8,0,0,0,0,4,1,1,1,31,6,12777,2,4,-1,2
2014100455714,1,9,0,9,0,6,0,0,0,0,1,1,6,2,18,4,1242,1,10,2,1
2014100455714,2,3,0,18,0,1,1,0,0,0,4,1,6,1,28,6,124,1,5,-1,1
2014100455714,3,11,0,10,0,1,0,0,0,0,1,1,1,2,56,9,9000,2,9,2,1
2014100455814,1,9,0,18,0,1,0,0,0,0,1,1,6,1,19,4,1461,2,1,-1,3
2014100455814,2,9,0,18,0,1,0,0,0,0,1,1,6,2,21,5,1242,1,11,-1,-1
2014100455814,3,9,0,3,0,1,0,0,0,0,2,1,6,1,48,8,1598,2,2,6,1
2014100456214,1,19,0,18,0,1,0,0,0,0,1,1,1,1,53,8,-1,-1,-1,5,1
2014100456214,2,9,0,10,0,1,0,0,0,0,2,1,6,2,39,7,1390,1,7,10,1
2014100456314,1,9,0,18,0,8,0,0,0,0,1,1,6,1,23,5,-1,-1,-1,2,1
2014100456314,2,1,0,18,0,8,0,0,0,0,2,1,6,1,72,10,-1,-1,-1,3,1
2014100456514,1,9,0,18,0,0,0,0,0,0,1,1,6,1,55,8,1242,1,-1,6,3
2014100456514,2,1,0,18,0,0,0,0,0,0,2,1,6,1,43,7,-1,-1,-1,2,1
2014100456614,1,9,0,9,0,6,0,0,0,0,3,1,6,2,38,7,1896,2,10,4,1
2014100456614,2,9,0,18,0,8,0,0,0,0,3,1,6,2,52,8,1242,1,8,-1,-1
2014100457014,1,9,0,9,0,5,0,0,0,0,4,1,6,1,68,10,1598,2,-1,2,1
2014100457014,2,9,0,18,0,8,0,0,0,0,1,1,6,2,41,7,1598,1,7,5,1
2014100457114,1,19,0,5,0,1,0,0,0,0,1,1,6,1,49,8,2300,2,11,3,2
2014100457114,2,9,0,5,0,1,0,0,0,0,2,1,6,1,36,7,1995,2,6,7,1
2014100457414,1,8,0,1,0,1,0,0,0,0,2,1,1,1,40,7,1910,2,6,1,1
2014100457714,1,19,0,12,0,1,0,0,0,0,1,1,1,1,46,8,2198,2,6,2,1
2014100457714,2,9,0,18,0,1,0,0,0,0,4,1,6,2,36,7,1598,1,9,1,1
2014100458214,1,11,0,18,0,1,0,0,0,0,0,1,1,1,50,8,6370,2,7,3,1
2014100458414,1,11,0,5,0,0,0,0,3,0,0,1,6,1,28,6,4760,2,2,3,2
2014100458714,1,11,0,3,0,0,0,0,0,0,0,1,1,1,47,8,4760,2,2,7,1
2014100459014,1,9,0,13,0,0,1,0,5,6,3,1,6,1,36,7,1598,1,12,5,1
2014100459014,2,21,0,18,0,0,0,0,0,0,1,1,6,1,25,5,-1,-1,-1,-1,-1
2014100459014,3,5,0,18,0,0,0,0,0,0,1,1,6,1,41,7,749,1,5,4,1
2014100459114,1,9,0,18,0,1,0,0,0,0,1,1,6,2,47,8,1388,1,7,3,1
2014100459314,1,9,0,9,0,6,0,0,0,0,4,1,6,1,26,6,1360,1,10,2,1
2014100459314,2,9,0,18,0,8,0,0,0,0,3,1,6,2,44,7,1364,1,10,1,1
2014100459414,1,8,0,11,0,0,0,0,0,0,1,1,1,1,55,8,-1,-1,-1,1,1
2014100459414,2,9,0,18,0,0,0,0,0,0,2,1,6,2,49,8,1968,2,-1,10,1
2014100459414,3,9,0,18,0,0,0,0,0,0,1,1,6,1,68,10,1997,1,-1,7,2
2014100459514,1,9,0,18,0,1,0,0,0,0,4,1,6,2,38,7,998,1,1,2,1
2014100459614,1,9,0,7,0,6,0,0,0,0,1,1,6,2,77,11,1240,1,9,5,1
2014100459614,2,9,0,18,0,8,0,0,0,0,4,1,1,2,23,5,998,1,10,5,1
2014100459814,1,9,0,18,0,8,0,0,0,0,1,1,6,2,35,6,-1,-1,-1,4,1
2014100459814,2,9,0,18,0,8,0,0,0,0,3,1,6,1,26,6,998,1,7,5,1
2014100460114,1,9,0,18,0,8,0,0,0,0,1,1,6,1,78,11,1198,1,11,2,1
2014100460114,2,9,0,18,0,8,0,0,0,0,3,1,6,2,30,6,1360,1,8,3,2
2014100460214,1,9,0,18,0,0,0,0,0,0,3,1,2,2,20,4,1248,2,7,4,2
2014100460314,1,9,0,18,0,1,0,0,0,0,1,1,6,2,26,6,1229,1,3,6,3
2014100460314,2,9,0,7,0,5,5,0,1,0,2,1,1,1,64,9,-1,-1,-1,9,1
2014100460614,1,21,0,11,0,8,1,0,0,0,4,1,1,1,66,10,9364,2,12,8,3
2014100460614,2,9,0,18,0,8,0,10,0,0,3,1,6,2,27,6,2993,2,7,2,1
2014100460914,1,9,0,18,0,8,0,0,0,0,1,1,6,1,26,6,2720,2,6,4,1
2014100460914,2,9,0,18,0,8,0,0,0,0,3,1,1,1,46,8,3628,2,7,6,1
2014100461214,1,9,0,18,0,8,1,0,0,0,1,1,6,3,-1,-1,1587,1,12,-1,-1
2014100461214,2,9,0,18,0,8,0,0,0,0,4,1,1,2,44,7,1956,2,5,6,2
2014100461314,1,9,0,7,0,8,0,0,0,0,1,1,6,2,18,4,999,1,1,6,1
2014100461314,2,3,0,7,0,8,0,0,0,0,2,1,6,1,35,6,125,1,5,3,1
2014100461414,1,9,0,4,0,1,0,0,0,0,1,1,6,1,50,8,1968,2,7,-1,1
2014100461414,2,9,0,3,0,1,0,0,0,0,2,1,6,2,60,9,1896,2,11,1,1
2014100461414,3,9,3,3,0,1,0,0,0,0,2,1,6,1,60,9,1956,2,2,1,1
2014100461914,1,9,0,18,0,0,0,0,7,11,1,1,6,2,87,11,998,1,13,-1,-1
2014100462214,1,9,0,12,0,3,0,0,0,0,3,1,6,1,57,9,1364,2,3,-1,3
2014100462214,2,9,0,18,0,3,0,0,1,0,4,1,6,2,56,9,1598,1,1,4,1
2014100462714,1,9,0,1,0,0,0,0,0,0,2,1,6,1,27,6,1995,2,10,1,1
2014100462714,2,9,0,2,0,0,0,0,0,0,1,1,6,2,34,6,-1,-1,-1,8,1
2014100462914,1,9,0,18,0,1,0,0,0,0,1,1,6,1,-1,-1,1597,1,9,6,1
2014100462914,2,9,0,18,0,1,0,0,0,0,2,1,6,1,48,8,998,1,4,6,1
2014100463014,1,9,0,18,0,0,0,0,0,0,1,1,6,1,25,5,1248,1,5,6,1
2014100463014,2,9,0,3,0,0,0,0,0,0,2,1,6,2,42,7,1149,1,11,5,1
2014100463014,3,90,0,3,0,0,0,0,0,0,2,1,1,2,47,8,2298,2,3,7,1
2014100463614,1,9,0,7,0,6,0,0,0,0,4,1,6,1,67,10,1368,1,2,10,1
2014100463714,1,9,0,9,0,5,0,0,0,0,1,1,6,3,-1,-1,-1,-1,-1,-1,-1
2014100463714,2,1,0,4,0,8,0,0,0,0,1,1,6,1,29,6,-1,-1,-1,4,1
2014100464014,1,9,0,18,0,1,1,0,0,0,1,1,6,1,32,6,998,1,1,4,1
2014100464114,1,9,0,16,0,0,0,0,0,0,1,1,6,1,23,5,1124,1,12,3,1
2014100464114,2,9,0,17,0,0,0,0,0,0,2,1,6,1,42,7,1997,2,10,2,2
2014100464614,1,11,0,2,0,0,0,0,0,0,0,1,1,1,64,9,9000,2,10,-1,-1
2014100464814,1,9,0,12,0,8,0,0,0,0,0,1,2,2,46,8,1390,1,12,3,1
2014100464814,2,9,0,18,0,8,0,0,0,0,2,1,6,1,29,6,1781,1,11,7,1
2014100464814,3,9,0,18,0,8,0,0,0,0,1,1,2,2,23,5,-1,-1,-1,3,1
2014100464914,1,9,0,4,0,1,0,0,0,0,1,1,6,1,22,5,1796,1,10,-1,1
2014100464914,2,9,0,3,0,1,0,0,0,0,2,1,1,2,38,7,1499,2,1,6,2