Accident_Index,Vehicle_Reference,Vehicle_Type,Towing_and_Articulation,Vehicle_Manoeuvre,Vehicle_Location-Restricted_Lane,Junction_Location,Skidding_and_Overturning,Hit_Object_in_Carriageway,Vehicle_Leaving_Carriageway,Hit_Object_off_Carriageway,1st_Point_of_Impact,Was_Vehicle_Left_Hand_Drive?,Journey_Purpose_of_Driver,Sex_of_Driver,Age_of_Driver,Age_Band_of_Driver,Engine_Capacity_(CC),Propulsion_Code,Age_of_Vehicle,Driver_IMD_Decile,Driver_Home_Area_Type
2014100504714,1,9,0,9,0,8,0,0,0,0,3,1,6,1,59,9,1229,1,2,4,1
2014100504714,2,9,0,18,0,1,0,0,0,0,1,1,6,1,29,6,1560,2,6,8,1
2014100504814,1,90,0,18,0,1,0,0,0,0,1,1,1,1,55,8,2143,2,2,5,2
2014100504814,2,9,0,3,0,1,0,0,0,0,2,1,6,2,54,8,1598,2,2,8,3
2014100505014,1,19,0,18,0,0,0,0,0,0,1,1,6,3,-1,-1,1995,2,7,-1,-1
2014100505014,2,11,0,3,0,0,0,0,0,0,2,1,1,1,38,7,-1,-1,-1,2,1
2014100505214,1,9,0,1,0,0,0,0,0,0,2,1,6,2,27,6,-1,-1,-1,3,1
2014100505214,2,9,0,18,0,0,0,0,0,0,3,1,2,1,42,7,1796,1,11,6,1
2014100505514,1,9,0,9,0,6,0,0,0,0,1,1,2,2,37,7,1242,1,2,9,1
2014100505514,2,19,0,18,0,8,0,0,0,0,4,1,1,1,52,8,1248,2,1,2,1
2014100505714,1,9,0,2,0,1,0,0,0,0,3,1,6,2,17,4,1197,1,-1,2,1
2014100505714,2,1,0,14,0,1,0,8,0,0,1,1,2,1,54,8,-1,-1,-1,2,1
2014100506014,1,9,0,7,0,6,0,0,0,0,1,1,2,1,42,7,1998,2,7,2,1
2014100506014,2,9,0,18,0,1,0,0,0,0,4,1,2,2,26,6,-1,-1,-1,8,1
2014100506114,1,9,0,13,0,8,0,0,1,0,1,1,2,1,28,6,-1,-1,-1,2,2
2014100506114,2,9,0,9,0,8,0,0,0,0,1,1,6,1,30,6,2979,1,11,9,1
2014100506314,1,9,0,18,0,0,0,0,0,0,1,1,6,1,27,6,-1,-1,-1,-1,1
2014100506314,2,9,0,18,0,0,0,0,0,0,2,1,6,1,51,8,1997,2,9,8,1
2014100506314,3,9,0,18,0,0,0,0,0,0,1,1,6,1,54,8,1598,2,5,4,1
2014100506314,4,9,0,4,0,0,0,0,0,0,2,1,6,2,38,7,1461,2,-1,2,1
2014100506614,1,9,0,18,0,8,0,0,0,0,4,1,6,3,-1,-1,-1,-1,-1,-1,-1
2014100506714,1,8,0,5,0,1,0,0,0,0,0,1,1,1,37,7,1686,2,7,3,1
2014100507114,1,9,0,18,0,8,0,9,3,1,1,1,6,2,53,8,1896,2,11,10,1
2014100507214,1,9,0,18,0,8,1,0,3,11,1,1,6,1,29,6,-1,-1,-1,-1,-1
2014100507714,1,5,0,18,0,1,2,0,0,0,1,1,6,1,33,6,600,2,16,-1,1
2014100507814,1,11,0,18,0,0,0,0,0,0,0,1,1,2,58,9,3900,2,8,7,1
2014100507914,1,9,0,16,0,3,1,10,2,5,3,1,6,1,25,5,1598,1,11,5,1
2014100508614,1,3,0,9,0,4,0,0,0,0,4,1,6,1,19,4,123,1,27,2,1
2014100508614,2,9,0,9,0,4,0,0,0,0,3,1,6,1,69,10,1560,2,6,3,1
2014100508814,1,9,0,18,0,8,0,0,3,0,1,1,6,1,33,6,1199,1,10,1,1
2014100508814,2,9,0,18,0,8,0,0,1,0,4,1,6,1,68,10,-1,-1,-1,8,1
2014100508914,1,9,0,18,0,0,0,0,0,6,3,1,1,1,24,5,-1,-1,-1,6,1
2014100509014,1,9,0,18,0,0,0,0,0,0,1,1,1,1,32,6,1998,2,10,1,1
2014100509014,2,9,0,2,0,0,0,0,0,0,1,1,6,3,-1,-1,-1,-1,-1,-1,-1
2014100509114,1,5,0,18,0,4,1,0,0,0,4,1,6,1,54,8,1215,1,1,9,1
2014100509314,1,8,0,18,0,8,0,0,0,0,1,1,1,1,44,7,1995,2,4,4,1
2014100509314,2,9,0,9,0,6,0,0,0,0,1,1,6,2,65,9,1198,1,4,2,1
2014100510214,1,9,0,18,0,1,0,0,1,5,1,1,6,1,24,5,1242,1,7,4,1
2014100510314,1,19,0,3,0,0,0,0,0,0,2,1,1,1,50,8,2402,2,3,-1,-1
2014100510314,2,9,0,18,0,0,0,0,0,0,1,1,2,1,34,6,2488,2,7,7,1
2014100510514,1,21,1,12,0,0,0,0,0,0,4,2,1,1,-1,-1,-1,-1,-1,-1,-1
2014100510514,2,9,0,13,0,0,0,0,0,0,4,1,1,1,49,8,1598,1,12,1,1
2014100510714,1,5,0,9,0,5,0,0,0,0,1,1,6,2,51,8,599,1,20,3,1
2014100510714,2,5,0,18,0,8,0,0,0,0,3,1,6,1,55,8,1402,1,10,-1,3
2014100510914,1,9,0,4,0,1,0,0,0,0,1,1,6,1,20,4,999,1,14,7,1
2014100510914,2,9,0,3,0,1,0,0,0,0,2,1,6,1,36,7,2179,2,1,9,2
2014100510914,3,9,0,3,0,1,0,0,0,0,2,1,6,2,50,8,1396,1,3,8,1
2014100511014,1,9,0,8,0,1,0,0,0,0,1,2,6,2,37,7,1999,1,7,4,1
2014100511014,2,9,0,8,0,1,0,0,0,0,1,2,6,1,41,7,1995,2,9,8,1
2014100511114,1,9,0,5,0,1,0,0,0,0,1,1,6,1,20,4,1199,1,13,-1,-1
2014100511114,2,9,0,3,0,1,0,0,0,0,2,1,6,1,67,10,1398,1,2,1,1
2014100511214,1,9,0,9,0,6,0,0,0,0,3,1,6,1,39,7,1896,2,5,6,1
2014100511414,1,9,0,18,0,1,0,0,0,0,1,1,6,1,51,8,1995,2,11,2,1
2014100511414,2,1,0,18,0,8,0,0,0,0,4,1,6,1,47,8,-1,-1,-1,9,1
2014100511514,1,9,0,18,0,0,0,0,7,3,1,1,6,2,19,4,1796,1,14,5,1
2014100511714,1,9,0,18,0,8,0,0,0,0,3,1,6,2,81,11,1240,1,10,9,1
2014100511714,2,3,0,18,0,8,0,0,0,0,1,1,6,1,20,4,124,1,1,5,1
2014100511714,3,9,0,2,0,1,0,0,0,0,1,1,6,3,-1,-1,1995,2,2,5,1
2014100511714,4,9,0,2,0,1,0,0,3,0,0,1,6,3,-1,-1,3824,1,9,5,1
2014100511714,5,9,0,2,0,1,0,0,0,0,0,1,6,3,-1,-1,2967,2,2,5,1
2014100511814,1,5,0,14,0,0,0,0,0,0,0,1,6,1,50,8,2294,1,9,-1,3
2014100511814,2,9,0,3,0,0,0,0,0,0,0,1,6,2,58,9,2402,2,12,5,2
2014100511914,1,9,0,13,0,1,0,0,0,0,0,1,6,3,-1,-1,-1,-1,-1,-1,-1
2014100511914,2,1,0,18,0,1,0,0,1,2,1,1,6,1,43,7,-1,-1,-1,2,1
2014100512414,1,9,0,18,0,0,0,0,7,2,1,1,6,1,20,4,973,1,13,6,3
2014100512814,1,9,0,11,0,8,0,0,0,0,4,1,6,2,64,9,1596,1,8,10,1
2014100512814,2,9,0,18,0,8,0,0,0,0,3,1,1,1,41,7,1248,2,1,1,1
2014100512914,1,19,0,9,0,5,0,0,0,0,3,1,1,1,54,8,2198,2,-1,7,1
2014100512914,2,9,0,18,0,8,0,0,0,0,1,1,2,2,25,5,-1,-1,-1,7,1
2014100513014,1,9,0,5,0,1,0,0,0,0,1,1,6,2,30,6,1769,1,11,-1,-1
2014100513514,1,9,0,18,0,6,0,0,0,0,4,1,6,3,-1,-1,-1,-1,-1,-1,-1
2014100513514,2,3,0,18,0,8,0,0,0,0,1,1,6,1,44,7,125,1,9,-1,-1
2014100513614,1,9,0,18,0,1,0,0,0,0,1,1,6,3,-1,-1,-1,-1,-1,-1,-1
2014100513714,1,9,0,9,0,5,0,0,0,0,1,1,1,2,69,10,2204,2,5,6,3
2014100513714,2,1,0,18,0,8,0,0,0,0,1,1,6,1,51,8,-1,-1,-1,9,1
2014100513814,1,9,0,5,0,1,0,0,0,0,1,1,6,1,72,10,1794,1,6,-1,1
2014100513814,2,1,0,18,0,8,0,0,0,0,1,1,6,2,10,2,-1,-1,-1,1,1
2014100514014,1,9,0,18,0,1,0,0,0,0,1,1,6,1,92,11,1587,1,10,10,2
2014100514014,2,21,0,10,0,1,0,0,0,0,2,1,1,1,64,9,12130,2,10,6,2
2014100514114,1,19,0,18,0,8,0,0,0,0,2,1,1,1,57,9,2402,2,3,-1,-1
2014100514114,2,9,0,5,0,4,0,0,0,0,1,1,1,1,56,9,-1,-1,-1,4,1
2014100514314,1,9,0,18,0,1,0,0,0,0,3,1,6,3,-1,-1,-1,-1,-1,-1,-1
2014100514314,2,1,0,18,0,1,0,0,0,0,1,1,1,1,29,6,-1,-1,-1,-1,-1
2014100514414,1,9,0,7,0,6,0,0,0,0,1,1,6,1,74,10,-1,-1,-1,5,1
2014100514614,1,5,0,18,0,8,1,0,0,0,1,1,6,1,47,8,1250,1,12,-1,-1
2014100514614,2,9,0,9,0,5,0,0,0,0,1,1,6,2,61,9,1461,2,2,6,1
2014100514814,1,9,0,9,0,5,0,0,0,0,0,1,6,1,77,11,1398,1,2,2,1
2014100514814,2,1,0,18,0,8,0,0,0,0,1,1,6,1,23,5,-1,-1,-1,10,1
2014100515114,1,9,0,1,0,6,0,0,0,0,2,1,6,2,34,6,1149,1,11,1,1
2014100515114,2,9,0,18,0,8,0,0,0,0,1,1,6,1,26,6,1896,2,12,-1,-1
2014100515214,1,9,0,7,0,5,0,0,0,0,4,1,6,3,-1,-1,-1,-1,-1,-1,-1
2014100515214,2,1,0,18,0,8,0,0,0,0,3,1,2,1,17,4,-1,-1,-1,9,1
2014100515514,1,9,0,5,0,4,0,0,0,0,1,1,1,1,53,8,1598,2,4,2,1
2014100515514,2,1,0,18,0,4,0,0,0,0,2,1,1,1,42,7,-1,-1,-1,-1,-1
2014100515614,1,9,0,18,0,1,1,0,0,0,1,1,6,1,57,9,1587,1,7,1,1
2014100515614,2,9,0,18,0,1,0,0,0,0,2,1,6,2,37,7,998,1,-1,3,2
2014100515714,1,1,0,18,9,8,0,0,0,0,1,1,6,2,16,4,-1,-1,-1,8,1
2014100515714,2,9,0,9,0,5,0,0,0,0,2,1,6,2,39,7,1598,1,4,3,1
2014100515714,3,9,0,10,0,1,0,0,0,0,4,1,6,1,46,8,1598,1,2,4,1
2014100515814,1,9,0,18,0,0,0,0,0,0,3,1,6,2,28,6,1198,1,3,2,1
2014100515814,2,9,0,2,0,0,0,0,0,0,0,1,6,1,69,10,2148,2,8,10,2
2014100515914,1,9,0,18,0,8,0,0,0,0,3,1,6,1,51,8,1368,1,4,2,1
2014100515914,2,1,0,18,0,8,0,0,0,0,1,1,6,1,55,8,-1,-1,-1,-1,1
2014100516014,1,8,0,16,0,0,0,0,0,0,4,1,1,1,46,8,1910,2,7,1,1
2014100516214,1,22,0,18,9,0,0,0,0,0,1,1,6,3,-1,-1,-1,-1,-1,-1,-1
2014100516814,1,1,0,18,0,0,0,0,0,0,1,1,6,1,6,2,-1,-1,-1,2,1
2014100516814,2,9,0,18,0,0,0,0,0,0,4,1,6,1,50,8,1398,1,11,4,1
2014100517014,1,9,0,9,0,6,0,0,0,0,1,1,6,2,17,4,1360,1,10,2,1
2014100517014,2,2,0,17,0,8,0,0,0,0,4,1,2,2,22,5,49,1,3,-1,-1
2014100517714,1,19,0,18,0,1,0,0,1,0,1,1,1,1,39,7,1995,2,4,-1,3
2014100517714,2,9,0,4,0,1,0,0,0,0,2,1,1,1,69,10,1968,2,2,4,3
2014100517814,1,9,0,5,0,2,0,0,0,0,1,1,6,2,19,4,1248,2,10,5,1
2014100517814,2,9,0,14,0,2,0,0,0,0,4,1,6,2,25,5,1299,1,13,5,1
2014100518014,1,8,0,9,0,5,0,0,0,0,1,1,1,1,27,6,-1,-1,-1,4,1
2014100518014,2,1,0,13,0,8,0,0,0,0,1,1,2,1,36,7,-1,-1,-1,2,1
2014100518214,1,9,0,18,0,0,0,0,0,0,4,1,6,1,43,7,1968,2,3,-1,-1
2014100518214,2,9,0,2,0,0,0,0,0,0,3,1,6,1,50,8,1896,2,12,-1,-1
2014100518414,1,8,0,9,0,6,0,0,0,0,3,1,1,1,42,7,1910,2,8,3,1
2014100518414,2,9,0,18,0,8,0,0,0,0,1,1,6,2,21,5,1242,1,-1,3,1
2014100518714,1,9,0,18,0,8,0,0,0,0,3,1,6,2,27,6,1242,1,10,4,1
2014100518714,2,9,0,18,0,8,0,0,0,0,4,1,6,2,23,5,1796,1,10,3,1
2014100518914,1,9,0,18,0,0,0,0,0,0,3,1,4,2,48,8,1398,1,1,5,1
2014100519014,1,9,0,5,0,0,0,0,0,0,0,1,6,1,23,5,1229,1,1,2,1
2014100519014,2,11,0,18,0,0,0,0,0,0,0,1,6,1,35,6,6871,2,8,-1,-1
2014100519314,1,1,0,16,0,0,5,0,0,0,1,1,1,1,21,5,-1,-1,-1,4,1
2014100519314,2,9,0,17,0,0,0,0,0,0,3,1,1,2,37,7,1598,1,6,-1,1
2014100519514,1,9,0,5,0,0,0,0,0,0,0,1,6,1,37,7,1769,1,9,2,1
2014100519514,2,9,0,18,0,0,1,0,7,10,1,1,6,1,26,6,1596,1,2,-1,-1
2014100519514,3,9,0,2,0,0,0,0,0,0,2,1,6,1,-1,-1,1896,2,9,-1,-1
2014100519514,4,9,0,2,0,0,0,0,0,0,1,1,6,1,41,7,1968,2,11,-1,-1
2014100519614,1,1,0,18,0,0,0,0,0,0,1,1,6,1,19,4,-1,-1,-1,2,1
2014100519614,2,9,0,2,0,0,0,0,0,0,1,1,6,1,55,8,1390,1,13,-1,-1
2014100520014,1,5,0,16,0,0,2,0,0,0,1,1,6,1,52,8,899,1,17,-1,-1
2014100520014,2,9,0,17,0,0,0,0,0,0,3,1,6,1,67,10,1397,1,2,-1,3
2014100520414,1,9,0,18,0,0,0,0,0,0,1,1,6,1,33,6,1596,1,7,9,1
2014100520414,2,9,0,18,0,0,0,0,0,0,2,1,6,1,26,6,1910,2,6,-1,-1
2014100520514,1,9,0,9,0,8,0,0,0,0,1,1,6,2,61,9,1399,2,8,2,1
2014100520514,2,19,0,16,0,8,0,0,0,3,1,1,2,1,42,7,-1,-1,-1,7,1
2014100520614,1,11,0,14,0,0,0,0,1,11,1,1,1,1,48,8,4250,2,3,1,1
2014100520614,2,9,0,2,0,0,0,0,0,0,2,1,6,1,70,10,1598,1,2,7,1
2014100520714,1,9,0,15,0,8,0,0,0,0,0,1,6,3,-1,-1,1968,2,7,-1,-1
2014100520714,2,9,0,18,0,8,0,0,0,0,0,1,6,2,34,6,1796,1,10,1,1
2014100520814,1,11,0,4,0,0,0,0,0,0,0,1,1,1,25,5,9000,5,-1,1,2
2014100521114,1,9,0,5,0,0,0,0,0,0,4,1,6,1,26,6,1598,1,14,-1,-1
2014100521114,2,9,0,18,0,0,0,0,0,0,3,1,6,1,27,6,998,1,17,3,2
2014100521714,1,9,0,9,0,5,0,0,0,0,1,1,1,1,44,7,1199,1,12,-1,-1
2014100521714,2,8,0,5,0,8,0,0,0,0,1,1,6,2,56,9,1896,2,5,3,1
2014100521814,1,9,0,5,0,8,0,0,0,0,1,1,6,3,-1,-1,-1,-1,-1,-1,-1
2014100521814,2,1,0,18,0,8,0,0,0,0,3,1,1,1,36,7,-1,-1,-1,3,1
2014100522014,1,9,0,1,0,0,0,0,0,0,2,1,1,1,54,8,1997,2,2,3,1
2014100522014,2,9,0,2,0,0,0,0,0,0,2,1,6,2,21,5,1242,1,1,5,1
2014100522314,1,1,0,18,0,0,0,0,0,0,0,1,6,1,51,8,-1,-1,-1,2,1
2014100522314,2,5,0,18,0,0,0,0,0,0,4,1,6,1,58,9,600,1,10,10,1
2014100522914,1,9,0,1,0,0,0,0,0,0,2,1,6,3,-1,-1,-1,-1,-1,-1,-1
2014100522914,2,9,0,2,0,0,0,0,0,0,2,1,6,1,30,6,1753,1,14,5,1
2014100523414,1,9,0,4,0,1,0,0,0,0,1,1,6,1,18,4,1587,1,12,1,2
2014100523414,2,9,0,3,0,1,0,0,0,0,2,1,1,2,23,5,1598,1,6,6,1
2014100523514,1,9,0,9,0,6,0,0,0,0,1,1,6,2,49,8,2400,2,1,8,3
2014100523514,2,9,0,18,0,8,0,0,0,0,2,1,6,1,44,7,2698,2,7,6,3
2014100523814,1,9,0,9,0,5,0,0,0,0,1,1,6,2,18,4,875,1,3,10,1
2014100523814,2,1,0,18,0,8,0,0,0,0,1,1,6,1,45,7,-1,-1,-1,7,1
2014100524014,1,9,0,13,0,1,1,0,0,0,1,1,6,1,19,4,2616,1,7,-1,-1
2014100524014,2,9,0,18,0,1,1,0,0,0,3,1,6,2,72,10,1360,1,11,4,1
2014100524114,1,9,0,5,0,0,0,0,0,0,1,1,6,2,40,7,1198,1,4,1,1
2014100524114,2,5,0,18,0,0,0,0,0,0,4,1,6,1,45,7,649,1,2,2,1
2014100524214,1,3,0,4,0,1,1,0,0,0,4,1,2,1,18,4,124,1,1,9,2
2014100524614,1,9,0,18,0,0,0,0,0,0,1,1,6,3,-1,-1,1598,1,8,-1,-1
2014100524614,2,9,0,3,0,0,0,0,0,0,2,1,6,2,41,7,1248,2,-1,2,1
2014100525014,1,9,0,9,0,5,0,0,0,0,1,1,6,1,49,8,2179,2,9,8,2
2014100525014,2,1,0,18,0,8,0,0,0,0,1,1,6,1,55,8,-1,-1,-1,-1,-1
2014100525114,1,9,0,1,0,0,0,0,0,0,3,1,6,1,30,6,1596,1,3,3,2
2014100525114,2,9,0,3,0,0,0,0,0,0,4,1,1,1,25,5,-1,-1,-1,1,1
2014100525214,1,9,0,18,0,0,0,0,0,0,4,1,6,1,22,5,1598,1,6,3,1
2014100525314,1,11,0,4,0,1,0,0,0,0,0,1,1,1,33,6,6692,2,5,4,1
2014100525414,1,9,0,1,0,1,0,0,0,0,2,1,6,1,31,6,1896,2,12,-1,-1
2014100525514,1,9,0,18,0,8,0,0,0,0,0,1,2,1,38,7,1598,2,1,7,1
2014100525514,2,1,0,18,0,8,0,0,0,0,0,1,6,1,63,9,-1,-1,-1,-1,-1
2014100525614,1,9,0,6,0,1,0,0,0,0,1,1,1,1,47,8,1910,2,5,4,1
2014100525614,2,9,0,18,0,1,0,0,7,1,1,1,6,2,57,9,1997,2,7,8,1
2014100525914,1,9,0,18,0,0,0,0,0,0,1,1,6,1,27,6,1598,1,11,1,1
2014100525914,2,19,0,18,0,0,0,0,0,0,2,1,1,1,55,8,1248,2,1,1,1
2014100526014,1,9,0,11,0,1,0,0,0,0,0,1,6,3,-1,-1,-1,-1,-1,-1,-1
2014100526014,2,11,0,18,0,1,0,0,0,0,0,1,1,1,45,7,-1,-1,-1,1,1
2014100526014,3,9,0,10,0,1,0,0,0,0,0,1,6,3,-1,-1,-1,-1,-1,1,1
2014100526214,1,9,0,18,0,1,0,0,0,0,3,1,2,1,49,8,1198,1,6,-1,1
2014100526214,2,9,0,18,0,1,0,0,0,0,1,1,1,1,67,10,1560,2,6,9,1
2014100526414,1,9,0,18,0,1,0,0,0,0,1,1,6,1,76,11,996,1,2,9,1
2014100526414,2,9,0,10,0,1,0,0,0,0,2,1,6,2,63,9,1364,1,7,4,2
2014100526714,1,9,0,18,0,0,0,0,0,0,4,1,6,1,30,6,1994,1,16,2,1
2014100526714,2,5,0,18,0,0,0,0,0,0,3,1,6,1,44,7,883,1,16,2,1
2014100526914,1,9,0,5,0,0,0,0,0,0,1,1,6,1,-1,-1,1588,1,13,2,1
2014100526914,2,9,0,2,0,0,0,0,0,0,2,1,6,2,30,6,1753,2,7,-1,-1
2014100527014,1,9,0,18,0,0,0,0,0,0,1,1,6,2,22,5,1248,2,9,2,1
2014100527014,2,9,0,3,0,0,0,0,0,0,2,1,6,2,27,6,1995,2,5,3,1
2014100527014,3,9,0,18,0,0,0,0,0,0,0,1,6,1,22,5,1590,1,12,1,1
2014100527214,1,9,0,18,0,1,0,0,0,0,4,1,6,1,61,9,1796,1,10,2,1
2014100527414,1,9,0,18,0,1,0,0,0,0,1,1,1,1,53,8,1910,2,8,9,1
2014100527414,2,9,0,6,0,1,1,0,0,0,2,1,1,1,53,8,1995,2,9,3,1
2014100527514,1,9,0,11,0,8,0,0,0,0,4,1,6,1,37,7,1498,1,7,1,1
2014100527514,2,9,0,18,0,8,5,0,1,2,3,1,6,1,38,7,2967,2,-1,5,1
2014100527614,1,21,1,7,0,8,0,0,1,1,4,1,1,1,25,5,12900,2,7,2,1
2014100527914,1,9,0,18,0,8,0,0,0,0,3,1,2,1,37,7,1896,1,16,1,1
2014100528214,1,19,0,9,0,6,0,0,0,0,3,1,6,2,35,6,1995,2,1,5,1
2014100528214,2,5,0,18,0,8,1,0,0,0,1,1,6,1,41,7,750,1,26,5,1
2014100528314,1,9,0,9,0,8,0,0,0,0,4,1,6,2,81,11,1240,1,8,-1,-1
2014100528314,2,9,0,18,0,1,0,0,0,0,1,1,6,1,26,6,998,1,9,4,2
2014100528414,1,9,0,4,0,0,0,0,0,0,4,1,6,1,50,8,1198,1,2,-1,1
2014100528414,2,1,0,18,0,0,0,0,0,0,1,1,6,1,17,4,-1,-1,-1,-1,-1
2014100528514,1,9,0,18,0,0,0,0,0,0,1,1,6,1,42,7,1461,2,4,3,1
2014100528514,2,9,0,4,0,0,0,0,0,0,2,1,6,1,32,6,1794,1,14,4,1
2014100528614,1,9,0,1,0,0,0,0,0,0,2,1,6,2,53,8,2231,2,2,-1,-1
2014100528814,1,9,0,18,0,0,0,4,0,0,1,1,1,1,40,7,1896,2,7,2,1
2014100528814,2,9,0,2,0,0,0,0,0,0,2,1,6,3,-1,-1,2987,2,7,2,1
2014100529014,1,9,0,18,0,8,0,0,0,0,1,1,1,1,45,7,1896,2,12,1,1
2014100529314,1,9,0,18,0,0,0,0,0,0,1,1,6,3,-1,-1,-1,-1,-1,-1,-1
2014100529314,2,1,0,18,0,0,0,0,0,0,1,1,6,1,14,3,-1,-1,-1,1,1
2014100529414,1,9,0,18,0,1,0,0,1,11,1,1,6,2,46,8,1560,2,-1,3,1
2014100529614,1,5,0,17,0,0,0,0,0,0,3,1,6,1,54,8,885,1,19,4,1
2014100529814,1,9,0,18,0,1,0,0,0,0,1,1,6,3,-1,-1,-1,-1,-1,-1,-1
2014100529914,1,9,0,9,0,6,0,0,0,0,3,1,6,2,47,8,1997,2,9,7,3
2014100529914,2,1,0,18,0,8,1,0,0,0,1,1,2,1,49,8,-1,-1,-1,7,1
2014100530514,1,9,0,9,0,6,0,0,0,0,3,1,6,1,90,11,1329,1,2,1,1
2014100530514,2,9,0,18,0,8,0,0,0,0,1,1,6,1,60,9,1398,1,14,5,2
2014100531014,1,9,0,16,0,0,1,10,5,6,3,1,6,1,27,6,1596,1,17,2,1
2014100531114,1,9,0,18,0,0,0,0,0,0,1,1,6,2,-1,-1,998,1,8,9,1
2014100531114,2,9,0,18,0,0,0,0,0,0,2,1,6,2,38,7,1984,2,1,9,1
2014100531414,1,9,0,18,0,0,0,0,0,0,1,1,6,2,34,6,1796,1,11,3,2
2014100531414,2,9,0,18,0,0,0,0,0,0,2,1,6,2,40,7,1386,1,5,8,2
2014100531414,3,9,0,18,0,0,0,0,0,0,2,1,6,2,27,6,-1,-1,-1,1,1
2014100531714,1,9,0,18,0,1,0,0,0,0,1,1,6,1,-1,-1,1598,1,6,-1,-1
2014100531714,2,9,0,3,0,1,0,0,0,0,2,1,1,2,27,6,1242,1,4,8,1
2014100531914,1,9,0,18,0,1,0,0,0,0,1,1,6,1,-1,-1,1995,2,-1,8,1
2014100531914,2,9,0,10,0,1,0,0,0,0,2,1,3,2,73,10,-1,-1,-1,5,1
2014100532014,1,3,0,18,0,8,0,0,0,0,4,1,6,1,23,5,125,1,-1,7,1
2014100532014,2,9,0,7,0,4,0,0,0,0,3,1,6,2,30,6,1995,2,6,9,1
2014100532414,1,9,0,4,0,1,0,0,0,0,1,1,6,3,-1,-1,-1,-1,-1,-1,-1
2014100532414,2,9,0,8,0,1,0,0,0,0,2,1,1,2,51,8,1242,1,1,2,1
2014100533014,1,9,0,18,0,0,0,0,0,0,0,1,6,3,-1,-1,-1,-1,-1,-1,-1
2014100533014,2,11,0,5,0,0,0,0,0,0,1,1,1,1,33,6,-1,-1,-1,2,1
2014100533014,3,9,0,18,0,0,1,0,0,0,2,1,6,1,61,9,1598,1,10,1,1
2014100533114,1,9,0,9,0,5,0,0,0,0,1,1,2,2,32,6,1299,1,8,-1,1
2014100533114,2,1,0,18,0,6,0,0,0,0,1,1,6,1,8,2,-1,-1,-1,7,1
2014100533214,1,1,0,9,0,4,0,0,0,0,2,1,6,1,18,4,-1,-1,-1,2,1
2014100533214,2,9,0,17,0,8,0,0,0,0,4,1,6,2,22,5,1686,2,4,3,1
2014100533814,1,1,0,16,0,0,0,0,8,0,3,1,6,1,40,7,-1,-1,-1,7,2
2014100533814,2,9,0,17,0,0,0,0,0,0,1,1,6,1,55,8,-1,-1,-1,9,1
2014100534314,1,9,0,5,0,1,0,0,0,0,1,1,2,2,27,6,1328,1,4,3,1
2014100534314,2,9,0,3,0,1,0,0,0,0,2,1,6,2,34,6,1199,1,13,1,1
2014100535214,1,9,0,17,0,0,5,0,1,11,1,1,6,2,19,4,1242,1,-1,2,1
2014100535314,1,9,0,17,0,0,1,0,1,4,1,1,6,1,48,8,1598,1,7,8,1
2014100535414,1,9,0,18,0,1,0,0,0,0,1,1,6,1,78,11,1919,2,6,5,1
2014100535414,2,9,0,3,0,1,0,0,0,0,2,1,1,2,37,7,-1,-1,-1,9,1
2014100535514,1,9,0,17,0,0,1,0,0,0,4,1,6,1,50,8,1299,1,9,7,3
2014100535614,1,9,0,18,0,0,0,10,6,6,3,1,6,1,19,4,1242,1,10,1,1
2014100535714,1,9,0,16,0,0,1,0,1,4,1,1,6,2,34,6,1587,1,11,8,2
2014100536014,1,9,0,9,0,6,0,0,0,0,0,1,6,1,20,4,1598,1,4,9,1
2014100536014,2,11,0,18,0,8,0,0,0,0,0,1,1,1,51,8,9600,2,14,2,1
2014100536514,1,9,0,18,0,1,0,0,0,0,1,1,6,1,43,7,1995,2,2,1,1
2014100536514,2,9,0,4,0,1,0,0,0,0,2,1,6,1,42,7,1598,1,9,4,1
2014100537114,1,9,0,18,0,1,0,0,0,0,1,1,6,3,-1,-1,-1,-1,-1,-1,-1
2014100537114,2,9,0,3,0,1,0,0,0,0,2,1,1,2,55,8,1753,2,13,5,1
2014100537414,1,9,0,18,0,0,0,0,0,0,1,1,1,1,40,7,-1,-1,-1,4,2
2014100537414,2,9,0,18,0,0,0,0,0,0,1,1,1,1,22,5,1198,1,-1,9,1
2014100537414,3,9,0,4,0,0,0,0,0,0,2,1,6,2,22,5,-1,-1,-1,-1,-1
2014100537814,1,9,0,18,0,0,0,0,7,3,1,1,6,1,22,5,1198,1,2,4,1
2014100537914,1,19,0,18,0,1,0,0,0,0,1,1,6,1,36,7,-1,-1,-1,2,1
2014100537914,2,9,0,10,0,1,0,0,0,0,2,1,6,2,42,7,1596,1,11,2,1
2014100538214,1,3,0,14,0,2,1,0,0,0,3,1,1,1,21,5,123,1,-1,2,1
2014100538214,2,9,0,18,0,1,0,0,0,0,1,1,1,2,23,5,973,1,11,7,1
2014100538314,1,9,0,18,0,0,1,0,1,11,3,1,6,1,23,5,1598,1,11,-1,-1
2014100538414,1,9,0,18,0,2,0,12,0,0,1,1,6,2,38,7,1995,2,1,10,1