Accident_Index,Vehicle_Reference,Vehicle_Type,Towing_and_Articulation,Vehicle_Manoeuvre,Vehicle_Location-Restricted_Lane,Junction_Location,Skidding_and_Overturning,Hit_Object_in_Carriageway,Vehicle_Leaving_Carriageway,Hit_Object_off_Carriageway,1st_Point_of_Impact,Was_Vehicle_Left_Hand_Drive?,Journey_Purpose_of_Driver,Sex_of_Driver,Age_of_Driver,Age_Band_of_Driver,Engine_Capacity_(CC),Propulsion_Code,Age_of_Vehicle,Driver_IMD_Decile,Driver_Home_Area_Type
2014100538414,2,9,0,18,0,2,0,0,0,0,2,1,6,2,38,7,1198,1,-1,2,1
2014100538714,1,9,0,9,0,5,0,0,0,0,3,1,2,1,26,6,998,1,1,2,1
2014100538714,2,19,0,9,0,6,0,0,0,0,3,1,6,1,71,10,1998,2,10,2,1
2014100539714,1,9,0,18,0,1,0,0,0,0,1,1,6,1,57,9,1598,1,16,-1,2
2014100539714,2,19,0,18,0,1,0,0,0,0,2,1,1,1,68,10,1598,2,1,4,1
2014100540214,1,9,0,18,0,8,0,0,0,0,1,1,6,1,42,7,1560,2,1,4,1
2014100540214,2,9,0,18,0,8,0,0,7,0,1,1,6,2,25,5,998,1,2,1,1
2014100540314,1,8,0,9,0,8,0,0,0,0,0,1,1,1,54,8,1598,2,5,-1,1
2014100540714,1,9,0,9,0,5,0,0,0,0,1,1,6,1,-1,-1,1124,1,8,9,1
2014100540714,2,9,0,18,0,8,0,0,0,0,3,1,6,2,59,9,973,1,13,3,2
2014100541214,1,17,4,13,0,0,0,0,0,0,2,1,1,1,30,6,-1,2,2,6,3
2014100541214,2,1,0,18,0,0,0,0,0,0,0,1,6,1,25,5,-1,-1,-1,8,1
2014100541414,1,19,0,18,0,1,0,0,1,1,1,1,1,1,60,9,-1,-1,-1,-1,-1
2014100541614,1,9,0,18,0,1,0,0,0,0,1,1,6,1,24,5,1986,2,8,4,2
2014100541614,2,9,0,4,0,1,0,0,0,0,1,1,6,2,29,6,1360,1,3,7,1
2014100541614,3,9,0,4,0,1,0,0,0,0,2,1,6,1,49,8,1870,2,9,2,1
2014100541614,4,9,0,4,0,1,0,0,0,0,2,1,6,3,-1,-1,-1,-1,-1,-1,-1
2014100541714,1,9,0,9,0,6,0,0,0,0,1,1,6,1,18,4,1240,1,8,2,1
2014100541814,1,9,0,7,0,6,0,10,0,0,1,1,1,2,18,4,-1,-1,-1,5,2
2014100541914,1,9,0,18,0,0,0,0,0,0,1,1,1,1,19,4,1299,1,13,4,1
2014100541914,2,9,0,4,0,0,1,0,0,0,2,1,1,2,32,6,1399,2,4,-1,-1
2014100542114,1,9,0,18,0,8,0,0,0,0,3,1,6,1,22,5,1588,1,11,-1,1
2014100542114,2,9,0,15,0,8,0,7,2,2,4,1,6,1,63,9,2212,1,18,9,1
2014100542214,1,9,0,18,0,0,0,0,0,0,1,1,6,1,20,4,1995,2,3,10,1
2014100542214,2,9,0,18,0,0,0,0,0,0,2,1,6,1,32,6,1248,2,2,3,1
2014100542414,1,9,0,18,0,0,0,0,0,0,4,1,2,1,56,9,1997,2,10,2,1
2014100542514,1,9,0,4,0,8,0,0,0,0,1,1,6,1,60,9,1794,1,12,5,1
2014100542514,2,9,0,3,0,8,0,0,0,0,0,1,6,2,47,8,1868,2,13,3,1
2014100542514,3,1,0,5,0,4,0,0,0,0,3,1,6,1,10,2,-1,-1,-1,7,1
2014100542614,1,19,0,18,0,1,0,0,0,0,4,1,1,1,24,5,1753,2,11,3,1
2014100543114,1,9,0,18,0,1,0,0,0,0,1,1,6,2,46,8,1598,1,2,3,1
2014100543114,2,9,0,3,0,1,0,0,0,0,2,1,6,1,82,11,1598,1,2,4,2
2014100543314,1,9,0,9,0,5,0,0,0,0,1,1,6,1,57,9,-1,-1,-1,7,3
2014100543614,1,9,0,18,0,4,0,0,0,0,3,1,3,2,26,6,1910,2,9,-1,1
2014100543614,2,1,0,9,0,8,0,0,0,0,4,1,1,1,50,8,-1,-1,-1,3,1
2014100543714,1,5,0,18,0,0,1,0,1,0,4,1,6,1,37,7,1301,1,-1,7,1
2014100544014,1,9,0,18,0,1,0,0,0,0,1,1,6,1,26,6,-1,-1,-1,4,1
2014100544014,2,9,0,3,0,1,0,0,0,0,2,1,6,1,67,10,1339,1,5,8,1
2014100544414,1,9,0,18,0,0,2,12,1,4,4,1,6,2,20,4,1149,1,6,2,1
2014100544514,1,9,0,18,0,0,0,0,0,0,1,1,6,1,56,9,1997,2,8,2,3
2014100544514,2,9,0,2,0,0,0,0,0,0,0,1,6,2,52,8,1840,1,14,2,3
2014100544614,1,19,0,9,0,6,0,0,0,0,3,1,1,1,41,7,1753,2,7,-1,1
2014100544614,2,19,0,18,0,8,0,0,0,0,1,1,1,1,50,8,2287,2,6,9,1
2014100544814,1,9,0,17,0,0,0,0,0,0,0,1,6,3,-1,-1,-1,-1,-1,-1,-1
2014100544814,2,9,0,16,0,0,0,0,0,11,1,1,2,1,39,7,-1,-1,-1,6,1
2014100544914,1,9,0,18,0,2,0,0,0,0,1,1,6,1,20,4,1461,2,13,2,1
2014100544914,2,9,0,3,0,2,0,0,0,0,2,1,1,1,41,7,1248,2,-1,3,1
2014100545314,1,9,0,5,0,6,0,0,0,0,3,1,6,2,22,5,1328,1,6,1,1
2014100545314,2,9,0,18,0,1,0,0,0,0,1,1,2,2,35,6,1598,1,8,7,1
2014100545414,1,9,0,18,0,0,0,0,0,0,1,1,6,2,42,7,1796,2,2,7,1
2014100545414,2,9,0,18,0,0,0,0,0,0,2,1,6,2,29,6,1364,1,7,-1,-1
2014100545514,1,9,0,18,0,4,0,0,0,0,1,1,6,1,47,8,993,1,12,4,2
2014100545514,2,9,0,9,0,8,0,0,0,0,4,1,6,2,29,6,1794,1,8,2,2
2014100545614,1,9,0,18,0,6,0,0,0,0,1,1,6,1,58,9,1242,1,10,2,1
2014100545614,2,9,0,18,0,8,0,0,0,0,4,1,6,2,45,7,1248,2,10,4,1
2014100545714,1,9,0,18,0,2,0,0,0,0,1,1,6,1,58,9,998,1,6,4,1
2014100545714,2,9,0,3,0,2,0,0,0,0,2,1,6,1,48,8,1997,2,13,7,3
2014100545714,3,9,0,10,0,2,0,0,0,0,2,1,6,2,51,8,1596,1,4,-1,-1
2014100546014,1,9,0,9,0,8,0,0,0,0,1,1,6,1,26,6,2996,1,6,2,1
2014100546014,2,9,0,18,0,8,0,0,0,0,3,1,6,2,18,4,998,1,13,4,1
2014100546214,1,3,0,7,0,8,1,0,0,0,1,1,2,1,18,4,124,1,5,-1,-1
2014100546214,2,9,0,8,0,1,0,0,0,0,1,1,2,1,41,7,1461,2,-1,-1,-1
2014100546614,1,11,0,2,0,0,0,0,0,0,0,1,6,1,49,8,6871,2,10,2,1
2014100546914,1,9,0,5,0,0,0,0,0,0,1,1,2,1,62,9,1991,2,8,-1,-1
2014100546914,2,1,0,18,0,0,0,0,0,0,3,1,2,2,10,2,-1,-1,-1,-1,-1
2014100547214,1,5,0,13,0,0,1,0,1,0,1,1,6,1,31,6,599,1,19,2,1
2014100547214,2,9,0,18,0,0,0,0,0,1,1,1,6,2,46,8,1994,2,11,1,1
2014100547214,3,9,0,18,0,0,0,0,0,0,0,1,6,1,71,10,998,1,5,2,1
2014100547714,1,9,0,18,0,1,0,0,0,0,1,1,2,1,20,4,1229,1,1,2,1
2014100547714,2,9,0,10,0,1,0,0,0,0,2,1,1,1,55,8,1896,2,8,-1,-1
2014100548714,1,9,0,5,0,1,0,0,0,0,1,1,6,1,17,4,1199,1,11,5,3
2014100548914,1,11,0,18,0,0,0,0,0,0,4,1,6,1,-1,-1,6700,2,6,-1,-1
2014100548914,2,11,0,2,0,0,0,0,0,0,3,1,6,3,-1,-1,-1,-1,-1,-1,-1
2014100549214,1,9,0,9,0,6,0,0,0,0,1,1,1,1,42,7,1910,2,7,6,1
2014100549414,1,9,0,18,0,1,0,0,0,0,1,1,6,1,23,5,-1,-1,-1,-1,1
2014100549414,2,9,0,3,0,1,0,0,0,0,2,1,6,2,59,9,1919,2,6,1,1
2014100549714,1,9,0,18,0,0,0,0,0,0,1,1,6,3,-1,-1,-1,-1,-1,-1,-1
2014100549714,2,1,0,18,0,0,0,0,0,0,3,1,6,1,35,6,-1,-1,-1,-1,-1
2014100549914,1,9,0,14,0,0,1,0,0,0,1,1,6,3,-1,-1,-1,-1,-1,-1,-1
2014100550514,1,11,0,18,0,1,0,0,0,0,0,1,1,1,43,7,9360,2,1,2,1
2014100550914,1,9,0,9,0,6,0,0,0,0,3,1,6,2,43,7,1598,1,9,7,2
2014100550914,2,1,0,18,0,8,0,0,0,0,1,1,2,2,50,8,-1,-1,-1,9,1
2014100551114,1,9,0,18,0,8,0,0,1,10,3,1,6,2,83,11,1242,1,9,9,1
2014100551114,2,9,0,5,0,8,0,0,0,0,1,1,6,2,25,5,1896,2,13,1,1
2014100551214,1,19,0,18,0,0,0,0,0,0,2,1,6,1,24,5,-1,-1,-1,-1,-1
2014100551214,2,9,0,2,0,0,0,0,0,0,0,1,6,2,46,8,1299,1,11,2,1
2014100552114,1,9,0,18,0,0,0,0,0,0,4,1,6,1,75,10,1560,2,2,9,1
2014100552314,1,9,0,18,0,0,5,0,1,0,1,1,6,1,67,10,1560,2,3,3,1
2014100552614,1,9,0,8,0,1,0,0,0,0,1,1,6,2,29,6,1349,1,3,7,1
2014100552614,2,3,0,8,0,1,0,0,0,0,2,1,2,1,18,4,125,1,4,2,1
2014100552914,1,9,0,9,0,6,5,0,0,0,4,1,2,1,60,9,1461,2,9,5,1
2014100552914,2,9,0,18,0,8,0,0,0,0,1,1,6,2,37,7,1596,1,11,-1,1
2014100553314,1,9,0,18,0,8,0,0,0,0,0,1,1,3,-1,-1,-1,-1,-1,-1,-1
2014100553314,2,11,0,9,0,6,0,0,0,0,0,1,1,1,46,8,6370,2,4,4,1
2014100553614,1,19,0,18,0,1,1,0,0,0,1,1,1,1,40,7,2198,2,-1,3,1
2014100553614,2,9,0,4,0,1,0,0,0,0,2,1,6,1,44,7,1198,1,8,1,1
2014100553914,1,9,0,9,0,6,0,0,0,0,0,1,6,1,81,11,1956,2,4,5,2
2014100553914,2,11,0,18,0,1,0,0,0,0,0,1,1,1,55,8,9200,2,7,4,1
2014100554014,1,9,0,9,0,8,0,0,0,0,3,1,6,2,53,8,1598,2,2,4,1
2014100554014,2,9,4,18,0,1,0,0,1,11,1,1,6,1,69,10,1360,1,13,1,1
2014100554014,3,19,0,2,0,1,0,0,0,0,3,1,6,1,46,8,2400,2,9,7,1
2014100554114,1,9,0,9,0,8,0,10,0,0,1,1,2,1,27,6,1399,2,6,3,1
2014100554114,2,11,0,9,0,8,0,0,0,0,3,1,1,1,53,8,9000,2,9,-1,3
2014100554414,1,9,0,18,0,0,1,0,0,0,1,1,6,1,20,4,1149,1,13,5,3
2014100554414,2,9,0,18,0,0,0,0,0,0,2,1,6,2,40,7,1997,2,2,7,1
2014100554614,1,9,0,18,0,0,0,0,0,0,0,1,6,2,25,5,1686,2,9,1,1
2014100554714,1,9,0,9,0,5,0,0,0,0,4,1,6,2,19,4,1242,1,3,4,1
2014100554714,2,9,0,18,0,1,0,0,0,0,1,1,6,2,31,6,1242,1,10,2,1
2014100555114,1,9,0,9,0,5,0,0,0,0,1,1,6,1,66,10,1388,1,6,3,1
2014100555314,1,9,0,18,0,8,0,0,0,0,1,1,1,1,38,7,1968,2,6,5,1
2014100555314,2,1,0,9,0,6,0,0,0,0,2,1,1,1,49,8,-1,-1,-1,9,1
2014100555514,1,5,0,4,0,0,1,0,0,0,1,1,6,1,44,7,984,1,10,9,2
2014100555514,2,9,0,3,0,0,0,0,0,0,2,1,2,1,37,7,1461,2,1,9,1
2014100555614,1,9,0,18,0,1,0,0,1,7,1,1,6,1,44,7,1598,1,9,1,1
2014100555614,2,9,0,3,0,1,0,0,1,7,2,1,6,1,72,10,1360,1,9,1,1
2014100555814,1,9,0,4,0,1,0,0,0,0,1,1,1,1,20,4,1360,1,5,8,1
2014100555814,2,3,0,18,0,1,5,0,0,0,2,1,1,1,41,7,124,1,2,9,1
2014100555914,1,9,0,18,0,2,0,0,0,0,1,1,6,2,65,9,1598,1,2,-1,-1
2014100555914,2,9,0,3,0,2,0,0,0,0,2,1,6,2,38,7,1796,1,6,-1,1
2014100556214,1,9,0,18,0,0,0,0,0,0,1,1,6,2,-1,-1,1596,1,8,5,1
2014100556214,2,1,0,18,0,0,0,0,0,0,1,1,6,1,45,7,-1,-1,-1,1,1
2014100556214,3,1,0,18,0,0,0,0,0,0,1,1,6,1,42,7,-1,-1,-1,9,1
2014100556414,1,9,0,5,0,3,0,0,0,0,3,1,6,2,-1,-1,1242,1,-1,-1,-1
2014100556414,2,9,0,5,0,3,0,0,0,0,1,1,6,2,43,7,1461,2,1,3,1
2014100557014,1,9,0,18,0,1,0,0,0,0,4,1,2,1,23,5,1229,1,8,3,1
2014100557014,2,1,0,18,0,1,0,0,0,0,1,1,6,1,5,1,-1,-1,-1,3,1
2014100557114,1,1,0,18,0,6,0,0,0,0,3,1,2,1,17,4,-1,-1,-1,6,1
2014100557114,2,9,0,18,0,8,0,0,0,0,1,1,6,1,22,5,1461,2,11,6,1
2014100557214,1,9,0,9,0,5,0,0,0,0,1,1,6,1,65,9,1951,2,14,9,1
2014100557214,2,9,0,18,0,8,0,0,0,0,1,1,6,2,48,8,1995,2,9,6,2
2014100557314,1,9,0,7,0,2,0,0,0,0,1,1,6,2,22,5,998,1,3,2,1
2014100557314,2,9,0,7,0,2,0,0,0,0,2,1,6,1,21,5,1364,1,5,3,1
2014100558014,1,9,0,18,0,3,0,0,0,0,1,1,6,1,59,9,1995,2,9,8,1
2014100558014,2,9,0,18,0,8,0,0,0,0,3,1,6,1,67,10,1596,1,1,5,1
2014100558114,1,9,0,5,0,1,0,0,0,0,1,1,6,2,59,9,1997,2,3,3,1
2014100558114,2,9,0,3,0,1,0,0,0,0,1,1,6,2,30,6,1299,1,16,1,1
2014100558214,1,9,0,18,0,1,1,0,7,7,1,1,6,2,35,6,1390,1,11,4,1
2014100558714,1,19,0,7,0,6,0,0,0,0,1,1,2,1,43,7,2402,2,10,-1,-1
2014100558714,2,1,0,18,0,8,0,0,0,0,4,1,2,1,35,6,-1,-1,-1,9,1
2014100558814,1,9,0,18,0,3,0,0,0,0,1,1,6,1,79,11,1596,1,3,9,1
2014100558814,2,1,0,9,0,8,0,0,0,0,2,1,2,1,24,5,-1,-1,-1,4,1
2014100559414,1,9,0,18,0,0,0,0,1,5,1,1,6,1,56,9,1598,1,7,7,1
2014100559514,1,1,0,18,0,8,0,0,0,0,1,1,6,1,44,7,-1,-1,-1,-1,-1
2014100559514,2,9,0,18,0,8,0,0,0,0,3,1,6,1,38,7,2000,2,8,-1,-1
2014100559714,1,5,0,17,0,2,2,0,0,0,3,1,6,1,37,7,750,1,1,-1,-1
2014100560014,1,9,0,18,0,1,1,0,0,0,1,1,6,1,18,4,1896,2,10,2,1
2014100560014,2,9,0,9,0,5,0,0,0,0,2,1,6,1,30,6,2996,2,15,-1,1
2014100560314,1,9,0,4,0,1,0,0,0,0,1,1,6,1,49,8,2401,2,11,3,1
2014100560314,2,9,0,3,0,1,0,0,0,0,2,1,6,1,23,5,1328,1,9,6,1
2014100560414,1,9,0,18,0,0,0,0,1,9,4,1,2,1,21,5,1753,2,11,1,1
2014100560414,2,9,0,2,9,0,0,0,0,0,2,1,6,1,54,8,1388,1,11,3,2
2014100560514,1,9,0,5,0,1,0,0,0,0,4,1,3,1,34,6,1996,2,4,-1,2
2014100560614,1,9,0,15,0,1,1,10,0,0,3,1,6,3,-1,-1,-1,-1,-1,-1,-1
2014100560614,2,9,0,7,0,5,0,0,0,0,4,1,6,2,30,6,1229,1,2,1,1
2014100560714,1,9,0,4,0,1,0,0,0,0,1,1,6,2,45,7,1360,1,11,5,1
2014100560714,2,9,0,3,0,1,0,0,0,0,2,1,6,2,39,7,1229,1,3,4,1
2014100560914,1,19,0,18,0,0,0,12,0,0,1,1,1,1,50,8,2143,2,3,-1,-1
2014100561114,1,9,0,18,0,0,0,12,0,0,1,1,1,1,41,7,1798,8,2,3,1
2014100561214,1,9,0,18,0,4,5,9,7,1,1,1,6,1,72,10,1339,1,3,9,1
2014100561414,1,9,0,16,0,0,1,0,7,2,4,1,6,1,23,5,1229,1,4,2,1
2014100561714,1,90,0,18,0,0,2,0,0,6,1,1,6,1,18,4,349,1,2,-1,-1
2014100561814,1,11,0,4,2,1,0,0,0,0,0,1,1,1,24,5,6700,2,7,4,1
2014100562214,1,9,0,18,0,4,0,0,0,0,3,1,1,1,41,7,1995,2,8,1,1
2014100562214,2,19,0,9,0,4,0,0,0,0,4,1,1,1,57,9,-1,-1,-1,2,1
2014100562314,1,9,0,1,0,1,0,0,0,0,2,1,6,3,-1,-1,-1,-1,-1,-1,-1
2014100562414,1,9,0,13,0,0,0,0,0,0,1,1,6,1,25,5,1461,2,8,3,1
2014100562414,2,9,0,18,0,0,5,0,1,0,1,1,6,1,24,5,998,1,1,5,1
2014100562414,3,9,0,18,0,0,0,0,0,0,3,1,6,1,52,8,1248,2,3,9,1
2014100562814,1,9,0,18,0,0,0,0,0,0,1,1,2,1,21,5,1396,2,4,6,1
2014100562814,2,9,0,18,0,0,0,0,0,0,2,1,6,1,59,9,1997,2,10,2,2
2014100562914,1,11,0,4,0,0,0,0,0,5,4,1,1,2,36,7,6370,2,1,2,1
2014100563114,1,8,0,4,0,1,0,0,0,0,0,1,6,1,55,8,1896,2,8,1,1
2014100563214,1,9,0,18,0,0,0,0,0,0,4,1,6,1,88,11,1198,1,10,9,1
2014100563214,2,9,0,2,0,0,0,0,0,0,4,1,6,3,-1,-1,1229,1,2,9,1
2014100563614,1,19,0,18,0,1,0,0,0,0,4,1,6,3,-1,-1,-1,-1,-1,-1,-1
2014100563714,1,90,5,18,0,0,2,0,1,11,1,1,6,1,25,5,-1,-1,-1,5,1
2014100563814,1,3,0,18,0,0,1,0,2,0,4,1,6,1,38,7,955,1,11,-1,-1
2014100564114,1,9,0,18,2,8,0,0,0,0,1,1,6,3,-1,-1,1796,1,7,-1,-1
2014100564114,2,9,0,18,0,8,1,0,0,0,4,1,1,1,55,8,1332,1,16,2,1
2014100564314,1,9,0,18,0,0,0,0,0,0,1,1,6,1,76,11,1398,1,1,2,1
2014100564414,1,9,0,11,0,8,0,0,0,0,1,1,6,1,73,10,1910,2,10,-1,-1
2014100564414,2,9,0,18,0,8,0,0,0,0,1,1,6,1,45,7,1242,1,8,2,1
2014100565214,1,9,0,7,0,6,0,0,0,0,0,1,6,3,-1,-1,-1,-1,-1,-1,-1
2014100565214,2,11,0,18,0,8,0,0,0,0,0,1,1,1,45,7,4500,2,3,1,1
2014100565914,1,9,0,5,0,1,0,0,0,0,1,1,6,3,-1,-1,-1,-1,-1,-1,-1
2014100565914,2,9,0,5,0,1,0,0,0,0,2,1,6,2,27,6,-1,-1,-1,1,1
2014100566214,1,9,0,9,0,6,0,0,0,0,1,1,6,1,29,6,1149,1,13,3,1
2014100566214,2,9,0,2,0,2,0,0,0,0,2,1,6,1,49,8,1997,2,8,2,1
2014100566314,1,9,0,1,0,6,0,0,0,0,2,1,6,3,-1,-1,-1,-1,-1,-1,-1
2014100566314,2,9,0,18,0,1,0,0,0,0,2,1,6,1,32,6,1686,2,12,1,1
2014100566714,1,9,0,18,0,0,0,0,0,0,4,1,6,1,25,5,1598,1,2,-1,1
2014100566914,1,1,0,18,0,0,0,2,0,0,1,1,2,1,51,8,-1,-1,-1,10,1
2014100567014,1,11,0,3,0,8,0,0,0,0,2,1,1,1,31,6,6700,2,6,6,1
2014100567014,2,11,0,9,0,5,0,0,0,0,3,1,1,1,-1,-1,9600,2,16,-1,-1
2014100567114,1,5,0,16,0,0,1,0,1,4,1,1,6,1,44,7,747,1,13,-1,-1
2014100567214,1,9,0,16,0,1,0,0,0,0,1,1,2,2,49,8,1199,1,-1,8,1
2014100567214,2,9,0,10,0,1,0,0,0,0,2,1,1,2,39,7,-1,-1,-1,4,1
2014100567714,1,19,0,18,0,0,1,0,1,2,2,1,1,1,20,4,1248,2,2,5,1
2014100567814,1,19,0,18,0,1,0,0,0,0,1,1,2,1,26,6,1998,2,12,7,1
2014100567914,1,9,0,16,0,0,1,0,0,0,1,1,2,1,18,4,999,1,13,2,1
2014100567914,2,9,0,17,0,0,0,0,0,0,1,1,6,2,39,7,1242,1,6,7,1
2014100568014,1,9,0,9,0,6,0,0,0,0,1,1,2,1,37,7,973,1,13,3,1
2014100568014,2,5,0,9,0,5,0,0,0,0,3,1,6,1,35,6,125,1,3,2,1
2014100568114,1,9,0,18,0,0,0,0,0,0,1,1,6,2,58,9,1124,1,4,3,1
2014100568114,2,9,0,18,0,0,0,0,0,0,2,1,6,1,59,9,2496,1,10,7,1
2014100568314,1,9,0,4,0,1,0,0,0,0,1,1,6,2,19,4,1149,1,13,7,1
2014100568314,2,9,0,4,0,1,0,0,0,0,2,1,2,1,42,7,1461,2,4,-1,-1
2014100568714,1,9,0,6,0,1,0,0,0,0,3,1,6,1,29,6,1299,1,10,3,2
2014100568714,2,9,0,18,0,2,0,0,0,0,3,1,6,2,27,6,1995,2,10,2,2
2014100568814,1,9,0,17,0,0,2,0,1,11,1,1,2,1,29,6,1968,2,1,6,3
2014100568914,1,9,0,9,0,5,5,0,0,0,1,1,6,1,27,6,998,1,-1,3,1
2014100568914,2,9,0,18,0,8,0,0,0,0,1,1,6,1,64,9,1390,1,12,2,1
2014100569214,1,19,0,18,0,0,0,0,0,0,1,1,1,1,36,7,2500,2,8,8,1
2014100569414,1,9,0,18,0,0,0,0,0,0,3,1,1,1,56,9,1968,2,2,9,2
2014100569414,2,11,0,2,0,0,0,0,0,0,0,1,6,3,-1,-1,-1,-1,-1,-1,-1
2014100569514,1,9,0,9,0,6,0,0,0,0,1,1,6,1,27,6,2184,2,12,6,1
2014100569514,2,9,0,18,0,2,0,0,0,0,4,1,6,2,54,8,1991,2,6,4,1
2014100569714,1,9,4,11,0,0,0,0,0,0,4,1,1,1,28,6,2720,2,5,9,1
2014100569714,2,21,0,18,0,0,0,0,0,0,3,1,1,1,40,7,12900,2,6,4,2
2014100570014,1,9,0,18,0,4,0,0,0,0,0,1,6,3,-1,-1,-1,-1,-1,-1,-1
2014100570014,2,11,0,5,0,4,0,0,0,0,0,1,1,1,64,9,-1,-1,-1,8,1
2014100570114,1,9,0,18,0,7,0,0,0,0,0,1,1,1,18,4,973,1,12,4,1
2014100570114,2,9,0,18,0,8,0,0,1,7,1,1,6,2,50,8,1390,1,3,-1,-1
2014100570314,1,9,0,18,0,8,0,0,0,0,1,1,6,2,-1,-1,2179,2,4,-1,-1
2014100570314,2,1,0,18,0,8,0,0,0,0,1,1,6,2,51,8,-1,-1,-1,-1,-1
2014100570714,1,9,3,18,0,0,2,10,1,6,4,1,6,2,44,7,2982,2,-1,-1,1
2014100570814,1,9,0,18,0,1,0,0,0,0,1,1,6,1,26,6,1390,1,11,7,1
2014100570814,2,9,0,10,0,1,0,0,0,0,2,1,6,2,24,5,998,1,4,2,1
2014100571014,1,8,0,18,0,1,0,0,0,0,1,1,1,1,40,7,1995,2,2,3,2
2014100571014,2,9,0,18,0,1,0,0,0,0,2,1,6,1,67,10,1796,1,10,5,3
2014100571314,1,9,0,18,0,1,0,0,0,0,1,1,1,1,35,6,999,1,3,1,1
2014100571314,2,9,0,3,0,1,0,0,0,0,2,1,2,2,26,6,1229,1,1,3,1
2014100571714,1,9,0,17,0,0,0,0,1,4,1,1,6,1,57,9,-1,-1,-1,7,1
2014100571814,1,9,0,5,0,1,0,0,0,0,1,1,6,1,27,6,1390,1,1,4,2
2014100571814,2,9,0,3,0,1,0,0,0,0,2,1,6,2,42,7,1229,1,7,2,2
2014100571914,1,9,0,5,0,2,0,0,0,0,3,1,6,2,50,8,998,1,9,7,2
2014100571914,2,5,0,18,0,2,0,0,0,0,1,1,6,1,42,7,749,1,8,-1,-1
2014100572014,1,5,0,18,0,0,1,0,0,0,1,1,2,1,24,5,599,1,15,7,1
2014100572014,2,9,0,18,0,0,0,0,0,0,2,1,2,1,60,9,1990,1,21,7,1
2014100572314,1,9,0,18,0,1,1,0,0,0,1,1,6,3,-1,-1,-1,-1,-1,-1,-1
2014100572314,2,1,0,18,0,1,0,0,0,0,3,1,6,1,15,3,-1,-1,-1,1,1
2014100573014,1,9,0,18,0,8,0,0,0,0,1,1,6,2,21,5,1242,1,7,9,1
2014100573014,2,9,0,18,0,8,0,0,1,0,4,1,1,1,53,8,1896,2,6,7,1
2014100573114,1,9,0,9,0,8,0,0,0,0,3,1,2,1,40,7,1560,2,1,2,1
2014100573114,2,9,0,9,0,8,0,0,0,0,1,1,2,1,48,8,1598,1,4,2,1
2014100573314,1,9,0,18,0,0,1,0,7,4,2,1,6,1,18,4,1229,1,8,5,2
2014100573614,1,9,0,16,0,0,1,4,7,0,1,1,6,1,24,5,1229,1,5,3,1
2014100573614,2,19,0,2,0,0,0,0,0,0,1,1,6,1,28,6,-1,-1,-1,3,1
2014100573714,1,9,0,18,0,0,0,0,7,2,1,1,6,2,57,9,1596,1,11,2,1
2014100574014,1,9,0,18,0,8,0,0,0,0,1,1,6,3,-1,-1,1994,1,16,-1,-1
2014100574014,2,9,0,18,0,8,0,0,0,0,3,1,6,2,30,6,1339,1,5,5,1
2014100574214,1,9,0,9,0,6,0,0,0,0,1,1,6,2,53,8,1686,2,5,6,2
2014100574214,2,3,0,18,0,1,2,0,0,0,1,1,6,1,22,5,124,1,7,3,2
2014100574514,1,9,0,17,0,0,0,0,0,0,1,1,6,3,-1,-1,-1,-1,-1,-1,-1
2014100574514,2,9,0,16,0,0,0,0,0,0,1,1,1,2,45,7,-1,-1,-1,-1,-1
2014100574714,1,4,0,7,0,5,1,0,0,0,0,1,6,1,21,5,125,1,7,-1,-1
2014100575014,1,9,0,18,0,0,0,12,0,0,1,1,1,1,73,10,1582,2,2,6,3
2014100575214,1,9,0,18,0,1,0,0,0,0,1,1,6,3,-1,-1,-1,-1,-1,-1,-1
2014100575314,1,9,0,5,0,1,0,0,0,0,1,1,6,2,38,7,2993,2,2,6,3
2014100575314,2,5,0,3,0,1,0,0,0,0,2,1,6,1,50,8,649,1,21,2,1
2014100575614,1,9,0,18,0,7,0,0,0,0,3,1,6,3,-1,-1,-1,-1,-1,-1,-1
2014100575614,2,9,0,18,0,8,0,0,0,0,1,1,1,1,49,8,1587,1,6,2,1
2014100575814,1,9,0,18,0,1,0,0,0,0,1,1,6,2,58,9,1398,2,1,5,1
2014100575814,2,9,0,3,0,1,0,0,0,0,2,1,6,2,34,6,-1,-1,-1,3,1
2014100575914,1,9,0,18,0,1,0,0,0,0,1,1,6,1,54,8,1769,1,8,5,3
2014100575914,2,9,0,18,0,1,0,0,7,9,2,1,6,1,38,7,2993,2,9,-1,1
2014100575914,3,9,0,10,0,1,0,0,0,0,0,1,6,1,44,7,2179,2,2,-1,3
2014100576314,1,1,0,9,0,6,0,4,0,0,1,1,6,1,29,6,-1,-1,-1,4,1
2014100576314,2,9,0,2,0,2,0,0,0,0,2,1,6,3,-1,-1,1796,1,5,4,1
2014100576314,3,9,0,18,0,1,0,0,0,0,0,1,1,1,32,6,2231,2,1,-1,-1
2014100576714,1,9,0,18,0,1,0,0,0,0,4,1,6,1,44,7,1968,2,7,2,1
2014100576714,2,1,0,18,0,1,0,0,0,0,1,1,6,3,-1,-1,-1,-1,-1,2,1