Accident_Index,Vehicle_Reference,Vehicle_Type,Towing_and_Articulation,Vehicle_Manoeuvre,Vehicle_Location-Restricted_Lane,Junction_Location,Skidding_and_Overturning,Hit_Object_in_Carriageway,Vehicle_Leaving_Carriageway,Hit_Object_off_Carriageway,1st_Point_of_Impact,Was_Vehicle_Left_Hand_Drive?,Journey_Purpose_of_Driver,Sex_of_Driver,Age_of_Driver,Age_Band_of_Driver,Engine_Capacity_(CC),Propulsion_Code,Age_of_Vehicle,Driver_IMD_Decile,Driver_Home_Area_Type
2014100612814,2,9,0,18,0,0,0,0,0,0,4,1,6,1,44,7,2400,2,1,9,1
2014100612914,1,19,0,17,0,0,0,0,8,11,4,1,1,1,49,8,-1,-1,-1,8,1
2014100613114,1,9,0,18,0,8,0,0,0,0,1,1,6,3,-1,-1,-1,-1,-1,-1,-1
2014100613114,2,1,0,18,0,8,0,0,0,0,4,1,2,1,36,7,-1,-1,-1,7,1
2014100613214,1,19,0,7,0,5,0,0,0,0,0,1,3,1,28,6,2402,2,14,2,1
2014100613314,1,9,0,18,0,0,0,0,0,0,1,1,6,3,-1,-1,-1,-1,-1,-1,-1
2014100613314,2,9,0,3,0,0,0,0,0,0,2,1,6,2,50,8,1242,1,3,1,1
2014100613714,1,9,0,17,0,0,0,0,0,0,1,1,6,2,25,5,1868,2,13,6,2
2014100613714,2,9,0,18,0,0,0,0,7,11,1,1,6,2,62,9,998,1,3,-1,-1
2014100614014,1,9,0,13,0,8,0,0,0,0,2,1,6,1,32,6,1794,1,13,-1,-1
2014100614014,2,11,0,9,0,5,0,0,0,0,1,1,1,1,37,7,4500,2,3,5,1
2014100614114,1,9,0,18,0,8,2,0,3,11,1,1,6,1,34,6,1995,2,2,2,1
2014100614914,1,9,0,18,0,0,0,0,0,0,1,1,6,1,84,11,1598,1,1,6,3
2014100614914,2,9,0,2,0,0,0,0,0,0,3,1,1,1,32,6,1796,1,15,3,1
2014100615014,1,9,0,18,0,0,2,0,0,7,4,1,6,1,39,7,-1,-1,-1,-1,-1
2014100615114,1,3,0,18,9,0,0,0,3,0,1,1,6,3,-1,-1,124,1,3,-1,-1
2014100615114,2,9,0,18,0,0,0,0,0,0,0,1,1,1,24,5,1560,2,6,-1,-1
2014100615214,1,9,0,7,0,6,0,0,0,0,0,1,6,3,-1,-1,-1,-1,-1,-1,-1
2014100615214,2,9,0,17,0,1,1,0,2,0,2,1,2,1,17,4,998,1,13,4,2
2014100615414,1,9,0,18,0,0,0,0,0,0,1,1,6,1,18,4,1242,1,8,6,2
2014100615414,2,9,0,4,0,0,0,0,0,0,2,1,1,2,25,5,1598,2,1,3,1
2014100616114,1,9,0,18,0,1,0,0,0,0,4,1,6,2,28,6,1598,1,11,3,1
2014100616214,1,11,0,18,0,0,0,0,0,0,0,1,1,1,48,8,9000,2,7,3,1
2014100616514,1,9,0,8,0,8,0,0,0,0,1,1,6,1,42,7,1968,2,2,3,1
2014100616514,2,1,0,18,0,8,0,0,0,0,1,1,6,1,28,6,-1,-1,-1,-1,-1
2014100616714,1,9,0,18,0,0,1,0,0,0,1,1,1,1,38,7,1968,2,2,8,1
2014100616714,2,9,0,18,0,0,0,0,5,0,2,1,1,1,45,7,2995,1,1,-1,-1
2014100617214,1,21,1,11,0,1,0,0,0,0,4,1,1,1,55,8,12882,2,1,-1,-1
2014100617214,2,9,0,18,0,1,0,0,1,0,3,1,6,1,44,7,1598,1,10,2,1
2014100617314,1,9,0,12,0,8,0,0,0,0,0,1,1,1,47,8,2982,2,2,3,1
2014100617314,2,9,0,18,0,8,1,0,4,6,1,1,6,1,30,6,-1,-1,-1,2,1
2014100617414,1,9,0,18,0,1,0,0,0,0,1,1,6,3,-1,-1,1560,2,8,-1,-1
2014100617414,2,9,0,3,0,1,0,0,0,0,2,1,6,1,52,8,1796,1,11,1,1
2014100617614,1,11,0,5,0,0,0,0,0,0,0,1,1,1,52,8,-1,-1,-1,1,1
2014100617814,1,4,0,16,0,8,2,10,0,0,1,1,6,1,16,4,-1,-1,-1,2,1
2014100618014,1,9,0,18,0,1,0,0,0,0,1,1,6,3,-1,-1,-1,-1,-1,-1,-1
2014100618014,2,9,0,8,0,1,0,0,0,0,2,1,6,2,24,5,1599,1,9,3,1
2014100618114,1,9,0,16,0,0,1,0,0,0,1,1,6,1,31,6,1796,1,8,9,1
2014100618114,2,19,0,17,0,0,0,0,0,0,1,1,1,1,39,7,2287,2,1,-1,-1
2014100618314,1,9,0,9,0,5,0,0,0,0,1,1,6,2,46,8,1798,1,9,5,1
2014100618314,2,9,0,18,0,8,0,0,0,0,4,1,1,1,62,9,1798,1,8,2,1
2014100618914,1,9,0,3,0,0,0,0,0,0,2,1,6,3,-1,-1,-1,-1,-1,-1,-1
2014100618914,2,11,0,18,0,0,0,0,0,0,1,1,1,1,28,6,-1,2,5,2,1
2014100619214,1,9,0,18,0,0,0,0,0,0,1,1,6,1,45,7,-1,-1,-1,-1,-1
2014100619214,2,11,0,2,0,0,0,0,0,0,3,1,1,1,50,8,-1,-1,-1,5,1
2014100620314,1,9,0,18,0,8,0,0,0,0,3,1,6,2,56,9,1997,2,5,7,1
2014100620314,2,9,0,18,0,8,0,0,0,0,1,1,6,2,31,6,1461,2,5,-1,-1
2014100620414,1,9,0,18,0,2,0,10,0,0,1,1,6,1,69,10,998,1,10,1,1
2014100620414,2,9,0,4,0,1,0,0,0,0,1,1,6,1,28,6,1799,1,7,3,1
2014100621114,1,9,0,18,0,0,0,0,0,0,1,1,2,1,18,4,1124,1,10,3,1
2014100621214,1,9,0,5,0,1,0,0,0,0,1,1,6,3,-1,-1,-1,-1,-1,-1,-1
2014100621214,2,9,0,3,0,1,0,0,0,0,2,1,6,2,41,7,1598,2,2,8,1
2014100621514,1,9,0,18,0,0,0,0,0,0,1,1,6,3,-1,-1,-1,-1,-1,-1,-1
2014100621614,1,9,0,18,0,0,1,0,1,3,4,1,6,3,-1,-1,1590,1,15,-1,-1
2014100622014,1,9,0,18,0,0,0,0,0,0,1,1,1,1,58,9,1560,2,6,-1,1
2014100622114,1,9,0,18,0,1,0,0,0,0,1,1,2,2,20,4,1299,1,11,7,1
2014100622214,1,9,0,12,0,4,0,0,0,0,4,1,6,2,-1,-1,1598,1,9,10,1
2014100622214,2,9,0,18,0,4,0,0,0,0,3,1,6,1,37,7,1896,2,9,1,1
2014100622714,1,9,0,9,0,1,0,0,0,0,3,1,2,2,44,7,1598,1,7,9,1
2014100622714,2,9,0,18,0,1,0,0,0,0,1,1,1,1,44,7,1896,2,10,-1,2
2014100623214,1,9,0,11,0,1,0,0,0,0,1,1,6,3,-1,-1,-1,-1,-1,-1,-1
2014100623214,2,9,0,4,0,1,1,0,0,0,0,1,1,2,30,6,1956,2,1,7,2
2014100623414,1,9,0,18,0,4,0,0,0,0,0,1,6,3,-1,-1,-1,-1,-1,-1,-1
2014100623414,2,3,0,18,0,4,0,0,0,0,0,1,1,1,54,8,125,1,1,10,1
2014100623614,1,9,0,1,0,0,0,0,0,0,2,1,6,1,22,5,1896,2,11,2,1
2014100623614,2,9,0,2,0,0,0,0,0,0,1,1,6,1,45,7,1199,1,11,1,1
2014100623714,1,9,0,18,0,0,0,0,0,0,1,1,6,1,27,6,1968,2,10,1,1
2014100623714,2,9,0,18,0,0,0,0,0,0,1,1,6,1,21,5,1800,1,15,1,1
2014100623714,3,9,0,2,0,0,0,0,0,0,4,1,6,2,27,6,2179,2,2,1,1
2014100623814,1,9,0,18,0,0,0,0,0,0,1,1,6,1,18,4,1360,1,11,5,1
2014100623814,2,9,0,2,0,0,0,0,0,0,2,1,6,3,-1,-1,1598,1,3,5,1
2014100623914,1,9,0,18,0,8,0,0,0,0,3,1,6,3,-1,-1,-1,-1,-1,-1,-1
2014100623914,2,1,0,18,0,8,0,0,0,0,1,1,2,2,46,8,-1,-1,-1,8,1
2014100624114,1,11,0,9,0,6,0,0,0,0,0,1,1,1,43,7,9360,2,-1,1,1
2014100624214,1,9,0,18,0,6,0,0,3,0,4,1,6,1,78,11,2143,2,-1,-1,-1
2014100624214,2,9,0,18,0,8,0,0,0,0,1,1,3,2,49,8,1495,1,8,10,3
2014100624514,1,9,0,4,0,0,0,0,0,0,1,1,6,1,52,8,1968,2,5,1,1
2014100624514,2,9,0,4,0,0,0,0,0,0,2,1,6,1,20,4,1086,1,5,10,1
2014100624514,3,9,0,4,0,0,0,0,0,0,2,1,6,1,30,6,1560,2,8,3,1
2014100624514,4,9,0,4,0,0,0,0,0,0,2,1,6,1,33,6,1995,2,9,6,1
2014100624614,1,9,0,18,0,3,1,0,1,2,1,1,6,2,23,5,1998,1,11,7,3
2014100624714,1,9,0,9,0,6,0,0,0,0,3,1,2,2,48,8,998,1,2,-1,1
2014100624714,2,9,0,18,0,8,0,0,0,0,1,1,2,1,43,7,1360,1,12,1,1
2014100625614,1,9,0,7,0,4,0,0,0,0,3,1,6,1,75,10,1783,1,11,1,1
2014100625614,2,9,0,18,0,1,0,0,0,0,1,1,1,1,36,7,1598,1,12,5,1
2014100626214,1,5,0,18,0,0,1,0,0,0,0,1,6,1,46,8,750,1,-1,6,1
2014100626314,1,9,0,18,0,0,0,0,0,0,1,1,6,3,-1,-1,-1,-1,-1,-1,-1
2014100626314,2,9,0,18,0,0,0,0,0,0,2,1,1,1,31,6,1994,1,10,1,1
2014100626314,3,9,0,18,0,0,0,0,0,0,2,1,1,1,37,7,2143,2,2,1,1
2014100626314,4,9,0,18,0,0,0,0,0,0,2,1,1,1,28,6,2143,2,1,8,1
2014100626314,5,9,0,18,0,0,0,0,0,0,2,1,1,2,24,5,998,1,6,7,1
2014100626314,6,9,0,18,0,0,0,0,0,0,2,1,1,2,57,9,1329,1,1,6,1
2014100626514,1,9,0,18,0,0,0,0,0,0,4,1,6,2,41,7,1896,2,4,9,1
2014100626614,1,11,0,17,0,0,0,0,0,0,4,1,1,1,62,9,7300,2,9,3,1
2014100626714,1,9,0,7,0,8,0,0,0,0,1,1,6,3,-1,-1,1229,1,4,-1,-1
2014100626714,2,9,0,6,0,8,0,0,0,0,1,1,6,1,32,6,1799,1,7,-1,-1
2014100627014,1,9,0,11,0,1,0,0,0,0,4,1,2,1,50,8,1995,2,9,-1,-1
2014100627014,2,9,0,18,0,1,1,10,0,0,3,1,2,1,24,5,1896,2,12,4,1
2014100627114,1,9,0,9,0,6,0,0,0,0,1,1,6,1,46,8,1910,2,9,1,1
2014100627114,2,9,0,18,0,8,1,0,0,0,4,1,1,2,58,9,1364,2,-1,-1,-1
2014100627214,1,8,0,18,0,0,0,0,0,0,1,1,1,1,41,7,1400,2,5,1,1
2014100627314,1,9,0,18,0,0,0,0,0,0,0,1,6,3,-1,-1,-1,-1,-1,-1,-1
2014100627314,2,9,0,18,0,0,1,0,7,6,1,1,1,1,46,8,1360,1,11,2,1
2014100627414,1,8,0,9,0,6,0,0,0,0,1,1,1,1,69,10,1896,2,8,4,2
2014100627414,2,5,0,18,0,1,0,0,0,0,4,1,6,1,25,5,-1,-1,-1,6,1
2014100627414,3,9,0,18,0,8,0,0,0,0,3,1,6,1,37,7,1598,2,2,2,2
2014100627514,1,9,0,13,0,0,0,0,0,0,4,1,1,3,-1,-1,-1,-1,-1,-1,-1
2014100627514,2,1,0,3,0,0,0,0,1,0,3,1,6,1,53,8,-1,-1,-1,1,1
2014100628114,1,20,0,18,0,0,5,0,1,9,1,1,1,1,29,6,-1,2,11,3,1
2014100628314,1,9,0,18,0,2,0,0,0,0,1,1,6,1,20,4,1388,1,9,-1,2
2014100628314,2,21,0,4,0,2,0,0,0,0,2,1,2,1,55,8,12419,2,4,2,1
2014100628614,1,9,0,18,9,2,0,10,1,11,1,1,6,3,-1,-1,1390,1,13,-1,-1
2014100628914,1,19,0,18,0,0,0,0,0,0,1,1,6,3,-1,-1,1686,2,14,-1,-1
2014100628914,2,9,0,3,0,0,0,0,0,0,2,1,6,2,62,9,2967,2,3,8,1
2014100629214,1,9,0,17,0,0,1,0,0,11,1,1,6,2,22,5,1086,1,10,8,1
2014100629914,1,11,0,5,0,2,0,0,0,0,0,1,1,1,40,7,6700,2,5,8,1
2014100630814,1,1,0,18,0,8,0,0,0,0,3,1,6,2,19,4,-1,-1,-1,9,1
2014100630814,2,9,0,18,0,8,0,0,0,0,1,1,6,3,-1,-1,-1,-1,-1,-1,-1
2014100631314,1,22,0,18,0,0,0,0,0,9,1,1,6,3,-1,-1,-1,-1,-1,-1,-1
2014100632414,1,9,0,18,0,0,0,0,0,0,1,1,6,1,57,9,1596,1,4,5,1
2014100632514,1,9,0,9,0,6,5,0,0,0,4,1,6,1,60,9,1360,1,12,5,1
2014100632514,2,9,0,18,0,8,0,0,0,0,1,1,6,1,30,6,1896,2,11,3,1
2014100632614,1,9,0,18,0,0,1,0,0,0,1,1,1,1,24,5,998,1,13,7,1
2014100633714,1,9,0,9,0,5,0,0,0,0,1,1,6,1,-1,-1,1560,2,10,4,1
2014100633714,2,1,0,18,0,8,0,0,0,0,3,1,6,1,51,8,-1,-1,-1,7,1
2014100633814,1,19,0,4,0,0,0,0,0,0,4,1,1,2,50,8,1753,2,6,-1,-1
2014100634014,1,8,0,18,0,1,0,0,0,0,4,1,1,3,-1,-1,-1,-1,-1,-1,-1
2014100634014,2,1,0,18,0,1,0,0,0,0,3,1,6,1,41,7,-1,-1,-1,2,1
2014100634314,1,9,0,18,0,0,0,0,0,0,1,1,6,2,62,9,1197,1,-1,5,3
2014100634314,2,9,0,2,0,0,0,0,0,0,2,1,6,1,43,7,1870,2,7,5,2
2014100634614,1,9,0,18,0,0,0,0,0,0,1,1,6,1,21,5,1598,2,-1,6,1
2014100634614,2,9,0,2,0,0,0,0,0,0,2,1,6,2,45,7,1596,1,1,8,1
2014100634714,1,9,0,5,0,1,0,0,0,0,1,1,2,2,51,8,1242,1,7,8,1
2014100634714,2,9,0,3,0,1,0,0,0,0,2,1,6,2,49,8,1199,1,11,3,1
2014100634814,1,1,0,18,0,1,0,0,0,0,1,1,1,1,24,5,-1,-1,-1,2,1
2014100634814,2,9,0,7,0,5,0,0,0,0,4,1,1,2,56,9,1461,2,1,3,1
2014100635514,1,9,0,14,0,1,0,0,0,0,1,1,6,1,79,11,1229,1,2,8,1
2014100635514,2,9,0,2,0,1,0,0,3,0,2,1,6,3,-1,-1,999,1,-1,8,1
2014100635614,1,9,0,9,0,6,5,0,1,1,4,1,6,2,38,7,1124,1,12,2,1
2014100635614,2,9,0,18,0,8,0,0,1,1,1,1,1,1,42,7,1968,2,7,-1,-1
2014100636214,1,9,0,18,0,1,0,0,0,0,1,1,6,3,-1,-1,-1,-1,-1,-1,-1
2014100636214,2,9,0,3,0,1,0,0,0,0,2,1,6,1,18,4,1000,1,-1,4,2
2014100636514,1,9,0,18,0,0,0,0,0,0,1,1,2,1,18,4,1242,1,2,7,1
2014100636514,2,9,0,18,0,0,0,0,0,0,1,1,2,2,46,8,1229,1,2,-1,-1
2014100636614,1,1,0,5,0,0,0,0,0,0,3,1,6,1,37,7,-1,-1,-1,-1,-1
2014100636614,2,9,0,5,0,0,0,0,0,0,4,1,6,1,38,7,1596,1,13,7,1
2014100636714,1,9,0,9,0,8,0,0,0,0,1,1,6,1,42,7,1498,1,12,1,1
2014100636714,2,9,0,17,0,1,0,0,0,0,1,1,1,1,35,6,1998,2,9,2,1
2014100636814,1,9,0,18,0,2,0,0,0,3,1,1,6,2,72,10,1360,1,7,4,1
2014100637014,1,11,0,18,0,1,0,0,0,0,1,1,1,1,67,10,4500,2,3,4,1
2014100637014,2,9,0,3,0,1,0,0,0,0,2,1,6,2,25,5,1896,2,10,1,1
2014100637114,1,9,0,5,0,0,0,0,0,0,2,1,6,2,30,6,1364,1,9,2,1
2014100637114,2,3,0,13,0,0,0,0,0,0,1,1,6,1,28,6,649,1,-1,1,1
2014100637314,1,9,0,6,0,0,0,0,0,0,1,1,2,1,24,5,1229,1,4,7,1
2014100637314,2,9,0,2,0,0,0,0,0,0,0,1,2,3,-1,-1,1995,2,6,7,1
2014100637614,1,9,0,18,0,0,0,0,0,0,1,1,6,1,27,6,1896,2,13,1,1
2014100638214,1,9,0,4,0,3,0,0,1,0,1,1,6,1,47,8,2980,2,19,2,1
2014100638214,2,1,0,18,0,4,1,0,2,0,4,1,6,1,37,7,-1,-1,-1,10,1
2014100638814,1,9,0,18,0,0,0,0,0,0,1,1,6,1,29,6,1781,1,14,1,1
2014100638814,2,9,0,3,0,0,0,0,0,0,2,1,6,2,23,5,1598,2,1,3,1
2014100638814,3,9,0,3,0,0,0,0,0,0,2,1,6,1,23,5,1896,2,8,-1,-1
2014100639214,1,9,0,5,0,0,0,0,0,0,1,1,6,3,-1,-1,1896,2,13,10,1
2014100639214,2,9,0,18,0,0,1,0,0,0,1,1,6,1,72,10,1329,1,5,2,1
2014100639314,1,9,0,7,0,5,0,0,0,0,4,1,6,1,57,9,1328,1,6,6,1
2014100639314,2,1,0,18,4,1,1,0,0,0,1,1,6,1,41,7,-1,-1,-1,9,1
2014100639414,1,9,0,9,0,5,0,0,0,0,1,1,6,2,39,7,1596,1,3,6,1
2014100639414,2,9,0,16,0,8,0,0,0,0,3,1,6,1,41,7,1390,1,13,6,1
2014100639614,1,9,0,5,0,0,0,0,0,0,4,1,1,2,49,8,1598,2,1,3,1
2014100639614,2,5,0,18,0,0,5,0,1,0,1,1,6,1,28,6,799,1,1,4,1
2014100639914,1,9,0,18,0,8,0,0,0,0,4,1,1,1,29,6,2967,2,1,8,2
2014100639914,2,9,0,7,0,4,0,0,0,0,3,1,6,1,45,7,-1,-1,-1,2,1
2014100640414,1,9,0,18,0,8,0,0,0,0,4,1,2,1,41,7,1598,1,3,1,1
2014100640414,2,1,0,18,0,8,0,0,0,0,1,1,6,1,16,4,-1,-1,-1,3,1
2014100640914,1,9,0,4,0,0,0,0,0,0,1,1,6,2,68,10,-1,-1,-1,7,1
2014100640914,2,9,0,3,0,0,0,0,0,0,2,1,6,1,46,8,1598,2,-1,8,1
2014100641214,1,9,0,18,0,0,0,0,0,0,1,1,6,1,48,8,2987,2,2,10,2
2014100641414,1,9,0,7,9,6,0,0,0,0,1,1,6,3,-1,-1,1598,1,10,8,1
2014100641714,1,9,0,9,0,5,0,0,0,0,1,1,6,1,22,5,1598,2,1,4,1
2014100641714,2,9,0,18,0,8,1,0,0,0,1,1,6,1,30,6,973,1,14,10,1
2014100641814,1,9,0,9,0,5,0,0,0,0,1,1,6,2,50,8,1364,2,1,7,1
2014100641814,2,1,0,9,0,6,0,0,0,0,1,1,1,2,26,6,-1,-1,-1,9,1
2014100641914,1,9,0,14,0,0,0,0,0,0,3,1,6,2,49,8,1198,1,-1,3,1
2014100641914,2,5,0,14,0,0,0,0,7,0,4,1,6,1,58,9,599,1,16,7,1
2014100642114,1,9,0,5,0,0,0,0,1,11,1,1,1,2,79,11,1368,1,1,2,1
2014100642114,2,9,0,2,0,0,0,0,0,0,2,1,6,3,-1,-1,1242,1,1,2,1
2014100643014,1,9,0,12,0,1,0,0,0,0,1,1,1,2,24,5,-1,-1,-1,1,1
2014100643014,2,9,0,18,0,1,0,0,0,0,3,1,1,1,48,8,1560,2,8,-1,1
2014100643314,1,9,0,4,0,0,1,0,0,6,1,1,2,2,33,6,1242,1,-1,8,1
2014100643414,1,9,0,9,0,6,0,0,0,0,1,1,6,1,68,10,-1,-1,-1,9,1
2014100643414,2,1,0,18,0,8,0,0,0,0,1,1,6,1,44,7,-1,-1,-1,6,1
2014100643514,1,9,0,16,0,0,1,0,0,0,2,1,6,1,29,6,-1,-1,-1,-1,-1
2014100643514,2,9,0,18,0,0,0,0,0,0,1,1,6,1,61,9,2401,2,10,6,3
2014100643614,1,9,0,7,0,3,0,0,0,0,4,1,6,2,54,8,1398,2,12,9,1
2014100643614,2,1,0,18,0,8,0,0,0,0,3,1,6,1,27,6,-1,-1,-1,4,1
2014100643714,1,9,0,18,0,0,0,0,0,0,1,1,6,1,53,8,1769,1,13,1,1
2014100643714,2,19,0,3,0,0,0,0,0,0,2,1,6,1,18,4,2198,2,5,3,1
2014100643714,3,9,0,3,0,0,0,0,0,0,2,1,6,1,57,9,2435,1,17,2,1
2014100644014,1,9,0,9,0,5,2,0,0,0,1,1,6,1,18,4,1149,1,12,5,1
2014100644014,2,9,0,18,0,8,0,0,1,0,1,1,6,1,25,5,1956,2,2,4,2
2014100644314,1,9,0,17,0,0,0,0,1,4,1,1,6,1,83,11,1560,2,2,10,3
2014100644514,1,9,0,9,0,8,0,0,0,0,1,1,2,2,38,7,1360,1,10,1,1
2014100644614,1,9,0,17,0,0,2,0,7,11,1,1,6,1,82,11,1248,2,7,10,3
2014100644914,1,9,0,18,0,0,0,0,0,0,1,1,2,2,40,7,1596,1,12,9,1
2014100645314,1,9,0,18,0,6,1,0,0,0,4,1,6,2,67,10,1560,2,6,5,3
2014100645314,2,9,0,18,0,8,1,0,0,0,1,1,6,2,26,6,1896,2,12,5,3
2014100645414,1,9,0,18,0,0,0,0,0,0,1,1,3,2,32,6,1598,1,8,6,1
2014100645414,2,11,0,4,0,0,0,0,0,0,2,1,1,1,34,6,6370,2,6,1,1
2014100645514,1,9,0,9,0,6,0,0,0,0,1,1,6,2,65,9,1596,1,-1,4,2
2014100645614,1,9,0,16,0,0,2,0,7,0,1,1,6,1,17,4,1149,1,9,-1,-1
2014100645814,1,9,0,9,0,5,0,0,1,1,4,1,6,1,22,5,1497,1,12,6,1
2014100645814,2,9,0,18,0,8,0,0,0,0,1,1,6,2,39,7,1595,1,1,6,1
2014100646214,1,9,0,18,0,4,0,0,0,0,1,1,6,1,61,9,1229,1,2,-1,-1
2014100646214,2,1,0,18,0,8,0,0,0,0,4,1,6,1,46,8,-1,-1,-1,7,2
2014100646414,1,9,0,15,0,0,1,0,1,4,4,1,6,1,28,6,1587,1,10,4,2
2014100646414,2,9,0,18,0,0,0,0,0,0,0,1,6,3,-1,-1,-1,-1,-1,-1,-1
2014100646614,1,9,0,16,0,0,0,0,0,0,1,1,6,2,18,4,1360,1,9,4,1
2014100646914,1,5,0,18,0,1,0,0,7,0,3,1,6,1,70,10,1137,1,15,4,3
2014100647214,1,9,0,18,0,0,0,0,0,0,1,1,6,1,28,6,-1,-1,-1,3,1
2014100647214,2,8,0,2,0,0,0,0,0,0,2,1,1,3,-1,-1,2460,2,9,3,1
2014100647714,1,9,0,18,0,1,1,0,0,0,1,1,2,1,23,5,973,1,12,1,1
2014100647714,2,9,0,3,0,1,0,0,0,0,2,1,6,2,34,6,1242,1,6,6,1
2014100647814,1,9,0,5,0,0,0,0,0,0,4,1,1,1,-1,-1,1686,2,2,-1,-1
2014100647914,1,9,0,18,0,5,0,0,0,0,1,1,2,1,56,9,2401,2,7,2,1
2014100647914,2,19,0,3,0,5,0,0,0,0,2,1,2,1,59,9,2198,2,1,3,1
2014100647914,3,9,0,3,0,5,0,0,0,0,2,1,2,1,23,5,1598,2,-1,6,1
2014100647914,4,9,0,3,0,5,0,0,0,0,2,1,2,2,40,7,999,1,13,5,1
2014100647914,5,9,0,3,0,5,0,0,0,0,2,1,2,2,43,7,1598,2,1,4,1
2014100648014,1,9,0,18,0,0,1,0,6,6,4,1,6,3,-1,-1,1242,1,11,-1,-1
2014100648014,2,9,0,18,0,0,0,0,0,0,1,1,6,2,33,6,1598,1,7,-1,-1
2014100648014,3,9,0,18,0,0,0,0,0,0,2,1,6,1,59,9,1397,1,4,-1,-1
2014100648014,4,9,0,18,0,0,0,0,0,0,0,1,1,1,39,7,1248,2,1,-1,-1
2014100648114,1,19,0,18,0,0,0,0,0,0,1,1,1,1,48,8,2198,2,4,4,2
2014100648114,2,9,0,4,0,0,0,0,0,0,2,1,6,2,24,5,1229,1,-1,4,1
2014100648214,1,9,0,18,0,3,0,0,1,2,1,1,1,2,19,4,999,1,-1,8,1
2014100648414,1,9,0,18,0,8,0,0,0,0,1,1,1,1,46,8,-1,-1,-1,2,1
2014100648414,2,9,0,18,0,8,0,0,0,0,3,1,6,2,23,5,-1,-1,-1,5,1
2014100648514,1,9,0,1,0,0,0,0,0,0,2,1,6,2,33,6,1198,1,6,3,1
2014100648514,2,9,0,2,0,0,0,0,0,0,2,1,6,2,31,6,1796,1,1,-1,-1
2014100649014,1,9,0,18,0,0,0,0,0,0,1,1,6,1,23,5,1895,1,15,7,1
2014100649014,2,1,0,18,0,0,0,0,0,0,2,1,6,1,28,6,-1,-1,-1,-1,-1
2014100649114,1,3,0,18,0,0,0,0,0,0,1,1,6,1,22,5,125,1,12,8,1
2014100649114,2,19,0,4,0,0,0,0,0,0,2,1,6,1,25,5,1753,2,9,3,1
2014100649214,1,9,0,7,0,4,0,0,0,0,4,1,6,1,69,10,-1,-1,-1,8,2
2014100649214,2,1,0,18,0,4,0,0,0,0,1,1,6,1,29,6,-1,-1,-1,9,1
2014100649814,1,9,0,18,0,8,0,0,0,0,1,1,6,1,66,10,2493,1,9,3,1
2014100649814,2,9,0,18,0,8,0,0,0,0,4,1,6,1,60,9,1951,2,11,7,1
2014100650014,1,1,0,18,0,0,0,0,0,0,4,1,6,2,36,7,-1,-1,-1,-1,-1
2014100650014,2,8,0,18,0,0,0,0,0,0,1,1,1,1,23,5,-1,-1,-1,-1,-1
2014100650214,1,9,0,9,0,5,0,0,0,0,1,1,6,1,62,9,1598,1,9,8,1
2014100650514,1,9,0,18,0,8,0,0,4,0,2,1,6,1,30,6,1368,1,5,4,1
2014100650514,2,9,0,9,0,5,5,0,4,2,3,1,6,2,84,11,1061,1,9,-1,-1
2014100651314,1,3,0,18,0,0,1,10,0,0,3,1,2,1,25,5,125,1,-1,7,1
2014100651614,1,11,0,18,0,0,0,12,0,0,1,1,1,1,49,8,9360,2,1,4,1
2014100651914,1,9,0,7,0,6,0,0,0,0,3,1,3,2,34,6,1198,1,-1,8,1
2014100652214,1,19,0,18,0,1,0,0,0,0,2,1,6,1,57,9,2148,2,7,-1,-1
2014100652214,2,19,0,18,0,1,0,0,0,0,4,1,6,1,45,7,2402,2,9,5,2
2014100652514,1,4,0,14,0,1,0,0,0,0,1,1,6,1,41,7,263,1,4,4,1
2014100652514,2,9,0,9,0,6,0,0,0,0,1,1,6,1,64,9,1951,2,9,8,3
2014100652614,1,1,0,17,0,0,0,0,0,0,0,1,6,1,29,6,-1,-1,-1,3,1
2014100652814,1,9,0,18,0,8,0,0,0,0,1,1,2,1,50,8,1360,1,11,9,2
2014100652814,2,9,0,18,0,8,0,0,0,0,3,1,2,1,26,6,1587,1,11,10,2
2014100653014,1,9,0,15,0,7,0,0,0,0,3,1,6,3,-1,-1,-1,-1,-1,-1,-1
2014100653014,2,9,0,4,0,7,0,0,0,0,4,1,6,1,39,7,1461,2,6,9,1
2014100653414,1,9,0,18,0,2,0,0,0,0,1,1,6,3,-1,-1,1581,1,18,-1,-1
2014100653414,2,9,0,18,0,2,0,0,0,0,2,1,6,2,31,6,1796,1,13,2,1
2014100654014,1,9,0,18,0,8,0,0,0,0,4,1,6,1,20,4,1995,2,12,6,1
2014100654014,2,19,0,9,0,6,0,0,0,0,1,1,1,1,55,8,-1,-1,-1,4,3
2014100654314,1,9,0,3,0,5,0,0,0,0,1,1,2,2,19,4,1198,1,1,1,1
2014100654314,2,9,0,3,0,5,0,0,0,0,2,1,6,1,27,6,1995,2,11,-1,1
2014100654614,1,9,0,9,0,6,0,0,0,0,1,1,6,1,45,7,2402,2,5,3,1
2014100654614,2,9,0,18,0,1,0,0,0,0,1,1,2,1,21,5,-1,-1,-1,1,1