Accident_Index,Vehicle_Reference,Vehicle_Type,Towing_and_Articulation,Vehicle_Manoeuvre,Vehicle_Location-Restricted_Lane,Junction_Location,Skidding_and_Overturning,Hit_Object_in_Carriageway,Vehicle_Leaving_Carriageway,Hit_Object_off_Carriageway,1st_Point_of_Impact,Was_Vehicle_Left_Hand_Drive?,Journey_Purpose_of_Driver,Sex_of_Driver,Age_of_Driver,Age_Band_of_Driver,Engine_Capacity_(CC),Propulsion_Code,Age_of_Vehicle,Driver_IMD_Decile,Driver_Home_Area_Type
2014100692714,1,9,0,13,0,1,0,0,7,0,1,1,1,1,58,9,1968,2,9,2,1
2014100692714,2,9,4,9,0,5,0,0,0,0,3,1,1,1,58,9,3200,2,10,9,3
2014100692814,1,3,0,18,0,0,0,0,0,0,1,1,6,1,26,6,124,1,6,9,1
2014100692814,2,9,0,18,0,0,0,0,0,0,1,1,6,3,-1,-1,-1,-1,-1,-1,-1
2014100693014,1,9,0,18,0,0,5,0,1,0,1,1,6,1,30,6,1598,1,12,3,2
2014100693014,2,9,0,18,0,0,0,11,0,0,1,1,1,1,26,6,1896,2,9,6,1
2014100693114,1,9,0,18,0,1,0,0,0,0,1,1,6,2,31,6,1598,2,2,5,2
2014100693114,2,9,0,2,0,1,0,0,0,0,2,1,6,1,56,9,2204,2,8,7,3
2014100693214,1,9,0,7,0,6,0,0,0,0,3,1,6,2,72,10,-1,-1,-1,9,2
2014100693214,2,9,0,18,0,1,0,0,0,0,1,1,6,2,22,5,996,1,1,6,2
2014100693814,1,5,0,18,0,1,0,0,0,0,1,1,6,1,70,10,649,1,4,-1,-1
2014100693814,2,9,0,3,0,1,0,0,0,0,2,1,6,1,38,7,2184,2,9,-1,-1
2014100693814,3,19,0,9,0,1,0,0,0,0,0,1,1,1,24,5,1399,2,10,2,1
2014100693914,1,19,0,18,0,1,0,0,0,0,1,1,6,1,45,7,1998,2,10,7,1
2014100693914,2,9,0,3,0,1,0,0,0,0,2,1,1,1,81,11,2184,2,-1,10,2
2014100694014,1,9,0,18,0,8,0,0,0,0,3,1,6,1,84,11,1769,1,13,-1,1
2014100694014,2,1,0,18,0,8,0,0,0,0,1,1,6,1,48,8,-1,-1,-1,10,1
2014100694114,1,19,0,18,0,6,0,0,0,0,1,1,1,1,43,7,1998,2,9,6,1
2014100694114,2,9,0,18,0,8,0,0,0,0,3,1,1,2,48,8,1498,1,5,9,1
2014100694214,1,9,0,3,0,7,0,0,0,0,1,1,6,1,37,7,1199,1,14,3,1
2014100694214,2,9,0,18,0,7,0,0,0,0,2,1,6,1,71,10,1796,1,2,10,1
2014100694514,1,19,0,18,0,0,0,0,0,0,1,1,1,1,41,7,2151,2,11,5,1
2014100694914,1,9,0,18,0,1,0,0,0,0,1,1,6,1,60,9,1951,2,10,-1,-1
2014100694914,2,1,0,18,0,8,0,0,0,0,4,1,2,1,25,5,-1,-1,-1,5,1
2014100695514,1,1,0,18,0,8,0,0,0,0,3,1,6,1,27,6,-1,-1,-1,2,1
2014100695514,2,11,0,18,0,8,0,0,0,0,4,1,1,1,56,9,6370,2,6,2,1
2014100695814,1,19,0,18,0,1,0,0,1,2,2,1,1,1,22,5,1560,2,2,3,2
2014100695814,2,9,0,3,0,1,0,0,0,0,2,1,1,2,45,7,1896,2,10,10,1
2014100696014,1,9,0,18,0,2,0,0,0,0,3,1,6,3,-1,-1,-1,-1,-1,-1,-1
2014100696614,1,19,0,18,0,5,0,0,0,0,1,1,6,1,71,10,1560,2,3,8,3
2014100696614,2,9,0,18,0,8,0,0,0,0,3,1,1,1,64,9,1149,1,-1,-1,-1
2014100696814,1,9,0,18,0,0,1,0,0,0,4,1,6,1,35,6,1598,1,9,3,2
2014100696914,1,9,0,18,0,0,1,0,6,0,1,1,6,1,22,5,1149,1,9,7,1
2014100696914,2,9,0,18,0,0,0,0,1,0,1,1,6,1,69,10,2496,2,13,1,1
2014100697214,1,9,0,18,0,1,0,0,0,0,1,1,6,3,-1,-1,-1,-1,-1,-1,-1
2014100697414,1,9,0,9,0,8,0,0,0,0,1,1,6,1,25,5,-1,-1,-1,2,1
2014100697414,2,9,0,18,0,1,0,0,0,0,1,1,2,2,30,6,1398,2,2,2,1
2014100697514,1,19,0,18,0,0,0,0,0,0,1,1,1,1,58,9,2200,2,12,1,1
2014100697514,2,19,0,3,0,0,0,0,0,0,2,1,6,1,56,9,-1,-1,-1,1,1
2014100697514,3,9,0,3,0,0,0,0,0,0,2,1,2,1,35,6,1461,2,4,1,1
2014100697714,1,1,0,18,0,1,0,0,0,0,1,1,6,1,21,5,-1,-1,-1,6,1
2014100697714,2,9,0,4,0,1,0,0,0,0,1,1,6,1,52,8,1686,2,-1,4,1
2014100698014,1,9,0,18,0,1,0,0,0,0,1,1,6,3,-1,-1,-1,-1,-1,-1,-1
2014100698014,2,1,0,12,0,1,0,0,0,0,2,1,2,1,61,9,-1,-1,-1,1,1
2014100698114,1,9,0,17,0,0,1,0,8,11,1,1,6,2,40,7,1598,1,6,1,1
2014100698414,1,21,0,18,0,1,1,0,7,0,1,1,1,1,38,7,10837,2,6,4,1
2014100698414,2,9,0,18,0,2,0,0,1,9,3,1,1,1,69,10,1199,2,2,6,3
2014100698814,1,9,0,9,0,6,0,0,0,11,3,1,6,1,68,10,-1,-1,-1,-1,-1
2014100698814,2,11,0,18,0,1,0,0,0,0,1,1,1,1,30,6,6370,2,1,-1,-1
2014100699314,1,9,0,15,0,1,0,0,0,0,1,1,1,2,45,7,1598,1,3,7,1
2014100699514,1,9,0,18,0,4,0,0,0,0,1,1,6,1,21,5,1596,1,7,8,2
2014100699514,2,1,0,18,0,8,5,0,0,0,4,1,6,1,52,8,-1,-1,-1,7,1
2014100699714,1,9,0,18,0,1,0,0,0,0,4,1,6,3,-1,-1,-1,-1,-1,-1,-1
2014100699814,1,9,0,9,0,8,0,0,0,0,4,1,6,2,80,11,1596,1,1,8,1
2014100699814,2,1,0,18,0,8,0,0,0,0,1,1,6,1,17,4,-1,-1,-1,2,1
2014100700014,1,9,0,5,0,4,0,0,0,0,1,1,1,1,31,6,1896,2,13,-1,1
2014100700014,2,1,0,18,0,8,0,0,0,0,2,1,1,1,47,8,-1,-1,-1,7,1
2014100700814,1,9,0,18,0,0,0,0,0,0,4,1,6,2,36,7,1397,1,3,4,2
2014100701014,1,19,0,18,0,0,0,0,0,0,1,1,1,1,28,6,2198,2,2,1,1
2014100701214,1,19,0,18,0,0,0,0,0,0,1,1,1,1,25,5,2198,2,1,-1,-1
2014100701214,2,9,0,4,0,0,0,0,0,0,2,1,2,1,43,7,1840,1,14,4,2
2014100701214,3,9,0,4,0,0,0,0,0,0,2,1,2,1,36,7,1598,2,1,-1,-1
2014100701314,1,9,0,9,0,6,0,0,0,0,1,1,6,1,45,7,-1,-1,-1,9,1
2014100701314,2,9,0,18,0,8,0,0,0,0,4,1,6,2,46,8,1248,2,-1,8,2
2014100701314,3,19,0,2,0,2,0,0,0,0,2,1,6,1,31,6,-1,-1,-1,3,1
2014100701314,4,9,0,2,0,1,0,0,0,0,2,1,6,2,51,8,1997,2,10,1,1
2014100701714,1,9,0,5,0,8,5,0,0,0,3,1,6,2,34,6,995,1,1,3,1
2014100701714,2,9,0,18,0,8,0,0,0,0,1,1,6,2,19,4,1242,1,-1,2,1
2014100702314,1,9,0,16,0,0,5,10,7,4,4,1,6,1,20,4,1198,1,12,3,2
2014100702914,1,9,0,12,0,0,0,0,0,0,1,1,6,2,63,9,1240,1,10,-1,-1
2014100702914,2,9,0,4,0,0,0,0,0,0,2,1,6,1,55,8,-1,-1,-1,9,1
2014100703314,1,9,0,18,0,0,0,0,0,0,1,1,6,1,18,4,1368,1,10,-1,-1
2014100703514,1,9,0,12,0,2,0,0,0,0,3,1,6,1,80,11,1791,8,2,9,1
2014100703514,2,19,0,18,0,1,0,0,0,0,1,1,1,1,65,9,2402,2,12,-1,-1
2014100703814,1,9,0,18,0,0,0,0,0,0,3,1,2,1,51,8,1997,1,6,4,1
2014100703914,1,9,0,16,0,2,1,0,0,0,1,1,6,1,46,8,1461,2,9,4,3
2014100703914,2,9,0,17,0,1,0,0,0,0,1,1,2,2,59,9,2792,1,10,-1,-1
2014100704114,1,19,0,7,0,6,0,0,0,0,1,1,1,1,49,8,2402,2,3,-1,-1
2014100704114,2,9,0,5,0,8,0,0,0,0,1,1,6,1,31,6,1199,1,11,4,1
2014100704114,3,9,0,5,0,8,0,0,0,0,1,1,6,1,46,8,1198,1,9,9,1
2014100704414,1,9,0,18,0,0,2,0,2,4,1,1,6,2,28,6,1299,1,9,1,1
2014100704514,1,9,0,18,0,2,0,0,0,0,1,1,2,2,48,8,1968,2,1,6,3
2014100704614,1,1,0,18,0,0,0,0,0,0,3,1,6,1,29,6,-1,-1,-1,1,1
2014100704614,2,11,0,18,0,0,0,0,0,0,4,1,6,1,54,8,6871,2,11,-1,-1
2014100705014,1,9,0,18,0,3,0,0,0,0,1,1,6,1,77,11,-1,-1,-1,2,1
2014100705014,2,9,0,18,0,2,0,0,0,0,2,1,6,1,41,7,-1,-1,-1,9,1
2014100705414,1,9,0,18,0,8,0,0,0,0,3,1,6,2,23,5,998,1,5,3,1
2014100705514,1,21,0,17,0,1,0,0,0,0,1,2,1,1,55,8,-1,-1,-1,-1,-1
2014100705514,2,9,0,17,0,1,0,0,0,0,4,1,1,1,24,5,1596,1,3,-1,1
2014100706114,1,1,0,18,0,1,0,0,0,0,3,1,6,2,34,6,-1,-1,-1,-1,-1
2014100706114,2,1,0,18,0,1,0,0,0,0,1,1,6,1,42,7,-1,-1,-1,-1,-1
2014100706214,1,9,0,7,0,8,0,0,0,0,1,1,6,1,39,7,1364,1,9,2,1
2014100706214,2,9,0,18,0,8,0,0,0,0,1,1,6,1,40,7,1896,2,12,2,1
2014100706514,1,9,0,18,0,0,0,0,0,0,1,1,1,2,44,7,1390,1,8,-1,-1
2014100706514,2,1,0,18,0,0,0,0,0,0,1,1,6,1,13,3,-1,-1,-1,-1,-1
2014100706814,1,11,0,2,0,0,0,0,0,0,0,1,1,1,51,8,6370,2,6,2,1
2014100706914,1,11,0,18,0,8,0,0,0,0,0,1,1,1,47,8,-1,2,5,-1,-1
2014100707214,1,9,0,9,0,6,0,0,0,0,1,1,6,1,20,4,1197,1,2,1,1
2014100707514,1,9,0,17,0,1,1,0,0,0,4,1,2,2,25,5,1896,2,13,2,1
2014100707514,2,9,0,16,0,1,0,0,0,0,3,1,6,1,66,10,1896,2,14,3,3
2014100707714,1,9,0,9,0,6,0,0,0,0,0,1,1,1,55,8,1968,2,7,6,1
2014100707714,2,11,0,18,0,1,0,0,0,0,0,1,1,1,55,8,9600,2,14,-1,-1
2014100708014,1,9,0,9,0,6,0,0,0,0,1,1,6,1,34,6,-1,-1,-1,3,1
2014100708014,2,9,0,18,0,8,1,10,1,0,3,1,2,1,42,7,1390,1,7,10,1
2014100708414,1,9,0,18,0,0,0,0,0,0,1,1,3,2,47,8,1296,1,6,7,1
2014100708614,1,9,0,18,0,8,0,0,0,0,1,1,1,2,25,5,1124,1,6,-1,-1
2014100708614,2,9,0,18,0,8,0,0,0,0,3,1,1,2,25,5,1229,1,-1,6,1
2014100708614,3,9,0,2,0,1,0,0,0,0,1,1,6,2,-1,-1,1598,1,4,-1,-1
2014100708714,1,8,0,5,0,0,0,0,0,0,4,1,1,1,31,6,1896,2,10,1,1
2014100708814,1,9,0,18,0,8,0,10,3,4,1,1,6,2,42,7,1995,2,2,3,1
2014100709014,1,9,0,18,0,0,0,0,0,0,1,1,6,3,-1,-1,1124,1,12,-1,-1
2014100709014,2,8,0,2,0,0,0,0,0,0,2,1,1,1,48,8,1995,2,2,4,1
2014100709114,1,9,0,3,0,6,0,0,0,0,1,1,1,2,-1,-1,998,1,5,1,1
2014100709114,2,9,0,3,0,6,0,0,0,0,2,1,1,2,44,7,1461,2,-1,7,1
2014100709514,1,9,0,5,0,0,0,0,0,0,1,1,6,2,45,7,1360,1,11,5,1
2014100709514,2,9,0,18,0,0,0,0,0,0,1,1,2,2,42,7,1299,1,7,4,1
2014100709714,1,9,0,18,0,0,5,10,2,0,1,2,6,1,47,8,1956,2,2,7,1
2014100709814,1,11,0,4,0,8,0,0,0,0,0,1,1,1,-1,-1,6700,2,7,2,1
2014100710114,1,9,0,18,0,1,0,0,0,0,1,1,6,2,39,7,998,1,-1,-1,-1
2014100710114,2,9,0,3,0,1,0,0,0,0,2,1,6,2,49,8,1461,2,5,-1,-1
2014100710214,1,19,0,5,0,4,0,0,0,0,1,1,1,1,47,8,1248,2,5,2,1
2014100710214,2,1,0,18,0,8,0,0,0,0,4,1,6,1,24,5,-1,-1,-1,-1,-1
2014100711014,1,9,0,5,0,4,0,0,0,0,1,1,2,2,56,9,1198,1,1,10,1
2014100711014,2,9,0,17,0,8,0,0,0,0,4,1,6,1,20,4,973,1,12,1,1
2014100711314,1,9,0,16,0,0,1,0,7,11,1,1,6,1,31,6,1364,1,7,10,1
2014100711414,1,9,0,5,0,1,0,0,0,0,1,1,2,2,42,7,1995,2,-1,7,1
2014100711414,2,9,0,4,0,1,0,0,0,0,2,1,6,1,30,6,999,1,-1,4,1
2014100711614,1,9,0,6,0,0,0,0,0,0,0,1,2,2,25,5,1910,2,6,7,1
2014100711614,2,2,0,18,0,0,1,0,0,0,0,1,2,1,27,6,124,1,6,1,1
2014100711914,1,3,0,17,0,0,1,0,0,0,1,1,2,1,33,6,124,1,3,-1,-1
2014100712114,1,9,0,18,0,8,0,0,0,1,1,1,6,2,25,5,1229,1,9,1,1
2014100712414,1,9,0,18,0,1,0,0,0,0,1,1,6,3,-1,-1,-1,-1,-1,-1,-1
2014100712414,2,9,0,3,0,1,0,0,0,0,2,1,1,2,55,8,1229,1,9,9,1
2014100712814,1,8,0,9,0,5,0,0,0,0,1,1,1,1,-1,-1,1968,2,1,-1,1
2014100712814,2,1,0,18,0,8,0,0,0,0,1,1,2,1,30,6,-1,-1,-1,1,1
2014100713014,1,9,0,17,0,0,0,0,7,2,1,1,6,1,29,6,1596,1,8,1,1
2014100714014,1,9,0,3,0,0,0,0,0,0,1,1,6,1,28,6,1598,1,1,1,1
2014100714014,2,9,0,3,0,0,0,0,0,0,2,1,1,1,33,6,1560,2,6,-1,-1
2014100714214,1,9,0,18,4,1,0,0,0,0,0,1,6,3,-1,-1,-1,-1,-1,-1,-1
2014100714214,2,1,0,18,4,1,0,10,0,0,0,1,2,1,34,6,-1,-1,-1,-1,-1
2014100714314,1,9,0,18,0,0,0,0,1,0,1,1,6,1,19,4,1124,1,16,8,1
2014100714314,2,9,0,18,0,0,0,0,7,0,2,1,6,2,23,5,1341,1,12,1,3
2014100714414,1,19,0,9,0,6,0,0,0,0,1,1,1,1,32,6,2198,2,-1,2,1
2014100714414,2,9,0,18,0,8,0,0,0,0,1,1,6,2,53,8,1364,1,8,8,3
2014100714614,1,9,0,9,0,6,0,0,0,0,1,1,6,1,21,5,1598,1,3,10,1
2014100714614,2,9,0,18,0,8,0,0,0,0,4,1,6,2,25,5,1149,1,9,-1,-1
2014100715014,1,9,0,4,0,0,0,0,0,0,1,1,1,1,55,8,-1,-1,-1,3,1
2014100715014,2,9,0,4,0,0,0,0,0,0,2,1,6,1,42,7,1229,1,7,9,1
2014100715214,1,9,0,18,0,8,0,0,0,0,1,1,6,3,-1,-1,-1,-1,-1,-1,-1
2014100715214,2,1,0,18,0,8,0,0,0,0,2,1,2,2,39,7,-1,-1,-1,-1,-1
2014100715414,1,9,0,18,0,1,0,0,0,0,1,1,6,1,18,4,2402,2,3,6,3
2014100715514,1,9,0,10,0,1,0,0,0,0,1,1,6,1,29,6,1994,2,6,4,1
2014100715514,2,9,0,10,0,1,0,0,0,0,2,1,6,2,50,8,2993,2,2,10,1
2014100715614,1,9,0,7,0,6,0,0,0,0,1,1,6,2,93,11,1400,1,9,10,1
2014100715614,2,19,0,18,0,1,0,0,0,0,1,1,1,1,46,8,2198,2,-1,7,1
2014100715814,1,11,0,18,0,8,0,0,0,0,4,1,1,1,43,7,4500,2,3,3,1
2014100715914,1,90,0,18,0,0,0,0,0,0,3,1,6,1,23,5,-1,-1,-1,1,1
2014100715914,2,9,0,18,0,0,0,0,0,0,4,1,6,1,83,11,1248,1,4,2,1
2014100716614,1,9,0,7,0,6,0,0,0,0,2,1,6,1,50,8,2967,2,-1,-1,-1
2014100716814,1,9,0,7,0,6,0,0,0,0,3,1,1,1,41,7,-1,-1,-1,6,3
2014100716814,2,9,0,13,0,8,0,0,1,11,1,1,6,1,29,6,1910,2,7,3,3
2014100716914,1,11,0,5,0,0,0,0,0,0,0,1,1,1,33,6,3900,2,9,3,1
2014100717014,1,9,0,4,0,1,0,0,0,0,1,1,6,2,36,7,1242,1,1,-1,1
2014100717014,2,5,0,3,0,1,0,0,0,0,2,1,6,1,51,8,798,1,4,7,3
2014100717114,1,9,0,18,0,0,1,0,0,0,1,1,6,1,24,5,1796,1,12,-1,-1
2014100717114,2,9,0,3,0,0,0,0,0,0,2,1,6,1,70,10,1399,1,4,8,1
2014100717114,3,9,0,3,0,0,0,0,0,0,2,1,6,1,58,9,1598,1,1,3,2
2014100717214,1,9,0,18,0,8,0,0,0,0,1,1,6,1,53,8,1686,2,2,3,1
2014100717214,2,19,0,3,0,1,0,0,0,0,3,1,6,1,51,8,1896,2,10,5,1
2014100717214,3,9,0,2,0,1,0,0,0,0,3,1,6,1,21,5,1299,1,10,-1,-1
2014100717314,1,9,0,18,0,8,0,0,0,0,4,1,6,2,52,8,1360,1,9,7,1
2014100717314,2,1,0,18,4,8,0,0,0,0,1,1,6,1,46,8,-1,-1,-1,4,1
2014100717414,1,9,0,16,0,0,0,0,0,0,3,1,6,2,41,7,1598,1,9,1,1
2014100717414,2,9,0,17,0,0,0,0,0,0,3,1,6,1,44,7,1968,2,1,4,2
2014100717614,1,8,0,18,0,0,0,10,7,5,1,1,1,1,64,9,-1,-1,-1,2,1
2014100717814,1,9,0,18,0,8,0,0,0,0,1,1,1,1,61,9,1997,2,10,6,1
2014100717814,2,9,0,3,0,8,0,0,0,0,2,1,6,1,66,10,1242,1,9,1,1
2014100717814,3,9,0,3,0,8,0,0,0,0,2,1,6,1,22,5,-1,-1,-1,2,1
2014100717914,1,9,0,4,0,1,0,0,0,0,1,1,6,1,-1,-1,1896,2,10,4,1
2014100717914,2,9,0,3,0,1,0,0,0,0,2,1,6,1,64,9,1956,2,3,3,1
2014100718414,1,9,0,18,0,0,1,0,0,0,1,1,1,1,37,7,1968,2,2,10,3
2014100718414,2,9,0,4,0,0,0,0,0,0,2,1,2,2,57,9,1149,1,7,7,3
2014100718414,3,9,0,4,0,0,0,0,0,0,2,1,2,2,60,9,1896,2,9,9,1
2014100718814,1,9,0,18,0,8,0,0,0,0,3,1,2,1,28,6,1388,1,14,3,1
2014100718814,2,1,0,18,0,8,0,0,0,0,0,1,6,1,40,7,-1,-1,-1,-1,-1
2014100718814,3,1,0,18,0,8,0,0,0,0,1,1,2,3,-1,-1,-1,-1,-1,-1,-1
2014100719314,1,9,0,18,0,8,0,0,0,0,1,1,6,1,39,7,-1,-1,-1,7,1
2014100719414,1,11,0,5,0,2,0,0,0,0,0,1,1,1,33,6,6700,2,2,3,1
2014100720014,1,1,0,18,0,8,0,0,0,0,1,1,2,1,30,6,-1,-1,-1,-1,-1
2014100720014,2,9,0,9,0,6,0,0,0,0,3,1,1,1,57,9,1997,2,4,4,1
2014100720114,1,9,0,1,0,0,0,0,0,0,2,1,6,2,53,8,2000,2,8,2,1
2014100720114,2,9,0,2,0,0,0,0,0,0,2,1,6,1,25,5,998,1,8,1,1
2014100720714,1,9,0,7,0,6,0,0,0,0,1,1,6,1,-1,-1,1984,1,6,6,1
2014100720714,2,9,0,14,0,8,0,0,0,0,3,1,6,1,64,9,-1,-1,-1,6,1
2014100720914,1,19,0,18,0,1,0,0,0,0,1,1,1,1,23,5,1753,2,8,5,1
2014100720914,2,22,0,18,0,1,0,0,0,0,1,1,6,1,52,8,-1,-1,-1,1,1
2014100721114,1,9,0,7,0,8,0,0,0,0,3,1,6,1,71,10,1390,1,7,7,1
2014100721114,2,5,0,18,0,1,5,0,0,0,4,1,2,1,52,8,749,1,22,5,1
2014100721214,1,9,0,13,0,1,0,0,0,0,1,1,6,3,-1,-1,-1,-1,-1,-1,-1
2014100721214,2,1,0,18,0,1,0,0,0,0,1,1,6,1,56,9,-1,-1,-1,2,1
2014100721314,1,11,0,3,0,1,0,0,0,0,0,2,1,1,38,7,9360,2,1,8,3
2014100721714,1,9,0,18,0,1,1,0,0,0,1,1,6,1,27,6,1242,1,1,2,1
2014100721714,2,9,0,9,0,5,0,0,0,0,4,1,6,1,36,7,1796,1,8,1,1
2014100721914,1,19,0,4,0,1,0,0,0,0,1,1,1,1,46,8,1598,2,7,3,1
2014100721914,2,9,0,3,0,1,0,0,0,0,2,1,6,1,24,5,1598,1,4,3,1
2014100722214,1,9,0,18,0,8,0,0,0,0,4,1,6,1,44,7,2967,2,7,2,1
2014100722314,1,9,0,18,0,3,0,0,1,2,1,1,6,1,54,8,1598,1,12,3,1
2014100722414,1,9,0,18,0,2,2,0,0,11,1,1,2,2,24,5,1149,1,9,2,1
2014100722814,1,9,0,9,0,8,1,0,0,0,1,1,1,1,54,8,-1,-1,-1,4,2
2014100722814,2,9,0,18,0,8,0,0,0,0,3,1,1,1,52,8,-1,-1,-1,4,1
2014100723114,1,9,0,7,0,5,0,0,0,0,0,1,6,3,-1,-1,-1,-1,-1,-1,-1
2014100723114,2,11,0,18,0,1,0,0,0,0,0,1,1,1,30,6,-1,-1,-1,-1,-1
2014100723214,1,9,0,7,0,6,0,0,0,0,1,1,6,1,-1,-1,1995,2,7,2,1
2014100723214,2,9,0,18,0,8,0,0,0,0,3,1,2,2,48,8,1900,2,9,4,1
2014100723714,1,9,0,18,0,0,0,0,0,0,3,1,6,1,75,10,1587,1,9,1,1
2014100724214,1,9,0,18,0,8,0,0,0,0,1,1,6,1,68,10,1586,1,1,1,1
2014100724214,2,9,0,18,0,8,0,0,0,0,4,1,6,2,33,6,1242,1,1,2,1
2014100724314,1,17,0,7,0,5,0,0,0,0,3,1,1,1,75,10,6702,2,8,5,3
2014100724314,2,9,0,16,0,8,0,0,0,0,1,1,6,1,87,11,1560,2,4,5,3
2014100724414,1,9,0,18,0,0,1,0,0,0,1,1,6,1,68,10,1329,1,4,-1,-1
2014100724414,2,19,0,18,0,0,1,0,1,0,1,1,6,1,63,9,1598,2,6,3,1
2014100724614,1,9,0,16,0,0,0,0,0,3,0,1,6,1,66,10,1598,1,8,5,1
2014100724614,2,20,0,17,0,0,0,0,0,0,3,1,6,1,50,8,-1,-1,-1,-1,-1
2014100724914,1,21,1,11,0,2,0,0,0,0,0,1,6,1,65,9,15607,2,7,2,1
2014100724914,2,9,0,18,2,1,0,0,0,0,0,1,6,2,27,6,1299,1,9,4,2
2014100725114,1,9,0,18,0,0,0,0,0,0,4,1,6,3,-1,-1,-1,-1,-1,-1,-1
2014100725214,1,9,0,7,0,4,0,0,0,0,1,1,2,1,46,8,2231,2,5,4,1
2014100725214,2,9,0,18,0,8,0,0,1,11,4,1,6,2,47,8,-1,-1,-1,10,3
2014100725414,1,9,0,3,0,0,0,0,0,0,1,1,6,2,18,4,1124,1,13,-1,-1
2014100725414,2,9,0,3,0,0,0,0,0,0,2,1,6,2,69,10,1596,1,6,-1,-1
2014100725414,3,9,0,3,0,0,0,0,0,0,2,1,6,1,29,6,1461,2,8,-1,-1
2014100725614,1,9,0,18,0,8,0,0,0,0,3,1,2,2,47,8,1349,1,6,4,1
2014100725614,2,9,0,18,0,8,0,0,0,0,1,1,2,1,42,7,1586,1,10,1,1
2014100726014,1,9,0,5,0,1,0,0,0,0,1,1,2,1,20,4,1995,2,6,7,1
2014100726014,2,9,0,3,0,1,0,0,0,0,2,1,2,2,58,9,1839,1,10,5,1
2014100726614,1,9,0,13,0,0,1,0,1,0,4,1,2,1,19,4,1298,1,16,-1,-1
2014100726614,2,19,0,18,0,0,0,0,0,0,3,1,2,1,48,8,1753,2,9,3,1
2014100726614,3,9,0,18,0,0,0,0,1,1,3,1,2,2,35,6,998,1,1,2,1
2014100726614,4,9,0,18,0,0,0,0,0,0,1,1,2,1,21,5,1242,1,2,6,1
2014100726814,1,9,0,7,0,6,0,0,0,0,1,1,2,2,49,8,1242,1,-1,2,1
2014100726814,2,9,0,18,0,8,0,0,0,0,4,1,2,2,49,8,998,1,1,3,1
2014100727114,1,9,0,18,0,2,0,0,0,0,1,1,2,2,31,6,1461,2,4,5,2
2014100727314,1,9,0,12,0,0,1,0,4,6,1,1,6,2,27,6,1910,2,10,2,1
2014100727314,2,9,0,18,0,0,0,0,0,0,4,1,6,1,24,5,1598,1,14,-1,1
2014100727314,3,9,0,18,0,0,0,0,0,0,0,1,6,2,30,6,1781,1,11,9,1
2014100727414,1,9,0,9,0,5,0,0,0,0,1,1,2,2,39,7,2993,2,-1,10,2
2014100727414,2,3,0,18,0,8,0,0,0,0,3,1,6,1,28,6,-1,-1,-1,3,1
2014100727514,1,9,0,17,0,0,1,0,0,0,4,1,6,2,45,7,1896,2,12,10,3
2014100727514,2,9,0,16,0,0,0,0,0,0,1,1,6,1,39,7,2488,2,2,9,2
2014100727614,1,9,0,17,0,3,0,10,0,0,3,1,6,1,25,5,1800,1,15,-1,-1
2014100727614,2,9,0,4,0,1,0,0,0,0,1,1,6,1,19,4,1242,1,13,1,1
2014100727614,3,9,0,18,0,1,0,0,0,0,0,1,1,1,34,6,2967,2,5,-1,-1
2014100727814,1,19,0,16,0,0,0,0,0,0,1,1,1,1,43,7,2198,2,7,2,1
2014100727814,2,9,0,17,0,0,0,0,0,0,3,1,6,2,20,4,1968,2,3,-1,-1
2014100727914,1,19,0,18,0,0,1,0,0,0,4,1,1,1,56,9,2151,2,14,1,1
2014100727914,2,9,0,4,0,0,0,0,0,0,2,1,1,1,26,6,1388,1,15,3,2
2014100727914,3,9,0,4,0,0,0,0,0,0,1,1,1,2,44,7,1590,1,4,8,1
2014100728114,1,9,0,17,0,0,0,0,0,0,0,1,6,3,-1,-1,-1,-1,-1,-1,-1
2014100728114,2,2,0,16,0,0,1,0,1,9,0,1,6,1,44,7,49,1,11,7,1
2014100728314,1,11,0,4,0,0,0,0,0,0,0,1,1,1,52,8,9360,2,2,10,1
2014100728314,2,19,0,2,0,0,0,0,0,0,3,1,1,3,-1,-1,2143,2,1,10,1
2014100728614,1,9,0,9,0,6,0,0,0,0,3,1,1,3,-1,-1,-1,-1,-1,-1,-1
2014100729014,1,9,0,18,0,6,0,0,0,0,1,1,6,1,32,6,1896,2,10,2,1
2014100729014,2,9,0,18,0,8,0,0,0,0,4,1,6,1,39,7,1997,1,9,2,1
2014100729114,1,9,0,9,0,6,0,0,0,0,4,1,6,1,64,9,1349,1,5,-1,-1
2014100729114,2,1,0,18,0,8,0,0,0,0,1,1,6,1,48,8,-1,-1,-1,-1,-1
2014100729214,1,19,0,4,0,1,0,0,0,0,4,1,1,1,54,8,-1,-1,-1,-1,-1
2014100729414,1,9,0,4,0,1,0,0,0,0,1,1,1,2,52,8,1198,1,2,9,1
2014100729414,2,9,0,3,0,1,0,0,0,0,2,1,1,2,44,7,998,1,6,2,1
2014100729714,1,9,0,9,0,8,0,0,0,0,1,1,6,2,47,8,1560,2,9,-1,-1
2014100729714,2,9,0,9,0,8,0,0,0,0,2,1,6,1,59,9,1968,2,1,2,1