Accident_Index,Vehicle_Reference,Vehicle_Type,Towing_and_Articulation,Vehicle_Manoeuvre,Vehicle_Location-Restricted_Lane,Junction_Location,Skidding_and_Overturning,Hit_Object_in_Carriageway,Vehicle_Leaving_Carriageway,Hit_Object_off_Carriageway,1st_Point_of_Impact,Was_Vehicle_Left_Hand_Drive?,Journey_Purpose_of_Driver,Sex_of_Driver,Age_of_Driver,Age_Band_of_Driver,Engine_Capacity_(CC),Propulsion_Code,Age_of_Vehicle,Driver_IMD_Decile,Driver_Home_Area_Type
2014100767014,1,9,0,16,0,0,0,0,0,11,1,1,6,1,26,6,1598,1,10,2,1
2014100767214,1,11,0,5,0,0,0,0,0,0,4,1,1,1,41,7,6370,2,6,-1,-1
2014100767614,1,19,0,13,0,1,0,0,0,0,0,1,6,3,-1,-1,-1,-1,-1,-1,-1
2014100767614,2,11,0,16,0,1,0,0,0,0,0,1,1,1,32,6,6370,2,6,3,1
2014100767814,1,9,0,18,0,2,0,0,0,0,1,1,6,2,37,7,1398,2,10,7,3
2014100767814,2,9,0,4,0,2,0,0,0,0,2,1,2,2,35,6,1794,1,8,5,2
2014100768314,1,9,0,4,0,7,0,0,0,0,1,1,6,1,34,6,998,1,12,10,1
2014100768314,2,9,0,3,0,7,0,0,0,0,2,1,6,1,68,10,-1,-1,-1,9,1
2014100768414,1,9,0,18,0,0,0,0,0,0,1,1,6,3,-1,-1,2993,2,10,-1,-1
2014100768414,2,9,0,18,0,0,0,0,0,0,2,1,1,1,44,7,2179,2,2,7,1
2014100768514,1,9,0,13,0,0,0,0,0,0,1,1,6,3,-1,-1,1968,2,4,-1,-1
2014100768514,2,1,0,18,0,0,0,0,0,0,2,1,6,2,66,10,-1,-1,-1,7,1
2014100769814,1,9,0,18,0,1,0,0,0,0,1,1,6,2,47,8,1390,1,11,9,1
2014100769814,2,9,0,3,0,1,0,0,0,0,2,1,1,1,42,7,1896,2,12,2,1
2014100769914,1,9,0,18,0,2,0,0,0,0,1,1,6,2,41,7,1796,1,7,4,1
2014100770014,1,21,4,18,0,1,3,0,0,0,2,1,1,1,54,8,12130,2,12,5,3
2014100770014,2,21,4,18,0,1,0,0,0,0,1,2,1,1,33,6,-1,-1,-1,-1,-1
2014100770214,1,9,0,18,0,1,0,0,0,0,1,1,2,1,32,6,1753,2,10,7,1
2014100770214,2,19,0,5,0,1,0,0,0,0,2,1,1,1,50,8,2198,2,1,-1,-1
2014100770614,1,9,0,18,0,3,1,0,1,5,3,1,1,1,27,6,3175,1,13,2,1
2014100770814,1,9,0,18,0,0,0,0,7,11,1,1,6,1,40,7,1679,1,15,2,1
2014100770814,2,9,0,18,0,0,0,0,1,11,3,1,6,2,28,6,1398,2,12,1,1
2014100771214,1,9,0,18,0,0,0,0,0,6,1,1,6,1,44,7,1242,1,6,10,1
2014100771314,1,21,1,18,0,0,0,0,0,0,0,1,1,1,52,8,12900,2,4,3,1
2014100771314,2,9,0,18,0,0,0,0,4,0,1,1,6,1,23,5,-1,-1,-1,-1,-1
2014100771314,3,9,0,18,0,0,0,0,0,0,2,1,6,1,30,6,-1,-1,-1,8,1
2014100771314,4,9,0,18,0,0,0,0,1,0,1,1,6,1,33,6,1560,2,8,7,3
2014100771414,1,9,0,18,0,0,0,0,0,0,1,1,6,2,55,8,2967,2,-1,5,3
2014100771414,2,9,0,3,0,0,0,0,0,0,2,1,6,2,49,8,1461,2,1,4,1
2014100771514,1,9,0,18,0,0,0,0,0,0,1,1,6,1,73,10,1560,2,1,1,1
2014100771614,1,9,0,18,0,0,0,0,0,0,1,1,6,1,53,8,1988,2,10,1,1
2014100771714,1,9,0,18,0,0,0,0,0,0,1,1,6,3,-1,-1,1910,2,11,-1,-1
2014100771714,2,9,0,18,0,0,0,6,1,10,2,1,6,2,44,7,1242,1,9,7,1
2014100771714,3,9,0,18,0,0,0,0,0,0,2,1,6,1,28,6,1242,1,1,-1,-1
2014100771914,1,9,0,18,0,0,0,0,0,0,1,1,6,1,85,11,1388,1,11,3,1
2014100771914,2,9,0,2,0,0,0,0,0,0,2,1,6,1,52,8,1360,1,7,5,1
2014100772414,1,9,0,18,0,0,0,0,0,0,1,1,6,2,24,5,1598,1,8,1,1
2014100772414,2,9,0,18,0,0,0,0,0,0,2,1,6,2,-1,-1,-1,-1,-1,6,1
2014100772514,1,21,1,11,0,0,0,0,0,0,4,1,1,1,27,6,-1,-1,-1,1,1
2014100772514,2,9,0,18,0,0,0,0,0,0,3,1,6,1,30,6,1587,1,10,2,1
2014100772614,1,9,0,18,0,1,0,0,0,0,1,1,2,2,37,7,-1,-1,-1,2,1
2014100772614,2,9,0,3,0,1,0,0,0,0,2,1,2,2,28,6,1398,1,-1,7,1
2014100772614,3,9,0,3,0,1,0,0,0,0,1,1,6,1,64,9,1364,1,6,3,1
2014100772614,4,9,0,18,0,1,0,0,0,0,1,1,6,2,74,10,1198,1,-1,7,1
2014100772814,1,9,0,18,0,1,0,0,0,11,1,1,6,1,22,5,1124,1,13,6,1
2014100773414,1,9,0,5,0,8,0,0,0,1,4,1,1,1,32,6,-1,-1,-1,2,1
2014100773414,2,9,0,18,0,8,0,0,0,0,1,1,6,1,63,9,1349,1,4,2,1
2014100773814,1,10,0,18,0,1,0,0,0,0,1,1,1,1,38,7,2500,2,9,3,1
2014100773814,2,9,0,4,0,1,0,0,0,0,2,1,6,2,31,6,2179,2,1,3,1
2014100774114,1,9,0,9,0,6,0,0,0,0,1,1,6,1,25,5,1240,1,11,4,3
2014100774114,2,9,0,18,0,8,0,0,1,0,1,1,2,1,40,7,1596,1,10,-1,-1
2014100774814,1,9,0,18,0,1,0,0,0,0,3,1,6,3,-1,-1,-1,-1,-1,-1,-1
2014100774814,2,1,0,18,0,2,0,0,0,0,3,1,6,2,16,4,-1,-1,-1,4,2
2014100775014,1,9,0,16,0,0,0,0,0,0,1,1,2,1,54,8,1360,1,12,1,1
2014100775014,2,9,0,17,0,0,0,0,0,0,3,1,2,1,60,9,1956,2,3,4,2
2014100775114,1,1,0,9,0,6,0,0,0,0,4,1,6,1,56,9,-1,-1,-1,1,1
2014100775114,2,9,0,18,0,8,1,0,0,0,1,1,6,1,72,10,1388,1,12,2,1
2014100775214,1,9,0,18,0,0,0,0,0,0,1,1,6,1,67,10,2204,2,7,4,1
2014100775214,2,9,0,3,0,0,0,0,1,0,2,1,6,2,46,8,1149,1,8,3,1
2014100775214,3,9,0,3,0,0,0,0,0,0,2,1,6,1,36,7,1461,2,-1,5,1
2014100775314,1,19,0,12,0,1,0,0,0,0,3,1,6,1,33,6,2461,2,7,3,2
2014100775314,2,9,0,18,0,1,0,0,0,0,4,1,6,1,51,8,1398,2,6,-1,-1
2014100775314,3,9,0,18,0,1,0,0,0,0,2,1,6,1,35,6,1560,2,1,-1,-1
2014100775414,1,9,0,18,0,0,0,4,0,0,4,1,6,2,35,6,1598,1,2,10,1
2014100775414,2,9,0,2,0,0,0,0,0,0,3,1,6,3,-1,-1,1598,2,1,10,1
2014100776014,1,3,0,18,9,0,0,0,1,10,1,1,6,1,20,4,125,1,3,2,1
2014100776314,1,9,0,9,0,6,0,0,0,0,1,1,6,2,51,8,1798,1,10,10,1
2014100776314,2,9,0,17,0,8,0,0,0,0,1,1,6,2,33,6,1968,2,7,10,1
2014100776514,1,9,0,18,0,1,1,0,0,0,1,1,6,3,-1,-1,-1,-1,-1,-1,-1
2014100776514,2,19,0,18,0,8,1,0,0,0,1,1,6,1,47,8,2461,2,12,4,1
2014100777014,1,9,0,9,0,5,0,0,0,0,1,1,6,2,34,6,1242,1,1,9,1
2014100777014,2,1,0,18,0,8,0,0,0,0,4,1,6,1,19,4,-1,-1,-1,-1,1
2014100777414,1,9,0,18,0,8,0,0,0,0,1,1,6,1,31,6,1896,2,12,5,1
2014100777414,2,9,0,18,0,8,0,0,0,0,4,1,6,1,37,7,1850,1,12,-1,-1
2014100778014,1,9,0,18,0,1,0,0,0,0,1,1,6,2,51,8,2400,2,4,7,3
2014100778014,2,9,0,3,0,1,0,0,0,0,2,1,6,2,26,6,1197,1,1,1,1
2014100778414,1,9,0,1,0,0,0,0,7,11,1,1,6,2,57,9,1242,1,12,7,1
2014100778614,1,9,0,18,0,0,0,0,0,0,1,1,6,3,-1,-1,-1,-1,-1,-1,-1
2014100779414,1,9,0,9,0,5,0,0,0,0,1,1,6,1,62,9,1956,2,-1,1,1
2014100779414,2,9,0,18,0,1,2,0,2,2,2,1,6,1,22,5,1799,1,6,5,1
2014100779614,1,9,0,18,0,0,0,0,0,0,1,1,6,1,24,5,998,1,7,3,1
2014100779614,2,9,0,18,0,0,0,0,0,0,1,1,1,1,43,7,-1,-1,-1,5,1
2014100779714,1,9,0,18,0,4,0,0,0,0,1,1,1,1,38,7,1896,2,7,-1,-1
2014100779714,2,9,0,18,0,8,0,0,0,0,4,1,1,1,33,6,1968,2,9,4,1
2014100779814,1,9,0,18,0,2,0,0,0,0,4,1,6,2,22,5,1242,1,5,-1,-1
2014100780514,1,9,0,5,0,1,0,0,0,0,1,1,6,1,23,5,996,1,2,6,1
2014100780814,1,9,0,12,0,3,0,0,0,0,1,1,6,1,82,11,996,1,-1,6,1
2014100780814,2,9,0,7,0,3,0,0,0,0,2,1,6,2,25,5,1870,2,9,6,1
2014100782714,1,3,0,18,0,1,2,0,0,0,1,1,2,2,34,6,125,1,-1,-1,-1
2014100782914,1,11,0,4,0,0,0,0,0,0,0,1,1,1,57,9,6696,2,-1,1,1
2014100783014,1,9,0,18,0,0,0,0,0,0,1,1,6,1,79,11,1595,1,5,9,1
2014100783014,2,9,0,18,0,0,0,0,0,0,2,1,6,1,23,5,1229,1,9,3,1
2014100783514,1,9,0,17,0,0,0,0,8,10,1,1,6,1,41,7,1995,2,13,2,1
2014100784014,1,9,0,5,0,1,0,0,0,0,1,1,6,2,42,7,1198,1,3,3,1
2014100784014,2,9,0,18,0,1,0,0,0,0,2,1,6,1,22,5,1999,1,6,7,1
2014100784114,1,19,0,18,0,1,0,0,1,0,4,1,1,1,56,9,2464,2,7,1,1
2014100784614,1,9,0,18,0,0,0,0,0,0,1,1,6,2,20,4,1360,1,15,1,1
2014100784614,2,9,0,3,0,0,0,0,0,0,2,1,6,1,19,4,1390,1,11,2,1
2014100784614,3,9,0,3,0,0,0,0,0,0,2,1,6,2,33,6,1596,1,10,2,1
2014100784614,4,9,0,3,0,0,0,0,0,0,2,1,6,1,75,10,1386,1,1,8,1
2014100785014,1,21,0,4,0,0,0,0,0,0,0,1,1,1,52,8,12900,2,4,3,1
2014100785014,2,9,0,18,0,0,0,0,0,0,1,1,6,3,-1,-1,-1,-1,-1,-1,-1
2014100785014,3,9,0,18,0,0,1,0,1,0,2,1,2,1,32,6,998,1,4,2,1
2014100785214,1,19,0,6,0,8,0,0,0,0,3,1,6,1,57,9,2198,2,3,2,1
2014100785214,2,9,0,18,0,1,0,0,8,11,1,1,6,1,17,4,1229,1,3,2,1
2014100785214,3,9,0,2,0,1,0,0,1,11,1,1,6,3,-1,-1,1364,1,8,2,1
2014100785514,1,9,0,18,0,0,0,7,0,0,1,1,6,2,21,5,1242,1,2,-1,-1
2014100785814,1,9,0,16,0,2,1,0,7,0,1,1,6,2,46,8,1896,2,13,4,1
2014100785814,2,9,0,16,0,1,0,0,1,10,1,1,1,1,54,8,-1,-1,-1,3,1
2014100786314,1,9,0,13,0,0,0,0,0,0,1,1,6,1,42,7,-1,-1,-1,5,3
2014100786314,2,19,0,18,0,0,0,0,0,0,1,1,6,1,41,7,1753,2,13,7,3
2014100786314,3,10,0,18,0,0,0,0,0,0,1,1,6,1,68,10,2198,2,7,-1,-1
2014100786414,1,9,0,18,0,1,0,0,0,0,1,1,1,3,-1,-1,-1,-1,-1,-1,-1
2014100786514,1,9,0,1,0,6,0,0,0,0,2,1,6,1,89,11,1341,1,9,4,1
2014100786514,2,9,0,2,0,1,0,0,0,0,3,1,6,3,-1,-1,1956,2,1,4,1
2014100786614,1,19,0,4,0,4,1,0,0,0,1,1,6,1,26,6,2198,2,3,-1,-1
2014100786614,2,9,0,17,0,8,1,0,1,7,2,1,6,2,21,5,1240,1,9,-1,-1
2014100786814,1,9,0,17,0,0,1,0,1,9,4,1,6,2,33,6,2324,1,15,5,1
2014100787014,1,3,0,18,0,1,0,0,0,0,1,1,6,1,17,4,-1,-1,-1,1,1
2014100787014,2,9,0,2,0,1,0,0,0,0,2,1,6,1,62,9,-1,-1,-1,1,1
2014100788114,1,9,0,18,0,0,1,0,2,11,1,1,6,3,-1,-1,1598,1,9,-1,-1
2014100788314,1,9,0,17,0,0,1,6,7,9,1,1,6,1,22,5,1968,2,5,7,1
2014100788414,1,9,0,18,0,0,0,0,0,0,1,1,6,1,87,11,1198,1,5,9,1
2014100788414,2,9,0,2,0,0,0,0,0,0,2,1,6,3,-1,-1,2204,2,8,9,1
2014100788514,1,9,0,18,0,4,0,0,0,0,3,1,6,2,46,8,1598,1,4,1,1
2014100788514,2,1,0,18,0,8,0,0,0,0,1,1,6,2,43,7,-1,-1,-1,6,3
2014100788714,1,9,0,18,0,1,0,0,0,0,4,1,6,2,72,10,1396,1,1,10,1
2014100788814,1,9,0,18,0,0,0,0,0,0,1,1,6,1,47,8,2959,2,10,1,1
2014100788814,2,9,0,18,0,0,0,0,0,0,1,1,6,2,28,6,1598,2,3,6,1
2014100788814,3,9,0,4,0,0,0,0,0,0,2,1,6,1,17,4,1461,2,-1,10,2
2014100788814,4,9,0,4,0,0,0,0,0,0,2,1,6,1,42,7,1398,1,6,3,1
2014100788914,1,9,0,18,0,4,0,0,3,0,3,1,6,2,23,5,998,1,8,2,1
2014100788914,2,9,0,18,0,8,0,0,0,0,1,1,6,1,24,5,1390,1,9,5,1
2014100789014,1,9,0,9,0,5,0,0,0,0,3,1,6,1,50,8,998,1,8,1,1
2014100789314,1,9,0,9,2,5,0,0,0,0,3,1,6,2,-1,-1,1991,2,12,-1,-1
2014100789314,2,11,0,9,2,5,0,0,0,0,1,1,1,1,47,8,6692,2,2,7,3
2014100789414,1,9,0,18,0,1,0,0,0,0,3,1,3,2,36,7,-1,-1,-1,7,1
2014100789514,1,9,0,13,0,2,0,0,0,0,4,1,6,3,-1,-1,1461,2,12,-1,-1
2014100789514,2,9,0,18,0,2,0,0,0,0,3,1,6,1,57,9,1997,2,3,1,1
2014100789614,1,19,0,1,0,8,0,0,0,0,2,1,1,1,40,7,1996,2,3,3,3
2014100789614,2,2,0,3,0,8,0,0,0,0,1,1,2,2,20,4,49,1,4,2,1
2014100789914,1,9,0,18,0,1,0,0,0,0,1,1,2,2,64,9,996,1,2,1,1
2014100789914,2,9,0,3,0,1,0,0,0,0,2,1,1,1,58,9,1248,2,-1,1,1
2014100790314,1,9,0,18,0,8,0,0,0,0,4,1,6,2,-1,-1,2987,2,7,1,1
2014100790314,2,9,0,5,0,8,0,0,0,0,2,1,2,1,30,6,1086,1,6,-1,-1
2014100790714,1,9,0,18,0,1,0,0,0,0,1,1,6,2,-1,-1,1242,1,1,-1,-1
2014100790714,2,9,0,3,0,1,0,0,0,0,2,1,6,2,23,5,998,1,9,-1,-1
2014100790814,1,9,0,18,0,8,0,0,1,0,1,1,6,2,48,8,1398,1,11,2,1
2014100791214,1,1,0,18,0,6,1,0,0,0,1,1,1,1,34,6,-1,-1,-1,1,1
2014100791214,2,9,0,18,0,1,0,0,0,0,3,1,6,2,43,7,1587,1,12,9,2
2014100791814,1,9,0,18,0,0,2,0,1,11,1,1,2,2,24,5,998,1,5,6,3
2014100791914,1,1,0,18,0,0,0,0,0,0,1,1,6,1,25,5,-1,-1,-1,5,2
2014100792014,1,9,0,17,0,0,0,0,0,0,4,1,6,1,78,11,2401,2,11,1,1
2014100792014,2,9,0,2,0,0,0,0,0,0,3,1,6,1,45,7,2793,1,15,3,1
2014100792014,3,9,0,18,0,0,0,0,0,0,1,1,6,2,24,5,1149,1,11,2,1
2014100792014,4,9,0,2,0,0,0,0,0,0,3,1,6,1,44,7,4999,1,4,7,1
2014100792114,1,9,0,18,0,1,0,0,0,0,1,1,6,1,46,8,1968,2,-1,10,1
2014100792114,2,9,0,18,0,1,0,0,0,0,1,1,6,2,44,7,1461,2,4,9,1
2014100792114,3,9,0,18,0,1,0,0,0,0,1,1,6,1,43,7,1968,2,5,7,1
2014100792114,4,9,0,4,0,1,0,0,0,0,2,1,6,2,34,6,1598,1,9,7,1
2014100792314,1,1,0,18,0,8,1,0,0,0,1,1,6,1,11,3,-1,-1,-1,-1,1
2014100792314,2,9,0,4,0,8,0,0,0,0,4,1,6,1,81,11,1997,2,12,9,1
2014100793814,1,9,0,16,0,8,1,0,7,11,1,1,6,1,35,6,1596,1,3,5,2
2014100793814,2,9,0,1,0,6,0,0,0,0,0,1,6,2,57,9,1591,1,-1,6,3
2014100794214,1,11,0,9,0,8,0,0,0,0,1,1,1,1,46,8,4461,2,1,5,1
2014100794314,1,9,0,12,0,7,1,10,0,7,1,1,6,1,23,5,-1,-1,-1,8,1
2014100794614,1,9,0,4,0,4,0,0,0,0,1,1,6,1,23,5,1149,1,9,1,1
2014100794614,2,9,0,3,0,4,0,0,0,0,2,1,6,2,32,6,1796,1,8,2,1
2014100794714,1,9,0,18,0,1,0,0,0,0,1,1,6,3,-1,-1,1998,1,11,-1,-1
2014100794714,2,9,0,10,0,1,0,0,0,0,2,1,6,1,45,7,1796,1,5,4,1
2014100795314,1,1,0,18,0,0,0,0,0,0,1,1,6,1,21,5,-1,-1,-1,-1,1
2014100796014,1,9,0,18,0,6,0,0,0,0,1,1,6,2,41,7,2495,2,24,4,3
2014100796014,2,9,0,18,0,8,0,0,0,0,4,1,6,1,26,6,1199,1,14,-1,-1
2014100796414,1,9,0,4,0,0,0,0,0,0,1,1,6,1,-1,-1,-1,-1,-1,8,1
2014100796414,2,9,0,4,0,0,0,0,0,0,2,1,2,2,35,6,1598,1,11,2,1
2014100796514,1,9,0,18,0,0,0,0,0,0,1,1,6,2,28,6,1390,1,9,9,1
2014100796514,2,9,0,3,0,0,0,0,0,0,2,1,6,2,33,6,1598,1,11,4,2
2014100796814,1,9,0,18,0,3,0,0,0,0,4,1,6,1,22,5,1229,1,1,3,1
2014100796814,2,9,0,9,0,3,0,0,0,0,3,1,6,1,66,10,2495,2,17,5,1
2014100797014,1,9,0,18,0,3,1,0,2,2,1,1,6,1,21,5,1598,1,12,-1,1
2014100797214,1,9,0,9,0,6,0,7,7,10,1,1,6,1,34,6,1595,1,8,2,1
2014100797414,1,9,0,18,0,0,0,4,0,0,1,1,1,1,19,4,-1,-1,-1,2,1
2014100797414,2,20,0,2,0,0,0,0,0,0,2,1,1,1,36,7,2287,2,5,1,1
2014100797514,1,9,0,17,0,0,0,0,2,11,4,1,6,2,46,8,1988,1,10,1,1
2014100797614,1,9,0,18,0,2,0,0,0,0,1,1,6,3,-1,-1,3697,1,17,-1,-1
2014100797614,2,9,0,18,0,8,0,0,0,0,4,1,6,1,32,6,1600,1,10,1,1
2014100797614,3,19,0,18,0,1,0,0,0,0,0,1,1,2,46,8,1753,2,6,-1,-1
2014100798214,1,9,4,18,0,0,0,0,0,0,3,1,2,1,39,7,-1,-1,-1,9,1
2014100798214,2,9,0,18,0,0,0,0,0,0,3,1,2,2,45,7,1998,1,8,8,1
2014100798914,1,9,0,9,0,6,0,0,0,0,1,2,2,1,35,6,1968,2,5,4,1
2014100799114,1,97,0,18,0,8,0,0,0,0,1,1,6,1,23,5,-1,-1,-1,2,1
2014100799114,2,9,0,9,0,6,0,0,0,0,3,1,6,1,35,6,1461,2,-1,2,1
2014100799214,1,9,0,7,0,2,0,0,0,11,2,1,1,1,39,7,2231,2,2,-1,-1
2014100799414,1,9,0,10,0,4,0,0,0,0,1,1,6,1,81,11,1598,1,-1,5,2
2014100799414,2,9,0,18,0,8,0,0,0,0,4,1,6,2,36,7,1398,2,4,2,1
2014100800514,1,9,0,18,0,0,1,0,1,0,1,1,6,1,20,4,1999,1,11,7,1
2014100800814,1,9,0,18,0,8,0,0,1,4,4,1,6,1,57,9,1229,1,6,1,1
2014100800814,2,9,0,9,0,6,0,0,0,0,1,1,1,3,-1,-1,1968,2,1,1,1
2014100800914,1,9,0,5,0,2,0,0,0,0,4,1,6,2,39,7,1560,2,6,6,1
2014100801014,1,20,0,11,0,0,0,0,0,0,4,1,6,1,60,9,-1,2,13,-1,-1
2014100801014,2,9,0,18,0,0,0,0,0,0,3,1,6,2,57,9,1598,2,-1,8,1
2014100801314,1,9,0,1,0,1,0,7,2,4,2,1,6,1,71,10,-1,-1,-1,4,3
2014100801314,2,9,0,2,0,2,0,0,0,0,1,1,6,2,31,6,1598,1,1,-1,-1
2014100801714,1,9,0,11,0,8,0,0,0,0,3,1,6,1,-1,-1,1199,1,13,-1,-1
2014100801714,2,9,0,18,0,8,0,0,7,0,4,1,6,1,22,5,1995,2,1,2,1
2014100801814,1,9,0,18,0,1,0,0,0,0,0,1,6,3,-1,-1,-1,-1,-1,-1,-1
2014100801814,2,11,0,5,0,1,0,0,0,0,0,1,1,1,23,5,9000,2,12,7,1
2014100801914,1,9,0,4,0,0,0,0,0,0,1,1,6,2,49,8,998,1,5,4,3
2014100801914,2,9,0,3,0,0,0,0,0,0,2,1,6,2,53,8,1242,1,-1,-1,-1
2014100802614,1,9,0,10,0,8,0,0,0,0,3,1,6,2,48,8,1560,2,1,2,1
2014100802614,2,9,0,4,0,1,0,0,0,0,1,1,6,2,82,11,1242,1,7,4,1
2014100803014,1,9,0,16,0,3,0,0,0,0,2,1,6,1,41,7,4163,1,8,9,1
2014100803014,2,9,0,17,0,8,0,0,0,0,1,1,6,2,46,8,1124,1,13,4,2
2014100803114,1,9,0,1,0,1,0,0,0,0,2,1,6,3,-1,-1,-1,-1,-1,-1,-1
2014100803314,1,9,0,18,0,1,0,0,0,0,1,1,1,1,23,5,-1,-1,-1,4,1
2014100803314,2,9,0,3,0,1,0,0,0,0,2,1,6,1,22,5,1781,1,11,9,1
2014100803414,1,9,0,4,0,2,0,0,0,0,1,1,1,1,38,7,-1,-1,-1,1,1
2014100803414,2,9,0,3,0,2,0,0,0,0,2,1,6,1,67,10,1596,1,3,7,1
2014100803414,3,19,0,3,0,2,0,0,0,0,2,1,1,1,50,8,1248,2,6,2,1
2014100803514,1,19,0,1,0,1,0,0,0,0,3,1,1,1,34,6,2143,2,1,1,1
2014100803514,2,9,0,13,0,1,0,0,0,0,4,1,6,1,60,9,1598,1,7,7,1
2014100803614,1,19,0,16,0,0,2,0,7,11,1,1,6,1,74,10,2461,2,11,-1,1
2014100804414,1,9,0,18,0,1,0,0,0,0,1,1,6,2,51,8,1796,1,10,2,1
2014100804414,2,9,0,3,0,1,0,0,0,0,2,1,6,2,63,9,1560,2,1,-1,-1
2014100804614,1,9,0,15,0,0,0,0,0,0,0,1,1,1,-1,-1,-1,-1,-1,-1,-1
2014100804614,2,11,0,18,0,0,0,0,0,0,0,1,1,1,62,9,9000,2,7,3,3
2014100804914,1,8,0,18,0,0,0,0,0,0,1,1,1,1,50,8,1598,2,1,1,1
2014100805214,1,19,0,18,0,8,0,0,0,0,3,1,6,1,67,10,-1,-1,-1,10,1
2014100805214,2,9,0,18,0,8,0,0,0,0,4,1,6,1,58,9,2179,2,7,4,1
2014100805314,1,8,0,5,0,0,0,0,0,0,1,1,1,1,42,7,1997,2,7,3,1
2014100805814,1,9,0,18,0,0,0,0,0,0,1,1,6,3,-1,-1,-1,-1,-1,-1,-1
2014100805814,2,9,0,3,0,0,0,0,0,0,2,1,6,2,35,6,1796,1,14,1,1
2014100806114,1,9,0,18,0,0,1,0,0,0,1,1,6,1,59,9,1991,2,11,1,1
2014100806114,2,9,0,13,0,0,0,0,0,0,2,1,6,1,41,7,1796,1,11,4,1
2014100806214,1,9,0,9,0,6,0,0,0,0,0,1,6,2,31,6,1600,2,3,7,1
2014100806214,2,9,0,18,0,8,1,0,1,4,1,1,6,1,18,4,1149,1,12,-1,-1
2014100806414,1,9,0,16,0,0,0,0,0,0,1,1,1,2,38,7,1240,1,11,3,1
2014100806414,2,9,0,17,0,0,0,0,0,0,1,1,6,1,20,4,1390,1,7,2,1
2014100806714,1,9,0,18,0,1,0,0,0,0,1,1,6,3,-1,-1,-1,-1,-1,-1,-1
2014100806714,2,9,0,3,0,1,0,0,0,0,2,1,6,2,39,7,1368,1,1,4,2
2014100807214,1,9,0,18,0,4,0,0,0,0,1,1,6,2,45,7,1686,2,3,4,1
2014100807214,2,1,0,18,0,8,0,0,0,0,4,1,6,1,40,7,-1,-1,-1,4,1
2014100807514,1,11,0,4,0,1,0,0,0,0,4,1,1,1,50,8,6700,2,5,2,1
2014100807614,1,9,0,9,0,6,0,0,0,1,1,1,6,2,54,8,1149,1,6,-1,-1
2014100807614,2,9,0,18,0,8,0,0,0,0,1,1,6,1,33,6,-1,-1,-1,-1,-1
2014100807914,1,9,0,16,0,0,0,0,7,11,3,1,6,1,38,7,2495,2,10,5,3
2014100807914,2,19,0,18,0,0,0,0,0,0,3,1,1,1,33,6,-1,-1,-1,2,1
2014110A00361,1,10,0,5,9,8,0,0,0,0,3,1,3,1,41,7,2400,2,13,1,1
2014110A00361,2,1,0,18,9,8,0,0,0,0,1,1,6,1,10,2,-1,-1,-1,2,3
201411ND00034,1,9,0,18,0,0,2,0,4,4,4,1,6,1,38,7,1994,1,14,7,3
201411ND00044,1,98,1,18,0,0,0,0,0,0,0,1,1,1,62,9,6370,2,11,4,3
201411ND00044,2,90,4,18,0,0,5,0,0,0,0,1,6,2,45,7,-1,-1,-1,9,2
201411ND00184,1,9,0,18,0,0,0,0,0,0,1,1,6,1,31,6,1896,2,6,-1,-1
201411ND00184,2,19,0,18,0,0,0,0,0,0,4,1,1,1,47,8,1248,2,3,10,1
201411ND00344,1,9,0,7,0,8,0,0,0,0,1,1,6,1,-1,-1,1956,2,2,3,2
201411ND00344,2,9,0,18,0,8,0,0,0,0,4,1,1,1,34,6,1396,1,12,10,1
201411ND00694,1,11,0,18,0,0,0,0,0,0,4,1,1,1,64,9,6700,2,5,1,2
201411ND01124,1,9,0,18,0,1,0,0,0,0,1,1,6,2,23,5,998,1,1,8,1
201411ND01124,2,9,0,3,0,1,0,0,0,0,2,1,6,2,23,5,1850,1,14,7,1
201411ND01384,1,9,0,7,0,2,0,0,0,0,1,1,2,2,57,9,1229,1,3,7,2
201411ND01384,2,9,0,7,0,2,0,0,0,0,2,1,6,2,46,8,1086,1,5,2,2
201411ND01424,1,9,0,16,0,0,1,0,7,3,1,1,6,1,19,4,1560,2,6,3,1
201411ND01424,2,9,0,18,0,0,0,0,0,0,3,1,6,2,37,7,1390,1,10,7,2
201411ND01424,3,9,0,18,0,0,0,0,0,0,3,1,6,1,68,10,1896,2,6,2,2
201411ND01474,1,9,0,9,0,8,0,0,0,0,4,1,6,1,24,5,1587,1,13,7,2
201411ND01474,2,9,0,18,0,8,0,0,0,0,1,1,1,1,25,5,1339,1,11,10,1
201411ND01524,1,9,0,13,0,8,0,0,0,0,0,1,6,3,-1,-1,998,1,3,-1,-1
201411ND01524,2,9,0,18,0,8,0,0,0,0,1,1,6,2,25,5,1560,2,5,9,2
201411ND01524,3,9,0,18,0,8,0,0,0,0,2,1,6,1,47,8,2720,2,6,10,1
201411ND01744,1,9,0,9,0,6,0,0,3,0,3,1,2,1,46,8,998,1,3,7,2
201411ND01744,2,3,0,18,0,8,0,0,0,0,1,1,2,1,23,5,124,1,10,3,2