Accident_Index,Vehicle_Reference,Vehicle_Type,Towing_and_Articulation,Vehicle_Manoeuvre,Vehicle_Location-Restricted_Lane,Junction_Location,Skidding_and_Overturning,Hit_Object_in_Carriageway,Vehicle_Leaving_Carriageway,Hit_Object_off_Carriageway,1st_Point_of_Impact,Was_Vehicle_Left_Hand_Drive?,Journey_Purpose_of_Driver,Sex_of_Driver,Age_of_Driver,Age_Band_of_Driver,Engine_Capacity_(CC),Propulsion_Code,Age_of_Vehicle,Driver_IMD_Decile,Driver_Home_Area_Type
201411ND02014,1,9,0,9,0,1,0,0,0,0,3,1,2,2,18,4,1360,1,11,6,1
201411ND02014,2,2,0,18,0,1,0,0,0,0,1,1,2,1,16,4,49,1,2,1,2
201411ND02044,1,9,0,9,0,8,0,0,0,0,3,1,4,1,17,4,1149,1,7,3,1
201411ND02044,2,9,0,18,0,8,0,0,0,0,1,1,6,1,75,10,995,1,9,7,1
201411ND02054,1,9,0,7,0,1,0,0,0,0,1,1,2,2,30,6,1598,1,6,7,1
201411ND02054,2,1,0,18,0,1,0,0,0,0,1,1,6,1,56,9,-1,-1,-1,3,2
201411ND02264,1,9,0,9,0,8,0,0,0,0,1,1,6,2,23,5,1781,1,12,7,2
201411ND02474,1,9,0,1,0,2,0,0,0,0,2,1,6,1,37,7,2290,1,16,4,3
201411ND02474,2,11,0,18,0,1,0,0,0,0,1,1,1,1,61,9,7300,2,14,7,1
201411ND02494,1,9,0,18,0,6,0,0,0,0,3,1,6,2,69,10,998,1,3,7,1
201411ND02494,2,9,0,18,0,8,0,0,0,0,1,1,2,1,34,6,1896,2,13,3,1
201411ND02554,1,9,0,9,0,8,0,0,0,0,1,1,6,3,52,8,1598,1,13,1,2
201411ND02554,2,9,0,11,0,3,0,0,0,0,4,1,6,2,33,6,1968,2,6,9,1
201411ND02634,1,9,0,17,0,1,0,0,0,0,1,1,6,1,67,10,2231,2,8,4,1
201411ND02634,2,9,0,17,0,1,0,0,0,0,2,1,2,2,18,4,1242,1,1,8,1
201411ND02844,1,9,0,7,0,6,0,0,0,0,1,1,2,2,49,8,-1,-1,-1,5,3
201411ND02844,2,9,0,18,0,1,0,0,0,0,4,1,6,1,27,6,1905,2,16,1,1
201411ND03034,1,9,0,18,0,0,0,11,5,6,4,1,6,2,33,6,1086,1,6,2,1
201411ND03034,2,9,0,18,0,0,0,11,0,0,3,1,6,2,26,6,2000,2,5,2,1
201411ND03034,3,9,0,18,0,0,0,11,2,7,3,1,3,1,28,6,2993,2,1,2,1
201411ND03154,1,9,0,9,0,6,0,0,0,0,1,1,1,1,28,6,1596,1,8,5,2
201411ND03154,2,1,0,18,0,8,0,0,0,0,1,1,1,1,55,8,-1,-1,-1,6,2
201411ND03204,1,9,0,4,0,8,1,0,0,0,1,1,2,2,25,5,1198,1,6,1,1
201411ND03204,2,9,0,18,0,8,0,0,0,0,3,1,2,2,35,6,1596,1,8,4,2
201411ND03224,1,20,0,3,0,4,0,0,0,0,1,1,1,1,36,7,3920,2,8,2,1
201411ND03224,2,9,0,5,0,4,0,0,0,0,2,1,6,1,64,9,2231,2,7,-1,1
201411ND03724,1,9,0,18,0,1,0,0,0,0,1,1,6,3,24,5,1598,1,9,3,2
201411ND03724,2,9,0,3,0,1,0,0,0,0,2,1,1,1,30,6,1596,1,10,4,2
201411ND03784,1,9,0,18,0,0,0,0,0,0,1,1,2,1,20,4,1198,1,1,3,2
201411ND03784,2,9,0,4,0,0,0,0,0,0,2,1,2,1,46,8,1968,2,5,10,1
201411ND03954,1,9,0,9,0,4,0,0,0,0,1,1,6,1,39,7,1910,2,8,6,1
201411ND03954,2,1,0,18,0,8,0,0,0,0,4,1,6,2,39,7,-1,-1,-1,6,1
201411ND04464,1,9,0,18,0,4,0,0,0,0,1,1,6,3,-1,-1,-1,-1,-1,-1,-1
201411ND04464,2,9,0,18,0,4,0,0,0,0,2,1,6,2,21,5,998,1,7,7,3
201411ND04484,1,9,0,3,0,4,0,0,0,0,3,1,6,2,-1,-1,1199,2,1,9,2
201411ND04484,2,3,0,9,0,8,0,0,0,0,4,1,4,2,16,4,-1,-1,-1,8,2
201411ND04484,3,9,0,18,0,8,0,0,0,0,1,1,6,2,57,9,998,1,4,10,1
201411ND04724,1,9,0,9,0,8,0,0,0,0,4,1,2,2,36,7,1598,1,5,5,1
201411ND04724,2,1,0,18,0,8,0,0,0,0,4,1,2,1,44,7,-1,-1,-1,9,1
201411ND04854,1,9,0,18,0,0,0,0,0,0,4,1,1,1,23,5,1198,1,2,7,2
201411ND04884,1,9,0,3,0,0,0,0,0,0,4,1,6,1,75,10,1349,1,2,-1,1
201411ND04974,1,9,0,18,0,2,0,4,0,0,4,1,6,3,-1,-1,-1,-1,-1,-1,-1
201411ND04974,2,9,0,2,0,2,0,0,0,0,4,1,6,2,37,7,1386,1,2,3,1
201411ND04984,1,9,0,1,0,0,0,4,0,0,2,1,6,3,67,10,1998,2,8,5,1
201411ND04984,2,9,0,2,0,0,0,0,0,0,2,1,6,2,19,4,1560,2,9,2,3
201411ND05234,1,9,0,18,0,3,0,0,1,1,1,1,6,1,23,5,1329,1,1,7,2
201411ND05234,2,9,0,11,0,3,5,0,0,0,2,1,6,2,48,8,1197,1,1,2,1
201411ND05334,1,19,0,18,0,0,0,11,0,0,1,1,1,1,24,5,2402,2,4,2,2
201411ND05414,1,5,0,13,0,0,0,0,0,0,3,1,6,1,62,9,647,1,12,10,1
201411ND05414,2,9,0,18,0,0,0,0,0,0,3,1,6,1,27,6,1598,1,6,2,3
201411ND05514,1,9,0,18,0,0,0,0,0,0,1,1,6,2,31,6,1248,2,6,3,3
201411ND05904,1,9,0,13,0,0,1,0,5,6,1,1,6,2,40,7,650,1,20,10,1
201411ND05964,1,9,0,18,0,1,0,0,0,0,1,1,6,3,-1,-1,899,1,-1,-1,-1
201411ND05964,2,2,0,3,0,1,0,0,0,0,2,1,4,1,17,4,49,1,6,3,2
201411ND06214,1,9,0,16,0,0,0,0,0,0,1,1,1,1,48,8,1800,1,32,-1,1
201411ND06214,2,9,0,17,0,0,0,0,2,11,1,1,1,2,24,5,1386,1,11,4,1
201411ND06444,1,9,0,15,0,8,0,0,0,0,1,1,6,3,-1,-1,1989,1,15,-1,-1
201411ND06444,2,9,0,10,0,8,0,0,0,0,2,1,2,1,46,8,1870,2,8,3,2
201411ND06474,1,11,0,5,0,4,0,0,0,0,0,1,1,1,59,9,7300,2,14,4,1
201411ND06524,1,9,0,9,0,6,0,0,0,0,1,1,6,1,43,7,1398,1,1,-1,-1
201411ND06524,2,9,0,18,0,8,0,0,0,0,4,1,6,1,24,5,1796,1,11,2,1
201411ND06554,1,9,0,18,0,0,0,0,0,0,1,1,6,1,25,5,1968,2,7,2,2
201411ND06554,2,9,0,4,0,0,0,0,0,0,2,1,6,1,49,8,1461,2,1,3,1
201411ND06864,1,9,0,18,0,1,0,0,0,0,1,1,6,2,23,5,1197,1,3,-1,1
201411ND06864,2,9,0,18,0,1,0,0,0,0,2,1,6,2,27,6,998,1,2,8,2
201411ND06864,3,9,0,10,0,1,0,0,0,0,2,1,6,1,61,9,1984,2,9,7,2
201411ND07114,1,9,0,18,0,8,0,0,0,0,1,1,6,1,30,6,-1,-1,-1,-1,-1
201411ND07114,2,9,0,9,0,3,0,0,0,0,4,1,6,1,28,6,-1,-1,-1,6,2
201411ND07374,1,97,0,17,0,0,1,0,1,0,1,1,6,1,18,4,101,1,13,-1,-1
201411ND07614,1,9,0,18,0,0,0,0,0,0,1,1,6,1,29,6,1560,2,4,2,2
201411ND07614,2,9,0,4,0,0,0,0,0,0,2,1,6,1,40,7,1598,1,10,4,2
201411ND07614,3,9,0,4,0,0,0,0,0,0,2,1,1,1,20,4,-1,-1,-1,4,2
201411ND07984,1,9,0,12,0,2,0,0,0,0,3,1,6,3,-1,-1,2993,2,-1,-1,-1
201411ND07984,2,9,0,11,0,2,0,0,0,0,4,1,1,1,29,6,-1,-1,-1,4,1
201411ND08064,1,9,0,18,0,0,5,0,7,0,1,1,6,1,37,7,1800,1,15,10,1
201411ND08434,1,8,0,18,0,0,0,0,0,0,4,1,6,1,29,6,1753,2,7,3,3
201411ND08804,1,19,0,18,0,1,0,0,0,0,1,1,6,1,42,7,2402,2,7,2,2
201411ND08804,2,9,0,3,0,1,0,0,0,0,2,1,3,2,48,8,1198,1,3,2,3
201411ND08894,1,9,0,17,0,0,1,0,7,2,4,1,6,1,19,4,1997,2,14,6,2
201411ND08984,1,9,0,18,0,4,0,0,0,0,1,1,2,1,41,7,-1,-1,-1,3,1
201411ND08984,2,9,0,3,0,4,0,0,0,0,2,1,2,1,54,8,-1,-1,-1,6,1
201411ND09024,1,9,0,13,0,8,1,0,7,0,4,1,6,1,20,4,1461,2,11,-1,-1
201411ND09024,2,9,0,18,0,8,0,0,0,0,1,1,6,2,35,6,1999,1,10,2,1
201411ND09044,1,9,0,18,0,0,0,0,1,1,4,1,6,1,29,6,1896,2,13,-1,-1
201411ND09064,1,20,0,18,0,0,0,0,0,0,1,1,1,1,50,8,4250,2,8,2,2
201411ND09064,2,19,0,4,0,0,0,0,0,0,2,1,1,1,20,4,1560,2,7,6,2
201411ND09064,3,20,0,4,0,0,0,0,0,0,2,1,1,1,49,8,7790,2,9,7,2
201411ND09124,1,19,0,6,0,5,0,0,0,0,4,1,1,1,34,6,1995,2,4,3,1
201411ND09124,2,9,0,18,0,1,0,0,0,0,1,1,6,1,55,8,1997,1,9,6,1
201411ND09164,1,9,0,18,0,4,0,0,0,0,0,1,6,1,67,10,1328,1,10,8,2
201411ND09164,2,1,0,18,0,3,1,0,0,0,0,1,6,2,20,4,-1,-1,-1,10,1
201411ND09224,1,9,0,18,0,0,0,0,0,0,1,1,6,2,26,6,1598,1,4,7,1
201411ND09224,2,9,0,18,0,0,0,0,0,0,0,1,6,3,-1,-1,-1,-1,-1,-1,-1
201411ND09224,3,9,0,18,0,0,0,0,0,0,2,1,6,2,46,8,2184,2,10,2,3
201411ND09244,1,11,0,2,0,8,0,0,0,0,0,1,1,1,55,8,3900,2,12,3,1
201411ND09434,1,9,0,9,0,1,0,0,0,0,1,1,6,1,32,6,2982,2,6,8,2
201411ND09434,2,9,0,18,0,1,0,0,0,0,4,1,6,1,27,6,998,1,-1,5,2
201411ND09664,1,9,0,16,0,0,0,0,7,9,3,1,6,2,19,4,-1,-1,-1,1,2
201411ND09794,1,21,1,9,0,3,0,0,0,0,1,1,1,1,43,7,10837,2,4,1,1
201411ND09794,2,8,0,18,0,3,0,0,0,0,4,1,1,1,21,5,1997,2,11,4,1
201411ND09954,1,9,0,9,0,1,0,0,0,0,1,1,6,1,32,6,1598,1,2,-1,1
201411ND09954,2,9,0,18,0,8,0,0,7,0,1,1,6,1,43,7,995,1,9,4,2
201411ND10014,1,9,0,18,0,4,0,0,0,0,3,1,6,1,25,5,1998,1,11,-1,1
201411ND10014,2,9,0,18,0,4,0,0,0,0,1,1,6,2,30,6,1149,1,4,7,2
201411ND10044,1,9,0,18,0,4,0,0,0,0,1,1,6,1,27,6,1686,2,2,3,1
201411ND10044,2,1,0,18,0,3,0,0,0,0,4,1,6,1,46,8,-1,-1,-1,6,1
201411ND10084,1,9,0,5,0,0,0,0,0,0,1,1,6,2,59,9,998,1,10,2,2
201411ND10084,2,9,0,18,0,0,0,0,7,2,1,1,1,2,41,7,1398,2,10,2,2
201411ND10084,3,9,0,2,0,0,0,0,0,0,3,1,6,1,39,7,1968,2,5,2,2
201411ND10104,1,9,0,18,0,0,0,0,0,0,0,1,6,3,-1,-1,-1,-1,-1,-1,-1
201411ND10194,1,9,0,18,0,8,0,0,0,0,4,1,6,1,22,5,1124,1,15,3,1
201411ND10194,2,9,4,18,0,8,0,0,0,0,1,1,6,1,32,6,1968,2,6,5,3
201411ND10284,1,9,0,3,0,0,0,0,0,0,1,1,2,1,-1,-1,2980,2,20,6,2
201411ND10284,2,9,0,3,0,0,0,0,0,0,2,1,2,1,63,9,1560,2,4,1,1
201411ND10744,1,9,0,7,0,4,0,0,0,0,1,1,6,1,-1,-1,1998,2,11,7,3
201411ND10744,2,9,0,9,0,3,0,0,0,0,2,1,1,1,40,7,1753,2,5,6,1
201411ND10854,1,9,0,18,0,0,1,0,7,11,1,1,6,2,23,5,2495,2,17,4,2
201411ND11244,1,9,0,9,0,6,0,0,0,0,1,1,6,2,44,7,2993,2,-1,3,1
201411ND11244,2,4,0,15,0,1,0,0,0,0,4,1,2,1,60,9,249,1,20,3,1
201411ND11274,1,9,0,18,0,1,0,0,0,0,1,1,6,1,39,7,1598,2,3,2,2
201411ND11274,2,9,0,8,0,1,0,0,0,0,2,1,6,1,76,11,1360,1,3,4,3
201411ND11624,1,9,0,18,0,0,0,12,0,0,1,1,6,1,21,5,2143,2,3,3,1
201411ND11634,1,9,0,18,0,1,0,0,0,0,1,1,6,2,52,8,1598,1,1,1,1
201411ND11634,2,9,0,18,0,1,0,0,0,0,2,1,2,2,22,5,1999,1,3,2,1
201411ND11654,1,11,0,18,0,1,0,0,0,0,0,1,1,1,61,9,7300,2,14,7,1
201411ND11714,1,2,0,18,0,8,0,0,0,0,1,1,6,1,49,8,124,1,5,8,1
201411ND11714,2,9,0,7,0,6,0,0,0,0,3,1,6,1,67,10,2435,1,13,9,1
201411ND11764,1,9,0,18,0,1,0,0,0,0,1,1,6,2,82,11,1240,1,4,8,1
201411ND11764,2,9,0,10,0,1,0,0,0,0,2,1,6,1,52,8,1124,1,3,6,1
201411ND12084,1,9,0,18,0,0,0,0,0,0,1,1,1,1,36,7,1769,1,9,9,1
201411ND12084,2,9,0,18,0,0,0,0,0,0,2,1,1,1,36,7,1968,2,5,9,1
201411ND12114,1,9,0,17,0,0,5,0,2,10,4,1,6,1,38,7,1997,2,12,1,1
201411ND12154,1,9,0,12,0,0,0,0,0,0,3,1,2,1,24,5,-1,-1,-1,8,1
201411ND12154,2,10,0,18,0,0,0,0,0,0,4,1,1,1,45,7,2402,2,11,3,1
201411ND12154,3,19,0,18,0,0,0,0,0,0,3,1,1,1,24,5,-1,-1,-1,1,1
201411ND12244,1,19,0,9,0,1,0,0,0,0,1,1,1,1,60,9,1560,2,1,5,2
201411ND12244,2,9,0,18,0,1,0,0,0,0,1,1,6,1,46,8,1796,1,6,3,2
201411ND12264,1,9,0,18,0,0,0,0,0,0,1,1,6,2,38,7,1595,2,4,6,2
201411ND12264,2,9,0,18,0,0,0,0,0,0,2,1,6,2,26,6,1461,2,2,6,2
201411ND12274,1,9,0,17,0,0,1,0,0,0,1,1,6,2,19,4,1108,1,10,8,2
201411ND12274,2,9,0,18,0,0,0,0,0,0,1,1,6,1,45,7,1794,1,9,3,1
201411ND12314,1,9,0,18,0,0,0,4,0,0,1,1,6,1,59,9,1910,2,7,5,2
201411ND12314,2,9,0,18,0,0,0,0,0,0,3,1,6,1,45,7,1984,2,-1,7,1
201411ND12314,3,19,0,2,0,0,0,0,0,0,2,1,6,3,-1,-1,2148,2,9,-1,-1
201411ND12604,1,9,0,7,9,2,0,0,1,0,1,1,6,1,20,4,1242,1,3,6,3
201411ND12644,1,9,0,18,0,4,0,0,0,0,1,1,6,1,74,10,1360,1,11,10,1
201411ND12644,2,9,0,9,0,8,0,0,1,0,4,1,2,2,26,6,1360,1,6,-1,1
201411ND12684,1,9,0,18,0,8,1,0,0,0,1,1,2,1,45,7,1997,2,14,2,1
201411ND12684,2,9,0,18,0,8,1,0,0,0,1,1,6,2,30,6,1598,1,10,3,2
201411ND12684,3,9,0,3,0,8,0,0,0,0,0,1,6,2,49,8,1388,1,11,-1,3
201411ND12714,1,9,0,18,0,1,0,0,0,0,1,1,6,1,-1,-1,2720,2,8,6,1
201411ND12714,2,9,0,18,0,1,0,0,0,0,2,1,4,2,36,7,1796,1,-1,6,2
201411ND12714,3,3,0,18,0,1,0,0,0,0,1,1,6,1,25,5,124,1,1,3,1
201411ND12724,1,9,0,1,0,0,0,0,0,0,4,1,6,1,20,4,-1,-1,-1,2,2
201411ND12724,2,9,0,2,0,0,0,0,0,0,4,1,6,2,-1,-1,2148,2,9,8,1
201411ND12734,1,9,0,9,0,8,0,0,0,0,4,1,6,1,29,6,1328,1,5,2,1
201411ND12734,2,9,0,18,0,8,0,0,0,0,1,1,6,2,48,8,1598,1,12,3,3
201411ND12744,1,9,0,18,0,0,1,4,7,11,1,1,6,1,20,4,1149,1,7,3,1
201411ND12744,2,9,0,2,0,0,0,0,0,0,3,1,6,1,63,9,1360,1,11,3,3
201411ND12864,1,9,0,18,0,0,0,0,0,0,1,1,2,2,40,7,1598,2,5,2,2
201411ND12864,2,9,0,18,0,0,0,0,0,0,3,1,2,1,49,8,1984,2,1,5,3
201411ND12924,1,9,0,9,0,8,0,0,7,1,4,1,6,1,37,7,1560,2,-1,3,3
201411ND12924,2,9,0,18,0,8,1,0,0,0,1,1,6,1,44,7,1560,2,5,8,2
201411ND13104,1,3,0,15,9,0,0,0,1,0,1,1,6,1,23,5,-1,-1,-1,3,2
201411ND13164,1,9,0,17,0,8,0,7,1,0,1,1,6,1,24,5,1598,2,1,5,1
201411ND13224,1,9,0,9,0,1,0,0,0,0,1,1,6,2,22,5,1124,1,16,2,2
201411ND13224,2,9,0,18,0,1,0,0,0,0,4,1,1,1,47,8,1398,1,4,-1,2
201411ND13244,1,8,0,18,0,1,0,0,0,0,1,1,1,1,-1,-1,1753,2,5,-1,-1
201411ND13294,1,9,0,18,0,0,0,0,0,0,4,1,6,3,84,11,1769,1,10,10,1
201411ND13414,1,9,0,18,0,4,0,0,0,0,3,1,6,2,24,5,1598,1,4,7,1
201411ND13414,2,1,0,18,0,8,0,0,0,0,1,1,6,1,20,4,-1,-1,-1,6,1
201411ND13544,1,9,0,9,0,1,0,0,0,0,3,1,6,1,39,7,1461,2,-1,-1,-1
201411ND13544,2,9,0,18,0,1,0,0,0,0,1,1,6,2,23,5,999,1,2,2,2
201411ND13554,1,9,0,17,0,0,0,0,2,2,1,1,6,1,27,6,1461,2,5,4,2
201411ND13564,1,9,0,18,0,0,0,0,0,0,1,1,6,1,31,6,1997,1,14,9,1
201411ND13684,1,9,0,18,0,0,0,0,0,0,1,1,1,1,61,9,-1,-1,-1,2,1
201411ND13684,2,9,0,4,0,0,0,0,0,0,2,1,2,2,48,8,-1,-1,-1,-1,-1
201411ND13684,3,9,0,4,0,0,0,0,0,0,2,1,2,1,28,6,1461,2,1,1,1
201411ND13684,4,9,0,4,0,0,0,0,0,0,2,1,2,1,44,7,1997,2,5,8,3
201411ND13884,1,9,0,18,0,0,0,0,0,0,1,1,6,2,33,6,1598,1,7,3,1
201411ND14264,1,9,0,7,0,8,0,0,0,0,3,1,2,2,66,10,1598,1,5,6,1
201411ND14264,2,9,0,18,0,8,0,0,0,0,4,1,6,1,40,7,2993,2,2,10,1
201411ND14384,1,9,0,18,0,8,0,0,0,0,1,1,1,1,45,7,2204,2,7,10,1
201411ND14384,2,9,0,9,0,8,0,0,0,7,4,1,1,1,37,7,1995,1,7,10,1
201411ND14554,1,11,0,5,6,0,0,0,0,0,0,1,1,1,55,8,7300,2,14,7,1
201411ND14604,1,9,0,18,0,1,0,0,0,0,1,1,1,2,27,6,1753,2,12,2,1
201411ND14604,2,9,0,3,0,1,0,0,0,0,2,1,1,2,44,7,1560,2,-1,-1,-1
201411ND14784,1,9,0,9,0,8,5,10,0,0,1,1,6,1,23,5,-1,-1,-1,5,3
201411ND15744,1,9,0,1,6,8,0,0,0,0,2,1,6,1,32,6,-1,-1,-1,-1,1
201411ND15984,1,9,0,18,0,0,0,0,1,1,1,1,6,1,20,4,1598,1,13,6,3
201411ND16234,1,9,0,18,0,8,0,0,0,0,0,1,6,3,-1,-1,1198,1,9,-1,-1
201411ND16234,2,11,0,5,0,4,0,0,0,0,0,1,6,1,36,7,-1,-1,-1,3,2
201411ND16364,1,9,0,18,0,4,0,0,0,0,0,1,1,2,40,7,2191,2,1,9,3
201411ND16364,2,1,0,9,0,8,0,0,0,0,0,1,6,1,67,10,-1,-1,-1,7,1
201411ND16804,1,9,0,18,0,0,0,0,0,0,1,1,6,1,49,8,1783,1,11,2,1
201411ND16804,2,19,0,3,0,0,0,0,0,0,2,1,6,1,51,8,1997,2,2,-1,2
201411ND16824,1,9,0,9,0,1,0,0,0,0,1,1,6,1,28,6,1240,1,11,6,2
201411ND16824,2,9,0,18,0,1,0,0,0,0,1,1,6,1,48,8,2958,2,6,2,2
201411ND16854,1,9,0,4,0,1,0,0,0,0,1,1,6,1,26,6,1896,2,13,3,2
201411ND16854,2,9,0,8,0,1,0,0,0,0,2,1,6,2,41,7,898,1,1,2,2
201411ND17114,1,9,0,17,0,2,1,0,1,11,1,1,2,2,49,8,2902,2,7,4,1
201411ND17154,1,9,0,17,9,0,0,0,1,0,1,1,6,2,21,5,1299,1,14,-1,1
201411ND17204,1,9,0,18,0,0,0,0,0,0,1,1,6,1,21,5,1896,2,8,10,1
201411ND17364,1,9,0,18,0,4,0,0,0,0,1,1,6,1,73,10,1910,2,8,7,1
201411ND17364,2,9,0,18,0,8,0,0,0,0,1,1,6,1,44,7,1796,1,16,3,2
201411ND17514,1,19,0,17,0,0,2,0,1,0,4,1,1,1,63,9,2494,2,4,4,1
201411ND17544,1,9,0,18,0,0,1,0,0,0,1,1,6,1,21,5,1598,1,14,2,2
201411ND17544,2,9,0,18,0,0,0,0,0,0,2,1,6,2,28,6,1390,1,3,2,2
201411ND17544,3,9,0,13,0,0,0,0,0,0,0,1,1,1,52,8,-1,-1,-1,8,1
201411ND17574,1,21,1,18,0,4,0,0,0,0,1,1,1,1,40,7,12777,2,1,-1,-1
201411ND17574,2,9,0,11,0,8,0,0,0,0,2,1,2,1,56,9,1896,2,11,8,2
201411ND17624,1,8,0,18,0,0,0,10,1,11,1,1,1,1,59,9,1896,2,7,7,3
201411ND17654,1,9,0,7,0,1,1,7,0,0,4,1,6,2,22,5,1299,1,11,3,1
201411ND17914,1,9,0,18,0,0,1,0,0,0,1,1,6,1,19,4,-1,-1,-1,2,2
201411ND17914,2,9,0,18,0,0,0,0,0,0,2,1,6,1,44,7,1598,1,8,2,3
201411ND18024,1,8,0,18,0,1,0,0,0,0,1,1,1,1,33,6,1753,2,7,3,2
201411ND18024,2,9,0,10,0,1,0,0,0,0,2,1,6,1,57,9,2184,2,9,7,2
201411ND18034,1,11,0,7,0,2,0,0,0,0,1,1,1,1,68,10,-1,-1,-1,6,2
201411ND18134,1,9,0,18,0,0,1,0,2,7,1,1,1,1,50,8,1399,2,3,10,1
201411ND18134,2,21,0,18,0,0,0,0,0,0,1,1,1,1,54,8,10837,2,2,2,1
201411ND18294,1,1,0,18,0,0,0,0,0,0,4,1,6,1,19,4,-1,-1,-1,3,2
201411ND18294,2,9,0,16,0,0,0,0,0,0,1,1,1,1,42,7,1968,2,1,9,3
201411ND18354,1,9,0,18,0,8,0,0,0,0,1,1,6,1,46,8,1390,1,10,4,2
201411ND18354,2,9,0,3,0,8,0,0,0,0,2,1,6,2,52,8,1197,1,-1,2,2
201411ND18354,3,9,0,18,0,1,0,0,0,0,0,1,6,3,-1,-1,-1,-1,-1,-1,-1
201411ND18684,1,9,0,16,0,0,0,0,7,0,4,1,6,3,-1,-1,-1,-1,-1,-1,-1
201411ND18684,2,9,0,17,0,0,0,0,1,0,3,1,6,1,21,5,998,1,1,8,2
201411ND18834,1,2,0,18,0,0,0,0,0,0,1,1,6,1,31,6,50,1,12,4,1
201411ND18834,2,9,0,4,0,0,0,0,0,0,2,1,6,1,48,8,2521,1,7,2,3
201411ND18914,1,9,0,16,0,0,2,0,7,11,2,1,6,1,23,5,1124,1,10,2,2
201411ND19274,1,9,0,3,0,1,0,0,0,0,1,1,1,1,-1,-1,1798,8,2,1,1
201411ND19274,2,11,0,18,0,1,0,0,0,0,2,1,1,1,48,8,4250,2,5,-1,1
201411ND19284,1,9,0,17,0,0,5,0,7,0,3,1,6,1,25,5,1242,1,12,6,1
201411ND19334,1,9,0,5,0,0,0,0,0,0,1,1,6,2,52,8,1985,1,14,3,2
201411ND19334,2,5,0,18,0,0,0,0,0,0,1,1,1,1,50,8,649,1,4,9,2
201411ND19374,1,3,0,9,0,8,0,0,0,0,1,1,6,1,22,5,124,1,5,1,1
201411ND19374,2,9,0,9,0,8,0,0,0,0,3,1,6,1,22,5,2204,2,9,2,3
201411ND19394,1,9,0,18,0,4,0,0,0,0,2,1,6,3,-1,-1,1396,1,13,2,1
201411ND19394,2,11,0,18,0,4,0,0,0,0,1,1,1,1,43,7,4250,2,5,2,3
201411ND19404,1,9,0,18,0,0,5,4,0,0,1,1,6,1,22,5,1598,1,11,2,2
201411ND19404,2,9,0,2,0,0,0,0,0,0,2,1,6,1,43,7,1493,2,5,9,2
201411ND19404,3,9,0,2,0,0,0,0,0,0,2,1,6,1,-1,-1,-1,-1,-1,9,2
201411ND19404,4,19,0,2,0,0,0,0,0,0,3,1,6,3,-1,-1,2198,2,1,-1,-1
201411ND19414,1,9,0,9,0,8,0,0,0,0,3,1,6,2,43,7,1997,2,12,3,2
201411ND19414,2,3,0,14,0,8,0,0,0,0,3,1,6,1,35,6,-1,-1,-1,4,2
201411ND19444,1,9,0,5,0,1,0,0,0,0,1,1,6,1,35,6,1598,1,8,3,1
201411ND19444,2,1,0,18,0,1,0,0,0,0,4,1,6,1,57,9,-1,-1,-1,8,1
201411ND19534,1,5,0,18,0,8,0,0,0,0,1,1,6,1,55,8,-1,-1,-1,6,1
201411ND19534,2,9,0,9,0,8,0,0,0,0,1,1,6,1,55,8,1248,1,2,6,1
201411ND19534,3,9,0,3,0,1,0,0,0,0,0,1,6,1,66,10,1149,1,10,7,2
201411ND19774,1,9,0,5,0,1,0,0,0,0,1,1,2,1,20,4,-1,-1,-1,6,3
201411ND19774,2,9,0,3,0,1,0,0,0,0,2,1,6,1,55,8,2777,2,6,2,3
201411ND19814,1,9,0,13,0,8,0,0,0,0,1,1,2,2,39,7,1149,1,12,2,3
201411ND19814,2,9,0,9,0,8,0,0,0,0,3,1,6,2,40,7,1200,1,1,7,3
201411ND19904,1,9,0,18,0,0,0,0,0,0,1,1,6,2,24,5,998,1,2,6,1
201411ND19904,2,5,0,3,0,0,0,0,0,0,2,1,6,1,20,4,600,1,12,6,1
201411ND19954,1,9,0,18,0,2,0,0,3,11,1,1,6,1,31,6,1461,2,1,1,2
201411ND20094,1,11,0,18,0,1,0,0,1,7,4,1,1,1,41,7,9000,2,9,3,1
201411ND20154,1,9,0,18,0,8,0,0,0,0,1,1,1,2,65,9,1461,2,2,4,2
201411ND20154,2,9,0,10,0,8,0,0,0,0,2,1,6,1,46,8,1997,1,8,3,1
201411ND20244,1,9,0,17,0,0,0,0,2,4,4,1,6,2,33,6,1968,2,4,3,1
201411ND20724,1,9,0,9,0,8,0,0,3,0,2,1,6,1,44,7,1600,2,3,4,3
201411ND20724,2,9,0,18,0,8,0,0,0,0,1,1,6,1,49,8,1968,2,7,2,1
201411ND20774,1,8,0,18,0,1,0,0,0,0,3,1,1,1,48,8,1997,2,7,1,2
201411ND20824,1,9,0,3,0,1,0,0,0,0,1,1,6,1,67,10,-1,-1,-1,2,3
201411ND20824,2,9,0,18,0,1,0,0,0,0,2,1,6,2,48,8,1339,1,7,10,1
201411ND21194,1,9,0,18,0,1,0,0,1,9,3,1,3,2,35,6,1598,1,5,2,1
201411ND21194,2,9,0,18,0,1,0,0,0,0,2,1,6,2,21,5,1364,1,8,5,2
201411ND21344,1,9,0,18,0,0,0,0,0,0,1,1,6,1,46,8,1794,1,9,1,1
201411ND21344,2,9,0,3,0,0,0,0,0,0,2,1,1,1,28,6,1461,2,1,3,1
201411ND21664,1,1,0,9,0,1,0,0,0,0,1,1,2,1,15,3,-1,-1,-1,10,1
201411ND21664,2,9,0,17,0,2,0,0,0,0,3,1,6,1,48,8,1395,1,-1,6,1