Accident_Index,Vehicle_Reference,Vehicle_Type,Towing_and_Articulation,Vehicle_Manoeuvre,Vehicle_Location-Restricted_Lane,Junction_Location,Skidding_and_Overturning,Hit_Object_in_Carriageway,Vehicle_Leaving_Carriageway,Hit_Object_off_Carriageway,1st_Point_of_Impact,Was_Vehicle_Left_Hand_Drive?,Journey_Purpose_of_Driver,Sex_of_Driver,Age_of_Driver,Age_Band_of_Driver,Engine_Capacity_(CC),Propulsion_Code,Age_of_Vehicle,Driver_IMD_Decile,Driver_Home_Area_Type
201411ND21884,1,9,0,18,0,1,0,0,0,0,1,1,2,1,19,4,1242,1,6,7,2
201411ND21884,2,9,0,3,0,1,0,0,0,0,2,1,2,2,48,8,1240,1,9,2,2
201411ND22114,1,9,0,18,0,1,0,0,0,0,1,1,6,1,19,4,1896,2,10,3,3
201411ND22114,2,9,0,7,0,8,0,0,0,0,2,1,3,2,31,6,1400,1,14,1,1
201411ND22224,1,9,0,18,0,0,0,0,0,0,1,1,6,3,-1,-1,-1,-1,-1,-1,-1
201411ND22264,1,9,0,9,0,8,0,0,0,0,3,1,6,2,21,5,1490,1,6,3,3
201411ND22264,2,19,0,9,0,8,0,0,0,0,1,1,2,1,34,6,1686,2,11,1,1
201411ND22304,1,19,0,18,0,1,0,0,0,0,1,1,1,1,57,9,1560,2,2,1,1
201411ND22434,1,9,0,18,0,2,0,0,0,0,1,1,6,1,18,4,1968,2,5,-1,-1
201411ND22604,1,9,0,18,0,8,0,0,0,0,3,1,6,1,78,11,1587,1,13,4,2
201411ND22604,2,1,0,9,0,8,0,0,0,0,1,1,6,1,46,8,-1,-1,-1,7,1
201411ND23004,1,22,0,18,2,6,0,0,0,0,3,1,6,2,59,9,-1,-1,-1,8,1
201411ND23004,2,9,0,7,2,3,0,0,0,0,1,1,6,1,56,9,1124,1,7,3,1
201411ND23034,1,9,0,9,0,8,0,0,0,0,1,1,6,3,-1,-1,-1,-1,-1,-1,-1
201411ND23034,2,1,0,18,2,8,0,0,0,0,1,1,6,1,19,4,-1,-1,-1,9,1
201411ND23124,1,9,0,4,0,0,0,0,0,0,2,1,6,1,40,7,1997,2,12,9,1
201411ND23124,2,9,0,18,0,0,0,0,0,0,1,1,3,2,30,6,2171,1,11,8,2
201411ND23504,1,9,0,18,0,0,0,0,0,0,4,1,6,2,43,7,1388,1,11,8,1
201411ND23754,1,9,0,9,0,8,0,0,0,0,1,1,6,1,17,4,1332,1,5,4,2
201411ND23754,2,1,0,18,0,8,0,0,0,0,1,1,6,1,71,10,-1,-1,-1,2,1
201411ND23784,1,9,0,18,0,1,0,0,0,0,1,1,6,3,-1,-1,-1,-1,-1,-1,-1
201411ND23804,1,9,4,7,0,8,0,0,0,0,2,1,1,1,25,5,-1,-1,-1,3,1
201411ND23804,2,9,0,10,0,8,0,0,0,0,4,1,1,2,36,7,1461,2,3,9,2
201411ND24344,1,11,0,18,0,1,0,0,0,0,1,1,6,3,-1,-1,-1,-1,-1,-1,-1
201411ND24344,2,9,0,3,0,1,0,0,0,0,2,1,6,1,33,6,1598,2,1,3,2
201411ND24614,1,3,0,18,0,3,0,0,0,0,4,1,1,1,52,8,125,1,6,7,1
201411ND24714,1,19,0,18,0,1,1,0,1,2,4,1,1,1,23,5,-1,-1,-1,1,1
201411ND24714,2,9,0,9,0,8,0,0,0,0,0,1,2,2,32,6,1995,2,6,2,1
201411ND24794,1,9,0,18,0,2,0,0,0,0,1,1,6,1,19,4,1799,1,7,8,2
201411ND24894,1,9,0,9,0,8,0,0,0,0,3,1,1,2,17,4,1198,1,6,3,3
201411ND24894,2,1,0,18,0,8,0,0,1,0,1,1,1,1,45,7,-1,-1,-1,7,2
201411ND25194,1,9,0,18,0,1,0,0,0,0,1,1,6,1,79,11,2148,2,10,3,3
201411ND25194,2,9,0,8,0,1,0,0,0,0,2,1,1,1,31,6,1248,2,2,-1,-1
201411ND25314,1,9,0,18,0,0,5,10,7,10,3,1,6,1,18,4,998,1,1,4,1
201411ND25334,1,9,0,9,0,8,0,0,0,0,3,1,6,2,55,8,1398,1,2,3,3
201411ND25334,2,3,0,16,0,8,1,0,0,0,3,1,2,1,48,8,125,1,2,3,3
201411ND25464,1,9,0,18,0,2,0,0,0,0,4,1,6,2,19,4,1206,1,5,3,1
201411ND25754,1,9,0,9,0,8,0,0,0,0,3,1,6,1,19,4,1229,1,4,6,2
201411ND25754,2,9,0,18,0,8,0,0,0,0,1,1,6,2,26,6,1149,1,9,3,2
201411ND25834,1,9,0,18,0,0,0,0,0,0,1,1,6,2,48,8,1956,2,1,4,2
201411ND25834,2,9,0,4,0,0,0,0,0,0,2,1,6,2,33,6,1968,2,3,2,3
201411ND25944,1,9,0,18,0,1,0,0,0,0,1,1,6,2,-1,-1,-1,-1,-1,-1,-1
201411ND25944,2,9,0,3,0,1,0,0,0,0,2,1,6,2,49,8,1951,2,11,6,1
201411ND25984,1,19,0,18,0,1,0,0,0,0,1,1,1,1,41,7,-1,-1,-1,3,1
201411ND25984,2,9,0,18,0,1,0,0,0,0,2,1,1,2,32,6,1388,1,10,10,1
201411ND25984,3,9,0,10,0,8,0,0,0,0,2,1,1,2,23,5,1560,2,8,2,3
201411ND26104,1,9,0,18,0,0,1,0,0,0,1,1,2,1,38,7,1590,1,10,3,1
201411ND26104,2,9,0,3,0,0,0,0,0,0,2,1,2,2,43,7,1587,1,8,4,1
201411ND26104,3,9,0,3,0,0,0,0,0,0,2,1,2,2,39,7,2179,2,7,2,2
201411ND26174,1,9,0,17,0,0,0,4,0,0,1,1,6,1,24,5,1984,1,6,2,2
201411ND26174,2,9,0,2,0,0,0,4,0,0,2,1,6,1,-1,-1,1998,2,10,-1,-1
201411ND26174,3,8,0,2,0,0,0,4,0,0,2,1,6,1,-1,-1,-1,-1,-1,-1,-1
201411ND26174,4,9,0,2,0,0,0,4,0,0,2,1,6,1,-1,-1,998,1,8,-1,-1
201411ND26274,1,9,0,18,0,4,0,0,0,0,0,1,6,1,28,6,1149,1,12,4,2
201411ND26274,2,3,0,18,0,8,0,0,0,0,0,1,1,1,30,6,124,1,6,3,2
201411ND26284,1,9,0,18,0,0,0,0,0,0,1,1,6,1,56,9,1149,1,6,2,2
201411ND26284,2,9,0,18,0,0,0,0,0,0,3,1,6,1,45,7,2183,2,4,9,1
201411ND26284,3,9,0,18,0,0,0,0,0,0,1,1,6,1,48,8,1598,1,14,6,2
201411ND26414,1,20,0,16,0,0,0,0,0,0,0,1,6,3,45,7,6370,2,8,9,1
201411ND26414,2,9,0,17,0,0,1,0,1,0,0,1,6,1,52,8,998,1,11,8,3
201411ND26564,1,9,0,18,0,0,0,0,0,0,4,1,6,2,43,7,1598,2,1,9,1
201411ND26594,1,9,0,18,0,2,5,0,7,10,1,1,6,1,18,4,1398,2,10,4,2
201411ND26634,1,9,0,18,0,1,0,0,0,0,1,1,6,1,41,7,1910,2,7,3,3
201411ND26634,2,9,0,8,0,1,0,0,0,0,2,1,6,2,43,7,1360,1,8,2,3
201411ND26734,1,11,0,13,0,1,0,0,0,0,1,1,1,1,31,6,5883,2,14,3,2
201411ND26734,2,9,0,9,0,8,0,0,0,0,3,1,6,1,33,6,1242,1,6,10,1
201411ND26754,1,9,0,12,0,0,0,0,0,0,1,1,6,2,57,9,1598,1,2,10,1
201411ND26754,2,19,0,12,0,0,0,0,0,0,2,1,6,1,24,5,2402,2,10,3,1
201411ND26754,3,9,0,18,0,0,0,0,0,0,1,1,6,1,53,8,1968,2,2,-1,1
201411ND26794,1,9,0,9,0,8,0,0,0,0,1,1,6,1,70,10,-1,-1,-1,6,2
201411ND26794,2,9,0,18,0,8,0,0,0,0,1,1,6,1,26,6,1997,2,11,3,2
201411ND26814,1,11,0,18,0,1,0,0,0,0,0,1,1,1,69,10,-1,2,15,2,2
201411ND26854,1,9,0,17,0,0,0,0,5,4,1,1,6,1,21,5,2792,1,20,2,1
201411ND26854,2,9,0,17,0,0,0,0,0,0,1,1,6,1,18,4,1199,1,12,2,1
201411ND26854,3,9,0,16,0,0,0,0,0,0,1,1,6,1,23,5,1796,1,13,2,2
201411ND26904,1,9,0,18,0,0,0,0,0,0,1,1,1,2,45,7,1229,1,2,3,3
201411ND26904,2,9,0,18,0,0,0,0,0,0,0,1,1,2,40,7,2400,2,4,5,1
201411ND27394,1,9,0,18,0,1,1,0,0,0,1,1,6,1,43,7,1598,1,4,7,3
201411ND27394,2,9,0,3,0,1,0,0,0,0,2,1,6,1,60,9,2765,2,14,4,3
201411ND27394,3,9,0,10,0,8,0,0,0,0,2,1,6,2,40,7,1598,1,9,7,3
201411ND27434,1,9,0,18,0,0,1,0,0,0,1,1,6,1,27,6,1199,1,13,2,1
201411ND27434,2,9,0,4,0,0,0,0,0,0,2,1,6,1,63,9,1598,2,3,4,1
201411ND27524,1,9,0,5,0,8,0,0,0,0,1,1,1,2,44,7,1364,1,4,4,1
201411ND27524,2,9,0,18,0,8,0,0,0,0,4,1,1,1,44,7,2993,2,3,3,2
201411ND28484,1,9,0,18,0,1,0,0,0,0,4,1,6,2,18,4,1248,2,3,6,1
201411ND28644,1,9,0,18,0,2,0,0,0,0,1,1,2,1,20,4,1242,1,12,7,2
201411ND28644,2,8,0,3,0,2,0,0,0,0,2,1,1,1,25,5,1753,2,5,7,2
201411ND28674,1,9,0,18,0,0,0,0,0,0,1,1,6,2,47,8,-1,-1,-1,3,1
201411ND28674,2,9,0,3,0,0,0,0,0,0,2,1,6,2,59,9,1598,1,11,6,3
201411ND28714,1,9,0,9,0,8,0,0,0,0,1,1,6,2,53,8,1461,2,-1,8,2
201411ND28714,2,1,0,18,0,8,0,0,0,0,4,1,6,1,44,7,-1,-1,-1,8,2
201411ND28834,1,9,0,18,0,1,0,0,0,0,1,1,6,1,19,4,1998,1,10,7,2
201411ND28834,2,9,0,10,0,8,0,0,0,0,2,1,6,2,27,6,1598,1,10,9,1
201411ND28864,1,9,0,9,0,8,0,0,0,0,1,1,6,1,52,8,1686,2,2,3,2
201411ND28894,1,9,0,9,0,8,0,0,0,0,1,1,6,1,21,5,1149,1,12,4,3
201411ND28894,2,8,0,18,0,8,0,0,0,0,1,1,1,1,53,8,1753,2,5,2,3
201411ND28944,1,11,0,18,0,1,0,0,0,0,1,1,1,3,-1,-1,-1,-1,-1,-1,-1
201411ND28964,1,9,0,18,0,1,0,0,0,0,1,1,6,1,-1,-1,998,1,5,10,1
201411ND28964,2,9,0,10,0,8,0,0,0,0,2,1,6,2,66,10,1390,1,3,10,1
201411ND29694,1,9,0,14,0,8,0,0,0,0,4,1,1,2,22,5,1198,1,11,3,3
201411ND29694,2,9,0,9,0,8,0,0,0,0,1,1,3,1,35,6,1461,2,-1,7,2
201411ND29694,3,19,0,2,0,1,0,0,0,0,4,1,6,1,40,7,2300,2,8,1,1
201411ND29694,4,9,0,3,0,1,0,0,0,0,0,1,6,3,-1,-1,-1,-1,-1,-1,-1
201411ND29914,1,9,0,18,0,1,0,0,0,0,1,1,6,2,50,8,998,1,6,6,2
201411ND29914,2,1,0,18,0,1,0,0,0,0,2,1,6,1,31,6,-1,-1,-1,-1,1
201411ND30004,1,9,0,9,0,8,0,0,0,0,1,1,6,2,21,5,1781,1,12,4,1
201411ND30004,2,9,0,18,0,8,1,0,0,0,4,1,6,2,47,8,1229,1,3,3,1
201411ND30194,1,9,0,9,0,8,0,0,0,0,1,1,6,2,43,7,2143,2,2,9,3
201411ND30194,2,19,0,18,0,8,0,0,0,0,1,1,6,1,31,6,1686,2,10,3,1
201411ND30214,1,9,0,18,0,0,0,0,0,0,4,1,6,2,73,10,1840,1,11,9,2
201411ND30214,2,1,0,2,0,0,0,0,1,0,2,1,6,1,63,9,-1,-1,-1,10,1
201411ND30274,1,9,0,9,0,8,1,0,0,0,1,1,1,1,58,9,1798,1,9,2,2
201411ND30274,2,9,0,10,0,8,0,0,0,0,2,1,2,1,38,7,1560,2,1,3,2
201411ND30294,1,9,0,18,0,1,0,0,0,0,1,1,6,2,26,6,1229,1,8,5,2
201411ND30294,2,9,0,4,0,1,0,0,0,0,2,1,6,3,-1,-1,-1,-1,-1,-1,-1
201411ND30324,1,9,0,18,0,1,0,0,0,0,1,1,6,1,65,9,1997,2,13,1,1
201411ND30324,2,9,0,10,0,1,0,0,0,0,2,1,6,2,31,6,-1,-1,-1,9,2
201411ND30434,1,9,0,18,0,1,0,0,0,0,1,1,6,1,55,8,1461,2,11,3,1
201411ND30434,2,9,0,3,0,1,0,0,0,0,2,1,6,1,19,4,1242,1,10,3,2
201411ND30504,1,9,0,4,0,0,0,0,0,0,2,1,6,1,22,5,1999,1,7,4,1
201411ND30504,2,9,0,18,0,0,1,0,0,0,1,1,6,1,27,6,2521,1,7,8,2
201411ND30514,1,9,0,18,0,1,0,0,0,0,1,1,6,1,21,5,-1,-1,-1,-1,3
201411ND30514,2,9,0,3,0,1,0,0,0,0,2,1,6,2,19,4,1149,1,6,6,2
201411ND30564,1,9,0,18,0,8,0,0,0,0,3,1,6,1,32,6,1800,1,14,5,3
201411ND30564,2,9,0,18,0,8,0,0,7,0,1,1,6,2,25,5,2000,2,10,-1,1
201411ND30794,1,9,0,18,0,0,1,0,0,0,1,1,2,1,22,5,1390,1,14,2,2
201411ND30794,2,9,0,4,0,0,0,0,0,0,2,1,2,1,46,8,1998,2,7,9,2
201411ND30794,3,9,0,4,0,0,0,0,0,0,2,1,2,2,20,4,1242,1,1,4,3
201411ND30834,1,9,0,18,0,8,0,0,0,0,4,1,6,3,-1,-1,-1,-1,-1,-1,-1
201411ND30834,2,9,0,18,0,8,0,0,0,0,1,1,2,2,22,5,1997,2,-1,5,3
201411ND30934,1,9,0,18,0,1,0,0,0,0,1,1,6,1,49,8,2188,2,7,8,1
201411ND30934,2,9,0,3,0,1,0,0,0,0,2,1,6,1,52,8,1910,2,6,5,1
201411ND30934,3,9,0,3,0,1,0,0,0,0,2,1,6,1,60,9,1197,1,4,-1,-1
201411ND30934,4,9,0,3,0,1,0,0,0,0,2,1,6,1,42,7,2696,2,4,4,1
201411ND31064,1,9,0,5,0,4,0,0,0,0,1,1,6,2,63,9,1896,2,9,4,2
201411ND31064,2,9,0,18,0,8,0,10,0,0,4,1,6,2,44,7,989,1,10,2,2
201411ND31104,1,9,0,9,0,8,0,0,0,0,1,1,6,1,34,6,2495,2,13,10,1
201411ND31104,2,9,0,4,0,8,0,0,0,0,2,1,6,2,33,6,1968,2,-1,9,1
201411ND31444,1,9,0,18,0,8,0,0,1,1,3,1,4,1,18,4,1390,1,2,8,1
201411ND31444,2,9,0,9,0,8,0,0,0,0,1,1,6,1,70,10,1995,1,9,-1,1
201411NE00124,1,90,0,18,0,1,0,0,0,0,3,1,6,1,16,4,-1,-1,-1,1,1
201411NE00124,2,9,0,18,0,1,0,0,0,0,1,1,6,1,50,8,-1,-1,-1,1,1
201411NE00284,1,9,0,18,0,1,0,0,0,0,1,1,6,2,65,9,1686,2,2,1,1
201411NE00284,2,9,0,10,0,1,0,0,0,0,2,1,6,2,26,6,1198,1,1,4,1
201411NE00744,1,9,0,18,0,0,0,0,1,4,1,1,6,1,32,6,973,1,14,1,2
201411NE01364,1,9,0,9,0,8,0,0,0,0,1,1,6,1,48,8,1994,2,13,1,2
201411NE01364,2,9,0,18,0,8,0,0,0,0,1,1,6,2,57,9,-1,-1,-1,2,2
201411NE02564,1,9,0,18,0,0,0,4,0,0,1,1,6,1,33,6,-1,-1,-1,5,2
201411NE02564,2,21,1,2,0,0,0,0,0,0,2,1,6,1,38,7,-1,-1,-1,-1,-1
201411NE02704,1,11,0,18,0,3,0,0,0,0,0,1,1,1,43,7,-1,-1,-1,2,1
201411NE03194,1,9,0,4,0,7,1,0,0,0,1,1,6,2,40,7,796,1,5,1,1
201411NE03194,2,9,0,4,0,7,1,0,0,0,2,1,6,2,52,8,2993,2,3,8,1
201411NE03194,3,9,0,4,0,7,0,0,0,0,2,1,6,1,50,8,1364,1,6,1,1
201411NE03334,1,9,0,9,0,6,0,0,0,0,0,1,6,3,-1,-1,-1,-1,-1,-1,-1
201411NE03334,2,9,0,18,0,1,5,10,1,2,1,1,6,2,40,7,1242,1,2,1,2
201411NE03364,1,8,0,5,0,1,0,0,0,0,0,1,1,1,55,8,1242,1,7,1,2
201411NE03794,1,9,0,4,0,0,0,0,0,0,1,1,2,1,36,7,1686,2,-1,5,1
201411NE03794,2,9,0,4,0,0,0,0,0,0,2,1,6,2,21,5,1951,2,9,3,1
201411NE03794,3,9,0,4,0,0,0,0,0,0,2,1,6,2,69,10,1598,1,13,5,1
201411NE03794,4,9,0,4,0,0,0,0,0,0,2,1,6,1,64,9,973,1,14,3,2
201411NE03794,5,9,0,4,0,0,0,0,0,0,2,1,6,2,51,8,1686,2,3,2,1
201411NE03804,1,9,0,18,0,8,0,0,0,0,1,1,6,2,27,6,1398,2,11,3,1
201411NE03804,2,9,0,18,0,8,0,0,0,0,4,1,6,1,44,7,-1,-1,-1,2,1
201411NE03804,3,9,0,18,0,8,0,0,0,0,3,1,6,1,59,9,1796,1,5,2,1
201411NE03804,4,9,0,18,0,8,0,0,0,0,3,1,6,1,54,8,1956,2,3,9,1
201411NE03824,1,9,0,18,0,0,0,4,0,0,1,1,6,1,55,8,1598,2,1,5,2
201411NE03824,2,9,0,2,0,0,0,0,1,0,2,1,6,1,51,8,1560,2,6,3,1
201411NE03844,1,9,0,18,0,0,0,0,0,0,1,1,6,2,45,7,1590,1,18,5,1
201411NE03844,2,9,0,5,0,0,0,0,0,0,2,1,6,1,48,8,1995,2,3,9,1
201411NE04264,1,9,0,18,0,1,0,0,0,0,0,1,6,3,-1,-1,-1,-1,-1,-1,-1
201411NE04264,2,9,0,18,0,1,1,0,0,0,1,1,1,1,61,9,1560,2,4,5,2
201411NE04264,3,9,0,8,0,1,0,0,7,0,3,1,1,1,46,8,1498,1,5,4,2
201411NE04384,1,9,0,18,0,1,0,0,0,0,1,1,1,2,41,7,1341,1,10,-1,1
201411NE04384,2,9,0,3,0,1,0,0,0,0,2,1,1,2,50,8,1198,1,1,6,1
201411NE04384,3,9,0,3,0,1,0,0,0,0,2,1,1,1,53,8,1598,1,3,3,2
201411NE04384,4,19,0,18,0,8,0,0,0,0,0,1,6,1,-1,-1,1995,2,3,10,1
201411NE04574,1,9,0,18,0,8,0,0,7,11,1,1,6,2,17,4,1968,2,6,1,2
201411NE04754,1,8,0,18,0,1,0,4,0,0,1,1,1,1,63,9,1896,2,6,1,2
201411NE04754,2,9,0,2,0,1,0,0,1,0,2,1,1,1,25,5,1896,2,6,7,2
201411NE04994,1,1,0,18,0,6,0,0,0,0,4,1,6,1,12,3,-1,-1,-1,1,1
201411NE04994,2,9,0,18,0,2,0,0,0,0,1,1,6,1,-1,-1,1998,1,9,2,1
201411NE05124,1,9,0,18,0,1,0,0,0,0,1,1,6,1,18,4,-1,-1,-1,1,1
201411NE05124,2,3,0,7,0,1,0,0,1,0,2,1,6,1,18,4,124,1,7,1,1
201411NE05254,1,9,0,12,0,7,0,0,0,0,0,1,6,3,-1,-1,-1,-1,-1,-1,-1
201411NE05254,2,3,0,18,0,1,0,0,0,0,1,1,2,1,20,4,124,1,7,1,1
201411NE05254,3,9,0,18,0,1,0,0,0,0,2,1,2,2,25,5,1149,1,10,3,1
201411NE05434,1,9,0,18,0,8,0,0,0,0,1,1,2,1,17,4,1149,1,11,3,1
201411NE05434,2,9,0,9,0,8,0,0,0,0,2,1,6,2,63,9,998,1,14,1,1
201411NE05434,3,19,0,9,0,8,0,0,0,0,0,1,6,3,-1,-1,-1,-1,-1,-1,-1
201411NE06294,1,9,0,18,9,0,0,0,7,0,1,1,6,3,-1,-1,-1,-1,-1,-1,-1
201411NE06464,1,9,0,18,0,8,0,0,0,0,1,1,2,1,22,5,1360,1,8,1,1
201411NE07394,1,9,0,7,0,8,0,0,1,11,3,1,6,2,38,7,1240,1,8,3,2
201411NE07394,2,19,0,18,0,8,0,0,1,2,1,1,2,1,38,7,-1,-1,-1,3,1
201411NE08844,1,9,0,17,0,0,1,0,7,3,1,1,2,1,47,8,1997,1,8,9,2
201411NE09324,1,9,0,18,0,0,0,0,0,0,1,1,6,2,19,4,1229,1,1,3,2
201411NE09324,2,9,0,3,0,0,0,0,0,0,2,1,6,2,18,4,1328,1,8,2,2
201411NE09324,3,9,0,3,0,0,0,0,0,0,2,1,6,1,42,7,1229,1,3,2,2
201411NE09594,1,9,0,5,0,4,0,0,0,0,1,1,2,1,22,5,1753,2,9,1,2
201411NE09594,2,9,0,3,0,4,0,0,0,0,2,1,2,2,38,7,1998,2,8,1,2
201411NE09754,1,8,0,18,0,8,0,0,0,0,3,1,1,1,32,6,1796,7,9,1,2
201411NE09754,2,9,0,9,0,8,0,0,1,0,1,1,2,2,25,5,1242,1,8,10,1
201411NE10094,1,1,0,18,0,8,0,0,0,0,3,1,6,1,15,3,-1,-1,-1,3,1
201411NE10094,2,9,0,18,0,1,0,0,0,0,4,1,6,1,53,8,1248,2,6,3,2
201411NE10684,1,9,0,18,0,0,0,0,0,0,0,1,6,1,-1,-1,1998,1,18,1,1
201411NE10684,2,9,0,18,0,0,0,0,0,0,0,1,6,2,60,9,1461,2,2,1,1
201411NE11264,1,11,0,18,0,0,0,0,1,3,1,1,1,1,66,10,4250,2,3,3,1
201411NE11264,2,19,0,2,0,0,0,0,0,0,0,1,6,1,-1,-1,1868,2,10,5,2
201411NE11384,1,9,0,18,0,3,0,0,0,0,1,1,6,2,44,7,1587,1,9,1,2
201411NE11664,1,9,0,18,0,1,0,0,0,0,1,1,6,2,69,10,1896,2,12,5,3
201411NE11664,2,9,0,3,0,1,0,0,0,0,2,1,6,2,43,7,1461,2,-1,5,2
201411NE12144,1,9,0,6,0,1,0,0,0,0,1,1,6,1,-1,-1,1328,1,9,2,3
201411NE12144,2,9,0,18,0,1,0,0,0,0,3,1,6,1,32,6,1796,1,10,2,2
201411NE12164,1,9,0,9,0,6,0,0,0,0,3,1,6,2,53,8,1997,2,-1,8,1
201411NE12164,2,9,0,18,0,1,0,0,0,0,1,1,6,2,37,7,1229,1,5,2,2
201411NE12164,3,9,0,3,0,1,0,0,0,0,1,1,2,2,45,7,1598,2,3,9,1
201411NE12194,1,9,0,18,0,4,0,0,0,0,3,1,6,2,54,8,1753,2,8,5,2
201411NE12194,2,9,0,9,0,4,0,0,0,0,1,1,6,1,18,4,1124,1,10,2,2
201411NE13444,1,21,0,7,0,6,0,0,0,0,0,1,6,3,-1,-1,-1,-1,-1,-1,-1
201411NE13444,2,9,0,18,0,1,1,0,1,11,1,1,6,1,19,4,1587,1,9,4,1
201411NE13654,1,8,0,9,0,6,0,0,0,0,1,1,1,1,63,9,-1,-1,-1,5,1
201411NE13654,2,3,0,18,0,8,0,0,0,0,1,1,6,1,21,5,124,1,-1,1,1
201411NE14524,1,9,0,5,0,0,0,0,0,0,1,1,2,1,20,4,1896,2,12,3,1
201411NE14524,2,9,0,5,0,0,0,0,0,0,2,1,3,1,29,6,2198,2,8,1,1
201411NE14834,1,9,0,18,0,0,0,0,0,0,4,1,6,1,70,10,1086,1,7,4,1
201411NE14864,1,9,0,18,0,0,5,4,0,0,3,1,6,1,18,4,-1,-1,-1,1,2
201411NE14864,2,9,0,2,0,0,0,0,0,0,4,1,6,1,-1,-1,1896,2,14,-1,-1
201411NE14864,3,9,0,2,0,0,0,0,0,0,3,1,6,1,-1,-1,3222,2,11,-1,-1
201411NE14864,4,9,0,2,0,0,0,0,0,0,3,1,6,1,-1,-1,1461,2,-1,-1,-1
201411NE15294,1,19,0,1,0,1,0,0,0,0,2,1,1,1,25,5,1995,2,1,-1,-1
201411NE15784,1,9,0,18,0,1,0,0,0,0,1,1,6,2,48,8,1229,1,2,8,1
201411NE15784,2,19,0,18,0,1,0,0,0,0,2,1,6,1,20,4,2464,2,6,10,1
201411NE15784,3,9,0,9,0,8,0,0,0,0,0,1,6,3,-1,-1,-1,-1,-1,-1,-1
201411NE16254,1,19,0,13,0,1,0,0,0,0,4,1,1,1,59,9,2299,2,1,1,2
201411NE16254,2,17,0,9,0,1,0,0,0,0,3,1,1,1,32,6,-1,-1,-1,4,2
201411NE16404,1,20,0,17,0,0,0,0,0,0,3,1,6,1,46,8,-1,-1,-1,-1,-1
201411NE16404,2,11,0,16,0,0,0,0,1,0,3,1,2,1,46,8,-1,-1,-1,-1,-1
201411NE16484,1,9,0,9,0,8,0,0,0,0,1,1,6,2,20,4,1984,1,13,3,2
201411NE16484,2,9,0,17,0,8,0,0,0,0,1,1,6,1,60,9,-1,-1,-1,3,2
201411NE16784,1,9,0,9,0,8,0,0,0,0,3,1,6,1,77,11,1999,1,13,10,1
201411NE16784,2,9,0,18,0,8,0,0,0,0,1,1,2,1,39,7,1956,2,3,2,2
201411NE16794,1,9,0,18,0,0,0,0,0,0,1,1,6,2,29,6,1968,2,6,2,3
201411NE16864,1,9,0,9,0,8,0,0,0,0,1,1,2,2,44,7,1199,1,-1,7,1
201411NE16864,2,9,0,18,0,8,0,0,0,0,4,1,2,1,36,7,-1,-1,-1,3,2
201411NE16864,3,19,0,10,0,1,0,0,0,0,0,1,2,1,32,6,1998,2,10,4,1
201411NE17214,1,9,0,5,0,1,0,0,0,0,1,1,6,2,19,4,1560,2,3,2,2
201411NE17214,2,9,0,16,0,2,0,0,0,0,1,1,6,1,17,4,1149,1,12,2,2
201411NE17434,1,9,0,9,0,8,0,0,0,0,3,1,6,1,36,7,1396,1,9,4,1
201411NE17434,2,9,0,13,0,8,5,0,0,1,4,1,6,1,21,5,1597,1,7,2,2
201411NE18154,1,9,0,7,0,8,0,0,0,0,1,1,6,1,34,6,1596,1,5,-1,1
201411NE18154,2,3,0,18,0,8,0,0,0,0,4,1,6,1,23,5,124,1,-1,2,3
201411NE18904,1,9,0,18,0,1,0,0,0,0,3,1,6,2,33,6,1896,2,9,4,1
201411NE19004,1,9,0,9,0,8,0,0,0,0,1,1,6,1,51,8,1896,2,9,5,1
201411NE19004,2,9,0,9,0,8,0,0,0,0,3,1,2,2,44,7,1796,1,7,5,1
201411NE19304,1,9,0,16,0,8,0,0,0,0,3,1,6,1,42,7,1560,2,7,1,2
201411NE19304,2,9,0,17,0,8,0,0,0,0,3,1,6,1,47,8,1686,2,12,1,2
201411NE19494,1,2,0,18,0,1,0,0,0,0,1,1,6,3,-1,-1,-1,-1,-1,-1,-1
201411NE19494,2,9,0,2,0,1,0,0,0,0,2,1,6,3,-1,-1,-1,-1,-1,-1,-1
201411NE19644,1,8,0,18,0,4,0,0,0,0,0,1,6,3,-1,-1,1753,2,7,-1,-1
201411NE19644,2,1,0,6,0,3,0,0,0,0,0,1,6,1,42,7,-1,-1,-1,5,2
201411NE20544,1,9,0,18,0,1,0,0,0,0,1,1,6,1,79,11,2720,2,8,3,1
201411NE20544,2,9,0,7,0,8,0,0,0,0,2,1,6,2,55,8,1360,1,12,1,1
201411NE21474,1,9,0,18,0,1,0,0,0,0,1,1,6,1,-1,-1,-1,-1,-1,-1,-1
201411NE21474,2,9,0,7,0,1,0,0,0,0,2,1,1,2,26,6,1229,1,6,3,1
201411NE22014,1,9,0,18,0,0,0,4,0,0,4,1,6,2,-1,-1,1598,1,3,1,1
201411NE22014,2,9,0,2,0,0,0,0,0,0,3,1,6,2,-1,-1,1242,1,5,-1,-1
201411NE22014,3,8,0,18,0,0,0,0,0,0,3,1,6,1,53,8,-1,-1,-1,8,3
201411NE22124,1,90,0,18,0,0,0,4,0,0,1,1,6,1,20,4,-1,-1,-1,-1,-1
201411NE22124,2,9,0,2,0,0,0,0,0,0,1,1,6,1,48,8,-1,-1,-1,1,2
201411NE22354,1,9,0,18,0,1,0,0,0,0,1,1,2,1,19,4,1199,1,12,2,1
201411NE22354,2,9,0,10,0,8,0,0,0,0,2,1,6,2,43,7,1560,2,3,5,1
201411NE22384,1,19,0,18,0,4,0,0,0,0,1,1,6,1,18,4,1248,2,6,1,3
201411NE22384,2,9,0,9,0,8,0,0,0,0,4,1,2,2,35,6,1329,1,5,10,1