Accident_Index,Vehicle_Reference,Vehicle_Type,Towing_and_Articulation,Vehicle_Manoeuvre,Vehicle_Location-Restricted_Lane,Junction_Location,Skidding_and_Overturning,Hit_Object_in_Carriageway,Vehicle_Leaving_Carriageway,Hit_Object_off_Carriageway,1st_Point_of_Impact,Was_Vehicle_Left_Hand_Drive?,Journey_Purpose_of_Driver,Sex_of_Driver,Age_of_Driver,Age_Band_of_Driver,Engine_Capacity_(CC),Propulsion_Code,Age_of_Vehicle,Driver_IMD_Decile,Driver_Home_Area_Type
201411NE22654,1,9,0,7,9,2,2,0,3,4,1,1,6,1,30,6,1998,2,12,1,2
201411NE22654,2,9,0,9,0,2,0,0,0,0,0,1,1,1,-1,-1,2993,2,1,2,1
201411NE22714,1,9,0,9,0,1,0,0,0,0,0,1,6,3,-1,-1,-1,-1,-1,-1,-1
201411NE22714,2,8,0,18,0,1,0,0,0,0,0,1,1,1,44,7,2184,2,8,1,1
201411NE24074,1,9,0,9,0,7,0,0,0,0,1,1,2,1,41,7,1999,1,11,1,1
201411NE24074,2,9,0,18,0,1,1,0,0,0,1,1,2,2,28,6,1242,1,1,3,2
201411NE24294,1,9,0,9,0,8,0,0,0,0,3,1,6,2,22,5,-1,-1,-1,3,2
201411NE24294,2,9,0,18,0,8,0,0,0,0,1,1,6,2,26,6,1242,1,9,4,1
201411NE24384,1,9,0,14,0,2,0,4,0,0,4,1,6,1,38,7,1998,2,5,1,1
201411NE24384,2,9,0,2,0,2,0,0,0,0,3,1,6,1,50,8,1769,1,8,3,1
201411NE24674,1,3,0,13,0,8,0,0,7,0,1,1,6,1,25,5,124,1,-1,2,2
201411NE24674,2,9,0,9,0,8,0,0,0,0,3,1,6,2,43,7,973,1,12,1,2
201411NE24874,1,9,0,18,0,0,0,0,0,0,1,1,6,1,31,6,1598,1,4,1,1
201411NE25124,1,9,0,1,0,2,0,0,0,0,2,1,6,3,-1,-1,1998,2,11,-1,-1
201411NE25124,2,9,0,18,0,2,0,0,0,0,3,1,3,2,53,8,1396,1,1,4,1
201411NE25214,1,11,0,18,0,1,0,0,0,0,0,1,1,1,47,8,6370,2,4,5,3
201411NE25214,2,9,0,10,0,8,0,0,0,0,0,1,6,3,-1,-1,-1,-1,-1,-1,-1
201411NE25954,1,9,0,18,0,8,5,0,7,1,1,1,6,1,39,7,1199,1,12,3,1
201411NE26014,1,9,0,18,0,1,0,0,0,0,4,1,6,3,-1,-1,-1,-1,-1,-1,-1
201411NE26014,2,1,0,18,0,1,0,0,0,0,3,1,6,1,39,7,-1,-1,-1,5,1
201411NE26014,3,9,0,2,0,1,0,0,0,0,3,1,6,1,-1,-1,1796,1,1,-1,-1
201411NE26064,1,8,0,18,0,0,5,4,0,0,1,1,1,1,64,9,1753,2,7,1,1
201411NE26064,2,9,0,2,0,0,0,0,0,0,1,1,6,2,-1,-1,1360,1,4,-1,-1
201411NE27184,1,9,0,18,0,1,1,0,7,3,1,1,2,2,18,4,-1,-1,-1,2,2
201411NE27184,2,9,0,3,0,1,0,0,0,0,2,1,2,2,20,4,1360,1,7,5,1
201411NE28214,1,9,0,9,0,6,0,0,0,0,1,1,6,1,62,9,1598,1,1,2,1
201411NE28214,2,3,0,18,0,8,0,0,7,0,4,1,2,1,26,6,-1,-1,-1,4,1
201411NE28464,1,9,0,18,0,0,2,0,8,10,1,1,2,1,26,6,1598,1,5,9,1
201411NE28904,1,3,0,18,0,0,1,0,0,0,3,1,2,1,47,8,124,1,4,2,3
201411NE29074,1,19,0,4,0,2,0,0,0,0,4,1,1,1,67,10,2464,2,6,1,2
201411NE29324,1,19,0,4,0,0,0,0,0,0,1,1,6,1,27,6,1968,2,2,5,1
201411NE29324,2,9,0,3,0,0,0,0,0,0,2,1,6,1,26,6,1582,2,2,2,1
201411NE29324,3,9,0,3,0,0,0,0,0,0,2,1,6,1,49,8,1995,2,4,4,1
201411NE29724,1,21,1,9,0,8,0,0,0,0,4,2,6,1,28,6,-1,-1,-1,-1,-1
201411NE29724,2,21,1,18,0,8,0,0,0,0,1,1,6,1,49,8,10308,2,2,-1,-1
201411NE29724,3,19,0,3,0,1,0,0,0,0,0,1,6,1,54,8,1753,2,3,4,1
201411NE29744,1,9,0,18,0,0,0,0,0,0,4,1,6,1,46,8,1896,2,9,2,2
201411NE30094,1,9,0,9,0,7,0,0,0,0,1,1,6,1,80,11,1086,1,8,4,2
201411NE30094,2,9,0,18,0,8,0,0,0,0,3,1,3,2,24,5,1149,1,12,2,3
201411NE30144,1,9,0,7,0,8,0,0,0,0,3,1,6,2,17,4,1598,1,1,1,1
201411NE30144,2,11,0,18,0,8,0,0,0,0,1,1,1,1,46,8,3900,2,12,-1,-1
201411NE30534,1,9,0,14,0,0,0,0,0,0,1,1,6,2,69,10,1328,1,10,3,2
201411NE30534,2,8,0,18,0,0,0,0,0,0,1,1,1,1,40,7,1896,2,5,-1,1
201411NE30534,3,8,0,2,0,0,0,0,0,0,3,1,1,1,31,6,1598,2,3,-1,1
201411NE31264,1,9,0,6,0,8,0,0,7,7,3,1,6,1,48,8,1598,1,4,1,1
201411NE31264,2,9,0,18,0,8,0,0,0,0,1,1,6,1,24,5,1596,1,11,2,2
201411NF00964,1,9,0,10,0,1,0,0,0,0,0,1,6,2,24,5,1229,1,1,-1,1
201411NF00964,2,3,0,18,0,1,2,0,0,0,0,1,6,1,35,6,124,1,6,-1,-1
201411NF02454,1,9,0,14,0,0,0,0,0,0,4,1,6,1,62,9,1591,1,2,-1,3
201411NF02454,2,11,0,2,0,0,0,0,0,0,0,1,1,2,52,8,3900,2,12,4,1
201411NF04064,1,9,0,18,0,0,1,0,1,2,3,1,2,2,22,5,1124,1,10,-1,2
201411NF04904,1,9,0,18,0,0,1,0,1,2,3,1,6,1,24,5,1360,1,14,2,1
201411NF06494,1,8,0,9,0,8,0,0,0,0,4,1,1,1,30,6,1753,2,4,3,1
201411NF06494,2,9,0,18,0,8,0,0,0,0,1,1,6,1,59,9,1997,2,9,3,1
201411NF06514,1,3,0,17,0,0,0,0,1,0,0,1,2,1,21,5,124,1,1,1,1
201411NF08004,1,9,0,18,0,0,0,0,0,0,3,1,6,2,18,4,1124,1,10,-1,-1
201411NF08284,1,9,0,9,0,8,0,0,0,0,4,1,6,2,32,6,1390,1,3,2,2
201411NF08284,2,9,0,18,0,1,0,0,0,0,4,1,6,2,23,5,1560,2,5,5,2
201411NF08364,1,9,0,16,0,0,0,0,7,2,1,1,6,1,17,4,1124,1,9,5,1
201411NF08464,1,19,0,18,0,0,0,0,0,0,1,1,1,1,32,6,2460,2,8,3,3
201411NF08464,2,9,0,4,0,0,0,0,0,0,2,1,1,2,52,8,998,1,11,3,1
201411NF09504,1,19,0,4,0,1,0,0,0,0,0,1,6,3,-1,-1,2198,2,6,-1,-1
201411NF09504,2,11,0,4,0,1,0,0,0,0,0,1,1,1,-1,-1,6700,2,3,3,1
201411NF09584,1,9,0,10,0,2,0,0,0,0,1,1,6,2,31,6,998,1,3,1,1
201411NF09584,2,9,0,10,0,2,0,0,0,0,2,1,6,1,35,6,1999,1,13,1,1
201411NF10624,1,90,0,17,0,0,5,10,0,0,4,1,6,1,43,7,891,1,27,3,2
201411NF11814,1,9,0,18,0,7,0,0,0,0,1,1,6,1,24,5,1242,1,15,1,1
201411NF11814,2,9,0,4,0,7,0,0,0,0,2,1,6,2,37,7,1686,2,6,3,1
201411NF12304,1,9,0,18,0,0,0,4,7,0,1,1,6,1,28,6,1994,2,12,-1,-1
201411NF12304,2,19,0,2,9,0,0,0,0,0,2,1,6,1,23,5,2402,2,10,1,2
201411NF12324,1,9,0,18,0,0,1,0,1,0,1,1,6,1,22,5,1896,2,8,1,2
201411NF12324,2,9,0,2,0,0,0,0,1,10,2,1,6,1,-1,-1,1339,1,5,-1,-1
201411NF12344,1,9,0,18,0,7,2,0,3,10,1,1,6,1,22,5,3628,2,6,1,1
201411NF12674,1,9,0,18,0,0,0,0,0,0,3,1,6,1,20,4,1242,1,8,2,1
201411NF13004,1,19,0,9,0,1,0,0,0,0,4,1,6,1,-1,-1,1896,2,8,1,1
201411NF13004,2,9,0,18,0,1,0,0,0,0,1,1,6,2,47,8,1896,2,8,2,2
201411NF13274,1,9,0,18,0,0,2,0,7,11,4,1,1,1,26,6,-1,-1,-1,2,3
201411NF13334,1,9,0,18,0,2,0,0,0,0,1,1,6,1,39,7,1461,2,-1,2,2
201411NF13334,2,22,0,18,0,2,0,0,0,0,2,1,6,1,84,11,-1,-1,-1,5,2
201411NF13394,1,19,0,9,0,5,0,0,0,0,4,1,6,2,29,6,1753,2,7,6,1
201411NF13394,2,9,0,18,0,8,0,0,0,0,1,1,6,2,46,8,1242,1,12,3,2
201411NF13394,3,9,0,8,0,3,0,0,0,0,1,1,6,1,43,7,1896,2,11,-1,1
201411NF14244,1,9,0,18,0,0,0,0,0,0,1,1,3,1,-1,-1,1994,1,17,2,2
201411NF14244,2,9,0,18,0,0,0,0,0,0,2,1,6,1,68,10,1242,1,12,2,2
201411NF14244,3,9,0,2,0,0,0,0,0,0,0,1,1,1,-1,-1,2993,2,1,10,1
201411NF14884,1,9,0,18,0,0,0,0,0,0,4,1,6,2,21,5,1399,2,11,2,1
201411NF15684,1,9,0,16,0,0,0,0,0,0,1,1,1,1,46,8,2464,2,5,1,2
201411NF15684,2,90,0,17,0,0,5,0,0,0,1,1,6,1,23,5,-1,-1,-1,1,2
201411NF16934,1,19,0,18,0,1,0,0,0,0,3,1,1,1,-1,-1,1995,2,3,3,1
201411NF17104,1,9,0,18,0,1,1,0,7,0,4,1,6,1,44,7,1998,2,6,5,1
201411NF17104,2,9,0,18,0,3,0,0,0,0,1,1,6,1,42,7,1596,1,10,-1,1
201411NF17664,1,9,0,18,0,2,0,0,0,0,4,1,6,1,41,7,1396,1,4,1,2
201411NF18004,1,19,0,18,0,0,0,0,0,0,1,1,1,1,32,6,2402,2,6,3,1
201411NF18004,2,19,0,3,0,0,0,0,0,0,2,1,1,1,33,6,2402,2,5,1,1
201411NF18054,1,19,0,18,0,0,0,0,0,0,1,1,1,1,50,8,2198,2,-1,3,1
201411NF18054,2,9,0,3,0,0,0,0,0,0,2,1,6,1,46,8,1995,2,10,7,3
201411NF18054,3,19,0,3,0,0,0,0,0,0,2,1,1,1,46,8,1968,2,1,3,1
201411NF18054,4,9,0,3,0,0,0,0,0,0,1,1,6,1,51,8,1896,2,7,5,1
201411NF18114,1,11,0,2,0,0,0,0,0,0,0,1,1,1,-1,-1,-1,-1,-1,3,1
201411NF18884,1,-1,0,18,0,1,0,0,0,0,1,1,6,3,-1,-1,-1,-1,-1,-1,-1
201411NF18884,2,1,0,18,0,2,0,0,0,0,4,1,6,1,15,3,-1,-1,-1,-1,1
201411NF19014,1,8,0,5,0,1,0,0,0,0,0,1,6,1,42,7,1997,2,3,2,1
201411NF20284,1,3,0,18,0,8,0,0,1,0,1,1,1,1,19,4,49,1,10,1,1
201411NF20284,2,9,0,3,0,8,0,0,0,0,2,1,1,2,54,8,1896,2,12,1,3
201411NF20754,1,9,0,9,0,8,0,0,0,0,1,1,6,1,34,6,2987,2,6,-1,3
201411NF20754,2,9,0,9,0,8,0,0,0,0,3,1,6,2,19,4,1398,2,1,1,2
201411NF20804,1,9,0,7,0,8,0,0,0,0,4,1,1,2,22,5,1398,1,1,1,1
201411NF20804,2,1,0,18,0,1,0,0,0,0,1,1,6,1,46,8,-1,-1,-1,7,3
201411NF20994,1,9,0,18,0,0,0,0,7,11,1,1,6,2,54,8,995,1,4,2,2
201411NF21034,1,9,0,18,0,1,0,0,0,0,1,1,6,2,81,11,1598,1,6,4,1
201411NF21034,2,9,0,2,0,2,0,0,0,0,3,1,3,1,50,8,1997,2,10,1,1
201411NF21184,1,9,0,1,0,8,0,0,0,0,2,1,6,1,28,6,-1,-1,-1,1,2
201411NF21584,1,9,0,9,0,8,0,0,0,0,3,1,1,1,-1,-1,1461,2,9,-1,1
201411NF21584,2,9,0,18,0,8,0,0,0,0,1,1,1,1,50,8,1798,1,11,1,3
201411NF22244,1,9,0,17,0,0,0,0,2,11,1,1,6,1,21,5,1753,2,8,2,1
201411NF22454,1,11,0,9,0,6,0,0,0,0,1,1,1,1,38,7,4250,2,6,2,1
201411NF22454,2,3,0,18,0,1,0,0,0,0,4,1,6,1,27,6,124,1,3,5,3
201411NF24004,1,9,0,18,0,1,0,0,0,0,1,1,1,1,36,7,1686,2,1,2,1
201411NF24004,2,9,0,10,0,8,0,0,0,0,2,1,3,2,41,7,2198,2,7,2,1
201411NF24064,1,9,0,9,0,8,0,0,0,0,4,1,3,2,58,9,1598,1,5,2,2
201411NF24064,2,9,0,18,0,8,5,0,0,0,1,1,2,2,47,8,-1,-1,-1,6,1
201411NF24694,1,9,0,6,0,8,0,0,0,0,3,1,6,1,67,10,1398,1,8,1,1
201411NF24694,2,9,0,18,0,8,0,0,7,11,4,1,6,1,42,7,1149,1,4,5,2
201411NF24784,1,1,0,18,0,0,0,0,0,0,3,1,6,1,15,3,-1,-1,-1,1,1
201411NF24784,2,9,0,18,0,0,0,0,0,0,1,1,1,1,43,7,1598,2,4,1,1
201411NF25384,1,9,0,18,0,0,0,0,0,0,1,1,6,1,51,8,1229,1,9,1,1
201411NF26154,1,9,0,18,0,1,0,0,0,0,1,1,6,2,26,6,1149,1,11,1,2
201411NF26244,1,3,0,18,0,0,0,0,0,0,1,1,6,3,-1,-1,-1,-1,-1,-1,-1
201411NF26244,2,8,0,12,0,0,0,0,0,0,2,2,6,1,42,7,1560,2,3,1,1
201411NF28704,1,8,0,18,3,0,0,4,0,0,1,1,1,1,42,7,1560,2,1,1,1
201411NF28704,2,11,0,2,3,0,0,0,0,0,2,1,1,1,57,9,4461,2,1,2,1
201411NF29064,1,11,0,18,0,0,0,0,0,0,0,1,1,1,33,6,9360,2,1,2,1
201411NF29064,2,21,1,4,0,0,0,0,0,0,0,1,6,3,-1,-1,12809,2,-1,-1,-1
201411NF29774,1,9,0,18,0,1,1,7,1,10,1,1,6,1,28,6,1896,2,7,1,1
201411NF29774,2,9,0,18,0,8,0,10,7,10,1,1,1,2,45,7,1399,2,2,5,1
201411NF29954,1,9,0,18,0,0,0,0,0,0,1,1,6,2,49,8,1596,1,9,9,1
201411NF29954,2,9,0,18,0,0,0,0,0,0,2,1,6,2,50,8,1997,2,7,5,1
201411NF29954,3,9,0,12,8,0,0,0,0,0,3,1,6,1,50,8,2544,1,15,8,3
201411NF31144,1,9,0,16,0,1,0,0,0,0,3,1,6,1,40,7,1995,2,11,1,2
201411NF31144,2,9,0,16,0,1,0,0,0,0,3,1,1,1,-1,-1,-1,-1,-1,-1,-1
201411NF31144,3,9,0,16,0,1,0,0,0,0,4,1,1,1,-1,-1,2993,2,2,-1,-1
201411NF31144,4,9,0,17,0,1,0,0,0,0,4,1,6,1,42,7,-1,-1,-1,2,2
201411NF31144,5,9,0,18,0,1,0,0,0,0,3,1,1,1,46,8,2993,2,2,1,1
201411NF31144,6,9,0,18,0,1,0,0,0,0,0,1,6,1,32,6,1598,1,9,3,1
201411NF31144,7,9,0,18,0,1,0,0,0,0,1,1,1,1,-1,-1,-1,-1,-1,-1,-1
201411NF31144,8,9,0,18,0,1,0,0,0,0,2,1,6,1,29,6,1990,1,9,1,1
201411NF31174,1,9,0,18,0,0,0,0,0,0,1,1,6,1,-1,-1,1998,2,9,1,2
201411NF31174,2,9,0,4,0,0,0,0,0,0,2,1,2,2,26,6,2000,2,8,2,1
201411NG00294,1,9,0,16,0,1,0,0,0,0,1,1,6,2,47,8,1329,1,5,4,2
201411NG00294,2,9,0,18,0,1,0,0,0,0,4,1,6,1,25,5,1587,1,10,3,1
201411NG00684,1,9,0,1,0,0,0,0,0,0,2,1,1,1,25,5,1968,2,2,6,1
201411NG00724,1,9,0,9,0,2,0,0,0,0,1,1,2,1,19,4,1242,1,12,7,2
201411NG00724,2,9,0,18,0,1,0,0,0,0,1,1,2,1,53,8,1769,1,9,2,1
201411NG00774,1,9,0,17,0,0,1,0,1,4,3,1,6,1,31,6,2993,2,10,7,3
201411NG00774,2,9,0,17,0,0,0,0,0,0,0,1,6,1,32,6,1968,2,7,9,1
201411NG00774,3,9,0,16,0,0,0,0,0,0,1,1,6,1,55,8,1389,1,12,6,2
201411NG00834,1,9,0,18,0,4,0,0,0,0,1,1,2,1,38,7,1598,1,1,3,1
201411NG00834,2,9,0,3,0,4,0,0,0,0,2,1,2,1,47,8,1798,1,7,10,1
201411NG00834,3,90,0,18,0,8,0,0,0,0,0,1,1,1,65,9,2143,2,2,4,2
201411NG00844,1,9,0,6,0,0,0,0,0,0,3,1,1,1,27,6,1910,2,6,3,1
201411NG00844,2,5,0,18,0,0,0,0,0,0,1,1,1,1,20,4,649,1,1,1,1
201411NG00904,1,9,0,14,0,2,0,0,0,0,1,1,3,3,-1,-1,998,1,12,-1,-1
201411NG00904,2,11,0,3,0,2,0,0,0,0,3,1,1,1,40,7,4500,2,4,-1,1
201411NG00904,3,9,0,18,0,1,0,0,0,0,3,1,6,1,48,8,1686,2,3,2,1
201411NG00914,1,9,0,18,0,0,0,0,0,0,1,1,6,3,-1,-1,998,1,12,-1,-1
201411NG00914,2,20,0,18,0,0,0,0,0,0,1,1,6,1,29,6,-1,-1,-1,2,2
201411NG00924,1,9,0,18,0,1,0,0,0,0,1,1,6,3,-1,-1,998,1,12,-1,-1
201411NG00924,2,9,0,10,0,1,0,0,0,0,2,1,6,1,39,7,1149,1,7,3,1
201411NG00934,1,9,0,9,0,8,0,0,0,0,1,1,6,2,63,9,1086,1,10,2,1
201411NG00934,2,2,0,18,0,8,0,0,0,0,1,1,6,1,16,4,50,1,4,3,1
201411NG01164,1,9,0,9,0,8,0,0,0,0,1,1,2,1,44,7,1968,2,-1,1,1
201411NG01164,2,9,0,18,0,1,0,0,0,0,4,1,2,2,49,8,1598,1,14,3,1
201411NG01234,1,9,0,18,0,0,0,0,0,0,1,1,6,1,81,11,998,1,1,6,2
201411NG01234,2,1,0,18,0,0,0,0,0,0,2,1,6,1,43,7,-1,-1,-1,2,1
201411NG01634,1,9,0,18,0,0,0,0,0,0,1,1,2,1,21,5,1149,1,1,6,1
201411NG01634,2,9,0,3,0,0,0,0,0,0,2,1,2,2,54,8,1598,2,1,9,3
201411NG01644,1,9,0,13,0,0,1,0,5,6,1,1,6,1,27,6,1753,2,7,3,1
201411NG01644,2,21,0,18,0,0,0,0,0,0,2,1,1,1,34,6,-1,-1,-1,10,1
201411NG01654,1,9,0,18,0,0,0,0,0,0,0,1,6,2,27,6,1299,1,11,7,1
201411NG01654,2,9,0,18,0,0,0,0,0,0,1,1,6,2,-1,-1,1598,1,6,2,1
201411NG01654,3,9,0,18,0,0,0,0,0,0,2,1,6,2,33,6,1229,1,1,4,1
201411NG01904,1,9,0,18,0,4,0,0,0,0,1,1,1,1,44,7,1910,2,6,8,1
201411NG01904,2,3,0,9,0,8,5,0,0,0,2,1,6,1,35,6,124,1,2,2,2
201411NG03164,1,9,0,18,0,1,0,0,0,0,1,1,6,1,30,6,1399,2,10,9,2
201411NG03164,2,9,0,3,0,1,0,0,0,0,2,1,6,2,54,8,1560,2,5,10,1
201411NG04004,1,9,0,18,0,8,0,0,0,0,3,1,6,2,47,8,1386,1,2,2,1
201411NG04004,2,9,0,9,0,8,0,0,0,0,1,1,1,1,67,10,1560,2,9,5,1
201411NG04014,1,9,0,9,0,0,0,0,0,0,4,1,6,2,57,9,1968,2,2,5,1
201411NG04074,1,9,0,9,0,5,0,0,0,0,4,1,6,1,22,5,1896,2,9,-1,1
201411NG04074,2,9,0,17,0,8,0,0,0,0,1,1,6,2,42,7,2995,1,1,7,2
201411NG04134,1,9,0,18,0,0,0,0,0,0,1,1,6,1,26,6,1461,2,3,4,2
201411NG04134,2,9,0,3,0,0,0,0,0,0,2,1,6,1,19,4,1242,1,10,4,1
201411NG05024,1,11,0,5,8,0,0,0,0,0,0,1,1,1,48,8,-1,-1,-1,3,1
201411NG05884,1,9,0,18,0,0,5,0,1,0,3,1,6,2,35,6,-1,-1,-1,5,3
201411NG06244,1,9,0,18,0,1,0,0,0,0,1,1,6,1,78,11,1948,1,17,9,1
201411NG07164,1,5,0,18,0,0,1,0,0,0,0,1,2,1,38,7,599,1,14,6,1
201411NG07364,1,9,0,17,0,0,0,0,0,0,3,1,2,1,27,6,1461,2,1,3,2
201411NG07364,2,9,0,16,0,0,0,0,0,0,3,1,2,1,20,4,1364,1,10,6,1
201411NG07364,3,9,0,18,0,0,0,0,0,0,1,1,2,2,39,7,-1,-1,-1,3,1
201411NG07414,1,3,0,18,0,0,1,0,0,0,1,1,6,3,-1,-1,-1,-1,-1,-1,-1
201411NG07414,2,9,0,3,0,0,0,0,0,0,2,1,6,1,29,6,1686,2,4,-1,-1
201411NG07444,1,9,0,18,0,0,0,0,0,0,0,1,6,3,-1,-1,-1,-1,-1,-1,-1
201411NG07444,2,9,0,18,0,0,0,0,1,10,2,1,6,2,29,6,1149,1,15,2,2
201411NG07944,1,9,0,9,0,8,0,0,0,0,3,1,6,1,32,6,1587,1,11,3,1
201411NG07944,2,5,0,17,0,1,2,0,0,0,3,1,6,1,26,6,599,1,15,3,2
201411NG08044,1,9,0,18,0,4,0,0,0,0,1,1,6,1,77,11,2179,2,12,9,1
201411NG08044,2,19,0,3,0,4,0,0,0,0,2,1,6,1,49,8,2198,2,4,6,3
201411NG08234,1,11,0,18,0,0,0,0,0,0,0,1,6,1,30,6,5900,2,5,4,1
201411NG09084,1,9,0,6,0,4,0,0,0,0,0,1,6,3,-1,-1,-1,-1,-1,-1,-1
201411NG09084,2,11,0,18,0,8,0,0,0,0,0,1,1,1,58,9,-1,-1,-1,4,1
201411NG09474,1,9,0,18,0,0,0,0,7,2,1,1,6,1,26,6,1398,2,9,3,1
201411NG09724,1,3,0,17,0,0,0,0,1,11,1,1,2,1,33,6,124,1,22,6,2
201411NG10314,1,9,0,11,0,4,0,0,0,0,1,1,6,3,30,6,1560,2,4,-1,3
201411NG10314,2,9,0,13,0,3,0,0,0,0,2,1,6,1,32,6,1586,1,5,2,1
201411NG10464,1,9,0,15,0,0,0,0,0,0,4,1,1,1,43,7,1248,2,5,7,2
201411NG10464,2,9,0,2,0,0,0,0,0,0,0,1,6,2,20,4,-1,-1,-1,3,1
201411NG10734,1,9,0,18,0,0,2,0,1,4,1,1,2,1,30,6,1061,1,8,8,2
201411NG10734,2,9,0,18,0,0,0,0,0,0,2,1,2,1,35,6,2499,2,16,9,2
201411NG10734,3,21,1,18,0,0,0,0,0,0,1,1,1,1,38,7,12130,2,9,5,3
201411NG11224,1,9,0,18,0,1,0,0,0,0,1,1,1,2,47,8,1242,1,3,3,2
201411NG11224,2,9,0,9,0,1,0,0,0,0,2,1,6,1,43,7,1753,2,12,3,2
201411NG11694,1,9,0,17,0,8,0,0,0,0,1,1,2,2,22,5,1461,2,-1,3,1
201411NG11694,2,9,0,16,0,8,0,0,0,0,1,1,2,1,55,8,1796,7,11,8,1
201411NG11954,1,9,0,18,0,8,0,0,0,0,3,1,6,3,-1,-1,-1,-1,-1,-1,-1
201411NG11954,2,3,0,9,0,8,0,0,0,0,4,1,6,1,24,5,125,1,11,3,3
201411NG12124,1,9,0,18,0,0,2,0,5,6,1,1,6,1,20,4,1397,1,3,10,1
201411NG12184,1,9,0,18,0,0,0,0,0,0,1,1,6,1,30,6,1461,2,-1,4,1
201411NG12184,2,9,0,18,0,0,0,0,0,0,2,1,6,1,35,6,1896,2,11,1,1
201411NG12224,1,9,0,18,0,8,0,0,3,10,1,1,6,1,20,4,1360,1,8,3,3
201411NG12224,2,9,0,18,0,8,0,0,0,0,1,1,6,2,41,7,1199,1,13,3,2
201411NG12354,1,9,0,18,0,0,0,0,0,0,1,1,2,2,27,6,1360,1,6,2,1
201411NG12884,1,11,0,2,3,0,0,0,0,0,0,1,1,1,45,7,9000,2,12,4,1
201411NG13014,1,11,0,18,0,8,0,0,0,0,1,1,1,2,47,8,9600,2,16,5,1
201411NG13014,2,19,0,18,0,8,0,0,0,0,2,1,1,1,-1,-1,2287,2,1,-1,-1
201411NG13054,1,9,0,7,0,1,0,0,0,0,1,1,6,1,80,11,1498,1,3,3,1
201411NG13054,2,9,0,10,0,1,0,0,0,0,2,1,6,1,28,6,1781,1,14,-1,1
201411NG13054,3,9,0,10,0,8,0,0,0,0,2,1,3,1,38,7,1596,1,8,9,1
201411NG13054,4,8,0,18,0,8,0,0,0,0,3,1,4,1,48,8,1598,2,1,6,1
201411NG13284,1,9,0,9,0,1,0,0,0,0,1,1,6,2,50,8,1596,1,12,3,2
201411NG13284,2,9,0,10,0,1,0,0,0,0,1,1,6,1,36,7,1461,2,1,-1,2
201411NG13744,1,9,0,18,0,0,0,0,0,0,1,1,6,1,75,10,1398,2,1,6,2
201411NG13744,2,9,0,2,0,0,0,0,0,0,3,1,6,2,20,4,1198,1,12,3,1
201411NG13894,1,19,0,18,0,8,0,0,0,0,1,1,1,1,27,6,2402,2,4,2,1
201411NG13894,2,9,0,10,0,8,0,0,1,7,2,1,6,2,45,7,1560,2,1,3,1
201411NG13894,3,19,0,18,0,8,0,0,0,0,3,1,6,1,40,7,1998,2,8,4,1
201411NG14434,1,9,0,18,0,0,0,0,0,0,3,1,2,1,23,5,1968,2,2,3,2
201411NG14434,2,9,0,18,0,0,0,0,0,0,3,1,6,2,32,6,2993,2,3,7,2
201411NG15534,1,11,0,5,2,1,0,0,0,0,0,1,1,1,25,5,4760,2,2,4,1
201411NG15814,1,9,0,13,0,0,0,0,0,0,3,1,6,1,29,6,1998,2,9,7,2
201411NG15814,2,19,0,17,0,0,0,0,0,0,3,1,2,1,24,5,2198,2,-1,8,2
201411NG16094,1,19,0,18,0,1,0,0,0,0,4,1,6,1,35,6,2402,2,13,2,1
201411NG16524,1,9,0,9,0,8,0,0,7,0,3,1,6,1,26,6,2000,2,10,5,1
201411NG16524,2,9,0,18,0,8,0,0,0,0,1,1,2,2,48,8,1796,1,10,4,1
201411NG16714,1,9,0,18,0,1,0,0,0,0,1,1,6,2,34,6,1498,1,5,5,1
201411NG16714,2,9,0,3,0,1,0,0,0,0,2,1,6,1,54,8,1896,2,8,3,1
201411NG16844,1,9,0,17,0,0,0,0,0,0,1,1,6,1,19,4,-1,-1,-1,6,2
201411NG16844,2,9,0,2,0,0,0,0,0,0,4,1,6,3,-1,-1,1461,2,1,4,1
201411NG16844,3,9,0,2,0,0,0,0,0,0,1,1,6,1,40,7,1991,2,4,3,3
201411NG16904,1,9,0,16,0,0,0,0,0,0,1,1,6,1,42,7,1796,1,13,2,1
201411NG16904,2,9,0,11,0,0,1,0,0,0,2,1,6,2,25,5,1197,1,-1,8,1
201411NG16904,3,9,0,16,0,0,0,10,0,0,1,1,6,1,59,9,1998,2,8,2,1
201411NG16904,4,9,0,16,0,0,0,10,0,0,2,1,6,2,42,7,1461,2,5,3,2
201411NG17074,1,9,0,9,0,8,0,0,0,0,1,1,6,1,-1,-1,1997,2,6,9,1
201411NG17074,2,1,0,18,0,8,0,0,0,0,1,1,6,1,34,6,-1,-1,-1,8,2
201411NG17554,1,9,0,9,0,8,0,0,0,0,3,1,6,2,68,10,1242,1,4,8,1
201411NG17554,2,9,0,18,0,8,0,0,0,0,1,1,6,2,22,5,899,1,-1,7,1
201411NG17894,1,9,0,18,0,0,0,0,0,0,1,1,6,1,30,6,1363,2,11,3,3
201411NG17894,2,9,0,3,0,0,0,0,0,0,2,1,6,1,37,7,-1,-1,-1,1,2
201411NG17894,3,9,0,3,0,0,0,0,0,0,2,1,6,1,64,9,1998,1,10,2,1
201411NG17984,1,9,0,5,0,4,0,0,0,0,3,1,6,2,48,8,1995,2,4,9,1
201411NG17984,2,9,0,9,0,8,0,0,0,0,1,1,2,2,51,8,-1,-1,-1,5,1