Accident_Index,Vehicle_Reference,Vehicle_Type,Towing_and_Articulation,Vehicle_Manoeuvre,Vehicle_Location-Restricted_Lane,Junction_Location,Skidding_and_Overturning,Hit_Object_in_Carriageway,Vehicle_Leaving_Carriageway,Hit_Object_off_Carriageway,1st_Point_of_Impact,Was_Vehicle_Left_Hand_Drive?,Journey_Purpose_of_Driver,Sex_of_Driver,Age_of_Driver,Age_Band_of_Driver,Engine_Capacity_(CC),Propulsion_Code,Age_of_Vehicle,Driver_IMD_Decile,Driver_Home_Area_Type
201411SJ05624,1,9,0,18,0,0,0,0,0,0,1,1,2,2,42,7,1598,1,13,-1,1
201411SJ05624,2,8,0,18,0,0,0,0,0,0,1,1,2,1,63,9,-1,-1,-1,-1,1
201411SJ05654,1,9,0,18,0,0,0,0,0,0,1,1,6,2,29,6,1242,1,3,9,3
201411SJ05654,2,9,0,18,0,0,0,0,0,0,1,1,6,1,52,8,1248,2,1,5,1
201411SJ06004,1,9,0,16,0,0,0,0,0,0,1,1,6,3,-1,-1,-1,-1,-1,-1,-1
201411SJ06004,2,19,0,18,0,0,5,0,0,0,1,1,2,1,31,6,2143,2,1,4,1
201411SJ06144,1,9,0,9,0,5,0,0,7,0,4,1,6,1,18,4,1199,1,11,4,3
201411SJ06144,2,9,0,18,0,8,0,0,0,0,1,1,6,1,48,8,1896,2,11,9,1
201411SJ06144,3,9,0,3,0,1,0,0,0,0,3,1,6,2,44,7,1598,2,-1,9,2
201411SJ06354,1,9,0,18,0,8,0,0,0,0,1,1,6,1,42,7,1796,1,12,5,1
201411SJ06354,2,9,0,4,0,8,0,0,0,0,2,1,6,2,31,6,1796,1,14,4,3
201411SJ06384,1,9,0,18,0,8,0,0,0,0,1,1,6,1,78,11,1198,1,3,9,1
201411SJ06384,2,9,0,7,0,8,0,0,0,0,3,1,6,1,45,7,1461,2,3,-1,1
201411SJ06404,1,11,0,18,0,0,0,10,0,0,1,1,1,1,42,7,-1,-1,-1,5,1
201411SJ06434,1,11,0,18,0,8,0,0,0,0,0,1,1,2,27,6,4250,2,6,9,1
201411SJ06434,2,9,0,18,0,8,0,0,0,0,0,1,6,3,-1,-1,-1,-1,-1,-1,-1
201411SJ06484,1,9,0,9,0,8,0,0,0,0,1,1,6,1,-1,-1,1199,1,12,3,1
201411SJ06484,2,9,0,9,0,8,0,0,0,0,3,1,6,1,19,4,-1,-1,-1,10,1
201411SJ06814,1,9,0,18,0,4,0,0,0,0,1,1,6,2,30,6,1968,2,6,3,1
201411SJ06814,2,9,0,7,0,4,0,0,0,0,2,1,6,1,40,7,1598,1,4,8,1
201411SJ06834,1,9,0,5,0,4,0,0,0,0,1,1,6,2,72,10,1686,2,1,10,1
201411SJ06834,2,1,0,18,0,8,5,0,0,0,4,1,6,1,38,7,-1,-1,-1,6,2
201411SJ07344,1,9,0,13,0,8,0,0,0,0,0,1,6,3,-1,-1,-1,-1,-1,-1,-1
201411SJ07344,2,9,0,13,0,8,0,0,3,0,1,1,6,2,43,7,1598,1,8,3,1
201411SJ07434,1,9,5,5,0,1,0,0,0,0,0,1,1,1,59,9,-1,-1,-1,7,1
201411SJ07434,2,9,0,5,0,1,0,0,0,0,0,1,1,1,49,8,2170,2,10,5,3
201411SJ07464,1,9,0,16,0,0,2,0,1,4,3,1,1,2,18,4,1364,1,8,3,1
201411SJ07484,1,9,0,16,0,0,2,0,6,0,1,1,6,1,37,7,1870,2,8,3,1
201411SJ07524,1,9,0,1,0,0,0,0,0,0,2,1,6,1,59,9,1896,2,6,3,1
201411SJ07524,2,9,0,2,0,0,0,0,0,0,1,1,6,2,30,6,1242,1,11,3,1
201411SJ07554,1,9,0,9,0,1,0,0,0,0,1,1,6,2,31,6,1995,2,13,2,1
201411SJ07554,2,8,0,7,0,1,0,0,0,0,0,1,6,1,26,6,1896,2,6,3,1
201411SJ07994,1,9,0,3,0,1,0,0,0,0,2,1,6,1,58,9,1798,1,9,4,1
201411SJ07994,2,9,0,4,0,1,0,0,0,0,1,1,6,1,47,8,1198,1,5,6,3
201411SJ08034,1,9,0,9,0,8,0,0,0,0,3,1,6,1,18,4,1360,1,14,1,1
201411SJ08034,2,3,0,18,0,8,0,0,0,0,1,1,2,1,49,8,124,1,3,1,1
201411SJ08074,1,9,0,18,0,8,0,0,0,0,4,1,6,3,-1,-1,-1,-1,-1,-1,-1
201411SJ08254,1,9,0,6,0,0,0,0,0,0,1,1,1,1,23,5,-1,-1,-1,-1,-1
201411SJ08294,1,9,0,9,0,4,0,0,0,0,1,1,6,2,53,8,1299,1,7,7,1
201411SJ08294,2,9,0,9,0,3,0,0,0,0,4,1,6,1,21,5,1149,1,13,3,1
201411SJ08404,1,90,0,18,6,0,0,0,0,0,0,1,6,2,76,11,-1,-1,-1,7,3
201411SJ08404,2,16,0,18,0,0,0,0,0,0,0,1,6,2,36,7,-1,-1,-1,2,1
201411SJ08444,1,9,0,18,0,3,0,0,0,0,1,1,6,2,55,8,1600,1,3,9,1
201411SJ08444,2,9,0,18,0,3,0,0,0,0,2,1,6,2,54,8,1998,2,10,7,3
201411SJ08444,3,9,0,18,0,3,0,0,0,0,2,1,1,1,50,8,1582,2,-1,-1,-1
201411SJ08714,1,9,0,18,0,1,0,0,0,0,1,1,6,3,-1,-1,-1,-1,-1,-1,-1
201411SJ08714,2,9,0,18,0,1,0,0,0,0,2,1,6,1,37,7,1590,1,15,5,1
201411SJ08714,3,9,0,18,0,1,0,0,0,0,2,1,6,2,48,8,998,1,8,6,1
201411SJ08724,1,19,0,5,0,1,0,0,0,0,1,1,6,1,-1,-1,-1,-1,-1,-1,-1
201411SJ08724,2,9,0,3,0,1,0,0,0,0,2,1,1,1,22,5,-1,-1,-1,-1,-1
201411SJ08784,1,9,0,5,0,0,0,0,0,0,3,1,6,1,54,8,1596,1,4,3,2
201411SJ08784,2,9,0,18,0,0,0,0,0,0,1,1,6,1,53,8,1995,2,5,-1,-1
201411SJ08784,3,9,0,3,0,0,0,0,1,0,2,1,6,1,-1,-1,998,1,-1,-1,-1
201411SJ08824,1,9,0,1,0,0,0,0,0,0,2,1,6,1,36,7,1896,2,9,2,1
201411SJ08854,1,19,0,18,0,0,0,7,7,1,1,1,2,1,32,6,2148,2,7,-1,-1
201411SJ08864,1,9,0,18,0,4,0,0,1,1,1,1,6,1,38,7,1995,2,10,1,1
201411SJ09194,1,1,0,18,0,6,5,0,0,0,1,1,6,1,41,7,-1,-1,-1,7,1
201411SJ09194,2,9,0,18,0,8,0,0,2,11,1,1,2,1,26,6,1368,1,7,2,1
201411SJ09234,1,9,0,18,0,8,0,0,0,0,1,1,6,1,22,5,973,1,13,1,1
201411SJ09234,2,9,0,10,0,1,0,0,0,0,2,1,2,2,41,7,1968,2,9,1,1
201411SJ09254,1,19,0,4,0,1,0,0,0,0,1,1,6,1,37,7,2143,2,1,4,1
201411SJ09254,2,9,0,3,0,1,0,0,0,0,2,1,6,2,60,9,1596,1,3,1,1
201411SJ09264,1,9,0,18,0,0,0,0,0,0,2,1,6,3,-1,-1,1997,2,9,-1,-1
201411SJ09264,2,19,0,18,0,0,0,0,0,0,1,1,6,1,46,8,1461,2,2,3,1
201411SJ09264,3,9,0,18,0,0,0,0,0,0,1,1,6,1,22,5,1364,1,1,1,1
201411SJ09264,4,9,0,18,0,0,0,0,0,0,1,1,6,1,56,9,1753,2,7,7,1
201411SJ09484,1,9,0,3,0,0,0,0,0,0,1,1,6,2,47,8,1198,1,-1,-1,1
201411SJ09484,2,9,0,3,0,0,0,0,0,0,2,1,6,1,25,5,1461,2,6,7,1
201411SJ09554,1,9,0,18,0,0,0,0,7,0,1,1,6,2,19,4,1560,2,9,5,3
201411SJ09554,2,9,0,18,0,0,0,0,0,0,1,1,6,2,26,6,1762,1,17,4,2
201411SJ09554,3,9,0,18,0,0,0,0,0,0,0,1,6,2,52,8,1242,1,4,9,3
201411SJ09604,1,11,0,2,2,0,0,0,0,0,0,1,6,1,47,8,-1,2,14,4,1
201411SJ09644,1,9,0,18,0,4,0,0,0,0,1,1,6,1,67,10,1598,1,6,1,1
201411SJ09644,2,1,0,18,0,8,0,0,0,0,4,1,6,1,27,6,-1,-1,-1,1,1
201411SJ09784,1,9,0,18,0,0,1,0,5,6,2,1,6,1,49,8,1991,1,16,-1,-1
201411SJ09834,1,9,0,3,0,4,0,0,0,0,1,1,6,1,48,8,1956,2,5,3,1
201411SJ09834,2,9,0,3,0,4,0,0,0,0,2,1,1,2,43,7,995,1,2,3,1
201411SJ09904,1,9,0,18,0,4,0,0,0,0,1,1,6,2,85,11,998,1,8,5,3
201411SJ09904,2,1,0,18,0,3,0,0,0,0,3,1,6,1,55,8,-1,-1,-1,9,1
201411SJ09924,1,9,0,9,0,4,0,0,0,0,3,1,2,1,33,6,2698,2,3,3,1
201411SJ09924,2,1,0,9,0,8,0,0,0,0,1,1,6,1,48,8,-1,-1,-1,-1,1
201411SJ10764,1,9,0,9,0,2,0,0,0,0,1,1,6,1,-1,-1,2143,2,-1,-1,-1
201411SJ10764,2,9,0,9,0,1,0,0,0,0,2,1,6,1,24,5,-1,-1,-1,6,1
201411SJ10814,1,1,0,18,0,4,5,0,0,0,1,1,6,1,16,4,-1,-1,-1,-1,-1
201411SJ10814,2,9,0,18,0,4,0,0,0,0,1,1,6,1,-1,-1,1124,1,3,-1,-1
201411SJ10834,1,9,0,18,0,1,0,0,0,0,1,1,6,1,-1,-1,998,1,-1,-1,1
201411SJ10834,2,9,0,3,0,1,0,0,0,0,2,1,1,2,24,5,1149,1,2,5,1
201411SJ11304,1,1,0,18,9,1,0,0,0,0,1,1,6,1,16,4,-1,-1,-1,3,2
201411SJ11304,2,9,0,5,0,6,0,0,0,0,2,1,6,2,26,6,1396,1,5,1,1
201411SJ11344,1,9,0,9,0,4,0,0,0,0,1,1,6,3,-1,-1,-1,-1,-1,3,1
201411SJ11344,2,9,0,9,0,4,0,0,0,0,2,1,1,1,24,5,-1,-1,-1,3,1
201411SJ11354,1,19,0,13,0,1,0,0,0,0,1,1,6,1,30,6,1968,2,7,8,1
201411SJ11354,2,9,0,9,0,1,0,0,0,0,3,1,1,1,47,8,1997,1,12,3,1
201411SJ11984,1,9,0,18,0,4,0,0,0,0,3,1,1,1,30,6,1896,2,5,8,1
201411SJ11984,2,5,0,18,0,4,0,0,0,0,1,1,6,1,68,10,-1,-1,-1,1,2
201411SJ12094,1,9,0,18,0,4,0,0,0,0,1,1,2,1,29,6,1968,2,9,1,1
201411SJ12094,2,9,0,3,0,4,0,0,0,0,2,1,6,2,22,5,1198,1,3,4,1
201411SJ12284,1,3,0,7,0,4,0,0,0,0,3,1,6,1,55,8,102,1,11,-1,1
201411SJ12294,1,9,0,17,0,8,0,0,0,0,3,1,2,2,43,7,1461,2,10,2,3
201411SJ12334,1,9,0,18,0,0,0,0,7,4,3,1,6,1,18,4,1149,1,11,5,2
201411SJ12374,1,9,0,18,0,0,0,0,0,0,1,1,2,1,45,7,1896,2,8,10,2
201411SJ12374,2,9,0,4,0,0,0,0,0,0,2,1,6,2,57,9,1560,2,3,9,2
201411SJ12374,3,9,0,4,0,0,0,0,0,0,2,1,2,1,49,8,1995,1,2,3,1
201411SJ12564,1,9,0,6,0,1,0,0,0,0,3,1,1,1,65,9,1399,2,10,3,1
201411SJ12564,2,9,0,18,0,1,0,0,0,0,1,1,2,2,48,8,1400,2,8,4,1
201411SJ12594,1,19,0,10,0,1,0,0,0,0,0,1,1,1,62,9,1753,2,3,3,1
201411SJ12594,2,1,0,18,0,1,0,0,0,0,0,1,6,1,33,6,-1,-1,-1,3,1
201411SJ12774,1,9,0,5,0,2,0,0,0,0,4,1,6,1,28,6,1994,2,12,5,3
201411SJ12774,2,8,0,18,0,1,0,0,0,0,4,1,1,1,51,8,1896,2,6,5,1
201411SJ12824,1,9,0,5,0,1,0,0,0,0,0,1,6,1,54,8,-1,-1,-1,-1,-1
201411SJ12944,1,9,0,18,9,8,0,10,3,11,1,1,6,1,21,5,1896,2,10,3,1
201411SJ13044,1,2,0,15,0,1,0,0,0,0,1,1,6,1,16,4,49,1,11,6,1
201411SJ13044,2,9,0,7,0,1,0,0,0,0,4,1,6,2,61,9,1598,1,-1,3,1
201411SJ13174,1,9,0,18,0,8,0,0,0,0,1,1,6,1,45,7,1896,2,15,3,1
201411SJ13174,2,9,0,18,0,1,0,0,0,0,4,1,6,1,17,4,1461,2,-1,7,3
201411SJ13204,1,9,0,5,0,1,0,0,0,0,1,1,1,1,25,5,1149,1,14,6,1
201411SJ13204,2,3,0,18,0,8,0,0,0,0,4,1,6,1,46,8,-1,-1,-1,8,1
201411SJ13254,1,9,0,9,0,1,0,0,0,0,0,1,6,3,-1,-1,-1,-1,-1,-1,-1
201411SJ13254,2,11,0,18,0,1,0,0,0,0,0,1,1,1,32,6,12816,5,1,2,1
201411SJ13314,1,11,0,2,0,0,0,0,0,0,0,1,6,1,42,7,5883,2,11,5,1
201411SJ13354,1,9,0,18,0,0,0,0,0,0,1,1,6,3,50,8,-1,-1,-1,-1,-1
201411SJ13454,1,19,0,11,0,3,0,0,0,0,4,1,6,1,50,8,2148,2,7,8,1
201411SJ13454,2,9,0,7,0,3,0,0,0,0,3,1,6,1,23,5,1598,1,10,1,1
201411SJ13574,1,1,0,14,0,2,0,0,0,0,4,1,6,1,16,4,-1,-1,-1,8,1
201411SJ13574,2,9,0,14,0,2,0,0,0,0,1,1,6,1,17,4,1389,1,20,9,1
201411SJ13584,1,9,0,18,0,0,0,7,0,0,1,1,6,1,73,10,505,1,2,1,1
201411SJ13604,1,9,0,9,0,8,0,0,0,0,3,1,6,1,43,7,1798,1,14,1,1
201411SJ13604,2,9,0,18,0,8,0,0,0,0,1,1,6,2,81,11,998,1,4,9,1
201411SJ13624,1,11,0,4,0,0,0,0,0,0,0,1,6,2,54,8,-1,-1,-1,3,1
201411SJ13644,1,9,0,13,0,8,0,0,0,0,0,1,6,3,-1,-1,1896,2,7,-1,-1
201411SJ13644,2,11,0,9,0,8,0,0,0,0,0,1,1,1,49,8,4250,2,3,2,1
201411SJ13664,1,9,0,9,0,8,0,0,0,0,3,1,2,1,19,4,1390,7,10,3,1
201411SJ13664,2,9,0,18,0,8,0,0,0,0,1,1,2,2,28,6,1587,1,12,1,1
201411SJ13854,1,9,0,18,0,0,0,0,8,3,1,1,6,1,20,4,1242,1,12,4,3
201411SJ13934,1,9,0,18,0,4,0,0,0,0,1,1,2,2,65,9,1586,1,7,5,1
201411SJ13934,2,9,0,18,0,8,0,0,0,0,4,1,6,2,52,8,1798,1,6,2,1
201411SJ14424,1,9,0,9,0,4,0,0,0,0,1,1,6,1,82,11,998,1,14,3,1
201411SJ14424,2,5,0,18,0,8,0,0,0,0,4,1,6,1,54,8,998,1,7,-1,1
201411SJ14444,1,9,0,9,0,8,0,0,3,0,1,1,6,1,86,11,1422,2,6,7,1
201411SJ14444,2,9,0,18,0,8,0,0,7,9,4,1,6,1,20,4,-1,-1,-1,7,1
201411SJ14474,1,9,0,18,0,8,0,0,0,0,1,1,6,3,-1,-1,-1,-1,-1,-1,-1
201411SJ14474,2,1,0,18,0,8,0,0,0,0,2,1,2,1,27,6,-1,-1,-1,1,1
201411SJ14574,1,9,0,12,0,2,0,0,0,0,3,1,6,2,23,5,1560,2,1,4,1
201411SJ14574,2,2,0,13,0,2,0,0,0,0,4,1,6,1,16,4,50,1,3,-1,1
201411SJ15654,1,9,0,18,0,2,0,0,0,0,1,1,6,3,-1,-1,-1,-1,-1,-1,-1
201411SJ15704,1,9,0,18,0,0,0,0,0,0,1,1,6,2,65,9,998,1,4,9,1
201411SJ15854,1,9,0,18,0,1,0,0,0,0,1,1,6,1,-1,-1,-1,-1,-1,9,2
201411SJ15854,2,9,0,8,0,1,0,0,0,0,2,1,1,2,44,7,1339,1,6,1,1
201411SJ15874,1,9,0,3,0,7,0,0,0,0,1,1,6,1,-1,-1,-1,-1,-1,5,1
201411SJ15874,2,9,0,18,0,7,0,0,0,0,2,1,6,2,46,8,1598,1,6,3,1
201411SJ15954,1,9,0,13,0,2,0,0,0,0,0,1,6,1,-1,-1,2000,2,13,1,1
201411SJ15954,2,11,0,18,0,2,0,0,0,0,0,1,1,1,43,7,4250,2,6,9,1
201411SJ16104,1,9,0,18,0,8,0,0,0,0,1,1,6,1,51,8,1198,1,6,5,1
201411SJ16104,2,9,0,9,0,8,0,0,0,0,1,1,6,2,20,4,1229,1,8,5,1
201411SJ16224,1,9,0,14,0,0,5,4,0,0,1,1,6,1,23,5,1368,1,5,10,1
201411SJ16224,2,9,0,2,0,0,0,0,0,0,2,1,6,1,53,8,1997,2,10,5,3
201411SJ16224,3,9,0,18,0,0,0,0,0,0,1,1,6,1,39,7,1968,2,7,3,1
201411SJ16244,1,9,0,9,0,8,0,0,0,0,3,1,6,2,49,8,1061,1,9,5,1
201411SJ16244,2,90,0,18,0,8,5,0,1,1,1,1,1,1,38,7,-1,-1,-1,8,1
201411SJ16774,1,9,0,4,0,1,0,0,0,0,1,1,6,1,-1,-1,-1,-1,-1,-1,-1
201411SJ16774,2,9,0,3,0,1,0,0,0,0,2,1,2,2,28,6,1229,1,3,6,1
201411SJ16774,3,9,0,3,0,1,0,0,0,0,2,1,6,2,60,9,1598,1,7,4,2
201411SJ16884,1,11,0,5,0,0,0,0,0,0,0,1,1,1,49,8,-1,-1,-1,1,1
201411SJ17174,1,9,0,12,2,0,0,0,0,0,1,1,6,3,-1,-1,1242,1,4,-1,-1
201411SJ17174,2,1,0,18,2,0,0,0,0,0,3,1,1,1,44,7,-1,-1,-1,3,1
201411SJ17184,1,11,0,5,0,0,0,0,0,0,0,1,6,1,68,10,12816,5,1,2,1
201411SJ17374,1,9,0,17,0,0,1,0,7,0,1,1,2,2,23,5,1799,1,4,-1,3
201411SJ17374,2,9,0,16,0,0,1,0,1,0,1,1,2,2,57,9,1753,2,12,6,1
201411SJ17384,1,9,0,17,0,0,0,0,0,0,1,1,2,1,30,6,1994,2,12,5,3
201411SJ17384,2,9,0,16,0,0,0,0,1,11,1,1,6,2,35,6,1364,1,6,1,1
201411SJ17424,1,9,0,18,0,6,0,10,3,3,1,1,6,1,75,10,1329,1,1,5,3
201411SJ17444,1,9,0,9,0,8,0,0,0,0,0,1,6,3,-1,-1,-1,-1,-1,-1,-1
201411SJ17444,2,5,0,18,0,8,0,0,0,0,0,1,6,1,55,8,599,1,16,5,1
201411SJ17464,1,5,0,18,0,1,0,0,1,10,1,1,6,1,29,6,997,1,26,4,1
201411SJ17484,1,9,0,5,0,8,0,0,0,0,3,1,6,1,19,4,1595,1,-1,8,3
201411SJ17484,2,2,0,18,0,8,0,0,0,0,1,1,6,1,24,5,49,1,8,1,1
201411SJ17494,1,1,0,18,0,0,0,4,0,0,2,1,6,1,22,5,-1,-1,-1,-1,1
201411SJ17494,2,9,0,2,0,0,0,0,0,0,0,1,1,2,40,7,1991,2,4,10,1
201411SJ17504,1,9,0,18,0,6,0,0,0,0,0,1,6,2,30,6,1390,1,3,7,1
201411SJ17504,2,1,0,18,0,1,0,0,0,0,0,1,6,1,45,7,-1,-1,-1,9,1
201411SJ17634,1,9,0,18,0,1,0,0,0,0,1,1,6,2,28,6,1229,1,4,3,1
201411SJ17674,1,11,0,16,0,1,0,0,0,0,0,1,1,1,28,6,12816,5,1,9,1
201411SJ17674,2,19,0,16,0,1,0,0,0,0,0,1,6,1,-1,-1,-1,-1,-1,-1,-1
201411SJ18264,1,9,0,7,0,3,0,0,0,0,4,1,6,2,37,7,2148,2,11,2,2
201411SJ18264,2,11,0,7,0,8,0,0,0,0,3,1,1,1,64,9,4250,2,6,3,1
201411SJ18434,1,9,0,18,0,8,0,0,0,10,3,1,6,1,18,4,1206,1,5,5,1
201411SJ18434,2,9,0,18,0,8,0,0,0,0,1,1,1,1,42,7,1248,2,1,-1,-1
201411SJ18644,1,9,0,16,0,0,0,0,6,2,1,1,6,1,18,4,1199,1,13,5,1
201411SJ18694,1,9,0,18,0,0,0,0,0,0,1,1,6,1,23,5,1299,1,12,-1,1
201411SJ18694,2,9,0,2,0,0,0,0,0,0,2,1,6,1,20,4,1896,2,15,6,1
201411SJ18694,3,9,0,2,0,0,0,0,0,0,2,1,6,1,19,4,1242,1,4,6,1
201411SJ18704,1,9,0,18,0,8,0,0,0,0,1,1,6,3,-1,-1,-1,-1,-1,-1,-1
201411SJ18704,2,1,0,18,0,8,0,0,0,0,4,1,6,2,35,6,-1,-1,-1,3,1
201411SJ18924,1,9,0,9,0,8,0,10,1,0,1,1,2,2,22,5,1364,1,6,6,1
201411SJ18924,2,9,0,18,0,8,0,0,0,0,1,1,6,1,69,10,1995,2,8,6,3
201411SJ19264,1,11,0,18,0,0,0,0,0,0,1,1,1,1,53,8,5900,2,17,3,1
201411SJ19264,2,9,0,4,0,0,0,0,0,0,2,1,6,1,58,9,1685,2,-1,3,2
201411SJ19484,1,9,0,9,0,8,0,0,0,0,3,1,6,2,38,7,1598,1,6,8,1
201411SJ19484,2,1,0,18,0,8,0,0,0,0,1,1,6,2,68,10,-1,-1,-1,7,1
201411SJ19654,1,19,0,18,0,1,0,0,0,0,1,1,6,1,35,6,2402,2,12,-1,-1
201411SJ19654,2,9,0,4,0,1,0,0,0,0,2,1,6,2,34,6,1587,1,11,4,1
201411SJ20374,1,9,0,9,0,8,0,0,0,0,1,1,6,2,18,4,1299,1,10,9,2
201411SJ20374,2,9,0,18,0,8,0,0,0,0,3,1,6,2,40,7,1598,1,7,1,1
201411SJ20454,1,9,0,18,0,2,0,0,0,0,1,1,2,1,60,9,2143,2,1,7,1
201411SJ20594,1,11,0,18,0,1,0,0,0,0,0,1,1,1,47,8,12816,5,1,9,1
201411SJ21174,1,9,0,10,0,8,0,0,0,0,3,1,1,1,27,6,1995,2,8,1,1
201411SJ21174,2,9,0,18,0,8,0,0,0,0,1,1,1,2,34,6,1998,1,9,5,1
201411SJ21204,1,19,0,18,0,0,0,0,0,0,1,1,6,1,25,5,1753,2,2,8,1
201411SJ21204,2,9,0,3,0,0,0,0,0,0,2,1,6,1,36,7,1998,2,10,1,1
201411SJ21204,3,9,0,3,0,0,0,0,0,0,2,1,6,2,21,5,1242,1,-1,10,1
201411SJ21374,1,9,0,1,0,2,0,0,0,0,2,1,6,3,-1,-1,-1,-1,-1,-1,-1
201411SJ21874,1,9,0,18,0,4,0,0,0,0,1,1,2,2,37,7,1995,2,2,7,1
201411SJ21874,2,9,0,9,0,8,0,0,0,0,4,1,6,2,21,5,796,1,14,1,1
201411SJ22064,1,8,0,5,0,2,0,0,0,0,3,1,6,1,-1,-1,1896,2,7,-1,-1
201411SJ22144,1,11,0,18,0,1,0,0,0,0,1,1,1,1,-1,-1,-1,-1,-1,-1,-1
201411SJ22144,2,9,0,3,0,1,0,0,0,0,2,1,6,2,-1,-1,-1,-1,-1,-1,-1
201411SJ22174,1,1,0,18,0,8,0,0,0,0,1,1,6,1,31,6,-1,-1,-1,1,1
201411SJ22174,2,9,0,18,0,8,0,0,0,0,3,1,6,1,31,6,1896,2,10,1,1
201411SJ22214,1,9,0,18,0,1,0,0,0,0,1,1,6,3,-1,-1,1796,1,3,-1,-1
201411SJ22214,2,9,0,3,0,1,0,0,0,0,2,1,6,1,27,6,1586,1,11,9,1
201411SJ22284,1,9,0,11,0,1,0,0,0,0,1,1,6,1,72,10,1968,2,5,2,1
201411SJ22284,2,9,0,18,0,1,0,0,1,10,3,1,1,2,29,6,1390,1,6,5,1
201411SJ22334,1,19,0,9,0,8,0,0,0,0,4,1,6,3,-1,-1,-1,-1,-1,-1,-1
201411SJ22334,2,9,0,9,0,8,0,0,0,0,3,1,2,2,19,4,1299,1,12,-1,2
201411SJ22414,1,11,0,2,0,1,0,0,0,0,0,1,1,1,41,7,12816,5,1,2,1
201411SJ22644,1,19,0,18,0,1,0,0,0,0,1,1,6,1,33,6,2500,2,6,7,3
201411SJ22644,2,9,0,8,0,1,0,0,0,0,2,1,6,2,26,6,1229,1,3,6,2
201411SJ22704,1,11,0,18,0,0,0,0,0,0,1,1,1,1,46,8,9000,2,9,1,1
201411SJ22704,2,9,0,3,0,0,0,0,0,0,2,1,6,1,61,9,1124,1,11,2,1
201411SJ22704,3,9,0,3,0,0,0,0,0,0,2,1,6,1,58,9,-1,-1,-1,1,1
201411SJ22804,1,9,0,18,0,1,0,0,0,0,1,1,6,3,-1,-1,-1,-1,-1,-1,-1
201411SJ22804,2,9,0,3,0,1,0,0,0,0,2,1,2,2,32,6,1560,2,2,-1,1
201411SJ23134,1,9,0,18,0,0,0,0,0,0,1,1,6,1,84,11,1386,1,4,5,3
201411SJ23134,2,1,0,18,0,0,0,0,0,0,2,1,2,1,35,6,-1,-1,-1,1,1
201411SJ23164,1,9,0,18,0,1,0,0,0,0,1,1,1,3,-1,-1,-1,-1,-1,-1,-1
201411SJ23164,2,9,0,3,0,1,0,0,0,0,2,1,6,2,25,5,1596,1,6,5,1
201411SJ23204,1,11,0,2,0,1,0,0,0,0,0,1,1,1,63,9,-1,2,15,6,1
201411SJ23454,1,9,0,18,0,8,5,0,3,11,1,1,6,2,23,5,1422,2,9,6,3
201411SJ23474,1,11,0,2,0,0,0,0,0,0,0,1,1,1,49,8,12816,5,1,-1,1
201411SJ23514,1,9,0,18,0,1,0,0,0,0,1,1,6,1,20,4,1328,1,8,7,1
201411SJ23514,2,8,0,3,0,1,0,0,0,0,2,1,6,1,45,7,-1,-1,-1,3,2
201411SJ23514,3,9,0,3,0,1,0,0,0,0,2,1,6,2,22,5,-1,-1,-1,-1,1
201411SJ23584,1,9,0,2,9,0,0,0,0,0,1,1,6,3,-1,-1,2000,1,20,-1,-1
201411SJ23774,1,1,0,18,0,8,0,0,0,0,1,1,6,1,19,4,-1,-1,-1,5,1
201411SJ23774,2,9,0,7,0,8,0,0,0,0,4,1,1,2,58,9,1586,1,2,6,1
201411SJ24014,1,9,0,7,0,4,0,0,0,0,0,1,6,3,-1,-1,-1,-1,-1,-1,-1
201411SJ24014,2,11,0,18,0,1,0,0,0,0,0,1,1,1,66,10,12816,5,1,9,1
201411SJ24054,1,19,0,18,0,1,0,0,0,0,1,1,6,1,27,6,2402,2,3,3,1
201411SJ24054,2,9,0,8,0,8,0,0,0,0,2,1,6,2,49,8,1242,1,1,6,2
201411SJ24054,3,9,0,18,0,8,0,0,0,0,3,1,6,1,25,5,1242,1,2,3,1
201411SJ24134,1,9,0,18,0,2,0,0,0,0,1,1,6,1,67,10,1796,1,10,10,1
201411SJ24194,1,9,0,18,0,0,0,0,0,0,1,1,6,1,43,7,1248,2,9,2,2
201411SJ24194,2,9,0,18,0,0,0,0,0,0,1,1,6,1,32,6,1995,2,10,4,1
201411SJ24194,3,19,0,18,0,0,0,0,0,0,1,1,2,1,50,8,-1,-1,-1,4,3
201411SJ24284,1,9,0,16,0,1,0,0,0,0,1,1,6,1,-1,-1,1149,1,11,9,1
201411SJ24284,2,9,0,3,0,1,0,0,0,0,2,1,6,1,46,8,1968,2,3,9,1
201411SJ24284,3,19,0,3,0,1,0,0,0,0,2,1,1,1,-1,-1,1753,2,9,5,1
201411SJ24634,1,9,0,16,0,0,0,0,0,0,2,1,6,1,23,5,1299,1,12,-1,1
201411SJ24634,2,9,0,17,0,0,0,0,0,0,1,1,6,1,55,8,-1,-1,-1,1,1
201411SJ24654,1,9,0,18,0,2,0,0,0,0,1,1,6,1,64,9,1905,2,17,1,1
201411SJ24654,2,9,0,3,0,2,0,0,0,0,2,1,6,1,60,9,3498,1,9,5,1
201411SJ24654,3,9,0,3,0,2,0,0,0,0,2,1,6,2,38,7,1388,1,7,1,1
201411SJ24654,4,9,0,3,0,2,0,0,0,0,2,1,6,1,48,8,1968,2,-1,5,3
201411SJ24754,1,8,0,18,0,8,0,0,0,0,1,1,1,2,37,7,1896,2,6,3,1
201411SJ24804,1,21,1,2,0,1,0,0,0,0,3,1,1,1,46,8,11705,2,6,-1,1
201411SJ24804,2,1,0,18,0,1,0,0,0,0,1,1,2,2,62,9,-1,-1,-1,5,1
201411SJ24844,1,9,0,18,0,2,0,0,0,0,3,1,6,2,74,10,1560,2,3,10,1
201411SJ25064,1,9,0,17,0,1,1,0,1,11,3,1,6,2,22,5,1242,1,11,2,1
201411SJ25824,1,9,0,18,0,1,0,0,0,0,1,1,6,3,-1,-1,-1,-1,-1,-1,-1
201411SJ26044,1,9,0,5,0,0,0,0,0,0,3,1,6,1,71,10,998,1,-1,6,1
201411SJ26044,2,9,0,18,0,0,0,0,0,0,1,1,6,1,46,8,1796,1,11,5,2