Accident_Index,Vehicle_Reference,Vehicle_Type,Towing_and_Articulation,Vehicle_Manoeuvre,Vehicle_Location-Restricted_Lane,Junction_Location,Skidding_and_Overturning,Hit_Object_in_Carriageway,Vehicle_Leaving_Carriageway,Hit_Object_off_Carriageway,1st_Point_of_Impact,Was_Vehicle_Left_Hand_Drive?,Journey_Purpose_of_Driver,Sex_of_Driver,Age_of_Driver,Age_Band_of_Driver,Engine_Capacity_(CC),Propulsion_Code,Age_of_Vehicle,Driver_IMD_Decile,Driver_Home_Area_Type
201411SJ26184,1,1,0,18,0,1,0,0,0,0,1,1,6,1,21,5,-1,-1,-1,-1,1
201411SJ26184,2,9,0,10,0,1,0,0,0,0,4,1,6,2,24,5,1149,1,8,2,1
201411SJ26234,1,9,0,18,0,0,0,0,0,0,1,1,6,1,18,4,1896,2,10,1,1
201411SJ26234,2,19,0,18,0,0,0,0,1,11,1,1,6,1,41,7,-1,-1,-1,6,1
201411SJ26254,1,9,0,16,0,0,0,0,7,11,1,1,2,1,19,4,973,1,11,5,1
201411SJ26294,1,11,0,2,2,0,0,0,0,0,0,1,1,1,25,5,-1,2,15,6,1
201411SJ26354,1,9,0,18,0,8,0,0,0,0,1,1,6,1,-1,-1,1242,1,-1,9,1
201411SJ26354,2,9,0,18,0,8,0,0,0,0,4,1,2,2,25,5,1984,2,2,5,1
201411SJ26474,1,9,0,18,0,0,0,0,0,0,1,1,6,2,43,7,1461,2,3,6,1
201411SJ26474,2,9,0,3,0,0,0,0,0,0,2,1,6,1,29,6,2987,2,1,3,1
201411SJ26474,3,9,0,3,0,0,0,0,0,0,2,1,6,2,67,10,1248,1,2,7,1
201411SJ26474,4,19,0,3,0,0,0,0,0,0,2,1,6,1,56,9,1248,2,1,1,1
201411SJ26504,1,9,0,18,0,0,1,0,0,0,1,1,6,2,26,6,998,1,4,2,1
201411SJ26504,2,9,0,18,0,0,5,0,5,6,2,1,6,1,42,7,796,1,13,1,1
201411SJ26574,1,8,0,18,0,0,0,0,0,0,0,1,1,1,42,7,1896,2,7,2,1
201411SJ26664,1,9,0,18,0,1,0,0,0,0,1,1,6,1,48,8,4367,2,3,8,1
201411SJ26664,2,9,0,8,0,1,0,0,0,0,2,1,6,2,33,6,1149,1,12,6,1
201411SJ26714,1,9,0,16,0,2,1,0,7,3,1,1,6,2,17,4,1199,2,2,4,3
201411SJ26744,1,9,0,18,0,2,0,0,0,0,1,1,6,3,-1,-1,-1,-1,-1,-1,-1
201411SJ27304,1,9,0,18,0,1,0,0,0,0,4,1,2,2,53,8,1149,1,6,7,1
201411SJ27384,1,9,0,6,0,2,0,0,0,0,0,1,6,3,69,10,-1,-1,-1,-1,-1
201411SJ27384,2,19,0,18,0,3,0,0,0,0,1,1,6,1,56,9,2499,2,15,7,3
201411SJ27384,3,9,0,18,0,3,0,0,0,0,2,1,6,1,69,10,1685,2,2,3,1
201411SJ27574,1,9,0,18,0,8,0,0,1,4,1,1,6,2,78,11,1686,2,6,9,1
201411SJ27574,2,9,0,10,0,1,0,0,1,0,3,1,6,1,29,6,1461,2,2,2,1
201411SJ27814,1,9,0,7,0,6,0,0,0,0,2,1,2,2,27,6,1242,1,13,-1,-1
201411SJ27814,2,9,0,18,0,8,0,0,0,0,1,1,6,1,-1,-1,1968,2,4,9,1
201411SJ28004,1,9,0,18,0,3,0,0,0,0,1,1,6,1,43,7,1896,2,11,6,2
201411SJ28004,2,9,0,18,0,3,0,0,0,0,2,1,6,2,27,6,-1,-1,-1,6,1
201411SJ28254,1,9,0,9,0,8,0,0,0,0,1,1,6,1,23,5,1995,1,4,8,1
201411SJ28254,2,9,0,18,0,8,0,0,0,0,1,1,6,2,39,7,1248,2,2,6,1
201411SJ28254,3,9,0,18,0,3,0,0,0,0,1,1,6,2,21,5,1422,2,4,1,1
201411SJ28514,1,9,0,18,0,0,0,0,0,0,1,1,2,2,21,5,998,1,5,2,1
201411SJ28514,2,9,0,4,0,0,0,0,0,0,2,1,2,1,39,7,1498,1,9,-1,1
201411SJ28514,3,9,0,4,0,0,0,0,0,0,2,1,2,2,35,6,1998,1,11,9,1
201411SJ28634,1,9,0,18,0,8,0,0,0,0,1,1,2,2,49,8,1242,1,3,4,1
201411SJ28634,2,1,0,18,0,8,0,0,0,0,4,1,2,1,35,6,-1,-1,-1,3,1
201411SJ28734,1,9,0,9,0,8,0,0,0,0,3,1,6,1,25,5,1968,2,10,1,1
201411SJ28734,2,9,0,17,0,8,0,0,0,0,1,1,6,2,32,6,-1,3,-1,9,1
201411SJ28844,1,9,0,12,0,0,0,0,0,0,0,1,6,3,-1,-1,1870,2,9,-1,-1
201411SJ28844,2,9,0,18,0,0,0,0,0,0,0,1,6,1,37,7,1598,1,12,1,1
201411SJ28924,1,9,0,18,0,8,0,10,1,10,1,1,4,2,21,5,1242,1,12,2,1
201411SJ28924,2,9,0,2,0,8,0,0,0,0,2,1,6,1,-1,-1,1390,1,9,-1,-1
201411SJ29314,1,9,0,18,0,8,1,0,0,0,1,1,6,1,45,7,973,1,11,3,1
201411SJ29314,2,9,0,9,0,8,0,0,0,0,4,1,6,2,30,6,1598,1,8,2,1
201411SJ29354,1,9,0,18,0,8,0,0,3,11,3,1,1,2,32,6,1896,2,14,1,1
201411SJ29354,2,9,0,18,0,8,0,0,0,0,1,1,6,2,20,4,1598,1,12,2,1
201411SJ29674,1,21,0,18,0,3,0,0,0,0,1,1,1,1,48,8,4462,2,1,2,1
201411SJ29674,2,9,0,3,0,3,0,0,0,0,2,1,2,2,51,8,1560,2,4,7,3
201411SJ29704,1,19,0,9,0,8,0,0,0,0,3,1,1,1,22,5,2143,2,2,-1,1
201411SJ29704,2,5,0,18,0,8,0,0,0,0,1,1,6,2,26,6,598,1,18,3,1
201411SJ29764,1,9,0,18,0,1,0,0,0,0,1,1,6,3,-1,-1,1598,1,13,-1,-1
201411SJ29764,2,9,0,3,0,1,0,0,3,0,2,1,6,1,40,7,1597,1,14,3,1
201411SJ29794,1,9,0,17,0,0,1,0,0,0,4,1,6,1,72,10,1800,1,16,3,1
201411SJ29794,2,9,0,16,0,0,0,0,0,0,1,1,6,2,57,9,1364,1,7,8,2
201411SJ29804,1,9,0,9,0,8,0,0,1,0,1,1,6,1,39,7,1910,2,8,3,1
201411SJ29804,2,9,0,18,0,8,0,0,7,0,4,1,6,1,21,5,1598,1,8,3,1
201411SJ29804,3,9,0,18,0,1,0,0,0,0,1,1,6,2,54,8,999,1,1,9,1
201411SJ29804,4,19,0,18,0,1,0,0,0,0,1,1,6,1,49,8,1753,2,4,8,1
201411SJ29984,1,9,0,18,0,0,0,0,0,0,1,1,6,1,53,8,1598,1,7,2,1
201411SJ30124,1,9,0,14,0,0,0,0,0,0,3,1,6,3,-1,-1,1587,1,14,-1,-1
201411SJ30124,2,9,0,14,0,0,0,0,0,0,3,1,6,1,54,8,-1,-1,-1,1,1
201411SJ30184,1,1,0,18,9,1,0,0,0,0,1,1,6,1,29,6,-1,-1,-1,1,1
201411SJ30184,2,9,0,18,0,1,0,0,0,0,0,1,6,3,-1,-1,-1,-1,-1,-1,-1
201411SJ30224,1,9,0,9,0,8,0,0,0,0,1,1,1,2,-1,-1,1248,2,4,-1,-1
201411SJ30224,2,9,0,18,0,8,0,0,0,0,1,1,2,2,29,6,1896,1,17,1,1
201411SJ30244,1,9,0,18,9,0,0,0,0,0,1,1,6,2,56,9,2993,2,4,9,1
201411SJ30394,1,9,0,18,0,0,0,0,0,0,1,1,6,3,30,6,-1,-1,-1,-1,-1
201411SJ30474,1,98,1,18,0,4,0,0,0,0,3,1,1,1,27,6,12419,2,3,5,1
201411SJ30474,2,19,0,18,0,8,0,0,1,11,4,1,1,1,53,8,2198,2,6,7,1
201411SJ30704,1,9,0,18,0,2,0,4,0,0,1,1,6,1,38,7,1796,1,11,1,1
201411SJ30704,2,9,0,2,0,2,0,0,0,0,2,1,6,1,36,7,1598,1,18,5,1
201411SJ30874,1,9,0,18,0,1,0,0,0,0,1,1,6,2,43,7,1368,1,4,-1,-1
201411SJ30874,2,9,0,8,0,1,0,0,0,0,2,1,6,2,46,8,998,1,8,9,2
201411SJ31074,1,19,0,18,0,4,0,0,0,0,1,1,6,1,45,7,-1,-1,-1,2,1
201411SJ31074,2,9,0,18,0,4,0,0,0,0,2,1,6,1,71,10,973,1,11,6,1
201411SJ31154,1,11,0,2,2,0,0,0,0,0,4,1,6,1,22,5,-1,-1,-1,3,1
201411SK00304,1,9,0,18,0,0,2,0,1,7,3,1,1,1,25,5,1242,1,10,8,2
201411SK00944,1,9,0,9,0,8,0,0,0,0,4,1,6,2,76,11,1997,2,9,1,3
201411SK00944,2,1,0,18,0,8,0,0,0,0,1,1,6,1,24,5,-1,-1,-1,4,1
201411SK01834,1,9,0,1,0,0,0,0,0,0,2,1,6,1,37,7,1896,2,10,1,1
201411SK01834,2,9,0,3,0,0,0,0,0,0,1,1,2,1,31,6,1199,1,10,3,1
201411SK01924,1,9,0,9,0,6,0,0,0,0,3,1,1,2,50,8,-1,-1,-1,7,1
201411SK02124,1,9,0,1,0,1,0,0,0,0,2,1,6,2,69,10,2496,2,14,5,3
201411SK02184,1,9,0,18,0,0,0,0,0,0,1,1,6,1,-1,-1,-1,-1,-1,-1,-1
201411SK02304,1,19,0,18,0,0,0,0,0,0,1,1,1,1,39,7,-1,-1,-1,1,1
201411SK02304,2,21,0,18,0,0,0,0,0,0,2,1,1,1,64,9,11705,2,7,3,2
201411SK02834,1,9,0,18,0,1,0,0,0,0,1,1,6,2,58,9,1596,1,9,4,1
201411SK03114,1,9,0,18,0,1,0,0,0,0,1,1,6,1,22,5,3387,1,6,7,2
201411SK03114,2,9,0,3,0,1,0,0,0,0,2,1,2,1,30,6,1686,2,4,2,1
201411SK03114,3,9,0,3,0,1,0,0,0,0,2,1,6,1,46,8,-1,-1,-1,2,1
201411SK03254,1,9,0,13,0,8,0,0,0,0,4,1,6,3,-1,-1,-1,-1,-1,-1,-1
201411SK03254,2,9,0,9,0,8,0,0,0,0,1,1,6,2,28,6,1248,2,7,3,1
201411SK03614,1,19,0,18,0,0,0,0,0,0,1,1,6,1,20,4,1995,2,7,8,3
201411SK03614,2,9,0,4,0,0,0,0,0,0,2,1,2,2,25,5,1229,1,1,-1,3
201411SK03614,3,17,0,7,0,0,0,0,0,0,0,1,1,1,26,6,4400,2,5,4,2
201411SK04184,1,9,0,7,0,8,0,0,0,0,1,1,6,2,55,8,1388,1,5,10,2
201411SK04184,2,9,0,18,0,8,0,0,0,0,4,1,6,2,82,11,1108,1,12,10,2
201411SK04204,1,9,0,18,0,2,0,0,0,0,1,1,2,2,31,6,1242,1,2,3,2
201411SK04644,1,9,0,12,0,0,0,0,0,0,1,1,6,1,81,11,1999,1,10,8,2
201411SK04824,1,9,0,18,0,0,0,4,0,0,4,1,6,3,-1,-1,-1,-1,-1,-1,-1
201411SK04824,2,9,0,2,6,0,0,0,0,0,4,1,6,2,41,7,1390,1,12,5,1
201411SK04914,1,9,0,18,0,0,0,0,0,0,3,1,1,1,24,5,2000,2,7,2,2
201411SK04914,2,9,0,18,0,0,0,0,1,0,3,1,6,1,40,7,1587,1,8,1,1
201411SK04944,1,9,0,18,0,0,0,0,0,0,1,1,6,1,18,4,1341,1,11,1,1
201411SK04944,2,9,0,14,0,0,0,0,0,0,2,1,6,1,26,6,1200,1,1,-1,2
201411SK04944,3,9,0,2,0,0,0,0,0,0,2,1,6,1,73,10,1248,2,3,2,2
201411SK04954,1,9,0,18,0,0,2,0,1,9,1,1,6,2,19,4,1299,1,12,4,2
201411SK05854,1,9,0,18,0,4,0,0,0,0,1,1,2,1,44,7,1598,1,8,5,1
201411SK05854,2,9,0,9,0,8,0,0,0,0,4,1,2,1,30,6,1997,2,6,9,2
201411SK05894,1,9,0,18,0,0,0,0,0,0,1,1,3,1,35,6,1998,1,17,8,1
201411SK05894,2,9,0,3,0,0,0,0,0,0,2,1,3,2,41,7,1595,1,9,2,1
201411SK06364,1,9,0,1,0,0,0,4,0,0,2,1,6,1,25,5,-1,-1,-1,4,3
201411SK06364,2,9,0,2,0,0,0,0,0,0,1,1,1,1,49,8,2993,2,2,10,1
201411SK07574,1,9,0,18,0,0,2,0,0,0,4,1,6,1,17,4,1368,1,4,4,2
201411SK08244,1,19,0,4,0,1,0,0,0,0,1,1,1,3,-1,-1,-1,-1,-1,-1,-1
201411SK08244,2,1,0,18,0,1,0,0,0,0,4,1,6,1,52,8,-1,-1,-1,5,1
201411SK08314,1,19,0,9,0,6,0,0,0,0,1,1,1,1,48,8,3920,2,4,2,2
201411SK08314,2,9,0,18,0,8,0,0,0,0,1,1,6,1,62,9,1242,1,10,8,2
201411SK08324,1,9,0,14,0,0,0,0,0,0,1,1,6,2,24,5,1868,2,13,-1,-1
201411SK08324,2,9,0,18,0,0,0,0,0,0,1,1,6,1,82,11,1341,1,13,4,1
201411SK08384,1,9,0,18,0,0,1,0,7,11,1,1,2,1,23,5,1360,1,4,3,1
201411SK08674,1,9,0,9,0,1,0,0,0,0,3,1,6,1,21,5,1229,1,10,3,1
201411SK08674,2,1,0,18,0,1,0,0,0,0,1,1,6,1,43,7,-1,-1,-1,3,3
201411SK08834,1,19,0,9,0,8,0,0,0,0,1,1,1,1,48,8,2299,2,1,-1,3
201411SK08834,2,9,0,18,0,1,0,0,0,0,3,1,3,2,44,7,1399,1,4,3,2
201411SK08994,1,19,0,17,0,0,2,0,1,0,4,1,2,1,60,9,1560,2,1,3,1
201411SK09014,1,9,0,18,0,0,0,0,0,0,1,1,6,2,50,8,998,1,4,2,1
201411SK09014,2,9,0,4,0,0,0,0,0,0,2,1,6,2,50,8,1868,2,15,2,1
201411SK09114,1,9,0,18,0,1,0,0,0,0,1,1,6,1,49,8,1986,2,9,7,1
201411SK09114,2,9,0,3,0,1,0,0,0,0,2,1,6,1,47,8,1198,1,1,4,2
201411SK09674,1,9,0,5,0,1,0,0,0,0,4,1,6,1,21,5,1998,1,10,9,1
201411SK09674,2,19,0,18,0,1,0,0,1,0,1,1,6,1,22,5,1870,2,11,5,2
201411SK09694,1,5,0,18,0,3,0,0,0,0,1,1,6,1,68,10,1100,1,19,7,2
201411SK09694,2,9,0,18,0,4,0,0,1,0,3,1,2,2,46,8,1995,2,4,2,2
201411SK10234,1,19,0,18,0,0,0,0,0,0,3,1,6,1,56,9,1995,2,2,2,2
201411SK10274,1,9,0,3,0,4,0,0,0,0,1,1,6,1,25,5,1598,1,2,2,1
201411SK10274,2,9,0,3,0,4,0,0,0,0,2,1,6,2,57,9,1596,1,6,2,1
201411SK10304,1,9,0,9,0,8,0,0,0,0,3,1,6,1,52,8,2993,2,2,10,1
201411SK10304,2,9,0,18,0,8,0,0,0,0,1,1,6,2,42,7,1998,2,5,4,2
201411SK10334,1,9,0,3,0,4,0,0,0,0,1,1,1,1,-1,-1,1388,1,4,2,1
201411SK10334,2,9,0,3,0,4,0,0,0,0,2,1,1,1,18,4,1598,1,8,3,1
201411SK10344,1,9,0,16,0,0,0,0,0,0,1,1,6,1,29,6,1968,2,4,2,3
201411SK10344,2,9,0,16,0,0,0,0,0,0,2,1,6,1,56,9,1248,2,6,4,1
201411SK11174,1,19,0,1,0,0,0,0,0,0,2,1,1,1,33,6,2148,2,6,1,1
201411SK11684,1,9,0,9,0,1,0,0,0,0,2,1,6,2,64,9,1598,1,13,3,1
201411SK11684,2,2,0,18,0,1,0,0,0,0,1,1,6,1,16,4,50,1,2,4,1
201411SK11794,1,9,0,18,0,1,0,0,0,0,1,1,6,1,49,8,1984,1,11,3,1
201411SK11794,2,9,0,8,0,1,0,0,0,0,2,1,6,2,53,8,1753,2,8,7,1
201411SK12614,1,9,0,18,0,4,0,0,0,0,1,1,6,2,66,10,1590,1,10,5,1
201411SK12614,2,9,0,18,0,8,1,0,0,0,4,1,6,1,18,4,1199,1,12,9,2
201411SK13264,1,9,0,18,0,1,0,0,0,0,1,1,6,2,38,7,1796,1,11,9,1
201411SK13264,2,9,0,10,0,1,0,0,0,0,2,1,6,1,74,10,1560,2,1,3,1
201411SK13304,1,9,0,13,0,8,2,10,7,0,1,1,6,1,38,7,2402,2,4,9,3
201411SK13304,2,9,0,9,0,8,0,0,0,0,3,1,1,1,54,8,-1,-1,-1,1,1
201411SK13374,1,9,0,18,0,1,0,0,0,0,1,1,6,2,44,7,1397,1,4,2,1
201411SK13514,1,9,0,9,0,8,0,0,0,0,1,1,1,2,59,9,1997,2,13,3,1
201411SK13694,1,9,0,18,0,0,2,0,1,4,3,1,6,2,26,6,1198,1,6,10,2
201411SK13804,1,9,0,18,0,8,0,0,7,0,4,1,6,1,24,5,1910,2,6,1,2
201411SK13804,2,9,0,18,0,8,0,0,1,0,1,1,6,1,23,5,1388,1,11,4,1
201411SK13944,1,9,0,18,0,8,0,0,0,0,1,1,6,2,25,5,1390,1,14,2,2
201411SK14414,1,3,0,18,0,8,0,0,0,0,1,1,6,1,17,4,125,1,-1,2,1
201411SK14414,2,2,0,9,0,8,0,0,0,0,2,1,6,1,18,4,49,1,1,9,1
201411SK15344,1,10,0,9,0,6,0,0,0,0,1,1,1,1,49,8,-1,-1,-1,3,1
201411SK15344,2,9,0,18,0,8,0,0,0,0,4,1,2,1,58,9,1999,1,7,2,1
201411SK15574,1,9,0,17,0,0,0,0,7,4,3,1,6,1,21,5,998,1,6,4,2
201411SK15764,1,9,0,13,0,8,0,0,0,0,4,1,6,2,45,7,-1,-1,-1,-1,2
201411SK15764,2,9,0,9,0,8,0,0,0,0,1,1,6,1,49,8,1896,2,8,-1,2
201411SK16114,1,9,0,18,0,1,0,0,0,0,1,1,6,1,21,5,1997,2,5,1,1
201411SK16114,2,9,0,18,0,1,0,0,0,0,2,1,6,1,50,8,-1,-1,-1,1,2
201411SK16114,3,9,0,18,0,2,0,0,0,0,3,1,2,1,26,6,1248,1,2,9,1
201411SK16324,1,1,0,18,0,0,0,4,0,0,1,1,2,1,23,5,-1,-1,-1,2,1
201411SK16324,2,19,0,2,0,0,0,0,0,0,2,1,1,1,43,7,1753,2,9,6,1
201411SK16834,1,9,0,16,0,0,0,0,7,10,1,1,6,1,28,6,1798,1,11,1,1
201411SK17614,1,9,0,18,0,0,0,0,0,0,3,1,6,1,22,5,1360,1,14,4,1
201411SK17644,1,9,0,4,7,0,0,4,0,0,1,1,6,1,74,10,1242,1,2,1,1
201411SK17644,2,9,0,2,6,0,0,0,0,0,2,1,6,1,23,5,1997,2,11,2,1
201411SK17684,1,1,0,18,0,0,0,0,0,0,1,1,6,1,6,2,-1,-1,-1,2,1
201411SK17684,2,9,0,18,0,0,0,0,0,0,1,1,6,1,72,10,1560,2,5,2,1
201411SK18074,1,9,0,18,0,1,0,0,0,0,1,1,6,2,-1,-1,1870,2,11,4,1
201411SK18074,2,9,0,3,0,1,0,0,0,0,2,1,1,2,36,7,1560,2,2,9,1
201411SK18204,1,9,0,13,0,8,0,0,0,0,4,1,1,1,41,7,1968,2,4,3,1
201411SK18204,2,9,0,9,0,8,0,10,1,2,3,1,1,1,49,8,2494,1,12,2,2
201411SK18284,1,9,0,9,0,6,0,0,0,0,3,1,6,1,61,9,1796,1,7,6,1
201411SK18284,2,5,0,18,0,8,0,0,0,0,1,1,6,1,42,7,738,1,11,4,3
201411SK19294,1,9,0,18,0,1,0,0,0,0,1,1,6,1,19,4,1149,1,15,3,1
201411SK19294,2,9,0,3,0,1,0,0,0,0,2,1,6,2,46,8,1995,2,10,5,3
201411SK19324,1,9,0,18,0,0,1,0,0,0,1,1,6,1,29,6,989,1,10,2,1
201411SK19324,2,9,0,18,0,0,0,0,0,0,1,1,6,2,35,6,1968,2,6,9,1
201411SK19714,1,1,0,18,0,2,0,0,0,0,1,1,6,1,21,5,-1,-1,-1,4,2
201411SK19714,2,21,1,18,0,2,0,0,0,0,4,1,1,1,65,9,12130,2,9,1,1
201411SK20044,1,11,0,2,3,0,0,0,0,0,0,1,1,1,49,8,6700,2,1,2,1
201411SK20324,1,9,0,9,0,8,0,0,0,0,3,1,2,2,20,4,1242,1,12,2,1
201411SK20324,2,3,0,18,0,8,0,0,0,0,1,1,6,1,39,7,124,1,1,1,1
201411SK20564,1,9,0,9,0,8,0,0,0,0,4,1,6,1,34,6,1242,1,10,4,1
201411SK20564,2,9,0,18,0,1,0,0,0,0,1,1,6,1,19,4,1248,2,10,4,1
201411SK20564,3,9,0,18,0,1,0,0,0,0,1,1,6,1,54,8,1596,1,12,2,1
201411SK21004,1,19,0,18,0,1,0,0,0,0,1,1,6,1,37,7,2143,2,-1,4,1
201411SK21004,2,9,0,10,0,8,0,0,0,0,2,1,6,1,62,9,1390,1,13,2,1
201411SK21164,1,9,0,18,0,0,0,0,0,0,4,1,6,2,20,4,1242,1,-1,3,1
201411SK21334,1,9,0,6,0,0,0,0,0,0,3,1,2,1,53,8,1560,2,4,3,1
201411SK21334,2,3,0,14,0,0,0,0,0,0,1,1,6,1,18,4,-1,-1,-1,8,3
201411SK21594,1,9,0,12,0,8,1,0,0,0,2,1,6,2,45,7,1910,2,6,4,2
201411SK21594,2,9,0,13,0,8,1,0,8,6,1,1,6,2,23,5,1956,2,4,9,2
201411SK21594,3,21,1,18,0,8,0,0,0,0,0,1,6,1,51,8,4751,2,13,3,1
201411SK21694,1,9,0,9,0,8,0,0,0,0,4,1,2,1,70,10,1598,2,3,8,2
201411SK21694,2,19,0,18,0,8,0,0,0,0,1,1,2,1,65,9,2148,2,8,4,2
201411SK21744,1,9,0,12,0,8,0,0,0,0,1,1,6,1,48,8,1560,2,-1,2,1
201411SK21744,2,1,0,18,0,8,0,0,0,0,2,1,6,1,44,7,-1,-1,-1,7,3
201411SK22004,1,21,1,18,0,8,0,0,0,0,0,1,6,3,-1,-1,-1,-1,-1,-1,-1
201411SK22004,2,9,0,5,0,8,0,0,1,4,1,1,6,1,32,6,1461,2,3,3,1
201411SK22364,1,9,0,18,0,1,0,0,0,0,4,1,6,3,-1,-1,-1,-1,-1,-1,-1
201411SK22664,1,9,0,18,0,0,0,0,0,0,1,1,6,2,30,6,1598,1,11,4,1
201411SK22664,2,9,0,3,0,0,0,0,0,0,2,1,6,1,71,10,1587,1,7,4,1
201411SK22674,1,9,0,18,0,1,0,0,0,0,1,1,6,2,75,10,1398,2,10,1,1
201411SK22674,2,9,0,8,0,1,0,0,0,0,2,1,6,1,33,6,1248,1,2,2,1
201411SK22744,1,19,0,14,0,8,0,0,0,0,0,1,1,3,-1,-1,2198,2,1,-1,-1
201411SK22744,2,5,0,18,0,8,1,0,0,0,4,1,6,1,50,8,-1,-1,-1,3,1
201411SK22784,1,11,0,5,0,1,0,0,0,0,0,1,1,1,42,7,6700,2,1,-1,-1
201411SK23654,1,9,0,18,0,1,1,0,0,0,1,1,6,1,-1,-1,2495,2,23,2,2
201411SK23654,2,19,0,3,0,1,0,0,0,0,2,1,1,1,59,9,2460,2,5,7,2
201411SK23664,1,9,0,9,0,8,0,0,0,0,1,1,6,1,32,6,-1,-1,-1,3,1
201411SK23664,2,9,0,18,0,8,0,0,0,0,1,1,6,2,18,4,1229,1,5,4,1
201411SK23884,1,9,0,18,0,8,1,0,1,1,1,1,2,1,19,4,1360,1,9,8,1
201411SK23884,2,5,0,18,0,8,0,0,0,0,4,1,2,1,22,5,1000,1,3,3,2
201411SK24504,1,9,0,18,0,2,0,0,0,0,1,1,6,1,21,5,1896,2,13,5,1
201411SK24644,1,9,0,18,0,1,0,0,0,0,1,1,1,2,59,9,1248,1,1,6,1
201411SK24644,2,9,0,3,0,1,0,0,0,0,2,1,1,2,44,7,1397,1,4,4,1
201411SK25004,1,9,0,18,0,0,0,0,0,0,1,1,1,1,25,5,1956,2,2,3,1
201411SK25004,2,1,0,18,0,0,0,0,1,0,2,1,6,1,33,6,-1,-1,-1,2,1
201411SK25004,3,1,0,18,0,0,0,0,0,0,3,1,6,1,46,8,-1,-1,-1,7,2
201411SK25444,1,9,0,18,0,1,0,0,0,0,1,1,6,2,18,4,998,1,8,-1,1
201411SK25444,2,9,0,10,0,8,0,0,0,0,2,1,6,1,27,6,1896,2,12,2,2
201411SK25644,1,9,0,9,0,8,0,0,0,0,3,1,6,1,66,10,1386,1,2,9,2
201411SK25644,2,9,0,18,0,8,0,0,0,0,1,1,6,2,71,10,1490,1,9,4,1
201411SK26034,1,9,0,17,0,0,0,0,0,0,1,1,6,3,-1,-1,-1,-1,-1,-1,-1
201411SK26034,2,9,0,16,0,0,0,0,0,0,3,1,6,1,23,5,1229,1,7,7,1
201411SK26214,1,9,0,9,0,8,0,0,0,0,1,1,6,2,17,4,998,1,5,2,2
201411SK26214,2,9,0,18,0,8,0,0,0,0,1,1,2,1,20,4,1149,1,13,2,2
201411SK26534,1,9,0,13,0,0,0,0,1,11,1,1,6,1,21,5,1896,2,9,2,1
201411SK26534,2,9,0,18,0,0,0,0,0,0,1,1,1,1,46,8,1896,2,9,1,1
201411SK26534,3,19,0,18,0,0,0,0,0,0,0,1,6,1,-1,-1,2402,2,10,1,1
201411SK27014,1,9,0,18,0,1,0,0,0,0,1,1,6,1,46,8,1599,1,10,6,1
201411SK27014,2,9,0,3,0,1,0,0,0,0,2,1,6,2,34,6,1248,1,-1,2,1
201411SK27324,1,21,1,9,0,8,0,0,0,0,3,1,1,1,23,5,-1,-1,-1,-1,-1
201411SK27324,2,9,0,15,0,8,0,0,0,0,4,1,2,1,21,5,1896,2,11,6,1
201411SK27874,1,9,0,18,0,1,1,0,0,0,1,1,2,2,28,6,1796,1,11,3,1
201411SK27874,2,9,0,3,0,1,0,0,0,0,2,1,2,1,41,7,1396,1,5,4,1
201411SK27874,3,9,0,3,0,1,0,0,0,0,2,1,2,2,32,6,1587,1,9,2,1
201411SK28444,1,9,0,14,0,0,0,0,0,0,1,1,6,1,26,6,1995,2,4,2,1
201411SK28764,1,9,0,7,0,2,1,0,0,0,1,1,6,1,25,5,1124,1,14,4,1
201411SK28764,2,9,0,18,0,1,0,0,0,0,1,1,6,2,19,4,1242,1,-1,4,1
201411SK28884,1,9,0,9,0,8,0,0,0,0,1,1,6,2,50,8,1399,2,7,4,1
201411SK28954,1,11,0,18,0,0,0,0,0,0,1,1,1,1,55,8,12816,5,1,-1,1
201411SK28954,2,1,0,18,0,0,0,0,0,0,3,1,6,1,16,4,-1,-1,-1,5,1
201411SK29504,1,9,0,7,0,2,0,0,0,0,1,1,6,3,-1,-1,-1,-1,-1,-1,-1
201411SK31194,1,9,0,18,0,0,0,0,0,0,1,1,6,3,-1,-1,-1,-1,-1,-1,-1
201411SL00174,1,9,0,7,0,6,0,0,0,0,3,1,6,1,91,11,1497,8,1,2,1
201411SL00174,2,9,0,18,0,8,0,0,7,0,1,1,6,1,59,9,1997,2,13,10,1
201411SL00244,1,9,0,9,0,2,0,0,0,0,1,1,6,1,43,7,1587,1,8,2,1
201411SL00734,1,3,0,18,0,1,0,0,0,0,1,1,6,1,31,6,124,1,10,2,1
201411SL00734,2,9,0,9,0,5,0,0,0,0,3,1,6,2,33,6,-1,-1,-1,3,2
201411SL00864,1,9,0,18,0,0,0,0,0,0,1,1,6,2,24,5,1984,1,14,4,1
201411SL00864,2,9,0,18,0,0,1,0,0,0,1,1,6,1,45,7,1495,1,12,4,1
201411SL01624,1,9,0,17,0,0,0,0,0,0,1,1,6,1,26,6,1587,1,8,-1,1
201411SL01624,2,1,0,16,0,0,0,0,0,0,1,1,6,1,44,7,-1,-1,-1,9,2
201411SL02614,1,9,0,18,0,0,0,0,0,0,2,1,6,1,38,7,1598,2,3,2,1
201411SL02614,2,9,0,18,0,0,0,0,0,0,1,1,3,2,31,6,2401,2,10,3,1
201411SL03234,1,8,0,16,0,0,2,0,1,0,0,1,1,1,55,8,1686,2,11,7,1
201411SL03244,1,9,0,9,0,6,0,0,0,0,1,1,6,2,62,9,1390,1,2,2,1
201411SL03244,2,3,0,18,0,8,0,0,0,0,1,1,2,1,22,5,125,1,4,2,1
201411SL04274,1,9,0,18,0,0,0,0,0,0,1,1,6,2,23,5,1341,1,9,-1,1