Accident_Index,Vehicle_Reference,Vehicle_Type,Towing_and_Articulation,Vehicle_Manoeuvre,Vehicle_Location-Restricted_Lane,Junction_Location,Skidding_and_Overturning,Hit_Object_in_Carriageway,Vehicle_Leaving_Carriageway,Hit_Object_off_Carriageway,1st_Point_of_Impact,Was_Vehicle_Left_Hand_Drive?,Journey_Purpose_of_Driver,Sex_of_Driver,Age_of_Driver,Age_Band_of_Driver,Engine_Capacity_(CC),Propulsion_Code,Age_of_Vehicle,Driver_IMD_Decile,Driver_Home_Area_Type
201411SL04414,1,19,0,18,0,1,0,0,0,0,1,1,1,1,60,9,1248,2,3,2,1
201411SL04414,2,9,0,3,0,1,0,0,0,0,2,1,2,1,45,7,1390,1,4,7,3
201411SL04414,3,9,0,3,0,1,0,0,0,0,2,1,2,2,55,8,1598,1,8,4,1
201411SL04654,1,9,0,18,0,1,0,0,0,0,1,1,6,3,-1,-1,1360,1,9,-1,-1
201411SL04654,2,9,0,2,9,1,0,0,0,0,1,1,6,3,-1,-1,1390,1,13,-1,-1
201411SL04934,1,9,0,18,0,1,0,0,0,0,1,1,6,1,20,4,1360,1,12,2,1
201411SL04934,2,9,0,3,0,1,0,0,0,0,2,1,6,2,37,7,1796,1,12,10,2
201411SL05614,1,9,0,3,0,1,0,0,0,0,1,1,6,2,57,9,1198,1,1,-1,-1
201411SL05614,2,9,0,17,0,2,0,0,0,0,4,1,1,2,27,6,3199,1,9,3,1
201411SL07504,1,9,0,18,0,2,0,0,0,0,4,1,6,3,-1,-1,-1,-1,-1,-1,-1
201411SL07654,1,9,0,18,0,0,0,0,0,0,4,1,6,1,81,11,1461,2,5,4,1
201411SL07674,1,9,0,10,0,1,0,0,0,0,1,1,6,1,64,9,1998,1,10,2,1
201411SL07674,2,9,0,10,0,1,0,0,0,0,2,1,6,1,37,7,1584,1,8,3,1
201411SL08174,1,9,0,1,0,1,0,0,0,0,2,1,6,1,24,5,1198,1,6,6,1
201411SL08174,2,9,0,3,0,1,0,0,0,0,1,1,6,2,25,5,1598,1,10,8,3
201411SL08794,1,9,0,4,0,1,0,0,0,0,0,1,6,1,30,6,1896,1,17,2,2
201411SL08794,2,9,0,18,0,1,0,0,0,0,0,1,6,2,38,7,2497,2,3,2,2
201411SL08964,1,9,0,18,0,0,0,0,0,0,1,1,2,1,24,5,1242,1,12,3,1
201411SL08964,2,9,0,3,0,0,0,0,0,0,2,1,2,1,38,7,1598,1,8,2,1
201411SL08964,3,9,0,3,0,0,0,0,0,0,2,1,2,2,28,6,1956,2,5,4,3
201411SL10364,1,9,0,18,0,8,0,0,0,0,1,1,6,1,26,6,1461,2,3,-1,3
201411SL10364,2,19,0,18,0,8,0,0,0,0,2,1,2,1,28,6,2198,2,2,9,2
201411SL10414,1,9,0,18,0,0,0,0,0,0,1,1,1,1,34,6,1596,1,11,2,2
201411SL10414,2,9,0,18,0,0,0,0,0,0,1,1,1,1,51,8,2497,1,11,4,2
201411SL10414,3,9,0,4,0,0,0,0,0,0,2,1,1,1,52,8,1396,1,-1,5,2
201411SL10414,4,9,0,4,0,0,0,0,0,0,2,1,1,1,46,8,3628,2,6,9,1
201411SL10444,1,9,0,18,0,0,0,0,0,0,1,1,6,1,55,8,1199,2,4,2,1
201411SL10444,2,9,0,18,0,0,0,0,7,4,4,1,6,1,55,8,1461,2,4,2,1
201411SL11804,1,9,0,18,0,2,0,0,0,0,1,1,6,2,37,7,1149,1,8,2,2
201411SL12254,1,21,1,18,0,4,0,0,0,0,1,1,1,1,46,8,12777,2,1,1,1
201411SL12254,2,9,0,18,0,8,0,0,0,0,4,1,6,2,71,10,1242,1,4,3,2
201411SL12364,1,9,0,9,0,4,0,0,0,0,1,1,6,1,60,9,1598,1,9,8,1
201411SL12364,2,19,0,9,0,4,0,0,0,0,3,1,1,1,24,5,1686,2,9,3,2
201411SL12694,1,19,0,18,0,1,1,0,0,0,3,1,6,3,-1,-1,-1,-1,-1,-1,-1
201411SL12964,1,9,0,18,0,8,0,0,0,0,1,1,6,1,36,7,1896,2,12,2,1
201411SL12964,2,1,0,18,0,8,0,0,0,0,3,1,6,1,17,4,-1,-1,-1,4,1
201411SL13474,1,9,0,9,0,6,0,0,0,0,4,1,6,1,30,6,1368,1,10,2,1
201411SL16724,1,19,0,9,0,8,0,0,0,0,1,1,6,1,59,9,1560,2,3,3,1
201411SL16724,2,9,0,17,0,8,0,0,0,0,4,1,2,2,43,7,1242,1,4,9,2
201411SL16874,1,9,0,1,6,0,0,0,0,0,2,1,6,2,33,6,1199,2,4,4,3
201411SL16914,1,9,0,18,0,0,0,0,0,0,1,1,2,1,21,5,1349,1,-1,5,1
201411SL16914,2,9,0,18,0,0,0,0,0,0,2,1,2,2,35,6,1598,1,6,4,2
201411SL16924,1,9,0,7,0,0,0,0,0,0,0,1,6,3,-1,-1,-1,-1,-1,-1,-1
201411SL16924,2,21,0,18,0,0,0,0,0,0,0,1,6,3,-1,-1,-1,-1,-1,-1,-1
201411SL16924,3,11,0,18,0,0,0,0,0,0,0,1,1,1,42,7,4250,2,6,4,1
201411SL16954,1,9,0,16,0,0,0,0,7,10,1,1,6,1,24,5,1388,1,9,2,1
201411SL16954,2,9,0,17,0,0,0,0,2,10,3,1,6,1,66,10,4461,2,1,4,3
201411SL16964,1,19,0,13,0,0,0,0,0,0,4,1,1,1,32,6,2198,2,1,10,1
201411SL16964,2,1,0,18,0,0,0,0,0,0,3,1,6,1,37,7,-1,-1,-1,5,1
201411SL17144,1,9,0,9,0,6,0,0,0,0,3,1,1,1,57,9,1997,2,10,2,1
201411SL17144,2,4,0,18,0,1,1,0,0,0,1,1,1,1,50,8,883,1,11,4,1
201411SL17304,1,9,0,18,0,1,0,0,0,0,1,1,6,1,29,6,1753,2,13,1,1
201411SL17304,2,9,0,10,0,8,0,0,0,0,2,1,6,1,61,9,-1,-1,-1,2,1
201411SL17304,3,9,0,15,0,1,0,0,0,0,0,1,6,3,-1,-1,-1,-1,-1,-1,-1
201411SL17954,1,9,0,16,0,0,0,0,0,0,1,1,6,3,-1,-1,-1,-1,-1,-1,-1
201411SL18364,1,9,0,18,0,1,0,0,0,0,1,1,6,1,58,9,-1,-1,-1,4,3
201411SL18364,2,19,0,7,0,1,0,0,0,0,4,1,6,1,45,7,2402,2,4,3,1
201411SL18374,1,3,0,18,0,6,0,0,0,0,1,1,6,1,16,4,-1,-1,-1,2,1
201411SL18374,2,9,0,2,0,2,0,0,0,0,3,1,6,2,-1,-1,1360,1,10,-1,-1
201411SL18864,1,9,0,7,0,6,0,0,0,0,3,1,6,1,50,8,1870,2,10,2,1
201411SL18864,2,9,0,18,0,1,0,0,0,0,1,1,1,2,53,8,1560,2,2,10,1
201411SL18944,1,9,0,9,0,8,0,0,0,0,3,1,6,2,25,5,1596,1,11,1,2
201411SL18944,2,3,0,18,0,8,0,0,0,0,1,1,6,1,27,6,124,1,-1,-1,1
201411SL18954,1,9,0,13,0,0,0,0,0,0,3,1,6,1,-1,-1,-1,-1,-1,3,1
201411SL18954,2,97,0,13,0,0,0,0,0,0,4,1,1,1,42,7,996,1,11,4,1
201411SL18984,1,9,0,9,0,8,0,0,0,0,4,1,6,1,51,8,1896,2,5,8,1
201411SL18984,2,3,0,18,0,8,0,0,0,0,1,1,2,1,19,4,125,1,-1,3,2
201411SL19354,1,3,0,18,0,8,0,0,0,0,1,1,6,1,19,4,124,1,9,2,1
201411SL19354,2,9,0,18,0,8,0,0,1,0,3,1,6,2,21,5,998,1,2,1,1
201411SL19364,1,19,0,9,0,8,0,10,0,0,3,1,2,1,40,7,2198,2,-1,8,1
201411SL19364,2,9,0,18,0,8,0,0,0,0,1,1,6,1,60,9,1997,2,5,2,1
201411SL19864,1,9,0,13,0,0,0,0,0,0,0,1,6,1,71,10,-1,-1,-1,3,1
201411SL19864,2,5,0,13,0,0,1,0,0,0,0,1,2,1,46,8,599,1,15,1,1
201411SL20894,1,9,0,5,0,0,0,0,0,0,0,1,6,1,78,11,1461,2,-1,2,2
201411SL21024,1,9,0,18,0,8,0,0,0,0,1,1,6,3,-1,-1,-1,-1,-1,-1,-1
201411SL21704,1,9,0,18,0,1,0,0,0,0,1,1,6,2,-1,-1,-1,-1,-1,-1,-1
201411SL21704,2,9,0,3,0,1,0,0,0,0,2,1,6,2,48,8,1149,1,13,2,2
201411SL21714,1,9,0,9,0,3,0,0,0,0,4,1,6,1,-1,-1,1242,1,8,-1,-1
201411SL21714,2,9,0,9,0,3,0,0,0,0,3,1,6,2,30,6,1198,1,6,1,1
201411SL21724,1,9,0,15,0,8,0,0,0,0,1,1,6,3,-1,-1,-1,-1,-1,-1,-1
201411SL21724,2,1,0,10,0,8,0,0,0,0,2,1,6,1,32,6,-1,-1,-1,5,3
201411SL21844,1,9,0,18,0,2,0,0,0,0,1,1,6,1,-1,-1,-1,-1,-1,-1,-1
201411SL23544,1,9,0,18,0,0,1,0,0,0,1,1,1,2,56,9,1328,1,7,7,1
201411SL23544,2,20,0,18,0,0,0,0,0,0,3,1,1,1,41,7,-1,-1,-1,9,1
201411SL23544,3,9,0,18,0,0,0,0,0,0,2,1,1,1,-1,-1,-1,-1,-1,-1,-1
201411SL23544,4,9,0,18,0,0,0,0,0,0,2,1,1,1,44,7,1997,2,1,3,1
201411SL23544,5,19,0,1,0,0,0,0,0,0,2,1,1,1,39,7,-1,-1,-1,-1,-1
201411SL23604,1,9,0,18,0,8,0,0,0,0,3,1,6,1,26,6,1995,2,7,-1,1
201411SL23604,2,9,0,13,0,8,1,0,8,1,4,1,6,1,37,7,4163,1,10,4,1
201411SL25254,1,9,0,9,0,8,0,0,0,0,1,1,3,2,36,7,1995,2,6,4,1
201411SL25254,2,9,0,18,0,8,1,0,1,0,3,1,6,1,20,4,973,1,13,2,1
201411SL25704,1,9,0,18,0,2,0,0,0,0,1,1,6,1,40,7,1997,2,15,8,1
201411SL25704,2,9,0,18,0,1,0,0,0,0,1,1,6,2,57,9,1896,2,11,2,1
201411SL26204,1,9,0,9,0,8,0,0,0,0,3,1,6,2,52,8,1229,1,6,2,1
201411SL26304,1,9,0,18,0,1,0,0,0,0,3,1,6,2,27,6,-1,-1,-1,8,1
201411SL26304,2,1,0,18,0,4,0,0,0,0,1,1,6,1,56,9,-1,-1,-1,8,1
201411SL26544,1,9,0,18,0,8,0,0,0,0,3,1,1,1,53,8,1997,2,10,8,2
201411SL26544,2,1,0,18,0,8,1,0,0,0,1,1,1,1,58,9,-1,-1,-1,4,1
201411SL26694,1,9,0,18,0,2,0,0,0,0,1,1,6,3,-1,-1,-1,-1,-1,-1,-1
201411SL26964,1,9,0,18,0,0,0,0,0,0,1,1,6,3,-1,-1,1998,1,12,-1,-1
201411SL26964,2,21,0,3,0,0,0,0,0,0,2,1,1,1,49,8,4500,2,7,3,2
201411SL27464,1,3,0,18,0,0,0,0,0,0,1,1,6,1,53,8,125,1,6,4,1
201411SL27464,2,9,0,3,0,0,0,0,0,0,2,1,6,1,45,7,-1,-1,-1,5,3
201411SL27694,1,9,0,18,0,1,0,0,0,0,1,1,6,1,22,5,1229,1,1,5,1
201411SL27694,2,9,0,3,0,1,0,0,0,0,2,1,6,2,45,7,1870,2,11,5,1
201411SL28914,1,9,0,18,0,1,0,0,0,0,1,1,1,2,47,8,1108,1,11,2,1
201411SL28914,2,8,0,3,0,1,0,0,0,0,2,1,1,1,56,9,1598,1,2,2,2
201411SL28914,3,9,0,3,0,1,0,0,0,0,2,1,6,1,50,8,-1,-1,-1,3,1
201411SL28984,1,9,0,18,0,0,0,0,0,0,1,1,1,1,38,7,1490,1,7,2,1
201411SL28984,2,9,0,3,0,0,0,0,0,0,2,1,6,2,37,7,1896,2,9,3,2
201411SL28984,3,9,0,3,0,0,0,0,0,0,2,1,1,1,56,9,1995,2,9,5,3
201411SL28984,4,9,0,3,0,0,0,0,0,0,2,1,1,2,48,8,1995,2,10,2,1
201411SL29384,1,9,0,16,0,0,0,0,0,0,1,1,6,2,38,7,1595,1,14,4,2
201411SL29384,2,9,0,16,0,0,0,0,0,0,2,1,6,1,35,6,1896,2,17,1,1
201411SL29814,1,9,0,18,0,0,0,0,0,0,1,1,6,2,22,5,1242,1,5,2,1
201411SL29814,2,9,0,18,0,0,0,0,0,0,2,1,6,1,61,9,-1,-1,-1,2,1
201411SL29814,3,9,0,18,0,0,2,0,0,0,1,1,6,1,53,8,1389,1,10,2,1
201411SL31014,1,9,0,9,0,5,0,0,0,0,1,1,6,2,68,10,1995,2,-1,2,1
201411SL31014,2,9,0,8,0,1,0,0,0,0,1,1,6,2,35,6,1198,1,7,5,1
201411SL31184,1,9,0,18,0,0,0,0,0,0,0,1,1,3,-1,-1,-1,-1,-1,-1,-1
201411SL31184,2,9,0,18,0,0,0,0,0,10,3,1,6,1,37,7,1086,1,11,3,1
2014120000046,1,9,0,16,0,0,0,0,0,0,3,1,6,1,29,6,1796,1,13,2,1
2014120000046,2,9,0,17,0,0,0,0,0,0,3,1,6,1,48,8,998,1,5,1,1
2014120000046,3,9,0,17,0,0,0,0,1,0,1,1,6,2,45,7,1560,2,3,5,3
2014120000046,4,8,0,17,0,0,0,0,0,0,1,1,1,1,56,9,1598,2,3,2,2
2014120000049,1,9,0,18,0,8,0,0,0,0,0,1,1,3,-1,-1,-1,-1,-1,-1,-1
2014120000186,1,9,0,18,0,2,0,0,0,0,1,1,6,2,22,5,1995,2,8,1,1
2014120000186,2,9,0,2,0,2,0,0,0,0,2,1,6,2,21,5,1686,2,12,10,1
2014120000352,1,9,0,17,0,0,2,0,7,10,1,1,2,1,45,7,1598,1,7,-1,-1
2014120000365,1,9,0,4,0,1,0,0,0,0,1,1,6,2,46,8,1206,1,2,6,2
2014120000365,2,9,0,10,0,1,0,0,0,0,2,1,6,1,69,10,2720,2,6,4,1
2014120000494,1,9,0,18,0,0,0,0,0,0,1,1,6,1,-1,-1,-1,-1,-1,-1,-1
2014120000572,1,9,0,6,0,8,0,0,0,0,0,1,6,1,19,4,1242,1,13,8,3
2014120000572,2,9,0,18,0,8,2,10,1,10,1,1,6,1,24,5,-1,-1,-1,4,1
2014120000967,1,9,0,18,0,1,0,0,0,0,1,1,6,2,59,9,1598,1,2,10,1
2014120000967,2,9,0,3,0,1,0,0,0,0,2,1,6,1,72,10,2720,2,8,8,3
2014120000988,1,9,0,9,0,8,0,0,0,0,4,1,6,2,61,9,1598,1,15,10,1
2014120000988,2,5,0,5,0,8,0,0,0,0,1,1,1,1,35,6,599,1,15,8,1
2014120001031,1,9,0,4,0,0,0,0,0,0,1,1,6,1,50,8,-1,-1,-1,5,1
2014120001031,2,9,0,4,0,0,0,0,0,0,2,1,6,1,48,8,2698,2,8,7,3
2014120001311,1,9,0,18,0,0,2,0,2,10,1,1,1,1,23,5,1587,1,9,7,3
2014120001311,2,19,0,18,0,0,0,0,0,0,1,1,1,1,27,6,2198,2,6,5,1
2014120001606,1,9,0,17,0,0,1,0,4,6,4,1,6,2,21,5,-1,-1,-1,7,1
2014120001606,2,9,0,17,0,0,1,0,0,0,1,1,1,1,58,9,1364,1,4,3,1
2014120001606,3,9,0,17,0,0,0,0,0,0,0,1,6,3,-1,-1,-1,-1,-1,-1,-1
2014120001924,1,9,0,15,0,1,0,0,0,0,4,1,6,3,-1,-1,-1,-1,-1,-1,-1
2014120001924,2,9,0,10,0,1,0,0,0,0,0,1,6,3,-1,-1,-1,-1,-1,-1,-1
2014120001949,1,9,0,16,0,7,1,0,0,0,3,1,1,2,25,5,-1,-1,-1,7,1
2014120001949,2,9,0,18,0,1,0,0,0,0,3,1,1,2,21,5,1299,1,12,8,3
2014120001952,1,9,0,18,0,1,0,0,0,0,1,1,6,2,34,6,1396,1,11,1,1
2014120002065,1,9,0,18,0,1,0,0,0,0,4,1,6,2,81,11,998,1,10,6,2
2014120002065,2,9,0,9,0,1,0,0,0,0,1,1,6,1,24,5,1994,1,13,5,3
2014120002129,1,9,0,9,0,1,0,0,0,0,1,1,1,1,25,5,1956,2,5,-1,-1
2014120002411,1,9,0,9,0,5,0,0,0,0,1,1,6,1,75,10,1870,2,10,-1,1
2014120002411,2,1,0,18,4,1,0,0,0,0,3,1,6,1,33,6,-1,-1,-1,-1,-1
2014120002688,1,9,0,17,0,0,2,0,7,1,1,1,6,1,19,4,-1,-1,-1,6,3
2014120003324,1,19,0,2,6,0,0,8,0,0,3,1,1,1,54,8,1753,2,8,9,1
2014120003324,2,1,0,18,0,0,0,0,0,0,4,1,6,2,50,8,-1,-1,-1,9,1
2014120003378,1,19,0,1,0,8,0,0,0,0,3,1,1,1,48,8,1753,2,9,6,2
2014120003439,1,9,0,18,0,1,0,0,0,0,1,1,6,2,69,10,1149,1,10,7,3
2014120003439,2,9,0,3,0,1,0,0,0,0,2,1,6,2,28,6,1998,2,5,-1,-1
2014120003439,3,19,0,3,0,1,0,0,0,0,2,1,1,1,46,8,-1,-1,-1,6,3
2014120003543,1,9,0,18,0,8,0,0,0,0,1,1,6,1,27,6,973,1,14,6,2
2014120003543,2,9,0,9,0,8,0,0,0,0,1,1,6,1,40,7,1984,1,7,5,2
2014120003631,1,9,0,17,0,0,0,0,0,0,1,1,6,2,43,7,2204,2,9,8,3
2014120003631,2,9,0,16,0,0,0,0,0,0,1,1,6,1,68,10,1248,2,4,8,3
2014120003672,1,9,0,18,0,0,0,0,7,0,1,1,6,1,40,7,1956,2,5,-1,2
2014120003672,2,9,0,18,0,0,0,0,1,0,1,1,6,2,40,7,1896,2,11,10,2
2014120003711,1,9,0,17,0,0,5,0,1,10,1,1,6,1,17,4,998,1,6,10,1
2014120003959,1,5,0,5,0,6,0,0,0,0,4,1,6,1,64,9,916,1,13,6,1
2014120003987,1,8,0,6,0,1,0,0,0,11,1,1,6,1,30,6,1896,2,15,5,1
2014120004009,1,9,0,13,0,1,0,0,0,0,4,1,6,2,24,5,1399,2,10,6,3
2014120004009,2,1,0,5,0,1,0,0,0,0,3,1,6,1,66,10,-1,-1,-1,7,3
2014120004061,1,19,0,2,0,0,0,0,0,0,0,1,1,1,-1,-1,-1,-1,-1,4,1
2014120004061,2,9,0,3,0,0,0,0,0,0,2,1,1,1,54,8,-1,-1,-1,7,2
2014120004061,3,9,0,2,0,0,0,0,0,0,4,1,6,2,-1,-1,1587,1,6,6,3
2014120004061,4,9,0,2,0,0,0,0,0,0,3,1,6,1,-1,-1,1596,1,5,7,3
2014120004094,1,9,0,4,0,8,0,0,0,0,1,1,6,2,54,8,1796,1,10,6,1
2014120004094,2,9,0,4,0,8,0,0,0,0,2,1,1,1,41,7,-1,-1,-1,8,1
2014120004095,1,9,0,4,0,0,0,0,0,0,1,1,1,1,40,7,-1,-1,-1,7,1
2014120004095,2,9,0,3,0,0,0,0,0,0,2,1,2,1,31,6,1796,1,3,-1,2
2014120004116,1,9,0,18,0,0,0,0,0,0,3,1,2,2,24,5,1229,1,1,4,2
2014120004155,1,9,0,9,0,1,0,0,0,0,3,1,6,1,64,9,1242,1,7,-1,-1
2014120004155,2,2,0,18,0,1,0,0,0,0,1,1,6,1,21,5,49,1,10,8,1
2014120004157,1,9,0,18,0,4,0,0,0,0,1,1,6,2,55,8,1360,1,13,7,1
2014120004157,2,1,0,18,0,3,0,0,0,0,3,1,6,1,50,8,-1,-1,-1,8,1
2014120004180,1,3,0,18,0,3,0,0,0,0,2,1,2,1,48,8,124,1,3,7,1
2014120004180,2,9,0,5,0,4,0,0,0,0,1,1,2,1,38,7,1968,2,9,7,3
2014120004301,1,21,0,18,0,0,0,11,0,0,1,1,1,1,45,7,6724,2,17,2,1
2014120004319,1,9,0,18,0,0,2,0,1,1,1,1,2,1,42,7,1149,1,12,1,1
2014120004335,1,19,0,18,0,0,0,0,0,0,4,1,1,1,28,6,2402,2,13,8,1
2014120004411,1,9,0,9,0,1,0,0,0,0,0,1,1,2,25,5,1995,2,9,8,1
2014120004411,2,9,0,18,0,1,1,0,7,0,0,1,2,1,26,6,1124,1,13,10,2
2014120004419,1,9,0,7,0,1,0,0,0,0,4,1,1,1,50,8,1995,2,8,9,1
2014120004419,2,1,0,13,4,1,0,0,0,0,1,1,2,1,46,8,-1,-1,-1,8,2
2014120004448,1,9,0,5,0,0,0,0,1,11,1,2,6,1,71,10,-1,-1,-1,8,2
2014120004483,1,9,0,18,0,1,2,0,7,0,1,1,1,1,24,5,-1,-1,-1,5,1
2014120004483,2,21,1,10,0,1,0,0,0,0,0,2,1,1,34,6,-1,-1,-1,-1,-1
2014120004642,1,9,0,9,0,1,0,0,0,0,4,1,6,1,30,6,1753,2,11,2,1
2014120004642,2,2,0,18,4,1,0,0,0,0,1,1,6,1,20,4,49,1,1,7,1
2014120004711,1,9,0,18,0,4,0,0,0,0,1,1,1,2,50,8,1598,1,4,6,1
2014120004711,2,1,0,18,0,3,0,0,0,0,4,1,1,1,40,7,-1,-1,-1,9,3
2014120004816,1,9,0,13,0,0,0,0,0,0,3,1,2,1,-1,-1,-1,-1,-1,-1,-1
2014120004816,2,1,0,18,0,0,0,0,0,0,4,1,4,2,29,6,-1,-1,-1,4,1
2014120004929,1,9,0,18,0,0,0,0,0,0,4,1,6,1,49,8,1242,1,2,8,3
2014120004929,2,1,0,18,0,0,0,0,0,0,3,1,6,1,47,8,-1,-1,-1,3,1
2014120005169,1,1,0,18,0,1,0,0,0,0,1,1,6,1,17,4,-1,-1,-1,8,2
2014120005169,2,9,0,9,0,2,0,0,0,0,1,1,6,1,20,4,1198,1,8,5,1
2014120005334,1,9,0,18,0,0,0,0,0,0,1,1,6,1,40,7,1896,2,11,10,1
2014120005334,2,9,0,18,0,0,0,0,0,0,3,1,2,1,49,8,2401,2,6,10,1
2014120005334,3,9,0,18,0,0,0,0,1,11,1,1,6,1,25,5,1596,1,2,6,1
2014120005334,4,9,0,18,0,0,0,0,0,0,3,1,6,1,42,7,2698,2,6,6,1
2014120005350,1,19,0,18,0,8,0,0,0,0,0,1,1,3,52,8,-1,-1,-1,-1,-1
2014120005350,2,21,1,18,0,8,5,0,0,0,0,1,1,1,52,8,11946,2,6,3,1
2014120005564,1,1,0,18,0,0,0,4,0,0,1,1,6,1,13,3,-1,-1,-1,10,1
2014120005564,2,9,0,2,0,0,0,0,0,0,2,1,6,3,-1,-1,-1,-1,-1,10,1
2014120005748,1,9,0,18,0,1,0,0,0,0,1,1,6,2,85,11,1229,1,8,8,3
2014120005748,2,9,0,2,0,1,0,0,0,0,2,1,6,1,64,9,1560,2,1,9,1
2014120005753,1,5,0,16,0,0,1,0,0,0,0,1,6,1,54,8,1170,1,4,8,2
2014120005986,1,9,0,18,0,0,0,0,1,9,0,1,2,1,21,5,1598,1,4,1,3
2014120006039,1,9,0,3,0,0,0,0,5,6,4,1,6,2,27,6,1796,1,7,4,1
2014120006039,2,9,0,18,0,0,0,0,0,0,1,1,6,1,42,7,1997,2,8,5,1
2014120006191,1,11,0,5,0,6,0,0,0,0,1,1,1,1,55,8,9360,2,6,9,2
2014120006191,2,9,0,5,0,6,0,0,0,0,1,1,6,1,44,7,1598,1,10,6,3
2014120006355,1,9,0,18,0,8,0,7,0,0,4,1,6,1,85,11,2184,2,8,6,3
2014120006478,1,9,0,9,0,1,1,0,0,0,3,1,2,1,45,7,1968,2,2,7,3
2014120006478,2,1,0,7,0,1,1,0,0,0,1,1,6,1,16,4,-1,-1,-1,8,1
2014120006599,1,9,0,18,0,1,0,0,0,0,1,1,6,1,67,10,1242,1,11,7,1
2014120006599,2,9,0,4,0,1,0,0,0,0,2,1,6,2,25,5,1596,1,8,5,1
2014120006599,3,9,0,3,0,1,0,0,0,0,2,1,6,1,61,9,-1,-1,-1,2,1
2014120006671,1,9,0,18,0,8,0,0,0,0,1,1,6,2,38,7,-1,-1,-1,10,3
2014120006671,2,9,0,18,0,8,0,0,0,0,4,1,6,1,34,6,1560,2,7,10,1
2014120006753,1,9,0,9,0,1,0,0,0,0,3,1,6,1,22,5,1388,1,11,9,3
2014120006753,2,9,0,18,0,8,0,0,0,0,1,1,6,2,32,6,1984,1,9,9,3
2014120006870,1,9,0,18,0,4,0,0,0,0,1,1,6,1,43,7,1587,1,13,2,1
2014120006870,2,1,0,18,0,8,0,0,0,0,4,1,6,1,19,4,-1,-1,-1,5,1
2014120007011,1,9,0,9,0,8,0,0,0,0,1,1,1,2,55,8,2435,1,12,7,1
2014120007011,2,19,0,18,0,8,0,0,0,0,3,1,1,1,27,6,1870,2,8,10,3
2014120007022,1,2,0,18,0,0,1,0,0,0,3,1,1,2,34,6,49,1,2,6,1
2014120007032,1,3,0,18,0,1,0,0,0,0,1,1,1,1,25,5,125,1,2,2,1
2014120007032,2,9,0,9,0,6,0,0,0,0,3,1,1,1,58,9,1339,8,3,3,1
2014120007157,1,20,0,18,0,0,0,0,0,0,3,1,1,1,55,8,12580,2,8,7,2
2014120007157,2,19,0,18,0,0,0,0,0,0,3,1,1,1,29,6,2148,2,7,1,1
2014120007186,1,19,0,18,0,2,0,0,0,0,3,1,1,1,46,8,2198,2,7,3,1
2014120007348,1,9,0,9,0,1,0,0,0,0,4,1,2,1,40,7,1998,2,7,3,1
2014120007348,2,1,0,9,0,1,0,0,0,0,1,1,6,1,64,9,-1,-1,-1,10,1
2014120007361,1,1,0,18,0,1,0,0,0,0,1,1,6,1,21,5,-1,-1,-1,-1,1
2014120007361,2,9,0,7,0,1,0,0,0,0,4,1,6,1,-1,-1,-1,-1,-1,-1,-1
2014120007446,1,1,0,9,0,4,0,0,0,0,4,1,4,1,17,4,-1,-1,-1,10,1
2014120007446,2,9,0,18,0,4,0,0,0,0,3,1,6,1,70,10,1989,1,10,10,1
2014120007809,1,9,0,18,0,0,2,0,1,9,3,1,6,2,72,10,1364,1,9,6,3
2014120007811,1,9,0,5,0,4,0,0,0,0,0,1,6,1,51,8,1968,2,5,10,2
2014120007811,2,1,0,18,0,8,0,0,0,0,0,1,6,1,51,8,-1,-1,-1,10,2
2014120007997,1,1,0,9,4,7,0,0,0,0,3,1,2,2,25,5,-1,-1,-1,8,1
2014120007997,2,9,0,7,0,3,0,0,0,0,4,1,6,2,54,8,1360,1,13,4,1
2014120008071,1,9,0,18,0,0,1,0,1,4,1,1,6,1,30,6,2497,2,7,3,1
2014120008123,1,9,0,16,0,0,1,0,8,10,1,1,1,2,21,5,1598,1,7,7,1
2014120008129,1,9,0,18,0,0,2,10,2,10,0,1,2,2,22,5,1124,1,13,8,2
2014120008159,1,9,0,9,0,6,0,0,0,0,3,1,6,2,66,10,1242,1,3,7,1
2014120008159,2,5,0,18,0,1,0,0,0,0,1,1,6,1,66,10,-1,-1,-1,5,3
2014120008279,1,9,0,9,0,2,0,0,0,0,4,1,6,1,56,9,2720,2,7,2,3
2014120008279,2,1,0,9,0,5,0,0,0,0,2,1,6,1,64,9,-1,-1,-1,4,3
2014120008382,1,9,0,18,0,8,0,0,0,0,1,1,6,1,-1,-1,-1,-1,-1,-1,-1
2014120008382,2,1,0,18,0,8,0,0,0,0,4,1,3,2,14,3,-1,-1,-1,6,1
2014120008398,1,9,0,9,0,5,0,0,0,0,1,1,2,1,30,6,-1,-1,-1,3,3
2014120008398,2,1,0,18,0,1,0,0,0,0,3,1,2,1,38,7,-1,-1,-1,9,3
2014120008500,1,1,0,18,4,8,0,0,0,0,1,1,2,2,32,6,-1,-1,-1,8,1
2014120008500,2,9,0,7,0,6,0,0,0,0,3,1,6,1,23,5,1596,1,12,4,1
2014120008653,1,9,0,9,0,5,0,0,0,0,4,1,2,1,38,7,1998,2,10,7,2
2014120008653,2,9,0,18,0,1,0,0,7,4,1,1,2,1,33,6,1560,2,2,9,1
2014120008665,1,9,0,16,0,0,0,0,0,0,1,1,2,1,18,4,1598,1,4,10,1
2014120008665,2,9,0,17,0,0,0,0,0,0,1,1,2,1,57,9,1497,8,2,2,1