Accident_Index,Vehicle_Reference,Vehicle_Type,Towing_and_Articulation,Vehicle_Manoeuvre,Vehicle_Location-Restricted_Lane,Junction_Location,Skidding_and_Overturning,Hit_Object_in_Carriageway,Vehicle_Leaving_Carriageway,Hit_Object_off_Carriageway,1st_Point_of_Impact,Was_Vehicle_Left_Hand_Drive?,Journey_Purpose_of_Driver,Sex_of_Driver,Age_of_Driver,Age_Band_of_Driver,Engine_Capacity_(CC),Propulsion_Code,Age_of_Vehicle,Driver_IMD_Decile,Driver_Home_Area_Type
2014120008830,1,9,0,10,0,1,0,0,0,0,1,1,6,1,50,8,1560,2,2,5,1
2014120008830,2,3,0,18,0,1,0,0,0,0,1,1,6,1,18,4,-1,-1,-1,-1,-1
2014120008901,1,21,0,18,0,0,0,0,0,0,1,1,1,1,60,9,3900,2,11,2,1
2014120008901,2,21,1,18,0,0,0,0,0,0,2,1,6,3,30,6,-1,-1,-1,-1,-1
2014120008932,1,9,0,16,0,0,2,0,2,11,4,1,6,1,82,11,1461,2,7,5,1
2014120009079,1,9,0,9,0,1,0,0,0,0,1,1,6,1,43,7,1587,1,12,6,3
2014120009345,1,9,0,9,0,6,0,0,0,0,1,1,6,1,38,7,1560,2,1,10,1
2014120009345,2,1,0,18,4,1,0,0,0,0,1,1,6,1,48,8,-1,-1,-1,7,1
2014120009447,1,2,0,18,0,3,0,0,0,0,3,1,6,2,16,4,49,1,1,-1,-1
2014120009576,1,19,0,18,0,0,1,0,0,0,1,1,1,1,36,7,-1,-1,-1,-1,-1
2014120009576,2,9,0,18,0,0,0,0,1,1,3,1,2,2,26,6,1390,1,1,8,3
2014120009661,1,9,0,16,0,0,0,0,0,0,1,1,6,1,21,5,1149,1,12,6,3
2014120009661,2,9,0,17,0,0,0,0,0,0,1,1,1,2,58,9,1997,2,2,6,3
2014120009661,3,9,0,17,0,0,0,0,0,0,2,1,6,2,30,6,1396,1,9,8,2
2014120009662,1,9,0,18,0,6,0,0,0,0,1,1,2,2,60,9,1396,2,3,5,1
2014120009662,2,1,0,18,0,8,0,0,0,0,3,1,6,2,30,6,-1,-1,-1,7,1
2014120009663,1,9,0,3,0,0,0,0,0,0,3,1,6,1,55,8,1796,1,14,8,1
2014120009663,2,1,0,3,0,0,0,0,0,0,3,1,4,1,16,4,-1,-1,-1,8,1
2014120009954,1,9,0,11,0,0,0,0,0,0,2,1,6,2,25,5,998,1,12,7,1
2014120009954,2,9,0,4,0,0,0,0,0,0,1,1,6,2,50,8,1560,2,8,4,1
2014120009954,3,9,0,4,0,0,0,0,0,0,1,1,6,1,27,6,2967,2,6,6,1
2014120009954,4,9,0,4,0,0,0,0,1,0,1,1,6,1,23,5,-1,-1,-1,3,1
2014120010043,1,9,0,13,0,0,0,0,0,0,3,1,6,1,81,11,1596,1,11,10,3
2014120010043,2,1,0,18,0,0,0,0,0,0,4,1,6,1,51,8,-1,-1,-1,-1,-1
2014120010108,1,9,0,9,0,2,0,0,0,0,1,1,6,2,27,6,-1,-1,-1,5,1
2014120010108,2,1,0,18,0,2,0,0,0,0,2,1,6,2,27,6,-1,-1,-1,5,1
2014120010178,1,9,0,17,0,1,2,0,2,10,1,1,6,2,51,8,1198,1,6,8,3
2014120010265,1,9,0,9,0,0,0,0,0,0,1,1,1,1,50,8,1149,1,1,8,1
2014120010265,2,2,0,18,0,0,0,0,0,0,3,1,1,1,20,4,49,1,13,9,1
2014120010266,1,9,0,9,0,6,0,0,0,0,0,1,2,2,53,8,2922,1,13,10,1
2014120010266,2,9,0,18,0,1,0,0,0,0,1,1,3,2,47,8,1600,2,3,9,1
2014120010266,3,9,0,18,0,1,0,0,0,0,1,1,2,2,46,8,1360,1,11,5,1
2014120010266,4,9,0,2,0,1,0,0,0,0,1,1,6,3,30,6,1560,2,5,10,1
2014120010298,1,9,0,18,0,1,0,0,0,0,1,1,6,1,35,6,1498,1,4,10,1
2014120010298,2,1,0,18,0,1,0,0,0,0,2,1,6,1,51,8,-1,-1,-1,4,1
2014120010339,1,11,0,5,2,6,0,0,0,0,0,1,1,1,65,9,9360,2,5,10,1
2014120010366,1,9,0,18,0,2,1,0,1,0,1,1,6,2,-1,-1,-1,-1,-1,-1,-1
2014120010547,1,9,0,18,0,0,0,0,0,0,4,1,6,1,76,11,1796,1,10,-1,-1
2014120010547,2,1,0,18,0,0,0,0,0,0,2,1,6,1,37,7,-1,-1,-1,4,1
2014120010614,1,9,0,18,0,0,0,0,0,0,1,1,1,1,52,8,1956,2,4,5,3
2014120010614,2,19,0,2,0,0,0,0,0,0,2,1,1,1,43,7,2198,2,2,-1,1
2014120010769,1,1,0,18,0,2,0,0,0,0,2,1,6,1,19,4,-1,-1,-1,10,1
2014120010769,2,9,0,18,0,1,0,0,0,0,1,1,6,3,-1,-1,-1,-1,-1,-1,-1
2014120010840,1,9,0,18,0,0,0,0,0,0,4,1,6,2,42,7,998,1,11,7,1
2014120010868,1,9,0,9,0,8,0,0,0,0,1,1,2,1,54,8,1998,2,6,6,1
2014120010868,2,1,0,18,0,8,0,0,0,0,4,1,2,1,24,5,-1,-1,-1,3,1
2014120010880,1,9,0,9,0,6,0,0,0,0,1,1,6,2,28,6,-1,-1,-1,9,3
2014120010880,2,9,0,18,0,8,0,0,0,0,4,1,6,2,28,6,1796,1,7,9,3
2014120010882,1,19,0,4,0,0,0,0,0,0,1,1,6,1,44,7,2198,2,1,-1,-1
2014120010882,2,9,0,4,0,0,0,0,0,0,2,1,6,2,24,5,-1,-1,-1,-1,1
2014120010882,3,9,0,3,0,0,0,0,0,0,2,1,6,1,62,9,2191,2,2,8,3
2014120011181,1,9,0,18,0,0,0,0,1,10,1,1,2,2,19,4,1149,1,7,-1,1
2014120011337,1,9,0,18,0,0,1,10,7,4,4,1,6,1,35,6,1796,1,12,5,1
2014120011474,1,9,0,18,0,0,0,0,0,0,0,1,6,2,44,7,1598,1,6,10,1
2014120011474,2,9,0,18,0,0,0,10,0,0,4,1,6,2,25,5,1242,1,6,8,3
2014120011493,1,1,0,18,9,0,0,0,0,0,4,1,6,1,81,11,-1,-1,-1,9,2
2014120011611,1,9,0,18,0,0,0,0,0,0,3,1,6,2,36,7,1598,1,11,4,1
2014120011611,2,9,0,18,0,0,0,0,0,0,4,1,6,1,25,5,1595,1,17,1,1
2014120011646,1,21,0,13,0,0,5,0,7,11,3,1,1,1,26,6,12913,2,7,2,1
2014120011646,2,17,4,18,0,0,0,0,0,0,0,1,1,1,33,6,6600,2,5,9,2
2014120011742,1,9,0,18,0,0,1,0,7,9,1,1,6,2,35,6,-1,-1,-1,10,3
2014120011856,1,9,0,16,0,0,1,0,7,9,1,1,6,1,17,4,1998,2,10,9,3
2014120011902,1,9,0,9,0,5,0,0,0,0,3,1,1,1,30,6,-1,-1,-1,6,1
2014120012201,1,9,0,9,0,6,0,0,0,0,1,1,1,1,68,10,1242,1,1,4,1
2014120012201,2,5,0,18,0,1,0,0,0,0,1,1,6,1,28,6,998,1,6,4,1
2014120012273,1,9,0,7,0,2,0,0,0,0,4,1,6,1,44,7,2493,1,16,7,1
2014120012297,1,9,0,5,0,4,0,0,0,0,1,1,6,2,55,8,1493,2,7,9,1
2014120012297,2,9,0,5,0,4,0,0,0,0,4,1,6,1,31,6,1598,1,13,5,1
2014120012355,1,9,0,18,0,0,2,0,1,0,1,1,1,1,27,6,1388,1,8,10,2
2014120012360,1,1,0,9,0,8,0,0,0,0,3,1,6,1,14,3,-1,-1,-1,2,1
2014120012360,2,9,0,7,0,8,0,0,0,0,1,1,6,3,-1,-1,-1,-1,-1,-1,-1
2014120012369,1,5,0,18,0,0,1,0,0,0,1,1,6,1,51,8,644,1,10,9,3
2014120012561,1,9,0,9,0,0,0,0,0,0,4,1,6,2,22,5,2993,2,3,8,2
2014120012561,2,1,0,18,4,0,0,0,1,0,1,1,2,1,23,5,-1,-1,-1,4,1
2014120012688,1,1,0,18,0,0,1,0,0,0,1,1,6,1,53,8,-1,-1,-1,10,2
2014120012688,2,9,0,18,0,0,0,0,0,0,3,1,6,1,23,5,-1,-1,-1,7,3
2014120012725,1,9,0,18,0,0,1,0,0,0,1,1,6,2,69,10,1870,2,7,8,3
2014120012755,1,9,0,18,0,1,0,0,0,0,1,1,6,2,19,4,-1,-1,-1,9,2
2014120012755,2,9,4,10,0,1,0,0,0,0,2,1,6,1,56,9,2494,2,10,7,3
2014120012804,1,9,0,3,0,1,0,0,0,0,2,1,6,1,38,7,1951,2,13,5,1
2014120012804,2,9,0,3,0,1,0,0,0,0,2,1,6,1,35,6,1783,7,11,4,1
2014120012804,3,9,0,4,0,1,0,0,0,0,1,1,6,1,48,8,2993,2,9,4,1
2014120012843,1,9,0,10,0,1,0,0,0,0,0,1,1,2,20,4,1989,1,15,5,1
2014120012877,1,1,0,18,9,0,0,0,0,0,4,1,6,2,14,3,-1,-1,-1,6,1
2014120012877,2,97,0,18,9,0,0,0,0,0,1,1,6,3,-1,-1,-1,-1,-1,-1,-1
2014120013140,1,9,0,9,0,3,0,0,0,0,3,1,6,1,50,8,1242,1,2,9,2
2014120013140,2,1,0,9,0,3,0,0,0,0,1,1,6,1,53,8,-1,-1,-1,5,1
2014120013529,1,9,0,18,0,0,1,0,0,11,2,1,6,1,17,4,-1,-1,-1,3,1
2014120013529,2,9,0,18,0,0,1,0,0,0,2,1,6,1,18,4,998,1,9,9,1
2014120013552,1,9,0,18,0,0,0,0,1,10,1,1,6,1,18,4,1198,1,7,8,1
2014120013648,1,9,0,18,0,0,0,0,0,0,4,1,6,1,-1,-1,-1,-1,-1,-1,-1
2014120013755,1,9,0,4,0,0,0,0,0,0,2,1,6,2,47,8,1124,1,12,6,1
2014120013755,2,9,0,4,0,0,0,0,0,0,1,1,6,1,23,5,-1,-1,-1,7,1
2014120014006,1,9,0,16,0,0,1,0,7,3,1,1,6,1,25,5,1798,1,10,1,1
2014120014032,1,9,0,18,0,6,1,0,3,1,1,1,6,1,21,5,1997,2,11,5,1
2014120014859,1,11,0,18,0,0,1,0,0,0,1,1,1,2,46,8,9600,2,14,9,3
2014120014859,2,9,0,18,0,0,0,0,0,0,3,1,6,1,77,11,1796,1,10,9,3
2014120014900,1,9,0,9,0,6,0,0,0,0,1,1,6,1,83,11,2148,2,8,8,3
2014120014900,2,9,0,18,0,1,0,0,0,0,1,1,6,2,63,9,1240,1,11,7,1
2014120015028,1,9,0,18,0,0,2,0,1,1,0,1,6,1,55,8,1968,2,4,8,1
2014120015207,1,19,0,4,0,1,1,0,0,0,1,1,6,1,76,11,1997,2,8,7,3
2014120015207,2,9,0,18,0,1,0,0,0,0,2,1,2,1,54,8,2198,2,8,7,3
2014120015489,1,9,0,18,0,1,0,0,0,0,1,1,6,1,65,9,1988,1,14,7,1
2014120015489,2,9,0,10,0,1,0,0,1,0,2,1,2,2,41,7,1598,1,4,7,3
2014120015773,1,9,0,9,0,6,0,0,0,0,1,1,2,1,31,6,-1,-1,-1,4,1
2014120015773,2,9,0,18,0,1,0,0,0,0,4,1,2,1,47,8,2099,2,9,8,3
2014120015773,3,9,0,7,0,5,0,0,0,0,0,1,6,3,-1,-1,-1,-1,-1,-1,-1
2014120015810,1,9,0,4,0,1,0,0,0,0,2,1,1,1,43,7,1299,1,7,8,3
2014120015810,2,9,0,4,0,1,0,0,0,0,2,1,1,2,27,6,1242,1,11,1,1
2014120015810,3,9,0,18,0,1,0,0,0,0,1,1,6,1,70,10,1461,2,9,3,1
2014120015819,1,9,0,13,0,8,1,0,0,0,1,1,6,1,32,6,1360,1,14,5,1
2014120015819,2,17,4,9,0,8,0,0,0,0,3,1,1,1,57,9,6702,2,2,6,3
2014120016321,1,9,0,17,0,0,5,0,1,11,1,1,6,1,22,5,1199,1,12,6,1
2014120016357,1,1,0,18,4,1,1,0,0,0,3,1,2,1,38,7,-1,-1,-1,10,2
2014120016357,2,9,0,5,0,2,0,0,0,0,1,1,6,1,29,6,1598,1,4,10,1
2014120016448,1,9,0,18,0,0,0,0,0,0,1,1,6,1,44,7,2987,2,8,-1,-1
2014120016448,2,9,0,18,0,0,0,0,0,0,2,1,6,2,51,8,1995,2,8,6,2
2014120016669,1,9,0,10,0,1,0,0,0,0,2,1,6,2,58,9,1956,2,4,6,2
2014120016669,2,9,0,3,0,1,0,0,0,0,2,1,6,1,65,9,1799,1,7,9,1
2014120016669,3,9,0,3,0,1,0,0,0,0,2,1,6,1,24,5,1999,1,8,3,1
2014120016669,4,9,0,4,0,1,0,0,0,0,1,1,6,1,31,6,1598,1,12,6,2
2014120016763,1,1,0,18,0,0,0,0,0,0,1,1,6,1,34,6,-1,-1,-1,3,1
2014120016763,2,9,0,2,0,0,0,0,0,0,2,1,6,1,24,5,1198,1,1,6,1
2014120016861,1,9,0,5,0,7,0,0,7,0,3,1,6,2,17,4,1199,1,11,-1,3
2014120016861,2,9,0,18,0,1,0,0,0,0,1,1,2,1,42,7,1388,1,6,8,1
2014120016918,1,9,0,17,0,0,5,0,8,11,1,1,6,1,19,4,1360,1,14,8,3
2014120016942,1,9,0,18,0,0,0,0,0,0,1,1,6,1,27,6,1598,1,12,6,1
2014120017164,1,9,0,10,0,1,0,0,1,0,2,1,6,2,43,7,1598,1,13,-1,-1
2014120017164,2,9,0,18,0,1,1,0,0,0,1,1,6,2,23,5,1391,1,19,10,1
2014120017164,3,9,0,18,0,1,0,0,0,0,3,1,6,2,24,5,1598,1,11,8,3
2014120017227,1,19,0,18,0,0,0,0,1,11,1,1,1,1,25,5,2287,2,4,9,2
2014120017263,1,9,0,18,0,0,0,0,1,0,1,1,6,1,52,8,1769,1,11,2,1
2014120017360,1,9,0,16,0,0,1,10,1,4,3,1,6,1,23,5,1781,1,13,10,2
2014120017406,1,9,0,18,0,8,0,4,0,0,1,1,6,2,34,6,-1,-1,-1,10,1
2014120017406,2,9,0,2,0,2,0,0,0,0,2,2,6,1,30,6,2720,2,7,8,2
2014120017595,1,9,0,16,0,0,0,0,0,0,0,1,6,3,-1,-1,-1,-1,-1,-1,-1
2014120017595,2,9,0,17,0,0,0,0,7,11,1,1,6,2,29,6,1598,1,15,3,2
2014120017675,1,9,0,18,0,0,0,0,0,0,1,1,6,2,21,5,-1,-1,-1,-1,-1
2014120017675,2,9,0,18,0,0,0,0,0,0,2,1,6,2,50,8,1968,2,6,6,1
2014120017675,3,9,0,4,0,0,0,0,0,0,2,1,6,2,35,6,1995,1,7,10,1
2014120017675,4,9,0,18,0,0,0,0,0,0,0,1,6,3,40,7,-1,-1,-1,-1,-1
2014120017682,1,9,0,17,0,2,2,10,1,0,0,1,6,2,18,4,1242,1,2,2,1
2014120017747,1,3,0,16,0,0,0,0,0,0,1,1,6,1,54,8,125,1,1,1,1
2014120017747,2,5,0,17,0,0,0,0,0,0,1,1,6,1,35,6,1050,1,8,-1,-1
2014120017753,1,9,0,13,0,0,0,0,0,0,0,1,6,3,-1,-1,-1,-1,-1,-1,-1
2014120017753,2,1,0,18,0,0,0,7,0,0,1,1,6,1,69,10,-1,-1,-1,7,3
2014120017810,1,9,0,16,0,0,0,0,1,0,3,1,6,2,42,7,1248,2,1,6,3
2014120017810,2,9,0,17,0,0,0,0,1,0,3,1,6,2,41,7,1598,1,5,6,1
2014120017850,1,5,0,17,0,0,1,0,1,10,1,1,6,1,32,6,649,1,7,5,1
2014120017992,1,9,0,17,0,1,0,0,0,0,1,1,6,3,-1,-1,-1,-1,-1,-1,-1
2014120018174,1,9,0,18,0,8,0,0,0,0,2,1,6,2,40,7,1598,1,10,3,1
2014120018174,2,9,0,14,0,8,0,0,0,0,1,1,6,3,20,4,-1,-1,-1,-1,-1
2014120018268,1,1,0,9,0,8,0,0,0,0,1,1,2,2,48,8,-1,-1,-1,9,1
2014120018268,2,9,0,18,0,8,0,0,0,0,1,1,6,2,42,7,1587,1,28,9,1
2014120018710,1,9,0,5,0,8,0,0,0,0,1,1,6,1,21,5,1360,1,11,5,1
2014120018710,2,9,0,18,0,8,0,0,7,10,4,1,6,2,44,7,1999,1,4,8,3
2014120018711,1,9,0,18,0,1,0,0,3,11,1,1,6,1,18,4,1360,1,10,4,1
2014120018711,2,9,0,18,0,1,0,0,7,11,4,1,6,2,30,6,1390,1,4,10,1
2014120018762,1,9,0,16,0,0,5,10,1,0,1,1,1,2,36,7,-1,-1,-1,7,2
2014120018821,1,9,0,18,0,4,0,0,0,0,1,1,6,1,78,11,1242,1,10,10,1
2014120018821,2,1,0,18,0,8,0,0,0,0,1,1,6,1,20,4,-1,-1,-1,6,1
2014120019002,1,9,0,7,9,6,0,0,0,0,1,1,6,2,32,6,2179,2,2,7,1
2014120019096,1,19,0,18,0,3,0,0,0,0,4,1,6,1,52,8,1998,2,12,7,1
2014120019096,2,1,0,18,4,3,0,0,0,0,3,1,6,2,37,7,-1,-1,-1,3,1
2014120019200,1,9,0,17,0,0,1,0,1,11,4,1,2,1,57,9,-1,-1,-1,1,1
2014120019274,1,3,0,4,0,1,1,0,0,0,1,1,6,1,69,10,-1,-1,-1,3,1
2014120019274,2,9,0,4,0,1,0,0,0,0,2,1,6,2,39,7,1242,1,2,6,1
2014120019408,1,9,0,18,0,1,0,0,0,0,1,1,6,1,26,6,1242,1,17,6,2
2014120019408,2,9,0,3,0,1,0,0,0,0,2,1,6,2,27,6,1596,1,9,6,2
2014120019424,1,19,0,18,0,0,0,0,0,0,0,1,1,1,61,9,2198,2,2,6,1
2014120019424,2,9,0,18,0,0,0,0,0,0,1,1,6,2,41,7,1598,1,7,10,1
2014120019489,1,9,0,18,0,1,0,0,0,0,1,1,6,2,52,8,1560,2,7,3,1
2014120019489,2,9,0,9,0,1,0,0,0,0,4,1,6,1,18,4,973,1,12,8,3
2014120019508,1,9,0,18,0,8,0,0,1,0,3,1,6,2,37,7,2204,2,5,-1,-1
2014120019508,2,9,0,18,0,1,0,0,0,0,1,1,2,1,48,8,-1,-1,-1,7,1
2014120019543,1,9,0,17,0,8,0,0,1,4,1,1,6,1,31,6,1598,1,7,9,1
2014120019584,1,9,0,18,0,2,0,0,0,0,3,1,6,1,69,10,1560,2,3,5,2
2014120019757,1,9,0,9,0,8,0,0,0,0,3,1,6,1,88,11,1229,1,8,6,1
2014120019757,2,9,0,18,0,8,0,0,0,0,1,1,1,1,49,8,2494,2,5,8,1
2014120019766,1,19,0,6,0,8,0,0,4,0,3,1,6,1,33,6,2402,2,5,9,2
2014120019766,2,9,0,13,0,8,5,0,6,6,4,1,1,1,56,9,2143,2,3,1,1
2014120019950,1,9,0,18,0,8,0,0,0,0,1,1,6,1,89,11,1870,2,10,10,1
2014120020074,1,9,0,1,0,0,0,0,0,0,2,1,6,3,-1,-1,-1,-1,-1,-1,-1
2014120020074,2,1,0,18,0,0,0,0,0,0,1,1,6,1,15,3,-1,-1,-1,-1,-1
2014120020140,1,9,0,18,0,0,0,0,0,0,4,1,6,1,73,10,1332,1,16,1,1
2014120020170,1,3,0,18,0,1,1,0,0,0,4,1,6,1,31,6,125,1,4,2,1
2014120020170,2,9,0,5,0,6,0,0,0,0,1,1,6,2,40,7,973,1,14,4,1
2014120020320,1,21,0,9,8,8,0,0,0,0,3,1,1,1,56,9,12740,2,3,-1,1
2014120020320,2,9,0,18,0,8,1,0,1,0,1,1,1,1,46,8,1493,2,8,-1,1
2014120020672,1,9,0,18,0,4,0,0,0,0,1,1,6,1,67,10,-1,-1,-1,9,2
2014120020672,2,1,0,9,0,8,0,0,0,0,4,1,2,2,60,9,-1,-1,-1,2,1
2014120020749,1,9,0,18,0,8,0,0,0,0,4,1,6,1,77,11,1749,1,13,10,1
2014120020868,1,8,0,18,0,8,0,0,0,0,1,1,1,1,39,7,-1,-1,-1,6,1
2014120021227,1,9,0,2,0,0,0,0,0,0,2,1,6,2,51,8,-1,-1,-1,5,1
2014120021227,2,1,0,14,0,0,0,4,0,0,1,1,6,2,39,7,-1,-1,-1,4,2
2014120021474,1,9,0,17,0,1,0,0,0,0,1,1,6,2,41,7,1299,1,13,2,1
2014120021474,2,9,0,16,0,1,0,0,0,0,1,1,6,1,18,4,-1,-1,-1,10,1
2014120021714,1,5,0,18,0,1,1,0,7,0,1,1,6,1,25,5,675,1,4,6,1
2014120021714,2,9,0,6,0,1,0,0,0,0,4,1,6,2,67,10,1973,1,14,4,1
2014120021714,3,20,0,3,7,2,0,0,0,0,0,1,6,1,68,10,-1,-1,-1,4,1
2014120021742,1,9,0,9,0,5,0,0,0,0,1,1,6,2,86,11,1400,1,6,10,1
2014120021742,2,9,0,18,0,8,0,0,1,9,1,1,6,1,29,6,1968,2,4,7,1
2014120021742,3,9,0,18,0,1,0,0,1,9,1,1,6,1,30,6,2231,2,8,8,3
2014120021801,1,9,0,18,0,0,2,0,1,9,1,1,1,1,23,5,973,1,12,6,2
2014120021824,1,9,0,17,0,0,2,0,8,10,1,1,2,1,42,7,1390,1,10,3,1
2014120021893,1,9,0,18,0,0,1,0,1,11,4,1,1,2,40,7,1598,1,10,3,1
2014120022058,1,9,0,16,0,0,1,0,2,7,1,1,6,1,35,6,-1,-1,-1,2,1
2014120022058,2,9,0,16,0,0,0,0,2,7,2,1,1,1,54,8,-1,-1,-1,-1,-1
2014120022207,1,20,0,4,0,0,1,0,0,0,1,1,1,1,39,7,3920,2,7,6,3
2014120022207,2,9,0,4,0,0,0,0,0,0,2,1,6,1,32,6,1398,2,5,1,1
2014120022207,3,19,0,13,0,0,0,0,0,0,0,1,1,1,40,7,-1,-1,-1,6,1
2014120022375,1,9,0,18,0,8,0,0,0,0,0,1,6,1,51,8,1390,1,14,7,1
2014120022375,2,9,0,18,0,8,0,0,0,0,0,1,6,1,84,11,1339,1,6,10,3
2014120022697,1,9,0,18,0,0,0,0,0,0,1,1,1,1,60,9,1998,2,8,5,1
2014120022697,2,21,1,18,0,0,0,0,0,0,2,1,1,1,57,9,12580,2,9,2,1
2014120022764,1,20,0,12,0,0,0,0,0,0,0,1,6,3,50,8,-1,-1,-1,-1,-1
2014120022764,2,9,0,12,0,0,0,0,1,7,3,1,2,1,29,6,1598,2,1,10,1
2014120022764,3,9,0,18,0,0,0,0,1,7,4,1,6,2,44,7,2148,2,6,10,1
2014120022893,1,9,0,17,0,0,0,0,0,0,4,1,6,1,45,7,1242,1,12,10,3
2014120023048,1,9,0,17,0,2,1,0,1,11,4,1,2,1,18,4,1229,1,9,8,3
2014120023051,1,9,0,4,0,1,1,0,7,11,1,1,1,2,27,6,1229,1,1,-1,-1
2014120023251,1,4,0,16,0,0,1,0,7,10,3,1,6,1,26,6,1200,1,16,10,1
2014120023262,1,9,0,3,0,1,0,0,0,0,2,1,2,1,54,8,1956,2,2,3,1
2014120023262,2,9,0,3,0,1,0,0,0,0,2,1,2,2,55,8,1242,1,8,9,1
2014120023262,3,19,0,18,0,1,0,0,0,0,1,1,2,1,59,9,1753,2,8,9,1
2014120023533,1,1,0,18,0,8,0,0,0,0,4,1,6,1,33,6,-1,-1,-1,6,1
2014120023533,2,9,0,18,0,8,0,0,0,0,1,1,2,1,43,7,1968,2,1,8,1
2014120023612,1,9,0,9,0,8,0,0,0,0,1,1,2,1,42,7,1587,1,13,2,1
2014120023612,2,1,0,18,0,8,1,0,0,0,4,1,2,1,52,8,-1,-1,-1,5,1
2014120023661,1,9,0,5,0,1,0,0,0,0,4,1,6,2,38,7,1796,1,19,7,2
2014120023661,2,1,0,18,0,1,0,0,0,0,1,1,6,1,54,8,-1,-1,-1,5,1
2014120023794,1,3,0,18,0,0,1,10,0,0,4,1,2,1,22,5,125,1,6,1,1
2014120023947,1,9,0,5,0,4,0,0,0,0,3,1,1,1,51,8,3150,2,17,-1,-1
2014120023947,2,9,0,18,0,3,0,0,0,0,4,1,6,2,54,8,1296,1,7,6,2
2014120024037,1,9,0,5,0,8,0,0,0,0,1,1,3,1,31,6,1796,1,14,-1,-1
2014120024037,2,1,0,18,0,8,0,0,0,0,2,1,6,1,29,6,-1,-1,-1,6,1
2014120024049,1,9,0,18,0,8,0,0,0,0,1,1,6,1,77,11,1596,1,6,6,1
2014120024049,2,9,0,2,0,8,0,0,0,0,2,1,6,3,-1,-1,1364,2,9,7,3
2014120024242,1,9,0,7,0,0,0,0,0,0,4,1,6,2,18,4,998,1,7,9,1
2014120024242,2,1,0,18,0,0,0,0,0,0,1,1,6,1,18,4,-1,-1,-1,6,1
2014120024299,1,9,0,9,0,8,0,0,0,0,1,1,6,2,31,6,1910,2,7,4,2
2014120024299,2,9,0,18,0,8,0,0,0,0,1,1,6,1,79,11,1598,1,6,7,3
2014120024368,1,9,0,16,0,1,1,0,7,4,1,1,2,1,38,7,1527,2,16,9,2
2014120024695,1,11,0,13,0,0,0,0,0,0,3,1,1,1,60,9,6692,2,2,4,3
2014120024695,2,21,0,13,0,0,0,0,0,0,4,1,1,1,24,5,10518,2,4,-1,-1
2014120024753,1,9,0,18,0,8,0,0,0,0,4,1,6,3,-1,-1,-1,-1,-1,-1,-1
2014120025029,1,19,0,18,0,0,0,0,0,0,3,1,6,3,-1,-1,-1,-1,-1,-1,-1
2014120025238,1,19,0,9,0,6,0,0,0,0,1,1,6,1,35,6,-1,-1,-1,7,2
2014120025238,2,9,0,18,0,1,0,0,0,0,4,1,6,2,25,5,1598,1,14,7,1
2014120025289,1,9,0,18,0,8,1,0,0,0,1,1,6,1,50,8,2616,1,8,8,3
2014120025289,2,9,0,17,0,8,0,0,0,0,3,1,6,1,27,6,-1,-1,-1,6,3
2014120025425,1,9,0,18,0,0,0,0,7,0,1,1,6,1,24,5,1587,1,14,6,3
2014120025425,2,9,0,2,0,0,0,0,0,0,1,1,6,1,31,6,1998,2,9,6,2
2014120025547,1,1,0,18,0,0,1,0,2,11,1,1,6,1,41,7,-1,-1,-1,9,2
2014120025626,1,9,0,18,0,1,0,0,0,0,1,1,6,1,94,11,698,1,9,9,2
2014120025626,2,9,0,3,0,1,0,0,0,0,2,1,6,1,45,7,1560,2,2,9,3
2014120025626,3,9,0,3,0,1,0,0,0,0,2,1,6,2,39,7,1968,2,6,1,1
2014120025659,1,9,0,3,0,0,0,0,0,0,2,1,6,2,43,7,1986,2,6,8,1
2014120025659,2,9,0,4,0,0,0,0,0,0,1,1,6,1,20,4,1389,1,13,9,1
2014120025923,1,9,0,17,0,0,2,0,8,11,2,1,6,2,22,5,1686,2,5,-1,2
2014120026046,1,9,0,18,0,0,0,0,1,10,4,1,6,1,31,6,-1,-1,-1,6,1
2014120026078,1,2,0,18,0,4,0,0,0,0,3,1,1,2,59,9,124,1,1,8,3
2014120026078,2,9,0,3,0,4,0,0,0,0,4,1,6,1,35,6,-1,-1,-1,-1,-1
2014120026477,1,9,0,18,0,1,0,0,0,0,1,1,6,1,27,6,1796,1,14,8,2
2014120026477,2,1,0,18,0,2,0,0,0,0,1,1,6,1,15,3,-1,-1,-1,8,1
2014120026732,1,9,0,18,0,8,5,0,7,7,1,1,6,1,57,9,1596,1,8,8,2
2014120026850,1,9,0,18,0,0,0,0,1,0,1,1,6,1,81,11,2457,1,15,3,1
2014120026850,2,19,0,3,0,0,0,0,0,0,2,1,1,1,49,8,1995,2,4,5,1
2014120026870,1,9,0,5,0,2,0,0,0,0,1,1,6,1,64,9,1598,1,2,6,3
2014120026870,2,9,0,18,0,1,0,0,0,0,3,1,6,2,68,10,998,1,6,5,1
2014120027210,1,9,0,9,0,6,0,0,0,0,1,1,1,2,50,8,-1,-1,-1,9,3