Accident_Index,Vehicle_Reference,Vehicle_Type,Towing_and_Articulation,Vehicle_Manoeuvre,Vehicle_Location-Restricted_Lane,Junction_Location,Skidding_and_Overturning,Hit_Object_in_Carriageway,Vehicle_Leaving_Carriageway,Hit_Object_off_Carriageway,1st_Point_of_Impact,Was_Vehicle_Left_Hand_Drive?,Journey_Purpose_of_Driver,Sex_of_Driver,Age_of_Driver,Age_Band_of_Driver,Engine_Capacity_(CC),Propulsion_Code,Age_of_Vehicle,Driver_IMD_Decile,Driver_Home_Area_Type
2014120044485,1,9,0,3,0,0,0,0,0,0,2,1,3,2,49,8,1753,2,9,9,1
2014120044485,2,19,0,3,0,0,0,0,0,0,1,1,2,2,45,7,1997,2,12,9,1
2014120044679,1,9,0,18,0,8,0,0,0,0,1,1,6,1,24,5,1995,2,2,9,1
2014120044679,2,9,0,7,0,8,0,0,0,0,4,1,6,2,67,10,1968,2,3,10,1
2014120044762,1,9,0,17,0,0,1,0,0,0,0,1,1,1,49,8,1229,1,9,4,1
2014120044762,2,9,0,17,0,0,2,0,7,9,0,1,1,1,51,8,1242,1,12,6,3
2014120044777,1,11,0,4,0,0,0,0,0,0,1,1,1,1,24,5,12400,2,3,-1,1
2014120044777,2,1,0,12,4,0,0,0,0,0,3,1,4,1,12,3,-1,-1,-1,4,1
2014120044878,1,19,0,18,0,0,0,0,0,0,0,1,1,3,-1,-1,-1,-1,-1,-1,-1
2014120044878,2,1,0,18,0,0,0,0,0,0,0,1,6,1,37,7,-1,-1,-1,9,2
2014120044949,1,21,0,5,0,4,0,0,0,0,4,1,1,1,50,8,12740,2,1,8,1
2014120044949,2,9,0,5,0,4,0,0,1,0,1,1,6,2,63,9,998,1,2,8,1
2014120044961,1,9,0,4,0,0,0,0,0,0,2,1,6,1,19,4,-1,-1,-1,8,1
2014120044961,2,9,0,18,0,0,0,0,0,0,1,1,6,1,18,4,1149,1,13,-1,-1
2014120045084,1,9,0,9,0,6,0,0,0,0,3,1,6,1,73,10,1796,1,13,10,3
2014120045084,2,9,0,18,0,1,0,0,0,0,0,1,6,2,73,10,1242,1,4,10,3
2014120045181,1,9,0,18,0,0,0,0,0,0,3,1,6,2,60,9,-1,-1,-1,-1,-1
2014120045371,1,9,0,18,0,0,1,0,1,11,1,1,6,1,33,6,1495,1,11,6,1
2014120045468,1,9,0,3,0,6,0,0,0,0,1,1,6,2,55,8,1560,2,10,4,1
2014120045468,2,22,0,18,0,2,0,0,0,0,1,1,6,1,41,7,-1,-1,-1,9,2
2014120045694,1,19,0,1,0,0,0,0,0,0,0,1,1,1,48,8,1870,2,10,9,1
2014120045759,1,9,0,18,0,1,0,0,0,0,1,1,1,1,53,8,-1,-1,-1,-1,-1
2014120045759,2,1,0,18,0,1,0,0,0,0,1,1,6,2,25,5,-1,-1,-1,6,1
2014120046009,1,9,0,18,0,0,0,11,2,6,1,1,6,2,22,5,1360,1,9,7,1
2014120046009,2,20,0,18,0,0,1,0,0,0,0,1,6,1,48,8,-1,2,33,8,3
2014120046138,1,9,0,10,0,8,0,0,0,0,3,1,6,1,45,7,799,2,4,10,1
2014120046138,2,3,0,18,0,1,1,0,0,0,1,1,6,1,20,4,124,1,3,3,1
2014120046149,1,9,0,18,0,1,0,0,0,0,1,1,6,1,25,5,1400,1,7,8,1
2014120046149,2,9,0,9,0,6,0,0,0,0,3,1,6,2,56,9,1948,1,12,-1,3
2014120046260,1,9,0,17,0,0,1,0,0,0,1,1,6,1,53,8,-1,-1,-1,3,1
2014120046260,2,9,0,17,0,0,1,0,0,0,1,1,6,2,29,6,-1,-1,-1,9,3
2014120046260,3,9,0,17,0,0,2,0,0,0,1,1,6,1,42,7,2179,2,2,10,2
2014120046260,4,9,0,17,0,0,1,0,0,0,1,1,6,2,30,6,1995,2,6,-1,3
2014120046260,5,9,0,17,0,0,1,0,1,7,1,1,6,1,63,9,-1,-1,-1,4,1
2014120046260,6,9,0,17,0,0,1,0,0,0,1,1,6,1,55,8,1796,1,4,7,1
2014120046260,7,9,0,17,0,0,2,0,0,0,1,1,6,2,40,7,2400,2,4,10,2
2014120046260,8,9,0,17,0,0,1,0,0,0,1,1,6,2,31,6,-1,-1,-1,-1,1
2014120046422,1,21,1,18,0,0,3,0,1,0,0,1,1,1,54,8,11705,2,8,8,1
2014120046558,1,19,0,17,0,0,1,0,1,3,3,1,6,1,49,8,2477,2,5,7,3
2014120046576,1,9,0,18,0,8,0,0,0,0,1,1,6,1,40,7,1997,2,5,10,2
2014120046576,2,9,0,9,0,8,1,0,7,9,2,1,6,1,38,7,1598,2,1,10,1
2014120046639,1,9,0,3,0,1,0,0,0,0,1,1,6,1,55,8,1124,1,11,9,2
2014120046639,2,9,0,3,0,1,0,0,0,0,2,1,6,1,62,9,1796,1,12,10,2
2014120046639,3,9,0,3,0,1,0,0,0,0,2,1,6,1,19,4,1390,1,9,2,1
2014120046673,1,10,0,3,0,4,0,0,0,0,1,1,1,1,63,9,2198,2,1,3,1
2014120046673,2,9,0,3,0,4,0,0,0,0,2,1,6,2,58,9,1388,1,7,9,3
2014120046800,1,11,0,9,0,6,0,0,0,0,3,1,3,1,70,10,4250,2,10,-1,-1
2014120046800,2,19,0,18,0,8,1,0,0,0,1,1,2,1,44,7,1598,2,3,10,2
2014120046940,1,9,0,17,0,0,1,0,7,4,4,1,6,1,18,4,1794,1,14,-1,-1
2014120047093,1,9,0,18,0,8,0,0,0,0,1,1,6,1,79,11,1368,1,9,7,2
2014120047093,2,9,0,4,0,8,0,0,0,0,2,1,2,1,38,7,1560,2,1,6,2
2014120047124,1,2,0,4,0,1,1,0,0,0,0,1,6,2,17,4,49,1,3,9,1
2014120047192,1,9,0,18,0,1,0,0,1,10,1,1,6,1,22,5,1596,1,8,10,3
2014120047192,2,9,0,18,0,1,0,0,0,0,4,1,6,1,23,5,1995,1,8,4,1
2014120047293,1,9,0,7,0,5,0,0,0,0,1,1,6,3,-1,-1,-1,-1,-1,-1,-1
2014120047556,1,9,0,18,0,0,0,0,0,0,0,1,1,1,41,7,1968,2,6,7,1
2014120047692,1,9,0,9,0,2,0,0,0,0,1,1,6,1,64,9,1997,2,12,7,1
2014120047692,2,9,0,18,0,2,0,0,0,0,3,1,1,1,48,8,1956,2,3,7,1
2014120047971,1,9,0,5,0,0,0,0,0,0,0,1,6,3,30,6,-1,-1,-1,-1,-1
2014120047971,2,3,0,18,0,0,1,0,0,0,1,1,6,1,20,4,124,1,4,6,2
2014120047971,3,9,0,2,0,0,0,0,0,0,2,1,6,2,48,8,1973,1,13,9,3
2014120048013,1,2,0,17,0,0,1,0,0,0,4,1,6,1,17,4,50,1,6,10,1
2014120048035,1,9,0,18,0,0,1,0,2,7,1,1,6,1,25,5,1796,1,13,3,1
2014120048035,2,9,0,18,0,0,0,0,0,0,1,1,6,1,33,6,1798,2,12,-1,1
2014120048115,1,9,0,18,0,0,1,0,0,0,3,1,6,2,44,7,505,1,11,4,1
2014120048115,2,20,0,18,0,0,0,0,0,0,1,1,6,1,35,6,-1,-1,-1,3,1
2014120048128,1,9,0,10,0,8,0,0,2,10,1,1,6,2,21,5,1339,1,6,8,3
2014120048128,2,9,0,18,0,8,0,0,1,0,2,1,6,2,59,9,1560,2,6,8,3
2014120048139,1,9,0,5,0,8,0,0,0,0,1,1,2,1,38,7,1461,2,1,9,1
2014120048139,2,1,0,18,0,8,0,0,0,0,3,1,6,2,44,7,-1,-1,-1,4,1
2014120048209,1,9,0,18,0,2,0,0,0,0,1,1,2,1,58,9,1582,2,1,9,1
2014120048209,2,20,1,18,0,1,0,0,0,0,3,1,1,1,36,7,-1,-1,-1,3,1
2014120048292,1,5,0,18,0,0,1,0,0,0,3,1,6,1,51,8,781,1,13,3,1
2014120048292,2,9,0,18,0,0,0,0,0,0,3,1,6,1,58,9,2457,1,8,6,3
2014120048368,1,9,0,5,0,6,0,0,0,0,1,1,6,1,41,7,1951,2,13,2,1
2014120048368,2,1,0,18,0,8,0,0,0,0,3,1,4,1,14,3,-1,-1,-1,9,1
2014120048774,1,9,0,17,0,0,5,0,0,0,1,1,6,1,60,9,1997,2,5,7,3
2014120048842,1,9,0,9,0,6,0,0,0,0,1,1,6,1,73,10,1390,1,4,8,3
2014120048842,2,9,0,18,0,8,0,0,0,0,4,1,6,2,18,4,998,1,1,7,1
2014120048872,1,1,0,18,4,1,0,0,0,0,3,1,2,1,25,5,-1,-1,-1,9,1
2014120048872,2,9,0,9,0,5,0,0,0,0,1,1,2,1,65,9,1995,1,7,9,3
2014120048905,1,9,0,9,0,1,0,0,0,0,1,1,6,2,33,6,1686,2,9,9,1
2014120048905,2,2,0,18,0,1,0,0,1,0,1,1,6,1,17,4,-1,-1,-1,4,1
2014120049000,1,9,0,9,0,8,0,0,0,0,4,1,2,1,26,6,1968,2,5,2,1
2014120049000,2,9,0,18,0,4,0,0,0,0,1,1,2,1,47,8,1398,1,14,4,1
2014120049040,1,9,0,18,0,0,0,0,0,0,1,1,6,1,19,4,1910,2,6,7,1
2014120049040,2,9,0,18,0,0,0,0,1,4,1,1,6,2,44,7,1199,1,15,9,1
2014120049108,1,9,0,16,0,0,1,0,1,10,4,1,2,1,49,8,1598,1,14,7,1
2014120049232,1,1,0,17,0,0,0,0,0,0,1,1,6,1,56,9,-1,-1,-1,5,1
2014120049232,2,9,0,16,0,0,0,0,0,0,3,1,2,1,22,5,1198,1,10,6,3
2014120049262,1,9,0,9,0,1,0,0,0,0,1,1,6,1,17,4,1598,2,3,6,3
2014120049262,2,9,0,18,0,1,0,0,1,4,1,1,6,1,48,8,1968,2,6,7,1
2014120049328,1,1,0,18,0,0,0,0,0,0,1,1,6,1,11,3,-1,-1,-1,8,1
2014120049328,2,9,0,2,0,0,0,0,0,0,2,1,6,3,50,8,1560,2,7,-1,-1
2014120049331,1,9,0,17,0,0,0,0,1,11,1,1,6,1,20,4,1796,1,11,7,3
2014120049563,1,9,0,18,0,8,1,0,0,0,1,1,6,2,18,4,1299,1,10,7,3
2014120049563,2,9,0,10,0,8,0,0,0,0,2,1,6,1,42,7,2996,1,8,10,3
2014120049627,1,9,0,18,0,0,0,0,0,0,4,1,6,1,88,11,1794,1,10,8,3
2014120049627,2,9,0,18,0,0,5,0,1,0,3,1,6,1,75,10,1248,2,6,9,3
2014120049824,1,9,0,18,0,0,0,0,0,0,1,1,6,1,60,9,1598,1,6,7,3
2014120049824,2,9,0,18,0,0,0,0,0,0,1,1,6,1,27,6,-1,-1,-1,2,1
2014120049877,1,1,0,17,0,0,0,0,1,10,4,1,6,1,23,5,-1,-1,-1,4,1
2014120049892,1,9,0,18,0,0,1,0,0,0,1,1,6,1,19,4,1124,1,15,8,3
2014120049892,2,9,0,2,0,0,0,0,0,0,2,1,6,1,77,11,1149,1,11,8,3
2014120050011,1,9,0,18,0,1,0,0,0,0,1,1,2,1,25,5,1598,1,7,7,1
2014120050011,2,9,0,8,0,2,0,0,0,0,2,1,6,2,23,5,1560,2,3,8,2
2014120050118,1,9,0,9,0,1,0,0,0,0,3,1,6,1,40,7,1390,1,13,10,1
2014120050118,2,5,0,13,0,1,0,0,7,0,1,1,6,1,63,9,1352,1,6,5,1
2014120050376,1,9,0,4,0,1,0,0,0,0,1,1,6,1,31,6,1598,1,14,2,1
2014120050376,2,9,0,3,0,1,0,0,0,0,2,1,6,2,18,4,1248,2,5,8,3
2014120050513,1,9,0,12,0,0,2,0,8,10,3,1,6,2,77,11,998,1,5,7,2
2014120050513,2,9,0,13,0,0,0,0,7,11,4,1,2,1,24,5,1896,2,9,4,2
2014120050513,3,9,0,18,0,0,0,0,0,0,0,1,6,3,-1,-1,-1,-1,-1,-1,-1
2014120050611,1,9,0,1,9,0,0,0,0,0,2,1,6,1,79,11,1396,1,5,10,3
2014120051013,1,9,0,15,0,1,0,0,0,0,4,1,6,2,38,7,1986,2,8,-1,-1
2014120051119,1,11,0,4,0,0,0,0,0,0,0,1,1,1,49,8,7300,2,10,6,1
2014120051207,1,9,0,9,0,8,0,0,0,0,1,1,2,2,66,10,1240,1,9,8,2
2014120051207,2,9,0,18,0,1,0,0,0,0,1,1,2,2,30,6,999,1,6,10,3
2014120051207,3,9,0,4,0,1,0,0,0,0,1,1,2,2,23,5,1799,1,5,6,2
2014120051815,1,9,0,1,6,2,0,0,0,0,2,1,6,2,23,5,998,1,11,-1,-1
2014120051986,1,21,0,18,0,0,0,0,0,0,1,1,1,1,31,6,-1,-1,-1,1,1
2014120051986,2,9,0,18,0,0,0,0,0,0,2,1,6,2,41,7,1597,1,14,5,1
2014120052003,1,9,0,3,0,2,0,0,0,0,1,1,1,2,49,8,1783,1,13,4,1
2014120052003,2,9,0,3,0,2,0,0,0,0,2,1,6,1,17,4,1248,2,1,10,2
2014120052178,1,5,0,3,0,4,0,0,0,0,2,1,6,1,24,5,599,1,14,9,1
2014120052178,2,9,0,4,0,4,0,0,0,0,1,1,6,2,53,8,1995,2,3,10,1
2014120052329,1,9,0,13,0,8,0,0,7,0,1,1,2,1,24,5,1586,1,6,7,3
2014120052329,2,9,0,9,0,8,0,0,7,10,3,1,2,1,21,5,-1,-1,-1,9,3
2014120052423,1,9,0,17,0,0,2,0,7,4,1,1,6,2,24,5,1328,1,13,7,3
2014120052516,1,9,0,17,0,0,5,0,2,11,4,1,6,1,18,4,1198,1,11,7,3
2014120052834,1,9,0,1,0,0,0,0,0,0,3,1,6,2,77,11,1596,1,11,10,1
2014120052834,2,9,0,2,0,0,0,0,0,0,1,1,6,3,34,6,1686,2,4,3,1
2014120052834,3,9,0,2,0,0,0,0,0,0,3,1,6,3,39,7,2316,1,18,7,1
2014120052888,1,2,0,14,0,1,0,0,0,0,4,1,2,2,17,4,49,1,2,8,2
2014120052888,2,9,0,18,0,8,0,0,0,0,1,1,1,2,30,6,1598,1,1,3,2
2014120052888,3,19,0,3,0,1,0,0,0,0,0,1,1,1,30,6,2287,2,2,1,1
2014120052988,1,9,0,18,0,0,0,0,0,0,1,1,2,2,60,9,1686,2,4,7,1
2014120052988,2,9,0,18,0,0,0,0,0,0,2,1,6,2,20,4,1895,1,15,10,1
2014120052988,3,9,0,18,0,0,0,0,0,0,2,1,2,1,41,7,1968,2,5,4,1
2014120053571,1,9,0,16,0,0,0,0,0,0,1,1,6,1,70,10,1364,1,6,7,3
2014120053571,2,1,0,17,0,0,1,0,0,0,1,1,6,1,48,8,-1,-1,-1,6,1
2014120053641,1,9,0,9,0,1,0,0,0,0,4,1,6,1,69,10,2199,2,4,-1,-1
2014120053641,2,9,0,18,0,1,0,0,0,0,1,1,6,1,20,4,1149,1,14,8,3
2014120054013,1,1,0,9,0,1,0,0,0,0,0,1,6,2,34,6,-1,-1,-1,8,3
2014120054044,1,1,0,16,0,0,1,0,7,11,1,1,6,1,21,5,-1,-1,-1,7,3
2014120054155,1,9,0,17,0,0,2,0,1,9,1,1,6,2,17,4,1229,1,3,7,1
2014120054190,1,9,0,6,0,0,0,0,0,0,3,1,6,1,55,8,2401,2,7,8,1
2014120054190,2,1,0,15,0,0,0,0,0,0,1,1,6,1,30,6,-1,-1,-1,2,1
2014120054314,1,8,0,9,0,6,0,0,0,0,1,1,6,1,33,6,1956,2,3,7,1
2014120054314,2,19,0,18,0,1,0,0,0,0,1,1,6,1,19,4,1248,2,7,9,2
2014120054486,1,9,0,3,0,1,0,0,0,0,2,1,6,1,69,10,1598,1,14,8,3
2014120054486,2,9,0,3,0,1,0,0,0,0,2,1,1,2,21,5,1124,1,10,7,1
2014120054486,3,9,0,4,0,1,1,0,0,0,1,1,6,1,45,7,2982,2,6,7,3
2014120054486,4,9,0,9,0,1,0,0,0,0,0,1,6,1,70,10,-1,-1,-1,7,1
2014120054534,1,9,0,18,0,0,0,0,0,0,4,1,6,3,-1,-1,-1,-1,-1,-1,-1
2014120054640,1,9,0,16,0,0,1,0,0,0,1,1,2,1,54,8,1124,1,11,4,1
2014120054640,2,9,0,17,0,0,0,0,0,0,1,1,6,1,60,9,1598,2,-1,7,1
2014120054769,1,9,0,18,0,0,0,0,0,0,1,1,6,1,25,5,-1,-1,-1,9,1
2014120054769,2,9,0,18,0,0,0,0,0,0,2,1,6,2,51,8,1328,1,6,6,3
2014120055420,1,9,4,4,0,0,1,0,0,0,1,1,1,1,27,6,-1,-1,-1,7,3
2014120055420,2,9,0,3,0,0,0,0,0,0,2,1,6,1,49,8,1968,2,1,7,3
2014120055539,1,9,0,4,0,0,0,0,0,0,1,1,2,1,49,8,1086,1,4,9,1
2014120055539,2,9,0,4,0,0,0,0,0,0,2,1,2,2,49,8,2143,2,3,10,1
2014120055550,1,9,0,18,0,8,0,0,1,0,4,1,6,2,62,9,1998,1,11,5,1
2014120055550,2,9,0,18,0,8,0,0,1,10,1,1,6,1,65,9,1560,2,5,10,2
2014120055726,1,9,0,16,0,0,1,0,8,11,1,1,2,1,33,6,2982,2,1,-1,3
2014120055746,1,1,0,4,0,0,0,0,0,0,4,1,2,2,53,8,-1,-1,-1,9,1
2014120055746,2,9,0,4,0,0,0,0,0,0,4,1,2,2,28,6,-1,-1,-1,2,1
2014120055786,1,4,0,17,0,0,1,0,0,0,4,1,2,1,27,6,124,1,6,3,2
2014120055835,1,19,0,7,0,6,0,0,0,0,1,1,6,1,32,6,1997,2,11,8,1
2014120055835,2,9,0,7,0,1,0,0,0,0,2,1,1,2,48,8,1199,1,10,7,1
2014120056070,1,9,0,5,0,1,0,0,0,0,1,1,6,1,25,5,1299,1,10,5,1
2014120056070,2,2,0,18,0,1,1,0,1,0,3,1,2,1,57,9,49,1,3,6,1
2014120056071,1,9,0,10,0,5,0,0,0,0,2,1,2,2,29,6,1968,2,2,-1,-1
2014120056071,2,9,0,18,0,5,1,0,0,0,1,1,2,2,23,5,1242,1,12,7,2
2014120056095,1,9,0,18,0,1,0,0,0,0,2,1,6,1,79,11,-1,-1,-1,7,3
2014120056095,2,9,0,18,0,1,0,0,0,0,1,1,6,1,51,8,1896,2,4,4,3
2014120056095,3,9,0,18,0,1,0,0,1,9,1,1,6,1,50,8,2204,2,3,-1,3
2014120056110,1,9,0,2,0,0,0,0,0,0,4,1,6,1,19,4,1198,1,4,9,1
2014120056110,2,9,0,18,0,0,0,0,0,0,4,1,6,2,41,7,1199,1,11,1,1
2014120056227,1,5,0,18,0,0,1,0,1,0,4,1,6,1,25,5,999,1,12,5,1
2014120056227,2,9,0,3,0,0,0,0,0,0,2,1,6,2,43,7,1596,1,7,10,2
2014120056227,3,19,0,18,0,0,0,0,0,0,3,1,6,1,37,7,-1,-1,-1,4,1
2014120056227,4,5,0,3,0,0,0,0,0,0,0,1,6,1,25,5,599,1,14,8,1
2014120056303,1,9,0,2,9,0,0,0,0,0,3,1,2,2,27,6,1998,1,23,6,3
2014120056303,2,19,0,18,0,0,0,0,0,0,4,1,6,3,-1,-1,-1,-1,-1,-1,-1
2014120056510,1,9,0,18,0,1,0,0,0,0,2,1,6,2,30,6,-1,-1,-1,-1,-1
2014120056510,2,1,0,18,0,1,0,0,0,0,1,1,6,1,15,3,-1,-1,-1,7,1
2014120056960,1,9,0,16,0,0,1,0,7,11,1,1,6,1,19,4,1199,1,10,5,1
2014120057186,1,5,0,16,0,0,1,0,7,10,3,1,6,1,48,8,644,1,11,9,1
2014120057397,1,9,0,18,0,2,0,0,0,0,1,1,6,3,-1,-1,-1,-1,-1,-1,-1
2014120057397,2,1,0,18,0,2,0,0,0,0,1,1,6,1,14,3,-1,-1,-1,3,1
2014120057400,1,3,0,18,0,0,0,0,0,0,0,1,6,1,17,4,125,1,-1,8,2
2014120057457,1,20,0,18,0,0,0,0,0,0,3,1,1,1,60,9,-1,-1,-1,5,2
2014120057457,2,9,0,18,0,0,0,0,1,0,3,1,6,1,40,7,1997,2,10,1,1
2014120057457,3,9,0,18,0,0,0,0,7,0,4,1,6,2,61,9,1360,1,6,8,3
2014120057533,1,9,0,9,0,6,0,0,0,0,1,1,6,2,21,5,1461,2,6,4,1
2014120057533,2,9,0,18,0,8,0,0,0,0,4,1,6,1,26,6,1910,2,7,5,1
2014120057740,1,19,0,18,0,0,0,0,0,0,1,1,1,1,51,8,1870,2,10,8,3
2014120057740,2,9,0,18,0,0,0,0,0,0,2,1,6,1,50,8,1968,2,1,9,1
2014120057804,1,9,0,7,0,6,0,0,0,0,3,1,6,2,68,10,999,1,1,8,3
2014120057804,2,9,0,18,0,8,1,0,7,9,1,1,6,2,45,7,1598,1,2,9,3
2014120057843,1,9,0,9,0,1,0,0,0,0,1,1,6,2,30,6,2400,1,8,10,1
2014120057843,2,19,0,18,0,1,0,0,0,0,2,1,6,1,32,6,1998,2,13,8,1
2014120057843,3,9,0,7,0,1,0,0,0,0,0,1,6,3,-1,-1,-1,-1,-1,-1,-1
2014120057912,1,11,0,17,0,0,0,0,0,0,4,1,1,1,29,6,-1,-1,-1,2,1
2014120057912,2,9,0,16,0,0,0,0,0,0,3,1,6,2,33,6,1242,1,8,10,1
2014120057960,1,9,0,17,0,1,0,0,0,0,1,1,6,1,57,9,1560,2,1,8,2
2014120057960,2,3,0,16,0,1,1,0,0,0,1,1,6,1,22,5,124,1,4,6,2
2014120058006,1,9,0,9,0,8,0,0,0,0,3,1,6,2,17,4,-1,-1,-1,7,3
2014120058006,2,3,0,18,0,8,1,0,0,0,1,1,2,1,21,5,124,1,14,7,3
2014120058176,1,9,0,18,0,0,2,0,1,1,1,1,2,1,38,7,1686,2,2,9,3
2014120058472,1,9,0,18,0,0,0,0,0,0,3,1,6,1,22,5,1986,2,7,8,1
2014120058472,2,9,0,18,0,0,0,0,0,0,3,1,6,2,33,6,1598,1,12,4,1
2014120058531,1,9,0,9,0,6,0,0,0,0,0,1,6,1,44,7,1242,1,12,6,1
2014120058531,2,5,0,18,0,1,0,0,1,0,3,1,6,1,50,8,750,1,17,10,1
2014120058611,1,3,0,18,0,0,0,0,1,0,1,1,6,2,21,5,125,1,4,2,2
2014120058853,1,9,0,9,0,8,0,0,0,0,1,1,1,1,47,8,2204,2,10,6,1
2014120058981,1,9,0,18,0,0,0,0,0,0,4,1,6,1,66,10,1997,1,3,9,1
2014120059058,1,21,1,12,0,0,0,0,0,0,3,2,1,1,49,8,12900,2,3,5,1
2014120059058,2,9,0,18,0,0,1,0,1,10,4,1,6,1,61,9,1598,2,2,4,1
2014120059069,1,9,0,18,0,0,0,0,0,0,3,1,6,1,29,6,1298,1,15,8,1
2014120059069,2,9,0,18,0,0,0,0,0,0,4,1,6,1,69,10,998,1,2,-1,-1
2014120059069,3,9,0,18,0,0,0,0,0,0,3,1,1,2,53,8,1390,1,-1,10,1
2014120059069,4,9,0,18,0,0,0,0,0,0,3,1,6,1,32,6,1968,2,7,5,1
2014120059069,5,19,0,18,0,0,0,0,0,0,3,1,1,1,44,7,1995,2,6,6,1
2014120059069,6,19,0,18,0,0,0,0,0,0,0,1,1,1,43,7,1997,2,6,10,1
2014120059120,1,9,0,9,0,8,0,0,0,0,3,1,6,2,24,5,1242,1,10,8,2
2014120059120,2,1,0,10,0,8,0,0,0,0,4,1,6,2,35,6,-1,-1,-1,8,2
2014120059121,1,17,0,5,0,2,0,0,0,0,4,1,1,1,51,8,3000,2,2,7,3
2014120059121,2,9,0,18,0,2,0,0,7,10,3,1,1,1,34,6,1840,1,13,4,1
2014120059505,1,5,0,18,0,0,0,0,7,0,1,1,6,1,41,7,1151,1,1,8,1
2014120059505,2,9,0,18,0,0,0,0,0,0,1,1,6,2,72,10,998,1,3,6,3
2014120059530,1,9,0,9,0,1,0,0,0,0,1,1,6,2,24,5,1956,2,2,2,1
2014120059530,2,1,0,10,0,1,0,0,0,0,3,1,6,2,27,6,-1,-1,-1,5,1
2014120059636,1,9,0,18,0,8,0,0,0,0,1,1,6,2,52,8,1995,2,12,9,2
2014120059636,2,1,0,9,0,6,0,0,1,0,3,1,6,1,35,6,-1,-1,-1,6,1
2014120059651,1,9,0,3,0,1,0,0,0,0,1,1,6,1,30,6,1753,2,12,6,1
2014120059651,2,10,0,4,0,1,0,0,0,0,2,1,1,1,62,9,-1,-1,-1,3,1
2014120059759,1,9,0,18,0,1,0,0,0,0,1,1,6,1,23,5,1995,2,1,5,3
2014120059759,2,9,0,18,0,1,0,0,0,0,2,1,1,2,40,7,-1,-1,-1,5,1
2014120059999,1,9,0,9,0,8,0,0,0,0,1,1,2,1,53,8,1686,2,9,10,1
2014120059999,2,1,0,18,0,8,0,0,0,0,1,1,2,1,53,8,-1,-1,-1,10,1
2014120060040,1,9,0,7,0,1,0,0,0,0,1,1,2,1,44,7,1997,2,14,8,1
2014120060040,2,9,0,9,0,1,0,0,0,0,3,1,2,2,53,8,1598,1,5,7,2
2014120060073,1,9,0,10,0,1,0,0,0,0,2,1,6,1,51,8,1995,2,9,7,1
2014120060073,2,9,0,18,0,1,0,0,0,0,1,1,6,1,47,8,1598,1,14,4,1
2014120060082,1,9,0,4,0,8,0,0,0,0,1,1,6,3,30,6,1598,1,7,8,1
2014120060082,2,9,0,4,0,8,0,0,0,0,2,1,6,2,43,7,1998,2,8,8,1
2014120060121,1,9,0,18,0,1,0,0,0,0,1,1,1,1,19,4,998,1,-1,-1,-1
2014120060121,2,9,0,18,0,1,0,0,0,0,2,1,6,1,43,7,1489,1,16,10,1
2014120060121,3,19,0,18,0,1,0,0,0,0,2,1,1,1,23,5,1560,2,4,10,3
2014120060407,1,9,0,5,0,4,0,0,0,0,1,1,6,3,-1,-1,1995,2,1,-1,-1
2014120060407,2,9,0,3,0,4,0,0,0,0,0,1,6,2,21,5,1598,1,5,4,2
2014120060679,1,9,0,4,0,1,0,0,0,0,2,1,6,2,35,6,1686,2,19,3,1
2014120060679,2,9,0,4,0,1,0,0,0,0,1,1,6,2,24,5,973,1,16,4,1
2014120060697,1,19,0,12,0,0,0,0,0,0,2,1,1,1,88,11,1868,2,8,3,1
2014120060697,2,9,0,18,0,0,1,0,0,0,1,1,6,1,22,5,1686,2,11,6,1
2014120060940,1,19,0,18,0,0,0,0,0,0,0,1,6,1,-1,-1,2148,2,8,-1,-1
2014120060948,1,9,0,7,0,1,0,0,0,0,1,1,6,1,83,11,2179,2,5,5,3
2014120061032,1,9,0,7,0,0,0,0,0,0,4,1,6,1,65,9,-1,-1,-1,10,1
2014120061032,2,1,0,18,5,0,0,0,0,0,1,1,6,2,57,9,-1,-1,-1,9,1
2014120061109,1,9,0,4,0,0,0,0,0,0,2,1,6,2,55,8,1598,1,2,8,1
2014120061109,2,9,0,5,0,0,0,0,0,0,0,1,6,1,43,7,1399,2,8,3,1
2014120061438,1,9,0,18,0,0,1,0,0,0,1,1,6,1,52,8,-1,-1,-1,10,1
2014120061438,2,9,0,3,0,0,0,0,0,0,2,1,6,1,32,6,1995,1,6,8,1
2014120061438,3,9,0,3,0,0,0,0,0,0,2,1,6,1,54,8,1998,2,7,1,1
2014120061438,4,9,0,3,0,0,0,0,0,0,2,1,6,1,36,7,1895,1,15,1,1
2014120061438,5,9,0,3,0,0,0,0,0,0,2,1,6,1,50,8,1999,1,11,6,1
2014120061465,1,9,0,9,0,2,0,0,0,0,1,1,6,2,53,8,1395,1,-1,-1,3
2014120061465,2,9,0,18,0,2,0,0,0,0,1,1,6,1,44,7,1598,1,9,4,1
2014120061477,1,9,0,1,0,0,0,0,0,0,2,1,6,2,22,5,998,1,2,2,1