Accident_Index,Vehicle_Reference,Vehicle_Type,Towing_and_Articulation,Vehicle_Manoeuvre,Vehicle_Location-Restricted_Lane,Junction_Location,Skidding_and_Overturning,Hit_Object_in_Carriageway,Vehicle_Leaving_Carriageway,Hit_Object_off_Carriageway,1st_Point_of_Impact,Was_Vehicle_Left_Hand_Drive?,Journey_Purpose_of_Driver,Sex_of_Driver,Age_of_Driver,Age_Band_of_Driver,Engine_Capacity_(CC),Propulsion_Code,Age_of_Vehicle,Driver_IMD_Decile,Driver_Home_Area_Type
2014120120680,3,9,0,18,0,0,0,0,0,0,2,1,6,1,38,7,1360,1,13,3,1
2014120120680,4,9,0,18,0,0,0,0,0,0,0,1,6,3,-1,-1,-1,-1,-1,-1,-1
2014120120730,1,9,0,18,0,0,0,0,0,0,3,1,6,3,-1,-1,-1,-1,-1,-1,-1
2014120120755,1,9,0,18,0,4,0,0,0,0,1,1,6,1,67,10,1995,2,2,3,1
2014120120755,2,1,0,18,0,8,0,0,0,0,2,1,6,1,27,6,-1,-1,-1,1,1
2014120120948,1,9,0,18,0,0,1,0,1,9,1,1,6,1,27,6,1398,1,-1,1,1
2014120121103,1,9,0,4,0,0,0,0,0,0,1,1,1,2,44,7,1149,1,4,5,1
2014120121103,2,19,0,3,0,0,0,0,0,0,2,1,1,1,28,6,1560,2,1,7,1
2014120121103,3,19,0,3,0,0,0,0,0,0,2,1,1,1,42,7,2488,2,1,1,1
2014120121145,1,9,0,9,0,5,0,0,0,0,1,1,6,1,44,7,-1,-1,-1,-1,-1
2014120121145,2,9,0,18,0,1,0,0,0,0,3,1,6,1,85,11,1398,2,11,4,1
2014120121453,1,8,0,18,0,8,0,0,0,0,1,1,1,1,39,7,2402,2,8,3,1
2014120121453,2,9,0,18,0,8,0,0,0,0,4,1,6,1,30,6,1910,2,7,1,1
2014120121536,1,9,0,7,0,6,0,0,4,1,3,1,6,1,48,8,1896,2,17,7,2
2014120121536,2,9,0,18,0,8,0,0,0,0,1,1,6,1,24,5,998,1,2,5,1
2014120121748,1,9,0,9,0,8,0,0,0,0,1,1,6,2,45,7,1396,1,3,7,1
2014120121748,2,5,0,4,0,8,0,0,0,0,1,1,2,1,21,5,929,1,14,8,3
2014120121932,1,9,0,5,0,2,0,0,0,0,4,1,6,2,37,7,1598,1,10,9,1
2014120121932,2,1,0,18,0,2,0,0,0,0,3,1,6,1,18,4,-1,-1,-1,5,1
2014120122009,1,9,0,17,0,0,0,0,1,10,1,1,6,1,70,10,1968,2,4,8,2
2014120122010,1,9,0,18,0,0,0,0,1,0,1,1,6,1,58,9,1248,1,3,2,1
2014120122010,2,90,1,18,0,0,1,0,0,0,1,1,1,1,51,8,11946,2,7,4,1
2014120122013,1,17,4,9,0,5,0,0,0,0,4,1,1,1,41,7,-1,2,13,9,2
2014120122013,2,9,0,18,0,8,0,0,0,0,1,1,6,2,69,10,1560,2,5,7,3
2014120122013,3,5,0,17,0,8,1,0,0,0,1,1,6,1,47,8,998,1,7,4,1
2014120122013,4,5,0,17,0,8,1,0,0,0,1,1,6,1,52,8,1340,1,4,6,3
2014120122089,1,9,0,4,0,1,0,0,0,0,1,1,6,1,67,10,1598,2,2,2,1
2014120122089,2,9,0,3,0,1,0,0,0,0,2,1,6,1,68,10,1896,2,5,9,3
2014120122089,3,9,0,3,0,1,0,0,0,0,2,1,6,1,26,6,1388,1,6,9,2
2014120122148,1,1,0,18,0,0,1,0,0,0,1,1,6,1,18,4,-1,-1,-1,9,3
2014120122401,1,5,0,16,0,0,0,0,7,0,3,1,6,1,32,6,749,1,7,7,3
2014120122462,1,11,0,16,0,0,0,0,0,0,0,1,1,2,47,8,4500,2,1,9,3
2014120122462,2,21,0,17,0,0,0,0,0,0,0,1,1,1,-1,-1,-1,-1,-1,-1,-1
2014120122710,1,19,0,5,0,0,0,0,0,0,3,1,6,1,-1,-1,-1,-1,-1,-1,-1
2014120122810,1,9,0,4,0,1,0,0,0,0,3,1,2,2,44,7,1242,1,2,9,1
2014120122810,2,1,0,18,0,8,0,0,0,0,1,1,6,1,10,2,-1,-1,-1,-1,-1
2014120122867,1,9,0,4,0,0,0,0,0,0,1,1,6,2,33,6,1956,2,4,4,1
2014120122867,2,1,0,18,0,0,0,0,0,0,1,1,6,2,51,8,-1,-1,-1,9,1
2014120122870,1,3,0,17,0,0,1,0,1,11,1,1,6,1,17,4,125,1,1,7,3
2014120122870,2,9,0,16,0,0,0,0,0,0,1,1,1,1,46,8,1686,2,9,2,1
2014120122884,1,5,0,16,0,0,1,0,0,0,1,1,6,1,40,7,599,1,6,3,1
2014120122884,2,9,0,17,0,0,0,0,0,0,1,1,2,1,45,7,1956,2,1,9,2
2014120122956,1,4,0,4,0,8,0,0,0,0,1,1,6,1,73,10,249,1,11,9,2
2014120122956,2,5,0,4,0,8,0,0,0,0,2,1,6,1,75,10,773,1,3,9,2
2014120123118,1,1,0,18,0,0,0,0,0,0,1,1,6,2,27,6,-1,-1,-1,4,1
2014120123153,1,9,0,10,0,1,0,0,0,0,1,1,6,1,18,4,1200,1,11,8,2
2014120123153,2,9,0,18,0,1,0,0,0,0,2,1,6,2,35,6,-1,-1,-1,9,2
2014120123153,3,9,0,18,0,1,0,0,0,0,2,1,6,2,49,8,1242,1,1,8,2
2014120123188,1,9,0,17,0,4,0,0,0,0,3,1,1,2,59,9,1198,1,11,8,3
2014120123188,2,1,0,18,0,4,0,0,0,0,1,1,6,1,60,9,-1,-1,-1,9,1
2014120123207,1,9,0,9,0,6,0,0,0,0,3,1,6,2,47,8,1242,1,2,6,3
2014120123207,2,9,0,18,0,1,1,0,0,0,1,1,1,1,48,8,-1,-1,-1,6,3
2014120123243,1,9,0,2,0,0,0,0,0,0,3,1,6,2,50,8,1582,2,4,10,1
2014120123243,2,1,0,14,0,0,0,8,0,0,1,1,6,1,50,8,-1,-1,-1,8,3
2014120123308,1,9,0,18,0,0,1,0,7,4,1,1,2,1,18,4,1598,1,8,6,1
2014120123342,1,9,0,5,0,1,0,0,0,0,1,1,6,1,68,10,1086,1,7,5,1
2014120123342,2,1,0,4,0,1,0,0,0,0,1,1,6,1,53,8,-1,-1,-1,6,1
2014120123342,3,1,0,4,0,1,0,0,0,0,1,1,6,1,35,6,-1,-1,-1,10,1
2014120123349,1,9,0,18,0,0,0,0,0,0,1,1,6,2,61,9,1061,1,11,9,1
2014120123349,2,9,0,3,0,0,0,0,0,0,2,1,6,2,50,8,1598,2,4,9,3
2014120123349,3,9,0,3,0,0,0,0,0,0,2,1,6,2,24,5,1149,1,9,5,1
2014120123435,1,9,0,18,0,0,1,0,0,0,1,1,1,2,18,4,1199,1,12,4,1
2014120123435,2,9,0,18,0,0,0,0,0,0,2,1,1,1,18,4,1422,2,4,7,3
2014120123539,1,9,0,5,0,4,0,0,0,0,3,1,6,1,25,5,1910,2,7,8,3
2014120123539,2,1,0,18,0,8,0,0,0,0,4,1,2,1,43,7,-1,-1,-1,7,3
2014120123630,1,9,0,18,0,2,0,0,0,0,1,1,6,1,22,5,1242,1,5,8,1
2014120123630,2,9,0,4,0,2,0,0,0,0,2,1,6,2,34,6,1956,2,4,4,1
2014120123871,1,5,0,18,0,1,1,0,0,0,1,1,6,1,58,9,2294,1,5,7,1
2014120123871,2,5,0,18,0,1,0,0,0,0,2,1,6,1,59,9,1198,1,-1,3,1
2014120123871,3,9,0,9,0,8,0,0,0,0,0,1,1,1,58,9,-1,-1,-1,6,3
2014120123960,1,5,0,18,0,0,0,0,0,0,1,1,6,1,67,10,397,1,10,6,3
2014120123960,2,9,0,3,0,0,0,0,0,0,1,1,6,1,56,9,-1,-1,-1,6,3
2014120124003,1,9,0,18,0,0,0,0,0,0,1,1,1,1,24,5,1582,2,3,-1,1
2014120124003,2,9,0,3,0,0,0,0,0,0,2,1,6,1,77,11,2457,1,15,7,2
2014120124027,1,9,0,13,0,0,0,0,0,11,0,1,1,1,60,9,1995,2,5,9,1
2014120124027,2,9,0,18,0,0,0,0,1,0,4,1,6,1,52,8,1560,2,7,10,1
2014120124155,1,90,0,18,0,0,0,0,0,0,3,1,6,1,61,9,3000,2,6,7,3
2014120124155,2,20,0,18,0,0,0,0,0,0,3,1,1,1,53,8,4461,2,4,4,1
2014120124164,1,9,0,18,0,0,0,0,0,0,4,1,6,1,41,7,1598,1,9,6,1
2014120124164,2,1,0,18,0,0,0,0,1,0,3,1,6,1,65,9,-1,-1,-1,5,1
2014120124177,1,9,0,4,0,0,0,0,0,0,2,1,2,1,64,9,2493,8,-1,6,1
2014120124177,2,9,0,4,0,0,0,0,0,0,1,1,6,2,45,7,1997,2,13,7,1
2014120124197,1,9,0,16,0,2,0,0,0,0,1,1,6,2,74,10,1329,1,4,4,1
2014120124197,2,9,0,17,0,2,0,0,0,0,2,1,6,2,45,7,1398,2,1,-1,-1
2014120124197,3,9,0,17,0,2,0,0,0,0,1,1,6,1,32,6,-1,-1,-1,8,3
2014120124277,1,9,0,4,0,8,1,0,0,0,1,1,6,1,55,8,1598,1,10,7,1
2014120124277,2,8,0,3,0,8,0,0,0,0,2,1,6,2,35,6,-1,-1,-1,9,1
2014120124277,3,9,0,3,0,8,0,0,0,0,2,1,6,2,38,7,1596,1,4,9,1
2014120124277,4,9,0,3,0,8,0,0,0,0,2,1,6,2,59,9,1242,1,2,2,1
2014120124277,5,9,0,1,0,6,0,0,0,0,0,1,6,1,82,11,1598,1,15,10,3
2014120124277,6,21,1,3,0,8,0,0,0,0,0,1,1,1,60,9,-1,-1,-1,-1,-1
2014120124313,1,19,0,1,0,0,0,0,0,0,2,1,1,1,26,6,2300,2,10,8,1
2014120124313,2,9,0,2,0,0,0,0,0,0,1,1,6,3,80,11,-1,-1,-1,9,1
2014120124582,1,9,0,9,0,6,0,0,0,0,3,1,1,1,70,10,1398,2,7,8,1
2014120124582,2,9,0,18,0,1,0,0,7,0,1,1,2,2,33,6,1198,1,1,8,2
2014120124909,1,1,0,18,0,0,0,0,1,0,3,1,6,1,43,7,-1,-1,-1,5,1
2014120124909,2,9,0,15,0,0,0,0,0,0,4,1,6,1,33,6,1242,1,2,9,1
2014120125008,1,9,0,9,0,8,0,0,0,0,4,1,6,1,66,10,1124,1,10,4,3
2014120125008,2,9,0,18,0,1,0,0,0,0,1,1,6,2,54,8,1896,2,11,8,1
2014120125484,1,5,0,17,0,8,0,0,0,0,0,1,6,3,-1,-1,-1,-1,-1,-1,-1
2014120125484,2,5,0,16,0,8,0,0,7,0,0,1,6,1,41,7,599,1,10,8,1
2014120125512,1,9,0,17,0,1,0,0,0,0,0,1,6,1,20,4,3200,2,9,9,3
2014120125573,1,9,0,18,0,1,0,0,0,0,4,1,6,2,66,10,1968,2,-1,10,2
2014120125573,2,9,0,9,0,6,0,0,3,0,1,1,6,1,74,10,1560,2,-1,2,3
2014120125683,1,5,0,16,0,0,1,0,7,10,1,1,6,1,59,9,-1,-1,-1,10,1
2014120125683,2,9,0,17,0,0,0,0,0,0,1,1,6,1,41,7,1560,2,-1,3,2
2014120125763,1,9,0,18,0,0,0,0,7,7,4,1,6,2,55,8,998,1,-1,8,1
2014120125763,2,9,0,18,0,0,0,0,7,0,4,1,6,1,29,6,1968,2,1,7,3
2014120125844,1,9,3,13,0,0,0,0,0,0,4,1,6,3,-1,-1,-1,-1,-1,-1,-1
2014120125844,2,1,0,18,0,0,0,10,0,0,3,1,6,2,45,7,-1,-1,-1,8,2
2014120125962,1,9,0,18,0,0,2,0,1,0,0,1,6,2,23,5,1870,2,11,-1,1
2014120126079,1,9,0,18,0,1,0,0,0,0,3,1,1,2,22,5,998,1,-1,2,1
2014120126079,2,19,0,18,0,1,0,0,0,0,1,1,6,1,54,8,2287,2,1,9,2
2014120126133,1,19,0,18,0,8,0,0,0,0,1,1,1,1,22,5,2463,2,11,8,3
2014120126133,2,9,0,10,0,8,0,0,0,0,2,1,6,2,63,9,1197,1,-1,8,3
2014120126146,1,3,0,18,0,8,0,0,0,0,1,1,6,1,17,4,124,1,8,-1,2
2014120126146,2,9,0,4,0,8,0,0,0,0,2,1,6,2,57,9,1360,1,8,-1,2
2014120126159,1,9,4,18,0,0,0,0,0,0,2,1,6,3,-1,-1,-1,-1,-1,-1,-1
2014120126159,2,1,0,18,0,0,0,0,0,0,4,1,6,1,78,11,-1,-1,-1,6,1
2014120126196,1,9,0,18,0,0,0,0,0,0,1,1,1,1,26,6,1598,1,13,3,1
2014120126340,1,3,0,18,0,1,0,0,7,11,4,1,6,1,17,4,124,1,9,-1,-1
2014120126340,2,9,0,9,0,1,0,0,0,0,3,1,6,1,41,7,1560,2,3,5,3
2014120126455,1,9,0,18,0,0,0,0,0,0,1,1,6,1,22,5,1242,1,17,5,1
2014120126455,2,9,0,3,0,0,0,0,0,0,2,1,6,1,28,6,1686,2,9,10,1
2014120126479,1,19,4,18,0,1,0,0,0,0,1,1,1,1,60,9,2987,2,7,8,3
2014120126479,2,9,0,18,0,1,0,0,0,0,1,1,2,2,41,7,1248,2,4,2,1
2014120126479,3,9,0,3,0,1,0,0,0,0,0,1,2,1,41,7,1985,1,14,9,3
2014120126479,4,9,0,10,0,1,0,0,0,0,3,1,6,2,56,9,1600,1,3,7,3
2014120126619,1,9,0,18,0,0,2,0,1,10,3,1,6,2,17,4,1399,2,10,7,2
2014120127025,1,5,0,16,0,0,0,11,0,11,3,1,6,1,67,10,1180,1,21,5,1
2014120127025,2,9,0,17,0,0,0,0,0,0,3,1,6,1,76,11,1999,1,9,9,1
2014120127162,1,3,0,17,0,0,0,0,1,0,1,1,6,1,18,4,125,1,2,9,1
2014120127482,1,9,0,18,0,0,1,0,0,0,1,1,2,1,27,6,-1,-1,-1,7,1
2014120127482,2,9,0,18,0,0,0,0,0,0,2,1,1,2,42,7,1968,2,2,8,1
2014120127756,1,19,4,18,0,0,0,0,0,0,3,1,1,1,54,8,2198,2,6,9,3
2014120127835,1,21,1,18,0,0,0,0,0,0,0,1,1,1,51,8,12777,2,3,3,1
2014120127835,2,9,0,18,0,0,0,11,3,0,1,1,1,1,28,6,1560,2,2,9,1
2014120127959,1,22,0,9,0,8,0,0,0,0,0,1,6,2,45,7,-1,3,-1,3,1
2014120127959,2,19,0,18,0,8,0,0,0,0,0,1,6,2,43,7,1868,2,14,3,1
2014120128037,1,9,0,11,0,0,0,0,0,0,1,1,6,1,29,6,1390,1,5,2,1
2014120128037,2,9,0,18,0,0,5,0,1,0,3,1,6,2,26,6,1198,1,-1,10,1
2014120128037,3,9,0,18,0,0,0,0,0,0,0,1,6,1,24,5,1799,1,4,7,1
2014120128037,4,9,0,18,0,0,0,0,0,0,0,1,6,2,-1,-1,-1,-1,-1,-1,-1
2014120128154,1,9,0,7,0,8,0,0,0,0,3,1,2,1,37,7,1956,2,4,9,1
2014120128154,2,1,0,18,4,2,0,0,0,0,1,1,2,1,35,6,-1,-1,-1,10,3
2014120128274,1,9,0,9,0,5,0,0,0,0,1,1,6,2,86,11,1396,1,12,6,3
2014120128524,1,9,0,4,0,1,0,0,0,0,2,1,6,2,54,8,1798,1,4,9,3
2014120128524,2,1,0,4,0,1,0,0,0,0,1,1,6,2,50,8,-1,-1,-1,9,3
2014120128533,1,9,0,17,0,0,0,0,1,0,3,1,6,2,64,9,1598,1,5,3,3
2014120128533,2,9,0,16,0,0,0,0,1,0,3,1,6,1,52,8,1968,2,2,5,3
2014120128670,1,9,0,9,0,6,0,0,1,10,4,1,6,2,80,11,1956,2,4,6,3
2014120128670,2,9,0,18,0,8,0,0,0,0,1,1,6,1,62,9,1796,1,1,5,3
2014120128871,1,9,0,16,0,0,1,0,0,0,1,1,2,1,58,9,1905,2,16,6,2
2014120128871,2,21,1,17,0,0,0,0,0,0,1,1,1,1,56,9,12777,2,4,8,2
2014120128908,1,9,0,9,0,8,0,0,0,0,4,1,1,2,26,6,-1,-1,-1,9,3
2014120128908,2,1,0,18,0,8,0,0,0,0,1,1,6,1,16,4,-1,-1,-1,9,3
2014120129047,1,9,0,16,0,0,2,0,7,11,3,1,6,1,20,4,2495,2,18,8,1
2014120129047,2,9,0,17,0,0,0,0,0,0,0,1,6,1,50,8,-1,-1,-1,-1,-1
2014120129078,1,19,0,18,0,0,1,0,7,0,1,1,1,1,56,9,2148,2,5,6,3
2014120129078,2,9,0,18,0,0,0,0,1,0,1,1,6,2,34,6,1396,1,5,8,3
2014120129083,1,4,0,16,0,0,1,0,0,0,0,1,6,2,23,5,125,1,34,10,2
2014120129192,1,9,0,18,0,0,0,0,0,0,1,1,6,3,-1,-1,-1,-1,-1,-1,-1
2014120129286,1,9,0,18,0,0,0,0,0,0,1,1,6,1,40,7,1461,2,8,-1,1
2014120129286,2,21,1,18,0,0,1,0,0,0,1,1,1,2,31,6,10308,2,6,9,3
2014120129355,1,9,0,16,0,0,1,0,1,4,1,1,6,2,57,9,1598,1,9,4,1
2014120129492,1,19,0,18,0,2,0,0,1,3,4,1,1,1,22,5,1995,2,3,-1,-1
2014120129506,1,9,0,5,0,0,0,0,0,0,1,1,1,3,45,7,1995,2,11,3,1
2014120129506,2,1,0,18,0,0,0,0,0,0,3,1,6,1,24,5,-1,-1,-1,9,1
2014120129589,1,9,0,9,0,6,0,0,0,0,1,1,6,1,69,10,1796,1,8,5,3
2014120129589,2,9,0,18,0,1,0,0,0,0,2,1,6,1,43,7,1242,1,11,2,1
2014120129615,1,1,0,18,0,1,0,0,0,0,4,1,6,2,45,7,-1,-1,-1,2,1
2014120129615,2,9,0,18,0,1,0,0,0,0,3,1,6,3,-1,-1,-1,-1,-1,-1,-1
2014120130214,1,9,0,17,0,0,0,0,7,1,1,1,6,1,32,6,-1,-1,-1,5,1
2014120130223,1,1,0,18,0,0,0,0,1,0,4,1,6,1,71,10,-1,-1,-1,8,3
2014120130226,1,1,0,18,0,0,0,0,1,0,1,1,6,1,44,7,-1,-1,-1,2,1
2014120130275,1,9,0,17,0,0,0,0,0,0,1,1,6,2,32,6,1390,1,-1,10,2
2014120130275,2,1,0,16,0,0,1,0,0,0,1,1,6,1,39,7,-1,-1,-1,8,1
2014120130324,1,1,0,18,0,0,0,0,0,0,1,1,6,1,55,8,-1,-1,-1,5,3
2014120130324,2,1,0,18,0,0,0,0,0,0,2,1,6,3,45,7,-1,-1,-1,-1,1
2014120130464,1,9,0,18,0,1,0,0,7,4,1,1,6,1,60,9,2400,2,-1,1,1
2014120130537,1,9,0,4,0,8,0,0,0,0,1,1,6,1,21,5,1997,1,9,6,2
2014120130537,2,9,0,4,0,8,0,0,0,0,2,1,6,2,41,7,1242,1,4,9,1
2014120130910,1,19,0,18,0,0,2,0,1,0,3,1,6,1,38,7,1868,2,9,3,1
2014120130910,2,9,0,18,0,0,0,0,1,0,3,1,6,1,31,6,1994,2,6,4,1
2014120130930,1,9,0,18,0,0,0,0,4,0,1,1,1,1,33,6,2494,2,3,4,1
2014120130930,2,9,0,4,0,0,0,0,4,0,2,1,6,2,25,5,1596,1,6,1,1
2014120130965,1,9,0,18,0,0,0,0,0,0,1,1,6,1,78,11,1399,1,10,1,1
2014120130965,2,9,0,18,0,0,0,0,0,0,2,1,6,1,46,8,999,1,-1,3,1
2014120130965,3,9,0,18,0,0,0,0,0,0,2,1,6,1,59,9,2497,2,7,9,1
2014120131051,1,9,0,4,0,1,0,0,0,0,0,1,6,1,31,6,1984,1,-1,4,1
2014120131070,1,9,0,13,0,0,0,0,1,0,1,1,1,1,45,7,1956,2,-1,4,1
2014120131070,2,9,0,18,0,0,0,0,0,0,1,1,6,2,52,8,1968,2,3,7,3
2014120131070,3,19,0,18,0,0,0,0,0,0,0,1,1,1,66,10,2800,2,12,6,1
2014120131415,1,9,0,18,0,1,0,0,0,0,1,1,6,1,18,4,1598,1,18,6,1
2014120131415,2,9,0,3,0,1,0,0,0,0,2,1,2,2,54,8,1299,1,12,9,2
2014120131464,1,9,0,18,0,8,0,0,0,0,3,1,6,2,62,9,1598,1,7,4,1
2014120131667,1,3,0,13,0,3,0,7,7,7,4,1,6,1,21,5,124,1,5,7,1
2014120131667,2,9,0,9,0,8,0,0,0,0,3,1,6,1,27,6,1596,1,12,7,1
2014120131901,1,1,0,18,0,0,0,0,0,0,1,1,6,1,20,4,-1,-1,-1,7,3
2014120131901,2,1,0,18,0,0,0,0,0,0,1,1,6,1,59,9,-1,-1,-1,7,3
2014120131901,3,1,0,18,0,0,0,0,0,0,1,1,6,1,45,7,-1,-1,-1,7,3
2014120132107,1,9,0,5,0,6,0,0,0,0,1,1,6,2,28,6,1422,2,5,7,1
2014120132107,2,9,0,18,0,1,0,0,0,0,1,1,2,2,58,9,1242,1,10,7,1
2014120132193,1,9,0,2,0,0,0,0,0,0,2,1,6,2,36,7,1560,2,8,8,1
2014120132193,2,9,0,18,0,0,0,0,0,0,1,1,6,1,73,10,1999,1,3,5,1
2014120132212,1,9,0,9,0,6,0,0,0,0,1,1,6,1,56,9,-1,-1,-1,7,1
2014120132212,2,9,0,18,0,1,0,0,0,0,3,1,6,2,35,6,2204,2,8,6,2
2014120132305,1,20,0,3,0,0,0,2,0,0,0,1,6,1,30,6,3908,2,7,-1,-1
2014120132314,1,9,0,17,0,0,1,0,0,0,2,1,6,1,22,5,2965,1,34,5,3
2014120132314,2,9,0,18,0,0,0,0,0,0,1,1,6,2,28,6,998,1,13,6,1
2014120132354,1,9,4,18,0,0,3,0,7,0,3,1,6,1,54,8,2495,2,12,8,3
2014120132354,2,21,1,18,0,0,2,0,1,0,3,1,1,1,56,9,4462,2,2,1,1
2014120132369,1,4,0,13,0,1,0,0,0,0,3,1,6,1,26,6,-1,-1,-1,5,2
2014120132369,2,9,0,18,0,1,0,0,0,0,4,1,6,2,72,10,1587,1,10,6,3
2014120132411,1,9,0,18,0,1,0,0,0,0,1,1,6,2,64,9,1995,2,1,8,2
2014120132411,2,1,0,18,0,1,0,0,0,0,4,1,2,1,42,7,-1,-1,-1,10,1
2014120132452,1,5,0,18,0,0,1,0,7,0,1,1,6,2,39,7,599,1,7,3,1
2014120132506,1,3,0,4,0,4,0,10,7,0,1,1,6,2,18,4,125,1,4,6,3
2014120132758,1,9,0,5,0,3,0,0,0,0,3,1,1,2,64,9,1124,1,10,6,1
2014120132758,2,9,0,18,0,4,0,0,0,0,4,1,2,2,38,7,1461,2,7,7,1
2014120132816,1,11,0,5,0,0,0,0,0,0,0,1,1,1,64,9,-1,-1,-1,3,1
2014120132864,1,9,0,4,0,0,0,0,0,0,2,1,6,2,65,9,1999,1,6,9,1
2014120132864,2,9,0,4,0,0,0,0,0,0,2,1,6,1,42,7,1995,2,4,6,1
2014120132864,3,9,0,4,0,0,0,0,0,0,1,1,6,1,49,8,1582,2,-1,10,1
2014120132961,1,21,1,18,0,0,0,0,0,0,3,2,1,1,30,6,-1,-1,-1,-1,-1
2014120132961,2,9,0,18,0,0,0,0,0,0,3,1,6,1,84,11,1364,1,3,6,1
2014120133027,1,5,0,17,0,0,1,0,1,11,1,1,6,1,42,7,599,1,14,6,1
2014120133094,1,5,0,18,0,0,1,10,1,0,4,1,6,1,66,10,1170,1,8,10,2
2014120133150,1,1,0,8,4,1,0,0,0,0,1,1,6,1,57,9,-1,-1,-1,3,1
2014120133150,2,9,0,7,0,1,0,0,0,0,2,1,6,2,54,8,998,1,13,9,1
2014120133465,1,3,0,17,0,0,1,0,0,11,4,1,1,1,19,4,124,1,-1,3,2
2014120133573,1,9,0,9,0,2,0,0,0,0,3,1,6,2,81,11,1199,1,13,4,2
2014120133573,2,5,0,18,0,1,0,0,0,0,1,1,6,1,44,7,1198,1,2,4,2
2014120133587,1,19,0,7,0,6,0,0,0,0,1,1,1,1,20,4,1998,2,11,6,1
2014120133587,2,3,0,18,0,1,0,0,0,0,4,1,1,1,20,4,100,1,16,7,1
2014120133655,1,9,0,17,0,0,5,0,7,11,1,1,6,2,21,5,1149,1,7,7,1
2014120133690,1,9,0,18,0,0,0,0,0,0,1,1,6,2,22,5,1199,1,14,7,1
2014120133737,1,5,0,17,0,0,1,0,1,11,4,1,6,1,31,6,625,1,9,4,3
2014120133815,1,9,0,9,0,6,0,0,0,0,3,1,2,1,28,6,2171,1,9,10,1
2014120133815,2,19,0,18,0,8,0,0,0,0,1,1,1,1,25,5,1997,2,8,6,1
2014120133851,1,9,0,18,0,0,1,0,0,0,1,1,2,1,20,4,1461,2,11,10,1
2014120133851,2,9,0,3,0,0,0,0,0,0,2,1,6,1,54,8,1363,2,10,7,3
2014120133851,3,9,0,3,0,0,0,0,0,0,2,1,6,1,64,9,2204,2,5,8,3
2014120134015,1,9,0,18,6,0,0,0,0,0,1,1,6,1,45,7,2000,2,8,9,1
2014120134015,2,9,0,18,0,0,0,0,0,0,4,1,2,2,35,6,1390,1,8,1,1
2014120134115,1,9,0,7,0,1,1,0,1,4,4,1,6,1,41,7,3201,1,17,1,1
2014120134190,1,9,0,9,0,6,0,0,0,0,1,1,6,2,63,9,1390,1,13,6,3
2014120134190,2,8,0,18,0,8,0,0,0,0,1,1,6,2,51,8,999,1,3,3,1
2014120134226,1,5,0,18,0,1,0,0,0,0,1,1,6,1,24,5,645,1,8,4,1
2014120134226,2,9,0,9,0,1,0,0,0,0,3,1,6,2,49,8,1198,1,2,9,1
2014120134290,1,9,0,9,0,8,0,0,0,0,1,1,6,1,83,11,-1,-1,-1,10,1
2014120134290,2,1,0,18,0,8,0,0,0,0,1,1,6,1,54,8,-1,-1,-1,3,1
2014120134292,1,9,0,18,0,1,0,0,0,0,1,1,6,2,29,6,1994,1,9,5,3
2014120134292,2,9,0,9,0,6,0,0,0,0,1,1,6,2,84,11,1396,1,10,6,3
2014120134293,1,5,0,17,0,0,1,0,0,0,0,1,6,1,48,8,1157,1,9,10,1
2014120134340,1,5,0,16,0,0,1,0,0,0,4,1,6,1,44,7,742,1,11,10,1
2014120134340,2,9,4,17,0,0,0,0,0,0,1,1,6,1,68,10,-1,-1,-1,8,3
2014120134436,1,9,4,9,0,1,0,0,0,0,0,1,6,1,48,8,-1,-1,-1,7,3
2014120134436,2,9,0,13,0,1,0,0,7,0,0,1,6,2,41,7,1598,1,7,4,1
2014120134447,1,5,0,16,0,0,1,0,1,11,4,1,6,1,46,8,599,1,15,5,3
2014120134539,1,9,0,18,0,1,1,0,1,10,1,1,2,1,28,6,1360,1,11,7,1
2014120134539,2,9,0,10,0,1,0,0,0,0,0,1,6,2,56,9,1360,1,7,9,1
2014120134578,1,9,0,18,0,0,2,10,1,9,1,1,6,1,39,7,1686,2,6,-1,-1
2014120134948,1,9,0,18,0,0,0,0,5,6,2,1,6,1,55,8,1796,1,12,2,1
2014120134948,2,9,0,18,0,0,0,0,0,0,1,1,1,1,60,9,999,1,2,10,2
2014120134978,1,9,0,15,0,0,0,0,0,0,4,1,6,2,40,7,1229,1,6,5,1
2014120134978,2,1,0,18,0,0,0,0,0,0,3,1,6,1,44,7,-1,-1,-1,10,1
2014120135007,1,9,0,15,0,0,0,0,0,0,4,1,6,1,33,6,1796,1,9,2,1
2014120135007,2,9,0,12,0,0,0,0,0,0,3,1,6,1,20,4,1149,1,12,6,3
2014120135035,1,2,0,18,0,0,0,0,0,0,3,1,6,2,16,4,-1,-1,-1,3,1
2014120135040,1,9,0,18,0,0,0,0,0,0,0,1,6,2,34,6,2993,2,4,4,3
2014120135122,1,19,0,3,0,1,0,0,0,0,2,1,6,3,30,6,-1,-1,-1,7,3