Accident_Index,Vehicle_Reference,Vehicle_Type,Towing_and_Articulation,Vehicle_Manoeuvre,Vehicle_Location-Restricted_Lane,Junction_Location,Skidding_and_Overturning,Hit_Object_in_Carriageway,Vehicle_Leaving_Carriageway,Hit_Object_off_Carriageway,1st_Point_of_Impact,Was_Vehicle_Left_Hand_Drive?,Journey_Purpose_of_Driver,Sex_of_Driver,Age_of_Driver,Age_Band_of_Driver,Engine_Capacity_(CC),Propulsion_Code,Age_of_Vehicle,Driver_IMD_Decile,Driver_Home_Area_Type
2014120148609,2,9,0,18,0,0,0,0,0,0,0,1,6,3,-1,-1,-1,-1,-1,-1,-1
2014120148762,1,5,0,18,0,0,1,0,0,0,4,1,6,1,41,7,749,1,11,5,2
2014120148847,1,1,0,18,0,0,0,0,0,0,1,1,6,2,57,9,-1,-1,-1,7,1
2014120148847,2,9,0,2,0,0,0,0,0,0,2,1,6,2,48,8,3498,1,9,8,3
2014120148911,1,9,0,18,0,0,0,0,1,4,1,1,6,1,74,10,1870,2,11,8,3
2014120148942,1,5,0,16,0,0,1,0,7,11,1,1,6,1,52,8,1137,1,12,10,2
2014120148942,2,20,0,17,0,0,5,0,0,0,3,1,6,2,34,6,5958,2,18,6,3
2014120148958,1,5,0,16,0,6,1,0,0,0,4,1,6,1,24,5,600,1,15,9,1
2014120149036,1,5,0,17,0,0,1,0,1,1,1,1,6,1,50,8,600,1,11,5,1
2014120149083,1,9,0,18,0,3,0,0,0,1,1,1,6,2,33,6,1197,1,-1,8,1
2014120149108,1,9,0,18,0,0,0,0,0,0,1,1,6,1,48,8,998,1,7,7,1
2014120149108,2,19,0,2,0,0,0,0,0,0,2,1,6,3,30,6,2402,2,7,7,1
2014120149316,1,9,0,17,0,0,2,0,2,4,1,1,6,2,39,7,1398,1,14,-1,1
2014120149331,1,9,0,9,0,6,0,0,0,0,1,1,2,2,64,9,2179,2,1,7,1
2014120149331,2,19,0,18,0,1,0,0,0,0,1,1,1,1,60,9,2998,2,2,7,3
2014120149371,1,9,0,13,0,0,0,0,0,0,1,1,6,1,33,6,1390,1,14,8,1
2014120149371,2,9,0,18,0,0,0,0,0,0,1,1,6,1,34,6,2490,1,18,6,3
2014120149371,3,9,0,18,0,0,0,0,0,0,0,1,6,1,50,8,2495,2,10,6,3
2014120149464,1,9,0,6,0,0,0,0,0,0,0,1,6,3,-1,-1,-1,-1,-1,-1,-1
2014120149464,2,9,0,2,6,0,0,0,0,0,0,1,6,1,85,11,1956,2,2,-1,-1
2014120149464,3,1,0,17,0,0,1,0,1,4,1,1,6,1,51,8,-1,-1,-1,8,3
2014120149725,1,1,0,18,0,8,0,0,0,0,2,1,6,1,11,3,-1,-1,-1,3,1
2014120149725,2,9,0,9,0,1,0,0,0,0,1,1,6,3,-1,-1,-1,-1,-1,-1,-1
2014120149894,1,9,0,18,0,0,5,0,2,11,1,1,6,1,24,5,998,1,14,7,1
2014120150218,1,9,0,5,0,1,0,0,0,0,1,1,6,2,23,5,1197,1,2,8,1
2014120150218,2,1,0,3,0,1,0,0,0,0,2,1,6,2,55,8,-1,-1,-1,4,1
2014120150218,3,1,0,3,0,1,0,0,0,0,0,1,6,1,53,8,-1,-1,-1,5,1
2014120150287,1,11,0,5,0,0,0,0,0,0,0,1,1,1,66,10,9360,2,6,5,3
2014120150289,1,19,0,7,0,1,0,0,0,0,3,1,6,1,30,6,1867,2,14,1,1
2014120150322,1,9,0,18,0,0,1,0,2,4,4,1,1,1,29,6,1200,1,1,8,2
2014120150322,2,17,4,18,0,0,0,0,0,0,0,1,1,1,20,4,6728,2,-1,8,3
2014120150702,1,9,0,16,0,0,1,0,1,6,3,1,6,1,21,5,1360,1,9,4,1
2014120150995,1,19,0,18,0,6,0,0,0,0,1,1,1,2,37,7,1560,2,5,7,3
2014120150995,2,5,0,18,0,1,1,0,0,0,4,1,6,1,52,8,1402,1,12,9,1
2014120151228,1,9,0,18,0,0,2,0,1,7,4,1,1,1,40,7,1560,2,6,1,1
2014120151235,1,9,0,18,0,1,0,0,0,0,1,1,1,1,50,8,2000,2,9,3,1
2014120151235,2,9,0,9,0,1,0,0,0,0,1,1,1,1,50,8,1976,1,4,7,3
2014120151272,1,9,0,18,0,8,1,0,1,4,1,1,2,1,23,5,1998,1,16,10,1
2014120151272,2,9,0,9,0,6,0,0,0,0,1,1,2,1,59,9,1248,1,5,9,2
2014120151325,1,3,0,18,0,8,0,10,0,0,1,1,4,1,17,4,125,1,-1,8,1
2014120151325,2,9,0,11,0,8,0,0,0,0,0,1,6,1,-1,-1,-1,-1,-1,-1,-1
2014120151438,1,19,0,18,0,1,0,0,0,0,1,1,1,1,63,9,1560,2,7,10,1
2014120151438,2,1,0,18,0,1,0,0,0,0,3,1,6,1,28,6,-1,-1,-1,10,2
2014120151580,1,9,0,4,0,0,0,0,0,0,1,1,6,2,30,6,-1,-1,-1,-1,-1
2014120151719,1,9,0,16,0,0,5,10,8,11,1,1,6,1,80,11,1422,2,4,-1,3
2014120151917,1,5,0,9,0,3,1,0,0,0,4,1,2,1,27,6,599,1,14,10,1
2014120151917,2,9,0,5,0,4,0,0,0,0,1,1,6,1,51,8,1699,1,8,9,1
2014120151994,1,3,0,6,0,0,0,0,0,0,3,1,6,2,34,6,125,1,8,1,1
2014120152362,1,9,0,11,0,0,1,0,1,0,4,1,6,1,52,8,1951,2,11,10,1
2014120152362,2,9,0,18,0,0,1,0,1,0,1,1,6,2,40,7,1388,1,6,1,1
2014120152747,1,9,0,18,0,0,0,0,0,0,1,1,6,1,74,10,1995,2,-1,4,1
2014120152750,1,9,0,9,0,5,0,0,1,11,1,1,6,2,41,7,1229,1,10,9,1
2014120152750,2,9,0,18,0,8,0,0,0,0,1,1,6,1,24,5,-1,-1,-1,8,3
2014120152865,1,3,0,18,0,0,0,0,0,0,1,1,1,1,24,5,85,1,15,-1,-1
2014120152865,2,9,0,6,0,0,0,0,0,0,3,1,6,1,50,8,4196,1,9,8,2
2014120152871,1,5,0,4,0,0,0,0,0,0,1,1,6,1,45,7,599,1,14,-1,1
2014120152871,2,9,0,4,0,0,0,0,0,0,2,1,6,1,63,9,1560,2,-1,9,2
2014120153074,1,19,0,18,0,0,2,0,7,11,2,1,6,1,30,6,2402,2,12,9,3
2014120153074,2,9,0,18,0,0,0,0,0,0,4,1,6,1,35,6,1560,2,3,10,1
2014120153337,1,9,0,4,0,1,0,0,0,0,2,1,6,1,65,9,998,1,2,3,1
2014120153337,2,9,0,4,0,1,0,0,0,0,2,1,6,1,58,9,1360,1,11,5,1
2014120153337,3,9,0,4,0,1,0,0,0,0,1,1,6,1,29,6,1598,1,13,3,1
2014120153481,1,9,0,4,0,1,0,0,0,0,1,1,6,1,66,10,1870,2,17,6,2
2014120153481,2,9,0,4,0,1,0,0,0,0,2,1,6,1,72,10,1582,2,1,6,1
2014120153481,3,9,0,4,0,1,0,0,0,0,2,1,6,1,45,7,2143,2,-1,8,2
2014120153592,1,5,0,18,0,1,0,0,1,9,1,1,6,1,21,5,645,1,12,4,1
2014120153592,2,9,0,9,0,1,0,0,0,0,0,1,6,1,20,4,1560,2,4,4,1
2014120153592,3,9,0,18,0,1,0,0,0,0,0,1,6,1,36,7,1896,2,13,3,1
2014120153592,4,9,0,18,0,1,0,0,0,0,2,1,6,1,67,10,1984,1,3,6,3
2014120153641,1,9,0,18,0,8,0,0,0,0,1,1,6,1,21,5,1600,1,15,5,3
2014120153641,2,9,0,18,0,8,0,0,0,0,2,1,1,1,45,7,1794,1,12,3,1
2014120153719,1,9,0,9,0,1,0,0,0,0,1,1,6,1,34,6,-1,-1,-1,9,1
2014120153719,2,5,0,7,0,1,0,0,0,0,3,1,6,1,62,9,-1,-1,-1,7,2
2014120153760,1,9,0,2,0,0,0,0,0,0,3,1,6,2,-1,-1,-1,-1,-1,-1,-1
2014120153760,2,1,0,14,0,0,0,0,0,0,1,1,6,1,72,10,-1,-1,-1,7,1
2014120153831,1,8,0,18,0,0,0,0,7,9,1,1,1,1,59,9,1560,2,9,5,1
2014120153833,1,9,0,17,0,0,0,0,1,9,4,1,6,1,34,6,998,1,1,9,1
2014120153984,1,9,0,18,0,8,0,0,0,0,1,1,6,1,64,9,1951,2,12,2,1
2014120153984,2,9,0,10,0,5,0,0,0,0,2,1,1,2,41,7,1248,2,8,6,2
2014120153994,1,1,0,18,0,8,0,0,0,0,4,1,6,1,31,6,-1,-1,-1,5,1
2014120153994,2,9,0,18,0,4,0,0,0,0,1,1,6,1,31,6,1598,1,7,1,1
2014120154017,1,21,1,18,0,0,1,0,0,0,0,1,1,2,50,8,12900,2,7,8,1
2014120154017,2,9,0,18,0,0,0,11,0,0,1,1,6,1,44,7,1999,2,12,-1,-1
2014120154021,1,21,0,18,0,0,5,0,1,0,1,1,1,1,54,8,6693,2,1,7,1
2014120154021,2,9,0,2,6,0,0,0,0,0,2,1,6,1,20,4,4000,1,9,-1,1
2014120154031,1,2,0,4,0,1,0,0,0,0,1,1,6,2,17,4,49,1,3,1,1
2014120154031,2,9,0,3,0,1,0,0,0,0,2,1,1,2,65,9,1498,1,6,6,1
2014120154081,1,22,0,18,0,0,5,10,0,0,1,1,6,1,82,11,-1,-1,-1,1,1
2014120154081,2,9,0,15,0,0,0,0,0,0,0,1,6,1,-1,-1,-1,-1,-1,-1,-1
2014120154107,1,19,4,5,0,1,1,0,0,0,4,1,1,1,51,8,2198,2,2,1,1
2014120154107,2,9,0,18,0,1,0,0,0,0,1,1,2,2,54,8,1686,2,9,7,3
2014120154283,1,5,0,18,0,0,1,0,0,0,3,1,6,1,29,6,865,1,4,5,3
2014120154283,2,9,0,18,0,0,0,0,0,0,3,1,6,1,51,8,1398,2,9,8,3
2014120154283,3,10,0,18,0,0,0,0,0,0,2,1,1,2,19,4,2460,2,8,4,1
2014120154309,1,9,0,14,0,0,0,0,0,0,1,1,6,2,22,5,1242,1,2,6,2
2014120154368,1,9,0,1,0,1,0,0,0,0,2,1,4,1,74,10,-1,-1,-1,9,3
2014120154368,2,9,0,3,0,1,0,0,0,0,1,1,6,2,50,8,1149,1,12,8,3
2014120154370,1,22,0,7,9,1,0,0,0,0,1,1,6,1,77,11,-1,-1,-1,5,3
2014120154513,1,9,0,17,0,0,2,0,1,0,1,1,6,1,17,4,1587,1,13,10,1
2014120154793,1,3,0,18,0,0,0,0,1,11,0,1,6,1,36,7,124,1,-1,-1,1
2014120155138,1,9,0,18,0,0,2,0,0,0,1,1,6,1,32,6,1905,2,16,-1,-1
2014120155203,1,9,0,18,0,1,0,0,0,0,4,1,6,2,77,11,1396,1,10,10,3
2014120155203,2,9,0,2,0,2,0,0,0,0,2,1,2,2,39,7,1390,1,3,10,2
2014120155203,3,9,0,2,0,2,0,0,0,0,1,1,1,1,26,6,2198,1,14,3,3
2014120155203,4,9,0,2,0,2,0,0,0,0,1,1,1,1,27,6,1248,2,3,-1,2
2014120155243,1,9,0,3,0,1,0,0,0,0,2,1,1,1,33,6,1910,2,8,3,1
2014120155243,2,98,0,4,0,1,0,0,0,0,1,1,6,1,-1,-1,-1,-1,-1,-1,-1
2014120155379,1,9,0,2,0,0,0,0,0,0,2,1,6,1,43,7,1390,1,15,3,1
2014120155379,2,1,0,18,0,0,0,8,0,0,1,1,6,1,19,4,-1,-1,-1,6,1
2014120155540,1,9,0,9,0,1,0,0,0,0,0,1,6,2,31,6,1560,2,1,5,1
2014120155540,2,1,0,18,0,1,0,0,0,0,1,1,6,2,39,7,-1,-1,-1,8,1
2014120155540,3,1,0,18,0,1,0,0,0,0,2,1,6,2,45,7,-1,-1,-1,6,1
2014120155597,1,9,0,17,0,0,1,0,1,9,1,1,6,1,49,8,1988,1,15,10,2
2014120155597,2,9,0,18,0,0,0,0,0,0,0,1,6,3,-1,-1,-1,-1,-1,-1,-1
2014120156064,1,9,0,7,0,0,0,0,0,0,4,1,6,1,18,4,1149,1,12,-1,-1
2014120156064,2,1,0,18,4,0,0,0,0,0,3,1,6,1,14,3,-1,-1,-1,-1,-1
2014120156313,1,9,0,18,0,8,0,0,0,0,1,1,6,1,35,6,1560,2,3,8,1
2014120156406,1,19,0,1,0,8,0,0,0,0,2,1,1,1,53,8,2198,2,4,-1,-1
2014120156539,1,9,0,6,0,0,0,0,7,11,3,1,6,2,19,4,1398,1,-1,3,1
2014120156539,2,9,0,13,0,0,0,0,7,0,1,1,2,1,58,9,1798,1,12,4,1
2014120156686,1,20,0,9,0,6,0,0,0,0,0,1,1,1,30,6,-1,-1,-1,5,1
2014120156686,2,9,0,18,0,8,1,10,0,0,1,1,2,1,40,7,1995,2,6,9,2
2014120157256,1,9,0,18,0,0,0,0,0,0,4,1,6,1,47,8,2497,2,9,-1,-1
2014120157428,1,1,0,7,0,2,0,0,0,0,1,1,6,1,-1,-1,-1,-1,-1,-1,-1
2014120157454,1,5,0,16,0,0,1,0,0,0,1,1,6,1,52,8,-1,-1,-1,9,1
2014120157454,2,9,0,17,0,0,1,0,1,0,3,1,6,1,47,8,2199,2,3,7,3
2014120157454,3,5,0,16,0,0,0,0,0,0,1,1,6,1,47,8,999,1,5,3,1
2014120157809,1,9,0,18,0,0,0,0,0,0,4,1,6,3,-1,-1,-1,-1,-1,-1,-1
2014120157809,2,1,0,18,0,0,0,0,0,0,3,1,6,2,36,7,-1,-1,-1,7,1
2014120157813,1,5,0,18,0,3,1,0,0,0,0,1,6,1,62,9,865,1,9,2,1
2014120157867,1,8,0,5,0,0,0,0,0,0,0,1,1,1,77,11,-1,-1,-1,7,1
2014120158117,1,21,0,9,8,6,0,0,0,0,4,1,1,1,30,6,12740,2,2,6,2
2014120158117,2,9,0,18,0,8,0,0,0,0,1,1,6,1,72,10,-1,-1,-1,8,3
2014120158126,1,5,0,16,0,0,1,0,0,0,1,1,6,1,59,9,1137,1,6,9,3
2014120158126,2,9,0,17,0,0,0,0,0,0,1,1,6,2,48,8,1968,2,1,6,3
2014120158161,1,9,0,17,0,0,2,0,2,10,1,1,6,1,26,6,1360,1,12,1,1
2014120158161,2,9,0,18,0,0,0,0,0,0,0,1,1,1,31,6,2993,2,1,10,1
2014120158268,1,21,1,4,0,0,0,0,0,0,2,1,1,1,60,9,12900,2,3,9,2
2014120158268,2,9,0,4,0,0,1,0,0,0,1,1,2,2,51,8,1984,2,7,3,1
2014120158270,1,9,0,13,0,0,0,0,0,0,1,1,6,1,22,5,1242,1,6,8,1
2014120158270,2,9,0,18,0,0,0,0,0,0,1,1,2,2,51,8,1400,2,7,9,3
2014120158270,3,9,0,18,0,0,0,0,0,0,0,1,2,2,36,7,2497,2,2,10,2
2014120158672,1,9,0,18,0,0,0,0,1,4,1,1,6,2,72,10,1339,1,-1,9,2
2014120158701,1,9,0,17,0,0,1,0,1,11,1,1,6,1,57,9,5998,1,10,10,1
2014120158701,2,8,0,17,0,0,1,0,1,11,4,1,1,1,61,9,-1,-1,-1,4,3
2014120158701,3,9,0,3,0,0,0,0,0,0,2,1,2,2,45,7,1781,1,11,3,1
2014120158701,4,9,0,18,0,0,1,0,0,0,1,1,6,1,62,9,-1,-1,-1,3,1
2014120158904,1,9,0,9,0,2,0,0,0,0,3,1,3,2,44,7,2000,2,10,10,1
2014120159210,1,9,0,10,0,1,0,0,0,0,2,1,6,1,61,9,1596,1,12,3,2
2014120159210,2,9,0,18,0,1,0,0,0,0,1,1,6,2,56,9,1360,1,7,7,1
2014120159918,1,9,0,18,0,0,0,0,0,0,0,1,6,1,59,9,2987,2,3,7,3
2014120159918,2,9,0,18,0,0,0,0,0,0,1,1,6,1,19,4,-1,-1,-1,7,3
2014120159918,3,1,0,18,0,0,0,0,0,0,1,1,6,1,68,10,-1,-1,-1,8,3
2014120160089,1,1,0,18,0,0,0,0,0,0,1,1,2,1,35,6,-1,-1,-1,6,1
2014120160089,2,20,0,2,0,0,0,0,0,0,2,1,1,1,41,7,4461,2,5,3,2
2014120160180,1,9,0,18,0,0,1,6,1,9,1,1,1,1,46,8,-1,-1,-1,7,3
2014120160180,2,11,0,18,0,0,0,6,0,0,1,1,3,1,43,7,5900,2,7,-1,3
2014120160325,1,3,0,18,0,1,1,0,0,0,0,1,6,1,18,4,124,1,4,8,3
2014120160447,1,9,0,18,0,0,0,0,0,0,0,1,6,3,-1,-1,-1,-1,-1,-1,-1
2014120160447,2,9,0,13,0,0,0,0,0,0,0,1,6,3,-1,-1,-1,-1,-1,-1,-1
2014120160447,3,9,0,4,0,0,0,0,1,0,2,1,6,2,50,8,1386,1,6,7,3
2014120160447,4,9,0,4,0,0,0,0,0,0,1,1,6,1,80,11,1596,1,9,6,3
2014120160523,1,9,0,18,0,0,5,0,7,11,4,1,6,2,19,4,1390,1,2,8,1
2014120160806,1,9,0,4,0,0,0,0,0,0,2,1,6,1,45,7,1388,1,3,7,3
2014120160806,2,9,0,18,0,0,0,0,0,0,1,1,6,2,53,8,-1,-1,-1,7,3
2014120160820,1,9,0,7,0,1,0,0,0,0,1,1,2,1,38,7,2793,1,17,10,1
2014120160820,2,9,0,7,0,1,0,0,0,0,2,2,3,1,45,7,4700,1,9,10,1
2014120160986,1,9,0,18,0,1,2,10,7,10,1,1,6,1,69,10,1197,1,-1,7,3
2014120160986,2,17,4,10,0,1,0,0,0,0,0,1,1,1,22,5,-1,2,1,9,3
2014120161044,1,9,0,7,0,4,0,0,0,0,3,1,2,2,53,8,998,7,7,10,2
2014120161044,2,1,0,18,0,3,0,0,0,0,2,1,2,1,55,8,-1,-1,-1,3,1
2014120161690,1,5,0,17,0,0,0,0,1,0,3,1,6,1,47,8,647,1,16,9,1
2014120161692,1,9,0,5,0,0,0,0,0,0,1,1,6,2,53,8,1968,2,4,4,1
2014120162024,1,9,0,7,0,8,0,0,0,0,1,1,6,2,50,8,-1,-1,-1,8,3
2014120162024,2,1,0,18,0,5,0,0,0,0,1,1,6,1,39,7,-1,-1,-1,3,1
2014120162086,1,9,0,9,0,1,0,0,0,0,4,1,1,1,44,7,1997,2,13,5,1
2014120162086,2,9,0,18,0,1,0,0,0,0,0,1,6,1,19,4,1598,2,-1,10,1
2014120162136,1,8,0,18,0,0,0,0,0,0,4,1,1,1,46,8,1796,1,6,10,1
2014120162347,1,9,0,4,0,1,0,0,0,0,1,1,1,1,50,8,1753,2,8,6,1
2014120162347,2,19,0,3,0,1,0,0,0,0,2,1,1,1,42,7,2151,2,12,8,3
2014120162427,1,9,0,7,0,1,0,0,0,0,4,1,6,1,68,10,2179,2,2,10,1
2014120162427,2,1,0,3,4,1,0,0,0,0,1,1,6,1,22,5,-1,-1,-1,9,1
2014120162502,1,1,0,18,4,0,0,0,0,0,0,1,6,1,17,4,-1,-1,-1,6,1
2014120162618,1,5,0,16,0,0,1,0,0,0,1,1,6,1,33,6,598,1,22,1,1
2014120162618,2,9,0,17,0,0,0,0,0,0,1,1,6,2,65,9,1198,1,4,10,2
2014120163132,1,17,0,17,0,0,0,0,1,3,1,1,1,1,21,5,450,1,-1,8,3
2014120163132,2,9,0,16,0,0,0,0,0,0,0,1,6,3,-1,-1,-1,-1,-1,-1,-1
2014120163326,1,10,0,9,0,8,0,0,0,0,0,1,1,1,27,6,-1,-1,-1,5,1
2014120163431,1,5,0,16,0,0,1,0,8,11,1,1,6,1,48,8,897,1,1,7,3
2014120163431,2,5,0,16,0,0,1,0,7,11,3,1,6,1,48,8,999,1,6,7,3
2014120163450,1,9,0,18,0,1,0,0,1,0,0,1,6,2,58,9,1796,1,11,5,2
2014120163487,1,1,0,18,0,1,0,0,0,0,1,1,2,1,27,6,-1,-1,-1,4,1
2014120163487,2,1,0,18,0,1,0,0,0,0,1,1,2,1,22,5,-1,-1,-1,-1,-1
2014120163642,1,9,0,18,0,0,2,0,8,11,1,1,2,2,26,6,1299,1,12,9,2
2014120163642,2,9,0,13,0,0,0,0,0,0,0,1,3,2,39,7,6208,1,1,-1,-1
2014120163642,3,21,1,18,0,0,0,0,0,0,0,1,1,3,40,7,-1,-1,-1,-1,-1
2014120163764,1,9,0,2,0,2,0,0,1,10,2,1,6,2,57,9,2179,2,2,9,3
2014120163837,1,9,0,17,0,0,1,0,0,0,1,1,2,1,21,5,1360,1,13,8,2
2014120163837,2,9,0,18,0,0,2,0,7,0,3,1,2,1,35,6,2179,2,2,3,1
2014120164237,1,9,0,10,0,1,0,0,0,0,2,1,6,2,32,6,998,1,1,2,1
2014120164237,2,9,0,18,0,1,0,0,0,0,1,1,6,1,26,6,1968,2,3,4,2
2014120164284,1,9,0,9,0,8,0,0,0,0,3,1,6,1,23,5,-1,-1,-1,7,1
2014120164284,2,5,0,18,0,8,0,0,7,0,1,1,6,2,59,9,1198,1,1,7,3
2014120164364,1,5,0,16,0,0,0,0,0,0,2,1,6,1,31,6,600,1,13,10,3
2014120164395,1,8,0,18,0,0,0,0,0,0,4,1,1,1,61,9,-1,-1,-1,9,1
2014120164524,1,8,0,9,0,5,0,0,0,0,1,1,1,1,45,7,1995,2,4,4,1
2014120164524,2,3,0,8,0,1,0,0,0,0,1,1,6,1,47,8,124,1,1,1,1
2014120164589,1,9,0,13,0,0,0,0,0,0,4,1,6,1,85,11,1998,1,7,7,2
2014120164589,2,1,0,18,0,0,0,0,0,0,3,1,2,1,46,8,-1,-1,-1,8,3
2014120164626,1,5,0,17,0,0,0,0,1,1,1,1,6,1,66,10,600,1,10,10,1
2014120164788,1,5,0,18,0,0,0,2,0,0,1,1,6,1,46,8,998,1,6,4,1
2014120165065,1,1,0,16,0,0,1,0,0,0,1,1,6,1,25,5,-1,-1,-1,-1,-1
2014120165118,1,9,0,18,0,0,2,11,1,11,1,1,1,1,33,6,-1,-1,-1,7,3
2014120165194,1,9,0,18,0,0,1,0,7,10,1,1,6,1,71,10,1798,1,4,6,2
2014120165194,2,9,0,18,0,0,2,0,7,10,3,1,2,1,55,8,1951,2,9,-1,1
2014120165360,1,21,1,18,0,0,0,0,0,0,1,1,1,1,49,8,11967,2,2,8,1
2014120165360,2,17,4,18,0,0,0,0,0,0,2,1,1,1,21,5,-1,2,8,7,3
2014120165439,1,9,0,9,0,5,0,0,0,0,1,1,6,1,40,7,1560,2,4,8,3
2014120165439,2,1,0,18,0,8,0,0,0,0,3,1,6,1,53,8,-1,-1,-1,8,3
2014120165453,1,21,1,4,0,4,0,0,0,0,2,1,1,1,46,8,12900,2,7,8,3
2014120165453,2,9,0,18,0,4,0,0,0,0,1,1,6,2,47,8,1364,1,4,4,1
2014120165586,1,9,0,13,0,0,0,0,0,0,4,1,6,3,-1,-1,-1,-1,-1,-1,-1
2014120165586,2,4,0,18,0,0,1,0,0,0,3,1,6,1,27,6,249,1,20,10,1
2014120165624,1,9,0,7,0,6,0,0,0,0,1,1,1,1,52,8,998,1,1,8,1
2014120165624,2,1,0,5,0,6,0,0,0,0,0,1,6,2,68,10,-1,-1,-1,3,1
2014120165662,1,1,0,7,0,8,0,0,0,0,3,1,6,1,79,11,-1,-1,-1,6,1
2014120165662,2,9,0,4,0,1,0,0,0,0,4,1,1,1,57,9,1753,2,4,9,3
2014120165670,1,9,0,2,0,0,0,0,0,0,2,1,6,2,42,7,1968,2,6,9,1
2014120165670,2,1,0,14,0,0,0,0,0,0,1,1,1,1,18,4,-1,-1,-1,7,1
2014120165786,1,11,0,3,0,1,0,0,0,0,0,1,1,1,52,8,6692,2,5,2,2
2014120165786,2,9,0,9,0,8,0,0,0,0,1,1,6,1,47,8,1968,2,1,10,1
2014120165786,3,1,0,18,0,8,1,0,0,0,1,1,6,2,18,4,-1,-1,-1,10,1
2014120165819,1,5,0,5,0,8,0,0,0,0,1,1,6,1,68,10,865,1,3,8,2
2014120165819,2,9,0,18,0,8,0,0,0,0,3,2,6,2,78,11,1398,1,1,8,3
2014120165825,1,8,0,2,0,0,0,0,0,0,4,1,6,1,30,6,-1,-1,-1,-1,-1
2014120165825,2,1,0,18,0,0,0,0,0,0,0,1,6,2,35,6,-1,-1,-1,4,1
2014120165845,1,9,0,9,0,5,0,0,0,0,4,1,6,2,19,4,1598,2,2,7,2
2014120165845,2,3,0,18,0,1,0,0,0,0,2,1,6,2,17,4,-1,-1,-1,7,1
2014120165994,1,1,0,18,0,0,0,0,0,0,4,1,6,1,23,5,-1,-1,-1,1,1
2014120165994,2,11,0,18,0,0,0,0,0,0,1,1,1,1,46,8,9360,2,7,10,1
2014120166099,1,9,0,17,0,0,1,10,8,2,1,1,6,1,29,6,1781,1,13,3,1
2014120166099,2,9,0,2,0,0,0,0,0,0,2,1,6,3,-1,-1,1364,1,5,7,1
2014120166099,3,9,0,2,0,0,0,0,0,0,2,1,6,3,-1,-1,2720,2,9,7,1
2014120166260,1,21,1,18,0,4,0,0,0,0,0,1,1,1,62,9,12740,2,4,4,1
2014120166260,2,1,0,17,0,8,0,0,0,0,0,1,6,1,49,8,-1,-1,-1,6,3
2014120166500,1,5,0,13,0,1,0,0,0,0,1,1,6,1,49,8,1250,1,13,3,1
2014120166500,2,9,0,5,0,6,0,0,0,0,3,1,6,2,33,6,1896,2,12,9,3
2014120166606,1,9,0,18,0,0,0,0,4,6,1,1,6,2,35,6,1399,1,8,10,1
2014120166852,1,9,0,17,0,0,0,0,1,10,1,1,6,2,38,7,-1,-1,-1,10,1
2014120167224,1,9,0,16,0,8,0,11,0,0,0,1,6,1,58,9,1910,2,11,10,2
2014120167224,2,5,0,16,0,8,1,0,7,0,0,1,6,1,61,9,1151,1,2,9,1
2014120167346,1,1,0,18,0,8,0,0,0,0,1,1,6,1,28,6,-1,-1,-1,5,1
2014120167346,2,9,0,9,0,8,0,0,0,0,1,1,6,1,44,7,1242,1,16,-1,-1
2014120167370,1,9,0,18,0,4,0,0,0,0,2,1,6,1,19,4,1587,1,10,7,1
2014120167370,2,9,0,18,0,4,0,0,0,0,1,1,6,1,19,4,998,1,1,5,1
2014120167390,1,2,0,18,0,0,0,12,0,0,1,1,1,1,41,7,49,1,10,9,3
2014120167525,1,9,0,18,0,1,0,0,0,0,1,1,3,2,45,7,-1,-1,-1,10,1
2014120167525,2,1,0,18,0,6,0,0,0,0,1,1,6,1,24,5,-1,-1,-1,6,1
2014120167563,1,9,0,5,0,0,0,0,0,0,1,1,6,2,44,7,1587,1,10,4,1
2014120167563,2,1,0,18,0,0,0,0,0,0,3,1,6,2,17,4,-1,-1,-1,6,1
2014120168095,1,9,0,16,0,0,2,0,1,11,1,1,6,1,22,5,1229,1,10,3,1
2014120168157,1,9,0,6,0,0,0,0,0,0,2,1,6,1,-1,-1,-1,-1,-1,-1,-1
2014120168157,2,1,0,18,0,0,0,0,0,0,1,1,2,1,39,7,-1,-1,-1,10,1
2014120168197,1,3,0,16,0,8,1,0,0,0,4,1,6,2,25,5,100,1,8,4,1
2014120168310,1,9,0,9,0,6,0,0,0,0,1,1,6,2,41,7,-1,-1,-1,9,3
2014120168310,2,9,0,18,0,1,0,0,0,0,1,2,6,2,60,9,-1,-1,-1,-1,-1
2014120168440,1,9,0,13,0,0,0,0,0,0,4,1,6,1,68,10,1588,1,9,7,2
2014120168440,2,1,0,18,0,0,0,0,0,0,3,1,2,2,26,6,-1,-1,-1,10,3
2014120168459,1,9,0,18,0,1,0,0,0,0,1,1,6,2,27,6,1149,1,12,1,1
2014120168459,2,9,0,9,0,1,0,0,0,0,3,1,6,1,82,11,1596,1,11,9,1
2014120168521,1,5,0,14,0,1,0,0,0,0,4,1,6,1,63,9,805,1,17,3,1