Accident_Index,Vehicle_Reference,Vehicle_Type,Towing_and_Articulation,Vehicle_Manoeuvre,Vehicle_Location-Restricted_Lane,Junction_Location,Skidding_and_Overturning,Hit_Object_in_Carriageway,Vehicle_Leaving_Carriageway,Hit_Object_off_Carriageway,1st_Point_of_Impact,Was_Vehicle_Left_Hand_Drive?,Journey_Purpose_of_Driver,Sex_of_Driver,Age_of_Driver,Age_Band_of_Driver,Engine_Capacity_(CC),Propulsion_Code,Age_of_Vehicle,Driver_IMD_Decile,Driver_Home_Area_Type
2014120207315,1,9,0,1,0,0,0,0,0,0,2,1,6,1,-1,-1,-1,-1,-1,-1,-1
2014120207315,2,9,0,2,0,0,0,0,0,0,2,1,1,1,45,7,1753,2,5,7,1
2014120207428,1,9,0,9,0,6,0,0,0,0,3,1,2,1,58,9,-1,-1,-1,9,1
2014120207428,2,5,0,18,0,1,0,0,0,0,1,1,2,1,47,8,582,1,13,9,2
2014120207429,1,9,0,9,0,5,0,0,0,0,2,1,2,1,20,4,2495,2,12,8,3
2014120207429,2,9,0,9,0,6,0,0,0,0,1,1,6,1,69,10,1988,1,13,9,3
2014120207447,1,9,0,16,0,1,0,0,0,0,1,1,2,2,34,6,2179,2,7,6,3
2014120207447,2,9,0,10,0,1,0,0,0,0,2,1,2,1,32,6,1199,1,14,3,1
2014120207447,3,21,1,17,0,1,0,0,0,0,1,1,1,1,32,6,11705,2,6,7,2
2014120207491,1,9,0,18,0,0,0,0,0,0,1,1,6,2,25,5,-1,-1,-1,-1,-1
2014120207491,2,9,0,18,0,0,0,0,0,0,2,1,6,2,32,6,1798,1,6,4,1
2014120207762,1,9,0,18,0,4,0,0,0,0,1,1,6,2,48,8,1360,1,9,9,1
2014120207762,2,9,0,18,0,8,1,0,0,0,4,1,6,2,55,8,1242,1,5,10,1
2014120207902,1,9,0,18,0,0,0,0,0,0,1,1,2,1,24,5,2497,1,9,10,1
2014120207962,1,9,0,18,0,4,0,0,0,0,1,1,6,1,23,5,1781,1,11,8,3
2014120208039,1,9,0,9,0,6,0,0,0,0,3,1,2,1,51,8,998,1,3,7,3
2014120208039,2,3,0,18,0,8,0,0,0,0,1,1,2,1,21,5,125,1,-1,10,1
2014120208233,1,11,0,18,0,1,0,0,0,0,1,1,1,1,52,8,3900,2,11,7,3
2014120208276,1,9,0,10,0,0,0,0,0,0,2,1,6,1,58,9,2199,2,-1,-1,-1
2014120208276,2,2,0,18,0,0,0,0,0,0,1,1,6,1,16,4,-1,-1,-1,4,1
2014120208283,1,21,0,1,0,6,0,0,0,0,2,1,1,1,30,6,6871,2,12,3,1
2014120208283,2,9,0,16,0,8,0,0,0,0,1,1,6,2,76,11,1498,1,7,8,3
2014120208346,1,90,0,17,0,0,0,0,1,11,1,1,6,1,50,8,1299,1,11,-1,-1
2014120208372,1,9,0,18,0,1,0,0,0,0,4,1,6,3,-1,-1,-1,-1,-1,-1,-1
2014120208389,1,9,0,18,0,1,0,0,0,0,1,1,6,2,18,4,1124,1,14,8,2
2014120208389,2,9,0,10,0,2,0,0,0,0,2,1,6,2,39,7,2290,1,10,6,3
2014120208404,1,9,0,3,0,0,0,0,0,0,1,1,6,2,47,8,1200,1,1,7,1
2014120208404,2,9,0,3,0,0,0,0,0,0,2,1,2,1,29,6,1560,2,9,9,3
2014120208404,3,9,0,3,0,0,0,0,0,0,2,1,1,2,56,9,1995,2,2,4,1
2014120208404,4,9,0,3,0,0,0,0,0,0,0,1,6,3,-1,-1,-1,-1,-1,-1,-1
2014120208426,1,9,0,9,0,5,0,0,0,0,1,1,2,2,38,7,1587,1,12,4,1
2014120208490,1,9,0,7,0,2,0,0,0,0,1,1,6,1,42,7,1995,2,8,6,3
2014120208490,2,1,0,18,0,1,0,0,0,0,4,1,6,2,65,9,-1,-1,-1,9,3
2014120208531,1,9,0,18,0,0,0,0,1,9,1,1,1,2,23,5,1360,1,10,6,1
2014120208683,1,2,0,18,0,1,1,4,0,0,1,1,2,1,17,4,49,1,7,10,1
2014120208683,2,9,0,10,0,8,0,0,0,0,3,1,6,2,64,9,2400,2,6,10,1
2014120208701,1,9,0,9,0,6,0,0,0,0,1,1,2,1,28,6,1968,2,4,6,1
2014120208701,2,9,0,18,0,8,0,0,1,0,4,1,3,2,37,7,998,1,11,6,1
2014120208722,1,9,0,2,0,0,0,0,0,0,3,1,6,2,78,11,2035,1,8,7,3
2014120208891,1,9,0,18,0,1,0,7,7,3,3,1,6,2,78,11,1242,1,4,7,2
2014120208933,1,9,0,8,0,8,0,0,0,0,3,1,6,1,93,11,1339,1,4,9,3
2014120208933,2,19,4,18,0,8,0,0,0,0,1,1,1,1,73,10,2477,2,7,6,3
2014120208966,1,9,0,9,0,6,0,0,0,0,4,1,2,1,62,9,1229,1,8,10,2
2014120208966,2,3,0,7,0,6,0,0,0,0,1,1,6,1,28,6,-1,-1,-1,3,1
2014120208993,1,21,1,9,0,5,0,0,0,0,1,2,1,1,34,6,-1,-1,-1,-1,-1
2014120208993,2,20,4,18,0,1,0,0,1,4,1,1,1,1,42,7,4461,2,5,2,1
2014120209050,1,9,0,9,0,6,1,0,0,0,1,1,6,1,22,5,1598,2,4,8,2
2014120209050,2,9,0,18,0,8,1,0,0,0,1,1,6,2,41,7,2687,1,7,10,3
2014120209323,1,9,0,9,0,2,0,0,0,0,1,1,1,1,64,9,3248,1,15,6,1
2014120209323,2,1,0,18,0,2,0,0,0,0,3,1,1,2,18,4,-1,-1,-1,8,1
2014120209546,1,9,0,9,0,8,0,0,0,1,4,1,6,2,77,11,1198,1,6,8,3
2014120209546,2,8,0,18,0,1,0,0,0,0,1,1,1,1,47,8,-1,-1,-1,10,1
2014120209728,1,9,0,9,0,6,0,0,0,0,3,1,6,1,24,5,1968,2,4,1,1
2014120209728,2,9,0,18,0,1,0,0,0,0,1,1,6,2,17,4,1968,2,-1,-1,-1
2014120209728,3,9,0,3,0,2,0,0,0,0,1,1,6,1,57,9,4164,2,10,7,3
2014120210181,1,9,0,18,0,1,0,0,0,0,1,1,2,1,26,6,1998,2,9,6,1
2014120210181,2,9,0,10,0,1,0,0,0,0,2,1,3,1,29,6,1584,1,7,-1,3
2014120210210,1,3,0,17,0,0,0,0,0,0,4,1,2,1,24,5,125,1,7,8,2
2014120210237,1,9,0,7,0,6,0,0,0,0,1,1,6,2,65,9,1968,2,8,9,2
2014120210265,1,9,0,18,0,0,0,0,0,0,4,1,6,3,-1,-1,-1,-1,-1,-1,-1
2014120210281,1,9,0,18,0,0,0,0,0,0,1,1,6,1,54,8,1396,1,2,7,1
2014120210281,2,9,0,3,0,0,0,0,0,0,2,1,6,2,54,8,1198,1,9,10,1
2014120210281,3,9,0,3,0,0,0,0,0,0,2,1,2,1,68,10,1149,1,6,7,1
2014120210281,4,9,0,3,0,0,0,0,0,0,2,1,6,2,35,6,998,1,10,7,1
2014120210284,1,9,0,7,0,8,0,0,0,0,4,1,6,3,30,6,-1,-1,-1,-1,-1
2014120210284,2,1,0,18,0,8,1,0,0,0,1,1,2,1,51,8,-1,-1,-1,3,1
2014120210351,1,9,0,17,0,0,2,0,1,11,1,1,6,2,22,5,1598,2,1,2,1
2014120210366,1,9,0,9,0,1,0,0,0,0,4,1,6,3,21,5,1596,1,15,7,3
2014120210366,2,1,0,18,0,1,1,0,0,0,1,1,6,1,29,6,-1,-1,-1,9,1
2014120210596,1,9,0,5,0,1,0,0,0,0,4,1,6,3,-1,-1,-1,-1,-1,-1,-1
2014120210626,1,9,0,18,0,1,0,0,1,0,1,1,6,1,25,5,999,1,5,6,3
2014120210626,2,9,0,7,0,1,0,0,1,0,2,1,6,1,71,10,1997,2,6,6,2
2014120210633,1,9,0,18,0,0,0,10,1,11,1,1,6,2,42,7,1497,8,-1,1,1
2014120210680,1,1,0,18,0,8,0,0,0,0,4,1,2,2,24,5,-1,-1,-1,10,1
2014120210680,2,9,0,18,0,4,0,0,0,0,1,1,6,1,62,9,1794,1,12,9,1
2014120210742,1,9,0,18,0,3,2,0,7,0,1,1,6,1,21,5,1390,1,13,-1,2
2014120211189,1,9,0,16,0,0,2,0,5,6,3,1,6,1,26,6,2143,2,-1,10,1
2014120211226,1,9,0,18,0,0,1,4,0,0,1,1,1,1,21,5,1560,2,6,10,1
2014120211226,2,9,0,2,0,0,0,0,0,0,2,1,6,3,-1,-1,1197,1,-1,10,1
2014120211226,3,9,0,2,0,0,0,0,0,0,2,1,6,3,-1,-1,1995,2,1,10,1
2014120211226,4,9,0,2,0,0,0,0,0,0,2,1,6,3,-1,-1,1968,2,3,10,1
2014120211323,1,8,0,5,0,1,0,0,0,0,1,1,1,1,34,6,2179,2,6,3,1
2014120211348,1,9,0,9,0,8,0,0,0,0,1,1,6,2,68,10,1560,2,7,6,2
2014120211348,2,9,0,18,0,8,0,0,0,0,1,1,6,1,19,4,1229,1,7,6,2
2014120211348,3,9,0,2,0,8,0,0,0,0,3,1,6,1,32,6,1596,1,7,7,3
2014120211402,1,9,0,18,7,0,0,4,0,0,1,1,6,1,64,9,1498,1,6,9,1
2014120211402,2,21,1,2,6,0,0,0,0,0,2,1,1,1,33,6,12777,2,3,4,1
2014120211628,1,9,0,18,9,1,0,0,0,0,3,1,6,1,30,6,1362,1,2,-1,1
2014120211759,1,9,0,9,0,2,0,0,0,0,1,1,2,1,51,8,1968,2,-1,9,1
2014120211759,2,1,0,18,0,1,0,0,0,0,4,1,2,2,45,7,-1,-1,-1,3,1
2014120211780,1,98,0,17,0,2,0,0,0,0,4,1,6,3,-1,-1,-1,-1,-1,-1,-1
2014120211780,2,1,0,17,0,1,0,0,0,0,3,1,6,2,84,11,-1,-1,-1,2,1
2014120211827,1,9,0,9,0,1,0,0,0,0,4,1,6,2,18,4,1229,1,1,5,2
2014120211827,2,19,0,18,0,1,0,0,0,0,1,1,1,1,39,7,-1,-1,-1,4,1
2014120211898,1,2,0,4,0,1,0,0,0,0,1,1,6,1,18,4,49,1,3,8,3
2014120211898,2,9,0,4,0,1,0,0,0,0,4,1,6,1,73,10,1590,1,10,3,1
2014120211955,1,9,0,3,0,4,0,0,0,0,1,1,1,2,41,7,-1,-1,-1,-1,1
2014120211955,2,9,0,18,0,4,0,0,0,0,2,1,6,1,85,11,1339,1,2,-1,-1
2014120212065,1,9,0,9,0,8,0,0,0,0,1,1,2,2,22,5,1686,2,9,8,2
2014120212100,1,9,0,13,0,0,0,0,0,0,1,2,2,2,69,10,1984,1,6,10,1
2014120212100,2,1,0,18,4,0,0,0,0,0,2,1,6,2,69,10,-1,-1,-1,10,1
2014120212100,3,9,0,18,0,0,0,0,0,0,0,1,6,3,-1,-1,-1,-1,-1,-1,-1
2014120212160,1,9,0,9,0,8,0,0,0,0,1,1,6,1,42,7,1242,1,6,3,2
2014120212160,2,1,0,18,0,8,0,0,0,0,3,1,6,1,42,7,-1,-1,-1,3,2
2014120212303,1,9,0,18,0,0,2,4,0,0,4,1,2,1,40,7,1560,2,2,8,2
2014120212303,2,9,0,2,0,0,0,0,0,0,3,1,6,3,-1,-1,-1,-1,-1,8,3
2014120212383,1,9,0,18,0,0,0,4,0,0,1,1,6,1,78,11,1560,2,3,7,3
2014120212760,1,21,1,13,0,0,0,0,0,0,1,1,1,1,69,10,12900,2,7,1,1
2014120212760,2,9,0,18,0,0,0,0,0,0,3,1,6,2,57,9,1598,1,5,5,1
2014120212760,3,9,0,18,0,0,0,0,0,0,2,1,6,1,36,7,1995,2,-1,5,1
2014120212951,1,9,0,4,0,0,0,0,0,0,1,1,6,1,29,6,1998,2,11,-1,1
2014120212951,2,9,0,4,0,0,0,0,0,0,2,1,6,1,29,6,1364,2,4,-1,1
2014120212974,1,11,0,7,0,5,0,0,0,0,1,1,1,1,54,8,-1,-1,-1,7,1
2014120213202,1,9,0,4,0,0,0,0,0,0,2,1,2,2,42,7,1242,1,7,-1,1
2014120213202,2,9,0,4,0,0,0,0,0,0,1,1,2,1,38,7,1598,1,9,3,1
2014120213202,3,9,0,18,0,0,1,0,0,0,1,1,2,1,37,7,1396,1,10,3,1
2014120213741,1,9,0,9,0,1,0,0,0,0,4,1,6,2,37,7,1242,1,1,1,1
2014120213741,2,1,0,15,0,1,0,0,0,0,1,1,6,1,74,10,-1,-1,-1,5,1
2014120213741,3,11,0,3,0,1,0,0,0,0,0,1,1,3,-1,-1,-1,-1,-1,-1,-1
2014120213749,1,9,0,18,0,1,0,0,0,0,2,1,6,2,49,8,1396,1,6,7,1
2014120213749,2,9,0,18,0,1,0,0,0,0,1,1,6,2,58,9,1388,1,5,5,1
2014120213873,1,9,0,5,0,4,0,0,0,0,3,1,6,2,52,8,999,1,1,10,1
2014120213873,2,1,0,9,0,4,0,0,0,0,3,1,6,1,24,5,-1,-1,-1,6,1
2014120214105,1,20,0,18,0,0,0,0,1,4,1,1,1,1,48,8,4462,2,1,2,1
2014120214105,2,21,1,5,0,0,0,0,0,0,2,1,1,3,44,7,12777,2,1,6,1
2014120214198,1,21,0,5,0,4,0,0,0,0,1,1,1,1,63,9,12777,2,2,3,1
2014120214198,2,9,0,18,0,8,0,0,1,2,4,1,6,2,67,10,1587,1,6,8,2
2014120214350,1,9,0,18,0,8,0,0,0,0,4,1,6,1,46,8,1796,1,9,4,1
2014120214350,2,9,0,18,0,8,0,0,0,0,3,1,2,1,28,6,1995,1,1,8,1
2014120214354,1,9,0,3,0,0,0,0,0,0,2,1,6,1,73,10,1560,2,3,9,2
2014120214354,2,21,1,4,0,0,1,0,0,0,1,1,1,1,52,8,7790,2,8,4,1
2014120214410,1,9,0,18,0,4,0,0,0,0,1,1,6,2,60,9,1199,1,13,6,1
2014120214410,2,1,0,18,0,8,1,0,0,0,4,1,6,1,78,11,-1,-1,-1,9,1
2014120214433,1,9,0,5,0,1,0,0,0,0,4,1,6,2,35,6,1596,1,11,10,2
2014120214509,1,9,0,18,0,0,0,0,0,0,1,1,6,1,31,6,1560,2,7,10,1
2014120214509,2,9,0,18,0,0,0,0,0,0,1,1,6,1,31,6,1956,2,4,5,1
2014120214509,3,9,0,18,0,0,0,0,0,0,2,1,6,1,27,6,1968,2,1,-1,2
2014120214511,1,9,0,18,6,0,1,0,0,0,1,1,1,1,23,5,1199,1,12,3,1
2014120214511,2,9,0,18,0,0,0,0,0,0,2,1,6,1,23,5,1999,1,8,9,2
2014120214511,3,9,0,18,0,0,0,0,0,0,2,1,6,1,60,9,1587,1,8,10,1
2014120214511,4,9,0,18,0,0,0,0,0,0,2,1,6,1,67,10,1598,1,14,4,1
2014120214527,1,11,0,5,0,4,0,0,0,0,1,1,1,1,38,7,11600,2,13,5,2
2014120214527,2,9,0,3,0,4,0,0,0,0,1,1,6,2,40,7,1560,2,9,10,2
2014120214621,1,9,0,18,0,1,0,0,0,0,1,1,6,1,38,7,1597,1,14,1,1
2014120214621,2,9,0,18,0,8,5,0,7,0,4,1,6,2,31,6,-1,-1,-1,6,1
2014120214653,1,9,0,16,0,0,5,6,7,10,1,1,6,1,25,5,2521,1,6,9,1
2014120214655,1,9,0,18,0,0,0,0,0,0,1,1,6,2,72,10,1328,1,4,10,3
2014120214655,2,19,0,18,0,0,0,0,0,0,2,1,6,1,49,8,2500,2,8,10,2
2014120214655,3,9,0,18,0,0,0,0,0,0,1,1,6,1,38,7,-1,-1,-1,6,2
2014120214655,4,9,0,18,0,0,0,0,0,0,2,1,6,1,34,6,998,1,13,3,1
2014120214655,5,9,0,18,0,0,0,0,0,0,1,1,6,2,49,8,1349,1,4,7,2
2014120214671,1,9,0,9,0,3,0,0,0,0,1,1,6,3,-1,-1,1997,2,9,-1,-1
2014120214671,2,9,0,4,0,4,0,0,0,0,3,1,6,1,35,6,1422,2,5,6,3
2014120214710,1,9,0,18,0,1,0,0,0,0,1,1,6,1,74,10,1596,1,-1,-1,-1
2014120214913,1,9,0,18,0,0,1,4,2,11,1,1,6,2,23,5,1389,1,16,8,2
2014120214913,2,9,0,2,0,0,0,0,0,0,2,1,6,3,-1,-1,1796,1,11,8,3
2014120215035,1,9,0,17,0,1,0,0,1,1,1,1,6,1,49,8,1598,1,15,6,3
2014120215045,1,9,0,18,0,0,0,0,0,2,3,1,1,1,54,8,1968,2,1,7,1
2014120215045,2,9,0,17,0,0,0,0,0,2,4,1,6,1,47,8,-1,-1,-1,8,1
2014120215073,1,9,0,18,0,4,0,0,0,0,1,1,6,2,20,4,1598,1,4,6,1
2014120215073,2,9,0,3,0,4,0,0,0,0,2,1,6,1,40,7,1685,2,1,8,1
2014120215073,3,9,0,3,0,4,0,0,0,0,2,1,6,1,39,7,1995,2,1,10,1
2014120215085,1,90,0,18,0,8,0,0,0,0,1,1,1,1,56,9,6870,2,1,7,1
2014120215085,2,9,0,18,0,8,0,0,0,0,3,1,6,1,47,8,995,1,2,8,1
2014120215086,1,9,0,12,0,0,1,0,0,0,1,1,6,2,29,6,1598,1,9,9,1
2014120215086,2,9,0,16,0,0,0,0,0,0,1,1,6,2,20,4,1598,1,3,10,1
2014120215105,1,9,0,17,0,0,2,0,7,0,0,1,6,1,18,4,1149,1,8,8,3
2014120215125,1,9,0,2,0,0,0,0,0,0,2,1,6,1,62,9,1994,2,12,7,3
2014120215125,2,9,0,1,0,0,0,0,0,0,2,1,6,2,54,8,1956,2,5,8,3
2014120215150,1,9,0,18,0,4,0,0,0,0,4,1,6,2,49,8,1199,1,-1,10,2
2014120215150,2,1,0,18,0,8,0,0,0,0,1,1,6,1,43,7,-1,-1,-1,8,3
2014120215162,1,9,0,18,0,0,5,0,1,11,1,1,6,1,80,11,1560,2,-1,1,1
2014120215196,1,5,0,18,0,0,1,0,0,0,3,1,6,1,76,11,-1,-1,-1,8,1
2014120215215,1,9,0,9,0,5,0,0,0,0,1,1,2,1,26,6,1968,2,5,9,1
2014120215215,2,9,0,18,0,1,0,0,0,0,1,1,6,1,43,7,1598,1,9,7,3
2014120215246,1,1,0,18,0,2,0,0,0,0,0,1,6,1,36,7,-1,-1,-1,8,1
2014120215287,1,19,4,13,0,0,0,0,0,0,0,1,6,1,48,8,2299,2,-1,7,3
2014120215287,2,9,0,18,0,0,5,0,1,10,4,1,6,2,58,9,1242,1,3,7,3
2014120215341,1,11,0,5,0,0,0,0,0,0,0,1,1,2,49,8,5900,2,8,6,1
2014120215857,1,9,0,9,0,6,0,0,0,0,1,1,6,1,67,10,2400,2,6,7,1
2014120215857,2,19,0,18,0,1,0,0,7,0,1,1,2,1,37,7,1686,2,10,8,2
2014120216243,1,19,0,18,0,0,0,0,0,0,4,1,6,1,-1,-1,-1,-1,-1,-1,-1
2014120216318,1,9,0,18,0,2,0,0,0,0,0,1,6,1,83,11,1390,1,-1,9,3
2014120216343,1,9,0,18,0,1,0,0,0,0,3,1,6,1,80,11,1363,2,9,3,2
2014120216367,1,9,0,3,0,0,0,0,0,0,2,1,2,1,41,7,2183,2,4,7,3
2014120216367,2,9,0,18,0,0,0,0,0,0,1,1,6,1,-1,-1,-1,-1,-1,-1,-1
2014120216526,1,9,0,18,0,0,0,0,1,10,1,1,2,1,24,5,1229,1,-1,5,1
2014120216561,1,9,0,17,0,0,5,0,7,9,3,1,6,1,20,4,1461,2,11,10,1
2014120216735,1,9,0,18,0,0,0,0,0,0,1,1,6,1,58,9,1248,1,1,9,1
2014120216912,1,9,0,7,0,3,0,0,0,0,4,1,2,1,32,6,1248,1,2,7,1
2014120216912,2,1,0,18,4,8,0,0,0,0,3,1,6,2,62,9,-1,-1,-1,5,1
2014120216952,1,19,0,18,0,0,0,0,0,0,2,1,1,1,38,7,2198,2,1,5,3
2014120216952,2,3,0,18,0,0,0,0,0,0,1,1,2,1,25,5,-1,-1,-1,5,1
2014120216963,1,11,0,2,0,0,0,0,0,0,0,1,1,1,52,8,-1,-1,-1,6,1
2014120216969,1,9,0,2,0,0,0,0,0,0,0,2,6,1,-1,-1,-1,-1,-1,10,1
2014120216969,2,3,0,18,0,0,0,4,0,0,1,1,6,1,27,6,124,1,5,5,1
2014120217109,1,9,0,18,0,0,0,0,7,1,4,1,1,1,54,8,1598,2,2,7,3
2014120217150,1,9,0,18,0,0,0,0,0,0,1,1,2,1,31,6,1199,1,11,10,1
2014120217150,2,9,0,3,0,0,0,0,0,0,2,1,6,1,25,5,1995,2,3,9,1
2014120217317,1,9,0,18,0,0,0,0,0,9,1,1,6,1,22,5,1368,1,2,6,3
2014120218004,1,9,0,18,0,0,0,0,7,11,3,1,6,1,74,10,1968,2,7,7,3
2014120218033,1,9,0,9,9,8,0,0,0,0,1,1,6,1,77,11,1582,2,4,10,1
2014120218074,1,19,0,17,0,0,0,0,7,0,3,1,1,1,29,6,2298,2,3,6,1
2014120218227,1,9,0,5,9,0,0,0,0,11,1,1,6,2,88,11,1389,1,9,8,2
2014120218267,1,9,0,18,0,1,0,0,0,0,1,1,6,1,67,10,1798,1,8,8,3
2014120218267,2,9,0,10,0,1,0,0,0,0,2,1,6,1,67,10,1242,1,4,8,3
2014120218297,1,9,0,17,0,0,0,0,1,9,1,1,6,2,27,6,1397,1,7,4,1
2014120218321,1,9,0,9,0,6,0,0,0,0,0,1,2,2,22,5,1398,1,3,6,2
2014120218342,1,9,0,3,0,1,0,0,0,0,2,1,2,2,30,6,1598,1,12,2,1
2014120218342,2,20,0,5,0,1,0,0,0,0,1,1,1,1,45,7,-1,-1,-1,-1,-1
2014120218603,1,9,0,4,0,4,0,0,0,0,4,1,3,2,36,7,1956,2,5,9,3
2014120218603,2,9,0,18,0,3,0,0,0,0,1,1,6,1,54,8,2495,2,18,6,3
2014120218671,1,9,0,9,0,0,0,0,0,0,4,1,6,1,70,10,-1,-1,-1,6,1
2014120218671,2,1,0,18,0,0,0,0,0,0,1,1,6,1,46,8,-1,-1,-1,9,1
2014120218719,1,9,0,3,0,1,0,0,0,0,2,1,6,2,45,7,1388,1,13,4,1
2014120218719,2,9,0,4,0,1,0,0,0,0,1,1,6,2,43,7,-1,-1,-1,8,1
2014120218736,1,9,0,17,0,0,1,0,1,4,3,1,2,1,33,6,-1,-1,-1,3,1
2014120218818,1,9,0,16,0,0,0,0,0,11,1,1,6,1,36,7,2261,1,8,-1,-1
2014120218818,2,9,0,17,0,0,1,0,0,0,2,1,3,2,46,8,1341,1,15,8,3
2014120218857,1,5,0,18,0,1,0,0,0,0,1,1,6,1,55,8,919,1,11,7,2
2014120218940,1,9,0,18,0,0,0,0,7,9,2,1,6,1,60,9,1895,1,14,5,2
2014120218996,1,9,0,9,0,6,0,0,0,0,3,1,2,2,54,8,1999,1,10,7,1
2014120218996,2,1,0,18,0,1,0,0,0,0,1,1,6,1,26,6,-1,-1,-1,2,1
2014120219043,1,1,0,18,0,1,0,0,0,0,1,1,6,1,34,6,-1,-1,-1,8,1
2014120219043,2,19,0,7,0,5,0,0,0,0,1,1,2,1,40,7,-1,-1,-1,5,1
2014120219168,1,9,0,17,0,0,5,0,2,11,1,1,6,1,25,5,1299,1,12,6,3
2014120219355,1,8,0,5,0,8,0,0,0,0,0,1,1,1,63,9,2460,2,6,5,1
2014120219419,1,9,0,9,0,6,0,0,0,0,3,1,6,1,30,6,998,1,2,9,1
2014120219419,2,1,0,18,0,1,0,0,0,0,1,1,2,1,49,8,-1,-1,-1,9,2
2014120219949,1,8,0,18,0,1,0,0,0,0,1,1,6,1,41,7,1797,8,4,2,1
2014120220123,1,9,0,9,0,1,0,0,0,0,1,1,6,2,30,6,1590,1,12,1,1
2014120220123,2,9,0,18,0,1,0,0,0,0,4,1,6,1,64,9,1461,2,2,1,1
2014120220123,3,9,0,10,0,1,0,0,0,0,1,1,6,2,50,8,1796,1,10,7,3
2014120220332,1,9,0,17,0,0,2,0,2,4,1,1,6,2,80,11,998,1,12,7,1
2014120220619,1,21,0,18,0,0,0,0,0,0,1,1,1,1,53,8,4580,2,1,6,1
2014120220750,1,17,4,18,0,0,0,0,0,0,3,1,1,1,37,7,-1,2,3,9,2
2014120220750,2,9,0,18,0,0,1,0,1,4,3,1,6,1,80,11,1248,1,5,7,2
2014120220796,1,9,0,18,0,0,0,0,1,0,1,1,6,2,18,4,1364,2,10,8,3
2014120220796,2,9,0,18,0,0,0,0,7,0,1,1,6,2,45,7,1198,1,6,4,2
2014120221040,1,9,0,9,0,5,0,0,0,0,4,1,6,1,31,6,1149,1,5,5,1
2014120221136,1,9,0,18,0,0,0,0,0,0,1,1,2,1,23,5,1248,2,-1,7,1
2014120221136,2,9,0,18,0,0,0,0,0,0,1,1,6,2,47,8,2401,2,10,8,1
2014120221326,1,9,0,9,0,6,0,0,0,0,3,1,2,2,49,8,2830,2,19,6,3
2014120221326,2,4,0,18,0,1,0,0,0,0,1,1,2,1,21,5,125,1,2,6,3
2014120221400,1,9,0,18,0,0,2,0,1,4,4,1,6,1,19,4,1229,1,7,9,1
2014120221625,1,9,0,18,0,1,0,0,0,0,1,1,6,2,75,10,1560,2,2,8,3
2014120221625,2,9,0,3,0,1,0,0,0,0,2,1,6,2,26,6,1364,1,11,5,2
2014120221694,1,9,0,17,0,0,2,0,7,9,1,1,6,2,17,4,1390,1,14,9,3
2014120221720,1,9,0,18,0,0,0,0,0,0,1,1,6,1,48,8,2993,2,4,9,3
2014120221720,2,9,0,18,0,0,0,0,0,0,3,1,6,2,76,11,1399,2,8,5,3
2014120221720,3,9,0,18,0,0,0,0,0,0,1,1,6,1,23,5,998,1,3,9,3
2014120221989,1,9,0,9,0,8,0,0,0,0,1,1,6,2,32,6,1998,2,1,4,1
2014120221989,2,9,0,18,0,1,0,0,0,0,3,1,6,1,77,11,1995,2,-1,9,2
2014120222126,1,9,0,16,0,0,2,0,0,0,1,1,6,2,20,4,-1,-1,-1,8,3
2014120222127,1,19,0,18,0,0,0,0,0,0,1,1,1,1,50,8,2198,2,4,4,1
2014120222127,2,19,0,4,0,0,0,0,0,0,2,1,2,1,24,5,1997,2,2,9,1
2014120222288,1,9,0,18,0,0,1,0,0,0,1,1,6,1,24,5,1198,1,12,6,1
2014120222288,2,9,0,18,0,0,0,0,0,0,1,1,6,2,52,8,2993,2,2,8,3
2014120222503,1,9,0,18,0,8,0,0,7,11,2,1,6,1,74,10,1587,1,9,8,3
2014120222503,2,9,0,18,0,1,0,0,7,11,1,1,6,1,51,8,1968,2,4,8,3
2014120222718,1,9,0,17,0,0,0,0,1,0,1,1,6,1,21,5,1299,1,10,10,3
2014120222718,2,9,0,18,0,0,0,0,7,0,1,1,6,2,25,5,1198,1,9,8,3
2014120222723,1,9,0,2,0,0,0,0,1,0,2,1,6,1,72,10,998,1,2,2,1
2014120222723,2,9,0,18,0,0,0,11,0,0,1,1,6,1,54,8,1997,1,4,6,1
2014120222723,3,9,0,18,0,0,0,4,0,0,1,1,6,2,62,9,1360,1,10,7,3
2014120222804,1,9,0,12,0,0,0,0,0,0,1,1,6,3,-1,-1,-1,-1,-1,-1,-1
2014120222804,2,9,0,18,0,0,5,7,5,6,3,1,6,1,29,6,1149,1,13,3,1
2014120222804,3,9,0,18,0,0,1,4,1,0,4,1,6,1,75,10,1596,1,7,7,1
2014120222847,1,9,0,18,0,0,2,0,7,0,1,1,6,2,19,4,1299,1,9,6,3
2014120223199,1,9,0,7,0,6,0,0,0,0,3,1,6,2,31,6,1248,2,7,6,1
2014120223199,2,9,0,18,0,1,0,0,0,0,1,1,6,1,50,8,1686,2,12,5,1
2014120223568,1,9,0,18,0,8,0,0,0,0,4,1,6,1,23,5,1797,8,-1,9,1