Accident_Index,Vehicle_Reference,Vehicle_Type,Towing_and_Articulation,Vehicle_Manoeuvre,Vehicle_Location-Restricted_Lane,Junction_Location,Skidding_and_Overturning,Hit_Object_in_Carriageway,Vehicle_Leaving_Carriageway,Hit_Object_off_Carriageway,1st_Point_of_Impact,Was_Vehicle_Left_Hand_Drive?,Journey_Purpose_of_Driver,Sex_of_Driver,Age_of_Driver,Age_Band_of_Driver,Engine_Capacity_(CC),Propulsion_Code,Age_of_Vehicle,Driver_IMD_Decile,Driver_Home_Area_Type
2014120223688,1,9,0,9,0,1,0,0,0,0,1,1,6,1,25,5,2496,1,10,10,1
2014120223688,2,1,0,18,0,1,0,0,0,0,1,1,2,2,25,5,-1,-1,-1,-1,-1
2014120223749,1,9,0,18,0,0,0,0,1,0,4,1,6,1,35,6,1390,1,10,5,1
2014120223749,2,9,0,18,0,0,0,0,0,0,3,1,6,1,52,8,1798,1,3,4,1
2014120223749,3,9,0,18,0,0,0,0,0,0,1,1,2,1,47,8,-1,-1,-1,5,1
2014120223912,1,9,0,5,8,0,0,0,0,0,0,1,6,1,19,4,1997,2,13,8,1
2014120223912,2,1,0,18,0,0,0,0,0,0,0,1,6,1,13,3,-1,-1,-1,2,1
2014120224058,1,9,0,17,0,0,1,0,1,11,3,1,1,1,40,7,1497,1,11,9,2
2014120224214,1,9,0,4,0,4,1,0,0,0,1,1,2,2,36,7,1560,2,3,6,1
2014120224214,2,9,0,17,0,3,0,0,0,0,4,1,6,1,59,9,996,1,1,10,1
2014120224269,1,9,0,18,0,5,0,0,0,0,0,1,4,2,61,9,1390,1,13,6,1
2014120224269,2,1,0,18,0,2,0,10,0,0,0,1,6,1,13,3,-1,-1,-1,9,1
2014120224275,1,9,0,18,0,1,0,0,0,0,1,1,6,3,25,5,2000,1,6,8,2
2014120224440,1,1,0,18,0,4,0,0,0,0,1,1,6,2,35,6,-1,-1,-1,5,1
2014120224440,2,9,0,18,0,4,0,0,0,0,1,1,6,1,-1,-1,-1,-1,-1,-1,-1
2014120224766,1,9,0,18,0,0,0,4,0,0,1,1,6,2,37,7,1242,1,7,1,1
2014120224766,2,9,0,2,0,0,0,0,0,0,2,1,6,1,20,4,1598,1,2,1,1
2014120224781,1,9,0,17,0,0,1,0,1,11,1,1,6,2,56,9,1240,1,7,10,2
2014120224782,1,9,0,18,0,0,2,0,7,11,1,1,6,1,26,6,-1,-1,-1,5,1
2014120224782,2,9,0,2,0,0,0,0,0,0,1,1,6,3,-1,-1,1995,2,14,9,3
2014120224905,1,9,0,18,0,0,0,0,0,0,1,1,1,1,18,4,-1,-1,-1,9,1
2014120224905,2,9,0,18,0,0,0,0,1,7,2,1,6,1,47,8,1956,2,3,9,1
2014120224905,3,9,0,18,0,0,0,0,1,7,2,1,6,2,22,5,1598,1,13,4,1
2014120224905,4,9,0,18,0,0,0,0,0,0,2,1,6,2,21,5,1596,1,9,-1,-1
2014120224905,5,9,0,18,0,0,0,0,0,0,2,1,6,2,30,6,3498,1,9,9,1
2014120224905,6,9,0,18,0,0,0,0,0,0,2,1,6,2,30,6,2362,1,15,6,1
2014120224905,7,9,0,18,0,0,0,0,0,0,2,1,6,1,67,10,1998,2,11,10,2
2014120225024,1,9,0,18,0,1,5,0,2,11,1,1,6,1,26,6,1461,2,5,-1,2
2014120225306,1,9,0,17,0,0,2,0,8,10,1,1,1,2,52,8,1229,1,1,4,1
2014120225386,1,9,0,9,0,1,0,0,0,0,1,1,6,1,18,4,1329,1,3,8,3
2014120225386,2,9,0,18,0,1,0,0,0,0,4,1,6,1,67,10,2143,2,3,10,1
2014120225646,1,9,0,5,0,8,0,0,0,0,3,1,6,1,18,4,1360,1,9,8,2
2014120225646,2,9,0,18,0,8,0,0,1,0,1,1,6,1,21,5,1596,1,6,7,2
2014130000292,1,9,0,18,0,0,0,0,0,0,1,1,6,2,21,5,1242,1,7,9,1
2014130000292,2,9,0,2,0,0,0,0,0,0,3,1,6,3,-1,-1,1360,1,11,-1,-1
2014130000292,3,9,0,18,0,0,0,0,0,0,3,1,6,3,38,7,1360,1,6,-1,-1
2014130000304,1,9,0,18,0,0,0,0,0,0,4,1,6,1,58,9,1198,1,2,9,1
2014130000717,1,9,0,4,0,0,0,0,0,0,2,1,1,1,34,6,1560,2,9,1,1
2014130000717,2,9,0,18,0,0,0,0,0,0,1,1,6,1,33,6,1248,2,1,4,1
2014130000746,1,9,0,5,0,8,0,0,0,0,1,1,6,1,51,8,1587,1,11,4,1
2014130000746,2,1,0,18,0,8,0,0,0,0,1,1,6,2,44,7,-1,-1,-1,-1,-1
2014130000809,1,9,0,18,0,0,0,0,0,0,4,1,2,1,34,6,998,1,11,6,1
2014130000809,2,9,0,2,0,0,0,0,0,0,2,1,6,3,-1,-1,-1,-1,-1,-1,-1
2014130000809,3,9,0,2,0,0,0,0,0,0,2,1,6,3,-1,-1,1598,1,9,-1,-1
2014130000834,1,9,0,16,0,1,1,10,1,10,3,1,6,2,29,6,2000,2,9,-1,-1
2014130000945,1,9,0,18,0,0,0,0,0,0,1,1,6,1,22,5,1896,2,12,2,1
2014130000945,2,9,0,2,0,0,0,0,0,0,2,1,6,1,-1,-1,1390,1,16,4,1
2014130000977,1,9,0,18,0,0,1,0,1,2,3,1,6,1,24,5,1997,1,15,6,1
2014130001153,1,9,0,18,0,6,0,0,0,0,3,1,6,2,42,7,1149,1,18,8,1
2014130001153,2,9,0,18,0,1,0,0,0,0,1,1,6,1,45,7,1598,1,13,7,1
2014130001657,1,9,0,18,0,1,0,0,0,0,1,1,6,1,63,9,-1,-1,-1,5,1
2014130001674,1,9,0,18,0,1,0,0,0,0,1,1,6,3,-1,-1,1275,1,14,-1,-1
2014130001777,1,9,0,9,0,8,0,0,0,0,4,1,6,1,28,6,1598,1,15,7,1
2014130001777,2,9,0,18,0,8,0,0,0,0,1,1,6,1,22,5,1229,1,3,8,1
2014130002026,1,19,0,1,0,0,0,0,0,0,2,1,1,1,54,8,1995,2,3,6,2
2014130002170,1,9,0,9,0,5,0,0,0,0,1,1,6,1,23,5,1560,2,1,1,1
2014130002296,1,9,0,18,0,8,0,0,0,0,1,1,6,1,54,8,1968,2,3,6,2
2014130002296,2,5,0,9,0,8,0,0,0,0,4,1,6,1,37,7,599,1,12,1,1
2014130002659,1,9,0,18,0,0,1,7,1,5,1,1,1,1,50,8,1995,2,-1,9,1
2014130002711,1,9,0,7,0,1,0,0,0,0,4,1,6,2,-1,-1,1598,1,8,-1,-1
2014130002711,2,1,0,18,0,1,0,0,0,0,1,1,6,2,20,4,-1,-1,-1,10,1
2014130002796,1,19,0,7,0,1,0,0,0,0,4,1,6,1,50,8,1896,2,6,5,1
2014130002796,2,8,0,18,2,1,0,0,0,0,1,1,1,1,65,9,-1,-1,-1,7,1
2014130002825,1,9,0,18,0,0,0,0,0,0,1,1,6,2,37,7,1242,1,1,5,3
2014130002825,2,21,0,18,0,0,0,0,0,0,2,1,1,1,60,9,8650,2,14,7,1
2014130002905,1,3,0,9,0,5,1,0,0,0,1,1,6,1,18,4,125,1,1,3,1
2014130002905,2,9,0,18,0,8,0,0,0,0,1,1,6,2,33,6,1560,2,8,10,1
2014130002917,1,9,0,9,0,8,0,0,0,0,1,1,6,2,45,7,1242,1,12,2,1
2014130002917,2,9,0,18,0,1,0,0,0,0,1,1,6,1,19,4,1299,1,11,10,1
2014130002930,1,11,0,18,0,0,0,0,0,0,0,1,1,1,60,9,9200,2,8,9,1
2014130003596,1,9,0,18,0,8,0,0,0,0,1,1,6,1,29,6,998,1,2,1,1
2014130003596,2,9,0,9,0,8,0,0,0,0,3,1,6,2,36,7,1995,2,13,5,1
2014130003882,1,9,0,17,0,0,1,4,8,10,1,1,6,1,34,6,3999,1,6,1,1
2014130003882,2,9,0,2,0,0,0,0,0,0,1,1,6,2,-1,-1,-1,-1,-1,1,1
2014130003882,3,9,0,2,0,0,0,0,0,0,1,1,6,2,-1,-1,1598,1,8,1,1
2014130003882,4,9,0,18,0,0,0,0,0,0,1,1,6,1,-1,-1,1398,2,10,1,1
2014130003882,5,9,0,2,0,0,0,0,0,0,1,1,6,1,-1,-1,2967,2,9,2,1
2014130004093,1,1,0,18,0,8,0,0,0,0,2,1,6,1,33,6,-1,-1,-1,1,1
2014130004093,2,9,0,5,0,6,0,0,0,0,1,1,6,1,46,8,1998,2,12,-1,-1
2014130004100,1,9,0,18,0,0,1,10,7,0,2,1,6,1,37,7,-1,-1,-1,10,1
2014130004100,2,9,0,18,0,0,0,0,0,0,1,1,6,1,59,9,1388,1,5,6,1
2014130004105,1,9,0,18,0,8,0,0,0,0,1,1,6,2,41,7,1242,1,8,8,1
2014130004105,2,11,0,9,0,8,0,0,0,0,1,1,6,1,58,9,7300,2,13,1,1
2014130004105,3,11,0,7,0,8,0,0,0,0,1,1,6,1,32,6,3900,2,10,1,1
2014130004401,1,9,0,7,0,2,1,0,1,1,1,1,6,2,36,7,1600,1,10,4,1
2014130004615,1,9,0,18,0,0,0,0,0,0,1,1,6,1,-1,-1,2979,1,2,-1,-1
2014130004615,2,3,0,18,0,0,0,0,0,0,2,1,6,1,35,6,124,1,1,-1,-1
2014130004621,1,9,0,18,0,0,0,0,0,0,1,1,2,1,30,6,1685,2,1,-1,-1
2014130004647,1,9,0,18,0,8,0,0,8,10,1,1,6,1,19,4,998,1,13,4,1
2014130004647,2,20,0,18,0,8,0,0,0,0,2,1,6,1,31,6,-1,-1,-1,2,1
2014130004647,3,9,0,18,0,8,0,0,0,0,4,1,6,2,28,6,1199,1,11,5,1
2014130004811,1,9,0,16,0,0,0,0,0,0,1,1,6,1,40,7,1896,2,10,3,1
2014130004811,2,9,0,17,0,0,0,0,0,0,1,1,6,1,44,7,1149,1,4,-1,1
2014130004956,1,2,0,16,0,0,0,10,8,2,4,1,6,1,16,4,49,1,4,10,2
2014130005228,1,9,0,18,0,0,0,0,0,0,4,1,6,3,-1,-1,-1,-1,-1,-1,-1
2014130005392,1,9,0,6,0,6,0,0,0,0,2,1,6,1,38,7,1598,1,7,3,1
2014130005392,2,3,0,18,0,1,0,0,0,0,1,1,6,1,17,4,124,1,1,9,3
2014130005796,1,3,0,16,0,1,1,0,1,10,3,1,6,1,17,4,124,1,27,4,3
2014130005796,2,9,0,18,0,2,0,0,0,0,3,1,6,2,38,7,2199,2,4,4,3
2014130005890,1,9,0,18,0,0,1,0,0,0,1,1,6,2,19,4,1896,2,8,1,1
2014130005902,1,9,0,16,0,0,0,0,0,0,1,1,6,1,24,5,1910,2,7,3,1
2014130005902,2,9,0,17,0,0,0,0,0,0,1,1,6,1,82,11,1598,1,7,2,1
2014130005922,1,9,0,18,0,6,0,0,0,0,1,1,6,1,27,6,1796,1,4,-1,1
2014130005922,2,9,0,18,0,8,0,0,0,0,4,1,6,2,22,5,998,1,-1,7,3
2014130006073,1,9,0,18,0,8,0,0,0,0,4,1,6,1,19,4,2000,2,10,8,1
2014130006073,2,8,0,18,0,1,0,0,0,0,1,1,1,1,39,7,1998,7,9,3,1
2014130006085,1,9,0,18,0,0,1,0,5,6,1,1,2,1,34,6,2198,2,8,2,1
2014130006476,1,9,0,18,0,1,0,0,0,0,1,1,6,3,-1,-1,-1,-1,-1,-1,-1
2014130006476,2,19,0,9,0,5,0,0,0,0,2,1,1,1,42,7,1399,2,4,4,1
2014130006932,1,9,0,18,0,2,0,0,0,0,1,1,6,1,81,11,1398,1,1,7,1
2014130007139,1,9,0,9,0,5,0,0,0,0,1,1,6,2,48,8,1991,2,9,9,1
2014130007139,2,1,0,15,4,1,0,0,0,0,1,1,6,2,21,5,-1,-1,-1,4,1
2014130007194,1,9,0,18,0,0,0,0,0,0,1,1,6,1,33,6,1984,1,7,2,1
2014130007194,2,9,0,18,0,0,0,0,0,0,2,1,6,1,30,6,1900,2,7,1,1
2014130007543,1,21,1,18,0,0,0,0,0,0,1,1,1,1,60,9,12902,2,1,-1,-1
2014130007543,2,21,1,2,0,0,0,0,0,0,2,1,1,1,41,7,11967,2,2,1,1
2014130007696,1,9,0,6,0,0,0,0,0,0,3,1,2,1,49,8,1995,2,-1,8,3
2014130007696,2,5,0,14,0,0,0,0,0,0,1,1,2,1,54,8,955,1,9,9,1
2014130007759,1,9,0,18,0,0,0,0,0,0,3,1,6,1,-1,-1,-1,-1,-1,-1,-1
2014130008391,1,9,0,18,0,0,0,0,0,0,1,1,6,1,49,8,1497,8,6,1,1
2014130008564,1,9,0,18,0,5,0,0,0,0,4,1,2,1,38,7,2179,2,2,1,1
2014130008595,1,9,0,18,0,0,0,0,0,0,1,1,6,2,46,8,-1,-1,-1,6,1
2014130008595,2,9,0,18,0,0,0,0,0,0,2,1,6,1,46,8,1248,2,5,7,1
2014130008750,1,9,0,18,0,1,0,0,0,0,4,1,6,1,52,8,1995,2,12,2,1
2014130008934,1,8,0,9,0,1,0,0,0,0,4,1,1,1,40,7,1910,2,7,2,1
2014130009282,1,20,0,18,0,0,0,0,0,0,4,1,6,1,19,4,-1,-1,-1,5,1
2014130009282,2,9,0,18,0,0,0,0,0,0,4,1,6,2,25,5,1582,2,2,-1,-1
2014130009294,1,1,0,18,0,1,0,0,0,0,1,1,6,1,45,7,-1,-1,-1,7,1
2014130009294,2,9,0,18,0,1,0,0,0,0,2,1,6,3,32,6,-1,-1,-1,-1,-1
2014130009540,1,9,0,18,0,0,0,0,0,0,1,1,6,1,21,5,1600,2,5,1,1
2014130009540,2,9,0,4,0,0,0,0,0,0,2,1,6,2,47,8,1198,1,2,9,1
2014130009642,1,9,0,9,0,6,0,0,0,0,1,1,6,1,72,10,1422,2,11,6,1
2014130009655,1,9,0,16,0,0,0,0,0,0,1,1,6,1,26,6,-1,-1,-1,-1,-1
2014130009910,1,9,0,18,0,0,0,0,0,0,1,1,6,1,65,9,1905,2,17,10,1
2014130009910,2,9,0,18,0,0,0,0,0,0,2,1,6,2,40,7,1896,2,7,-1,-1
2014130009950,1,9,0,18,0,1,0,0,0,0,1,1,6,2,44,7,1339,1,8,5,1
2014130010217,1,9,0,18,0,2,0,0,0,0,1,1,6,1,35,6,1762,1,15,3,1
2014130010217,2,9,0,2,0,2,0,0,0,0,2,1,6,3,-1,-1,998,1,1,-1,-1
2014130010225,1,9,0,18,0,1,0,0,0,0,1,1,6,1,21,5,973,1,12,1,1
2014130010271,1,9,0,18,0,0,0,0,0,0,1,1,6,1,22,5,1396,1,9,9,2
2014130010532,1,19,0,1,0,0,0,0,0,0,2,1,1,3,-1,-1,-1,-1,-1,-1,-1
2014130010532,2,9,0,2,0,0,0,0,0,0,2,1,6,1,-1,-1,1596,1,3,-1,-1
2014130010632,1,9,0,18,0,2,0,0,0,0,1,1,6,2,54,8,1686,2,4,-1,-1
2014130010668,1,9,0,18,0,0,0,0,0,0,1,1,6,1,41,7,3387,1,8,7,1
2014130010668,2,9,0,18,0,0,0,0,0,0,1,1,6,1,42,7,-1,-1,-1,-1,-1
2014130010668,3,9,0,18,0,0,0,0,0,0,0,1,6,1,46,8,1598,1,6,2,1
2014130010731,1,9,0,18,0,0,0,0,0,0,1,1,6,1,32,6,-1,-1,-1,4,1
2014130010731,2,9,0,18,0,0,0,0,0,0,2,1,6,1,33,6,1598,1,6,3,1
2014130010999,1,9,0,7,0,6,0,0,0,0,1,1,6,1,-1,-1,-1,-1,-1,-1,-1
2014130011308,1,21,0,11,0,0,0,0,0,0,1,1,1,1,39,7,12900,2,7,4,1
2014130011308,2,9,0,18,0,0,1,0,0,0,3,1,2,2,46,8,1968,2,4,1,1
2014130011386,1,9,0,4,0,0,0,0,0,0,2,1,6,1,41,7,1596,1,5,2,1
2014130011386,2,9,0,3,0,0,1,0,0,0,1,1,6,1,54,8,-1,-1,-1,3,1
2014130011515,1,11,0,3,0,0,0,0,0,0,0,1,1,1,54,8,9600,2,15,8,1
2014130011515,2,9,0,18,0,0,0,0,0,0,2,1,6,2,50,8,1998,1,8,3,1
2014130011600,1,8,0,9,0,6,0,0,0,0,3,1,1,1,43,7,1497,8,6,2,1
2014130011600,2,1,0,18,0,1,0,0,0,0,1,1,6,1,51,8,-1,-1,-1,4,1
2014130011667,1,8,0,18,0,1,0,0,0,0,0,1,6,1,-1,-1,2231,2,9,-1,-1
2014130011739,1,3,0,18,0,1,0,0,0,0,1,1,6,1,27,6,124,1,10,5,1
2014130011739,2,19,0,9,0,1,0,0,0,0,1,1,6,1,57,9,2151,2,11,3,1
2014130011739,3,9,0,8,0,1,0,0,0,0,0,1,6,2,36,7,1997,1,10,4,1
2014130012302,1,8,0,18,0,0,0,0,0,0,0,1,1,1,61,9,1997,2,6,1,1
2014130012354,1,9,0,18,0,0,0,0,0,0,1,1,6,2,37,7,1896,2,10,1,1
2014130012384,1,9,0,7,0,1,0,0,0,0,2,1,6,1,52,8,1560,2,2,8,3
2014130012384,2,9,0,13,0,8,0,0,0,0,1,1,6,1,64,9,1796,1,2,8,1
2014130012384,3,9,0,18,0,8,0,0,0,0,1,1,6,1,83,11,1796,1,10,8,1
2014130012384,4,9,0,18,0,8,0,0,0,0,1,1,6,2,37,7,1598,1,3,7,3
2014130013009,1,19,0,18,0,0,0,0,0,0,1,1,6,1,45,7,1560,2,1,4,1
2014130013009,2,9,0,18,0,0,0,0,0,0,1,1,6,1,56,9,1560,2,7,8,1
2014130013081,1,9,0,10,0,5,0,0,0,0,2,1,6,1,29,6,1998,1,8,4,1
2014130013081,2,9,0,18,0,1,0,0,0,0,1,1,6,1,19,4,1968,2,7,6,1
2014130013109,1,2,0,18,0,8,1,0,0,0,1,1,6,1,17,4,49,1,5,-1,1
2014130013109,2,9,0,9,0,6,0,0,0,0,3,1,6,2,38,7,1781,1,13,7,1
2014130013111,1,19,0,18,0,1,0,0,0,0,1,1,6,1,-1,-1,2198,2,1,-1,-1
2014130013111,2,9,0,3,0,1,0,0,0,0,2,1,6,1,42,7,1596,1,10,1,1
2014130013186,1,9,0,9,0,8,0,0,0,0,1,1,6,1,25,5,1390,1,11,1,1
2014130013186,2,9,0,18,0,8,0,0,0,0,1,1,2,1,22,5,2470,2,21,4,1
2014130013191,1,9,0,18,0,8,0,0,0,0,4,1,6,1,31,6,1598,1,12,1,1
2014130013191,2,9,0,9,0,8,0,0,0,0,3,1,6,1,27,6,1591,1,4,6,1
2014130013520,1,8,0,18,0,6,0,0,0,0,1,1,1,1,51,8,-1,-1,-1,1,1
2014130013520,2,9,0,10,0,8,1,0,0,0,3,1,6,1,57,9,3999,1,3,8,1
2014130013973,1,9,0,9,0,6,0,0,0,0,3,1,6,1,35,6,1975,1,10,6,1
2014130013973,2,9,0,18,0,1,0,0,0,0,1,1,6,1,20,4,1968,2,8,2,1
2014130014064,1,9,0,1,0,1,0,0,0,0,0,1,6,1,20,4,1968,2,1,1,1
2014130014359,1,9,0,18,0,0,0,0,0,0,4,1,6,1,32,6,-1,-1,-1,1,1
2014130014405,1,1,0,18,0,8,0,0,0,0,1,1,6,1,31,6,-1,-1,-1,7,1
2014130014405,2,20,0,7,0,6,0,0,0,0,1,1,6,1,-1,-1,-1,-1,-1,-1,-1
2014130014759,1,9,0,18,0,8,0,0,0,0,1,1,6,1,32,6,1598,1,6,4,1
2014130014759,2,9,0,18,0,8,0,0,0,0,3,1,6,2,22,5,1043,1,23,5,3
2014130015391,1,8,0,18,0,4,0,0,0,0,0,1,1,1,-1,-1,-1,-1,-1,-1,-1
2014130015815,1,9,0,18,0,1,0,0,0,0,4,1,2,1,59,9,1242,1,2,1,1
2014130015877,1,9,0,11,0,0,0,0,0,0,2,1,6,1,22,5,1461,2,10,8,1
2014130015877,2,9,0,3,0,0,0,0,0,0,1,1,6,1,40,7,1560,2,2,10,1
2014130015900,1,9,0,9,0,5,0,0,0,0,1,1,6,2,36,7,1753,2,4,3,1
2014130015901,1,10,0,9,0,5,0,0,0,0,4,1,6,1,53,8,2188,2,12,4,1
2014130015901,2,9,0,18,0,8,0,0,0,0,1,1,6,1,42,7,1995,2,14,5,1
2014130016076,1,9,0,9,0,5,0,0,0,0,1,1,6,2,17,4,1149,1,8,5,1
2014130016076,2,9,0,18,0,1,0,0,0,0,1,1,3,2,38,7,1560,2,7,6,1
2014130016210,1,19,0,4,0,1,0,0,0,0,1,1,6,1,65,9,2402,2,12,7,1
2014130016210,2,9,0,11,0,1,0,0,0,0,2,1,6,2,41,7,1968,2,3,10,1
2014130016216,1,9,0,18,0,0,0,0,0,0,1,1,6,3,-1,-1,-1,-1,-1,-1,-1
2014130016335,1,9,0,9,0,1,0,0,0,0,3,1,6,1,48,8,1995,2,1,9,1
2014130016335,2,9,0,18,0,1,0,0,0,0,3,1,6,2,62,9,996,1,3,3,1
2014130016394,1,9,0,18,0,8,0,0,1,10,1,1,6,1,24,5,1997,2,2,4,1
2014130016394,2,90,0,18,0,8,0,0,7,1,4,1,1,2,22,5,2987,2,2,8,1
2014130016527,1,19,0,18,0,0,0,0,0,0,4,1,6,1,30,6,2198,2,1,10,1
2014130016527,2,1,0,18,0,0,0,0,0,0,3,1,6,1,47,8,-1,-1,-1,2,1
2014130016778,1,9,0,4,0,1,0,0,0,0,2,1,6,1,31,6,1388,1,6,1,2
2014130016778,2,9,0,18,0,1,0,0,0,0,1,1,6,1,-1,-1,1951,2,11,-1,-1
2014130017096,1,9,0,18,0,0,1,0,1,6,3,1,6,1,18,4,1199,1,11,-1,1
2014130017157,1,9,0,18,0,0,0,0,0,0,3,1,6,1,45,7,-1,-1,-1,1,1
2014130017157,2,9,0,18,0,0,0,0,0,0,3,1,6,1,63,9,2902,2,9,8,1
2014130017611,1,9,0,18,0,8,0,0,0,0,0,1,6,1,-1,-1,1600,1,7,3,1
2014130017611,2,1,0,18,0,8,0,0,0,0,1,1,6,1,33,6,-1,-1,-1,9,1
2014130018121,1,9,0,18,0,4,0,0,0,0,3,1,6,1,67,10,998,1,2,7,3
2014130018121,2,1,0,18,0,8,0,0,0,0,2,1,6,1,63,9,-1,-1,-1,6,1
2014130018395,1,9,0,18,0,0,0,0,0,0,1,1,6,1,61,9,1388,1,7,-1,-1
2014130018422,1,9,0,6,0,0,0,0,0,0,3,1,6,2,53,8,1248,2,6,1,1
2014130018422,2,9,0,18,0,0,0,0,0,0,1,1,6,1,32,6,1796,1,12,2,1
2014130018509,1,9,0,18,0,0,0,0,0,0,1,1,6,2,64,9,1364,1,6,7,1
2014130018509,2,9,0,2,0,0,0,0,0,0,1,1,6,2,61,9,1388,1,8,5,3
2014130018623,1,9,0,9,0,5,0,0,0,0,1,1,6,2,60,9,1587,1,6,9,1
2014130018623,2,1,0,18,0,8,0,0,0,1,2,1,6,1,32,6,-1,-1,-1,7,1
2014130018677,1,9,0,18,0,0,0,0,0,0,1,1,6,1,58,9,-1,-1,-1,7,1
2014130018677,2,11,0,2,0,0,0,0,0,0,0,1,1,3,-1,-1,-1,-1,-1,-1,-1
2014130018681,1,9,0,18,0,0,0,0,0,0,1,1,2,2,41,7,1299,1,13,4,1
2014130018681,2,9,0,3,0,0,0,0,0,0,2,1,1,1,51,8,1679,1,13,5,2
2014130018714,1,9,0,18,0,8,0,0,0,0,1,1,6,1,73,10,1199,1,10,4,2
2014130018714,2,9,0,9,0,8,0,0,0,0,3,1,1,1,32,6,999,1,8,1,1
2014130018735,1,3,0,18,0,8,0,0,0,0,1,1,2,1,22,5,124,1,1,1,1
2014130018735,2,9,0,9,0,5,0,0,0,0,4,1,6,2,65,9,1600,1,8,10,1
2014130018843,1,9,0,17,0,6,1,0,0,10,1,1,6,1,24,5,1341,2,9,6,1
2014130018843,2,9,0,18,0,1,0,0,0,0,0,1,1,1,33,6,2993,2,1,6,1
2014130018925,1,9,0,18,0,1,0,0,0,0,1,1,6,1,47,8,1995,2,6,9,1
2014130018925,2,1,0,18,0,8,0,0,0,0,4,1,6,1,23,5,-1,-1,-1,8,1
2014130019263,1,19,0,18,0,0,0,0,0,0,4,1,1,1,-1,-1,2143,2,1,4,1
2014130019275,1,9,0,18,0,1,0,0,0,0,1,1,6,1,31,6,1896,2,11,5,2
2014130019275,2,9,0,18,0,1,0,0,0,0,2,1,6,2,23,5,999,1,1,4,1
2014130019476,1,9,0,18,0,0,1,0,1,0,1,1,2,1,24,5,973,1,12,5,1
2014130019476,2,9,0,18,0,0,0,0,2,0,2,1,1,2,58,9,1595,1,6,5,2
2014130019564,1,9,0,7,0,6,0,0,1,10,1,1,6,1,78,11,1598,1,8,6,1
2014130019564,2,19,0,18,0,1,0,0,0,0,4,1,6,1,39,7,1998,2,9,5,1
2014130019619,1,9,0,18,0,8,0,0,0,0,1,1,1,2,35,6,1198,1,4,5,1
2014130019619,2,9,0,3,0,8,0,0,0,0,2,1,1,2,27,6,1900,2,9,3,1
2014130019668,1,9,0,8,0,0,0,0,0,0,0,1,6,3,-1,-1,-1,-1,-1,-1,-1
2014130019668,2,9,0,18,0,0,0,0,0,0,3,1,6,2,42,7,1998,1,15,1,1
2014130019672,1,9,0,18,0,2,0,0,0,0,1,1,6,1,19,4,2982,2,7,5,1
2014130019672,2,8,0,4,0,2,0,0,0,0,2,1,1,1,44,7,1910,2,7,4,1
2014130019993,1,9,0,18,0,0,0,0,0,0,3,1,6,2,62,9,1796,2,1,6,1
2014130020104,1,9,0,4,0,0,0,0,0,0,1,1,2,1,27,6,1560,2,8,1,1
2014130020104,2,9,0,4,0,0,0,0,0,0,2,1,2,1,59,9,1968,2,2,4,1
2014130020104,3,9,0,4,0,0,0,0,0,0,2,1,1,1,28,6,1686,2,3,3,1
2014130020104,4,9,0,18,0,0,0,0,0,0,4,1,2,2,43,7,2204,2,5,10,1
2014130020255,1,9,0,9,0,0,0,0,2,0,1,1,6,2,29,6,1242,1,11,10,1
2014130020283,1,9,0,16,0,1,1,6,7,10,1,1,1,1,30,6,698,1,10,2,1
2014130020329,1,9,0,18,0,0,0,0,0,0,2,1,6,2,43,7,1396,1,12,1,1
2014130020329,2,9,0,18,0,0,0,0,0,0,1,1,6,1,34,6,1368,1,5,1,1
2014130020476,1,9,0,18,0,0,0,0,0,0,4,1,2,1,28,6,1997,2,10,5,1
2014130020476,2,1,0,12,0,0,0,0,0,0,1,1,2,1,40,7,-1,-1,-1,5,1
2014130020565,1,19,0,9,0,1,0,0,0,0,4,1,6,1,51,8,2402,2,7,3,1
2014130020565,2,5,0,18,0,1,0,0,0,0,3,1,6,1,43,7,599,1,19,2,1
2014130020707,1,9,0,18,0,8,0,0,0,0,1,1,1,2,34,6,1149,1,9,8,1
2014130020707,2,9,0,18,0,8,0,0,0,0,2,1,6,1,45,7,2191,2,1,6,3
2014130021125,1,8,0,18,0,2,0,0,0,0,4,1,1,1,45,7,1560,2,2,5,1
2014130021176,1,9,0,18,0,1,0,0,0,0,4,1,6,3,-1,-1,-1,-1,-1,-1,-1
2014130021485,1,9,0,18,0,1,0,0,0,0,1,1,6,1,45,7,2401,2,9,9,1
2014130021485,2,9,0,3,0,1,0,0,0,0,2,1,6,2,27,6,999,1,1,4,1
2014130021485,3,9,0,3,0,1,0,0,0,0,2,1,6,1,37,7,1995,2,6,2,1
2014130021485,4,9,0,3,0,1,0,0,0,0,2,1,6,1,58,9,1910,2,3,4,1
2014130021499,1,9,0,14,0,0,0,0,0,0,1,1,6,2,52,8,1596,1,2,7,1
2014130021634,1,9,0,18,0,2,0,0,0,0,1,1,6,2,56,9,1229,1,7,8,3