Accident_Index,Vehicle_Reference,Vehicle_Type,Towing_and_Articulation,Vehicle_Manoeuvre,Vehicle_Location-Restricted_Lane,Junction_Location,Skidding_and_Overturning,Hit_Object_in_Carriageway,Vehicle_Leaving_Carriageway,Hit_Object_off_Carriageway,1st_Point_of_Impact,Was_Vehicle_Left_Hand_Drive?,Journey_Purpose_of_Driver,Sex_of_Driver,Age_of_Driver,Age_Band_of_Driver,Engine_Capacity_(CC),Propulsion_Code,Age_of_Vehicle,Driver_IMD_Decile,Driver_Home_Area_Type
2014130057808,2,9,0,3,0,0,0,0,0,0,2,1,6,1,24,5,1596,1,1,-1,-1
2014130057808,3,9,0,3,0,0,0,0,0,0,2,1,6,1,29,6,1896,2,8,9,3
2014130057823,1,9,0,18,0,6,0,0,0,0,3,1,6,1,48,8,1783,1,12,-1,1
2014130057823,2,3,0,18,0,1,0,0,0,0,1,1,6,1,20,4,125,1,2,5,1
2014130058331,1,11,0,4,0,1,0,0,0,0,0,1,1,2,55,8,4760,2,3,8,1
2014130058392,1,3,0,18,0,1,1,0,0,0,1,1,2,1,61,9,124,1,1,4,2
2014130058392,2,9,0,3,0,1,0,0,0,0,2,1,2,1,61,9,1398,2,11,7,1
2014130058665,1,9,0,18,0,0,0,0,0,0,0,1,1,1,31,6,1984,2,3,9,1
2014130058665,2,9,0,2,0,0,0,0,0,0,0,1,1,1,30,6,-1,-1,-1,5,1
2014130058709,1,11,0,5,0,0,0,0,0,0,0,1,1,1,-1,-1,-1,-1,-1,-1,-1
2014130059087,1,9,0,18,0,0,0,0,0,0,4,1,6,2,50,8,1360,1,10,7,1
2014130059289,1,9,0,18,0,0,0,0,0,0,1,1,1,1,25,5,-1,-1,-1,5,1
2014130059289,2,9,0,4,0,0,0,0,0,0,2,1,6,2,45,7,1560,2,1,3,1
2014130059289,3,9,0,4,0,0,0,0,0,0,2,1,6,2,34,6,1598,1,11,3,1
2014130059666,1,9,0,6,0,1,0,0,0,0,3,1,6,2,23,5,1299,1,6,-1,-1
2014130059666,2,9,0,18,0,1,0,0,0,0,4,1,6,1,31,6,1799,1,8,-1,-1
2014130059746,1,9,0,3,0,1,0,0,0,0,1,2,6,1,30,6,1968,2,7,-1,-1
2014130059746,2,9,0,18,0,1,0,0,0,0,1,2,6,2,23,5,1229,1,9,1,1
2014130060114,1,9,0,18,0,8,0,0,0,0,0,1,6,3,-1,-1,-1,-1,-1,-1,-1
2014130060718,1,9,0,9,0,2,0,0,0,0,1,1,2,2,54,8,1248,1,2,-1,-1
2014130061009,1,9,0,18,0,0,0,10,4,2,1,1,6,2,43,7,1753,2,4,10,1
2014130061112,1,9,0,9,0,6,0,0,0,0,3,1,6,1,29,6,1587,1,12,7,1
2014130061112,2,3,0,13,0,1,0,0,0,0,1,1,6,2,24,5,124,1,1,4,1
2014130061243,1,9,0,5,0,0,0,0,0,0,4,1,6,2,53,8,1242,1,4,8,1
2014130061747,1,9,0,7,0,6,0,0,0,0,1,1,6,2,60,9,1598,1,7,3,1
2014130062257,1,9,0,9,0,0,0,0,0,0,2,1,6,3,29,6,-1,-1,-1,-1,-1
2014130062257,2,1,0,18,0,0,0,0,0,0,1,1,6,2,32,6,-1,-1,-1,7,1
2014130062310,1,11,0,5,0,0,0,0,0,0,0,1,1,1,23,5,7300,2,10,3,1
2014130062314,1,9,0,18,0,0,0,0,0,0,1,1,6,1,20,4,1242,1,7,6,1
2014130062987,1,9,0,18,0,1,0,0,0,0,1,1,6,1,37,7,1390,1,2,7,1
2014130062993,1,9,0,7,0,3,0,0,0,0,1,1,6,2,39,7,1595,2,4,10,1
2014130062993,2,9,0,9,0,8,0,0,0,0,3,1,6,2,-1,-1,1995,2,9,7,1
2014130063557,1,9,0,9,0,1,0,0,0,0,1,1,6,1,21,5,1582,2,5,1,1
2014130063557,2,1,0,18,0,1,0,0,0,0,2,1,6,2,22,5,-1,-1,-1,-1,-1
2014130063594,1,9,0,18,0,8,0,0,0,0,2,1,6,2,52,8,2969,2,5,7,1
2014130063594,2,9,0,18,0,8,0,0,0,0,1,1,6,1,34,6,1390,1,18,9,1
2014130064421,1,9,0,9,0,2,0,0,0,0,1,1,6,1,47,8,1995,2,6,-1,-1
2014130064421,2,4,0,10,0,1,0,0,0,0,3,1,6,2,23,5,498,1,24,3,1
2014130064491,1,9,0,18,0,0,0,0,1,0,1,1,6,1,93,11,1360,1,15,4,1
2014130064491,2,9,0,5,0,0,0,0,0,0,3,1,6,2,60,9,1396,1,1,8,1
2014130064491,3,9,0,5,0,0,0,0,1,0,2,1,6,1,30,6,1998,1,11,1,1
2014130064622,1,9,0,9,0,5,0,0,0,0,1,1,6,1,75,10,-1,3,1,-1,1
2014130096680,1,9,0,18,0,0,0,0,0,0,1,1,6,1,22,5,1984,1,5,1,1
20141300O1121,1,9,0,9,0,8,0,0,0,0,1,1,6,2,33,6,1360,1,6,-1,-1
20141300O1121,2,9,0,9,0,8,0,0,0,0,1,1,6,1,22,5,1398,1,1,-1,-1
2014130222955,1,9,0,18,0,0,1,0,5,6,3,1,2,1,23,5,1995,2,9,5,1
2014131112091,1,9,0,9,0,8,0,0,3,10,1,1,6,1,33,6,-1,-1,-1,4,1
2014131112091,2,9,0,18,0,8,0,0,0,0,4,1,1,1,58,9,1896,2,7,7,1
2014131120559,1,9,0,18,0,8,0,0,0,0,1,1,6,1,50,8,1796,1,13,2,2
2014131120559,2,9,0,9,0,5,0,0,0,0,2,1,6,1,60,9,1796,1,13,5,2
2014131120826,1,11,0,4,0,1,0,0,0,0,2,1,1,1,52,8,7300,2,9,-1,-1
2014131120826,2,19,0,18,0,1,0,0,0,0,1,1,6,3,-1,-1,-1,-1,-1,-1,-1
2014131121100,1,9,0,18,0,0,0,0,0,0,1,1,6,3,-1,-1,-1,-1,-1,-1,-1
2014131130519,1,9,0,18,0,0,0,0,0,0,1,1,6,1,86,11,1798,1,5,3,1
2014131130519,2,9,0,2,0,0,0,0,0,0,1,1,6,2,-1,-1,1198,1,1,7,1
2014131130519,3,9,0,2,0,0,0,0,0,0,2,1,6,2,-1,-1,1390,1,4,7,1
2014131131070,1,4,0,14,0,0,0,4,0,0,1,1,6,1,15,3,-1,-1,-1,2,2
2014131131070,2,9,0,2,0,0,0,0,0,0,2,1,6,2,50,8,4164,2,16,5,3
2014131140494,1,9,0,5,0,8,0,0,0,0,1,1,6,1,52,8,1398,1,1,4,1
2014131140494,2,1,0,18,0,8,2,0,0,0,4,1,6,1,40,7,-1,-1,-1,4,1
2014131140551,1,9,0,18,0,0,0,0,1,0,1,1,6,2,31,6,1360,1,3,6,1
2014131140551,2,9,0,18,0,0,0,0,0,0,2,1,6,1,66,10,1229,1,2,10,1
2014131141205,1,9,0,7,0,1,0,0,0,0,1,1,6,1,-1,-1,2099,1,11,2,1
2014131160523,1,9,0,4,0,0,1,0,1,3,1,1,6,2,20,4,1199,1,11,5,1
2014131160523,2,9,0,4,0,0,0,0,0,0,2,1,6,2,58,9,1199,1,10,2,1
2014131160523,3,9,0,4,0,0,0,0,0,0,2,1,6,1,55,8,1390,2,13,-1,1
2014131160554,1,9,0,18,0,1,0,0,0,0,3,1,6,2,62,9,1242,1,15,7,3
2014131160977,1,9,0,18,0,0,0,0,0,0,1,1,2,1,21,5,1299,1,14,5,2
2014131160977,2,9,0,3,0,0,0,0,0,0,2,1,2,1,28,6,-1,-1,-1,9,1
2014131160977,3,9,0,3,0,0,0,0,0,0,1,1,2,1,44,7,2494,2,2,4,1
2014131161148,1,9,0,16,0,0,1,0,0,0,1,1,6,1,49,8,2429,1,9,8,3
2014131161148,2,9,0,17,0,0,0,0,0,0,1,1,6,2,28,6,2204,2,9,3,2
2014131170403,1,19,0,9,0,8,0,0,0,0,3,1,1,1,23,5,1686,2,9,2,1
2014131170569,1,9,0,9,0,8,0,0,0,0,4,1,6,1,27,6,1398,1,9,5,2
2014131170569,2,9,0,18,0,8,0,0,0,0,1,1,6,2,68,10,1388,1,2,8,3
2014131170805,1,9,0,18,0,0,0,0,0,0,1,1,6,1,-1,-1,-1,-1,-1,-1,-1
2014131170961,1,2,0,18,0,0,5,0,0,0,1,1,6,1,38,7,49,1,1,1,1
2014131171369,1,9,0,7,0,0,1,0,0,0,2,1,6,1,22,5,2967,2,3,6,3
2014131171369,2,9,0,18,0,0,1,0,0,0,0,1,6,1,25,5,1598,2,1,4,1
2014131180869,1,9,0,4,0,0,1,0,0,0,1,1,6,1,69,10,1299,1,10,-1,1
2014131180869,2,9,0,4,0,0,0,0,0,0,2,1,6,2,41,7,1388,1,9,7,3
2014131180869,3,9,0,4,0,0,0,0,0,0,2,1,6,2,55,8,1685,2,3,8,3
2014131181166,1,9,0,6,0,0,0,0,0,0,3,1,6,2,26,6,1598,1,9,8,1
2014131181166,2,9,0,14,0,0,0,0,0,0,4,1,6,1,80,11,1499,2,1,4,1
2014131181170,1,9,0,11,0,0,0,0,0,0,4,1,6,1,18,4,1229,1,-1,7,1
2014131181170,2,11,0,4,0,0,0,0,0,0,3,1,1,1,35,6,6871,2,3,-1,-1
2014131181170,3,9,0,4,0,0,0,0,0,0,2,1,6,2,49,8,1868,2,15,2,1
2014131181170,4,9,0,4,0,0,0,0,0,0,2,1,6,2,36,7,1198,1,6,8,1
2014131181742,1,9,0,18,0,2,5,0,0,10,1,1,6,1,57,9,1796,1,9,5,1
2014131190260,1,3,0,18,0,8,0,0,0,0,1,1,2,1,33,6,125,1,2,6,1
2014131190260,2,9,0,9,0,8,0,0,0,0,1,1,2,2,43,7,1984,1,8,7,1
2014131190289,1,19,0,4,0,0,0,0,0,0,2,1,1,1,36,7,1998,2,13,1,1
2014131190289,2,2,0,18,0,0,0,0,0,0,1,1,6,1,17,4,49,1,1,5,1
20141311A0238,1,9,0,18,0,0,0,0,0,0,1,1,6,3,-1,-1,-1,-1,-1,-1,-1
20141311A0238,2,9,0,18,0,0,0,0,4,6,2,1,2,1,35,6,1612,1,3,9,1
20141311A0238,3,9,0,18,0,0,0,0,0,0,2,1,2,1,25,5,1560,2,6,6,2
20141311A0383,1,9,0,18,0,1,0,0,0,0,1,1,6,3,-1,-1,-1,-1,-1,-1,-1
20141311A0383,2,9,0,3,0,1,0,0,0,0,2,1,1,2,24,5,1000,1,15,2,1
20141311A0628,1,21,1,11,0,8,0,0,0,0,4,1,1,1,53,8,10837,2,1,1,1
20141311A0628,2,9,0,18,0,6,0,0,0,6,3,1,6,1,20,4,998,1,6,3,1
20141311B0428,1,9,0,18,0,8,0,0,0,10,1,1,6,2,39,7,998,1,5,6,1
20141311B0428,2,9,0,5,0,6,0,0,0,0,1,1,6,2,37,7,1240,1,9,4,1
20141311B0807,1,9,0,10,0,0,0,0,0,0,2,1,6,2,39,7,1328,1,6,9,1
20141311B0807,2,19,0,18,0,0,0,0,0,0,1,1,6,1,29,6,2198,2,6,7,1
20141311B0933,1,9,0,9,0,5,0,0,0,0,4,1,6,1,27,6,1910,2,9,4,1
20141311B0933,2,1,0,18,0,8,0,0,0,0,1,1,6,1,53,8,-1,-1,-1,5,1
20141311B1201,1,9,0,17,0,0,0,0,0,0,3,1,6,1,26,6,4966,1,10,8,1
20141311B1553,1,9,0,7,0,6,0,0,0,0,4,2,6,3,26,6,-1,-1,-1,-1,-1
20141311B1629,1,19,0,9,0,8,0,0,0,0,3,1,6,1,59,9,1753,2,6,6,1
20141311C0573,1,9,0,18,0,1,5,4,2,11,1,1,6,1,69,10,-1,-1,-1,4,1
20141311C0573,2,9,0,3,0,1,0,0,0,0,4,1,6,1,47,8,1560,2,1,4,1
20141311C0688,1,9,0,9,0,1,0,0,0,0,2,1,6,2,27,6,1242,1,3,1,1
20141311C0688,2,19,0,18,0,1,0,0,0,0,1,1,6,1,23,5,1868,2,12,3,1
20141311C1347,1,9,0,16,0,8,0,0,0,0,1,1,6,2,28,6,-1,-1,-1,4,1
20141311C1347,2,10,0,4,0,5,0,4,1,3,1,1,1,1,45,7,-1,-1,-1,1,1
20141311C1347,3,9,0,2,0,1,0,4,0,0,1,1,6,1,-1,-1,1749,1,13,-1,-1
20141311C1347,4,9,0,2,0,1,0,0,0,0,1,1,6,1,-1,-1,-1,-1,-1,-1,-1
20141311D0169,1,3,0,13,0,1,1,0,7,4,4,1,6,1,18,4,124,1,3,5,2
20141311D0169,2,9,0,18,0,1,0,0,0,0,3,1,1,1,56,9,1997,2,6,4,1
20141311D0223,1,9,0,18,0,0,0,0,0,0,1,1,6,2,54,8,-1,-1,-1,3,2
20141311D0280,1,9,0,9,0,8,0,0,0,0,1,1,6,1,63,9,1360,1,8,7,1
20141311D0280,2,9,0,18,0,8,0,0,0,0,1,1,6,2,27,6,1600,2,4,5,1
20141311E0383,1,9,0,18,0,8,0,0,0,0,1,1,6,1,28,6,1560,2,6,1,1
20141311E0383,2,19,0,2,0,8,0,0,0,0,2,1,6,1,48,8,2446,2,13,5,2
20141311E0454,1,19,0,18,0,0,0,0,1,7,1,1,1,1,25,5,2198,2,6,6,3
20141311E0516,1,9,0,18,0,1,0,0,0,0,2,1,6,1,68,10,2435,1,13,4,1
20141311E0516,2,9,0,18,0,1,0,0,0,0,1,1,6,1,71,10,1149,1,15,4,1
20141311E0846,1,9,0,18,0,8,0,0,0,0,3,1,1,2,49,8,999,1,8,5,2
20141311E0846,2,1,0,18,0,8,0,0,0,0,1,1,6,1,54,8,-1,-1,-1,3,2
20141311E0995,1,9,0,11,0,0,0,0,0,0,2,1,2,1,21,5,1685,2,1,-1,-1
20141311E0995,2,8,0,18,0,0,0,0,0,0,1,1,1,1,29,6,1560,2,4,1,1
20141311E0995,3,19,0,18,0,0,0,0,0,0,1,1,2,1,45,7,-1,-1,-1,5,1
20141311E1033,1,9,0,18,0,0,0,0,0,0,1,1,6,1,30,6,1781,1,13,1,1
20141311E1042,1,9,0,18,9,0,5,10,1,11,1,1,6,1,78,11,1794,1,6,-1,-1
20141311E1042,2,9,0,2,9,0,0,0,0,0,0,1,6,2,-1,-1,1598,1,7,-1,-1
20141311E1112,1,9,0,9,0,1,0,0,0,0,3,1,1,2,56,9,1596,1,9,7,1
20141311E1112,2,1,0,18,0,1,0,0,0,0,1,1,6,1,19,4,-1,-1,-1,-1,-1
20141311F0184,1,8,0,18,0,0,0,0,1,0,3,1,1,1,49,8,1461,2,7,6,1
20141311F0313,1,9,0,18,0,1,0,0,0,0,4,1,1,1,48,8,1896,2,7,2,1
20141311F0313,2,19,0,10,0,1,0,0,0,0,1,1,1,1,35,6,1399,2,5,1,1
20141311F0313,3,9,0,8,0,8,0,0,0,0,1,1,6,2,45,7,2494,1,17,6,3
20141311F0713,1,9,0,18,0,0,0,11,5,7,4,1,2,2,64,9,1388,1,10,4,2
20141311F0713,2,21,1,18,0,0,0,0,0,0,3,1,1,1,46,8,10837,2,6,4,1
20141311F0713,3,21,1,18,0,0,0,11,0,0,3,1,1,1,33,6,12740,2,3,9,3
20141311F0713,4,9,0,18,0,0,0,11,0,0,1,1,2,1,29,6,1796,1,1,4,1
20141311F1119,1,9,0,9,0,6,0,0,0,0,3,1,6,1,31,6,1895,1,13,3,1
20141311G0418,1,9,0,18,0,0,0,0,0,0,4,1,6,2,41,7,1242,1,4,7,1
20141311G0421,1,9,0,5,0,8,0,0,0,0,1,1,6,1,45,7,1597,1,20,7,1
20141311G0684,1,3,0,9,0,3,1,0,0,0,4,1,2,1,57,9,-1,-1,-1,3,2
20141311H0187,1,9,0,7,0,8,0,0,0,0,4,2,2,1,51,8,-1,-1,-1,2,1
20141311H0187,2,1,0,7,0,8,0,0,0,0,3,1,2,1,31,6,-1,-1,-1,2,1
20141311H0434,1,9,0,18,0,8,0,0,0,0,1,1,1,1,33,6,1360,1,9,4,1
20141311H0434,2,8,0,9,0,8,0,0,0,0,3,1,1,1,50,8,1686,2,10,2,1
20141311H0688,1,9,0,9,0,8,0,0,0,0,1,1,6,1,81,11,1198,1,9,6,1
20141311H0688,2,1,0,18,0,8,5,0,0,0,3,1,6,1,44,7,-1,-1,-1,2,1
20141311H1364,1,9,0,18,0,0,0,0,0,0,1,1,6,1,21,5,1248,2,5,10,1
20141311H1364,2,9,0,18,0,0,0,0,0,0,1,1,6,2,33,6,2199,2,2,1,1
20141311I0226,1,9,0,18,0,1,0,0,0,0,1,1,1,2,23,5,998,1,6,8,3
20141311I0722,1,9,0,9,0,5,0,0,0,0,1,1,6,2,52,8,-1,-1,-1,3,1
20141311I0722,2,9,0,18,0,8,0,0,0,0,1,1,6,2,30,6,1994,2,14,3,3
20141311I1128,1,9,0,18,0,8,0,0,0,0,1,1,6,2,37,7,1299,1,16,6,1
20141311I1128,2,9,0,18,0,8,0,0,0,0,1,1,6,2,39,7,1968,2,9,4,1
20141311J0249,1,9,0,16,0,0,1,0,7,1,3,1,6,1,27,6,1998,1,13,1,1
20141311J0454,1,19,0,3,0,0,0,0,0,0,2,1,1,1,49,8,2464,2,5,1,1
20141311J0454,2,9,0,18,0,0,0,0,0,0,1,1,6,1,-1,-1,1598,1,10,-1,-1
20141311J0462,1,21,0,18,0,0,0,0,0,0,0,1,1,1,59,9,8970,2,11,3,1
20141311J0528,1,9,0,18,0,0,1,0,4,6,1,1,6,2,26,6,1461,2,10,3,1
20141311J0528,2,9,0,18,0,0,0,0,0,0,0,1,6,2,46,8,1149,1,2,4,2
20141311J1269,1,9,0,18,0,1,0,4,0,0,1,1,6,1,77,11,1560,2,3,4,3
20141311J1269,2,9,0,2,0,1,0,0,0,0,2,1,6,1,-1,-1,-1,-1,-1,-1,-1
20141311J1521,1,9,0,18,0,1,0,0,1,2,1,1,6,1,29,6,-1,-1,-1,4,1
20141311K1437,1,8,0,2,0,0,0,0,0,0,0,1,1,1,-1,-1,2199,2,5,1,1
20141311L0187,1,19,0,5,0,0,0,0,0,0,3,1,2,1,41,7,1968,2,3,9,1
20141311L0187,2,3,0,18,0,0,0,0,0,0,1,1,2,1,17,4,124,1,8,5,2
20141311L0693,1,9,0,18,0,8,0,0,0,0,1,1,6,1,-1,-1,-1,-1,-1,-1,-1
20141311L1500,1,9,0,7,0,8,0,0,0,0,1,1,6,1,23,5,1390,1,5,-1,-1
20141311L1500,2,9,0,18,0,8,0,0,0,0,4,1,6,1,27,6,1598,1,14,1,1
20141311L1504,1,9,0,18,0,0,0,0,0,0,4,1,6,1,23,5,1199,1,11,7,1
20141311N0174,1,3,0,14,0,0,0,4,0,0,1,1,2,1,45,7,124,1,18,2,1
20141311N0174,2,21,1,2,0,0,0,0,0,0,1,1,1,1,32,6,12130,2,16,8,2
20141311N1226,1,9,0,1,0,0,0,0,0,0,2,1,6,1,48,8,-1,-1,-1,4,1
20141311N1226,2,9,0,3,0,0,0,0,0,0,1,1,6,2,52,8,998,1,8,3,1
20141311O1135,1,1,0,18,0,8,1,0,0,0,1,1,6,1,18,4,-1,-1,-1,1,1
20141311O1135,2,9,0,18,0,8,0,0,0,0,3,1,6,1,46,8,1598,1,5,3,1
20141311O1609,1,9,0,16,0,0,0,0,0,0,3,1,1,1,-1,-1,1332,1,15,5,2
20141311O1609,2,9,0,17,0,0,0,0,0,0,3,1,6,1,-1,-1,1368,1,7,1,1
20141311O1642,1,9,0,18,0,8,0,0,1,1,3,1,6,2,31,6,2993,2,9,5,1
20141311O1642,2,9,0,18,0,1,0,0,0,0,1,1,1,1,56,9,1998,2,6,2,1
20141311P0488,1,9,0,3,0,8,0,0,0,0,1,1,6,1,19,4,1198,1,3,7,1
20141311P0488,2,9,0,3,0,8,0,0,0,0,2,1,6,1,29,6,1149,1,14,4,1
20141311P0488,3,9,0,18,0,8,0,0,0,0,2,1,6,3,50,8,1686,2,11,10,1
20141311P0632,1,9,0,7,0,1,0,0,0,0,2,1,6,2,42,7,1998,1,10,7,1
20141311P0632,2,1,0,18,0,1,0,0,0,0,1,1,6,1,40,7,-1,-1,-1,8,1
20141311P1082,1,9,0,18,9,0,0,0,0,0,1,1,6,3,-1,-1,-1,-1,-1,-1,-1
20141311Q0861,1,9,0,18,0,2,0,0,0,0,2,1,6,2,19,4,973,1,11,2,1
20141311Q0861,2,9,0,18,0,2,0,0,0,0,1,1,6,1,26,6,1896,2,13,-1,-1
20141311R0084,1,9,0,18,0,3,0,0,7,0,4,1,6,1,20,4,1560,2,7,3,1
20141311R0477,1,9,0,18,0,0,2,0,0,0,1,1,6,1,22,5,-1,-1,-1,2,1
20141311R0477,2,9,0,5,0,0,0,0,0,0,4,1,6,2,41,7,1390,1,13,4,1
20141311R0545,1,9,0,4,0,8,0,0,0,0,3,1,6,1,58,9,5000,1,1,10,1
20141311R1028,1,9,0,18,0,8,1,0,8,10,1,1,6,1,23,5,599,1,11,6,1
20141311R1028,2,9,0,9,0,8,0,0,0,0,1,1,6,1,41,7,1587,1,5,1,1
20141311R1031,1,9,0,18,0,8,0,0,0,0,3,1,6,2,67,10,1398,2,2,1,1
20141311R1031,2,9,0,18,0,8,0,0,0,0,1,1,6,1,65,9,1596,1,7,3,1
20141311R1537,1,19,0,18,0,0,0,0,2,11,0,1,6,1,-1,-1,-1,-1,-1,-1,-1
20141311S0195,1,9,0,9,0,5,1,0,0,0,3,2,2,1,56,9,1896,2,9,6,1
20141311S0195,2,1,0,15,0,1,0,0,0,0,4,1,2,1,62,9,-1,-1,-1,5,1
20141311S0281,1,9,0,5,9,6,0,0,0,0,1,1,3,2,33,6,2521,1,8,3,1
20141311S0500,1,9,0,18,0,0,0,0,2,3,1,2,6,1,35,6,2143,2,3,-1,-1
20141311S0796,1,9,0,18,2,1,0,0,0,0,1,1,6,2,-1,-1,1360,1,14,7,1
20141311S0796,2,9,0,11,2,1,0,0,0,0,1,1,2,2,46,8,1998,1,12,4,1
20141311S1147,1,9,0,18,0,5,0,0,0,0,1,1,2,1,19,4,1598,1,12,8,1
20141311S1169,1,8,0,1,0,0,0,0,0,0,2,1,1,3,-1,-1,-1,-1,-1,-1,-1
20141311S1208,1,9,0,18,0,0,0,0,0,0,1,1,1,1,35,6,1685,2,1,6,1
20141311S1208,2,9,0,4,0,0,0,0,0,0,2,1,1,1,38,7,1968,2,2,7,1
20141311S1208,3,9,0,4,0,0,0,0,0,0,2,1,1,2,27,6,1108,1,8,3,1
20141311S1434,1,9,0,7,0,3,1,0,1,1,3,1,6,3,19,4,1998,1,9,-1,-1
20141311S1434,2,9,0,2,0,2,0,0,0,0,1,1,6,3,30,6,998,1,14,-1,-1
20141311S1434,3,9,0,2,0,2,0,0,0,0,1,1,6,3,28,6,1364,1,11,-1,-1
20141311S1434,4,9,0,2,0,2,0,0,0,0,1,1,6,3,33,6,698,1,11,-1,-1
20141311S1434,5,9,0,2,0,2,0,0,0,0,1,1,6,3,38,7,1991,2,5,-1,-1
20141311S1434,6,9,0,18,0,1,0,0,0,0,0,1,1,1,28,6,2993,2,1,1,1
20141311T0205,1,9,0,13,0,0,0,0,0,0,1,1,2,2,47,8,1968,2,5,7,1
20141311T0205,2,9,0,18,0,0,0,0,0,0,1,1,2,1,49,8,1968,2,3,9,3
20141311T0219,1,9,0,18,0,0,0,0,0,0,1,1,2,2,44,7,1998,1,11,2,1
20141311T0358,1,19,0,18,0,8,0,0,0,0,1,1,1,1,30,6,-1,-1,-1,-1,-1
20141311T0358,2,9,0,9,0,8,0,0,0,0,1,1,6,2,53,8,1896,2,8,5,1
20141311T0809,1,21,0,9,0,8,0,0,0,0,3,1,1,1,44,7,5480,2,13,2,2
20141311T0809,2,9,0,18,0,8,1,0,1,0,4,1,6,1,26,6,1590,1,9,3,1
20141311T1151,1,9,0,17,0,8,0,0,0,0,3,1,2,1,24,5,1149,1,12,5,2
20141311T1151,2,9,0,18,0,6,0,0,0,0,1,1,6,3,-1,-1,1998,1,8,-1,-1
20141311T1155,1,9,0,5,0,6,0,0,0,0,1,1,6,1,-1,-1,1390,1,12,-1,-1
20141311T1193,1,9,0,18,0,0,0,0,0,0,1,1,6,1,45,7,1242,1,7,4,1
20141311T1223,1,9,0,18,0,0,0,0,0,0,2,1,6,1,55,8,1910,2,7,1,1
20141311T1223,2,9,0,18,0,0,1,0,0,0,1,1,6,1,30,6,1591,1,2,3,1
20141311T1223,3,9,0,11,0,0,0,0,0,0,0,1,6,1,27,6,1560,2,9,3,1
20141311T9999,1,9,0,6,0,1,1,10,0,0,4,1,6,2,18,4,1364,1,9,4,1
20141311U0057,1,9,0,10,0,8,0,0,0,0,3,1,6,1,27,6,1895,1,14,1,1
20141311U0057,2,8,0,18,0,8,0,0,0,0,1,1,6,1,58,9,1686,2,4,1,1
20141311U0080,1,9,0,18,0,0,0,0,0,0,1,1,1,1,-1,-1,1248,2,4,-1,-1
20141311U0210,1,9,0,9,0,8,0,0,0,0,1,1,2,1,32,6,1896,2,8,8,2
20141311U0285,1,9,0,7,0,6,0,0,0,0,1,1,3,1,25,5,1997,1,10,1,1
20141311U0285,2,9,0,18,0,1,0,0,0,0,4,1,3,2,29,6,1910,2,8,3,1
20141311U0502,1,10,0,18,0,8,0,0,0,0,1,1,1,1,63,9,-1,-1,-1,6,1
20141311U0502,2,9,0,5,0,6,0,0,0,0,1,1,6,2,36,7,1198,1,5,9,2
20141311U1007,1,21,0,9,2,5,0,0,0,0,4,1,1,1,48,8,4461,2,6,4,1
20141311U1007,2,1,0,18,3,8,0,0,0,0,1,1,2,1,52,8,-1,-1,-1,-1,1
20141311U1110,1,3,0,18,0,8,0,0,0,0,3,1,6,1,40,7,125,1,2,2,1
20141311U1110,2,9,0,9,0,6,0,0,0,0,1,1,6,2,48,8,1242,1,5,6,1
20141311U1125,1,21,1,11,0,0,0,0,0,0,4,1,1,1,62,9,12900,2,3,3,3
20141311U1125,2,9,0,18,0,0,1,0,0,0,3,1,2,1,57,9,1590,1,15,7,1
20141311U1125,3,9,0,18,0,0,1,0,4,6,1,1,2,2,44,7,1329,1,3,3,1
20141311U1129,1,9,0,18,0,4,0,0,0,0,1,1,6,2,38,7,2000,2,8,7,3
20141311U1129,2,1,0,18,0,3,0,0,0,0,2,1,6,1,48,8,-1,-1,-1,6,1
20141311U1201,1,19,0,9,0,6,0,0,0,0,1,1,2,1,28,6,2402,2,6,2,1
20141311U1201,2,9,0,17,0,1,0,0,0,0,1,1,6,1,29,6,1339,1,4,-1,1
20141311U1212,1,9,0,9,0,0,0,0,0,0,0,1,6,3,-1,-1,-1,-1,-1,-1,-1
20141311U1212,2,9,0,18,0,0,0,0,0,0,2,1,6,2,21,5,-1,-1,-1,-1,-1
20141311U1212,3,9,0,18,0,0,0,0,0,0,1,1,6,2,25,5,998,1,7,4,1
20141311U1220,1,19,0,2,0,8,0,0,0,0,2,1,1,1,30,6,2143,2,2,5,1
20141311U1237,1,9,0,18,0,2,0,0,0,0,3,1,6,1,59,9,1896,2,9,5,1
20141311U1447,1,9,0,18,0,5,0,0,0,0,1,1,6,1,-1,-1,-1,-1,-1,-1,-1
20141311U1485,1,9,0,7,0,6,0,0,0,0,1,1,6,1,24,5,1560,2,3,-1,-1
20141311U1485,2,9,0,18,0,8,1,0,0,0,4,1,6,1,30,6,999,1,1,3,1
20141311U1511,1,9,0,9,0,8,0,0,0,0,3,1,6,2,52,8,1598,1,15,1,1
20141311U1511,2,9,0,18,0,8,0,0,0,0,4,1,6,2,24,5,973,1,13,-1,1
20141311U1668,1,9,0,16,0,0,2,0,8,11,3,1,6,1,19,4,1149,1,8,-1,-1
20141311V0252,1,9,0,18,0,1,0,0,0,0,4,1,6,2,38,7,1242,1,10,5,1
20141311V0969,1,9,0,18,0,1,0,0,0,0,1,1,6,2,-1,-1,1598,1,9,2,1
20141311V0969,2,9,0,10,0,5,0,0,0,0,2,1,6,1,24,5,-1,-1,-1,1,1
20141311V1046,1,9,0,18,0,0,1,0,0,0,1,1,2,1,43,7,1584,1,10,3,1