Accident_Index,Vehicle_Reference,Vehicle_Type,Towing_and_Articulation,Vehicle_Manoeuvre,Vehicle_Location-Restricted_Lane,Junction_Location,Skidding_and_Overturning,Hit_Object_in_Carriageway,Vehicle_Leaving_Carriageway,Hit_Object_off_Carriageway,1st_Point_of_Impact,Was_Vehicle_Left_Hand_Drive?,Journey_Purpose_of_Driver,Sex_of_Driver,Age_of_Driver,Age_Band_of_Driver,Engine_Capacity_(CC),Propulsion_Code,Age_of_Vehicle,Driver_IMD_Decile,Driver_Home_Area_Type
20141312I1192,1,9,0,4,0,0,0,0,1,10,1,1,6,2,39,7,2204,2,7,8,1
20141312I1203,1,9,0,17,0,8,0,0,0,0,3,1,6,2,50,8,2179,2,1,10,1
20141312I1203,2,1,0,10,0,1,0,0,0,0,3,1,6,1,42,7,-1,-1,-1,-1,1
20141312I1281,1,9,0,14,0,0,0,0,0,0,4,1,2,1,25,5,1399,1,7,2,1
20141312I1418,1,9,0,18,0,0,0,0,0,0,1,1,6,2,77,11,1199,1,13,9,1
20141312I1450,1,8,0,7,0,5,0,0,0,0,4,1,1,1,37,7,1896,2,4,1,1
20141312I1450,2,1,0,18,4,1,0,0,0,0,1,1,6,1,25,5,-1,-1,-1,-1,1
20141312I1578,1,9,0,9,0,8,0,0,0,0,1,1,6,1,69,10,1596,1,7,8,1
20141312I1578,2,3,0,18,0,8,0,0,0,0,1,1,2,1,21,5,125,1,4,1,1
20141312I1627,1,9,0,5,0,2,0,0,0,0,3,1,6,1,58,9,1991,1,15,6,1
20141312I1627,2,1,0,18,0,2,0,0,0,0,1,1,6,1,15,3,-1,-1,-1,-1,-1
20141312I1769,1,3,0,18,0,0,0,0,0,0,0,1,6,1,17,4,124,1,5,1,1
20141312I1769,2,4,0,18,0,0,0,0,0,0,0,1,6,1,16,4,498,1,9,9,1
20141312J0189,1,9,0,5,0,4,0,0,0,0,1,1,2,2,51,8,2184,2,9,2,1
20141312J0189,2,1,0,17,0,8,0,0,0,0,4,1,2,1,23,5,-1,-1,-1,3,1
20141312J0282,1,9,0,18,0,8,0,0,0,0,1,1,6,1,23,5,2792,1,7,1,1
20141312J0282,2,9,0,18,0,8,0,0,0,0,2,1,6,2,33,6,1896,2,15,1,1
20141312J0307,1,9,0,6,0,1,0,0,0,0,2,1,6,1,77,11,1598,1,12,4,1
20141312J0307,2,9,0,18,0,1,0,0,0,0,1,1,2,1,21,5,1229,1,3,10,3
20141312J0433,1,9,0,9,0,8,0,0,0,0,4,1,6,1,24,5,1560,2,8,2,1
20141312J0433,2,3,0,18,0,8,2,0,0,0,1,1,6,1,38,7,124,1,3,-1,-1
20141312J0673,1,9,0,5,0,0,0,0,0,0,1,1,6,1,21,5,-1,-1,-1,5,3
20141312J0673,2,1,0,18,0,0,0,0,0,0,2,1,6,1,23,5,-1,-1,-1,2,1
20141312J0994,1,9,0,2,0,0,0,0,0,0,0,1,1,2,43,7,1248,2,4,-1,-1
20141312J0994,2,9,0,18,0,0,0,0,0,0,1,1,1,1,24,5,1598,1,15,7,3
20141312J1115,1,11,0,18,0,8,0,0,0,0,4,1,1,1,56,9,-1,-1,-1,7,1
20141312J1115,2,9,0,15,0,8,0,0,0,0,3,1,6,3,-1,-1,1998,2,12,-1,-1
20141312J1142,1,9,0,18,0,2,0,0,0,0,1,1,2,2,38,7,998,1,1,7,1
20141312J1301,1,9,0,17,0,2,0,0,0,0,3,1,6,1,39,7,1956,2,4,7,2
20141312J1435,1,9,0,18,0,8,0,0,0,0,1,1,6,1,29,6,1398,1,13,1,1
20141312J1435,2,9,0,18,0,1,0,0,0,0,3,1,6,1,46,8,998,1,12,8,2
20141312J1436,1,9,0,4,0,0,0,0,0,0,1,1,6,1,35,6,1686,2,4,5,1
20141312J1436,2,3,0,4,0,0,0,0,0,0,2,1,6,1,23,5,123,1,35,8,1
20141312J1654,1,9,0,18,0,8,0,0,0,0,1,1,6,1,25,5,1493,1,18,1,1
20141312J1654,2,9,0,9,0,8,0,0,0,0,3,1,6,2,23,5,1199,1,13,1,1
20141312K0254,1,9,0,18,0,2,0,0,0,0,1,1,6,1,20,4,1968,2,8,4,1
20141312K0254,2,9,0,18,0,2,0,0,0,0,3,1,2,1,36,7,1598,1,9,3,1
20141312K0297,1,9,0,18,0,1,0,0,0,0,4,1,6,2,36,7,1124,1,12,7,1
20141312K0297,2,9,0,18,0,8,0,0,0,0,3,1,6,2,26,6,1896,2,11,-1,1
20141312K0349,1,9,0,3,0,1,0,0,0,0,2,1,2,1,22,5,1229,1,6,2,1
20141312K0349,2,9,0,4,0,1,0,0,0,0,1,1,2,2,35,6,1596,1,7,8,1
20141312K0444,1,9,0,18,0,0,0,0,0,0,1,1,6,2,84,11,1349,1,4,10,1
20141312K0444,2,9,0,2,0,0,0,0,0,0,2,1,6,3,-1,-1,-1,-1,-1,-1,-1
20141312K0450,1,9,0,9,0,6,0,0,0,0,3,1,6,1,55,8,1968,2,5,9,1
20141312K0450,2,19,0,18,0,8,0,0,0,0,1,1,1,1,59,9,1461,2,7,7,2
20141312K0697,1,9,0,18,0,0,0,4,0,0,1,1,6,2,90,11,998,1,16,6,1
20141312K0697,2,9,0,2,0,0,0,4,0,0,2,1,6,2,40,7,1560,2,1,3,1
20141312K0697,3,9,0,2,0,0,0,4,0,0,1,1,6,2,57,9,1597,1,9,3,1
20141312K0781,1,19,0,4,0,8,0,0,0,0,1,1,1,1,29,6,1753,2,7,7,1
20141312K0781,2,8,0,4,0,8,0,0,0,0,2,1,1,1,36,7,2204,2,8,2,1
20141312K0913,1,9,0,4,0,8,0,0,0,0,2,1,6,2,34,6,1328,1,13,8,1
20141312K0913,2,9,0,4,0,8,0,0,0,0,1,1,6,1,31,6,1299,1,15,1,1
20141312K0926,1,9,0,9,0,1,0,0,7,1,4,1,6,2,52,8,1248,2,6,5,1
20141312K0926,2,9,0,18,0,1,0,0,0,0,1,1,6,1,29,6,3597,1,5,1,1
20141312K1053,1,9,0,9,0,8,0,0,0,0,4,1,6,1,64,9,2179,2,7,1,1
20141312K1147,1,9,0,8,0,6,0,0,0,0,1,1,6,1,21,5,1199,1,10,1,1
20141312K1147,2,9,0,18,0,8,0,0,0,0,1,1,6,1,58,9,2099,1,12,1,1
20141312K1171,1,9,0,18,0,0,0,0,0,0,1,1,2,1,58,9,1798,1,9,9,2
20141312K1171,2,9,0,18,0,0,0,0,0,0,2,1,2,1,48,8,1527,2,14,4,1
20141312K1171,3,9,0,18,0,0,0,0,0,0,2,1,6,1,63,9,1870,2,7,10,1
20141312K1171,4,9,0,18,0,0,0,0,0,0,2,1,6,1,60,9,1896,2,6,9,1
20141312K1171,5,19,0,18,0,0,0,0,0,0,2,1,1,1,61,9,2198,2,2,10,1
20141312K1446,1,9,0,3,0,4,0,0,0,0,2,1,6,2,55,8,1910,2,8,-1,1
20141312K1446,2,9,0,18,0,4,0,0,0,0,1,1,6,2,28,6,1984,1,5,-1,1
20141312K1572,1,9,0,18,0,1,0,0,0,0,1,1,6,1,25,5,1968,2,8,2,1
20141312K1572,2,9,0,9,0,1,0,0,0,0,1,1,6,1,35,6,1834,1,12,1,1
20141312K1572,3,9,0,18,0,1,0,0,0,0,1,1,6,1,39,7,1896,2,9,3,1
20141312K1572,4,9,0,18,0,1,0,0,0,0,1,1,6,1,34,6,1896,2,7,3,1
20141312K1572,5,9,0,18,0,1,0,0,0,0,1,1,6,1,34,6,3456,8,3,10,2
20141312K1572,6,9,0,2,0,1,0,0,0,0,4,1,6,1,41,7,1797,8,4,3,1
20141312K1752,1,9,0,5,0,6,0,10,0,0,3,1,6,2,51,8,2685,2,12,-1,-1
20141312K1752,2,9,0,18,0,1,0,10,0,0,1,1,1,1,36,7,1995,2,8,-1,-1
20141312L0174,1,9,0,17,0,1,1,0,0,0,1,1,2,2,55,8,1600,1,14,10,2
20141312L0174,2,9,0,18,0,2,1,0,0,0,1,1,2,1,36,7,1390,1,3,6,3
20141312L0188,1,9,0,16,0,0,1,0,1,10,1,1,1,2,33,6,3200,2,11,4,1
20141312L0208,1,19,0,16,9,8,1,0,7,7,1,1,2,1,28,6,2494,2,7,2,1
20141312L0239,1,4,0,4,0,1,0,0,0,0,2,1,2,1,45,7,398,1,12,7,1
20141312L0239,2,9,0,18,0,1,0,0,0,0,1,1,2,1,34,6,1995,2,10,3,1
20141312L0260,1,9,0,18,0,0,0,0,0,0,1,1,2,2,64,9,998,1,2,9,2
20141312L0539,1,1,0,18,9,1,0,0,0,0,1,1,6,1,21,5,-1,-1,-1,5,2
20141312L0539,2,9,0,4,0,1,0,0,0,0,4,1,6,1,-1,-1,-1,-1,-1,-1,-1
20141312L0544,1,9,0,18,0,0,0,11,0,0,1,1,6,3,-1,-1,-1,-1,-1,-1,-1
20141312L0561,1,9,0,2,0,0,0,0,0,0,3,1,6,1,32,6,1896,2,13,2,1
20141312L0561,2,9,0,18,0,0,0,0,0,0,1,1,6,2,46,8,1796,1,14,2,1
20141312L0609,1,9,0,18,0,0,0,0,0,0,1,1,6,3,-1,-1,-1,-1,-1,-1,-1
20141312L0760,1,9,0,9,0,8,0,0,0,0,3,1,1,2,42,7,1248,2,1,-1,-1
20141312L0760,2,9,0,18,0,8,0,0,0,0,1,1,6,1,21,5,1598,1,7,1,1
20141312L0945,1,9,0,18,0,6,0,0,0,0,1,1,6,1,25,5,998,1,13,8,1
20141312L0945,2,9,0,18,0,8,0,0,1,10,1,1,6,2,23,5,1968,2,8,1,1
20141312L0965,1,9,0,18,0,0,0,0,0,0,1,1,2,1,23,5,1390,1,13,1,1
20141312L1063,1,9,0,7,0,8,0,0,0,0,1,1,6,1,22,5,1910,2,7,3,1
20141312L1063,2,9,0,18,0,8,0,0,0,0,1,1,6,2,64,9,-1,-1,-1,4,1
20141312L1251,1,9,0,9,0,6,0,0,0,0,1,1,6,2,66,10,998,1,4,1,1
20141312L1251,2,9,0,18,0,1,1,0,0,0,4,1,6,1,49,8,2231,2,7,1,1
20141312L1295,1,5,0,18,0,1,0,0,0,0,1,1,6,1,47,8,599,1,5,4,1
20141312L1295,2,9,0,7,0,1,0,0,0,0,4,1,6,1,49,8,1598,1,12,4,1
20141312L1344,1,9,0,3,0,0,0,0,0,0,2,1,6,2,50,8,-1,-1,-1,7,2
20141312L1344,2,90,0,18,0,0,0,0,0,0,1,1,6,1,-1,-1,-1,-1,-1,-1,-1
20141312L1445,1,9,0,17,0,0,1,10,1,11,1,1,6,2,55,8,1124,1,8,3,1
20141312M0056,1,9,0,18,0,8,0,0,0,0,1,1,6,1,-1,-1,-1,-1,-1,-1,-1
20141312M0163,1,9,0,17,0,0,1,0,2,4,1,1,6,1,21,5,999,1,2,10,1
20141312M0685,1,11,0,9,0,5,0,0,0,0,3,1,1,1,53,8,6692,2,3,1,1
20141312M0685,2,1,0,18,0,8,0,0,0,0,3,1,6,1,41,7,-1,-1,-1,-1,-1
20141312M0800,1,1,0,7,0,0,0,0,0,0,1,1,6,1,40,7,-1,-1,-1,3,1
20141312M0800,2,9,0,18,0,0,0,0,0,0,4,1,2,3,-1,-1,-1,-1,-1,-1,-1
20141312M0822,1,11,0,7,2,8,0,0,0,0,1,1,1,1,29,6,7300,2,14,7,1
20141312M0872,1,9,0,18,0,0,0,0,0,0,4,1,6,1,28,6,998,1,1,9,2
20141312M0996,1,9,0,9,0,0,0,0,0,0,1,1,6,2,23,5,998,1,17,-1,-1
20141312M0996,2,9,0,3,0,0,0,0,0,0,3,1,6,1,53,8,-1,-1,-1,2,1
20141312M1332,1,5,0,18,0,8,5,0,0,0,1,1,6,1,54,8,649,1,7,3,1
20141312M1413,1,9,0,18,0,4,0,0,0,0,3,1,6,1,42,7,1995,1,12,-1,1
20141312M1413,2,9,0,17,0,8,0,0,0,0,4,1,6,1,28,6,1686,2,6,2,1
20141312M1517,1,9,0,14,0,0,0,0,0,0,1,1,6,1,59,9,1199,1,11,3,1
20141312M1517,2,9,0,2,0,0,0,0,0,0,3,1,6,3,-1,-1,1298,1,12,-1,-1
20141312M1548,1,9,0,9,0,2,0,0,0,0,4,1,6,1,60,9,1560,2,2,4,1
20141312M1548,2,5,0,18,0,8,0,0,0,0,3,1,6,1,20,4,599,1,17,1,1
20141312M1932,1,19,0,18,0,8,0,0,1,10,3,1,6,1,33,6,2198,2,7,1,1
20141312M1932,2,11,0,18,0,8,0,0,0,0,3,1,1,1,62,9,9000,2,15,1,1
20141312N0297,1,9,0,5,0,0,0,0,0,0,0,1,1,1,42,7,1896,2,8,2,1
20141312N0473,1,3,0,18,0,1,0,0,0,0,1,1,6,1,27,6,124,1,2,2,1
20141312N0473,2,9,0,9,0,8,0,0,0,0,3,1,6,2,26,6,998,1,9,8,1
20141312N0629,1,9,0,18,0,2,0,0,0,0,1,1,6,2,47,8,1598,1,11,9,1
20141312N0629,2,9,0,2,0,2,0,0,0,0,2,1,6,2,43,7,2995,1,11,7,3
20141312N0819,1,19,0,9,0,8,0,0,0,0,1,1,6,1,26,6,-1,-1,-1,5,1
20141312N0819,2,8,0,18,0,8,0,0,0,0,1,1,1,1,44,7,1910,2,10,3,1
20141312N0866,1,9,0,18,0,0,0,0,0,0,1,1,6,1,27,6,1242,1,13,-1,-1
20141312N0866,2,9,0,18,0,0,0,0,0,0,1,1,6,2,36,7,1598,1,11,9,2
20141312N0893,1,9,0,18,9,0,0,0,7,10,3,1,6,1,80,11,1390,1,4,-1,1
20141312N0954,1,9,0,13,0,0,1,0,0,0,1,1,6,1,29,6,1600,1,10,-1,-1
20141312N0954,2,9,0,18,0,0,0,0,0,0,0,1,6,1,40,7,2204,2,6,-1,-1
20141312N0954,3,9,0,17,0,0,0,0,0,0,1,1,6,1,41,7,-1,-1,-1,3,1
20141312N0997,1,9,0,18,0,0,1,0,4,6,3,1,6,2,31,6,1248,2,9,1,1
20141312N1008,1,9,0,18,0,0,0,0,0,0,1,1,6,2,17,4,1598,1,13,1,1
20141312N1278,1,9,0,18,0,0,0,0,0,0,1,1,6,2,38,7,1399,1,8,6,1
20141312N1293,1,11,0,18,0,1,0,0,0,0,0,1,1,1,42,7,9360,2,5,9,1
20141312N1343,1,9,0,18,0,0,1,0,1,11,4,1,6,1,22,5,2979,1,11,1,1
20141312N1424,1,9,0,18,0,0,1,0,1,4,3,1,6,1,19,4,1998,1,8,4,1
20141312N1661,1,9,0,9,0,5,0,0,0,0,4,1,6,1,91,11,1360,1,7,2,1
20141312N1661,2,9,0,18,0,8,0,0,0,0,1,1,6,1,26,6,1798,1,10,1,1
20141312N1843,1,8,0,18,0,0,0,0,0,0,1,1,1,1,33,6,1896,2,9,1,1
20141312N1847,1,1,0,18,0,8,5,0,0,0,1,1,6,1,67,10,-1,-1,-1,-1,-1
20141312O0014,1,9,0,18,0,1,2,4,0,0,1,1,6,1,-1,-1,1398,1,1,-1,-1
20141312O0014,2,2,0,18,0,1,0,0,0,0,0,1,6,3,-1,-1,-1,-1,-1,-1,-1
20141312O0014,3,9,0,2,0,1,0,0,0,0,2,1,6,3,-1,-1,1390,1,3,-1,-1
20141312O0014,4,9,0,2,0,1,0,0,0,0,2,1,6,3,-1,-1,1364,1,7,-1,-1
20141312O0153,1,9,0,18,0,4,0,0,0,0,1,1,1,2,31,6,1248,2,1,3,1
20141312O0153,2,9,0,18,0,4,0,0,0,0,2,1,1,1,39,7,1753,2,12,9,1
20141312O0153,3,21,0,18,0,4,0,0,0,0,1,1,1,1,53,8,12809,2,1,-1,-1
20141312O0240,1,9,0,6,0,0,0,0,0,0,1,1,6,2,38,7,1781,1,8,7,1
20141312O0240,2,1,0,18,0,0,5,0,0,0,1,1,6,1,14,3,-1,-1,-1,7,1
20141312O0439,1,20,0,18,0,8,0,0,0,0,1,1,1,1,40,7,4461,2,3,1,1
20141312O0766,1,9,0,18,0,0,0,0,0,0,1,1,6,3,-1,-1,-1,-1,-1,-1,-1
20141312O0766,2,9,0,3,0,0,0,0,0,0,2,1,6,1,70,10,2987,2,7,7,3
20141312O0947,1,9,0,16,0,0,0,0,0,0,1,1,6,2,34,6,1598,1,1,7,1
20141312O0963,1,9,0,4,0,1,0,0,0,0,1,1,6,1,59,9,1198,1,11,1,1
20141312O0963,2,9,0,4,0,1,0,0,0,0,2,1,6,1,50,8,1399,2,2,4,1
20141312O1071,1,1,0,18,0,8,0,0,0,0,1,1,6,1,13,3,-1,-1,-1,4,1
20141312O1071,2,9,0,18,0,8,0,0,0,0,1,1,3,1,64,9,-1,-1,-1,5,1
20141312O1082,1,20,0,18,0,8,0,0,0,0,1,1,6,1,37,7,-1,-1,-1,2,1
20141312O1082,2,9,0,3,0,8,0,0,0,0,2,1,6,2,41,7,2967,2,6,10,1
20141312O1082,3,9,0,9,0,8,0,0,0,0,2,1,6,2,47,8,2993,2,1,7,3
20141312O1093,1,9,0,7,0,5,0,0,0,0,4,1,6,1,44,7,1974,2,16,4,1
20141312O1093,2,1,0,18,4,1,0,0,0,0,1,1,6,1,29,6,-1,-1,-1,-1,-1
20141312O1136,1,9,0,18,0,0,1,0,1,7,4,1,6,1,29,6,1896,2,8,1,1
20141312O1421,1,8,0,18,0,0,0,0,0,0,3,1,1,1,38,7,1497,8,8,1,1
20141312O1421,2,8,0,9,0,0,0,0,0,0,1,1,1,1,36,7,1896,2,5,-1,1
20141312O1573,1,9,0,9,0,6,0,0,0,0,1,1,6,1,27,6,1299,1,15,-1,-1
20141312O1573,2,9,0,18,0,8,0,0,0,0,4,1,6,2,65,9,2179,2,4,9,3
20141312O1727,1,8,0,18,0,8,1,0,1,11,4,1,1,1,34,6,1910,2,9,1,1
20141312O1727,2,9,0,9,0,6,0,0,0,0,1,1,6,2,22,5,1490,1,5,5,1
20141312O1838,1,8,0,9,0,6,0,0,0,0,3,1,6,1,36,7,2000,1,5,-1,-1
20141312O1838,2,9,0,18,0,8,0,0,0,0,1,1,6,1,29,6,898,1,1,-1,-1
20141312O1838,3,19,0,2,0,1,0,0,0,0,0,1,6,3,-1,-1,2148,2,7,-1,-1
20141312P0175,1,9,0,5,0,6,0,0,0,0,1,1,6,1,36,7,2148,2,5,-1,-1
20141312P0175,2,9,0,18,0,1,0,0,0,0,1,1,6,2,36,7,1242,1,5,-1,-1
20141312P0232,1,9,0,9,0,4,0,0,0,0,3,1,6,1,75,10,1686,2,3,1,1
20141312P0232,2,19,0,18,0,4,0,0,0,0,1,1,6,1,24,5,1753,2,8,6,1
20141312P0236,1,9,0,18,0,2,0,0,1,0,4,1,2,2,49,8,1595,1,8,-1,1
20141312P0254,1,9,0,9,0,8,0,0,0,0,1,1,6,1,-1,-1,3518,1,7,9,3
20141312P0254,2,9,0,9,0,8,0,0,0,0,3,1,6,1,65,9,1998,2,5,9,1
20141312P0269,1,9,0,18,0,0,0,0,0,0,1,1,6,2,43,7,1199,1,9,3,1
20141312P0269,2,19,0,18,0,0,0,0,0,0,2,1,1,1,50,8,2198,2,1,2,1
20141312P0293,1,9,0,16,0,0,0,0,1,11,1,1,1,2,52,8,2993,2,2,10,1
20141312P0293,2,19,0,17,0,0,2,0,1,9,3,1,1,1,58,9,1753,2,6,6,1
20141312P0569,1,9,0,18,0,1,0,0,0,0,1,1,6,1,-1,-1,-1,-1,-1,-1,-1
20141312P0569,2,9,0,3,0,6,0,0,0,0,2,1,6,2,42,7,1600,2,4,1,1
20141312P0951,1,9,0,9,0,0,0,0,0,0,3,1,6,1,49,8,1598,1,4,7,1
20141312P0951,2,9,0,18,0,0,0,0,0,0,1,1,6,1,45,7,1896,2,5,2,1
20141312P1008,1,9,0,18,0,0,1,0,0,0,1,1,6,1,23,5,1781,1,25,10,1
20141312P1008,2,9,0,18,0,0,1,0,1,0,1,1,2,2,27,6,1242,1,4,1,1
20141312P1042,1,9,0,9,0,6,0,0,0,0,1,1,6,2,27,6,1587,1,8,9,1
20141312P1042,2,9,0,9,0,5,0,0,0,0,3,1,6,2,25,5,1968,2,1,5,2
20141312P1137,1,5,0,9,0,1,0,0,0,0,1,1,6,1,23,5,599,1,16,9,1
20141312P1137,2,9,0,18,0,5,0,0,0,0,3,1,6,2,43,7,1995,2,2,5,1
20141312P1164,1,9,0,18,0,8,1,0,0,0,1,1,2,1,30,6,2354,1,9,3,1
20141312P1164,2,9,0,18,0,8,0,0,0,0,2,1,2,2,28,6,1796,1,8,-1,1
20141312P1164,3,9,0,18,0,8,0,0,0,0,2,1,6,2,43,7,1686,2,10,-1,1
20141312P1279,1,9,0,18,0,1,0,0,0,0,1,1,1,1,24,5,1398,1,3,1,1
20141312P1279,2,9,0,18,0,1,1,0,1,11,4,1,2,2,57,9,1995,2,1,4,1
20141312P1377,1,9,0,18,0,6,0,0,0,0,1,1,6,1,37,7,1910,2,10,1,1
20141312P1377,2,9,0,18,0,8,0,0,0,11,3,1,6,1,29,6,1998,1,10,1,1
20141312P1522,1,9,0,18,0,0,0,0,0,0,1,1,6,1,32,6,1984,1,13,5,1
20141312P1522,2,8,0,4,0,0,0,0,0,0,1,1,1,1,57,9,1995,2,8,4,1
20141312P1639,1,9,0,5,0,4,0,0,0,0,1,1,6,1,36,7,1968,2,6,1,1
20141312P1639,2,3,0,18,0,8,0,0,0,0,4,1,6,1,36,7,125,1,7,5,1
20141312Q0174,1,9,0,18,0,1,0,0,0,0,1,1,2,1,19,4,2495,2,10,6,1
20141312Q0174,2,9,0,4,0,1,0,0,0,0,2,1,2,1,23,5,1999,1,9,9,1
20141312Q0398,1,21,0,11,0,0,0,0,0,0,4,1,1,1,45,7,9365,2,8,6,1
20141312Q0398,2,9,0,18,0,0,0,0,0,7,3,1,6,2,43,7,1798,1,3,10,1
20141312Q0592,1,9,0,5,0,6,0,0,0,0,1,1,6,2,58,9,1598,1,7,7,1
20141312Q0592,2,9,0,18,0,8,0,0,0,0,4,1,6,1,61,9,1998,2,6,3,1
20141312Q0705,1,1,0,17,0,8,1,0,0,0,0,1,6,2,58,9,-1,-1,-1,10,2
20141312Q0705,2,9,0,16,0,8,0,0,0,0,0,1,6,2,-1,-1,-1,-1,-1,-1,-1
20141312Q0879,1,9,0,9,0,5,0,0,0,0,4,1,6,2,37,7,1794,1,12,-1,-1
20141312Q0879,2,3,0,18,0,8,0,0,0,0,1,1,6,1,33,6,124,1,1,-1,-1
20141312Q0928,1,9,0,18,0,0,0,0,0,0,1,1,6,3,-1,-1,-1,-1,-1,-1,-1
20141312Q0928,2,1,0,18,0,0,1,0,0,0,2,1,6,1,23,5,-1,-1,-1,2,1
20141312Q0975,1,10,0,18,0,0,0,0,0,0,4,1,1,1,22,5,-1,-1,-1,8,1
20141312Q1027,1,8,0,6,0,0,0,0,0,0,3,1,1,1,43,7,1896,2,5,1,1
20141312Q1027,2,11,0,18,0,0,0,0,0,0,1,1,1,1,51,8,7300,2,5,3,1
20141312Q1190,1,9,0,9,0,8,0,0,0,0,4,1,2,1,45,7,2993,2,3,5,2
20141312Q1190,2,9,0,18,0,8,0,0,0,0,1,1,2,1,31,6,-1,-1,-1,8,2
20141312Q1204,1,8,0,18,0,0,0,0,0,0,4,1,6,3,-1,-1,-1,-1,-1,-1,-1
20141312Q1219,1,3,0,7,0,8,0,0,0,0,4,1,2,1,22,5,124,1,1,1,1
20141312Q1219,2,9,0,18,0,8,1,0,0,0,1,1,2,2,33,6,1299,1,13,5,1
20141312Q1476,1,9,0,18,0,0,2,0,0,0,1,1,6,1,-1,-1,1598,1,3,-1,-1
20141312Q1476,2,9,0,2,0,0,0,0,0,0,1,1,6,3,-1,-1,1560,2,9,2,1
20141312Q1511,1,11,0,5,0,4,0,0,0,0,0,1,1,1,25,5,6692,2,2,3,1
20141312Q1590,1,19,0,18,0,6,0,0,0,0,3,1,6,1,22,5,1896,2,11,3,3
20141312Q1590,2,9,0,18,0,8,0,0,0,0,1,1,2,1,63,9,1984,1,12,8,1
20141312Q1746,1,9,0,9,0,6,0,0,0,0,1,1,6,3,-1,-1,-1,-1,-1,-1,-1
20141312Q1746,2,19,0,18,0,8,1,0,1,2,4,1,6,1,25,5,2198,2,5,10,2
20141312R0110,1,9,0,18,0,1,1,0,8,1,1,1,6,1,21,5,1988,1,15,4,1
20141312R0178,1,9,0,17,0,8,0,0,0,0,3,1,1,1,49,8,1984,1,14,-1,1
20141312R0178,2,5,0,17,0,8,0,0,0,0,4,1,6,1,60,9,1099,1,20,6,1
20141312R0266,1,9,0,9,0,8,0,0,0,0,3,1,2,1,62,9,1749,1,13,1,1
20141312R0266,2,9,0,18,0,8,1,0,0,0,1,1,2,1,29,6,1995,2,13,3,1
20141312R0355,1,9,0,1,0,0,0,0,0,0,2,1,6,1,45,7,1149,1,15,-1,-1
20141312R0675,1,4,0,18,0,2,0,0,0,0,1,1,6,1,18,4,249,1,32,10,1
20141312R0792,1,8,0,5,0,1,0,0,0,0,0,1,1,1,50,8,1896,2,8,1,1
20141312R1111,1,9,0,18,0,8,0,0,0,0,1,1,6,1,30,6,1968,2,4,-1,-1
20141312R1111,2,9,0,18,0,8,0,0,0,0,1,1,6,1,37,7,1968,2,9,1,1
20141312R1124,1,9,0,16,0,3,0,0,0,2,4,1,6,1,29,6,1596,1,9,7,1
20141312R1211,1,9,0,18,0,8,0,0,0,0,1,1,6,1,23,5,1896,2,12,10,1
20141312R1211,2,9,0,18,0,8,0,0,0,0,0,1,6,3,-1,-1,-1,-1,-1,-1,-1
20141312R1211,3,8,0,9,0,8,0,0,0,0,2,1,1,1,30,6,1995,2,9,2,1
20141312R1339,1,9,0,10,0,1,0,0,0,0,4,1,6,2,19,4,1200,1,12,5,2
20141312R1339,2,9,0,18,0,1,0,0,0,0,1,1,6,1,20,4,-1,-1,-1,5,2
20141312R1339,3,9,0,18,0,1,0,0,0,0,3,1,6,2,30,6,1242,1,4,5,2
20141312R1413,1,9,0,9,0,1,0,0,0,0,3,1,6,1,18,4,1242,1,8,7,1
20141312R1413,2,19,0,18,0,1,0,0,0,0,1,1,1,1,47,8,1996,2,3,10,1
20141312R1620,1,9,0,18,0,0,2,0,8,11,1,1,6,1,50,8,2597,1,12,4,2
20141312S0376,1,9,0,18,0,0,0,0,0,0,4,1,1,2,56,9,1296,1,6,-1,-1
20141312S0523,1,9,0,18,0,6,0,0,0,0,1,1,6,1,72,10,1396,1,4,10,1
20141312S0523,2,9,0,18,0,8,0,0,0,0,3,1,6,1,57,9,1560,2,5,8,3
20141312S0994,1,9,5,9,0,6,0,0,0,0,0,1,6,1,44,7,4966,1,15,4,1
20141312S0994,2,9,5,9,0,6,0,0,0,0,3,1,6,1,31,6,1598,1,15,6,1
20141312S0994,3,1,0,18,0,8,2,0,0,0,1,1,2,1,49,8,-1,-1,-1,6,1
20141312S1003,1,9,0,9,0,8,0,0,0,0,3,1,2,2,46,8,1360,1,7,-1,-1
20141312S1003,2,9,0,18,0,1,0,0,0,0,1,1,6,1,65,9,973,1,12,-1,-1
20141312S1015,1,9,0,12,0,8,0,0,0,0,3,1,6,2,39,7,1399,2,12,1,1
20141312S1015,2,9,0,18,0,8,1,0,5,2,1,1,6,1,56,9,3500,1,17,7,1
20141312S1042,1,21,1,11,0,0,0,0,0,0,4,1,1,1,37,7,12777,2,5,7,1
20141312S1042,2,9,0,18,0,0,0,0,0,0,3,1,6,2,44,7,1896,2,12,2,1
20141312S1056,1,9,0,9,0,5,0,0,0,0,1,1,6,1,25,5,1910,2,6,-1,-1
20141312S1056,2,1,0,18,4,1,0,0,0,0,1,1,2,1,25,5,-1,-1,-1,-1,-1
20141312S1059,1,9,0,18,0,2,0,0,0,0,1,1,2,1,26,6,1595,1,12,7,1
20141312S1126,1,9,0,18,0,8,0,0,0,0,3,1,6,1,77,11,1975,1,8,5,1
20141312S1126,2,19,0,18,0,8,0,0,0,0,4,1,1,1,58,9,2299,2,-1,8,1
20141312S1126,3,9,0,18,0,1,0,0,0,0,1,1,6,2,58,9,2199,2,1,5,1
20141312S1268,1,9,0,18,0,0,0,0,0,0,1,1,6,1,35,6,1995,2,11,5,1