Accident_Index,Vehicle_Reference,Vehicle_Type,Towing_and_Articulation,Vehicle_Manoeuvre,Vehicle_Location-Restricted_Lane,Junction_Location,Skidding_and_Overturning,Hit_Object_in_Carriageway,Vehicle_Leaving_Carriageway,Hit_Object_off_Carriageway,1st_Point_of_Impact,Was_Vehicle_Left_Hand_Drive?,Journey_Purpose_of_Driver,Sex_of_Driver,Age_of_Driver,Age_Band_of_Driver,Engine_Capacity_(CC),Propulsion_Code,Age_of_Vehicle,Driver_IMD_Decile,Driver_Home_Area_Type
20141313B0318,1,9,0,18,0,0,0,0,0,0,4,1,3,2,41,7,1390,1,10,-1,-1
20141313B0592,1,9,0,3,0,0,0,0,0,0,1,1,1,1,25,5,-1,-1,-1,1,1
20141313B0592,2,9,0,3,0,0,0,0,0,0,2,1,6,1,22,5,1598,1,7,8,1
20141313B0592,3,19,0,18,0,0,0,0,0,0,2,1,6,1,27,6,-1,-1,-1,1,1
20141313B0670,1,9,0,18,0,0,2,0,8,6,1,1,6,2,32,6,998,1,13,-1,-1
20141313B0693,1,19,0,18,0,8,0,0,0,0,1,1,6,1,-1,-1,1248,2,7,-1,-1
20141313B0693,2,9,0,18,0,8,0,0,0,0,3,1,6,1,49,8,1997,2,6,10,2
20141313B0740,1,9,0,18,0,8,0,0,0,0,1,1,6,1,27,6,-1,-1,-1,1,1
20141313B0740,2,9,0,9,0,8,0,0,0,0,4,1,6,2,45,7,1988,1,11,1,1
20141313B0844,1,9,0,18,0,1,1,0,0,0,1,1,6,1,19,4,1198,1,11,6,1
20141313B0844,2,11,0,2,0,1,0,0,0,0,2,1,1,1,66,10,7300,2,11,8,1
20141313B0933,1,9,0,6,0,1,0,0,0,0,3,1,6,2,34,6,1896,2,5,3,1
20141313B0933,2,9,0,18,0,1,0,0,0,0,1,1,6,1,21,5,999,1,3,5,1
20141313B0966,1,9,0,18,0,0,0,0,0,0,4,1,6,2,45,7,1997,2,9,3,1
20141313B1000,1,9,0,4,0,1,0,0,0,0,1,1,6,1,48,8,1124,1,13,7,1
20141313B1000,2,9,0,4,0,1,0,0,0,0,2,1,6,1,35,6,-1,-1,-1,-1,-1
20141313B1060,1,9,0,18,0,0,0,0,0,0,1,1,6,1,36,7,1198,1,4,1,1
20141313B1060,2,9,0,2,0,0,0,0,0,0,0,1,6,1,24,5,1596,1,12,2,1
20141313B1148,1,9,0,18,0,0,0,0,0,0,1,1,6,2,26,6,1360,1,9,-1,-1
20141313B1148,2,9,0,4,0,0,0,0,0,0,2,1,6,2,45,7,1364,1,9,2,1
20141313B1148,3,9,0,4,0,0,0,0,0,0,2,1,6,2,27,6,-1,-1,-1,7,3
20141313B1198,1,11,0,1,0,0,0,0,0,0,0,1,1,1,45,7,9600,2,14,1,1
20141313B1202,1,19,0,9,0,8,0,0,0,0,1,1,1,1,38,7,1560,2,6,4,1
20141313B1202,2,9,0,18,0,8,0,0,0,0,1,1,6,1,30,6,1493,1,19,6,1
20141313B1726,1,9,0,9,0,6,0,0,0,0,1,1,6,2,32,6,998,1,1,2,1
20141313B1726,2,1,0,18,0,1,0,0,0,0,4,1,6,2,43,7,-1,-1,-1,9,1
20141313C0166,1,9,0,9,0,1,0,0,0,0,1,1,1,1,-1,-1,1995,2,9,6,1
20141313C0166,2,3,0,18,0,1,0,0,0,0,4,1,2,1,29,6,125,1,-1,3,1
20141313C0182,1,9,0,18,0,8,0,0,0,0,4,1,2,2,26,6,2959,2,10,4,1
20141313C0182,2,11,0,10,0,8,0,0,0,0,0,1,1,3,-1,-1,-1,-1,-1,-1,-1
20141313C0182,3,1,0,18,0,8,0,0,0,0,1,1,2,1,25,5,-1,-1,-1,1,1
20141313C0226,1,9,0,9,0,6,0,0,0,0,1,1,6,3,-1,-1,-1,-1,-1,-1,-1
20141313C0226,2,9,0,18,0,8,0,4,0,0,3,1,3,2,44,7,1398,1,2,1,1
20141313C0226,3,9,0,2,0,2,0,0,0,0,1,1,6,3,-1,-1,1596,1,11,-1,-1
20141313C0533,1,9,0,18,0,0,0,0,0,0,1,1,6,1,-1,-1,-1,-1,-1,-1,-1
20141313C0533,2,19,0,3,0,0,0,0,0,0,2,1,6,1,52,8,-1,-1,-1,5,1
20141313C0697,1,9,0,5,0,6,0,0,0,0,4,1,6,2,29,6,1396,1,10,3,1
20141313C0697,2,1,0,18,0,8,0,0,0,0,1,1,6,2,39,7,-1,-1,-1,8,1
20141313C0741,1,3,0,18,0,6,0,0,0,0,1,1,6,1,17,4,-1,-1,-1,1,1
20141313C0741,2,9,0,18,0,2,0,0,0,0,3,1,6,1,55,8,1896,2,12,2,1
20141313C0794,1,19,0,18,9,0,0,0,1,2,1,1,6,1,49,8,2402,2,9,6,2
20141313C0932,1,9,0,3,0,1,0,0,0,0,1,1,6,1,24,5,-1,-1,-1,9,1
20141313C0932,2,9,0,3,0,1,0,0,0,0,2,1,6,2,30,6,1242,1,8,7,1
20141313C0938,1,9,0,9,0,8,0,0,0,0,4,1,2,1,43,7,1149,1,12,2,1
20141313C0938,2,8,0,7,0,8,0,0,0,0,3,1,1,1,24,5,1598,1,10,2,1
20141313C1017,1,9,0,18,0,2,0,0,0,0,4,1,6,1,59,9,1332,1,15,1,1
20141313C1139,1,9,0,9,0,6,0,0,0,0,3,1,6,1,60,9,1997,2,3,2,1
20141313C1139,2,9,0,17,0,8,0,0,0,0,1,1,6,1,23,5,1796,1,9,3,1
20141313C1243,1,9,0,18,0,1,0,0,0,0,1,1,6,2,65,9,1598,1,4,9,3
20141313C1243,2,9,0,9,0,6,0,0,0,0,1,1,6,2,43,7,1990,1,21,-1,-1
20141313C1628,1,11,0,2,3,0,0,0,0,0,0,1,1,2,42,7,7300,2,1,6,3
20141313D0178,1,9,0,9,0,1,0,0,0,0,1,1,2,1,39,7,1686,2,7,3,1
20141313D0178,2,1,0,18,0,1,0,0,0,0,3,1,2,1,49,8,-1,-1,-1,9,1
20141313D0420,1,9,0,18,0,6,0,0,0,0,1,1,6,1,31,6,2231,2,8,3,1
20141313D0420,2,9,0,18,0,6,0,0,0,0,2,1,6,2,22,5,996,1,2,10,1
20141313D0805,1,2,0,18,0,0,2,0,0,0,1,1,6,1,16,4,49,1,11,-1,-1
20141313D0805,2,19,0,4,0,0,0,0,0,0,2,1,1,1,61,9,1753,2,4,10,1
20141313D0904,1,9,0,9,0,1,0,0,0,0,1,1,6,1,16,4,-1,-1,-1,3,1
20141313D0904,2,2,0,18,0,1,0,0,0,0,1,1,6,1,47,8,-1,-1,-1,2,1
20141313D0947,1,10,0,7,0,2,0,0,0,0,0,1,6,1,55,8,2494,2,11,1,1
20141313D0947,2,1,0,18,0,1,0,0,0,0,0,1,6,2,45,7,-1,-1,-1,6,1
20141313D1047,1,9,0,18,0,8,0,0,0,0,4,1,6,1,28,6,1968,2,7,2,1
20141313D1047,2,19,0,9,0,8,0,0,0,0,1,1,6,1,41,7,1896,2,7,3,1
20141313D1297,1,9,0,18,0,0,0,0,0,0,4,1,6,1,41,7,1461,2,-1,2,1
20141313D1367,1,9,0,18,0,0,0,0,0,0,1,1,6,1,33,6,1560,2,3,2,1
20141313D1367,2,11,0,4,0,0,0,0,0,0,2,1,1,1,49,8,7300,2,8,1,1
20141313D1532,1,5,0,18,0,0,1,0,0,0,1,1,6,1,19,4,650,1,15,3,1
20141313E0293,1,9,0,9,0,8,0,0,0,0,1,1,2,1,28,6,1596,1,14,1,1
20141313E0607,1,9,0,18,0,1,0,0,0,0,1,1,6,2,36,7,1997,1,15,1,1
20141313E0607,2,19,0,2,0,1,0,0,0,0,2,1,6,1,48,8,2799,2,11,4,1
20141313E0793,1,19,0,1,0,2,0,0,0,0,2,1,1,1,49,8,2198,2,7,1,1
20141313E0964,1,9,0,3,0,1,0,0,0,0,2,1,6,1,46,8,1968,2,8,5,1
20141313E0964,2,21,0,18,0,1,0,0,0,0,1,1,1,1,59,9,-1,2,27,7,1
20141313E1062,1,9,0,18,0,8,1,0,7,11,4,1,1,1,33,6,1956,2,2,9,1
20141313E1062,2,9,0,18,0,8,1,0,1,11,1,1,6,1,47,8,1598,1,6,5,1
20141313E1163,1,9,0,9,0,8,0,0,0,0,4,1,6,2,41,7,1896,2,11,1,1
20141313E1163,2,1,0,18,0,8,0,0,0,0,1,1,2,1,58,9,-1,-1,-1,5,1
20141313E1326,1,5,0,11,0,0,0,0,0,0,1,1,2,1,26,6,750,1,23,8,1
20141313E1326,2,9,0,18,0,0,0,0,0,0,2,1,6,2,50,8,1086,1,6,1,1
20141313E1456,1,9,0,18,0,0,0,0,0,0,1,1,6,1,-1,-1,-1,-1,-1,-1,-1
20141313E1560,1,9,0,10,0,8,0,0,0,0,2,1,6,2,23,5,1328,1,9,4,1
20141313E1560,2,9,0,10,0,8,0,0,0,0,1,1,6,2,35,6,2143,2,4,4,1
20141313E1621,1,11,0,4,0,0,0,0,0,0,0,1,1,1,25,5,9000,2,15,2,1
20141313E1885,1,9,0,9,0,6,0,0,0,0,1,1,6,1,34,6,1896,2,10,4,1
20141313E1885,2,3,0,18,0,8,2,10,0,0,1,1,6,1,34,6,124,1,2,5,1
20141313F0092,1,9,0,1,0,8,0,0,0,0,2,1,6,1,32,6,-1,-1,-1,-1,-1
20141313F0092,2,9,0,3,0,8,0,0,0,0,0,1,1,1,35,6,2993,2,2,1,1
20141313F0092,3,1,0,3,0,8,0,0,0,0,1,1,6,1,26,6,-1,-1,-1,-1,1
20141313F0439,1,9,0,1,0,8,0,0,0,0,1,1,6,2,32,6,1997,2,6,1,1
20141313F0439,2,9,0,18,0,1,0,0,0,2,1,1,2,1,19,4,1968,2,5,6,1
20141313F0592,1,11,0,18,0,8,0,0,0,0,4,1,1,1,48,8,6700,2,6,-1,-1
20141313F0592,2,9,0,18,0,8,0,0,0,0,1,1,6,1,71,10,1240,1,6,3,1
20141313F0837,1,9,0,18,0,0,0,0,0,0,1,1,6,1,25,5,1598,1,15,2,1
20141313F0837,2,9,0,4,0,0,0,0,0,0,2,1,6,1,18,4,1149,1,12,7,1
20141313F0837,3,9,0,4,0,0,0,0,0,0,2,1,6,2,45,7,1149,1,1,7,1
20141313F1233,1,9,0,18,0,0,0,0,0,0,1,1,6,1,22,5,1798,1,2,4,1
20141313F1233,2,9,0,18,0,0,0,0,0,0,1,1,6,1,47,8,2179,2,3,4,1
20141313F1387,1,9,0,18,0,2,0,0,0,0,3,1,6,1,20,4,1388,1,10,-1,1
20141313F1387,2,9,0,11,0,5,0,0,0,0,1,1,6,2,-1,-1,-1,-1,-1,-1,-1
20141313F1606,1,19,0,9,0,8,0,0,0,0,4,1,6,1,32,6,1686,2,12,2,1
20141313F1606,2,9,0,18,0,8,0,0,0,0,0,1,6,2,34,6,1242,1,4,3,1
20141313F1853,1,9,0,1,0,0,0,0,0,0,4,1,6,1,-1,-1,2198,1,12,4,1
20141313G0153,1,9,0,18,0,0,1,0,0,0,1,1,6,1,22,5,1364,1,4,3,1
20141313G0153,2,9,0,18,0,0,0,0,0,0,1,1,6,1,28,6,998,1,12,3,1
20141313G0847,1,9,0,18,0,1,0,0,0,0,1,1,6,1,19,4,998,1,7,3,1
20141313G0847,2,9,0,10,0,1,0,0,0,0,2,1,6,2,53,8,1229,1,8,7,1
20141313G1012,1,9,0,9,0,1,0,0,0,0,2,1,6,3,-1,-1,2792,1,18,-1,-1
20141313G1012,2,9,0,9,0,1,0,0,0,0,1,1,6,1,39,7,1598,1,7,6,1
20141313G1190,1,9,0,18,0,8,0,0,0,0,3,1,6,2,-1,-1,1240,1,11,8,1
20141313G1190,2,19,0,18,0,8,0,0,0,0,1,1,1,1,-1,-1,2148,2,5,-1,-1
20141313G1224,1,1,0,18,0,0,0,0,1,3,1,1,6,1,41,7,-1,-1,-1,7,1
20141313G1491,1,9,0,18,0,1,0,0,0,0,0,1,6,2,53,8,1364,1,7,8,1
20141313G1491,2,1,0,18,0,1,0,0,0,0,2,1,6,2,23,5,-1,-1,-1,7,1
20141313G1506,1,9,0,6,0,0,0,0,0,0,3,1,6,2,39,7,1299,1,14,6,1
20141313G1506,2,5,0,18,0,0,1,0,0,0,1,1,6,1,44,7,599,1,15,-1,1
20141313H0001,1,9,0,7,0,2,0,0,8,11,4,1,6,3,-1,-1,1998,1,7,-1,-1
20141313H0001,2,9,0,18,0,1,0,0,0,0,4,1,6,1,32,6,998,1,14,1,1
20141313H0112,1,9,0,9,0,8,0,0,1,11,1,1,6,1,25,5,1798,1,11,2,1
20141313H0112,2,9,0,18,0,8,0,0,0,0,0,1,1,1,47,8,2400,2,3,1,1
20141313H0229,1,9,0,18,0,2,0,0,0,0,1,1,6,2,52,8,1360,1,6,7,1
20141313H0229,2,9,0,18,0,2,0,0,0,0,2,1,6,1,46,8,1988,1,12,4,1
20141313H0229,3,9,0,18,0,2,0,0,0,0,2,1,6,2,23,5,1086,1,6,4,1
20141313H1020,1,9,0,18,0,8,0,0,0,0,1,1,6,3,34,6,-1,-1,-1,-1,-1
20141313H1020,2,1,0,7,0,8,0,0,0,0,0,1,6,1,23,5,-1,-1,-1,3,3
20141313H1135,1,9,0,9,0,5,0,0,0,0,1,1,6,2,19,4,1242,1,3,8,1
20141313H1135,2,1,0,18,0,8,0,0,0,0,1,1,6,1,43,7,-1,-1,-1,10,1
20141313H1278,1,11,0,4,0,0,0,0,0,0,0,1,6,1,45,7,7300,2,6,-1,-1
20141313H1290,1,1,0,15,0,0,0,0,0,0,1,1,6,1,29,6,-1,-1,-1,3,1
20141313H1290,2,9,0,3,0,0,0,0,0,0,4,1,6,1,28,6,1968,2,7,3,1
20141313H1713,1,9,0,5,0,2,0,0,0,0,1,1,6,2,68,10,1399,2,7,8,1
20141313H1713,2,3,0,8,0,2,5,0,0,0,2,1,6,2,56,9,125,1,5,2,1
20141313H1795,1,9,0,9,0,6,0,0,0,0,1,1,6,1,48,8,1124,1,15,4,1
20141313H1795,2,9,0,18,0,1,0,0,0,0,1,1,6,2,20,4,1339,1,12,3,1
20141313I0340,1,17,4,18,0,2,0,0,0,0,2,1,1,1,23,5,-1,2,6,4,1
20141313I0340,2,9,0,3,0,1,0,0,0,0,1,1,2,2,58,9,1149,1,11,8,1
20141313I0372,1,9,0,4,0,0,0,0,0,0,2,1,2,2,40,7,1910,2,5,1,1
20141313I0372,2,21,0,4,0,0,0,0,0,0,1,1,1,1,57,9,4462,2,1,10,1
20141313I0528,1,21,0,18,0,1,1,0,0,0,1,1,1,1,51,8,4461,2,3,2,1
20141313I0528,2,9,0,7,0,8,0,0,0,0,2,1,6,2,50,8,1149,1,15,5,1
20141313I0530,1,9,0,7,0,8,0,0,0,0,1,1,6,1,64,9,1796,1,9,4,1
20141313I0530,2,1,0,18,0,8,0,0,0,0,1,1,6,1,17,4,-1,-1,-1,9,1
20141313I0589,1,9,0,13,0,0,0,0,0,0,4,1,6,1,24,5,1600,1,16,3,1
20141313I0589,2,19,0,18,0,0,1,0,1,4,1,1,1,1,32,6,2299,2,16,6,1
20141313I0848,1,9,0,16,0,0,1,0,7,3,1,1,6,1,27,6,1998,1,12,3,1
20141313I0881,1,9,0,9,0,6,0,0,0,0,1,1,6,1,73,10,1796,1,7,6,1
20141313I0881,2,3,0,18,0,1,0,0,0,0,1,1,6,1,19,4,124,1,1,1,1
20141313I0948,1,9,0,7,0,1,0,0,0,0,4,1,6,2,36,7,1896,2,9,1,1
20141313I0948,2,19,0,18,0,1,0,0,0,0,1,1,6,1,56,9,2800,2,10,10,3
20141313I1008,1,9,0,6,0,8,0,0,0,0,4,1,2,1,36,7,2987,2,5,1,1
20141313I1008,2,5,0,18,0,1,1,0,0,0,1,1,6,1,49,8,745,1,5,2,1
20141313I1036,1,9,0,6,0,2,0,0,0,0,1,1,6,1,31,6,2967,1,12,3,1
20141313I1036,2,9,0,18,0,1,0,0,0,0,3,1,1,2,56,9,1598,1,12,5,1
20141313I1211,1,9,0,18,0,1,0,0,0,0,1,1,2,2,46,8,1398,2,5,5,3
20141313I1211,2,19,4,18,0,1,0,0,0,0,1,1,1,1,56,9,2402,2,6,8,2
20141313I1211,3,9,0,18,0,1,0,0,0,0,2,1,2,1,50,8,1248,2,11,2,1
20141313I1222,1,9,0,18,0,0,0,0,0,0,1,1,6,1,20,4,1248,2,9,7,1
20141313I1315,1,9,0,4,0,0,0,0,0,0,2,1,6,2,37,7,1598,1,2,1,1
20141313I1315,2,9,0,18,0,0,0,0,0,0,1,1,6,2,45,7,-1,-1,-1,6,1
20141313I1321,1,9,0,18,0,8,0,0,0,0,1,1,6,1,-1,-1,-1,-1,-1,-1,-1
20141313I1321,2,9,0,18,0,8,1,0,0,0,4,1,6,2,20,4,1199,1,13,-1,1
20141313I1435,1,9,0,18,0,4,0,0,0,0,2,1,6,1,48,8,1968,2,8,2,1
20141313I1435,2,9,0,18,0,4,0,0,0,0,1,1,6,1,27,6,1364,2,6,-1,-1
20141313J0143,1,9,0,9,0,6,0,0,0,0,1,1,2,1,23,5,1229,1,8,4,3
20141313J0143,2,9,0,18,0,1,0,0,0,0,3,1,2,1,56,9,2231,2,8,3,1
20141313J0595,1,8,0,3,0,0,0,0,0,0,2,1,1,1,53,8,1896,2,6,4,1
20141313J0595,2,19,0,3,0,0,0,0,0,0,2,1,1,1,26,6,1753,2,7,8,1
20141313J0595,3,9,0,18,0,0,0,0,0,0,1,1,1,1,36,7,1229,1,7,1,1
20141313J0641,1,11,0,18,0,0,0,0,0,0,1,1,1,1,55,8,7300,2,6,3,1
20141313J0889,1,9,0,18,0,8,0,0,5,1,1,1,1,1,35,6,1995,2,3,10,1
20141313J0889,2,9,0,18,0,8,0,0,5,1,3,1,6,1,60,9,1596,1,7,7,1
20141313J0933,1,9,0,9,0,2,0,0,0,0,1,1,6,3,-1,-1,-1,-1,-1,-1,-1
20141313J0933,2,9,0,18,0,2,0,0,0,0,4,1,6,2,38,7,1229,1,4,6,3
20141313J1191,1,9,0,18,0,2,1,0,0,0,1,2,6,1,48,8,5300,1,14,4,1
20141313J1198,1,9,0,9,0,8,0,0,0,0,4,1,1,1,61,9,-1,-1,-1,9,1
20141313J1198,2,5,0,18,0,1,0,0,0,0,1,1,2,1,50,8,1137,1,13,1,1
20141313J1497,1,9,0,7,0,6,0,0,0,0,3,1,6,1,19,4,1596,1,10,4,1
20141313J1497,2,9,0,18,0,8,0,0,2,2,1,1,6,1,34,6,1598,1,8,4,1
20141313J1522,1,9,0,9,0,6,0,0,0,0,1,1,6,2,47,8,1598,1,4,7,1
20141313J1522,2,1,0,18,0,1,0,0,0,0,1,1,6,1,70,10,-1,-1,-1,-1,1
20141313J1600,1,11,0,5,0,0,0,0,0,0,0,1,1,1,61,9,9360,2,5,1,1
20141313J1621,1,9,0,9,0,5,0,0,0,0,1,1,2,1,46,8,1796,1,12,5,1
20141313J1621,2,1,0,18,0,8,0,0,0,0,1,1,2,1,46,8,-1,-1,-1,-1,-1
20141313J1631,1,5,0,18,0,0,0,0,0,0,0,1,6,1,19,4,599,1,15,6,1
20141313J1663,1,11,0,7,2,5,0,0,0,0,1,1,1,2,33,6,-1,-1,-1,-1,-1
20141313J1709,1,9,0,18,0,0,0,0,0,0,3,1,6,1,20,4,1364,1,9,-1,1
20141313J1709,2,11,0,18,0,0,0,0,0,0,3,1,1,1,42,7,9360,2,2,-1,-1
20141313K0284,1,9,0,18,0,1,0,0,0,0,4,1,3,1,42,7,1339,1,10,1,1
20141313K0302,1,3,0,18,0,1,0,0,0,0,0,1,6,1,23,5,124,1,4,7,1
20141313K0302,2,19,0,9,0,1,0,0,0,0,0,1,1,1,24,5,2402,2,2,-1,-1
20141313K0579,1,9,0,5,0,2,0,0,0,0,4,1,1,1,45,7,-1,-1,-1,4,1
20141313K0579,2,9,0,18,0,1,0,0,0,0,3,1,6,1,19,4,1968,2,8,4,1
20141313K0602,1,9,0,1,0,0,0,0,0,0,2,1,6,1,82,11,1596,1,-1,5,1
20141313K0602,2,9,0,2,0,0,0,0,0,0,0,1,6,1,66,10,1596,1,4,2,2
20141313K0728,1,9,0,18,0,0,0,0,0,0,2,1,6,2,24,5,1149,1,7,1,1
20141313K0728,2,9,0,18,0,0,0,0,0,0,1,1,6,2,24,5,1596,1,7,4,1
20141313K1040,1,9,0,18,0,0,0,0,0,0,1,1,1,2,48,8,2000,1,7,8,1
20141313K1040,2,9,0,3,0,0,0,0,0,0,2,1,1,1,48,8,1686,2,1,-1,-1
20141313K1186,1,9,0,7,0,6,0,0,0,0,1,1,6,2,49,8,1339,1,5,10,2
20141313K1186,2,9,0,18,0,8,0,0,0,0,4,1,2,2,42,7,1598,1,5,8,3
20141313K1325,1,9,0,9,0,8,0,0,0,0,0,1,6,1,26,6,3199,1,12,4,1
20141313K1325,2,9,0,18,0,8,0,0,0,0,0,1,2,2,46,8,1596,1,13,1,1
20141313K1360,1,11,0,16,0,0,0,0,1,11,0,1,1,1,71,10,4760,2,1,-1,-1
20141313K1360,2,9,0,17,0,0,0,0,0,0,0,1,6,1,43,7,1968,2,4,4,1
20141313K1618,1,90,0,18,0,0,0,0,0,0,0,2,1,1,32,6,11946,2,6,7,1
20141313K1618,2,9,0,18,0,0,5,11,0,0,1,1,6,2,66,10,1229,1,3,6,1
20141313K1618,3,9,0,18,0,0,5,11,0,0,1,1,6,1,63,9,2148,2,6,5,1
20141313K1780,1,9,0,18,0,4,0,0,0,0,0,1,1,2,41,7,1248,2,-1,6,1
20141313K1780,2,3,0,18,0,4,0,0,0,0,0,1,2,1,36,7,100,1,7,3,3
20141313L0217,1,1,0,18,8,0,5,0,0,0,3,1,2,1,34,6,-1,-1,-1,4,1
20141313L0217,2,9,0,18,0,0,0,0,0,0,1,1,2,1,34,6,1956,2,4,-1,-1
20141313L0228,1,9,0,3,0,1,0,0,0,0,2,1,2,1,37,7,-1,-1,-1,6,1
20141313L0228,2,9,0,3,0,1,0,0,0,0,1,1,2,1,22,5,1598,1,5,7,1
20141313L0235,1,9,0,14,0,0,0,0,0,0,1,1,6,2,75,10,1242,1,2,-1,-1
20141313L0279,1,9,0,18,0,0,0,0,0,0,1,1,6,2,60,9,1998,2,2,8,3
20141313L0279,2,9,0,3,0,0,0,0,0,0,2,1,2,1,23,5,1598,1,9,8,1
20141313L0388,1,9,0,18,0,8,1,0,0,0,3,1,6,1,80,11,998,1,9,-1,1
20141313L0388,2,9,0,9,0,8,1,0,0,0,1,1,6,2,36,7,1061,1,10,4,1
20141313L0403,1,9,0,3,0,0,0,0,0,0,2,1,6,2,35,6,1248,1,2,9,1
20141313L0403,2,9,0,4,0,0,0,0,0,0,2,1,6,1,73,10,1198,1,5,9,2
20141313L0403,3,19,0,4,0,0,0,0,0,0,1,1,1,1,43,7,1968,2,1,8,1
20141313L0403,4,9,0,9,0,0,0,0,0,0,0,1,6,3,-1,-1,-1,-1,-1,-1,-1
20141313L0449,1,9,0,18,0,1,0,0,0,0,4,1,6,3,-1,-1,1388,1,7,-1,-1
20141313L0449,2,1,0,18,0,1,0,0,0,0,3,1,6,1,48,8,-1,-1,-1,9,1
20141313L0505,1,9,0,18,0,0,0,0,0,0,2,1,1,2,29,6,998,1,7,3,3
20141313L0505,2,9,0,18,0,0,0,0,0,0,1,1,1,1,30,6,-1,-1,-1,-1,-1
20141313L0588,1,9,0,4,0,0,0,0,0,0,1,1,6,2,28,6,1795,1,12,-1,1
20141313L0588,2,9,0,18,0,0,0,0,0,0,2,1,6,2,26,6,1461,2,5,1,1
20141313L0591,1,11,0,7,0,6,0,0,0,0,3,1,1,1,46,8,7300,2,9,6,2
20141313L0591,2,9,0,18,0,1,1,0,1,0,4,1,3,2,21,5,1240,1,11,2,1
20141313L0709,1,8,0,9,0,6,0,0,0,0,1,1,1,1,53,8,1998,7,5,-1,1
20141313L0709,2,9,0,18,0,8,0,0,0,0,1,1,6,1,49,8,1596,1,7,1,1
20141313L0870,1,9,0,18,0,0,0,0,0,0,2,1,6,2,55,8,1499,1,5,2,1
20141313L0870,2,9,0,18,0,0,0,0,0,0,2,1,6,1,68,10,1149,1,13,1,1
20141313L0870,3,9,0,18,0,0,0,0,0,0,1,1,6,1,24,5,2496,1,10,3,1
20141313L0918,1,2,0,18,0,0,0,0,0,0,1,1,6,1,24,5,49,1,2,1,1
20141313L0918,2,9,0,4,0,0,0,0,0,0,0,1,6,1,70,10,-1,-1,-1,5,1
20141313L0966,1,9,0,18,0,0,0,0,0,0,4,2,1,2,-1,-1,-1,-1,-1,-1,-1
20141313L1105,1,9,0,1,0,0,0,0,0,0,4,1,6,1,19,4,1896,2,6,5,1
20141313L1105,2,5,0,2,0,0,0,0,0,0,1,1,6,1,31,6,599,1,8,-1,1
20141313L1132,1,9,0,9,0,8,0,0,0,0,1,1,6,1,31,6,1461,2,8,1,1
20141313L1132,2,5,0,18,0,1,2,0,0,0,1,1,2,1,55,8,675,1,1,4,1
20141313L1141,1,9,0,18,0,6,0,0,0,0,4,1,6,1,35,6,1242,1,1,2,1
20141313L1141,2,9,0,18,0,8,0,0,0,0,1,1,6,1,50,8,1299,1,16,7,3
20141313L1356,1,9,0,16,0,0,1,0,1,10,3,1,6,1,23,5,1896,2,9,9,1
20141313L1373,1,9,0,4,0,0,0,0,0,0,1,2,2,1,26,6,-1,-1,-1,1,1
20141313L1373,2,9,0,4,0,0,0,0,0,0,2,1,1,1,28,6,998,1,2,4,1
20141313L1379,1,9,0,9,0,8,0,0,0,0,4,1,6,3,-1,-1,-1,-1,-1,-1,-1
20141313L1379,2,1,0,18,0,8,5,0,0,0,1,1,2,1,44,7,-1,-1,-1,8,1
20141313L1513,1,10,0,5,0,6,0,0,0,0,3,1,6,1,-1,-1,2461,2,12,-1,-1
20141313L1513,2,9,0,18,0,8,0,0,0,0,1,1,6,2,48,8,1198,1,9,3,1
20141313L1537,1,9,0,1,0,8,0,0,0,0,2,1,6,1,43,7,1598,1,2,6,1
20141313L1537,2,1,0,18,0,8,2,0,0,0,1,1,6,1,13,3,-1,-1,-1,4,1
20141313L1549,1,9,0,18,0,1,0,0,0,0,1,1,6,3,-1,-1,1124,1,14,-1,-1
20141313L1549,2,9,0,18,0,1,0,0,0,0,3,1,6,1,53,8,1560,2,1,-1,1
20141313L1549,3,9,0,2,0,1,0,0,0,0,2,1,6,1,-1,-1,1598,1,3,1,1
20141313L1549,4,9,0,18,0,1,0,0,0,0,0,1,1,1,28,6,2993,2,2,1,1
20141313L1573,1,9,0,2,0,0,0,0,0,0,1,1,6,2,25,5,1339,1,11,-1,-1
20141313L1573,2,9,0,18,0,0,1,1,0,0,1,1,6,1,37,7,1390,1,2,2,1
20141313L1573,3,9,0,18,0,0,1,1,0,0,1,1,6,2,38,7,2204,2,7,6,3
20141313L1684,1,9,0,9,0,0,0,0,0,0,3,1,6,1,19,4,-1,-1,-1,9,2
20141313L1684,2,9,0,18,0,0,0,0,0,0,1,1,6,1,51,8,1992,2,9,-1,-1
20141313M0191,1,9,0,6,0,0,0,0,0,0,3,1,6,3,-1,-1,-1,-1,-1,-1,-1
20141313M0454,1,9,0,18,0,4,0,0,0,0,1,1,1,2,45,7,1229,1,1,-1,1
20141313M0454,2,9,0,9,0,8,0,0,0,0,1,1,6,2,48,8,1299,1,11,8,1
20141313M0649,1,9,0,5,9,0,0,0,0,0,3,1,6,1,43,7,1364,1,9,-1,-1
20141313M0677,1,9,0,1,0,1,0,0,0,0,2,1,1,1,59,9,1461,2,8,9,1
20141313M0945,1,5,0,18,0,2,2,0,0,0,1,1,6,1,21,5,625,1,8,1,1
20141313M0945,2,1,0,5,0,6,2,0,0,0,3,1,6,1,12,3,-1,-1,-1,1,1
20141313M1361,1,9,0,18,0,0,0,12,0,0,1,1,6,1,50,8,2198,2,8,3,3
20141313M1383,1,9,0,18,0,0,0,0,0,0,4,1,6,1,21,5,1997,1,9,5,2
20141313M1391,1,8,0,9,0,5,0,0,0,0,3,1,1,1,50,8,1998,2,5,2,1
20141313M1411,1,9,0,9,0,8,0,0,0,0,1,1,1,1,33,6,1796,1,6,2,1