Accident_Index,Vehicle_Reference,Vehicle_Type,Towing_and_Articulation,Vehicle_Manoeuvre,Vehicle_Location-Restricted_Lane,Junction_Location,Skidding_and_Overturning,Hit_Object_in_Carriageway,Vehicle_Leaving_Carriageway,Hit_Object_off_Carriageway,1st_Point_of_Impact,Was_Vehicle_Left_Hand_Drive?,Journey_Purpose_of_Driver,Sex_of_Driver,Age_of_Driver,Age_Band_of_Driver,Engine_Capacity_(CC),Propulsion_Code,Age_of_Vehicle,Driver_IMD_Decile,Driver_Home_Area_Type
20141313M1411,2,9,0,18,0,1,1,0,7,0,4,1,6,1,29,6,1896,2,13,1,1
20141313M1594,1,19,0,4,0,1,0,0,0,0,0,1,6,1,17,4,1870,2,11,1,1
20141313M1594,2,9,0,4,0,1,0,0,0,0,2,1,6,1,23,5,1598,2,1,2,1
20141313M1594,3,9,0,10,0,1,0,0,0,0,1,1,6,2,25,5,1598,1,9,1,1
20141313M1603,1,8,0,16,0,8,0,0,0,0,1,1,1,1,38,7,1896,2,7,1,1
20141313M1622,1,9,0,18,0,1,0,0,7,0,1,1,6,1,40,7,1598,1,14,3,1
20141313M1622,2,9,0,9,0,5,0,0,7,4,4,1,6,1,33,6,1910,2,11,4,1
20141313M1660,1,9,0,5,8,0,0,0,0,0,3,1,6,1,27,6,1796,1,15,4,1
20141313M1660,2,9,0,18,0,0,0,0,0,0,1,1,6,1,23,5,1199,1,12,7,1
20141313N0323,1,9,0,18,0,0,0,4,0,0,1,1,6,1,32,6,2143,2,2,8,1
20141313N0323,2,9,0,2,0,0,0,4,1,0,2,1,6,3,-1,-1,1995,2,1,-1,-1
20141313N0323,3,9,0,2,0,0,0,0,0,0,2,1,6,3,-1,-1,1560,2,3,-1,-1
20141313N0550,1,9,0,18,0,8,0,0,0,0,4,1,6,1,26,6,1799,1,5,-1,-1
20141313N0550,2,9,0,9,0,8,0,0,0,0,1,1,6,2,56,9,1398,2,3,3,1
20141313N0575,1,1,0,18,0,0,2,0,0,0,3,1,6,1,49,8,-1,-1,-1,8,1
20141313N0589,1,9,0,18,0,8,0,0,0,0,1,1,6,1,23,5,1248,2,4,1,1
20141313N0595,1,1,0,18,0,1,1,0,0,0,1,1,6,1,50,8,-1,-1,-1,3,1
20141313N0595,2,9,0,9,0,6,0,0,0,0,3,1,6,2,39,7,2993,2,2,9,3
20141313N0753,1,9,0,18,0,0,0,0,0,0,2,1,6,2,47,8,998,1,1,5,1
20141313N0753,2,9,0,18,0,0,0,0,0,0,1,1,6,3,-1,-1,-1,-1,-1,-1,-1
20141313N0753,3,9,0,18,6,0,0,0,0,0,2,1,6,1,48,8,1995,2,3,4,1
20141313N0753,4,9,0,18,0,0,1,4,1,0,1,1,6,2,52,8,1686,2,7,7,3
20141313N0778,1,9,0,5,0,0,0,0,0,0,1,1,6,1,43,7,998,1,14,1,1
20141313N0837,1,9,0,18,0,8,0,0,0,0,4,1,6,1,26,6,998,1,9,4,1
20141313N0837,2,1,0,5,0,8,5,0,0,0,1,1,6,2,32,6,-1,-1,-1,4,1
20141313N1007,1,9,0,18,0,6,0,0,0,0,3,1,6,1,79,11,1396,1,11,5,1
20141313N1007,2,9,0,18,0,8,0,0,0,0,1,1,6,1,19,4,1388,1,9,4,1
20141313N1021,1,1,0,18,0,0,0,0,0,0,3,1,6,1,50,8,-1,-1,-1,9,1
20141313N1021,2,9,0,15,0,0,0,0,0,0,4,1,6,1,-1,-1,1995,2,9,-1,-1
20141313N1371,1,9,0,9,0,8,0,0,0,0,1,1,6,1,18,4,998,1,11,5,1
20141313N1371,2,9,0,18,0,8,0,0,0,0,1,1,6,1,50,8,1150,1,10,4,1
20141313N1434,1,9,0,18,0,8,0,0,0,0,1,1,6,1,-1,-1,2295,1,14,-1,-1
20141313N1434,2,9,0,18,0,8,0,0,0,0,1,1,6,2,25,5,1686,2,11,2,1
20141313N1693,1,9,0,18,0,8,0,0,0,0,1,1,6,2,66,10,989,1,11,1,1
20141313N1693,2,9,0,18,0,8,0,0,0,0,1,1,6,1,65,9,1560,2,3,10,1
20141313O0187,1,2,0,9,0,8,5,0,0,0,3,1,2,1,24,5,49,1,6,-1,1
20141313O0195,1,19,0,9,0,6,0,0,0,0,1,1,1,1,26,6,2402,2,11,3,1
20141313O0195,2,1,0,10,0,1,0,0,0,0,4,1,2,1,48,8,-1,-1,-1,3,1
20141313O0201,1,9,0,14,0,0,0,4,0,0,1,1,2,1,31,6,1386,1,5,7,1
20141313O0201,2,9,0,18,0,0,0,0,0,0,1,1,2,2,23,5,1360,1,8,2,1
20141313O0201,3,9,0,2,0,0,0,0,0,0,0,1,1,1,64,9,-1,-1,-1,9,2
20141313O0242,1,9,0,18,0,0,2,0,2,10,4,1,1,1,43,7,796,1,12,5,1
20141313O0242,2,11,0,18,0,0,0,0,0,0,1,1,3,2,45,7,9600,2,17,2,1
20141313O0357,1,9,0,18,0,4,0,0,0,0,1,1,6,2,18,4,1995,1,6,8,3
20141313O0357,2,2,0,3,0,4,0,0,0,0,2,1,6,1,18,4,49,1,2,1,1
20141313O0431,1,9,0,18,0,8,0,0,0,0,4,1,1,1,52,8,-1,-1,-1,9,1
20141313O0431,2,9,0,18,0,8,0,0,0,0,1,1,6,1,-1,-1,-1,-1,-1,-1,-1
20141313O0608,1,11,0,18,0,0,0,0,0,0,0,1,1,1,30,6,9360,2,6,1,1
20141313O0787,1,19,0,18,0,0,0,0,0,0,1,1,1,1,55,8,1870,2,9,10,1
20141313O0787,2,9,0,4,0,0,0,0,0,0,2,1,1,1,27,6,998,1,2,1,1
20141313O0844,1,19,0,18,0,0,1,7,0,0,1,1,6,1,19,4,2198,2,3,8,1
20141313O0844,2,9,0,18,0,0,0,0,0,0,3,1,6,1,45,7,-1,-1,-1,3,1
20141313O0860,1,9,0,1,0,0,0,0,0,0,3,1,6,2,46,8,1598,1,3,4,1
20141313O0860,2,9,0,18,0,0,0,0,0,0,4,1,6,1,86,11,1587,1,7,4,1
20141313O0950,1,9,0,18,0,8,0,0,0,0,3,1,2,2,50,8,1798,1,5,5,1
20141313O0950,2,9,0,18,0,6,0,0,0,0,1,1,2,2,65,9,2199,2,2,9,1
20141313O0954,1,9,0,9,0,6,0,0,0,0,1,1,6,2,39,7,1968,2,9,1,1
20141313O0954,2,9,0,18,0,8,0,0,0,0,4,1,3,1,69,10,1329,1,2,1,1
20141313O1036,1,11,0,18,0,0,0,0,0,0,0,1,1,1,60,9,7300,2,6,4,1
20141313O1210,1,9,0,18,0,1,0,0,0,0,1,1,6,2,-1,-1,1364,1,5,2,1
20141313O1289,1,9,0,7,0,5,0,0,0,0,4,1,2,2,24,5,998,1,7,-1,1
20141313O1289,2,1,0,18,2,1,0,0,0,0,1,1,2,1,48,8,-1,-1,-1,-1,1
20141313O1326,1,9,0,16,0,8,0,0,0,0,3,1,6,2,-1,-1,1198,1,12,-1,-1
20141313O1326,2,1,0,16,0,8,0,0,0,0,4,1,6,1,24,5,-1,-1,-1,10,1
20141313O1464,1,9,0,18,0,0,0,0,0,0,1,1,2,1,33,6,1797,8,3,5,1
20141313O1464,2,9,0,18,0,0,0,0,0,0,2,1,2,2,27,6,1796,1,11,1,1
20141313O1465,1,9,0,18,0,0,1,0,0,0,1,1,6,1,26,6,1910,2,10,-1,-1
20141313O1628,1,9,0,9,0,8,0,0,0,0,3,1,6,1,22,5,1299,1,11,9,1
20141313O1628,2,1,0,18,0,1,5,0,0,0,1,1,2,1,60,9,-1,-1,-1,9,1
20141313O1815,1,8,0,18,0,1,0,0,0,0,4,1,1,1,48,8,1968,2,6,3,1
20141313O1815,2,9,0,18,0,1,0,0,0,0,1,1,6,1,23,5,1199,1,13,3,1
20141313O1838,1,9,0,18,0,0,0,0,0,0,1,1,6,1,45,7,1124,1,13,5,1
20141313O9999,1,9,0,18,0,1,0,0,0,0,4,1,6,2,34,6,1348,1,12,5,1
20141313O9999,2,9,0,7,0,6,0,0,0,0,1,1,6,2,-1,-1,-1,-1,-1,-1,-1
20141313P0014,1,3,0,18,0,0,2,0,0,0,0,1,2,1,29,6,125,1,7,5,1
20141313P0024,1,21,0,18,0,8,0,0,0,0,4,1,6,3,-1,-1,-1,-1,-1,-1,-1
20141313P0024,2,1,0,18,0,8,0,0,0,0,3,1,1,1,59,9,-1,-1,-1,-1,-1
20141313P0432,1,9,0,9,0,8,0,0,0,0,3,1,6,2,33,6,1896,2,6,7,1
20141313P0432,2,2,0,18,0,8,0,0,0,0,1,1,6,1,17,4,49,1,13,4,1
20141313P0477,1,8,0,18,0,8,0,0,2,10,3,1,1,1,33,6,1896,2,10,3,1
20141313P0477,2,9,0,9,0,8,0,0,0,0,4,1,6,2,54,8,1895,1,13,4,2
20141313P0614,1,9,0,10,0,1,0,0,0,0,1,1,6,2,38,7,1997,2,8,10,2
20141313P0614,2,9,0,18,0,1,0,0,0,0,3,1,6,1,85,11,1339,1,5,-1,-1
20141313P0744,1,19,0,18,0,0,0,0,0,0,1,1,1,1,29,6,2402,2,12,2,1
20141313P0744,2,9,0,10,0,0,0,0,0,0,2,1,6,2,28,6,1598,1,5,1,1
20141313P0825,1,9,0,18,0,0,0,0,0,0,1,1,6,2,25,5,1198,1,11,4,1
20141313P0825,2,9,0,18,0,0,0,0,0,0,1,1,6,1,-1,-1,1999,1,13,5,3
20141313P0825,3,9,0,4,0,0,0,0,0,0,2,1,6,3,-1,-1,-1,-1,-1,-1,-1
20141313P0833,1,9,0,18,0,1,0,0,0,0,3,1,6,1,37,7,1796,1,5,10,1
20141313P0833,2,9,0,5,0,6,0,0,0,0,1,1,6,2,56,9,1199,1,12,4,1
20141313P0965,1,9,0,9,0,5,0,0,0,0,1,1,6,1,36,7,1896,2,6,1,1
20141313P0965,2,9,0,9,0,5,0,0,0,0,2,1,6,1,61,9,1769,1,11,3,1
20141313P1022,1,9,0,18,0,8,0,0,0,0,1,1,6,1,51,8,1951,2,13,6,1
20141313P1022,2,1,0,18,0,8,0,0,0,0,1,1,6,1,46,8,-1,-1,-1,5,3
20141313P1086,1,9,0,7,0,5,0,0,0,0,4,1,6,2,49,8,1995,2,3,9,2
20141313P1129,1,9,0,16,0,5,1,0,7,1,1,1,6,2,46,8,1299,1,14,6,1
20141313P1163,1,9,0,18,0,1,0,0,0,0,1,1,6,1,24,5,1560,2,9,1,1
20141313P1163,2,9,0,3,0,1,0,0,0,0,2,1,6,2,33,6,1896,2,12,3,1
20141313P1304,1,19,0,9,0,6,0,0,0,0,3,1,1,1,35,6,1995,2,3,3,1
20141313P1304,2,1,0,18,0,8,0,0,0,0,1,1,2,1,60,9,-1,-1,-1,8,1
20141313P1326,1,11,0,5,0,4,0,0,0,0,1,1,1,1,62,9,7300,2,10,3,1
20141313P1326,2,1,0,18,0,8,0,0,0,0,1,1,6,1,43,7,-1,-1,-1,7,1
20141313P1696,1,9,0,18,0,1,5,0,0,0,1,1,6,3,-1,-1,1986,2,6,-1,-1
20141313P1696,2,9,0,2,0,1,0,0,0,0,1,1,6,1,29,6,1229,1,9,1,1
20141313Q0154,1,9,0,6,0,0,0,0,0,0,3,1,6,1,61,9,2401,1,6,1,1
20141313Q0154,2,3,0,18,0,0,0,0,0,0,4,1,2,1,26,6,124,1,1,5,2
20141313Q0196,1,9,0,6,0,0,0,0,0,0,3,1,2,1,40,7,1229,1,6,8,1
20141313Q0196,2,3,0,13,0,0,0,0,0,0,1,1,2,1,44,7,125,1,10,2,1
20141313Q0406,1,9,0,18,0,3,0,0,0,0,0,1,6,3,26,6,-1,-1,-1,-1,-1
20141313Q0520,1,11,0,2,0,0,0,0,0,0,4,1,1,1,45,7,2686,2,8,2,1
20141313Q0564,1,9,0,18,0,0,0,0,0,0,4,1,6,2,71,10,998,1,5,-1,-1
20141313Q0725,1,9,0,9,0,8,0,0,0,0,1,1,6,1,84,11,1117,1,26,1,1
20141313Q0725,2,9,0,18,0,8,0,0,0,0,1,1,6,2,72,10,1596,1,9,-1,-1
20141313Q0798,1,9,0,18,0,4,0,0,0,0,4,1,6,2,27,6,1598,1,12,2,1
20141313Q0798,2,9,0,18,0,3,0,0,0,0,4,1,6,1,55,8,1896,2,8,10,1
20141313Q0824,1,3,0,18,0,8,0,0,1,11,1,1,6,1,18,4,100,1,6,1,1
20141313Q0824,2,9,0,18,0,8,0,0,0,0,0,1,6,1,30,6,1598,1,12,1,1
20141313Q0836,1,9,0,12,0,6,1,0,0,0,1,2,6,2,36,7,1389,1,15,1,1
20141313Q0836,2,9,0,18,0,1,2,0,4,0,1,2,6,1,20,4,1199,1,12,6,1
20141313Q0990,1,9,0,14,0,0,0,0,0,0,4,1,6,1,64,9,1329,1,5,5,1
20141313Q1235,1,9,0,5,0,2,0,0,0,0,1,1,6,2,22,5,998,1,-1,1,1
20141313Q1235,2,9,0,18,0,1,0,0,0,0,1,1,6,1,48,8,1596,1,11,1,1
20141313Q1311,1,9,0,18,0,8,0,0,0,0,3,1,1,1,35,6,1796,1,15,2,1
20141313Q1311,2,9,0,18,0,8,0,0,0,0,1,1,6,1,37,7,1363,2,10,2,1
20141313Q1473,1,9,0,1,0,2,0,0,0,0,2,1,6,2,42,7,1796,1,10,7,1
20141313Q1501,1,9,0,11,0,8,0,0,0,0,1,1,6,2,31,6,1598,1,1,2,1
20141313Q1501,2,9,0,18,0,8,0,0,0,0,1,1,6,1,22,5,1956,2,3,2,1
20141313Q1522,1,9,0,7,0,5,0,0,0,0,4,1,6,1,41,7,1956,2,4,1,1
20141313Q1613,1,9,0,1,0,2,0,0,0,0,2,1,6,3,-1,-1,-1,-1,-1,-1,-1
20141313R0036,1,9,0,18,0,1,1,0,0,0,1,1,6,1,33,6,1124,1,15,-1,-1
20141313R0036,2,9,0,2,0,1,0,0,7,0,3,1,6,3,-1,-1,1497,1,10,-1,-1
20141313R0036,3,9,0,2,0,1,1,0,0,11,1,1,6,3,-1,-1,1896,2,7,-1,-1
20141313R0036,4,9,0,2,0,1,0,0,0,0,1,1,6,3,-1,-1,1390,1,10,-1,-1
20141313R0074,1,9,0,7,0,1,2,0,1,1,1,1,6,1,20,4,1596,1,3,-1,-1
20141313R0074,2,9,0,18,0,1,0,0,0,0,0,1,1,1,51,8,2401,1,6,-1,-1
20141313R0074,3,9,0,18,0,1,0,0,0,0,0,1,1,1,45,7,2993,2,4,-1,-1
20141313R0074,4,9,0,18,0,1,0,0,0,0,0,1,1,1,47,8,2967,2,4,-1,-1
20141313R0074,5,19,0,2,0,2,0,0,0,0,3,1,6,1,-1,-1,1753,2,1,-1,-1
20141313R0134,1,9,0,4,0,8,0,0,0,0,1,1,6,1,53,8,1968,2,-1,8,2
20141313R0134,2,9,0,4,0,8,0,0,0,0,2,1,6,2,34,6,1995,2,2,2,1
20141313R0134,3,9,0,2,0,8,0,0,0,0,2,1,6,2,29,6,1399,2,11,5,1
20141313R0189,1,21,0,1,0,0,0,0,0,0,2,1,1,1,51,8,-1,-1,-1,10,1
20141313R0193,1,9,0,4,0,0,0,0,0,0,2,1,2,1,29,6,1560,2,5,2,1
20141313R0193,2,9,0,4,0,0,0,0,0,0,2,1,1,1,46,8,1968,2,1,7,1
20141313R0193,3,19,0,18,0,0,0,0,0,0,1,1,1,1,32,6,1598,2,1,2,1
20141313R0607,1,3,0,18,0,0,1,0,0,0,0,1,6,1,19,4,124,1,1,5,1
20141313R0607,2,21,0,18,0,0,0,0,0,0,3,1,1,1,46,8,5480,2,13,6,1
20141313R0628,1,11,0,4,2,0,0,0,0,5,4,1,1,1,35,6,9360,2,2,4,1
20141313R0657,1,9,0,6,0,0,0,0,0,0,4,1,1,1,52,8,1968,2,7,4,1
20141313R0657,2,9,0,16,0,0,1,0,0,0,1,1,6,1,18,4,1896,2,10,1,1
20141313R0778,1,9,0,4,0,0,0,0,0,0,1,1,6,2,57,9,1598,1,8,9,1
20141313R0938,1,1,0,18,0,0,0,0,0,0,1,1,6,1,1,1,-1,-1,-1,-1,-1
20141313R1190,1,9,0,18,0,0,0,0,0,0,0,1,6,3,-1,-1,-1,-1,-1,-1,-1
20141313R1191,1,9,0,18,0,0,0,0,0,0,1,1,6,2,17,4,1248,2,6,2,1
20141313R1220,1,9,0,5,0,8,0,0,0,0,1,1,6,2,21,5,1396,1,12,6,1
20141313R1220,2,19,0,18,0,8,0,0,0,0,3,1,1,1,53,8,1248,2,3,-1,-1
20141313R1317,1,9,0,9,0,8,0,0,0,0,1,1,6,1,30,6,999,1,2,3,1
20141313R1317,2,9,0,18,0,8,0,0,0,0,1,1,6,2,26,6,1598,1,7,1,1
20141313R1369,1,9,0,3,0,0,0,0,0,0,2,1,6,1,61,9,2401,2,11,7,1
20141313R1369,2,9,0,18,0,0,0,0,0,0,1,1,6,1,18,4,1396,1,16,1,1
20141313S0146,1,9,0,4,0,0,1,0,0,0,1,1,2,1,41,7,1390,1,13,4,1
20141313S0146,2,9,0,4,0,0,0,0,0,0,2,1,2,2,43,7,1590,1,14,2,1
20141313S0205,1,9,0,18,0,0,0,0,0,0,1,1,1,1,55,8,1399,2,10,1,1
20141313S0205,2,9,0,18,0,0,0,0,0,0,1,1,1,1,48,8,-1,-1,-1,6,2
20141313S0205,3,9,0,18,0,0,0,0,0,0,2,1,1,1,25,5,2148,2,6,1,1
20141313S0244,1,3,0,18,0,1,0,0,0,0,1,1,2,1,18,4,125,1,4,1,1
20141313S0244,2,9,0,7,0,6,0,0,0,0,3,1,2,1,53,8,2495,2,10,8,1
20141313S0339,1,90,0,10,0,0,0,0,0,0,2,1,1,1,26,6,8970,2,9,7,1
20141313S0339,2,21,0,18,0,0,1,0,0,0,1,1,1,1,22,5,-1,-1,-1,1,1
20141313S0394,1,9,0,9,0,8,0,0,0,0,3,1,6,1,32,6,1968,2,4,7,1
20141313S0394,2,9,0,18,0,8,1,0,0,0,1,1,6,1,21,5,1199,1,13,5,1
20141313S0610,1,11,0,18,0,1,0,0,0,0,0,1,1,1,24,5,9360,2,2,1,1
20141313S0767,1,9,0,5,0,1,0,0,0,0,0,1,6,1,65,9,1598,1,11,6,1
20141313S0767,2,11,0,5,0,1,0,0,0,0,0,1,1,1,29,6,9360,2,5,2,1
20141313S0859,1,11,0,18,0,0,0,0,0,0,1,1,1,1,45,7,-1,-1,-1,1,1
20141313S0859,2,3,0,7,0,0,0,0,0,0,3,1,6,1,18,4,125,1,2,2,1
20141313S0860,1,9,0,18,0,0,0,0,0,0,4,1,6,1,31,6,1984,1,4,7,1
20141313S0860,2,9,0,2,0,0,0,0,0,0,3,1,6,1,50,8,1599,1,11,1,1
20141313S0891,1,9,0,18,0,8,0,0,0,0,1,1,6,2,39,7,1995,2,6,9,3
20141313S0891,2,9,0,4,0,8,0,0,0,0,2,1,6,1,39,7,1896,2,10,6,1
20141313S1092,1,9,0,9,4,8,0,0,0,0,1,1,1,1,39,7,1968,2,4,4,1
20141313S1092,2,1,0,18,4,8,0,0,0,0,3,1,2,1,39,7,-1,-1,-1,-1,1
20141313S1158,1,9,0,18,0,0,0,0,0,0,1,1,6,1,30,6,-1,-1,-1,9,2
20141313S1158,2,9,0,2,0,0,0,0,0,0,0,1,6,1,42,7,1461,2,2,1,1
20141313S1215,1,9,0,9,0,1,0,0,0,0,1,1,6,1,-1,-1,-1,-1,-1,-1,-1
20141313S1215,2,9,0,3,0,2,0,0,0,0,2,1,2,2,57,9,1390,1,1,7,1
20141313S1444,1,9,0,16,0,4,0,0,0,0,1,1,6,3,-1,-1,1248,2,6,-1,-1
20141313S1444,2,9,0,9,0,8,0,0,0,0,4,1,6,1,62,9,2148,2,13,1,1
20141313T0659,1,9,0,18,0,0,0,0,0,0,2,1,6,2,38,7,1242,1,11,7,1
20141313T0659,2,9,0,18,0,0,0,0,0,0,2,1,6,2,53,8,-1,-1,-1,6,3
20141313T0659,3,9,0,18,0,0,1,0,0,0,1,1,6,2,58,9,1299,1,12,4,1
20141313T0708,1,9,0,18,0,3,0,0,0,0,1,1,6,2,18,4,1399,2,5,1,1
20141313T0708,2,9,0,18,0,8,5,0,0,0,3,1,6,1,59,9,1398,1,2,4,1
20141313T0817,1,9,0,7,0,2,0,0,0,0,1,1,6,1,57,9,2993,2,4,1,1
20141313T0920,1,5,0,13,0,1,0,0,0,0,1,1,6,1,67,10,-1,-1,-1,1,1
20141313T0920,2,9,0,18,0,1,0,0,1,0,1,1,6,2,50,8,-1,-1,-1,6,2
20141313T0938,1,1,0,18,0,0,2,0,1,0,1,1,6,1,29,6,-1,-1,-1,5,1
20141313T1076,1,9,0,18,0,4,0,0,0,0,1,1,6,2,63,9,1796,1,4,-1,1
20141313T1076,2,9,0,18,0,4,0,0,0,0,2,1,6,2,29,6,1497,8,7,8,1
20141313T1182,1,11,0,2,0,8,0,0,0,0,0,1,1,1,40,7,4760,2,3,1,1
20141313T1224,1,21,1,18,0,1,0,0,0,0,1,1,1,1,53,8,9200,2,3,4,2
20141313T1224,2,9,0,3,0,1,1,0,0,0,2,1,6,2,49,8,1995,2,4,6,3
20141313T1410,1,9,0,9,0,6,1,0,0,0,1,1,6,3,29,6,1994,1,14,-1,-1
20141313T1410,2,9,0,18,0,6,0,0,0,0,0,1,1,1,27,6,2993,2,1,-1,-1
20141313T1410,3,9,0,18,0,1,0,0,0,0,4,1,6,2,20,4,1796,1,9,5,1
20141313T1499,1,9,0,3,0,2,0,0,0,0,2,1,6,2,20,4,1149,1,12,6,1
20141313T1499,2,9,0,4,0,1,0,0,0,0,1,1,6,1,51,8,1397,1,7,-1,1
20141313T1611,1,9,0,9,0,6,0,0,0,0,1,1,6,1,20,4,-1,-1,-1,2,1
20141313T1611,2,3,0,18,0,8,0,0,0,0,1,1,6,1,26,6,124,1,7,2,1
20141313U0091,1,8,0,5,0,0,0,0,0,0,4,1,6,3,-1,-1,-1,-1,-1,-1,-1
20141313U0634,1,5,0,16,0,1,2,0,0,0,4,1,6,1,67,10,1050,1,4,4,1
20141313U0693,1,9,0,18,0,1,0,0,0,0,4,1,6,1,22,5,1396,1,9,6,3
20141313U0693,2,9,0,18,0,1,5,0,0,0,3,1,6,1,39,7,1298,1,15,1,1
20141313U1112,1,9,0,1,0,0,0,0,0,0,2,1,6,1,83,11,1598,1,4,9,1
20141313U1112,2,9,0,2,0,0,0,0,0,0,3,1,6,1,77,11,1798,1,9,9,1
20141313U1203,1,9,0,7,0,2,1,0,0,0,1,1,6,1,35,6,-1,-1,-1,-1,-1
20141313V0756,1,9,0,18,0,8,0,0,0,0,0,1,6,1,44,7,1200,1,-1,1,1
20141313V0756,2,11,0,18,0,1,0,0,0,0,0,1,1,1,54,8,3900,2,10,4,1
20141313V0944,1,3,0,4,0,0,5,0,0,0,1,1,6,1,20,4,124,1,5,1,1
20141313V0944,2,9,0,4,0,0,0,0,0,0,2,1,6,2,30,6,1388,1,9,1,1
20141313V1087,1,9,0,18,0,0,0,0,0,0,0,1,6,3,-1,-1,-1,-1,-1,-1,-1
20141313V1087,2,9,0,18,0,0,0,0,1,4,1,1,6,1,35,6,998,1,15,4,1
20141313V1547,1,9,0,9,0,6,0,0,0,0,4,1,6,1,22,5,1796,1,11,-1,-1
20141313V1547,2,9,0,18,0,1,5,0,1,0,1,1,6,2,21,5,973,1,13,-1,-1
20141313V1589,1,9,0,16,0,0,0,0,7,9,1,1,6,2,18,4,998,1,9,4,2
20141313V1642,1,9,0,18,0,2,1,0,0,0,0,1,6,1,42,7,1896,2,11,1,1
20141313V1642,2,3,0,18,0,2,1,0,0,0,0,1,6,1,22,5,124,1,16,3,1
20141313V1980,1,9,0,18,0,8,0,0,0,0,1,1,1,1,49,8,1998,1,10,7,1
20141313V2007,1,9,0,13,0,0,1,4,0,0,1,1,6,1,24,5,1896,2,10,-1,-1
20141313V2007,2,9,0,18,0,0,0,0,0,0,0,1,1,1,28,6,2400,2,3,1,1
20141313V2007,3,9,0,2,0,0,0,0,0,0,3,1,6,1,-1,-1,1896,2,13,-1,-1
20141313V2007,4,9,0,2,0,0,0,0,0,0,4,1,6,1,-1,-1,1461,2,3,-1,-1
20141313V2007,5,8,0,2,0,0,0,0,0,0,4,1,6,1,-1,-1,1995,2,8,-1,-1
20141313V2007,6,9,0,18,0,0,0,0,0,0,2,1,6,1,25,5,1766,1,28,2,1
20141313V2007,7,9,0,18,0,0,0,0,0,0,1,1,6,1,36,7,1956,2,-1,1,1
2014131410202,1,21,1,10,0,1,0,0,0,0,3,1,1,1,32,6,10518,2,2,4,2
2014131410202,2,11,0,17,0,1,0,0,0,0,1,1,1,1,22,5,-1,2,25,3,2
2014131410222,1,9,0,9,0,1,5,0,0,0,4,1,6,1,68,10,885,1,68,7,1
2014131410222,2,9,0,18,0,1,1,0,0,0,1,1,2,2,49,8,1896,2,12,9,1
2014131410246,1,9,0,18,0,0,0,0,0,0,0,1,6,2,41,7,2979,1,12,4,1
2014131410275,1,9,0,18,0,0,0,0,0,0,4,1,1,1,62,9,1582,2,2,8,3
2014131410602,1,19,0,5,0,1,0,0,0,0,1,1,1,2,33,6,-1,-1,-1,-1,-1
2014131410602,2,9,0,3,0,1,0,0,0,0,2,1,6,1,71,10,1951,2,12,-1,-1
2014131410727,1,9,0,18,0,0,0,4,0,0,1,1,6,1,33,6,1596,1,9,1,1
2014131410727,2,9,0,2,0,0,0,0,1,0,2,1,6,2,42,7,1299,1,10,2,2
2014131410822,1,9,0,18,0,6,0,0,0,0,1,1,6,1,19,4,1596,1,2,1,1
2014131410822,2,5,0,18,0,8,0,0,0,0,1,1,1,1,43,7,599,1,10,4,2
2014131410871,1,19,0,9,0,6,0,0,0,0,1,1,1,1,27,6,1560,2,7,3,1
2014131410871,2,3,0,18,0,8,2,0,0,0,3,1,6,1,23,5,124,1,5,4,1
2014131410949,1,9,0,18,0,2,0,0,0,0,1,2,6,2,75,10,1242,1,7,2,1
2014131410983,1,9,0,18,0,6,0,0,0,0,0,1,6,1,67,10,1968,2,2,8,3
2014131410983,2,5,0,9,0,1,0,0,0,0,4,1,6,1,52,8,1200,1,16,10,1
2014131411033,1,9,0,1,0,0,0,0,0,0,2,1,6,3,-1,-1,-1,-1,-1,-1,-1
2014131411113,1,9,0,9,0,5,0,10,0,0,1,1,6,1,26,6,1196,1,18,4,1
2014131411113,2,9,0,2,0,1,0,0,0,0,2,1,6,1,41,7,1994,2,14,5,1
2014131411139,1,9,0,18,0,0,0,0,0,0,4,1,6,2,65,9,1329,1,5,-1,-1
2014131411437,1,9,0,5,0,6,0,0,0,0,1,1,6,1,59,9,1910,2,7,7,3
2014131411437,2,1,0,18,0,8,0,0,0,0,1,1,6,1,37,7,-1,-1,-1,7,1
2014131411587,1,19,0,18,0,0,0,0,0,0,1,1,2,1,50,8,2287,2,3,-1,1
2014131411587,2,9,0,3,0,0,0,0,0,0,2,1,2,2,42,7,1995,1,7,10,2
2014131411643,1,9,0,3,0,1,0,0,0,0,0,1,1,1,31,6,1248,2,1,1,1
2014131420246,1,9,0,9,0,1,0,0,0,0,1,1,1,2,34,6,1499,1,-1,10,1
2014131420246,2,9,0,18,0,1,0,0,0,0,1,1,1,1,56,9,1796,1,13,3,2
2014131420276,1,9,0,18,0,0,0,0,0,0,1,1,6,1,30,6,1598,1,18,3,1
2014131420372,1,1,0,18,4,1,0,0,0,0,0,1,6,1,34,6,-1,-1,-1,2,1
2014131420372,2,9,0,7,0,1,0,0,0,0,3,1,6,1,40,7,1995,2,1,8,1
2014131420804,1,9,0,3,0,0,0,0,0,0,1,1,1,1,46,8,1896,2,9,2,1
2014131420804,2,1,0,18,0,0,0,0,0,0,4,1,6,1,24,5,-1,-1,-1,9,1
2014131421210,1,9,0,18,0,8,0,0,7,10,1,1,6,2,20,4,1896,2,12,4,1
2014131421210,2,9,0,9,0,8,0,0,0,0,3,1,6,1,45,7,1398,1,12,2,1
2014131421333,1,11,0,5,0,0,0,0,0,0,0,1,1,1,48,8,9360,2,5,-1,1
2014131421433,1,9,0,14,0,0,0,0,0,0,4,1,2,1,43,7,998,1,15,5,1