Accident_Index,Vehicle_Reference,Vehicle_Type,Towing_and_Articulation,Vehicle_Manoeuvre,Vehicle_Location-Restricted_Lane,Junction_Location,Skidding_and_Overturning,Hit_Object_in_Carriageway,Vehicle_Leaving_Carriageway,Hit_Object_off_Carriageway,1st_Point_of_Impact,Was_Vehicle_Left_Hand_Drive?,Journey_Purpose_of_Driver,Sex_of_Driver,Age_of_Driver,Age_Band_of_Driver,Engine_Capacity_(CC),Propulsion_Code,Age_of_Vehicle,Driver_IMD_Decile,Driver_Home_Area_Type
20141314S0217,2,3,0,18,0,0,0,0,0,0,3,1,1,2,23,5,125,1,5,6,1
20141314S0237,1,9,0,16,0,0,0,0,7,0,4,1,6,2,29,6,998,1,2,2,1
20141314S0237,2,9,0,3,0,0,0,0,0,0,3,1,6,1,41,7,2685,2,10,-1,-1
20141314S0258,1,9,0,5,0,0,0,0,0,0,2,1,6,1,49,8,1596,1,13,1,1
20141314S0258,2,9,0,18,0,0,0,0,0,0,1,1,2,1,32,6,1398,1,10,9,1
20141314S0318,1,9,0,18,0,8,0,0,0,0,4,1,6,1,36,7,3498,7,7,-1,1
20141314S0432,1,9,0,18,0,0,0,0,0,0,4,1,6,1,80,11,1197,1,1,1,1
20141314S0479,1,9,0,18,0,0,0,0,0,0,1,1,6,3,-1,-1,-1,-1,-1,-1,-1
20141314S0663,1,9,0,18,0,8,0,0,0,0,1,1,6,1,79,11,1242,1,4,8,1
20141314S0663,2,9,0,10,0,1,0,0,0,0,3,1,6,1,64,9,2902,2,10,2,2
20141314S0663,3,9,0,18,0,8,0,0,0,0,3,1,2,1,59,9,2184,2,8,6,1
20141314S0663,4,9,0,18,0,8,0,0,0,0,1,1,2,1,43,7,2000,2,3,8,3
20141314S0758,1,9,0,9,0,8,0,0,0,0,3,1,6,1,26,6,1242,1,12,5,2
20141314S0758,2,1,0,18,4,8,0,0,0,0,3,1,6,1,20,4,-1,-1,-1,6,1
20141314S0761,1,9,0,18,0,2,0,0,0,0,1,1,6,1,63,9,1598,1,3,2,1
20141314S0761,2,9,0,9,0,6,0,0,0,0,4,1,6,1,70,10,1598,1,10,5,1
20141314S0896,1,9,0,1,0,0,0,0,0,0,2,1,6,1,61,9,1968,2,5,9,1
20141314S1199,1,9,0,18,9,0,0,0,1,11,4,1,6,1,51,8,-1,-1,-1,8,3
20141314S1211,1,9,0,7,0,1,0,0,0,0,4,1,6,1,24,5,1400,1,7,-1,-1
20141314S1211,2,1,0,18,0,1,0,0,0,0,1,1,6,2,65,9,-1,-1,-1,-1,-1
20141314S1601,1,9,0,4,0,1,0,0,0,0,1,1,6,1,69,10,1995,2,6,1,1
20141314S1601,2,9,0,5,0,1,0,0,0,0,2,1,6,2,63,9,1590,1,13,8,1
20141314S1783,1,9,0,16,0,0,2,0,1,4,3,1,2,2,26,6,1598,1,11,9,1
20141314T0043,1,9,0,5,0,0,0,0,0,0,1,1,6,1,19,4,1390,1,2,5,1
20141314T0043,2,9,0,18,0,0,0,0,0,0,4,1,6,1,24,5,1968,2,6,6,1
20141314T0258,1,9,0,18,0,1,0,0,0,0,1,1,6,1,22,5,998,1,2,7,1
20141314T0258,2,9,0,10,0,1,0,0,0,0,2,1,6,2,23,5,1360,1,8,9,1
20141314T0368,1,9,0,1,0,8,0,0,0,0,2,1,6,2,-1,-1,-1,-1,-1,-1,-1
20141314T0512,1,9,0,1,0,0,0,0,0,0,2,1,6,1,-1,-1,-1,-1,-1,-1,-1
20141314T0520,1,9,0,9,0,8,0,0,0,0,1,1,6,1,58,9,1388,1,8,-1,-1
20141314T0520,2,1,0,18,0,8,0,0,0,0,1,1,6,1,58,9,-1,-1,-1,4,1
20141314T0566,1,9,0,16,0,0,0,0,0,0,3,1,6,1,36,7,1560,2,2,4,1
20141314T0566,2,21,0,17,0,0,0,0,0,0,3,1,1,1,55,8,6871,2,8,4,1
20141314T0752,1,9,0,18,0,4,0,0,0,0,1,1,6,2,76,11,1242,1,3,1,1
20141314T0752,2,1,0,9,0,4,0,0,0,0,1,1,2,1,46,8,-1,-1,-1,5,1
20141314T0951,1,9,0,18,0,8,0,0,0,0,1,1,6,1,68,10,1242,1,2,1,1
20141314T1265,1,9,0,3,0,1,0,0,0,0,4,1,6,2,36,7,1229,1,7,7,1
20141314T1265,2,1,0,18,4,1,2,0,0,0,1,1,6,1,34,6,-1,-1,-1,10,1
20141314T1289,1,1,0,18,0,0,0,4,0,0,0,1,6,1,51,8,-1,-1,-1,-1,-1
20141314T1289,2,9,0,2,0,0,0,0,0,0,0,1,6,1,27,6,-1,-1,-1,3,1
20141314T1344,1,9,0,18,0,0,0,0,0,0,1,1,6,1,36,7,1986,2,8,5,1
20141314T1456,1,9,0,16,0,2,0,7,0,0,1,1,6,2,27,6,1396,1,9,2,1
20141314U0293,1,9,0,2,0,0,0,0,0,0,4,1,6,1,23,5,1360,2,20,-1,1
20141314U0293,2,1,0,18,0,0,0,0,0,0,1,1,1,1,19,4,-1,-1,-1,2,1
20141314U0297,1,9,0,18,2,1,0,0,0,0,3,1,1,1,22,5,1956,2,1,7,1
20141314U0309,1,9,0,5,0,0,0,0,0,0,0,1,2,1,46,8,1397,1,13,2,1
20141314U0309,2,9,0,18,0,0,0,0,0,0,0,1,3,2,28,6,1560,2,5,10,2
20141314U0316,1,9,0,9,0,6,0,0,0,0,1,1,1,1,46,8,-1,-1,-1,2,1
20141314U0316,2,1,0,18,0,8,0,0,0,0,4,1,2,1,48,8,-1,-1,-1,8,2
20141314U0456,1,9,0,18,0,1,0,0,0,0,2,1,6,1,24,5,1389,1,12,3,1
20141314U0456,2,9,0,18,0,1,0,0,0,0,1,1,6,3,32,6,1598,1,8,-1,-1
20141314U0539,1,9,0,16,0,0,1,0,4,6,1,1,1,1,37,7,1598,2,-1,2,1
20141314U0578,1,9,0,9,0,5,0,0,0,0,1,1,1,2,46,8,-1,-1,-1,4,1
20141314U0578,2,1,0,18,0,8,0,0,0,0,3,1,6,2,20,4,-1,-1,-1,5,1
20141314U0581,1,9,0,18,0,0,0,0,0,0,1,1,1,2,26,6,1461,2,7,-1,-1
20141314U0581,2,9,0,3,0,0,0,0,0,0,2,1,6,2,60,9,995,1,8,6,1
20141314U0768,1,9,0,1,0,0,0,0,0,0,2,1,6,1,35,6,1968,2,7,3,1
20141314U0843,1,19,0,7,0,5,0,0,0,0,4,1,1,1,46,8,1996,2,4,7,1
20141314U0843,2,1,0,18,0,8,0,0,0,0,1,1,2,1,20,4,-1,-1,-1,7,1
20141314U0936,1,9,0,16,0,0,0,0,0,0,4,1,6,3,-1,-1,-1,-1,-1,-1,-1
20141314U0936,2,1,0,16,0,0,0,0,1,0,3,1,6,1,20,4,-1,-1,-1,-1,1
20141314U1017,1,9,0,1,0,0,0,0,0,0,2,1,6,3,-1,-1,-1,-1,-1,-1,-1
20141314U1029,1,9,0,1,0,8,0,0,0,0,2,1,6,1,-1,-1,-1,-1,-1,-1,-1
20141314U1145,1,11,0,2,0,0,0,0,0,0,4,1,1,1,33,6,9360,2,2,1,1
20141314U1235,1,9,0,7,0,5,0,0,0,0,4,1,2,1,24,5,1248,2,6,4,1
20141314U1235,2,1,0,18,4,8,0,0,0,0,1,1,2,1,45,7,-1,-1,-1,8,3
20141314U1238,1,9,0,9,0,6,0,0,0,0,3,1,6,1,30,6,1332,1,15,-1,-1
20141314U1238,2,1,0,18,0,1,0,0,0,0,1,1,6,1,30,6,-1,-1,-1,8,1
20141314U1278,1,9,0,3,0,8,0,0,0,0,4,1,3,2,-1,-1,-1,-1,-1,-1,-1
20141314U1278,2,1,0,15,0,8,0,0,0,0,3,1,2,1,37,7,-1,-1,-1,8,1
20141314U1433,1,11,0,5,0,0,0,0,0,0,0,1,1,1,48,8,7300,2,6,10,1
20141314U1515,1,9,0,18,0,0,0,0,0,0,1,1,6,1,29,6,1998,2,9,2,1
20141314U1515,2,9,0,3,0,0,0,0,0,0,2,1,6,1,27,6,998,1,1,4,1
20141314U1644,1,1,0,18,0,6,0,0,3,0,2,1,6,1,35,6,-1,-1,-1,-1,-1
20141314U1644,2,9,0,18,0,8,0,0,0,0,1,1,6,2,42,7,-1,-1,-1,-1,-1
20141314U1725,1,9,0,13,0,0,1,0,0,0,1,1,6,1,23,5,1896,2,11,1,1
20141314U1725,2,9,0,18,0,0,0,0,0,0,1,1,6,2,29,6,1997,1,7,10,2
20141314U1867,1,9,0,18,0,8,0,0,0,0,3,2,6,3,-1,-1,-1,-1,-1,-1,-1
20141314U1867,2,9,0,18,0,8,0,0,0,0,1,1,6,1,27,6,998,1,2,1,1
2014131510273,1,21,0,18,0,6,0,0,0,0,1,1,1,1,56,9,-1,-1,-1,4,1
2014131510621,1,9,0,18,0,1,0,0,0,0,1,1,6,1,59,9,1596,1,10,3,1
2014131510633,1,9,0,18,0,0,0,0,0,0,2,1,6,2,29,6,1329,1,1,5,1
2014131510633,2,9,0,18,0,0,0,0,0,0,1,1,6,1,51,8,1364,1,5,3,1
2014131510759,1,9,0,16,0,0,2,0,0,0,1,1,6,1,56,9,1386,1,8,4,1
2014131510759,2,9,0,17,0,0,0,0,0,0,1,1,6,1,71,10,2179,2,7,7,2
2014131510994,1,9,0,3,0,7,0,0,0,0,1,1,1,1,61,9,1398,1,-1,3,1
2014131510994,2,9,0,18,0,7,0,0,0,0,2,1,2,1,24,5,1343,1,10,8,1
2014131511108,1,1,0,18,0,8,0,0,0,0,1,1,6,1,52,8,-1,-1,-1,6,1
2014131511108,2,9,0,9,0,8,0,0,0,0,4,1,6,1,77,11,1997,2,10,9,1
2014131511173,1,9,0,18,0,0,0,0,0,0,1,1,2,1,51,8,1685,2,-1,4,3
2014131511173,2,9,0,4,0,0,0,0,5,7,2,1,2,1,63,9,2200,2,13,5,1
2014131511173,3,9,0,4,0,0,0,0,0,0,2,1,2,1,45,7,1968,2,2,4,1
2014131511251,1,5,0,18,0,4,2,0,0,0,0,1,2,1,44,7,649,1,4,6,2
2014131511251,2,9,0,9,0,4,0,0,0,0,0,1,6,3,-1,-1,-1,-1,-1,-1,-1
2014131511428,1,9,0,2,0,0,0,0,0,0,2,1,6,3,-1,-1,1596,1,1,9,1
2014131511428,2,9,0,14,0,0,0,0,0,0,4,1,6,1,77,11,1753,2,7,9,1
2014131511740,1,3,0,18,0,0,0,0,1,10,1,1,6,1,18,4,124,1,1,3,1
2014131520082,1,90,0,18,0,2,0,0,1,2,1,1,1,1,54,8,2987,2,2,4,1
2014131520476,1,9,0,18,0,0,0,0,1,10,1,1,6,1,82,11,1560,2,3,9,1
2014131520720,1,9,0,7,0,5,0,0,0,0,4,1,1,1,67,10,1364,1,5,3,1
2014131520720,2,1,0,18,0,1,0,0,0,0,1,1,6,1,20,4,-1,-1,-1,5,1
2014131520761,1,9,0,9,0,8,0,0,0,0,1,1,6,1,37,7,1242,1,13,4,1
2014131520761,2,9,0,18,0,8,0,0,0,0,1,1,6,1,19,4,1896,2,13,1,1
2014131520892,1,21,1,4,0,0,0,0,0,0,1,1,1,1,36,7,12902,2,1,7,1
2014131520892,2,9,0,4,0,0,0,0,0,0,2,1,1,1,30,6,2183,2,4,10,1
2014131520892,3,9,0,4,0,0,0,0,0,0,2,1,1,1,28,6,1390,1,4,9,1
2014131520892,4,9,0,4,0,0,0,0,0,0,2,1,1,1,61,9,1998,2,8,5,1
2014131520892,5,9,0,4,0,0,0,0,0,0,4,1,1,1,36,7,1598,2,1,7,1
2014131520892,6,9,0,4,0,0,0,0,0,0,1,1,1,1,25,5,1796,1,12,4,1
2014131520892,7,9,0,4,0,0,0,0,0,0,1,1,1,1,36,7,1686,2,10,7,1
2014131520892,8,9,0,4,0,0,0,0,0,0,1,1,1,1,58,9,1560,2,10,4,1
2014131520960,1,9,0,13,0,0,0,0,0,0,1,1,6,1,67,10,998,1,-1,9,2
2014131520960,2,9,0,2,0,0,0,0,0,0,2,1,6,1,-1,-1,973,1,16,8,1
2014131520960,3,9,0,18,0,0,0,0,0,0,1,1,6,2,67,10,1388,1,7,8,3
2014131520960,4,9,0,2,0,0,0,0,0,0,3,1,6,2,-1,-1,1397,1,12,9,2
2014131521016,1,3,0,18,0,0,0,0,0,0,1,1,6,1,18,4,124,1,7,1,1
2014131521016,2,9,0,18,0,0,0,0,0,0,2,1,6,1,33,6,1149,1,11,-1,1
2014131521017,1,9,0,9,0,8,0,0,0,0,1,1,6,2,35,6,1598,1,7,5,1
2014131521017,2,5,0,18,0,8,0,0,0,0,4,1,6,1,53,8,782,1,6,5,3
2014131521096,1,9,0,9,0,6,0,0,0,0,1,1,2,2,60,9,1388,1,3,7,1
2014131521096,2,5,0,18,0,8,2,0,4,0,4,1,2,1,47,8,645,1,15,3,1
2014131521141,1,9,0,1,0,0,0,0,0,0,2,1,6,1,22,5,2204,2,7,1,1
2014131521161,1,9,0,9,0,8,0,0,0,0,1,2,2,1,20,4,-1,-1,-1,6,3
2014131521161,2,9,0,18,0,8,0,0,0,0,1,2,6,1,35,6,-1,-1,-1,5,3
2014131521223,1,9,0,18,0,0,0,0,0,0,4,1,6,2,56,9,1242,1,9,9,1
2014131521288,1,9,0,18,0,0,0,0,0,0,1,1,2,1,65,9,1986,1,23,10,3
2014131521288,2,9,0,4,0,0,0,0,0,0,2,1,2,1,65,9,1999,1,4,1,1
2014131521288,3,9,0,4,0,0,0,0,0,0,2,1,2,1,33,6,1461,2,1,-1,1
2014131521288,4,9,0,4,0,0,0,0,0,0,2,1,2,2,24,5,1248,2,4,3,1
2014131521288,5,9,0,18,0,0,0,0,1,0,1,1,2,1,60,9,-1,-1,-1,7,1
2014131521303,1,9,0,9,0,8,0,0,0,0,4,1,6,2,26,6,1390,1,12,-1,1
2014131521303,2,9,0,18,0,8,0,0,0,0,1,1,6,1,23,5,1242,1,11,8,1
2014131521327,1,9,0,18,0,0,1,0,0,10,3,1,2,1,20,4,1199,1,14,5,1
2014131521327,2,19,0,2,0,0,0,0,0,0,4,1,6,2,-1,-1,2496,2,14,-1,-1
2014131521353,1,8,0,18,0,4,0,0,0,0,1,1,6,1,31,6,1995,2,5,1,1
2014131521353,2,1,0,18,0,8,0,0,0,0,2,1,2,1,26,6,-1,-1,-1,1,1
2014131521487,1,9,0,18,0,1,0,0,0,0,4,1,6,1,44,7,993,1,12,2,1
2014131522000,1,9,0,18,0,0,0,0,0,0,1,1,2,1,43,7,2143,2,-1,7,1
2014131522000,2,9,0,18,0,0,0,0,0,0,2,1,2,2,40,7,1560,2,8,1,1
2014131522000,3,9,0,18,0,0,0,0,0,0,2,1,1,1,46,8,1332,1,15,1,1
2014131530009,1,9,0,18,0,0,0,0,0,0,0,1,6,1,34,6,2143,2,3,2,1
2014131530298,1,9,0,17,0,0,5,0,0,0,1,1,6,1,20,4,1398,2,11,5,2
2014131530526,1,9,0,5,0,0,0,0,0,0,1,1,6,1,60,9,1998,2,9,7,1
2014131530526,2,9,0,14,0,0,0,0,0,0,4,1,6,2,45,7,1995,2,4,7,3
2014131530576,1,9,0,9,0,8,0,0,0,0,1,1,6,1,80,11,1388,1,6,7,1
2014131530576,2,9,0,18,0,8,0,0,0,0,1,1,6,2,55,8,1997,2,11,7,2
2014131530651,1,9,0,18,0,0,0,0,0,0,2,1,6,1,44,7,1086,1,8,7,1
2014131530651,2,9,0,18,0,0,0,0,0,0,2,1,6,1,76,11,1598,1,5,10,1
2014131530651,3,9,0,18,0,0,0,0,0,0,1,1,6,1,39,7,1596,1,11,2,1
2014131530789,1,9,0,2,0,0,0,0,0,0,3,1,6,2,25,5,998,1,7,1,1
2014131530789,2,9,0,18,0,0,0,0,0,0,4,1,6,2,24,5,998,1,13,6,1
2014131530828,1,9,0,18,0,0,0,0,0,0,1,1,6,1,28,6,1984,1,18,7,3
2014131530828,2,9,0,9,0,0,0,0,0,0,2,1,6,1,22,5,1198,1,8,5,1
2014131530906,1,9,0,18,0,1,0,0,0,0,1,1,6,1,24,5,2993,2,8,-1,1
2014131530906,2,9,0,18,0,1,0,0,0,0,2,1,6,2,24,5,998,1,13,1,1
2014131531085,1,1,0,18,0,0,0,0,0,0,1,1,6,2,7,2,-1,-1,-1,1,1
2014131531085,2,9,0,18,0,0,0,0,0,0,1,1,6,1,-1,-1,-1,-1,-1,-1,-1
2014131531092,1,9,0,18,0,8,0,0,7,10,1,1,6,1,18,4,1248,2,5,-1,-1
2014131531092,2,9,0,5,0,6,0,0,0,0,3,1,6,2,78,11,1229,1,3,-1,-1
2014131531204,1,9,0,18,0,0,1,0,0,0,1,1,6,1,53,8,998,1,2,2,1
2014131531204,2,9,0,2,0,0,0,0,0,0,0,1,6,3,-1,-1,1998,2,10,-1,-1
2014131531204,3,9,0,2,0,0,0,0,0,0,0,1,6,3,-1,-1,1242,1,12,-1,-1
2014131531214,1,9,0,16,0,0,1,0,7,4,4,1,6,1,20,4,1998,1,11,5,1
2014131531214,2,9,0,18,0,0,0,0,0,0,1,1,6,1,31,6,1598,1,9,9,2
2014131531338,1,9,0,9,0,6,0,0,0,0,3,1,6,2,43,7,1240,1,8,6,1
2014131531338,2,9,0,18,0,8,0,0,0,0,1,1,6,1,25,5,4511,1,11,4,1
2014131531412,1,9,0,9,0,8,0,0,0,0,3,1,6,1,82,11,2461,2,17,8,1
2014131531412,2,1,0,18,0,8,0,0,1,11,1,1,6,1,50,8,-1,-1,-1,5,1
2014131531547,1,1,0,18,0,0,0,0,0,0,1,1,6,1,10,2,-1,-1,-1,6,1
2014131531547,2,9,0,18,0,0,0,0,0,0,1,1,6,1,62,9,1997,1,7,2,1
2014131531661,1,9,0,18,0,0,0,0,0,0,1,1,6,2,31,6,1242,1,13,8,1
2014131531981,1,9,0,7,0,1,0,0,0,0,4,1,6,1,-1,-1,-1,-1,-1,-1,-1
2014131540007,1,9,0,2,0,0,0,0,0,0,1,1,6,1,57,9,2597,1,12,5,1
2014131540027,1,9,0,18,0,0,0,0,7,9,3,1,6,2,24,5,1124,1,10,8,1
2014131540301,1,9,0,2,0,0,0,0,0,0,2,1,6,3,-1,-1,1199,1,13,-1,-1
2014131540301,2,9,0,18,0,0,0,4,0,0,1,1,6,1,25,5,1199,1,10,1,1
2014131540495,1,9,0,18,0,0,1,0,5,6,3,1,6,1,30,6,1951,2,13,4,1
2014131540639,1,9,0,18,0,8,0,0,0,0,1,1,6,1,51,8,1984,1,6,2,1
2014131540639,2,9,0,9,0,8,0,0,0,0,1,1,6,2,36,7,1598,1,11,1,1
2014131540644,1,9,0,7,0,6,0,0,0,0,0,1,6,3,-1,-1,-1,-1,-1,-1,-1
2014131540644,2,1,0,18,0,1,5,0,0,0,0,1,6,1,26,6,-1,-1,-1,1,1
2014131540730,1,4,0,18,9,0,0,0,0,0,0,1,6,1,27,6,-1,-1,-1,-1,1
2014131541031,1,9,0,9,0,6,0,0,0,0,3,1,6,1,80,11,1596,1,12,4,1
2014131541031,2,1,0,18,0,1,2,0,0,0,1,1,6,1,47,8,-1,-1,-1,8,1
2014131541105,1,9,0,18,0,4,0,0,0,0,2,1,6,2,27,6,998,1,-1,3,1
2014131541105,2,9,0,18,0,4,0,0,0,0,1,1,6,2,-1,-1,1596,1,8,3,1
2014131541123,1,9,0,3,0,1,0,0,0,0,1,1,6,2,39,7,1598,1,4,4,1
2014131541123,2,9,0,18,0,6,0,0,0,0,1,1,6,2,40,7,1364,1,7,1,1
2014131541123,3,9,0,18,0,1,0,0,0,0,3,1,6,1,22,5,-1,-1,-1,1,1
2014131541155,1,1,0,18,0,0,0,0,0,0,4,1,6,1,7,2,-1,-1,-1,-1,-1
2014131541155,2,9,0,18,0,0,0,0,0,0,1,1,6,1,35,6,-1,-1,-1,-1,-1
2014131541175,1,9,0,18,0,1,0,0,0,0,1,1,6,3,-1,-1,1968,2,6,-1,-1
2014131541175,2,9,0,9,0,6,0,0,0,0,3,1,6,2,27,6,-1,-1,-1,1,1
2014131541273,1,9,0,3,0,1,0,0,0,0,1,1,6,1,36,7,998,1,10,1,1
2014131541273,2,9,0,3,0,1,0,0,0,0,2,1,6,2,48,8,2000,1,5,4,1
2014131541370,1,3,0,17,0,0,0,0,0,0,1,1,6,1,19,4,124,1,4,2,1
2014131541370,2,9,0,2,0,0,0,0,0,0,4,1,6,2,-1,-1,1397,1,5,-1,-1
2014131541370,3,9,0,2,0,0,0,0,0,0,3,1,6,1,-1,-1,1781,1,14,-1,-1
2014131541455,1,9,0,18,0,1,0,0,0,0,4,1,6,2,18,4,1229,1,7,3,1
2014131541846,1,9,0,6,0,1,0,0,0,0,3,1,6,1,48,8,1596,1,10,7,1
2014131541846,2,5,0,14,0,1,0,0,0,0,1,1,6,1,52,8,998,1,6,3,1
2014131541846,3,9,0,2,0,2,0,0,0,0,3,1,6,1,74,10,1596,1,8,-1,-1
2014131541886,1,9,0,17,0,0,5,0,1,0,1,1,1,1,20,4,1390,1,7,8,3
2014131541886,2,9,0,2,9,0,0,0,0,0,3,1,6,2,-1,-1,1242,1,6,-1,-1
2014131550096,1,19,0,18,0,0,0,0,0,0,1,1,6,1,26,6,1753,2,8,1,1
2014131550096,2,19,0,2,0,0,0,0,0,0,3,1,6,1,36,7,1753,2,10,8,2
2014131550454,1,1,0,18,0,1,0,8,0,0,1,1,6,1,55,8,-1,-1,-1,10,1
2014131550454,2,19,0,2,0,1,0,0,0,0,2,1,1,2,38,7,2151,2,13,10,1
2014131550491,1,21,1,18,0,0,0,0,0,0,2,1,1,1,52,8,11946,2,3,7,1
2014131550491,2,9,0,18,0,0,0,0,0,0,1,1,6,1,57,9,1399,2,11,1,1
2014131550491,3,19,0,18,0,0,0,0,0,0,1,1,1,1,30,6,2496,2,23,2,1
2014131550560,1,9,0,18,0,0,0,0,0,0,4,1,6,1,-1,-1,-1,-1,-1,-1,-1
2014131551175,1,9,0,9,0,8,0,0,0,0,1,1,6,2,-1,-1,-1,-1,-1,-1,-1
2014131551175,2,1,0,18,0,8,0,0,0,0,1,1,6,1,16,4,-1,-1,-1,-1,2
2014131551220,1,9,0,16,0,8,1,0,0,0,1,1,6,1,20,4,1390,1,2,7,1
2014131551220,2,9,0,17,0,8,0,0,0,0,1,1,6,1,54,8,1598,1,10,3,1
2014131551461,1,9,0,16,0,8,2,0,7,11,1,1,2,1,18,4,998,1,9,7,1
2014131551610,1,9,0,18,0,0,0,0,1,3,1,1,6,1,25,5,998,1,14,1,1
2014131560273,1,11,0,17,0,0,0,0,0,0,4,1,1,1,32,6,8268,2,12,1,3
2014131560328,1,21,1,9,0,8,0,0,0,0,3,1,1,1,58,9,12777,2,5,-1,-1
2014131560488,1,9,0,1,0,0,0,0,0,0,2,1,6,2,47,8,1229,1,6,-1,1
2014131560576,1,9,0,18,0,1,0,0,0,0,1,1,6,1,68,10,1598,1,6,8,1
2014131560576,2,9,0,3,0,1,0,0,0,0,2,1,6,2,84,11,1388,1,7,3,1
2014131560576,3,8,0,3,0,1,0,0,0,0,2,1,1,1,41,7,1896,2,10,4,1
2014131560892,1,9,0,18,0,0,0,0,0,0,1,1,6,1,76,11,1364,1,5,3,1
2014131560892,2,19,0,2,0,0,0,0,0,0,2,1,6,3,-1,-1,1998,2,10,-1,-1
2014131560923,1,9,0,18,0,8,0,0,0,0,3,1,6,1,63,9,1798,1,12,2,1
2014131560923,2,9,0,9,0,8,0,0,0,0,1,1,6,1,22,5,1968,2,9,9,1
2014131561924,1,9,0,18,0,8,1,0,0,0,4,1,6,1,-1,-1,1198,1,10,-1,-1
2014131561924,2,9,0,4,0,1,0,0,0,0,0,1,1,1,30,6,-1,-1,-1,5,1
2014131561924,3,9,0,18,0,8,0,0,0,0,1,1,2,1,31,6,1364,2,7,1,1
2014131570238,1,9,0,18,0,1,0,0,0,0,1,1,1,2,22,5,1149,1,9,5,1
2014131570238,2,9,0,10,0,1,0,0,0,0,2,1,1,1,40,7,1679,1,13,2,1
2014131570257,1,1,0,18,0,0,0,0,0,0,1,1,2,1,42,7,-1,-1,-1,1,1
2014131570257,2,9,0,9,0,0,0,0,0,0,3,1,2,1,34,6,1794,1,14,3,1
2014131570287,1,9,0,9,0,6,0,0,0,0,3,1,2,1,44,7,1598,1,4,2,1
2014131570287,2,3,0,14,0,1,0,0,0,0,1,1,2,1,18,4,125,1,2,-1,-1
2014131570314,1,9,0,4,0,0,0,0,0,0,1,1,6,1,26,6,1896,2,12,4,1
2014131570314,2,9,0,4,0,0,0,0,0,0,2,1,6,1,32,6,1679,1,12,2,1
2014131570314,3,9,0,3,0,0,0,0,0,0,2,1,6,2,34,6,1598,1,5,3,1
2014131570369,1,20,0,18,0,0,0,0,0,0,1,1,1,1,47,8,4249,2,-1,1,1
2014131570476,1,9,0,18,0,0,0,0,0,0,1,1,6,1,72,10,1999,1,3,2,1
2014131570575,1,21,1,18,0,0,1,0,0,0,1,1,1,1,45,7,11967,2,2,5,3
2014131570575,2,9,0,18,0,0,0,0,0,0,2,1,6,2,26,6,1149,1,11,1,1
2014131570581,1,9,0,9,0,8,5,10,1,0,4,1,6,1,37,7,973,1,15,1,1
2014131570581,2,9,0,18,0,8,0,0,0,0,1,1,6,1,44,7,1968,2,1,2,1
2014131570696,1,9,0,9,0,6,0,0,0,0,3,1,6,1,28,6,1399,1,11,6,1
2014131570696,2,4,0,18,0,1,0,0,0,0,1,1,6,1,29,6,400,1,13,6,1
2014131570727,1,9,0,17,0,2,0,0,0,0,1,2,6,1,-1,-1,1796,1,12,-1,-1
2014131570727,2,9,0,16,0,1,0,0,1,11,1,2,1,1,43,7,2429,1,9,7,3
2014131570903,1,2,0,9,0,1,0,0,0,0,1,1,6,1,16,4,49,1,2,1,1
2014131570903,2,9,0,18,0,1,0,0,0,0,1,1,1,2,53,8,1968,2,3,7,1
2014131570961,1,9,0,18,0,0,0,0,0,0,4,1,6,2,28,6,1199,1,12,3,1
2014131570966,1,9,0,18,0,8,0,0,0,0,4,1,6,2,33,6,1299,1,12,9,1
2014131570966,2,9,0,18,0,8,0,0,0,0,1,1,6,1,42,7,1896,2,7,2,1
2014131570994,1,9,0,5,0,8,0,0,0,0,1,1,6,1,61,9,2149,2,7,10,1
2014131570994,2,1,0,18,0,8,0,0,0,0,4,1,6,1,30,6,-1,-1,-1,1,1
2014131571013,1,9,0,13,0,8,1,0,0,0,1,1,6,1,20,4,-1,-1,-1,1,1
2014131571013,2,9,0,16,0,8,0,0,0,0,0,1,6,3,-1,-1,-1,-1,-1,-1,-1
2014131571013,3,10,0,18,0,8,0,0,0,0,3,1,1,1,62,9,2461,2,9,1,1
2014131571109,1,9,0,18,0,4,0,0,0,0,1,1,6,1,68,10,1596,1,4,8,1
2014131571109,2,9,0,3,0,2,0,0,0,0,2,1,6,2,23,5,1242,1,4,3,1
2014131571216,1,9,0,1,0,1,0,0,0,0,2,2,6,1,-1,-1,-1,-1,-1,-1,-1
2014131571248,1,19,0,18,0,0,0,0,0,0,2,1,6,3,-1,-1,1998,2,10,-1,-1
2014131571248,2,1,0,18,0,0,0,0,0,0,1,1,6,1,24,5,-1,-1,-1,9,1
2014131571478,1,9,0,9,0,6,0,0,0,0,3,1,6,1,32,6,1796,7,9,2,1
2014131571478,2,9,0,18,0,1,0,0,0,0,1,1,6,1,24,5,1598,1,13,3,2
2014131571743,1,9,0,18,0,0,0,0,1,10,1,1,6,2,44,7,-1,-1,-1,7,1
2014131571772,1,9,0,18,0,8,0,0,7,10,1,1,6,1,-1,-1,1390,1,4,-1,-1
2014131571772,2,8,0,18,0,8,0,0,0,0,3,1,1,1,33,6,2231,2,6,1,1
2014131580221,1,9,0,18,0,0,0,0,0,0,1,1,2,2,43,7,1124,1,14,5,1
2014131580735,1,9,0,7,0,5,0,0,0,0,1,1,1,1,47,8,-1,-1,-1,-1,-1