Accident_Index,Vehicle_Reference,Vehicle_Type,Towing_and_Articulation,Vehicle_Manoeuvre,Vehicle_Location-Restricted_Lane,Junction_Location,Skidding_and_Overturning,Hit_Object_in_Carriageway,Vehicle_Leaving_Carriageway,Hit_Object_off_Carriageway,1st_Point_of_Impact,Was_Vehicle_Left_Hand_Drive?,Journey_Purpose_of_Driver,Sex_of_Driver,Age_of_Driver,Age_Band_of_Driver,Engine_Capacity_(CC),Propulsion_Code,Age_of_Vehicle,Driver_IMD_Decile,Driver_Home_Area_Type
2014131580735,2,1,0,18,0,8,0,0,0,0,4,1,2,1,37,7,-1,-1,-1,-1,1
2014131580758,1,9,0,12,0,8,0,0,0,0,3,1,6,2,47,8,1598,1,13,1,1
2014131580758,2,21,0,18,0,8,0,0,0,0,1,1,1,1,51,8,12900,2,7,1,1
2014131581213,1,9,0,18,0,8,0,0,7,0,1,1,6,1,22,5,1984,1,12,6,1
2014131581213,2,9,0,9,0,6,1,0,0,0,3,1,6,2,30,6,1229,1,3,4,1
2014131581249,1,9,0,18,0,0,0,0,0,0,1,1,6,1,20,4,1364,1,9,-1,1
2014131581249,2,2,0,18,0,0,0,0,0,0,2,1,6,1,48,8,50,1,5,9,1
2014131581249,3,9,0,18,0,0,0,0,0,0,2,1,6,1,26,6,1796,1,6,1,1
2014131581682,1,9,0,8,0,1,0,0,0,0,1,1,2,1,45,7,1598,2,1,1,1
2014131581682,2,9,0,8,0,1,0,0,0,0,2,1,6,1,74,10,1246,1,8,10,1
2014131590167,1,9,0,18,0,0,0,0,1,4,1,2,6,1,38,7,1590,1,16,3,1
2014131590213,1,9,0,18,0,6,0,0,1,11,3,1,1,1,27,6,1910,2,6,2,1
2014131590213,2,11,0,10,0,8,0,0,0,0,3,1,1,1,48,8,7300,2,9,-1,-1
2014131590270,1,9,0,18,0,0,0,0,0,0,4,1,6,2,53,8,1798,8,1,9,1
2014131590278,1,9,0,18,0,0,0,0,0,0,1,1,6,1,35,6,1591,1,6,2,1
2014131590333,1,9,0,18,0,0,0,0,0,0,3,1,2,2,27,6,1598,1,11,-1,-1
2014131590333,2,9,0,18,0,0,0,0,0,0,3,1,1,1,49,8,2143,2,2,8,1
2014131590334,1,21,1,18,0,8,0,0,0,0,4,2,1,1,51,8,-1,-1,-1,-1,-1
2014131590334,2,9,0,10,0,8,0,0,0,0,3,1,2,2,55,8,1150,1,9,2,1
2014131590352,1,9,0,9,0,6,0,0,0,0,0,1,6,3,-1,-1,-1,-1,-1,-1,-1
2014131590352,2,8,0,18,0,1,0,0,0,0,0,1,2,1,54,8,2231,2,7,10,1
2014131590566,1,9,0,18,0,1,0,0,0,0,0,1,6,3,-1,-1,-1,-1,-1,-1,-1
2014131590640,1,9,0,1,0,8,0,0,0,0,0,1,6,2,-1,-1,-1,-1,-1,-1,-1
2014131590640,2,9,0,12,0,7,0,0,0,0,3,1,6,2,43,7,1596,1,11,1,1
2014131590640,3,9,0,18,0,8,0,0,0,0,4,1,6,1,68,10,1390,1,11,4,1
2014131590706,1,21,1,18,0,0,0,0,0,0,1,1,1,1,46,8,12740,2,2,2,1
2014131590706,2,21,1,18,0,0,0,0,0,0,2,1,1,1,33,6,15607,2,6,3,1
2014131590760,1,9,0,18,0,1,0,0,0,0,1,1,6,1,-1,-1,1896,2,7,-1,-1
2014131590760,2,9,0,18,0,1,0,0,0,0,0,1,6,2,29,6,1248,1,2,8,1
2014131590799,1,9,0,18,0,0,0,0,0,0,2,1,1,1,45,7,1598,2,3,5,1
2014131590799,2,9,0,18,0,0,0,0,0,0,2,1,6,1,62,9,2996,1,7,5,1
2014131590799,3,9,0,18,0,0,0,0,0,0,2,1,6,1,41,7,1400,1,8,7,1
2014131590799,4,9,0,18,0,0,0,0,0,0,2,1,6,2,22,5,1198,1,9,10,1
2014131590799,5,19,0,18,0,0,0,0,0,0,2,1,1,1,41,7,1753,2,9,8,1
2014131590952,1,9,0,18,0,1,0,0,0,0,1,1,1,1,58,9,996,1,2,9,1
2014131591120,1,1,0,18,0,0,0,0,0,0,0,1,6,1,5,1,-1,-1,-1,1,1
2014131591120,2,9,0,18,0,0,0,0,0,0,0,1,6,2,28,6,1242,1,9,9,1
2014131591151,1,9,0,18,0,1,0,0,0,0,0,1,6,3,-1,-1,-1,-1,-1,-1,-1
2014131591151,2,11,0,18,0,1,0,0,0,0,0,1,1,1,49,8,9360,2,5,9,1
2014131591165,1,9,0,9,0,5,0,0,0,0,1,1,6,1,27,6,-1,-1,-1,5,1
2014131591165,2,1,0,18,4,1,0,0,0,0,1,1,2,1,26,6,-1,-1,-1,-1,1
2014131591246,1,1,0,18,0,6,0,0,0,0,1,1,6,2,7,2,-1,-1,-1,-1,-1
2014131591246,2,1,0,18,0,8,0,0,0,0,1,1,6,1,30,6,-1,-1,-1,-1,-1
2014131591309,1,3,0,18,0,0,0,0,0,0,1,1,6,1,19,4,124,1,9,1,1
2014131591330,1,9,0,9,0,0,0,0,0,0,1,1,6,1,60,9,1997,2,6,4,1
2014131591330,2,5,0,14,0,0,5,0,0,0,4,1,6,1,46,8,599,1,10,1,1
2014131591555,1,9,0,18,0,0,0,0,1,4,1,1,6,2,70,10,998,1,13,7,1
2014131591720,1,9,0,9,0,1,0,0,0,0,3,1,6,1,48,8,1999,1,13,-1,-1
2014131591720,2,9,0,18,0,2,0,0,0,0,4,1,6,1,26,6,2993,2,2,-1,-1
20141315A0354,1,2,0,18,0,0,2,0,0,0,4,1,6,2,36,7,49,1,13,6,1
20141315A0484,1,9,0,9,0,0,0,0,0,0,2,1,6,2,45,7,1797,8,4,5,2
20141315A0484,2,9,0,18,0,0,0,0,0,0,1,1,6,1,77,11,1589,1,17,8,3
20141315A0534,1,9,0,4,0,0,0,0,0,0,3,1,6,1,50,8,1951,2,8,7,1
20141315A0620,1,9,0,18,0,0,0,0,0,0,3,1,6,1,55,8,1124,1,13,3,1
20141315A0766,1,9,0,5,0,0,0,0,0,0,1,1,6,2,79,11,1497,8,-1,8,2
20141315A0766,2,20,0,18,0,0,0,0,0,0,4,1,1,1,52,8,2800,2,13,6,1
20141315A0777,1,9,0,9,0,6,0,0,0,0,4,1,6,2,44,7,1399,1,6,1,1
20141315A0777,2,8,0,13,0,1,0,0,0,0,1,1,1,1,45,7,1598,1,6,7,1
20141315A0862,1,1,0,4,9,1,0,0,0,0,1,1,6,1,24,5,-1,-1,-1,4,3
20141315A0862,2,19,0,4,0,1,0,0,0,0,4,1,1,1,52,8,2143,2,1,8,2
20141315A1071,1,9,0,9,0,6,0,0,0,0,3,1,6,2,26,6,2993,2,9,6,1
20141315A1071,2,9,0,18,0,1,0,0,0,0,1,1,6,1,24,5,1896,2,6,1,1
20141315A1366,1,9,0,18,0,0,0,0,0,0,1,1,6,1,52,8,2199,2,1,-1,-1
20141315A1366,2,16,0,18,0,0,0,0,0,0,2,1,6,2,18,4,-1,-1,-1,-1,-1
20141315A1504,1,9,0,18,0,1,0,0,0,0,1,1,6,1,33,6,1398,1,2,1,1
20141315A1504,2,9,0,18,0,1,0,0,0,0,1,1,6,2,39,7,1595,1,9,10,1
20141315A1504,3,9,0,2,0,1,0,0,0,0,2,1,6,3,33,6,1870,2,8,-1,-1
20141315A1530,1,3,0,18,0,8,1,0,0,0,0,1,6,2,37,7,124,1,1,5,1
20141315A1695,1,11,0,9,0,8,0,0,0,0,1,1,1,1,43,7,4500,2,2,6,1
20141315A1695,2,9,0,18,0,8,0,0,0,0,3,1,6,2,59,9,1490,1,8,8,3
20141315A1796,1,9,0,16,0,0,0,0,7,2,1,1,6,2,28,6,996,1,4,10,3
20141315B0497,1,9,0,18,0,2,5,0,0,0,1,1,6,1,68,10,1910,2,9,-1,-1
20141315B0497,2,9,0,2,0,1,0,4,0,0,1,1,6,1,-1,-1,1600,1,10,-1,-1
20141315B0557,1,11,0,18,0,8,0,0,0,0,1,1,1,1,55,8,7300,2,8,4,1
20141315B0605,1,9,0,18,0,6,1,0,0,0,3,1,1,1,28,6,2993,2,2,-1,-1
20141315B0605,2,9,0,18,0,1,0,0,0,0,1,1,1,1,49,8,1796,1,6,-1,1
20141315B0750,1,19,0,4,0,0,0,0,7,4,1,1,1,1,53,8,-1,-1,-1,-1,-1
20141315B0835,1,9,0,18,0,8,0,0,0,0,1,1,6,1,43,7,1998,1,12,4,1
20141315B0835,2,9,0,9,0,8,0,0,0,0,3,1,6,1,38,7,1956,2,2,2,1
20141315B1000,1,9,0,5,9,0,0,0,0,0,1,1,6,2,21,5,1796,2,2,6,1
20141315B1000,2,1,0,18,9,0,0,0,0,0,1,1,6,2,43,7,-1,-1,-1,8,1
20141315B1092,1,9,0,17,0,0,0,4,0,0,1,1,6,1,49,8,2438,1,19,4,2
20141315B1092,2,9,0,2,0,0,0,4,1,0,2,1,6,3,-1,-1,1299,1,8,-1,-1
20141315B1092,3,9,0,2,6,0,0,4,0,0,2,1,6,3,-1,-1,1461,2,10,-1,-1
20141315B1092,4,19,0,2,6,0,0,0,0,0,2,1,6,3,-1,-1,2198,2,1,-1,-1
20141315B1278,1,9,0,9,0,6,0,0,0,0,1,1,6,1,28,6,1896,2,10,10,1
20141315B1278,2,9,0,18,0,8,0,0,4,1,4,1,6,1,26,6,1753,2,11,2,1
20141315B1314,1,9,0,18,0,2,0,0,0,0,1,1,6,3,-1,-1,-1,-1,-1,-1,-1
20141315B1314,2,9,0,18,0,1,0,0,0,0,1,1,6,1,-1,-1,998,1,13,-1,-1
20141315B1429,1,9,0,18,0,0,0,0,0,0,1,1,6,1,78,11,998,1,14,1,1
20141315B1641,1,9,0,18,0,0,2,0,7,0,1,1,6,2,19,4,973,1,12,7,3
20141315B1650,1,9,0,2,0,0,0,0,0,0,3,1,6,2,-1,-1,1753,2,8,5,1
20141315B1650,2,9,0,18,0,0,0,0,0,0,4,1,6,1,-1,-1,1796,1,13,2,1
20141315C0137,1,9,0,5,0,0,0,0,0,0,3,1,6,1,29,6,1422,2,10,1,1
20141315C0139,1,9,0,11,0,0,2,0,1,0,1,1,6,2,20,4,1124,1,14,10,1
20141315C0507,1,9,0,4,0,0,0,0,0,11,2,1,1,1,35,6,2231,2,6,1,1
20141315C0507,2,9,0,13,0,0,0,0,0,0,1,1,6,1,70,10,2179,2,7,6,2
20141315C0769,1,9,0,9,0,0,0,0,0,0,3,1,6,1,43,7,1998,2,13,3,2
20141315C0769,2,5,0,13,0,0,5,0,0,0,1,1,6,1,25,5,749,1,7,-1,1
20141315C1074,1,9,0,7,0,1,0,0,0,0,4,1,6,1,53,8,1368,1,6,7,1
20141315C1074,2,1,0,18,0,1,0,0,0,0,1,1,2,1,33,6,-1,-1,-1,9,1
20141315C1109,1,9,0,9,0,8,1,0,0,0,4,1,6,2,51,8,1396,1,16,2,1
20141315C1109,2,9,0,18,0,8,0,0,0,0,1,1,6,1,23,5,1149,1,12,4,1
20141315C1112,1,19,0,18,0,4,0,0,0,0,1,1,1,1,-1,-1,2198,2,2,9,1
20141315C1112,2,1,0,18,0,4,0,0,0,0,0,1,1,1,42,7,-1,-1,-1,9,1
20141315C1121,1,8,0,18,0,0,0,0,0,0,1,1,6,3,-1,-1,-1,-1,-1,-1,-1
20141315C1121,2,1,0,18,0,0,0,7,0,0,1,1,6,1,19,4,-1,-1,-1,-1,-1
20141315C1241,1,9,0,9,0,5,0,0,0,0,1,1,2,2,33,6,1390,1,10,9,1
20141315C1279,1,9,0,18,0,0,0,0,0,0,1,1,6,1,52,8,1796,1,5,6,1
20141315C1279,2,9,0,10,0,0,0,0,0,0,2,1,1,1,46,8,1686,2,5,5,1
20141315C1293,1,9,0,9,0,1,0,0,0,0,4,1,6,1,23,5,1242,1,10,4,1
20141315C1293,2,9,0,18,0,1,0,0,0,0,1,1,6,2,35,6,1896,2,13,3,1
20141315D0210,1,9,0,18,0,1,0,0,0,0,3,1,1,2,57,9,1598,1,7,6,1
20141315D0210,2,9,0,9,0,6,0,0,1,0,1,1,1,2,46,8,1398,1,2,5,1
20141315D0273,1,9,0,18,0,1,0,0,0,0,1,1,6,2,45,7,1198,1,3,1,1
20141315D0384,1,9,0,9,0,6,0,11,0,0,1,1,2,2,35,6,1560,2,3,3,1
20141315D0396,1,8,0,5,0,0,0,0,0,0,3,1,1,1,45,7,1896,2,5,4,1
20141315D0396,2,11,0,18,0,0,0,0,0,0,4,1,1,1,45,7,4250,2,4,2,1
20141315D0421,1,9,0,12,0,0,0,0,0,0,0,1,2,1,20,4,1968,2,5,5,1
20141315D0421,2,9,0,18,0,0,5,0,1,11,1,1,6,2,20,4,1296,1,8,6,2
20141315D0701,1,1,0,18,0,1,5,0,0,0,3,1,6,1,24,5,-1,-1,-1,1,1
20141315D0701,2,21,0,7,0,5,0,0,0,0,4,1,6,3,-1,-1,-1,-1,-1,-1,-1
20141315D1046,1,9,0,17,0,0,0,0,0,0,4,1,6,2,24,5,1598,1,11,2,1
20141315D1046,2,9,0,17,0,0,0,0,0,0,1,1,6,1,30,6,2979,1,8,1,1
20141315D1115,1,9,0,5,0,4,0,0,0,0,3,1,6,1,21,5,998,1,12,2,1
20141315D1115,2,3,0,14,0,8,0,0,0,0,1,1,6,1,53,8,125,1,9,9,1
20141315D1174,1,9,0,18,0,0,0,0,1,2,1,1,6,2,22,5,1149,1,11,1,1
20141315D1387,1,9,0,7,0,6,0,0,0,0,3,1,6,1,40,7,1984,1,13,-1,1
20141315D1387,2,1,0,18,0,8,0,0,0,0,1,1,6,1,37,7,-1,-1,-1,6,1
20141315D1484,1,9,0,18,0,1,0,0,3,0,1,1,6,1,39,7,1587,1,13,1,1
20141315D1484,2,9,0,18,0,2,0,0,0,0,3,1,6,1,52,8,-1,-1,-1,-1,-1
20141315D1484,3,9,0,18,0,2,0,0,0,0,4,1,6,1,33,6,1900,2,14,2,1
20141315D1484,4,9,0,18,0,1,0,0,1,0,1,1,6,2,52,8,1149,1,7,4,1
20141315E0164,1,3,0,18,0,0,1,0,0,0,1,1,2,1,49,8,124,1,2,3,1
20141315E0176,1,21,0,11,0,0,0,0,0,0,1,1,1,1,32,6,12900,2,2,1,1
20141315E0176,2,9,0,18,0,0,1,0,0,0,3,1,2,1,37,7,1242,1,15,-1,-1
20141315E0182,1,11,0,2,6,2,0,0,0,0,0,1,1,1,27,6,4500,2,4,1,2
20141315E0245,1,1,0,9,0,1,5,0,0,0,0,1,6,1,50,8,-1,-1,-1,5,1
20141315E0245,2,9,0,9,0,1,0,0,0,0,0,1,6,2,23,5,1398,1,12,2,1
20141315E0251,1,9,0,18,0,8,2,0,1,0,1,1,6,1,29,6,1560,2,3,1,1
20141315E0251,2,9,0,9,0,8,0,0,0,0,2,1,6,1,57,9,1997,1,11,-1,-1
20141315E0251,3,9,0,9,0,8,0,0,0,0,2,1,6,1,83,11,1600,1,2,-1,-1
20141315E0270,1,9,0,9,0,5,0,0,0,0,3,1,1,1,37,7,1896,2,6,2,1
20141315E0270,2,1,0,14,0,8,0,0,0,0,1,1,6,1,35,6,-1,-1,-1,7,1
20141315E0367,1,19,0,4,0,1,0,0,0,0,1,1,1,1,30,6,2198,2,5,5,1
20141315E0367,2,9,0,3,0,1,0,0,0,0,2,1,1,1,48,8,1896,2,6,-1,1
20141315E0398,1,9,0,13,0,0,0,0,0,0,1,1,2,1,31,6,1596,1,15,3,3
20141315E0398,2,1,0,18,0,0,0,0,0,0,2,1,6,1,16,4,-1,-1,-1,2,1
20141315E0968,1,9,0,1,0,0,0,0,0,0,2,1,6,1,23,5,2171,1,13,4,1
20141315E0987,1,9,0,1,0,0,0,0,0,0,2,1,6,1,43,7,1198,1,-1,-1,-1
20141315E0987,2,1,0,18,0,0,0,0,0,0,1,1,6,1,27,6,-1,-1,-1,2,1
20141315E1011,1,9,0,18,0,4,0,0,0,0,2,1,6,1,33,6,1598,2,4,1,1
20141315E1011,2,11,0,18,0,4,0,0,0,0,1,1,1,1,53,8,9000,2,15,1,1
20141315E1048,1,9,0,17,0,8,0,0,0,0,1,1,6,1,-1,-1,1497,1,10,-1,-1
20141315E1048,2,9,0,16,0,8,0,0,2,11,1,1,6,1,17,4,1124,1,11,5,2
20141315E1064,1,11,0,2,2,0,0,0,0,0,0,1,1,1,61,9,9200,2,12,3,1
20141315E1082,1,9,0,9,0,8,0,0,0,0,1,1,6,1,32,6,-1,-1,-1,-1,1
20141315E1082,2,9,0,18,0,8,0,0,0,0,4,1,6,2,29,6,1896,2,9,-1,-1
20141315E1210,1,9,0,18,0,0,0,0,0,0,1,1,2,2,45,7,1339,1,3,7,1
20141315E1230,1,9,0,5,0,1,0,0,0,0,1,1,6,1,58,9,1398,2,7,10,3
20141315E1331,1,1,0,18,0,0,5,0,1,0,3,1,6,1,39,7,-1,-1,-1,-1,-1
20141315E1331,2,9,0,18,0,0,0,0,0,0,4,1,6,3,-1,-1,-1,-1,-1,-1,-1
20141315E1547,1,4,0,18,0,0,0,4,0,0,1,1,6,1,36,7,249,1,-1,6,1
20141315E1547,2,9,0,18,0,0,0,0,0,0,0,1,6,2,34,6,1796,1,3,8,1
20141315E1547,3,19,0,2,0,0,0,0,0,0,0,1,1,3,38,7,2287,2,2,3,1
20141315E1580,1,9,0,18,0,8,1,0,0,0,1,1,6,1,-1,-1,1986,2,8,-1,-1
20141315E1580,2,9,0,3,0,8,0,0,0,0,2,1,6,1,41,7,3000,2,6,1,1
20141315E1580,3,9,0,3,0,8,0,0,0,0,2,1,6,2,28,6,1997,2,12,5,1
20141315E1667,1,9,0,16,0,8,0,0,0,0,1,1,6,1,18,4,1149,1,11,5,1
20141315E1667,2,20,0,18,0,8,0,0,0,0,1,1,1,1,53,8,2686,2,9,4,2
20141315E1844,1,9,0,18,0,2,5,0,8,11,1,1,6,2,25,5,1390,1,14,-1,-1
20141315E1929,1,9,0,18,0,0,0,0,0,0,1,1,2,1,48,8,1399,2,2,6,1
20141315F0158,1,9,0,18,0,0,0,4,8,11,1,1,6,3,-1,-1,2997,1,13,-1,-1
20141315F0158,2,9,0,13,0,0,0,0,0,0,0,1,6,3,-1,-1,-1,-1,-1,-1,-1
20141315F0158,3,1,0,18,0,0,0,0,0,0,0,1,2,1,70,10,-1,-1,-1,6,1
20141315F0158,4,9,0,2,0,0,0,0,0,0,2,1,6,1,-1,-1,1598,2,2,8,1
20141315F0212,1,9,0,18,0,8,0,0,1,2,1,1,1,1,34,6,-1,-1,-1,6,1
20141315F0212,2,9,0,18,0,8,0,0,7,11,4,1,2,2,32,6,2143,2,-1,6,1
20141315F0227,1,9,0,9,0,6,0,0,0,0,3,1,1,1,55,8,-1,-1,-1,3,1
20141315F0227,2,21,0,3,0,1,0,0,0,0,0,1,1,1,45,7,8970,2,10,8,2
20141315F0227,3,19,0,14,0,8,0,0,0,0,1,1,1,1,22,5,2143,2,3,8,1
20141315F0265,1,8,0,1,0,0,0,0,7,11,2,1,6,1,11,3,-1,-1,-1,6,1
20141315F0265,2,9,0,18,0,0,0,0,0,0,4,1,2,2,32,6,1753,2,8,3,1
20141315F0289,1,9,0,18,0,0,0,0,0,0,1,1,6,1,34,6,2148,2,12,2,1
20141315F0289,2,9,0,18,0,0,0,0,0,0,3,1,6,1,47,8,1598,2,1,5,1
20141315F0319,1,9,0,3,0,0,0,0,0,0,3,1,1,2,54,8,1061,1,8,4,2
20141315F0319,2,3,0,14,0,0,0,0,0,0,4,1,1,1,19,4,124,1,6,3,1
20141315F0489,1,21,1,12,0,0,0,0,0,0,0,1,1,1,50,8,11000,2,15,4,1
20141315F0489,2,9,0,18,0,0,2,0,2,1,1,1,1,2,30,6,1560,2,5,1,1
20141315F0611,1,9,0,5,0,8,0,0,0,0,3,1,6,2,56,9,1598,1,9,5,1
20141315F0611,2,1,0,18,0,8,0,0,0,0,1,1,6,1,30,6,-1,-1,-1,6,1
20141315F0745,1,9,0,6,0,0,0,0,0,0,3,1,2,2,21,5,998,1,2,4,1
20141315F0745,2,9,0,18,0,0,0,0,0,0,1,1,6,2,35,6,1998,1,11,2,1
20141315F0789,1,9,0,7,0,4,0,0,0,0,1,1,6,1,50,8,1796,1,3,-1,-1
20141315F0789,2,1,0,18,0,1,0,0,0,0,1,1,2,1,43,7,-1,-1,-1,2,1
20141315F0951,1,9,0,7,0,1,0,0,0,0,4,1,6,1,68,10,1560,2,2,2,1
20141315F0951,2,1,0,18,0,1,0,0,0,0,1,1,2,1,28,6,-1,-1,-1,5,1
20141315F1030,1,11,0,4,0,0,0,0,0,0,0,1,1,1,53,8,7300,2,10,1,1
20141315F1226,1,9,0,16,0,0,0,4,1,11,1,1,6,2,85,11,999,1,5,7,1
20141315F1226,2,19,0,17,0,0,0,0,0,0,1,1,6,2,35,6,1248,2,7,7,1
20141315F1226,3,9,0,2,9,0,0,0,0,0,0,1,6,3,-1,-1,1798,1,9,7,1
20141315F1226,4,9,0,2,0,0,0,0,0,0,0,1,6,3,-1,-1,2488,2,7,7,1
20141315F1407,1,9,0,5,0,1,0,0,0,0,1,1,6,2,54,8,2143,2,1,3,1
20141315F1407,2,1,0,18,0,1,5,0,0,0,4,1,6,1,51,8,-1,-1,-1,5,1
20141315F1532,1,9,0,18,0,8,0,0,0,0,1,1,6,1,26,6,1124,1,15,1,1
20141315F1532,2,9,0,18,0,8,0,0,0,0,1,1,6,2,24,5,1124,1,10,3,1
20141315F1532,3,9,0,18,0,8,0,0,0,0,3,1,6,1,47,8,1587,1,9,3,1
20141315F1532,4,9,0,18,0,8,0,0,0,0,0,1,6,1,28,6,-1,-1,-1,3,1
20141315F1532,5,9,0,18,0,8,0,0,0,0,0,1,6,1,30,6,1248,2,-1,5,1
20141315F1632,1,9,0,18,0,0,0,0,0,0,1,1,6,2,21,5,1149,1,14,3,1
20141315F1644,1,9,0,2,0,0,0,0,0,0,2,1,6,1,68,10,2286,1,45,9,3
20141315F1644,2,1,0,18,0,0,0,0,0,0,1,1,6,1,44,7,-1,-1,-1,6,1
20141315F1746,1,9,0,18,0,6,0,0,0,0,0,1,6,3,-1,-1,-1,-1,-1,-1,-1
20141315F1746,2,9,0,9,0,1,0,0,0,0,3,1,6,1,60,9,1242,1,6,2,1
20141315F1746,3,9,0,7,0,1,0,0,0,0,3,1,6,2,47,8,1149,1,8,4,1
20141315F1856,1,9,0,18,0,0,0,0,0,0,4,1,6,1,22,5,3246,1,11,10,1
20141315F1856,2,9,0,18,0,0,0,0,0,0,3,1,6,1,38,7,2497,2,9,1,1
20141315F1944,1,9,0,18,0,0,0,0,0,0,1,1,1,1,38,7,1910,2,7,2,1
20141315G0227,1,9,0,18,0,0,1,0,0,6,4,1,1,2,23,5,-1,-1,-1,4,1
20141315G0227,2,21,0,18,0,0,0,0,0,0,3,1,1,1,59,9,-1,-1,-1,1,1
20141315G0286,1,9,0,18,0,0,0,0,0,0,1,1,6,2,22,5,999,1,1,-1,-1
20141315G0286,2,11,0,2,0,0,0,0,0,0,0,1,1,1,43,7,-1,-1,-1,1,1
20141315G0488,1,9,0,18,0,0,0,0,0,0,1,1,6,2,20,4,973,1,12,3,1
20141315G0488,2,1,0,18,0,0,0,0,0,0,2,1,6,1,41,7,-1,-1,-1,8,1
20141315G0911,1,1,0,18,3,8,0,0,0,0,2,1,6,1,16,4,-1,-1,-1,1,1
20141315G0911,2,11,0,18,3,8,0,0,0,0,4,1,1,1,19,4,7300,2,6,2,1
20141315G1007,1,9,0,1,0,2,0,0,0,0,1,1,6,1,-1,-1,1997,1,10,-1,-1
20141315G1007,2,9,0,18,0,2,0,0,0,0,1,1,1,1,28,6,2993,2,1,1,1
20141315G1007,3,9,0,18,0,2,0,0,0,0,3,1,1,1,47,8,1896,2,10,3,1
20141315G1007,4,9,0,18,0,2,0,0,0,0,3,1,1,2,57,9,2179,2,2,10,2
20141315G1038,1,19,4,18,0,0,0,0,0,0,4,1,6,1,42,7,2148,2,5,8,3
20141315G1248,1,9,0,4,0,8,0,0,0,0,1,1,6,1,60,9,1686,2,11,3,2
20141315G1248,2,9,0,4,0,8,0,0,0,0,2,1,6,2,46,8,1910,2,7,10,2
20141315G1378,1,9,0,18,0,8,0,0,0,0,1,1,6,1,72,10,1499,2,1,2,1
20141315G1378,2,1,0,5,0,8,0,0,0,0,3,1,6,2,10,2,-1,-1,-1,1,1
20141315G1472,1,9,0,14,0,2,1,4,0,0,4,1,6,1,24,5,998,1,17,-1,-1
20141315G1472,2,9,0,14,0,2,0,0,4,0,4,1,6,1,31,6,1275,1,14,-1,-1
20141315G1472,3,9,0,4,0,2,0,0,0,0,3,1,6,2,26,6,1686,2,10,-1,-1
20141315G1607,1,9,0,18,0,0,0,0,0,0,1,1,1,1,28,6,998,1,2,4,1
20141315G1690,1,9,0,18,0,0,0,10,1,11,4,1,6,2,35,6,1598,1,11,3,1
20141315G2096,1,9,0,18,0,6,0,0,1,2,1,1,6,3,-1,-1,1761,1,14,-1,-1
20141315G2096,2,8,0,18,0,1,0,0,0,0,0,1,1,1,36,7,2143,2,5,1,1
20141315H0289,1,9,0,18,0,0,0,10,7,11,1,1,6,1,25,5,-1,-1,-1,2,1
20141315H0548,1,9,0,18,0,0,0,0,0,0,1,1,6,1,23,5,1396,1,10,-1,-1
20141315H0548,2,9,0,2,0,0,0,0,0,0,4,1,6,3,-1,-1,1685,2,2,-1,-1
20141315H0603,1,9,0,18,0,1,0,0,0,0,1,1,6,2,28,6,1686,2,11,3,1
20141315H0603,2,9,0,18,0,1,0,0,0,0,2,1,6,1,32,6,1798,1,8,10,2
20141315H0625,1,9,0,18,0,2,0,0,0,0,1,1,6,1,36,7,1796,1,14,3,1
20141315H0625,2,9,0,18,0,2,0,0,0,0,2,1,2,1,42,7,1968,2,7,7,1
20141315H0644,1,9,0,18,0,0,0,0,0,0,1,1,6,1,43,7,1229,1,8,3,1
20141315H0644,2,9,0,18,0,0,0,0,0,0,1,1,6,1,25,5,1984,1,14,3,1
20141315H0658,1,9,0,9,0,6,0,0,0,0,3,1,6,1,23,5,1124,1,14,2,1
20141315H0658,2,4,0,18,0,8,0,0,0,0,1,1,6,2,35,6,296,1,-1,1,1
20141315H0685,1,9,0,18,0,0,1,0,0,11,1,1,6,2,90,11,1587,1,8,9,2
20141315H0685,2,9,0,18,0,0,1,0,2,0,2,1,6,2,35,6,1360,1,11,9,2
20141315H0718,1,9,0,7,0,8,0,0,0,0,1,1,6,1,42,7,-1,-1,-1,2,1
20141315H0718,2,9,0,18,0,8,0,0,0,0,4,1,6,1,20,4,1360,1,10,-1,1
20141315H0728,1,9,0,4,0,1,0,0,0,0,1,1,6,1,64,9,1240,1,9,2,1
20141315H0728,2,9,0,5,0,1,0,0,0,0,2,1,6,2,54,8,1386,1,6,4,1
20141315H0766,1,9,0,3,0,0,0,0,0,0,4,1,6,1,29,6,1968,2,8,2,1
20141315H0766,2,1,0,18,0,0,0,0,0,0,1,1,6,1,29,6,-1,-1,-1,8,1
20141315H0817,1,9,0,18,0,8,5,10,5,1,1,1,6,2,29,6,1598,1,10,2,1
20141315H1116,1,9,0,18,0,0,0,0,0,0,4,1,6,3,-1,-1,1598,1,13,-1,-1
20141315H1198,1,21,1,13,0,8,0,0,0,0,4,1,1,1,-1,-1,12900,2,2,-1,-1
20141315H1198,2,9,0,5,0,8,0,0,0,0,2,1,6,2,44,7,1896,2,10,3,1
20141315H1212,1,9,0,3,0,0,0,0,0,0,2,1,6,2,35,6,973,1,12,1,1
20141315H1212,2,9,0,18,0,0,0,0,0,0,1,1,6,2,21,5,1242,1,9,10,1
20141315H1367,1,9,0,18,0,0,0,0,0,0,1,1,6,1,47,8,-1,-1,-1,6,3
20141315H1367,2,9,0,18,0,0,0,0,0,0,1,1,6,2,53,8,1229,1,6,4,1
20141315H1367,3,9,0,18,0,0,0,0,0,0,2,1,6,1,26,6,1598,2,2,4,1
20141315H1544,1,9,0,7,0,5,0,0,0,0,4,1,6,1,34,6,1360,1,12,1,1