Accident_Index,Vehicle_Reference,Vehicle_Type,Towing_and_Articulation,Vehicle_Manoeuvre,Vehicle_Location-Restricted_Lane,Junction_Location,Skidding_and_Overturning,Hit_Object_in_Carriageway,Vehicle_Leaving_Carriageway,Hit_Object_off_Carriageway,1st_Point_of_Impact,Was_Vehicle_Left_Hand_Drive?,Journey_Purpose_of_Driver,Sex_of_Driver,Age_of_Driver,Age_Band_of_Driver,Engine_Capacity_(CC),Propulsion_Code,Age_of_Vehicle,Driver_IMD_Decile,Driver_Home_Area_Type
20141315H1544,2,1,0,18,5,8,0,0,0,0,1,1,6,1,37,7,-1,-1,-1,6,2
20141315H1547,1,9,0,18,0,1,0,0,0,0,1,1,6,1,28,6,998,1,4,5,2
20141315H1547,2,9,0,3,0,1,0,0,0,0,2,1,6,1,61,9,-1,-1,-1,8,1
20141315H1752,1,3,0,18,0,0,0,0,0,0,1,1,6,1,19,4,125,1,4,1,1
20141315H1907,1,1,0,15,0,0,0,10,0,0,0,1,6,2,30,6,-1,-1,-1,4,1
20141315H1907,2,9,0,18,0,0,0,0,0,0,0,1,6,1,-1,-1,-1,-1,-1,-1,-1
20141315H2019,1,9,0,18,0,0,1,0,8,6,1,1,6,2,18,4,1242,1,3,7,1
20141315I0440,1,9,0,18,0,1,0,0,0,0,1,1,2,1,33,6,1998,2,11,-1,-1
20141315I0440,2,9,0,18,0,1,0,0,0,0,4,1,2,1,-1,-1,1199,1,12,-1,-1
20141315I0663,1,1,0,7,0,2,0,0,0,0,1,1,6,2,11,3,-1,-1,-1,7,3
20141315I0663,2,9,0,4,0,1,0,0,0,0,1,1,6,2,37,7,1397,1,11,7,3
20141315I0670,1,9,0,9,0,5,0,0,0,0,1,1,6,1,34,6,1910,2,11,-1,-1
20141315I0670,2,1,0,18,0,8,0,0,0,0,1,1,6,1,34,6,-1,-1,-1,-1,-1
20141315I0732,1,9,0,9,0,8,0,0,0,0,1,1,6,1,28,6,1198,1,8,3,1
20141315I0732,2,9,0,18,0,8,0,0,0,0,4,1,6,1,85,11,998,1,6,6,1
20141315I0740,1,9,0,5,0,6,0,0,0,0,4,1,6,2,52,8,1753,2,10,-1,-1
20141315I0740,2,3,0,18,0,8,0,0,0,0,1,1,6,1,24,5,124,1,8,-1,-1
20141315I0845,1,9,0,18,0,1,1,0,0,0,1,1,6,1,21,5,1910,2,9,2,1
20141315I0845,2,9,0,3,0,1,0,0,0,0,2,1,6,1,27,6,1686,2,10,2,1
20141315I0845,3,9,0,3,0,1,0,0,0,0,2,1,6,2,31,6,1199,1,11,3,1
20141315I0850,1,9,0,5,0,0,0,0,0,0,3,1,6,2,36,7,1461,2,3,9,2
20141315I0850,2,5,0,13,0,0,0,0,0,0,4,1,6,1,49,8,1402,1,11,1,1
20141315I0894,1,9,0,5,0,8,0,0,0,0,0,1,6,1,23,5,-1,-1,-1,8,1
20141315I0894,2,3,0,18,0,8,1,0,0,0,0,1,6,1,55,8,123,1,51,4,1
20141315I1353,1,9,0,18,0,0,0,0,0,0,4,1,6,1,19,4,1229,1,3,2,1
20141315I1828,1,9,0,18,0,8,0,0,0,0,1,1,6,1,18,4,1396,1,13,-1,-1
20141315I1828,2,9,0,18,0,8,0,0,0,0,3,1,6,2,19,4,1242,1,4,-1,-1
20141315J0260,1,9,0,18,0,0,0,0,0,0,3,1,6,2,39,7,1998,1,12,1,1
20141315J0269,1,9,0,18,0,1,0,0,0,0,1,1,2,1,50,8,998,1,12,5,1
20141315J0269,2,4,0,7,0,1,5,0,1,0,2,1,2,1,53,8,248,1,33,-1,-1
20141315J0331,1,9,0,4,0,1,0,0,0,0,4,1,6,2,22,5,1461,2,10,2,1
20141315J0335,1,9,0,14,0,1,0,0,0,0,4,1,3,2,26,6,1686,2,9,6,1
20141315J0335,2,1,0,3,0,1,0,0,0,0,3,1,6,1,44,7,-1,-1,-1,1,1
20141315J0352,1,9,0,5,0,8,0,0,0,0,4,1,6,2,33,6,1896,2,11,9,3
20141315J0352,2,1,0,18,0,8,0,0,0,0,1,1,6,1,60,9,-1,-1,-1,-1,-1
20141315J0512,1,9,0,18,0,0,0,0,0,0,1,1,6,1,33,6,1910,2,6,8,2
20141315J0512,2,9,0,4,0,0,0,0,0,0,2,1,6,1,59,9,2401,1,8,4,1
20141315J0512,3,9,0,4,0,0,0,0,0,0,2,1,6,1,34,6,1998,1,7,4,1
20141315J0590,1,9,0,7,0,6,0,0,0,0,3,1,6,2,79,11,1061,1,11,7,1
20141315J0590,2,11,0,18,0,8,0,0,0,0,1,1,1,1,59,9,5900,2,7,2,1
20141315J0675,1,9,0,10,0,8,0,0,0,0,3,1,6,2,40,7,1596,1,7,1,1
20141315J0675,2,9,0,18,0,8,0,0,2,7,3,1,6,1,26,6,1560,2,-1,1,1
20141315J0679,1,11,0,4,0,0,0,0,0,0,0,1,1,1,24,5,9360,2,5,-1,1
20141315J0871,1,9,0,18,2,0,0,0,0,0,1,1,6,2,38,7,1124,1,13,2,1
20141315J0871,2,9,0,3,0,0,0,0,0,0,0,1,6,2,34,6,-1,-1,-1,3,1
20141315J1032,1,9,0,18,0,0,0,0,8,11,1,1,6,1,88,11,-1,-1,-1,5,2
20141315J1044,1,3,0,7,0,3,5,0,0,0,3,1,6,1,57,9,100,1,6,10,2
20141315J1044,2,9,0,7,0,3,0,0,0,0,3,1,6,3,-1,-1,-1,-1,-1,-1,-1
20141315J1141,1,9,0,18,0,8,0,0,0,0,4,1,2,2,41,7,1587,1,9,8,1
20141315J1141,2,9,0,7,0,8,0,0,0,0,1,1,2,2,25,5,1896,2,6,1,1
20141315J1214,1,9,0,18,0,0,0,0,0,0,1,1,6,1,-1,-1,1248,2,7,4,1
20141315J1247,1,9,0,9,0,0,0,0,0,0,4,1,6,2,48,8,-1,-1,-1,3,1
20141315J1247,2,11,0,18,0,0,0,0,0,0,3,1,1,1,48,8,-1,2,17,5,2
20141315J1296,1,9,0,4,0,1,0,0,0,0,1,1,6,1,-1,-1,-1,-1,-1,-1,-1
20141315J1433,1,21,0,7,0,6,0,0,0,0,1,1,1,1,52,8,4461,2,6,1,1
20141315J1517,1,9,0,15,9,1,1,0,1,10,3,1,6,1,23,5,1242,1,10,-1,-1
20141315J1517,2,9,0,18,0,1,0,0,0,0,0,1,1,1,43,7,2400,2,5,-1,-1
20141315J1576,1,8,0,18,0,8,0,0,0,0,4,1,1,1,57,9,1796,1,6,1,1
20141315J1576,2,1,0,18,0,8,0,0,0,0,1,1,6,1,38,7,-1,-1,-1,-1,-1
20141315J1610,1,4,0,18,0,8,0,0,0,0,1,1,6,1,22,5,471,1,1,4,1
20141315J1610,2,9,0,18,0,8,0,0,0,0,4,1,6,2,27,6,1560,2,4,-1,1
20141315J1838,1,8,0,9,0,0,0,0,0,0,1,1,1,1,48,8,2231,2,6,1,1
20141315J1838,2,19,0,18,0,0,0,0,0,0,3,1,1,1,-1,-1,-1,-1,-1,-1,-1
20141315J1897,1,1,0,16,0,0,0,0,0,0,1,1,6,1,5,1,-1,-1,-1,4,1
20141315J1897,2,9,0,17,0,0,0,0,0,0,1,1,6,3,-1,-1,-1,-1,-1,-1,-1
20141315J1920,1,9,0,1,0,0,0,0,0,0,2,1,6,3,-1,-1,-1,-1,-1,-1,-1
20141315K0001,1,8,0,9,0,6,0,0,0,0,1,1,1,1,46,8,1998,2,4,-1,-1
20141315K0443,1,9,0,18,0,1,0,0,0,0,2,1,6,1,72,10,1686,2,10,6,3
20141315K0443,2,9,0,2,0,1,0,0,0,0,0,1,6,1,22,5,1396,1,11,7,1
20141315K0675,1,9,0,4,0,0,0,0,0,0,1,1,6,1,-1,-1,-1,-1,-1,-1,-1
20141315K0675,2,9,0,4,0,0,0,0,0,0,2,1,6,1,35,6,-1,-1,-1,8,1
20141315K0794,1,9,0,1,0,8,0,0,0,0,2,1,6,1,-1,-1,-1,-1,-1,-1,-1
20141315K0949,1,9,0,14,0,1,0,0,0,0,1,1,2,2,41,7,2354,7,9,3,1
20141315K0967,1,9,0,18,0,0,0,0,0,0,4,1,6,2,39,7,1368,1,6,4,1
20141315K1144,1,21,1,18,0,0,0,0,0,0,3,2,1,1,44,7,-1,-1,-1,-1,-1
20141315K1144,2,9,0,18,0,0,1,0,0,0,4,1,2,1,52,8,1995,2,6,-1,3
20141315K1156,1,9,0,18,0,2,0,0,0,0,1,1,6,1,81,11,1950,2,14,1,1
20141315K1156,2,19,0,4,0,2,0,0,0,0,2,1,1,1,61,9,1868,2,9,1,1
20141315K1156,3,9,0,3,0,2,0,0,0,0,2,1,6,1,45,7,2295,1,12,5,1
20141315K1240,1,1,0,18,0,6,0,0,0,0,1,1,6,2,7,2,-1,-1,-1,2,1
20141315K1240,2,9,0,18,0,1,0,0,0,0,4,1,6,2,52,8,1598,1,9,9,1
20141315K1355,1,9,0,18,0,8,0,0,0,0,1,1,6,1,33,6,1896,2,9,2,1
20141315K1355,2,9,0,10,0,8,0,0,0,0,2,1,6,1,30,6,1900,2,15,1,1
20141315K1400,1,2,0,7,0,5,2,0,0,0,3,1,6,2,16,4,49,1,9,1,1
20141315K1400,2,9,0,18,0,1,0,0,0,0,4,1,6,1,31,6,1997,1,14,2,1
20141315L0244,1,9,0,9,0,6,0,0,0,0,3,1,2,2,27,6,973,1,12,7,1
20141315L0244,2,1,0,14,0,1,0,0,0,0,1,1,2,1,54,8,-1,-1,-1,-1,1
20141315L0264,1,9,0,4,0,0,0,0,0,0,1,1,6,1,22,5,1150,1,7,1,1
20141315L0264,2,9,0,4,0,0,0,0,0,0,2,1,2,2,22,5,1242,1,1,3,1
20141315L0280,1,11,0,7,0,8,0,0,0,0,1,1,1,2,40,7,5900,2,8,3,1
20141315L0280,2,1,0,18,0,1,0,0,0,0,1,1,6,2,50,8,-1,-1,-1,9,3
20141315L0410,1,9,0,18,0,4,0,0,0,0,1,1,1,2,55,8,1560,2,4,10,2
20141315L0410,2,9,0,18,0,4,0,0,0,0,2,1,6,2,31,6,1499,2,1,1,1
20141315L0846,1,9,0,18,0,0,1,0,0,0,1,1,6,1,82,11,998,1,12,8,1
20141315L0846,2,9,0,2,0,0,1,0,0,0,2,1,6,3,-1,-1,995,1,9,-1,-1
20141315L0934,1,8,0,2,0,0,0,0,0,0,1,1,1,1,35,6,1968,2,4,6,2
20141315L0934,2,1,0,18,0,0,0,8,0,0,1,1,6,1,69,10,-1,-1,-1,9,3
20141315L1034,1,9,0,7,0,2,0,0,0,0,2,1,6,2,28,6,1686,2,8,8,1
20141315L1034,2,9,0,7,0,2,0,0,0,0,0,1,6,1,35,6,1240,1,11,1,1
20141315L1215,1,9,0,3,0,4,0,0,0,0,2,1,6,2,30,6,1968,2,1,2,1
20141315L1215,2,9,0,4,0,4,0,0,0,0,1,1,6,2,30,6,1686,2,4,5,1
20141315L1293,1,9,0,18,0,6,0,0,0,0,1,1,2,1,29,6,1587,1,11,1,1
20141315L1293,2,9,0,18,0,8,0,0,0,0,1,1,2,1,44,7,1461,2,4,9,2
20141315L1327,1,9,0,18,0,1,0,0,0,0,1,1,6,1,33,6,1798,1,3,1,1
20141315L1393,1,9,0,9,0,0,0,0,0,0,3,1,6,1,62,9,1461,2,1,2,1
20141315L1393,2,3,0,18,0,0,0,0,0,0,1,1,2,1,35,6,124,1,21,4,1
20141315L1717,1,19,0,18,0,2,1,0,0,0,4,1,1,1,37,7,2496,2,18,1,1
20141315L1783,1,9,0,5,0,0,0,0,0,0,3,1,6,1,25,5,1242,1,13,3,1
20141315L1783,2,9,0,13,0,0,0,0,0,0,4,1,6,1,46,8,1364,1,1,4,1
20141315M0314,1,19,0,18,0,0,0,0,0,0,0,1,2,1,36,7,1998,2,11,1,1
20141315M0332,1,9,0,18,0,0,0,0,0,0,1,1,6,2,27,6,1896,2,11,5,3
20141315M0332,2,9,0,3,0,0,0,0,0,0,2,1,6,1,47,8,1461,2,2,5,1
20141315M0332,3,9,0,3,0,0,0,0,0,0,2,1,6,1,24,5,1596,1,4,9,1
20141315M0402,1,9,0,7,0,8,0,0,1,10,1,1,2,2,35,6,1229,1,6,1,1
20141315M0402,2,9,0,18,0,1,0,0,0,0,1,1,6,1,25,5,1896,2,11,8,1
20141315M0410,1,9,0,17,0,0,0,0,0,0,1,1,6,2,42,7,1598,1,12,3,1
20141315M0410,2,9,0,16,0,0,0,0,0,0,1,1,6,1,27,6,1149,1,15,2,1
20141315M0477,1,8,0,18,0,1,0,0,0,0,1,1,1,1,75,10,1794,1,9,1,1
20141315M0477,2,1,0,4,0,1,0,0,0,0,1,1,6,1,38,7,-1,-1,-1,1,1
20141315M0674,1,2,0,18,0,8,0,0,7,0,4,1,2,1,42,7,49,1,5,1,1
20141315M0674,2,9,0,9,0,8,0,0,0,0,1,1,1,1,51,8,1910,2,9,3,1
20141315M0903,1,21,1,7,0,1,0,0,0,0,1,2,1,1,45,7,-1,-1,-1,-1,-1
20141315M0903,2,9,0,18,0,1,0,0,0,0,1,1,4,2,-1,-1,1998,1,12,6,1
20141315M1005,1,9,0,5,0,0,0,0,0,0,0,1,6,1,60,9,1794,1,7,3,1
20141315M1005,2,3,0,18,0,0,1,0,0,0,0,1,6,1,23,5,125,1,-1,-1,-1
20141315M1010,1,9,0,9,0,6,0,0,0,0,1,1,6,1,47,8,998,1,12,4,1
20141315M1010,2,9,0,18,0,8,0,0,0,0,3,1,6,1,35,6,2499,1,7,9,1
20141315M1064,1,9,0,18,0,0,1,11,1,11,1,1,6,2,31,6,1796,1,12,2,1
20141315M1136,1,9,0,18,0,1,0,0,0,0,1,1,6,1,52,8,1497,1,14,2,1
20141315M1136,2,9,0,18,0,8,0,0,0,0,1,1,6,1,27,6,-1,-1,-1,3,1
20141315M1139,1,3,0,4,0,1,0,0,0,0,1,1,6,1,22,5,96,1,5,-1,-1
20141315M1139,2,8,0,4,0,1,0,0,0,0,2,1,6,1,-1,-1,-1,-1,-1,-1,-1
20141315M1199,1,9,0,9,0,8,0,0,0,0,4,1,6,3,-1,-1,-1,-1,-1,-1,-1
20141315M1199,2,1,0,18,0,8,0,0,0,0,1,1,6,1,43,7,-1,-1,-1,1,1
20141315M1314,1,9,0,7,0,8,0,0,0,0,4,1,6,2,42,7,1749,1,10,10,1
20141315M1533,1,9,0,9,0,6,0,0,0,0,3,1,6,1,24,5,1560,2,6,10,2
20141315M1533,2,5,0,18,0,8,0,0,0,0,1,1,6,1,21,5,599,1,11,8,1
20141315M1670,1,19,0,4,9,0,0,0,1,0,4,1,6,3,-1,-1,-1,-1,-1,-1,-1
20141315M1767,1,9,0,4,0,0,0,0,0,0,1,1,6,2,23,5,1598,2,2,3,1
20141315M1767,2,9,0,4,0,0,0,0,0,0,2,1,6,1,32,6,1386,1,8,8,1
20141315N0175,1,9,0,9,0,8,0,0,0,0,4,1,2,2,46,8,1149,1,7,7,2
20141315N0175,2,3,0,18,0,8,0,0,0,0,1,1,2,1,21,5,125,1,-1,6,2
20141315N0246,1,9,0,9,0,5,0,0,0,0,1,1,3,1,36,7,2198,1,8,9,1
20141315N0260,1,9,0,18,0,2,0,0,0,0,1,1,1,2,33,6,1560,2,-1,4,1
20141315N0530,1,19,0,9,0,6,0,0,0,0,1,1,6,1,39,7,2402,2,12,1,1
20141315N0530,2,3,0,18,0,1,0,0,0,0,1,1,6,1,23,5,101,1,13,5,1
20141315N0734,1,9,0,1,0,6,0,0,0,0,2,1,6,1,39,7,1910,2,5,2,1
20141315N1493,1,9,0,5,0,0,0,0,0,0,1,1,2,1,21,5,1299,1,11,4,2
20141315N1501,1,2,0,5,0,0,0,0,0,0,0,1,6,1,13,3,-1,-1,-1,3,2
20141315N1660,1,9,0,18,0,8,0,0,1,11,1,1,6,1,26,6,1995,2,4,3,1
20141315N1660,2,9,0,9,0,8,0,0,0,0,3,1,6,1,42,7,1968,2,5,1,1
20141315O0195,1,9,0,18,0,0,5,0,1,0,4,1,6,2,22,5,1242,1,9,1,2
20141315O0331,1,5,0,17,9,0,0,0,2,1,4,1,6,1,30,6,-1,-1,-1,-1,-1
20141315O0440,1,9,0,18,0,0,0,0,2,10,1,1,6,2,19,4,998,1,3,2,1
20141315O0666,1,9,0,18,0,1,0,0,0,0,1,2,6,2,47,8,1995,2,1,7,1
20141315O0666,2,9,0,7,0,1,0,0,0,0,2,2,6,2,59,9,1596,1,6,7,1
20141315O0847,1,9,0,17,0,0,0,0,0,0,1,1,6,2,25,5,1796,1,13,1,1
20141315O0847,2,9,0,16,0,0,0,0,0,0,1,1,6,1,34,6,-1,-1,-1,-1,1
20141315O0884,1,9,0,4,0,8,1,0,0,0,1,1,6,1,39,7,998,1,7,1,1
20141315O0884,2,9,0,3,0,8,1,0,0,0,2,1,6,1,26,6,1896,2,11,1,1
20141315O0884,3,9,0,3,0,8,0,0,0,0,2,1,6,1,46,8,2148,2,8,5,1
20141315O1024,1,9,0,18,0,8,0,0,0,0,2,1,6,2,43,7,1582,2,5,3,1
20141315O1024,2,9,0,18,0,8,0,0,0,0,2,1,6,2,45,7,1398,1,14,7,1
20141315O1024,3,9,0,18,0,8,0,0,0,0,1,1,6,1,-1,-1,-1,-1,-1,1,1
20141315O1260,1,9,0,8,0,7,0,0,0,0,2,1,6,2,61,9,1896,2,11,8,2
20141315O1260,2,9,0,4,0,7,0,0,0,0,1,1,6,1,54,8,1248,1,2,4,1
20141315O1323,1,9,0,18,0,0,0,0,0,0,1,1,6,1,20,4,1560,2,8,7,3
20141315O1323,2,9,0,3,0,0,0,0,0,0,2,1,6,2,32,6,1973,1,17,1,1
20141315O1359,1,9,0,18,0,0,0,0,0,0,1,1,6,2,22,5,1329,1,4,9,1
20141315O1359,2,9,0,4,0,0,0,0,0,0,2,1,6,1,26,6,1796,1,12,2,1
20141315O1384,1,9,0,9,0,8,0,0,0,0,1,2,6,1,35,6,1753,2,7,7,1
20141315O1384,2,9,0,7,0,1,0,0,0,0,1,2,6,1,68,10,1595,1,5,10,2
20141315O1421,1,8,0,18,0,8,0,0,0,0,3,1,1,1,30,6,1598,1,6,1,1
20141315O1421,2,9,0,18,0,8,0,0,6,0,1,1,6,1,30,6,1998,1,9,1,1
20141315O1749,1,9,0,17,0,0,1,0,8,11,1,1,6,1,23,5,3059,2,16,9,3
20141315P0358,1,9,0,18,0,6,0,10,3,2,1,1,6,1,23,5,1124,1,10,9,3
20141315P0377,1,21,0,18,0,0,0,0,1,0,1,1,1,1,36,7,7790,2,2,3,1
20141315P0377,2,90,0,18,0,0,0,0,0,0,2,2,1,1,56,9,11946,2,6,1,1
20141315P0887,1,9,0,18,0,8,0,0,1,7,3,1,6,1,23,5,1242,1,13,4,1
20141315P0887,2,10,0,18,0,8,0,0,0,0,1,1,6,1,37,7,2500,2,7,1,1
20141315P1008,1,5,0,18,0,0,5,0,0,0,1,1,6,1,27,6,-1,-1,-1,-1,-1
20141315P1038,1,9,0,7,0,8,0,0,0,0,1,1,6,2,30,6,-1,-1,-1,8,1
20141315P1038,2,9,0,18,0,1,0,0,7,0,4,1,6,1,27,6,1598,1,9,1,1
20141315P1062,1,9,0,18,0,0,0,0,0,0,1,1,6,1,35,6,1968,2,1,5,3
20141315P1062,2,9,0,18,0,0,1,0,0,0,4,1,6,1,28,6,1753,2,12,4,1
20141315P1287,1,9,0,18,0,0,0,0,0,0,1,1,6,1,39,7,1997,1,13,5,1
20141315P1322,1,9,0,1,0,0,0,0,0,0,4,1,1,1,58,9,998,1,13,1,1
20141315P1385,1,9,0,18,0,0,0,0,0,0,3,1,6,1,77,11,1796,1,11,-1,-1
20141315Q0412,1,1,0,18,0,0,0,0,0,0,1,1,6,1,52,8,-1,-1,-1,9,1
20141315Q0498,1,9,0,18,0,6,0,0,0,0,1,1,6,3,-1,-1,1968,2,3,-1,-1
20141315Q0498,2,9,0,18,0,8,0,0,0,0,3,1,6,2,57,9,1149,1,1,4,1
20141315Q0515,1,9,0,12,0,8,0,0,0,0,1,1,6,2,-1,-1,-1,-1,-1,-1,-1
20141315Q0515,2,2,0,7,0,3,0,0,0,0,2,1,2,1,23,5,49,1,3,1,1
20141315Q0535,1,19,0,18,0,0,0,0,0,0,2,1,6,1,44,7,1995,2,-1,5,2
20141315Q0535,2,5,0,18,0,0,0,0,0,0,0,1,6,1,45,7,1255,1,6,4,1
20141315Q0535,3,9,0,18,0,0,0,0,0,0,0,1,6,2,50,8,1995,1,4,10,1
20141315Q0549,1,9,0,9,0,8,0,0,0,0,4,1,6,1,24,5,1397,1,12,4,1
20141315Q0549,2,1,0,18,0,8,0,0,0,0,1,1,6,1,32,6,-1,-1,-1,1,1
20141315Q0671,1,9,0,18,0,0,0,0,0,0,4,1,6,1,65,9,1124,1,11,3,1
20141315Q0720,1,9,0,4,0,1,0,0,0,0,3,1,6,2,29,6,1560,2,5,3,1
20141315Q0770,1,9,0,7,0,6,0,0,0,0,3,1,6,1,27,6,1199,1,13,8,1
20141315Q0770,2,3,0,18,0,8,5,0,0,0,1,1,6,1,26,6,124,1,3,-1,1
20141315Q0800,1,9,0,4,0,0,0,0,0,0,1,1,6,2,37,7,3628,2,7,3,1
20141315Q0800,2,9,0,4,0,0,0,0,4,6,2,1,6,2,31,6,1242,1,7,2,1
20141315Q0822,1,9,0,9,0,6,0,0,0,0,4,1,6,2,25,5,1229,1,7,1,1
20141315Q0822,2,9,0,18,0,8,0,0,0,0,1,1,6,2,46,8,2494,1,10,9,1
20141315Q0871,1,9,0,18,0,0,0,0,0,0,4,1,6,1,63,9,1388,1,10,1,1
20141315Q0901,1,1,0,18,0,8,0,0,0,0,1,1,6,1,49,8,-1,-1,-1,5,1
20141315Q0901,2,9,0,9,0,5,0,0,0,0,1,1,6,1,-1,-1,1749,1,13,5,1
20141315Q0943,1,9,0,4,0,0,0,0,0,0,2,1,6,1,40,7,2400,2,1,5,1
20141315Q0943,2,5,0,4,0,0,1,0,0,0,1,1,6,1,61,9,1084,1,12,6,3
20141315Q1004,1,5,0,18,0,0,5,0,0,0,2,1,6,1,32,6,510,1,4,3,1
20141315Q1064,1,1,0,18,0,6,0,0,0,0,1,1,6,1,9,2,-1,-1,-1,3,1
20141315Q1064,2,9,0,18,0,8,0,0,0,0,3,1,6,1,64,9,1240,1,7,3,1
20141315Q1235,1,9,0,17,0,8,0,0,0,0,4,1,6,1,34,6,1998,2,6,-1,-1
20141315Q1235,2,9,0,17,0,8,0,0,0,0,3,1,6,2,39,7,1598,1,6,3,1
20141315Q1345,1,9,0,18,0,4,1,0,0,0,1,1,6,2,29,6,1399,2,5,7,1
20141315Q1345,2,9,0,18,0,4,0,0,0,0,4,1,6,2,23,5,1390,1,-1,10,1
20141315Q1389,1,9,0,18,0,0,0,0,0,0,1,1,6,2,29,6,-1,-1,-1,5,1
20141315Q1428,1,9,0,1,0,0,0,0,0,0,2,1,6,1,47,8,2199,2,4,4,2
20141315Q1458,1,9,0,18,0,0,0,0,0,0,4,1,6,1,47,8,1193,1,-1,4,1
20141315Q1787,1,9,0,18,0,5,1,0,7,10,1,1,6,1,23,5,2000,1,18,-1,-1
20141315Q1787,2,9,0,18,0,5,0,0,0,0,1,1,1,1,33,6,2993,2,1,6,1
20141315Q1787,3,9,0,18,0,5,0,0,0,0,1,1,1,1,44,7,2993,2,-1,6,1
20141315Q1787,4,9,0,18,0,5,0,0,0,0,0,1,1,1,31,6,1910,2,4,6,1
20141315R0208,1,9,0,17,0,0,1,0,7,11,1,1,2,2,20,4,1242,1,8,2,1
20141315R1129,1,9,0,4,0,1,0,0,0,0,1,1,1,1,55,8,1910,2,7,3,1
20141315R1129,2,9,0,4,0,1,0,0,0,0,2,1,6,1,29,6,1598,1,5,2,1
20141315R1129,3,9,0,4,0,1,0,0,0,0,2,1,6,1,40,7,1997,2,2,2,1
20141315R1348,1,1,0,18,0,0,0,0,0,0,3,1,6,1,31,6,-1,-1,-1,4,2
20141315R1348,2,9,0,18,0,0,0,0,0,0,4,1,2,2,31,6,1895,1,14,4,1
20141315R1430,1,11,0,4,0,0,0,0,0,0,0,1,1,1,47,8,7300,2,10,3,1
20141315R1705,1,9,0,9,0,6,0,0,0,0,3,1,6,1,33,6,1596,1,10,1,1
20141315R1705,2,9,0,18,0,1,0,0,0,0,1,1,6,1,53,8,1399,2,8,6,1
20141315R1724,1,9,0,3,0,6,0,0,0,0,3,1,6,1,24,5,1598,2,1,8,1
20141315R1724,2,9,0,4,0,8,0,0,0,0,0,1,6,3,-1,-1,-1,-1,-1,-1,-1
20141315R1724,3,9,0,18,0,8,0,0,0,0,1,1,6,1,21,5,1248,2,4,9,1
20141315S0118,1,9,0,18,0,0,0,0,0,0,1,1,6,1,39,7,1124,1,15,2,1
20141315S0212,1,9,0,16,0,0,1,0,0,0,3,1,2,1,19,4,1328,1,7,8,1
20141315S0212,2,11,0,18,0,0,0,0,0,0,1,1,1,1,55,8,7300,2,6,3,1
20141315S0336,1,1,0,18,0,8,0,0,0,0,4,1,6,1,43,7,-1,-1,-1,2,1
20141315S0336,2,9,0,7,0,8,0,0,0,0,1,1,6,1,47,8,2231,2,6,3,1
20141315S0378,1,21,1,9,0,1,0,0,0,0,1,1,1,1,45,7,12419,2,2,1,1
20141315S0378,2,2,0,10,0,1,5,0,0,0,2,1,6,1,25,5,-1,-1,-1,6,3
20141315S0965,1,9,0,18,0,0,0,0,0,0,1,1,2,2,57,9,1240,1,4,4,1
20141315S1002,1,1,0,7,0,6,2,0,0,0,1,1,6,1,13,3,-1,-1,-1,2,1
20141315S1002,2,9,0,18,0,1,0,0,0,0,1,1,6,1,28,6,1598,1,7,1,1
20141315S1180,1,9,0,5,0,0,0,0,0,0,3,1,6,1,60,9,1390,1,11,8,1
20141315S1180,2,9,0,14,0,0,0,0,0,0,4,1,6,1,30,6,1198,1,12,2,1
20141315S1312,1,9,0,18,0,8,0,0,0,0,1,1,6,2,27,6,2959,2,10,4,1
20141315S1312,2,9,0,18,0,8,0,0,0,0,2,1,6,2,30,6,1587,1,13,2,1
20141315S1312,3,9,0,18,0,8,0,0,0,0,1,1,6,2,-1,-1,1796,1,10,2,1
20141315S1312,4,9,0,18,0,8,0,0,0,0,1,1,6,2,42,7,1796,1,12,8,1
20141315S1347,1,9,0,16,0,0,0,0,0,0,3,1,6,1,20,4,1198,1,3,7,2
20141315S1347,2,1,0,17,0,0,2,0,1,0,3,1,6,1,28,6,-1,-1,-1,-1,-1
20141315S1347,3,1,0,17,0,0,2,0,1,0,3,1,6,1,25,5,-1,-1,-1,8,1
20141315S1540,1,9,0,7,0,6,0,0,0,0,1,1,6,3,-1,-1,1900,2,14,-1,-1
20141315S1540,2,9,0,18,0,8,0,0,0,0,1,1,6,1,37,7,2496,2,14,1,1
20141315S1540,3,9,0,18,0,8,0,0,0,0,1,1,6,1,43,7,1399,1,5,8,1
20141315S1541,1,9,0,9,0,8,0,0,0,0,3,1,6,1,37,7,998,1,10,1,1
20141315S1541,2,1,0,13,0,8,0,0,0,0,1,1,6,1,20,4,-1,-1,-1,-1,1
20141315S1636,1,9,0,5,0,8,0,0,0,0,4,1,6,1,21,5,1198,1,3,-1,-1
20141315S1636,2,2,0,18,0,8,0,0,0,0,1,1,6,1,20,4,-1,-1,-1,-1,-1
20141315S1636,3,9,0,2,0,1,0,0,0,0,4,1,6,1,44,7,1560,2,7,-1,-1
20141315T0007,1,9,0,4,0,1,1,0,0,0,3,1,6,1,49,8,1149,1,11,6,1
20141315T0007,2,3,0,18,0,8,0,0,0,0,1,1,6,1,17,4,125,1,4,4,1
20141315T0075,1,9,0,18,0,8,0,0,0,0,3,1,6,1,23,5,1968,2,7,4,1
20141315T0075,2,9,0,18,0,8,0,0,0,0,1,1,6,2,22,5,1896,2,7,4,1
20141315T0247,1,3,0,16,0,6,0,0,0,0,3,1,1,1,33,6,124,1,3,2,1
20141315T0247,2,21,0,12,0,6,2,0,0,0,4,1,2,1,64,9,9200,2,6,3,1
20141315T0367,1,9,0,18,0,0,1,0,7,0,4,1,6,2,26,6,1240,1,10,10,1
20141315T0367,2,9,0,18,0,0,0,0,0,0,4,1,6,1,46,8,1988,1,11,3,1