Accident_Index,Vehicle_Reference,Vehicle_Type,Towing_and_Articulation,Vehicle_Manoeuvre,Vehicle_Location-Restricted_Lane,Junction_Location,Skidding_and_Overturning,Hit_Object_in_Carriageway,Vehicle_Leaving_Carriageway,Hit_Object_off_Carriageway,1st_Point_of_Impact,Was_Vehicle_Left_Hand_Drive?,Journey_Purpose_of_Driver,Sex_of_Driver,Age_of_Driver,Age_Band_of_Driver,Engine_Capacity_(CC),Propulsion_Code,Age_of_Vehicle,Driver_IMD_Decile,Driver_Home_Area_Type
2014131690598,1,1,0,18,9,8,0,0,0,0,1,1,6,1,-1,-1,-1,-1,-1,-1,-1
2014131690836,1,19,0,8,0,1,0,0,0,0,2,1,6,1,40,7,1560,2,4,10,1
2014131690836,2,9,0,4,0,1,0,0,0,0,1,1,6,1,55,8,1229,1,2,5,1
2014131690979,1,9,0,5,0,0,0,0,0,0,1,1,3,1,33,6,1596,1,6,1,1
2014131691101,1,9,0,18,0,1,0,0,0,0,1,1,6,2,74,10,998,1,5,-1,1
2014131691490,1,19,0,1,0,0,0,0,0,0,2,1,1,1,59,9,1997,2,6,-1,-1
2014131691514,1,9,0,3,0,1,0,0,0,0,2,1,6,1,44,7,1997,2,14,-1,3
2014131691514,2,9,0,18,0,1,0,0,0,0,1,1,6,2,-1,-1,2148,2,11,5,1
2014131691893,1,9,0,9,0,6,0,0,0,0,3,1,6,2,26,6,1299,1,12,6,1
2014131691893,2,9,0,18,0,1,0,0,0,0,1,1,6,1,66,10,848,1,15,5,1
2014131691896,1,9,0,4,0,1,0,0,0,0,1,1,6,1,65,9,-1,-1,-1,3,3
2014131691896,2,9,0,3,0,1,0,0,0,0,2,1,6,1,69,10,1560,2,7,3,1
2014131691943,1,9,0,18,0,8,0,0,1,0,1,1,2,2,43,7,1349,1,5,7,3
2014131691943,2,9,0,9,0,8,0,0,0,0,4,1,6,2,29,6,998,1,5,-1,-1
20141316A0382,1,9,0,18,0,8,0,0,0,0,1,1,6,3,23,5,-1,-1,-1,-1,-1
20141316A0714,1,9,0,5,0,0,0,0,0,0,3,1,1,1,53,8,1995,2,2,9,2
20141316A0804,1,11,0,18,0,1,0,0,0,0,0,1,1,1,54,8,9360,2,5,2,1
20141316A0981,1,9,0,18,0,0,0,0,0,0,4,1,3,1,63,9,1461,2,1,-1,1
20141316A0985,1,3,0,18,0,0,0,11,0,0,1,1,2,1,20,4,125,1,2,9,3
20141316A1040,1,9,0,11,0,1,0,0,0,0,4,1,2,2,53,8,1596,1,6,4,1
20141316A1040,2,1,0,18,0,1,0,0,0,0,3,1,2,1,22,5,-1,-1,-1,4,1
20141316A1127,1,11,0,2,0,0,0,0,0,0,0,1,1,1,29,6,7300,2,14,8,1
20141316A1167,1,9,0,9,0,1,0,0,0,0,3,1,6,1,65,9,2184,2,11,3,1
20141316A1167,2,3,0,18,0,1,0,0,0,0,1,1,2,1,20,4,124,1,13,4,1
20141316A1376,1,3,0,18,9,0,0,0,0,11,1,1,6,1,18,4,-1,-1,-1,3,1
20141316A1444,1,9,0,9,0,8,0,0,0,0,1,1,6,1,50,8,1339,1,8,1,1
20141316A1444,2,1,0,18,0,8,0,0,0,0,1,1,6,1,24,5,-1,-1,-1,1,1
20141316B0258,1,3,0,18,0,4,0,0,0,0,1,1,1,1,19,4,124,1,3,-1,-1
20141316B0258,2,9,0,9,0,8,0,0,0,0,4,1,1,2,57,9,996,1,1,1,1
20141316B0315,1,9,0,9,0,8,0,0,0,0,1,1,6,2,65,9,1299,1,6,7,1
20141316B0530,1,9,0,18,0,3,0,0,0,0,4,1,6,2,60,9,1995,2,-1,5,1
20141316B0530,2,1,0,18,0,8,0,0,0,0,3,1,6,2,61,9,-1,-1,-1,8,1
20141316B0624,1,9,0,18,0,1,0,0,0,0,1,1,6,1,25,5,2993,2,10,-1,-1
20141316B0624,2,9,0,9,0,6,0,0,0,0,3,1,6,2,50,8,1997,2,10,-1,-1
20141316B0624,3,9,0,2,0,1,0,0,1,0,3,1,6,1,56,9,2494,1,14,-1,-1
20141316B0740,1,9,0,9,0,8,0,0,0,0,4,1,6,1,17,4,998,1,6,7,2
20141316B0740,2,9,0,18,0,8,0,0,0,0,1,1,6,1,19,4,1229,1,6,5,1
20141316B0813,1,9,0,18,0,0,0,0,0,0,4,1,6,1,33,6,1998,2,9,5,1
20141316B0861,1,9,0,10,0,1,0,0,0,0,0,1,6,1,64,9,1400,1,8,7,3
20141316B0861,2,9,0,18,0,1,0,0,0,0,1,1,1,2,29,6,-1,-1,-1,8,2
20141316B0943,1,9,0,1,8,0,0,0,0,0,4,1,6,1,54,8,1986,2,7,9,1
20141316B1069,1,9,0,5,0,6,0,0,0,0,0,1,3,2,64,9,1560,2,1,9,1
20141316B1069,2,1,0,16,0,8,2,0,7,0,0,1,6,1,20,4,-1,-1,-1,-1,-1
20141316B1088,1,9,0,6,0,0,0,0,0,0,3,1,1,1,35,6,1910,2,8,-1,-1
20141316B1088,2,5,0,14,0,0,1,0,0,0,1,1,1,1,55,8,892,1,19,-1,-1
20141316B1196,1,11,0,4,0,0,0,0,0,0,0,1,1,1,26,6,7300,2,10,-1,1
20141316B1202,1,9,0,18,0,0,0,0,0,0,4,2,6,3,-1,-1,-1,-1,-1,-1,-1
20141316B1216,1,9,0,18,0,1,0,0,0,0,4,1,6,3,-1,-1,-1,-1,-1,-1,-1
20141316B1257,1,9,0,9,0,8,0,0,0,0,1,1,6,1,61,9,1493,2,6,7,1
20141316B1257,2,9,0,9,0,8,0,0,0,0,4,1,6,2,64,9,1599,1,9,4,1
20141316B1649,1,9,0,6,0,8,1,0,0,0,3,1,6,1,34,6,1995,1,11,3,1
20141316B1649,2,9,0,18,0,8,1,0,0,0,4,1,6,3,-1,-1,1968,2,8,-1,-1
20141316B1649,3,9,0,2,0,8,0,0,0,0,3,1,6,1,-1,-1,1586,1,6,-1,-1
20141316B2023,1,9,0,18,0,0,2,7,8,6,1,1,2,1,27,6,1587,1,13,-1,2
20141316C0061,1,9,0,17,0,4,1,0,1,1,1,1,6,1,22,5,1896,2,12,5,1
20141316C0236,1,9,0,18,0,8,0,0,0,0,1,1,6,1,22,5,1364,1,9,3,1
20141316C0236,2,8,0,9,0,8,0,0,0,0,1,1,2,2,60,9,1995,2,10,1,1
20141316C0288,1,9,0,18,0,1,0,0,0,0,0,1,6,1,33,6,1598,2,2,-1,-1
20141316C0288,2,1,0,7,0,5,0,0,0,0,1,1,6,1,30,6,-1,-1,-1,-1,-1
20141316C0290,1,9,0,5,0,6,0,0,0,0,1,1,1,1,49,8,2993,2,-1,9,1
20141316C0290,2,9,0,18,0,1,0,0,0,0,4,1,1,2,28,6,1598,2,1,8,1
20141316C0292,1,9,0,4,0,0,0,0,0,0,1,1,3,2,-1,-1,-1,-1,-1,-1,-1
20141316C0292,2,9,0,3,0,0,0,0,0,0,2,1,1,1,34,6,-1,-1,-1,-1,-1
20141316C0292,3,9,0,3,0,0,0,0,0,0,2,1,3,2,-1,-1,2993,2,-1,-1,-1
20141316C0313,1,1,0,18,0,1,0,0,0,0,1,1,1,1,26,6,-1,-1,-1,-1,-1
20141316C0313,2,9,0,18,0,1,0,0,0,0,1,1,1,1,39,7,2993,2,-1,6,1
20141316C0313,3,9,0,3,0,1,0,0,0,0,1,1,1,1,21,5,2967,2,3,1,1
20141316C0315,1,9,0,18,0,1,0,0,0,0,1,1,6,2,32,6,1951,2,9,4,1
20141316C0886,1,3,0,18,0,0,1,0,0,0,0,1,2,1,29,6,125,1,-1,2,1
20141316C0979,1,9,0,18,0,8,0,0,0,0,3,1,6,1,18,4,1781,1,11,1,1
20141316C0979,2,9,0,9,0,8,0,0,0,0,1,1,6,1,37,7,1995,2,10,3,1
20141316C1254,1,9,0,13,0,1,0,0,0,0,1,1,6,1,38,7,1900,2,8,3,1
20141316C1254,2,9,0,9,0,5,0,0,0,0,3,1,6,2,59,9,1349,1,5,-1,-1
20141316C1286,1,9,0,7,0,1,0,0,0,0,0,1,6,2,50,8,1339,1,5,4,1
20141316C1286,2,1,0,18,4,1,0,0,0,0,4,1,6,1,48,8,-1,-1,-1,10,1
20141316C1381,1,4,0,18,0,8,2,0,1,1,4,1,6,1,57,9,487,1,22,6,1
20141316C1483,1,9,0,18,0,0,2,0,1,1,1,1,6,1,24,5,1461,2,9,6,1
20141316C1619,1,9,0,5,0,2,0,0,0,0,0,1,6,2,42,7,1199,1,12,6,1
20141316C1619,2,1,0,18,0,1,0,0,0,0,0,1,6,1,42,7,-1,-1,-1,6,1
20141316C1892,1,11,0,18,9,0,0,0,0,0,3,1,1,1,63,9,12816,2,10,10,2
20141316D0082,1,9,0,18,0,0,2,0,1,10,1,1,6,1,21,5,2000,2,3,3,1
20141316D0359,1,9,0,18,0,1,0,0,0,0,1,1,6,3,-1,-1,-1,-1,-1,-1,-1
20141316D0359,2,1,0,18,0,1,0,0,0,0,1,1,6,1,12,3,-1,-1,-1,1,1
20141316D0383,1,9,0,18,0,0,0,0,0,0,2,1,1,1,42,7,2199,2,1,8,1
20141316D0383,2,5,0,18,0,0,5,0,0,0,1,1,6,1,48,8,652,1,9,1,1
20141316D0390,1,9,0,18,0,2,0,0,0,0,4,1,6,1,55,8,1560,2,6,6,1
20141316D0390,2,1,0,18,0,2,5,0,0,0,3,1,6,1,52,8,-1,-1,-1,3,1
20141316D0406,1,1,0,18,0,1,2,0,0,0,1,1,2,1,20,4,-1,-1,-1,3,1
20141316D0406,2,9,0,2,0,1,0,0,0,0,4,1,6,3,-1,-1,1149,1,12,-1,-1
20141316D0606,1,9,0,9,0,5,0,0,0,0,4,1,6,2,-1,-1,-1,-1,-1,-1,-1
20141316D0606,2,1,0,18,0,8,0,0,0,0,1,1,2,1,30,6,-1,-1,-1,8,1
20141316D0892,1,9,0,12,0,0,0,0,0,0,1,1,6,1,21,5,1198,1,1,8,1
20141316D0892,2,9,0,4,0,0,0,0,0,0,2,1,6,1,38,7,1956,2,2,1,1
20141316D0995,1,9,0,18,0,1,0,0,0,0,1,1,2,2,28,6,1390,1,5,1,1
20141316D0995,2,9,0,8,0,1,0,0,0,0,2,1,2,1,46,8,1598,1,11,9,1
20141316D1059,1,9,0,1,0,0,0,0,0,0,2,1,6,1,-1,-1,-1,-1,-1,-1,-1
20141316D1106,1,9,0,14,0,1,0,0,0,0,4,1,6,2,50,8,1560,2,2,8,1
20141316D1188,1,3,0,18,0,8,0,0,1,7,1,1,6,1,16,4,-1,-1,-1,1,1
20141316D1547,1,3,0,18,0,0,0,0,0,0,1,1,6,1,23,5,-1,-1,-1,1,1
20141316D1547,2,9,0,4,0,0,0,0,0,0,2,1,6,1,49,8,1598,1,10,2,1
20141316D1598,1,9,0,18,0,8,0,0,0,0,1,1,6,1,24,5,1391,1,17,6,3
20141316D1716,1,9,0,18,0,0,0,0,0,0,4,1,6,1,33,6,698,1,10,-1,-1
20141316E0183,1,9,0,18,0,0,1,0,7,9,1,1,6,1,20,4,1598,1,10,-1,-1
20141316E0241,1,9,0,17,0,0,0,0,0,0,1,1,6,3,-1,-1,-1,-1,-1,-1,-1
20141316E0422,1,9,0,17,0,1,0,0,0,0,1,1,6,3,-1,-1,-1,-1,-1,-1,-1
20141316E0782,1,9,0,4,9,0,0,0,7,10,1,1,6,2,57,9,1242,1,2,7,1
20141316E0795,1,9,0,18,0,0,0,0,0,0,4,1,1,1,51,8,1995,2,6,-1,-1
20141316E0795,2,8,0,3,0,0,0,0,0,0,3,1,6,1,34,6,1910,2,7,3,1
20141316E0873,1,9,0,4,0,1,0,0,0,0,1,2,6,1,40,7,2204,2,8,1,1
20141316E0873,2,9,0,3,0,1,0,0,0,0,2,2,1,2,17,4,1968,2,1,1,1
20141316E1049,1,9,0,4,0,0,0,0,0,0,1,1,6,2,43,7,1560,2,6,-1,-1
20141316E1080,1,9,0,9,0,1,0,0,0,0,0,1,6,2,47,8,1995,2,6,7,1
20141316E1080,2,9,0,18,0,1,0,0,0,0,2,1,6,1,33,6,-1,-1,-1,1,1
20141316E1197,1,3,0,17,0,0,1,0,1,11,4,1,6,1,23,5,124,1,6,3,1
20141316E1305,1,90,0,18,0,4,0,0,0,0,1,1,6,2,27,6,-1,-1,-1,-1,-1
20141316E1305,2,90,0,18,0,8,0,0,0,0,2,1,6,2,25,5,-1,-1,-1,-1,-1
20141316E1384,1,9,0,17,0,0,2,0,1,9,1,1,6,1,17,4,1124,1,9,7,1
20141316E1488,1,1,0,9,0,1,0,0,0,0,4,1,6,1,11,3,-1,-1,-1,1,1
20141316E1488,2,9,0,17,0,1,0,0,0,0,1,1,6,1,49,8,1560,2,1,2,1
20141316E1528,1,9,0,1,0,0,0,0,0,0,1,1,6,1,35,6,1995,2,11,1,1
20141316F0166,1,1,0,18,0,8,0,0,0,0,1,1,6,1,19,4,-1,-1,-1,4,1
20141316F0166,2,8,0,18,0,8,0,0,0,0,1,1,1,1,35,6,1998,2,6,5,1
20141316F0285,1,1,0,9,0,8,0,10,0,0,1,1,6,1,33,6,-1,-1,-1,1,1
20141316F0557,1,9,0,9,0,6,0,0,0,0,1,1,6,1,62,9,2495,1,12,1,1
20141316F0557,2,9,0,18,0,8,0,0,7,0,4,1,6,1,73,10,1398,2,4,8,1
20141316F0824,1,9,0,9,0,8,0,0,7,1,1,1,6,1,21,5,1527,2,13,1,1
20141316F0824,2,9,0,9,0,8,0,0,0,0,1,1,6,2,43,7,1399,2,4,2,1
20141316F0833,1,9,0,18,0,1,0,0,0,0,1,1,6,1,71,10,1560,2,5,4,1
20141316F1155,1,9,0,2,0,0,0,0,0,0,2,1,6,1,30,6,1198,1,6,7,1
20141316F1155,2,19,0,1,0,0,0,0,0,0,2,1,6,3,-1,-1,-1,-1,-1,-1,-1
20141316F1312,1,9,0,18,0,0,0,0,0,0,1,1,6,1,52,8,1984,1,6,5,1
20141316F1312,2,9,0,4,0,0,0,10,1,0,2,1,6,2,28,6,1461,2,6,-1,1
20141316F1338,1,9,0,18,0,0,1,0,0,0,1,1,6,1,47,8,998,1,8,1,2
20141316F1338,2,9,0,18,0,0,1,0,0,0,1,1,6,1,29,6,1997,2,13,2,1
20141316F1338,3,9,0,18,0,0,1,0,1,9,3,1,6,1,32,6,1461,2,4,1,1
20141316F1497,1,9,0,16,0,0,1,0,0,0,1,1,6,1,21,5,1598,2,3,1,1
20141316F1497,2,9,0,2,0,0,0,0,0,0,0,1,6,3,-1,-1,-1,-1,-1,-1,-1
20141316F1497,3,9,0,14,0,0,0,0,1,0,1,1,6,1,57,9,1968,2,1,10,1
20141316G0061,1,9,0,18,0,0,2,11,1,1,1,1,6,1,23,5,1248,2,6,5,1
20141316G1167,1,90,0,9,0,5,0,0,0,0,3,1,2,2,30,6,-1,-1,-1,8,1
20141316G1167,2,90,0,18,0,8,0,0,0,0,1,1,2,1,42,7,-1,-1,-1,6,1
20141316G1174,1,9,0,2,6,0,0,0,0,0,0,1,6,3,-1,-1,1199,1,14,-1,-1
20141316G1248,1,9,0,9,0,8,0,0,0,0,1,1,6,1,43,7,1900,2,10,6,1
20141316G1248,2,1,0,18,0,1,0,0,0,0,1,1,6,1,27,6,-1,-1,-1,2,1
20141316G1267,1,9,0,3,0,0,0,0,0,0,2,1,2,2,37,7,1229,1,6,3,1
20141316G1267,2,9,0,3,0,0,0,0,0,0,2,1,6,1,18,4,998,1,9,4,2
20141316G1267,3,9,0,18,0,0,0,0,0,0,1,1,6,1,53,8,1997,2,6,3,1
20141316G1296,1,1,0,18,0,8,0,0,0,0,1,1,6,1,35,6,-1,-1,-1,1,1
20141316G1296,2,9,0,9,0,8,0,0,0,0,1,1,6,1,42,7,1796,1,8,3,1
20141316G1305,1,9,0,18,0,0,0,0,0,0,1,1,6,2,30,6,1560,2,3,2,1
20141316G1305,2,1,0,18,0,0,0,0,0,0,0,1,6,2,8,2,-1,-1,-1,3,1
20141316G1460,1,1,0,18,0,0,0,0,1,0,1,1,6,1,45,7,-1,-1,-1,1,1
20141316G1460,2,9,0,7,0,0,0,0,0,0,2,1,6,2,48,8,1998,1,15,4,1
20141316G1539,1,9,0,18,0,0,0,0,0,0,1,1,6,3,-1,-1,-1,-1,-1,-1,-1
20141316G1632,1,9,0,9,9,2,0,0,7,0,1,1,6,2,48,8,1242,1,1,7,1
20141316G1632,2,1,0,18,9,1,0,0,1,0,1,1,6,2,48,8,-1,-1,-1,4,1
20141316G1663,1,9,0,18,0,8,0,0,0,0,4,1,6,1,27,6,973,1,13,3,1
20141316G1663,2,9,0,9,0,8,0,0,0,0,3,1,6,2,19,4,973,1,12,9,1
20141316G2490,1,9,0,18,0,0,1,0,0,0,1,1,2,1,28,6,1968,2,7,8,1
20141316G2490,2,19,0,3,0,0,0,0,0,0,2,1,1,1,23,5,1995,2,4,-1,1
20141316G2490,3,9,0,3,0,0,0,0,0,0,2,1,6,2,43,7,1397,1,14,3,1
20141316H0305,1,9,0,18,0,0,0,0,0,0,4,1,1,2,49,8,1598,1,8,8,1
20141316H1029,1,8,0,7,0,6,0,0,0,0,3,1,1,1,54,8,1968,2,4,1,1
20141316H1029,2,1,0,18,0,8,0,0,0,0,1,1,2,1,49,8,-1,-1,-1,4,1
20141316H1061,1,9,0,5,0,6,0,0,0,0,4,1,3,2,54,8,998,1,-1,3,1
20141316H1061,2,9,0,18,0,8,0,0,0,0,3,1,3,1,21,5,1956,2,2,4,1
20141316H1138,1,19,0,4,0,0,0,0,0,0,2,1,1,1,22,5,2148,2,7,-1,-1
20141316H1138,2,9,0,4,0,0,0,0,0,0,2,1,6,1,52,8,2179,2,7,7,1
20141316H1138,3,19,0,18,0,0,0,0,0,0,1,1,1,2,23,5,1461,2,3,-1,-1
20141316H1205,1,9,0,1,9,8,0,0,0,0,2,1,6,1,31,6,2143,2,4,-1,-1
20141316H1309,1,9,0,18,0,6,0,0,0,0,3,1,6,3,-1,-1,1598,1,5,6,3
20141316H1315,1,9,0,16,0,5,0,0,0,0,0,1,2,1,42,7,2099,1,11,8,2
20141316H1374,1,9,0,18,0,8,0,0,0,0,4,1,6,1,26,6,1598,1,10,-1,-1
20141316H1374,2,1,0,18,0,1,0,0,0,0,1,1,6,1,32,6,-1,-1,-1,5,1
20141316H1483,1,9,0,18,0,0,0,0,1,0,1,1,6,3,-1,-1,-1,-1,-1,-1,-1
20141316H1483,2,1,0,18,9,0,5,0,0,0,3,1,6,1,5,1,-1,-1,-1,2,1
20141316H1573,1,9,0,7,0,5,0,0,0,0,4,1,6,2,-1,-1,1598,1,7,9,3
20141316H1573,2,1,0,18,4,1,5,0,0,0,1,1,6,1,40,7,-1,-1,-1,6,1
20141316H1635,1,9,0,9,0,6,0,0,0,0,3,1,6,1,77,11,1490,1,5,9,2
20141316H1635,2,9,0,18,0,8,0,0,0,0,1,1,6,1,41,7,1994,1,16,1,1
20141316H1777,1,9,0,16,0,0,0,0,0,0,3,1,2,2,21,5,1364,1,8,7,1
20141316H1777,2,9,0,17,0,0,0,0,0,0,3,1,6,1,33,6,1240,1,10,5,1
20141316I0100,1,9,0,1,0,0,0,0,0,0,2,1,6,3,-1,-1,2993,2,2,-1,-1
20141316I0100,2,9,0,4,0,0,0,0,0,0,1,1,1,1,38,7,-1,-1,-1,1,1
20141316I0229,1,9,0,12,0,0,0,0,0,0,3,1,2,2,47,8,1242,1,5,7,1
20141316I0229,2,1,0,11,0,0,0,0,0,0,4,1,2,1,27,6,-1,-1,-1,5,1
20141316I0269,1,9,0,18,0,8,0,0,0,0,1,1,2,2,23,5,1242,1,11,6,3
20141316I0269,2,9,0,9,0,8,0,0,0,0,4,1,3,2,34,6,1363,2,11,4,1
20141316I0543,1,9,0,3,0,1,0,0,0,0,4,1,6,1,26,6,1968,2,5,1,1
20141316I0543,2,9,0,5,0,1,0,0,0,0,4,1,6,1,29,6,1910,2,9,-1,-1
20141316I0598,1,9,0,18,0,8,0,0,0,0,1,1,6,3,-1,-1,-1,-1,-1,-1,-1
20141316I0598,2,9,0,7,0,8,0,0,0,0,4,1,6,3,-1,-1,-1,-1,-1,-1,-1
20141316I0598,3,9,0,18,0,1,0,0,0,0,3,1,6,1,26,6,-1,-1,-1,7,1
20141316I1022,1,9,0,9,0,1,0,0,0,0,4,1,6,1,32,6,1896,2,11,3,1
20141316I1022,2,1,0,18,0,1,0,0,0,0,1,1,4,1,15,3,-1,-1,-1,1,1
20141316I1036,1,9,0,9,0,5,0,0,0,0,1,1,6,2,18,4,1229,1,7,10,1
20141316I1036,2,1,0,18,0,8,0,0,0,0,1,1,2,1,37,7,-1,-1,-1,5,1
20141316I1079,1,9,0,9,0,1,0,0,0,0,1,1,6,1,64,9,1783,1,11,8,1
20141316I1079,2,9,0,18,0,1,0,0,0,0,3,1,6,1,58,9,1686,2,9,1,2
20141316I1087,1,9,0,18,0,8,1,0,1,11,1,1,6,1,20,4,1248,2,10,4,1
20141316I1087,2,9,0,18,0,1,0,0,0,0,0,1,6,1,21,5,1896,2,6,2,1
20141316I1087,3,9,0,9,0,1,0,0,0,0,1,1,6,1,38,7,1900,2,9,3,1
20141316I1128,1,9,0,8,0,1,0,0,0,0,0,1,2,2,53,8,1198,1,3,4,1
20141316I1311,1,9,0,5,0,6,0,0,0,0,1,1,6,1,24,5,1299,1,10,5,1
20141316I1311,2,1,0,18,0,8,0,0,0,0,4,1,6,1,54,8,-1,-1,-1,10,1
20141316I1330,1,9,0,17,0,8,0,0,0,0,1,1,6,2,18,4,998,1,8,6,3
20141316I1330,2,9,0,16,0,8,0,0,0,0,1,1,6,1,23,5,1798,1,-1,10,1
20141316I1375,1,9,0,17,0,0,2,0,7,10,4,1,6,1,17,4,1242,1,5,7,2
20141316I1500,1,9,0,4,0,4,0,0,0,0,1,1,6,2,47,8,1997,2,14,-1,1
20141316I1500,2,5,0,3,0,4,0,0,0,0,2,1,6,1,37,7,883,1,6,9,1
20141316I1507,1,9,0,18,0,0,0,0,0,0,4,1,2,2,37,7,1795,1,14,2,1
20141316I1528,1,9,0,18,0,4,1,9,0,0,1,1,6,1,26,6,1999,1,9,3,1
20141316I1764,1,5,0,18,0,0,1,0,0,0,1,1,6,1,37,7,899,1,14,9,1
20141316I1764,2,9,0,15,0,0,0,0,0,0,2,1,1,1,53,8,1995,2,12,1,1
20141316J0311,1,9,0,18,0,0,0,6,0,10,1,1,6,2,26,6,1995,2,9,10,1
20141316J0341,1,9,0,18,0,0,0,0,0,0,2,1,2,2,41,7,1870,2,10,6,1
20141316J0341,2,9,0,18,0,0,0,0,0,0,2,1,2,1,24,5,1390,1,1,6,1
20141316J0341,3,21,0,18,0,0,0,0,0,0,2,1,1,1,66,10,6870,2,4,7,1
20141316J0341,4,21,0,18,0,0,1,0,0,0,1,1,1,1,35,6,12900,2,3,2,1
20141316J0349,1,9,0,7,0,8,0,0,0,0,4,1,6,3,-1,-1,-1,-1,-1,-1,-1
20141316J0349,2,1,0,18,0,8,0,0,0,0,3,1,2,1,30,6,-1,-1,-1,1,1
20141316J0383,1,9,0,5,0,8,0,0,0,0,1,1,2,1,45,7,-1,-1,-1,8,1
20141316J0383,2,1,0,18,0,8,0,0,0,0,4,1,6,2,24,5,-1,-1,-1,6,1
20141316J0483,1,8,0,18,9,6,0,0,0,0,1,1,1,1,41,7,1896,2,7,2,1
20141316J0483,2,1,0,18,9,1,5,0,0,0,3,1,6,1,23,5,-1,-1,-1,1,1
20141316J0565,1,9,0,9,0,1,0,0,0,0,1,1,6,1,38,7,998,1,14,1,1
20141316J0565,2,9,0,18,0,1,0,0,0,0,1,1,6,1,51,8,2000,1,10,-1,-1
20141316J0597,1,9,0,9,0,6,0,0,0,0,1,1,6,1,26,6,1598,1,7,7,1
20141316J0597,2,9,0,18,0,8,0,0,0,0,4,1,6,2,59,9,1582,2,1,7,1
20141316J0747,1,9,0,15,0,3,0,0,0,0,4,1,6,1,76,11,1242,1,3,7,1
20141316J0747,2,11,0,18,0,3,0,0,0,0,1,1,1,1,59,9,6692,2,2,6,1
20141316J0920,1,9,0,18,0,8,0,0,0,0,3,1,6,2,19,4,1242,1,6,9,1
20141316J0920,2,9,0,5,0,6,0,0,0,0,1,1,6,2,71,10,1896,2,12,7,3
20141316J0926,1,9,0,4,0,8,0,0,0,0,1,1,1,1,68,10,998,1,8,1,1
20141316J0926,2,9,0,4,0,8,0,0,0,0,2,1,6,2,24,5,1596,1,5,1,1
20141316J1066,1,9,0,18,0,2,0,0,0,0,1,1,6,1,77,11,996,1,4,4,1
20141316J1066,2,9,0,18,0,1,0,0,0,0,1,1,6,2,25,5,1461,2,4,6,1
20141316J1117,1,1,0,9,0,8,1,0,0,0,2,1,6,1,15,3,-1,-1,-1,1,1
20141316J1117,2,90,0,18,0,1,0,0,0,0,1,1,6,3,-1,-1,-1,-1,-1,-1,-1
20141316J1129,1,9,0,4,0,1,0,0,0,0,1,1,6,1,30,6,1968,2,5,1,1
20141316J1129,2,9,0,3,0,1,0,0,0,0,2,1,6,1,43,7,998,1,12,3,1
20141316J1222,1,9,0,18,0,0,0,0,1,11,1,1,6,1,80,11,1997,2,1,10,1
20141316J1356,1,9,0,18,0,1,0,0,0,0,1,1,2,1,55,8,2148,2,7,7,1
20141316J1356,2,1,0,9,0,1,0,0,0,0,1,1,6,1,22,5,-1,-1,-1,2,1
20141316J1367,1,19,4,6,0,0,0,0,0,0,4,1,6,3,-1,-1,-1,-1,-1,-1,-1
20141316J1367,2,1,0,18,0,0,0,0,0,0,1,1,6,1,35,6,-1,-1,-1,3,1
20141316J1424,1,5,0,16,0,0,2,0,0,0,1,1,6,1,29,6,748,1,8,-1,-1
20141316J1491,1,9,0,9,0,0,0,0,0,0,3,1,6,1,25,5,3200,1,8,1,1
20141316J1580,1,9,0,18,0,0,0,0,0,0,1,1,6,1,27,6,1596,1,14,6,1
20141316J1595,1,9,0,18,0,8,0,0,0,0,4,1,6,2,23,5,1198,1,10,1,1
20141316J1595,2,9,0,18,0,8,0,0,0,0,1,1,1,1,43,7,1910,2,7,3,1
20141316J1648,1,3,0,15,0,0,0,0,0,0,1,1,6,1,19,4,125,1,2,10,1
20141316J1648,2,9,0,7,0,0,0,0,0,0,4,1,6,1,33,6,1997,2,-1,10,1
20141316J1818,1,1,0,18,0,0,0,0,0,0,1,1,6,1,12,3,-1,-1,-1,1,1
20141316J1818,2,9,0,18,0,0,0,0,0,0,3,1,2,2,51,8,1598,2,-1,1,1
20141316K0365,1,9,0,9,0,8,0,0,0,0,1,1,6,2,32,6,1896,2,7,3,1
20141316K0365,2,9,0,18,0,8,0,0,0,0,1,1,6,2,38,7,1598,2,3,6,1
20141316K0446,1,9,0,18,0,6,1,0,0,0,4,1,6,2,57,9,1242,1,-1,7,1
20141316K0446,2,9,0,18,0,1,1,0,1,0,3,1,1,1,26,6,1997,2,-1,1,1
20141316K0662,1,9,0,18,0,3,1,0,1,1,3,1,6,1,28,6,1660,1,12,8,1
20141316K0685,1,9,0,18,0,8,0,0,0,0,1,1,6,1,46,8,2993,2,7,1,1
20141316K0685,2,9,0,9,0,8,0,0,1,11,4,1,2,1,37,7,1349,1,3,6,1
20141316K0745,1,1,0,5,0,4,0,0,0,0,0,1,6,1,45,7,-1,-1,-1,6,2
20141316K0745,2,9,0,5,0,4,0,0,0,0,0,1,6,2,50,8,1598,1,-1,-1,-1
20141316K0762,1,9,0,18,0,0,0,11,0,0,4,1,6,1,83,11,1206,1,5,6,1
20141316K0880,1,9,0,18,0,0,0,0,0,0,1,1,6,2,21,5,1248,1,3,4,1
20141316K0880,2,9,0,18,0,0,0,0,0,0,2,1,6,1,43,7,1896,2,12,1,1
20141316K0927,1,9,0,9,0,1,0,0,0,0,4,1,6,2,20,4,1299,1,13,4,1
20141316K0927,2,9,0,18,0,1,0,0,0,0,3,1,6,2,50,8,1200,1,1,8,1
20141316K1011,1,9,0,4,0,0,0,0,0,0,4,1,1,1,27,6,1499,2,-1,1,1
20141316K1085,1,1,0,18,0,0,0,0,0,0,0,1,6,1,54,8,-1,-1,-1,5,1