Accident_Index,Vehicle_Reference,Vehicle_Type,Towing_and_Articulation,Vehicle_Manoeuvre,Vehicle_Location-Restricted_Lane,Junction_Location,Skidding_and_Overturning,Hit_Object_in_Carriageway,Vehicle_Leaving_Carriageway,Hit_Object_off_Carriageway,1st_Point_of_Impact,Was_Vehicle_Left_Hand_Drive?,Journey_Purpose_of_Driver,Sex_of_Driver,Age_of_Driver,Age_Band_of_Driver,Engine_Capacity_(CC),Propulsion_Code,Age_of_Vehicle,Driver_IMD_Decile,Driver_Home_Area_Type
20141316U1350,1,11,0,18,0,8,0,0,0,0,0,1,1,2,44,7,9600,2,13,3,1
20141316U1350,2,9,0,18,0,4,0,0,0,0,0,1,6,3,-1,-1,-1,-1,-1,-1,-1
20141316U1581,1,9,0,1,0,8,0,0,0,0,2,1,6,2,34,6,1686,2,9,2,1
20141316U1629,1,9,0,18,0,0,0,0,0,0,3,1,6,1,25,5,796,1,13,1,1
20141316U1674,1,9,0,18,0,2,0,0,0,0,4,1,6,2,36,7,1796,1,13,6,3
2014131710135,1,8,0,18,0,0,0,0,0,0,0,1,1,1,57,9,1896,2,8,1,1
2014131710386,1,9,0,7,0,5,0,0,0,0,0,1,1,2,32,6,1364,1,6,7,1
2014131710386,2,1,0,18,0,1,0,0,0,0,0,1,1,2,20,4,-1,-1,-1,-1,1
2014131710459,1,11,0,18,0,0,0,0,0,0,1,1,1,1,64,9,4760,2,3,6,1
2014131710488,1,21,0,18,0,0,0,0,0,0,3,1,1,1,46,8,6692,2,3,3,1
2014131710488,2,21,0,18,0,0,0,0,0,0,3,1,1,1,50,8,4461,2,6,6,1
2014131710740,1,9,0,2,0,2,0,0,0,0,1,1,1,1,51,8,-1,-1,-1,-1,-1
2014131710740,2,9,0,18,0,3,0,0,0,0,2,1,6,1,37,7,1198,1,9,-1,-1
2014131710835,1,9,0,9,0,5,0,0,0,0,4,1,1,2,52,8,1299,1,6,4,1
2014131710835,2,1,0,18,4,1,0,0,0,0,1,1,6,1,26,6,-1,-1,-1,3,1
2014131710931,1,9,0,9,0,1,0,0,0,0,1,1,6,1,70,10,3969,1,14,5,1
2014131710931,2,9,0,18,0,1,0,0,0,0,1,1,6,1,46,8,1997,2,-1,6,1
2014131710931,3,9,0,18,0,1,0,0,0,0,1,1,6,1,28,6,1598,1,15,1,1
2014131711053,1,9,0,18,0,0,0,0,0,0,1,1,2,1,33,6,1560,2,6,4,1
2014131711053,2,9,0,3,0,0,0,0,0,0,2,1,6,2,36,7,1896,2,7,3,1
2014131711368,1,9,0,18,0,3,1,0,0,0,4,1,6,1,26,6,1597,1,14,5,1
2014131711368,2,9,0,18,0,1,1,0,1,0,1,1,2,1,40,7,1994,1,12,5,1
2014131711368,3,9,0,18,0,3,0,0,0,0,3,1,2,1,51,8,1951,2,10,5,2
2014131711647,1,9,0,7,0,6,0,0,0,0,4,1,6,2,67,10,1598,1,13,9,1
2014131711647,2,9,0,18,0,1,0,0,7,0,0,1,6,1,35,6,1998,1,9,9,1
2014131720149,1,9,0,7,0,8,1,0,0,0,1,1,6,1,38,7,1242,1,12,3,1
2014131720149,2,8,0,4,0,1,0,0,0,0,1,1,1,1,38,7,1996,2,6,1,1
2014131720309,1,9,0,18,0,8,1,0,0,0,1,1,2,2,43,7,1587,1,4,-1,1
2014131720309,2,9,0,10,0,5,0,0,0,0,2,1,2,2,31,6,1997,1,5,6,1
2014131720356,1,1,0,9,0,8,0,0,0,0,3,1,6,1,50,8,-1,-1,-1,10,1
2014131720356,2,20,0,18,0,8,0,0,0,0,4,1,1,1,41,7,4580,2,5,-1,1
2014131720467,1,9,0,18,0,8,5,0,0,0,1,1,6,1,79,11,1598,1,11,4,1
2014131720475,1,9,0,3,0,0,0,0,0,0,1,1,6,1,-1,-1,-1,-1,-1,-1,-1
2014131720475,2,9,0,3,0,0,0,0,0,0,2,1,6,2,29,6,1598,1,10,8,1
2014131720856,1,19,0,7,0,6,0,0,0,0,3,1,6,1,57,9,-1,-1,-1,2,1
2014131720856,2,9,0,18,0,8,0,0,0,0,4,1,6,1,41,7,2000,2,8,1,1
2014131721206,1,1,0,18,0,1,0,0,0,0,0,1,6,2,18,4,-1,-1,-1,9,1
2014131721208,1,9,0,11,0,0,0,0,0,0,1,1,6,3,-1,-1,-1,-1,-1,-1,-1
2014131721208,2,9,0,18,0,0,0,0,0,0,2,1,6,1,35,6,1598,1,15,-1,1
2014131721227,1,1,0,18,0,6,0,0,0,0,1,1,6,1,8,2,-1,-1,-1,1,1
2014131721227,2,9,0,18,0,8,0,0,0,0,1,1,6,1,65,9,2184,2,11,1,1
2014131721275,1,9,0,18,0,4,0,0,0,0,1,1,6,1,56,9,1870,2,11,4,2
2014131721275,2,1,0,3,0,4,0,0,0,0,2,1,6,1,34,6,-1,-1,-1,6,2
2014131721343,1,9,0,7,0,8,0,0,0,0,1,1,6,2,60,9,1586,1,7,6,3
2014131721343,2,9,0,18,0,8,0,0,0,0,3,1,6,2,36,7,2204,2,7,5,1
2014131721345,1,9,0,5,0,0,0,0,0,0,1,1,6,2,43,7,1968,2,6,5,1
2014131721345,2,1,0,2,9,0,0,0,0,0,1,1,6,1,13,3,-1,-1,-1,1,1
2014131721377,1,9,0,18,0,8,0,0,0,0,1,1,6,1,76,11,1339,1,5,10,1
2014131721377,2,1,0,18,0,8,0,0,0,0,2,1,1,2,57,9,-1,-1,-1,6,1
2014131722076,1,5,0,18,0,4,0,10,0,0,3,1,6,1,33,6,599,1,11,1,1
2014131722101,1,9,0,9,0,4,0,0,0,0,1,1,6,1,24,5,1242,1,11,8,1
2014131722101,2,1,0,9,0,5,0,0,0,0,3,1,6,1,26,6,-1,-1,-1,2,1
2014131722107,1,9,0,15,0,0,0,0,0,0,3,1,6,1,58,9,-1,-1,-1,6,1
2014131730026,1,9,0,18,0,1,0,0,0,0,1,1,6,1,46,8,1997,2,10,2,1
2014131730026,2,9,0,4,0,1,0,0,0,0,2,1,6,2,44,7,1896,2,11,3,1
2014131730215,1,9,0,9,0,6,0,0,0,0,1,1,6,1,54,8,1910,2,7,1,1
2014131730215,2,9,0,18,0,8,0,0,0,0,4,1,2,2,57,9,1896,2,5,7,1
2014131730262,1,9,0,16,0,0,0,0,0,0,1,1,2,2,40,7,1796,1,7,8,1
2014131730262,2,11,0,17,0,0,0,0,0,0,1,1,1,1,57,9,6692,2,2,6,1
2014131730314,1,9,0,18,0,0,0,0,0,0,3,1,6,2,26,6,1596,1,11,1,1
2014131730325,1,9,0,17,0,2,0,0,0,0,1,1,2,2,34,6,1598,1,7,9,1
2014131730421,1,9,0,9,0,0,0,0,1,0,1,1,6,1,68,10,1686,2,1,6,1
2014131730421,2,9,0,18,0,0,0,0,0,0,4,1,2,2,34,6,1199,1,10,-1,-1
2014131730681,1,9,0,7,0,6,0,0,0,0,0,1,6,1,39,7,-1,-1,-1,5,1
2014131730961,1,9,0,4,0,5,0,0,0,0,1,1,6,1,40,7,1396,1,15,1,1
2014131730961,2,9,0,18,0,5,0,0,0,0,2,1,6,1,19,4,1598,1,11,1,1
2014131730978,1,9,0,1,0,0,0,0,0,0,1,1,6,2,34,6,1796,1,11,5,1
2014131730978,2,9,0,2,0,0,0,0,0,0,0,1,6,2,32,6,1598,1,8,-1,-1
2014131731029,1,9,0,7,0,1,0,0,0,0,1,1,1,1,51,8,2000,1,14,-1,-1
2014131731029,2,9,0,7,0,1,0,0,0,0,2,1,2,2,37,7,1390,1,9,-1,-1
2014131731095,1,9,0,11,0,1,0,0,0,0,4,1,6,1,70,10,1390,1,4,8,1
2014131731095,2,9,0,18,0,1,0,0,0,0,3,1,6,2,36,7,1461,2,10,1,1
2014131731463,1,1,0,18,0,8,5,10,0,0,1,1,6,1,49,8,-1,-1,-1,-1,-1
2014131731467,1,9,0,18,9,8,0,0,0,0,1,1,6,1,33,6,1598,1,11,1,1
2014131731521,1,9,0,18,0,0,0,0,0,0,1,1,6,3,-1,-1,1896,2,9,-1,-1
2014131731521,2,9,0,18,0,0,0,0,2,0,2,1,2,2,64,9,1229,1,9,-1,-1
2014131731521,3,9,0,18,0,0,0,0,0,0,2,1,2,2,26,6,1299,1,10,-1,-1
2014131731550,1,9,0,18,0,1,1,0,0,0,1,1,6,2,39,7,1149,1,14,1,1
2014131731550,2,9,0,18,0,1,1,0,0,0,2,1,6,2,28,6,1596,1,12,1,1
2014131731556,1,8,0,18,0,0,0,0,0,0,1,1,1,1,54,8,1896,2,5,-1,-1
2014131731613,1,9,0,9,0,5,0,0,0,0,1,1,6,1,19,4,1368,1,8,10,1
2014131731679,1,9,0,18,0,1,0,0,0,0,1,1,6,2,46,8,1999,1,10,6,1
2014131731699,1,9,0,1,0,0,0,0,0,0,2,1,6,1,29,6,998,1,17,2,1
2014131731786,1,3,0,13,0,8,0,0,0,0,1,1,6,1,47,8,124,1,5,1,1
2014131731786,2,9,0,7,0,6,0,0,0,0,2,1,6,1,30,6,1242,1,10,1,1
2014131731820,1,9,0,9,0,1,0,0,0,0,3,1,6,1,20,4,1124,1,10,-1,-1
2014131731820,2,4,0,18,0,1,0,0,0,0,1,1,6,1,20,4,487,1,8,-1,-1
2014131731905,1,9,0,18,0,1,0,0,0,0,1,1,6,1,20,4,998,1,14,-1,-1
2014131731983,1,9,0,18,0,1,0,0,0,10,3,1,6,1,22,5,1984,1,3,1,1
2014131731983,2,9,0,18,0,1,0,0,0,10,1,1,6,1,40,7,1398,1,12,1,1
2014131740141,1,9,0,18,0,0,0,0,0,0,1,1,6,1,36,7,2148,2,8,5,1
2014131740141,2,21,1,18,0,0,0,0,0,0,2,1,1,1,39,7,12740,2,1,-1,1
2014131740251,1,9,0,9,0,1,0,0,7,0,1,1,2,2,25,5,1995,2,11,5,1
2014131740251,2,9,0,18,0,1,0,0,0,0,1,1,2,2,26,6,1299,1,13,3,1
2014131740262,1,9,0,18,0,4,0,0,0,0,1,1,6,2,28,6,1910,2,12,4,1
2014131740262,2,1,0,18,0,8,0,0,0,0,3,1,1,1,29,6,-1,-1,-1,6,1
2014131740361,1,20,0,16,0,0,0,0,0,0,1,1,6,1,39,7,2998,2,9,1,1
2014131740361,2,9,0,17,0,0,0,0,0,0,3,1,6,1,62,9,1796,1,7,2,1
2014131740664,1,19,0,9,0,5,0,0,0,0,0,1,6,1,43,7,2402,2,10,4,1
2014131740664,2,3,0,18,0,1,1,0,0,0,1,1,6,1,64,9,124,1,8,4,1
2014131741002,1,11,0,2,0,0,0,0,0,0,0,1,1,1,53,8,9600,2,14,2,1
2014131741006,1,9,0,18,0,0,0,0,0,0,1,1,6,1,-1,-1,2972,1,16,-1,-1
2014131741060,1,2,0,16,0,0,1,0,0,0,4,1,6,1,16,4,49,1,29,6,1
2014131741079,1,9,0,18,0,0,0,0,0,0,1,1,3,2,34,6,1299,1,15,5,1
2014131741079,2,9,0,18,0,0,0,0,0,0,1,1,3,2,57,9,1149,1,7,8,2
2014131741217,1,9,0,12,0,0,0,0,0,0,0,1,6,1,31,6,1560,2,1,1,1
2014131741217,2,9,0,4,0,0,0,0,0,0,2,1,6,1,42,7,1390,1,-1,4,1
2014131741217,3,21,1,18,0,0,1,0,0,0,1,1,1,1,65,9,11946,2,1,9,2
2014131741270,1,9,0,9,0,1,0,0,0,0,3,1,6,2,24,5,1242,1,-1,7,1
2014131741270,2,1,0,13,0,1,5,0,0,0,1,1,6,1,27,6,-1,-1,-1,1,1
2014131741283,1,9,0,9,0,6,0,0,0,0,3,1,6,2,59,9,996,1,1,7,1
2014131741283,2,9,0,18,0,1,0,0,0,0,1,1,6,1,50,8,1598,1,16,8,1
2014131741410,1,9,0,9,0,4,0,0,0,0,2,1,6,2,27,6,1995,1,5,-1,-1
2014131741410,2,9,0,9,0,4,0,0,0,0,1,1,6,2,27,6,1587,1,13,3,1
2014131741573,1,9,0,18,0,0,0,0,0,0,1,1,6,3,-1,-1,-1,-1,-1,-1,-1
2014131741601,1,11,1,2,0,0,0,0,0,0,4,1,1,1,49,8,7300,2,8,3,1
2014131741672,1,9,0,17,0,0,2,0,7,9,0,1,6,2,26,6,973,1,15,6,3
2014131750411,1,9,0,6,0,8,0,0,0,0,1,1,6,1,-1,-1,-1,-1,-1,-1,-1
2014131750415,1,9,0,18,0,0,2,0,1,1,3,1,1,1,30,6,1560,2,6,-1,-1
2014131750767,1,9,0,18,0,0,0,0,0,0,1,1,6,2,19,4,998,1,6,2,1
2014131750767,2,9,0,18,0,0,0,0,0,0,3,1,6,2,29,6,1995,2,6,6,1
2014131750928,1,9,0,18,0,0,0,0,0,0,1,1,6,1,41,7,-1,-1,-1,1,1
2014131750928,2,9,0,18,0,0,0,0,0,0,1,1,6,1,65,9,1398,2,6,4,1
2014131750936,1,9,0,18,0,1,0,0,0,0,2,1,6,1,65,9,2231,2,8,9,3
2014131750936,2,9,0,18,0,1,0,0,0,0,1,1,6,2,51,8,1560,2,5,8,1
2014131750936,3,9,0,18,0,6,0,0,0,0,0,1,6,1,27,6,1995,2,5,-1,-1
2014131750936,4,9,0,10,0,1,0,0,0,0,0,1,6,1,26,6,-1,-1,-1,7,1
2014131750953,1,9,0,9,0,5,0,0,0,0,3,1,6,1,32,6,2616,1,10,-1,-1
2014131750953,2,5,0,18,0,1,0,0,0,0,1,1,6,1,56,9,680,1,6,1,1
2014131750981,1,9,0,18,0,8,0,0,0,0,1,1,6,2,39,7,1975,1,4,4,1
2014131750981,2,9,0,7,0,5,2,0,0,0,2,1,6,1,49,8,2286,6,32,8,1
2014131750988,1,9,0,18,0,8,0,0,0,0,4,2,1,1,38,7,-1,-1,-1,-1,-1
2014131751260,1,11,0,18,0,0,0,0,0,0,0,1,1,1,55,8,6692,2,2,3,1
2014131751260,2,9,0,18,0,0,0,0,0,0,0,1,6,3,-1,-1,-1,-1,-1,-1,-1
2014131751531,1,3,0,7,0,1,0,0,0,0,4,1,6,1,16,4,124,1,3,8,1
2014131751531,2,9,0,18,0,1,0,0,0,0,1,1,6,1,28,6,1149,1,9,5,3
2014131751543,1,8,0,18,0,1,0,0,0,0,4,1,1,1,36,7,-1,-1,-1,1,1
2014131751543,2,9,0,9,0,6,0,0,0,0,1,1,6,2,18,4,1984,2,6,1,1
2014131751809,1,5,0,18,0,0,0,0,0,0,4,1,2,1,23,5,636,1,1,3,1
2014131751821,1,3,0,16,0,0,0,0,7,0,0,1,6,1,32,6,125,1,1,3,1
2014131760045,1,9,0,18,0,0,0,0,0,0,1,1,6,1,25,5,973,1,12,7,1
2014131760286,1,9,0,18,9,0,0,0,1,0,1,1,6,1,28,6,998,1,6,6,1
2014131760484,1,8,0,18,0,6,0,0,3,11,1,1,6,1,21,5,1596,1,7,3,1
2014131760519,1,9,0,18,0,0,2,0,2,11,1,1,2,1,28,6,998,1,14,2,1
2014131760597,1,9,0,9,0,5,0,0,0,0,3,1,6,2,22,5,1229,1,1,2,1
2014131760597,2,1,0,18,0,1,0,0,0,0,1,1,6,1,36,7,-1,-1,-1,7,1
2014131760753,1,9,0,13,0,1,0,0,0,0,4,1,6,1,24,5,1199,1,10,3,1
2014131760753,2,9,0,18,0,1,0,0,0,0,0,1,6,3,-1,-1,-1,-1,-1,-1,-1
2014131760753,3,9,0,9,0,1,0,0,0,0,3,1,6,2,54,8,1596,1,9,6,3
2014131760815,1,8,0,18,0,0,0,0,0,0,1,1,1,1,23,5,1598,2,1,1,1
2014131760891,1,5,0,9,0,1,2,4,0,0,2,1,6,1,20,4,645,1,7,5,1
2014131760891,2,9,0,2,0,1,0,0,0,0,3,1,6,1,19,4,1390,1,8,4,1
2014131760999,1,9,0,18,0,1,0,0,0,0,4,1,6,3,-1,-1,-1,-1,-1,-1,-1
2014131761118,1,9,0,18,0,0,0,0,0,0,1,1,6,2,20,4,-1,-1,-1,2,1
2014131761118,2,9,0,4,0,0,0,0,0,0,2,1,6,2,27,6,1968,2,7,1,1
2014131761159,1,1,0,16,0,0,1,0,7,11,1,1,6,1,66,10,-1,-1,-1,10,2
2014131761526,1,9,0,18,0,8,0,0,0,0,1,1,6,2,48,8,1248,2,4,2,1
2014131761985,1,1,0,18,0,8,2,0,0,0,1,1,6,1,44,7,-1,-1,-1,2,1
2014131761997,1,9,0,18,0,8,1,0,8,4,4,1,1,1,21,5,1596,1,-1,4,1
2014131761997,2,9,0,9,0,8,0,0,0,0,0,1,1,1,86,11,1796,1,11,8,1
2014131762056,1,9,0,18,0,8,0,0,0,0,1,1,6,1,24,5,1339,1,11,-1,1
2014131762056,2,9,0,9,0,8,0,0,0,0,1,1,6,2,18,4,1390,1,15,3,1
2014131770289,1,9,0,18,0,0,0,0,0,0,2,1,2,2,-1,-1,1199,2,2,6,3
2014131770289,2,9,0,18,0,0,0,0,0,0,2,1,2,1,22,5,1995,1,7,9,3
2014131770289,3,9,0,18,0,0,0,0,0,0,2,1,2,2,23,5,1364,1,8,4,1
2014131770289,4,9,0,18,0,0,0,0,0,0,1,1,2,1,27,6,1997,2,6,3,1
2014131770314,1,9,0,7,0,5,0,0,0,0,4,1,6,3,-1,-1,-1,-1,-1,-1,-1
2014131770388,1,3,0,17,0,0,1,0,0,0,3,1,6,1,19,4,124,1,-1,1,1
2014131770388,2,9,0,18,0,0,0,0,0,0,2,1,2,2,23,5,996,1,2,3,1
2014131770429,1,19,0,9,0,8,0,0,0,0,1,1,1,1,23,5,2402,2,10,7,3
2014131770429,2,9,0,18,0,8,0,0,0,0,3,1,6,1,41,7,-1,-1,-1,5,1
2014131770510,1,9,0,18,0,1,0,0,1,2,1,1,1,1,65,9,-1,-1,-1,3,1
2014131770560,1,11,0,10,0,1,0,0,0,0,0,1,1,1,42,7,6692,2,2,3,1
2014131770745,1,9,0,14,0,0,0,0,0,0,1,1,6,2,71,10,1598,1,11,9,1
2014131770753,1,8,0,6,0,0,0,0,0,0,4,1,1,1,43,7,1598,2,4,-1,1
2014131770753,2,3,0,18,0,0,0,0,0,0,1,1,6,1,42,7,124,1,7,3,1
2014131770761,1,9,0,18,0,0,0,0,0,0,4,1,6,1,36,7,1598,2,-1,6,1
2014131770772,1,9,0,18,0,1,0,0,0,0,1,1,2,1,55,8,2993,2,4,7,1
2014131770772,2,19,0,3,0,1,0,0,0,0,2,1,2,1,42,7,1753,2,8,8,1
2014131770772,3,19,0,3,0,1,0,0,0,0,2,1,2,1,56,9,2198,2,6,2,1
2014131770772,4,21,0,3,0,1,0,0,0,0,2,1,2,1,39,7,4500,2,7,3,1
2014131771393,1,9,0,11,0,8,0,0,0,0,1,1,2,2,25,5,1994,1,8,3,1
2014131771393,2,1,0,18,0,8,0,0,0,0,2,1,2,1,49,8,-1,-1,-1,4,1
2014131771527,1,9,0,18,0,1,0,0,0,0,4,1,6,1,25,5,1368,1,8,1,1
2014131771554,1,9,0,2,0,0,0,0,0,0,2,1,2,1,59,9,2148,2,7,8,1
2014131771554,2,9,0,4,0,0,0,0,0,0,1,1,2,1,27,6,1398,2,9,-1,-1
2014131771572,1,9,0,18,0,0,1,0,0,0,1,1,6,2,21,5,1364,1,7,2,1
2014131771572,2,9,0,2,9,0,0,0,0,0,1,1,6,2,-1,-1,1388,1,8,-1,-1
2014131771675,1,1,0,17,0,0,2,0,1,0,0,1,6,1,48,8,-1,-1,-1,8,3
2014131780186,1,9,0,5,0,0,0,0,0,0,4,1,6,2,23,5,-1,-1,-1,4,1
2014131780186,2,3,0,18,0,0,0,0,0,0,1,1,6,1,19,4,-1,-1,-1,2,1
2014131780193,1,9,0,12,0,1,1,10,7,0,3,1,6,2,33,6,1242,1,5,6,1
2014131780193,2,9,0,18,0,1,1,10,7,0,4,1,6,1,33,6,1984,1,6,5,1
2014131780231,1,9,0,9,0,6,0,0,8,2,1,1,3,2,37,7,2902,2,7,1,1
2014131780466,1,9,0,18,0,4,0,0,0,0,1,1,1,1,39,7,1896,2,6,2,1
2014131780466,2,1,0,18,0,3,0,0,0,0,2,1,6,1,27,6,-1,-1,-1,2,1
2014131780608,1,9,0,11,0,0,0,0,0,0,4,1,6,1,69,10,1396,1,1,5,1
2014131780608,2,21,1,11,0,0,0,0,0,0,3,1,1,1,30,6,12777,2,7,6,3
2014131780608,3,9,0,18,0,0,0,0,0,0,3,1,6,2,49,8,1242,1,11,3,1
2014131780608,4,21,1,18,0,0,0,0,0,0,1,1,1,1,79,11,12580,2,9,1,1
2014131780735,1,9,0,9,0,6,0,0,0,0,1,1,6,1,23,5,1390,1,4,-1,-1
2014131780735,2,9,0,18,0,1,0,0,0,0,0,1,6,1,-1,-1,-1,-1,-1,-1,-1
2014131780816,1,9,0,18,0,0,0,0,0,0,4,1,6,1,65,9,1956,2,4,-1,-1
2014131780816,2,1,0,15,0,0,0,0,0,0,3,1,6,1,44,7,-1,-1,-1,-1,-1
2014131780821,1,9,0,3,0,1,0,0,0,0,2,1,6,2,37,7,1199,1,1,8,3
2014131780821,2,9,0,3,0,1,0,0,0,0,2,1,2,1,37,7,1596,1,13,6,1
2014131780821,3,9,0,18,0,1,0,0,0,0,1,1,2,1,35,6,1560,2,-1,1,1
2014131780864,1,21,1,11,0,0,0,0,0,0,4,1,1,1,61,9,12902,2,1,9,2
2014131780864,2,9,0,18,0,0,1,0,0,0,3,1,6,1,68,10,2461,2,15,-1,-1
2014131780864,3,9,0,18,0,0,1,0,0,0,3,1,6,1,58,9,2995,1,7,8,3
2014131780864,4,9,0,18,0,0,0,0,0,0,3,1,6,1,19,4,1399,1,7,6,1
2014131780988,1,2,0,3,0,1,5,0,0,0,2,1,2,1,39,7,49,1,8,1,1
2014131780988,2,9,0,18,0,1,0,0,0,0,1,1,6,1,53,8,1149,1,13,1,1
2014131781037,1,9,0,18,0,0,0,0,0,0,1,1,6,1,23,5,1248,2,2,2,1
2014131781077,1,9,0,18,0,1,0,0,0,0,1,1,2,1,36,7,1596,1,7,7,1
2014131781119,1,3,0,18,0,0,1,11,1,11,3,1,2,1,52,8,124,1,4,4,1
2014131781557,1,9,0,9,0,6,0,0,0,0,3,1,6,2,81,11,1390,1,2,-1,-1
2014131781557,2,9,0,16,0,1,0,0,0,0,1,1,6,2,20,4,998,1,1,2,1
2014131790227,1,9,0,18,0,2,0,4,0,0,1,1,2,1,68,10,1388,1,10,5,1
2014131790227,2,9,0,2,0,2,0,0,0,0,2,1,6,1,47,8,1560,2,3,2,1
2014131790396,1,21,1,18,0,0,0,0,0,0,0,1,1,1,42,7,12777,2,8,7,3
2014131790396,2,9,0,18,0,0,0,11,0,0,3,1,6,1,56,9,1399,2,8,8,3
2014131790422,1,9,0,17,0,0,0,0,1,9,1,1,6,1,34,6,2198,2,8,3,1
2014131790422,2,20,0,16,0,0,0,0,0,0,0,1,1,1,21,5,3920,2,1,6,1
2014131790460,1,3,0,18,0,8,0,0,7,11,1,1,6,1,21,5,124,1,2,1,1
2014131790460,2,9,0,9,0,8,0,0,0,0,3,1,6,1,57,9,1896,2,10,7,3
2014131790495,1,8,0,14,9,7,0,0,0,0,0,1,6,1,52,8,1560,2,1,3,1
2014131790495,2,8,0,2,9,2,0,0,0,0,0,1,6,1,32,6,1598,2,3,6,1
2014131790834,1,20,0,18,0,1,0,0,0,0,1,1,1,1,-1,-1,4461,2,5,-1,-1
2014131790834,2,9,0,3,0,1,0,0,0,0,1,1,2,1,57,9,1995,2,1,7,1
2014131790891,1,9,0,3,0,0,0,0,0,0,4,1,6,1,18,4,1229,1,9,9,1
2014131790946,1,9,0,18,0,0,0,0,0,0,1,1,6,1,69,10,998,1,1,8,3
2014131790979,1,9,0,18,0,8,0,0,4,1,3,1,1,2,53,8,1299,1,10,4,1
2014131790979,2,9,0,9,0,1,0,0,0,0,1,1,6,1,64,9,1461,2,2,8,3
2014131791112,1,9,0,9,0,0,0,0,0,0,3,1,6,2,43,7,1560,2,4,3,1
2014131791112,2,5,0,13,0,0,0,0,0,0,1,1,6,1,50,8,1157,1,11,7,1
2014131791172,1,5,0,18,0,1,0,0,0,0,4,1,1,1,29,6,1250,1,14,-1,-1
2014131791172,2,9,0,3,0,1,0,0,0,0,4,1,1,1,47,8,1968,2,4,-1,-1
2014131791172,3,9,0,3,0,1,0,0,0,0,4,1,1,1,66,10,1242,1,3,-1,-1
2014131791277,1,9,0,9,0,8,0,0,0,0,4,1,6,1,19,4,998,1,7,7,1
2014131791277,2,9,0,18,0,8,0,0,0,0,1,1,6,1,41,7,1968,2,-1,10,1
2014131791507,1,9,0,7,0,5,0,0,0,0,1,1,6,1,-1,-1,1242,1,12,-1,-1
2014131791507,2,9,0,18,0,1,0,0,0,0,1,1,6,1,30,6,2000,2,10,1,1
2014131791671,1,9,0,13,0,8,0,0,0,0,1,1,6,1,19,4,1364,1,8,8,3
2014131791671,2,9,0,7,0,8,0,0,0,0,2,1,6,1,43,7,1396,1,14,4,1
2014131791679,1,9,0,9,0,1,0,0,0,0,1,1,1,1,54,8,993,1,13,3,1
2014131791679,2,9,0,18,0,1,0,0,0,0,4,1,1,2,51,8,1386,1,2,1,1
2014131791999,1,9,0,18,0,0,5,0,1,11,3,1,6,1,24,5,1242,1,7,8,1
2014131792009,1,9,0,18,0,0,0,0,1,10,1,1,1,1,26,6,-1,-1,-1,1,1
2014131792011,1,9,0,7,0,2,0,7,1,10,1,1,6,1,31,6,1360,1,10,10,1
20141317A0014,1,9,0,9,0,5,0,0,0,0,1,1,2,2,49,8,1560,2,7,1,1
20141317A0014,2,1,0,18,0,1,5,0,1,0,1,1,2,1,34,6,-1,-1,-1,6,1
20141317A0213,1,8,0,6,0,1,0,0,0,0,1,1,1,1,55,8,1968,2,6,3,1
20141317A0213,2,3,0,18,0,2,1,4,0,0,3,1,2,1,26,6,124,1,8,3,1
20141317A0213,3,9,0,2,6,2,0,0,0,0,2,1,6,3,-1,-1,-1,-1,-1,-1,-1
20141317A0312,1,9,0,9,0,1,0,0,0,0,3,1,2,1,39,7,1896,2,11,1,1
20141317A0312,2,3,0,18,0,1,0,0,0,0,1,1,2,1,18,4,124,1,30,1,1
20141317A0351,1,9,0,18,0,0,0,0,0,0,1,1,2,2,21,5,1240,1,11,8,1
20141317A0398,1,9,0,18,0,0,0,0,0,0,1,1,6,1,49,8,1200,1,-1,1,1
20141317A0398,2,9,0,2,0,0,0,0,0,0,2,1,1,3,-1,-1,1364,1,7,2,1
20141317A0664,1,9,0,18,0,0,0,0,0,0,0,1,1,1,35,6,2987,2,7,9,1
20141317A0808,1,9,0,18,0,8,0,0,0,0,0,1,6,2,21,5,999,1,11,1,1
20141317A0808,2,9,0,18,0,4,0,0,0,0,0,1,6,3,-1,-1,-1,-1,-1,-1,-1
20141317A0970,1,9,0,9,0,6,0,0,0,0,3,1,6,2,37,7,1984,1,13,9,1
20141317A0970,2,5,0,18,0,8,1,0,0,0,1,1,6,1,55,8,996,1,14,-1,-1
20141317A0992,1,3,0,16,0,0,5,0,7,0,3,1,2,2,28,6,125,1,8,2,1
20141317A1194,1,8,0,18,0,0,0,0,0,0,4,1,1,1,60,9,1995,2,9,1,1
20141317A1322,1,1,0,18,0,2,0,0,0,0,1,1,6,2,7,2,-1,-1,-1,-1,-1
20141317A1322,2,9,0,18,0,2,0,0,0,0,4,1,6,2,41,7,1968,2,1,-1,-1
20141317A1369,1,5,0,18,0,1,0,0,0,0,1,1,6,1,37,7,636,1,10,2,1
20141317A1934,1,9,0,18,0,0,0,0,0,0,1,1,6,3,-1,-1,1896,2,13,-1,-1