Accident_Index,Vehicle_Reference,Vehicle_Type,Towing_and_Articulation,Vehicle_Manoeuvre,Vehicle_Location-Restricted_Lane,Junction_Location,Skidding_and_Overturning,Hit_Object_in_Carriageway,Vehicle_Leaving_Carriageway,Hit_Object_off_Carriageway,1st_Point_of_Impact,Was_Vehicle_Left_Hand_Drive?,Journey_Purpose_of_Driver,Sex_of_Driver,Age_of_Driver,Age_Band_of_Driver,Engine_Capacity_(CC),Propulsion_Code,Age_of_Vehicle,Driver_IMD_Decile,Driver_Home_Area_Type
20141317A1934,2,9,0,1,0,0,0,0,0,0,2,1,6,1,20,4,1598,2,3,1,1
20141317A1934,3,9,0,2,0,0,0,0,0,0,3,1,6,3,-1,-1,1995,2,-1,-1,-1
20141317B0393,1,9,0,18,0,0,0,0,0,0,1,1,1,1,22,5,-1,-1,-1,2,1
20141317B0393,2,9,0,18,0,0,0,0,0,0,1,1,6,1,-1,-1,1199,2,1,-1,-1
20141317B0448,1,9,0,18,0,8,0,0,0,0,1,1,6,1,77,11,1590,1,10,8,3
20141317B0448,2,9,0,9,0,8,0,0,0,0,1,1,6,2,50,8,1598,1,4,5,1
20141317B0790,1,8,0,18,0,0,0,0,0,0,3,1,1,1,40,7,1896,2,7,2,1
20141317B0842,1,9,0,18,0,0,1,0,5,6,1,1,6,1,26,6,1796,1,-1,4,1
20141317B0842,2,9,0,18,0,0,0,0,0,0,3,1,6,1,33,6,1968,2,4,7,1
20141317B0842,3,21,1,18,0,0,0,0,0,0,2,1,1,1,44,7,12740,2,2,5,1
20141317B0842,4,21,0,18,0,0,0,0,0,0,4,1,1,1,46,8,6870,2,6,6,1
20141317B0842,5,9,0,18,0,0,0,0,0,0,1,1,1,1,-1,-1,2400,2,3,6,1
20141317B0842,6,9,0,18,0,0,0,0,0,0,0,1,1,1,-1,-1,2400,2,3,6,1
20141317B0842,7,9,0,18,0,0,0,0,0,0,0,1,1,2,-1,-1,2993,2,1,6,1
20141317B0842,8,9,0,18,0,0,0,0,0,0,0,1,1,1,-1,-1,2993,2,-1,6,1
20141317B1042,1,9,0,18,0,0,0,0,0,0,1,1,6,1,34,6,1686,2,6,2,1
20141317B1042,2,9,0,18,0,0,0,0,0,0,1,1,6,2,28,6,1360,1,10,6,1
20141317B1042,3,9,0,18,0,0,0,0,0,0,1,1,6,1,-1,-1,1275,1,15,1,1
20141317B1042,4,9,0,4,0,0,0,0,0,0,2,1,6,1,-1,-1,1995,2,4,7,1
20141317B1230,1,9,0,12,0,0,0,0,0,0,3,1,6,1,49,8,1910,2,7,9,1
20141317B1230,2,9,0,12,0,0,0,0,0,0,4,1,1,2,47,8,1560,2,4,-1,-1
20141317B1249,1,9,0,18,0,1,0,0,0,0,1,1,6,1,24,5,1595,1,8,1,1
20141317B1249,2,9,0,18,0,1,0,0,0,0,2,1,6,1,27,6,1956,2,5,2,1
20141317B1520,1,9,0,18,0,0,0,4,0,0,1,1,6,2,31,6,1997,2,13,2,1
20141317B1520,2,9,0,2,0,0,0,0,0,0,2,1,6,1,-1,-1,1588,1,10,-1,-1
20141317B1520,3,9,0,2,0,0,0,0,0,0,2,1,6,2,-1,-1,1587,1,12,-1,-1
20141317B1548,1,9,0,9,0,8,0,0,0,0,3,1,6,2,41,7,1997,2,11,1,1
20141317B1548,2,9,0,9,0,8,0,0,0,0,1,1,6,2,17,4,1242,1,12,1,1
20141317B1651,1,9,0,18,0,0,0,0,0,0,1,1,6,2,34,6,1388,1,7,3,1
20141317C0625,1,9,0,17,0,8,0,0,0,0,1,1,6,1,64,9,1951,2,11,7,3
20141317C0625,2,1,0,17,0,8,0,0,0,0,2,1,6,1,52,8,-1,-1,-1,2,1
20141317C0676,1,9,0,9,0,6,0,0,0,0,3,1,6,1,45,7,-1,-1,-1,4,1
20141317C0676,2,9,0,16,0,8,0,0,0,0,1,1,6,1,75,10,1558,1,42,3,2
20141317C0849,1,11,0,2,0,1,0,0,0,0,0,1,1,1,42,7,9360,2,2,1,1
20141317C0854,1,9,0,3,0,1,0,0,0,0,0,1,6,1,50,8,1995,2,2,1,1
20141317C0854,2,9,0,3,0,1,0,0,0,0,2,1,1,1,25,5,-1,-1,-1,3,1
20141317C0854,3,9,0,3,0,1,0,0,0,0,1,1,6,1,49,8,2400,2,4,-1,1
20141317C0903,1,9,0,7,0,0,0,0,0,0,4,1,6,2,43,7,1198,1,5,9,3
20141317C0903,2,9,0,18,0,0,0,0,0,0,1,1,6,2,64,9,2967,2,8,7,3
20141317C0906,1,9,0,5,0,6,1,0,0,0,3,1,6,1,19,4,1198,1,12,7,1
20141317C0906,2,9,0,18,0,8,1,0,0,0,1,1,6,1,48,8,-1,-1,-1,8,1
20141317C1217,1,9,0,1,0,0,0,0,0,0,0,1,6,2,65,9,1390,1,12,3,1
20141317C1235,1,9,0,16,0,0,0,0,0,0,3,1,6,1,50,8,1229,1,-1,2,1
20141317C1235,2,9,0,17,0,0,0,0,1,0,3,1,6,1,44,7,1229,1,8,10,3
20141317C1733,1,5,0,18,0,0,0,0,0,0,1,1,6,1,19,4,599,1,16,1,1
20141317C1733,2,9,0,11,0,0,0,0,0,0,2,1,6,1,22,5,1598,1,14,-1,-1
20141317C1824,1,9,0,18,0,0,0,0,0,0,3,1,6,1,79,11,1598,1,1,9,1
20141317C1992,1,9,0,5,0,4,0,0,0,0,1,1,6,2,36,7,1988,1,11,1,1
20141317C1992,2,9,0,17,0,8,0,0,0,0,4,1,6,2,23,5,1242,1,7,-1,-1
20141317C2001,1,9,0,18,0,0,1,0,1,2,1,1,6,2,31,6,1197,1,2,1,1
20141317C2045,1,9,0,9,0,1,0,0,0,0,4,1,6,1,21,5,1200,1,-1,-1,-1
20141317C2045,2,1,0,18,0,1,0,0,0,0,1,1,6,1,35,6,-1,-1,-1,3,1
20141317C2155,1,9,0,18,0,0,0,0,0,0,2,1,6,1,20,4,1968,2,11,6,1
20141317C2155,2,2,0,18,0,0,2,0,0,0,2,1,1,1,28,6,-1,-1,-1,7,1
20141317C2155,3,9,0,18,0,0,0,0,0,0,1,1,6,1,41,7,-1,-1,-1,10,1
20141317C2233,1,9,0,9,0,1,0,0,0,0,1,1,6,1,81,11,1461,2,4,9,1
20141317C2236,1,9,0,18,0,0,0,0,0,0,1,2,6,1,23,5,1360,1,14,1,1
20141317C2236,2,8,0,6,6,0,0,0,0,0,3,1,1,1,31,6,1995,2,9,3,1
20141317D0252,1,8,0,18,0,0,0,4,0,0,1,1,1,1,44,7,1686,2,10,8,2
20141317D0252,2,9,0,2,0,0,0,0,1,0,2,1,6,3,-1,-1,2495,2,14,-1,-1
20141317D0597,1,9,0,9,0,6,0,0,0,0,3,1,6,1,72,10,1598,1,14,5,1
20141317D0597,2,1,0,18,0,1,2,0,0,0,1,1,6,1,20,4,-1,-1,-1,9,1
20141317D0609,1,9,0,4,0,6,0,0,0,0,1,1,6,2,-1,-1,1991,2,7,2,1
20141317D0609,2,8,0,18,0,8,0,0,0,0,4,1,1,1,-1,-1,2231,2,7,-1,1
20141317D0656,1,9,0,11,0,0,0,7,0,6,1,1,6,1,39,7,1956,2,2,2,1
20141317D0656,2,19,0,18,0,0,0,0,0,0,2,1,6,2,37,7,-1,-1,-1,7,1
20141317D0720,1,9,0,3,0,1,0,0,0,0,2,1,6,1,24,5,1796,1,14,9,3
20141317D0720,2,19,0,18,0,1,0,0,0,0,1,1,1,1,30,6,2402,2,13,1,1
20141317D0948,1,9,0,7,0,6,0,0,0,0,3,1,6,1,19,4,1900,2,14,6,1
20141317D0948,2,9,0,18,0,8,0,0,0,0,1,1,6,2,42,7,1364,2,4,1,1
20141317D1041,1,5,0,18,0,1,0,0,0,0,1,1,6,1,27,6,988,1,10,7,3
20141317D1041,2,9,0,9,0,8,0,0,0,0,4,1,6,2,33,6,1124,1,11,5,2
20141317D1067,1,8,0,18,0,0,0,0,0,0,3,1,1,1,30,6,1968,2,6,2,1
20141317D1072,1,1,0,18,0,6,0,0,0,0,4,1,6,1,17,4,-1,-1,-1,2,3
20141317D1072,2,9,0,4,0,1,0,0,0,0,0,1,6,1,54,8,1390,1,13,3,1
20141317D1099,1,2,0,18,0,0,1,0,0,0,3,1,6,1,19,4,-1,-1,-1,-1,-1
20141317D1099,2,2,0,18,0,0,1,0,0,0,0,1,6,1,17,4,-1,-1,-1,-1,-1
20141317D1099,3,9,0,18,0,0,0,0,0,0,3,1,6,1,42,7,1389,1,11,4,1
20141317D1121,1,9,0,7,0,2,1,0,0,0,1,1,6,3,-1,-1,2696,2,7,7,1
20141317D1121,2,9,0,18,0,1,0,0,0,0,1,1,6,1,58,9,1248,2,-1,1,1
20141317D1234,1,11,0,9,0,8,0,0,0,0,0,1,1,1,43,7,7300,2,1,3,1
20141317D1234,2,9,0,9,0,8,0,0,0,0,0,1,1,1,36,7,2993,2,-1,-1,-1
20141317D1483,1,1,0,9,0,5,0,0,0,0,1,1,6,1,11,3,-1,-1,-1,2,1
20141317D1483,2,9,0,16,0,1,0,0,0,0,1,1,6,1,20,4,1242,1,3,2,1
20141317D1529,1,9,0,9,0,1,0,0,0,0,2,1,6,1,30,6,1242,1,4,7,1
20141317D1529,2,5,0,18,0,1,0,0,0,0,1,1,6,2,33,6,599,1,10,-1,-1
20141317D1574,1,9,0,18,0,0,0,0,0,0,1,1,6,1,28,6,2000,2,5,4,1
20141317D1790,1,9,0,18,0,0,0,0,0,0,1,1,6,2,35,6,1598,1,12,1,1
20141317D1790,2,9,0,2,0,0,0,0,0,0,1,1,6,3,-1,-1,1761,1,14,-1,-1
20141317D1790,3,9,0,2,0,0,0,0,0,0,4,1,6,3,-1,-1,1596,1,3,-1,-1
20141317D1898,1,9,0,18,0,1,0,0,0,0,1,1,6,1,18,4,1229,1,7,-1,1
20141317D1898,2,9,0,9,0,1,0,0,0,0,3,1,6,2,-1,-1,1299,1,9,-1,-1
20141317E0207,1,9,0,18,0,0,0,4,0,0,1,1,6,1,36,7,1956,2,4,1,1
20141317E0207,2,19,0,2,0,0,0,0,1,0,2,1,1,1,45,7,2402,2,9,2,1
20141317E0234,1,9,0,9,0,8,0,0,0,0,1,1,1,1,38,7,1388,1,12,-1,-1
20141317E0234,2,1,0,9,0,8,1,0,0,0,2,1,1,1,36,7,-1,-1,-1,-1,-1
20141317E0371,1,9,0,4,0,1,0,0,0,0,2,1,6,2,42,7,2993,2,2,9,1
20141317E0371,2,9,0,4,0,1,0,0,0,0,2,1,6,2,26,6,1753,2,11,10,1
20141317E0371,3,9,0,18,0,1,0,0,0,0,1,1,2,3,50,8,3700,1,12,6,3
20141317E0478,1,9,0,18,0,1,0,0,0,0,4,1,2,1,40,7,1242,1,2,8,2
20141317E0742,1,9,0,18,0,1,0,0,0,0,1,1,6,1,44,7,2204,2,7,-1,1
20141317E0742,2,9,0,18,0,1,0,0,0,0,2,1,6,1,38,7,1598,1,11,1,1
20141317E0959,1,9,0,9,0,6,0,0,0,0,1,1,6,3,-1,-1,1968,2,4,3,1
20141317E0959,2,9,0,18,0,1,0,0,0,0,1,1,6,2,72,10,1984,1,4,-1,-1
20141317F0235,1,9,0,7,0,1,0,0,0,0,4,1,6,3,27,6,-1,-1,-1,-1,-1
20141317F0235,2,1,0,18,0,1,0,0,0,0,3,1,6,2,24,5,-1,-1,-1,-1,-1
20141317F0414,1,9,0,9,0,6,0,0,0,0,1,1,6,2,69,10,1248,1,2,3,1
20141317F0414,2,9,0,18,0,8,0,0,0,0,1,1,6,1,51,8,1997,2,13,2,1
20141317F1220,1,9,0,9,0,1,0,0,0,0,1,1,6,1,28,6,1896,2,7,-1,-1
20141317F1220,2,1,0,5,0,2,0,0,1,0,1,1,6,1,57,9,-1,-1,-1,-1,-1
20141317F1278,1,9,0,9,0,1,0,0,0,0,4,1,6,1,39,7,2231,2,8,5,1
20141317F1278,2,3,0,18,0,1,0,0,0,0,1,1,6,1,25,5,125,1,1,2,1
20141317F1328,1,9,0,16,0,1,0,0,7,0,1,1,6,1,21,5,1596,1,1,9,1
20141317F1328,2,19,0,18,0,8,0,0,1,0,1,1,6,1,29,6,1248,2,7,3,1
20141317F1328,3,9,0,2,0,2,0,0,0,0,2,1,6,3,-1,-1,1968,2,2,-1,-1
20141317F1430,1,9,0,7,0,5,0,0,0,0,2,1,6,1,89,11,998,1,2,6,3
20141317F1430,2,1,0,13,0,8,0,0,0,0,1,1,6,1,49,8,-1,-1,-1,3,1
20141317G0235,1,9,0,9,0,4,0,0,0,0,3,1,6,2,32,6,1997,2,11,6,1
20141317G0235,2,1,0,18,0,8,0,0,0,0,1,1,6,2,51,8,-1,-1,-1,6,1
20141317G0365,1,9,0,4,0,0,0,0,0,0,0,1,6,1,44,7,1388,1,8,9,3
20141317G0365,2,8,0,18,0,0,0,0,0,0,2,1,6,1,43,7,1461,2,6,-1,1
20141317G0629,1,19,0,17,0,8,0,0,0,0,2,1,1,1,34,6,-1,-1,-1,8,2
20141317G0629,2,5,0,17,0,8,5,0,0,0,1,1,6,1,57,9,-1,-1,-1,2,1
20141317G0694,1,9,0,17,0,0,0,0,0,0,3,1,6,2,52,8,1587,1,11,7,1
20141317G0730,1,9,0,16,0,0,0,0,0,0,4,1,6,1,44,7,1896,2,10,-1,1
20141317G0730,2,1,0,16,0,0,0,0,0,0,1,1,6,1,84,11,-1,-1,-1,8,1
20141317G1154,1,9,0,9,0,5,0,0,0,0,0,1,2,2,57,9,1598,2,-1,6,1
20141317G1154,2,1,0,18,4,1,1,0,0,0,0,1,2,1,45,7,-1,-1,-1,6,2
20141317G1186,1,3,0,17,0,0,1,0,0,0,0,1,2,1,21,5,124,1,1,-1,-1
20141317G1191,1,9,0,18,0,8,0,0,0,0,4,1,6,1,39,7,1200,1,1,2,1
20141317G1191,2,9,0,7,0,8,0,0,1,0,3,1,6,2,35,6,1995,1,9,4,1
20141317G1561,1,9,0,13,0,0,0,0,0,0,0,1,6,3,-1,-1,-1,-1,-1,-1,-1
20141317G1561,2,9,0,18,0,0,0,0,0,0,4,1,6,1,39,7,998,1,14,1,1
20141317G1800,1,8,0,18,0,0,0,0,0,0,1,1,1,1,35,6,1797,8,3,1,1
20141317H0028,1,9,0,18,0,6,0,0,0,0,1,1,6,1,18,4,1968,2,2,-1,-1
20141317H0028,2,9,0,18,0,8,0,0,0,0,3,1,6,2,37,7,2967,2,8,10,1
20141317H0200,1,5,0,18,0,1,5,10,1,0,4,1,6,1,38,7,1157,1,9,-1,-1
20141317H0275,1,9,0,9,0,1,0,0,0,0,1,1,6,2,58,9,-1,-1,-1,6,1
20141317H0275,2,5,0,18,0,1,0,0,0,0,3,1,6,1,24,5,599,1,7,1,1
20141317H0293,1,9,0,9,0,1,0,0,0,0,1,1,6,2,44,7,1242,1,7,4,1
20141317H0293,2,1,0,18,0,1,0,0,0,0,1,1,6,1,27,6,-1,-1,-1,6,1
20141317H0365,1,9,0,18,0,8,0,0,0,0,1,1,6,2,51,8,1328,1,8,1,1
20141317H0365,2,9,0,18,0,8,0,0,0,0,2,1,6,2,46,8,998,1,2,2,2
20141317H0390,1,9,0,5,0,6,0,0,0,0,1,1,6,1,58,9,-1,-1,-1,-1,-1
20141317H0390,2,9,0,18,0,8,0,0,0,0,4,1,6,2,54,8,1124,1,8,-1,-1
20141317H0481,1,9,0,18,0,0,0,0,0,0,4,1,6,1,29,6,1896,2,15,6,1
20141317H0524,1,9,0,18,0,8,0,0,0,0,1,1,6,2,30,6,973,1,14,6,1
20141317H0524,2,22,0,18,0,8,5,0,0,0,2,1,6,1,81,11,-1,-1,-1,-1,1
20141317H0529,1,9,0,18,0,0,0,0,0,0,1,1,6,2,69,10,1560,2,2,2,1
20141317H0724,1,9,0,4,0,2,0,0,0,0,1,1,6,1,30,6,-1,-1,-1,6,1
20141317H0724,2,9,0,4,0,2,0,0,0,0,2,1,6,2,60,9,2179,2,6,3,3
20141317H0724,3,9,0,18,0,2,0,0,0,0,2,1,6,1,82,11,4257,1,-1,8,1
20141317H0738,1,1,0,18,0,1,2,0,0,0,0,1,2,1,43,7,-1,-1,-1,8,1
20141317H0738,2,9,0,18,0,1,0,0,0,0,0,1,2,1,29,6,1368,1,5,8,1
20141317H0829,1,9,0,18,0,0,0,0,0,0,1,1,6,3,-1,-1,-1,-1,-1,-1,-1
20141317H0949,1,9,0,3,0,0,0,0,0,0,0,1,6,2,46,8,2495,2,12,1,1
20141317H0949,2,9,0,18,0,0,0,0,0,0,1,1,1,1,53,8,-1,-1,-1,-1,-1
20141317H0977,1,20,0,5,0,0,0,0,0,0,4,1,1,1,39,7,-1,-1,-1,10,1
20141317H1070,1,9,0,2,0,0,0,0,0,0,0,1,6,1,79,11,1850,1,17,6,1
20141317H1070,2,9,0,5,0,0,0,0,0,0,0,1,6,2,78,11,998,1,4,6,1
20141317H1070,3,5,0,18,0,0,0,0,0,0,1,1,6,1,48,8,998,1,5,6,1
20141317H1228,1,9,0,9,0,2,0,0,0,0,3,1,6,2,21,5,1124,1,14,1,1
20141317H1228,2,9,0,18,0,1,0,0,0,0,1,1,2,1,51,8,1364,2,2,7,1
20141317H1498,1,9,0,7,0,5,0,0,0,0,1,1,6,1,45,7,998,1,8,2,1
20141317H1498,2,1,0,18,0,1,1,0,0,0,1,1,6,1,58,9,-1,-1,-1,5,1
20141317H1663,1,3,0,18,0,0,2,0,0,0,4,1,6,1,50,8,124,1,1,7,1
20141317H1906,1,9,0,18,0,0,0,0,0,0,4,1,6,1,-1,-1,-1,-1,-1,-1,-1
20141317H1945,1,9,0,18,0,0,2,0,7,4,1,1,6,1,43,7,1798,1,8,5,3
20141317I0221,1,9,0,17,0,0,2,0,2,7,4,1,2,2,46,8,1364,2,8,-1,1
20141317I0336,1,9,0,5,0,0,0,0,0,0,1,1,2,2,34,6,1598,1,10,8,1
20141317I0369,1,4,0,18,0,0,0,0,0,0,1,1,6,1,24,5,350,1,2,9,2
20141317I0369,2,9,0,18,0,0,0,0,0,0,1,1,6,1,21,5,1299,1,16,5,1
20141317I0431,1,9,0,18,0,0,1,0,0,0,1,1,6,3,-1,-1,1796,1,12,-1,-1
20141317I0431,2,8,0,18,0,0,1,0,0,0,2,1,1,1,34,6,1998,2,5,1,1
20141317I0431,3,9,0,2,6,0,0,0,0,0,2,1,6,3,-1,-1,1968,2,8,-1,-1
20141317I0783,1,9,0,7,0,6,0,0,0,0,3,1,6,2,38,7,2199,2,2,10,2
20141317I0783,2,1,0,18,0,8,0,0,0,0,1,1,6,1,59,9,-1,-1,-1,-1,-1
20141317I0935,1,9,0,4,0,4,0,0,0,0,2,1,6,2,36,7,1339,1,8,5,3
20141317I0935,2,9,0,4,0,1,0,0,0,0,1,1,6,1,-1,-1,-1,-1,-1,-1,-1
20141317I1110,1,9,0,9,0,6,0,0,0,0,3,1,6,2,62,9,1587,1,12,3,1
20141317I1110,2,9,0,18,0,8,0,0,0,0,1,1,1,1,59,9,1900,2,9,3,1
20141317I1213,1,9,0,18,0,0,0,0,0,0,1,1,6,2,44,7,1242,1,12,8,1
20141317I1320,1,9,0,5,0,0,0,0,0,0,1,1,6,2,70,10,1399,2,5,6,1
20141317I1416,1,9,0,17,0,0,0,0,7,4,1,1,6,3,32,6,1390,1,10,-1,-1
20141317I1416,2,9,0,16,0,0,0,0,7,10,1,1,6,1,89,11,1388,1,6,-1,-1
20141317I1474,1,9,0,18,0,0,0,0,0,0,1,1,6,1,21,5,-1,-1,-1,10,3
20141317I1474,2,9,0,4,0,0,0,0,0,0,2,1,6,1,49,8,1587,1,8,3,3
20141317I1495,1,9,0,18,0,0,0,4,0,0,3,1,6,2,60,9,1396,1,17,7,1
20141317I1495,2,9,0,2,0,0,0,0,0,0,3,1,6,2,30,6,1761,1,14,7,1
20141317I1548,1,1,0,18,0,8,0,0,0,0,1,1,6,1,10,2,-1,-1,-1,1,1
20141317I1703,1,9,0,18,0,0,0,0,0,0,2,1,6,1,39,7,2000,2,4,1,1
20141317I1703,2,9,0,18,0,0,0,0,0,0,1,1,6,1,25,5,1108,1,8,1,1
20141317I1828,1,11,0,18,3,1,0,0,0,0,1,1,1,2,64,9,7300,2,5,9,2
20141317I1871,1,9,0,18,0,0,2,0,1,2,1,1,6,1,24,5,1910,2,9,4,1
20141317I1871,2,9,0,2,9,0,0,0,0,0,1,1,6,3,23,5,1364,1,8,-1,-1
20141317I1871,3,9,0,2,9,0,0,0,0,0,1,1,6,3,23,5,1598,1,10,-1,-1
20141317I1871,4,9,0,2,9,0,0,0,0,0,1,1,6,3,43,7,1388,1,2,-1,-1
20141317I1871,5,9,0,2,9,0,0,0,0,0,1,1,6,3,36,7,1560,2,3,-1,-1
20141317I1985,1,5,0,18,0,3,2,0,0,0,4,1,6,1,44,7,659,1,3,4,1
20141317I2034,1,9,0,9,0,5,0,0,0,0,1,1,6,1,78,11,1339,1,6,10,3
20141317I2034,2,1,0,18,0,8,5,0,0,0,1,1,6,1,40,7,-1,-1,-1,10,1
20141317J0027,1,9,0,9,0,2,0,0,0,0,1,1,6,1,49,8,1587,1,10,5,1
20141317J0598,1,9,0,4,0,0,0,0,0,0,1,1,6,1,-1,-1,1240,1,7,8,2
20141317J0601,1,3,0,18,0,0,1,0,0,0,4,1,2,1,17,4,124,1,11,5,1
20141317J0711,1,9,0,9,0,6,0,0,1,0,3,1,6,2,20,4,1388,1,10,6,1
20141317J0711,2,9,0,18,0,8,0,0,0,0,1,1,6,1,27,6,1587,1,9,9,3
20141317J0711,3,9,0,10,0,8,0,0,0,0,1,1,6,2,35,6,1360,1,10,9,1
20141317J0808,1,9,0,4,0,2,0,0,0,0,2,1,6,1,54,8,1390,1,13,-1,1
20141317J0808,2,9,0,18,0,2,0,0,0,0,1,1,6,2,34,6,1197,1,-1,5,1
20141317J0833,1,9,0,4,0,1,0,0,0,0,2,1,6,2,45,7,1995,2,1,7,1
20141317J0833,2,9,0,18,0,1,1,0,0,0,1,1,6,2,19,4,1198,1,2,6,1
20141317J0949,1,19,0,18,0,0,0,0,5,0,1,1,1,2,27,6,2198,2,2,4,1
20141317J0949,2,9,0,3,0,0,0,0,0,0,2,1,6,2,27,6,1598,1,9,4,1
20141317J0949,3,9,0,3,0,0,0,0,0,0,2,1,6,1,26,6,1598,1,1,7,1
20141317J0952,1,8,0,9,0,6,0,0,0,0,3,1,1,1,62,9,1995,2,8,3,1
20141317J0952,2,11,0,18,0,1,1,0,0,0,1,1,1,1,41,7,5480,2,15,4,1
20141317J1043,1,1,0,17,0,0,0,0,0,0,3,1,6,1,23,5,-1,-1,-1,10,2
20141317J1134,1,9,0,18,0,0,0,0,0,0,1,1,6,1,58,9,1968,2,3,10,1
20141317J1134,2,9,0,18,0,0,0,0,0,0,2,1,6,2,54,8,2184,2,8,4,1
20141317J1134,3,9,0,18,0,0,0,0,0,0,3,1,6,2,30,6,1339,1,8,8,1
20141317J1165,1,9,0,16,0,0,1,0,8,4,2,1,6,1,20,4,1598,1,12,4,1
20141317J1264,1,9,0,9,0,8,0,0,0,0,3,1,6,2,42,7,1796,1,10,9,1
20141317J1264,2,9,0,18,0,8,0,0,0,0,1,1,6,1,64,9,2148,2,10,4,1
20141317J1333,1,9,0,7,0,0,0,0,0,0,1,1,6,2,-1,-1,1598,1,11,-1,-1
20141317J1511,1,9,0,18,0,6,0,0,0,0,1,1,6,1,59,9,1197,1,2,7,1
20141317J1511,2,9,0,18,0,8,0,0,3,11,3,1,6,2,58,9,1242,1,2,2,1
20141317J1534,1,11,0,18,0,1,0,0,0,0,4,1,1,1,36,7,4580,2,4,8,1
20141317J1618,1,9,0,17,0,0,1,10,7,11,1,1,6,1,27,6,1124,1,13,1,1
20141317J1622,1,9,0,18,0,0,0,0,0,0,1,1,6,1,24,5,2198,1,8,2,1
20141317J1622,2,9,0,4,0,0,0,0,0,0,2,1,6,1,51,8,1898,2,17,3,1
20141317J1841,1,9,0,7,0,8,0,0,0,0,1,1,6,3,-1,-1,1364,1,8,-1,-1
20141317J1841,2,1,0,18,0,8,0,0,0,0,3,1,2,1,28,6,-1,-1,-1,2,1
20141317K0624,1,11,0,18,7,0,0,0,0,0,0,1,6,1,57,9,9360,2,2,2,1
20141317K0677,1,1,0,16,0,0,1,0,0,0,0,1,6,1,63,9,-1,-1,-1,6,1
20141317K0677,2,9,0,17,0,0,1,0,0,0,1,1,6,1,63,9,1998,2,9,10,1
20141317K0685,1,9,0,5,0,6,0,0,0,0,3,1,6,1,52,8,1997,2,1,9,1
20141317K0685,2,1,0,16,0,1,0,0,0,0,1,1,6,1,58,9,-1,-1,-1,5,1
20141317K1060,1,9,0,18,0,0,0,0,0,0,3,1,6,1,47,8,5462,1,6,1,1
20141317K1159,1,9,0,2,0,0,0,0,0,0,2,1,6,1,35,6,1389,1,13,3,1
20141317K1159,2,1,0,18,0,0,2,4,0,0,1,1,6,1,21,5,-1,-1,-1,-1,-1
20141317K1374,1,9,0,18,0,1,0,0,7,1,1,1,6,1,36,7,1560,2,8,2,1
20141317K1374,2,9,0,9,0,8,0,0,0,0,1,1,6,1,70,10,998,1,13,-1,-1
20141317K1382,1,9,0,1,0,0,0,0,0,0,2,1,1,2,50,8,1389,1,10,4,1
20141317K1382,2,9,0,2,0,0,0,0,0,0,1,1,1,1,34,6,-1,-1,-1,6,1
20141317K1624,1,19,0,18,0,0,0,7,0,1,1,1,6,1,50,8,1870,2,9,7,1
20141317L0495,1,9,0,5,0,1,0,0,0,0,1,1,6,1,42,7,1396,1,10,-1,-1
20141317L0495,2,8,0,2,0,1,0,0,0,0,3,1,1,1,32,6,1968,2,4,5,1
20141317L0500,1,9,0,18,0,8,0,0,0,0,1,1,6,2,25,5,1598,1,7,-1,-1
20141317L0500,2,9,0,18,0,8,0,0,1,7,3,1,6,2,53,8,2902,2,10,8,1
20141317L0523,1,9,0,9,0,1,0,0,0,0,1,1,6,1,72,10,1200,1,-1,7,1
20141317L0672,1,9,0,3,0,1,0,0,0,0,2,1,6,1,65,9,1995,2,5,3,1
20141317L0672,2,9,0,18,0,1,0,0,0,0,1,1,6,3,-1,-1,4293,1,7,-1,-1
20141317L0698,1,9,0,7,0,4,0,0,0,0,4,1,1,1,25,5,1390,1,10,3,1
20141317L0698,2,9,0,18,0,4,0,0,0,0,3,1,6,3,-1,-1,-1,-1,-1,-1,-1
20141317L0712,1,1,0,18,0,0,0,0,0,0,0,1,6,1,18,4,-1,-1,-1,3,1
20141317L1112,1,9,0,9,0,6,0,0,0,0,1,1,6,1,62,9,1598,2,4,1,1
20141317L1112,2,9,0,18,0,1,0,0,0,0,1,1,6,1,39,7,1976,1,3,-1,-1
20141317L1210,1,9,0,9,0,8,0,0,0,0,3,1,6,2,22,5,1968,2,6,-1,-1
20141317L1210,2,3,0,18,0,8,1,0,0,0,1,1,6,1,19,4,125,1,4,3,1
20141317L1283,1,9,0,18,0,0,0,0,0,0,1,1,6,1,34,6,1248,2,4,7,1
20141317L1283,2,9,0,18,0,0,0,0,0,0,2,1,6,1,35,6,1997,2,9,6,1
20141317L1396,1,9,0,18,0,0,0,0,0,0,1,1,6,2,56,9,1398,2,7,-1,3
20141317L1557,1,9,0,10,0,1,0,0,0,0,2,1,6,1,37,7,1560,2,-1,3,1
20141317L1557,2,9,0,4,0,1,0,0,0,0,1,1,6,2,54,8,1398,1,2,9,1
20141317L1674,1,9,0,18,0,1,0,0,0,0,4,1,6,2,28,6,1360,1,10,2,1
20141317L1674,2,1,0,18,0,6,0,0,0,0,4,1,6,2,8,2,-1,-1,-1,1,1
20141317L1758,1,9,0,18,0,8,0,10,0,0,1,1,6,1,28,6,-1,-1,-1,8,1
20141317L1758,2,9,0,9,0,8,5,10,1,0,2,1,6,2,71,10,1329,1,-1,9,1
20141317L2115,1,9,0,18,0,0,0,0,0,0,2,1,6,2,32,6,1390,1,3,1,1
20141317L2115,2,19,0,18,0,0,0,0,0,0,1,1,6,3,-1,-1,-1,-1,-1,-1,-1
20141317M0260,1,9,0,7,0,3,0,0,0,0,4,1,6,1,57,9,1560,2,2,1,1
20141317M0260,2,9,0,5,0,4,0,0,0,0,3,1,6,2,47,8,1795,1,15,5,1