Accident_Index,Vehicle_Reference,Vehicle_Type,Towing_and_Articulation,Vehicle_Manoeuvre,Vehicle_Location-Restricted_Lane,Junction_Location,Skidding_and_Overturning,Hit_Object_in_Carriageway,Vehicle_Leaving_Carriageway,Hit_Object_off_Carriageway,1st_Point_of_Impact,Was_Vehicle_Left_Hand_Drive?,Journey_Purpose_of_Driver,Sex_of_Driver,Age_of_Driver,Age_Band_of_Driver,Engine_Capacity_(CC),Propulsion_Code,Age_of_Vehicle,Driver_IMD_Decile,Driver_Home_Area_Type
20141317M0294,1,8,0,9,0,2,0,0,0,0,3,1,6,1,45,7,1998,2,8,1,1
20141317M0294,2,1,0,18,0,1,5,0,0,0,1,1,6,1,26,6,-1,-1,-1,6,1
20141317M0316,1,9,0,18,0,8,0,0,0,0,1,1,2,2,57,9,1598,1,7,10,2
20141317M0316,2,9,0,18,0,8,0,0,0,0,1,1,2,2,29,6,1248,1,4,2,1
20141317M0551,1,1,0,18,0,0,0,0,0,0,1,1,6,1,70,10,-1,-1,-1,4,1
20141317M0740,1,9,0,18,0,0,0,0,0,0,1,1,6,2,51,8,1968,2,2,2,1
20141317M0740,2,9,0,4,0,0,0,0,0,0,2,1,6,2,43,7,1686,2,12,5,1
20141317M0740,3,9,0,4,0,0,0,0,0,0,2,1,6,1,24,5,1794,1,12,2,1
20141317M0899,1,8,0,18,0,0,0,0,0,0,4,1,6,2,69,10,1198,1,8,-1,-1
20141317M0970,1,11,0,4,0,0,0,0,0,0,0,1,1,1,54,8,9600,2,14,3,1
20141317M1200,1,9,0,9,0,8,0,0,0,0,1,1,6,2,36,7,1360,1,14,3,1
20141317M1200,2,1,0,18,0,8,0,0,0,0,1,1,2,1,23,5,-1,-1,-1,-1,-1
20141317M1316,1,9,0,9,0,8,0,0,0,0,4,1,6,2,52,8,1586,1,7,10,3
20141317M1316,2,1,0,18,0,8,0,0,0,0,1,1,6,2,30,6,-1,-1,-1,9,1
20141317M1434,1,9,0,10,0,0,0,0,0,0,2,1,6,2,46,8,1582,2,1,7,1
20141317M1434,2,9,0,18,0,0,1,0,1,0,1,1,6,1,28,6,1686,2,5,2,1
20141317M1434,3,9,0,18,0,0,0,0,2,0,1,1,6,1,27,6,1595,1,2,1,1
20141317M1931,1,9,0,9,0,0,0,0,0,0,1,1,6,1,-1,-1,1995,2,12,-1,-1
20141317M1931,2,9,0,18,0,0,0,0,0,0,1,1,6,2,63,9,1896,2,10,5,2
20141317M2032,1,9,0,18,0,8,0,0,0,0,1,1,6,1,83,11,998,1,10,6,1
20141317M2032,2,1,0,18,0,8,0,0,0,0,1,1,6,1,31,6,-1,-1,-1,10,2
20141317N0317,1,19,0,9,0,8,0,0,0,0,4,1,2,1,30,6,2402,2,10,1,1
20141317N0317,2,1,0,18,4,8,0,0,0,0,1,1,2,2,37,7,-1,-1,-1,9,1
20141317N0344,1,22,0,18,9,0,0,0,0,0,1,1,6,2,48,8,-1,-1,-1,-1,-1
20141317N0373,1,9,0,18,0,0,0,0,0,0,1,1,6,1,-1,-1,1595,1,11,7,1
20141317N0373,2,9,0,3,0,0,0,0,0,0,2,1,6,1,69,10,1686,2,1,2,1
20141317N0468,1,11,0,2,0,0,0,0,0,0,0,1,1,1,35,6,7300,2,10,1,1
20141317N0626,1,9,0,18,0,0,0,0,0,0,3,1,6,3,-1,-1,-1,-1,-1,-1,-1
20141317N0626,2,9,0,18,0,0,0,0,2,3,1,1,6,1,32,6,-1,-1,-1,8,1
20141317N0691,1,9,0,14,0,0,0,0,0,0,1,1,6,1,23,5,1248,2,4,6,1
20141317N0691,2,9,0,2,0,0,0,0,0,0,1,1,6,3,-1,-1,1598,1,13,-1,-1
20141317N0691,3,9,0,2,0,0,0,0,0,0,1,1,6,3,-1,-1,1896,2,10,-1,-1
20141317N0792,1,90,0,18,9,2,0,0,7,4,1,1,6,1,20,4,448,1,8,6,1
20141317N0824,1,9,0,18,0,0,0,0,0,0,1,1,2,1,19,4,1242,1,12,6,3
20141317N0824,2,9,0,18,0,0,0,0,0,0,2,1,6,1,47,8,2188,2,8,6,3
20141317N0824,3,8,0,18,0,0,0,0,0,0,0,1,1,1,-1,-1,1896,2,7,-1,-1
20141317N0976,1,11,0,18,0,0,0,0,0,0,1,1,1,1,45,7,7300,2,10,1,1
20141317N1086,1,9,0,18,0,0,0,0,0,0,4,1,2,1,34,6,1995,2,7,1,1
20141317N1179,1,9,0,6,0,2,0,0,0,0,2,1,6,1,56,9,1998,1,11,1,1
20141317N1179,2,5,0,18,0,2,5,0,0,0,1,1,6,1,43,7,998,1,5,4,3
20141317N1215,1,9,0,9,0,6,0,0,0,0,1,1,6,2,39,7,1199,1,11,2,1
20141317N1215,2,3,0,14,0,1,2,0,0,0,1,1,2,1,20,4,124,1,1,-1,1
20141317N1278,1,9,0,17,0,0,0,0,0,0,3,1,6,2,22,5,1798,1,7,10,1
20141317N1278,2,9,0,16,0,0,0,0,0,0,3,1,6,1,44,7,1248,2,9,10,1
20141317N1279,1,9,0,18,0,0,0,0,0,0,1,1,6,1,73,10,1998,2,1,9,1
20141317N1279,2,9,0,3,0,0,0,0,0,0,2,1,6,1,59,9,1120,2,2,10,2
20141317N1279,3,9,0,3,0,0,0,0,0,0,2,1,6,1,-1,-1,-1,-1,-1,-1,1
20141317N1316,1,9,0,18,0,3,0,0,0,0,4,2,2,1,49,8,1596,1,6,3,1
20141317N1316,2,1,0,18,0,4,0,0,0,0,1,1,6,1,30,6,-1,-1,-1,1,1
20141317N1394,1,9,0,6,0,0,0,0,0,0,3,1,6,2,24,5,954,1,14,7,1
20141317N1394,2,5,0,13,0,0,5,0,0,0,4,1,6,1,69,10,782,1,6,4,1
20141317N1544,1,9,0,18,0,0,0,7,0,0,1,1,6,2,70,10,1560,2,2,8,1
20141317N1645,1,9,0,18,0,0,0,0,0,0,4,1,6,3,-1,-1,1242,1,7,-1,-1
20141317N1645,2,9,0,2,0,0,0,0,0,0,3,1,6,3,-1,-1,-1,-1,-1,-1,-1
20141317N1645,3,9,0,18,0,0,0,0,0,0,4,1,6,2,23,5,-1,-1,-1,8,3
20141317N1755,1,9,0,18,0,8,0,0,0,0,1,1,6,2,23,5,2967,2,8,-1,-1
20141317N1755,2,9,0,9,0,5,0,0,0,0,4,1,6,1,47,8,1396,1,5,-1,1
20141317N1755,3,9,0,10,0,6,0,0,0,0,1,1,6,2,29,6,1200,1,2,7,1
20141317N1801,1,9,0,6,0,0,0,0,0,0,3,1,6,1,35,6,1995,2,2,6,1
20141317N1801,2,5,0,14,0,0,0,0,0,0,1,1,6,1,41,7,781,1,12,5,1
20141317O0301,1,9,0,7,0,8,0,0,0,0,1,1,6,1,61,9,-1,-1,-1,2,1
20141317O0301,2,1,0,18,0,8,0,0,1,0,3,1,1,3,-1,-1,-1,-1,-1,-1,-1
20141317O0387,1,11,0,2,6,0,0,0,0,0,0,1,1,1,60,9,7300,2,9,2,1
20141317O0447,1,9,0,4,0,1,0,0,0,0,1,1,6,1,64,9,1596,1,9,7,1
20141317O0447,2,9,0,4,0,1,0,0,0,0,2,1,1,2,20,4,1149,1,10,2,2
20141317O0529,1,9,0,18,0,1,0,0,0,0,1,1,6,1,37,7,1995,2,7,7,1
20141317O0529,2,9,0,7,0,1,0,0,0,0,2,1,6,2,25,5,1587,1,10,4,1
20141317O0529,3,9,0,8,0,1,0,0,0,0,3,1,6,2,82,11,1598,1,-1,9,1
20141317O0603,1,9,0,1,0,0,0,0,0,0,2,1,6,2,45,7,1390,1,11,3,1
20141317O0627,1,1,0,18,0,8,0,0,0,0,4,1,6,1,35,6,-1,-1,-1,6,3
20141317O0627,2,21,0,6,0,8,0,0,0,0,3,1,1,1,58,9,7698,2,-1,-1,-1
20141317O0898,1,11,0,2,0,1,0,0,0,0,4,1,1,1,66,10,7300,2,13,1,1
20141317O1143,1,9,0,11,0,1,0,0,0,0,0,1,6,1,40,7,1968,2,3,9,1
20141317O1143,2,9,0,18,0,1,0,0,0,0,2,1,6,2,31,6,1242,1,2,9,1
20141317O1143,3,9,0,18,0,1,0,0,0,0,2,1,6,2,39,7,2400,2,2,10,1
20141317O1155,1,11,0,18,0,1,0,0,0,0,0,1,1,1,31,6,9360,2,2,1,1
20141317O1214,1,9,0,17,0,1,0,0,0,0,1,1,6,1,47,8,1368,1,5,2,1
20141317O1219,1,9,0,18,0,8,0,0,0,0,1,1,6,3,-1,-1,-1,-1,-1,-1,-1
20141317O1219,2,9,0,9,0,8,0,0,0,0,2,1,6,1,31,6,996,1,-1,5,1
20141317O1233,1,9,0,18,0,0,0,0,0,0,1,1,6,1,21,5,1762,1,16,1,1
20141317O1233,2,9,0,2,0,0,0,0,0,0,2,1,6,3,-1,-1,1400,2,9,-1,-1
20141317O1233,3,9,0,5,0,0,0,0,0,0,1,1,6,1,62,9,1598,1,10,2,1
20141317O1333,1,9,0,18,0,0,0,0,0,0,2,1,6,1,53,8,1598,1,11,4,1
20141317O1333,2,21,1,18,0,0,0,0,0,0,1,1,1,1,43,7,12777,2,3,2,1
20141317O1361,1,9,0,9,0,5,0,0,0,0,4,1,6,1,29,6,1998,2,8,3,1
20141317O1361,2,1,0,18,0,8,5,0,0,0,1,1,6,2,29,6,-1,-1,-1,7,3
20141317O1463,1,9,0,4,0,0,0,0,0,0,1,1,6,1,32,6,1390,1,13,1,1
20141317O1463,2,9,0,4,0,0,0,0,0,0,2,1,6,2,33,6,1289,1,14,1,1
20141317O1463,3,9,0,4,0,0,0,0,0,0,2,1,6,2,54,8,1349,1,3,6,1
20141317O1976,1,9,0,17,0,0,0,0,0,0,1,1,6,1,45,7,2976,1,11,1,1
20141317O1976,2,9,0,2,0,0,0,0,0,0,2,1,6,1,66,10,1997,2,8,3,1
20141317O1976,3,9,0,2,0,0,0,0,0,0,2,1,6,2,48,8,1242,1,8,3,1
20141317O1976,4,9,0,2,6,0,0,0,0,0,2,1,6,1,36,7,1560,2,2,3,1
20141317P0611,1,9,0,18,0,1,0,0,0,0,1,1,6,2,85,11,1398,1,4,-1,-1
20141317P0611,2,22,0,18,0,1,0,0,0,0,3,1,6,2,81,11,-1,-1,-1,-1,-1
20141317P1166,1,9,0,9,0,5,0,0,0,0,4,1,6,1,42,7,2982,2,17,1,1
20141317P1166,2,1,0,18,0,8,0,0,0,0,3,1,2,1,30,6,-1,-1,-1,2,1
20141317P1223,1,9,0,18,0,0,0,0,0,0,1,1,6,1,94,11,1390,1,10,10,1
20141317P1223,2,9,0,4,0,0,0,0,0,0,2,1,6,2,73,10,1995,1,7,5,3
20141317P1286,1,9,0,9,0,6,0,0,0,0,3,1,2,1,50,8,1798,1,11,1,1
20141317P1286,2,1,0,18,0,8,0,0,0,0,1,1,6,1,39,7,-1,-1,-1,7,1
20141317P1301,1,9,0,18,0,0,0,0,0,0,1,1,6,1,32,6,1910,2,8,1,1
20141317P1492,1,8,0,5,0,0,0,0,0,0,0,1,1,1,44,7,1998,2,8,9,1
20141317P1668,1,9,0,18,0,0,1,0,0,0,1,1,6,2,23,5,1124,1,18,-1,-1
20141317P1668,2,9,0,18,0,0,0,0,0,0,2,1,6,1,18,4,1598,2,2,5,1
20141317P1668,3,9,0,18,0,0,1,0,0,0,0,1,6,2,60,9,1598,1,7,4,1
20141317P1807,1,9,0,1,0,0,0,0,0,0,2,1,6,2,61,9,1598,1,3,1,1
20141317P1864,1,9,0,9,0,6,0,0,0,0,1,1,6,1,32,6,1396,1,12,-1,-1
20141317P1864,2,9,0,9,0,8,0,0,0,0,1,1,6,2,22,5,1299,1,12,6,1
20141317Q0247,1,9,0,18,0,8,1,0,1,2,3,1,6,1,21,5,1796,1,11,8,1
20141317Q0268,1,3,0,18,0,4,5,10,0,0,1,1,6,2,29,6,124,1,5,4,1
20141317Q0379,1,9,0,18,0,0,0,0,0,0,0,1,6,1,27,6,1590,1,15,5,1
20141317Q0666,1,20,0,1,5,0,0,0,0,0,2,1,6,1,-1,-1,-1,-1,-1,-1,-1
20141317Q0682,1,9,0,17,0,0,0,0,0,0,1,1,6,1,29,6,1596,1,14,8,3
20141317Q0682,2,9,0,16,0,0,0,0,0,0,1,1,6,1,19,4,1149,1,13,7,2
20141317Q0852,1,9,0,4,0,0,0,0,0,0,1,1,6,1,60,9,2354,1,10,7,3
20141317Q0852,2,9,0,3,0,0,0,0,0,0,2,1,6,1,22,5,1390,1,8,2,1
20141317Q1186,1,9,0,18,0,0,0,0,0,0,4,1,6,2,32,6,1360,1,1,-1,1
20141317Q1282,1,9,0,6,0,0,0,0,0,0,1,1,6,1,43,7,1388,1,16,1,1
20141317Q1282,2,9,0,14,0,0,0,0,0,0,4,1,6,1,36,7,998,1,1,5,1
20141317Q1282,3,9,0,2,0,0,0,0,0,0,3,1,6,1,50,8,1995,2,4,1,1
20141317Q1304,1,9,0,15,0,0,0,0,0,0,3,1,6,2,33,6,2999,2,8,5,1
20141317Q1304,2,9,0,15,0,0,0,0,0,0,3,1,6,1,38,7,1995,2,2,3,1
20141317Q1304,3,19,0,2,9,0,0,0,0,0,3,1,6,1,40,7,2287,2,6,8,3
20141317Q1362,1,9,0,14,0,0,0,0,0,0,4,2,6,2,22,5,996,1,4,5,1
20141317Q1448,1,9,0,4,0,0,0,0,0,0,0,1,6,2,22,5,998,1,12,6,1
20141317Q1448,2,9,0,4,0,0,0,0,0,0,0,1,1,2,28,6,-1,-1,-1,7,1
20141317Q1448,3,19,0,4,0,0,0,0,0,0,2,1,6,1,51,8,1995,2,1,3,1
20141317Q1448,4,9,0,4,0,0,0,0,0,0,1,2,6,1,66,10,-1,-1,-1,-1,-1
20141317Q1454,1,9,0,9,0,8,0,0,4,0,1,1,6,1,33,6,-1,-1,-1,-1,1
20141317Q1454,2,9,0,18,0,8,0,0,1,10,1,1,6,1,30,6,1339,8,5,1,1
20141317R0034,1,9,0,18,0,1,0,0,0,0,4,1,2,1,59,9,1461,2,12,7,3
20141317R0117,1,9,0,17,0,0,1,10,7,4,1,1,6,1,22,5,1400,1,14,-1,-1
20141317R0120,1,9,0,18,0,2,0,0,0,0,1,1,6,1,50,8,1870,2,11,-1,-1
20141317R0594,1,9,0,18,0,8,0,0,0,0,4,1,6,3,-1,-1,-1,-1,-1,-1,-1
20141317R0681,1,9,0,5,6,0,0,0,0,0,0,1,6,2,25,5,1199,1,11,1,1
20141317R0788,1,9,4,18,0,1,0,0,0,0,4,1,6,1,36,7,2835,2,16,4,1
20141317R0788,2,16,0,18,0,6,0,0,0,0,1,1,6,2,58,9,-1,-1,-1,-1,-1
20141317R1068,1,1,0,18,0,1,2,0,0,0,0,1,6,1,41,7,-1,-1,-1,3,1
20141317R1068,2,9,0,9,0,1,0,0,0,0,0,1,6,1,63,9,1587,1,9,3,1
20141317R1269,1,9,0,18,0,0,1,0,2,11,4,1,6,2,-1,-1,-1,-1,-1,-1,-1
20141317R1269,2,9,0,18,0,0,0,0,0,0,3,1,6,2,56,9,1242,1,8,2,1
20141317R1334,1,9,0,18,0,0,0,0,0,0,1,1,6,2,-1,-1,-1,-1,-1,-1,-1
20141317R1334,2,1,0,18,0,0,0,0,0,0,1,1,6,1,8,2,-1,-1,-1,2,1
20141317R1388,1,9,0,18,0,0,0,0,0,0,1,1,6,1,33,6,1332,1,18,1,1
20141317R1441,1,9,0,18,0,8,0,0,0,0,1,1,6,1,54,8,1956,2,2,-1,1
20141317R1441,2,9,0,18,0,8,5,0,0,0,3,1,6,2,81,11,1388,1,6,5,1
20141317R1441,3,9,0,18,0,8,0,0,0,0,0,1,1,1,-1,-1,1248,2,1,-1,-1
20141317R1441,4,9,0,18,0,8,0,0,0,0,0,1,1,1,-1,-1,-1,-1,-1,-1,-1
20141317R1650,1,1,0,18,9,0,0,0,0,0,3,1,6,1,12,3,-1,-1,-1,2,1
20141317R1650,2,9,0,1,9,0,0,0,0,0,2,1,6,1,63,9,2477,2,8,4,1
20141317R1751,1,9,0,9,0,2,0,0,0,0,3,1,6,2,29,6,1998,1,8,1,1
20141317R1751,2,2,0,13,0,1,0,0,0,0,1,1,6,1,20,4,49,1,-1,1,1
20141317R1755,1,9,0,18,0,0,2,10,7,2,1,1,6,1,24,5,1149,1,10,2,1
20141317R1845,1,9,0,16,0,0,0,0,0,0,0,1,6,3,-1,-1,-1,-1,-1,-1,-1
20141317R1845,2,9,0,17,0,0,0,0,2,11,4,1,6,1,21,5,-1,-1,-1,5,2
20141317R1893,1,5,0,16,0,8,2,0,0,0,1,1,6,1,25,5,599,1,12,3,1
20141317R1893,2,9,0,9,0,8,0,0,0,0,3,1,6,1,37,7,1595,1,13,-1,-1
20141317S0084,1,9,0,18,0,0,1,0,1,11,3,1,6,1,26,6,1997,2,10,1,2
20141317S0286,1,19,0,18,0,8,0,0,0,0,3,1,2,1,29,6,2198,2,1,1,1
20141317S0286,2,9,0,18,0,1,0,0,0,0,1,1,2,1,43,7,1995,2,2,-1,-1
20141317S0307,1,9,0,9,0,6,0,0,0,0,3,1,2,2,52,8,1598,2,4,8,1
20141317S0307,2,3,0,18,0,8,0,0,0,0,1,1,2,1,22,5,124,1,4,2,1
20141317S0716,1,5,0,18,0,0,1,0,0,0,1,1,6,1,51,8,897,1,11,-1,1
20141317S0716,2,9,0,18,0,0,0,0,0,0,2,1,6,2,-1,-1,1997,2,7,9,1
20141317S0805,1,9,0,3,0,1,0,0,0,0,2,1,6,1,41,7,1598,1,14,5,1
20141317S0805,2,9,0,5,0,1,0,0,0,0,1,1,6,1,43,7,2171,1,12,5,1
20141317S0852,1,1,0,9,0,6,0,0,0,0,4,1,6,1,13,3,-1,-1,-1,10,1
20141317S0852,2,9,0,18,0,8,0,0,0,0,3,1,6,1,63,9,1968,2,-1,10,3
20141317S1176,1,9,0,18,0,0,0,0,0,0,1,1,6,2,45,7,1988,1,13,8,3
20141317S1176,2,9,0,18,0,0,0,0,0,0,2,1,1,1,47,8,1998,2,6,1,1
20141317S1283,1,9,0,7,0,6,0,0,0,0,1,1,6,1,67,10,2776,2,7,8,3
20141317S1283,2,9,0,18,0,8,0,0,0,0,1,1,6,1,43,7,2664,2,12,3,1
20141317S1537,1,9,0,18,0,0,0,0,1,0,1,1,6,1,36,7,1997,1,13,1,1
20141317S1537,2,9,0,18,0,0,0,0,1,2,1,1,6,1,48,8,1560,2,2,2,1
20141317S1537,3,9,0,2,0,0,0,0,0,0,2,1,6,2,-1,-1,-1,-1,-1,-1,-1
20141317S1671,1,1,0,18,0,6,0,0,0,0,1,1,6,1,11,3,-1,-1,-1,2,1
20141317S1671,2,9,0,18,0,2,0,0,0,0,0,1,6,2,23,5,1242,1,-1,2,1
20141317S1755,1,9,0,18,0,0,0,0,7,11,1,1,6,1,64,9,1461,2,8,1,1
20141317T0314,1,1,0,18,0,1,0,0,4,0,4,1,2,1,31,6,-1,-1,-1,3,1
20141317T0314,2,9,0,18,0,1,0,0,0,0,1,1,2,1,26,6,1997,1,11,3,1
20141317T0334,1,1,0,18,0,0,0,0,0,0,0,1,2,1,37,7,-1,-1,-1,3,1
20141317T0334,2,8,0,7,0,0,0,0,0,0,0,1,1,1,38,7,1998,2,6,2,1
20141317T0552,1,9,0,9,0,5,0,0,0,0,3,1,6,1,50,8,2148,2,9,1,1
20141317T0672,1,9,0,1,0,1,0,0,0,0,2,1,6,1,32,6,1910,2,9,3,1
20141317T0877,1,9,0,18,0,8,0,0,0,0,1,1,1,1,50,8,1995,2,4,1,1
20141317T0877,2,9,0,18,0,8,0,0,0,0,2,1,6,1,38,7,1461,2,9,4,1
20141317T1059,1,9,0,17,0,0,0,0,7,11,1,1,6,1,68,10,1598,2,1,6,1
20141317T1188,1,9,0,15,0,8,0,0,0,0,4,1,6,1,22,5,-1,-1,-1,1,1
20141317T1188,2,9,0,9,0,6,0,0,0,0,1,1,6,1,19,4,1590,1,11,4,1
20141317T1202,1,9,0,18,0,8,0,0,3,7,4,1,6,2,41,7,1364,1,7,1,1
20141317T1202,2,9,0,18,0,8,0,0,0,0,1,1,6,1,62,9,1108,1,7,1,1
20141317T1223,1,9,0,18,0,8,0,0,0,7,2,1,1,2,29,6,1360,1,3,9,1
20141317T1223,2,21,1,7,0,3,0,0,0,0,1,1,1,1,49,8,12130,2,10,6,2
20141317T1331,1,9,0,18,0,0,0,0,0,0,1,1,6,1,56,9,2993,2,4,4,1
20141317T1331,2,9,0,18,0,0,0,0,0,0,2,1,6,1,69,10,1364,1,7,9,1
20141317T1370,1,9,0,9,0,8,0,0,0,0,3,1,2,1,34,6,1598,2,1,10,1
20141317T1370,2,5,0,18,0,8,0,0,0,0,3,1,6,1,41,7,1000,1,7,9,1
20141317T1497,1,9,0,17,0,0,5,0,2,11,1,1,6,1,18,4,1596,1,14,-1,-1
20141317T1497,2,9,0,18,0,0,0,0,0,0,1,1,6,1,48,8,1995,2,3,8,1
20141317T1602,1,11,0,2,2,0,0,0,0,0,0,1,1,1,56,9,7300,2,13,-1,-1
20141317T1690,1,9,0,18,0,8,0,0,0,0,3,1,6,2,43,7,1248,1,2,5,1
20141317T1690,2,9,0,5,0,6,0,0,0,0,1,1,6,2,60,9,-1,-1,-1,-1,-1
20141317U0209,1,9,0,18,0,8,1,0,0,0,4,1,6,1,23,5,-1,-1,-1,-1,-1
20141317U0209,2,21,1,18,0,8,1,0,0,0,1,1,1,1,34,6,-1,-1,-1,8,2
20141317U0299,1,9,0,13,0,8,0,0,0,0,3,1,6,1,56,9,1598,1,16,-1,-1
20141317U0299,2,19,0,7,0,6,0,0,0,0,1,1,6,1,50,8,1870,2,13,7,2
20141317U0339,1,9,0,18,0,8,0,0,0,0,1,1,2,1,55,8,1896,2,11,6,2
20141317U0339,2,9,0,18,0,8,0,0,0,0,3,1,3,2,27,6,1360,1,5,1,1
20141317U0785,1,9,0,9,0,0,0,0,0,0,4,1,2,1,18,4,1390,1,-1,-1,1
20141317U0785,2,21,0,18,0,0,0,0,0,0,1,1,1,1,57,9,4461,2,6,2,1
20141317U0796,1,9,0,18,0,8,0,0,0,0,1,1,6,1,20,4,1968,2,9,-1,-1
20141317U0796,2,9,0,3,0,8,0,0,0,0,2,1,1,2,27,6,1598,1,6,-1,-1
20141317U0796,3,9,0,3,0,8,0,0,0,0,4,1,1,2,32,6,-1,-1,-1,-1,-1
20141317U0796,4,9,0,3,0,8,0,0,0,0,4,1,1,2,35,6,1248,1,4,-1,-1
20141317U0796,5,9,0,18,0,8,0,0,0,0,0,1,1,1,31,6,-1,-1,-1,-1,-1
20141317U1007,1,20,0,5,8,0,0,0,0,0,0,1,6,1,-1,-1,3920,2,12,-1,-1
20141317U1007,2,11,0,18,0,0,0,0,0,0,0,1,1,1,45,7,7300,2,10,2,1
20141317U1019,1,19,0,18,0,8,1,4,0,0,2,1,6,1,21,5,1896,2,8,-1,1
20141317U1019,2,9,0,9,0,6,0,0,0,0,2,1,6,1,21,5,1900,2,9,7,1
20141317U1019,3,19,0,2,0,1,0,0,0,0,4,1,6,2,52,8,-1,-1,-1,-1,-1
20141317U1024,1,9,0,1,0,0,0,0,0,0,2,1,6,2,60,9,1591,1,6,5,3
20141317U1105,1,9,0,15,0,8,0,0,0,0,1,1,1,1,26,6,3456,8,4,6,1
20141317U1105,2,9,0,9,0,5,0,0,0,0,2,1,6,1,19,4,1240,1,8,10,3
20141317U1245,1,9,0,18,0,0,0,0,0,0,3,1,6,1,23,5,1951,2,10,7,1
20141317U1402,1,3,0,18,0,0,0,0,1,0,1,1,6,1,17,4,124,1,-1,-1,-1
20141317U1402,2,9,0,18,0,0,0,0,0,0,4,1,6,2,60,9,1686,2,7,6,1
20141317U1422,1,1,0,18,0,4,5,0,0,0,1,1,6,1,46,8,-1,-1,-1,10,2
20141317U1422,2,2,0,18,0,4,1,0,0,0,2,1,6,1,-1,-1,-1,-1,-1,-1,-1
20141317U1575,1,9,0,5,0,8,0,0,0,0,4,1,1,2,55,8,1368,1,2,1,1
20141317U1575,2,3,0,18,0,8,0,0,0,0,1,1,6,1,17,4,123,1,25,3,1
20141317U1624,1,9,0,18,0,0,0,0,0,0,1,1,6,2,22,5,1398,1,3,6,1
20141317U1624,2,9,0,4,0,0,0,0,1,0,2,1,6,1,40,7,1399,2,6,2,1
20141317V0363,1,9,0,6,0,0,0,0,0,0,3,1,2,1,65,9,2435,1,10,-1,-1
20141317V0363,2,5,0,14,0,0,0,0,0,0,1,1,2,1,32,6,649,1,7,5,1
20141317V0368,1,9,0,9,0,5,0,0,0,0,4,1,6,1,85,11,1596,1,13,-1,-1
20141317V0368,2,1,0,18,0,1,0,0,0,0,1,1,6,1,41,7,-1,-1,-1,8,1
20141317V0436,1,9,0,14,0,1,0,0,0,0,4,1,2,2,50,8,1197,1,2,10,1
20141317V0681,1,9,0,18,0,2,0,0,0,0,1,1,6,1,32,6,2000,2,9,-1,-1
20141317V0681,2,9,0,18,0,2,0,0,0,0,3,1,6,2,26,6,1598,1,7,-1,-1
20141317V1027,1,9,0,7,0,6,0,0,0,0,3,1,6,1,43,7,1956,2,-1,4,1
20141317V1027,2,9,0,18,0,1,1,0,0,0,1,1,6,1,36,7,3168,1,7,4,1
20141317V1387,1,9,0,18,0,0,0,4,0,0,1,1,6,2,23,5,998,1,11,-1,1
20141317V1387,2,9,0,2,0,0,0,0,0,0,2,1,6,1,-1,-1,1461,2,10,-1,-1
20141317V1574,1,9,0,2,0,1,0,0,0,0,4,1,6,2,56,9,1497,8,-1,9,1
20141317V1574,2,1,0,18,0,1,0,0,0,0,1,1,6,1,14,3,-1,-1,-1,-1,-1
2014131810066,1,9,0,18,0,0,0,0,1,10,1,1,6,2,24,5,1997,2,9,3,1
2014131810351,1,9,0,18,0,1,0,0,0,0,0,1,6,2,42,7,1560,2,1,7,1
2014131810351,2,9,0,18,0,1,0,0,7,0,1,1,6,1,40,7,1496,2,-1,5,1
2014131810509,1,19,0,18,0,7,0,0,0,0,1,1,1,1,57,9,2143,2,2,2,1
2014131810509,2,19,0,3,0,7,0,0,0,0,2,1,1,1,25,5,2198,2,2,2,1
2014131810577,1,19,0,1,0,1,0,0,0,2,2,1,6,1,-1,-1,2198,2,-1,-1,-1
2014131810577,2,9,0,2,0,1,0,0,0,0,4,1,6,3,-1,-1,1598,1,5,-1,-1
2014131810824,1,9,0,18,0,0,0,0,0,0,1,1,6,3,-1,-1,1997,2,14,-1,-1
2014131810824,2,9,0,18,0,0,0,0,0,0,1,1,6,1,28,6,1896,2,10,2,1
2014131810824,3,9,0,18,0,0,0,0,0,0,1,1,6,1,35,6,1398,2,11,2,1
2014131811019,1,8,0,4,0,1,0,0,0,0,1,1,1,1,37,7,1910,2,9,1,1
2014131811019,2,9,0,4,0,1,0,0,0,0,2,1,6,2,25,5,1199,1,10,1,1
2014131811107,1,9,0,18,0,1,0,0,0,0,4,1,6,2,18,4,1299,1,12,4,1
2014131811107,2,9,0,5,0,1,0,0,0,0,1,1,6,2,66,10,1229,1,7,4,1
2014131811134,1,9,0,9,0,1,0,0,0,0,1,1,6,1,39,7,2967,2,4,1,1
2014131811134,2,9,0,17,0,1,0,0,0,0,1,1,6,1,24,5,1339,1,8,-1,-1
2014131811185,1,4,0,18,0,8,2,0,0,0,0,1,1,1,56,9,250,1,4,-1,-1
2014131811223,1,9,0,17,0,8,0,0,0,0,0,1,6,3,-1,-1,-1,-1,-1,-1,-1
2014131811223,2,9,0,17,0,8,0,0,0,0,2,1,2,2,23,5,1798,1,13,6,2
2014131811223,3,9,0,17,0,8,0,0,0,0,1,1,6,3,-1,-1,-1,-1,-1,-1,-1
2014131811255,1,9,0,2,0,1,0,0,0,0,2,1,6,1,41,7,1360,1,8,1,1
2014131811255,2,9,0,1,0,1,0,0,0,0,2,1,6,3,-1,-1,-1,-1,-1,-1,-1
2014131811321,1,9,0,17,0,0,1,0,0,0,3,1,6,2,27,6,1598,1,11,1,1
2014131811321,2,9,0,16,0,0,1,0,1,0,1,1,6,2,42,7,1560,2,4,6,3