Accident_Index,Vehicle_Reference,Vehicle_Type,Towing_and_Articulation,Vehicle_Manoeuvre,Vehicle_Location-Restricted_Lane,Junction_Location,Skidding_and_Overturning,Hit_Object_in_Carriageway,Vehicle_Leaving_Carriageway,Hit_Object_off_Carriageway,1st_Point_of_Impact,Was_Vehicle_Left_Hand_Drive?,Journey_Purpose_of_Driver,Sex_of_Driver,Age_of_Driver,Age_Band_of_Driver,Engine_Capacity_(CC),Propulsion_Code,Age_of_Vehicle,Driver_IMD_Decile,Driver_Home_Area_Type
2014131811386,1,22,0,18,9,1,0,0,0,0,3,1,6,2,57,9,-1,-1,-1,2,1
2014131811386,2,9,0,2,0,1,0,0,0,0,4,1,1,1,64,9,2987,2,6,8,1
2014131811395,1,5,4,18,0,0,5,0,0,0,3,1,6,1,58,9,892,1,19,2,1
2014131811400,1,9,0,18,0,8,0,0,0,0,1,1,2,1,60,9,2494,1,12,-1,-1
2014131811400,2,9,0,3,0,8,0,0,0,0,2,1,6,1,38,7,1686,2,14,-1,-1
2014131811446,1,9,0,18,0,0,0,0,7,3,1,1,6,2,29,6,1461,2,2,3,3
2014131811503,1,9,0,16,0,0,0,0,0,0,1,1,1,1,29,6,1332,1,15,1,1
2014131811503,2,9,0,17,0,0,0,0,0,0,1,1,6,1,-1,-1,-1,-1,-1,-1,-1
2014131811677,1,9,0,18,0,8,0,0,1,11,1,1,6,1,62,9,1461,2,3,7,1
2014131811677,2,9,0,9,0,8,0,0,1,11,4,1,6,1,18,4,1461,2,1,1,1
2014131811729,1,9,0,18,0,1,1,7,1,1,1,1,6,1,21,5,1198,1,11,8,1
2014131811797,1,9,0,18,0,0,1,0,7,0,3,1,6,2,28,6,1598,1,10,3,1
2014131811797,2,19,0,16,0,0,0,0,0,0,1,1,1,1,63,9,1399,2,4,9,1
2014131820086,1,3,0,18,0,0,2,0,0,0,1,1,6,1,22,5,125,1,1,4,1
2014131820086,2,9,0,2,0,0,0,0,0,0,2,1,6,2,29,6,1388,1,8,-1,-1
2014131820288,1,9,0,18,0,0,5,4,0,0,1,1,6,1,33,6,1108,1,5,6,1
2014131820288,2,9,0,2,0,0,0,0,0,0,3,1,6,2,-1,-1,1398,2,6,-1,-1
2014131820355,1,9,0,18,0,0,1,10,7,2,1,1,6,1,19,4,1598,1,9,1,1
2014131820398,1,9,0,18,0,0,1,0,7,4,4,1,1,1,27,6,1896,2,10,4,1
2014131820425,1,9,0,18,0,0,1,0,1,2,1,1,6,2,22,5,1360,1,12,5,1
2014131820538,1,11,0,5,2,0,0,0,0,0,0,1,1,1,32,6,7300,2,10,6,1
2014131820538,2,19,0,11,2,0,0,0,0,0,3,1,1,1,46,8,1560,2,4,2,1
2014131820573,1,9,0,18,0,0,0,0,0,0,1,1,1,2,19,4,1240,1,11,-1,-1
2014131820573,2,9,0,18,0,0,0,0,0,0,1,1,1,2,22,5,1242,1,12,-1,-1
2014131820620,1,9,0,18,0,8,0,0,0,0,4,1,6,2,44,7,998,1,13,7,2
2014131820620,2,9,0,9,0,6,0,0,0,0,1,1,6,2,39,7,1590,1,10,7,1
2014131820864,1,9,0,7,0,8,0,0,0,0,4,1,6,1,40,7,-1,-1,-1,-1,-1
2014131820864,2,1,0,18,0,1,0,0,0,0,1,1,6,1,50,8,-1,-1,-1,-1,-1
2014131820885,1,9,0,9,0,6,0,0,0,0,3,1,6,1,59,9,1796,7,13,3,1
2014131820885,2,9,0,18,0,8,0,0,0,0,1,1,6,2,54,8,1149,1,13,7,1
2014131820923,1,9,0,4,0,1,1,0,0,0,1,1,6,1,44,7,1956,2,3,10,1
2014131820923,2,9,0,4,0,1,0,0,0,0,2,1,6,2,19,4,998,1,6,10,1
2014131820923,3,9,0,4,0,1,0,0,0,0,2,1,6,1,44,7,1198,1,8,4,1
2014131820923,4,8,0,10,0,1,0,0,0,0,2,1,1,1,33,6,1995,2,8,1,1
2014131820960,1,5,0,18,0,0,2,0,0,0,3,1,6,1,44,7,749,1,24,6,1
2014131821019,1,9,0,17,0,1,0,0,0,7,1,1,6,1,37,7,1360,1,10,2,1
2014131821053,1,9,0,18,0,4,0,0,0,0,2,1,6,1,50,8,-1,-1,-1,3,1
2014131821053,2,9,0,18,0,4,0,0,0,0,1,1,6,1,73,10,698,1,11,1,1
2014131821126,1,9,0,3,0,0,0,0,0,0,2,1,6,2,34,6,-1,-1,-1,2,1
2014131821126,2,9,0,18,0,0,1,0,0,0,1,1,6,1,45,7,1242,1,13,3,2
2014131821126,3,90,0,18,0,0,0,0,0,0,0,1,1,1,39,7,-1,-1,-1,-1,-1
2014131821280,1,9,0,5,0,0,0,0,0,0,1,1,6,1,32,6,1796,1,18,7,3
2014131821280,2,9,0,18,0,0,0,0,0,0,1,1,6,1,20,4,1596,1,13,6,1
2014131821432,1,9,0,9,0,8,0,0,0,0,1,1,6,1,29,6,1398,1,13,1,1
2014131821432,2,9,0,18,0,8,0,0,0,0,1,1,6,2,41,7,1598,1,16,1,1
2014131821496,1,9,0,18,0,1,0,0,0,0,2,1,6,2,62,9,1396,1,3,4,1
2014131821496,2,9,0,18,0,1,0,0,0,0,2,1,6,1,20,4,1781,1,14,4,1
2014131821496,3,9,0,18,0,1,0,0,0,0,1,1,6,2,25,5,1397,1,4,3,3
2014131821498,1,9,0,18,0,0,0,0,0,0,4,1,6,3,-1,-1,-1,-1,-1,-1,-1
2014131821608,1,9,0,18,0,0,0,0,0,0,1,1,6,3,-1,-1,1997,1,10,-1,-1
2014131830367,1,1,0,18,0,0,0,0,1,0,0,1,1,1,20,4,-1,-1,-1,3,1
2014131830367,2,9,0,18,0,0,0,0,0,0,2,1,6,3,-1,-1,-1,-1,-1,-1,-1
2014131830932,1,9,0,18,0,0,0,0,0,0,4,1,6,1,45,7,1997,2,2,1,1
2014131831172,1,9,0,18,0,0,1,0,0,0,1,1,6,2,62,9,993,1,14,4,1
2014131831229,1,11,0,2,0,0,0,0,0,0,0,1,1,1,57,9,7300,2,1,7,2
2014131831229,2,1,0,13,0,0,0,0,0,0,2,1,6,1,51,8,-1,-1,-1,6,1
2014131831229,3,1,0,13,0,0,2,0,0,0,1,1,6,2,28,6,-1,-1,-1,-1,-1
2014131831265,1,3,0,18,0,0,0,0,0,0,4,1,6,1,23,5,124,1,3,4,1
2014131831369,1,9,0,18,0,0,0,0,7,4,1,1,6,2,40,7,1398,1,3,1,1
2014131840302,1,9,0,7,0,5,0,0,0,0,4,1,6,1,47,8,1360,1,11,-1,-1
2014131840302,2,1,0,18,0,1,0,0,0,0,1,1,2,2,32,6,-1,-1,-1,-1,-1
2014131840434,1,9,0,18,0,0,0,0,0,0,1,1,6,1,20,4,-1,-1,-1,3,1
2014131840434,2,9,0,9,0,0,0,0,0,0,3,1,6,1,25,5,-1,-1,-1,9,1
2014131840584,1,9,0,18,0,0,0,0,0,0,0,1,1,1,44,7,1796,1,14,-1,-1
2014131840798,1,21,1,12,0,0,3,0,4,0,1,1,1,1,59,9,10308,2,7,4,1
2014131840798,2,21,1,18,0,0,0,0,0,0,2,1,1,1,43,7,10518,2,8,-1,1
2014131840955,1,3,0,16,0,0,1,0,0,0,1,1,1,1,57,9,125,1,3,7,2
2014131840955,2,9,0,17,0,0,0,0,0,0,1,1,6,1,65,9,1595,1,4,9,1
2014131841236,1,9,0,5,0,1,0,0,0,0,2,1,6,2,36,7,1398,2,9,3,1
2014131841236,2,9,0,5,0,1,0,0,0,0,2,1,6,1,49,8,1399,2,5,3,1
2014131841236,3,9,0,5,0,1,0,0,0,0,1,1,6,1,25,5,1199,1,11,2,1
2014131841276,1,9,0,18,0,1,0,0,0,0,1,1,6,1,34,6,2993,2,10,3,1
2014131841276,2,9,0,18,0,1,0,0,0,0,2,1,6,2,49,8,2179,2,2,10,1
2014131841299,1,9,0,5,0,4,0,0,0,0,1,1,2,2,28,6,1229,1,4,1,1
2014131841299,2,5,0,18,0,3,0,0,0,0,4,1,2,1,51,8,1098,1,5,6,2
2014131850061,1,9,0,9,0,6,0,0,0,0,1,1,6,3,-1,-1,-1,-1,-1,-1,-1
2014131850061,2,9,0,18,0,8,0,0,0,0,4,1,6,1,32,6,1364,1,6,1,1
2014131850439,1,5,0,18,0,0,1,0,1,2,1,1,6,1,27,6,600,1,16,2,1
2014131850591,1,9,0,1,0,0,0,0,0,0,0,1,6,2,49,8,1242,1,12,3,2
2014131850701,1,9,0,18,0,1,0,0,0,0,1,1,6,1,69,10,1229,1,8,2,1
2014131850701,2,5,0,18,0,1,0,0,0,0,2,1,6,1,30,6,645,1,-1,5,1
2014131851106,1,9,0,4,9,0,0,0,0,0,1,1,6,1,35,6,1995,2,5,1,1
2014131851106,2,1,0,18,9,0,0,0,0,0,3,1,6,1,14,3,-1,-1,-1,2,1
2014131851416,1,8,0,6,8,0,0,0,0,0,3,1,1,1,45,7,2143,2,4,-1,-1
2014131851416,2,11,0,18,0,0,0,0,0,0,1,1,1,1,55,8,4250,2,8,-1,-1
2014131851539,1,9,0,18,0,0,0,0,1,7,4,1,6,1,29,6,1598,1,11,-1,1
2014131851578,1,9,0,18,0,1,0,0,0,0,1,1,6,3,-1,-1,2000,2,7,-1,-1
2014131851578,2,9,0,10,0,1,0,0,0,0,2,1,6,2,50,8,1998,1,11,5,1
2014131860189,1,19,0,18,0,0,0,5,0,0,1,1,1,1,30,6,2143,2,1,2,1
2014131860230,1,9,0,18,0,8,0,0,0,0,1,1,6,1,24,5,1900,2,14,1,1
2014131860230,2,9,0,18,0,1,0,0,0,0,0,1,1,1,31,6,1248,2,5,-1,-1
2014131860230,3,9,0,9,0,8,0,0,0,0,4,1,2,2,33,6,1995,2,3,5,1
2014131860496,1,9,0,18,0,6,0,0,0,0,3,1,1,2,30,6,1598,1,14,3,1
2014131860496,2,9,0,18,0,8,0,0,0,0,1,1,6,1,69,10,998,1,9,8,1
2014131860725,1,9,0,18,0,1,0,0,0,0,1,1,6,2,56,9,1679,1,15,1,1
2014131860725,2,9,0,18,0,8,0,0,0,0,4,1,6,2,67,10,1896,2,8,4,1
2014131860748,1,9,0,5,0,6,0,0,0,0,1,1,6,2,86,11,1995,1,11,9,1
2014131860748,2,9,0,18,0,8,0,0,0,0,3,1,6,1,52,8,2184,2,-1,7,1
2014131860849,1,9,0,9,0,1,0,0,0,0,1,1,6,3,-1,-1,1753,2,6,-1,-1
2014131860849,2,9,0,18,0,1,0,0,0,0,4,1,6,1,23,5,1968,2,3,5,1
2014131860849,3,9,0,18,0,1,0,0,0,0,0,1,1,1,-1,-1,1248,2,3,1,1
2014131860956,1,9,0,18,0,6,0,0,0,0,1,1,6,1,73,10,1560,2,3,1,1
2014131860956,2,4,0,18,0,8,0,0,0,0,4,1,6,1,73,10,299,1,-1,2,1
2014131860992,1,21,0,18,0,0,0,0,0,0,0,1,1,1,26,6,6693,2,1,-1,-1
2014131860992,2,98,0,18,0,0,0,0,0,0,3,1,6,3,-1,-1,-1,-1,-1,-1,-1
2014131861010,1,9,0,18,0,2,0,0,0,0,3,1,6,3,-1,-1,-1,-1,-1,-1,-1
2014131861010,2,9,0,18,0,2,0,0,0,0,3,1,6,2,28,6,-1,-1,-1,1,1
2014131861026,1,20,0,18,0,0,0,0,0,0,4,1,1,1,36,7,3920,2,9,5,1
2014131861026,2,9,0,2,0,0,0,0,0,0,4,1,1,1,52,8,1995,2,5,2,1
2014131861193,1,9,0,1,9,0,0,0,7,0,2,1,6,1,20,4,-1,-1,-1,-1,-1
2014131861223,1,9,0,18,0,1,0,0,0,0,4,1,6,3,-1,-1,-1,-1,-1,-1,-1
2014131861223,2,1,0,18,0,1,0,0,0,0,3,1,6,1,47,8,-1,-1,-1,1,1
2014131861255,1,9,0,18,0,0,0,0,0,0,2,1,1,1,45,7,1686,2,5,2,1
2014131861255,2,21,1,18,0,0,0,0,0,0,1,1,1,1,45,7,12777,2,3,-1,-1
2014131861285,1,9,0,9,0,6,0,0,0,0,1,1,6,1,32,6,2720,2,9,1,1
2014131861285,2,3,0,18,0,1,0,0,0,0,0,1,6,1,41,7,49,1,6,-1,1
2014131861351,1,9,0,9,0,1,0,0,0,0,3,1,6,3,-1,-1,1149,1,12,-1,-1
2014131861351,2,3,0,18,0,1,0,0,0,0,1,1,6,1,17,4,125,1,6,1,1
2014131861401,1,9,0,18,0,0,1,0,0,10,1,1,6,1,-1,-1,1994,1,16,-1,-1
2014131861401,2,9,0,18,0,0,0,0,0,0,1,1,2,1,35,6,-1,-1,-1,8,3
2014131861406,1,1,0,18,0,8,5,0,0,0,3,1,6,1,39,7,-1,-1,-1,8,1
2014131861406,2,9,0,18,0,8,0,0,0,0,1,1,6,1,26,6,2993,2,8,1,1
2014131861491,1,9,0,18,0,0,1,0,0,0,4,1,6,1,45,7,2495,2,19,4,1
2014131861623,1,9,0,3,0,8,0,0,0,0,4,1,6,1,21,5,998,1,12,1,1
2014131861623,2,9,0,5,0,8,0,0,0,0,1,1,6,2,22,5,1896,2,7,2,1
2014131861684,1,9,0,18,0,1,0,0,0,0,1,1,6,3,-1,-1,-1,-1,-1,-1,-1
2014131861684,2,1,0,18,0,1,0,0,0,0,4,1,6,1,14,3,-1,-1,-1,5,1
2014131870058,1,9,0,18,0,0,1,4,0,0,1,1,6,1,38,7,2198,7,12,7,1
2014131870058,2,9,0,2,0,0,0,0,0,0,1,1,6,3,-1,-1,1762,1,16,-1,-1
2014131870058,3,19,0,2,0,0,0,4,0,0,2,1,6,3,-1,-1,2461,2,10,-1,-1
2014131870058,4,9,0,2,0,0,0,0,0,0,1,1,6,3,-1,-1,1242,1,3,-1,-1
2014131870244,1,9,0,4,0,8,0,0,0,0,2,1,1,1,-1,-1,1248,2,3,-1,-1
2014131870357,1,9,0,9,0,5,0,0,0,0,4,2,2,1,39,7,-1,-1,-1,-1,-1
2014131870357,2,8,0,18,0,8,0,0,0,0,1,1,1,1,31,6,1797,8,4,2,1
2014131870380,1,9,0,7,0,6,0,0,0,0,1,1,6,1,59,9,1586,1,8,1,1
2014131870380,2,1,0,18,0,8,0,0,0,0,4,1,2,1,53,8,-1,-1,-1,1,1
2014131870389,1,9,0,18,0,8,0,0,0,0,1,1,6,1,33,6,1242,1,10,7,1
2014131870389,2,9,0,9,0,8,0,0,0,0,1,1,6,1,34,6,2477,2,12,3,1
2014131870432,1,9,0,2,0,0,0,0,0,0,3,1,6,2,30,6,2148,2,8,3,3
2014131870432,2,1,0,18,0,0,0,0,0,0,1,1,6,1,13,3,-1,-1,-1,-1,-1
2014131870460,1,9,0,18,0,1,0,0,0,0,1,1,6,1,59,9,1598,1,8,1,1
2014131870614,1,9,0,18,0,1,0,0,0,0,4,1,6,3,-1,-1,-1,-1,-1,-1,-1
2014131870989,1,9,0,9,0,1,0,0,0,0,1,1,6,1,69,10,1388,1,12,7,1
2014131870989,2,9,0,18,0,1,0,0,0,0,4,1,6,2,22,5,1390,1,-1,5,1
2014131871120,1,9,0,18,0,8,0,0,0,0,1,1,6,2,70,10,1242,1,2,2,1
2014131871144,1,11,0,18,0,0,0,0,0,0,0,1,1,1,46,8,7300,2,1,1,1
2014131871246,1,5,0,13,0,1,5,0,0,0,1,1,2,1,44,7,599,1,14,5,1
2014131871246,2,9,0,9,0,5,0,0,0,0,2,1,6,1,24,5,998,1,2,6,1
2014131871347,1,11,0,18,0,0,0,0,0,0,0,1,1,1,40,7,7300,2,14,3,1
2014131871446,1,1,0,18,0,0,0,0,0,0,1,1,6,1,7,2,-1,-1,-1,2,1
2014131871446,2,9,0,3,0,0,0,0,0,0,1,1,2,1,25,5,998,1,13,1,1
2014131871558,1,9,0,18,0,8,0,0,3,0,1,1,6,1,29,6,1896,2,10,7,1
2014131871558,2,9,0,18,0,6,0,0,7,10,4,1,6,2,32,6,1199,1,15,1,1
2014131880065,1,3,0,18,0,1,5,0,0,0,4,1,2,1,20,4,125,1,7,1,1
2014131880065,2,9,0,9,0,1,0,0,0,0,3,1,6,1,32,6,1598,1,7,2,1
2014131880170,1,8,0,9,0,5,0,0,0,0,0,1,1,1,42,7,1896,2,7,-1,-1
2014131880189,1,9,0,18,0,0,2,0,1,11,1,1,6,1,20,4,1798,1,12,1,1
2014131880327,1,9,0,3,0,0,0,0,0,0,2,1,6,1,25,5,1596,1,11,7,3
2014131880327,2,9,0,18,0,0,0,0,0,0,1,1,6,1,25,5,1199,1,12,8,2
2014131880510,1,1,0,18,0,1,2,0,0,0,1,1,6,1,16,4,-1,-1,-1,1,1
2014131881008,1,19,0,4,0,0,1,0,0,0,1,1,1,1,29,6,2496,2,16,1,1
2014131881008,2,9,0,3,0,0,0,0,0,0,2,1,6,1,45,7,1794,1,12,2,1
2014131881008,3,9,0,3,0,0,0,0,0,0,2,1,6,1,36,7,1796,1,10,1,1
2014131881051,1,9,0,18,0,1,0,0,0,0,3,1,6,1,-1,-1,-1,-1,-1,-1,-1
2014131881051,2,1,0,18,0,1,0,0,0,0,4,1,6,1,30,6,-1,-1,-1,1,1
2014131881180,1,9,0,9,0,5,0,0,0,0,1,1,6,1,36,7,3246,1,11,7,1
2014131881180,2,9,0,18,0,8,0,0,0,0,1,1,6,2,52,8,2204,2,7,6,1
2014131881198,1,9,0,9,0,8,0,0,0,0,3,1,6,1,21,5,1197,1,1,1,1
2014131881198,2,1,0,18,0,8,0,0,0,0,1,1,2,1,53,8,-1,-1,-1,8,1
2014131881251,1,9,0,18,0,0,0,0,0,0,1,1,6,1,20,4,-1,-1,-1,6,1
2014131881251,2,9,0,18,0,0,0,0,0,0,2,1,6,1,20,4,1753,2,12,1,1
2014131881271,1,9,0,18,0,1,0,0,0,0,1,1,6,1,60,9,1951,2,8,4,1
2014131881271,2,9,0,18,0,1,0,0,0,0,1,1,6,2,51,8,1329,1,5,5,1
2014131881271,3,9,0,18,0,1,0,0,0,0,0,1,6,1,-1,-1,-1,-1,-1,-1,-1
2014131881271,4,1,0,18,0,1,0,0,0,0,1,1,6,1,27,6,-1,-1,-1,2,1
2014131881318,1,9,0,17,0,0,2,0,2,4,1,1,6,2,23,5,1240,1,9,5,1
2014131881406,1,9,0,5,0,6,0,0,0,0,1,1,6,2,29,6,1686,2,9,2,1
2014131881406,2,9,0,18,0,1,0,0,0,0,4,1,6,1,70,10,1398,1,13,1,1
2014131881744,1,3,0,18,0,0,0,0,0,0,1,1,6,1,18,4,125,1,2,2,2
2014131881744,2,8,0,18,0,0,0,0,0,0,2,1,1,1,50,8,1896,2,6,3,1
2014131881771,1,9,0,9,0,1,0,0,0,0,1,1,6,1,21,5,1461,2,9,-1,-1
2014131881771,2,9,0,18,0,1,0,0,0,0,3,1,1,1,43,7,998,1,12,-1,-1
2014131881785,1,9,0,18,0,8,0,0,0,0,1,1,6,2,35,6,1598,1,11,2,1
2014131881785,2,9,0,7,0,8,0,0,0,0,2,1,6,1,44,7,1386,1,10,3,1
2014131881785,3,9,0,7,0,8,0,0,0,0,2,1,6,1,26,6,1229,1,8,3,1
2014131881805,1,9,0,18,0,0,5,0,0,0,1,1,6,1,54,8,-1,-1,-1,-1,-1
2014131881805,2,9,0,18,0,0,0,0,0,0,1,1,6,3,-1,-1,-1,-1,-1,-1,-1
2014131881889,1,9,0,9,0,5,0,0,0,0,4,1,1,1,52,8,1242,1,15,4,1
2014131881889,2,2,0,18,0,1,0,0,0,0,1,1,6,1,17,4,49,1,10,2,1
2014131890135,1,9,0,18,0,0,0,0,0,11,1,1,6,1,35,6,1248,2,8,2,1
2014131890399,1,9,0,18,0,0,0,0,1,0,1,1,6,3,-1,-1,1753,2,10,-1,-1
2014131890399,2,9,0,18,0,0,0,0,2,11,2,1,6,1,52,8,1999,1,11,2,1
2014131890403,1,9,0,17,0,0,0,0,2,11,1,1,6,1,19,4,1199,1,10,7,1
2014131890403,2,9,0,17,0,0,0,0,0,0,4,1,6,1,38,7,1968,2,3,9,3
2014131890689,1,9,0,18,0,0,5,0,1,11,1,1,6,1,47,8,1461,2,12,2,1
2014131890689,2,9,0,18,0,0,0,0,0,0,1,1,6,1,48,8,1124,1,15,2,1
2014131890689,3,9,0,18,0,0,0,0,0,0,1,1,6,1,58,9,1388,1,3,10,1
2014131890736,1,2,0,9,0,8,5,0,0,0,2,1,6,1,17,4,49,1,3,-1,-1
2014131890736,2,2,0,9,0,8,5,0,0,0,1,1,6,1,16,4,49,1,8,7,1
2014131890753,1,9,0,7,0,0,0,0,0,0,1,1,6,1,25,5,1995,2,9,2,1
2014131891003,1,9,0,18,0,0,5,0,0,1,4,1,6,1,45,7,1999,1,5,-1,-1
2014131891019,1,9,0,18,0,1,0,0,0,0,1,1,6,2,44,7,1388,1,7,2,1
2014131891019,2,9,0,9,0,1,0,0,0,0,4,1,6,1,-1,-1,1398,1,16,-1,-1
2014131891224,1,9,0,18,0,0,0,0,0,0,1,1,6,1,-1,-1,1461,2,5,-1,-1
2014131891224,2,9,0,4,0,0,0,0,0,0,1,1,6,2,34,6,1598,1,6,3,1
2014131891226,1,9,0,18,0,0,0,0,0,0,1,1,6,1,47,8,1956,2,-1,7,3
2014131891226,2,1,0,18,0,0,1,0,0,0,1,1,6,1,52,8,-1,-1,-1,9,3
2014131891263,1,9,0,2,0,0,0,0,0,0,4,1,6,2,28,6,1598,1,1,-1,1
2014131891263,2,1,0,18,0,0,0,0,0,0,1,1,6,1,49,8,-1,-1,-1,1,1
2014131891274,1,9,0,18,0,0,0,0,0,0,1,1,6,1,17,4,-1,-1,-1,-1,1
2014131891274,2,2,0,10,0,0,0,0,0,0,3,1,6,2,41,7,-1,-1,-1,10,1
2014131891344,1,9,0,18,0,1,0,0,0,0,1,1,1,2,21,5,1850,1,13,1,1
2014131891344,2,9,0,18,0,1,0,0,0,0,2,1,6,2,40,7,1994,1,14,5,1
2014131891517,1,9,0,9,0,8,0,0,0,0,2,1,6,1,-1,-1,1398,1,4,8,1
2014131891517,2,1,0,9,0,8,0,0,0,0,1,1,6,1,21,5,-1,-1,-1,7,1
2014131891530,1,9,0,18,0,0,0,0,0,0,1,1,6,2,22,5,1598,2,4,1,1
2014131891530,2,9,0,18,0,0,0,0,0,0,2,1,6,1,49,8,2967,2,6,6,1
2014131891581,1,11,0,4,0,0,0,0,0,0,0,1,1,1,54,8,-1,-1,-1,1,1
2014131891689,1,9,0,17,0,0,2,0,0,11,1,1,6,1,31,6,1968,2,10,6,3
2014131891719,1,9,0,9,0,6,0,0,0,0,1,1,6,1,21,5,1198,1,3,2,1
2014131891719,2,9,0,18,0,8,0,0,0,0,4,1,6,1,46,8,1399,2,11,1,1
2014131891917,1,3,0,18,0,8,2,0,0,0,1,1,6,1,46,8,125,1,2,5,1
2014131891917,2,8,0,9,0,5,0,0,0,0,2,1,1,1,33,6,1560,2,6,4,1
2014131891955,1,9,0,18,0,0,0,0,4,6,4,1,6,1,49,8,-1,-1,-1,6,3
2014131891955,2,9,0,18,0,0,0,0,0,0,3,1,6,1,47,8,1248,2,-1,4,1
2014131891955,3,9,0,18,0,0,0,0,0,0,1,1,6,1,24,5,1968,2,7,3,1
20141318A0407,1,2,0,9,0,8,0,0,0,0,3,1,2,2,26,6,-1,-1,-1,1,2
20141318A0665,1,9,0,12,0,8,0,0,0,0,0,1,6,1,45,7,1753,2,6,7,1
20141318A0665,2,9,0,18,0,8,0,0,5,10,1,1,6,2,41,7,2231,2,1,3,1
20141318A0719,1,9,0,2,0,0,0,0,0,0,1,1,6,2,-1,-1,1998,1,11,-1,-1
20141318A0719,2,9,0,1,0,0,0,0,0,0,2,1,6,1,30,6,2204,2,7,-1,-1
20141318A0742,1,3,0,18,0,1,2,0,0,0,3,1,6,1,30,6,124,1,14,3,1
20141318A0742,2,9,0,9,0,6,0,0,0,0,0,1,6,3,-1,-1,-1,-1,-1,-1,-1
20141318A0763,1,9,0,18,0,4,0,0,0,0,3,1,6,2,45,7,1598,1,11,3,1
20141318A0763,2,9,0,9,0,8,0,0,0,0,1,1,6,2,39,7,1461,2,2,4,1
20141318A0775,1,9,0,18,0,0,0,0,0,0,3,1,6,1,35,6,2179,2,4,6,1
20141318A0775,2,1,0,18,0,0,0,0,0,0,1,1,6,1,20,4,-1,-1,-1,-1,-1
20141318A0801,1,11,0,18,0,1,0,7,0,0,1,1,1,1,40,7,9360,2,5,1,1
20141318A0864,1,9,0,18,0,8,0,0,0,0,1,1,6,1,23,5,1753,2,9,1,1
20141318A0864,2,9,0,9,0,8,0,0,0,0,3,1,6,2,60,9,1796,1,16,1,1
20141318A0991,1,9,0,13,0,1,5,0,0,0,1,1,6,2,45,7,1461,2,1,1,2
20141318A0991,2,9,0,7,0,6,1,0,0,0,1,1,6,1,26,6,1796,1,11,3,2
20141318A0991,3,9,0,18,0,1,0,0,0,0,0,1,6,2,26,6,1242,1,1,7,1
20141318A1007,1,9,0,18,0,8,0,0,0,0,1,1,6,2,18,4,1598,2,-1,7,1
20141318A1007,2,9,0,9,0,5,0,0,0,0,2,1,6,1,30,6,1497,1,13,1,1
20141318A1234,1,9,0,18,0,0,5,0,0,0,0,1,6,1,28,6,1595,1,15,2,1
20141318A1256,1,9,0,13,0,0,0,0,0,0,1,1,6,3,-1,-1,-1,-1,-1,-1,-1
20141318A1256,2,9,0,9,0,0,0,0,0,0,3,1,6,2,22,5,1910,2,8,1,1
20141318A1260,1,9,0,18,0,0,0,0,0,0,1,1,6,1,18,4,2500,2,13,8,1
20141318A1260,2,9,0,18,0,0,0,0,0,0,2,1,6,1,60,9,1598,1,8,8,1
20141318A1273,1,9,0,16,0,0,1,0,1,1,1,1,6,1,24,5,998,1,15,3,1
20141318A1305,1,9,0,18,0,8,0,0,3,2,1,1,6,1,20,4,1397,1,14,1,1
20141318A1305,2,19,0,18,0,1,0,0,0,0,0,1,1,1,41,7,-1,-1,-1,6,1
20141318A1325,1,9,0,9,0,1,0,0,0,0,4,1,6,1,30,6,998,1,1,5,1
20141318A1325,2,9,0,18,0,1,1,0,0,0,1,1,6,1,52,8,998,1,15,9,1
20141318A1411,1,9,0,18,0,0,0,0,0,0,1,1,6,1,30,6,1896,2,7,1,1
20141318A1411,2,9,0,3,0,0,0,0,0,0,2,1,6,2,30,6,2000,2,10,3,1
20141318A1516,1,9,0,18,0,0,0,0,7,11,1,1,6,1,31,6,1896,2,7,-1,-1
20141318A1516,2,9,0,18,0,0,0,0,0,0,1,1,1,1,26,6,-1,-1,-1,1,1
20141318A1578,1,9,0,18,0,0,0,0,0,0,1,1,6,1,46,8,1598,1,12,4,1
20141318A1578,2,9,0,7,0,0,0,0,0,0,2,1,6,1,37,7,1700,2,15,4,1
20141318A1618,1,3,0,18,0,0,0,0,0,0,2,1,6,1,17,4,125,1,5,4,1
20141318A1643,1,11,0,9,0,8,0,0,0,0,1,1,1,1,44,7,6374,2,4,1,1
20141318B0242,1,9,0,18,0,0,1,0,0,0,1,1,2,1,34,6,1896,2,6,8,1
20141318B0242,2,9,0,4,0,0,0,0,0,0,2,1,1,1,26,6,1560,2,1,6,1
20141318B0242,3,9,0,4,0,0,0,0,0,0,2,1,2,2,48,8,1968,2,5,-1,1
20141318B0642,1,9,0,18,0,0,0,0,0,0,1,1,6,1,86,11,1339,1,1,6,1
20141318B0642,2,9,0,2,0,0,0,0,0,0,2,1,6,2,52,8,-1,-1,-1,2,1
20141318B0651,1,9,0,1,0,1,0,0,0,0,0,1,6,1,56,9,1796,1,9,9,1
20141318B0766,1,9,0,4,0,0,0,0,0,0,2,1,6,1,53,8,1590,1,9,2,1
20141318B0766,2,9,0,4,0,0,0,0,0,0,1,1,6,2,54,8,1896,2,6,6,3