Accident_Index,Vehicle_Reference,Vehicle_Type,Towing_and_Articulation,Vehicle_Manoeuvre,Vehicle_Location-Restricted_Lane,Junction_Location,Skidding_and_Overturning,Hit_Object_in_Carriageway,Vehicle_Leaving_Carriageway,Hit_Object_off_Carriageway,1st_Point_of_Impact,Was_Vehicle_Left_Hand_Drive?,Journey_Purpose_of_Driver,Sex_of_Driver,Age_of_Driver,Age_Band_of_Driver,Engine_Capacity_(CC),Propulsion_Code,Age_of_Vehicle,Driver_IMD_Decile,Driver_Home_Area_Type
20141318B0850,1,9,0,18,0,0,0,0,0,0,1,1,1,1,61,9,1560,2,-1,4,1
20141318B0891,1,9,0,12,0,7,0,0,0,0,1,1,2,1,27,6,1968,2,3,2,2
20141318B0891,2,9,0,18,0,2,0,0,0,0,2,1,2,1,54,8,2401,2,11,10,1
20141318B0916,1,9,0,18,0,1,0,0,0,0,4,1,6,1,55,8,1360,1,8,4,1
20141318B0916,2,1,0,18,0,1,0,0,0,0,1,1,6,1,15,3,-1,-1,-1,3,1
20141318B1000,1,9,0,9,0,1,0,0,0,0,1,1,2,1,38,7,1360,1,6,4,2
20141318B1000,2,5,0,14,0,1,0,0,0,0,1,1,2,1,41,7,805,1,8,3,1
20141318B1161,1,9,0,5,0,0,0,0,0,0,0,1,6,1,48,8,1968,2,7,3,1
20141318B1161,2,3,0,18,0,0,2,0,0,0,0,1,6,1,33,6,124,1,7,3,1
20141318B1248,1,1,0,17,0,0,0,0,1,10,1,1,6,1,42,7,-1,-1,-1,6,1
20141318B1631,1,2,0,18,0,0,0,0,0,0,0,1,6,1,60,9,50,1,6,1,1
20141318C0066,1,9,0,9,0,1,0,7,3,1,1,1,6,2,31,6,2967,2,2,6,1
20141318C0217,1,9,0,9,0,6,0,0,0,0,3,1,1,2,41,7,998,1,3,4,2
20141318C0217,2,9,0,17,0,1,0,0,0,0,1,1,1,1,46,8,3378,1,16,6,1
20141318C0253,1,9,0,13,0,0,0,0,0,0,3,1,2,1,32,6,1896,2,6,1,1
20141318C0253,2,5,0,13,0,0,0,0,7,9,4,1,2,1,49,8,781,1,16,3,2
20141318C0406,1,9,0,7,0,6,0,0,0,0,1,1,6,1,36,7,1870,2,10,4,1
20141318C0406,2,9,0,8,0,6,0,0,0,0,2,1,6,2,41,7,1598,1,16,2,1
20141318C0506,1,9,0,18,9,0,0,10,1,0,4,1,6,1,25,5,1198,1,9,5,1
20141318C0874,1,9,0,13,0,1,0,0,7,0,4,1,6,1,18,4,1968,2,9,1,1
20141318C0874,2,9,0,9,0,8,0,0,0,0,3,1,6,2,33,6,1995,2,8,5,1
20141318C0922,1,11,0,2,0,1,0,0,0,0,0,1,1,1,51,8,4250,2,14,7,1
20141318C0980,1,9,0,18,0,8,0,0,0,0,2,1,6,2,48,8,1598,1,6,1,1
20141318C0980,2,9,0,18,0,8,0,0,0,0,1,1,6,1,74,10,1397,1,12,6,2
20141318C0980,3,9,0,7,0,8,0,0,0,0,0,1,6,1,-1,-1,2987,2,9,-1,-1
20141318C1043,1,8,0,1,0,0,0,0,0,0,2,1,1,1,53,8,1796,1,6,1,1
20141318C1154,1,11,0,4,0,1,0,0,0,0,1,1,1,1,50,8,5480,2,14,5,1
20141318C1154,2,11,0,3,0,1,0,0,0,0,2,1,1,1,53,8,7300,2,13,8,3
20141318C1166,1,9,0,3,0,6,0,0,0,0,3,1,6,1,20,4,1896,2,9,-1,-1
20141318C1166,2,1,0,18,0,1,0,0,0,0,1,1,6,1,43,7,-1,-1,-1,-1,-1
20141318C1169,1,1,0,18,0,8,5,0,0,0,1,1,6,1,8,2,-1,-1,-1,4,1
20141318C1169,2,9,0,18,0,8,0,0,0,0,4,1,6,1,32,6,1296,1,8,4,1
20141318C1203,1,9,0,18,0,0,0,0,1,4,1,1,6,1,65,9,1998,1,7,2,1
20141318C1357,1,1,0,18,0,4,5,0,0,0,2,1,2,2,25,5,-1,-1,-1,-1,-1
20141318C1357,2,9,0,18,0,8,0,0,0,0,1,1,2,1,-1,-1,1896,2,15,-1,-1
20141318C1535,1,9,0,18,0,8,0,0,0,0,1,1,6,1,21,5,1984,1,13,-1,-1
20141318C1535,2,9,0,18,0,8,0,0,0,0,1,1,1,1,25,5,998,1,4,3,1
20141318C1569,1,9,0,7,0,5,0,0,0,0,2,1,1,1,26,6,1598,2,3,2,1
20141318C1569,2,9,0,18,0,8,0,0,0,0,1,1,6,3,-1,-1,-1,-1,-1,-1,-1
20141318D0216,1,9,0,3,0,3,0,0,0,0,2,1,1,2,45,7,1560,2,5,4,1
20141318D0216,2,19,0,4,0,3,0,0,0,0,1,1,1,1,61,9,1560,2,6,3,1
20141318D0345,1,11,0,18,0,0,0,0,0,0,0,1,1,1,58,9,6692,2,2,-1,-1
20141318D0368,1,9,0,18,0,8,0,0,0,0,1,1,6,2,74,10,1360,1,14,5,1
20141318D0368,2,9,0,9,0,6,0,0,0,0,3,1,6,2,42,7,1796,1,10,5,2
20141318D0570,1,9,0,5,0,8,0,0,0,0,1,1,6,1,62,9,1798,1,10,4,1
20141318D0570,2,9,0,18,0,8,0,0,0,0,3,1,6,1,26,6,1461,2,11,10,1
20141318D0726,1,8,0,10,0,8,0,0,0,0,1,1,1,1,41,7,1995,2,7,3,1
20141318D0726,2,2,0,14,0,8,0,0,0,0,4,1,6,1,16,4,49,1,2,7,1
20141318D0726,3,9,0,3,0,8,0,0,0,0,0,1,6,3,-1,-1,-1,-1,-1,-1,-1
20141318D0762,1,9,0,5,0,1,0,0,0,0,1,1,6,1,75,10,2199,2,2,9,3
20141318D0762,2,9,0,18,0,1,0,0,0,0,1,2,6,1,67,10,-1,-1,-1,-1,-1
20141318D0932,1,9,0,18,0,8,0,0,0,0,1,1,6,2,51,8,1679,1,13,4,1
20141318D0932,2,9,0,3,0,8,0,0,0,0,2,1,6,2,44,7,1560,2,9,6,3
20141318D0985,1,21,4,17,0,0,0,11,0,0,1,1,1,1,68,10,12900,2,2,5,1
20141318D0991,1,9,0,9,0,5,0,0,0,0,1,1,6,1,81,11,1560,2,4,9,1
20141318D0991,2,9,0,18,0,8,5,0,1,0,1,1,6,2,77,11,1360,1,15,10,1
20141318D1101,1,9,0,4,0,1,0,0,0,0,1,1,6,2,34,6,1995,2,12,1,1
20141318D1101,2,9,0,3,0,1,0,0,0,0,2,1,2,1,35,6,1995,2,4,4,1
20141318D1263,1,9,0,18,0,0,2,0,6,1,1,1,6,1,22,5,2792,1,6,4,1
20141318D1263,2,9,0,13,0,0,1,0,1,11,2,1,6,1,37,7,1388,1,6,5,1
20141318D1263,3,9,0,18,0,0,0,0,0,0,2,1,6,2,60,9,2993,2,-1,7,1
20141318D1312,1,9,0,16,0,5,1,0,0,0,1,1,6,1,22,5,1968,2,6,1,1
20141318D1312,2,9,0,17,0,1,0,0,0,0,1,1,6,2,40,7,2184,2,4,9,3
20141318D1330,1,9,0,5,0,1,0,0,0,0,2,1,6,1,51,8,1242,1,8,8,1
20141318D1330,2,3,0,18,0,1,1,0,0,0,1,1,6,1,18,4,124,1,12,4,1
20141318D1407,1,9,0,7,0,5,0,0,0,0,4,1,2,2,25,5,1229,1,2,8,1
20141318D1407,2,1,0,15,4,1,0,0,0,0,1,1,6,1,35,6,-1,-1,-1,9,3
20141318D1478,1,9,0,9,0,5,0,0,0,0,4,1,6,1,60,9,1685,2,3,-1,-1
20141318D1478,2,5,0,18,0,8,0,0,0,0,1,1,6,1,22,5,649,1,-1,10,1
20141318E0343,1,8,0,6,0,0,0,0,0,0,1,1,1,1,54,8,1968,2,5,3,1
20141318E0464,1,9,0,18,0,0,0,0,0,0,1,1,6,1,92,11,1951,2,10,-1,-1
20141318E0464,2,9,0,2,0,0,0,0,0,0,2,1,6,2,-1,-1,1242,1,5,-1,-1
20141318E0481,1,9,0,18,0,1,0,0,0,0,2,1,6,1,42,7,1242,1,14,2,1
20141318E0481,2,9,0,18,0,1,0,0,0,0,1,1,6,2,44,7,898,1,-1,4,1
20141318E0481,3,9,0,18,0,1,0,0,0,0,1,1,6,2,40,7,1598,1,4,2,1
20141318E0798,1,90,0,18,9,0,0,0,0,0,1,1,6,1,17,4,-1,-1,-1,-1,-1
20141318E0991,1,9,0,18,0,8,0,0,0,0,1,1,6,2,23,5,1390,1,5,2,1
20141318E0991,2,9,0,18,0,8,0,0,0,7,1,1,6,1,22,5,1597,1,15,3,1
20141318E1342,1,9,0,18,0,8,0,0,0,0,1,1,2,1,43,7,1988,1,14,-1,-1
20141318E1342,2,9,0,10,0,8,0,0,0,0,2,1,6,1,25,5,2993,2,11,-1,-1
20141318E1354,1,9,0,18,0,0,1,0,8,2,4,1,6,1,32,6,2979,1,12,10,1
20141318E1354,2,19,0,18,0,0,0,0,0,0,4,1,2,1,60,9,2143,2,2,10,1
20141318E1706,1,9,0,18,0,6,0,0,0,0,1,1,6,2,26,6,1598,1,12,2,1
20141318E1706,2,9,0,18,0,1,0,0,0,0,4,1,6,1,30,6,998,1,2,7,1
20141318F0326,1,5,0,18,0,1,0,0,0,0,1,1,6,1,46,8,599,1,3,5,1
20141318F0326,2,9,0,9,0,2,0,0,0,0,4,1,6,2,23,5,1329,1,3,6,1
20141318F0516,1,9,0,18,0,1,0,0,7,5,1,1,6,1,17,4,1199,1,10,10,1
20141318F0516,2,9,0,5,0,6,0,0,0,0,1,1,6,1,45,7,1398,2,11,3,1
20141318F0617,1,9,0,7,0,6,0,0,0,0,3,1,1,1,74,10,1753,2,7,1,1
20141318F0617,2,21,0,18,0,1,0,0,0,0,1,1,1,1,22,5,7684,2,3,8,1
20141318F0617,3,19,0,2,0,2,0,0,0,0,2,1,1,3,-1,-1,2148,2,7,-1,-1
20141318F0772,1,9,0,18,0,0,0,0,0,0,1,1,6,1,35,6,1796,1,7,1,1
20141318F0872,1,9,0,18,0,1,0,0,0,0,1,1,6,1,35,6,1794,1,12,4,1
20141318F0872,2,9,0,9,0,1,0,0,0,0,1,1,6,2,35,6,1598,1,2,4,1
20141318F0907,1,9,0,1,0,0,0,0,0,0,2,1,6,1,54,8,2204,2,6,5,1
20141318F0936,1,9,0,9,0,8,0,0,0,0,1,1,6,2,46,8,1149,1,8,2,1
20141318F0936,2,2,0,18,0,1,0,0,0,0,1,1,6,1,16,4,49,1,11,2,1
20141318F0978,1,9,0,18,0,8,0,0,0,0,1,1,6,1,24,5,1999,1,2,8,1
20141318F0978,2,9,0,18,0,8,0,0,0,0,4,1,6,2,53,8,1461,2,4,3,1
20141318F1037,1,9,0,18,0,0,0,0,0,0,1,1,6,1,44,7,1997,2,3,10,1
20141318F1037,2,9,0,18,0,0,0,0,0,0,2,1,6,1,38,7,1956,2,-1,-1,-1
20141318F1730,1,2,0,18,0,4,2,9,3,0,1,1,6,1,27,6,-1,-1,-1,2,1
20141318G0177,1,9,0,16,0,8,1,9,0,10,1,1,6,1,20,4,3246,1,12,3,1
20141318G0468,1,9,0,12,0,0,2,7,5,0,3,1,6,1,33,6,1998,2,6,1,1
20141318G0468,2,9,0,18,0,0,0,0,0,0,4,1,6,1,-1,-1,1595,1,3,-1,-1
20141318G0562,1,3,0,17,0,0,2,0,0,0,1,1,6,1,25,5,124,1,8,1,1
20141318G0562,2,19,0,16,0,0,0,0,0,0,1,1,1,1,17,4,1753,2,6,6,1
20141318G0660,1,11,0,18,0,0,0,0,0,0,0,1,1,1,45,7,6692,2,2,-1,-1
20141318G0782,1,9,0,9,0,6,1,0,0,0,3,1,6,1,29,6,1388,1,12,6,1
20141318G0782,2,19,0,18,0,8,1,0,0,0,1,1,6,1,48,8,1598,2,6,7,3
20141318G0782,3,9,0,2,0,8,0,0,0,0,3,1,6,2,-1,-1,1998,1,14,-1,-1
20141318G1238,1,9,0,18,0,0,0,0,0,0,0,1,6,2,49,8,1497,1,13,8,1
20141318G1238,2,9,0,18,0,0,0,0,0,0,1,1,6,1,23,5,1368,1,7,2,1
20141318G1372,1,3,0,18,0,8,0,0,0,0,1,1,6,1,20,4,-1,-1,-1,3,1
20141318G1372,2,9,0,18,0,8,0,0,0,0,3,1,1,1,44,7,1686,2,6,9,2
20141318G1385,1,9,0,18,0,1,0,0,0,0,3,1,6,1,31,6,2996,1,9,1,1
20141318G1706,1,9,0,18,0,8,0,0,0,0,4,1,6,1,22,5,1332,1,8,3,1
20141318G1706,2,8,0,9,0,5,0,0,0,0,1,1,1,1,49,8,1598,2,1,-1,1
20141318H0233,1,9,0,17,0,0,1,0,1,4,3,1,6,1,27,6,2793,1,15,3,3
20141318H0657,1,9,0,18,0,3,0,0,0,0,0,1,6,1,53,8,1398,1,3,10,1
20141318H0657,2,9,0,18,0,3,0,0,0,0,1,1,6,2,29,6,1360,1,11,2,1
20141318H0657,3,9,0,2,0,2,0,0,0,0,0,1,6,3,-1,-1,1499,2,1,-1,-1
20141318H0657,4,9,0,2,0,2,0,0,0,0,0,1,6,3,-1,-1,-1,-1,-1,-1,-1
20141318H0677,1,9,0,18,0,1,0,0,0,0,1,1,1,1,46,8,1597,1,7,4,1
20141318H0677,2,1,0,18,0,1,0,0,0,0,4,1,6,1,82,11,-1,-1,-1,3,1
20141318H0726,1,9,0,18,0,0,0,0,0,0,2,1,6,1,30,6,1686,2,7,1,1
20141318H0726,2,9,0,18,0,0,0,0,0,0,2,1,6,1,28,6,1598,1,13,4,1
20141318H0726,3,9,0,18,0,0,0,0,0,0,1,1,6,2,44,7,1910,2,8,-1,1
20141318H0852,1,5,0,18,0,8,0,0,0,0,1,1,6,1,31,6,1157,1,16,1,1
20141318H0852,2,9,0,9,0,8,0,0,0,0,4,1,6,1,20,4,1149,1,4,1,1
20141318H0931,1,9,0,3,0,0,0,0,0,0,3,1,6,2,52,8,1599,1,9,-1,1
20141318H0931,2,9,0,18,0,0,0,0,0,0,4,1,6,1,54,8,1560,2,1,7,1
20141318H0978,1,9,0,18,0,0,0,10,1,1,1,1,6,2,33,6,1360,1,13,1,1
20141318H1059,1,9,0,5,0,6,0,0,0,0,1,1,6,1,19,4,1461,2,5,1,1
20141318H1059,2,90,0,18,0,8,0,0,0,0,4,1,6,1,51,8,850,1,33,2,1
20141318H1086,1,3,0,18,0,8,5,0,0,0,1,1,6,1,41,7,125,1,7,-1,-1
20141318H1086,2,9,0,9,0,5,0,0,0,0,1,1,6,1,20,4,1968,2,4,-1,-1
20141318H1087,1,9,0,2,0,0,0,0,0,0,2,1,6,1,18,4,998,1,9,7,1
20141318H1087,2,9,0,18,0,0,0,0,0,0,1,1,6,2,43,7,1398,1,11,1,1
20141318H1230,1,9,0,9,0,1,0,0,0,0,3,1,2,1,26,6,1753,2,10,1,1
20141318H1230,2,9,0,7,0,1,0,0,0,0,1,1,6,2,51,8,1796,1,13,3,1
20141318H1686,1,9,0,18,0,0,0,4,0,0,1,1,6,1,17,4,1298,1,18,6,3
20141318H1686,2,9,0,2,0,0,0,4,0,0,1,1,6,3,-1,-1,973,1,12,-1,-1
20141318H1686,3,9,0,2,0,0,0,4,0,0,1,1,6,3,-1,-1,1870,2,10,-1,-1
20141318H1686,4,9,0,2,0,0,0,4,0,0,1,1,6,3,-1,-1,2926,2,14,-1,-1
20141318I0235,1,9,0,18,0,1,0,0,0,0,1,1,2,1,39,7,1995,2,4,2,1
20141318I0235,2,9,0,4,0,2,0,0,0,0,1,1,2,1,18,4,1598,1,8,10,2
20141318I0562,1,9,0,9,0,5,0,0,0,0,1,1,6,1,65,9,1968,2,1,1,1
20141318I0608,1,9,0,18,0,0,0,0,0,6,3,1,6,2,25,5,1560,2,4,8,3
20141318I0911,1,11,0,2,0,0,0,0,0,0,0,1,1,1,20,4,4461,2,-1,2,1
20141318I0918,1,9,0,16,0,0,0,0,0,0,0,1,6,3,-1,-1,-1,-1,-1,-1,-1
20141318I0918,2,2,0,16,0,0,0,0,1,0,4,1,6,2,24,5,49,1,3,1,2
20141318I0955,1,3,0,18,0,8,0,0,0,0,1,1,6,1,18,4,125,1,1,5,2
20141318I0955,2,9,0,9,0,8,0,0,0,0,2,1,6,1,18,4,1198,1,4,5,2
20141318I1000,1,9,0,18,0,6,0,0,3,0,3,2,6,1,35,6,1587,1,10,-1,-1
20141318I1000,2,9,0,18,0,8,0,0,0,0,1,2,6,1,63,9,1560,2,1,8,3
20141318I1184,1,9,0,18,0,0,2,0,0,0,3,1,1,2,27,6,-1,-1,-1,-1,-1
20141318I1246,1,9,0,9,0,1,0,0,0,0,4,1,6,2,45,7,1596,1,13,2,1
20141318I1246,2,1,0,18,0,1,0,0,0,0,1,1,6,1,49,8,-1,-1,-1,5,1
20141318I1267,1,9,0,6,0,0,0,0,0,0,3,1,6,1,22,5,1995,2,10,-1,-1
20141318I1267,2,5,0,18,0,0,0,0,0,0,1,1,6,1,36,7,1074,1,32,7,1
20141318I1569,1,9,0,17,0,0,1,0,0,11,1,1,6,1,46,8,1988,1,12,7,1
20141318J0020,1,9,0,18,0,8,0,0,0,0,1,1,2,1,27,6,973,1,12,4,1
20141318J0020,2,9,0,18,0,8,0,0,0,0,3,1,6,1,21,5,1398,1,9,3,1
20141318J0221,1,9,0,5,0,6,0,0,0,0,1,1,2,1,41,7,1248,2,9,8,3
20141318J0221,2,9,0,18,0,1,0,0,0,0,3,1,2,1,39,7,1999,1,5,8,3
20141318J0269,1,9,0,10,0,1,0,0,0,0,1,1,2,1,55,8,998,1,6,4,1
20141318J0269,2,90,0,18,9,1,0,0,0,0,3,1,6,1,78,11,-1,-1,-1,3,1
20141318J0283,1,5,0,13,0,1,0,0,0,0,1,1,6,1,41,7,849,1,18,5,1
20141318J0283,2,9,0,9,0,1,0,0,0,0,3,1,2,2,34,6,998,1,14,5,1
20141318J0324,1,9,0,18,0,0,0,0,0,0,1,1,6,1,60,9,1248,2,6,1,1
20141318J0324,2,9,0,3,0,0,0,0,0,0,2,1,6,2,53,8,1497,1,9,9,1
20141318J0328,1,9,0,9,0,8,0,0,0,0,4,1,1,1,42,7,1956,2,4,5,2
20141318J0328,2,9,0,15,0,8,0,0,0,0,1,1,6,1,51,8,1995,2,10,2,1
20141318J0464,1,9,0,18,9,1,0,0,0,0,1,1,6,1,-1,-1,1598,1,12,-1,-1
20141318J0464,2,9,0,18,0,1,0,0,0,0,1,1,1,1,33,6,1248,2,-1,1,1
20141318J0689,1,9,0,18,0,0,5,0,0,0,3,1,6,2,22,5,1248,2,5,8,2
20141318J0689,2,21,1,18,0,0,0,0,0,0,1,1,1,1,45,7,12900,2,6,8,3
20141318J0737,1,9,0,18,0,0,0,0,0,0,4,1,6,2,27,6,999,1,1,-1,-1
20141318J1084,1,9,0,18,0,2,0,0,0,0,4,1,6,2,31,6,1598,1,14,1,1
20141318J1084,2,11,0,18,0,2,0,0,0,0,1,1,1,1,31,6,7300,2,5,5,1
20141318J1092,1,9,0,9,0,6,0,0,0,0,1,1,6,2,64,9,1398,1,8,9,1
20141318J1092,2,5,0,18,0,8,0,0,0,0,1,1,6,1,37,7,749,1,10,5,1
20141318J1121,1,19,0,7,0,0,0,0,0,0,4,1,1,1,57,9,2198,2,7,2,1
20141318J1121,2,1,0,18,0,0,0,0,0,0,1,1,2,1,38,7,-1,-1,-1,6,1
20141318J1168,1,9,0,18,0,0,0,0,0,0,1,1,1,1,41,7,2926,2,15,-1,-1
20141318J1168,2,9,0,3,0,0,0,0,0,0,2,1,1,2,35,6,-1,-1,-1,-1,-1
20141318J1198,1,9,0,18,0,1,0,0,0,0,1,1,6,2,26,6,1398,1,3,4,1
20141318J1198,2,9,0,18,0,1,0,0,0,0,2,1,6,1,30,6,1596,1,8,1,1
20141318J1274,1,9,0,18,0,0,0,0,0,0,1,1,6,2,34,6,999,1,5,6,1
20141318J1274,2,9,0,18,0,0,0,0,0,0,2,1,6,1,47,8,1968,2,1,10,1
20141318J1454,1,9,0,18,0,0,0,0,0,0,1,1,6,3,-1,-1,-1,-1,-1,-1,-1
20141318J1454,2,1,0,18,0,0,0,0,0,0,2,1,6,1,43,7,-1,-1,-1,10,1
20141318J1471,1,9,0,5,0,0,0,0,0,0,3,1,6,1,19,4,1248,2,6,7,1
20141318J1471,2,1,0,18,0,0,0,0,0,0,1,1,6,1,53,8,-1,-1,-1,7,1
20141318J1629,1,9,0,13,0,0,0,0,0,0,4,1,6,3,-1,-1,-1,-1,-1,-1,-1
20141318J1629,2,9,0,18,0,0,0,0,0,0,3,1,6,2,27,6,1900,2,10,-1,-1
20141318K0273,1,9,0,7,0,1,0,0,0,0,1,1,6,1,27,6,1388,1,2,5,1
20141318K0273,2,9,0,7,0,1,0,0,0,0,2,1,6,2,34,6,998,1,7,7,1
20141318K0292,1,9,0,18,0,8,0,0,0,0,1,1,2,2,28,6,998,1,7,2,1
20141318K0292,2,1,0,18,0,8,0,0,0,0,1,1,2,1,30,6,-1,-1,-1,3,1
20141318K0366,1,9,0,18,0,0,0,0,0,0,1,1,6,3,-1,-1,-1,-1,-1,-1,-1
20141318K0457,1,21,0,18,0,0,1,0,0,0,1,1,1,1,55,8,12777,2,6,4,1
20141318K0457,2,9,0,2,0,0,0,0,0,0,2,1,1,1,37,7,1461,2,3,4,1
20141318K0457,3,9,0,2,0,0,0,0,0,0,2,1,6,2,37,7,1149,1,13,-1,1
20141318K0462,1,9,0,4,0,1,0,0,0,0,1,1,6,1,46,8,1794,1,10,4,1
20141318K0462,2,9,0,3,0,1,0,0,0,0,2,1,6,2,45,7,1242,1,3,4,1
20141318K0462,3,9,0,3,0,1,0,0,0,0,2,1,6,2,61,9,1783,1,12,5,1
20141318K0587,1,9,0,9,0,0,0,0,0,0,0,1,1,1,29,6,1796,1,12,-1,-1
20141318K0587,2,3,0,18,0,0,0,0,2,0,0,1,1,1,36,7,125,1,3,-1,-1
20141318K0818,1,5,0,7,0,8,5,0,0,0,3,1,6,1,64,9,645,1,2,-1,-1
20141318K0947,1,11,0,4,0,0,0,0,0,0,4,1,1,1,62,9,7300,2,10,-1,-1
20141318K1277,1,9,0,18,0,8,0,0,0,0,3,1,6,2,21,5,1299,1,9,4,1
20141318K1277,2,90,0,9,0,5,0,0,0,0,2,1,6,1,33,6,-1,-1,-1,6,1
20141318K1322,1,9,0,18,0,3,0,0,0,0,1,1,6,1,22,5,1995,2,2,1,1
20141318K1322,2,9,0,18,0,3,0,0,0,0,2,1,6,2,32,6,1299,1,9,1,1
20141318K1342,1,9,0,18,0,1,1,0,0,0,1,1,6,1,19,4,973,1,12,9,1
20141318K1342,2,9,0,5,0,6,0,0,0,0,3,1,6,2,18,4,1399,1,7,5,1
20141318K1395,1,9,0,5,0,0,0,0,0,0,3,1,6,2,29,6,1242,1,6,6,1
20141318K1395,2,19,0,18,0,0,0,0,0,0,1,1,6,1,26,6,1753,2,9,3,1
20141318K1413,1,9,0,9,0,8,0,0,0,0,1,1,6,1,62,9,-1,-1,-1,5,1
20141318K1413,2,9,0,18,0,8,0,0,0,0,1,1,1,1,37,7,1995,2,6,5,1
20141318K1414,1,9,0,1,0,0,0,0,0,0,2,1,6,2,27,6,1896,2,9,2,1
20141318K1418,1,19,0,18,0,1,0,0,0,0,4,1,2,1,43,7,-1,-1,-1,3,1
20141318K1418,2,1,0,18,0,1,2,0,0,0,3,1,6,1,44,7,-1,-1,-1,10,1
20141318K1452,1,9,0,7,0,6,0,0,0,0,3,1,6,2,44,7,1461,2,3,6,1
20141318K1452,2,9,0,18,0,1,0,0,0,0,1,1,6,1,21,5,973,1,12,5,1
20141318K1459,1,9,0,18,0,1,0,0,0,0,1,1,6,2,23,5,1328,1,8,8,3
20141318K1459,2,8,0,10,0,8,0,0,0,0,2,1,1,1,36,7,1595,2,4,2,1
20141318K1459,3,9,0,18,0,1,0,0,0,0,1,1,6,1,56,9,1995,2,7,6,1
20141318L0005,1,9,0,18,0,0,0,0,0,0,4,1,6,3,-1,-1,-1,-1,-1,-1,-1
20141318L0031,1,9,0,18,0,0,0,0,0,0,1,1,6,1,72,10,1998,1,15,-1,-1
20141318L0031,2,17,0,9,0,0,0,0,0,0,3,1,1,1,34,6,12600,2,1,-1,-1
20141318L0128,1,9,0,18,0,0,0,0,8,6,2,1,6,2,35,6,1994,2,17,8,1
20141318L0440,1,9,0,5,0,8,0,0,0,0,3,1,6,2,49,8,1364,1,6,4,3
20141318L0440,2,19,0,18,0,8,0,0,0,0,1,1,1,1,21,5,1995,2,1,10,1
20141318L0443,1,9,0,9,0,1,0,0,0,0,1,1,6,1,38,7,998,1,10,2,1
20141318L0443,2,1,0,18,0,8,0,0,0,0,1,1,6,1,15,3,-1,-1,-1,9,1
20141318L0520,1,9,0,7,0,1,0,0,0,0,1,1,6,1,-1,-1,-1,-1,-1,-1,-1
20141318L0520,2,1,0,18,4,1,0,0,1,0,0,1,6,1,30,6,-1,-1,-1,2,1
20141318L0578,1,1,0,5,0,0,0,0,0,0,3,1,6,1,10,2,-1,-1,-1,5,1
20141318L0578,2,9,0,18,0,0,0,0,0,0,1,1,6,2,48,8,1968,2,5,5,1
20141318L0611,1,19,0,6,0,0,0,0,6,0,3,1,1,1,54,8,1461,2,2,1,1
20141318L0611,2,5,0,18,0,0,0,0,6,0,1,1,6,1,38,7,599,1,13,1,1
20141318L0653,1,9,0,4,0,1,0,0,0,0,1,1,6,1,60,9,1998,2,8,6,1
20141318L0653,2,9,0,3,0,1,0,0,0,0,2,1,6,1,43,7,2171,1,12,5,1
20141318L0685,1,9,0,9,0,5,0,0,0,0,1,1,6,2,18,4,1360,1,12,4,1
20141318L0685,2,10,0,18,0,8,0,0,0,0,1,1,6,1,65,9,-1,-1,-1,6,1
20141318L0804,1,9,0,2,0,0,0,0,0,0,4,1,6,2,32,6,2204,2,9,4,1
20141318L0804,2,9,0,18,0,0,0,8,0,0,4,1,6,1,67,10,1997,2,14,1,1
20141318L0972,1,9,0,18,0,0,0,0,0,0,1,1,6,2,44,7,998,1,5,3,3
20141318L0972,2,9,0,18,0,0,0,0,0,0,2,1,6,2,29,6,1339,1,3,1,2
20141318L0972,3,9,0,18,0,0,0,0,0,0,2,1,6,1,24,5,2979,1,13,6,3
20141318L0972,4,9,0,18,0,0,0,0,0,0,2,1,6,1,55,8,1995,2,-1,-1,-1
20141318L1186,1,9,0,18,0,0,1,0,0,0,1,1,6,1,25,5,1998,1,8,1,1
20141318L1186,2,19,0,7,0,0,2,0,0,0,2,1,1,1,28,6,1461,2,4,3,1
20141318L1495,1,1,0,18,0,8,0,0,0,0,1,1,6,1,43,7,-1,-1,-1,-1,-1
20141318L1495,2,9,0,7,0,8,0,0,0,0,1,1,6,1,17,4,996,1,-1,-1,-1
20141318L1546,1,9,0,9,0,8,0,0,0,0,1,1,6,1,36,7,1896,2,9,5,1
20141318L1546,2,9,0,9,0,8,0,0,0,0,1,1,6,1,33,6,2835,2,16,3,1
20141318M0174,1,19,0,17,0,0,0,0,0,0,1,1,1,1,31,6,2299,2,4,8,1
20141318M0174,2,9,0,16,0,0,0,0,0,0,1,1,6,2,19,4,998,1,5,8,3
20141318M0179,1,9,0,7,0,3,0,0,0,0,4,1,6,1,55,8,1598,1,11,5,2
20141318M0179,2,9,0,18,0,3,0,0,0,0,3,1,6,1,-1,-1,1598,2,3,-1,-1
20141318M0438,1,9,0,14,0,0,5,0,0,0,4,1,2,2,26,6,1587,1,13,3,1
20141318M0438,2,9,0,2,0,0,0,0,0,0,4,1,6,3,-1,-1,1870,2,8,-1,-1
20141318M0442,1,21,0,17,0,0,0,0,0,0,1,1,1,1,64,9,10800,2,-1,10,1
20141318M0442,2,5,0,16,0,0,2,0,1,10,1,1,6,1,43,7,599,1,8,5,1
20141318M0670,1,9,0,18,0,4,0,0,0,0,3,1,2,2,33,6,1910,2,8,4,1
20141318M0670,2,1,0,18,0,8,0,0,0,0,2,1,6,2,48,8,-1,-1,-1,8,1
20141318M0869,1,1,0,18,9,0,0,0,0,0,3,1,6,1,49,8,-1,-1,-1,1,1
20141318M0869,2,90,0,18,0,0,0,0,0,0,4,1,6,1,72,10,1905,2,14,8,3