Accident_Index,Vehicle_Reference,Vehicle_Type,Towing_and_Articulation,Vehicle_Manoeuvre,Vehicle_Location-Restricted_Lane,Junction_Location,Skidding_and_Overturning,Hit_Object_in_Carriageway,Vehicle_Leaving_Carriageway,Hit_Object_off_Carriageway,1st_Point_of_Impact,Was_Vehicle_Left_Hand_Drive?,Journey_Purpose_of_Driver,Sex_of_Driver,Age_of_Driver,Age_Band_of_Driver,Engine_Capacity_(CC),Propulsion_Code,Age_of_Vehicle,Driver_IMD_Decile,Driver_Home_Area_Type
20141318M0892,1,9,0,5,0,4,0,0,0,0,0,1,6,1,70,10,1596,1,8,3,1
20141318M0892,2,3,0,17,0,8,2,0,0,0,0,1,6,1,31,6,124,1,1,4,1
20141318M0899,1,9,0,18,0,8,0,0,0,0,1,1,6,1,23,5,1986,2,6,5,1
20141318M0899,2,9,0,9,0,6,0,0,0,0,3,1,6,1,62,9,899,1,-1,1,1
20141318M1057,1,1,0,18,0,1,0,0,0,0,1,1,6,1,47,8,-1,-1,-1,5,2
20141318M1057,2,9,0,9,0,8,0,0,0,0,4,1,6,1,27,6,1596,1,10,1,1
20141318M1205,1,9,0,17,0,0,1,0,2,11,1,1,6,2,21,5,1242,1,8,1,1
20141318M1241,1,9,0,18,0,8,0,0,1,11,4,1,1,1,57,9,1124,1,12,2,1
20141318M1241,2,9,0,18,0,1,0,0,1,2,1,1,2,1,49,8,1896,2,6,4,1
20141318M1274,1,3,0,15,0,1,0,0,0,0,1,1,6,1,18,4,124,1,12,1,1
20141318M1274,2,20,0,7,0,1,0,0,0,0,4,1,6,1,-1,-1,-1,-1,-1,-1,-1
20141318M1447,1,9,0,18,0,1,0,0,0,0,1,1,6,1,23,5,-1,-1,-1,7,1
20141318M1447,2,9,0,2,0,1,0,0,0,0,2,1,6,1,18,4,1896,2,10,6,1
20141318N0484,1,9,0,18,0,0,0,0,0,0,4,1,6,1,62,9,1686,2,9,2,1
20141318N0678,1,9,0,18,0,0,1,0,0,0,1,1,6,3,-1,-1,-1,-1,-1,-1,-1
20141318N0678,2,9,0,2,0,0,0,0,0,0,1,1,6,1,-1,-1,1984,1,13,-1,-1
20141318N0678,3,20,0,2,0,0,0,0,0,0,1,1,6,1,-1,-1,-1,-1,-1,-1,-1
20141318N0678,4,9,0,2,0,0,0,0,0,0,1,1,6,1,-1,-1,1896,2,9,-1,-1
20141318N0678,5,9,0,2,0,0,0,0,0,0,1,1,6,1,25,5,1896,2,9,-1,-1
20141318N0729,1,9,0,18,0,0,0,0,0,0,1,1,6,1,19,4,1598,1,4,2,1
20141318N0729,2,9,0,3,0,0,0,0,0,0,2,1,6,2,22,5,1388,1,10,1,1
20141318N0729,3,9,0,3,0,0,0,0,0,0,2,1,1,1,34,6,1910,2,8,3,1
20141318N0799,1,9,0,14,0,0,0,0,0,0,4,1,6,2,73,10,1798,1,-1,-1,-1
20141318N0799,2,9,0,2,0,0,0,0,0,0,3,1,6,2,31,6,1896,2,12,-1,-1
20141318N0871,1,8,0,5,0,2,0,0,0,0,1,1,1,1,44,7,1956,2,2,6,2
20141318N1023,1,9,0,5,0,6,0,0,0,0,3,1,6,2,59,9,1242,1,-1,2,1
20141318N1023,2,9,0,18,0,8,0,0,0,0,1,1,6,1,25,5,2993,2,9,-1,-1
20141318N1309,1,3,0,18,0,8,5,0,0,0,1,1,6,2,30,6,125,1,5,4,1
20141318N1309,2,9,0,18,0,6,0,0,0,0,4,1,6,1,35,6,1896,2,10,3,1
20141318N1357,1,9,0,7,8,0,0,0,0,0,1,1,6,1,34,6,-1,-1,-1,-1,-1
20141318N1357,2,1,0,18,9,0,0,0,0,0,3,1,6,2,36,7,-1,-1,-1,-1,-1
20141318N1368,1,9,0,18,0,8,1,0,0,0,1,1,6,1,25,5,1781,1,11,-1,1
20141318N1368,2,9,0,9,0,8,0,0,0,0,1,1,6,1,29,6,2922,1,11,1,1
20141318O0329,1,9,0,18,0,0,0,0,0,0,0,1,6,1,64,9,2497,1,8,9,1
20141318O0651,1,9,0,9,0,6,0,0,0,0,1,1,6,1,52,8,1999,1,13,2,1
20141318O0651,2,1,0,18,0,1,0,0,0,0,1,1,6,1,55,8,-1,-1,-1,2,1
20141318O0791,1,9,0,18,0,4,0,0,0,0,1,1,6,1,23,5,-1,-1,-1,7,1
20141318O0791,2,19,0,18,0,8,0,0,0,0,4,1,6,1,28,6,-1,-1,-1,1,1
20141318O0818,1,9,0,18,0,1,0,0,0,0,3,1,6,1,24,5,1910,2,6,2,1
20141318O0818,2,9,0,18,0,1,0,0,0,0,4,1,6,1,23,5,1364,1,4,7,1
20141318O0862,1,9,0,18,0,8,2,0,0,0,4,1,6,1,48,8,1984,1,-1,10,3
20141318O0862,2,3,0,18,0,8,2,0,0,0,1,1,6,1,34,6,125,1,2,-1,-1
20141318O0873,1,9,0,18,0,0,0,0,0,0,1,1,6,2,55,8,1399,2,5,1,1
20141318O1033,1,9,0,9,0,8,0,0,0,0,1,1,6,2,19,4,998,1,-1,4,2
20141318O1033,2,9,0,18,0,8,0,0,0,0,1,1,2,1,52,8,-1,-1,-1,3,1
20141318O1086,1,9,0,18,0,1,0,10,7,1,1,1,6,2,80,11,998,1,14,4,1
20141318O1196,1,9,0,18,0,0,0,0,0,0,4,1,1,1,45,7,1332,1,15,4,1
20141318O1278,1,9,0,18,0,0,0,0,7,2,1,1,6,1,86,11,1495,1,13,4,1
20141318O1278,2,9,0,2,0,0,0,0,0,0,1,1,6,3,-1,-1,1560,2,-1,-1,-1
20141318O1278,3,9,0,2,0,0,0,0,0,0,1,1,6,3,-1,-1,1995,2,4,-1,-1
20141318O1295,1,9,0,9,0,8,0,0,0,0,3,1,6,1,18,4,999,1,12,-1,-1
20141318O1295,2,1,0,18,0,1,0,0,0,0,1,1,6,1,39,7,-1,-1,-1,4,1
20141318O1362,1,9,0,5,0,6,0,0,0,0,1,1,6,1,34,6,-1,-1,-1,-1,-1
20141318O1362,2,9,0,18,0,8,0,0,0,0,1,1,6,2,36,7,1560,2,3,1,1
20141318O1426,1,1,0,18,0,0,0,0,0,0,1,1,6,1,30,6,-1,-1,-1,9,1
20141318O1426,2,9,0,5,0,0,0,0,0,0,1,1,6,1,36,7,1995,2,8,4,1
20141318O1666,1,9,0,18,0,2,1,0,0,0,1,1,6,1,17,4,1360,1,8,2,1
20141318O1666,2,9,0,2,0,2,0,0,0,0,1,1,6,3,-1,-1,2401,2,9,-1,-1
20141318O1666,3,9,0,2,0,2,0,0,7,0,1,1,6,3,-1,-1,1598,1,8,-1,-1
20141318P0008,1,9,0,18,0,1,1,0,0,0,3,1,6,1,34,6,-1,-1,-1,7,1
20141318P0008,2,9,0,13,0,1,0,0,0,0,4,1,6,3,-1,-1,1598,1,3,-1,-1
20141318P0064,1,3,0,18,0,0,0,0,0,0,1,1,6,3,-1,-1,-1,-1,-1,-1,-1
20141318P0339,1,9,0,18,0,0,1,0,7,11,1,1,6,1,34,6,1896,2,9,3,1
20141318P0474,1,9,0,4,0,1,1,0,0,0,1,1,6,1,20,4,1984,1,16,1,1
20141318P0474,2,9,0,18,0,1,0,0,0,0,1,1,6,1,75,10,1360,1,7,1,1
20141318P0598,1,9,0,18,0,8,0,0,0,0,4,1,6,1,47,8,1198,1,11,1,1
20141318P0598,2,9,0,18,0,8,0,0,0,0,1,1,6,1,21,5,2143,2,1,7,1
20141318P0791,1,3,0,4,0,1,2,0,0,0,1,1,6,1,19,4,125,1,-1,3,1
20141318P0791,2,9,0,4,0,1,0,0,0,0,2,1,6,1,29,6,1700,2,10,1,1
20141318P0881,1,9,0,18,0,8,0,0,0,0,1,1,6,1,30,6,-1,-1,-1,1,1
20141318P0881,2,9,0,18,0,8,0,0,0,0,2,1,6,1,30,6,1598,1,10,7,1
20141318P0943,1,9,0,18,0,0,0,0,0,0,1,1,6,1,30,6,998,1,12,1,1
20141318P0943,2,9,0,18,0,0,0,0,0,0,2,1,6,1,-1,-1,-1,-1,-1,-1,-1
20141318P0979,1,9,0,3,0,0,0,0,0,0,2,1,6,2,17,4,1968,2,1,2,1
20141318P0979,2,8,0,18,0,0,0,0,0,0,1,1,1,1,30,6,1896,2,6,1,1
20141318P1134,1,9,0,18,0,2,0,0,0,0,3,1,6,1,24,5,1910,2,6,2,1
20141318P1263,1,9,0,5,0,6,0,0,0,0,1,1,6,1,50,8,1360,1,3,-1,-1
20141318P1263,2,9,0,18,0,1,0,10,7,11,4,1,6,2,36,7,1360,1,3,3,1
20141318P1416,1,9,0,18,0,1,0,0,0,0,1,1,6,1,-1,-1,1598,1,14,-1,-1
20141318P1416,2,9,0,3,0,1,0,0,0,0,2,1,6,2,22,5,1124,1,15,6,3
20141318P1446,1,9,0,18,0,0,0,0,0,0,4,1,6,2,25,5,1598,1,6,1,1
20141318P1446,2,9,0,18,0,0,1,10,0,0,0,1,6,2,41,7,-1,-1,-1,-1,-1
20141318P1546,1,9,0,9,0,6,0,0,0,0,3,1,6,1,70,10,1198,1,10,2,1
20141318P1546,2,9,0,16,0,8,0,0,0,0,1,1,6,1,21,5,1999,1,8,6,1
20141318P1596,1,9,0,18,0,0,0,0,0,0,2,1,6,2,21,5,1149,1,11,1,1
20141318P1596,2,19,0,18,0,0,0,0,0,0,1,1,6,1,31,6,1995,2,1,1,1
20141318Q0013,1,9,0,6,0,1,0,0,0,0,3,1,6,3,-1,-1,-1,-1,-1,-1,-1
20141318Q0013,2,9,0,18,0,1,0,0,0,0,1,1,6,1,30,6,1896,2,7,1,1
20141318Q0076,1,9,0,18,0,0,0,0,0,0,0,1,6,1,43,7,1560,2,4,8,1
20141318Q0268,1,9,0,16,0,0,0,0,0,0,1,1,6,2,66,10,1364,1,10,9,2
20141318Q0413,1,9,0,1,0,0,0,0,0,0,2,1,6,2,69,10,1206,1,5,6,1
20141318Q0550,1,9,0,18,0,0,0,0,0,0,4,1,6,3,-1,-1,-1,-1,-1,-1,-1
20141318Q0822,1,9,0,4,0,0,0,0,0,0,2,1,1,1,48,8,-1,-1,-1,-1,-1
20141318Q0822,2,3,0,18,0,0,5,0,0,0,1,1,6,1,27,6,49,1,-1,-1,-1
20141318Q0869,1,9,0,9,0,1,0,0,0,0,1,1,6,1,49,8,1896,2,12,7,1
20141318Q0874,1,9,0,18,0,0,0,0,0,0,1,1,6,3,-1,-1,-1,-1,-1,-1,-1
20141318Q0874,2,1,0,18,0,0,0,0,0,0,2,1,6,1,36,7,-1,-1,-1,5,1
20141318Q0932,1,9,0,18,0,0,0,0,0,0,0,2,6,3,-1,-1,-1,-1,-1,-1,-1
20141318Q0935,1,9,0,18,0,0,0,0,0,0,2,1,6,2,51,8,1198,1,1,-1,-1
20141318Q0935,2,19,0,18,0,0,0,0,0,0,1,1,1,1,26,6,2198,2,1,1,1
20141318Q0947,1,9,0,5,0,0,0,0,0,0,1,1,6,2,31,6,1242,1,1,5,1
20141318Q0947,2,9,0,18,0,0,0,0,0,0,1,1,6,1,38,7,1956,2,4,3,1
20141318Q1494,1,9,0,1,0,1,0,0,0,0,2,1,6,1,54,8,1910,2,10,1,1
20141318Q1659,1,9,0,18,0,8,0,0,0,0,1,1,6,3,-1,-1,-1,-1,-1,-1,-1
20141318Q1659,2,9,0,18,0,8,0,0,0,0,1,1,6,2,25,5,1296,1,7,3,1
20141318R0493,1,9,0,18,0,8,0,0,7,3,3,1,6,1,24,5,2319,1,10,2,1
20141318R0493,2,9,0,5,0,6,0,0,0,0,1,1,1,1,46,8,2400,2,3,6,1
20141318R0504,1,5,0,13,0,1,0,0,7,11,4,1,6,1,54,8,652,1,2,6,1
20141318R0504,2,19,0,18,0,1,0,0,0,0,0,1,6,1,48,8,2000,2,11,6,1
20141318R0504,3,19,0,9,0,1,0,0,0,0,3,1,6,1,28,6,1248,2,9,8,1
20141318R0551,1,9,0,9,0,5,0,0,0,0,3,1,6,1,30,6,1598,2,3,-1,-1
20141318R0551,2,9,0,18,0,1,0,0,0,0,3,1,6,1,49,8,1527,2,17,4,1
20141318R0592,1,9,0,16,0,0,1,0,8,11,1,1,6,1,19,4,954,1,19,3,1
20141318R0592,2,9,0,16,0,0,0,0,0,0,1,1,1,1,28,6,1248,2,2,5,1
20141318R0592,3,9,0,16,0,0,0,0,0,0,0,1,1,1,33,6,1248,2,2,5,1
20141318R0769,1,9,0,18,0,0,0,0,0,0,4,1,6,1,-1,-1,-1,-1,-1,-1,-1
20141318R0839,1,9,0,18,0,0,0,0,0,0,2,1,6,2,22,5,1332,1,15,1,1
20141318R0839,2,9,0,18,0,0,0,0,0,0,1,1,6,1,-1,-1,-1,-1,-1,6,1
20141318R0934,1,8,0,4,0,1,0,0,0,0,2,1,1,1,60,9,2231,2,8,4,1
20141318R0934,2,9,0,18,0,1,0,0,0,0,1,1,6,2,20,4,1796,1,9,3,1
20141318R1217,1,9,0,9,0,6,0,0,0,0,1,1,6,2,36,7,1493,2,4,2,1
20141318R1217,2,5,0,18,0,1,1,0,0,0,1,1,6,1,24,5,600,1,11,1,1
20141318R1367,1,9,0,11,0,0,0,0,0,0,4,1,6,2,25,5,1595,1,9,6,1
20141318R1367,2,1,0,18,0,0,0,0,0,0,1,1,6,1,25,5,-1,-1,-1,6,1
20141318R1376,1,9,0,18,0,0,0,0,0,0,4,1,6,1,50,8,1296,1,6,1,1
20141318S0188,1,9,0,18,0,0,0,11,7,0,1,1,2,2,20,4,1124,1,12,9,1
20141318S0227,1,21,0,18,0,1,0,0,0,0,1,1,1,1,65,9,10837,2,3,8,1
20141318S0227,2,9,0,18,0,1,0,0,7,0,2,1,2,1,34,6,1598,1,9,9,1
20141318S0231,1,9,0,4,0,8,1,0,0,0,1,1,2,1,21,5,1299,1,13,4,1
20141318S0231,2,9,0,3,0,8,0,0,0,0,2,1,6,1,23,5,2671,1,16,6,1
20141318S0283,1,9,0,7,0,3,2,0,1,1,0,1,2,2,29,6,1242,1,7,1,1
20141318S0397,1,9,0,9,0,8,0,0,0,0,3,1,6,3,-1,-1,-1,-1,-1,-1,-1
20141318S0397,2,1,0,18,0,8,0,0,0,0,1,1,2,1,27,6,-1,-1,-1,1,1
20141318S0457,1,9,0,2,0,0,0,0,0,0,3,1,6,1,74,10,3050,2,20,6,3
20141318S0457,2,9,0,18,0,0,0,0,0,0,1,1,6,1,42,7,1390,1,12,1,1
20141318S0464,1,9,0,4,0,0,0,0,0,0,1,1,6,1,61,9,1596,1,9,10,1
20141318S0464,2,9,0,4,0,0,0,0,0,0,2,1,6,2,32,6,1910,2,9,10,1
20141318S0596,1,5,0,4,0,0,2,0,0,0,1,1,6,1,60,9,781,1,16,3,1
20141318S0596,2,9,0,3,0,0,0,0,0,0,2,1,6,3,-1,-1,1328,1,10,-1,-1
20141318S0695,1,1,0,18,0,0,0,0,0,0,0,1,6,1,72,10,-1,-1,-1,2,1
20141318S0695,2,3,0,7,0,0,0,0,0,0,0,1,2,1,30,6,125,1,-1,7,1
20141318S0750,1,9,0,9,0,8,0,0,0,0,1,1,6,1,47,8,1781,1,12,-1,-1
20141318S0750,2,9,0,9,0,8,0,0,0,0,1,1,6,1,63,9,1968,2,6,-1,-1
20141318S0904,1,19,0,18,0,0,0,0,0,0,4,1,1,1,65,9,1868,2,10,4,1
20141318S0924,1,8,0,18,0,0,0,0,0,0,1,1,1,1,47,8,1896,2,5,5,1
20141318S0924,2,21,0,18,0,0,0,0,0,0,3,1,1,1,46,8,-1,2,11,5,1
20141318S0924,3,9,0,2,0,0,0,0,0,0,1,1,6,2,72,10,1390,1,13,7,3
20141318S1114,1,19,0,18,0,1,0,0,0,0,1,1,1,1,51,8,2148,2,9,1,1
20141318S1114,2,9,0,18,0,1,0,0,0,0,2,1,6,2,31,6,1364,2,7,3,1
20141318S1245,1,9,0,18,0,8,0,0,0,0,1,1,1,1,61,9,1968,2,3,-1,1
20141318S1245,2,9,0,18,0,8,0,0,0,0,2,1,2,2,35,6,-1,-1,-1,3,3
20141318S1347,1,9,0,7,0,1,0,0,0,0,1,1,6,1,70,10,1598,1,10,-1,-1
20141318S1347,2,8,0,18,0,5,0,0,0,0,3,1,1,1,58,9,1896,2,5,2,1
20141318S1491,1,9,0,5,0,8,0,0,0,0,1,1,6,1,45,7,1995,2,11,4,1
20141318S1491,2,8,0,18,0,8,0,0,0,0,4,1,1,1,50,8,1997,2,7,1,1
20141318S1650,1,9,0,4,0,0,0,0,0,0,3,1,6,2,48,8,1910,2,8,2,1
20141318S1690,1,9,0,9,0,0,0,0,0,0,1,1,6,2,46,8,1149,1,11,4,1
20141318S1690,2,3,0,18,0,0,0,0,0,0,4,1,6,1,53,8,125,1,29,3,1
20141318T0545,1,11,0,18,0,0,0,0,0,0,0,1,1,1,51,8,6692,2,2,4,1
20141318T0588,1,9,0,9,0,8,0,0,0,0,4,1,6,1,64,9,1598,1,17,1,1
20141318T0588,2,1,0,15,0,8,0,0,0,0,1,1,6,1,46,8,-1,-1,-1,1,1
20141318T0618,1,9,0,18,0,1,0,0,0,0,4,1,6,2,70,10,1999,1,1,3,1
20141318T0618,2,1,0,12,0,1,0,0,0,0,3,1,6,1,63,9,-1,-1,-1,1,1
20141318T0628,1,19,0,18,0,8,0,0,0,0,4,1,6,3,22,5,-1,-1,-1,6,1
20141318T0628,2,9,0,18,0,8,0,0,0,0,3,1,6,1,-1,-1,-1,-1,-1,1,1
20141318T0655,1,9,0,18,0,1,0,0,0,0,4,1,6,1,20,4,1229,1,2,8,1
20141318T0776,1,9,0,18,0,8,0,7,0,0,4,1,6,2,56,9,1240,1,11,1,1
20141318T0776,2,9,0,18,0,8,0,7,0,0,1,1,2,2,42,7,1560,2,6,5,1
20141318T0897,1,4,0,13,0,8,0,0,0,0,1,1,6,1,50,8,249,1,6,4,1
20141318T0897,2,19,0,9,0,5,0,0,0,0,3,1,6,1,40,7,2287,2,7,2,1
20141318T0915,1,9,0,5,0,1,0,0,0,0,1,1,6,2,60,9,1364,1,5,3,1
20141318T0938,1,9,0,13,0,8,0,0,0,0,1,1,6,1,35,6,1910,2,7,1,1
20141318T0938,2,9,0,9,0,8,0,0,0,0,3,1,6,2,30,6,2616,1,11,1,1
20141318T1020,1,8,0,9,0,6,0,0,0,0,1,1,1,1,28,6,1797,8,4,1,1
20141318T1020,2,9,0,9,0,5,0,0,0,0,2,1,6,2,35,6,998,1,13,1,1
20141318T1071,1,3,0,18,0,0,5,0,0,0,4,1,6,1,24,5,125,1,1,2,1
20141318T1072,1,10,0,18,0,0,0,0,0,0,1,1,6,1,33,6,-1,-1,-1,2,1
20141318T1072,2,9,0,18,0,0,0,0,0,0,2,1,6,2,52,8,1998,1,11,10,2
20141318T1096,1,9,0,18,0,0,1,0,0,0,1,1,6,2,35,6,1198,1,9,5,1
20141318T1096,2,10,0,18,0,0,0,0,0,0,2,1,1,1,48,8,1995,2,5,-1,-1
20141318T1270,1,19,0,18,0,0,0,0,0,0,4,1,2,1,41,7,2488,2,3,8,1
20141318T1284,1,9,0,18,0,0,0,0,0,0,2,1,2,1,29,6,1995,2,-1,5,1
20141318T1284,2,9,0,4,0,0,0,0,0,0,1,1,6,1,60,9,1197,1,2,-1,1
20141318T1289,1,9,0,18,0,0,1,0,2,11,3,1,6,1,21,5,1229,1,9,7,1
20141318T1333,1,9,0,18,0,0,2,0,1,2,3,1,6,1,26,6,1870,2,11,5,1
20141318T1559,1,9,0,18,0,8,0,0,0,0,1,1,6,1,21,5,1968,2,4,3,1
20141318T1559,2,9,0,9,0,8,0,0,0,0,2,1,6,1,50,8,1395,1,6,4,1
20141318T1736,1,9,0,18,0,8,5,7,0,7,1,1,6,1,70,10,1461,2,1,9,2
20141318T1789,1,8,0,9,0,2,0,0,0,0,1,1,1,1,41,7,1584,1,6,2,1
20141318T1789,2,9,0,18,0,2,0,0,0,0,1,1,6,2,21,5,1248,2,6,8,1
20141318U0006,1,9,0,7,0,6,0,0,0,0,1,1,6,1,-1,-1,-1,-1,-1,-1,-1
20141318U0006,2,1,0,18,0,8,5,0,0,0,4,1,6,2,19,4,-1,-1,-1,-1,-1
20141318U0428,1,9,0,9,0,6,0,0,0,0,1,1,6,1,47,8,1600,2,4,8,1
20141318U0428,2,9,0,18,0,8,0,0,0,0,4,1,6,1,52,8,1968,2,4,8,1
20141318U0538,1,9,0,2,0,0,0,4,0,0,2,1,6,2,33,6,1956,2,-1,7,2
20141318U0538,2,9,0,2,0,0,0,0,0,0,4,1,6,1,39,7,1242,1,2,10,1
20141318U0563,1,9,0,18,0,0,0,0,0,0,1,1,6,2,52,8,1587,1,9,-1,-1
20141318U0563,2,9,0,18,0,0,0,0,0,0,2,1,6,1,39,7,1968,2,5,-1,-1
20141318U0567,1,9,0,4,0,5,0,0,0,0,2,1,6,1,69,10,1598,2,1,7,1
20141318U0567,2,9,0,18,0,1,0,0,0,0,1,1,6,1,36,7,2993,2,10,6,1
20141318U0740,1,19,0,7,0,6,0,0,0,0,4,1,1,1,45,7,1998,2,12,1,1
20141318U0740,2,9,0,3,0,6,0,0,0,0,3,2,2,1,44,7,-1,-1,-1,1,1
20141318U0918,1,5,0,18,0,8,0,0,0,0,1,1,6,1,37,7,599,1,10,8,1
20141318U0918,2,9,0,9,0,5,5,0,0,0,3,1,6,1,49,8,1339,1,7,9,1
20141318U1017,1,5,0,5,0,0,0,0,0,0,2,1,6,1,67,10,865,1,1,-1,-1
20141318U1017,2,9,0,5,0,0,0,0,0,0,1,1,6,1,39,7,1968,2,5,2,1
20141318U1057,1,9,0,17,9,0,0,0,2,1,1,1,6,1,25,5,3200,1,8,1,1
20141318U1059,1,9,0,18,0,0,0,0,0,0,1,1,6,1,42,7,-1,-1,-1,6,1
20141318U1059,2,9,0,4,0,0,0,0,0,0,2,1,6,2,36,7,999,1,-1,6,1
20141318U1077,1,9,0,5,0,6,0,0,0,0,3,1,6,2,27,6,1968,1,9,9,1
20141318U1077,2,19,0,14,0,8,0,0,0,0,1,1,6,1,26,6,1686,2,8,1,1
20141318U1245,1,9,0,9,0,0,0,0,0,0,0,1,6,2,35,6,2000,2,10,5,1
20141318U1245,2,5,0,18,0,0,0,0,0,0,0,1,6,1,43,7,-1,-1,-1,8,1
20141318U1353,1,90,0,9,0,8,0,0,0,0,3,1,1,1,23,5,2987,2,4,6,3
20141318U1353,2,9,0,13,0,8,0,0,4,1,4,1,2,2,21,5,1796,1,7,9,1
20141318U1694,1,9,0,18,0,8,0,0,0,0,4,1,6,2,23,5,998,1,10,3,1
20141318U1694,2,8,0,2,0,8,0,0,0,0,3,1,1,1,40,7,1896,2,6,1,1
20141318U1804,1,8,0,18,0,0,0,0,0,0,0,1,1,3,-1,-1,-1,-1,-1,-1,-1
20141318V0571,1,9,0,9,0,6,0,0,0,0,1,1,6,2,44,7,1246,1,9,9,1
20141318V0571,2,4,0,13,0,1,0,0,0,0,1,1,6,1,68,10,399,1,17,3,1
20141318V0632,1,9,0,18,9,2,0,0,3,11,1,1,6,2,82,11,1248,1,5,9,1
20141318V0951,1,3,0,18,0,8,0,0,0,0,1,1,6,1,20,4,-1,-1,-1,1,1
20141318V0951,2,9,0,9,0,5,0,0,0,0,2,2,6,1,19,4,-1,-1,-1,1,1
20141318V1031,1,9,0,1,0,0,0,0,0,0,1,1,6,1,43,7,1560,2,-1,-1,-1
20141318V1031,2,9,0,2,0,0,0,0,0,0,1,1,6,2,44,7,998,1,9,-1,1
20141318V1099,1,1,0,18,4,1,0,0,0,0,1,1,6,1,14,3,-1,-1,-1,3,1
20141318V1099,2,8,0,7,0,6,0,0,0,0,4,1,1,1,53,8,998,1,1,1,1
20141318V1145,1,9,0,9,0,5,0,0,0,0,1,1,6,3,-1,-1,-1,-1,-1,-1,-1
20141318V1145,2,1,0,18,0,8,0,0,0,0,3,1,6,1,26,6,-1,-1,-1,9,1
20141318V1151,1,90,0,7,0,8,0,0,0,0,1,1,6,1,18,4,-1,-1,-1,3,1
20141318V1151,2,9,0,18,0,8,0,0,0,0,1,1,6,2,27,6,1398,1,9,3,1
20141318V1180,1,9,0,13,0,8,0,0,0,0,4,1,6,2,24,5,2000,2,9,2,1
20141318V1180,2,9,0,18,0,8,0,0,0,0,3,1,6,1,18,4,1598,1,9,1,1
20141318V1193,1,1,0,17,0,8,0,0,0,0,2,1,6,1,45,7,-1,-1,-1,8,1
20141318V1193,2,9,0,18,0,4,0,0,0,0,1,1,6,1,24,5,1896,2,10,4,1
20141318V1287,1,9,0,18,0,0,0,0,0,0,4,1,6,1,31,6,1798,1,12,1,1
20141318V1388,1,19,0,9,0,2,0,0,7,10,1,1,6,1,38,7,1995,2,-1,6,1
2014131910241,1,9,0,16,0,0,1,0,0,0,1,1,2,1,22,5,1994,2,11,4,1
2014131910241,2,9,0,18,0,0,0,0,1,0,1,1,2,1,31,6,1149,1,8,-1,-1
2014131910282,1,9,0,9,0,8,0,0,0,0,1,1,6,1,19,4,1362,1,1,6,1
2014131910282,2,1,0,18,0,8,0,0,0,0,1,1,6,1,32,6,-1,-1,-1,10,1
2014131910540,1,9,0,9,0,6,0,0,0,0,1,1,6,2,58,9,1248,1,2,8,1
2014131910540,2,19,0,18,0,8,0,0,0,0,4,1,1,1,43,7,2148,2,5,5,1
2014131910540,3,9,0,8,0,6,0,0,0,0,3,1,6,2,67,10,998,1,1,5,1
2014131910597,1,9,0,7,0,5,1,0,0,0,3,1,6,1,-1,-1,1984,1,3,-1,-1
2014131910597,2,9,0,8,0,1,0,0,0,0,3,1,6,2,27,6,1560,2,6,2,1
2014131910767,1,8,0,9,0,5,0,0,0,0,4,1,6,1,37,7,1686,2,6,1,1
2014131910767,2,9,0,18,0,8,0,0,0,0,1,1,6,1,26,6,6208,1,2,1,1
2014131910868,1,9,0,18,0,1,0,0,0,0,1,1,6,1,-1,-1,1798,1,6,-1,-1
2014131910868,2,9,0,4,0,1,0,0,0,0,2,1,6,1,26,6,1796,1,16,3,1
2014131910868,3,9,0,4,0,1,0,0,0,0,2,1,6,1,28,6,1598,1,6,7,1
2014131911082,1,19,0,7,0,8,0,0,0,0,0,1,6,3,-1,-1,-1,-1,-1,-1,-1
2014131911082,2,11,0,18,3,8,0,0,0,0,0,1,1,1,56,9,9360,2,5,2,1
2014131911086,1,9,0,18,0,4,1,0,0,0,1,1,6,1,23,5,1995,2,8,1,1
2014131911086,2,9,0,9,0,3,0,11,7,11,2,1,6,1,42,7,1753,2,8,3,1
2014131911222,1,9,0,9,0,8,0,0,0,0,1,1,6,2,52,8,899,1,-1,7,3
2014131911222,2,1,0,18,0,8,0,0,0,0,4,1,6,1,73,10,-1,-1,-1,6,2
2014131911375,1,9,0,7,0,8,0,0,0,0,1,1,1,1,64,9,1910,2,7,2,1
2014131911375,2,1,0,18,0,8,0,0,0,0,2,1,1,1,43,7,-1,-1,-1,3,3
2014131911473,1,9,0,9,0,0,0,0,0,0,4,1,6,2,53,8,1597,1,13,4,1
2014131911473,2,1,0,18,0,0,5,0,0,0,1,1,6,1,62,9,-1,-1,-1,4,1
2014131911497,1,9,0,8,0,6,0,0,0,0,4,1,6,2,25,5,1390,1,5,-1,-1
2014131911497,2,9,0,18,0,1,0,0,0,0,1,1,6,2,53,8,1299,1,12,6,3
2014131920245,1,9,0,9,0,8,0,0,0,0,1,1,2,1,57,9,1229,1,6,-1,1
2014131920245,2,1,0,18,0,8,0,0,0,0,1,1,2,2,43,7,-1,-1,-1,7,1
2014131920256,1,9,0,9,0,0,0,0,0,0,1,1,1,1,67,10,1596,1,9,5,1
2014131920256,2,1,0,18,0,0,0,0,1,0,3,1,1,1,48,8,-1,-1,-1,3,1
2014131920341,1,1,0,18,0,1,0,0,0,0,1,1,2,1,37,7,-1,-1,-1,6,2
2014131920341,2,19,0,9,0,5,0,0,0,0,4,1,1,1,49,8,2287,2,1,1,1
2014131920373,1,19,0,18,0,0,1,0,0,0,1,1,1,1,42,7,2488,2,6,8,1
2014131920373,2,9,0,3,0,0,0,0,0,0,2,1,6,1,25,5,1360,1,12,3,1
2014131920437,1,19,0,18,0,6,0,0,0,0,1,1,1,1,36,7,1598,2,-1,2,1