Accident_Index,Vehicle_Reference,Vehicle_Type,Towing_and_Articulation,Vehicle_Manoeuvre,Vehicle_Location-Restricted_Lane,Junction_Location,Skidding_and_Overturning,Hit_Object_in_Carriageway,Vehicle_Leaving_Carriageway,Hit_Object_off_Carriageway,1st_Point_of_Impact,Was_Vehicle_Left_Hand_Drive?,Journey_Purpose_of_Driver,Sex_of_Driver,Age_of_Driver,Age_Band_of_Driver,Engine_Capacity_(CC),Propulsion_Code,Age_of_Vehicle,Driver_IMD_Decile,Driver_Home_Area_Type
2014131A30739,2,9,0,4,0,0,0,0,0,0,2,1,1,1,43,7,1896,2,7,-1,-1
2014131A30739,3,9,0,4,0,0,0,0,0,0,2,1,6,2,70,10,1339,1,9,-1,-1
2014131A30814,1,9,0,18,0,0,0,0,0,0,1,1,6,2,24,5,1618,1,1,2,1
2014131A30814,2,9,0,3,0,0,0,0,0,0,2,1,1,1,23,5,1956,2,-1,10,1
2014131A30847,1,9,0,9,0,6,0,0,0,0,1,1,6,1,74,10,1796,1,15,1,1
2014131A30847,2,9,0,18,0,1,0,0,0,0,4,1,6,1,37,7,998,1,12,1,1
2014131A30896,1,19,0,18,0,0,0,0,0,0,2,1,6,1,50,8,1968,2,1,9,1
2014131A30896,2,1,0,18,0,0,5,0,0,0,1,1,6,1,8,2,-1,-1,-1,1,1
2014131A30953,1,9,0,1,0,0,0,0,0,0,2,1,6,3,-1,-1,-1,-1,-1,-1,-1
2014131A30953,2,1,0,4,0,0,0,0,0,0,3,1,6,1,13,3,-1,-1,-1,-1,-1
2014131A30971,1,9,0,4,0,1,0,0,0,0,1,1,2,2,35,6,973,1,12,4,1
2014131A30971,2,9,0,4,0,1,0,0,0,0,2,1,2,1,43,7,4367,2,2,6,3
2014131A31071,1,9,0,3,0,0,0,0,0,0,4,1,6,2,31,6,1598,1,3,9,1
2014131A31071,2,9,0,3,0,0,0,0,0,0,3,1,6,1,48,8,1976,1,3,4,1
2014131A31071,3,1,0,18,0,0,0,8,0,0,1,1,6,1,27,6,-1,-1,-1,10,1
2014131A31212,1,9,0,18,0,1,0,0,0,0,1,1,2,1,22,5,1956,2,1,9,1
2014131A31212,2,9,0,3,0,1,0,0,0,0,2,1,2,1,24,5,1368,1,4,2,1
2014131A31212,3,9,0,3,0,1,0,0,0,0,1,1,2,1,32,6,1587,1,10,7,1
2014131A31212,4,9,0,3,0,1,0,0,0,0,2,1,2,2,45,7,1364,1,6,9,1
2014131A31223,1,11,0,18,0,0,0,0,0,0,0,1,1,1,55,8,9360,2,5,-1,-1
2014131A31260,1,9,0,9,0,2,0,0,0,0,1,1,6,2,22,5,1598,1,8,4,1
2014131A31260,2,9,0,18,0,1,0,0,0,0,1,1,6,1,22,5,998,1,13,7,1
2014131A31336,1,5,0,18,0,8,1,0,0,0,4,1,2,1,22,5,942,1,5,4,1
2014131A31336,2,9,0,9,0,8,0,0,0,0,1,1,6,2,26,6,1595,1,11,7,1
2014131A31431,1,9,0,18,0,8,0,0,0,0,1,1,6,1,26,6,1598,1,14,1,1
2014131A40387,1,19,0,18,0,1,0,0,1,4,1,1,1,1,23,5,2402,2,3,3,1
2014131A40387,2,9,0,2,9,2,0,0,0,0,4,1,6,3,-1,-1,1242,1,9,-1,-1
2014131A40387,3,9,0,2,9,2,0,0,0,11,2,1,6,3,-1,-1,1995,2,8,-1,-1
2014131A40387,4,9,0,2,9,2,0,0,0,0,3,1,6,3,-1,-1,1995,2,6,-1,-1
2014131A40482,1,9,0,7,0,6,0,0,0,0,3,1,6,1,30,6,1598,1,1,7,1
2014131A40482,2,1,0,18,0,8,0,0,0,0,1,1,6,1,48,8,-1,-1,-1,6,1
2014131A40513,1,9,0,18,0,0,0,4,7,0,4,1,6,2,30,6,1749,1,11,9,3
2014131A40513,2,9,0,2,0,0,0,0,0,0,4,1,6,1,-1,-1,1794,1,7,1,1
2014131A40521,1,9,0,4,0,0,0,0,0,0,1,1,6,2,17,4,1248,2,8,2,1
2014131A40521,2,9,0,4,0,0,0,0,0,0,2,1,6,1,33,6,1686,2,3,3,2
2014131A40521,3,9,0,4,0,0,0,0,0,0,2,1,6,1,38,7,1910,2,6,3,1
2014131A40620,1,9,0,9,0,6,0,0,0,0,3,1,6,1,20,4,1598,1,8,5,1
2014131A40620,2,9,0,18,0,8,0,0,0,0,1,1,6,1,35,6,1984,1,10,10,1
2014131A40717,1,9,0,5,0,0,0,0,0,0,3,1,6,1,61,9,1560,2,1,-1,1
2014131A40717,2,11,0,13,0,0,0,0,0,0,4,1,1,1,42,7,7300,2,5,8,3
2014131A40849,1,9,0,2,0,0,0,0,0,0,2,1,3,1,21,5,1596,1,4,1,1
2014131A40879,1,9,0,9,0,8,0,0,0,0,1,1,1,1,46,8,1896,2,4,5,1
2014131A40879,2,9,0,18,0,8,0,0,0,0,1,1,2,1,23,5,1868,2,13,3,1
2014131A40901,1,9,0,9,0,6,0,0,0,0,3,1,6,2,58,9,1598,2,2,3,1
2014131A40901,2,9,0,18,0,1,0,0,0,0,4,1,6,1,31,6,1997,2,6,-1,-1
2014131A41009,1,9,0,18,0,1,0,0,0,0,3,1,6,1,33,6,1968,2,-1,-1,-1
2014131A41016,1,9,0,18,0,0,0,0,0,0,1,1,6,2,20,4,1390,1,1,6,1
2014131A41016,2,9,0,3,0,0,0,0,0,0,2,1,6,1,30,6,1600,1,16,3,1
2014131A41127,1,9,0,7,0,6,0,0,0,0,3,1,6,1,38,7,1984,1,12,-1,-1
2014131A41127,2,9,0,9,0,1,0,0,0,0,1,1,6,1,33,6,1199,1,11,-1,-1
2014131A41192,1,9,0,18,0,8,0,0,0,0,3,1,6,2,33,6,1296,1,8,2,1
2014131A41192,2,9,0,18,0,8,0,0,0,0,1,1,6,1,72,10,1896,2,11,4,1
2014131A41379,1,9,0,9,0,1,0,0,0,0,1,1,6,1,24,5,998,1,6,1,1
2014131A41379,2,9,0,18,0,1,0,0,0,0,1,1,6,1,26,6,1229,1,6,8,3
2014131A41379,3,9,0,18,0,1,0,0,0,0,3,1,6,1,28,6,6208,1,2,1,1
2014131A41379,4,9,0,3,0,2,0,0,0,0,1,1,6,2,25,5,2000,2,10,6,1
2014131A41557,1,9,0,18,0,1,0,0,0,0,1,1,6,1,60,9,1598,1,15,1,1
2014131A41557,2,9,0,18,0,1,0,0,0,0,1,1,6,1,35,6,1968,2,7,1,1
2014131A50307,1,9,0,18,0,2,0,0,0,0,1,1,6,3,-1,-1,1390,1,4,-1,-1
2014131A50656,1,9,0,18,0,0,0,0,0,0,4,1,6,1,78,11,998,1,12,7,1
2014131A50656,2,3,0,18,0,0,0,0,0,0,1,1,6,1,21,5,124,1,6,9,1
2014131A50825,1,9,0,18,0,0,0,0,0,0,1,1,6,1,79,11,1229,1,8,-1,-1
2014131A51078,1,9,0,18,0,0,0,0,0,0,3,1,6,1,44,7,1364,2,3,1,1
2014131A51098,1,9,0,18,0,0,0,0,0,0,1,1,6,2,34,6,1798,7,10,9,1
2014131A51098,2,8,0,18,0,0,0,0,0,0,2,1,1,1,32,6,1968,2,7,2,1
2014131A51187,1,9,0,18,0,0,0,0,0,0,4,1,6,1,37,7,1598,1,-1,-1,-1
2014131A51187,2,9,0,18,0,0,0,0,0,0,3,1,6,1,41,7,2993,2,9,1,1
2014131A51254,1,9,0,18,0,0,0,0,0,0,4,1,6,2,-1,-1,-1,-1,-1,-1,-1
2014131A51602,1,9,0,18,0,0,0,0,0,0,4,1,6,2,45,7,2993,2,6,9,3
2014131A51652,1,9,0,7,0,3,0,0,0,0,1,1,1,1,39,7,1794,1,8,3,1
2014131A51652,2,1,0,18,0,8,0,0,0,0,1,1,6,1,61,9,-1,-1,-1,5,1
2014131A60194,1,9,0,18,0,0,0,0,0,0,4,1,6,1,47,8,1199,1,10,-1,1
2014131A60246,1,19,0,18,0,0,1,0,7,11,1,1,1,1,45,7,2198,2,2,4,2
2014131A60305,1,8,0,7,0,8,0,0,0,0,1,1,6,1,-1,-1,-1,-1,-1,-1,-1
2014131A60431,1,1,0,18,0,0,2,0,1,0,1,1,6,1,58,9,-1,-1,-1,1,1
2014131A60431,2,9,0,2,0,0,0,0,0,0,2,1,6,2,-1,-1,1995,2,1,6,1
2014131A60464,1,9,0,8,0,1,0,0,0,0,1,1,1,1,56,9,1896,2,5,1,1
2014131A60464,2,90,0,18,0,8,0,0,0,0,4,1,6,1,23,5,-1,-1,-1,2,1
2014131A60629,1,9,0,18,0,4,0,0,0,0,1,1,6,2,37,7,1198,1,-1,-1,-1
2014131A60629,2,9,0,18,0,4,0,0,0,0,1,1,6,2,21,5,1995,2,9,-1,-1
2014131A60661,1,19,0,16,0,0,1,0,0,0,1,1,1,1,30,6,2402,2,7,4,1
2014131A60661,2,9,0,18,0,0,0,0,0,0,1,1,6,1,37,7,1685,2,2,7,3
2014131A60686,1,9,0,3,0,1,0,0,0,0,2,1,2,2,50,8,1248,2,5,4,1
2014131A60686,2,21,1,18,0,1,0,0,0,0,1,1,1,1,45,7,10518,2,5,7,1
2014131A60721,1,9,0,18,0,0,0,0,0,0,1,1,6,1,23,5,1598,1,10,-1,1
2014131A60721,2,9,0,4,0,0,0,0,0,0,2,1,6,1,65,9,1149,1,7,1,1
2014131A60721,3,9,0,4,0,0,0,0,0,0,2,1,6,2,19,4,1686,2,6,2,1
2014131A60834,1,9,0,18,0,2,0,0,1,0,1,1,6,3,-1,-1,-1,-1,-1,-1,-1
2014131A60839,1,9,0,5,0,0,0,0,0,0,4,1,1,1,36,7,1896,2,7,1,1
2014131A60885,1,2,0,18,0,1,1,0,0,0,1,1,6,1,16,4,49,1,11,10,1
2014131A60885,2,9,0,18,0,1,0,0,0,0,2,1,2,2,47,8,1598,2,4,9,1
2014131A60903,1,9,0,7,0,8,0,0,0,0,4,1,6,2,22,5,998,1,13,3,1
2014131A60909,1,9,0,6,0,0,0,0,0,0,3,1,6,1,25,5,1598,1,8,1,1
2014131A60909,2,8,0,18,0,0,0,0,0,0,1,1,1,1,56,9,1248,2,7,2,1
2014131A60909,3,19,0,18,0,0,0,0,0,0,1,1,1,1,33,6,2148,2,6,1,1
2014131A60929,1,9,0,3,0,0,0,0,0,0,2,1,6,1,24,5,1360,1,7,1,1
2014131A60929,2,9,0,18,0,0,0,0,0,0,1,1,6,1,33,6,1398,1,13,1,1
2014131A61020,1,9,0,1,0,0,0,0,0,0,2,1,3,1,17,4,1198,1,2,3,1
2014131A61020,2,9,0,3,0,0,0,0,0,0,1,1,6,2,40,7,1229,1,6,8,1
2014131A61131,1,9,0,9,0,6,0,0,0,0,1,1,6,2,47,8,1968,2,2,3,1
2014131A61131,2,19,0,18,0,1,0,0,0,0,4,1,1,2,36,7,-1,-1,-1,9,1
2014131A61261,1,8,0,4,0,8,1,0,0,0,1,1,1,1,30,6,1896,2,6,1,1
2014131A61261,2,9,0,3,0,8,0,0,0,0,2,1,6,2,43,7,1124,1,14,2,1
2014131A61264,1,9,0,13,0,1,0,0,0,1,4,1,6,1,32,6,1596,1,-1,-1,-1
2014131A61264,2,9,0,9,0,1,0,0,0,0,3,1,6,1,39,7,1896,2,11,4,1
2014131A61330,1,9,0,8,0,1,0,0,0,0,2,1,6,1,41,7,898,1,-1,4,1
2014131A61330,2,9,0,18,0,1,0,0,0,0,1,1,6,1,22,5,1997,2,2,8,1
2014131A70189,1,9,0,9,0,8,0,0,0,0,1,1,6,1,17,4,1349,1,2,1,1
2014131A70189,2,9,0,18,0,8,0,0,0,0,3,1,2,2,62,9,998,1,6,8,1
2014131A70189,3,11,0,4,0,1,0,0,0,0,1,1,1,1,52,8,9600,2,14,-1,-1
2014131A70197,1,9,0,9,0,1,0,0,0,0,1,1,2,2,30,6,1198,1,9,9,1
2014131A70197,2,3,0,18,0,1,1,0,0,0,1,1,2,1,49,8,125,1,2,6,1
2014131A70244,1,9,0,6,0,0,0,0,0,0,3,1,6,2,33,6,1598,1,3,8,2
2014131A70244,2,4,0,18,0,0,0,0,0,0,1,1,2,1,41,7,305,1,20,4,1
2014131A70282,1,9,0,7,0,5,0,0,0,0,0,1,2,1,28,6,1199,2,2,8,1
2014131A70282,2,1,0,18,4,1,0,0,0,0,0,1,2,1,42,7,-1,-1,-1,-1,-1
2014131A70295,1,9,0,1,0,6,0,0,1,11,2,1,6,2,76,11,1461,2,-1,9,1
2014131A70326,1,9,0,18,0,0,0,0,0,0,1,1,6,1,20,4,1896,2,11,5,1
2014131A70326,2,9,0,18,0,0,0,0,0,0,1,1,2,1,36,7,2183,2,2,1,1
2014131A70469,1,9,0,5,0,7,0,0,0,0,1,1,6,1,22,5,1242,1,10,4,1
2014131A70469,2,9,0,18,0,1,0,0,0,0,1,1,6,1,47,8,1560,2,7,4,1
2014131A70756,1,21,0,18,0,0,0,0,1,0,1,2,1,1,46,8,-1,-1,-1,-1,-1
2014131A70756,2,9,0,4,0,0,1,0,7,0,2,1,6,2,47,8,998,1,2,10,2
2014131A70756,3,9,0,3,0,0,0,0,0,0,2,1,6,1,60,9,1783,1,11,2,1
2014131A70756,4,21,0,3,0,0,0,0,0,0,2,1,1,1,60,9,12900,2,2,-1,-1
2014131A70812,1,9,0,9,0,5,0,0,0,0,1,1,6,2,72,10,1360,1,12,3,1
2014131A70812,2,1,0,18,0,8,5,0,0,0,1,1,6,1,35,6,-1,-1,-1,2,1
2014131A70921,1,3,0,9,0,8,0,0,0,0,3,1,6,2,25,5,125,1,-1,5,1
2014131A70921,2,8,0,18,0,8,0,0,0,0,1,1,1,1,48,8,1997,2,7,10,1
2014131A70953,1,3,0,7,0,8,0,0,0,0,1,1,6,2,18,4,124,1,3,1,1
2014131A70967,1,9,0,18,0,8,0,0,0,0,4,1,2,1,44,7,1242,1,11,2,1
2014131A70967,2,1,0,18,0,8,0,0,0,0,3,1,2,1,44,7,-1,-1,-1,1,1
2014131A71026,1,9,0,1,0,0,0,0,0,0,2,1,2,2,54,8,2231,2,3,6,1
2014131A71026,2,9,0,3,0,0,0,0,0,0,1,1,6,2,43,7,998,1,11,9,1
2014131A71353,1,9,0,18,0,2,0,0,0,0,1,1,6,1,44,7,1149,1,13,3,1
2014131A71377,1,9,0,9,0,6,0,0,0,0,3,1,6,1,45,7,1364,1,6,1,1
2014131A71377,2,3,0,18,0,1,0,0,0,0,1,1,6,1,43,7,124,1,11,1,1
2014131A71638,1,2,0,9,0,5,1,0,0,0,0,1,6,1,28,6,-1,-1,-1,1,1
2014131A71714,1,9,0,18,0,0,0,0,0,0,1,1,6,2,18,4,1896,2,11,-1,-1
2014131A71714,2,9,0,2,0,0,0,0,0,0,3,1,6,3,-1,-1,1998,2,7,-1,-1
2014131A80174,1,9,0,18,0,7,0,0,0,0,1,1,2,2,29,6,999,1,1,4,1
2014131A80174,2,9,0,18,0,7,0,0,0,0,2,1,2,2,40,7,1195,1,17,3,1
2014131A80249,1,9,0,7,0,6,0,0,0,0,2,1,3,2,40,7,1598,1,8,4,1
2014131A80249,2,9,0,7,0,6,0,0,0,0,1,1,2,1,37,7,1997,2,6,4,1
2014131A80268,1,19,0,9,0,1,0,0,0,0,1,1,2,1,26,6,1870,2,13,1,1
2014131A80268,2,1,0,18,0,1,1,0,0,0,1,1,2,1,52,8,-1,-1,-1,6,1
2014131A80500,1,9,0,18,0,8,0,0,0,0,3,1,6,1,-1,-1,-1,-1,-1,-1,-1
2014131A80500,2,2,0,18,0,8,0,0,0,0,4,1,6,1,24,5,49,1,-1,3,1
2014131A80776,1,9,0,18,0,3,0,0,0,10,4,1,6,2,21,5,998,1,7,-1,-1
2014131A80776,2,9,0,18,0,3,0,0,0,0,3,1,6,2,21,5,1390,1,10,-1,-1
2014131A80855,1,9,0,18,0,1,0,0,0,0,1,1,6,1,26,6,1995,2,-1,1,1
2014131A80855,2,9,0,9,0,1,0,0,0,0,2,1,6,1,25,5,1896,2,13,2,1
2014131A80859,1,9,0,18,0,0,0,0,0,0,4,1,6,1,76,11,1242,1,10,7,1
2014131A81009,1,9,0,18,0,0,0,0,0,0,2,1,6,2,41,7,2982,2,9,10,1
2014131A81009,2,21,1,18,0,0,0,0,0,0,1,1,1,1,49,8,12900,2,2,4,3
2014131A81009,3,21,1,18,0,0,0,0,0,0,1,1,1,1,49,8,-1,2,11,5,2
2014131A81062,1,9,0,9,0,6,0,0,0,0,3,1,6,2,39,7,1299,1,8,8,1
2014131A81062,2,9,0,18,0,8,0,0,0,0,1,1,6,2,73,10,1242,1,2,7,1
2014131A81247,1,9,0,5,0,8,0,0,1,11,3,1,6,2,40,7,1910,2,9,3,1
2014131A81247,2,9,0,14,0,8,0,0,0,0,1,1,6,1,18,4,1968,2,7,6,1
2014131A81414,1,9,0,7,0,8,0,0,0,0,1,1,6,1,40,7,1796,1,13,-1,-1
2014131A90026,1,3,0,18,0,8,2,0,1,0,0,1,2,1,50,8,-1,-1,-1,7,1
2014131A90230,1,9,0,18,0,1,0,0,1,10,1,1,2,2,60,9,1242,1,7,1,1
2014131A90230,2,9,0,10,0,1,0,0,0,0,2,1,2,1,44,7,1905,2,19,6,1
2014131A90230,3,9,0,18,0,2,0,0,0,0,2,1,1,1,52,8,1896,2,5,6,1
2014131A90297,1,9,0,18,0,4,0,0,0,0,3,1,6,2,23,5,1299,1,7,-1,-1
2014131A90297,2,9,0,18,0,8,0,0,0,0,1,1,6,1,23,5,2494,2,8,-1,-1
2014131A90297,3,9,0,2,0,2,0,0,0,0,2,1,6,2,42,7,1796,1,13,-1,-1
2014131A90297,4,9,0,2,0,2,0,0,0,0,1,1,6,1,29,6,1997,2,11,-1,-1
2014131A90343,1,9,0,18,0,0,0,0,0,0,1,1,6,2,68,10,1199,1,11,6,2
2014131A90343,2,9,0,18,0,0,0,0,0,0,2,1,6,2,31,6,1149,1,4,2,1
2014131A90343,3,9,0,18,0,0,0,0,0,0,1,1,6,2,29,6,998,1,1,4,1
2014131A90436,1,3,0,9,0,8,0,0,0,0,3,1,6,1,46,8,123,1,-1,4,1
2014131A90436,2,8,0,18,0,8,0,0,0,0,0,1,1,3,-1,-1,-1,-1,-1,-1,-1
2014131A90486,1,9,0,4,0,1,0,0,0,0,2,1,6,1,28,6,1896,2,7,1,1
2014131A90486,2,11,0,18,0,1,0,0,0,0,1,1,1,1,41,7,6374,2,5,4,1
2014131A90536,1,9,0,18,0,8,0,0,0,0,1,1,6,1,54,8,1461,2,10,3,1
2014131A90536,2,9,0,18,0,8,0,0,0,0,3,1,6,1,58,9,2204,2,8,9,1
2014131A90800,1,9,0,16,0,0,1,0,0,0,1,1,6,1,22,5,1598,1,2,-1,-1
2014131A90800,2,9,0,2,0,0,0,0,0,0,3,1,6,3,-1,-1,-1,-1,-1,-1,-1
2014131A90800,3,19,0,2,0,0,0,0,0,0,2,1,6,3,-1,-1,1968,2,3,-1,-1
2014131A90800,4,9,0,2,0,0,0,0,0,0,2,1,6,3,-1,-1,-1,-1,-1,-1,-1
2014131A90800,5,9,0,2,0,0,0,0,0,0,2,1,6,3,-1,-1,1910,2,8,-1,-1
2014131A90952,1,19,0,18,0,0,0,0,0,0,1,1,1,1,43,7,1870,2,11,6,1
2014131A91000,1,9,0,3,0,0,0,0,0,0,2,1,6,1,40,7,-1,-1,-1,4,1
2014131A91000,2,19,0,3,0,0,0,0,0,0,2,1,6,1,44,7,2500,2,13,-1,-1
2014131A91000,3,9,0,18,0,0,0,0,0,0,1,1,6,1,63,9,1120,2,2,8,3
2014131A91030,1,9,0,18,0,8,0,0,0,0,1,1,6,1,60,9,1997,2,1,-1,-1
2014131A91030,2,9,0,18,0,8,0,0,7,10,4,1,6,1,50,8,-1,-1,-1,-1,-1
2014131A91032,1,9,0,6,0,0,0,0,0,0,3,1,6,2,38,7,1124,1,9,1,1
2014131A91032,2,9,0,18,0,0,0,0,0,0,1,1,6,2,44,7,1560,2,7,5,1
2014131A91050,1,2,0,18,0,1,0,0,0,0,1,1,6,1,16,4,49,1,4,-1,-1
2014131A91050,2,9,0,18,0,6,0,0,0,0,4,1,6,1,75,10,2148,2,9,10,1
2014131A91065,1,5,0,18,0,0,0,0,0,0,3,1,6,1,59,9,1584,1,4,8,1
2014131A91065,2,9,0,18,0,0,0,0,0,0,0,1,6,1,56,9,1598,1,11,1,1
2014131A91065,3,9,0,18,0,0,0,0,0,0,0,1,6,1,30,6,1995,2,2,8,3
2014131A91065,4,9,0,18,0,0,0,0,0,0,0,1,6,1,22,5,1560,2,4,7,1
2014131A91065,5,9,0,18,0,0,0,0,0,0,0,1,6,1,49,8,1839,1,10,-1,-1
2014131A91065,6,9,0,18,0,0,0,0,0,0,2,1,6,2,57,9,1242,1,1,5,3
2014131A91108,1,9,0,18,0,0,0,0,0,0,1,1,6,2,46,8,996,1,1,3,1
2014131A91260,1,9,0,18,0,0,0,0,0,0,3,1,4,1,51,8,1150,1,7,2,1
2014131A91544,1,9,0,18,0,0,0,0,1,0,0,1,1,1,41,7,-1,-1,-1,-1,-1
2014131A91693,1,2,0,18,9,0,2,0,0,0,1,1,6,1,26,6,-1,-1,-1,1,1
2014131AA0083,1,9,0,18,0,8,0,0,0,0,1,1,6,1,49,8,998,1,-1,2,1
2014131AA0216,1,9,0,12,0,0,0,0,0,0,2,1,2,2,34,6,1998,1,8,3,1
2014131AA0216,2,5,0,18,0,0,0,0,0,0,1,1,2,1,29,6,599,1,12,7,1
2014131AA0282,1,8,0,9,0,6,0,0,0,0,3,1,1,1,46,8,1956,2,5,2,1
2014131AA0282,2,4,0,18,0,1,0,0,0,0,1,1,2,1,34,6,249,1,23,2,1
2014131AA0293,1,1,0,18,0,8,0,0,0,0,1,1,6,1,24,5,-1,-1,-1,9,1
2014131AA0293,2,9,0,18,0,1,0,0,0,0,4,1,1,1,51,8,-1,-1,-1,9,3
2014131AA0347,1,9,0,18,0,4,0,0,0,0,1,1,6,2,32,6,998,1,6,1,1
2014131AA0347,2,9,0,18,0,4,0,0,0,0,3,1,6,2,89,11,1242,1,7,7,1
2014131AA0366,1,20,1,16,0,0,0,0,0,0,1,1,1,1,58,9,4250,2,7,2,1
2014131AA0366,2,9,0,16,0,0,0,0,0,0,2,1,6,1,64,9,1248,1,-1,7,1
2014131AA0409,1,9,0,9,0,0,5,4,0,0,4,1,6,1,28,6,1900,2,8,3,1
2014131AA0409,2,9,0,2,0,0,0,0,0,0,3,1,6,3,-1,-1,1587,1,7,7,1
2014131AA0448,1,9,0,9,0,1,0,0,0,0,1,1,6,1,24,5,1995,2,7,5,2
2014131AA0448,2,9,0,18,0,1,0,0,0,0,1,1,6,1,39,7,1461,2,-1,1,1
2014131AA0453,1,9,0,11,0,0,0,0,0,0,4,1,6,1,51,8,1390,1,4,5,1
2014131AA0453,2,1,0,18,0,0,0,0,0,0,1,1,6,2,41,7,-1,-1,-1,8,1
2014131AA0493,1,21,1,18,0,0,1,0,0,0,4,1,1,1,27,6,10518,2,5,-1,-1
2014131AA0493,2,9,0,18,0,0,0,0,0,0,3,1,6,1,41,7,1199,1,11,5,1
2014131AA0822,1,9,0,9,0,6,0,0,0,0,1,1,6,3,-1,-1,1968,2,3,-1,-1
2014131AA0822,2,9,0,18,0,8,0,0,0,0,3,1,6,1,55,8,1596,1,13,1,1
2014131AA0852,1,9,0,6,0,1,0,0,0,0,2,1,3,2,34,6,1339,1,11,2,1
2014131AA0852,2,3,0,18,0,1,0,0,0,0,1,1,6,1,19,4,125,1,3,3,1
2014131AA0936,1,1,0,18,0,1,0,0,0,0,3,1,6,1,31,6,-1,-1,-1,8,1
2014131AA0936,2,9,0,18,0,1,0,0,0,0,1,1,6,3,-1,-1,-1,-1,-1,-1,-1
2014131AA0937,1,9,0,18,0,8,0,0,0,0,1,1,6,1,-1,-1,-1,-1,-1,-1,-1
2014131AA0945,1,9,0,4,0,1,0,0,0,0,3,1,2,1,32,6,1396,1,11,2,1
2014131AA0956,1,9,0,13,0,0,2,4,1,10,3,1,6,1,38,7,3179,1,13,10,1
2014131AA0956,2,9,0,18,0,0,0,0,0,0,0,1,2,1,36,7,1596,1,3,6,1
2014131AA0956,3,19,0,2,6,0,0,0,0,0,2,1,1,1,33,6,2143,2,-1,4,1
2014131AA0966,1,11,0,2,0,0,0,0,0,0,0,1,1,1,49,8,5480,2,13,1,1
2014131AA1017,1,11,0,5,0,0,0,0,0,0,0,1,1,1,49,8,6692,2,2,-1,-1
2014131AA1053,1,9,0,5,0,1,0,0,0,0,1,1,6,2,20,4,1400,1,9,1,1
2014131AA1053,2,9,0,18,0,8,0,0,7,11,4,1,6,2,34,6,1998,2,10,3,1
2014131AA1059,1,3,0,18,0,0,0,0,0,0,1,1,6,1,17,4,125,1,-1,8,3
2014131AA1059,2,11,0,2,0,0,0,0,0,0,2,1,1,1,-1,-1,-1,2,14,-1,-1
2014131AA1071,1,19,0,4,0,0,0,0,0,0,1,1,6,1,45,7,1560,2,1,1,1
2014131AA1071,2,9,0,4,0,0,0,0,0,0,2,1,6,2,41,7,1796,1,4,-1,1
2014131AA1071,3,9,0,4,0,0,0,0,0,0,2,1,6,1,55,8,1995,2,1,-1,1
2014131AA1092,1,11,0,18,0,0,0,0,0,0,0,1,1,1,56,9,7300,2,8,9,3
2014131AA1113,1,9,0,18,0,0,0,0,0,0,0,1,6,1,28,6,1364,1,10,10,3
2014131AA1129,1,9,0,18,0,8,0,0,0,0,1,1,6,2,28,6,1242,1,4,2,1
2014131AA1129,2,9,0,18,0,8,0,0,0,0,2,1,6,1,38,7,1596,1,13,-1,1
2014131AA1301,1,9,0,9,0,8,0,0,0,0,3,1,6,1,49,8,1598,1,5,9,1
2014131AA1301,2,9,0,18,0,8,0,0,0,0,4,1,6,1,35,6,1086,1,10,4,1
2014131AA1310,1,9,0,9,0,1,0,0,0,0,3,1,2,1,42,7,1587,1,8,3,1
2014131AA1310,2,1,0,18,0,1,0,0,0,0,1,1,2,1,25,5,-1,-1,-1,-1,-1
2014131AA1487,1,11,0,18,0,1,0,0,0,0,0,1,1,1,53,8,-1,-1,-1,7,1
2014131AA1701,1,9,0,10,0,8,0,0,0,0,4,1,6,1,22,5,999,1,13,3,1
2014131AA1701,2,19,0,18,0,8,0,0,0,0,1,1,6,1,36,7,1995,2,2,2,1
2014131AA1701,3,9,0,18,0,8,0,0,0,0,0,1,6,3,-1,-1,-1,-1,-1,-1,-1
2014131AB0041,1,8,0,18,0,0,0,0,0,0,4,1,1,1,29,6,1997,2,10,4,1
2014131AB0359,1,9,0,12,0,6,0,0,0,0,1,1,2,1,63,9,1598,1,12,2,1
2014131AB0359,2,8,0,12,0,6,0,0,0,0,2,1,1,1,43,7,1598,2,1,7,1
2014131AB0515,1,9,0,1,9,0,0,0,0,0,2,1,6,1,68,10,1997,2,-1,-1,-1
2014131AB0636,1,9,0,18,0,6,0,0,0,0,1,1,1,2,41,7,1299,1,12,-1,-1
2014131AB0636,2,8,0,18,0,1,0,0,0,0,4,1,1,1,32,6,1896,2,6,-1,-1
2014131AB0766,1,9,0,18,0,0,0,0,0,0,1,1,6,2,26,6,1198,1,10,10,1
2014131AB0952,1,3,0,18,0,0,5,0,0,0,1,1,6,1,21,5,124,1,8,2,1
2014131AB0952,2,9,0,13,0,0,0,0,0,0,1,1,6,3,-1,-1,-1,-1,-1,-1,-1
2014131AB1058,1,9,0,18,0,0,1,0,1,7,1,1,2,1,36,7,2283,2,13,7,2
2014131AB1383,1,9,0,17,0,0,0,0,0,0,1,1,6,2,41,7,1199,1,10,1,1
2014131AB1383,2,3,0,18,0,0,1,0,0,0,1,1,6,1,22,5,125,1,-1,8,1
2014131AB1810,1,9,0,18,0,8,0,0,0,0,1,1,6,3,-1,-1,1753,2,7,-1,-1
2014131AB1810,2,8,0,18,0,8,0,0,0,0,3,1,1,1,34,6,1998,1,9,-1,-1
2014131AC0057,1,8,0,6,0,0,0,0,0,0,3,1,1,1,54,8,1956,2,3,3,1
2014131AC0057,2,9,0,18,0,0,0,0,0,0,1,1,6,1,18,4,1229,1,8,9,1
2014131AC0215,1,9,0,18,0,4,2,9,8,1,1,1,6,2,26,6,1368,1,5,7,1