Accident_Index,Vehicle_Reference,Vehicle_Type,Towing_and_Articulation,Vehicle_Manoeuvre,Vehicle_Location-Restricted_Lane,Junction_Location,Skidding_and_Overturning,Hit_Object_in_Carriageway,Vehicle_Leaving_Carriageway,Hit_Object_off_Carriageway,1st_Point_of_Impact,Was_Vehicle_Left_Hand_Drive?,Journey_Purpose_of_Driver,Sex_of_Driver,Age_of_Driver,Age_Band_of_Driver,Engine_Capacity_(CC),Propulsion_Code,Age_of_Vehicle,Driver_IMD_Decile,Driver_Home_Area_Type
2014131AU1357,2,9,0,7,0,0,0,0,0,0,3,1,6,2,26,6,1149,1,13,2,1
2014131AU1357,3,9,0,2,0,0,0,0,0,0,3,1,6,1,30,6,1968,2,3,-1,-1
2014131AU1556,1,9,0,9,0,8,0,0,0,0,1,1,6,1,41,7,1248,2,7,1,1
2014131AU1571,1,20,0,1,0,0,0,0,0,0,2,1,1,1,45,7,-1,-1,-1,-1,-1
2014131AU1584,1,9,0,18,0,6,0,0,0,0,1,1,6,2,21,5,1598,1,9,3,1
2014131AU1584,2,9,0,18,0,8,0,0,0,0,3,1,6,1,32,6,1332,1,17,-1,-1
2014131AU1711,1,9,0,18,0,0,0,0,0,0,4,1,6,1,48,8,-1,-1,-1,-1,-1
2014131AV0265,1,4,0,16,0,0,2,0,0,0,4,1,1,1,21,5,399,1,13,10,2
2014131AV0487,1,9,0,4,0,1,0,0,0,0,2,1,6,1,69,10,-1,-1,-1,1,1
2014131AV0487,2,9,0,18,0,1,0,0,0,0,1,1,6,1,40,7,1329,1,5,-1,-1
2014131AV0724,1,19,0,9,0,8,0,0,0,0,3,1,1,1,43,7,2148,2,7,4,1
2014131AV0724,2,1,0,18,0,8,0,0,0,0,1,1,6,2,49,8,-1,-1,-1,6,1
2014131AV0731,1,9,0,5,0,1,0,0,0,0,1,1,6,1,26,6,-1,-1,-1,-1,-1
2014131AV0731,2,9,0,18,0,1,0,0,0,0,4,1,1,1,47,8,1995,2,4,2,1
2014131AV0752,1,9,0,18,0,0,0,0,0,0,2,1,6,1,48,8,1149,1,2,2,1
2014131AV0752,2,9,0,18,0,0,1,0,0,0,1,1,6,2,30,6,1598,1,5,10,1
2014131AV0752,3,9,0,18,0,0,1,0,0,0,1,1,6,1,25,5,998,1,7,3,1
2014131AV0800,1,9,0,9,0,6,0,0,0,0,4,1,6,2,64,9,1242,1,2,8,1
2014131AV0800,2,1,0,18,4,8,0,0,0,0,3,1,6,1,33,6,-1,-1,-1,-1,-1
2014131AV0821,1,19,0,18,0,0,0,0,0,0,1,1,6,3,32,6,-1,-1,-1,-1,-1
2014131AV0858,1,9,0,7,0,8,0,0,0,0,4,1,2,1,33,6,1870,2,12,3,1
2014131AV0897,1,1,0,18,0,8,0,0,0,0,1,1,6,1,26,6,-1,-1,-1,2,1
2014131AV0897,2,9,0,9,0,8,0,0,0,0,1,1,6,2,65,9,1296,1,7,2,1
2014131AV0921,1,9,0,4,0,0,0,0,0,0,1,1,6,1,65,9,1896,2,5,6,2
2014131AV0921,2,9,0,4,0,0,0,0,0,0,2,1,6,1,39,7,1968,2,2,7,1
2014131AV1055,1,9,0,18,0,4,0,0,1,1,3,1,6,1,25,5,1951,2,13,3,1
2014131AV1055,2,9,0,5,0,8,0,0,0,0,1,1,6,1,23,5,2993,2,2,9,1
2014131AV1059,1,20,0,9,0,1,0,0,0,0,4,1,6,1,50,8,-1,-1,-1,4,1
2014131AV1059,2,5,0,18,0,1,0,0,0,0,1,1,6,1,64,9,745,1,5,1,1
2014131AV1250,1,9,0,9,0,1,0,0,0,0,0,1,6,2,21,5,1598,1,4,4,1
2014131AV1250,2,1,0,18,4,1,0,0,0,0,2,1,6,1,50,8,-1,-1,-1,3,1
2014131AV1394,1,9,0,18,0,0,0,0,0,0,2,1,6,1,36,7,-1,-1,-1,8,2
2014131AV1394,2,9,0,18,0,0,0,0,4,6,0,1,6,1,36,7,1995,2,6,8,1
2014131AV1394,3,19,0,18,0,0,0,0,4,6,0,1,6,2,30,6,1248,2,3,7,1
2014131AV1724,1,9,0,18,0,0,0,0,0,0,1,1,6,1,28,6,1798,1,5,1,1
2014131AV1724,2,9,0,4,0,0,0,0,0,0,2,1,6,1,26,6,1598,2,3,1,1
2014131AV2173,1,9,0,18,0,0,0,0,0,0,1,1,6,3,26,6,1968,2,10,-1,-1
2014131AV2173,2,9,0,9,0,0,0,4,0,0,1,1,6,1,27,6,1686,2,11,2,1
2014131AV2173,3,9,0,2,0,0,0,0,0,0,1,1,6,3,42,7,-1,-1,-1,-1,-1
2014131AV2219,1,9,0,18,0,0,1,0,1,4,1,1,6,1,31,6,998,1,11,4,1
2014131B10030,1,8,0,18,0,0,0,0,0,0,4,1,1,3,35,6,-1,-1,-1,-1,-1
2014131B10073,1,8,0,18,0,0,0,0,0,0,1,1,1,1,60,9,1560,2,3,8,1
2014131B10260,1,9,0,18,0,8,0,0,0,0,1,1,6,1,48,8,1794,1,10,2,1
2014131B10260,2,9,0,18,0,8,0,0,0,0,1,1,6,1,27,6,1199,1,13,2,1
2014131B10285,1,8,0,18,0,0,0,0,0,0,3,1,1,1,44,7,1598,2,1,1,1
2014131B10285,2,21,1,18,0,0,0,0,0,0,4,1,1,1,46,8,12900,2,2,4,1
2014131B10605,1,9,0,16,0,0,0,0,0,0,4,1,6,1,25,5,1596,1,8,1,1
2014131B10605,2,9,0,17,0,0,5,0,0,0,4,1,6,1,54,8,-1,-1,-1,3,3
2014131B10642,1,9,0,9,0,8,0,0,0,0,1,1,6,2,33,6,1587,1,14,2,1
2014131B10642,2,9,0,18,0,8,0,0,0,0,1,1,1,2,44,7,1968,2,-1,8,1
2014131B10765,1,9,0,18,0,1,0,0,0,0,1,1,6,1,49,8,1968,2,3,6,1
2014131B10765,2,8,0,4,0,1,0,0,0,0,2,1,1,1,34,6,1896,2,6,-1,-1
2014131B10871,1,9,0,9,0,6,0,0,0,0,1,1,6,2,32,6,1598,1,8,7,1
2014131B10871,2,9,0,18,0,8,0,0,0,0,1,1,6,1,68,10,1799,1,16,1,1
2014131B11062,1,9,0,9,0,6,0,0,0,0,1,1,6,2,27,6,1124,1,9,9,3
2014131B11062,2,1,0,9,0,8,0,0,0,0,3,1,6,1,52,8,-1,-1,-1,8,2
2014131B11136,1,9,0,18,0,6,0,0,0,0,3,1,6,2,57,9,1248,2,6,4,1
2014131B11136,2,1,0,18,0,8,0,0,0,0,1,1,6,2,23,5,-1,-1,-1,4,1
2014131B11264,1,9,0,7,0,1,0,0,0,0,1,1,6,2,44,7,2987,2,6,7,1
2014131B11881,1,9,0,18,0,8,0,0,0,0,1,1,6,3,38,7,-1,-1,-1,-1,-1
2014131B11976,1,1,0,18,0,1,0,0,0,0,4,1,6,1,47,8,-1,-1,-1,7,3
2014131B11976,2,9,0,7,0,1,0,0,0,0,1,1,6,1,47,8,1849,2,-1,6,1
2014131B20084,1,8,0,2,0,0,0,0,0,0,0,1,1,1,29,6,1997,2,6,2,1
2014131B20173,1,8,0,17,0,0,1,0,0,0,4,1,1,1,26,6,1686,2,7,1,1
2014131B20173,2,8,0,18,0,0,0,0,0,0,1,1,1,1,57,9,1560,2,8,1,1
2014131B20173,3,9,0,2,0,0,0,0,0,0,3,1,6,3,-1,-1,1390,1,9,-1,-1
2014131B20874,1,9,0,18,0,8,0,0,0,0,1,1,6,2,37,7,1956,2,4,6,1
2014131B20874,2,9,0,18,0,8,0,0,0,0,1,1,6,1,38,7,3246,1,12,6,1
2014131B21031,1,9,0,6,0,0,0,0,0,0,3,1,6,1,76,11,999,1,7,2,1
2014131B21031,2,1,0,18,0,0,0,0,0,0,1,1,6,1,49,8,-1,-1,-1,6,1
2014131B21484,1,19,0,13,0,1,0,0,0,0,4,1,6,1,19,4,2198,2,2,-1,-1
2014131B21484,2,9,0,9,0,5,0,0,0,0,3,1,6,2,40,7,1781,1,7,7,3
2014131B30017,1,9,0,18,0,0,1,0,8,11,1,1,2,1,33,6,1783,1,11,8,1
2014131B30193,1,19,0,18,0,1,0,0,8,11,1,1,2,1,48,8,1560,2,4,1,1
2014131B30234,1,9,0,18,0,4,1,0,0,0,3,1,2,1,41,7,1598,1,9,10,2
2014131B30234,2,21,1,18,0,4,0,0,0,0,1,1,1,1,45,7,-1,-1,-1,1,1
2014131B30462,1,9,0,3,0,1,0,0,0,0,2,1,6,1,51,8,1229,1,-1,-1,-1
2014131B30462,2,9,0,16,0,1,0,0,0,0,1,1,6,1,18,4,1149,1,8,9,3
2014131B30479,1,21,1,12,0,0,0,0,0,0,3,2,1,1,23,5,-1,-1,-1,-1,-1
2014131B30479,2,9,0,13,0,0,0,0,0,0,4,1,6,2,42,7,1397,1,6,5,1
2014131B30524,1,1,0,18,0,0,0,0,0,0,1,1,6,1,76,11,-1,-1,-1,8,1
2014131B30524,2,9,0,2,0,0,0,0,0,0,2,1,6,3,46,8,1199,1,13,-1,-1
2014131B30665,1,9,0,18,0,8,0,0,0,0,3,1,6,1,65,9,2231,2,7,1,1
2014131B30911,1,9,0,5,0,8,0,0,0,0,1,1,6,2,38,7,1124,1,13,8,1
2014131B30930,1,9,0,16,0,0,0,0,0,0,1,1,6,1,65,9,1197,1,-1,1,1
2014131B30993,1,9,0,18,0,8,0,0,0,0,4,1,2,1,32,6,1896,2,12,1,1
2014131B31044,1,9,0,18,0,1,0,0,0,0,1,1,6,1,78,11,1598,1,9,5,1
2014131B31067,1,9,0,9,0,6,0,0,0,0,1,1,6,1,33,6,1956,2,5,-1,-1
2014131B31067,2,1,0,18,0,1,0,0,0,0,0,1,6,1,18,4,-1,-1,-1,-1,1
2014131B31074,1,9,0,18,0,0,0,0,0,0,1,1,6,2,62,9,2400,2,4,8,1
2014131B31074,2,9,0,18,0,0,0,0,0,0,1,1,6,2,22,5,1596,1,9,7,2
2014131B31096,1,9,0,18,0,0,0,0,0,0,3,1,6,1,79,11,1598,1,3,8,1
2014131B31100,1,9,0,18,0,0,0,0,0,0,2,1,2,1,19,4,1360,1,5,7,1
2014131B31100,2,19,0,18,0,0,0,0,0,0,1,1,2,1,23,5,1686,2,11,2,1
2014131B31254,1,9,0,5,0,1,0,0,0,0,3,1,6,2,54,8,-1,-1,-1,-1,-1
2014131B31362,1,19,0,18,0,1,0,0,0,0,4,1,1,1,35,6,1461,2,3,7,1
2014131B31362,2,19,0,18,0,1,0,0,0,0,1,1,1,1,37,7,2198,2,4,-1,-1
2014131B31477,1,9,0,18,0,0,0,0,0,0,1,1,6,1,18,4,998,1,-1,5,1
2014131B31477,2,9,0,2,0,0,0,0,0,0,3,1,6,3,50,8,1398,2,7,-1,-1
2014131B31477,3,9,0,2,0,0,0,0,0,0,2,1,6,3,41,7,1598,1,11,-1,-1
2014131B31734,1,9,0,18,0,0,0,0,0,0,4,1,6,3,24,5,-1,-1,-1,-1,-1
2014131B31734,2,1,0,18,0,0,0,0,0,0,3,1,6,1,43,7,-1,-1,-1,5,1
2014131B31825,1,9,0,4,0,8,0,0,0,0,1,1,6,1,51,8,1968,2,9,7,1
2014131B31825,2,9,0,18,0,8,0,0,0,0,2,1,6,1,26,6,1896,2,8,1,1
2014131B40244,1,9,0,9,0,8,0,0,0,0,3,1,2,1,35,6,1149,1,13,1,1
2014131B40287,1,9,0,2,0,2,0,0,0,0,3,1,2,1,67,10,1997,2,1,-1,-1
2014131B40287,2,9,0,7,0,6,0,0,0,0,0,1,1,1,60,9,-1,-1,-1,4,1
2014131B40287,3,9,0,18,0,1,0,0,0,0,4,1,6,2,26,6,1590,1,11,4,1
2014131B40352,1,9,0,18,0,1,0,0,0,0,1,1,6,1,34,6,-1,-1,-1,7,1
2014131B40352,2,9,0,9,0,5,0,0,0,0,2,1,6,2,37,7,1910,2,10,4,2
2014131B40378,1,8,0,18,0,1,0,0,0,0,1,1,1,1,43,7,1686,2,8,2,1
2014131B40378,2,9,0,9,0,8,0,0,0,0,2,1,6,1,60,9,1968,2,8,8,1
2014131B40415,1,9,0,9,0,8,0,0,0,0,1,1,6,1,66,10,1870,2,9,4,1
2014131B40415,2,9,0,18,0,8,0,0,0,0,1,1,6,1,68,10,1199,1,12,2,1
2014131B40470,1,9,0,7,0,5,0,0,0,0,1,1,6,1,25,5,1596,1,4,4,1
2014131B40557,1,19,0,18,0,1,0,0,0,0,1,1,6,1,27,6,1995,2,7,4,1
2014131B40557,2,9,0,9,0,8,0,0,0,0,2,1,6,2,42,7,1242,1,2,9,3
2014131B40557,3,11,0,18,0,1,0,0,0,0,1,1,1,1,53,8,7300,2,6,5,1
2014131B40898,1,9,0,1,0,8,0,0,0,0,2,1,6,3,30,6,-1,-1,-1,-1,-1
2014131B40980,1,9,0,18,0,0,0,0,0,0,1,1,6,2,51,8,1242,1,10,5,1
2014131B41164,1,9,0,9,0,6,0,0,0,0,1,1,1,1,34,6,1968,2,-1,2,1
2014131B41164,2,3,0,18,0,1,0,0,0,0,4,1,6,1,18,4,125,1,1,8,1
2014131B41281,1,9,0,5,0,6,0,0,0,0,1,1,6,1,36,7,1242,1,7,1,1
2014131B41281,2,3,0,18,0,1,0,0,0,0,4,1,6,1,17,4,49,1,13,1,1
2014131B41420,1,9,0,18,0,0,0,0,0,0,4,1,6,1,38,7,1896,2,6,5,1
2014131B41495,1,9,0,9,0,6,0,0,0,0,1,1,1,2,47,8,2982,2,17,6,1
2014131B41495,2,9,0,17,0,1,0,0,0,0,4,1,6,2,47,8,1868,2,9,-1,-1
2014131B41545,1,9,0,18,0,8,2,0,2,10,4,1,6,1,18,4,1396,1,15,2,1
2014131B50152,1,9,0,9,0,8,0,0,0,0,1,1,6,1,55,8,1796,1,5,2,1
2014131B50162,1,21,1,2,0,0,0,0,0,0,3,1,1,1,32,6,12740,2,4,7,3
2014131B50162,2,1,0,14,0,0,0,0,0,0,1,1,2,1,52,8,-1,-1,-1,8,1
2014131B50219,1,21,1,18,0,4,0,0,0,0,1,1,1,1,55,8,12740,2,2,-1,-1
2014131B50219,2,9,0,9,0,8,0,0,7,0,4,1,2,2,29,6,1242,1,8,1,1
2014131B50289,1,9,0,18,0,1,0,0,0,0,4,1,6,2,31,6,1598,1,1,-1,-1
2014131B50311,1,19,0,18,0,0,0,0,0,0,1,1,1,1,30,6,2461,2,4,9,1
2014131B50311,2,19,0,18,0,0,0,0,0,0,2,1,1,1,46,8,2148,2,6,6,3
2014131B50311,3,21,0,18,0,0,0,0,0,0,2,1,1,1,42,7,-1,2,12,1,1
2014131B50453,1,9,0,9,0,8,0,0,0,0,1,1,6,1,41,7,2993,2,9,7,1
2014131B50453,2,1,0,18,0,8,0,0,0,0,1,1,6,1,18,4,-1,-1,-1,4,1
2014131B50500,1,9,0,5,0,0,0,0,0,0,3,1,6,1,63,9,1349,1,5,1,1
2014131B50500,2,9,0,18,0,0,0,0,0,0,1,1,6,2,62,9,1388,1,4,7,1
2014131B50529,1,9,0,18,0,0,0,0,1,11,1,1,6,2,21,5,1390,1,2,1,1
2014131B50699,1,19,0,13,0,8,0,0,0,0,1,1,1,1,47,8,2402,2,8,2,1
2014131B50699,2,9,0,9,0,5,0,0,0,0,3,1,6,2,17,4,1499,2,1,6,1
2014131B50727,1,19,0,18,0,4,1,0,0,0,1,1,1,1,30,6,1686,2,11,2,1
2014131B50727,2,1,0,18,0,8,0,0,0,0,4,1,6,1,20,4,-1,-1,-1,7,1
2014131B50739,1,9,0,18,0,1,0,0,0,0,1,1,6,2,52,8,2497,2,7,9,1
2014131B50739,2,9,0,18,0,1,0,0,0,0,1,1,6,1,20,4,1396,1,12,6,1
2014131B50994,1,9,0,18,0,1,0,0,0,0,4,1,6,2,49,8,1398,1,1,4,1
2014131B50994,2,9,0,10,0,2,0,0,0,0,1,1,6,2,59,9,1242,1,6,-1,-1
2014131B51134,1,9,0,18,2,0,0,0,0,0,1,1,6,1,46,8,1124,1,15,-1,-1
2014131B51235,1,1,0,18,0,0,0,0,0,0,0,1,6,1,40,7,-1,-1,-1,3,1
2014131B51356,1,1,0,18,4,1,2,0,0,0,1,1,6,1,28,6,-1,-1,-1,-1,1
2014131B51404,1,9,0,18,0,0,0,12,0,0,1,1,6,1,51,8,2993,2,1,7,3
2014131B51404,2,9,0,18,0,0,0,12,0,0,3,1,6,2,64,9,1905,2,18,8,2
2014131B51769,1,9,0,18,0,0,0,0,0,0,1,1,6,3,26,6,-1,-1,-1,-1,-1
2014131B51808,1,8,0,18,0,1,0,0,0,0,0,1,1,1,31,6,-1,-1,-1,3,1
2014131B51808,2,2,0,18,0,2,0,0,0,0,0,1,1,2,33,6,49,1,1,3,1
2014131B51927,1,9,0,18,0,1,1,0,0,0,3,1,6,1,20,4,1497,1,13,9,1
2014131B51927,2,9,0,9,0,1,0,0,0,0,1,1,6,1,59,9,1598,1,11,1,1
2014131B51927,3,9,0,2,0,1,0,0,0,0,3,1,6,1,29,6,1910,2,9,2,1
2014131B51927,4,9,0,2,0,1,0,0,0,0,3,1,6,1,30,6,1587,1,10,1,1
2014131B60116,1,5,0,18,0,1,1,0,0,0,0,1,1,1,56,9,750,1,10,5,1
2014131B60116,2,9,0,9,0,5,0,0,0,0,0,1,6,3,32,6,-1,-1,-1,-1,-1
2014131B60239,1,19,0,4,0,0,0,0,0,0,2,1,1,1,44,7,2143,2,2,8,2
2014131B60239,2,21,1,18,0,0,0,0,0,0,1,1,1,1,35,6,10837,2,1,6,1
2014131B60264,1,1,0,12,0,0,0,0,0,0,1,1,6,1,44,7,-1,-1,-1,8,1
2014131B60264,2,9,0,3,0,0,0,0,0,0,2,1,6,3,42,7,-1,-1,-1,-1,-1
2014131B60329,1,9,0,1,0,0,0,0,0,0,2,1,6,1,30,6,1997,2,5,3,1
2014131B60432,1,9,0,10,0,1,0,0,0,0,0,1,6,1,57,9,1796,1,15,1,1
2014131B60487,1,9,0,18,0,8,0,4,1,11,1,1,6,1,92,11,1799,1,17,5,1
2014131B60487,2,9,0,2,0,1,0,0,0,0,1,1,6,3,-1,-1,998,1,4,-1,-1
2014131B60528,1,11,0,2,0,0,0,0,0,0,0,1,1,1,56,9,-1,-1,-1,-1,-1
2014131B60538,1,9,0,18,0,8,0,0,0,0,1,1,6,1,22,5,1598,1,11,1,1
2014131B60538,2,9,0,18,0,8,0,0,0,0,3,1,6,2,67,10,996,1,3,1,1
2014131B60560,1,3,0,12,0,0,0,0,0,0,3,1,6,1,22,5,124,1,4,1,1
2014131B60560,2,9,0,18,0,0,0,0,0,0,4,1,6,1,61,9,2967,2,8,9,1
2014131B60818,1,5,0,8,0,1,0,0,0,0,3,1,6,3,46,8,-1,-1,-1,-1,-1
2014131B60818,2,9,0,18,0,1,0,0,0,0,4,1,6,1,72,10,-1,-1,-1,9,2
2014131B60855,1,9,0,4,0,7,0,0,0,0,1,1,6,1,74,10,3227,2,13,-1,-1
2014131B60855,2,21,0,3,0,7,0,0,0,0,2,1,1,1,35,6,5480,2,9,-1,-1
2014131B60956,1,9,0,16,0,1,0,0,0,0,2,1,6,2,18,4,-1,-1,-1,2,1
2014131B60956,2,9,0,16,0,1,0,0,0,0,1,1,6,1,35,6,1390,1,5,-1,-1
2014131B60972,1,9,0,18,0,0,0,0,0,0,3,1,3,1,65,9,1997,2,5,5,1
2014131B61015,1,9,0,9,0,2,0,0,0,0,4,1,6,1,31,6,1997,2,12,4,1
2014131B61160,1,9,0,9,0,6,0,0,0,0,1,1,2,1,35,6,1598,1,12,-1,1
2014131B61160,2,3,0,14,0,8,0,0,0,0,4,1,2,1,24,5,124,1,14,5,1
2014131B61179,1,9,0,15,0,0,0,0,0,0,3,1,6,2,37,7,-1,-1,-1,3,1
2014131B61179,2,9,0,18,0,0,0,0,0,0,2,1,6,1,61,9,1298,1,8,8,1
2014131B61179,3,9,0,18,0,0,0,0,0,0,3,1,6,1,70,10,998,1,2,8,1
2014131B61535,1,9,0,18,0,1,0,0,0,0,1,1,6,2,21,5,1490,1,9,6,3
2014131B61535,2,9,0,7,0,6,0,0,0,0,3,1,6,1,70,10,1560,2,3,-1,1
2014131B61737,1,3,0,18,0,0,2,0,0,0,3,1,6,1,24,5,124,1,1,2,1
2014131B70222,1,9,0,9,0,6,0,0,0,0,3,1,2,1,19,4,1399,2,6,2,1
2014131B70222,2,9,0,18,0,8,0,0,0,0,1,1,1,1,58,9,2231,2,6,6,1
2014131B70295,1,9,0,3,0,0,0,0,0,0,2,1,1,2,25,5,1329,1,-1,5,2
2014131B70295,2,9,0,18,0,0,0,0,0,0,1,1,1,2,23,5,1910,2,6,5,1
2014131B70411,1,9,0,9,0,6,0,0,0,0,1,1,6,1,40,7,1595,1,13,-1,-1
2014131B70411,2,21,0,18,0,8,0,0,0,0,4,1,1,1,43,7,5880,2,9,7,1
2014131B70588,1,9,0,18,0,1,0,0,0,0,1,1,6,1,55,8,1868,2,12,1,1
2014131B70588,2,9,0,9,0,1,0,0,0,0,1,1,6,2,54,8,1596,1,11,3,1
2014131B70838,1,9,0,18,0,0,0,0,0,0,3,1,6,3,33,6,-1,-1,-1,-1,-1
2014131B70977,1,9,0,18,0,6,0,0,7,0,1,1,6,1,31,6,1398,1,12,1,1
2014131B70977,2,9,0,18,0,8,0,0,7,1,4,1,2,2,35,6,1360,1,10,-1,1
2014131B71058,1,1,0,18,0,8,5,0,0,0,3,1,2,1,35,6,-1,-1,-1,4,1
2014131B71058,2,9,0,9,0,8,0,0,0,0,1,1,6,1,66,10,1560,2,1,2,1
2014131B71062,1,9,0,5,0,8,1,0,0,0,3,1,6,2,21,5,1197,1,1,4,1
2014131B71062,2,9,0,18,0,1,0,0,0,0,1,1,6,2,27,6,1598,1,13,5,1
2014131B71145,1,9,0,9,0,8,0,0,0,0,3,1,2,1,22,5,998,1,14,4,1
2014131B71145,2,9,0,18,0,1,0,0,0,0,1,1,6,2,27,6,1299,1,11,6,1
2014131B71187,1,9,0,5,0,0,0,0,0,0,1,1,6,3,24,5,2995,1,3,-1,-1
2014131B71215,1,21,1,11,0,0,0,0,0,0,4,1,1,1,63,9,12740,2,1,6,1
2014131B71215,2,9,0,18,0,0,0,0,2,6,3,1,6,1,38,7,1299,1,11,-1,1
2014131B71218,1,9,0,18,0,1,0,0,0,0,3,1,2,1,43,7,1598,2,-1,5,1
2014131B71457,1,9,0,18,0,1,0,0,0,0,0,1,6,1,37,7,1900,2,9,3,1
2014131B71457,2,9,0,18,0,1,0,0,0,0,0,1,6,2,37,7,1560,2,3,-1,-1
2014131B71480,1,9,0,18,0,6,0,0,0,0,1,1,6,1,17,4,1396,1,11,7,1
2014131B71480,2,9,0,18,0,8,0,0,0,0,1,1,6,2,21,5,1896,2,6,8,1
2014131B80220,1,9,0,18,0,6,0,0,0,0,1,1,6,3,-1,-1,-1,-1,-1,-1,-1
2014131B80220,2,8,0,18,0,1,0,0,0,0,4,1,1,1,39,7,1910,2,9,6,1
2014131B80521,1,9,0,18,0,8,0,0,0,0,1,1,6,1,50,8,2495,2,28,5,1
2014131B80521,2,9,0,9,0,8,1,4,0,0,3,1,6,1,72,10,1299,1,7,5,1
2014131B80521,3,9,0,2,0,2,0,0,0,0,3,1,6,3,-1,-1,1984,1,7,2,1
2014131B80598,1,9,0,4,0,0,0,0,0,0,1,1,6,2,17,4,1299,1,12,-1,-1
2014131B80598,2,9,0,4,0,0,0,0,0,0,2,1,6,1,57,9,998,1,-1,-1,-1
2014131B80655,1,9,0,18,0,8,0,0,0,0,1,1,6,3,-1,-1,1124,1,12,2,1
2014131B80803,1,2,0,18,0,8,1,0,0,0,1,1,6,1,18,4,49,1,4,4,1
2014131B80803,2,9,0,18,0,8,0,0,0,0,3,1,6,2,54,8,1248,1,1,7,1
2014131B80877,1,9,0,7,0,8,0,0,0,0,4,1,6,1,49,8,1598,1,11,4,1
2014131B80877,2,1,0,18,0,1,0,0,0,0,1,1,6,1,21,5,-1,-1,-1,5,1
2014131B80904,1,3,0,18,0,0,1,0,0,0,3,1,6,1,52,8,125,1,-1,8,1
2014131B80968,1,9,0,4,0,0,0,0,0,0,2,1,6,2,38,7,1360,1,7,-1,-1
2014131B80968,2,9,0,18,0,0,0,0,0,0,1,1,6,1,22,5,1896,2,15,-1,-1
2014131B81041,1,9,0,18,0,0,0,0,0,0,1,1,6,1,31,6,998,1,15,1,1
2014131B81041,2,9,0,6,0,0,0,0,0,0,3,1,6,1,19,4,1995,1,8,10,1
2014131B81056,1,1,0,18,0,6,0,0,0,0,1,1,6,1,30,6,-1,-1,-1,-1,-1
2014131B81056,2,9,0,9,0,5,0,0,0,0,3,1,6,2,49,8,1199,1,13,1,1
2014131B81081,1,9,0,9,0,8,0,0,0,0,4,1,1,1,44,7,1910,2,6,1,1
2014131B81081,2,1,0,18,0,1,5,0,0,0,1,1,2,1,29,6,-1,-1,-1,-1,-1
2014131B81231,1,9,0,18,0,0,0,4,0,0,1,1,6,1,17,4,1753,2,6,1,1
2014131B81231,2,9,0,18,0,0,0,0,0,0,0,1,1,1,34,6,2993,2,2,-1,-1
2014131B81231,3,9,0,18,0,0,0,0,0,0,0,1,1,1,47,8,2993,2,1,-1,-1
2014131B81231,4,9,0,18,0,0,0,0,0,0,0,1,1,1,45,7,2993,2,5,-1,-1
2014131B81231,5,9,0,18,0,0,0,0,0,0,0,1,1,1,38,7,2993,2,1,-1,-1
2014131B81231,6,9,0,18,0,0,0,0,0,0,1,1,6,2,29,6,1390,1,15,7,1
2014131B81231,7,9,0,2,0,0,0,0,0,0,1,1,6,1,52,8,1587,1,15,-1,-1
2014131B81231,8,9,0,2,0,0,0,0,0,0,1,1,6,1,56,9,1364,1,6,-1,-1
2014131B81318,1,9,0,1,0,0,0,0,0,0,2,1,6,1,67,10,1596,1,3,8,1
2014131B90017,1,9,0,9,0,0,0,0,0,0,1,1,6,1,31,6,1992,2,9,5,1
2014131B90017,2,9,0,18,0,0,0,0,0,0,1,1,6,1,23,5,1968,2,4,-1,-1
2014131B90084,1,8,0,18,0,0,0,0,0,0,1,1,1,1,57,9,-1,-1,-1,3,1
2014131B90560,1,9,0,9,0,1,0,0,0,0,1,1,6,2,20,4,1390,1,11,3,1
2014131B90560,2,1,0,18,0,1,1,0,0,0,1,1,6,1,51,8,-1,-1,-1,4,1
2014131B90560,3,9,0,7,0,1,0,0,0,0,2,1,6,2,37,7,-1,-1,-1,-1,-1
2014131B90568,1,9,0,4,9,0,0,0,1,11,1,1,6,1,84,11,1796,1,11,2,1
2014131B90568,2,9,0,4,0,0,0,0,0,0,2,1,6,2,43,7,1596,1,3,7,1
2014131B90642,1,9,0,9,0,0,0,0,0,0,3,1,6,2,19,4,1360,1,5,-1,-1
2014131B90642,2,5,0,14,0,0,0,0,0,0,1,1,6,1,55,8,865,1,9,-1,-1
2014131B90666,1,9,0,6,0,0,0,0,0,0,3,1,6,1,42,7,3000,2,20,1,1
2014131B90666,2,9,0,18,0,0,1,0,0,0,1,1,6,2,57,9,1870,2,8,8,1
2014131B90666,3,19,0,2,0,0,0,0,0,0,3,1,6,1,53,8,1995,2,4,1,1
2014131B90809,1,9,0,18,0,0,0,0,0,0,3,1,6,1,79,11,1242,1,10,10,2
2014131B90939,1,1,0,18,0,0,5,0,0,0,3,1,6,1,46,8,-1,-1,-1,5,1
2014131B90939,2,9,0,18,0,0,0,0,0,0,4,1,6,2,24,5,1360,1,8,1,1
2014131B91045,1,9,0,18,0,8,0,0,0,0,1,1,6,1,24,5,1398,1,10,2,1
2014131B91045,2,9,0,18,0,8,0,0,0,7,4,1,6,2,19,4,1229,1,-1,1,1
2014131B91059,1,19,0,9,0,5,0,0,0,0,1,1,1,1,57,9,2402,2,4,6,1
2014131B91114,1,9,0,18,0,8,0,0,0,0,1,1,6,1,59,9,1248,2,6,1,1
2014131B91178,1,9,0,18,0,0,0,0,0,0,3,1,6,1,50,8,1328,1,10,6,1
2014131B91198,1,9,0,9,0,8,0,0,0,0,0,1,6,1,68,10,1799,1,16,8,1
2014131B91198,2,9,0,18,0,8,0,0,1,1,1,1,6,1,18,4,1686,2,1,1,1