Accident_Index,Vehicle_Reference,Vehicle_Type,Towing_and_Articulation,Vehicle_Manoeuvre,Vehicle_Location-Restricted_Lane,Junction_Location,Skidding_and_Overturning,Hit_Object_in_Carriageway,Vehicle_Leaving_Carriageway,Hit_Object_off_Carriageway,1st_Point_of_Impact,Was_Vehicle_Left_Hand_Drive?,Journey_Purpose_of_Driver,Sex_of_Driver,Age_of_Driver,Age_Band_of_Driver,Engine_Capacity_(CC),Propulsion_Code,Age_of_Vehicle,Driver_IMD_Decile,Driver_Home_Area_Type
2014131C90859,1,9,0,9,0,2,0,0,0,0,4,1,6,1,56,9,1332,1,16,1,1
2014131C90859,2,10,0,5,0,2,0,0,0,0,1,1,1,1,60,9,-1,-1,-1,2,1
2014131C91078,1,9,0,3,0,0,0,0,0,0,1,1,6,1,-1,-1,1324,1,11,-1,-1
2014131C91078,2,9,0,18,0,0,0,0,0,0,2,1,6,1,44,7,1998,1,15,1,1
2014131C91140,1,9,0,9,0,2,0,0,0,0,4,1,2,1,22,5,1590,1,9,9,3
2014131C91240,1,9,0,18,0,0,0,0,0,0,1,1,6,2,64,9,1242,1,10,3,1
2014131C91320,1,20,0,18,0,0,5,4,0,0,1,1,6,2,32,6,-1,-1,-1,4,1
2014131C91320,2,9,0,2,0,0,0,4,1,11,1,1,6,3,-1,-1,1995,2,1,-1,-1
2014131C91320,3,9,0,2,0,0,0,0,0,0,1,1,6,3,-1,-1,1997,2,12,-1,-1
2014131C91345,1,1,0,18,0,0,0,0,0,0,1,1,6,1,50,8,-1,-1,-1,1,1
2014131C91345,2,8,0,18,0,0,0,0,0,0,4,1,6,1,34,6,-1,-1,-1,6,1
2014131C91428,1,9,0,17,0,0,0,0,0,0,4,1,6,2,27,6,1587,1,12,3,1
2014131C91483,1,9,0,18,0,8,0,0,0,0,1,1,1,1,40,7,2993,2,1,-1,-1
2014131C91483,2,9,0,18,0,8,0,0,0,0,4,1,6,2,30,6,1596,1,5,8,1
2014131C91527,1,9,0,18,0,0,0,0,0,0,4,1,6,1,59,9,2401,2,8,8,1
2014131CA0208,1,8,0,18,0,0,0,0,0,0,1,1,1,1,40,7,1896,2,7,1,1
2014131CA0208,2,9,0,18,0,0,0,0,0,0,2,1,2,1,34,6,1598,1,10,3,1
2014131CA0215,1,9,0,9,0,6,0,0,0,0,3,1,6,1,54,8,2184,2,4,5,1
2014131CA0215,2,9,0,18,0,8,0,0,0,0,1,1,3,1,78,11,1398,1,13,3,1
2014131CA0292,1,21,1,11,0,0,0,0,0,0,2,1,1,1,44,7,12777,2,-1,1,1
2014131CA0292,2,21,0,18,0,0,0,0,0,0,4,1,1,1,21,5,9290,2,2,3,1
2014131CA0344,1,9,0,18,0,0,1,10,5,6,1,1,2,1,17,4,1124,1,16,7,1
2014131CA0375,1,9,0,15,0,0,0,0,0,0,0,1,6,1,20,4,1995,2,3,1,1
2014131CA0375,2,9,0,18,0,0,1,0,0,0,1,1,6,1,20,4,3200,1,7,2,1
2014131CA0375,3,19,0,9,0,0,0,0,0,0,2,1,1,1,65,9,1248,2,4,1,1
2014131CA0522,1,9,0,5,0,6,0,0,0,0,1,2,6,1,34,6,-1,-1,-1,2,1
2014131CA0522,2,9,0,18,0,8,0,0,0,0,4,1,6,2,23,5,1248,2,8,5,1
2014131CA0639,1,9,0,18,0,8,0,0,0,0,1,1,1,2,31,6,1968,2,2,8,3
2014131CA0654,1,9,0,18,0,0,0,0,0,0,1,1,6,1,33,6,1360,1,13,5,2
2014131CA0654,2,9,0,2,0,0,0,0,0,0,2,1,6,3,-1,-1,1998,1,5,-1,-1
2014131CA0654,3,21,0,18,0,0,0,0,0,0,1,1,1,1,40,7,5480,2,10,-1,-1
2014131CA0674,1,9,0,16,0,3,0,0,0,0,4,1,1,1,52,8,1969,2,-1,7,3
2014131CA0674,2,19,0,16,0,3,0,0,0,0,3,1,1,1,37,7,2464,2,5,1,1
2014131CA0858,1,19,0,1,0,8,0,0,0,0,2,1,1,3,-1,-1,-1,-1,-1,-1,-1
2014131CA0874,1,9,0,18,0,0,0,0,0,0,1,1,6,2,81,11,1998,1,13,6,1
2014131CA0874,2,9,0,3,0,0,0,0,0,0,2,1,6,2,69,10,1332,1,4,10,3
2014131CA0874,3,9,0,3,0,0,0,0,0,0,2,1,6,2,34,6,1242,1,1,3,1
2014131CA0906,1,9,0,18,0,8,0,0,0,0,1,1,6,2,33,6,1461,2,9,2,1
2014131CA0906,2,9,0,18,0,6,1,0,7,0,1,1,3,2,69,10,-1,-1,-1,9,1
2014131CA0944,1,9,0,5,0,1,0,0,0,0,1,1,1,2,35,6,1395,1,-1,1,1
2014131CA0944,2,9,0,18,0,1,0,0,0,0,4,1,1,2,23,5,1598,1,10,6,1
2014131CA1002,1,9,0,18,0,0,0,7,0,0,1,1,6,2,42,7,1995,2,10,-1,-1
2014131CA1002,2,11,0,18,0,0,0,0,0,0,1,1,1,1,64,9,8849,2,1,10,2
2014131CA1020,1,19,0,9,0,5,0,0,0,0,4,1,2,1,57,9,1560,2,3,3,1
2014131CA1028,1,9,0,18,0,0,0,0,0,0,1,1,2,2,47,8,1986,2,7,2,1
2014131CA1028,2,9,0,18,0,0,0,0,0,0,1,1,2,2,66,10,1598,2,1,6,2
2014131CA1188,1,9,0,9,0,8,0,0,0,0,4,1,2,1,47,8,-1,-1,-1,8,1
2014131CA1188,2,5,0,18,0,8,2,0,0,0,1,1,2,1,35,6,600,1,13,2,1
2014131CA1222,1,3,0,18,0,0,0,0,0,0,4,1,6,1,29,6,124,1,3,4,1
2014131CA1222,2,9,0,5,0,0,0,0,0,0,3,1,6,1,34,6,2143,2,1,-1,-1
2014131CA1225,1,9,0,18,0,0,0,0,0,0,1,1,6,1,68,10,1910,2,6,5,3
2014131CA1225,2,9,0,18,0,0,0,0,0,0,2,1,6,1,43,7,1968,2,7,2,1
2014131CA1225,3,9,0,18,0,0,0,0,0,0,1,1,6,3,-1,-1,-1,-1,-1,-1,-1
2014131CA1274,1,9,0,18,0,8,0,0,0,0,1,1,1,1,52,8,1791,8,2,1,2
2014131CA1291,1,9,0,5,0,4,0,0,0,0,1,1,6,1,86,11,1329,1,-1,10,1
2014131CA1291,2,9,0,18,0,8,0,0,1,0,1,1,6,1,19,4,1596,1,9,8,2
2014131CA1345,1,9,0,18,0,0,1,0,8,4,3,1,6,1,36,7,2993,2,5,7,1
2014131CA1345,2,9,0,18,0,0,0,0,0,0,1,1,6,2,38,7,1199,1,14,7,1
2014131CA1345,3,9,0,18,0,0,0,0,0,0,1,1,6,1,53,8,1796,1,7,5,1
2014131CA1368,1,9,0,18,0,1,0,0,0,0,1,1,6,2,20,4,998,1,7,5,1
2014131CA1368,2,1,0,9,0,5,0,0,0,0,1,1,6,1,44,7,-1,-1,-1,-1,-1
2014131CA1371,1,9,0,18,0,6,0,0,0,0,1,1,6,1,46,8,1598,1,6,2,1
2014131CA1371,2,9,0,18,0,1,0,0,0,0,3,1,6,1,40,7,1461,2,1,4,1
2014131CA1389,1,9,0,18,0,2,0,0,0,0,0,1,6,1,25,5,1388,1,5,4,1
2014131CA1389,2,9,0,18,0,2,0,0,0,0,1,1,6,2,25,5,1242,1,2,4,1
2014131CA1389,3,9,0,18,0,2,0,0,0,0,1,1,6,2,24,5,-1,-1,-1,8,1
2014131CA1389,4,9,0,11,0,2,0,0,0,0,0,1,6,3,-1,-1,-1,-1,-1,-1,-1
2014131CA1567,1,9,0,18,0,1,0,0,0,7,1,1,1,1,33,6,1995,2,8,1,1
2014131CA1567,2,9,0,18,0,6,0,0,1,0,4,1,6,1,29,6,-1,-1,-1,1,1
2014131CA1568,1,9,0,18,0,0,2,0,1,11,1,1,6,3,18,4,2830,2,21,-1,-1
2014131CB0199,1,9,0,9,0,8,0,0,0,0,3,1,6,2,62,9,-1,-1,-1,7,1
2014131CB0199,2,1,0,18,0,1,0,0,0,0,1,1,6,1,54,8,-1,-1,-1,8,1
2014131CB0314,1,21,1,18,0,0,0,0,1,11,1,1,1,1,63,9,12777,2,6,1,1
2014131CB0314,2,9,4,2,0,0,0,0,0,0,4,1,1,2,28,6,1998,2,12,-1,-1
2014131CB0321,1,9,0,18,0,0,0,0,0,0,1,1,6,1,27,6,1995,2,4,9,1
2014131CB0321,2,9,0,18,0,0,0,0,0,0,2,1,6,1,69,10,1299,1,11,-1,-1
2014131CB0321,3,9,0,7,0,0,0,0,0,0,0,1,6,2,33,6,1229,1,10,3,2
2014131CB0548,1,9,0,18,0,0,0,0,0,0,1,1,1,1,59,9,2461,2,16,5,1
2014131CB0548,2,9,0,18,0,0,0,0,0,0,2,1,6,1,46,8,2488,2,8,9,3
2014131CB0586,1,9,0,7,0,6,0,0,0,0,1,1,6,1,48,8,1995,2,-1,9,1
2014131CB0624,1,9,0,18,0,8,0,0,0,0,1,1,6,2,75,10,1242,1,2,6,1
2014131CB0624,2,9,0,18,0,8,0,0,0,0,2,1,6,1,50,8,1794,1,12,7,1
2014131CB0920,1,11,0,4,0,0,0,0,0,0,1,1,1,1,42,7,7300,2,11,9,1
2014131CB0920,2,9,0,4,0,0,0,0,0,0,2,1,6,1,34,6,1596,1,5,9,1
2014131CB0981,1,9,0,18,0,1,0,0,0,0,1,1,1,2,28,6,-1,-1,-1,-1,-1
2014131CB0981,2,19,0,18,0,8,0,0,0,0,4,1,1,1,39,7,-1,-1,-1,-1,-1
2014131CB0981,3,9,0,18,0,1,0,0,0,0,1,1,1,2,28,6,-1,-1,-1,-1,-1
2014131CB1004,1,21,0,17,0,0,0,0,0,0,1,1,1,1,53,8,12900,2,7,-1,1
2014131CB1004,2,9,0,16,0,0,0,0,0,0,1,1,6,1,26,6,2830,2,21,1,1
2014131CB1014,1,9,0,10,0,1,0,0,0,0,2,1,6,1,62,9,1968,2,1,-1,-1
2014131CB1014,2,9,0,3,0,1,0,0,0,0,2,1,6,2,17,4,-1,-1,-1,8,1
2014131CB1014,3,9,0,3,0,1,0,0,0,0,2,1,6,1,19,4,1587,1,11,8,1
2014131CB1014,4,9,0,18,0,1,0,0,0,0,1,1,6,2,39,7,2400,2,6,9,1
2014131CB1109,1,9,0,18,0,0,0,0,0,0,1,1,6,1,41,7,1998,1,14,5,1
2014131CB1109,2,9,0,18,0,0,0,0,0,0,2,1,1,1,62,9,1461,2,-1,3,1
2014131CB1111,1,9,0,18,0,4,0,0,0,0,3,1,6,1,75,10,-1,-1,-1,9,1
2014131CB1111,2,3,0,18,0,8,0,0,0,0,1,1,6,1,24,5,125,1,6,4,1
2014131CB1147,1,9,0,18,5,0,0,0,0,0,3,1,6,1,68,10,1461,2,4,8,3
2014131CB1248,1,11,0,18,0,8,0,0,0,0,0,1,1,2,43,7,7300,2,9,6,3
2014131CB1580,1,9,0,18,0,0,1,0,2,7,1,1,6,2,29,6,2148,2,7,7,1
2014131CB1606,1,9,0,18,0,4,0,0,0,0,1,1,6,1,46,8,1527,2,14,1,1
2014131CB1606,2,9,0,7,0,3,0,0,0,0,4,1,2,2,29,6,1598,2,1,10,1
2014131CC0084,1,9,0,5,0,0,0,0,0,0,4,1,6,3,-1,-1,-1,-1,-1,-1,-1
2014131CC0426,1,19,0,11,0,0,0,0,1,11,1,1,6,1,21,5,2151,2,14,1,1
2014131CC0426,2,9,0,2,0,0,0,0,0,0,2,1,6,1,-1,-1,1598,2,1,-1,-1
2014131CC0448,1,21,0,1,0,8,0,0,0,0,4,1,1,1,21,5,6692,2,4,5,1
2014131CC0448,2,9,0,18,0,1,0,0,0,0,1,1,6,1,44,7,1388,1,11,4,1
2014131CC0522,1,9,0,18,0,0,0,0,0,0,1,1,6,3,-1,-1,-1,-1,-1,-1,-1
2014131CC0564,1,9,0,3,0,0,0,0,0,0,1,1,6,2,53,8,1248,2,7,7,1
2014131CC0564,2,9,0,4,0,0,0,0,0,0,2,1,6,1,58,9,1598,1,12,7,1
2014131CC0664,1,4,0,18,0,0,0,0,0,0,3,1,6,1,43,7,400,1,23,1,1
2014131CC0723,1,9,0,17,0,0,0,0,0,0,1,1,6,1,78,11,1560,2,2,1,1
2014131CC0723,2,11,0,16,0,0,0,0,0,0,1,1,1,1,45,7,6700,2,2,1,1
2014131CC0911,1,9,0,9,0,1,0,0,0,0,1,1,6,1,55,8,1753,2,12,9,1
2014131CC0911,2,9,0,9,0,1,0,0,0,0,1,1,6,1,25,5,1595,1,12,1,1
2014131CC1002,1,9,0,12,0,0,0,0,0,6,1,1,6,2,57,9,1997,2,2,2,1
2014131CC1002,2,9,0,18,0,0,0,0,0,0,2,1,6,1,54,8,1988,1,14,8,1
2014131CC1002,3,19,0,18,0,0,0,0,0,0,2,1,6,1,57,9,1560,2,-1,10,1
2014131CC1002,4,9,0,18,0,0,0,0,0,0,0,1,6,1,23,5,1968,2,8,2,1
2014131CC1007,1,21,1,14,0,0,0,4,0,0,4,1,1,3,-1,-1,-1,-1,-1,-1,-1
2014131CC1007,2,21,0,2,0,0,0,0,0,0,3,1,1,1,48,8,9200,2,8,1,1
2014131CC1130,1,9,0,5,0,4,0,0,0,0,1,1,2,1,24,5,1296,1,8,1,1
2014131CC1130,2,1,0,18,0,8,0,0,0,0,4,1,2,1,42,7,-1,-1,-1,4,1
2014131CC1160,1,9,0,18,0,0,0,0,0,0,1,1,6,3,-1,-1,-1,-1,-1,-1,-1
2014131CC1169,1,19,0,4,0,1,0,0,0,0,1,1,6,1,-1,-1,1753,2,7,2,1
2014131CC1169,2,9,0,2,0,1,0,0,0,0,2,1,6,1,24,5,1896,2,9,10,1
2014131CC1294,1,9,0,17,0,0,2,0,2,0,0,1,6,1,20,4,1390,1,8,7,1
2014131CC1468,1,9,0,9,0,6,1,0,7,5,3,1,6,1,24,5,1998,1,11,9,1
2014131CC1468,2,9,0,16,0,1,1,0,7,11,1,1,6,1,24,5,1598,1,10,1,1
2014131CC1485,1,9,0,2,0,0,0,0,0,0,3,1,6,1,26,6,1900,2,14,2,1
2014131CC1485,2,9,0,18,0,0,0,0,0,0,1,1,6,3,-1,-1,-1,-1,-1,-1,-1
2014131CD0097,1,9,0,6,0,2,0,0,7,0,3,1,1,1,55,8,1598,2,2,1,1
2014131CD0097,2,9,0,13,0,8,0,0,7,4,4,1,1,1,32,6,2993,2,1,-1,-1
2014131CD0099,1,8,0,18,0,0,0,0,0,0,3,1,1,1,27,6,1995,2,7,2,1
2014131CD0511,1,9,0,18,0,0,2,0,0,10,4,1,2,2,51,8,1598,1,9,3,3
2014131CD0561,1,1,0,18,0,1,2,0,0,0,0,1,6,1,56,9,-1,-1,-1,5,1
2014131CD0570,1,19,0,18,0,0,0,0,0,0,1,1,1,1,64,9,2477,2,6,-1,-1
2014131CD0570,2,20,0,2,0,0,0,0,0,0,2,2,1,1,61,9,-1,-1,-1,-1,-1
2014131CD0802,1,9,0,9,0,8,0,0,0,0,4,1,6,1,65,9,1149,1,9,1,1
2014131CD0802,2,2,0,18,0,8,0,0,0,0,1,1,6,1,20,4,49,1,14,5,1
2014131CD0849,1,9,0,3,0,2,0,0,0,0,2,1,6,2,44,7,1339,1,11,3,1
2014131CD0849,2,9,0,4,0,1,0,0,0,0,1,1,6,1,45,7,1997,2,14,5,1
2014131CD0865,1,9,0,18,0,2,0,0,0,0,1,1,6,1,80,11,1248,1,-1,9,1
2014131CD0973,1,9,0,9,0,1,0,0,0,0,1,1,6,2,59,9,1997,2,11,2,1
2014131CD0973,2,9,0,18,0,1,0,0,0,0,1,1,6,1,48,8,2204,2,9,2,1
2014131CD1083,1,19,0,18,0,0,0,0,0,0,1,1,6,1,36,7,1998,2,11,-1,1
2014131CD1095,1,9,0,18,0,0,0,0,0,0,1,1,2,1,43,7,1956,2,-1,9,1
2014131CD1095,2,9,0,4,0,0,0,0,0,0,2,1,6,2,21,5,2000,2,5,1,1
2014131CD1136,1,11,0,18,0,2,0,0,0,0,1,1,1,1,28,6,9360,2,5,8,1
2014131CD1195,1,10,0,6,0,8,0,0,0,0,4,1,1,1,41,7,2198,2,3,1,1
2014131CD1247,1,9,0,5,0,0,0,0,0,0,3,1,6,3,-1,-1,-1,-1,-1,-1,-1
2014131CD1247,2,3,0,18,0,0,0,0,0,0,4,1,6,1,22,5,124,1,7,6,2
2014131CD1253,1,9,0,9,0,8,0,0,0,0,1,1,6,1,90,11,1498,1,13,2,1
2014131CD1253,2,9,0,18,0,8,1,0,0,0,3,1,6,1,22,5,1968,2,8,-1,1
2014131CD1253,3,9,0,18,0,1,0,0,0,0,1,1,6,1,42,7,1360,1,7,2,1
2014131CD1369,1,9,0,9,0,6,0,0,0,0,1,1,6,2,29,6,1328,1,8,4,1
2014131CD1369,2,9,0,18,0,1,0,0,0,0,4,1,2,1,34,6,-1,-1,-1,2,1
2014131CD1532,1,19,0,9,0,5,0,0,0,0,3,1,6,1,26,6,1998,2,9,8,1
2014131CE0177,1,9,0,2,0,0,0,0,0,0,2,1,2,1,34,6,1781,1,13,6,1
2014131CE0177,2,8,0,18,0,0,0,4,0,0,1,1,1,1,54,8,2204,2,9,5,1
2014131CE0231,1,9,0,18,0,0,0,0,0,0,1,1,6,1,39,7,1781,1,13,1,1
2014131CE0231,2,9,0,2,0,0,0,0,0,0,2,1,6,3,-1,-1,1956,2,1,-1,-1
2014131CE0242,1,8,0,18,0,8,0,0,0,0,4,1,1,1,41,7,1896,2,7,1,1
2014131CE0242,2,21,0,18,0,8,1,0,0,0,1,1,1,1,68,10,11705,2,6,9,1
2014131CE0243,1,9,0,18,0,1,0,0,0,0,1,1,6,1,38,7,2231,2,6,6,1
2014131CE0309,1,9,0,18,0,1,1,10,8,1,4,1,6,1,24,5,-1,-1,-1,7,1
2014131CE0447,1,9,0,18,0,8,0,0,0,0,4,1,2,2,28,6,1398,1,10,2,1
2014131CE0447,2,19,0,18,0,8,0,0,0,0,1,1,2,1,53,8,2799,2,13,2,1
2014131CE0606,1,9,0,5,0,6,0,0,0,0,3,1,6,2,40,7,1896,2,6,1,1
2014131CE0606,2,3,0,18,0,8,0,0,0,0,1,1,6,1,21,5,124,1,1,3,1
2014131CE0814,1,9,0,18,0,0,0,0,0,0,4,1,6,2,53,8,1368,1,4,4,1
2014131CE1140,1,9,0,5,0,0,0,0,0,0,3,1,6,1,68,10,1995,2,3,-1,1
2014131CE1147,1,8,0,18,0,8,0,0,0,0,1,1,1,1,32,6,1584,1,7,2,1
2014131CE1380,1,9,0,18,0,0,0,0,0,0,1,1,6,1,-1,-1,1999,1,7,-1,-1
2014131CF0153,1,21,1,12,0,0,0,0,0,0,3,2,1,1,40,7,-1,-1,-1,-1,-1
2014131CF0153,2,9,0,18,0,0,0,0,0,0,4,1,2,2,48,8,1896,2,11,9,1
2014131CF0177,1,9,0,9,0,8,0,0,0,0,1,1,1,1,37,7,1998,2,5,1,1
2014131CF0177,2,1,0,9,0,8,2,0,0,0,1,1,2,1,21,5,-1,-1,-1,8,1
2014131CF0246,1,21,1,4,0,0,0,0,0,0,1,1,1,1,34,6,-1,-1,-1,2,1
2014131CF0246,2,9,0,5,0,0,0,0,0,0,2,1,6,2,51,8,2987,2,4,7,3
2014131CF0317,1,9,0,4,0,0,0,0,0,0,1,1,6,1,33,6,1396,1,10,-1,1
2014131CF0317,2,19,0,4,0,0,0,0,0,0,2,1,1,2,23,5,2982,2,5,4,1
2014131CF0317,3,21,1,4,0,0,0,0,0,0,2,1,6,3,-1,-1,-1,-1,-1,-1,-1
2014131CF0567,1,9,0,7,0,1,0,0,0,0,0,1,1,2,25,5,996,1,-1,4,1
2014131CF0567,2,9,0,18,0,1,0,0,0,0,0,1,1,2,41,7,1560,2,4,1,3
2014131CF0666,1,9,0,18,0,8,0,0,1,4,1,1,6,2,41,7,1995,2,1,3,1
2014131CF0666,2,9,0,9,0,8,0,0,0,0,3,1,6,2,58,9,1242,1,7,3,1
2014131CF0721,1,21,1,18,0,8,0,0,0,0,4,1,1,1,53,8,12777,2,3,1,1
2014131CF0721,2,9,0,18,0,8,0,0,0,0,1,1,6,2,51,8,1248,2,8,6,1
2014131CF0800,1,9,0,18,0,0,0,0,0,0,1,1,6,2,46,8,1598,1,13,4,1
2014131CF0800,2,9,0,2,6,0,0,0,0,0,2,1,6,3,-1,-1,-1,-1,-1,3,1
2014131CF0877,1,8,0,18,0,0,0,0,0,0,4,1,1,1,24,5,-1,-1,-1,1,1
2014131CF1056,1,19,0,18,0,8,0,0,0,0,1,1,1,2,26,6,-1,-1,-1,-1,-1
2014131CF1056,2,9,0,9,0,8,1,0,1,11,4,1,6,2,73,10,2664,2,16,3,2
2014131CF1056,3,9,0,3,0,1,0,0,0,0,3,1,2,1,45,7,1798,1,36,7,2
2014131CF1093,1,9,0,9,0,6,0,0,0,0,3,1,2,2,23,5,1390,1,1,-1,1
2014131CF1093,2,21,0,18,0,8,0,0,0,0,1,1,1,1,47,8,6692,2,5,3,1
2014131CF1201,1,9,0,9,0,6,0,0,0,0,3,1,2,1,49,8,1998,1,10,5,1
2014131CF1201,2,9,0,18,0,2,0,0,0,0,1,1,6,1,64,9,2435,1,12,4,1
2014131CF1272,1,9,0,7,0,6,0,0,0,0,1,1,6,2,30,6,1248,2,7,4,1
2014131CF1272,2,8,0,18,0,8,0,0,0,0,4,1,1,1,39,7,1896,2,6,3,1
2014131CF1328,1,9,0,18,0,3,0,0,0,0,1,1,6,2,67,10,1975,1,6,5,3
2014131CF1382,1,9,0,17,0,2,0,0,1,11,1,1,6,1,84,11,1199,1,11,5,2
2014131CF1439,1,9,0,18,0,1,0,0,0,0,1,1,6,1,40,7,1999,1,11,3,1
2014131CF1450,1,9,0,18,0,0,0,0,0,0,4,1,6,2,60,9,998,1,10,8,1
2014131CG0257,1,9,0,18,0,0,2,0,1,9,4,1,6,1,24,5,1149,1,10,5,1
2014131CG0265,1,9,0,18,0,0,2,0,0,0,4,1,6,2,37,7,1870,2,8,6,2
2014131CG0487,1,9,0,3,0,1,0,0,0,0,2,1,1,2,25,5,973,1,11,-1,-1
2014131CG0487,2,9,0,18,0,1,0,0,0,0,1,1,6,1,27,6,998,1,4,-1,-1
2014131CG0667,1,9,0,6,0,1,0,0,0,0,3,1,6,2,28,6,1061,1,11,4,1
2014131CG0667,2,3,0,18,0,1,0,0,0,0,1,1,4,1,17,4,124,1,19,8,1
2014131CG0729,1,9,0,18,0,1,0,0,0,0,1,1,1,1,29,6,1598,2,-1,1,1
2014131CG0729,2,9,0,18,0,1,0,0,0,0,4,1,1,2,22,5,1199,1,12,2,1
2014131CG0737,1,19,0,5,0,6,0,0,0,0,1,1,1,1,49,8,1461,2,2,8,1
2014131CG0771,1,19,0,18,0,0,0,0,0,0,3,1,1,1,47,8,1995,2,7,9,1
2014131CG0997,1,9,0,9,0,6,0,0,0,0,1,1,6,1,42,7,1124,1,12,3,1
2014131CG0997,2,3,0,18,0,1,0,0,0,0,1,1,6,1,23,5,125,1,-1,-1,-1
2014131CG1032,1,1,0,18,0,8,0,0,0,0,4,1,6,1,36,7,-1,-1,-1,-1,-1
2014131CG1032,2,9,0,9,0,8,0,0,0,0,1,1,6,1,62,9,1590,1,14,-1,-1
2014131CG1132,1,9,0,18,0,0,0,0,0,11,1,1,6,1,29,6,1995,2,11,4,1
2014131CG1211,1,9,0,18,0,0,0,0,0,0,4,1,6,1,19,4,1968,2,4,1,1
2014131CG1251,1,9,0,18,0,8,0,0,0,0,1,1,6,3,-1,-1,-1,-1,-1,-1,-1
2014131CG1251,2,9,0,18,0,8,0,0,0,0,2,1,6,2,28,6,1242,1,9,2,1
2014131CG1251,3,21,1,18,0,8,0,0,0,0,1,1,1,1,40,7,12777,2,6,9,3
2014131CG1409,1,9,0,9,0,8,0,0,0,0,1,1,6,1,47,8,1896,2,7,-1,1
2014131CG1409,2,9,0,18,0,8,0,0,0,0,3,1,6,2,41,7,1997,2,11,1,1
2014131CG1477,1,9,0,18,0,0,1,0,0,0,1,1,6,1,19,4,1364,1,3,-1,-1
2014131CG1477,2,9,0,18,0,0,0,0,0,0,2,1,6,1,44,7,1364,2,3,1,1
2014131CG1611,1,9,0,9,0,8,0,0,0,0,1,1,6,1,24,5,1275,1,15,6,1
2014131CG1611,2,1,0,18,0,1,0,0,0,0,1,1,6,1,30,6,-1,-1,-1,-1,-1
2014131CH0154,1,9,0,17,0,0,1,0,1,10,1,1,6,1,24,5,2000,1,15,1,1
2014131CH0154,2,9,0,17,0,0,0,0,0,0,0,1,1,1,38,7,2993,2,2,-1,-1
2014131CH0208,1,9,0,9,0,2,1,0,0,0,3,1,2,1,23,5,1560,2,5,-1,1
2014131CH0208,2,3,0,18,0,1,0,0,0,0,1,1,2,1,24,5,124,1,6,7,1
2014131CH0233,1,9,0,18,0,0,0,0,0,0,1,1,6,2,39,7,1796,1,9,1,1
2014131CH0269,1,9,0,9,0,6,0,0,0,0,3,1,6,2,29,6,1422,2,11,7,1
2014131CH0269,2,3,0,18,0,8,2,0,0,0,1,1,6,1,22,5,-1,-1,-1,2,1
2014131CH0522,1,9,0,18,0,0,1,0,1,11,1,1,6,1,33,6,1896,2,4,4,1
2014131CH0716,1,9,0,18,0,2,0,0,0,0,0,1,1,1,43,7,1798,8,1,5,1
2014131CH0930,1,9,0,5,0,1,0,0,0,0,1,1,6,2,28,6,1968,2,6,9,1
2014131CH0956,1,3,0,18,0,1,0,0,0,0,4,1,2,1,31,6,124,1,6,2,1
2014131CH0956,2,9,0,9,0,6,0,0,0,0,1,1,6,1,47,8,1396,1,12,3,1
2014131CH1008,1,9,0,18,0,0,0,0,0,0,0,1,6,3,-1,-1,-1,-1,-1,-1,-1
2014131CH1054,1,9,0,18,0,0,0,0,0,0,1,1,2,1,38,7,1896,2,8,1,1
2014131CH1062,1,9,0,18,0,0,0,0,0,0,1,1,6,2,28,6,1968,2,4,2,1
2014131CH1080,1,9,0,18,0,0,0,0,0,0,1,1,6,3,-1,-1,-1,-1,-1,-1,-1
2014131CH1144,1,9,0,18,0,0,0,0,0,0,1,1,6,1,27,6,1299,1,16,-1,1
2014131CH1144,2,9,0,18,0,0,0,0,0,0,2,1,6,2,47,8,998,1,4,-1,-1
2014131CH1184,1,2,0,13,0,1,0,7,0,0,3,1,6,1,25,5,49,1,3,1,1
2014131CH1196,1,9,0,5,0,1,0,0,0,0,1,1,2,1,64,9,1587,1,11,3,1
2014131CH1200,1,9,0,4,0,0,0,0,0,0,0,1,2,1,37,7,1956,2,-1,10,1
2014131CH1200,2,9,0,4,0,0,0,0,0,0,2,1,2,1,28,6,1596,1,4,1,1
2014131CH1200,3,19,0,4,0,0,0,0,0,0,2,1,2,1,26,6,1560,2,3,4,1
2014131CH1200,4,9,0,18,0,0,0,0,0,0,1,1,2,1,27,6,1198,1,3,10,1
2014131CH1363,1,9,0,18,0,0,0,0,0,0,1,1,6,1,37,7,1686,2,5,8,1
2014131CH1363,2,9,0,18,0,0,0,0,0,0,1,1,6,1,40,7,1997,2,7,8,1
2014131CH1400,1,10,0,18,0,0,0,0,0,0,1,1,6,3,-1,-1,-1,-1,-1,-1,-1
2014131CH1402,1,9,0,9,0,8,0,0,0,0,1,1,6,1,54,8,1686,2,10,8,1
2014131CH1402,2,1,0,18,0,8,0,0,0,0,4,1,6,1,35,6,-1,-1,-1,1,1
2014131CH1409,1,9,0,18,0,0,0,7,0,0,1,1,6,2,67,10,1364,1,5,8,1
2014131CH1480,1,9,0,18,0,8,0,0,0,0,3,1,6,1,47,8,1599,1,9,-1,-1
2014131CH1480,2,21,1,18,0,8,0,0,0,0,4,1,1,3,-1,-1,-1,-1,-1,-1,-1
2014131CH1548,1,9,0,16,0,0,0,0,7,11,1,1,6,2,50,8,1299,1,13,10,1
2014131CI0259,1,9,0,18,0,1,0,0,0,0,1,1,2,1,20,4,1240,1,9,7,2
2014131CI0355,1,8,0,1,9,0,0,0,0,0,2,1,3,1,31,6,1998,2,5,6,1
2014131CI0658,1,9,0,9,0,8,0,0,0,0,1,1,6,2,44,7,1896,2,7,2,1
2014131CI0658,2,9,0,18,0,8,0,0,0,0,1,1,6,1,42,7,1896,2,10,6,1
2014131CI0830,1,9,0,9,0,2,0,0,0,0,3,1,6,2,57,9,1149,1,5,8,1
2014131CI0830,2,9,0,18,0,2,0,0,0,0,1,1,6,2,24,5,1390,1,5,8,1
2014131CI0839,1,9,0,10,0,1,0,0,0,0,2,1,1,1,37,7,1598,2,4,1,1
2014131CI0839,2,9,0,18,0,1,0,0,0,0,1,1,1,1,45,7,1997,2,2,6,1