Accident_Index,Vehicle_Reference,Vehicle_Type,Towing_and_Articulation,Vehicle_Manoeuvre,Vehicle_Location-Restricted_Lane,Junction_Location,Skidding_and_Overturning,Hit_Object_in_Carriageway,Vehicle_Leaving_Carriageway,Hit_Object_off_Carriageway,1st_Point_of_Impact,Was_Vehicle_Left_Hand_Drive?,Journey_Purpose_of_Driver,Sex_of_Driver,Age_of_Driver,Age_Band_of_Driver,Engine_Capacity_(CC),Propulsion_Code,Age_of_Vehicle,Driver_IMD_Decile,Driver_Home_Area_Type
2014131CI0979,1,9,0,4,0,1,0,0,0,0,1,1,6,1,56,9,-1,-1,-1,1,1
2014131CI0979,2,9,0,3,0,1,0,0,0,0,2,1,6,1,53,8,1998,1,13,4,1
2014131CI1039,1,9,0,7,0,2,0,0,0,0,4,1,6,1,45,7,1968,2,4,8,1
2014131CI1175,1,9,0,4,0,1,0,0,0,0,1,1,2,1,52,8,1560,2,-1,9,1
2014131CI1190,1,9,0,18,0,0,0,0,0,0,1,1,6,2,44,7,1596,1,13,-1,-1
2014131CI1253,1,9,0,5,0,1,0,0,0,0,1,1,6,1,32,6,1499,2,1,1,1
2014131CI1253,2,1,0,18,0,8,0,0,0,0,1,1,6,1,32,6,-1,-1,-1,-1,-1
2014131CI1311,1,9,0,18,0,0,0,0,0,0,1,1,6,2,55,8,1497,8,1,3,1
2014131CI1321,1,9,0,5,0,6,0,0,0,0,3,1,6,2,28,6,1364,1,8,4,1
2014131CI1321,2,9,0,18,0,8,0,0,0,0,1,1,6,1,26,6,1686,2,4,6,1
2014131CI1515,1,9,0,14,0,0,0,0,0,0,1,1,6,2,30,6,1242,1,5,6,1
2014131CI1515,2,9,0,5,0,0,0,0,0,0,3,1,6,2,56,9,1390,1,8,1,1
2014131CI1517,1,9,0,12,0,0,0,0,0,0,3,1,6,1,20,4,1149,1,13,3,1
2014131CI1517,2,9,0,18,0,0,0,0,0,0,4,1,6,2,23,5,1328,1,12,1,1
2014131CI1540,1,9,0,16,0,5,0,0,0,0,1,1,6,1,58,9,1997,2,11,4,1
2014131CI1540,2,1,0,18,0,5,0,0,0,0,3,1,6,1,23,5,-1,-1,-1,8,3
2014131CI1594,1,21,1,18,0,0,0,11,0,0,1,1,1,1,38,7,-1,-1,-1,6,2
2014131CI1621,1,9,0,9,0,8,0,0,0,0,1,1,6,1,25,5,1198,1,1,9,1
2014131CI1699,1,9,0,3,9,0,0,0,0,0,0,1,1,1,27,6,1248,1,2,3,1
2014131CI1699,2,1,0,16,0,0,5,4,0,0,4,1,6,1,25,5,-1,-1,-1,6,1
2014131CJ0024,1,9,0,4,0,1,0,0,0,0,1,1,6,1,47,8,1896,2,10,4,2
2014131CJ0024,2,9,0,3,0,1,0,0,0,0,2,1,6,1,67,10,1461,2,1,2,1
2014131CJ0063,1,9,0,18,0,0,0,0,0,0,1,1,6,3,-1,-1,1870,2,9,-1,-1
2014131CJ0063,2,9,0,18,0,0,0,0,0,0,2,1,1,1,34,6,1995,2,8,3,1
2014131CJ0355,1,9,0,18,0,1,1,0,0,0,1,1,2,1,38,7,1389,1,18,4,1
2014131CJ0355,2,9,0,18,0,1,0,0,0,0,2,1,6,1,34,6,1242,1,4,6,1
2014131CJ0435,1,19,0,9,0,8,0,0,0,0,3,1,6,1,49,8,1753,2,4,9,3
2014131CJ0675,1,9,0,7,0,5,0,0,0,0,1,1,6,3,-1,-1,-1,-1,-1,-1,-1
2014131CJ0678,1,9,0,9,0,6,0,0,0,0,3,1,6,1,57,9,1461,2,10,2,1
2014131CJ0678,2,9,0,18,0,8,0,0,0,0,1,1,6,1,54,8,1598,1,-1,-1,-1
2014131CJ0777,1,9,0,18,0,4,0,0,0,0,1,1,6,2,34,6,998,1,5,8,3
2014131CJ0777,2,9,0,18,0,4,0,0,0,0,2,1,6,2,41,7,1400,2,6,4,3
2014131CJ0817,1,9,0,18,0,6,0,0,0,0,1,1,6,1,-1,-1,-1,-1,-1,-1,-1
2014131CJ0817,2,9,0,18,0,8,0,0,0,0,2,1,6,1,33,6,1997,2,5,4,1
2014131CJ0844,1,5,0,18,0,1,0,0,0,0,1,1,6,1,67,10,849,1,17,1,1
2014131CJ0844,2,9,0,7,0,1,0,0,0,0,1,1,6,1,32,6,-1,-1,-1,8,1
2014131CJ0959,1,3,0,18,0,0,2,10,0,0,1,1,6,3,-1,-1,124,1,2,-1,-1
2014131CJ0959,2,9,0,18,0,0,0,0,0,0,1,2,2,1,35,6,2231,2,3,-1,-1
2014131CJ1219,1,9,0,3,0,1,0,0,0,0,2,1,2,1,37,7,1968,2,3,1,1
2014131CJ1219,2,19,0,3,0,1,0,0,0,0,2,1,2,1,41,7,2151,2,13,9,1
2014131CJ1219,3,9,0,18,0,1,0,0,0,0,1,1,6,1,68,10,1596,1,14,7,3
2014131CJ1276,1,9,0,18,0,8,0,0,1,2,4,1,6,1,25,5,1968,2,5,4,1
2014131CJ1546,1,9,0,18,0,8,1,0,0,0,1,1,6,1,24,5,1896,2,4,1,1
2014131CJ1546,2,11,0,2,0,8,0,0,0,0,2,1,1,1,44,7,4580,2,4,1,1
2014131CJ1717,1,9,0,18,0,8,1,0,0,0,1,1,6,1,33,6,1994,1,10,1,1
2014131CJ1717,2,9,0,18,0,8,1,0,7,0,4,1,6,1,30,6,1598,2,2,8,1
2014131CJ1944,1,8,0,18,0,0,0,0,0,0,3,1,6,3,-1,-1,-1,-1,-1,-1,-1
2014131CK0283,1,9,0,18,0,0,0,0,1,4,1,1,2,1,56,9,1968,2,-1,6,1
2014131CK0510,1,9,0,9,0,0,0,0,0,0,3,1,6,1,37,7,1596,1,6,-1,-1
2014131CK0510,2,9,0,18,0,0,1,0,0,0,1,1,6,2,43,7,1405,1,10,-1,-1
2014131CK0625,1,9,0,18,0,4,0,0,0,0,2,1,6,2,18,4,-1,-1,-1,2,2
2014131CK0625,2,19,0,18,0,4,0,0,0,0,1,1,6,1,24,5,2198,2,8,8,1
2014131CK0680,1,9,0,9,0,6,0,0,0,0,1,1,6,1,54,8,1461,2,2,1,1
2014131CK0680,2,9,0,17,0,1,0,0,0,0,1,1,6,1,56,9,1997,2,6,8,1
2014131CK0960,1,9,0,18,0,1,0,0,0,0,0,1,6,2,34,6,1896,2,9,6,1
2014131CK1005,1,9,0,18,0,0,0,0,0,0,0,1,1,1,36,7,1968,2,7,3,1
2014131CK1005,2,9,0,15,0,0,0,0,0,0,4,1,6,2,50,8,1596,1,4,6,1
2014131CK1199,1,19,0,18,0,0,0,0,0,0,3,1,6,1,28,6,2198,2,-1,1,1
2014131CK1248,1,9,0,18,0,8,0,0,0,0,4,1,6,2,42,7,1299,1,13,1,1
2014131CK1248,2,9,0,18,0,6,0,0,0,0,1,1,6,2,24,5,998,1,12,1,1
2014131CK1386,1,9,0,18,0,8,0,0,0,0,4,1,2,1,52,8,1793,1,13,1,1
2014131CK1386,2,1,0,18,0,6,0,0,0,0,1,1,6,1,14,3,-1,-1,-1,5,1
2014131CK1571,1,11,0,4,0,0,0,0,0,0,4,1,1,1,-1,-1,-1,-1,-1,-1,-1
2014131CL0443,1,8,0,18,0,6,0,0,0,0,1,1,1,1,35,6,1998,2,5,1,1
2014131CL0443,2,9,0,18,0,8,0,0,0,0,3,1,6,1,47,8,1240,1,11,4,1
2014131CL0604,1,9,0,18,0,0,0,0,0,0,1,1,6,2,49,8,2902,2,9,9,1
2014131CL0648,1,9,0,7,0,8,0,0,0,0,1,1,6,2,25,5,1596,1,4,7,1
2014131CL0648,2,9,0,17,0,8,0,0,0,0,4,1,6,2,37,7,1560,2,3,8,1
2014131CL0989,1,8,0,9,0,1,0,0,0,0,1,1,1,1,61,9,1896,2,9,2,1
2014131CL0989,2,9,0,18,0,1,0,0,0,0,1,1,6,1,20,4,1796,1,13,8,1
2014131CL1017,1,9,0,18,0,1,0,0,7,3,1,1,6,2,22,5,1242,1,4,1,1
2014131CL1017,2,9,0,18,0,1,0,0,0,0,1,1,6,3,-1,-1,1461,2,10,-1,-1
2014131CL1308,1,9,0,18,0,6,0,0,0,0,3,1,6,1,66,10,1596,1,1,2,1
2014131CL1308,2,9,0,18,0,8,0,0,0,0,1,1,6,1,32,6,998,1,14,3,1
2014131CL1483,1,9,0,18,0,8,0,0,0,0,0,1,6,1,56,9,1968,2,7,9,1
2014131CL1483,2,9,0,18,0,8,0,0,0,0,0,1,6,2,48,8,1390,1,13,4,1
2014131CM0248,1,9,0,18,0,0,0,0,0,0,4,1,6,1,57,9,1994,1,19,3,1
2014131CM0370,1,9,0,18,0,2,0,4,0,0,1,1,6,1,76,11,998,1,9,4,1
2014131CM0370,2,9,0,2,0,2,0,0,0,0,2,1,6,3,-1,-1,1596,1,12,-1,-1
2014131CM0428,1,21,0,18,0,0,0,5,0,10,2,1,1,1,37,7,6693,2,1,8,1
2014131CM0598,1,9,0,9,0,1,0,0,0,0,2,1,6,2,66,10,1328,1,11,3,1
2014131CM0598,2,9,0,18,0,1,0,0,0,0,1,1,6,1,34,6,1998,1,11,4,1
2014131CM0651,1,9,0,16,0,8,0,0,0,0,3,1,1,1,34,6,1598,1,6,2,1
2014131CM0651,2,21,1,16,0,8,0,0,0,0,4,1,1,1,49,8,12900,2,6,2,1
2014131CM0703,1,8,0,18,0,0,0,0,0,0,3,1,1,1,40,7,1598,2,5,1,1
2014131CM0786,1,9,0,18,0,8,0,0,0,0,3,1,6,2,49,8,1598,2,-1,5,1
2014131CM0786,2,9,0,18,0,8,0,0,0,0,1,1,6,2,32,6,998,1,9,10,2
2014131CM0892,1,9,0,16,0,1,0,0,0,0,1,1,6,2,64,9,2597,1,13,4,1
2014131CM0892,2,9,0,10,0,1,0,0,0,0,2,1,6,1,49,8,-1,-1,-1,4,1
2014131CM0916,1,9,0,18,0,6,0,0,0,0,1,1,6,1,65,9,1999,1,10,3,1
2014131CM0916,2,9,0,18,0,8,0,0,0,0,1,1,6,2,34,6,1399,2,6,-1,1
2014131CM0924,1,9,0,18,0,8,0,0,0,0,1,1,6,2,67,10,1199,2,3,5,1
2014131CM0944,1,9,0,10,0,1,0,0,0,0,1,1,6,1,35,6,1956,2,5,5,1
2014131CM0944,2,9,0,18,0,1,0,0,0,0,1,1,6,2,72,10,998,1,3,5,1
2014131CM0989,1,9,0,18,0,1,0,0,0,0,3,1,6,1,32,6,998,1,-1,3,1
2014131CM0989,2,9,0,9,0,1,0,0,0,0,4,1,6,2,78,11,1242,1,2,6,1
2014131CM1145,1,1,0,6,0,0,0,0,0,0,3,1,6,1,32,6,-1,-1,-1,-1,-1
2014131CM1145,2,9,0,18,0,0,0,0,0,0,1,1,2,2,58,9,1197,1,-1,7,1
2014131CM1154,1,9,0,9,0,8,0,0,0,0,3,1,6,2,55,8,998,1,4,1,1
2014131CM1157,1,20,0,7,0,5,0,0,0,0,4,1,1,1,57,9,4462,2,1,2,1
2014131CM1165,1,9,0,6,0,0,0,0,0,0,1,1,6,1,45,7,2354,1,10,1,1
2014131CM1223,1,9,0,18,0,0,2,0,1,0,4,1,6,1,28,6,1248,2,10,4,1
2014131CM1260,1,9,0,18,0,0,0,0,0,0,1,1,6,1,31,6,2979,1,11,-1,1
2014131CM1260,2,19,0,18,0,0,0,0,0,0,1,1,1,1,44,7,2151,2,10,2,1
2014131CM1273,1,11,0,18,0,0,0,0,0,0,0,1,1,1,56,9,7300,2,10,3,1
2014131CM1390,1,9,0,18,0,4,0,0,0,0,1,1,2,1,65,9,1598,1,11,3,1
2014131CM1390,2,3,0,18,0,4,2,0,0,0,1,1,2,1,31,6,124,1,1,1,1
2014131CM1603,1,9,0,12,0,8,0,0,0,0,1,1,6,1,83,11,-1,-1,-1,3,1
2014131CM1603,2,9,0,18,0,8,0,0,0,0,4,1,6,1,20,4,2720,2,8,7,1
2014131CM1751,1,3,0,18,0,0,0,0,0,0,0,1,6,1,54,8,125,1,11,2,1
2014131CN0652,1,11,0,18,2,0,0,0,0,0,3,1,1,1,27,6,7300,2,6,1,1
2014131CN0652,2,9,0,11,2,0,0,0,0,0,4,1,6,2,71,10,1986,1,21,7,1
2014131CN0668,1,9,0,18,9,8,0,0,0,0,1,1,1,1,45,7,3200,1,12,4,1
2014131CN0767,1,11,0,2,0,0,0,0,0,0,0,1,1,1,30,6,9360,2,2,9,1
2014131CN0894,1,9,0,18,0,0,0,0,0,0,4,1,6,2,74,10,1364,1,7,8,1
2014131CN0894,2,9,0,2,0,0,0,0,0,0,3,1,6,3,-1,-1,1560,2,-1,5,1
2014131CN0981,1,9,0,18,0,0,0,0,0,0,1,1,6,2,58,9,998,1,5,-1,-1
2014131CN0981,2,9,0,18,0,0,0,0,0,0,2,1,6,1,23,5,1783,1,10,-1,-1
2014131CN1086,1,9,0,3,0,7,0,0,0,0,2,1,6,2,21,5,1388,1,6,4,1
2014131CN1086,2,9,0,3,0,7,0,0,0,0,1,1,6,1,-1,-1,1199,1,12,-1,-1
2014131CN1095,1,9,0,18,0,1,0,0,0,0,1,1,6,2,29,6,1587,1,13,1,1
2014131CN1095,2,9,0,9,0,1,0,0,0,0,1,1,6,2,25,5,1686,2,8,3,1
2014131CN1112,1,9,0,9,0,6,0,0,0,0,1,1,6,1,40,7,-1,-1,-1,3,1
2014131CN1112,2,9,0,18,0,8,0,0,0,0,3,1,6,2,24,5,1248,1,4,7,1
2014131CN1135,1,8,0,5,9,8,0,0,0,0,0,1,1,1,44,7,1910,2,7,2,1
2014131CN1174,1,9,0,17,0,0,1,0,1,0,1,1,2,1,33,6,1781,1,23,-1,-1
2014131CN1174,2,9,0,18,0,0,0,0,7,0,2,1,6,2,29,6,1968,2,3,-1,-1
2014131CN1299,1,9,0,7,0,3,0,0,0,0,3,1,6,1,28,6,2143,2,-1,2,1
2014131CN1299,2,9,0,11,0,3,0,0,0,0,4,1,6,2,27,6,1796,1,12,-1,-1
2014131CO0281,1,2,0,18,0,6,0,0,0,0,1,1,6,1,17,4,49,1,5,-1,-1
2014131CO0281,2,9,0,9,0,8,0,0,0,0,3,1,6,1,40,7,1560,2,-1,2,1
2014131CO0288,1,9,0,18,0,8,0,0,0,0,4,1,6,1,48,8,1586,1,11,1,1
2014131CO0288,2,9,0,9,0,5,5,0,0,0,4,1,6,1,58,9,1061,1,9,1,1
2014131CO0288,3,9,0,10,0,1,0,0,0,0,0,1,6,1,48,8,2720,2,10,3,2
2014131CO0435,1,1,0,18,0,8,0,0,0,0,3,1,6,1,43,7,-1,-1,-1,-1,-1
2014131CO0435,2,9,0,9,0,6,0,0,0,0,3,1,6,2,66,10,1596,1,4,1,1
2014131CO0481,1,9,0,18,0,2,0,0,0,0,2,1,6,2,49,8,-1,-1,-1,8,2
2014131CO0481,2,9,0,18,0,2,0,0,0,0,1,1,6,1,61,9,-1,-1,-1,8,1
2014131CO0481,3,9,0,18,0,2,0,0,0,0,1,1,6,1,54,8,1242,1,1,4,1
2014131CO0493,1,9,0,18,0,0,0,0,1,0,1,1,6,1,29,6,998,1,10,5,2
2014131CO0493,2,9,0,18,0,0,0,0,0,0,1,1,6,1,56,9,1753,2,10,2,1
2014131CO0516,1,9,0,9,0,6,0,0,0,0,3,1,6,2,25,5,1149,1,12,2,1
2014131CO0516,2,9,0,18,0,8,0,0,7,10,1,1,6,1,64,9,1560,2,2,6,2
2014131CO0712,1,9,0,18,0,0,0,0,0,0,1,1,6,1,62,9,1995,1,20,1,1
2014131CO0712,2,8,0,4,0,0,0,0,0,0,2,1,1,1,42,7,1798,1,5,3,1
2014131CO0718,1,9,0,18,0,8,0,0,0,0,1,1,6,1,30,6,1598,1,9,3,1
2014131CO0718,2,9,0,5,0,8,0,0,0,0,2,1,6,1,47,8,1388,1,10,2,1
2014131CO0718,3,9,0,5,0,8,0,0,0,0,2,1,6,2,43,7,1461,2,1,10,1
2014131CO0740,1,9,0,18,0,8,0,0,0,0,1,1,6,1,37,7,1796,1,7,2,1
2014131CO0746,1,9,0,18,0,0,0,0,0,0,1,1,6,3,-1,-1,-1,-1,-1,-1,-1
2014131CO0793,1,9,0,18,0,1,0,0,0,0,1,1,6,2,28,6,1769,1,9,9,1
2014131CO0919,1,9,0,18,0,1,0,0,0,0,0,1,6,1,58,9,1461,2,2,3,1
2014131CO1153,1,9,0,9,0,8,0,0,0,0,1,1,6,1,23,5,1598,1,7,2,1
2014131CO1153,2,9,0,9,0,8,0,0,0,0,2,1,6,2,25,5,1329,1,-1,5,1
2014131CO1336,1,9,0,18,0,0,0,0,0,0,1,1,6,1,43,7,2500,1,17,2,1
2014131CO1336,2,9,0,6,0,0,0,0,0,0,3,1,6,1,25,5,1461,2,-1,-1,1
2014131CP0672,1,9,0,18,0,0,0,0,0,0,1,1,6,2,28,6,1598,1,10,4,2
2014131CP0672,2,9,0,4,0,0,1,0,0,0,1,1,6,1,52,8,2967,1,12,10,1
2014131CP0672,3,9,0,4,0,0,0,0,0,0,1,1,6,1,21,5,1197,1,3,4,1
2014131CP0695,1,9,0,9,0,6,0,0,0,0,1,1,2,1,29,6,998,1,1,7,1
2014131CP0695,2,9,0,18,0,1,5,0,7,11,1,1,6,1,23,5,1587,1,11,8,2
2014131CP0740,1,9,0,18,0,0,0,0,0,0,1,1,2,2,21,5,1390,1,5,1,1
2014131CP1059,1,8,0,18,0,1,0,0,0,0,0,1,1,1,56,9,-1,-1,-1,4,1
2014131CQ0124,1,19,0,18,0,8,0,0,0,0,4,1,6,1,34,6,1968,2,10,2,1
2014131CQ0124,2,9,0,18,0,8,0,0,0,0,1,1,6,1,32,6,1598,1,3,1,1
2014131CQ0293,1,9,0,13,0,0,0,0,5,6,1,1,2,2,23,5,-1,-1,-1,6,1
2014131CQ0354,1,9,0,18,0,0,1,0,2,10,1,1,6,1,32,6,1991,2,9,3,1
2014131CQ0491,1,9,0,18,0,6,0,0,0,0,3,1,6,1,34,6,1995,2,6,10,3
2014131CQ0491,2,5,0,18,0,1,2,0,0,0,1,1,6,1,29,6,636,1,11,6,3
2014131CQ0518,1,9,0,18,0,1,0,0,0,0,1,1,6,1,29,6,1753,2,13,1,1
2014131CQ0518,2,9,0,9,0,1,0,0,0,0,1,1,6,2,33,6,998,1,5,4,1
2014131CQ0606,1,19,0,18,0,1,0,0,0,0,3,1,6,3,-1,-1,-1,-1,-1,-1,-1
2014131CQ0620,1,9,0,16,0,0,0,0,0,0,1,1,6,1,27,6,2993,2,7,1,1
2014131CQ0620,2,9,0,17,0,0,0,0,0,0,1,1,6,2,29,6,1796,1,13,2,1
2014131CQ0620,3,9,0,17,0,0,0,0,0,0,1,1,6,2,54,8,1328,1,11,3,1
2014131CQ0767,1,9,0,4,0,1,0,0,0,0,1,1,6,3,35,6,-1,-1,-1,-1,-1
2014131CQ0767,2,9,0,10,0,1,0,0,0,0,2,1,6,2,53,8,1242,1,1,6,1
2014131CQ0818,1,9,0,18,0,3,0,0,1,0,1,1,6,1,52,8,-1,-1,-1,8,2
2014131CQ0818,2,9,0,18,0,4,0,0,7,0,1,1,6,1,56,9,1598,2,2,10,2
2014131CQ0820,1,9,0,18,0,0,1,0,0,0,1,1,6,2,52,8,2993,2,3,5,3
2014131CQ0820,2,9,0,18,0,0,0,0,0,0,2,1,6,2,19,4,1229,1,8,1,1
2014131CQ0911,1,9,0,18,0,1,0,0,0,0,1,1,6,1,30,6,1396,1,10,1,1
2014131CQ0911,2,9,0,18,0,1,0,0,0,0,1,1,6,1,30,6,1248,2,5,-1,1
2014131CQ0917,1,11,0,5,0,8,0,0,0,0,4,1,1,1,48,8,9360,2,5,1,1
2014131CQ0968,1,1,0,18,0,1,0,0,0,0,1,1,6,1,44,7,-1,-1,-1,-1,1
2014131CQ0968,2,9,0,18,0,1,0,0,0,0,1,1,6,1,48,8,1598,1,7,7,1
2014131CQ1060,1,9,0,18,0,8,0,0,0,0,1,1,6,2,30,6,1896,2,5,3,1
2014131CQ1060,2,8,0,18,0,8,0,0,0,0,1,1,1,1,30,6,1896,2,6,2,1
2014131CQ1190,1,9,0,7,0,1,0,0,0,0,4,1,6,3,-1,-1,-1,-1,-1,-1,-1
2014131CQ1190,2,22,0,18,0,6,0,0,0,0,1,1,6,2,47,8,-1,-1,-1,1,1
2014131CQ1237,1,9,0,18,0,0,1,0,0,0,1,1,6,1,33,6,1686,2,3,9,3
2014131CQ1237,2,9,0,3,0,0,1,0,1,11,1,1,6,2,74,10,1360,1,15,6,1
2014131CQ1246,1,9,0,13,0,0,1,0,0,0,4,1,6,1,55,8,1199,2,4,4,1
2014131CQ1246,2,9,0,18,0,0,0,0,0,0,1,1,6,1,42,7,1910,2,8,5,1
2014131CQ1308,1,9,0,18,0,1,1,0,0,3,1,1,6,1,31,6,1598,1,9,8,1
2014131CQ1464,1,9,0,18,0,0,0,0,0,0,4,1,6,1,50,8,1390,1,7,6,2
2014131CQ1545,1,9,0,18,0,8,1,0,0,0,1,1,6,3,-1,-1,-1,-1,-1,-1,-1
2014131CR0161,1,8,0,1,0,0,0,0,0,0,1,1,1,1,40,7,-1,-1,-1,-1,-1
2014131CR0576,1,11,0,5,0,0,0,0,0,0,0,1,1,1,39,7,4461,2,-1,2,2
2014131CR1338,1,9,0,9,0,8,0,0,0,0,3,1,6,1,22,5,1199,1,11,1,1
2014131CR1338,2,9,0,18,0,8,0,0,0,0,1,1,6,2,43,7,1900,2,8,1,1
2014131CR1342,1,9,0,13,0,1,1,0,0,0,1,1,6,2,20,4,1242,1,6,7,1
2014131CR1342,2,9,0,7,0,1,0,0,0,0,3,1,6,2,34,6,1560,2,2,2,1
2014131CR1601,1,9,0,18,0,1,2,10,2,10,1,1,6,1,16,4,1396,1,17,-1,-1
2014131CR1601,2,9,0,18,0,1,1,10,0,10,2,1,1,1,29,6,1248,2,3,-1,-1
2014131CR1602,1,9,0,18,0,0,0,0,0,0,1,1,6,1,59,9,1461,2,9,6,1
2014131CR1602,2,9,0,3,0,0,0,0,0,0,2,1,6,1,31,6,1896,2,12,9,3
2014131CS0338,1,8,0,2,0,0,0,0,0,0,2,1,1,1,45,7,1596,1,11,1,1
2014131CS0338,2,8,0,6,0,0,0,0,0,0,1,1,1,1,40,7,1896,2,6,-1,-1
2014131CS0386,1,9,0,16,0,0,1,0,1,7,3,1,2,1,28,6,1198,1,6,1,1
2014131CS0418,1,9,0,17,0,0,2,0,1,0,4,1,1,1,45,7,1248,2,3,-1,-1
2014131CS0430,1,9,0,18,0,8,2,10,2,7,1,1,6,2,22,5,1149,1,6,4,1
2014131CS0465,1,19,0,18,0,8,0,0,0,0,1,1,1,1,68,10,1997,2,10,-1,1
2014131CS0477,1,9,0,17,0,0,2,0,1,4,1,1,6,2,74,10,1240,1,11,-1,-1
2014131CS0663,1,9,0,18,0,0,1,0,0,0,1,1,6,1,17,4,1198,1,10,-1,-1
2014131CS0663,2,19,0,18,0,0,0,0,0,0,1,1,6,1,32,6,2198,2,-1,1,1
2014131CS0756,1,9,0,18,0,0,0,0,0,0,1,1,6,3,30,6,-1,-1,-1,-1,-1
2014131CT0204,1,9,0,17,0,2,2,0,7,9,3,1,6,1,36,7,1598,1,9,9,3
2014131CT0467,1,9,0,18,0,6,0,0,0,0,1,1,6,1,55,8,2521,1,9,8,2
2014131CT0467,2,9,0,18,0,8,0,0,1,1,3,1,6,1,65,9,1364,1,9,6,1
2014131CT0506,1,9,0,9,0,0,1,0,0,0,3,1,6,2,67,10,1388,1,3,2,1
2014131CT0506,2,9,0,18,0,0,0,0,0,0,1,1,6,1,29,6,2402,2,6,6,3
2014131CT0926,1,9,0,16,0,0,1,0,7,11,1,1,6,1,28,6,1968,2,-1,4,1
2014131CT0926,2,9,0,2,9,0,0,0,1,0,3,1,6,2,-1,-1,1968,2,8,-1,-1
2014131CT1319,1,9,0,5,0,6,0,0,0,0,3,1,6,1,28,6,1598,1,14,6,1
2014131CT1319,2,9,0,18,0,1,0,0,0,0,1,1,6,1,18,4,1798,1,3,4,1
2014131CU0319,1,9,0,3,0,1,0,0,0,0,2,1,6,1,78,11,1587,1,7,7,1
2014131CU0319,2,9,0,7,0,6,0,0,0,0,1,1,6,1,-1,-1,1497,1,9,1,1
2014131CU0522,1,9,0,18,0,0,0,0,0,0,4,1,6,1,20,4,1390,1,14,4,1
2014131CU0553,1,9,0,17,0,0,0,0,0,0,1,1,6,1,75,10,1956,2,1,7,1
2014131CU0561,1,11,0,18,0,0,0,0,0,0,1,1,1,1,69,10,4580,2,4,-1,-1
2014131CU0561,2,9,0,9,0,0,0,0,0,0,3,1,6,2,39,7,1896,2,10,10,3
2014131CU0561,3,9,0,2,0,0,0,0,0,0,2,1,6,1,25,5,2499,1,7,4,3
2014131CU0561,4,9,0,2,0,0,0,0,0,0,2,1,6,3,-1,-1,998,1,5,-1,-1
2014131CU0802,1,9,0,18,0,6,0,0,0,0,3,1,6,2,55,8,1200,1,1,3,1
2014131CU0802,2,9,0,18,0,8,0,0,0,0,4,1,6,3,-1,-1,1968,2,7,-1,-1
2014131CU0803,1,9,0,18,0,1,0,0,0,0,4,1,6,2,55,8,-1,-1,-1,-1,-1
2014131CU0985,1,9,0,18,0,3,0,0,0,0,4,1,6,3,-1,-1,-1,-1,-1,-1,-1
2014131CU1188,1,8,0,7,0,5,0,0,0,0,3,1,1,1,34,6,1998,2,5,2,1
2014131CU1188,2,9,0,18,0,1,0,0,7,0,1,1,6,2,49,8,998,1,4,6,1
2014131CU1205,1,9,0,1,0,1,0,0,8,11,2,1,6,2,27,6,1975,1,15,2,1
2014131CV0080,1,8,0,18,0,8,0,0,0,0,1,1,1,1,42,7,1598,2,1,1,1
2014131CV0341,1,9,0,7,0,6,0,0,0,0,3,1,6,2,26,6,1968,2,3,6,1
2014131CV0341,2,19,0,18,0,8,0,0,0,0,1,1,6,1,52,8,2402,2,11,-1,-1
2014131CV0542,1,19,0,18,0,0,0,0,0,0,1,1,1,1,41,7,1997,2,-1,8,1
2014131CV0542,2,9,0,3,0,0,0,0,0,0,2,1,6,2,48,8,1360,1,3,9,1
2014131CV0885,1,9,0,18,0,0,1,0,0,0,1,1,6,1,19,4,1497,1,12,2,1
2014131CV0885,2,9,0,18,0,0,0,0,0,0,1,1,6,2,53,8,1895,1,16,2,1
2014131CV0963,1,9,0,18,0,1,0,0,0,0,1,1,2,1,24,5,1997,2,12,3,1
2014131CV0963,2,9,0,2,0,1,0,0,1,0,2,1,6,1,29,6,1998,2,10,-1,-1
2014131CV0997,1,9,0,5,0,1,0,0,0,0,1,1,6,2,34,6,-1,-1,-1,1,1
2014131CV0997,2,9,0,18,0,1,0,0,0,0,1,1,6,3,-1,-1,1896,2,11,-1,-1
2014131CV1191,1,9,0,18,0,0,1,7,2,4,4,1,6,1,54,8,1994,1,14,3,1
2014131CV1251,1,9,0,18,0,0,0,0,0,0,0,1,6,3,-1,-1,1749,1,12,-1,-1
2014131CV1302,1,9,0,16,0,1,5,0,7,4,1,1,6,1,27,6,-1,-1,-1,1,1
2014131CV1326,1,9,0,9,0,8,0,0,0,0,1,1,6,1,33,6,1389,1,16,1,1
2014131CV1326,2,8,0,2,0,8,0,0,0,0,2,1,1,1,34,6,-1,-1,-1,-1,-1
2014132121266,1,9,0,18,0,0,0,0,0,0,1,1,6,1,-1,-1,1229,1,8,-1,-1
2014132121266,2,9,0,18,0,0,0,0,0,0,2,1,6,1,44,7,1796,1,13,2,1
2014132130577,1,8,0,18,0,0,0,0,0,0,0,1,1,1,40,7,1686,2,7,3,1
20141321D1298,1,9,0,18,0,0,0,0,0,0,4,1,6,1,31,6,1896,2,8,2,1
2014132450759,1,9,0,18,0,8,0,0,0,0,3,1,6,2,-1,-1,-1,-1,-1,-1,-1
20141325D0630,1,9,0,18,0,0,0,0,0,0,1,1,1,1,55,8,1685,2,2,2,1
20141325D0630,2,22,0,18,0,0,5,0,0,0,4,1,6,1,77,11,-1,3,1,1,1
201414A000114,1,9,0,16,0,0,1,0,7,10,4,1,6,1,20,4,1229,1,9,2,1
201414A000114,2,9,0,16,0,0,0,0,0,0,1,1,6,2,45,7,1560,2,8,5,2
201414A000314,1,9,0,18,0,0,0,0,5,0,1,1,6,2,23,5,1490,1,6,6,1
201414A000414,1,3,0,18,0,0,0,10,0,0,0,1,6,1,24,5,124,1,3,1,1
201414A000414,2,9,0,18,0,0,0,0,0,0,0,1,6,3,-1,-1,-1,-1,-1,-1,-1
201414A002414,1,9,0,4,2,1,0,0,1,2,1,1,6,1,47,8,1798,1,8,4,1
201414A002614,1,9,0,7,0,5,0,0,0,0,1,1,6,2,18,4,-1,-1,-1,-1,-1