Accident_Index,Vehicle_Reference,Vehicle_Type,Towing_and_Articulation,Vehicle_Manoeuvre,Vehicle_Location-Restricted_Lane,Junction_Location,Skidding_and_Overturning,Hit_Object_in_Carriageway,Vehicle_Leaving_Carriageway,Hit_Object_off_Carriageway,1st_Point_of_Impact,Was_Vehicle_Left_Hand_Drive?,Journey_Purpose_of_Driver,Sex_of_Driver,Age_of_Driver,Age_Band_of_Driver,Engine_Capacity_(CC),Propulsion_Code,Age_of_Vehicle,Driver_IMD_Decile,Driver_Home_Area_Type
201414A002914,1,9,0,9,0,6,0,0,0,0,1,1,6,1,59,9,1896,2,12,1,1
201414A002914,2,3,0,18,0,8,0,0,0,0,1,1,2,1,33,6,125,1,7,3,2
201414A003014,1,9,0,5,8,6,0,0,0,0,3,1,2,1,21,5,1396,1,14,8,2
201414A003014,2,19,0,18,0,1,0,0,0,0,1,1,2,1,46,8,1461,2,2,5,1
201414A003214,1,9,0,3,0,2,0,0,0,0,0,1,6,1,41,7,1896,2,15,1,2
201414A003214,2,9,0,16,0,3,0,0,0,0,1,1,6,1,60,9,1596,1,1,3,2
201414A003714,1,9,0,18,0,1,1,0,1,0,4,1,6,2,44,7,1598,1,9,4,1
201414A004414,1,21,1,4,0,0,0,0,0,0,1,1,1,1,58,9,10837,2,1,3,1
201414A004414,2,9,0,4,0,0,0,0,0,0,2,1,2,2,41,7,1240,1,4,7,1
201414A004514,1,9,0,18,0,1,0,0,1,0,3,1,1,1,32,6,998,1,2,4,1
201414A004514,2,9,0,13,0,1,1,0,0,0,1,1,6,1,19,4,1587,1,14,4,1
201414A004614,1,9,0,18,0,0,1,0,0,0,1,1,1,1,55,8,-1,-1,-1,6,1
201414A004614,2,9,0,18,0,0,0,0,0,0,2,1,1,1,31,6,-1,-1,-1,-1,-1
201414A004914,1,9,0,18,0,8,0,0,0,0,4,1,6,2,17,4,1124,1,8,1,1
201414A004914,2,11,0,9,2,6,0,0,0,0,4,1,6,1,48,8,9360,2,6,2,1
201414A005014,1,9,0,18,0,2,0,0,0,0,1,1,6,2,71,10,1560,2,8,1,1
201414A005214,1,9,0,18,0,1,0,0,0,0,1,1,3,1,49,8,2401,2,11,6,1
201414A005414,1,19,0,18,0,0,0,0,0,0,2,1,1,1,36,7,2464,2,6,1,1
201414A005414,2,9,0,18,0,0,0,0,0,0,1,1,1,2,45,7,1796,1,7,3,1
201414A005514,1,9,0,18,0,0,0,0,0,0,1,1,6,1,72,10,1461,2,8,1,1
201414A005514,2,9,0,3,0,0,0,0,0,0,1,1,6,2,27,6,1248,2,10,1,1
201414A005514,3,9,0,3,0,0,0,0,0,0,1,1,6,1,43,7,1998,2,9,3,1
201414A005514,4,9,0,3,0,0,0,0,0,0,2,1,6,1,21,5,1798,1,9,1,1
201414A006514,1,5,0,5,0,8,0,0,0,0,4,1,1,1,61,9,740,1,21,6,1
201414A006714,1,9,0,18,0,8,0,0,1,10,3,1,6,2,21,5,1199,1,11,1,1
201414A006714,2,9,0,18,0,1,0,0,0,0,1,1,6,2,36,7,-1,-1,-1,1,1
201414A006814,1,9,0,5,0,5,1,0,0,0,1,1,1,1,46,8,998,1,7,1,1
201414A006814,2,9,0,18,0,8,0,0,0,0,1,1,6,1,40,7,1198,1,9,1,1
201414A007214,1,9,0,3,0,0,0,0,0,0,2,1,6,1,33,6,-1,-1,-1,8,2
201414A007214,2,9,0,18,0,0,0,0,0,0,1,1,6,2,61,9,1598,1,12,7,1
201414A007414,1,9,0,10,6,0,0,0,0,0,0,1,6,2,28,6,-1,-1,-1,5,3
201414A007414,2,9,0,18,0,0,0,0,0,0,2,1,6,1,49,8,3200,1,13,7,1
201414A007414,3,9,0,18,0,0,0,0,0,0,1,1,6,1,38,7,2494,1,12,8,1
201414A008014,1,9,0,18,0,8,0,0,0,0,1,1,1,1,42,7,1956,2,4,1,1
201414A008014,2,1,0,18,0,8,0,0,0,0,2,1,1,1,37,7,-1,-1,-1,3,1
201414A008114,1,9,0,5,0,2,0,0,0,0,4,1,6,3,-1,-1,-1,-1,-1,-1,-1
201414A008314,1,9,0,8,4,1,0,0,0,0,1,1,6,1,49,8,5654,1,7,5,1
201414A008314,2,1,0,18,4,1,0,0,0,0,1,1,6,1,50,8,-1,-1,-1,6,1
201414A008414,1,9,0,18,0,0,0,0,0,0,1,1,6,1,72,10,1590,1,10,1,3
201414A008514,1,9,0,17,0,0,1,0,1,9,1,1,4,1,17,4,1199,1,11,4,1
201414A008714,1,9,0,3,0,0,0,0,0,0,2,1,6,2,60,9,1242,1,15,1,2
201414A008714,2,21,0,3,0,0,0,0,0,0,1,1,6,3,-1,-1,12900,2,5,1,1
201414A009114,1,9,0,18,0,8,0,0,0,0,1,1,1,2,27,6,1560,2,9,2,1
201414A009114,2,9,0,9,0,6,0,0,0,0,4,1,6,1,40,7,2830,2,20,2,2
201414A010014,1,1,0,7,0,2,0,0,0,0,2,1,1,1,52,8,-1,-1,-1,3,1
201414A010014,2,9,0,5,0,2,0,0,0,0,1,1,6,3,-1,-1,-1,-1,-1,-1,-1
201414A010214,1,9,0,18,0,0,0,0,1,10,1,1,6,1,46,8,2143,2,3,9,3
201414A010214,2,9,0,18,0,0,0,0,8,1,1,1,6,1,25,5,1598,1,10,2,2
201414A010314,1,9,0,12,0,0,0,0,0,0,1,1,6,1,17,4,973,1,12,3,1
201414A010314,2,9,0,2,0,0,0,0,0,0,1,1,6,1,57,9,1461,2,11,2,1
201414A010414,1,9,0,10,0,1,0,0,0,0,2,1,6,2,42,7,1368,1,5,5,1
201414A010414,2,9,0,18,0,1,0,0,0,0,1,1,6,1,18,4,-1,-1,-1,8,1
201414A010714,1,21,0,12,0,8,0,0,0,0,3,1,1,1,31,6,6174,2,9,3,1
201414A010714,2,9,0,13,0,8,0,0,8,7,4,1,1,1,26,6,-1,-1,-1,2,1
201414A010814,1,9,0,4,0,4,0,0,0,0,2,1,6,1,72,10,2099,2,8,7,3
201414A010814,2,9,0,18,0,4,0,0,0,0,1,1,1,1,20,4,1149,1,12,3,1
201414A011214,1,9,0,5,0,4,0,0,0,0,1,1,2,1,35,6,1956,2,4,8,1
201414A011214,2,9,0,17,0,8,1,0,0,0,4,1,2,1,47,8,1108,1,10,3,1
201414A011514,1,1,0,18,0,1,0,0,0,0,1,1,1,1,44,7,-1,-1,-1,7,3
201414A011514,2,9,0,18,0,1,0,0,0,0,1,1,6,3,-1,-1,-1,-1,-1,-1,-1
201414A011714,1,9,0,18,0,2,0,4,0,0,1,1,6,2,29,6,1390,1,15,7,3
201414A011714,2,9,0,2,0,2,0,0,0,0,2,1,6,3,-1,-1,2401,2,12,1,1
201414A011714,3,9,0,2,0,2,0,0,0,0,2,1,6,2,-1,-1,1149,1,12,1,1
201414A011914,1,9,0,9,0,8,0,0,0,0,1,1,4,1,52,8,3301,1,17,2,1
201414A012014,1,9,0,16,9,2,1,0,1,11,1,1,2,2,61,9,1086,1,9,8,1
201414A012414,1,9,0,18,0,2,1,10,1,3,3,1,6,2,21,5,-1,-1,-1,3,1
201414A012514,1,9,0,7,0,8,0,0,0,0,3,1,6,1,25,5,1896,2,9,7,1
201414A012514,2,9,0,10,0,8,0,0,0,0,1,1,6,2,18,4,1242,1,12,5,1
201414A012714,1,9,0,18,0,8,0,0,0,0,1,1,6,1,21,5,1998,1,14,7,1
201414A012714,2,9,0,9,0,8,0,0,0,0,1,1,6,2,58,9,1461,2,1,3,1
201414A012814,1,9,0,18,0,1,0,0,0,0,1,1,6,1,53,8,1968,2,1,7,3
201414A012814,2,9,0,9,0,6,0,0,0,0,3,1,6,2,20,4,1390,1,8,4,1
201414A012914,1,9,0,18,0,1,0,0,0,0,1,1,6,1,19,4,1199,1,12,8,1
201414A012914,2,9,0,18,0,1,0,0,0,0,2,1,1,2,60,9,1339,8,2,4,1
201414A013014,1,9,0,18,0,2,0,0,0,0,1,1,6,1,57,9,1149,1,15,1,1
201414A013014,2,9,0,2,0,2,0,0,0,0,1,1,6,1,64,9,-1,-1,-1,1,1
201414A013214,1,9,0,4,0,0,0,0,0,0,1,1,1,1,32,6,-1,-1,-1,4,1
201414A013214,2,9,0,3,0,0,0,0,0,0,2,1,2,2,31,6,1587,1,8,3,1
201414A013314,1,9,0,18,0,0,0,0,1,2,1,1,6,1,25,5,1796,1,15,2,1
201414A013414,1,9,0,7,0,8,0,0,0,0,1,1,6,2,24,5,1997,2,7,5,1
201414A013414,2,11,0,5,0,8,0,0,0,0,4,1,6,2,45,7,-1,-1,-1,9,2
201414A013414,3,9,0,5,0,8,0,0,0,0,3,1,6,1,34,6,1896,2,9,1,2
201414A013514,1,9,0,9,0,8,0,0,7,10,3,1,6,1,28,6,1332,1,15,-1,1
201414A013514,2,9,0,13,0,8,2,0,7,9,1,1,6,1,35,6,1396,1,1,8,2
201414A013714,1,8,0,7,0,4,0,0,0,0,2,1,1,1,29,6,1896,2,11,1,1
201414A013714,2,19,0,3,0,4,0,0,0,0,1,1,6,1,24,5,2198,2,2,-1,-1
201414A014914,1,9,0,15,0,8,0,0,0,0,1,1,1,2,22,5,1360,1,3,5,3
201414A014914,2,1,0,18,0,8,0,0,0,0,1,1,6,1,23,5,-1,-1,-1,3,1
201414A015014,1,9,0,6,0,0,0,0,0,0,0,1,1,1,27,6,-1,-1,-1,8,2
201414A015014,2,9,0,18,0,0,0,0,0,0,1,1,6,2,59,9,-1,-1,-1,3,1
201414A015014,3,9,0,6,0,0,0,0,0,0,3,1,1,1,34,6,-1,-1,-1,8,1
201414A015414,1,9,0,18,0,2,0,0,0,0,2,1,1,1,41,7,-1,-1,-1,4,3
201414A015414,2,9,0,18,0,1,0,0,0,0,1,1,6,1,29,6,-1,-1,-1,2,1
201414A015614,1,9,0,9,0,8,0,0,0,0,3,1,6,2,64,9,1397,1,26,2,1
201414A015614,2,9,0,18,0,8,0,0,0,0,1,1,2,1,45,7,-1,-1,-1,4,3
201414A015814,1,9,0,18,0,0,0,0,0,0,1,1,6,1,78,11,1398,1,3,8,2
201414A016314,1,9,0,4,0,0,0,0,0,0,2,1,1,2,30,6,998,1,7,7,1
201414A016314,2,9,0,4,0,0,0,0,0,0,1,1,1,2,22,5,1598,1,8,1,3
201414A016714,1,9,0,5,0,1,0,0,0,0,1,1,6,2,48,8,-1,-1,-1,7,1
201414A016714,2,19,0,13,0,1,0,0,0,0,1,1,6,3,-1,-1,1753,2,11,-1,-1
201414A016914,1,9,0,3,0,2,0,0,0,0,2,1,6,1,48,8,1995,2,6,4,1
201414A016914,2,9,0,18,0,2,0,0,0,0,1,1,6,3,-1,-1,1995,2,6,3,1
201414A017414,1,9,0,17,0,1,0,0,0,0,0,1,6,1,53,8,1995,2,9,1,1
201414A017514,1,1,0,9,0,4,0,0,0,0,2,1,2,1,36,7,-1,-1,-1,5,1
201414A017514,2,9,0,18,0,4,0,0,0,0,1,1,6,3,-1,-1,-1,-1,-1,-1,-1
201414A017614,1,9,0,9,0,8,0,0,0,0,1,1,6,2,27,6,1910,2,7,3,1
201414A017614,2,9,0,18,0,8,0,0,0,0,1,1,6,1,19,4,-1,-1,-1,6,1
201414A017614,3,9,0,10,0,1,0,0,0,0,1,1,6,1,68,10,998,1,12,3,1
201414A017614,4,9,0,2,0,2,0,0,0,0,3,1,6,1,52,8,2435,1,14,1,1
201414A017714,1,19,0,13,0,2,0,0,0,0,0,1,6,2,35,6,2402,2,12,1,1
201414A017714,2,9,0,18,0,2,0,0,0,0,2,1,6,3,-1,-1,1598,1,15,-1,-1
201414A017914,1,9,0,18,0,0,0,0,0,0,1,1,1,1,77,11,2401,2,9,3,1
201414A017914,2,9,0,18,0,0,1,0,0,0,1,1,1,2,50,8,1995,2,13,5,1
201414A018014,1,8,0,3,0,1,0,0,0,0,2,1,1,1,33,6,1896,2,12,1,1
201414A018014,2,9,0,4,0,1,0,0,0,0,1,1,4,2,48,8,-1,-1,-1,7,1
201414A018014,3,9,0,4,0,1,0,0,0,0,1,1,2,2,30,6,1685,2,1,9,1
201414A018214,1,9,0,18,0,0,0,0,0,0,1,1,2,2,22,5,1229,1,2,1,3
201414A018214,2,9,0,18,0,0,0,0,1,0,1,1,6,1,57,9,-1,-1,-1,9,1
201414A018214,3,9,0,18,0,0,0,0,1,1,1,1,6,1,33,6,1560,2,4,7,1
201414A018514,1,21,0,9,0,8,0,0,0,0,2,1,1,1,29,6,12777,2,3,3,1
201414A018514,2,21,0,9,0,8,1,0,0,0,1,1,1,1,43,7,12900,2,4,5,2
201414A018514,3,21,0,18,0,4,0,0,0,0,0,1,6,3,-1,-1,-1,-1,-1,-1,-1
201414A018714,1,9,0,18,0,0,0,0,1,7,1,1,1,1,51,8,3200,2,-1,9,1
201414A019114,1,9,0,18,0,4,0,0,0,0,1,1,6,1,84,11,1560,2,4,3,1
201414A019114,2,9,0,18,0,4,0,0,0,0,2,1,6,1,42,7,1753,2,6,8,1
201414A019114,3,9,0,3,0,4,0,0,0,0,2,1,2,1,52,8,1999,1,8,7,1
201414A019114,4,9,0,4,0,4,0,0,0,0,2,1,6,1,53,8,1598,1,2,6,1
201414A019214,1,9,0,4,0,0,0,0,0,0,2,1,6,1,22,5,1248,2,11,5,1
201414A019214,2,21,1,4,0,0,0,0,0,0,1,1,6,1,36,7,10518,2,3,4,1
201414A019814,1,9,0,18,0,0,0,0,0,0,1,1,6,2,18,4,1149,1,11,2,1
201414A019814,2,9,0,18,0,0,0,0,0,0,2,1,6,2,45,7,2987,2,3,10,2
201414A020314,1,9,0,9,0,1,0,0,0,0,1,1,6,1,46,8,1956,2,1,6,1
201414A020314,2,11,0,18,0,1,0,0,0,0,1,1,1,1,33,6,3900,2,11,5,2
201414A020914,1,9,0,17,0,0,2,0,7,9,1,1,2,2,23,5,1329,1,5,6,2
201414A021214,1,9,0,16,0,0,1,0,0,0,2,1,1,1,34,6,1149,1,15,4,2
201414A021214,2,9,0,17,0,0,0,0,0,0,1,1,1,1,37,7,1995,2,7,3,1
201414A021814,1,9,0,7,0,6,0,0,0,0,1,1,6,2,24,5,998,1,9,3,1
201414A021814,2,9,0,18,0,8,0,0,0,0,4,1,6,1,56,9,1461,2,1,2,2
201414A021914,1,19,0,7,0,5,0,0,0,0,2,1,2,1,66,10,1998,2,10,2,2
201414A021914,2,9,0,4,0,8,1,0,0,0,1,1,6,1,18,4,1389,1,13,9,1
201414A021914,3,9,0,7,0,1,0,0,0,0,0,1,1,1,31,6,1956,2,2,1,1
201414A022014,1,9,0,18,0,8,0,0,0,0,1,1,6,1,18,4,-1,-1,-1,5,1
201414A022014,2,9,0,9,0,8,0,0,0,0,2,1,6,1,29,6,2359,1,6,2,1
201414A022114,1,8,0,6,0,1,0,0,0,0,0,1,1,1,51,8,1997,2,8,1,1
201414A022214,1,9,0,9,9,5,0,0,0,0,3,1,2,1,52,8,-1,-1,-1,2,1
201414A022214,2,1,0,18,9,1,0,0,0,0,1,1,6,2,30,6,-1,-1,-1,1,1
201414A022614,1,8,0,18,0,0,0,0,0,0,1,1,1,3,-1,-1,-1,-1,-1,-1,-1
201414A022714,1,9,0,18,0,1,0,0,0,0,1,1,6,1,20,4,973,1,13,9,1
201414A022714,2,9,0,18,0,6,0,0,0,0,1,1,6,1,80,11,1364,1,1,6,3
201414A022814,1,9,0,1,0,0,0,0,0,0,2,1,2,2,32,6,1461,2,9,3,1
201414A022814,2,1,0,18,0,0,0,0,0,0,1,1,6,1,84,11,-1,-1,-1,2,1
201414A023414,1,9,0,16,0,0,0,0,0,0,1,1,2,1,57,9,1124,1,12,1,1
201414A023514,1,9,0,9,0,5,0,0,0,0,2,1,6,1,30,6,1896,2,9,1,1
201414A023514,2,9,0,18,0,1,1,0,1,0,1,1,6,2,44,7,1124,1,6,6,1
201414A023514,3,9,0,18,0,1,0,0,0,0,3,1,6,2,32,6,1753,2,5,7,1
201414A023714,1,9,0,2,0,0,0,0,0,0,3,1,1,2,25,5,1796,1,7,6,1
201414A023714,2,1,0,16,0,0,0,0,0,0,1,1,6,1,70,10,-1,-1,-1,1,1
201414A023814,1,9,0,7,0,1,0,0,0,7,4,1,6,1,28,6,2521,1,6,2,1
201414A023914,1,9,0,18,0,4,0,0,0,0,4,1,6,1,24,5,-1,-1,-1,7,2
201414A023914,2,9,0,18,0,4,0,7,7,1,3,1,6,1,65,9,1753,2,7,1,1
201414A024214,1,9,0,7,9,8,0,0,0,0,3,1,6,1,23,5,1956,2,4,5,1
201414A024314,1,9,0,18,0,0,0,0,0,0,3,1,6,2,22,5,1360,1,11,5,1
201414A024314,2,9,0,1,0,0,0,0,0,0,2,1,1,1,21,5,1560,2,5,1,1
201414A024414,1,9,0,18,0,8,0,0,0,0,1,1,6,2,53,8,1391,1,12,7,1
201414A024414,2,19,0,18,0,8,0,0,0,0,1,1,6,1,-1,-1,1686,2,9,-1,-1
201414A024514,1,3,0,18,0,1,0,0,0,0,0,1,6,1,22,5,124,1,2,6,1
201414A024514,2,9,0,9,0,5,0,0,0,0,0,1,6,3,-1,-1,-1,-1,-1,-1,-1
201414A024614,1,20,0,18,0,8,0,0,0,0,1,1,1,1,56,9,-1,-1,-1,7,2
201414A024614,2,9,0,9,0,8,0,0,0,0,4,1,6,1,49,8,1229,1,1,6,1
201414A025014,1,9,0,11,0,0,0,0,0,0,4,1,6,2,57,9,1995,2,13,2,1
201414A025014,2,1,0,18,0,0,0,0,2,0,1,1,6,1,48,8,-1,-1,-1,2,1
201414A025114,1,9,0,9,0,5,0,0,0,0,3,1,6,1,18,4,1242,1,10,2,1
201414A025114,2,9,0,13,0,8,0,0,0,0,1,1,6,1,20,4,-1,-1,-1,-1,-1
201414A025714,1,9,0,18,0,0,0,0,1,10,1,1,6,2,44,7,1995,1,8,4,1
201414A025714,2,9,0,2,0,0,0,0,0,0,1,1,6,1,69,10,1497,1,9,5,3
201414A025914,1,9,0,4,0,1,0,0,0,0,2,1,6,2,21,5,998,1,11,5,3
201414A025914,2,9,0,9,0,1,0,0,0,0,1,1,6,1,47,8,-1,-1,-1,7,3
201414A026114,1,9,0,7,0,1,0,0,0,0,1,1,6,3,-1,-1,-1,-1,-1,-1,-1
201414A026214,1,9,0,1,0,1,0,0,0,0,2,1,6,1,77,11,1497,1,12,7,1
201414A026914,1,9,0,3,0,1,0,0,0,0,2,1,1,2,36,7,2993,2,8,7,1
201414A026914,2,9,0,3,0,1,0,0,0,0,2,1,6,1,19,4,-1,-1,-1,3,1
201414A026914,3,21,0,4,0,1,0,0,0,0,1,1,1,1,53,8,-1,-1,-1,1,1
201414A027414,1,9,0,18,0,0,0,0,0,0,2,1,6,2,51,8,2231,2,1,8,2
201414A027414,2,9,0,18,0,0,0,0,0,0,1,1,6,1,50,8,-1,-1,-1,9,2
201414A027414,3,9,0,18,0,0,0,0,0,0,1,1,6,1,73,10,2171,2,11,6,3
201414A027414,4,9,0,18,0,0,0,0,0,0,1,1,6,3,-1,-1,-1,-1,-1,-1,-1
201414A028014,1,9,0,18,0,3,0,0,0,0,4,1,1,2,53,8,1398,1,3,8,2
201414A028014,2,9,0,18,0,8,0,0,0,0,1,1,6,2,60,9,1995,2,14,6,1
201414A028214,1,9,0,9,0,8,0,0,0,0,1,1,1,1,25,5,1560,2,5,1,1
201414A028214,2,9,0,6,0,8,0,0,0,0,2,1,6,1,21,5,1560,2,9,1,1
201414A028514,1,9,0,18,0,1,0,0,0,0,1,1,6,3,-1,-1,-1,-1,-1,-1,-1
201414A028614,1,9,0,18,0,0,0,0,2,4,1,1,6,1,18,4,1910,2,9,2,2
201414A028714,1,9,0,3,0,0,0,0,0,0,2,1,6,1,60,9,-1,-1,-1,3,1
201414A028714,2,9,0,18,0,0,0,0,0,0,1,1,6,2,47,8,2143,2,2,9,1
201414A028914,1,9,0,18,0,1,0,0,0,0,3,1,1,1,32,6,1229,1,8,1,1
201414A029014,1,9,0,18,0,8,0,0,0,0,1,1,1,1,26,6,2198,2,9,1,1
201414A029014,2,9,0,9,0,5,0,0,0,0,1,1,6,1,88,11,2198,2,5,7,1
201414A029314,1,9,0,5,0,6,0,0,0,0,1,1,6,2,39,7,995,1,9,9,1
201414A029314,2,9,0,18,0,8,0,0,0,0,1,1,6,1,44,7,1995,2,3,8,1
201414A029514,1,9,0,18,0,0,0,0,1,9,1,1,6,1,30,6,1598,1,7,5,1
201414A029714,1,9,0,5,0,8,0,0,0,0,1,1,6,1,19,4,1461,2,12,7,3
201414A029714,2,9,0,18,0,8,0,0,0,0,4,1,6,3,-1,-1,-1,-1,-1,-1,-1
201414A030114,1,19,0,17,0,0,1,0,0,0,4,1,6,1,31,6,1461,2,8,3,2
201414A030114,2,9,0,18,0,0,0,0,0,0,1,1,6,1,29,6,1360,1,13,1,1
201414A030214,1,9,0,18,0,0,0,0,0,0,4,1,6,3,-1,-1,-1,-1,-1,-1,-1
201414A030914,1,9,0,17,0,1,0,0,0,0,1,1,6,1,61,9,1794,1,11,5,2
201414A031014,1,9,0,3,0,2,0,0,0,0,2,1,1,1,54,8,1968,2,4,10,1
201414A031014,2,9,0,18,0,8,0,0,0,0,1,1,6,2,47,8,1998,1,8,1,1
201414A031414,1,9,0,18,0,1,1,0,0,0,1,1,6,1,27,6,1781,1,14,1,1
201414A031414,2,19,0,9,0,8,1,0,0,0,4,1,2,1,23,5,2287,2,5,2,1
201414A031514,1,21,0,11,0,6,0,0,0,0,1,1,1,1,60,9,5880,2,10,2,1
201414A031514,2,9,0,18,0,8,0,0,0,0,1,1,2,1,-1,-1,1753,2,14,5,1
201414A031714,1,19,0,4,0,0,0,0,0,0,2,1,6,1,19,4,2402,2,6,7,1
201414A031714,2,9,0,18,0,0,0,0,0,0,1,1,2,2,47,8,1390,1,6,5,1
201414A031814,1,9,0,16,0,0,1,0,7,9,1,1,1,1,22,5,1242,1,9,5,1
201414A031914,1,9,0,1,9,0,0,0,0,0,2,1,6,3,-1,-1,-1,-1,-1,-1,-1
201414A032114,1,9,0,6,8,0,0,0,7,0,3,1,6,1,60,9,1796,1,12,5,2
201414A032114,2,9,0,18,0,0,0,0,7,0,1,1,6,2,34,6,1242,1,2,7,1
201414A032214,1,9,0,17,0,0,0,0,1,9,1,1,1,2,19,4,1388,1,10,6,3
201414A032314,1,9,0,18,0,1,0,0,0,0,3,1,6,1,34,6,1582,2,1,-1,1
201414A032314,2,9,0,15,0,2,0,0,1,11,3,1,6,3,-1,-1,1598,1,12,-1,-1
201414A032814,1,9,0,17,0,1,0,0,0,0,4,1,4,1,84,11,998,1,5,1,1
201414A032814,2,19,0,9,0,2,0,0,0,0,1,1,1,1,21,5,-1,-1,-1,3,1
201414A032914,1,9,0,13,0,0,0,0,0,0,1,1,2,1,28,6,-1,-1,-1,8,2
201414A032914,2,9,0,6,0,0,0,0,0,0,3,1,6,2,38,7,1598,1,14,1,1
201414A033314,1,9,0,18,0,8,1,0,0,0,3,1,6,1,28,6,1896,2,11,1,1
201414A033314,2,9,0,18,0,8,0,0,0,0,1,1,6,3,-1,-1,-1,-1,-1,-1,-1
201414A033714,1,9,0,18,0,0,0,0,0,0,1,1,6,1,35,6,1997,2,3,1,1
201414A033714,2,9,0,4,0,0,0,0,0,0,2,1,6,1,52,8,1910,2,9,3,1
201414A034014,1,9,0,18,0,0,0,0,0,0,2,1,2,2,52,8,1598,1,8,4,3
201414A034014,2,9,0,18,0,0,0,0,0,0,2,1,2,2,20,4,1398,1,1,9,1
201414A034014,3,9,0,18,0,0,0,0,0,0,1,1,6,1,49,8,1560,2,3,6,1
201414A034014,4,9,0,18,0,0,0,0,0,0,1,1,6,1,25,5,1998,2,8,5,1
201414A034414,1,9,0,12,0,1,0,0,0,0,0,1,6,1,86,11,998,1,4,4,1
201414A034414,2,19,0,3,0,1,0,0,0,0,1,1,6,2,23,5,2198,2,7,5,1
201414A034414,3,9,0,3,0,1,0,0,0,0,2,1,6,2,32,6,1910,2,9,1,1
201414A035114,1,9,0,18,0,0,0,0,0,0,1,1,6,1,25,5,1870,2,13,3,1
201414A035314,1,19,0,5,0,6,0,0,0,0,1,1,1,1,37,7,1995,2,7,8,1
201414A035314,2,1,0,18,0,8,0,0,0,0,4,1,1,1,57,9,-1,-1,-1,5,1
201414A035614,1,9,0,4,0,0,0,0,0,0,1,1,6,2,19,4,1229,1,5,4,1
201414A035614,2,9,0,18,0,0,0,0,0,0,2,1,6,2,30,6,1598,1,8,1,1
201414A035714,1,9,0,18,0,0,0,0,0,0,1,1,1,2,36,7,1686,2,12,1,1
201414A035714,2,8,0,5,0,0,0,0,0,0,1,1,1,1,24,5,-1,-1,-1,6,1
201414A035714,3,9,0,2,0,0,0,0,0,0,3,1,6,1,40,7,1150,1,6,6,1
201414A035914,1,9,0,4,0,0,0,0,0,0,1,1,1,1,26,6,1598,1,12,9,2
201414A035914,2,9,0,3,0,0,0,0,0,0,2,1,2,2,38,7,1497,1,10,1,1
201414A036114,1,9,0,17,0,0,1,10,7,11,1,1,6,1,22,5,-1,-1,-1,2,1
201414A036314,1,1,0,18,0,0,0,0,0,0,2,1,6,2,48,8,-1,-1,-1,4,1
201414A036314,2,9,0,7,0,0,0,0,0,0,1,1,6,1,78,11,1686,2,3,4,1
201414A036414,1,9,0,9,0,5,0,0,0,0,4,1,6,1,33,6,1968,2,8,5,1
201414A036414,2,9,0,10,0,2,0,0,0,0,0,1,6,2,23,5,1242,1,11,1,1
201414A036414,3,3,0,14,0,1,0,0,0,0,1,1,6,1,20,4,124,1,10,3,1
201414A036514,1,3,0,18,0,0,0,0,0,0,0,1,6,1,24,5,124,1,-1,3,1
201414A036514,2,9,0,18,0,0,0,0,0,0,1,1,6,2,-1,-1,-1,-1,-1,-1,-1
201414A036614,1,9,0,18,0,0,1,0,2,7,1,1,6,1,21,5,1796,1,11,2,1
201414A037114,1,9,0,9,0,1,0,0,0,0,4,1,6,2,34,6,1598,2,2,7,1
201414A037114,2,9,0,4,0,1,1,0,0,0,1,1,2,1,26,6,1362,1,1,7,1
201414A037114,3,9,0,18,0,1,0,0,0,0,1,1,6,1,39,7,1560,2,4,4,1
201414A037314,1,19,0,10,0,8,0,7,0,0,4,1,6,1,17,4,2198,2,1,-1,1
201414A037314,2,9,0,18,0,8,0,0,0,0,1,1,2,1,40,7,2490,1,19,1,3
201414A037414,1,9,0,3,0,0,0,0,0,0,1,1,6,1,19,4,1149,1,9,9,2
201414A037414,2,9,0,3,0,0,0,0,0,0,2,1,6,1,48,8,2198,2,9,1,1
201414A037414,3,9,0,18,0,0,0,0,0,0,2,1,6,2,35,6,1686,2,11,5,1
201414A037614,1,9,0,3,0,1,0,0,0,0,1,1,6,1,38,7,1598,1,12,2,1
201414A038114,1,9,0,4,0,1,0,0,0,0,2,1,6,1,55,8,-1,-1,-1,2,1
201414A038114,2,9,0,7,0,5,0,0,0,0,1,1,6,3,-1,-1,-1,-1,-1,-1,-1
201414A038214,1,9,0,18,0,0,0,0,0,0,1,1,1,2,28,6,1248,1,5,5,1
201414A038414,1,9,0,6,6,0,0,0,0,0,3,1,6,1,18,4,1198,1,11,5,1
201414A038414,2,9,0,18,0,0,0,0,0,0,1,1,1,1,51,8,1560,2,4,4,1
201414A038614,1,9,0,17,0,8,0,0,0,0,1,1,1,2,49,8,1396,1,10,5,3
201414A038614,2,9,0,9,0,6,0,0,0,0,1,1,1,1,32,6,1587,1,13,5,1
201414A038714,1,9,0,1,0,0,0,0,0,0,2,1,1,3,-1,-1,2993,2,4,1,1