Accident_Index,Vehicle_Reference,Vehicle_Type,Towing_and_Articulation,Vehicle_Manoeuvre,Vehicle_Location-Restricted_Lane,Junction_Location,Skidding_and_Overturning,Hit_Object_in_Carriageway,Vehicle_Leaving_Carriageway,Hit_Object_off_Carriageway,1st_Point_of_Impact,Was_Vehicle_Left_Hand_Drive?,Journey_Purpose_of_Driver,Sex_of_Driver,Age_of_Driver,Age_Band_of_Driver,Engine_Capacity_(CC),Propulsion_Code,Age_of_Vehicle,Driver_IMD_Decile,Driver_Home_Area_Type
201414A173214,1,9,0,18,0,0,0,0,1,1,2,1,6,1,45,7,1199,1,15,2,1
201414A173214,2,9,0,18,0,0,0,0,0,0,1,1,6,1,23,5,1910,2,7,1,1
201414A173314,1,9,0,18,0,8,0,0,0,0,4,1,4,1,33,6,1299,1,12,4,1
201414A173314,2,9,0,12,0,8,0,0,0,0,3,1,6,1,46,8,1997,2,-1,-1,-1
201414A173514,1,9,0,18,0,8,0,0,0,0,1,1,6,1,49,8,1598,1,9,2,1
201414A173514,2,9,0,10,0,8,0,0,0,0,4,1,6,1,32,6,1360,1,13,3,1
201414A174114,1,3,0,18,0,8,1,0,0,0,1,1,6,1,30,6,124,1,8,7,1
201414A174114,2,9,0,9,0,6,0,0,0,0,1,1,6,2,34,6,1598,1,3,5,1
201414A174314,1,9,0,18,0,0,0,0,0,0,1,1,6,1,41,7,1248,1,2,3,1
201414A174714,1,21,0,18,0,0,0,0,0,0,1,1,1,1,26,6,4764,2,5,5,1
201414A174714,2,9,0,18,0,0,0,0,0,0,1,1,6,1,38,7,1598,1,4,10,1
201414A174714,3,9,0,18,0,0,0,0,0,0,1,1,6,1,50,8,-1,-1,-1,4,1
201414A174714,4,9,0,18,0,0,0,0,0,0,1,1,6,1,29,6,1968,2,6,10,2
201414A174714,5,9,0,18,0,0,0,0,0,0,2,1,6,1,56,9,1390,1,6,9,3
201414A174714,6,9,0,18,0,0,0,0,0,0,1,1,6,1,55,8,1988,1,12,2,2
201414A175214,1,9,0,6,0,0,0,0,0,0,3,1,6,1,89,11,998,1,-1,2,1
201414A175214,2,19,0,12,0,0,0,0,0,0,1,1,2,2,43,7,-1,-1,-1,5,1
201414A175314,1,9,0,9,0,3,1,0,1,11,1,1,6,2,29,6,1206,1,5,2,1
201414A175514,1,9,0,18,0,1,0,0,0,0,1,1,1,1,45,7,1896,2,6,7,1
201414A175514,2,9,0,12,0,1,0,0,0,0,3,1,1,1,32,6,1999,2,8,1,1
201414A175614,1,9,0,9,0,6,0,0,0,0,1,1,6,1,23,5,1560,2,-1,2,1
201414A175614,2,9,0,18,0,8,0,0,0,0,1,1,6,1,84,11,1984,2,1,8,2
201414A175714,1,9,0,5,0,1,0,0,0,0,3,1,6,1,84,11,1598,1,-1,3,1
201414A175714,2,9,0,18,0,8,1,0,0,0,1,1,6,1,31,6,-1,-1,-1,1,1
201414A175814,1,9,0,18,0,1,0,0,0,0,1,1,1,1,41,7,1968,1,8,5,1
201414A175814,2,9,0,5,0,6,0,0,0,0,1,1,1,2,20,4,1328,1,6,6,1
201414A175914,1,1,0,18,0,3,0,0,0,0,2,1,6,1,56,9,-1,-1,-1,6,1
201414A175914,2,8,0,5,0,4,0,0,0,0,1,1,1,1,33,6,2148,2,7,3,1
201414A176314,1,10,0,2,0,1,0,0,0,0,2,1,3,1,78,11,2402,2,7,4,1
201414A176314,2,9,0,18,0,1,0,0,0,0,1,1,6,2,20,4,1390,1,10,5,1
201414A176514,1,9,0,4,0,0,0,0,0,0,2,1,6,1,23,5,1229,1,8,-1,1
201414A176514,2,9,0,4,0,0,0,0,0,0,2,1,6,2,58,9,1149,1,2,3,1
201414A176514,3,9,0,18,0,0,0,0,0,0,1,1,6,1,25,5,1900,2,16,5,1
201414A176614,1,9,0,18,0,0,0,0,0,0,4,1,6,1,64,9,2231,2,8,9,1
201414A177014,1,9,0,17,0,8,1,0,3,4,1,1,6,1,21,5,1968,2,6,4,1
201414A177314,1,9,0,18,0,0,0,0,0,0,3,1,6,1,66,10,1956,2,5,2,1
201414A177314,2,9,0,18,0,0,0,0,0,0,3,1,6,1,51,8,1769,1,13,1,1
201414A177314,3,19,0,18,0,0,0,0,0,0,4,1,1,1,49,8,2198,2,1,4,1
201414A177414,1,9,0,18,0,0,0,0,0,0,2,1,6,1,27,6,1997,2,5,5,1
201414A177414,2,9,0,4,0,0,0,0,0,0,1,1,6,1,42,7,1685,2,-1,-1,-1
201414A177814,1,9,0,10,0,1,1,0,0,0,2,1,3,2,39,7,1910,2,6,3,1
201414A177814,2,9,0,18,0,1,0,0,0,0,1,1,6,3,-1,-1,-1,-1,-1,-1,-1
201414A178514,1,9,0,9,0,6,0,0,0,0,2,1,6,2,30,6,1398,1,3,7,1
201414A178514,2,9,0,9,0,6,0,0,0,0,1,1,2,2,36,7,1796,1,9,4,1
201414A178614,1,9,0,18,0,2,5,4,0,0,1,1,6,2,34,6,1229,1,7,1,2
201414A178614,2,9,0,2,0,0,0,0,0,0,2,1,6,2,62,9,1248,1,5,1,1
201414A178814,1,9,0,7,0,5,0,0,0,0,4,1,6,1,92,11,993,1,12,1,1
201414A179214,1,9,0,4,0,8,0,0,0,0,2,1,6,1,42,7,1995,1,6,7,1
201414A179214,2,9,0,18,0,8,0,0,0,0,1,1,6,2,29,6,1596,1,11,2,1
201414A179314,1,1,0,18,0,0,0,0,0,0,1,1,6,1,36,7,-1,-1,-1,1,1
201414A179314,2,9,0,5,0,0,0,0,0,0,1,1,6,3,-1,-1,-1,-1,-1,-1,-1
201414A179414,1,9,0,18,0,1,0,0,0,0,1,1,2,1,58,9,1596,1,4,8,1
201414A179614,1,9,0,18,0,0,0,0,0,0,1,1,6,1,31,6,2495,2,11,5,1
201414A179614,2,9,0,18,0,0,0,0,0,0,1,1,6,1,58,9,1761,1,14,2,1
201414A179614,3,9,0,18,0,0,0,0,0,0,3,1,6,1,35,6,1968,2,3,2,1
201414A179714,1,9,0,9,0,6,0,0,0,0,1,1,6,2,63,9,1686,2,1,1,1
201414A179714,2,9,0,18,0,1,0,10,7,4,1,1,6,2,54,8,1240,1,4,5,1
201414A180114,1,9,0,18,0,0,0,0,0,0,1,1,6,1,38,7,1199,1,14,2,1
201414A180114,2,9,0,13,0,0,1,0,0,0,1,1,6,3,-1,-1,1587,1,13,-1,-1
201414A180814,1,9,0,13,0,0,2,0,5,6,3,1,6,1,19,4,1198,1,8,8,1
201414A181014,1,9,0,18,0,0,1,0,0,0,1,1,6,2,23,5,1149,1,14,6,2
201414A181014,2,9,0,4,0,0,0,0,0,0,2,1,6,3,-1,-1,-1,-1,-1,7,1
201414A181214,1,3,0,18,0,8,0,0,0,0,4,1,1,1,24,5,125,1,3,4,1
201414A181314,1,9,0,18,0,1,0,0,0,0,1,1,6,2,34,6,1896,2,14,5,1
201414A181314,2,9,0,3,0,1,0,0,0,0,2,1,6,1,22,5,1896,2,6,-1,1
201414A181514,1,9,0,3,0,1,0,0,0,0,2,1,6,1,27,6,1968,2,7,6,3
201414A181514,2,9,0,18,0,1,1,7,7,10,1,1,6,1,28,6,-1,-1,-1,2,1
201414A181614,1,9,0,18,0,0,0,0,0,0,2,1,6,1,46,8,1248,1,-1,2,1
201414A181614,2,9,0,18,0,0,0,0,0,0,1,1,6,2,67,10,1328,1,9,6,3
201414A181814,1,9,0,9,0,6,0,0,0,0,3,1,1,1,43,7,1995,2,2,7,2
201414A181914,1,9,0,18,0,4,0,0,0,0,1,1,1,1,22,5,-1,-1,-1,3,1
201414A181914,2,9,0,18,0,8,0,7,1,1,2,1,6,1,34,6,1149,1,7,1,1
201414A181914,3,9,0,18,0,8,1,0,0,0,2,1,6,2,50,8,1399,2,2,6,1
201414A181914,4,9,0,18,0,8,1,0,0,0,1,1,6,1,76,11,1360,1,4,8,1
201414A182014,1,21,1,4,0,0,1,0,0,0,1,1,1,1,45,7,12419,2,4,6,1
201414A182014,2,19,0,4,0,0,0,0,0,0,2,1,6,1,43,7,2463,2,8,8,3
201414A182014,3,9,0,4,0,0,0,0,0,0,3,1,6,1,26,6,1390,1,13,1,1
201414A182014,4,4,0,4,0,0,0,0,0,0,2,1,6,1,53,8,-1,-1,-1,8,1
201414A182114,1,9,0,18,0,0,0,7,0,0,1,1,6,1,21,5,1598,2,4,4,1
201414A182414,1,9,0,12,0,0,0,0,7,0,3,1,6,2,42,7,1910,2,8,1,3
201414A182414,2,21,1,18,0,0,0,0,0,0,4,1,1,1,47,8,12809,2,-1,1,1
201414A182714,1,9,0,16,0,8,1,0,0,0,1,1,6,1,18,4,998,1,6,2,1
201414A182714,2,9,0,7,0,6,0,0,0,0,3,1,6,3,-1,-1,-1,-1,-1,-1,-1
201414A182814,1,9,0,4,0,6,0,0,0,0,2,1,6,1,34,6,1997,2,1,1,2
201414A182814,2,9,0,18,0,1,0,0,0,0,1,1,6,2,22,5,1398,2,8,1,2
201414A183014,1,9,0,16,0,0,0,0,0,0,3,1,6,1,41,7,1598,1,14,1,1
201414A183014,2,9,0,17,0,0,0,0,0,0,1,1,6,1,38,7,-1,-1,-1,6,1
201414A183314,1,90,0,5,0,8,0,0,0,0,1,1,1,1,41,7,2148,2,7,3,1
201414A183314,2,9,0,18,0,8,0,7,2,0,1,1,6,2,42,7,1991,2,7,3,1
201414A183514,1,9,0,18,0,0,0,0,0,0,3,1,6,1,55,8,1951,2,10,2,1
201414A183514,2,9,0,18,0,0,0,0,0,0,3,1,6,1,83,11,-1,-1,-1,1,1
201414A183614,1,9,0,18,0,0,0,0,0,0,1,1,6,1,66,10,1339,1,1,4,1
201414A183614,2,9,0,18,0,0,0,0,0,0,1,1,6,1,83,11,1598,1,12,8,1
201414A183814,1,9,0,3,0,1,0,0,0,0,2,1,6,2,48,8,1368,1,5,8,1
201414A183814,2,9,0,3,0,1,0,0,0,0,1,1,6,1,44,7,-1,-1,-1,8,1
201414A183814,3,9,0,18,0,1,0,0,0,0,1,1,6,1,46,8,2967,2,7,5,1
201414A184214,1,9,0,5,0,0,0,0,0,0,1,1,3,1,28,6,1896,2,10,2,1
201414A184214,2,9,0,18,0,0,0,0,0,0,1,1,6,1,82,11,1596,1,11,6,1
201414A184214,3,9,0,2,0,0,0,0,0,0,3,1,3,2,25,5,1595,1,15,3,1
201414A184214,4,9,0,2,0,0,0,0,0,0,1,1,3,2,31,6,1598,1,4,2,1
201414A184314,1,9,0,18,0,0,0,0,0,0,4,1,6,1,58,9,1399,2,9,3,2
201414A184414,1,9,0,2,0,0,0,0,0,0,3,1,6,1,70,10,1461,2,4,5,1
201414A184414,2,1,0,18,0,0,0,0,0,0,1,1,4,1,14,3,-1,-1,-1,6,1
201414A184714,1,9,0,17,0,0,0,0,0,0,1,1,6,1,18,4,1598,1,10,2,1
201414A184714,2,9,0,16,0,0,1,0,0,0,1,1,6,1,41,7,2184,2,12,1,1
201414A184914,1,1,0,18,0,0,0,0,0,0,0,1,6,1,42,7,-1,-1,-1,3,1
201414A184914,2,9,0,18,0,0,0,0,0,0,0,1,6,3,-1,-1,-1,-1,-1,-1,-1
201414A185314,1,8,0,4,0,6,0,0,0,0,4,1,1,1,56,9,-1,-1,-1,1,1
201414A185414,1,1,0,14,0,0,0,8,0,0,1,1,6,1,52,8,-1,-1,-1,4,2
201414A185414,2,9,0,2,0,0,0,0,0,0,3,1,1,1,38,7,-1,-1,-1,2,1
201414A185914,1,9,0,9,0,5,0,0,0,0,1,1,6,2,42,7,1995,2,3,2,1
201414A185914,2,9,0,18,0,8,0,0,0,0,1,1,6,1,24,5,1242,1,13,2,1
201414A185914,3,9,0,2,0,1,0,0,0,0,1,1,6,1,44,7,2143,2,4,4,1
201414A186014,1,9,0,18,0,8,0,0,0,0,1,1,2,2,49,8,1206,1,3,4,2
201414A186014,2,90,0,9,0,6,0,0,0,0,3,1,1,1,52,8,2461,2,6,2,2
201414A186214,1,3,0,5,0,3,0,0,0,0,1,1,1,1,36,7,124,1,8,8,1
201414A186214,2,9,0,11,0,3,0,0,0,0,1,1,6,1,81,11,1242,1,3,10,2
201414A186314,1,9,0,7,0,0,0,0,0,0,2,1,1,2,41,7,1598,1,10,3,1
201414A186314,2,9,0,7,0,0,0,0,0,0,1,1,6,1,61,9,-1,-1,-1,1,1
201414A186714,1,11,0,2,0,0,0,0,0,0,0,1,1,1,59,9,7300,2,14,7,1
201414A186814,1,9,0,16,0,8,0,0,0,0,3,1,6,1,42,7,-1,-1,-1,4,1
201414A186914,1,9,0,3,0,0,0,0,0,0,1,1,3,1,47,8,1761,1,13,4,1
201414A186914,2,21,0,1,0,0,0,0,0,0,2,1,1,1,50,8,-1,2,18,1,1
201414A187014,1,9,0,2,0,2,0,0,0,0,1,1,6,2,28,6,1360,1,13,3,1
201414A187014,2,9,0,18,0,2,0,0,0,0,1,1,6,3,-1,-1,-1,-1,-1,1,1
201414A187714,1,9,0,18,0,8,0,0,0,0,1,1,2,1,47,8,2720,2,8,7,3
201414A187714,2,9,0,5,0,6,0,0,7,10,1,1,2,2,49,8,1248,1,-1,5,1
201414A188014,1,9,0,18,0,0,0,0,0,0,1,1,6,1,35,6,1364,1,4,9,1
201414A188014,2,9,0,3,0,0,0,0,0,0,2,1,6,1,53,8,1956,2,2,8,1
201414A188114,1,9,0,8,0,8,0,0,0,0,2,1,6,2,54,8,1390,1,3,6,1
201414A188114,2,9,0,5,0,8,0,0,0,0,1,1,6,2,54,8,-1,-1,-1,1,3
201414A188314,1,9,0,18,0,2,0,0,0,0,1,1,2,2,29,6,1299,1,13,4,1
201414A188314,2,9,0,13,0,2,0,0,0,0,1,1,2,1,29,6,1998,1,9,8,2
201414A188514,1,9,0,13,0,1,0,0,0,0,4,1,6,1,51,8,2776,2,10,6,3
201414A188514,2,1,0,4,0,1,0,0,0,0,3,1,6,1,73,10,-1,-1,-1,3,2
201414A188614,1,9,0,16,0,1,0,0,0,0,1,1,6,3,-1,-1,1896,2,12,-1,-1
201414A188614,2,9,0,18,0,1,0,0,0,0,0,1,1,1,41,7,2993,2,1,3,1
201414A188614,3,9,0,17,0,2,0,0,0,0,1,1,6,2,76,11,1299,1,12,5,1
201414A189114,1,9,0,3,0,0,0,0,0,0,2,1,1,2,54,8,-1,-1,-1,1,1
201414A189114,2,9,0,18,0,0,0,0,0,0,1,1,6,3,-1,-1,1796,1,4,-1,-1
201414A189314,1,9,0,18,0,0,0,0,0,0,2,1,6,2,20,4,1199,1,12,3,1
201414A189314,2,9,0,18,0,0,0,0,0,0,1,1,6,1,36,7,1997,2,8,5,1
201414A189414,1,9,0,3,0,0,0,0,0,0,2,1,2,1,46,8,1753,2,11,9,1
201414A189414,2,21,0,3,0,0,0,0,0,0,1,1,2,1,45,7,12777,2,8,9,3
201414A189414,3,9,0,3,0,0,0,0,0,0,2,1,6,3,-1,-1,1956,2,1,-1,-1
201414A189714,1,10,0,18,0,1,0,0,0,0,0,1,1,1,41,7,-1,-1,-1,2,2
201414A189714,2,9,0,18,0,2,0,0,0,0,0,1,6,3,-1,-1,-1,-1,-1,-1,-1
201414A190214,1,20,0,18,0,0,0,0,0,0,0,1,1,1,55,8,4461,2,5,3,1
201414A190214,2,19,0,4,0,0,0,0,0,0,2,1,2,1,28,6,2402,2,6,3,1
201414A190214,3,21,0,18,0,0,0,0,0,0,1,1,1,1,31,6,6870,2,2,1,1
201414A190414,1,8,0,3,0,0,0,0,0,0,1,1,1,1,34,6,1896,2,10,1,1
201414A190514,1,8,0,7,0,8,0,0,0,0,2,1,1,1,48,8,1896,2,5,5,1
201414A190514,2,9,0,11,0,1,0,0,0,0,1,1,6,3,-1,-1,1390,1,12,-1,-1
201414A190614,1,9,0,9,0,5,0,0,0,0,1,1,6,1,30,6,1248,2,3,2,1
201414A190614,2,9,0,18,0,8,0,0,0,0,1,1,6,1,67,10,2982,2,16,6,1
201414A190714,1,9,0,9,0,6,0,0,0,0,1,1,6,2,63,9,-1,-1,-1,4,1
201414A190714,2,9,0,18,0,8,0,0,0,0,1,1,6,2,75,10,1198,1,4,4,3
201414A190714,3,9,0,10,0,1,0,0,0,0,1,1,6,1,34,6,-1,-1,-1,7,1
201414A190914,1,9,0,18,0,0,0,0,0,0,1,1,6,2,83,11,1299,1,10,7,1
201414A190914,2,9,0,2,0,0,0,0,0,0,2,1,6,1,63,9,1796,1,-1,7,1
201414A191114,1,9,0,17,0,8,0,0,0,0,3,1,6,3,-1,-1,-1,-1,-1,-1,-1
201414A191714,1,21,0,2,0,8,0,0,0,0,0,1,6,1,45,7,12580,2,10,5,1
201414A191714,2,9,0,18,0,8,0,4,0,0,1,1,6,1,81,11,1997,2,8,9,1
201414A191714,3,9,0,18,0,8,0,0,0,0,1,1,6,2,47,8,1242,1,13,1,1
201414A192014,1,9,0,18,0,1,1,11,1,10,1,1,6,2,46,8,1390,1,12,4,1
201414A192414,1,1,0,18,0,8,0,0,0,0,4,1,6,1,17,4,-1,-1,-1,8,1
201414A192414,2,9,0,18,0,4,0,0,0,0,1,1,6,2,61,9,2179,2,3,2,1
201414A193614,1,2,0,18,0,8,0,0,0,0,2,1,2,1,30,6,49,1,9,6,1
201414A193614,2,9,0,9,0,6,0,0,0,0,1,1,2,1,43,7,2000,1,10,8,1
201414A193814,1,9,0,4,0,0,0,0,0,0,2,1,6,1,70,10,1995,1,6,7,1
201414A193814,2,9,0,4,0,0,0,0,0,0,2,1,6,1,85,11,2184,2,9,10,1
201414A193814,3,9,0,18,0,0,0,0,0,0,2,1,6,1,72,10,1395,1,1,6,2
201414A193814,4,9,0,18,0,0,0,0,0,0,1,1,6,1,54,8,2231,2,4,5,1
201414A193814,5,9,0,18,0,0,0,0,0,0,1,1,1,1,54,8,1997,2,13,1,1
201414A193914,1,9,0,18,0,0,0,0,0,0,0,1,6,3,-1,-1,-1,-1,-1,-1,-1
201414A193914,2,9,0,18,0,0,1,0,1,9,0,1,6,1,36,7,1753,2,10,7,3
201414A194414,1,9,0,7,0,6,0,0,0,0,1,1,6,1,49,8,1560,2,2,4,2
201414A194414,2,9,0,13,0,1,0,0,0,0,1,1,6,3,-1,-1,-1,-1,-1,-1,-1
201414A194614,1,9,0,9,0,0,0,0,0,0,3,1,1,2,18,4,1086,1,10,3,1
201414A194614,2,8,0,7,0,0,0,0,0,0,1,1,6,3,-1,-1,-1,-1,-1,-1,-1
201414A194814,1,9,0,18,0,0,0,0,0,0,2,1,6,1,35,6,1896,2,10,-1,1
201414A194814,2,9,0,18,0,0,0,0,0,0,1,1,6,2,53,8,1328,1,11,6,1
201414A195014,1,9,0,16,0,0,5,0,7,9,3,1,6,2,17,4,1796,1,13,8,1
201414A195114,1,9,0,3,0,1,0,0,0,0,2,1,6,1,57,9,1956,2,4,2,1
201414A195114,2,9,0,18,0,1,0,0,0,0,1,1,6,3,-1,-1,1753,2,11,-1,-1
201414A195414,1,8,0,18,0,3,0,0,0,0,1,1,1,1,38,7,2151,2,11,1,1
201414A195714,1,9,0,18,0,0,0,0,0,0,1,1,6,1,32,6,2000,1,10,1,1
201414A195914,1,9,0,18,0,2,0,0,0,0,1,1,6,1,30,6,-1,-1,-1,2,1
201414A196014,1,9,0,8,0,1,0,0,0,0,2,1,2,1,39,7,-1,-1,-1,3,1
201414A196014,2,9,0,5,0,1,0,0,0,0,1,1,2,1,22,5,1796,1,15,2,1
201414A196114,1,1,0,18,0,0,0,0,0,0,2,1,6,2,49,8,-1,-1,-1,1,1
201414A196114,2,9,0,18,0,0,0,0,0,0,1,1,6,3,-1,-1,-1,-1,-1,-1,-1
201414A196214,1,9,0,18,0,8,0,0,0,0,4,1,1,2,40,7,1329,1,-1,4,1
201414A196214,2,9,0,18,0,8,0,0,0,0,1,1,6,2,50,8,1242,1,1,4,1
201414A196214,3,9,0,8,0,1,0,0,0,0,3,1,6,2,57,9,1248,1,1,4,2
201414A196314,1,9,0,9,0,5,0,0,0,0,1,1,6,1,49,8,1896,2,10,9,1
201414A196314,2,22,0,18,0,8,0,0,0,0,3,1,6,2,84,11,-1,-1,-1,2,1
201414A196414,1,9,0,9,0,6,0,0,0,0,2,1,6,1,29,6,1986,2,5,8,1
201414A196414,2,9,0,9,0,5,0,0,0,0,1,1,6,2,24,5,1896,2,9,6,1
201414A196514,1,9,0,10,0,1,0,0,0,0,3,1,6,2,28,6,1248,2,9,1,1
201414A196514,2,9,0,9,0,5,0,0,0,0,3,1,6,2,-1,-1,1968,2,-1,5,1
201414A197014,1,9,0,18,0,8,0,0,0,0,1,1,6,3,-1,-1,-1,-1,-1,-1,-1
201414A197114,1,9,0,1,0,0,0,0,0,0,2,1,6,1,34,6,-1,-1,-1,1,1
201414A197214,1,9,0,18,0,2,0,0,0,0,1,1,1,2,30,6,1686,2,4,3,1
201414B001214,1,9,0,9,0,2,0,0,0,0,1,1,6,1,26,6,1794,1,13,3,1
201414B001514,1,9,0,13,0,0,1,0,0,0,1,1,2,1,29,6,1124,1,14,5,3
201414B001514,2,1,0,7,0,0,0,0,0,0,2,1,6,1,21,5,-1,-1,-1,1,1
201414B002514,1,21,0,4,0,2,0,0,0,0,1,1,1,1,27,6,4461,2,4,1,1
201414B002514,2,19,0,3,0,2,0,0,0,0,2,1,1,1,31,6,2402,2,6,3,1
201414B002514,3,19,0,3,0,8,0,0,0,0,2,1,6,1,42,7,-1,-1,-1,2,1
201414B002514,4,9,0,3,0,8,0,0,0,0,2,1,6,1,63,9,-1,-1,-1,9,3
201414B002514,5,19,0,3,0,5,0,0,0,0,2,1,6,1,40,7,-1,-1,-1,5,1
201414B002714,1,3,0,2,0,2,0,0,0,0,2,1,4,1,27,6,124,1,16,1,1
201414B002714,2,3,0,2,0,2,0,0,0,0,2,1,4,1,29,6,89,1,28,3,1
201414B002714,3,9,0,18,0,2,1,0,0,0,1,1,6,3,-1,-1,1796,1,17,1,1
201414B002814,1,9,0,3,0,8,0,0,0,0,2,1,2,1,44,7,1896,2,10,4,1
201414B002814,2,9,0,18,0,8,0,0,0,0,1,1,6,1,18,4,1388,1,11,6,1
201414B002914,1,9,0,2,0,2,0,0,0,0,2,1,6,1,39,7,1796,1,13,2,1
201414B002914,2,9,0,18,0,2,0,0,0,0,1,1,6,3,-1,-1,-1,-1,-1,-1,-1
201414B003514,1,9,0,18,0,0,0,0,0,0,1,1,2,1,26,6,1994,1,11,6,1
201414B003614,1,9,0,18,0,0,0,0,0,0,1,1,4,2,64,9,-1,-1,-1,4,1
201414B004514,1,9,0,16,0,0,1,0,1,11,1,1,6,1,29,6,1598,1,7,6,1
201414B004814,1,8,0,3,0,1,0,0,0,0,1,1,1,1,50,8,1997,2,10,1,1
201414B004814,2,9,0,9,0,1,0,0,0,0,3,1,6,3,-1,-1,1998,2,11,-1,-1
201414B005814,1,9,0,18,0,1,1,0,0,0,1,1,6,1,18,4,998,1,6,6,1
201414B005814,2,9,0,3,0,1,0,0,0,0,2,1,6,2,47,8,1870,2,2,6,1
201414B005914,1,3,0,18,0,0,0,0,0,0,1,1,2,1,34,6,124,1,1,1,1
201414B006014,1,9,0,5,0,2,0,0,0,0,1,1,1,1,31,6,1796,1,18,4,1
201414B006414,1,9,0,5,0,4,0,0,0,0,3,1,6,1,66,10,1398,1,4,3,1
201414B006414,2,1,0,18,0,8,0,0,0,0,1,1,6,1,47,8,-1,-1,-1,2,1
201414B006514,1,9,0,3,0,0,0,0,0,0,2,1,6,2,57,9,1560,2,3,1,1
201414B006514,2,9,0,3,0,0,0,0,0,0,2,1,2,2,45,7,1951,2,11,3,3
201414B006514,3,9,0,3,0,0,0,0,0,0,1,1,6,1,38,7,1198,1,5,1,1
201414B006814,1,9,0,18,0,0,0,0,0,0,1,1,6,1,54,8,2597,1,9,1,1
201414B006814,2,1,0,18,0,0,0,0,0,0,1,1,6,2,50,8,-1,-1,-1,4,1
201414B006914,1,9,0,4,0,1,0,0,0,0,1,1,6,2,23,5,1229,1,9,5,2
201414B006914,2,9,0,4,0,1,0,0,0,0,2,1,6,1,17,4,1399,2,5,9,3
201414B007314,1,3,0,9,0,8,0,0,0,0,4,1,2,1,20,4,124,1,8,3,1
201414B007314,2,9,0,18,0,8,0,0,0,0,4,1,2,2,42,7,1868,2,13,3,1
201414B007614,1,9,0,18,0,0,1,0,5,6,1,1,6,1,25,5,-1,-1,-1,7,1
201414B007714,1,9,0,6,0,4,0,0,0,0,3,1,6,1,46,8,-1,-1,-1,1,1
201414B008114,1,9,0,3,0,4,0,0,0,0,2,1,3,2,58,9,1299,1,12,3,1
201414B008114,2,9,0,5,0,4,0,0,0,0,1,1,3,1,34,6,1997,2,5,5,1
201414B008514,1,2,0,18,0,1,1,0,0,0,4,1,4,1,16,4,-1,-1,-1,6,1
201414B008514,2,9,0,9,0,6,0,0,0,0,1,1,6,1,65,9,1951,2,10,2,1
201414B008614,1,9,0,1,0,0,0,0,0,0,3,1,6,1,54,8,1461,2,1,9,1
201414B008614,2,9,0,17,0,0,5,0,1,9,4,1,6,1,20,4,1242,1,2,9,1
201414B008714,1,9,0,2,0,0,0,0,0,0,2,1,6,1,41,7,-1,-1,-1,3,1
201414B008714,2,9,0,18,0,0,0,0,0,0,1,1,1,1,35,6,-1,-1,-1,6,1
201414B009014,1,9,0,18,0,1,0,0,0,0,1,1,6,1,-1,-1,-1,-1,-1,-1,-1
201414B009214,1,9,0,9,0,5,0,0,0,0,1,1,6,2,34,6,1598,1,2,3,1
201414B009214,2,3,0,18,0,8,0,0,0,0,1,1,6,1,46,8,125,1,2,-1,1
201414B009314,1,9,0,17,0,0,0,0,0,0,3,1,6,1,42,7,1896,2,11,1,1
201414B009914,1,9,0,4,0,1,0,0,0,0,2,1,2,2,50,8,1360,1,7,4,1
201414B009914,2,9,0,4,0,1,0,0,0,0,2,1,2,2,30,6,1299,1,6,6,2
201414B009914,3,9,0,4,0,1,1,0,0,0,1,1,2,2,53,8,1753,2,11,3,1
201414B009914,4,9,0,4,0,1,0,0,0,0,2,1,2,2,35,6,1422,2,12,4,1
201414B010214,1,9,0,1,0,1,0,0,0,0,4,1,6,3,-1,-1,-1,-1,-1,-1,-1
201414B010214,2,9,0,2,0,1,0,0,0,0,2,1,6,1,47,8,1596,1,9,9,2
201414B010314,1,9,0,18,6,0,0,0,0,0,2,1,6,1,25,5,1796,1,8,2,1
201414B010314,2,9,0,18,6,0,0,0,0,0,1,1,6,1,20,4,1995,2,1,10,1
201414B010414,1,9,0,18,0,0,0,0,0,0,1,1,6,1,52,8,1796,1,12,7,1
201414B010414,2,9,0,18,0,0,0,0,0,0,1,1,6,1,23,5,-1,-1,-1,3,1
201414B010414,3,9,0,2,0,0,0,0,0,0,2,1,6,1,46,8,-1,-1,-1,2,1
201414B010814,1,9,0,18,0,0,0,0,0,0,3,1,6,2,34,6,1595,1,9,5,3
201414B011014,1,9,0,18,0,8,0,0,0,0,1,1,6,1,22,5,1598,1,7,2,1
201414B011114,1,9,0,10,0,1,0,0,0,0,1,1,6,2,70,10,1497,1,8,8,3
201414B011114,2,9,0,18,0,1,0,0,0,0,1,1,6,2,48,8,1596,1,11,4,1
201414B011214,1,9,0,1,0,1,0,0,0,0,1,1,6,3,-1,-1,-1,-1,-1,-1,-1
201414B011614,1,9,0,18,0,1,0,0,0,0,1,1,6,1,41,7,1753,2,12,2,1
201414B011614,2,9,0,4,0,1,0,0,0,0,2,1,6,2,58,9,1560,2,3,1,1
201414B011714,1,20,0,9,0,1,0,0,0,0,3,1,1,1,55,8,-1,-1,-1,-1,-1