Accident_Index,Vehicle_Reference,Vehicle_Type,Towing_and_Articulation,Vehicle_Manoeuvre,Vehicle_Location-Restricted_Lane,Junction_Location,Skidding_and_Overturning,Hit_Object_in_Carriageway,Vehicle_Leaving_Carriageway,Hit_Object_off_Carriageway,1st_Point_of_Impact,Was_Vehicle_Left_Hand_Drive?,Journey_Purpose_of_Driver,Sex_of_Driver,Age_of_Driver,Age_Band_of_Driver,Engine_Capacity_(CC),Propulsion_Code,Age_of_Vehicle,Driver_IMD_Decile,Driver_Home_Area_Type
201414B046114,2,9,0,18,0,0,0,0,0,0,1,1,6,2,59,9,1497,1,12,7,1
201414B046414,1,9,0,17,0,0,2,0,2,4,4,1,6,1,21,5,973,1,13,3,1
201414B046514,1,9,0,18,0,0,0,0,0,0,1,1,3,2,30,6,1896,2,13,3,1
201414B046914,1,9,0,18,0,0,0,0,0,0,1,1,6,1,21,5,1388,1,7,6,1
201414B046914,2,9,0,4,0,0,0,0,0,0,1,1,1,2,48,8,1598,1,4,7,1
201414B047014,1,8,0,4,0,0,0,0,0,0,2,1,1,1,52,8,1796,1,6,-1,1
201414B047014,2,9,0,4,0,0,0,0,0,0,2,1,6,2,28,6,1198,1,2,5,1
201414B047014,3,9,0,18,0,0,0,0,0,0,1,1,6,2,41,7,1598,1,2,3,1
201414B047114,1,9,0,13,0,0,1,0,0,0,4,1,6,1,23,5,1686,2,8,3,1
201414B047114,2,21,0,18,0,0,0,0,0,0,3,1,6,1,57,9,11967,2,3,7,1
201414B047114,3,98,0,18,0,0,0,0,0,0,4,1,6,1,69,10,-1,-1,-1,8,2
201414B047214,1,9,0,9,0,8,0,0,0,0,3,1,6,1,32,6,1242,1,1,3,1
201414B047214,2,9,0,18,0,8,0,0,0,0,1,1,1,2,21,5,998,1,2,9,2
201414B047314,1,3,0,18,0,0,1,12,1,9,3,1,6,1,17,4,125,1,9,7,2
201414B047714,1,11,0,4,0,8,0,0,0,0,0,1,1,1,26,6,9000,2,2,-1,1
201414B047814,1,9,0,18,0,2,0,10,1,2,1,1,6,1,18,4,1686,2,9,7,1
201414B047814,2,9,0,10,0,8,0,0,0,0,0,1,6,2,29,6,1368,1,6,2,1
201414B048314,1,9,0,18,0,0,1,0,7,4,3,1,6,1,23,5,1124,1,13,4,2
201414B048614,1,9,0,17,0,0,0,0,0,0,0,1,6,1,19,4,1390,1,13,3,1
201414B048614,2,9,0,17,0,0,1,0,7,4,3,1,6,1,21,5,1586,1,7,4,1
201414B048914,1,9,0,18,0,1,1,0,0,0,1,1,6,1,28,6,1598,1,9,-1,-1
201414B048914,2,9,0,3,0,1,1,0,0,0,2,1,6,1,37,7,2993,2,9,5,1
201414B048914,3,9,0,18,0,2,0,0,0,0,1,1,6,1,46,8,1753,2,10,3,1
201414B049114,1,9,0,16,0,2,1,0,7,11,3,1,6,2,31,6,1124,1,15,2,1
201414B049314,1,9,0,18,0,1,0,0,0,0,1,1,6,1,18,4,1242,1,14,7,1
201414B049314,2,9,0,18,0,6,0,0,0,0,0,1,6,2,73,10,1390,1,10,4,1
201414B049414,1,9,0,3,0,0,0,0,0,0,2,1,6,2,22,5,1360,1,12,4,1
201414B049414,2,9,0,18,0,0,0,0,0,0,1,1,6,1,50,8,-1,-1,-1,3,1
201414B049514,1,9,0,18,0,1,0,0,0,0,1,1,6,2,18,4,1390,1,10,1,2
201414B049614,1,9,0,16,0,2,0,0,0,0,1,1,6,1,52,8,1796,1,9,8,1
201414B049614,2,9,0,17,0,1,0,0,0,0,1,1,6,1,50,8,1910,2,7,-1,3
201414B049814,1,90,0,18,0,0,0,5,0,0,2,1,1,1,46,8,-1,2,14,3,2
201414B050714,1,9,0,18,0,8,0,0,0,0,1,1,6,1,45,7,1248,1,-1,4,1
201414B050714,2,9,0,9,0,5,0,0,0,0,1,1,6,2,38,7,1299,1,14,7,3
201414B050914,1,9,0,5,0,4,0,0,0,0,3,1,6,2,37,7,1956,2,1,10,1
201414B050914,2,1,0,7,0,3,0,0,0,0,4,1,6,1,43,7,-1,-1,-1,7,3
201414B051114,1,11,0,5,0,0,0,0,0,0,0,1,1,1,25,5,6700,2,5,3,1
201414B051314,1,9,0,9,0,6,0,0,0,0,3,1,6,2,56,9,1360,1,12,3,1
201414B051314,2,1,0,18,0,8,0,0,0,0,1,1,6,1,37,7,-1,-1,-1,3,1
201414B051514,1,9,0,18,0,1,0,0,0,0,1,1,6,1,23,5,1997,2,13,2,1
201414B051514,2,9,0,3,0,1,0,0,0,0,2,1,6,2,45,7,1242,1,2,4,2
201414B051514,3,9,0,3,0,1,0,0,0,0,2,1,6,1,70,10,1390,1,5,1,1
201414B051514,4,9,0,18,0,1,0,0,0,0,1,1,6,2,59,9,1229,1,7,1,1
201414B051614,1,9,0,4,0,1,0,4,0,0,1,1,6,2,36,7,1968,2,1,5,2
201414B051614,2,9,0,3,0,1,0,0,0,0,2,1,6,2,49,8,2149,2,6,5,1
201414B051614,3,9,0,3,0,1,0,4,0,0,2,1,6,2,41,7,1560,2,6,9,3
201414B052214,1,9,0,18,0,0,0,0,0,0,1,1,1,2,22,5,1198,1,10,6,1
201414B052214,2,9,0,3,0,0,0,0,0,0,2,1,2,2,41,7,1598,1,13,5,3
201414B052314,1,9,0,18,0,2,0,0,0,0,1,1,6,1,20,4,2171,1,13,1,1
201414B052314,2,1,0,18,0,2,0,0,0,0,1,1,6,2,22,5,-1,-1,-1,7,1
201414B052414,1,9,0,18,0,2,0,0,0,0,1,1,4,1,22,5,1998,2,11,8,3
201414B052914,1,9,0,18,0,0,0,0,0,0,3,1,6,1,28,6,1994,2,11,7,1
201414B052914,2,9,0,18,0,0,0,0,0,0,3,1,6,3,-1,-1,-1,-1,-1,-1,-1
201414B053014,1,9,0,18,0,1,0,0,0,0,1,1,6,2,18,4,1242,1,15,5,1
201414B053014,2,9,0,18,0,8,0,0,0,0,4,1,1,2,39,7,1896,2,14,3,1
201414B054114,1,9,0,16,0,0,0,0,0,0,1,1,6,1,31,6,1587,1,9,6,1
201414B054114,2,9,0,17,0,0,0,0,0,0,1,1,6,1,48,8,1389,1,11,-1,1
201414B054214,1,9,0,18,0,1,0,0,0,0,1,1,6,1,46,8,-1,-1,-1,5,1
201414B054214,2,9,0,3,0,1,0,0,0,0,2,1,6,1,31,6,1798,1,5,5,1
201414B054514,1,9,0,7,0,6,0,0,0,0,1,1,6,1,28,6,1242,1,12,-1,1
201414B054514,2,9,0,18,0,8,0,0,0,0,1,1,1,2,19,4,1149,1,13,4,1
201414B054714,1,9,0,18,0,8,0,0,0,0,4,1,6,1,43,7,1332,1,9,2,1
201414B054714,2,9,0,5,0,6,0,0,0,0,3,1,6,1,29,6,1497,1,11,1,1
201414B054814,1,9,0,13,0,1,1,0,7,0,1,1,6,1,20,4,1998,1,11,1,1
201414B054814,2,9,0,9,0,1,1,0,7,0,3,1,6,1,33,6,1896,2,9,4,2
201414B055214,1,19,0,18,0,0,2,0,7,9,1,1,1,1,25,5,2143,2,-1,2,1
201414B055214,2,21,1,18,0,0,0,0,0,0,1,1,1,1,27,6,12740,2,1,6,2
201414B055314,1,9,0,9,0,6,1,0,0,0,3,1,6,2,29,6,1997,2,8,2,2
201414B055314,2,9,0,18,0,1,1,0,0,0,1,1,6,2,37,7,2231,2,2,4,1
201414B055414,1,9,0,18,0,2,0,0,0,0,4,1,6,1,22,5,1595,1,6,-1,1
201414B056014,1,9,0,18,0,1,0,0,0,0,1,1,1,1,59,9,-1,-1,-1,4,1
201414B056314,1,9,0,5,0,4,0,0,0,0,1,1,4,1,31,6,1896,2,15,1,1
201414B056314,2,9,0,18,0,8,0,0,0,0,4,1,4,1,30,6,1240,1,9,3,1
201414B056714,1,9,0,16,0,0,0,0,0,0,1,1,6,1,20,4,1389,1,12,4,1
201414B056714,2,19,0,17,0,0,0,0,0,0,1,1,1,1,51,8,2402,2,4,4,1
201414B057014,1,11,0,18,0,0,0,0,0,0,0,1,6,2,37,7,4580,2,4,1,1
201414B057214,1,9,0,4,0,1,0,0,0,0,2,1,2,2,60,9,1149,1,7,3,1
201414B057214,2,3,0,4,0,1,0,0,0,0,1,1,4,1,24,5,96,1,3,1,1
201414B057414,1,9,0,11,0,1,0,0,0,0,1,1,2,2,51,8,1242,1,10,4,1
201414B057414,2,8,0,18,0,1,0,0,0,0,0,1,1,1,39,7,1598,2,2,4,2
201414B057514,1,9,0,18,0,0,5,0,0,0,4,1,6,1,33,6,1996,2,7,8,1
201414B057614,1,9,0,9,0,8,0,0,0,0,1,1,6,1,24,5,-1,-1,-1,7,1
201414B057614,2,9,0,18,0,8,0,0,0,0,1,1,6,1,51,8,-1,-1,-1,1,1
201414B057914,1,9,0,5,0,4,0,0,0,0,1,1,2,1,31,6,1997,1,9,2,1
201414B057914,2,4,0,3,0,4,0,0,0,0,2,1,6,1,31,6,487,1,14,2,2
201414B058014,1,11,0,5,0,0,0,0,0,0,0,1,1,2,48,8,9000,2,2,2,1
201414B058214,1,11,0,18,0,8,0,0,0,0,0,1,1,3,-1,-1,-1,-1,-1,-1,-1
201414B058314,1,9,0,18,0,0,0,0,0,0,2,1,6,1,77,11,1749,1,12,6,1
201414B058314,2,9,0,18,0,0,0,0,0,0,1,1,6,2,19,4,1108,1,13,7,1
201414B058714,1,9,0,18,0,1,1,10,4,0,4,1,6,1,19,4,1248,2,-1,6,1
201414B058714,2,9,0,9,0,6,0,0,0,0,0,1,6,3,-1,-1,-1,-1,-1,-1,-1
201414B058814,1,9,0,18,0,1,1,0,0,0,1,1,6,1,45,7,1399,2,12,-1,-1
201414B058814,2,9,0,9,0,6,0,0,0,0,2,1,6,1,23,5,1998,2,6,1,1
201414B058914,1,9,0,18,0,0,1,0,1,4,4,1,6,1,31,6,4244,1,12,6,1
201414B058914,2,9,0,18,0,0,0,0,0,0,2,1,6,1,57,9,2179,2,1,7,3
201414B059114,1,9,0,9,0,8,0,0,0,0,4,1,6,2,54,8,1390,1,16,3,1
201414B059114,2,5,0,18,0,8,0,0,0,0,1,1,6,1,22,5,-1,-1,-1,3,1
201414B059214,1,9,0,18,0,8,0,0,0,0,3,1,6,1,23,5,1120,1,19,5,1
201414B059214,2,2,0,18,0,8,0,0,0,0,1,1,6,1,17,4,-1,-1,-1,5,2
201414B059314,1,11,0,2,0,2,0,0,0,0,0,1,1,1,32,6,6871,2,16,2,1
201414B059614,1,9,0,4,0,4,0,0,0,0,3,1,6,1,35,6,-1,-1,-1,8,1
201414B059614,2,97,0,18,0,8,1,0,0,0,1,1,6,1,30,6,-1,-1,-1,4,1
201414B059714,1,9,0,9,0,1,0,0,0,0,3,1,2,2,34,6,1299,1,6,1,1
201414B059714,2,3,0,13,0,1,0,0,0,0,1,1,6,1,24,5,124,1,14,1,1
201414B059814,1,9,0,7,0,5,0,0,0,0,1,1,6,1,72,10,1398,1,4,4,1
201414B059914,1,9,0,18,0,4,0,0,0,0,1,1,6,1,92,11,1390,1,2,7,3
201414B059914,2,9,0,18,0,3,1,0,0,0,4,1,6,2,49,8,1242,1,16,7,3
201414B060114,1,9,0,18,0,8,0,0,0,0,4,1,6,3,-1,-1,-1,-1,-1,-1,-1
201414B060214,1,9,0,18,0,2,0,0,0,0,1,1,6,2,31,6,1984,1,6,6,1
201414B060214,2,9,0,18,0,2,0,0,0,0,1,1,6,1,70,10,1997,2,12,2,1
201414B060214,3,9,0,18,0,1,0,0,0,0,1,1,6,1,58,9,1560,2,-1,2,1
201414B060514,1,9,0,18,0,0,0,0,0,0,1,1,6,1,30,6,1596,1,8,5,1
201414B061314,1,9,0,18,0,0,0,0,0,0,4,1,6,2,28,6,998,1,10,9,2
201414B061314,2,1,0,18,0,0,0,0,0,0,1,1,6,1,27,6,-1,-1,-1,3,1
201414B061614,1,9,0,1,0,0,0,0,0,0,2,1,2,1,47,8,1951,2,12,1,3
201414B061914,1,9,0,18,0,2,0,0,0,0,4,1,6,1,70,10,1796,1,9,8,1
201414B062414,1,9,0,3,0,1,0,0,0,0,2,1,6,2,21,5,1198,1,4,1,1
201414B062414,2,9,0,18,0,1,0,0,0,0,1,1,6,1,-1,-1,-1,-1,-1,-1,-1
201414B062714,1,9,0,4,0,0,0,0,0,0,2,1,6,1,59,9,1896,2,8,10,1
201414B062714,2,9,0,4,0,0,0,0,0,0,2,1,6,1,56,9,-1,-1,-1,-1,-1
201414B062714,3,9,0,4,0,0,0,0,0,0,1,1,6,1,51,8,998,1,-1,-1,-1
201414B062914,1,9,0,18,0,4,0,0,0,0,1,1,6,1,66,10,1998,1,7,1,1
201414B062914,2,1,0,18,0,8,0,0,0,0,3,1,6,1,15,3,-1,-1,-1,1,1
201414B063114,1,21,0,18,0,0,0,0,0,0,2,1,1,1,55,8,5880,2,11,7,2
201414B063114,2,11,0,11,0,0,0,0,0,0,1,1,1,1,45,7,9360,2,3,1,1
201414B063914,1,9,0,17,0,0,1,0,0,0,1,1,6,1,38,7,1596,1,15,1,2
201414B063914,2,9,0,16,0,0,1,0,0,0,1,1,6,2,28,6,1364,1,6,5,1
201414B063914,3,9,0,16,0,0,0,0,0,0,3,1,6,2,31,6,1242,1,2,3,1
201414B064014,1,11,0,18,0,0,0,0,0,0,4,1,1,3,-1,-1,-1,-1,-1,-1,-1
201414B064214,1,9,0,18,0,1,0,0,0,0,4,1,6,1,64,9,-1,-1,-1,4,1
201414B064314,1,9,0,3,0,3,0,0,0,0,2,1,6,2,19,4,1299,1,11,6,2
201414B064314,2,9,0,3,0,8,0,0,0,0,1,1,6,1,31,6,1390,1,14,1,1
201414B064314,3,9,0,18,0,8,0,0,0,0,1,1,6,2,54,8,875,1,2,4,1
201414B064514,1,9,0,18,0,0,0,0,0,0,1,1,6,1,25,5,1598,1,9,6,1
201414B064514,2,9,0,3,0,0,0,0,0,0,2,1,6,2,26,6,1248,2,6,3,1
201414B064514,3,9,0,3,0,0,0,0,0,0,2,1,6,1,30,6,1796,1,13,-1,1
201414B064514,4,9,0,3,0,0,0,0,0,0,2,1,6,1,46,8,-1,-1,-1,4,2
201414B064614,1,3,0,18,0,0,0,0,0,0,1,1,6,1,22,5,98,1,21,6,1
201414B064614,2,9,0,2,0,0,0,0,0,0,2,1,6,1,69,10,-1,-1,-1,7,1
201414B064714,1,2,0,13,0,8,0,0,0,0,1,1,4,1,17,4,49,1,8,5,1
201414B064714,2,9,0,9,0,5,0,0,0,0,3,1,6,2,33,6,1997,1,13,3,1
201414B064814,1,9,0,18,0,0,0,0,0,0,0,1,6,2,45,7,1598,1,6,6,1
201414B064814,2,16,0,3,0,0,0,0,0,0,0,1,6,2,49,8,-1,-1,-1,6,1
201414B065014,1,9,0,18,0,0,0,0,0,0,3,1,6,1,46,8,1999,1,12,1,2
201414B065014,2,9,0,18,0,0,0,0,0,0,3,1,6,2,26,6,1995,2,10,4,1
201414B065214,1,9,0,4,0,1,0,0,0,0,1,1,3,2,50,8,3200,2,10,6,1
201414B065314,1,9,0,3,0,0,0,0,0,0,2,1,6,1,32,6,2183,2,3,9,2
201414B065314,2,9,0,18,0,0,1,0,0,0,1,1,6,1,45,7,-1,-1,-1,8,3
201414B065514,1,9,0,17,0,0,0,0,0,0,2,1,6,2,38,7,1997,1,7,3,1
201414B065514,2,9,0,17,0,0,0,0,0,0,1,1,6,1,22,5,1398,2,11,3,1
201414B065614,1,9,0,5,0,6,0,0,0,0,1,1,6,3,-1,-1,-1,-1,-1,-1,-1
201414B065814,1,9,0,4,0,0,0,0,0,0,2,1,4,2,57,9,1229,1,3,4,1
201414B065814,2,9,0,4,0,0,0,0,0,0,2,1,4,2,46,8,-1,-1,-1,1,2
201414B065814,3,9,0,4,0,0,0,0,0,0,2,1,4,2,44,7,1329,1,1,5,2
201414B065814,4,9,0,4,0,0,0,0,0,0,1,1,4,1,62,9,-1,-1,-1,5,1
201414B065914,1,9,0,18,0,8,0,0,0,0,4,1,2,2,26,6,1349,1,2,9,3
201414B065914,2,9,0,9,0,6,0,0,0,0,1,1,6,2,20,4,1349,1,1,9,3
201414B066014,1,4,0,18,0,1,0,0,0,0,1,1,6,1,41,7,398,1,11,3,1
201414B066014,2,9,0,9,0,6,0,0,0,0,3,1,6,1,17,4,1242,1,13,1,1
201414B066114,1,9,0,10,0,1,0,0,0,0,2,1,4,2,26,6,1582,2,1,1,1
201414B066114,2,9,0,18,0,1,0,0,0,0,1,1,6,2,18,4,998,1,2,7,1
201414B066214,1,9,0,18,0,8,0,0,0,0,4,1,6,2,25,5,1951,2,12,6,3
201414B066214,2,1,0,9,0,4,0,0,0,0,1,1,6,1,9,2,-1,-1,-1,6,3
201414B066314,1,9,0,18,0,1,1,0,0,0,1,1,6,1,34,6,2204,2,6,1,1
201414B066314,2,9,0,18,0,1,0,0,0,0,1,1,6,1,66,10,1598,1,5,9,1
201414B066314,3,9,0,10,0,1,0,0,0,0,2,1,6,1,38,7,1598,1,9,8,1
201414B066414,1,9,0,16,0,2,0,0,7,11,1,1,6,1,56,9,1781,1,14,4,1
201414B066914,1,9,0,10,0,6,0,0,0,0,1,1,6,1,70,10,2184,2,8,6,1
201414B066914,2,9,0,18,0,8,0,0,0,0,1,1,6,2,51,8,1248,2,1,9,3
201414B067114,1,9,0,10,0,6,0,0,0,0,3,1,6,2,49,8,1600,2,3,6,1
201414B067114,2,1,0,18,0,6,0,0,0,0,1,1,2,2,18,4,-1,-1,-1,4,3
201414B067214,1,9,0,16,0,0,1,0,7,11,1,1,2,1,29,6,1796,1,10,6,1
201414B067414,1,9,0,4,0,0,0,0,0,0,3,1,4,1,20,4,1598,2,2,2,1
201414B067514,1,9,0,17,0,2,0,0,0,0,3,1,6,1,21,5,1199,1,11,1,1
201414B067514,2,9,0,16,0,1,0,0,0,0,3,1,6,1,18,4,1388,1,12,5,1
201414B067914,1,9,0,9,0,5,0,0,0,0,4,1,6,2,75,10,1390,1,8,1,1
201414B067914,2,5,0,18,0,8,1,0,0,0,1,1,6,1,43,7,652,1,12,2,1
201414B068214,1,9,0,5,0,1,0,0,0,0,2,1,6,2,54,8,1686,2,12,4,1
201414B068214,2,9,0,5,0,1,0,0,0,0,1,1,6,2,23,5,1587,1,13,1,1
201414B068914,1,9,0,18,0,5,0,0,0,0,4,1,6,1,50,8,1560,2,3,1,1
201414B068914,2,9,0,18,0,1,0,0,0,0,1,1,6,1,44,7,1753,2,13,1,1
201414B069314,1,9,0,3,0,0,0,0,0,0,2,1,6,2,28,6,1910,2,6,1,1
201414B069314,2,9,0,18,0,0,0,0,0,0,1,1,6,1,71,10,1896,2,11,2,1
201414B070014,1,9,0,18,0,0,0,0,0,0,4,1,6,1,43,7,1582,2,2,6,1
201414B070314,1,9,0,18,0,4,0,0,0,0,1,1,6,1,27,6,1461,2,13,2,1
201414B070314,2,5,0,18,0,3,0,0,0,0,4,1,6,1,42,7,998,1,12,-1,1
201414B070414,1,9,0,18,0,0,0,0,0,0,4,1,6,2,56,9,1956,2,4,10,2
201414B070414,2,9,0,12,0,0,0,0,0,0,3,1,6,2,20,4,1390,1,-1,5,1
201414B070614,1,9,0,18,0,8,0,0,0,0,1,1,6,1,30,6,1198,1,6,9,1
201414B070614,2,90,0,18,0,8,0,0,0,0,1,1,6,1,33,6,800,1,-1,6,1
201414B070714,1,9,0,18,0,0,2,0,0,0,1,1,6,1,22,5,2495,2,12,2,1
201414B070714,2,9,0,2,0,0,0,0,0,0,2,1,6,1,26,6,998,1,5,9,1
201414B070814,1,9,0,13,0,8,0,0,0,0,1,1,4,1,18,4,-1,-1,-1,3,3
201414B070814,2,9,0,10,0,8,0,0,0,0,3,1,6,2,39,7,-1,-1,-1,-1,-1
201414B071114,1,11,0,18,0,8,0,0,0,0,2,1,1,1,51,8,6871,2,10,4,2
201414B071114,2,9,0,18,0,8,0,0,0,0,3,1,6,1,67,10,998,1,15,6,1
201414B071214,1,9,0,1,0,1,0,0,0,0,2,1,6,1,46,8,1248,2,1,6,1
201414B071314,1,11,0,2,6,0,0,0,0,0,0,1,1,1,47,8,6871,2,16,6,1
201414B071414,1,8,0,4,0,1,0,0,0,0,1,1,6,1,42,7,2179,2,1,-1,1
201414B071714,1,11,0,5,0,8,0,0,0,0,0,1,1,1,46,8,6871,2,6,1,1
201414B071814,1,9,0,15,9,1,0,0,0,0,3,1,6,1,20,4,1596,1,4,2,1
201414B071814,2,9,0,7,0,1,0,0,0,0,4,1,6,1,33,6,-1,-1,-1,6,1
201414B071914,1,9,0,6,0,0,0,0,0,0,3,1,6,1,45,7,1560,2,1,1,1
201414B071914,2,5,0,14,0,0,1,0,0,0,1,1,6,2,21,5,599,1,5,9,1
201414B071914,3,5,0,14,0,0,1,0,0,0,1,1,6,2,23,5,798,1,8,7,1
201414B072014,1,9,0,18,0,0,0,0,0,0,1,1,4,2,26,6,1560,2,2,4,1
201414B072314,1,9,0,18,0,0,0,0,7,2,1,1,6,1,25,5,1997,1,14,10,1
201414B072414,1,8,0,4,0,1,0,0,0,0,3,1,1,1,43,7,1560,2,3,7,1
201414B072414,2,2,0,7,0,5,0,0,0,0,1,1,6,1,16,4,49,1,6,7,1
201414B072514,1,9,4,13,0,0,0,0,0,0,4,1,6,3,-1,-1,-1,-1,-1,-1,-1
201414B072514,2,1,0,18,0,0,0,0,0,0,3,1,6,1,48,8,-1,-1,-1,6,1
201414B072814,1,9,0,5,0,1,0,0,0,0,4,1,4,2,30,6,1995,2,3,2,1
201414B072814,2,9,0,18,0,1,0,0,0,0,1,1,6,2,71,10,998,1,10,2,1
201414B072914,1,9,0,18,0,8,0,0,1,2,1,1,6,2,24,5,875,1,3,5,1
201414B072914,2,9,0,18,0,8,0,0,1,1,1,1,6,2,74,10,1108,1,10,4,1
201414B073014,1,9,0,18,0,0,0,0,0,0,1,1,6,1,29,6,1995,2,15,5,1
201414B073014,2,9,0,3,0,0,0,0,0,0,2,1,6,2,24,5,1329,1,1,-1,1
201414B073014,3,9,0,3,0,0,0,0,0,0,2,1,6,1,37,7,-1,-1,-1,7,1
201414B073014,4,9,0,3,0,0,0,0,0,0,2,1,6,1,33,6,1560,2,2,1,1
201414B073514,1,9,0,5,0,0,0,0,0,0,2,1,6,1,33,6,1560,2,4,-1,1
201414B073514,2,9,0,18,0,0,0,0,0,0,1,1,6,1,20,4,1198,1,3,-1,1
201414B073914,1,9,0,18,0,0,1,10,7,11,1,1,6,1,25,5,1124,1,14,1,2
201414B073914,2,9,0,2,0,0,0,0,0,0,2,1,6,3,-1,-1,1242,1,11,-1,-1
201414B074514,1,9,0,4,0,6,1,0,0,0,4,1,2,2,62,9,1598,1,1,3,1
201414B074514,2,9,0,18,0,8,0,0,0,0,1,1,2,1,48,8,1587,1,8,1,1
201414B074614,1,8,0,18,0,0,2,10,1,9,4,1,1,1,36,7,2402,2,10,1,1
201414B074914,1,9,0,18,0,0,0,0,8,10,1,1,6,1,19,4,1362,1,-1,8,2
201414B075014,1,9,0,3,0,0,0,0,0,0,2,1,6,1,43,7,1368,1,4,3,1
201414B075014,2,9,0,18,0,0,0,0,0,0,1,1,6,2,78,11,1242,1,7,6,1
201414B075114,1,9,0,18,0,0,0,0,0,0,1,1,1,1,39,7,-1,-1,-1,5,1
201414B075214,1,9,0,18,0,8,0,0,0,0,3,1,2,1,26,6,1360,1,12,3,1
201414B075214,2,9,0,9,0,5,0,0,0,0,1,1,6,2,77,11,1396,1,10,1,1
201414B075314,1,9,0,1,0,2,0,0,0,0,2,1,6,1,51,8,-1,-1,-1,4,1
201414B075414,1,21,0,18,0,1,0,0,0,0,2,1,6,3,-1,-1,-1,-1,-1,-1,-1
201414B075414,2,22,0,3,0,1,0,0,0,0,1,1,6,1,38,7,-1,-1,-1,2,1
201414B076214,1,2,0,17,0,1,0,0,0,0,1,1,6,1,-1,-1,-1,-1,-1,-1,-1
201414B076314,1,9,0,18,0,8,0,0,0,0,1,1,4,1,46,8,-1,-1,-1,1,1
201414B076914,1,22,0,18,0,2,0,0,0,0,4,1,4,2,80,11,-1,-1,-1,1,1
201414B076914,2,9,0,18,0,2,0,0,0,0,1,1,6,3,-1,-1,-1,-1,-1,-1,-1
201414B077314,1,9,0,3,0,1,0,0,0,0,2,1,6,1,17,4,1229,1,7,3,1
201414B077314,2,9,0,18,0,1,0,0,0,0,1,1,6,1,73,10,-1,-1,-1,1,1
201414B077514,1,11,0,3,0,8,0,0,0,0,0,1,1,1,49,8,4500,2,4,2,1
201414B077814,1,11,0,18,0,0,0,0,0,0,0,1,1,1,32,6,6700,2,5,1,1
201414B077914,1,9,0,18,0,0,0,0,0,0,3,1,6,1,78,11,1242,1,6,8,1
201414B077914,2,8,0,18,0,0,0,0,0,0,4,1,6,1,52,8,2198,2,-1,6,1
201414B077914,3,9,0,2,0,0,0,0,0,0,2,1,6,2,47,8,1149,1,8,6,1
201414B077914,4,9,0,2,0,0,0,0,0,0,3,1,6,2,31,6,1398,2,12,6,1
201414B078314,1,9,0,18,0,8,0,0,0,0,3,1,6,1,67,10,1997,2,1,10,1
201414B078314,2,5,0,18,0,8,0,0,0,0,4,1,6,1,37,7,998,1,8,3,1
201414B078414,1,9,0,17,0,0,1,0,1,4,1,1,6,1,34,6,1597,1,8,3,1
201414B078614,1,9,0,16,0,0,1,0,7,0,1,1,4,1,21,5,1598,1,12,4,2
201414B078614,2,9,0,18,0,0,1,0,0,0,3,1,1,1,44,7,-1,-1,-1,3,1
201414B078614,3,9,0,18,0,0,1,0,0,0,3,1,6,1,69,10,2099,1,11,8,2
201414B078714,1,9,0,18,0,0,2,0,1,11,1,1,6,1,18,4,1686,2,12,3,1
201414B079514,1,9,0,18,0,0,1,0,0,0,1,1,6,1,45,7,1396,1,13,1,1
201414B079614,1,9,0,18,0,1,0,0,0,0,1,1,6,1,30,6,1061,1,9,3,1
201414B079614,2,9,0,10,0,8,0,0,0,0,2,1,6,2,18,4,1149,1,13,3,1
201414B079714,1,9,0,9,0,1,0,0,0,0,2,1,6,2,43,7,-1,-1,-1,3,2
201414B079714,2,9,0,18,0,1,0,0,0,0,1,1,6,3,-1,-1,-1,-1,-1,-1,-1
201414B079814,1,9,0,10,0,1,0,0,0,0,2,1,1,2,44,7,1242,1,7,2,1
201414B079814,2,9,0,18,0,1,0,0,0,0,1,1,6,1,62,9,1997,2,10,4,1
201414B079914,1,9,0,18,0,0,0,0,0,0,1,1,6,1,53,8,1582,2,3,-1,1
201414B079914,2,9,0,4,0,0,0,0,0,0,2,1,6,1,56,9,1968,2,8,4,1
201414B079914,3,9,0,4,0,0,0,0,0,0,2,1,6,1,65,9,-1,-1,-1,4,1
201414B079914,4,9,0,4,0,0,0,0,0,0,2,1,6,2,20,4,1328,1,6,10,2
201414B080214,1,9,0,5,0,1,0,0,0,0,3,1,1,1,58,9,-1,-1,-1,6,1
201414B080214,2,5,0,14,0,1,0,0,0,0,1,1,1,1,27,6,599,1,9,1,1
201414B080614,1,9,0,18,0,0,0,0,0,0,1,1,6,1,40,7,1896,2,10,3,1
201414B080614,2,9,0,18,0,0,0,0,0,0,1,1,6,1,53,8,2204,2,4,4,1
201414B080714,1,2,0,4,0,2,0,0,0,0,2,1,6,1,16,4,49,1,9,6,1
201414B080714,2,2,0,4,0,2,0,0,0,0,1,1,6,1,16,4,49,1,5,1,1
201414B081114,1,9,0,12,0,0,0,0,0,0,2,1,6,2,20,4,1229,1,4,10,1