Accident_Index,Vehicle_Reference,Vehicle_Type,Towing_and_Articulation,Vehicle_Manoeuvre,Vehicle_Location-Restricted_Lane,Junction_Location,Skidding_and_Overturning,Hit_Object_in_Carriageway,Vehicle_Leaving_Carriageway,Hit_Object_off_Carriageway,1st_Point_of_Impact,Was_Vehicle_Left_Hand_Drive?,Journey_Purpose_of_Driver,Sex_of_Driver,Age_of_Driver,Age_Band_of_Driver,Engine_Capacity_(CC),Propulsion_Code,Age_of_Vehicle,Driver_IMD_Decile,Driver_Home_Area_Type
201414B081114,2,9,0,18,0,0,0,0,0,0,1,1,6,1,20,4,2987,2,6,4,1
201414B081214,1,9,0,16,0,0,0,0,0,0,1,1,6,1,25,5,1390,1,12,2,1
201414B081214,2,3,0,17,0,0,0,0,0,0,1,1,6,1,31,6,-1,-1,-1,3,1
201414B081314,1,9,0,9,0,8,0,0,0,0,4,1,6,1,58,9,1753,2,12,1,2
201414B081314,2,3,0,18,0,8,0,0,0,0,3,1,6,1,18,4,124,1,11,1,2
201414B081814,1,9,0,2,0,0,0,0,0,0,2,1,2,1,50,8,1343,1,9,2,1
201414B081814,2,9,0,18,0,0,0,0,0,0,1,1,6,2,47,8,1242,1,2,1,1
201414B082014,1,9,0,5,0,6,0,0,0,0,1,1,6,2,38,7,1198,1,5,4,1
201414B082014,2,4,0,18,0,8,0,0,0,0,1,1,6,1,35,6,1402,1,9,3,1
201414B082014,3,9,0,2,0,1,0,0,0,0,2,1,6,2,49,8,-1,-1,-1,6,2
201414B082314,1,9,0,7,0,6,0,0,0,0,1,1,6,1,47,8,1598,1,9,1,2
201414B082314,2,5,0,18,0,8,0,0,0,0,4,1,2,1,65,9,749,1,17,9,1
201414B082414,1,9,0,18,0,6,0,0,0,0,1,1,6,1,20,4,998,1,11,1,1
201414B082414,2,9,0,18,0,8,0,0,0,0,4,1,6,1,67,10,1396,2,-1,2,1
201414B082714,1,9,0,18,0,8,0,0,0,0,4,1,6,1,76,11,1360,1,11,5,1
201414B082714,2,1,0,18,0,8,0,0,0,0,1,1,6,1,15,3,-1,-1,-1,3,1
201414B082814,1,1,0,18,0,0,0,0,0,0,1,1,6,1,20,4,-1,-1,-1,3,1
201414B083014,1,11,0,4,0,1,0,0,0,0,0,1,1,1,40,7,6871,2,6,1,3
201414B083314,1,9,0,3,0,1,0,0,0,0,2,1,6,2,24,5,1461,2,1,4,1
201414B083314,2,9,0,18,0,1,0,0,0,0,1,1,6,3,-1,-1,-1,-1,-1,-1,-1
201414B083514,1,9,0,18,0,0,0,0,0,0,1,1,6,2,17,4,1149,1,7,8,1
201414B083514,2,9,0,18,0,0,0,0,0,0,1,1,6,3,-1,-1,-1,-1,-1,-1,-1
201414B083814,1,9,0,18,0,1,0,0,0,0,1,1,6,1,39,7,1390,1,11,3,1
201414B083814,2,9,0,8,0,1,0,0,0,0,2,1,6,1,56,9,1229,1,9,6,1
201414B083914,1,9,0,18,0,6,0,0,0,0,1,1,4,2,20,4,1248,2,5,1,1
201414B083914,2,1,0,18,0,8,0,0,0,0,1,1,6,1,24,5,-1,-1,-1,-1,1
201414B084014,1,9,0,4,0,1,0,0,0,0,1,1,1,1,21,5,-1,-1,-1,2,1
201414B084314,1,22,0,18,0,1,0,0,0,0,1,1,6,1,58,9,-1,3,3,1,1
201414B084314,2,8,0,3,0,1,0,0,0,0,2,1,6,1,51,8,1995,2,2,6,1
201414B084414,1,9,0,18,0,1,0,0,0,0,1,1,2,2,32,6,1595,1,13,4,1
201414B084414,2,9,0,3,0,6,0,0,0,0,1,1,6,1,45,7,-1,-1,-1,1,1
201414B084514,1,9,0,3,0,1,0,0,0,0,2,1,6,2,54,8,1497,1,12,2,1
201414B084514,2,9,0,18,0,1,0,0,0,0,1,1,6,1,45,7,1968,2,6,8,1
201414B084614,1,9,0,18,0,0,0,0,0,0,3,1,6,3,-1,-1,-1,-1,-1,-1,-1
201414B084814,1,11,0,4,0,1,0,0,0,0,0,1,1,2,44,7,4580,2,4,2,1
201414B084914,1,9,0,9,0,6,0,0,0,0,1,1,2,1,44,7,1582,2,2,6,1
201414B084914,2,1,0,18,0,8,0,0,0,0,1,1,6,1,45,7,-1,-1,-1,7,1
201414B085214,1,9,0,5,0,0,0,0,0,0,1,1,6,2,25,5,1999,1,9,6,1
201414B085314,1,9,0,10,0,1,0,0,0,0,2,1,1,2,33,6,2179,2,1,2,1
201414B085314,2,9,0,18,0,1,0,0,0,0,1,1,1,1,40,7,1984,1,-1,2,1
201414B085414,1,20,0,18,0,0,0,0,0,0,0,1,1,1,41,7,-1,-1,-1,6,1
201414B085614,1,9,0,17,0,0,0,0,2,4,1,1,2,2,31,6,1461,2,10,1,1
201414B085714,1,9,0,18,0,1,0,0,0,0,1,1,6,1,20,4,1596,1,11,1,1
201414B085714,2,9,0,10,0,5,0,0,0,0,2,1,6,2,57,9,1242,1,7,3,1
201414B085814,1,20,0,3,0,1,0,0,0,0,2,1,1,1,45,7,2998,2,1,3,1
201414B085814,2,19,0,18,0,1,0,0,0,0,1,1,1,1,32,6,1399,2,5,1,1
201414B086014,1,9,0,18,0,1,2,0,7,11,1,1,6,1,17,4,1149,1,7,6,1
201414B086214,1,9,0,18,0,1,0,4,0,0,1,1,1,2,31,6,1997,2,12,4,3
201414B086214,2,9,0,2,0,1,0,0,0,0,2,1,6,1,27,6,2494,1,15,6,1
201414B086214,3,9,0,2,0,1,0,0,0,0,2,1,6,1,72,10,1560,2,8,6,1
201414B087014,1,9,0,16,0,0,1,0,1,0,1,1,6,3,-1,-1,-1,-1,-1,-1,-1
201414B087114,1,9,0,18,0,0,0,0,0,0,2,1,2,2,53,8,1587,1,11,1,1
201414B087114,2,9,0,18,0,0,0,0,0,0,2,1,1,1,43,7,1753,2,9,5,1
201414B087114,3,9,0,18,0,0,0,0,0,0,2,1,2,2,30,6,1248,2,5,3,1
201414B087314,1,9,0,18,0,3,0,0,0,0,1,1,6,2,20,4,998,1,1,6,1
201414B087314,2,9,0,18,0,4,0,0,0,0,1,1,6,2,26,6,1299,1,13,8,3
201414B087314,3,9,0,18,0,4,0,0,0,0,2,1,6,2,43,7,1560,2,10,8,1
201414B087414,1,9,0,1,0,1,0,0,0,0,2,1,6,3,-1,-1,-1,-1,-1,-1,-1
201414B087614,1,9,0,18,0,1,0,0,0,0,1,1,6,1,28,6,1968,2,5,1,2
201414B087614,2,1,0,18,0,1,0,0,0,0,4,1,6,2,7,2,-1,-1,-1,1,2
201414B087714,1,9,0,6,0,0,0,0,0,0,3,1,1,2,30,6,1598,2,-1,5,1
201414B087714,2,5,0,14,0,0,0,0,0,0,1,1,1,1,55,8,1261,1,10,6,1
201414B088014,1,5,0,18,0,0,1,0,0,0,1,1,6,1,59,9,750,1,23,3,2
201414B088014,2,9,0,6,0,0,0,0,0,0,3,1,6,1,30,6,1781,1,12,3,1
201414B088114,1,9,0,9,0,5,0,0,0,0,1,1,6,1,26,6,2148,2,12,4,1
201414B088114,2,9,0,18,0,8,0,0,0,0,1,1,6,2,50,8,1242,1,15,8,1
201414B088414,1,9,0,3,0,1,0,0,0,0,2,1,6,1,22,5,1598,1,8,1,1
201414B088414,2,9,0,3,0,1,0,0,1,1,2,1,6,2,85,11,1299,1,12,8,1
201414B088414,3,9,0,18,0,1,0,0,0,0,1,1,6,1,45,7,1995,2,2,2,1
201414B088514,1,2,0,18,0,0,0,0,0,0,1,1,6,1,17,4,49,1,4,-1,1
201414B088514,2,9,0,3,0,0,0,0,0,0,2,1,6,1,32,6,1910,2,8,1,1
201414B088614,1,9,0,9,0,8,0,0,0,0,1,1,6,1,22,5,1199,1,11,3,1
201414B088614,2,9,0,18,0,8,0,0,0,0,1,1,6,2,32,6,1998,2,3,6,1
201414B089314,1,9,0,8,0,1,0,0,0,0,2,1,6,2,40,7,1299,1,9,7,2
201414B089314,2,9,0,18,0,1,0,0,0,0,1,1,6,3,-1,-1,1398,1,16,-1,-1
201414B089414,1,9,0,18,0,0,0,0,0,0,2,1,6,1,46,8,1598,1,9,3,1
201414B089414,2,19,0,18,0,0,0,0,0,0,2,1,6,1,25,5,2400,2,11,4,1
201414B089414,3,9,0,18,0,0,0,0,0,0,1,1,6,1,29,6,2999,2,13,3,1
201414B089814,1,1,0,18,0,8,0,0,0,0,1,1,6,1,23,5,-1,-1,-1,2,1
201414B089814,2,9,0,18,0,6,0,0,0,0,1,1,6,2,66,10,1229,1,7,3,1
201414B089914,1,9,0,18,0,0,0,0,0,0,0,1,1,1,26,6,-1,-1,-1,8,2
201414B090914,1,9,0,18,0,0,0,0,0,0,3,1,6,2,30,6,1598,2,-1,1,1
201414B091214,1,9,0,18,0,0,0,0,0,0,1,1,4,2,34,6,1399,2,5,3,1
201414B091214,2,1,0,18,0,0,0,0,0,0,1,1,6,1,17,4,-1,-1,-1,3,1
201414B091414,1,9,0,18,0,8,0,0,0,0,1,1,2,1,19,4,1560,2,8,1,1
201414B091414,2,9,0,5,0,8,1,0,1,11,1,1,2,1,68,10,1596,1,13,2,1
201414B091714,1,1,0,18,0,0,0,0,1,10,1,1,2,1,43,7,-1,-1,-1,8,2
201414B091714,2,19,0,13,0,0,0,0,0,0,4,1,6,1,26,6,2143,2,-1,1,1
201414B092114,1,9,0,18,0,8,0,0,0,0,2,1,1,1,34,6,1995,2,1,5,1
201414B092114,2,9,0,18,0,6,0,0,0,0,1,1,6,1,23,5,1242,1,12,2,1
201414B092214,1,9,0,5,0,0,0,0,0,0,2,1,6,2,40,7,2204,2,8,3,1
201414B092214,2,9,0,18,0,0,0,0,0,0,1,1,6,1,20,4,1149,1,13,2,1
201414B092314,1,9,0,18,0,0,1,0,7,11,1,1,6,2,21,5,1390,1,8,1,1
201414B092414,1,9,0,18,0,1,0,0,1,11,1,1,6,1,31,6,1595,1,12,3,1
201414B092414,2,9,0,9,0,6,0,0,0,0,0,1,6,3,-1,-1,-1,-1,-1,-1,-1
201414B092614,1,9,0,9,0,3,0,0,0,0,1,1,6,1,37,7,1364,1,10,1,2
201414B092614,2,1,0,18,0,8,0,0,0,0,1,1,6,1,17,4,-1,-1,-1,1,2
201414B092814,1,9,0,9,0,8,0,0,0,0,1,1,6,1,54,8,1783,1,10,-1,1
201414B092814,2,3,0,15,0,8,0,0,0,0,1,1,6,1,59,9,49,1,14,3,1
201414B094214,1,2,0,18,0,8,0,0,0,0,1,1,6,1,16,4,49,1,7,1,1
201414B094214,2,9,0,9,0,6,0,0,0,0,3,1,6,2,23,5,1499,2,1,6,1
201414B094414,1,9,0,17,0,0,2,10,2,0,1,1,6,1,24,5,1242,1,12,7,3
201414B095714,1,9,0,17,0,0,1,0,1,2,1,1,6,1,19,4,1242,1,13,5,3
201414B096014,1,9,0,10,0,8,0,0,0,0,2,1,6,1,47,8,973,1,14,4,1
201414B096014,2,9,0,9,0,8,0,0,0,0,1,1,6,1,57,9,1364,1,7,3,1
201414B096114,1,9,0,12,0,0,0,0,0,0,1,1,6,1,80,11,1598,1,1,6,1
201414B096114,2,9,0,17,0,0,0,0,0,0,1,1,6,2,77,11,1299,1,9,9,2
201414B096214,1,9,0,18,0,8,0,0,0,0,4,1,6,1,36,7,1896,2,14,9,2
201414B096214,2,9,0,10,0,6,0,0,0,0,1,1,6,1,52,8,1762,1,17,1,1
201414B096314,1,9,0,12,0,0,0,0,0,0,1,1,6,1,50,8,1995,2,11,8,3
201414B096314,2,9,0,4,0,0,0,0,0,0,2,1,6,1,47,8,1598,2,1,5,1
201414B096614,1,9,0,4,0,0,0,0,0,0,2,1,6,1,64,9,-1,-1,-1,6,1
201414B096614,2,11,0,4,0,0,0,0,0,0,1,1,6,1,54,8,11630,2,14,3,1
201414B096814,1,9,0,18,0,0,2,0,7,10,1,1,1,1,24,5,1995,2,1,3,1
201414B096914,1,9,0,9,0,8,0,0,0,0,3,1,6,1,17,4,973,1,11,4,1
201414B096914,2,1,0,18,0,8,0,0,0,0,1,1,6,1,16,4,-1,-1,-1,6,1
201414B097014,1,9,0,8,0,1,0,0,0,0,2,1,2,2,41,7,1998,2,10,3,1
201414B097014,2,9,0,8,0,1,0,0,0,0,1,1,2,2,49,8,1598,1,9,2,1
201414B097114,1,9,0,1,0,0,0,0,0,0,2,1,1,1,48,8,-1,-1,-1,3,1
201414B097114,2,3,0,3,0,0,0,0,0,0,1,1,6,1,18,4,124,1,11,2,2
201414B098014,1,9,0,18,0,8,0,0,0,0,1,1,6,2,28,6,1242,1,4,-1,1
201414B098014,2,9,0,10,0,8,0,0,0,0,2,1,6,2,20,4,998,1,11,1,1
201414B098014,3,9,0,18,0,1,0,0,0,0,1,1,6,2,48,8,1498,1,9,2,1
201414B098314,1,9,0,18,0,2,0,0,0,0,1,1,6,2,41,7,1598,1,2,1,1
201414B098314,2,1,0,18,0,0,0,0,0,0,3,1,6,1,6,2,-1,-1,-1,1,1
201414B098714,1,9,0,9,9,5,0,0,0,0,1,1,2,1,23,5,1360,1,7,7,1
201414B099114,1,9,0,18,0,0,0,0,0,0,4,1,2,1,36,7,1390,1,6,3,1
201414B099314,1,9,0,18,0,0,0,0,0,0,4,1,3,1,32,6,2477,2,7,2,1
201414B099414,1,9,0,4,0,0,0,0,0,0,1,1,1,2,36,7,1388,1,9,8,1
201414B099414,2,9,0,4,0,0,0,0,0,0,2,1,6,1,22,5,1582,2,4,2,1
201414B099414,3,9,0,4,0,0,1,0,0,0,1,1,6,1,28,6,1596,1,12,3,1
201414B099714,1,9,0,13,0,0,0,0,0,0,1,1,6,2,25,5,1242,1,2,5,1
201414B099714,2,9,0,18,0,0,0,0,0,0,1,1,6,1,55,8,1398,2,1,-1,-1
201414B099814,1,9,0,18,0,0,0,0,0,0,1,1,6,2,63,9,1229,1,5,4,1
201414B099814,2,9,0,12,0,0,0,0,0,0,1,1,6,3,-1,-1,1686,2,14,-1,-1
201414B100014,1,9,0,18,0,8,0,0,0,0,2,1,6,2,31,6,1997,1,10,1,1
201414B100014,2,9,0,18,0,8,0,0,0,0,1,1,6,3,-1,-1,-1,-1,-1,-1,-1
201414B100214,1,9,0,16,0,5,1,10,0,0,1,1,6,1,40,7,1995,2,12,1,1
201414B100314,1,9,0,10,0,1,0,0,0,0,2,1,6,1,57,9,1248,2,6,6,1
201414B100314,2,9,0,4,0,1,0,0,0,0,1,1,6,1,17,4,-1,-1,-1,1,1
201414B100414,1,9,0,18,0,0,0,0,7,11,1,1,6,1,22,5,1968,2,7,1,2
201414B100914,1,9,0,9,0,5,0,0,0,0,1,1,6,2,66,10,998,1,7,8,1
201414B101214,1,3,0,18,0,0,1,0,0,0,0,1,6,1,53,8,125,1,-1,-1,1
201414B101214,2,9,0,12,7,0,0,0,0,0,0,1,1,1,26,6,-1,-1,-1,6,3
201414B101514,1,11,0,2,0,2,0,0,0,0,0,1,1,1,47,8,4580,2,4,2,1
201414B101614,1,9,0,5,0,8,0,0,0,0,1,1,6,3,-1,-1,-1,-1,-1,-1,-1
201414B101714,1,9,0,18,0,0,0,0,2,7,4,1,6,1,21,5,1870,2,10,6,2
201414B101714,2,9,0,18,0,0,0,0,2,0,3,1,6,1,69,10,1560,2,6,10,1
201414B101814,1,11,0,18,0,3,0,0,0,0,0,1,1,1,62,9,6871,2,6,2,1
201414B101814,2,9,0,18,0,3,0,0,0,0,0,1,6,3,-1,-1,-1,-1,-1,-1,-1
201414B101914,1,1,0,18,0,8,0,0,0,0,1,1,6,1,46,8,-1,-1,-1,7,3
201414B101914,2,9,0,18,0,8,0,0,0,0,1,1,6,3,-1,-1,-1,-1,-1,-1,-1
201414B102014,1,9,0,18,0,1,0,0,1,11,1,1,6,1,19,4,1388,1,11,4,1
201414B102614,1,9,0,7,0,1,0,0,0,0,1,1,6,2,34,6,1560,2,7,1,2
201414B102614,2,9,0,18,0,1,0,0,0,0,4,1,6,1,34,6,499,1,-1,1,2
201414B103114,1,4,0,3,0,4,0,0,0,0,2,1,6,1,50,8,278,1,3,7,1
201414B103114,2,9,0,18,0,4,0,0,0,0,1,1,6,2,22,5,1390,1,1,10,1
201414B103414,1,21,0,4,0,8,0,0,0,0,2,1,1,1,36,7,6692,2,6,1,1
201414B103414,2,9,0,4,0,8,0,0,0,0,2,1,6,2,39,7,1198,1,3,2,1
201414B103414,3,9,0,5,0,4,0,0,0,0,1,1,6,1,45,7,1956,2,3,3,1
201414B103714,1,9,0,18,0,0,1,0,1,0,4,1,6,1,55,8,4997,1,17,8,3
201414B103714,2,9,0,18,0,0,0,0,0,0,3,1,6,1,47,8,1242,1,2,5,1
201414B103814,1,9,0,3,0,0,0,0,0,0,2,1,6,1,25,5,1396,1,5,4,1
201414B103814,2,9,0,18,0,0,0,0,0,0,1,1,6,1,-1,-1,1997,1,15,1,1
201414B103914,1,9,0,9,0,1,0,0,0,0,1,1,6,1,35,6,1988,1,15,7,1
201414B103914,2,2,0,18,0,1,0,0,0,0,4,1,6,1,25,5,49,1,14,3,1
201414B104414,1,9,0,9,0,5,0,0,0,0,4,1,6,2,52,8,1598,1,4,5,1
201414B104414,2,9,0,18,0,8,0,0,0,0,1,1,2,1,46,8,1910,2,8,4,1
201414B104514,1,9,0,18,0,1,0,0,0,0,1,1,1,2,50,8,1364,1,5,3,1
201414B104514,2,1,0,18,0,6,0,0,0,0,3,1,4,2,44,7,-1,-1,-1,1,1
201414B104914,1,9,0,18,0,2,0,0,0,0,1,1,4,1,19,4,998,1,10,4,1
201414B104914,2,9,0,18,0,1,0,0,0,0,1,1,6,1,25,5,2295,1,16,4,1
201414B105214,1,9,0,5,0,1,0,0,0,0,2,1,6,2,57,9,1598,1,6,4,1
201414B105214,2,9,0,5,0,1,0,0,0,0,1,1,6,1,35,6,1910,2,7,6,1
201414B105314,1,9,0,13,0,0,0,0,0,0,1,1,6,1,18,4,1896,2,11,1,1
201414B105314,2,9,0,17,0,0,0,0,0,0,1,1,6,1,23,5,1598,2,3,2,1
201414B105414,1,9,0,18,0,8,0,0,0,0,1,1,3,2,57,9,1390,1,5,6,1
201414B105414,2,9,0,9,0,8,0,0,0,0,1,1,6,2,78,11,1086,1,8,2,1
201414B105514,1,9,0,3,0,0,0,0,0,0,1,1,6,2,66,10,1242,1,6,4,1
201414B105514,2,9,0,3,0,0,0,0,0,0,2,1,6,1,43,7,1975,1,9,4,1
201414B105814,1,9,0,5,9,6,0,0,0,0,4,1,6,1,25,5,1390,1,7,7,1
201414B105914,1,9,0,17,0,1,0,7,0,0,1,1,6,1,23,5,1229,1,7,3,1
201414B105914,2,9,0,2,9,1,0,0,0,0,2,1,6,2,53,8,1360,1,8,3,1
201414B105914,3,9,0,2,9,1,0,0,0,0,2,1,6,2,34,6,1699,1,6,3,1
201414B105914,4,9,0,2,9,1,0,0,0,0,2,1,6,1,61,9,1198,1,9,3,1
201414B105914,5,9,0,2,9,1,0,0,0,0,2,1,6,1,29,6,1896,2,11,1,1
201414B107014,1,9,0,12,0,0,0,0,0,0,1,1,6,1,36,7,2496,2,14,3,1
201414B107014,2,9,0,2,0,0,0,0,0,0,1,1,6,1,31,6,-1,-1,-1,-1,1
201414B107014,3,9,0,2,0,0,0,0,0,0,1,1,6,2,28,6,1995,2,5,-1,1
201414B107314,1,9,0,18,0,4,0,0,0,0,4,1,1,1,33,6,1905,2,17,5,1
201414B107314,2,9,0,18,0,4,0,0,0,0,1,1,6,2,53,8,1242,1,1,8,1
201414B107514,1,9,0,9,0,5,0,0,0,0,1,1,2,1,37,7,1686,2,12,3,1
201414B107514,2,5,0,18,0,8,0,0,0,0,2,1,6,1,54,8,1584,1,7,6,1
201414B107614,1,9,0,6,0,1,0,0,0,0,3,1,1,2,31,6,1598,1,8,6,2
201414B107614,2,1,0,18,0,1,0,0,0,0,1,1,6,2,39,7,-1,-1,-1,6,3
201414B108014,1,9,0,3,0,0,0,0,0,0,1,1,4,1,18,4,1242,1,7,3,3
201414B108014,2,9,0,3,0,0,0,0,0,0,2,1,3,1,34,6,1560,2,5,1,1
201414B108214,1,9,0,12,0,0,0,0,0,0,1,1,6,2,25,5,1798,1,10,2,1
201414B108214,2,3,0,18,0,0,0,0,0,0,1,1,6,1,33,6,124,1,4,2,1
201414B108314,1,9,0,13,0,0,0,0,0,0,4,1,2,1,55,8,1598,1,12,4,1
201414B108314,2,9,0,17,0,0,0,0,0,0,3,1,6,2,53,8,1956,2,4,5,1
201414B108314,3,9,0,16,0,0,0,0,0,0,1,1,6,1,45,7,1997,2,-1,2,1
201414B108414,1,9,0,18,0,0,0,0,0,0,1,1,4,2,54,8,1834,1,11,1,1
201414B108414,2,9,0,3,0,0,0,0,0,0,2,1,1,2,29,6,1560,2,2,1,1
201414B108414,3,9,0,3,0,0,0,0,0,0,2,1,1,1,32,6,1560,2,4,9,1
201414B108414,4,9,0,3,0,0,0,0,0,0,2,1,1,1,23,5,1339,1,3,7,1
201414B108414,5,9,0,3,0,0,0,0,0,0,3,1,1,2,31,6,1956,2,2,3,1
201414B108814,1,9,0,4,0,0,0,0,0,0,2,1,6,2,32,6,1598,1,7,8,2
201414B108814,2,9,0,18,0,0,0,0,0,0,1,1,6,2,55,8,998,1,15,1,1
201414B109014,1,3,0,18,0,8,1,0,0,0,1,1,6,1,17,4,124,1,18,2,1
201414B109014,2,9,0,9,0,6,0,0,0,0,1,1,6,2,20,4,1398,1,-1,7,1
201414B109714,1,9,0,17,0,1,1,0,1,4,2,1,6,1,32,6,2967,2,9,3,1
201414B109714,2,9,0,17,0,0,1,0,0,0,1,1,6,1,18,4,1896,2,12,5,1
201414B110114,1,11,0,4,0,0,0,0,0,0,4,1,1,1,46,8,4500,2,4,4,2
201414B110314,1,9,0,18,0,1,0,0,0,0,1,1,6,1,54,8,1594,1,12,1,1
201414B110514,1,9,0,18,0,2,0,0,0,0,4,1,6,2,44,7,2497,2,10,4,2
201414B110714,1,9,0,3,0,1,0,0,0,0,2,1,6,2,21,5,1598,1,9,1,1
201414B110714,2,9,0,18,0,1,0,0,0,0,1,1,6,1,80,11,1598,1,1,4,1
201414B110814,1,9,0,4,0,0,0,0,0,0,1,1,1,1,46,8,-1,-1,-1,1,2
201414B110814,2,9,0,3,0,0,0,0,0,0,2,1,6,2,53,8,2184,2,9,4,1
201414B110914,1,9,0,2,0,0,0,0,0,0,2,1,6,1,61,9,3700,1,9,5,1
201414B110914,2,9,0,18,0,0,0,4,1,0,1,1,6,1,75,10,1198,1,1,5,3
201414B111014,1,1,0,17,0,8,0,0,0,0,1,1,1,1,54,8,-1,-1,-1,3,2
201414B111014,2,9,0,7,0,6,0,0,0,0,1,1,6,1,63,9,1896,2,4,3,2
201414B111114,1,9,0,18,0,8,0,0,0,0,4,1,6,1,49,8,1988,2,9,6,1
201414B111514,1,9,0,18,0,8,0,0,0,0,1,1,2,2,19,4,1242,1,15,4,3
201414B111514,2,9,0,5,0,6,0,0,0,0,3,1,6,2,19,4,1905,2,17,3,1
201414B111614,1,9,0,5,0,6,0,0,0,0,3,1,1,1,41,7,-1,-1,-1,8,1
201414B111614,2,1,0,18,0,8,0,0,0,0,1,1,1,2,46,8,-1,-1,-1,2,1
201414B111914,1,4,0,3,0,1,0,0,0,0,2,1,2,1,39,7,499,1,10,2,1
201414B111914,2,9,0,3,0,1,0,0,0,0,1,1,6,2,32,6,1364,1,7,8,1
201414B112514,1,9,0,18,0,0,0,0,5,0,1,1,6,1,59,9,2987,2,8,4,1
201414B112514,2,9,0,18,0,0,0,0,0,0,2,1,6,1,50,8,1956,2,2,1,1
201414B112814,1,9,0,3,0,1,0,0,0,0,2,1,6,1,27,6,1598,1,10,8,3
201414B112814,2,21,0,3,0,1,0,0,0,0,2,1,1,1,53,8,6871,2,-1,6,1
201414B112814,3,21,1,4,0,1,1,0,0,0,1,1,1,1,25,5,12809,2,-1,3,1
201414B113014,1,9,0,14,0,0,0,0,0,0,1,1,2,1,20,4,998,1,6,3,1
201414B113114,1,9,0,18,0,0,0,0,0,0,1,1,1,1,59,9,-1,-1,-1,7,1
201414B113114,2,9,0,2,0,0,0,0,0,0,2,1,6,2,24,5,998,1,5,9,1
201414B113114,3,9,0,2,0,0,0,0,0,0,1,1,6,2,51,8,1398,2,3,6,1
201414B113214,1,9,0,18,0,8,0,0,0,0,3,1,6,1,25,5,2148,2,5,-1,1
201414B113214,2,9,0,9,0,5,0,0,0,0,4,1,6,2,24,5,1599,1,10,4,1
201414B113514,1,9,0,5,0,0,0,0,0,0,2,1,4,1,59,9,1229,1,8,5,2
201414B113514,2,9,0,5,0,0,0,0,0,0,1,1,1,1,31,6,-1,-1,-1,4,1
201414B113614,1,9,0,4,0,0,0,0,0,0,2,1,1,2,36,7,1956,2,2,-1,1
201414B113614,2,8,0,4,0,0,0,0,0,0,2,1,1,1,42,7,1997,2,4,1,1
201414B113614,3,9,0,18,0,0,0,0,0,0,1,1,6,2,31,6,1248,1,4,8,1
201414B113714,1,9,0,18,0,1,0,0,0,0,2,1,6,1,53,8,1120,1,16,2,1
201414B113714,2,9,0,18,0,1,0,0,0,0,1,1,6,1,49,8,1753,2,8,3,1
201414B113814,1,9,0,2,0,0,0,0,0,0,0,1,6,1,28,6,-1,-1,-1,7,1
201414B113814,2,9,0,14,0,0,0,0,0,0,4,1,6,1,67,10,1199,2,-1,3,1
201414B113914,1,9,0,18,0,1,0,4,1,10,4,1,6,1,83,11,1591,1,-1,5,1
201414B113914,2,9,0,2,0,1,0,0,0,0,3,1,1,1,28,6,-1,-1,-1,8,3
201414B114114,1,9,0,18,0,2,2,10,0,0,1,1,4,1,24,5,1390,1,6,4,2
201414B114214,1,9,0,3,0,1,0,0,0,0,1,1,6,1,25,5,1248,2,1,3,1
201414B114214,2,9,0,8,0,1,0,0,0,0,2,1,6,1,91,11,1198,1,1,5,3
201414B114314,1,9,0,18,0,3,1,7,0,0,1,1,6,1,20,4,1968,2,8,6,1
201414B114414,1,9,0,18,0,8,0,0,0,0,1,1,6,1,19,4,1300,1,19,6,1
201414B114414,2,9,0,18,0,6,0,0,0,0,4,1,6,2,40,7,1910,2,7,2,1
201414B114514,1,9,0,18,0,0,0,0,0,0,1,1,6,1,52,8,2143,2,-1,7,1
201414B114614,1,11,0,5,0,0,0,0,0,0,0,1,1,1,55,8,4580,2,4,1,2
201414B114814,1,9,0,5,0,6,0,0,0,0,1,1,1,2,24,5,1598,2,2,2,1
201414B114814,2,9,0,18,0,8,0,0,0,0,4,1,6,1,25,5,1560,2,1,5,1
201414B114914,1,9,0,18,0,1,0,0,0,0,3,1,6,1,81,11,1390,1,10,3,1
201414B115114,1,9,0,11,0,0,1,7,4,6,1,1,2,1,36,7,1686,2,1,3,2
201414B115114,2,9,0,13,0,0,0,0,0,0,1,1,6,1,45,7,1796,1,6,3,1
201414B115214,1,9,0,18,0,0,1,0,2,4,1,1,6,2,28,6,1364,1,5,2,1
201414B115414,1,9,0,18,0,0,0,0,0,0,3,1,3,2,24,5,1956,2,1,5,3
201414B115614,1,9,0,3,0,0,0,0,0,0,2,1,6,2,26,6,1299,1,10,-1,1
201414B115614,2,9,0,18,0,0,0,0,0,0,1,1,6,1,30,6,1229,1,-1,6,1
201414B115714,1,9,0,18,0,0,0,0,1,0,1,1,6,2,46,8,1598,1,8,7,3
201414B115714,2,9,0,18,0,0,0,0,0,0,1,1,6,2,20,4,1299,1,13,2,1
201414B115714,3,9,0,18,0,0,0,0,0,0,1,1,6,1,49,8,2179,2,1,10,1