Accident_Index,Vehicle_Reference,Vehicle_Type,Towing_and_Articulation,Vehicle_Manoeuvre,Vehicle_Location-Restricted_Lane,Junction_Location,Skidding_and_Overturning,Hit_Object_in_Carriageway,Vehicle_Leaving_Carriageway,Hit_Object_off_Carriageway,1st_Point_of_Impact,Was_Vehicle_Left_Hand_Drive?,Journey_Purpose_of_Driver,Sex_of_Driver,Age_of_Driver,Age_Band_of_Driver,Engine_Capacity_(CC),Propulsion_Code,Age_of_Vehicle,Driver_IMD_Decile,Driver_Home_Area_Type
201414C054814,1,9,0,9,0,8,0,0,0,0,3,1,6,1,47,8,1498,1,4,1,1
201414C054814,2,2,0,18,0,8,0,0,0,0,1,1,6,1,16,4,49,1,6,3,1
201414C055114,1,9,0,18,0,1,0,0,0,0,1,1,2,2,60,9,1587,1,13,1,1
201414C055114,2,1,0,18,0,1,0,0,0,0,2,1,6,1,66,10,-1,-1,-1,1,1
201414C055614,1,9,0,3,0,0,0,0,0,0,2,1,6,2,40,7,1368,1,6,4,2
201414C055614,2,9,0,18,0,0,0,0,0,0,1,1,6,3,-1,-1,-1,-1,-1,-1,-1
201414C055814,1,9,0,16,0,0,1,0,1,10,1,1,6,1,29,6,1364,1,5,4,1
201414C056214,1,9,0,7,0,3,1,0,0,0,1,1,6,1,25,5,1560,2,4,5,1
201414C056214,2,9,0,7,0,3,0,0,0,0,2,1,6,2,45,7,1896,2,4,6,1
201414C056614,1,9,0,5,0,8,0,0,0,0,2,1,6,2,62,9,1999,1,4,4,1
201414C056614,2,9,0,5,0,4,0,0,0,0,1,1,6,2,32,6,1896,2,11,3,1
201414C056714,1,9,0,18,0,0,1,4,0,0,1,1,6,2,77,11,1299,1,8,7,3
201414C056714,2,9,0,2,0,0,0,0,0,0,3,1,6,1,48,8,1388,1,7,7,2
201414C057314,1,9,0,18,0,0,0,0,0,0,1,1,1,2,33,6,1398,1,13,-1,1
201414C057514,1,9,0,18,0,1,0,0,0,0,1,1,4,2,19,4,1343,1,12,1,1
201414C057514,2,9,0,3,0,1,0,0,0,0,2,1,4,2,35,6,-1,-1,-1,-1,1
201414C057514,3,9,0,10,0,1,0,0,0,0,2,1,6,2,57,9,2993,2,9,6,3
201414C058014,1,9,0,18,0,3,0,0,1,7,4,1,2,1,21,5,-1,-1,-1,9,1
201414C058014,2,11,0,17,0,8,0,0,0,0,1,1,1,1,57,9,12580,2,9,8,1
201414C058114,1,9,0,16,0,0,0,0,0,0,1,1,6,1,50,8,1396,1,12,-1,-1
201414C058114,2,9,0,18,0,0,0,0,0,0,1,1,6,1,57,9,-1,-1,-1,4,1
201414C058214,1,9,0,4,0,0,0,0,0,0,2,1,1,2,35,6,1753,2,7,5,1
201414C058214,2,9,0,18,0,0,0,0,0,0,1,1,6,1,45,7,1796,1,11,3,1
201414C058414,1,9,0,18,0,0,1,0,8,10,1,1,2,1,27,6,1984,1,6,5,1
201414C058414,2,9,0,18,0,0,0,0,0,0,1,1,1,2,54,8,1229,1,7,5,1
201414C058514,1,9,0,18,0,1,0,0,0,0,1,1,6,1,45,7,3200,2,11,8,3
201414C058514,2,9,0,18,0,1,0,0,0,0,2,1,6,1,59,9,1560,2,5,8,1
201414C058514,3,9,0,3,0,1,0,0,0,0,2,1,6,2,51,8,1229,1,2,7,1
201414C058514,4,9,0,3,0,1,0,0,0,0,2,1,6,2,50,8,1299,1,12,2,2
201414C058514,5,9,0,3,0,1,0,0,0,0,2,1,6,1,63,9,1560,2,9,2,1
201414C058714,1,9,0,18,0,8,0,0,0,0,1,1,4,1,71,10,1248,1,5,2,1
201414C058714,2,9,0,9,0,5,0,0,0,0,1,1,4,1,52,8,1391,1,17,2,1
201414C058814,1,20,0,7,0,1,0,0,0,0,1,1,1,1,53,8,-1,-1,-1,3,1
201414C058814,2,9,0,7,0,1,0,0,0,0,2,1,1,1,58,9,1956,2,2,5,1
201414C058814,3,9,0,7,0,1,0,0,0,0,2,1,1,2,30,6,1598,1,11,4,2
201414C059114,1,9,0,9,0,6,0,0,0,0,3,1,2,2,40,7,1248,2,2,6,1
201414C059114,2,5,0,18,0,1,0,0,0,0,1,1,6,1,29,6,599,1,15,1,1
201414C059714,1,2,0,18,0,1,0,0,0,0,1,1,6,1,17,4,-1,-1,-1,2,1
201414C059714,2,9,0,2,0,1,0,0,0,0,2,1,6,1,-1,-1,1598,1,12,1,1
201414C060014,1,9,0,18,0,4,0,0,0,0,1,1,6,1,53,8,-1,-1,-1,6,3
201414C060014,2,3,0,18,0,8,1,0,0,0,1,1,6,1,22,5,124,1,4,3,1
201414C060114,1,9,0,14,0,0,0,0,0,0,1,1,6,1,66,10,1242,1,8,7,1
201414C060214,1,9,0,18,0,0,0,0,0,0,1,1,6,1,28,6,1560,2,4,3,1
201414C060414,1,5,0,4,0,0,0,0,0,0,2,1,6,1,57,9,1284,1,10,1,1
201414C060414,2,9,0,4,0,0,0,0,0,0,1,1,6,1,18,4,1299,1,12,1,1
201414C060914,1,9,0,18,0,0,1,0,0,0,1,1,6,1,29,6,2494,1,11,9,1
201414C060914,2,9,0,18,0,0,0,0,1,0,1,1,6,1,45,7,1686,2,9,1,1
201414C060914,3,9,0,18,0,0,2,0,7,4,1,1,6,1,41,7,-1,-1,-1,3,1
201414C061014,1,9,0,18,0,8,0,0,0,0,2,1,6,2,41,7,1598,2,-1,8,1
201414C061014,2,9,0,12,0,7,0,0,0,0,1,1,6,1,57,9,1997,2,4,9,3
201414C061714,1,9,0,18,0,2,0,0,0,0,4,1,6,2,47,8,-1,-1,-1,6,1
201414C061714,2,2,0,12,0,2,0,0,0,0,3,1,6,1,17,4,-1,-1,-1,1,1
201414C061814,1,9,0,5,0,5,0,0,0,0,1,1,6,2,73,10,1398,1,4,3,1
201414C061814,2,9,0,18,0,8,0,0,0,0,4,1,1,1,41,7,1248,2,2,3,1
201414C062314,1,9,0,9,0,6,0,0,0,0,1,1,6,2,63,9,1399,2,3,4,1
201414C062314,2,20,0,18,0,8,0,0,0,0,4,1,1,1,44,7,2874,2,15,2,1
201414C062814,1,9,0,18,0,0,0,0,0,0,3,1,6,1,26,6,1240,1,7,4,2
201414C062814,2,9,0,18,0,0,0,0,0,0,3,1,6,1,61,9,1798,8,2,4,3
201414C062914,1,9,0,16,0,0,0,0,0,0,3,1,3,2,33,6,1242,1,2,1,1
201414C062914,2,9,0,17,0,0,0,0,0,0,1,1,6,3,-1,-1,-1,-1,-1,-1,-1
201414C063314,1,9,0,18,0,0,0,0,0,0,4,1,1,3,43,7,1229,7,8,3,1
201414C063314,2,1,0,18,0,0,0,0,0,0,1,1,6,1,14,3,-1,-1,-1,1,1
201414C063614,1,9,0,3,0,0,0,0,0,0,2,1,1,2,24,5,1598,1,8,9,2
201414C063614,2,19,0,18,0,0,0,0,0,0,2,1,1,1,29,6,1598,2,2,9,2
201414C063614,3,3,0,18,0,0,0,0,0,0,2,1,1,1,46,8,-1,-1,-1,4,1
201414C063614,4,3,0,18,0,0,0,0,0,0,2,1,1,1,45,7,-1,-1,-1,10,1
201414C063614,5,3,0,18,0,0,0,0,0,0,1,1,1,1,37,7,-1,-1,-1,3,1
201414C063714,1,9,0,15,0,0,0,0,0,0,1,1,1,1,65,9,1598,2,3,9,1
201414C064114,1,9,0,18,0,1,5,0,0,0,0,1,6,1,24,5,-1,-1,-1,5,1
201414C064514,1,9,0,18,0,0,1,0,5,6,1,1,6,2,20,4,1299,1,11,5,2
201414C064514,2,9,0,18,0,0,0,0,0,0,1,1,6,1,32,6,3246,1,10,3,1
201414C064714,1,5,0,17,0,0,2,0,0,0,4,1,6,1,32,6,996,1,5,3,1
201414C064914,1,9,0,17,0,0,5,0,0,0,3,1,6,1,17,4,1124,1,10,7,1
201414C065114,1,9,0,18,0,8,0,0,0,0,1,1,6,2,52,8,2204,2,8,9,1
201414C065114,2,2,0,9,0,8,0,0,0,0,4,1,6,1,16,4,49,1,7,4,1
201414C065214,1,9,0,13,0,8,0,0,0,1,3,1,6,1,19,4,1299,1,9,9,1
201414C065214,2,9,0,18,0,8,0,0,0,0,0,1,6,1,20,4,1398,2,12,3,1
201414C065414,1,9,0,10,0,1,0,0,0,0,2,1,6,1,20,4,1149,1,12,8,1
201414C065414,2,5,0,18,0,1,1,0,0,0,1,1,6,1,53,8,749,1,13,4,1
201414C065514,1,9,0,18,0,8,0,0,0,0,1,1,2,2,42,7,1997,2,10,6,3
201414C065814,1,9,0,18,0,0,0,0,0,0,1,1,6,1,77,11,1527,2,19,5,1
201414C065814,2,11,0,2,0,0,0,0,0,0,1,1,1,1,54,8,7300,2,12,5,1
201414C066114,1,19,0,18,0,1,0,0,0,0,1,1,6,1,47,8,2143,2,-1,9,2
201414C066114,2,9,0,9,0,1,0,0,0,0,4,1,6,1,19,4,1199,1,11,7,3
201414C066314,1,9,0,4,0,1,0,0,0,0,2,1,1,2,44,7,1618,1,2,2,1
201414C066314,2,9,0,18,0,1,0,0,0,0,1,1,6,2,31,6,1749,1,12,6,1
201414C066614,1,9,0,13,0,0,1,0,0,0,1,1,6,1,38,7,1587,1,12,1,1
201414C066614,2,9,0,18,0,0,1,0,1,0,1,1,6,2,70,10,1339,1,11,8,2
201414C066914,1,9,0,16,0,2,0,0,0,0,2,1,1,1,55,8,1796,1,12,6,1
201414C066914,2,19,0,16,0,2,0,0,0,0,1,1,2,1,22,5,2198,2,2,7,1
201414C066914,3,9,0,16,0,2,0,0,0,0,1,1,6,1,24,5,-1,-1,-1,1,1
201414C067214,1,9,0,18,0,0,0,0,0,0,1,1,6,1,22,5,-1,-1,-1,7,1
201414C067214,2,3,0,4,0,0,0,0,0,0,2,1,6,1,61,9,-1,-1,-1,6,3
201414C067414,1,2,0,18,0,0,0,0,0,0,3,1,6,1,28,6,49,1,6,-1,-1
201414C067414,2,9,0,18,0,0,0,0,0,0,1,1,1,1,34,6,-1,-1,-1,-1,-1
201414C067714,1,9,0,3,0,1,0,0,0,0,2,1,6,2,58,9,1198,1,5,8,2
201414C067714,2,9,0,4,0,1,0,0,0,0,1,1,6,2,68,10,1753,2,13,9,1
201414C067814,1,19,0,6,0,8,0,0,0,0,0,1,6,1,23,5,1753,2,11,1,1
201414C067814,2,1,0,18,0,1,5,0,0,0,0,1,6,2,21,5,-1,-1,-1,1,1
201414C068214,1,9,0,9,0,8,0,0,0,0,4,1,6,1,47,8,1998,2,2,2,2
201414C068214,2,9,0,4,0,8,0,0,0,0,1,1,6,1,52,8,1360,1,13,7,1
201414C068314,1,9,0,7,0,1,0,0,0,0,4,1,6,3,-1,-1,-1,-1,-1,-1,-1
201414C068314,2,1,0,18,0,1,0,0,0,0,1,1,6,1,21,5,-1,-1,-1,1,1
201414C068514,1,1,0,18,0,0,0,0,0,0,3,1,2,1,58,9,-1,-1,-1,2,1
201414C068514,2,9,0,13,0,0,0,0,0,0,4,1,6,3,-1,-1,-1,-1,-1,-1,-1
201414C068614,1,9,0,18,0,1,0,0,0,0,4,1,6,1,63,9,1598,1,13,3,1
201414C069014,1,9,0,9,0,8,0,0,0,0,3,1,1,1,31,6,1968,2,5,3,1
201414C069014,2,9,0,18,0,1,0,0,0,0,1,1,6,1,58,9,1968,2,7,5,3
201414C069114,1,9,0,9,0,1,0,0,0,0,1,1,6,2,45,7,1896,2,7,6,3
201414C069114,2,1,0,18,0,1,0,0,0,0,1,1,6,1,56,9,-1,-1,-1,1,1
201414C069814,1,9,0,17,0,0,0,0,1,11,1,1,4,1,27,6,1587,1,7,1,1
201414C069914,1,9,0,3,0,1,0,0,0,0,2,1,6,1,21,5,-1,-1,-1,4,1
201414C069914,2,9,0,18,0,1,0,0,0,0,1,1,6,1,40,7,1461,2,7,1,1
201414C070214,1,9,0,9,0,5,1,0,0,0,1,1,6,2,76,11,1398,1,1,4,2
201414C070214,2,9,0,18,0,8,0,0,0,0,1,1,2,1,26,6,1597,1,27,1,2
201414C070414,1,9,0,18,0,0,0,0,0,0,1,1,6,1,28,6,1598,1,6,6,1
201414C070414,2,9,0,18,0,0,0,0,0,0,2,1,6,1,62,9,2987,2,6,8,1
201414C070914,1,11,0,4,0,0,0,0,0,0,4,1,6,1,59,9,6871,2,16,2,1
201414C071514,1,9,0,17,0,8,1,0,0,0,2,1,6,1,18,4,1248,2,4,1,1
201414C071514,2,9,0,18,0,8,0,0,0,0,1,1,6,1,23,5,1229,1,3,2,1
201414C071714,1,9,0,9,0,1,0,0,0,0,1,1,1,2,53,8,2231,2,5,3,1
201414C071714,2,3,0,18,0,1,0,0,0,0,1,1,6,1,47,8,124,1,3,3,1
201414C071814,1,9,0,1,0,0,0,0,0,0,2,1,6,2,23,5,1396,1,12,2,1
201414C071914,1,9,0,18,0,8,1,0,0,0,4,1,6,2,23,5,1149,1,10,2,1
201414C071914,2,9,0,5,0,6,0,0,0,0,1,1,6,2,24,5,1199,1,13,2,1
201414C072114,1,20,0,18,0,1,0,0,0,0,1,1,1,1,46,8,4250,2,2,5,1
201414C072114,2,19,0,7,0,1,0,0,0,0,2,1,1,1,25,5,2402,2,10,1,1
201414C073214,1,11,0,18,0,0,0,0,0,0,1,1,1,1,47,8,7300,2,12,5,1
201414C073414,1,9,0,9,0,8,0,0,1,2,1,1,4,1,-1,-1,1596,1,2,6,1
201414C073614,1,9,0,9,0,5,0,7,1,9,4,1,1,1,34,6,1968,2,3,-1,2
201414C073614,2,9,0,18,0,8,0,0,0,0,1,1,6,1,37,7,1995,2,6,4,2
201414C074114,1,9,0,18,0,8,0,0,0,0,1,1,1,2,22,5,1590,1,12,-1,1
201414C074114,2,9,0,18,0,6,1,0,0,0,1,1,6,1,20,4,1390,1,7,-1,1
201414C074514,1,3,0,18,0,1,2,10,1,10,4,1,6,1,17,4,125,1,10,2,1
201414C074614,1,9,0,3,0,1,0,0,0,0,2,1,6,1,23,5,1595,1,1,9,1
201414C074614,2,9,0,18,0,1,0,0,0,0,1,1,6,2,-1,-1,1587,1,10,-1,-1
201414C074814,1,1,0,18,0,1,0,0,0,0,2,1,6,1,22,5,-1,-1,-1,1,1
201414C074814,2,9,0,18,0,1,0,0,0,0,1,1,6,1,-1,-1,-1,-1,-1,-1,-1
201414C075114,1,9,0,16,0,1,0,0,0,0,1,1,6,1,21,5,1199,1,11,1,1
201414C075114,2,19,0,17,0,2,0,0,0,0,1,1,6,3,-1,-1,-1,-1,-1,-1,-1
201414C075214,1,9,0,5,0,1,0,0,0,0,2,1,6,2,30,6,1248,1,2,2,1
201414C075214,2,9,0,18,0,1,0,0,0,0,1,1,6,1,35,6,1339,8,4,4,1
201414C075414,1,9,0,10,0,8,0,0,0,0,2,1,6,2,38,7,1560,2,2,2,1
201414C075414,2,9,0,4,0,8,0,0,0,0,1,1,6,1,-1,-1,1598,1,12,1,1
201414C075614,1,3,0,18,0,8,0,0,0,0,2,1,6,1,30,6,124,1,7,5,1
201414C075614,2,9,0,9,0,5,0,0,0,0,2,1,6,2,40,7,1995,2,6,1,1
201414C075714,1,9,0,12,0,0,5,0,7,2,3,1,6,1,21,5,1999,1,6,3,2
201414C076014,1,9,0,5,0,6,0,0,0,0,1,1,2,2,50,8,1900,2,9,5,1
201414C076014,2,5,0,18,0,1,0,0,0,0,4,1,2,1,52,8,1043,1,1,6,1
201414C076114,1,9,0,18,0,8,5,0,0,0,1,1,4,2,39,7,-1,-1,-1,4,1
201414C076114,2,9,0,18,0,8,0,0,0,0,2,1,6,1,52,8,-1,-1,-1,4,1
201414C076214,1,9,0,18,0,1,0,0,0,0,1,1,6,1,36,7,1299,1,15,1,1
201414C076214,2,9,0,4,0,1,0,0,0,0,2,1,6,1,46,8,1896,2,9,4,1
201414C076214,3,9,0,4,0,1,0,0,0,0,2,1,6,1,28,6,1910,2,9,4,1
201414C076614,1,9,0,9,0,6,0,0,0,0,1,1,6,1,27,6,-1,-1,-1,1,1
201414C076614,2,9,0,18,0,8,0,0,0,0,1,1,6,2,33,6,1399,2,7,1,1
201414C076714,1,9,0,3,0,1,0,0,0,0,2,1,6,2,60,9,1396,1,5,4,1
201414C076714,2,8,0,18,0,1,0,0,0,0,1,1,6,1,26,6,1896,2,7,1,1
201414C076914,1,9,0,18,0,4,0,0,3,10,1,1,6,1,35,6,1796,1,11,1,2
201414C077114,1,9,0,18,0,0,0,0,7,11,1,1,6,2,46,8,-1,-1,-1,1,1
201414C077314,1,9,0,18,0,8,0,10,0,0,4,1,2,2,32,6,1596,1,6,7,1
201414C077314,2,9,0,18,0,8,0,0,0,0,3,1,6,3,-1,-1,-1,-1,-1,-1,-1
201414C077414,1,9,0,5,9,6,0,0,0,0,3,1,6,1,57,9,1587,1,12,5,1
201414C077414,2,1,0,18,9,1,0,0,0,0,1,1,4,1,19,4,-1,-1,-1,5,1
201414C077514,1,9,0,17,0,1,5,0,1,4,1,1,6,2,28,6,1242,1,8,2,1
201414C077614,1,9,0,18,0,0,0,0,0,0,2,1,1,1,36,7,1560,2,2,6,1
201414C077614,2,9,0,18,0,0,0,0,0,0,3,1,2,1,48,8,1968,2,2,7,3
201414C077614,3,9,0,18,0,0,0,0,0,0,1,1,2,1,29,6,-1,-1,-1,-1,1
201414C077814,1,9,0,7,0,1,0,10,0,0,3,1,4,1,25,5,-1,-1,-1,1,1
201414C077814,2,11,0,7,0,1,0,0,0,0,4,1,6,3,-1,-1,7300,2,12,6,1
201414C078114,1,3,0,18,0,0,0,0,0,0,4,1,6,2,49,8,124,1,4,8,3
201414C078114,2,9,0,5,8,0,0,0,0,0,3,1,6,1,38,7,1242,1,-1,6,1
201414C078314,1,9,0,3,0,0,0,0,0,0,2,1,2,1,38,7,-1,-1,-1,1,1
201414C078314,2,9,0,3,0,0,0,0,0,0,2,1,6,1,41,7,1997,2,4,4,1
201414C078314,3,9,0,4,0,0,0,0,0,0,1,1,2,2,21,5,1388,1,9,4,1
201414C078514,1,9,0,3,0,0,0,0,0,0,4,1,2,1,23,5,1560,2,3,6,1
201414C078514,2,3,0,15,4,0,2,8,1,0,1,1,2,1,25,5,124,1,2,-1,1
201414C078614,1,9,0,2,0,0,0,0,0,0,1,1,6,2,58,9,1598,1,10,4,2
201414C078614,2,1,0,18,0,0,0,0,0,0,1,1,6,1,24,5,-1,-1,-1,4,2
201414C078714,1,9,0,18,0,3,0,0,0,0,1,1,6,2,44,7,-1,-1,-1,7,1
201414C078714,2,1,0,18,0,6,0,0,0,0,1,1,6,2,13,3,-1,-1,-1,9,1
201414C078914,1,19,0,9,0,6,0,0,0,0,1,1,1,1,54,8,2402,2,7,2,1
201414C079414,1,21,1,12,0,8,0,0,0,0,1,1,1,1,50,8,-1,-1,-1,-1,-1
201414C079414,2,9,0,13,0,8,0,0,0,0,2,1,6,1,67,10,1997,2,5,8,1
201414C079414,3,19,0,3,0,7,0,0,0,0,3,1,6,2,62,9,-1,-1,-1,5,3
201414C079514,1,9,0,7,0,8,1,0,0,0,1,1,2,1,34,6,998,1,4,-1,1
201414C079514,2,9,0,10,0,8,0,0,0,0,3,1,2,1,31,6,1248,2,6,1,1
201414C079614,1,21,1,11,0,0,0,0,0,0,4,1,1,1,61,9,-1,-1,-1,9,1
201414C079614,2,9,0,18,0,0,1,0,0,0,2,1,2,2,43,7,1398,2,11,8,2
201414C079714,1,9,0,18,0,0,1,0,0,4,1,1,6,1,23,5,1686,2,2,-1,-1
201414C080014,1,5,0,18,0,8,2,0,0,0,1,1,6,1,41,7,1293,1,-1,5,2
201414C080014,2,9,0,9,0,5,0,0,0,0,2,1,6,1,53,8,2171,2,11,1,1
201414C080714,1,9,0,7,0,5,0,0,0,0,2,1,6,2,57,9,1599,1,9,5,2
201414C080714,2,1,0,18,0,1,0,0,0,0,1,1,6,1,29,6,-1,-1,-1,2,1
201414C080814,1,8,0,18,0,0,0,10,0,0,1,1,1,1,54,8,1762,1,14,3,1
201414C081314,1,9,0,18,0,1,0,0,0,0,1,1,6,1,28,6,1956,2,2,2,1
201414C081314,2,9,0,9,0,5,0,0,0,0,3,1,6,1,73,10,1396,1,3,7,1
201414C081714,1,21,1,18,0,0,0,0,0,0,2,1,1,1,46,8,10837,2,3,8,2
201414C081714,2,21,0,18,0,0,1,0,0,0,1,1,1,1,63,9,-1,-1,-1,-1,3
201414C081714,3,21,1,18,0,0,1,0,0,0,1,1,1,1,39,7,12900,2,3,1,1
201414C081714,4,21,1,18,0,0,1,0,0,0,2,1,1,1,46,8,10837,2,1,5,2
201414C081714,5,21,1,18,0,0,0,0,0,0,1,1,6,1,55,8,10677,2,-1,1,1
201414C082014,1,11,0,16,0,1,1,0,0,0,1,1,1,1,40,7,7300,2,13,3,1
201414C082014,2,1,0,18,0,1,0,0,0,0,3,1,6,1,11,3,-1,-1,-1,1,1
201414C082214,1,9,0,2,0,0,0,0,0,0,1,1,6,1,44,7,1587,1,12,7,2
201414C082214,2,9,0,18,0,0,0,0,0,0,2,1,6,1,32,6,-1,-1,-1,4,1
201414C082314,1,9,0,7,0,5,0,0,0,0,4,1,6,1,58,9,1242,1,1,3,1
201414C082414,1,9,0,18,0,8,0,0,0,0,4,1,6,1,28,6,1798,1,9,7,1
201414C082414,2,1,0,18,0,8,0,0,0,0,3,1,6,1,32,6,-1,-1,-1,9,3
201414C082714,1,9,0,16,0,8,0,0,0,0,1,1,6,1,32,6,1364,1,9,2,1
201414C082714,2,9,0,9,0,6,0,0,0,0,2,1,6,2,59,9,2179,2,-1,7,2
201414C082814,1,1,0,18,0,8,0,0,0,0,4,1,1,1,45,7,-1,-1,-1,8,2
201414C082814,2,9,0,1,0,6,0,0,0,0,3,1,6,1,18,4,1388,1,10,2,1
201414C083714,1,9,0,17,0,0,2,0,2,1,1,1,6,1,29,6,-1,-1,-1,1,1
201414C083714,2,9,0,13,0,0,0,0,0,0,0,1,6,1,22,5,1896,2,7,2,1
201414C083914,1,9,0,4,0,1,0,0,0,0,2,1,6,1,46,8,1598,2,3,5,1
201414C083914,2,9,0,4,0,1,0,0,0,0,1,1,6,1,37,7,-1,-1,-1,4,1
201414C084014,1,9,0,18,0,0,1,0,8,11,1,1,6,1,17,4,1229,1,8,4,2
201414C084214,1,9,0,18,0,0,1,0,0,0,1,1,6,1,43,7,-1,-1,-1,1,1
201414C084214,2,9,0,3,0,0,0,0,0,0,2,1,6,2,39,7,1149,1,7,8,1
201414C084214,3,9,0,3,0,0,0,0,0,0,2,1,6,1,26,6,1527,2,18,6,1
201414C084214,4,9,0,3,0,0,0,0,0,0,2,1,6,2,34,6,1995,2,3,8,1
201414C084314,1,19,0,18,9,0,0,0,8,10,3,1,1,1,37,7,1968,2,1,6,3
201414C084514,1,9,0,17,0,0,1,0,0,0,3,1,6,2,20,4,1328,1,6,6,1
201414C084514,2,9,0,16,0,0,1,0,0,0,4,1,6,1,41,7,2204,2,4,7,2
201414C084814,1,9,0,7,0,6,0,0,0,0,3,1,2,2,45,7,1124,1,9,1,1
201414C084814,2,9,0,18,0,1,0,0,7,10,1,1,6,2,38,7,1497,8,8,6,1
201414C085014,1,9,0,6,0,0,0,0,0,0,3,1,6,1,34,6,3628,2,5,9,1
201414C085014,2,9,0,18,0,0,1,0,0,0,1,1,6,1,19,4,1398,2,11,9,1
201414C085114,1,9,0,18,0,8,0,0,0,0,1,1,6,1,34,6,2402,2,5,4,1
201414C085114,2,9,0,3,0,8,0,0,0,0,2,1,6,2,36,7,1498,1,8,4,1
201414C085214,1,9,0,4,0,0,0,0,0,0,4,1,6,1,52,8,1798,1,3,10,1
201414C085214,2,9,0,4,0,0,0,0,0,0,3,1,6,2,20,4,1995,1,3,9,1
201414C085214,3,9,0,4,0,0,0,0,0,0,1,1,6,2,45,7,1968,2,2,8,1
201414C085214,4,9,0,4,0,0,0,0,0,0,1,1,6,2,35,6,1399,2,5,7,1
201414C085314,1,9,0,16,0,0,0,0,0,0,1,1,6,2,33,6,1242,1,-1,4,1
201414C085314,2,9,0,17,0,0,0,0,0,0,1,1,6,1,19,4,1389,1,16,3,1
201414C085414,1,9,0,16,0,0,1,0,0,0,1,1,1,2,39,7,1242,1,16,7,2
201414C085414,2,9,0,17,0,0,0,0,0,0,1,1,1,2,24,5,998,1,5,7,1
201414C086314,1,1,0,18,0,0,0,10,0,0,3,1,2,1,27,6,-1,-1,-1,9,1
201414C086314,2,9,0,18,0,0,0,0,0,0,1,1,6,3,-1,-1,-1,-1,-1,-1,-1
201414C087114,1,9,0,17,0,8,0,0,0,0,3,1,6,2,20,4,1149,1,8,2,1
201414C087114,2,9,0,11,0,8,0,0,0,0,4,1,6,1,41,7,-1,-1,-1,3,1
201414C087414,1,8,0,6,0,0,0,0,0,0,3,1,1,1,50,8,1896,2,12,1,1
201414C087414,2,9,0,18,0,0,0,0,0,0,1,1,6,1,31,6,2597,1,13,4,1
201414C087514,1,9,0,9,0,3,1,0,2,2,2,1,6,1,22,5,1390,1,12,3,1
201414C087714,1,9,0,18,0,0,1,0,1,7,1,1,2,1,24,5,4999,1,9,7,1
201414C088014,1,9,0,7,0,3,0,0,0,0,4,1,1,1,38,7,2993,2,1,3,1
201414C088014,2,9,0,17,0,8,0,0,0,0,1,1,6,1,62,9,1248,1,-1,4,1
201414C088514,1,1,0,18,0,8,0,0,0,0,4,1,2,1,31,6,-1,-1,-1,1,2
201414C088514,2,9,0,18,0,4,0,0,0,0,1,1,6,3,-1,-1,-1,-1,-1,-1,-1
201414C088914,1,19,0,4,0,0,0,0,0,0,1,1,6,1,49,8,2496,2,14,1,1
201414C089014,1,9,0,18,0,8,0,0,0,0,1,1,6,1,27,6,1995,2,12,1,1
201414C089014,2,1,0,9,0,6,0,0,0,0,3,1,6,1,10,2,-1,-1,-1,1,1
201414C089314,1,9,0,18,0,0,0,12,7,2,3,1,6,1,46,8,1560,2,9,-1,1
201414C089414,1,9,0,18,0,8,1,0,0,0,1,1,6,2,21,5,998,1,4,9,1
201414C089414,2,8,0,3,0,8,0,0,0,10,2,1,1,1,44,7,1896,2,6,4,1
201414C089614,1,9,0,5,0,4,0,0,0,0,1,1,1,2,49,8,-1,-1,-1,5,1
201414C089614,2,5,0,18,0,8,0,0,0,0,2,1,6,1,43,7,645,1,2,9,1
201414C089714,1,9,0,18,0,4,0,0,0,0,2,1,6,2,30,6,1598,1,13,1,1
201414C089714,2,9,0,18,0,1,0,0,0,0,1,1,6,3,-1,-1,-1,-1,-1,-1,-1
201414C090214,1,3,0,18,0,8,0,0,0,0,1,1,6,1,20,4,124,1,23,5,1
201414C090214,2,9,0,9,0,6,0,0,0,0,3,1,6,1,64,9,1242,1,9,1,1
201414C090514,1,9,0,2,0,0,0,0,0,0,2,1,1,1,48,8,-1,-1,-1,7,1
201414C090514,2,9,0,18,0,0,0,0,0,0,1,1,6,1,22,5,-1,-1,-1,2,1
201414C090714,1,9,0,18,0,8,0,0,0,0,3,1,4,2,24,5,1968,2,1,4,1
201414C090714,2,9,0,18,0,8,0,0,0,0,1,1,6,1,49,8,1968,2,-1,7,1
201414C091214,1,9,0,13,0,1,0,0,0,0,1,1,6,1,17,4,1299,1,11,9,1
201414C091214,2,9,0,9,0,5,0,0,0,0,3,1,6,2,64,9,1997,2,5,8,1
201414C091514,1,9,0,3,0,0,0,0,0,0,2,1,6,2,19,4,1242,1,14,5,3
201414C091514,2,9,0,18,0,0,0,0,0,0,1,1,6,3,-1,-1,1598,1,14,-1,-1
201414C091614,1,9,0,18,0,1,0,0,0,0,3,1,6,2,77,11,905,1,-1,7,1
201414C091714,1,9,0,18,0,0,1,0,2,2,1,1,6,1,20,4,-1,-1,-1,3,1