Accident_Index,Vehicle_Reference,Vehicle_Type,Towing_and_Articulation,Vehicle_Manoeuvre,Vehicle_Location-Restricted_Lane,Junction_Location,Skidding_and_Overturning,Hit_Object_in_Carriageway,Vehicle_Leaving_Carriageway,Hit_Object_off_Carriageway,1st_Point_of_Impact,Was_Vehicle_Left_Hand_Drive?,Journey_Purpose_of_Driver,Sex_of_Driver,Age_of_Driver,Age_Band_of_Driver,Engine_Capacity_(CC),Propulsion_Code,Age_of_Vehicle,Driver_IMD_Decile,Driver_Home_Area_Type
201414C091814,1,9,0,3,0,1,0,0,0,0,2,1,6,1,28,6,1598,1,9,2,1
201414C091814,2,9,0,18,0,1,0,0,0,0,1,1,6,2,32,6,1598,1,1,5,1
201414C092314,1,9,0,18,0,8,0,0,0,0,1,1,6,1,44,7,-1,-1,-1,9,1
201414C092314,2,9,0,9,0,8,0,0,0,0,4,1,6,1,77,11,1598,2,3,2,1
201414C092714,1,9,0,9,0,8,0,0,0,0,4,1,1,1,26,6,-1,-1,-1,7,1
201414C092714,2,1,0,18,0,8,0,0,0,0,1,1,6,1,54,8,-1,-1,-1,4,3
201414C092814,1,9,0,18,0,0,0,0,0,0,1,1,6,2,34,6,1198,1,7,4,1
201414C092814,2,9,0,17,0,0,1,0,0,0,2,1,6,1,49,8,1975,1,9,3,1
201414C093214,1,9,0,9,0,5,0,0,0,0,1,1,3,2,40,7,3200,2,13,2,1
201414C093214,2,5,0,18,0,8,0,0,0,0,1,1,1,1,27,6,599,1,16,3,1
201414C093614,1,21,0,12,0,8,0,0,0,0,2,1,1,1,23,5,-1,-1,-1,-1,-1
201414C093614,2,9,0,18,0,8,0,0,0,0,1,1,4,2,64,9,1596,1,1,9,1
201414C093814,1,9,0,18,0,4,0,0,0,0,1,1,6,1,67,10,1995,2,5,4,1
201414C093814,2,9,0,11,0,3,0,0,0,10,4,1,6,2,50,8,1997,1,12,6,1
201414C093914,1,9,0,5,0,4,0,0,0,0,4,1,6,1,21,5,-1,-1,-1,3,1
201414C093914,2,2,0,5,0,4,0,0,0,0,3,1,4,2,16,4,49,1,6,1,2
201414C094014,1,9,0,3,0,8,0,0,0,0,2,1,6,2,57,9,1360,1,3,7,1
201414C094014,2,9,0,3,0,8,0,0,0,0,1,1,6,1,40,7,-1,-1,-1,1,1
201414C094714,1,9,0,18,0,2,0,0,0,0,1,1,6,1,36,7,1396,1,15,1,1
201414C094714,2,9,0,18,0,2,0,0,0,0,2,1,6,1,38,7,1896,2,14,4,1
201414C094714,3,9,0,18,0,2,0,0,0,0,0,1,6,1,41,7,1896,2,10,2,1
201414C094714,4,9,0,18,0,1,0,0,0,0,4,1,6,2,25,5,1598,1,7,1,1
201414C094814,1,9,0,9,0,7,0,0,0,0,4,1,6,2,51,8,1360,1,13,9,2
201414C094814,2,9,0,18,0,8,0,0,0,0,1,1,6,1,38,7,1560,2,3,5,2
201414C094914,1,9,0,9,0,1,0,0,0,0,2,1,1,1,40,7,1998,1,14,4,1
201414C094914,2,9,0,18,0,1,0,0,0,0,2,1,6,1,23,5,1360,1,7,-1,1
201414C094914,3,9,0,18,0,1,0,0,0,0,1,1,6,2,18,4,1149,1,4,2,1
201414C095314,1,9,0,17,0,0,2,0,2,4,1,1,2,1,31,6,1781,1,14,3,1
201414C095514,1,9,0,18,0,0,0,0,0,0,1,1,6,1,69,10,5000,1,2,7,2
201414C095514,2,9,0,18,0,0,0,0,0,0,1,1,6,2,56,9,1495,1,8,5,1
201414C095514,3,9,0,18,0,0,0,0,0,0,1,1,6,2,27,6,2401,2,10,7,1
201414C095614,1,9,0,18,0,0,0,0,0,0,1,1,1,1,23,5,-1,-1,-1,3,1
201414C095614,2,9,0,2,0,0,0,0,0,0,3,1,6,2,48,8,1596,1,6,5,1
201414C095814,1,9,0,3,0,1,0,0,0,0,2,1,1,2,49,8,1124,1,9,8,1
201414C095814,2,9,0,5,0,1,0,0,0,0,1,1,6,3,-1,-1,-1,-1,-1,-1,-1
201414C096114,1,9,0,18,0,1,0,0,0,0,1,1,6,1,43,7,1598,1,9,1,1
201414C096114,2,1,0,18,0,1,0,0,0,0,1,1,6,1,13,3,-1,-1,-1,4,1
201414C096414,1,19,0,18,0,0,0,0,0,0,2,1,1,1,40,7,1995,2,6,3,1
201414C096414,2,11,0,18,0,0,0,0,0,0,1,1,1,1,60,9,7300,2,12,7,1
201414C096514,1,9,0,9,0,5,0,0,0,0,1,1,6,1,52,8,1998,2,9,2,1
201414C096514,2,3,0,18,0,8,0,0,0,0,1,1,6,1,38,7,-1,-1,-1,7,1
201414C097014,1,21,0,18,0,0,0,0,0,0,4,1,1,1,57,9,11967,2,3,8,1
201414C097014,2,9,0,18,0,0,0,0,0,0,3,1,2,2,45,7,1968,2,8,8,1
201414C097114,1,9,0,18,0,0,2,0,7,10,1,1,6,1,20,4,1596,1,14,1,2
201414C097414,1,9,0,4,0,1,0,0,0,0,2,1,6,1,36,7,1968,2,-1,1,1
201414C097414,2,9,0,4,0,1,0,0,0,0,1,1,6,1,48,8,-1,-1,-1,4,1
201414C097414,3,9,0,18,0,1,0,0,0,0,1,1,6,1,24,5,1242,1,2,4,1
201414C097714,1,9,0,18,0,1,0,0,0,0,1,1,6,1,27,6,-1,-1,-1,2,1
201414C097714,2,9,0,9,0,6,0,0,0,0,3,1,6,2,21,5,1242,1,1,6,2
201414C097914,1,9,0,9,0,2,0,0,1,4,1,1,1,1,28,6,1560,2,4,5,1
201414C098314,1,9,0,10,0,1,0,0,0,0,2,1,6,1,43,7,1598,1,7,6,1
201414C098314,2,9,0,18,0,1,0,0,0,0,1,1,6,1,22,5,998,1,9,7,1
201414C098714,1,1,0,18,0,0,0,8,0,0,1,1,6,1,21,5,-1,-1,-1,1,1
201414C098714,2,19,0,2,0,0,0,0,0,0,3,1,6,3,-1,-1,-1,-1,-1,-1,-1
201414C098814,1,9,0,18,0,8,0,0,0,0,1,1,1,1,51,8,2495,2,21,2,1
201414C098814,2,9,0,18,0,8,0,0,0,0,1,1,1,1,41,7,-1,-1,-1,7,1
201414C098814,3,9,0,18,0,8,0,0,0,0,1,1,1,1,31,6,1299,1,13,2,2
201414C098814,4,9,0,18,0,1,0,0,0,0,1,1,6,2,32,6,1598,1,15,1,1
201414C098914,1,9,0,18,0,1,0,0,0,0,4,1,2,1,25,5,-1,-1,-1,1,1
201414C099214,1,9,0,18,0,0,0,0,0,0,1,1,6,3,-1,-1,-1,-1,-1,-1,-1
201414C099314,1,9,0,3,0,0,0,0,0,0,2,1,6,1,24,5,998,1,1,7,3
201414C099314,2,9,0,3,0,0,0,0,0,0,2,1,6,2,-1,-1,2231,2,7,-1,-1
201414C099314,3,9,0,4,0,0,0,0,0,0,1,1,6,2,-1,-1,1598,1,5,-1,-1
201414C099614,1,9,0,18,0,1,0,0,0,0,3,1,2,1,45,7,1998,2,9,9,1
201414C099614,2,21,0,11,0,5,0,0,0,0,4,1,1,1,30,6,10837,2,3,4,1
201414C099714,1,5,0,16,0,0,0,0,8,11,1,1,6,1,57,9,1050,1,8,1,1
201414C099914,1,9,0,18,0,2,0,0,0,0,4,1,6,1,58,9,-1,-1,-1,3,1
201414C100314,1,9,0,9,0,1,0,0,0,0,3,1,6,2,44,7,1997,2,5,3,1
201414C100314,2,5,0,13,0,1,0,0,0,0,1,1,6,1,30,6,918,1,18,3,1
201414C100514,1,9,0,18,0,1,0,0,1,3,1,1,6,3,-1,-1,1798,1,9,-1,-1
201414C100514,2,9,0,2,0,1,0,0,0,0,2,1,6,3,-1,-1,-1,-1,-1,-1,-1
201414C100714,1,5,0,18,0,1,1,0,0,0,1,1,1,1,51,8,599,1,9,10,1
201414C100714,2,9,0,9,0,1,0,0,0,0,1,1,1,1,51,8,-1,-1,-1,2,1
201414C101214,1,1,0,18,0,8,0,0,0,0,1,1,2,1,27,6,-1,-1,-1,5,1
201414C101214,2,9,0,18,0,4,0,0,0,0,3,1,6,3,-1,-1,-1,-1,-1,-1,-1
201414C101314,1,8,0,1,0,0,0,0,0,0,2,1,1,1,44,7,1896,2,6,8,1
201414C101314,2,9,0,2,0,0,0,0,0,0,2,1,6,3,-1,-1,-1,-1,-1,-1,-1
201414C101414,1,9,0,3,0,1,0,0,0,0,2,1,6,1,27,6,1389,1,14,4,1
201414C101414,2,9,0,4,0,1,0,0,0,0,1,1,6,2,58,9,1527,2,17,6,1
201414C101614,1,9,0,3,0,6,0,0,0,0,2,1,2,1,33,6,1896,2,9,1,1
201414C101614,2,3,0,13,0,1,0,0,0,0,1,1,6,1,32,6,-1,-1,-1,-1,-1
201414C101814,1,9,0,18,0,3,0,0,0,0,1,1,6,2,28,6,1598,1,14,2,1
201414C101814,2,9,0,18,0,3,0,0,0,0,1,1,6,2,28,6,995,1,3,1,1
201414C101914,1,9,0,18,0,8,0,0,0,0,1,1,1,1,49,8,1229,1,2,3,1
201414C101914,2,9,0,9,0,8,0,0,0,0,1,1,1,2,24,5,-1,-1,-1,7,1
201414C102114,1,9,0,4,0,1,0,0,0,0,2,1,6,2,56,9,998,1,3,9,3
201414C102114,2,9,0,18,0,1,0,0,0,0,1,1,2,2,58,9,1364,1,6,6,1
201414C102214,1,9,0,13,0,0,5,0,0,6,4,1,6,1,36,7,1388,1,11,-1,2
201414C102214,2,9,0,18,0,0,0,0,0,0,3,1,6,1,57,9,1598,1,1,9,1
201414C102614,1,9,0,9,0,5,0,0,0,0,3,1,6,1,25,5,-1,-1,-1,1,1
201414C102614,2,3,0,13,0,8,0,0,0,10,1,1,6,1,21,5,124,1,3,1,1
201414C102814,1,90,0,7,0,6,0,0,0,0,1,1,1,1,52,8,6370,2,8,5,1
201414C102814,2,1,0,18,0,8,0,0,0,0,4,1,6,1,68,10,-1,-1,-1,8,1
201414C102914,1,9,0,8,0,1,0,0,0,0,2,1,6,2,43,7,1197,1,1,4,1
201414C102914,2,9,0,18,0,1,0,0,0,0,1,1,6,1,22,5,1686,2,12,4,2
201414C103214,1,9,0,18,0,4,0,0,0,0,1,1,6,1,51,8,1968,2,6,1,1
201414C103214,2,1,0,18,0,8,0,0,0,0,4,1,6,1,36,7,-1,-1,-1,3,1
201414C103414,1,9,0,18,0,8,0,0,0,0,1,1,6,1,66,10,1560,2,6,2,1
201414C103414,2,9,0,9,0,6,0,0,0,0,3,1,6,1,85,11,1598,1,6,4,1
201414C103614,1,9,0,18,0,8,0,0,0,0,1,1,1,2,40,7,1968,2,1,6,1
201414C103614,2,9,0,9,0,6,0,0,0,0,3,1,6,3,-1,-1,-1,-1,-1,-1,-1
201414C103714,1,1,0,18,0,1,0,0,0,0,3,1,6,1,53,8,-1,-1,-1,1,1
201414C103714,2,8,0,13,0,1,0,0,0,0,4,1,1,1,49,8,1995,2,8,4,1
201414C104014,1,9,0,18,0,4,0,0,0,0,3,1,1,1,56,9,1998,1,9,1,1
201414C104014,2,21,0,18,0,8,0,0,0,0,1,1,2,1,55,8,12740,2,3,4,1
201414C104114,1,9,0,9,0,5,0,0,0,0,3,1,6,1,27,6,1968,2,6,6,1
201414C104114,2,9,0,5,0,6,0,0,0,0,3,1,6,3,-1,-1,-1,-1,-1,-1,-1
201414C104414,1,19,0,16,0,1,2,0,7,10,1,1,2,1,27,6,1560,2,8,8,1
201414C104514,1,9,0,18,0,0,0,0,0,0,2,1,6,2,46,8,1956,2,-1,4,1
201414C104514,2,9,0,18,0,0,0,0,0,0,1,1,6,2,31,6,1596,1,13,2,1
201414C104514,3,9,0,18,0,0,0,0,0,0,1,1,6,2,29,6,1299,1,9,6,1
201414C104614,1,9,0,5,0,8,0,0,0,0,2,1,6,1,20,4,1753,2,11,10,1
201414C104614,2,9,0,5,0,8,0,0,0,0,1,1,6,2,19,4,1299,1,13,5,1
201414C104914,1,9,0,3,0,1,0,0,0,0,2,1,6,2,24,5,1242,1,14,1,2
201414C104914,2,9,0,5,0,1,0,0,0,0,1,1,1,1,42,7,2494,1,15,8,2
201414C105214,1,9,0,16,0,0,1,0,0,0,1,1,6,1,21,5,1995,2,10,2,1
201414C105214,2,9,0,17,0,0,1,0,1,0,1,1,6,1,22,5,1796,1,14,1,1
201414C105314,1,9,0,17,0,0,0,0,1,11,1,1,6,2,26,6,-1,-1,-1,3,1
201414C105814,1,9,0,18,0,0,0,0,0,0,1,1,6,1,18,4,-1,-1,-1,6,1
201414C105814,2,21,0,4,0,0,0,0,0,0,2,1,6,3,-1,-1,-1,-1,-1,-1,-1
201414C105914,1,9,0,18,0,8,1,0,0,0,1,1,6,1,72,10,1598,2,2,1,1
201414C105914,2,9,0,9,0,6,0,0,0,0,4,1,6,1,27,6,2099,1,11,3,1
201414C106014,1,9,0,18,0,3,0,0,0,0,1,1,6,1,44,7,-1,-1,-1,3,1
201414C106014,2,9,0,18,0,3,0,0,0,0,2,1,6,1,19,4,-1,-1,-1,7,1
201414C106114,1,9,0,3,0,0,0,0,0,0,2,1,6,1,68,10,1199,1,12,7,1
201414C106114,2,9,0,18,0,0,0,0,0,0,1,1,6,2,52,8,1560,2,3,6,1
201414C106114,3,9,0,18,0,0,0,0,0,0,1,1,6,1,34,6,-1,-1,-1,2,1
201414C106514,1,9,0,5,0,2,0,0,0,0,1,1,6,2,25,5,1598,2,2,8,1
201414C106714,1,4,0,18,0,8,0,0,0,0,4,1,2,1,46,8,249,1,32,6,1
201414C106714,2,8,0,18,0,8,0,0,0,0,1,1,1,1,46,8,1997,2,9,1,1
201414C107114,1,5,0,18,0,8,0,0,0,0,4,1,6,1,62,9,899,1,16,5,3
201414C107114,2,9,0,18,0,4,0,0,0,0,1,1,6,1,31,6,1598,1,14,7,1
201414C107614,1,9,0,2,0,2,0,0,0,0,1,1,6,2,46,8,1389,1,14,7,1
201414C107614,2,9,0,1,0,1,0,0,0,0,2,1,6,1,30,6,1686,2,14,1,1
201414C107914,1,19,0,2,0,0,0,0,0,0,2,1,6,1,49,8,1998,2,11,5,2
201414C107914,2,9,0,14,0,0,0,0,0,0,1,1,6,2,24,5,1399,2,6,7,1
201414C108114,1,9,0,4,0,0,0,0,0,0,2,1,6,1,18,4,1997,2,-1,7,2
201414C108114,2,9,0,4,0,0,0,0,0,0,2,1,6,1,73,10,1896,2,6,8,1
201414C108114,3,9,0,4,0,0,0,0,0,0,2,1,6,2,54,8,1896,2,8,9,2
201414C108114,4,9,0,4,0,0,0,0,0,0,2,1,6,1,71,10,1998,2,6,9,2
201414C108114,5,9,0,4,0,0,0,0,0,0,1,1,6,1,42,7,1598,1,10,1,1
201414C108314,1,9,0,18,0,2,5,0,1,0,2,1,6,2,30,6,1399,2,6,1,1
201414C108314,2,9,0,18,0,2,0,0,0,0,1,1,6,1,56,9,1997,2,4,3,1
201414C108614,1,9,0,4,0,1,0,0,0,0,1,1,1,2,21,5,1397,1,1,1,1
201414C108614,2,9,0,8,0,1,0,0,0,0,2,1,1,1,49,8,-1,-1,-1,2,1
201414C109014,1,9,0,9,0,8,0,0,0,0,1,1,1,2,24,5,1596,1,8,7,1
201414C109014,2,9,0,18,0,8,0,0,0,0,1,1,1,1,58,9,1587,1,5,2,1
201414C109414,1,9,0,1,0,0,0,0,0,0,1,1,1,1,50,8,-1,-1,-1,2,1
201414C109414,2,20,0,18,0,0,1,0,0,0,1,1,1,1,20,4,-1,-1,-1,5,1
201414C109614,1,9,0,3,0,0,0,0,0,0,2,1,6,1,28,6,1900,2,15,2,1
201414C109614,2,9,0,18,0,0,0,0,0,0,1,1,1,1,29,6,1399,2,11,1,1
201414C109714,1,9,0,3,0,1,0,0,0,0,2,1,6,1,28,6,1753,2,10,3,1
201414C109714,2,9,0,18,0,1,0,0,0,0,1,1,6,3,-1,-1,-1,-1,-1,-1,-1
201414C110114,1,8,0,18,0,0,0,0,0,0,0,1,1,3,-1,-1,-1,-1,-1,-1,-1
201414C110214,1,9,0,16,0,0,1,0,1,10,1,1,2,2,29,6,1229,1,6,7,1
201414C110414,1,9,0,18,0,8,0,0,0,0,3,1,1,1,22,5,1968,2,4,1,1
201414C110414,2,9,0,18,0,8,0,0,0,0,4,1,6,2,55,8,1498,1,9,6,1
201414C110514,1,9,0,4,0,1,0,0,0,0,2,1,1,2,37,7,1968,2,3,9,3
201414C110514,2,9,0,18,0,1,0,0,0,0,1,1,6,1,77,11,1341,1,9,7,1
201414C110814,1,9,0,18,0,1,0,0,0,0,3,1,6,2,33,6,1997,2,3,2,1
201414C110814,2,21,0,18,0,1,0,0,0,0,4,1,1,3,-1,-1,4250,2,13,-1,-1
201414C110914,1,9,0,18,0,8,0,0,0,0,2,1,6,2,25,5,1796,1,9,-1,-1
201414C110914,2,9,0,18,0,8,0,0,0,0,2,1,6,1,42,7,1870,2,12,1,1
201414C110914,3,9,0,18,0,8,0,0,0,0,1,1,6,1,-1,-1,1798,1,6,3,1
201414C111514,1,9,0,17,0,1,0,0,0,0,1,1,6,1,23,5,1596,1,15,5,1
201414C111514,2,9,0,2,0,1,0,0,0,0,2,1,6,1,56,9,1582,2,-1,-1,1
201414C111614,1,9,0,9,0,6,0,0,0,0,1,1,6,2,41,7,1360,1,7,2,1
201414C111614,2,9,0,18,0,8,0,0,0,0,1,1,6,1,76,11,1339,1,1,8,1
201414C111814,1,9,0,3,0,1,0,0,0,0,2,1,2,2,46,8,1248,1,2,8,1
201414C111814,2,9,0,18,0,1,0,0,0,0,1,1,6,1,86,11,1398,2,2,7,3
201414C112014,1,9,0,16,0,0,2,0,0,0,3,1,6,1,23,5,1596,1,7,1,1
201414C112014,2,9,0,17,0,0,0,0,0,0,0,1,6,3,-1,-1,-1,-1,-1,-1,-1
201414C112414,1,9,0,18,0,1,0,0,0,0,1,1,1,2,22,5,1199,1,12,1,1
201414C112414,2,9,0,9,0,6,0,0,0,0,3,1,6,1,69,10,2204,2,6,6,3
201414C112514,1,9,0,3,0,0,0,0,0,0,2,1,6,2,28,6,-1,-1,-1,3,1
201414C112514,2,9,0,3,0,0,0,0,0,0,3,1,6,1,69,10,1560,2,-1,4,1
201414C112514,3,9,0,4,0,0,0,0,0,0,1,1,6,1,51,8,1896,2,6,2,1
201414C112614,1,9,0,9,0,5,0,0,0,0,1,1,6,1,31,6,1396,1,10,6,1
201414C112614,2,9,0,18,0,8,0,0,0,0,1,1,6,1,21,5,1796,1,11,3,1
201414C112814,1,9,0,18,0,0,0,0,0,0,1,1,4,1,25,5,1968,2,8,2,1
201414C112814,2,22,0,5,0,0,0,0,0,0,3,1,6,1,78,11,-1,-1,-1,2,1
201414C113014,1,9,0,14,0,2,0,0,0,0,3,1,4,2,33,6,1870,2,8,2,1
201414C113014,2,9,0,18,0,1,0,0,0,0,3,1,6,2,85,11,999,1,13,2,1
201414C113414,1,9,0,18,0,0,0,0,0,0,1,1,6,3,62,9,1598,1,1,9,1
201414C113414,2,1,0,18,0,0,0,0,0,0,2,1,6,1,67,10,-1,-1,-1,8,1
201414C113814,1,19,0,13,0,0,0,0,0,0,3,1,1,2,62,9,-1,-1,-1,2,1
201414C113814,2,9,0,13,0,0,0,0,0,0,3,1,6,1,19,4,1900,2,8,1,1
201414C113814,3,9,0,18,0,0,0,0,0,0,4,1,6,1,18,4,1796,1,7,1,1
201414C113914,1,9,0,4,0,0,0,0,0,0,1,1,1,1,37,7,-1,-1,-1,4,1
201414C113914,2,9,0,4,0,0,0,0,0,0,2,1,4,1,35,6,1398,1,8,2,1
201414C113914,3,9,0,4,0,0,0,0,0,0,2,1,1,1,20,4,1390,1,2,10,1
201414C114314,1,9,0,18,0,8,0,0,0,0,4,1,6,1,77,11,1206,1,5,5,1
201414C114314,2,9,0,18,0,4,0,0,0,0,1,1,6,1,41,7,1997,2,3,1,1
201414C114414,1,9,0,18,0,0,0,0,0,0,1,1,6,2,65,9,1386,1,5,1,1
201414C114914,1,9,0,18,0,8,0,0,0,0,1,1,6,1,68,10,1896,2,17,2,1
201414C114914,2,9,0,5,0,6,0,0,0,0,1,1,6,2,22,5,973,1,11,9,1
201414C115114,1,9,0,18,0,1,0,0,0,0,1,1,6,1,21,5,998,1,9,5,2
201414C115114,2,9,0,9,0,6,0,0,0,0,1,1,6,1,31,6,1461,2,5,6,1
201414C115814,1,9,0,9,0,6,0,0,0,0,3,1,6,1,67,10,1596,1,6,5,1
201414C115814,2,9,0,18,0,8,0,0,0,0,1,1,6,2,-1,-1,1598,1,11,2,1
201414C116114,1,9,0,18,0,1,0,0,0,0,1,1,6,1,51,8,1995,2,1,4,1
201414C116214,1,21,0,11,0,0,0,0,0,0,1,1,1,1,61,9,12902,2,1,5,3
201414C116214,2,9,0,18,0,0,0,0,0,0,2,1,6,1,40,7,1798,1,7,6,1
201414C116214,3,9,0,18,0,0,0,0,0,0,3,1,6,1,37,7,1998,2,7,2,1
201414C116314,1,9,0,18,0,3,1,0,0,0,4,1,2,1,29,6,1968,2,-1,6,1
201414C116314,2,9,0,18,0,3,1,0,0,0,1,1,6,3,-1,-1,-1,-1,-1,4,1
201414C116614,1,9,0,18,0,8,0,0,0,0,4,1,6,1,26,6,1560,2,9,1,1
201414C116614,2,9,0,9,0,6,0,0,0,0,1,1,6,2,58,9,1339,1,4,7,1
201414C116814,1,9,0,18,0,8,0,0,0,0,1,1,1,1,60,9,-1,-1,-1,5,1
201414C116814,2,9,0,18,0,3,0,0,7,7,2,1,6,1,29,6,1994,2,13,1,1
201414C117314,1,9,0,18,0,0,0,0,0,0,1,1,2,1,23,5,2993,2,2,6,3
201414C117414,1,9,0,5,0,6,0,0,0,0,1,1,6,1,47,8,3200,2,10,1,1
201414C117414,2,1,0,18,0,8,0,0,0,0,4,1,6,1,20,4,-1,-1,-1,5,1
201414C118214,1,9,0,18,0,8,0,0,0,0,0,1,6,1,26,6,1796,1,10,1,1
201414C118214,2,9,0,18,0,8,0,0,0,0,0,1,6,2,45,7,1388,1,5,2,1
201414C118514,1,9,0,18,0,8,0,0,0,0,4,1,6,2,28,6,1398,1,10,2,1
201414C118514,2,19,0,5,0,4,0,0,0,0,1,1,1,1,25,5,2198,2,-1,2,1
201414C118614,1,9,0,18,0,8,0,0,0,0,1,1,2,1,31,6,1390,1,4,1,1
201414C118614,2,9,0,9,0,6,0,0,0,0,1,1,2,2,50,8,1995,1,4,4,2
201414C118714,1,9,0,9,0,5,0,0,0,0,3,1,2,1,36,7,1796,1,9,6,3
201414C118714,2,1,0,13,0,8,0,0,0,0,1,1,6,1,20,4,-1,-1,-1,1,1
201414C118814,1,9,0,18,0,4,0,0,0,0,3,1,1,1,45,7,1896,2,10,2,1
201414C118814,2,1,0,18,0,8,0,0,0,0,3,1,2,1,29,6,-1,-1,-1,1,1
201414C118914,1,9,0,17,0,0,2,10,1,10,1,1,6,1,23,5,1229,1,7,6,1
201414C119214,1,9,0,2,0,0,0,0,0,0,2,1,6,1,23,5,1596,1,11,4,1
201414C119214,2,19,0,18,0,0,0,0,0,0,1,1,6,3,-1,-1,-1,-1,-1,-1,-1
201414C119414,1,9,0,18,0,0,1,0,1,0,1,1,6,1,23,5,1868,2,14,9,2
201414C119414,2,9,0,18,0,0,1,10,8,1,1,1,6,1,24,5,1910,2,10,7,1
201414C119414,3,9,0,18,0,0,1,0,0,0,1,1,6,1,18,4,998,1,5,7,1
201414C119514,1,9,0,9,0,8,0,0,0,0,3,1,6,1,30,6,1248,1,3,2,1
201414C119514,2,9,0,14,0,8,0,0,0,0,1,1,6,1,45,7,1997,2,6,-1,1
201414C119914,1,9,0,18,0,0,0,0,7,0,3,1,6,2,21,5,1124,1,11,3,1
201414C119914,2,9,0,18,0,0,0,0,0,0,1,1,6,2,62,9,1560,2,3,9,1
201414C120014,1,9,0,18,9,1,0,0,0,0,2,1,6,3,-1,-1,-1,-1,-1,-1,-1
201414C120114,1,9,0,7,0,6,0,0,0,0,1,1,2,1,29,6,-1,-1,-1,4,1
201414C120114,2,9,0,18,0,8,1,0,1,11,4,1,2,2,59,9,1242,1,5,5,1
201414C120714,1,9,0,18,0,0,0,0,0,0,3,1,1,2,29,6,1124,1,13,8,1
201414C120714,2,21,1,11,0,0,0,0,0,0,4,1,1,1,56,9,-1,-1,-1,-1,3
201414C120914,1,9,0,18,0,8,0,0,0,0,1,1,6,1,26,6,1798,1,10,2,2
201414C120914,2,9,0,18,0,6,0,0,0,0,1,1,6,1,23,5,1199,1,10,2,1
201414C121714,1,1,0,18,0,6,0,0,0,0,3,1,2,1,34,6,-1,-1,-1,8,1
201414C121714,2,19,0,5,0,1,0,0,0,0,1,1,1,1,53,8,2198,2,5,6,1
201414C121814,1,9,0,2,0,2,0,0,0,0,2,1,6,2,22,5,998,1,6,1,1
201414C121814,2,9,0,2,0,2,0,0,0,0,1,1,6,2,22,5,1598,1,-1,1,1
201414C121814,3,9,0,18,0,2,0,0,0,0,3,1,6,3,-1,-1,973,1,11,-1,-1
201414C122114,1,9,0,17,0,1,0,0,0,0,4,1,6,1,69,10,1339,1,2,7,3
201414C122214,1,9,0,3,0,1,0,0,0,0,2,1,6,2,48,8,1598,1,14,6,1
201414C122214,2,9,0,18,0,1,0,0,0,0,1,1,6,1,53,8,1896,2,6,1,1
201414C122414,1,5,0,18,0,0,1,12,0,0,1,1,6,1,49,8,955,1,10,3,1
201414C122514,1,21,0,16,0,0,1,0,0,0,1,1,1,1,34,6,4116,2,12,5,2
201414C122514,2,9,0,17,0,0,0,0,0,0,1,1,2,1,42,7,1845,1,21,1,1
201414C122614,1,9,0,4,0,1,0,0,0,0,1,1,6,2,33,6,1685,2,3,-1,1
201414C122614,2,9,0,4,0,1,0,0,0,0,2,1,6,2,67,10,1598,1,2,5,1
201414C122814,1,9,0,9,0,6,1,0,0,0,1,1,6,1,43,7,1796,1,11,1,1
201414C122814,2,9,0,18,0,8,0,0,0,0,4,1,6,1,54,8,1968,2,-1,1,1
201414C123014,1,1,0,14,4,0,0,8,0,0,1,1,1,1,46,8,-1,-1,-1,1,1
201414C123014,2,9,0,3,0,0,0,0,0,0,3,1,6,1,52,8,1596,1,9,7,1
201414C123214,1,9,0,18,0,0,0,0,0,0,1,1,6,1,23,5,1999,1,12,1,1
201414C123214,2,8,0,3,0,0,0,0,0,0,2,1,6,1,31,6,1794,1,12,1,1
201414C123214,3,9,0,3,0,0,0,0,0,0,2,1,6,1,74,10,2231,2,1,6,3
201414C123314,1,9,0,2,0,0,0,0,0,0,2,1,6,2,52,8,2982,2,16,3,1
201414C123314,2,9,0,14,0,0,0,0,0,0,1,1,6,2,45,7,1248,1,1,9,1
201414C123414,1,9,0,18,0,1,0,0,0,0,1,1,6,1,33,6,1596,1,9,-1,1
201414C123414,2,9,0,18,0,1,0,0,0,0,4,1,6,2,48,8,1242,1,1,5,1
201414C124014,1,11,0,18,0,1,0,0,0,0,4,1,1,2,49,8,4500,2,3,4,1
201414C124114,1,9,0,18,0,0,1,10,5,0,1,1,6,1,23,5,1998,1,6,6,1
201414C124314,1,9,0,5,0,6,0,0,0,0,1,1,1,2,26,6,1399,2,12,3,1
201414C124314,2,1,0,18,0,8,0,0,0,0,1,1,6,1,65,9,-1,-1,-1,8,1
201414C124414,1,9,0,5,0,4,0,0,0,0,3,1,6,1,57,9,1995,2,-1,10,1
201414C124414,2,1,0,18,0,8,0,0,0,0,1,1,2,1,48,8,-1,-1,-1,2,1
201414C124614,1,9,0,9,0,5,0,0,0,0,3,1,1,2,36,7,998,1,7,8,1
201414C124614,2,9,0,13,0,1,0,0,7,10,1,1,6,1,24,5,1968,2,6,8,1