Accident_Index,Vehicle_Reference,Vehicle_Type,Towing_and_Articulation,Vehicle_Manoeuvre,Vehicle_Location-Restricted_Lane,Junction_Location,Skidding_and_Overturning,Hit_Object_in_Carriageway,Vehicle_Leaving_Carriageway,Hit_Object_off_Carriageway,1st_Point_of_Impact,Was_Vehicle_Left_Hand_Drive?,Journey_Purpose_of_Driver,Sex_of_Driver,Age_of_Driver,Age_Band_of_Driver,Engine_Capacity_(CC),Propulsion_Code,Age_of_Vehicle,Driver_IMD_Decile,Driver_Home_Area_Type
201414C124914,1,9,0,17,0,0,1,0,7,4,1,1,6,1,24,5,1360,1,13,1,1
201414C125014,1,9,0,18,0,0,0,0,0,0,1,1,6,1,73,10,1598,1,4,3,1
201414C125014,2,9,0,18,0,0,0,0,0,0,1,1,6,1,26,6,1124,1,11,3,1
201414C125014,3,1,0,18,0,0,0,0,0,0,1,1,6,1,15,3,-1,-1,-1,1,1
201414C125514,1,9,0,9,0,5,0,0,0,0,1,1,6,1,40,7,1560,2,2,6,1
201414C125514,2,9,0,18,0,8,0,0,0,0,1,1,6,1,23,5,1339,1,4,7,1
201414C126014,1,9,0,18,0,0,0,0,0,0,3,1,6,2,20,4,1587,1,10,2,1
201414C126114,1,9,0,18,0,1,0,0,0,0,1,1,6,1,48,8,1587,1,15,1,1
201414C126114,2,9,0,9,0,6,0,0,0,0,1,1,2,2,23,5,-1,-1,-1,1,1
201414C126214,1,9,0,18,0,4,1,0,3,4,1,1,6,1,28,6,1686,2,-1,3,1
201414C126414,1,9,0,9,0,6,0,0,0,0,1,1,6,2,30,6,1984,2,8,4,1
201414C126414,2,3,0,18,0,1,1,0,0,0,1,1,6,1,17,4,124,1,14,2,1
201414C126514,1,9,0,4,0,1,0,0,0,0,2,1,6,2,29,6,1390,1,3,7,1
201414C126514,2,9,0,4,0,1,0,0,0,0,2,1,2,1,50,8,1360,1,14,3,1
201414C126514,3,9,0,18,0,1,0,0,0,0,1,1,6,2,25,5,1598,1,10,7,2
201414C126714,1,9,0,4,0,1,1,0,0,0,1,1,1,2,35,6,1400,1,15,4,1
201414C126714,2,9,0,3,0,1,0,0,0,0,2,1,6,1,25,5,2495,2,12,2,1
201414C126814,1,9,0,4,0,1,0,0,0,0,4,1,6,2,58,9,1229,1,5,10,1
201414C126814,2,1,0,18,0,1,1,0,0,0,1,1,6,1,14,3,-1,-1,-1,3,1
201414C127014,1,21,0,18,0,0,2,0,7,10,1,1,1,1,53,8,12900,2,6,5,1
201414C127014,2,9,0,18,0,0,0,0,0,0,3,1,6,3,-1,-1,-1,-1,-1,-1,-1
201414C127214,1,9,0,17,0,0,1,0,7,10,1,1,6,1,23,5,1560,2,9,2,1
201414C127314,1,9,0,17,0,0,1,0,7,10,1,1,6,1,24,5,998,1,11,2,1
201414C127714,1,9,0,9,0,3,0,0,0,0,1,1,6,1,50,8,1560,2,1,2,1
201414C127714,2,9,0,9,0,3,0,0,0,0,1,1,6,2,59,9,-1,-1,-1,2,1
201414C128114,1,9,0,17,0,0,1,0,0,0,1,1,1,1,23,5,1590,1,12,8,2
201414C128114,2,9,0,16,0,0,1,0,0,0,1,1,6,1,26,6,-1,-1,-1,3,1
201414C128514,1,9,0,7,0,3,0,0,0,0,1,1,6,1,71,10,2183,2,4,3,1
201414C128514,2,9,0,8,0,3,0,0,0,0,2,1,6,1,48,8,1596,1,6,7,1
201414C129114,1,9,0,3,0,0,0,0,0,0,2,1,6,2,33,6,-1,-1,-1,1,1
201414C129114,2,9,0,18,0,0,0,0,0,0,1,1,6,3,-1,-1,-1,-1,-1,-1,-1
201414C129214,1,9,0,18,0,0,1,0,1,10,1,1,6,1,31,6,1398,2,12,7,2
201414C129214,2,9,0,18,0,0,0,0,0,0,1,1,6,1,30,6,1397,1,14,3,1
201414C129314,1,9,0,18,0,1,0,0,0,0,2,1,6,2,17,4,1229,1,9,5,1
201414C129314,2,9,0,18,0,1,0,0,0,0,1,1,6,2,20,4,1596,1,5,1,1
201414C129514,1,9,0,18,0,1,0,0,0,0,1,1,6,1,28,6,-1,-1,-1,7,1
201414C129514,2,9,0,9,0,5,0,0,0,0,4,1,6,2,30,6,1560,2,8,1,1
201414C129514,3,9,0,18,0,1,0,0,0,0,1,1,6,1,47,8,2400,2,2,10,1
201414C129614,1,9,0,4,0,0,0,0,0,0,1,1,6,1,19,4,-1,-1,-1,8,1
201414C129614,2,9,0,3,0,0,0,0,0,0,2,1,6,2,46,8,-1,-1,-1,4,1
201414C129714,1,8,0,15,0,1,0,0,0,0,3,1,1,1,35,6,1995,2,8,1,1
201414C129714,2,9,0,7,0,1,0,0,0,0,4,1,6,2,25,5,1598,1,5,2,1
201414C129814,1,9,0,18,0,1,0,0,0,0,1,1,6,1,34,6,1461,2,6,1,1
201414C130014,1,9,0,9,0,5,0,0,0,0,4,1,6,2,43,7,1796,1,6,6,1
201414C130014,2,9,0,18,0,8,0,0,0,0,1,1,6,2,39,7,1242,1,6,5,1
201414C130114,1,20,0,7,0,3,0,0,0,0,4,1,6,1,49,8,-1,-1,-1,9,1
201414C130114,2,9,0,18,0,8,0,0,0,0,3,1,6,2,34,6,1984,1,7,3,1
201414C130514,1,9,0,18,0,4,0,0,0,0,1,1,6,2,36,7,1390,1,1,3,1
201414C130514,2,9,0,18,0,5,0,0,0,0,4,1,6,1,57,9,1364,1,5,3,1
201414C130614,1,9,0,5,0,0,0,0,0,0,4,1,1,1,49,8,1968,2,2,1,1
201414C130714,1,9,0,18,0,8,1,10,2,11,1,1,6,2,20,4,1242,1,1,1,1
201414C130814,1,9,0,9,0,5,0,0,0,0,1,1,6,1,52,8,1896,2,10,1,1
201414C130814,2,2,0,18,0,8,0,0,0,0,1,1,6,1,16,4,49,1,11,1,1
201414C132114,1,9,0,18,0,1,0,0,0,0,1,1,6,1,23,5,1461,2,4,5,1
201414C132114,2,9,0,3,0,1,0,0,0,0,2,1,6,1,33,6,1968,2,-1,3,1
201414C132214,1,9,0,18,0,0,0,0,0,0,3,1,2,1,38,7,1364,1,4,4,1
201414C132214,2,9,0,11,0,0,0,10,7,0,1,1,6,1,46,8,1995,2,8,6,2
201414C132314,1,9,0,18,0,8,0,0,0,0,1,1,6,3,-1,-1,-1,-1,-1,-1,-1
201414C132414,1,9,0,17,0,2,0,0,0,0,1,1,2,2,28,6,1149,1,9,2,3
201414C132414,2,9,0,8,0,1,0,0,0,0,1,1,6,2,60,9,998,1,5,7,1
201414C132614,1,8,0,18,0,8,1,0,1,2,0,1,1,1,36,7,-1,-1,-1,4,1
201414C132714,1,9,0,18,0,8,0,0,0,0,1,1,6,1,29,6,1995,1,7,9,2
201414C132714,2,9,0,9,0,5,0,0,0,0,4,1,6,2,67,10,1796,1,11,5,1
201414C132814,1,9,0,18,0,0,0,0,0,0,0,1,6,3,-1,-1,-1,-1,-1,-1,-1
201414C133014,1,21,0,18,0,8,0,0,0,0,4,1,1,1,60,9,9200,2,8,1,1
201414C133014,2,9,0,18,0,6,0,0,1,1,1,1,6,1,79,11,1390,1,9,8,2
201414C133114,1,19,0,4,0,0,0,0,0,0,2,1,1,1,26,6,-1,-1,-1,2,1
201414C133114,2,90,0,18,0,0,0,0,0,0,1,1,6,1,-1,-1,-1,-1,-1,-1,-1
201414C133314,1,9,0,18,7,0,0,0,0,0,1,1,6,2,20,4,998,1,3,3,1
201414C133314,2,9,0,18,7,0,0,0,0,0,1,1,6,2,36,7,1997,2,9,2,1
201414C133714,1,9,0,18,0,0,1,7,5,6,2,1,6,2,39,7,1995,2,10,3,1
201414C133714,2,21,0,11,0,0,0,0,0,0,1,1,1,1,46,8,5880,2,7,7,1
201414C133714,3,9,0,18,0,0,1,0,0,0,3,1,6,2,60,9,998,1,-1,8,1
201414C134114,1,9,0,18,0,8,0,0,0,0,1,1,1,1,22,5,-1,-1,-1,1,1
201414C134114,2,9,0,18,0,8,0,0,0,0,2,1,2,1,34,6,1910,2,7,4,1
201414C135614,1,9,0,9,0,2,0,0,3,3,1,1,6,2,76,11,1248,1,2,7,1
201414C135714,1,9,0,13,0,0,2,0,1,9,3,1,6,1,51,8,1998,2,8,5,1
201414C135714,2,20,0,18,0,0,0,0,0,0,2,1,1,1,67,10,-1,-1,-1,5,3
201414C136914,1,9,0,18,0,8,0,0,0,0,4,1,6,2,50,8,1753,2,5,4,2
201414C136914,2,9,0,18,0,8,0,0,0,0,1,1,6,2,41,7,-1,-1,-1,-1,-1
201414C137014,1,9,0,18,0,8,0,0,0,0,1,1,6,1,22,5,1199,1,11,3,1
201414C137014,2,9,0,4,0,8,0,0,0,0,3,1,6,1,48,8,1956,2,2,5,3
201414C137114,1,9,0,7,0,3,0,0,0,0,2,1,6,1,30,6,1999,1,13,1,1
201414C137114,2,9,0,7,0,3,0,0,0,0,1,1,6,1,24,5,1968,2,8,1,1
201414C137414,1,9,0,18,0,0,0,0,0,0,1,1,6,1,50,8,2300,1,14,2,1
201414C137414,2,9,0,18,0,0,0,0,0,0,1,1,6,1,-1,-1,1497,1,13,3,1
201414C137714,1,9,0,18,0,0,0,0,0,0,2,1,6,1,36,7,1560,2,3,-1,-1
201414C137714,2,9,0,18,0,0,0,0,0,0,2,1,6,2,26,6,1242,1,10,8,1
201414C137714,3,9,0,18,0,0,0,0,0,0,1,1,6,1,57,9,2191,2,1,9,1
201414C137814,1,9,0,17,0,0,2,0,1,11,1,1,6,1,29,6,2982,2,-1,8,1
201414C138114,1,9,0,18,0,0,0,0,0,0,1,1,6,1,43,7,1896,2,10,2,1
201414C138114,2,9,0,2,0,0,0,0,0,0,1,1,6,3,-1,-1,1997,1,14,-1,-1
201414C138314,1,9,0,18,0,0,0,0,0,0,1,1,6,2,27,6,1896,2,10,4,1
201414C139014,1,9,0,3,0,0,0,0,0,0,1,1,6,3,-1,-1,-1,-1,-1,8,1
201414C139014,2,2,0,1,0,0,0,0,0,0,2,1,6,2,-1,-1,49,1,-1,8,1
201414C139214,1,3,0,18,0,0,0,0,0,0,1,1,1,1,24,5,125,1,-1,7,1
201414C139214,2,9,0,2,0,0,0,0,0,0,2,1,6,1,18,4,998,1,14,3,1
201414C139414,1,9,0,16,0,0,1,0,7,0,1,1,6,3,-1,-1,-1,-1,-1,-1,-1
201414C139914,1,9,0,12,0,0,2,0,0,0,1,1,6,1,52,8,1988,2,10,5,3
201414C139914,2,9,0,18,0,0,0,0,0,0,1,1,6,1,43,7,2488,2,8,7,1
201414C140014,1,9,0,18,0,0,1,0,1,4,2,1,6,2,28,6,1598,1,11,4,2
201414C140514,1,9,0,7,0,5,1,0,7,1,1,1,6,1,22,5,1199,1,13,1,1
201414C140814,1,9,0,17,0,0,0,0,0,0,3,1,6,2,43,7,1796,1,10,5,1
201414C140814,2,3,0,16,0,0,1,0,0,0,2,1,6,1,17,4,120,1,-1,2,1
201414C140914,1,9,0,3,0,6,0,0,0,0,3,1,3,2,64,9,1368,1,4,2,1
201414C140914,2,1,0,14,0,1,0,0,0,0,1,1,6,1,39,7,-1,-1,-1,1,1
201414C141114,1,3,0,16,0,8,2,0,0,0,0,1,6,1,33,6,124,1,14,1,1
201414C141114,2,9,0,17,0,8,0,0,0,0,0,1,6,3,-1,-1,-1,-1,-1,-1,-1
201414C141214,1,9,0,18,0,0,0,0,0,0,3,1,2,2,27,6,1968,2,-1,9,1
201414C141214,2,20,0,18,0,0,0,0,0,0,1,1,1,1,-1,-1,-1,-1,-1,-1,-1
201414C141314,1,9,0,3,0,1,0,0,0,0,2,1,6,1,29,6,1560,2,2,5,1
201414C141314,2,2,0,18,0,1,1,0,0,0,4,1,6,1,30,6,-1,-1,-1,6,1
201414C141414,1,9,0,18,0,1,0,0,0,0,1,1,1,1,41,7,1997,2,11,1,1
201414C141414,2,9,0,7,0,5,0,0,0,0,1,1,6,1,17,4,2982,2,3,2,1
201414C141714,1,9,0,9,0,8,0,0,0,0,4,1,6,2,18,4,998,1,7,7,1
201414C141714,2,9,0,18,0,8,0,0,0,0,1,1,6,1,29,6,-1,-1,-1,1,1
201414C141914,1,9,0,18,0,1,0,0,0,0,1,1,6,1,55,8,1998,1,15,8,1
201414C141914,2,9,0,9,0,8,0,0,0,0,1,1,6,1,55,8,1896,2,7,3,1
201414C142014,1,9,0,4,0,0,0,0,0,0,2,1,1,1,33,6,1956,2,3,3,1
201414C142014,2,9,0,18,0,0,0,0,0,0,1,1,6,2,30,6,1995,1,12,2,1
201414K000114,1,9,0,18,0,8,0,0,0,0,4,1,2,2,35,6,1598,1,5,1,1
201414K000114,2,9,0,18,0,8,0,0,0,0,3,1,1,2,44,7,1390,1,4,9,1
201414K000214,1,9,0,17,0,0,1,0,7,4,4,1,6,1,20,4,1242,1,7,1,1
201414K000214,2,9,0,17,0,0,0,0,0,0,0,1,1,1,39,7,2993,2,4,1,1
201414K000414,1,9,0,18,0,1,0,0,0,0,4,1,6,1,20,4,2457,1,8,1,1
201414K000414,2,9,0,18,0,6,0,0,0,0,3,1,6,1,72,10,1781,1,12,1,1
201414K000414,3,9,0,18,0,1,0,0,0,0,0,1,1,1,36,7,2993,2,1,1,1
201414K000414,4,9,0,18,0,1,0,0,0,0,3,1,6,1,59,9,1796,1,7,3,1
201414K000514,1,9,0,18,0,0,0,0,0,0,1,1,1,1,39,7,1910,2,7,8,1
201414K000614,1,8,0,18,0,0,0,0,0,0,1,1,1,1,26,6,2402,2,10,3,1
201414K000614,2,1,0,18,0,0,0,0,7,0,3,1,6,1,15,3,-1,-1,-1,1,1
201414K000714,1,8,0,4,0,0,0,0,0,0,0,1,1,1,36,7,1997,2,12,3,1
201414K001114,1,19,0,18,0,3,0,0,0,0,1,1,2,1,45,7,1753,2,10,2,1
201414K001114,2,9,0,18,0,8,1,0,0,0,1,1,6,2,32,6,1596,1,12,9,1
201414K001814,1,9,0,18,0,4,0,0,0,0,1,1,6,1,27,6,1598,1,11,-1,1
201414K001814,2,1,0,9,0,8,0,0,0,0,2,1,6,1,40,7,-1,-1,-1,1,1
201414K002214,1,9,0,18,0,0,0,0,0,0,1,1,6,2,39,7,875,1,-1,5,1
201414K002214,2,9,0,2,0,0,0,0,0,0,1,1,6,1,30,6,1493,1,14,4,1
201414K002314,1,9,0,2,0,0,0,0,0,0,2,1,6,1,26,6,4196,1,7,10,1
201414K002314,2,9,0,18,0,0,0,0,0,0,1,1,6,1,32,6,998,1,13,3,1
201414K002414,1,9,0,13,0,1,0,0,0,0,2,1,6,3,-1,-1,-1,-1,-1,-1,-1
201414K002414,2,2,0,16,0,1,2,0,0,0,1,1,1,1,22,5,49,1,2,4,1
201414K002514,1,9,0,16,0,0,0,0,0,0,1,1,6,1,25,5,1984,1,2,7,3
201414K002514,2,9,0,16,0,0,0,10,1,10,2,1,6,1,62,9,1596,1,6,10,1
201414K003414,1,11,0,18,2,8,0,0,0,0,1,1,1,1,57,9,3900,2,8,1,1
201414K003414,2,9,0,9,0,8,0,0,3,0,1,1,6,1,20,4,998,1,3,3,1
201414K003814,1,9,0,18,0,1,0,0,0,0,1,1,6,1,41,7,1956,2,1,-1,1
201414K003914,1,9,0,18,0,8,0,0,0,0,4,1,6,1,20,4,2494,2,11,7,1
201414K003914,2,9,0,18,0,8,0,0,0,0,1,1,6,2,44,7,1598,1,4,7,1
201414K004014,1,19,0,3,0,1,0,0,0,0,3,1,1,1,45,7,10518,2,2,2,1
201414K004014,2,11,0,9,0,6,0,0,0,0,3,1,1,1,62,9,4500,2,3,1,1
201414K004514,1,9,0,8,0,8,0,0,0,0,4,1,6,1,38,7,1396,1,11,4,1
201414K004514,2,1,0,18,2,8,0,0,0,0,4,1,6,2,24,5,-1,-1,-1,8,1
201414K005614,1,9,0,18,0,1,0,0,0,0,1,1,1,1,24,5,2521,1,8,1,1
201414K005814,1,9,0,5,0,4,0,0,0,0,3,1,1,2,28,6,1399,1,6,4,1
201414K005814,2,1,0,18,0,3,0,0,0,0,4,1,1,1,49,8,-1,-1,-1,3,3
201414K006214,1,9,0,9,0,6,0,0,0,0,1,1,6,1,24,5,1753,2,15,4,1
201414K006514,1,10,0,18,0,1,0,0,0,0,3,1,1,1,67,10,1998,2,10,5,1
201414K006514,2,9,0,18,0,2,0,0,0,0,3,1,1,1,34,6,-1,-1,-1,2,1
201414K006614,1,9,0,18,0,0,0,0,0,0,4,1,1,1,18,4,2000,1,9,1,1
201414K006714,1,9,0,3,0,1,0,0,0,0,2,1,6,2,38,7,1198,1,8,9,1
201414K006714,2,9,0,18,0,1,0,0,0,0,1,1,6,2,46,8,1840,1,12,7,3
201414K006814,1,9,0,3,0,1,0,0,0,0,2,1,4,1,51,8,1686,2,10,5,3
201414K006814,2,9,0,18,0,1,0,0,0,0,1,1,6,1,21,5,1896,2,13,1,1
201414K006914,1,9,0,18,0,0,1,0,0,0,1,1,1,1,55,8,1229,1,1,10,1
201414K006914,2,1,0,18,0,0,0,0,0,0,1,1,6,2,10,2,-1,-1,-1,-1,1
201414K007214,1,9,0,4,0,1,0,0,0,0,4,1,2,2,54,8,999,1,2,9,1
201414K007814,1,9,0,9,0,2,0,0,0,0,3,1,6,1,76,11,1753,2,4,-1,1
201414K007814,2,9,0,18,0,1,0,0,0,0,1,1,6,3,-1,-1,-1,-1,-1,4,1
201414K008814,1,19,0,3,0,1,0,0,0,0,2,1,1,1,39,7,1753,2,1,1,1
201414K008814,2,9,0,18,0,1,1,0,0,0,1,1,6,3,-1,-1,1895,1,13,1,1
201414K008914,1,9,0,18,0,0,0,0,0,0,1,1,6,3,-1,-1,-1,-1,-1,-1,-1
201414K008914,2,9,0,18,0,0,0,0,0,6,2,1,6,1,17,4,1149,1,6,4,1
201414K009114,1,9,0,18,0,2,0,0,0,0,4,1,6,1,24,5,1399,2,7,5,1
201414K009414,1,9,0,18,0,0,0,0,0,0,2,1,6,1,41,7,1398,1,4,1,1
201414K009414,2,9,0,18,0,0,0,0,0,0,2,1,6,2,43,7,-1,-1,-1,5,1
201414K009414,3,9,0,18,0,0,0,0,0,0,1,1,6,1,35,6,2199,2,1,5,2
201414K009914,1,9,0,9,0,6,0,0,0,0,3,1,6,2,24,5,1360,1,12,1,1
201414K009914,2,9,0,18,0,8,0,0,0,0,1,1,6,1,51,8,1398,1,10,2,1
201414K010114,1,9,0,11,0,2,0,0,0,0,1,1,4,1,28,6,1300,1,43,4,1
201414K010114,2,9,0,4,0,2,0,0,0,0,2,1,6,3,-1,-1,-1,-1,-1,-1,-1
201414K011114,1,9,0,6,0,0,0,0,0,0,3,1,1,2,23,5,1198,1,8,10,1
201414K011114,2,1,0,13,0,0,0,0,0,0,1,1,6,1,40,7,-1,-1,-1,5,1
201414K011214,1,1,0,18,0,5,0,0,0,0,0,1,2,1,65,9,-1,-1,-1,5,1
201414K011414,1,9,0,1,0,0,0,0,0,0,2,1,2,1,36,7,-1,-1,-1,3,2
201414K011714,1,9,0,9,0,5,0,0,0,0,1,1,6,3,-1,-1,-1,-1,-1,-1,-1
201414K012214,1,9,0,18,0,1,0,0,0,0,3,1,6,2,31,6,2000,2,5,9,1
201414K012214,2,9,0,9,0,1,0,0,0,0,1,1,6,1,47,8,1598,2,1,-1,-1
201414K012414,1,9,0,18,0,8,0,0,0,0,1,1,6,1,76,11,1896,2,10,9,1
201414K013014,1,9,0,18,0,1,0,0,0,0,2,1,6,1,73,10,2148,2,11,3,1
201414K013014,2,9,0,18,0,1,0,0,0,0,1,1,6,3,-1,-1,1968,2,7,-1,-1
201414K013114,1,9,0,9,0,8,0,0,0,0,1,1,6,3,-1,-1,1339,1,5,-1,-1
201414K013314,1,1,0,18,0,0,0,0,0,0,1,1,2,1,27,6,-1,-1,-1,9,1
201414K013314,2,9,0,2,0,0,0,0,0,0,2,1,6,2,21,5,1124,1,8,8,1
201414K013414,1,9,0,5,0,1,0,0,0,0,2,1,6,2,39,7,2148,2,6,2,1
201414K013414,2,9,0,18,0,1,0,0,0,0,1,1,6,3,-1,-1,1598,2,1,-1,-1
201414K013514,1,9,0,18,0,8,0,0,0,0,1,1,6,1,33,6,1994,1,11,3,1
201414K013514,2,9,0,18,0,8,0,0,0,0,1,1,6,1,46,8,-1,-1,-1,2,1
201414K014814,1,9,0,14,0,0,0,0,0,0,1,1,6,2,42,7,-1,-1,-1,1,1
201414K014814,2,9,0,2,0,0,0,0,0,0,2,1,6,1,46,8,-1,-1,-1,3,3
201414K014814,3,19,0,2,0,0,0,0,0,0,4,1,6,1,38,7,1995,2,3,1,1
201414K014914,1,9,0,9,0,3,0,0,0,0,3,1,1,1,57,9,-1,-1,-1,4,1
201414K014914,2,9,0,9,0,3,0,0,1,2,4,1,1,2,27,6,1598,1,7,6,1
201414K015014,1,9,0,18,0,1,0,0,0,0,1,1,6,2,58,9,1997,2,13,1,1
201414K015114,1,9,0,9,0,5,0,0,0,0,1,1,6,1,48,8,1686,2,1,2,1
201414K015114,2,9,0,13,0,1,5,0,0,0,1,1,6,2,22,5,1332,1,17,1,1
201414K015214,1,9,0,17,0,2,1,0,0,0,1,1,2,2,29,6,1598,1,11,2,1
201414K015214,2,9,0,16,0,1,0,0,0,0,1,1,2,1,46,8,-1,-1,-1,1,1
201414K015414,1,9,0,17,0,8,1,0,1,2,1,1,1,1,43,7,-1,-1,-1,2,1
201414K015614,1,9,0,10,0,5,0,0,0,0,2,1,6,1,26,6,2497,2,11,1,1
201414K015614,2,8,0,18,0,8,0,0,0,0,1,1,1,1,55,8,1997,2,9,1,1
201414K015814,1,9,0,14,0,1,0,0,0,0,0,1,6,1,62,9,1199,1,11,1,1
201414K016214,1,9,0,9,0,1,0,0,0,0,4,1,6,2,38,7,2295,1,15,1,1
201414K016214,2,9,0,18,0,1,0,0,0,0,1,1,6,2,74,10,1997,2,10,7,1
201414K016314,1,11,0,2,0,2,0,0,0,0,0,1,1,1,49,8,4500,2,3,8,2
201414K016414,1,9,0,18,0,8,0,0,0,0,1,1,2,2,54,8,1368,1,1,2,1
201414K016414,2,9,0,9,0,8,0,0,0,0,1,1,6,1,49,8,1769,1,10,3,1
201414K016514,1,9,0,9,0,5,0,0,0,0,1,1,6,2,51,8,-1,-1,-1,10,1
201414K016814,1,9,0,18,0,8,0,0,7,4,2,1,1,1,28,6,1796,1,11,1,1
201414K016814,2,9,0,18,0,8,0,0,0,0,1,1,6,3,-1,-1,-1,-1,-1,-1,-1
201414K016914,1,9,0,17,0,1,0,0,0,0,1,1,6,1,30,6,1461,2,10,7,2
201414K017614,1,9,0,18,0,2,0,0,1,10,1,1,6,1,75,10,-1,-1,-1,7,2
201414K017614,2,9,0,18,0,1,1,0,0,0,1,1,2,1,59,9,1910,2,6,9,1
201414K017614,3,21,0,18,0,2,0,0,0,0,2,1,6,1,42,7,6693,2,1,5,1
201414K017814,1,9,0,18,0,1,0,0,0,0,4,1,1,1,25,5,1686,2,4,3,1
201414K018214,1,9,0,9,0,1,0,0,0,0,1,1,6,1,64,9,1598,2,2,10,1
201414K018214,2,1,0,17,0,1,0,0,0,0,1,1,6,2,29,6,-1,-1,-1,2,1
201414K018314,1,9,0,9,0,8,0,0,0,0,1,1,6,2,28,6,2792,1,13,1,1
201414K018314,2,1,0,18,0,8,0,0,0,0,1,1,6,1,32,6,-1,-1,-1,5,1
201414K018414,1,9,0,1,0,6,0,0,0,0,2,1,6,1,21,5,1968,2,1,3,1
201414K018414,2,9,0,18,0,1,0,0,0,0,1,1,6,1,25,5,1596,1,18,8,1
201414K018814,1,9,0,18,0,0,0,8,0,0,1,1,6,3,-1,-1,-1,-1,-1,-1,-1
201414K018814,2,9,0,2,0,0,0,0,0,0,3,1,6,2,23,5,2497,1,12,1,1
201414K019114,1,8,0,18,0,1,0,0,0,0,3,1,1,1,36,7,2402,2,8,1,1
201414K019114,2,9,0,5,0,1,0,0,0,0,4,1,1,1,-1,-1,-1,-1,-1,-1,-1
201414K019314,1,9,0,18,6,0,0,0,0,0,1,1,6,3,-1,-1,-1,-1,-1,-1,-1
201414K019414,1,9,0,10,0,1,0,0,0,0,2,1,3,2,36,7,1686,2,11,1,1
201414K019414,2,9,0,18,0,1,0,0,0,0,1,1,6,1,30,6,973,1,12,1,1
201414K019914,1,9,0,18,0,0,1,0,0,0,3,1,6,1,69,10,1798,1,11,7,1
201414K019914,2,21,1,11,0,0,0,0,0,0,4,1,1,1,26,6,15607,2,10,2,1
201414K020114,1,11,0,14,0,2,0,8,0,0,4,1,1,1,59,9,7300,2,12,1,1
201414K020114,2,9,0,2,0,2,0,0,0,0,3,1,1,2,43,7,1686,2,1,3,1
201414K020214,1,9,0,18,0,8,0,0,0,0,3,1,6,2,50,8,1968,2,1,9,1
201414K020214,2,9,0,18,0,8,0,0,0,0,4,1,6,1,45,7,2179,2,2,7,3
201414K020314,1,9,0,18,0,8,0,0,0,0,1,1,6,2,38,7,2521,1,8,4,2
201414K020314,2,9,0,9,0,6,0,0,0,0,3,1,6,1,44,7,1299,1,12,1,1
201414K020414,1,9,0,3,0,4,0,0,0,0,1,1,6,2,52,8,998,1,6,1,1
201414K020414,2,3,0,5,0,4,0,0,0,0,2,1,6,1,24,5,124,1,5,1,1
201414K020514,1,8,0,9,0,6,0,0,0,0,4,1,6,3,-1,-1,-1,-1,-1,-1,-1
201414K020614,1,9,0,18,0,0,0,0,0,0,1,1,6,1,36,7,1896,2,7,-1,-1
201414K020614,2,19,0,18,0,0,0,0,0,0,2,1,1,1,33,6,2198,2,4,6,1
201414K020714,1,9,0,18,0,1,1,0,7,0,1,1,2,2,34,6,1149,1,6,4,1
201414K020714,2,9,0,9,0,8,0,0,0,0,1,1,6,1,29,6,1896,2,9,2,1
201414K020814,1,9,0,18,0,0,0,0,0,0,1,1,6,2,69,10,-1,-1,-1,2,1
201414K020814,2,9,0,2,0,0,0,0,0,0,2,1,6,1,62,9,1398,1,12,8,1
201414K021014,1,11,0,5,0,1,0,0,0,0,1,1,1,1,31,6,4461,2,1,4,1
201414K021414,1,9,0,18,0,0,1,0,0,0,1,1,6,1,40,7,1870,2,11,3,1
201414K021414,2,9,0,4,0,0,0,0,0,0,1,1,6,1,47,8,1997,2,25,1,1
201414K021614,1,1,0,18,0,8,0,0,0,0,4,1,1,1,22,5,-1,-1,-1,1,1
201414K021614,2,8,0,7,0,4,0,0,0,0,1,1,1,1,25,5,1997,2,8,5,1
201414K021814,1,9,0,9,1,1,0,0,1,1,1,1,6,1,82,11,-1,-1,-1,7,1
201414K021814,2,9,0,4,1,1,0,0,1,1,1,1,1,1,40,7,2099,1,11,8,1
201414K022014,1,9,0,18,0,1,0,0,0,0,1,1,6,1,30,6,1753,2,7,6,1
201414K022614,1,9,0,6,0,0,0,0,0,0,3,1,1,1,32,6,1995,2,7,1,1
201414K022614,2,1,0,18,6,0,0,0,0,0,1,1,2,2,34,6,-1,-1,-1,10,1
201414K023014,1,9,0,10,0,1,0,0,0,0,4,1,2,1,65,9,1398,1,2,8,1
201414K023014,2,1,0,10,0,1,0,0,0,0,3,1,2,1,20,4,-1,-1,-1,8,1
201414K023214,1,11,0,18,0,1,0,0,0,0,0,1,1,1,53,8,6871,2,6,4,1
201414K023214,2,9,0,9,0,1,0,0,0,0,0,1,6,3,-1,-1,-1,-1,-1,-1,-1
201414K023514,1,9,0,7,0,8,0,0,0,0,4,1,1,2,34,6,1598,1,16,1,1
201414K023614,1,9,0,9,0,2,0,0,0,0,1,1,1,1,30,6,1970,1,12,6,1
201414K023714,1,9,0,17,0,0,0,0,7,4,1,1,6,1,26,6,-1,-1,-1,1,1