Accident_Index,Vehicle_Reference,Vehicle_Type,Towing_and_Articulation,Vehicle_Manoeuvre,Vehicle_Location-Restricted_Lane,Junction_Location,Skidding_and_Overturning,Hit_Object_in_Carriageway,Vehicle_Leaving_Carriageway,Hit_Object_off_Carriageway,1st_Point_of_Impact,Was_Vehicle_Left_Hand_Drive?,Journey_Purpose_of_Driver,Sex_of_Driver,Age_of_Driver,Age_Band_of_Driver,Engine_Capacity_(CC),Propulsion_Code,Age_of_Vehicle,Driver_IMD_Decile,Driver_Home_Area_Type
201414K023714,2,9,0,17,0,0,0,0,0,0,0,1,1,1,42,7,-1,-1,-1,-1,1
201414K023914,1,9,0,5,0,6,0,0,0,0,1,1,2,1,53,8,1360,1,10,1,1
201414K023914,2,3,0,17,0,8,0,0,0,0,1,1,2,1,33,6,100,1,6,1,1
201414K024014,1,9,0,10,0,8,0,0,0,0,2,1,6,2,42,7,1598,1,11,8,2
201414K024014,2,9,0,18,0,1,0,0,0,0,1,1,6,1,-1,-1,1796,1,10,3,1
201414K024114,1,9,0,17,0,0,1,0,1,11,1,1,6,2,48,8,1248,2,1,5,3
201414K024314,1,9,0,18,0,0,2,10,1,4,4,1,2,2,51,8,1124,1,18,7,1
201414K024414,1,3,0,18,0,1,2,10,0,0,0,1,2,1,21,5,123,1,32,4,1
201414K024414,2,19,0,9,0,8,0,0,0,0,0,1,4,1,50,8,2402,2,10,1,1
201414K024514,1,8,0,18,2,1,0,0,0,0,1,1,1,1,37,7,1870,2,6,2,1
201414K024514,2,8,0,9,0,2,0,0,0,0,1,1,6,1,41,7,2664,2,13,1,1
201414K024614,1,9,0,18,0,2,0,0,0,0,2,1,1,1,35,6,1995,2,9,5,1
201414K024614,2,9,0,7,0,6,0,0,0,0,1,1,1,1,25,5,-1,-1,-1,9,3
201414K024714,1,9,0,1,0,1,0,0,0,0,3,1,6,1,28,6,1995,2,11,6,1
201414K024714,2,18,0,18,1,1,0,0,0,0,1,1,1,1,43,7,-1,-1,-1,2,1
201414K024714,3,9,0,2,0,1,0,0,0,0,2,1,6,1,23,5,1560,2,2,1,1
201414K024714,4,9,0,2,0,1,0,0,0,0,4,1,6,1,47,8,2180,2,17,2,1
201414K024814,1,9,0,4,0,4,0,0,0,0,2,1,2,2,32,6,1598,1,10,-1,1
201414K024814,2,9,0,18,0,4,0,0,0,0,1,1,1,1,36,7,-1,-1,-1,1,1
201414K025114,1,11,0,18,0,8,0,0,0,0,3,1,1,1,45,7,4461,2,1,2,2
201414K025114,2,9,0,18,0,8,0,0,0,0,1,1,6,2,35,6,1229,1,6,1,1
201414K025414,1,9,0,7,0,6,0,0,0,0,1,1,6,2,-1,-1,-1,-1,-1,-1,-1
201414K025414,2,1,0,18,0,8,0,0,0,0,2,1,6,1,25,5,-1,-1,-1,2,1
201414K025614,1,9,0,5,0,4,0,0,0,0,3,1,1,2,55,8,1794,1,9,9,1
201414K025614,2,3,0,18,0,8,0,0,0,0,1,1,6,1,25,5,124,1,3,7,1
201414K026014,1,9,0,4,1,1,0,0,0,0,4,1,6,2,24,5,1398,1,3,1,1
201414K026314,1,9,0,4,0,0,0,0,0,0,1,1,6,1,83,11,1389,1,16,5,1
201414K026314,2,9,0,2,0,0,0,0,0,0,1,1,6,2,39,7,1753,2,12,5,1
201414K026614,1,9,0,18,0,8,0,10,0,0,1,1,2,1,30,6,1781,1,14,8,1
201414K026614,2,9,0,18,0,8,0,0,0,0,3,1,6,1,26,6,1910,2,7,4,1
201414K026714,1,9,0,10,0,1,0,0,0,0,2,1,6,2,42,7,998,1,1,6,1
201414K026714,2,9,0,18,0,1,0,0,0,0,1,1,6,1,24,5,1364,1,7,4,1
201414K027114,1,9,0,18,0,0,0,0,0,0,1,1,6,1,38,7,1910,2,8,6,1
201414K027114,2,9,0,4,0,0,0,0,0,0,2,1,6,1,61,9,1461,2,2,5,1
201414K027114,3,9,0,4,0,0,0,0,0,0,2,1,6,1,22,5,1896,2,8,-1,1
201414K027314,1,9,0,18,0,0,2,0,7,10,1,1,2,1,53,8,2400,2,4,8,3
201414K027614,1,9,0,18,0,1,0,0,0,0,3,1,6,1,30,6,1560,2,2,1,1
201414K027614,2,9,0,18,0,1,0,0,0,0,1,1,6,3,-1,-1,1984,1,5,-1,-1
201414K027714,1,9,0,3,0,1,0,0,0,0,4,1,3,2,29,6,1598,1,14,2,1
201414K028014,1,9,0,11,0,1,0,0,0,0,3,1,1,2,45,7,1995,1,5,8,1
201414K028014,2,9,0,18,0,1,0,0,0,0,1,1,6,3,-1,-1,-1,-1,-1,-1,-1
201414K028114,1,9,0,18,0,0,0,0,0,0,1,1,6,1,72,10,2180,2,20,1,1
201414K028314,1,9,0,9,6,0,0,0,0,0,4,1,2,1,35,6,1999,1,9,7,3
201414K028314,2,1,0,18,6,0,0,0,0,0,3,1,2,1,23,5,-1,-1,-1,4,1
201414K028714,1,9,0,9,0,2,0,0,0,0,1,1,6,2,43,7,1390,1,6,5,1
201414K028814,1,9,0,18,0,2,0,0,0,0,1,1,6,1,53,8,1968,2,3,4,1
201414K029514,1,11,0,3,0,0,0,0,0,0,0,1,1,1,40,7,-1,-1,-1,1,1
201414K029614,1,9,0,14,0,1,0,0,0,0,4,1,6,1,44,7,1399,2,11,1,1
201414K029714,1,9,0,3,0,1,0,0,0,0,2,1,6,2,22,5,1399,2,8,4,3
201414K029714,2,9,0,18,0,1,0,0,0,0,2,1,6,2,42,7,1896,2,7,2,1
201414K029714,3,9,0,18,0,1,0,0,0,0,1,1,6,2,47,8,1598,2,2,10,1
201414K030014,1,9,0,18,0,0,0,0,0,0,1,1,6,1,36,7,1598,1,13,1,1
201414K030414,1,11,0,18,0,8,0,0,0,0,4,1,1,1,36,7,4500,2,3,1,1
201414K030414,2,9,0,18,0,1,0,0,0,0,1,1,6,1,24,5,-1,-1,-1,1,1
201414K030914,1,9,0,5,0,8,0,0,0,0,1,1,6,1,37,7,1796,1,11,1,1
201414K030914,2,9,0,18,0,8,0,0,0,0,1,1,6,2,55,8,1796,1,15,1,1
201414K031314,1,9,0,9,0,1,0,0,0,0,1,1,6,1,47,8,1896,2,10,10,1
201414K031714,1,9,0,9,0,8,0,0,0,0,1,1,1,2,54,8,1360,1,9,3,1
201414K031714,2,1,0,18,0,8,0,0,0,0,1,1,1,1,35,6,-1,-1,-1,10,1
201414K032214,1,19,0,2,0,2,0,0,0,0,2,1,1,1,45,7,1870,2,11,2,1
201414K032214,2,9,0,3,0,2,0,0,0,0,1,1,6,1,82,11,1339,1,6,5,1
201414K032814,1,9,0,18,0,1,0,0,0,0,2,1,1,2,47,8,1596,1,8,1,1
201414K032814,2,9,0,18,0,1,0,0,0,0,1,1,6,3,-1,-1,-1,-1,-1,-1,-1
201414K033014,1,9,0,18,0,0,0,0,0,0,1,1,6,1,55,8,2495,1,13,4,1
201414K033114,1,9,0,3,0,1,0,0,0,0,3,1,2,2,48,8,1386,1,6,5,1
201414K033114,2,9,0,9,0,8,0,0,0,0,4,1,6,3,-1,-1,1229,1,6,-1,-1
201414K033214,1,9,0,18,0,8,0,0,0,0,1,1,6,1,29,6,998,1,12,2,1
201414K033214,2,1,0,18,0,8,0,0,0,0,4,1,6,1,28,6,-1,-1,-1,-1,1
201414K033314,1,9,0,3,0,0,0,0,0,0,2,1,1,1,30,6,-1,-1,-1,3,1
201414K033314,2,9,0,3,0,0,0,0,0,0,2,1,1,1,47,8,1795,1,16,9,1
201414K033314,3,9,0,3,0,0,0,0,0,0,1,1,6,1,24,5,1956,2,5,7,1
201414K033614,1,9,0,18,0,1,0,0,0,0,1,1,1,1,44,7,1968,2,4,1,1
201414K033814,1,9,0,1,9,2,0,0,0,0,2,1,6,2,32,6,1798,1,9,1,1
201414K033914,1,3,0,18,0,1,0,0,0,0,1,1,6,1,30,6,124,1,5,1,1
201414K033914,2,9,0,18,0,2,0,0,0,0,1,1,6,2,39,7,1798,1,7,1,1
201414K034014,1,11,0,11,0,2,0,0,0,0,4,1,1,1,54,8,-1,-1,-1,7,1
201414K034014,2,9,0,5,0,2,0,0,0,0,3,1,6,2,19,4,1242,1,12,7,1
201414K034114,1,9,0,18,0,1,0,0,0,0,3,1,6,2,57,9,1390,1,7,2,1
201414K034214,1,9,0,18,0,1,0,0,0,0,1,1,6,2,27,6,1360,1,11,2,1
201414K034214,2,1,0,18,0,3,0,0,0,0,3,1,6,1,30,6,-1,-1,-1,6,1
201414K034314,1,11,0,18,0,8,0,0,0,0,0,1,6,1,38,7,4461,2,1,1,1
201414K034414,1,21,1,18,0,0,5,0,0,9,4,1,1,1,39,7,11967,2,5,9,1
201414K034514,1,9,0,18,0,0,2,0,8,11,1,1,2,2,27,6,1360,1,10,4,1
201414K034614,1,9,0,16,0,8,1,0,1,10,2,1,6,1,19,4,1796,1,10,6,1
201414K035014,1,9,0,4,0,1,1,0,0,0,1,1,6,2,19,4,998,1,7,8,2
201414K035214,1,9,0,9,0,5,0,0,0,0,1,1,6,3,-1,-1,-1,-1,-1,-1,-1
201414K035514,1,9,0,10,0,1,0,0,0,0,2,1,6,2,42,7,1461,2,10,2,1
201414K035514,2,9,0,18,0,1,0,0,0,0,1,1,6,2,27,6,1242,1,1,7,1
201414K035614,1,9,0,9,0,6,0,0,0,0,1,1,6,2,76,11,2143,2,-1,5,1
201414K035614,2,9,0,16,0,1,0,0,0,0,3,1,6,2,48,8,1390,1,11,10,1
201414K035914,1,9,0,18,0,0,0,0,0,0,1,1,6,1,93,11,1198,1,12,10,1
201414K036114,1,9,0,4,0,0,0,0,0,0,2,1,1,1,43,7,-1,-1,-1,3,1
201414K036114,2,20,0,18,0,0,0,0,0,0,1,1,1,1,49,8,-1,-1,-1,-1,-1
201414K036414,1,9,0,18,0,2,0,7,0,0,1,1,1,1,54,8,1997,2,11,7,1
201414K036514,1,9,0,16,0,1,0,0,0,0,1,1,6,2,68,10,1242,1,3,8,1
201414K036614,1,9,0,18,0,1,0,0,0,0,1,1,6,3,-1,-1,-1,-1,-1,-1,-1
201414K037314,1,9,0,3,0,0,0,0,0,0,2,1,6,2,21,5,1598,1,12,9,1
201414K037314,2,9,0,4,0,0,0,0,0,0,1,1,6,2,21,5,1596,1,8,-1,1
201414K037414,1,9,0,3,0,1,0,0,0,0,2,1,6,1,69,10,2496,1,11,4,1
201414K037414,2,9,0,18,0,1,0,0,0,0,1,1,6,3,-1,-1,1896,2,6,-1,-1
201414K038514,1,9,0,5,0,0,0,0,0,0,1,1,3,2,34,6,1997,1,11,1,1
201414K038614,1,21,0,18,0,1,0,0,0,0,1,1,1,1,45,7,11967,2,1,-1,-1
201414K038614,2,9,0,18,0,1,0,0,0,0,1,1,6,1,21,5,1332,1,15,2,1
201414K038614,3,9,0,2,0,2,0,0,0,0,1,1,6,1,28,6,-1,-1,-1,5,1
201414K038714,1,9,0,18,0,8,0,0,0,0,1,1,6,1,30,6,1997,2,7,9,1
201414K038714,2,9,0,18,0,8,0,0,0,0,1,1,6,1,64,9,1794,1,12,10,1
201414K038814,1,9,0,14,0,0,0,0,0,0,3,1,2,1,60,9,1497,8,10,7,3
201414K039514,1,9,0,18,1,8,1,0,0,0,1,1,6,1,40,7,2143,2,3,9,3
201414K039514,2,9,0,9,1,8,1,0,0,0,4,1,6,2,34,6,1149,1,13,5,2
201414K039614,1,9,0,4,0,4,0,0,0,0,1,1,1,1,53,8,1595,1,10,6,1
201414K039614,2,9,0,8,0,4,0,0,0,0,2,1,6,1,46,8,1596,1,2,1,1
201414K039914,1,11,0,18,2,0,0,0,0,0,1,1,6,1,28,6,9000,2,4,1,1
201414K040714,1,9,0,18,0,0,0,10,0,0,3,1,6,1,19,4,1390,1,9,10,1
201414K040714,2,9,0,18,0,0,0,0,0,0,4,1,6,1,77,11,2300,1,16,7,1
201414K041114,1,9,0,18,0,0,0,0,0,0,4,1,1,2,27,6,998,1,12,5,1
201414K041414,1,9,0,3,0,4,0,0,0,0,2,1,1,2,31,6,998,1,4,8,1
201414K041414,2,9,0,18,0,4,0,0,0,0,1,1,6,1,51,8,998,1,17,2,1
201414K041514,1,9,0,18,0,1,0,0,0,0,2,1,1,2,48,8,1360,1,10,3,1
201414K041514,2,9,0,18,0,1,0,0,0,0,1,1,6,1,36,7,1598,1,4,10,1
201414K041614,1,9,0,1,0,5,0,0,0,0,2,1,6,1,33,6,1968,2,8,6,1
201414K041714,1,3,0,18,0,8,0,0,0,0,1,1,6,1,17,4,124,1,3,4,1
201414K041714,2,9,0,9,0,6,0,0,0,0,1,1,1,2,-1,-1,1598,1,13,1,1
201414K042214,1,9,0,5,0,1,0,0,0,0,3,1,2,2,45,7,-1,-1,-1,6,1
201414K042314,1,9,0,18,0,1,0,0,0,10,1,1,6,1,48,8,1364,1,8,4,2
201414K042614,1,9,0,18,0,8,0,0,0,0,1,1,6,1,22,5,1149,1,11,7,1
201414K042614,2,9,0,18,0,8,0,0,0,0,3,1,6,1,28,6,1796,1,11,2,1
201414K043414,1,9,0,2,0,0,0,0,0,0,2,1,6,1,24,5,1596,1,8,3,1
201414K043414,2,4,0,18,0,0,1,0,0,0,1,1,2,1,41,7,278,1,1,5,1
201414K043514,1,9,0,3,0,0,0,0,0,0,2,1,6,2,29,6,1998,1,10,5,1
201414K043514,2,9,0,18,0,0,0,0,0,0,1,1,1,1,26,6,1400,1,14,8,2
201414K043614,1,9,0,4,0,0,1,0,0,0,2,1,6,1,36,7,1896,2,13,2,1
201414K043614,2,9,0,4,0,0,1,0,0,0,1,1,6,1,71,10,1999,1,13,1,1
201414K043614,3,9,0,4,0,0,1,0,0,0,1,1,6,1,69,10,2993,2,1,3,3
201414K043914,1,9,0,18,0,0,0,0,3,10,2,1,6,1,30,6,2143,2,3,5,1
201414K044414,1,9,0,3,0,2,0,0,0,0,2,1,6,2,47,8,1341,1,12,-1,1
201414K044414,2,9,0,18,0,2,0,0,0,0,1,1,6,3,-1,-1,-1,-1,-1,-1,-1
201414K044514,1,11,0,18,2,0,0,0,0,0,2,1,1,1,42,7,7300,2,12,1,1
201414K044514,2,9,0,18,0,0,0,0,0,0,1,1,6,1,56,9,1995,2,2,2,1
201414K044614,1,9,0,18,0,2,0,0,0,0,1,1,1,1,41,7,1997,2,9,1,1
201414K044714,1,9,0,18,0,1,0,0,0,0,1,1,4,1,48,8,-1,1,-1,4,2
201414K044714,2,9,0,9,0,5,0,0,0,0,1,1,4,2,37,7,1198,1,5,8,1
201414K044814,1,9,0,9,0,5,0,0,0,0,1,1,1,1,49,8,1296,1,6,5,1
201414K045014,1,3,0,18,0,8,1,0,0,0,1,1,2,1,25,5,85,1,17,9,1
201414K045014,2,9,0,9,0,5,0,0,0,0,2,1,6,1,26,6,1149,1,14,10,1
201414K045214,1,5,0,9,0,1,2,0,0,0,0,1,6,1,49,8,798,1,7,9,1
201414K045214,2,9,0,7,0,8,0,0,0,0,0,1,6,1,28,6,1956,2,2,4,1
201414K045714,1,9,0,3,0,1,0,0,0,0,2,1,6,2,30,6,1149,1,9,8,1
201414K045714,2,9,0,18,0,1,0,0,0,0,1,1,6,2,74,10,1497,1,10,9,1
201414K046314,1,9,0,18,0,1,0,0,0,0,1,1,6,1,41,7,-1,-1,-1,1,1
201414K046314,2,19,0,2,0,2,0,0,0,0,1,1,6,1,54,8,2148,2,9,2,1
201414K046414,1,9,0,18,0,0,0,0,0,0,1,1,2,1,35,6,-1,-1,-1,6,1
201414K046514,1,9,0,4,0,1,0,0,0,0,2,1,2,2,34,6,1598,1,7,1,1
201414K046514,2,2,0,18,0,1,1,0,0,0,1,1,6,2,16,4,-1,-1,-1,3,2
201414K046714,1,9,0,18,0,0,0,0,0,0,1,1,6,1,69,10,1397,1,2,10,1
201414K047114,1,1,0,18,0,6,0,0,0,0,1,1,1,2,29,6,-1,-1,-1,4,1
201414K047114,2,9,0,3,0,8,0,0,0,0,1,1,6,2,63,9,3498,1,9,7,1
201414K047614,1,11,0,2,0,0,0,0,0,0,0,1,1,1,31,6,6871,2,16,6,1
201414K047814,1,9,0,18,0,1,0,0,0,0,0,1,1,2,34,6,2286,2,30,7,2
201414K047914,1,9,0,9,0,8,0,0,0,0,1,1,2,2,26,6,1229,1,8,7,1
201414K047914,2,9,0,18,0,8,0,0,0,0,1,1,6,2,24,5,1229,1,1,7,1
201414K048014,1,9,5,18,0,8,5,10,0,0,1,1,6,1,26,6,1975,1,12,6,1
201414K048014,2,9,0,18,0,8,0,0,0,0,0,1,1,1,36,7,2993,2,2,5,1
201414K048214,1,9,0,18,0,0,0,0,0,0,4,1,6,2,53,8,1242,1,10,8,1
201414K048514,1,9,0,9,1,8,0,0,0,0,1,1,6,1,47,8,1560,2,9,2,1
201414K048514,2,18,0,18,1,8,0,0,0,0,1,1,1,1,47,8,-1,-1,-1,8,1
201414K048914,1,9,0,4,0,0,0,0,0,0,1,1,1,2,45,7,1596,1,11,6,1
201414K049014,1,9,0,18,0,1,0,0,0,0,2,1,6,2,43,7,1984,1,13,1,1
201414K049014,2,9,0,18,0,1,0,0,0,0,1,1,6,1,-1,-1,1242,1,11,3,1
201414K049214,1,9,0,18,0,0,0,0,0,0,1,1,6,1,56,9,998,1,13,1,1
201414K049214,2,9,0,2,0,0,0,0,0,0,2,1,6,1,26,6,1364,1,7,1,1
201414K049214,3,9,0,2,0,0,0,0,0,0,2,1,6,1,26,6,1968,2,1,2,1
201414K049314,1,3,0,3,0,1,0,0,0,0,2,1,6,1,21,5,124,1,5,7,3
201414K049314,2,9,0,3,0,1,0,0,0,0,1,1,6,1,41,7,1896,2,12,8,1
201414K049414,1,8,0,4,0,1,0,0,0,0,1,1,1,1,21,5,2664,2,13,8,1
201414K049414,2,9,0,4,0,1,0,0,0,0,2,1,6,2,42,7,1390,1,7,10,1
201414K049514,1,9,0,18,0,1,0,0,0,0,1,1,6,1,53,8,1248,2,7,10,1
201414K049614,1,9,0,18,0,1,0,0,0,0,1,1,6,2,31,6,1753,2,12,5,1
201414K049614,2,9,0,3,0,1,0,0,0,0,2,1,6,2,31,6,1598,1,6,2,1
201414K049714,1,9,0,18,0,1,0,0,0,0,1,1,6,1,28,6,1984,1,7,2,1
201414K049714,2,19,0,18,0,1,0,0,0,0,1,1,6,1,24,5,1753,2,10,1,1
201414K049714,3,19,0,4,0,1,0,0,0,0,2,1,6,1,41,7,2402,2,10,1,1
201414K049814,1,9,0,9,0,6,0,0,2,10,1,1,6,2,25,5,1360,1,10,1,1
201414K049814,2,9,0,18,0,8,0,7,0,0,1,1,6,1,26,6,998,1,2,1,1
201414K050114,1,9,0,4,0,0,0,0,0,0,2,1,1,1,62,9,1968,2,5,1,1
201414K050114,2,9,0,4,0,0,0,0,0,0,2,1,6,1,34,6,-1,-1,-1,9,1
201414K050114,3,9,0,4,0,0,0,0,0,0,2,1,6,2,49,8,1598,1,1,9,1
201414K050114,4,9,0,4,0,0,0,0,0,0,1,1,6,1,60,9,-1,-1,-1,3,1
201414K050214,1,9,0,18,0,1,0,0,0,0,1,1,6,3,-1,-1,1781,1,29,-1,-1
201414K050214,2,2,0,9,0,1,0,0,0,0,2,1,1,1,31,6,-1,-1,-1,2,1
201414K050314,1,9,0,3,0,1,0,0,0,0,2,1,6,1,74,10,1398,1,1,9,3
201414K050314,2,21,1,4,0,1,1,0,0,0,1,1,1,1,47,8,12740,2,3,4,1
201414K050514,1,9,0,18,0,1,0,0,0,0,4,1,6,2,61,9,1596,1,2,1,1
201414K050614,1,9,0,4,0,1,0,0,0,0,1,1,6,1,34,6,1388,1,10,2,1
201414K050614,2,9,0,18,0,8,0,0,0,0,3,1,6,2,33,6,1598,1,11,1,1
201414K050714,1,9,0,18,0,0,0,0,7,10,1,1,6,1,62,9,1997,2,11,1,1
201414K050914,1,9,0,17,0,8,0,0,0,0,1,1,6,1,32,6,1753,2,13,1,1
201414K050914,2,9,0,18,0,8,0,0,0,0,3,1,6,1,55,8,1999,1,5,2,1
201414K051614,1,9,0,4,0,2,0,0,0,0,2,1,6,1,50,8,1995,2,3,5,1
201414K051614,2,1,0,18,0,2,0,0,0,0,1,1,6,1,19,4,-1,-1,-1,10,1
201414K051714,1,9,0,18,1,0,1,0,4,6,1,1,2,1,41,7,1598,1,13,2,1
201414K052114,1,9,0,18,0,8,0,0,0,0,2,1,1,1,39,7,1398,1,14,2,1
201414K052114,2,9,0,18,0,8,0,0,0,0,1,1,6,1,33,6,1896,2,10,6,1
201414K052614,1,9,0,16,0,3,0,0,0,0,3,1,6,2,38,7,1798,1,-1,8,2
201414K052614,2,9,0,11,0,3,0,0,0,0,4,1,6,1,45,7,1870,2,10,1,1
201414K052714,1,9,0,16,0,0,0,0,0,0,1,1,1,1,29,6,1364,1,7,4,2
201414K052714,2,9,0,16,0,0,0,0,0,0,2,1,1,1,53,8,1396,1,14,6,1
201414K052714,3,9,0,16,0,0,0,0,0,0,2,1,6,2,37,7,1598,1,5,5,2
201414K052714,4,9,0,16,0,0,0,0,0,0,3,1,6,2,43,7,1595,1,1,8,1
201414K052714,5,9,0,16,0,0,0,0,0,0,2,1,1,2,24,5,1198,1,2,5,1
201414K053014,1,9,0,18,0,2,0,0,0,0,1,1,6,2,54,8,1328,1,10,2,1
201414K053314,1,9,0,9,0,0,0,0,7,4,1,1,6,1,23,5,1299,1,14,1,1
201414K053414,1,9,0,4,0,1,0,0,0,0,2,1,6,1,40,7,1997,2,10,2,1
201414K053414,2,3,0,3,0,1,0,0,0,0,1,1,6,1,28,6,-1,-1,-1,-1,1
201414K053414,3,9,0,5,0,1,0,0,0,0,1,1,6,1,28,6,1400,2,8,2,1
201414K053514,1,9,0,18,0,0,0,0,0,0,1,1,3,2,32,6,1995,2,9,1,1
201414K053614,1,9,0,5,0,8,0,0,0,0,3,1,6,1,34,6,1686,2,3,5,1
201414K053614,2,9,0,9,0,8,0,0,0,0,3,1,6,1,93,11,1600,1,14,10,1
201414K053714,1,9,0,14,0,2,0,0,0,0,1,1,2,2,19,4,1388,1,7,7,1
201414K053714,2,9,0,2,0,2,0,0,0,0,0,1,6,1,28,6,1248,2,6,1,1
201414K054114,1,9,0,3,0,0,0,0,0,0,2,1,6,2,47,8,1968,2,6,8,1
201414K054114,2,9,0,3,0,0,0,0,0,0,2,1,1,1,25,5,1242,1,2,2,1
201414K054114,3,9,0,18,0,0,0,0,0,0,1,1,1,1,42,7,2987,2,1,10,1
201414K054914,1,9,0,9,0,6,0,0,0,0,3,1,2,2,31,6,1461,2,3,7,1
201414K055414,1,9,0,8,0,1,0,0,0,0,2,1,6,2,20,4,996,1,1,4,1
201414K055414,2,9,0,3,0,1,0,0,0,0,1,1,6,2,25,5,1686,2,1,2,1
201414K055614,1,9,0,18,0,4,0,0,0,0,1,1,2,1,60,9,996,1,1,9,1
201414K055614,2,9,0,18,0,8,0,0,0,0,1,1,6,1,21,5,1149,1,12,3,1
201414K056014,1,9,0,18,0,3,0,0,0,0,1,1,6,2,28,6,1798,1,7,7,1
201414K056014,2,9,0,18,0,3,0,0,0,0,4,1,6,1,32,6,1798,1,11,7,1
201414K056114,1,8,0,18,0,2,0,0,0,0,1,1,1,1,31,6,1997,2,7,5,1
201414K056114,2,9,0,18,0,1,0,0,6,0,1,1,6,3,-1,-1,1968,1,8,-1,-1
201414K056214,1,9,0,4,0,1,0,0,0,0,3,1,1,2,36,7,1598,2,-1,6,1
201414K056914,1,9,0,4,0,0,0,0,0,0,2,1,6,2,31,6,1598,1,14,4,1
201414K056914,2,2,0,18,0,0,1,0,0,0,1,1,2,1,29,6,49,1,1,-1,1
201414K057014,1,11,0,18,1,2,0,0,0,0,1,1,1,1,53,8,9600,2,15,-1,1
201414K057114,1,9,0,18,0,0,0,0,0,0,1,1,6,1,28,6,1799,1,5,4,1
201414K057114,2,9,0,18,0,0,0,0,0,0,1,1,6,1,35,6,1360,1,11,1,1
201414K057114,3,9,0,2,0,0,0,0,0,0,1,1,6,3,-1,-1,-1,-1,-1,-1,-1
201414K057214,1,8,0,18,0,8,0,0,0,0,4,1,1,1,26,6,1910,2,6,1,1
201414K057214,2,9,0,18,0,4,0,0,0,0,1,1,1,3,-1,-1,-1,-1,-1,-1,-1
201414K057514,1,9,0,15,0,0,0,7,1,10,1,1,1,1,50,8,1781,1,11,6,2
201414K058214,1,9,0,2,0,0,0,0,0,0,2,1,6,1,67,10,1289,1,17,-1,1
201414K058214,2,9,0,18,0,0,0,4,0,0,1,1,6,1,40,7,-1,-1,-1,5,1
201414K058414,1,9,0,5,0,0,0,0,0,0,1,1,6,1,84,11,1590,1,12,6,1
201414K058414,2,9,0,5,0,0,0,0,0,0,2,1,2,1,28,6,1956,2,4,2,1
201414K058414,3,9,0,2,0,0,0,0,0,0,2,1,6,2,59,9,1956,2,3,6,1
201414K058514,1,9,0,18,0,0,0,0,0,0,1,1,1,1,26,6,973,1,13,1,1
201414K058614,1,5,0,13,0,8,0,0,0,0,4,1,6,1,35,6,647,1,20,5,1
201414K058614,2,9,0,9,0,5,0,0,0,0,3,1,6,1,18,4,1560,2,7,5,1
201414K059214,1,11,0,5,0,8,0,0,0,0,1,1,1,1,27,6,4250,2,14,3,1
201414K059214,2,9,0,7,0,8,0,0,0,0,4,1,6,1,24,5,2993,2,9,5,1
201414K059514,1,9,0,10,0,1,0,0,0,0,2,1,6,1,35,6,1783,1,14,4,2
201414K059514,2,9,0,18,0,1,0,0,0,0,1,1,6,2,20,4,1199,1,11,7,1
201414K059814,1,9,0,16,0,8,0,0,0,0,1,1,1,1,49,8,1995,1,6,10,1
201414K059814,2,9,0,5,0,6,0,0,0,0,1,1,6,2,42,7,1149,1,6,10,1
201414K059914,1,1,0,9,0,1,0,0,0,0,1,1,6,1,28,6,-1,-1,-1,8,1
201414K059914,2,9,0,9,0,2,0,0,0,0,1,1,6,2,30,6,1598,2,1,1,1
201414K060114,1,20,0,18,0,0,0,0,0,0,4,1,6,1,29,6,4116,2,11,1,1
201414K060314,1,9,0,18,0,2,0,0,0,0,1,1,1,1,39,7,1587,1,14,8,1
201414K060414,1,9,0,18,0,0,0,0,0,0,2,1,1,2,26,6,1368,1,8,7,3
201414K060414,2,9,0,18,0,0,0,0,0,0,1,1,1,1,29,6,1560,2,1,8,2
201414K060614,1,9,0,2,0,0,0,0,0,0,3,1,1,2,36,7,1341,1,13,1,1
201414K060614,2,8,0,14,0,0,5,0,0,0,4,1,1,1,41,7,1995,2,3,1,1
201414K060714,1,11,0,18,0,8,1,0,0,0,1,1,1,1,36,7,7300,2,8,1,1
201414K060714,2,9,0,9,0,8,0,0,0,0,1,1,6,2,29,6,1360,1,13,5,1
201414K061214,1,8,0,9,0,5,0,0,0,0,3,1,1,1,47,8,1910,2,7,6,1
201414K061214,2,9,0,4,0,8,1,0,0,0,1,1,6,1,24,5,1198,1,10,4,1
201414K061314,1,9,0,18,0,0,0,0,0,0,1,1,6,2,20,4,1242,1,11,1,1
201414K061614,1,9,0,16,1,6,1,0,0,7,4,1,1,1,33,6,1998,1,9,7,1
201414K061914,1,9,0,9,0,5,0,0,0,0,1,1,2,2,26,6,1229,1,3,1,1
201414K062714,1,9,0,5,0,8,0,0,0,0,1,1,1,2,36,7,1598,1,1,-1,1
201414K062714,2,9,0,5,0,8,0,0,0,0,3,1,6,3,-1,-1,1840,1,15,-1,-1
201414K063214,1,9,0,18,0,8,0,0,0,0,3,1,6,1,48,8,3000,1,23,2,1