Accident_Index,Vehicle_Reference,Vehicle_Type,Towing_and_Articulation,Vehicle_Manoeuvre,Vehicle_Location-Restricted_Lane,Junction_Location,Skidding_and_Overturning,Hit_Object_in_Carriageway,Vehicle_Leaving_Carriageway,Hit_Object_off_Carriageway,1st_Point_of_Impact,Was_Vehicle_Left_Hand_Drive?,Journey_Purpose_of_Driver,Sex_of_Driver,Age_of_Driver,Age_Band_of_Driver,Engine_Capacity_(CC),Propulsion_Code,Age_of_Vehicle,Driver_IMD_Decile,Driver_Home_Area_Type
201414K063214,2,9,0,18,0,8,0,0,0,0,3,1,6,1,62,9,1198,1,-1,5,1
201414K063414,1,9,0,17,0,2,0,0,0,0,1,1,1,1,47,8,-1,-1,-1,3,1
201414K063414,2,9,0,16,0,1,0,0,0,0,1,1,6,2,33,6,1686,2,9,2,1
201414K063614,1,9,0,5,0,4,0,0,0,0,1,1,1,1,45,7,1200,1,10,9,1
201414K063714,1,9,0,9,0,5,0,0,0,0,1,1,3,2,26,6,1364,1,7,1,1
201414K063714,2,9,0,7,0,5,0,0,0,0,1,1,6,2,42,7,1229,1,6,6,1
201414K063814,1,9,0,16,0,0,0,0,7,4,4,1,2,1,30,6,1995,2,14,10,1
201414K063814,2,9,0,17,0,0,0,0,0,0,1,1,6,1,49,8,1910,2,6,6,1
201414K063914,1,9,0,9,0,2,0,0,0,0,1,1,6,3,-1,-1,-1,-1,-1,-1,-1
201414K064114,1,9,0,18,0,8,0,0,0,0,3,1,2,2,28,6,1198,1,8,7,1
201414K064314,1,9,0,16,0,1,0,0,0,0,1,1,6,2,57,9,1598,1,14,2,1
201414K064514,1,9,0,9,1,8,0,0,0,0,1,1,1,2,62,9,998,1,2,2,1
201414K064514,2,9,0,18,1,8,0,0,1,1,4,1,6,1,42,7,1968,2,3,2,1
201414K064614,1,9,0,18,0,2,0,0,0,0,1,1,6,3,-1,-1,-1,-1,-1,-1,-1
201414K064714,1,11,0,17,0,8,0,0,0,0,0,1,1,1,63,9,6871,2,7,1,1
201414K064814,1,1,0,18,4,0,0,10,1,0,0,1,6,1,49,8,-1,-1,-1,3,1
201414K064814,2,11,0,13,4,0,0,0,0,0,0,1,1,3,-1,-1,-1,-1,-1,-1,-1
201414K065214,1,11,0,4,0,2,0,0,0,0,0,1,1,1,51,8,4461,2,1,1,1
201414K065714,1,9,0,5,0,0,0,0,0,0,3,1,2,1,40,7,1124,1,8,-1,1
201414K065714,2,9,0,14,0,0,1,0,7,10,1,1,2,1,58,9,-1,-1,-1,4,1
201414K065814,1,11,0,2,0,0,0,0,0,0,0,1,1,1,41,7,9600,2,15,1,1
201414K066214,1,9,0,18,0,1,0,0,0,0,3,1,6,2,73,10,796,1,7,7,1
201414K066214,2,9,0,2,0,1,0,0,0,0,0,1,6,1,45,7,1896,2,11,8,1
201414K066314,1,9,0,18,0,8,0,0,0,0,1,1,6,1,79,11,1598,1,3,1,1
201414K066314,2,9,0,18,0,8,0,0,0,0,3,1,6,1,66,10,1991,2,13,6,3
201414K066314,3,9,0,18,0,1,0,0,0,0,1,1,6,1,60,9,-1,-1,-1,2,1
201414K067414,1,9,0,9,0,5,0,0,0,0,4,1,1,1,47,8,1896,2,7,3,1
201414K067414,2,1,0,18,4,8,5,0,0,0,1,1,4,1,18,4,-1,-1,-1,10,1
201414K067514,1,9,0,7,0,6,0,0,0,0,3,1,6,1,85,11,1299,1,13,3,1
201414K067514,2,9,0,17,0,8,0,0,0,0,4,1,6,2,20,4,1242,1,17,3,1
201414K067614,1,9,0,1,0,1,0,0,0,0,2,1,6,1,50,8,1108,1,17,5,1
201414K067814,1,11,0,5,0,1,0,0,0,0,3,1,1,1,28,6,7300,2,12,1,1
201414K067814,2,19,0,11,0,1,0,0,0,0,4,1,6,1,51,8,2446,2,14,4,1
201414K068014,1,9,0,9,9,2,0,0,0,0,4,1,6,3,-1,-1,-1,-1,-1,-1,-1
201414K068214,1,9,0,18,0,1,0,0,0,0,1,1,6,1,59,9,1796,1,11,5,1
201414K069314,1,9,0,18,0,8,0,0,0,0,1,1,6,1,69,10,1975,1,10,1,1
201414K069314,2,9,0,9,0,8,0,0,0,0,4,1,1,1,22,5,1332,7,6,7,3
201414K069514,1,9,0,18,0,0,0,0,0,0,4,1,6,1,51,8,1997,2,13,5,1
201414K069514,2,9,0,18,0,0,0,0,0,0,1,1,6,1,33,6,-1,-1,-1,1,1
201414K070014,1,9,0,5,0,1,0,0,0,0,4,1,1,1,61,9,1995,1,9,10,1
201414K070014,2,1,0,18,0,1,0,0,0,0,4,1,1,1,34,6,-1,-1,-1,1,1
201414K070314,1,9,0,4,0,8,0,0,0,0,4,1,4,1,24,5,2231,2,1,1,1
201414K070514,1,9,0,18,0,0,0,0,0,0,1,1,6,3,-1,-1,-1,-1,-1,-1,-1
201414K070614,1,9,0,9,0,8,0,0,0,0,3,1,2,2,35,6,1587,1,9,6,1
201414K070614,2,9,0,18,0,8,0,10,0,0,1,1,6,1,30,6,1598,1,9,2,1
201414K070914,1,8,0,18,0,8,0,0,0,0,1,1,1,1,43,7,2402,2,8,1,1
201414K070914,2,9,0,9,0,6,0,0,0,0,1,1,6,1,32,6,998,1,13,2,1
201414K071514,1,9,0,3,0,1,0,0,0,0,2,1,6,1,37,7,998,1,11,-1,1
201414K071514,2,9,0,18,0,1,0,0,0,0,1,1,6,1,40,7,1397,1,10,2,1
201414K071914,1,1,0,18,0,0,0,0,0,0,3,1,6,1,69,10,-1,-1,-1,10,1
201414K071914,2,11,0,18,0,0,0,0,0,0,2,1,1,1,-1,-1,9600,2,15,4,1
201414K072114,1,9,0,18,0,2,0,0,0,0,3,1,6,1,31,6,998,1,13,1,1
201414K072414,1,8,0,4,0,0,0,0,0,0,2,1,1,1,51,8,1910,2,7,1,1
201414K072414,2,9,0,4,0,0,0,0,0,0,1,1,6,1,25,5,-1,-1,-1,3,1
201414K072914,1,9,0,18,0,1,1,0,0,0,1,1,6,1,27,6,1598,1,13,4,1
201414K073114,1,11,0,18,1,0,0,0,0,0,1,1,1,1,61,9,7300,2,12,1,1
201414K073114,2,19,0,3,1,0,0,0,0,0,2,1,1,1,55,8,-1,-1,-1,5,1
201414K073114,3,9,0,3,1,0,0,0,0,0,2,1,6,1,50,8,1870,2,9,5,1
201414K073314,1,9,0,5,0,8,0,0,0,0,2,1,6,2,54,8,1968,2,3,3,1
201414K073314,2,9,0,5,0,4,0,0,0,0,1,1,6,2,48,8,1248,1,1,6,1
201414K073414,1,9,0,3,0,0,0,0,0,0,4,1,2,2,50,8,1598,1,12,1,1
201414K073514,1,4,0,18,0,1,0,0,0,0,3,1,6,1,20,4,-1,-1,-1,1,1
201414K073514,2,9,0,18,0,1,0,0,0,0,4,1,6,1,59,9,1997,2,5,9,1
201414K073814,1,8,0,17,0,8,0,0,0,0,3,1,1,1,45,7,2402,2,12,-1,1
201414K073814,2,19,0,9,0,6,0,0,0,0,1,1,6,1,47,8,2198,2,1,1,1
201414K074214,1,1,0,18,0,0,1,0,0,0,1,1,6,1,30,6,-1,-1,-1,-1,1
201414K074214,2,9,0,4,0,0,0,0,0,0,2,1,6,2,19,4,1498,1,8,10,1
201414K074514,1,9,0,9,0,6,0,0,0,0,3,1,6,2,46,8,1149,1,4,7,1
201414K074514,2,5,0,18,0,1,0,0,0,0,1,1,6,1,24,5,599,1,4,1,1
201414K075014,1,1,0,18,0,0,0,0,0,0,3,1,6,1,45,7,-1,-1,-1,2,1
201414K075014,2,11,0,13,0,0,0,0,0,0,4,1,1,1,-1,-1,-1,-1,-1,1,1
201414K075114,1,9,0,9,0,5,0,0,0,0,1,1,6,3,-1,-1,-1,-1,-1,-1,-1
201414K075214,1,9,0,18,0,1,0,0,0,0,1,1,6,1,31,6,2598,1,19,6,1
201414K075214,2,9,0,9,0,1,0,0,0,0,1,1,6,1,34,6,1498,1,-1,1,1
201414K075414,1,9,0,9,0,1,0,7,0,0,1,1,6,1,60,9,1870,2,9,4,1
201414K075514,1,9,0,3,0,8,0,0,0,0,2,1,1,2,54,8,1975,1,5,8,2
201414K075514,2,9,0,18,0,8,0,0,0,0,1,1,6,2,35,6,1242,1,9,3,2
201414K075814,1,9,0,5,0,6,0,0,0,0,3,1,6,2,45,7,1242,1,6,3,1
201414K075814,2,9,0,18,0,8,0,0,0,0,1,1,6,3,-1,-1,1796,1,13,-1,-1
201414K076014,1,11,0,2,0,0,0,0,0,0,0,1,1,1,39,7,4250,2,-1,7,1
201414K076214,1,9,0,3,0,1,0,0,0,0,2,1,6,2,53,8,1896,2,11,9,1
201414K076214,2,9,0,4,0,1,0,0,0,0,1,1,6,1,24,5,1229,1,1,8,2
201414K076314,1,9,0,18,0,8,0,0,0,0,3,1,6,2,65,9,998,1,12,1,1
201414K076314,2,9,0,9,0,6,0,0,0,0,1,1,6,1,48,8,1590,1,12,10,1
201414K077214,1,1,0,18,0,1,1,0,0,0,4,1,6,2,51,8,-1,-1,-1,10,1
201414K077214,2,11,0,18,0,1,0,0,0,0,3,1,1,1,47,8,6871,2,7,8,1
201414K077314,1,11,0,5,3,2,0,0,0,0,4,1,1,1,31,6,8268,2,13,-1,1
201414K077314,2,1,0,18,3,1,0,0,0,0,1,1,6,1,12,3,-1,-1,-1,1,1
201414K077814,1,9,0,1,0,1,0,0,0,0,2,1,6,3,-1,-1,-1,-1,-1,-1,-1
201414K077914,1,9,0,9,0,8,0,0,0,0,1,1,3,2,42,7,1242,1,3,9,1
201414K077914,2,1,0,18,0,8,0,0,0,0,3,1,6,1,20,4,-1,-1,-1,9,1
201414K078114,1,9,0,3,0,1,0,0,0,0,2,1,6,2,36,7,1399,1,3,1,1
201414K078114,2,9,0,3,0,1,0,0,0,0,1,1,6,2,31,6,1968,2,2,10,1
201414K078214,1,9,0,18,0,1,0,0,0,0,1,1,2,1,46,8,-1,-1,-1,7,1
201414K078214,2,9,0,6,0,1,0,0,7,0,3,1,6,1,33,6,1341,1,10,6,1
201414K078414,1,9,0,9,0,6,0,0,0,0,3,1,6,1,74,10,1598,1,3,10,1
201414K078414,2,9,0,18,0,8,0,0,0,0,1,1,2,2,24,5,1399,1,11,6,3
201414K078514,1,9,0,3,0,1,0,0,0,0,2,1,6,1,29,6,1956,2,4,3,1
201414K078514,2,9,0,18,0,1,0,0,0,0,1,1,6,1,26,6,1598,1,9,1,1
201414K078714,1,9,0,18,0,1,0,0,0,0,1,1,6,2,84,11,-1,-1,-1,10,1
201414K078914,1,9,0,6,0,8,0,0,0,0,1,1,2,1,49,8,1968,2,6,6,2
201414K078914,2,1,0,18,0,8,0,0,0,0,3,1,2,1,64,9,-1,-1,-1,-1,-1
201414K079314,1,9,0,9,0,5,0,0,0,0,4,1,6,1,78,11,1598,1,11,6,1
201414K079914,1,9,0,18,0,8,0,0,0,0,4,1,6,2,35,6,1598,1,1,6,1
201414K079914,2,1,0,18,0,8,0,0,0,0,1,1,6,1,24,5,-1,-1,-1,5,1
201414K080114,1,9,0,18,0,1,0,0,0,0,1,1,3,2,37,7,1390,1,10,1,1
201414K080114,2,9,0,4,0,1,0,0,0,0,2,1,1,2,33,6,1560,2,1,2,1
201414K080114,3,9,0,18,0,1,0,0,0,0,2,1,1,2,21,5,-1,-1,-1,7,1
201414K080314,1,9,0,18,0,1,0,0,0,0,1,1,6,1,34,6,1390,1,11,3,1
201414K080314,2,9,0,9,0,5,0,0,0,0,2,1,6,1,51,8,2494,1,15,1,1
201414K080914,1,18,0,5,1,0,0,0,0,0,0,1,6,1,45,7,-1,-1,-1,4,1
201414K081114,1,19,0,1,0,1,0,0,0,0,2,1,1,1,47,8,2198,2,2,2,1
201414K081814,1,9,0,7,1,5,2,0,2,10,1,1,6,1,38,7,998,1,10,2,1
201414K081914,1,3,0,18,0,8,0,0,0,0,1,1,6,1,18,4,125,1,4,4,1
201414K081914,2,9,0,9,0,6,0,0,0,0,3,1,1,1,27,6,1910,2,6,3,1
201414K082114,1,9,0,18,0,1,0,0,0,0,4,1,3,2,43,7,1390,1,13,8,1
201414K082614,1,9,0,2,0,2,0,0,0,0,3,1,6,1,39,7,1587,1,12,1,1
201414K082614,2,1,0,14,0,2,0,0,0,0,4,1,6,1,31,6,-1,-1,-1,3,1
201414K083514,1,1,0,12,0,0,5,0,0,0,3,1,1,2,26,6,-1,-1,-1,9,1
201414K083514,2,9,0,13,0,0,0,0,0,0,4,1,6,3,-1,-1,-1,-1,-1,-1,-1
201414K083614,1,8,0,5,0,3,0,0,0,0,1,1,1,1,53,8,2664,2,10,3,1
201414K083614,2,9,0,7,0,8,0,9,8,10,1,1,6,2,27,6,1599,1,11,6,1
201414K083714,1,9,0,18,0,1,0,0,0,0,1,1,6,1,62,9,2204,2,9,6,1
201414K083714,2,1,0,18,0,1,0,0,0,0,2,1,6,2,33,6,-1,-1,-1,9,1
201414K083914,1,9,0,9,0,8,0,0,0,0,1,1,1,1,36,7,1910,2,6,4,1
201414K083914,2,1,0,18,0,8,0,0,0,0,1,1,6,2,29,6,-1,-1,-1,8,1
201414K084214,1,9,0,18,0,8,0,0,0,0,1,1,6,2,40,7,1364,1,6,4,1
201414K084214,2,9,0,5,0,6,0,0,0,0,1,1,6,1,58,9,1975,2,16,5,1
201414K084614,1,9,0,17,0,1,0,0,0,0,1,1,6,2,29,6,1399,2,7,2,1
201414K084614,2,20,0,12,0,1,0,0,0,0,1,1,6,3,-1,-1,-1,-1,-1,-1,-1
201414K084714,1,11,0,4,0,0,0,0,0,0,0,1,1,1,56,9,4461,2,1,1,1
201414K085214,1,9,0,15,0,0,0,0,0,0,4,1,6,1,57,9,2495,2,18,1,1
201414K085514,1,9,0,18,0,8,1,0,0,0,2,1,6,2,25,5,1124,1,12,1,1
201414K085514,2,9,0,3,0,1,1,0,0,0,1,1,6,1,30,6,1896,2,5,4,1
201414K085514,3,9,0,18,0,8,0,0,0,0,1,1,6,1,26,6,1560,2,3,1,1
201414K085614,1,9,0,18,0,8,0,0,0,0,3,1,6,2,27,6,1781,1,16,1,1
201414K085614,2,9,0,9,0,8,0,0,0,0,1,1,6,2,25,5,1299,1,10,10,1
201414K086814,1,19,0,7,0,2,2,0,0,0,1,1,1,1,52,8,2151,2,11,1,1
201414K086814,2,9,0,2,0,2,0,0,0,0,1,1,6,3,-1,-1,1595,1,23,-1,-1
201414K087314,1,9,0,14,0,2,0,0,0,0,3,1,4,1,24,5,2184,2,9,9,1
201414K087314,2,5,0,13,0,2,2,4,0,0,4,1,4,1,21,5,656,1,4,5,1
201414K087314,3,9,0,2,2,2,0,0,0,0,1,1,6,2,56,9,2495,2,14,3,1
201414K087614,1,1,0,4,0,1,0,0,0,0,1,1,6,1,20,4,-1,-1,-1,9,1
201414K087614,2,9,0,4,0,1,0,0,0,0,2,1,6,2,42,7,1560,2,9,1,1
201414K087914,1,9,0,17,0,8,0,0,0,0,4,1,4,2,50,8,1149,1,6,9,1
201414K087914,2,21,1,12,0,8,0,0,0,0,3,1,1,1,40,7,-1,-1,-1,-1,-1
201414K088114,1,9,0,18,0,0,0,0,0,0,1,1,6,1,60,9,1299,1,11,6,1
201414K088614,1,9,0,7,0,6,0,0,0,0,1,1,1,1,43,7,1956,2,3,2,1
201414K088614,2,9,0,17,0,8,0,0,1,1,4,1,6,2,62,9,-1,-1,-1,7,1
201414K089414,1,9,0,5,0,0,0,0,0,0,0,1,6,2,65,9,1598,1,11,8,1
201414K089714,1,9,0,18,0,4,0,0,0,0,1,1,6,3,-1,-1,-1,-1,-1,-1,-1
201414K089714,2,1,0,18,0,8,0,0,0,0,1,1,1,1,42,7,-1,-1,-1,10,1
201414K089814,2,9,0,18,0,0,0,0,0,0,1,1,6,2,34,6,1796,1,12,2,1
201414K090114,1,9,0,9,0,8,0,0,0,0,1,1,6,2,22,5,1360,1,14,-1,1
201414K090114,2,9,0,18,0,8,0,0,0,0,3,1,6,2,40,7,1910,2,12,8,1
201414K090514,1,9,0,18,0,0,0,0,0,0,3,1,6,2,44,7,-1,-1,-1,6,3
201414K090514,2,9,0,18,0,0,1,0,0,0,1,1,6,2,41,7,1360,1,10,2,1
201414K090614,1,9,0,8,0,5,0,0,0,0,1,1,6,2,44,7,1364,1,5,2,1
201414K090614,2,9,0,18,0,6,1,0,0,0,1,1,6,1,18,4,1198,1,9,3,1
201414K090914,1,9,0,1,8,1,0,0,0,0,2,1,1,1,27,6,1910,2,6,3,1
201414K091514,1,9,0,18,0,2,0,0,0,0,1,1,1,2,22,5,1968,2,3,4,1
201414K091714,1,9,0,17,0,0,0,0,0,0,1,1,2,2,65,9,1398,2,7,2,1
201414K091814,1,9,0,16,0,0,0,0,7,2,1,1,6,1,75,10,-1,-1,-1,2,1
201414K091914,1,9,0,4,0,8,0,0,0,0,1,1,2,1,18,4,1086,1,9,8,1
201414K091914,2,1,0,5,0,6,0,0,0,0,3,1,6,1,17,4,-1,-1,-1,6,1
201414K092214,1,8,0,5,1,1,0,0,0,0,2,1,1,1,44,7,1560,2,6,2,1
201414K092714,1,9,0,4,0,0,0,0,0,0,1,1,1,2,35,6,2993,2,1,-1,1
201414K092714,2,9,0,2,0,0,0,0,0,0,2,1,4,1,50,8,1998,1,17,1,1
201414K092914,1,19,0,18,1,1,0,0,0,0,4,1,1,1,20,4,2287,2,3,2,1
201414K093214,1,9,0,12,0,8,0,0,0,0,3,1,6,2,23,5,-1,-1,-1,-1,-1
201414K093214,2,9,0,18,0,8,0,0,0,0,4,1,6,1,50,8,1598,1,11,1,1
201414K093314,1,1,0,18,0,2,0,8,0,0,1,1,2,2,53,8,-1,-1,-1,4,1
201414K093314,2,8,0,2,6,2,0,0,0,0,3,1,1,1,34,6,2499,2,6,5,1
201414K094114,1,9,0,18,0,1,1,0,1,0,1,1,1,1,23,5,1598,2,2,8,1
201414K094114,2,9,0,10,0,1,1,0,0,0,2,1,6,2,48,8,998,1,6,5,1
201414K094114,3,9,0,10,0,1,0,0,0,0,2,1,6,1,38,7,-1,-1,-1,5,1
201414K094214,1,9,0,18,0,1,0,0,0,0,1,1,6,1,21,5,1399,2,8,4,1
201414K094514,1,9,0,17,0,8,0,0,0,0,3,1,6,2,55,8,1796,1,23,-1,1
201414K094514,2,9,0,9,0,5,0,0,0,0,3,1,6,2,25,5,1388,1,10,-1,-1
201414K094614,1,9,0,1,0,1,0,0,0,0,2,1,6,3,-1,-1,-1,-1,-1,-1,-1
201414K094714,1,19,0,18,1,8,0,0,0,0,4,1,6,1,44,7,2198,2,2,6,1
201414K094714,2,5,0,18,1,8,0,0,0,0,1,1,6,1,38,7,937,1,20,1,1
201414K094814,1,1,0,18,1,0,1,0,0,0,3,1,6,1,49,8,-1,-1,-1,4,1
201414K095514,1,9,0,5,0,6,0,0,0,0,1,1,6,1,25,5,-1,-1,-1,1,1
201414K095514,2,1,0,18,0,8,0,0,0,0,1,1,6,1,44,7,-1,-1,-1,1,1
201414K095614,1,9,0,18,0,6,0,0,0,0,1,1,2,2,38,7,1248,2,6,6,1
201414K095614,2,1,0,18,0,8,0,0,0,0,4,1,2,1,40,7,-1,-1,-1,9,1
201414K095814,1,9,0,1,6,0,0,0,0,0,2,1,6,1,48,8,1968,2,7,4,1
201414K096514,1,9,0,16,0,3,1,0,2,7,1,1,6,1,22,5,1796,1,9,9,1
201414K097314,1,9,0,4,9,0,0,0,0,0,3,1,6,1,27,6,1598,1,12,5,1
201414K097314,2,9,0,4,9,0,0,8,0,0,1,1,6,1,48,8,1248,2,2,6,1
201414K097414,1,9,0,18,0,8,0,0,0,0,1,1,6,1,82,11,898,1,-1,7,1
201414K097414,2,22,0,9,0,6,0,0,0,0,1,1,6,1,67,10,-1,-1,-1,5,1
201414K097514,1,3,0,18,9,1,0,0,1,10,1,1,6,1,26,6,125,1,11,1,1
201414K098014,1,11,0,18,0,0,0,0,0,0,0,1,1,1,30,6,4500,2,2,1,1
201414K098714,1,9,0,9,0,5,0,0,0,0,4,1,6,2,41,7,1998,1,12,2,1
201414K098714,2,3,0,18,0,8,0,0,0,0,1,1,6,1,21,5,124,1,10,10,1
201414K099114,1,11,0,18,0,0,0,0,0,0,3,1,1,1,59,9,4500,2,2,6,1
201414K099114,2,9,0,12,0,0,0,0,0,0,3,1,6,1,84,11,1242,1,1,8,1
201414K099314,1,9,0,4,0,2,0,0,0,0,3,1,6,1,36,7,1995,2,8,1,1
201414K099314,2,1,0,18,0,1,0,0,0,0,1,1,6,1,32,6,-1,-1,-1,2,1
201414K099614,1,3,0,18,0,0,0,0,0,0,1,1,6,1,22,5,124,1,-1,6,1
201414K099614,2,1,0,18,0,0,0,0,0,0,1,1,6,1,16,4,-1,-1,-1,7,1
201414K099714,1,9,0,9,0,8,0,0,0,0,4,1,6,2,40,7,1242,1,12,3,1
201414K099714,2,9,0,9,0,8,0,0,0,0,3,1,6,1,48,8,1598,1,5,3,1
201414K099814,1,9,0,9,0,5,0,0,0,0,1,1,6,1,57,9,1493,2,5,9,1
201414K099814,2,1,0,18,0,8,0,0,0,0,1,1,6,1,45,7,-1,-1,-1,6,1
201414K099914,1,9,0,9,0,5,0,0,0,0,4,1,6,1,42,7,1796,1,10,6,1
201414K099914,2,9,0,18,0,8,0,0,0,0,1,1,2,2,39,7,993,1,12,7,1
201414K100714,1,9,0,18,0,8,0,0,0,0,4,1,6,2,65,9,1296,1,6,1,1
201414K100714,2,9,0,18,0,8,0,0,0,0,1,1,6,1,30,6,1560,2,1,2,1
201414K100814,1,19,0,16,0,8,0,0,0,0,4,1,1,1,53,8,2402,2,4,1,1
201414K100814,3,9,0,5,0,6,0,0,0,0,1,1,1,1,54,8,1968,2,3,9,1
201414K101314,1,9,0,18,0,1,1,0,0,0,0,1,3,2,37,7,2401,2,8,6,1
201414K101314,2,9,0,5,0,2,0,0,0,0,0,1,6,1,50,8,1794,1,13,4,1
201414K101414,1,9,0,14,0,1,0,0,0,0,1,1,6,2,51,8,1329,1,-1,9,1
201414K101514,1,9,0,9,0,6,0,0,0,0,1,1,6,1,78,11,1598,1,8,6,1
201414K101714,1,19,0,9,8,0,0,0,0,0,3,1,1,1,31,6,2198,2,7,5,1
201414K101714,2,3,0,4,0,0,0,0,0,0,1,1,6,1,22,5,125,1,3,7,1
201414K101814,1,9,0,9,0,8,0,0,0,0,1,1,4,2,20,4,1299,1,11,3,1
201414K101814,2,9,0,18,0,8,0,0,0,0,1,1,6,2,38,7,1400,1,8,10,1
201414K102614,1,1,0,18,4,1,0,0,0,0,1,1,2,2,33,6,-1,-1,-1,10,1
201414K102614,2,9,0,18,0,1,0,0,0,0,1,1,6,2,52,8,1988,1,12,9,1
201414K103014,1,9,0,18,0,8,0,0,8,4,1,1,6,1,38,7,-1,-1,-1,1,1
201414K103014,2,9,0,18,0,8,0,0,1,0,1,1,6,2,82,11,1124,1,12,10,1
201414K103114,1,9,0,5,0,0,0,0,0,2,1,1,6,1,41,7,-1,-1,-1,1,1
201414K103314,1,9,0,18,0,1,0,0,0,0,3,1,6,2,24,5,1364,1,6,5,1
201414K103314,2,9,0,12,0,1,0,0,0,0,1,1,6,1,-1,-1,1598,1,12,8,1
201414K103914,1,9,0,18,0,1,0,0,0,0,2,1,2,2,50,8,1995,2,3,6,1
201414K103914,2,3,0,18,0,1,1,0,0,0,1,1,2,1,47,8,124,1,2,5,1
201414K104214,1,9,0,18,0,8,0,0,0,0,1,1,6,2,72,10,1997,2,10,6,1
201414K104214,2,9,0,9,0,8,0,0,0,0,4,1,3,1,39,7,1596,1,3,3,1
201414K104314,1,9,0,18,0,2,0,7,7,1,1,1,6,2,45,7,1598,1,6,2,1
201414K104414,1,8,0,5,0,0,0,0,0,0,1,1,1,1,45,7,2685,2,10,-1,1
201414K105314,1,9,0,3,0,1,0,0,0,0,1,1,6,2,22,5,1124,1,6,1,1
201414K105314,2,9,0,1,0,1,0,0,0,0,2,1,6,1,37,7,1797,8,3,6,1
201414K105414,1,9,0,4,0,0,0,0,0,0,2,1,6,1,41,7,1956,2,2,2,1
201414K105414,2,21,0,4,0,0,1,0,0,0,1,1,1,1,45,7,5480,2,14,2,1
201414K106914,1,9,0,18,0,8,0,0,0,0,4,1,3,1,37,7,1242,1,11,1,1
201414K106914,2,21,1,1,0,6,0,0,4,0,1,1,6,1,24,5,-1,-1,-1,-1,-1
201414K107114,1,9,0,9,0,1,0,0,0,0,4,1,1,1,36,7,1968,2,6,1,1
201414K107114,2,9,0,18,0,1,0,0,0,0,1,1,6,1,18,4,998,1,12,7,1
201414K107214,1,9,0,9,0,8,0,0,0,0,1,1,6,2,64,9,1686,2,1,1,1
201414K107214,2,9,0,9,0,8,0,0,0,0,1,1,6,1,31,6,1560,2,6,7,1
201414K107414,1,9,0,9,0,5,0,0,0,0,1,1,6,1,20,4,1896,2,10,1,1
201414K107414,2,9,0,18,0,8,0,0,0,0,1,1,6,2,36,7,1598,2,1,1,1
201414K108414,1,1,0,18,0,1,0,0,0,0,1,1,6,1,45,7,-1,-1,-1,9,1
201414K108414,2,9,0,6,0,8,0,0,0,0,3,1,6,3,-1,-1,-1,-1,-1,-1,-1
201414K108814,1,9,0,18,0,1,0,0,0,0,4,1,6,1,26,6,1598,1,13,1,1
201414K109314,1,3,0,7,0,1,2,4,0,0,4,1,6,1,19,4,124,1,1,4,1
201414K109314,2,9,0,2,0,1,0,0,0,0,3,1,6,2,29,6,1390,1,14,4,1
201414K109414,1,9,0,18,0,8,0,0,0,0,1,1,1,1,52,8,2204,2,6,5,1
201414K109414,2,1,0,18,0,8,0,0,0,0,2,1,6,1,21,5,-1,-1,-1,8,1
201414K109514,1,9,0,18,0,8,0,0,0,0,1,1,6,3,-1,-1,1587,1,15,-1,-1
201414K109514,2,1,0,18,0,8,0,0,0,0,1,1,6,1,20,4,-1,-1,-1,2,1
201414K109814,1,9,0,5,0,8,0,0,0,0,4,1,1,2,35,6,998,1,3,7,1
201414K109814,2,1,0,18,0,8,0,0,0,0,1,1,6,2,61,9,-1,-1,-1,8,1
201414K110014,1,19,0,17,1,1,1,0,1,5,1,1,1,1,30,6,-1,-1,-1,2,1
201414K110114,1,9,0,3,0,3,0,0,0,0,2,1,6,2,46,8,998,1,-1,1,1
201414K110114,2,9,0,18,0,3,0,0,0,0,1,1,6,1,18,4,-1,-1,-1,-1,-1
201414K110614,1,9,0,6,0,0,0,0,0,0,1,1,6,1,68,10,1895,1,14,1,1
201414K110614,2,1,0,18,0,0,0,0,0,0,4,1,2,2,39,7,-1,-1,-1,10,1
201414K110914,1,9,0,18,0,0,1,0,1,10,1,1,6,2,39,7,1995,2,10,2,1
201414K111014,1,19,0,1,0,0,0,0,0,0,2,1,1,1,54,8,-1,-1,-1,5,3
201414K111114,1,9,0,18,0,1,0,0,0,0,1,1,6,3,-1,-1,-1,-1,-1,-1,-1
201414K111214,1,9,0,18,0,1,0,0,0,0,1,1,6,1,45,7,1796,1,12,2,1
201414K111314,1,9,0,18,0,2,0,0,0,0,3,1,2,2,35,6,1229,1,7,2,1
201414K111414,1,9,0,6,0,8,0,0,0,0,3,1,6,1,46,8,1798,1,5,10,1
201414K111414,2,5,0,13,0,8,1,0,0,0,1,1,6,1,21,5,599,1,11,4,1
201414K111514,1,9,0,18,0,0,0,0,0,0,1,1,6,1,32,6,-1,-1,-1,-1,-1
201414K111914,1,9,0,18,0,2,0,0,0,0,1,1,6,1,71,10,1560,2,1,5,1
201414K112514,1,9,0,18,0,0,0,0,0,0,1,1,1,1,47,8,1598,2,4,-1,1