Accident_Index,Vehicle_Reference,Vehicle_Type,Towing_and_Articulation,Vehicle_Manoeuvre,Vehicle_Location-Restricted_Lane,Junction_Location,Skidding_and_Overturning,Hit_Object_in_Carriageway,Vehicle_Leaving_Carriageway,Hit_Object_off_Carriageway,1st_Point_of_Impact,Was_Vehicle_Left_Hand_Drive?,Journey_Purpose_of_Driver,Sex_of_Driver,Age_of_Driver,Age_Band_of_Driver,Engine_Capacity_(CC),Propulsion_Code,Age_of_Vehicle,Driver_IMD_Decile,Driver_Home_Area_Type
201414K112814,1,9,0,9,0,5,0,0,0,0,3,1,6,2,21,5,1229,1,5,10,1
201414K112914,1,9,0,2,0,0,0,0,0,0,1,1,6,2,24,5,1390,1,8,1,1
201414K112914,2,9,0,1,0,0,0,0,0,0,2,1,6,1,23,5,1398,2,12,6,1
201414K113314,1,9,0,18,0,1,0,0,0,0,2,1,6,1,39,7,1798,1,9,1,1
201414K113314,2,9,0,18,0,1,0,0,0,0,1,1,6,1,34,6,1998,1,9,6,1
201414K113414,1,9,0,4,0,1,0,0,0,0,1,1,6,1,69,10,1560,2,2,8,1
201414K113414,2,9,0,4,0,1,0,0,0,0,2,1,6,1,54,8,-1,-1,-1,2,1
201414K113514,1,9,0,18,0,1,0,0,0,0,3,1,6,3,-1,-1,-1,-1,-1,-1,-1
201414K113614,1,9,0,18,0,0,0,0,0,0,4,1,6,1,64,9,1299,1,11,1,1
201414K113614,2,9,0,1,0,0,0,0,0,0,1,1,6,1,25,5,1390,1,10,1,1
201414K113614,3,9,0,2,0,0,0,0,0,0,2,1,6,2,40,7,1995,2,10,2,1
201414K113614,4,9,0,2,0,0,0,0,0,0,2,1,6,1,34,6,-1,-1,-1,7,1
201414K113714,1,9,0,18,0,2,0,0,0,0,1,1,6,3,-1,-1,-1,-1,-1,-1,-1
201414K113914,1,11,0,18,0,1,0,0,0,0,0,1,1,1,42,7,9360,2,7,-1,-1
201414K114214,1,9,0,5,0,6,0,0,0,0,1,1,6,2,57,9,1360,1,15,4,1
201414K114214,2,9,0,4,0,8,0,0,0,0,3,1,6,2,46,8,2362,1,13,3,1
201414K114214,3,9,0,2,0,1,0,0,0,0,3,1,6,1,63,9,999,1,5,2,1
201414K114314,1,8,0,4,0,1,0,0,0,0,0,1,1,1,29,6,2664,2,13,5,1
201414K114514,1,9,0,5,0,8,0,0,0,0,2,1,6,1,32,6,1850,1,12,9,1
201414K114514,2,1,0,18,0,8,0,0,0,0,1,1,6,1,68,10,-1,-1,-1,4,1
201414K114714,1,8,0,2,0,1,0,0,0,0,3,1,1,1,63,9,1910,2,8,2,1
201414K114714,2,19,0,14,0,1,0,0,0,0,4,1,6,3,-1,-1,-1,-1,-1,3,1
201414K114814,1,9,0,16,0,3,1,10,7,10,1,1,6,1,41,7,1997,2,10,1,1
201414K115414,1,9,0,18,0,8,0,0,0,0,1,1,6,1,86,11,1390,1,13,6,1
201414K116714,1,9,0,5,0,5,0,0,0,0,1,1,6,2,20,4,998,1,9,6,2
201414K116714,2,9,0,18,0,8,0,0,0,0,4,1,6,1,54,8,1598,1,1,6,1
201414K116914,1,9,0,3,0,0,0,0,0,0,2,1,1,1,49,8,1910,2,8,1,1
201414K116914,2,9,0,3,0,0,0,0,0,0,1,1,6,1,-1,-1,1989,1,14,1,1
201414K117414,1,9,0,18,0,0,2,0,0,0,1,1,6,1,38,7,1360,1,2,8,2
201414K117414,2,9,0,2,0,0,0,0,0,0,2,1,6,2,46,8,1368,1,7,4,1
201414K117414,3,9,0,2,0,0,0,0,0,0,2,1,6,2,55,8,-1,-1,-1,4,1
201414K117814,1,9,0,9,0,0,0,0,0,0,3,1,1,1,50,8,-1,-1,-1,5,1
201414K117814,2,9,0,13,0,0,0,0,0,0,1,1,6,2,54,8,1198,1,10,6,3
201414K118614,1,9,0,18,0,1,0,0,0,0,2,1,6,2,75,10,1339,1,2,4,1
201414K118614,2,9,0,18,0,1,0,0,0,0,1,1,6,3,-1,-1,-1,-1,-1,-1,-1
201414K118714,1,9,0,3,0,0,0,0,0,0,0,1,1,1,45,7,-1,-1,-1,2,1
201414K119514,1,9,0,9,0,8,0,0,0,0,3,1,6,1,22,5,1461,2,10,5,1
201414K119514,2,9,0,18,0,8,0,0,0,0,1,1,6,1,27,6,1686,2,12,1,1
201414K119814,1,1,0,18,0,8,0,0,0,0,3,1,2,1,56,9,-1,-1,-1,4,1
201414K119814,2,9,0,18,0,3,0,0,0,0,1,1,6,3,-1,-1,-1,-1,-1,-1,-1
201414K120214,1,1,0,18,0,1,0,0,0,0,3,1,6,1,32,6,-1,-1,-1,6,1
201414K120214,2,9,0,7,0,1,0,0,0,0,4,1,6,1,25,5,1596,1,15,10,1
201414K120314,1,9,0,9,0,5,0,0,0,0,1,1,1,1,23,5,1206,1,1,4,1
201414K120314,2,1,0,16,0,1,0,0,0,0,1,1,2,1,57,9,-1,-1,-1,8,1
201414K120914,1,9,0,4,0,2,0,0,0,0,3,1,6,1,35,6,2685,2,10,1,1
201414K121014,1,3,0,18,0,0,2,10,0,0,4,1,6,1,36,7,124,1,5,6,1
201414K121014,2,9,0,18,0,0,0,0,0,0,1,1,6,3,-1,-1,-1,-1,-1,-1,-1
201414K121314,1,9,0,9,0,2,0,0,0,0,1,1,2,1,42,7,1896,2,8,9,1
201414K121314,2,1,0,18,0,8,0,0,0,0,1,1,2,1,21,5,-1,-1,-1,8,1
201414K121814,1,9,0,18,0,0,0,10,1,0,1,1,6,1,36,7,1493,1,14,-1,1
201414K121814,2,9,0,2,9,0,0,0,0,0,2,1,6,2,61,9,1560,2,6,6,1
201414K121814,3,9,0,2,0,0,0,0,0,0,2,1,6,1,-1,-1,1997,1,2,-1,1
201414K121914,1,9,0,10,0,1,0,0,0,0,2,1,6,2,42,7,1598,1,10,5,2
201414K121914,2,9,0,18,0,1,0,0,0,0,1,1,6,3,-1,-1,-1,-1,-1,-1,-1
201414K122114,1,11,0,17,0,2,0,0,0,0,0,1,1,1,62,9,4461,2,1,1,1
201414K122214,1,9,0,9,0,5,0,0,0,0,1,1,6,1,24,5,1998,2,9,3,1
201414K122214,2,5,0,14,0,8,0,0,0,0,1,1,6,1,58,9,638,1,5,6,1
201414K122314,1,11,0,5,0,0,0,0,0,0,0,1,1,1,46,8,4500,2,3,3,1
201414K122414,1,9,0,18,0,5,0,0,0,0,1,1,6,2,40,7,-1,-1,-1,-1,-1
201414K122814,1,9,0,18,0,2,0,0,0,0,1,1,2,2,60,9,1968,2,7,10,1
201414K122814,2,8,0,2,0,2,0,0,0,0,0,1,2,1,41,7,1997,2,11,3,1
201414K123014,1,11,0,18,1,0,0,0,0,0,1,1,1,1,52,8,7300,2,12,4,1
201414K123214,1,9,0,18,0,1,0,4,0,0,3,1,6,1,52,8,1870,2,11,9,1
201414K123214,2,9,0,18,0,1,0,0,0,0,4,1,6,1,64,9,1560,2,2,10,1
201414K123214,3,9,0,2,0,1,0,0,1,10,3,1,6,1,63,9,1995,2,8,5,1
201414K123214,4,9,0,2,9,1,0,0,0,0,4,1,6,3,-1,-1,1995,2,3,-1,-1
201414K123614,1,90,0,18,0,0,0,0,0,0,0,1,1,2,38,7,2461,2,6,4,1
201414K123614,2,9,0,11,0,0,0,0,0,0,0,1,6,1,53,8,3824,1,9,9,1
201414K123814,1,1,0,15,0,1,0,0,0,0,1,1,2,1,39,7,-1,-1,-1,-1,-1
201414K124014,1,8,0,17,0,0,0,0,1,11,1,1,1,1,42,7,1997,2,9,2,1
201414K124114,1,9,0,18,0,8,0,0,0,0,1,1,6,1,19,4,1798,1,4,6,1
201414K124114,2,9,0,9,0,8,0,0,0,0,4,1,6,1,21,5,1400,2,14,2,1
201414K124314,1,9,0,9,0,6,0,0,0,0,3,1,6,2,56,9,-1,-1,-1,8,2
201414K124314,2,9,0,18,0,8,0,0,0,0,1,1,6,2,60,9,1198,1,1,7,1
201414K124514,1,9,0,18,0,0,0,0,0,0,1,1,1,1,42,7,1995,2,5,9,1
201414K125314,1,9,0,18,0,0,0,0,0,0,3,1,6,1,18,4,1686,2,10,6,3
201414K125314,2,9,0,18,0,0,0,0,0,0,2,1,6,2,20,4,1242,1,3,3,2
201414K125314,3,9,0,18,0,0,0,0,0,0,2,1,6,1,59,9,1997,2,5,8,1
201414K125314,4,9,0,18,0,0,0,0,0,0,3,1,6,1,47,8,-1,-1,-1,6,1
201414K125314,5,9,0,18,0,0,1,0,0,0,1,1,6,3,-1,-1,-1,-1,-1,-1,-1
201414K125414,1,9,0,5,0,4,0,0,0,0,1,1,1,2,42,7,796,1,8,8,1
201414K125414,2,1,0,17,0,8,0,0,0,0,4,1,1,1,23,5,-1,-1,-1,2,1
201414K125814,1,9,0,9,0,2,0,0,0,0,1,1,6,1,30,6,2231,2,5,2,1
201414K126714,1,9,0,18,0,4,0,0,0,0,1,1,1,1,31,6,1598,1,6,8,1
201414K126714,2,4,0,10,0,8,0,0,0,0,4,1,1,1,41,7,249,1,6,2,1
201414K126914,1,9,0,5,0,0,0,0,0,0,1,1,6,1,44,7,1968,2,5,2,1
201414K126914,2,5,0,3,0,0,0,0,0,0,2,1,6,1,52,8,600,1,-1,1,1
201414K127314,1,9,0,17,0,1,0,0,0,0,1,1,6,2,36,7,1997,2,10,7,1
201414K127314,2,1,0,9,0,1,0,0,0,0,3,1,6,1,17,4,-1,-1,-1,4,1
201414K127414,1,9,0,18,0,6,1,0,0,0,1,1,6,1,34,6,1798,1,10,1,1
201414K127414,2,9,0,18,0,8,0,0,0,0,3,1,6,1,50,8,1242,1,9,2,1
201414K127614,1,9,0,18,0,1,2,0,0,0,1,1,2,1,21,5,998,1,10,1,1
201414K127614,2,9,0,7,0,6,0,0,0,0,3,1,6,2,32,6,1598,1,6,6,1
201414K127614,3,9,0,3,0,1,0,0,0,0,1,1,2,2,48,8,2776,2,11,8,3
201414K127714,1,9,0,4,0,0,0,0,0,0,2,1,6,2,-1,-1,1596,1,11,5,1
201414K127714,2,9,0,4,0,0,1,0,0,0,1,1,6,2,23,5,1242,1,-1,10,3
201414K127814,1,9,0,17,0,0,0,0,0,0,3,1,6,1,28,6,973,1,12,1,1
201414K127814,2,9,0,17,0,0,0,0,0,0,3,1,6,2,20,4,1149,1,7,5,1
201414K128014,1,9,0,9,0,5,0,0,0,0,1,1,6,2,22,5,1598,1,11,1,1
201414K128014,2,1,0,18,0,1,0,0,0,0,3,1,6,1,14,3,-1,-1,-1,1,1
201414K128714,1,9,0,18,0,1,1,0,6,6,1,1,6,1,18,4,1124,1,9,4,2
201414K128714,2,9,0,12,0,1,0,0,0,0,1,1,6,3,-1,-1,-1,-1,-1,-1,-1
201414K128914,1,19,0,18,0,8,1,0,3,2,4,1,6,1,24,5,2198,2,1,7,3
201414K128914,2,9,0,18,0,8,1,0,0,0,1,1,6,1,24,5,1598,1,10,-1,1
201414K129014,1,9,0,18,0,8,0,0,0,0,1,1,6,1,46,8,2184,2,9,1,1
201414K129014,2,9,0,9,0,8,0,0,0,0,4,1,6,2,57,9,1998,1,9,8,1
201414K129314,1,9,0,5,0,0,0,0,0,0,3,1,6,1,50,8,1560,2,-1,-1,1
201414K129314,2,1,0,18,0,0,0,0,0,0,1,1,6,1,7,2,-1,-1,-1,3,1
201414K129514,1,9,0,5,0,3,0,0,0,0,1,1,6,1,79,11,1390,1,2,2,1
201414K129514,2,9,0,18,0,8,0,0,0,0,3,1,6,1,33,6,999,1,7,2,1
201414K129814,1,9,0,8,0,8,0,0,0,0,4,1,6,1,41,7,-1,-1,-1,1,1
201414K129814,2,1,0,18,0,8,0,0,0,0,3,1,2,1,48,8,-1,-1,-1,6,1
201414K130314,1,9,0,18,0,1,0,0,0,0,1,1,6,1,25,5,1149,1,9,-1,1
201414K130614,1,9,0,17,0,1,0,4,2,4,4,1,6,3,-1,-1,2521,1,6,-1,-1
201414K130614,2,9,0,17,0,1,0,0,0,0,0,1,1,1,41,7,1248,2,2,6,1
201414K130614,3,9,0,2,0,1,0,0,0,0,3,1,6,1,30,6,1796,1,5,6,1
201414K131214,1,21,0,1,0,0,0,0,0,0,2,1,1,1,41,7,4461,2,5,7,1
201414K131214,2,9,0,2,9,0,0,0,0,0,2,1,6,2,51,8,1598,1,2,9,1
201414K131914,1,9,0,18,0,1,0,0,0,0,1,1,6,1,32,6,1796,1,9,4,1
201414K131914,2,9,0,2,0,2,0,0,0,0,4,1,6,1,38,7,1343,1,9,1,1
201414K131914,3,9,0,2,0,2,0,0,0,0,3,1,6,2,36,7,1390,1,11,1,1
201414K131914,4,9,0,2,0,2,0,0,0,0,1,1,6,1,43,7,-1,-1,-1,2,1
201414K131914,5,9,0,2,0,2,0,0,0,0,4,1,6,1,-1,-1,-1,-1,-1,4,1
201414K131914,6,9,0,2,0,2,0,0,0,0,3,1,6,1,41,7,1275,1,15,1,1
201414K131914,7,9,0,2,0,2,0,0,0,0,2,1,6,1,-1,-1,1242,1,16,1,1
201414K132614,1,21,0,11,0,1,0,0,0,0,4,1,1,1,43,7,6693,2,1,1,1
201414K132614,2,9,0,15,0,1,0,0,0,0,3,1,6,2,44,7,1796,1,7,1,1
201414K132714,1,9,0,4,0,0,0,0,0,0,1,1,6,1,22,5,-1,-1,-1,2,1
201414K132714,2,9,0,4,0,0,0,0,0,0,2,1,6,1,42,7,1896,2,12,3,1
201414K132814,1,9,0,18,0,8,0,0,0,0,3,1,6,1,55,8,1896,2,11,1,1
201414K132814,2,9,0,4,0,6,0,0,0,0,1,1,6,2,24,5,998,1,3,1,1
201414K132914,1,9,0,18,0,1,0,0,0,0,1,1,6,1,45,7,1229,1,6,5,1
201414K132914,2,1,0,7,0,8,0,0,0,0,1,1,6,1,17,4,-1,-1,-1,2,1
201414K133314,1,9,0,18,0,8,0,0,0,0,4,1,6,2,17,4,1360,1,5,6,1
201414K133314,2,9,0,7,0,6,0,0,0,0,1,1,6,1,25,5,1686,2,11,-1,-1
201414K133814,1,9,0,9,0,5,0,0,0,0,4,1,2,1,49,8,1796,1,4,2,1
201414K133814,2,9,0,18,0,8,0,0,0,0,1,1,1,1,45,7,1560,2,8,6,1
201414K134214,1,9,0,18,0,8,0,0,0,0,1,1,6,2,26,6,1896,2,10,7,1
201414K134214,2,9,0,9,0,8,0,0,0,0,4,1,2,1,48,8,1299,1,11,4,1
201414K134614,1,9,0,4,0,8,0,0,0,0,4,1,1,1,36,7,2231,2,8,3,1
201414K134614,2,1,0,4,0,8,1,0,0,0,4,1,2,1,19,4,-1,-1,-1,1,1
201414K134714,1,9,0,4,0,1,0,0,0,0,2,1,6,1,28,6,998,1,14,2,1
201414K134714,2,9,0,4,0,1,1,0,0,0,1,1,1,1,47,8,-1,-1,-1,4,1
201414K135214,1,1,0,13,0,0,0,0,0,0,1,1,1,1,51,8,-1,-1,-1,4,1
201414K135214,2,3,0,6,0,0,0,0,0,0,3,1,6,3,-1,-1,124,1,5,-1,-1
201414K135814,1,9,0,18,0,1,0,0,0,0,2,1,4,2,35,6,1749,1,12,2,1
201414K135814,2,9,0,18,0,1,0,0,0,0,1,1,6,1,31,6,1349,1,2,2,1
201414K135914,1,9,0,18,0,8,0,0,0,0,3,1,6,1,48,8,1461,2,2,-1,-1
201414K136314,1,9,0,18,0,1,0,0,0,0,1,1,6,3,-1,-1,-1,-1,-1,-1,-1
201414K136314,2,9,0,10,0,1,0,0,0,0,2,1,1,1,43,7,-1,-1,-1,2,1
201414K136514,1,1,0,18,0,8,0,0,0,0,3,1,6,2,22,5,-1,-1,-1,7,1
201414K136514,2,9,0,9,0,8,0,0,0,0,1,1,6,2,21,5,1896,2,9,7,1
201414K137114,1,9,0,12,0,5,1,0,0,0,1,1,2,1,28,6,1796,1,19,5,1
201414K137114,2,9,0,4,0,5,0,0,0,0,2,1,6,1,48,8,1868,2,11,7,1
201414K137214,1,9,0,3,0,0,0,0,0,0,2,1,6,1,44,7,1994,2,12,1,1
201414K137214,2,9,0,18,0,0,0,0,0,0,1,1,1,1,31,6,-1,-1,-1,2,1
201414K138414,1,1,0,3,0,4,0,0,0,0,2,1,6,1,55,8,-1,-1,-1,7,1
201414K138414,2,11,0,8,0,4,0,0,0,0,1,1,1,1,58,9,8268,2,12,2,1
201414K138914,1,9,0,10,0,1,0,0,0,0,2,1,6,1,44,7,1248,1,2,3,3
201414K138914,2,9,0,18,0,1,1,0,0,0,1,1,6,2,48,8,1397,1,13,7,3
201414K139814,1,9,0,18,0,6,0,0,0,0,1,1,2,1,60,9,1968,2,5,8,1
201414K139814,2,9,0,18,0,8,0,0,0,0,1,1,6,2,29,6,2179,2,3,-1,1
201414K140314,1,9,0,18,0,0,0,0,0,0,1,1,6,2,39,7,998,1,15,-1,1
201414K140314,2,8,0,5,0,0,0,0,0,0,1,1,1,1,22,5,-1,-1,-1,4,1
201414K140414,1,90,0,4,0,2,0,4,0,0,1,1,1,1,60,9,-1,-1,-1,7,1
201414K140414,2,9,0,2,0,2,0,4,0,0,2,1,6,1,23,5,-1,-1,-1,8,1
201414K140414,3,9,0,2,0,2,0,4,0,0,2,1,6,2,36,7,2000,2,10,1,1
201414K140414,4,9,0,2,0,2,0,4,0,0,2,1,6,1,23,5,-1,-1,-1,7,1
201414K140514,1,9,0,5,0,6,0,0,0,0,3,1,6,1,32,6,1598,1,-1,8,1
201414K140514,2,9,0,16,0,8,0,0,0,0,1,1,6,1,49,8,1995,1,5,10,1
201414K140614,1,9,0,3,0,0,0,0,0,0,2,1,2,2,21,5,1198,1,7,3,1
201414K140614,2,9,0,3,0,0,0,0,0,0,1,1,6,3,-1,-1,-1,-1,-1,-1,-1
201414K140714,1,9,0,18,0,1,0,0,0,0,1,1,6,2,31,6,2616,1,9,4,2
201414K140714,2,9,0,9,0,6,0,0,0,0,3,1,1,3,-1,-1,-1,-1,-1,-1,-1
201414K140814,1,9,0,1,0,1,0,0,0,0,2,1,6,1,-1,-1,-1,-1,-1,-1,-1
201414K141214,1,9,0,18,0,0,0,0,0,0,1,1,2,2,47,8,1299,1,11,-1,1
201414K141414,1,9,0,10,0,1,0,0,0,0,2,1,6,2,43,7,2460,2,18,6,1
201414K141414,2,9,0,18,0,1,0,0,0,0,1,1,6,1,23,5,-1,-1,-1,4,2
201414K141614,1,9,0,18,0,4,0,0,0,0,1,1,2,2,38,7,998,1,11,2,1
201414K141614,2,9,0,18,0,3,0,0,0,0,4,1,6,1,21,5,1968,2,6,7,3
201414K141714,1,21,0,9,0,5,0,0,0,0,1,1,6,1,72,10,6871,2,21,4,1
201414K141714,2,1,0,18,0,8,0,0,0,0,1,1,6,1,-1,-1,-1,-1,-1,9,2
201414K141814,1,10,0,17,0,8,0,0,0,0,1,1,6,1,54,8,-1,-1,-1,7,3
201414K141814,2,9,0,16,0,8,1,0,0,0,1,1,6,1,41,7,2982,2,19,9,1
201414K142014,1,10,0,18,0,4,0,0,0,0,1,1,1,1,49,8,2143,2,3,4,1
201414K142014,2,9,0,18,0,3,0,0,0,0,1,1,6,2,39,7,1598,1,2,8,1
201414K142914,1,9,0,18,0,0,0,0,0,0,1,1,6,2,25,5,1595,1,9,2,1
201414K143114,1,9,0,2,0,0,0,0,0,0,2,1,6,2,29,6,2148,2,6,2,1
201414K143114,2,1,0,18,0,0,0,0,0,0,1,1,2,1,30,6,-1,-1,-1,6,2
201414K143514,1,9,0,18,0,0,0,0,0,0,1,1,6,3,-1,-1,-1,-1,-1,-1,-1
201414K144114,1,9,0,18,0,1,0,0,1,10,1,1,2,2,32,6,1124,1,9,9,2
201414K144214,1,9,0,4,0,1,0,0,0,0,1,1,6,2,20,4,1199,1,13,2,1
201414K144214,2,9,0,9,0,5,0,0,0,0,3,1,6,2,42,7,1198,1,7,1,1
201414K144314,1,11,0,4,0,1,0,0,0,0,0,1,1,1,30,6,-1,-1,-1,1,1
201414K144814,1,11,0,2,0,0,0,0,0,0,0,1,1,1,50,8,7300,2,11,7,1
201414K145014,1,9,0,18,0,0,0,0,0,0,3,1,6,1,40,7,2143,2,3,10,1
201414K145014,2,9,0,18,0,0,0,0,0,0,3,1,6,3,-1,-1,-1,-1,-1,-1,-1
201414K145114,1,9,0,4,0,0,0,0,0,0,2,1,2,1,56,9,1686,2,1,6,1
201414K145114,2,9,0,4,0,0,0,0,0,0,2,1,6,2,51,8,1598,1,7,1,1
201414K145114,3,9,0,4,0,0,0,0,0,0,2,1,6,2,44,7,1596,1,7,9,1
201414K145114,4,9,0,18,0,0,0,0,0,0,1,1,6,1,59,9,1398,1,3,3,1
201414K145314,1,9,0,18,0,1,0,0,0,0,3,1,6,1,54,8,-1,-1,-1,-1,1
201414K145314,2,1,0,18,0,1,0,0,0,0,1,1,6,3,-1,-1,-1,-1,-1,-1,-1
201414K145514,1,9,0,13,0,2,1,0,0,0,1,1,6,1,84,11,1398,1,13,10,3
201414K145514,2,9,0,18,0,1,0,0,0,0,1,1,6,2,76,11,1275,1,18,7,1
201414K145514,3,9,0,2,0,1,0,0,0,0,4,1,6,2,-1,-1,1590,1,10,7,1
201414K145514,4,9,0,18,0,2,0,0,0,0,3,1,6,1,45,7,-1,-1,-1,7,1
201414K145814,1,9,0,1,0,1,0,0,0,0,2,1,6,1,48,8,1796,1,11,4,1
201414K146014,1,9,0,18,0,2,0,0,0,0,4,1,6,1,72,10,1461,2,-1,7,3
201414K146214,1,9,0,18,0,0,0,0,0,0,4,1,2,1,48,8,1840,1,16,3,1
201414K146214,2,1,0,18,0,0,0,0,0,0,1,1,6,1,20,4,-1,-1,-1,3,1
201414K146914,1,9,0,3,0,0,0,0,0,0,2,1,6,2,36,7,1910,2,9,2,1
201414K146914,2,9,0,18,0,0,1,0,0,0,1,1,6,3,-1,-1,1332,1,16,-1,-1
201414K147214,1,9,0,18,0,0,1,0,1,2,4,1,6,1,21,5,1199,1,10,1,1
201414K147414,1,20,0,9,0,1,0,0,0,0,3,1,1,1,52,8,3920,2,1,8,3
201414K147414,2,9,0,13,0,1,0,0,0,0,4,1,6,2,27,6,1298,1,14,6,1
201414K147514,1,11,0,14,0,0,0,0,0,0,0,1,1,1,36,7,4500,2,3,4,1
201414K147614,1,9,0,18,0,0,1,0,0,0,1,1,6,1,17,4,998,1,-1,1,1
201414K147614,2,9,0,18,0,0,0,0,0,0,1,1,6,2,52,8,2438,1,15,1,1
201414K147614,3,9,0,2,0,0,0,0,0,0,1,1,6,1,26,6,1497,1,11,1,1
201414K147614,4,9,0,18,1,0,0,0,0,0,0,1,1,1,46,8,2993,2,-1,3,1
201414K147914,1,8,0,1,0,2,0,0,0,0,2,1,1,1,42,7,1997,2,7,2,1
201414K147914,2,9,0,18,0,2,0,0,0,0,1,1,6,1,30,6,-1,-1,-1,2,1
201414K148214,1,2,0,18,0,1,0,0,0,0,3,1,6,1,16,4,49,1,11,7,1
201414K148214,2,9,0,9,0,8,0,0,0,0,1,1,6,1,-1,-1,1242,1,9,7,1
201414K148414,1,9,0,18,0,6,0,0,0,0,4,1,6,2,-1,-1,-1,-1,-1,-1,-1
201414K148514,1,9,0,2,0,0,0,0,0,0,4,1,6,2,33,6,1560,2,5,9,1
201414K148514,2,9,0,18,0,0,0,8,0,0,3,1,6,1,40,7,1388,1,6,4,1
201414K148614,1,9,0,3,0,1,0,0,0,0,4,1,6,1,68,10,1398,1,11,-1,1
201414K149014,1,9,0,2,0,0,0,0,0,0,0,1,4,2,29,6,1998,1,15,4,1
201414K149214,1,5,0,18,0,8,0,0,0,0,1,1,2,1,43,7,599,1,13,1,1
201414K149214,2,8,0,9,0,5,0,0,0,0,3,1,1,1,22,5,1997,2,6,-1,1
201414K149314,1,9,0,9,0,6,0,0,0,0,1,1,6,2,66,10,1399,2,2,4,2
201414K149314,2,5,0,18,0,1,0,0,0,0,1,1,6,1,33,6,999,1,14,2,1
201414K149614,1,3,0,18,0,0,0,0,0,0,4,1,6,1,27,6,100,1,8,1,1
201414K149914,1,9,0,3,0,0,0,0,0,0,3,1,2,1,43,7,1596,1,11,7,1
201414K149914,2,1,0,14,0,0,0,8,0,0,1,1,2,1,47,8,-1,-1,-1,4,1
201414K150214,1,9,0,18,0,0,0,0,0,0,1,1,6,2,48,8,1794,1,13,-1,1
201414K150314,1,9,0,18,1,1,0,0,0,0,4,1,1,2,27,6,1560,2,9,3,1
201414K150314,2,9,0,9,0,6,0,0,0,0,1,1,6,1,55,8,1998,1,10,4,1
201414K150914,1,11,0,11,0,2,0,0,0,0,3,1,1,1,35,6,9360,2,6,2,1
201414K150914,2,9,0,3,0,1,0,0,0,0,4,1,6,2,18,4,1149,1,12,4,1
201414K151014,1,9,0,9,0,8,0,0,0,0,1,1,6,1,29,6,1582,2,1,-1,1
201414K151214,1,9,0,18,0,0,0,0,0,0,0,1,6,1,50,8,1994,2,14,4,1
201414K151214,2,9,0,3,0,0,0,0,0,0,1,1,6,2,24,5,1587,1,11,2,1
201414K151214,3,9,0,18,0,0,0,0,0,0,1,1,6,1,46,8,1364,1,9,5,1
201414K151914,1,21,0,4,0,0,0,0,0,0,2,1,1,1,65,9,5480,2,8,2,2
201414K151914,2,90,0,4,0,0,0,0,0,0,1,1,2,1,25,5,270,1,1,5,1
201414K152014,1,9,0,18,0,6,0,0,0,0,1,1,2,1,35,6,1149,1,15,1,1
201414K152014,2,19,0,18,0,8,0,0,0,0,3,1,6,1,32,6,1995,2,1,-1,1
201414K152414,1,9,0,3,0,1,0,0,0,0,2,1,6,1,63,9,4367,2,2,3,3
201414K152414,2,9,0,3,0,1,0,0,0,0,2,1,6,1,29,6,1995,1,13,3,1
201414K152414,3,9,0,3,0,1,0,0,0,0,1,1,6,2,65,9,1968,2,6,6,1
201414K152614,1,1,0,18,0,1,0,0,0,0,3,1,6,2,34,6,-1,-1,-1,-1,1
201414K152614,2,9,0,18,0,1,0,0,0,0,1,1,6,3,-1,-1,-1,-1,-1,-1,-1
201414K152714,1,9,0,18,0,0,0,0,0,0,1,1,6,3,-1,-1,-1,-1,-1,-1,-1
201414K152814,1,9,0,18,0,8,0,0,0,0,4,1,6,1,53,8,1794,1,13,5,1
201414K152814,2,9,0,9,0,6,0,0,0,0,1,1,1,2,58,9,-1,-1,-1,3,1
201414K153214,1,9,0,14,0,0,0,0,0,0,2,1,6,1,56,9,1968,2,-1,10,1
201414K153414,1,9,0,7,0,5,0,0,0,0,4,1,6,2,26,6,1242,1,10,8,1
201414K153414,2,5,0,18,2,1,5,0,0,0,3,1,6,1,44,7,847,1,-1,4,1
201414K153514,1,11,0,18,0,0,0,0,0,0,0,1,1,1,25,5,9000,2,4,2,1
201414K153614,1,9,0,2,0,1,0,0,0,0,1,1,6,1,35,6,1781,1,-1,5,2
201414K153614,2,9,0,1,0,1,0,0,0,0,2,1,6,1,44,7,3199,1,10,10,2
201414K153814,1,9,0,18,0,1,0,0,0,0,1,1,6,2,63,9,2400,2,4,10,1
201414K153814,2,9,0,18,0,8,0,0,7,0,1,1,6,1,81,11,1348,1,12,8,1
201414K154514,1,9,0,15,0,0,0,0,0,0,0,1,6,2,22,5,1242,1,10,3,1
201414K154814,1,9,0,5,0,2,0,0,0,0,3,1,1,1,25,5,1560,2,3,1,1
201414K154814,2,5,0,13,0,1,0,0,0,0,1,1,1,1,40,7,599,1,5,4,1
201414K154914,1,90,0,18,0,0,0,0,7,11,1,1,6,1,3,1,-1,-1,-1,-1,1
201414K155114,1,9,0,18,0,1,0,0,0,0,1,1,6,1,32,6,1798,1,10,2,1
201414K155214,1,9,0,13,0,8,1,0,0,0,4,1,6,1,32,6,1995,2,4,-1,-1
201414K155214,2,8,0,9,0,8,1,0,0,0,3,1,1,1,38,7,1910,2,8,1,1