Accident_Index,Vehicle_Reference,Vehicle_Type,Towing_and_Articulation,Vehicle_Manoeuvre,Vehicle_Location-Restricted_Lane,Junction_Location,Skidding_and_Overturning,Hit_Object_in_Carriageway,Vehicle_Leaving_Carriageway,Hit_Object_off_Carriageway,1st_Point_of_Impact,Was_Vehicle_Left_Hand_Drive?,Journey_Purpose_of_Driver,Sex_of_Driver,Age_of_Driver,Age_Band_of_Driver,Engine_Capacity_(CC),Propulsion_Code,Age_of_Vehicle,Driver_IMD_Decile,Driver_Home_Area_Type
201414K190614,2,9,0,18,0,0,0,0,0,0,1,1,6,2,54,8,1242,1,1,6,2
201414K190614,3,9,0,18,0,0,0,0,0,0,1,1,6,2,26,6,998,1,12,3,1
201414K190614,4,9,0,18,0,0,0,0,0,0,0,1,1,1,-1,-1,1240,1,9,1,1
201414K190914,1,9,0,18,0,1,0,0,0,0,1,1,6,1,48,8,1587,1,16,7,1
201414K191114,1,9,0,16,1,8,2,0,0,2,1,1,6,1,42,7,1386,1,6,1,1
201414K191614,1,1,0,4,0,1,0,0,0,0,1,1,2,1,35,6,-1,-1,-1,4,1
201414K191614,2,9,0,13,0,1,0,0,0,0,1,1,6,3,-1,-1,998,1,1,-1,-1
201414K191814,1,9,0,18,0,8,0,0,0,0,3,1,6,2,26,6,1995,2,11,5,1
201414K191814,2,9,0,18,0,8,0,10,0,0,1,1,6,2,30,6,1796,1,15,4,1
201414K192314,1,9,0,10,0,1,0,0,0,0,2,1,1,1,30,6,-1,-1,-1,1,2
201414K192314,2,9,0,18,0,1,0,0,0,0,1,1,6,3,-1,-1,-1,-1,-1,-1,-1
201414K192414,1,9,0,18,0,0,0,0,0,0,1,1,6,1,23,5,1999,7,7,1,1
201414K192414,2,9,0,18,0,0,0,0,0,0,4,1,6,3,-1,-1,2204,2,4,-1,-1
201414K192614,1,9,0,18,0,0,0,0,0,0,1,1,6,1,44,7,1248,2,5,8,2
201414K193014,1,9,0,18,0,1,0,0,7,0,1,1,6,1,24,5,1798,1,7,4,1
201414K193014,2,9,0,2,0,2,0,0,0,0,2,1,6,1,56,9,1596,1,10,5,1
201414K193014,3,9,0,2,0,2,0,0,0,0,1,1,6,1,90,11,1498,1,13,9,1
201414K193014,4,9,0,5,0,6,0,0,0,0,0,1,6,2,21,5,1598,1,11,6,1
201414K193114,1,9,0,18,0,8,0,0,0,0,1,1,6,1,78,11,1991,2,6,5,1
201414K193114,2,9,0,18,0,1,0,0,0,0,1,1,6,1,56,9,1910,2,6,1,1
201414K193414,1,9,0,3,0,4,0,0,0,0,3,1,6,2,59,9,1398,1,1,8,3
201414K193414,2,9,0,17,0,8,0,0,0,0,1,1,6,1,18,4,1975,1,11,2,1
201414K194314,1,11,0,5,0,8,0,0,0,0,0,1,1,1,49,8,9360,2,6,1,1
201414K194514,1,9,0,9,0,5,0,0,0,0,4,1,6,1,26,6,1796,1,11,5,1
201414K194514,2,9,0,18,0,8,0,0,0,0,1,1,6,1,17,4,1299,1,9,3,1
201414K194814,1,9,0,2,0,0,0,0,0,0,4,1,6,3,-1,-1,1968,2,4,-1,-1
201414K194814,2,1,0,18,0,0,0,8,0,0,1,1,6,1,25,5,-1,-1,-1,4,1
201414K194914,1,8,0,18,0,0,0,0,0,0,1,1,1,1,22,5,1896,2,4,2,1
201414K194914,2,9,0,5,0,0,0,0,0,0,3,1,6,2,19,4,999,1,2,8,1
201414K194914,3,9,0,2,0,0,0,0,0,0,2,1,6,1,48,8,1596,1,8,9,1
201414K195614,1,3,0,9,0,6,1,0,0,0,1,1,6,1,25,5,124,1,7,3,1
201414K195614,2,9,0,18,0,8,0,0,0,0,1,1,6,2,23,5,995,1,5,1,1
201414K196314,1,3,0,8,0,1,0,0,0,0,2,1,1,1,35,6,125,1,2,8,2
201414K196314,2,9,0,4,0,1,0,0,0,0,1,1,1,1,36,7,1968,2,9,3,1
201414K196414,1,9,0,3,0,2,0,0,0,0,2,1,6,1,37,7,1598,1,13,2,2
201414K196414,2,9,0,18,0,2,0,0,0,0,1,1,6,1,44,7,1242,1,2,9,1
201414K196514,1,9,0,17,0,2,1,0,1,2,1,1,6,1,21,5,1389,1,17,3,1
201414K197214,1,9,0,18,0,0,0,0,0,0,3,1,6,1,35,6,1598,2,1,6,1
201414K197214,2,9,0,18,0,0,0,0,0,0,3,1,6,3,67,10,1783,1,12,2,1
201414K197414,1,9,0,7,0,3,0,0,0,0,2,1,1,1,50,8,-1,-1,-1,1,1
201414K197414,2,9,0,7,0,3,0,0,0,0,1,1,6,1,63,9,-1,-1,-1,1,1
201414K197514,1,11,0,4,0,0,0,0,0,0,0,1,1,1,41,7,4500,2,2,8,2
201414K197514,2,9,0,3,0,0,0,0,0,0,0,1,6,3,-1,-1,2184,2,11,-1,-1
201414K197814,1,9,0,7,0,5,1,10,1,11,1,1,6,2,23,5,2000,2,10,1,1
201414K197914,1,9,0,18,0,8,0,0,0,0,1,1,1,1,24,5,1242,1,12,8,1
201414K197914,2,9,0,9,0,8,0,0,0,0,4,1,1,2,37,7,1870,2,12,4,1
201414K198114,1,9,0,18,0,8,0,0,0,0,1,1,2,1,45,7,1997,1,15,2,1
201414K198114,2,9,0,9,0,8,1,0,0,0,4,1,6,2,50,8,1560,2,1,1,1
201414K198714,1,9,0,7,0,1,0,0,0,0,2,1,6,2,49,8,1870,2,4,10,1
201414K198714,2,3,0,18,0,1,0,0,0,0,1,1,6,1,21,5,123,1,27,5,1
201414K198814,1,8,0,5,0,0,0,0,0,0,4,1,1,3,-1,-1,-1,-1,-1,-1,-1
201414K198914,1,9,0,18,0,2,0,0,0,0,4,1,6,2,59,9,1560,2,7,2,1
201414K198914,2,1,0,18,0,2,0,0,0,0,1,1,6,1,8,2,-1,-1,-1,2,1
201414K199214,1,9,0,5,0,8,0,0,0,0,1,1,6,1,46,8,2497,1,13,3,1
201414K199214,2,3,0,14,0,8,0,0,0,0,1,1,1,1,31,6,124,1,7,4,2
201414K199614,1,9,0,2,0,0,0,0,0,0,3,1,4,2,42,7,2720,2,8,10,1
201414K199614,2,9,0,18,0,0,0,8,0,0,1,1,6,2,42,7,1368,1,4,9,1
201414K199714,1,4,0,18,0,8,0,0,0,0,1,1,6,1,35,6,249,1,34,7,1
201414K199714,2,9,0,9,0,5,0,0,0,0,3,1,6,2,53,8,875,1,-1,9,1
201414K199814,1,9,0,18,0,0,0,7,0,0,1,1,6,1,22,5,1199,1,12,5,1
201414K200014,1,11,0,9,0,1,0,0,0,0,0,1,1,2,49,8,6871,2,7,6,2
201414K200214,1,1,0,9,0,8,0,0,0,0,4,1,4,1,58,9,-1,-1,-1,7,1
201414K200214,2,9,0,6,0,8,0,0,0,0,3,1,6,1,80,11,-1,-1,-1,10,1
201414K200714,1,9,0,18,0,0,1,0,0,0,1,1,6,1,27,6,1389,1,13,1,1
201414K200714,2,9,0,2,0,0,0,0,0,0,1,1,1,1,53,8,1753,2,8,3,1
201414K200814,1,9,0,17,0,0,1,0,2,2,1,1,6,2,20,4,2967,1,15,1,1
201414K200914,1,9,0,3,0,0,0,0,0,0,2,1,6,1,43,7,1994,2,14,3,1
201414K200914,2,11,0,4,0,0,0,0,0,0,1,1,1,1,57,9,4500,2,3,3,1
201414K201014,1,9,0,18,0,0,0,0,0,0,1,1,6,3,-1,-1,-1,-1,-1,-1,-1
201414K201514,1,9,0,18,0,1,0,0,0,0,4,1,6,3,-1,-1,-1,-1,-1,-1,-1
201414K201614,1,9,0,18,0,1,0,0,0,0,3,1,6,2,31,6,1343,1,10,5,1
201414K201614,2,9,0,11,0,1,0,0,0,0,4,1,6,3,-1,-1,-1,-1,-1,-1,-1
201414K201714,1,8,0,17,0,0,0,0,0,0,1,1,1,1,48,8,1956,2,3,1,1
201414K201714,2,9,0,16,0,0,1,0,0,0,1,1,6,1,42,7,1199,1,12,6,2
201414K202214,1,9,0,9,0,5,0,0,0,0,1,1,6,1,20,4,1995,2,2,2,1
201414K202214,2,9,0,5,0,8,0,0,0,0,1,1,6,1,25,5,1596,1,4,1,1
201414K203514,1,9,0,18,0,8,0,0,0,0,3,1,6,2,67,10,1108,1,10,9,1
201414K203514,2,9,0,18,0,8,1,0,0,0,1,1,6,1,57,9,-1,-1,-1,10,1
201414K203614,1,5,0,3,0,1,0,0,0,0,2,1,6,1,74,10,1198,1,-1,10,1
201414K203614,2,9,0,3,0,1,0,0,0,0,2,1,2,2,52,8,1598,1,1,5,1
201414K203614,3,9,0,18,0,1,0,0,0,0,1,1,6,1,28,6,1685,2,-1,1,1
201414K203814,1,9,0,18,0,8,0,0,0,0,1,1,2,1,45,7,1968,2,2,10,1
201414K203814,2,9,0,9,0,8,0,0,0,0,3,1,2,2,28,6,1596,1,9,4,1
201414K204014,1,9,0,18,0,8,0,0,0,0,1,1,6,1,32,6,1796,1,10,1,1
201414K204014,2,9,0,5,0,8,0,0,0,0,3,1,6,2,34,6,-1,-1,-1,5,3
201414K204514,1,9,0,18,0,0,0,0,0,0,1,1,1,1,27,6,1995,2,12,9,1
201414K204614,1,8,0,5,0,8,0,0,0,0,1,1,1,1,30,6,2402,2,11,5,1
201414K204614,2,1,0,5,0,4,0,0,0,0,3,1,2,1,26,6,-1,-1,-1,3,1
201414K204714,1,9,0,4,0,0,0,0,0,0,2,1,6,1,29,6,2170,2,10,1,1
201414K204714,2,9,0,11,0,0,0,0,0,0,1,1,6,2,56,9,1560,2,1,3,1
201414K204914,1,9,0,18,0,0,0,0,0,0,1,1,6,1,52,8,1796,1,5,3,1
201414K204914,2,9,0,18,0,0,0,0,0,0,2,1,6,1,45,7,1995,1,7,8,2
201414K205014,1,9,0,4,0,0,0,0,0,0,1,1,6,2,53,8,1870,2,11,1,1
201414K205014,2,9,0,18,0,0,0,0,0,0,2,1,6,1,21,5,1197,1,2,8,2
201414K205014,3,9,0,18,0,0,0,0,1,1,1,1,6,2,53,8,1328,1,6,-1,1
201414K205414,1,11,0,3,0,1,0,0,0,0,2,1,1,1,48,8,4461,2,1,3,1
201414K205414,2,9,0,18,0,1,0,0,0,0,1,1,6,2,37,7,1783,1,13,5,1
201414K205614,1,9,0,18,0,1,0,0,0,0,3,1,6,1,23,5,1598,1,7,7,1
201414K205614,2,21,1,11,0,1,0,0,0,0,1,1,1,1,42,7,12902,2,1,1,1
201414K205714,1,9,0,3,0,8,0,0,0,0,2,1,6,2,55,8,1560,2,3,9,2
201414K205714,2,9,0,18,0,8,0,0,0,0,1,1,6,3,-1,-1,1360,1,16,-1,-1
201414K205814,1,19,0,18,0,0,0,7,0,0,1,1,1,2,66,10,2143,2,-1,-1,3
201414K206114,1,9,0,18,0,0,0,0,0,0,3,1,2,2,27,6,1999,1,9,8,1
201414K206214,1,9,0,18,0,8,0,0,0,0,3,1,2,1,35,6,1497,1,12,1,1
201414K206214,2,9,0,18,0,3,0,0,0,0,4,1,6,2,30,6,1364,1,7,10,1
201414K207514,1,9,0,9,0,5,0,0,0,0,1,1,1,2,57,9,998,1,11,9,1
201414K207514,2,1,0,18,0,8,0,0,0,0,1,1,6,1,65,9,-1,-1,-1,8,1
201414K207814,1,21,0,18,0,8,0,0,0,0,1,1,1,1,59,9,2998,2,2,8,2
201414K207814,2,1,0,18,0,8,0,0,0,0,4,1,6,1,22,5,-1,-1,-1,9,1
201414K207914,1,9,0,9,0,6,0,0,0,0,1,1,1,2,30,6,2400,2,1,7,1
201414K207914,2,9,0,18,0,1,0,0,0,0,3,1,6,2,60,9,-1,-1,-1,10,1
201414K207914,3,9,0,18,0,8,0,0,0,0,3,1,6,2,24,5,1798,1,6,1,1
201414K208514,1,9,0,18,0,8,0,0,0,0,1,1,2,2,36,7,1598,1,9,9,1
201414K208514,2,9,0,9,0,8,0,0,0,0,1,1,2,1,19,4,1242,1,13,4,1
201414K209314,1,19,0,18,0,8,1,0,0,0,2,1,1,1,42,7,-1,-1,-1,2,2
201414K209314,2,9,0,18,0,8,0,0,0,0,2,1,6,2,36,7,1368,1,4,6,1
201414K209314,3,9,0,18,0,8,0,0,0,0,1,1,6,1,53,8,-1,-1,-1,6,3
201414K209614,1,9,0,18,0,1,0,0,0,0,4,1,6,2,28,6,-1,-1,-1,10,1
201414K209814,1,9,0,18,0,1,1,0,0,0,1,1,6,1,30,6,1986,2,7,1,1
201414K209814,2,9,0,9,0,6,0,0,0,0,4,1,6,2,25,5,1900,2,9,1,1
201414K209814,3,9,0,8,0,2,0,0,0,0,3,1,6,2,46,8,1749,1,11,4,1
201414K210114,1,9,0,9,0,8,1,0,1,9,1,1,6,1,20,4,1229,1,6,2,1
201414K210314,1,9,0,9,0,5,0,0,0,0,1,1,6,1,33,6,1995,2,10,1,1
201414K210314,2,9,0,18,0,8,0,0,0,0,1,1,6,2,31,6,1150,1,10,1,1
201414K210414,1,9,0,17,0,0,1,12,7,11,4,1,1,1,36,7,-1,-1,-1,2,1
201414K210914,1,9,0,2,0,0,0,0,0,0,3,1,6,1,27,6,1598,1,5,2,1
201414K210914,2,8,0,17,0,0,1,0,0,0,4,1,6,1,61,9,1560,2,1,2,1
201414K211114,1,11,0,18,1,0,0,0,0,0,0,1,6,1,50,8,8300,2,7,3,2
201414K211714,1,9,0,11,0,8,0,0,0,0,4,1,6,1,25,5,1598,1,4,8,1
201414K211714,2,9,0,18,0,8,0,0,0,0,3,1,1,1,52,8,-1,-1,-1,5,1
201414K211814,1,9,0,18,0,8,0,0,0,0,4,1,1,1,45,7,-1,-1,-1,-1,1
201414K211814,2,1,0,18,0,6,0,0,0,0,4,1,6,1,13,3,-1,-1,-1,2,1
201414K211914,1,1,0,9,0,8,0,0,0,0,3,1,2,1,29,6,-1,-1,-1,4,1
201414K211914,2,9,0,9,0,8,0,0,0,0,1,1,2,1,24,5,1364,2,8,6,1
201414K212214,1,9,0,4,0,1,0,0,0,0,2,1,6,1,42,7,1598,2,-1,3,2
201414K212214,2,9,0,4,0,1,1,0,0,0,1,1,6,1,24,5,-1,-1,-1,7,1
201414K212314,1,9,0,9,0,8,0,0,0,0,1,1,6,1,86,11,1329,1,2,2,1
201414K212314,2,9,0,18,0,8,0,0,0,0,4,1,6,2,36,7,1995,2,3,8,1
201414K212514,1,9,0,5,0,8,0,0,0,0,1,1,1,1,55,8,-1,-1,-1,2,1
201414K212514,2,1,0,18,0,1,0,0,0,0,2,1,6,1,53,8,-1,-1,-1,6,2
201414K212614,1,9,0,4,0,1,0,0,0,0,2,1,6,1,18,4,1124,1,10,8,1
201414K212614,2,9,0,18,0,1,0,0,0,0,1,1,6,3,-1,-1,2902,2,8,-1,-1
201414K213214,1,11,0,18,0,0,0,0,0,0,1,1,1,1,50,8,11000,2,10,1,1
201414K213314,1,9,0,1,0,6,0,0,0,0,2,1,6,2,37,7,1399,2,7,4,1
201414K213314,2,1,0,18,0,8,0,0,0,0,1,1,6,1,6,2,-1,-1,-1,4,1
201414K213514,1,19,0,4,0,1,0,0,0,0,2,1,1,1,30,6,2287,2,6,4,1
201414K213514,2,9,0,13,0,1,0,0,0,0,1,1,6,1,24,5,-1,-1,-1,2,1
201414K213814,1,9,0,1,0,0,0,0,0,0,2,1,6,1,26,6,998,1,12,1,1
201414K213914,1,9,0,5,0,0,0,0,0,0,1,1,6,1,34,6,1388,1,11,6,1
201414K213914,2,9,0,18,0,0,0,0,0,0,1,1,6,2,18,4,973,1,13,6,3
201414K214114,1,9,0,3,0,0,0,0,0,0,2,1,2,1,26,6,1998,1,10,5,1
201414K214114,2,9,0,4,0,0,0,0,0,0,1,1,6,2,-1,-1,998,1,16,-1,3
201414K214814,1,9,0,18,0,8,0,0,0,0,3,1,6,2,52,8,1390,1,8,5,3
201414K214814,2,1,0,18,0,8,1,0,0,0,3,1,6,1,11,3,-1,-1,-1,5,2
201414K215914,1,9,0,3,0,1,0,0,0,0,2,1,6,1,47,8,1868,2,12,3,1
201414K215914,2,9,0,3,0,1,0,0,0,0,2,1,6,1,56,9,1598,1,2,7,1
201414K215914,3,9,0,3,0,1,0,0,0,0,2,1,6,2,45,7,1991,2,5,5,1
201414K215914,4,9,0,18,0,1,0,0,0,0,1,1,6,2,27,6,1910,2,8,2,1
201414K216114,1,9,0,1,0,8,0,0,0,0,2,1,6,2,-1,-1,-1,-1,-1,-1,-1
201414K216214,1,3,0,18,0,0,0,0,0,0,3,1,6,1,26,6,125,1,16,5,3
201414K216214,2,9,0,18,0,0,1,0,0,0,3,1,6,2,27,6,1997,2,11,1,1
201414K216614,1,9,0,3,0,2,0,0,0,0,2,1,6,2,22,5,1390,1,-1,7,1
201414K216614,2,8,0,18,0,2,0,0,0,0,1,1,1,1,41,7,1997,2,6,1,1
201414K216714,1,9,0,3,0,8,0,0,0,0,2,1,6,1,33,6,1999,1,9,4,1
201414K216714,2,9,0,18,0,8,0,0,0,0,1,1,6,3,-1,-1,1995,2,2,-1,-1
201414K216914,1,9,0,4,0,6,0,0,0,0,1,1,2,1,19,4,1229,1,9,4,1
201414K216914,2,9,0,18,0,8,0,0,0,0,4,1,6,2,50,8,1364,1,3,6,1
201414K217214,1,9,0,5,0,0,0,0,0,0,1,1,4,2,42,7,1599,1,10,1,1
201414K217214,2,9,0,5,0,0,0,0,0,0,2,1,4,2,57,9,998,1,2,8,1
201414K217514,1,9,0,18,0,8,0,0,0,0,1,1,6,1,28,6,1998,1,9,2,1
201414K217514,2,9,0,9,0,6,0,0,0,0,3,1,6,1,47,8,-1,-1,-1,2,1
201414K217714,1,11,0,18,0,1,0,0,0,0,1,1,1,1,59,9,2198,2,1,5,1
201414K217714,2,9,0,1,0,1,0,0,0,0,2,1,6,1,24,5,1997,2,13,2,1
201414K218014,1,9,0,11,0,0,0,0,0,0,1,1,6,1,48,8,1596,1,9,5,1
201414K218014,2,9,0,4,0,0,0,0,0,0,2,1,6,2,49,8,1560,2,-1,4,3
201414K218014,3,9,0,4,0,0,0,0,0,0,2,1,6,1,46,8,1995,2,7,8,1
201414K218214,1,9,0,2,0,1,0,0,0,0,3,1,6,1,23,5,1753,2,5,2,1
201414K218214,2,9,0,18,0,1,0,0,0,0,4,1,6,3,-1,-1,1461,2,-1,-1,-1
201414K218214,3,9,0,18,0,1,0,0,0,0,4,1,6,1,43,7,1905,2,16,2,1
201414K218514,1,9,0,9,0,8,0,0,0,0,4,1,1,1,35,6,-1,-1,-1,3,1
201414K218514,2,1,0,18,0,8,0,0,0,0,3,1,6,1,33,6,-1,-1,-1,4,1
201414K218714,1,9,0,10,0,1,0,0,0,0,2,1,6,1,18,4,1242,1,10,8,1
201414K218714,2,9,0,18,0,1,0,0,0,0,1,1,6,1,28,6,1560,2,2,5,1
201414K219314,1,9,5,18,0,0,0,0,0,6,1,1,6,1,48,8,1910,2,6,1,1
201414K219314,2,9,0,18,0,0,0,0,0,0,0,1,6,1,39,7,2200,2,18,3,1
201414K219714,1,9,0,18,0,0,0,0,0,0,4,1,6,2,22,5,1598,1,1,10,1
201414K219914,1,9,0,18,9,6,0,0,0,0,1,1,6,3,-1,-1,-1,-1,-1,-1,-1
201414K220014,1,9,0,11,4,5,0,0,1,0,1,1,6,1,53,8,1595,1,14,2,1
201414K220014,2,1,0,18,4,2,0,0,1,10,2,1,1,1,24,5,-1,-1,-1,4,1
201414K220114,1,8,0,9,0,5,0,0,0,0,0,1,1,1,41,7,-1,-1,-1,1,1
201414K220114,2,9,0,18,0,1,0,0,0,0,0,1,6,3,-1,-1,-1,-1,-1,-1,-1
201414K220414,1,1,0,18,0,8,0,0,0,0,4,1,6,1,21,5,-1,-1,-1,10,1
201414K220414,2,9,0,9,0,6,0,0,0,0,1,1,6,2,-1,-1,-1,-1,-1,-1,-1
201414K220514,1,9,0,1,0,1,0,0,0,0,2,1,1,1,47,8,-1,-1,-1,6,1
201414K220914,1,9,0,18,0,2,0,0,0,0,1,1,6,1,79,11,1997,2,12,6,1
201414K220914,2,9,0,2,0,2,0,0,0,0,2,1,6,1,58,9,1341,1,10,-1,-1
201414K220914,3,9,0,2,0,2,0,0,0,0,4,1,6,2,30,6,998,1,18,6,1
201414K220914,4,9,0,2,0,2,0,0,0,0,1,1,6,1,31,6,1896,2,14,6,1
201414K221114,1,9,0,18,0,1,0,0,0,0,1,1,6,1,68,10,1868,2,10,5,1
201414K221114,2,9,0,3,0,1,0,0,0,0,2,1,6,1,18,4,1242,1,10,9,1
201414K221114,3,9,0,3,0,1,0,0,0,0,2,1,1,1,38,7,1896,2,9,5,1
201414K221214,1,9,0,18,0,2,0,0,0,0,1,1,1,2,53,8,998,1,8,2,1
201414K221514,1,9,0,11,0,1,0,0,0,0,2,1,6,2,18,4,998,1,7,4,3
201414K221514,2,9,0,18,0,1,0,0,0,0,1,1,6,2,27,6,1360,1,11,1,1
201414K221614,1,9,0,5,0,6,0,0,0,0,1,1,6,1,29,6,1398,1,-1,1,1
201414K221614,2,3,0,14,0,8,0,0,0,0,1,1,2,1,18,4,124,1,14,10,1
201414K222114,1,9,0,18,0,6,0,0,0,0,1,1,1,1,19,4,1229,1,9,4,1
201414K222114,2,9,0,17,0,8,0,0,0,0,4,1,6,2,39,7,1896,2,8,10,1
201414K222314,1,9,0,3,0,1,0,0,0,0,2,1,6,1,20,4,-1,-1,-1,-1,-1
201414K222314,2,9,0,3,0,1,0,0,0,0,2,1,6,1,37,7,998,1,1,5,1
201414K222314,3,9,0,3,0,1,0,0,0,0,2,1,6,2,59,9,1198,1,2,8,1
201414K222314,4,9,0,18,0,1,0,0,0,0,1,1,6,3,-1,-1,1598,1,4,8,1
201414K222514,1,9,0,7,2,5,0,0,0,0,4,1,2,1,33,6,1598,2,1,8,1
201414K222514,2,1,0,18,2,1,0,0,0,0,1,1,2,1,38,7,-1,-1,-1,7,1
201414K222914,1,9,0,5,0,0,1,0,0,0,3,1,6,1,43,7,1299,1,8,10,1
201414K222914,2,1,0,18,0,0,0,0,0,0,1,1,6,1,13,3,-1,-1,-1,10,1
201414K223114,1,9,0,16,0,0,2,0,7,2,1,1,6,1,18,4,1149,1,10,3,1
201414K223414,1,9,0,18,0,0,1,0,0,0,2,1,6,1,53,8,1598,1,16,1,1
201414K223414,2,11,0,18,0,0,0,0,0,0,1,1,1,2,49,8,4461,2,1,2,1
201414K223814,1,11,0,9,0,1,0,0,0,0,0,1,1,1,48,8,3900,2,7,1,1
201414K223914,1,9,0,18,0,0,0,0,0,0,1,1,1,1,67,10,2231,2,5,6,1
201414K224014,1,22,0,18,9,1,0,0,0,0,1,1,6,2,82,11,-1,-1,-1,6,1
201414K224114,1,19,0,16,0,0,0,0,0,0,3,1,6,1,21,5,-1,-1,-1,1,1
201414K224114,2,1,0,18,0,0,0,0,0,0,1,1,6,1,6,2,-1,-1,-1,3,1
201414K224314,1,9,0,18,0,2,0,0,0,0,1,1,1,2,23,5,1390,1,11,6,1
201414K224514,1,9,0,5,0,2,0,0,0,0,3,1,1,1,38,7,998,1,13,2,1
201414K224514,2,3,0,18,0,2,1,0,0,0,1,1,6,3,-1,-1,125,1,10,-1,-1
201414K224614,1,9,0,4,0,2,0,0,0,0,2,1,6,2,40,7,1997,1,12,-1,1
201414K224614,2,5,0,4,0,2,0,0,0,0,1,1,2,1,54,8,599,1,4,7,1
201414K224814,1,9,0,18,0,8,0,0,0,0,1,1,6,2,22,5,1242,1,7,1,1
201414K224814,2,9,0,3,0,8,0,0,0,0,2,1,6,1,51,8,3227,2,12,2,1
201414K225314,1,9,0,6,0,0,0,0,0,0,1,1,6,1,65,9,1397,1,7,9,1
201414K225314,2,19,0,18,0,0,1,0,0,0,1,1,1,1,31,6,1753,2,8,8,1
201414K225714,1,9,0,18,0,2,0,0,0,0,1,1,6,2,60,9,1360,1,7,3,1
201414K225814,1,9,0,18,0,8,0,0,0,0,1,1,6,1,28,6,1396,1,-1,1,1
201414K225914,1,9,0,9,0,5,0,0,0,0,4,1,1,2,53,8,1598,1,-1,9,1
201414K225914,2,3,0,15,0,8,0,0,0,0,1,1,1,1,25,5,124,1,-1,1,1
201414K226414,1,9,0,5,0,1,0,0,0,0,4,1,6,1,22,5,-1,-1,-1,1,1
201414K226914,1,1,0,18,0,0,0,0,0,0,1,1,6,1,50,8,-1,-1,-1,6,1
201414K227014,1,8,0,6,0,0,0,0,0,0,3,1,1,1,42,7,2000,1,5,10,1
201414K227014,2,1,0,14,0,0,1,0,0,0,4,1,6,1,56,9,-1,-1,-1,6,1
201414K227314,1,9,0,5,0,1,0,0,0,0,2,1,6,2,43,7,1596,1,4,6,1
201414K227314,2,9,0,5,0,1,0,0,0,0,1,1,6,3,-1,-1,-1,-1,-1,-1,-1
201414K228014,1,1,0,5,0,8,2,0,0,0,1,1,6,1,22,5,-1,-1,-1,6,2
201414K228014,2,9,0,18,0,6,0,0,0,0,1,1,6,1,83,11,998,1,1,9,1
201414K228314,1,3,0,18,0,8,0,0,0,0,1,1,1,1,17,4,124,1,10,-1,1
201414K228314,2,9,0,7,0,6,0,0,0,0,2,1,1,1,48,8,1686,2,7,2,1
201414K228414,1,9,0,18,0,0,0,0,0,0,1,1,6,1,34,6,1800,1,15,1,1
201414K228514,1,9,0,18,0,0,1,0,1,11,3,1,6,1,21,5,1149,1,10,4,1
201414K228614,1,9,0,9,0,5,0,0,0,0,1,1,6,1,64,9,1951,2,11,7,1
201414K228614,2,5,0,14,0,1,0,0,0,0,1,1,6,1,63,9,1170,1,5,3,1
201414K229114,1,9,0,16,0,0,1,0,7,4,1,1,6,2,34,6,1339,1,9,7,1
201414K229214,1,9,0,17,0,0,0,0,1,1,1,1,2,1,20,4,1910,2,8,2,1
201414K229314,1,5,0,3,0,1,0,0,0,0,3,1,2,1,29,6,849,1,2,4,1
201414K229314,2,9,0,3,0,1,0,0,0,0,4,1,2,1,28,6,1390,1,10,1,1
201414K229414,1,9,0,18,0,1,2,0,7,1,3,1,6,3,-1,-1,1242,1,13,-1,-1
201414K229514,1,9,0,18,0,8,0,0,0,0,1,1,6,2,20,4,1124,1,8,4,1
201414K229514,2,9,0,9,0,6,0,0,0,0,3,1,1,2,44,7,1598,1,14,2,1
201414K230014,1,9,0,18,0,1,0,0,0,0,4,1,6,2,55,8,1390,1,12,2,1
201414K230114,1,9,0,9,0,5,0,0,0,0,3,1,6,1,76,11,1560,2,1,1,1
201414K230114,2,1,0,18,0,8,0,0,0,0,4,1,6,1,40,7,-1,-1,-1,8,1
201414K230214,1,2,0,13,0,1,0,0,0,0,1,1,4,1,22,5,49,1,-1,6,1
201414K230214,2,9,0,3,0,1,0,0,0,0,2,1,6,2,43,7,-1,-1,-1,1,1
201414K230514,1,9,0,18,0,8,0,0,0,0,4,1,6,1,58,9,1995,2,12,8,1
201414K230514,2,1,0,15,0,8,0,0,0,0,3,1,2,1,50,8,-1,-1,-1,3,1
201414K230714,1,9,0,10,0,6,0,0,0,0,1,1,6,2,49,8,1598,1,6,2,1
201414K230714,2,5,0,16,0,8,0,0,0,0,1,1,6,1,56,9,750,1,16,1,1
201414K230814,1,3,0,8,0,1,0,0,0,0,2,1,6,1,43,7,124,1,30,1,1
201414K230814,2,9,0,18,0,1,0,0,0,0,1,1,6,2,21,5,998,1,7,8,1
201414K230914,1,11,0,18,2,8,0,0,0,0,1,1,1,1,46,8,9000,2,4,2,1
201414K230914,2,9,0,7,2,5,0,0,0,0,4,1,6,2,31,6,1598,1,5,5,1
201414K231014,1,9,0,9,0,8,0,10,0,0,3,1,6,2,80,11,1299,1,12,4,1
201414K231014,2,9,0,18,0,8,0,0,0,0,1,1,6,2,31,6,1248,2,6,7,1