Accident_Index,Vehicle_Reference,Vehicle_Type,Towing_and_Articulation,Vehicle_Manoeuvre,Vehicle_Location-Restricted_Lane,Junction_Location,Skidding_and_Overturning,Hit_Object_in_Carriageway,Vehicle_Leaving_Carriageway,Hit_Object_off_Carriageway,1st_Point_of_Impact,Was_Vehicle_Left_Hand_Drive?,Journey_Purpose_of_Driver,Sex_of_Driver,Age_of_Driver,Age_Band_of_Driver,Engine_Capacity_(CC),Propulsion_Code,Age_of_Vehicle,Driver_IMD_Decile,Driver_Home_Area_Type
201414K270314,2,9,0,18,0,8,0,0,0,0,4,1,1,2,18,4,1242,1,8,9,2
201414K270514,1,9,0,3,0,1,0,0,0,0,2,1,6,2,28,6,1397,1,5,10,2
201414K270514,2,9,0,3,0,1,0,0,0,0,2,1,6,1,32,6,-1,-1,-1,9,1
201414K270514,3,9,0,18,0,1,0,0,0,0,1,1,6,1,52,8,-1,-1,-1,9,1
201414K270714,1,9,0,3,0,1,0,0,0,0,1,1,6,1,40,7,-1,-1,-1,2,1
201414K270714,2,9,0,2,0,1,0,0,0,0,2,1,6,1,28,6,1997,2,6,3,1
201414K270714,3,9,0,2,0,1,0,0,0,0,3,1,6,1,50,8,1997,2,12,3,1
201414K270714,4,9,0,2,0,1,0,0,0,0,1,1,1,1,28,6,1248,2,1,1,1
201414K270714,5,11,0,2,0,1,0,0,0,0,1,1,1,1,41,7,9600,2,15,1,1
201414K270814,1,9,0,7,0,6,0,0,0,0,3,1,2,2,32,6,1900,2,7,2,1
201414K270814,2,1,0,18,0,8,0,0,0,0,1,1,2,1,32,6,-1,-1,-1,4,1
201414K271014,1,4,0,15,0,8,0,0,0,0,1,1,2,1,22,5,487,1,6,1,1
201414K271014,2,9,0,9,0,5,0,0,0,0,2,1,2,1,39,7,998,1,12,2,1
201414K271214,1,9,0,9,0,5,0,0,0,0,3,1,6,2,26,6,-1,-1,-1,1,1
201414K271314,1,9,0,9,0,5,0,0,0,0,1,1,6,2,52,8,1753,2,10,-1,1
201414K271614,1,9,0,18,0,8,0,0,0,0,1,1,6,2,29,6,-1,-1,-1,6,1
201414K271614,2,9,0,18,0,8,0,0,0,0,2,1,6,2,20,4,1198,1,6,2,1
201414K271614,3,9,0,11,0,5,0,0,0,0,0,1,6,3,-1,-1,-1,-1,-1,-1,-1
201414K272014,1,1,0,5,0,6,0,0,0,0,1,1,1,1,27,6,-1,-1,-1,1,1
201414K272014,2,9,0,18,0,8,0,0,0,0,4,1,6,1,66,10,-1,-1,-1,9,1
201414K272114,1,9,0,18,0,0,0,0,0,0,2,1,6,2,69,10,1248,1,1,3,1
201414K272114,2,9,0,18,0,0,0,0,0,0,1,1,6,1,22,5,2494,2,26,1,1
201414K272114,3,9,0,18,0,0,0,0,0,0,1,1,6,1,34,6,-1,-1,-1,2,1
201414K272214,1,9,0,18,0,0,1,0,1,11,1,1,6,1,20,4,1995,2,11,2,1
201414K272314,1,9,0,18,0,1,0,0,0,0,1,1,6,2,72,10,973,1,11,1,1
201414K272314,2,9,0,18,0,1,0,0,0,0,1,1,6,2,19,4,1598,1,10,8,1
201414K272714,1,9,0,18,0,1,0,0,0,0,1,1,6,2,44,7,1968,2,5,2,1
201414K272914,1,9,0,18,0,8,0,0,0,0,1,1,1,1,27,6,1199,1,10,2,1
201414K273214,1,9,0,18,0,8,0,0,0,0,4,1,6,1,45,7,1968,2,4,1,1
201414K273214,2,9,0,18,0,6,0,0,0,0,1,1,6,2,40,7,2400,2,5,10,1
201414K273314,1,9,0,5,0,0,0,0,0,0,2,1,6,1,51,8,1796,1,3,5,1
201414K273314,2,9,0,3,0,0,0,0,0,0,2,1,6,1,31,6,1598,2,3,9,2
201414K273314,3,9,0,3,0,0,0,0,0,0,2,1,6,2,34,6,1870,2,9,6,2
201414K273314,4,9,0,4,0,0,0,0,0,0,1,1,6,2,23,5,1599,1,9,4,1
201414K273714,1,8,0,16,0,2,0,0,0,0,3,1,1,1,51,8,1997,2,8,4,1
201414K273814,1,9,0,18,0,1,0,0,0,0,4,1,1,1,38,7,1797,8,-1,1,1
201414K273914,1,9,0,4,0,1,0,0,0,0,2,1,6,1,49,8,1896,2,9,5,1
201414K273914,2,9,0,4,0,1,0,0,0,0,1,1,6,1,38,7,1596,1,6,1,1
201414K274014,1,8,0,18,0,1,0,0,0,0,1,1,1,1,28,6,1997,2,1,3,1
201414K274014,2,9,0,9,0,6,0,0,2,1,3,1,6,1,26,6,1598,1,9,-1,-1
201414K274114,1,9,0,17,0,1,5,10,0,0,4,1,6,1,18,4,1896,2,14,4,2
201414K275014,1,9,0,7,0,2,1,0,7,1,1,1,6,2,38,7,1596,1,15,3,1
201414K275314,1,9,0,9,0,1,0,0,0,0,3,1,6,2,32,6,1896,2,12,2,1
201414K275314,2,3,0,13,0,1,0,0,0,0,1,1,6,1,34,6,124,1,4,1,1
201414K275414,1,9,0,18,0,0,0,0,0,0,1,1,1,1,26,6,1248,2,1,4,1
201414K275414,2,9,0,18,0,0,0,0,0,0,1,1,1,1,31,6,1560,2,5,-1,-1
201414K275414,3,9,0,2,0,0,0,0,0,0,3,1,6,2,28,6,1598,1,4,3,1
201414K275414,4,9,0,18,0,0,0,0,0,0,4,1,6,2,58,9,1587,1,10,1,1
201414K275414,5,9,0,2,0,0,0,0,0,0,3,1,6,1,42,7,1794,1,14,1,1
201414K275414,6,9,0,2,0,0,0,0,0,0,3,1,6,1,59,9,1398,1,8,1,1
201414K275414,7,9,0,2,0,0,0,0,0,0,3,1,6,1,-1,-1,1900,2,9,1,1
201414K275414,8,9,0,2,0,0,0,0,0,0,3,1,6,2,29,6,999,1,5,1,1
201414K275414,9,9,0,18,0,0,0,0,0,0,2,1,6,3,-1,-1,1995,2,4,-1,-1
201414K275514,1,9,0,9,0,8,1,0,0,0,1,1,6,2,22,5,1229,1,9,2,1
201414K275514,2,9,0,18,0,8,0,0,0,0,1,1,6,1,68,10,1248,2,3,10,1
201414K275714,1,5,0,18,0,3,1,0,1,4,4,1,6,1,51,8,1299,1,10,10,1
201414K275814,1,8,0,5,0,0,0,0,0,0,0,1,1,1,38,7,1910,2,8,-1,1
201414K275914,1,9,0,9,0,5,0,0,0,0,4,1,6,1,36,7,1360,1,10,6,1
201414K275914,2,1,0,18,0,8,0,0,0,0,1,1,6,1,11,3,-1,-1,-1,3,1
201414K277014,1,9,0,2,0,0,0,0,0,0,3,1,6,1,48,8,1997,2,-1,2,1
201414K277014,2,9,0,18,0,0,0,8,0,0,1,1,6,3,-1,-1,-1,-1,-1,-1,-1
201414K277314,1,3,0,18,1,1,1,0,0,0,0,1,6,1,49,8,124,1,14,1,1
201414K277414,1,11,0,9,0,5,0,0,0,0,1,1,1,1,59,9,4250,2,-1,3,1
201414K277514,1,9,0,9,0,6,0,0,0,0,1,1,2,2,46,8,1242,1,13,2,1
201414K277514,2,5,0,14,0,8,0,0,0,0,1,1,2,1,51,8,897,1,8,2,1
201414K277514,3,9,0,3,0,1,0,0,0,0,0,1,2,2,29,6,1399,1,6,2,1
201414K277514,4,9,0,18,0,2,0,0,0,0,2,1,2,1,19,4,2497,2,9,4,1
201414K277714,1,2,0,18,1,1,1,0,0,0,0,1,1,2,16,4,50,1,-1,3,1
201414K278714,1,9,0,12,0,2,0,0,0,0,2,1,1,1,34,6,998,1,12,1,1
201414K278714,2,1,0,11,0,1,1,0,0,0,2,1,2,1,48,8,-1,-1,-1,4,1
201414K279014,1,9,0,18,0,1,0,0,0,0,1,1,6,1,52,8,1124,1,8,7,1
201414K279114,1,9,0,9,0,5,0,0,0,0,4,1,6,1,24,5,1997,1,13,9,1
201414K279114,2,1,0,18,0,8,0,0,0,0,1,1,2,1,24,5,-1,-1,-1,1,1
201414K279414,1,3,0,18,0,8,0,0,0,0,1,1,6,1,57,9,124,1,4,1,1
201414K279414,2,9,0,9,0,8,0,0,0,0,1,1,6,2,50,8,973,1,14,9,1
201414K279514,1,9,0,9,0,5,0,0,0,0,1,1,6,1,22,5,1968,2,10,10,1
201414K279514,2,1,0,18,0,8,0,0,0,0,3,1,6,1,36,7,-1,-1,-1,2,1
201414K279614,1,9,0,18,0,8,0,0,0,0,4,1,6,2,34,6,1598,1,7,1,1
201414K279614,2,9,0,18,0,4,0,0,0,0,3,1,6,1,19,4,1968,2,8,1,1
201414K279714,1,9,0,18,0,3,0,0,0,0,4,1,6,1,66,10,1242,1,15,9,1
201414K279714,2,9,0,5,0,4,0,0,0,0,1,1,6,1,36,7,1796,1,6,5,1
201414K279814,1,9,0,4,0,1,0,0,0,0,2,1,6,2,31,6,1598,1,11,4,1
201414K279814,2,9,0,4,0,1,0,0,0,0,1,1,1,1,59,9,1198,1,8,4,1
201414K280014,1,19,0,9,0,5,0,0,0,0,1,1,1,1,30,6,2402,2,8,1,1
201414K280314,1,1,0,18,2,0,0,0,0,0,1,1,6,2,21,5,-1,-1,-1,7,1
201414K280314,2,8,0,18,2,0,0,0,0,0,2,1,6,1,30,6,-1,-1,-1,-1,-1
201414K280414,1,9,0,9,0,5,0,0,0,0,3,1,6,1,60,9,998,1,14,-1,1
201414K280414,2,1,0,18,0,8,0,0,0,0,1,1,6,1,50,8,-1,-1,-1,2,1
201414K280514,1,9,0,18,0,1,0,0,7,0,1,1,6,1,39,7,1199,1,11,2,1
201414K280514,2,9,0,18,0,2,0,0,0,0,1,1,6,2,47,8,1461,2,5,1,1
201414K280514,3,9,0,18,0,2,0,0,0,0,1,1,6,1,23,5,1242,1,8,2,1
201414K280714,1,9,0,16,0,0,1,0,3,9,1,1,6,1,41,7,2324,1,15,8,3
201414K280814,1,9,0,7,0,5,0,0,0,0,4,1,1,1,48,8,2982,2,-1,7,1
201414K280814,2,3,0,15,0,8,0,0,0,0,3,1,6,1,35,6,124,1,3,6,1
201414K280914,1,9,0,18,0,0,1,0,0,0,1,1,6,3,-1,-1,1995,2,4,3,1
201414K280914,2,9,0,18,0,0,0,0,0,0,1,1,1,1,38,7,-1,-1,-1,5,1
201414K281014,1,9,0,9,0,6,0,0,0,0,3,1,6,1,22,5,1968,2,5,3,1
201414K281014,2,22,0,18,0,8,0,0,0,0,4,1,6,1,80,11,-1,-1,-1,2,1
201414K281114,1,9,0,12,0,0,0,0,0,0,3,1,6,1,37,7,1390,1,10,1,1
201414K281114,2,9,0,18,0,0,0,0,0,0,1,1,6,2,22,5,1598,1,7,7,1
201414K281314,1,9,0,7,0,5,0,0,0,0,4,1,6,2,68,10,1299,1,11,9,1
201414K281314,2,9,0,18,0,8,0,0,0,0,2,1,6,2,25,5,1299,1,12,2,1
201414K281314,3,9,0,2,0,2,0,0,0,0,3,1,6,3,-1,-1,-1,-1,-1,-1,-1
201414K281614,1,9,0,18,0,0,0,0,0,0,1,1,6,3,-1,-1,-1,-1,-1,-1,-1
201414K281614,2,1,0,18,0,0,0,0,0,0,2,1,6,1,15,3,-1,-1,-1,1,1
201414K282014,1,8,0,6,0,0,0,0,0,0,1,1,1,1,-1,-1,1997,2,7,9,1
201414K282014,2,9,0,18,0,0,0,0,0,0,4,1,6,2,46,8,1995,2,2,5,1
201414K282214,1,3,0,14,0,0,0,0,0,0,1,1,6,1,21,5,125,1,1,2,1
201414K282214,2,9,0,5,0,0,0,0,0,0,1,1,6,1,35,6,1560,2,1,2,1
201414K282414,1,9,0,18,0,0,0,0,0,0,1,1,6,3,-1,-1,-1,-1,-1,-1,-1
201414K282514,1,19,0,18,0,0,0,0,0,0,1,1,1,3,-1,-1,-1,-1,-1,-1,-1
201414K282714,1,11,0,18,0,8,0,0,0,0,0,1,1,2,49,8,4461,2,1,1,1
201414K282814,1,9,0,13,0,0,1,10,1,11,4,1,6,1,21,5,1995,1,4,10,1
201414K283014,1,8,0,4,0,0,0,0,0,0,1,1,1,1,49,8,1997,2,10,9,1
201414K283114,1,9,0,4,0,0,0,0,0,0,2,1,6,2,50,8,1598,1,2,8,1
201414K283114,2,9,0,18,0,0,0,0,0,0,1,1,6,2,55,8,1596,1,12,8,3
201414K283214,1,3,0,18,0,1,1,0,0,0,0,1,6,1,29,6,125,1,1,1,1
201414K283414,1,9,0,2,0,8,0,0,0,0,3,1,6,1,36,7,2996,1,5,8,1
201414K283414,2,9,0,18,0,8,0,8,0,0,1,1,6,3,-1,-1,-1,-1,-1,-1,-1
201414K283814,1,9,0,4,0,1,0,0,0,0,2,1,2,2,50,8,1149,1,7,2,1
201414K283814,2,9,0,4,0,1,0,0,0,0,1,1,2,1,28,6,-1,-1,-1,2,1
201414K284014,1,9,0,7,0,8,0,0,0,0,1,1,4,2,49,8,1242,1,5,5,1
201414K284014,2,1,0,18,0,8,0,0,0,0,4,1,6,2,30,6,-1,-1,-1,4,1
201414K284314,1,9,0,18,0,8,0,0,0,0,1,1,2,1,76,11,2148,2,10,9,1
201414K284314,2,9,0,18,0,8,0,0,0,0,3,1,2,1,27,6,-1,-1,-1,8,1
201414K284414,1,9,0,5,0,6,0,0,0,0,4,1,6,3,-1,-1,-1,-1,-1,-1,-1
201414K284814,1,4,0,14,0,1,0,0,0,0,1,1,6,1,69,10,-1,-1,-1,7,1
201414K284914,1,19,0,4,0,1,5,0,0,0,1,1,6,1,80,11,1560,2,6,4,3
201414K284914,2,9,0,18,0,1,0,0,0,0,1,1,6,1,28,6,1598,1,7,6,1
201414K286114,1,9,0,18,0,1,0,0,0,0,2,1,1,2,39,7,1896,2,8,8,1
201414K286114,2,9,0,18,0,1,0,0,0,0,1,1,6,2,41,7,2231,2,6,9,1
201414K286614,1,9,0,4,0,1,0,0,0,0,2,1,6,1,29,6,-1,-1,-1,5,1
201414K286614,2,9,0,18,0,1,0,0,0,0,1,1,6,2,27,6,2000,2,9,2,1
201414K287214,1,9,0,3,0,0,0,0,0,0,2,1,6,1,45,7,1461,2,2,3,1
201414K287214,2,19,0,5,0,0,0,0,0,0,1,1,6,1,29,6,1753,2,8,1,1
201414K287414,1,9,0,9,0,8,0,0,0,0,3,1,6,2,34,6,996,1,1,5,3
201414K287414,2,9,0,7,0,3,0,0,0,0,1,1,6,3,-1,-1,-1,-1,-1,-1,-1
201414K287514,1,9,0,4,0,0,0,0,0,0,2,1,2,1,39,7,1995,2,6,3,1
201414K287514,2,9,0,4,0,0,0,0,0,0,2,1,2,1,25,5,1794,1,12,5,1
201414K287514,3,9,0,3,0,0,0,0,0,0,1,1,2,2,41,7,1951,2,10,6,1
201414K287514,4,9,0,4,0,0,0,0,0,0,1,1,2,2,51,8,-1,-1,-1,2,1
201414K287714,1,1,0,18,0,1,0,0,0,0,1,1,6,1,22,5,-1,-1,-1,9,1
201414K287714,2,9,0,9,0,5,0,0,0,0,1,1,2,2,35,6,1396,1,14,2,1
201414K288114,1,9,0,18,0,2,0,0,0,0,1,1,6,1,23,5,1199,1,13,1,1
201414K288714,1,9,0,12,0,0,1,0,1,0,1,1,6,2,26,6,1598,1,4,7,1
201414K288714,2,9,0,18,0,0,0,0,0,0,1,1,6,2,17,4,1364,1,5,8,3
201414K288814,1,9,0,18,0,0,0,0,5,6,1,1,2,1,28,6,1896,2,12,6,1
201414K288914,1,9,0,3,0,0,0,0,0,0,2,1,6,1,23,5,1198,1,1,3,1
201414K288914,2,9,0,18,0,0,0,0,0,0,1,1,6,2,-1,-1,1149,1,4,8,2
201414K289014,1,8,0,9,0,8,0,0,0,0,1,1,1,1,46,8,2664,2,6,1,1
201414K289314,1,5,0,18,0,8,0,0,0,0,2,1,1,2,24,5,535,1,21,2,1
201414K289314,2,9,0,7,0,3,0,0,0,0,1,1,6,2,60,9,1200,1,-1,8,1
201414K290014,1,9,0,17,0,8,0,0,0,0,1,1,6,3,-1,-1,-1,-1,-1,-1,-1
201414K290114,1,9,0,9,0,6,0,0,1,5,3,1,2,2,52,8,1798,1,8,10,1
201414K290114,2,9,0,18,0,8,0,0,0,0,1,1,6,2,56,9,1422,2,11,3,1
201414K290214,1,9,0,18,1,8,1,0,0,0,1,1,1,1,42,7,-1,-1,-1,2,1
201414K290214,2,9,0,18,1,8,1,0,0,0,3,1,6,1,26,6,1248,2,3,6,3
201414K290614,1,9,0,8,0,4,0,0,0,0,2,1,6,2,38,7,1299,1,14,7,1
201414K290614,2,9,0,7,0,4,0,0,0,0,1,1,6,2,41,7,1598,1,3,6,1
201414K290714,1,9,0,18,0,8,0,0,0,0,4,1,6,1,58,9,1794,1,6,1,1
201414K290714,2,9,0,18,0,4,0,0,0,0,1,1,6,1,29,6,1995,2,9,2,1
201414K290914,1,9,0,18,0,6,0,0,0,0,4,1,6,1,43,7,-1,-1,-1,4,1
201414K290914,2,9,0,18,0,8,0,0,0,0,1,1,6,1,30,6,1587,1,9,7,1
201414K291014,1,9,0,10,0,8,0,0,0,0,2,1,6,1,44,7,2497,1,8,7,1
201414K291014,2,9,0,18,0,8,0,0,0,0,1,1,6,3,-1,-1,-1,-1,-1,-1,-1
201414K291114,1,9,0,18,0,8,0,0,0,0,1,1,6,1,20,4,1598,1,1,10,1
201414K291114,2,9,0,9,0,6,0,0,0,0,1,1,6,2,35,6,1797,8,4,9,1
201414K291214,1,9,0,17,0,0,1,0,1,11,1,1,6,1,48,8,1999,1,8,6,1
201414K291314,1,9,0,5,0,0,0,0,0,0,3,1,6,1,79,11,1398,1,3,3,1
201414K291814,1,9,0,1,2,0,0,0,0,0,2,1,1,1,36,7,1910,2,7,3,1
201414K291914,1,2,0,18,0,6,0,0,0,0,1,1,6,1,16,4,49,1,3,2,2
201414K291914,2,9,0,4,0,8,0,0,0,0,1,1,6,3,-1,-1,-1,-1,-1,-1,-1
201414K292014,1,9,0,18,0,0,1,4,2,0,1,1,6,1,66,10,1598,1,7,1,1
201414K292014,2,9,0,2,0,0,0,0,0,0,1,1,6,1,73,10,1391,1,12,1,1
201414K292014,3,9,0,18,0,0,0,0,0,0,1,1,2,1,-1,-1,2967,2,1,8,1
201414K292814,1,11,0,18,0,2,0,0,0,0,4,1,1,1,63,9,7300,2,12,1,1
201414K293414,1,9,0,9,0,8,0,0,0,0,1,1,6,1,48,8,1396,1,15,6,2
201414K293414,2,9,0,18,0,8,0,0,0,0,1,1,6,1,49,8,1396,1,5,2,1
201414K293514,1,11,0,4,0,8,0,0,0,0,0,1,1,1,45,7,9360,2,7,2,1
201414K294014,1,9,0,3,0,1,0,0,0,0,2,1,6,1,65,9,1299,1,11,3,1
201414K294014,2,9,0,18,0,0,0,0,0,0,1,1,6,1,70,10,1389,1,16,-1,1
201414K294114,1,11,0,4,0,0,0,0,0,0,0,1,6,1,42,7,9600,2,15,1,1
201414K294514,1,9,0,18,0,8,0,0,0,0,1,1,1,1,29,6,1498,1,8,8,1
201414K294514,2,9,0,9,0,5,0,0,0,0,3,1,6,1,-1,-1,1794,1,10,2,1
201414K294614,1,9,0,4,0,0,0,0,0,0,2,1,6,1,64,9,1386,1,3,8,1
201414K294614,2,9,0,18,0,0,0,0,0,0,2,1,6,1,52,8,2967,2,2,6,3
201414K294614,3,9,0,18,0,0,0,0,0,0,2,1,6,1,28,6,1598,1,6,1,1
201414K294614,4,9,0,18,0,0,0,0,0,0,1,1,6,1,62,9,1910,2,7,4,1
201414K294814,1,9,0,3,0,2,0,0,0,0,2,1,6,2,63,9,1200,1,1,-1,1
201414K294814,2,9,0,3,0,2,0,0,0,0,1,1,6,1,49,8,1582,2,3,9,1
201414K294914,1,20,0,5,9,0,0,0,0,0,1,1,1,1,49,8,4462,2,-1,3,1
201414K295114,1,90,0,14,0,0,0,0,0,0,1,1,1,1,43,7,2461,2,6,6,1
201414K295214,1,8,0,18,0,2,0,0,0,0,1,1,1,1,27,6,2499,2,7,7,1
201414K295214,2,9,0,18,0,2,0,0,0,0,4,1,6,2,53,8,1598,1,6,10,1
201414K295314,1,9,0,18,0,8,0,0,0,0,1,1,6,2,26,6,998,1,3,3,1
201414K295314,2,9,0,18,0,8,0,0,1,0,1,1,6,1,33,6,2400,2,11,2,1
201414K295514,1,9,0,9,0,5,0,0,0,0,1,1,3,2,36,7,1396,1,10,2,1
201414K295514,2,9,0,18,0,8,0,0,1,0,1,1,3,1,41,7,1968,2,7,1,1
201414K295614,1,9,0,14,0,0,0,0,0,0,1,1,6,1,35,6,1398,2,10,6,1
201414K295614,2,9,0,2,0,0,0,4,0,0,1,1,6,1,46,8,1461,2,7,7,1
201414K295614,3,9,0,2,0,0,0,0,0,0,2,1,6,1,59,9,-1,-1,-1,8,2
201414K296014,1,9,0,4,0,1,0,0,0,0,3,1,6,1,25,5,1396,1,12,5,1
201414K296014,2,1,0,18,0,1,0,0,0,0,1,1,6,1,14,3,-1,-1,-1,1,1
201414K296114,1,9,0,9,0,5,0,0,0,0,1,1,6,2,45,7,1299,1,9,8,1
201414K296114,2,2,0,18,0,8,0,0,0,0,1,1,4,1,16,4,49,1,10,4,1
201414K296314,1,9,0,18,0,1,1,10,6,0,4,1,6,1,24,5,1242,1,4,2,1
201414K296314,2,9,0,18,0,1,0,0,0,0,1,1,6,2,75,10,1896,2,11,10,1
201414K296414,1,9,0,3,0,1,0,0,0,0,2,1,1,1,45,7,1910,2,6,2,1
201414K296414,2,9,0,18,0,1,0,0,0,0,1,1,6,1,19,4,1149,1,8,6,1
201414K296914,1,9,0,18,0,8,0,0,0,0,1,1,2,1,62,9,1796,1,7,1,1
201414K296914,2,9,0,9,0,8,0,0,0,0,1,1,1,2,29,6,1560,2,7,-1,1
201414K297614,1,9,0,18,0,1,0,0,0,0,1,1,6,2,24,5,1598,2,-1,1,1
201414K298114,1,9,0,18,0,8,1,0,0,0,1,1,1,1,29,6,-1,-1,-1,5,2
201414K298114,2,9,0,3,0,8,0,0,0,0,1,1,6,2,27,6,1242,1,12,8,2
201414K298114,3,9,0,3,0,2,0,0,0,0,1,1,6,1,47,8,1587,1,8,3,2
201414K298114,4,9,0,3,0,2,0,0,0,0,2,1,6,1,47,8,1951,2,9,4,2
201414K298214,1,9,0,3,0,1,0,0,0,0,2,1,6,1,56,9,2499,2,10,5,3
201414K298214,2,8,0,18,0,1,0,0,0,0,1,1,1,1,27,6,2664,2,13,5,1
201414K298414,1,9,0,4,0,3,0,0,0,0,2,1,6,1,61,9,1598,1,2,5,1
201414K298414,2,9,0,18,0,3,0,0,0,0,1,1,1,2,37,7,1461,2,6,-1,1
201414K298714,1,21,0,18,0,0,0,0,0,0,2,1,1,1,43,7,6693,2,1,7,2
201414K298714,2,9,0,18,0,0,0,10,4,6,1,1,6,2,20,4,1910,2,5,1,1
201414K298814,1,9,0,18,3,8,0,0,0,0,2,1,6,1,41,7,1762,1,17,4,1
201414K298814,2,9,0,18,0,8,0,0,0,0,1,1,6,3,-1,-1,-1,-1,-1,-1,-1
201414K299114,1,9,0,18,0,0,0,0,0,0,1,1,6,2,39,7,1984,1,13,2,1
201414K299114,2,1,0,18,0,0,0,0,0,0,3,1,6,1,16,4,-1,-1,-1,-1,1
201414K299214,1,9,0,9,0,8,0,0,0,0,1,1,6,1,20,4,1896,2,12,2,1
201414K299214,2,5,0,18,0,8,0,0,0,0,1,1,6,1,32,6,592,1,21,2,1
201414K299314,1,9,0,18,0,1,0,0,0,0,1,1,6,1,51,8,1686,2,4,2,1
201414K299314,2,3,0,5,0,6,0,0,0,0,3,1,1,1,18,4,125,1,11,1,1
201414K299414,1,9,0,7,0,8,0,0,0,0,3,1,6,1,52,8,1910,2,6,1,1
201414K299414,2,9,0,7,0,8,0,0,0,0,4,1,6,3,-1,-1,-1,-1,-1,-1,-1
201414K299614,1,9,0,9,0,2,0,0,0,0,1,1,1,1,26,6,1910,2,5,4,1
201414K299614,2,9,0,18,0,1,0,0,0,0,1,1,6,2,30,6,1598,1,6,2,2
201414K299714,1,9,0,5,0,8,0,0,0,0,1,1,1,2,25,5,1396,1,9,2,1
201414K299714,2,1,0,5,0,3,0,0,0,0,2,1,1,1,37,7,-1,-1,-1,7,1
201414K299814,2,9,0,8,0,1,0,0,0,0,2,1,2,2,55,8,4395,1,3,9,1
201414K299814,3,9,0,16,0,5,0,0,0,0,1,1,2,2,26,6,1598,1,1,5,1
201414K299914,1,9,0,10,0,1,0,0,0,0,2,1,1,2,19,4,1124,1,10,8,1
201414K299914,2,9,0,18,0,1,0,0,0,0,1,1,6,1,38,7,1753,2,13,1,1
201414K300214,1,9,0,18,0,0,0,0,0,0,1,1,6,3,-1,-1,-1,-1,-1,-1,-1
201414K300314,1,21,0,11,0,0,0,0,0,0,4,1,1,1,54,8,10518,2,6,7,1
201414K300314,2,9,0,18,0,0,0,0,0,0,3,1,6,2,50,8,998,1,2,8,2
201414K300314,3,19,0,18,0,0,0,0,0,0,2,1,2,1,22,5,2198,2,2,7,1
201414K301114,1,9,0,4,0,0,0,0,0,0,1,1,6,2,42,7,1242,1,3,9,1
201414K301114,2,9,0,4,0,0,0,0,0,0,2,1,6,1,53,8,1390,1,2,6,1
201414K301214,1,9,0,16,0,0,0,0,0,0,1,1,6,1,53,8,1560,2,10,1,1
201414K301614,1,9,0,18,0,2,0,0,0,0,2,1,6,2,59,9,1998,1,15,7,1
201414K301614,2,9,0,18,0,2,0,0,0,0,1,1,6,3,-1,-1,-1,-1,-1,-1,-1
201414K301714,1,9,0,10,0,6,0,0,0,0,1,1,6,1,65,9,4163,1,7,10,1
201414K301714,2,1,0,18,0,8,0,0,0,0,1,1,6,1,20,4,-1,-1,-1,7,1
201414K302514,1,9,0,18,0,1,0,0,0,0,1,1,6,1,41,7,1560,2,1,1,1
201414K302614,1,9,0,4,0,1,0,0,0,0,1,1,6,1,80,11,1753,2,12,4,1
201414K302614,2,9,0,3,0,1,0,0,0,0,2,1,6,1,59,9,1229,1,8,2,1
201414K302614,3,9,0,3,0,1,0,0,0,0,2,1,6,1,51,8,-1,-1,-1,1,1
201414K302714,1,19,0,18,0,1,0,0,0,0,1,1,6,3,-1,-1,-1,-1,-1,-1,-1
201414K303214,1,9,0,18,0,0,0,0,0,0,1,1,2,1,31,6,1388,1,12,7,1
201414K303414,1,9,0,9,0,2,0,0,0,0,4,1,6,2,38,7,2204,2,9,1,1
201414K303614,1,9,0,12,0,1,0,0,0,0,0,1,6,1,56,9,1461,2,4,2,1
201414K303614,2,5,0,18,0,1,1,0,0,0,4,1,6,1,36,7,1783,1,4,7,1
201414K304014,1,9,0,18,0,1,0,0,0,0,1,1,6,1,23,5,1595,1,6,2,1
201414K304014,2,9,0,9,0,4,0,0,0,0,4,1,6,2,18,4,1397,1,6,6,1
201414K304114,1,11,0,18,2,0,0,0,0,0,3,1,1,1,29,6,9000,2,4,1,1
201414K304114,2,9,0,11,0,0,0,0,0,0,4,1,6,1,41,7,1968,2,6,2,1
201414K304214,1,9,0,18,0,8,0,0,0,0,1,1,6,2,41,7,1598,1,6,2,1
201414K304214,2,9,0,18,0,8,0,0,0,0,4,1,6,2,26,6,1956,2,5,2,1
201414K304314,1,9,0,18,0,0,5,0,0,0,1,1,6,1,45,7,1598,1,4,7,1
201414K304714,1,9,0,18,0,8,0,0,0,0,1,1,3,2,34,6,1199,1,15,1,1
201414K304914,1,11,0,18,0,8,0,0,0,0,4,1,1,1,52,8,4250,2,11,1,1
201414K304914,2,9,0,18,0,4,0,0,0,0,3,1,6,1,30,6,1598,1,14,2,1
201414K305214,1,3,0,18,0,1,0,0,0,0,1,1,6,1,24,5,125,1,6,-1,1
201414K305214,2,9,0,4,0,1,0,0,0,0,2,1,6,1,21,5,3999,1,7,8,1
201414K305414,1,11,0,4,0,1,0,0,1,5,4,1,1,1,48,8,4461,2,1,5,1