Accident_Index,Vehicle_Reference,Vehicle_Type,Towing_and_Articulation,Vehicle_Manoeuvre,Vehicle_Location-Restricted_Lane,Junction_Location,Skidding_and_Overturning,Hit_Object_in_Carriageway,Vehicle_Leaving_Carriageway,Hit_Object_off_Carriageway,1st_Point_of_Impact,Was_Vehicle_Left_Hand_Drive?,Journey_Purpose_of_Driver,Sex_of_Driver,Age_of_Driver,Age_Band_of_Driver,Engine_Capacity_(CC),Propulsion_Code,Age_of_Vehicle,Driver_IMD_Decile,Driver_Home_Area_Type
201414K305514,1,9,0,9,0,6,0,0,0,0,3,1,6,1,67,10,1248,2,2,-1,-1
201414K305514,2,3,0,18,0,8,1,0,0,0,1,1,6,1,18,4,124,1,1,8,1
201414K305614,1,9,0,18,0,5,0,0,0,0,1,1,6,2,23,5,1390,1,14,3,1
201414K305614,2,1,0,18,0,8,0,0,0,0,2,1,6,1,61,9,-1,-1,-1,1,1
201414K305814,1,9,0,18,0,0,0,0,0,0,1,1,6,2,35,6,1598,1,-1,2,1
201414K305814,2,9,0,14,0,0,5,0,1,0,1,1,6,1,76,11,1341,1,10,2,1
201414K305814,3,9,0,2,0,0,0,0,0,0,4,1,6,1,41,7,1956,2,1,2,1
201414K305914,1,9,0,9,0,6,0,0,0,0,3,1,6,1,21,5,1396,1,9,5,1
201414K305914,2,9,0,18,0,8,0,0,0,0,1,1,6,1,26,6,-1,-1,-1,-1,-1
201414K306114,1,9,0,9,0,1,0,0,0,0,1,1,2,2,27,6,998,1,7,1,1
201414K306114,2,9,0,18,0,1,0,0,0,0,1,1,2,1,56,9,1870,2,22,6,1
201414K306114,3,21,0,10,0,1,0,0,0,0,1,1,1,1,52,8,6370,2,9,5,1
201414K306314,1,11,0,18,0,0,0,0,0,0,1,1,6,2,19,4,4500,2,3,8,1
201414K306314,2,9,0,6,0,0,0,0,0,0,3,1,1,2,29,6,1761,1,13,1,1
201414K306814,1,9,0,18,0,0,0,0,0,0,4,1,6,1,21,5,-1,-1,-1,7,3
201414K306914,1,9,0,18,0,0,1,4,0,0,1,1,6,1,19,4,1753,2,11,6,1
201414K306914,2,9,0,18,0,0,1,0,0,0,1,1,6,1,21,5,-1,-1,-1,2,1
201414K306914,3,9,0,2,0,0,0,0,0,0,2,1,6,1,-1,-1,-1,-1,-1,4,1
201414K306914,4,9,0,2,0,0,0,0,0,0,1,1,6,2,50,8,1242,1,7,3,1
201414K307314,1,9,0,9,0,5,0,0,0,0,4,1,2,1,56,9,2204,2,7,9,1
201414K307314,2,1,0,15,0,8,0,0,0,0,1,1,2,1,23,5,-1,-1,-1,9,1
201414K307414,1,9,0,18,0,8,0,0,0,0,1,1,6,1,78,11,1896,2,7,9,1
201414K307414,2,1,0,18,0,4,0,0,0,0,1,1,6,1,32,6,-1,-1,-1,1,1
201414K307914,1,9,0,18,0,0,0,0,0,0,4,1,6,3,-1,-1,-1,-1,-1,-1,-1
201414K308414,1,9,0,18,0,8,0,0,0,0,3,1,6,1,20,4,1560,2,6,5,1
201414K308414,2,9,0,9,0,8,0,0,0,0,1,1,6,1,45,7,1896,2,10,9,2
201414K308514,1,9,0,9,0,8,0,0,0,0,1,1,6,1,74,10,1400,1,9,6,1
201414K308514,2,9,0,5,0,8,0,0,0,0,1,1,6,1,52,8,1896,2,13,2,1
201414K308614,1,9,0,1,0,0,0,0,0,0,2,1,6,2,73,10,1149,1,1,4,2
201414K309514,1,9,0,18,0,1,0,0,8,0,1,1,6,2,49,8,1794,1,10,2,1
201414K309514,2,9,0,5,0,8,0,0,0,0,1,1,6,1,20,4,1896,2,10,1,1
201414K309714,1,2,0,17,0,2,0,0,0,0,1,1,1,1,19,4,49,1,1,10,1
201414K309714,2,9,0,5,0,6,0,0,0,0,1,1,6,1,35,6,1560,2,2,9,1
201414K309814,1,9,0,18,0,3,0,0,0,0,2,1,6,1,47,8,-1,-1,-1,2,1
201414K309814,2,9,0,18,0,3,0,0,0,0,1,1,6,1,37,7,1798,1,10,-1,-1
201414K309814,3,9,0,18,0,3,0,0,0,0,0,1,1,2,28,6,1598,2,2,-1,1
201414K309914,1,9,0,18,0,0,0,4,0,0,1,1,6,2,87,11,998,1,8,7,1
201414K309914,2,9,0,2,0,0,0,0,0,0,1,1,6,1,41,7,1998,2,7,6,1
201414K310014,1,9,0,4,0,0,0,0,0,0,2,1,6,1,34,6,1493,2,8,9,1
201414K310014,2,9,0,4,0,0,0,0,0,0,1,1,6,1,74,10,2148,2,5,10,1
201414K310914,1,19,0,3,0,0,0,0,0,0,2,1,2,1,44,7,2198,2,-1,7,1
201414K310914,2,9,0,4,0,0,0,0,0,0,1,1,1,2,40,7,1461,2,4,8,3
201414K311014,1,11,0,18,0,5,0,0,0,0,1,1,1,1,57,9,9000,2,4,3,1
201414K311814,1,9,0,3,0,0,0,0,0,0,2,1,1,1,54,8,1598,1,-1,10,1
201414K311814,2,9,0,3,0,0,0,0,0,0,2,1,6,2,25,5,1598,2,2,5,1
201414K311814,3,9,0,12,0,0,0,0,4,1,1,1,6,2,74,10,1329,1,1,9,1
201414K311914,1,11,0,2,0,0,0,0,0,0,0,1,1,1,47,8,4461,2,1,2,1
201414K312414,1,9,0,3,0,4,0,0,0,0,2,1,6,2,35,6,1360,1,5,8,2
201414K312414,2,9,0,5,0,1,0,0,0,0,1,1,6,1,-1,-1,-1,-1,-1,-1,-1
201414K312514,1,9,0,5,1,2,0,0,0,0,3,1,2,2,44,7,2199,2,4,7,1
201414K312714,1,9,0,18,0,1,0,0,0,0,1,1,6,1,80,11,1596,1,13,-1,1
201414K312714,2,9,0,10,0,8,0,0,0,0,2,1,6,1,33,6,1984,1,9,2,1
201414K312714,3,9,0,10,0,8,0,0,0,0,2,1,6,2,36,7,2198,1,10,2,1
201414K312814,1,9,0,18,0,8,0,0,0,0,1,1,6,1,40,7,1997,2,12,3,1
201414K312914,1,9,0,16,0,0,0,0,0,0,1,1,1,1,44,7,1600,2,2,-1,1
201414K312914,2,9,0,18,0,0,0,0,0,0,1,1,6,2,61,9,1389,1,9,5,2
201414K312914,3,9,0,2,0,0,0,0,0,0,1,1,6,3,-1,-1,-1,-1,-1,-1,-1
201414K313814,1,9,0,13,0,0,0,0,8,10,1,1,6,1,64,9,6000,1,9,3,1
201414K313814,2,9,0,18,0,0,0,7,1,7,1,1,1,1,56,9,998,1,-1,4,1
201414K314414,1,2,0,18,0,8,1,0,0,0,1,1,2,1,16,4,49,1,1,4,1
201414K314414,2,9,0,4,0,8,0,0,0,0,2,1,2,2,59,9,1299,1,11,9,1
201414K314414,3,11,0,18,0,8,0,0,0,0,1,1,6,2,54,8,4461,2,1,3,1
201414K314914,1,9,0,18,0,0,0,0,0,0,3,1,6,2,20,4,1397,1,6,6,1
201414K314914,2,9,0,18,0,0,0,0,0,0,3,1,6,2,27,6,1248,1,-1,2,1
201414K315014,1,9,0,18,0,8,1,0,0,0,3,1,6,2,74,10,1198,1,3,10,1
201414K315014,2,9,0,9,0,8,1,0,0,0,4,1,2,1,37,7,1998,1,12,9,1
201414K315114,1,9,0,18,0,0,1,0,4,6,1,1,1,1,45,7,1968,2,1,1,1
201414K315214,1,21,0,9,0,6,0,0,0,0,3,1,1,1,33,6,12900,2,7,3,1
201414K315214,2,9,0,18,0,1,0,0,0,0,1,1,6,1,24,5,1388,1,13,1,1
201414K315414,1,9,0,18,0,1,0,0,0,0,0,1,6,2,72,10,1799,1,8,2,1
201414K315614,1,9,0,9,8,6,0,0,0,0,3,1,6,1,71,10,1985,1,16,1,1
201414K315614,2,5,0,14,0,1,1,0,0,0,1,1,1,2,53,8,1050,1,4,5,1
201414K315814,1,9,0,4,0,0,1,0,0,0,1,1,1,1,31,6,-1,-1,-1,5,1
201414K315814,2,9,0,4,0,0,0,0,0,0,2,1,3,1,44,7,1339,1,6,5,1
201414K316314,1,9,0,14,0,0,0,0,0,0,4,1,6,2,51,8,1198,1,3,10,1
201414K316714,1,9,0,9,0,5,0,0,0,0,3,1,6,2,57,9,1560,2,-1,8,1
201414K316714,2,9,0,1,0,1,0,0,0,0,2,1,6,3,-1,-1,-1,-1,-1,-1,-1
201414K316814,1,9,0,18,0,8,0,0,0,0,1,1,6,1,21,5,1781,1,13,10,1
201414K316814,2,9,0,9,0,8,0,0,0,0,4,1,6,1,25,5,1998,1,14,1,1
201414K317014,1,9,0,17,0,0,2,0,1,4,2,1,6,1,64,9,1796,1,12,3,1
201414K317114,1,9,0,18,0,1,0,0,0,0,1,1,6,3,-1,-1,-1,-1,-1,-1,-1
201414K317214,1,9,0,18,0,6,0,0,0,0,1,1,6,2,18,4,1124,1,9,9,2
201414K317214,2,9,0,16,0,8,0,0,0,0,3,1,6,1,70,10,-1,-1,-1,7,1
201414K317314,1,9,0,3,0,0,0,4,0,0,2,1,6,1,44,7,-1,-1,-1,6,1
201414K317314,2,9,0,18,0,0,0,0,0,0,0,1,6,1,-1,-1,1229,1,9,10,2
201414K317314,3,9,0,18,0,0,0,0,0,0,0,1,6,1,-1,-1,-1,-1,-1,9,2
201414K317414,1,11,0,4,0,1,1,0,0,0,0,1,1,1,44,7,-1,-1,-1,1,1
201414K317414,2,9,0,14,0,2,0,0,1,0,0,1,6,3,-1,-1,1598,1,11,-1,-1
201414K317714,1,11,0,4,0,1,0,0,0,0,0,1,1,1,45,7,4250,2,14,2,1
201414K317714,2,9,0,9,0,6,0,0,0,0,0,1,6,3,-1,-1,-1,-1,-1,-1,-1
201414K317914,1,9,0,18,0,0,0,0,0,0,3,1,6,1,27,6,1598,1,11,1,1
201414K317914,2,9,0,11,0,0,0,0,0,0,4,1,1,1,65,9,1596,1,5,3,1
201414K318314,1,9,0,18,0,8,0,0,0,0,1,1,6,2,38,7,1399,1,8,8,1
201414K318314,2,9,0,9,0,8,0,0,0,0,1,1,6,2,42,7,1341,1,10,6,1
201414K318414,1,9,0,18,0,0,0,0,0,0,3,1,6,1,86,11,1199,1,12,1,1
201414K318414,2,19,0,18,0,0,5,0,0,0,3,1,2,1,52,8,2402,2,12,1,1
201414K318514,1,9,0,5,0,6,0,0,0,0,1,1,6,1,25,5,1968,2,3,7,3
201414K318514,2,9,0,5,0,6,0,0,0,0,1,1,6,2,29,6,1896,2,11,8,2
201414K318914,1,9,0,8,0,1,0,0,0,0,2,1,1,2,27,6,1242,1,2,10,1
201414K318914,2,9,0,18,0,1,0,0,0,0,1,1,6,3,-1,-1,-1,-1,-1,-1,-1
201414K319114,1,4,0,18,0,8,0,0,0,0,1,1,6,1,49,8,398,1,11,1,1
201414K319114,2,9,0,6,0,8,0,0,0,0,3,1,6,1,60,9,1598,1,13,1,1
201414K319414,1,8,0,16,0,3,1,0,0,0,4,1,1,3,40,7,1997,2,7,5,1
201414K319414,2,8,0,18,0,4,1,0,0,0,1,1,1,1,32,6,1997,2,7,2,1
201414K319614,1,9,0,9,0,6,0,0,0,0,3,1,1,1,56,9,1598,1,11,5,1
201414K319614,2,3,0,18,0,8,0,0,0,0,1,1,1,1,48,8,124,1,9,1,1
201414K320414,1,9,0,18,0,8,0,0,0,0,1,1,6,1,21,5,1124,1,8,7,1
201414K320414,2,9,0,18,0,8,5,0,0,0,3,1,6,1,22,5,1242,1,11,4,1
201414K320514,1,9,0,18,0,8,0,0,0,0,1,1,6,1,28,6,1388,1,10,4,1
201414K321214,1,9,0,9,0,6,0,0,0,0,1,1,6,1,40,7,2143,2,-1,2,1
201414K321214,2,3,0,18,0,8,0,0,0,0,1,1,2,1,40,7,124,1,3,8,1
201414K321314,1,9,0,18,0,2,1,0,1,2,1,1,6,1,58,9,1998,1,12,2,1
201414K321414,1,90,0,5,0,0,0,0,0,0,1,1,6,3,-1,-1,-1,-1,-1,-1,-1
201414K321514,1,9,0,18,0,0,0,0,0,0,1,1,6,1,82,11,1794,1,13,7,1
201414K321514,2,8,0,18,0,0,0,0,0,0,1,1,1,1,44,7,2148,2,9,-1,1
201414K321614,1,9,0,18,0,0,0,0,0,0,1,1,6,1,32,6,1398,1,3,-1,-1
201414K321614,2,9,0,18,0,0,0,0,0,0,1,1,6,1,18,4,1124,1,13,2,1
201414K321614,3,9,0,2,0,0,0,0,0,0,3,1,6,1,29,6,2324,1,14,4,1
201414K321714,1,9,0,16,0,0,0,0,0,0,1,1,6,1,25,5,998,1,12,5,1
201414K322014,1,18,0,18,1,0,0,0,0,0,0,1,1,1,48,8,-1,-1,-1,2,1
201414K322414,1,19,4,18,0,8,0,0,0,0,0,1,1,1,48,8,-1,-1,-1,7,2
201414K322414,2,9,0,18,0,8,1,11,0,0,1,1,1,1,34,6,2143,2,-1,5,2
201414K322514,1,9,0,4,0,1,0,0,0,0,4,1,6,1,35,6,1598,2,3,5,1
201414K323314,1,9,0,3,0,8,0,0,0,0,2,1,1,1,44,7,1968,2,1,8,1
201414K323314,2,9,0,11,0,8,0,0,0,0,1,1,6,3,-1,-1,998,1,16,-1,-1
201414K323314,3,9,0,3,0,8,0,0,0,0,2,1,1,3,22,5,1149,1,8,10,1
201414K323414,1,9,0,18,0,0,0,0,0,0,1,1,6,2,45,7,1995,1,4,10,1
201414K323414,2,22,0,5,0,0,5,0,0,0,1,1,6,1,91,11,-1,-1,-1,8,1
201414K323514,1,9,0,9,0,8,0,0,0,0,4,1,1,2,18,4,1242,1,1,2,1
201414K323514,2,8,0,18,0,1,0,0,0,0,1,1,1,1,37,7,2664,2,14,1,1
201414K324814,1,11,0,9,0,0,0,0,0,0,3,1,1,1,61,9,4250,2,9,8,1
201414K325214,1,9,0,5,0,0,0,0,0,0,1,1,6,1,27,6,1598,1,13,1,1
201414K325614,1,9,0,16,0,2,0,0,0,0,1,1,6,3,-1,-1,-1,-1,-1,-1,-1
201414K326014,1,9,0,18,9,0,0,0,0,0,3,1,6,3,-1,-1,-1,-1,-1,-1,-1
201414K326414,1,16,0,18,0,2,0,0,0,0,3,1,6,2,15,3,-1,-1,-1,10,1
201414K326414,2,9,0,18,0,2,0,0,0,0,4,1,6,1,68,10,2179,2,1,10,1
201414K326514,1,9,0,18,0,0,0,0,0,0,1,1,6,1,22,5,1968,2,-1,7,1
201414K326514,2,9,0,18,0,0,0,0,0,0,2,1,6,1,20,4,1896,2,11,7,1
201414K326514,3,9,0,18,0,0,0,0,0,0,2,1,6,1,25,5,1560,2,3,6,1
201414K326714,1,9,0,18,0,0,0,0,0,0,1,1,6,1,46,8,1797,8,4,2,1
201414K326714,2,9,0,18,0,0,0,0,0,0,1,1,6,2,70,10,998,1,2,2,1
201414K326814,1,9,0,9,0,8,0,0,0,0,1,1,6,2,20,4,1390,1,4,1,1
201414K326814,2,9,0,18,0,8,0,0,0,0,1,1,6,2,48,8,1364,2,6,1,1
201414K327714,1,9,0,12,0,8,0,0,0,0,3,1,6,1,27,6,-1,-1,-1,1,1
201414K327714,2,21,0,18,0,8,0,0,0,0,4,1,1,1,31,6,12580,2,9,7,1
201414K328114,1,9,0,7,0,6,0,0,0,0,3,1,6,1,49,8,1596,1,10,8,1
201414K328114,2,1,0,18,0,8,0,0,0,0,1,1,6,1,75,10,-1,-1,-1,6,1
201414K329014,1,9,0,18,0,0,0,0,0,0,4,1,6,3,-1,-1,-1,-1,-1,-1,-1
201414K329414,1,9,0,4,0,0,0,0,0,0,2,1,6,1,25,5,1840,1,11,4,2
201414K329414,2,9,0,18,0,0,1,0,0,0,1,1,6,2,30,6,1968,2,1,1,1
201414K329414,3,9,0,18,0,0,0,0,0,0,0,1,1,1,28,6,2231,2,1,4,1
201414K330514,1,9,0,3,0,0,0,0,0,0,2,1,2,1,20,4,1896,2,10,1,1
201414K330514,2,9,0,18,0,0,0,0,0,0,1,1,6,3,-1,-1,1997,2,14,2,1
201414K330614,1,20,0,18,0,1,0,0,0,0,1,1,1,1,42,7,4899,2,6,7,1
201414K330614,2,1,0,18,0,1,0,0,0,0,1,1,2,2,46,8,-1,-1,-1,5,1
201414K332314,1,9,0,3,0,1,0,0,0,0,2,1,6,1,30,6,2521,1,7,2,1
201414K332314,2,9,0,18,0,1,0,0,0,0,1,1,6,3,-1,-1,2793,1,15,-1,-1
201414K333014,1,9,0,17,0,0,2,0,1,11,4,1,6,1,79,11,2967,2,-1,5,1
201414K333114,1,9,0,4,0,2,0,0,0,0,2,1,6,1,36,7,1968,2,-1,1,1
201414K333114,2,9,0,4,0,2,0,0,0,0,2,1,6,2,33,6,1968,2,2,2,1
201414K333114,3,9,0,4,0,2,0,0,0,0,1,1,6,1,32,6,1275,1,17,9,1
201414K333314,1,9,0,18,0,0,0,0,0,0,1,1,6,1,21,5,998,1,4,1,1
201414K333314,2,9,0,18,0,0,0,0,0,0,1,1,6,1,41,7,1896,2,7,2,1
201414K333514,1,19,0,18,0,0,0,0,0,0,1,1,6,1,56,9,2295,7,11,1,1
201414K333714,1,9,0,3,0,1,0,0,0,0,2,1,6,2,54,8,1398,2,2,5,2
201414K333714,2,9,0,18,0,1,0,0,0,0,1,1,6,2,58,9,-1,-1,-1,8,1
201414K333814,1,9,0,4,0,0,0,0,0,0,2,1,6,2,25,5,2148,2,8,8,1
201414K333814,2,9,0,18,0,0,0,0,0,0,1,1,6,1,43,7,1560,2,8,3,1
201414K333914,1,9,0,18,0,8,0,0,0,0,3,1,6,1,35,6,-1,-1,-1,8,1
201414K333914,2,9,0,18,0,8,0,0,0,0,1,1,6,1,35,6,-1,-1,-1,10,1
201414K334214,1,9,0,18,0,1,0,0,0,0,1,1,6,3,-1,-1,-1,-1,-1,-1,-1
201414K334314,1,9,0,18,0,8,0,0,0,0,1,1,6,1,36,7,1242,1,10,4,1
201414K334314,2,9,0,18,0,8,0,0,0,0,3,1,1,2,23,5,1390,1,-1,5,1
201414K334514,1,9,0,18,0,0,0,0,0,0,1,1,6,2,70,10,1398,1,1,4,1
201414K334714,1,9,0,17,0,4,0,0,0,0,2,1,6,1,58,9,-1,-1,-1,6,1
201414K334714,2,1,0,18,0,8,0,0,0,0,2,1,6,2,37,7,-1,-1,-1,1,1
201414K335014,1,8,0,18,0,0,0,0,0,0,1,1,1,1,32,6,2402,2,8,2,1
201414K335214,1,9,0,16,0,0,1,0,1,11,1,1,6,1,20,4,1198,1,10,4,1
201414K335414,1,9,0,9,0,8,0,0,0,0,1,1,6,1,46,8,1598,2,4,10,1
201414K335414,2,9,0,18,0,8,0,0,0,0,1,1,6,1,49,8,2497,2,9,3,1
201414K335514,1,9,0,3,0,1,0,0,0,0,1,1,6,1,23,5,2204,2,5,5,1
201414K335514,2,9,0,3,0,1,0,0,0,0,2,1,6,1,51,8,1560,2,-1,5,1
201414K335614,1,1,0,4,0,8,0,0,0,0,1,1,2,1,51,8,-1,-1,-1,10,1
201414K335614,2,9,0,9,0,8,0,0,0,0,3,1,6,1,52,8,3980,1,17,3,1
201414K335914,1,9,0,4,0,0,0,0,0,0,1,1,1,2,49,8,1997,2,8,8,1
201414K336114,1,9,0,5,0,1,0,0,0,0,2,1,6,2,34,6,1598,2,-1,7,1
201414K336114,2,9,0,5,0,1,0,0,0,0,1,1,6,1,20,4,1686,2,7,5,1
2014160A00011,1,9,0,17,0,0,0,0,0,0,1,1,6,1,21,5,1242,1,6,2,1
2014160A00011,2,9,0,2,0,0,0,0,0,0,2,1,6,3,-1,-1,1587,1,13,-1,-1
2014160A00021,1,9,0,5,0,4,0,0,0,0,4,1,6,1,39,7,1596,1,10,1,1
2014160A00021,2,9,0,18,0,3,0,0,0,0,3,1,6,1,36,7,1910,2,9,1,1
2014160A00041,1,9,0,4,0,1,0,0,0,0,1,1,6,2,84,11,998,1,12,6,1
2014160A00041,2,9,0,3,0,1,0,0,0,0,2,1,6,1,67,10,2191,2,2,7,1
2014160A00051,1,9,0,5,0,6,0,0,0,0,0,1,6,3,-1,-1,-1,-1,-1,-1,-1
2014160A00051,2,9,0,18,0,1,0,0,1,9,4,1,2,1,21,5,1124,1,5,5,1
2014160A00061,1,9,0,17,0,8,0,0,0,0,1,1,6,1,41,7,1910,2,6,10,3
2014160A00061,2,5,0,18,0,6,0,0,0,0,4,1,6,1,27,6,-1,-1,-1,1,1
2014160A00071,1,9,0,18,0,8,0,0,0,0,1,1,6,2,42,7,1951,2,12,6,3
2014160A00071,2,9,0,18,0,4,0,0,0,0,2,1,6,1,43,7,-1,-1,-1,6,1
2014160A00081,1,9,0,13,0,0,0,0,0,0,4,1,2,2,44,7,1995,2,2,5,3
2014160A00081,2,1,0,18,0,0,0,0,0,0,3,1,6,1,28,6,-1,-1,-1,7,3
2014160A00091,1,9,0,9,0,6,0,0,0,0,3,1,6,2,18,4,1598,1,8,6,1
2014160A00091,2,9,0,17,0,8,0,0,0,0,1,1,6,2,40,7,1399,2,8,2,1
2014160A00101,1,9,0,4,0,1,0,0,0,0,1,1,6,2,53,8,1299,1,13,7,3
2014160A00101,2,9,0,4,0,1,0,0,0,0,2,1,6,1,21,5,1248,2,2,9,1
2014160A00101,3,9,0,10,0,5,0,0,0,0,2,1,6,2,49,8,1995,2,9,10,1
2014160A00111,1,9,0,16,0,0,0,0,1,9,1,1,6,1,76,11,1242,1,6,3,1
2014160A00121,1,9,0,7,0,6,0,0,0,0,1,1,6,1,42,7,1242,1,11,6,1
2014160A00121,2,1,0,18,4,1,0,0,0,0,3,1,6,1,21,5,-1,-1,-1,4,1
2014160A00131,1,9,0,17,0,0,1,0,0,0,1,1,6,1,-1,-1,1399,2,10,-1,-1
2014160A00131,2,9,0,2,0,0,0,0,0,0,3,1,6,1,-1,-1,1242,1,13,-1,-1
2014160A00131,3,9,0,2,0,0,0,0,0,0,3,1,6,1,35,6,-1,-1,-1,2,1
2014160A00151,1,9,0,9,0,2,0,0,0,0,1,1,6,2,60,9,-1,-1,-1,7,2
2014160A00161,1,9,0,7,0,6,0,0,0,0,1,1,6,1,47,8,1796,1,9,2,1
2014160A00161,2,1,0,18,0,8,0,0,0,0,4,1,6,1,31,6,-1,-1,-1,1,1
2014160A00171,1,9,0,18,0,0,0,0,0,0,1,1,6,1,85,11,1248,2,5,8,1
2014160A00171,2,19,0,2,0,0,0,0,0,0,2,1,6,1,-1,-1,1870,2,11,-1,-1
2014160A00171,3,9,0,2,0,0,0,0,0,0,2,1,6,1,-1,-1,1796,1,9,-1,-1
2014160A00181,1,9,0,7,0,5,1,0,1,4,1,1,1,2,53,8,1242,1,3,6,1
2014160A00191,1,9,0,3,0,0,0,0,0,0,4,1,6,1,33,6,2401,2,11,6,1
2014160A00201,1,8,0,9,0,8,0,0,0,0,1,1,1,1,30,6,1910,2,7,2,1
2014160A00201,2,1,0,10,0,8,0,0,0,0,1,1,6,1,36,7,-1,-1,-1,2,1
2014160A00211,1,9,0,9,0,8,0,0,0,0,1,1,6,2,56,9,1398,2,11,1,1
2014160A00211,2,9,0,18,0,8,0,0,0,0,1,1,6,1,49,8,1910,2,8,1,1
2014160A00221,1,9,0,6,0,2,0,0,1,11,1,1,6,1,80,11,1590,1,16,1,1
2014160A00221,2,9,0,2,0,1,0,0,0,0,2,1,6,3,-1,-1,1798,1,12,-1,-1
2014160A00231,1,1,0,18,0,8,0,0,0,0,3,1,6,1,18,4,-1,-1,-1,4,1
2014160A00231,2,9,0,18,0,8,0,0,0,0,1,1,6,1,30,6,1970,1,14,2,1
2014160A00241,1,9,0,18,0,1,0,0,0,0,4,1,6,3,-1,-1,-1,-1,-1,-1,-1
2014160A00251,1,9,0,18,0,0,5,0,1,9,1,1,6,1,20,4,1997,2,8,7,1
2014160A00261,1,9,0,9,0,5,0,0,0,0,1,1,6,1,67,10,1997,2,3,5,1
2014160A00261,2,9,0,18,0,8,0,0,0,0,1,1,6,1,35,6,1998,2,12,5,1
2014160A00271,1,9,0,18,0,2,0,0,0,0,3,1,6,1,18,4,998,1,13,8,1
2014160A00281,1,9,0,9,0,5,0,0,0,0,1,1,6,1,31,6,1995,1,10,6,1
2014160A00281,2,9,0,18,0,1,0,0,0,0,1,1,6,1,82,11,1598,1,13,8,1
2014160A00291,1,9,0,9,0,6,0,0,0,0,1,1,6,1,42,7,1598,1,13,4,1
2014160A00291,2,9,0,18,0,1,0,0,0,0,3,1,6,1,51,8,1995,2,12,10,2
2014160A00291,3,9,0,18,0,1,0,0,0,0,3,1,1,1,40,7,-1,-1,-1,9,2
2014160A00301,1,9,0,7,0,8,0,0,0,0,1,1,6,1,31,6,1242,1,13,1,1
2014160A00301,2,9,0,9,0,8,0,0,0,0,3,1,6,1,59,9,1199,1,10,2,1
2014160A00311,1,1,0,18,0,8,0,0,0,0,4,1,6,1,53,8,-1,-1,-1,2,1
2014160A00311,2,9,0,18,0,4,0,0,0,0,1,1,6,2,44,7,1598,1,9,9,1
2014160A00331,1,9,0,18,0,0,0,0,0,0,1,1,6,3,-1,-1,-1,-1,-1,-1,-1
2014160A00331,2,1,0,18,0,0,0,0,0,0,2,1,2,1,53,8,-1,-1,-1,2,1
2014160A00341,1,9,0,18,0,0,0,0,0,0,3,1,2,2,44,7,1598,1,7,9,1
2014160A00341,2,9,0,3,0,0,0,0,0,0,1,1,2,1,27,6,1396,1,9,4,1
2014160A00351,1,9,0,16,0,0,0,0,0,0,1,1,6,3,-1,-1,-1,-1,-1,-1,-1
2014160A00361,1,9,0,4,0,0,0,0,0,0,2,1,1,2,47,8,1598,1,2,10,3
2014160A00361,2,9,0,4,0,0,0,0,0,0,1,1,1,2,21,5,1149,1,8,6,1
2014160A00371,1,9,0,18,0,0,0,0,0,0,4,1,3,2,32,6,2902,2,10,9,1
2014160A00391,1,19,0,18,0,0,0,0,0,0,1,1,6,1,32,6,2402,2,7,2,1
2014160A00391,2,19,0,18,0,0,0,0,0,0,2,1,6,1,50,8,1870,2,10,4,1
2014160A00391,3,9,0,18,0,0,0,0,0,0,2,1,6,1,45,7,-1,-1,-1,3,1
2014160A00401,1,9,0,18,0,1,0,0,0,0,1,1,6,1,39,7,-1,-1,-1,1,1
2014160A00401,2,9,0,18,0,1,0,0,0,0,2,1,6,1,48,8,1997,2,4,4,1
2014160A00411,1,9,0,18,0,8,0,0,0,0,4,1,6,1,77,11,1560,2,1,6,1
2014160A00411,2,90,0,9,0,6,0,0,0,0,3,1,1,1,47,8,-1,-1,-1,3,1
2014160A00421,1,9,0,18,0,0,0,0,0,0,1,1,6,2,41,7,1560,2,-1,1,1
2014160A00431,1,9,0,9,0,8,0,0,0,0,1,1,6,1,58,9,1240,1,11,4,1
2014160A00431,2,9,0,18,0,8,0,0,1,1,4,1,2,2,51,8,1596,1,11,4,1
2014160A00441,1,9,0,18,0,2,0,0,0,0,1,1,6,1,56,9,1753,2,5,3,1
2014160A00451,1,19,0,18,0,8,0,0,0,0,1,1,6,1,34,6,1753,2,8,8,1
2014160A00451,2,9,0,9,0,8,0,0,0,0,1,1,6,1,34,6,1598,1,1,8,1
2014160A00461,1,9,0,9,0,8,0,0,0,0,0,1,6,3,-1,-1,-1,-1,-1,-1,-1
2014160A00461,2,3,0,18,0,8,0,0,0,0,0,1,6,1,23,5,125,1,2,8,1
2014160A00471,1,9,0,18,0,0,0,0,1,9,2,1,6,1,18,4,1590,1,13,3,1
2014160A00481,1,9,0,18,0,0,0,0,0,0,3,1,6,3,-1,-1,-1,-1,-1,-1,-1
2014160A00491,1,9,0,18,0,2,0,0,0,0,1,1,1,1,48,8,-1,-1,-1,3,1
2014160A00491,2,9,0,3,0,2,0,0,0,0,2,1,1,1,21,5,-1,-1,-1,9,1
2014160A00511,1,1,0,18,0,0,0,0,0,0,1,1,1,1,19,4,-1,-1,-1,2,1
2014160A00511,2,9,0,2,0,0,0,0,0,0,2,1,6,3,-1,-1,1796,1,3,-1,-1
2014160A00521,1,9,0,18,0,2,1,7,0,0,3,1,6,1,23,5,1229,1,9,1,1