Accident_Index,Vehicle_Reference,Vehicle_Type,Towing_and_Articulation,Vehicle_Manoeuvre,Vehicle_Location-Restricted_Lane,Junction_Location,Skidding_and_Overturning,Hit_Object_in_Carriageway,Vehicle_Leaving_Carriageway,Hit_Object_off_Carriageway,1st_Point_of_Impact,Was_Vehicle_Left_Hand_Drive?,Journey_Purpose_of_Driver,Sex_of_Driver,Age_of_Driver,Age_Band_of_Driver,Engine_Capacity_(CC),Propulsion_Code,Age_of_Vehicle,Driver_IMD_Decile,Driver_Home_Area_Type
2014160B01401,1,3,0,16,0,0,1,0,0,0,1,1,2,1,26,6,124,1,15,3,2
2014160B01401,2,9,0,17,0,0,0,0,0,0,3,1,6,2,39,7,1910,2,6,3,2
2014160B01421,1,9,0,9,0,6,0,0,1,4,2,1,6,1,64,9,1997,1,7,7,3
2014160B01421,2,9,0,18,0,8,0,0,0,0,1,1,1,1,42,7,2401,2,9,-1,2
2014160B01431,1,9,0,9,0,6,0,0,0,0,1,1,6,1,35,6,1968,2,-1,4,1
2014160B01431,2,21,1,18,0,8,0,0,0,0,3,1,1,1,58,9,12777,2,6,7,1
2014160B01441,1,9,0,18,0,0,2,10,7,4,1,1,6,1,29,6,1598,1,11,7,3
2014160B01451,1,9,0,7,0,2,0,0,0,0,1,1,6,1,30,6,1794,1,11,2,1
2014160B01451,2,9,0,14,0,1,0,0,0,0,1,1,6,1,17,4,1199,1,10,3,1
2014160B01461,1,9,0,7,0,6,0,0,0,0,1,1,6,2,78,11,1329,1,1,7,3
2014160B01461,2,9,0,13,0,8,0,10,7,0,1,1,6,1,24,5,1995,2,2,5,2
2014160B01471,1,9,0,5,0,6,0,0,0,0,1,1,6,2,49,8,1364,1,4,5,1
2014160B01471,2,9,0,18,0,8,0,0,0,0,3,1,6,2,31,6,1997,1,9,4,1
2014160B01481,1,9,0,9,0,6,0,0,0,0,3,1,2,1,32,6,1796,1,7,6,1
2014160B01481,2,9,0,18,0,8,0,0,0,0,1,1,2,1,45,7,1242,1,12,1,1
2014160B01491,1,9,0,16,0,0,5,0,7,4,1,1,2,2,59,9,1560,2,5,2,1
2014160B01501,1,9,0,3,0,0,0,0,0,0,2,1,6,1,49,8,1895,1,16,4,3
2014160B01501,2,9,0,4,0,0,0,0,0,0,1,1,6,1,35,6,1199,1,12,1,1
2014160B01521,1,19,0,18,0,1,0,0,0,0,1,1,1,1,27,6,-1,-1,-1,1,1
2014160B01521,2,9,0,9,0,1,0,0,0,0,2,1,6,1,67,10,2000,1,8,8,1
2014160B01531,1,97,0,18,0,0,0,0,1,10,4,1,6,1,51,8,-1,-1,-1,6,3
2014160B01541,1,9,0,18,0,1,0,0,0,0,1,1,6,2,43,7,1796,1,13,6,2
2014160B01551,1,9,0,9,0,1,0,0,0,0,2,1,6,2,36,7,1398,1,4,6,1
2014160B01551,2,8,0,4,0,1,1,0,0,0,1,1,1,1,33,6,-1,-1,-1,-1,1
2014160B01561,1,9,0,18,0,8,0,0,0,7,4,1,6,2,58,9,2499,1,7,4,1
2014160B01561,2,11,0,18,0,8,0,0,0,0,1,1,1,1,52,8,7300,2,13,4,1
2014160B01571,1,1,0,18,0,8,0,0,0,0,1,1,6,1,38,7,-1,-1,-1,3,2
2014160B01571,2,9,0,3,0,1,0,0,0,0,4,1,6,1,51,8,2477,2,9,6,2
2014160B01581,1,9,0,5,0,6,0,0,0,0,4,1,6,2,56,9,1781,1,14,9,2
2014160B01581,2,19,0,18,0,8,0,0,0,0,1,1,1,1,44,7,2198,2,5,4,3
2014160B01591,1,9,0,17,0,0,0,0,1,9,1,1,6,1,18,4,1198,1,8,7,3
2014160B01601,1,9,0,7,0,4,0,0,0,0,3,1,6,1,44,7,1339,8,2,5,1
2014160B01601,2,21,0,18,0,4,0,0,0,0,4,1,6,3,-1,-1,-1,-1,-1,-1,-1
2014160B01611,1,9,0,18,0,0,0,0,1,0,1,1,6,1,74,10,1997,1,10,6,3
2014160B01611,2,9,0,18,0,0,0,0,0,0,2,1,6,1,28,6,1198,1,7,4,2
2014160B01621,1,3,0,15,0,0,0,0,0,0,1,1,2,1,37,7,123,1,7,2,1
2014160B01621,2,9,0,18,0,0,0,0,0,0,3,1,2,1,36,7,1968,2,4,6,1
2014160B01631,1,1,0,7,0,8,0,10,7,3,1,1,6,1,75,10,-1,-1,-1,8,2
2014160B01641,1,9,0,18,0,6,0,0,0,0,1,1,6,1,18,4,1149,1,13,6,1
2014160B01641,2,19,0,18,0,8,0,0,1,10,3,1,1,1,47,8,2198,2,-1,8,3
2014160B01651,1,9,0,18,0,0,0,0,0,0,1,1,6,2,18,4,1149,1,13,4,1
2014160B01651,2,9,0,3,0,0,0,0,0,0,2,1,6,1,52,8,1796,1,8,8,2
2014160B01661,1,9,0,18,0,0,0,0,0,0,1,1,6,2,45,7,1560,2,2,7,1
2014160B01661,2,9,0,3,0,0,0,0,0,0,2,1,6,2,49,8,1560,2,6,1,1
2014160B01661,3,19,0,3,0,0,0,0,0,0,2,1,6,3,-1,-1,-1,-1,-1,-1,-1
2014160B01671,1,9,0,18,0,0,0,0,0,0,1,1,6,2,22,5,1598,2,2,-1,1
2014160B01671,2,9,0,3,0,0,0,0,0,0,2,1,6,1,54,8,1242,1,4,6,2
2014160B01681,1,9,0,16,0,2,2,0,8,10,1,1,6,1,22,5,1590,1,10,7,1
2014160B01691,1,11,0,18,0,1,0,0,0,0,1,1,3,1,67,10,-1,2,17,4,2
2014160B01701,1,9,0,4,0,1,0,0,0,0,1,1,2,1,28,6,1984,1,7,8,3
2014160B01701,2,1,0,18,0,8,0,0,0,0,3,1,6,1,10,2,-1,-1,-1,8,3
2014160B01711,1,9,0,13,0,0,0,0,0,0,4,1,2,2,39,7,1870,2,8,6,2
2014160B01711,2,1,0,18,0,0,0,0,0,0,2,1,6,1,39,7,-1,-1,-1,7,2
2014160B01721,1,10,0,17,0,0,0,0,0,0,1,1,1,1,60,9,2800,2,12,7,2
2014160B01721,2,19,0,16,0,0,0,0,0,0,1,1,1,1,-1,-1,1968,2,3,5,2
2014160B01731,1,9,0,9,0,5,0,0,7,10,1,1,6,1,34,6,1956,2,1,4,2
2014160B01731,2,9,0,18,0,8,0,0,0,0,1,1,1,1,33,6,1968,2,1,7,2
2014160B01741,1,1,0,18,0,6,0,0,0,0,1,1,6,1,16,4,-1,-1,-1,9,2
2014160B01741,2,9,0,18,0,8,0,0,0,0,4,1,6,2,39,7,1598,1,5,5,3
2014160B01751,1,9,0,18,0,0,1,0,7,9,1,1,2,2,29,6,1086,1,10,6,3
2014160B01761,1,9,0,5,0,1,0,0,0,0,1,1,6,1,22,5,-1,-1,-1,2,1
2014160B01761,2,1,0,18,0,8,0,0,0,0,1,1,6,1,13,3,-1,-1,-1,1,1
2014160B01771,1,9,0,18,0,6,0,0,0,0,1,1,6,2,37,7,1995,2,4,9,1
2014160B01771,2,9,0,18,0,8,0,0,0,0,3,1,1,2,41,7,1364,1,7,-1,1
2014160B01781,1,9,0,5,0,1,0,0,0,0,1,1,6,2,18,4,1242,1,1,6,3
2014160B01781,2,9,0,5,0,1,0,0,0,0,2,1,6,2,64,9,1242,1,4,3,1
2014160B01791,1,19,0,18,0,0,0,0,0,0,1,1,6,3,-1,-1,-1,-1,-1,-1,-1
2014160B01791,2,21,1,2,0,0,0,0,0,0,0,1,1,3,-1,-1,12900,2,3,-1,-1
2014160B01801,1,9,0,9,0,8,0,0,0,0,4,1,6,1,69,10,1390,1,13,-1,-1
2014160B01801,2,9,0,18,0,8,0,0,0,0,1,1,6,2,44,7,1870,2,12,6,3
2014160B01811,1,9,0,17,0,0,0,7,1,10,4,1,2,1,26,6,1242,1,3,1,1
2014160B01821,1,9,0,9,0,6,0,0,1,0,3,1,6,1,74,10,1242,1,2,6,1
2014160B01821,2,9,0,18,0,8,0,0,0,0,1,1,6,1,65,9,1339,1,3,3,1
2014160B01831,1,19,0,16,0,0,0,0,0,0,1,1,2,1,42,7,1753,2,11,8,2
2014160B01831,2,9,0,3,0,0,0,0,0,0,2,1,2,1,53,8,1968,2,2,4,1
2014160B01841,1,9,0,10,0,5,0,0,0,0,2,1,6,1,67,10,1248,2,4,8,1
2014160B01841,2,9,0,18,0,1,0,0,0,0,1,1,1,1,46,8,-1,-1,-1,7,1
2014160B01851,1,5,0,13,0,1,0,0,0,0,1,1,6,1,42,7,636,1,8,4,1
2014160B01851,2,9,0,9,0,5,0,0,0,0,3,1,6,2,25,5,1124,1,12,1,1
2014160B01861,1,9,0,8,0,1,0,0,0,0,1,1,6,1,58,9,1796,1,8,2,1
2014160B01861,2,9,0,8,0,1,0,0,0,0,2,1,6,2,29,6,1968,2,4,8,3
2014160B01871,1,9,0,18,0,0,2,0,1,9,4,1,6,2,62,9,1399,1,8,6,2
2014160B01881,1,9,0,7,0,5,1,10,7,1,1,1,6,2,19,4,1149,1,11,5,2
2014160B01901,1,9,0,18,0,0,0,0,0,0,0,1,6,3,-1,-1,-1,-1,-1,-1,-1
2014160B01901,2,9,0,18,0,0,0,0,7,9,1,1,2,1,44,7,1398,1,2,6,1
2014160B01911,1,9,0,18,0,0,1,0,0,6,1,1,6,2,32,6,1598,1,6,-1,-1
2014160B01911,2,21,1,18,0,0,0,0,0,0,3,2,1,1,24,5,-1,-1,-1,-1,-1
2014160B01921,1,9,0,7,0,8,0,0,0,0,4,1,6,1,22,5,1796,1,9,3,1
2014160B01921,2,1,0,18,0,8,0,0,0,0,1,1,2,2,50,8,-1,-1,-1,1,1
2014160B01931,1,9,0,9,0,6,0,0,0,0,1,1,2,2,29,6,1560,2,7,-1,1
2014160B01931,2,9,0,17,0,8,0,0,0,0,1,1,2,2,31,6,1598,1,12,3,1
2014160B01941,1,9,0,7,0,6,0,0,0,0,1,1,6,2,56,9,1975,1,11,1,1
2014160B01941,2,8,0,18,0,8,0,0,0,0,4,1,1,1,48,8,1560,2,3,7,2
2014160B01951,1,9,0,13,0,0,0,0,0,0,3,1,6,1,23,5,1896,2,6,1,1
2014160B01951,2,5,0,13,0,0,0,0,7,10,4,1,6,1,28,6,999,1,2,2,1
2014160B01961,1,19,0,13,0,1,1,0,0,0,1,1,2,1,21,5,1868,2,13,8,3
2014160B01961,2,1,0,9,0,8,0,0,1,10,3,1,2,1,53,8,-1,-1,-1,5,2
2014160B01971,1,19,0,5,0,6,0,0,0,0,3,1,2,1,49,8,1896,2,6,7,2
2014160B01971,2,9,0,17,0,8,0,0,0,0,1,1,2,2,62,9,1396,1,13,5,2
2014160B01981,1,21,1,11,0,0,3,0,0,0,4,1,1,1,63,9,11116,2,8,3,1
2014160B01981,2,9,0,18,0,0,0,0,1,7,3,1,6,2,22,5,1229,1,9,2,1
2014160B01991,1,9,0,18,0,8,0,0,0,0,1,1,6,2,72,10,1598,1,2,8,3
2014160B01991,2,9,0,18,0,8,0,0,0,0,4,1,6,1,26,6,1994,1,15,7,2
2014160B02001,1,9,0,5,0,0,0,0,0,0,3,1,6,1,25,5,1229,1,5,2,1
2014160B02001,2,9,0,18,0,0,0,0,0,0,4,1,6,1,65,9,1197,1,-1,7,1
2014160B02011,1,9,0,7,0,6,0,0,0,0,1,1,6,1,66,10,2143,2,3,8,2
2014160B02011,2,9,0,7,0,5,0,0,0,0,1,1,6,1,57,9,1390,1,15,4,3
2014160B02031,1,9,0,18,0,1,0,10,7,10,3,1,6,2,40,7,1798,1,4,7,3
2014160B02031,2,9,0,4,0,1,0,0,0,0,0,1,6,3,-1,-1,-1,-1,-1,-1,-1
2014160B02041,1,9,0,5,0,1,0,0,0,0,1,1,2,1,46,8,2148,2,6,6,2
2014160B02041,2,9,0,3,0,1,0,0,0,0,2,1,2,2,49,8,1422,2,7,7,2
2014160B02051,1,9,0,7,9,6,0,0,0,0,1,1,6,2,22,5,1798,1,5,2,2
2014160B02051,2,1,0,18,9,1,0,0,0,0,1,1,6,1,74,10,-1,-1,-1,5,1
2014160B02061,1,1,0,18,4,8,0,0,0,0,1,1,6,1,15,3,-1,-1,-1,7,1
2014160B02061,2,9,0,8,0,8,0,0,0,0,2,1,6,1,29,6,1598,1,2,1,1
2014160B02071,1,9,0,9,0,6,0,0,0,0,3,1,2,1,47,8,1248,2,1,7,1
2014160B02071,2,9,0,18,0,8,0,0,0,0,1,1,6,2,54,8,1229,1,8,1,1
2014160B02081,1,9,0,18,0,4,0,0,0,0,1,2,6,1,48,8,-1,-1,-1,-1,-1
2014160B02081,2,9,0,18,0,8,0,0,0,0,4,1,6,1,46,8,2179,2,3,6,3
2014160B02091,1,9,0,9,0,5,0,0,0,0,1,1,6,2,60,9,1896,2,8,7,1
2014160B02091,2,19,0,18,0,8,0,0,0,0,1,1,2,1,36,7,1998,2,9,5,2
2014160B02101,1,9,0,2,0,1,0,0,0,0,3,1,6,1,57,9,1560,2,5,6,1
2014160B02101,2,1,0,14,0,1,0,0,0,0,1,1,6,1,36,7,-1,-1,-1,7,1
2014160B02111,1,19,0,18,0,0,0,0,4,6,3,1,1,1,37,7,5861,2,11,8,1
2014160B02121,1,9,0,18,0,8,0,0,0,0,1,1,2,1,47,8,2495,2,17,2,2
2014160B02121,2,9,0,9,0,6,0,0,0,0,3,1,2,1,34,6,1968,2,9,7,1
2014160B02131,1,1,0,18,0,1,0,0,0,0,1,1,2,1,48,8,-1,-1,-1,-1,-1
2014160B02131,2,9,0,18,0,1,0,0,0,0,1,1,2,1,57,9,1229,1,9,9,3
2014160B02141,1,9,0,5,0,6,0,0,0,0,1,1,6,2,32,6,1984,1,11,6,1
2014160B02141,2,9,0,18,0,8,0,0,0,0,1,1,6,1,47,8,1242,1,11,4,1
2014160B02161,1,9,0,4,0,0,0,0,0,0,2,1,6,2,28,6,1910,2,7,-1,-1
2014160B02161,2,9,0,18,0,0,0,0,0,0,2,1,6,1,46,8,2490,2,19,2,1
2014160B02161,3,19,0,18,0,0,1,0,0,0,1,1,6,1,63,9,2300,2,10,4,1
2014160B02171,1,2,0,4,0,0,0,0,0,0,2,1,6,1,16,4,49,1,6,1,1
2014160B02171,2,2,0,18,0,0,0,0,0,0,1,1,6,1,16,4,50,1,6,5,1
2014160B02181,1,9,0,1,0,0,0,0,0,0,2,1,6,1,61,9,3960,1,18,-1,3
2014160B02191,1,9,0,3,0,1,0,0,0,0,2,1,6,1,59,9,2400,2,4,6,3
2014160B02191,2,9,0,4,0,1,0,0,0,0,2,1,6,1,62,9,1598,1,1,5,3
2014160B02191,3,9,0,18,0,1,0,0,0,0,1,1,6,1,87,11,2902,2,9,6,3
2014160B02201,1,9,0,18,0,0,0,0,0,0,1,1,2,2,20,4,1400,1,12,9,2
2014160B02211,1,19,0,18,0,6,0,0,3,10,1,1,1,1,53,8,1998,2,10,7,3
2014160B02211,2,20,0,18,0,8,0,0,1,10,3,1,6,1,50,8,-1,-1,-1,4,1
2014160B02211,3,9,0,18,0,8,0,0,0,0,2,1,6,1,55,8,1769,1,12,7,2
2014160B02221,1,21,1,18,0,0,0,0,1,9,1,2,1,1,49,8,-1,-1,-1,1,1
2014160B02231,1,9,0,5,0,1,0,0,0,0,1,1,6,2,80,11,1242,1,10,9,3
2014160B02231,2,9,0,3,0,1,0,0,0,0,2,1,6,2,39,7,1296,1,19,5,1
2014160B02241,1,9,0,4,7,0,0,0,0,0,4,1,6,1,31,6,1997,2,11,1,1
2014160B02241,2,9,0,1,6,0,0,0,0,0,4,1,6,2,29,6,1896,2,11,5,1
2014160B02251,1,9,0,14,0,0,0,0,0,0,1,1,6,1,48,8,1997,2,12,6,2
2014160B02261,1,90,0,18,0,8,0,0,0,0,1,1,1,1,21,5,2999,2,2,3,1
2014160B02261,2,9,0,18,0,6,0,10,1,1,3,1,6,1,18,4,1299,1,13,5,1
2014160B02271,1,9,0,9,0,5,0,0,0,0,4,1,6,1,20,4,1199,1,13,1,1
2014160B02271,2,97,0,18,0,8,0,0,0,0,1,1,6,3,-1,-1,-1,-1,-1,-1,-1
2014160B02281,1,9,0,18,0,8,2,10,1,9,4,1,2,1,20,4,1390,1,7,8,2
2014160B02301,1,19,0,9,0,8,0,0,1,7,1,1,1,2,38,7,2370,2,16,9,3
2014160B02301,2,19,0,18,0,8,0,0,0,0,1,1,1,1,67,10,1248,2,8,5,3
2014160B02311,1,9,0,18,0,1,0,0,0,0,0,1,6,1,64,9,-1,-1,-1,9,2
2014160B02311,2,9,0,9,0,6,0,0,0,0,0,1,6,3,-1,-1,-1,-1,-1,-1,-1
2014160B02321,1,9,0,9,0,5,0,0,0,0,1,1,6,1,29,6,2496,2,12,1,1
2014160B02321,2,9,0,7,0,5,0,0,0,0,1,1,6,1,28,6,1590,1,10,2,1
2014160B02331,1,9,0,9,0,6,0,0,0,0,1,1,2,1,41,7,1242,1,12,1,1
2014160B02331,2,2,0,18,0,1,0,0,0,0,1,1,1,1,28,6,-1,-1,-1,1,1
2014160B02341,1,9,0,18,0,1,0,0,0,0,1,1,6,2,26,6,1596,1,11,1,1
2014160B02341,2,9,0,3,0,1,0,0,0,0,2,1,6,1,24,5,1753,2,13,3,1
2014160B02351,1,9,0,18,0,0,0,0,0,0,1,1,2,2,20,4,1910,2,6,3,1
2014160B02351,2,19,0,3,0,0,0,0,0,0,2,1,1,1,30,6,1968,2,1,6,1
2014160B02351,3,19,0,3,0,0,0,0,0,0,2,1,1,1,61,9,1968,2,4,2,2
2014160B02361,1,19,0,18,0,1,0,0,0,0,1,1,1,1,-1,-1,1995,2,1,-1,-1
2014160B02361,2,9,0,3,0,1,0,0,0,0,2,1,2,2,51,8,1910,2,8,10,1
2014160B02371,1,9,0,9,0,6,0,0,0,0,1,1,6,1,65,9,1686,2,2,6,3
2014160B02371,2,9,0,7,0,5,0,0,0,0,2,1,6,1,67,10,1596,1,1,9,2
2014160B02381,1,3,0,18,0,0,1,0,1,10,1,1,6,1,20,4,125,1,-1,5,2
2014160B02391,1,9,0,18,0,0,0,0,2,10,4,1,6,2,34,6,1799,1,8,1,1
2014160B02391,2,9,0,18,0,0,0,0,0,0,0,1,6,3,-1,-1,-1,-1,-1,-1,-1
2014160B02401,1,11,0,5,0,0,0,0,0,0,4,1,1,1,58,9,7300,2,13,2,1
2014160B02411,1,9,0,7,0,4,0,0,0,0,1,1,6,1,28,6,1753,2,13,1,1
2014160B02411,2,9,0,7,0,4,0,0,0,0,2,1,6,2,45,7,1997,1,1,8,3
2014160B02421,1,9,0,1,0,6,0,0,0,0,2,1,3,2,29,6,999,1,13,1,1
2014160B02431,1,5,0,18,0,0,0,0,0,0,1,1,6,3,-1,-1,-1,-1,-1,-1,-1
2014160B02441,1,9,0,18,0,1,0,0,0,0,1,1,6,1,35,6,1598,1,14,1,1
2014160B02441,2,9,0,3,0,1,0,0,0,0,2,1,6,2,52,8,1997,2,4,3,1
2014160B02441,3,9,0,9,0,5,0,0,0,0,2,1,6,2,30,6,1248,2,10,1,1
2014160B02451,1,9,0,13,0,0,0,0,0,0,4,1,6,1,82,11,-1,-1,-1,7,1
2014160B02451,2,1,0,9,0,0,0,0,0,0,3,1,6,2,38,7,-1,-1,-1,1,1
2014160B02461,1,9,0,5,0,1,0,0,0,0,4,1,6,1,34,6,2544,1,14,1,1
2014160B02461,2,1,0,9,0,2,0,0,0,0,1,1,6,1,14,3,-1,-1,-1,3,3
2014160B02471,1,21,1,5,0,1,0,0,0,0,1,1,1,1,45,7,8970,2,11,1,1
2014160B02471,2,19,0,3,0,1,0,0,0,0,2,1,1,1,25,5,2198,2,2,3,2
2014160B02471,3,19,0,3,0,1,0,0,0,0,2,1,1,1,53,8,2198,2,2,9,2
2014160B02481,1,9,0,16,0,0,0,0,0,0,1,1,6,2,59,9,2143,2,2,9,2
2014160B02481,2,9,0,16,0,0,0,0,0,0,2,1,6,1,82,11,1686,2,-1,9,2
2014160B02491,1,1,0,18,9,1,0,0,0,0,1,1,6,1,10,2,-1,-1,-1,1,1
2014160B02491,2,1,0,18,9,1,0,0,0,0,1,1,6,1,15,3,-1,-1,-1,-1,-1
2014160B02501,1,9,0,17,0,0,0,0,2,10,4,1,6,1,88,11,1086,1,9,5,3
2014160B02511,1,9,0,17,0,0,0,0,0,0,1,1,6,2,45,7,-1,-1,-1,3,1
2014160B02511,2,1,0,18,0,0,0,0,0,0,3,1,6,1,8,2,-1,-1,-1,3,1
2014160B02521,1,9,0,18,0,1,0,0,0,0,1,1,6,1,25,5,1229,1,8,4,1
2014160B02521,2,9,0,3,0,1,0,0,0,0,2,1,6,2,41,7,1560,2,7,7,1
2014160B02531,1,9,0,18,0,0,0,0,0,0,1,1,6,1,22,5,2765,2,19,4,3
2014160B02531,2,9,0,18,0,0,0,0,1,10,2,1,6,1,80,11,999,1,2,3,1
2014160B02541,1,9,0,18,0,0,5,0,7,0,1,1,6,1,32,6,1299,1,9,6,1
2014160B02541,2,9,0,18,0,0,0,0,0,0,0,1,1,1,40,7,2993,2,1,4,2
2014160B02551,1,8,0,4,0,2,0,10,7,10,1,1,1,1,66,10,1796,1,8,3,1
2014160B02561,1,8,0,3,0,1,0,0,0,0,1,1,6,1,31,6,1995,2,9,1,1
2014160B02561,2,9,0,18,0,1,0,0,0,0,2,1,6,2,22,5,1242,1,15,1,1
2014160B02571,1,9,0,18,0,0,0,0,0,0,1,1,6,1,19,4,1242,1,16,7,2
2014160B02571,2,19,0,2,0,0,0,0,0,0,2,1,6,1,42,7,2402,2,3,9,1
2014160B02581,1,9,0,17,0,0,5,10,1,4,4,1,6,2,19,4,1149,1,7,10,1
2014160B02591,1,9,0,18,0,0,0,0,7,11,3,1,6,1,26,6,2435,1,15,2,2
2014160B02591,2,9,0,18,0,0,1,0,1,0,3,1,6,2,47,8,1242,1,-1,1,1
2014160B02591,3,9,0,18,0,0,1,0,1,0,3,1,6,2,19,4,1390,1,13,9,2
2014160B02591,4,9,0,18,0,0,0,0,1,0,3,1,6,1,63,9,1560,2,2,6,3
2014160B02591,5,9,0,2,0,0,0,0,0,0,1,1,6,1,69,10,1398,1,2,-1,-1
2014160B02611,1,9,0,9,0,5,0,0,0,0,1,2,6,1,54,8,-1,-1,-1,-1,-1
2014160B02611,2,9,0,18,0,1,0,0,0,0,3,1,2,1,40,7,1997,2,4,6,2
2014160B02621,1,9,0,13,0,0,1,0,0,0,1,1,1,1,19,4,1598,1,14,8,3
2014160B02621,2,9,0,18,0,0,0,0,0,0,1,1,6,1,77,11,1248,1,1,2,2
2014160B02631,1,9,0,18,0,0,2,0,7,4,1,1,2,1,47,8,1598,1,9,3,2
2014160B02641,1,9,0,9,0,1,0,0,0,0,2,1,6,1,83,11,1360,1,4,6,2
2014160B02641,2,9,0,18,0,1,0,0,0,0,1,1,6,1,80,11,1598,1,13,1,1
2014160B02651,1,9,0,5,0,6,0,0,0,0,1,1,6,1,65,9,1896,2,12,6,3
2014160B02651,2,9,0,5,0,4,0,0,0,0,2,1,6,2,48,8,1995,2,10,8,2
2014160B02661,1,9,0,9,0,1,0,0,0,0,2,1,1,2,35,6,1910,2,11,1,1
2014160B02661,2,9,0,18,0,1,1,0,0,0,1,1,6,1,55,8,1896,2,6,3,1
2014160B02671,1,9,0,10,0,8,0,0,0,0,2,1,6,1,21,5,1248,2,8,6,2
2014160B02671,2,9,0,10,0,8,0,0,0,0,1,1,6,1,23,5,1796,1,13,9,1
2014160B02681,1,19,0,18,0,0,0,0,0,0,1,1,1,1,26,6,2143,2,2,2,1
2014160B02681,2,21,1,18,0,0,0,0,0,0,2,1,1,1,45,7,10837,2,2,3,1
2014160B02691,1,9,0,9,0,6,0,0,7,10,4,1,6,1,23,5,1896,2,13,7,3
2014160B02701,1,9,0,18,0,8,0,0,0,0,1,1,6,1,52,8,1198,1,-1,-1,-1
2014160B02701,2,1,0,9,0,8,0,0,0,0,2,1,2,1,36,7,-1,-1,-1,7,3
2014160B02711,1,9,0,4,0,6,0,0,0,0,0,1,6,1,28,6,1686,2,7,4,1
2014160B02711,2,19,0,18,0,8,1,0,0,0,1,1,6,1,28,6,2500,2,22,4,1
2014160B02711,3,9,0,18,0,8,0,0,0,0,2,1,6,1,54,8,1686,2,9,3,1
2014160B02731,1,19,0,18,0,0,0,0,0,0,1,1,1,1,28,6,1461,2,1,2,1
2014160B02731,2,21,0,18,0,0,0,0,0,0,2,1,1,1,44,7,-1,-1,-1,-1,-1
2014160B02741,1,9,0,18,0,8,0,0,1,4,1,1,6,1,40,7,1896,2,13,2,2
2014160B02741,2,21,0,18,0,8,0,0,0,0,4,1,1,1,36,7,10518,2,8,1,1
2014160B02751,1,9,0,9,0,3,0,0,0,0,1,1,2,1,52,8,3189,1,9,5,3
2014160B02751,2,9,0,9,0,3,0,0,0,0,2,1,2,1,22,5,998,1,-1,6,3
2014160B02771,1,9,0,16,0,2,0,0,1,10,4,1,6,1,18,4,1422,2,6,6,3
2014160B02781,1,9,0,9,0,6,0,0,0,0,3,1,6,1,74,10,1998,1,9,7,3
2014160B02781,2,9,0,18,0,8,0,0,0,0,1,1,2,1,47,8,1588,1,14,3,1
2014160B02791,1,9,0,3,0,1,0,0,0,0,2,1,6,1,46,8,1988,1,16,8,2
2014160B02791,2,9,0,18,0,1,0,0,0,0,1,1,6,1,50,8,1796,1,14,4,1
2014160B02801,1,5,0,18,0,0,0,0,7,10,1,1,6,1,20,4,599,1,19,4,1
2014160B02811,1,19,0,18,0,6,5,0,0,0,4,1,6,1,24,5,2402,2,12,1,1
2014160B02811,2,9,0,18,0,8,0,0,0,0,1,1,6,2,63,9,1598,1,12,7,1
2014160B02821,1,9,0,9,0,1,0,0,0,0,1,1,6,2,38,7,1560,2,3,9,2
2014160B02821,2,9,0,7,0,1,0,0,0,0,2,1,6,1,38,7,1998,2,10,6,2
2014160B02821,3,9,0,7,0,1,0,0,0,0,2,1,6,1,41,7,1910,2,7,8,3
2014160B02831,1,9,0,7,0,0,0,0,0,0,2,1,2,1,59,9,1956,2,-1,6,1
2014160B02831,2,1,0,18,0,0,0,0,0,0,1,1,6,1,22,5,-1,-1,-1,9,1
2014160B02841,1,9,0,16,0,8,1,0,0,0,1,1,6,2,28,6,1390,1,14,3,1
2014160B02841,2,9,0,17,0,8,0,0,0,0,3,1,6,2,44,7,-1,-1,-1,7,1
2014160B02851,1,4,0,18,0,2,0,10,0,0,4,1,6,1,47,8,-1,-1,-1,6,1
2014160B02861,1,9,0,17,0,2,0,10,1,1,1,1,6,1,83,11,1395,1,1,8,2
2014160B02871,1,9,0,16,0,0,1,0,0,0,1,1,6,1,31,6,1997,2,12,7,3
2014160B02871,2,9,0,17,0,0,1,0,7,9,1,1,6,1,46,8,1560,2,4,9,2
2014160B02881,1,9,0,3,0,1,0,0,0,0,2,1,6,1,35,6,1797,8,1,8,1
2014160B02881,2,8,0,3,0,1,0,0,0,0,2,1,1,1,57,9,1995,2,9,7,1
2014160B02881,3,9,0,18,0,1,0,0,0,0,1,1,6,3,-1,-1,1598,1,12,-1,-1
2014160B02891,1,9,0,18,0,0,0,0,0,0,3,1,6,2,41,7,2143,2,4,5,1
2014160B02901,1,9,0,18,0,0,0,0,0,0,1,1,6,2,25,5,1198,1,3,9,1
2014160B02901,2,9,0,3,0,0,0,0,0,0,2,1,6,2,39,7,1560,2,2,6,1
2014160B02911,1,9,0,18,0,0,0,0,0,0,1,1,6,2,18,4,-1,-1,-1,5,3
2014160B02911,2,1,0,18,0,0,0,0,0,0,3,1,6,2,13,3,-1,-1,-1,2,2
2014160B02921,1,1,0,18,0,0,0,0,0,0,3,1,2,1,21,5,-1,-1,-1,1,1
2014160B02921,2,9,0,18,0,0,0,0,0,0,1,1,6,3,-1,-1,-1,-1,-1,-1,-1
2014160B02931,1,3,0,13,0,0,0,0,0,0,1,1,6,1,18,4,124,1,2,9,1
2014160B02931,2,9,0,18,0,0,0,0,0,0,3,1,6,2,34,6,1598,1,6,7,2
2014160B02941,1,9,0,5,0,1,0,0,0,0,1,1,6,1,21,5,1910,2,7,8,3