Accident_Index,Vehicle_Reference,Vehicle_Type,Towing_and_Articulation,Vehicle_Manoeuvre,Vehicle_Location-Restricted_Lane,Junction_Location,Skidding_and_Overturning,Hit_Object_in_Carriageway,Vehicle_Leaving_Carriageway,Hit_Object_off_Carriageway,1st_Point_of_Impact,Was_Vehicle_Left_Hand_Drive?,Journey_Purpose_of_Driver,Sex_of_Driver,Age_of_Driver,Age_Band_of_Driver,Engine_Capacity_(CC),Propulsion_Code,Age_of_Vehicle,Driver_IMD_Decile,Driver_Home_Area_Type
2014160B04501,1,9,0,16,0,0,1,0,0,7,3,1,6,1,38,7,1994,1,13,4,1
2014160B04511,1,9,0,18,0,3,0,0,0,0,1,1,6,2,25,5,1560,2,4,6,2
2014160B04511,2,9,0,18,0,3,0,0,0,0,2,1,6,2,43,7,-1,-1,-1,2,1
2014160B04521,1,9,0,18,0,1,0,0,0,0,1,1,6,1,21,5,1587,1,7,5,1
2014160B04521,2,9,0,18,0,1,0,0,7,0,1,1,1,1,30,6,1995,2,2,1,1
2014160B04531,1,9,0,7,0,3,0,0,0,0,1,1,6,1,56,9,1199,1,10,1,1
2014160B04531,2,9,0,7,0,3,0,0,0,0,1,1,6,3,-1,-1,-1,-1,-1,-1,-1
2014160B04541,1,9,0,13,0,2,0,0,0,0,1,1,6,2,23,5,1796,1,8,8,3
2014160B04541,2,9,0,9,0,5,0,0,0,0,1,1,6,2,54,8,2460,2,8,6,3
2014160B04541,3,9,0,2,0,2,0,0,0,0,2,1,6,3,-1,-1,1598,1,5,-1,-1
2014160B04551,1,9,0,1,0,6,0,0,0,0,2,1,6,2,41,7,1560,2,3,4,3
2014160B04551,2,90,0,18,0,1,0,0,0,0,3,1,6,2,59,9,-1,-1,-1,4,3
2014160B04561,1,9,0,7,0,1,0,0,0,0,1,1,6,2,39,7,1461,2,-1,6,3
2014160B04581,1,1,0,18,0,3,0,0,0,0,4,1,6,1,52,8,-1,-1,-1,3,1
2014160B04581,2,9,0,18,0,4,0,0,0,0,3,1,6,2,73,10,1339,1,6,8,2
2014160B04591,1,9,0,13,0,1,0,0,7,9,1,1,6,1,-1,-1,1686,2,10,-1,-1
2014160B04591,2,19,0,9,0,1,0,0,1,11,1,1,6,1,51,8,2400,2,12,7,3
2014160B04601,1,9,0,2,0,1,0,0,0,0,3,1,6,2,22,5,1560,2,3,2,1
2014160B04601,2,9,0,18,0,1,0,4,0,0,4,1,6,2,58,9,1597,2,1,9,2
2014160B04611,1,90,0,18,0,0,0,0,0,0,3,1,1,1,47,8,2999,2,2,5,3
2014160B04611,2,9,0,18,0,0,0,0,0,0,3,1,6,1,23,5,1229,1,3,9,2
2014160B04621,1,9,0,18,0,8,0,0,1,11,1,1,6,1,62,9,1196,1,18,6,2
2014160B04621,2,9,0,18,0,8,0,0,1,10,1,1,6,1,21,5,1598,1,5,3,3
2014160B04631,1,9,0,18,0,8,0,10,7,7,1,1,6,1,25,5,1598,1,10,9,1
2014160B04631,2,9,0,9,0,6,0,0,0,0,1,1,6,1,38,7,2362,1,14,1,1
2014160B04641,1,9,0,18,0,0,0,0,0,0,1,1,6,2,36,7,1598,1,2,10,2
2014160B04641,2,9,0,18,0,0,0,0,0,0,2,1,6,2,48,8,1598,2,2,9,2
2014160B04651,1,9,0,18,0,0,0,0,0,0,1,1,6,1,60,9,1299,1,6,4,3
2014160B04651,2,9,0,18,0,0,0,0,0,0,2,1,6,1,24,5,1968,2,6,1,1
2014160B04661,1,9,0,18,0,0,0,0,0,0,1,1,6,1,25,5,-1,-1,-1,9,2
2014160B04661,2,9,0,14,0,0,0,0,0,0,1,1,6,1,43,7,1796,1,3,8,3
2014160B04671,1,9,0,13,0,0,1,0,1,6,3,1,6,2,21,5,1124,1,9,10,1
2014160B04681,1,9,0,16,0,1,0,0,7,2,3,1,6,2,23,5,1996,1,19,3,3
2014160B04691,1,9,0,4,0,0,0,0,0,0,2,1,6,2,35,6,1242,1,15,1,1
2014160B04691,2,9,0,18,0,0,0,0,0,0,1,1,6,2,19,4,1490,1,5,6,3
2014160B04711,1,21,0,9,0,5,0,0,0,0,2,2,1,1,55,8,-1,-1,-1,-1,-1
2014160B04711,2,21,0,18,0,8,0,0,0,0,1,1,1,1,45,7,-1,-1,-1,3,1
2014160B04711,3,21,0,18,0,8,0,0,0,0,1,1,1,1,33,6,12902,2,2,2,1
2014160B04721,1,9,0,18,0,0,0,0,0,0,1,1,6,1,32,6,1527,2,12,4,1
2014160B04721,2,9,0,18,0,0,0,0,0,0,2,1,6,2,64,9,1900,2,14,5,1
2014160B04741,1,9,0,17,0,0,2,0,2,4,3,1,6,1,20,4,2967,2,5,6,2
2014160B04751,1,1,0,3,0,1,0,0,0,0,2,1,6,2,47,8,-1,-1,-1,1,1
2014160B04751,2,9,0,4,0,1,0,0,0,0,1,1,6,2,41,7,1796,1,14,4,1
2014160B04761,1,9,0,18,0,1,0,0,0,0,1,1,6,2,66,10,999,1,8,6,1
2014160B04771,1,9,0,18,0,6,0,0,0,0,1,1,6,1,62,9,1997,2,10,1,1
2014160B04771,2,9,0,18,0,8,0,0,0,0,4,1,6,1,20,4,-1,-1,-1,1,1
2014160B04781,1,9,0,18,0,8,0,0,0,0,1,1,6,2,26,6,1896,2,12,9,3
2014160B04781,2,9,0,1,0,6,0,0,0,0,2,1,6,1,42,7,1596,1,15,1,1
2014160B04791,1,5,0,18,0,3,1,0,0,0,3,1,2,1,45,7,1050,1,9,5,3
2014160B04801,1,9,0,7,0,6,0,0,0,0,1,1,3,1,47,8,998,1,1,8,3
2014160B04801,2,1,0,18,0,8,0,0,0,0,1,1,4,2,12,3,-1,-1,-1,8,3
2014160B04811,1,19,0,18,0,0,0,0,1,4,4,1,6,1,52,8,-1,-1,-1,-1,-1
2014160B04821,1,9,0,2,0,0,0,0,0,0,4,1,6,3,-1,-1,1368,1,5,-1,-1
2014160B04821,2,19,0,14,0,0,0,8,0,0,1,1,6,3,-1,-1,-1,-1,-1,-1,-1
2014160B04831,1,9,0,18,0,0,0,0,0,0,2,1,6,1,71,10,1390,1,13,3,2
2014160B04831,2,9,0,18,0,0,0,0,0,0,1,1,6,1,63,9,1329,1,5,-1,-1
2014160B04841,1,9,0,4,0,1,0,0,0,0,1,1,6,2,25,5,1995,2,4,8,3
2014160B04841,2,9,0,18,0,2,0,6,0,0,1,1,6,1,31,6,1229,1,1,2,1
2014160B04851,1,9,0,5,0,0,0,0,0,0,3,1,6,1,23,5,1598,2,-1,3,1
2014160B04851,2,9,0,18,0,0,0,0,0,0,4,1,6,1,57,9,1598,1,14,3,1
2014160B04861,1,97,0,18,0,8,0,0,0,0,1,1,6,3,-1,-1,-1,-1,-1,-1,-1
2014160B04861,2,1,0,5,0,6,0,0,0,0,1,1,6,1,17,4,-1,-1,-1,2,1
2014160B04871,1,2,0,3,0,8,0,0,0,0,3,1,6,2,18,4,49,1,2,8,1
2014160B04871,2,9,0,9,0,6,0,0,0,0,2,1,6,3,-1,-1,-1,-1,-1,-1,-1
2014160B04891,1,9,0,9,0,6,0,0,0,0,4,1,6,1,78,11,1794,1,12,5,2
2014160B04891,2,19,0,18,0,8,0,0,0,0,4,1,1,1,32,6,2198,2,8,8,1
2014160B04901,1,9,0,3,0,0,0,0,0,0,2,1,6,1,41,7,1753,2,10,9,3
2014160B04901,2,9,0,18,0,0,0,0,0,0,1,1,6,3,-1,-1,1783,1,11,-1,-1
2014160B04911,1,9,0,9,0,6,0,0,0,0,3,1,6,1,77,11,1590,1,12,3,1
2014160B04911,2,9,0,18,0,8,0,10,7,0,1,1,6,2,36,7,2987,2,5,9,2
2014160B04931,1,1,0,18,0,8,0,0,0,0,1,1,6,3,-1,-1,-1,-1,-1,-1,-1
2014160B04931,2,9,0,18,0,8,0,0,0,0,3,1,6,1,74,10,1796,1,12,7,1
2014160B04951,1,9,0,5,0,0,0,0,0,0,4,1,6,1,21,5,1149,1,12,-1,1
2014160B04951,2,3,0,18,0,0,1,10,7,0,1,1,6,1,23,5,124,1,10,1,1
2014160B04961,1,9,0,13,0,0,0,0,0,0,0,1,6,1,57,9,998,1,6,7,3
2014160B04961,2,5,0,18,0,0,0,0,1,10,4,1,6,1,42,7,599,1,19,3,1
2014160B04971,1,9,0,5,0,6,0,0,0,0,1,1,6,1,35,6,1896,2,11,7,1
2014160B04971,2,9,0,3,0,8,0,0,0,0,2,1,1,2,55,8,1497,8,1,5,1
2014160B04981,1,9,0,9,0,6,0,0,0,0,1,1,6,1,59,9,1783,1,19,-1,2
2014160B04981,2,9,0,18,0,8,0,0,0,0,1,1,6,1,81,11,1399,2,10,7,1
2014160B04991,1,9,0,18,0,4,0,0,0,0,1,1,2,1,47,8,1995,2,2,8,2
2014160B04991,2,9,0,18,0,4,0,0,0,0,3,1,6,2,18,4,1229,1,2,7,3
2014160B05001,1,9,0,14,0,0,0,0,0,0,3,1,6,2,43,7,1796,1,11,2,2
2014160B05011,1,9,0,16,0,6,0,0,0,0,1,1,6,3,-1,-1,-1,-1,-1,-1,-1
2014160B05011,2,1,0,17,0,8,0,0,0,0,4,1,1,1,31,6,-1,-1,-1,5,1
2014160B05021,1,9,0,10,0,1,0,0,1,0,1,1,6,1,19,4,1388,1,10,8,2
2014160B05021,2,9,0,18,0,1,0,0,0,0,2,1,2,2,27,6,1149,1,11,7,3
2014160B05021,3,9,0,18,0,1,0,0,1,0,3,1,6,1,19,4,1299,1,11,6,3
2014160B05031,1,9,0,18,0,0,5,10,2,10,4,1,6,1,78,11,848,1,15,6,3
2014160B05041,1,9,0,9,0,6,0,0,0,0,3,1,2,1,49,8,-1,-1,-1,6,2
2014160B05041,2,3,0,18,0,8,0,0,8,10,1,1,2,1,24,5,124,1,1,1,1
2014160B05051,1,9,0,18,0,8,0,0,6,0,1,1,1,2,67,10,1596,1,11,3,1
2014160B05051,2,9,0,9,0,6,0,0,0,0,1,1,1,2,26,6,1796,1,7,1,1
2014160B05061,1,9,0,3,0,3,0,0,0,0,2,1,6,2,21,5,1388,1,10,1,1
2014160B05061,2,9,0,18,0,5,0,0,0,0,1,1,6,2,21,5,1360,1,13,8,3
2014160B05071,1,1,0,15,0,1,0,0,0,0,3,1,6,1,34,6,-1,-1,-1,4,1
2014160B05071,2,9,0,5,0,1,0,0,0,0,4,1,6,3,-1,-1,-1,-1,-1,-1,-1
2014160B05081,1,9,0,18,0,6,0,0,0,0,1,1,6,2,50,8,1242,1,2,9,2
2014160B05081,2,9,0,18,0,1,1,0,0,0,3,1,6,2,67,10,1242,1,3,2,1
2014160B05081,3,9,0,18,0,1,0,0,0,0,1,1,6,2,39,7,1388,1,8,7,3
2014160B05091,1,3,0,18,0,8,0,0,0,0,1,1,6,1,20,4,124,1,2,8,2
2014160B05091,2,9,0,9,0,6,0,0,0,0,3,1,6,1,55,8,1364,1,4,8,2
2014160B05101,1,9,0,1,0,0,0,0,0,0,2,1,6,2,32,6,3700,1,6,7,2
2014160B05111,1,9,0,2,0,0,0,0,0,0,4,1,6,2,31,6,-1,-1,-1,3,2
2014160B05121,1,9,0,13,0,0,0,0,0,0,0,1,6,3,-1,-1,-1,-1,-1,-1,-1
2014160B05121,2,9,0,18,0,0,0,0,7,4,1,1,6,1,20,4,1998,1,10,-1,1
2014160B05131,1,9,0,9,0,5,0,0,0,0,4,1,6,2,22,5,1242,1,3,1,1
2014160B05131,2,9,0,18,0,8,0,0,0,0,1,1,6,2,59,9,1596,1,5,6,2
2014160B05141,1,20,0,17,0,2,0,0,0,0,4,1,1,1,33,6,-1,-1,-1,2,2
2014160B05151,1,9,0,13,0,0,0,0,0,0,1,1,6,1,73,10,1198,1,3,2,1
2014160B05151,2,9,0,18,0,0,0,0,7,9,1,1,6,1,21,5,1968,2,8,5,1
2014160B05151,3,9,0,18,0,0,0,0,0,0,1,1,6,1,45,7,2926,2,13,4,1
2014160B05161,1,9,0,18,0,6,0,0,0,0,1,1,6,1,69,10,1398,1,3,7,1
2014160B05161,2,9,0,18,0,8,0,0,0,0,1,1,6,2,63,9,1493,2,6,7,1
2014160B05171,1,9,0,16,0,0,2,0,7,9,1,1,6,2,19,4,1242,1,5,9,2
2014160B05181,1,3,0,4,0,1,1,0,7,10,1,1,2,2,20,4,125,1,1,6,3
2014160B05191,1,9,0,18,0,4,0,0,0,0,1,1,2,1,18,4,1390,1,8,5,2
2014160B05191,2,9,0,9,0,8,0,0,0,0,4,1,2,1,53,8,1560,2,2,5,2
2014160B05201,1,9,0,18,0,0,0,4,0,0,4,1,6,2,19,4,998,1,8,3,1
2014160B05201,2,9,0,2,0,0,0,0,0,0,3,1,6,3,-1,-1,2204,2,7,-1,-1
2014160B05211,1,9,0,5,0,1,0,0,0,0,4,1,6,2,85,11,1364,1,9,9,1
2014160B05221,1,9,0,18,0,0,0,0,7,11,1,1,6,1,49,8,1753,2,8,8,2
2014160B05231,1,9,0,18,0,0,2,0,7,4,1,1,6,2,43,7,1956,2,4,7,2
2014160B05241,1,9,0,9,0,0,2,0,7,10,1,1,1,2,18,4,1242,1,9,8,2
2014160B05251,1,9,0,1,0,0,0,0,0,0,2,1,6,1,51,8,1796,1,5,3,2
2014160B05261,1,9,0,18,0,0,0,0,0,0,1,1,6,1,62,9,1596,1,6,1,1
2014160B05261,2,21,0,2,6,0,0,0,0,0,1,1,6,1,63,9,12777,2,4,3,1
2014160B05271,1,9,0,18,0,0,0,0,5,6,3,1,6,1,18,4,1598,1,7,5,1
2014160B05281,1,9,0,18,0,0,2,0,1,4,1,1,6,1,29,6,1598,1,10,2,1
2014160B05291,1,9,0,13,0,0,0,0,7,0,1,1,2,1,40,7,1896,2,15,1,1
2014160B05291,2,9,0,18,0,0,0,0,0,0,1,1,6,1,55,8,875,1,1,7,3
2014160B05301,1,9,0,18,0,1,0,0,0,0,1,1,6,1,43,7,1242,1,4,6,2
2014160B05301,2,9,0,18,0,1,0,2,0,0,1,1,6,3,-1,-1,-1,-1,-1,-1,-1
2014160B05311,1,9,0,17,0,0,0,0,1,10,1,1,2,2,17,4,1248,2,10,1,1
2014160B05321,1,9,0,5,0,0,0,0,0,0,1,1,6,3,-1,-1,-1,-1,-1,-1,-1
2014160B05331,1,9,0,1,0,6,0,0,0,0,2,1,6,1,73,10,1498,1,8,6,1
2014160B05341,1,9,0,18,0,0,0,10,7,3,1,1,6,3,-1,-1,-1,-1,-1,-1,-1
2014160B05341,2,9,0,18,0,0,0,0,0,0,3,1,6,2,48,8,-1,-1,-1,8,1
2014160B05351,1,9,0,16,0,0,0,0,7,10,1,1,1,1,71,10,1560,2,2,8,3
2014160B05361,1,19,0,18,0,0,5,0,1,10,1,1,6,1,59,9,-1,-1,-1,6,3
2014160B05371,1,21,1,18,0,0,5,0,1,10,1,1,1,1,50,8,10837,2,5,9,1
2014160B05381,1,9,0,18,0,0,0,4,0,0,1,1,6,2,19,4,1108,1,12,7,1
2014160B05381,2,9,0,2,0,0,0,0,0,0,4,1,6,3,-1,-1,1968,2,5,-1,-1
2014160B05381,3,19,0,2,0,0,0,0,0,0,2,1,6,3,-1,-1,1995,2,6,7,1
2014160B05391,1,9,0,9,0,5,0,0,0,0,3,1,6,2,19,4,1229,1,8,5,1
2014160B05391,2,9,0,13,0,8,0,0,0,0,1,1,6,1,21,5,1896,2,12,5,1
2014160B05401,1,9,0,3,0,0,0,0,0,0,2,1,6,2,20,4,1598,1,6,4,1
2014160B05401,2,9,0,18,0,0,0,0,0,0,1,1,6,2,22,5,998,1,9,1,1
2014160B05411,1,9,0,17,0,0,2,0,1,9,1,1,2,1,37,7,1598,7,11,1,1
2014160B05421,1,9,0,5,0,4,0,0,0,0,2,1,6,2,51,8,1753,2,6,6,3
2014160B05421,2,9,0,11,0,8,0,0,0,0,4,1,6,1,56,9,1995,2,2,8,1
2014160B05431,1,9,0,16,0,0,1,0,0,0,1,1,6,1,45,7,1984,1,18,5,3
2014160B05431,2,3,0,17,0,0,0,0,0,0,1,1,6,1,23,5,1188,1,26,8,2
2014160B05441,1,9,0,18,0,1,0,0,0,0,1,1,6,2,17,4,1390,1,-1,-1,1
2014160B05441,2,19,0,3,0,1,0,0,0,0,2,1,1,1,40,7,2198,2,1,1,1
2014160B05451,1,10,0,9,0,8,0,0,0,0,3,1,1,1,49,8,3972,2,18,8,1
2014160B05451,2,9,0,18,0,8,0,0,0,0,1,1,6,1,68,10,1896,2,7,9,2
2014160B05461,1,9,0,3,0,1,0,0,0,0,2,1,2,1,24,5,999,1,2,9,3
2014160B05461,2,9,0,4,0,1,0,0,0,0,2,1,6,2,60,9,1149,1,6,5,2
2014160B05461,3,9,0,18,0,1,0,0,0,0,1,1,2,2,18,4,1388,1,10,3,3
2014160B05471,1,9,0,1,0,2,0,0,0,0,2,1,6,1,17,4,1199,1,13,1,1
2014160B05481,1,1,0,18,0,8,0,0,0,0,4,1,2,1,32,6,-1,-1,-1,9,1
2014160B05481,2,9,0,7,0,4,0,0,0,0,1,1,6,1,49,8,1781,1,13,7,3
2014160B05491,1,9,0,13,0,0,0,0,0,0,1,1,6,1,79,11,-1,-1,-1,5,3
2014160B05491,2,1,0,18,0,0,0,10,1,10,3,1,6,1,65,9,-1,-1,-1,6,3
2014160B05501,1,9,0,3,0,8,0,0,0,0,2,1,6,2,52,8,1206,1,2,4,1
2014160B05501,2,9,0,3,0,8,0,0,0,0,2,1,6,1,31,6,1596,1,10,6,1
2014160B05501,3,9,0,18,0,8,0,0,0,0,1,1,6,1,37,7,1398,1,13,2,1
2014160B05511,1,9,0,3,0,1,0,0,0,0,2,1,2,2,26,6,1242,1,1,8,2
2014160B05511,2,19,0,4,0,1,0,0,0,0,1,1,1,1,22,5,2143,2,-1,8,2
2014160B05521,1,11,0,5,0,1,0,0,0,0,4,1,1,1,29,6,9600,2,25,1,1
2014160B05531,1,9,0,10,0,5,0,0,0,0,2,1,6,2,37,7,1995,2,10,8,3
2014160B05531,2,9,0,3,0,1,0,0,0,0,2,1,1,1,35,6,1584,1,7,1,1
2014160B05531,3,9,0,18,0,1,0,0,0,0,1,1,6,1,38,7,1587,1,15,9,2
2014160B05541,1,19,0,18,0,1,0,0,0,0,1,1,6,1,40,7,2198,2,1,4,3
2014160B05541,2,9,0,9,0,2,0,0,0,0,1,1,6,2,24,5,1242,1,9,8,2
2014160B05551,1,9,0,7,0,5,0,0,0,0,4,1,1,2,18,4,1229,1,10,6,1
2014160B05551,2,1,0,18,0,8,0,0,0,0,1,1,6,1,35,6,-1,-1,-1,3,1
2014160B05561,1,9,0,17,0,0,1,0,7,3,1,1,1,1,29,6,2497,1,13,7,3
2014160B05571,1,2,0,10,0,5,0,0,0,0,1,1,6,1,16,4,50,1,-1,4,1
2014160B05571,2,9,0,18,0,1,0,0,0,0,2,1,6,3,-1,-1,-1,-1,-1,-1,-1
2014160B05581,1,9,0,10,0,1,0,0,0,0,2,1,6,2,29,6,2198,1,13,1,1
2014160B05581,2,9,0,18,0,1,0,0,0,0,1,1,6,1,26,6,1399,2,6,6,3
2014160B05601,1,9,0,18,0,0,0,12,7,3,1,1,6,1,34,6,3200,1,11,1,1
2014160B05611,1,9,0,8,0,4,0,0,0,0,1,1,6,1,63,9,-1,-1,-1,1,1
2014160B05611,2,9,0,7,0,4,0,0,0,0,2,1,6,2,40,7,1968,2,-1,7,3
2014160B05621,1,9,0,18,0,8,0,0,0,0,1,1,6,1,58,9,1398,2,10,5,1
2014160B05621,2,9,0,18,0,8,0,0,0,0,4,1,2,1,26,6,1368,1,4,2,2
2014160B05631,1,9,0,18,0,0,1,0,1,4,1,1,6,2,20,4,1198,1,8,5,1
2014160B05641,1,9,0,4,0,1,0,0,0,0,2,1,6,1,39,7,1339,1,3,4,1
2014160B05641,2,9,0,18,0,1,0,0,0,0,1,1,6,2,39,7,2987,2,1,4,1
2014160B05651,1,21,1,18,0,0,0,0,0,0,1,1,6,1,53,8,12777,2,6,9,1
2014160B05651,2,9,0,18,0,0,0,0,0,0,1,1,6,1,35,6,1360,1,7,5,1
2014160B05661,1,1,0,18,0,0,0,0,0,0,1,1,6,1,58,9,-1,-1,-1,5,1
2014160B05661,2,9,0,2,0,0,0,0,0,0,2,1,6,3,-1,-1,1896,2,10,-1,-1
2014160B05671,1,1,0,5,0,6,0,0,0,0,1,1,1,1,14,3,-1,-1,-1,8,3
2014160B05671,2,9,0,9,0,8,0,0,0,0,1,1,2,1,61,9,1588,1,11,8,3
2014160B05681,1,9,0,9,0,8,0,0,0,0,2,1,6,1,31,6,1798,1,12,5,1
2014160B05681,2,9,0,9,0,8,0,0,0,0,1,1,6,2,32,6,1598,1,8,5,1
2014160B05691,1,9,0,9,0,6,0,0,0,0,3,1,6,1,35,6,1390,1,11,5,1
2014160B05691,2,1,0,18,0,8,0,0,0,0,1,1,6,1,40,7,-1,-1,-1,2,1
2014160B05701,1,19,0,18,0,0,0,0,0,0,4,1,6,1,55,8,2402,2,7,7,3
2014160B05711,1,9,0,5,0,4,0,0,0,0,2,1,6,1,35,6,1598,2,2,1,1
2014160B05711,2,98,1,5,0,4,0,0,0,0,1,1,6,1,26,6,12809,2,-1,8,3
2014160B05721,1,3,0,18,0,8,0,0,0,0,1,1,6,1,21,5,125,1,4,2,1
2014160B05721,2,9,0,18,0,4,0,0,0,0,2,1,6,2,20,4,998,1,8,8,1
2014160B05731,1,9,0,9,0,5,0,0,0,0,1,1,6,2,45,7,1799,1,4,3,2
2014160B05731,2,9,0,18,0,8,0,0,1,0,1,1,6,2,30,6,1229,1,3,7,1
2014160B05751,1,21,1,18,0,0,0,0,0,0,2,1,1,3,-1,-1,11705,2,9,-1,-1
2014160B05751,2,9,0,18,0,0,0,0,0,0,1,1,6,1,17,4,1198,1,10,8,2
2014160B05761,1,2,0,4,0,1,1,0,1,10,4,1,2,2,20,4,49,1,-1,6,3
2014160B05771,1,9,0,18,0,2,2,0,1,9,1,1,2,1,24,5,1364,1,8,3,1
2014160B05781,1,9,0,18,0,6,1,10,1,0,1,1,2,2,50,8,1360,1,8,8,1
2014160B05781,2,21,0,18,0,8,0,0,0,0,4,1,2,1,54,8,-1,-1,-1,2,1
2014160C00011,1,9,0,18,0,0,0,0,0,0,1,1,6,1,46,8,1229,1,10,7,3
2014160C00011,2,9,0,18,0,0,0,0,0,0,1,1,6,1,19,4,1000,1,14,8,2
2014160C00021,1,9,0,18,0,0,0,0,1,11,1,1,6,1,58,9,1598,2,1,1,1
2014160C00031,1,9,0,17,0,0,2,10,1,11,1,1,6,1,40,7,1242,1,15,1,1
2014160C00041,1,21,1,9,0,8,5,0,0,0,4,1,1,1,63,9,12740,2,1,6,1
2014160C00051,1,9,0,7,0,6,0,0,0,0,1,1,6,2,25,5,2685,2,12,-1,3
2014160C00061,1,9,0,18,0,8,1,0,0,0,1,1,6,1,18,4,1199,1,13,7,1
2014160C00061,2,1,0,18,0,6,0,0,0,0,2,1,4,1,11,3,-1,-1,-1,7,1
2014160C00071,1,9,0,18,0,8,1,0,0,0,1,1,6,1,66,10,1984,1,8,7,3
2014160C00071,2,19,0,18,0,8,0,0,0,0,2,1,1,1,44,7,2198,2,1,1,1
2014160C00081,1,9,0,18,0,6,0,0,0,0,1,1,6,2,68,10,1124,1,13,5,3
2014160C00081,2,19,0,9,0,8,0,0,0,0,1,1,1,1,44,7,1995,2,1,7,1
2014160C00091,1,9,0,18,0,2,0,0,0,0,1,1,6,2,56,9,1339,1,8,8,2
2014160C00101,1,9,0,18,0,2,0,0,0,0,1,1,6,1,78,11,1339,1,8,1,1
2014160C00101,2,9,0,18,0,1,0,0,0,0,4,1,6,1,51,8,1595,1,1,7,3
2014160C00111,1,19,0,16,0,0,2,0,7,9,1,1,1,1,61,9,2496,2,15,2,2
2014160C00121,1,9,0,18,0,2,0,0,0,0,1,1,6,3,-1,-1,-1,-1,-1,-1,-1
2014160C00121,2,9,0,18,0,2,0,0,0,0,2,1,6,2,38,7,1995,1,12,10,2
2014160C00121,3,9,0,2,0,2,0,0,0,0,2,1,6,2,57,9,1599,1,10,10,2
2014160C00131,1,21,0,18,0,1,0,0,0,0,1,1,1,1,47,8,11705,2,7,6,1
2014160C00131,2,9,0,4,0,1,0,0,0,0,2,1,2,2,41,7,1968,2,-1,9,2
2014160C00141,1,2,0,7,0,3,0,0,3,11,1,1,6,1,16,4,49,1,4,4,1
2014160C00151,1,9,0,17,0,0,0,0,1,11,1,1,6,1,31,6,-1,-1,-1,7,1
2014160C00161,1,9,0,17,0,0,1,0,0,0,1,1,6,1,50,8,1596,1,10,9,1
2014160C00161,2,9,0,16,0,0,0,0,0,0,1,1,6,1,57,9,2500,2,22,3,1
2014160C00171,1,9,0,18,0,0,2,0,7,0,3,1,6,1,22,5,1598,1,13,4,1
2014160C00211,1,11,0,18,0,0,0,0,0,0,1,1,1,1,57,9,-1,2,15,5,1
2014160C00221,1,9,0,18,0,0,0,0,0,0,3,1,6,1,64,9,1997,2,12,7,1
2014160C00221,2,9,0,18,0,0,0,0,0,0,1,1,6,1,54,8,2179,2,2,8,1
2014160C00221,3,9,0,18,0,0,0,0,0,0,1,1,6,1,60,9,1986,2,6,10,1
2014160C00221,4,9,0,18,0,0,0,0,0,0,1,1,6,1,59,9,998,1,12,10,1
2014160C00231,1,21,0,16,0,0,0,0,7,4,1,1,6,1,29,6,4462,2,1,6,1
2014160C00241,1,9,0,18,0,0,0,10,7,10,1,1,6,2,50,8,1388,1,9,6,1
2014160C00251,1,21,0,1,0,0,0,0,0,0,2,1,6,1,28,6,-1,-1,-1,-1,-1
2014160C00251,2,19,0,3,0,0,0,0,0,0,1,1,6,1,20,4,2198,2,1,8,1
2014160C00271,1,19,0,18,0,0,1,0,1,9,4,1,1,1,37,7,1560,2,3,3,1
2014160C00271,2,9,0,13,0,0,0,0,0,0,0,1,6,3,-1,-1,-1,-1,-1,-1,-1
2014160C00281,1,9,0,9,0,4,0,0,0,0,1,1,6,1,69,10,1998,1,13,4,1
2014160C00281,2,1,0,18,0,4,0,0,0,0,4,1,6,1,28,6,-1,-1,-1,10,2
2014160C00291,1,1,0,18,0,8,1,0,0,0,1,1,4,1,18,4,-1,-1,-1,8,1
2014160C00291,2,19,0,5,0,6,0,0,0,0,3,1,6,2,42,7,1686,2,5,4,1
2014160C00301,1,9,0,18,0,4,0,0,0,0,1,1,6,1,20,4,-1,-1,-1,7,1
2014160C00301,2,9,0,18,0,3,0,0,0,0,2,1,6,1,66,10,1699,1,9,9,1
2014160C00311,1,9,0,18,0,1,0,0,0,0,1,1,6,1,44,7,1390,1,1,7,1
2014160C00311,2,9,0,3,0,1,0,0,0,0,2,1,2,1,38,7,1995,2,11,1,1
2014160C00321,1,9,0,7,0,5,0,0,0,0,2,1,6,2,43,7,-1,-1,-1,8,3
2014160C00321,2,9,0,18,0,1,0,0,0,0,1,1,2,2,32,6,1560,2,7,8,3
2014160C00331,1,9,0,4,0,0,0,0,0,0,0,1,6,1,44,7,1796,1,8,8,2
2014160C00331,2,9,0,18,0,0,0,0,0,0,0,1,6,2,34,6,1461,2,4,9,2
2014160C00341,1,9,0,18,0,0,1,10,1,0,4,1,2,1,46,8,1951,2,9,3,3
2014160C00351,1,9,0,9,0,6,0,0,0,0,3,1,6,2,22,5,1798,1,4,10,1
2014160C00351,2,9,0,18,0,8,0,0,0,0,4,1,6,2,44,7,1900,2,7,10,2
2014160C00361,1,9,0,7,0,5,0,0,0,0,2,1,6,1,68,10,1598,1,11,8,3
2014160C00361,2,9,0,18,0,1,0,0,0,0,1,1,6,2,51,8,1951,2,11,4,1
2014160C00361,3,9,0,10,0,1,0,0,0,0,1,1,6,1,34,6,1364,1,7,8,1
2014160C00371,1,9,0,9,0,5,0,0,0,0,1,1,6,2,64,9,1997,2,14,7,1
2014160C00371,2,2,0,18,0,8,0,0,0,0,1,1,6,1,16,4,49,1,4,9,2