Accident_Index,Vehicle_Reference,Vehicle_Type,Towing_and_Articulation,Vehicle_Manoeuvre,Vehicle_Location-Restricted_Lane,Junction_Location,Skidding_and_Overturning,Hit_Object_in_Carriageway,Vehicle_Leaving_Carriageway,Hit_Object_off_Carriageway,1st_Point_of_Impact,Was_Vehicle_Left_Hand_Drive?,Journey_Purpose_of_Driver,Sex_of_Driver,Age_of_Driver,Age_Band_of_Driver,Engine_Capacity_(CC),Propulsion_Code,Age_of_Vehicle,Driver_IMD_Decile,Driver_Home_Area_Type
2014160C00401,1,9,0,18,0,0,0,0,0,0,1,1,6,1,48,8,1399,2,6,6,3
2014160C00401,2,9,0,3,0,0,0,0,0,0,0,1,2,1,44,7,1582,2,3,6,3
2014160C00411,1,9,0,4,0,0,2,0,1,1,1,1,2,1,28,6,1781,1,14,4,1
2014160C00421,1,19,0,18,0,1,0,0,0,0,0,1,2,1,46,8,2151,2,11,5,2
2014160C00421,2,9,0,18,0,1,0,11,0,0,4,1,6,1,46,8,1956,2,3,5,2
2014160C00421,3,3,0,18,0,1,0,11,0,0,1,1,6,1,35,6,125,1,2,5,2
2014160C00431,1,19,0,16,0,0,0,0,0,0,1,1,1,1,54,8,2402,2,8,8,1
2014160C00431,2,9,0,3,0,0,0,0,0,0,2,1,2,1,47,8,1360,1,7,2,1
2014160C00431,3,9,0,3,0,0,0,0,0,0,2,1,2,2,35,6,1461,2,2,8,2
2014160C00441,1,9,0,16,0,0,2,0,1,10,1,1,6,1,17,4,1299,1,13,7,3
2014160C00451,1,9,0,6,0,6,0,0,0,0,0,1,6,2,72,10,998,1,6,10,1
2014160C00451,2,11,0,18,0,8,0,0,0,0,0,1,1,2,65,9,7300,2,8,9,1
2014160C00461,1,9,0,13,0,0,0,0,0,0,0,1,6,3,-1,-1,-1,-1,-1,-1,-1
2014160C00461,2,3,0,16,0,0,0,0,0,0,0,1,2,1,28,6,124,1,1,8,2
2014160C00471,1,9,0,9,0,6,0,0,0,0,1,1,2,2,24,5,1968,2,7,2,1
2014160C00471,2,1,0,18,0,8,0,0,0,0,4,1,6,1,46,8,-1,-1,-1,2,1
2014160C00481,1,9,0,18,0,0,0,11,7,0,1,1,2,2,24,5,1595,1,15,7,1
2014160C00481,2,19,0,18,0,0,2,0,1,0,1,1,1,1,48,8,2464,2,6,1,1
2014160C00491,1,9,0,18,0,0,2,0,1,9,1,1,1,1,40,7,1396,1,11,-1,3
2014160C00511,1,9,0,5,0,1,0,0,0,0,1,1,6,1,84,11,1998,1,16,7,1
2014160C00511,2,3,0,5,0,4,0,0,0,0,2,1,6,2,71,10,124,1,12,2,1
2014160C00521,1,9,0,18,0,0,2,0,2,7,1,1,6,1,26,6,1149,1,6,8,1
2014160C00531,1,9,0,9,0,6,0,0,0,0,1,1,6,2,55,8,1360,1,7,4,1
2014160C00531,2,2,0,18,0,8,0,0,0,0,1,1,6,2,22,5,125,1,-1,1,1
2014160C00541,1,9,0,18,0,6,0,0,0,0,3,1,2,2,22,5,1399,2,6,4,3
2014160C00541,2,9,0,18,0,8,0,0,0,0,1,1,6,2,45,7,1341,1,15,5,1
2014160C00551,1,9,0,18,0,1,0,0,0,0,1,1,6,1,22,5,1396,1,9,1,1
2014160C00551,2,9,0,18,0,8,0,0,0,0,3,1,6,1,32,6,-1,-1,-1,5,3
2014160C00561,1,9,0,9,0,6,0,0,7,11,1,1,6,2,40,7,1596,1,4,4,3
2014160C00561,2,9,0,18,0,1,0,0,0,0,1,1,6,2,50,8,2000,2,8,4,2
2014160C00571,1,4,0,3,0,4,0,0,0,0,1,1,6,1,52,8,499,1,17,-1,1
2014160C00571,2,9,0,3,0,4,0,0,0,0,2,1,1,1,78,11,2497,1,12,9,3
2014160C00581,1,9,0,10,0,1,0,0,0,0,2,1,2,1,21,5,1390,1,3,7,3
2014160C00581,2,9,0,18,0,1,0,0,0,0,1,1,2,1,52,8,1686,2,12,4,1
2014160C00591,1,21,1,11,0,0,3,0,0,0,1,1,1,1,38,7,11705,2,10,1,1
2014160C00591,2,9,0,18,0,0,0,0,1,0,3,1,6,2,26,6,1560,2,7,1,1
2014160C00601,1,9,0,4,0,1,0,0,0,0,1,1,2,2,53,8,1997,2,9,9,3
2014160C00601,2,9,0,3,0,1,0,0,0,0,2,1,2,1,51,8,1997,2,3,10,1
2014160C00601,3,9,0,3,0,1,0,0,0,0,2,1,2,1,45,7,1598,2,2,8,2
2014160C00611,1,9,0,3,0,1,0,0,0,0,0,1,6,3,-1,-1,-1,-1,-1,-1,-1
2014160C00611,2,9,0,4,0,1,0,0,0,0,2,1,6,1,23,5,1560,2,3,8,3
2014160C00611,3,9,0,4,0,1,0,0,0,0,2,1,6,2,23,5,1242,1,10,10,1
2014160C00611,4,9,0,18,0,1,0,0,0,0,1,1,6,1,24,5,1560,2,7,7,1
2014160C00621,1,9,0,18,0,0,1,0,5,6,2,1,2,1,42,7,1998,2,9,3,3
2014160C00621,2,9,0,18,0,0,1,0,5,6,1,1,6,1,26,6,1995,2,4,5,1
2014160C00631,1,1,0,18,0,0,0,0,0,0,0,1,6,1,44,7,-1,-1,-1,9,3
2014160C00631,2,21,0,18,0,0,0,0,0,0,0,1,6,3,-1,-1,-1,-1,-1,-1,-1
2014160C00641,1,9,0,9,0,6,0,0,0,0,1,1,2,1,45,7,1749,1,13,1,1
2014160C00641,2,1,0,17,0,8,0,0,0,0,4,1,2,1,55,8,-1,-1,-1,6,1
2014160C00651,1,20,0,5,0,6,1,0,0,0,1,1,1,3,-1,-1,5861,2,13,-1,-1
2014160C00651,2,1,0,18,0,8,1,0,0,0,4,1,6,1,39,7,-1,-1,-1,7,1
2014160C00661,1,9,0,18,0,0,0,0,0,0,1,1,1,2,28,6,1995,2,3,4,2
2014160C00661,2,9,0,4,0,0,0,0,0,0,2,1,6,1,80,11,2497,1,9,5,3
2014160C00671,1,9,0,18,0,0,1,0,0,0,1,1,6,2,43,7,1242,1,6,4,1
2014160C00671,2,20,1,18,0,0,0,0,0,0,2,1,1,1,57,9,-1,-1,-1,7,1
2014160C00681,1,9,0,18,0,0,0,0,0,0,3,1,6,1,23,5,1984,1,8,10,3
2014160C00681,2,9,0,18,0,0,0,0,0,0,3,1,6,3,-1,-1,-1,-1,-1,-1,-1
2014160C00691,1,9,0,18,0,0,0,0,0,0,1,1,6,1,-1,-1,1396,1,11,5,3
2014160C00691,2,9,0,3,0,0,0,0,0,0,2,1,6,2,54,8,1242,1,5,4,2
2014160C00701,1,9,0,18,0,2,1,10,1,10,1,1,6,2,18,4,998,1,3,8,2
2014160C00711,1,9,0,18,0,0,2,10,5,6,1,1,1,1,33,6,1560,2,7,1,1
2014160C00721,1,19,0,5,0,1,0,0,0,0,1,1,1,1,36,7,1753,2,13,5,1
2014160C00721,2,9,0,3,0,1,0,0,0,0,2,1,6,2,26,6,1248,1,4,4,2
2014160C00741,1,9,0,18,0,0,1,0,5,6,1,1,1,2,29,6,1686,2,3,8,1
2014160C00751,1,9,0,18,0,1,0,0,0,0,1,1,6,2,25,5,1968,2,11,4,3
2014160C00751,2,9,0,8,0,1,0,0,0,0,2,1,6,2,44,7,1910,2,6,4,3
2014160C00761,1,9,0,17,0,0,1,0,0,0,1,1,6,1,24,5,1984,1,13,1,1
2014160C00761,2,9,0,16,0,0,0,0,0,0,1,1,6,1,53,8,998,1,10,8,2
2014160C00771,1,9,0,9,0,5,0,0,0,0,1,1,2,1,32,6,1896,2,10,8,3
2014160C00771,2,3,0,18,0,8,0,0,0,0,4,1,2,1,19,4,124,1,10,-1,2
2014160C00781,1,9,0,18,0,0,0,0,1,1,1,1,6,2,25,5,1229,1,9,1,1
2014160C00781,2,9,0,18,0,0,0,0,0,0,1,1,6,2,27,6,1242,1,11,5,1
2014160C00791,1,20,0,18,0,0,0,0,7,9,1,1,6,1,25,5,2143,2,1,6,3
2014160C00791,2,9,0,18,0,0,0,0,0,0,1,1,6,1,46,8,1998,2,8,7,1
2014160C00801,1,9,0,18,0,0,0,0,0,0,1,1,6,1,82,11,1248,2,6,5,2
2014160C00801,2,90,0,18,0,0,0,0,1,0,2,1,6,1,65,9,-1,-1,-1,5,2
2014160C00811,1,9,0,18,0,0,1,0,1,10,1,1,2,1,19,4,1198,1,7,8,2
2014160C00821,1,9,0,18,0,3,0,0,0,0,4,1,6,1,43,7,-1,-1,-1,6,2
2014160C00821,2,1,0,9,0,4,0,0,0,0,1,1,6,1,68,10,-1,-1,-1,9,2
2014160C00831,1,19,0,5,0,4,0,0,0,0,3,1,6,2,52,8,2384,2,20,7,3
2014160C00831,2,9,0,9,0,4,0,0,0,0,1,1,6,2,70,10,1991,2,8,6,3
2014160C00841,1,8,0,4,0,1,0,0,0,0,2,1,1,1,59,9,1560,2,8,4,1
2014160C00841,2,9,0,18,0,1,0,0,0,0,1,1,6,1,34,6,1968,2,7,6,1
2014160C00851,1,9,0,1,0,5,0,0,0,0,2,1,6,2,69,10,1582,2,4,10,1
2014160C00851,2,1,0,3,0,1,0,0,0,0,1,1,6,2,64,9,-1,-1,-1,7,1
2014160C00861,1,9,0,17,0,0,2,0,7,4,1,1,6,1,31,6,1198,1,1,8,3
2014160C00871,1,9,0,18,0,1,0,0,0,0,1,1,6,1,52,8,1360,1,7,3,1
2014160C00871,2,9,0,4,0,1,0,0,0,0,2,1,6,1,37,7,1910,2,6,3,1
2014160C00881,1,11,0,2,0,0,0,0,0,0,0,1,1,1,42,7,7300,2,9,10,2
2014160C00891,1,20,0,5,0,1,0,0,0,0,1,1,1,1,55,8,4580,2,3,3,1
2014160C00891,2,9,0,8,0,1,0,0,0,0,2,1,6,1,33,6,1995,2,5,5,1
2014160C00901,1,9,0,18,0,0,0,0,7,10,1,1,6,2,19,4,1242,1,11,1,1
2014160C00901,2,9,0,18,0,0,0,0,0,0,1,1,6,1,48,8,2199,2,2,-1,3
2014160C00911,1,1,0,18,0,1,1,0,0,0,0,1,6,1,28,6,-1,-1,-1,7,1
2014160C00911,2,9,0,9,0,6,0,0,0,0,0,1,6,1,67,10,1242,1,13,10,2
2014160C00921,1,9,0,5,0,0,0,10,1,0,1,1,6,3,-1,-1,-1,-1,-1,-1,-1
2014160C00931,1,2,0,18,0,4,0,0,0,0,1,1,6,1,16,4,49,1,1,9,1
2014160C00931,2,9,0,9,0,8,0,0,0,0,4,1,6,3,-1,-1,-1,-1,-1,-1,-1
2014160C00941,1,9,0,18,0,8,0,0,0,0,1,1,6,1,69,10,1598,1,6,-1,-1
2014160C00941,2,16,0,9,0,6,0,0,0,0,3,1,6,2,24,5,-1,-1,-1,1,1
2014160C00951,1,9,0,9,0,6,0,0,0,0,1,1,6,1,73,10,1124,1,7,8,2
2014160C00951,2,19,0,18,0,8,0,0,0,0,1,1,1,2,40,7,1560,2,3,8,2
2014160C00961,1,9,0,18,0,0,0,0,0,0,4,1,6,1,58,9,1596,1,8,7,3
2014160C00971,1,19,0,18,0,0,0,0,2,7,1,1,1,1,32,6,1686,2,6,-1,-1
2014160C00971,2,9,0,18,0,0,0,0,0,0,2,1,6,1,59,9,1242,1,2,8,2
2014160C00981,1,9,0,17,0,0,1,0,1,9,4,1,6,1,28,6,1586,1,1,2,3
2014160C00991,1,1,0,18,0,0,0,0,0,0,3,1,6,1,23,5,-1,-1,-1,10,2
2014160C00991,2,19,0,13,0,0,0,0,0,0,4,1,6,1,28,6,2198,2,1,3,1
2014160C01001,1,9,0,18,0,8,0,0,0,0,3,1,6,2,35,6,1199,1,10,-1,2
2014160C01001,2,5,0,16,0,8,0,0,0,0,1,1,6,1,29,6,644,1,12,-1,1
2014160C01011,1,9,0,18,0,0,0,0,0,0,1,1,6,1,68,10,1597,1,11,1,1
2014160C01011,2,9,0,18,0,0,5,0,1,9,1,1,6,1,26,6,-1,-1,-1,8,3
2014160C01021,1,9,0,18,0,0,1,0,0,0,0,1,6,3,-1,-1,-1,-1,-1,-1,-1
2014160C01021,2,9,0,18,0,0,0,0,0,0,4,1,6,1,52,8,1896,2,11,1,1
2014160C01031,1,9,0,9,0,8,0,0,0,0,4,1,6,1,34,6,3498,1,9,-1,1
2014160C01031,2,5,0,18,0,8,0,0,0,0,1,1,6,1,67,10,781,1,15,7,1
2014160C01041,1,9,0,18,0,1,1,0,0,0,1,1,6,1,18,4,1124,1,12,7,1
2014160C01041,2,9,0,18,0,1,0,0,0,0,3,1,1,1,59,9,1686,2,10,7,3
2014160C01051,1,19,0,7,0,5,0,0,0,0,4,1,6,3,-1,-1,-1,-1,-1,-1,-1
2014160C01061,1,19,0,17,0,0,2,0,7,4,1,1,6,1,32,6,1996,2,3,4,1
2014160C01071,1,9,0,18,0,6,0,0,0,0,1,1,6,3,-1,-1,998,1,9,-1,-1
2014160C01071,2,9,0,2,0,2,0,0,0,0,3,1,6,3,-1,-1,1242,1,3,-1,-1
2014160C01081,1,5,0,18,0,4,0,0,0,0,1,1,6,1,62,9,647,1,14,8,2
2014160C01081,2,9,0,6,0,8,0,0,0,0,4,1,6,2,28,6,1997,2,15,7,2
2014160C01091,1,19,0,18,0,0,0,0,0,0,1,1,1,1,40,7,1560,2,6,8,1
2014160C01101,1,9,0,17,0,0,2,0,7,0,3,1,6,1,23,5,1149,1,16,5,3
2014160C01101,2,9,0,1,0,0,0,0,0,0,0,1,6,3,-1,-1,-1,-1,-1,-1,-1
2014160C01111,1,9,0,18,0,8,0,0,0,0,1,1,6,1,43,7,2698,2,7,7,2
2014160C01111,2,9,0,5,0,6,0,0,0,0,4,1,6,2,36,7,1598,1,14,8,3
2014160C01121,1,9,0,17,0,2,2,0,1,11,1,1,6,2,18,4,1896,2,10,5,3
2014160C01131,1,9,0,18,0,0,0,0,0,0,1,1,6,1,38,7,1956,2,2,9,1
2014160C01131,2,9,0,4,0,0,0,0,0,0,2,1,6,1,23,5,1390,1,11,10,1
2014160C01131,3,9,0,3,0,0,0,0,0,0,2,1,6,2,59,9,1240,1,8,6,1
2014160C01151,1,9,0,7,0,1,0,0,0,0,1,1,2,2,22,5,1198,1,4,2,1
2014160C01151,2,9,0,4,0,1,0,0,0,0,2,1,6,2,41,7,-1,-1,-1,1,1
2014160C01161,1,9,0,18,0,1,0,0,0,0,1,1,6,1,55,8,3980,1,20,5,3
2014160C01161,2,9,0,4,0,1,0,0,0,0,2,1,6,2,52,8,1598,1,6,10,1
2014160C01171,1,19,0,7,0,2,0,0,0,0,1,1,6,3,-1,-1,-1,-1,-1,-1,-1
2014160C01171,2,1,0,3,0,1,0,0,0,0,4,1,6,2,42,7,-1,-1,-1,6,1
2014160C01181,1,1,0,18,0,0,0,0,0,0,1,1,2,1,42,7,-1,-1,-1,9,2
2014160C01191,1,9,0,18,0,1,0,0,0,0,1,1,6,1,84,11,998,1,10,7,3
2014160C01201,1,9,0,18,0,0,0,0,0,0,1,1,6,2,47,8,1242,1,10,7,1
2014160C01201,2,9,0,3,0,0,0,0,0,0,2,1,6,2,42,7,1956,2,3,-1,3
2014160C01211,1,19,0,18,0,0,0,0,1,10,1,1,6,1,37,7,1870,2,14,5,3
2014160C01221,1,3,0,18,0,1,1,0,0,0,1,1,2,1,18,4,124,1,2,5,2
2014160C01221,2,20,0,3,0,2,0,0,0,0,2,1,1,1,32,6,6693,2,1,-1,1
2014160C01231,1,8,0,18,0,1,1,10,1,3,4,1,1,1,34,6,1461,2,8,5,1
2014160C01241,1,9,0,12,0,0,0,10,5,6,3,1,6,1,53,8,1596,1,9,5,1
2014160C01241,2,9,0,18,0,0,0,0,0,0,4,1,6,1,43,7,2231,2,8,9,3
2014160C01251,1,9,0,9,0,6,0,0,0,0,1,1,1,1,47,8,1686,2,4,9,1
2014160C01251,2,9,0,18,0,8,1,10,7,11,4,1,6,1,78,11,1242,1,11,3,1
2014160C01261,1,9,0,18,0,0,0,0,0,0,1,1,1,2,30,6,1061,1,9,7,2
2014160C01261,2,9,0,3,0,0,0,0,0,0,2,1,6,1,33,6,1598,1,13,8,1
2014160C01271,1,2,0,18,0,0,0,0,1,10,1,1,6,2,16,4,49,1,2,7,3
2014160C01281,1,9,0,18,0,0,0,0,0,0,2,1,6,2,69,10,998,1,1,7,2
2014160C01281,2,90,0,4,0,0,0,0,0,0,1,1,1,2,45,7,2798,2,7,8,2
2014160C01291,1,3,0,18,0,0,1,0,0,0,1,1,2,1,47,8,124,1,1,1,1
2014160C01291,2,9,0,18,0,0,0,0,0,0,1,1,2,1,40,7,2231,2,6,4,1
2014160C01301,1,9,0,3,0,2,0,0,0,0,2,1,6,2,43,7,1598,1,7,10,1
2014160C01301,2,9,0,18,0,2,0,0,0,0,1,1,6,1,50,8,-1,-1,-1,9,1
2014160C01311,1,19,0,12,0,0,0,0,0,0,3,1,6,1,36,7,2402,2,7,-1,-1
2014160C01311,2,9,0,18,0,0,0,0,0,0,4,1,6,2,21,5,1461,2,4,10,2
2014160C01321,1,9,0,9,0,6,0,0,0,0,3,1,2,1,22,5,1461,2,11,1,1
2014160C01321,2,9,0,18,0,8,0,0,0,0,1,1,6,2,41,7,2993,2,1,10,1
2014160C01331,1,9,0,18,0,8,0,0,0,0,1,1,6,2,55,8,1995,1,6,2,1
2014160C01331,2,9,0,18,0,8,0,0,0,0,4,1,6,1,24,5,1560,2,2,4,1
2014160C01341,1,9,0,3,0,1,0,0,0,0,2,1,1,2,54,8,1197,1,2,8,2
2014160C01341,2,9,0,18,0,1,0,0,0,0,1,1,1,1,54,8,1584,1,11,6,3
2014160C01351,1,9,0,16,0,0,1,10,7,9,1,1,6,2,29,6,1587,1,11,10,2
2014160C01361,1,11,0,5,0,0,0,0,0,0,0,1,1,1,27,6,9360,2,5,4,1
2014160C01371,1,9,0,1,0,0,0,0,0,0,4,1,1,1,37,7,998,1,12,3,1
2014160C01371,2,1,0,18,0,0,0,0,0,0,1,1,6,1,27,6,-1,-1,-1,8,1
2014160C01381,1,9,0,18,0,0,0,0,0,0,1,1,6,1,73,10,1998,1,6,5,1
2014160C01381,2,9,0,18,0,0,0,0,0,0,2,1,6,2,23,5,998,1,14,9,1
2014160C01381,3,9,0,4,0,0,0,0,0,0,2,1,6,2,28,6,998,1,9,5,3
2014160C01391,1,9,0,18,0,1,0,0,0,0,1,1,2,2,34,6,1956,2,1,7,1
2014160C01391,2,9,0,10,0,1,0,0,0,0,2,1,2,2,44,7,1242,1,1,9,2
2014160C01401,1,9,0,7,0,0,0,0,0,0,3,1,6,2,25,5,2720,2,9,8,1
2014160C01401,2,9,0,4,0,0,0,0,0,0,3,1,2,1,22,5,1968,2,4,4,3
2014160C01401,3,21,1,4,0,0,0,0,0,0,3,1,1,1,49,8,12777,2,-1,9,3
2014160C01411,1,9,0,13,0,0,1,0,2,7,1,1,6,2,27,6,1396,1,9,1,1
2014160C01411,2,9,0,18,0,0,0,0,0,0,1,1,6,1,21,5,1995,2,12,6,1
2014160C01421,1,9,0,18,0,6,0,0,0,0,1,1,6,1,24,5,1560,2,7,6,1
2014160C01421,2,9,0,18,0,1,0,0,1,10,1,1,6,1,24,5,1242,1,1,-1,1
2014160C01421,3,9,0,3,0,1,0,0,0,0,1,1,6,2,26,6,1598,1,14,3,1
2014160C01431,1,9,0,18,0,0,0,4,0,0,1,1,6,1,55,8,1242,1,13,1,1
2014160C01431,2,9,0,2,0,0,0,10,1,0,2,1,6,3,-1,-1,1956,2,2,-1,-1
2014160C01441,1,9,0,7,0,0,0,0,0,0,4,1,6,2,57,9,1242,1,2,10,1
2014160C01441,2,9,0,18,0,0,0,0,0,0,1,1,2,1,39,7,1796,1,11,10,1
2014160C01451,1,9,0,4,0,0,0,0,1,10,1,1,6,1,33,6,1360,1,11,8,3
2014160C01451,2,9,0,4,0,0,0,0,0,0,1,1,6,2,27,6,1796,1,7,5,1
2014160C01451,3,9,0,4,0,0,0,0,0,0,1,1,6,2,27,6,1798,1,4,7,2
2014160C01451,4,9,0,4,0,0,0,0,1,10,2,1,2,1,33,6,1596,1,9,8,2
2014160C01451,5,9,0,4,0,0,0,0,0,0,2,1,6,2,58,9,1995,1,4,7,2
2014160C01451,6,19,0,3,0,0,0,0,0,0,2,1,1,1,49,8,1399,2,5,8,3
2014160C01461,1,9,0,3,0,0,0,0,0,0,2,1,6,2,59,9,1560,2,4,1,1
2014160C01461,2,9,0,4,0,0,1,0,0,0,1,1,1,2,28,6,1124,1,8,3,1
2014160C01471,1,1,0,18,0,8,1,0,0,0,1,1,6,1,40,7,-1,-1,-1,3,1
2014160C01471,2,9,0,9,0,6,0,0,0,0,4,1,1,1,37,7,-1,-1,-1,3,1
2014160C01481,1,9,0,16,0,0,0,0,1,10,1,1,6,2,45,7,2494,1,15,7,2
2014160C01481,2,9,0,17,0,0,0,0,0,0,1,1,6,2,18,4,1149,1,7,9,1
2014160C01481,3,9,0,17,0,0,0,0,0,0,2,1,6,2,68,10,1360,1,2,10,2
2014160C01491,1,9,0,18,0,0,5,0,7,10,3,1,6,2,61,9,1598,1,2,3,1
2014160C01491,2,9,0,18,0,0,0,10,0,0,4,1,6,1,48,8,1598,1,9,4,1
2014160C01501,1,5,0,4,0,0,0,0,0,0,1,1,6,1,23,5,599,1,6,10,1
2014160C01501,2,9,0,4,0,0,0,0,0,0,1,1,6,1,28,6,1149,1,13,3,2
2014160C01501,3,9,0,18,0,0,0,0,0,0,2,1,6,1,51,8,1951,2,13,2,1
2014160C01511,1,9,0,18,0,0,0,0,0,0,1,1,6,1,30,6,-1,-1,-1,3,3
2014160C01511,2,9,0,3,0,0,0,0,0,0,2,1,6,1,69,10,-1,-1,-1,6,3
2014160C01521,1,9,0,16,0,0,0,0,7,2,3,1,6,2,24,5,1149,1,7,5,3
2014160C01541,1,9,0,1,0,1,0,0,7,11,2,1,6,2,76,11,1390,1,1,10,2
2014160C01551,1,9,0,17,0,0,1,0,1,10,1,1,6,2,44,7,1988,1,12,6,1
2014160C01561,1,19,0,18,0,0,0,0,1,10,1,1,1,1,33,6,-1,-1,-1,1,1
2014160C01571,1,9,0,16,0,0,1,0,1,10,3,1,6,2,19,4,1299,1,9,8,1
2014160C01581,1,9,0,18,0,0,0,0,0,0,1,1,6,2,36,7,1364,1,4,9,1
2014160C01581,2,9,0,2,0,0,0,0,0,0,2,1,6,3,-1,-1,1997,2,4,-1,-1
2014160C01591,1,9,0,9,0,6,0,0,1,11,3,1,1,1,31,6,1896,2,7,6,1
2014160C01591,2,21,1,18,0,8,0,0,0,0,1,1,1,1,47,8,10837,2,3,2,1
2014160C01601,1,9,0,13,0,0,0,0,0,0,4,1,6,3,-1,-1,-1,-1,-1,-1,-1
2014160C01601,2,1,0,18,0,0,0,0,0,0,3,1,6,1,31,6,-1,-1,-1,7,1
2014160C01611,1,9,0,5,0,0,0,0,0,0,3,1,2,2,25,5,1598,1,8,4,1
2014160C01611,2,4,0,14,0,0,0,0,0,0,1,1,2,1,57,9,125,1,-1,8,2
2014160C01621,1,9,0,18,0,0,1,0,2,7,2,1,6,1,27,6,1988,1,14,1,1
2014160C01631,1,9,0,18,0,0,0,0,0,0,1,1,6,1,82,11,1149,1,13,4,2
2014160C01631,2,1,0,18,0,0,0,0,0,0,2,1,6,2,55,8,-1,-1,-1,8,1
2014160C01641,1,9,0,18,0,0,1,0,0,0,4,1,2,2,47,8,1995,2,2,-1,2
2014160C01641,2,20,4,18,0,0,0,0,1,2,3,1,1,1,45,7,5880,2,1,8,1
2014160C01661,1,9,0,16,0,0,2,0,7,3,4,1,6,2,25,5,1587,1,9,7,2
2014160C01671,1,9,0,13,0,0,0,0,0,0,1,1,2,1,60,9,1248,2,1,4,3
2014160C01671,2,21,1,18,0,0,0,0,0,0,2,1,1,1,45,7,10837,2,2,4,1
2014160C01681,1,19,0,18,0,0,0,0,1,4,1,1,1,1,43,7,2143,2,2,1,1
2014160C01691,1,5,0,13,0,0,1,0,7,3,1,1,6,1,25,5,636,1,9,8,2
2014160C01691,2,9,0,13,0,0,0,0,0,0,2,1,6,2,27,6,1560,2,-1,8,1
2014160C01691,3,8,0,18,0,0,0,0,0,0,0,1,1,1,68,10,1896,2,7,6,1
2014160C01691,4,9,0,18,0,0,0,0,0,0,1,1,6,2,32,6,1349,1,5,3,3
2014160C01701,1,9,0,9,0,5,0,0,0,0,2,1,1,1,43,7,2179,2,1,6,3
2014160C01701,2,9,0,18,0,1,0,0,0,0,1,1,6,1,50,8,-1,-1,-1,6,3
2014160C01701,3,8,0,18,0,1,0,0,0,0,1,1,1,1,58,9,-1,-1,-1,4,1
2014160C01711,1,9,0,18,0,0,0,0,0,0,1,1,6,1,18,4,1598,2,4,5,1
2014160C01721,1,9,0,16,0,0,5,0,1,10,3,1,2,1,19,4,1587,1,12,2,1
2014160C01731,1,9,0,7,0,8,0,0,0,0,4,1,6,2,27,6,-1,-1,-1,9,1
2014160C01731,2,1,0,7,0,8,0,0,0,0,3,1,6,2,52,8,-1,-1,-1,9,1
2014160C01731,3,9,0,18,0,8,0,0,0,0,0,1,6,2,42,7,1242,1,-1,9,1
2014160C01741,1,9,0,18,0,0,2,0,7,10,1,1,6,1,19,4,1229,1,3,6,2
2014160C01751,1,9,0,18,0,1,0,0,0,0,1,1,6,3,-1,-1,1796,1,7,-1,-1
2014160C01751,2,9,0,3,0,1,0,0,0,0,2,1,2,2,20,4,998,1,5,1,1
2014160C01761,1,9,0,9,0,5,0,0,0,0,1,1,6,2,84,11,998,1,12,9,2
2014160C01761,2,1,0,18,0,8,0,0,0,0,3,1,2,2,46,8,-1,-1,-1,10,2
2014160C01771,1,22,0,18,0,0,0,0,0,0,1,1,6,1,66,10,-1,-1,-1,5,1
2014160C01781,1,5,0,18,0,8,1,0,0,0,1,1,6,1,60,9,-1,-1,-1,5,1
2014160C01781,2,9,0,18,0,6,0,0,0,0,3,1,6,1,84,11,1998,1,17,7,1
2014160C01801,1,9,0,18,0,0,0,0,0,0,1,1,6,2,61,9,1998,1,15,10,1
2014160C01811,1,9,0,9,0,6,0,0,0,0,1,1,6,1,56,9,1560,2,2,-1,1
2014160C01811,2,1,0,18,0,8,0,0,0,0,1,1,6,1,64,9,-1,-1,-1,7,3
2014160C01821,1,9,0,18,0,2,0,0,0,0,1,1,6,1,19,4,1124,1,8,8,1
2014160C01821,2,9,0,18,0,2,0,0,0,0,2,1,6,2,28,6,1199,1,10,1,1
2014160C01821,3,9,0,18,0,2,0,0,0,0,2,1,6,2,19,4,1199,1,13,6,1
2014160C01831,1,9,0,18,0,0,5,0,1,4,1,1,1,1,46,8,1396,1,10,1,1
2014160C01851,1,9,0,18,0,1,0,0,0,0,1,1,6,3,-1,-1,-1,-1,-1,-1,-1
2014160C01851,2,9,0,3,0,1,0,0,0,0,2,1,6,1,17,4,1248,2,5,2,1
2014160C01861,1,9,0,6,0,8,0,0,0,0,3,1,6,2,27,6,1753,2,11,-1,-1
2014160C01861,2,9,0,7,0,8,0,0,0,0,1,1,6,3,-1,-1,-1,-1,-1,-1,-1
2014160C01871,1,9,0,18,0,0,0,0,0,0,1,1,6,2,27,6,-1,-1,-1,8,1
2014160C01871,2,9,0,3,0,0,0,0,0,0,2,1,6,2,59,9,1769,1,9,5,1
2014160C01871,3,9,0,3,0,0,0,0,0,0,2,1,1,1,57,9,2179,2,1,10,1
2014160C01881,1,19,0,17,0,8,2,0,1,4,4,1,1,1,19,4,2151,2,14,9,2
2014160C01891,1,9,0,16,0,0,1,0,0,0,1,1,6,1,20,4,1596,1,13,2,1
2014160C01891,2,9,0,17,0,0,0,0,0,0,1,1,6,1,21,5,1995,1,9,7,3
2014160C01901,1,9,0,18,0,0,0,0,0,0,1,1,6,1,37,7,973,1,12,-1,-1
2014160C01901,2,9,0,3,0,0,0,0,0,0,2,1,6,1,43,7,1560,2,1,8,1
2014160C01911,1,9,0,18,0,1,1,0,0,0,1,1,6,2,67,10,1248,2,6,2,1
2014160C01911,2,21,0,18,0,2,1,0,0,0,1,1,1,1,51,8,-1,-1,-1,8,2