Accident_Index,Vehicle_Reference,Vehicle_Type,Towing_and_Articulation,Vehicle_Manoeuvre,Vehicle_Location-Restricted_Lane,Junction_Location,Skidding_and_Overturning,Hit_Object_in_Carriageway,Vehicle_Leaving_Carriageway,Hit_Object_off_Carriageway,1st_Point_of_Impact,Was_Vehicle_Left_Hand_Drive?,Journey_Purpose_of_Driver,Sex_of_Driver,Age_of_Driver,Age_Band_of_Driver,Engine_Capacity_(CC),Propulsion_Code,Age_of_Vehicle,Driver_IMD_Decile,Driver_Home_Area_Type
2014160C03471,2,1,0,18,0,0,0,0,0,0,2,1,6,1,37,7,-1,-1,-1,10,3
2014160C03481,1,9,3,18,0,1,0,0,0,0,3,2,6,1,46,8,-1,-1,-1,-1,-1
2014160C03481,2,9,0,18,0,1,0,0,0,0,1,1,2,1,23,5,1289,1,15,-1,2
2014160C03491,1,9,0,18,0,0,0,0,0,0,2,1,1,2,50,8,1560,2,1,3,1
2014160C03491,2,21,0,18,0,0,1,0,0,0,1,1,1,1,49,8,12913,2,1,3,3
2014160C03491,3,19,0,18,0,0,1,0,0,0,1,1,1,1,46,8,2299,2,1,8,1
2014160C03501,1,21,1,13,0,0,0,0,0,0,4,2,1,1,61,9,-1,-1,-1,-1,-1
2014160C03501,2,1,0,18,0,0,0,0,0,0,3,1,6,1,91,11,-1,-1,-1,10,1
2014160C03521,1,9,0,5,0,1,0,0,0,0,1,1,6,1,59,9,1560,2,1,5,1
2014160C03521,2,9,0,8,0,1,0,0,0,0,2,1,1,2,61,9,998,1,-1,9,3
2014160C03531,1,9,0,9,0,5,0,0,0,0,1,1,6,1,23,5,1422,2,13,4,1
2014160C03531,2,9,0,18,0,8,0,0,0,0,1,1,6,2,45,7,1398,2,5,9,3
2014160C03551,1,10,0,17,0,0,5,12,1,9,4,1,1,1,54,8,-1,-1,-1,8,2
2014160C03561,1,9,0,2,0,0,0,0,0,0,3,1,6,1,63,9,1910,2,9,2,1
2014160C03561,2,5,0,14,0,0,1,8,0,0,1,1,6,1,45,7,-1,-1,-1,1,1
2014160C03561,3,9,0,2,0,0,0,0,0,0,2,1,6,3,-1,-1,1388,1,10,-1,-1
2014160C03571,1,9,0,18,0,0,0,0,0,0,1,1,6,1,34,6,1995,2,5,8,1
2014160C03571,2,10,0,18,0,0,0,0,0,0,2,1,6,1,28,6,-1,-1,-1,1,1
2014160C03581,1,9,0,18,0,0,0,0,7,10,1,1,6,2,46,8,1242,1,11,7,2
2014160C03581,2,9,0,18,0,0,0,0,1,10,2,1,6,2,34,6,1781,1,15,2,1
2014160C03591,1,9,0,18,0,4,0,0,0,0,1,1,6,1,40,7,1596,1,13,6,1
2014160C03591,2,9,0,9,0,4,0,0,0,0,3,1,6,1,49,8,1997,2,6,1,1
2014160C03601,1,9,0,1,0,8,0,0,0,0,2,1,6,1,39,7,1975,1,6,10,1
2014160C03611,1,1,0,9,0,6,0,0,0,0,1,1,6,1,51,8,-1,-1,-1,4,1
2014160C03611,2,9,0,2,0,2,0,0,0,0,3,1,6,2,47,8,998,1,-1,7,1
2014160C03621,1,9,0,6,0,0,0,0,0,0,1,1,6,1,72,10,1199,1,12,9,1
2014160C03621,2,9,0,18,0,0,0,0,0,0,1,1,6,1,78,11,1796,1,12,7,1
2014160C03631,1,1,0,9,0,5,0,0,0,0,1,1,6,2,16,4,-1,-1,-1,8,2
2014160C03631,2,21,1,13,0,1,0,0,0,0,4,1,1,1,54,8,11705,2,7,10,2
2014160C03641,1,17,0,18,0,0,0,0,0,0,1,1,6,1,80,11,6728,2,4,10,2
2014160C03641,2,9,0,18,0,0,0,0,0,0,3,1,6,1,64,9,998,1,3,5,1
2014160C03651,1,9,0,4,0,0,0,0,0,0,2,1,6,2,27,6,1997,2,4,7,3
2014160C03651,2,9,0,18,0,0,0,0,1,0,1,1,1,1,55,8,1597,1,6,7,2
2014160C03661,1,9,0,4,0,0,0,0,0,0,3,1,6,2,34,6,-1,-1,-1,7,1
2014160C03661,2,9,0,18,0,0,0,0,0,0,1,1,6,1,72,10,1984,1,13,8,1
2014160C03671,1,9,4,18,0,0,0,0,0,0,4,1,6,3,-1,-1,-1,-1,-1,-1,-1
2014160C03671,2,1,0,18,9,0,0,0,0,0,4,1,6,2,55,8,-1,-1,-1,6,2
2014160C03681,1,8,0,7,0,5,0,0,0,0,4,1,1,1,65,9,1598,1,8,1,1
2014160C03681,2,1,0,7,0,5,0,0,0,0,3,1,6,2,44,7,-1,-1,-1,5,1
2014160C03691,1,9,0,9,0,6,0,0,0,0,3,1,3,2,26,6,2490,2,18,2,1
2014160C03691,2,9,0,18,0,8,0,0,0,0,1,1,6,1,87,11,1398,2,11,6,1
2014160C03701,1,9,0,16,0,0,1,0,0,0,1,1,6,1,50,8,1975,1,5,5,2
2014160C03701,2,9,0,17,0,0,0,0,0,0,1,1,6,1,76,11,1998,2,13,2,1
2014160C03711,1,21,4,12,0,0,0,0,0,0,3,2,1,1,66,10,-1,-1,-1,-1,-1
2014160C03711,2,9,0,18,0,0,0,0,0,0,4,1,6,2,26,6,998,1,2,1,1
2014160C03721,1,9,0,16,0,0,0,0,0,0,3,1,6,1,17,4,1388,1,10,6,3
2014160C03721,2,9,4,17,0,0,0,0,0,0,3,1,6,1,57,9,1896,2,9,2,1
2014160C03731,1,9,0,18,0,8,1,0,0,0,1,1,6,1,31,6,1769,1,11,4,1
2014160C03731,2,3,0,18,0,6,0,0,7,10,2,1,6,1,12,3,-1,-1,-1,1,1
2014160C03741,1,9,0,6,0,0,0,0,0,0,3,1,6,2,69,10,1398,1,2,8,2
2014160C03741,2,5,0,13,0,0,0,0,0,0,1,1,6,1,57,9,1092,1,18,7,2
2014160C03751,1,9,0,4,0,0,0,0,0,0,2,1,6,1,56,9,1990,1,10,5,2
2014160C03751,2,9,0,4,0,0,0,0,0,0,2,1,6,2,67,10,1398,1,2,5,2
2014160C03751,3,9,0,18,0,0,1,0,0,0,1,1,6,1,61,9,-1,-1,-1,4,1
2014160C03761,1,9,0,18,0,8,0,0,0,0,3,1,6,2,42,7,973,1,13,5,3
2014160C03761,2,9,0,7,0,8,0,0,0,0,1,1,6,1,45,7,1389,1,16,2,1
2014160C03771,1,9,0,9,0,8,2,0,1,9,1,1,6,1,75,10,2656,1,9,9,1
2014160C03781,1,9,0,7,0,6,0,0,0,0,1,1,6,1,54,8,1796,1,4,8,2
2014160C03791,1,9,0,16,0,0,1,10,0,0,1,1,6,1,33,6,1997,2,8,2,1
2014160C03801,1,9,0,18,0,1,0,0,0,0,1,1,6,2,18,4,1198,1,8,4,3
2014160C03801,2,9,0,1,0,1,0,0,0,0,2,1,6,3,-1,-1,1900,2,15,-1,-1
2014160C03811,1,9,0,18,0,0,1,0,7,0,1,1,6,1,31,6,-1,-1,-1,9,3
2014160C03811,2,21,0,18,0,0,0,0,1,9,1,1,6,1,53,8,4116,2,9,5,1
2014160C03821,1,9,0,18,0,4,0,0,0,0,1,1,6,1,60,9,1999,1,9,9,3
2014160C03821,2,9,0,9,0,8,0,0,0,0,4,1,6,1,88,11,1198,1,3,4,1
2014160C03831,1,9,0,18,0,1,0,0,0,0,1,1,2,1,50,8,-1,-1,-1,8,1
2014160C03831,2,9,0,3,0,1,0,0,0,0,2,1,2,1,45,7,1797,8,3,10,2
2014160C03841,1,9,0,18,0,0,1,0,7,9,1,1,6,2,27,6,1299,1,14,4,1
2014160C03851,1,9,0,18,0,8,1,10,1,2,1,1,2,2,23,5,1398,1,10,10,1
2014160C03861,1,9,0,18,0,0,5,10,1,2,1,1,6,1,48,8,1796,1,10,8,1
2014160C03871,1,9,0,16,0,0,1,0,0,0,1,1,6,1,18,4,1242,1,2,-1,-1
2014160C03871,2,9,0,17,0,0,0,0,2,7,1,1,6,2,34,6,1598,1,4,3,1
2014160C03881,1,9,0,6,8,0,0,0,0,0,1,1,6,2,61,9,1061,1,10,1,1
2014160C03881,2,9,0,18,0,0,0,0,0,0,1,2,6,1,26,6,-1,-1,-1,4,1
2014160C03901,1,9,0,7,0,6,0,0,0,0,1,1,2,2,43,7,1796,1,3,2,1
2014160C03901,2,1,0,18,0,8,0,0,0,0,2,1,2,2,56,9,-1,-1,-1,10,1
2014160C03921,1,9,0,13,0,0,0,0,7,9,1,1,6,1,34,6,1896,2,16,10,1
2014160C03921,2,9,0,18,0,0,0,0,1,9,1,1,6,1,29,6,-1,-1,-1,7,3
2014160C03921,3,9,0,18,0,0,0,0,0,0,0,1,6,1,58,9,1587,1,8,2,1
2014160C03931,1,9,0,18,0,0,1,0,7,9,1,1,2,1,40,7,1753,2,11,3,1
2014160C03951,1,9,0,18,0,0,0,0,0,0,1,1,6,2,81,11,1598,1,1,9,3
2014160C03951,2,19,0,18,0,0,0,0,0,0,1,1,6,2,49,8,-1,-1,-1,7,3
2014160C03961,1,9,0,17,0,0,1,0,7,4,4,1,6,2,18,4,1086,1,7,6,1
2014160C03971,1,19,0,18,0,4,0,0,0,0,1,1,1,1,23,5,2148,2,8,5,1
2014160C03971,2,1,0,18,0,8,0,0,0,0,4,1,6,1,71,10,-1,-1,-1,10,2
2014160C03981,1,9,0,18,0,1,0,0,0,0,1,1,6,1,40,7,1598,1,6,8,1
2014160C03981,2,9,0,8,0,1,0,0,0,0,2,1,6,1,58,9,1399,2,2,10,1
2014160C03991,1,9,0,13,0,1,5,0,8,11,4,1,2,1,22,5,1994,2,11,7,2
2014160C03991,2,9,0,9,0,3,0,0,0,0,1,1,6,2,73,10,1248,2,4,9,3
2014160C04001,1,9,0,9,0,8,0,0,0,0,1,1,1,2,56,9,1598,2,1,-1,1
2014160C04001,2,9,0,18,0,8,0,0,0,0,4,1,1,2,30,6,1598,1,8,7,1
2014160C04011,1,9,0,18,0,0,0,0,7,2,4,1,6,1,18,4,1300,1,13,7,2
2014160C04021,1,9,0,18,0,0,0,0,1,10,4,1,6,1,24,5,1390,1,6,7,3
2014160C04021,2,9,0,18,0,0,0,0,0,0,0,1,6,3,-1,-1,-1,-1,-1,-1,-1
2014160C04031,1,9,0,16,0,0,0,0,0,0,3,1,6,1,23,5,1598,1,12,10,2
2014160C04031,2,9,0,17,0,0,0,0,1,10,3,1,6,2,64,9,1560,2,3,7,3
2014160C04051,1,11,0,5,0,8,0,0,0,0,0,1,1,2,53,8,7300,2,-1,1,1
2014160C04061,1,9,0,3,0,1,0,0,0,0,2,1,6,2,37,7,-1,-1,-1,1,1
2014160C04061,2,1,0,4,0,1,1,0,0,0,1,1,4,1,12,3,-1,-1,-1,1,1
2014160C04071,1,9,0,18,0,0,0,10,7,7,1,1,6,2,60,9,2993,2,3,6,3
2014160C04071,2,9,0,18,0,0,0,0,0,0,3,1,6,1,31,6,2179,2,7,10,1
2014160C04071,3,9,0,18,0,0,0,0,0,0,1,1,6,2,35,6,1242,1,11,10,1
2014160C04071,4,9,0,18,0,0,0,0,0,0,1,1,6,1,77,11,1586,1,10,7,3
2014160C04081,1,9,0,11,0,0,0,0,2,7,4,1,6,2,27,6,1124,1,13,1,1
2014160C04081,2,19,0,18,0,0,5,0,0,0,2,1,2,2,50,8,1298,1,9,4,1
2014160C04091,1,9,0,5,0,6,0,0,0,0,1,1,2,2,23,5,1299,1,10,7,1
2014160C04091,2,1,0,18,0,8,0,0,0,0,1,1,6,2,43,7,-1,-1,-1,7,3
2014160C04101,1,9,0,9,0,5,1,10,7,0,1,1,6,2,49,8,1388,1,4,4,1
2014160C04101,2,9,0,18,0,8,1,10,1,0,1,1,6,1,25,5,2000,2,5,10,2
2014160C04111,1,9,0,18,0,0,0,0,0,0,1,1,2,1,42,7,1995,2,6,2,1
2014160C04111,2,1,0,18,0,0,0,0,0,0,4,1,6,1,14,3,-1,-1,-1,2,1
2014160C04121,1,9,0,5,0,1,0,0,0,0,1,1,6,2,-1,-1,1587,1,10,8,1
2014160C04121,2,2,0,3,0,1,0,0,0,0,2,1,6,1,38,7,49,1,4,2,1
2014160C04131,1,9,0,18,0,0,0,0,0,0,3,1,6,2,53,8,1396,1,12,1,1
2014160C04131,2,9,0,18,0,0,0,0,0,0,3,1,6,1,39,7,1364,1,8,1,1
2014160C04131,3,9,0,2,0,0,0,0,0,0,3,1,6,3,-1,-1,1560,2,1,-1,-1
2014160C04141,1,9,0,17,0,0,1,0,7,4,4,1,6,1,28,6,1895,1,15,4,3
2014160C04151,1,9,0,9,0,6,0,0,0,0,1,1,6,1,25,5,1910,2,7,6,1
2014160C04151,2,9,0,18,0,8,0,0,0,0,3,1,6,1,25,5,-1,-1,-1,6,2
2014160C04161,1,9,0,18,0,4,5,9,3,1,1,1,6,2,74,10,1598,2,3,10,1
2014160C04171,1,9,0,17,0,1,0,0,0,0,1,1,6,1,47,8,1995,2,-1,7,3
2014160C04171,2,9,0,16,0,2,1,0,0,0,1,1,6,2,86,11,1298,1,14,4,1
2014160C04181,1,5,0,18,0,1,0,0,0,0,1,1,6,2,59,9,749,1,18,-1,1
2014160C04181,2,19,0,10,0,5,0,0,0,0,2,1,1,1,43,7,2402,2,8,9,2
2014160C04191,1,9,0,17,0,0,0,0,7,4,3,1,6,2,32,6,1598,1,7,4,3
2014160C04191,2,9,0,16,0,0,0,0,7,0,3,1,6,2,48,8,1598,2,3,4,1
2014160C04201,1,9,0,10,0,4,0,0,0,0,3,1,6,1,79,11,2993,2,2,10,2
2014160C04201,2,1,0,9,0,8,0,0,0,0,4,1,6,1,79,11,-1,-1,-1,10,2
2014160C04231,1,9,0,18,0,0,2,0,1,4,1,1,6,1,45,7,1868,2,16,9,1
2014160C04241,1,9,0,10,0,1,0,0,0,0,1,1,6,1,48,8,1997,2,6,10,1
2014160C04241,2,9,0,18,0,8,1,0,7,11,4,1,6,2,18,4,1388,1,10,9,2
2014160C04261,1,9,0,18,0,0,0,0,0,0,1,1,6,1,72,10,1199,2,1,8,1
2014160C04261,2,9,0,18,0,0,0,0,1,9,3,1,6,1,41,7,1997,2,6,7,3
2014160C04261,3,9,0,18,0,0,0,0,1,9,3,1,6,2,19,4,1229,1,7,2,1
2014160C04281,1,9,0,9,0,0,0,0,0,0,3,1,6,1,61,9,2720,2,6,6,3
2014160C04281,2,1,0,13,0,0,0,0,0,0,4,1,6,1,29,6,-1,-1,-1,8,2
2014160C04291,1,9,0,16,0,0,0,0,0,0,3,1,6,1,20,4,1229,1,7,-1,-1
2014160C04291,2,9,0,17,0,0,0,0,1,10,3,1,1,1,52,8,1560,2,1,6,3
2014160C04301,1,19,0,6,0,8,0,0,0,0,4,1,6,1,18,4,1995,2,7,9,2
2014160C04301,2,3,0,18,0,8,0,0,0,0,1,1,6,1,19,4,125,1,11,7,2
2014160C04311,1,9,0,18,0,0,0,0,0,0,3,1,6,2,24,5,1124,1,10,5,3
2014160C04311,2,19,0,18,0,0,0,0,0,0,3,1,6,1,39,7,-1,-1,-1,10,1
2014160C04321,1,11,0,5,0,0,0,0,0,0,0,1,1,1,50,8,7300,2,11,1,1
2014160C04331,1,9,0,18,0,8,0,0,0,0,4,1,6,2,53,8,2497,2,2,10,1
2014160C04331,2,9,0,9,0,8,0,0,0,0,1,1,6,1,64,9,1596,1,3,4,1
2014160C04371,1,9,0,18,0,1,1,0,0,6,4,1,6,2,35,6,1596,1,10,3,1
2014160C04371,2,9,0,12,0,1,2,0,1,10,3,1,6,1,27,6,1242,1,8,1,1
2014160C04371,3,21,1,18,0,1,0,0,0,0,1,1,1,1,51,8,12902,2,1,-1,-1
2014160C04381,1,9,0,18,0,1,0,0,0,0,1,1,6,1,17,4,1390,1,9,4,3
2014160C04381,2,9,0,3,0,1,0,0,0,0,2,1,6,1,59,9,1242,1,-1,-1,-1
2014160C04381,3,9,0,10,0,1,0,0,0,0,2,1,6,2,66,10,1390,1,10,6,1
2014160C04391,1,1,0,18,4,4,0,0,0,0,1,1,6,1,29,6,-1,-1,-1,2,1
2014160C04391,2,9,0,9,0,3,0,0,0,0,4,1,6,1,18,4,1598,1,8,2,1
2014160C04401,1,9,0,18,0,4,1,0,0,0,1,1,6,1,33,6,1997,2,11,8,2
2014160C04401,2,9,0,9,0,8,0,0,0,0,4,1,6,1,46,8,-1,-1,-1,9,2
2014160C04411,1,9,0,18,0,1,0,0,0,0,1,1,6,1,27,6,1796,1,12,7,2
2014160C04411,2,9,0,10,0,8,0,0,0,0,2,1,6,2,23,5,1390,1,10,9,2
2014160C04421,1,9,0,17,0,0,0,0,0,0,3,1,6,1,62,9,1360,1,10,6,2
2014160C04421,2,9,0,16,0,0,0,0,0,0,3,1,6,1,22,5,1397,1,6,7,3
2014160C04431,1,9,0,9,0,6,0,0,0,0,3,1,6,2,35,6,1956,2,-1,7,1
2014160C04431,2,8,0,18,0,1,0,0,0,0,4,1,6,2,52,8,1560,2,8,1,1
2014160C04441,1,9,0,18,0,0,0,10,0,0,4,1,6,1,25,5,1229,1,8,7,2
2014160C04441,2,19,0,12,0,0,0,0,0,0,3,1,6,1,60,9,9200,2,16,4,1
2014160C04451,1,9,0,3,0,0,0,0,0,0,2,1,6,1,24,5,1388,1,15,-1,1
2014160C04451,2,9,0,13,0,0,0,0,0,0,1,1,6,1,50,8,-1,-1,-1,2,1
2014160C04461,1,9,0,7,0,1,0,0,0,0,1,1,6,2,43,7,1998,1,6,4,1
2014160C04461,2,4,0,8,0,1,0,0,0,0,2,1,6,2,21,5,400,1,25,4,1
2014160C04471,1,9,0,18,0,1,0,0,0,0,4,1,6,1,51,8,1242,1,9,1,1
2014160C04481,1,9,0,9,0,6,0,0,0,0,1,1,6,2,41,7,1242,1,4,9,3
2014160C04481,2,9,0,18,0,8,0,0,0,0,1,1,6,1,36,7,1598,2,-1,10,2
2014160C04491,1,9,0,18,0,0,0,0,0,0,2,1,6,1,42,7,1242,1,6,5,1
2014160C04491,2,9,0,18,0,0,0,0,0,0,1,1,6,2,38,7,1599,1,13,1,1
2014160C04501,1,9,0,18,0,0,0,0,0,0,1,1,6,1,19,4,-1,-1,-1,3,1
2014160C04501,2,9,0,3,0,0,0,0,0,0,2,1,6,1,44,7,1596,1,12,1,1
2014160C04511,1,1,0,18,0,0,0,0,0,0,2,1,6,1,22,5,-1,-1,-1,4,1
2014160C04511,2,1,0,18,0,0,0,0,0,0,1,1,6,2,22,5,-1,-1,-1,8,2
2014160C04521,1,9,0,18,0,0,0,0,0,0,1,1,6,1,27,6,1124,1,12,2,1
2014160C04521,2,9,0,4,0,0,0,0,0,0,2,1,6,2,25,5,1242,1,4,9,1
2014160C04531,1,9,0,18,0,0,0,0,0,0,3,1,6,1,-1,-1,-1,-1,-1,-1,-1
2014160C04531,2,9,0,18,0,0,0,0,0,0,3,1,6,1,82,11,1388,1,7,10,1
2014160C04541,1,1,0,18,0,6,0,0,0,0,3,1,1,1,40,7,-1,-1,-1,6,1
2014160C04541,2,9,0,9,0,6,0,0,0,0,1,1,6,1,21,5,1975,1,6,5,1
2014160C04551,1,9,0,16,0,0,0,0,1,10,1,1,6,1,26,6,1360,1,15,3,1
2014160C04551,2,17,4,17,0,0,1,0,0,0,1,1,1,1,60,9,6728,2,3,7,3
2014160C04561,1,9,0,2,0,0,0,0,0,0,3,1,6,3,-1,-1,1995,2,1,-1,-1
2014160C04561,2,1,0,18,0,0,0,8,0,0,1,1,6,2,54,8,-1,-1,-1,10,1
2014160C04571,1,9,0,18,0,0,2,0,2,4,1,1,6,2,36,7,1587,1,10,6,1
2014160C04581,1,9,0,4,0,1,0,0,0,0,1,1,6,1,54,8,1598,1,2,9,2
2014160C04581,2,4,0,3,0,1,0,0,0,0,2,1,6,1,30,6,535,1,22,1,1
2014160C04591,1,5,0,7,0,6,1,0,0,0,4,1,6,1,56,9,1050,1,1,10,2
2014160C04611,1,9,0,18,0,8,0,0,0,0,3,1,6,2,67,10,2616,1,9,9,2
2014160C04611,2,9,0,9,0,6,0,0,0,0,4,1,6,1,27,6,1796,1,12,8,2
2014160C04621,1,9,0,9,0,8,0,0,0,0,1,1,6,1,77,11,1061,1,9,1,1
2014160C04621,2,1,0,7,0,8,0,0,0,0,1,1,6,2,38,7,-1,-1,-1,1,1
2014160C04631,1,9,0,18,0,0,1,0,1,4,3,1,6,1,62,9,1398,2,12,1,1
2014160C04641,1,9,0,18,0,1,1,0,0,0,1,1,6,1,38,7,1600,1,14,9,1
2014160C04641,2,9,0,3,0,1,0,0,0,0,2,1,6,1,67,10,1998,1,10,7,1
2014160C04641,3,9,0,3,0,1,0,0,0,0,2,1,6,1,24,5,2148,2,5,6,1
2014160C04651,1,9,0,18,0,0,0,0,0,0,1,1,6,1,66,10,998,1,10,5,3
2014160C04651,2,9,0,18,0,0,0,0,0,0,3,1,6,2,69,10,1399,1,8,10,1
2014160C04651,3,9,0,18,0,0,0,0,1,10,1,1,6,1,65,9,1598,2,-1,2,1
2014160C04661,1,3,0,18,0,3,1,0,0,0,4,1,2,1,18,4,125,1,-1,9,2
2014160C04671,1,9,0,18,0,0,1,0,7,0,1,1,6,1,33,6,1998,1,12,1,1
2014160C04671,2,9,0,18,0,0,0,0,0,0,1,1,6,1,79,11,1598,1,1,9,1
2014160C04681,1,3,0,16,0,0,1,0,0,0,3,1,6,1,44,7,200,1,8,4,1
2014160C04691,1,9,0,18,0,4,0,0,0,0,1,1,2,1,60,9,2199,2,3,8,1
2014160C04691,2,2,0,9,0,4,0,0,0,0,2,1,2,1,41,7,124,1,6,2,1
2014160C04701,1,9,0,18,0,8,0,0,0,0,4,1,2,2,32,6,1560,2,10,7,2
2014160C04701,2,19,0,9,0,8,0,0,0,0,4,1,1,1,35,6,2198,2,2,1,1
2014160C04701,3,9,0,3,0,8,0,0,0,0,3,1,2,1,19,4,1364,1,7,-1,-1
2014160C04711,1,9,0,18,0,0,2,0,7,4,1,1,6,1,44,7,1796,1,15,3,1
2014160C04731,1,9,0,14,0,0,0,0,0,0,1,1,6,1,48,8,1560,2,-1,10,1
2014160C04741,1,9,0,18,0,4,0,0,0,0,1,1,6,1,67,10,1896,1,21,8,3
2014160C04741,2,8,0,18,0,8,0,0,0,0,4,1,1,1,40,7,1896,2,5,4,1
2014160C04751,1,9,0,17,0,0,0,0,0,0,1,1,2,2,56,9,1598,2,-1,10,1
2014160C04751,2,9,0,17,0,0,0,0,0,0,2,1,2,2,20,4,1598,1,8,8,1
2014160C04761,1,9,0,16,0,0,2,0,7,4,1,1,6,1,26,6,2793,1,14,7,2
2014160C04771,1,5,0,18,0,0,1,0,1,10,1,1,6,1,20,4,954,1,11,5,3
2014160C04781,1,9,0,9,0,6,0,0,1,10,3,1,6,1,40,7,1995,1,6,10,1
2014160C04781,2,9,0,18,0,8,0,0,0,0,1,1,6,2,19,4,998,1,2,5,3
2014160C04791,1,9,0,18,0,8,0,0,4,4,1,1,6,2,28,6,1396,1,12,-1,-1
2014160C04791,2,9,0,9,0,8,0,0,0,0,1,1,6,3,-1,-1,1997,2,11,-1,-1
2014160C04801,1,9,0,18,0,0,0,0,7,0,3,1,6,1,45,7,1299,1,9,4,1
2014160C04811,1,9,0,18,0,8,0,0,0,0,1,1,6,1,20,4,1242,1,10,9,2
2014160C04821,1,9,0,9,0,5,0,0,0,0,1,1,6,1,64,9,1999,1,11,7,2
2014160C04821,2,9,0,18,0,1,0,0,0,0,1,1,6,2,28,6,1588,1,12,7,2
2014160C04831,1,9,0,18,0,0,0,0,1,3,1,1,2,2,18,4,1299,1,14,6,2
2014160C04841,1,9,0,5,0,1,0,0,0,0,1,1,6,2,24,5,1595,2,5,10,1
2014160C04841,2,9,0,18,0,1,0,0,1,4,1,1,6,1,20,4,1229,1,3,5,1
2014160C04851,1,9,0,17,0,0,0,0,0,0,1,1,6,1,41,7,-1,-1,-1,2,1
2014160C04851,2,9,0,16,0,0,0,0,0,0,1,1,6,2,47,8,1242,1,7,8,2
2014160C04861,1,9,0,18,0,0,0,0,0,0,4,1,6,1,62,9,2926,2,11,6,1
2014160C04871,1,9,0,18,0,6,0,0,0,0,1,1,6,1,50,8,2188,2,8,5,1
2014160C04871,2,1,0,18,0,8,0,0,0,0,1,1,6,1,34,6,-1,-1,-1,7,1
2014160C04881,1,9,0,9,0,6,0,0,0,0,3,1,6,1,22,5,1199,1,11,4,3
2014160C04881,2,5,0,18,0,8,0,0,0,0,1,1,6,1,43,7,781,1,16,5,2
2014160C04891,1,1,0,7,0,2,0,0,0,0,3,1,6,1,41,7,-1,-1,-1,10,1
2014160C04891,2,9,0,9,0,2,0,0,0,0,1,1,6,2,30,6,1299,1,12,8,1
2014160C04901,1,9,0,18,0,1,0,0,0,0,1,1,6,1,40,7,1108,1,4,9,1
2014160C04901,2,21,0,3,0,1,0,0,0,0,2,1,1,1,51,8,-1,-1,-1,1,1
2014160C04921,1,9,0,7,0,3,0,0,0,0,1,1,6,1,64,9,1753,2,8,4,1
2014160C04921,2,22,0,18,0,6,0,0,0,0,3,1,6,2,81,11,-1,-1,-1,1,1
2014160C04931,1,9,0,17,0,0,1,0,0,0,1,1,6,1,19,4,1124,1,12,9,2
2014160C04931,2,9,0,18,0,0,1,0,1,10,1,1,6,1,45,7,4163,1,7,4,1
2014160C04941,1,9,0,18,0,0,1,0,7,4,1,1,6,1,41,7,1997,2,12,10,2
2014160C04951,1,2,0,18,0,0,1,0,1,0,0,1,6,1,29,6,49,1,15,3,3
2014160C04951,2,11,0,18,0,0,0,0,0,0,0,1,1,2,22,5,9360,2,6,5,2
2014160C04961,1,9,0,5,0,6,0,0,0,0,2,1,6,1,83,11,1388,1,11,2,1
2014160C04971,1,9,0,18,0,1,0,4,0,0,1,1,6,1,79,11,1868,2,12,3,1
2014160C04971,2,9,0,2,0,1,0,0,0,0,2,1,6,3,-1,-1,1796,1,6,-1,-1
2014160C04981,1,5,0,14,0,1,0,11,0,0,4,1,6,1,50,8,1634,1,5,9,1
2014160C04981,2,19,0,10,0,1,0,0,0,0,0,1,1,1,46,8,1995,2,2,3,1
2014160C04991,1,9,0,17,0,0,2,10,1,4,1,1,2,1,22,5,1242,1,13,7,1
2014160C05001,1,19,0,18,0,8,0,0,0,0,4,1,1,2,48,8,1598,2,-1,10,3
2014160C05001,2,1,0,5,0,6,0,0,0,0,4,1,6,1,14,3,-1,-1,-1,10,2
2014160C05011,1,9,0,18,0,4,0,0,0,0,1,1,6,2,86,11,1199,1,11,9,1
2014160C05011,2,1,0,18,0,8,0,0,0,0,1,1,6,1,43,7,-1,-1,-1,1,1
2014160C05021,1,5,0,13,0,0,1,0,1,10,4,1,6,1,49,8,-1,-1,-1,10,1
2014160C05021,2,9,0,18,0,0,0,0,0,0,3,1,6,1,37,7,1299,1,13,10,2
2014160C05021,3,9,0,18,0,0,0,0,0,0,0,1,6,3,-1,-1,-1,-1,-1,-1,-1
2014160C05031,1,9,0,18,0,0,0,0,0,0,1,1,6,1,67,10,1560,2,4,5,3
2014160C05031,2,9,0,18,0,0,0,0,1,10,1,1,6,2,21,5,1299,1,14,6,1
2014160C05041,1,1,0,18,0,0,0,10,1,0,0,1,2,1,44,7,-1,-1,-1,9,1
2014160C05041,2,19,0,13,0,0,0,0,0,0,0,1,6,3,48,8,2198,2,1,7,2
2014160C05051,1,19,0,18,0,1,0,0,0,0,1,1,2,1,43,7,2400,2,12,7,1
2014160C05061,1,19,0,9,0,1,0,0,0,0,1,1,6,1,43,7,2499,2,3,6,3
2014160C05061,2,9,0,9,0,1,0,0,0,0,2,1,6,2,58,9,1560,2,1,7,1
2014160C05071,1,5,0,13,0,0,1,0,1,4,1,1,6,1,28,6,599,1,11,3,1
2014160C05081,1,9,0,14,0,1,0,0,7,10,1,1,6,1,17,4,1149,1,7,10,2
2014160C05081,2,9,0,18,0,1,0,0,0,0,0,1,6,1,54,8,-1,-1,-1,10,2
2014160C05091,1,9,0,5,0,1,0,0,0,0,1,1,6,1,24,5,1242,1,7,7,3