Accident_Index,Vehicle_Reference,Vehicle_Type,Towing_and_Articulation,Vehicle_Manoeuvre,Vehicle_Location-Restricted_Lane,Junction_Location,Skidding_and_Overturning,Hit_Object_in_Carriageway,Vehicle_Leaving_Carriageway,Hit_Object_off_Carriageway,1st_Point_of_Impact,Was_Vehicle_Left_Hand_Drive?,Journey_Purpose_of_Driver,Sex_of_Driver,Age_of_Driver,Age_Band_of_Driver,Engine_Capacity_(CC),Propulsion_Code,Age_of_Vehicle,Driver_IMD_Decile,Driver_Home_Area_Type
2014160C05091,2,3,0,8,0,1,0,0,0,0,2,1,6,1,68,10,-1,-1,-1,2,1
2014160C05101,1,9,0,16,0,0,2,0,7,4,4,1,2,1,20,4,1390,1,3,5,2
2014160C05111,1,9,0,9,0,6,0,0,0,0,1,1,6,1,75,10,1956,2,2,5,1
2014160C05111,2,9,0,18,0,8,0,0,0,0,4,1,6,1,43,7,1995,2,1,9,1
2014160C05121,1,5,0,4,0,0,1,0,0,0,1,1,6,2,50,8,599,1,4,1,1
2014160C05121,2,9,0,4,0,0,0,0,0,0,3,1,6,1,60,9,-1,-1,-1,5,3
2014160C05131,1,9,0,18,0,0,0,0,0,0,1,1,6,1,56,9,3456,8,2,7,1
2014160C05141,1,9,0,18,0,0,0,0,0,0,3,1,6,2,49,8,1360,1,8,5,1
2014160C05141,2,1,0,14,0,0,0,0,0,0,3,1,6,1,16,4,-1,-1,-1,5,1
2014160C05151,1,9,0,7,0,6,0,0,0,0,0,1,6,1,89,11,1396,1,5,-1,-1
2014160C05151,2,9,0,18,0,8,0,0,0,0,0,1,6,2,47,8,1598,1,13,10,2
2014160C05171,1,9,0,16,0,0,1,0,7,10,2,1,2,2,34,6,1199,1,13,5,2
2014160C05181,1,17,0,18,0,0,5,0,7,10,3,1,1,1,21,5,4400,2,7,7,3
2014160C05191,1,9,0,18,9,2,0,0,0,0,1,1,6,3,-1,-1,-1,-1,-1,-1,-1
2014160C05211,1,9,0,18,0,0,5,0,2,4,1,1,2,1,18,4,1599,1,10,6,1
2014160C05221,1,19,0,18,0,1,0,0,0,0,0,1,6,3,-1,-1,-1,-1,-1,-1,-1
2014160C05221,2,1,0,18,0,2,0,0,0,0,4,1,6,1,35,6,-1,-1,-1,10,2
2014160C05231,1,9,4,9,0,5,0,0,0,0,1,1,1,1,60,9,2982,2,-1,5,3
2014160C05231,2,1,0,18,0,8,0,0,0,0,1,1,6,1,41,7,-1,-1,-1,1,1
2014160C05241,1,5,0,13,0,0,0,0,0,0,3,1,6,1,67,10,647,1,14,7,1
2014160C05251,1,9,0,9,0,8,0,0,0,0,1,1,6,1,58,9,2953,2,14,4,2
2014160C05251,2,9,0,18,0,8,0,0,0,0,1,1,6,1,25,5,1388,1,11,2,1
2014160C05261,1,9,0,18,0,1,0,0,0,0,1,1,6,1,79,11,1597,1,4,7,2
2014160C05261,2,9,0,10,0,1,0,0,0,0,2,1,1,2,41,7,1560,2,8,1,1
2014160C05271,1,9,0,18,0,8,0,0,0,0,1,1,6,1,30,6,-1,-1,-1,1,1
2014160C05271,2,19,0,3,0,8,0,0,0,0,2,1,6,2,45,7,2370,2,21,4,1
2014160C05271,3,9,0,3,0,8,0,0,0,0,2,1,6,1,41,7,2231,2,3,1,1
2014160C05281,1,9,0,18,0,0,0,0,7,10,1,1,6,2,42,7,1598,1,10,4,1
2014160C05291,1,9,0,9,0,5,0,0,0,0,4,1,6,3,-1,-1,-1,-1,-1,-1,-1
2014160C05291,2,1,0,9,0,5,0,0,0,0,3,1,6,2,29,6,-1,-1,-1,9,1
2014160C05301,1,9,0,18,0,1,0,0,0,0,1,1,6,1,46,8,2993,2,7,6,1
2014160C05301,2,9,0,10,0,1,0,0,0,0,2,1,6,1,45,7,1968,2,-1,-1,1
2014160C05311,1,9,0,17,0,0,1,0,1,9,1,1,6,1,19,4,1995,2,-1,9,3
2014160C05321,1,1,0,18,0,0,0,0,0,0,3,1,2,1,18,4,-1,-1,-1,4,1
2014160C05321,2,9,0,13,0,0,0,0,0,0,4,1,2,2,52,8,1339,1,5,7,2
2014160C05331,1,9,0,10,0,8,0,0,0,0,2,1,6,1,53,8,2499,1,15,8,3
2014160C05331,2,19,0,18,0,8,0,0,0,0,1,1,1,1,24,5,-1,-1,-1,5,1
2014160C05341,1,9,0,17,0,0,1,0,1,11,1,1,6,1,44,7,-1,-1,-1,4,1
2014160C05351,1,9,0,13,0,0,1,0,7,1,4,1,1,1,48,8,1582,2,3,10,1
2014160C05351,2,11,0,9,7,0,0,0,0,0,3,1,1,1,43,7,9600,2,15,5,3
2014160C05361,1,5,0,13,0,0,0,0,7,9,3,1,6,1,21,5,998,1,9,4,1
2014160C05361,2,9,0,13,0,0,0,0,0,0,3,1,2,2,44,7,2967,2,7,7,3
2014160C05371,1,9,0,9,0,5,0,0,7,1,3,1,6,2,32,6,-1,-1,-1,5,3
2014160C05371,2,90,0,13,0,1,0,0,7,11,1,1,1,1,39,7,-1,-1,-1,7,3
2014160C05381,1,9,0,9,0,6,0,0,0,0,1,2,2,1,51,8,-1,-1,-1,1,1
2014160C05381,2,9,0,18,0,8,0,0,0,0,4,1,6,2,52,8,1968,2,5,5,1
2014160C05391,1,2,0,18,0,0,0,0,0,0,2,1,6,1,18,4,49,1,1,8,1
2014160C05391,2,3,0,18,0,0,0,0,0,0,1,1,6,1,54,8,124,1,9,-1,1
2014160C05401,1,19,0,1,0,1,0,0,0,0,2,1,6,1,28,6,1995,2,1,8,2
2014160C05411,1,9,0,18,0,1,0,0,0,0,1,1,6,3,-1,-1,-1,-1,-1,-1,-1
2014160C05411,2,1,0,18,0,1,0,0,0,0,2,1,1,1,29,6,-1,-1,-1,5,1
2014160C05421,1,2,0,16,0,8,1,0,0,0,4,1,6,1,16,4,49,1,3,10,2
2014160C05431,1,9,0,18,0,1,0,0,0,0,1,1,6,1,18,4,2495,2,22,5,3
2014160C05431,2,9,0,18,0,1,0,0,0,0,2,1,6,1,80,11,1242,1,10,-1,-1
2014160C05431,3,9,0,10,0,1,0,0,0,0,2,1,6,2,51,8,1796,1,9,7,1
2014160C05441,1,9,0,17,0,0,1,0,1,11,4,1,6,1,29,6,1900,2,10,-1,-1
2014160C05451,1,17,4,13,0,0,0,0,0,0,4,1,1,1,70,10,4400,2,1,7,3
2014160C05451,2,1,0,18,0,0,0,0,0,0,3,1,6,1,57,9,-1,-1,-1,7,3
2014160C05461,1,9,0,9,0,8,0,0,0,0,1,1,6,2,81,11,1299,1,12,7,2
2014160C05461,2,9,0,18,0,8,0,0,0,0,2,1,6,2,27,6,1796,1,7,7,2
2014160C05471,1,9,0,5,0,8,0,0,0,0,3,1,6,1,20,4,1299,1,12,4,1
2014160C05471,2,1,0,18,0,8,0,0,0,0,1,1,6,1,14,3,-1,-1,-1,2,1
2014160C05491,1,9,0,18,0,0,0,0,0,0,1,1,6,1,46,8,1910,2,7,7,2
2014160C05491,2,9,0,18,0,0,0,0,0,0,2,1,1,1,19,4,1582,2,1,6,1
2014160C05501,1,9,0,18,0,2,0,0,0,0,4,1,6,3,-1,-1,-1,-1,-1,-1,-1
2014160C05501,2,1,0,18,0,2,0,0,0,0,3,1,6,1,70,10,-1,-1,-1,4,1
2014160C05521,1,9,0,18,0,1,0,0,0,0,1,1,6,1,85,11,1339,8,2,6,1
2014160C05521,2,8,0,3,0,1,0,0,0,0,2,1,1,2,34,6,1968,2,4,7,1
2014160C05521,3,9,0,3,0,1,0,0,0,0,2,1,6,1,62,9,-1,-1,-1,10,1
2014160C05531,1,19,0,18,0,2,0,0,0,0,4,1,6,3,-1,-1,-1,-1,-1,-1,-1
2014160C05531,2,1,0,18,0,2,0,0,0,0,3,1,6,1,11,3,-1,-1,-1,3,3
2014160C05541,1,9,0,18,0,8,0,0,0,0,1,1,6,1,36,7,1339,1,6,9,1
2014160C05541,2,9,0,9,0,5,0,0,0,0,4,1,6,1,42,7,998,1,1,1,1
2014160C05551,1,9,0,18,0,0,2,0,5,6,3,1,6,2,19,4,2148,2,13,-1,3
2014160C05561,1,19,0,7,0,5,0,0,0,0,4,1,6,1,33,6,1560,2,2,10,1
2014160C05561,2,1,0,18,0,8,0,0,0,0,1,1,6,1,44,7,-1,-1,-1,5,1
2014160C05571,1,1,0,9,0,3,0,0,0,0,1,1,6,1,42,7,-1,-1,-1,10,2
2014160C05571,2,9,0,18,0,4,0,0,0,0,3,1,6,2,49,8,1386,1,3,5,3
2014160C05581,1,9,0,9,0,6,0,0,0,0,3,1,6,3,-1,-1,-1,-1,-1,-1,-1
2014160C05581,2,1,0,9,0,5,0,0,0,0,4,1,6,1,27,6,-1,-1,-1,9,1
2014160C05591,1,20,0,6,0,1,0,0,0,0,3,1,1,1,29,6,4250,2,7,1,1
2014160C05591,2,5,0,14,0,1,0,0,0,0,4,1,6,1,26,6,599,1,10,7,1
2014160C05601,1,19,0,18,0,0,0,0,0,0,1,1,6,1,24,5,1560,2,-1,2,1
2014160C05601,2,21,1,18,0,0,0,0,0,0,2,1,6,1,53,8,12777,2,4,7,2
2014160C05611,1,9,0,18,0,1,0,0,0,0,1,1,6,2,42,7,-1,-1,-1,6,3
2014160C05611,2,9,0,18,0,1,0,0,0,0,2,1,6,1,34,6,2198,1,11,9,1
2014160C05611,3,9,0,18,0,1,0,0,0,0,2,1,6,2,30,6,1956,2,2,4,1
2014160C05621,1,9,0,18,0,8,0,0,0,0,1,1,6,1,47,8,1598,1,12,-1,1
2014160C05621,2,9,0,9,0,8,0,0,0,0,3,1,6,2,68,10,1997,2,4,7,1
2014160C05631,1,3,0,4,0,0,0,0,0,0,1,1,6,1,19,4,644,1,21,10,2
2014160C05631,2,19,0,4,0,0,0,0,0,0,2,1,6,1,65,9,-1,-1,-1,1,3
2014160C05641,1,20,0,7,0,6,0,0,0,0,3,1,6,1,51,8,4580,2,1,-1,1
2014160C05641,2,11,0,18,0,8,0,0,0,0,3,1,1,1,54,8,9360,2,5,9,2
2014160C05651,1,9,0,9,0,3,1,0,1,10,4,1,1,1,32,6,-1,-1,-1,2,1
2014160C05661,1,9,0,2,0,0,0,0,0,0,2,1,6,2,41,7,1339,1,9,9,3
2014160C05661,2,1,0,18,0,0,0,4,0,0,1,1,6,1,69,10,-1,-1,-1,7,3
2014160C05671,1,9,0,16,0,0,1,0,0,0,1,1,2,1,37,7,1598,1,7,2,2
2014160C05671,2,9,0,17,0,0,0,0,0,0,1,1,6,2,26,6,1396,1,13,7,2
2014160C05681,1,9,0,4,0,1,1,0,7,2,2,1,6,2,71,10,1992,2,7,9,1
2014160C05681,2,9,0,3,0,1,0,0,0,0,1,1,6,2,37,7,1560,2,4,8,1
2014160C05701,1,9,0,18,0,1,0,0,0,0,3,1,6,1,67,10,1598,1,7,6,2
2014160C05711,1,9,0,18,0,0,0,0,0,0,1,1,6,2,24,5,1910,2,7,7,2
2014160C05711,2,9,0,18,0,0,0,0,0,0,1,1,6,1,23,5,1229,1,2,8,1
2014160C05721,1,9,0,9,0,8,0,0,0,0,4,1,6,1,17,4,1242,1,1,10,2
2014160C05721,2,19,0,18,0,8,0,0,0,0,1,1,6,1,50,8,-1,-1,-1,8,2
2014160C05731,1,9,0,18,0,1,0,0,0,0,1,1,6,1,71,10,1997,1,31,9,3
2014160C05731,2,9,0,10,0,1,0,0,0,0,2,1,6,2,39,7,1598,1,9,7,3
2014160C05741,1,9,0,18,0,0,0,0,0,0,4,1,6,3,-1,-1,1360,1,11,-1,-1
2014160C05751,1,9,0,9,0,6,0,0,1,10,1,1,6,1,40,7,1396,1,10,5,1
2014160C05751,2,9,0,18,0,8,1,0,0,0,4,1,6,1,42,7,-1,-1,-1,6,1
2014160C05751,3,90,0,18,0,1,0,0,0,0,1,1,1,1,52,8,15930,2,5,-1,1
2014160C05761,1,1,0,18,0,2,0,10,1,0,4,1,6,2,24,5,-1,-1,-1,9,1
2014160C05761,2,19,0,18,0,2,0,0,0,0,0,1,6,3,-1,-1,-1,-1,-1,-1,-1
2014160C05771,1,9,0,18,0,0,0,0,0,0,1,1,6,1,87,11,1596,1,9,9,1
2014160C05771,2,9,0,3,0,0,0,0,0,0,2,1,6,2,72,10,1560,2,4,5,3
2014160C05771,3,9,0,3,0,0,0,0,0,0,2,1,6,1,53,8,4196,1,10,7,1
2014160C05781,1,9,0,6,0,0,0,0,0,0,4,1,6,2,25,5,1360,1,5,1,1
2014160C05781,2,1,0,18,0,0,0,0,0,0,1,1,2,2,32,6,-1,-1,-1,3,1
2014160C05801,1,19,0,18,0,1,0,0,0,0,1,1,1,1,40,7,2148,2,6,6,3
2014160C05801,2,9,0,7,0,1,0,0,0,0,2,1,2,2,37,7,1896,2,5,7,1
2014160C05811,1,19,0,18,0,4,0,0,0,0,0,1,6,1,34,6,2402,2,12,1,1
2014160C05811,2,5,0,9,0,8,0,0,0,0,3,1,6,1,31,6,649,1,3,-1,1
2014160C05821,1,9,0,7,0,3,0,0,0,0,4,1,2,2,44,7,1995,2,5,-1,3
2014160C05821,2,1,0,18,0,8,0,0,0,0,3,1,6,1,34,6,-1,-1,-1,10,2
2014160C05841,1,4,0,18,0,2,1,0,1,2,1,1,2,1,27,6,102,1,7,2,1
2014160C05851,1,9,0,17,0,0,1,0,7,4,4,1,6,1,29,6,1700,2,15,3,1
2014160C05861,1,9,3,7,0,4,0,0,0,0,3,1,6,1,65,9,1599,1,8,4,2
2014160C05861,2,9,0,18,0,3,0,0,0,0,4,1,6,1,64,9,1956,2,5,7,2
2014160C05871,1,9,0,18,0,0,5,0,7,9,3,1,6,1,69,10,1997,2,10,4,1
2014160C05881,1,9,0,18,0,0,0,0,0,0,0,1,6,1,47,8,2495,2,10,2,1
2014160C05881,2,1,0,18,0,0,0,0,0,0,0,1,6,1,33,6,-1,-1,-1,5,1
2014160C05891,1,5,0,4,0,1,1,0,0,0,4,1,6,1,67,10,649,1,15,8,1
2014160C05901,1,5,0,18,0,0,1,0,0,0,4,1,2,1,44,7,748,1,3,10,3
2014160C05911,1,9,0,18,0,8,0,0,0,0,4,1,2,2,19,4,1242,1,8,9,1
2014160C05911,2,1,0,18,0,6,0,0,0,0,1,1,6,2,14,3,-1,-1,-1,6,1
2014160C05921,1,9,0,18,0,1,0,10,1,2,1,1,1,2,45,7,998,1,2,5,2
2014160C05941,1,5,0,18,0,8,0,0,0,0,3,1,6,1,42,7,798,1,8,5,2
2014160C05941,2,9,0,9,0,8,0,0,0,0,1,1,6,1,78,11,1149,1,13,2,1
2014160C05941,3,9,0,18,0,1,0,0,0,0,1,1,6,2,25,5,1206,1,5,9,3
2014160C05951,1,9,0,5,0,0,0,0,0,0,1,1,6,1,-1,-1,2204,2,7,9,1
2014160C05951,2,4,0,18,0,0,0,0,0,0,1,1,6,1,41,7,600,1,56,7,1
2014160C05971,1,9,0,7,0,6,0,0,0,0,2,1,6,1,44,7,2993,2,5,5,1
2014160C05971,2,9,0,7,0,6,0,0,0,0,1,1,6,1,18,4,1198,1,9,6,1
2014160C05981,1,9,0,4,0,0,0,0,0,0,1,1,2,2,42,7,1997,2,6,5,3
2014160C05981,2,9,0,18,0,0,0,0,0,0,2,1,2,2,53,8,6208,1,3,7,2
2014160C05991,1,9,0,18,0,8,0,0,0,0,1,1,6,2,46,8,998,1,1,9,3
2014160C05991,2,9,0,18,0,8,1,0,0,0,3,1,6,2,39,7,1596,1,3,8,1
2014160C06001,1,9,0,18,0,0,1,0,0,0,1,1,2,1,44,7,1360,1,10,1,1
2014160C06001,2,17,4,4,0,0,0,0,0,0,2,1,1,1,49,8,8984,2,-1,6,3
2014160C06011,1,9,0,9,0,6,0,0,0,0,1,1,3,2,46,8,2179,2,1,6,3
2014160C06011,2,5,0,13,0,8,0,0,0,0,1,1,2,2,49,8,649,1,6,9,3
2014160C06021,1,9,0,18,0,2,1,0,1,9,4,1,6,2,57,9,1390,1,15,9,1
2014160C06031,1,9,0,18,0,1,0,0,0,0,4,1,6,2,19,4,1248,1,4,8,3
2014160C06041,1,9,0,14,0,0,0,0,0,0,1,1,6,3,33,6,1242,1,-1,-1,3
2014160C06041,2,1,0,18,0,0,0,0,0,0,1,1,6,1,13,3,-1,-1,-1,9,3
2014160C06051,1,19,0,18,0,2,0,0,0,0,0,1,1,1,53,8,2198,2,4,10,2
2014160C06061,1,9,0,18,0,0,0,0,7,10,1,1,6,2,37,7,1798,1,6,5,3
2014160C06071,1,10,0,18,0,0,0,0,0,0,4,1,1,3,-1,-1,-1,-1,-1,-1,-1
2014160C06081,1,9,0,18,0,0,0,0,0,0,1,1,6,2,31,6,898,1,1,4,2
2014160C06081,2,1,0,18,0,0,0,0,0,0,2,1,6,1,45,7,-1,-1,-1,4,2
2014160C06091,1,11,0,2,0,0,0,0,0,0,0,1,1,1,46,8,7300,2,4,2,1
2014160C06101,1,9,0,18,9,6,0,0,0,0,0,1,3,2,42,7,1242,1,10,5,3
2014160C06101,2,1,0,18,9,1,0,0,0,0,0,1,6,1,61,9,-1,-1,-1,5,3
2014160C06121,1,9,0,18,0,0,0,0,7,10,1,1,6,1,44,7,1870,2,8,4,3
2014160C06131,1,9,0,4,0,0,0,0,0,0,2,1,6,1,36,7,1598,1,8,8,3
2014160C06131,2,2,0,18,0,0,0,0,0,0,1,1,6,1,16,4,49,1,2,8,2
2014160C06141,1,9,0,18,0,1,0,0,0,0,1,1,6,1,24,5,1968,2,6,8,1
2014160C06141,2,9,0,4,0,1,0,0,0,0,2,1,6,2,63,9,1248,1,3,5,1
2014160C06151,1,9,0,18,0,8,0,0,0,0,3,1,6,3,-1,-1,-1,-1,-1,-1,-1
2014160C06151,2,5,0,18,0,8,0,0,0,0,4,1,6,1,52,8,942,1,6,4,3
2014160C06161,1,9,0,9,0,5,0,0,0,0,3,1,6,1,33,6,1587,1,5,4,1
2014160C06161,2,9,0,5,0,6,0,0,0,0,1,1,6,1,56,9,2183,2,2,4,1
2014160C06171,1,9,0,5,0,6,0,0,0,0,1,1,1,1,54,8,1997,2,10,5,1
2014160C06171,2,3,0,18,0,8,0,0,0,0,4,1,1,1,24,5,124,1,2,-1,1
2014160C06181,1,20,0,7,0,5,0,10,0,0,4,1,1,3,-1,-1,-1,-1,-1,-1,-1
2014160C06191,1,9,0,9,0,5,0,0,0,0,3,1,6,2,26,6,1329,1,-1,7,2
2014160C06191,2,3,0,13,0,8,0,0,0,0,1,1,6,1,18,4,124,1,7,7,1
2014160C06201,1,1,0,18,0,0,0,0,0,0,3,1,6,1,43,7,-1,-1,-1,9,1
2014160C06201,2,9,0,18,0,0,0,0,0,0,4,1,6,1,58,9,1968,2,-1,9,1
2014160C06221,1,11,0,18,0,1,0,0,0,0,0,1,3,1,58,9,9600,2,16,4,1
2014160C06221,2,9,0,7,0,5,0,0,0,0,0,1,6,3,-1,-1,-1,-1,-1,-1,-1
2014160C06231,1,9,0,16,0,0,1,0,7,10,1,1,6,1,81,11,1796,1,14,4,2
2014160C06231,2,9,0,17,0,0,0,0,0,0,2,1,6,1,48,8,-1,-1,-1,6,1
2014160C06241,1,8,0,18,0,2,0,0,0,0,1,1,6,1,52,8,1584,1,10,4,1
2014160C06251,1,3,0,5,0,6,0,0,0,0,2,1,6,1,48,8,124,1,9,6,1
2014160C06251,2,9,0,5,0,8,0,0,0,0,1,1,2,1,28,6,1968,2,8,1,1
2014160C06261,1,9,0,17,0,0,2,0,8,10,3,1,6,1,30,6,-1,-1,-1,3,1
2014160C06271,1,11,0,9,0,1,0,0,0,0,3,1,1,1,-1,-1,4250,2,5,4,2
2014160C06271,2,2,0,13,0,1,0,0,0,0,1,1,6,1,17,4,125,1,-1,5,3
2014160C06281,1,4,0,16,0,0,1,0,0,0,4,1,6,1,49,8,225,1,44,7,2
2014160C06291,1,3,0,4,0,1,1,0,0,0,4,1,6,1,18,4,125,1,2,5,2
2014160C06311,1,9,0,2,0,0,0,0,7,10,1,1,6,3,-1,-1,1364,1,7,-1,-1
2014160C06331,1,9,0,7,0,1,0,0,0,0,4,1,6,3,-1,-1,-1,-1,-1,-1,-1
2014160C06341,1,9,0,18,0,0,0,0,0,0,1,1,1,1,62,9,1248,1,3,6,3
2014160C06351,1,9,0,18,0,0,0,0,0,0,1,1,2,2,29,6,1360,1,9,1,1
2014160C06361,1,4,0,18,0,8,0,0,0,0,0,1,2,1,56,9,649,1,7,9,1
2014160C06361,2,9,0,9,0,8,0,0,0,0,0,1,6,3,-1,-1,-1,-1,-1,-1,-1
2014160C06371,1,9,0,3,0,1,0,0,0,0,2,1,6,2,23,5,1896,2,7,5,1
2014160C06371,2,8,0,3,0,1,0,0,0,0,2,1,1,1,43,7,1753,2,6,1,1
2014160C06371,3,9,0,18,0,1,0,0,0,0,1,1,6,1,36,7,1598,1,11,5,1
2014160C06381,1,9,0,14,0,0,0,0,0,0,3,1,6,2,67,10,-1,-1,-1,4,2
2014160C06381,2,9,0,13,0,0,0,0,0,0,4,1,6,1,83,11,1493,2,9,4,2
2014160C06381,3,9,0,2,0,0,0,0,0,0,4,1,6,3,-1,-1,1596,1,12,-1,-1
2014160C06381,4,9,0,2,0,0,0,0,0,0,1,1,6,3,-1,-1,1686,2,3,-1,-1
2014160C06391,1,9,0,9,0,6,0,0,0,0,4,1,6,2,72,10,998,1,4,2,1
2014160C06391,2,9,0,18,0,8,0,0,0,0,3,1,6,2,20,4,1995,2,4,5,3
2014160C06401,1,19,0,18,0,0,0,0,0,0,1,1,1,1,32,6,2198,2,5,6,1
2014160C06401,2,9,0,18,0,0,0,0,0,0,2,1,6,2,33,6,1796,1,-1,1,1
2014160C06411,1,22,0,18,9,2,0,0,0,0,1,1,6,2,-1,-1,-1,-1,-1,-1,-1
2014160C06421,1,9,0,18,0,0,2,0,1,11,1,1,6,1,19,4,1229,1,9,-1,3
2014160C06421,2,9,0,18,0,0,0,0,0,0,0,1,6,3,-1,-1,-1,-1,-1,-1,-1
2014160C06431,1,19,0,18,9,0,0,0,0,0,1,1,1,1,58,9,1998,2,12,6,1
2014160C06441,1,9,0,18,0,0,5,0,8,10,3,1,2,1,42,7,1108,1,5,10,1
2014160C06451,1,9,0,17,0,0,2,0,1,10,1,1,6,1,19,4,1328,1,12,4,3
2014160C06461,1,9,0,9,0,3,1,10,1,7,1,1,6,1,29,6,1596,1,9,3,1
2014160C06471,1,9,0,17,0,0,2,0,1,11,1,1,6,2,18,4,998,1,12,7,3
2014160C06481,1,9,0,18,0,0,5,4,0,0,2,1,6,2,19,4,998,1,15,9,3
2014160C06481,2,9,0,2,0,0,0,0,1,10,1,1,6,3,-1,-1,1198,1,3,-1,-1
2014160C06491,1,9,0,9,0,6,0,0,0,0,3,1,1,1,54,8,1149,1,11,6,3
2014160C06491,2,1,0,18,0,8,0,0,0,0,1,1,6,1,56,9,-1,-1,-1,3,1
2014160C06501,1,9,0,18,0,2,0,0,0,0,1,1,6,3,-1,-1,998,1,13,-1,-1
2014160C06501,2,1,0,18,0,2,0,0,0,0,3,1,6,1,5,1,-1,-1,-1,3,1
2014160C06511,1,9,0,18,0,0,0,0,0,0,1,1,6,2,27,6,1598,1,2,10,2
2014160C06521,1,9,0,18,0,8,0,0,0,0,1,1,6,2,57,9,1753,2,4,9,1
2014160C06531,1,3,0,18,0,1,1,0,1,0,4,1,6,1,20,4,-1,-1,-1,9,1
2014160C06541,1,9,0,18,0,1,0,0,0,0,1,1,6,1,46,8,1686,2,3,2,1
2014160C06551,1,19,0,18,0,8,0,0,0,0,1,1,2,1,52,8,1968,2,2,3,3
2014160C06551,2,9,0,18,0,8,0,0,0,0,4,1,6,1,76,11,1596,1,1,1,1
2014160C06561,1,9,0,18,0,0,1,0,1,9,3,1,6,1,35,6,1242,1,11,1,1
2014160C06571,1,9,0,18,0,0,0,0,0,0,1,1,6,1,72,10,1686,2,15,9,3
2014160C06581,1,9,0,9,0,5,0,0,0,0,4,1,6,1,69,10,2494,1,11,10,1
2014160C06581,2,9,0,18,0,8,0,0,0,0,1,1,6,2,44,7,1339,1,4,7,2
2014160C06591,1,9,0,18,0,8,0,0,1,10,1,1,6,2,50,8,1900,2,8,-1,-1
2014160C06591,2,9,0,9,0,5,0,0,7,10,4,1,6,2,71,10,1242,1,10,6,1
2014160C06601,1,2,0,14,0,8,0,0,0,0,1,1,6,1,20,4,-1,-1,-1,6,3
2014160C06601,2,9,0,9,0,6,0,0,0,0,3,1,6,2,72,10,1248,2,4,6,1
2014160C06611,1,9,0,18,0,0,0,0,0,0,1,1,6,1,59,9,1686,2,9,2,1
2014160C06611,2,9,0,3,0,0,0,0,0,0,2,1,6,2,60,9,1560,2,2,4,1
2014160C06621,1,1,0,17,0,0,1,0,0,0,1,1,6,1,48,8,-1,-1,-1,10,2
2014160C06631,1,9,0,9,0,6,0,0,0,0,4,1,6,2,40,7,2179,2,2,7,2
2014160C06631,2,1,0,18,9,8,0,0,0,0,1,1,6,2,65,9,-1,-1,-1,3,2
2014160C06641,1,1,0,18,0,0,0,0,0,0,1,1,6,1,56,9,-1,-1,-1,6,1
2014160C06651,1,9,0,18,0,0,0,0,0,0,1,1,6,3,29,6,2435,1,10,1,1
2014160C06651,2,9,0,3,0,0,0,0,0,0,2,1,6,1,60,9,1229,1,6,6,3
2014160C06661,1,9,0,9,0,6,0,0,0,0,1,1,6,2,67,10,1796,1,9,7,1
2014160C06661,2,9,0,18,0,8,0,0,0,0,3,1,2,2,18,4,1299,1,13,1,1
2014160C06671,1,9,0,17,0,0,2,10,7,10,1,1,6,1,26,6,1388,1,11,3,1
2014160C06681,1,9,0,5,0,1,0,0,0,0,1,1,6,1,30,6,1349,1,5,4,1
2014160C06681,2,9,0,3,0,1,0,0,0,0,2,1,6,2,36,7,1596,1,7,4,1
2014160C06691,1,9,0,9,0,5,0,0,0,0,1,1,6,1,17,4,1198,1,7,7,3
2014160C06691,2,3,0,18,0,8,0,0,0,0,1,1,6,1,31,6,125,1,-1,7,3
2014160C06701,1,9,0,14,0,1,0,4,0,0,4,1,6,1,63,9,1596,1,-1,4,1
2014160C06701,2,9,0,2,0,2,0,0,0,0,4,1,6,3,-1,-1,2793,1,16,-1,-1
2014160C06711,1,9,0,16,0,0,2,0,7,4,1,1,6,1,24,5,1598,1,14,1,1
2014160C06721,1,9,0,18,0,0,0,0,7,10,1,1,6,1,75,10,1560,2,7,9,1
2014160C06721,2,9,0,18,0,0,0,0,0,0,1,1,6,1,48,8,-1,-1,-1,7,1
2014160C06731,1,21,1,9,0,8,5,7,0,0,4,1,1,1,50,8,12740,2,1,2,1
2014160C06731,2,9,0,9,0,8,0,0,0,0,0,1,6,3,-1,-1,-1,-1,-1,-1,-1
2014160C06741,1,9,0,3,0,0,0,0,0,0,2,1,2,1,55,8,1298,1,14,4,1
2014160C06741,2,9,0,4,0,0,0,0,0,0,1,1,6,2,46,8,1596,1,13,10,2
2014160C06741,3,9,0,4,0,0,0,0,0,0,1,1,6,1,70,10,2597,1,13,4,1
2014160C06751,1,1,0,18,0,0,0,8,0,0,1,1,2,1,38,7,-1,-1,-1,5,1
2014160C06751,2,9,0,2,0,0,0,0,0,0,3,1,1,1,68,10,1248,2,1,-1,-1
2014160C06761,1,5,0,13,0,1,0,10,1,10,1,1,6,1,62,9,-1,-1,-1,1,1
2014160C06761,2,19,0,18,0,1,0,0,0,0,0,1,6,3,-1,-1,-1,-1,-1,-1,-1
2014160C06761,3,9,4,8,0,5,0,0,0,0,0,1,6,3,-1,-1,-1,-1,-1,-1,-1
2014160C06771,1,9,0,18,0,8,0,0,0,0,2,1,6,1,55,8,1248,2,1,1,1
2014160C06771,2,9,0,18,0,8,0,0,0,0,1,1,6,3,-1,-1,-1,-1,-1,-1,-1
2014160C06771,3,9,0,18,0,8,0,0,0,0,1,2,1,1,-1,-1,-1,-1,-1,2,1
2014160C06781,1,3,0,18,0,0,1,0,0,0,4,1,6,1,19,4,125,1,11,8,1
2014160C06791,1,9,0,10,0,1,0,0,0,0,2,1,6,2,63,9,1368,1,4,10,1