Accident_Index,Vehicle_Reference,Vehicle_Type,Towing_and_Articulation,Vehicle_Manoeuvre,Vehicle_Location-Restricted_Lane,Junction_Location,Skidding_and_Overturning,Hit_Object_in_Carriageway,Vehicle_Leaving_Carriageway,Hit_Object_off_Carriageway,1st_Point_of_Impact,Was_Vehicle_Left_Hand_Drive?,Journey_Purpose_of_Driver,Sex_of_Driver,Age_of_Driver,Age_Band_of_Driver,Engine_Capacity_(CC),Propulsion_Code,Age_of_Vehicle,Driver_IMD_Decile,Driver_Home_Area_Type
2014160C06791,2,9,0,18,0,1,0,0,0,0,1,1,6,1,29,6,2494,2,7,4,1
2014160C06791,3,9,0,18,0,1,1,0,0,0,1,1,6,1,60,9,2188,2,8,10,1
2014160C06801,1,9,0,4,0,0,0,0,0,0,4,1,2,1,-1,-1,1598,2,2,10,2
2014160C06801,2,90,0,18,0,0,1,0,0,0,1,2,1,1,54,8,5480,2,13,10,3
2014160C06801,3,9,0,11,0,0,1,0,0,0,2,1,2,2,44,7,2199,2,-1,10,2
2014160C06801,4,9,0,12,0,0,0,0,0,0,4,1,2,1,57,9,1948,1,16,-1,2
2014160C06811,1,9,0,9,0,6,0,0,0,0,2,1,6,2,64,9,1198,1,4,1,1
2014160C06811,2,9,0,18,0,1,0,0,0,0,1,1,6,1,28,6,1560,2,8,7,2
2014160C06821,1,9,0,18,0,0,0,10,8,7,1,1,6,2,20,4,1390,1,3,8,2
2014160C06831,1,9,0,4,0,1,0,0,0,0,1,1,6,2,25,5,1997,2,6,7,3
2014160C06831,2,9,0,18,0,1,0,0,0,0,1,1,6,1,24,5,1527,2,17,4,2
2014160C06831,3,9,0,10,0,1,0,0,0,0,2,1,6,2,63,9,1598,1,10,10,3
2014160C06831,4,9,0,4,0,1,0,0,0,0,2,1,6,1,76,11,2987,2,2,9,3
2014160C06841,1,9,0,18,0,0,2,0,2,1,3,1,6,1,18,4,1364,1,8,10,2
2014160C06851,1,1,0,18,0,4,0,0,0,0,3,1,6,2,44,7,-1,-1,-1,10,1
2014160C06851,2,9,0,7,0,4,0,0,0,0,4,1,6,3,-1,-1,-1,-1,-1,-1,-1
2014160C06861,1,9,0,18,9,1,0,0,1,10,1,1,6,2,92,11,1796,1,13,2,1
2014160C06871,1,9,0,2,0,0,0,0,0,0,2,1,6,3,-1,-1,2148,2,8,-1,-1
2014160C06871,2,1,0,18,0,0,0,0,0,0,1,1,4,1,15,3,-1,-1,-1,7,1
2014160C06891,1,9,0,18,0,2,0,0,0,0,4,1,6,2,44,7,1598,1,12,1,2
2014160C06901,1,3,0,4,0,1,1,0,0,0,4,1,2,2,18,4,-1,-1,-1,4,1
2014160C06911,1,9,0,7,0,6,0,0,0,0,1,1,6,2,37,7,1598,1,6,4,1
2014160C06911,2,1,0,18,0,1,0,0,0,0,1,1,6,2,26,6,-1,-1,-1,5,1
2014160C06921,1,9,0,7,0,6,0,0,0,0,4,1,6,1,43,7,-1,-1,-1,9,1
2014160C06931,1,9,0,9,0,6,0,0,0,0,1,1,6,2,84,11,998,1,3,9,2
2014160C06941,1,9,0,18,0,0,0,0,1,10,1,1,6,1,22,5,1796,1,14,1,1
2014160C06951,1,9,0,9,0,6,0,0,0,0,0,1,6,1,77,11,1997,1,8,4,1
2014160C06951,2,9,0,18,0,1,0,0,7,0,1,1,6,1,30,6,2498,1,15,4,1
2014160C06951,3,9,0,2,0,1,0,0,0,0,3,1,6,3,-1,-1,1999,1,12,-1,-1
2014160C06961,1,9,0,18,0,8,0,0,0,0,1,1,6,1,27,6,1998,1,9,7,3
2014160C06961,2,20,0,9,0,8,0,0,0,0,3,1,1,1,44,7,-1,-1,-1,2,1
2014160C06971,1,9,0,17,0,0,0,0,0,0,1,1,6,1,18,4,1198,1,10,8,1
2014160C06981,1,9,0,18,0,0,2,10,7,10,3,1,6,1,20,4,1997,2,14,3,1
2014160C06991,1,4,0,18,0,8,0,0,0,0,3,1,6,1,56,9,244,1,8,6,1
2014160C06991,2,19,0,9,0,6,0,0,0,0,1,1,6,1,34,6,2488,2,4,4,1
2014160C07001,1,9,0,7,0,2,0,0,0,0,1,1,1,2,39,7,-1,-1,-1,7,1
2014160C07011,1,17,0,9,0,6,0,0,0,0,3,1,1,1,21,5,-1,-1,-1,6,3
2014160C07011,2,9,0,18,0,8,0,0,0,0,1,1,6,1,80,11,1598,1,17,7,3
2014160C07021,1,9,0,9,0,5,0,0,0,0,1,1,6,2,56,9,1199,1,1,8,2
2014160C07021,2,5,0,9,0,5,0,0,0,0,1,1,6,2,59,9,649,1,4,8,2
2014160C07031,1,9,0,18,0,0,1,0,7,10,4,1,2,1,36,7,1199,1,13,4,1
2014160C07031,2,5,0,18,0,0,0,0,0,0,1,1,6,1,22,5,500,1,20,4,1
2014160C07041,1,9,0,18,0,0,0,0,0,0,1,1,6,1,20,4,1349,1,5,3,1
2014160C07041,2,1,0,18,0,0,0,0,0,0,1,1,6,1,29,6,-1,-1,-1,9,3
2014160C07051,1,9,0,18,0,8,0,0,0,0,4,1,2,2,54,8,1388,1,3,8,2
2014160C07051,2,1,0,18,0,8,0,0,0,0,3,1,2,2,33,6,-1,-1,-1,9,2
2014160C07061,1,9,0,9,0,6,0,0,0,0,1,1,6,3,-1,-1,-1,-1,-1,-1,-1
2014160C07061,2,3,0,17,0,8,0,0,1,4,2,1,2,1,19,4,108,1,1,5,1
2014160C07081,1,11,0,5,0,0,0,0,0,0,0,1,1,1,57,9,9360,2,-1,6,1
2014160C07091,1,9,0,17,0,0,0,0,1,10,4,1,2,1,18,4,1598,1,12,9,2
2014160C07101,1,9,0,18,0,0,0,0,0,0,1,1,6,1,58,9,-1,-1,-1,10,3
2014160C07101,2,1,0,18,0,0,0,0,0,0,2,1,6,1,26,6,-1,-1,-1,8,2
2014160C07111,1,9,0,13,0,0,0,0,0,0,3,1,6,1,71,10,1339,1,1,6,1
2014160C07111,2,9,0,18,0,0,0,0,1,10,3,1,6,1,58,9,1560,2,3,2,1
2014160C07111,3,21,1,18,0,0,0,0,0,0,1,1,1,1,57,9,11705,2,7,2,1
2014160C07121,1,9,0,3,0,8,0,0,0,0,2,1,6,1,58,9,1560,2,1,7,3
2014160C07121,2,9,0,7,0,8,0,0,0,0,1,1,2,2,39,7,1596,1,9,10,1
2014160C07131,1,9,0,9,0,5,0,0,0,0,1,1,6,2,84,11,1769,1,9,10,1
2014160C07131,2,5,0,18,0,8,0,0,1,10,3,1,6,1,50,8,599,1,17,10,2
2014160C07151,1,9,0,18,0,0,0,10,0,0,1,1,1,1,57,9,4163,1,3,10,1
2014160C07161,1,9,0,9,0,6,0,0,0,0,1,1,6,1,18,4,1397,1,5,6,1
2014160C07161,2,8,0,18,0,8,0,0,0,0,4,1,1,1,52,8,1997,2,3,2,1
2014160C07171,1,9,0,18,0,8,0,0,0,0,4,1,6,2,35,6,1968,2,4,9,3
2014160C07171,2,9,0,5,0,6,0,0,0,0,1,1,6,1,76,11,1587,1,8,9,2
2014160C07181,1,9,0,18,0,8,0,0,0,0,4,1,6,1,29,6,1560,2,7,10,1
2014160C07181,2,9,0,18,0,4,0,0,0,0,1,1,6,1,49,8,1598,1,9,8,1
2014160C07191,1,9,0,18,0,0,0,0,0,0,1,1,2,1,34,6,1798,1,10,9,2
2014160C07191,2,9,0,18,0,0,0,0,7,10,2,1,2,1,45,7,1968,2,4,1,1
2014160C07201,1,19,4,13,0,0,0,0,0,0,4,1,6,1,46,8,2151,2,13,4,3
2014160C07201,2,1,0,18,0,0,0,0,0,0,3,1,6,1,63,9,-1,-1,-1,4,1
2014160C07201,3,1,0,18,0,0,0,0,0,0,3,1,6,1,21,5,-1,-1,-1,4,1
2014160C07211,1,19,0,18,0,0,0,0,0,0,1,1,1,1,42,7,2198,2,1,6,1
2014160C07211,2,9,0,3,0,0,0,0,0,0,2,1,6,1,51,8,1149,1,11,9,1
2014160C07211,3,9,0,3,0,0,0,0,0,0,2,1,6,1,67,10,1598,2,2,9,1
2014160C07221,1,9,0,13,0,8,0,0,1,10,1,1,6,2,40,7,1997,2,12,5,2
2014160C07221,2,20,0,7,0,6,0,0,0,0,1,1,6,1,31,6,-1,-1,-1,6,3
2014160C07231,1,9,0,18,0,0,0,0,0,0,4,1,6,1,69,10,1560,2,1,1,1
2014160C07241,1,19,0,17,0,0,2,0,1,10,3,1,1,1,32,6,1560,2,-1,8,2
2014160C07241,2,9,0,16,0,0,0,0,0,0,3,1,6,3,-1,-1,-1,-1,-1,-1,-1
2014160C07261,1,9,0,1,0,2,0,0,0,0,2,1,6,2,22,5,1390,1,-1,7,2
2014160C07261,2,9,0,3,0,1,0,0,0,0,1,1,6,2,38,7,-1,-1,-1,8,2
2014160C07271,1,9,0,17,0,0,2,12,1,10,1,1,6,2,21,5,1149,1,13,5,3
2014160C07291,1,19,0,1,0,0,0,0,0,0,2,1,6,1,61,9,1560,2,3,1,1
2014160C07301,1,1,0,16,0,0,1,0,0,0,2,1,6,1,53,8,-1,-1,-1,9,1
2014160C07301,2,1,0,16,0,0,0,0,0,0,1,1,6,1,54,8,-1,-1,-1,10,1
2014160C07311,1,9,0,18,0,4,0,0,0,0,1,1,6,2,77,11,1296,1,8,2,1
2014160C07311,2,1,0,18,0,8,0,0,0,0,4,1,6,1,36,7,-1,-1,-1,10,1
2014160C07321,1,9,0,18,0,0,2,0,1,0,1,1,1,1,28,6,1149,1,7,9,1
2014160C07331,1,9,0,16,0,0,0,10,0,0,1,1,6,1,60,9,1781,1,13,3,3
2014160C07331,2,9,0,17,0,0,0,0,0,0,1,1,6,2,28,6,1994,2,13,4,3
2014160C07341,1,9,0,9,0,1,0,0,0,0,1,1,6,1,60,9,1997,2,6,7,1
2014160C07341,2,9,0,18,0,1,0,0,0,0,1,1,6,2,34,6,1242,1,3,5,1
2014160C07351,1,9,0,18,0,0,0,0,1,10,1,1,6,1,29,6,1986,2,9,1,1
2014160C07351,2,21,0,18,0,0,0,0,1,10,1,1,1,1,46,8,10837,2,7,7,2
2014160C07371,1,9,0,10,0,1,0,0,0,0,3,1,6,2,21,5,1299,1,8,5,2
2014160C07371,2,3,0,18,0,1,0,0,0,0,1,1,6,1,20,4,125,1,2,1,1
2014160C07381,1,9,0,3,0,0,0,0,0,0,4,1,6,2,21,5,1598,1,7,10,1
2014160C07381,2,1,0,18,0,0,0,0,0,0,1,1,6,1,21,5,-1,-1,-1,4,1
2014160C07391,1,3,0,4,0,0,1,0,0,0,1,1,6,1,23,5,125,1,6,7,2
2014160C07391,2,9,0,4,0,0,0,0,0,0,2,1,6,1,54,8,1910,2,9,5,3
2014160C07401,1,9,0,3,0,0,0,0,0,0,2,1,1,1,22,5,1200,1,-1,1,1
2014160C07401,2,9,0,18,0,0,0,0,0,0,1,1,6,2,25,5,1598,1,9,7,3
2014160C07411,1,4,0,18,0,8,1,0,0,0,0,1,6,1,28,6,124,1,-1,2,1
2014160C07411,2,9,0,9,0,6,0,0,0,0,0,1,6,3,-1,-1,-1,-1,-1,-1,-1
2014160C07421,1,9,0,3,0,1,0,0,0,0,2,1,6,1,37,7,1798,8,1,10,1
2014160C07421,2,9,0,18,0,1,0,0,0,0,1,1,2,1,35,6,1896,2,13,7,2
2014160C07431,1,9,0,16,0,0,0,0,7,4,1,1,6,1,45,7,1997,2,13,1,1
2014160C07441,1,9,0,16,0,0,2,0,7,10,1,1,2,1,31,6,1560,2,8,4,1
2014160C07451,1,9,0,18,0,0,1,0,1,11,1,1,6,1,18,4,1149,1,11,2,1
2014160C07461,1,9,0,18,0,6,0,0,0,0,3,1,6,1,87,11,1870,2,13,6,2
2014160C07461,2,19,0,18,0,8,0,0,0,0,1,1,6,1,47,8,1598,2,2,10,2
2014160C07491,1,21,1,18,0,8,0,0,0,0,1,1,1,1,44,7,12777,2,1,9,2
2014160C07491,2,9,0,10,0,8,0,10,7,0,2,1,6,1,45,7,1995,2,1,9,2
2014160C07491,3,9,0,18,0,8,0,10,7,0,3,1,6,2,39,7,2400,2,6,7,2
2014160C07501,1,9,0,5,0,6,0,0,0,0,1,1,6,1,38,7,2261,1,10,5,1
2014160C07501,2,9,0,18,0,8,0,10,1,0,3,1,6,1,35,6,2171,2,12,4,1
2014160C07511,1,9,0,9,0,5,0,0,0,0,1,1,3,1,28,6,1997,2,7,1,1
2014160C07511,2,1,0,18,0,8,0,0,0,0,1,1,6,1,50,8,-1,-1,-1,2,1
2014160C07521,1,9,0,5,0,6,0,0,0,0,1,1,6,2,76,11,1791,8,3,10,1
2014160C07521,2,9,0,18,0,8,0,0,0,0,4,1,6,1,74,10,1995,2,6,10,2
2014160C07531,1,9,0,9,0,8,0,0,0,0,1,1,2,1,61,9,1595,1,-1,10,1
2014160C07531,2,9,0,18,0,8,0,0,0,0,1,1,6,1,41,7,1248,2,6,6,1
2014160C07541,1,20,0,13,0,0,0,0,0,0,4,1,1,1,57,9,4250,2,4,3,2
2014160C07541,2,1,0,18,0,0,0,0,0,0,3,1,2,1,17,4,-1,-1,-1,8,2
2014160C07551,1,9,0,9,0,6,0,0,0,0,1,1,6,2,54,8,1296,1,7,10,1
2014160C07551,2,1,0,18,0,8,0,0,0,0,4,1,6,1,59,9,-1,-1,-1,7,1
2014160C07571,1,9,0,18,0,0,2,0,7,1,1,1,2,1,46,8,1781,1,13,10,1
2014160C07581,1,9,0,18,0,1,1,0,1,11,1,1,6,3,-1,-1,1781,1,12,-1,-1
2014160C07591,1,9,0,18,0,0,0,0,1,4,1,1,2,1,26,6,1587,1,13,4,1
2014160C07591,2,9,0,18,0,0,0,0,0,0,3,1,1,1,59,9,1968,2,1,5,3
2014160C07601,1,9,0,18,0,0,0,0,0,0,1,1,6,1,78,11,-1,-1,-1,10,2
2014160C07601,2,9,0,2,0,0,0,0,0,0,2,1,6,2,53,8,2400,2,5,6,3
2014160C07611,1,9,0,3,0,4,0,0,0,0,2,1,2,2,54,8,1598,1,1,1,1
2014160C07611,2,9,0,18,0,4,0,0,0,0,1,1,2,1,74,10,1242,1,1,7,2
2014160C07621,1,9,0,18,0,0,1,0,0,0,1,1,2,2,21,5,1229,1,6,1,1
2014160C07621,2,9,0,18,0,0,0,0,0,0,2,1,2,1,62,9,2400,2,2,9,2
2014160C07631,1,9,0,7,0,4,0,0,0,0,1,1,2,1,44,7,1242,1,6,10,1
2014160C07631,2,9,0,7,0,4,0,0,0,0,2,1,2,2,26,6,1560,2,4,3,2
2014160C07641,1,2,0,18,0,0,1,0,0,0,3,1,6,1,20,4,49,1,7,3,1
2014160C07651,1,9,0,10,0,6,0,0,0,0,2,1,6,1,51,8,1896,2,16,4,1
2014160C07651,2,9,0,7,0,6,0,0,0,0,1,1,6,2,41,7,1242,1,7,5,1
2014160C07661,1,9,0,3,0,1,0,0,0,0,2,1,6,1,50,8,1364,2,1,9,1
2014160C07661,2,9,0,3,0,1,0,0,0,0,1,1,1,1,21,5,998,1,9,-1,1
2014160C07671,1,9,0,18,0,4,0,0,0,0,3,1,6,1,66,10,1968,2,3,10,1
2014160C07671,2,1,0,9,0,8,0,0,0,0,1,1,6,2,43,7,-1,-1,-1,9,1
2014160C07681,1,9,0,9,0,5,0,0,0,0,3,1,6,1,43,7,1686,2,2,5,1
2014160C07681,2,11,0,18,0,1,0,0,0,0,1,1,6,1,52,8,9600,2,17,8,1
2014160C07691,1,9,0,8,0,4,0,0,0,0,1,1,6,2,29,6,1390,1,4,9,1
2014160C07691,2,9,0,8,0,4,0,0,0,0,2,1,6,2,64,9,1798,1,4,5,2
2014160C07701,1,9,0,6,0,0,0,0,0,0,1,1,6,1,24,5,1896,2,10,1,1
2014160C07721,1,9,0,18,0,8,0,0,0,0,4,1,2,1,63,9,1769,1,10,2,1
2014160C07731,1,9,0,18,0,0,1,0,7,0,4,1,6,2,25,5,1299,1,12,2,1
2014160C07741,1,19,0,9,0,6,0,0,0,0,3,1,6,1,40,7,2198,2,1,9,1
2014160C07741,2,9,0,18,0,8,0,0,0,0,1,1,6,2,37,7,1598,1,15,7,2
2014160C07751,1,9,0,1,0,0,0,0,0,0,2,1,6,1,77,11,1988,1,15,7,1
2014160C07761,1,19,0,18,0,1,0,0,0,0,1,1,6,1,42,7,2143,2,3,9,2
2014160C07761,2,9,0,18,0,2,0,0,0,0,1,1,6,1,33,6,1299,1,13,8,1
2014160C07771,1,9,0,9,0,8,0,0,0,0,3,1,6,1,62,9,1349,1,3,6,1
2014160C07771,2,9,0,18,0,3,0,0,0,0,4,1,2,2,25,5,1398,2,9,1,1
2014160C07781,1,9,0,18,0,0,0,0,0,0,1,1,6,1,19,4,2495,2,18,7,3
2014160C07781,2,9,0,2,0,0,0,0,0,0,2,1,6,1,65,9,1951,2,8,-1,-1
2014160C07791,1,19,0,5,0,6,0,0,0,0,1,1,1,1,52,8,2198,2,2,8,3
2014160C07791,2,1,0,18,0,8,0,0,0,0,2,1,2,1,52,8,-1,-1,-1,8,1
2014160C07801,1,9,0,16,0,0,0,0,0,0,1,1,6,1,21,5,1598,1,5,5,2
2014160C07801,2,9,0,17,0,0,0,0,7,10,1,1,6,1,18,4,1328,1,8,7,2
2014160C07811,1,9,0,5,0,1,0,0,0,0,1,1,6,3,-1,-1,-1,-1,-1,-1,-1
2014160C07821,1,9,0,17,0,0,2,0,1,9,1,1,6,1,18,4,1149,1,10,4,1
2014160C07831,1,9,0,5,0,6,0,0,0,0,1,1,6,2,43,7,1598,6,14,2,1
2014160C07831,2,9,0,18,0,8,5,0,0,0,1,1,6,1,53,8,2500,2,22,9,1
2014160C07841,1,9,0,18,0,0,0,10,5,6,1,1,1,2,53,8,1995,2,2,7,3
2014160C07841,2,21,1,18,0,0,0,0,0,0,2,1,1,1,61,9,10518,2,9,3,3
2014160C07851,1,9,0,18,0,1,0,0,0,0,1,1,6,2,55,8,2231,2,6,10,3
2014160C07851,2,19,0,3,0,1,0,0,0,0,2,1,1,1,63,9,1560,2,2,9,1
2014160C07861,1,9,0,3,0,0,0,0,0,0,2,1,6,1,67,10,1339,1,7,9,2
2014160C07861,2,9,0,4,0,0,1,0,0,0,1,1,6,1,68,10,1870,2,10,6,3
2014160C07861,3,9,0,18,0,0,1,0,0,0,1,1,6,2,19,4,998,1,4,6,3
2014160C07861,4,9,0,3,0,0,0,0,0,0,2,1,6,1,50,8,1686,2,6,9,3
2014160C07861,5,9,0,18,0,0,1,0,0,0,1,1,6,2,61,9,1598,1,6,6,3
2014160C07871,1,21,1,9,0,8,3,0,0,0,3,2,1,1,37,7,-1,-1,-1,-1,-1
2014160C07871,2,9,0,18,0,3,0,10,1,0,1,1,2,2,39,7,2204,2,3,6,3
2014160C07881,1,9,0,17,0,0,0,0,1,3,1,1,6,2,38,7,1242,1,9,1,1
2014160C07891,1,9,0,18,0,4,0,0,0,0,1,1,6,1,20,4,1999,1,9,-1,1
2014160C07891,2,9,0,9,0,8,0,0,0,0,4,1,6,2,24,5,1896,2,11,7,1
2014160C07891,3,9,0,3,0,1,0,0,0,0,1,1,6,1,-1,-1,1896,2,13,4,2
2014160C07901,1,9,0,18,0,0,0,12,0,0,1,1,1,1,33,6,1560,2,-1,6,1
2014160C07911,1,9,0,18,0,1,2,0,2,11,1,1,6,1,22,5,973,1,11,9,2
2014160C07921,1,9,0,17,0,0,2,0,1,4,4,1,1,2,33,6,1124,1,17,4,3
2014160C07931,1,9,0,9,0,6,0,0,0,0,0,1,6,3,-1,-1,-1,-1,-1,-1,-1
2014160C07931,2,9,0,18,0,8,0,0,1,10,1,1,6,2,33,6,1560,2,2,5,3
2014160C07941,1,9,0,1,0,0,0,10,1,0,2,1,6,1,45,7,1560,2,2,6,1
2014160C07951,1,9,0,17,0,0,0,0,0,0,1,1,6,1,21,5,1360,1,19,1,1
2014160C07961,1,9,0,18,0,0,0,0,7,9,1,1,6,1,79,11,2179,2,1,8,3
2014160C07961,2,9,0,18,0,0,0,0,7,10,1,1,6,1,29,6,1198,1,4,3,3
2014160C07971,1,9,0,18,0,0,1,0,7,10,2,1,6,1,20,4,1198,1,9,1,1
2014160C07981,1,9,0,17,0,0,1,0,2,7,1,1,6,2,30,6,1242,1,11,1,1
2014160C07991,1,9,0,4,0,0,1,0,0,0,1,1,6,2,31,6,1124,1,14,3,3
2014160C07991,2,17,4,18,0,0,0,0,0,0,1,1,1,1,67,10,-1,2,2,3,3
2014160C07991,3,9,0,4,0,0,1,0,0,0,1,1,6,2,35,6,2268,2,-1,3,3
2014160C08001,1,21,1,18,0,0,4,0,7,4,1,1,1,1,50,8,12740,2,4,-1,1
2014160C08011,1,9,0,17,0,0,0,0,1,9,1,1,6,1,74,10,1248,2,4,3,3
2014160C08021,1,9,0,4,0,0,0,0,0,0,4,1,6,1,70,10,1598,1,6,4,1
2014160C08021,2,3,0,18,0,0,1,10,1,10,3,1,6,1,21,5,124,1,24,10,1
2014160C08041,1,9,0,18,0,0,1,4,0,0,1,1,1,1,35,6,1229,1,-1,3,2
2014160C08041,2,9,0,2,0,0,0,0,0,0,2,1,6,3,-1,-1,1587,1,8,-1,-1
2014160C08041,3,9,0,2,0,0,0,0,0,0,2,1,6,3,-1,-1,1299,1,16,-1,-1
2014160C08051,1,3,0,18,0,0,0,0,0,0,1,1,6,2,43,7,125,1,6,7,2
2014160C08051,2,9,0,18,0,0,0,0,1,0,3,1,6,1,67,10,2967,2,2,7,3
2014160C08061,1,9,0,6,0,2,0,0,0,0,1,1,6,1,29,6,1598,2,1,10,1
2014160C08061,2,2,0,18,0,2,0,0,0,0,3,1,6,1,19,4,101,1,13,7,1
2014160C08071,1,9,0,17,0,0,0,0,1,0,1,1,2,1,36,7,1995,2,10,7,2
2014160C08071,2,9,0,16,0,0,0,0,0,0,1,1,6,1,36,7,1998,1,15,5,1
2014160C08091,1,9,0,18,0,0,0,0,0,0,1,1,6,1,90,11,1998,2,6,5,1
2014160C08091,2,9,0,18,0,0,0,0,0,0,3,1,6,1,38,7,1796,1,9,4,1
2014160C08091,3,9,0,18,0,0,0,0,0,0,3,1,6,1,56,9,-1,-1,-1,7,1
2014160C08091,4,9,0,18,0,0,1,0,0,0,1,1,6,1,25,5,1360,1,7,9,1
2014160C08091,5,9,0,18,0,0,1,0,0,0,2,1,6,1,64,9,-1,-1,-1,9,1
2014160C08091,6,9,0,18,0,0,1,0,0,0,1,1,6,1,76,11,-1,-1,-1,10,1
2014160C08111,1,19,0,1,0,0,0,0,0,0,2,1,6,1,34,6,2198,2,1,3,1
2014160C08121,1,9,0,9,0,4,0,0,0,0,1,1,2,2,49,8,996,1,2,9,1
2014160C08121,2,1,0,18,0,8,0,0,0,0,4,1,6,1,75,10,-1,-1,-1,-1,-1
2014160C08131,1,9,0,9,0,5,0,0,0,0,1,1,1,2,48,8,1560,2,-1,8,1
2014160C08131,2,9,0,18,0,8,0,0,0,0,1,1,6,2,18,4,1299,1,14,10,2
2014160C08141,1,9,0,17,0,0,0,0,1,0,3,1,2,2,51,8,1390,1,10,8,2
2014160C08151,1,9,0,3,0,1,0,0,0,0,1,1,6,2,77,11,1360,1,15,1,1
2014160C08161,1,11,0,3,0,0,0,0,0,0,2,1,6,1,53,8,9360,2,-1,3,1
2014160C08161,2,21,1,7,0,0,0,0,0,0,1,1,6,3,-1,-1,10837,2,2,-1,-1
2014160C08171,1,9,0,18,0,0,0,11,0,0,1,1,6,1,78,11,1753,2,12,9,1
2014160C08181,1,21,0,18,0,0,0,0,1,4,1,1,1,1,51,8,7146,2,1,7,1
2014160C08191,1,9,0,16,0,0,1,0,7,9,1,1,6,2,55,8,1598,1,4,10,2
2014160C08201,1,9,0,18,0,0,1,0,7,4,1,1,6,1,73,10,1061,1,10,4,1
2014160C08211,1,9,0,18,0,2,0,0,0,0,1,1,2,1,44,7,2143,2,-1,10,1
2014160C08231,1,9,0,9,0,6,0,0,0,0,1,1,6,2,60,9,1560,2,5,5,1
2014160C08231,2,9,0,18,0,1,0,0,0,0,3,1,1,1,40,7,1968,2,4,10,1
2014160C08241,1,9,0,10,0,1,0,0,0,0,2,1,6,2,62,9,1598,2,2,5,3
2014160C08241,2,9,0,18,0,1,0,0,0,0,1,1,6,3,-1,-1,1679,1,14,-1,-1
2014160C08251,1,9,0,18,0,8,0,0,0,0,1,1,6,1,57,9,998,1,7,4,1
2014160C08261,1,9,0,7,0,6,0,0,0,0,3,1,6,2,78,11,1198,1,10,4,1
2014160C08271,1,9,0,18,0,0,0,0,0,0,1,1,6,3,-1,-1,2143,2,4,-1,-1
2014160C08271,2,9,0,3,0,0,0,0,0,0,2,1,6,2,30,6,1360,1,5,8,1
2014160C08281,1,9,0,9,0,1,1,0,1,3,1,1,6,2,50,8,1998,1,12,2,1
2014160C08291,1,9,0,18,0,0,0,0,0,0,1,1,3,2,32,6,998,1,13,-1,-1
2014160C08301,1,9,0,7,0,6,0,0,0,0,1,1,6,1,21,5,973,1,13,2,1
2014160C08301,2,9,0,4,0,1,0,0,0,0,1,1,6,1,34,6,1896,2,8,7,1
2014160C08311,1,9,0,18,0,8,0,0,0,0,1,1,6,1,63,9,1000,1,-1,8,1
2014160C08311,2,1,0,18,0,8,0,0,0,0,2,1,6,1,52,8,-1,-1,-1,6,1
2014160C08321,1,9,0,18,0,2,0,0,0,0,1,1,6,3,-1,-1,-1,-1,-1,-1,-1
2014160C08331,1,9,0,16,0,0,1,0,1,11,1,1,6,1,18,4,1199,1,10,4,1
2014160C08341,1,9,0,17,0,0,0,0,1,9,1,1,6,2,28,6,1999,1,7,2,2
2014160C08351,1,9,0,17,0,0,1,0,1,0,1,1,6,1,42,7,1998,2,8,1,1
2014160C08361,1,9,0,18,0,6,0,0,0,0,1,1,6,1,84,11,1995,2,2,1,1
2014160C08361,2,22,0,18,9,8,5,0,0,0,4,1,6,2,80,11,-1,-1,-1,1,1
2014160C08371,1,9,0,9,0,6,0,0,0,0,3,1,6,1,71,10,1360,1,12,9,1
2014160C08371,2,1,0,18,0,8,0,0,0,0,1,1,2,1,35,6,-1,-1,-1,4,1
2014160C08381,1,9,0,17,0,0,0,0,0,0,1,1,6,2,36,7,1995,2,9,-1,1
2014160C08381,2,9,0,16,0,0,0,0,0,0,1,1,6,1,26,6,1124,1,12,1,1
2014160C08401,1,1,0,18,0,0,0,0,0,0,1,1,6,2,48,8,-1,-1,-1,-1,-1
2014160C08401,2,9,0,18,0,0,0,0,0,0,1,1,6,1,69,10,1590,1,-1,7,3
2014160C08401,3,1,0,18,0,0,1,0,0,0,2,1,6,1,42,7,-1,-1,-1,6,1
2014160C08411,1,9,0,18,0,1,0,0,0,0,1,1,6,2,69,10,1398,1,1,6,2
2014160C08431,1,9,0,18,0,0,1,0,7,4,1,1,6,2,57,9,1560,2,3,5,3
2014160C08451,1,9,0,18,0,0,1,0,7,0,1,1,6,2,79,11,1360,1,9,9,1
2014160C08451,2,9,0,18,0,0,1,0,0,0,1,1,2,1,47,8,1199,2,3,7,3
2014160C08461,1,9,0,18,0,0,0,0,0,0,1,1,6,1,76,11,1995,2,3,5,2
2014160C08461,2,9,0,6,0,0,0,0,0,0,3,1,6,1,18,4,1248,2,7,7,3
2014160C08471,1,22,0,17,0,1,0,0,0,0,1,1,6,2,80,11,-1,-1,-1,7,1
2014160C08481,1,9,0,16,0,2,1,0,0,0,3,1,6,1,30,6,3246,1,13,9,1
2014160C08491,1,21,1,9,0,8,5,0,0,0,0,2,1,1,40,7,11946,2,2,2,1
2014160C08501,1,9,0,18,0,0,0,0,7,4,1,1,6,2,30,6,1596,1,9,9,1
2014160C08501,2,9,0,11,0,0,0,0,1,0,2,1,6,1,21,5,1896,2,8,7,1
2014160C08511,1,9,0,9,0,6,0,0,0,0,1,1,2,2,60,9,1197,1,4,9,2
2014160C08511,2,1,0,9,0,5,0,0,0,0,1,1,2,2,58,9,-1,-1,-1,4,1