Accident_Index,Vehicle_Reference,Vehicle_Type,Towing_and_Articulation,Vehicle_Manoeuvre,Vehicle_Location-Restricted_Lane,Junction_Location,Skidding_and_Overturning,Hit_Object_in_Carriageway,Vehicle_Leaving_Carriageway,Hit_Object_off_Carriageway,1st_Point_of_Impact,Was_Vehicle_Left_Hand_Drive?,Journey_Purpose_of_Driver,Sex_of_Driver,Age_of_Driver,Age_Band_of_Driver,Engine_Capacity_(CC),Propulsion_Code,Age_of_Vehicle,Driver_IMD_Decile,Driver_Home_Area_Type
2014160C08521,1,9,0,18,0,0,0,0,0,0,1,1,6,2,70,10,1398,1,14,8,1
2014160C08521,2,19,0,3,0,0,0,0,0,0,2,1,1,1,36,7,-1,-1,-1,6,1
2014160C08531,1,9,0,7,0,5,0,0,7,4,1,1,6,1,20,4,1984,1,12,3,1
2014160C08531,2,9,0,2,0,2,0,0,0,0,4,1,6,3,-1,-1,1896,2,13,-1,-1
2014160C08541,1,9,0,5,0,6,0,0,0,0,4,1,6,1,27,6,1896,2,9,2,1
2014160C08541,2,9,0,18,0,1,0,0,0,0,1,1,6,1,44,7,1984,1,13,4,2
2014160C08551,1,9,0,12,0,0,0,0,0,0,0,1,6,2,76,11,1398,1,11,8,3
2014160C08551,2,9,0,13,0,0,2,0,1,10,1,1,6,1,25,5,1229,1,8,8,3
2014160C08561,1,9,0,2,0,0,0,0,0,0,3,1,6,2,53,8,1560,2,2,9,1
2014160C08561,2,9,0,18,0,0,0,0,0,0,3,1,6,3,-1,-1,-1,-1,-1,-1,-1
2014160C08571,1,9,0,12,0,0,0,0,0,0,2,1,6,2,45,7,1968,2,-1,9,1
2014160C08571,2,9,0,18,0,0,0,0,0,0,1,1,6,1,41,7,1461,2,12,9,3
2014160C08581,1,19,0,18,0,0,0,0,0,0,0,1,6,1,43,7,-1,-1,-1,8,1
2014160C08581,2,9,0,18,0,0,0,0,0,0,1,1,6,2,53,8,1229,1,-1,8,2
2014160C08581,3,19,0,18,0,0,0,0,0,0,1,1,6,1,25,5,2461,2,10,1,1
2014160C08591,1,2,0,18,0,0,0,10,1,10,4,1,6,2,37,7,49,1,2,6,2
2014160C08601,1,9,0,9,0,6,0,0,0,0,3,1,6,1,18,4,1397,1,5,8,1
2014160C08601,2,3,0,18,0,8,1,0,0,0,1,1,6,1,25,5,125,1,2,5,1
2014160C08611,1,9,0,7,0,2,0,0,7,4,1,1,6,1,31,6,1995,2,13,7,2
2014160C08621,1,9,0,4,0,2,0,0,0,0,1,1,1,2,22,5,1242,1,2,7,3
2014160C08621,2,9,0,4,0,2,0,0,0,0,2,1,1,1,43,7,1560,2,4,8,2
2014160C08621,3,9,0,4,0,2,0,0,0,0,2,1,1,1,30,6,1870,2,9,1,1
2014160C08631,1,11,0,14,0,0,0,0,7,10,1,1,1,1,25,5,8871,2,12,4,1
2014160C08631,2,21,0,2,0,0,0,0,0,0,0,1,1,1,50,8,-1,-1,-1,5,1
2014160C08641,1,9,0,18,0,6,0,0,0,0,1,1,6,2,65,9,1240,1,6,2,1
2014160C08641,2,9,0,18,0,8,0,0,0,0,1,1,6,2,49,8,1598,1,11,4,1
2014160C08651,1,9,0,18,0,8,0,0,0,0,1,1,6,1,61,9,2995,1,6,10,1
2014160C08651,2,1,0,18,0,8,0,0,0,0,2,1,6,2,9,2,-1,-1,-1,5,1
2014160C08661,1,9,0,10,0,5,0,0,7,10,2,1,6,2,29,6,1149,1,11,7,3
2014160C08661,2,19,0,18,0,1,0,0,0,0,1,1,6,1,26,6,2198,2,-1,3,1
2014160C08671,1,9,0,18,0,0,0,0,0,0,1,1,6,1,18,4,1150,1,9,9,1
2014160C08671,2,9,0,3,0,0,0,0,0,0,2,1,1,2,23,5,1242,1,11,6,3
2014160C08671,3,9,0,3,0,0,0,0,0,0,2,1,6,1,31,6,1600,1,8,3,1
2014160C08671,4,9,0,3,0,0,0,0,0,0,2,1,6,1,41,7,1968,2,1,7,1
2014160C08681,1,9,0,5,0,4,0,0,0,0,1,1,6,1,84,11,1956,2,1,6,3
2014160C08681,2,1,0,18,0,8,0,0,0,0,1,1,6,1,40,7,-1,-1,-1,8,1
2014160C08691,1,4,0,4,0,1,1,0,0,0,4,1,6,1,21,5,400,1,22,7,1
2014160C08701,1,9,0,18,0,4,0,0,0,0,1,1,6,1,74,10,1596,1,1,8,2
2014160C08701,2,1,0,18,0,5,0,0,0,0,2,1,6,2,60,9,-1,-1,-1,7,2
2014160C08711,1,9,0,1,0,0,0,0,0,0,2,1,6,1,21,5,1229,1,6,9,2
2014160C08711,2,9,0,4,0,0,0,0,0,0,1,1,6,1,70,10,1596,1,3,6,2
2014160C08721,1,9,0,4,0,0,0,0,1,4,1,1,6,1,48,8,1368,1,6,2,1
2014160C08731,1,9,0,7,0,5,0,0,0,0,3,1,6,3,-1,-1,-1,-1,-1,-1,-1
2014160C08741,1,9,0,6,0,0,0,0,0,0,1,1,6,1,57,9,1396,1,11,7,3
2014160C08741,2,1,0,18,0,0,0,0,0,0,1,1,6,1,61,9,-1,-1,-1,10,1
2014160C08751,1,9,0,18,0,0,0,0,0,0,3,1,6,2,46,8,1995,1,5,9,3
2014160C08751,2,9,0,18,0,0,0,0,0,0,4,1,6,1,52,8,1497,8,-1,10,1
2014160C08761,1,9,0,15,0,1,0,0,0,0,1,1,6,3,-1,-1,-1,-1,-1,-1,-1
2014160C08761,2,1,0,9,0,5,0,0,0,0,4,1,6,2,15,3,-1,-1,-1,9,1
2014160C08771,1,9,0,18,0,0,0,0,0,0,1,1,6,1,40,7,1997,2,5,2,2
2014160C08771,2,8,0,18,0,0,0,0,0,0,2,1,1,2,50,8,1686,2,7,1,1
2014160C08771,3,9,0,18,0,0,0,0,0,0,2,1,6,1,45,7,1398,1,3,8,1
2014160C08781,1,9,0,18,0,1,0,0,0,0,3,1,6,2,74,10,1397,1,12,2,1
2014160C08781,2,9,0,18,0,3,0,0,0,0,3,1,6,2,22,5,1386,1,8,7,1
2014160C08791,1,9,0,7,0,2,0,0,0,0,1,1,6,2,35,6,1998,1,8,5,3
2014160C08801,1,9,0,9,0,4,0,0,0,0,1,1,6,1,83,11,998,1,15,4,1
2014160C08801,2,19,0,18,0,8,0,0,0,0,3,1,6,1,61,9,2402,2,10,8,3
2014160C08811,1,9,0,9,0,8,1,0,0,0,1,1,2,1,34,6,1599,1,11,1,1
2014160C08811,2,9,0,10,0,6,0,0,0,0,1,1,6,1,70,10,1598,1,3,8,3
2014160C08821,1,9,0,7,0,5,0,0,0,0,4,1,6,1,40,7,1598,1,6,10,1
2014160C08821,2,1,0,15,0,8,0,0,0,0,1,1,6,1,45,7,-1,-1,-1,7,2
2014160C08831,1,9,0,7,0,4,0,0,0,0,1,1,6,2,38,7,973,1,13,4,1
2014160C08831,2,1,0,18,0,8,0,0,0,0,4,1,6,1,24,5,-1,-1,-1,7,1
2014160C08841,1,9,0,3,0,0,0,0,0,0,2,1,2,2,48,8,2993,2,1,9,3
2014160C08841,2,9,0,18,0,0,1,0,0,0,1,1,6,1,31,6,1896,2,8,10,2
2014160C08851,1,9,0,17,0,0,1,0,7,0,1,1,6,1,40,7,-1,-1,-1,1,1
2014160C08871,1,9,0,9,0,5,0,0,0,0,2,1,6,1,53,8,1997,2,7,9,1
2014160C08871,2,9,0,18,0,1,0,0,0,0,1,1,6,1,59,9,998,1,-1,9,1
2014160C08871,3,9,0,18,0,1,0,0,0,0,1,1,6,1,34,6,1781,1,13,4,1
2014160C08871,4,9,0,18,0,1,1,0,0,0,1,1,6,1,18,4,1397,1,7,9,3
2014160C08881,1,9,0,9,0,5,0,0,0,0,1,1,6,2,50,8,1560,2,2,9,1
2014160C08881,2,9,0,18,0,1,0,0,0,0,2,1,6,2,66,10,1582,2,6,7,2
2014160C08891,1,9,0,18,0,0,2,0,1,0,1,1,6,1,35,6,1598,2,2,8,2
2014160C08891,2,9,0,18,0,0,2,0,1,0,1,1,6,2,58,9,1397,1,4,9,3
2014160C08891,3,9,0,18,0,0,0,0,0,0,0,1,6,2,50,8,1753,2,13,10,2
2014160C08911,1,9,0,18,0,0,0,0,0,0,1,1,6,2,72,10,1587,1,12,9,1
2014160C08911,2,1,0,18,0,0,0,0,0,0,2,1,2,1,21,5,-1,-1,-1,10,1
2014160C08921,1,9,0,9,0,6,0,0,0,0,1,1,6,1,80,11,1597,1,4,7,2
2014160C08921,2,9,0,7,0,6,0,0,0,0,2,1,6,1,63,9,1248,1,3,7,1
2014160C08931,1,9,0,3,0,1,0,0,0,0,2,1,2,1,49,8,1591,1,1,6,1
2014160C08931,2,5,0,18,0,1,1,0,0,0,1,1,2,1,43,7,899,1,10,5,1
2014160C08941,1,9,0,5,0,1,0,0,0,0,1,1,6,1,84,11,1600,1,17,5,1
2014160C08941,2,9,0,3,0,1,0,0,0,0,2,1,6,1,18,4,1596,1,8,6,1
2014160C08951,1,9,0,18,0,0,0,0,0,0,3,1,6,1,73,10,1490,1,7,7,1
2014160C08951,2,9,0,18,0,0,0,0,0,0,3,1,6,1,61,9,1997,2,12,2,1
2014160C08961,1,3,0,18,0,0,0,0,0,0,4,1,6,1,19,4,124,1,1,5,2
2014160C08971,1,22,0,18,9,6,0,0,0,0,3,1,6,2,71,10,-1,-1,-1,4,1
2014160C08971,2,9,0,7,0,5,0,0,0,0,4,1,6,1,56,9,3200,2,10,9,3
2014160C08981,1,9,0,14,0,0,0,0,0,0,4,1,6,3,-1,-1,-1,-1,-1,-1,-1
2014160C08991,1,9,0,18,0,0,0,0,5,6,1,1,6,1,26,6,1598,1,16,6,2
2014160C08991,2,9,0,18,0,0,0,0,5,6,2,1,6,2,37,7,-1,-1,-1,5,1
2014160C09001,1,9,0,18,0,0,1,0,1,4,1,1,6,1,48,8,1997,2,10,6,3
2014160C09001,2,9,0,18,0,0,0,0,0,0,1,1,6,2,25,5,1360,1,11,5,1
2014160C09011,1,9,0,1,0,0,0,0,0,0,3,1,6,2,67,10,1396,1,12,6,1
2014160C09021,1,11,0,18,0,0,0,0,0,0,0,1,6,1,46,8,7300,2,12,9,2
2014160C09031,1,9,0,9,0,5,0,0,0,0,1,1,6,2,47,8,2179,2,3,5,3
2014160C09031,2,19,0,18,0,8,0,0,1,0,1,1,2,1,32,6,1896,2,11,-1,-1
2014160C09041,1,9,0,9,0,6,0,0,0,0,1,1,6,1,68,10,1689,2,12,10,2
2014160C09041,2,1,0,18,0,8,0,0,0,0,3,1,6,1,23,5,-1,-1,-1,9,1
2014160C09051,1,19,0,10,0,6,0,10,3,0,2,1,6,1,35,6,1753,2,3,-1,-1
2014160C09051,2,19,0,18,0,1,1,0,0,0,1,1,6,1,51,8,2198,2,6,1,1
2014160C09061,1,9,0,18,0,0,0,0,0,0,1,1,6,3,-1,-1,-1,-1,-1,-1,-1
2014160C09071,1,9,0,18,0,0,0,0,7,10,3,1,1,1,41,7,2993,2,5,2,1
2014160D00011,1,9,0,7,0,5,0,0,0,0,0,1,6,1,66,10,505,1,6,5,1
2014160D00011,2,1,0,18,4,8,0,0,0,0,4,1,6,1,67,10,-1,-1,-1,5,1
2014160D00021,1,9,0,7,0,6,0,0,7,0,3,1,6,1,44,7,1596,1,6,7,1
2014160D00021,2,9,0,18,0,8,0,0,7,0,1,1,6,2,26,6,2148,2,11,5,1
2014160D00031,1,9,0,9,0,4,0,0,0,0,3,1,6,1,23,5,1997,2,13,1,1
2014160D00031,2,2,0,18,0,8,0,0,0,0,1,1,6,1,17,4,49,1,2,4,1
2014160D00041,1,2,0,18,0,8,0,0,0,0,3,1,2,1,60,9,49,1,17,-1,1
2014160D00041,2,9,0,9,0,6,0,0,0,0,4,1,6,2,38,7,998,1,17,-1,1
2014160D00051,1,9,0,5,0,4,0,0,0,0,3,1,6,1,32,6,-1,-1,-1,3,1
2014160D00051,2,1,0,18,0,8,0,0,0,0,1,1,6,1,40,7,-1,-1,-1,1,1
2014160D00061,1,9,0,9,0,5,0,0,0,0,1,1,6,3,-1,-1,-1,-1,-1,-1,-1
2014160D00071,1,9,0,10,0,0,0,0,1,0,2,1,6,2,22,5,-1,-1,-1,1,1
2014160D00071,2,19,0,18,0,0,0,0,0,0,1,1,6,1,33,6,1995,2,2,4,1
2014160D00081,1,9,0,18,0,2,0,0,0,0,1,1,6,2,18,4,1390,1,7,10,1
2014160D00091,1,9,0,18,0,0,0,0,0,0,1,1,6,3,-1,-1,-1,-1,-1,-1,-1
2014160D00101,1,9,0,18,0,0,0,0,0,0,4,1,1,1,46,8,-1,-1,-1,2,1
2014160D00101,2,1,0,18,0,0,0,0,0,0,1,1,6,1,46,8,-1,-1,-1,4,1
2014160D00111,1,9,0,7,0,6,0,0,0,0,1,1,1,2,22,5,1198,1,12,4,1
2014160D00111,2,9,0,18,0,8,0,0,0,0,1,1,6,1,30,6,1242,1,13,1,1
2014160D00121,1,9,0,18,0,1,0,0,0,0,4,1,6,2,35,6,2926,2,13,9,1
2014160D00121,2,1,0,18,0,6,0,0,0,0,1,1,6,1,10,2,-1,-1,-1,9,1
2014160D00131,1,9,0,18,0,8,0,0,0,0,1,1,6,2,38,7,996,1,4,6,1
2014160D00131,2,9,0,18,0,8,0,0,0,0,1,1,6,1,76,11,1461,2,4,10,2
2014160D00141,1,9,0,4,0,0,0,0,0,0,1,1,6,1,25,5,1587,1,13,1,1
2014160D00141,2,9,0,3,0,0,0,0,0,0,2,1,6,2,45,7,1461,2,2,1,1
2014160D00151,1,11,0,14,0,0,0,0,0,0,4,1,1,3,-1,-1,-1,-1,-1,-1,-1
2014160D00161,1,9,0,18,0,1,0,0,0,0,4,1,6,1,74,10,1796,1,7,5,3
2014160D00181,1,9,0,18,0,0,0,0,0,0,1,1,6,2,52,8,1390,1,5,10,2
2014160D00181,2,1,0,18,0,0,0,0,0,0,2,1,6,1,25,5,-1,-1,-1,8,2
2014160D00191,1,9,0,8,0,8,0,0,0,0,1,1,6,1,41,7,1997,2,10,6,2
2014160D00191,2,9,0,18,0,8,0,0,0,0,2,1,6,2,27,6,1390,1,8,2,3
2014160D00201,1,8,0,1,0,0,0,0,0,0,2,1,1,1,45,7,1968,2,4,1,1
2014160D00201,2,9,0,2,0,0,0,0,0,0,1,1,6,3,-1,-1,-1,-1,-1,-1,-1
2014160D00211,1,9,0,18,0,0,0,0,0,0,3,1,6,1,29,6,1390,1,12,8,1
2014160D00211,2,9,0,13,0,0,0,0,0,0,4,1,6,3,-1,-1,-1,-1,-1,-1,-1
2014160D00221,1,9,0,11,0,1,0,0,0,0,0,1,6,3,-1,-1,-1,-1,-1,-1,-1
2014160D00221,2,11,0,18,0,1,0,0,0,0,0,1,6,1,37,7,9360,2,5,1,1
2014160D00231,1,8,0,18,0,0,0,0,0,0,0,1,1,1,29,6,-1,-1,-1,1,1
2014160D00241,1,2,0,18,0,0,0,0,0,0,1,1,6,3,-1,-1,-1,-1,-1,-1,-1
2014160D00251,1,9,0,5,0,4,0,0,0,0,1,1,1,2,25,5,1796,1,14,4,1
2014160D00251,2,1,0,18,0,8,0,0,0,0,1,1,6,1,60,9,-1,-1,-1,1,1
2014160D00271,1,9,0,9,0,6,0,0,0,0,3,1,6,1,60,9,1390,1,11,1,1
2014160D00271,2,9,0,18,0,8,0,0,0,0,1,1,2,1,45,7,2671,1,16,4,1
2014160D00281,1,21,1,17,0,0,0,0,0,0,1,1,1,3,-1,-1,-1,-1,-1,-1,-1
2014160D00281,2,9,0,17,0,0,0,0,0,0,2,1,2,2,38,7,1248,1,5,6,2
2014160D00291,1,9,0,9,0,5,0,0,0,0,4,1,6,1,20,4,1368,1,4,8,1
2014160D00291,2,4,0,18,0,8,0,0,0,0,1,1,6,1,20,4,599,1,3,1,1
2014160D00301,1,9,0,14,0,0,0,0,0,0,4,1,6,2,78,11,1995,2,10,6,1
2014160D00301,2,9,0,2,0,0,0,0,0,0,3,1,6,3,-1,-1,2179,2,3,-1,-1
2014160D00311,1,9,0,16,0,1,0,0,0,0,3,1,6,2,36,7,1956,2,3,5,1
2014160D00311,2,11,0,17,0,2,0,0,0,0,3,1,1,1,48,8,6871,2,4,8,2
2014160D00321,1,9,0,18,0,8,0,0,0,0,4,1,6,1,54,8,1560,2,2,1,1
2014160D00321,2,9,0,5,0,5,0,0,0,0,1,1,6,2,37,7,2995,1,9,5,1
2014160D00331,1,9,0,18,0,0,0,0,0,0,4,1,6,2,26,6,1124,1,11,-1,1
2014160D00341,1,3,0,18,0,0,1,0,0,0,1,1,6,1,17,4,125,1,1,1,1
2014160D00341,2,9,0,18,0,0,0,0,0,0,2,1,2,2,47,8,1108,1,3,1,1
2014160D00351,1,1,0,18,0,8,0,0,0,0,1,1,6,1,36,7,-1,-1,-1,9,1
2014160D00351,2,9,0,9,0,5,0,0,0,0,4,1,6,1,68,10,2495,2,17,6,3
2014160D00361,1,9,0,9,0,5,0,0,0,0,1,1,6,1,40,7,2351,1,13,1,1
2014160D00361,2,9,0,18,0,8,0,0,1,10,1,1,6,1,69,10,1598,1,8,2,1
2014160D00371,1,3,0,4,0,1,1,0,0,0,3,1,6,2,56,9,108,1,3,6,1
2014160D00381,1,9,0,18,0,0,0,0,0,0,1,1,2,2,47,8,1598,1,9,10,1
2014160D00381,2,9,0,18,0,0,0,0,0,0,2,1,2,2,28,6,1598,1,9,-1,1
2014160D00381,3,9,0,18,0,0,0,0,0,0,2,1,2,1,22,5,1339,1,9,8,1
2014160D00391,1,9,0,9,0,5,0,0,0,0,1,1,6,1,38,7,1199,1,10,2,1
2014160D00391,2,2,0,18,4,8,1,0,0,0,3,1,6,1,19,4,49,1,10,1,1
2014160D00401,1,9,0,4,0,1,0,0,0,0,1,1,2,1,19,4,1900,2,10,5,1
2014160D00401,2,9,0,4,0,1,0,0,0,0,2,1,6,2,37,7,1997,2,2,5,1
2014160D00401,3,9,0,4,0,1,0,0,0,0,2,1,6,2,32,6,1242,1,3,1,1
2014160D00411,1,9,0,18,0,1,0,0,0,0,2,1,6,1,49,8,2494,1,12,10,1
2014160D00411,2,9,0,18,0,1,0,0,0,0,1,1,6,1,26,6,1390,1,14,1,1
2014160D00421,1,1,0,9,0,5,0,0,0,0,1,1,6,1,20,4,-1,-1,-1,4,1
2014160D00421,2,9,0,18,0,1,0,0,0,0,4,1,6,2,35,6,1242,1,2,9,2
2014160D00441,1,9,0,9,0,5,0,0,0,0,4,1,6,2,57,9,1598,1,10,4,1
2014160D00441,2,9,0,18,0,8,0,0,0,0,1,1,6,2,41,7,1910,2,7,5,1
2014160D00451,1,9,0,18,0,0,0,0,0,0,1,1,6,2,50,8,1242,1,3,6,1
2014160D00451,2,9,0,3,0,0,0,0,0,0,2,1,6,1,47,8,1296,1,7,1,1
2014160D00481,1,9,0,18,0,0,0,0,0,0,1,1,6,3,-1,-1,-1,-1,-1,-1,-1
2014160D00491,1,9,0,18,0,8,0,0,0,0,1,1,6,2,21,5,1910,2,12,1,1
2014160D00491,2,9,0,18,0,8,0,0,0,0,2,1,6,1,34,6,1360,1,11,1,1
2014160D00501,1,9,0,18,0,8,0,0,0,0,1,1,6,2,23,5,998,1,11,2,1
2014160D00501,2,9,0,5,0,6,0,0,0,0,3,1,6,2,23,5,1870,2,10,5,1
2014160D00511,1,8,0,18,0,2,0,0,0,0,1,1,1,1,39,7,-1,-1,-1,2,1
2014160D00511,2,9,0,3,0,2,0,0,0,0,2,1,6,1,55,8,1997,2,6,1,1
2014160D00521,1,8,0,9,0,5,0,0,0,0,1,1,1,1,56,9,1388,1,6,1,1
2014160D00521,2,1,0,16,0,8,0,0,0,0,3,1,6,2,44,7,-1,-1,-1,8,1
2014160D00531,1,21,0,7,0,5,0,0,0,0,1,1,1,1,41,7,11705,2,6,5,1
2014160D00541,1,9,0,18,0,1,0,0,0,0,1,1,6,2,34,6,2148,2,11,8,2
2014160D00551,1,9,0,1,0,6,0,0,0,0,2,1,6,1,79,11,-1,-1,-1,1,1
2014160D00551,2,1,0,18,0,8,0,0,0,0,3,1,6,2,29,6,-1,-1,-1,1,1
2014160D00561,1,9,0,5,0,4,0,0,0,0,0,1,2,1,50,8,2435,2,11,10,2
2014160D00561,2,2,0,18,0,8,0,0,0,0,0,1,2,2,18,4,49,1,3,1,1
2014160D00581,1,9,0,5,0,4,0,0,0,0,1,1,2,1,37,7,1229,1,7,2,1
2014160D00581,2,3,0,7,0,8,0,0,0,0,4,1,6,1,31,6,124,1,3,-1,1
2014160D00591,1,9,0,18,0,2,0,0,0,0,1,1,2,1,56,9,1753,2,12,5,1
2014160D00591,2,19,0,3,0,2,0,0,0,0,2,1,2,1,41,7,1998,2,8,-1,1
2014160D00601,1,9,0,4,0,1,0,0,0,0,1,1,6,3,-1,-1,1895,1,14,-1,-1
2014160D00601,2,9,0,8,0,1,0,0,0,0,2,1,6,2,36,7,1796,1,4,1,1
2014160D00611,1,9,0,8,0,1,0,0,0,0,2,1,6,2,23,5,998,1,9,9,3
2014160D00611,2,9,0,5,0,1,0,0,0,0,1,1,6,3,-1,-1,1461,2,3,-1,-1
2014160D00621,1,9,0,18,0,0,0,0,0,0,3,1,6,1,20,4,1997,2,11,8,2
2014160D00621,2,1,0,18,0,0,0,0,0,0,1,1,6,1,52,8,-1,-1,-1,3,1
2014160D00631,1,11,0,18,0,1,0,7,0,0,3,1,1,1,42,7,6700,2,3,1,1
2014160D00641,1,1,0,18,0,8,0,0,0,0,1,1,6,1,36,7,-1,-1,-1,1,1
2014160D00641,2,9,0,18,0,8,0,0,0,0,1,1,6,1,46,8,1560,2,1,1,1
2014160D00651,1,9,0,9,0,6,0,0,0,0,1,1,2,1,27,6,1328,1,7,6,1
2014160D00651,2,9,0,18,0,8,0,0,1,7,1,1,6,2,18,4,1360,1,11,5,1
2014160D00661,1,9,0,18,0,8,0,0,0,0,4,1,6,2,18,4,1199,1,12,-1,1
2014160D00661,2,9,0,18,0,8,0,0,0,0,1,1,6,1,45,7,2495,2,12,10,2
2014160D00671,1,1,0,18,0,8,0,0,0,0,1,1,6,1,40,7,-1,-1,-1,6,1
2014160D00671,2,9,0,3,0,8,0,0,0,0,3,1,6,3,-1,-1,-1,-1,-1,-1,-1
2014160D00681,1,9,0,14,0,2,0,0,0,0,1,1,6,2,57,9,1242,1,-1,5,1
2014160D00681,2,19,0,2,0,2,0,0,0,0,3,1,6,1,44,7,2198,2,1,4,1
2014160D00691,1,9,0,18,0,0,0,0,0,0,2,1,6,1,20,4,1242,1,10,1,1
2014160D00691,2,9,0,18,0,0,0,0,0,0,1,1,6,1,18,4,1124,1,10,6,1
2014160D00701,1,1,0,18,0,0,0,0,0,0,3,1,2,1,56,9,-1,-1,-1,1,1
2014160D00701,2,3,0,18,0,0,0,0,0,0,4,1,2,1,24,5,125,1,2,4,1
2014160D00711,1,3,0,18,0,8,0,0,0,0,1,1,6,1,22,5,124,1,3,2,1
2014160D00711,2,19,0,9,0,6,0,0,0,0,3,1,6,1,62,9,1461,2,8,4,1
2014160D00721,1,9,0,18,0,2,0,0,0,0,4,1,6,1,19,4,1999,1,8,1,1
2014160D00731,1,9,0,18,0,0,0,0,0,0,1,1,2,1,44,7,999,1,13,6,3
2014160D00731,2,1,0,18,0,0,0,0,0,0,1,1,6,1,10,2,-1,-1,-1,1,1
2014160D00741,1,9,0,18,0,0,0,0,0,0,1,1,6,1,21,5,-1,-1,-1,3,3
2014160D00751,1,19,0,1,0,0,0,0,0,0,2,1,6,1,36,7,1753,2,11,2,1
2014160D00751,2,4,0,18,0,0,0,0,0,0,1,1,6,1,29,6,108,1,1,1,1
2014160D00761,1,9,0,9,0,5,0,0,0,0,4,1,6,1,25,5,1349,1,1,1,1
2014160D00761,2,9,0,18,0,1,0,0,1,0,1,1,6,1,58,9,1598,1,13,1,1
2014160D00771,1,9,0,9,0,8,0,0,0,0,1,1,6,1,21,5,1368,1,6,6,1
2014160D00771,2,9,0,18,0,8,0,0,0,0,1,1,6,1,27,6,1595,1,1,6,1
2014160D00781,1,9,0,6,0,0,0,0,0,0,4,1,6,2,22,5,1229,1,7,7,1
2014160D00781,2,19,0,18,0,0,1,0,0,0,1,1,6,1,42,7,2198,2,7,4,1
2014160D00801,1,9,0,18,0,1,0,0,0,0,1,1,2,2,38,7,1560,2,8,7,1
2014160D00811,1,9,0,5,0,4,0,0,0,0,1,1,6,2,80,11,1299,1,15,1,1
2014160D00811,2,9,0,9,0,8,0,0,0,0,4,1,6,2,22,5,1399,2,5,1,1
2014160D00821,1,9,0,7,0,6,0,0,0,0,1,1,6,3,-1,-1,-1,-1,-1,-1,-1
2014160D00821,2,1,0,17,0,8,0,0,0,0,2,1,6,2,20,4,-1,-1,-1,3,1
2014160D00831,1,9,0,5,0,0,0,0,0,0,1,1,6,3,-1,-1,-1,-1,-1,-1,-1
2014160D00841,1,9,0,18,0,1,0,0,0,0,1,1,6,3,-1,-1,-1,-1,-1,-1,-1
2014160D00851,1,9,0,18,0,4,0,0,0,0,1,1,6,1,47,8,-1,-1,-1,1,1
2014160D00851,2,1,0,9,0,8,0,0,0,0,4,1,6,2,37,7,-1,-1,-1,5,1
2014160D00861,1,1,0,7,0,2,0,0,0,0,1,1,6,2,23,5,-1,-1,-1,8,1
2014160D00861,2,9,0,18,0,1,0,0,0,0,1,1,6,2,20,4,2171,1,10,9,1
2014160D00871,1,9,0,4,0,0,0,0,0,0,1,1,6,2,38,7,1229,1,9,2,1
2014160D00871,2,9,0,2,0,0,0,0,0,0,2,1,6,1,47,8,1343,1,12,1,1
2014160D00881,1,9,0,2,0,0,0,0,0,0,3,1,6,1,46,8,1061,1,11,9,1
2014160D00881,2,1,0,18,0,0,0,0,0,0,4,1,6,1,35,6,-1,-1,-1,5,1
2014160D00891,1,9,0,7,0,6,0,0,0,0,1,1,6,2,35,6,1896,2,10,6,1
2014160D00891,2,1,0,18,5,8,0,0,0,0,3,1,1,2,49,8,-1,-1,-1,8,1
2014160D00901,1,9,0,9,0,6,0,0,0,0,1,1,6,3,-1,-1,-1,-1,-1,-1,-1
2014160D00911,1,9,0,10,0,1,0,0,0,0,2,1,6,1,24,5,1364,1,7,2,1
2014160D00911,2,9,0,10,0,1,0,0,0,0,1,1,6,1,18,4,998,1,6,9,1
2014160D00911,3,9,0,7,0,5,0,0,0,0,1,1,6,3,-1,-1,1595,1,10,-1,-1
2014160D00911,4,11,0,4,2,1,0,0,0,0,0,1,1,1,46,8,9360,2,5,1,1
2014160D00921,1,9,0,9,0,5,0,0,0,0,4,1,6,1,29,6,1124,1,8,2,1
2014160D00921,2,9,0,18,0,8,0,0,0,0,1,1,6,2,25,5,1229,1,1,1,1
2014160D00941,1,9,0,9,0,6,0,0,0,0,1,1,6,1,72,10,1339,1,10,7,2
2014160D00941,2,1,0,18,0,8,0,0,0,0,2,1,6,1,22,5,-1,-1,-1,2,1
2014160D00951,1,9,0,18,0,5,0,0,0,0,1,1,2,1,35,6,2148,2,9,2,1
2014160D00951,2,1,0,18,0,6,0,0,0,0,4,1,2,1,25,5,-1,-1,-1,4,1
2014160D00961,1,9,0,18,0,1,0,0,0,0,1,1,6,1,33,6,1997,2,11,5,3
2014160D00971,1,9,0,9,0,5,0,0,0,0,1,1,6,1,18,4,1391,1,13,1,1
2014160D00971,2,9,0,18,0,8,0,0,0,0,3,1,6,1,49,8,1360,1,11,2,1
2014160D00981,1,9,0,18,0,1,0,0,0,0,1,1,6,3,-1,-1,2498,1,13,-1,-1
2014160D00981,2,9,0,10,0,1,0,0,0,0,2,1,6,2,38,7,1995,2,8,7,2
2014160D00991,1,9,0,14,0,0,1,0,0,0,1,1,2,1,29,6,1364,1,9,4,1
2014160D00991,2,9,0,18,0,0,0,0,0,0,1,1,6,1,27,6,973,1,11,2,1
2014160D01001,1,9,0,18,0,1,0,0,0,0,1,1,6,1,74,10,1985,1,17,5,1
2014160D01001,2,1,0,18,0,1,0,0,0,0,3,1,6,1,17,4,-1,-1,-1,1,1
2014160D01011,1,11,0,18,0,2,0,0,0,0,1,1,1,2,41,7,7300,2,4,1,1