Accident_Index,Vehicle_Reference,Vehicle_Type,Towing_and_Articulation,Vehicle_Manoeuvre,Vehicle_Location-Restricted_Lane,Junction_Location,Skidding_and_Overturning,Hit_Object_in_Carriageway,Vehicle_Leaving_Carriageway,Hit_Object_off_Carriageway,1st_Point_of_Impact,Was_Vehicle_Left_Hand_Drive?,Journey_Purpose_of_Driver,Sex_of_Driver,Age_of_Driver,Age_Band_of_Driver,Engine_Capacity_(CC),Propulsion_Code,Age_of_Vehicle,Driver_IMD_Decile,Driver_Home_Area_Type
2014160D01021,1,3,0,7,0,5,1,0,0,0,4,1,2,1,20,4,124,1,15,1,1
2014160D01031,1,1,0,9,0,8,0,0,0,0,1,1,6,1,29,6,-1,-1,-1,2,1
2014160D01031,2,9,0,18,0,5,0,0,0,0,1,1,6,1,29,6,1196,1,19,2,1
2014160D01041,1,1,0,18,0,8,0,0,0,0,4,1,1,1,42,7,-1,-1,-1,4,1
2014160D01041,2,9,0,9,0,6,0,0,0,0,1,1,6,3,-1,-1,-1,-1,-1,-1,-1
2014160D01051,1,9,0,4,0,1,0,0,0,0,0,1,2,1,37,7,1242,1,9,1,1
2014160D01051,2,9,0,2,0,1,0,0,0,0,3,1,2,2,49,8,1998,1,6,-1,-1
2014160D01051,3,2,0,4,0,1,0,0,0,0,1,1,2,1,60,9,102,1,9,3,1
2014160D01061,1,9,0,9,0,6,0,0,0,0,3,1,6,1,21,5,1399,2,3,4,1
2014160D01061,2,3,0,18,0,8,0,0,0,0,1,1,6,1,25,5,123,1,25,1,1
2014160D01071,1,9,0,18,0,0,0,0,0,0,0,1,6,3,-1,-1,-1,-1,-1,-1,-1
2014160D01071,2,1,0,18,0,0,0,0,0,0,4,1,6,1,42,7,-1,-1,-1,3,1
2014160D01081,1,1,0,18,0,1,0,11,0,0,1,1,6,1,54,8,-1,-1,-1,-1,-1
2014160D01101,1,11,0,2,0,2,0,0,0,0,0,1,1,1,24,5,3900,2,10,4,1
2014160D01111,1,9,0,18,0,8,0,0,0,0,1,1,6,2,34,6,1998,2,6,1,1
2014160D01111,2,9,0,3,0,8,0,0,0,0,2,1,6,1,51,8,1598,1,7,-1,1
2014160D01121,1,9,0,18,0,8,0,0,0,0,1,1,2,1,43,7,1248,1,2,6,1
2014160D01121,2,1,0,18,0,8,0,0,0,0,1,1,6,1,9,2,-1,-1,-1,1,1
2014160D01131,1,9,0,18,0,1,0,0,3,7,1,1,6,1,70,10,1956,2,1,1,1
2014160D01141,1,9,0,9,0,5,0,0,0,0,3,1,6,2,38,7,1753,2,13,1,1
2014160D01141,2,9,0,5,0,1,0,0,0,0,1,1,6,2,26,6,1390,1,12,1,1
2014160D01151,1,9,0,7,0,6,0,0,0,0,1,1,2,1,59,9,1389,1,13,1,1
2014160D01151,2,1,0,18,0,8,0,0,0,0,1,1,2,2,40,7,-1,-1,-1,4,1
2014160D01161,1,9,0,18,0,1,0,0,0,0,1,1,6,1,45,7,1461,2,8,10,1
2014160D01161,2,9,0,18,0,1,0,0,0,0,2,1,6,1,32,6,1198,1,10,7,3
2014160D01171,1,19,0,7,0,5,0,0,0,0,4,1,6,1,49,8,2400,2,7,1,1
2014160D01171,2,22,0,18,9,8,0,0,0,0,1,1,6,1,72,10,-1,-1,-1,2,1
2014160D01181,1,8,0,9,0,8,0,0,0,0,1,1,1,1,39,7,1995,2,7,1,1
2014160D01181,2,9,0,18,0,5,0,0,0,0,1,1,6,1,20,4,1229,1,10,1,1
2014160D01191,1,19,0,18,0,8,0,0,7,0,1,1,1,1,24,5,2499,2,14,4,1
2014160D01191,2,9,0,2,0,2,0,0,0,0,1,1,6,3,-1,-1,1149,1,11,-1,-1
2014160D01201,1,9,0,9,0,5,0,0,0,0,1,1,6,2,45,7,1995,2,3,1,1
2014160D01201,2,1,0,18,0,8,0,0,0,0,4,1,1,1,31,6,-1,-1,-1,4,1
2014160D01211,1,9,0,9,0,8,1,10,1,2,1,1,2,1,24,5,1124,1,13,1,1
2014160D01221,1,3,0,18,0,0,0,0,0,0,3,1,6,2,53,8,599,1,18,1,1
2014160D01231,1,9,0,6,0,8,0,0,0,0,1,1,6,2,27,6,1124,1,8,6,1
2014160D01241,1,9,0,18,0,4,1,0,0,0,1,1,6,2,41,7,1560,2,7,5,1
2014160D01241,2,9,0,8,0,4,0,0,0,0,2,1,6,2,44,7,1242,1,8,10,1
2014160D01251,1,9,0,1,0,0,0,0,0,0,2,1,6,2,45,7,1360,1,5,8,1
2014160D01251,2,9,0,2,0,0,0,0,0,0,3,1,6,2,50,8,1839,1,10,10,1
2014160D01261,1,9,0,2,0,1,0,0,0,0,3,1,6,3,-1,-1,-1,-1,-1,-1,-1
2014160D01261,2,1,0,18,0,1,0,0,0,0,4,1,2,1,38,7,-1,-1,-1,9,1
2014160D01271,1,9,0,7,0,6,0,0,0,0,0,1,6,2,37,7,1956,2,2,5,1
2014160D01271,2,22,0,18,0,8,0,0,0,0,0,1,6,1,56,9,-1,-1,-1,2,1
2014160D01281,1,8,0,5,0,0,0,0,0,0,3,1,1,3,-1,-1,-1,-1,-1,-1,-1
2014160D01281,2,1,0,13,0,0,0,0,0,0,4,1,6,1,22,5,-1,-1,-1,1,1
2014160D01291,1,19,0,7,0,5,0,0,0,0,4,1,1,1,56,9,2287,2,4,4,1
2014160D01291,2,1,0,18,4,8,0,0,0,0,3,1,6,1,15,3,-1,-1,-1,1,1
2014160D01301,1,11,0,4,0,1,0,0,0,0,1,1,1,1,59,9,-1,2,15,2,1
2014160D01301,2,9,0,3,0,1,0,0,0,0,2,1,6,2,41,7,1461,2,10,1,1
2014160D01311,1,9,0,18,0,8,0,0,0,0,1,1,6,1,33,6,1984,1,4,10,2
2014160D01311,2,19,0,9,0,6,0,0,0,0,3,1,1,1,43,7,1996,2,2,10,3
2014160D01321,1,9,0,18,0,8,2,10,7,11,3,1,6,1,22,5,999,1,9,1,1
2014160D01331,1,9,0,18,0,0,5,4,7,0,1,1,6,3,-1,-1,1596,1,12,-1,-1
2014160D01331,2,9,0,2,0,0,0,0,0,0,2,1,6,3,-1,-1,1242,1,9,-1,-1
2014160D01331,3,9,0,2,0,0,0,0,0,0,2,1,6,3,-1,-1,973,1,14,-1,-1
2014160D01341,1,9,0,9,0,0,5,10,1,11,1,1,6,1,77,11,1390,1,3,9,1
2014160D01341,2,9,0,18,0,0,0,0,0,0,0,1,6,1,21,5,1399,2,11,3,1
2014160D01351,1,8,0,9,0,8,0,0,0,0,4,1,1,1,50,8,1998,2,7,1,1
2014160D01351,2,9,0,18,0,8,1,0,0,0,1,1,6,2,33,6,1998,2,8,1,1
2014160D01361,1,9,0,18,0,0,0,0,0,0,3,1,1,2,37,7,1995,2,1,1,1
2014160D01371,1,11,0,4,0,0,0,0,0,0,0,1,1,1,40,7,6700,2,4,1,1
2014160D01371,2,9,0,3,0,0,0,0,0,0,0,1,6,3,-1,-1,-1,-1,-1,-1,-1
2014160D01391,1,9,0,18,0,1,0,0,0,0,1,1,6,2,46,8,1391,1,13,5,1
2014160D01391,2,9,0,4,0,1,0,0,0,0,2,1,6,1,32,6,1389,1,10,2,1
2014160D01401,1,9,0,7,0,1,0,0,0,0,3,1,6,2,28,6,1587,1,12,3,1
2014160D01411,1,11,0,4,6,0,0,0,0,0,0,1,1,2,-1,-1,8871,2,12,-1,-1
2014160D01421,1,9,0,18,0,4,0,10,3,0,1,1,6,1,29,6,-1,-1,-1,1,1
2014160D01431,1,19,0,13,0,0,0,0,0,0,3,1,6,3,-1,-1,1998,2,11,-1,-1
2014160D01431,2,9,0,18,0,0,0,0,0,0,3,1,6,1,69,10,1242,1,13,4,1
2014160D01441,1,9,0,9,2,6,0,0,0,0,4,1,6,1,35,6,2000,1,22,7,3
2014160D01441,2,3,0,18,2,1,0,0,0,0,1,1,6,1,20,4,124,1,1,4,1
2014160D01451,1,21,0,11,0,0,0,0,0,0,1,1,1,1,43,7,12419,2,3,-1,1
2014160D01451,2,9,0,18,0,0,1,0,5,6,2,1,6,2,39,7,1796,1,11,-1,-1
2014160D01461,1,9,0,18,0,6,0,0,0,0,3,1,2,2,37,7,1248,1,1,5,1
2014160D01461,2,9,0,18,0,8,0,0,0,0,1,1,6,1,46,8,1588,1,10,5,1
2014160D01471,1,3,0,4,0,8,0,0,0,0,2,1,6,1,18,4,85,1,13,5,1
2014160D01471,2,3,0,18,0,8,0,0,0,0,1,1,6,1,18,4,85,1,28,3,1
2014160D01481,1,9,0,7,0,6,0,0,0,0,1,1,6,2,78,11,1229,1,9,1,1
2014160D01481,2,1,0,18,4,8,0,0,0,0,1,1,6,1,30,6,-1,-1,-1,3,1
2014160D01491,1,1,0,9,0,0,0,0,0,0,1,1,6,1,16,4,-1,-1,-1,1,1
2014160D01491,2,9,0,18,0,0,0,0,0,0,4,1,6,2,26,6,1242,1,11,-1,1
2014160D01501,1,9,0,18,0,0,0,0,0,0,1,1,6,1,19,4,1199,1,10,6,1
2014160D01511,1,9,0,6,0,6,0,0,0,0,3,1,1,1,45,7,1242,1,2,1,1
2014160D01521,1,9,0,8,0,0,0,0,0,0,2,1,1,2,20,4,1299,1,8,6,1
2014160D01521,2,9,0,18,0,0,0,0,0,0,1,1,6,1,20,4,-1,-1,-1,2,1
2014160D01531,1,9,0,7,0,3,1,7,0,0,1,1,6,1,22,5,1397,1,5,7,1
2014160D01541,1,9,0,18,0,1,0,0,0,0,4,1,2,2,51,8,1242,1,2,9,1
2014160D01541,2,1,0,18,0,6,0,0,0,0,1,1,6,1,9,2,-1,-1,-1,1,1
2014160D01551,1,19,0,18,0,1,0,0,0,0,1,1,1,1,34,6,2402,2,4,7,1
2014160D01551,2,9,0,4,0,1,0,0,0,0,2,1,6,1,35,6,-1,-1,-1,9,1
2014160D01561,1,9,0,18,0,1,2,0,7,0,3,1,6,1,24,5,1998,1,9,1,1
2014160D01571,1,9,0,4,0,0,0,0,0,0,1,1,6,1,52,8,1560,2,1,4,1
2014160D01581,1,9,0,18,0,8,0,0,0,0,4,1,6,3,-1,-1,-1,-1,-1,-1,-1
2014160D01581,2,1,0,18,0,8,0,0,0,0,4,1,1,2,17,4,-1,-1,-1,-1,1
2014160D01591,1,9,0,18,0,2,0,0,0,0,1,1,1,1,40,7,-1,-1,-1,5,2
2014160D01591,2,9,0,18,0,2,0,0,0,0,2,1,2,1,51,8,1598,1,1,5,1
2014160D01601,1,9,0,9,0,8,0,0,0,0,4,1,6,1,29,6,1998,1,18,7,1
2014160D01601,2,9,0,18,0,8,0,0,0,0,1,1,1,1,43,7,1560,2,6,5,3
2014160D01611,1,9,0,18,0,1,1,0,0,0,1,1,6,1,24,5,1497,1,11,1,1
2014160D01611,2,9,0,3,0,1,0,0,0,0,2,1,6,1,22,5,1598,1,9,10,1
2014160D01621,1,9,0,18,0,4,0,0,0,0,1,1,6,2,27,6,1299,1,8,1,1
2014160D01621,2,9,0,18,0,1,0,0,0,0,2,1,6,1,-1,-1,1560,2,5,6,1
2014160D01631,1,9,0,5,0,8,0,0,0,0,1,1,6,1,44,7,995,1,9,2,1
2014160D01631,2,1,0,18,0,8,0,0,0,0,4,1,6,1,23,5,-1,-1,-1,1,1
2014160D01641,1,9,0,18,0,8,0,0,0,0,1,1,6,1,19,4,1149,1,7,3,2
2014160D01641,2,9,0,4,0,8,0,0,0,0,2,1,6,2,25,5,1299,1,9,5,2
2014160D01651,1,9,0,7,0,6,0,0,0,0,1,1,2,2,52,8,1997,2,3,2,1
2014160D01651,2,1,0,18,0,8,0,0,0,0,4,1,2,2,31,6,-1,-1,-1,6,1
2014160D01661,1,9,0,18,0,1,0,0,0,0,1,1,6,1,38,7,1783,1,10,4,1
2014160D01671,1,9,0,13,0,0,0,0,0,0,4,1,6,3,-1,-1,-1,-1,-1,-1,-1
2014160D01671,2,1,0,18,0,0,0,0,0,0,3,1,6,2,23,5,-1,-1,-1,5,1
2014160D01681,1,9,0,1,0,1,0,0,0,0,2,1,1,1,35,6,1399,2,3,-1,1
2014160D01691,1,2,0,18,0,8,0,0,0,0,1,1,2,1,17,4,49,1,5,7,3
2014160D01691,2,9,0,18,0,4,0,0,0,0,3,1,2,2,46,8,1686,2,1,-1,1
2014160D01701,1,9,0,18,0,0,0,0,0,0,1,1,6,2,23,5,1360,1,9,1,1
2014160D01701,2,9,0,2,0,0,0,0,0,0,2,1,6,3,40,7,1796,1,8,-1,-1
2014160D01711,1,9,0,16,0,8,0,0,0,0,1,1,6,1,52,8,1199,1,13,-1,-1
2014160D01711,2,9,0,9,0,5,0,0,0,0,1,1,6,2,36,7,1364,1,8,9,2
2014160D01721,1,11,0,18,2,0,0,0,0,0,4,1,1,1,51,8,8268,2,11,1,1
2014160D01731,1,9,0,18,0,8,0,0,0,0,1,1,6,1,31,6,1796,1,10,-1,1
2014160D01731,2,9,0,18,0,8,0,0,0,0,2,1,6,1,59,9,1868,2,13,5,1
2014160D01741,1,9,0,13,0,2,0,0,0,0,1,1,6,1,27,6,1199,1,13,2,1
2014160D01741,2,1,0,13,0,2,0,0,0,0,2,1,6,1,25,5,-1,-1,-1,5,1
2014160D01741,3,11,0,5,0,2,0,0,0,0,3,1,1,1,41,7,-1,-1,-1,3,1
2014160D01751,1,9,0,18,0,1,0,0,0,0,1,1,6,2,20,4,1229,1,9,1,1
2014160D01751,2,9,0,8,0,1,0,0,0,0,2,1,2,2,30,6,1590,1,9,2,1
2014160D01761,1,9,0,9,0,5,0,0,0,0,1,1,6,2,25,5,1360,1,11,-1,-1
2014160D01761,2,2,0,18,0,8,0,0,0,0,3,1,6,1,31,6,49,1,2,4,1
2014160D01771,1,8,0,11,4,0,0,0,0,0,2,1,1,1,46,8,1995,2,6,1,1
2014160D01771,2,1,0,18,4,0,0,0,0,0,1,1,6,2,30,6,-1,-1,-1,3,1
2014160D01791,1,9,0,17,0,0,0,0,0,0,0,1,6,2,46,8,1124,1,8,6,1
2014160D01801,1,4,0,9,0,8,0,0,0,0,1,1,6,1,23,5,125,1,5,1,1
2014160D01801,2,9,0,18,0,8,0,0,0,0,3,1,6,1,39,7,1461,2,1,6,1
2014160D01811,1,9,0,18,0,3,0,0,0,0,1,1,6,3,-1,-1,-1,-1,-1,-1,-1
2014160D01811,2,1,0,9,4,8,0,0,0,0,3,1,6,2,36,7,-1,-1,-1,4,1
2014160D01821,1,19,0,18,0,8,0,0,0,0,1,1,1,1,63,9,2287,2,-1,5,1
2014160D01821,2,9,0,18,0,8,0,0,0,0,1,1,4,1,38,7,1598,1,12,1,1
2014160D01831,1,11,0,9,0,8,0,0,0,0,0,1,1,1,52,8,7300,2,9,1,1
2014160D01841,1,9,0,9,0,6,0,0,0,0,1,1,2,1,43,7,-1,-1,-1,5,1
2014160D01841,2,2,0,18,0,8,0,0,0,0,1,1,2,1,44,7,49,1,1,-1,1
2014160D01851,1,90,0,9,0,6,0,0,0,0,1,1,1,1,41,7,8300,2,16,1,1
2014160D01851,2,9,0,18,0,8,0,0,0,0,4,1,6,1,38,7,1399,2,12,1,1
2014160D01861,1,9,0,7,0,2,0,0,0,0,1,1,3,2,33,6,-1,-1,-1,9,1
2014160D01861,2,4,0,18,4,1,0,0,0,0,1,1,2,1,18,4,124,1,13,9,1
2014160D01871,1,21,0,9,0,8,0,0,0,0,1,1,6,1,62,9,12900,2,4,4,1
2014160D01871,2,3,0,18,0,8,0,0,0,0,1,1,6,1,62,9,125,1,1,1,1
2014160D01881,1,11,0,4,0,2,0,0,0,0,1,1,1,1,38,7,6700,2,2,1,1
2014160D01891,1,9,0,5,0,6,0,0,0,0,0,1,6,1,48,8,1995,2,11,1,1
2014160D01891,2,3,0,18,0,8,0,10,4,0,1,1,6,1,41,7,996,1,15,1,1
2014160D01901,1,9,0,6,0,2,0,0,0,0,3,1,2,1,22,5,1596,1,6,1,1
2014160D01901,2,4,0,14,0,2,0,0,0,0,4,1,6,1,29,6,124,1,3,6,1
2014160D01921,1,4,0,14,0,0,0,0,0,0,1,1,6,2,39,7,124,1,2,1,1
2014160D01931,1,11,0,18,0,0,0,0,0,0,0,1,1,1,52,8,9360,2,5,1,1
2014160D01931,2,9,0,18,0,0,0,10,4,10,3,1,6,2,25,5,1587,1,9,1,1
2014160D01941,1,9,0,18,0,0,0,0,0,0,4,1,6,1,76,11,1242,1,8,9,1
2014160D01941,2,9,0,18,0,0,0,0,0,0,3,1,6,2,23,5,1997,2,11,2,1
2014160D01951,1,1,0,18,0,0,0,10,0,0,4,1,6,1,48,8,-1,-1,-1,1,1
2014160D01951,2,9,0,18,0,0,0,0,0,0,0,1,1,1,39,7,1584,1,6,9,1
2014160D01961,1,9,0,3,0,1,0,0,0,0,2,1,6,2,27,6,998,1,11,1,1
2014160D01961,2,9,0,1,0,1,0,0,0,0,2,1,6,1,27,6,1398,1,2,1,1
2014160D01971,1,9,0,18,0,1,0,0,0,0,1,1,6,1,18,4,1229,1,7,1,1
2014160D01971,2,9,0,18,0,1,0,0,0,0,2,1,6,2,44,7,1598,1,6,9,3
2014160D01981,1,2,0,9,0,1,0,0,0,0,4,1,2,1,17,4,49,1,4,5,1
2014160D01991,1,19,0,18,0,0,0,0,0,0,1,1,1,1,24,5,1461,2,4,8,1
2014160D01991,2,9,0,18,0,0,0,0,0,0,2,1,2,2,38,7,1968,2,4,10,1
2014160D01991,3,9,0,18,0,0,0,0,0,0,2,1,2,2,42,7,1360,1,4,5,1
2014160D01991,4,9,0,18,0,0,0,0,0,0,2,1,6,2,53,8,1560,2,7,6,3
2014160D02001,1,9,0,18,0,4,0,0,0,0,1,1,6,2,52,8,1388,1,7,6,2
2014160D02001,2,9,0,18,0,4,0,0,0,0,2,1,6,1,73,10,1390,1,13,1,1
2014160D02011,1,9,0,1,0,6,0,0,0,0,2,1,2,1,31,6,-1,-1,-1,5,1
2014160D02011,2,8,0,2,0,2,0,0,0,0,0,1,6,3,-1,-1,1560,2,6,-1,-1
2014160D02021,1,9,0,9,0,6,0,0,0,0,1,1,6,1,18,4,998,1,11,5,1
2014160D02021,2,9,0,18,0,8,0,0,0,0,1,1,6,1,40,7,3199,1,11,-1,-1
2014160D02031,1,1,0,18,0,8,0,0,0,0,4,1,3,1,25,5,-1,-1,-1,3,1
2014160D02031,2,9,0,5,0,4,0,0,0,0,1,1,6,3,-1,-1,-1,-1,-1,-1,-1
2014160D02041,1,9,0,18,0,8,0,0,0,0,1,1,6,3,-1,-1,2000,1,8,-1,-1
2014160D02041,2,9,0,18,0,8,0,0,0,0,3,1,6,2,51,8,2204,2,7,9,2
2014160D02051,1,9,0,3,0,1,0,0,0,0,2,1,6,2,32,6,1598,1,12,7,1
2014160D02051,2,9,0,3,0,1,0,0,0,0,2,1,6,2,22,5,1299,1,16,2,1
2014160D02051,3,9,0,18,0,1,0,0,0,0,1,1,6,1,42,7,1870,2,11,3,1
2014160D02061,1,9,0,9,0,4,0,0,0,0,1,1,6,2,54,8,1364,1,5,4,1
2014160D02061,2,1,0,18,0,8,0,0,0,0,4,1,1,1,35,6,-1,-1,-1,8,1
2014160D02071,1,21,1,18,0,8,0,0,0,0,1,1,1,1,37,7,12419,2,6,-1,1
2014160D02071,2,5,0,7,0,8,0,0,0,0,2,1,6,1,44,7,1690,1,1,1,1
2014160D02081,1,3,0,18,0,8,1,0,0,0,0,1,1,1,46,8,125,1,9,9,1
2014160D02081,2,9,0,7,0,8,0,0,0,0,0,1,6,3,-1,-1,1598,1,12,-1,-1
2014160D02091,1,1,0,18,4,1,0,8,0,0,4,1,6,2,24,5,-1,-1,-1,6,1
2014160D02091,2,9,0,2,0,1,0,0,0,0,3,1,6,3,-1,-1,-1,-1,-1,-1,-1
2014160D02101,1,1,0,15,0,1,0,8,0,0,1,1,2,1,27,6,-1,-1,-1,4,1
2014160D02101,2,9,0,3,0,1,0,0,0,0,4,1,6,3,-1,-1,-1,-1,-1,-1,-1
2014160D02111,1,9,0,18,0,0,0,0,0,0,1,1,1,1,57,9,1388,1,15,1,1
2014160D02111,2,9,0,4,0,0,0,0,0,0,2,1,1,1,38,7,1598,1,-1,1,2
2014160D02121,1,11,0,5,0,1,0,0,0,0,4,1,1,3,28,6,8300,2,8,1,1
2014160D02131,1,9,0,18,0,4,0,0,0,0,3,1,6,2,29,6,1598,1,9,6,1
2014160D02131,2,3,0,18,0,8,0,0,0,0,1,1,6,1,17,4,125,1,13,2,1
2014160D02141,1,9,0,18,0,6,0,0,0,0,1,1,6,1,24,5,1323,1,12,1,1
2014160D02141,2,4,0,18,0,8,0,0,0,0,1,1,6,1,17,4,124,1,5,8,1
2014160D02151,1,19,0,12,0,1,0,0,0,0,1,1,6,1,36,7,-1,-1,-1,2,1
2014160D02151,2,9,0,3,0,1,0,0,0,0,4,1,6,2,38,7,1461,2,3,1,1
2014160D02171,1,9,0,4,0,0,0,0,0,0,2,1,1,1,31,6,-1,-1,-1,1,1
2014160D02171,2,9,0,18,0,0,0,0,0,0,1,1,6,1,46,8,1595,1,9,7,1
2014160D02171,3,9,0,4,0,0,0,0,0,0,0,1,6,3,-1,-1,-1,-1,-1,-1,-1
2014160D02181,1,9,0,18,0,1,0,0,0,0,3,1,1,2,56,9,1598,1,11,7,1
2014160D02191,1,4,0,18,0,1,0,0,0,0,1,1,6,2,56,9,125,1,7,6,1
2014160D02191,2,9,0,8,0,1,0,0,0,0,2,1,6,1,29,6,1390,1,4,9,1
2014160D02201,1,9,0,9,0,8,0,0,0,0,1,1,6,1,24,5,1781,1,18,4,1
2014160D02201,2,9,0,18,0,8,0,0,0,0,1,1,6,1,38,7,1995,2,7,4,1
2014160D02211,1,9,0,10,0,8,0,0,0,0,1,1,6,1,37,7,-1,-1,-1,9,1
2014160D02211,2,9,0,18,0,8,0,0,0,0,4,1,6,1,62,9,3628,2,7,5,1
2014160D02221,1,8,0,18,0,0,0,0,0,0,3,1,6,1,-1,-1,1753,2,7,5,1
2014160D02231,1,9,0,7,0,6,0,0,0,0,2,1,6,1,74,10,1199,1,14,2,1
2014160D02231,2,1,0,18,0,8,0,0,0,0,4,1,6,1,56,9,-1,-1,-1,5,1
2014160D02241,1,9,0,18,0,0,1,0,1,2,3,1,6,2,54,8,1242,1,10,7,2
2014160D02241,2,21,1,11,0,0,1,0,0,0,4,1,1,1,51,8,11946,2,6,-1,1
2014160D02251,1,9,0,18,0,1,0,0,0,0,1,1,6,1,20,4,1242,1,12,1,1
2014160D02251,2,9,0,4,0,1,0,0,0,0,2,1,1,2,18,4,1299,1,10,6,1
2014160D02261,1,9,0,1,0,1,0,0,0,0,2,1,6,3,61,9,1598,1,14,1,1
2014160D02271,1,9,0,18,0,2,0,0,0,0,3,1,6,2,20,4,1328,1,8,5,1
2014160D02281,1,8,0,18,0,0,0,0,0,0,1,1,1,1,39,7,1995,2,1,6,1
2014160D02281,2,9,0,3,0,0,0,0,0,0,2,1,6,2,32,6,-1,-1,-1,-1,1
2014160D02281,3,9,0,3,0,0,0,0,0,0,2,1,6,1,44,7,1798,1,10,7,1
2014160D02291,1,9,0,17,0,8,0,0,0,0,1,1,6,2,39,7,1149,1,10,1,1
2014160D02291,2,9,0,16,0,8,0,0,0,0,1,1,6,1,73,10,1896,2,9,7,2
2014160D02301,1,9,0,18,0,8,0,0,0,0,1,1,6,1,29,6,-1,-1,-1,-1,1
2014160D02301,2,9,0,9,0,8,0,0,0,0,1,1,6,2,82,11,1349,1,13,6,1
2014160D02301,3,9,0,10,0,1,0,0,0,0,1,1,6,1,38,7,1997,2,2,-1,1
2014160D02301,4,19,0,3,0,1,0,0,0,0,1,1,6,1,44,7,1968,2,2,1,1
2014160D02311,1,9,0,18,0,2,0,0,0,0,1,1,6,3,-1,-1,-1,-1,-1,-1,-1
2014160D02321,1,1,0,18,0,8,0,0,0,0,3,1,6,2,19,4,-1,-1,-1,2,1
2014160D02321,2,19,0,18,0,1,0,0,0,0,1,1,6,3,-1,-1,-1,-1,-1,-1,-1
2014160D02341,1,4,0,18,0,4,1,0,0,0,0,1,2,2,21,5,125,1,2,1,1
2014160D02361,1,9,0,11,0,0,0,0,0,0,1,1,1,1,25,5,1598,1,16,8,1
2014160D02361,2,9,0,2,0,0,0,0,0,0,2,1,6,3,-1,-1,1390,1,-1,-1,-1
2014160D02361,3,9,0,2,0,0,0,0,0,0,2,1,6,3,-1,-1,1896,2,10,-1,-1
2014160D02361,4,9,0,2,0,0,0,0,0,0,2,1,6,3,-1,-1,1329,1,3,-1,-1
2014160D02361,5,9,0,2,0,0,0,0,0,0,2,1,6,3,-1,-1,1769,1,12,-1,-1
2014160D02371,1,19,0,18,0,1,0,0,0,0,1,1,1,1,33,6,1998,2,8,3,1
2014160D02371,2,9,0,3,0,1,0,0,0,0,2,1,6,1,67,10,1598,1,11,2,1
2014160D02381,1,9,0,5,0,6,0,0,0,0,1,1,6,2,21,5,1399,1,8,5,1
2014160D02381,2,8,0,18,0,8,0,0,0,0,3,1,1,1,53,8,1796,1,8,1,1
2014160D02401,1,9,0,18,0,1,1,0,0,0,1,1,2,2,51,8,1498,1,4,6,3
2014160D02411,1,9,0,1,0,2,0,0,0,0,2,1,6,2,40,7,1598,1,13,1,1
2014160D02431,1,9,0,7,0,5,0,0,0,0,0,1,6,2,34,6,2993,2,9,6,1
2014160D02431,2,1,0,18,0,8,0,0,0,0,0,1,6,2,53,8,-1,-1,-1,-1,1
2014160D02441,1,9,0,7,0,5,0,0,0,0,4,1,6,1,51,8,1149,1,5,4,1
2014160D02441,2,3,0,15,0,8,0,10,1,0,1,1,6,1,30,6,85,1,24,7,1
2014160D02451,1,9,0,18,0,1,0,0,0,0,1,1,6,2,26,6,1364,1,7,-1,1
2014160D02451,2,1,0,18,0,4,0,0,0,0,3,1,2,1,62,9,-1,-1,-1,6,1
2014160D02461,1,9,0,18,0,8,0,0,4,4,3,1,6,2,19,4,1598,1,5,5,1
2014160D02461,2,9,0,9,0,6,0,0,4,0,1,1,6,1,52,8,1796,1,10,1,1
2014160D02471,1,1,0,18,0,0,0,0,0,0,3,1,6,1,34,6,-1,-1,-1,1,1
2014160D02471,2,21,0,18,0,0,0,0,0,0,3,1,1,1,50,8,6693,2,1,4,1
2014160D02481,1,11,0,18,2,2,0,0,0,0,1,1,6,2,44,7,-1,-1,-1,1,1
2014160D02481,2,19,0,18,2,2,0,0,0,0,2,1,6,1,38,7,1560,2,6,-1,1
2014160D02491,1,11,0,2,0,0,0,0,0,0,4,1,1,1,54,8,6871,2,12,3,1
2014160D02501,1,11,0,18,0,8,0,0,0,0,2,1,1,1,21,5,6871,2,4,1,1
2014160D02511,1,9,0,2,0,0,0,0,0,0,3,1,6,1,49,8,1997,2,13,1,1
2014160D02511,2,1,0,18,0,0,0,0,0,0,1,1,2,1,20,4,-1,-1,-1,9,1
2014160D02521,1,3,0,9,0,8,0,0,0,0,4,1,6,1,16,4,49,1,5,5,1
2014160D02521,2,9,0,18,0,8,0,0,0,0,1,1,6,1,46,8,2231,2,1,1,1
2014160D02531,1,9,0,18,0,0,0,0,0,0,1,1,6,1,18,4,1149,1,9,10,1
2014160D02541,1,9,0,18,0,8,0,0,0,0,1,1,6,1,31,6,1240,1,9,2,1
2014160D02541,2,1,0,18,0,8,0,0,0,0,3,1,6,1,35,6,-1,-1,-1,4,1
2014160D02551,1,9,0,9,0,8,0,0,0,0,2,1,2,1,43,7,1753,2,7,3,1
2014160D02551,2,4,0,18,0,8,0,0,0,0,1,1,6,1,17,4,124,1,25,4,1
2014160D02561,1,9,0,11,0,8,0,0,0,0,4,1,6,3,-1,-1,-1,-1,-1,-1,-1
2014160D02571,1,4,0,18,0,8,0,0,0,0,1,1,6,1,32,6,426,1,12,5,1
2014160D02581,1,8,0,18,0,4,1,0,0,0,1,1,6,3,-1,-1,-1,-1,-1,-1,-1
2014160D02581,2,1,0,18,0,8,0,0,0,0,4,1,2,1,48,8,-1,-1,-1,6,1
2014160D02591,1,9,0,18,0,0,0,0,0,0,1,1,2,1,42,7,-1,-1,-1,4,1
2014160D02591,2,1,0,11,0,0,0,0,0,0,2,1,6,1,10,2,-1,-1,-1,1,1