Accident_Index,Vehicle_Reference,Vehicle_Type,Towing_and_Articulation,Vehicle_Manoeuvre,Vehicle_Location-Restricted_Lane,Junction_Location,Skidding_and_Overturning,Hit_Object_in_Carriageway,Vehicle_Leaving_Carriageway,Hit_Object_off_Carriageway,1st_Point_of_Impact,Was_Vehicle_Left_Hand_Drive?,Journey_Purpose_of_Driver,Sex_of_Driver,Age_of_Driver,Age_Band_of_Driver,Engine_Capacity_(CC),Propulsion_Code,Age_of_Vehicle,Driver_IMD_Decile,Driver_Home_Area_Type
2014160D04321,1,9,0,18,0,8,0,0,0,0,1,1,1,2,61,9,1086,1,6,10,2
2014160D04321,2,2,0,9,0,6,0,0,0,0,3,1,6,1,17,4,-1,-1,-1,1,1
2014160D04331,1,1,0,18,0,0,0,4,0,0,1,1,6,1,43,7,-1,-1,-1,9,1
2014160D04331,2,9,0,2,0,0,0,0,0,0,2,1,6,3,-1,-1,1388,1,12,-1,-1
2014160D04341,1,9,0,1,0,1,0,0,0,0,2,1,6,2,32,6,998,1,12,5,1
2014160D04341,2,1,0,9,0,5,0,0,0,0,2,1,6,2,30,6,-1,-1,-1,4,1
2014160D04351,1,21,1,11,0,0,0,0,0,0,4,1,1,1,58,9,12419,2,-1,5,1
2014160D04351,2,9,0,18,0,0,0,0,0,0,3,1,6,2,19,4,1124,1,11,1,1
2014160D04361,1,9,0,18,0,0,0,0,0,0,3,1,6,2,25,5,998,1,8,3,1
2014160D04371,1,21,0,18,0,8,0,0,0,0,1,1,1,1,33,6,11021,2,9,-1,1
2014160D04371,2,9,0,4,0,8,0,0,0,0,2,1,6,2,45,7,1390,1,13,4,1
2014160D04371,3,9,0,12,0,8,0,0,0,0,0,1,6,3,-1,-1,-1,-1,-1,-1,-1
2014160D04381,1,9,0,14,0,8,0,0,0,0,1,1,6,2,64,9,1997,2,12,2,1
2014160D04381,2,9,0,9,0,6,0,0,0,0,3,1,6,2,44,7,1248,1,2,5,1
2014160D04391,1,9,0,18,0,0,0,0,0,0,1,1,6,2,38,7,1598,1,6,10,1
2014160D04391,2,1,0,18,0,0,0,0,0,0,1,1,6,1,42,7,-1,-1,-1,1,1
2014160D04401,1,1,0,18,0,8,0,0,0,0,4,1,6,1,52,8,-1,-1,-1,1,1
2014160D04401,2,9,0,7,0,4,0,0,0,0,1,1,6,3,-1,-1,-1,-1,-1,-1,-1
2014160D04421,1,9,0,5,0,6,0,0,0,0,1,1,2,2,55,8,1910,2,6,9,1
2014160D04421,2,1,0,18,0,8,0,0,0,0,4,1,6,2,48,8,-1,-1,-1,1,1
2014160D04431,1,9,0,18,0,8,0,0,0,0,4,1,6,2,29,6,1598,1,1,9,1
2014160D04441,1,19,0,5,0,1,0,0,0,0,1,1,2,1,22,5,2461,2,3,4,1
2014160D04441,2,9,0,5,0,1,0,0,0,0,2,1,2,1,50,8,-1,-1,-1,-1,1
2014160D04461,1,3,0,15,0,1,0,0,0,0,1,1,6,1,17,4,125,1,9,1,1
2014160D04461,2,9,0,7,0,5,0,0,0,0,4,1,6,1,37,7,1388,1,16,1,1
2014160D04471,1,9,0,18,0,1,0,0,0,0,1,1,6,1,20,4,1339,1,8,7,1
2014160D04471,2,9,0,3,0,1,0,0,0,0,2,1,6,2,42,7,1598,1,5,3,1
2014160D04481,1,9,0,18,0,8,0,0,0,0,3,1,6,1,54,8,1968,2,9,9,1
2014160D04481,2,9,0,18,0,8,0,0,0,0,4,1,1,1,49,8,1686,2,1,10,1
2014160D04481,3,11,0,9,0,8,0,0,0,0,0,1,1,1,45,7,-1,2,14,2,1
2014160D04501,1,9,0,18,0,0,0,0,0,0,1,1,6,2,24,5,1199,1,11,4,1
2014160D04511,1,11,0,4,0,0,0,0,0,0,0,1,1,1,27,6,4500,2,3,1,1
2014160D04521,1,9,0,9,0,5,0,0,0,0,1,1,6,3,-1,-1,-1,-1,-1,-1,-1
2014160D04521,2,1,0,18,0,8,0,0,0,0,1,1,6,1,31,6,-1,-1,-1,3,1
2014160D04531,1,9,0,5,0,4,0,0,0,0,1,1,2,1,52,8,1587,1,8,1,1
2014160D04531,2,1,0,18,0,3,0,0,0,0,2,1,2,2,56,9,-1,-1,-1,1,1
2014160D04541,1,9,0,18,0,1,0,0,0,0,1,1,3,1,29,6,1582,2,2,1,1
2014160D04541,2,9,0,3,0,1,0,0,0,0,2,1,6,2,25,5,1596,1,12,1,1
2014160D04551,1,9,0,4,0,2,0,0,0,0,2,1,6,1,50,8,-1,-1,-1,1,1
2014160D04551,2,9,0,4,0,2,0,0,0,0,2,1,6,2,21,5,1242,1,4,1,1
2014160D04551,3,9,0,18,0,2,0,0,0,0,1,1,6,1,22,5,1870,2,11,-1,-1
2014160D04571,1,9,0,9,0,6,0,0,0,0,0,1,6,3,-1,-1,-1,-1,-1,-1,-1
2014160D04571,2,5,0,18,0,1,1,0,0,0,1,1,6,1,41,7,-1,-1,-1,10,2
2014160D04581,1,9,0,18,0,2,0,0,0,0,1,1,6,1,27,6,998,1,8,1,1
2014160D04591,1,4,0,18,0,0,0,0,0,0,1,1,6,1,41,7,125,1,5,1,1
2014160D04591,2,9,0,2,0,0,0,0,0,0,2,1,6,3,-1,-1,2698,2,6,-1,-1
2014160D04601,1,8,0,18,0,1,0,0,0,0,3,1,6,1,65,9,1896,2,5,9,1
2014160D04611,1,9,0,9,0,4,0,0,0,0,1,1,6,2,18,4,-1,-1,-1,-1,-1
2014160D04611,2,9,0,9,0,4,0,0,0,0,2,1,6,2,48,8,1590,1,15,4,1
2014160D04621,1,9,0,18,0,8,0,0,0,0,0,1,2,2,48,8,1242,1,5,7,3
2014160D04621,2,10,0,9,0,6,0,0,0,0,0,1,1,1,-1,-1,2463,2,10,9,1
2014160D04621,3,9,0,18,0,2,0,0,0,0,0,1,6,1,59,9,1991,2,5,4,1
2014160D04631,1,9,0,2,0,0,0,0,0,0,3,1,2,2,77,11,1240,1,10,1,1
2014160D04631,2,1,0,14,0,0,0,0,0,0,1,1,2,2,19,4,-1,-1,-1,4,1
2014160D04641,1,9,0,9,0,6,0,0,0,0,1,1,6,1,27,6,973,1,13,6,1
2014160D04641,2,1,0,18,0,8,0,0,0,0,4,1,6,1,19,4,-1,-1,-1,1,1
2014160D04651,1,9,0,16,0,4,0,0,0,0,3,1,6,2,-1,-1,1461,2,5,4,1
2014160D04651,2,1,0,18,0,8,0,0,0,0,1,1,6,2,59,9,-1,-1,-1,1,1
2014160D04681,1,9,0,18,0,0,0,0,0,0,4,1,6,2,60,9,1242,1,14,1,1
2014160D04691,1,9,0,4,0,1,0,0,0,0,1,1,1,1,34,6,1896,2,8,5,1
2014160D04691,2,9,0,8,0,1,0,0,0,0,2,1,6,1,26,6,1968,2,4,1,1
2014160D04711,1,1,0,18,0,8,0,0,0,0,4,1,6,1,25,5,-1,-1,-1,4,1
2014160D04711,2,9,0,18,0,4,0,0,0,0,1,1,6,3,-1,-1,-1,-1,-1,-1,-1
2014160D04731,1,11,0,3,0,0,0,0,0,0,0,1,1,1,47,8,-1,2,16,2,1
2014160D04741,1,9,0,4,0,0,0,0,0,0,2,1,6,2,33,6,1998,2,8,1,1
2014160D04741,2,9,0,4,0,0,1,0,0,0,1,1,6,2,22,5,998,1,4,1,1
2014160D04751,1,3,0,9,0,5,1,0,0,0,1,1,6,1,20,4,124,1,8,10,2
2014160D04751,2,9,0,18,0,8,0,0,0,0,1,1,6,1,26,6,1998,1,8,8,1
2014160D04771,1,9,0,18,0,0,0,0,0,0,3,1,6,1,21,5,1595,1,1,6,3
2014160D04771,2,1,0,5,0,0,0,0,0,0,1,1,6,2,63,9,-1,-1,-1,3,1
2014160D04791,1,19,0,18,0,8,0,0,0,0,1,1,6,1,26,6,2148,2,7,8,1
2014160D04791,2,19,0,9,0,8,0,0,0,0,3,1,6,1,52,8,2496,2,14,1,1
2014160D04801,1,9,0,18,0,0,0,0,0,0,1,1,6,1,83,11,1242,1,11,2,1
2014160D04801,2,9,0,2,0,0,0,0,0,0,0,1,6,3,-1,-1,2204,2,8,-1,-1
2014160D04811,1,11,0,5,8,0,0,0,0,0,0,1,1,1,55,8,8268,2,12,1,1
2014160D04821,1,9,0,18,0,8,0,0,0,0,1,1,6,2,30,6,1229,1,1,8,1
2014160D04821,2,9,0,9,0,8,0,0,0,0,4,1,6,2,26,6,1596,1,8,5,1
2014160D04831,1,8,0,6,2,0,0,0,0,0,3,1,1,1,52,8,-1,-1,-1,4,1
2014160D04831,2,9,0,18,0,0,0,0,0,0,1,1,6,2,27,6,1296,1,6,4,1
2014160D04841,1,9,0,17,0,8,0,0,0,0,1,1,6,2,20,4,996,1,1,1,1
2014160D04841,2,9,0,9,0,6,0,0,0,0,1,1,6,1,30,6,1229,1,9,1,1
2014160D04851,1,1,0,18,0,6,0,0,0,0,1,1,6,1,10,2,-1,-1,-1,1,1
2014160D04851,2,9,0,18,0,8,0,0,0,0,3,1,6,1,46,8,1124,1,9,1,1
2014160D04861,1,11,0,18,0,1,0,0,0,0,3,1,1,2,39,7,7300,2,-1,1,1
2014160D04871,1,21,0,4,0,1,0,0,0,0,1,1,6,1,60,9,11705,2,7,1,1
2014160D04871,2,9,0,3,0,1,0,0,0,0,2,1,6,1,23,5,1229,1,-1,4,1
2014160D04881,1,9,0,18,0,0,0,0,0,0,4,1,6,2,56,9,1149,1,10,2,1
2014160D04891,1,9,0,18,0,1,0,0,0,0,4,1,6,2,46,8,1598,1,13,4,1
2014160D04901,1,9,0,9,0,4,0,0,0,0,1,1,6,1,63,9,1798,1,12,1,1
2014160D04901,2,3,0,18,0,8,0,0,0,0,3,1,6,1,27,6,124,1,1,1,1
2014160D04911,1,9,0,18,0,4,0,0,0,0,1,1,6,2,43,7,-1,-1,-1,3,1
2014160D04911,2,5,0,18,0,4,0,0,0,0,1,1,6,1,54,8,1200,1,12,1,1
2014160D04921,1,9,0,18,0,0,0,0,0,0,1,1,6,3,-1,-1,-1,-1,-1,-1,-1
2014160D04931,1,11,0,4,0,0,0,0,0,0,0,1,1,1,55,8,8871,2,12,1,1
2014160D04941,1,9,0,18,0,4,0,0,0,0,2,1,6,3,-1,-1,-1,-1,-1,-1,-1
2014160D04941,2,1,0,18,0,4,0,0,0,0,1,1,6,2,36,7,-1,-1,-1,5,1
2014160D04951,1,9,0,5,0,1,0,0,0,0,1,1,6,2,41,7,1368,1,6,1,1
2014160D04951,2,9,0,3,0,4,0,0,0,0,2,1,6,2,29,6,-1,-1,-1,-1,1
2014160D04961,1,9,0,3,0,1,0,0,0,0,2,1,6,1,51,8,-1,-1,-1,7,1
2014160D04961,2,9,0,18,0,1,0,0,0,0,1,1,6,1,22,5,1968,2,3,10,2
2014160D04971,1,11,0,4,0,6,0,0,0,0,0,1,1,1,47,8,8871,2,12,2,1
2014160D04971,2,9,0,4,0,1,0,0,0,0,0,1,6,3,-1,-1,-1,-1,-1,-1,-1
2014160D04971,3,9,0,9,0,1,0,0,0,0,0,1,6,3,-1,-1,-1,-1,-1,-1,-1
2014160D04981,1,4,0,9,0,8,0,0,0,0,0,1,6,1,21,5,125,1,3,1,1
2014160D04991,1,9,0,9,0,6,0,0,0,0,1,1,6,1,32,6,1850,1,14,1,1
2014160D04991,2,1,0,18,0,8,0,0,0,0,1,1,2,1,31,6,-1,-1,-1,3,1
2014160D05001,1,8,0,9,0,6,0,0,0,0,1,1,6,1,44,7,1560,2,7,5,1
2014160D05011,1,9,0,18,0,0,1,0,0,0,1,1,6,1,51,8,1686,2,13,5,1
2014160D05011,2,1,0,18,0,0,0,0,0,0,2,1,6,2,42,7,-1,-1,-1,6,1
2014160D05021,1,9,0,9,0,8,0,0,0,0,3,1,6,1,28,6,1796,1,6,-1,1
2014160D05021,2,9,0,9,0,8,0,0,0,0,1,1,6,3,-1,-1,-1,-1,-1,-1,-1
2014160D05031,1,9,0,18,0,0,0,0,0,0,1,1,6,1,81,11,1299,1,10,5,1
2014160D05031,2,9,0,2,0,0,0,0,0,0,2,2,6,3,-1,-1,-1,-1,-1,-1,-1
2014160D05031,3,9,0,2,0,0,0,0,0,0,1,2,6,3,-1,-1,-1,-1,-1,-1,-1
2014160D05031,4,9,0,2,0,0,0,0,0,0,3,1,6,3,-1,-1,1586,1,8,-1,-1
2014160D05041,1,9,0,9,0,6,0,0,0,0,0,1,6,2,41,7,1242,1,13,3,1
2014160D05041,2,9,0,18,0,1,0,0,0,0,4,1,6,1,34,6,-1,-1,-1,1,1
2014160D05051,1,9,0,9,0,6,0,0,0,0,1,1,6,1,55,8,1796,1,14,1,1
2014160D05051,2,19,0,18,0,8,0,0,4,4,4,1,6,1,45,7,-1,-1,-1,9,1
2014160D05061,1,1,0,18,0,6,0,0,0,0,1,1,6,2,13,3,-1,-1,-1,1,1
2014160D05061,2,9,0,5,0,6,0,0,0,0,1,1,6,1,37,7,1984,1,12,3,1
2014160D05071,1,9,0,15,0,2,0,0,0,0,1,1,6,1,41,7,1596,1,5,2,1
2014160D05071,2,5,0,15,4,2,0,0,0,0,1,1,6,1,41,7,885,1,19,2,1
2014160D05081,1,4,0,18,0,2,0,0,0,0,1,1,6,1,29,6,398,1,25,4,1
2014160D05081,2,9,0,6,0,2,0,0,0,0,3,1,6,1,45,7,-1,-1,-1,3,1
2014160D05091,1,9,0,18,0,0,0,0,0,0,2,1,6,2,18,4,1242,1,10,1,1
2014160D05091,2,8,0,18,0,0,0,0,0,0,1,1,6,1,48,8,1560,2,5,1,1
2014160D05091,3,9,0,18,0,0,0,0,0,0,1,1,6,1,23,5,1598,1,8,1,1
2014160D05091,4,9,0,18,0,0,0,0,0,0,1,1,6,1,31,6,1796,1,11,4,1
2014160D05101,1,9,0,14,0,0,0,0,0,0,3,1,6,1,66,10,1461,2,1,1,1
2014160D05101,2,3,0,13,0,0,0,0,0,0,1,1,2,1,19,4,124,1,2,1,1
2014160D05111,1,9,0,18,0,1,0,0,7,11,1,1,6,2,26,6,1389,1,17,1,1
2014160D05121,1,9,0,2,0,0,0,0,0,0,2,1,6,3,-1,-1,1596,1,3,-1,-1
2014160D05121,2,1,0,18,0,0,0,0,0,0,1,1,6,1,35,6,-1,-1,-1,3,1
2014160D05131,1,19,0,17,0,0,0,0,0,0,3,1,6,1,37,7,-1,-1,-1,5,2
2014160D05131,2,9,0,16,0,0,0,0,0,0,3,1,6,1,43,7,1598,1,5,3,1
2014160D05141,1,1,0,7,0,6,0,0,0,0,1,1,6,1,30,6,-1,-1,-1,7,1
2014160D05141,2,9,0,3,0,2,0,0,0,0,4,1,6,2,74,10,1240,1,11,1,1
2014160D05151,1,9,0,18,0,1,0,0,0,0,3,1,6,3,-1,-1,-1,-1,-1,-1,-1
2014160D05161,1,9,0,9,0,5,0,0,0,0,1,1,6,2,49,8,1242,1,6,10,1
2014160D05161,2,1,0,18,0,8,0,0,0,0,1,1,6,1,36,7,-1,-1,-1,1,1
2014160D05171,1,20,0,18,0,8,0,0,0,0,1,1,1,1,41,7,4461,2,4,6,1
2014160D05171,2,9,0,18,0,8,0,0,0,0,3,1,6,2,23,5,1598,1,11,2,1
2014160D05181,1,1,0,18,0,1,0,0,0,0,1,1,6,1,41,7,-1,-1,-1,-1,-1
2014160D05181,2,9,0,3,0,1,0,0,0,0,2,1,6,1,48,8,1685,2,1,8,1
2014160D05191,1,9,0,17,0,0,0,0,0,0,4,1,6,3,-1,-1,-1,-1,-1,-1,-1
2014160D05201,1,9,0,9,0,3,0,0,0,0,3,1,2,1,27,6,1796,1,12,-1,1
2014160D05201,2,98,0,11,0,3,0,0,0,0,4,1,1,1,61,9,-1,-1,-1,5,1
2014160D05211,1,9,0,7,0,6,0,0,0,0,1,1,6,1,55,8,1560,2,1,4,1
2014160D05211,2,1,0,18,4,8,0,0,0,0,4,1,6,2,77,11,-1,-1,-1,4,1
2014160D05221,1,3,0,18,0,1,0,0,0,0,1,1,6,1,17,4,124,1,-1,4,1
2014160D05231,1,9,0,7,0,6,0,0,0,0,1,1,6,1,18,4,1149,1,10,1,1
2014160D05231,2,1,0,18,0,8,0,0,0,0,4,1,6,1,29,6,-1,-1,-1,-1,1
2014160D05241,1,8,0,9,0,1,0,7,0,0,3,1,6,1,32,6,-1,-1,-1,1,1
2014160D05251,1,11,0,4,0,0,0,0,0,0,0,1,6,1,27,6,6871,2,12,1,1
2014160D05261,1,22,0,18,0,0,0,0,0,0,1,1,6,3,-1,-1,-1,-1,-1,-1,-1
2014160D05271,1,2,0,7,0,8,0,0,0,0,3,1,2,1,20,4,49,1,3,8,2
2014160D05271,2,9,0,5,0,4,0,0,0,0,4,1,2,2,52,8,998,1,8,7,1
2014160D05281,1,9,0,18,0,1,0,0,0,0,1,1,6,1,35,6,1794,1,11,5,2
2014160D05281,2,9,0,9,0,5,0,0,0,0,2,1,6,2,43,7,1149,1,3,1,1
2014160D05291,1,22,0,18,0,0,0,0,0,0,1,1,6,2,60,9,-1,-1,-1,1,1
2014160D05291,2,9,0,18,0,0,0,0,0,0,1,1,6,2,50,8,1968,2,-1,6,1
2014160D05301,1,9,0,9,0,6,0,0,0,0,1,1,6,1,36,7,1769,1,9,4,1
2014160D05301,2,3,0,18,0,8,0,0,0,0,4,1,6,1,18,4,124,1,1,1,1
2014160D05321,1,21,0,5,0,1,0,0,0,0,4,1,1,1,67,10,10837,2,1,10,1
2014160D05321,2,9,0,4,0,1,0,0,0,0,1,1,6,2,26,6,1299,1,6,7,1
2014160D05331,1,9,0,18,0,8,0,0,0,0,1,1,6,1,58,9,1596,1,2,1,1
2014160D05331,2,9,0,18,0,1,0,0,0,0,3,1,2,2,56,9,1598,1,13,9,1
2014160D05331,3,19,0,18,0,1,0,0,0,0,3,1,1,1,44,7,2460,2,7,9,3
2014160D05341,1,9,0,18,0,0,0,0,0,0,1,1,6,3,-1,-1,-1,-1,-1,-1,-1
2014160D05351,1,11,0,2,0,0,0,0,0,0,0,1,6,2,39,7,7300,2,12,1,1
2014160D05361,1,9,0,5,0,1,0,0,0,0,1,1,6,1,22,5,1242,1,2,-1,1
2014160D05361,2,9,0,3,0,1,0,0,0,0,2,1,2,2,48,8,995,1,1,1,1
2014160D05371,1,8,0,3,0,1,0,0,0,0,2,1,1,1,50,8,1753,2,6,1,1
2014160D05371,2,9,0,18,0,1,0,0,0,0,1,1,6,3,-1,-1,1998,1,11,-1,-1
2014160D05381,1,9,0,2,0,0,0,0,0,0,3,1,6,1,48,8,1956,2,3,4,1
2014160D05381,2,1,0,18,0,0,0,0,0,0,4,1,6,1,30,6,-1,-1,-1,6,1
2014160D05391,1,9,0,12,0,0,0,0,0,0,1,1,6,3,-1,-1,-1,-1,-1,-1,-1
2014160D05391,2,1,0,18,0,0,0,0,0,0,4,1,6,1,54,8,-1,-1,-1,5,1
2014160D05401,1,9,0,18,0,8,0,0,0,0,1,1,6,2,29,6,1390,1,9,5,1
2014160D05401,2,1,0,9,0,5,0,0,0,0,2,1,6,1,32,6,-1,-1,-1,2,1
2014160D05411,1,9,0,9,0,5,0,0,0,0,1,1,6,2,35,6,1598,1,8,1,1
2014160D05411,2,5,0,18,0,8,0,0,0,0,1,1,6,1,64,9,885,1,18,5,1
2014160D05421,1,9,0,9,0,6,0,0,0,0,3,1,6,2,43,7,1329,1,2,3,1
2014160D05421,2,3,0,18,0,1,0,0,0,0,3,1,2,1,53,8,696,1,6,2,1
2014160D05431,1,9,0,18,0,1,0,0,7,11,1,1,6,2,42,7,1199,1,12,8,1
2014160D05431,2,9,0,9,0,5,0,0,0,0,0,1,6,1,64,9,-1,-1,-1,1,1
2014160D05441,1,1,0,18,0,8,0,0,0,0,4,1,6,1,75,10,-1,-1,-1,5,1
2014160D05441,2,11,0,9,0,4,0,0,0,0,1,1,6,1,53,8,8268,2,12,5,3
2014160D05451,1,11,0,7,0,5,0,0,0,0,0,1,6,1,42,7,-1,-1,-1,2,1
2014160D05461,1,9,0,18,0,2,0,0,0,0,1,1,2,1,27,6,1242,1,12,-1,-1
2014160D05471,1,9,0,9,0,5,0,0,0,0,1,1,6,2,32,6,1968,2,6,5,1
2014160D05471,2,5,0,18,0,8,0,0,0,0,1,1,6,1,49,8,998,1,20,1,1
2014160D05481,1,8,0,9,0,6,0,0,0,0,2,1,1,1,53,8,1910,2,7,2,1
2014160D05481,2,90,0,18,0,8,0,0,0,0,1,1,6,1,30,6,-1,-1,-1,1,1
2014160D05491,1,9,0,18,0,0,0,0,0,0,1,1,6,1,21,5,1598,1,4,7,2
2014160D05491,2,9,0,2,0,0,0,0,0,0,2,1,6,3,-1,-1,1598,2,3,-1,-1
2014160D05501,1,19,0,7,0,5,0,0,0,0,4,1,1,1,33,6,2402,2,9,4,1
2014160D05501,2,1,0,18,4,8,0,0,0,0,1,1,6,1,18,4,-1,-1,-1,1,1
2014160D05511,1,9,0,18,0,1,0,0,0,0,4,1,6,3,33,6,1598,1,14,1,1
2014160D05511,2,9,0,18,0,1,0,0,0,0,1,1,6,2,53,8,1388,1,5,8,2
2014160D05521,1,9,0,18,0,0,0,0,0,0,4,1,6,2,84,11,1968,2,4,8,1
2014160D05531,1,21,1,2,0,2,0,0,1,10,4,2,1,3,-1,-1,-1,-1,-1,-1,-1
2014160D05541,1,9,0,12,2,8,0,0,0,0,1,1,6,1,77,11,1598,1,10,5,1
2014160D05541,2,11,0,14,0,8,0,0,0,0,1,1,1,2,57,9,6871,2,4,1,1
2014160D05551,1,9,0,9,0,8,0,0,0,0,1,1,6,1,37,7,1753,2,7,1,1
2014160D05551,2,1,0,18,0,8,0,0,0,0,1,1,6,1,32,6,-1,-1,-1,-1,1
2014160D05561,1,1,0,5,0,0,0,0,0,0,4,1,6,2,66,10,-1,-1,-1,3,1
2014160D05571,1,19,0,7,0,8,0,0,0,0,4,1,1,1,60,9,2402,2,8,7,1
2014160D05571,2,4,0,18,0,8,0,0,0,0,1,1,6,1,51,8,347,1,31,3,1
2014160D05581,1,21,0,18,0,1,0,0,0,0,1,1,6,1,36,7,12777,2,1,5,1
2014160D05581,2,19,0,18,0,1,0,0,0,0,2,1,6,1,21,5,1686,2,11,1,1
2014160D05591,1,9,0,3,0,2,0,0,0,0,1,1,6,2,27,6,1596,1,12,2,1
2014160D05591,2,9,0,18,0,8,0,0,0,0,2,1,6,3,-1,-1,-1,-1,-1,-1,-1
2014160D05601,1,1,0,7,5,5,0,0,0,0,1,1,6,1,29,6,-1,-1,-1,1,1
2014160D05601,2,1,0,4,9,6,0,0,0,0,1,1,6,1,7,2,-1,-1,-1,5,1
2014160D05631,1,8,0,7,0,8,0,0,0,0,3,1,6,1,54,8,1997,2,6,5,1
2014160D05631,2,3,0,18,0,8,0,0,0,0,1,1,6,1,40,7,-1,-1,-1,3,1
2014160D05641,1,9,0,3,0,8,0,0,0,0,3,1,2,1,28,6,1199,1,13,8,1
2014160D05641,2,9,0,10,0,8,0,0,0,0,1,1,2,1,-1,-1,1986,2,4,-1,-1
2014160D05651,1,9,0,7,9,8,0,0,0,0,1,1,6,1,24,5,999,1,12,1,1
2014160D05661,1,9,0,10,0,6,0,0,0,0,1,1,6,1,17,4,1388,1,9,6,1
2014160D05661,2,9,0,9,0,5,0,0,0,0,3,1,6,2,38,7,1956,2,2,5,1
2014160D05671,1,9,0,18,0,4,0,0,0,0,1,1,6,3,-1,-1,-1,-1,-1,-1,-1
2014160D05671,2,1,0,9,0,8,0,0,0,0,1,1,6,1,28,6,-1,-1,-1,1,1
2014160D05681,1,1,0,18,0,8,0,0,0,0,2,1,6,2,21,5,-1,-1,-1,1,1
2014160D05681,2,9,0,9,0,4,0,0,0,0,1,1,6,2,26,6,973,1,12,1,1
2014160D05691,1,1,0,18,4,8,0,0,0,0,1,1,6,2,14,3,-1,-1,-1,6,1
2014160D05691,2,9,0,18,0,8,0,0,0,0,4,1,6,2,50,8,1596,1,7,10,2
2014160D05701,1,9,0,9,0,6,0,0,0,0,1,1,6,1,32,6,1598,1,7,1,1
2014160D05701,2,1,0,18,0,8,0,0,0,0,4,1,6,2,47,8,-1,-1,-1,1,1
2014160D05711,1,9,0,18,0,8,0,0,0,0,1,1,6,1,20,4,1108,1,12,1,1
2014160D05711,2,9,0,7,0,5,0,0,0,0,2,1,6,1,25,5,1956,2,-1,7,3
2014160D05721,1,9,0,18,0,0,0,10,7,0,1,1,6,2,80,11,1596,1,1,2,1
2014160D05721,2,9,0,2,0,0,0,0,0,0,2,1,6,2,34,6,1598,1,8,-1,-1
2014160D05721,3,9,0,2,0,0,0,0,0,0,4,1,6,1,70,10,1598,1,3,7,1
2014160D05731,1,9,0,9,0,5,0,0,0,0,3,1,6,1,66,10,1799,1,4,6,1
2014160D05731,2,1,0,18,0,8,0,0,0,0,2,1,6,1,66,10,-1,-1,-1,1,1
2014160D05741,1,21,1,18,0,0,0,0,0,0,0,1,6,1,57,9,-1,-1,-1,-1,-1
2014160D05741,2,9,0,12,0,0,0,0,0,0,3,1,6,2,25,5,998,1,7,8,2
2014160D05741,3,9,0,12,0,0,0,0,0,0,4,1,6,1,54,8,1995,2,4,6,3
2014160D05751,1,9,0,18,0,0,0,0,1,4,1,1,6,1,19,4,1588,1,14,1,1
2014160D05761,1,9,0,18,9,2,0,0,0,0,4,1,6,3,-1,-1,-1,-1,-1,-1,-1
2014160D05771,1,19,0,9,0,5,0,0,0,0,4,1,1,1,30,6,1248,2,1,9,3
2014160D05771,2,3,0,18,0,8,0,0,0,0,1,1,2,1,19,4,125,1,-1,6,2
2014160D05781,1,9,0,10,0,1,0,0,0,0,2,1,2,2,28,6,1598,1,7,1,1
2014160D05781,2,9,0,18,0,1,0,0,0,0,1,1,6,3,-1,-1,1997,2,11,-1,-1
2014160D05791,1,9,0,9,0,8,0,0,0,0,1,1,6,1,36,7,-1,-1,-1,5,1
2014160D05791,2,3,0,18,0,8,0,0,0,0,1,1,6,1,22,5,85,1,20,3,1
2014160D05801,1,9,0,14,0,0,0,0,0,0,3,1,6,1,17,4,1149,1,14,5,1
2014160D05801,2,9,0,14,0,0,0,0,0,0,3,1,6,2,38,7,1596,1,12,5,1
2014160D05811,1,9,0,9,0,8,0,0,0,0,4,1,6,2,69,10,1248,1,5,6,1
2014160D05811,2,1,0,18,2,8,0,0,0,0,1,1,6,1,45,7,-1,-1,-1,2,1
2014160D05821,1,9,0,18,4,8,0,0,0,0,1,1,2,1,24,5,1229,1,2,1,1
2014160D05821,2,1,0,9,0,8,0,0,0,0,4,1,6,1,49,8,-1,-1,-1,6,1
2014160D05831,1,9,0,9,0,5,0,0,0,0,4,1,6,1,25,5,1995,1,6,8,2
2014160D05831,2,1,0,18,0,8,0,0,0,0,1,1,6,1,27,6,-1,-1,-1,5,1
2014160D05841,1,9,0,18,0,0,0,0,0,0,4,1,6,1,55,8,1870,2,11,1,1
2014160D05851,1,9,0,18,0,0,0,0,0,0,1,1,1,1,62,9,1998,2,7,1,1
2014160D05861,1,9,0,18,0,0,0,0,0,0,4,1,6,2,32,6,1896,2,10,-1,-1
2014160D05861,2,1,0,18,0,0,0,0,0,0,1,1,6,1,25,5,-1,-1,-1,-1,1
2014160D05871,1,9,0,9,0,8,0,0,0,0,1,1,2,1,27,6,1124,1,13,1,1
2014160D05871,2,1,0,9,0,8,0,0,0,0,1,1,2,1,45,7,-1,-1,-1,1,1
2014160D05881,1,9,0,9,0,6,0,0,0,0,1,1,2,1,20,4,998,1,6,9,1
2014160D05881,2,5,0,18,0,8,0,0,0,0,3,1,6,2,38,7,599,1,7,6,1
2014160D05891,1,9,0,7,0,5,0,0,0,0,4,1,6,1,59,9,1761,1,14,4,1
2014160D05891,2,1,0,18,4,8,0,0,0,0,1,1,2,1,56,9,-1,-1,-1,4,1
2014160D05901,1,19,0,18,0,2,0,0,0,0,1,1,6,1,26,6,2198,2,-1,5,1
2014160D05911,1,9,0,9,0,8,0,0,0,0,4,1,6,1,52,8,2204,2,5,8,1
2014160D05911,2,9,0,18,0,8,0,0,0,0,1,1,6,1,44,7,1998,2,13,4,1
2014160D05921,1,9,0,7,0,8,0,0,0,0,1,1,6,3,-1,-1,-1,-1,-1,-1,-1
2014160D05921,2,11,0,18,0,8,0,0,0,0,4,1,6,1,53,8,9360,2,5,9,1