Accident_Index,Vehicle_Reference,Vehicle_Type,Towing_and_Articulation,Vehicle_Manoeuvre,Vehicle_Location-Restricted_Lane,Junction_Location,Skidding_and_Overturning,Hit_Object_in_Carriageway,Vehicle_Leaving_Carriageway,Hit_Object_off_Carriageway,1st_Point_of_Impact,Was_Vehicle_Left_Hand_Drive?,Journey_Purpose_of_Driver,Sex_of_Driver,Age_of_Driver,Age_Band_of_Driver,Engine_Capacity_(CC),Propulsion_Code,Age_of_Vehicle,Driver_IMD_Decile,Driver_Home_Area_Type
2014160D05931,1,9,0,7,0,8,0,0,0,0,4,1,6,3,-1,-1,-1,-1,-1,-1,-1
2014160D05931,2,1,0,18,4,8,0,0,0,0,1,1,2,2,21,5,-1,-1,-1,9,2
2014160D05941,1,9,0,17,0,0,0,0,0,0,1,1,6,2,49,8,1200,1,1,6,1
2014160D05941,2,1,0,16,0,0,0,0,0,0,1,1,6,1,32,6,-1,-1,-1,1,1
2014160D05951,1,97,0,9,0,8,0,0,0,0,0,1,6,3,-1,-1,-1,-1,-1,-1,-1
2014160D05951,2,9,0,18,0,8,0,0,0,0,0,1,6,2,32,6,-1,-1,-1,6,1
2014160D05961,1,19,0,16,0,0,0,0,0,0,3,1,1,3,-1,-1,-1,-1,-1,-1,-1
2014160D05961,2,1,0,17,0,0,0,0,0,0,3,1,6,1,13,3,-1,-1,-1,1,1
2014160D05971,1,1,0,18,0,0,0,0,0,0,1,1,6,1,11,3,-1,-1,-1,5,1
2014160D05971,2,9,0,18,0,0,0,0,0,0,4,1,6,3,-1,-1,-1,-1,-1,-1,-1
2014160D05981,1,1,0,14,0,0,0,4,0,0,1,1,2,1,21,5,-1,-1,-1,-1,1
2014160D05981,2,9,0,13,0,0,0,0,0,0,0,1,6,3,-1,-1,-1,-1,-1,-1,-1
2014160D05981,3,9,0,2,0,0,0,0,0,0,3,1,6,3,-1,-1,1896,2,13,-1,-1
2014160D05991,1,9,0,18,0,0,0,0,0,0,1,1,2,1,51,8,1596,1,10,4,1
2014160D05991,2,9,0,4,0,0,0,0,0,0,2,1,6,2,61,9,1299,1,6,4,1
2014160D06001,1,9,0,18,0,0,0,0,0,0,1,1,2,1,31,6,1124,1,13,2,1
2014160D06011,1,9,0,9,0,6,0,0,0,0,3,1,6,1,52,8,1598,1,7,3,1
2014160D06011,2,8,0,18,0,8,0,0,0,0,1,1,1,1,58,9,1997,2,3,6,1
2014160D06021,1,9,0,18,0,8,0,0,0,0,1,1,6,2,55,8,1360,1,12,5,1
2014160D06031,1,9,0,9,0,5,0,0,0,0,1,1,6,1,77,11,1598,1,11,3,1
2014160D06031,2,9,0,18,0,8,1,0,0,0,1,1,6,1,46,8,1995,2,10,1,1
2014160D06041,1,9,0,18,0,0,0,0,0,0,4,1,6,2,25,5,998,1,8,1,1
2014160D06041,2,1,0,18,0,0,0,0,0,0,1,1,6,1,21,5,-1,-1,-1,1,1
2014160D06051,1,9,0,9,2,5,0,0,0,0,4,1,6,1,23,5,1781,1,14,2,1
2014160D06051,2,2,0,18,2,8,0,0,0,0,1,1,6,1,16,4,49,1,1,9,3
2014160D06071,1,1,0,16,0,0,0,10,7,0,1,1,6,1,49,8,-1,-1,-1,6,1
2014160D06081,1,9,0,7,0,6,0,0,0,0,1,1,6,1,40,7,1598,1,3,8,1
2014160D06081,2,1,0,18,0,8,0,0,0,0,4,1,6,2,32,6,-1,-1,-1,5,1
2014160D06091,1,1,0,18,0,6,0,0,0,0,1,1,6,1,15,3,-1,-1,-1,1,1
2014160D06091,2,9,0,18,0,8,0,0,0,0,4,1,2,2,31,6,1149,1,8,2,1
2014160D06101,1,9,0,18,0,3,0,10,1,0,4,1,6,3,-1,-1,-1,-1,-1,-1,-1
2014160D06101,2,1,0,18,9,1,0,0,0,0,4,1,2,1,32,6,-1,-1,-1,5,1
2014160D06111,1,9,0,18,0,1,0,0,0,0,2,1,6,2,23,5,1596,1,16,9,1
2014160D06111,2,9,0,18,0,1,0,0,0,0,1,1,6,2,19,4,-1,-1,-1,7,1
2014160D06111,3,9,0,18,0,1,0,0,0,0,2,1,6,3,-1,-1,-1,-1,-1,-1,-1
2014160D06111,4,19,0,18,0,1,0,0,0,0,0,1,6,3,-1,-1,-1,-1,-1,-1,-1
2014160D06131,1,9,0,4,0,0,0,0,0,0,2,1,6,2,34,6,1798,1,13,-1,-1
2014160D06131,2,9,0,18,0,0,0,0,0,0,1,1,6,1,24,5,1999,1,7,4,1
2014160D06141,1,9,0,7,0,4,0,0,0,0,1,1,2,2,53,8,1598,1,1,-1,1
2014160D06141,2,1,0,18,0,8,0,0,0,0,2,1,2,1,55,8,-1,-1,-1,7,3
2014160D06151,1,9,0,9,0,6,0,0,0,0,3,1,2,1,41,7,-1,-1,-1,4,1
2014160D06151,2,3,0,18,0,1,0,0,0,0,1,1,2,1,21,5,124,1,20,1,1
2014160D06181,1,9,0,7,0,5,0,0,0,0,1,1,6,1,61,9,1896,2,12,1,1
2014160D06191,1,9,0,18,0,0,0,0,0,0,3,1,6,1,32,6,1242,1,12,1,1
2014160D06191,2,3,0,18,0,0,0,0,0,0,3,1,6,1,17,4,125,1,12,-1,1
2014160D06201,1,9,0,18,0,1,0,0,0,0,1,1,6,2,47,8,1198,1,5,4,1
2014160D06201,2,9,0,18,0,1,0,0,0,0,2,1,6,1,42,7,1988,1,13,6,1
2014160D06201,3,9,0,10,0,5,0,0,0,0,2,1,6,2,29,6,998,1,8,-1,1
2014160D06211,1,9,0,18,0,0,0,0,0,0,3,1,6,2,74,10,1360,1,9,-1,1
2014160D06211,2,21,0,18,0,0,0,0,0,0,3,1,1,1,43,7,-1,-1,-1,1,1
2014160D06221,1,11,0,18,0,0,0,0,0,0,3,1,1,1,35,6,6700,2,3,2,1
2014160D06221,2,9,0,2,0,0,0,0,0,0,1,1,1,2,52,8,1240,1,9,2,1
2014160D06231,1,11,0,4,0,1,0,0,0,0,4,1,1,1,31,6,8268,2,12,3,1
2014160D06251,1,9,0,5,0,6,0,0,0,0,1,1,6,1,57,9,1997,1,2,4,1
2014160D06251,2,1,0,18,0,8,0,0,0,0,4,1,6,2,54,8,-1,-1,-1,1,1
2014160D06261,1,9,0,7,0,5,0,0,0,0,1,1,6,1,60,9,1599,1,9,1,1
2014160D06271,1,9,0,18,0,0,0,0,0,0,3,1,6,3,-1,-1,-1,-1,-1,-1,-1
2014160D06281,1,9,0,18,0,8,0,0,0,0,1,1,1,2,67,10,1149,1,13,7,1
2014160D06281,2,1,0,18,0,8,0,0,0,0,2,1,1,1,50,8,-1,-1,-1,8,1
2014160D06291,1,9,0,11,0,1,0,0,0,0,0,1,6,1,-1,-1,1461,2,4,-1,-1
2014160D06291,2,11,0,5,0,1,0,0,0,0,0,1,6,1,61,9,9360,2,5,5,1
2014160D06301,1,9,0,9,0,5,0,0,7,11,3,1,6,1,58,9,1998,2,9,5,1
2014160D06301,2,9,0,13,0,1,0,0,0,0,4,1,1,1,48,8,1598,2,-1,5,3
2014160D06311,1,4,0,18,0,0,0,0,0,0,4,1,2,2,48,8,249,1,20,8,2
2014160D06321,1,1,0,18,0,8,0,0,0,0,4,1,2,2,57,9,-1,-1,-1,5,1
2014160D06321,2,9,0,18,0,4,0,0,0,0,1,1,2,2,60,9,1398,2,11,1,1
2014160D06331,1,9,0,18,0,1,0,0,0,0,1,1,6,2,45,7,1391,1,18,1,1
2014160D06331,2,9,0,9,0,8,0,0,0,0,4,1,6,2,46,8,1794,1,9,5,1
2014160D06331,3,9,0,3,0,1,0,0,0,0,1,1,6,1,43,7,1896,2,11,1,1
2014160D06331,4,19,0,10,0,2,0,0,0,0,0,1,6,3,-1,-1,-1,-1,-1,-1,-1
2014160D06341,1,9,0,18,0,0,0,0,0,0,4,1,6,1,24,5,1796,1,15,1,1
2014160D06341,2,8,0,2,6,0,0,0,0,0,0,1,1,3,-1,-1,1753,2,6,-1,-1
2014160D06351,1,9,0,1,9,6,0,0,0,0,2,1,6,1,51,8,1493,2,8,5,1
2014160D06361,1,4,0,9,0,6,0,0,0,0,4,1,6,1,21,5,124,1,14,1,1
2014160D06361,2,9,0,9,0,6,0,0,0,0,3,1,6,3,-1,-1,-1,-1,-1,-1,-1
2014160D06371,1,9,0,4,0,1,0,0,0,0,3,1,6,1,40,7,2985,2,8,10,2
2014160D06371,2,1,0,18,0,1,0,0,0,0,1,1,6,1,48,8,-1,-1,-1,2,1
2014160D06381,1,9,0,18,0,2,0,0,0,0,1,1,1,1,33,6,1685,2,1,3,1
2014160D06391,1,19,0,11,0,1,0,0,0,0,1,1,6,1,63,9,-1,-1,-1,7,1
2014160D06391,2,9,0,18,0,1,0,0,0,0,2,1,6,1,33,6,998,1,1,1,1
2014160D06401,1,9,0,18,0,8,0,0,0,0,1,1,6,1,48,8,1596,1,11,1,1
2014160D06401,2,9,0,18,0,8,0,0,0,0,3,1,6,1,54,8,1587,1,7,6,1
2014160D06411,1,9,0,4,0,0,0,0,0,0,2,1,6,2,40,7,1198,1,4,6,3
2014160D06411,2,19,0,18,0,0,0,0,0,0,1,1,6,3,-1,-1,-1,-1,-1,-1,-1
2014160D06421,1,9,0,9,0,8,0,0,0,0,1,1,2,1,55,8,1984,1,8,9,1
2014160D06421,2,1,0,18,0,8,0,0,0,0,4,1,2,2,48,8,-1,-1,-1,1,1
2014160D06431,1,11,0,18,0,2,0,0,0,0,0,1,2,2,46,8,9360,2,-1,2,1
2014160D06431,2,9,0,11,0,2,0,0,0,0,0,1,6,3,-1,-1,-1,-1,-1,-1,-1
2014160D06441,1,9,0,18,0,8,0,0,0,0,1,1,6,3,-1,-1,-1,-1,-1,-1,-1
2014160D06441,2,9,0,9,0,6,0,0,0,0,3,1,6,2,28,6,1299,1,11,-1,1
2014160D06461,1,8,0,5,0,0,0,0,0,0,0,1,1,1,66,10,1998,2,7,6,1
2014160D06471,1,8,0,1,0,0,0,0,0,0,0,1,1,1,36,7,1560,2,7,1,1
2014160D06481,1,9,0,7,0,6,0,0,0,0,1,1,6,2,28,6,2521,1,8,8,2
2014160D06481,2,1,0,18,0,8,0,0,0,0,4,1,3,2,41,7,-1,-1,-1,1,1
2014160D06491,1,2,0,4,0,0,1,0,0,0,4,1,6,1,20,4,-1,-1,-1,1,1
2014160D06501,1,9,0,9,0,6,0,0,0,0,1,1,6,2,25,5,1000,1,-1,3,1
2014160D06501,2,2,0,18,0,8,0,0,0,0,2,1,6,1,16,4,49,1,8,-1,1
2014160D06511,1,9,0,9,0,6,0,0,0,0,1,1,2,1,53,8,1794,1,9,1,1
2014160D06511,2,1,0,18,0,8,0,0,0,0,3,1,2,1,39,7,-1,-1,-1,-1,1
2014160D06521,1,9,0,18,0,1,0,0,7,11,1,1,6,1,48,8,1598,1,9,7,1
2014160D06521,2,9,0,7,0,6,0,0,0,0,0,1,6,3,-1,-1,-1,-1,-1,-1,-1
2014160D06531,1,9,0,14,0,0,5,0,0,0,1,1,6,2,23,5,1242,1,2,7,3
2014160D06531,2,9,0,2,0,0,0,10,0,0,2,1,6,2,30,6,1587,1,9,-1,-1
2014160D06531,3,9,0,18,0,0,0,0,0,0,1,1,6,1,61,9,1584,1,9,1,1
2014160D06531,4,9,0,18,0,0,0,0,0,0,0,1,6,3,-1,-1,-1,-1,-1,-1,-1
2014160D06541,1,9,0,9,0,4,0,0,0,0,1,1,2,1,61,9,-1,-1,-1,2,1
2014160D06541,2,1,0,9,0,4,0,0,0,0,2,1,2,1,48,8,-1,-1,-1,2,1
2014160D06551,1,9,0,7,0,6,0,0,0,0,1,1,6,2,38,7,1587,1,10,1,1
2014160D06551,2,1,0,18,0,8,0,0,0,0,4,1,6,1,55,8,-1,-1,-1,4,1
2014160D06561,1,9,0,18,0,0,0,0,0,0,4,1,6,1,61,9,1360,1,2,1,1
2014160D06561,2,9,0,2,0,0,0,0,0,0,2,1,6,3,-1,-1,1956,2,4,-1,-1
2014160D06561,3,9,0,2,0,0,0,0,0,0,2,1,6,3,-1,-1,996,1,1,-1,-1
2014160D06561,4,9,0,2,0,0,0,0,0,0,2,1,6,3,-1,-1,1989,1,10,-1,-1
2014160D06571,1,1,0,18,0,6,0,0,0,0,3,1,6,1,17,4,-1,-1,-1,1,1
2014160D06571,2,9,0,18,0,8,0,0,0,0,1,1,6,2,27,6,1997,1,9,2,1
2014160D06581,1,21,0,18,0,0,0,0,0,0,1,1,1,1,49,8,6370,2,8,7,2
2014160D06581,2,5,0,13,0,0,0,0,0,0,2,1,6,1,63,9,998,1,7,6,1
2014160D06591,1,9,0,3,0,1,0,0,0,0,2,1,6,1,22,5,1910,2,10,9,1
2014160D06591,2,9,0,18,0,1,0,0,0,0,1,1,6,1,43,7,1998,1,14,3,1
2014160D06601,1,9,0,18,0,8,0,10,1,2,3,1,6,1,28,6,1998,2,6,1,1
2014160D06601,2,1,0,18,0,6,0,0,0,0,4,1,6,1,8,2,-1,-1,-1,1,1
2014160D06611,1,9,0,7,0,6,0,0,0,0,1,1,6,2,-1,-1,1794,1,11,6,1
2014160D06611,2,1,0,18,0,8,0,0,0,0,4,1,2,2,37,7,-1,-1,-1,6,1
2014160D06621,1,9,0,18,0,8,0,0,0,0,2,1,6,2,28,6,2993,2,7,5,1
2014160D06621,2,9,0,9,0,6,0,0,0,0,1,1,6,2,31,6,1149,1,13,1,1
2014160D06631,1,19,0,4,0,1,0,0,0,0,1,1,2,1,54,8,1686,2,3,4,2
2014160D06631,2,1,0,18,0,6,0,0,0,0,2,1,2,1,20,4,-1,-1,-1,4,1
2014160D06641,1,9,0,7,0,6,0,0,0,0,1,1,6,2,35,6,1997,2,10,6,1
2014160D06641,2,1,0,18,4,8,0,0,0,0,2,1,2,1,60,9,-1,-1,-1,1,1
2014160D06651,1,1,0,18,0,8,0,0,0,0,1,1,6,2,49,8,-1,-1,-1,1,1
2014160D06651,2,19,0,18,0,1,0,0,0,0,3,1,1,1,35,6,2402,2,6,8,2
2014160D06671,1,9,0,18,0,0,0,0,0,0,1,1,6,1,35,6,998,1,9,1,1
2014160D06671,2,2,0,4,0,0,0,0,0,0,2,1,3,1,16,4,49,1,18,5,1
2014160D06681,1,9,0,7,9,6,0,0,0,0,1,1,6,3,-1,-1,-1,-1,-1,-1,-1
2014160D06681,2,1,0,18,9,1,0,0,0,0,3,1,6,2,18,4,-1,-1,-1,-1,-1
2014160D06691,1,8,0,2,0,0,0,0,0,0,2,1,2,2,44,7,1560,2,6,4,1
2014160D06691,2,9,0,18,0,0,0,0,0,0,1,1,6,3,-1,-1,-1,-1,-1,-1,-1
2014160D06701,1,9,0,2,0,0,0,0,0,0,3,1,6,1,51,8,1598,1,15,1,1
2014160D06701,2,1,0,18,0,0,0,0,0,0,1,1,6,2,25,5,-1,-1,-1,6,1
2014160D06711,1,9,0,18,0,2,0,0,0,0,3,1,6,1,55,8,1997,2,7,7,3
2014160D06721,1,3,0,9,0,3,1,0,0,0,0,1,6,1,18,4,125,1,4,2,1
2014160D06731,1,21,1,3,0,1,0,0,0,0,1,1,6,1,54,8,12777,2,2,4,1
2014160D06741,1,9,0,18,0,0,0,0,0,0,1,1,6,1,47,8,1998,1,9,-1,1
2014160D06741,2,19,0,18,0,0,0,0,0,0,4,1,6,1,30,6,2198,2,5,2,1
2014160D06741,3,9,0,18,0,0,0,0,0,0,2,1,6,1,51,8,998,1,16,4,1
2014160D06751,1,9,0,9,0,4,0,0,0,0,3,1,1,1,49,8,996,1,1,1,1
2014160D06751,2,1,0,18,0,8,0,0,0,0,1,1,2,1,31,6,-1,-1,-1,1,1
2014160D06761,1,19,0,9,0,1,0,0,0,0,3,1,6,1,47,8,2300,2,10,10,3
2014160D06761,2,2,0,18,0,1,0,0,0,0,1,1,6,1,24,5,49,1,11,1,1
2014160D06771,1,9,0,18,0,2,0,0,0,0,1,1,6,1,22,5,1686,2,-1,1,1
2014160D06771,2,9,0,18,0,2,0,0,0,0,2,1,6,2,36,7,1206,1,4,5,1
2014160D06781,1,9,0,2,0,1,0,0,0,0,3,1,3,2,23,5,1299,1,12,1,1
2014160D06791,1,19,0,1,0,0,0,0,0,0,2,1,1,1,34,6,1686,2,9,5,1
2014160D06801,1,9,0,16,0,0,0,0,0,0,4,1,6,1,49,8,1242,1,6,5,1
2014160D06811,1,9,0,10,0,1,0,0,0,0,2,1,1,2,40,7,1560,2,3,4,1
2014160D06811,2,9,0,18,0,1,0,0,0,0,0,1,6,1,46,8,1242,1,13,1,1
2014160D06821,1,11,0,18,0,1,0,0,0,0,0,1,1,1,27,6,8871,2,12,-1,-1
2014160D06831,1,8,0,18,0,8,0,0,0,0,0,1,1,1,37,7,1997,2,7,2,1
2014160D06851,1,9,0,9,0,6,0,0,0,0,1,1,1,1,35,6,-1,-1,-1,1,1
2014160D06851,2,9,0,18,0,1,0,0,0,0,4,1,6,2,25,5,1796,1,15,3,1
2014160D06861,1,9,0,7,0,6,0,0,0,0,1,1,6,1,-1,-1,1124,1,9,1,1
2014160D06861,2,9,0,18,0,8,0,0,0,0,4,1,6,1,36,7,1560,2,-1,1,1
2014160D06871,1,19,0,1,0,2,0,0,0,0,2,1,6,1,20,4,1868,2,10,2,1
2014160D06871,2,9,0,18,0,1,0,0,0,0,1,1,3,2,36,7,1386,1,8,2,1
2014160D06881,1,9,0,18,0,0,0,0,4,0,1,1,6,1,77,11,-1,-1,-1,4,1
2014160D06881,2,9,0,18,0,0,0,0,0,0,2,1,6,2,33,6,1995,1,7,9,2
2014160D06891,1,9,0,9,0,8,0,0,0,0,1,1,6,2,44,7,1991,2,5,10,2
2014160D06891,2,3,0,18,0,8,0,0,0,0,4,1,6,1,18,4,-1,-1,-1,10,2
2014160D06891,3,9,0,3,0,1,0,0,0,0,0,1,6,1,47,8,2720,2,8,-1,1
2014160D06901,1,11,0,18,0,1,0,0,0,0,2,1,6,1,55,8,6700,2,3,1,1
2014160D06911,1,1,0,18,5,0,0,0,0,0,4,1,6,1,47,8,-1,-1,-1,1,1
2014160D06921,1,9,0,7,0,1,0,0,0,0,1,1,6,1,56,9,1998,2,8,5,1
2014160D06921,2,1,0,18,4,1,0,0,0,0,4,1,6,2,22,5,-1,-1,-1,5,1
2014160D06931,1,9,0,8,0,3,0,0,0,0,3,1,6,1,42,7,1997,2,6,6,1
2014160D06931,2,1,0,18,0,3,0,0,0,0,1,1,6,1,25,5,-1,-1,-1,7,1
2014160D06941,1,9,0,9,0,8,0,0,0,0,1,1,2,2,29,6,1229,1,8,10,1
2014160D06941,2,4,0,18,0,8,0,0,0,0,1,1,2,1,55,8,-1,-1,-1,-1,1
2014160D06951,1,9,0,1,0,8,0,0,0,0,2,1,6,2,33,6,1956,2,1,1,1
2014160D06961,1,9,0,9,0,6,0,0,0,0,1,1,6,2,30,6,1396,1,2,1,1
2014160D06961,2,3,0,18,0,1,0,0,0,0,1,1,1,1,33,6,124,1,1,1,1
2014160D06971,1,9,0,18,0,1,0,0,0,0,3,1,6,2,43,7,1796,1,5,8,1
2014160D06971,2,9,0,10,0,1,0,0,0,0,4,1,6,2,23,5,1240,1,9,4,1
2014160D06971,3,1,0,18,0,6,0,0,0,0,1,1,6,1,20,4,-1,-1,-1,1,1
2014160D06981,1,9,0,4,0,0,0,0,0,0,1,1,6,2,39,7,1796,1,10,7,3
2014160D06981,2,9,0,3,0,0,0,0,0,0,2,1,1,1,43,7,2199,2,3,-1,1
2014160D06991,1,9,0,18,0,2,0,0,0,0,0,1,6,1,29,6,1956,2,1,1,1
2014160D07001,1,9,0,9,0,8,0,0,0,0,1,1,6,1,-1,-1,1587,1,12,1,1
2014160D07001,2,1,0,18,0,8,0,0,0,0,4,1,6,1,28,6,-1,-1,-1,1,1
2014160D07011,1,9,0,18,0,0,0,0,0,0,1,1,6,1,76,11,1870,2,12,1,1
2014160D07011,2,9,0,3,0,0,0,0,0,0,2,1,6,1,36,7,1951,2,13,8,3
2014160D07011,3,9,0,3,0,0,0,0,0,0,2,1,2,1,43,7,1798,1,13,1,1
2014160D07011,4,9,0,3,0,0,0,0,0,0,2,1,6,2,47,8,1400,2,8,1,1
2014160D07021,1,3,0,18,0,1,0,0,0,0,1,1,2,1,18,4,124,1,-1,7,2
2014160D07021,2,9,0,18,0,1,0,0,0,0,2,1,6,1,40,7,1910,2,8,1,1
2014160D07031,1,9,0,17,0,0,0,0,0,0,1,1,6,1,51,8,998,1,1,5,1
2014160D07031,2,9,0,16,0,0,0,0,0,0,1,1,6,2,56,9,1086,1,8,1,1
2014160D07041,1,9,0,18,0,0,0,0,0,0,2,1,6,1,18,4,1242,1,10,-1,1
2014160D07041,2,9,0,18,0,0,0,0,0,0,1,1,6,1,18,4,1560,2,4,6,1
2014160D07051,1,11,0,18,0,0,0,0,0,0,0,1,1,1,63,9,7300,2,8,1,1
2014160D07061,1,1,0,18,0,0,0,0,0,0,1,1,1,1,43,7,-1,-1,-1,5,1
2014160D07061,2,9,0,2,0,0,0,0,0,0,3,1,6,3,-1,-1,-1,-1,-1,-1,-1
2014160D07071,1,9,0,18,0,1,0,0,0,0,1,1,6,1,19,4,1086,1,10,9,1
2014160D07071,2,9,0,3,0,1,0,0,0,0,2,1,6,1,50,8,1597,1,11,2,1
2014160D07081,1,9,0,3,0,2,0,0,0,0,2,1,6,1,45,7,-1,-1,-1,-1,-1
2014160D07081,2,9,0,18,0,2,0,0,0,0,1,1,6,1,-1,-1,1796,1,11,-1,1
2014160D07091,1,9,0,7,0,8,0,0,0,0,1,1,6,1,63,9,1598,1,6,9,1
2014160D07091,2,5,0,18,0,8,0,0,0,0,4,1,6,1,51,8,798,1,8,9,2
2014160D07101,1,9,0,18,0,1,0,0,0,0,4,1,6,2,38,7,1998,1,7,7,1
2014160D07111,1,9,0,7,0,5,0,0,0,0,4,1,6,3,-1,-1,-1,-1,-1,-1,-1
2014160D07111,2,1,0,18,0,8,0,0,0,0,1,1,2,1,31,6,-1,-1,-1,7,1
2014160D07121,1,9,0,2,0,0,0,0,0,0,3,1,6,2,27,6,1461,2,3,5,1
2014160D07121,2,9,0,18,0,0,0,0,0,0,1,1,6,3,-1,-1,-1,-1,-1,-1,-1
2014160D07121,3,9,0,18,0,0,0,0,0,0,0,1,6,3,-1,-1,-1,-1,-1,-1,-1
2014160D07131,1,9,0,5,0,4,0,0,0,0,1,1,6,3,-1,-1,-1,-1,-1,-1,-1
2014160D07131,2,1,0,17,4,8,0,0,0,0,3,1,6,1,29,6,-1,-1,-1,1,1
2014160D07141,1,9,0,9,0,6,0,0,0,0,1,1,6,2,24,5,1248,2,6,5,1
2014160D07141,2,5,0,18,0,8,1,0,0,0,1,1,6,1,28,6,929,1,14,4,1
2014160D07151,1,9,0,7,0,6,0,0,0,0,1,1,6,1,46,8,1587,1,12,2,1
2014160D07151,2,1,0,18,0,8,0,0,0,0,1,1,6,2,52,8,-1,-1,-1,1,1
2014160D07161,1,9,0,9,0,6,0,0,0,0,1,1,3,2,46,8,1199,1,10,1,1
2014160D07161,2,1,0,10,0,8,0,0,0,0,3,1,2,2,50,8,-1,-1,-1,1,1
2014160D07171,1,9,0,18,0,0,0,4,0,0,1,1,1,2,23,5,1242,1,1,-1,1
2014160D07171,2,19,0,2,0,0,0,0,0,0,2,1,6,3,-1,-1,2402,2,7,-1,-1
2014160D07181,1,8,0,18,0,1,0,0,0,0,4,1,1,1,53,8,1997,2,4,-1,1
2014160D07181,2,1,0,18,0,1,0,0,0,0,1,1,6,1,12,3,-1,-1,-1,1,1
2014160D07191,1,9,0,7,0,6,0,0,0,0,1,1,6,2,26,6,1242,1,15,1,1
2014160D07191,2,9,0,7,0,6,0,0,0,0,2,1,1,2,52,8,1461,2,5,1,1
2014160D07201,1,9,0,18,0,0,0,0,0,0,4,1,6,1,52,8,1149,1,12,1,1
2014160D07211,1,9,0,18,0,1,0,0,0,0,1,1,6,2,25,5,1398,2,10,2,1
2014160D07211,2,9,0,3,0,1,0,0,0,0,2,1,6,1,45,7,1360,1,11,1,1
2014160D07221,1,9,0,18,0,2,0,0,0,0,4,1,6,3,-1,-1,-1,-1,-1,-1,-1
2014160D07231,1,9,0,9,0,6,0,0,0,0,1,1,1,1,38,7,-1,-1,-1,1,1
2014160D07231,2,1,0,18,2,8,0,0,0,0,4,1,6,1,32,6,-1,-1,-1,3,1
2014160D07241,1,9,0,7,0,8,0,0,0,0,1,1,6,2,69,10,1360,1,10,10,1
2014160D07241,2,9,0,18,0,3,0,0,0,0,4,1,6,2,26,6,1242,1,5,3,1
2014160D07251,1,9,0,4,0,5,0,0,0,0,2,1,6,1,47,8,1796,1,10,3,1
2014160D07251,2,19,0,18,0,1,0,0,0,0,1,1,6,1,22,5,2198,2,2,2,1
2014160D07261,1,9,0,15,0,8,0,0,0,0,4,1,1,2,33,6,-1,-1,-1,1,1
2014160D07261,2,3,0,18,0,8,0,0,1,10,3,1,2,1,18,4,125,1,1,-1,3
2014160D07271,1,2,0,9,0,6,0,0,0,0,4,1,6,1,16,4,49,1,10,1,1
2014160D07271,2,3,0,18,0,8,0,0,0,0,1,1,6,1,25,5,-1,-1,-1,1,1
2014160D07281,1,9,0,18,0,0,0,0,0,0,1,1,6,1,49,8,1368,1,5,10,1
2014160D07281,2,9,0,3,0,0,0,0,0,0,2,1,6,2,61,9,1368,1,4,5,1
2014160D07281,3,9,0,2,0,0,0,0,0,0,1,1,6,3,-1,-1,1229,1,9,-1,-1
2014160D07291,1,19,0,9,0,6,0,0,0,0,3,1,6,1,27,6,1560,2,-1,2,1
2014160D07291,2,9,0,18,0,8,0,0,7,11,1,1,6,1,40,7,1796,1,7,4,1
2014160D07301,1,9,0,18,0,1,0,0,0,0,1,1,6,1,40,7,-1,-1,-1,1,1
2014160D07311,1,9,0,18,0,4,0,0,0,0,4,1,6,1,36,7,1951,2,13,1,1
2014160D07311,2,9,0,18,0,8,0,0,0,0,1,1,6,1,34,6,1364,1,5,2,1
2014160D07321,1,9,0,5,0,0,0,0,0,0,1,1,6,2,20,4,1560,2,5,-1,1
2014160D07321,2,9,0,3,0,0,0,0,0,0,2,1,6,2,46,8,1461,2,3,5,1
2014160D07331,1,2,0,15,0,1,0,0,1,11,0,1,2,1,55,8,49,1,13,3,1
2014160D07331,2,9,0,10,0,5,0,0,0,0,0,1,2,2,29,6,1587,1,13,4,1
2014160D07341,1,9,0,9,0,1,0,0,0,0,1,1,6,1,28,6,2435,1,12,6,1
2014160D07341,2,1,0,18,0,1,0,0,0,0,1,1,6,1,63,9,-1,-1,-1,5,1
2014160D07361,1,9,0,7,0,8,0,0,0,0,1,1,6,1,43,7,-1,-1,-1,4,1
2014160D07361,2,1,0,18,0,8,0,0,0,0,4,1,6,2,31,6,-1,-1,-1,1,1
2014160D07371,1,9,0,9,0,8,0,0,0,0,1,1,2,2,32,6,1149,1,11,1,1
2014160D07381,1,9,0,18,0,8,0,0,0,0,1,1,6,1,31,6,1700,2,13,2,1
2014160D07381,2,9,0,18,0,8,0,0,0,0,1,1,6,1,31,6,1600,1,12,7,1
2014160D07391,1,1,0,18,0,8,0,0,0,0,1,1,6,1,37,7,-1,-1,-1,7,1
2014160D07391,2,9,0,7,0,8,0,0,0,0,3,1,6,1,39,7,1598,1,9,1,1
2014160D07401,1,9,0,5,0,4,0,0,0,0,1,1,2,2,53,8,1598,1,6,6,2
2014160D07401,2,1,0,9,0,8,0,0,0,0,4,1,2,1,59,9,-1,-1,-1,2,1
2014160D07411,1,9,0,18,0,8,0,0,0,0,1,1,6,2,19,4,1229,1,2,9,1
2014160D07411,2,9,0,18,0,8,0,0,0,0,2,1,6,2,56,9,1794,1,10,1,1
2014160D07421,1,3,0,18,0,2,1,0,0,0,1,1,1,1,31,6,125,1,2,1,1
2014160D07421,2,19,0,14,0,2,0,0,0,0,2,1,1,1,45,7,2402,2,8,1,1
2014160D07431,1,8,0,9,0,4,0,0,0,0,1,1,6,1,40,7,1995,2,7,-1,1
2014160D07431,2,4,0,18,0,8,1,0,0,0,4,1,6,1,32,6,-1,-1,-1,2,1
2014160D07441,1,19,0,18,0,2,0,0,0,0,1,1,1,1,29,6,1870,2,12,7,3
2014160D07441,2,19,0,2,0,2,0,0,0,0,2,1,6,1,-1,-1,-1,-1,-1,-1,-1