Accident_Index,Vehicle_Reference,Vehicle_Type,Towing_and_Articulation,Vehicle_Manoeuvre,Vehicle_Location-Restricted_Lane,Junction_Location,Skidding_and_Overturning,Hit_Object_in_Carriageway,Vehicle_Leaving_Carriageway,Hit_Object_off_Carriageway,1st_Point_of_Impact,Was_Vehicle_Left_Hand_Drive?,Journey_Purpose_of_Driver,Sex_of_Driver,Age_of_Driver,Age_Band_of_Driver,Engine_Capacity_(CC),Propulsion_Code,Age_of_Vehicle,Driver_IMD_Decile,Driver_Home_Area_Type
2014170H10374,2,9,0,10,0,8,0,0,0,0,0,1,6,2,24,5,998,1,9,4,1
2014170H10384,1,9,0,4,0,1,0,0,0,0,2,1,2,1,64,9,1246,1,9,3,1
2014170H10384,2,9,0,18,0,1,0,0,0,0,1,1,2,2,50,8,1598,2,2,7,3
2014170H10394,1,1,0,18,0,8,0,0,0,0,4,1,6,1,16,4,-1,-1,-1,9,1
2014170H10394,2,9,0,18,0,3,0,0,0,0,4,1,6,2,67,10,1999,1,8,-1,1
2014170H10404,1,9,0,18,0,0,0,0,0,0,1,1,6,1,51,8,1956,2,2,4,1
2014170H10424,1,9,0,17,0,0,5,0,0,0,4,1,6,2,37,7,1149,1,13,3,1
2014170H10424,2,9,0,2,0,0,0,0,0,0,4,1,6,1,-1,-1,1997,2,5,1,1
2014170H10424,3,9,0,2,0,0,0,0,0,0,1,1,6,1,-1,-1,1399,2,8,-1,-1
2014170H10434,1,9,0,9,0,8,0,0,0,0,1,1,6,1,44,7,1994,2,11,1,1
2014170H10434,2,9,0,18,0,8,0,0,0,0,3,1,6,2,19,4,1299,1,11,1,1
2014170H10444,1,9,0,1,0,8,0,0,0,0,2,1,6,2,38,7,1199,1,11,2,1
2014170H10454,1,11,0,18,0,2,0,0,0,0,3,1,1,1,57,9,6871,2,6,1,1
2014170H10464,1,9,0,9,0,8,0,0,0,0,1,1,2,1,45,7,1397,1,12,-1,1
2014170H10464,2,9,0,18,0,8,0,0,0,0,1,1,2,2,30,6,-1,-1,-1,-1,1
2014170H10474,1,9,0,4,0,0,0,0,0,0,2,1,6,1,55,8,1560,2,7,-1,1
2014170H10474,2,9,0,18,0,0,0,0,0,0,1,1,6,1,21,5,1560,2,1,1,1
2014170H10484,1,9,0,18,0,1,0,0,0,0,1,1,1,1,28,6,1560,2,1,4,2
2014170H10484,2,9,0,3,0,1,0,0,0,0,2,1,6,1,63,9,1998,1,9,10,1
2014170H10494,1,9,0,18,0,4,0,0,0,0,1,1,6,1,29,6,1896,2,6,2,1
2014170H10494,2,9,0,18,0,8,0,0,0,0,4,1,6,1,64,9,998,1,9,-1,1
2014170H10504,1,9,0,18,0,0,0,10,4,0,1,1,6,1,77,11,2204,2,8,7,3
2014170H10504,2,19,0,2,0,0,0,0,0,0,2,1,1,1,47,8,2198,2,8,2,1
2014170H10514,1,9,0,17,0,0,0,0,1,4,1,1,6,1,-1,-1,1396,1,10,-1,-1
2014170H10514,2,9,0,18,0,0,0,0,0,0,0,1,1,1,35,6,1686,2,2,-1,-1
2014170H10514,3,9,0,18,0,0,0,0,0,0,0,1,1,1,38,7,2993,2,1,-1,3
2014170H10524,1,9,0,18,0,0,0,0,0,0,1,1,6,3,-1,-1,1895,1,15,-1,-1
2014170H10524,2,1,0,18,0,0,0,0,0,0,1,1,6,2,37,7,-1,-1,-1,-1,1
2014170H10524,3,9,0,18,0,0,0,0,0,0,0,1,1,1,44,7,2993,2,1,-1,3
2014170H10544,1,9,0,7,0,2,0,0,0,0,1,1,2,2,56,9,1798,8,1,1,1
2014170H10544,2,1,0,18,0,2,0,0,0,0,1,1,2,1,26,6,-1,-1,-1,1,1
2014170H10554,1,9,0,9,0,8,0,0,0,0,1,1,6,3,-1,-1,-1,-1,-1,-1,-1
2014170H10554,2,1,0,18,0,8,0,0,0,0,4,1,6,2,39,7,-1,-1,-1,1,1
2014170H10564,1,9,0,7,0,4,0,0,0,0,1,1,6,2,31,6,1796,1,11,1,1
2014170H10564,2,1,0,18,0,4,0,0,0,0,2,1,2,1,40,7,-1,-1,-1,1,1
2014170H10574,1,9,0,2,0,0,0,0,0,0,3,1,3,2,33,6,-1,-1,-1,4,1
2014170H10574,2,21,0,18,0,0,0,0,0,0,0,1,6,3,-1,-1,-1,-1,-1,-1,-1
2014170H10594,1,9,0,18,0,8,0,0,0,0,1,1,6,2,36,7,1149,1,9,-1,1
2014170H10594,2,9,0,18,0,8,0,0,0,0,1,1,6,1,45,7,1995,2,3,10,1
2014170H10604,1,9,0,18,0,0,0,0,0,0,1,1,6,1,66,10,1598,1,10,3,1
2014170H10614,1,9,0,10,0,1,0,0,0,0,2,1,6,2,18,4,998,1,7,9,1
2014170H10614,2,9,0,9,0,1,0,0,0,0,1,1,6,1,58,9,1248,2,6,1,1
2014170H10624,1,9,0,18,0,0,0,0,0,0,0,1,6,1,50,8,-1,-1,-1,1,1
2014170H10624,2,9,0,11,0,0,0,0,0,0,0,1,6,3,-1,-1,-1,-1,-1,-1,-1
2014170H10634,1,8,0,18,0,1,0,0,0,0,4,1,1,1,38,7,1910,2,6,1,1
2014170H10644,1,11,0,5,0,8,0,0,0,0,0,1,1,1,40,7,-1,-1,-1,7,1
2014170H10654,1,9,0,18,0,1,0,0,0,0,1,1,6,2,40,7,1598,1,10,1,1
2014170H10664,1,19,0,18,0,1,0,7,1,0,1,1,2,1,38,7,2198,2,3,5,1
2014170H10684,1,9,0,18,0,2,0,0,0,0,1,1,6,2,51,8,1870,2,10,6,1
2014170H10704,1,9,0,18,0,8,0,0,0,0,1,1,6,2,50,8,1461,2,6,3,1
2014170H10704,2,9,0,9,0,8,0,0,0,0,1,1,6,2,25,5,1299,1,10,7,1
2014170H10714,1,9,0,9,0,2,0,0,0,0,1,1,6,1,73,10,1400,1,21,8,1
2014170H10714,2,9,0,14,0,1,0,0,0,0,1,1,6,1,19,4,1149,1,10,2,1
2014170H10724,1,19,0,3,0,1,0,0,0,0,2,1,6,1,-1,-1,-1,-1,-1,-1,-1
2014170H10724,2,9,0,3,0,1,0,0,0,0,2,1,6,1,52,8,1686,2,3,9,1
2014170H10724,3,9,0,18,0,1,0,0,0,0,1,1,6,1,29,6,1896,2,11,1,1
2014170H10734,1,11,0,4,0,1,0,0,0,0,0,1,1,1,52,8,6871,2,10,3,1
2014170H10744,1,9,0,4,0,0,0,0,0,0,2,1,2,2,29,6,1968,2,3,9,1
2014170H10744,2,9,0,18,0,0,0,0,0,0,1,1,6,1,-1,-1,1360,1,17,-1,-1
2014170H10754,1,9,0,9,0,8,0,0,0,0,1,1,6,1,80,11,1396,1,12,5,1
2014170H10754,2,9,0,18,0,8,0,0,0,0,1,1,6,2,32,6,1386,1,4,-1,1
2014170H10764,1,9,0,10,0,1,0,0,0,0,4,1,6,2,58,9,1339,1,5,2,1
2014170H10764,2,1,0,18,0,6,0,0,0,0,1,1,6,1,18,4,-1,-1,-1,2,1
2014170H10784,1,9,0,11,0,0,0,0,0,0,0,1,6,3,-1,-1,1994,1,15,-1,-1
2014170H10784,2,9,0,18,0,0,0,0,0,0,1,1,6,1,39,7,1389,1,12,2,1
2014170H10784,3,9,0,18,0,0,0,0,0,0,1,1,6,2,57,9,1299,1,11,1,1
2014170H10794,1,9,0,18,0,8,0,0,0,0,1,1,6,1,84,11,1198,1,8,6,1
2014170H10804,1,9,0,8,0,1,0,0,0,0,2,1,6,1,23,5,1398,2,9,5,1
2014170H10804,2,9,0,7,0,8,0,0,0,0,1,1,6,2,20,4,1299,1,9,4,1
2014170H10814,1,9,0,7,0,6,0,0,0,0,1,1,6,1,19,4,-1,-1,-1,-1,-1
2014170H10814,2,1,0,18,0,6,0,0,0,0,3,1,6,1,67,10,-1,-1,-1,2,1
2014170H10824,1,8,0,17,0,8,0,0,0,0,4,1,1,1,50,8,1997,2,9,-1,1
2014170H10824,2,1,0,18,0,8,0,0,0,0,1,1,6,1,43,7,-1,-1,-1,2,1
2014170H10834,1,9,0,18,0,0,0,0,0,0,1,1,6,2,46,8,1798,1,14,1,1
2014170H10834,2,9,0,3,0,0,0,0,0,0,2,1,6,2,28,6,1796,1,12,2,1
2014170H10844,1,19,0,9,0,6,0,0,0,0,4,1,2,2,35,6,2198,2,7,3,1
2014170H10844,2,9,0,18,0,8,0,0,0,0,3,1,6,1,70,10,1598,1,16,1,1
2014170H10854,1,11,0,18,0,8,0,0,0,0,1,1,1,1,33,6,6871,2,6,1,1
2014170H10854,2,9,0,7,0,6,0,0,0,0,3,1,6,1,68,10,-1,-1,-1,2,1
2014170H10864,1,1,0,18,0,2,0,0,0,0,1,1,6,2,7,2,-1,-1,-1,2,1
2014170H10864,2,9,0,18,0,2,0,0,0,0,3,1,6,1,75,10,1596,1,6,-1,1
2014170H10874,1,9,0,18,0,8,0,0,0,0,1,1,1,1,61,9,1997,2,13,2,1
2014170H10874,2,9,0,18,0,8,0,0,0,0,1,1,6,2,25,5,1560,2,2,1,1
2014170H10884,1,9,0,18,0,1,0,0,0,0,4,1,6,1,23,5,1248,2,9,8,3
2014170H10894,1,8,0,14,0,0,0,0,0,0,2,1,1,1,45,7,1753,2,5,2,1
2014170H10894,2,9,0,14,0,0,0,0,0,0,1,1,6,2,29,6,998,1,16,1,1
2014170H10904,1,9,0,18,0,8,0,7,0,0,1,1,6,1,23,5,1870,2,12,1,1
2014170H10914,1,9,0,9,0,8,0,0,0,0,3,1,6,1,73,10,1998,2,8,7,3
2014170H10914,2,19,0,18,0,8,0,0,0,0,1,1,6,1,56,9,1995,2,1,1,1
2014170H10924,1,9,0,18,0,8,0,0,0,0,1,1,6,1,17,4,1199,1,11,2,1
2014170H10924,2,9,0,7,0,7,0,0,0,0,3,1,6,1,20,4,1242,1,3,3,1
2014170H10934,1,9,0,18,0,0,5,0,1,9,1,1,6,1,26,6,1199,1,10,1,1
2014170H10934,2,9,0,18,0,0,0,0,0,0,2,1,6,2,28,6,1461,2,-1,3,2
2014170H10944,1,19,0,18,0,1,0,0,0,0,1,1,1,1,33,6,1753,2,4,1,3
2014170H10944,2,9,0,3,0,1,0,0,0,0,2,1,6,1,57,9,1999,1,12,5,1
2014170H10954,1,9,0,18,0,2,0,0,0,0,1,1,6,1,33,6,1995,1,7,3,1
2014170H10964,1,9,0,7,0,8,0,0,0,0,1,1,6,3,-1,-1,-1,-1,-1,-1,-1
2014170H10964,2,9,0,3,0,1,0,0,0,0,2,1,6,2,45,7,1598,1,-1,1,1
2014170H10964,3,9,0,2,0,2,0,0,0,0,4,1,6,2,32,6,1149,1,5,4,1
2014170H10964,4,9,0,2,0,2,0,0,0,0,3,1,6,1,65,9,1388,1,12,-1,1
2014170H10964,5,9,0,18,0,1,0,0,0,0,1,1,6,2,20,4,995,1,8,2,1
2014170H10974,1,9,0,18,0,0,0,0,0,0,4,1,6,1,24,5,1388,1,8,1,1
2014170H10984,1,9,0,18,0,0,0,0,7,11,1,1,6,1,20,4,1895,1,14,-1,1
2014170H10984,2,9,0,18,0,0,0,0,1,0,3,1,6,1,32,6,1896,2,7,1,1
2014170H11004,1,9,0,2,0,0,0,0,0,0,4,1,6,2,23,5,1910,2,7,5,3
2014170H11004,2,9,0,2,0,0,0,0,0,0,0,1,6,1,-1,-1,-1,-1,-1,-1,-1
2014170H11004,3,19,0,14,0,0,0,0,0,0,4,1,1,1,27,6,1870,2,11,1,1
2014170H11014,1,1,0,18,0,0,0,0,0,0,1,1,6,1,23,5,-1,-1,-1,1,1
2014170H11014,2,9,0,2,0,0,0,0,0,0,1,1,6,1,85,11,2148,2,11,9,1
2014170H11024,1,9,0,9,0,8,0,0,0,0,1,1,6,1,42,7,1997,2,13,3,1
2014170H11024,2,9,0,18,0,8,0,0,0,0,1,1,6,1,25,5,1896,2,9,3,1
2014170H11034,1,9,0,3,0,0,0,0,0,0,2,1,6,1,26,6,3498,1,10,3,1
2014170H11034,2,19,4,18,0,0,0,0,0,0,1,1,1,1,36,7,-1,-1,-1,1,1
2014170H11044,1,9,0,18,0,0,0,0,0,0,1,1,6,1,63,9,1597,2,1,4,2
2014170H11054,1,9,0,18,0,1,0,0,0,0,1,1,6,3,-1,-1,-1,-1,-1,-1,-1
2014170H11054,2,1,0,18,0,1,0,0,0,0,2,1,6,1,11,3,-1,-1,-1,1,1
2014170H11074,1,9,0,18,0,0,0,0,1,4,1,1,2,2,24,5,1199,1,11,3,1
2014170H11084,1,9,0,9,0,8,0,0,0,0,4,1,6,1,-1,-1,-1,-1,-1,-1,-1
2014170H11084,2,1,0,18,0,8,0,0,0,0,1,1,6,1,44,7,-1,-1,-1,1,1
2014170H11104,1,19,0,18,0,0,0,0,0,0,0,1,1,1,38,7,-1,-1,-1,4,1
2014170H11104,2,22,0,18,0,0,0,0,0,0,0,1,6,1,76,11,-1,-1,-1,-1,-1
2014170H11114,1,11,0,7,0,8,0,0,0,0,0,1,1,1,44,7,6871,2,6,8,1
2014170H11124,1,9,0,18,0,8,0,0,0,0,1,1,6,1,27,6,1248,2,6,6,1
2014170H11124,2,11,0,10,0,8,0,0,0,0,0,1,1,1,49,8,3900,2,10,2,1
2014170H11134,1,9,0,18,0,1,0,0,1,2,1,1,6,2,75,10,1588,1,11,5,1
2014170H11134,2,9,0,3,0,1,0,0,0,0,2,1,6,1,23,5,1796,1,3,1,1
2014170H11144,1,9,0,18,0,1,0,0,5,4,1,1,6,1,31,6,1493,1,21,1,1
2014170H11144,2,10,0,18,0,1,0,0,0,0,1,1,1,1,48,8,-1,-1,-1,1,1
2014170H11154,1,9,0,7,0,2,0,0,0,0,1,1,6,2,30,6,1461,2,8,8,1
2014170H11154,2,1,0,18,0,1,0,0,0,0,1,1,6,1,41,7,-1,-1,-1,2,1
2014170H11174,1,9,0,9,0,8,0,10,0,0,4,1,6,1,33,6,1799,1,8,1,1
2014170H11174,2,9,0,9,0,8,0,0,0,0,0,1,6,2,56,9,1560,2,7,5,1
2014170H11184,1,3,0,18,0,1,1,0,0,0,3,1,6,1,20,4,124,1,12,1,1
2014170H11184,2,9,0,1,0,6,0,0,0,0,0,1,6,2,-1,-1,1997,2,12,5,1
2014170H11194,1,9,0,3,0,0,0,0,0,0,2,1,2,2,25,5,1995,2,-1,-1,1
2014170H11194,2,9,0,18,0,0,0,0,0,0,1,1,2,1,29,6,1461,2,1,1,1
2014170H11204,1,10,0,6,0,8,0,0,0,0,0,1,1,1,59,9,-1,-1,-1,1,1
2014170H11214,1,9,0,12,0,0,5,0,1,0,3,1,6,1,29,6,1242,1,11,6,1
2014170H11214,2,9,0,18,0,0,0,0,0,0,4,1,6,1,19,4,1796,1,10,-1,1
2014170H11224,1,11,0,18,0,0,0,0,0,0,0,1,1,1,63,9,6871,2,6,-1,1
2014170H11234,1,9,0,18,0,1,0,0,0,0,1,1,6,1,17,4,1229,1,3,5,1
2014170H11234,2,9,0,3,0,1,0,0,0,0,2,1,6,1,17,4,1124,1,8,9,1
2014170H11234,3,9,0,3,0,1,0,0,0,0,2,1,6,1,19,4,1498,1,7,-1,1
2014170H11244,1,9,0,18,0,8,0,0,0,0,4,1,6,1,22,5,1124,1,13,2,2
2014170H11244,2,9,0,9,0,8,0,0,0,0,1,1,6,1,20,4,1124,1,13,2,1
2014170H11254,1,9,0,3,0,1,0,0,0,0,2,1,6,1,17,4,1560,2,1,-1,-1
2014170H11254,2,19,0,18,0,1,0,0,0,0,1,1,1,1,45,7,2143,2,3,1,1
2014170H11264,1,11,0,4,0,0,0,0,0,0,0,1,1,1,58,9,6871,2,6,1,1
2014170H11274,1,8,0,7,0,6,0,0,0,0,4,1,6,1,-1,-1,-1,-1,-1,-1,-1
2014170H11284,1,9,0,1,9,6,0,0,0,0,2,1,6,2,28,6,1390,1,8,2,1
2014170H11304,1,9,0,10,0,1,0,0,0,0,2,1,6,2,35,6,1527,2,14,1,1
2014170H11304,2,9,0,5,0,1,0,0,0,0,1,1,6,2,40,7,1956,2,2,2,2
2014170H11314,1,9,0,12,0,8,0,0,0,0,3,1,6,1,83,11,1598,1,12,1,1
2014170H11314,2,9,0,18,0,8,0,0,0,0,1,1,6,2,34,6,1299,1,15,8,1
2014170H11324,1,9,0,9,0,8,0,0,0,0,1,1,6,1,81,11,1399,2,11,1,1
2014170H11324,2,5,0,18,0,8,0,0,0,0,1,1,6,1,49,8,599,1,15,1,1
2014170H11334,1,9,0,9,0,2,0,0,0,0,4,1,6,2,92,11,1364,1,6,7,3
2014170H11344,1,3,0,18,0,8,0,0,0,0,1,1,6,1,18,4,-1,-1,-1,2,1
2014170H11344,2,8,0,9,0,8,0,0,0,0,3,1,1,1,41,7,1995,2,-1,1,1
2014170H11354,1,9,0,2,0,0,0,0,0,0,3,1,6,1,40,7,998,1,15,3,1
2014170H11354,2,9,0,18,0,0,0,0,0,0,1,1,6,1,61,9,1997,2,7,1,1
2014170H11364,1,9,0,7,0,6,0,0,0,0,1,1,1,1,24,5,1796,1,12,9,1
2014170H11364,2,9,0,18,0,8,0,0,0,0,4,1,6,1,55,8,1242,1,1,2,2
2014170H11374,1,9,0,9,0,8,0,0,0,0,4,1,6,2,41,7,2179,2,6,2,1
2014170H11374,2,8,0,18,0,8,0,0,0,0,1,1,1,1,35,6,1248,2,7,3,1
2014170H11384,1,11,0,2,0,1,0,0,0,0,0,1,1,1,63,9,6871,2,6,-1,1
2014170H11394,1,9,0,2,0,1,0,0,0,0,4,1,6,2,43,7,1598,1,6,5,1
2014170H11394,2,9,0,18,0,2,0,0,0,0,4,1,6,3,-1,-1,-1,-1,-1,-1,-1
2014170H11404,1,9,0,9,0,8,0,0,0,0,4,1,6,2,36,7,1995,2,2,3,1
2014170H11404,2,21,1,18,0,8,0,0,0,0,1,1,1,1,69,10,11967,2,8,7,3
2014170H11414,1,9,0,4,0,2,0,0,0,0,2,1,6,2,41,7,-1,-1,-1,7,3
2014170H11414,2,9,0,18,0,2,0,0,0,0,1,1,6,1,24,5,-1,-1,-1,-1,2
2014170H11424,1,9,0,18,0,0,0,0,0,0,3,1,6,1,34,6,1998,2,7,1,1
2014170H11434,1,9,0,9,0,8,0,0,0,0,1,1,6,1,90,11,-1,-1,-1,2,1
2014170H11434,2,9,0,18,0,8,0,0,0,0,1,1,1,2,33,6,1461,2,-1,5,1
2014170H11444,1,8,0,18,0,8,0,0,0,0,3,1,1,1,46,8,1968,2,3,6,1
2014170H11444,2,9,0,18,0,8,0,0,0,0,1,1,6,1,34,6,1560,2,6,1,1
2014170H11454,1,9,0,18,0,8,0,0,0,0,4,1,6,2,54,8,1896,2,13,1,1
2014170H11454,2,9,0,18,0,4,0,0,0,0,1,1,6,2,53,8,1998,1,7,-1,-1
2014170H11464,1,9,0,18,0,2,0,0,0,0,1,1,6,1,-1,-1,-1,-1,-1,-1,-1
2014170H11474,1,19,0,12,0,0,0,0,4,7,2,1,1,1,49,8,1560,2,2,1,1
2014170H11474,2,9,0,18,0,0,0,0,0,0,1,1,2,2,30,6,2000,2,9,2,1
2014170H11484,1,19,0,9,0,8,0,0,0,0,3,1,6,1,33,6,1248,2,3,5,1
2014170H11484,2,9,0,13,0,8,0,0,0,0,1,1,6,3,-1,-1,-1,-1,-1,-1,-1
2014170H11494,1,9,0,18,0,8,0,0,0,0,3,1,6,1,56,9,1968,2,-1,3,1
2014170H11494,2,19,0,18,0,8,0,0,0,0,1,1,1,1,49,8,1995,2,3,-1,-1
2014170H11504,1,9,0,9,0,8,0,0,0,0,1,1,6,1,32,6,2499,2,8,1,1
2014170H11504,2,1,0,18,0,8,0,0,0,0,1,1,6,1,48,8,-1,-1,-1,-1,-1
2014170H11514,1,9,0,11,0,3,0,0,0,0,4,1,6,2,68,10,1242,1,1,9,1
2014170H11514,2,9,0,12,0,8,0,0,0,0,1,2,1,1,55,8,-1,-1,-1,-1,-1
2014170H11524,1,9,0,7,0,2,0,0,0,0,1,1,6,1,56,9,1598,1,12,1,1
2014170H11524,2,3,0,18,0,1,0,0,0,0,1,1,1,1,49,8,-1,-1,-1,1,1
2014170H11534,1,9,0,1,9,0,0,0,0,0,2,1,6,3,-1,-1,-1,-1,-1,-1,-1
2014170H11544,1,3,0,9,0,8,0,0,0,0,4,1,6,1,49,8,124,1,13,3,1
2014170H11544,2,19,0,4,0,1,1,0,0,0,1,1,1,1,43,7,1896,2,5,2,1
2014170H11554,1,11,0,4,0,0,0,0,0,0,0,1,1,1,64,9,-1,-1,-1,3,1
2014170H11574,1,9,0,3,0,1,0,0,0,0,2,1,6,2,45,7,1229,1,6,1,1
2014170H11574,2,9,0,18,0,1,0,0,0,0,1,1,6,3,-1,-1,-1,-1,-1,-1,-1
2014170L10024,1,9,0,16,0,0,1,0,1,4,1,1,6,1,26,6,-1,-1,-1,2,3
2014170L10044,1,9,0,18,0,8,0,0,0,0,1,1,6,1,49,8,2171,2,12,2,1
2014170L10084,1,9,0,17,0,0,0,0,0,0,1,1,6,1,18,4,1197,1,-1,4,2
2014170L10084,2,9,0,16,0,0,1,0,0,0,1,1,6,1,21,5,-1,-1,-1,1,1
2014170L10114,1,9,0,18,0,0,0,0,7,11,3,1,6,1,87,11,1600,1,14,-1,1
2014170L10114,2,9,0,18,0,0,0,0,0,0,3,1,6,1,29,6,1388,1,6,-1,1
2014170L10184,1,9,0,13,0,0,5,0,0,0,3,1,6,1,19,4,1229,1,10,-1,1
2014170L10184,2,9,0,13,0,0,0,0,0,0,3,1,6,2,39,7,1390,1,5,7,2
2014170L10184,3,9,0,18,0,0,0,0,0,0,1,1,6,1,24,5,1986,2,6,6,2
2014170L10334,1,9,0,5,0,1,0,0,0,0,3,1,6,1,-1,-1,-1,-1,-1,-1,-1
2014170L10344,1,9,0,14,0,8,0,0,0,0,1,1,6,1,23,5,1124,1,11,8,2
2014170L10344,2,9,0,7,0,8,0,0,0,0,1,1,6,2,22,5,998,1,6,7,2
2014170L10374,1,8,0,1,0,0,0,0,1,11,2,1,1,1,62,9,1686,2,4,10,1
2014170L10384,1,9,0,9,0,6,0,0,0,0,3,1,6,1,75,10,998,1,4,-1,1
2014170L10384,2,9,0,18,0,8,0,0,4,6,1,1,6,1,27,6,1896,2,6,2,3
2014170L10494,1,9,0,9,0,8,0,0,0,0,1,1,6,2,-1,-1,-1,-1,-1,-1,-1
2014170L10504,1,3,0,16,0,0,0,0,0,0,1,1,6,1,24,5,125,1,5,2,2
2014170L10504,2,9,0,17,0,0,0,0,0,0,1,1,6,1,65,9,1461,2,-1,7,2
2014170L10544,1,9,0,10,0,1,0,0,0,0,3,1,6,2,29,6,1560,2,8,9,1
2014170L10544,2,9,0,18,0,8,0,0,3,0,1,1,6,2,83,11,1198,1,2,9,1
2014170L10584,1,19,0,16,0,0,0,0,4,6,3,1,1,1,64,9,2402,2,4,3,1
2014170L10614,1,9,0,18,0,1,0,0,0,0,1,1,6,2,42,7,1598,1,13,4,1
2014170L10614,2,1,0,18,0,2,0,0,0,0,1,1,6,1,14,3,-1,-1,-1,2,1
2014170L10634,1,19,0,18,0,8,0,0,0,0,1,1,6,1,34,6,2198,2,3,4,1
2014170L10634,2,9,0,9,0,8,0,0,0,0,3,1,6,3,-1,-1,1124,1,12,-1,-1
2014170L10644,1,19,0,9,0,6,0,0,0,0,1,1,1,2,45,7,1248,2,6,10,1
2014170L10644,2,9,0,17,0,8,0,0,0,0,1,1,6,1,31,6,1896,2,11,2,2
2014170L10664,1,9,0,18,0,1,0,0,0,0,1,1,6,1,37,7,1598,1,11,4,2
2014170L10664,2,9,0,7,0,2,0,0,0,0,1,1,6,1,20,4,1299,1,13,2,2
2014170L10714,1,9,0,1,0,0,0,0,7,11,2,1,6,2,55,8,1240,1,9,2,1
2014170L10814,1,5,0,18,0,4,1,9,3,1,4,1,6,1,54,8,-1,-1,-1,2,2
2014170L10824,1,11,0,4,0,0,0,0,0,0,0,1,1,1,60,9,9000,2,9,5,1
2014170L10844,1,9,0,18,0,8,0,0,0,0,1,1,2,2,47,8,1686,2,-1,-1,-1
2014170L10844,2,21,0,9,0,8,0,0,0,0,3,1,1,1,56,9,-1,-1,-1,8,3
2014170L10894,1,21,1,18,0,0,0,0,0,0,3,1,1,1,29,6,12740,2,1,5,1
2014170L10894,2,21,0,13,0,0,0,0,0,0,3,1,1,1,51,8,7146,2,3,7,2
2014170L10894,3,9,0,13,0,0,0,0,0,0,3,1,6,1,40,7,1998,1,14,2,2
2014170L10894,4,21,1,18,0,0,0,0,0,0,3,1,1,1,51,8,10837,2,3,3,1
2014170L10994,1,21,1,14,0,0,0,0,0,0,0,1,1,1,53,8,10837,2,4,9,3
2014170L10994,2,1,0,18,0,0,0,0,0,0,4,1,6,1,35,6,-1,-1,-1,7,1
2014170L11064,1,5,0,18,0,1,0,0,0,0,1,1,6,1,56,9,1157,1,17,7,3
2014170L11064,2,21,4,9,0,1,0,0,0,0,2,1,1,1,48,8,12740,2,3,5,1
2014170L11074,1,9,0,16,0,0,0,0,0,0,1,1,6,1,31,6,2720,2,6,1,1
2014170L11074,2,17,0,17,0,0,0,0,0,0,3,1,1,1,53,8,5883,2,24,1,3
2014170L11074,3,9,0,17,0,0,0,0,0,0,1,1,6,1,47,8,1461,2,6,1,2
2014170L11094,1,9,0,9,0,6,0,0,0,0,3,1,6,1,85,11,1248,1,-1,-1,3
2014170L11094,2,9,0,18,0,8,0,0,0,0,1,1,6,1,59,9,2987,2,6,9,1
2014170L11104,1,9,0,18,0,8,0,0,0,0,1,1,6,2,40,7,1248,1,4,9,1
2014170L11104,2,9,0,9,0,8,0,0,0,0,3,1,6,1,84,11,1988,1,11,9,1
2014170L11164,1,9,0,18,0,8,0,0,0,0,4,1,6,2,32,6,1596,1,7,6,2
2014170L11164,2,1,0,18,0,8,0,0,0,0,1,1,6,1,14,3,-1,-1,-1,6,2
2014170L11224,1,90,0,18,0,1,0,0,0,0,1,1,6,1,58,9,1971,1,24,-1,1
2014170L11224,2,9,0,3,0,1,0,0,0,0,2,1,6,1,38,7,1390,1,2,1,1
2014170L11224,3,9,0,3,0,1,0,0,0,0,2,1,6,1,41,7,-1,-1,-1,-1,1
2014170L11264,1,9,0,9,0,8,0,0,0,0,1,1,6,1,86,11,1248,1,5,4,2
2014170L11264,2,1,0,18,0,8,0,0,0,0,1,1,6,1,34,6,-1,-1,-1,6,1
2014170L11314,1,1,0,18,0,1,0,0,0,0,1,1,6,1,12,3,-1,-1,-1,-1,2
2014170L11314,2,9,0,9,0,8,0,0,0,0,0,1,6,2,29,6,1997,2,9,6,2
2014170L11324,1,9,0,18,0,0,0,0,0,0,1,1,6,1,41,7,1769,1,12,1,2
2014170L11374,1,1,0,18,0,0,0,0,0,0,1,1,6,1,65,9,-1,-1,-1,4,1
2014170L11374,2,9,0,18,0,0,0,0,0,0,2,1,6,1,55,8,1198,1,4,1,1
2014170L11424,1,9,0,18,0,0,0,0,0,0,1,1,6,3,-1,-1,998,1,10,-1,-1
2014170L11424,2,9,0,18,0,0,0,0,1,4,1,1,6,1,20,4,1388,1,9,1,2
2014170L11604,1,19,0,17,0,0,0,0,2,7,1,1,1,1,32,6,2148,2,6,-1,-1
2014170L11604,2,9,0,16,0,0,0,0,0,0,1,1,6,2,29,6,1587,1,10,4,1
2014170L11634,1,9,0,2,0,0,0,0,0,0,2,1,6,2,63,9,998,1,12,1,2
2014170L11634,2,9,0,5,0,0,0,0,0,0,1,1,6,2,-1,-1,1796,1,9,2,1
2014170L11714,1,9,0,18,0,0,0,0,7,9,1,1,6,1,61,9,2198,1,10,-1,-1
2014170L11714,2,9,0,18,0,0,0,0,0,0,1,1,6,1,61,9,1598,1,9,4,1
2014170L11714,3,9,0,13,0,0,0,0,0,0,0,1,6,1,-1,-1,-1,-1,-1,-1,-1
2014170L11724,1,11,0,18,0,0,0,0,0,0,0,1,1,1,40,7,4461,2,-1,4,2
2014170L11754,1,11,0,4,0,0,0,0,0,0,0,1,1,1,54,8,-1,-1,-1,2,1
2014170L11844,1,9,0,17,0,0,0,0,7,11,1,1,6,2,24,5,1596,1,11,6,1