Accident_Index,Vehicle_Reference,Vehicle_Type,Towing_and_Articulation,Vehicle_Manoeuvre,Vehicle_Location-Restricted_Lane,Junction_Location,Skidding_and_Overturning,Hit_Object_in_Carriageway,Vehicle_Leaving_Carriageway,Hit_Object_off_Carriageway,1st_Point_of_Impact,Was_Vehicle_Left_Hand_Drive?,Journey_Purpose_of_Driver,Sex_of_Driver,Age_of_Driver,Age_Band_of_Driver,Engine_Capacity_(CC),Propulsion_Code,Age_of_Vehicle,Driver_IMD_Decile,Driver_Home_Area_Type
2014170L11874,1,21,1,17,0,0,0,0,1,9,4,1,1,1,38,7,12809,2,-1,10,2
2014170L11904,1,9,0,9,0,8,0,0,0,0,1,1,6,2,57,9,898,1,-1,9,1
2014170L11904,2,9,0,18,0,8,0,0,0,0,1,1,6,1,78,11,1997,2,12,-1,1
2014170L11974,1,9,0,5,0,0,0,0,0,0,1,1,6,1,34,6,1598,1,16,2,3
2014170L20014,1,9,0,18,0,8,0,0,0,0,1,1,6,2,25,5,1995,2,7,10,1
2014170L20014,2,9,0,9,0,8,0,0,0,0,1,1,6,1,43,7,1749,1,13,1,1
2014170L20034,1,9,0,17,0,2,1,0,1,2,1,1,6,1,20,4,1299,1,13,-1,-1
2014170L20054,1,9,0,18,0,8,0,0,0,0,1,1,6,2,17,4,998,1,8,9,1
2014170L20054,2,2,0,18,0,8,0,0,0,0,1,1,6,3,-1,-1,-1,-1,-1,-1,-1
2014170L20064,1,9,0,3,0,0,0,0,0,0,2,1,6,2,43,7,1995,1,9,1,1
2014170L20064,2,9,0,18,0,0,0,0,0,0,1,1,6,1,22,5,2987,2,4,10,1
2014170L20074,1,9,0,18,0,1,0,0,1,2,1,1,6,1,78,11,1598,1,-1,7,1
2014170L20094,1,11,0,18,0,8,0,0,1,7,4,1,1,1,46,8,-1,2,16,8,2
2014170L20104,1,9,0,18,0,8,0,0,0,0,1,1,6,1,17,4,1197,1,1,4,1
2014170L20104,2,9,0,9,0,8,0,0,0,0,1,1,6,1,24,5,1229,1,5,5,1
2014170L20144,1,19,0,5,0,0,0,0,0,0,1,1,1,3,-1,-1,-1,-1,-1,-1,-1
2014170L20144,2,1,0,18,0,0,0,0,0,0,1,1,6,1,34,6,-1,-1,-1,1,1
2014170L20164,1,9,0,18,0,1,0,0,0,0,1,1,6,3,-1,-1,-1,-1,-1,-1,-1
2014170L20174,1,9,0,18,0,0,0,0,0,0,4,1,2,2,25,5,1968,2,5,4,2
2014170L20174,2,21,1,18,0,0,0,0,0,0,3,1,1,1,52,8,10518,2,1,9,1
2014170L20214,1,9,0,18,0,8,0,0,0,0,4,1,1,1,57,9,-1,-1,-1,7,1
2014170L20214,2,1,0,18,0,8,0,0,0,0,1,1,6,1,21,5,-1,-1,-1,2,1
2014170L20224,1,1,0,18,0,8,0,0,0,0,4,1,6,1,38,7,-1,-1,-1,1,1
2014170L20224,2,9,0,9,0,6,0,0,0,0,1,1,1,1,20,4,1560,2,3,1,1
2014170L20234,1,9,0,18,0,0,0,0,0,0,4,1,6,3,-1,-1,-1,-1,-1,-1,-1
2014170L20234,2,1,0,18,9,0,0,0,0,0,3,1,2,1,16,4,-1,-1,-1,1,1
2014170L20284,1,9,0,10,0,1,0,0,0,0,2,1,6,1,73,10,1998,2,10,9,1
2014170L20284,2,9,0,18,0,1,0,0,0,0,1,1,6,1,18,4,1248,1,3,9,1
2014170L20304,1,21,1,17,0,0,5,10,0,0,3,1,1,1,21,5,10837,2,3,9,1
2014170L20354,1,9,0,7,0,8,0,0,0,0,1,1,2,1,27,6,1596,1,13,-1,1
2014170L20354,2,1,0,18,0,8,0,0,0,0,1,1,2,1,48,8,-1,-1,-1,-1,1
2014170L20394,1,9,0,3,0,0,0,0,0,0,2,1,6,1,74,10,1299,1,9,7,1
2014170L20394,2,9,0,3,0,0,0,0,4,6,2,1,6,1,43,7,1298,1,11,5,1
2014170L20394,3,9,0,18,0,0,0,0,0,0,1,1,6,1,28,6,1910,2,6,4,2
2014170L20414,1,9,0,18,0,8,0,0,0,0,3,1,6,2,60,9,998,1,7,-1,1
2014170L20414,2,9,0,9,0,8,0,0,0,0,1,1,6,2,61,9,1149,1,12,5,1
2014170L20454,1,9,0,10,0,1,0,0,0,0,2,1,6,1,30,6,998,1,1,2,1
2014170L20454,2,19,0,4,0,1,0,0,0,0,1,1,6,1,48,8,1868,2,10,2,1
2014170L20474,1,9,0,18,0,8,0,0,0,0,1,1,1,1,31,6,1560,2,5,10,1
2014170L20474,2,9,0,3,0,8,0,0,0,0,2,1,6,1,54,8,875,1,3,1,1
2014170L20514,1,9,0,18,0,4,0,0,0,0,1,1,6,1,51,8,993,1,14,4,1
2014170L20514,2,11,0,9,0,8,0,0,0,0,2,1,1,1,50,8,-1,2,14,8,1
2014170L20524,1,9,0,18,0,0,0,0,0,0,1,1,6,2,24,5,1598,1,1,5,1
2014170L20574,1,19,0,18,0,8,0,0,0,0,1,1,1,1,65,9,1995,2,5,-1,1
2014170L20574,2,19,0,9,0,8,0,0,0,0,3,1,1,1,49,8,1995,2,1,8,3
2014170L20694,1,9,0,14,0,0,0,0,0,0,1,1,6,1,82,11,1364,1,6,7,1
2014170L20694,2,9,0,2,0,0,0,0,0,0,1,1,6,2,21,5,1560,2,1,-1,-1
2014170L20724,1,19,0,18,0,0,0,0,0,0,1,1,6,1,-1,-1,1598,2,1,-1,-1
2014170L20724,2,9,0,3,0,0,0,0,0,0,2,1,6,1,68,10,1995,2,6,1,1
2014170L20804,1,9,0,18,0,0,0,0,0,0,1,1,6,2,17,4,1596,1,10,2,1
2014170L20834,1,9,0,9,0,8,0,0,0,0,4,1,6,1,21,5,1396,1,11,5,1
2014170L20834,2,1,0,18,0,4,0,0,0,0,1,1,6,1,64,9,-1,-1,-1,6,1
2014170L20904,1,9,0,18,0,4,0,0,0,0,1,1,2,1,22,5,2496,2,10,6,1
2014170L20904,2,21,1,9,0,8,0,0,0,0,4,1,1,1,41,7,11705,2,7,1,1
2014170L20924,1,9,0,18,0,0,0,0,0,0,1,1,2,1,28,6,1796,1,12,9,2
2014170L20924,2,9,0,4,0,0,0,0,0,0,2,1,2,1,21,5,1242,1,8,2,1
2014170L20934,1,2,0,9,0,8,0,0,0,0,1,1,6,1,18,4,49,1,18,-1,1
2014170L20934,2,9,0,18,0,8,0,0,0,0,1,1,6,1,44,7,2967,1,11,1,1
2014170L20974,1,9,0,18,0,0,0,0,0,0,1,1,6,1,70,10,1398,2,10,6,1
2014170L20974,2,9,0,18,0,0,0,0,0,0,1,1,6,2,31,6,1329,1,5,-1,1
2014170L21004,1,9,0,18,0,1,0,0,0,0,1,1,6,2,19,4,2000,2,9,5,1
2014170L21004,2,9,0,10,0,1,0,0,0,0,2,1,6,1,34,6,999,1,1,8,1
2014170L21024,1,9,0,18,0,1,0,0,0,0,1,1,6,1,19,4,1390,1,14,2,1
2014170L21024,2,9,0,7,0,2,1,0,0,0,1,1,6,1,26,6,1997,1,14,2,1
2014170L21034,1,8,0,5,0,0,0,0,0,0,4,1,1,1,21,5,1896,2,5,3,1
2014170L21054,1,19,0,2,0,0,0,0,0,0,2,1,1,1,34,6,1968,2,-1,1,1
2014170L21054,2,1,0,18,0,0,0,0,0,0,1,1,2,1,49,8,-1,-1,-1,3,1
2014170L21134,1,9,0,18,0,0,0,0,0,0,3,1,6,1,27,6,1360,1,12,1,1
2014170L21134,2,1,0,18,0,0,0,0,0,0,1,1,6,1,4,1,-1,-1,-1,1,1
2014170L21154,1,9,0,18,0,8,0,0,0,0,3,1,6,2,27,6,1399,1,9,-1,1
2014170L21154,2,21,1,11,0,8,0,0,0,0,4,1,1,1,63,9,12419,2,1,2,1
2014170L21174,1,9,0,3,0,2,0,0,0,0,2,1,6,2,19,4,1242,1,2,-1,1
2014170L21174,2,11,0,9,0,8,0,0,0,0,3,1,1,1,48,8,59,2,14,9,2
2014170L21184,1,9,0,18,0,0,0,0,0,0,1,1,2,1,24,5,1229,1,9,-1,1
2014170L21184,2,9,0,2,0,0,0,0,0,0,2,1,2,2,47,8,-1,-1,-1,-1,1
2014170L21214,1,5,0,18,0,0,1,0,0,0,1,1,6,1,59,9,1157,1,12,5,1
2014170L21214,2,19,0,18,0,0,0,0,0,0,1,1,1,1,37,7,1896,2,5,6,1
2014170L21224,1,9,0,16,0,0,1,0,6,0,1,1,6,1,39,7,1400,1,23,4,1
2014170L21224,2,8,0,18,0,0,0,0,0,0,1,1,6,1,39,7,1598,2,1,4,1
2014170L21244,1,9,0,10,0,1,0,0,0,0,2,1,6,1,67,10,1360,1,5,1,1
2014170L21244,2,9,0,18,0,1,0,0,0,0,1,1,6,2,21,5,1388,1,11,4,1
2014170L21294,1,5,0,16,0,0,1,10,0,0,3,1,6,1,40,7,487,1,17,2,2
2014170L21344,1,9,0,1,0,0,0,0,0,0,2,1,6,1,66,10,1910,2,6,1,1
2014170L21344,2,1,0,18,0,0,0,0,0,0,4,1,6,1,10,2,-1,-1,-1,1,1
2014170L21364,1,9,0,9,0,8,0,0,0,0,4,1,6,2,19,4,1242,1,11,1,1
2014170L21364,2,1,0,18,0,8,0,0,0,0,1,1,6,1,71,10,-1,-1,-1,1,1
2014170L21454,1,9,0,18,0,8,0,0,0,0,1,1,2,1,56,9,1984,1,5,9,1
2014170L21454,2,8,0,18,0,8,0,0,0,0,1,1,1,1,46,8,1896,2,5,1,1
2014170L21474,1,9,0,18,0,2,0,0,0,0,1,1,6,1,49,8,1997,2,12,1,1
2014170L21474,2,1,0,18,0,1,0,0,0,0,1,1,6,1,11,3,-1,-1,-1,-1,1
2014170L21484,1,3,0,18,0,0,0,0,4,6,1,1,6,1,18,4,-1,-1,-1,1,1
2014170L21484,2,9,0,7,0,0,0,0,0,0,0,1,1,1,44,7,-1,-1,-1,-1,3
2014170L21494,1,97,0,18,0,8,0,0,0,0,1,1,6,1,22,5,-1,-1,-1,2,1
2014170L21494,2,9,0,18,0,8,0,0,0,0,4,1,6,2,56,9,1368,1,8,2,1
2014170L21504,1,9,0,3,0,1,0,0,0,0,2,1,6,2,32,6,1368,1,7,-1,1
2014170L21504,2,9,0,18,0,1,0,0,0,0,1,1,6,3,-1,-1,-1,-1,-1,-1,-1
2014170L21524,1,1,0,17,0,8,0,0,0,0,1,1,6,1,27,6,-1,-1,-1,1,1
2014170L21524,2,9,0,9,0,8,0,0,0,0,1,1,6,2,-1,-1,2143,2,2,6,1
2014170L21534,1,9,0,18,0,3,0,0,0,0,1,1,6,1,35,6,1997,2,11,1,1
2014170L21534,2,9,0,9,0,8,0,0,0,0,1,1,6,2,62,9,1560,2,-1,3,1
2014170L21564,1,9,0,5,0,4,0,0,0,0,1,1,6,1,36,7,1598,1,-1,2,1
2014170L21564,2,1,0,18,0,4,0,0,0,0,2,1,6,1,48,8,-1,-1,-1,4,1
2014170L21614,1,9,0,18,0,0,0,0,0,0,4,1,1,2,52,8,1896,2,5,1,1
2014170L21614,2,1,0,18,0,0,0,0,0,0,1,1,6,1,15,3,-1,-1,-1,-1,-1
2014170L21654,1,9,0,18,0,2,0,0,0,0,1,1,6,1,49,8,1598,1,9,1,1
2014170L21664,1,9,0,18,0,8,0,0,0,0,4,1,6,2,29,6,1461,2,3,1,1
2014170L21664,2,9,0,7,0,8,0,0,0,0,1,1,6,1,61,9,1598,1,14,5,1
2014170L21684,1,9,0,9,0,8,0,0,0,0,1,1,6,2,54,8,1397,1,6,1,1
2014170L21684,2,9,0,18,0,8,0,0,0,0,1,1,6,1,44,7,-1,-1,-1,4,3
2014170L21704,1,9,0,5,0,0,0,0,0,0,0,1,6,1,76,11,998,1,-1,3,1
2014170L21734,1,9,0,18,0,8,0,0,0,0,3,1,6,2,19,4,1398,1,1,5,1
2014170L21734,2,9,0,9,0,8,1,0,0,0,1,1,6,1,22,5,-1,-1,-1,6,1
2014170L21764,1,9,0,18,0,8,0,0,0,0,1,1,6,2,68,10,1242,1,11,1,1
2014170L21764,2,9,0,18,0,8,0,0,0,0,1,1,6,1,76,11,1388,1,2,1,1
2014170L21774,1,97,0,18,0,0,0,0,7,11,1,1,6,1,21,5,-1,-1,-1,2,1
2014170L21804,1,9,0,17,0,1,0,0,1,11,1,1,6,1,35,6,1984,1,-1,9,1
2014170L21804,2,9,0,2,0,2,0,0,0,0,2,1,6,1,-1,-1,2143,2,2,9,1
2014170L21804,3,9,0,2,0,2,0,0,0,0,2,1,6,1,-1,-1,1200,1,-1,9,1
2014170L21814,1,9,0,7,0,8,0,0,0,0,1,1,6,2,29,6,998,1,2,-1,-1
2014170L21814,2,19,0,18,0,8,0,0,0,0,4,1,1,1,47,8,2143,2,1,1,1
2014170L21814,3,9,0,2,0,2,0,0,0,0,1,1,6,1,-1,-1,1461,2,-1,2,1
2014170L21864,1,9,0,10,0,8,0,0,0,0,2,1,6,2,66,10,998,1,2,2,1
2014170L21864,2,9,0,18,0,8,0,0,0,0,1,1,6,1,58,9,1386,1,6,1,1
2014170L21884,1,9,0,1,0,8,0,0,0,0,2,1,6,2,40,7,-1,-1,-1,8,1
2014170L21894,1,9,0,3,0,1,0,0,0,0,2,1,2,1,48,8,1299,1,11,9,1
2014170L21894,2,9,0,18,0,1,0,0,0,0,1,1,6,2,19,4,1199,1,13,-1,1
2014170L21924,1,9,0,18,0,0,0,0,0,0,4,1,6,1,52,8,2499,2,10,4,1
2014170L21954,1,9,0,9,0,8,0,0,0,0,1,1,6,2,24,5,1240,1,6,1,1
2014170L21954,2,1,0,18,0,8,0,0,0,0,1,1,6,1,54,8,-1,-1,-1,8,2
2014170L21964,1,1,0,18,0,1,0,0,0,0,3,1,2,1,27,6,-1,-1,-1,2,1
2014170L21964,2,11,0,13,0,1,0,0,0,0,4,1,1,1,40,7,-1,-1,-1,-1,1
2014170L21994,1,9,0,18,0,8,0,0,0,0,4,1,6,2,21,5,1242,1,-1,4,1
2014170L21994,2,9,0,9,0,5,0,0,0,0,1,1,6,2,31,6,1598,1,13,1,1
2014170L30124,1,9,0,3,0,0,0,0,0,0,2,1,2,2,18,4,-1,-1,-1,8,2
2014170L30124,2,19,0,18,0,0,0,0,0,0,1,1,1,1,31,6,1896,2,12,1,1
2014170L30134,1,9,0,18,0,1,0,0,0,0,1,1,2,2,60,9,1499,2,1,4,3
2014170L30204,1,9,0,18,0,0,0,0,0,0,1,1,2,1,41,7,1360,1,11,5,1
2014170L30204,2,9,0,18,0,0,0,0,0,0,1,1,2,1,54,8,2179,2,1,2,3
2014170L30264,1,9,0,18,0,8,0,0,0,0,4,1,2,2,20,4,973,1,14,2,2
2014170L30264,2,9,0,9,0,4,0,0,0,0,1,1,6,1,64,9,1368,1,6,7,1
2014170L30324,1,5,0,18,0,8,0,0,0,0,1,1,6,1,57,9,1137,1,16,-1,1
2014170L30324,2,19,0,9,0,8,0,0,0,0,1,1,6,1,55,8,1461,2,3,-1,-1
2014170L30364,1,9,0,7,0,0,0,0,0,0,4,1,6,2,71,10,1396,1,9,2,1
2014170L30364,2,1,0,18,0,0,0,0,0,0,1,1,6,1,42,7,-1,-1,-1,3,1
2014170L30404,1,9,0,18,0,8,0,0,0,0,4,1,6,1,43,7,1560,2,2,4,1
2014170L30404,2,9,0,7,0,8,0,0,0,0,1,1,6,2,78,11,1197,1,3,7,3
2014170L30434,1,9,0,2,0,0,0,0,0,0,2,1,2,1,45,7,1781,1,14,8,1
2014170L30434,2,9,0,18,0,0,0,0,0,0,1,1,2,1,29,6,998,1,10,-1,-1
2014170L30444,1,9,0,9,0,8,0,0,0,0,1,1,6,1,33,6,1560,2,1,4,1
2014170L30444,2,9,0,18,0,8,0,0,0,0,1,1,6,2,42,7,1248,2,3,3,1
2014170L30444,3,9,0,18,0,1,0,0,0,0,0,1,1,1,34,6,2179,2,1,-1,3
2014170L30464,1,9,0,10,0,1,0,0,0,0,2,1,6,1,55,8,998,1,11,2,1
2014170L30464,2,20,0,18,0,1,0,0,0,0,1,1,1,1,61,9,4580,2,7,9,1
2014170L30534,1,9,0,18,0,0,0,0,0,0,4,1,6,1,-1,-1,1461,2,8,2,1
2014170L30564,1,9,0,18,0,8,0,0,0,0,1,1,6,1,42,7,1598,2,3,6,1
2014170L30564,2,9,0,9,0,8,0,0,0,0,1,1,6,2,19,4,1598,1,12,10,1
2014170L30594,1,9,0,1,0,0,0,0,0,0,2,1,6,2,45,7,1598,1,11,3,1
2014170L30594,2,9,0,1,0,0,0,0,0,0,2,1,6,2,63,9,1248,1,2,-1,1
2014170L30624,1,9,0,9,0,8,0,0,7,1,1,1,6,1,26,6,1999,1,6,-1,2
2014170L30624,2,8,0,18,0,8,0,0,0,0,1,1,6,2,50,8,-1,-1,-1,1,1
2014170L30654,1,19,0,9,0,8,0,0,0,0,3,1,6,2,34,6,2496,2,16,4,3
2014170L30654,2,5,0,13,0,8,0,0,0,0,1,1,6,1,43,7,937,1,17,2,1
2014170L30684,1,8,0,18,0,0,0,0,0,0,3,1,1,1,27,6,1896,2,7,8,1
2014170L30684,2,1,0,18,0,0,0,0,0,0,1,1,6,1,9,2,-1,-1,-1,2,1
2014170L30764,1,9,0,1,0,0,0,0,0,0,2,1,6,2,34,6,1598,1,12,1,1
2014170L30774,1,9,0,9,0,8,0,0,0,0,3,1,6,2,41,7,1984,1,12,1,1
2014170L30774,2,9,0,9,0,3,0,0,0,0,4,1,6,2,47,8,1798,1,6,5,2
2014170L30784,1,21,1,5,0,6,0,0,0,0,0,1,1,1,52,8,-1,-1,-1,-1,-1
2014170L30784,2,11,0,12,0,2,0,0,0,0,2,1,1,1,26,6,12000,2,8,5,1
2014170L30784,3,9,0,18,0,2,0,0,0,0,1,1,2,2,39,7,1998,1,11,8,2
2014170L30884,1,9,0,3,0,0,0,0,0,0,2,1,6,2,36,7,998,1,1,4,1
2014170L30884,2,9,0,18,0,0,0,0,0,0,1,1,6,1,23,5,1398,1,1,1,1
2014170L30914,1,9,0,9,0,8,0,0,0,0,3,1,6,1,63,9,2231,2,1,8,1
2014170L30914,2,9,0,18,0,4,0,0,0,0,1,1,6,1,46,8,1296,1,6,5,2
2014170L30944,1,9,0,3,0,2,0,0,0,0,2,1,6,1,76,11,1086,1,7,5,1
2014170L30944,2,9,0,18,0,2,0,0,0,0,1,1,6,1,51,8,1560,2,8,4,1
2014170L30954,1,9,0,18,0,1,0,0,0,0,1,1,6,1,30,6,1248,2,5,1,1
2014170L30954,2,9,0,3,0,1,0,0,0,0,2,1,6,1,51,8,1896,2,12,4,1
2014170L30964,1,9,0,1,0,8,0,0,0,0,0,1,6,2,56,9,1360,1,9,1,2
2014170L31044,1,19,0,18,0,0,0,0,0,0,4,1,1,1,42,7,-1,-1,-1,7,1
2014170L31084,1,11,0,18,0,0,0,0,0,0,0,1,1,1,43,7,-1,2,16,1,1
2014170L31144,1,9,0,9,0,8,0,0,0,0,1,1,6,1,86,11,973,1,14,4,1
2014170L31144,2,1,0,17,0,8,0,0,0,0,1,1,6,1,13,3,-1,-1,-1,1,1
2014170L31274,1,9,0,14,0,2,0,0,0,0,1,1,6,2,25,5,1149,1,13,-1,1
2014170L31274,2,9,0,18,0,1,0,0,0,0,1,1,6,2,21,5,1108,1,12,6,1
2014170L31304,1,9,0,9,0,8,0,0,0,0,1,1,6,2,72,10,1389,1,12,4,1
2014170L31304,2,9,0,18,0,8,0,0,0,0,1,1,6,2,17,4,998,1,11,9,2
2014170L31354,1,9,0,3,0,0,0,0,0,0,2,1,6,1,27,6,1900,2,15,4,1
2014170L31354,2,9,0,18,0,0,0,0,0,0,1,1,6,1,22,5,1850,1,13,1,1
2014170L31384,1,9,0,18,0,0,0,0,0,0,4,1,2,1,36,7,1796,1,11,2,1
2014170L31394,1,9,0,18,0,1,0,0,0,0,1,1,6,1,80,11,1298,1,11,1,1
2014170L31394,2,11,0,7,0,2,0,0,0,0,1,1,1,1,43,7,5900,2,17,1,1
2014170L31414,1,9,0,3,0,0,0,0,0,0,2,1,6,2,29,6,1560,2,-1,2,1
2014170L31414,2,9,0,18,0,0,0,0,0,0,1,1,6,1,66,10,1298,1,14,4,3
2014170L31434,1,9,0,18,0,8,0,0,0,0,4,1,6,2,56,9,1598,1,4,9,1
2014170L31434,2,11,0,18,0,8,0,0,0,0,1,1,1,1,51,8,6700,2,4,-1,1
2014170L31444,1,9,0,6,0,0,0,0,0,0,4,1,6,1,64,9,1598,1,12,1,1
2014170L31444,2,3,0,18,0,0,0,0,0,0,1,1,4,1,20,4,125,1,9,1,1
2014170L31464,1,9,0,3,0,0,0,0,0,0,2,1,6,1,48,8,1995,2,2,5,1
2014170L31464,2,9,0,18,0,0,0,0,0,0,1,1,6,1,-1,-1,1598,1,12,-1,-1
2014170L31624,1,11,0,9,0,8,0,0,0,0,4,1,1,1,30,6,-1,-1,-1,4,1
2014170L31624,2,9,0,18,0,8,0,0,0,0,1,1,6,1,50,8,1596,1,13,1,1
2014170L31744,1,9,0,18,0,8,0,0,0,0,1,1,6,1,27,6,1796,1,8,-1,1
2014170L31744,2,9,0,9,0,8,0,0,0,0,1,1,6,2,17,4,1368,1,8,8,2
2014170L31794,1,9,0,4,9,1,0,0,0,0,1,1,6,1,34,6,1242,1,13,-1,-1
2014170L31824,1,9,0,18,0,1,0,0,0,0,1,1,6,1,27,6,1527,2,12,2,2
2014170L31824,2,9,0,7,0,1,0,0,0,0,2,1,6,1,41,7,1149,1,11,2,1
2014170L31834,1,9,0,6,0,8,0,0,0,0,1,1,6,2,82,11,1149,1,7,8,1
2014170L31834,2,8,0,18,0,8,0,0,0,0,3,1,1,1,62,9,1896,2,5,-1,-1
2014170L31934,1,8,0,6,0,0,0,0,0,0,1,1,1,1,29,6,1896,2,4,5,2
2014170L31944,1,9,0,18,0,1,0,0,0,0,1,1,6,1,26,6,1198,1,9,3,1
2014170L31944,2,1,0,18,0,1,0,0,0,0,1,1,6,1,14,3,-1,-1,-1,-1,1
2014170L31984,1,22,0,18,9,0,0,0,0,0,1,1,6,1,85,11,-1,-1,-1,3,1
2014170L31984,2,9,0,2,0,0,0,0,0,0,3,1,6,1,57,9,3980,1,22,8,2
2014170L32004,1,9,0,7,0,8,0,0,0,0,4,1,6,1,60,9,1396,1,4,7,1
2014170L40154,1,9,0,9,9,5,0,0,0,0,1,1,6,1,35,6,1686,2,13,-1,1
2014170L40154,2,1,0,18,9,5,0,0,0,0,1,1,6,1,25,5,-1,-1,-1,3,2
2014170L40194,1,9,0,18,0,0,0,0,0,0,1,1,2,1,19,4,1242,1,12,8,1
2014170L40194,2,9,0,18,0,0,0,0,0,0,1,1,2,1,43,7,1910,2,11,3,1
2014170L40243,1,9,0,9,0,2,0,0,0,0,1,1,6,1,68,10,1362,1,2,4,1
2014170L40274,1,9,0,9,0,5,0,0,0,0,1,1,6,2,63,9,1686,2,10,-1,2
2014170L40274,2,4,0,18,0,1,0,0,0,0,1,1,6,1,-1,-1,-1,-1,-1,-1,-1
2014170L40314,1,9,0,16,0,0,0,0,1,7,4,1,6,1,17,4,1598,1,11,1,1
2014170L40424,1,9,0,18,0,8,0,0,0,0,1,1,6,1,28,6,1753,2,14,2,3
2014170L40424,2,9,0,9,0,8,0,0,0,0,1,1,6,1,-1,-1,-1,-1,-1,-1,-1
2014170L40604,1,9,0,17,0,0,0,0,1,2,1,1,6,1,17,4,998,1,6,5,1
2014170L40674,1,9,0,18,0,1,0,0,0,0,1,1,6,2,48,8,1796,1,7,8,2
2014170L40704,1,9,0,18,0,4,0,0,0,0,1,1,6,2,19,4,1368,1,5,2,2
2014170L40704,2,9,0,5,0,4,0,0,0,0,2,1,6,1,54,8,1910,2,7,8,2
2014170L40734,1,9,0,18,0,1,5,0,0,0,4,1,6,1,58,9,1560,2,6,1,1
2014170L40734,2,19,0,2,0,2,0,0,0,0,3,1,6,1,37,7,2198,2,6,7,2
2014170L40754,1,9,0,9,0,8,0,0,0,0,4,1,6,1,66,10,1870,2,10,2,2
2014170L40754,2,9,0,18,0,8,0,0,0,0,1,1,6,1,19,4,1796,1,9,4,3
2014170L40854,1,1,0,18,0,8,0,0,0,0,4,1,6,1,39,7,-1,-1,-1,4,1
2014170L40854,2,9,0,9,0,8,0,0,0,0,1,1,6,1,69,10,-1,-1,-1,8,2
2014170L40864,1,9,0,3,0,1,0,0,0,0,2,1,6,1,60,9,1198,1,11,6,1
2014170L40864,2,9,0,18,0,1,0,0,0,0,1,1,6,1,-1,-1,1386,1,7,-1,-1
2014170L40984,1,9,0,18,0,1,0,0,0,0,1,1,6,2,32,6,1299,1,11,5,2
2014170L40984,2,9,0,3,0,1,0,0,0,0,2,1,6,1,42,7,1396,1,13,2,2
2014170L41114,1,9,0,18,0,0,0,0,1,0,1,1,6,1,-1,-1,-1,-1,-1,-1,-1
2014170L41234,1,9,0,16,0,8,0,0,0,0,1,1,6,2,19,4,1108,1,11,4,2
2014170L41234,2,9,0,17,0,8,0,0,0,0,1,1,6,1,32,6,1390,1,7,4,2
2014170L41514,1,9,0,18,0,0,0,0,0,0,3,1,6,1,79,11,1339,1,-1,7,2
2014170L41784,1,10,0,3,0,2,0,0,0,0,2,1,1,1,50,8,-1,-1,-1,-1,-1
2014170L41784,2,9,0,18,0,2,0,0,0,0,1,1,2,1,59,9,1998,2,7,2,2
2014170L41854,1,9,0,18,0,0,0,0,0,0,1,1,6,1,64,9,2967,1,13,4,1
2014170L41914,1,9,0,16,0,8,0,0,0,0,1,1,2,2,21,5,998,1,6,2,2
2014170L41914,2,9,0,17,0,8,0,0,0,0,1,1,6,2,60,9,1995,2,9,6,2
2014170L42014,1,9,0,4,0,0,0,0,0,0,2,1,6,1,46,8,1598,1,12,2,2
2014170L42014,2,9,0,18,0,0,0,0,0,0,1,1,6,1,-1,-1,1998,2,10,8,2
2014170L42034,1,8,0,13,0,0,0,0,0,0,0,1,1,3,-1,-1,-1,-1,-1,-1,-1
2014170L42034,2,1,0,18,0,0,0,0,1,11,4,1,6,1,27,6,-1,-1,-1,2,2
2014170L50794,1,9,0,1,0,1,0,0,0,0,2,1,6,1,43,7,1461,2,7,4,2
2014170L51014,1,9,0,18,0,0,0,0,0,0,1,1,2,1,47,8,-1,-1,-1,8,1
2014170L51554,1,9,0,18,0,0,0,0,0,0,1,1,6,2,24,5,1299,1,12,1,3
2014170L51554,2,9,0,18,0,0,0,0,0,0,1,1,6,1,59,9,2400,2,-1,-1,2
2014170L51674,1,3,0,18,0,0,1,0,0,0,4,1,6,1,21,5,125,1,7,-1,2
2014170M10014,1,9,0,9,0,8,0,0,0,0,3,1,6,2,21,5,1149,1,10,2,2
2014170M10014,2,11,0,18,0,8,0,0,0,0,1,1,1,2,41,7,6871,2,15,1,1
2014170M10064,1,9,0,12,0,0,2,0,1,7,3,1,2,1,19,4,-1,-1,-1,8,1
2014170M10064,2,9,0,11,0,0,2,0,1,7,4,1,2,1,32,6,2993,2,11,1,1
2014170M10074,1,9,0,1,0,0,0,0,0,0,0,1,6,1,43,7,1956,2,5,8,1
2014170M10084,1,9,0,18,0,0,0,0,0,0,3,1,6,1,21,5,-1,-1,-1,8,1
2014170M10084,2,9,0,5,0,0,0,0,0,0,1,1,6,1,40,7,1956,2,5,8,1
2014170M10094,1,9,0,18,0,8,0,0,0,0,1,1,6,2,25,5,1998,1,10,-1,1
2014170M10094,2,9,0,10,0,8,0,0,0,0,2,1,6,2,30,6,1198,1,8,4,1
2014170M10104,1,9,0,3,0,1,0,0,0,0,2,1,6,2,22,5,1598,1,10,5,1
2014170M10104,2,8,0,3,0,1,0,0,0,0,2,1,6,1,-1,-1,-1,-1,-1,-1,-1
2014170M10104,3,8,0,18,0,1,0,0,0,0,1,1,6,1,-1,-1,-1,-1,-1,-1,-1
2014170M10114,1,19,0,11,0,0,0,0,0,0,4,1,6,1,-1,-1,2198,2,7,-1,-1
2014170M10114,2,19,0,18,0,0,0,0,0,0,3,1,1,1,44,7,1868,2,14,1,1