Accident_Index,Vehicle_Reference,Vehicle_Type,Towing_and_Articulation,Vehicle_Manoeuvre,Vehicle_Location-Restricted_Lane,Junction_Location,Skidding_and_Overturning,Hit_Object_in_Carriageway,Vehicle_Leaving_Carriageway,Hit_Object_off_Carriageway,1st_Point_of_Impact,Was_Vehicle_Left_Hand_Drive?,Journey_Purpose_of_Driver,Sex_of_Driver,Age_of_Driver,Age_Band_of_Driver,Engine_Capacity_(CC),Propulsion_Code,Age_of_Vehicle,Driver_IMD_Decile,Driver_Home_Area_Type
2014170M12294,2,9,0,18,0,8,0,0,0,0,1,1,6,2,40,7,1596,1,1,3,1
2014170M12304,1,9,0,3,0,1,0,0,0,0,2,1,2,2,42,7,2987,2,7,4,1
2014170M12304,2,9,0,18,0,1,0,0,0,0,1,1,2,2,19,4,1242,1,-1,1,1
2014170M12324,1,9,0,12,0,1,0,10,0,0,1,1,6,1,20,4,1596,1,4,10,1
2014170M12324,2,9,0,18,0,1,0,0,0,0,4,1,6,2,22,5,999,1,3,1,1
2014170M12324,3,9,0,18,0,1,0,0,0,0,3,1,6,1,60,9,1398,1,2,6,1
2014170M12324,4,9,0,18,0,2,0,0,0,0,2,1,6,1,46,8,2401,2,12,1,2
2014170M12334,1,9,0,18,0,8,0,0,0,0,1,1,6,2,57,9,1248,1,1,5,1
2014170M12334,2,9,0,9,0,8,0,0,0,0,4,1,6,2,-1,-1,998,1,1,10,1
2014170M12344,1,9,0,7,0,8,0,0,0,0,1,1,6,1,-1,-1,-1,-1,-1,-1,-1
2014170M12344,2,1,0,18,0,8,0,0,0,0,2,1,2,2,41,7,-1,-1,-1,1,1
2014170M12354,1,9,0,1,0,0,0,0,0,0,2,1,6,2,33,6,1995,2,1,-1,1
2014170M12364,1,9,0,18,0,0,0,0,0,0,1,1,6,1,19,4,1396,1,4,8,1
2014170M12394,1,9,0,3,0,1,0,0,0,0,2,1,6,1,59,9,2184,2,9,4,1
2014170M12394,2,8,0,18,0,1,0,0,0,0,1,1,1,1,-1,-1,1896,2,7,1,1
2014170M12404,1,9,0,3,0,0,0,0,0,0,2,1,2,1,50,8,1399,2,7,-1,1
2014170M12404,2,19,0,18,0,0,0,0,0,0,1,1,1,1,34,6,2402,2,2,1,1
2014170M12414,1,9,0,4,0,1,0,0,0,0,2,1,2,2,46,8,2148,2,5,8,1
2014170M12414,2,8,0,4,0,1,0,0,0,0,1,1,1,1,31,6,1896,2,4,8,1
2014170M12424,1,3,0,5,0,1,0,0,0,0,2,1,6,1,61,9,124,1,8,1,1
2014170M12424,2,9,0,9,0,1,0,0,0,0,1,1,6,2,28,6,1598,1,10,3,1
2014170M12434,1,3,0,18,0,8,0,0,0,0,1,1,6,1,28,6,-1,-1,-1,-1,1
2014170M12434,2,9,0,9,0,8,0,0,0,0,3,1,6,2,44,7,1360,1,2,6,1
2014170M12444,1,9,0,18,0,0,0,0,4,6,1,1,6,2,22,5,1598,1,12,5,3
2014170M12454,1,8,0,18,0,2,0,0,0,0,4,1,1,1,22,5,1968,2,5,-1,-1
2014170M12464,1,9,0,18,0,8,0,0,0,0,1,1,6,2,21,5,1124,1,11,1,1
2014170M12464,2,9,0,18,0,8,0,0,1,10,3,1,6,2,35,6,2143,2,4,7,1
2014170M12474,1,9,0,9,0,2,0,0,0,0,1,1,6,2,19,4,998,1,1,-1,3
2014170M12474,2,4,0,3,0,2,0,0,0,0,2,1,6,1,35,6,250,1,6,3,1
2014170M12484,1,8,0,9,0,8,0,0,0,0,1,1,1,1,48,8,1896,2,4,9,1
2014170M12484,2,1,0,18,0,8,0,0,0,0,2,1,6,1,45,7,-1,-1,-1,1,1
2014170M12494,1,9,0,11,4,0,0,0,0,0,4,1,6,1,51,8,1242,1,10,-1,1
2014170M12494,2,1,0,18,4,0,0,0,0,0,3,1,2,1,53,8,-1,-1,-1,8,1
2014170M12504,1,9,0,18,0,8,0,0,0,0,4,1,6,2,28,6,1368,1,7,1,1
2014170M12504,2,9,0,9,0,4,0,0,0,0,1,1,6,1,73,10,1388,1,4,9,1
2014170M12514,1,19,0,18,0,0,0,0,0,0,4,1,1,1,23,5,1996,2,3,8,1
2014170M12524,1,9,0,9,0,6,0,0,0,0,4,1,6,1,47,8,1997,1,6,1,1
2014170M12524,2,9,0,18,0,8,0,0,0,0,3,1,6,2,38,7,1248,2,10,1,1
2014170M12534,1,9,0,8,0,1,0,0,0,0,2,1,6,2,20,4,-1,-1,-1,5,1
2014170M12534,2,9,0,7,0,1,0,0,0,0,1,1,6,1,50,8,1248,1,2,1,1
2014170M12544,1,9,0,2,0,2,0,0,0,0,1,1,1,1,35,6,1248,2,2,-1,-1
2014170M12544,2,9,0,18,0,1,0,0,0,0,1,1,6,1,22,5,-1,-1,-1,-1,-1
2014170M12554,1,9,0,9,0,8,0,0,0,0,1,1,6,2,62,9,996,1,3,1,1
2014170M12554,2,1,0,18,0,8,0,0,0,0,1,1,2,1,48,8,-1,-1,-1,8,1
2014170M12564,1,8,0,9,0,8,0,0,0,0,1,1,1,1,56,9,1598,2,4,7,1
2014170M12564,2,1,0,18,0,8,0,0,0,0,1,1,6,1,34,6,-1,-1,-1,9,1
2014170M12584,1,19,0,9,0,8,0,0,0,0,4,1,6,1,72,10,1686,2,12,5,1
2014170M12584,2,9,0,17,0,8,0,0,0,0,1,1,6,1,39,7,1995,2,10,-1,-1
2014170M12604,1,9,0,18,0,8,0,0,0,0,1,1,6,1,21,5,1229,1,9,1,1
2014170M12604,2,19,0,9,0,8,0,0,0,0,1,1,1,1,49,8,12913,2,6,5,1
2014170M12614,1,9,0,18,0,4,0,0,0,0,1,1,6,1,78,11,1598,2,1,4,1
2014170M12614,2,8,0,18,0,8,0,0,0,0,4,1,1,1,33,6,1896,2,4,4,1
2014170M12624,1,9,0,18,0,0,0,0,0,0,1,1,2,2,21,5,1206,1,-1,5,1
2014170M12624,2,9,0,4,0,0,0,0,0,0,2,1,2,1,42,7,1896,2,6,5,3
2014170M12654,1,9,0,18,0,0,0,0,0,0,1,1,6,2,-1,-1,1995,2,11,-1,1
2014170M12654,2,9,0,3,0,0,0,0,0,0,2,1,6,1,67,10,1461,2,1,-1,1
2014170M12664,1,9,0,3,0,0,0,0,0,0,4,1,1,1,38,7,1248,2,2,-1,-1
2014170M12664,2,9,0,1,0,0,0,0,0,0,2,1,6,1,28,6,-1,-1,-1,1,1
2014170M12664,3,8,0,2,0,0,0,0,0,0,4,1,1,1,46,8,1896,2,7,5,1
2014170M12684,1,9,0,18,0,8,0,0,0,0,1,1,6,2,52,8,1796,1,10,1,1
2014170M12684,2,1,0,18,0,6,0,0,0,0,1,1,6,1,34,6,-1,-1,-1,-1,-1
2014170M12694,1,5,0,4,0,1,1,0,0,0,3,1,6,2,55,8,-1,-1,-1,8,1
2014170M12714,1,9,0,18,0,8,0,0,0,0,4,1,6,2,52,8,1598,2,3,1,1
2014170M12714,2,9,0,9,0,8,0,0,0,0,1,1,6,2,46,8,1397,1,5,10,1
2014170M12724,1,9,0,10,0,1,0,0,0,0,2,1,6,2,26,6,998,1,3,1,1
2014170M12724,2,9,0,9,0,1,0,0,0,0,1,1,6,3,-1,-1,-1,-1,-1,-1,-1
2014170M12734,1,9,0,8,0,1,0,0,0,0,2,1,2,1,42,7,1997,2,10,1,1
2014170M12734,2,9,0,7,0,1,0,0,0,0,1,1,6,1,60,9,-1,-1,-1,1,1
2014170M12744,1,9,0,18,0,8,0,0,0,0,1,1,6,1,18,4,1896,2,7,8,1
2014170M12744,2,9,0,18,0,8,0,0,0,0,4,1,6,2,37,7,1796,1,6,1,1
2014170M12754,1,9,0,4,0,0,0,0,0,0,2,1,6,1,19,4,1242,1,16,2,1
2014170M12754,2,9,0,18,0,0,0,0,0,0,1,1,6,3,-1,-1,998,1,12,-1,-1
2014170M12784,1,9,0,9,0,8,0,0,0,0,1,1,6,1,54,8,973,1,14,-1,1
2014170M12784,2,1,0,18,0,8,0,0,0,0,1,1,2,1,51,8,-1,-1,-1,8,1
2014170M12794,1,9,0,7,0,8,0,0,0,0,1,1,6,1,30,6,1995,2,7,1,1
2014170M12794,2,1,0,18,0,8,0,0,0,0,4,1,6,1,48,8,-1,-1,-1,3,1
2014170M12804,1,9,0,1,0,0,0,0,0,0,2,1,6,3,-1,-1,-1,-1,-1,-1,-1
2014170M12834,1,9,0,9,0,2,0,0,0,0,1,1,6,1,-1,-1,1968,2,6,-1,-1
2014170M12854,1,9,0,18,0,0,0,0,0,0,1,1,6,2,-1,-1,1968,2,5,-1,-1
2014170M12854,2,9,0,3,0,0,0,0,0,0,2,1,6,2,22,5,999,1,-1,2,1
2014170M12864,1,9,0,1,0,6,0,0,0,0,2,1,6,1,47,8,1910,2,8,1,1
2014170M12884,1,9,0,18,0,2,0,0,0,0,1,1,6,2,40,7,1242,1,13,8,1
2014170M12904,1,9,0,3,0,0,0,0,0,0,2,1,2,1,48,8,1995,2,4,6,1
2014170M12904,2,9,0,3,0,0,0,0,0,0,2,1,2,1,48,8,2499,2,12,2,1
2014170M12904,3,9,0,18,0,0,0,0,0,0,1,1,2,1,30,6,1199,1,12,2,1
2014170M12914,1,9,0,2,0,1,0,0,0,0,1,1,6,1,24,5,1391,1,14,1,1
2014170M12914,2,9,0,18,0,2,0,0,0,0,1,1,6,1,33,6,1598,1,8,8,1
2014170M12924,1,19,0,7,0,8,0,0,0,0,1,1,1,1,24,5,2143,2,-1,5,1
2014170M12934,1,8,0,7,0,8,0,0,0,0,1,1,1,1,22,5,1753,2,7,1,1
2014170M12934,2,1,0,18,0,8,0,0,0,0,4,1,2,1,32,6,-1,-1,-1,-1,-1
2014170M12944,1,9,0,18,0,8,0,0,0,0,1,1,6,1,49,8,1598,1,12,8,1
2014170M12944,2,9,0,4,0,1,1,0,0,0,1,1,6,1,39,7,1799,1,16,-1,-1
2014170M12974,1,9,0,18,0,8,0,0,0,0,1,1,6,1,27,6,998,1,10,6,1
2014170M12974,2,19,0,9,0,5,0,0,0,0,1,1,1,1,-1,-1,2198,2,4,-1,-1
2014170M12984,1,9,0,7,0,2,0,0,0,0,1,1,6,1,63,9,1582,2,1,3,1
2014170M12984,2,1,0,18,0,6,0,0,0,0,1,1,6,1,28,6,-1,-1,-1,1,1
2014170M12994,1,9,0,18,0,0,5,0,0,0,1,1,6,2,57,9,999,1,2,5,1
2014170M12994,2,9,0,2,0,0,0,0,0,0,2,1,6,2,-1,-1,1124,1,13,5,1
2014170M12994,3,9,0,2,0,0,0,0,0,0,4,1,6,1,-1,-1,2497,1,9,5,1
2014170M12994,4,9,0,2,0,0,0,0,0,0,4,1,6,1,-1,-1,1461,2,4,5,1
2014170M12994,5,9,0,2,0,0,0,0,0,0,3,1,6,1,-1,-1,1896,2,13,-1,-1
2014170M13004,1,9,0,3,0,0,0,0,0,0,2,1,2,1,40,7,1596,1,8,10,2
2014170M13004,2,19,0,3,0,0,0,0,0,0,2,1,2,1,32,6,2402,2,3,2,1
2014170M13004,3,9,0,3,0,0,0,0,0,0,2,1,6,1,70,10,2179,2,6,8,1
2014170M13004,4,19,0,18,0,0,0,0,0,0,1,1,2,1,36,7,1968,2,2,8,1
2014170M13014,1,9,0,8,0,1,0,0,0,0,2,1,2,2,19,4,1598,1,6,5,1
2014170M13014,2,9,0,18,0,1,0,0,0,0,1,1,6,3,-1,-1,-1,-1,-1,-1,-1
2014170M13044,1,8,0,5,0,1,0,0,0,0,4,1,1,1,55,8,1968,2,2,1,1
2014170M13054,1,9,0,4,0,0,0,0,0,0,2,1,6,1,33,6,1896,2,7,9,1
2014170M13054,2,9,0,4,0,0,0,0,0,0,2,1,6,2,53,8,2993,2,2,5,3
2014170M13054,3,9,0,18,0,0,0,0,0,0,1,1,6,1,63,9,-1,-1,-1,5,1
2014170M13064,1,1,0,5,0,6,0,0,0,0,1,1,6,1,22,5,-1,-1,-1,1,1
2014170M13064,2,9,0,5,0,1,0,0,0,0,3,1,6,3,-1,-1,-1,-1,-1,-1,-1
2014170M13114,1,9,0,7,0,6,0,0,0,0,1,1,1,2,42,7,1995,2,6,1,1
2014170M13114,2,1,0,18,0,8,0,0,0,0,1,1,2,1,34,6,-1,-1,-1,3,1
2014170M13124,1,17,0,7,0,6,0,0,0,0,0,1,1,1,40,7,-1,-1,-1,-1,-1
2014170M13124,2,9,0,3,0,1,0,0,0,0,2,1,6,2,32,6,1560,2,-1,6,1
2014170M13124,3,9,0,18,0,1,0,0,1,2,1,1,6,2,80,11,1360,1,12,8,1
2014170M13134,1,9,0,18,0,0,0,0,0,0,4,1,1,1,42,7,998,1,-1,8,1
2014170M13134,2,19,0,12,0,0,0,0,0,0,3,1,6,3,-1,-1,-1,-1,-1,-1,-1
2014170M13144,1,9,0,9,0,4,0,0,0,0,1,1,2,1,53,8,-1,-1,-1,5,1
2014170M13144,2,1,0,18,0,8,0,0,0,0,1,1,2,1,26,6,-1,-1,-1,1,1
2014170M13164,1,9,0,9,0,8,0,0,0,0,1,1,6,2,54,8,1598,1,10,2,1
2014170M13164,2,1,0,18,0,8,0,0,0,0,1,1,6,1,30,6,-1,-1,-1,-1,1
2014170M13174,1,9,0,9,0,8,0,0,0,0,4,1,6,1,52,8,1396,1,5,5,1
2014170M13174,2,3,0,18,0,8,0,0,0,0,1,1,6,3,-1,-1,-1,-1,-1,-1,-1
2014170M20034,1,9,0,18,0,0,0,0,0,0,1,1,6,2,56,9,1206,1,4,5,1
2014170M20034,2,9,0,4,0,0,0,0,0,0,2,1,6,2,35,6,2295,1,14,2,1
2014170M20034,3,9,0,4,0,0,0,0,0,0,2,1,6,2,44,7,1998,1,3,6,1
2014170M20154,1,9,0,18,0,0,0,0,0,0,1,1,6,1,30,6,1968,2,4,-1,-1
2014170M20454,1,9,0,3,0,1,0,0,0,0,2,1,6,2,47,8,1360,1,9,6,1
2014170M20454,2,9,0,18,0,1,0,0,0,0,1,1,6,1,20,4,1596,1,2,1,1
2014170M20624,1,1,0,9,0,8,0,0,0,0,4,1,2,1,43,7,-1,-1,-1,1,1
2014170M20624,2,9,0,18,0,4,0,0,0,0,1,1,6,1,-1,-1,1984,1,6,9,1
2014170M20644,1,9,0,9,0,4,0,0,0,0,3,1,6,2,29,6,1390,1,14,1,1
2014170M20644,2,10,0,18,0,8,0,0,0,0,1,1,1,1,46,8,2198,2,2,6,1
2014170M20724,1,9,0,3,0,1,0,0,0,0,2,1,6,1,35,6,1242,1,10,1,1
2014170M20724,2,9,0,18,0,1,0,0,0,0,1,1,6,2,36,7,1968,2,6,1,1
2014170M20734,1,9,0,18,0,1,0,0,0,0,1,1,6,2,54,8,1108,1,14,1,1
2014170M20734,2,8,0,3,0,1,0,0,0,0,2,1,1,1,54,8,1686,2,2,1,1
2014170M20744,1,9,0,18,0,1,0,0,0,0,1,1,6,1,79,11,1364,1,6,8,1
2014170M20744,2,19,0,10,0,1,0,0,0,0,2,1,1,1,30,6,-1,-1,-1,5,1
2014170M21004,1,22,0,18,0,0,0,0,0,0,1,1,6,1,-1,-1,-1,-1,-1,-1,-1
2014170M21034,1,4,0,13,0,8,0,0,0,0,1,1,6,3,-1,-1,-1,-1,-1,-1,-1
2014170M21034,2,9,0,9,0,8,0,0,0,0,3,1,6,1,22,5,1199,2,4,8,2
2014170M21164,1,9,0,18,0,2,0,0,0,0,4,1,6,3,-1,-1,-1,-1,-1,-1,-1
2014170M21174,1,9,0,7,0,2,0,0,0,0,1,1,6,3,-1,-1,-1,-1,-1,-1,-1
2014170M21174,2,8,0,3,0,2,0,0,0,0,2,1,1,1,25,5,1896,2,7,3,1
2014170M21304,1,9,0,3,0,0,0,0,0,0,2,1,6,1,60,9,-1,-1,-1,3,1
2014170M21304,2,9,0,18,0,0,0,0,0,0,1,1,6,1,26,6,1900,2,10,1,1
2014170M21384,1,8,0,18,0,8,0,0,0,0,4,1,1,1,43,7,1896,2,7,8,1
2014170M21384,2,9,0,9,0,8,0,0,0,0,1,1,6,1,-1,-1,1896,2,13,7,1
2014170M21484,1,9,0,18,0,0,0,0,0,0,4,1,6,1,34,6,1490,1,11,1,1
2014170M21484,2,1,0,18,0,0,0,0,0,0,1,1,6,1,12,3,-1,-1,-1,1,1
2014170M21564,1,9,0,7,0,8,0,0,0,0,4,1,6,2,26,6,1328,1,6,3,1
2014170M21564,2,1,0,18,0,6,0,0,0,0,1,1,6,1,51,8,-1,-1,-1,1,1
2014170M21714,1,1,0,18,0,8,0,0,0,0,1,1,6,1,17,4,-1,-1,-1,1,1
2014170M21714,2,9,0,10,0,8,0,0,0,0,3,1,2,2,20,4,1242,1,4,1,1
2014170M21874,1,9,0,3,0,0,0,0,0,0,2,1,6,1,47,8,-1,-1,-1,1,1
2014170M21874,2,9,0,18,0,0,0,0,0,0,1,1,6,2,42,7,-1,-1,-1,1,1
2014170M21914,1,3,0,14,0,8,0,0,0,0,1,1,2,1,42,7,49,1,3,1,1
2014170M21914,2,19,0,9,0,8,0,0,0,0,1,1,2,1,40,7,1870,2,12,-1,-1
2014170M21964,1,9,0,18,0,0,0,0,0,0,1,1,6,2,49,8,973,1,15,4,1
2014170M21974,1,9,0,18,0,0,0,0,0,0,1,1,6,1,23,5,1229,1,1,1,1
2014170M22014,1,9,0,4,0,0,0,0,0,0,2,1,6,2,20,4,998,1,6,5,1
2014170M22014,2,9,0,18,0,0,0,0,0,0,1,1,6,1,40,7,2179,2,11,1,1
2014170M22044,1,9,0,7,0,8,0,0,0,0,1,1,6,1,33,6,1400,1,14,2,2
2014170M22044,2,9,0,10,0,1,0,0,0,0,3,1,6,1,33,6,2496,2,10,1,1
2014170M22144,1,9,0,18,0,0,0,0,0,0,1,1,6,1,41,7,1560,2,6,1,1
2014170M22174,1,9,0,9,0,8,0,0,0,0,3,1,6,2,34,6,1560,2,2,1,1
2014170M22174,2,1,0,18,0,6,0,0,0,0,1,1,6,1,42,7,-1,-1,-1,1,1
2014170M22314,1,9,0,18,0,8,0,0,0,0,1,1,6,1,18,4,1796,1,12,9,3
2014170M22314,2,9,0,18,0,8,0,0,0,0,1,1,1,1,42,7,1998,1,4,-1,-1
2014170M22644,1,9,0,3,0,0,0,0,0,0,2,1,6,2,24,5,1242,1,13,1,1
2014170M22644,2,9,0,18,0,0,0,0,0,0,1,1,6,1,24,5,1598,1,9,1,1
2014170M22674,1,1,0,18,0,6,0,0,0,0,1,1,6,1,37,7,-1,-1,-1,1,1
2014170M22674,2,9,0,18,0,1,0,0,0,0,4,1,6,2,28,6,1364,1,3,1,1
2014170M22764,1,9,0,18,0,2,0,0,0,0,1,1,6,2,57,9,1388,1,7,7,3
2014170M22764,2,9,0,18,0,2,0,0,0,0,2,1,6,3,-1,-1,1242,1,11,-1,-1
2014170M22814,1,9,0,3,0,1,0,0,0,0,2,1,6,1,21,5,1995,2,4,9,1
2014170M22814,2,9,0,18,0,1,0,0,0,0,1,1,6,1,18,4,998,1,5,-1,-1
2014170M22824,1,19,0,18,0,1,0,0,0,0,1,1,1,1,27,6,2198,2,2,1,1
2014170M22824,2,9,0,3,0,1,0,0,0,0,2,1,6,1,66,10,-1,-1,-1,6,1
2014170M22824,3,9,0,3,0,1,0,0,0,0,2,1,6,2,66,10,1229,1,9,3,1
2014170M22824,4,19,0,3,0,1,0,0,0,0,2,1,1,1,60,9,1753,2,11,6,1
2014170M22824,5,9,0,3,0,1,0,0,0,0,2,1,6,1,58,9,2231,2,8,3,1
2014170M22874,1,3,0,9,0,8,0,0,0,0,1,1,6,1,17,4,-1,-1,-1,1,1
2014170M22874,2,9,0,7,0,8,0,0,0,0,1,1,6,3,-1,-1,-1,-1,-1,-1,-1
2014170M22964,1,9,0,18,0,0,0,0,0,0,1,1,6,1,60,9,1461,2,2,4,1
2014170M23034,1,9,0,7,0,0,0,0,0,0,3,1,6,1,42,7,-1,-1,-1,1,1
2014170M23034,2,97,0,18,0,0,0,0,0,0,1,1,6,1,20,4,-1,-1,-1,-1,-1
2014170M23154,1,9,0,18,0,0,0,0,0,0,4,1,6,2,46,8,1598,2,2,8,3
2014170M30024,1,9,0,9,0,8,0,0,0,0,1,1,6,1,73,10,1339,1,8,4,1
2014170M30024,2,9,0,18,0,8,0,0,0,0,1,1,6,1,20,4,2993,2,2,-1,3
2014170M30214,1,9,0,12,0,0,0,0,0,0,3,1,6,1,29,6,1598,1,13,3,1
2014170M30214,2,9,0,18,0,0,5,0,1,0,1,1,6,1,53,8,2477,2,10,9,3
2014170M30314,1,9,0,18,0,0,0,0,0,0,1,1,6,2,20,4,1199,1,10,6,1
2014170M30314,2,9,0,4,0,0,0,0,0,0,2,1,6,1,65,9,1248,2,-1,2,2
2014170M30484,1,5,0,13,0,0,0,0,0,0,4,1,2,1,48,8,675,1,3,7,1
2014170M30484,2,9,0,12,0,0,0,0,0,0,3,1,2,2,23,5,1600,1,3,9,1
2014170M30514,1,9,0,10,0,1,0,0,0,0,2,1,2,2,40,7,1086,1,8,6,3
2014170M30514,2,9,0,9,0,1,0,0,0,0,1,1,2,2,55,8,998,1,3,8,1
2014170M30584,1,9,0,18,0,0,0,0,0,0,3,1,2,2,45,7,1388,1,11,7,1
2014170M30584,2,9,0,1,0,0,0,0,0,0,2,1,2,2,43,7,1598,2,2,8,1
2014170M30614,1,9,0,4,0,0,0,0,0,0,2,1,6,1,59,9,1332,1,15,-1,-1
2014170M30614,2,9,0,18,0,0,0,0,0,0,1,1,6,2,69,10,1298,1,13,6,1
2014170M30784,1,9,0,7,0,8,0,0,0,0,4,1,6,1,35,6,1596,1,8,10,1
2014170M30784,2,1,0,15,0,8,0,0,0,0,1,1,6,1,23,5,-1,-1,-1,9,1
2014170M30794,1,9,0,8,0,1,0,0,0,0,4,1,6,1,21,5,1397,1,13,2,1
2014170M30994,1,9,0,18,0,8,0,0,0,0,1,1,6,2,35,6,1598,2,2,1,1
2014170M30994,2,9,0,9,0,3,0,0,0,0,4,1,6,1,28,6,1596,1,10,6,1
2014170M31024,1,9,0,18,0,0,0,0,0,0,1,1,6,1,23,5,1686,2,12,6,1
2014170M31024,2,9,0,3,0,0,0,0,0,0,2,1,6,1,45,7,1997,2,1,2,1
2014170M31024,3,9,0,18,0,0,0,0,0,0,1,1,6,2,49,8,1497,1,12,5,1
2014170M31064,1,9,0,3,0,1,0,0,0,0,2,1,6,2,47,8,1242,1,1,4,1
2014170M31064,2,9,0,18,0,1,0,0,0,0,1,1,6,1,22,5,-1,-1,-1,6,1
2014170M31094,1,9,0,7,0,8,0,0,0,0,1,1,2,2,43,7,-1,-1,-1,8,1
2014170M31094,2,1,0,18,0,8,0,0,0,0,4,1,6,1,26,6,-1,-1,-1,6,1
2014170M31274,1,5,0,3,0,0,0,0,0,0,2,1,2,2,44,7,645,1,5,-1,1
2014170M31274,2,9,0,18,0,0,0,0,0,0,1,1,2,1,32,6,2231,2,8,8,2
2014170M31294,1,9,0,18,0,1,0,0,0,0,1,1,6,2,64,9,1995,2,2,9,1
2014170M31294,2,19,0,3,0,1,0,0,0,0,2,1,1,1,23,5,2402,2,7,2,3
2014170M31424,1,9,0,7,0,8,0,0,0,0,1,1,6,1,17,4,1598,2,1,7,1
2014170M31424,2,9,0,9,0,8,0,0,0,0,1,1,6,1,52,8,-1,-1,-1,8,1
2014170M31454,1,9,0,18,0,0,0,0,0,0,1,1,2,1,20,4,998,1,2,-1,1
2014170M31454,2,9,0,3,0,0,0,0,0,0,2,1,2,1,55,8,1596,1,8,7,1
2014170M31454,3,9,0,3,0,0,0,0,0,0,2,1,2,2,30,6,1360,1,6,8,1
2014170M31454,4,9,0,3,0,0,0,0,0,0,2,1,2,1,34,6,1461,2,1,-1,1
2014170M31504,1,9,0,9,0,3,0,0,0,0,4,1,6,1,25,5,1984,1,6,2,1
2014170M31504,2,9,0,7,0,3,0,0,0,0,3,1,6,2,24,5,998,1,2,-1,1
2014170M31574,1,9,0,18,0,3,0,0,0,0,1,1,6,1,20,4,1390,1,10,8,1
2014170M31574,2,1,0,18,0,8,0,0,0,0,4,1,6,1,61,9,-1,-1,-1,9,1
2014170M31804,1,9,0,18,0,0,0,0,0,0,4,1,6,3,-1,-1,-1,-1,-1,-1,-1
2014170M31814,1,9,0,18,0,2,5,11,0,0,4,1,6,1,71,10,1242,1,11,6,1
2014170M31854,1,9,0,18,0,0,5,0,0,0,3,1,6,1,54,8,1598,1,9,1,1
2014170M31854,2,9,0,11,0,0,5,0,0,0,4,1,6,1,23,5,1798,1,7,6,1
2014170M32094,1,9,0,18,0,8,0,0,0,0,1,1,6,1,22,5,1390,1,4,8,1
2014170M32094,2,9,0,18,0,4,0,0,0,0,1,1,6,1,64,9,1386,1,5,7,1
2014170M32204,1,9,0,7,0,2,0,0,4,2,1,1,6,1,18,4,1229,1,3,9,1
2014170M32374,1,9,0,18,0,8,0,0,0,0,1,1,6,1,18,4,2351,1,8,-1,-1
2014170M32374,2,9,0,9,0,8,0,0,0,0,3,1,6,1,39,7,1242,1,-1,1,1
2014170M32384,1,9,0,9,0,8,0,0,0,0,3,1,6,2,20,4,1360,1,9,2,1
2014170M32384,2,9,0,18,0,8,0,0,0,0,1,1,2,1,59,9,999,1,-1,4,2
2014170M32574,1,9,0,18,0,0,0,0,0,0,1,1,2,2,28,6,1560,2,6,-1,-1
2014170M32574,2,1,0,18,0,0,0,0,0,0,2,1,2,1,24,5,-1,-1,-1,1,1
2014170M32594,1,9,0,9,0,8,0,0,0,0,1,1,6,1,36,7,-1,-1,-1,10,1
2014170M32704,1,9,0,3,0,0,0,0,0,0,2,1,6,2,17,4,1198,1,-1,-1,3
2014170M32704,2,9,0,18,0,0,0,0,0,0,1,1,6,3,-1,-1,-1,-1,-1,-1,-1
2014170M32774,1,9,0,18,0,0,0,0,0,0,3,1,6,1,34,6,1596,1,9,1,1
2014170M32774,2,9,0,11,0,0,0,0,0,0,4,1,6,3,-1,-1,-1,-1,-1,-1,-1
2014170M32954,1,9,0,4,0,0,0,0,0,0,2,1,6,2,22,5,998,1,3,-1,1
2014170M32954,2,9,0,4,0,0,0,0,0,0,2,1,6,2,41,7,1598,2,1,-1,-1
2014170M32954,3,9,0,18,0,0,0,0,0,0,1,1,6,1,48,8,1910,2,4,7,3
2014170S10064,1,9,0,8,0,1,0,0,0,0,2,1,6,1,29,6,1364,1,3,3,1
2014170S10064,2,9,0,7,0,1,0,0,0,0,1,1,6,3,-1,-1,-1,-1,-1,-1,-1
2014170S10074,1,9,0,18,0,0,0,10,6,2,1,1,6,2,19,4,1997,2,15,1,1
2014170S10074,2,9,0,18,0,0,0,0,0,0,1,1,2,1,37,7,1461,2,6,8,1
2014170S10074,3,21,1,11,0,0,0,0,0,0,4,1,1,1,59,9,12580,2,8,1,1
2014170S10074,4,9,0,18,0,0,0,0,0,0,3,1,2,2,22,5,1299,1,13,2,1
2014170S10094,1,9,0,9,0,2,0,0,0,0,4,1,6,3,-1,-1,-1,-1,-1,-1,-1
2014170S10094,2,1,0,18,0,2,0,0,0,0,3,1,6,1,53,8,-1,-1,-1,1,1
2014170S10124,1,19,0,4,0,0,0,0,0,0,2,1,2,1,35,6,-1,-1,-1,1,1
2014170S10124,2,9,0,4,0,0,0,0,0,0,2,1,2,1,45,7,998,1,1,-1,1
2014170S10124,3,19,0,18,0,0,0,0,0,0,1,1,1,1,47,8,-1,-1,-1,1,1
2014170S10144,1,19,0,18,0,0,0,0,0,0,1,1,6,3,-1,-1,-1,-1,-1,-1,-1
2014170S10164,1,9,0,18,0,8,0,0,0,0,1,1,6,1,82,11,993,1,14,1,1
2014170S10164,2,9,0,9,0,8,0,0,0,0,3,1,6,2,31,6,1349,1,1,1,1
2014170S10174,1,9,0,18,0,0,0,0,0,0,1,1,6,1,53,8,1584,1,9,5,1
2014170S10194,1,19,0,18,0,0,0,0,0,0,1,1,1,1,42,7,2151,2,11,3,3
2014170S10194,2,9,0,3,0,0,0,0,0,0,2,1,2,2,29,6,1596,1,5,1,1
2014170S10194,3,9,0,3,0,0,0,0,0,0,2,1,2,1,44,7,-1,-1,-1,7,1
2014170S10194,4,9,0,3,0,0,0,0,0,0,2,1,2,1,27,6,1686,2,1,9,3
2014170S10214,1,9,0,18,0,0,0,0,0,0,4,1,6,2,43,7,1598,1,4,8,1