Accident_Index,Vehicle_Reference,Vehicle_Type,Towing_and_Articulation,Vehicle_Manoeuvre,Vehicle_Location-Restricted_Lane,Junction_Location,Skidding_and_Overturning,Hit_Object_in_Carriageway,Vehicle_Leaving_Carriageway,Hit_Object_off_Carriageway,1st_Point_of_Impact,Was_Vehicle_Left_Hand_Drive?,Journey_Purpose_of_Driver,Sex_of_Driver,Age_of_Driver,Age_Band_of_Driver,Engine_Capacity_(CC),Propulsion_Code,Age_of_Vehicle,Driver_IMD_Decile,Driver_Home_Area_Type
2014170S10214,2,1,0,18,0,0,0,0,0,0,1,1,6,1,12,3,-1,-1,-1,8,1
2014170S10224,1,9,0,18,0,2,5,7,0,0,1,1,6,2,39,7,-1,-1,-1,3,1
2014170S10254,1,9,0,4,0,0,1,0,0,0,2,1,2,1,22,5,1399,1,6,6,1
2014170S10254,2,19,0,18,0,0,0,0,0,0,1,1,1,1,47,8,1995,2,4,2,1
2014170S10254,3,9,0,18,0,0,0,0,0,0,1,1,2,1,39,7,1896,2,7,9,3
2014170S10254,4,9,0,18,0,0,0,0,0,0,1,1,2,1,48,8,2179,2,1,9,2
2014170S10274,1,9,0,1,0,1,0,0,0,0,2,1,6,2,20,4,1398,2,12,6,1
2014170S10314,1,9,0,18,0,2,0,0,0,0,1,1,6,2,30,6,1685,2,3,-1,3
2014170S10334,1,9,0,10,0,2,0,0,0,0,2,1,6,1,27,6,1896,2,12,2,1
2014170S10334,2,9,0,18,0,2,0,0,0,0,1,1,6,2,40,7,998,1,13,1,1
2014170S10344,1,9,0,18,0,2,0,0,0,0,1,1,6,2,42,7,1149,1,9,2,1
2014170S10374,1,9,0,18,0,0,0,0,0,0,1,1,6,2,43,7,1796,1,2,10,1
2014170S10394,1,8,0,18,0,0,0,0,0,0,1,1,6,1,44,7,1896,2,5,2,1
2014170S10404,1,9,0,17,0,8,0,0,0,0,4,1,6,2,19,4,1149,1,10,2,1
2014170S10404,2,9,0,9,0,8,0,0,0,0,1,1,6,1,56,9,-1,-1,-1,5,3
2014170S10414,1,9,0,4,0,1,0,0,0,0,2,1,1,2,45,7,1390,1,5,5,2
2014170S10414,2,9,0,18,0,1,0,0,0,0,1,1,1,1,31,6,1839,1,10,-1,1
2014170S10434,1,9,0,18,0,0,0,0,0,0,1,1,6,1,24,5,1587,1,12,9,1
2014170S10434,2,8,0,4,0,0,0,0,0,0,2,1,1,1,53,8,1686,2,9,-1,1
2014170S10454,1,9,0,18,0,0,0,0,0,0,1,1,6,2,29,6,-1,-1,-1,6,1
2014170S10454,2,9,0,18,0,0,0,0,0,0,3,1,6,2,62,9,1995,2,3,4,1
2014170S10454,3,9,0,18,0,0,2,0,6,10,1,1,6,1,38,7,2000,1,13,9,1
2014170S10464,1,9,0,1,0,2,0,0,0,0,2,1,6,1,76,11,1587,1,11,6,1
2014170S10484,1,9,0,17,0,0,0,0,0,0,1,1,1,2,28,6,1796,1,11,3,1
2014170S10484,2,9,0,4,0,0,0,0,0,0,2,1,1,1,37,7,1998,2,11,3,1
2014170S10494,1,5,0,18,0,0,1,0,0,0,4,1,6,1,53,8,865,1,5,2,1
2014170S10504,1,8,0,9,0,2,0,0,0,0,1,1,1,1,23,5,1896,2,5,-1,1
2014170S10504,2,1,0,18,0,1,0,0,0,0,1,1,6,1,17,4,-1,-1,-1,8,1
2014170S10514,1,9,0,18,0,2,0,0,0,0,4,1,6,1,-1,-1,1242,1,12,1,1
2014170S10534,1,9,0,18,0,8,0,0,0,0,1,1,6,1,26,6,1124,1,11,1,1
2014170S10534,2,9,0,7,0,8,0,0,0,0,3,1,6,1,17,4,973,1,12,-1,1
2014170S10544,1,9,0,18,0,1,0,0,0,0,4,1,6,1,71,10,1910,2,9,1,1
2014170S10564,1,9,0,3,0,0,0,0,0,0,2,1,6,1,41,7,1968,2,7,6,1
2014170S10564,2,9,0,5,0,0,0,0,0,0,1,1,6,1,21,5,1198,1,8,6,1
2014170S10604,1,9,0,9,0,6,5,0,0,0,1,1,6,1,46,8,1995,1,11,-1,1
2014170S10604,2,9,0,2,0,2,0,0,0,0,3,1,6,1,51,8,2495,1,10,1,1
2014170S10614,1,9,0,18,0,0,0,0,0,0,3,1,6,3,-1,-1,1149,1,15,-1,-1
2014170S10614,2,9,0,18,0,0,0,0,0,0,0,1,1,1,40,7,1560,2,5,-1,-1
2014170S10694,1,9,0,18,0,4,0,0,0,0,1,1,2,2,26,6,1242,1,8,3,1
2014170S10694,2,19,0,18,0,8,5,0,0,0,4,1,1,1,46,8,1461,2,1,7,1
2014170S10704,1,9,0,18,0,1,0,0,0,0,1,1,6,1,30,6,1199,1,14,2,1
2014170S10704,2,9,0,3,0,1,0,0,0,0,2,1,6,2,44,7,1896,2,10,1,1
2014170S10714,1,9,0,9,0,8,0,0,0,0,1,1,2,1,27,6,1368,1,5,8,3
2014170S10714,2,9,0,18,0,8,0,0,1,2,3,1,6,1,38,7,2143,2,1,6,2
2014170S10734,1,19,0,8,0,1,0,0,0,0,2,1,1,1,49,8,1560,2,2,2,2
2014170S10734,2,9,0,7,0,1,0,0,0,0,1,1,6,3,-1,-1,-1,-1,-1,-1,-1
2014170S10744,1,1,0,9,0,1,0,0,0,0,3,1,2,1,40,7,-1,-1,-1,3,1
2014170S10744,2,9,0,13,0,1,0,0,0,0,4,1,2,1,31,6,1422,2,10,9,1
2014170S10754,1,19,0,10,0,1,0,0,0,0,1,1,1,1,19,4,1753,2,11,7,3
2014170S10754,2,8,0,1,0,1,0,0,0,0,2,1,1,1,33,6,1686,2,10,2,1
2014170S10774,1,9,0,9,0,8,0,0,0,0,1,1,6,1,36,7,698,1,9,1,1
2014170S10774,2,1,0,17,0,8,0,0,0,0,1,1,2,1,19,4,-1,-1,-1,4,1
2014170S10784,1,11,0,14,0,0,0,0,0,0,1,1,1,1,57,9,6700,2,3,8,2
2014170S10784,2,9,0,16,0,0,0,0,0,0,1,1,6,1,18,4,1596,1,14,1,1
2014170S10794,1,9,0,17,0,0,0,0,7,11,1,1,2,1,24,5,1242,1,6,8,2
2014170S10804,1,9,0,18,0,0,2,0,7,9,1,1,2,1,34,6,1248,2,11,2,1
2014170S10824,1,9,0,9,0,4,0,0,0,0,3,1,6,2,65,9,1598,1,8,10,1
2014170S10824,2,9,0,18,0,8,0,0,0,0,1,1,6,1,18,4,1388,1,11,5,1
2014170S10834,1,9,0,18,0,8,0,0,0,0,1,1,6,2,21,5,-1,-1,-1,9,1
2014170S10834,2,9,0,18,0,8,0,0,0,0,4,1,6,1,29,6,1998,1,6,1,1
2014170S10854,1,9,0,18,0,0,0,0,0,0,4,1,6,3,-1,-1,-1,-1,-1,-1,-1
2014170S10864,1,19,0,18,0,0,0,0,0,0,1,1,1,1,49,8,2402,2,10,2,1
2014170S10864,2,9,0,3,0,0,0,0,0,0,2,1,2,2,51,8,998,1,14,3,1
2014170S10884,1,9,0,7,0,6,0,0,0,0,3,1,6,1,39,7,2143,2,1,3,1
2014170S10884,2,9,0,18,0,8,0,0,0,0,1,1,6,2,25,5,1229,1,9,1,1
2014170S10894,1,9,0,18,0,0,0,0,0,0,1,1,6,2,56,9,1968,2,7,10,1
2014170S10894,2,9,0,4,0,0,0,0,0,0,2,1,6,1,26,6,1198,1,1,-1,1
2014170S10904,1,9,0,9,0,6,0,0,0,0,0,1,6,1,49,8,1596,1,5,4,1
2014170S10904,2,5,0,14,0,1,1,0,0,0,3,1,6,1,50,8,1157,1,17,9,1
2014170S10914,1,9,0,12,0,0,0,0,4,6,3,1,6,2,31,6,998,1,6,2,1
2014170S10914,2,21,0,18,0,0,0,0,0,0,4,1,1,1,43,7,12777,2,6,-1,-1
2014170S10934,1,9,0,18,0,0,1,0,0,0,1,1,6,2,44,7,1328,1,6,10,1
2014170S10934,2,9,0,18,0,0,0,0,0,0,1,1,6,2,41,7,1796,2,1,-1,1
2014170S10954,1,9,0,18,0,0,0,0,0,0,3,1,6,1,38,7,1910,2,13,-1,1
2014170S11024,1,9,0,18,0,2,0,0,0,0,1,1,6,1,63,9,1995,2,3,-1,1
2014170S11024,2,9,0,3,0,2,0,0,0,0,2,1,6,2,62,9,2982,2,2,-1,1
2014170S11034,1,9,0,13,0,0,0,0,0,0,1,1,6,2,18,4,1199,1,10,4,1
2014170S11034,2,1,0,12,0,0,0,0,0,0,2,1,6,1,13,3,-1,-1,-1,1,1
2014170S11054,1,9,0,18,0,0,0,0,1,7,1,1,2,1,25,5,1598,1,11,9,1
2014170S11064,1,9,0,18,0,0,0,0,0,0,1,1,6,2,21,5,1587,1,10,6,1
2014170S11094,1,9,0,18,0,0,0,0,0,0,1,1,6,1,45,7,2172,2,12,3,1
2014170S11094,2,1,0,18,0,0,0,0,0,0,1,1,6,2,6,2,-1,-1,-1,3,1
2014170S11104,1,9,0,18,0,8,5,0,0,0,4,1,6,2,27,6,1997,2,8,3,1
2014170S11104,2,9,0,18,0,8,0,0,0,0,1,1,4,1,53,8,-1,-1,-1,1,1
2014170S11124,1,9,0,14,0,0,0,0,0,0,1,1,6,1,21,5,1461,2,12,-1,1
2014170S11124,2,9,0,18,0,0,0,0,0,0,1,1,6,2,22,5,1599,1,10,3,1
2014170S11134,1,9,0,16,0,0,1,0,1,11,4,1,1,2,26,6,1587,1,8,9,3
2014170S11144,1,9,0,18,0,4,0,0,0,0,1,1,6,2,68,10,1149,1,1,1,1
2014170S11144,2,1,0,9,0,8,0,0,0,0,1,1,6,1,45,7,-1,-1,-1,10,1
2014170S11194,1,3,0,18,0,8,0,0,0,0,1,1,6,1,17,4,125,1,-1,2,1
2014170S11194,2,19,0,9,0,6,0,0,0,0,3,1,1,1,33,6,1753,2,6,1,1
2014170S11214,1,1,0,9,0,8,0,0,0,0,1,1,6,1,15,3,-1,-1,-1,-1,-1
2014170S11214,2,19,0,18,0,8,0,0,0,0,3,1,1,1,40,7,1248,2,3,3,1
2014170S11234,1,9,0,8,0,1,0,0,0,0,2,1,6,2,21,5,1390,1,11,1,1
2014170S11234,2,9,0,7,0,1,0,0,0,0,1,1,6,1,53,8,1997,2,11,3,1
2014170S11244,1,1,0,18,0,2,0,0,0,0,3,1,6,1,20,4,-1,-1,-1,1,1
2014170S11244,2,9,0,13,0,2,0,0,0,0,4,1,6,3,-1,-1,-1,-1,-1,-1,-1
2014170S11254,1,5,0,18,0,0,0,0,0,0,4,1,2,1,50,8,1783,1,3,2,1
2014170S11264,1,3,0,14,0,1,0,0,0,0,1,1,6,2,35,6,108,1,6,8,1
2014170S11264,2,9,0,9,0,1,0,0,0,0,1,1,6,1,39,7,-1,-1,-1,3,1
2014170S11274,1,9,0,18,0,0,0,0,0,0,1,1,6,1,36,7,1896,2,11,6,1
2014170S11284,1,9,0,17,0,0,0,0,0,0,1,1,6,3,-1,-1,-1,-1,-1,-1,-1
2014170S11284,2,1,0,17,0,0,0,0,0,0,2,1,6,1,34,6,-1,-1,-1,5,1
2014170S11324,1,9,0,7,0,2,0,0,0,0,2,1,6,1,67,10,2143,2,1,9,3
2014170S11324,2,5,0,18,0,2,0,0,0,0,1,1,6,1,53,8,999,1,4,9,1
2014170S11334,1,9,0,10,0,1,0,0,0,0,3,1,6,1,-1,-1,-1,-1,-1,-1,-1
2014170S11334,2,1,0,18,0,6,0,0,0,0,1,1,6,1,8,2,-1,-1,-1,1,1
2014170S11354,1,1,0,18,0,0,0,0,0,0,2,1,6,1,19,4,-1,-1,-1,2,1
2014170S11354,2,9,0,18,0,0,0,0,0,0,1,1,6,3,-1,-1,-1,-1,-1,-1,-1
2014170S11364,1,11,0,18,0,0,0,0,0,0,4,1,1,2,42,7,-1,-1,-1,1,1
2014170S11364,2,1,0,18,0,0,0,0,0,0,1,1,6,1,15,3,-1,-1,-1,-1,1
2014170S11384,1,9,0,9,0,8,0,0,0,0,1,1,6,1,67,10,1769,1,10,5,1
2014170S11384,2,9,0,17,0,8,0,0,0,0,1,1,6,2,27,6,1560,2,6,1,1
2014170S11404,1,9,0,18,0,1,0,0,0,0,1,1,6,1,25,5,1598,1,14,-1,-1
2014170S11404,2,9,0,18,0,1,0,0,0,0,2,1,6,1,39,7,1984,1,9,6,1
2014170S11414,1,9,0,18,0,8,0,0,0,0,1,1,6,1,74,10,1598,1,5,8,1
2014170S11414,2,9,0,18,0,8,0,0,0,0,1,1,6,1,31,6,1910,2,6,4,1
2014170S11454,1,8,0,12,0,0,0,0,0,0,3,1,1,1,31,6,-1,-1,-1,-1,1
2014170S11454,2,9,0,18,0,0,0,0,0,0,4,1,6,1,21,5,1896,2,10,1,1
2014170S11464,1,8,0,18,0,5,0,0,0,0,0,1,1,1,63,9,1598,2,1,5,1
2014170S11464,2,9,0,15,0,5,0,0,0,0,0,1,6,1,-1,-1,1598,1,12,-1,-1
2014170S11494,1,11,0,5,0,0,0,0,0,0,0,1,1,1,58,9,6871,2,11,-1,-1
2014170S11524,1,9,0,9,0,3,0,0,0,0,1,1,6,1,28,6,1242,1,11,8,1
2014170S11544,1,9,0,1,0,6,0,0,0,0,2,1,6,2,63,9,1997,2,3,3,1
2014170S11554,1,9,0,10,0,6,0,0,0,0,4,1,6,2,19,4,1360,1,10,9,1
2014170S11554,2,1,0,18,0,6,0,0,0,0,1,1,6,1,21,5,-1,-1,-1,5,1
2014170S11584,1,11,0,18,0,8,0,0,0,0,0,1,1,1,44,7,6871,2,11,-1,-1
2014170S11584,2,9,0,18,0,8,0,0,0,0,0,1,6,3,-1,-1,-1,-1,-1,-1,-1
2014170S11604,1,9,0,9,0,6,0,0,0,0,1,1,6,2,27,6,1360,1,7,3,1
2014170S11604,2,8,0,18,0,8,0,0,0,0,4,1,1,1,49,8,1560,2,6,2,1
2014170S11624,1,1,0,18,0,6,0,0,0,0,1,1,6,2,52,8,-1,-1,-1,9,1
2014170S11624,2,9,0,18,0,8,0,0,0,0,1,1,6,2,65,9,1299,1,12,9,1
2014170S11674,1,9,0,9,0,2,0,0,0,0,1,1,6,2,24,5,1560,2,5,1,1
2014170S11674,2,9,0,2,0,2,0,0,0,0,1,1,6,2,-1,-1,1242,1,7,1,1
2014170S11674,3,9,0,2,0,2,0,0,0,0,1,1,6,1,-1,-1,-1,-1,-1,5,1
2014170S11674,4,9,0,2,0,2,0,0,0,0,1,1,6,1,-1,-1,1229,1,9,1,1
2014170S11704,1,9,0,18,0,0,0,0,0,0,1,1,6,1,35,6,1461,2,3,1,1
2014170S11704,2,9,0,3,0,0,0,0,0,0,2,1,6,1,70,10,1997,2,14,8,1
2014170S11714,1,9,0,18,0,0,0,0,0,0,1,1,6,3,-1,-1,-1,-1,-1,-1,-1
2014170S11714,2,4,0,18,0,0,0,0,0,0,2,1,2,1,57,9,124,1,4,2,1
2014170S11774,1,9,0,3,0,0,0,0,0,0,2,1,6,2,22,5,1299,1,15,1,1
2014170S11774,2,19,0,18,0,0,0,0,0,0,1,1,1,1,52,8,1753,2,8,3,1
2014170S11784,1,9,0,9,0,8,0,0,0,0,3,1,6,2,49,8,1598,1,11,5,3
2014170S11784,2,9,0,18,0,8,0,0,0,0,1,1,6,1,26,6,1242,1,3,10,1
2014170S11794,1,9,0,4,0,1,0,0,0,0,2,1,6,2,46,8,1390,1,1,8,1
2014170S11794,2,9,0,18,0,1,0,0,0,0,1,1,6,2,18,4,1242,1,2,1,1
2014170S11804,1,9,0,18,0,0,0,0,0,0,1,1,6,2,22,5,1388,1,7,1,1
2014170S11804,2,9,0,2,0,0,0,0,0,0,2,1,6,1,70,10,-1,-1,-1,-1,-1
2014170S11804,3,9,0,2,0,0,0,0,0,0,2,1,6,1,30,6,996,1,5,-1,-1
2014170S11804,4,9,0,2,0,0,0,0,0,0,2,1,6,1,23,5,1388,1,9,-1,-1
2014170S11824,1,1,0,18,0,0,0,0,0,0,1,1,6,1,9,2,-1,-1,-1,6,1
2014170S11824,2,9,0,18,0,0,0,0,0,0,4,1,6,2,49,8,1388,1,11,8,1
2014170S11834,1,9,0,3,0,0,0,0,0,0,2,1,2,1,47,8,2993,2,5,8,1
2014170S11834,2,19,0,18,0,0,0,0,0,0,1,1,2,1,45,7,1868,2,7,3,1
2014170S11844,1,9,0,9,0,8,0,0,0,0,3,1,6,2,24,5,1896,2,6,2,1
2014170S11844,2,3,0,9,0,8,0,0,0,0,1,1,6,1,46,8,124,1,6,2,1
2014170S11854,1,9,0,3,0,0,0,0,0,0,2,1,6,2,40,7,1364,1,5,2,1
2014170S11854,2,9,0,18,0,0,0,0,0,0,1,1,6,1,50,8,2179,2,1,-1,3
2014170S11884,1,19,0,3,0,0,0,0,0,0,2,1,1,1,44,7,-1,-1,-1,7,1
2014170S11884,2,9,0,18,0,0,0,0,0,0,1,1,6,1,46,8,1242,1,8,2,1
2014170S11894,1,9,0,9,0,6,0,0,0,0,3,1,6,1,19,4,1598,2,-1,9,1
2014170S11894,2,9,0,18,0,8,0,0,0,0,1,1,6,2,40,7,973,1,11,2,2
2014170S11904,1,9,0,18,0,0,5,0,0,0,1,1,6,1,53,8,1598,1,7,8,1
2014170S11904,2,9,0,14,0,0,0,0,0,0,1,1,6,1,65,9,998,1,8,-1,1
2014170S11914,1,9,0,18,0,2,0,0,0,0,1,1,6,1,18,4,1299,1,13,6,1
2014170S11914,2,9,0,18,0,1,0,0,0,0,3,1,6,1,29,6,1560,2,1,2,1
2014170S11914,3,9,0,18,0,1,0,0,0,0,3,1,6,1,42,7,2198,2,8,2,1
2014170S11924,1,9,0,18,0,0,0,0,0,0,1,1,6,3,-1,-1,-1,-1,-1,-1,-1
2014170S11924,2,9,0,3,0,0,0,0,0,0,2,1,6,2,44,7,1896,2,7,10,1
2014170S11964,1,11,0,18,0,2,0,0,0,0,1,1,1,1,43,7,6871,2,5,7,1
2014170S11984,1,9,0,7,0,5,0,0,0,0,4,1,6,1,20,4,1490,1,5,8,1
2014170S11984,2,3,0,15,0,8,0,0,0,0,1,1,6,1,17,4,125,1,7,1,1
2014170S11994,1,9,0,9,0,8,0,0,0,0,1,1,6,2,86,11,999,1,2,6,1
2014170S11994,2,1,0,18,0,8,0,0,0,0,1,1,6,1,41,7,-1,-1,-1,2,1
2014170S12004,1,9,0,18,0,0,0,0,0,0,1,1,6,2,33,6,1349,1,4,6,1
2014170S12024,1,3,0,13,0,8,1,0,0,0,1,1,6,1,38,7,124,1,2,5,1
2014170S12024,2,9,0,9,0,8,0,0,0,0,3,1,6,2,32,6,1596,1,14,-1,1
2014170S12024,3,9,0,2,0,2,0,0,0,0,1,1,6,2,-1,-1,1461,2,10,2,1
2014170S12034,1,9,0,11,0,0,0,0,0,0,1,1,6,1,40,7,1598,1,11,2,1
2014170S12034,2,11,0,4,0,0,0,0,0,0,2,1,1,1,32,6,9000,2,9,5,1
2014170S12074,1,11,0,4,0,0,0,0,0,0,0,1,1,1,-1,-1,-1,-1,-1,9,3
2014170S12084,1,9,0,4,0,0,0,0,0,0,2,1,6,1,29,6,1999,1,8,1,1
2014170S12084,2,8,0,4,0,0,0,0,0,0,2,1,6,1,30,6,1896,2,5,3,1
2014170S12084,3,9,0,18,0,0,0,0,0,0,1,1,6,1,81,11,1991,2,12,7,1
2014170S12114,1,19,0,7,0,4,0,0,0,0,1,1,2,1,41,7,-1,-1,-1,9,1
2014170S12114,2,1,0,18,0,8,0,0,0,0,4,1,2,1,36,7,-1,-1,-1,3,1
2014170S12124,1,9,0,18,0,0,0,0,0,0,4,1,6,1,52,8,1360,1,12,1,1
2014170S12134,1,9,0,17,0,0,0,0,1,7,1,1,6,1,33,6,1997,2,11,3,1
2014170S12134,2,9,0,18,0,0,0,0,0,0,0,1,1,1,44,7,-1,-1,-1,-1,3
2014170S12154,1,9,0,18,0,0,0,0,0,0,4,1,2,1,25,5,1242,1,6,1,1
2014170S12164,1,9,0,17,0,0,1,0,1,4,1,1,6,2,19,4,1248,2,10,4,1
2014170S12184,1,1,0,18,0,8,0,0,0,0,1,1,2,1,43,7,-1,-1,-1,3,1
2014170S12184,2,9,0,7,0,8,0,0,0,0,4,1,2,1,25,5,1598,2,1,1,1
2014170S12214,1,19,0,18,0,0,0,0,0,0,0,1,1,1,-1,-1,1868,2,9,10,1
2014170S12214,2,9,0,18,0,0,0,0,0,0,1,1,2,1,35,6,1968,2,5,-1,-1
2014170S12244,1,2,0,18,0,0,0,0,0,0,1,1,6,2,32,6,124,1,2,1,1
2014170S12244,2,9,0,12,0,0,0,0,0,0,3,1,6,1,23,5,1796,1,11,3,1
2014170S12274,1,9,0,9,0,8,0,0,0,0,1,1,6,2,51,8,1499,1,-1,8,3
2014170S12274,2,1,0,18,0,8,0,0,0,0,4,1,6,1,23,5,-1,-1,-1,8,1
2014170S12284,1,11,0,18,0,8,0,0,0,0,1,1,1,1,49,8,6700,2,4,3,1
2014170S12294,1,9,0,18,0,2,0,0,0,0,1,1,2,2,40,7,1242,1,8,6,1
2014170S12294,2,19,0,3,0,2,0,0,0,0,2,1,1,1,45,7,1997,2,10,6,1
2014170S12294,3,19,0,3,0,2,0,0,0,0,2,1,1,1,49,8,2198,2,3,5,2
2014170S12314,1,9,0,18,0,0,5,10,1,0,3,1,2,1,19,4,-1,-1,-1,1,1
2014170S12334,1,9,0,18,0,1,5,0,1,1,1,1,6,1,44,7,1560,2,7,10,1
2014170S12374,1,9,0,18,0,0,0,0,0,0,1,1,6,1,49,8,1679,1,14,1,2
2014170S12374,2,1,0,18,0,0,0,0,0,0,1,1,6,1,32,6,-1,-1,-1,2,1
2014170S12404,1,11,0,18,0,1,0,0,0,0,1,1,1,1,50,8,6700,2,3,-1,-1
2014170S12414,1,9,0,18,0,0,0,0,0,0,1,1,6,1,47,8,1870,2,3,-1,1
2014170S12424,1,9,0,3,0,1,0,0,0,0,2,1,6,2,69,10,1794,1,9,10,1
2014170S12424,2,9,0,5,0,1,0,0,0,0,1,1,6,2,26,6,1229,1,9,2,1
2014170S12444,1,9,0,4,0,0,0,0,0,0,2,1,2,1,19,4,-1,-1,-1,4,3
2014170S12444,2,19,0,18,0,0,0,0,0,0,1,1,6,1,-1,-1,1560,2,3,-1,-1
2014170S12474,1,9,0,3,0,0,0,0,0,0,2,1,6,1,58,9,-1,-1,-1,9,1
2014170S12474,2,9,0,18,0,0,0,0,0,0,1,1,6,2,51,8,1199,1,11,7,1
2014170S12554,1,9,0,9,0,8,0,0,0,0,1,1,6,2,22,5,1242,1,11,-1,1
2014170S12554,2,9,0,18,0,8,0,0,0,0,4,1,6,1,53,8,-1,-1,-1,1,1
2014170S12554,3,11,0,18,0,8,0,0,0,0,1,1,1,1,44,7,-1,-1,-1,4,1
2014170S12574,1,9,0,18,0,1,0,0,0,0,1,1,1,1,-1,-1,1248,2,2,-1,-1
2014170S12584,1,8,0,9,0,8,0,0,0,0,1,1,1,1,52,8,1968,2,6,4,1
2014170S12584,2,1,0,18,0,8,0,0,0,0,3,1,6,1,35,6,-1,-1,-1,4,1
2014170S12594,1,9,0,9,0,8,0,0,0,0,1,1,6,2,29,6,999,1,-1,6,1
2014170S12594,2,1,0,18,0,8,0,0,0,0,3,1,6,1,52,8,-1,-1,-1,10,1
2014170S12624,1,9,0,7,0,6,0,0,0,0,1,1,6,1,66,10,1298,1,6,3,1
2014170S12624,2,9,0,18,0,8,0,0,0,0,1,1,1,2,24,5,1499,1,-1,3,1
2014170S12634,1,9,0,9,0,8,0,0,0,0,1,1,6,1,-1,-1,-1,-1,-1,-1,-1
2014170S12654,1,9,0,18,0,0,0,0,0,0,1,1,6,1,42,7,2231,2,7,1,1
2014170S12654,2,9,0,3,0,0,0,0,0,0,2,1,6,2,45,7,1242,1,7,1,1
2014170S12654,3,9,0,3,0,0,0,0,0,0,2,1,6,1,52,8,1399,2,4,5,2
2014170S12654,4,9,0,3,0,0,0,0,0,0,2,1,6,1,27,6,1968,2,5,-1,-1
2014170S12674,1,9,0,18,0,1,0,0,0,0,1,1,6,2,19,4,1299,1,8,4,1
2014170S12674,2,9,0,10,0,1,0,0,0,0,2,1,6,2,49,8,998,1,5,5,3
2014170S12694,1,19,0,1,0,0,0,0,0,0,2,1,6,1,-1,-1,-1,-1,-1,-1,-1
2014170S12694,2,9,0,3,0,0,0,0,0,0,1,1,6,2,37,7,1997,2,6,-1,1
2014170S12704,1,9,0,18,0,0,0,0,0,0,1,1,6,3,-1,-1,-1,-1,-1,-1,-1
2014170S12704,2,1,0,18,0,0,0,0,0,0,1,1,6,2,14,3,-1,-1,-1,9,1
2014170S12714,1,11,0,18,0,0,0,0,0,0,1,1,1,1,55,8,6700,2,3,-1,1
2014170S12724,1,8,0,18,0,8,0,0,0,0,1,1,1,1,26,6,1686,2,4,1,1
2014170S12724,2,3,0,18,0,8,0,0,0,0,1,1,6,1,16,4,-1,-1,-1,2,1
2014170S12734,1,9,0,16,0,0,0,0,7,4,1,1,6,1,31,6,1984,1,4,6,1
2014170S12734,2,9,0,18,0,0,0,0,0,0,1,1,6,2,26,6,-1,-1,-1,8,1
2014170S12744,1,9,0,18,0,4,0,0,0,0,1,1,6,2,61,9,1398,1,2,2,1
2014170S12744,2,1,0,18,0,8,0,0,0,0,2,1,2,1,31,6,-1,-1,-1,6,1
2014170S12764,1,9,0,9,0,8,0,0,0,0,1,1,6,1,55,8,1596,1,12,1,1
2014170S12764,2,8,0,18,0,8,0,0,0,0,1,1,1,2,32,6,1686,2,10,1,1
2014170S12784,1,9,0,17,0,0,5,0,2,0,4,1,6,2,22,5,1248,1,-1,-1,-1
2014170S12794,1,1,0,9,0,8,0,0,0,0,4,1,2,1,42,7,-1,-1,-1,10,1
2014170S12794,2,9,0,18,0,4,0,0,0,0,1,1,2,2,36,7,-1,-1,-1,1,1
2014170S12804,1,9,0,18,0,0,0,0,0,0,1,1,2,2,19,4,1198,1,11,5,1
2014170S12804,2,9,0,18,0,0,0,0,0,0,1,1,2,2,47,8,1364,2,4,5,3
2014170S12804,3,9,0,4,0,0,0,0,0,0,2,1,2,1,29,6,1798,1,6,2,1
2014170S12824,1,11,0,5,0,1,0,0,0,0,1,1,1,1,58,9,6871,2,5,6,1
2014170S12854,1,9,0,18,0,1,0,0,0,0,4,1,6,3,-1,-1,-1,-1,-1,-1,-1
2014170S12864,1,19,0,7,0,4,0,0,0,0,1,1,1,1,51,8,1560,2,-1,9,1
2014170S12864,2,1,0,18,0,8,0,0,0,0,4,1,6,2,32,6,-1,-1,-1,2,1
2014170S12874,1,9,0,9,0,8,0,0,0,0,1,1,6,2,49,8,1968,2,3,7,1
2014170S12874,2,4,0,18,0,8,0,0,0,0,1,1,6,1,22,5,125,1,2,2,1
2014170S12934,1,9,0,9,0,8,0,0,0,0,4,1,6,1,-1,-1,1198,1,6,7,1
2014170S12934,2,1,0,18,0,8,0,0,0,0,1,1,2,1,40,7,-1,-1,-1,9,1
2014170S12954,1,9,0,18,0,0,0,0,0,0,1,1,6,1,33,6,-1,-1,-1,6,1
2014170S12964,1,3,0,18,0,1,0,0,0,0,1,1,6,1,22,5,-1,-1,-1,-1,-1
2014170S12974,1,9,0,18,0,0,0,0,0,0,1,1,6,1,31,6,1388,1,4,5,3
2014170S12974,2,9,0,18,0,0,0,0,0,0,1,1,6,2,64,9,1560,2,6,7,1
2014170S12974,3,9,0,18,0,0,0,0,0,0,1,1,6,1,19,4,898,1,-1,6,1
2014170S12974,4,9,0,18,0,0,0,0,0,0,1,1,6,1,64,9,2493,8,1,8,3
2014170S12984,1,9,0,18,2,2,0,0,0,0,1,1,6,1,53,8,2926,2,10,5,1
2014170S12994,1,9,0,3,0,1,0,0,0,0,2,1,6,2,34,6,1998,2,8,6,1
2014170S12994,2,9,0,18,0,1,0,0,0,0,1,1,6,1,34,6,2830,2,18,2,1
2014170S13014,1,9,0,18,0,8,0,0,2,7,1,1,6,1,42,7,-1,-1,-1,6,1
2014170S13014,2,9,0,10,0,8,0,0,0,0,4,1,6,1,71,10,1781,1,17,6,1
2014170S13034,1,9,0,16,0,0,0,0,0,0,1,1,6,1,19,4,1229,1,3,9,1
2014170S13034,2,9,0,17,0,0,0,0,0,0,1,1,6,1,46,8,1753,2,14,1,1