Accident_Index,Vehicle_Reference,Vehicle_Type,Towing_and_Articulation,Vehicle_Manoeuvre,Vehicle_Location-Restricted_Lane,Junction_Location,Skidding_and_Overturning,Hit_Object_in_Carriageway,Vehicle_Leaving_Carriageway,Hit_Object_off_Carriageway,1st_Point_of_Impact,Was_Vehicle_Left_Hand_Drive?,Journey_Purpose_of_Driver,Sex_of_Driver,Age_of_Driver,Age_Band_of_Driver,Engine_Capacity_(CC),Propulsion_Code,Age_of_Vehicle,Driver_IMD_Decile,Driver_Home_Area_Type
2014170S13044,1,9,0,3,0,1,0,0,0,0,3,1,6,1,75,10,1392,1,17,5,1
2014170S13044,2,9,0,7,0,2,0,0,0,0,1,1,6,1,72,10,998,1,-1,8,1
2014170S13054,1,19,0,18,0,0,0,0,0,0,1,1,6,1,27,6,1598,2,1,6,1
2014170S13054,2,9,0,14,0,0,0,0,0,0,1,1,6,1,66,10,1360,1,7,5,3
2014170S13064,1,9,0,3,0,0,0,0,0,0,2,1,2,2,61,9,1753,2,12,6,1
2014170S13064,2,9,0,18,0,0,0,0,0,0,1,1,6,1,77,11,1560,2,5,6,1
2014170S13074,1,1,0,18,0,6,0,0,0,0,1,1,6,1,21,5,-1,-1,-1,1,1
2014170S13074,2,9,0,18,0,1,0,0,0,0,1,1,6,1,-1,-1,1349,1,4,7,1
2014170S20034,1,9,0,18,0,3,5,10,6,6,1,1,6,1,43,7,-1,-1,-1,8,2
2014170S20114,1,23,0,18,0,8,0,0,0,0,1,1,6,1,71,10,-1,-1,-1,9,1
2014170S20114,2,9,0,7,0,8,0,0,0,0,4,1,6,2,48,8,1598,1,11,3,1
2014170S20134,1,9,0,18,0,0,0,0,0,0,1,1,6,2,31,6,1000,1,1,4,1
2014170S20204,1,9,0,18,0,0,1,0,1,4,1,1,6,1,46,8,1590,1,19,2,1
2014170S20234,1,9,0,18,0,0,5,0,0,0,4,1,6,1,20,4,1998,1,9,9,1
2014170S20354,1,9,0,18,0,1,0,0,0,0,1,1,6,1,66,10,1560,2,6,1,1
2014170S20354,2,9,0,3,0,1,0,0,0,0,1,1,6,1,51,8,1560,2,6,2,1
2014170S20364,1,21,1,18,0,1,0,0,0,0,1,1,1,1,48,8,10518,2,6,1,1
2014170S20364,2,9,0,18,0,1,0,0,0,0,2,1,2,1,57,9,998,1,1,6,1
2014170S20364,3,9,0,18,0,1,0,0,0,0,2,1,2,1,46,8,1956,2,5,5,1
2014170S20474,1,9,0,18,0,0,0,0,0,0,1,1,6,1,28,6,1753,2,12,3,1
2014170S20474,2,9,0,18,0,0,0,0,0,0,2,1,6,1,44,7,1796,1,13,-1,1
2014170S20524,1,9,0,7,0,8,0,0,0,0,2,1,6,1,61,9,1390,1,3,6,1
2014170S20524,2,9,0,18,0,1,0,0,0,0,1,1,6,2,28,6,1598,1,9,3,1
2014170S20554,1,11,0,18,0,1,0,0,0,0,1,1,1,1,57,9,12000,2,9,1,1
2014170S20554,2,9,0,3,0,1,0,0,0,0,2,1,1,1,30,6,1598,2,1,1,1
2014170S20624,1,9,0,4,0,8,0,0,0,0,0,1,6,3,-1,-1,-1,-1,-1,-1,-1
2014170S20624,2,9,0,4,0,8,0,0,0,0,2,1,6,2,30,6,998,1,3,8,1
2014170S20624,3,9,0,18,0,8,0,0,0,0,1,1,6,1,28,6,1560,2,1,9,1
2014170S20664,1,9,0,8,0,1,0,0,0,0,2,1,6,2,52,8,1246,1,8,8,3
2014170S20664,2,9,0,7,0,1,0,0,0,0,1,1,6,1,69,10,2457,1,9,8,3
2014170S20674,1,9,0,18,0,8,0,0,0,0,1,1,2,1,30,6,1560,2,3,2,1
2014170S20674,2,9,0,18,0,8,0,0,0,0,3,1,6,1,54,8,1391,1,16,4,1
2014170S20724,1,9,0,18,0,0,0,0,0,0,1,1,6,2,49,8,1461,2,5,8,1
2014170S20814,1,9,0,18,0,2,0,0,0,0,4,1,6,2,53,8,1339,1,4,8,1
2014170S20874,1,9,0,9,0,8,0,0,0,0,3,1,6,2,37,7,1390,1,11,7,1
2014170S20874,2,9,0,9,0,3,0,0,0,0,1,1,2,1,35,6,2765,2,18,-1,1
2014170S20924,1,9,0,7,0,8,0,0,0,0,1,1,6,2,68,10,996,1,3,-1,-1
2014170S20924,2,1,0,18,0,8,0,0,0,0,4,1,6,1,48,8,-1,-1,-1,2,1
2014170S20984,1,9,0,8,0,1,0,0,0,0,2,1,6,2,41,7,-1,-1,-1,10,1
2014170S20984,2,9,0,7,0,1,0,0,0,0,1,1,6,2,40,7,1598,2,4,1,1
2014170S21114,1,9,0,9,0,3,0,0,0,0,1,1,6,1,33,6,1595,1,7,3,2
2014170S21114,2,9,0,18,0,1,0,0,0,0,1,1,6,1,41,7,1796,1,6,9,1
2014170S21224,1,9,0,10,0,1,0,0,0,0,2,1,2,2,20,4,1360,1,8,8,2
2014170S21224,2,9,0,18,0,1,0,0,0,0,1,1,2,2,40,7,1968,2,1,1,1
2014170S21344,1,9,0,7,0,8,0,0,0,0,1,1,6,1,60,9,1598,1,1,9,1
2014170S21344,2,1,0,18,0,8,0,0,0,0,2,1,6,2,45,7,-1,-1,-1,4,1
2014170S21394,1,9,0,9,0,8,0,0,0,0,4,1,2,1,21,5,1299,1,10,7,1
2014170S21394,2,5,0,17,0,8,0,0,0,0,1,1,6,2,42,7,749,1,21,8,3
2014170S21444,1,9,0,18,0,4,0,0,0,0,1,1,6,1,49,8,1753,2,4,9,1
2014170S21444,2,9,0,18,0,8,0,0,0,0,4,1,6,1,34,6,-1,-1,-1,-1,3
2014170S21484,1,9,0,8,0,1,0,0,0,0,2,1,6,2,67,10,1769,1,11,-1,-1
2014170S21484,2,9,0,7,0,1,0,0,0,0,1,1,6,1,-1,-1,1747,1,12,-1,-1
2014170S21504,1,9,0,5,0,4,0,0,0,0,1,1,6,2,27,6,1390,1,7,5,3
2014170S21504,2,5,0,5,0,4,0,0,0,0,2,1,6,1,25,5,600,1,17,2,1
2014170S21514,1,19,0,1,0,6,0,0,0,0,2,1,1,1,63,9,-1,-1,-1,2,1
2014170S21534,1,9,0,18,0,7,0,0,0,0,1,1,6,1,39,7,1560,2,-1,9,1
2014170S21534,2,9,0,3,0,7,0,0,0,0,2,1,6,1,39,7,1560,2,1,8,1
2014170S21614,1,9,0,8,0,1,0,0,0,0,2,1,6,2,58,9,1199,1,12,-1,1
2014170S21614,2,9,0,18,0,1,0,0,0,0,1,1,6,1,18,4,1584,1,7,-1,-1
2014170S21644,1,19,0,5,0,1,0,0,0,0,1,1,1,1,44,7,-1,-1,-1,4,1
2014170S21644,2,1,0,4,0,1,0,0,0,0,2,1,6,1,46,8,-1,-1,-1,3,1
2014170S21664,1,9,0,18,0,4,0,0,0,0,1,1,1,2,23,5,1198,1,3,1,1
2014170S21664,2,1,0,18,0,8,0,0,0,0,4,1,6,1,41,7,-1,-1,-1,1,1
2014170S21764,1,9,0,2,0,0,0,0,0,0,2,1,6,1,61,9,3387,1,8,6,1
2014170S21764,2,1,0,18,0,0,0,0,0,0,1,1,6,1,7,2,-1,-1,-1,3,1
2014170S21844,1,21,1,18,0,0,0,0,0,0,1,1,1,1,50,8,11116,2,9,1,1
2014170S21844,2,9,0,3,0,0,0,0,0,0,2,1,2,2,53,8,1198,1,2,8,1
2014170S21874,1,9,0,5,0,1,0,0,0,0,1,1,2,2,35,6,1560,2,3,2,1
2014170S21874,2,9,0,4,0,1,0,0,0,0,2,1,2,2,40,7,1229,1,9,1,1
2014170S21934,1,19,0,9,0,8,0,0,0,0,4,1,1,1,34,6,1995,2,6,4,1
2014170S21944,1,9,0,3,0,7,0,0,0,0,2,1,6,2,20,4,1560,2,6,1,1
2014170S21944,2,9,0,3,0,7,0,0,0,0,2,1,6,1,29,6,1997,2,8,6,1
2014170S21944,3,9,0,18,0,7,0,0,0,0,1,1,6,1,19,4,1229,1,6,-1,1
2014170S21954,1,9,0,18,0,4,0,0,0,0,1,1,6,1,26,6,998,1,10,7,1
2014170S21954,2,9,0,3,0,1,0,0,0,0,2,1,6,2,42,7,1248,1,-1,-1,-1
2014170S21974,1,9,0,4,0,0,0,0,0,0,2,1,6,2,17,4,1229,1,-1,-1,3
2014170S21974,2,9,0,16,0,0,0,0,0,0,1,1,6,1,22,5,998,1,9,1,1
2014170S22014,1,19,0,13,0,0,0,0,0,0,4,1,6,3,-1,-1,-1,-1,-1,-1,-1
2014170S22014,2,1,0,18,0,0,0,0,0,0,3,1,6,2,50,8,-1,-1,-1,6,1
2014170S22194,1,9,0,9,0,8,0,0,4,0,1,1,6,2,45,7,1364,1,5,-1,-1
2014170S22194,2,9,0,18,0,8,0,0,6,0,1,1,6,2,54,8,1598,1,6,3,1
2014170S22264,1,9,0,18,0,3,0,0,0,0,3,1,6,3,-1,-1,-1,-1,-1,-1,-1
2014170S22264,2,9,0,18,0,3,0,0,0,0,4,1,6,1,37,7,1149,1,11,2,2
2014170S22344,1,9,0,18,0,1,0,0,0,0,1,1,6,2,19,4,1229,1,-1,8,1
2014170S22344,2,9,0,9,0,2,0,0,0,0,1,1,6,1,21,5,1364,1,10,8,1
2014170S22354,1,9,0,9,0,8,0,0,0,0,1,1,2,1,48,8,1598,1,5,8,1
2014170S22354,2,9,0,18,0,8,0,0,1,2,1,1,2,1,34,6,1968,2,3,-1,-1
2014170S22394,1,9,0,9,0,8,0,0,0,0,1,1,2,2,27,6,1997,2,7,3,1
2014170S22394,2,9,0,18,0,8,0,0,0,0,1,1,2,1,25,5,-1,-1,-1,4,3
2014170S22394,3,9,0,18,0,8,0,0,0,0,1,1,2,1,52,8,1798,1,4,5,2
2014170S22464,1,9,0,18,0,8,0,0,0,0,1,1,6,1,18,4,1390,1,3,9,1
2014170S22464,2,8,0,9,0,8,0,0,0,0,1,1,1,1,36,7,1910,2,6,5,1
2014170S22544,1,9,0,18,0,0,0,0,0,0,1,1,2,1,18,4,998,1,3,1,1
2014170S22544,2,9,0,3,0,0,0,0,0,0,2,1,2,1,50,8,1527,2,10,-1,-1
2014170S22544,3,9,0,3,0,0,0,0,0,0,2,1,2,1,22,5,1956,2,-1,3,1
2014170S22684,1,9,0,18,0,1,0,0,0,0,1,1,6,3,-1,-1,-1,-1,-1,-1,-1
2014170S22684,2,9,0,10,0,1,0,0,0,0,2,1,2,2,39,7,1364,2,5,1,1
2014170S22834,1,9,0,18,0,8,0,0,0,0,1,1,6,2,72,10,1248,1,2,4,1
2014170S22834,2,9,0,9,0,8,0,0,0,0,1,1,6,1,23,5,1910,2,8,1,1
2014170S22884,1,9,0,18,0,2,0,0,0,0,1,1,6,1,28,6,1956,2,5,2,1
2014170S22884,2,9,0,2,0,2,0,0,0,0,2,1,6,2,-1,-1,2143,2,-1,-1,-1
2014170S22914,1,9,0,9,0,8,0,0,0,0,1,1,2,2,24,5,1229,1,5,1,1
2014170S22914,2,8,0,18,0,8,0,0,0,0,3,1,1,1,38,7,1896,2,7,-1,1
2014170S22924,1,19,0,10,0,1,0,0,0,0,1,1,2,1,62,9,1560,2,2,5,1
2014170S22924,2,19,0,13,0,1,0,0,0,0,1,1,2,1,24,5,1910,2,7,4,1
2014170S23004,1,11,0,18,0,0,0,0,0,0,0,1,1,1,41,7,6696,2,-1,1,1
2014170S30154,1,5,0,18,0,8,1,0,0,0,4,1,6,1,52,8,745,1,6,3,1
2014170S30264,1,9,0,18,0,8,5,7,1,2,1,1,6,1,21,5,1296,1,6,3,1
2014170S30284,1,9,0,12,0,8,0,0,0,0,3,1,6,2,27,6,1124,1,5,4,1
2014170S30284,2,9,0,18,0,8,0,0,0,0,4,1,6,2,60,9,1248,1,1,1,1
2014170S30324,1,1,0,17,0,8,0,0,0,0,4,1,2,1,39,7,-1,-1,-1,2,1
2014170S30324,2,9,0,9,0,8,0,0,0,0,1,1,6,1,61,9,1149,1,13,2,1
2014170S30324,3,9,0,16,0,8,0,0,0,0,1,1,6,1,72,10,1896,2,7,2,1
2014170S30384,1,9,0,3,0,0,0,0,0,0,2,1,6,2,27,6,1461,2,2,-1,1
2014170S30384,2,8,0,3,0,0,0,0,0,0,2,1,1,1,59,9,1598,2,3,3,1
2014170S30384,3,9,0,18,0,0,0,0,0,0,1,1,6,2,29,6,1242,1,11,2,1
2014170S30424,1,9,0,5,0,1,0,0,0,0,2,1,6,2,35,6,1242,1,10,1,1
2014170S30424,2,9,0,5,0,1,0,0,0,0,1,1,6,1,-1,-1,-1,-1,-1,-1,-1
2014170S30594,1,9,0,16,0,1,0,0,0,0,1,1,6,2,80,11,1149,1,15,6,1
2014170S30594,2,9,0,17,0,2,0,0,0,0,3,1,2,1,52,8,1968,2,8,10,1
2014170S30634,1,9,0,9,0,8,0,0,0,0,3,1,2,1,63,9,-1,-1,-1,4,1
2014170S30634,2,9,0,18,0,8,0,0,0,0,1,1,6,1,18,4,1398,2,2,4,1
2014170S30654,1,9,0,18,0,8,0,0,0,0,1,1,6,2,56,9,1461,2,12,8,2
2014170S30654,2,9,0,4,0,8,0,0,0,0,2,1,6,2,51,8,1399,2,6,9,1
2014170S30684,1,9,0,6,0,8,0,0,0,0,1,1,6,1,42,7,1796,1,14,4,2
2014170S30684,2,9,0,18,0,8,0,0,0,0,1,1,6,2,49,8,2179,2,4,8,1
2014170S30764,1,9,0,18,0,0,0,0,0,0,1,1,6,2,22,5,1560,2,5,1,1
2014170S30844,1,9,0,9,0,4,0,0,0,0,3,1,6,2,52,8,1461,2,2,7,1
2014170S30844,2,3,0,18,0,8,0,0,0,0,1,1,6,1,17,4,125,1,2,8,3
2014170S30944,1,9,0,18,0,8,0,0,0,0,4,1,6,2,34,6,1995,2,6,4,1
2014170S30944,2,9,0,9,0,8,0,0,0,0,1,1,6,3,-1,-1,1598,1,12,-1,-1
2014170S30964,1,9,0,9,0,6,0,0,0,0,3,1,6,2,44,7,1329,1,4,2,1
2014170S30964,2,9,0,18,0,8,0,0,0,0,1,1,6,1,33,6,1560,2,-1,2,1
2014170S31004,1,11,0,18,0,8,0,0,0,0,1,1,1,1,33,6,6871,2,15,9,1
2014170S31004,2,9,0,9,0,8,0,0,0,0,1,1,6,1,27,6,1988,1,11,8,1
2014170S31014,1,9,0,5,0,1,0,0,0,0,2,1,6,1,18,4,1242,1,10,-1,1
2014170S31014,2,9,0,18,0,1,0,0,0,0,1,1,6,2,29,6,1242,1,6,-1,1
2014170S31074,1,9,0,12,0,8,0,0,0,0,3,1,6,2,68,10,1461,2,1,1,1
2014170S31074,2,3,0,18,0,8,0,0,0,0,4,1,2,1,40,7,125,1,-1,3,2
2014170S31084,1,5,0,14,0,8,0,0,0,0,1,1,2,1,32,6,599,1,16,1,1
2014170S31084,2,19,0,6,0,8,0,0,0,0,3,1,1,1,56,9,1686,2,10,2,1
2014170S31184,1,9,0,3,0,0,0,0,0,0,2,1,6,2,50,8,1997,2,11,3,1
2014170S31184,2,9,0,18,0,0,0,0,0,0,1,1,6,1,67,10,1998,2,10,3,1
2014170S31304,1,9,0,18,0,8,0,0,0,0,3,1,6,2,47,8,-1,-1,-1,-1,1
2014170S31304,2,9,0,9,0,8,0,0,0,0,1,1,6,2,74,10,1996,1,20,9,1
2014170S31374,1,1,0,18,0,8,0,0,0,0,4,1,2,1,30,6,-1,-1,-1,2,1
2014170S31374,2,9,0,18,0,4,0,0,0,0,1,1,6,3,-1,-1,-1,-1,-1,-1,-1
2014170S31424,1,9,0,9,0,8,0,0,0,0,3,1,6,2,49,8,1422,2,5,9,1
2014170S31424,2,9,0,18,0,8,0,0,0,0,1,1,6,1,44,7,1796,1,5,-1,1
2014170S31474,1,9,0,7,0,8,0,0,0,0,1,1,6,2,37,7,1995,2,1,-1,1
2014170S31474,2,1,0,18,0,8,0,0,0,0,4,1,6,1,68,10,-1,-1,-1,-1,1
2014170S31654,1,8,0,16,0,0,0,0,0,0,1,1,1,2,36,7,1896,2,8,1,1
2014170S31654,2,9,0,17,0,0,0,0,0,0,1,1,6,1,58,9,1598,1,10,3,1
2014170S31684,1,9,0,18,0,0,0,0,7,0,1,1,6,3,-1,-1,-1,-1,-1,-1,-1
2014170S31694,1,11,0,4,0,0,0,0,0,0,0,1,1,1,62,9,-1,2,16,2,1
2014170S31734,1,9,0,18,0,8,0,0,0,0,1,1,6,1,22,5,1896,2,8,6,1
2014170S31734,2,1,0,18,0,8,0,0,0,0,3,1,6,1,32,6,-1,-1,-1,4,1
2014170S32044,1,9,0,9,0,8,0,0,0,0,4,1,6,1,23,5,1198,1,3,2,1
2014170S32044,2,1,0,18,0,8,0,0,0,0,1,1,6,1,36,7,-1,-1,-1,3,1
2014170S32054,1,9,0,18,0,0,0,0,0,0,4,1,6,1,42,7,1560,2,-1,-1,1
2014170S32054,2,9,0,18,0,0,0,0,8,0,1,1,6,1,35,6,3993,1,-1,-1,-1
2014170S32094,1,1,0,18,0,8,0,0,0,0,1,1,6,1,44,7,-1,-1,-1,1,1
2014170S32094,2,9,0,9,0,8,0,0,0,0,1,1,6,2,39,7,1896,2,11,1,1
2014170S32104,1,9,0,18,0,4,0,0,0,0,1,1,2,2,70,10,1299,1,14,3,1
2014170S32104,2,9,0,18,0,8,0,0,0,0,4,1,2,1,22,5,1399,2,11,1,1
2014170S32104,3,9,0,10,0,1,0,0,0,0,1,1,2,2,44,7,1242,1,2,3,1
2014170S32234,1,3,0,18,0,0,0,0,0,0,1,1,6,1,-1,-1,-1,-1,-1,-1,-1
2014170S32494,1,9,0,9,0,8,0,0,0,0,3,1,6,1,33,6,-1,-1,-1,10,1
2014170S32494,2,9,0,18,0,8,0,0,0,0,1,1,6,1,64,9,1198,1,4,-1,-1
2014170S32514,1,2,0,18,0,0,0,0,0,0,0,1,6,1,17,4,-1,-1,-1,1,1
2014170S32564,1,9,0,7,0,8,0,0,0,0,1,1,6,2,44,7,1388,1,13,7,1
2014170S32564,2,11,0,18,0,8,0,0,0,0,3,1,1,1,57,9,6700,2,3,4,2
2014170S32614,1,9,0,3,0,0,0,0,0,0,2,1,2,1,44,7,1399,1,5,10,1
2014170S32614,2,9,0,18,0,0,0,0,0,0,1,1,2,1,37,7,1753,2,6,2,1
2014170S32614,3,9,0,3,0,0,0,0,0,0,2,1,2,2,30,6,1796,1,11,9,1
2014170S32844,1,19,0,18,0,1,0,0,0,0,1,1,1,1,26,6,2148,2,6,-1,-1
2014170S32844,2,19,0,4,0,1,0,0,0,0,2,1,1,1,54,8,1995,2,3,3,1
2014170S32844,3,9,0,4,0,1,0,0,0,0,2,1,2,1,50,8,1686,2,3,10,1
2014170S32944,1,9,0,18,0,0,0,0,0,0,1,1,6,1,22,5,1360,1,11,2,1
2014170S32944,2,9,0,18,0,0,0,0,0,0,1,1,6,1,35,6,1596,1,7,3,1
2014170S40014,1,8,0,18,0,0,0,0,0,0,4,1,6,3,-1,-1,-1,-1,-1,9,1
2014170S40024,1,17,4,18,0,2,0,0,0,0,0,1,1,1,47,8,4156,2,12,8,3
2014170S40024,2,9,0,18,0,1,0,0,0,0,1,1,6,1,67,10,1596,1,6,8,1
2014170S40294,1,9,0,4,0,0,0,0,0,0,2,1,6,2,33,6,1364,2,4,9,1
2014170S40294,2,9,0,18,0,0,0,0,0,0,1,1,6,2,26,6,1149,1,6,10,1
2014170S40304,1,9,0,18,0,1,0,0,0,0,1,1,6,1,52,8,-1,-1,-1,6,1
2014170S40304,2,9,0,18,0,2,0,0,0,0,1,1,6,1,21,5,1198,1,-1,9,1
2014170S40444,1,9,0,10,0,1,0,0,0,0,2,1,1,1,49,8,1149,1,12,8,3
2014170S40444,2,9,0,18,0,1,0,0,0,0,1,1,6,1,18,4,1390,1,1,9,1
2014170S40574,1,9,0,9,0,8,0,0,0,0,1,1,6,2,85,11,1242,1,9,9,1
2014170S40574,2,1,0,18,0,8,0,0,0,0,1,1,6,1,54,8,-1,-1,-1,10,1
2014170S40584,1,9,0,18,0,1,0,0,0,0,1,1,6,2,43,7,1896,2,10,-1,-1
2014170S40584,2,9,0,10,0,1,0,0,0,0,2,1,6,1,31,6,1910,2,6,3,1
2014170S40644,1,9,0,9,0,8,0,0,0,0,1,1,2,2,25,5,1229,1,9,10,1
2014170S40644,2,1,0,13,0,8,0,0,0,0,1,1,6,1,59,9,-1,-1,-1,-1,-1
2014170S40994,1,9,0,18,0,8,0,0,0,0,1,1,2,1,61,9,2656,1,12,9,2
2014170S41044,1,9,0,18,0,0,0,0,0,0,4,1,1,1,27,6,-1,-1,-1,2,1
2014170S41044,2,9,0,2,0,0,0,0,0,0,4,1,2,2,35,6,2967,2,8,8,1
2014170S41164,1,9,0,7,0,0,0,0,0,0,4,1,6,2,30,6,2987,2,2,2,1
2014170S41164,2,1,0,15,0,0,0,0,0,0,0,1,6,1,41,7,-1,-1,-1,-1,1
2014170S41204,1,9,0,7,0,8,0,0,0,0,0,1,6,2,76,11,998,1,-1,10,1
2014170S41204,2,1,0,15,0,8,0,0,0,0,1,1,6,1,37,7,-1,-1,-1,5,1
2014170S41294,1,9,0,9,0,6,0,0,0,0,1,1,6,1,53,8,1968,2,6,8,1
2014170S41294,2,1,0,14,0,8,0,0,0,0,1,1,6,1,44,7,-1,-1,-1,8,2
2014170S41434,1,9,0,18,0,4,0,0,0,0,1,1,2,2,56,9,-1,-1,-1,10,1
2014170S41434,2,1,0,9,0,8,0,0,0,0,4,1,2,2,53,8,-1,-1,-1,8,1
2014170S41724,1,9,0,18,0,1,0,0,3,4,1,1,6,1,21,5,998,1,3,1,1
2014170S41744,1,9,0,9,0,6,0,0,0,0,1,1,6,1,43,7,1997,1,4,-1,1
2014170S41744,2,3,0,18,0,8,0,0,0,0,4,1,6,1,38,7,124,1,1,10,1
2014170S41814,1,8,0,18,0,0,0,0,0,0,4,1,1,1,55,8,1753,2,8,7,1
2014170S41864,1,9,0,9,0,8,0,0,0,0,4,1,6,2,20,4,1242,1,-1,7,1
2014170S41864,2,1,0,18,0,8,0,0,0,0,1,1,6,1,45,7,-1,-1,-1,10,1
2014170S42144,1,9,0,10,0,1,0,0,0,0,2,1,6,2,63,9,998,1,9,3,1
2014170S42144,2,9,0,5,0,1,0,0,0,0,1,1,6,1,28,6,1910,2,4,3,1
2014170S42224,1,9,0,18,0,0,0,0,0,0,3,1,6,3,-1,-1,-1,-1,-1,-1,-1
2014170S42324,1,5,0,18,0,0,0,10,0,0,4,1,6,1,28,6,750,1,15,2,1
2014170S42434,1,9,0,18,0,0,0,0,0,0,1,1,6,1,33,6,1896,2,9,7,3
2014170S42484,1,19,0,7,0,8,0,0,0,0,4,1,6,3,-1,-1,-1,-1,-1,-1,-1
2014170S42484,2,1,0,18,0,8,0,0,0,0,3,1,6,1,59,9,-1,-1,-1,8,1
2014170S42754,1,1,0,18,0,8,0,0,0,0,1,1,6,1,39,7,-1,-1,-1,8,1
2014170S42754,2,9,0,9,0,8,0,0,0,0,1,1,6,2,62,9,1598,1,10,8,1
2014170S42904,1,8,0,18,0,0,0,0,0,0,1,1,1,1,44,7,1910,2,6,-1,1
2014170S43084,1,9,0,3,0,1,0,0,0,0,2,1,6,1,52,8,2143,2,3,10,1
2014170S43084,2,9,0,18,0,1,0,0,0,0,1,1,6,1,47,8,1968,2,-1,1,1
201420G000384,1,3,0,5,0,8,0,0,0,0,4,1,6,1,18,4,125,1,5,2,1
201420G000384,2,9,0,6,0,8,0,0,0,0,3,1,6,2,55,8,1560,2,3,6,1
201420G000444,1,9,0,18,0,0,0,4,0,0,1,1,6,3,-1,-1,1560,2,10,-1,-1
201420G000444,2,9,0,2,0,0,0,0,0,0,2,1,6,1,44,7,3499,1,11,2,1
201420G000474,1,9,0,4,0,2,0,0,0,0,2,1,6,2,21,5,1598,1,7,10,1
201420G000474,2,9,0,18,0,2,0,0,0,0,1,1,6,1,28,6,2616,1,9,4,1
201420G000524,1,19,0,9,0,2,0,0,0,0,1,1,6,1,54,8,2148,2,7,5,1
201420G000524,2,9,0,18,0,8,0,0,0,0,2,1,3,1,26,6,1398,1,13,1,1
201420G000524,3,9,0,18,0,1,0,0,0,0,1,1,6,1,74,10,1995,2,4,6,1
201420G000524,4,9,0,18,0,8,0,0,0,0,1,1,6,2,43,7,1399,1,11,2,1
201420G000584,1,9,0,18,0,0,1,0,0,0,1,1,6,1,27,6,-1,-1,-1,9,1
201420G000584,2,9,0,18,0,0,0,0,0,0,1,1,6,2,36,7,1149,1,13,1,1
201420G000614,1,9,0,13,0,1,5,0,8,4,4,1,6,1,56,9,1905,1,22,4,1
201420G000614,2,9,0,9,0,1,0,0,0,0,3,1,6,1,62,9,998,1,11,6,1
201420G000624,1,9,0,12,0,0,0,0,0,0,1,1,6,1,41,7,1986,2,9,5,1
201420G000624,2,9,0,18,0,0,0,0,0,0,4,1,6,2,31,6,1968,2,5,4,1
201420G000644,1,1,0,5,0,6,0,0,0,0,1,1,1,2,35,6,-1,-1,-1,2,1
201420G000644,2,19,0,9,0,6,0,0,0,0,4,1,1,1,28,6,2198,2,3,3,1
201420G000704,1,9,0,18,0,0,0,10,1,10,3,1,6,1,26,6,1895,1,15,5,1
201420G000734,1,9,0,12,0,0,5,0,2,7,2,1,6,1,75,10,1149,1,2,5,1
201420G000734,2,9,0,13,0,0,0,0,0,0,1,1,6,1,28,6,1762,1,16,2,1
201420G000744,1,9,0,18,0,2,0,0,0,0,1,1,2,2,33,6,1298,1,12,2,1
201420G000794,1,21,0,18,0,0,1,0,0,0,1,1,1,1,40,7,4580,2,10,-1,-1
201420G000794,2,9,0,18,0,0,0,0,0,0,2,1,6,1,60,9,1498,1,4,7,1
201420G000794,3,9,0,4,0,0,0,0,0,0,2,1,6,1,28,6,1870,2,10,1,1
201420G000814,1,19,0,9,0,5,0,0,0,0,1,1,6,3,-1,-1,1998,2,13,-1,-1
201420G000814,2,9,0,18,0,8,0,0,0,0,1,1,6,1,22,5,998,1,1,8,1
201420G000854,1,9,0,9,0,6,0,0,0,0,3,1,1,1,62,9,2993,2,6,6,3
201420G000854,2,2,0,18,0,8,0,0,0,0,1,1,6,1,24,5,125,1,6,4,1
201420G000864,1,9,0,18,0,1,0,0,0,0,1,1,1,2,31,6,1956,2,2,2,1
201420G000874,1,9,0,18,0,4,0,0,0,0,1,1,6,1,-1,-1,1998,1,14,2,1
201420G000874,2,9,0,18,0,3,0,0,0,0,4,1,6,2,19,4,1299,1,11,5,3
201420G000904,1,11,0,18,0,1,0,0,0,0,1,1,1,1,55,8,4250,2,14,2,1
201420G000904,2,9,0,18,0,1,0,0,0,0,2,1,1,1,25,5,-1,-1,-1,9,1
201420G000974,1,9,0,18,0,8,0,0,0,0,1,1,6,1,17,4,1796,2,1,2,1
201420G000974,2,9,0,18,0,8,0,0,0,0,4,1,6,2,20,4,1240,1,4,7,2
201420G000974,3,9,0,18,0,1,0,0,0,0,0,1,1,1,50,8,-1,-1,-1,1,1
201420G000994,1,9,0,18,0,8,1,0,0,0,1,1,6,1,36,7,2987,2,7,2,1
201420G000994,2,9,0,18,0,8,0,0,1,0,3,1,6,1,26,6,1149,1,12,4,1
201420G001004,1,9,0,9,0,6,0,0,0,0,4,1,6,1,87,11,1198,1,2,7,1
201420G001004,2,9,0,18,0,8,0,0,0,0,4,1,2,1,42,7,3246,1,12,8,1
201420G001014,1,9,0,18,0,2,0,0,0,0,4,1,6,1,40,7,1598,2,4,7,1
201420G001034,1,19,0,9,0,8,0,0,0,0,1,1,2,1,40,7,2402,2,5,1,1
201420G001034,2,9,0,18,0,8,0,0,0,0,3,1,6,1,66,10,1360,1,7,2,1
201420G001174,1,9,0,18,0,0,0,4,0,0,1,1,6,1,22,5,1298,1,11,5,1
201420G001174,2,9,0,2,0,0,0,0,0,0,2,1,6,1,35,6,2179,2,12,1,1
201420G001184,1,9,0,9,0,8,0,0,0,0,1,1,1,1,45,7,1995,2,10,5,1
201420G001184,2,9,0,18,0,8,0,0,0,0,1,1,6,1,29,6,1600,2,4,5,1