Accident_Index,Vehicle_Reference,Vehicle_Type,Towing_and_Articulation,Vehicle_Manoeuvre,Vehicle_Location-Restricted_Lane,Junction_Location,Skidding_and_Overturning,Hit_Object_in_Carriageway,Vehicle_Leaving_Carriageway,Hit_Object_off_Carriageway,1st_Point_of_Impact,Was_Vehicle_Left_Hand_Drive?,Journey_Purpose_of_Driver,Sex_of_Driver,Age_of_Driver,Age_Band_of_Driver,Engine_Capacity_(CC),Propulsion_Code,Age_of_Vehicle,Driver_IMD_Decile,Driver_Home_Area_Type
201420G001224,1,9,0,9,0,5,0,0,0,0,1,1,6,2,45,7,1796,1,3,5,1
201420G001224,2,9,0,18,0,8,1,0,0,0,1,1,6,1,45,7,1910,2,8,5,1
201420G001234,1,9,0,9,0,5,0,0,0,0,4,1,6,2,36,7,1598,1,13,8,1
201420G001234,2,2,0,18,0,8,1,0,0,0,1,1,2,1,21,5,49,1,5,2,1
201420G001244,1,9,0,9,0,5,0,0,0,0,1,1,6,2,28,6,1124,1,13,1,1
201420G001244,2,9,0,4,0,8,1,0,0,0,1,1,6,1,35,6,1896,2,10,2,1
201420G001274,1,9,0,5,0,3,0,0,0,0,1,1,2,2,25,5,1196,1,17,3,1
201420G001274,2,9,0,18,0,8,0,0,0,0,1,1,6,3,-1,-1,-1,-1,-1,-1,-1
201420G001284,1,9,0,17,0,0,0,0,1,4,1,1,6,1,21,5,1086,1,7,4,1
201420G001384,1,9,0,9,0,8,0,0,0,0,1,1,6,1,-1,-1,999,1,16,2,1
201420G001384,2,9,0,18,0,8,0,0,0,0,1,1,6,1,-1,-1,1599,1,6,5,1
201420G001394,1,9,0,5,9,8,0,0,0,0,1,1,6,1,-1,-1,-1,-1,-1,-1,-1
201420G001394,2,1,0,18,9,8,0,0,0,0,1,1,6,1,32,6,-1,-1,-1,2,1
201420G001414,1,19,0,4,0,0,1,0,1,0,1,1,6,1,50,8,1998,2,13,6,1
201420G001414,2,9,0,4,0,0,0,0,0,0,2,1,6,1,38,7,1910,2,8,3,1
201420G001444,1,9,0,17,9,0,1,0,1,10,1,1,6,3,-1,-1,1910,2,5,-1,-1
201420G001454,1,9,0,6,0,0,0,0,0,0,1,1,1,1,43,7,1896,2,10,1,1
201420G001454,2,9,0,18,0,0,0,0,0,0,1,1,1,1,52,8,1398,2,12,2,1
201420G001464,1,19,0,18,0,0,0,0,0,0,1,1,6,3,-1,-1,-1,-1,-1,-1,-1
201420G001474,1,9,0,18,0,0,0,0,0,0,1,1,6,1,-1,-1,2000,2,14,2,1
201420G001484,1,5,0,14,0,1,0,0,0,0,1,1,2,1,40,7,1170,1,5,8,1
201420G001494,1,11,0,7,0,8,0,0,0,0,0,1,1,1,45,7,7300,2,2,4,1
201420G001524,1,9,0,18,0,0,0,4,0,0,1,1,6,1,45,7,1587,1,12,4,1
201420G001524,2,9,0,2,0,0,0,4,0,0,2,1,6,1,-1,-1,1997,2,12,-1,-1
201420G001524,3,9,0,2,0,0,0,4,0,0,2,1,6,1,-1,-1,1196,1,21,-1,-1
201420G001554,1,9,0,9,0,6,0,0,0,0,3,1,2,1,57,9,1360,1,10,7,1
201420G001554,2,1,0,18,0,8,0,0,0,0,1,1,2,1,28,6,-1,-1,-1,3,1
201420G001744,1,9,0,9,0,5,0,0,0,0,1,1,6,1,20,4,998,1,13,3,1
201420G001744,2,9,0,18,0,8,0,0,1,7,4,1,2,1,33,6,1242,1,13,4,1
201420G001774,1,9,0,18,0,3,0,0,0,0,1,1,6,1,33,6,1781,1,17,3,1
201420G001774,2,9,0,18,0,3,0,0,1,0,2,1,6,1,38,7,-1,-1,-1,1,1
201420G001794,1,20,0,18,0,1,0,0,0,0,1,1,1,1,-1,-1,12130,2,13,-1,-1
201420G001794,2,9,0,3,0,1,0,0,0,0,2,1,2,2,28,6,1397,1,12,10,1
201420G001864,1,19,0,18,0,0,0,0,0,0,1,1,6,1,-1,-1,-1,-1,-1,-1,-1
201420G001864,2,9,0,4,0,0,0,0,0,0,2,1,6,2,42,7,1461,2,6,1,1
201420G001874,1,9,0,3,0,1,0,0,0,0,1,1,6,1,-1,-1,998,1,1,-1,-1
201420G001894,1,9,0,9,0,8,0,0,4,1,1,1,1,1,47,8,1956,2,1,-1,-1
201420G001894,2,9,0,18,0,8,0,0,0,0,3,1,6,1,34,6,3000,1,20,2,1
201420G001904,1,9,0,7,9,6,0,0,0,0,1,1,6,3,-1,-1,-1,-1,-1,-1,-1
201420G001904,2,1,0,18,9,8,0,0,0,0,2,1,1,1,40,7,-1,-1,-1,-1,-1
201420G001914,1,11,0,18,0,3,0,0,0,0,1,1,1,1,65,9,7300,2,2,1,1
201420G001914,2,9,0,18,0,3,0,0,0,0,3,1,6,2,31,6,1360,1,11,5,1
201420G001934,1,9,0,18,0,1,0,0,0,0,1,1,6,1,-1,-1,1796,1,1,5,1
201420G001934,2,9,0,3,0,1,0,0,0,0,2,1,6,2,37,7,1910,2,6,3,1
201420G001984,1,8,0,1,0,1,0,0,0,0,2,1,6,1,-1,-1,1598,1,4,-1,-1
201420G002004,1,3,0,13,0,0,0,0,0,0,4,1,2,1,28,6,124,1,1,4,1
201420G002004,2,9,0,5,0,0,0,0,0,0,3,1,6,2,30,6,1598,1,5,2,1
201420G002014,1,9,0,9,0,8,0,0,0,0,4,1,1,1,50,8,1999,1,3,7,1
201420G002014,2,1,0,18,0,8,0,0,0,0,1,1,4,1,14,3,-1,-1,-1,3,1
201420G002024,1,9,0,14,0,8,0,0,0,0,4,1,1,1,66,10,-1,-1,-1,5,1
201420G002104,1,9,0,18,0,0,0,0,0,0,1,1,6,2,27,6,1199,1,13,4,1
201420G002144,1,9,0,9,0,8,0,0,0,0,3,1,6,1,26,6,1796,1,12,4,1
201420G002144,2,9,0,18,0,8,0,0,0,0,1,1,6,1,22,5,1242,1,10,5,1
201420G002234,1,9,0,9,0,8,0,0,0,0,1,1,2,1,-1,-1,1596,1,11,1,1
201420G002234,2,9,0,18,0,8,0,0,0,0,3,1,6,1,-1,-1,1587,1,16,7,1
201420G002254,1,19,0,18,0,6,1,0,0,0,1,1,2,2,54,8,-1,-1,-1,2,1
201420G002254,2,9,0,18,0,8,1,10,1,0,1,1,2,1,54,8,1360,1,8,9,1
201420G002284,1,9,0,6,0,2,0,0,0,0,3,1,6,3,-1,-1,1598,1,7,-1,-1
201420G002294,1,9,0,9,0,6,0,0,0,0,1,1,6,2,38,7,1360,1,14,2,1
201420G002294,2,9,0,10,0,8,0,0,0,0,1,1,6,1,47,8,1796,1,11,2,1
201420G002364,1,9,0,18,0,8,0,0,1,0,4,1,6,1,34,6,1149,1,14,-1,-1
201420G002364,2,11,0,18,0,8,0,0,0,0,1,1,1,1,44,7,8268,2,10,7,1
201420G002394,1,9,0,18,0,8,0,0,0,0,1,1,6,1,-1,-1,1242,1,13,-1,-1
201420G002394,2,9,0,9,0,8,0,0,0,0,3,1,1,2,49,8,1242,1,13,1,1
201420G002404,1,9,0,4,0,0,0,0,0,0,1,1,6,2,28,6,-1,-1,-1,8,1
201420G002404,2,9,0,4,0,0,0,0,0,0,2,1,2,1,34,6,1560,2,1,2,1
201420G002404,3,9,0,5,0,0,0,0,0,0,2,1,6,2,39,7,2967,2,2,10,1
201420G002464,1,9,0,18,0,8,0,0,0,0,1,1,1,1,28,6,1998,2,7,-1,-1
201420G002464,2,9,0,10,0,8,0,0,0,0,2,1,1,2,40,7,1587,1,13,2,1
201420G002474,1,9,0,18,0,0,0,0,0,0,1,1,2,1,28,6,1956,2,1,8,3
201420G002484,1,9,0,5,0,1,0,0,0,0,1,1,6,1,-1,-1,2183,2,4,-1,-1
201420G002484,2,8,0,3,0,1,0,0,0,0,2,1,1,1,35,6,1686,2,7,2,1
201420G002504,1,9,0,18,0,6,0,0,0,0,1,1,2,2,49,8,1598,1,7,2,1
201420G002504,2,9,0,18,0,8,0,0,0,0,4,1,6,1,33,6,1896,2,10,9,1
201420G002524,1,9,0,5,0,8,0,0,0,0,4,1,6,1,33,6,1598,1,1,5,1
201420G002524,2,9,0,18,0,8,0,0,0,0,1,1,6,1,65,9,1951,2,13,4,1
201420G002534,1,9,0,18,0,2,0,0,0,0,1,1,6,1,70,10,1398,1,1,1,1
201420G002534,2,9,0,18,0,1,0,0,0,0,1,1,6,2,51,8,1799,1,5,1,1
201420G002544,1,9,0,12,0,1,0,0,0,0,1,1,6,1,18,4,973,1,11,7,1
201420G002544,2,9,0,3,0,1,0,0,0,0,2,1,6,1,34,6,1242,1,4,4,1
201420G002584,1,1,0,12,0,3,0,0,0,0,3,1,6,1,46,8,-1,-1,-1,2,1
201420G002584,2,9,0,18,0,3,0,0,0,0,4,1,6,1,22,5,1896,2,12,5,1
201420G002594,1,9,0,18,0,8,0,0,0,0,1,1,2,1,32,6,1783,1,15,2,1
201420G002594,2,9,0,18,0,8,0,0,0,0,1,1,2,1,41,7,1968,2,10,1,1
201420G002644,1,9,0,11,0,0,0,0,0,0,3,1,6,1,52,8,1999,1,13,2,1
201420G002644,2,9,0,18,0,0,0,0,7,7,4,1,6,2,46,8,1995,2,3,3,1
201420G002674,1,9,0,5,0,0,0,0,0,0,1,1,6,2,53,8,1994,2,13,9,2
201420G002674,2,9,0,4,0,0,0,0,0,0,2,1,6,1,53,8,3498,1,8,6,1
201420G002674,3,9,0,3,0,0,0,0,0,0,2,1,6,1,28,6,1149,1,4,10,1
201420G002684,1,9,0,18,0,0,0,0,0,0,4,1,6,1,22,5,1794,1,12,4,1
201420G002704,1,9,0,7,0,8,0,0,0,0,1,1,6,2,25,5,1299,1,12,-1,1
201420G002704,2,1,0,18,0,8,0,0,0,0,4,1,6,1,39,7,-1,-1,-1,1,1
201420G002724,1,9,0,5,0,6,0,0,0,0,1,1,6,1,-1,-1,1796,1,9,-1,-1
201420G002724,2,9,0,18,0,8,0,0,7,10,1,1,6,1,20,4,1199,1,11,1,1
201420G002744,1,19,0,18,0,8,0,0,0,0,1,1,6,1,59,9,2500,2,8,1,1
201420G002744,2,9,0,7,0,5,0,0,0,0,2,1,1,1,36,7,1968,2,1,4,1
201420G002754,1,9,0,6,0,0,0,0,0,0,3,1,6,2,35,6,1598,1,6,1,1
201420G002754,2,4,0,14,0,0,0,0,0,0,1,1,6,1,63,9,-1,-1,-1,1,1
201420G002844,1,9,0,3,0,1,0,0,0,0,1,1,6,1,42,7,998,1,1,-1,-1
201420G002844,2,8,0,3,0,1,0,0,0,0,2,1,1,2,45,7,1968,2,9,3,1
201420G002854,1,9,0,18,0,0,0,0,0,0,1,1,6,1,20,4,2000,2,9,5,1
201420G002884,1,9,0,5,0,8,0,0,0,0,1,1,6,2,44,7,1598,1,10,2,1
201420G002884,2,9,0,18,0,8,0,0,0,0,4,1,2,2,59,9,1527,2,16,7,3
201420G002924,1,21,0,18,0,1,0,0,0,0,1,1,1,1,60,9,9200,2,8,2,1
201420G002924,2,9,0,3,0,1,0,0,0,0,2,1,1,2,25,5,1229,1,-1,2,1
201420G002954,1,9,0,9,0,5,0,0,0,0,2,1,2,1,29,6,1598,1,13,1,1
201420G002954,2,5,0,18,0,8,0,0,0,0,1,1,6,1,46,8,918,1,17,6,2
201420G002974,1,9,0,18,0,1,1,0,0,0,1,1,6,2,70,10,1398,1,2,4,1
201420G003014,1,9,0,18,0,3,0,0,0,0,1,1,6,1,37,7,1796,1,14,3,1
201420G003034,1,5,0,4,0,1,0,4,0,0,1,1,6,1,39,7,600,1,15,1,1
201420G003034,2,11,0,9,0,1,0,0,0,0,0,1,1,1,53,8,-1,-1,-1,1,1
201420G003034,3,9,0,2,0,2,0,0,0,0,2,1,6,1,61,9,1527,2,14,7,1
201420G003094,1,9,0,9,0,1,0,0,0,0,1,1,1,1,30,6,-1,-1,-1,3,1
201420G003094,2,3,0,18,0,1,0,0,0,0,3,1,1,1,17,4,125,1,42,9,1
201420G003104,1,9,0,9,0,6,0,0,0,0,3,1,1,1,66,10,3956,1,10,1,1
201420G003104,2,1,0,18,0,8,0,0,0,0,1,1,1,1,39,7,-1,-1,-1,3,1
201420G003124,1,9,0,13,0,1,0,0,0,0,4,1,6,3,-1,-1,1896,2,9,-1,-1
201420G003124,2,3,0,9,0,1,0,0,0,0,3,1,6,1,24,5,124,1,6,2,1
201420G003144,1,9,0,18,0,0,1,0,0,0,1,1,6,1,26,6,1598,1,11,1,1
201420G003154,1,9,0,7,9,6,0,0,0,0,1,1,6,2,82,11,1341,1,10,7,1
201420G003154,2,9,0,18,0,8,0,0,0,0,4,1,6,1,58,9,1587,1,11,1,1
201420G003154,3,9,0,18,0,8,0,0,0,0,1,1,6,2,29,6,1461,2,8,10,1
201420G003164,1,9,0,18,0,0,1,0,0,0,4,1,6,2,24,5,1349,1,5,4,1
201420G003174,1,9,0,9,0,8,0,0,0,0,1,1,6,1,27,6,1299,1,18,7,1
201420G003174,2,9,0,18,0,8,0,0,0,0,1,1,6,1,-1,-1,-1,-1,-1,-1,-1
201420G003214,1,9,0,5,0,0,0,0,0,0,3,1,6,1,58,9,1560,2,5,2,1
201420G003214,2,3,0,18,0,0,0,0,0,0,1,1,6,1,17,4,124,1,13,9,1
201420G003224,1,11,0,5,0,2,0,0,0,0,1,1,1,1,35,6,-1,2,15,7,1
201420G003224,2,1,0,5,0,2,0,0,0,0,4,1,2,1,19,4,-1,-1,-1,2,1
201420G003234,1,9,0,9,0,8,0,0,0,0,1,1,6,1,39,7,1296,1,7,1,1
201420G003234,2,3,0,18,0,8,0,0,0,0,3,1,6,1,22,5,124,1,10,4,1
201420G003244,1,9,0,18,0,8,0,0,1,7,1,1,1,2,28,6,1248,1,5,3,1
201420G003244,2,19,0,9,0,8,0,0,0,0,1,1,1,1,51,8,1598,2,1,9,2
201420G003254,1,2,0,9,0,5,1,0,0,0,3,1,1,1,18,4,49,1,5,2,1
201420G003254,2,9,0,9,0,6,0,0,0,0,4,1,1,2,46,8,1994,2,11,2,1
201420G003274,1,9,0,17,0,8,1,0,0,0,3,1,1,1,31,6,1997,2,12,2,1
201420G003274,2,8,0,17,0,8,0,0,0,0,4,1,6,1,51,8,1997,2,9,3,1
201420G003284,1,1,0,18,0,2,0,0,0,0,3,1,6,1,36,7,-1,-1,-1,-1,-1
201420G003284,2,9,0,9,0,2,0,0,0,0,2,1,1,1,45,7,1998,1,5,1,1
201420G003364,1,8,0,18,0,2,1,0,0,0,1,1,1,1,59,9,2402,2,11,1,1
201420G003374,1,9,0,18,0,2,0,0,0,0,1,1,6,1,-1,-1,-1,-1,-1,-1,-1
201420G003384,1,9,0,7,0,2,0,0,0,0,3,1,6,1,76,11,1242,1,2,6,1
201420G003384,2,3,0,18,0,2,2,0,0,0,4,1,6,1,53,8,499,1,9,3,1
201420G003394,1,9,0,7,0,8,0,0,0,0,1,1,6,2,48,8,2792,1,12,2,1
201420G003464,1,9,0,9,0,2,0,0,0,0,0,1,6,1,29,6,1598,1,7,-1,1
201420G003464,2,9,0,18,0,2,0,10,1,0,1,1,2,2,44,7,1896,2,8,6,1
201420G003464,3,9,0,9,0,1,0,0,0,0,0,1,1,1,43,7,2993,2,1,2,1
201420G003474,1,9,0,18,9,0,0,10,7,10,1,1,6,1,64,9,1299,1,11,5,1
201420G003494,1,9,0,9,0,2,0,0,0,0,1,1,3,2,48,8,1910,2,6,3,1
201420G003494,2,3,0,18,0,1,0,0,0,0,4,1,6,1,40,7,-1,-1,-1,5,1
201420G003604,1,11,0,3,0,2,0,0,0,0,2,1,1,1,42,7,-1,-1,-1,1,1
201420G003604,2,9,0,18,0,2,0,0,0,0,1,1,6,1,-1,-1,2720,2,10,-1,-1
201420G003614,1,19,0,12,0,0,0,0,0,0,3,1,6,1,-1,-1,2496,2,17,-1,-1
201420G003614,2,9,0,18,0,0,0,0,0,0,4,1,6,1,37,7,1198,1,11,4,1
201420G003624,1,8,0,18,0,1,0,0,0,0,1,1,1,1,-1,-1,-1,-1,-1,-1,-1
201420G003644,1,9,0,4,0,0,0,0,0,0,1,1,3,1,40,7,1461,2,10,6,1
201420G003654,1,19,0,14,0,0,0,0,0,0,1,1,6,1,-1,-1,-1,-1,-1,-1,-1
201420G003654,2,9,0,2,0,0,0,0,0,0,0,1,6,1,55,8,1896,2,6,9,2
201420G003674,1,9,0,18,0,1,0,0,0,0,1,1,6,3,-1,-1,-1,-1,-1,-1,-1
201420G003704,1,9,0,4,0,0,0,0,0,0,1,1,6,1,62,9,1396,1,11,-1,-1
201420G003704,2,9,0,3,0,0,0,0,0,0,2,1,6,2,26,6,1199,1,12,1,1
201420G003704,3,9,0,3,0,0,0,0,0,0,2,1,6,2,45,7,1598,2,1,10,2
201420G003704,4,9,0,3,0,0,0,0,0,0,2,1,6,1,49,8,1242,1,15,4,1
201420G003744,1,9,0,18,0,0,0,0,0,0,1,1,6,2,26,6,1242,1,10,2,1
201420G003744,2,9,0,18,0,0,0,0,0,0,2,1,6,1,47,8,1896,2,10,6,1
201420G003754,1,9,0,9,0,6,0,0,0,0,1,1,2,1,45,7,2148,2,12,7,1
201420G003754,2,9,0,18,0,8,0,10,1,2,1,1,2,2,46,8,1598,1,7,7,1
201420G003794,1,9,0,9,0,8,0,0,0,0,2,1,6,1,34,6,1596,1,9,-1,1
201420G003794,2,11,0,18,0,8,0,0,0,0,1,1,1,1,43,7,4461,2,1,1,1
201420G003814,1,9,0,4,0,0,0,0,0,0,1,1,6,1,21,5,1781,1,17,-1,-1
201420G003814,2,9,0,4,0,0,0,0,0,0,2,1,1,1,51,8,1910,2,7,8,1
201420G003834,1,9,0,7,0,8,0,0,0,0,1,1,6,1,20,4,-1,-1,-1,1,1
201420G003834,2,9,0,18,0,8,0,0,0,0,1,1,6,2,65,9,1422,2,11,2,1
201420G003894,1,9,0,18,0,2,0,0,0,0,1,1,6,1,48,8,998,1,3,6,1
201420G003934,1,9,0,18,0,0,0,0,0,0,1,1,2,2,33,6,1753,2,15,2,1
201420G003964,1,5,0,18,0,8,0,0,0,0,1,1,6,1,27,6,885,1,13,2,1
201420G003964,2,9,0,10,0,8,0,0,0,0,1,1,6,1,34,6,-1,-1,-1,1,1
201420G003974,1,9,0,18,0,0,0,0,0,0,1,1,6,1,46,8,3696,1,1,6,1
201420G003974,2,9,0,18,0,0,0,0,0,0,0,1,6,1,43,7,1781,1,16,1,1
201420G003994,1,3,0,13,0,8,0,0,0,0,1,1,6,1,18,4,-1,-1,-1,9,1
201420G003994,2,9,0,9,0,8,0,0,0,0,3,1,6,2,32,6,1199,1,13,1,1
201420G004004,1,9,0,4,0,8,0,0,0,0,1,1,6,1,35,6,1198,1,12,-1,-1
201420G004004,2,9,0,3,0,1,0,0,0,0,2,1,6,1,40,7,1390,1,4,9,1
201420G004064,1,9,0,18,0,0,0,0,0,0,1,1,6,2,22,5,1390,1,1,5,1
201420G004074,1,9,0,13,0,0,0,0,0,0,1,1,6,1,27,6,1994,1,14,1,1
201420G004074,2,9,0,18,0,0,0,0,0,0,1,1,6,1,42,7,973,1,11,9,1
201420G004074,3,9,0,18,0,0,0,0,0,0,1,1,6,2,-1,-1,1598,1,11,-1,-1
201420G004124,1,9,0,4,0,1,0,0,0,0,1,1,6,1,32,6,1968,2,8,2,1
201420G004124,2,9,0,4,0,1,0,0,0,0,2,1,6,2,38,7,1149,1,7,1,1
201420G004124,3,9,0,4,0,1,0,0,0,0,2,1,6,1,22,5,1149,1,13,1,1
201420G004124,4,9,0,4,0,1,0,0,0,0,2,1,6,3,-1,-1,1587,1,12,3,1
201420G004134,1,9,0,9,0,8,0,0,0,0,1,1,6,2,82,11,1199,1,11,2,1
201420G004134,2,1,0,18,0,8,0,0,0,0,1,1,6,1,47,8,-1,-1,-1,5,1
201420G004164,1,9,0,9,0,1,0,0,0,0,1,1,6,2,26,6,1910,2,9,2,1
201420G004164,2,9,0,18,0,1,1,0,0,0,1,1,6,1,30,6,1198,1,-1,3,1
201420G004204,1,9,0,3,0,0,0,0,0,0,2,1,6,1,45,7,1997,1,7,5,3
201420G004204,2,9,0,18,0,0,0,0,0,0,1,1,6,1,-1,-1,2198,1,12,3,1
201420G004234,1,9,0,9,0,6,0,0,0,0,1,1,1,1,-1,-1,1686,2,4,2,1
201420G004234,2,3,0,18,0,8,0,0,0,0,1,1,2,1,45,7,125,1,2,3,1
201420G004284,1,9,0,11,0,1,0,0,0,0,1,1,6,1,26,6,-1,-1,-1,4,1
201420G004284,2,9,0,5,0,1,0,0,0,0,2,1,6,1,30,6,1910,2,4,2,1
201420G004314,1,9,0,18,0,0,0,8,0,0,3,1,6,1,-1,-1,1796,1,10,5,1
201420G004314,2,9,0,2,0,0,0,0,0,0,4,1,6,1,33,6,1242,1,15,5,1
201420G004424,1,9,0,5,0,1,0,0,0,0,1,1,6,1,41,7,1896,2,8,2,1
201420G004424,2,9,0,3,0,1,0,0,0,0,2,1,6,2,29,6,2000,2,2,4,1
201420G004434,1,9,0,2,0,2,0,0,0,0,3,1,6,1,-1,-1,1199,1,12,-1,-1
201420G004434,2,1,0,14,0,2,0,8,0,0,1,1,1,1,24,5,-1,-1,-1,2,1
201420G004444,1,11,0,17,0,0,0,0,0,0,0,1,1,1,-1,-1,7300,2,2,-1,-1
201420G004444,2,9,0,16,0,0,0,0,0,0,0,1,6,3,-1,-1,-1,-1,-1,-1,-1
201420G004454,1,9,0,9,0,6,0,0,0,0,4,1,2,1,-1,-1,1242,1,14,3,1
201420G004454,2,1,0,18,0,8,0,0,0,0,3,1,2,1,23,5,-1,-1,-1,1,1
201420G004474,1,9,0,17,0,8,0,0,1,7,1,1,6,1,36,7,1390,1,7,1,1
201420G004474,2,9,0,17,0,8,0,0,0,0,2,1,6,1,62,9,1988,1,11,2,1
201420G004524,1,8,0,9,0,6,0,0,0,0,1,1,2,1,56,9,1560,2,7,5,1
201420G004524,2,4,0,18,0,8,0,0,0,0,1,1,2,1,28,6,125,1,11,1,1
201420G004534,1,9,0,7,0,6,0,0,0,0,1,1,2,2,29,6,1390,1,7,1,1
201420G004534,2,1,0,18,0,8,0,0,0,0,2,1,2,1,24,5,-1,-1,-1,4,1
201420G004574,1,9,0,9,0,6,0,0,0,0,1,1,6,2,-1,-1,-1,-1,-1,-1,-1
201420G004574,2,9,0,18,0,8,0,0,0,0,1,1,6,1,32,6,1986,2,9,5,1
201420G004584,1,9,0,18,0,8,0,0,0,0,1,1,6,3,-1,-1,1796,1,19,-1,-1
201420G004584,2,9,0,18,0,8,0,0,0,0,1,1,6,1,38,7,1798,1,5,2,1
201420G004654,1,9,0,7,0,2,0,0,0,0,1,1,6,1,-1,-1,1242,1,9,-1,-1
201420G004654,2,1,0,7,0,2,0,0,0,0,1,1,6,1,42,7,-1,-1,-1,1,1
201420G004664,1,9,0,18,0,2,0,0,0,0,1,1,6,1,-1,-1,1896,2,9,-1,-1
201420G004674,1,9,0,9,0,8,0,0,0,0,4,1,1,1,36,7,1956,2,1,5,1
201420G004674,2,9,0,18,0,8,1,0,0,0,4,1,1,2,50,8,1799,1,6,4,1
201420G004684,1,9,0,17,0,2,0,0,0,0,1,1,6,1,26,6,1396,1,9,-1,2
201420G004684,2,9,0,16,0,1,0,0,0,0,1,1,6,1,72,10,998,1,25,1,1
201420G004724,1,9,0,18,0,1,0,0,0,0,1,1,6,3,23,5,1242,1,9,1,1
201420G004724,2,9,0,3,0,1,0,0,0,0,2,1,6,2,31,6,-1,-1,-1,1,1
201420G004724,3,9,0,10,0,1,0,0,0,0,2,1,6,3,-1,-1,1796,1,9,-1,-1
201420G004734,1,9,0,18,0,8,0,0,0,0,1,1,6,2,-1,-1,-1,-1,-1,-1,-1
201420G004764,1,9,0,18,0,1,0,0,0,0,1,1,6,2,46,8,1896,2,7,-1,-1
201420G004764,2,9,0,3,0,1,0,0,0,0,2,1,6,2,42,7,1242,1,3,7,1
201420G004764,3,9,0,10,0,1,0,0,0,0,2,1,6,2,-1,-1,1389,1,16,-1,-1
201420G004874,1,4,0,13,0,1,0,0,0,0,3,1,6,1,21,5,249,1,5,3,1
201420G004874,2,9,0,9,0,5,0,0,0,0,3,1,6,1,41,7,1598,2,3,10,1
201420G004884,1,9,0,18,0,8,0,0,0,0,1,1,2,2,52,8,1598,1,2,5,1
201420G004884,2,5,0,9,0,8,0,0,0,0,3,1,2,2,56,9,750,1,16,1,1
201420G004894,1,9,0,18,0,0,0,0,0,0,1,1,2,1,26,6,1398,2,12,1,1
201420G004904,1,9,0,9,0,8,0,0,0,0,1,1,6,2,23,5,1242,1,2,6,1
201420G004904,2,9,0,18,0,8,0,0,0,0,1,1,6,2,39,7,1753,2,7,1,1
201420G004994,1,9,0,18,0,8,0,0,0,0,3,1,6,1,-1,-1,-1,-1,-1,-1,-1
201420G004994,2,1,0,9,0,8,0,0,0,0,3,1,6,1,78,11,-1,-1,-1,2,1
201420G005004,1,9,0,18,0,0,0,0,0,0,4,1,6,1,-1,-1,848,1,16,2,1
201420G005104,1,9,0,5,0,0,1,4,0,0,1,1,6,1,40,7,1997,2,10,-1,-1
201420G005104,2,9,0,18,0,0,1,4,2,2,3,1,1,2,46,8,1587,1,11,2,1
201420G005104,3,9,0,2,0,0,0,0,0,0,2,1,6,2,38,7,1896,2,5,-1,-1
201420G005104,4,9,0,2,0,0,0,0,0,0,3,1,6,3,-1,-1,1242,1,12,1,1
201420G005114,1,19,0,18,0,0,0,0,0,0,1,1,1,1,37,7,1968,2,1,8,3
201420G005114,2,19,0,3,0,0,0,0,0,0,2,1,1,1,50,8,1248,2,3,4,1
201420G005124,1,9,0,7,0,2,0,0,0,0,1,1,1,2,27,6,-1,-1,-1,1,1
201420G005134,1,9,0,18,0,8,0,0,0,0,1,1,1,1,31,6,1686,2,10,2,1
201420G005134,2,9,0,9,0,8,0,0,0,0,1,1,6,2,19,4,1275,1,14,2,1
201420G005144,1,9,0,18,0,1,0,0,0,0,1,1,6,2,35,6,3227,2,14,7,1
201420G005144,2,9,0,3,0,1,0,0,0,0,2,1,6,1,22,5,1296,1,6,2,1
201420G005144,3,9,0,10,0,1,0,0,0,0,2,1,6,2,58,9,1598,1,12,7,1
201420G005184,1,11,0,4,0,1,0,0,0,0,0,1,1,1,42,7,8268,2,11,4,1
201420G005194,1,9,0,18,0,1,0,4,0,0,1,1,6,2,30,6,1149,1,12,3,1
201420G005194,2,9,0,2,6,2,0,0,0,0,1,1,6,1,-1,-1,1956,2,1,5,1
201420G005204,1,9,0,9,0,8,0,0,0,0,1,1,6,1,22,5,1149,1,10,2,1
201420G005204,2,9,0,9,0,8,0,0,0,0,1,1,6,1,47,8,1910,2,7,2,1
201420G005224,1,90,0,5,0,0,1,10,1,10,1,1,6,3,-1,-1,-1,-1,-1,-1,-1
201420G005234,1,9,0,9,9,8,0,0,0,0,4,1,6,2,26,6,1398,2,11,1,1
201420G005234,2,1,0,14,9,8,0,0,0,0,1,1,6,1,23,5,-1,-1,-1,4,1
201420G005254,1,9,0,18,0,1,0,0,0,0,1,1,6,1,28,6,1968,2,8,2,1
201420G005254,2,9,0,18,0,2,0,0,0,0,1,1,6,3,-1,-1,-1,-1,-1,-1,-1
201420G005374,1,9,0,14,0,1,0,0,0,0,1,1,6,1,-1,-1,1364,1,6,-1,-1
201420G005424,1,8,0,18,0,2,0,0,0,0,1,1,1,1,62,9,2664,2,15,4,1
201420G005424,2,1,0,9,0,1,0,0,0,0,1,1,6,1,19,4,-1,-1,-1,1,1
201420G005434,1,3,0,16,0,0,0,0,0,0,1,1,6,1,37,7,124,1,11,1,1