Accident_Index,Vehicle_Reference,Vehicle_Type,Towing_and_Articulation,Vehicle_Manoeuvre,Vehicle_Location-Restricted_Lane,Junction_Location,Skidding_and_Overturning,Hit_Object_in_Carriageway,Vehicle_Leaving_Carriageway,Hit_Object_off_Carriageway,1st_Point_of_Impact,Was_Vehicle_Left_Hand_Drive?,Journey_Purpose_of_Driver,Sex_of_Driver,Age_of_Driver,Age_Band_of_Driver,Engine_Capacity_(CC),Propulsion_Code,Age_of_Vehicle,Driver_IMD_Decile,Driver_Home_Area_Type
201420G005434,2,1,0,5,0,0,0,0,0,0,4,1,6,1,33,6,-1,-1,-1,1,1
201420G005564,1,9,0,7,0,3,0,4,0,0,1,1,6,1,-1,-1,1997,2,13,-1,-1
201420G005564,2,9,0,2,6,1,0,0,0,0,1,1,6,1,47,8,1995,2,10,1,1
201420G005574,1,9,0,18,0,1,0,0,0,0,1,1,6,2,-1,-1,1389,1,16,-1,-1
201420G005574,2,9,0,4,0,1,0,0,0,0,2,1,6,1,52,8,1686,2,10,5,1
201420G005584,1,9,0,4,0,0,1,0,0,0,3,1,6,2,40,7,1242,1,12,2,1
201420G005584,2,9,0,4,0,0,0,0,0,0,4,1,6,2,53,8,1995,1,9,8,1
201420G005604,1,9,0,16,0,0,0,10,1,0,1,1,4,1,21,5,1595,1,5,3,1
201420G005614,1,8,0,18,0,0,0,0,0,0,4,1,1,1,41,7,2664,2,13,5,1
201420G005624,1,9,0,18,0,2,1,0,0,0,1,1,6,1,30,6,1796,1,12,1,1
201420G005624,2,9,0,9,0,2,0,0,0,0,2,1,1,1,47,8,1560,2,3,2,1
201420G005634,1,9,0,18,0,0,0,0,0,0,1,1,6,1,21,5,1796,1,13,7,1
201420G005634,2,9,0,18,0,0,0,0,0,0,1,1,6,1,27,6,1242,1,15,5,1
201420G005704,1,19,0,1,9,1,0,10,1,0,2,1,1,1,45,7,2143,2,4,8,1
201420G005714,1,19,0,16,0,2,1,4,0,0,1,1,6,1,-1,-1,1997,2,9,-1,-1
201420G005714,2,9,0,2,0,2,0,0,0,0,3,1,6,2,17,4,1149,1,14,2,1
201420G005714,3,19,0,2,0,1,0,0,0,0,3,1,6,1,34,6,1248,2,7,1,1
201420G005724,1,9,0,18,0,0,0,0,0,0,4,1,6,1,65,9,1206,1,3,4,1
201420G005794,1,9,0,5,9,8,0,0,0,0,1,1,6,2,-1,-1,1397,1,11,-1,-1
201420G005794,2,1,0,18,9,8,0,0,0,0,1,1,6,1,58,9,-1,-1,-1,1,1
201420G005804,1,19,0,3,0,0,0,0,0,0,2,1,6,1,46,8,1995,2,3,7,1
201420G005804,2,20,0,18,0,0,0,0,0,0,1,1,6,1,-1,-1,-1,-1,-1,-1,-1
201420G005814,1,9,0,18,0,0,0,4,0,0,1,1,6,1,-1,-1,-1,-1,-1,-1,-1
201420G005814,2,9,0,2,0,0,0,0,0,0,2,1,1,2,18,4,998,1,3,9,1
201420G005854,1,3,0,18,0,8,0,0,0,0,4,1,6,1,23,5,125,1,2,1,1
201420G005854,2,9,0,1,0,6,0,0,0,0,2,1,6,1,60,9,-1,-1,-1,-1,-1
201420G005874,1,11,0,7,0,2,0,0,0,0,1,1,6,2,54,8,7300,2,3,2,1
201420G005904,1,9,0,18,0,8,0,0,0,0,1,1,6,1,48,8,1360,1,10,4,1
201420G005904,2,9,0,18,0,8,0,0,0,0,1,1,6,1,-1,-1,-1,-1,-1,-1,-1
201420G005974,1,9,0,17,0,0,5,10,2,10,1,1,6,1,25,5,1686,2,9,2,1
201420G005974,2,9,0,2,9,0,0,0,0,0,1,1,6,3,-1,-1,2088,2,16,-1,-1
201420G005984,1,9,0,10,0,1,0,0,0,0,2,1,6,2,34,6,1390,1,1,1,1
201420G005984,2,9,0,4,0,1,0,0,0,0,1,1,6,3,-1,-1,1910,2,9,-1,2
201420G006014,1,9,0,15,0,0,1,10,1,2,3,1,6,1,21,5,2480,1,4,1,1
201420G006014,2,9,0,4,0,0,0,0,0,0,4,1,6,1,18,4,1242,1,10,4,1
201420G006024,1,9,0,18,0,1,0,0,0,0,1,1,6,1,89,11,1339,1,8,2,1
201420G006104,1,19,0,18,0,0,0,0,0,0,3,1,6,1,31,6,2463,2,8,1,1
201420G006114,1,9,0,18,0,0,2,10,7,4,1,1,6,1,19,4,1199,1,10,8,2
201420G006134,1,5,0,18,0,8,0,0,0,0,1,1,1,1,41,7,750,1,6,-1,-1
201420G006134,2,9,0,9,0,8,0,0,0,0,4,1,1,2,-1,-1,-1,-1,-1,-1,-1
201420G006164,1,9,0,9,0,8,0,0,0,0,3,1,6,1,20,4,1796,1,8,3,1
201420G006164,2,9,0,18,0,8,0,0,0,0,1,1,6,1,51,8,1997,2,3,-1,-1
201420G006164,3,9,0,18,0,1,0,0,0,0,0,1,1,1,-1,-1,-1,-1,-1,-1,-1
201420G006174,1,9,0,3,0,0,0,0,0,0,2,1,6,2,51,8,1242,1,2,7,1
201420G006174,2,9,0,18,0,0,0,0,0,0,1,1,6,1,-1,-1,998,1,3,-1,-1
201420G006194,1,9,0,9,0,8,0,0,0,0,3,1,6,1,-1,-1,1598,2,-1,-1,-1
201420G006194,2,5,0,13,0,8,0,0,0,0,1,1,2,1,24,5,1199,1,14,2,1
201420G006224,1,9,0,18,0,1,0,0,0,0,1,1,6,1,18,4,1296,1,8,4,1
201420G006224,2,9,0,4,0,1,0,0,0,0,2,1,6,2,35,6,1598,1,11,1,1
201420G006244,1,9,0,18,0,8,0,0,0,0,3,1,6,1,63,9,1399,2,8,7,1
201420G006244,2,9,0,9,0,8,0,0,0,0,1,1,6,2,36,7,1390,1,5,2,1
201420G006264,1,9,0,9,0,8,0,0,0,0,1,1,6,1,41,7,1910,2,8,1,1
201420G006264,2,3,0,18,0,8,0,0,0,0,1,1,6,1,18,4,124,1,-1,1,1
201420G006274,1,9,0,13,0,1,1,4,7,0,1,1,6,1,23,5,1896,2,8,1,1
201420G006274,2,5,0,9,0,1,0,0,0,0,2,1,6,1,37,7,996,1,11,8,1
201420G006274,3,9,0,2,0,1,0,0,0,0,2,1,6,1,-1,-1,1988,1,14,1,1
201420G006304,1,9,0,18,0,1,0,0,0,0,4,1,6,3,-1,-1,1497,1,12,-1,-1
201420G006304,2,1,0,18,0,1,0,0,0,0,3,1,6,1,42,7,-1,-1,-1,-1,-1
201420G006314,1,9,0,7,0,4,0,0,0,0,0,1,6,3,-1,-1,-1,-1,-1,-1,-1
201420G006314,2,9,0,18,0,8,0,0,0,0,1,1,6,1,46,8,2993,2,5,3,1
201420G006314,3,19,0,18,0,8,0,0,0,0,2,1,1,1,36,7,2299,2,2,5,1
201420G006314,4,9,0,18,0,8,0,0,0,0,2,1,6,1,-1,-1,-1,-1,-1,-1,-1
201420G006324,1,11,0,5,3,0,0,0,0,0,0,1,1,1,55,8,8268,2,11,1,1
201420G006404,1,1,0,18,0,3,0,0,0,0,2,1,1,1,31,6,-1,-1,-1,2,1
201420G006404,2,9,0,18,0,4,0,0,0,0,1,1,6,1,-1,-1,-1,-1,-1,-1,-1
201420G006454,1,9,0,3,0,1,0,0,0,0,2,1,6,1,28,6,-1,-1,-1,1,1
201420G006454,2,9,0,18,0,1,0,0,0,0,1,1,6,1,-1,-1,1896,2,9,5,1
201420G006594,1,9,0,18,0,8,0,0,0,0,1,1,6,2,30,6,1598,1,7,1,1
201420G006594,2,9,0,18,0,8,0,0,7,7,4,1,6,1,32,6,1600,1,10,2,1
201420G006734,1,9,0,12,0,0,0,0,0,0,0,1,6,2,-1,-1,1390,1,1,-1,-1
201420G006734,2,3,0,18,0,0,1,0,0,0,0,1,6,1,20,4,125,1,9,1,1
201420G006744,1,9,0,1,0,0,0,0,0,0,2,1,6,2,40,7,3628,2,4,8,1
201420G006744,2,9,0,3,0,0,0,0,0,0,1,1,6,1,31,6,1360,1,7,2,1
201420G006754,1,9,0,5,0,1,0,0,0,0,0,1,1,1,38,7,1587,1,11,2,1
201420G006754,2,1,0,3,0,1,0,0,0,0,0,1,2,2,53,8,-1,-1,-1,2,1
201420G006774,1,9,0,13,0,0,5,10,8,3,1,1,6,1,31,6,1398,1,2,-1,-1
201420G006774,2,8,0,16,0,0,0,0,0,0,3,1,6,1,47,8,1910,2,8,2,1
201420G006784,1,9,0,18,0,0,0,0,0,0,3,1,6,2,38,7,1390,1,11,2,1
201420G006784,2,9,0,11,0,0,0,0,0,0,4,1,1,2,26,6,1242,1,7,1,1
201420G006794,1,8,0,18,0,0,0,0,1,5,1,1,1,1,43,7,1910,2,7,3,1
201420G006834,1,9,0,18,0,1,0,0,0,0,0,1,1,1,-1,-1,1956,2,2,-1,-1
201420G006834,2,9,0,5,0,1,0,0,0,0,2,1,6,1,29,6,1896,2,9,1,1
201420G006834,3,9,0,5,0,1,0,0,0,0,1,1,6,1,-1,-1,1968,2,5,4,1
201420G006844,1,9,0,18,0,0,0,0,0,0,1,1,6,1,52,8,1328,1,4,2,1
201420G006864,1,9,0,18,0,8,0,0,0,0,1,1,6,1,41,7,1998,1,12,2,1
201420G006864,2,5,0,18,0,8,0,0,0,0,1,1,6,1,55,8,599,1,15,1,1
201420G006874,1,19,0,18,0,8,0,0,0,0,1,1,6,1,41,7,2148,2,8,2,1
201420G006874,2,9,0,9,0,8,0,0,0,0,1,1,6,2,51,8,1461,2,7,2,1
201420G006914,1,9,0,14,0,0,0,0,0,0,1,1,6,2,48,8,999,1,7,9,2
201420G006924,1,9,0,14,0,0,0,0,0,0,1,1,6,1,-1,-1,-1,-1,-1,-1,-1
201420G006934,1,9,0,18,0,8,0,0,0,0,1,1,6,1,-1,-1,1598,1,12,-1,-1
201420G006934,2,9,0,9,0,8,0,0,0,0,1,1,6,2,48,8,1242,1,10,2,1
201420G006944,1,9,0,18,0,8,0,0,1,10,1,1,2,1,40,7,1796,1,14,2,1
201420G006944,2,9,0,9,0,8,0,0,0,0,1,1,2,1,21,5,1124,1,13,7,1
201420G006954,1,9,0,18,0,8,0,0,0,0,1,1,1,1,51,8,1461,2,2,2,1
201420G006954,2,19,0,18,0,6,0,0,0,0,1,1,1,1,47,8,2198,2,3,2,1
201420G006964,1,9,0,18,0,3,0,0,0,0,1,1,6,2,24,5,1598,1,11,5,1
201420G006964,2,9,0,5,0,4,0,0,0,0,1,1,6,1,22,5,1242,1,11,7,1
201420G006984,1,9,0,9,0,8,0,0,0,0,4,1,6,1,31,6,1995,2,6,1,1
201420G006984,2,9,0,18,0,8,0,0,0,0,1,1,6,1,83,11,1998,2,14,1,1
201420G007024,1,9,0,9,0,6,0,0,0,0,3,1,6,1,90,11,1905,2,18,4,1
201420G007024,2,9,0,18,0,8,0,0,0,0,1,1,6,1,53,8,1598,1,5,-1,1
201420G007034,1,19,0,1,0,1,0,0,0,0,2,1,1,1,55,8,2143,2,4,6,1
201420G007034,2,9,0,3,0,1,0,0,0,0,1,1,6,2,53,8,1229,1,5,-1,-1
201420G007044,1,9,0,14,0,1,0,0,0,0,1,1,6,1,19,4,1596,1,10,4,1
201420G007064,1,9,0,18,0,0,0,0,0,0,1,1,6,3,-1,-1,1995,2,9,-1,-1
201420G007094,1,9,0,18,0,8,0,0,0,0,4,1,6,2,37,7,2143,2,1,1,1
201420G007104,1,5,0,16,0,2,0,10,8,4,1,1,2,1,34,6,599,1,7,4,1
201420G007114,1,9,0,18,0,2,0,0,0,0,4,1,2,1,18,4,1896,2,7,5,1
201420G007124,1,9,0,9,0,8,0,0,0,0,1,1,6,1,27,6,1596,1,13,1,1
201420G007124,2,9,0,18,0,8,0,0,0,0,3,1,6,1,40,7,1995,2,8,1,1
201420G007174,1,9,0,18,0,1,0,0,0,0,1,1,6,2,-1,-1,1498,1,6,7,1
201420G007174,2,19,0,3,0,1,0,0,0,0,2,1,1,1,27,6,2143,2,4,5,1
201420G007244,1,9,0,7,0,5,0,10,7,10,1,1,6,1,-1,-1,1975,1,14,2,1
201420G007254,1,11,0,5,0,0,0,0,0,0,1,1,1,1,56,9,4760,2,1,1,1
201420G007304,1,9,0,18,0,0,0,0,1,4,1,1,6,2,33,6,1198,1,6,7,1
201420G007304,2,9,0,5,0,0,0,0,0,0,4,1,6,1,20,4,1149,1,13,8,1
201420G007324,1,9,0,18,0,4,0,0,0,0,3,1,1,1,18,4,1124,1,13,6,1
201420G007324,2,9,0,18,0,8,0,0,0,0,1,1,6,2,34,6,1229,1,8,2,1
201420G007364,1,9,0,18,0,8,0,0,0,0,1,1,1,1,30,6,1956,2,2,1,1
201420G007364,2,9,0,18,0,8,0,0,0,0,1,1,6,1,19,4,1197,1,1,1,1
201420G007514,1,9,0,18,0,0,0,0,0,0,1,1,6,3,-1,-1,-1,-1,-1,-1,-1
201420G007514,2,9,0,3,0,0,0,0,0,0,2,1,1,1,27,6,1242,1,14,2,1
201420G007524,1,9,0,18,0,8,0,0,0,0,1,1,1,1,46,8,1686,2,10,4,1
201420G007524,2,9,0,18,0,8,0,0,0,0,4,1,1,2,47,8,998,1,3,1,1
201420G007534,1,9,0,9,0,8,0,0,0,0,1,1,6,2,54,8,1360,1,6,9,1
201420G007534,2,9,0,18,0,8,0,0,0,0,1,1,1,1,58,9,1896,2,7,6,1
201420G007544,1,9,0,18,0,0,0,0,0,0,1,1,6,1,85,11,1796,1,15,1,1
201420G007544,2,9,0,3,0,0,0,0,0,0,2,1,6,2,43,7,1299,1,6,3,1
201420G007544,3,9,0,3,0,0,0,0,0,0,2,1,6,3,-1,-1,-1,-1,-1,-1,-1
201420G007554,1,9,0,18,0,1,0,0,0,0,1,1,6,3,-1,-1,1686,2,5,-1,-1
201420G007574,1,9,0,18,0,0,1,0,0,0,1,1,6,1,23,5,1560,2,8,1,1
201420G007574,2,9,0,3,0,0,0,0,0,0,2,1,6,1,51,8,1997,1,10,5,1
201420G007584,1,3,0,18,0,0,0,0,0,0,1,1,2,1,21,5,125,1,2,2,1
201420G007584,2,9,0,3,0,0,0,0,0,0,3,1,1,1,40,7,1995,2,6,3,1
201420G007584,3,9,0,3,0,0,0,0,0,0,2,1,6,2,52,8,1896,2,10,2,1
201420G007594,1,9,0,14,0,0,0,0,0,0,1,1,6,2,23,5,1299,1,13,7,3
201420G007614,1,9,0,9,0,6,0,0,0,0,3,1,6,1,28,6,1896,2,10,8,1
201420G007624,1,1,0,18,0,3,0,0,0,0,4,1,6,1,18,4,-1,-1,-1,1,1
201420G007624,2,9,0,18,0,4,0,0,0,0,1,1,6,1,-1,-1,-1,-1,-1,-1,-1
201420G007634,1,9,0,5,0,8,0,0,0,0,4,1,2,2,20,4,1598,1,14,5,1
201420G007634,2,9,0,18,0,8,1,0,0,0,1,1,2,1,49,8,1686,2,9,1,1
201420G007634,3,9,0,10,0,1,0,10,1,0,3,1,2,2,61,9,1198,1,9,4,1
201420G007684,1,9,0,5,0,4,0,0,0,0,1,1,2,1,57,9,1598,1,5,6,1
201420G007684,2,1,0,17,0,3,0,0,0,0,4,1,2,1,47,8,-1,-1,-1,1,1
201420G007774,1,9,0,18,0,4,1,9,3,7,1,1,6,1,41,7,1870,2,9,1,1
201420G007794,1,9,0,5,0,8,0,0,0,0,1,1,6,2,41,7,1341,1,12,1,1
201420G007794,2,9,0,18,0,8,0,0,0,0,4,1,6,2,59,9,1299,7,11,3,1
201420G007804,1,9,0,3,0,1,0,0,0,0,2,1,6,1,21,5,1560,2,4,9,1
201420G007804,2,9,0,17,0,1,0,0,0,0,1,1,6,1,-1,-1,1686,2,6,-1,-1
201420G007814,1,1,0,4,0,1,1,0,0,0,3,1,6,1,16,4,-1,-1,-1,2,1
201420G007814,2,11,0,18,0,1,0,0,0,0,1,1,1,1,59,9,4250,2,10,4,1
201420G007824,1,9,0,18,0,0,0,0,0,0,3,1,6,2,30,6,1596,1,7,1,1
201420G007834,1,9,0,16,0,0,0,0,0,0,1,1,6,1,36,7,1895,1,14,2,1
201420G007834,2,9,0,17,0,0,0,0,0,0,1,1,6,1,27,6,1995,2,13,1,1
201420G007844,1,9,0,1,0,0,0,0,0,0,2,1,6,3,-1,-1,1598,2,5,1,1
201420G007874,1,19,0,14,0,1,0,0,0,0,1,1,6,1,-1,-1,2496,2,16,1,1
201420G007874,2,9,0,18,0,2,0,0,0,0,3,1,6,2,32,6,3189,1,7,2,1
201420G007904,1,9,0,18,0,0,0,0,1,7,1,1,6,1,-1,-1,1598,1,-1,-1,-1
201420G007904,2,9,0,18,0,0,0,0,0,0,1,1,6,1,54,8,1598,1,6,2,1
201420G007924,1,9,0,18,0,1,0,0,0,0,1,1,6,2,86,11,998,1,5,10,1
201420G007934,1,9,0,9,0,5,0,0,0,0,1,1,6,1,51,8,1686,2,13,1,1
201420G007934,2,1,0,18,0,8,0,0,0,0,1,1,6,1,42,7,-1,-1,-1,8,1
201420G007944,1,5,0,18,0,8,1,0,0,0,1,1,6,1,19,4,644,1,16,2,1
201420G007944,2,9,0,7,0,6,0,0,0,0,3,1,6,1,46,8,1997,2,10,2,1
201420G007954,1,9,0,16,0,0,2,10,1,10,1,1,6,1,22,5,1242,1,8,7,3
201420G007984,1,9,0,18,0,4,0,0,0,0,1,1,6,2,42,7,998,1,1,1,1
201420G007984,2,1,0,18,0,4,0,0,0,0,4,1,6,1,16,4,-1,-1,-1,2,1
201420G007994,1,9,0,18,0,0,0,0,0,0,1,1,6,1,68,10,1586,1,6,7,3
201420G008044,1,9,0,18,9,8,0,0,0,0,1,1,6,3,-1,-1,1910,2,8,-1,-1
201420G008044,2,1,0,18,9,8,0,0,0,0,3,1,6,1,15,3,-1,-1,-1,7,1
201420G008094,1,9,0,5,0,4,0,0,0,0,1,1,2,1,51,8,1749,1,12,2,1
201420G008094,2,9,0,17,0,4,0,0,0,0,2,1,2,2,36,7,2993,2,9,7,1
201420G008124,1,9,0,18,0,1,0,0,0,0,1,1,6,3,-1,-1,1149,1,9,-1,-1
201420G008124,2,3,0,3,0,1,0,0,1,0,2,1,6,1,34,6,125,1,5,3,1
201420G008144,1,9,0,18,0,0,1,10,0,0,1,1,6,1,25,5,1800,1,14,7,1
201420G008144,2,9,0,18,0,0,0,0,0,0,1,1,6,1,31,6,-1,-1,-1,7,1
201420G008154,1,19,0,9,0,8,0,0,0,0,4,1,1,1,46,8,1968,2,4,7,3
201420G008154,2,3,0,18,0,8,0,0,0,0,1,1,6,1,66,10,124,1,13,2,1
201420G008164,1,9,0,5,0,4,0,0,0,0,3,1,6,1,20,4,1798,1,4,6,1
201420G008164,2,3,0,5,0,4,0,0,0,0,1,1,6,1,17,4,125,1,4,5,1
201420G008174,1,9,0,18,0,0,0,0,0,0,1,1,6,2,31,6,2148,2,10,3,1
201420G008214,1,9,0,9,0,8,0,0,0,0,1,1,6,1,37,7,1998,1,17,-1,-1
201420G008214,2,9,0,18,0,8,0,0,0,0,1,1,6,2,51,8,998,1,5,1,1
201420G008224,1,9,0,18,0,2,0,0,0,0,3,1,6,1,30,6,1587,1,6,2,1
201420G008224,2,9,0,14,0,1,0,0,0,0,3,1,6,2,70,10,1398,1,-1,1,1
201420G008244,1,9,0,18,0,0,0,0,0,0,1,1,6,1,24,5,1390,1,3,7,3
201420G008244,2,9,0,18,0,0,0,0,1,0,1,1,2,1,45,7,1997,2,10,10,1
201420G008254,1,9,0,9,0,5,0,0,0,0,4,1,6,1,25,5,1595,1,10,9,1
201420G008254,2,5,0,15,0,8,0,0,0,0,1,1,6,1,47,8,1340,1,22,5,1
201420G008294,1,1,0,18,0,0,0,0,0,0,1,1,1,1,19,4,-1,-1,-1,1,1
201420G008294,2,9,0,18,0,0,0,0,0,0,1,1,6,1,50,8,-1,-1,-1,-1,-1
201420G008314,1,9,0,18,0,2,5,4,7,0,4,1,6,2,65,9,1998,1,9,7,1
201420G008314,2,9,0,2,0,2,0,4,0,0,3,1,6,2,49,8,1299,1,12,4,1
201420G008314,3,9,0,2,0,2,0,4,0,0,1,1,6,1,70,10,1398,1,1,4,1
201420G008334,1,21,0,5,0,1,0,0,0,0,1,1,1,1,34,6,12580,2,7,2,1
201420G008334,2,9,0,10,0,1,0,0,0,0,2,1,6,1,81,11,1299,1,11,4,1
201420G008334,3,9,0,10,0,1,0,0,0,0,2,1,6,1,-1,-1,1796,1,14,9,1
201420G008334,4,9,0,10,0,1,0,0,0,0,2,1,6,2,31,6,1968,2,2,2,1
201420G008344,1,9,0,18,0,8,0,0,0,0,3,1,6,2,50,8,1242,1,10,2,1
201420G008344,2,9,0,9,0,6,0,0,0,0,1,1,6,1,-1,-1,1598,1,14,3,1
201420G008364,1,9,0,9,0,8,0,0,0,0,1,1,6,1,63,9,1596,1,13,5,1
201420G008364,2,9,0,18,0,8,5,0,0,0,1,1,6,1,35,6,1968,2,8,8,1
201420G008394,1,1,0,18,0,1,0,0,0,0,1,1,6,1,32,6,-1,-1,-1,-1,1
201420G008394,2,9,0,18,0,1,0,0,0,0,4,1,6,3,-1,-1,-1,-1,-1,-1,-1
201420G008414,1,11,0,5,0,1,0,0,0,0,1,1,1,1,65,9,7300,2,2,4,1
201420G008414,2,9,0,3,0,1,0,0,0,0,2,1,6,2,43,7,1349,1,4,3,1
201420G008424,1,9,0,18,0,1,0,0,0,0,4,1,6,1,61,9,1997,2,11,3,1
201420G008454,1,9,0,7,0,8,0,0,0,0,1,1,6,2,27,6,1499,1,-1,3,1
201420G008454,2,1,0,14,9,8,0,0,0,0,1,1,6,1,17,4,-1,-1,-1,1,1
201420G008484,1,9,0,5,0,2,0,0,0,0,1,1,6,1,35,6,1598,1,12,1,1
201420G008494,1,3,0,17,0,0,0,0,0,0,1,1,6,1,20,4,125,1,2,7,1
201420G008494,2,2,0,4,0,0,0,0,0,0,2,1,6,1,16,4,50,1,6,1,1
201420G008524,1,9,0,9,0,8,0,0,0,0,3,1,6,1,26,6,1896,2,10,2,1
201420G008524,2,10,0,18,0,8,0,0,0,0,1,1,6,1,27,6,-1,-1,-1,1,1
201420G008554,1,9,0,18,0,8,0,0,0,0,1,1,6,1,18,4,1229,1,6,2,1
201420G008554,2,9,0,9,0,8,0,0,0,0,1,1,1,1,32,6,1560,2,5,3,1
201420G008564,1,9,0,18,0,2,0,0,0,0,1,1,6,3,-1,-1,1781,1,15,-1,-1
201420G008564,2,9,0,18,0,2,0,0,0,0,2,1,6,1,43,7,1991,2,11,2,1
201420G008584,1,8,0,1,0,0,0,0,0,0,2,1,1,1,35,6,1998,2,7,1,1
201420G008604,1,9,0,18,0,8,0,0,0,0,1,1,6,3,-1,-1,-1,-1,-1,-1,-1
201420G008604,2,9,0,9,0,8,5,0,0,0,4,1,6,1,32,6,1587,1,11,5,1
201420G008614,1,9,0,18,0,0,0,0,0,0,1,1,6,1,38,7,1124,1,13,2,1
201420G008614,2,9,0,18,0,0,0,0,0,0,2,1,6,2,41,7,1753,2,10,5,1
201420G008634,1,9,0,18,0,2,0,0,0,0,4,1,6,3,-1,-1,-1,-1,-1,-1,-1
201420G008634,2,9,0,7,0,6,0,0,0,0,1,1,6,2,26,6,1461,2,-1,3,1
201420G008664,1,9,0,13,0,8,0,0,0,0,1,1,6,1,23,5,2993,2,6,7,1
201420G008664,2,9,0,9,0,8,0,0,0,0,3,1,6,1,27,6,1596,1,2,4,1
201420G008674,1,9,0,18,0,1,0,0,0,0,1,1,6,2,-1,-1,-1,-1,-1,-1,-1
201420G008704,1,19,0,7,0,1,0,0,0,0,1,1,1,1,31,6,2402,2,6,7,1
201420G008754,1,19,0,18,0,3,0,0,0,0,1,1,6,1,-1,-1,-1,-1,-1,3,1
201420G008754,2,9,0,18,0,3,0,0,0,0,2,1,2,2,26,6,1398,1,11,1,1
201420G008784,1,9,0,9,0,6,0,0,7,0,1,1,6,2,55,8,-1,-1,-1,10,3
201420G008784,2,9,0,18,0,8,0,0,0,0,3,1,6,2,28,6,1360,1,8,10,1
201420G008794,1,9,0,18,0,8,0,0,0,0,1,1,2,2,38,7,1910,2,8,9,1
201420G008794,2,9,0,18,0,8,0,0,0,0,3,1,2,2,35,6,1596,1,10,4,1
201420G008884,1,10,0,9,0,5,0,0,0,0,0,1,1,1,42,7,-1,-1,-1,-1,-1
201420G008914,1,8,0,5,0,0,0,0,0,0,1,1,6,1,-1,-1,-1,-1,-1,-1,-1
201420G008934,1,9,0,18,0,8,0,0,0,0,1,1,6,1,20,4,1834,1,14,1,1
201420G008934,2,9,0,18,0,8,0,0,0,0,3,1,6,1,63,9,1598,1,11,2,1
201420G008974,1,9,0,18,0,1,0,0,0,0,1,1,6,3,-1,-1,-1,-1,-1,-1,-1
201420G008974,2,1,0,18,0,1,0,0,0,0,1,1,6,1,15,3,-1,-1,-1,1,1
201420G009014,1,8,0,7,0,4,0,0,0,0,0,1,1,1,-1,-1,1753,2,6,-1,-1
201420G009154,1,9,0,9,0,6,0,0,0,0,1,1,6,2,36,7,1360,1,11,5,1
201420G009154,2,9,0,9,0,6,0,0,0,0,2,1,6,1,-1,-1,-1,-1,-1,3,1
201420G009184,1,9,0,18,0,1,0,0,0,0,3,1,2,1,58,9,1397,1,3,10,1
201420G009184,2,9,0,18,0,2,0,0,0,0,3,1,6,1,51,8,1149,1,14,5,1
201420G009204,1,19,0,18,0,1,0,0,0,0,4,1,6,1,-1,-1,-1,-1,-1,-1,-1
201420G009204,2,3,0,4,0,1,1,0,0,0,3,1,2,1,31,6,124,1,4,5,1
201420G009214,1,9,0,13,0,0,0,0,0,0,1,1,6,3,-1,-1,-1,-1,-1,-1,-1
201420G009214,2,1,0,18,0,0,0,10,0,0,2,1,6,1,42,7,-1,-1,-1,4,1
201420G009224,1,9,0,18,0,1,0,0,0,0,1,1,6,1,-1,-1,1396,1,13,-1,-1
201420G009234,1,9,0,6,0,2,0,0,0,0,3,1,1,1,36,7,989,1,11,3,1
201420G009234,2,4,0,14,0,2,0,0,0,0,1,1,1,1,20,4,250,1,18,8,1
201420G009254,1,9,0,11,0,1,0,0,0,0,0,1,6,1,-1,-1,-1,-1,-1,-1,-1
201420G009254,2,1,0,18,0,1,0,10,1,0,4,1,2,1,39,7,-1,-1,-1,7,1
201420G009294,1,9,0,13,0,1,1,0,7,10,2,1,1,2,34,6,1299,1,14,1,1
201420G009294,2,19,0,9,0,1,0,0,0,0,1,1,1,1,46,8,1995,2,7,4,1
201420G009344,1,9,0,7,0,1,0,0,0,0,1,1,6,1,-1,-1,-1,-1,-1,-1,-1
201420G009444,1,9,0,4,0,1,0,0,0,0,1,1,6,2,-1,-1,1299,1,13,-1,-1
201420G009444,2,9,0,4,0,1,0,0,0,0,2,1,6,2,-1,-1,1998,2,1,-1,-1
201420G009444,3,9,0,3,0,1,0,0,0,0,2,1,1,2,39,7,1797,8,3,9,2
201420G009464,1,9,0,5,9,6,0,0,0,0,1,1,6,1,-1,-1,-1,-1,-1,-1,-1
201420G009494,1,9,0,18,0,1,0,0,0,0,1,1,6,2,30,6,1360,1,5,2,1
201420G009494,2,9,0,3,0,1,0,0,0,0,2,1,2,1,54,8,2148,2,5,6,1
201420G009554,1,9,0,18,0,0,0,0,0,0,1,1,6,1,19,4,1686,2,3,2,1
201420G009554,2,11,0,18,0,0,0,0,0,0,2,1,6,1,-1,-1,7300,2,2,-1,-1
201420G009554,3,9,0,3,0,0,0,0,0,0,1,1,6,2,-1,-1,1587,1,12,2,1
201420G009584,1,9,0,18,0,0,0,0,1,4,1,1,6,1,60,9,1685,2,2,5,1
201420G009604,1,9,0,9,0,6,0,0,0,0,3,1,6,1,21,5,-1,-1,-1,1,1
201420G009604,2,5,0,18,0,8,1,0,0,0,1,1,6,1,43,7,599,1,25,3,1