Accident_Index,Vehicle_Reference,Vehicle_Type,Towing_and_Articulation,Vehicle_Manoeuvre,Vehicle_Location-Restricted_Lane,Junction_Location,Skidding_and_Overturning,Hit_Object_in_Carriageway,Vehicle_Leaving_Carriageway,Hit_Object_off_Carriageway,1st_Point_of_Impact,Was_Vehicle_Left_Hand_Drive?,Journey_Purpose_of_Driver,Sex_of_Driver,Age_of_Driver,Age_Band_of_Driver,Engine_Capacity_(CC),Propulsion_Code,Age_of_Vehicle,Driver_IMD_Decile,Driver_Home_Area_Type
201420G501984,2,9,0,12,0,0,0,0,0,0,2,1,6,1,74,10,1240,1,6,3,1
201420G501994,1,9,0,18,0,0,0,0,0,0,1,1,6,1,-1,-1,1242,1,4,-1,-1
201420G501994,2,9,0,5,0,0,0,0,0,0,3,1,6,2,20,4,1598,2,-1,4,1
201420G502024,1,9,0,4,0,1,0,0,0,0,1,1,6,1,47,8,1995,2,-1,9,3
201420G502024,2,9,0,4,0,1,0,0,0,0,2,1,6,2,52,8,1242,1,13,2,1
201420G502074,1,11,0,5,0,1,0,0,0,0,1,1,1,1,26,6,8268,2,11,1,1
201420G502074,2,9,0,10,0,1,0,0,0,0,2,1,6,1,62,9,1598,1,7,5,1
201420G502084,1,9,0,9,0,6,1,10,1,10,1,1,1,1,58,9,1850,1,14,1,1
201420G502144,1,3,0,16,0,1,0,12,0,0,1,1,2,1,17,4,125,1,-1,9,2
201420G502154,1,9,0,9,0,6,0,0,0,0,1,1,6,2,54,8,1149,1,10,2,1
201420G502154,2,9,0,18,0,8,0,0,0,0,4,1,6,1,43,7,-1,-1,-1,2,1
201420G502164,1,9,0,4,0,0,0,0,0,0,1,1,6,1,-1,-1,1560,2,7,7,3
201420G502164,2,9,0,4,0,0,0,0,0,0,2,1,6,2,53,8,1499,1,-1,4,1
201420G502174,1,9,0,9,0,5,0,0,0,0,1,1,6,1,48,8,1895,1,13,1,1
201420G502174,2,9,0,18,0,8,0,0,0,0,4,1,6,2,30,6,1596,1,9,1,1
201420G601884,1,9,0,4,0,1,0,0,0,0,1,1,6,1,-1,-1,2148,2,9,5,1
201420G601884,2,9,0,3,0,1,0,0,0,0,2,1,6,2,47,8,1398,2,5,3,1
201420G602914,1,9,0,18,0,0,1,0,0,0,1,1,1,1,27,6,-1,-1,-1,5,1
201420G602914,2,9,0,18,0,0,0,0,0,0,2,1,1,1,47,8,1997,1,8,8,1
201420G602914,3,9,0,18,0,0,1,0,0,0,2,1,1,1,43,7,1994,1,14,3,1
201420G602914,4,9,0,18,0,0,0,0,0,0,2,1,2,2,37,7,998,1,1,1,1
201420G607904,1,9,0,9,0,6,0,0,0,0,1,1,6,1,40,7,2993,2,5,3,1
201420G607904,2,9,0,18,0,8,0,0,0,0,4,1,6,1,39,7,899,1,13,1,1
201420H000154,1,9,0,18,0,0,0,0,0,0,4,1,1,1,31,6,-1,-1,-1,1,1
201420H000324,1,8,0,5,0,0,0,0,0,0,0,1,1,1,36,7,-1,-1,-1,1,1
201420H000364,1,19,0,9,0,8,0,0,0,0,3,1,2,1,53,8,2287,2,6,2,1
201420H000364,2,3,0,18,0,8,1,0,0,0,1,1,2,1,41,7,124,1,10,4,1
201420H000394,1,9,0,4,0,0,0,0,0,0,1,1,6,1,-1,-1,-1,-1,-1,-1,-1
201420H000474,1,9,0,18,0,0,1,10,8,3,3,1,6,1,18,4,1199,1,11,10,1
201420H000484,1,19,0,9,0,6,0,0,0,0,4,1,6,1,60,9,2402,2,12,2,1
201420H000484,2,3,0,18,0,8,5,0,0,0,3,1,6,1,23,5,125,1,3,4,1
201420H000554,1,1,0,18,0,1,0,0,0,0,3,1,6,1,15,3,-1,-1,-1,1,1
201420H000554,2,9,0,14,0,1,0,0,0,0,1,1,6,2,-1,-1,973,1,14,1,1
201420H000624,1,9,0,18,0,8,1,0,0,0,1,1,6,2,29,6,1199,1,11,10,1
201420H000624,2,9,0,5,0,6,0,0,0,0,1,1,6,1,37,7,1200,1,1,2,1
201420H000624,3,9,0,5,0,6,0,0,0,0,3,1,6,2,28,6,1596,1,7,5,1
201420H000684,1,9,0,18,0,1,0,0,0,0,1,1,6,3,-1,-1,-1,-1,-1,-1,-1
201420H000694,1,9,0,18,0,1,0,0,0,0,1,1,2,2,23,5,1461,2,5,-1,1
201420H000704,1,19,0,18,0,0,0,0,0,0,4,1,1,1,50,8,2496,2,16,-1,1
201420H000704,2,1,0,18,0,0,0,0,0,0,2,1,6,1,13,3,-1,-1,-1,3,1
201420H000744,1,9,0,18,0,1,1,0,0,0,4,1,1,1,33,6,1998,2,8,1,1
201420H000764,1,9,0,4,0,1,0,0,0,0,1,1,2,1,41,7,2993,2,5,6,1
201420H000764,2,9,0,4,0,1,0,0,0,0,2,1,2,1,64,9,1560,2,5,9,2
201420H000764,3,9,0,10,0,1,0,0,0,0,2,1,2,2,31,6,1398,1,4,4,1
201420H000774,1,9,0,9,0,8,0,0,7,1,1,1,6,2,31,6,1149,1,7,1,1
201420H000774,2,9,0,18,0,8,0,0,0,0,4,1,6,2,45,7,1870,2,12,7,1
201420H000784,1,9,0,18,0,1,0,0,0,0,1,1,6,3,-1,-1,-1,-1,-1,-1,-1
201420H000794,1,9,0,18,0,2,1,0,1,10,3,1,2,1,43,7,1998,2,9,6,1
201420H000824,1,9,0,18,0,0,0,0,0,0,1,1,6,1,-1,-1,2000,2,9,-1,-1
201420H000824,2,21,0,18,0,0,0,0,0,0,3,1,2,1,35,6,9290,2,3,1,1
201420H000824,3,9,0,18,0,0,0,0,0,0,1,1,6,1,79,11,1968,2,6,9,1
201420H000824,4,9,0,2,9,0,0,0,0,0,1,1,6,1,-1,-1,1596,1,11,-1,-1
201420H000824,5,9,0,18,0,0,0,0,0,0,0,1,1,1,-1,-1,2993,2,4,-1,-1
201420H000834,1,10,0,5,3,1,0,0,0,0,1,1,1,1,-1,-1,-1,-1,-1,-1,-1
201420H000894,1,9,0,18,0,0,0,0,0,0,1,1,6,2,39,7,2967,2,2,10,1
201420H000954,1,9,0,18,0,0,0,4,0,0,1,1,6,3,-1,-1,1242,1,14,-1,-1
201420H000954,2,19,0,2,0,0,0,0,0,0,2,1,1,1,39,7,1870,2,9,2,1
201420H001034,1,9,0,9,0,6,0,0,0,0,1,1,6,1,17,4,1299,1,9,3,1
201420H001034,2,21,4,18,0,8,0,0,0,0,3,1,1,1,49,8,9290,2,1,3,2
201420H001034,3,9,0,18,0,8,0,0,0,0,1,1,6,2,42,7,1391,1,18,1,1
201420H001044,1,9,0,18,0,0,0,0,0,0,1,1,6,3,-1,-1,973,1,17,-1,-1
201420H001084,1,9,0,5,0,4,0,0,0,0,1,1,1,2,63,9,1582,2,1,-1,-1
201420H001084,2,3,0,9,0,3,0,0,0,0,4,1,1,1,48,8,125,1,35,1,1
201420H001094,1,8,0,18,0,2,0,0,0,0,1,1,6,1,-1,-1,-1,-1,-1,-1,-1
201420H001114,1,9,0,18,0,2,0,0,0,0,3,1,1,1,25,5,1368,1,5,2,1
201420H001134,1,19,0,18,0,0,0,0,0,0,3,1,6,3,-1,-1,1753,2,11,-1,-1
201420H001134,2,3,0,18,0,0,0,0,0,0,1,1,6,1,18,4,98,1,11,7,1
201420H001144,1,9,0,2,0,0,0,0,0,0,1,1,6,1,41,7,1598,1,13,2,1
201420H001174,1,9,0,1,5,0,0,0,0,0,4,1,6,2,-1,-1,1598,2,3,-1,-1
201420H001214,1,9,0,5,0,6,0,0,0,0,3,1,6,1,24,5,1997,2,6,6,1
201420H001214,2,9,0,17,0,8,0,0,0,0,1,1,6,2,51,8,1242,1,11,2,1
201420H001234,1,9,0,5,0,4,0,0,0,0,3,1,6,1,67,10,2148,2,7,1,1
201420H001234,2,3,0,18,0,3,2,0,0,0,1,1,1,1,30,6,124,1,1,3,1
201420H001254,1,9,0,13,0,8,0,0,0,0,1,1,6,3,-1,-1,1781,1,10,-1,-1
201420H001254,2,9,0,18,0,8,0,0,0,0,2,1,2,1,71,10,1242,1,10,7,1
201420H001284,1,9,0,18,0,1,0,0,0,0,1,1,6,3,-1,-1,1598,1,13,-1,-1
201420H001284,2,9,0,3,0,1,0,0,0,0,2,1,6,2,26,6,1781,1,13,6,1
201420H001394,1,9,0,9,0,2,0,0,0,0,1,1,6,1,27,6,1598,1,12,2,1
201420H001394,2,10,0,18,0,1,0,0,0,0,4,1,2,2,19,4,-1,-1,-1,8,1
201420H001394,3,21,0,18,0,1,0,0,0,0,3,1,1,1,51,8,3920,2,1,3,1
201420H001404,1,9,0,5,0,8,0,0,0,0,1,1,6,1,70,10,1299,1,9,2,1
201420H001404,2,9,0,18,0,8,0,0,0,0,1,1,6,2,29,6,-1,-1,-1,2,1
201420H001404,3,19,0,18,0,1,0,0,0,0,1,1,6,1,20,4,-1,-1,-1,7,1
201420H001424,1,9,0,13,0,0,0,0,0,0,4,1,6,2,61,9,1298,1,11,5,1
201420H001424,2,1,0,18,0,0,0,0,0,0,3,1,2,1,27,6,-1,-1,-1,-1,1
201420H001444,1,9,0,9,0,5,0,0,7,10,1,1,6,1,23,5,1199,1,14,3,1
201420H001444,2,9,0,18,0,8,0,0,1,10,3,1,1,2,31,6,1598,1,11,1,1
201420H001454,1,19,0,18,0,0,0,0,0,0,4,1,2,1,58,9,-1,-1,-1,3,1
201420H001514,1,9,0,9,0,8,0,0,0,0,0,1,6,1,64,9,1997,2,7,3,1
201420H001514,2,9,0,18,0,8,0,0,1,10,1,1,6,1,23,5,1598,1,9,2,1
201420H001574,1,9,0,18,0,8,0,0,7,0,1,1,6,1,28,6,1995,2,4,1,1
201420H001574,2,9,0,7,0,6,0,0,7,0,3,1,6,3,-1,-1,1796,2,1,-1,-1
201420H001584,1,9,0,18,0,8,0,0,0,0,3,1,6,1,30,6,1998,1,13,3,1
201420H001584,2,9,0,9,0,8,0,0,0,0,4,1,6,1,32,6,1968,2,4,1,1
201420H001614,1,9,0,9,0,2,0,0,0,0,1,1,6,1,-1,-1,-1,-1,-1,-1,-1
201420H001624,1,9,0,6,0,0,0,0,0,0,1,1,6,1,-1,-1,1753,2,17,1,1
201420H001624,2,3,0,18,0,0,0,0,0,0,1,1,6,1,17,4,124,1,4,2,1
201420H001654,1,9,0,18,0,0,0,0,0,0,1,1,6,2,-1,-1,-1,-1,-1,-1,-1
201420H001684,1,9,0,18,0,4,0,0,0,0,1,1,6,1,-1,-1,1396,1,11,8,1
201420H001684,2,1,0,18,0,4,0,0,0,0,1,1,6,1,42,7,-1,-1,-1,9,1
201420H001694,1,9,0,5,0,6,0,0,0,0,1,1,6,1,50,8,4197,1,9,7,1
201420H001694,2,1,0,18,0,8,0,0,0,0,4,1,2,1,42,7,-1,-1,-1,3,1
201420H001714,1,9,0,4,0,1,0,0,0,0,0,1,1,1,-1,-1,1956,2,2,-1,-1
201420H001714,2,9,0,9,0,8,0,0,0,0,1,1,1,1,56,9,1596,1,5,6,1
201420H001714,3,9,0,9,0,8,0,0,0,0,2,1,1,2,34,6,1229,1,7,3,1
201420H001764,1,9,0,18,0,4,0,0,0,0,1,1,3,1,68,10,2656,1,10,3,1
201420H001764,2,2,0,18,0,4,0,0,0,0,3,1,4,1,16,4,49,1,5,8,1
201420H001854,1,9,0,18,0,8,0,0,2,10,1,1,1,1,25,5,1396,1,3,-1,-1
201420H001854,2,9,0,18,0,8,0,0,8,10,1,1,6,1,27,6,1598,1,8,-1,-1
201420H001894,1,9,0,18,0,6,0,0,0,0,3,1,6,1,-1,-1,-1,-1,-1,-1,-1
201420H001894,2,9,0,18,0,8,0,0,0,0,1,1,6,1,33,6,1995,2,3,2,1
201420H001934,1,9,0,16,0,1,5,0,7,2,1,1,6,2,32,6,1796,1,6,3,1
201420H001954,1,9,0,14,0,0,0,4,0,0,1,1,6,2,27,6,1124,1,8,3,1
201420H001954,2,9,0,2,0,0,0,0,0,0,1,1,6,2,55,8,1796,1,12,3,1
201420H001964,1,9,0,18,0,6,0,0,0,0,3,1,3,2,45,7,1149,1,7,9,1
201420H001964,2,11,0,18,0,8,0,10,7,10,1,1,1,1,67,10,-1,2,16,6,1
201420H001984,1,9,0,6,0,8,0,0,0,0,3,1,6,2,60,9,650,1,16,3,1
201420H001984,2,3,0,18,0,8,0,0,0,0,1,1,6,1,20,4,124,1,1,-1,1
201420H001994,1,9,0,5,0,4,0,0,0,0,4,1,6,2,51,8,1598,1,1,8,1
201420H001994,2,3,0,18,0,3,0,0,0,0,1,1,6,1,37,7,124,1,11,-1,-1
201420H002024,1,9,0,16,0,2,0,7,7,1,1,1,6,2,64,9,1956,2,1,4,1
201420H002034,1,9,0,9,0,8,0,0,1,1,4,1,6,1,83,11,1242,1,4,2,1
201420H002034,2,9,0,18,0,8,0,0,0,0,1,1,6,1,24,5,4163,1,8,1,1
201420H002044,1,3,0,18,0,0,0,0,0,0,1,1,6,1,40,7,125,1,5,1,1
201420H002044,2,9,0,4,0,0,0,0,0,0,2,1,6,1,44,7,1390,1,9,6,1
201420H002054,1,9,0,18,0,4,0,0,0,0,1,1,2,2,31,6,1242,1,8,1,1
201420H002054,2,9,0,9,0,4,0,0,0,0,1,1,2,1,55,8,1329,1,5,10,1
201420H002084,1,9,0,9,0,8,0,0,0,0,1,1,6,1,37,7,1598,1,13,2,1
201420H002084,2,9,0,18,0,8,0,0,0,0,2,1,3,2,38,7,2172,2,14,1,1
201420H002194,1,1,0,18,0,0,0,0,0,0,1,1,6,1,23,5,-1,-1,-1,4,1
201420H002194,2,9,0,2,0,0,0,0,0,0,2,1,6,1,42,7,1600,1,13,1,1
201420H002204,1,9,0,9,0,6,0,0,0,0,3,1,6,2,37,7,1242,1,8,5,1
201420H002204,2,9,0,18,0,8,0,0,0,0,1,1,6,2,26,6,1598,1,8,6,1
201420H002274,1,9,0,14,0,0,0,0,0,0,1,1,6,1,25,5,1998,1,9,5,1
201420H002284,1,9,0,9,0,6,0,0,0,0,1,1,1,2,26,6,1388,1,12,10,1
201420H002284,2,9,0,18,0,8,2,0,0,0,1,1,1,2,30,6,1364,1,7,2,1
201420H002304,1,9,0,16,0,3,0,9,7,10,1,1,6,1,19,4,-1,-1,-1,1,1
201420H002334,1,9,0,18,0,1,0,0,0,0,1,1,6,2,-1,-1,1598,1,9,5,1
201420H002334,2,9,0,3,0,1,0,0,0,0,2,1,6,1,51,8,2183,2,2,2,1
201420H002364,1,11,0,18,0,0,0,0,0,0,0,1,6,1,-1,-1,7300,2,6,-1,-1
201420H002374,1,9,0,4,0,0,0,0,0,0,1,1,6,1,-1,-1,-1,-1,-1,-1,-1
201420H002384,1,9,0,1,0,2,1,0,0,0,3,1,6,1,-1,-1,1398,1,8,6,1
201420H002384,2,9,0,3,0,1,0,0,0,0,4,1,6,2,28,6,1242,1,12,4,1
201420H002404,1,9,0,18,0,0,0,0,0,0,2,1,2,2,34,6,1796,1,11,1,1
201420H002414,1,9,0,9,0,5,0,0,0,0,4,1,6,1,27,6,1870,2,12,1,1
201420H002424,1,19,0,18,0,0,0,0,0,0,4,1,1,1,29,6,2402,2,7,10,2
201420H002424,2,1,0,18,0,0,0,10,1,10,1,1,2,1,22,5,-1,-1,-1,6,1
201420H002524,1,9,0,18,0,0,0,0,0,0,1,1,6,2,73,10,-1,-1,-1,9,1
201420H002534,1,9,0,18,0,1,0,0,0,0,1,1,6,1,-1,-1,1390,1,10,-1,-1
201420H002534,2,9,0,3,0,1,0,0,0,0,2,1,1,2,21,5,998,1,10,2,1
201420H002564,1,9,0,16,0,0,0,0,0,0,1,1,1,2,20,4,1206,1,4,5,3
201420H002564,2,9,0,18,0,0,0,0,0,0,1,1,6,1,71,10,1753,2,16,4,1
201420H002574,1,9,0,18,0,1,0,10,1,10,1,1,6,2,34,6,1360,1,9,5,1
201420H002604,1,8,0,5,0,0,0,0,0,0,1,1,1,1,35,6,-1,-1,-1,5,1
201420H002634,1,9,0,7,0,6,0,0,0,0,1,1,6,2,48,8,1997,1,13,4,1
201420H002634,2,1,0,18,0,8,0,0,0,0,4,1,2,1,59,9,-1,-1,-1,6,1
201420H002654,1,9,0,9,0,8,0,0,0,0,4,1,2,2,46,8,1329,1,2,4,1
201420H002654,2,1,0,18,0,8,0,0,0,0,1,1,6,1,39,7,-1,-1,-1,2,1
201420H002684,1,5,0,18,0,0,0,4,1,0,1,1,6,1,61,9,1998,1,10,5,1
201420H002684,2,9,0,2,0,0,0,0,0,0,2,1,6,1,18,4,2000,1,10,-1,-1
201420H002694,1,9,0,9,0,6,0,0,0,0,1,1,1,1,64,9,1956,2,-1,5,1
201420H002694,2,1,0,9,0,5,0,0,0,0,1,1,6,1,15,3,-1,-1,-1,10,1
201420H002804,1,19,0,13,0,0,0,0,0,0,2,1,1,1,62,9,6370,2,3,4,1
201420H002804,2,1,0,18,0,0,0,0,0,0,1,1,2,1,45,7,-1,-1,-1,5,1
201420H002814,1,9,0,4,0,1,0,0,0,0,1,1,2,2,53,8,1598,1,4,10,1
201420H002834,1,9,0,9,9,5,0,0,0,0,4,1,6,2,22,5,1149,1,4,4,1
201420H002834,2,1,0,18,9,8,5,0,0,0,1,1,6,1,34,6,-1,-1,-1,6,1
201420H002874,1,9,0,18,0,3,0,0,0,0,3,1,6,2,-1,-1,1560,2,3,-1,-1
201420H002874,2,9,0,18,0,3,0,0,0,0,1,1,2,2,28,6,2179,2,1,7,1
201420H002914,1,9,0,9,0,6,0,0,0,0,1,1,6,3,-1,-1,-1,-1,-1,-1,-1
201420H002914,2,9,0,18,0,8,0,0,0,0,3,1,6,1,34,6,1598,1,8,4,1
201420H002934,1,9,0,9,0,8,0,0,0,0,3,1,2,1,27,6,1910,2,7,2,1
201420H002934,2,9,0,18,0,8,0,0,0,0,4,1,6,1,62,9,2835,2,18,2,1
201420H002984,1,11,0,4,0,1,0,0,0,0,1,1,1,1,62,9,8268,2,12,3,1
201420H002994,1,11,0,4,0,2,0,0,0,0,1,1,1,1,54,8,548,2,16,2,1
201420H003004,1,9,0,18,0,0,0,0,0,0,1,1,6,1,69,10,1998,1,9,5,1
201420H003014,1,9,0,18,0,0,0,0,0,0,3,1,6,1,52,8,-1,-1,-1,8,1
201420H003024,1,9,0,14,0,0,0,0,0,0,1,1,6,2,20,4,1390,1,10,3,2
201420H003034,1,9,0,9,0,6,0,0,0,0,3,1,6,1,20,4,1595,1,14,3,1
201420H003034,2,9,0,18,0,8,0,0,0,0,1,1,1,1,71,10,1229,1,9,9,1
201420H003044,1,19,0,18,0,8,0,0,0,0,1,1,1,1,28,6,2198,2,3,6,1
201420H003044,2,9,0,18,0,8,0,0,0,0,3,1,1,1,40,7,1769,1,13,5,1
201420H003074,1,9,0,18,0,8,0,0,0,0,4,1,6,1,21,5,1199,1,12,4,1
201420H003074,2,9,0,18,0,8,0,0,0,0,1,1,1,1,34,6,1794,1,10,1,1
201420H003084,1,9,0,9,0,6,0,0,0,0,3,1,2,1,42,7,1973,1,14,5,1
201420H003084,2,3,0,18,0,8,0,0,0,0,1,1,2,1,19,4,124,1,1,7,2
201420H003094,1,8,0,1,9,0,0,0,0,0,2,1,6,1,-1,-1,-1,-1,-1,-1,-1
201420H003124,1,3,0,18,0,2,5,4,0,0,1,1,6,1,33,6,124,1,4,3,1
201420H003124,2,9,0,4,0,2,0,0,0,0,2,1,6,1,38,7,1124,1,13,5,1
201420H003134,1,9,0,18,0,0,0,0,0,0,1,1,6,1,39,7,1390,1,14,8,1
201420H003134,2,9,0,18,0,0,0,0,0,0,2,1,6,2,42,7,1560,2,4,5,1
201420H003204,1,3,0,18,0,1,1,0,0,0,3,1,6,1,21,5,373,1,-1,-1,-1
201420H003204,2,9,0,18,0,1,0,0,0,0,0,1,1,1,-1,-1,2993,2,1,-1,-1
201420H003224,1,9,0,5,0,1,0,0,0,0,1,1,6,1,51,8,1985,1,15,10,1
201420H003254,1,9,0,17,9,1,1,10,1,10,1,1,6,1,32,6,1396,1,11,1,1
201420H003274,1,19,0,4,0,0,0,0,0,0,1,1,1,1,50,8,2460,2,9,7,1
201420H003284,1,9,0,9,9,8,0,0,0,0,3,1,6,1,42,7,1796,1,10,1,1
201420H003284,2,1,0,18,9,8,0,0,0,0,3,1,6,1,35,6,-1,-1,-1,-1,-1
201420H003374,1,19,0,18,0,1,1,10,1,2,1,1,6,1,21,5,1753,2,8,1,1
201420H003414,1,9,0,9,0,6,0,0,0,0,1,1,6,1,-1,-1,-1,-1,-1,-1,-1
201420H003414,2,9,0,9,0,5,0,0,0,0,3,1,6,1,24,5,1968,2,11,5,1
201420H003514,1,2,0,18,0,0,0,0,0,0,1,1,2,1,16,4,49,1,-1,5,1
201420H003514,2,9,0,4,0,0,0,0,0,0,2,1,2,1,61,9,1242,1,6,5,1
201420H003534,1,20,0,18,0,0,0,0,0,0,1,1,1,1,62,9,5880,2,9,1,1
201420H003604,1,9,0,9,0,6,0,0,0,0,1,1,6,3,-1,-1,-1,-1,-1,-1,-1
201420H003614,1,9,0,6,0,0,0,0,0,0,1,1,6,2,75,10,995,1,2,2,1
201420H003614,2,5,0,18,0,0,0,0,1,0,1,1,6,1,56,9,998,1,7,7,1
201420H003624,1,9,0,18,0,0,0,0,0,0,1,1,6,1,62,9,2993,2,6,9,1
201420H003624,2,11,0,18,0,0,0,0,0,0,1,1,1,1,40,7,-1,2,17,1,1
201420H003624,3,19,0,2,0,0,0,0,0,0,3,1,6,1,-1,-1,2143,2,1,-1,-1
201420H003634,1,9,0,13,0,0,0,0,0,0,4,1,1,1,42,7,1796,1,8,2,1
201420H003634,2,1,0,4,0,0,0,0,0,0,1,1,2,1,26,6,-1,-1,-1,3,2
201420H003654,1,9,0,18,0,0,1,0,0,0,1,1,2,1,23,5,1587,1,15,2,1
201420H003674,1,3,0,18,0,8,1,0,0,0,4,1,6,1,44,7,124,1,2,1,1
201420H003684,1,9,0,9,0,6,0,0,0,0,1,1,1,2,49,8,1200,1,11,5,1
201420H003684,2,9,0,18,0,8,0,0,0,0,4,1,1,2,46,8,1596,1,8,3,2
201420H003694,1,9,0,9,0,6,0,0,0,0,3,1,6,2,25,5,1390,1,8,5,1
201420H003694,2,5,0,18,0,8,0,0,0,0,1,1,2,1,21,5,649,1,4,1,1
201420H003714,1,8,0,5,0,0,0,0,0,0,0,1,1,3,-1,-1,-1,-1,-1,-1,-1
201420H003734,1,9,0,16,0,0,2,4,1,10,1,1,6,1,26,6,1781,1,11,3,1
201420H003734,2,9,0,2,0,0,0,0,0,0,1,1,6,1,-1,-1,1781,1,13,2,1
201420H003734,3,9,0,2,0,0,5,0,0,0,1,1,6,1,-1,-1,1796,1,14,3,1
201420H003734,4,9,0,2,0,0,0,0,0,0,1,1,6,1,-1,-1,2231,2,2,2,1
201420H003734,5,9,0,2,0,0,0,0,0,0,4,1,6,1,-1,-1,1598,1,16,2,1
201420H003744,1,9,0,18,0,8,0,10,1,1,3,1,6,2,27,6,1598,1,2,2,1
201420H003744,2,9,0,18,0,8,0,0,0,0,1,1,6,2,21,5,-1,-1,-1,1,1
201420H003774,1,9,0,18,0,8,0,0,0,0,1,1,6,2,41,7,1896,2,11,3,1
201420H003774,2,9,0,7,0,8,0,0,0,0,1,1,6,1,51,8,2685,2,13,3,1
201420H003794,1,9,0,18,0,0,0,0,0,0,4,1,6,1,21,5,1248,2,7,6,1
201420H003814,1,9,0,18,0,8,0,0,0,0,1,1,6,2,48,8,1587,1,8,9,3
201420H003814,2,9,0,18,0,8,0,0,0,0,4,1,6,1,70,10,1360,1,14,4,1
201420H003824,1,9,0,18,9,0,0,0,0,0,1,1,6,2,22,5,1390,1,13,1,1
201420H003824,2,9,0,2,9,0,0,0,0,0,1,1,6,1,-1,-1,1599,1,10,-1,-1
201420H003824,3,9,0,2,9,0,0,0,0,0,2,1,6,2,-1,-1,1360,1,4,-1,-1
201420H003824,4,9,0,2,9,0,0,0,0,0,1,1,6,1,-1,-1,1360,1,14,-1,-1
201420H003874,1,9,0,13,0,8,2,10,8,3,1,1,1,1,26,6,1968,2,2,-1,1
201420H003874,2,9,0,9,0,8,0,0,0,0,3,1,6,1,24,5,-1,-1,-1,6,1
201420H003884,1,9,0,18,0,0,2,10,8,10,1,1,6,1,19,4,1242,1,8,8,1
201420H003894,1,3,0,14,0,1,0,0,0,0,1,1,6,1,18,4,124,1,-1,1,1
201420H003894,2,9,0,9,0,1,0,0,0,0,2,1,6,2,60,9,1968,2,4,3,1
201420H003904,1,9,0,9,2,8,0,0,0,0,1,1,6,1,25,5,1598,1,13,2,1
201420H003904,2,9,0,18,0,8,0,0,1,1,1,1,6,2,25,5,1984,1,6,4,1
201420H003954,1,9,0,9,0,5,0,0,0,0,1,1,6,2,39,7,1364,2,6,1,1
201420H003954,2,9,0,18,0,8,0,0,0,0,1,1,6,2,91,11,1299,1,11,6,1
201420H003954,3,9,0,18,0,8,0,0,0,0,1,1,6,2,37,7,1988,1,9,3,1
201420H003984,1,9,0,18,0,1,0,0,0,0,1,1,6,2,19,4,1149,1,4,3,1
201420H003984,2,9,0,3,0,1,0,0,0,0,2,1,6,1,76,11,1997,1,13,3,1
201420H004004,1,9,0,5,0,8,0,0,0,0,1,1,6,1,63,9,1398,1,1,5,1
201420H004004,2,1,0,18,0,8,0,0,0,0,4,1,6,1,50,8,-1,-1,-1,2,1
201420H004064,1,9,0,9,0,5,0,0,0,0,4,1,6,2,19,4,1299,1,14,3,1
201420H004064,2,9,0,18,0,8,0,0,0,0,1,1,6,1,72,10,2495,2,11,-1,1
201420H004074,1,19,0,9,0,8,0,0,0,0,1,1,6,1,-1,-1,-1,-1,-1,-1,-1
201420H004074,2,11,0,5,0,1,0,0,0,0,1,1,1,1,57,9,7300,2,7,10,1
201420H004084,1,19,0,6,0,8,0,0,0,0,1,1,6,1,-1,-1,2496,2,16,-1,-1
201420H004084,2,9,0,18,0,8,0,0,0,0,1,1,1,2,45,7,1229,1,2,1,1
201420H004094,1,9,0,18,0,8,0,0,0,0,1,1,6,2,31,6,1199,1,12,1,1
201420H004094,2,9,0,3,0,1,0,0,0,0,2,1,6,1,72,10,1596,1,1,1,1
201420H004104,1,9,0,7,0,8,0,0,0,0,3,1,6,1,40,7,1086,1,10,2,1
201420H004104,2,8,0,18,0,8,1,0,0,0,1,1,6,1,43,7,2664,2,14,1,1
201420H004114,1,9,0,5,0,2,0,0,0,0,3,1,1,1,48,8,1956,2,5,5,1
201420H004154,1,9,0,18,0,0,1,0,0,0,4,1,6,2,34,6,1360,1,8,5,1
201420H004164,1,19,0,9,0,6,0,0,0,0,1,1,1,1,58,9,2198,2,4,6,1
201420H004164,2,5,0,18,0,8,5,0,0,0,4,1,6,1,65,9,800,1,14,5,1
201420H004184,1,9,0,4,0,2,0,0,0,0,0,1,6,1,23,5,1686,2,5,4,1
201420H004214,1,9,0,18,0,1,0,0,0,0,1,1,6,3,-1,-1,-1,-1,-1,-1,-1
201420H004224,1,9,0,9,0,8,0,0,0,0,4,1,6,1,56,9,1461,2,2,1,1
201420H004224,2,9,0,18,0,8,0,0,0,0,3,1,2,1,42,7,1242,1,15,2,1
201420H004224,3,19,0,3,0,1,0,0,0,0,1,1,1,1,51,8,2198,2,-1,6,1
201420H004234,1,9,0,17,0,0,0,0,2,10,1,1,6,1,46,8,-1,-1,-1,6,1
201420H004244,1,9,0,9,0,8,0,0,0,0,4,1,1,1,35,6,2993,2,4,1,1
201420H004244,2,3,0,18,0,8,0,0,0,0,1,1,6,1,21,5,124,1,6,4,1