Accident_Index,Vehicle_Reference,Vehicle_Type,Towing_and_Articulation,Vehicle_Manoeuvre,Vehicle_Location-Restricted_Lane,Junction_Location,Skidding_and_Overturning,Hit_Object_in_Carriageway,Vehicle_Leaving_Carriageway,Hit_Object_off_Carriageway,1st_Point_of_Impact,Was_Vehicle_Left_Hand_Drive?,Journey_Purpose_of_Driver,Sex_of_Driver,Age_of_Driver,Age_Band_of_Driver,Engine_Capacity_(CC),Propulsion_Code,Age_of_Vehicle,Driver_IMD_Decile,Driver_Home_Area_Type
201420H007824,3,19,0,2,9,1,0,0,0,0,1,1,6,1,-1,-1,-1,-1,-1,-1,-1
201420H007854,1,9,0,9,0,8,0,7,0,0,1,1,6,1,19,4,998,1,10,5,1
201420H007854,2,19,0,18,0,8,0,7,0,0,3,1,6,1,57,9,2198,2,5,8,3
201420H007884,1,9,0,18,0,8,0,0,0,0,1,1,6,1,67,10,-1,-1,-1,1,1
201420H007884,2,9,0,18,0,8,0,0,0,0,4,1,6,1,25,5,1390,1,8,1,1
201420H007974,1,21,0,11,0,1,0,0,0,0,4,1,1,1,-1,-1,-1,-1,-1,-1,-1
201420H007974,2,9,0,7,0,1,0,0,0,0,3,1,2,2,23,5,1390,1,9,1,1
201420H008014,1,9,0,18,0,0,0,10,7,10,1,1,6,1,18,4,998,1,-1,3,1
201420H008044,1,9,0,9,0,8,0,0,0,0,1,1,6,1,32,6,1560,2,6,7,1
201420H008044,2,1,0,18,0,8,0,0,0,0,2,1,6,1,54,8,-1,-1,-1,4,1
201420H008054,1,9,0,18,0,4,0,0,0,0,1,1,6,1,68,10,1248,1,1,3,1
201420H008054,2,9,0,9,0,3,0,0,0,0,2,1,6,1,27,6,1796,1,10,4,1
201420H008084,1,9,0,18,0,1,0,0,0,0,1,1,6,1,-1,-1,1149,1,7,-1,-1
201420H008084,2,9,0,8,0,1,0,0,0,0,2,1,6,1,37,7,1796,1,11,4,1
201420H008114,1,9,0,9,0,5,0,0,0,0,1,1,6,1,68,10,1587,1,12,1,1
201420H008114,2,1,0,7,0,8,0,0,0,0,1,1,1,1,18,4,-1,-1,-1,1,1
201420H008124,1,9,0,18,0,1,0,0,0,0,3,1,6,2,41,7,1896,2,9,1,1
201420H008124,2,9,0,18,0,1,0,0,0,0,4,1,6,1,-1,-1,1242,1,7,6,1
201420H008154,1,19,0,18,9,0,0,0,0,0,1,1,6,3,-1,-1,-1,-1,-1,-1,-1
201420H008154,2,1,0,18,9,0,0,0,0,0,2,1,6,1,12,3,-1,-1,-1,2,1
201420H008174,1,9,0,4,0,1,1,0,0,0,1,1,6,1,26,6,1686,2,11,3,1
201420H008174,2,9,0,3,0,1,0,0,0,0,4,1,1,1,45,7,1248,2,2,-1,-1
201420H008194,1,9,0,17,0,0,1,0,0,0,1,1,6,1,19,4,1149,1,12,6,1
201420H008194,2,9,0,16,0,0,0,0,1,0,1,1,6,1,18,4,1242,1,9,8,1
201420H008204,1,9,0,7,0,3,0,0,0,0,4,1,1,1,55,8,1910,2,6,3,1
201420H008204,2,1,0,18,0,8,0,0,0,0,1,1,6,2,64,9,-1,-1,-1,8,1
201420H008224,1,5,0,18,0,8,1,0,0,0,1,1,6,1,28,6,998,1,10,3,1
201420H008224,2,9,0,9,0,6,0,0,0,0,3,1,6,1,60,9,1598,1,11,1,1
201420H008284,1,9,0,18,0,0,0,0,0,0,1,1,2,1,59,9,2143,2,4,1,1
201420H008284,2,9,0,4,0,0,0,0,0,0,2,1,2,1,33,6,1598,1,10,4,1
201420H008334,1,9,0,5,0,8,0,0,0,0,1,1,1,2,-1,-1,1956,2,2,-1,-1
201420H008334,2,9,0,18,0,5,0,0,0,0,1,1,2,1,40,7,1595,1,14,2,1
201420H008364,1,9,0,18,0,2,0,0,0,0,1,1,6,1,44,7,1329,1,5,6,1
201420H008374,1,9,0,9,0,6,0,0,0,0,1,1,6,3,-1,-1,-1,-1,-1,-1,-1
201420H008374,2,9,0,18,0,8,0,0,0,0,3,1,1,1,25,5,-1,-1,-1,5,1
201420H008374,3,9,0,10,0,8,0,0,0,0,1,1,1,1,24,5,1360,1,14,6,1
201420H008384,1,3,0,7,0,8,0,0,0,0,3,1,6,1,19,4,124,1,20,1,1
201420H008384,2,9,0,18,0,8,0,0,0,0,1,1,6,1,91,11,1597,1,14,4,1
201420H008414,1,9,0,9,0,5,0,0,0,0,1,1,6,1,78,11,1560,2,1,2,1
201420H008414,2,1,0,18,0,8,0,0,0,0,1,1,6,1,50,8,-1,-1,-1,2,1
201420H008434,1,9,0,5,0,8,1,0,7,0,3,1,6,1,27,6,2521,1,9,8,1
201420H008434,2,9,0,3,0,1,0,0,0,0,3,1,6,1,78,11,1968,2,2,9,1
201420H008434,3,9,0,3,0,1,0,0,0,0,3,1,6,1,24,5,1995,2,8,2,1
201420H008434,4,9,0,5,0,2,0,0,0,0,0,1,6,1,58,9,2967,1,9,8,1
201420H008444,1,11,0,18,0,8,0,0,0,0,0,1,6,1,48,8,8268,2,10,1,1
201420H008504,1,9,0,9,0,6,0,0,1,0,2,1,6,1,87,11,1086,1,8,2,1
201420H008504,2,9,0,18,0,8,0,0,0,0,1,1,6,1,20,4,1984,1,18,1,1
201420H008514,1,9,0,18,0,8,0,0,0,0,1,1,6,3,-1,-1,1595,1,16,-1,-1
201420H008514,2,9,0,9,0,8,0,0,0,0,1,1,6,1,43,7,1968,2,3,3,1
201420H008554,1,9,0,9,0,8,0,0,0,0,1,1,6,3,-1,-1,-1,-1,-1,-1,-1
201420H008554,2,1,0,18,0,8,0,0,0,0,1,1,6,1,19,4,-1,-1,-1,2,1
201420H008564,1,9,0,12,0,2,0,0,0,0,3,1,6,1,19,4,1390,1,14,2,1
201420H008564,2,5,0,17,0,2,0,0,0,0,1,1,6,1,32,6,748,1,14,5,1
201420H008574,1,9,0,18,9,2,1,10,1,1,1,1,6,1,24,5,1896,2,14,1,1
201420H008594,1,9,0,16,0,0,1,0,1,0,1,1,6,1,20,4,1149,1,4,8,1
201420H008594,2,9,0,17,0,0,0,0,0,0,1,1,6,2,67,10,1390,1,7,8,1
201420H008624,1,9,0,9,0,6,0,0,0,0,1,1,6,1,49,8,1984,1,10,3,1
201420H008624,2,5,0,18,0,8,0,0,0,0,1,1,6,1,27,6,-1,-1,-1,3,1
201420H008644,1,11,0,5,0,1,0,0,0,0,0,1,1,1,55,8,9600,2,14,5,1
201420H008674,1,2,0,13,0,8,1,0,0,0,1,1,6,1,22,5,49,1,15,8,3
201420H008674,2,19,0,9,0,8,0,0,0,0,3,1,6,1,33,6,2198,2,5,4,1
201420H008724,1,9,0,17,9,2,1,0,1,2,1,1,2,1,36,7,1956,2,4,4,1
201420H008724,2,9,0,2,0,2,0,0,0,0,2,1,6,2,26,6,1364,1,6,1,1
201420H008734,1,9,0,18,0,1,0,0,0,0,1,1,1,1,-1,-1,1956,2,1,-1,-1
201420H008734,2,9,0,3,0,1,0,0,0,0,2,1,6,2,31,6,1390,1,8,-1,-1
201420H008754,1,9,0,18,0,0,0,4,0,0,1,1,6,1,16,4,1700,2,9,1,1
201420H008754,2,19,0,2,0,0,0,0,0,0,1,1,6,1,31,6,2460,2,8,-1,-1
201420H008754,3,9,0,2,0,0,0,0,0,0,1,1,6,2,29,6,1968,2,11,9,1
201420H008814,1,9,0,18,0,0,0,0,0,0,1,1,6,1,-1,-1,-1,-1,-1,-1,-1
201420H008884,1,9,0,18,0,0,0,0,0,0,4,1,6,1,-1,-1,999,1,3,6,1
201420H008914,1,9,0,9,0,6,0,0,0,0,0,1,6,1,27,6,2183,2,3,5,1
201420H008914,2,5,0,18,0,1,1,0,1,3,1,1,6,1,26,6,599,1,10,1,1
201420H008984,1,9,0,18,0,0,0,0,0,0,1,1,6,1,45,7,1598,1,9,9,1
201420H009014,1,1,0,18,9,8,0,0,0,0,1,1,6,1,-1,-1,-1,-1,-1,6,1
201420H009014,2,9,0,8,9,8,0,0,0,0,4,1,6,2,43,7,1997,2,7,6,1
201420H009094,1,9,0,18,0,0,0,0,0,0,4,1,6,2,67,10,1196,1,18,1,1
201420H009104,1,9,0,18,0,0,0,0,0,0,1,1,6,1,81,11,1199,1,11,2,1
201420H009104,2,90,0,18,0,0,0,0,0,0,2,1,6,1,22,5,-1,-1,-1,2,1
201420H009204,1,9,0,18,0,8,0,0,0,0,1,1,6,1,53,8,1560,2,1,5,1
201420H009204,2,9,0,5,0,8,0,0,0,0,4,1,6,1,36,7,1870,2,8,9,1
201420H009214,1,19,0,18,0,0,0,0,0,0,1,1,6,1,-1,-1,1997,2,7,5,1
201420H009214,2,9,0,3,0,0,0,0,0,0,2,1,6,2,42,7,1596,1,8,4,1
201420H009224,1,9,0,18,0,1,1,0,7,2,4,1,6,1,34,6,1781,1,12,1,1
201420H009234,1,9,0,13,0,0,0,0,0,0,1,1,6,3,-1,-1,-1,-1,-1,-1,-1
201420H009234,2,9,0,18,0,0,0,0,0,0,4,1,3,2,48,8,1388,1,12,8,1
201420H009254,1,9,0,18,0,0,0,0,0,0,1,1,6,1,47,8,1896,2,12,1,1
201420H009304,1,9,0,5,0,4,0,0,0,0,3,1,2,2,24,5,1299,1,13,9,1
201420H009304,2,3,0,9,0,8,0,0,0,0,4,1,2,1,18,4,125,1,3,3,1
201420H009324,1,9,0,18,0,8,0,0,0,0,1,1,6,1,-1,-1,1598,1,11,-1,-1
201420H009324,2,3,0,9,0,8,0,0,0,0,2,1,6,1,25,5,125,1,3,2,1
201420H009354,1,9,0,5,0,1,0,0,0,0,1,1,1,1,32,6,1968,2,5,1,1
201420H009354,2,9,0,18,0,2,0,0,0,0,4,1,1,1,59,9,-1,-1,-1,1,1
201420H009354,3,9,0,2,0,1,0,0,0,0,1,1,1,1,25,5,1149,1,8,3,1
201420H009374,1,1,0,18,0,2,0,0,0,0,1,1,6,1,-1,-1,-1,-1,-1,-1,-1
201420H009374,2,9,0,18,0,1,0,0,0,0,1,1,6,2,56,9,1956,2,3,6,1
201420H009384,1,9,0,9,7,8,0,0,0,0,3,1,2,1,59,9,1598,2,1,9,1
201420H009384,2,5,0,13,0,8,0,0,0,0,4,1,2,1,44,7,599,1,22,6,1
201420H009394,1,19,0,9,0,6,0,0,0,0,1,1,6,1,-1,-1,1560,2,6,-1,-1
201420H009394,2,9,0,18,0,8,0,0,0,0,4,1,6,1,73,10,1200,1,-1,2,1
201420H009404,1,9,0,18,0,2,0,0,0,0,1,1,6,1,38,7,1598,1,14,8,1
201420H009424,1,9,0,9,0,8,0,0,0,0,1,1,6,1,33,6,1360,1,9,1,1
201420H009424,2,1,0,18,0,8,0,0,0,0,1,1,6,1,35,6,-1,-1,-1,1,1
201420H009444,1,9,0,7,0,6,0,0,0,0,3,1,1,1,26,6,1753,2,7,3,1
201420H009444,2,1,0,18,0,8,0,0,0,0,1,1,1,1,-1,-1,-1,-1,-1,4,1
201420H009454,1,9,0,18,0,4,0,0,0,0,1,1,6,1,25,5,2993,2,10,3,1
201420H009454,2,9,0,9,0,8,0,0,0,0,4,1,6,1,38,7,1149,1,8,2,1
201420H009464,1,9,0,4,0,0,0,0,0,0,3,1,2,1,24,5,1796,1,7,9,1
201420H009474,1,9,0,9,0,8,0,0,0,0,4,1,3,1,68,10,2987,2,8,2,1
201420H009474,2,9,0,18,0,8,0,0,0,0,1,1,3,2,26,6,1198,1,12,1,1
201420H009524,1,9,0,8,0,1,0,0,0,0,1,1,6,2,18,4,-1,-1,-1,3,1
201420H009524,2,8,0,1,0,8,0,0,0,0,2,1,1,1,-1,-1,1910,2,6,3,1
201420H009554,1,9,0,5,0,2,0,0,0,0,1,1,2,1,51,8,1497,1,13,1,1
201420H009564,1,9,0,9,0,8,0,0,0,0,1,1,6,1,21,5,1242,1,11,3,1
201420H009564,2,1,0,17,0,8,0,0,0,0,1,1,6,1,36,7,-1,-1,-1,7,1
201420H009574,1,9,0,4,0,0,0,0,0,0,1,1,3,1,48,8,1686,2,1,10,1
201420H009604,1,9,0,18,0,1,0,0,0,0,1,1,6,2,44,7,1229,1,7,6,1
201420H009604,2,19,0,3,0,1,0,0,0,0,2,1,1,1,54,8,2488,2,1,5,1
201420H009644,1,9,0,18,0,1,0,0,0,0,1,1,6,1,44,7,1298,1,12,2,1
201420H009644,2,9,0,18,0,1,0,0,0,0,2,1,6,2,34,6,1900,2,8,3,1
201420H009674,1,9,0,1,0,0,0,0,0,0,4,1,6,1,24,5,2143,2,2,2,1
201420H009674,2,9,0,4,0,0,0,0,0,0,2,1,6,1,-1,-1,2993,2,1,-1,-1
201420H009674,3,9,0,4,0,0,0,0,0,0,4,1,6,1,-1,-1,2993,2,2,6,3
201420H009674,4,9,0,4,0,0,0,0,0,0,1,1,6,1,-1,-1,2993,2,1,-1,-1
201420H009674,5,9,0,4,0,0,0,0,0,0,1,1,6,1,-1,-1,2993,2,1,-1,-1
201420H009674,6,9,0,4,0,0,0,0,0,0,1,1,6,1,-1,-1,2993,2,1,-1,-1
201420H009684,1,9,0,18,0,0,0,0,2,4,1,1,2,1,58,9,1598,2,2,8,1
201420H009684,2,9,0,18,0,0,0,0,0,0,1,1,2,1,51,8,1968,2,-1,9,1
201420H009744,1,9,0,18,0,0,0,0,0,0,1,1,6,2,78,11,599,1,12,10,3
201420H009744,2,9,0,3,0,0,0,0,0,0,2,1,6,2,44,7,-1,-1,-1,10,2
201420H009754,1,8,0,18,0,0,5,0,0,0,1,1,1,1,40,7,1998,2,3,1,1
201420H009754,2,9,0,18,0,0,0,0,0,0,1,1,2,1,29,6,1396,1,14,5,1
201420H009764,1,3,0,18,0,0,1,0,0,0,0,1,2,2,17,4,125,1,2,2,1
201420H009764,2,9,0,3,0,0,0,0,0,0,0,1,2,1,22,5,2685,2,13,9,1
201420H009774,1,9,0,9,0,2,0,0,0,0,1,1,6,2,30,6,1799,1,6,4,1
201420H009774,2,1,0,18,0,1,0,0,0,0,3,1,6,2,55,8,-1,-1,-1,7,1
201420H009794,1,9,0,1,9,0,0,0,0,0,2,1,6,2,69,10,1598,1,11,4,1
201420H009814,1,9,0,18,0,0,0,0,0,0,4,1,6,2,54,8,1124,1,9,5,1
201420H009824,1,9,0,18,0,8,5,0,3,10,1,1,6,2,24,5,1398,1,2,6,1
201420H009824,2,9,0,18,0,8,0,0,0,0,1,1,2,1,47,8,1490,1,11,4,1
201420H009844,1,19,0,18,0,0,0,0,0,0,1,1,6,1,-1,-1,1998,2,12,-1,-1
201420H009854,1,9,0,9,0,8,0,0,0,0,4,1,2,1,33,6,1560,2,1,4,1
201420H009854,2,9,0,18,0,8,0,0,0,0,1,1,6,2,-1,-1,1596,1,2,3,1
201420H009864,1,9,0,18,0,8,1,0,7,0,4,1,6,1,32,6,1753,2,13,2,1
201420H009864,2,9,0,18,0,8,1,0,0,0,1,1,6,1,34,6,1364,1,1,2,1
201420H009874,1,9,0,12,0,2,0,0,0,0,1,1,6,1,36,7,1398,1,12,6,1
201420H009874,2,9,0,18,0,2,0,0,0,0,3,1,6,2,50,8,1560,2,9,5,1
201420H009894,1,9,0,18,0,8,0,0,0,0,1,1,6,1,52,8,1596,1,12,9,1
201420H009894,2,1,0,9,0,8,0,0,0,0,1,1,6,1,16,4,-1,-1,-1,9,1
201420H009904,1,1,0,18,0,8,0,0,0,0,1,1,6,1,18,4,-1,-1,-1,1,1
201420H009904,2,9,0,18,0,8,0,0,0,0,1,1,1,1,43,7,1686,2,9,1,1
201420H009914,1,9,0,7,0,5,0,0,0,0,1,1,6,3,-1,-1,-1,-1,-1,-1,-1
201420H009914,2,1,0,18,0,8,5,0,0,0,1,1,2,1,26,6,-1,-1,-1,3,1
201420H009924,1,8,0,9,0,2,0,0,0,0,0,1,6,1,58,9,2664,2,15,1,1
201420H009934,1,9,0,18,0,2,0,0,0,0,1,1,2,2,44,7,999,1,14,1,1
201420H009974,1,90,0,4,0,0,0,0,0,0,4,1,6,3,-1,-1,1896,2,17,-1,-1
201420H009974,2,1,0,15,0,0,0,8,0,0,1,1,2,1,51,8,-1,-1,-1,2,1
201420H009994,1,9,0,9,0,8,0,0,0,0,3,1,2,1,46,8,-1,-1,-1,3,1
201420H010004,1,9,0,9,0,8,0,0,0,0,4,1,6,1,50,8,1364,1,7,2,1
201420H010004,2,19,0,18,0,8,1,0,0,0,1,1,1,1,24,5,2402,2,7,1,1
201420H010014,1,9,0,13,0,1,0,0,7,0,1,1,6,2,-1,-1,1905,2,16,-1,-1
201420H010014,2,8,0,18,0,1,0,0,0,0,2,1,1,1,31,6,1997,2,8,-1,-1
201420H010014,3,9,0,2,0,2,0,0,0,0,2,1,6,1,40,7,1596,1,12,3,1
201420H010014,4,9,0,2,0,2,0,0,0,0,2,1,6,1,-1,-1,1988,2,7,-1,-1
201420H010024,1,9,0,9,0,8,0,0,0,0,1,1,2,2,-1,-1,1390,1,15,5,1
201420H010024,2,9,0,18,0,8,0,0,0,0,3,1,2,2,21,5,1199,1,12,6,1
201420H010034,1,9,0,18,9,2,0,0,1,10,1,1,6,1,19,4,1389,1,13,1,1
201420H010034,2,9,0,18,0,2,0,0,0,0,0,1,1,1,-1,-1,1956,2,2,1,1
201420H010044,1,9,0,18,0,0,0,0,0,0,1,1,6,1,-1,-1,998,1,11,-1,-1
201420H010044,2,9,0,3,0,0,0,0,0,0,2,1,1,1,31,6,1598,1,8,1,1
201420H010054,1,1,0,9,0,1,0,0,0,0,4,1,1,1,48,8,-1,-1,-1,5,1
201420H010054,2,9,0,18,0,1,0,0,0,0,3,1,6,2,-1,-1,-1,-1,-1,-1,-1
201420H010064,1,21,1,18,0,0,1,4,4,0,1,1,1,1,47,8,12902,2,1,3,1
201420H010064,2,9,0,2,0,0,0,0,0,0,0,1,6,2,27,6,1991,2,7,2,1
201420H010064,3,9,0,18,0,0,0,0,0,0,2,1,6,1,-1,-1,1598,1,9,6,1
201420H010064,4,9,0,18,0,0,0,0,0,0,1,1,6,1,45,7,1396,1,12,2,1
201420H010064,5,9,0,18,0,0,1,0,0,0,3,1,6,1,24,5,2967,1,13,9,3
201420H010064,6,20,0,18,0,0,2,0,0,0,2,1,1,1,31,6,-1,-1,-1,-1,-1
201420H010074,1,19,0,9,0,8,0,0,0,0,1,1,6,1,49,8,2402,2,9,2,1
201420H010074,2,9,0,18,0,8,0,0,0,0,1,1,6,1,72,10,1390,1,11,1,1
201420H010084,1,11,0,9,0,6,0,0,0,0,1,1,1,1,52,8,7300,2,8,1,1
201420H010084,2,19,0,18,0,8,0,0,0,0,4,1,1,1,42,7,2463,2,9,1,1
201420H010094,1,19,0,5,0,0,1,0,0,0,1,1,1,1,53,8,4462,2,1,7,1
201420H010094,2,9,0,5,0,0,0,0,0,0,2,1,6,2,42,7,1390,2,12,3,1
201420H010094,3,3,0,5,0,0,1,0,0,0,1,1,6,1,32,6,124,1,7,3,1
201420H010104,1,8,0,5,0,0,0,0,0,0,4,1,1,1,-1,-1,1910,2,6,-1,-1
201420H010154,1,9,0,18,0,8,0,0,0,0,4,1,6,3,-1,-1,1997,1,11,-1,-1
201420H010154,2,8,0,18,0,8,0,0,0,0,1,1,1,1,47,8,1997,2,8,1,1
201420H010194,1,9,0,18,0,0,1,0,0,0,1,1,1,1,35,6,1995,2,2,10,2
201420H010194,2,9,0,4,0,0,0,0,0,0,2,1,3,2,38,7,1498,1,4,-1,1
201420H010204,1,9,0,18,0,1,0,0,0,0,3,1,6,1,54,8,998,1,-1,1,1
201420H010244,1,9,0,7,0,5,0,0,0,0,1,1,6,1,98,11,1242,1,3,1,1
201420H010264,1,9,0,9,8,6,0,0,0,0,3,1,1,1,34,6,1598,1,4,9,1
201420H010264,2,9,0,18,0,8,0,0,0,0,1,1,1,2,56,9,998,1,8,9,1
201420H010284,1,9,0,18,0,8,0,0,0,0,1,1,6,2,-1,-1,1396,1,11,-1,-1
201420H010284,2,9,0,10,0,8,0,0,0,0,2,1,6,1,39,7,1248,2,6,1,1
201420H010314,1,9,0,18,0,2,2,10,2,2,1,1,6,1,-1,-1,1910,2,8,-1,-1
201420H010344,1,9,0,7,0,5,0,0,0,0,0,1,6,3,-1,-1,-1,-1,-1,-1,-1
201420H010344,2,11,0,18,2,1,0,0,0,0,0,1,1,1,48,8,-1,-1,-1,3,1
201420H010354,1,9,0,9,0,6,0,0,0,0,1,1,6,1,-1,-1,1392,1,15,1,1
201420H010354,2,19,0,18,0,8,0,0,0,0,1,1,1,1,34,6,1996,2,1,1,1
201420H010394,1,9,0,6,0,8,0,0,0,0,4,1,6,1,27,6,1968,2,8,1,1
201420H010394,2,9,0,18,0,8,0,10,1,10,3,1,6,1,57,9,1587,1,8,2,1
201420H010414,1,9,0,18,0,0,0,0,0,0,4,1,6,1,23,5,2993,2,6,3,1
201420H010424,1,9,0,5,0,0,0,0,0,0,3,1,3,2,43,7,1988,1,15,3,1
201420H010434,1,21,0,5,0,2,0,0,0,0,1,1,1,1,52,8,10837,2,1,1,1
201420H500014,1,9,0,18,0,1,0,0,0,0,1,1,6,3,-1,-1,-1,-1,-1,-1,-1
201420H500034,1,9,0,9,0,8,0,0,0,0,4,1,6,1,23,5,1199,1,15,3,1
201420H500034,2,3,0,18,0,8,0,0,0,0,1,1,1,1,54,8,124,1,-1,5,1
201420H500054,1,4,0,18,0,0,0,0,1,2,1,1,2,1,58,9,395,1,31,4,1
201420H500074,1,9,0,18,0,8,0,0,0,0,1,1,6,1,27,6,1398,2,11,2,1
201420H500074,2,9,0,9,0,8,0,0,0,0,3,1,6,1,21,5,1390,1,1,2,1
201420H500084,1,9,0,5,0,8,0,0,0,0,4,1,6,2,30,6,1598,1,4,2,1
201420H500084,2,9,0,5,0,8,0,0,0,0,3,1,6,1,78,11,1998,1,10,9,1
201420H500104,1,9,0,9,0,5,0,0,0,0,1,1,6,1,-1,-1,-1,-1,-1,-1,-1
201420H500104,2,1,0,18,0,8,0,0,0,0,1,1,6,1,44,7,-1,-1,-1,1,1
201420H500124,1,9,0,18,0,0,0,10,1,4,1,1,6,1,20,4,1596,1,11,6,1
201420H500134,1,21,1,12,0,1,0,0,0,0,1,1,1,1,36,7,12900,2,5,5,1
201420H500134,2,9,0,18,0,1,0,0,0,0,2,1,1,1,54,8,1560,2,5,-1,-1
201420H500144,1,9,0,9,0,6,0,0,0,0,0,1,6,1,44,7,1850,1,12,1,1
201420H500144,2,9,0,14,0,8,1,0,1,10,4,1,1,1,-1,-1,1956,2,2,-1,-1
201420H500194,1,9,0,18,0,3,0,0,0,0,1,1,2,1,38,7,1598,1,-1,5,1
201420H500194,2,9,0,4,0,3,0,0,0,0,2,1,6,1,51,8,1895,1,15,1,1
201420H500214,1,9,0,18,0,2,0,0,0,0,1,1,1,2,59,9,-1,-1,-1,5,1
201420H500224,1,9,0,18,0,2,0,0,0,0,1,1,6,2,46,8,1364,1,7,1,1
201420H500224,2,9,0,3,0,2,0,0,0,0,2,1,2,2,20,4,1149,1,6,4,1
201420H500234,1,2,0,13,0,1,0,0,0,0,1,1,2,1,19,4,125,1,1,8,1
201420H500234,2,9,0,9,0,1,0,0,0,0,3,1,6,1,25,5,-1,-1,-1,4,1
201420H500244,1,9,0,18,0,1,0,0,0,0,1,1,6,3,-1,-1,-1,-1,-1,-1,-1
201420H500244,2,4,0,18,0,1,0,0,0,0,2,1,6,1,-1,-1,650,1,14,2,1
201420H500254,1,9,0,10,0,8,0,0,0,0,1,1,1,1,38,7,-1,-1,-1,1,1
201420H500254,2,10,0,18,0,8,0,0,0,0,1,1,1,1,55,8,-1,-1,-1,4,1
201420H500274,1,9,0,9,0,6,0,0,0,0,1,1,2,1,41,7,2979,1,11,5,1
201420H500294,1,9,0,18,0,0,0,0,0,0,1,1,6,1,24,5,1968,2,4,1,1
201420H500314,1,9,0,18,0,1,0,0,0,0,1,1,6,1,29,6,1968,2,4,1,1
201420H500314,2,9,0,18,0,1,0,0,0,0,2,1,6,1,46,8,1999,1,13,1,1
201420H500324,1,9,0,18,0,0,0,0,0,0,3,1,1,1,29,6,1900,2,15,5,2
201420H500334,1,9,0,18,0,0,0,0,0,0,1,1,3,2,27,6,1388,1,5,1,1
201420H500344,1,8,0,12,0,1,0,0,0,0,2,1,1,1,40,7,1598,1,3,2,1
201420H500344,2,9,0,18,0,1,0,0,0,0,1,1,6,1,30,6,1796,1,11,1,1
201420H500364,1,19,0,2,0,1,0,0,0,0,2,1,6,1,46,8,1998,2,10,1,1
201420H500364,2,9,0,14,0,1,0,0,0,0,1,1,6,3,-1,-1,-1,-1,-1,-1,-1
201420H500374,1,9,0,9,0,8,0,0,0,0,2,1,6,2,-1,-1,1248,2,7,8,1
201420H500374,2,9,0,18,0,8,0,0,0,0,1,1,2,2,24,5,1124,1,12,3,1
201420H500554,1,9,0,18,0,8,0,0,0,0,1,1,6,2,58,9,1086,1,10,3,1
201420H500554,2,9,0,9,0,8,0,0,0,0,1,1,6,2,35,6,1248,2,6,1,1
201420H500574,1,9,0,18,0,1,0,0,0,0,1,1,3,2,36,7,1360,1,4,-1,-1
201420H500574,2,9,0,8,0,1,0,0,0,0,2,1,2,1,30,6,1956,2,2,1,1
201420H500624,1,8,0,9,0,5,0,0,0,0,1,1,1,1,34,6,1796,1,6,2,1
201420H500624,2,1,0,18,0,8,0,0,0,0,3,1,2,1,47,8,-1,-1,-1,2,1
201420H500664,1,9,0,18,0,0,5,10,1,0,3,1,6,3,-1,-1,1368,1,5,-1,-1
201420H500664,2,8,0,18,0,0,1,10,1,0,3,1,1,1,35,6,1794,1,7,1,1
201420H500774,1,9,0,5,0,6,0,0,0,0,0,1,6,1,-1,-1,-1,-1,-1,-1,-1
201420H500774,2,2,0,16,0,1,0,0,0,0,2,1,6,1,17,4,49,1,13,3,1
201420H500774,3,2,0,16,0,1,0,0,0,0,1,1,6,1,16,4,49,1,13,4,1
201420H500804,1,9,0,9,0,8,0,0,0,0,1,1,6,1,-1,-1,1339,1,12,-1,-1
201420H500804,2,1,0,18,0,8,0,0,0,0,3,1,6,1,37,7,-1,-1,-1,1,1
201420H500814,1,9,0,9,0,5,0,0,0,0,1,1,6,1,45,7,1398,1,1,2,1
201420H500814,2,3,0,18,0,8,0,0,0,0,3,1,6,1,23,5,124,1,4,1,1
201420H500834,1,9,0,9,0,6,0,0,0,0,1,1,6,2,32,6,1242,1,12,2,1
201420H500834,2,9,0,18,0,8,0,0,0,0,1,1,6,2,39,7,1229,1,3,4,1
201420H500874,1,9,0,4,0,1,0,0,0,0,1,1,2,2,29,6,1461,2,10,1,1
201420H500874,2,1,0,18,0,1,0,0,0,0,3,1,6,1,21,5,-1,-1,-1,1,1
201420H500944,1,9,0,7,0,8,0,0,0,0,1,1,6,1,-1,-1,-1,-1,-1,-1,-1
201420H500994,1,8,0,14,0,0,0,4,0,0,1,1,1,1,-1,-1,1896,2,6,3,1
201420H500994,2,9,0,2,0,0,0,0,0,0,3,1,2,2,-1,-1,-1,-1,-1,2,1
201420H500994,3,9,0,18,0,0,0,10,0,0,1,1,2,1,32,6,2156,1,18,1,1
201420H501004,1,11,0,18,0,1,0,0,0,0,0,1,3,1,64,9,7300,2,7,5,1
201420H501014,1,9,0,13,0,0,0,0,0,0,1,1,6,2,35,6,1598,1,12,1,1
201420H501024,1,9,0,18,0,8,1,10,1,2,3,1,6,2,20,4,1895,1,16,7,2
201420H501034,1,9,0,9,0,6,0,0,0,0,1,1,1,1,25,5,1968,2,5,4,1
201420H501034,2,9,0,18,0,8,1,4,0,0,4,1,6,2,56,9,1975,1,5,4,1
201420H501034,3,10,0,2,0,2,0,0,0,0,3,1,6,1,-1,-1,2500,2,17,-1,-1