Accident_Index,Vehicle_Reference,Vehicle_Type,Towing_and_Articulation,Vehicle_Manoeuvre,Vehicle_Location-Restricted_Lane,Junction_Location,Skidding_and_Overturning,Hit_Object_in_Carriageway,Vehicle_Leaving_Carriageway,Hit_Object_off_Carriageway,1st_Point_of_Impact,Was_Vehicle_Left_Hand_Drive?,Journey_Purpose_of_Driver,Sex_of_Driver,Age_of_Driver,Age_Band_of_Driver,Engine_Capacity_(CC),Propulsion_Code,Age_of_Vehicle,Driver_IMD_Decile,Driver_Home_Area_Type
201420H501034,4,10,0,2,0,2,0,0,0,0,2,1,6,1,-1,-1,-1,-1,-1,-1,-1
201420H501044,1,9,0,5,0,8,0,0,0,0,1,1,6,2,27,6,1242,1,10,2,1
201420H501044,2,9,0,18,0,8,0,0,7,0,1,1,6,1,38,7,1560,2,6,1,1
201420H501054,1,9,0,18,0,1,0,0,0,0,1,1,6,1,-1,-1,-1,-1,-1,-1,-1
201420H501054,2,9,0,3,0,1,0,0,0,0,2,1,6,2,24,5,1398,1,-1,1,1
201420H501064,1,9,0,18,0,0,0,10,1,2,4,1,6,2,19,4,1124,1,8,6,1
201420H501074,1,9,0,9,0,6,0,0,0,0,2,1,6,1,49,8,1896,2,10,9,1
201420H501074,2,9,0,18,0,8,0,0,0,0,3,1,6,1,20,4,1242,1,7,1,1
201420H501074,3,9,0,18,0,8,0,0,0,0,3,1,6,2,57,9,1299,1,13,3,1
201420H501084,1,9,0,18,0,4,0,0,0,0,3,1,1,1,49,8,2993,2,3,6,1
201420H501084,2,1,0,18,0,8,0,0,0,0,1,1,6,1,49,8,-1,-1,-1,4,1
201420H501104,1,9,0,18,0,4,0,0,0,0,1,1,6,1,-1,-1,1870,2,9,5,1
201420H501104,2,1,0,18,0,8,0,0,0,0,2,1,6,1,43,7,-1,-1,-1,4,1
201420H501284,1,9,0,9,0,6,0,0,3,0,3,1,1,1,38,7,-1,-1,-1,1,1
201420H501284,2,19,0,18,0,8,0,0,3,0,1,1,1,1,43,7,-1,-1,-1,2,1
201420H501294,1,20,0,9,0,8,0,0,0,0,1,1,6,1,-1,-1,-1,-1,-1,2,1
201420H501294,2,9,0,5,0,8,0,0,0,0,1,1,6,1,24,5,1360,1,12,1,1
201420H501314,1,9,0,5,9,8,0,0,0,0,1,1,6,2,35,6,1995,2,6,3,1
201420H501314,2,1,0,18,9,8,0,0,0,0,1,1,6,2,21,5,-1,-1,-1,2,1
201420H501324,1,9,0,18,0,5,0,0,0,0,1,1,6,1,49,8,1341,1,11,1,1
201420H501354,1,9,0,9,0,6,0,0,0,0,1,1,1,1,50,8,2143,2,2,4,1
201420H501354,2,9,0,18,0,8,0,0,0,0,4,1,6,1,50,8,1753,2,11,1,1
201420H501364,1,9,0,4,0,1,0,0,0,0,0,1,6,1,30,6,1995,2,4,3,1
201420H501364,2,9,0,18,0,1,2,10,7,7,1,1,6,1,31,6,1796,1,19,1,1
201420H501394,1,9,0,9,0,5,0,0,0,0,1,1,6,3,-1,-1,-1,-1,-1,-1,-1
201420H501404,1,9,0,18,0,0,0,0,0,0,1,1,6,3,-1,-1,-1,-1,-1,-1,-1
201420H501414,1,9,0,4,0,1,0,0,0,0,1,1,6,2,37,7,1896,2,6,7,1
201420H501414,2,1,0,18,0,1,0,0,0,0,2,1,6,1,19,4,-1,-1,-1,5,1
201420H501444,1,9,0,13,0,8,0,0,0,0,1,1,6,1,81,11,1689,2,9,3,1
201420H501444,2,9,0,9,0,8,0,0,0,0,1,1,6,1,31,6,1242,1,16,5,1
201420H501454,1,9,0,9,0,8,0,0,0,0,1,1,6,2,41,7,1596,1,4,-1,1
201420H501454,2,9,0,16,0,8,0,10,1,4,1,1,6,1,26,6,1364,1,9,1,1
201420H501634,1,9,0,18,0,0,0,0,0,0,1,1,2,1,70,10,1587,1,13,1,1
201420H501634,2,9,0,4,0,0,0,0,0,0,2,1,6,1,64,9,1595,1,14,4,1
201420H501674,1,9,0,16,0,2,1,0,0,0,1,1,6,1,20,4,-1,-1,-1,3,1
201420H501674,2,9,0,17,0,1,0,0,1,10,1,1,6,1,58,9,1086,1,8,9,1
201420H501674,3,9,0,17,0,1,0,0,0,0,1,1,6,1,56,9,1598,1,7,4,1
201420H502204,1,9,0,9,0,5,0,0,0,0,1,1,6,1,71,10,1248,1,2,10,1
201420H502204,2,9,0,18,0,8,0,0,0,0,1,1,6,1,26,6,1248,2,10,1,1
201420H509834,1,9,0,9,0,6,0,0,1,0,3,1,6,1,53,8,1242,1,8,7,1
201420H509834,2,9,0,18,0,8,0,0,0,0,1,1,6,3,-1,-1,-1,-1,-1,-1,-1
201420H600284,1,9,0,18,0,8,0,0,7,0,1,1,6,3,-1,-1,1968,2,8,-1,-1
201420H600284,2,9,0,18,0,8,0,0,1,10,1,1,6,1,38,7,1560,2,4,2,1
201420H602904,1,21,1,18,0,0,0,0,0,0,1,2,1,1,48,8,-1,-1,-1,-1,-1
201420H602904,2,9,0,4,0,0,0,0,0,0,2,1,2,1,52,8,1988,2,10,2,1
201420H602904,3,9,0,4,0,0,0,0,0,0,2,1,2,2,52,8,1598,1,10,2,1
201420H602904,4,9,0,4,0,0,0,0,0,0,2,1,2,1,23,5,1242,1,7,9,1
201420H602904,5,9,0,4,0,0,0,0,0,0,2,1,6,1,24,5,1896,2,8,2,1
201420H605514,1,19,0,13,0,1,0,0,0,0,1,1,6,1,21,5,1686,2,11,1,1
201420H605514,2,9,0,7,0,6,0,0,0,0,1,1,6,1,45,7,1997,2,10,1,1
201420H607684,1,9,0,11,0,1,0,0,0,0,1,1,6,1,-1,-1,1388,1,4,-1,-1
201420H607684,2,9,0,18,0,1,0,0,0,0,3,1,6,1,38,7,1796,1,9,8,1
201420J000254,1,9,0,16,0,3,0,0,7,10,1,1,1,1,27,6,2793,1,19,10,1
201420J000254,2,19,0,4,0,4,0,0,0,0,1,1,1,1,43,7,-1,-1,-1,10,1
201420J000404,1,9,0,5,0,1,0,0,0,0,1,1,6,2,-1,-1,-1,-1,-1,-1,-1
201420J000474,1,2,0,18,0,8,0,0,0,0,1,1,6,1,26,6,49,1,15,2,1
201420J000474,2,9,0,9,0,5,0,0,0,0,4,1,6,1,-1,-1,1332,1,9,-1,-1
201420J000534,1,9,0,18,0,8,0,0,0,0,1,1,6,1,19,4,1598,1,11,2,1
201420J000534,2,9,0,18,0,8,0,0,0,0,1,1,6,1,43,7,1997,2,6,2,1
201420J000534,3,9,0,18,0,1,0,0,0,0,0,1,6,1,-1,-1,2993,2,2,-1,-1
201420J000554,1,9,0,5,0,1,0,0,0,0,1,1,6,1,-1,-1,-1,-1,-1,-1,-1
201420J000554,2,9,0,3,0,1,0,0,0,0,2,1,6,2,64,9,1796,1,13,2,1
201420J000564,1,9,0,18,0,8,0,0,0,0,1,1,6,1,-1,-1,1598,1,13,1,1
201420J000564,2,9,0,9,0,8,0,0,0,0,1,1,6,1,18,4,1149,1,4,6,1
201420J000614,1,21,1,9,0,6,0,0,0,0,1,1,6,1,-1,-1,-1,-1,-1,-1,-1
201420J000614,2,9,0,9,0,1,0,0,0,0,2,1,2,1,50,8,1360,1,4,3,1
201420J000644,1,9,0,9,0,5,0,0,0,0,1,1,6,2,40,7,1360,1,10,3,1
201420J000654,1,9,0,18,0,8,0,0,0,0,4,1,2,2,58,9,1995,2,4,9,1
201420J000654,2,11,0,18,0,8,0,0,0,0,1,1,6,1,25,5,8268,2,13,1,1
201420J000744,1,9,0,7,0,5,0,0,0,0,1,1,6,3,21,5,1390,1,10,4,1
201420J000744,2,9,0,18,0,8,0,0,0,0,3,1,1,1,31,6,-1,-1,-1,2,1
201420J000794,1,9,0,18,9,0,0,0,1,0,1,1,6,3,-1,-1,-1,-1,-1,-1,-1
201420J000794,2,1,0,18,9,0,0,0,0,0,1,1,6,1,29,6,-1,-1,-1,1,1
201420J000994,1,11,0,18,0,1,0,0,0,0,1,1,1,1,60,9,7300,2,6,2,1
201420J000994,2,9,0,4,0,1,0,0,0,0,2,1,2,1,24,5,-1,-1,-1,3,1
201420J000994,3,9,0,4,0,1,0,0,0,0,2,1,2,2,46,8,-1,-1,-1,3,1
201420J000994,4,9,0,10,0,1,0,0,0,0,2,1,2,1,51,8,1461,2,3,5,1
201420J001004,1,9,0,7,0,2,0,0,0,0,1,1,6,1,72,10,1870,2,9,7,1
201420J001004,2,9,0,18,0,2,0,0,1,0,4,1,2,1,33,6,1396,1,10,7,1
201420J001024,1,9,0,18,0,0,0,0,0,0,1,1,1,2,37,7,1989,1,14,2,1
201420J001054,1,9,0,18,0,2,0,0,0,0,4,1,3,1,75,10,1951,2,7,5,1
201420J001064,1,9,0,9,0,6,0,0,0,0,1,1,6,1,26,6,1598,1,8,6,1
201420J001064,2,1,0,18,0,8,0,0,0,0,3,1,6,1,39,7,-1,-1,-1,3,1
201420J001074,1,9,0,18,0,1,0,0,0,0,1,1,6,3,-1,-1,1596,1,13,-1,-1
201420J001074,2,9,0,10,0,1,0,0,0,0,2,1,6,1,39,7,1968,2,5,1,1
201420J001084,1,10,0,7,0,2,0,0,0,0,0,1,1,1,47,8,4250,2,13,5,1
201420J001094,1,9,0,9,0,6,0,0,0,0,1,1,2,1,47,8,1997,2,7,2,1
201420J001094,2,9,0,18,0,8,0,0,1,2,2,1,2,2,58,9,1396,1,12,10,1
201420J001264,1,21,4,9,0,2,0,0,0,0,1,1,6,1,53,8,12777,2,6,4,1
201420J001264,2,9,0,9,0,2,0,0,0,0,3,1,6,2,70,10,1242,1,14,6,1
201420J001354,1,9,0,18,0,1,0,0,0,0,1,1,6,1,-1,-1,-1,-1,-1,-1,-1
201420J001354,2,9,0,3,0,1,0,0,0,0,2,1,6,1,75,10,1390,1,12,3,1
201420J001394,1,9,0,18,0,2,0,0,0,0,1,1,6,2,-1,-1,1796,1,7,4,1
201420J001394,2,9,0,3,0,2,0,0,0,0,2,1,1,2,22,5,1396,1,13,4,1
201420J001414,1,9,0,18,0,0,0,4,0,0,1,1,6,2,18,4,998,1,1,5,1
201420J001414,2,9,0,2,0,0,0,0,0,0,2,1,6,2,54,8,1997,1,12,2,1
201420J001444,1,9,0,5,0,0,0,0,0,0,0,1,6,2,-1,-1,1332,1,5,-1,-1
201420J001444,2,1,0,18,0,0,0,10,0,0,1,1,6,1,17,4,-1,-1,-1,10,1
201420J001494,1,9,0,9,0,6,0,0,0,0,3,1,1,1,55,8,1997,2,12,2,1
201420J001494,2,9,0,17,0,8,0,0,0,0,1,1,6,1,86,11,995,1,10,10,1
201420J001504,1,9,0,16,0,2,5,10,7,0,1,1,6,1,22,5,1229,1,2,3,1
201420J001514,1,9,0,5,0,6,0,0,0,0,1,1,6,1,58,9,1461,2,10,7,1
201420J001514,2,3,0,18,0,8,0,0,0,0,4,1,1,1,20,4,124,1,9,5,1
201420J001524,1,9,0,18,0,0,0,0,0,0,1,1,6,2,-1,-1,998,1,14,-1,-1
201420J001544,1,9,0,16,0,0,0,0,0,0,1,1,6,1,-1,-1,-1,-1,-1,-1,-1
201420J001544,2,9,0,16,0,0,0,0,0,0,1,1,1,2,44,7,2143,2,2,-1,-1
201420J001544,3,9,0,16,0,0,0,0,0,0,4,1,1,2,47,8,1229,1,8,10,1
201420J001554,1,9,0,18,0,0,1,0,0,0,1,1,2,2,34,6,1798,1,9,1,1
201420J001554,2,9,0,3,0,0,0,0,0,0,2,1,3,1,38,7,1598,1,13,2,1
201420J001584,1,9,0,9,0,5,0,0,0,0,1,1,6,2,22,5,1242,1,12,3,1
201420J001584,2,9,0,18,0,8,0,0,0,0,1,1,6,2,51,8,1124,1,7,5,1
201420J001634,1,9,0,18,0,1,0,0,7,10,1,1,6,1,23,5,1124,1,9,10,1
201420J001634,2,9,0,18,0,2,0,0,0,0,4,1,6,2,20,4,998,1,5,7,1
201420J001704,1,9,0,9,0,6,0,0,0,0,1,1,2,2,29,6,999,1,10,4,1
201420J001704,2,9,0,18,0,8,0,0,0,0,4,1,3,2,41,7,1598,1,9,2,1
201420J001864,1,9,0,9,0,6,0,0,0,0,1,1,6,1,41,7,2987,2,4,10,1
201420J001984,1,9,0,5,0,1,0,0,0,0,1,1,6,2,-1,-1,-1,-1,-1,-1,-1
201420J002024,1,9,0,9,0,2,0,0,1,0,1,1,6,2,60,9,1329,1,5,10,1
201420J002024,2,9,0,18,0,1,0,0,0,0,1,1,1,1,30,6,2979,1,13,3,1
201420J002044,1,21,1,18,0,3,0,0,0,0,1,1,2,1,57,9,12900,2,5,1,1
201420J002044,2,9,0,7,0,3,0,0,0,0,2,1,1,2,27,6,1229,1,3,4,1
201420J002124,1,90,0,18,0,8,0,0,0,0,4,1,1,1,37,7,-1,-1,-1,2,1
201420J002124,2,9,0,7,0,8,0,0,0,0,1,1,6,1,30,6,1398,1,2,1,1
201420J002134,1,9,5,5,0,4,0,0,0,0,0,1,6,1,47,8,2204,2,7,10,1
201420J002134,2,9,0,5,0,4,0,0,0,0,2,1,6,1,25,5,-1,-1,-1,2,1
201420J002134,3,8,0,5,0,4,0,0,0,0,1,1,6,1,33,6,1997,2,9,2,1
201420J002144,1,9,0,7,0,1,0,0,0,0,1,1,2,2,22,5,1328,1,7,7,1
201420J002144,2,5,0,8,0,1,0,0,0,0,2,1,2,1,31,6,599,1,16,8,1
201420J002154,1,5,0,4,0,0,1,0,0,0,1,1,2,1,34,6,599,1,11,2,1
201420J002154,2,19,0,4,0,0,0,0,0,0,2,1,1,1,46,8,2198,2,3,3,1
201420J002164,1,9,0,12,0,0,1,7,4,6,3,1,2,2,27,6,1598,1,11,6,1
201420J002164,2,9,0,18,0,0,1,7,4,6,4,1,6,1,65,9,1199,1,13,-1,-1
201420J002174,1,3,0,14,0,1,2,10,7,0,1,1,6,1,29,6,124,1,4,6,1
201420J002174,2,9,0,3,0,1,0,0,0,0,3,1,1,1,53,8,1199,2,2,3,1
201420J002324,1,9,0,18,0,2,0,0,0,0,1,1,6,2,46,8,1598,1,12,1,1
201420J002324,2,9,0,18,0,1,0,0,0,0,1,1,6,1,31,6,1997,2,11,3,1
201420J002324,3,19,0,2,0,2,0,0,0,0,3,1,6,1,41,7,2148,2,9,2,1
201420J002334,1,9,0,17,0,0,1,0,0,0,1,1,6,1,18,4,1199,1,10,5,1
201420J002334,2,19,0,2,9,0,0,0,0,0,2,1,6,3,37,7,1870,2,10,6,1
201420J002344,1,9,0,9,0,6,0,0,0,0,4,1,6,1,47,8,1364,1,9,9,1
201420J002344,2,3,0,18,0,8,1,0,0,0,1,1,6,1,17,4,124,1,4,3,1
201420J002354,1,9,0,18,0,0,0,0,0,0,1,1,6,3,-1,-1,-1,-1,-1,-1,-1
201420J002404,1,9,0,9,0,6,0,0,0,0,3,1,1,1,24,5,1900,2,8,7,1
201420J002404,2,9,0,18,0,8,0,0,0,0,1,1,2,2,52,8,996,1,4,2,1
201420J002424,1,9,0,18,0,0,0,0,0,0,3,1,6,2,81,11,1360,1,9,9,1
201420J002454,1,9,0,18,0,1,0,0,0,0,1,1,6,1,-1,-1,-1,-1,-1,-1,-1
201420J002454,2,9,0,3,0,1,0,0,0,0,2,1,6,2,44,7,1679,1,17,6,1
201420J002534,1,9,0,16,0,4,0,0,0,0,4,1,6,2,-1,-1,1699,1,9,8,1
201420J002534,2,1,0,15,0,4,0,0,0,0,3,1,1,1,-1,-1,-1,-1,-1,10,1
201420J002544,1,9,0,7,0,4,0,0,0,0,1,1,2,1,43,7,1598,1,14,2,1
201420J002544,2,1,0,18,0,3,0,0,0,0,2,1,2,1,30,6,-1,-1,-1,3,1
201420J002564,1,19,0,18,0,1,0,0,0,0,1,1,6,1,-1,-1,2148,2,8,-1,-1
201420J002564,2,9,0,4,0,1,0,0,0,0,2,1,1,1,37,7,998,1,1,-1,1
201420J002624,1,9,0,17,0,1,0,7,0,0,1,1,6,1,89,11,1124,1,10,5,1
201420J002674,1,9,0,18,0,8,0,0,0,0,1,1,6,1,17,4,1242,1,17,-1,-1
201420J002674,2,9,0,9,0,8,0,0,0,0,1,1,6,1,85,11,1299,1,13,4,1
201420J002684,1,9,0,18,0,0,0,0,0,0,1,1,3,2,32,6,1242,1,7,4,1
201420J002744,1,9,0,18,0,3,0,0,0,0,2,1,6,3,-1,-1,-1,-1,-1,-1,-1
201420J002744,2,9,0,7,0,3,0,0,0,0,1,1,2,2,37,7,1364,1,9,7,1
201420J002744,3,9,0,7,0,3,0,0,0,0,1,1,1,1,28,6,-1,-1,-1,1,1
201420J002774,1,9,0,18,0,8,0,0,0,0,1,1,6,1,29,6,1124,1,13,1,1
201420J002774,2,9,0,9,0,8,0,0,0,0,1,1,2,1,23,5,2793,1,14,3,1
201420J002794,1,11,0,5,0,4,0,0,0,0,1,1,1,1,49,8,11967,2,16,1,1
201420J002794,2,3,0,5,0,4,0,0,0,0,2,1,2,1,57,9,124,1,1,1,1
201420J002804,1,9,0,5,0,0,0,0,0,0,4,1,6,1,34,6,1995,2,12,1,1
201420J002814,1,5,0,18,0,1,2,0,0,0,1,1,6,1,40,7,998,1,-1,4,1
201420J002814,2,9,0,10,0,1,0,0,0,0,2,1,6,2,22,5,1349,1,1,4,1
201420J002824,1,9,0,18,0,8,0,0,0,0,1,1,6,1,25,5,1299,1,12,2,1
201420J002824,2,9,0,9,0,5,0,0,0,0,2,1,6,1,25,5,1390,1,7,9,1
201420J002854,1,9,0,16,0,0,0,0,0,0,3,1,6,1,35,6,1598,1,16,2,1
201420J002854,2,9,0,18,0,0,0,0,0,0,1,1,6,1,57,9,1796,1,12,3,1
201420J002894,1,9,0,14,0,8,0,0,7,1,1,1,1,1,-1,-1,1956,2,1,-1,-1
201420J002894,2,9,0,9,0,5,0,0,0,0,1,1,6,1,27,6,1796,1,6,3,1
201420J002904,1,9,0,18,9,0,0,10,1,3,3,1,6,1,20,4,1398,2,11,2,1
201420J002934,1,9,0,18,0,1,1,0,0,0,1,1,6,1,38,7,1300,1,19,4,1
201420J002934,2,9,0,9,0,6,1,0,0,0,3,1,6,1,33,6,1390,1,11,2,1
201420J002934,3,19,0,2,0,2,0,0,0,0,1,1,6,1,57,9,2143,2,4,4,1
201420J002934,4,9,0,18,0,1,0,0,0,0,0,1,6,1,26,6,2993,2,2,7,1
201420J002994,1,9,0,7,0,4,0,0,0,0,3,1,1,1,26,6,2616,1,8,1,1
201420J002994,2,3,0,18,0,8,0,0,0,0,1,1,6,1,57,9,125,1,14,1,1
201420J003094,1,9,0,18,0,0,1,10,1,2,4,1,6,1,21,5,1781,1,15,5,1
201420J003124,1,11,0,5,0,2,0,0,0,0,0,1,1,1,49,8,6700,2,5,1,1
201420J003264,1,90,0,5,0,0,0,0,0,0,1,1,1,1,-1,-1,-1,-1,-1,-1,-1
201420J003324,1,9,0,1,0,2,0,0,0,0,2,1,3,1,68,10,1796,2,1,9,1
201420J003334,1,9,0,5,0,4,0,0,0,0,3,1,6,2,45,7,1587,1,11,5,1
201420J003334,2,3,0,18,0,4,0,0,0,0,4,1,6,1,-1,-1,98,1,24,1,1
201420J003344,1,9,0,18,0,0,0,0,0,0,1,1,6,1,29,6,1994,1,8,2,1
201420J003344,2,3,0,18,0,0,0,0,0,0,1,1,6,1,23,5,124,1,-1,2,1
201420J003354,1,9,0,18,0,0,1,0,0,0,1,1,3,2,41,7,1242,1,15,6,1
201420J003354,2,9,0,3,0,0,0,0,0,0,2,1,2,1,31,6,1229,1,7,8,1
201420J003354,3,5,0,18,0,0,0,0,0,0,0,1,2,1,46,8,599,1,23,9,3
201420J003364,1,9,0,5,0,4,0,0,0,0,1,1,1,2,39,7,1461,2,1,6,1
201420J003364,2,1,0,18,0,3,0,0,0,0,2,1,6,1,54,8,-1,-1,-1,3,1
201420J003374,1,9,0,4,0,8,1,0,1,2,1,1,6,1,26,6,1781,1,15,7,1
201420J003374,2,9,0,18,0,8,0,0,0,0,4,1,6,2,34,6,1598,1,6,5,1
201420J003404,1,9,0,9,0,4,1,0,0,0,1,1,6,3,-1,-1,-1,-1,-1,-1,-1
201420J003404,2,9,0,18,0,3,0,7,7,0,4,1,6,1,36,7,1796,1,8,1,1
201420J003474,1,11,0,4,0,0,0,0,0,0,0,1,1,1,38,7,-1,-1,-1,2,1
201420J003554,1,9,0,3,0,1,0,0,0,0,2,1,2,1,44,7,1896,2,13,2,1
201420J003554,2,9,0,18,0,1,0,0,0,0,1,1,6,1,-1,-1,1997,2,5,3,1
201420J003624,1,9,0,18,0,8,0,0,0,0,1,1,6,1,92,11,1329,1,2,7,1
201420J003624,2,9,0,8,0,8,0,0,0,0,2,1,6,1,46,8,2987,2,4,9,1
201420J003634,1,9,0,18,0,0,0,10,7,10,4,1,6,2,83,11,1749,1,10,7,3
201420J003634,2,9,0,18,0,0,0,0,0,0,1,1,6,1,67,10,1461,2,1,5,1
201420J003644,1,9,0,9,0,2,0,0,0,0,0,1,6,1,-1,-1,-1,-1,-1,-1,-1
201420J003644,2,3,0,18,0,1,2,0,0,0,0,1,6,2,28,6,125,1,3,5,1
201420J003664,1,9,0,18,0,0,0,0,0,0,1,1,6,1,37,7,1910,2,6,7,1
201420J003664,2,90,0,2,0,0,0,0,0,0,4,1,6,1,-1,-1,-1,-1,-1,1,1
201420J003674,1,9,0,18,0,8,0,0,0,0,1,1,6,1,31,6,1242,1,4,7,1
201420J003674,2,9,0,9,0,8,0,0,0,0,1,1,6,2,25,5,1296,1,8,2,1
201420J003694,1,9,0,9,0,8,0,0,0,0,4,1,6,2,61,9,1198,1,4,5,1
201420J003694,2,3,0,18,0,8,0,0,0,0,1,1,6,1,19,4,124,1,12,6,1
201420J003704,1,9,0,18,0,0,0,0,1,0,1,1,6,2,72,10,1598,1,16,3,1
201420J003704,2,9,0,18,0,0,0,0,0,0,2,1,6,2,41,7,1997,2,12,3,1
201420J003744,1,11,0,18,2,8,0,0,0,0,1,1,1,1,54,8,7300,2,2,5,1
201420J003824,1,9,0,18,0,8,0,7,1,7,1,1,1,2,37,7,1596,1,6,1,1
201420J003824,2,9,0,9,0,8,0,0,0,0,1,1,6,1,74,10,1596,1,9,7,1
201420J003834,1,9,0,16,0,1,2,4,1,1,1,1,6,1,26,6,-1,-1,-1,-1,1
201420J003834,2,9,0,2,0,2,0,0,0,0,1,1,6,1,52,8,1560,2,4,7,1
201420J003834,3,9,0,2,0,2,0,0,0,0,1,1,6,2,54,8,1598,1,15,7,1
201420J003914,1,9,0,5,0,4,0,0,0,0,1,1,6,2,37,7,1332,1,4,3,1
201420J003914,2,1,0,5,0,4,0,0,0,0,1,1,6,1,53,8,-1,-1,-1,5,1
201420J003924,1,9,0,6,0,2,1,0,0,0,4,1,6,1,23,5,1149,1,15,1,1
201420J003924,2,9,0,18,0,2,1,0,0,0,1,1,6,1,18,4,-1,-1,-1,4,1
201420J003954,1,9,0,9,0,6,0,0,0,0,3,1,6,1,67,10,1991,2,9,4,1
201420J003954,2,9,0,18,0,8,1,0,0,0,1,1,1,1,60,9,-1,-1,-1,1,1
201420J003974,1,9,0,18,0,0,0,0,0,0,1,1,2,1,21,5,1560,2,4,10,1
201420J003974,2,9,0,3,0,0,0,0,0,0,2,1,2,1,46,8,1796,1,14,1,1
201420J003974,3,9,0,3,0,0,0,0,0,0,2,1,2,2,48,8,998,1,4,1,1
201420J003984,1,19,0,18,0,1,0,0,0,0,1,1,1,1,47,8,2402,2,4,-1,-1
201420J003984,2,9,0,4,0,1,0,0,0,0,2,1,6,1,44,7,2180,2,20,1,1
201420J003984,3,9,0,4,0,1,0,0,0,0,2,1,6,1,52,8,1598,1,3,7,1
201420J004154,1,9,0,18,0,1,0,0,0,0,1,1,6,2,-1,-1,1870,2,3,7,1
201420J004154,2,9,0,3,0,1,0,0,0,0,2,1,2,1,29,6,1956,2,1,10,1
201420J004164,1,9,0,18,0,0,1,0,0,0,1,1,2,2,47,8,1124,1,8,3,1
201420J004184,1,9,0,5,0,0,0,0,0,0,4,1,1,1,35,6,-1,-1,-1,5,1
201420J004204,1,9,0,18,0,0,1,0,0,0,1,1,6,1,21,5,1896,2,9,9,1
201420J004204,2,9,0,4,0,0,0,0,0,0,2,1,6,2,61,9,1149,1,3,8,1
201420J004204,3,9,0,18,0,0,0,0,0,0,1,1,6,2,72,10,1360,1,11,-1,-1
201420J004214,1,2,0,7,0,2,0,0,0,0,1,1,2,1,20,4,49,1,5,8,1
201420J004214,2,9,0,3,0,2,0,0,0,0,2,1,1,1,48,8,1968,2,2,6,1
201420J004224,1,11,0,18,0,1,0,0,0,0,1,1,3,1,36,7,-1,2,16,6,1
201420J004224,2,9,0,3,0,1,0,0,0,0,2,1,6,1,49,8,1392,1,16,4,1
201420J004344,1,9,0,9,0,5,0,0,0,0,1,1,6,1,54,8,1796,1,13,2,1
201420J004344,2,9,0,18,0,8,0,0,0,0,1,1,6,2,33,6,998,1,5,7,1
201420J004384,1,9,0,9,0,6,0,0,0,0,1,1,6,1,36,7,2902,2,10,1,1
201420J004384,2,1,0,18,0,8,0,0,0,0,3,1,1,1,53,8,-1,-1,-1,2,1
201420J004444,1,9,0,18,0,0,2,10,8,10,1,1,6,1,-1,-1,1149,1,11,-1,-1
201420J004444,2,9,0,18,0,0,0,0,0,0,1,1,6,1,44,7,1997,2,11,1,1
201420J004474,1,8,0,12,0,0,0,0,0,0,3,1,1,1,59,9,1896,2,8,3,1
201420J004474,2,9,0,18,0,0,0,10,0,0,4,1,1,2,48,8,1240,1,11,2,1
201420J004484,1,9,0,4,0,1,0,0,0,0,1,1,6,2,22,5,1229,1,8,3,1
201420J004484,2,9,0,3,0,1,0,0,0,0,2,1,6,1,57,9,1560,2,4,9,1
201420J004514,1,9,0,18,0,1,0,0,0,0,1,1,6,1,47,8,1560,2,1,3,1
201420J004524,1,9,0,12,0,0,0,0,0,0,4,1,6,1,57,9,1998,2,8,-1,-1
201420J004524,2,9,0,18,0,0,0,0,7,10,2,1,6,2,42,7,1997,2,15,2,1
201420J004544,1,8,0,18,0,0,0,0,0,0,3,1,6,1,42,7,1997,2,10,1,1
201420J004564,1,9,0,18,0,2,0,10,1,1,1,1,6,1,54,8,1360,1,10,3,1
201420J004594,1,9,0,9,0,5,0,0,0,0,1,1,6,3,-1,-1,-1,-1,-1,-1,-1
201420J004594,2,3,0,18,0,8,0,0,0,0,3,1,2,1,47,8,124,1,5,3,1
201420J004604,1,9,0,6,0,8,0,0,0,0,1,1,6,1,30,6,1149,1,11,1,1
201420J004604,2,9,0,18,0,8,0,0,1,1,1,1,6,1,28,6,1956,2,4,3,1
201420J004614,1,9,0,18,0,3,0,0,1,2,1,1,6,1,19,4,1242,1,11,7,1
201420J004634,1,19,0,18,0,0,0,10,7,10,1,1,1,1,31,6,2402,2,9,2,1
201420J004644,1,9,0,18,0,4,0,0,0,0,1,1,6,1,-1,-1,-1,-1,-1,7,1
201420J004644,2,1,0,18,0,4,0,0,0,0,4,1,6,1,42,7,-1,-1,-1,10,1
201420J004654,1,9,0,9,0,8,0,0,0,0,1,1,3,1,70,10,1984,1,22,3,1
201420J004654,2,9,0,18,0,8,0,10,7,2,4,1,6,1,-1,-1,1398,1,3,7,1
201420J004664,1,9,0,5,9,6,0,0,0,0,1,1,6,1,-1,-1,1999,1,8,3,1
201420J004694,1,9,0,18,0,1,1,10,1,10,1,1,6,1,44,7,2792,1,11,7,1
201420J004694,2,9,0,5,0,6,0,0,7,0,2,1,1,1,28,6,1956,2,2,-1,-1