Accident_Index,Vehicle_Reference,Vehicle_Type,Towing_and_Articulation,Vehicle_Manoeuvre,Vehicle_Location-Restricted_Lane,Junction_Location,Skidding_and_Overturning,Hit_Object_in_Carriageway,Vehicle_Leaving_Carriageway,Hit_Object_off_Carriageway,1st_Point_of_Impact,Was_Vehicle_Left_Hand_Drive?,Journey_Purpose_of_Driver,Sex_of_Driver,Age_of_Driver,Age_Band_of_Driver,Engine_Capacity_(CC),Propulsion_Code,Age_of_Vehicle,Driver_IMD_Decile,Driver_Home_Area_Type
201420J004764,1,9,0,18,0,0,1,0,0,0,1,1,6,1,24,5,1199,1,14,4,1
201420J004784,1,9,0,14,0,8,0,0,0,0,1,1,6,1,59,9,1598,1,5,5,1
201420J004784,2,19,0,9,0,8,0,0,0,0,1,1,1,1,25,5,2187,2,9,2,1
201420J004784,3,11,0,4,0,8,0,0,0,0,3,1,1,1,29,6,6700,2,5,5,1
201420J004804,1,5,0,18,0,8,1,0,0,0,4,1,2,1,51,8,600,1,17,5,1
201420J004804,2,9,0,5,0,8,0,0,0,0,1,1,6,1,-1,-1,-1,-1,-1,-1,-1
201420J004814,1,19,0,9,0,8,0,0,0,0,3,1,1,1,24,5,2143,2,1,2,1
201420J004814,2,5,0,13,0,8,0,0,0,0,1,1,2,1,53,8,998,1,6,3,1
201420J004834,1,9,0,16,0,0,1,6,7,10,1,1,6,1,23,5,1388,1,10,2,1
201420J004904,1,11,0,7,0,8,0,0,0,0,0,1,1,1,60,9,8268,2,10,5,1
201420J004904,2,9,0,18,0,1,0,0,0,0,0,1,6,3,-1,-1,-1,-1,-1,-1,-1
201420J004984,1,19,0,18,0,0,0,0,0,0,1,1,6,1,-1,-1,-1,-1,-1,-1,-1
201420J004984,2,9,0,3,0,0,0,0,0,0,2,1,6,2,21,5,1149,1,10,8,1
201420J004994,1,9,0,18,0,1,0,0,0,0,1,1,6,1,41,7,-1,-1,-1,4,1
201420J004994,2,9,0,3,0,1,0,0,0,0,2,1,6,1,47,8,1995,2,2,4,1
201420J005014,1,9,0,18,0,0,0,0,0,0,1,1,2,1,41,7,1753,2,12,6,1
201420J005024,1,9,0,18,0,2,0,0,3,1,1,1,6,2,82,11,1796,1,9,7,1
201420J005024,2,9,0,18,0,2,0,0,1,10,1,1,6,2,23,5,1368,1,5,10,1
201420J005054,1,9,0,9,0,8,0,0,0,0,1,1,6,1,28,6,1299,1,18,8,1
201420J005054,2,3,0,18,0,8,0,0,1,10,1,1,6,1,23,5,124,1,12,1,1
201420J005084,1,9,0,18,0,8,0,0,0,0,1,1,6,1,-1,-1,973,1,12,-1,-1
201420J005084,2,9,0,10,0,8,0,0,0,0,2,1,6,2,36,7,1968,2,5,6,1
201420J005094,1,9,0,9,0,3,0,0,0,0,1,1,1,2,26,6,1229,1,5,10,1
201420J005104,1,9,0,9,0,8,0,0,0,0,1,1,6,1,20,4,1199,1,11,2,1
201420J005104,2,9,0,3,0,8,0,0,0,0,2,1,6,1,51,8,1686,2,13,4,1
201420J005104,3,9,0,3,0,8,0,0,0,0,2,1,6,2,50,8,998,1,1,6,1
201420J005204,1,9,0,18,0,0,0,0,0,0,1,1,1,1,50,8,-1,-1,-1,2,1
201420J005214,1,9,0,18,0,1,0,0,0,0,1,1,6,3,-1,-1,-1,-1,-1,-1,-1
201420J005224,1,9,0,9,0,6,0,0,0,0,1,1,6,1,19,4,-1,-1,-1,2,1
201420J005224,2,3,0,18,0,4,0,10,0,0,4,1,6,1,32,6,-1,-1,-1,3,1
201420J005234,1,5,0,4,0,1,0,0,0,0,1,1,6,1,44,7,998,1,9,4,1
201420J005234,2,9,0,7,0,1,0,0,0,0,4,1,6,1,30,6,2967,1,15,7,1
201420J005244,1,9,0,5,0,2,0,0,0,0,1,1,6,1,24,5,1910,2,7,1,1
201420J005264,1,9,0,18,0,1,0,0,0,0,1,1,6,1,45,7,1598,1,14,3,1
201420J005264,2,9,0,3,0,1,0,0,0,0,2,1,6,1,21,5,1596,1,-1,1,1
201420J005274,1,9,0,18,0,0,1,10,6,0,4,1,6,1,21,5,1998,1,8,4,1
201420J005274,2,9,0,18,0,0,0,0,0,0,1,1,6,1,23,5,-1,-1,-1,7,1
201420J005284,1,9,0,9,0,6,0,10,3,10,1,1,6,1,21,5,1391,1,19,8,1
201420J005284,2,9,0,2,9,8,0,0,0,0,4,1,6,2,-1,-1,1298,1,8,-1,-1
201420J005284,3,9,0,2,9,8,0,0,0,0,4,1,6,1,-1,-1,1781,1,9,2,1
201420J005294,1,9,0,9,0,5,0,0,0,0,4,1,6,1,35,6,2521,1,4,1,1
201420J005294,2,3,0,18,0,8,0,0,0,0,1,1,2,2,41,7,125,1,3,1,1
201420J005314,1,9,0,5,0,6,0,0,0,0,4,1,6,1,22,5,1968,2,1,10,1
201420J005314,2,9,0,18,0,8,0,0,0,0,1,1,1,2,34,6,1124,1,13,3,1
201420J005354,1,9,0,13,0,8,0,0,1,0,1,1,6,1,26,6,998,1,18,-1,-1
201420J005354,2,9,0,9,0,5,0,0,0,0,1,1,6,1,36,7,1998,1,15,2,1
201420J005364,1,9,0,18,0,8,0,0,0,0,1,1,6,2,19,4,1390,1,-1,9,2
201420J005364,2,9,0,9,0,6,0,0,0,0,3,1,6,2,36,7,1461,2,2,5,1
201420J005374,1,21,1,17,0,8,0,0,0,0,1,1,1,1,32,6,10518,2,1,2,1
201420J005374,2,3,0,18,0,8,5,0,7,0,4,1,6,1,27,6,124,1,-1,4,1
201420J005554,1,11,0,5,0,0,0,0,0,0,0,1,1,1,52,8,4461,2,1,9,1
201420J005564,1,9,0,18,0,0,1,10,1,10,3,1,6,1,18,4,1242,1,8,10,1
201420J005564,2,9,0,18,0,0,0,0,0,0,1,1,6,2,37,7,1596,1,12,6,2
201420J005574,1,9,0,1,0,0,0,0,1,10,1,1,6,2,63,9,1991,2,5,2,1
201420J005574,2,9,0,2,0,0,0,0,0,0,2,1,6,1,64,9,1461,2,3,2,1
201420J005584,1,9,0,18,0,0,0,0,0,0,1,1,6,2,70,10,1998,1,10,4,1
201420J005584,2,9,0,18,0,0,0,0,0,0,1,1,6,1,48,8,1598,1,12,8,1
201420J005594,1,9,0,7,0,2,0,0,0,0,1,1,6,1,18,4,1364,1,7,2,1
201420J005614,1,9,0,18,0,0,1,10,1,10,1,1,6,3,-1,-1,2000,1,14,-1,-1
201420J005624,1,19,0,9,0,2,0,0,0,0,4,1,1,1,26,6,2198,2,1,-1,-1
201420J005624,2,1,0,18,9,2,0,0,0,0,3,1,4,1,14,3,-1,-1,-1,2,1
201420J005694,1,9,0,18,0,0,0,10,1,0,1,1,2,2,32,6,1149,1,9,3,1
201420J005714,1,9,0,12,0,1,1,0,0,0,1,1,6,1,25,5,1598,1,13,3,1
201420J005724,1,9,0,18,0,1,0,0,0,0,1,1,2,2,66,10,1229,1,-1,8,3
201420J005724,2,1,0,18,0,1,0,0,0,0,1,1,6,2,10,2,-1,-1,-1,7,1
201420J005734,1,9,0,1,0,6,0,0,0,0,3,1,6,2,-1,-1,1389,1,15,-1,-1
201420J005744,1,9,0,9,0,8,0,0,0,0,4,1,6,2,27,6,1587,1,11,1,1
201420J005744,2,3,0,18,0,8,0,0,0,0,1,1,6,1,18,4,124,1,-1,8,1
201420J005754,1,9,0,18,0,0,0,0,0,0,1,1,6,1,39,7,1796,1,7,7,1
201420J005754,2,19,0,18,0,0,0,0,0,0,2,1,1,1,28,6,2496,2,16,9,1
201420J005764,1,9,0,13,0,1,1,10,1,0,3,1,6,1,34,6,2656,1,9,3,1
201420J005764,2,9,0,4,0,1,0,0,0,0,3,1,6,1,39,7,-1,-1,-1,1,1
201420J005974,1,9,0,18,0,0,0,0,0,0,1,1,6,1,70,10,1834,1,13,2,1
201420J005984,1,3,0,18,0,2,0,0,0,0,1,1,6,1,17,4,124,1,5,7,1
201420J006004,1,9,0,9,9,8,0,0,0,0,1,1,6,1,35,6,1995,2,4,5,1
201420J006004,2,1,0,18,9,8,0,0,0,0,1,1,1,2,13,3,-1,-1,-1,6,1
201420J006014,1,9,0,6,0,2,0,0,0,0,3,1,6,1,19,4,1398,2,12,2,1
201420J006014,2,3,0,18,0,2,2,0,0,0,1,1,6,1,-1,-1,124,1,-1,3,1
201420J006064,1,8,0,5,0,0,0,0,0,0,0,1,1,1,-1,-1,-1,-1,-1,-1,-1
201420J006074,1,11,0,5,0,1,0,0,0,0,0,1,1,2,26,6,-1,-1,-1,2,1
201420J006074,2,9,0,4,0,1,0,0,0,0,0,1,6,3,-1,-1,-1,-1,-1,-1,-1
201420J006094,1,1,0,7,0,6,0,0,0,0,1,1,6,1,18,4,-1,-1,-1,2,1
201420J006094,2,9,0,9,0,8,0,0,0,0,1,1,6,1,-1,-1,1995,2,6,4,1
201420J006104,1,9,0,9,0,6,0,0,0,0,1,1,6,1,56,9,1240,1,8,3,1
201420J006114,1,9,0,9,0,8,0,0,0,0,4,1,6,1,30,6,1560,2,9,2,1
201420J006114,2,9,0,18,0,8,0,0,0,0,1,1,6,1,26,6,1968,2,10,10,1
201420J006144,1,9,0,18,0,1,0,0,0,0,1,1,1,1,55,8,1686,2,4,2,1
201420J006144,2,9,0,3,0,1,0,0,0,0,2,1,1,1,43,7,2982,2,4,5,1
201420J006144,3,9,0,3,0,1,0,0,0,0,2,1,2,2,43,7,1242,1,7,7,1
201420J006174,1,8,0,5,4,0,0,0,0,0,4,1,2,3,-1,-1,1686,2,12,-1,-1
201420J006174,2,1,0,17,0,0,0,0,0,0,3,1,6,1,41,7,-1,-1,-1,3,1
201420J006204,1,9,0,9,0,1,0,0,0,0,2,1,6,2,18,4,1360,1,3,8,1
201420J006204,2,19,0,18,0,1,0,0,0,0,1,1,6,1,-1,-1,1997,2,13,-1,-1
201420J006214,1,9,0,18,0,0,1,10,7,10,4,1,6,1,28,6,2600,1,19,2,1
201420J006264,1,9,0,4,0,0,0,10,1,2,1,1,3,2,39,7,1998,2,3,2,1
201420J006284,1,9,0,18,0,1,0,0,0,0,1,1,6,1,25,5,1229,1,8,6,1
201420J006284,2,9,0,18,0,1,0,0,0,0,2,1,6,3,-1,-1,1997,1,12,-1,-1
201420J006294,1,9,0,9,0,6,0,0,0,0,1,1,6,1,41,7,1968,2,7,10,1
201420J006294,2,9,0,14,0,8,0,0,0,0,4,1,6,1,32,6,1124,1,13,2,1
201420J006314,1,19,0,18,0,1,0,0,0,0,1,1,1,1,22,5,2143,2,-1,8,1
201420J006314,2,9,0,18,0,1,0,0,0,0,2,1,6,1,18,4,1199,1,10,7,2
201420J006314,3,9,0,18,0,1,0,0,0,0,2,1,6,2,28,6,1596,1,4,9,1
201420J006324,1,9,0,17,0,0,1,10,2,10,1,1,6,1,42,7,2498,1,14,3,1
201420J006334,1,9,0,13,0,0,2,10,1,4,4,1,6,1,18,4,1388,1,10,3,1
201420J006334,2,9,0,18,0,0,0,0,0,0,0,1,6,1,18,4,-1,-1,-1,5,1
201420J006344,1,9,0,18,0,0,0,0,0,0,3,1,6,1,-1,-1,1386,1,8,-1,-1
201420J006344,2,9,0,18,0,0,0,0,0,0,4,1,6,1,43,7,1781,1,10,2,1
201420J006354,1,5,0,18,0,3,0,0,0,0,1,1,2,1,48,8,600,1,12,3,1
201420J006354,2,9,0,9,0,3,0,0,0,0,3,1,1,1,53,8,1984,2,8,1,1
201420J006434,1,9,0,18,0,8,0,0,0,0,1,1,6,1,60,9,996,1,-1,5,1
201420J006434,2,9,0,17,0,8,0,0,0,0,1,1,6,1,46,8,1679,1,13,2,1
201420J006494,1,9,0,18,0,0,0,10,7,10,1,1,6,1,77,11,1388,1,13,2,1
201420J006534,1,9,0,18,9,0,0,10,7,0,1,1,6,1,17,4,999,1,1,10,1
201420J006594,1,9,0,18,0,8,0,0,1,0,4,1,1,1,27,6,1368,1,4,3,1
201420J006604,1,9,0,4,0,1,0,0,0,0,1,1,6,1,74,10,1769,1,9,8,1
201420J006604,2,9,0,3,0,1,0,0,0,0,2,1,1,2,44,7,1685,2,1,8,1
201420J006614,1,3,0,18,0,8,0,0,0,0,1,1,2,1,19,4,124,1,-1,2,1
201420J006614,2,9,0,9,0,8,0,0,0,0,4,1,1,1,52,8,1461,2,3,7,1
201420J006624,1,9,0,18,0,4,1,0,3,10,1,1,6,2,25,5,1595,1,-1,5,1
201420J006634,1,9,0,4,0,2,0,0,0,0,2,1,6,2,41,7,1598,1,10,1,1
201420J006634,2,9,0,18,0,2,0,0,0,0,1,1,6,1,-1,-1,1796,1,11,-1,-1
201420J006644,1,3,0,18,0,0,0,4,0,0,1,1,6,1,19,4,124,1,2,3,1
201420J006644,2,9,0,2,0,0,0,0,0,0,2,1,6,2,21,5,998,1,7,-1,1
201420J006654,1,3,0,4,0,8,0,0,0,0,1,1,1,1,24,5,124,1,11,1,1
201420J006654,2,9,0,9,0,6,0,0,0,0,3,1,2,2,36,7,1299,1,15,7,1
201420J006664,1,1,0,18,0,8,0,0,0,0,1,1,6,1,16,4,-1,-1,-1,7,1
201420J006664,2,9,0,18,0,8,0,0,0,0,1,1,2,2,42,7,1753,2,5,9,1
201420J006674,1,9,0,9,0,6,0,0,0,0,3,1,6,2,19,4,-1,-1,-1,7,1
201420J006674,2,9,0,18,0,8,0,0,0,0,1,1,6,2,64,9,1396,1,12,10,1
201420J006684,1,9,0,18,0,0,0,0,0,0,4,1,6,2,60,9,1951,2,12,6,1
201420J006694,1,9,0,9,0,8,0,0,0,0,1,1,6,1,18,4,1124,1,8,2,1
201420J006694,2,9,0,18,0,8,0,0,1,1,3,1,6,1,54,8,2184,2,10,1,1
201420J006724,1,9,0,1,0,2,0,0,0,0,4,1,6,2,41,7,1798,1,12,4,1
201420J006734,1,9,0,9,0,8,0,0,0,0,4,1,6,2,22,5,998,1,2,3,1
201420J006734,2,5,0,18,0,8,5,0,0,0,1,1,6,1,28,6,749,1,14,3,1
201420J006744,1,9,0,5,0,8,0,0,0,0,1,1,6,1,-1,-1,-1,-1,-1,-1,-1
201420J006744,2,9,0,4,0,8,0,0,0,0,4,2,6,1,23,5,-1,-1,-1,1,1
201420J006754,1,3,0,4,0,0,0,10,7,0,1,1,6,1,31,6,125,1,10,3,1
201420J006764,1,8,0,18,0,8,1,0,0,0,4,1,1,1,52,8,1686,2,12,2,1
201420J006764,2,9,0,5,0,8,0,0,0,0,1,1,6,2,-1,-1,1991,2,5,3,1
201420J006814,1,3,0,18,0,8,0,0,7,0,1,1,6,1,20,4,124,1,11,-1,-1
201420J006814,2,9,0,9,0,8,0,0,0,0,3,1,6,1,35,6,1995,2,11,4,3
201420J006814,3,19,0,2,0,2,0,0,0,0,3,1,6,3,-1,-1,-1,-1,-1,-1,-1
201420J006814,4,9,0,2,0,1,0,0,0,0,4,1,6,3,-1,-1,2776,2,10,-1,-1
201420J006834,1,9,0,18,0,0,0,0,0,0,1,1,6,1,-1,-1,1998,1,9,10,1
201420J006834,2,9,0,2,0,0,0,0,0,0,2,1,6,2,41,7,1390,1,1,8,1
201420J006884,1,3,0,11,0,8,1,0,0,0,4,1,6,1,19,4,125,1,1,2,1
201420J006974,1,9,0,5,0,0,0,0,0,0,1,1,6,3,-1,-1,1975,1,13,-1,-1
201420J006974,2,9,0,3,0,0,0,0,0,0,1,1,6,1,60,9,1997,2,5,10,1
201420J007044,1,9,0,9,0,8,0,0,0,0,3,1,6,1,17,4,998,1,6,9,1
201420J007044,2,11,0,5,0,8,0,0,0,0,1,1,1,1,-1,-1,7300,2,8,2,1
201420J007104,1,9,0,15,0,8,0,0,0,0,1,1,6,1,-1,-1,1124,1,8,-1,-1
201420J007104,2,9,0,7,0,8,0,0,0,0,4,1,6,2,30,6,1995,2,6,2,1
201420J007474,1,19,0,9,0,1,0,0,0,0,2,1,2,1,48,8,1868,2,15,10,1
201420J007474,2,9,0,16,0,1,0,0,0,0,1,1,2,1,67,10,-1,-1,-1,1,1
201420J007484,1,9,0,12,0,0,0,0,0,0,1,1,6,2,33,6,1761,1,14,3,1
201420J007484,2,9,0,4,0,0,0,0,0,0,2,1,6,2,48,8,1364,1,4,2,1
201420J007484,3,11,0,5,8,0,0,0,0,0,2,1,6,1,39,7,8268,2,12,2,1
201420J007494,1,11,0,18,0,8,0,0,0,0,1,1,1,1,41,7,8268,2,13,3,1
201420J007494,2,9,0,18,0,8,0,0,0,0,3,1,6,2,56,9,1598,1,11,3,1
201420J007524,1,9,0,3,0,1,0,0,0,0,0,1,1,1,52,8,1598,1,12,1,1
201420J007524,2,9,0,5,0,8,0,0,0,0,1,1,1,2,48,8,1390,1,6,5,1
201420J007524,3,3,0,14,0,8,0,0,0,0,1,1,1,1,35,6,124,1,7,7,1
201420J007604,1,9,0,5,0,8,0,0,0,0,1,1,6,1,33,6,1598,1,11,10,1
201420J007604,2,8,0,18,0,8,0,0,0,0,1,1,1,1,28,6,1686,2,10,1,1
201420J007744,1,9,0,14,0,0,0,0,0,0,1,1,2,2,67,10,1242,1,2,7,1
201420J007754,1,9,0,18,0,0,0,0,0,0,1,1,6,2,33,6,1796,1,12,-1,1
201420J007764,1,3,0,18,0,8,0,0,0,0,1,1,2,2,20,4,125,1,1,3,1
201420J007764,2,9,0,9,0,8,0,0,0,0,3,1,2,1,50,8,1149,1,11,10,1
201420J007774,1,9,0,18,0,8,0,0,0,0,4,1,6,1,35,6,1108,1,17,3,1
201420J007774,2,9,0,18,0,8,0,0,0,0,1,1,6,2,48,8,1598,1,7,3,1
201420J007804,1,9,0,9,0,8,0,0,0,0,1,1,6,1,-1,-1,-1,-1,-1,-1,-1
201420J007804,2,1,0,18,0,8,0,0,0,0,3,1,6,1,17,4,-1,-1,-1,4,1
201420J007814,1,9,0,9,0,8,0,0,0,0,3,1,6,1,24,5,1595,1,12,9,1
201420J007814,2,1,0,18,0,8,0,0,0,0,1,1,6,1,35,6,-1,-1,-1,8,1
201420J007834,1,9,0,7,0,5,0,0,0,0,1,1,2,2,42,7,1206,1,5,8,1
201420J007854,1,9,0,5,0,8,0,0,0,0,4,1,2,1,37,7,1598,1,9,1,1
201420J007854,2,8,0,5,0,8,0,0,0,0,1,1,1,1,43,7,2149,2,7,1,1
201420J007864,1,1,0,18,9,1,0,0,0,0,1,1,1,1,-1,-1,-1,-1,-1,7,1
201420J007864,2,9,0,11,9,1,0,0,0,0,2,1,6,1,-1,-1,998,1,18,-1,-1
201420J007964,1,9,0,18,0,0,0,0,0,0,1,1,6,1,-1,-1,-1,-1,-1,-1,-1
201420J007974,1,9,0,18,0,0,0,0,0,0,1,1,6,2,39,7,1396,1,10,2,1
201420J008004,1,9,0,18,0,0,0,4,0,0,1,1,6,1,72,10,1590,1,14,5,1
201420J008004,2,9,0,2,0,0,0,0,0,0,2,1,6,1,52,8,1997,1,8,2,1
201420J008004,3,9,0,2,0,0,0,0,0,0,2,1,6,2,52,8,1588,1,12,2,1
201420J008024,1,9,0,9,0,8,0,0,0,0,3,1,6,2,42,7,1753,2,8,4,1
201420J008034,1,9,0,7,0,6,0,0,0,0,0,1,6,3,-1,-1,-1,-1,-1,-1,-1
201420J008034,2,9,0,18,0,8,0,0,0,0,1,1,6,1,26,6,1229,1,2,9,1
201420J008034,3,9,0,18,0,8,0,0,0,0,1,1,6,1,49,8,1995,2,9,2,1
201420J008044,1,9,0,7,0,6,0,0,0,0,1,1,6,1,-1,-1,-1,-1,-1,-1,-1
201420J008044,2,1,0,18,0,8,0,0,0,0,4,1,6,1,27,6,-1,-1,-1,-1,-1
201420J008054,1,21,1,7,0,8,0,0,0,0,4,1,1,1,61,9,11946,2,5,6,3
201420J008054,2,1,0,7,0,8,0,0,0,0,1,1,6,2,50,8,-1,-1,-1,8,1
201420J008064,1,9,0,18,0,1,1,0,7,0,4,1,6,1,34,6,2616,1,10,7,1
201420J008064,2,5,0,18,0,2,0,4,0,0,1,1,6,1,31,6,600,1,17,-1,-1
201420J008064,3,9,0,2,0,2,0,0,0,0,1,1,6,1,51,8,1796,1,14,7,1
201420J008134,1,9,0,9,0,5,0,0,0,0,1,1,6,1,-1,-1,-1,-1,-1,-1,-1
201420J008144,1,1,0,18,0,8,0,0,0,0,1,1,6,1,-1,-1,-1,-1,-1,2,1
201420J008144,2,9,0,7,0,5,0,0,0,0,3,1,6,2,-1,-1,1390,1,9,9,1
201420J008174,1,9,0,9,0,6,0,0,0,0,3,1,6,2,24,5,1896,2,11,3,1
201420J008174,2,9,0,18,0,8,0,0,0,0,1,1,6,1,43,7,1796,1,14,8,1
201420J008204,1,9,0,18,0,0,0,0,0,0,1,1,6,1,17,4,998,1,8,2,1
201420J008224,1,9,0,7,0,6,0,0,0,0,1,1,6,2,79,11,1339,1,6,3,1
201420J008224,2,9,0,18,0,8,0,0,2,10,4,1,6,1,83,11,1120,1,17,3,1
201420J008244,1,9,0,18,0,1,0,0,0,0,1,1,6,1,85,11,1299,1,13,9,1
201420J008244,2,9,0,18,0,2,0,0,0,0,1,1,6,1,39,7,2204,2,5,9,1
201420J008274,1,9,0,18,0,0,0,0,0,0,4,1,6,2,45,7,1242,1,11,5,1
201420J008364,1,9,0,14,0,0,0,0,0,0,1,1,6,2,22,5,1248,2,9,8,1
201420J008364,2,9,0,4,0,0,0,0,0,0,2,1,1,2,47,8,1329,1,3,4,1
201420J008364,3,20,0,18,0,0,0,0,0,0,1,1,1,1,31,6,2402,2,8,3,1
201420J008374,1,9,0,9,0,6,0,0,0,0,3,1,6,1,17,4,998,1,9,4,1
201420J008374,2,9,0,7,0,5,0,0,0,0,4,1,6,2,17,4,1497,1,14,1,1
201420J008394,1,9,0,18,0,0,0,10,0,0,3,1,6,1,41,7,1590,1,10,3,1
201420J008394,2,9,0,18,0,0,0,10,0,0,1,1,6,1,27,6,1968,2,8,1,1
201420J008404,1,19,0,9,0,8,0,0,0,0,2,1,6,1,21,5,1997,2,8,3,1
201420J008404,2,9,0,3,0,8,0,0,0,0,2,1,6,2,53,8,1242,1,9,3,1
201420J008404,3,9,0,18,0,8,0,0,0,0,1,1,6,1,70,10,2495,2,18,2,1
201420J008424,1,9,0,7,0,2,0,0,0,0,3,1,6,1,47,8,1598,1,9,7,1
201420J008424,2,9,0,18,0,8,0,0,7,0,1,1,6,2,27,6,1587,1,12,8,1
201420J008464,1,19,0,9,0,6,0,0,0,0,1,1,6,1,49,8,-1,-1,-1,2,1
201420J008464,2,9,0,18,0,8,5,0,0,0,4,1,1,2,32,6,999,1,6,10,1
201420J008464,3,9,0,18,0,1,0,0,0,0,3,1,1,1,64,9,2993,2,4,10,1
201420J008484,1,8,0,17,0,2,0,0,0,0,1,1,1,1,41,7,1997,2,9,1,1
201420J008494,1,9,0,9,0,6,0,0,0,0,3,1,6,1,21,5,1242,1,10,2,1
201420J008494,2,3,0,17,0,8,0,0,0,0,1,1,6,1,-1,-1,125,1,1,2,1
201420J008504,1,9,0,4,0,1,0,0,0,0,2,1,6,2,20,4,998,1,6,1,1
201420J008504,2,9,0,4,0,1,0,0,0,0,2,1,6,1,45,7,1686,2,2,1,1
201420J008504,3,9,0,4,0,1,0,0,0,0,1,1,6,1,50,8,2197,1,16,1,1
201420J008524,1,5,0,18,0,4,0,0,0,0,2,1,6,1,52,8,1200,1,6,6,1
201420J008524,2,9,0,18,0,4,0,0,0,0,1,1,6,1,17,4,-1,-1,-1,5,1
201420J008534,1,9,0,10,0,1,0,0,0,0,2,1,6,2,44,7,1998,1,11,4,1
201420J008534,2,9,0,18,0,1,0,0,0,0,1,1,6,1,-1,-1,1896,2,11,-1,-1
201420J008544,1,9,0,17,0,1,0,4,0,0,1,1,1,2,24,5,1364,2,10,3,1
201420J008544,2,9,0,2,0,1,0,0,0,0,2,1,6,2,-1,-1,-1,-1,-1,7,1
201420J008564,1,9,0,1,9,8,0,0,0,0,2,1,1,1,73,10,1686,2,2,9,1
201420J008564,2,1,0,18,9,8,0,0,0,0,1,1,6,1,26,6,-1,-1,-1,10,1
201420J008604,1,5,0,13,0,0,0,0,0,0,4,1,6,1,43,7,-1,-1,-1,1,1
201420J008604,2,11,0,18,0,0,1,0,0,0,3,1,1,1,39,7,-1,-1,-1,5,3
201420J008694,1,9,0,7,0,2,0,0,0,0,1,1,2,2,20,4,1242,1,1,3,1
201420J008724,1,9,0,18,0,0,0,0,0,0,1,1,6,2,27,6,1364,1,7,2,1
201420J008744,1,9,0,18,0,0,0,0,0,0,1,1,6,1,37,7,2000,2,10,-1,-1
201420J008764,1,9,0,10,0,8,0,0,0,0,2,1,6,2,41,7,1386,1,4,9,1
201420J008764,2,9,0,18,0,8,0,0,0,0,1,1,6,3,-1,-1,-1,-1,-1,-1,-1
201420J008784,1,9,0,5,0,8,0,0,0,0,3,1,6,1,70,10,1299,1,6,2,1
201420J008784,2,11,0,4,0,8,0,0,0,0,4,1,1,2,38,7,5883,2,12,3,1
201420J008824,1,9,0,9,0,5,0,0,0,0,1,1,6,2,19,4,1910,2,6,3,1
201420J008824,2,3,0,18,0,8,0,0,0,0,1,1,6,1,18,4,125,1,2,2,1
201420J008894,1,9,0,9,0,8,0,0,0,0,4,1,2,1,24,5,-1,-1,-1,8,1
201420J008894,2,3,0,18,0,8,1,0,0,0,1,1,2,1,50,8,108,1,2,3,1
201420J008904,1,9,0,5,0,0,0,0,0,0,3,1,6,2,30,6,998,1,8,2,1
201420J008984,1,9,0,7,0,2,0,10,1,2,1,1,6,2,72,10,998,1,11,4,1
201420J009014,1,9,0,4,0,0,0,0,0,0,1,1,1,1,41,7,-1,-1,-1,9,1
201420J009014,2,9,0,3,0,0,0,0,0,0,2,1,6,2,25,5,1968,2,5,5,1
201420J009014,3,9,0,3,0,0,0,0,0,0,2,1,6,2,34,6,1198,1,2,6,1
201420J009104,1,9,0,9,0,8,0,0,0,0,1,1,6,2,18,4,1229,1,-1,2,1
201420J009104,2,3,0,18,0,8,0,0,0,0,3,1,6,1,19,4,124,1,-1,2,1
201420J009114,1,9,0,18,0,1,0,0,7,2,4,1,6,1,28,6,1988,1,11,10,1
201420J009114,2,9,0,18,0,2,0,0,0,0,1,1,6,2,73,10,1242,1,12,8,1
201420J009164,1,19,0,7,9,5,0,0,0,0,4,1,1,1,58,9,1868,2,8,6,1
201420J009164,2,1,0,18,9,8,0,0,0,0,1,1,6,1,43,7,-1,-1,-1,8,1
201420J009244,1,9,0,18,0,1,1,0,0,0,1,1,6,2,47,8,998,1,14,1,1
201420J009244,2,9,0,4,0,1,0,0,0,0,2,1,6,1,39,7,1968,2,3,2,1
201420J009254,1,9,0,18,0,8,0,0,0,0,1,1,6,1,20,4,1896,2,6,9,1
201420J009254,2,3,0,18,0,8,0,0,0,0,4,1,6,1,58,9,123,1,49,2,1
201420J009294,1,9,0,7,0,2,0,0,0,0,0,1,6,3,-1,-1,-1,-1,-1,-1,-1
201420J009294,2,3,0,13,0,1,1,0,0,0,4,1,6,1,18,4,125,1,7,2,1
201420J009324,1,9,0,18,0,8,0,10,2,10,1,1,6,1,36,7,2000,1,15,3,1
201420J009334,1,9,0,18,0,8,0,0,0,0,3,1,6,2,21,5,1388,1,9,-1,1
201420J009334,2,9,0,9,0,8,0,0,0,0,3,1,6,1,-1,-1,1199,1,15,-1,-1
201420J009354,1,9,0,7,0,1,0,0,0,0,1,1,6,1,-1,-1,-1,-1,-1,-1,-1
201420J009354,2,1,0,18,0,1,0,0,0,0,1,1,6,1,46,8,-1,-1,-1,8,1
201420J009364,1,9,0,18,0,0,0,10,1,10,1,1,6,1,32,6,2171,1,13,8,1