Accident_Index,Vehicle_Reference,Vehicle_Type,Towing_and_Articulation,Vehicle_Manoeuvre,Vehicle_Location-Restricted_Lane,Junction_Location,Skidding_and_Overturning,Hit_Object_in_Carriageway,Vehicle_Leaving_Carriageway,Hit_Object_off_Carriageway,1st_Point_of_Impact,Was_Vehicle_Left_Hand_Drive?,Journey_Purpose_of_Driver,Sex_of_Driver,Age_of_Driver,Age_Band_of_Driver,Engine_Capacity_(CC),Propulsion_Code,Age_of_Vehicle,Driver_IMD_Decile,Driver_Home_Area_Type
201420J009374,1,9,0,18,0,0,0,4,7,2,1,1,6,1,79,11,1229,1,1,10,1
201420J009374,2,9,0,2,0,0,0,0,0,0,3,1,6,2,-1,-1,-1,-1,-1,-1,-1
201420J009384,1,9,0,9,0,6,0,0,0,0,3,1,6,1,-1,-1,1124,1,13,-1,-1
201420J009384,2,9,0,18,0,8,0,0,0,0,1,1,6,1,48,8,1999,1,11,6,1
201420J009454,1,3,0,18,0,1,1,0,0,0,0,1,6,2,17,4,124,1,7,3,1
201420J009454,2,9,0,6,0,8,0,0,0,0,0,1,1,2,-1,-1,1956,2,2,-1,-1
201420J009484,1,3,0,14,0,8,0,0,0,0,1,1,6,1,20,4,125,1,2,5,1
201420J009484,2,9,0,9,0,6,0,0,0,0,3,1,2,1,49,8,-1,-1,-1,10,1
201420J009494,1,9,0,18,0,0,0,0,0,0,1,1,1,1,48,8,1996,2,6,7,1
201420J009494,2,9,0,18,0,0,0,0,0,0,1,1,1,1,66,10,-1,-1,-1,-1,-1
201420J009494,3,20,1,18,0,0,0,0,0,0,2,1,1,1,-1,-1,-1,-1,-1,-1,-1
201420J009494,4,9,0,13,0,0,0,0,0,0,4,1,1,1,-1,-1,1686,2,2,-1,-1
201420J009504,1,9,0,1,0,0,0,0,0,0,2,1,6,1,50,8,1596,1,1,5,1
201420J009534,1,9,0,17,0,0,0,0,8,4,1,1,6,1,24,5,1995,2,10,5,1
201420J009554,1,9,0,10,0,8,0,0,0,0,2,1,6,1,23,5,1598,1,11,1,1
201420J009554,2,9,0,9,0,6,0,0,0,0,1,1,6,2,34,6,1895,1,13,2,1
201420J009604,1,19,0,9,0,8,0,0,0,0,3,1,1,1,29,6,2148,2,5,1,1
201420J009604,2,9,0,18,0,8,0,0,0,0,1,1,1,1,-1,-1,2521,1,4,-1,-1
201420J009634,1,9,0,3,0,2,0,0,0,0,1,1,2,1,23,5,1124,1,13,4,1
201420J009634,2,9,0,9,0,2,0,0,0,0,2,1,6,1,30,6,1560,2,-1,3,1
201420J009714,1,9,0,18,0,0,0,0,0,0,1,1,6,1,40,7,1598,2,1,8,1
201420J009714,2,2,0,18,0,0,0,4,1,10,1,1,6,1,16,4,49,1,-1,9,1
201420J009714,3,9,0,2,0,0,0,0,0,0,2,1,6,3,-1,-1,1149,1,12,-1,-1
201420J009724,1,9,0,9,0,5,0,0,0,0,1,1,6,1,71,10,1198,1,3,8,1
201420J009724,2,9,0,18,0,8,0,0,0,0,1,1,6,1,59,9,1390,1,4,6,1
201420J009744,1,9,0,9,0,6,0,0,0,0,3,1,6,2,27,6,1598,1,10,2,1
201420J009744,2,9,0,18,0,8,0,0,0,0,1,1,1,1,60,9,-1,-1,-1,1,1
201420J009754,1,9,0,18,0,1,0,0,0,0,1,1,1,1,21,5,1560,2,1,2,1
201420J009754,2,9,0,3,0,1,0,0,0,0,2,1,1,1,27,6,1598,1,16,2,1
201420J009754,3,9,0,9,0,1,0,0,0,0,0,1,1,3,-1,-1,-1,-1,-1,-1,-1
201420J009824,1,9,0,7,0,2,0,0,0,0,2,1,6,2,57,9,1584,1,6,2,1
201420J009824,2,9,0,18,0,2,0,0,0,0,1,1,6,1,-1,-1,-1,-1,-1,-1,-1
201420J009844,1,9,0,2,0,0,0,0,0,0,0,1,6,1,40,7,1397,1,6,3,1
201420J009844,2,19,0,18,0,0,0,0,0,0,4,1,6,1,-1,-1,2198,2,7,-1,-1
201420J009854,1,20,0,18,0,0,1,0,0,0,1,1,1,1,46,8,3920,2,7,1,1
201420J009854,2,9,0,3,0,0,0,0,0,0,2,1,6,1,38,7,2143,2,3,10,1
201420J009854,3,9,0,3,0,0,0,0,0,0,2,1,6,2,44,7,1598,1,11,10,1
201420J009864,1,9,0,18,0,1,0,0,0,0,1,1,6,1,36,7,1995,2,1,-1,3
201420J009864,2,9,0,8,0,1,0,0,0,0,1,1,1,1,42,7,-1,-1,-1,3,1
201420J009864,3,9,0,5,0,8,0,0,0,0,3,1,6,1,25,5,1598,1,9,8,1
201420J009874,1,9,0,18,0,1,0,0,8,2,1,1,6,1,64,9,1586,1,7,2,1
201420J009884,1,9,0,18,0,8,1,10,1,2,1,1,6,1,17,4,1061,1,10,3,1
201420J009884,2,9,0,9,0,6,0,0,0,0,4,1,2,1,35,6,998,1,15,2,1
201420J009894,1,1,0,18,0,8,0,0,0,0,1,1,2,1,32,6,-1,-1,-1,-1,-1
201420J009894,2,9,0,9,0,6,0,0,0,0,1,1,6,2,20,4,1388,1,8,9,1
201420J009904,1,9,0,11,0,3,0,0,0,0,1,1,6,1,33,6,1686,2,12,5,1
201420J009904,2,9,0,11,0,3,0,0,0,0,2,1,6,2,31,6,1997,2,1,-1,-1
201420J010004,1,9,0,6,0,1,0,0,1,0,3,1,6,2,32,6,1124,1,10,2,1
201420J010004,2,9,0,18,0,1,0,0,0,0,4,1,6,2,30,6,1596,1,9,5,1
201420J010034,1,21,0,4,0,0,0,0,0,0,1,1,6,1,-1,-1,-1,-1,-1,-1,-1
201420J010034,2,19,0,3,0,0,0,0,0,0,2,1,1,1,34,6,2198,2,1,1,1
201420J010044,1,9,0,7,9,5,0,0,0,0,1,1,6,1,47,8,1596,1,13,4,1
201420J010044,2,1,0,18,9,8,0,0,0,0,1,1,6,1,15,3,-1,-1,-1,2,1
201420J010054,1,9,0,18,0,1,0,0,0,0,4,1,6,3,-1,-1,-1,-1,-1,-1,-1
201420J010054,2,1,0,18,0,1,5,10,1,10,3,1,6,2,23,5,-1,-1,-1,4,1
201420J010084,1,9,0,9,0,8,0,0,0,0,0,1,6,3,-1,-1,-1,-1,-1,-1,-1
201420J010084,2,3,0,18,0,8,1,0,0,0,0,1,6,1,19,4,125,1,2,2,1
201420J010184,1,9,0,5,0,4,0,0,0,0,3,1,2,1,59,9,1199,1,12,9,1
201420J010184,2,1,0,18,0,8,0,0,0,0,1,1,6,1,18,4,-1,-1,-1,5,1
201420J010194,1,9,0,6,0,0,0,0,7,2,3,1,6,1,57,9,-1,-1,-1,9,3
201420J010194,2,9,0,18,0,0,0,0,0,0,4,1,6,1,50,8,1598,2,2,2,1
201420J010294,1,9,0,3,0,0,0,0,0,0,2,1,6,1,82,11,1368,1,5,4,1
201420J010294,2,3,0,4,0,0,0,0,0,0,1,1,6,1,20,4,124,1,3,1,1
201420J010364,1,9,0,9,0,8,0,0,0,0,3,1,1,2,48,8,1199,1,11,1,1
201420J010364,2,9,0,14,0,8,0,0,0,0,1,1,3,2,55,8,2720,2,6,10,1
201420J010384,1,9,0,18,0,0,0,0,0,0,1,1,1,1,71,10,1360,1,8,3,1
201420J010384,2,9,0,3,0,0,0,0,0,0,2,1,6,2,54,8,1461,2,3,7,1
201420J010394,1,9,0,9,0,5,0,0,0,0,4,1,6,2,49,8,1968,2,11,2,1
201420J010444,1,9,0,7,0,3,0,0,0,0,1,1,6,1,56,9,2099,1,11,3,1
201420J010474,1,9,0,18,0,1,0,0,0,0,1,1,6,1,72,10,1560,2,1,9,1
201420J010474,2,9,0,3,0,1,0,0,0,0,2,1,6,1,58,9,-1,-1,-1,-1,3
201420J010494,1,9,0,18,0,0,0,0,0,0,1,1,6,1,38,7,1796,1,13,1,1
201420J010524,1,9,0,11,0,3,5,0,0,0,4,1,6,2,24,5,1360,1,4,1,1
201420J010524,2,9,0,18,0,8,0,0,0,0,3,1,6,2,19,4,1242,1,1,2,1
201420J010624,1,9,0,18,0,8,0,10,1,10,1,1,1,1,29,6,1896,2,7,6,1
201420J010624,2,9,0,3,0,8,0,0,0,0,2,1,1,1,42,7,1598,1,4,6,1
201420J010624,3,9,0,3,0,8,0,0,0,0,2,1,1,2,20,4,998,1,5,2,1
201420J010624,4,19,0,3,0,8,0,0,0,0,2,1,1,1,38,7,1905,2,16,2,1
201420J010634,1,9,0,18,0,0,0,0,0,0,1,1,6,1,32,6,-1,-1,-1,1,1
201420J010634,2,9,0,18,0,0,0,0,0,0,2,1,6,1,22,5,1598,1,14,2,1
201420J010634,3,9,0,2,0,0,0,0,0,0,0,1,6,1,21,5,1242,1,12,4,1
201420J010644,1,9,0,1,0,1,0,0,0,0,4,1,6,1,-1,-1,1461,2,4,-1,-1
201420J010644,2,9,0,3,0,1,0,0,0,0,3,1,6,1,26,6,2979,1,-1,-1,-1
201420J010654,1,9,0,14,0,0,1,0,0,0,1,1,6,1,20,4,1117,1,26,10,1
201420J010654,2,11,0,5,0,0,0,0,0,0,1,1,1,1,52,8,5883,2,12,6,1
201420J010764,1,19,0,18,0,0,0,0,0,0,0,1,6,2,-1,-1,2402,2,6,-1,-1
201420J010764,2,9,0,18,0,0,5,4,0,0,1,1,6,1,93,11,848,1,15,4,1
201420J010764,3,9,0,2,0,0,0,0,0,0,3,1,6,2,67,10,1299,1,11,7,1
201420J010794,1,2,0,13,0,8,0,0,0,0,1,1,1,1,16,4,49,1,1,4,1
201420J010794,2,9,0,9,0,6,0,0,0,0,3,1,1,2,49,8,1798,1,6,6,1
201420J010804,1,9,0,18,0,8,1,0,0,0,1,1,2,1,26,6,1896,2,7,8,1
201420J010804,2,9,0,9,0,8,0,0,1,0,4,1,6,1,20,4,1390,1,13,8,1
201420J010804,3,9,0,2,0,8,0,0,0,0,3,1,6,1,60,9,1968,2,2,10,1
201420J010824,1,9,0,18,0,8,0,0,0,0,1,1,6,1,51,8,1598,1,11,8,1
201420J010824,2,1,0,18,0,8,0,0,0,0,1,1,6,1,17,4,-1,-1,-1,5,1
201420J010874,1,9,0,4,0,0,0,0,0,0,1,1,6,1,75,10,1461,2,1,8,1
201420J010874,2,9,0,18,0,0,0,0,0,0,1,1,6,1,50,8,1560,2,7,3,1
201420J010894,1,90,0,9,0,8,0,7,0,0,4,1,6,1,47,8,-1,-1,-1,2,1
201420J010894,2,19,0,5,0,8,0,0,0,0,1,1,1,1,46,8,1995,2,2,-1,-1
201420J010904,1,8,0,1,0,2,0,0,0,0,2,1,1,1,34,6,1794,7,9,1,1
201420J010914,1,5,0,13,0,8,0,0,7,10,1,1,2,1,29,6,599,1,14,9,1
201420J010914,2,9,0,9,0,8,0,0,0,0,3,1,2,1,32,6,1198,1,6,9,1
201420J010944,1,9,0,18,0,1,0,0,0,0,1,1,6,1,48,8,1910,2,12,7,1
201420J010944,2,9,0,18,0,1,0,0,0,0,2,1,6,1,31,6,3498,1,9,4,1
201420J010974,1,9,0,18,0,2,0,10,1,10,1,1,6,2,70,10,1124,1,17,3,1
201420J010984,1,9,0,9,0,2,0,0,0,0,1,1,6,2,53,8,1242,1,5,8,1
201420J011014,1,19,0,18,9,1,0,10,1,0,1,1,6,1,-1,-1,-1,-1,-1,-1,-1
201420J011084,1,3,0,7,0,3,1,10,0,0,1,1,6,1,27,6,124,1,-1,-1,1
201420J011094,1,9,0,7,0,6,0,0,0,0,3,1,6,1,21,5,1995,2,9,1,1
201420J011094,2,9,0,18,0,8,0,0,0,0,4,1,6,1,34,6,1390,1,5,-1,-1
201420J011094,3,9,0,2,0,1,0,0,0,0,4,1,6,1,49,8,1850,1,15,10,1
201420J011114,1,9,0,18,0,0,0,0,0,0,1,1,1,2,45,7,1910,2,5,7,1
201420J011194,1,9,0,14,0,0,0,0,0,0,1,1,6,2,35,6,1149,1,13,5,1
201420J011194,2,2,0,3,0,0,0,4,0,0,2,1,2,1,52,8,49,1,5,4,1
201420J011194,3,21,1,2,0,0,0,0,0,0,2,1,1,1,59,9,10837,2,3,6,2
201420J011224,1,9,0,9,0,6,0,0,0,0,1,1,1,2,25,5,1975,1,9,2,1
201420J011224,2,3,0,14,0,8,0,0,0,0,4,1,1,1,18,4,-1,-1,-1,7,1
201420J011234,1,9,0,18,0,8,0,0,0,0,1,1,6,1,-1,-1,-1,-1,-1,-1,-1
201420J011254,1,9,0,5,0,8,0,0,0,0,1,1,6,1,76,11,1560,2,-1,2,1
201420J011254,2,20,0,18,0,8,0,0,0,0,4,1,1,1,-1,-1,-1,-1,-1,4,1
201420J011264,1,9,0,9,0,6,0,0,0,0,1,1,6,2,-1,-1,-1,-1,-1,-1,-1
201420J011264,2,1,0,18,0,8,0,0,0,0,1,1,1,1,39,7,-1,-1,-1,8,1
201420J011274,1,3,0,18,0,0,0,0,0,0,1,1,1,1,48,8,124,1,13,9,1
201420J011364,1,2,0,18,0,8,0,0,0,0,1,1,1,1,31,6,49,1,10,2,1
201420J011364,2,19,0,9,0,8,0,0,0,0,2,1,1,1,54,8,-1,-1,-1,9,3
201420J011374,1,9,0,16,0,0,0,0,7,0,1,1,6,1,61,9,1798,1,8,8,1
201420J011374,2,9,0,17,0,0,0,0,0,0,1,1,6,1,23,5,1199,1,12,1,1
201420J011384,1,9,0,5,0,4,0,0,0,0,1,1,2,1,61,9,1360,1,2,3,1
201420J011384,2,3,0,18,0,3,0,0,0,0,2,1,2,1,24,5,-1,-1,-1,3,1
201420J011394,1,1,0,18,0,0,0,0,0,0,1,1,4,1,11,3,-1,-1,-1,5,1
201420J011394,2,9,0,4,0,0,0,0,0,0,1,1,3,2,38,7,1910,2,8,5,1
201420J011414,1,9,0,18,0,3,0,0,0,0,4,1,2,2,36,7,1149,1,11,10,1
201420J011414,2,21,1,18,0,4,0,0,0,0,3,1,2,1,44,7,12900,2,7,2,1
201420J011444,1,9,0,9,0,8,0,0,0,0,4,1,2,2,21,5,998,1,2,2,1
201420J011444,2,1,0,18,0,8,0,0,0,0,1,1,2,1,22,5,-1,-1,-1,4,1
201420J011504,1,11,0,2,0,0,0,0,0,0,0,1,1,1,-1,-1,6700,2,5,-1,-1
201420J011504,2,9,0,14,0,0,0,0,0,0,4,1,1,1,-1,-1,-1,-1,-1,2,1
201420J011514,1,9,0,1,9,0,0,0,0,0,2,1,6,1,-1,-1,1422,2,10,3,1
201420J011544,1,9,0,4,0,0,0,0,0,0,1,1,6,1,81,11,1596,1,5,1,1
201420J011554,1,9,0,18,0,8,0,0,0,0,1,1,6,2,22,5,1242,1,5,1,1
201420J011554,2,9,0,9,0,8,0,0,0,0,1,1,6,2,25,5,1124,1,12,3,1
201420J011564,1,9,0,18,0,0,0,0,0,0,1,1,6,3,-1,-1,-1,-1,-1,-1,-1
201420J011584,1,9,0,18,0,0,0,0,0,0,1,1,6,3,-1,-1,-1,-1,-1,-1,-1
201420J011594,1,9,0,18,0,4,0,0,0,0,3,1,1,2,32,6,1794,1,14,3,1
201420J011594,2,1,0,18,0,8,0,0,0,0,1,1,6,1,36,7,-1,-1,-1,1,1
201420J011614,1,9,0,18,0,0,0,0,0,0,4,1,1,2,57,9,2494,1,12,3,1
201420J011624,1,9,0,9,0,8,0,0,0,0,1,1,6,1,67,10,1197,1,-1,2,1
201420J011624,2,3,0,18,0,8,0,0,0,0,1,1,6,1,24,5,-1,-1,-1,9,1
201420J011664,1,9,0,18,0,0,0,10,0,0,1,1,6,1,31,6,1968,2,1,2,1
201420J011664,2,9,0,18,0,0,0,0,0,0,2,1,6,1,54,8,998,1,6,3,1
201420J011694,1,9,0,9,0,2,0,0,0,0,1,1,3,2,47,8,1796,1,10,1,1
201420J011724,1,11,0,18,0,3,0,0,0,0,1,1,1,3,-1,-1,-1,-1,-1,-1,-1
201420J011724,2,3,0,18,0,3,0,0,0,0,2,1,4,1,16,4,49,1,4,3,1
201420J011734,1,9,0,5,0,4,0,0,0,0,3,1,6,2,-1,-1,1397,1,5,-1,-1
201420J011734,2,1,0,18,0,8,0,0,0,0,1,1,1,1,-1,-1,-1,-1,-1,4,1
201420J011754,1,9,0,18,0,1,0,0,0,0,1,1,6,2,19,4,1124,1,10,1,1
201420J011754,2,9,0,10,0,1,0,0,0,0,2,1,6,1,47,8,2496,2,9,10,1
201420J011764,1,9,0,7,0,1,0,0,0,0,2,1,6,2,-1,-1,1598,2,3,1,1
201420J011764,2,9,0,18,0,1,0,0,0,0,1,1,6,3,-1,-1,1598,2,3,-1,-1
201420J011774,1,9,0,9,0,8,0,0,0,0,1,1,6,1,26,6,1997,2,8,2,1
201420J011774,2,9,0,18,0,8,0,0,0,0,3,1,6,2,-1,-1,1998,1,12,-1,-1
201420J011784,1,11,0,18,0,1,0,0,0,0,0,1,1,1,44,7,11967,2,15,2,1
201420J011784,2,19,0,5,0,1,0,0,0,0,0,1,6,3,-1,-1,-1,-1,-1,-1,-1
201420J011794,1,5,0,14,0,8,0,0,7,0,1,1,2,1,52,8,600,1,17,3,1
201420J011794,2,9,0,9,0,5,0,0,0,0,3,1,2,1,49,8,2993,2,4,9,2
201420J011804,1,9,0,17,0,8,0,0,0,0,3,1,6,2,55,8,1679,1,15,9,1
201420J011804,2,9,0,18,0,3,0,0,0,0,1,1,2,1,26,6,1596,1,3,5,1
201420J011894,1,3,0,18,0,8,0,0,0,0,1,1,2,1,24,5,124,1,2,4,1
201420J011894,2,9,0,10,0,8,0,0,0,0,1,1,2,1,21,5,1124,1,9,9,1
201420J011904,1,11,0,5,0,0,0,0,0,0,0,1,1,1,53,8,4461,2,1,1,1
201420J011964,1,9,0,9,0,8,0,0,0,0,1,1,6,2,20,4,796,1,16,6,3
201420J011964,2,9,0,18,0,8,0,0,0,0,1,1,6,2,49,8,1199,1,13,1,1
201420J011974,1,9,0,18,0,1,0,0,0,0,1,1,6,1,40,7,1997,2,1,6,1
201420J011974,2,9,0,3,0,1,0,0,0,0,2,1,6,2,43,7,2204,2,8,10,1
201420J011984,1,11,0,18,0,1,0,0,0,0,4,1,1,1,61,9,-1,2,14,2,1
201420J011994,1,9,0,18,0,0,0,0,0,0,1,1,6,2,74,10,1396,1,-1,3,1
201420J011994,2,9,0,3,0,0,0,4,0,0,2,1,6,1,49,8,1398,1,-1,6,1
201420J011994,3,9,0,2,0,0,0,0,0,0,2,1,6,1,-1,-1,1968,2,3,-1,-1
201420J012004,1,9,0,9,0,8,0,0,0,0,1,1,6,2,48,8,1587,1,13,-1,-1
201420J012004,2,8,0,18,0,8,0,0,0,0,1,1,1,1,45,7,1896,2,10,1,1
201420J012014,1,20,1,5,0,0,0,11,0,0,1,1,1,1,47,8,10837,2,3,6,1
201420J012024,1,19,0,18,0,8,0,0,0,0,1,1,6,1,31,6,1995,2,-1,2,1
201420J012024,2,9,0,6,0,6,1,0,0,0,1,1,6,1,25,5,1900,1,14,1,1
201420J012034,1,9,0,5,9,8,0,0,0,0,1,1,6,1,-1,-1,1986,2,7,-1,-1
201420J012034,2,1,0,18,9,8,0,0,0,0,1,1,6,1,14,3,-1,-1,-1,3,1
201420J012044,1,9,0,18,0,2,0,0,0,0,1,1,6,3,-1,-1,796,1,12,-1,-1
201420J012054,1,19,0,18,0,8,0,0,0,0,3,1,1,1,35,6,2198,2,-1,1,1
201420J012054,2,19,0,18,0,8,0,0,7,10,1,1,1,1,44,7,1997,2,7,10,1
201420J012074,1,9,0,18,0,8,0,0,0,0,3,1,6,1,51,8,1242,1,14,1,1
201420J012074,2,9,0,18,0,8,0,0,0,0,1,1,6,1,23,5,1149,1,13,9,1
201420J012084,1,9,0,9,0,5,0,0,0,0,1,1,6,2,67,10,2188,2,12,4,1
201420J012084,2,9,0,18,0,8,0,0,0,0,1,1,6,2,30,6,1364,1,7,3,1
201420J012094,1,2,0,9,0,7,0,0,0,0,4,1,6,2,17,4,125,1,2,-1,1
201420J012094,2,9,0,18,0,8,0,0,0,0,3,1,6,1,37,7,1598,1,25,2,1
201420J012114,1,9,0,18,0,1,0,0,7,1,1,1,6,1,66,10,1124,1,12,2,1
201420J012114,2,9,0,9,0,2,0,0,1,0,1,1,6,1,72,10,1598,1,2,7,1
201420J012124,1,9,0,4,0,1,0,0,0,0,3,1,6,1,21,5,1598,1,5,10,1
201420J012194,1,9,0,2,0,1,0,0,0,0,0,1,6,2,42,7,1598,1,2,3,1
201420J012194,2,9,0,9,0,1,0,0,0,0,4,1,6,1,51,8,1388,1,8,6,1
201420J012224,1,9,0,9,0,8,0,0,0,0,1,1,2,1,20,4,1364,1,-1,2,1
201420J012224,2,9,0,17,0,8,0,0,0,0,1,1,6,1,45,7,1560,2,2,3,1
201420J012234,1,9,0,9,0,8,0,0,0,0,1,1,2,1,29,6,2495,2,11,5,1
201420J012234,2,3,0,18,0,8,0,0,1,10,1,1,2,1,38,7,124,1,3,8,1
201420J500034,1,9,0,9,0,8,0,0,0,0,4,1,2,1,30,6,-1,-1,-1,-1,-1
201420J500034,2,1,0,18,0,8,0,0,0,0,1,1,2,1,29,6,-1,-1,-1,2,1
201420J500054,1,9,0,5,0,0,0,0,0,0,1,1,6,1,50,8,-1,-1,-1,9,1
201420J500054,2,9,0,2,0,0,0,0,0,0,0,1,6,1,-1,-1,1995,2,-1,3,1
201420J500064,1,8,0,5,0,0,0,0,0,0,1,1,1,1,-1,-1,-1,-1,-1,-1,-1
201420J500084,1,9,0,13,0,8,1,0,0,0,4,1,6,1,26,6,1598,1,4,2,1
201420J500084,2,9,0,9,0,8,0,0,0,0,3,1,6,1,60,9,1598,1,12,10,1
201420J500104,1,9,0,16,0,0,5,7,0,0,1,1,6,1,18,4,1149,1,9,10,1
201420J500114,1,9,0,18,0,8,1,10,7,10,1,1,6,1,22,5,1798,1,12,2,1
201420J500124,1,3,0,5,0,1,0,0,0,0,1,1,6,2,24,5,124,1,3,7,1
201420J500124,2,9,0,9,0,2,0,0,0,0,1,1,6,2,21,5,1229,1,8,2,1
201420J500134,1,9,0,18,0,0,5,10,1,0,3,1,6,1,59,9,1360,1,14,1,1
201420J500134,2,9,0,18,0,0,0,0,0,0,1,1,6,1,28,6,1242,1,3,8,1
201420J500144,1,9,0,17,0,0,1,10,2,2,4,1,6,1,21,5,1360,1,12,2,1
201420J500154,1,9,0,18,0,0,0,0,6,0,1,1,6,1,49,8,1197,1,2,-1,-1
201420J500154,2,19,0,18,0,0,0,0,0,0,1,1,1,1,47,8,1995,2,-1,8,1
201420J500164,1,9,0,18,0,0,0,10,1,10,1,1,6,2,24,5,1242,1,8,3,1
201420J500174,1,9,0,9,0,1,0,0,0,0,1,1,6,1,48,8,1560,2,1,2,1
201420J500184,1,20,0,17,0,1,0,0,0,0,4,1,6,3,-1,-1,-1,-1,-1,-1,-1
201420J500214,1,9,0,9,0,2,0,7,7,1,1,1,6,1,85,11,-1,-1,-1,-1,-1
201420J500244,1,8,0,18,0,8,0,0,1,0,3,1,1,1,32,6,1997,2,10,-1,-1
201420J500244,2,9,0,18,0,8,0,0,0,0,1,1,6,1,33,6,1896,2,9,1,1
201420J500254,1,9,0,5,8,0,0,0,0,0,3,1,6,1,19,4,1497,1,13,3,1
201420J500254,2,19,0,13,0,0,0,0,0,0,1,1,6,1,43,7,1870,2,12,4,1
201420J500254,3,9,0,2,0,0,0,0,0,0,3,1,6,2,-1,-1,1299,1,10,-1,-1
201420J500314,1,9,0,4,0,0,0,0,0,0,1,1,6,2,48,8,1598,1,5,8,1
201420J500314,2,9,0,16,0,0,1,0,0,0,1,1,6,1,-1,-1,1389,1,19,-1,-1
201420J500344,1,9,0,18,0,6,0,0,0,0,4,1,1,2,20,4,1242,1,4,2,1
201420J500344,2,9,0,18,0,8,0,0,0,0,1,1,1,2,46,8,1198,1,5,6,1
201420J500364,1,9,0,18,0,8,0,0,0,0,1,1,6,1,76,11,1248,2,5,9,1
201420J500364,2,9,0,18,0,8,0,0,0,0,2,1,6,2,59,9,1870,2,11,8,1
201420J500374,1,9,0,9,0,5,0,0,0,0,1,1,4,2,17,4,1248,2,6,5,1
201420J500394,1,9,0,18,0,1,0,0,0,0,1,1,6,3,-1,-1,-1,-1,-1,-1,-1
201420J500404,1,9,0,5,0,1,0,0,0,0,1,1,6,2,29,6,2967,2,6,8,1
201420J500414,1,9,0,5,0,4,0,0,0,0,1,1,1,1,70,10,796,1,6,10,1
201420J500414,2,1,0,18,0,8,0,0,0,0,1,1,6,1,55,8,-1,-1,-1,-1,-1
201420J500424,1,8,0,15,0,2,0,0,0,0,1,1,6,3,-1,-1,-1,-1,-1,-1,-1
201420J500424,2,3,0,18,0,2,0,0,0,0,4,1,6,1,44,7,125,1,3,-1,1
201420J500434,1,9,0,9,0,5,0,0,0,0,1,1,2,1,19,4,1149,1,13,9,1
201420J500434,2,2,0,18,0,8,0,0,0,0,1,1,2,1,62,9,49,1,6,7,1
201420J500444,1,9,0,18,0,0,0,0,0,0,1,1,3,2,43,7,1590,1,11,2,1
201420J500494,1,9,0,18,0,0,0,4,0,0,1,1,6,1,84,11,998,1,13,9,1
201420J500494,2,21,1,2,0,0,0,0,0,0,2,1,1,1,52,8,11967,2,5,1,1
201420J500504,1,9,0,18,0,8,1,0,0,0,1,1,6,1,38,7,1998,2,9,1,1
201420J500504,2,9,0,17,0,8,1,0,0,0,1,1,6,1,22,5,-1,-1,-1,2,1
201420J500534,1,9,0,18,0,8,0,0,0,0,3,1,6,1,41,7,1753,2,7,2,1
201420J500534,2,9,0,18,0,8,0,0,0,0,4,1,6,1,24,5,1364,1,5,3,1
201420J500564,1,21,0,14,0,1,0,0,0,0,1,1,1,1,65,9,5900,2,11,7,1
201420J500574,1,9,0,18,9,0,0,10,1,0,1,1,6,3,-1,-1,-1,-1,-1,-1,-1
201420J500604,1,9,0,9,0,8,0,0,0,0,4,1,1,2,46,8,1598,1,10,7,1
201420J500604,2,9,0,18,0,8,0,0,0,0,1,1,2,1,21,5,1339,1,11,3,1
201420J500604,3,9,0,10,0,1,0,0,0,0,1,1,1,2,37,7,995,1,3,6,1
201420J500614,1,9,0,18,0,1,0,0,0,0,4,1,2,1,47,8,1598,1,9,5,1
201420J500624,1,9,0,18,0,1,0,0,0,0,1,1,2,1,52,8,-1,-1,-1,8,3
201420J500694,1,9,0,18,0,8,0,0,0,0,1,1,6,1,68,10,1598,1,1,2,1
201420J500694,2,9,0,10,0,8,0,0,0,0,3,1,6,1,39,7,1299,1,10,4,1
201420J500734,1,9,0,17,0,0,2,0,0,0,1,1,6,1,23,5,1753,2,7,9,2
201420J500844,1,9,0,18,0,0,1,10,7,10,1,1,6,1,35,6,1910,2,9,3,1
201420J500844,2,9,0,18,0,0,0,0,0,0,0,1,6,1,-1,-1,2993,2,2,1,1
201420J500844,3,9,0,2,9,0,0,0,0,0,1,1,6,2,-1,-1,1229,1,-1,-1,-1
201420J500854,1,9,0,16,0,0,2,0,0,0,1,1,6,1,33,6,1149,1,12,2,1
201420J500874,1,9,0,18,0,0,0,11,0,0,1,1,6,2,66,10,1242,1,10,1,1
201420J500884,1,8,0,18,0,0,1,0,0,0,1,1,6,1,36,7,1997,2,1,1,1
201420J500884,2,9,0,3,0,0,0,0,0,0,2,1,2,2,52,8,1329,1,2,2,1
201420J500884,3,9,0,3,0,0,0,0,0,0,2,1,6,1,-1,-1,1998,1,17,-1,-1
201420J500884,4,9,0,3,0,0,0,0,0,0,2,1,6,1,-1,-1,2771,1,15,-1,-1
201420J500904,1,9,0,16,0,7,1,10,1,7,1,1,6,1,29,6,1797,1,16,2,1