Accident_Index,Vehicle_Reference,Vehicle_Type,Towing_and_Articulation,Vehicle_Manoeuvre,Vehicle_Location-Restricted_Lane,Junction_Location,Skidding_and_Overturning,Hit_Object_in_Carriageway,Vehicle_Leaving_Carriageway,Hit_Object_off_Carriageway,1st_Point_of_Impact,Was_Vehicle_Left_Hand_Drive?,Journey_Purpose_of_Driver,Sex_of_Driver,Age_of_Driver,Age_Band_of_Driver,Engine_Capacity_(CC),Propulsion_Code,Age_of_Vehicle,Driver_IMD_Decile,Driver_Home_Area_Type
201420J500914,1,9,0,18,0,4,0,0,0,0,3,1,6,2,19,4,1240,1,9,9,1
201420J500914,2,9,0,18,0,4,0,0,0,0,1,1,6,1,25,5,1360,1,13,3,1
201420J500924,1,9,0,4,9,1,0,0,0,0,4,1,3,2,-1,-1,-1,-1,-1,-1,-1
201420J501014,1,19,0,5,0,6,1,2,0,0,4,1,6,1,48,8,-1,-1,-1,9,3
201420J501024,1,9,0,18,0,0,0,0,0,0,1,1,6,1,30,6,2792,1,8,3,1
201420J501034,1,9,0,18,0,8,1,0,7,10,1,1,6,1,25,5,2261,1,6,2,1
201420J501034,2,9,0,18,0,8,0,0,0,0,3,1,6,2,38,7,1797,8,1,9,1
201420J501054,1,9,0,5,0,6,0,0,0,0,1,1,3,1,29,6,1386,1,7,5,1
201420J501054,2,9,0,18,0,8,0,0,0,0,1,1,2,2,45,7,1493,2,4,7,1
201420J501244,1,9,0,18,0,0,0,0,0,0,1,1,1,1,24,5,1896,2,6,2,1
201420J501244,2,9,0,18,0,0,0,0,0,0,3,1,6,2,37,7,1229,1,1,2,1
201420J501244,3,9,0,18,0,0,1,0,0,0,1,1,6,1,39,7,1198,1,6,2,1
201420J501264,1,9,0,9,0,8,0,0,0,0,4,1,6,1,71,10,1396,1,10,10,1
201420J501264,2,1,0,18,0,8,0,0,0,0,1,1,6,1,39,7,-1,-1,-1,4,1
201420J501274,1,9,0,9,0,8,0,0,0,0,4,1,6,1,18,4,1199,1,12,4,1
201420J501274,2,9,0,18,0,8,0,0,0,0,1,1,6,1,40,7,2171,2,14,2,1
201420J501354,1,90,0,18,0,0,0,0,0,0,0,1,2,1,-1,-1,-1,-1,-1,-1,-1
201420J501434,1,9,0,9,0,2,0,7,0,0,1,1,6,2,57,9,2149,2,7,6,3
201420J501454,1,9,0,18,0,8,0,0,0,0,1,1,6,1,21,5,1389,1,18,2,1
201420J501454,2,9,0,9,0,8,0,0,0,0,1,1,6,2,42,7,2495,2,13,1,1
201420J501494,1,9,0,18,0,1,0,0,0,0,1,1,6,3,-1,-1,-1,-1,-1,-1,-1
201420J501494,2,9,0,4,0,2,0,0,0,0,1,1,6,2,48,8,1149,1,8,3,1
201420J501514,1,11,0,5,0,0,0,0,0,0,0,1,6,3,-1,-1,-1,-1,-1,-1,-1
201420J501514,2,9,0,16,0,0,0,0,0,0,0,1,6,1,45,7,1896,2,12,5,1
201420J501514,3,9,0,16,0,0,0,0,0,0,3,1,6,2,49,8,1870,2,9,10,1
201420J501514,4,9,0,16,0,0,0,0,0,0,4,1,6,1,27,6,1364,1,9,3,1
201420J501524,1,9,0,18,0,2,0,0,0,0,4,1,1,1,54,8,-1,-1,-1,4,1
201420J501534,1,5,0,18,0,2,0,0,0,0,1,1,2,1,51,8,1052,1,17,3,1
201420J501544,1,9,0,18,0,0,0,0,0,0,1,1,2,1,29,6,1896,2,10,6,1
201420J501544,2,9,0,3,0,0,0,0,0,0,2,1,2,2,26,6,1299,1,9,4,1
201420J501544,3,9,0,3,0,0,0,0,0,0,2,1,2,2,26,6,1910,2,7,9,2
201420J501574,1,19,0,5,0,0,0,0,0,0,4,1,1,1,-1,-1,2198,2,-1,-1,-1
201420J501614,1,9,0,3,0,1,0,0,0,0,2,1,1,1,45,7,998,1,7,7,1
201420J501614,2,9,0,18,0,1,0,0,0,0,1,1,6,1,-1,-1,-1,-1,-1,-1,-1
201420J501734,1,9,0,11,0,2,0,0,0,0,4,1,6,1,44,7,-1,-1,-1,7,3
201420J501734,2,1,0,18,0,2,0,0,0,0,1,1,6,1,31,6,-1,-1,-1,3,1
201420J501734,3,9,0,18,0,2,0,0,0,0,3,1,6,1,-1,-1,1896,2,8,7,1
201420J501854,1,9,0,18,0,1,0,0,0,0,1,1,6,2,-1,-1,-1,-1,-1,-1,-1
201420J501854,2,9,0,4,0,1,0,0,0,0,2,1,6,1,65,9,1598,1,11,5,1
201420J501864,1,20,0,12,0,1,0,0,0,0,3,1,6,1,-1,-1,-1,-1,-1,-1,-1
201420J501864,2,5,0,18,0,1,0,0,0,0,1,1,2,1,22,5,1050,1,8,5,1
201420J501874,1,9,0,9,0,8,0,0,0,0,4,1,6,2,25,5,1229,1,10,1,1
201420J501874,2,9,0,10,0,1,0,0,0,0,4,1,6,1,36,7,1968,2,7,1,1
201420J501874,3,1,0,18,0,8,0,0,0,0,1,1,6,1,14,3,-1,-1,-1,5,1
201420J501904,1,10,0,18,0,0,0,0,0,0,1,1,1,1,60,9,2998,2,6,8,1
201420J501904,2,1,0,18,0,0,0,0,1,0,2,1,2,1,40,7,-1,-1,-1,9,1
201420J501924,1,21,1,18,0,4,0,0,0,0,4,1,1,1,30,6,6871,2,-1,-1,1
201420J501924,2,9,0,7,0,4,0,0,0,0,1,1,6,1,23,5,998,1,8,2,1
201420J501934,1,9,0,16,0,8,0,10,1,10,1,1,2,1,23,5,1587,1,9,6,1
201420J501934,2,9,0,5,0,6,0,10,1,10,1,1,6,1,61,9,1396,1,12,3,1
201420J501974,1,9,0,18,0,0,0,0,0,0,1,1,2,1,31,6,999,1,13,6,1
201420J501974,2,1,0,18,0,0,0,0,0,0,3,1,6,2,-1,-1,-1,-1,-1,9,1
201420J501984,1,9,0,18,0,0,0,4,0,0,1,1,3,2,40,7,1796,1,12,3,1
201420J501984,2,19,0,2,0,0,0,0,0,0,2,1,1,1,33,6,2402,2,6,3,1
201420J501994,1,1,0,9,0,8,0,0,0,0,1,1,6,1,27,6,-1,-1,-1,-1,-1
201420J501994,2,9,0,18,0,8,0,0,0,0,1,1,6,1,78,11,1199,1,10,2,1
201420J502004,1,9,0,11,0,8,0,0,0,0,1,1,1,1,46,8,2000,2,3,9,1
201420J502004,2,9,0,18,0,8,0,0,0,0,2,1,1,1,28,6,998,1,10,6,1
201420J502164,1,9,0,5,0,0,0,0,0,0,3,1,6,3,-1,-1,-1,-1,-1,-1,-1
201420J502164,2,3,0,14,0,0,0,0,0,0,1,1,2,1,20,4,124,1,1,1,1
201420J502174,1,3,0,7,0,4,0,0,0,0,2,1,6,1,31,6,124,1,6,-1,1
201420J502174,2,9,0,18,0,4,0,0,0,0,1,1,6,1,-1,-1,-1,-1,-1,-1,-1
201420J502374,1,9,0,18,0,1,5,4,0,0,1,1,6,1,86,11,1598,1,9,5,1
201420J502374,2,9,0,2,0,1,0,0,0,0,2,1,6,1,42,7,1242,1,11,8,1
201420J502394,1,9,0,3,0,1,0,0,0,0,1,1,6,2,57,9,1240,1,5,5,1
201420J502704,1,9,0,18,0,1,0,0,0,0,1,1,6,1,-1,-1,2496,2,12,2,1
201420J502704,2,9,0,3,0,1,0,0,0,0,2,1,6,1,31,6,1686,2,9,1,1
201420J503544,1,10,0,5,0,1,0,0,0,0,0,1,1,2,-1,-1,-1,-1,-1,-1,-1
201420J603684,1,9,0,5,9,6,0,0,0,0,1,1,6,2,-1,-1,-1,-1,-1,-1,-1
201420J603684,2,1,0,18,9,8,0,0,0,0,3,1,6,1,21,5,-1,-1,-1,-1,-1
201420J604964,1,9,0,9,0,2,0,0,0,0,4,1,6,1,-1,-1,1968,2,6,-1,-1
201420J604964,2,9,0,9,0,2,0,0,0,0,3,1,6,1,59,9,1598,1,11,1,1
201420J609484,1,3,0,16,0,2,0,0,0,0,1,1,6,1,-1,-1,-1,-1,-1,-1,-1
201420J609664,1,11,0,4,0,0,0,0,0,0,0,1,1,1,53,8,8268,2,12,2,1
201420J615184,1,9,0,9,0,2,0,0,0,0,1,1,6,1,-1,-1,-1,-1,-1,6,1
201420J615184,2,1,0,18,0,1,0,0,0,0,1,1,1,2,26,6,-1,-1,-1,5,1
201420J648404,1,9,0,17,0,0,1,10,1,10,1,1,6,2,-1,-1,1149,1,11,2,1
201420J656894,1,9,0,13,0,0,0,0,0,0,0,1,6,1,25,5,1896,2,13,-1,-1
201420J656894,2,9,0,18,0,0,0,0,0,0,0,1,6,1,40,7,1598,1,7,-1,-1
201420J656894,3,9,3,18,0,0,0,0,0,0,2,1,6,1,-1,-1,4367,2,3,-1,-1
201420J656894,4,9,0,18,0,0,0,0,0,0,1,1,6,1,40,7,1984,1,15,1,1
201420K000314,1,9,0,9,0,8,0,0,0,0,1,1,6,2,33,6,1299,1,9,4,1
201420K000314,2,9,0,18,0,8,0,0,0,0,1,1,6,2,62,9,1995,2,10,6,1
201420K000624,1,9,0,18,0,8,0,0,0,0,1,1,6,3,-1,-1,-1,-1,-1,-1,-1
201420K000624,2,9,0,2,0,8,0,0,0,0,4,1,6,2,27,6,-1,-1,-1,1,1
201420K000684,1,9,0,9,0,5,0,0,0,0,3,1,2,2,50,8,1248,1,1,1,1
201420K000684,2,9,0,9,0,6,0,0,0,0,1,1,6,1,-1,-1,-1,-1,-1,-1,-1
201420K000694,1,9,0,5,0,0,0,0,0,0,4,1,6,1,-1,-1,1598,1,6,1,1
201420K000704,1,9,0,9,0,5,0,0,0,0,1,1,6,2,-1,-1,1995,2,2,-1,-1
201420K000704,2,9,0,18,0,8,0,0,0,0,3,1,6,1,57,9,1596,1,1,3,1
201420K000714,1,20,0,9,0,8,0,0,0,0,1,1,1,1,40,7,4462,2,1,1,1
201420K000714,2,9,0,18,0,8,0,0,0,0,4,1,2,2,48,8,1975,1,15,5,1
201420K000724,1,9,0,18,0,0,0,0,0,0,1,1,3,2,33,6,998,1,14,3,1
201420K000794,1,19,0,18,0,2,1,10,1,10,1,1,6,1,21,5,1248,2,9,-1,-1
201420K000794,2,9,0,18,0,2,0,0,0,0,0,1,1,1,-1,-1,1968,2,1,-1,-1
201420K000804,1,9,0,6,0,6,0,0,0,0,3,1,6,1,66,10,1400,1,9,7,1
201420K000804,2,9,0,18,0,8,0,0,0,0,4,1,6,2,26,6,1199,1,12,1,1
201420K000834,1,9,0,9,0,6,0,0,0,0,1,1,2,1,51,8,1896,2,9,2,1
201420K000834,2,1,0,18,0,2,0,0,0,0,1,1,6,1,25,5,-1,-1,-1,9,2
201420K000894,1,9,0,18,0,0,1,10,7,2,1,1,6,1,18,4,1198,1,12,2,1
201420K000924,1,9,0,18,0,1,0,0,0,0,1,1,2,1,45,7,1781,1,13,10,1
201420K000924,2,9,0,5,0,1,0,0,0,0,2,1,6,2,30,6,1360,1,5,1,1
201420K000974,1,9,0,18,0,8,0,0,0,0,1,1,6,1,25,5,2000,2,10,3,1
201420K000974,2,9,0,9,0,8,0,0,0,0,3,1,2,2,22,5,1598,1,4,4,1
201420K000994,1,11,0,5,0,2,0,0,0,0,0,1,1,1,42,7,7300,2,10,2,1
201420K001004,1,9,0,17,0,0,1,0,0,0,2,1,6,1,52,8,2179,2,1,3,1
201420K001004,2,9,0,17,0,0,1,0,0,0,1,1,6,1,26,6,998,1,11,1,1
201420K001004,3,9,0,17,0,0,0,0,0,0,0,1,6,1,28,6,1199,1,12,-1,-1
201420K001004,4,9,0,16,0,0,0,0,0,0,0,1,1,2,-1,-1,1686,2,4,-1,-1
201420K001024,1,9,0,9,0,8,0,7,4,1,3,1,6,1,56,9,2597,1,12,8,1
201420K001024,2,9,0,18,0,8,0,0,0,0,4,1,6,2,31,6,1598,1,11,1,1
201420K001034,1,11,0,18,0,1,0,0,0,0,1,1,1,1,44,7,9000,2,5,1,1
201420K001044,1,9,0,7,0,8,0,0,0,0,4,1,6,1,36,7,1781,1,14,2,1
201420K001044,2,1,0,18,0,2,0,0,0,0,1,1,6,1,29,6,-1,-1,-1,1,1
201420K001054,1,9,0,18,0,8,0,0,0,0,3,1,6,1,26,6,1956,2,3,3,1
201420K001054,2,9,0,18,0,8,0,0,0,0,1,1,6,2,50,8,1388,1,16,-1,-1
201420K001064,1,9,0,18,0,8,0,0,0,0,3,1,6,1,46,8,-1,-1,-1,2,1
201420K001074,1,9,0,9,0,1,0,0,0,0,4,1,6,1,-1,-1,-1,-1,-1,-1,-1
201420K001084,1,9,0,18,0,1,0,0,0,0,1,1,6,1,28,6,1781,1,15,9,1
201420K001084,2,9,0,3,0,1,0,0,0,0,2,1,1,2,24,5,1560,2,6,1,1
201420K001144,1,8,0,18,0,8,0,0,3,10,4,1,1,1,49,8,1998,2,7,4,1
201420K001144,2,9,0,18,0,8,0,0,0,0,1,1,2,1,59,9,1398,1,13,-1,-1
201420K001154,1,21,1,12,0,8,0,0,0,0,3,2,1,1,53,8,-1,-1,-1,-1,-1
201420K001154,2,9,0,18,0,8,0,0,4,0,4,1,2,2,26,6,1242,1,4,3,1
201420K001164,1,9,0,18,0,1,1,0,0,0,1,1,1,1,50,8,1390,1,9,2,1
201420K001164,2,9,0,10,0,1,0,0,0,0,3,1,2,1,38,7,1749,1,11,5,1
201420K001174,1,9,0,10,0,1,0,0,0,0,2,1,6,1,35,6,1461,2,9,2,1
201420K001174,2,19,0,17,0,1,0,0,0,0,1,1,6,1,-1,-1,2800,2,17,-1,-1
201420K001204,1,9,0,18,0,1,0,0,0,0,1,1,6,1,48,8,1388,1,11,-1,1
201420K001204,2,9,0,8,0,1,0,0,0,0,2,1,6,1,39,7,1598,1,14,1,1
201420K001274,1,9,0,18,0,8,1,0,0,0,1,1,6,1,17,4,1390,1,10,2,1
201420K001274,2,9,0,9,0,5,0,0,7,10,1,1,6,1,18,4,1242,1,1,1,1
201420K001324,1,9,0,18,0,0,1,10,1,5,3,1,1,1,20,4,1596,1,12,3,1
201420K001424,1,9,0,5,0,0,0,0,0,0,2,1,6,3,-1,-1,2800,1,14,-1,-1
201420K001424,2,9,0,3,0,0,0,0,0,0,1,1,6,2,65,9,1598,2,2,2,1
201420K001454,1,9,0,4,0,0,1,0,0,0,2,1,6,2,22,5,1248,2,4,2,1
201420K001454,2,9,0,4,0,0,1,0,0,0,1,1,6,1,34,6,1461,2,5,1,1
201420K001544,1,9,0,7,0,4,0,0,0,0,1,1,1,1,28,6,2521,1,4,7,1
201420K001554,1,9,0,16,0,0,1,10,7,10,1,1,6,1,24,5,1988,1,13,3,1
201420K001574,1,19,0,18,0,1,0,0,0,0,2,1,6,1,31,6,2402,2,7,5,1
201420K001574,2,9,0,18,0,1,1,0,0,0,1,1,6,1,-1,-1,1997,2,12,-1,-1
201420K001594,1,1,0,18,0,8,0,0,0,0,4,1,2,1,43,7,-1,-1,-1,2,1
201420K001594,2,9,0,18,0,8,0,0,0,0,1,1,2,2,24,5,1248,2,6,8,1
201420K001604,1,9,0,4,0,1,0,0,0,0,1,1,1,1,75,10,2499,2,17,1,1
201420K001604,2,9,0,3,0,1,0,0,0,0,2,1,1,2,18,4,1124,1,12,3,1
201420K001694,1,9,0,18,0,2,0,0,0,0,1,1,1,1,36,7,1896,2,10,1,1
201420K001694,2,9,0,18,0,2,0,0,0,0,2,1,1,1,48,8,1781,1,10,2,1
201420K001694,3,9,0,18,0,2,0,0,0,0,1,1,1,1,46,8,-1,-1,-1,2,1
201420K001694,4,9,0,18,0,2,0,0,0,0,2,1,1,1,29,6,1598,2,4,10,1
201420K001704,1,9,0,18,0,8,0,0,0,0,1,1,6,1,42,7,1995,1,10,1,1
201420K001704,2,9,0,9,0,8,0,0,0,0,1,1,6,1,30,6,1388,1,7,1,1
201420K001714,1,9,0,9,0,5,0,0,0,0,1,1,1,1,60,9,-1,-1,-1,2,1
201420K001714,2,3,0,18,0,8,0,0,0,0,1,1,1,1,46,8,124,1,12,3,1
201420K001724,1,3,0,9,0,5,0,0,0,0,3,1,6,1,17,4,124,1,1,5,1
201420K001724,2,9,0,18,0,1,0,0,0,0,1,1,6,3,-1,-1,-1,-1,-1,-1,-1
201420K001754,1,9,0,7,0,3,0,0,0,0,3,1,2,1,42,7,1612,1,1,2,1
201420K001754,2,3,0,7,0,3,0,0,0,0,1,1,6,1,22,5,125,1,1,1,1
201420K001764,1,9,0,18,0,0,0,0,7,10,1,1,1,2,27,6,1149,1,1,3,1
201420K001764,2,9,0,18,0,0,0,0,0,0,1,1,6,3,-1,-1,1360,1,12,-1,-1
201420K001794,1,8,0,9,0,5,0,0,0,0,1,1,1,1,-1,-1,1995,2,10,-1,-1
201420K001794,2,1,0,18,0,8,0,0,0,0,2,1,6,1,38,7,-1,-1,-1,2,1
201420K001834,1,9,0,17,0,0,1,4,0,0,1,1,6,1,17,4,1198,1,12,2,1
201420K001834,2,9,0,2,0,0,0,0,0,0,2,1,6,2,25,5,1598,1,3,1,1
201420K001844,1,8,0,9,0,8,0,0,0,0,3,1,6,1,-1,-1,1497,8,5,-1,-1
201420K001844,2,1,0,18,4,8,0,0,0,0,1,1,2,2,57,9,-1,-1,-1,1,1
201420K001974,1,9,0,18,0,2,0,0,0,0,1,1,6,2,-1,-1,-1,-1,-1,-1,-1
201420K002024,1,9,0,18,0,0,0,0,0,0,1,1,1,1,29,6,1995,2,10,3,1
201420K002024,2,19,0,4,0,0,0,0,0,0,2,1,1,1,36,7,2198,2,2,2,1
201420K002074,1,9,0,10,0,1,0,0,0,0,2,1,3,2,41,7,1390,1,13,2,1
201420K002074,2,9,0,18,0,1,0,0,0,0,1,1,6,2,58,9,1560,2,6,5,1
201420K002074,3,9,0,18,0,1,0,0,0,0,1,1,6,1,59,9,1461,2,10,2,1
201420K002074,4,9,0,18,0,1,0,0,0,0,1,1,1,1,50,8,-1,-1,-1,4,1
201420K002084,1,9,0,9,0,2,0,0,0,0,1,1,2,1,29,6,1995,2,3,4,1
201420K002164,1,9,0,9,0,5,0,0,0,0,1,1,6,2,-1,-1,1997,1,16,-1,-1
201420K002174,1,9,0,4,0,1,1,10,1,2,1,1,2,1,23,5,796,1,14,1,1
201420K002184,1,9,0,5,0,1,0,0,0,0,1,1,6,2,-1,-1,1299,1,11,9,2
201420K002184,2,9,0,5,0,1,0,0,0,0,2,1,6,1,35,6,1598,1,15,1,1
201420K002214,1,9,0,1,0,0,0,0,0,0,2,1,6,1,23,5,1686,2,6,1,1
201420K002374,1,9,0,16,0,0,0,0,0,0,1,1,6,3,-1,-1,-1,-1,-1,-1,-1
201420K002374,2,1,0,16,0,0,0,0,0,0,1,1,6,1,15,3,-1,-1,-1,2,1
201420K002394,1,9,0,1,9,6,0,0,0,0,2,1,6,2,-1,-1,1598,1,9,4,1
201420K002404,1,9,0,18,0,0,0,0,0,0,1,1,6,2,-1,-1,1388,1,9,2,1
201420K002414,1,19,0,18,0,1,0,0,0,0,1,1,1,1,26,6,2402,2,6,3,1
201420K002414,2,9,0,3,0,1,0,0,0,0,2,1,6,1,32,6,4398,1,10,1,1
201420K002424,1,9,0,18,0,0,0,0,0,0,4,1,6,2,29,6,1368,1,4,8,1
201420K002424,2,9,0,18,0,0,0,0,0,0,4,1,6,2,23,5,1686,2,2,3,1
201420K002434,1,9,0,6,0,0,0,0,0,0,3,1,6,1,19,4,1388,1,11,4,1
201420K002434,2,3,0,13,0,0,0,0,0,0,1,1,6,1,16,4,-1,-1,-1,3,1
201420K002504,1,9,0,17,0,8,0,0,0,0,1,1,1,1,37,7,1199,1,15,2,1
201420K002524,1,9,0,18,0,2,0,0,0,0,1,1,6,2,32,6,1587,1,13,3,1
201420K002534,1,19,0,5,0,4,0,0,0,0,3,1,1,1,48,8,2198,2,1,6,1
201420K002534,2,1,0,5,0,4,0,0,0,0,1,1,2,1,32,6,-1,-1,-1,2,1
201420K002644,1,9,0,18,0,0,0,0,0,0,1,1,6,2,32,6,1598,1,9,2,1
201420K002644,2,8,0,18,0,0,0,0,0,0,2,1,1,1,35,6,1997,2,9,1,1
201420K002684,1,9,0,9,0,5,0,0,0,0,1,1,6,1,-1,-1,-1,-1,-1,-1,-1
201420K002704,1,9,0,18,0,2,0,0,0,0,1,1,6,2,32,6,1560,2,3,-1,-1
201420K002714,1,11,0,4,0,0,0,0,0,0,0,1,1,1,41,7,7300,2,12,4,1
201420K002744,1,9,0,7,0,1,0,0,0,0,4,1,6,1,59,9,1560,2,2,9,1
201420K002744,2,1,0,18,0,1,0,0,0,0,1,1,6,1,25,5,-1,-1,-1,1,1
201420K002764,1,90,0,4,0,0,1,0,0,0,1,1,1,1,45,7,2970,2,2,2,1
201420K002764,2,9,0,18,0,0,0,10,0,0,1,1,2,2,47,8,1461,2,2,3,1
201420K002864,1,9,0,18,0,3,1,10,1,10,1,1,1,1,55,8,1988,1,11,1,1
201420K002874,1,8,0,1,0,1,0,0,0,0,2,1,6,1,42,7,1997,2,6,-1,-1
201420K002914,1,9,0,9,0,5,0,0,0,0,4,1,1,1,36,7,1896,2,7,9,2
201420K002914,2,9,0,18,0,8,1,0,0,0,1,1,1,1,24,5,1364,1,6,3,1
201420K002924,1,9,0,18,0,0,1,0,7,0,1,1,6,3,-1,-1,1997,2,5,-1,-1
201420K002924,2,9,0,18,0,0,0,0,0,0,1,1,6,1,24,5,973,1,13,1,1
201420K002954,1,9,0,18,0,0,0,0,0,0,3,1,6,1,-1,-1,-1,-1,-1,-1,-1
201420K002994,1,9,0,18,0,0,0,0,0,0,1,1,6,3,-1,-1,-1,-1,-1,-1,-1
201420K003014,1,9,0,9,0,8,0,0,0,0,1,1,2,1,58,9,1988,1,14,1,1
201420K003014,2,9,0,18,0,8,0,0,0,0,4,1,6,1,53,8,1795,1,15,1,1
201420K003024,1,9,0,9,0,6,0,0,0,0,1,1,6,3,-1,-1,1390,1,8,-1,-1
201420K003024,2,1,0,18,0,2,0,0,0,0,3,1,2,2,34,6,-1,-1,-1,-1,-1
201420K003034,1,9,0,7,0,6,0,0,0,0,1,1,2,1,36,7,1086,1,8,5,1
201420K003034,2,1,0,18,0,8,0,0,0,0,4,1,2,1,41,7,-1,-1,-1,7,1
201420K003064,1,1,0,15,0,1,0,0,0,0,1,1,6,1,41,7,-1,-1,-1,6,1
201420K003064,2,9,0,18,0,1,0,0,0,0,4,1,6,1,19,4,1364,1,7,2,1
201420K003104,1,9,0,18,0,8,0,0,0,0,1,1,6,3,-1,-1,1229,1,3,-1,-1
201420K003104,2,9,0,9,0,8,0,0,0,0,3,1,6,1,51,8,1364,1,4,5,1
201420K003114,1,9,0,18,0,8,1,0,1,0,1,1,1,2,25,5,-1,-1,-1,3,1
201420K003114,2,9,0,5,0,8,1,0,1,0,4,1,1,2,37,7,1360,1,4,4,1
201420K003134,1,9,0,10,0,1,0,0,0,0,2,1,6,2,-1,-1,1753,2,10,4,1
201420K003134,2,9,0,18,0,1,0,7,6,0,3,1,6,3,-1,-1,1598,1,11,-1,-1
201420K003174,1,1,0,18,0,0,0,0,0,0,1,1,6,1,21,5,-1,-1,-1,2,1
201420K003174,2,9,0,18,0,0,0,0,0,0,4,1,2,1,37,7,1769,1,11,2,1
201420K003184,1,9,0,9,0,5,0,0,0,0,3,1,1,1,35,6,1910,2,6,5,1
201420K003224,1,9,0,9,0,8,0,0,0,0,1,1,6,1,52,8,1396,1,15,1,1
201420K003224,2,4,0,18,0,8,5,0,0,0,3,1,2,1,24,5,656,1,6,1,1
201420K003264,1,9,0,9,0,8,0,0,0,0,4,1,6,1,29,6,2401,2,12,-1,1
201420K003264,2,9,0,18,0,8,0,0,0,0,1,1,1,1,38,7,1896,2,5,1,1
201420K003274,1,9,0,9,0,8,0,0,1,7,4,1,6,2,26,6,998,1,8,7,1
201420K003274,2,9,0,18,0,8,0,0,1,7,1,1,6,2,23,5,998,1,7,7,1
201420K003354,1,8,0,5,0,8,0,0,0,0,4,1,1,1,64,9,2151,2,13,1,1
201420K003354,2,8,0,18,0,8,1,0,0,0,3,1,1,1,59,9,1796,1,10,3,1
201420K003364,1,9,0,9,0,8,0,0,0,0,1,1,6,1,40,7,1910,2,6,2,1
201420K003364,2,3,0,13,0,8,0,0,0,0,1,1,6,1,36,7,125,1,14,1,1
201420K003374,1,3,0,13,0,8,0,0,0,0,1,1,6,1,22,5,124,1,11,2,1
201420K003374,2,9,0,9,0,5,0,0,0,0,3,1,6,1,30,6,1598,1,5,1,1
201420K003444,1,10,0,18,0,0,1,0,0,0,1,1,1,1,29,6,-1,-1,-1,2,1
201420K003454,1,9,0,18,0,8,0,0,0,0,3,1,1,2,22,5,1197,1,2,3,1
201420K003454,2,20,0,18,0,6,0,0,0,0,1,1,2,1,-1,-1,-1,2,11,-1,-1
201420K003494,1,8,0,18,0,8,0,0,7,1,1,1,1,1,37,7,1796,1,6,1,1
201420K003494,2,9,0,18,0,8,0,0,1,1,3,1,6,1,52,8,1388,1,11,1,1
201420K003524,1,8,0,5,0,2,0,10,1,1,1,1,1,1,63,9,1910,2,6,1,1
201420K003544,1,9,0,18,0,0,1,7,1,3,3,1,6,1,18,4,1388,1,11,2,1
201420K003564,1,19,0,17,0,0,0,0,0,0,1,1,6,2,27,6,2287,2,3,2,1
201420K003564,2,9,0,16,0,0,0,0,0,0,1,1,6,1,19,4,-1,-1,-1,4,1
201420K003774,1,11,0,18,0,2,0,0,0,0,1,1,6,2,-1,-1,-1,-1,-1,-1,-1
201420K003794,1,9,0,7,0,3,0,0,0,0,1,1,6,1,-1,-1,2993,2,-1,-1,-1
201420K003804,1,9,0,18,0,8,0,0,0,0,2,1,1,2,35,6,1560,2,4,-1,-1
201420K003804,2,9,0,18,0,8,0,0,0,0,1,1,6,1,-1,-1,1984,1,14,1,1
201420K003834,1,9,0,17,0,8,1,0,0,0,1,1,1,2,38,7,-1,-1,-1,9,1
201420K003834,2,19,0,9,0,5,0,0,0,0,4,1,1,1,50,8,-1,-1,-1,1,1
201420K003844,1,9,0,6,0,0,0,0,0,0,1,1,1,2,69,10,1598,1,5,5,1
201420K003844,2,3,0,18,0,0,0,0,0,0,1,1,1,1,19,4,124,1,14,5,1
201420K003944,1,9,0,18,0,1,0,0,0,0,3,1,6,3,-1,-1,-1,-1,-1,-1,-1
201420K003964,1,9,0,18,0,0,0,0,0,0,1,1,6,2,-1,-1,-1,-1,-1,-1,-1
201420K003974,1,9,0,18,6,0,0,0,0,0,1,1,1,2,35,6,796,1,7,3,1
201420K003984,1,9,0,18,0,8,0,0,0,0,1,1,6,1,30,6,1196,1,18,1,1
201420K003984,2,9,0,18,0,8,0,0,0,0,1,1,6,2,21,5,1124,1,13,8,1
201420K003984,3,19,0,9,0,5,0,0,0,0,0,1,1,1,30,6,-1,-1,-1,-1,-1
201420K003994,1,9,0,18,0,0,0,0,0,0,3,1,6,1,55,8,1762,1,15,1,1
201420K003994,2,9,0,18,0,0,5,4,1,0,3,1,6,1,22,5,686,1,6,1,1
201420K004004,1,9,0,18,0,0,0,0,0,0,1,1,6,1,21,5,899,1,14,2,1
201420K004064,1,9,0,9,0,8,0,0,7,7,1,1,6,2,25,5,1242,1,3,6,1
201420K004064,2,9,0,18,0,8,0,0,0,0,1,1,6,2,22,5,999,1,3,1,1
201420K004074,1,9,0,5,0,0,0,0,0,0,1,1,6,1,-1,-1,1598,1,5,-1,-1
201420K004154,1,9,0,9,0,8,0,0,0,0,3,1,6,2,32,6,1796,1,6,1,1
201420K004214,1,9,0,7,0,5,0,0,0,0,1,1,6,1,19,4,1198,1,12,1,1
201420K004214,2,9,0,5,0,1,0,0,0,0,1,1,1,1,55,8,1968,2,7,3,1
201420K004284,1,9,0,18,0,8,0,0,0,0,1,1,6,2,31,6,2499,2,12,1,1