Accident_Index,Vehicle_Reference,Vehicle_Type,Towing_and_Articulation,Vehicle_Manoeuvre,Vehicle_Location-Restricted_Lane,Junction_Location,Skidding_and_Overturning,Hit_Object_in_Carriageway,Vehicle_Leaving_Carriageway,Hit_Object_off_Carriageway,1st_Point_of_Impact,Was_Vehicle_Left_Hand_Drive?,Journey_Purpose_of_Driver,Sex_of_Driver,Age_of_Driver,Age_Band_of_Driver,Engine_Capacity_(CC),Propulsion_Code,Age_of_Vehicle,Driver_IMD_Decile,Driver_Home_Area_Type
201420K502494,1,2,0,18,0,0,0,0,0,0,1,1,6,1,-1,-1,49,1,7,-1,-1
201420K502494,2,9,0,3,0,0,0,0,0,0,2,1,1,2,23,5,1242,1,10,3,1
201420K502504,1,9,0,9,0,2,0,0,0,0,1,1,3,1,54,8,1598,1,10,2,1
201420K502504,2,1,0,18,0,2,0,0,0,0,1,1,6,1,13,3,-1,-1,-1,2,1
201420K502514,1,9,0,1,0,0,0,0,0,0,2,1,6,3,-1,-1,2204,2,7,-1,-1
201420K600414,1,9,0,18,0,8,0,0,0,0,1,1,6,1,-1,-1,973,1,13,-1,-1
201420K600414,2,9,0,7,0,6,0,0,0,0,2,1,6,1,54,8,1590,1,13,4,1
201420K600584,1,19,0,17,0,1,0,0,0,0,3,1,1,1,28,6,1997,2,11,2,1
201420K600584,2,19,0,16,0,2,0,0,0,0,3,1,6,1,-1,-1,-1,-1,-1,-1,-1
201420K601334,1,9,0,18,0,8,0,0,0,0,1,1,2,1,55,8,1598,1,12,2,1
201420K601334,2,9,0,7,0,5,0,0,0,0,2,1,2,1,32,6,2295,1,13,2,1
201420K601884,1,19,0,18,0,8,0,0,0,0,1,1,1,1,63,9,2143,2,3,6,1
201420K601884,2,90,0,18,0,8,0,0,0,0,1,1,2,1,63,9,-1,-1,-1,4,1
201420K601904,1,9,0,5,0,1,0,0,0,0,4,1,6,3,-1,-1,-1,-1,-1,-1,-1
201420K601904,2,20,1,3,0,1,0,0,0,0,3,1,1,1,25,5,-1,-1,-1,2,1
201420K605214,1,9,0,5,0,1,0,0,0,0,1,1,6,1,40,7,2000,2,7,-1,-1
201420K605214,2,1,0,18,0,1,0,0,0,0,1,1,6,1,17,4,-1,-1,-1,2,1
201420K605684,1,9,0,8,0,1,0,0,0,0,2,1,6,2,55,8,1598,1,12,5,1
201420K605684,2,9,0,18,0,1,0,0,0,0,1,1,6,2,19,4,1398,1,1,1,1
201420K606254,1,9,0,9,0,6,0,0,0,0,1,1,6,2,-1,-1,1229,1,5,6,3
201420K606254,2,9,0,18,0,8,0,0,0,0,3,1,6,1,25,5,1368,1,8,8,1
201420K607464,1,5,0,16,0,0,2,10,4,6,3,1,6,1,39,7,599,1,15,1,1
201420K608384,1,9,0,18,0,5,1,0,1,0,1,1,6,1,54,8,1388,1,12,-1,1
201420K608384,2,9,0,4,0,8,0,0,0,0,1,1,2,2,21,5,998,1,12,-1,1
201420K608794,1,9,0,18,0,0,0,4,0,0,1,1,6,1,25,5,1753,2,12,2,1
201420K608794,2,9,0,2,0,0,0,0,0,0,2,1,1,1,65,9,1956,2,4,2,1
201420K608914,1,9,0,18,0,8,0,0,0,0,1,1,6,1,26,6,1597,1,18,6,2
201420K608914,2,9,0,9,0,5,0,0,0,0,1,1,6,2,45,7,1587,1,12,1,1
201420K609644,1,9,0,9,0,5,0,0,0,0,4,1,2,1,30,6,1995,2,9,2,1
201420K609644,2,1,0,18,0,8,0,0,0,0,1,1,2,1,52,8,-1,-1,-1,-1,-1
201420K609874,1,9,0,3,0,1,0,0,0,0,2,1,6,2,22,5,1582,2,7,2,1
201420K609874,2,9,0,4,0,1,0,0,0,0,1,1,6,1,-1,-1,1398,1,16,-1,-1
201420K611144,1,9,0,18,0,1,0,0,0,0,1,1,6,1,-1,-1,-1,-1,-1,-1,-1
201420K611144,2,9,0,6,0,2,0,0,0,0,1,1,6,1,39,7,-1,-1,-1,-1,-1
201420K620924,1,9,0,18,0,1,0,0,0,0,3,1,6,2,22,5,1364,1,9,9,1
201420K658004,1,9,0,18,0,0,0,0,0,0,1,1,6,1,30,6,2143,2,1,3,1
201420L000234,1,8,0,18,0,0,0,0,0,0,1,1,6,1,50,8,-1,-1,-1,-1,-1
201420L000254,1,9,0,18,0,1,0,0,0,0,1,1,6,2,-1,-1,-1,-1,-1,-1,-1
201420L000254,2,9,0,8,0,1,1,0,0,0,2,1,3,2,49,8,1797,8,1,7,3
201420L000374,1,9,0,9,0,5,0,0,0,0,3,1,6,3,-1,-1,-1,-1,-1,-1,-1
201420L000404,1,9,0,14,0,1,0,0,0,0,1,1,6,1,50,8,-1,-1,-1,9,1
201420L000404,2,9,0,18,0,2,0,0,0,0,1,1,6,2,24,5,1396,1,10,3,1
201420L000424,1,19,0,4,0,4,0,0,0,0,1,1,1,1,41,7,1753,2,5,7,1
201420L000424,2,1,0,7,0,3,0,0,0,0,4,1,6,2,34,6,-1,-1,-1,1,1
201420L000454,1,9,0,5,0,8,0,0,0,0,3,1,1,2,21,5,998,1,14,1,1
201420L000454,2,9,0,17,0,8,0,0,0,0,4,1,1,2,33,6,1995,2,7,7,1
201420L000504,1,9,0,18,0,1,0,0,0,0,1,1,6,1,58,9,1242,1,5,10,1
201420L000544,1,9,0,9,0,8,0,0,0,0,0,1,6,1,42,7,2204,2,9,10,1
201420L000574,1,9,0,5,0,0,1,0,0,0,1,1,6,1,52,8,1124,1,11,10,1
201420L000574,2,9,0,3,0,0,0,0,0,0,2,1,6,1,-1,-1,1364,1,8,3,1
201420L000574,3,9,0,3,0,0,0,0,0,0,2,1,6,1,64,9,1399,2,4,7,1
201420L000634,1,9,0,18,0,8,0,0,0,0,4,1,6,1,57,9,1769,1,8,5,1
201420L000674,1,9,0,18,0,2,0,0,0,0,1,1,6,2,35,6,1248,1,4,6,3
201420L000674,2,9,0,6,0,2,0,0,0,0,3,1,6,2,19,4,998,1,1,1,1
201420L000684,1,1,0,18,9,2,0,0,0,0,1,1,6,1,70,10,-1,-1,-1,9,1
201420L000684,2,9,0,9,0,2,0,0,0,0,1,1,2,1,61,9,1329,1,1,8,1
201420L000694,1,9,0,13,0,1,0,0,0,0,1,1,6,1,48,8,1896,2,6,4,1
201420L000694,2,9,0,9,0,1,0,0,0,0,3,1,6,2,41,7,2720,2,9,9,1
201420L000774,1,9,0,18,0,8,0,0,0,0,1,1,6,2,29,6,1582,2,1,1,1
201420L000774,2,9,0,9,0,8,0,0,0,0,4,1,1,2,21,5,998,1,9,5,1
201420L000784,1,9,0,18,0,4,0,0,0,0,1,1,6,2,53,8,1229,1,7,7,1
201420L000784,2,1,0,18,0,3,0,0,0,0,4,1,1,1,39,7,-1,-1,-1,7,1
201420L000834,1,9,0,5,0,8,0,0,0,0,3,1,2,1,44,7,1396,1,14,1,1
201420L000834,2,1,0,18,0,8,0,0,0,0,1,1,2,1,25,5,-1,-1,-1,10,3
201420L000844,1,9,0,18,0,1,1,0,0,0,1,1,6,1,22,5,1796,1,13,10,1
201420L000854,1,9,0,7,0,6,0,0,0,0,3,1,6,1,33,6,1598,1,6,7,1
201420L000854,2,3,0,18,0,8,0,0,0,0,1,1,6,1,19,4,125,1,14,5,1
201420L000884,1,9,0,18,0,1,0,0,0,0,4,1,6,1,-1,-1,-1,-1,-1,-1,-1
201420L000894,1,9,0,18,0,0,0,0,1,2,4,1,6,2,20,4,1398,2,13,1,1
201420L000904,1,8,0,4,0,0,0,0,0,0,1,1,1,1,45,7,1910,2,6,1,1
201420L000964,1,9,0,18,0,2,0,0,0,0,1,1,6,1,-1,-1,1364,1,10,-1,-1
201420L000964,2,9,0,17,0,2,0,0,0,0,4,1,6,1,18,4,1395,1,2,10,2
201420L001034,1,9,0,5,0,1,0,0,0,0,2,1,2,1,-1,-1,1598,1,1,3,1
201420L001034,2,9,0,3,0,1,0,0,0,0,2,1,2,2,45,7,1995,2,12,10,1
201420L001044,1,9,0,18,0,1,0,0,0,0,1,1,6,2,33,6,1364,1,7,4,1
201420L001044,2,9,0,3,0,1,0,0,0,0,2,1,6,2,45,7,1598,1,10,5,1
201420L001044,3,9,0,10,0,1,0,0,0,0,2,1,6,1,52,8,1753,2,10,1,1
201420L001114,1,4,0,14,0,0,0,0,0,0,3,1,1,1,39,7,124,1,4,1,1
201420L001114,2,9,0,18,0,0,0,0,0,0,1,1,6,3,-1,-1,-1,-1,-1,-1,-1
201420L001204,1,9,0,18,0,0,0,0,0,0,1,1,6,1,81,11,1997,2,11,3,1
201420L001244,1,9,0,4,0,0,0,0,0,0,1,1,6,2,71,10,1329,1,4,9,2
201420L001264,1,9,0,3,0,1,0,0,0,0,2,1,1,2,27,6,973,1,12,1,1
201420L001264,2,9,0,5,0,1,0,0,0,0,1,1,1,1,-1,-1,1686,2,4,9,1
201420L001274,1,19,0,18,0,8,0,0,0,0,1,1,1,2,-1,-1,-1,-1,-1,10,1
201420L001274,2,1,0,17,0,8,0,0,0,0,2,1,6,1,18,4,-1,-1,-1,10,1
201420L001354,1,9,0,18,0,4,0,0,0,0,1,1,6,1,-1,-1,1796,1,12,1,1
201420L001354,2,9,0,9,0,4,0,0,0,0,3,1,6,2,30,6,1248,2,8,1,1
201420L001474,1,9,0,4,0,0,0,0,0,0,1,1,2,2,30,6,1248,2,6,10,1
201420L001474,2,5,0,18,0,0,0,0,0,0,1,1,6,1,19,4,645,1,15,8,2
201420L001504,1,9,0,5,0,4,0,0,0,0,1,1,1,1,-1,-1,1968,2,3,-1,-1
201420L001504,2,1,0,18,0,3,0,0,0,0,4,1,1,1,52,8,-1,-1,-1,9,1
201420L001514,1,9,0,4,0,0,0,0,0,0,1,1,6,1,41,7,2967,2,3,9,1
201420L001514,2,9,0,3,0,0,0,0,0,0,2,1,6,1,50,8,1598,1,3,4,1
201420L001514,3,19,0,3,0,0,0,0,0,0,2,1,6,1,52,8,2198,2,2,2,1
201420L001524,1,9,0,18,0,4,0,0,0,0,1,1,6,2,25,5,1390,1,10,6,1
201420L001524,2,19,0,18,0,4,5,0,0,0,4,1,6,1,26,6,1560,2,1,2,1
201420L001534,1,9,0,16,0,8,0,0,1,1,1,1,6,1,26,6,1390,1,13,5,3
201420L001544,1,9,0,18,0,1,0,0,0,0,1,1,6,2,63,9,1995,2,1,9,1
201420L001544,2,9,0,9,0,1,0,0,0,0,2,1,6,1,23,5,1598,1,10,7,1
201420L001554,1,9,0,1,9,8,0,0,0,0,2,1,2,1,41,7,2993,2,3,9,1
201420L001694,1,9,0,7,0,4,0,0,0,0,3,1,6,2,60,9,1329,1,3,7,1
201420L001694,2,1,0,18,0,8,0,0,0,0,4,1,6,1,36,7,-1,-1,-1,-1,1
201420L001704,1,9,0,18,0,0,0,0,0,0,1,1,6,1,22,5,1598,1,5,3,1
201420L001714,1,9,0,9,0,8,0,0,0,0,4,1,6,2,68,10,1781,1,18,-1,1
201420L001714,2,1,0,18,0,8,0,0,0,0,1,1,6,1,60,9,-1,-1,-1,6,3
201420L001724,1,8,0,18,0,8,0,0,0,0,1,1,1,1,29,6,1686,2,10,1,1
201420L001724,2,9,0,9,0,6,0,0,1,3,1,1,2,2,21,5,1149,1,8,5,1
201420L001764,1,9,0,18,0,8,0,0,0,0,1,1,6,1,31,6,1598,1,13,2,1
201420L001764,2,9,0,18,0,8,0,0,1,0,1,1,6,2,60,9,1389,1,16,4,1
201420L001784,1,9,0,9,0,8,0,0,0,0,1,1,6,2,18,4,1398,1,8,1,1
201420L001784,2,9,0,18,0,8,0,0,1,10,1,1,6,1,24,5,1986,2,7,1,1
201420L001784,3,9,0,10,0,1,0,0,0,0,1,1,6,2,44,7,1242,1,3,9,1
201420L001794,1,9,0,9,0,6,0,0,0,0,3,1,6,1,18,4,1596,1,13,7,2
201420L001794,2,9,0,18,0,8,0,0,0,0,1,1,6,1,22,5,1896,2,11,7,2
201420L001824,1,9,0,18,0,8,0,0,0,0,1,1,2,1,-1,-1,-1,-1,-1,-1,-1
201420L001824,2,9,0,9,0,8,0,0,0,0,4,1,2,2,33,6,1781,1,16,9,1
201420L001874,1,9,0,18,0,8,0,0,0,0,4,1,6,1,66,10,2987,2,7,7,3
201420L001874,2,1,0,18,0,8,0,0,0,0,1,1,2,1,49,8,-1,-1,-1,6,1
201420L001894,1,9,0,18,0,0,0,0,0,0,1,1,6,1,-1,-1,1999,1,12,-1,-1
201420L001904,1,9,0,17,0,0,0,0,0,0,1,1,6,1,88,11,1596,1,10,5,1
201420L001934,1,9,0,9,9,8,0,0,0,0,1,1,1,2,43,7,1360,1,7,10,1
201420L001944,1,5,0,17,0,1,0,0,7,0,4,1,6,1,63,9,599,1,15,5,1
201420L001944,2,8,0,9,0,1,0,0,0,0,3,1,1,1,34,6,1794,1,9,-1,1
201420L002044,1,9,0,1,0,0,0,0,0,0,2,1,6,1,69,10,1991,1,13,1,1
201420L002064,1,21,0,14,0,2,0,0,0,0,4,1,1,1,45,7,8970,2,11,8,1
201420L002064,2,1,0,18,0,2,0,0,0,0,2,1,6,2,70,10,-1,-1,-1,7,1
201420L002094,1,9,0,5,0,4,0,0,0,0,1,1,1,1,60,9,1753,2,6,1,1
201420L002094,2,1,0,18,0,8,0,0,0,0,2,1,2,1,52,8,-1,-1,-1,10,1
201420L002194,1,9,0,18,0,3,0,0,0,0,1,1,6,2,-1,-1,1396,1,11,-1,-1
201420L002194,2,9,0,11,0,3,0,0,0,0,2,1,2,2,22,5,1398,1,1,7,1
201420L002214,1,8,0,18,0,0,0,0,0,0,4,1,6,1,-1,-1,3222,2,11,-1,-1
201420L002224,1,3,0,12,0,1,0,0,0,0,3,1,6,1,17,4,124,1,11,1,1
201420L002224,2,9,0,18,0,1,0,0,0,0,4,1,6,1,52,8,1753,2,5,5,1
201420L002344,1,9,0,18,0,0,0,0,0,0,1,1,1,1,51,8,1910,2,7,3,1
201420L002354,1,9,0,18,0,0,0,0,0,0,1,1,1,2,51,8,2179,2,3,6,1
201420L002354,2,9,0,4,0,0,0,0,0,0,2,1,1,2,59,9,973,1,12,6,1
201420L002354,3,9,0,4,0,0,0,0,0,0,2,1,1,1,47,8,2231,2,8,7,1
201420L002364,1,3,0,13,0,8,0,0,0,0,4,1,1,1,31,6,124,1,9,6,1
201420L002364,2,9,0,9,0,8,0,0,0,0,3,1,1,2,33,6,1910,2,7,4,1
201420L002374,1,9,0,18,0,3,0,0,1,9,1,1,2,2,36,7,1686,2,4,10,1
201420L002374,2,9,0,7,0,3,0,0,0,0,1,1,3,2,24,5,1197,1,-1,7,2
201420L002394,1,9,0,18,0,1,0,0,0,0,1,1,1,1,31,6,1896,2,8,3,1
201420L002394,2,19,0,7,0,6,0,0,0,0,1,1,1,1,45,7,2198,2,3,2,1
201420L002484,1,9,0,13,0,0,0,0,2,10,4,1,6,1,51,8,1560,2,3,-1,1
201420L002484,2,21,1,18,0,0,0,0,0,0,1,1,1,1,-1,-1,10837,2,3,-1,1
201420L002534,1,10,0,16,0,2,0,0,0,0,1,1,1,1,56,9,-1,-1,-1,3,1
201420L002534,2,9,0,16,0,2,0,0,0,0,2,1,2,2,33,6,1896,2,9,3,1
201420L002534,3,9,0,16,0,2,0,0,0,0,1,1,2,2,29,6,2993,2,6,6,1
201420L002534,4,9,0,16,0,2,0,0,0,0,1,1,2,1,52,8,995,1,4,6,1
201420L002534,5,9,0,18,0,2,0,0,0,0,2,1,6,1,47,8,2394,1,7,4,1
201420L002604,1,9,0,18,0,1,0,0,0,0,1,1,6,2,29,6,1461,2,4,1,1
201420L002604,2,9,0,4,0,1,0,0,0,0,2,1,6,1,47,8,1995,2,-1,8,1
201420L002614,1,21,0,9,9,6,0,0,0,0,3,2,6,1,-1,-1,-1,-1,-1,-1,-1
201420L002634,1,9,0,7,4,8,0,0,0,0,1,1,6,3,-1,-1,-1,-1,-1,-1,-1
201420L002634,2,1,0,18,4,8,0,0,0,0,4,1,6,1,64,9,-1,-1,-1,9,3
201420L002704,1,9,0,18,0,0,0,0,0,0,1,1,6,1,45,7,1997,2,3,1,1
201420L002724,1,9,0,18,0,0,5,4,0,0,1,1,6,1,23,5,1368,1,5,6,1
201420L002724,2,9,0,2,0,0,0,0,0,0,2,1,6,2,-1,-1,1753,2,12,-1,-1
201420L002734,1,9,0,18,0,2,0,0,0,0,1,1,6,3,-1,-1,-1,-1,-1,-1,-1
201420L002734,2,8,0,18,0,2,0,0,0,0,2,1,1,1,66,10,1796,1,10,2,1
201420L002774,1,8,0,5,0,1,0,0,0,0,0,1,1,1,44,7,1497,8,9,1,1
201420L002804,1,9,0,16,0,3,1,7,7,7,3,1,6,1,23,5,1895,1,14,1,1
201420L002814,1,9,0,18,0,1,0,0,0,0,1,1,6,2,29,6,1242,1,5,3,1
201420L002814,2,9,0,18,0,1,0,0,0,0,2,1,6,2,50,8,1796,1,13,1,1
201420L002814,3,9,0,7,0,5,0,0,0,0,0,1,6,1,-1,-1,1998,1,10,-1,-1
201420L002844,1,9,0,9,0,8,0,0,0,0,1,1,6,2,54,8,1086,1,4,1,1
201420L002844,2,9,0,18,0,8,0,0,0,0,4,1,6,1,46,8,1348,1,14,8,1
201420L002924,1,9,0,18,0,0,0,0,0,0,4,1,6,1,-1,-1,1870,2,10,-1,-1
201420L002934,1,1,0,18,0,0,0,0,0,0,1,1,6,3,-1,-1,-1,-1,-1,-1,-1
201420L002934,2,9,0,5,0,0,0,0,0,0,1,1,6,1,49,8,2926,2,11,10,1
201420L002944,1,11,0,5,0,1,1,0,0,0,0,1,1,1,-1,-1,-1,-1,-1,-1,-1
201420L003004,1,9,0,18,0,4,0,0,0,0,3,1,6,2,19,4,1390,1,1,10,1
201420L003004,2,3,0,18,0,8,0,0,0,0,1,1,6,1,19,4,-1,-1,-1,6,1
201420L003014,1,9,0,18,0,8,0,0,0,0,4,1,1,2,34,6,1956,2,2,9,1
201420L003014,2,9,0,18,0,4,0,0,0,0,1,1,6,1,22,5,1149,1,10,1,1
201420L003024,1,9,0,18,0,0,0,0,0,0,1,1,6,1,40,7,1598,1,11,-1,1
201420L003044,1,9,0,18,0,8,0,0,0,0,1,1,6,1,73,10,1596,1,18,2,1
201420L003044,2,9,0,9,0,5,0,0,0,0,1,1,6,1,31,6,1686,2,11,2,1
201420L003104,1,9,0,9,0,8,0,0,0,0,1,1,6,2,84,11,1598,1,3,5,1
201420L003104,2,1,0,18,0,8,0,0,0,0,1,1,6,1,50,8,-1,-1,-1,6,1
201420L003174,1,9,0,18,9,2,0,10,0,0,1,1,6,2,20,4,1388,1,12,2,1
201420L003234,1,5,0,13,0,0,0,0,7,0,4,1,2,1,58,9,885,1,17,7,1
201420L003234,2,8,0,5,0,0,0,0,0,0,3,1,2,1,40,7,1896,2,12,8,1
201420L003244,1,9,0,9,0,6,0,0,0,0,1,1,6,1,56,9,-1,-1,-1,-1,-1
201420L003294,1,9,0,5,0,4,0,0,0,0,1,1,6,1,76,11,1596,1,9,9,1
201420L003294,2,9,0,5,0,4,0,0,0,0,1,1,6,1,24,5,1560,2,8,4,1
201420L003314,1,8,0,9,0,6,0,0,0,0,1,1,6,1,70,10,-1,-1,-1,5,1
201420L003314,2,5,0,14,0,8,0,0,0,0,4,1,6,1,52,8,750,1,6,3,1
201420L003394,1,9,0,7,0,8,0,0,0,0,1,1,6,1,-1,-1,-1,-1,-1,-1,-1
201420L003394,2,1,0,18,0,8,0,0,0,0,1,1,6,1,-1,-1,-1,-1,-1,7,3
201420L003434,1,9,0,18,0,8,0,0,0,0,2,1,1,2,34,6,1798,1,7,10,1
201420L003434,2,9,0,18,0,8,0,0,0,0,1,1,6,1,49,8,1956,2,2,-1,-1
201420L003464,1,9,0,18,0,1,1,0,7,0,1,1,6,1,18,4,1390,1,12,10,1
201420L003464,2,9,0,4,0,1,0,0,0,0,2,1,6,1,46,8,1896,2,12,1,1
201420L003574,1,8,0,18,0,0,0,0,0,0,1,1,1,1,60,9,-1,-1,-1,2,1
201420L003574,2,9,0,3,0,0,0,0,0,0,2,1,1,1,-1,-1,1560,2,3,-1,-1
201420L003574,3,9,0,3,0,0,0,0,0,0,2,1,6,1,41,7,1995,2,11,1,1
201420L003594,1,9,0,18,0,0,0,0,0,0,4,1,6,2,34,6,1368,1,1,7,1
201420L003664,1,9,0,18,0,1,0,0,0,0,1,1,6,1,52,8,1560,2,10,1,1
201420L003704,1,9,0,16,0,3,0,0,0,0,1,1,2,1,19,4,1149,1,12,7,1
201420L003764,1,9,0,4,0,1,0,0,0,0,1,1,2,2,45,7,998,1,2,1,1
201420L003774,1,9,0,18,0,1,0,0,0,0,4,1,3,3,-1,-1,-1,-1,-1,-1,-1
201420L003934,1,19,0,18,0,4,0,0,0,0,1,1,2,1,-1,-1,1753,2,10,9,1
201420L003934,2,5,0,18,0,3,2,10,0,0,4,1,2,1,26,6,600,1,58,4,3
201420L004014,1,9,0,18,0,4,0,0,0,0,3,1,6,2,84,11,999,1,12,7,1
201420L004014,2,9,0,18,0,3,0,0,0,0,1,1,6,1,66,10,1086,1,9,8,3
201420L004024,1,9,0,4,0,2,0,0,0,0,1,1,6,2,-1,-1,1149,1,12,-1,-1
201420L004024,2,9,0,3,0,2,0,0,0,0,2,1,2,1,50,8,1988,1,9,4,1
201420L004034,1,9,0,4,0,0,0,0,0,0,1,1,6,1,-1,-1,1299,1,15,7,1
201420L004034,2,9,0,4,0,0,0,0,0,0,2,1,2,2,34,6,1598,1,13,1,1
201420L004074,1,9,0,4,0,1,0,0,0,0,1,1,6,1,-1,-1,1560,2,2,-1,-1
201420L004074,2,9,0,4,0,1,0,0,0,0,2,1,6,2,47,8,1598,1,8,2,1
201420L004084,1,1,0,9,0,8,0,0,0,0,1,1,6,2,25,5,-1,-1,-1,10,1
201420L004084,2,9,0,18,0,8,0,0,0,0,4,1,6,2,84,11,1199,1,15,10,1
201420L004114,1,9,0,18,0,2,0,0,0,0,1,1,6,1,-1,-1,1686,2,12,-1,-1
201420L004114,2,9,0,2,0,2,0,0,0,0,2,1,1,1,42,7,2179,2,8,7,1
201420L004144,1,9,0,18,0,1,0,0,0,0,4,1,1,1,-1,-1,-1,-1,-1,-1,-1
201420L004144,2,1,0,18,0,1,0,0,1,0,1,1,6,1,50,8,-1,-1,-1,9,1
201420L004174,1,19,0,5,5,6,0,0,0,0,1,1,1,1,20,4,1560,2,5,6,1
201420L004174,2,1,0,18,5,8,0,0,0,0,1,1,6,2,53,8,-1,-1,-1,-1,-1
201420L004214,1,9,0,13,0,1,0,0,0,0,4,1,1,1,-1,-1,-1,-1,-1,-1,-1
201420L004214,2,1,0,9,0,1,0,0,0,0,1,1,1,1,29,6,-1,-1,-1,1,1
201420L004234,1,11,0,1,0,2,0,0,0,0,2,1,6,1,-1,-1,-1,-1,-1,-1,-1
201420L004264,1,9,0,5,0,6,0,0,0,0,1,1,6,2,43,7,2438,1,16,6,3
201420L004264,2,9,0,18,0,8,0,0,0,0,1,1,6,1,19,4,1149,1,11,-1,1
201420L004274,1,9,0,9,0,8,0,0,0,0,1,1,6,2,-1,-1,1596,1,8,-1,-1
201420L004274,2,9,0,18,0,8,0,0,0,0,3,1,6,1,39,7,1388,1,9,3,1
201420L004314,1,8,0,9,0,8,0,0,0,0,1,1,1,1,33,6,2231,2,6,1,1
201420L004314,2,1,0,18,0,8,2,0,0,0,4,1,2,1,43,7,-1,-1,-1,10,1
201420L004334,1,11,0,18,0,0,0,0,0,0,1,1,1,1,58,9,7300,2,2,3,1
201420L004354,1,9,0,18,0,0,0,0,0,0,1,1,6,1,18,4,998,1,1,7,3
201420L004364,1,21,1,12,0,0,0,0,0,0,3,1,1,1,48,8,10837,2,3,9,1
201420L004364,2,9,0,18,0,0,0,0,0,0,1,1,1,1,54,8,-1,-1,-1,-1,2
201420L004384,1,21,1,18,0,8,0,0,0,0,1,1,1,1,60,9,12900,2,4,10,1
201420L004384,2,2,0,18,0,8,1,0,0,0,1,1,6,1,52,8,49,1,9,9,2
201420L004424,1,9,0,18,0,0,1,0,8,3,1,1,2,1,24,5,1396,1,12,7,2
201420L004494,1,9,0,9,0,5,0,0,0,0,1,1,6,1,55,8,1598,1,14,6,3
201420L004494,2,9,0,18,0,8,0,0,1,0,1,1,6,2,72,10,-1,-1,-1,10,1
201420L004534,1,9,0,4,0,0,0,0,0,0,1,1,2,1,42,7,998,1,1,9,1
201420L004534,2,19,0,3,0,0,0,0,0,0,2,1,1,1,53,8,1968,2,-1,3,1
201420L004544,1,3,0,12,0,0,0,0,0,0,3,1,6,1,28,6,124,1,13,6,1
201420L004544,2,9,0,18,0,0,0,0,0,0,1,1,6,3,-1,-1,-1,-1,-1,-1,-1
201420L004564,1,1,0,18,9,8,0,0,0,0,3,1,1,1,30,6,-1,-1,-1,2,1
201420L004564,2,9,0,18,9,8,0,0,0,0,1,1,6,2,-1,-1,-1,-1,-1,-1,-1
201420L004584,1,9,0,18,0,8,0,0,0,0,1,1,6,2,19,4,1198,1,1,10,1
201420L004584,2,9,0,18,0,8,0,0,0,0,2,1,6,1,-1,-1,1149,1,7,-1,-1
201420L004584,3,8,0,7,0,5,0,0,0,0,0,1,6,3,-1,-1,-1,-1,-1,-1,-1
201420L004694,1,9,0,18,0,0,0,4,0,0,1,1,6,2,36,7,1598,1,18,3,1
201420L004694,2,19,0,2,0,0,0,0,1,7,1,1,1,1,26,6,2148,2,5,5,1
201420L004704,1,9,0,18,0,8,0,0,0,0,1,1,6,1,19,4,4367,2,-1,9,1
201420L004704,2,9,0,9,0,6,0,0,1,4,3,1,6,1,60,9,-1,-1,-1,9,1
201420L004724,1,9,0,4,0,2,1,0,0,0,1,1,6,1,23,5,1329,1,4,3,1
201420L004724,2,1,0,18,0,2,0,0,0,0,1,1,6,1,46,8,-1,-1,-1,1,1
201420L004734,1,1,0,18,0,8,0,0,0,0,1,1,6,1,40,7,-1,-1,-1,1,1
201420L004734,2,9,0,7,0,6,0,0,0,0,3,1,6,2,19,4,973,1,12,-1,-1
201420L004754,1,9,0,18,0,0,0,0,0,0,1,1,6,1,42,7,1390,1,5,9,2
201420L004754,2,8,0,4,0,0,0,0,0,0,2,1,6,1,39,7,1797,8,4,2,1
201420L004754,3,9,0,4,0,0,0,0,0,0,2,1,6,1,50,8,1995,2,14,5,1
201420L004754,4,9,0,4,0,0,0,0,0,0,2,1,6,1,65,9,1995,2,1,9,1
201420L004764,1,9,0,18,0,0,1,10,7,4,1,1,6,1,25,5,1598,1,7,-1,-1
201420L004794,1,9,0,13,0,0,0,0,0,0,4,1,2,1,32,6,2191,2,1,6,1
201420L004794,2,9,0,18,0,0,0,0,0,0,1,1,2,1,42,7,-1,-1,-1,9,2
201420L004814,1,21,1,11,0,8,0,0,0,0,4,1,1,1,30,6,11967,2,6,3,1
201420L004814,2,5,0,3,0,8,0,0,0,0,3,1,6,1,32,6,599,1,6,7,1
201420L004824,1,8,0,18,0,1,0,0,0,0,1,1,6,1,59,9,1997,2,8,8,1
201420L004824,2,1,0,18,0,1,0,0,0,0,2,1,6,1,12,3,-1,-1,-1,8,1
201420L004834,1,9,0,9,0,6,0,0,0,0,1,1,6,2,35,6,1229,1,3,2,1
201420L004834,2,9,0,18,0,8,0,0,0,0,3,1,6,2,45,7,1399,1,11,7,1
201420L004844,1,9,0,18,0,8,0,0,7,0,1,1,6,1,19,4,1360,1,7,8,1
201420L004844,2,9,0,9,0,6,0,0,0,0,1,1,6,2,80,11,1596,1,8,-1,-1
201420L004864,1,9,0,9,0,5,0,0,0,0,4,1,6,1,21,5,1149,1,10,7,1