Accident_Index,Vehicle_Reference,Vehicle_Type,Towing_and_Articulation,Vehicle_Manoeuvre,Vehicle_Location-Restricted_Lane,Junction_Location,Skidding_and_Overturning,Hit_Object_in_Carriageway,Vehicle_Leaving_Carriageway,Hit_Object_off_Carriageway,1st_Point_of_Impact,Was_Vehicle_Left_Hand_Drive?,Journey_Purpose_of_Driver,Sex_of_Driver,Age_of_Driver,Age_Band_of_Driver,Engine_Capacity_(CC),Propulsion_Code,Age_of_Vehicle,Driver_IMD_Decile,Driver_Home_Area_Type
201420L004864,2,1,0,18,0,8,0,0,0,0,1,1,2,1,62,9,-1,-1,-1,9,1
201420L004944,1,9,0,9,0,6,0,0,0,0,1,1,1,1,56,9,2496,2,12,8,1
201420L004944,2,9,0,18,0,8,0,0,0,0,4,1,6,2,66,10,1598,1,1,1,1
201420L004954,1,9,0,1,0,8,0,0,0,0,2,1,6,2,-1,-1,1242,1,-1,1,1
201420L004954,2,9,0,18,0,8,0,0,0,0,4,1,6,1,71,10,1999,1,1,2,1
201420L004984,1,9,0,18,0,0,2,7,0,0,1,1,6,1,26,6,1086,1,6,1,1
201420L005024,1,9,0,18,0,0,5,0,1,0,1,1,6,3,-1,-1,1998,1,13,-1,-1
201420L005024,2,9,0,18,0,0,1,0,1,0,2,1,6,1,51,8,1242,1,17,3,1
201420L005054,1,9,0,18,0,0,1,0,0,0,1,1,6,2,66,10,1364,2,7,3,1
201420L005054,2,11,0,18,0,0,0,0,0,0,1,1,1,1,43,7,7300,2,10,1,1
201420L005064,1,9,0,18,0,1,0,0,0,0,4,1,6,2,46,8,1870,2,9,8,1
201420L005064,2,9,0,18,0,1,0,0,0,0,3,1,1,2,36,7,-1,3,1,-1,-1
201420L005144,1,9,0,9,0,6,0,0,0,0,3,1,6,1,18,4,1598,1,7,3,1
201420L005144,2,3,0,18,0,8,0,0,0,0,1,1,6,2,20,4,125,1,8,8,1
201420L005174,1,9,0,18,0,0,5,10,7,4,1,1,6,1,71,10,2449,2,17,6,1
201420L005184,1,9,0,9,0,8,0,0,0,0,4,1,2,1,21,5,1396,1,14,4,1
201420L005184,2,9,0,18,0,8,0,0,0,0,1,1,2,2,27,6,1598,1,4,7,1
201420L005194,1,9,0,18,0,0,0,0,0,0,1,1,6,2,26,6,1229,1,7,-1,1
201420L005194,2,1,0,18,0,0,0,0,0,0,1,1,6,2,10,2,-1,-1,-1,-1,-1
201420L005204,1,19,0,9,0,6,0,0,0,0,1,1,1,3,-1,-1,-1,-1,-1,-1,-1
201420L005204,2,1,0,18,0,8,0,0,0,0,4,1,6,1,32,6,-1,-1,-1,1,1
201420L005214,1,90,0,18,9,0,0,0,7,10,1,1,6,1,25,5,-1,-1,-1,3,1
201420L005234,1,9,0,18,0,6,0,0,0,0,1,1,1,1,21,5,-1,-1,-1,5,3
201420L005234,2,9,0,18,0,8,0,0,1,1,3,1,6,1,23,5,1896,2,11,-1,-1
201420L005234,3,9,0,10,0,1,0,0,0,0,1,1,6,2,41,7,1560,2,4,7,3
201420L005254,1,9,0,5,0,4,0,0,0,0,1,1,6,1,65,9,1685,2,2,8,1
201420L005254,2,1,0,18,0,8,0,0,0,0,1,1,6,1,32,6,-1,-1,-1,7,1
201420L005304,1,9,0,18,0,8,0,0,0,0,1,1,6,1,37,7,-1,-1,-1,5,1
201420L005304,2,9,0,9,0,8,0,0,0,0,4,1,6,2,32,6,1968,2,1,3,1
201420L005324,1,9,0,9,0,8,0,0,0,0,1,1,6,1,24,5,1596,1,12,1,1
201420L005324,2,9,0,18,0,8,0,0,0,0,1,1,6,1,32,6,1968,2,9,4,1
201420L005344,1,1,0,18,0,0,0,0,0,0,4,1,6,1,16,4,-1,-1,-1,-1,-1
201420L005344,2,9,0,18,0,0,0,0,0,0,1,1,6,2,49,8,1999,1,5,-1,-1
201420L005364,1,9,0,18,0,0,0,0,0,0,1,1,6,1,31,6,2967,2,5,4,1
201420L005364,2,9,0,4,0,0,0,0,0,0,2,1,6,2,42,7,1997,2,11,2,1
201420L005394,1,9,0,18,0,1,0,0,0,0,1,1,1,2,54,8,1248,2,6,9,1
201420L005394,2,9,0,3,0,1,0,0,0,0,2,1,2,1,42,7,2198,2,7,2,1
201420L005404,1,9,0,7,0,4,0,0,0,0,1,1,6,2,67,10,-1,-1,-1,3,1
201420L005404,2,1,0,5,0,4,0,0,0,0,2,1,6,1,53,8,-1,-1,-1,6,1
201420L005414,1,9,0,18,0,8,0,0,0,0,1,1,1,1,36,7,1497,8,8,7,1
201420L005414,2,9,0,9,0,5,1,0,0,0,3,1,6,2,32,6,1499,2,-1,4,1
201420L005484,1,5,0,18,9,8,1,0,0,0,1,1,6,1,54,8,600,1,1,1,1
201420L005484,2,9,0,9,9,8,0,0,0,0,3,1,6,1,38,7,1198,1,-1,3,1
201420L005494,1,9,0,18,0,2,0,0,0,0,1,1,2,1,52,8,1360,1,2,8,3
201420L005494,2,1,0,18,0,2,0,0,0,0,3,1,2,1,55,8,-1,-1,-1,1,1
201420L005544,1,9,0,10,0,1,0,0,0,0,2,1,2,2,32,6,1896,2,8,-1,-1
201420L005544,2,1,0,4,0,1,0,0,0,0,2,1,2,2,29,6,-1,-1,-1,8,1
201420L005554,1,9,0,18,0,8,1,0,1,2,1,1,6,3,-1,-1,4163,1,3,-1,-1
201420L005554,2,10,0,18,0,8,1,0,0,0,4,1,1,1,61,9,-1,-1,-1,1,1
201420L005584,1,9,0,3,0,1,0,0,0,0,2,1,6,1,31,6,1896,2,8,3,1
201420L005584,2,11,0,18,0,1,0,0,0,0,1,1,6,1,-1,-1,7300,2,13,-1,-1
201420L005594,1,9,0,9,0,6,0,0,1,1,1,1,6,2,82,11,1364,1,6,10,1
201420L005594,2,9,0,18,0,8,0,0,0,0,1,1,6,1,73,10,1781,1,23,10,1
201420L005614,1,19,0,5,0,8,0,0,0,0,1,1,6,1,-1,-1,-1,-1,-1,-1,-1
201420L005654,1,9,0,7,0,1,1,0,1,1,1,1,6,2,21,5,2494,1,16,10,2
201420L005654,2,21,0,18,0,1,0,0,0,0,1,1,1,1,46,8,12740,2,4,7,3
201420L005654,3,90,0,18,0,1,0,0,0,0,1,1,1,1,27,6,4751,2,13,7,1
201420L005684,1,9,0,18,0,0,0,0,0,0,1,1,6,3,-1,-1,-1,-1,-1,-1,-1
201420L005684,2,1,0,18,0,0,0,0,0,0,3,1,6,1,34,6,-1,-1,-1,7,1
201420L005704,1,9,0,11,0,0,0,0,0,0,3,1,2,2,27,6,2000,1,10,10,1
201420L005704,2,3,0,12,0,0,0,0,0,0,4,1,2,1,23,5,125,1,2,3,1
201420L005724,1,8,0,18,0,3,5,10,1,0,4,1,1,1,46,8,-1,-1,-1,-1,1
201420L005764,1,9,0,5,9,0,0,10,1,0,1,1,6,2,60,9,1598,1,10,10,1
201420L005784,1,9,0,5,0,2,0,0,0,0,1,1,6,1,68,10,1560,2,5,8,1
201420L005904,1,9,0,18,0,8,1,0,3,9,3,1,1,1,20,4,1997,1,10,10,2
201420L005904,2,9,0,18,0,8,0,0,1,1,1,1,1,1,24,5,1896,2,6,9,1
201420L006034,1,9,0,9,9,6,0,10,7,10,1,1,6,1,47,8,1299,1,10,10,1
201420L006244,1,19,0,17,0,0,0,0,0,0,1,1,1,1,22,5,-1,-1,-1,-1,-1
201420L006244,2,9,0,16,0,0,0,0,0,0,1,1,2,1,31,6,2497,2,12,1,1
201420L006264,1,9,0,18,0,1,0,0,0,0,1,1,6,1,-1,-1,-1,-1,-1,-1,-1
201420L006264,2,9,0,3,0,1,0,0,0,0,2,1,6,1,62,9,1299,1,13,-1,-1
201420L006264,3,9,0,3,0,1,0,0,0,0,2,1,6,1,-1,-1,-1,-1,-1,-1,-1
201420L006314,1,9,0,5,0,4,0,0,0,0,1,1,6,1,79,11,1560,2,5,10,3
201420L006314,2,1,0,7,0,3,0,0,0,0,4,1,2,1,36,7,-1,-1,-1,6,1
201420L006324,1,9,0,7,0,5,0,0,0,0,4,1,6,1,76,11,4608,1,8,10,1
201420L006324,2,1,0,18,5,8,0,0,0,0,1,1,6,1,43,7,-1,-1,-1,1,1
201420L006424,1,9,0,17,0,8,0,0,0,0,1,1,1,2,52,8,1399,1,8,1,1
201420L006424,2,1,0,17,0,8,0,0,0,0,4,1,6,1,73,10,-1,-1,-1,5,1
201420L006474,1,9,0,18,0,1,0,0,0,0,1,1,6,2,40,7,-1,-1,-1,8,1
201420L006494,1,9,0,18,0,2,5,10,3,2,1,1,6,1,30,6,1984,1,4,1,1
201420L006494,2,9,0,18,0,2,0,0,0,0,0,1,1,1,-1,-1,2993,2,1,-1,-1
201420L006504,1,9,0,18,0,2,0,0,0,0,2,1,6,2,75,10,1598,1,6,2,1
201420L006504,2,9,0,18,0,2,1,0,0,0,1,1,6,1,21,5,1398,2,11,2,1
201420L006514,1,9,0,18,9,8,0,0,0,0,1,1,6,1,-1,-1,-1,-1,-1,-1,-1
201420L006514,2,1,0,18,9,8,0,0,0,0,2,1,1,2,23,5,-1,-1,-1,1,1
201420L006524,1,9,0,9,0,8,0,0,0,0,2,1,6,1,55,8,1995,2,6,1,1
201420L006524,2,1,0,18,0,8,0,0,0,0,1,1,6,1,53,8,-1,-1,-1,7,1
201420L006544,1,9,0,18,0,0,0,0,0,0,1,1,6,2,34,6,1968,2,1,10,1
201420L006554,1,19,0,18,0,0,0,0,0,0,1,1,1,1,46,8,2300,2,8,1,1
201420L006554,2,9,0,18,0,0,0,0,0,0,1,1,6,1,29,6,1781,1,13,1,1
201420L006594,1,9,0,18,0,1,0,0,0,0,1,1,1,1,21,5,1242,1,9,8,1
201420L006594,2,9,0,3,0,1,0,0,0,0,2,1,6,2,29,6,1995,2,5,1,1
201420L006734,1,9,0,4,0,0,0,0,0,0,1,1,6,1,-1,-1,1796,7,9,4,1
201420L006744,1,9,0,18,0,4,0,0,0,0,1,1,6,1,67,10,-1,-1,-1,1,1
201420L006744,2,1,0,9,0,4,0,0,0,0,2,1,6,1,64,9,-1,-1,-1,8,1
201420L006754,1,9,0,9,5,1,0,0,0,0,1,1,6,1,-1,-1,-1,-1,-1,-1,-1
201420L006754,2,1,0,18,0,1,0,0,0,0,2,1,6,1,20,4,-1,-1,-1,-1,3
201420L006774,1,9,0,18,0,0,0,0,0,0,4,1,6,1,-1,-1,-1,-1,-1,-1,-1
201420L006784,1,9,0,7,0,4,0,0,0,0,3,1,6,1,64,9,1791,8,3,10,1
201420L006784,2,1,0,18,0,3,0,0,0,0,1,1,6,2,28,6,-1,-1,-1,-1,1
201420L006794,1,9,0,5,0,1,0,0,0,0,1,1,6,2,24,5,1149,1,6,7,1
201420L006834,1,9,0,18,0,2,0,0,0,0,1,1,1,1,49,8,1896,2,12,10,1
201420L006834,2,1,0,18,0,2,0,0,0,0,2,1,3,1,11,3,-1,-1,-1,8,1
201420L006844,1,8,0,6,9,0,0,0,7,0,1,1,1,1,-1,-1,-1,-1,-1,-1,-1
201420L006844,2,1,0,18,9,0,0,0,0,0,1,1,6,1,14,3,-1,-1,-1,2,1
201420L006854,1,9,0,4,0,0,0,0,0,0,1,1,1,1,21,5,1587,1,8,7,1
201420L006854,2,9,0,3,0,0,0,0,0,0,2,1,3,2,42,7,1997,2,7,7,1
201420L006874,1,9,0,5,0,1,5,9,3,2,1,1,6,1,20,4,1124,1,12,1,1
201420L006894,1,9,0,18,0,8,0,0,0,0,4,1,6,1,27,6,1242,1,12,2,1
201420L006894,2,9,0,9,0,6,0,0,0,0,1,1,6,2,18,4,998,1,12,-1,1
201420L006904,1,9,0,9,0,5,0,0,0,0,4,1,6,1,47,8,1598,2,-1,7,1
201420L006904,2,5,0,14,0,8,0,0,0,0,4,1,2,1,42,7,749,1,14,3,1
201420L006914,1,9,0,1,9,8,0,0,0,0,2,1,6,1,45,7,1995,1,10,2,1
201420L006924,1,9,0,18,0,0,0,0,0,0,4,1,6,2,52,8,1598,1,12,9,1
201420L006924,2,1,0,18,0,0,0,0,1,0,3,1,6,1,57,9,-1,-1,-1,9,1
201420L006934,1,9,0,18,0,1,0,0,0,0,1,1,1,1,29,6,1796,1,10,-1,3
201420L006934,2,1,0,18,0,1,0,0,0,0,1,1,6,1,14,3,-1,-1,-1,-1,2
201420L006944,1,9,0,4,0,6,0,0,0,0,1,1,6,1,-1,-1,1995,2,7,-1,-1
201420L006944,2,9,0,18,0,8,0,0,0,0,3,1,6,2,-1,-1,1956,2,1,-1,-1
201420L006954,1,9,0,9,0,6,0,0,0,0,1,1,2,1,35,6,1360,1,12,-1,1
201420L006954,2,3,0,18,0,8,0,0,0,0,4,1,2,2,26,6,124,1,4,7,1
201420L006964,1,9,0,1,9,8,0,0,0,0,2,1,6,3,-1,-1,-1,-1,-1,-1,-1
201420L006974,1,9,0,18,0,8,0,0,0,0,1,1,1,1,44,7,1598,1,3,8,1
201420L006974,2,9,0,18,0,8,0,0,1,10,1,1,1,1,89,11,1798,1,2,7,1
201420L006974,3,9,0,18,0,1,0,0,0,0,1,1,1,2,73,10,1339,1,7,8,3
201420L006984,1,9,0,5,0,4,0,0,0,0,1,1,6,1,44,7,1997,2,3,10,1
201420L006984,2,1,0,16,0,8,0,0,0,0,1,1,6,1,57,9,-1,-1,-1,5,1
201420L007014,1,9,0,18,0,8,0,0,0,0,1,1,6,1,26,6,1998,2,11,1,1
201420L007014,2,9,0,9,0,6,0,0,0,0,4,1,6,1,51,8,1968,2,7,1,1
201420L007034,1,19,0,9,0,6,0,0,0,0,1,1,6,1,-1,-1,1995,2,7,9,1
201420L007034,2,1,0,18,0,8,0,0,0,0,4,1,6,1,-1,-1,-1,-1,-1,9,1
201420L007044,1,9,0,12,0,8,0,0,0,0,3,1,6,2,31,6,1398,1,1,1,1
201420L007044,2,3,0,11,0,8,0,0,0,0,4,1,2,1,20,4,-1,-1,-1,1,1
201420L007054,1,9,0,18,0,2,0,0,0,0,1,1,6,2,64,9,1242,1,2,9,1
201420L007064,1,9,0,18,0,1,0,0,0,0,1,1,6,1,-1,-1,-1,-1,-1,-1,-1
201420L007064,2,9,0,3,0,1,0,0,0,0,2,1,2,2,26,6,1360,1,8,5,1
201420L007084,1,9,0,18,0,1,1,0,0,0,1,1,1,1,31,6,1956,2,2,1,1
201420L007084,2,9,0,3,0,1,0,0,0,0,2,1,2,2,43,7,1396,1,11,6,1
201420L007084,3,9,0,3,0,1,0,0,0,0,2,1,1,1,61,9,2685,2,11,5,1
201420L007174,1,9,0,18,0,8,0,0,0,0,3,1,3,2,43,7,1968,2,2,9,3
201420L007174,2,9,0,9,0,8,0,0,0,0,1,1,3,2,-1,-1,1242,1,1,-1,-1
201420L007224,1,9,0,18,0,8,0,0,0,0,4,1,6,2,40,7,2204,2,7,10,1
201420L007224,2,1,0,18,0,8,0,0,0,0,1,1,6,1,66,10,-1,-1,-1,10,1
201420L007284,1,9,0,9,0,6,0,0,0,0,2,1,2,2,38,7,1598,1,7,10,1
201420L007284,2,5,0,18,0,8,0,0,0,0,1,1,2,1,54,8,-1,-1,-1,9,1
201420L007314,1,9,0,18,0,0,0,0,0,0,1,1,6,2,30,6,1299,1,11,-1,-1
201420L500054,1,9,0,18,0,8,0,0,0,0,1,1,6,2,55,8,1398,2,11,2,1
201420L500054,2,9,0,5,0,8,0,0,0,0,3,1,6,2,49,8,1242,1,15,5,1
201420L500074,1,9,0,5,0,4,0,0,0,0,1,1,1,1,37,7,1796,1,2,1,1
201420L500074,2,1,0,18,0,8,0,0,0,0,4,1,1,1,59,9,-1,-1,-1,5,1
201420L500104,1,9,0,7,0,6,0,0,0,0,1,1,6,1,94,11,1329,1,2,9,2
201420L500104,2,9,0,18,0,8,0,0,0,0,3,1,1,1,34,6,1986,2,9,3,1
201420L500114,1,9,0,18,0,2,0,0,0,0,1,1,1,1,27,6,1493,2,4,8,1
201420L500134,1,9,0,18,0,8,0,0,0,0,4,1,6,1,-1,-1,-1,-1,-1,-1,-1
201420L500134,2,1,0,18,0,8,0,0,0,0,1,1,6,1,25,5,-1,-1,-1,9,2
201420L500154,1,9,0,16,0,0,0,0,0,0,4,1,6,2,-1,-1,1598,2,2,-1,-1
201420L500154,2,9,0,17,0,0,0,0,1,4,3,1,6,2,47,8,2179,2,-1,10,1
201420L500264,1,9,0,4,0,8,0,0,0,0,2,1,6,2,47,8,1198,1,2,3,1
201420L500264,2,9,0,18,0,8,0,0,0,0,1,1,6,1,24,5,998,1,1,2,1
201420L500264,3,9,0,18,0,8,0,10,1,10,1,1,1,1,23,5,-1,-1,-1,1,1
201420L500274,1,9,0,4,0,1,0,0,0,0,1,1,6,1,77,11,1242,1,6,1,1
201420L500284,1,9,0,9,0,8,0,0,0,0,3,1,1,2,20,4,1242,1,5,10,1
201420L500284,2,9,0,18,0,8,0,0,0,0,1,1,1,1,19,4,1200,1,-1,8,1
201420L500294,1,9,0,16,0,8,0,0,0,0,1,1,2,1,65,9,1242,1,-1,-1,3
201420L500294,2,9,0,9,0,8,0,0,7,10,3,1,2,1,43,7,2143,2,1,-1,-1
201420L500304,1,9,0,9,0,8,0,0,0,0,4,1,6,1,56,9,-1,-1,-1,3,1
201420L500304,2,9,0,18,0,8,0,0,0,0,1,1,6,1,30,6,2521,1,8,4,1
201420L500314,1,9,0,18,0,0,0,10,1,4,1,1,6,1,48,8,2099,1,12,3,1
201420L500324,1,9,0,18,0,2,0,0,0,0,0,1,6,3,-1,-1,-1,-1,-1,-1,-1
201420L500324,2,9,0,18,0,2,0,0,0,0,3,1,6,2,69,10,1598,2,-1,1,1
201420L500324,3,19,0,2,0,1,0,0,0,0,2,1,6,3,-1,-1,-1,-1,-1,-1,-1
201420L500414,1,9,0,18,0,0,0,0,0,0,1,1,6,1,55,8,1560,2,1,5,1
201420L500414,2,19,0,18,0,0,0,0,0,0,2,1,6,1,36,7,2151,2,10,10,1
201420L500584,1,9,0,18,0,0,0,0,0,0,1,1,6,1,82,11,1275,1,14,7,1
201420L500694,1,9,0,12,0,4,0,0,0,0,1,1,6,1,-1,-1,1499,1,-1,-1,-1
201420L500694,2,9,0,3,0,8,0,0,0,0,2,1,6,2,24,5,1360,1,10,4,1
201420L500764,1,8,0,6,0,2,0,0,0,0,1,1,1,1,28,6,2231,2,8,4,1
201420L500764,2,9,0,18,0,1,0,0,0,0,3,1,6,1,27,6,1198,1,1,1,1
201420L500774,1,3,0,18,0,2,0,0,0,0,1,1,2,1,22,5,-1,-1,-1,9,1
201420L500774,2,9,0,9,0,6,0,0,0,0,2,1,6,1,35,6,1242,1,8,7,2
201420L500784,1,9,0,4,0,0,0,0,0,0,1,1,1,1,43,7,1968,2,5,8,2
201420L500784,2,9,0,3,0,0,0,0,0,0,2,1,3,2,38,7,1588,1,12,6,1
201420L500794,1,9,0,4,0,0,0,0,0,0,2,1,1,2,44,7,1499,2,-1,9,1
201420L500794,2,9,0,4,0,0,0,0,0,0,2,1,1,1,21,5,1596,1,-1,7,1
201420L500794,3,9,0,4,0,0,0,0,0,0,2,1,1,1,51,8,1560,2,1,9,1
201420L500804,1,9,0,8,0,1,0,0,0,0,2,1,6,1,35,6,1995,2,6,-1,1
201420L500804,2,9,0,18,0,1,0,0,0,0,1,1,6,1,36,7,1598,1,13,-1,-1
201420L500904,1,9,0,9,0,8,2,0,0,0,1,1,6,2,56,9,1329,1,4,10,1
201420L500904,2,8,0,18,0,8,0,0,0,0,4,1,1,1,40,7,1995,2,8,2,1
201420L500974,1,2,0,18,0,8,0,0,0,0,1,1,6,1,63,9,49,1,1,1,1
201420L500974,2,9,0,18,0,8,0,0,0,0,1,1,6,1,47,8,1598,1,7,7,1
201420L500984,1,9,0,18,0,8,0,0,1,4,1,1,2,1,24,5,1461,2,7,7,3
201420L500984,2,20,1,9,0,8,0,0,0,0,4,1,1,1,44,7,11705,2,6,3,1
201420L501014,1,9,0,5,0,4,0,0,0,0,1,1,2,1,36,7,1798,1,2,-1,2
201420L501014,2,1,0,18,0,8,0,0,0,0,4,1,2,1,51,8,-1,-1,-1,6,1
201420L501024,1,9,0,5,0,8,0,0,0,0,3,1,6,1,80,11,1596,1,1,9,1
201420L501024,2,9,0,17,0,8,0,0,0,0,4,1,6,2,44,7,2143,2,1,7,2
201420L501044,1,9,0,18,0,0,0,0,0,0,4,1,6,3,-1,-1,-1,-1,-1,-1,-1
201420L501174,1,9,0,3,0,0,0,0,0,0,2,1,2,1,31,6,1596,1,3,8,1
201420L501174,2,9,0,4,0,0,0,0,0,0,1,1,6,1,-1,-1,973,1,15,10,1
201420L501174,3,9,0,4,0,0,0,0,0,0,2,1,6,2,-1,-1,1598,1,1,10,1
201420L501174,4,9,0,3,0,0,0,0,0,0,2,1,6,2,-1,-1,1991,2,5,7,1
201420L501194,1,9,0,18,0,0,1,10,1,4,3,1,6,1,20,4,1149,1,9,7,3
201420L603324,1,9,0,18,0,0,0,0,0,0,2,1,2,1,37,7,1956,2,2,-1,-1
201420L603324,2,9,0,18,0,0,0,0,0,0,1,1,2,1,59,9,1390,1,2,4,1
201420L603604,1,9,0,18,0,8,0,0,0,0,4,1,6,1,64,9,1582,2,3,1,1
201420L603604,2,9,0,9,0,6,0,0,0,0,1,1,6,2,45,7,-1,-1,-1,2,1
201420L606324,1,9,0,11,0,1,0,0,0,0,0,1,6,3,-1,-1,-1,-1,-1,-1,-1
201420L606324,2,9,0,12,0,1,0,0,0,0,2,1,6,1,-1,-1,1598,1,13,1,1
201420L606324,3,9,0,18,0,1,0,0,0,0,1,1,6,1,56,9,1984,1,13,9,2
201420L616084,1,1,0,18,9,0,0,0,0,0,1,1,6,1,-1,-1,-1,-1,-1,-1,-1
201420M000454,1,1,0,5,0,0,0,0,0,0,4,1,1,1,18,4,-1,-1,-1,6,1
201420M000454,2,11,0,5,0,0,0,0,0,0,3,1,6,1,-1,-1,-1,-1,-1,-1,-1
201420M000464,1,9,0,9,0,2,0,0,0,0,2,1,6,1,-1,-1,-1,-1,-1,-1,-1
201420M000464,2,1,0,4,0,2,0,0,0,0,1,1,2,2,26,6,-1,-1,-1,-1,-1
201420M000474,1,9,0,2,0,0,0,0,0,0,3,1,6,1,-1,-1,1590,1,3,-1,-1
201420M000474,2,1,0,14,0,0,0,8,0,0,1,1,6,1,31,6,-1,-1,-1,1,1
201420M000494,1,9,0,13,0,0,0,0,0,0,1,1,6,1,30,6,1995,2,1,8,1
201420M000494,2,9,0,5,0,0,0,0,0,0,2,1,6,1,51,8,1199,1,13,3,1
201420M000504,1,9,0,9,0,5,0,0,0,0,1,1,6,1,-1,-1,973,1,12,1,1
201420M000504,2,9,0,18,0,8,0,0,0,0,1,1,6,2,29,6,1360,1,14,2,1
201420M000594,1,9,0,18,0,2,0,0,0,0,1,1,6,1,-1,-1,-1,-1,-1,-1,-1
201420M000594,2,9,0,3,0,2,0,0,0,0,2,1,6,1,44,7,-1,-1,-1,9,1
201420M000694,1,8,0,18,0,0,0,0,0,0,4,1,6,1,-1,-1,1796,1,10,1,1
201420M000704,1,9,0,4,0,1,0,0,0,0,1,1,6,1,74,10,2143,2,4,6,1
201420M000704,2,9,0,4,0,1,0,0,0,0,2,1,6,1,47,8,999,1,4,-1,-1
201420M000714,1,9,0,9,0,6,0,0,0,0,1,1,6,1,45,7,1598,1,8,3,1
201420M000714,2,9,0,18,0,8,0,0,0,0,3,1,3,2,40,7,1598,1,6,5,2
201420M000784,1,21,0,18,0,0,0,0,0,0,1,1,1,1,39,7,4461,2,2,7,1
201420M000884,1,9,0,18,0,8,0,0,0,0,1,1,6,2,34,6,1124,1,13,1,1
201420M000894,1,9,0,18,0,0,0,0,0,0,3,1,2,1,46,8,1339,1,12,4,1
201420M000894,2,90,0,18,0,0,0,0,0,0,1,1,6,2,22,5,-1,-1,-1,-1,-1
201420M000894,3,9,0,18,0,0,0,0,0,0,1,1,2,2,44,7,2179,2,11,3,1
201420M000904,1,19,0,18,0,1,0,0,0,0,1,1,1,1,34,6,1753,2,9,-1,-1
201420M000904,2,8,0,4,0,1,0,0,0,0,2,1,1,1,42,7,1560,2,1,1,1
201420M000904,3,9,0,4,0,1,0,0,0,0,2,1,6,1,-1,-1,1560,2,10,3,1
201420M000924,1,9,0,9,0,6,0,0,0,0,1,1,6,1,43,7,1598,1,12,4,1
201420M000924,2,9,0,18,0,8,0,0,0,0,1,1,6,2,37,7,1461,2,10,5,1
201420M000944,1,9,0,9,0,8,0,0,0,0,1,1,1,2,21,5,1587,1,9,-1,1
201420M000944,2,9,0,18,0,8,0,0,0,0,4,1,1,1,20,4,1798,1,1,5,2
201420M000954,1,9,0,18,0,1,0,0,0,0,1,1,6,1,26,6,1896,2,8,-1,-1
201420M000954,2,9,0,3,0,1,0,0,0,0,2,1,6,1,64,9,1339,8,2,-1,-1
201420M000964,1,9,0,3,0,1,0,0,0,0,1,1,1,2,24,5,1997,2,10,6,1
201420M000964,2,9,0,3,0,1,0,0,0,0,2,1,1,1,46,8,1229,1,4,6,1
201420M000974,1,3,0,7,0,8,2,0,0,0,1,1,6,2,21,5,124,1,-1,4,1
201420M000974,2,9,0,18,0,8,0,0,0,0,3,1,6,1,62,9,1390,1,12,2,1
201420M000994,1,8,0,18,0,0,1,0,0,0,1,1,1,1,55,8,2402,2,9,2,1
201420M001094,1,9,0,18,0,0,0,0,0,0,1,1,6,1,89,11,1591,1,6,10,1
201420M001134,1,9,0,18,0,2,0,0,0,0,1,1,6,1,-1,-1,-1,-1,-1,-1,-1
201420M001134,2,1,0,3,0,2,0,0,0,0,3,1,6,2,24,5,-1,-1,-1,2,1
201420M001144,1,9,0,12,0,6,0,0,0,0,4,1,6,1,77,11,2179,2,7,-1,-1
201420M001144,2,9,0,18,0,8,0,7,7,0,1,1,2,2,20,4,998,1,4,10,1
201420M001154,1,9,0,18,0,8,0,0,0,0,1,1,6,1,25,5,1984,1,4,10,1
201420M001154,2,9,0,9,0,8,0,0,0,0,4,1,1,1,27,6,1360,1,13,7,1
201420M001344,1,9,0,4,9,8,0,0,0,0,1,1,6,2,28,6,1995,2,12,-1,-1
201420M001344,2,1,0,18,9,8,0,0,0,0,1,1,6,2,41,7,-1,-1,-1,1,1
201420M001364,1,9,0,11,0,1,0,0,0,0,1,1,6,2,20,4,998,1,6,1,1
201420M001364,2,9,0,4,0,1,0,0,0,0,2,1,6,1,33,6,-1,-1,-1,3,1
201420M001404,1,9,0,9,0,8,0,0,0,0,1,1,2,1,28,6,3239,1,17,6,1
201420M001404,2,9,0,17,0,8,0,0,0,0,3,1,2,1,30,6,1781,1,11,3,1
201420M001414,1,9,0,9,0,8,0,0,0,0,1,1,2,2,46,8,1198,1,3,-1,-1
201420M001414,2,3,0,18,0,8,0,0,0,0,1,1,6,1,18,4,124,1,10,5,1
201420M001434,1,9,0,9,0,5,0,0,0,0,4,1,6,1,59,9,-1,-1,-1,5,1
201420M001434,2,9,0,18,0,8,0,0,0,0,1,1,6,1,37,7,1798,1,7,7,1
201420M001444,1,3,0,18,0,3,0,0,0,0,1,1,6,1,17,4,125,1,1,2,1
201420M001444,2,5,0,18,0,4,0,0,0,0,3,1,6,1,59,9,659,1,5,9,2
201420M001464,1,9,0,9,0,6,0,0,0,0,1,1,3,2,41,7,1240,1,4,-1,1
201420M001524,1,9,0,18,0,0,0,0,0,0,1,1,6,1,-1,-1,-1,-1,-1,-1,-1
201420M001614,1,11,0,16,0,0,0,0,0,0,1,1,1,1,68,10,11000,2,17,4,1
201420M001654,1,1,0,18,9,2,0,0,0,0,1,1,6,1,-1,-1,-1,-1,-1,2,1
201420M001654,2,9,0,7,0,2,0,0,0,0,3,1,2,1,31,6,1998,2,1,7,1