Accident_Index,Vehicle_Reference,Vehicle_Type,Towing_and_Articulation,Vehicle_Manoeuvre,Vehicle_Location-Restricted_Lane,Junction_Location,Skidding_and_Overturning,Hit_Object_in_Carriageway,Vehicle_Leaving_Carriageway,Hit_Object_off_Carriageway,1st_Point_of_Impact,Was_Vehicle_Left_Hand_Drive?,Journey_Purpose_of_Driver,Sex_of_Driver,Age_of_Driver,Age_Band_of_Driver,Engine_Capacity_(CC),Propulsion_Code,Age_of_Vehicle,Driver_IMD_Decile,Driver_Home_Area_Type
201420M001694,1,9,0,18,0,3,0,0,0,0,2,1,6,2,27,6,1995,2,11,1,1
201420M001694,2,9,0,18,0,3,0,0,0,0,1,1,6,2,64,9,1124,1,11,5,1
201420M001704,1,9,0,18,0,1,0,4,0,0,1,1,6,1,30,6,2000,2,10,4,1
201420M001704,2,21,0,2,0,1,0,0,0,0,2,1,6,1,30,6,4950,2,4,8,1
201420M001734,1,9,0,18,0,0,0,0,0,0,1,1,6,1,-1,-1,1242,1,12,-1,-1
201420M001754,1,9,0,18,0,2,0,0,0,0,4,1,3,2,39,7,1685,2,3,10,1
201420M001764,1,9,0,9,0,2,0,0,0,0,1,1,6,2,49,8,1390,1,6,-1,-1
201420M001774,1,9,0,18,0,1,0,0,0,0,1,1,6,2,26,6,1199,1,12,10,1
201420M001774,2,9,0,3,0,1,0,0,0,0,2,1,6,1,52,8,2401,2,7,8,3
201420M001784,1,9,0,10,0,8,0,0,0,0,2,1,6,2,37,7,1242,1,18,5,1
201420M001784,2,9,0,18,0,8,0,0,0,0,1,1,6,3,-1,-1,1956,2,5,-1,-1
201420M001804,1,9,0,18,0,0,5,4,0,0,1,1,2,1,59,9,1560,2,8,4,1
201420M001804,2,9,0,2,0,0,0,0,0,0,2,1,6,2,-1,-1,1997,2,4,4,1
201420M001804,3,9,0,2,0,0,0,0,0,0,2,1,6,1,-1,-1,1896,2,11,4,1
201420M001834,1,9,0,18,0,0,0,4,0,0,1,1,6,1,24,5,1124,1,13,-1,-1
201420M001834,2,9,0,2,0,0,0,0,0,0,3,1,6,1,50,8,1995,2,10,2,1
201420M001844,1,9,0,5,0,1,0,0,0,0,1,1,6,2,37,7,1968,2,3,3,1
201420M001854,1,9,0,18,0,0,0,0,0,0,3,1,6,2,86,11,1388,1,4,10,1
201420M001874,1,3,0,18,0,0,0,0,0,0,1,1,6,1,-1,-1,-1,-1,-1,-1,-1
201420M001874,2,19,0,4,0,0,0,0,0,0,2,1,1,1,53,8,2198,2,2,10,1
201420M001954,1,9,0,7,0,6,0,0,0,0,1,1,6,2,39,7,-1,-1,-1,5,1
201420M001994,1,9,0,9,0,6,0,0,0,0,3,1,6,1,35,6,1598,2,2,1,1
201420M001994,2,9,0,18,0,8,0,0,0,0,1,1,6,1,19,4,1396,1,16,2,1
201420M002014,1,9,0,9,0,5,0,0,0,0,1,1,6,1,48,8,-1,-1,-1,2,1
201420M002014,2,1,0,18,0,1,0,0,0,0,1,1,6,1,59,9,-1,-1,-1,-1,-1
201420M002024,1,9,0,18,0,8,0,0,0,0,1,1,6,2,31,6,1598,1,7,3,1
201420M002024,2,9,0,18,0,8,0,0,0,0,4,1,6,1,25,5,1395,1,2,6,1
201420M002044,1,9,0,9,0,6,0,0,0,0,3,2,6,2,37,7,-1,-1,-1,-1,1
201420M002044,2,9,0,18,0,8,0,0,0,0,1,1,6,2,43,7,1242,1,12,3,1
201420M002084,1,9,0,18,0,0,1,0,0,0,1,1,6,1,23,5,1896,2,8,9,1
201420M002114,1,9,0,5,0,0,0,0,0,0,1,1,6,1,-1,-1,2497,1,14,-1,-1
201420M002114,2,9,0,3,0,0,0,0,0,0,2,1,3,2,36,7,1998,1,9,1,1
201420M002164,1,19,0,9,0,6,0,0,0,0,3,1,1,1,31,6,2198,2,3,4,1
201420M002164,2,1,0,18,0,8,0,0,0,0,1,1,1,1,33,6,-1,-1,-1,5,1
201420M002174,1,9,0,18,0,0,0,0,1,10,1,1,6,1,49,8,1948,1,11,6,1
201420M002174,2,9,0,2,9,0,0,0,0,0,2,1,6,3,-1,-1,-1,-1,-1,-1,-1
201420M002304,1,9,0,16,0,1,0,0,0,0,1,1,6,1,21,5,1596,1,11,8,1
201420M002334,1,9,0,9,0,5,0,0,0,0,4,1,1,1,52,8,1686,2,2,3,1
201420M002334,2,5,0,18,0,8,0,0,0,0,1,1,1,1,50,8,680,1,7,6,1
201420M002344,1,3,0,9,0,8,1,0,0,0,1,1,1,1,23,5,-1,-1,-1,-1,-1
201420M002344,2,9,0,9,0,8,0,0,0,0,1,1,1,1,-1,-1,2688,2,11,5,1
201420M002374,1,9,0,5,0,4,0,0,0,0,1,1,1,1,41,7,-1,-1,-1,8,1
201420M002374,2,9,0,5,0,4,0,0,0,0,1,1,6,2,56,9,998,1,5,8,1
201420M002394,1,11,0,18,0,2,0,0,0,0,0,1,1,1,48,8,7300,2,12,5,1
201420M002464,1,11,0,5,0,0,0,0,0,0,1,1,1,1,64,9,4500,2,2,2,1
201420M002474,1,9,0,18,0,1,0,10,2,10,1,1,6,1,28,6,1796,1,15,-1,-1
201420M002504,1,9,0,4,0,1,0,0,0,0,1,1,6,1,-1,-1,1998,2,8,-1,-1
201420M002504,2,9,0,3,0,1,0,0,0,0,2,1,6,2,56,9,3600,1,12,3,1
201420M002554,1,9,0,1,0,1,0,0,0,0,3,1,1,2,21,5,1398,2,10,6,1
201420M002554,2,1,0,18,0,1,0,0,0,0,1,1,1,1,20,4,-1,-1,-1,5,1
201420M002614,1,9,0,18,0,0,0,0,0,0,1,1,6,1,-1,-1,-1,-1,-1,-1,-1
201420M002614,2,9,0,2,0,0,0,0,0,0,3,1,6,2,54,8,1560,2,2,6,1
201420M002664,1,9,0,18,0,8,0,0,0,0,1,1,6,1,44,7,1910,2,7,7,1
201420M002664,2,19,0,10,0,8,0,0,7,1,2,1,1,1,47,8,2287,2,3,6,1
201420M002674,1,9,0,18,0,0,0,0,0,0,4,1,6,1,88,11,1275,1,19,7,1
201420M002674,2,1,0,18,0,0,0,0,0,0,3,1,6,1,26,6,-1,-1,-1,4,1
201420M002684,1,9,0,18,0,8,0,0,0,0,1,1,6,1,35,6,1998,2,7,5,1
201420M002684,2,19,0,18,0,8,0,0,0,0,1,1,6,1,42,7,1598,2,1,4,1
201420M002694,1,9,0,18,0,3,0,0,0,0,1,1,6,2,19,4,1398,2,6,9,1
201420M002694,2,9,0,18,0,3,0,0,0,0,2,1,6,1,49,8,1598,2,1,-1,-1
201420M002704,1,9,0,18,0,0,0,0,0,0,1,1,2,1,28,6,1242,1,13,2,1
201420M002724,1,21,1,9,0,4,5,0,0,0,4,1,1,1,66,10,11967,2,3,7,1
201420M002734,1,9,0,16,0,0,0,0,0,0,1,1,6,1,-1,-1,1798,1,13,-1,1
201420M002734,2,9,0,5,0,0,0,0,0,0,1,1,1,1,-1,-1,1332,1,15,1,1
201420M002754,1,3,0,5,0,0,1,0,0,0,1,1,6,1,19,4,124,1,23,2,1
201420M002754,2,11,0,4,0,0,0,0,0,0,1,1,1,1,27,6,6700,2,3,5,1
201420M002764,1,9,0,18,0,8,0,0,0,0,1,1,2,1,35,6,2688,2,14,2,1
201420M002764,2,9,0,7,0,6,0,0,0,0,1,1,2,1,36,7,2204,2,10,1,1
201420M002764,3,8,0,10,0,1,0,0,0,0,1,1,1,1,39,7,1998,2,6,1,1
201420M002784,1,8,0,2,0,0,0,0,0,0,3,1,6,1,47,8,2402,2,11,10,1
201420M002784,2,3,0,13,0,0,0,8,0,0,4,1,6,1,19,4,125,1,1,4,1
201420M002794,1,9,0,18,0,8,0,0,0,0,4,1,6,1,19,4,1329,1,2,-1,-1
201420M002794,2,9,0,18,0,8,0,0,0,0,1,1,6,2,-1,-1,-1,-1,-1,1,1
201420M002804,1,19,0,14,0,0,0,0,0,0,1,1,6,1,-1,-1,-1,-1,-1,-1,-1
201420M002824,1,9,0,7,0,8,0,0,0,0,1,1,6,1,29,6,1968,2,1,2,1
201420M002824,2,9,0,18,0,8,0,0,0,0,1,1,6,1,28,6,1995,2,10,2,1
201420M002874,1,9,0,7,0,8,0,0,0,0,3,1,2,1,25,5,1598,2,1,6,1
201420M002874,2,1,0,18,4,8,0,0,0,0,1,1,2,1,48,8,-1,-1,-1,4,1
201420M002884,1,9,0,5,0,6,0,0,0,0,3,1,1,1,59,9,1560,2,6,5,1
201420M002884,2,9,0,18,0,8,0,0,0,0,4,1,1,2,19,4,1360,1,14,4,1
201420M002894,1,9,0,18,0,6,0,0,0,0,1,1,6,1,-1,-1,796,1,14,-1,-1
201420M002894,2,9,0,18,0,8,0,4,0,0,4,1,6,2,31,6,1149,1,12,8,1
201420M002894,3,9,0,2,0,1,0,0,0,0,3,1,6,1,-1,-1,1900,2,16,-1,-1
201420M002904,1,19,0,7,0,5,0,0,0,0,4,1,1,1,32,6,2198,2,6,7,1
201420M002904,2,5,0,18,0,8,5,0,0,0,1,1,2,1,39,7,748,1,21,7,2
201420M002964,1,9,0,18,0,1,0,0,0,0,1,1,6,1,25,5,1149,1,16,5,1
201420M002964,2,9,0,10,0,1,0,0,0,0,2,1,6,1,54,8,1598,1,1,1,1
201420M003044,1,9,0,18,0,8,0,0,0,0,1,1,6,1,39,7,1951,2,12,1,1
201420M003044,2,9,0,9,0,6,0,0,0,0,1,1,6,1,25,5,1910,2,8,1,1
201420M003114,1,11,0,18,0,2,0,4,0,0,1,1,1,1,63,9,6871,2,10,5,1
201420M003114,2,9,0,2,0,2,0,0,0,0,2,1,6,1,62,9,1398,1,1,3,1
201420M003154,1,9,0,6,0,0,0,0,0,0,2,1,6,1,60,9,2457,1,6,8,3
201420M003154,2,3,0,18,0,0,1,0,1,0,4,1,2,1,25,5,125,1,-1,4,1
201420M003154,3,9,0,2,0,0,0,0,0,0,2,1,1,1,-1,-1,1248,2,-1,-1,-1
201420M003174,1,9,0,4,0,1,0,0,0,0,1,1,1,1,-1,-1,1796,1,10,10,1
201420M003174,2,9,0,3,0,1,0,0,0,0,2,1,1,2,47,8,1769,1,14,9,1
201420M003194,1,9,0,18,0,2,0,4,0,0,3,1,6,2,55,8,1598,1,12,1,1
201420M003194,2,9,0,3,0,2,0,0,0,0,3,1,6,1,31,6,1995,2,1,1,1
201420M003194,3,9,0,2,6,2,0,4,0,0,2,1,6,1,24,5,1299,1,15,1,1
201420M003194,4,9,0,2,6,2,0,0,0,0,3,1,6,2,26,6,1600,1,13,1,1
201420M003194,5,9,0,2,0,2,0,0,0,0,1,1,6,2,56,9,2148,2,10,-1,-1
201420M003224,1,9,0,11,0,8,0,0,0,0,4,1,1,1,-1,-1,2400,2,3,-1,-1
201420M003224,2,9,0,18,0,8,0,0,0,0,3,1,6,2,19,4,1397,1,12,-1,-1
201420M003244,1,19,0,5,0,1,0,0,0,0,1,1,6,1,-1,-1,2446,2,16,-1,-1
201420M003244,2,9,0,7,0,1,0,0,0,0,2,1,1,2,29,6,1598,1,8,8,1
201420M003254,1,9,0,1,0,2,0,0,0,0,2,1,6,1,49,8,1895,1,14,5,1
201420M003264,1,9,0,18,0,0,0,0,0,0,1,1,1,1,33,6,2171,2,11,1,1
201420M003264,2,9,0,4,0,0,0,0,0,0,2,1,6,1,37,7,998,1,10,6,1
201420M003284,1,11,0,5,3,1,0,0,0,0,4,1,1,2,48,8,11967,2,16,1,1
201420M003304,1,9,0,5,0,6,0,0,0,0,3,1,1,2,36,7,1398,1,3,1,1
201420M003304,2,9,0,18,0,8,0,0,0,0,1,1,6,1,32,6,1753,2,11,1,1
201420M003314,1,90,0,5,0,2,0,0,0,0,1,1,6,1,44,7,-1,-1,-1,4,1
201420M003434,1,19,0,9,0,8,0,0,0,0,4,1,1,1,25,5,-1,-1,-1,5,1
201420M003434,2,1,0,18,0,8,0,0,0,0,1,1,2,1,48,8,-1,-1,-1,7,1
201420M003454,1,9,0,9,0,2,0,0,0,0,1,1,2,1,52,8,1997,2,13,1,1
201420M003514,1,9,0,18,0,0,0,0,0,0,3,1,6,3,-1,-1,-1,-1,-1,-1,-1
201420M003524,1,9,0,9,0,8,0,0,0,0,1,1,6,1,21,5,1150,1,10,6,1
201420M003524,2,8,0,18,0,8,0,0,0,0,3,1,6,1,40,7,2499,2,4,2,1
201420M003534,1,9,0,9,0,6,0,0,0,0,4,1,6,2,-1,-1,1299,1,6,-1,-1
201420M003564,1,1,0,18,0,3,0,0,0,0,4,1,1,1,27,6,-1,-1,-1,7,1
201420M003564,2,9,0,18,0,4,0,0,0,0,1,1,6,1,-1,-1,1560,2,2,8,1
201420M003574,1,9,0,17,0,2,0,0,0,0,1,1,6,2,23,5,1332,1,5,6,1
201420M003624,1,9,0,18,0,1,0,0,0,0,1,1,6,1,-1,-1,1996,1,14,-1,-1
201420M003624,2,9,0,3,0,1,0,0,0,0,2,1,6,2,31,6,1995,2,8,6,1
201420M003634,1,9,0,12,0,3,0,0,0,0,3,1,6,1,-1,-1,-1,-1,-1,-1,-1
201420M003634,2,9,0,18,0,3,0,0,0,0,4,1,2,1,29,6,1124,1,10,5,1
201420M003704,1,9,0,18,0,0,1,10,7,1,1,1,6,3,-1,-1,-1,-1,-1,-1,-1
201420M003704,2,9,0,2,9,0,0,0,0,0,4,1,6,2,-1,-1,3199,1,9,-1,-1
201420M003704,3,9,0,2,9,0,0,0,0,0,3,1,6,2,-1,-1,2429,1,7,-1,-1
201420M003704,4,9,0,2,9,0,0,0,0,0,3,1,6,2,-1,-1,998,1,1,-1,-1
201420M003704,5,9,0,2,0,0,0,0,0,0,3,1,6,1,-1,-1,1598,1,8,-1,-1
201420M003754,1,9,0,18,0,0,1,4,0,0,1,1,6,1,39,7,-1,-1,-1,-1,-1
201420M003754,2,9,0,2,0,0,0,0,0,0,2,1,6,1,27,6,2494,2,3,6,1
201420M003754,3,9,0,2,0,0,0,4,0,0,2,1,6,1,-1,-1,1796,1,14,-1,-1
201420M003764,1,9,0,18,0,0,0,0,0,0,1,1,6,1,59,9,1584,1,11,1,1
201420M003774,1,19,0,18,0,0,0,0,0,0,1,1,6,3,-1,-1,-1,-1,-1,-1,-1
201420M003784,1,9,0,7,0,5,0,0,0,0,1,1,6,1,25,5,1560,2,1,10,1
201420M003834,1,9,0,10,0,1,0,0,0,0,2,1,6,1,52,8,1390,1,14,5,1
201420M003834,2,9,0,18,0,1,0,0,0,0,1,1,6,1,-1,-1,2698,2,4,-1,-1
201420M003894,1,9,0,5,0,6,0,0,0,0,1,1,6,1,-1,-1,1390,1,14,-1,-1
201420M003894,2,2,0,18,0,8,0,0,0,0,4,1,6,1,16,4,49,1,14,3,1
201420M004044,1,8,0,6,0,0,0,0,0,0,0,1,1,1,-1,-1,-1,-1,-1,-1,-1
201420M004074,1,9,0,18,0,1,0,0,0,0,1,1,6,1,30,6,-1,-1,-1,-1,-1
201420M004074,2,1,0,18,0,1,0,0,0,0,1,1,6,1,16,4,-1,-1,-1,3,1
201420M004084,1,9,0,9,0,8,0,0,0,0,1,1,6,1,-1,-1,1596,1,11,-1,-1
201420M004084,2,9,0,18,0,8,0,0,0,0,4,1,6,1,32,6,1598,1,4,4,1
201420M004144,1,9,0,6,0,2,0,0,0,0,3,1,6,1,34,6,1399,2,6,3,1
201420M004144,2,5,0,13,0,2,0,0,0,0,4,1,1,1,41,7,1170,1,6,-1,-1
201420M004174,1,9,0,5,0,6,0,0,0,0,3,1,6,2,37,7,1397,1,10,10,1
201420M004174,2,9,0,18,0,8,0,0,0,0,1,1,1,2,22,5,1339,1,5,7,2
201420M004204,1,9,0,9,0,5,0,0,0,0,3,1,1,1,47,8,2495,2,13,8,1
201420M004204,2,9,0,18,0,8,0,0,0,0,1,1,1,1,45,7,1399,2,4,10,1
201420M004214,1,9,0,9,0,1,0,0,0,0,1,1,2,1,45,7,2000,2,18,1,1
201420M004214,2,9,0,16,0,2,0,0,0,0,3,1,2,2,45,7,1784,1,5,7,1
201420M004224,1,9,0,18,0,0,0,0,0,0,1,1,6,2,24,5,1596,1,7,-1,-1
201420M004234,1,9,0,5,0,4,0,0,0,0,1,1,6,3,-1,-1,-1,-1,-1,-1,-1
201420M004234,2,1,0,5,0,4,0,0,0,0,1,1,6,1,19,4,-1,-1,-1,-1,1
201420M004244,1,9,0,4,0,1,0,0,0,0,1,1,6,1,82,11,1796,1,15,5,1
201420M004244,2,9,0,3,0,1,0,0,0,0,2,1,6,2,22,5,1386,1,11,1,1
201420M004284,1,9,0,18,0,4,0,0,0,0,3,1,6,2,23,5,1598,1,6,4,1
201420M004284,2,9,0,16,0,8,0,0,0,0,4,1,6,1,46,8,1796,1,10,-1,1
201420M004414,1,9,0,18,0,0,0,0,0,0,1,1,6,3,-1,-1,-1,-1,-1,-1,-1
201420M004464,1,9,0,18,0,1,0,0,0,0,1,1,6,2,-1,-1,1339,1,2,7,1
201420M004464,2,9,0,3,0,1,0,0,0,0,2,1,6,2,24,5,1298,1,12,1,1
201420M004464,3,9,0,3,0,1,0,0,0,0,2,1,6,2,-1,-1,-1,-1,-1,-1,-1
201420M004484,1,1,0,16,0,6,2,0,0,0,1,1,6,2,44,7,-1,-1,-1,7,1
201420M004484,2,9,0,7,0,6,0,0,0,0,1,1,2,1,50,8,1389,1,17,6,1
201420M004514,1,9,0,11,0,5,0,0,1,2,1,1,1,2,21,5,1598,1,11,5,1
201420M004524,1,5,0,14,0,1,0,0,0,0,1,1,6,1,50,8,790,1,8,-1,-1
201420M004524,2,8,0,9,0,1,0,0,0,0,3,1,6,1,64,9,2987,2,6,9,1
201420M004534,1,9,0,9,0,6,0,0,0,0,2,1,6,1,38,7,995,1,8,2,1
201420M004534,2,3,0,18,0,8,0,0,0,0,1,1,6,1,89,11,85,1,14,8,1
201420M004544,1,9,0,18,0,8,0,0,3,0,4,1,6,1,43,7,1598,1,10,3,1
201420M004544,2,9,0,18,0,3,5,0,0,0,2,1,6,1,42,7,2830,2,19,6,1
201420M004554,1,9,0,9,0,6,0,0,0,0,1,1,2,2,23,5,1596,1,8,10,1
201420M004554,2,3,0,13,0,8,0,0,0,0,1,1,6,1,46,8,125,1,2,5,1
201420M004564,1,9,0,9,0,5,0,0,0,0,1,1,2,2,29,6,1124,1,8,3,1
201420M004564,2,9,0,18,0,8,0,0,0,0,1,1,2,1,44,7,1396,1,12,6,1
201420M004574,1,9,0,18,0,0,0,0,0,0,1,1,6,1,34,6,1242,1,12,2,1
201420M004574,2,9,0,3,0,0,0,0,0,0,2,1,6,2,45,7,1242,1,2,9,1
201420M004574,3,9,0,3,0,0,0,0,0,0,2,1,6,1,26,6,1798,1,4,4,1
201420M004584,1,9,0,7,0,6,0,0,0,0,3,1,6,2,70,10,1124,1,10,6,1
201420M004584,2,1,0,18,0,8,0,0,0,0,1,1,6,2,46,8,-1,-1,-1,7,1
201420M004664,1,9,0,18,0,0,0,0,0,0,1,2,6,1,22,5,-1,-1,-1,2,1
201420M004664,2,9,0,3,0,0,0,0,0,0,2,1,6,1,32,6,1240,1,10,1,1
201420M004674,1,9,0,9,0,8,0,0,0,0,3,1,3,2,32,6,1587,1,11,5,1
201420M004674,2,9,0,18,0,8,0,0,0,0,1,1,6,1,26,6,1598,1,13,5,1
201420M004894,1,9,0,6,0,3,0,0,0,0,3,1,2,1,53,8,1596,1,15,4,1
201420M004894,2,5,0,13,0,3,5,0,0,0,4,1,1,1,47,8,1050,1,1,4,1
201420M005004,1,9,0,16,0,7,0,0,0,0,3,1,6,2,-1,-1,1997,1,4,6,1
201420M005004,2,9,0,16,0,7,0,0,0,0,4,1,2,2,22,5,1390,1,11,1,1
201420M005034,1,9,0,18,0,0,0,0,0,0,1,1,6,2,38,7,1242,1,8,5,1
201420M005034,2,9,0,18,0,0,0,0,0,0,2,1,6,1,39,7,1956,2,1,2,1
201420M005034,3,9,0,18,0,0,0,0,0,0,3,1,6,1,42,7,2656,1,11,8,1
201420M005044,1,9,0,7,0,2,0,4,0,0,1,1,6,1,17,4,1198,1,-1,6,1
201420M005044,2,9,0,2,0,1,0,0,0,0,1,1,6,1,67,10,1339,1,11,6,1
201420M005054,1,9,0,9,0,8,0,0,0,0,4,1,6,1,33,6,3175,1,11,3,1
201420M005054,2,9,0,18,0,8,1,0,0,0,1,1,6,1,30,6,1198,1,11,-1,1
201420M005074,1,9,0,18,0,2,0,0,0,0,1,1,2,1,20,4,1596,1,7,5,1
201420M005084,1,9,0,18,0,0,0,0,0,0,1,1,6,1,24,5,1360,1,11,7,1
201420M005084,2,1,0,18,0,0,0,0,0,0,1,1,6,1,14,3,-1,-1,-1,1,1
201420M005154,1,9,0,5,0,1,0,0,0,0,1,1,6,1,64,9,1968,2,8,2,1
201420M005154,2,3,0,5,0,1,0,0,0,0,2,1,2,1,52,8,124,1,2,5,1
201420M005184,1,9,0,7,0,1,0,0,0,0,1,1,6,1,-1,-1,1242,1,15,-1,-1
201420M005184,2,9,0,8,0,1,0,0,0,0,2,1,6,1,44,7,1596,1,8,7,1
201420M005194,1,19,0,18,0,1,0,0,0,0,1,1,6,1,-1,-1,1997,2,8,-1,-1
201420M005194,2,9,0,3,0,1,0,0,0,0,2,1,1,2,28,6,1896,2,5,-1,3
201420M005204,1,9,0,18,0,0,0,0,0,0,1,1,6,1,74,10,2179,2,5,3,1
201420M005204,2,9,0,18,0,0,0,0,0,0,1,1,6,1,29,6,-1,-1,-1,2,1
201420M005214,1,9,0,7,0,1,0,0,0,0,3,1,6,2,18,4,973,1,12,2,1
201420M005214,2,11,0,7,0,1,0,0,0,0,4,1,1,1,55,8,7300,2,1,6,1
201420M005224,1,9,0,18,0,0,0,0,0,0,4,1,6,1,-1,-1,-1,-1,-1,-1,-1
201420M005224,2,1,0,13,0,0,0,0,0,0,2,1,6,1,40,7,-1,-1,-1,1,1
201420M005234,1,9,0,18,0,4,0,0,0,0,1,1,6,1,22,5,999,1,13,5,1
201420M005234,2,9,0,18,0,3,0,0,0,0,4,1,6,1,43,7,1600,1,24,6,1
201420M005314,1,9,0,18,0,1,0,0,0,0,1,1,6,1,-1,-1,-1,-1,-1,-1,-1
201420M005314,2,9,0,7,0,1,0,0,0,0,2,1,6,1,33,6,1598,1,7,4,1
201420M005324,1,19,0,9,0,8,0,0,0,0,3,1,2,1,34,6,1997,2,13,2,1
201420M005324,2,3,0,18,0,8,0,0,0,0,1,1,2,2,26,6,50,1,-1,3,1
201420M005334,1,9,0,4,0,1,0,0,0,0,1,1,6,2,-1,-1,1997,2,4,-1,-1
201420M005334,2,9,0,4,0,1,0,0,0,0,2,1,2,2,22,5,1299,1,13,5,1
201420M005404,1,9,0,7,0,6,0,0,0,0,1,1,6,1,63,9,2179,2,1,7,1
201420M005404,2,1,0,18,0,8,0,0,0,0,1,1,6,1,58,9,-1,-1,-1,4,1
201420M005414,1,9,0,9,0,8,0,0,0,0,1,1,1,1,-1,-1,1686,2,8,7,1
201420M005414,2,11,0,18,0,8,0,0,0,0,1,1,1,1,55,8,7300,2,1,2,1
201420M005474,1,9,0,18,0,0,0,0,0,0,1,1,6,2,25,5,1398,1,2,-1,-1
201420M005514,1,19,0,18,0,0,0,0,0,0,4,1,1,1,39,7,-1,-1,-1,2,1
201420M005524,1,9,0,18,0,8,0,0,0,0,4,1,1,1,-1,-1,1956,2,2,-1,-1
201420M005524,2,9,0,9,0,6,0,0,0,0,1,1,6,1,66,10,1597,2,-1,6,1
201420M005534,1,9,0,18,0,0,0,0,0,0,1,1,6,2,19,4,1397,1,7,9,2
201420M005534,2,1,0,12,0,0,0,0,0,0,2,1,6,1,63,9,-1,-1,-1,-1,1
201420M005544,1,9,0,18,0,1,0,0,0,0,1,1,6,2,46,8,1229,1,3,2,1
201420M005564,1,9,0,1,0,1,0,0,0,0,2,1,6,1,20,4,1390,1,8,7,1
201420M005564,2,9,0,5,0,6,0,0,0,0,1,1,6,1,45,7,2000,2,10,1,1
201420M005574,1,9,0,18,0,0,0,0,0,0,1,1,3,2,23,5,2685,2,9,2,1
201420M005574,2,9,0,18,0,0,0,0,0,0,2,1,2,1,52,8,998,1,6,6,1
201420M005574,3,9,0,18,0,0,0,0,0,0,2,1,3,2,44,7,1988,1,11,2,1
201420M005584,1,20,0,18,0,1,0,0,0,0,1,1,1,1,28,6,4500,2,7,1,1
201420M005624,1,9,0,18,0,1,0,0,0,0,1,1,6,2,22,5,1900,2,8,-1,-1
201420M005634,1,5,0,18,0,0,0,0,0,0,1,1,6,1,62,9,1585,1,2,3,1
201420M005634,2,9,0,3,0,0,0,0,0,0,2,1,6,2,45,7,1242,1,3,9,1
201420M005634,3,9,0,18,0,0,0,0,0,0,2,1,2,2,37,7,1560,2,3,6,1
201420M005634,4,9,0,18,0,0,0,0,0,0,1,1,6,1,61,9,1905,2,15,2,1
201420M005644,1,9,0,12,0,0,0,0,0,0,3,1,6,1,-1,-1,1850,1,14,5,1
201420M005644,2,9,0,18,0,0,0,0,0,0,1,1,2,1,52,8,1390,1,2,3,1
201420M005654,1,9,0,9,0,8,0,0,0,0,1,1,6,1,34,6,1388,1,13,-1,1
201420M005654,2,3,0,15,0,8,0,0,0,0,1,1,6,1,19,4,124,1,1,4,1
201420M005714,1,9,0,9,0,8,0,0,0,0,1,1,6,1,-1,-1,1995,2,6,-1,-1
201420M005714,2,9,0,5,0,8,0,0,0,0,1,1,6,2,32,6,1997,2,9,2,1
201420M005784,1,3,0,13,0,1,0,7,1,4,1,1,6,1,28,6,125,1,2,7,1
201420M005784,2,9,0,18,0,1,0,0,0,0,0,1,6,1,31,6,1360,1,14,2,1
201420M005784,3,9,0,18,0,1,0,0,0,0,0,1,6,1,-1,-1,1396,1,12,-1,-1
201420M005844,1,9,0,18,0,0,0,0,0,0,1,1,6,1,-1,-1,-1,-1,-1,-1,-1
201420M005854,1,9,0,9,0,8,0,0,0,0,4,1,6,1,41,7,1124,1,6,1,1
201420M005854,2,9,0,18,0,8,0,0,0,0,1,1,6,1,22,5,1360,1,11,2,1
201420M005864,1,9,0,4,0,1,0,0,0,0,1,1,6,1,20,4,1995,2,2,9,1
201420M005864,2,9,0,4,0,1,0,0,0,0,2,1,2,2,-1,-1,2776,2,10,-1,-1
201420M005944,1,9,0,18,0,2,0,0,0,0,4,1,6,2,41,7,1997,2,1,7,2
201420M006014,1,9,0,5,0,6,0,0,0,0,1,1,6,1,33,6,1990,1,19,2,1
201420M006014,2,9,0,18,0,8,0,0,0,0,1,1,6,2,24,5,1229,1,1,2,1
201420M006054,1,9,0,4,0,0,0,0,0,0,1,1,6,1,-1,-1,1596,1,11,2,1
201420M006054,2,9,0,3,0,0,0,0,0,0,2,1,6,2,29,6,1968,2,8,1,1
201420M006074,1,9,0,16,0,0,1,10,7,5,1,1,6,3,-1,-1,1589,1,17,-1,-1
201420M006084,1,9,0,18,0,8,1,0,0,0,3,1,6,1,19,4,1796,1,12,1,1
201420M006104,1,3,0,14,0,8,0,0,0,0,4,1,6,1,25,5,124,1,10,4,1
201420M006104,2,9,0,9,0,8,0,0,0,0,1,1,6,1,32,6,1598,1,13,-1,1
201420M006124,1,9,0,9,0,8,0,0,0,0,4,1,6,1,66,10,1362,1,2,4,1
201420M006124,2,10,0,18,0,8,0,0,0,0,1,1,1,2,38,7,2402,2,7,3,1
201420M006174,1,21,0,5,0,3,0,0,0,0,4,1,1,1,66,10,6374,2,-1,8,3
201420M006174,2,9,0,5,0,3,0,0,0,0,3,1,2,1,61,9,3596,1,8,5,3