Accident_Index,Vehicle_Reference,Vehicle_Type,Towing_and_Articulation,Vehicle_Manoeuvre,Vehicle_Location-Restricted_Lane,Junction_Location,Skidding_and_Overturning,Hit_Object_in_Carriageway,Vehicle_Leaving_Carriageway,Hit_Object_off_Carriageway,1st_Point_of_Impact,Was_Vehicle_Left_Hand_Drive?,Journey_Purpose_of_Driver,Sex_of_Driver,Age_of_Driver,Age_Band_of_Driver,Engine_Capacity_(CC),Propulsion_Code,Age_of_Vehicle,Driver_IMD_Decile,Driver_Home_Area_Type
201420M014444,2,1,0,18,0,0,0,0,0,0,2,1,6,1,9,2,-1,-1,-1,4,1
201420M014454,1,9,0,9,0,6,0,0,0,0,3,1,6,1,55,8,1598,1,13,-1,-1
201420M014454,2,9,0,18,0,8,0,0,0,0,1,1,6,1,80,11,2000,1,11,-1,-1
201420M014464,1,9,0,17,0,1,0,7,3,7,1,1,6,1,37,7,-1,-1,-1,3,1
201420M014484,1,9,0,7,0,8,0,0,0,0,1,1,6,1,-1,-1,1242,1,6,-1,-1
201420M014484,2,9,0,18,0,8,0,0,0,0,4,1,6,2,33,6,-1,-1,-1,-1,1
201420M014504,1,9,0,4,0,0,0,0,0,0,2,1,2,1,31,6,1850,1,12,10,1
201420M014504,2,9,0,4,0,0,0,0,0,0,2,1,2,2,49,8,1248,2,7,6,1
201420M014514,1,9,0,18,0,2,0,4,0,0,1,1,1,1,21,5,1988,1,10,4,1
201420M014514,2,9,0,2,0,2,0,0,0,0,2,1,6,2,52,8,1360,1,11,6,1
201420M014514,3,9,0,2,0,2,0,0,0,0,1,1,6,1,28,6,1598,1,12,6,1
201420M014524,1,9,0,9,0,8,0,0,0,0,3,1,6,1,29,6,1590,1,11,7,1
201420M014524,2,9,0,18,0,8,0,0,0,0,1,1,6,2,33,6,1998,2,11,7,1
201420M014554,1,9,0,12,0,8,1,0,0,0,1,1,6,1,32,6,-1,-1,-1,1,1
201420M014554,2,9,0,17,0,8,0,0,0,0,1,1,6,1,23,5,1149,1,6,1,1
201420M014584,1,9,0,18,0,0,0,4,1,0,1,1,6,1,35,6,2000,2,10,3,1
201420M014584,2,9,0,2,0,0,5,10,1,0,2,1,6,1,68,10,1896,2,9,6,3
201420M014594,1,9,0,4,0,8,0,0,0,0,1,1,6,1,-1,-1,-1,-1,-1,-1,-1
201420M014594,2,9,0,10,0,8,0,0,0,0,2,1,6,1,89,11,1461,2,7,5,1
201420M014624,1,9,0,18,0,1,0,0,0,0,4,1,1,1,50,8,2000,1,4,-1,1
201420M014634,1,11,0,4,0,8,0,0,0,0,1,1,1,1,55,8,-1,-1,-1,3,1
201420M014634,2,9,0,4,0,8,0,0,0,0,2,1,2,2,29,6,1368,1,6,-1,1
201420M014644,1,9,0,5,0,8,0,0,0,0,1,1,6,2,42,7,1989,1,14,5,1
201420M014644,2,9,0,17,0,8,0,0,0,0,1,1,6,1,33,6,998,1,1,1,1
201420M014654,1,9,0,18,0,8,0,0,0,0,1,1,6,3,-1,-1,-1,-1,-1,-1,-1
201420M014654,2,1,0,18,0,8,0,0,0,0,1,1,6,2,20,4,-1,-1,-1,10,1
201420M014704,1,9,0,9,0,8,0,0,0,0,1,1,6,2,19,4,998,1,6,2,1
201420M014704,2,5,0,9,0,8,0,0,0,0,1,1,6,1,60,9,790,1,9,5,1
201420M014744,1,9,0,9,0,8,0,0,0,0,4,1,6,1,68,10,1124,1,7,8,1
201420M014744,2,1,0,18,0,8,0,0,0,0,1,1,6,1,49,8,-1,-1,-1,-1,1
201420M014764,1,9,0,18,0,0,1,0,0,0,1,1,6,1,21,5,1124,1,12,6,1
201420M014764,2,8,0,18,0,0,1,0,0,0,1,1,1,1,44,7,2499,2,3,1,1
201420M014764,3,9,0,18,0,0,1,0,0,0,1,1,6,1,34,6,1124,1,10,2,1
201420M014804,1,9,0,4,0,0,0,0,0,0,1,1,6,1,80,11,1998,1,17,8,1
201420M014804,2,3,0,15,2,0,0,0,0,0,2,1,2,1,17,4,124,1,-1,3,1
201420M014834,1,9,0,5,0,8,0,0,0,0,1,1,6,1,55,8,1242,1,9,-1,1
201420M014834,2,1,0,4,0,8,0,0,0,0,3,1,6,1,18,4,-1,-1,-1,3,1
201420M014844,1,3,0,14,0,8,0,0,0,0,1,1,4,1,20,4,124,1,-1,5,1
201420M014844,2,9,0,9,0,8,0,0,0,0,1,1,2,2,53,8,1461,2,7,7,1
201420M014854,1,9,0,9,0,5,0,0,0,0,4,1,6,2,32,6,1598,1,4,2,1
201420M014854,2,2,0,18,0,8,0,0,0,0,1,1,6,1,26,6,49,1,3,3,1
201420M014914,1,19,0,18,0,1,0,0,0,0,3,1,6,3,-1,-1,-1,-1,-1,-1,-1
201420M014934,1,11,0,5,0,0,0,0,0,0,0,1,6,1,-1,-1,-1,-1,-1,-1,-1
201420M014944,1,11,0,4,0,0,0,0,0,0,0,1,1,1,65,9,8268,2,11,6,1
201420M014954,1,8,0,5,0,0,0,0,0,0,0,1,6,3,-1,-1,-1,-1,-1,-1,-1
201420M014964,1,9,0,9,0,8,0,0,0,0,1,1,6,2,41,7,1995,2,3,5,1
201420M014964,2,9,0,18,0,8,0,0,0,0,3,1,6,2,49,8,1995,2,2,6,1
201420M014984,1,9,0,7,0,6,0,0,0,0,3,1,6,3,-1,-1,-1,-1,-1,-1,-1
201420M014984,2,8,0,9,0,5,0,0,0,0,1,1,1,1,39,7,2402,2,9,3,1
201420M015014,1,9,0,9,0,8,0,0,0,0,1,1,6,1,26,6,1995,2,5,7,1
201420M015014,2,9,0,18,0,8,0,0,2,10,1,1,6,1,21,5,2987,2,3,6,1
201420M015024,1,9,0,9,0,6,0,0,0,0,3,1,6,1,27,6,1988,1,12,6,1
201420M015024,2,3,0,18,0,8,1,0,0,0,1,1,6,1,19,4,125,1,8,3,1
201420M015034,1,9,0,3,0,0,0,0,0,0,2,1,6,2,23,5,1149,1,11,1,1
201420M015034,2,9,0,18,0,0,0,0,0,0,1,1,6,3,-1,-1,2148,2,11,-1,-1
201420M015044,1,9,0,18,0,1,0,0,0,0,1,1,1,2,46,8,1956,2,-1,8,1
201420M015054,1,11,0,5,0,0,0,0,0,0,0,1,1,1,62,9,-1,-1,-1,10,1
201420M015064,1,9,0,1,0,5,0,0,0,0,2,1,6,2,-1,-1,1560,2,4,-1,-1
201420M015084,1,9,0,5,0,4,0,0,0,0,0,1,6,1,32,6,1968,2,7,4,1
201420M015084,2,5,0,18,0,3,5,0,0,0,0,1,6,1,39,7,599,1,17,4,1
201420M015094,1,1,0,18,0,8,0,0,0,0,1,1,6,1,19,4,-1,-1,-1,1,1
201420M015094,2,9,0,9,0,8,0,0,0,0,4,1,6,1,31,6,1753,2,6,4,1
201420M015104,1,9,0,16,0,2,1,0,0,0,3,1,6,1,40,7,-1,-1,-1,2,1
201420M015154,1,9,0,18,0,0,0,0,0,0,1,1,2,1,59,9,1999,1,6,10,1
201420M015154,2,9,0,18,0,0,0,0,0,0,1,1,6,2,44,7,1596,1,11,4,1
201420M015174,1,9,0,18,0,0,0,0,0,0,1,1,6,1,-1,-1,-1,-1,-1,-1,-1
201420M015194,1,9,0,5,0,4,0,0,0,0,4,1,1,2,39,7,1497,8,-1,4,1
201420M015194,2,19,0,5,0,4,0,0,0,0,3,1,6,1,-1,-1,2151,2,12,-1,-1
201420M015204,1,9,0,9,0,2,0,0,0,0,1,1,6,1,60,9,1360,1,9,-1,-1
201420M015214,1,9,0,18,0,1,0,0,0,0,1,1,6,1,-1,-1,1499,1,-1,-1,-1
201420M015214,2,9,0,8,0,1,0,0,0,0,2,1,6,1,41,7,1560,2,1,10,1
201420M015234,1,9,0,4,0,1,0,0,0,0,1,1,6,3,-1,-1,-1,-1,-1,-1,-1
201420M015234,2,19,0,3,0,1,0,0,0,0,2,1,6,1,53,8,1753,2,11,1,1
201420M015244,1,9,0,18,0,1,0,0,0,0,1,1,6,1,23,5,2996,1,8,6,1
201420M015254,1,9,0,9,0,8,0,0,0,0,3,1,6,2,55,8,998,1,10,7,1
201420M015254,2,9,0,18,0,8,0,0,4,6,1,1,6,1,31,6,647,8,-1,-1,-1
201420M015264,1,9,0,18,0,0,0,0,0,0,1,1,6,2,47,8,1984,1,6,3,1
201420M015284,1,9,0,7,0,8,0,0,0,0,3,1,6,1,68,10,1242,1,13,3,1
201420M015284,2,9,0,18,0,8,0,0,0,0,1,1,6,1,28,6,1968,2,-1,5,1
201420M015284,3,9,0,18,0,8,0,0,0,0,3,1,6,2,52,8,1229,1,8,4,1
201420M015294,1,9,0,7,0,8,0,0,0,0,1,1,6,1,38,7,1198,1,8,9,1
201420M015294,2,9,0,18,0,8,0,0,0,0,4,1,2,1,39,7,1390,1,14,1,1
201420M015304,1,9,0,5,0,4,0,0,0,0,1,1,6,3,-1,-1,1497,8,8,-1,-1
201420M015304,2,1,0,9,0,3,0,0,0,0,2,1,2,1,44,7,-1,-1,-1,2,1
201420M015334,1,9,0,9,0,6,0,0,0,0,1,1,6,2,46,8,1242,1,3,3,3
201420M015334,2,9,0,18,0,8,0,0,0,0,4,1,6,1,50,8,1997,2,13,3,1
201420M015404,1,9,0,18,0,2,0,0,0,0,1,1,2,2,27,6,998,1,8,6,1
201420M015404,2,1,0,18,0,2,0,0,0,0,1,1,6,1,12,3,-1,-1,-1,6,1
201420M015424,1,9,0,18,0,2,0,0,0,0,1,1,6,1,-1,-1,2143,2,4,-1,-1
201420M015424,2,9,0,3,0,2,0,0,0,0,2,1,1,2,25,5,1360,1,11,3,1
201420M015424,3,9,0,3,0,2,0,0,0,0,2,1,6,2,-1,-1,1598,1,-1,-1,-1
201420M015434,1,1,0,18,5,8,0,0,0,0,1,1,1,2,25,5,-1,-1,-1,5,1
201420M015434,2,19,0,3,5,8,0,0,0,0,4,1,1,1,-1,-1,2198,2,-1,-1,-1
201420M015444,1,9,0,5,0,4,0,0,0,0,1,1,2,2,47,8,1968,2,-1,2,1
201420M015444,2,1,0,18,0,3,0,0,0,0,4,1,2,1,47,8,-1,-1,-1,2,1
201420M015454,1,9,0,5,0,1,0,0,0,0,1,1,6,1,-1,-1,2000,2,10,-1,-1
201420M015454,2,9,0,8,0,1,0,0,0,0,3,1,6,1,65,9,1339,1,5,2,1
201420M015484,1,20,0,12,0,0,0,0,0,0,3,1,6,3,-1,-1,-1,-1,-1,-1,-1
201420M015484,2,5,0,18,0,0,0,0,0,0,4,1,2,1,55,8,988,1,11,2,1
201420M015494,1,9,0,9,0,6,0,0,0,0,1,1,6,1,62,9,1910,2,7,5,1
201420M015494,2,3,0,16,0,8,0,0,0,0,1,1,2,1,27,6,125,1,-1,1,1
201420M015504,1,9,0,18,0,0,0,0,0,0,1,1,6,3,-1,-1,-1,-1,-1,-1,-1
201420M015504,2,9,0,4,0,0,0,0,0,0,2,1,6,2,20,4,1299,1,13,-1,1
201420M015504,3,9,0,18,0,0,0,0,0,0,2,1,6,1,-1,-1,1870,2,11,-1,1
201420M015574,1,1,0,5,0,6,0,0,0,0,1,1,6,1,21,5,-1,-1,-1,2,1
201420M015574,2,20,0,18,0,2,0,0,0,0,4,1,6,1,48,8,4250,2,10,1,1
201420M015584,1,9,0,5,0,8,0,0,0,0,4,1,2,1,24,5,1596,1,6,3,1
201420M015584,2,9,0,18,0,8,0,0,0,0,1,1,6,1,-1,-1,2494,1,15,-1,-1
201420M015584,3,9,0,4,0,1,0,0,0,0,3,1,6,1,31,6,1198,1,10,4,1
201420M015594,1,11,0,7,0,4,0,0,0,0,1,1,6,3,-1,-1,7300,2,1,-1,-1
201420M015594,2,9,0,5,0,6,0,0,0,0,3,1,6,1,38,7,1896,2,5,5,1
201420M015614,1,9,0,9,0,8,0,0,0,0,1,1,6,1,37,7,2204,2,7,1,1
201420M015614,2,9,0,18,0,8,0,0,0,0,1,1,6,1,18,4,1600,1,15,1,1
201420M015644,1,9,0,14,0,0,0,0,0,0,4,1,6,3,-1,-1,-1,-1,-1,-1,-1
201420M015654,1,9,0,9,0,5,1,0,0,0,1,1,3,2,28,6,1124,1,12,7,1
201420M015654,2,9,0,18,0,8,1,0,0,0,1,1,6,1,30,6,2000,2,10,2,1
201420M015664,1,9,0,11,0,1,0,0,0,0,1,1,6,1,22,5,1910,2,7,7,2
201420M015664,2,9,0,3,0,1,0,0,0,0,2,1,6,2,52,8,973,1,11,3,1
201420M015674,1,9,0,4,0,1,0,0,0,0,2,1,1,1,36,7,1984,1,11,1,1
201420M015674,2,9,0,12,0,1,0,0,0,0,1,1,1,1,41,7,-1,-1,-1,1,1
201420M015684,1,9,0,6,0,0,0,0,0,0,0,1,6,2,23,5,1360,1,4,-1,1
201420M015684,2,3,0,18,0,0,2,10,0,0,1,1,2,1,27,6,125,1,-1,-1,1
201420M015694,1,9,0,9,0,8,0,0,0,0,3,1,6,2,-1,-1,1149,1,1,-1,1
201420M015694,2,1,0,18,0,8,0,0,0,0,4,1,6,2,-1,-1,-1,-1,-1,3,1
201420M015714,1,9,0,5,0,6,0,0,0,0,3,1,6,1,-1,-1,1951,2,10,-1,-1
201420M015714,2,9,0,18,0,8,0,0,0,0,4,1,6,1,18,4,1124,1,11,8,1
201420M015744,1,9,0,9,0,8,0,0,0,0,4,1,6,1,32,6,-1,-1,-1,1,1
201420M015744,2,3,0,18,0,8,0,0,0,0,1,1,6,1,43,7,124,1,6,3,1
201420M015794,1,9,0,18,0,8,0,0,8,10,1,1,6,1,27,6,2143,2,1,10,1
201420M015794,2,9,0,9,0,8,0,0,7,0,1,1,2,2,44,7,999,1,1,7,3
201420M500044,1,9,0,9,0,6,0,0,0,0,3,1,1,2,41,7,998,1,17,5,1
201420M500044,2,9,0,18,0,8,0,0,0,0,4,1,2,1,41,7,1896,2,12,10,1
201420M500054,1,19,0,9,0,6,0,0,0,0,1,1,1,1,-1,-1,2198,2,-1,-1,-1
201420M500054,2,9,0,18,0,8,0,0,0,0,4,1,6,1,71,10,1242,1,5,7,3
201420M500064,1,9,0,9,0,5,0,0,0,0,1,1,6,2,56,9,4196,1,6,5,3
201420M500064,2,5,0,18,0,8,5,0,0,0,3,1,6,1,38,7,748,1,12,1,1
201420M500084,1,3,0,14,0,8,0,0,0,0,1,1,6,3,-1,-1,-1,-1,-1,-1,-1
201420M500084,2,9,0,9,0,6,0,0,0,0,3,1,6,2,29,6,1598,1,11,4,1
201420M500094,1,9,0,18,0,0,0,0,0,0,1,1,6,3,-1,-1,1798,1,11,-1,-1
201420M500094,2,9,0,18,0,0,0,0,0,0,2,1,6,1,52,8,2460,2,7,1,1
201420M500104,1,9,0,18,0,1,0,0,0,0,1,1,6,1,66,10,1796,1,14,1,1
201420M500104,2,9,0,10,0,1,0,0,0,0,2,1,6,1,73,10,1461,2,1,8,1
201420M500114,1,9,0,13,0,0,0,0,0,0,3,1,2,2,35,6,1796,1,7,2,1
201420M500114,2,9,0,18,0,0,0,0,0,0,1,1,1,1,26,6,-1,-1,-1,3,1
201420M500124,1,9,0,5,0,6,0,0,0,0,3,1,6,1,56,9,1461,2,7,1,1
201420M500124,2,9,0,18,0,8,0,0,0,0,1,1,6,2,34,6,1598,1,12,1,1
201420M500134,1,2,0,18,0,8,0,0,0,0,0,1,2,1,20,4,125,1,3,-1,1
201420M500134,2,19,0,9,0,8,0,0,0,0,0,1,6,1,-1,-1,-1,-1,-1,-1,-1
201420M500144,1,9,0,13,0,2,0,0,0,0,4,1,6,3,-1,-1,-1,-1,-1,-1,-1
201420M500144,2,1,0,4,0,2,0,0,0,0,3,1,2,2,27,6,-1,-1,-1,4,1
201420M500214,1,9,0,18,0,0,1,10,7,4,3,1,2,1,37,7,1124,1,13,7,1
201420M500214,2,1,0,18,0,0,0,0,1,4,4,1,2,1,26,6,-1,-1,-1,7,1
201420M500234,1,9,0,18,0,0,0,10,0,0,1,1,6,1,27,6,1999,1,9,4,1
201420M500234,2,9,0,3,0,0,0,0,0,0,2,1,6,1,54,8,1896,2,13,2,1
201420M500234,3,9,0,3,0,0,0,0,0,0,2,1,6,1,50,8,2226,1,25,-1,-1
201420M500294,1,9,0,13,0,8,1,10,1,10,1,1,6,1,24,5,1598,1,-1,4,1
201420M500294,2,9,0,9,0,8,0,0,0,0,1,1,6,1,21,5,1995,1,5,1,1
201420M500304,1,9,0,18,0,8,0,0,0,0,1,1,6,2,27,6,1198,1,12,-1,-1
201420M500304,2,9,0,9,0,8,0,0,0,0,1,1,6,1,81,11,1998,1,16,5,1
201420M500334,1,9,0,18,0,8,0,0,0,0,1,1,6,1,46,8,1398,2,3,5,1
201420M500334,2,9,0,18,0,8,0,0,0,0,4,1,6,2,85,11,998,1,12,7,1
201420M500414,1,9,0,18,0,0,0,10,1,10,1,1,6,1,24,5,1198,1,1,2,1
201420M500424,1,9,0,16,0,0,0,0,1,10,1,1,6,2,56,9,1598,1,10,1,1
201420M500474,1,20,0,5,0,4,0,0,0,0,2,1,6,1,43,7,4462,2,-1,4,1
201420M500474,2,9,0,5,0,4,0,0,0,0,1,1,6,1,29,6,1783,1,11,6,1
201420M500514,1,9,0,18,0,0,0,0,0,0,1,1,6,1,25,5,1560,2,-1,4,1
201420M500524,1,2,0,14,0,8,2,0,0,0,1,1,6,1,16,4,50,1,-1,7,1
201420M500524,2,9,0,9,0,6,0,0,0,0,1,1,6,2,19,4,1242,1,3,10,1
201420M500534,1,9,0,9,0,6,0,0,0,0,1,1,6,2,63,9,1398,2,-1,5,1
201420M500534,2,9,0,18,0,8,0,0,0,0,4,1,6,1,25,5,1598,1,13,5,1
201420M500544,1,9,0,9,0,6,0,0,0,0,1,1,6,2,-1,-1,1598,1,14,1,1
201420M500544,2,9,0,18,0,8,0,0,0,0,4,1,6,2,41,7,2685,2,13,4,1
201420M500554,1,9,0,4,9,1,0,0,7,0,1,1,6,2,-1,-1,-1,-1,-1,-1,-1
201420M500564,1,1,0,18,0,8,0,0,0,0,4,1,6,1,17,4,-1,-1,-1,7,1
201420M500564,2,9,0,18,0,8,0,0,0,0,1,1,6,1,49,8,1870,2,3,7,1
201420M500574,1,9,0,9,0,5,0,0,0,0,1,1,6,3,-1,-1,-1,-1,-1,-1,-1
201420M500584,1,9,0,18,0,1,1,0,0,0,4,1,1,2,45,7,-1,-1,-1,7,1
201420M500594,1,9,0,7,0,6,0,0,0,0,3,1,2,1,52,8,2000,2,5,8,3
201420M500594,2,9,0,18,0,8,0,0,0,0,1,1,2,2,20,4,1598,1,12,7,1
201420M500604,1,9,0,18,0,0,0,0,0,0,1,1,6,1,84,11,1598,1,16,-1,1
201420M500614,1,9,0,17,0,0,0,0,1,2,1,1,2,2,24,5,1248,1,3,9,1
201420M500624,1,9,0,9,0,8,0,0,0,0,1,1,2,1,21,5,1390,1,4,4,1
201420M500624,2,11,0,18,0,8,0,0,0,0,4,1,1,1,-1,-1,6700,2,3,1,1
201420M500634,1,9,0,9,0,6,0,0,0,0,1,1,6,1,70,10,1390,1,2,4,1
201420M500634,2,9,0,18,0,8,0,0,0,0,1,1,6,2,35,6,1587,1,7,2,1
201420M500644,1,9,0,18,0,0,0,0,0,0,1,1,2,2,49,8,1560,2,2,8,1
201420M500644,2,9,0,4,0,0,0,0,0,0,2,1,6,1,-1,-1,-1,-1,-1,-1,-1
201420M500654,1,1,0,5,0,1,0,0,0,0,4,1,6,2,54,8,-1,-1,-1,3,1
201420M500654,2,9,0,5,0,1,0,0,0,0,1,1,6,2,20,4,1150,1,7,3,1
201420M500694,1,9,0,18,0,0,0,0,0,0,1,1,2,1,31,6,2204,2,4,-1,1
201420M500694,2,1,0,18,0,0,0,10,1,0,2,1,2,1,42,7,-1,-1,-1,1,1
201420M500814,1,19,0,9,0,5,0,0,0,0,1,1,1,1,-1,-1,4500,2,7,7,1
201420M500814,2,1,0,18,0,8,0,0,0,0,4,1,1,1,28,6,-1,-1,-1,1,1
201420M500824,1,8,0,18,0,1,0,0,0,0,1,1,6,1,-1,-1,-1,-1,-1,-1,-1
201420M500824,2,9,0,3,0,1,0,0,0,0,2,1,6,3,-1,-1,-1,-1,-1,-1,-1
201420M500884,1,9,0,9,0,1,1,0,0,0,1,1,6,1,-1,-1,2324,1,14,-1,-1
201420M500884,2,9,0,10,0,1,0,0,0,0,2,1,6,2,37,7,1560,2,4,-1,1
201420M500894,1,9,0,7,0,5,0,0,0,0,4,1,6,3,-1,-1,1399,2,11,-1,-1
201420M500894,2,1,0,18,0,8,0,0,0,0,3,1,6,1,53,8,-1,-1,-1,1,1
201420M500934,1,8,0,1,0,0,0,0,0,0,2,1,1,1,-1,-1,2499,2,2,1,1
201420M500974,1,9,0,17,0,8,0,0,0,0,1,1,2,1,-1,-1,-1,-1,-1,-1,-1
201420M500974,2,9,0,9,0,8,0,0,0,0,4,1,6,1,-1,-1,1242,1,11,-1,-1
201420M501064,1,9,0,18,0,4,0,0,0,0,1,1,6,1,-1,-1,1984,1,3,8,1
201420M501064,2,9,0,18,0,4,0,0,0,0,3,1,6,1,46,8,1896,2,14,10,1
201420M501124,1,9,0,9,0,6,0,0,0,0,3,1,6,2,21,5,1988,1,11,5,1
201420M501124,2,3,0,18,0,2,2,0,7,4,1,1,6,1,59,9,998,1,6,1,1
201420M501174,1,4,0,7,0,3,0,0,0,0,4,1,6,1,31,6,999,1,2,9,1
201420M501174,2,9,0,18,0,4,0,0,0,0,3,1,6,1,68,10,2706,1,-1,10,3
201420M501274,1,9,0,18,0,0,0,0,0,0,1,1,6,1,-1,-1,-1,-1,-1,-1,-1
201420M501274,2,9,0,6,0,0,0,0,0,0,1,1,6,1,37,7,1796,1,1,4,1
201420M501284,1,9,0,17,0,8,0,0,0,0,1,1,6,3,-1,-1,-1,-1,-1,-1,-1
201420M501284,2,9,0,3,0,8,0,0,0,0,2,1,6,1,20,4,1242,1,12,8,1
201420M501304,1,9,0,13,0,1,0,0,0,0,0,1,6,1,-1,-1,-1,-1,-1,-1,-1
201420M501304,2,3,0,3,0,1,0,10,0,0,1,1,1,1,45,7,-1,-1,-1,3,1
201420M501324,1,8,0,7,0,1,0,10,0,0,4,1,1,1,-1,-1,2402,2,10,2,1
201420M501334,1,19,0,18,0,4,0,0,0,0,1,1,6,1,31,6,1753,2,7,1,1
201420M501334,2,9,0,18,0,3,0,0,0,0,2,1,6,2,29,6,1399,1,4,5,1
201420M501344,1,9,0,14,0,1,0,0,0,0,1,1,3,2,44,7,1894,2,16,1,1
201420M501354,1,9,0,4,0,8,1,0,0,0,1,1,1,1,21,5,1199,1,12,1,1
201420M501354,2,9,0,4,0,8,0,0,0,0,2,1,1,1,61,9,1991,2,7,3,1
201420M501374,1,4,0,18,0,1,0,0,0,0,1,1,6,1,-1,-1,-1,-1,-1,-1,-1
201420M501374,2,9,0,18,0,2,0,0,0,0,3,1,6,2,32,6,999,1,-1,6,1
201420M501394,1,9,0,9,0,8,1,10,0,0,4,1,6,2,54,8,1332,1,16,6,1
201420M501394,2,9,0,18,0,8,0,7,0,0,1,1,1,1,51,8,998,1,10,9,1
201420M501404,1,9,0,9,0,1,0,0,0,0,1,1,6,1,-1,-1,1686,2,-1,-1,-1
201420M501424,1,9,0,18,0,0,0,0,0,0,1,1,6,2,27,6,2926,2,13,5,1
201420M501434,1,9,0,18,0,0,0,0,0,0,1,1,6,2,50,8,1560,2,6,5,1
201420M501444,1,9,0,18,0,1,0,0,0,0,1,1,6,3,-1,-1,-1,-1,-1,-1,-1
201420M501444,2,3,0,3,0,1,0,0,0,0,2,1,1,1,21,5,125,1,-1,-1,1
201420M501584,1,19,0,4,0,1,0,0,0,0,1,1,2,1,45,7,1598,2,1,1,1
201420M501634,1,9,0,18,0,0,0,0,0,0,1,1,6,1,20,4,1590,1,19,7,1
201420M501634,2,9,0,4,0,0,0,0,0,0,2,1,6,1,26,6,1896,2,12,6,1
201420M501674,1,9,0,18,0,1,0,0,0,0,1,1,6,2,31,6,1997,2,2,4,1
201420M501674,2,9,0,3,0,1,0,0,0,0,2,1,1,1,67,10,1796,1,-1,10,2
201420M501684,1,9,0,18,0,0,0,0,0,0,1,1,6,1,71,10,1991,2,8,3,1
201420M501694,1,9,0,9,0,8,0,0,0,0,3,1,3,2,22,5,998,1,8,-1,-1
201420M501694,2,3,0,18,0,8,0,0,0,0,1,1,2,1,24,5,125,1,2,2,1
201420M501704,1,9,0,1,8,0,0,0,0,0,2,1,6,3,-1,-1,-1,-1,-1,-1,-1
201420M501714,1,9,0,4,0,0,0,0,0,0,1,1,6,1,38,7,1560,2,8,5,1
201420M501714,2,9,0,4,0,0,0,0,0,0,2,1,6,1,58,9,1896,2,12,2,1
201420M501714,3,9,0,4,0,0,0,0,0,0,2,1,6,2,31,6,1968,2,-1,6,1
201420M501724,1,9,0,11,0,1,0,0,0,0,4,1,6,1,21,5,1598,2,3,5,1
201420M501724,2,9,0,18,0,1,0,0,0,0,3,1,6,2,40,7,1598,1,6,-1,-1
201420M501734,1,9,0,18,0,8,0,0,0,0,3,1,6,2,65,9,1229,1,3,9,2
201420M501734,2,1,0,18,0,8,0,0,0,0,1,1,6,1,20,4,-1,-1,-1,7,3
201420M501744,1,9,0,18,0,8,0,0,0,0,1,1,6,1,-1,-1,1997,2,9,1,1
201420M501744,2,9,0,4,0,8,0,0,0,0,2,1,1,1,46,8,1896,2,11,4,1
201420M501754,1,9,0,9,0,8,0,0,0,0,4,1,6,1,-1,-1,-1,-1,-1,-1,-1
201420M501754,2,1,0,18,0,8,0,0,0,0,1,1,6,1,22,5,-1,-1,-1,2,1
201420M501764,1,9,0,9,0,5,0,0,0,0,4,1,6,2,33,6,1796,1,6,4,1
201420M501764,2,1,0,18,0,8,0,0,0,0,1,1,6,1,22,5,-1,-1,-1,4,1
201420M501774,1,9,0,18,0,1,0,0,0,0,1,1,6,2,-1,-1,1598,1,1,-1,-1
201420M501774,2,9,0,10,0,1,0,0,0,0,2,1,2,2,49,8,-1,-1,-1,2,1
201420M501774,3,9,0,10,0,1,0,0,0,0,2,1,6,1,-1,-1,-1,-1,-1,-1,-1
201420M501784,1,9,0,18,0,2,0,0,0,0,4,1,6,2,-1,-1,-1,-1,-1,-1,-1
201420M501794,1,9,0,9,0,6,0,0,0,0,1,1,6,2,26,6,1242,1,-1,9,1
201420M501804,1,9,0,18,0,8,0,0,0,0,4,1,6,3,-1,-1,1598,1,13,-1,-1
201420M501804,2,9,0,9,0,8,0,0,0,0,3,1,6,2,34,6,1199,1,11,9,2
201420M501814,1,9,0,5,0,6,0,0,0,0,1,1,6,1,35,6,1968,2,5,4,1
201420M501814,2,9,0,18,0,8,1,4,0,0,1,1,6,1,28,6,2148,2,5,3,1
201420M501814,3,9,0,2,0,8,0,0,0,0,3,1,6,2,32,6,1587,1,6,5,1
201420M501824,1,11,0,5,0,4,0,10,1,0,1,1,3,1,-1,-1,-1,-1,-1,-1,-1
201420M501844,1,9,0,18,0,0,0,0,0,0,1,1,6,1,-1,-1,-1,-1,-1,-1,-1
201420M501904,1,9,0,18,0,1,0,0,0,0,1,1,6,1,-1,-1,-1,-1,-1,-1,-1
201420M501904,2,9,0,10,0,1,0,0,0,0,2,1,6,2,34,6,1396,1,13,1,1
201420M501914,1,1,0,18,9,1,0,0,0,0,1,1,6,1,-1,-1,-1,-1,-1,-1,-1
201420M502784,1,9,0,18,0,1,0,0,0,0,1,1,6,1,53,8,1796,1,9,8,1
201420M502784,2,9,0,3,0,1,0,0,0,0,2,1,6,1,25,5,1329,1,5,2,1
201420M502784,3,9,0,7,0,1,0,0,0,0,0,1,1,2,28,6,1956,2,-1,2,1
201420M502854,1,9,0,9,0,5,0,0,0,0,1,1,6,1,86,11,1242,1,7,3,1