Accident_Index,Vehicle_Reference,Vehicle_Type,Towing_and_Articulation,Vehicle_Manoeuvre,Vehicle_Location-Restricted_Lane,Junction_Location,Skidding_and_Overturning,Hit_Object_in_Carriageway,Vehicle_Leaving_Carriageway,Hit_Object_off_Carriageway,1st_Point_of_Impact,Was_Vehicle_Left_Hand_Drive?,Journey_Purpose_of_Driver,Sex_of_Driver,Age_of_Driver,Age_Band_of_Driver,Engine_Capacity_(CC),Propulsion_Code,Age_of_Vehicle,Driver_IMD_Decile,Driver_Home_Area_Type
201420M502854,2,9,0,18,0,8,0,0,0,0,1,1,6,1,40,7,1796,1,9,5,1
201420M502864,1,9,0,4,0,1,0,0,0,0,2,1,6,2,-1,-1,-1,-1,-1,-1,-1
201420M502864,2,5,0,18,0,1,0,0,0,0,1,1,1,1,53,8,652,1,3,8,1
201420M502884,1,9,0,9,0,8,0,0,0,0,2,1,6,2,21,5,1242,1,2,10,2
201420M502884,2,8,0,18,0,8,0,0,0,0,1,1,1,1,56,9,2499,2,5,2,1
201420M651274,1,9,0,12,0,4,0,0,0,0,1,1,2,1,28,6,1753,2,6,8,1
201420M651274,2,9,0,18,0,4,0,0,0,0,4,1,2,2,32,6,1598,1,3,3,1
201420N000404,1,9,0,18,0,0,0,0,0,0,1,1,2,1,20,4,1149,1,11,5,1
201420N002164,1,19,0,1,0,2,0,0,0,0,2,1,6,1,-1,-1,2402,2,3,-1,-1
201420N002444,1,9,0,18,0,0,1,0,0,0,1,1,6,1,-1,-1,1596,1,15,-1,-1
201420N002444,2,8,0,3,0,0,0,0,0,0,2,1,1,1,-1,-1,2231,2,7,1,1
201420N002504,1,19,0,18,0,4,0,0,0,0,3,1,6,1,37,7,2198,2,7,7,1
201420N002504,2,9,0,9,0,4,0,10,7,10,1,1,6,2,18,4,-1,-1,-1,6,3
201420N002574,1,9,0,4,0,2,0,0,0,0,1,1,2,2,32,6,1398,1,1,4,1
201420N002574,2,9,0,4,0,2,0,0,0,0,2,1,2,2,30,6,1587,1,9,8,1
201420N002574,3,9,0,3,0,2,0,0,0,0,2,1,2,2,44,7,1988,2,9,4,1
201420N004214,1,9,0,18,0,0,0,0,0,0,1,1,6,1,28,6,2000,1,11,1,1
201420N004844,1,9,0,1,0,2,0,0,0,0,2,1,6,2,-1,-1,-1,-1,-1,-1,-1
201420N005134,1,9,0,18,0,8,0,10,7,10,4,1,1,2,48,8,1299,1,10,2,1
201420N005134,2,9,0,18,0,8,0,0,0,0,1,1,1,2,38,7,998,1,19,8,1
201420N005454,1,9,0,9,0,8,0,0,0,0,1,1,2,1,18,4,1242,1,5,8,1
201420N005454,2,9,0,18,0,8,0,0,0,0,3,1,6,1,18,4,1198,1,9,10,1
201420N005484,1,9,0,9,0,6,0,0,0,0,4,1,6,1,84,11,1596,1,5,7,1
201420N005484,2,9,0,17,0,8,5,0,1,0,1,1,6,1,28,6,1299,1,12,5,1
201420N005884,1,9,0,9,0,2,0,0,0,0,3,1,2,2,33,6,1242,1,10,2,1
201420N005884,2,5,0,18,0,1,2,0,0,0,1,1,6,1,17,4,577,1,14,1,1
201420N006144,1,9,0,6,0,6,0,0,0,0,1,1,6,3,-1,-1,-1,-1,-1,-1,-1
201420N006144,2,2,0,18,0,8,0,0,0,0,4,1,6,1,16,4,49,1,14,1,1
201420N006554,1,9,0,18,0,0,0,0,0,0,1,1,6,2,-1,-1,1360,1,2,-1,-1
201420N007134,1,9,0,12,0,0,0,0,0,0,3,1,2,1,24,5,998,1,14,1,1
201420N007134,2,5,0,18,0,0,0,0,0,0,4,1,2,1,61,9,600,1,10,2,1
201420N007384,1,20,0,5,0,1,0,0,0,0,1,1,1,1,31,6,2148,2,7,2,1
201420N007384,2,9,0,5,0,1,0,0,0,0,2,1,1,2,45,7,1995,2,3,9,1
201420N007464,1,8,0,18,0,4,0,0,0,0,4,1,1,1,-1,-1,1896,2,10,-1,1
201420N007464,2,9,0,18,0,3,0,0,0,0,3,1,1,1,42,7,1598,2,3,6,1
201420N007644,1,19,0,18,0,0,0,0,0,0,1,1,6,1,51,8,1998,2,11,1,1
201420N007644,2,9,0,18,0,0,1,0,0,0,2,1,6,1,26,6,1995,2,7,5,1
201420N008014,1,9,0,18,0,0,0,4,0,0,4,1,6,1,-1,-1,1896,2,12,8,1
201420N008014,2,9,0,2,0,0,1,10,1,10,2,1,1,1,52,8,1229,1,6,3,1
201420N008024,1,11,0,4,7,0,0,0,0,0,0,1,1,1,-1,-1,7300,2,11,3,1
201420N008134,1,9,0,18,0,0,1,10,2,10,1,1,6,1,30,6,1896,2,7,3,1
201420N008144,1,3,0,16,0,0,1,0,0,0,1,1,6,1,17,4,124,1,8,1,1
201420N008144,2,19,0,4,0,0,0,0,0,0,1,1,1,1,47,8,1968,2,1,3,1
201420N008634,1,9,0,18,0,0,0,0,0,0,1,1,1,2,64,9,1297,1,16,-1,-1
201420N008694,1,9,0,7,0,2,0,0,7,10,1,1,2,1,27,6,1360,1,13,1,1
201420N008914,1,9,0,14,0,0,0,0,0,0,1,1,6,1,68,10,1242,1,14,5,1
201420N009274,1,9,0,1,0,1,0,0,0,0,2,1,6,2,-1,-1,1242,1,13,-1,-1
201420N009294,1,11,0,4,0,2,1,0,0,0,0,1,1,1,23,5,9360,2,6,3,1
201420N009304,1,19,0,14,0,1,0,0,0,0,0,1,6,3,-1,-1,-1,-1,-1,-1,-1
201420N009304,2,9,0,18,0,2,0,0,0,0,2,1,6,1,18,4,1527,2,18,3,1
201420N009304,3,9,0,18,0,2,0,0,0,0,1,1,6,1,24,5,1396,1,12,1,1
201420N009764,1,9,0,18,0,8,0,0,0,0,1,1,2,2,45,7,1399,2,4,3,1
201420N009764,2,9,0,9,0,8,0,0,0,0,4,1,2,2,32,6,1995,2,1,9,1
201420N009834,1,9,0,7,0,6,0,0,0,0,3,1,6,2,84,11,1248,1,5,7,1
201420N009834,2,9,0,18,0,8,0,0,0,0,4,1,3,2,39,7,1560,2,3,8,1
201420N009834,3,9,0,4,0,8,0,0,0,0,3,1,3,2,41,7,2792,1,13,8,1
201420N010114,1,9,0,18,0,1,0,0,0,0,1,1,6,2,83,11,1388,1,8,9,1
201420N011074,1,9,0,9,0,2,0,0,0,0,1,1,1,1,36,7,1896,2,9,2,1
201420N011084,1,9,0,18,0,2,0,10,1,7,1,1,2,1,32,6,1398,2,8,6,1
201420N011094,1,9,0,18,0,0,0,0,0,0,4,1,6,3,-1,-1,-1,-1,-1,-1,-1
201420N011104,1,9,0,12,0,3,0,0,0,0,1,1,6,2,34,6,1799,1,7,3,1
201420N011104,2,5,0,18,0,8,0,0,0,0,1,1,6,1,38,7,999,1,3,7,1
201420N011124,1,9,0,18,0,0,0,0,0,0,1,1,6,1,76,11,1796,1,3,7,1
201420N011464,1,9,0,9,0,8,0,0,0,0,1,1,1,1,30,6,1198,1,1,6,1
201420N011464,2,9,0,18,0,8,0,0,0,0,1,1,1,2,45,7,1360,1,6,1,1
201420N011534,1,9,0,4,0,8,0,0,0,0,1,1,6,1,54,8,2497,1,8,10,1
201420N011534,2,9,0,4,0,8,0,0,0,0,2,1,6,1,52,8,1995,2,4,10,1
201420N011664,1,9,0,5,0,0,0,0,0,0,1,1,6,1,-1,-1,2143,2,3,-1,-1
201420N011854,1,9,0,17,0,1,0,0,0,0,4,1,2,1,34,6,1560,2,9,5,1
201420N011854,2,9,0,17,0,1,0,0,0,0,1,1,2,1,34,6,1388,1,11,6,1
201420N012464,1,9,0,9,0,5,0,0,0,0,4,1,6,1,78,11,1299,1,11,8,1
201420N012464,2,9,0,4,0,8,0,0,0,0,1,1,3,2,33,6,1388,1,3,1,1
201420N012474,1,9,0,9,0,8,0,0,0,0,3,1,6,2,25,5,1198,1,8,1,1
201420N012474,2,1,0,18,0,8,0,0,0,0,1,1,6,1,33,6,-1,-1,-1,2,1
201420N012494,1,9,0,1,6,1,0,0,0,0,2,1,1,2,44,7,1598,2,1,5,1
201420N013014,1,9,0,18,0,8,0,0,0,0,1,1,3,1,51,8,1999,1,13,3,1
201420N013014,2,9,0,18,0,8,0,0,0,0,4,1,2,2,57,9,1242,1,8,10,1
201420N013174,1,9,0,18,0,0,0,4,1,2,1,1,6,2,19,4,-1,-1,-1,1,1
201420N013174,2,9,0,2,6,0,0,0,0,0,3,1,6,1,47,8,-1,-1,-1,-1,-1
201420N013174,3,9,0,2,9,0,0,0,0,0,3,1,6,3,45,7,1769,1,13,-1,-1
201420N013204,1,9,0,18,0,1,0,0,0,0,1,1,6,1,26,6,1582,2,2,10,1
201420N013204,2,9,0,4,0,1,0,0,0,0,2,1,1,1,22,5,1686,2,5,1,1
201420N013204,3,9,0,4,0,1,0,0,0,0,2,1,6,2,34,6,998,1,3,9,1
201420N013224,1,9,0,9,0,5,0,0,0,0,4,1,1,1,46,8,973,1,15,1,1
201420N013224,2,1,0,18,0,8,0,0,0,0,1,1,1,1,30,6,-1,-1,-1,9,1
201420N013684,1,9,0,17,0,2,0,0,0,0,1,1,1,1,26,6,1360,1,7,-1,1
201420N013714,1,9,0,18,0,1,0,0,7,0,1,1,6,1,74,10,1339,1,-1,5,1
201420N013714,2,9,0,7,0,2,0,0,0,0,1,1,6,2,22,5,1799,1,9,2,1
201420N014734,1,9,0,9,0,8,0,0,0,0,4,1,6,1,20,4,1229,1,1,6,1
201420N014734,2,1,0,18,0,8,0,0,0,0,1,1,6,1,50,8,-1,-1,-1,-1,-1
201420N014744,1,9,0,18,0,0,0,0,0,0,1,1,6,1,-1,-1,-1,-1,-1,-1,-1
201420N014864,1,9,0,3,0,0,0,0,0,0,2,1,6,1,35,6,1995,2,7,1,1
201420N014864,2,9,0,18,0,0,0,0,0,0,1,1,6,1,-1,-1,1994,2,12,1,1
201420N015174,1,9,0,7,0,5,0,0,1,0,2,1,1,1,29,6,1598,2,1,7,1
201420N015174,2,9,0,18,0,8,0,0,0,0,1,1,1,1,61,9,2494,1,17,10,1
201420N015184,1,9,0,5,0,2,0,0,0,0,1,1,6,1,25,5,-1,-1,-1,-1,-1
201420N015184,2,9,0,3,0,1,0,0,0,0,1,1,6,2,45,7,1587,1,6,2,1
201420N015194,1,9,0,9,0,2,0,0,0,0,0,1,6,1,45,7,1390,1,12,5,1
201420N015204,1,9,0,18,0,8,0,0,0,0,1,1,2,1,54,8,1396,1,13,2,1
201420N015204,2,9,0,10,0,8,0,0,0,0,1,1,3,1,51,8,998,1,11,8,1
201420N015204,3,9,0,18,0,8,0,0,0,0,1,1,2,2,55,8,1991,2,9,9,1
201420N015214,1,9,0,9,0,4,0,0,0,0,1,1,1,2,47,8,1998,1,14,3,1
201420N015214,2,9,0,4,0,4,1,0,0,0,4,1,1,1,28,6,1956,2,1,1,1
201420N015334,1,9,0,9,0,8,0,0,0,0,1,1,6,1,17,4,1149,1,13,3,1
201420N015334,2,9,0,18,0,8,0,0,0,0,1,1,6,1,22,5,-1,-1,-1,6,1
201420N015894,1,9,0,9,0,8,1,0,0,0,1,1,6,1,22,5,998,1,1,5,1
201420N015894,2,9,0,18,0,8,0,0,0,0,1,1,6,1,47,8,1798,1,12,6,1
201420N015904,1,19,0,18,0,8,0,0,0,0,1,1,6,1,-1,-1,-1,-1,-1,-1,-1
201420N015904,2,9,0,4,0,8,0,0,0,0,2,1,2,2,51,8,1596,1,9,1,1
201420N015914,1,9,0,18,0,8,0,0,0,0,1,1,2,2,59,9,1388,1,5,10,1
201420N015914,2,9,0,9,0,8,0,0,0,0,4,1,3,1,23,5,1388,1,2,1,1
201420N016124,1,3,0,18,0,8,1,0,0,0,1,1,6,1,18,4,125,1,3,7,1
201420N016124,2,9,0,9,0,6,0,0,0,0,1,1,6,1,-1,-1,1390,1,9,-1,-1
201420N016324,1,9,0,18,0,4,2,7,7,10,1,1,6,1,29,6,2987,2,5,1,1
201420N016324,2,9,0,18,0,1,0,0,0,0,0,1,1,1,-1,-1,2993,2,1,1,1
201420N016344,1,9,0,18,0,0,0,0,0,0,1,1,6,2,80,11,1799,1,8,5,1
201420N016344,2,9,0,3,0,0,0,0,0,0,2,1,6,1,23,5,1390,1,8,1,1
201420N016344,3,9,0,18,0,0,0,0,0,0,2,1,6,2,39,7,2685,2,10,10,1
201420N016344,4,9,0,18,0,0,0,0,0,0,1,1,6,1,27,6,1984,1,6,8,1
201420N016354,1,9,0,9,0,5,0,0,0,0,4,1,6,1,-1,-1,-1,-1,-1,-1,-1
201420N016354,2,1,0,18,0,8,0,0,0,0,1,1,6,1,41,7,-1,-1,-1,4,1
201420N016794,1,9,0,18,0,3,0,0,0,0,1,1,6,1,-1,-1,1000,1,1,-1,-1
201420N016794,2,5,0,18,0,3,0,0,0,0,4,1,6,1,44,7,660,1,2,-1,3
201420N017344,1,9,0,18,0,8,5,9,8,1,1,1,6,1,35,6,1783,1,11,1,1
201420N017654,1,9,0,1,9,8,0,0,0,0,0,1,6,1,22,5,1248,2,9,9,1
201420N017934,1,9,0,9,0,6,0,0,0,0,1,1,6,1,-1,-1,1299,1,16,-1,-1
201420N018474,1,9,0,18,0,0,0,0,0,0,4,1,6,1,43,7,2000,2,7,4,1
201420N018724,1,9,0,9,0,2,0,0,0,0,1,1,6,2,-1,-1,-1,-1,-1,-1,-1
201420N018724,2,1,0,18,0,2,0,0,0,0,3,1,2,1,21,5,-1,-1,-1,1,1
201420N019174,1,5,0,13,0,0,0,0,0,0,1,1,6,1,27,6,599,1,15,4,1
201420N019174,2,9,0,6,0,0,0,0,0,0,3,1,6,1,65,9,2435,1,13,1,1
201420N019894,1,9,0,18,0,2,0,0,0,0,1,1,6,1,52,8,1149,1,14,2,1
201420N019924,1,19,0,18,0,1,0,0,0,0,1,1,6,1,-1,-1,-1,-1,-1,-1,-1
201420N019924,2,9,0,3,0,1,0,0,0,0,2,1,1,2,50,8,998,1,11,1,1
201420N020024,1,9,0,1,0,6,0,0,0,0,2,1,6,1,-1,-1,-1,-1,-1,-1,-1
201420N020064,1,9,0,18,0,1,0,0,0,0,1,1,6,2,-1,-1,-1,-1,-1,-1,-1
201420N020064,2,1,0,18,0,1,0,0,0,0,1,1,6,1,17,4,-1,-1,-1,2,1
201420N020284,1,9,0,18,0,0,0,0,0,0,3,1,6,1,72,10,1339,1,1,2,1
201420N020754,1,4,0,18,0,2,0,0,0,0,1,1,1,1,23,5,471,1,1,7,1
201420N020754,2,9,0,4,0,2,0,0,0,0,2,1,1,2,22,5,1242,1,8,8,1
201420N020834,1,4,0,18,0,0,0,7,0,0,1,1,6,1,28,6,599,1,7,5,1
201420N020834,2,9,0,6,0,0,0,0,0,0,1,1,6,1,32,6,1997,1,5,8,1
201420N020844,1,9,0,18,0,8,1,0,1,4,1,1,6,1,36,7,1796,1,16,1,1
201420N020844,2,9,0,5,0,6,0,0,0,0,1,1,6,1,83,11,1588,1,9,1,1
201420N021034,1,8,0,18,0,4,0,0,1,0,1,1,2,1,-1,-1,2362,7,12,-1,-1
201420N021034,2,19,0,16,0,3,1,0,0,0,4,1,6,1,-1,-1,-1,-1,-1,-1,-1
201420N021064,1,9,0,18,0,1,0,0,0,0,1,1,6,3,-1,-1,-1,-1,-1,-1,-1
201420N021264,1,9,0,18,0,0,0,4,0,0,1,1,6,2,76,11,1240,1,7,-1,-1
201420N021264,2,9,0,2,0,0,0,0,0,0,1,1,6,2,33,6,1951,2,10,5,1
201420N021284,1,9,0,16,0,0,0,0,1,0,1,1,1,1,53,8,1968,2,2,8,1
201420N021284,2,9,0,17,0,0,0,0,0,0,1,1,6,1,37,7,1560,2,1,-1,1
201420N021324,1,9,0,18,0,0,0,0,0,0,1,1,6,1,32,6,1998,1,16,1,1
201420N021864,1,21,1,5,0,8,0,0,0,0,4,2,1,1,-1,-1,-1,-1,-1,-1,-1
201420N021864,2,9,0,5,0,8,0,0,0,0,1,1,3,1,41,7,1796,1,12,3,1
201420N022064,1,9,0,4,0,0,0,0,0,0,2,1,6,2,25,5,1598,1,6,8,1
201420N022064,2,9,0,4,0,0,0,0,0,0,1,1,6,1,52,8,1994,2,15,-1,1
201420N022784,1,9,0,7,0,8,1,0,0,0,1,1,6,1,22,5,1390,1,11,1,1
201420N022784,2,9,0,18,0,8,0,0,0,0,1,1,1,1,30,6,1968,2,8,1,1
201420N023094,1,9,0,7,0,6,0,0,0,0,1,1,6,1,20,4,1598,2,1,1,1
201420N023094,2,1,0,18,9,8,0,0,0,0,1,1,6,1,17,4,-1,-1,-1,2,1
201420N023334,1,9,0,18,0,0,0,0,2,7,1,1,6,3,-1,-1,-1,-1,-1,-1,-1
201420N023694,1,9,0,3,0,0,0,0,0,0,2,1,6,2,20,4,1242,1,13,2,1
201420N023694,2,9,0,3,0,0,0,0,0,0,1,1,6,1,-1,-1,1242,1,11,-1,-1
201420N024034,1,9,0,2,0,0,0,0,0,0,3,1,6,1,26,6,1390,1,12,2,1
201420N024034,2,1,0,14,0,0,0,8,0,0,1,1,2,1,47,8,-1,-1,-1,3,1
201420N024044,1,8,0,18,0,0,0,0,0,0,1,1,1,1,35,6,1794,1,10,3,1
201420N024094,1,9,0,18,0,1,0,0,0,0,1,1,6,2,53,8,1299,1,11,1,1
201420N024104,1,9,0,9,0,6,0,0,1,5,1,1,1,1,30,6,1598,1,2,10,1
201420N024104,2,3,0,18,0,8,0,0,0,0,1,1,1,2,55,8,124,1,2,2,1
201420N024114,1,9,0,9,0,8,0,0,0,0,1,1,6,2,52,8,1796,1,12,9,1
201420N024114,2,1,0,18,0,8,0,0,0,0,1,1,6,1,47,8,-1,-1,-1,8,1
201420N024204,1,9,0,4,0,0,0,0,0,0,1,1,6,2,30,6,-1,-1,-1,-1,-1
201420N025484,1,19,0,18,0,1,0,0,0,0,1,1,6,1,41,7,2151,2,11,2,1
201420N025484,2,19,0,3,0,1,0,0,0,0,2,1,6,2,55,8,2550,2,7,1,1
201420N025564,1,9,0,18,0,0,0,0,0,0,1,1,1,1,-1,-1,-1,-1,-1,-1,-1
201420N025564,2,9,0,4,0,0,0,0,0,0,2,1,1,2,25,5,1598,1,6,6,1
201420N025574,1,9,0,9,0,8,0,0,0,0,1,1,6,2,38,7,1560,2,4,-1,-1
201420N025574,2,9,0,18,0,8,0,0,0,0,1,1,6,1,20,4,1242,1,10,2,1
201420N025584,1,9,0,18,0,1,0,0,0,0,4,1,6,1,-1,-1,1984,1,7,-1,-1
201420N025584,2,9,0,18,0,1,0,0,0,0,3,1,6,2,42,7,1248,2,2,1,1
201420N025624,1,5,0,13,0,0,0,0,0,0,1,1,1,1,52,8,599,1,14,3,1
201420N025624,2,19,0,4,0,0,0,0,0,0,2,1,2,1,36,7,2402,2,3,1,1
201420N025674,1,9,0,3,0,1,0,0,0,0,2,1,1,2,50,8,1242,1,6,1,1
201420N025674,2,9,0,4,0,1,0,0,0,0,1,1,6,1,77,11,1560,2,-1,-1,-1
201420N025724,1,9,0,18,0,0,0,0,0,0,4,1,6,2,-1,-1,-1,-1,-1,-1,-1
201420N026044,1,9,0,1,0,0,0,0,0,0,2,1,6,1,-1,-1,1997,2,13,-1,-1
201420N026294,1,9,0,1,0,0,0,0,0,0,2,1,6,1,21,5,1598,1,14,1,1
201420N026294,2,9,0,18,0,0,0,0,0,0,2,1,6,2,45,7,1422,2,6,7,1
201420N026294,3,9,0,18,0,0,0,0,0,0,1,1,6,1,-1,-1,1998,2,11,2,1
201420N026324,1,9,0,4,0,1,1,0,0,0,1,1,2,1,24,5,1149,1,12,1,1
201420N026324,2,9,0,3,0,1,0,0,0,0,2,1,2,1,26,6,1390,1,5,9,2
201420N026704,1,9,0,15,0,0,0,4,0,0,1,1,6,2,54,8,1388,1,5,4,1
201420N026704,2,9,0,5,0,0,0,4,0,0,1,1,6,2,28,6,1598,1,2,4,1
201420N026704,3,9,0,2,0,0,0,0,0,0,2,1,6,2,-1,-1,1595,1,1,-1,-1
201420N026704,4,9,0,2,0,0,0,4,0,0,3,1,6,1,-1,-1,1598,2,-1,-1,-1
201420N026704,5,9,0,2,0,0,0,4,0,0,1,1,6,2,-1,-1,1363,2,11,-1,-1
201420N026794,1,9,0,18,0,0,1,0,2,3,4,1,1,2,28,6,1229,1,2,8,1
201420N026814,1,9,0,4,0,0,0,0,0,0,1,1,6,2,-1,-1,1598,1,10,8,1
201420N026814,2,9,0,4,0,0,0,0,0,0,2,1,6,1,52,8,1399,2,11,1,1
201420N027054,1,9,0,18,0,8,1,7,1,1,3,1,6,1,37,7,1686,2,3,1,1
201420N027054,2,19,0,9,0,8,0,7,0,0,1,1,1,2,32,6,1560,2,2,-1,1
201420N027094,1,9,0,18,0,8,1,7,1,3,3,1,2,1,61,9,1598,1,9,8,1
201420N027094,2,9,0,7,0,8,0,0,0,0,4,1,6,2,57,9,2143,2,1,8,1
201420N027164,1,11,0,4,0,0,0,0,0,0,4,1,1,1,27,6,6696,2,1,2,1
201420N027194,1,9,0,18,0,0,1,4,2,10,1,1,6,2,38,7,1390,1,8,2,1
201420N027194,2,9,0,2,9,0,0,0,0,0,3,1,6,1,-1,-1,-1,-1,-1,-1,-1
201420N027194,3,9,0,2,6,0,0,0,0,0,3,1,6,1,-1,-1,1498,1,15,-1,-1
201420N027194,4,9,0,2,9,0,0,0,0,0,3,1,6,3,-1,-1,1997,2,10,-1,-1
201420N027194,5,9,0,2,9,0,0,0,0,0,2,1,6,1,-1,-1,1870,2,12,-1,-1
201420N027434,1,9,0,18,0,8,0,0,0,0,1,1,6,2,18,4,1197,1,1,9,1
201420N027434,2,9,0,9,0,8,0,0,4,0,3,1,6,1,23,5,1598,1,7,2,1
201420N027804,1,9,0,18,0,0,0,0,0,0,3,1,6,2,56,9,1798,1,7,4,1
201420N027804,2,9,0,3,0,0,0,0,0,0,3,1,6,2,22,5,1598,1,14,-1,-1
201420N027804,3,9,0,4,0,0,0,0,0,0,1,1,6,1,60,9,1910,2,8,8,1
201420N027934,1,9,0,18,0,1,0,0,0,0,1,1,6,1,68,10,1896,2,6,10,3
201420N027934,2,9,0,9,0,6,0,0,0,0,3,1,1,1,48,8,1951,2,12,8,1
201420N028904,1,9,0,18,0,0,0,0,0,0,1,1,1,1,41,7,1896,1,15,7,1
201420N029134,1,9,0,18,0,1,0,0,0,0,1,1,6,1,49,8,998,1,10,2,1
201420N029134,2,1,0,18,0,1,0,0,0,0,3,1,6,1,37,7,-1,-1,-1,4,1
201420N029184,1,9,0,9,0,8,0,0,0,0,3,1,6,1,37,7,1998,1,7,1,1
201420N029184,2,4,0,9,0,8,0,0,0,0,2,1,6,1,30,6,450,1,6,4,1
201420N029414,1,9,0,4,0,1,0,0,0,0,1,1,6,1,34,6,1596,1,11,6,1
201420N029414,2,9,0,8,0,1,0,0,0,0,2,1,6,2,34,6,1598,1,12,6,1
201420N029424,1,9,0,5,0,6,0,0,0,0,1,1,6,1,66,10,1598,1,7,3,1
201420N029434,1,9,0,9,0,4,0,0,0,0,1,1,2,2,41,7,1390,1,9,1,1
201420N029434,2,9,0,18,0,4,0,0,0,0,4,1,6,2,36,7,1398,2,2,1,1
201420N029444,1,9,0,18,0,4,0,0,0,0,1,1,6,2,31,6,1598,1,13,1,1
201420N029444,2,9,0,9,0,3,0,0,0,0,4,1,6,1,24,5,1360,1,6,3,1
201420N029704,1,9,0,9,0,8,0,0,0,0,3,1,6,1,25,5,1798,1,13,5,1
201420N029704,2,90,0,13,0,8,0,0,0,0,4,1,1,1,39,7,7146,2,4,10,1
201420N029714,1,9,0,18,0,0,1,4,0,0,1,1,6,1,-1,-1,-1,-1,-1,-1,-1
201420N029714,2,9,0,2,0,0,0,0,0,0,4,1,6,1,33,6,-1,-1,-1,3,1
201420N029744,1,19,0,18,0,0,1,10,1,0,1,1,1,1,30,6,2143,2,1,6,1
201420N029744,2,9,0,18,0,0,0,0,0,0,2,1,6,1,51,8,1997,2,10,2,1
201420N030284,1,9,0,4,0,8,0,0,0,0,2,1,3,2,48,8,1668,1,9,2,1
201420N030284,2,9,0,18,0,8,0,0,0,0,1,1,6,1,22,5,1124,1,12,1,1
201420N030294,1,9,0,11,0,1,0,7,0,0,1,1,1,2,52,8,1560,2,-1,5,1
201420N030294,2,9,0,3,0,1,0,0,0,0,1,1,6,1,-1,-1,-1,-1,-1,4,1
201420N030744,1,9,0,18,0,8,0,10,1,0,1,1,6,2,42,7,1360,1,8,2,1
201420N030744,2,9,0,3,0,1,0,0,0,0,3,1,6,1,29,6,1995,2,5,2,1
201420N030774,1,9,0,2,9,0,0,0,0,0,2,1,1,1,40,7,-1,-1,-1,8,1
201420N030774,2,9,0,18,0,0,0,4,0,0,1,1,6,2,81,11,1498,1,4,7,3
201420N030844,1,9,0,18,0,0,0,0,0,0,1,1,6,2,31,6,1360,1,5,2,1
201420N031174,1,9,0,5,0,0,0,0,0,0,1,1,6,2,26,6,1390,1,2,8,1
201420N031174,2,9,0,3,0,0,0,0,0,0,2,1,6,2,57,9,1242,1,-1,9,1
201420N031194,1,9,0,13,0,1,0,0,7,1,4,1,2,2,26,6,1968,2,11,10,1
201420N031194,2,19,0,9,0,5,0,0,7,0,3,1,1,1,28,6,2179,2,10,3,1
201420N031214,1,9,0,18,0,0,0,0,0,0,1,1,6,1,46,8,1598,2,3,1,1
201420N031214,2,9,0,3,0,0,0,0,0,0,2,1,6,1,80,11,1587,1,8,10,1
201420N031304,1,9,0,9,0,8,0,0,0,0,1,1,2,2,18,4,1242,1,1,9,1
201420N031304,2,5,0,18,0,8,0,0,0,0,1,1,2,1,36,7,1188,1,28,4,1
201420N031324,1,9,0,7,0,8,0,0,0,0,4,1,2,1,28,6,1598,2,2,4,1
201420N031324,2,1,0,18,0,8,0,0,0,0,1,1,2,1,46,8,-1,-1,-1,10,1
201420N031334,1,9,0,18,0,8,0,0,0,0,1,1,6,2,54,8,1596,1,8,9,1
201420N031334,2,1,0,18,0,8,0,0,0,0,1,1,6,1,13,3,-1,-1,-1,8,1
201420N031344,1,9,0,9,0,8,0,0,0,0,1,1,6,1,78,11,1390,1,10,8,1
201420N031344,2,9,0,18,0,8,0,0,0,0,1,1,6,2,52,8,1396,1,3,9,1
201420N031354,1,8,0,5,0,4,0,0,0,0,3,1,1,1,42,7,1910,2,8,2,1
201420N031354,2,5,0,18,0,3,0,0,0,0,1,1,2,1,43,7,599,1,-1,1,1
201420N031464,1,9,0,17,0,0,0,0,1,0,1,1,1,1,40,7,-1,-1,-1,7,3
201420N031464,2,19,0,16,0,0,0,0,0,0,1,1,1,1,42,7,2179,2,8,5,1
201420N031744,1,9,0,18,0,8,0,0,0,0,3,1,1,2,31,6,1685,2,1,6,1
201420N031744,2,1,0,18,0,8,0,0,0,0,1,1,1,1,21,5,-1,-1,-1,1,1
201420N031804,1,9,0,18,0,1,0,0,0,0,1,1,6,1,46,8,1988,2,10,5,1
201420N031804,2,19,0,3,0,1,0,0,0,0,2,1,6,1,47,8,1753,2,10,1,1
201420N031934,1,9,0,9,0,6,0,0,0,0,0,1,6,3,-1,-1,-1,-1,-1,-1,-1
201420N031934,2,11,0,18,0,8,0,0,0,0,0,1,1,1,21,5,7300,2,2,1,1
201420N034264,1,1,0,10,0,1,0,0,0,0,1,1,1,1,26,6,-1,-1,-1,10,1
201420N034264,2,9,0,9,0,5,0,0,0,0,1,1,6,1,-1,-1,-1,-1,-1,-1,-1
201420N034634,1,9,0,18,0,8,0,0,0,0,2,1,6,1,-1,-1,-1,-1,-1,-1,-1
201420N034634,2,1,0,18,0,8,0,0,0,0,1,1,6,1,14,3,-1,-1,-1,1,1
201420N034654,1,9,0,14,0,1,0,0,0,0,1,1,6,2,58,9,1590,1,10,4,1