Accident_Index,Vehicle_Reference,Vehicle_Type,Towing_and_Articulation,Vehicle_Manoeuvre,Vehicle_Location-Restricted_Lane,Junction_Location,Skidding_and_Overturning,Hit_Object_in_Carriageway,Vehicle_Leaving_Carriageway,Hit_Object_off_Carriageway,1st_Point_of_Impact,Was_Vehicle_Left_Hand_Drive?,Journey_Purpose_of_Driver,Sex_of_Driver,Age_of_Driver,Age_Band_of_Driver,Engine_Capacity_(CC),Propulsion_Code,Age_of_Vehicle,Driver_IMD_Decile,Driver_Home_Area_Type
201420N500374,3,9,0,2,0,0,0,0,0,0,1,1,6,1,-1,-1,1229,1,2,-1,-1
201420N500424,1,9,0,5,9,2,0,4,7,10,1,1,6,1,-1,-1,1995,2,2,-1,-1
201420N500424,2,9,0,2,0,2,0,0,0,0,2,1,6,1,-1,-1,3956,1,13,2,1
201420N500424,3,9,0,2,9,2,0,0,0,0,2,1,6,1,-1,-1,1598,1,11,2,1
201420N500424,4,9,0,2,0,2,0,0,0,0,2,1,6,1,-1,-1,1910,2,9,2,1
201420N500424,5,9,0,2,0,2,0,0,0,0,2,1,6,2,-1,-1,1360,1,9,5,1
201420N500584,1,9,0,18,0,0,5,4,0,0,1,1,6,1,61,9,1198,1,1,3,1
201420N500584,2,9,0,2,0,0,0,0,1,0,2,1,6,2,26,6,1240,1,7,3,1
201420N500704,1,9,0,9,0,8,0,0,1,0,1,1,6,2,27,6,1598,1,1,5,1
201420N500704,2,9,0,18,0,8,0,0,0,0,1,1,6,1,25,5,1968,2,-1,8,1
201420N500764,1,9,0,18,0,0,1,10,1,9,3,1,2,2,30,6,1798,1,11,1,1
201420N500834,1,9,0,5,0,0,0,0,0,0,1,1,6,1,60,9,2496,1,9,-1,-1
201420N500834,2,9,0,18,0,0,0,0,0,0,3,1,6,1,30,6,1998,2,9,3,1
201420N500874,1,9,0,9,0,2,0,0,0,0,3,1,6,2,34,6,1997,2,10,1,1
201420N500884,1,1,0,18,0,3,0,0,0,0,2,1,6,1,42,7,-1,-1,-1,4,1
201420N500884,2,9,0,18,0,4,0,0,0,0,1,1,6,3,-1,-1,-1,-1,-1,-1,-1
201420N501004,1,9,0,18,0,1,0,0,0,0,1,1,6,2,-1,-1,-1,-1,-1,-1,-1
201420N501004,2,9,0,3,0,1,0,0,0,0,2,1,6,2,56,9,1984,1,14,9,1
201420N501004,3,8,0,3,0,1,0,0,0,0,2,1,6,3,-1,-1,-1,-1,-1,-1,-1
201420N501384,1,19,0,18,0,0,0,0,0,0,1,1,6,1,47,8,1560,2,5,2,1
201420N501394,1,10,0,7,0,2,0,0,0,0,4,1,6,1,-1,-1,-1,-1,-1,-1,-1
201420N501404,1,9,0,3,0,1,0,0,0,0,2,1,6,1,20,4,998,1,5,10,1
201420N501404,2,9,0,18,0,1,0,0,0,0,1,1,6,2,-1,-1,1396,1,13,-1,-1
201420N501524,1,9,0,18,0,0,0,0,0,0,1,1,6,1,71,10,1560,2,9,1,1
201420N501744,1,9,0,18,0,1,0,0,0,0,1,1,6,3,-1,-1,-1,-1,-1,-1,-1
201420N501744,2,9,0,3,0,1,0,0,0,0,2,1,2,1,53,8,1198,1,3,4,1
201420N502014,1,9,0,3,0,0,0,0,0,0,2,1,1,2,29,6,1396,1,11,6,1
201420N502014,2,9,0,18,0,0,0,0,0,0,1,1,6,1,23,5,1242,1,7,-1,-1
201420N502314,1,20,0,18,0,0,0,0,0,0,1,1,6,1,-1,-1,10518,2,-1,-1,-1
201420N502314,2,9,0,18,0,0,0,0,0,0,2,1,6,1,19,4,998,1,12,1,1
201420N502404,1,9,0,4,0,3,0,0,0,0,2,1,6,1,26,6,1686,2,1,1,1
201420N502404,2,11,0,16,0,3,0,0,0,0,1,1,1,1,55,8,4500,2,5,3,1
201420N503794,1,9,0,3,0,1,0,0,0,0,2,1,6,2,34,6,1596,1,6,10,1
201420N503794,2,9,0,18,0,1,0,0,0,0,1,1,6,2,-1,-1,1596,1,10,-1,-1
201420N503874,1,9,0,9,0,8,0,0,0,0,4,1,6,1,22,5,998,1,1,8,1
201420N503874,2,9,0,18,0,8,0,10,1,2,1,1,6,1,23,5,1388,1,11,5,1
201420N503894,1,9,0,1,0,6,0,0,0,0,2,1,6,2,40,7,1390,1,9,2,1
201420N504344,1,9,0,7,0,6,0,0,0,0,1,1,6,2,36,7,1685,2,-1,2,1
201420N504364,1,9,0,7,0,1,0,0,0,0,1,1,6,1,-1,-1,-1,-1,-1,-1,-1
201420N504564,1,9,0,18,0,8,0,0,0,0,1,1,6,1,24,5,-1,-1,-1,8,2
201420N504564,2,9,0,9,0,8,0,0,0,0,1,1,6,2,38,7,1598,1,2,2,1
201420N505334,1,9,0,6,0,0,0,0,0,0,4,1,6,2,47,8,1198,1,1,1,1
201420N505334,2,3,0,18,0,0,0,0,0,0,1,1,2,1,21,5,125,1,5,2,1
201420N505724,1,9,0,9,0,6,0,0,0,0,1,1,6,2,79,11,1328,1,2,8,1
201420N506534,1,9,0,9,0,5,0,10,0,0,4,1,6,1,21,5,1598,1,6,1,1
201420N506534,2,9,0,18,0,8,0,0,0,0,1,1,6,2,19,4,1124,1,3,3,1
201420N506534,3,9,0,3,0,1,0,0,0,0,1,1,6,2,32,6,1598,1,10,1,1
201420N507474,1,9,0,5,0,4,0,0,0,0,1,1,6,1,33,6,1368,1,9,1,1
201420N507474,2,9,0,18,0,3,0,10,7,0,4,1,2,2,46,8,1796,1,13,7,1
201420N508114,1,9,0,9,0,8,0,0,0,0,3,1,3,2,29,6,1896,2,11,1,1
201420N508114,2,9,0,18,0,8,0,0,0,0,1,1,6,2,57,9,1149,1,8,-1,-1
201420N508684,1,9,0,9,0,8,0,0,0,0,2,1,6,2,38,7,1399,2,4,8,1
201420N508684,2,9,0,4,0,8,0,0,0,0,1,1,6,1,34,6,1242,1,2,9,1
201420N508784,1,9,0,18,0,0,0,0,0,0,1,1,6,1,30,6,-1,-1,-1,1,1
201420N508784,2,9,0,18,0,0,0,0,0,0,2,1,6,1,-1,-1,1986,2,9,3,1
201420N508864,1,9,0,18,0,0,0,0,0,0,1,1,6,3,-1,-1,-1,-1,-1,-1,-1
201420N508924,1,9,0,18,0,4,0,0,0,0,1,2,6,1,-1,-1,-1,-1,-1,-1,-1
201420N508924,2,1,0,5,0,3,0,0,0,0,1,1,6,1,52,8,-1,-1,-1,1,1
201420N508934,1,3,0,18,0,3,0,0,0,0,1,1,6,1,56,9,125,1,9,6,1
201420N508934,2,9,0,9,0,4,0,0,0,0,1,1,6,1,50,8,2148,2,10,10,1
201420N509004,1,9,0,4,0,1,1,10,4,2,1,1,6,2,30,6,1905,2,17,5,1
201420N509614,1,9,0,14,0,0,0,0,0,0,1,1,1,1,59,9,1998,1,4,8,1
201420N600324,1,19,0,11,0,3,0,0,0,0,1,1,2,1,-1,-1,2402,2,4,-1,-1
201420N600324,2,9,0,16,0,3,0,0,0,0,2,1,6,1,29,6,1686,2,6,3,1
201420N603754,1,9,0,18,0,1,1,0,0,0,1,1,6,2,21,5,1299,1,12,8,1
201420N603754,2,9,0,18,0,1,1,0,0,0,2,1,6,1,-1,-1,1995,2,10,3,1
201420N606474,1,9,0,9,0,6,0,0,0,0,1,1,6,2,51,8,1686,2,3,4,1
201420N606474,2,9,0,18,0,8,0,0,7,0,4,1,6,1,52,8,1598,1,9,10,1
201420S001364,1,9,0,14,0,0,0,0,0,0,4,1,6,2,43,7,998,1,2,1,1
201420S001514,1,9,0,18,0,1,0,0,0,0,1,1,6,1,30,6,1596,1,12,1,1
201420S001514,2,9,0,18,0,2,0,0,1,0,1,1,6,1,51,8,1560,2,3,4,1
201420S001964,1,9,0,9,0,6,0,0,0,0,1,1,6,1,-1,-1,1596,1,11,-1,-1
201420S001964,2,9,0,18,0,8,0,0,0,0,1,1,6,2,52,8,1368,1,5,5,1
201420S002114,1,9,0,7,0,8,0,0,0,0,3,1,6,2,78,11,1998,1,10,9,3
201420S002114,2,11,0,18,0,8,0,0,0,0,1,1,6,1,44,7,8268,2,13,2,1
201420S002304,1,9,0,18,0,2,0,0,0,0,1,1,6,2,25,5,1339,1,9,1,1
201420S002384,1,9,0,14,0,0,0,0,0,0,1,1,6,1,81,11,1390,1,2,6,1
201420S002434,1,9,0,18,0,8,0,0,0,0,4,1,6,1,-1,-1,1198,1,1,-1,-1
201420S002434,2,9,0,18,0,8,0,0,0,0,3,1,2,2,30,6,1198,1,10,5,1
201420S003664,1,8,0,9,0,5,0,0,0,0,1,1,1,1,-1,-1,-1,-1,-1,-1,-1
201420S003664,2,1,0,18,0,8,0,0,0,0,3,1,2,2,-1,-1,-1,-1,-1,3,1
201420S003964,1,19,0,9,0,5,0,0,0,0,1,1,1,1,32,6,1598,2,2,4,1
201420S003984,1,9,0,18,0,4,0,0,0,0,1,1,6,3,-1,-1,-1,-1,-1,-1,-1
201420S003984,2,9,0,18,0,4,0,0,0,0,4,1,6,2,47,8,1749,1,13,1,1
201420S004084,1,9,0,18,0,0,1,4,0,0,1,1,2,1,57,9,1461,2,10,9,1
201420S004084,2,8,0,4,0,0,0,0,0,0,2,1,1,1,52,8,1995,2,9,1,1
201420S004084,3,9,0,2,6,0,0,0,0,0,3,1,6,1,38,7,1598,1,9,5,1
201420S004084,4,19,0,2,6,0,0,0,0,0,3,1,6,1,30,6,2198,2,1,5,1
201420S004094,1,19,0,5,0,1,0,0,0,0,1,1,1,1,56,9,2188,2,13,5,1
201420S004134,1,9,0,14,0,0,0,0,0,0,3,1,2,1,-1,-1,1242,1,5,2,1
201420S004134,2,9,0,18,0,0,0,0,0,0,3,1,6,2,26,6,1299,1,9,3,1
201420S004134,3,9,0,18,0,0,0,0,0,0,2,1,6,2,-1,-1,1086,1,7,4,1
201420S004154,1,9,0,5,0,6,0,0,0,0,1,1,6,1,52,8,3189,1,8,8,1
201420S004154,2,9,0,18,0,8,0,0,0,0,1,1,1,2,24,5,995,1,9,6,1
201420S004334,1,9,0,18,0,1,0,0,0,0,1,1,6,2,40,7,3301,1,16,3,1
201420S004334,2,9,0,3,0,1,0,0,0,0,2,1,6,2,28,6,1461,2,2,1,1
201420S004354,1,9,0,9,0,8,0,0,0,0,2,1,6,1,71,10,-1,-1,-1,6,1
201420S004354,2,9,0,18,0,8,0,0,0,0,1,1,6,1,76,11,1242,1,4,3,1
201420S004454,1,9,0,18,0,6,0,0,0,0,1,1,6,1,27,6,1900,2,10,3,1
201420S004454,2,9,0,18,0,8,0,0,0,0,4,1,6,1,25,5,1388,1,4,2,1
201420S004994,1,9,0,14,0,0,0,0,0,0,1,1,6,1,71,10,1588,1,11,1,1
201420S005004,1,9,0,18,0,0,0,0,0,0,1,1,6,2,33,6,1299,1,17,1,1
201420S005004,2,9,0,18,0,0,0,0,0,0,1,1,6,1,55,8,2204,2,5,-1,1
201420S005034,1,9,0,7,0,2,0,0,0,0,1,1,6,1,25,5,1388,1,10,3,1
201420S005034,2,9,0,18,0,1,0,0,0,0,1,1,6,2,45,7,1242,1,7,8,1
201420S005164,1,9,0,18,0,4,0,0,0,0,1,1,6,1,-1,-1,1299,1,12,3,1
201420S005164,2,1,0,17,0,3,0,0,0,0,4,1,6,1,49,8,-1,-1,-1,4,1
201420S005184,1,9,0,18,0,1,0,0,0,0,4,1,6,3,-1,-1,-1,-1,-1,-1,-1
201420S005984,1,9,0,18,0,0,1,0,0,0,1,1,2,2,20,4,1560,2,5,-1,1
201420S005984,2,9,0,18,0,0,0,0,0,0,1,1,2,1,39,7,1850,1,14,2,1
201420S006024,1,9,0,18,0,2,0,0,0,0,4,1,6,1,60,9,1991,2,5,4,1
201420S006444,1,9,0,18,0,4,0,0,0,0,1,1,6,2,48,8,1598,1,3,7,1
201420S006444,2,1,0,17,0,3,0,0,0,0,4,1,2,1,27,6,-1,-1,-1,3,1
201420S006744,1,9,0,18,0,4,0,0,0,0,1,1,6,1,25,5,1396,1,13,-1,-1
201420S006744,2,1,0,9,0,3,0,0,0,0,4,1,6,1,33,6,-1,-1,-1,4,1
201420S006954,1,9,0,5,0,8,0,0,0,0,1,1,6,1,-1,-1,3200,2,8,-1,-1
201420S006954,2,9,0,18,0,8,0,0,0,0,1,1,6,1,23,5,1149,1,11,5,1
201420S007214,1,9,0,18,0,2,0,0,0,0,4,1,6,2,33,6,1598,1,9,-1,-1
201420S007254,1,9,0,13,0,0,0,0,0,0,1,1,1,2,20,4,1199,1,12,1,1
201420S007254,2,9,0,18,0,0,0,0,0,0,1,1,1,1,45,7,1997,2,5,5,1
201420S007264,1,9,0,9,0,8,0,0,0,0,1,1,2,2,50,8,1596,1,1,5,1
201420S007264,2,9,0,18,0,8,0,0,0,0,3,1,2,2,47,8,1390,1,9,5,1
201420S007404,1,9,0,17,0,0,0,0,0,0,4,1,6,2,61,9,1796,1,7,7,1
201420S007544,1,9,0,5,0,5,0,0,0,0,1,1,3,2,-1,-1,1389,1,10,1,1
201420S007544,2,1,0,18,0,8,0,0,0,0,4,1,6,1,36,7,-1,-1,-1,5,1
201420S007674,1,9,0,18,0,2,0,0,0,0,2,1,6,1,56,9,1061,1,10,4,1
201420S007674,2,19,0,18,0,2,0,0,0,0,1,1,6,1,-1,-1,1753,2,9,-1,-1
201420S007684,1,9,0,9,0,2,0,0,0,0,1,1,6,1,44,7,2230,1,10,1,1
201420S007844,1,9,0,18,0,1,0,0,0,0,1,1,6,1,-1,-1,1910,2,9,-1,-1
201420S007844,2,9,0,3,0,1,0,0,0,0,2,1,6,1,21,5,999,1,1,2,1
201420S007844,3,19,0,10,0,1,0,0,0,0,2,1,6,1,-1,-1,2446,1,17,-1,-1
201420S008054,1,9,0,5,0,6,0,0,0,0,1,1,6,2,-1,-1,1248,2,8,3,1
201420S008054,2,9,0,18,0,8,0,0,0,0,4,1,6,1,65,9,1587,1,8,9,1
201420S008174,1,9,0,18,0,2,0,0,0,0,1,1,6,2,46,8,1905,2,15,4,1
201420S008174,2,9,0,3,0,2,0,0,0,0,2,1,6,2,32,6,1999,1,13,4,1
201420S008614,1,9,0,16,0,0,0,10,1,0,1,1,6,2,40,7,1299,1,12,2,1
201420S008664,1,9,0,14,0,0,0,0,0,0,1,1,6,2,41,7,1796,1,15,1,1
201420S008684,1,9,0,9,0,8,0,0,0,0,4,1,6,1,33,6,1588,1,13,5,1
201420S008684,2,9,0,18,0,8,0,0,0,0,3,1,1,1,39,7,1598,1,7,6,2
201420S008724,1,9,0,9,0,6,0,0,0,0,1,1,1,1,39,7,1796,1,11,-1,1
201420S008724,2,1,0,18,0,8,0,0,0,0,1,1,6,1,21,5,-1,-1,-1,-1,-1
201420S008794,1,9,0,5,0,6,0,0,0,0,1,1,6,1,39,7,2143,2,1,5,1
201420S008794,2,9,0,18,0,8,0,0,0,0,3,1,6,1,47,8,1587,1,11,5,1
201420S008824,1,9,0,16,0,0,0,0,0,0,4,1,2,2,38,7,1339,1,10,3,1
201420S008834,1,9,0,14,0,0,0,0,0,0,1,1,6,1,28,6,2993,2,7,1,1
201420S008904,1,9,0,18,0,0,0,0,0,0,1,1,2,1,44,7,998,1,10,5,1
201420S009544,1,9,0,18,0,8,0,0,0,0,3,1,6,1,23,5,1390,1,8,-1,1
201420S009544,2,9,0,18,0,8,0,0,0,0,1,1,6,1,21,5,1149,1,4,7,1
201420S009634,1,9,0,7,0,6,0,0,0,0,3,1,6,1,-1,-1,1596,1,8,-1,-1
201420S009634,2,9,0,18,0,8,0,0,0,0,4,1,6,1,27,6,1461,2,5,6,1
201420S009744,1,9,0,5,0,1,0,10,7,0,1,1,6,2,24,5,973,1,13,2,1
201420S009744,2,9,0,16,0,8,0,10,1,1,4,1,6,2,64,9,998,1,5,3,1
201420S009784,1,9,0,9,0,5,0,0,0,0,1,1,6,1,-1,-1,-1,-1,-1,-1,-1
201420S009784,2,9,0,18,0,1,0,0,0,0,4,1,6,2,32,6,1596,1,6,2,1
201420S009814,1,9,0,18,0,0,0,0,0,0,1,1,6,2,69,10,1242,1,4,-1,1
201420S009814,2,9,0,5,0,0,0,0,0,0,0,1,6,2,19,4,973,1,12,3,1
201420S009944,1,4,0,18,0,2,0,0,0,0,3,1,6,1,42,7,125,1,5,6,1
201420S009944,2,9,0,18,0,2,0,0,0,0,4,1,6,2,34,6,2982,2,9,6,1
201420S010054,1,9,0,5,0,8,0,0,0,0,4,1,1,2,31,6,1196,1,17,3,1
201420S010054,2,1,0,18,0,8,0,0,0,0,1,1,6,1,19,4,-1,-1,-1,7,1
201420S010294,1,9,0,18,2,8,0,0,0,0,4,1,6,1,33,6,-1,-1,-1,6,1
201420S010294,2,9,0,5,0,8,0,0,0,0,1,1,6,1,26,6,1895,1,16,8,1
201420S010354,1,9,0,9,0,5,0,0,0,0,1,1,6,1,-1,-1,1686,2,3,-1,-1
201420S010354,2,9,0,18,0,8,0,0,0,0,1,1,6,1,33,6,1598,1,13,1,1
201420S010464,1,8,0,18,0,0,0,0,0,0,1,1,3,1,54,8,1910,2,8,4,1
201420S010584,1,9,0,18,0,1,0,0,0,0,4,1,6,1,54,8,1587,1,13,2,1
201420S010604,1,9,0,18,0,0,0,0,0,0,1,1,6,2,34,6,1796,1,15,-1,1
201420S010604,2,9,0,18,0,0,0,0,0,0,2,1,6,1,23,5,1560,2,1,4,1
201420S010694,1,9,0,6,0,0,0,0,0,0,2,1,1,2,40,7,-1,-1,-1,1,1
201420S010694,2,5,0,18,0,0,5,0,0,0,1,1,6,1,32,6,-1,-1,-1,4,1
201420S010744,1,9,0,18,0,0,0,0,0,0,1,1,6,1,-1,-1,1598,1,9,-1,-1
201420S010744,2,19,0,3,0,0,0,0,0,0,2,1,6,1,23,5,1753,2,25,5,1
201420S010744,3,21,1,3,0,0,0,0,0,0,2,1,1,1,-1,-1,-1,-1,-1,-1,-1
201420S010754,1,9,0,5,0,8,0,0,0,0,1,1,6,2,22,5,1360,1,15,1,1
201420S010754,2,9,0,18,0,8,0,0,0,0,3,1,6,2,51,8,1198,1,9,4,1
201420S010764,1,9,0,5,0,2,0,0,0,0,1,1,6,1,-1,-1,1997,2,10,-1,-1
201420S011064,1,9,0,18,0,0,0,0,0,0,1,1,4,1,-1,-1,1999,1,11,-1,-1
201420S011064,2,1,0,18,0,0,0,0,0,0,1,1,4,1,10,2,-1,-1,-1,3,1
201420S011474,1,9,0,17,0,0,0,0,0,0,1,1,6,1,-1,-1,2000,2,10,-1,-1
201420S011474,2,9,0,4,0,0,0,0,0,0,2,1,6,1,32,6,1998,2,9,1,1
201420S011494,1,9,0,18,0,3,0,0,0,0,1,1,1,1,49,8,1896,2,10,2,1
201420S011494,2,9,0,3,0,2,0,0,0,0,2,1,6,1,22,5,-1,-1,-1,6,1
201420S011564,1,9,0,7,0,1,0,0,0,0,1,1,6,3,-1,-1,-1,-1,-1,-1,-1
201420S011564,2,1,0,18,0,1,0,0,0,0,1,1,6,1,33,6,-1,-1,-1,6,2
201420S011584,1,9,0,18,0,0,0,0,0,0,1,1,6,3,-1,-1,1995,2,2,-1,-1
201420S011754,1,9,0,18,0,0,0,4,0,0,2,1,6,1,-1,-1,1796,1,12,-1,-1
201420S011754,2,9,0,2,0,0,0,0,0,0,1,1,6,1,50,8,1796,1,11,3,1
201420S011844,1,9,0,5,0,4,0,0,0,0,1,1,2,1,27,6,1994,2,10,3,1
201420S011844,2,1,0,18,0,8,0,0,0,0,1,1,6,1,50,8,-1,-1,-1,2,1
201420S012424,1,1,0,17,0,4,0,0,0,0,3,1,6,1,21,5,-1,-1,-1,6,1
201420S012424,2,8,0,18,0,8,0,0,0,0,1,1,1,1,-1,-1,1896,2,9,2,1
201420S012504,1,9,0,9,0,8,0,0,0,0,1,1,6,2,40,7,1799,1,7,5,1
201420S012504,2,1,0,18,0,8,0,0,0,0,1,1,2,2,17,4,-1,-1,-1,3,1
201420S012544,1,9,0,18,0,3,0,0,0,0,1,1,2,1,23,5,1956,2,5,3,1
201420S012544,2,9,0,3,0,2,0,0,0,0,2,1,2,1,28,6,1493,1,17,3,1
201420S012554,1,9,0,17,0,8,0,0,0,0,3,1,6,2,34,6,1360,1,13,1,1
201420S012554,2,20,0,7,0,8,0,0,0,0,1,1,1,1,53,8,4580,2,1,10,3
201420S012564,1,9,0,18,0,8,0,0,0,0,1,1,6,2,34,6,2000,1,10,2,1
201420S012564,2,9,0,9,0,8,0,0,0,0,4,1,1,2,59,9,1198,1,1,4,1
201420S012574,1,3,0,18,0,0,0,4,0,0,1,1,6,1,25,5,125,1,1,10,3
201420S012574,2,19,4,2,0,0,0,0,0,0,1,1,6,1,-1,-1,2148,2,6,-1,-1
201420S012864,1,19,0,7,0,3,0,0,0,0,4,1,1,1,26,6,-1,-1,-1,1,1
201420S012864,2,9,0,7,0,3,0,0,0,0,3,1,2,1,-1,-1,-1,-1,-1,9,1
201420S012924,1,9,0,18,0,1,0,0,0,0,1,1,6,1,-1,-1,1984,1,12,1,1
201420S012924,2,9,0,8,0,1,0,0,0,0,2,1,6,1,38,7,1995,2,7,1,1
201420S012934,1,9,0,4,0,1,0,0,0,0,1,1,6,1,33,6,-1,-1,-1,3,1
201420S012934,2,9,0,4,0,1,0,0,0,0,2,1,6,1,32,6,1870,2,8,-1,1
201420S012944,1,19,0,1,0,1,0,0,0,0,2,1,1,1,26,6,1753,2,11,3,1
201420S012974,1,8,0,9,0,1,0,0,0,0,4,1,1,1,32,6,1595,1,7,7,1
201420S012974,2,3,0,18,0,8,0,0,0,0,1,1,6,1,20,4,125,1,12,2,1
201420S013004,1,9,0,18,0,0,0,0,0,0,1,1,6,1,20,4,1799,1,7,1,1
201420S013034,1,9,0,18,0,3,0,0,0,0,1,1,6,3,-1,-1,-1,-1,-1,-1,-1
201420S013034,2,1,0,18,0,3,0,0,0,0,2,1,6,1,27,6,-1,-1,-1,1,1
201420S013044,1,9,0,5,0,7,0,0,0,0,3,1,6,2,18,4,1390,1,14,-1,-1
201420S013044,2,3,0,18,8,8,2,0,0,0,1,1,6,1,17,4,124,1,7,-1,-1
201420S013114,1,19,0,18,0,0,0,4,0,0,1,1,1,1,31,6,2143,2,4,2,1
201420S013114,2,9,0,2,0,0,0,0,1,0,2,1,6,1,18,4,1398,2,5,8,1
201420S013504,1,9,0,5,9,6,0,0,0,0,1,1,6,2,-1,-1,1999,1,8,-1,-1
201420S013634,1,9,0,6,0,0,0,0,0,0,3,1,6,2,-1,-1,1598,1,9,-1,-1
201420S013634,2,9,0,18,0,0,0,0,0,0,4,1,6,1,46,8,-1,-1,-1,7,1
201420S013664,1,3,0,18,0,0,2,0,0,0,1,1,6,1,17,4,125,1,5,6,1
201420S013664,2,9,0,6,0,0,0,0,0,0,2,1,6,2,22,5,-1,-1,-1,5,1
201420S013694,1,11,0,18,0,0,0,0,0,0,0,1,1,1,63,9,6700,2,7,5,1
201420S013694,2,9,0,18,0,0,0,0,0,0,0,1,6,1,-1,-1,-1,-1,-1,-1,-1
201420S013724,1,11,0,4,0,1,0,0,0,0,1,1,6,1,-1,-1,4500,2,5,-1,-1
201420S013724,2,9,0,4,0,1,0,0,0,0,2,1,6,2,47,8,1587,1,9,2,1
201420S013774,1,9,0,5,0,4,0,0,0,0,1,1,2,1,43,7,1560,2,1,5,1
201420S013774,2,1,0,5,0,1,0,0,0,0,2,1,2,2,34,6,-1,-1,-1,6,1
201420S013784,1,9,0,18,0,2,0,0,0,0,1,1,2,1,28,6,1598,1,11,3,1
201420S013784,2,9,0,4,0,2,0,0,0,0,2,1,2,1,30,6,1998,2,6,6,1
201420S013834,1,9,0,3,0,0,0,0,0,0,3,1,6,2,38,7,1560,2,1,7,1
201420S013834,2,19,0,18,0,0,1,0,0,0,1,1,6,1,-1,-1,-1,-1,-1,-1,-1
201420S014034,1,9,0,14,0,0,0,0,0,0,1,1,2,1,31,6,1229,1,9,3,1
201420S014314,1,9,0,3,0,0,0,0,0,0,2,1,6,1,31,6,1368,1,4,4,1
201420S014344,1,9,0,18,0,8,0,0,0,0,1,1,6,1,-1,-1,-1,-1,-1,-1,-1
201420S014344,2,9,0,18,0,8,0,0,0,0,3,1,6,1,42,7,-1,-1,-1,2,1
201420S014364,1,9,0,18,0,8,0,0,0,0,1,1,6,2,45,7,1896,2,16,3,1
201420S014364,2,9,0,18,0,8,1,0,1,0,3,1,1,2,22,5,998,1,1,5,1
201420S014394,1,9,0,7,0,8,0,0,0,0,4,1,2,2,51,8,1753,2,10,3,1
201420S014394,2,1,0,18,0,8,0,0,0,0,3,1,2,2,35,6,-1,-1,-1,4,1
201420S014504,1,9,0,12,0,1,0,0,0,0,0,1,6,1,-1,-1,-1,-1,-1,-1,-1
201420S014504,2,11,0,10,0,1,0,0,0,0,0,1,1,1,32,6,6700,2,5,4,2
201420S014514,1,9,0,9,0,5,0,0,0,0,1,1,6,1,-1,-1,1997,2,6,2,1
201420S014514,2,9,0,18,0,8,0,0,0,0,1,1,6,2,20,4,1391,1,18,5,1
201420S014534,1,9,0,18,0,0,0,0,0,0,1,1,2,1,44,7,-1,-1,-1,5,1
201420S014544,1,4,0,9,0,8,5,0,0,0,1,1,6,2,29,6,399,1,19,5,1
201420S014544,2,19,0,18,0,8,1,0,0,0,1,1,6,1,34,6,-1,-1,-1,2,1
201420S014554,1,5,0,18,0,0,0,0,0,0,1,1,2,1,37,7,599,1,7,-1,-1
201420S014554,2,9,0,12,0,0,0,0,0,0,2,1,2,2,43,7,1989,1,14,5,1
201420S014564,1,5,0,14,0,0,0,0,0,0,1,1,6,1,58,9,1471,1,11,1,1
201420S014574,1,9,0,9,0,1,0,0,0,0,3,1,3,1,51,8,2401,2,7,6,1
201420S014574,2,3,0,13,0,1,0,0,0,0,4,1,6,1,33,6,124,1,1,2,1
201420S014584,1,9,0,18,0,2,0,0,0,0,3,1,6,1,39,7,1397,1,12,2,1
201420S014584,2,9,0,4,0,1,0,0,0,0,3,1,6,1,39,7,1951,2,11,4,1
201420S014834,1,9,0,18,0,1,0,0,0,0,1,1,6,1,-1,-1,1229,1,2,-1,-1
201420S014834,2,9,0,8,0,1,0,0,0,0,2,1,6,1,37,7,1149,1,10,8,1
201420S014904,1,9,0,18,0,0,0,0,0,0,3,1,6,3,-1,-1,-1,-1,-1,-1,-1
201420S015054,1,9,0,9,0,8,0,0,0,0,1,1,6,2,27,6,1896,2,15,2,1
201420S015054,2,3,0,18,0,8,0,0,0,0,1,1,6,1,25,5,125,1,1,1,1
201420S015444,1,90,0,18,9,0,0,0,0,0,1,1,6,1,60,9,-1,-1,-1,-1,-1
201420S015454,1,9,0,18,0,1,0,0,0,0,1,1,6,1,39,7,1596,1,13,2,1
201420S015464,1,9,0,9,0,5,0,0,0,0,1,1,1,1,66,10,1995,1,4,6,1
201420S015464,2,1,0,10,0,1,0,0,0,0,1,1,1,1,32,6,-1,-1,-1,-1,-1
201420S015804,1,9,0,9,0,5,0,0,0,0,3,1,2,2,42,7,1598,1,1,4,1
201420S015994,1,9,0,1,0,6,0,0,0,0,2,1,6,1,-1,-1,1796,1,14,3,1
201420S015994,2,3,0,18,0,8,0,10,0,0,1,1,6,1,17,4,124,1,9,2,1
201420S016534,1,9,0,18,0,1,0,0,0,0,1,1,6,1,-1,-1,1995,2,12,2,1
201420S016534,2,9,0,3,0,1,0,0,0,0,2,1,6,1,45,7,1896,2,12,1,1
201420S016544,1,3,0,16,0,0,1,0,0,0,1,1,1,1,33,6,124,1,1,4,1
201420S016544,2,9,0,18,0,0,0,0,0,0,1,1,2,2,23,5,1198,1,10,2,1
201420S016684,1,9,0,18,0,1,0,0,0,0,1,1,6,1,-1,-1,1686,2,11,1,1