Accident_Index,Vehicle_Reference,Vehicle_Type,Towing_and_Articulation,Vehicle_Manoeuvre,Vehicle_Location-Restricted_Lane,Junction_Location,Skidding_and_Overturning,Hit_Object_in_Carriageway,Vehicle_Leaving_Carriageway,Hit_Object_off_Carriageway,1st_Point_of_Impact,Was_Vehicle_Left_Hand_Drive?,Journey_Purpose_of_Driver,Sex_of_Driver,Age_of_Driver,Age_Band_of_Driver,Engine_Capacity_(CC),Propulsion_Code,Age_of_Vehicle,Driver_IMD_Decile,Driver_Home_Area_Type
201420S016684,2,19,0,10,0,1,0,0,0,0,2,1,1,1,41,7,1870,2,7,5,1
201420S016734,1,9,0,18,0,0,0,0,0,0,1,1,6,1,-1,-1,-1,-1,-1,-1,-1
201420S016794,1,9,0,18,0,8,0,0,0,0,4,1,6,2,43,7,1598,1,2,1,1
201420S016794,2,9,0,5,0,8,0,0,0,0,2,1,6,1,-1,-1,1299,1,14,1,1
201420S016814,1,4,0,14,0,0,0,0,0,0,2,1,6,2,48,8,125,1,8,7,1
201420S016814,2,9,0,4,0,0,0,0,0,0,1,1,6,1,-1,-1,1910,2,4,6,1
201420S017874,1,19,0,18,0,0,0,0,0,0,1,1,6,3,-1,-1,-1,-1,-1,-1,-1
201420S017884,1,9,0,9,0,5,0,0,0,0,1,1,6,1,46,8,1360,1,10,1,1
201420S017884,2,9,0,18,0,8,0,0,0,0,4,1,6,2,40,7,1396,1,9,4,1
201420S017904,1,9,0,18,0,0,1,0,0,0,4,1,2,1,18,4,1299,1,15,10,1
201420S017904,2,1,0,18,0,0,0,0,0,0,3,1,2,1,30,6,-1,-1,-1,2,1
201420S017914,1,9,0,18,0,0,0,0,0,0,1,1,6,1,23,5,1598,1,9,7,1
201420S017984,1,3,0,18,0,2,0,0,0,0,1,1,6,1,18,4,102,1,8,1,1
201420S017984,2,9,0,18,0,2,0,0,0,0,2,1,6,1,51,8,1398,1,12,2,1
201420S017994,1,9,0,18,0,0,0,0,0,0,4,1,6,2,20,4,1242,1,1,4,1
201420S018074,1,19,0,9,0,8,0,0,0,0,1,1,6,1,32,6,2500,2,9,5,1
201420S018074,2,9,0,18,0,8,0,0,0,0,4,1,6,1,28,6,1796,1,5,10,1
201420S018094,1,9,0,1,0,1,0,0,0,0,2,1,6,1,-1,-1,1360,1,11,-1,-1
201420S018134,1,9,0,9,0,8,0,0,0,0,1,1,6,1,71,10,1389,1,10,6,2
201420S018134,2,9,0,18,0,8,0,0,4,0,1,1,6,1,47,8,1998,1,16,3,1
201420S018674,1,5,0,18,0,1,1,0,0,0,1,1,6,1,48,8,-1,-1,-1,4,1
201420S018674,2,9,0,6,0,1,0,0,0,0,2,1,6,2,45,7,1598,2,1,6,1
201420S018684,1,8,0,8,0,1,0,0,0,0,2,1,6,1,41,7,1598,1,7,1,1
201420S018684,2,19,0,4,0,1,0,0,0,0,1,1,6,1,-1,-1,1968,2,1,-1,-1
201420S018974,1,9,0,18,0,8,0,0,0,0,4,1,1,2,-1,-1,1242,1,5,7,1
201420S018974,2,1,0,18,0,8,0,0,0,0,1,1,1,2,23,5,-1,-1,-1,4,1
201420S019254,1,9,0,18,0,0,0,0,1,10,1,1,1,2,34,6,1599,1,9,1,1
201420S019274,1,9,0,13,0,0,0,0,0,0,2,1,3,1,60,9,1299,1,15,4,1
201420S019274,2,1,0,18,0,0,0,0,0,0,1,1,6,1,17,4,-1,-1,-1,3,1
201420S019324,1,9,0,18,0,4,0,0,0,0,1,1,1,1,27,6,1396,1,11,5,1
201420S019324,2,9,0,18,0,3,0,10,0,0,4,1,1,2,25,5,1686,2,3,7,1
201420S019344,1,9,0,4,0,0,0,0,0,0,2,1,6,1,71,10,1998,1,11,10,1
201420S019344,2,9,0,4,0,0,0,0,0,0,1,1,6,1,49,8,1598,2,3,6,1
201420S019344,3,9,0,4,0,0,0,0,0,0,1,1,6,1,44,7,1229,1,6,3,1
201420S019344,4,9,0,4,0,0,0,0,0,0,1,1,2,1,39,7,1796,1,4,2,1
201420S019414,1,9,0,18,0,1,0,0,0,0,1,1,6,3,-1,-1,-1,-1,-1,-1,-1
201420S019494,1,9,0,18,0,8,0,0,0,0,1,1,1,1,25,5,1968,2,1,7,1
201420S019494,2,9,0,18,0,8,0,0,0,0,3,1,6,2,47,8,1388,1,13,2,1
201420S019504,1,9,0,14,0,0,0,0,0,0,1,1,6,1,54,8,1598,1,6,1,1
201420S019524,1,19,0,9,0,6,0,0,0,0,1,1,1,1,42,7,2198,2,-1,2,1
201420S019524,2,5,0,14,0,8,0,0,0,0,4,1,1,1,26,6,600,1,19,2,1
201420S019554,1,9,0,7,0,5,0,0,0,0,2,1,6,1,-1,-1,-1,-1,-1,-1,-1
201420S019554,2,2,0,18,0,8,1,0,0,0,1,1,6,1,17,4,49,1,8,2,1
201420S019684,1,9,0,18,0,0,0,0,0,0,1,1,3,2,33,6,1461,2,10,1,1
201420S019774,1,9,0,5,0,4,0,0,0,0,1,1,6,1,86,11,1896,2,12,4,1
201420S019774,2,9,0,18,0,3,0,0,0,0,4,1,6,2,42,7,2998,1,15,8,1
201420S019804,1,9,0,18,0,1,0,0,0,0,1,1,6,1,22,5,1242,1,10,2,1
201420S019804,2,9,0,7,0,5,0,0,0,0,2,1,6,1,37,7,1598,1,4,1,1
201420S020174,1,9,0,18,0,8,0,0,0,0,4,1,1,2,51,8,1396,1,10,3,1
201420S020174,2,9,0,18,0,8,0,0,0,0,1,1,1,1,77,11,999,1,-1,6,1
201420S020464,1,19,0,5,9,8,0,0,0,0,1,1,1,1,-1,-1,-1,-1,-1,5,1
201420S020464,2,1,0,5,9,8,0,0,1,0,3,1,6,1,22,5,-1,-1,-1,1,1
201420S020744,1,9,0,5,0,1,0,0,0,0,1,1,6,2,28,6,998,1,13,1,1
201420S020874,1,9,0,3,0,1,0,0,0,0,2,1,6,1,40,7,1995,2,15,1,1
201420S020874,2,9,0,3,0,1,0,0,0,0,2,1,6,1,-1,-1,1560,2,1,-1,-1
201420S020874,3,9,0,18,0,1,0,0,0,0,1,1,6,1,-1,-1,1999,1,10,-1,-1
201420S020884,1,9,0,18,0,0,0,0,0,0,2,1,6,1,-1,-1,1461,2,8,3,1
201420S020884,2,9,0,18,0,0,0,0,0,0,1,1,6,2,23,5,1753,2,13,3,1
201420S020904,1,19,0,6,0,8,0,0,0,0,3,1,2,1,29,6,1896,2,8,3,1
201420S020904,2,3,0,18,0,8,1,0,0,0,1,1,6,1,17,4,124,1,-1,6,1
201420S020914,1,9,0,18,0,1,0,0,0,0,1,1,6,1,52,8,-1,-1,-1,3,1
201420S020914,2,9,0,18,0,8,0,0,0,0,1,1,6,2,31,6,1360,1,11,4,1
201420S021054,1,9,0,13,0,2,0,7,1,2,1,1,6,1,45,7,1979,1,26,4,2
201420S021214,1,9,0,18,0,0,5,4,0,0,4,1,6,1,69,10,2496,1,11,5,1
201420S021214,2,8,0,2,0,0,0,0,0,0,2,1,2,1,54,8,2402,2,10,5,1
201420S021214,3,9,0,2,0,0,0,0,0,0,3,1,6,3,61,9,1360,1,12,2,1
201420S021214,4,9,0,2,0,0,5,4,0,0,3,1,6,1,63,9,1488,2,14,5,1
201420S021984,1,9,0,17,0,0,1,0,0,0,3,1,6,2,24,5,1796,1,7,-1,-1
201420S021984,2,9,0,16,0,0,0,0,0,0,1,1,6,2,56,9,1396,1,12,3,1
201420S022154,1,11,0,4,0,1,0,0,0,0,0,1,1,1,20,4,-1,-1,-1,6,1
201420S022274,1,9,0,7,0,2,0,0,0,0,4,1,6,2,33,6,-1,-1,-1,10,1
201420S022444,1,9,0,18,0,2,0,0,0,0,3,1,1,1,64,9,2143,2,3,6,3
201420S022444,2,2,0,18,0,2,0,0,0,0,1,1,1,1,38,7,49,1,11,2,1
201420S022484,1,9,0,18,0,2,0,0,0,0,0,1,6,3,-1,-1,-1,-1,-1,-1,-1
201420S022484,2,11,0,18,0,1,0,0,0,0,0,1,1,1,63,9,4250,2,6,-1,-1
201420S022624,1,9,0,18,0,0,0,0,0,0,1,1,6,1,12,3,1596,1,13,1,1
201420S022624,2,8,0,18,0,0,0,0,0,0,1,1,1,1,-1,-1,1997,2,6,1,1
201420S022634,1,9,0,9,0,8,0,0,0,0,1,1,6,2,-1,-1,1896,2,9,-1,-1
201420S022634,2,1,0,18,0,8,0,0,0,0,1,1,6,1,22,5,-1,-1,-1,1,1
201420S022824,1,9,0,18,0,3,0,0,0,0,4,1,1,2,55,8,1422,2,12,1,1
201420S022824,2,21,1,18,0,3,0,0,0,0,3,2,1,1,-1,-1,-1,-1,-1,-1,-1
201420S023084,1,9,0,12,0,0,0,0,0,0,1,1,2,1,57,9,1461,2,1,7,1
201420S023084,2,9,0,3,0,0,5,0,0,0,1,1,6,2,25,5,2204,2,6,5,1
201420S023084,3,9,0,3,0,0,0,0,0,0,2,1,2,1,37,7,1840,1,12,5,1
201420S023204,1,9,0,1,0,8,0,0,0,0,4,1,2,2,26,6,-1,-1,-1,6,1
201420S023204,2,3,0,18,0,8,0,0,0,0,1,1,6,1,-1,-1,124,1,8,-1,-1
201420S023214,1,9,0,18,0,4,0,0,0,0,1,1,1,1,29,6,1796,1,12,4,1
201420S023214,2,9,0,18,0,4,0,0,0,0,4,1,1,2,52,8,995,1,8,3,1
201420S023224,1,9,0,18,0,0,0,0,0,0,1,1,6,2,55,8,898,1,1,5,1
201420S023224,2,9,0,18,0,0,0,0,0,0,2,1,6,2,22,5,1149,1,16,1,1
201420S023474,1,9,0,13,0,0,0,0,1,0,2,1,6,1,40,7,1360,1,9,-1,1
201420S023474,2,1,0,18,0,0,0,0,0,0,1,1,2,1,26,6,-1,-1,-1,-1,1
201420S023734,1,9,0,7,0,3,0,10,0,0,1,1,6,1,26,6,1994,1,15,6,1
201420S023734,2,8,0,18,0,1,0,0,0,0,1,1,1,1,35,6,1762,1,15,1,1
201420S024054,1,9,0,9,0,1,0,0,0,0,1,1,6,2,48,8,1242,1,5,3,1
201420S024054,2,9,0,10,0,1,0,0,0,0,2,1,6,1,-1,-1,1560,2,1,5,2
201420S024124,1,21,0,18,0,2,0,4,0,0,4,1,1,1,48,8,12913,2,2,1,1
201420S024124,2,9,0,2,6,1,0,0,0,0,4,1,6,1,25,5,1396,1,11,1,1
201420S024124,3,9,0,2,0,1,0,4,0,0,4,1,6,3,-1,-1,1240,1,9,-1,-1
201420S024124,4,9,0,2,0,1,0,4,0,0,4,1,6,2,46,8,1299,1,13,-1,-1
201420S024254,1,9,0,18,0,8,0,0,0,0,1,1,6,1,36,7,1798,1,6,3,1
201420S024254,2,9,0,18,0,8,0,0,0,0,3,1,6,1,67,10,1968,2,6,2,1
201420S024264,1,9,0,18,0,0,5,4,0,0,1,1,1,1,23,5,1595,1,14,6,1
201420S024264,2,9,0,2,0,0,0,0,0,0,2,1,6,2,-1,-1,1250,1,8,-1,-1
201420S024264,3,9,0,2,0,0,0,0,0,0,3,1,6,1,-1,-1,-1,-1,-1,-1,-1
201420S024264,4,9,0,2,0,0,0,0,0,0,2,1,6,1,-1,-1,1781,1,27,-1,-1
201420S024264,5,9,0,2,0,0,0,0,0,0,2,1,6,1,-1,-1,1587,1,8,-1,-1
201420S024414,1,9,0,9,0,8,0,0,0,0,2,1,1,2,29,6,1995,2,2,5,1
201420S024414,2,9,0,18,0,8,0,0,0,0,1,1,6,2,46,8,1388,1,11,1,1
201420S024454,1,19,0,9,0,8,0,0,0,0,1,1,1,1,32,6,-1,-1,-1,1,1
201420S024454,2,3,0,16,0,8,0,0,0,0,1,1,6,1,25,5,-1,-1,-1,2,1
201420S024464,1,9,0,9,0,8,0,0,0,0,3,1,6,1,48,8,1560,2,1,4,1
201420S024464,2,1,0,18,0,8,0,0,0,0,1,1,3,1,17,4,-1,-1,-1,4,1
201420S024504,1,9,0,3,0,0,0,0,0,0,2,1,6,1,27,6,1598,1,8,2,1
201420S024504,2,9,0,18,0,0,0,0,0,0,1,1,6,1,-1,-1,-1,-1,-1,-1,-1
201420S024984,1,1,0,18,0,0,0,0,0,0,1,1,6,1,28,6,-1,-1,-1,2,1
201420S024984,2,9,0,18,0,0,0,0,0,0,1,1,6,1,-1,-1,1396,1,13,-1,-1
201420S025144,1,9,0,9,0,4,0,0,0,0,1,1,1,1,33,6,1198,1,9,4,1
201420S025144,2,1,0,18,0,8,5,0,0,0,1,1,1,1,41,7,-1,-1,-1,10,1
201420S025194,1,9,0,14,0,0,0,0,0,0,1,1,6,1,23,5,1587,1,13,1,1
201420S025224,1,19,0,18,0,1,0,0,0,0,4,1,6,1,35,6,1968,2,2,9,1
201420S025254,1,9,0,18,0,8,0,0,0,0,1,1,6,1,43,7,2993,2,1,-1,1
201420S025254,2,9,0,7,0,6,0,0,0,0,1,1,6,1,67,10,1242,1,12,6,1
201420S025334,1,9,0,18,0,1,0,0,0,0,1,1,6,2,26,6,2000,2,8,4,1
201420S025454,1,9,0,7,0,2,0,0,0,0,1,1,6,1,-1,-1,2993,2,9,-1,-1
201420S025454,2,9,0,4,0,8,0,0,0,0,1,1,6,1,28,6,998,1,9,2,1
201420S025504,1,9,0,18,0,0,0,0,0,0,4,1,3,2,40,7,1998,1,7,1,1
201420S025524,1,9,0,17,0,8,0,0,0,0,4,1,6,1,-1,-1,-1,-1,-1,-1,-1
201420S025524,2,9,0,18,0,8,0,0,0,0,0,1,6,1,-1,-1,1598,1,10,-1,-1
201420S025524,3,9,0,18,0,2,0,0,0,0,3,1,2,2,42,7,1598,1,9,10,1
201420S025614,1,9,0,17,0,0,0,4,0,0,1,1,1,2,25,5,998,1,13,2,1
201420S025614,2,9,0,2,0,0,0,0,0,0,3,1,1,2,43,7,2179,2,1,10,1
201420S025644,1,9,0,18,0,4,0,0,0,0,3,1,2,2,45,7,-1,-1,-1,6,1
201420S025644,2,9,0,18,0,3,0,0,0,0,1,1,2,2,35,6,1560,2,5,5,1
201420S025664,1,9,0,18,0,2,0,0,0,0,4,1,6,2,73,10,1560,2,9,7,1
201420S025694,1,9,0,5,0,8,0,0,0,0,1,1,1,1,39,7,-1,-1,-1,2,1
201420S025694,2,1,0,18,0,8,0,0,0,0,1,1,2,1,45,7,-1,-1,-1,4,1
201420S025714,1,9,0,18,0,1,0,0,0,0,1,1,6,2,39,7,1398,7,4,1,1
201420S025714,2,8,0,8,0,1,0,0,0,0,2,1,1,1,25,5,1794,1,8,3,1
201420S026104,1,3,0,17,0,0,1,0,0,0,0,1,1,1,20,4,124,1,-1,2,1
201420S026124,1,9,0,4,0,2,0,0,0,0,4,1,6,1,38,7,1598,1,12,5,1
201420S026334,1,9,0,1,9,6,0,0,0,0,2,1,6,1,62,9,2597,1,10,4,1
201420S026544,1,9,0,18,0,8,0,0,0,0,1,1,6,1,22,5,1149,1,11,9,1
201420S026544,2,9,0,7,0,3,0,0,0,0,3,1,6,1,32,6,1995,2,2,9,1
201420S027024,1,9,0,9,0,5,0,0,7,7,1,1,2,1,23,5,1910,2,12,2,1
201420S027024,2,9,0,18,0,8,0,0,0,0,1,1,2,2,56,9,1229,1,3,2,1
201420S027104,1,9,0,16,0,0,0,0,0,0,1,1,1,1,34,6,1997,2,-1,1,1
201420S027104,2,9,0,17,0,0,0,0,0,0,1,1,1,2,31,6,1242,1,4,3,1
201420S027134,1,9,0,18,0,8,0,10,1,1,4,1,6,2,57,9,1598,2,2,8,1
201420S027134,2,9,0,18,0,8,0,10,7,0,1,1,6,1,49,8,1596,1,7,7,1
201420S027294,1,9,0,18,0,8,1,2,0,0,1,1,1,1,25,5,2993,2,7,9,1
201420S027294,2,9,0,9,0,5,0,0,0,0,4,1,1,2,38,7,1197,1,2,3,1
201420S027294,3,9,0,10,0,1,0,0,0,0,1,1,1,1,52,8,1896,2,14,9,1
201420S027304,1,9,0,18,0,1,5,10,1,2,1,1,1,2,44,7,1398,2,11,1,1
201420S027344,1,9,0,17,0,8,0,0,0,0,1,1,6,2,56,9,1995,2,11,2,1
201420S027344,2,8,0,5,0,8,0,0,0,0,3,1,1,1,32,6,1796,7,6,1,1
201420S027604,1,11,0,5,0,0,0,0,0,0,0,1,1,1,56,9,5900,2,10,-1,-1
201420S027604,2,19,0,18,0,0,0,0,0,0,0,1,6,3,-1,-1,-1,-1,-1,-1,-1
201420S027814,1,9,0,5,0,6,0,0,0,0,3,1,1,2,29,6,1248,1,4,2,1
201420S027814,2,3,0,18,0,8,0,0,0,0,1,1,1,1,18,4,124,1,11,3,1
201420S027824,1,9,0,4,0,0,0,0,0,0,3,1,6,2,19,4,1242,1,3,4,1
201420S028304,1,9,0,18,0,8,1,0,3,0,3,1,6,2,17,4,1998,1,-1,7,1
201420S028304,2,9,0,18,0,8,0,0,0,0,1,1,6,1,25,5,1598,1,8,1,1
201420S028364,1,9,0,18,0,0,0,12,0,0,1,1,6,1,26,6,2148,2,6,3,1
201420S028364,2,9,0,4,0,0,0,0,0,0,2,1,6,2,28,6,1349,1,4,-1,1
201420S029094,1,8,0,1,0,6,0,0,0,0,0,1,1,1,47,8,1896,2,8,2,1
201420S029094,2,9,0,18,0,8,0,10,1,2,1,1,6,1,39,7,1598,1,11,1,1
201420S029104,1,1,0,8,9,8,0,0,0,0,1,1,6,1,-1,-1,-1,-1,-1,4,1
201420S029104,2,9,0,3,9,1,0,0,0,0,1,1,2,1,45,7,2000,2,10,4,1
201420S029214,1,9,0,4,0,0,1,0,0,0,3,1,1,1,39,7,1794,1,9,-1,1
201420S029214,2,9,0,6,0,0,1,0,0,0,1,1,6,3,-1,-1,-1,-1,-1,-1,-1
201420S029574,1,9,0,18,0,1,5,10,7,1,3,1,6,1,30,6,1560,2,9,1,1
201420S029614,1,9,0,18,0,8,0,0,0,0,1,1,1,1,40,7,1796,1,16,1,1
201420S029614,2,1,0,18,0,8,0,0,0,0,1,1,6,1,10,2,-1,-1,-1,-1,-1
201420S029684,1,9,0,18,0,8,1,10,1,7,1,1,6,2,25,5,1598,1,7,5,1
201420S029684,2,9,0,18,0,8,1,0,0,0,3,1,6,1,74,10,-1,-1,-1,4,1
201420S029764,1,9,0,5,0,6,0,0,0,0,1,1,6,1,-1,-1,-1,-1,-1,-1,-1
201420S029794,1,9,0,14,0,0,0,0,0,0,1,1,6,1,-1,-1,-1,-1,-1,-1,-1
201420S029814,1,11,0,18,0,0,0,0,0,0,1,1,6,3,-1,-1,-1,-1,-1,-1,-1
201420S029884,1,9,0,5,0,1,0,0,0,0,1,1,6,3,-1,-1,998,1,11,-1,-1
201420S029884,2,9,0,8,0,1,0,0,0,0,2,1,6,1,70,10,999,1,14,2,1
201420S030524,1,9,0,5,9,6,0,0,0,0,1,1,6,1,-1,-1,-1,-1,-1,4,1
201420S030524,2,1,0,18,9,8,0,0,0,0,1,1,6,1,30,6,-1,-1,-1,4,1
201420S030784,1,8,0,18,0,4,0,0,0,0,4,1,1,1,38,7,1896,2,6,2,1
201420S030784,2,9,0,18,0,4,0,0,0,0,0,1,6,1,40,7,1896,2,18,2,1
201420S030834,1,9,0,5,0,0,0,0,0,0,2,1,6,1,57,9,1242,1,13,1,1
201420S030834,2,1,0,18,0,0,0,0,0,0,1,1,2,2,44,7,-1,-1,-1,1,1
201420S030894,1,9,0,18,0,2,2,10,1,2,3,1,6,1,53,8,1998,1,12,6,1
201420S030984,1,9,0,18,0,0,0,0,0,0,1,1,6,2,43,7,1984,2,6,3,3
201420S031054,1,9,0,9,0,6,0,0,0,0,0,1,6,3,-1,-1,-1,-1,-1,-1,-1
201420S031054,2,90,0,18,0,1,2,0,0,0,4,1,6,2,25,5,448,1,5,3,1
201420S031074,1,90,0,5,0,6,5,0,0,0,4,1,1,1,34,6,-1,-1,-1,-1,-1
201420S031074,2,9,0,18,0,8,0,0,0,0,1,1,6,2,72,10,999,1,1,6,1
201420S031134,1,9,0,18,0,8,1,4,0,0,3,1,2,1,63,9,1800,1,15,1,1
201420S031134,2,9,0,18,0,8,0,0,0,0,1,1,6,1,41,7,1956,2,3,3,1
201420S031134,3,9,0,2,0,2,0,4,0,0,2,1,6,1,-1,-1,1200,1,-1,5,1
201420S031134,4,9,4,2,0,2,0,4,0,0,2,1,6,1,-1,-1,2286,1,-1,6,1
201420S031144,1,9,0,9,0,6,0,0,0,0,3,1,1,1,44,7,1984,1,10,2,1
201420S031144,2,1,0,18,0,8,0,0,0,0,1,1,1,1,-1,-1,-1,-1,-1,10,1
201420S031204,1,9,0,9,0,6,0,0,0,0,3,1,1,1,51,8,-1,-1,-1,9,1
201420S031204,2,3,0,9,0,5,0,0,0,0,4,1,1,1,20,4,125,1,1,3,1
201420S031244,1,9,0,18,0,1,0,0,0,0,1,1,6,1,-1,-1,1896,2,9,-1,-1
201420S031244,2,9,0,4,0,1,0,0,0,0,2,1,1,1,46,8,1997,2,7,1,1
201420S031394,1,9,0,18,0,0,0,0,0,0,1,1,6,2,34,6,1149,1,9,-1,1
201420S031424,1,9,0,9,0,2,0,0,0,0,1,1,3,1,45,7,1956,2,-1,1,1
201420S031424,2,9,0,18,0,1,0,0,0,0,1,1,3,1,38,7,1596,1,18,-1,1
201420S031714,1,9,0,18,0,0,0,4,0,0,1,1,6,1,89,11,1360,1,6,3,1
201420S031714,2,9,0,2,0,0,0,0,7,10,2,1,6,2,29,6,1149,1,11,4,1
201420S031714,3,9,0,2,0,0,0,0,0,0,4,1,6,1,-1,-1,1598,1,-1,7,1
201420S031724,1,9,0,18,0,1,0,0,0,0,1,1,6,1,44,7,1368,1,8,9,1
201420S031764,1,9,0,18,0,0,0,4,1,0,1,1,6,2,23,5,1198,1,1,2,1
201420S031764,2,9,0,2,0,0,0,0,0,0,1,1,6,2,42,7,1560,2,8,4,1
201420S031984,1,4,0,14,0,1,0,0,0,0,1,1,2,1,25,5,250,1,2,3,1
201420S031984,2,19,0,9,0,2,0,0,0,0,1,1,2,1,31,6,1995,2,2,1,1
201420S032034,1,9,0,18,0,8,0,0,0,0,1,1,6,2,40,7,1124,1,17,4,1
201420S032034,2,1,0,9,0,8,0,0,0,0,1,1,6,1,54,8,-1,-1,-1,1,1
201420S033764,1,9,0,9,0,6,0,0,0,0,1,1,6,2,43,7,1968,2,4,3,1
201420S033764,2,9,0,18,0,8,0,0,7,1,3,1,6,2,41,7,2231,2,8,4,1
201420S033764,3,9,0,3,0,8,0,0,0,0,2,1,6,1,36,7,1560,2,3,6,1
201420S034284,1,9,0,18,0,0,0,0,0,0,3,1,6,2,35,6,1229,1,1,1,1
201420S034284,2,1,0,18,9,0,0,0,0,0,1,1,6,2,8,2,-1,-1,-1,4,1
201420S034464,1,19,0,18,0,8,0,0,0,0,1,1,1,1,32,6,1995,2,5,5,1
201420S034464,2,9,0,18,0,8,0,0,0,0,3,1,1,2,29,6,1396,1,13,6,3
201420S034474,1,9,0,4,0,1,0,0,0,0,1,1,2,1,29,6,1998,2,1,1,1
201420S034474,2,9,0,3,0,1,0,0,0,0,2,1,6,1,30,6,1598,1,13,8,2
201420S034484,1,9,0,18,0,8,1,0,0,0,1,1,6,2,19,4,1299,1,12,5,1
201420S034484,2,19,0,6,0,8,0,0,0,0,3,1,6,1,33,6,1968,2,5,2,1
201420S034684,1,9,0,18,0,0,0,0,0,0,1,1,1,1,48,8,1597,1,15,1,1
201420S034944,1,9,0,18,0,2,0,0,0,0,1,1,2,2,65,9,1198,1,2,6,1
201420S034964,1,9,0,18,0,0,0,0,0,0,1,1,6,1,-1,-1,-1,-1,-1,-1,-1
201420S034974,1,9,0,9,0,6,0,0,0,0,1,1,6,2,25,5,1248,2,10,5,1
201420S034974,2,5,0,14,0,8,0,0,0,0,4,1,6,1,43,7,599,1,6,-1,-1
201420S034984,1,9,0,9,0,8,0,0,0,0,4,1,6,1,31,6,1329,1,1,2,1
201420S034984,2,5,0,9,0,8,0,0,0,0,4,1,6,1,51,8,645,1,11,4,1
201420S035114,1,2,0,9,0,8,0,0,0,0,1,1,6,1,18,4,-1,-1,-1,3,1
201420S035114,2,9,0,18,0,8,0,0,0,0,3,1,2,2,19,4,1299,1,10,5,1
201420S035134,1,9,0,1,0,2,0,0,0,0,2,1,6,1,20,4,1124,1,12,9,3
201420S035154,1,11,0,4,0,0,0,0,0,0,1,1,1,1,51,8,8268,2,11,-1,1
201420S035284,1,9,0,9,0,2,0,0,0,0,0,1,6,3,-1,-1,-1,-1,-1,-1,-1
201420S035284,2,9,0,18,0,2,0,10,7,3,4,1,6,1,23,5,1364,1,7,1,1
201420S035314,1,9,0,1,0,8,0,0,0,0,2,1,6,2,46,8,1587,1,7,6,1
201420S035314,2,9,0,3,0,8,0,0,0,0,3,1,6,1,44,7,1984,1,13,2,1
201420S035594,1,9,0,14,0,0,0,0,0,0,1,1,6,1,68,10,1998,1,13,1,1
201420S035594,2,9,0,18,0,0,0,0,0,0,1,1,2,1,45,7,1753,2,12,6,1
201420S035754,1,9,0,5,0,6,0,0,0,0,3,1,6,2,29,6,2204,2,7,1,1
201420S035754,2,9,0,18,0,8,0,0,0,0,1,1,6,2,41,7,1598,1,5,1,1
201420S035844,1,20,0,6,0,0,0,10,1,5,1,1,6,1,-1,-1,-1,-1,-1,-1,-1
201420S035864,1,9,0,14,0,1,0,4,0,0,1,1,2,1,41,7,1124,1,15,1,1
201420S035864,2,19,0,2,6,1,0,0,0,0,2,2,6,3,-1,-1,-1,-1,-1,-1,-1
201420S035924,1,11,0,5,0,0,0,0,0,0,0,1,6,1,-1,-1,4760,2,2,-1,-1
201420S035944,1,9,0,17,9,0,0,0,1,10,1,1,6,1,41,7,1587,1,11,4,1
201420S035944,2,9,0,2,9,0,0,0,0,0,1,1,6,2,-1,-1,1686,2,3,-1,-1
201420S035944,3,9,0,2,9,0,0,0,0,0,1,1,6,1,-1,-1,1598,1,7,-1,-1
201420S035984,1,9,0,18,0,4,0,0,0,0,1,1,6,2,62,9,1900,2,9,3,1
201420S035984,2,1,0,18,0,8,0,0,0,0,1,1,6,1,15,3,-1,-1,-1,3,1
201420S036054,1,9,0,9,0,8,0,0,0,0,0,1,6,1,-1,-1,-1,-1,-1,-1,-1
201420S036054,2,5,0,18,0,8,1,0,0,0,0,1,6,1,51,8,1052,1,17,3,1
201420S036094,1,9,0,18,0,2,0,11,0,0,1,1,1,1,52,8,1360,1,7,2,1
201420S036104,1,9,0,11,0,0,0,0,0,0,0,1,6,3,-1,-1,-1,-1,-1,-1,-1
201420S036104,2,5,0,12,0,0,0,0,0,0,3,1,1,1,49,8,645,1,1,1,1
201420S036104,3,9,0,3,0,0,0,0,0,0,4,1,1,1,45,7,2199,2,3,1,1
201420S036124,1,5,0,18,0,8,0,0,0,0,1,1,2,1,24,5,1078,1,4,3,1
201420S036124,2,9,0,9,0,8,0,0,0,0,4,1,2,1,56,9,1299,1,6,2,1
201420S036264,1,9,0,9,0,6,0,10,1,2,4,1,6,2,42,7,2495,2,12,4,1
201420S036284,1,11,0,18,0,0,0,0,0,0,0,1,6,3,-1,-1,-1,-1,-1,-1,-1
201420S036414,1,9,0,1,0,0,0,0,0,0,2,1,6,1,-1,-1,1896,2,5,-1,-1
201420S036644,1,9,0,18,0,1,0,0,0,0,1,1,6,1,-1,-1,1870,2,11,2,1
201420S036644,2,9,0,3,0,1,0,0,0,0,2,1,6,2,25,5,1199,1,12,6,1
201420S036784,1,9,0,9,0,5,0,0,0,0,4,1,6,2,25,5,1299,1,16,3,1
201420S036784,2,1,0,18,0,8,0,0,0,0,3,1,6,1,34,6,-1,-1,-1,4,1
201420S036794,1,9,0,18,0,1,0,0,0,0,1,1,2,2,24,5,1598,1,10,5,1