Accident_Index,Vehicle_Reference,Vehicle_Type,Towing_and_Articulation,Vehicle_Manoeuvre,Vehicle_Location-Restricted_Lane,Junction_Location,Skidding_and_Overturning,Hit_Object_in_Carriageway,Vehicle_Leaving_Carriageway,Hit_Object_off_Carriageway,1st_Point_of_Impact,Was_Vehicle_Left_Hand_Drive?,Journey_Purpose_of_Driver,Sex_of_Driver,Age_of_Driver,Age_Band_of_Driver,Engine_Capacity_(CC),Propulsion_Code,Age_of_Vehicle,Driver_IMD_Decile,Driver_Home_Area_Type
201420S036794,2,1,0,18,0,1,0,0,0,0,4,1,4,1,13,3,-1,-1,-1,2,1
201420S037714,1,9,0,5,0,4,0,0,0,0,1,1,6,2,59,9,996,1,16,4,1
201420S037714,2,9,0,4,0,3,5,0,0,0,4,1,2,2,24,5,998,1,1,1,1
201420S037714,3,9,0,3,0,1,0,0,0,0,1,1,1,1,37,7,1762,7,15,1,1
201420S037784,1,9,0,18,0,0,0,0,0,0,1,1,6,3,-1,-1,-1,-1,-1,-1,-1
201420S037874,1,9,0,14,0,0,0,0,0,0,1,1,2,1,34,6,998,1,9,8,1
201420S037884,1,9,0,18,0,0,1,0,0,0,1,1,6,1,29,6,1998,2,4,2,1
201420S037884,2,9,0,4,0,0,0,0,0,0,2,1,6,2,58,9,1596,1,3,1,1
201420S037884,3,9,0,3,0,0,0,0,0,0,2,1,6,1,52,8,1997,2,1,2,1
201420S038004,1,9,0,9,0,8,0,0,0,0,3,1,6,1,38,7,3498,1,10,3,1
201420S038004,2,3,0,18,0,8,0,0,0,0,1,1,1,1,33,6,124,1,4,-1,-1
201420S038194,1,9,0,7,0,8,0,0,0,0,1,1,6,3,-1,-1,-1,-1,-1,-1,-1
201420S038194,2,1,0,18,0,8,0,0,0,0,1,1,6,1,52,8,-1,-1,-1,4,1
201420S038204,1,9,0,7,0,3,0,0,0,0,1,1,6,2,34,6,1362,1,1,5,1
201420S038204,2,1,0,9,0,3,0,0,0,0,2,1,6,1,40,7,-1,-1,-1,5,1
201420S038234,1,9,0,9,0,5,0,0,0,0,1,1,3,2,37,7,1598,1,9,1,1
201420S038244,1,9,0,9,0,8,0,0,0,0,4,1,6,2,29,6,1240,1,8,6,1
201420S038244,2,5,0,17,0,8,0,0,0,0,1,1,1,1,26,6,599,1,2,5,1
201420S038384,1,9,0,18,0,0,0,0,0,0,1,1,6,1,77,11,1120,1,14,5,1
201420S038394,1,9,0,9,0,6,0,0,0,0,3,1,6,2,52,8,2362,1,13,4,1
201420S038394,2,9,0,18,0,8,0,0,0,0,1,1,6,2,62,9,998,1,15,1,1
201420S038544,1,9,0,9,0,2,0,0,0,0,1,1,6,1,46,8,1242,1,13,2,1
201420S038544,2,10,0,18,0,1,0,0,0,0,4,1,1,1,31,6,-1,-1,-1,-1,-1
201420S038574,1,9,0,9,0,6,1,0,0,0,1,1,6,1,65,9,1598,1,2,6,1
201420S038574,2,5,0,18,0,8,1,0,0,0,1,1,6,1,46,8,1137,1,12,8,1
201420S038614,1,9,0,18,0,1,0,0,0,0,1,1,6,2,24,5,1229,1,3,5,1
201420S038614,2,9,0,9,0,1,0,0,0,0,2,1,4,1,29,6,1910,2,8,3,1
201420S039144,1,9,0,9,0,6,5,0,0,0,3,1,6,1,86,11,1242,1,6,4,1
201420S039144,2,9,0,18,0,8,0,0,0,0,1,1,6,2,32,6,1587,1,12,2,1
201420S039154,1,9,0,18,0,1,0,0,0,0,1,1,6,1,21,5,1995,2,-1,9,1
201420S039154,2,9,0,10,0,1,0,0,0,0,2,1,1,2,39,7,1997,2,1,9,1
201420S039184,1,9,0,5,0,6,0,0,0,0,1,1,6,1,36,7,1598,1,7,1,1
201420S039184,2,9,0,4,0,8,0,0,0,0,1,1,6,1,38,7,1596,1,-1,6,1
201420S039224,1,90,0,18,0,0,1,11,0,0,1,1,6,1,21,5,686,1,7,1,1
201420S039314,1,9,0,3,0,1,0,0,0,0,1,1,6,1,-1,-1,1242,1,3,8,1
201420S039314,2,9,0,3,0,1,0,0,0,0,2,1,6,2,57,9,1598,1,8,6,1
201420S039364,1,9,0,8,0,1,0,0,0,0,2,1,2,2,39,7,1997,2,3,3,1
201420S039364,2,9,0,9,0,1,0,0,0,0,1,1,1,2,19,4,1242,1,14,-1,-1
201420S039394,1,1,0,7,9,2,0,0,0,0,1,1,6,1,-1,-1,-1,-1,-1,-1,-1
201420S039414,1,9,0,12,0,0,0,0,0,0,3,1,2,1,32,6,1910,2,8,2,1
201420S039414,2,1,0,18,0,0,0,0,7,0,0,1,6,1,19,4,-1,-1,-1,6,1
201420S039514,1,9,0,9,0,6,0,0,0,0,1,1,6,2,27,6,1999,1,3,2,1
201420S039514,2,1,0,18,0,8,0,0,0,0,1,1,2,1,51,8,-1,-1,-1,4,1
201420S039574,1,9,0,7,9,6,0,0,0,0,4,1,1,1,34,6,998,1,12,4,1
201420S039874,1,17,0,18,0,0,0,0,0,0,3,1,1,1,28,6,-1,-1,-1,6,1
201420S039874,2,20,0,18,0,0,0,0,0,0,1,1,6,3,-1,-1,-1,-1,-1,-1,-1
201420S039884,1,9,0,18,0,0,1,0,0,0,1,1,6,3,-1,-1,1598,1,14,-1,-1
201420S039884,2,2,0,18,0,0,0,0,0,0,1,1,2,1,42,7,49,1,4,2,1
201420S039884,3,9,0,2,0,0,0,0,0,0,3,1,6,1,-1,-1,998,1,3,-1,-1
201420S039994,1,9,0,13,0,0,0,0,0,0,1,1,6,3,-1,-1,-1,-1,-1,-1,-1
201420S039994,2,1,0,18,0,0,0,0,0,0,3,1,2,1,41,7,-1,-1,-1,4,1
201420S040174,1,3,0,13,0,1,1,0,0,0,1,1,6,1,22,5,125,1,1,3,1
201420S040174,2,9,0,3,0,1,0,0,0,0,2,1,6,2,60,9,1242,1,2,5,1
201420S040234,1,9,0,9,0,6,0,0,0,0,1,1,2,2,-1,-1,2179,2,-1,3,1
201420S040234,2,9,0,18,0,8,0,0,0,0,3,1,2,1,34,6,1794,1,10,6,1
201420S040294,1,9,0,3,0,8,0,0,0,0,1,1,2,2,27,6,1598,1,8,6,1
201420S040294,2,9,0,3,0,8,0,0,0,0,2,1,6,1,39,7,1895,1,13,5,1
201420S040304,1,9,0,18,0,4,0,0,0,0,1,1,6,1,32,6,1150,1,8,-1,1
201420S040304,2,9,0,4,0,4,0,0,0,0,2,1,6,1,24,5,2148,2,11,4,1
201420S040454,1,9,0,18,0,1,1,0,0,0,1,1,6,1,21,5,998,1,10,-1,-1
201420S040454,2,5,0,8,0,1,0,0,0,0,2,1,6,1,35,6,598,1,16,2,1
201420S040704,1,9,0,9,0,8,0,0,0,0,3,1,6,1,66,10,1997,2,10,1,1
201420S040704,2,3,0,18,0,8,0,0,0,0,1,1,6,1,26,6,124,1,12,1,1
201420S040724,1,9,0,18,0,0,0,0,1,0,1,1,6,1,71,10,2435,1,14,1,1
201420S040814,1,9,0,9,0,5,0,0,0,0,1,1,1,1,-1,-1,1685,2,1,9,3
201420S040814,2,9,0,18,0,8,0,0,1,10,3,1,6,2,30,6,1988,2,9,1,1
201420S040884,1,9,0,2,0,1,0,0,0,0,3,1,6,2,21,5,1300,2,7,1,1
201420S040884,2,9,0,4,0,1,0,4,0,0,4,1,6,1,-1,-1,1360,1,13,-1,-1
201420S040914,1,9,0,16,0,1,0,0,0,0,1,1,6,1,47,8,2199,1,20,1,1
201420S041054,1,9,0,5,0,4,0,0,0,0,1,1,6,1,-1,-1,-1,-1,-1,-1,-1
201420S041054,2,1,0,18,0,8,0,0,0,0,1,1,1,1,30,6,-1,-1,-1,4,1
201420S041074,1,9,0,14,0,0,0,0,0,0,3,1,6,1,30,6,1896,2,12,8,1
201420S041074,2,9,0,18,0,0,0,0,0,0,3,1,6,1,30,6,-1,-1,-1,1,1
201420S041154,1,9,0,4,0,1,0,0,0,0,1,1,6,1,29,6,1685,2,2,3,1
201420S041154,2,9,0,8,0,1,0,0,0,0,2,1,6,2,41,7,1587,1,11,1,1
201420S041204,1,9,0,12,0,2,0,0,0,0,3,1,1,1,40,7,1796,1,7,1,1
201420S041204,2,11,0,18,0,2,0,0,0,0,4,1,1,1,66,10,9600,1,14,2,1
201420S041264,1,9,0,9,0,6,0,0,0,0,1,1,6,1,37,7,1598,1,4,3,1
201420S041264,2,3,0,18,0,8,0,0,0,0,1,1,6,1,21,5,124,1,4,-1,1
201420S041324,1,9,0,5,0,8,0,0,0,0,1,1,6,2,44,7,1596,1,10,1,1
201420S041324,2,5,0,18,0,8,5,0,0,0,4,1,6,1,60,9,1585,1,2,2,1
201420S041364,1,9,0,18,0,1,1,4,0,0,1,1,6,1,74,10,1299,1,13,5,1
201420S041364,2,9,0,2,0,1,0,0,0,0,2,1,6,1,42,7,1781,1,13,1,1
201420S041374,1,9,0,7,0,5,0,0,0,0,2,1,6,1,39,7,1388,1,10,3,1
201420S041374,2,1,0,18,0,8,0,0,0,0,1,1,6,1,30,6,-1,-1,-1,1,1
201420S041394,1,3,0,18,0,1,0,0,0,0,4,1,6,1,49,8,124,1,21,4,1
201420S041394,2,2,0,12,0,1,0,0,0,0,3,1,6,3,-1,-1,-1,-1,-1,-1,-1
201420S041464,1,10,0,14,0,2,0,0,0,0,1,1,1,1,53,8,-1,-1,-1,1,1
201420S041504,1,8,0,9,0,4,0,0,0,0,1,1,6,1,56,9,1497,8,5,1,1
201420S041504,2,5,0,9,0,3,0,0,0,0,1,1,6,1,31,6,988,1,12,4,1
201420S041544,1,9,0,18,0,0,0,0,0,0,4,1,6,1,56,9,1299,1,19,2,1
201420S041574,1,9,0,18,0,1,0,0,0,0,1,1,6,1,68,10,1998,1,7,8,1
201420S041574,2,9,0,18,0,2,1,0,0,0,1,1,6,2,62,9,-1,-1,-1,9,1
201420S041584,1,9,0,4,0,1,0,0,0,0,1,1,1,1,25,5,1560,2,4,10,1
201420S041584,2,1,0,18,0,1,0,0,0,0,1,1,6,1,47,8,-1,-1,-1,4,1
201420S041594,1,9,0,18,0,8,0,0,0,0,1,1,2,2,21,5,1240,1,10,6,1
201420S041594,2,9,0,18,0,8,0,0,0,0,3,1,6,1,78,11,1396,1,12,6,1
201420S041604,1,9,0,18,0,0,0,0,0,0,1,1,6,2,81,11,1086,1,7,1,1
201420S042524,1,9,0,4,0,0,0,0,0,0,1,1,6,2,-1,-1,1199,1,10,2,1
201420S042524,2,9,0,3,0,0,0,0,0,0,2,1,1,2,36,7,1397,1,12,9,1
201420S042524,3,9,0,3,0,0,0,0,0,0,2,1,6,2,-1,-1,998,1,16,8,1
201420S042664,1,9,0,18,0,8,0,0,0,0,1,1,2,1,32,6,2358,1,11,1,1
201420S042664,2,9,0,9,0,8,0,0,0,0,3,1,2,2,29,6,1595,1,3,3,1
201420S042674,1,9,0,18,0,0,0,0,0,0,1,1,6,2,27,6,1560,2,1,6,1
201420S042894,1,9,0,18,0,4,0,0,0,0,1,1,6,1,84,11,1686,2,12,8,1
201420S042894,2,1,0,9,0,8,0,0,0,0,4,1,6,1,24,5,-1,-1,-1,4,1
201420S042904,1,9,0,14,0,1,0,0,0,0,4,1,1,1,63,9,999,1,4,2,1
201420S042964,1,9,0,9,0,6,0,0,0,0,1,1,6,3,-1,-1,-1,-1,-1,-1,-1
201420S042964,2,9,0,18,0,8,0,0,0,0,4,1,6,1,28,6,2000,2,8,1,1
201420S043074,1,9,0,9,0,6,0,0,0,0,1,1,2,1,40,7,1596,1,6,2,1
201420S043074,2,1,0,18,0,8,0,0,0,0,4,1,2,2,32,6,-1,-1,-1,3,1
201420S043224,1,9,0,9,0,6,0,0,0,0,1,1,6,1,72,10,1896,2,13,1,1
201420S043224,2,9,0,9,0,6,0,0,0,0,3,1,6,1,45,7,1461,2,11,1,1
201420S043264,1,9,0,5,0,8,1,0,0,0,1,1,6,1,21,5,1396,1,10,1,1
201420S043264,2,9,0,3,0,8,0,0,0,0,2,1,1,2,34,6,1248,2,1,-1,-1
201420S043314,1,9,0,18,0,4,0,0,0,0,1,1,6,1,30,6,1598,1,6,1,1
201420S043314,2,1,0,17,0,3,0,0,0,0,4,1,6,1,47,8,-1,-1,-1,6,1
201420S043434,1,9,0,9,0,8,0,0,0,0,1,1,6,2,49,8,847,1,15,5,1
201420S043434,2,9,0,18,0,8,0,0,0,0,1,1,6,1,59,9,1753,2,4,1,1
201420S043464,1,9,0,1,0,0,0,0,0,0,2,1,6,2,-1,-1,-1,-1,-1,-1,-1
201420S043484,1,9,0,9,0,6,0,0,0,0,3,1,1,2,48,8,1596,1,6,5,1
201420S043484,2,9,0,18,0,8,0,0,0,0,1,1,1,2,23,5,1149,1,1,5,1
201420S043534,1,9,0,18,0,0,0,0,0,0,3,1,6,2,40,7,1598,1,7,2,1
201420S043554,1,9,0,16,0,0,5,10,8,2,1,1,6,1,39,7,2987,2,7,4,1
201420S043794,1,9,0,18,0,8,0,0,0,0,1,1,2,2,46,8,1997,2,13,2,1
201420S043794,2,9,0,9,0,1,0,0,0,0,2,1,6,1,45,7,2198,2,7,4,1
201420S043864,1,9,0,6,0,8,0,0,0,0,4,1,6,1,18,4,1229,1,10,9,1
201420S043864,2,9,0,7,0,4,0,0,0,0,1,1,6,2,-1,-1,999,1,4,-1,-1
201420S044184,1,9,0,16,0,0,0,10,7,4,1,1,6,2,26,6,998,1,15,10,3
201420S044194,1,9,0,18,0,0,0,10,7,4,1,1,6,2,25,5,1368,1,6,5,1
201420S044264,1,9,0,18,0,1,0,0,0,0,1,1,6,1,-1,-1,2656,1,11,-1,-1
201420S044264,2,9,0,7,0,1,0,0,0,0,2,1,6,2,56,9,1796,1,14,5,1
201420S044964,1,9,0,9,0,8,0,0,0,0,3,1,6,1,35,6,1796,1,11,4,1
201420S044964,2,9,0,18,0,8,0,0,0,0,3,1,6,2,44,7,1388,1,4,3,1
201420S044974,1,9,0,5,0,0,0,0,0,0,1,1,6,2,23,5,1896,2,12,1,1
201420S044984,1,9,0,7,0,8,0,0,0,0,4,1,6,2,72,10,1998,1,18,6,1
201420S044984,2,1,0,18,0,8,0,0,0,0,1,1,6,2,21,5,-1,-1,-1,6,1
201420S045044,1,9,0,4,0,0,0,0,0,0,2,1,6,1,23,5,1242,1,8,1,1
201420S045044,2,19,0,18,0,0,0,0,0,0,1,1,6,1,-1,-1,2198,2,4,-1,-1
201420S045094,1,9,0,9,0,8,0,0,0,0,3,1,1,1,30,6,1951,2,12,2,1
201420S045094,2,5,0,13,0,8,2,0,0,0,4,1,6,1,41,7,1164,1,10,2,1
201420S045204,1,9,0,1,0,0,0,4,0,0,2,1,6,2,-1,-1,1975,1,9,-1,-1
201420S045204,2,9,0,2,0,0,0,0,0,0,3,1,6,2,43,7,1299,1,14,1,1
201420S045614,1,11,0,4,0,0,0,0,0,0,0,1,1,1,-1,-1,-1,-1,-1,-1,-1
201420S045754,1,19,0,18,0,0,0,0,0,0,1,1,6,3,-1,-1,-1,-1,-1,-1,-1
201420S045924,1,9,0,9,0,2,0,0,7,0,1,1,6,1,29,6,1242,1,7,6,1
201420S045924,2,9,0,18,0,1,0,0,0,0,1,1,6,2,28,6,998,1,3,6,1
201420S045934,1,9,0,18,0,4,0,0,0,0,1,1,6,3,-1,-1,-1,-1,-1,-1,-1
201420S045934,2,9,0,9,0,3,0,0,7,1,4,1,6,1,50,8,1597,1,14,2,1
201420S046044,1,9,0,18,0,8,0,0,0,0,1,1,6,1,33,6,1560,2,8,5,1
201420S046044,2,9,0,18,0,8,0,0,0,0,1,1,6,1,24,5,1396,1,5,5,1
201420S046044,3,9,0,3,0,1,0,0,0,0,3,1,1,1,37,7,1896,2,8,4,1
201420S046394,1,1,0,18,0,0,0,0,0,0,1,1,6,1,22,5,-1,-1,-1,1,1
201420S046394,2,9,0,18,0,0,0,0,0,0,1,1,6,2,-1,-1,1956,2,2,-1,-1
201420S046404,1,9,0,18,0,8,0,0,0,0,1,1,2,1,56,9,1998,2,8,1,1
201420S046404,2,9,0,18,0,8,0,0,0,0,2,1,2,2,40,7,1781,1,11,2,1
201420S046604,1,9,0,18,0,0,1,0,0,0,1,1,6,1,29,6,1396,1,16,3,1
201420S046604,2,8,0,12,0,0,0,0,0,0,2,1,1,1,49,8,1896,2,7,1,1
201420S046624,1,9,0,18,0,1,0,0,0,0,1,1,2,1,36,7,1598,2,2,4,1
201420S046714,1,9,0,4,0,1,0,0,0,0,1,1,6,1,-1,-1,1968,2,1,-1,-1
201420S046714,2,9,0,4,0,1,0,0,0,0,2,1,6,2,30,6,1149,1,12,5,1
201420S046994,1,8,0,18,0,4,0,9,7,0,1,1,1,1,-1,-1,-1,-1,-1,-1,-1
201420S047004,1,9,0,18,0,1,0,0,0,0,1,1,6,2,-1,-1,998,1,6,1,1
201420S047004,2,9,0,7,0,1,0,0,0,0,2,1,6,2,-1,-1,1598,1,-1,1,1
201420S047074,1,9,0,18,0,0,0,4,0,0,1,1,1,2,39,7,1461,2,-1,7,1
201420S047074,2,19,0,2,0,0,0,0,1,0,2,1,6,1,41,7,1753,2,11,2,1
201420S047414,1,9,0,18,0,0,0,0,0,0,1,1,6,1,-1,-1,1364,1,5,-1,-1
201420S047414,2,9,0,3,0,0,0,0,0,0,2,1,6,1,22,5,1248,2,8,3,1
201420S047444,1,9,0,18,0,8,0,0,0,0,1,1,1,1,23,5,998,1,16,1,1
201420S047444,2,9,0,10,0,8,0,0,0,0,2,1,2,1,53,8,2184,2,10,9,1
201420S047454,1,9,0,9,0,6,0,0,0,0,3,1,6,2,33,6,1461,2,9,5,1
201420S047454,2,10,0,18,0,8,0,0,0,0,1,1,6,1,37,7,-1,-1,-1,2,1
201420S047504,1,9,0,5,0,0,0,0,0,0,3,1,6,2,27,6,1149,1,10,3,1
201420S047504,2,9,0,18,0,0,0,0,0,0,1,1,2,1,51,8,1061,1,10,5,1
201420S047584,1,8,0,5,0,8,0,0,0,0,4,1,1,1,45,7,-1,-1,-1,5,1
201420S047584,2,8,0,18,0,8,0,0,0,0,1,1,1,1,43,7,1896,2,10,2,1
201420S047594,1,9,0,16,0,0,1,4,1,10,1,1,6,1,42,7,1461,2,9,5,1
201420S047594,2,9,0,2,0,0,0,10,1,10,3,1,6,1,26,6,1560,2,6,1,1
201420S047814,1,9,0,18,0,4,0,9,3,2,1,1,6,1,34,6,1896,2,7,1,1
201420S047994,1,9,0,9,0,8,0,0,0,0,1,1,6,2,44,7,1299,1,14,4,1
201420S047994,2,9,0,18,0,8,0,0,0,0,1,1,6,2,28,6,1360,1,14,4,1
201420S048134,1,11,0,18,0,0,0,0,0,0,0,1,1,1,58,9,8268,2,12,2,1
201420S048144,1,9,0,18,0,0,0,0,0,0,1,1,6,1,-1,-1,-1,-1,-1,-1,-1
201420S048214,1,9,0,5,0,1,0,0,0,0,1,1,6,2,57,9,1398,2,4,4,1
201420S048214,2,9,0,3,0,1,0,0,0,0,2,1,6,2,37,7,998,1,7,9,2
201420S048244,1,21,1,18,0,1,0,0,0,0,1,1,2,1,33,6,12130,2,14,2,1
201420S048244,2,9,0,7,0,1,0,0,1,10,2,1,1,1,58,9,1896,2,11,-1,1
201420S048254,1,9,0,9,0,8,0,0,0,0,1,1,6,1,36,7,1598,2,1,6,1
201420S048254,2,9,0,18,0,8,0,0,0,0,4,1,6,1,45,7,1587,1,9,6,1
201420S048274,1,9,0,18,0,2,0,0,0,0,1,1,6,1,51,8,998,1,7,1,1
201420S048274,2,9,0,3,0,2,0,0,0,0,2,1,6,1,44,7,-1,-1,-1,1,1
201420S048284,1,9,0,18,0,0,1,4,0,0,4,1,1,1,41,7,1598,2,2,3,1
201420S048284,2,9,0,2,0,0,0,4,1,0,3,1,6,2,32,6,1248,1,-1,5,1
201420S048284,3,9,0,2,0,0,0,4,0,0,3,1,6,1,31,6,1229,1,6,5,1
201420S048604,1,9,0,18,0,8,1,0,0,0,4,1,1,1,44,7,1149,1,6,1,1
201420S048604,2,9,0,5,0,8,0,0,0,0,1,1,1,1,50,8,1560,2,3,1,1
201420S048614,1,9,0,18,0,0,0,0,0,0,4,1,3,1,39,7,1388,1,5,1,1
201420S048664,1,9,0,18,0,0,0,0,0,0,1,1,6,3,-1,-1,-1,-1,-1,-1,-1
201420S048814,1,9,0,18,0,8,0,0,0,0,1,1,6,1,65,9,1395,1,-1,-1,-1
201420S048814,2,4,0,18,0,8,0,0,0,0,3,1,6,2,32,6,998,1,8,10,2
201420S048854,1,9,0,11,0,0,0,0,0,0,1,1,6,3,-1,-1,-1,-1,-1,-1,-1
201420S048854,2,11,0,18,0,0,0,0,0,0,1,1,1,1,22,5,4760,2,2,3,1
201420S049004,1,9,0,18,0,0,1,10,1,7,1,1,1,2,42,7,1198,1,10,1,1
201420S049034,1,9,0,9,0,8,0,0,0,0,1,1,2,1,-1,-1,1586,1,10,6,1
201420S049034,2,1,0,18,0,8,0,0,0,0,1,1,2,1,51,8,-1,-1,-1,2,1
201420S049054,1,5,0,18,0,8,0,0,0,0,1,1,2,1,23,5,599,1,3,1,1
201420S049054,2,9,0,9,0,1,0,0,0,0,2,1,6,1,34,6,1968,2,3,3,1
201420S049204,1,9,0,18,0,8,0,0,1,0,4,1,6,2,36,7,999,1,-1,1,1
201420S049204,2,9,0,18,0,8,0,0,1,1,1,1,6,2,65,9,1998,1,11,5,1
201420S049224,1,9,0,18,0,0,0,0,0,0,1,1,6,2,22,5,-1,-1,-1,3,1
201420S049224,2,9,0,18,0,0,0,0,0,0,2,1,6,1,26,6,2967,2,2,5,1
201420S049524,1,10,0,18,0,2,0,0,0,0,1,1,1,1,36,7,1995,2,7,1,1
201420S049894,1,1,0,18,0,0,0,0,0,0,1,1,6,1,15,3,-1,-1,-1,1,1
201420S049894,2,9,0,6,0,0,0,0,0,0,1,1,6,1,-1,-1,-1,-1,-1,-1,-1
201420S049914,1,9,0,9,0,6,0,0,0,0,1,1,6,2,24,5,-1,-1,-1,1,1
201420S049914,2,1,0,18,0,8,0,0,0,0,1,1,6,2,20,4,-1,-1,-1,3,1
201420S050254,1,9,0,9,0,8,0,0,0,0,3,1,6,1,70,10,1796,1,7,3,1
201420S050254,2,3,0,18,0,8,0,0,0,0,1,1,6,1,22,5,124,1,-1,2,1
201420S050554,1,21,0,18,0,0,0,0,0,0,4,1,1,1,54,8,12740,2,1,8,1
201420S050904,1,9,0,9,0,6,0,0,0,0,1,1,6,2,70,10,1991,2,9,-1,3
201420S050904,2,9,0,18,0,8,0,0,0,0,4,1,6,2,42,7,1991,2,9,9,1
201420S051144,1,9,0,7,0,5,1,0,0,0,2,1,6,1,-1,-1,-1,-1,-1,-1,-1
201420S051144,2,1,0,18,0,8,1,0,0,0,1,1,6,1,34,6,-1,-1,-1,-1,1
201420S051654,1,9,0,18,0,2,0,0,0,0,1,1,6,3,-1,-1,1299,1,13,-1,-1
201420S051654,2,1,0,5,0,2,0,0,0,0,2,1,6,1,16,4,-1,-1,-1,5,1
201420S051664,1,9,0,18,0,0,0,0,0,0,3,1,6,1,28,6,1995,2,-1,-1,1
201420S052004,1,9,0,18,0,2,0,0,0,0,1,1,6,1,43,7,1587,1,11,-1,-1
201420S052004,2,3,0,18,0,2,0,0,0,0,2,1,6,1,30,6,124,1,2,1,1
201420S052604,1,9,0,17,0,1,0,0,0,0,1,1,1,1,65,9,-1,-1,-1,10,1
201420S052694,1,9,0,18,0,1,0,0,0,0,1,1,6,1,38,7,1995,2,-1,3,1
201420S052694,2,9,0,10,0,1,0,0,0,0,2,1,6,1,36,7,1968,2,5,4,1
201420S052904,1,9,0,9,0,8,0,0,0,0,1,1,1,1,24,5,1242,1,14,2,1
201420S052904,2,9,0,18,0,8,0,0,0,0,1,1,2,2,28,6,1399,2,12,1,1
201420S052944,1,9,0,18,0,0,1,10,4,4,3,1,2,1,44,7,2793,1,15,7,1
201420S052974,1,9,0,18,0,4,0,0,0,0,3,1,6,1,-1,-1,-1,-1,-1,-1,-1
201420S052974,2,1,0,18,0,8,0,0,0,0,4,1,6,1,34,6,-1,-1,-1,6,1
201420S053134,1,9,0,9,0,6,0,0,0,0,1,1,6,1,-1,-1,1595,1,12,-1,3
201420S053134,2,1,0,18,0,8,0,0,0,0,3,1,2,2,37,7,-1,-1,-1,5,1
201420S053194,1,4,0,18,0,0,5,0,0,0,1,1,6,1,17,4,124,1,5,5,1
201420S053194,2,9,0,6,0,0,0,0,0,0,1,1,6,1,31,6,1895,1,15,-1,-1
201420S053444,1,8,0,5,0,8,0,0,0,0,1,1,1,1,59,9,1910,2,8,4,1
201420S053444,2,1,0,18,0,8,0,0,0,0,1,1,6,1,71,10,-1,-1,-1,6,1
201420S053534,1,9,0,14,0,0,0,0,0,0,4,1,3,2,50,8,1396,1,14,1,1
201420S053714,1,9,0,14,0,0,0,0,0,0,1,1,6,2,67,10,1796,1,4,4,1
201420S053854,1,9,0,18,0,8,0,0,0,0,1,1,6,2,66,10,1598,1,11,2,1
201420S053854,2,9,0,18,0,8,0,0,0,0,4,1,6,2,27,6,1587,1,8,10,1
201420S053864,1,19,0,18,0,1,0,0,0,0,1,1,1,1,28,6,1998,2,11,1,1
201420S053864,2,9,0,18,0,2,0,0,0,0,1,1,6,2,45,7,995,1,5,2,1
201420S053914,1,20,0,18,0,1,0,0,0,0,1,1,6,1,-1,-1,-1,-1,-1,-1,-1
201420S053914,2,9,0,5,0,2,0,10,1,10,3,1,6,1,61,9,1796,1,1,1,1
201420S054034,1,9,0,18,0,6,0,0,1,0,1,1,6,2,23,5,1299,1,14,-1,-1
201420S054034,2,9,0,18,0,8,0,0,0,0,1,1,2,1,35,6,1998,1,9,3,1
201420S054104,1,9,0,18,0,0,0,0,0,0,1,1,2,1,48,8,-1,-1,-1,-1,-1
201420S054164,1,9,0,9,0,8,0,0,0,0,3,1,2,1,50,8,999,1,17,1,1
201420S054164,2,3,0,18,0,8,0,0,0,0,1,1,2,1,83,11,124,1,3,3,1
201420S054744,1,3,0,18,0,8,2,0,0,0,1,1,6,1,25,5,125,1,13,3,1
201420S054744,2,9,0,9,0,5,0,0,0,0,3,1,6,2,43,7,1796,1,3,7,1
201420S054864,1,9,0,9,0,6,1,0,0,0,1,1,1,1,51,8,1796,1,15,1,1
201420S054864,2,19,0,17,0,8,0,4,0,0,4,1,1,1,50,8,1998,2,11,5,1
201420S054864,3,9,0,2,0,2,0,0,1,0,3,1,1,1,50,8,1999,2,12,3,1
201420S054884,1,9,0,18,0,8,0,0,0,0,1,1,6,1,38,7,1149,1,16,1,1
201420S054884,2,1,0,18,0,8,0,0,0,0,4,1,6,1,31,6,-1,-1,-1,6,1
201420S054904,1,9,0,3,0,0,0,0,0,0,4,1,6,1,40,7,1800,1,12,10,1
201420S054904,2,1,0,15,0,0,0,10,1,0,1,1,6,1,63,9,-1,-1,-1,6,1
201420S054944,1,9,0,18,0,0,0,0,0,0,1,1,6,1,19,4,1199,1,11,4,1
201420S055244,1,9,0,18,0,3,1,9,3,7,1,1,6,1,19,4,1149,1,13,2,1
201420S055264,1,9,0,18,0,8,0,0,0,0,1,1,6,1,30,6,1596,1,9,4,1
201420S055264,2,5,0,18,0,8,0,0,0,0,1,1,1,1,49,8,1215,1,1,7,1
201420S055284,1,9,0,7,9,8,0,0,0,0,0,1,6,2,-1,-1,-1,-1,-1,-1,-1
201420S055284,2,1,0,18,9,8,0,0,0,0,0,1,6,2,17,4,-1,-1,-1,2,1
201420S055314,1,9,0,14,0,2,0,0,0,0,1,1,6,3,-1,-1,-1,-1,-1,-1,-1