Accident_Index,Vehicle_Reference,Vehicle_Type,Towing_and_Articulation,Vehicle_Manoeuvre,Vehicle_Location-Restricted_Lane,Junction_Location,Skidding_and_Overturning,Hit_Object_in_Carriageway,Vehicle_Leaving_Carriageway,Hit_Object_off_Carriageway,1st_Point_of_Impact,Was_Vehicle_Left_Hand_Drive?,Journey_Purpose_of_Driver,Sex_of_Driver,Age_of_Driver,Age_Band_of_Driver,Engine_Capacity_(CC),Propulsion_Code,Age_of_Vehicle,Driver_IMD_Decile,Driver_Home_Area_Type
201420S055374,1,19,0,16,0,1,0,0,0,0,1,1,6,1,50,8,1753,2,4,1,1
201420S055374,2,8,0,8,0,1,0,0,0,0,2,1,6,1,-1,-1,-1,-1,-1,1,1
201420S055424,1,9,0,9,0,6,0,0,0,0,1,1,6,1,37,7,1998,2,10,4,1
201420S055424,2,2,0,18,0,8,0,0,0,0,1,1,2,1,19,4,49,1,12,1,1
201420S055504,1,9,0,5,0,8,0,0,2,10,1,1,6,1,31,6,-1,-1,-1,-1,-1
201420S055504,2,9,0,18,0,8,0,0,1,10,3,1,6,2,41,7,2172,2,11,2,1
201420S055534,1,11,0,5,0,2,0,0,0,0,0,1,1,1,49,8,-1,2,17,-1,-1
201420S055544,1,1,0,18,0,0,0,0,0,0,1,1,6,2,10,2,-1,-1,-1,1,1
201420S055544,2,9,0,17,0,0,1,0,0,0,3,1,2,2,59,9,1364,1,9,4,1
201420S055644,1,8,0,5,0,8,0,0,0,0,1,1,1,1,-1,-1,2362,1,10,1,1
201420S055644,2,1,0,18,0,8,0,0,0,0,1,1,6,2,49,8,-1,-1,-1,2,1
201420S055694,1,20,0,9,0,8,0,0,0,0,1,1,6,1,31,6,-1,-1,-1,-1,-1
201420S055694,2,9,0,18,0,8,0,10,1,1,1,1,6,1,54,8,1968,2,10,5,1
201420S055694,3,9,0,18,0,8,0,10,1,2,3,1,6,1,24,5,-1,-1,-1,4,1
201420S055724,1,11,0,9,0,6,0,0,0,0,1,1,1,1,-1,-1,-1,-1,-1,1,1
201420S055724,2,9,0,18,0,8,0,0,0,0,3,1,6,1,19,4,1799,1,7,-1,1
201420S055784,1,9,0,18,0,2,0,0,0,0,1,1,6,2,46,8,998,1,7,-1,1
201420S055784,2,9,0,3,0,2,0,0,0,0,2,1,6,2,23,5,-1,-1,-1,2,1
201420S055854,1,9,0,18,0,8,0,0,0,0,1,1,6,2,35,6,1598,1,11,3,1
201420S055854,2,4,0,18,0,8,1,4,1,0,1,1,6,1,21,5,125,1,-1,2,1
201420S055854,3,9,0,2,0,2,0,0,0,0,2,1,4,2,33,6,1229,1,1,2,1
201420S055994,1,9,0,5,0,5,0,0,0,0,1,1,6,1,23,5,1198,1,-1,6,1
201420S055994,2,9,0,18,0,8,0,0,0,0,1,1,6,1,25,5,1242,1,12,2,1
201420S055994,3,9,0,9,0,8,0,0,0,0,3,1,6,2,31,6,1997,1,10,1,1
201420S056104,1,9,0,9,0,6,0,0,0,0,1,1,6,1,-1,-1,1598,1,4,4,1
201420S056114,1,9,0,18,0,2,0,0,0,0,1,1,6,1,-1,-1,1686,2,9,-1,-1
201420S056124,1,3,0,7,0,1,0,0,0,0,4,1,2,2,23,5,125,1,-1,1,1
201420S056124,2,9,0,15,0,1,0,0,0,0,3,1,6,3,-1,-1,-1,-1,-1,-1,-1
201420S056144,1,9,0,18,0,2,0,0,0,0,4,1,6,1,18,4,1598,1,11,2,1
201420S056154,1,9,0,7,0,6,0,0,0,0,3,1,6,2,23,5,1242,1,6,10,1
201420S056154,2,3,0,18,0,8,0,0,0,0,1,1,6,1,19,4,-1,-1,-1,5,1
201420S056174,1,9,0,5,0,0,0,0,0,0,1,1,1,2,30,6,1242,1,1,2,1
201420S056194,1,9,0,1,0,8,0,4,0,0,2,1,6,1,48,8,1598,1,11,-1,1
201420S056194,2,9,0,2,0,8,0,0,0,0,3,1,1,1,45,7,-1,-1,-1,1,1
201420S056204,1,9,0,7,0,6,0,0,0,0,4,1,6,1,38,7,2148,2,10,1,1
201420S056204,2,1,0,7,0,6,0,0,0,0,3,1,2,1,45,7,-1,-1,-1,-1,1
201420S056304,1,9,0,7,0,5,0,0,0,0,4,1,2,2,49,8,1905,2,18,6,1
201420S056364,1,9,0,6,0,0,0,0,0,0,3,1,1,1,41,7,1995,2,5,1,1
201420S056364,2,3,0,14,0,0,1,10,7,0,4,1,6,2,18,4,102,1,-1,3,1
201420S056404,1,9,0,12,0,0,0,0,0,0,1,1,6,1,30,6,1910,2,6,-1,-1
201420S056444,1,9,0,9,0,8,0,0,0,0,1,1,2,1,32,6,1781,1,11,5,1
201420S056444,2,1,0,18,0,8,0,0,0,0,1,1,2,1,25,5,-1,-1,-1,5,1
201420S056504,1,19,0,18,0,8,0,7,1,1,1,1,6,1,26,6,1868,2,11,4,1
201420S056534,1,9,0,18,0,2,0,0,0,0,1,1,6,1,31,6,1799,1,10,1,1
201420S056564,1,9,0,5,0,1,0,0,0,0,1,1,6,1,-1,-1,-1,-1,-1,-1,-1
201420S056574,1,9,0,18,0,0,1,0,1,0,1,1,6,1,31,6,1997,2,9,6,1
201420S056574,2,9,0,18,0,0,0,0,0,0,1,1,6,1,35,6,1199,1,10,1,1
201420S056624,1,19,0,18,0,1,0,0,0,0,2,1,1,1,23,5,-1,-1,-1,-1,-1
201420S056624,2,9,0,4,0,1,0,0,0,0,1,1,6,3,-1,-1,-1,-1,-1,-1,-1
201420S056634,1,9,0,9,0,5,0,0,0,0,1,1,1,1,60,9,1975,2,19,1,1
201420S056634,2,3,0,18,0,8,0,0,0,0,1,1,1,1,39,7,125,1,10,1,1
201420S056734,1,9,0,18,0,0,0,0,0,0,1,1,2,1,36,7,2993,2,-1,1,1
201420S056874,1,1,0,18,9,8,0,0,0,0,3,1,1,1,34,6,-1,-1,-1,5,1
201420S056874,2,9,0,7,0,6,0,0,0,0,1,1,6,1,-1,-1,1995,2,-1,-1,-1
201420S056994,1,9,0,4,0,0,0,0,0,0,1,1,6,2,23,5,1598,1,11,9,1
201420S057004,1,9,0,9,0,8,0,0,0,0,1,1,6,1,58,9,1229,1,-1,3,1
201420S057004,2,3,0,18,0,8,0,0,0,0,1,1,6,1,17,4,125,1,9,2,1
201420S057314,1,9,0,18,0,1,0,0,0,0,1,1,6,3,-1,-1,1124,1,11,-1,-1
201420S057314,2,9,0,3,0,1,0,0,0,0,2,1,2,2,38,7,1587,1,7,10,1
201420S057334,1,9,0,9,0,8,0,0,0,0,4,1,6,1,53,8,1587,1,15,2,1
201420S057334,2,9,0,18,0,8,0,0,0,0,1,1,6,1,31,6,2231,2,8,3,1
201420S057354,1,9,0,18,0,4,0,0,1,3,1,1,6,2,25,5,1240,1,9,5,1
201420S057354,2,1,0,18,0,8,0,0,0,0,2,1,1,1,22,5,-1,-1,-1,6,1
201420S057374,1,9,0,18,0,1,0,0,0,0,1,1,6,1,-1,-1,1968,2,1,-1,-1
201420S057374,2,9,0,7,0,1,0,0,0,0,2,1,6,2,45,7,1198,1,11,1,1
201420S057444,1,9,0,9,0,2,0,0,0,0,1,1,6,1,38,7,1364,1,5,1,1
201420S057534,1,5,0,11,0,8,0,0,0,0,1,1,1,1,38,7,599,1,14,1,1
201420S057534,2,9,0,18,0,8,0,0,0,0,1,1,6,3,-1,-1,-1,-1,-1,-1,-1
201420S057594,1,19,0,9,0,6,0,0,0,0,3,1,6,1,37,7,2402,2,11,3,1
201420S057594,2,9,0,18,0,8,0,0,0,0,1,1,6,1,32,6,998,1,14,1,1
201420S057634,1,9,0,9,0,6,0,0,0,0,1,1,6,1,64,9,1582,2,1,6,1
201420S057634,2,3,0,18,0,8,0,0,0,0,1,1,6,1,29,6,124,1,2,3,1
201420S057694,1,3,0,14,0,0,1,4,0,0,1,1,6,2,22,5,124,1,1,1,1
201420S057694,2,11,0,2,0,0,0,0,0,0,2,1,1,1,53,8,9600,2,17,3,1
201420S057764,1,9,0,18,0,3,0,0,0,0,1,1,2,1,32,6,1596,1,8,3,1
201420S057864,1,9,0,7,0,4,0,0,0,0,1,1,6,2,62,9,1248,1,2,6,1
201420S057864,2,1,0,18,0,8,0,0,0,0,1,1,6,1,24,5,-1,-1,-1,6,1
201420S057884,1,9,0,9,0,8,0,0,0,0,3,1,2,1,54,8,1910,2,9,5,1
201420S057884,2,1,0,18,0,8,0,0,0,0,1,1,6,1,37,7,-1,-1,-1,3,1
201420S057894,1,9,0,7,0,6,0,0,0,0,1,1,6,2,-1,-1,1398,2,11,-1,-1
201420S058074,1,9,0,9,0,1,0,0,0,0,0,1,6,1,-1,-1,1124,1,13,-1,-1
201420S058074,2,9,0,18,0,1,0,10,0,0,1,1,6,2,-1,-1,1240,1,9,1,1
201420S058104,1,9,0,18,0,5,0,0,0,0,4,1,2,1,49,8,1590,1,10,4,1
201420S058104,2,1,0,18,0,8,0,0,1,0,1,1,2,1,28,6,-1,-1,-1,4,1
201420S058154,1,9,0,16,0,2,1,0,0,0,3,1,6,1,-1,-1,998,1,9,2,1
201420S058154,2,9,0,17,0,1,0,0,0,0,3,1,6,1,48,8,1956,2,2,4,1
201420S058264,1,9,0,16,0,1,1,10,1,2,1,1,6,1,28,6,1299,1,13,3,1
201420S058474,1,9,0,9,0,8,0,0,0,0,1,1,6,2,81,11,998,1,11,6,1
201420S058474,2,1,0,18,0,8,0,0,0,0,1,1,6,1,20,4,-1,-1,-1,-1,1
201420S058634,1,9,0,18,0,0,1,0,0,0,1,1,3,1,24,5,1396,1,13,1,1
201420S058634,2,9,0,3,0,0,0,0,0,0,2,1,2,2,44,7,1229,1,2,3,1
201420S058824,1,9,0,5,0,1,0,0,0,0,4,1,6,2,62,9,1796,1,11,2,1
201420S058834,1,9,0,9,0,5,0,0,0,0,1,1,2,2,-1,-1,1598,1,12,6,1
201420S058834,2,1,0,10,0,1,0,0,0,0,1,1,2,1,46,8,-1,-1,-1,6,1
201420S058854,1,19,0,9,0,6,0,0,0,0,1,1,1,1,33,6,2143,2,4,-1,1
201420S058854,2,1,0,18,0,8,0,0,0,0,1,1,1,1,-1,-1,-1,-1,-1,3,1
201420S058924,1,2,0,5,0,8,0,0,0,0,4,1,2,1,24,5,49,1,2,-1,1
201420S058924,2,9,0,9,0,8,0,0,0,0,4,1,2,2,32,6,1242,1,7,4,1
201420S058934,1,9,0,4,0,0,1,0,0,0,1,1,6,1,25,5,1242,1,14,-1,-1
201420S058934,2,9,0,4,0,0,0,0,0,0,2,1,6,2,44,7,2720,2,5,8,3
201420S059004,1,9,0,18,0,8,0,0,0,0,4,1,6,1,24,5,1796,1,14,4,1
201420S059004,2,19,0,9,0,8,0,0,0,0,1,1,6,1,-1,-1,1753,2,9,1,1
201420S059044,1,9,0,8,0,1,1,0,0,0,2,1,2,1,61,9,1598,1,10,4,1
201420S059044,2,9,0,18,0,1,0,0,0,0,1,1,6,2,-1,-1,1995,1,11,-1,-1
201420S059134,1,9,0,5,0,8,0,0,0,0,4,1,6,1,32,6,1598,1,2,2,1
201420S059134,2,9,0,18,0,8,0,0,0,0,1,1,6,1,69,10,-1,-1,-1,4,1
201420S059244,1,9,0,7,0,8,0,0,0,0,1,1,1,1,28,6,1560,2,3,6,1
201420S059244,2,1,0,18,0,8,0,0,0,0,4,1,1,1,29,6,-1,-1,-1,7,1
201420S059264,1,9,0,9,0,8,0,0,0,0,3,1,6,3,-1,-1,1686,2,12,-1,-1
201420S059264,2,9,0,18,0,8,0,0,0,0,1,1,6,1,36,7,1588,1,10,1,1
201420S059354,1,9,0,18,0,8,0,7,0,0,4,1,6,1,24,5,1986,2,7,5,1
201420S059354,2,9,0,18,0,8,0,0,0,0,1,1,6,2,69,10,1560,2,2,2,1
201420S059414,1,3,0,18,0,0,1,0,0,0,1,1,2,1,27,6,124,1,9,1,1
201420S059414,2,9,0,18,0,0,0,0,0,0,2,1,2,2,-1,-1,-1,-1,-1,-1,-1
201420S059504,1,9,0,9,0,8,0,0,0,0,3,1,6,2,29,6,1422,2,5,1,1
201420S059504,2,9,0,18,0,8,0,0,0,0,3,1,6,2,37,7,1198,1,6,4,1
201420S059934,1,9,0,7,0,2,0,0,0,0,1,1,6,1,-1,-1,1988,1,15,-1,-1
201420S059934,2,9,0,14,0,1,0,0,0,0,1,1,6,2,59,9,1598,1,5,2,1
201420S060154,1,9,0,5,0,8,0,0,0,0,1,1,6,2,71,10,1388,1,2,3,1
201420S060154,2,19,0,18,0,8,0,0,0,0,1,1,1,1,55,8,2198,2,5,9,1
201420S060254,1,9,0,7,0,6,0,0,0,0,1,1,1,1,33,6,1685,2,1,3,1
201420S060274,1,9,0,9,0,6,0,0,0,0,3,1,6,1,40,7,2204,2,7,5,1
201420S060454,1,9,0,18,0,0,0,0,0,0,1,1,6,1,27,6,1796,1,8,1,1
201420S500014,1,9,0,9,0,8,0,0,0,0,1,1,6,1,61,9,2967,2,9,3,1
201420S500014,2,9,0,18,0,8,0,7,1,1,1,1,6,1,64,9,1991,2,7,6,1
201420S500024,1,9,0,1,0,0,0,0,0,0,2,1,1,1,-1,-1,1956,2,2,-1,-1
201420S500064,1,9,0,18,0,0,0,0,0,0,1,1,6,1,45,7,1910,2,11,9,3
201420S500394,1,9,0,13,0,8,0,0,0,0,4,1,6,2,37,7,1598,1,10,-1,1
201420S500394,2,9,0,9,0,8,0,0,0,0,1,1,1,1,60,9,-1,-1,-1,3,1
201420S500404,1,9,0,18,0,2,1,0,0,0,1,1,6,1,19,4,1199,1,13,8,1
201420S500484,1,9,0,18,0,8,0,0,0,0,1,1,6,1,53,8,1800,1,15,1,1
201420S500504,1,9,0,18,0,0,1,10,1,10,1,1,6,1,20,4,3246,1,11,-1,1
201420S500514,1,3,0,5,0,8,0,0,0,0,1,1,2,1,44,7,124,1,6,2,1
201420S500514,2,9,0,18,0,8,0,0,0,0,4,1,6,2,24,5,1598,2,3,10,1
201420S500534,1,9,0,9,0,6,0,0,0,0,1,1,6,1,27,6,1388,1,11,5,1
201420S500534,2,9,0,18,0,8,0,0,0,0,3,1,3,2,37,7,1390,2,10,2,1
201420S500904,1,9,0,3,0,1,0,0,0,0,2,1,1,2,35,6,1242,1,12,1,1
201420S500904,2,9,0,4,0,1,0,0,0,0,1,1,6,1,-1,-1,-1,-1,-1,-1,-1
201420S501174,1,9,0,9,0,8,0,0,0,0,1,1,2,2,-1,-1,1149,1,8,1,1
201420S501174,2,5,0,18,0,8,0,0,0,0,3,1,2,1,45,7,847,1,-1,1,1
201420S501594,1,9,0,18,0,2,0,0,0,0,1,1,6,1,77,11,1587,1,11,3,1
201420S501594,2,9,0,3,0,2,0,0,0,0,2,1,6,2,31,6,1591,1,-1,10,3
201420S501674,1,8,0,18,0,0,0,0,0,0,1,1,1,1,30,6,1997,2,1,3,1
201420S501694,1,9,0,18,0,1,0,0,0,0,1,1,6,1,41,7,1968,2,7,7,1
201420S501824,1,11,0,16,0,3,0,0,0,0,0,1,6,1,39,7,4760,2,2,4,1
201420S501864,1,9,0,5,0,6,1,0,0,0,1,1,6,1,20,4,1598,1,7,4,1
201420S501864,2,9,0,18,0,8,0,10,1,5,1,1,6,1,57,9,1989,1,12,6,1
201420S501904,1,9,0,5,0,1,0,0,0,0,1,1,6,1,76,11,1587,1,19,1,1
201420S501924,1,1,0,18,0,2,0,0,0,0,1,1,6,1,20,4,-1,-1,-1,3,1
201420S501924,2,9,0,7,0,5,0,0,0,0,3,1,3,2,47,8,2000,2,3,10,1
201420S502054,1,9,0,18,0,8,0,10,3,10,4,1,6,2,42,7,1339,1,6,1,1
201420S502054,2,9,0,18,0,8,0,10,3,10,1,1,2,2,44,7,1364,1,9,1,1
201420S502104,1,8,0,18,0,8,0,0,0,0,1,1,6,1,-1,-1,2496,2,15,-1,-1
201420S502104,2,9,0,18,0,8,0,0,0,0,1,1,6,1,-1,-1,1910,2,6,-1,-1
201420S502174,1,9,0,18,0,1,1,10,1,2,1,1,1,1,40,7,1998,2,10,1,1
201420S502214,1,9,0,18,0,0,0,0,0,0,1,1,6,3,-1,-1,-1,-1,-1,-1,-1
201420S502224,1,3,0,4,0,8,0,0,0,0,1,1,1,1,17,4,124,1,-1,8,1
201420S502224,2,9,0,7,0,8,0,0,0,0,2,1,1,2,35,6,1896,2,10,4,1
201420S502254,1,9,0,4,0,0,0,0,0,0,3,1,1,2,52,8,2143,2,3,5,1
201420S502274,1,9,0,18,0,6,0,0,0,0,4,1,6,1,65,9,2987,2,5,8,1
201420S502274,2,9,0,18,0,8,0,0,0,0,1,1,6,1,42,7,1598,1,13,-1,1
201420S502294,1,9,0,5,0,8,0,0,0,0,1,1,6,1,32,6,1968,2,9,1,1
201420S502294,2,9,0,5,0,8,0,0,0,0,4,1,6,2,52,8,1560,2,1,3,1
201420S502304,1,9,0,18,0,2,0,0,0,0,3,1,6,2,44,7,1339,1,7,1,1
201420S502324,1,9,0,18,0,2,0,0,0,0,1,1,6,1,24,5,2979,1,11,4,1
201420S502324,2,8,0,5,0,1,0,0,0,0,1,1,1,1,35,6,1997,2,5,3,1
201420S502444,1,9,0,9,0,2,1,10,1,7,1,1,6,1,20,4,1390,1,13,7,1
201420S502444,2,90,0,18,0,1,0,0,0,0,1,1,2,1,52,8,9200,2,6,5,1
201420S502464,1,9,0,18,0,1,0,0,0,0,1,1,3,2,38,7,1386,1,6,2,1
201420S502464,2,9,0,10,0,1,0,0,0,0,2,1,6,2,57,9,998,1,2,2,1
201420S502464,3,9,0,18,0,1,0,0,0,0,1,1,2,1,36,7,1796,1,11,3,1
201420S502484,1,9,0,18,0,8,0,0,0,0,1,1,6,2,29,6,1124,1,8,3,1
201420S502484,2,9,0,5,0,8,0,0,0,0,4,1,6,2,28,6,1360,1,7,5,1
201420S502564,1,9,0,18,0,0,0,0,0,0,1,1,6,1,-1,-1,1299,1,12,-1,-1
201420S502564,2,9,0,3,0,0,0,0,0,0,2,1,3,2,34,6,1796,1,12,1,1
201420S502694,1,9,0,9,0,6,0,0,0,0,1,1,1,1,42,7,-1,-1,-1,3,1
201420S502694,2,9,0,18,0,8,0,10,4,0,1,1,1,1,47,8,1560,2,5,3,1
201420S502714,1,9,0,5,0,0,0,0,0,0,1,1,6,1,52,8,2997,1,16,2,1
201420S502714,2,9,0,18,0,0,0,4,0,0,3,1,6,1,35,6,1984,1,10,3,1
201420S502714,3,9,0,2,0,0,0,0,0,0,3,1,6,1,-1,-1,1998,2,1,6,1
201420S502714,4,9,0,2,0,0,0,0,0,0,3,1,6,2,-1,-1,1339,1,3,5,1
201420S502984,1,9,0,14,0,0,0,0,0,0,1,1,6,1,23,5,1781,1,14,4,1
201420S503284,1,9,0,3,0,1,0,0,0,0,2,1,6,1,51,8,2000,1,9,3,1
201420S503284,2,9,0,18,0,1,0,0,0,0,1,1,6,1,-1,-1,1968,2,8,-1,-1
201420S503734,1,9,0,9,0,8,1,0,0,0,1,1,6,1,-1,-1,1984,1,9,-1,-1
201420S503734,2,9,0,10,0,8,0,0,0,0,4,1,6,2,22,5,1242,1,1,5,1
201420S503744,1,8,0,5,0,0,0,0,0,0,0,1,1,1,-1,-1,1798,1,9,-1,-1
201420S504294,1,9,0,9,0,8,0,0,0,0,1,1,6,1,-1,-1,1396,2,1,-1,-1
201420S504294,2,9,0,18,0,8,0,0,0,0,3,1,6,2,35,6,1398,2,9,7,1
201420S504374,1,9,0,5,0,8,0,0,0,0,1,1,6,1,-1,-1,1389,1,11,-1,-1
201420S504374,2,9,0,18,0,8,0,0,0,0,1,1,1,2,33,6,1242,1,-1,3,1
201420S504574,1,9,0,9,0,6,0,0,0,0,4,1,6,2,38,7,998,1,12,2,1
201420S504574,2,9,0,18,0,8,0,0,0,0,1,1,6,1,19,4,1124,1,11,4,1
201420S504594,1,9,0,18,0,8,1,10,1,10,3,1,6,1,65,9,1598,1,8,6,3
201420S504594,2,10,0,18,0,8,0,0,0,0,1,1,6,2,-1,-1,-1,-1,-1,4,1
201420S505344,1,8,0,18,0,8,0,0,0,0,1,1,6,1,-1,-1,2990,1,13,3,1
201420S505344,2,1,0,18,0,8,0,0,0,0,2,1,6,1,29,6,-1,-1,-1,6,1
201420S505664,1,9,0,18,0,8,1,10,0,0,1,1,6,2,39,7,1364,1,5,3,1
201420S505664,2,9,0,18,0,8,1,10,0,0,1,1,6,1,48,8,1461,2,9,1,1
201420S505734,1,9,0,18,0,0,0,0,0,0,1,1,6,1,-1,-1,-1,-1,-1,-1,-1
201420S505734,2,9,0,4,0,0,0,0,0,0,2,1,6,2,33,6,1598,1,12,5,1
201420S506034,1,9,0,18,0,4,0,10,3,0,3,1,6,2,67,10,1984,1,7,8,1
201420S506034,2,9,0,18,0,4,0,0,0,0,1,1,6,1,26,6,1998,1,6,8,1
201420S506064,1,9,0,18,0,0,0,0,0,0,1,1,6,1,48,8,1248,2,5,3,1
201420S506064,2,9,0,18,0,0,0,0,0,0,2,1,6,2,54,8,1596,1,11,1,1
201420S506144,1,5,0,4,0,4,1,0,0,0,1,1,2,1,26,6,645,1,6,5,1
201420S506144,2,9,0,9,0,3,0,0,0,0,2,1,2,1,47,8,1242,1,13,1,1
201420S506354,1,9,0,18,9,0,5,10,1,5,1,1,6,2,39,7,1997,2,-1,7,1
201420S506374,1,9,0,18,0,8,0,0,0,0,1,1,6,2,45,7,1598,1,9,4,1
201420S506374,2,9,0,3,0,8,0,0,0,0,2,1,6,2,68,10,1598,1,5,7,1
201420S506434,1,9,0,18,0,0,0,0,0,0,1,1,6,1,38,7,1968,2,7,1,1
201420S506434,2,9,0,3,0,0,0,0,0,0,2,1,6,1,48,8,-1,-1,-1,2,1
201420S506464,1,9,0,9,0,8,0,0,0,0,1,1,2,1,63,9,1360,1,11,4,1
201420S506464,2,3,0,18,0,8,0,0,0,0,1,1,2,1,44,7,125,1,4,1,1
201420S506474,1,9,0,9,0,8,0,0,0,0,1,1,6,1,82,11,1124,1,7,2,1
201420S506474,2,9,0,18,0,8,0,0,0,0,3,1,6,2,33,6,1896,2,12,4,1
201420S506594,1,9,0,18,0,8,0,0,0,0,1,1,6,1,43,7,1598,1,1,1,1
201420S506594,2,9,0,18,0,8,0,0,0,0,3,1,6,2,38,7,-1,-1,-1,6,1
201420S507094,1,9,0,18,0,0,0,0,0,0,1,1,1,1,29,6,1242,1,5,3,1
201420S507104,1,9,0,9,0,6,1,0,0,0,1,1,1,1,44,7,1396,1,11,1,1
201420S507104,2,9,0,18,0,8,2,0,0,0,4,1,1,1,24,5,973,1,14,2,1
201420S507354,1,21,1,11,0,0,0,0,0,0,4,1,1,3,-1,-1,12809,2,1,-1,-1
201420S507354,2,9,0,18,0,0,0,0,0,0,1,1,6,1,26,6,1998,1,7,5,2
201420S507574,1,21,1,7,0,1,0,0,0,0,4,1,1,1,50,8,11705,2,8,-1,-1
201420S507574,2,9,0,7,0,1,0,0,1,7,3,1,1,1,43,7,1598,2,1,2,1
201420S507584,1,9,0,9,0,6,0,0,0,0,3,2,6,1,30,6,-1,-1,-1,3,1
201420S507584,2,9,0,18,0,8,0,10,1,0,1,1,6,1,22,5,1124,1,7,5,1
201420S507604,1,9,0,18,0,8,0,7,1,0,1,1,1,1,32,6,1986,2,7,1,1
201420S507604,2,9,0,9,0,5,0,0,0,0,1,1,1,2,60,9,1198,1,8,-1,-1
201420S508124,1,9,0,13,0,0,0,0,0,0,1,1,2,2,29,6,1598,1,2,3,1
201420S508124,2,9,0,3,0,0,0,0,0,0,1,1,2,1,22,5,1388,1,4,-1,1
201420S508304,1,9,0,13,0,0,0,0,0,0,1,1,6,3,-1,-1,-1,-1,-1,-1,-1
201420S508304,2,9,0,18,0,0,0,0,0,0,3,1,6,1,48,8,1596,1,3,3,1
201420S508304,3,9,0,18,0,0,0,0,0,0,1,1,6,3,-1,-1,-1,-1,-1,-1,-1
201420S508354,1,9,0,4,0,0,0,0,0,0,1,1,6,1,33,6,1582,2,-1,1,2
201420S508354,2,9,0,4,0,0,0,0,0,0,2,1,6,2,56,9,1299,1,16,1,1
201420S508354,3,9,0,4,0,0,0,0,0,0,2,1,6,1,62,9,2204,2,10,9,3
201420S508494,1,9,0,9,0,5,0,0,0,0,4,1,2,1,65,9,1360,1,12,1,1
201420S508494,2,9,0,18,0,8,0,0,0,0,1,1,1,1,50,8,1796,1,7,4,1
201420S508614,1,9,0,18,0,8,0,10,3,10,1,1,1,2,66,10,1560,2,4,3,2
201420S508614,2,9,0,18,0,8,0,10,0,0,1,1,6,2,41,7,1997,2,5,8,1
201420S508764,1,9,0,5,0,8,0,0,0,0,1,1,2,2,60,9,1598,1,2,1,1
201420S508764,2,9,0,18,0,8,0,0,0,0,4,1,2,2,27,6,1242,1,10,1,1
201420S508774,1,9,0,12,0,2,0,0,0,0,4,1,6,1,38,7,1910,2,15,1,1
201420S508894,1,1,0,13,0,8,0,0,0,0,1,1,2,1,44,7,-1,-1,-1,5,1
201420S508894,2,9,0,9,0,5,0,0,0,0,3,1,2,1,34,6,1598,1,9,2,1
201420S508974,1,9,0,18,0,0,0,0,0,0,1,1,6,1,31,6,1984,1,12,3,1
201420S508974,2,9,0,4,0,0,0,0,0,0,2,1,6,1,34,6,1896,2,5,2,1
201420S509534,1,9,0,5,0,6,0,0,0,0,1,1,6,2,32,6,1461,2,9,-1,-1
201420S509534,2,9,0,18,0,8,0,0,0,0,4,1,6,1,74,10,1296,1,7,1,1
201420S509564,1,21,0,3,0,1,0,0,0,0,1,1,1,1,53,8,3920,2,1,2,1
201420S509564,2,8,0,11,0,1,0,0,0,0,2,1,1,1,34,6,1794,1,7,7,1
201420S509594,1,9,0,5,0,6,0,0,0,0,3,1,6,2,17,4,1275,1,15,5,1
201420S509594,2,9,0,18,0,8,1,0,0,0,1,1,6,2,38,7,1368,1,8,1,1
201420S509604,1,9,0,5,0,4,0,0,0,0,1,1,6,2,28,6,1910,2,6,6,1
201420S509604,2,11,0,5,0,4,0,0,0,0,4,1,1,2,36,7,7300,2,2,3,1
201420S511444,1,9,0,18,0,0,0,0,0,0,1,1,1,1,28,6,1896,2,11,2,1
201420S511444,2,9,0,18,0,0,0,0,0,0,2,1,6,1,19,4,1397,1,5,3,1
201420S511454,1,9,0,18,0,6,1,4,3,10,1,1,6,1,27,6,1796,1,15,-1,-1
201420S511454,2,9,0,18,0,8,0,0,0,0,4,1,6,3,-1,-1,1388,1,13,-1,-1
201420S511454,3,9,0,2,0,1,0,0,0,0,1,1,6,3,40,7,1598,1,11,4,1
201420S511514,1,9,0,9,0,6,0,0,0,0,3,1,6,1,51,8,1461,2,9,3,1
201420S511514,2,9,0,18,0,8,0,0,0,0,1,1,6,1,26,6,1998,1,12,5,1
201420S601654,1,9,0,18,0,4,0,0,0,0,1,1,6,2,25,5,1229,1,7,3,1
201420S601654,2,9,0,18,0,8,1,0,2,10,2,1,6,2,45,7,1242,1,3,2,1
201420S602244,1,9,0,3,0,1,0,0,0,0,1,1,1,1,24,5,1598,1,11,1,1
201420S602244,2,9,0,1,0,1,0,0,0,0,2,1,6,1,-1,-1,1332,1,7,-1,-1
201420S603134,1,9,0,12,0,0,0,0,0,0,1,1,6,3,-1,-1,-1,-1,-1,-1,-1
201420S603134,2,1,0,18,0,0,0,0,0,0,2,1,6,1,48,8,-1,-1,-1,8,1
201420S606224,1,9,0,4,0,0,0,0,0,0,1,1,1,1,62,9,1956,2,1,6,1
201420S610584,1,9,0,18,0,0,0,0,0,0,1,1,6,1,26,6,1973,1,15,1,1
201420S610584,2,1,0,18,0,0,0,10,1,0,3,1,6,1,55,8,-1,-1,-1,7,1