Accident_Index,Vehicle_Reference,Vehicle_Type,Towing_and_Articulation,Vehicle_Manoeuvre,Vehicle_Location-Restricted_Lane,Junction_Location,Skidding_and_Overturning,Hit_Object_in_Carriageway,Vehicle_Leaving_Carriageway,Hit_Object_off_Carriageway,1st_Point_of_Impact,Was_Vehicle_Left_Hand_Drive?,Journey_Purpose_of_Driver,Sex_of_Driver,Age_of_Driver,Age_Band_of_Driver,Engine_Capacity_(CC),Propulsion_Code,Age_of_Vehicle,Driver_IMD_Decile,Driver_Home_Area_Type
201420T001174,1,9,0,5,0,3,0,0,0,0,1,1,2,1,72,10,-1,-1,-1,2,1
201420T001174,2,1,0,18,0,3,0,0,0,0,1,1,2,1,64,9,-1,-1,-1,2,1
201420T001354,1,9,0,9,0,5,0,0,0,0,1,1,6,1,-1,-1,-1,-1,-1,-1,-1
201420T001624,1,9,0,16,0,1,1,4,0,0,1,1,1,1,33,6,1199,1,14,1,1
201420T001624,2,21,1,2,0,1,0,0,0,0,2,1,1,1,40,7,12740,2,4,2,1
201420T001994,1,9,0,18,0,1,0,0,0,0,2,1,6,1,-1,-1,1360,1,9,-1,-1
201420T001994,2,9,0,18,0,1,0,0,0,0,1,1,1,1,45,7,2993,2,2,1,1
201420T002044,1,9,0,18,0,4,0,0,0,0,1,1,6,3,-1,-1,1360,1,8,-1,-1
201420T002044,2,9,0,18,0,3,0,0,0,0,4,1,6,2,22,5,-1,-1,-1,1,1
201420T002174,1,9,0,18,0,0,0,0,0,0,4,1,6,3,-1,-1,2143,2,1,-1,-1
201420T002324,1,20,0,3,0,2,0,0,0,0,2,1,1,1,44,7,4462,2,1,5,1
201420T002324,2,9,0,3,0,2,0,0,0,0,2,1,6,2,42,7,1596,1,12,2,1
201420T002324,3,19,0,18,0,2,0,0,0,0,1,1,1,1,52,8,1968,2,2,4,1
201420T002404,1,9,0,14,0,1,0,0,0,0,1,1,6,1,32,6,1796,1,12,1,1
201420T002454,1,9,0,18,0,1,0,0,0,0,1,1,6,1,-1,-1,1896,2,12,-1,-1
201420T002454,2,9,0,3,0,1,0,0,0,0,2,1,1,2,34,6,998,1,1,2,1
201420T002464,1,9,0,18,0,8,0,0,0,0,1,1,6,1,25,5,1896,2,9,2,1
201420T002464,2,9,0,9,0,8,0,0,0,0,4,1,6,1,64,9,1995,2,10,1,1
201420T002474,1,9,0,18,0,0,0,0,0,0,1,1,2,1,23,5,1598,1,7,10,1
201420T002564,1,9,0,18,0,8,0,0,0,0,1,1,1,1,25,5,1896,2,5,1,1
201420T002564,2,9,0,9,0,6,0,0,0,0,1,1,6,3,-1,-1,-1,-1,-1,-1,-1
201420T002834,1,9,0,18,0,4,0,0,0,0,1,1,6,3,-1,-1,-1,-1,-1,-1,-1
201420T002834,2,1,0,18,0,4,5,0,0,0,2,1,2,2,35,6,-1,-1,-1,4,1
201420T002844,1,9,0,5,0,8,0,0,0,0,4,1,1,1,33,6,1896,2,9,1,1
201420T002844,2,9,0,18,0,8,0,0,0,0,1,1,2,2,34,6,1086,1,10,1,1
201420T002874,1,20,0,5,0,0,0,0,0,0,1,1,1,1,49,8,5880,2,6,-1,-1
201420T002894,1,9,0,9,0,2,1,4,0,0,1,1,6,1,16,4,1598,1,6,1,1
201420T002894,2,9,0,2,0,2,0,4,0,0,2,1,6,1,47,8,1560,2,5,3,1
201420T002894,3,9,0,2,0,2,0,4,0,0,2,1,6,2,60,9,1396,1,12,3,1
201420T002894,4,19,0,18,0,1,0,0,0,0,0,1,1,1,27,6,1997,2,2,4,1
201420T003114,1,9,0,18,0,0,0,0,0,0,1,1,6,2,42,7,796,1,15,1,1
201420T003214,1,9,0,9,0,6,0,0,0,0,1,1,6,1,30,6,1896,2,8,-1,1
201420T003214,2,9,0,18,0,8,1,0,0,0,1,1,6,1,38,7,2143,2,3,1,1
201420T003214,3,3,0,18,0,8,0,0,0,0,3,1,6,1,27,6,124,1,13,1,1
201420T003424,1,9,0,18,0,8,1,0,0,0,1,1,6,1,63,9,1798,1,8,5,1
201420T003424,2,9,0,18,0,8,0,0,0,0,2,1,2,1,26,6,1598,1,10,5,1
201420T003634,1,9,0,18,0,0,1,4,0,0,1,1,1,1,35,6,1590,1,11,-1,1
201420T003634,2,9,0,2,0,0,0,0,0,0,3,1,3,2,37,7,998,1,11,-1,1
201420T003714,1,9,0,17,0,1,0,0,0,0,1,1,6,1,-1,-1,1198,1,12,1,1
201420T003714,2,9,0,17,0,1,0,0,0,0,2,1,6,2,23,5,1299,1,9,6,1
201420T004254,1,9,0,5,0,2,0,0,0,0,3,1,6,1,23,5,1598,1,8,4,1
201420T004274,1,9,0,18,0,2,0,0,0,0,3,1,6,1,49,8,1984,1,12,1,1
201420T004294,1,9,0,10,0,8,0,0,0,0,3,1,6,2,44,7,1598,1,3,1,1
201420T004294,2,3,0,18,0,8,0,0,0,0,3,1,6,1,18,4,124,1,15,1,1
201420T004314,1,9,0,17,0,0,0,0,0,0,1,1,6,1,22,5,2231,2,4,1,1
201420T004314,2,9,0,16,0,0,0,0,0,0,1,1,6,1,25,5,1396,1,11,1,1
201420T004444,1,9,0,4,0,8,0,0,0,0,1,1,6,1,-1,-1,-1,-1,-1,-1,-1
201420T004444,2,9,0,3,0,8,0,0,0,0,2,1,6,2,24,5,1198,1,8,-1,1
201420T004494,1,19,0,9,0,6,0,0,0,0,1,1,6,1,-1,-1,2148,2,7,-1,-1
201420T004514,1,9,0,9,0,6,0,0,0,0,1,1,6,2,67,10,1598,1,1,3,1
201420T004514,2,9,0,18,0,8,0,0,7,10,3,1,6,1,29,6,1796,1,13,1,1
201420T004524,1,21,0,3,0,0,0,0,0,0,4,1,1,1,40,7,5880,2,8,1,1
201420T004524,2,9,0,5,0,0,0,4,0,0,3,1,6,2,47,8,1910,2,8,2,1
201420T004524,3,9,0,2,0,0,0,0,0,0,3,1,6,3,-1,-1,1781,1,16,-1,-1
201420T004544,1,9,0,18,0,0,0,0,0,0,1,1,6,1,39,7,1360,1,9,3,1
201420T004554,1,9,0,9,0,5,0,0,0,0,1,1,6,2,33,6,1240,1,7,1,1
201420T004554,2,1,0,18,0,2,0,0,0,0,1,1,6,2,39,7,-1,-1,-1,1,1
201420T004764,1,9,0,9,0,8,0,0,0,0,1,1,6,2,30,6,1242,1,8,-1,3
201420T004764,2,3,0,18,0,8,0,0,0,0,1,1,4,1,19,4,124,1,14,1,1
201420T004794,1,9,0,18,0,2,0,0,0,0,3,1,4,1,36,7,1598,1,14,-1,-1
201420T004794,2,1,0,18,0,3,0,0,0,0,1,1,6,1,26,6,-1,-1,-1,3,1
201420T004804,1,8,0,18,0,1,0,0,0,0,2,1,6,1,-1,-1,1995,2,7,1,1
201420T004804,2,9,0,18,0,1,0,0,0,0,1,1,6,1,30,6,1398,2,4,2,1
201420T004814,1,19,0,18,0,0,0,0,0,0,1,1,1,1,54,8,2198,2,6,8,3
201420T004914,1,9,0,9,0,6,0,0,0,0,1,1,6,2,-1,-1,-1,-1,-1,-1,-1
201420T005064,1,9,0,4,0,1,0,0,0,0,1,1,6,1,-1,-1,1560,2,7,-1,-1
201420T005064,2,9,0,10,0,1,0,0,0,0,2,1,6,2,30,6,1796,1,9,6,1
201420T005074,1,9,0,7,0,8,0,0,0,0,4,1,6,2,24,5,698,1,9,8,1
201420T005074,2,1,0,18,0,8,0,0,0,0,3,1,1,1,43,7,-1,-1,-1,1,1
201420T005774,1,9,0,18,0,1,0,0,0,0,1,1,1,2,24,5,998,1,6,5,1
201420T006204,1,3,0,9,0,8,0,0,0,0,1,1,6,2,38,7,124,1,1,1,1
201420T006204,2,9,0,9,0,8,0,0,0,0,1,1,6,2,26,6,1686,2,1,1,1
201420T006224,1,9,0,18,0,4,0,0,0,0,1,1,1,1,61,9,1998,1,9,3,1
201420T006224,2,9,0,18,0,4,0,0,0,0,4,1,2,2,31,6,1986,2,9,1,1
201420T006234,1,9,0,18,0,4,1,0,0,0,1,1,2,1,20,4,1398,2,12,1,1
201420T006234,2,9,0,18,0,8,0,0,0,0,4,1,6,1,35,6,2987,2,7,1,1
201420T006254,1,9,0,13,0,0,0,0,0,0,4,1,6,1,-1,-1,-1,-1,-1,-1,-1
201420T006254,2,1,0,18,0,0,0,0,1,2,3,1,6,1,34,6,-1,-1,-1,8,1
201420T006274,1,9,0,7,0,2,0,0,0,0,3,1,2,1,45,7,2401,2,12,1,1
201420T006274,2,1,0,18,0,2,0,0,0,0,4,1,2,1,26,6,-1,-1,-1,1,1
201420T006424,1,9,0,18,0,0,1,10,1,4,1,1,6,1,20,4,1596,1,11,2,1
201420T006494,1,9,0,18,0,0,0,0,0,0,1,1,6,1,22,5,1997,2,13,7,1
201420T006494,2,9,0,3,0,0,0,0,0,0,2,1,6,2,24,5,1242,1,11,6,1
201420T006524,1,9,0,18,0,0,0,0,0,0,1,1,6,1,59,9,1997,2,12,1,1
201420T006524,2,8,0,18,0,0,0,0,0,0,1,1,1,1,34,6,1995,2,8,2,1
201420T006544,1,9,0,12,0,4,0,0,0,0,3,1,6,1,49,8,1389,1,9,2,1
201420T006544,2,9,0,3,0,4,0,0,0,0,4,1,6,1,47,8,1248,2,2,1,1
201420T006674,1,9,0,18,0,8,0,10,1,10,1,1,2,2,41,7,1242,1,9,8,1
201420T006674,2,9,0,18,0,8,0,0,0,0,3,1,6,1,24,5,1061,1,9,2,1
201420T006684,1,9,0,9,0,8,0,0,0,0,1,1,6,2,49,8,1341,1,11,1,1
201420T006684,2,9,0,18,0,8,0,0,0,0,3,1,6,2,43,7,1248,2,6,8,3
201420T006754,1,9,0,1,9,6,0,0,0,0,2,1,6,1,33,6,1870,2,10,3,1
201420T006764,1,9,0,16,0,0,1,4,7,10,1,1,6,1,26,6,-1,-1,-1,1,1
201420T006764,2,9,0,2,0,0,0,4,0,0,1,1,6,2,-1,-1,1598,1,5,-1,-1
201420T006764,3,9,0,2,0,0,0,4,0,0,1,1,6,2,-1,-1,998,1,7,-1,-1
201420T006764,4,9,0,2,0,0,0,4,0,0,3,1,6,2,-1,-1,1339,1,3,-1,-1
201420T006914,1,9,0,18,0,0,0,0,0,0,1,1,6,2,32,6,1388,1,2,-1,1
201420T006934,1,9,0,7,0,6,0,0,0,0,1,1,6,1,65,9,1390,1,12,6,1
201420T006934,2,1,0,18,0,8,0,0,0,0,4,1,6,1,42,7,-1,-1,-1,1,1
201420T007374,1,9,0,9,0,2,0,0,0,0,1,1,6,2,-1,-1,1910,2,6,1,1
201420T007424,1,9,0,9,0,6,0,0,0,0,2,1,6,1,23,5,1399,2,6,10,1
201420T007424,2,8,0,18,0,8,0,0,0,0,4,1,1,1,37,7,1870,2,8,1,1
201420T007434,1,9,0,14,0,0,0,0,0,0,1,1,6,1,-1,-1,-1,-1,-1,-1,-1
201420T007444,1,90,0,2,0,0,0,0,0,0,1,1,6,3,-1,-1,-1,-1,-1,-1,-1
201420T007444,2,19,0,18,0,0,0,4,0,0,1,1,6,1,47,8,2151,2,11,1,1
201420T007474,1,9,0,10,0,1,0,0,0,0,2,1,2,2,56,9,-1,-1,-1,6,3
201420T007474,2,9,0,18,0,1,0,0,0,0,1,1,6,3,-1,-1,-1,-1,-1,-1,-1
201420T007534,1,9,0,12,0,0,0,0,0,0,3,1,6,1,24,5,1242,1,15,1,1
201420T007534,2,9,0,18,0,0,0,0,0,0,4,1,6,2,25,5,1124,1,10,3,1
201420T007534,3,11,0,3,0,0,0,0,0,0,2,1,1,1,51,8,7300,2,10,2,1
201420T007574,1,9,0,3,0,1,0,0,0,0,2,1,6,2,25,5,1995,2,12,1,1
201420T007574,2,9,0,4,0,1,0,0,0,0,1,1,6,1,-1,-1,-1,-1,-1,-1,-1
201420T007594,1,9,0,18,0,2,0,0,0,0,1,1,6,1,51,8,1995,2,9,3,1
201420T007624,1,9,0,18,0,4,1,0,0,0,4,1,6,1,-1,-1,1984,1,11,-1,-1
201420T007624,2,9,0,9,0,4,0,0,0,0,1,1,6,2,40,7,1397,1,11,-1,1
201420T007654,1,19,0,7,9,5,0,0,0,0,3,1,6,1,-1,-1,-1,-1,-1,-1,-1
201420T007704,1,9,0,1,0,2,0,0,0,0,2,1,6,1,-1,-1,1995,2,7,-1,-1
201420T007914,1,9,0,18,0,0,0,0,0,0,1,1,6,1,29,6,1900,2,9,4,1
201420T007914,2,9,0,18,0,0,0,0,0,0,2,1,6,2,33,6,1364,1,5,1,1
201420T007924,1,9,0,9,0,2,1,10,7,1,1,1,6,1,21,5,1461,2,12,3,1
201420T007964,1,9,0,5,0,4,0,0,0,0,1,1,6,1,20,4,1997,2,2,2,1
201420T007964,2,9,0,16,0,3,0,0,0,0,4,1,6,2,40,7,1598,1,7,2,1
201420T007994,1,9,0,5,0,4,0,0,0,0,3,1,1,1,65,9,1995,2,11,2,1
201420T007994,2,1,0,18,4,8,1,0,0,0,1,1,1,1,33,6,-1,-1,-1,4,1
201420T008004,1,19,0,18,0,4,0,0,0,0,1,1,1,1,27,6,1753,2,4,1,1
201420T008004,2,9,0,18,0,3,0,0,0,0,4,1,6,1,47,8,1762,1,14,3,1
201420T008004,3,9,0,18,0,4,0,0,0,0,3,1,6,2,-1,-1,1689,2,12,1,1
201420T008114,1,9,0,18,0,0,0,10,7,1,1,1,6,1,59,9,2987,2,9,6,1
201420T008124,1,9,0,18,0,1,0,0,0,0,1,1,6,1,54,8,1796,1,11,1,1
201420T008154,1,19,5,9,0,8,0,10,7,2,4,1,2,1,49,8,2198,2,4,3,1
201420T008154,2,9,0,18,0,8,0,0,0,0,1,1,2,1,42,7,1368,1,4,1,1
201420T008164,1,9,0,18,0,8,1,4,0,0,1,1,6,2,46,8,1493,1,17,1,1
201420T008164,2,9,0,9,0,8,0,0,0,0,1,1,6,2,-1,-1,1896,2,13,-1,-1
201420T008164,3,9,0,2,0,2,0,0,0,0,3,1,6,3,-1,-1,1360,1,7,-1,-1
201420T008334,1,11,0,5,0,0,0,0,0,0,0,1,1,1,-1,-1,-1,-1,-1,-1,-1
201420T008364,1,9,0,7,0,6,0,0,0,0,1,1,6,1,50,8,1995,2,10,4,1
201420T008364,2,9,0,3,0,2,0,0,0,0,2,1,6,1,43,7,1199,1,13,10,1
201420T008434,1,9,0,18,0,3,0,0,0,0,1,1,6,3,-1,-1,-1,-1,-1,-1,-1
201420T008434,2,90,0,5,0,2,0,0,0,0,3,1,6,1,87,11,-1,-1,-1,2,1
201420T008574,1,9,0,18,0,8,0,0,0,0,3,1,2,2,32,6,1796,1,3,6,1
201420T008574,2,9,0,18,0,8,0,0,0,0,1,1,6,3,-1,-1,2171,2,12,-1,-1
201420T008574,3,9,0,3,0,1,0,0,0,0,1,1,2,2,42,7,998,1,11,3,1
201420T008754,1,9,0,9,9,8,0,0,0,0,1,1,2,1,50,8,1910,2,9,9,1
201420T008814,1,9,0,14,0,8,0,4,0,0,4,1,6,1,19,4,599,1,12,1,1
201420T008814,2,9,0,9,0,8,0,0,0,0,1,1,6,1,25,5,1560,2,1,1,1
201420T008814,3,9,0,2,0,2,0,0,0,0,1,1,6,3,-1,-1,2149,2,7,-1,-1
201420T009324,1,20,0,12,0,2,0,0,0,0,3,1,6,1,-1,-1,3920,2,5,2,1
201420T009324,2,9,0,18,0,2,0,0,0,0,4,1,6,2,28,6,1199,1,12,1,1
201420T009524,1,9,0,5,0,0,0,0,0,0,4,1,2,2,45,7,1299,1,12,1,1
201420T009604,1,8,0,18,0,8,0,0,0,0,1,1,1,1,48,8,1968,2,7,-1,1
201420T009604,2,9,0,9,0,8,0,0,0,0,1,1,6,2,24,5,1422,2,8,1,1
201420T009734,1,9,0,9,0,7,0,0,0,0,3,1,6,1,34,6,1396,1,15,1,1
201420T009734,2,9,0,18,0,8,0,0,0,0,1,1,6,1,54,8,1598,1,13,6,1
201420T010084,1,9,0,18,0,0,0,0,0,0,1,1,6,3,-1,-1,-1,-1,-1,-1,-1
201420T010094,1,9,0,18,0,8,0,0,0,0,1,1,6,1,22,5,1397,1,14,10,1
201420T010094,2,9,0,18,0,8,0,0,0,0,1,1,6,2,30,6,1596,1,12,1,1
201420T010104,1,9,0,9,0,1,0,0,0,0,1,1,6,1,30,6,1587,1,11,4,1
201420T010104,2,3,0,18,0,2,0,0,0,0,1,1,6,1,48,8,124,1,-1,5,1
201420T010144,1,9,0,9,0,6,0,0,0,0,3,1,1,1,55,8,2148,2,10,3,1
201420T010144,2,9,0,16,0,8,0,0,0,0,1,1,6,2,43,7,1398,1,4,5,1
201420T010174,1,9,0,1,9,8,0,0,0,0,2,1,6,1,-1,-1,1896,2,8,-1,-1
201420T010274,1,9,0,9,0,8,0,0,0,0,1,1,6,1,-1,-1,1762,1,18,-1,-1
201420T010274,2,9,0,7,0,8,0,0,0,0,1,1,6,2,32,6,1995,2,8,10,1
201420T010374,1,9,0,18,0,8,0,0,1,7,3,1,2,2,23,5,1240,1,11,1,1
201420T010374,2,9,0,18,0,8,0,0,0,0,1,1,6,1,-1,-1,1242,1,14,-1,-1
201420T010454,1,9,0,17,0,8,0,0,0,0,1,1,2,1,27,6,1910,2,9,7,1
201420T010454,2,9,0,8,0,6,0,0,0,0,1,1,2,2,19,4,1240,1,11,2,1
201420T010484,1,9,0,1,9,2,0,0,0,0,2,1,6,1,-1,-1,1797,8,2,-1,-1
201420T010494,1,9,0,18,0,8,0,0,0,0,1,1,6,1,18,4,1242,1,1,7,1
201420T010494,2,9,0,18,0,8,0,0,0,0,3,1,6,2,27,6,1198,1,8,1,1
201420T010534,1,9,0,13,0,0,0,0,0,0,1,1,6,1,21,5,1388,1,11,3,1
201420T010534,2,9,0,18,0,0,0,0,0,0,1,1,6,2,70,10,999,1,5,-1,-1
201420T010554,1,9,0,6,0,0,0,0,0,0,1,1,6,2,45,7,1997,1,10,4,1
201420T010554,2,5,0,18,0,0,0,0,0,0,1,1,6,1,22,5,599,1,20,1,1
201420T010564,1,19,0,18,0,3,0,0,1,0,1,1,1,1,23,5,2299,2,1,5,1
201420T010774,1,8,0,18,0,8,0,0,0,0,4,1,6,1,60,9,2499,1,7,2,1
201420T010774,2,1,0,18,0,8,0,0,0,0,3,1,2,1,50,8,-1,-1,-1,4,1
201420T010814,1,9,0,18,0,4,0,0,0,0,3,1,6,2,21,5,998,1,7,8,1
201420T010814,2,1,0,18,0,8,0,0,0,0,1,1,6,1,37,7,-1,-1,-1,2,1
201420T010834,1,9,0,18,0,3,0,0,0,0,1,1,6,1,42,7,2926,2,10,4,1
201420T010834,2,9,0,3,0,3,0,0,0,0,2,1,1,1,37,7,1995,2,8,2,1
201420T010844,1,9,0,18,0,3,0,0,0,0,2,1,6,1,-1,-1,1968,2,9,-1,-1
201420T010844,2,9,0,18,0,3,0,0,0,0,1,1,6,1,40,7,2495,2,11,5,3
201420T010894,1,9,0,18,0,1,0,0,0,0,1,1,6,1,-1,-1,-1,-1,-1,-1,-1
201420T010894,2,9,0,3,0,1,0,0,0,0,2,1,6,1,32,6,1598,7,7,-1,1
201420T010934,1,9,0,18,0,2,0,0,0,0,1,1,6,2,34,6,1850,1,14,2,1
201420T010934,2,9,0,18,0,2,0,0,0,0,1,1,6,2,-1,-1,-1,-1,-1,-1,-1
201420T011004,1,9,0,18,0,1,0,0,1,7,4,1,6,1,19,4,1198,1,12,1,1
201420T011004,2,9,0,7,0,5,0,0,0,0,0,1,6,3,-1,-1,-1,-1,-1,-1,-1
201420T011034,1,19,0,7,0,6,0,0,0,0,1,1,1,1,43,7,-1,-1,-1,-1,-1
201420T011034,2,9,0,18,0,8,1,0,1,10,4,1,1,2,-1,-1,1598,1,10,-1,-1
201420T011034,3,9,0,2,0,2,0,0,0,0,2,1,6,1,-1,-1,1598,1,8,3,1
201420T011044,1,9,0,18,0,0,0,0,0,0,1,1,6,1,18,4,-1,-1,-1,4,1
201420T011044,2,9,0,18,0,0,0,0,0,0,4,1,6,1,-1,-1,2967,2,1,-1,-1
201420T011134,1,9,0,18,0,0,0,4,0,0,1,1,6,1,67,10,1997,2,10,2,1
201420T011134,2,20,0,2,0,0,0,0,0,0,2,1,6,1,-1,-1,3920,2,12,-1,-1
201420T011174,1,9,0,5,0,8,0,0,0,0,1,1,6,2,41,7,1799,1,7,3,1
201420T011174,2,9,0,18,0,8,1,0,0,0,4,1,6,1,40,7,1398,2,8,1,1
201420T011514,1,9,0,18,0,8,0,0,0,0,1,1,6,2,21,5,1124,1,10,7,1
201420T011514,2,9,0,18,0,8,0,0,0,0,1,1,6,2,-1,-1,-1,-1,-1,-1,-1
201420T011524,1,9,0,5,8,6,0,0,0,0,1,1,6,2,-1,-1,-1,-1,-1,-1,-1
201420T011524,2,9,0,18,0,1,0,0,0,0,1,1,3,1,49,8,-1,-1,-1,1,1
201420T011554,1,11,0,18,0,0,0,0,0,0,0,1,6,1,57,9,9000,2,7,1,1
201420T011954,1,9,0,18,0,6,0,0,0,0,1,1,2,2,23,5,1329,1,4,-1,1
201420T011954,2,9,0,18,0,8,0,0,1,0,3,1,1,1,37,7,1796,1,10,1,1
201420T011964,1,9,0,7,0,6,0,0,0,0,1,1,6,1,-1,-1,1242,1,7,-1,-1
201420T011964,2,9,0,18,0,8,0,0,0,0,1,1,6,1,49,8,1598,1,1,2,1
201420T012054,1,9,0,18,0,2,0,0,0,0,4,1,6,1,44,7,1196,1,19,1,1
201420T012054,2,1,0,18,0,6,0,0,0,0,1,1,6,1,19,4,-1,-1,-1,-1,1
201420T012154,1,9,0,18,0,0,0,0,0,0,2,1,1,1,27,6,1910,2,6,6,1
201420T012174,1,2,0,18,0,0,0,0,0,0,1,1,1,1,20,4,124,1,2,2,1
201420T012644,1,9,0,7,0,6,0,0,0,0,0,1,6,3,-1,-1,1995,2,12,-1,-1
201420T012644,2,9,0,18,0,1,0,0,0,0,0,1,1,1,-1,-1,2993,2,1,-1,-1
201420T012644,3,9,0,18,0,1,0,0,0,0,0,1,6,1,41,7,1994,1,14,2,1
201420T012674,1,8,0,18,0,3,0,0,0,0,1,1,1,1,38,7,1968,2,8,1,1
201420T012674,2,9,0,9,0,3,0,0,0,0,4,1,2,2,50,8,1248,2,5,1,1
201420T012684,1,9,0,18,0,1,0,0,0,0,1,1,6,1,-1,-1,1896,2,13,-1,-1
201420T012684,2,9,0,10,0,1,0,0,0,0,2,1,1,1,38,7,-1,-1,-1,2,1
201420T012694,1,9,0,13,0,0,0,0,0,0,4,1,6,3,-1,-1,-1,-1,-1,-1,-1
201420T012694,2,9,0,18,0,0,0,0,0,0,3,1,1,2,36,7,1198,1,2,3,1
201420T012814,1,9,0,18,0,0,0,0,0,0,1,1,6,2,41,7,1769,1,13,-1,-1
201420T013084,1,9,0,7,0,1,0,0,0,0,4,1,6,3,-1,-1,-1,-1,-1,-1,-1
201420T013094,1,1,0,7,0,2,0,0,0,0,1,1,6,1,27,6,-1,-1,-1,4,1
201420T013094,2,9,0,9,0,1,0,0,0,0,3,1,6,1,-1,-1,-1,-1,-1,-1,-1
201420T013184,1,9,0,9,0,8,0,0,0,0,1,1,6,1,45,7,1339,8,6,3,1
201420T013184,2,9,0,18,0,8,0,0,0,0,1,1,6,2,45,7,1598,1,13,1,1
201420T013194,1,8,0,6,0,8,0,0,0,0,2,1,1,1,41,7,-1,-1,-1,-1,1
201420T013194,2,9,0,18,0,8,0,0,0,0,1,1,6,2,26,6,1968,2,4,2,1
201420T013194,3,8,0,7,0,8,0,0,0,0,2,1,1,1,40,7,2446,2,14,1,1
201420T013244,1,9,0,3,0,1,0,0,0,0,2,1,6,1,29,6,1896,2,6,1,1
201420T013244,2,19,0,18,0,1,0,0,0,0,1,1,6,1,-1,-1,1995,2,2,-1,-1
201420T013264,1,9,0,5,0,2,0,0,0,0,1,1,6,2,39,7,1686,2,11,1,1
201420T013264,2,1,0,18,0,2,0,0,0,0,1,1,2,1,40,7,-1,-1,-1,1,1
201420T013274,1,9,0,18,0,8,0,0,0,0,1,1,6,2,47,8,1390,1,11,3,1
201420T013274,2,9,0,18,0,8,0,0,0,0,4,1,6,1,41,7,1560,2,8,2,1
201420T013284,1,9,0,13,0,4,0,0,0,0,4,1,6,1,73,10,1598,1,13,-1,1
201420T013284,2,9,0,6,0,3,0,0,0,0,3,1,6,2,39,7,1598,2,2,4,1
201420T013294,1,9,0,9,0,8,0,0,0,0,1,1,6,1,32,6,1390,1,18,1,1
201420T013294,2,3,0,14,0,8,0,0,0,0,4,1,2,1,17,4,124,1,1,9,1
201420T013524,1,9,0,18,0,6,0,7,1,0,1,1,6,1,77,11,1200,1,1,2,1
201420T013524,2,9,0,18,0,8,0,0,0,0,1,1,6,1,66,10,1798,1,1,-1,-1
201420T013534,1,9,0,18,0,0,0,0,0,0,1,1,6,1,-1,-1,-1,-1,-1,-1,-1
201420T013704,1,9,0,7,9,6,0,0,0,0,1,1,6,3,-1,-1,2143,2,1,5,1
201420T013744,1,9,0,7,0,2,0,0,0,0,1,1,6,1,-1,-1,1360,1,7,-1,-1
201420T013744,2,9,0,18,0,2,0,10,7,10,2,1,1,1,31,6,-1,-1,-1,-1,1
201420T013754,1,9,0,18,0,0,0,0,0,0,1,1,6,2,52,8,1248,1,1,4,1
201420T013914,1,9,0,18,0,0,0,4,0,0,1,1,6,1,-1,-1,2967,2,2,-1,-1
201420T013914,2,9,0,18,0,0,0,4,0,0,2,1,6,1,26,6,2993,2,7,-1,1
201420T013914,3,9,0,2,0,0,0,0,0,0,3,1,6,3,-1,-1,2902,2,9,-1,-1
201420T013914,4,9,0,2,0,0,0,0,0,0,3,1,6,3,-1,-1,1995,2,9,-1,-1
201420T013914,5,9,0,2,0,0,0,0,0,0,3,1,6,1,-1,-1,-1,-1,-1,-1,-1
201420T013914,6,9,0,18,0,0,0,0,0,0,0,1,1,1,-1,-1,2993,2,1,-1,-1
201420T014154,1,9,0,5,0,4,0,0,0,0,1,1,2,2,50,8,1398,1,2,6,1
201420T014164,1,9,0,1,0,6,0,0,0,0,2,1,6,1,-1,-1,1798,8,2,-1,-1
201420T014174,1,9,0,18,0,0,0,0,0,0,1,1,1,1,45,7,1995,2,3,5,1
201420T014204,1,9,0,1,0,2,0,0,0,0,2,1,6,1,-1,-1,-1,-1,-1,-1,-1
201420T014444,1,9,0,7,0,6,0,0,0,0,1,1,6,1,40,7,1396,1,14,6,1
201420T014444,2,19,0,18,0,8,0,0,0,0,3,1,2,1,26,6,2402,2,7,2,1
201420T014454,1,9,0,18,0,8,0,0,0,0,1,1,1,1,50,8,1870,2,10,10,1
201420T014454,2,9,0,18,0,8,0,0,0,0,2,1,6,2,34,6,1398,1,12,1,1
201420T014604,1,9,0,18,0,1,0,0,0,0,1,1,6,1,-1,-1,-1,-1,-1,-1,-1
201420T014854,1,9,0,14,0,0,0,0,0,0,1,1,6,2,40,7,1598,2,2,-1,-1
201420T014854,2,5,0,18,0,0,0,10,1,4,1,1,6,1,52,8,748,1,36,1,1
201420T014954,1,9,0,18,0,0,0,10,7,2,1,1,6,1,60,9,1388,1,4,-1,-1
201420T015324,1,21,1,1,0,2,0,0,0,0,4,1,6,1,-1,-1,11705,2,6,7,3
201420T015324,2,9,0,10,0,1,0,0,0,0,4,1,6,2,55,8,1248,2,8,2,1
201420T015344,1,3,0,5,0,0,0,0,0,0,1,1,6,1,17,4,125,1,1,6,1
201420T015344,2,9,0,5,0,0,0,0,0,0,2,1,6,2,66,10,1299,1,8,10,1
201420T015354,1,9,0,18,0,8,0,0,0,0,1,1,6,1,20,4,998,1,11,2,1
201420T015354,2,9,0,18,0,8,0,0,0,0,1,1,6,1,59,9,1364,2,9,-1,1