Accident_Index,Vehicle_Reference,Vehicle_Type,Towing_and_Articulation,Vehicle_Manoeuvre,Vehicle_Location-Restricted_Lane,Junction_Location,Skidding_and_Overturning,Hit_Object_in_Carriageway,Vehicle_Leaving_Carriageway,Hit_Object_off_Carriageway,1st_Point_of_Impact,Was_Vehicle_Left_Hand_Drive?,Journey_Purpose_of_Driver,Sex_of_Driver,Age_of_Driver,Age_Band_of_Driver,Engine_Capacity_(CC),Propulsion_Code,Age_of_Vehicle,Driver_IMD_Decile,Driver_Home_Area_Type
201420T028324,2,9,0,18,0,2,0,0,0,0,1,1,6,1,-1,-1,1781,1,15,-1,-1
201420T028334,1,9,0,6,0,8,0,0,0,0,3,1,6,1,33,6,1896,2,14,4,1
201420T028334,2,5,0,13,0,8,0,0,0,0,3,1,6,1,66,10,553,1,18,1,1
201420T028354,1,9,0,18,0,0,0,0,0,0,3,1,6,2,36,7,2987,2,7,5,1
201420T028374,1,9,0,5,0,4,0,0,0,0,1,1,6,1,24,5,1910,2,12,1,1
201420T028374,2,1,0,18,0,3,0,0,0,0,4,1,6,1,47,8,-1,-1,-1,1,1
201420T028384,1,9,0,18,0,8,0,0,0,0,1,1,6,1,31,6,1997,2,12,1,1
201420T028384,2,9,0,10,0,8,0,0,0,0,2,1,6,1,35,6,1762,1,15,1,1
201420T028414,1,9,0,9,0,6,0,0,0,0,0,1,6,1,26,6,1560,2,2,1,1
201420T028414,2,9,0,9,0,6,0,0,0,0,0,1,1,1,44,7,2993,2,1,-1,-1
201420T028414,3,9,0,18,0,8,1,0,0,0,2,1,6,1,45,7,2495,1,11,1,1
201420T028414,4,9,0,18,0,8,0,0,0,0,1,1,6,1,25,5,1596,1,14,1,1
201420T028564,1,9,0,18,0,0,0,0,0,0,4,1,6,1,57,9,1686,2,5,3,1
201420T028854,1,9,0,5,0,8,0,0,0,0,1,1,6,2,22,5,1248,2,7,6,1
201420T028854,2,9,0,18,0,8,0,0,0,0,4,1,2,2,60,9,1397,1,4,9,3
201420T028864,1,9,0,3,0,1,0,0,0,0,2,1,2,2,22,5,1229,1,6,3,1
201420T028864,2,9,0,4,0,1,0,0,0,0,1,1,6,1,-1,-1,1242,1,4,-1,-1
201420T029174,1,9,0,9,0,5,0,0,7,0,4,1,6,1,26,6,2993,2,9,-1,1
201420T029174,2,9,0,9,0,5,0,0,7,10,3,1,6,1,39,7,1596,1,13,2,1
201420T029284,1,9,0,18,0,1,0,0,0,0,2,1,6,1,-1,-1,998,1,18,-1,-1
201420T029284,2,9,0,8,0,1,0,0,0,0,2,1,6,1,26,6,1360,1,5,-1,1
201420T029304,1,5,0,13,0,8,0,0,0,0,1,1,1,1,40,7,599,1,13,10,1
201420T029304,2,9,0,9,0,8,0,0,0,0,3,1,6,1,46,8,1596,1,10,5,1
201420T029464,1,9,0,18,0,1,0,0,0,0,1,1,6,1,35,6,2993,2,-1,6,1
201420T029914,1,9,0,18,0,8,0,0,0,0,1,1,2,1,41,7,998,1,4,6,1
201420T029914,2,9,0,5,0,8,0,0,0,0,4,1,2,1,77,11,2198,2,5,2,1
201420T030154,1,9,0,18,0,0,0,4,0,0,1,1,6,1,29,6,1199,1,13,4,1
201420T030154,2,9,0,18,0,0,0,4,0,0,1,1,6,1,25,5,998,1,1,-1,1
201420T030154,3,19,0,2,9,0,0,0,0,0,3,1,6,1,33,6,2151,2,13,1,1
201420T030184,1,9,0,18,0,1,0,0,0,0,1,1,6,2,45,7,1242,1,17,1,1
201420T030184,2,9,0,4,0,1,0,0,0,0,2,1,6,2,23,5,1229,1,-1,2,1
201420T030484,1,1,0,18,9,0,1,4,1,10,2,1,6,2,26,6,-1,-1,-1,-1,-1
201420T030484,2,9,0,2,6,0,0,0,0,0,2,1,6,1,23,5,973,1,13,-1,-1
201420T030504,1,9,0,18,0,8,1,0,0,0,1,1,2,1,33,6,2979,7,11,1,1
201420T030504,2,3,0,7,0,6,0,0,0,0,1,1,6,1,21,5,-1,-1,-1,-1,-1
201420T030754,1,9,0,17,9,0,1,10,1,5,1,1,6,2,34,6,1799,1,7,8,1
201420T030864,1,9,0,18,0,0,0,4,7,10,4,1,6,1,44,7,1598,1,15,1,1
201420T030864,2,9,0,2,0,0,0,0,0,0,2,1,6,2,-1,-1,1388,1,12,-1,-1
201420T030914,1,1,0,18,0,8,0,0,0,0,1,1,6,2,74,10,-1,-1,-1,1,1
201420T030914,2,9,0,5,0,7,0,0,0,0,1,1,6,1,18,4,1598,2,1,-1,1
201420T030954,1,9,0,9,0,1,0,0,0,0,1,1,6,1,47,8,1796,1,11,3,1
201420T030954,2,9,0,18,0,2,0,0,1,4,3,1,6,1,19,4,-1,-1,-1,5,1
201420T030994,1,9,0,5,0,0,0,0,0,0,1,1,6,1,49,8,1360,1,11,2,1
201420T030994,2,1,0,18,0,0,0,0,0,0,1,1,6,1,5,1,-1,-1,-1,2,1
201420T031044,1,11,0,18,2,1,0,0,0,0,4,1,1,1,-1,-1,6700,2,6,-1,-1
201420T031064,1,9,0,18,0,0,0,0,0,0,1,1,6,1,41,7,1598,1,7,1,1
201420T031124,1,19,0,18,0,8,0,0,0,0,1,1,6,1,29,6,1753,2,11,1,1
201420T031124,2,9,0,7,0,8,0,0,0,0,2,1,6,2,26,6,1995,2,8,2,1
201420T031264,1,19,0,18,0,1,0,4,0,0,1,1,6,1,-1,-1,2198,2,6,-1,-1
201420T031264,2,11,0,2,0,1,0,0,0,0,3,1,1,1,44,7,8268,2,13,1,1
201420T031294,1,9,0,13,0,0,0,0,0,0,1,1,6,3,-1,-1,1596,1,7,-1,-1
201420T031294,2,1,0,18,0,0,0,0,0,0,1,1,6,2,23,5,-1,-1,-1,1,1
201420T031314,1,19,0,5,0,1,0,0,0,0,1,1,1,1,60,9,2300,2,9,7,1
201420T031314,2,9,0,3,0,1,0,0,0,0,2,1,6,2,26,6,1242,1,2,4,1
201420T031364,1,9,0,18,0,6,0,0,0,0,1,1,6,1,18,4,1149,1,13,1,1
201420T031364,2,9,0,18,0,8,0,0,0,0,3,1,1,1,19,4,1229,1,5,1,1
201420T031374,1,9,0,18,0,8,0,0,0,0,1,1,6,1,45,7,1596,1,10,4,1
201420T031374,2,9,0,18,0,8,0,0,0,0,1,1,6,2,20,4,998,1,4,10,1
201420T031434,1,9,0,9,0,6,0,0,0,0,1,1,6,1,17,4,1590,1,13,-1,1
201420T031434,2,9,0,18,0,8,0,0,0,0,4,1,6,2,19,4,1229,1,3,1,1
201420T031474,1,9,0,9,0,8,0,7,4,2,1,1,3,2,40,7,1896,2,13,1,1
201420T031484,1,9,0,18,0,0,0,0,0,0,1,1,1,2,35,6,1769,1,13,3,2
201420T031484,2,9,0,4,0,0,0,0,0,0,2,1,1,2,51,8,1149,1,10,1,1
201420T031494,1,9,0,18,0,0,0,0,0,0,1,1,6,2,35,6,1762,1,15,1,1
201420T031514,1,9,0,9,0,5,0,0,0,0,4,1,6,1,54,8,2720,2,9,1,1
201420T031514,2,9,0,18,0,8,0,0,0,0,1,1,6,2,38,7,2000,2,3,4,1
201420T031524,1,9,0,1,0,0,0,0,0,0,4,1,6,1,32,6,1390,1,5,1,1
201420T031524,2,9,0,18,0,0,0,0,0,0,1,1,6,2,72,10,1598,1,5,2,1
201420T031544,1,9,0,18,0,1,0,0,0,0,1,1,6,1,50,8,2926,2,12,9,2
201420T031544,2,9,0,18,0,1,0,0,0,0,2,1,6,1,32,6,1968,2,6,-1,3
201420T031564,1,9,0,5,0,1,0,0,0,0,1,1,3,1,43,7,1995,2,9,-1,1
201420T031564,2,9,0,2,0,1,0,0,0,0,0,1,3,2,35,6,1598,1,9,-1,-1
201420T031924,1,9,0,18,0,1,0,0,0,0,1,1,6,1,-1,-1,-1,-1,-1,-1,-1
201420T031924,2,21,1,7,0,5,0,0,0,0,2,1,1,1,47,8,12740,2,3,9,3
201420T032004,1,9,0,1,9,1,0,0,0,0,2,1,6,1,-1,-1,998,1,14,-1,-1
201420T032684,1,19,0,18,0,0,0,0,0,0,4,1,6,1,27,6,-1,-1,-1,-1,-1
201420T032704,1,9,0,18,0,8,0,0,0,0,1,1,6,3,-1,-1,1124,1,13,-1,-1
201420T032704,2,9,0,18,0,8,0,0,0,0,3,1,2,1,28,6,2979,1,-1,3,1
201420T032704,3,9,0,18,0,8,0,0,0,0,4,1,2,1,20,4,1198,1,4,-1,2
201420T032804,1,9,0,18,0,0,0,0,0,0,1,1,6,1,31,6,1598,1,13,5,1
201420T032844,1,9,0,13,0,0,1,0,0,0,3,1,6,1,31,6,2000,1,15,-1,-1
201420T032844,2,9,0,6,0,0,0,0,0,0,1,1,6,1,27,6,998,1,14,1,1
201420T032864,1,9,0,18,0,0,0,0,0,0,3,1,6,1,42,7,1995,2,8,1,1
201420T032904,1,9,0,3,0,1,0,0,0,0,1,1,6,2,23,5,1206,1,1,1,1
201420T033524,1,9,0,5,0,0,0,0,0,0,1,1,6,1,-1,-1,1896,2,8,1,1
201420T033524,2,9,0,18,0,0,0,0,0,0,4,1,2,1,38,7,1968,2,5,1,1
201420T033544,1,9,0,16,0,0,0,10,7,2,4,1,6,2,21,5,998,1,12,4,1
201420T033674,1,21,1,7,0,1,0,0,0,0,1,2,1,1,-1,-1,-1,-1,-1,-1,-1
201420T033674,2,9,0,10,0,1,0,0,0,0,2,1,6,1,46,8,1197,1,2,2,1
201420T033704,1,9,0,4,0,0,0,4,1,0,1,1,6,2,48,8,1396,1,15,2,1
201420T033704,2,9,0,2,0,0,0,4,0,0,2,1,6,1,25,5,1896,2,7,10,2
201420T033704,3,9,0,2,0,0,0,4,0,0,1,1,6,1,41,7,1896,2,12,-1,1
201420T033724,1,9,0,9,0,5,0,0,0,0,4,1,6,1,60,9,1396,1,15,-1,1
201420T033724,2,3,0,18,0,8,0,0,0,0,1,1,1,1,20,4,124,1,6,1,1
201420T033744,1,9,0,18,0,8,0,0,0,0,4,1,2,1,20,4,1248,2,9,5,1
201420T033744,2,9,0,18,0,8,0,0,0,0,1,1,2,1,41,7,1753,2,10,8,1
201420T034014,1,9,0,18,0,0,0,0,0,0,1,1,6,1,-1,-1,1999,1,6,-1,-1
201420T034014,2,9,0,3,0,0,0,0,0,0,2,1,6,2,31,6,1968,2,2,1,1
201420T034384,1,3,0,18,0,0,2,8,0,0,4,1,6,1,-1,-1,124,1,3,-1,-1
201420T034384,2,9,0,2,0,0,0,0,0,0,3,1,3,2,30,6,1995,2,14,1,1
201420T034434,1,9,0,5,0,0,0,0,0,0,4,1,2,1,34,6,1397,1,2,4,1
201420T034434,2,1,0,18,0,0,0,0,0,0,1,1,4,1,10,2,-1,-1,-1,1,1
201420T034494,1,19,0,18,0,2,0,0,0,0,3,1,1,1,-1,-1,2148,2,8,1,1
201420T034514,1,9,0,18,0,8,1,7,0,0,1,1,6,1,33,6,1398,2,6,1,1
201420T034514,2,9,0,1,0,8,0,0,0,0,1,1,6,1,54,8,1896,2,15,1,1
201420T034554,1,20,0,9,0,8,0,0,0,0,1,1,1,1,46,8,5880,2,1,7,1
201420T034814,1,9,0,1,9,0,0,0,0,0,2,1,3,2,-1,-1,2488,2,6,1,1
201420T034824,1,3,0,18,0,4,0,0,1,10,4,1,6,1,34,6,124,1,5,1,1
201420T034824,2,9,0,7,0,4,0,0,0,0,1,1,6,1,-1,-1,1596,1,1,-1,-1
201420T034834,1,9,0,5,0,3,0,0,0,0,1,1,6,1,42,7,1995,1,12,1,1
201420T035004,1,9,0,18,0,2,0,0,0,0,1,1,1,2,29,6,1124,1,11,1,1
201420T035014,1,9,0,18,0,6,5,0,0,0,4,1,6,2,24,5,998,1,2,1,1
201420T035014,2,9,0,18,0,8,0,0,0,0,1,1,6,2,27,6,1390,1,1,1,1
201420T035024,1,9,0,18,0,3,0,0,1,2,1,1,3,1,31,6,1388,1,12,2,1
201420T035034,1,9,0,5,0,8,0,0,0,0,1,1,6,2,43,7,1796,1,11,6,1
201420T035034,2,9,0,18,0,8,0,0,0,0,4,1,6,2,34,6,1995,2,-1,1,1
201420T035064,1,19,0,18,0,1,1,4,0,0,1,1,1,1,33,6,1248,2,2,1,1
201420T035064,2,9,0,7,0,6,0,0,0,0,1,1,1,2,34,6,1390,1,11,10,1
201420T035064,3,9,0,2,0,8,0,0,0,0,2,1,1,2,58,9,1527,2,12,1,1
201420T035084,1,10,0,11,0,0,0,0,0,0,4,1,1,1,60,9,2500,2,6,2,1
201420T035084,2,9,0,18,0,0,0,0,6,0,3,1,2,2,27,6,1242,1,1,7,1
201420T035174,1,9,0,18,0,1,0,0,0,0,1,1,6,3,-1,-1,-1,-1,-1,-1,-1
201420T035214,1,9,0,18,0,0,0,0,0,0,4,1,2,1,45,7,1998,2,8,5,1
201420T035214,2,1,0,14,0,0,0,0,0,0,3,1,2,2,49,8,-1,-1,-1,2,1
201420T035264,1,9,0,9,0,6,0,0,0,0,1,1,2,2,23,5,1242,1,12,4,1
201420T035264,2,9,0,18,0,8,0,0,0,0,3,1,2,1,44,7,2143,2,1,9,1
201420T035364,1,8,0,17,0,8,0,10,1,10,3,1,1,1,72,10,1995,2,9,1,1
201420T035364,2,9,0,9,0,6,0,0,0,0,1,1,6,3,-1,-1,-1,-1,-1,-1,-1
201420T035384,1,9,0,4,0,0,0,0,0,0,1,1,6,1,27,6,1560,2,9,3,1
201420T035384,2,9,0,3,0,0,0,0,0,0,2,1,6,1,29,6,1398,1,2,1,1
201420T035384,3,9,0,18,0,0,0,0,0,0,1,1,6,1,60,9,1995,2,7,-1,-1
201420T035484,1,9,0,18,0,1,0,0,0,0,3,1,6,1,63,9,1596,1,8,3,1
201420T035484,2,9,0,18,0,2,0,0,0,0,1,1,6,1,23,5,1900,2,9,1,1
201420T035504,1,9,0,18,9,1,0,0,1,3,1,1,6,2,28,6,1229,1,8,1,1
201420T035744,1,9,0,18,0,2,1,0,0,0,1,1,6,1,20,4,2204,2,5,1,1
201420T035784,1,9,0,5,0,0,0,0,0,0,1,1,6,2,-1,-1,-1,-1,-1,-1,-1
201420T035964,1,9,0,18,9,8,0,0,0,0,3,1,1,2,43,7,1796,1,11,5,1
201420T035964,2,1,0,18,9,8,0,0,0,0,1,1,6,1,12,3,-1,-1,-1,1,1
201420T035994,1,9,0,9,0,6,0,0,0,0,3,1,6,1,19,4,2198,1,12,1,1
201420T035994,2,9,0,18,0,8,0,0,0,0,1,1,6,1,36,7,1995,2,9,4,1
201420T036014,1,9,0,9,0,6,0,0,0,0,3,1,6,1,51,8,1956,2,1,1,1
201420T036014,2,8,0,18,0,8,0,0,0,0,1,1,1,1,49,8,1997,2,13,1,1
201420T036034,1,9,0,4,0,0,0,0,1,0,2,1,6,1,42,7,1339,8,9,5,1
201420T036034,2,9,0,18,0,0,0,0,0,0,1,1,6,1,21,5,1390,1,10,1,1
201420T036034,3,9,0,18,0,0,0,0,0,0,0,1,6,3,-1,-1,-1,-1,-1,-1,-1
201420T036144,1,9,0,18,0,4,0,0,0,0,3,1,6,2,23,5,1968,2,7,5,1
201420T036144,2,9,0,18,0,8,0,0,0,0,4,1,6,1,57,9,1995,2,11,1,1
201420T036224,1,9,0,17,0,0,5,0,2,10,1,1,6,1,31,6,1598,2,1,1,1
201420T036244,1,9,0,5,0,8,0,0,0,0,1,1,6,2,33,6,1195,1,16,1,1
201420T036244,2,9,0,18,0,8,0,0,0,0,1,1,6,2,27,6,998,1,15,1,1
201420T036304,1,9,0,9,0,8,0,0,0,0,1,1,6,1,23,5,1149,1,12,1,1
201420T036304,2,9,0,18,0,8,0,0,0,0,4,1,6,1,53,8,1598,1,1,1,1
201420T036314,1,9,0,18,0,1,0,0,0,0,1,1,6,2,33,6,1388,1,8,6,1
201420T036314,2,9,0,3,0,1,0,0,0,0,2,1,1,2,46,8,1497,1,13,4,1
201420T036314,3,9,0,3,0,1,0,0,0,0,2,1,6,2,49,8,1339,1,9,1,1
201420T036344,1,9,0,17,0,0,0,4,0,0,3,1,6,1,24,5,1242,1,7,1,1
201420T036344,2,9,0,2,0,0,0,0,0,0,4,1,6,1,-1,-1,2993,2,5,3,1
201420T036394,1,9,0,9,0,8,1,0,0,0,4,1,6,1,25,5,996,1,-1,1,1
201420T036394,2,9,0,18,0,8,0,0,0,0,1,1,6,2,21,5,1598,1,-1,1,1
201420T036434,1,11,0,18,0,0,0,0,0,0,1,1,6,1,-1,-1,-1,-1,-1,-1,-1
201420T036464,1,9,0,7,0,4,0,0,0,0,1,1,2,1,41,7,1360,1,12,1,1
201420T036464,2,3,0,18,0,8,0,0,0,0,2,1,2,2,60,9,124,1,3,2,1
201420T036474,1,9,0,2,9,0,0,0,0,0,0,1,6,2,42,7,1998,2,9,5,1
201420T036504,1,9,0,4,0,1,0,0,0,0,4,1,6,2,27,6,1796,1,7,1,1
201420T036544,1,9,0,9,0,4,0,0,0,0,1,1,6,1,34,6,1995,2,9,1,1
201420T036544,2,9,0,9,0,3,0,0,0,0,1,1,6,3,-1,-1,1870,2,11,-1,-1
201420T036564,1,9,0,6,0,1,0,0,0,0,3,1,6,1,-1,-1,1988,1,11,-1,-1
201420T036564,2,5,0,13,0,1,0,0,0,0,4,1,6,1,51,8,1250,1,12,2,1
201420T036604,1,9,0,9,0,5,0,0,0,0,1,1,6,2,39,7,1329,1,4,2,1
201420T036604,2,9,0,18,0,8,0,0,0,0,1,1,6,1,21,5,1995,2,8,4,1
201420T036634,1,9,0,9,0,8,0,0,0,0,3,1,2,2,58,9,3456,8,4,9,1
201420T036634,2,9,0,18,0,8,0,0,0,0,1,1,1,1,34,6,1794,1,8,4,1
201420T036684,1,9,0,18,0,8,1,0,0,0,1,1,2,1,38,7,2148,2,12,6,1
201420T036684,2,9,0,9,0,6,0,0,1,4,3,1,6,2,45,7,1560,2,3,2,1
201420T036714,1,9,0,18,0,8,0,0,0,0,1,1,6,2,24,5,1388,1,8,1,1
201420T036714,2,1,0,18,0,8,0,0,0,0,1,1,6,1,26,6,-1,-1,-1,1,1
201420T036844,1,9,0,9,0,3,0,0,0,0,1,1,6,1,25,5,1795,1,10,1,1
201420T037004,1,9,0,18,0,0,0,0,0,0,4,1,6,3,-1,-1,-1,-1,-1,-1,-1
201420T037014,1,1,0,18,5,8,0,0,0,0,1,1,6,1,20,4,-1,-1,-1,1,1
201420T037014,2,8,0,7,0,8,0,0,0,0,1,1,1,1,-1,-1,1896,2,9,-1,-1
201420T037334,1,9,0,18,0,1,0,0,0,0,1,1,6,1,-1,-1,1997,2,12,-1,-1
201420T037334,2,9,0,3,0,1,0,0,0,0,2,1,6,2,41,7,1422,2,11,1,1
201420T037754,1,9,0,18,0,0,0,0,0,0,1,1,6,2,24,5,973,1,14,3,1
201420T037754,2,9,0,3,0,0,0,0,0,0,2,1,1,1,30,6,1598,1,5,-1,-1
201420T038094,1,9,0,18,0,2,0,0,0,0,1,1,6,1,65,9,1339,1,3,10,1
201420T038094,2,9,0,3,0,1,0,0,0,0,1,1,6,2,25,5,1229,1,7,-1,-1
201420T038104,1,9,0,18,0,0,0,0,0,0,1,1,6,1,21,5,1390,1,23,1,1
201420T038134,1,9,0,18,0,4,0,0,0,0,3,1,2,1,57,9,1329,1,1,5,1
201420T038134,2,1,0,9,0,3,0,0,0,0,4,1,2,1,27,6,-1,-1,-1,1,1
201420T038364,1,1,0,18,0,0,0,0,0,0,1,1,6,1,8,2,-1,-1,-1,1,1
201420T038364,2,8,0,5,0,0,0,0,0,0,1,1,1,1,36,7,1968,2,6,1,1
201420T038404,1,9,0,18,0,1,0,0,0,0,1,1,6,2,-1,-1,1596,1,14,3,1
201420T038404,2,8,0,10,0,1,0,0,0,0,2,1,2,1,55,8,2664,2,17,3,1
201420T038404,3,9,0,18,0,2,0,0,0,0,3,1,6,1,20,4,998,1,2,10,1
201420T038554,1,9,0,9,0,6,0,0,0,0,1,1,6,1,-1,-1,-1,-1,-1,-1,-1
201420T038894,1,9,0,14,0,0,0,0,0,0,1,1,6,1,31,6,1999,1,20,1,1
201420T038894,2,3,0,18,0,0,0,0,0,0,1,1,6,1,17,4,125,1,3,8,1
201420T039204,1,9,0,7,0,6,0,0,0,0,1,1,1,2,26,6,998,1,10,2,1
201420T039204,2,1,0,12,0,2,0,0,0,0,2,1,1,1,42,7,-1,-1,-1,2,1
201420T039434,1,9,0,4,0,0,0,0,0,0,1,1,1,2,19,4,1149,1,11,-1,-1
201420T039434,2,8,0,3,0,0,0,0,0,0,2,1,1,1,44,7,1984,7,9,4,1
201420T039444,1,9,0,18,0,8,0,0,0,0,1,1,6,3,-1,-1,-1,-1,-1,-1,-1
201420T039444,2,9,0,18,0,8,0,0,0,0,4,1,6,1,45,7,1896,2,9,2,1
201420T039454,1,9,0,5,0,4,0,0,0,0,2,1,6,1,54,8,1589,1,16,2,1
201420T039454,2,9,0,5,0,4,0,0,0,0,1,1,6,1,-1,-1,1396,1,11,1,1
201420T039544,1,9,0,5,9,6,0,0,1,10,1,1,6,2,72,10,999,1,6,3,1
201420T039554,1,1,0,18,0,3,0,0,0,0,3,1,6,1,27,6,-1,-1,-1,1,1
201420T039554,2,10,0,5,0,4,0,0,0,0,1,1,3,1,-1,-1,-1,-1,-1,-1,-1
201420T039734,1,3,0,7,0,2,0,7,7,7,1,1,6,1,17,4,124,1,2,2,1
201420T039754,1,9,0,1,0,1,0,0,0,0,2,1,1,1,50,8,1896,2,9,1,1
201420T039784,1,9,0,18,0,1,0,0,0,0,4,1,6,1,-1,-1,-1,-1,-1,-1,-1
201420T039824,1,9,0,18,0,0,0,0,0,0,4,1,6,1,47,8,1461,2,7,3,1
201420T039824,2,1,0,18,0,0,0,0,0,0,1,1,6,1,13,3,-1,-1,-1,1,1
201420T039854,1,9,0,18,0,1,0,0,0,0,1,1,6,1,-1,-1,1686,2,9,-1,-1
201420T039854,2,9,0,18,0,1,0,0,0,0,2,1,6,2,21,5,996,1,5,2,1
201420T039924,1,8,0,18,0,0,1,0,0,0,3,1,6,1,38,7,2664,2,15,1,1
201420T039934,1,9,0,18,0,0,5,0,0,0,1,1,2,1,27,6,1781,1,12,1,1
201420T039934,2,9,0,18,0,0,0,0,0,0,2,1,2,2,35,6,1598,1,11,3,1
201420T039934,3,9,0,18,0,0,0,0,0,0,3,1,2,1,69,10,-1,-1,-1,-1,1
201420T040014,1,5,0,14,0,0,0,0,0,0,1,1,6,1,25,5,600,1,17,1,1
201420T040014,2,9,0,5,0,0,0,0,0,0,1,1,6,1,30,6,1753,2,4,7,1
201420T040014,3,19,0,3,0,0,0,0,0,0,0,1,6,1,33,6,1910,2,12,2,1
201420T040194,1,9,0,5,0,0,0,0,0,0,1,1,6,1,33,6,1560,2,8,1,1
201420T040194,2,1,0,18,0,0,0,0,0,0,3,1,6,2,6,2,-1,-1,-1,2,1
201420T040464,1,9,0,5,0,6,0,0,0,0,3,1,6,2,27,6,1995,2,7,-1,1
201420T040464,2,5,0,18,0,8,0,0,0,0,1,1,6,1,29,6,600,1,14,1,1
201420T040594,1,4,0,16,0,0,1,0,0,0,1,1,6,1,24,5,599,1,19,1,1
201420T040594,2,9,0,17,0,0,0,0,0,0,1,1,6,1,35,6,1598,1,8,6,1
201420T040674,1,9,0,9,0,8,0,0,0,0,1,1,6,1,-1,-1,1796,1,11,1,1
201420T040764,1,9,0,18,0,0,0,0,0,0,1,1,6,1,41,7,1598,1,10,1,1
201420T040764,2,1,0,18,0,0,0,0,0,0,3,1,6,1,26,6,-1,-1,-1,1,1
201420T040784,1,5,0,17,9,1,0,0,1,10,1,1,6,1,23,5,599,1,15,-1,-1
201420T040784,2,9,0,2,9,1,0,0,0,0,1,1,6,1,71,10,1598,1,4,1,1
201420T040804,1,9,0,18,0,8,1,0,0,0,1,1,2,1,29,6,1998,1,3,3,1
201420T040804,2,9,0,5,0,6,1,0,0,0,1,1,6,1,24,5,1198,1,-1,1,1
201420T040834,1,9,0,9,0,6,0,0,0,0,1,1,6,1,60,9,1598,1,13,1,1
201420T040834,2,9,0,18,0,8,0,0,0,0,4,1,6,2,26,6,1339,1,8,2,1
201420T040834,3,9,0,2,0,1,0,0,0,0,0,1,6,3,-1,-1,1896,2,10,1,1
201420T040844,1,3,0,12,0,8,2,4,0,0,1,1,6,1,26,6,124,1,1,2,1
201420T040844,2,9,0,4,0,8,0,0,0,0,1,1,1,1,48,8,1598,2,1,1,1
201420T040844,3,9,0,2,0,8,0,0,0,0,4,1,6,2,-1,-1,1910,2,6,-1,-1
201420T040854,1,9,0,5,0,0,0,0,0,0,1,1,6,3,-1,-1,-1,-1,-1,-1,-1
201420T040854,2,9,0,3,0,0,0,0,0,0,2,1,6,2,53,8,1598,1,12,3,1
201420T040994,1,9,0,14,0,2,0,0,0,0,1,1,6,1,61,9,1339,8,9,3,1
201420T041034,1,9,0,9,0,3,0,0,0,0,2,1,6,1,21,5,1968,2,6,3,1
201420T041034,2,9,0,18,0,4,0,0,0,0,1,1,6,1,23,5,1242,1,-1,2,1
201420T041134,1,9,0,5,0,0,0,0,0,0,2,1,6,1,28,6,1422,2,9,1,1
201420T041134,2,3,0,18,0,0,0,0,4,0,1,1,6,1,26,6,125,1,9,7,1
201420T041164,1,9,0,18,0,0,0,0,0,0,3,1,6,2,21,5,1390,1,5,-1,-1
201420T041234,1,3,0,9,0,8,2,10,0,0,1,1,6,1,23,5,124,1,14,-1,-1
201420T041234,2,9,0,16,0,8,0,0,0,0,3,1,2,2,53,8,1124,1,13,3,1
201420T041244,1,19,0,13,0,1,0,0,0,0,4,1,6,3,-1,-1,-1,-1,-1,-1,-1
201420T041244,2,1,0,18,0,1,0,0,0,0,2,1,1,1,21,5,-1,-1,-1,1,1
201420T041254,1,9,0,18,0,0,0,0,0,0,3,1,6,1,29,6,-1,-1,-1,6,1
201420T041274,1,21,0,18,0,2,0,0,0,0,1,1,1,1,27,6,11967,2,2,-1,-1
201420T041314,1,9,0,18,0,0,1,10,1,4,1,1,6,1,28,6,1149,1,6,-1,-1
201420T041314,2,9,0,18,0,0,0,0,0,0,0,1,1,1,-1,-1,2993,2,1,-1,-1
201420T041334,1,9,0,18,0,0,0,0,0,0,1,1,6,1,41,7,2179,2,5,4,1
201420T041354,1,9,0,18,0,0,1,10,7,2,1,1,6,3,-1,-1,1998,1,11,-1,-1
201420T041524,1,9,0,18,0,0,0,0,0,0,1,1,6,1,45,7,2000,2,10,5,1
201420T041554,1,9,0,18,0,8,1,0,0,0,3,1,6,1,-1,-1,2987,2,6,-1,-1
201420T041554,2,9,0,13,0,8,1,0,0,0,4,1,6,1,24,5,1242,1,11,1,1
201420T041654,1,19,0,9,0,6,0,0,0,0,3,1,1,1,27,6,1995,2,1,1,1
201420T041654,2,11,0,18,0,8,0,0,0,0,1,1,1,1,66,10,6700,2,4,-1,-1
201420T042164,1,9,0,18,0,8,0,0,0,0,3,1,6,1,30,6,998,1,15,5,1
201420T042164,2,1,0,18,0,8,2,0,0,0,1,1,1,1,27,6,-1,-1,-1,1,1
201420T042184,1,9,0,18,0,1,0,0,0,0,1,1,6,2,-1,-1,-1,-1,-1,-1,-1
201420T042274,1,9,0,13,0,1,0,0,0,0,1,1,6,1,-1,-1,-1,-1,-1,-1,-1
201420T042274,2,9,0,9,0,1,0,0,0,0,3,1,1,2,32,6,1108,1,7,3,1
201420T042334,1,9,0,7,0,2,0,0,0,0,1,1,6,1,38,7,1590,1,11,2,1
201420T042334,2,9,0,18,0,1,0,0,0,0,1,1,6,1,51,8,1794,1,10,1,1
201420T042554,1,9,0,18,0,0,0,0,0,0,3,1,6,1,-1,-1,-1,-1,-1,-1,-1