Accident_Index,Vehicle_Reference,Vehicle_Type,Towing_and_Articulation,Vehicle_Manoeuvre,Vehicle_Location-Restricted_Lane,Junction_Location,Skidding_and_Overturning,Hit_Object_in_Carriageway,Vehicle_Leaving_Carriageway,Hit_Object_off_Carriageway,1st_Point_of_Impact,Was_Vehicle_Left_Hand_Drive?,Journey_Purpose_of_Driver,Sex_of_Driver,Age_of_Driver,Age_Band_of_Driver,Engine_Capacity_(CC),Propulsion_Code,Age_of_Vehicle,Driver_IMD_Decile,Driver_Home_Area_Type
201420T053404,1,9,0,18,0,4,0,0,0,0,1,1,6,1,20,4,1396,1,9,7,1
201420T053404,2,9,0,18,0,4,0,0,0,0,3,1,6,2,21,5,1390,1,9,5,1
201420T053464,1,9,0,18,0,1,0,0,0,0,1,1,6,1,-1,-1,1339,1,8,-1,-1
201420T053484,1,3,0,13,0,8,0,0,0,0,1,1,6,1,31,6,124,1,3,7,1
201420T053484,2,9,0,9,0,8,0,0,0,0,3,1,3,2,30,6,1595,1,1,-1,1
201420T053504,1,9,0,18,0,2,0,0,0,0,1,1,6,1,22,5,998,1,15,2,1
201420T053524,1,9,0,2,0,1,0,0,0,0,2,1,6,1,23,5,2993,2,4,7,1
201420T053524,2,9,0,1,0,1,0,4,0,0,2,1,6,1,-1,-1,1781,1,9,-1,-1
201420T053554,1,9,0,8,0,1,0,0,0,0,2,1,2,2,54,8,998,1,1,1,1
201420T053554,2,9,0,18,0,1,0,0,0,0,1,1,6,2,-1,-1,1229,1,8,-1,-1
201420T053644,1,9,0,5,0,1,0,0,0,0,1,1,6,1,52,8,1339,1,6,6,1
201420T053654,1,9,0,18,0,0,0,0,0,0,1,1,6,1,-1,-1,1149,1,11,-1,-1
201420T053654,2,8,0,18,0,0,0,0,0,0,1,1,6,1,35,6,1794,1,8,2,1
201420T053674,1,9,0,18,0,6,0,0,3,0,1,1,3,2,34,6,2400,2,4,8,1
201420T053674,2,9,0,18,0,8,1,0,0,0,4,1,1,1,27,6,2191,2,1,2,1
201420T053694,1,9,0,18,0,1,0,4,0,0,1,1,6,2,21,5,973,1,11,1,1
201420T053694,2,8,0,2,6,1,0,4,0,0,2,1,6,1,41,7,1910,2,7,2,1
201420T053694,3,9,0,2,6,1,0,4,0,0,2,1,6,3,-1,-1,1984,1,13,-1,-1
201420T053704,1,9,0,3,0,1,0,0,0,0,2,1,3,2,31,6,-1,-1,-1,6,1
201420T053704,2,9,0,4,0,1,0,0,0,0,1,1,6,1,-1,-1,1988,1,9,-1,-1
201420T053724,1,9,0,5,0,6,0,0,0,0,3,1,6,2,20,4,1229,1,8,1,1
201420T053724,2,9,0,18,0,8,0,0,0,0,1,1,2,1,38,7,1910,2,5,1,1
201420T053774,1,9,0,18,0,3,0,0,0,0,1,1,6,1,-1,-1,-1,-1,-1,-1,-1
201420T053784,1,5,0,15,0,0,5,0,0,0,3,1,6,1,36,7,998,1,9,6,1
201420T053784,2,9,0,11,0,0,0,0,0,0,0,1,6,3,-1,-1,2993,2,6,-1,-1
201420T053804,1,9,0,18,0,0,0,0,0,0,1,1,6,1,-1,-1,1900,2,15,2,1
201420T053804,2,1,0,18,0,0,0,0,0,0,1,1,6,1,11,3,-1,-1,-1,2,1
201420T053884,1,9,0,5,0,8,0,0,0,0,4,1,6,2,53,8,1600,2,4,4,1
201420T053884,2,9,0,18,0,8,0,0,0,0,1,1,6,2,77,11,796,1,8,3,1
201420T053904,1,9,0,5,0,6,0,0,0,0,1,1,6,3,-1,-1,-1,-1,-1,-1,-1
201420T053904,2,9,0,18,0,8,0,4,7,10,1,1,6,1,38,7,998,1,12,1,1
201420T053944,1,9,0,18,0,0,0,0,0,0,1,1,6,1,-1,-1,2616,1,11,-1,-1
201420T053944,2,9,0,5,0,0,0,0,0,0,3,1,6,1,55,8,1968,2,10,7,1
201420T053954,1,19,0,18,0,1,1,0,0,0,1,1,1,1,42,7,2198,2,-1,7,1
201420T054044,1,19,0,18,0,1,0,0,0,0,4,1,6,1,27,6,2494,2,10,4,1
201420T054174,1,9,0,18,0,8,0,0,0,0,3,1,6,1,41,7,1598,1,12,1,1
201420T054174,2,9,0,18,0,8,0,0,0,0,1,1,6,3,-1,-1,1493,1,15,-1,-1
201420T054384,1,9,0,9,0,5,1,0,1,0,4,1,1,1,29,6,998,1,16,5,1
201420T054384,2,9,0,18,0,8,1,0,0,0,1,1,6,1,22,5,1396,1,9,1,1
201420T054484,1,9,0,18,0,0,0,0,0,0,3,1,6,1,25,5,1995,2,6,1,1
201420T054494,1,9,0,13,0,8,0,0,7,5,1,1,6,1,42,7,1988,7,9,-1,-1
201420T054494,2,9,0,9,0,8,0,0,0,0,3,1,6,1,24,5,3226,2,14,7,1
201420T054524,1,9,0,18,0,0,0,4,0,0,1,1,6,1,58,9,1398,1,3,1,1
201420T054524,2,9,0,2,0,0,0,4,0,0,2,1,6,2,35,6,1461,2,2,1,1
201420T054524,3,9,0,2,0,0,0,4,0,0,2,1,6,1,71,10,1364,1,2,1,1
201420T054544,1,9,0,18,0,1,0,0,0,0,4,1,6,2,48,8,1242,1,15,5,1
201420T054794,1,9,0,9,0,8,0,0,0,0,1,1,6,1,-1,-1,998,1,10,-1,-1
201420T054794,2,9,0,18,0,8,0,0,0,0,1,1,6,2,32,6,1199,1,13,1,1
201420T054934,1,9,0,18,0,2,0,0,0,0,4,1,6,1,27,6,1596,1,4,7,1
201420T054934,2,1,0,18,0,2,0,0,0,0,1,1,6,1,14,3,-1,-1,-1,3,1
201420T055024,1,9,0,17,0,2,0,0,0,0,0,1,6,1,50,8,1388,1,7,1,1
201420T055024,2,9,0,18,0,2,0,0,0,0,0,1,6,1,39,7,2993,2,2,1,1
201420T055184,1,9,0,18,9,8,0,0,3,10,1,1,6,1,18,4,1149,1,9,1,1
201420T055184,2,9,0,2,9,8,0,0,0,0,1,1,6,1,-1,-1,1386,1,2,-1,-1
201420T055184,3,9,0,18,0,1,0,0,0,0,0,1,2,1,37,7,2993,2,1,1,1
201420T055384,1,9,0,18,0,0,0,0,0,0,1,1,6,1,50,8,1900,2,16,1,1
201420T055384,2,9,0,18,0,0,0,0,0,0,1,1,6,1,30,6,1396,1,12,2,1
201420T055404,1,11,0,4,0,0,0,10,1,0,4,1,1,1,42,7,9600,2,14,1,1
201420T055444,1,9,0,18,0,8,0,0,0,0,4,1,6,2,-1,-1,1363,2,10,-1,1
201420T055444,2,9,0,18,0,8,0,0,0,0,1,1,6,2,34,6,1973,1,14,1,1
201420T055524,1,1,0,9,0,8,0,0,0,0,1,1,6,1,19,4,-1,-1,-1,3,1
201420T055524,2,9,0,18,0,8,0,0,0,0,1,1,6,2,42,7,-1,-1,-1,1,1
201420T055604,1,9,0,18,0,0,0,0,0,0,4,1,2,1,49,8,1360,1,6,1,1
201420T055624,1,9,0,9,0,8,0,0,0,0,1,1,6,1,29,6,1198,1,11,-1,1
201420T055624,2,9,0,18,0,8,0,0,0,0,3,1,6,2,32,6,1596,1,11,1,1
201420T055664,1,9,0,6,0,0,0,0,0,0,3,1,6,2,30,6,1248,2,3,5,1
201420T055664,2,9,0,18,0,0,0,0,0,0,3,1,6,1,25,5,1956,2,-1,-1,1
201420T055674,1,9,0,3,0,2,0,0,0,0,3,1,6,2,-1,-1,1198,1,11,-1,-1
201420T055674,2,9,0,3,0,1,0,0,0,0,3,1,6,2,39,7,1997,2,1,1,1
201420T055704,1,9,0,14,0,0,0,0,0,0,1,1,2,2,32,6,2184,2,13,1,1
201420T055884,1,9,0,18,0,0,0,0,0,0,1,1,6,2,33,6,2204,2,8,1,1
201420T055884,2,9,0,18,0,0,0,0,0,0,2,1,6,1,55,8,1997,2,10,1,1
201420T056214,1,9,0,18,0,2,0,0,0,0,3,1,2,1,29,6,1229,1,6,2,1
201420T056264,1,9,0,18,0,0,0,0,0,0,1,1,6,3,-1,-1,-1,-1,-1,-1,-1
201420T056334,1,9,0,5,0,8,0,0,0,0,3,1,6,1,30,6,1598,1,7,9,1
201420T056334,2,9,0,5,0,8,0,0,0,0,1,1,6,1,52,8,1997,2,8,2,1
201420T056344,1,9,0,18,0,0,0,0,0,0,1,1,6,2,26,6,1242,1,8,6,1
201420T056344,2,8,0,4,0,0,0,0,0,0,2,1,1,1,47,8,1896,2,9,5,1
201420T056344,3,19,0,4,0,0,0,0,0,0,2,1,6,1,47,8,2148,2,5,6,2
201420T056374,1,1,0,18,0,0,0,0,0,0,1,1,6,1,23,5,-1,-1,-1,1,1
201420T056374,2,9,0,18,0,0,0,0,0,0,1,1,6,1,45,7,2993,2,7,6,1
201420T056384,1,9,0,9,0,8,0,10,4,0,4,1,6,3,-1,-1,1995,2,7,-1,-1
201420T056384,2,9,0,18,0,8,0,10,1,0,1,1,6,2,40,7,1596,1,11,5,1
201420T056424,1,1,0,18,0,0,0,0,0,0,0,1,6,1,-1,-1,-1,-1,-1,-1,-1
201420T056424,2,9,0,18,0,0,0,0,0,0,2,1,6,2,29,6,1399,2,5,2,1
201420T056424,3,9,0,18,0,0,0,0,0,0,1,1,6,2,26,6,1596,1,10,2,1
201420T056584,1,9,0,12,0,8,0,0,0,0,3,1,6,1,24,5,1199,1,10,2,1
201420T056584,2,3,0,11,0,3,0,0,0,0,4,1,6,1,18,4,124,1,1,7,3
201420T056604,1,9,0,18,0,0,0,0,0,0,4,1,6,3,-1,-1,-1,-1,-1,-1,-1
201420T056604,2,9,0,18,0,0,0,0,0,0,3,1,6,1,37,7,1834,1,13,2,1
201420T056774,1,3,0,3,0,1,0,0,0,0,2,1,6,2,38,7,124,1,13,10,1
201420T056774,2,9,0,5,0,1,1,0,0,0,1,1,6,1,-1,-1,-1,-1,-1,-1,-1
201420T056794,1,9,0,18,0,0,0,4,0,0,1,1,6,1,38,7,1995,2,12,3,1
201420T056794,2,9,0,18,0,0,0,4,0,0,1,1,6,1,30,6,1396,1,16,2,1
201420T056794,3,9,0,2,0,0,0,0,0,0,3,1,6,1,39,7,1587,1,11,1,1
201420T056794,4,9,0,2,0,0,0,0,0,0,3,1,6,1,-1,-1,1896,2,11,5,1
201420T056814,1,9,0,9,0,5,0,0,0,0,0,1,6,1,-1,-1,1896,2,9,-1,-1
201420T056814,2,1,0,18,0,8,1,0,0,0,1,1,1,1,22,5,-1,-1,-1,1,1
201420T056814,3,9,0,10,0,1,0,0,0,0,1,1,6,1,-1,-1,-1,-1,-1,-1,-1
201420T056854,1,19,0,18,0,2,1,0,0,0,1,1,1,2,46,8,1560,2,2,8,1
201420T056924,1,19,0,14,0,2,0,0,0,0,4,1,1,1,-1,-1,-1,-1,-1,-1,-1
201420T056924,2,9,0,3,0,1,0,0,0,0,1,1,6,2,40,7,1991,2,5,1,1
201420T056934,1,8,0,13,0,0,0,0,0,0,4,1,1,1,-1,-1,1997,2,10,1,1
201420T056934,2,9,0,4,0,0,0,0,0,0,1,1,2,2,23,5,1390,1,4,2,1
201420T056954,1,9,0,3,0,1,0,0,0,0,2,1,3,1,27,6,1796,1,11,1,1
201420T056954,2,9,0,3,0,1,0,0,0,0,2,1,6,1,-1,-1,2171,2,13,-1,-1
201420T056954,3,9,0,18,0,1,0,0,0,0,1,1,6,2,-1,-1,1598,1,11,-1,-1
201420T057014,1,9,0,18,0,1,0,0,0,0,1,1,6,2,19,4,1587,1,8,1,1
201420T057014,2,9,0,3,0,1,0,0,0,0,2,1,6,2,42,7,-1,-1,-1,1,1
201420T057054,1,9,0,18,0,2,0,0,6,0,1,1,6,2,70,10,1248,2,3,1,1
201420T057054,2,19,0,18,0,1,0,0,0,0,1,1,1,1,45,7,1248,2,2,8,1
201420T057274,1,8,0,1,0,1,0,0,0,0,2,1,1,1,-1,-1,1995,2,10,-1,-1
201420T057414,1,9,0,18,0,0,0,0,0,0,1,1,2,1,21,5,1149,1,7,1,1
201420T057424,1,9,0,18,0,1,1,4,0,0,1,1,6,1,27,6,998,1,12,1,1
201420T057424,2,9,0,7,0,2,0,0,0,0,1,1,6,2,28,6,1397,1,15,1,1
201420T057424,3,9,0,18,0,6,0,0,0,0,1,1,6,3,23,5,1598,2,-1,1,1
201420T057424,4,9,0,2,0,2,0,0,0,0,4,1,6,3,-1,-1,1389,1,15,-1,-1
201420T057424,5,9,0,2,0,2,0,0,0,0,4,1,6,3,28,6,3200,2,8,1,1
201420T057564,1,9,0,18,0,8,0,0,0,0,4,1,6,2,36,7,1390,1,5,1,1
201420T057564,2,19,0,18,0,8,0,0,0,0,1,1,1,1,61,9,1910,2,11,6,1
201420T057604,1,9,0,18,0,0,0,0,0,0,1,1,6,1,-1,-1,-1,-1,-1,-1,-1
201420T057654,1,9,0,9,0,5,0,0,0,0,4,1,1,1,-1,-1,1910,2,9,1,1
201420T057654,2,1,0,18,0,8,0,0,0,0,1,1,6,1,16,4,-1,-1,-1,1,1
201420T057664,1,9,0,18,0,8,0,0,0,0,1,1,6,1,-1,-1,1389,1,17,-1,-1
201420T057664,2,9,0,3,0,8,0,0,0,0,4,1,3,2,34,6,796,1,12,1,1
201420T057684,1,19,0,1,0,0,0,0,0,0,2,1,6,1,-1,-1,2400,2,8,-1,-1
201420T057684,2,9,0,3,0,0,0,0,0,0,1,1,6,1,56,9,1995,2,12,2,1
201420T057714,1,11,0,5,0,2,0,0,0,0,0,1,1,1,-1,-1,-1,-1,-1,-1,-1
201420T057744,1,9,0,18,0,0,1,4,0,0,1,1,6,3,-1,-1,1781,1,14,-1,-1
201420T057744,2,9,0,18,0,0,0,0,0,0,0,1,6,1,36,7,2993,2,1,-1,-1
201420T057744,3,9,0,2,0,0,0,4,0,0,2,1,6,1,23,5,1598,1,13,4,1
201420T057744,4,9,0,2,0,0,0,4,0,0,2,1,6,3,-1,-1,2987,2,9,-1,-1
201420T057774,1,9,0,18,0,6,0,10,7,0,4,1,6,2,45,7,1397,1,13,1,1
201420T057774,2,90,0,18,0,8,1,0,0,0,1,1,1,1,35,6,2464,2,5,-1,-1
201420T057834,1,9,0,9,0,8,0,0,0,0,3,1,1,1,32,6,1968,2,10,10,1
201420T057834,2,5,0,18,0,8,0,0,0,0,1,1,1,1,26,6,903,1,2,1,1
201420T057844,1,9,0,6,0,0,0,0,0,0,2,1,6,1,36,7,1910,2,8,3,1
201420T057844,2,1,0,14,0,0,1,0,0,0,1,1,6,1,15,3,-1,-1,-1,4,1
201420T057874,1,9,0,18,0,8,0,0,0,0,1,1,6,1,20,4,1198,1,10,1,1
201420T057874,2,9,0,18,0,8,0,10,1,0,3,1,6,1,61,9,1796,1,11,1,1
201420T057914,1,9,0,18,0,8,0,0,0,0,1,1,6,1,22,5,1296,1,7,1,1
201420T057914,2,9,0,9,0,8,0,0,0,0,4,1,6,1,37,7,1896,2,12,8,3
201420T057994,1,9,0,9,0,6,0,0,0,0,1,1,6,3,-1,-1,1968,2,3,-1,-1
201420T057994,2,9,0,9,0,5,0,0,0,0,3,1,3,2,46,8,1149,1,4,2,1
201420T058164,1,9,0,14,0,8,2,10,1,1,1,1,6,3,-1,-1,-1,-1,-1,-1,-1
201420T058164,2,9,0,18,0,8,0,0,0,0,0,1,6,1,30,6,1560,2,3,-1,-1
201420T058164,3,8,0,9,0,8,2,0,0,0,3,1,6,1,52,8,1794,1,7,5,1
201420T058194,1,9,0,7,9,5,0,10,1,0,1,1,6,2,-1,-1,-1,-1,-1,-1,-1
201420T058234,1,9,0,9,0,5,0,0,0,0,1,1,6,2,38,7,-1,-1,-1,1,1
201420T058234,2,5,0,18,0,8,0,0,0,0,3,1,6,1,28,6,998,1,5,3,1
201420T058244,1,9,0,7,0,2,0,0,0,0,1,1,1,2,24,5,1000,1,1,1,1
201420T058274,1,9,0,1,9,8,0,0,0,0,2,1,6,1,-1,-1,2993,2,5,-1,-1
201420T058274,2,1,0,18,9,8,0,0,0,0,1,1,1,2,19,4,-1,-1,-1,1,1
201420T058374,1,9,0,9,0,5,0,0,0,0,4,1,6,1,-1,-1,1229,1,9,-1,-1
201420T058374,2,3,0,18,0,8,1,0,0,0,1,1,6,1,27,6,124,1,14,1,1
201420T058414,1,1,0,14,0,0,0,0,0,0,1,1,6,1,58,9,-1,-1,-1,10,1
201420T058414,2,9,0,5,0,0,0,0,0,0,3,1,6,1,41,7,1568,1,13,1,1
201420T058414,3,8,0,3,0,0,0,0,0,0,0,1,1,1,-1,-1,1997,2,-1,-1,-1
201420T058454,1,9,0,3,0,1,0,0,0,0,2,1,6,2,32,6,1560,2,5,1,1
201420T058454,2,21,0,18,0,1,1,0,0,0,1,1,2,1,54,8,12777,2,2,-1,1
201420T058484,1,9,0,18,0,0,0,0,0,0,1,1,3,2,-1,-1,1229,1,1,-1,-1
201420T058514,1,9,0,5,0,8,0,0,0,0,1,1,1,2,51,8,1997,2,12,1,1
201420T058514,2,9,0,18,0,8,0,0,7,0,3,1,3,1,34,6,1390,1,11,1,1
201420T058544,1,9,0,10,0,1,0,0,0,0,2,1,1,2,26,6,1388,1,9,3,1
201420T058544,2,9,0,18,0,1,0,0,0,0,1,1,6,1,-1,-1,-1,-1,-1,-1,-1
201420T058574,1,9,0,18,0,1,0,0,0,0,1,1,1,1,-1,-1,1248,2,9,-1,-1
201420T058574,2,9,0,3,0,1,0,0,0,0,2,1,1,2,27,6,1149,1,9,5,1
201420T058624,1,9,0,18,0,1,0,4,0,0,1,1,6,1,23,5,998,1,-1,7,1
201420T058624,2,9,0,2,0,1,0,0,0,0,2,1,6,1,36,7,1242,1,3,1,1
201420T058674,1,9,0,4,0,1,0,0,0,0,1,1,6,1,-1,-1,1598,2,-1,-1,-1
201420T058674,2,9,0,3,0,1,0,0,0,0,2,1,6,2,35,6,2204,2,7,2,1
201420T058694,1,9,0,4,0,1,0,0,0,0,1,1,2,1,21,5,-1,-1,-1,5,1
201420T058694,2,9,0,4,0,1,0,0,0,0,2,1,3,1,-1,-1,1390,1,4,-1,-1
201420T058794,1,19,0,14,0,0,0,0,0,0,1,1,6,1,-1,-1,2148,2,5,1,1
201420T058844,1,11,0,18,0,0,0,0,0,0,1,1,1,1,-1,-1,-1,-1,-1,-1,-1
201420T058864,1,9,0,9,0,6,0,0,0,0,1,1,6,1,-1,-1,-1,-1,-1,-1,-1
201420T058864,2,9,0,4,0,8,0,0,0,0,1,1,6,1,20,4,1495,1,14,4,1
201420T058964,1,19,0,18,0,1,0,0,0,0,1,1,6,1,-1,-1,-1,-1,-1,-1,-1
201420T058964,2,8,0,7,0,1,0,0,0,0,2,1,1,1,40,7,1896,2,9,-1,1
201420T058984,1,9,0,18,0,8,0,0,0,0,4,1,6,1,25,5,1896,2,9,5,1
201420T058984,2,9,0,18,0,8,0,0,0,0,1,1,6,1,58,9,2171,1,12,1,1
201420T059074,1,9,0,7,0,2,0,0,0,0,1,1,1,1,-1,-1,2993,2,1,-1,-1
201420T059234,1,19,0,18,0,8,0,0,0,0,1,1,1,1,26,6,2148,2,6,2,1
201420T059234,2,3,0,18,0,8,0,0,0,0,3,1,2,1,36,7,-1,-1,-1,2,1
201420T059334,1,9,0,18,0,4,0,0,0,0,1,1,6,1,35,6,1896,2,16,1,1
201420T059334,2,9,0,9,0,3,0,0,0,0,4,1,6,2,25,5,1149,1,12,3,1
201420T059434,1,9,0,18,0,4,0,0,0,0,1,1,6,1,24,5,1984,1,-1,5,1
201420T059434,2,9,0,18,0,3,0,4,1,10,4,1,1,1,-1,-1,-1,-1,-1,-1,-1
201420T059434,3,9,0,2,6,2,0,0,0,0,2,1,6,1,-1,-1,2993,2,1,-1,-1
201420T059524,1,11,0,18,0,8,0,0,0,0,3,1,6,1,32,6,9600,2,14,10,1
201420T059524,2,9,0,9,0,8,0,0,0,0,1,1,6,2,-1,-1,1796,1,11,3,1
201420T059574,1,9,0,18,0,0,0,0,0,0,1,1,6,3,-1,-1,1587,1,13,-1,-1
201420T059574,2,9,0,3,0,0,0,0,0,0,2,1,2,2,26,6,1398,1,2,4,1
201420T059694,1,19,0,9,0,2,0,0,0,0,3,1,6,1,-1,-1,1997,2,11,-1,-1
201420T059694,2,1,0,4,0,1,0,0,0,0,4,1,6,1,13,3,-1,-1,-1,1,1
201420T059824,1,9,0,18,0,8,0,10,3,1,1,1,6,1,21,5,1396,1,15,5,1
201420T059834,1,9,0,18,0,0,0,0,0,0,4,1,1,1,43,7,1598,1,9,2,1
201420T059854,1,9,0,5,0,1,0,0,0,0,1,1,1,2,22,5,1299,1,11,7,1
201420T059854,2,3,0,5,0,1,5,0,0,0,4,1,1,2,22,5,125,1,9,2,1
201420T059864,1,1,0,4,0,8,0,0,0,0,3,1,2,1,38,7,-1,-1,-1,3,1
201420T059864,2,3,0,18,0,8,0,0,0,0,1,1,2,1,23,5,125,1,1,2,1
201420T059894,1,9,0,18,0,6,1,0,0,0,1,1,6,1,-1,-1,2184,2,12,-1,-1
201420T059894,2,9,0,18,0,8,0,7,1,1,3,1,6,2,55,8,2926,2,14,1,1
201420T059944,1,9,0,18,0,0,0,0,0,0,1,1,6,2,-1,-1,-1,-1,-1,-1,-1
201420T059964,1,9,0,18,0,1,0,0,0,0,1,1,6,2,-1,-1,1560,2,9,-1,-1
201420T060194,1,9,0,9,0,8,0,0,0,0,4,1,6,1,24,5,1368,1,8,5,1
201420T060194,2,3,0,18,0,8,5,0,0,0,1,1,6,1,17,4,124,1,1,1,1
201420T060364,1,9,0,18,0,8,1,0,1,2,3,1,6,1,18,4,1995,2,7,7,1
201420T060364,2,9,0,18,0,8,1,0,0,0,1,1,6,2,84,11,998,1,14,5,1
201420T060364,3,9,0,18,0,1,0,0,0,0,0,1,1,1,45,7,2967,2,1,1,1
201420T060374,1,9,0,4,0,0,0,0,0,0,2,1,6,2,30,6,1798,1,1,2,1
201420T060374,2,9,0,4,0,0,0,0,0,0,1,1,6,1,29,6,1686,2,11,2,1
201420T060384,1,9,0,9,0,6,0,0,0,0,1,1,2,1,22,5,1198,1,-1,2,1
201420T060384,2,9,0,14,0,8,0,0,0,0,4,1,6,1,-1,-1,1956,2,2,-1,-1
201420T060474,1,9,0,5,0,0,0,0,0,0,4,1,6,2,71,10,1364,1,1,1,1
201420T500044,1,9,0,18,0,2,0,0,0,0,1,1,6,1,58,9,1896,2,7,8,1
201420T500234,1,9,0,18,0,8,0,4,0,0,4,1,6,1,17,4,1686,2,9,4,1
201420T500234,2,9,0,18,0,8,0,0,0,0,1,1,6,1,53,8,-1,-1,-1,4,1
201420T500234,3,9,0,2,0,2,0,4,0,0,2,1,6,2,35,6,1149,1,13,1,1
201420T500234,4,9,0,2,0,2,0,4,0,0,3,1,6,2,48,8,1753,2,12,4,1
201420T500304,1,9,0,18,0,0,0,0,0,0,1,1,6,1,18,4,1124,1,11,1,1
201420T500304,2,9,0,18,0,0,0,0,0,0,1,1,6,1,24,5,1984,1,1,5,1
201420T500314,1,9,0,9,0,6,0,0,0,0,1,1,6,3,-1,-1,-1,-1,-1,-1,-1
201420T500314,2,19,0,18,0,8,0,0,0,0,3,1,2,1,30,6,2402,2,9,2,1
201420T500344,1,9,0,18,0,8,0,0,0,0,1,1,6,1,23,5,1461,2,7,1,1
201420T500344,2,9,0,18,0,8,0,0,0,0,3,1,1,1,28,6,1995,2,3,7,1
201420T500444,1,9,0,18,0,2,0,0,0,0,1,1,6,2,-1,-1,-1,-1,-1,-1,-1
201420T500554,1,19,0,16,0,3,0,0,0,0,1,1,6,3,-1,-1,-1,-1,-1,-1,-1
201420T500554,2,9,0,11,0,3,0,0,0,0,2,1,2,2,30,6,973,1,12,2,1
201420T500604,1,9,0,4,0,8,1,0,0,0,1,1,6,1,39,7,1497,1,10,5,1
201420T500604,2,9,0,18,0,8,0,0,0,0,1,1,6,2,32,6,1360,1,7,1,1
201420T500634,1,9,0,18,0,8,5,7,1,7,3,1,1,1,20,4,1995,2,10,1,1
201420T500634,2,9,0,9,0,8,0,0,0,0,1,1,1,2,22,5,998,1,10,3,1
201420T500674,1,9,0,5,0,8,0,0,0,0,1,1,2,1,25,5,1686,2,8,1,1
201420T500754,1,9,0,14,0,1,0,0,0,0,3,1,6,1,45,7,-1,-1,-1,-1,-1
201420T500754,2,1,0,14,0,1,0,0,0,0,4,1,6,1,32,6,-1,-1,-1,3,1
201420T500784,1,9,0,18,0,0,0,0,0,0,1,1,6,1,33,6,1910,2,7,2,1
201420T500784,2,9,0,5,0,0,0,0,0,0,3,1,6,1,41,7,1598,1,13,1,1
201420T500854,1,9,0,13,0,8,5,0,7,1,4,1,6,1,25,5,1197,1,4,-1,1
201420T500854,2,9,0,9,0,8,0,0,0,0,3,1,6,1,25,5,1753,2,7,1,1
201420T500944,1,9,0,16,0,0,1,10,7,0,3,1,6,1,27,6,2000,1,9,1,1
201420T500944,2,9,0,16,0,0,0,0,0,0,1,1,1,1,45,7,2967,2,1,1,1
201420T500964,1,9,0,7,0,6,0,0,0,0,1,1,6,1,21,5,1988,1,15,-1,1
201420T500964,2,9,0,18,0,1,0,0,0,0,1,1,6,1,28,6,1461,2,2,2,1
201420T500964,3,9,0,7,0,6,0,0,0,0,0,1,1,1,-1,-1,2993,2,1,-1,-1
201420T500994,1,9,0,18,0,8,0,0,0,0,1,1,6,1,-1,-1,2198,1,11,-1,-1
201420T500994,2,9,0,3,0,8,0,0,0,0,2,1,1,1,31,6,1796,2,-1,1,1
201420T501014,1,9,0,18,0,0,0,0,0,0,0,1,6,1,-1,-1,2497,2,9,-1,-1
201420T501014,2,9,0,18,0,0,0,0,0,0,0,1,1,1,-1,-1,-1,-1,-1,-1,-1
201420T501034,1,9,0,18,0,1,0,0,0,0,1,1,6,2,30,6,1339,1,9,2,1
201420T501034,2,1,0,18,0,1,0,0,0,0,1,1,6,1,-1,-1,-1,-1,-1,-1,-1
201420T501044,1,9,0,13,0,0,0,0,0,0,4,1,6,3,-1,-1,1298,1,13,-1,-1
201420T501044,2,1,0,18,0,0,0,0,0,0,3,1,6,1,32,6,-1,-1,-1,3,1
201420T501074,1,9,0,16,0,4,0,0,0,0,1,1,6,2,26,6,1968,2,3,-1,1
201420T501074,2,9,0,16,0,3,0,10,1,7,1,1,6,2,32,6,998,1,13,4,1
201420T501154,1,8,0,9,0,5,0,0,0,0,1,1,6,1,38,7,2987,2,7,2,1
201420T501154,2,5,0,18,0,8,1,0,0,0,1,1,6,1,48,8,748,1,24,2,1
201420T501354,1,9,0,9,0,8,0,0,0,0,3,1,1,2,-1,-1,1399,1,4,4,1
201420T501354,2,1,0,13,0,8,0,0,0,0,1,1,6,1,28,6,-1,-1,-1,3,1
201420T501374,1,9,0,9,0,8,0,0,0,0,4,1,6,2,36,7,1799,1,8,9,1
201420T501444,1,9,0,9,0,8,1,10,1,10,1,1,6,1,18,4,1108,1,5,1,1
201420T501454,1,11,0,9,0,2,0,0,0,0,0,1,1,1,59,9,6700,2,7,2,1
201420T501514,1,19,0,9,0,6,0,0,0,0,3,1,1,2,39,7,1248,2,-1,1,1
201420T501534,1,9,0,9,0,8,0,0,0,0,1,1,6,1,-1,-1,1796,1,9,-1,-1
201420T501534,2,9,0,18,0,8,0,0,0,0,3,1,6,1,32,6,1796,7,9,4,1
201420T501564,1,9,0,18,0,1,0,0,0,0,1,1,1,1,22,5,1229,1,1,4,1
201420T501564,2,9,0,3,0,1,0,0,0,0,2,1,1,1,45,7,1995,2,8,6,1
201420T501714,1,9,0,9,0,5,0,0,0,0,1,1,6,1,39,7,1398,2,12,1,1
201420T501724,1,9,0,4,0,0,0,0,0,0,1,1,6,1,25,5,1396,1,13,3,1
201420T501724,2,9,0,4,0,0,0,0,0,0,2,1,6,2,36,7,1360,1,14,3,1