Accident_Index,Vehicle_Reference,Vehicle_Type,Towing_and_Articulation,Vehicle_Manoeuvre,Vehicle_Location-Restricted_Lane,Junction_Location,Skidding_and_Overturning,Hit_Object_in_Carriageway,Vehicle_Leaving_Carriageway,Hit_Object_off_Carriageway,1st_Point_of_Impact,Was_Vehicle_Left_Hand_Drive?,Journey_Purpose_of_Driver,Sex_of_Driver,Age_of_Driver,Age_Band_of_Driver,Engine_Capacity_(CC),Propulsion_Code,Age_of_Vehicle,Driver_IMD_Decile,Driver_Home_Area_Type
201420W006124,1,9,0,4,0,1,0,0,0,0,1,1,6,1,-1,-1,1598,1,8,-1,-1
201420W006124,2,9,0,4,0,1,0,0,0,0,2,1,3,2,22,5,1398,2,5,1,1
201420W006264,1,21,0,5,0,1,0,0,0,0,4,1,1,1,-1,-1,-1,-1,-1,-1,-1
201420W006264,2,9,0,5,0,1,0,0,0,0,3,1,3,2,35,6,1600,1,14,-1,1
201420W006404,1,9,0,17,0,1,0,0,0,0,1,1,6,2,-1,-1,-1,-1,-1,-1,-1
201420W006414,1,19,0,18,0,6,0,0,0,0,1,1,1,1,33,6,2143,2,3,3,1
201420W006414,2,9,0,18,0,8,0,0,0,0,4,1,2,1,33,6,999,1,4,1,1
201420W006454,1,9,0,1,0,2,0,4,0,0,2,1,6,3,-1,-1,1587,1,14,-1,-1
201420W006454,2,9,0,2,0,1,0,0,0,0,1,1,6,2,37,7,1995,2,9,3,1
201420W006714,1,9,0,4,0,1,0,0,0,0,3,1,6,1,58,9,1560,2,7,10,1
201420W006724,1,9,0,18,0,0,0,4,0,0,1,1,2,2,43,7,1797,8,4,10,1
201420W006724,2,9,0,2,0,0,0,0,1,0,2,1,6,2,24,5,2720,2,6,3,1
201420W006724,3,9,0,2,9,0,0,0,0,0,1,1,6,3,-1,-1,1995,2,10,3,1
201420W006794,1,9,0,18,0,8,0,0,0,0,1,1,1,1,35,6,-1,-1,-1,-1,-1
201420W006794,2,9,0,18,0,8,0,10,1,4,3,1,6,2,23,5,998,1,6,5,1
201420W006904,1,9,0,9,0,8,0,0,0,0,1,1,6,1,51,8,1995,2,3,10,1
201420W006904,2,9,0,18,0,8,0,0,1,7,3,1,6,1,20,4,973,1,12,1,1
201420W006924,1,9,0,4,0,0,0,0,0,0,1,1,6,2,-1,-1,1560,2,7,-1,-1
201420W006924,2,9,0,3,0,0,0,0,0,0,2,1,1,1,32,6,1596,1,2,1,1
201420W006944,1,9,0,18,0,0,0,0,0,0,4,1,2,2,25,5,1896,2,8,5,1
201420W006994,1,11,0,18,0,1,0,0,0,0,1,1,1,1,34,6,7300,2,11,2,1
201420W006994,2,9,0,3,0,1,0,0,0,0,2,1,6,2,32,6,1598,2,-1,2,1
201420W007004,1,9,0,4,0,0,1,0,0,0,1,1,6,2,30,6,1299,1,11,4,1
201420W007004,2,9,0,3,0,0,0,0,0,0,2,1,6,2,45,7,1598,1,7,6,1
201420W007034,1,9,0,4,0,0,0,0,0,0,3,1,6,3,-1,-1,-1,-1,-1,-1,-1
201420W007034,2,9,0,4,0,0,0,0,0,0,3,1,2,1,33,6,998,1,13,9,1
201420W007044,1,9,0,13,0,8,5,0,0,0,1,1,6,1,70,10,1995,2,10,2,1
201420W007044,2,9,0,9,0,8,0,0,0,0,3,1,6,1,39,7,1275,1,16,1,1
201420W007064,1,9,0,9,0,6,0,0,0,0,1,1,6,2,40,7,998,1,5,5,1
201420W007064,2,9,0,18,0,8,0,0,0,0,1,1,6,1,-1,-1,1108,1,8,-1,-1
201420W007064,3,9,0,18,0,8,0,0,1,0,1,1,6,1,-1,-1,1870,2,12,-1,-1
201420W007084,1,9,0,18,0,7,0,0,0,0,3,1,6,2,28,6,1199,1,13,1,1
201420W007084,2,20,0,18,0,8,0,0,0,0,4,1,1,1,43,7,5861,2,15,3,1
201420W007244,1,9,0,17,0,0,0,0,0,0,3,1,6,1,32,6,2499,1,7,1,1
201420W007274,1,9,0,18,0,0,1,4,0,0,1,1,6,1,32,6,998,1,10,1,1
201420W007274,2,9,0,2,0,0,0,4,0,0,1,1,6,2,28,6,2295,1,12,1,1
201420W007274,3,9,0,2,0,0,0,4,0,0,3,1,6,2,29,6,1339,1,6,4,1
201420W007274,4,9,0,2,0,0,0,4,0,0,3,1,6,2,-1,-1,1395,1,1,1,1
201420W007274,5,9,0,2,0,0,0,0,0,0,3,1,6,1,-1,-1,1339,1,5,1,1
201420W007274,6,9,0,2,0,0,0,0,0,0,3,1,6,1,-1,-1,1968,2,2,1,1
201420W007284,1,21,0,5,0,1,0,0,0,0,1,1,6,1,-1,-1,-1,-1,-1,-1,-1
201420W007284,2,9,0,3,0,1,0,0,0,0,2,1,6,1,52,8,1793,1,10,1,1
201420W007454,1,8,0,18,0,0,0,0,0,0,1,1,6,1,-1,-1,-1,-1,-1,-1,-1
201420W007504,1,9,0,6,0,0,0,0,0,0,1,1,1,1,30,6,1560,2,1,7,1
201420W007504,2,9,0,18,0,0,1,7,1,10,2,1,6,2,25,5,1242,1,13,9,1
201420W007604,1,9,0,13,0,1,0,0,0,0,1,1,6,1,31,6,1598,1,10,-1,1
201420W007604,2,9,0,9,0,1,0,0,0,0,1,1,6,1,37,7,1396,1,12,1,1
201420W007614,1,9,0,18,0,6,0,0,0,0,1,1,6,1,23,5,1896,2,13,6,1
201420W007614,2,9,0,18,0,8,0,0,0,0,4,1,6,1,26,6,1598,1,1,5,1
201420W007634,1,1,0,18,0,0,0,0,0,0,1,1,6,1,24,5,-1,-1,-1,-1,1
201420W007714,1,9,0,4,0,1,0,0,0,0,2,1,1,1,51,8,1997,2,11,-1,1
201420W007714,2,9,0,4,0,1,0,0,0,0,1,1,6,2,-1,-1,1871,2,12,-1,-1
201420W008034,1,9,0,18,0,1,0,0,0,0,1,1,6,1,-1,-1,1796,1,8,6,1
201420W008034,2,9,0,8,0,1,0,0,0,0,2,1,6,1,68,10,1587,1,8,4,1
201420W008394,1,9,0,4,0,2,1,10,7,10,1,1,6,1,25,5,2324,1,13,2,1
201420W008624,1,9,0,18,0,2,0,0,0,0,4,1,6,1,-1,-1,3498,1,8,-1,-1
201420W008674,1,9,0,18,0,1,0,0,0,0,1,1,6,1,-1,-1,-1,-1,-1,-1,-1
201420W008674,2,9,0,8,0,1,0,0,0,0,2,1,2,2,25,5,1364,1,10,3,1
201420W008714,1,9,0,18,0,8,1,0,0,0,1,1,6,1,23,5,1598,2,3,10,1
201420W008714,2,9,0,18,0,8,0,0,0,0,4,1,6,1,33,6,1596,1,9,1,1
201420W008784,1,9,0,4,0,1,0,0,0,0,1,1,1,1,37,7,-1,-1,-1,-1,1
201420W008784,2,1,0,7,0,1,0,0,0,0,1,1,6,1,30,6,-1,-1,-1,1,1
201420W008844,1,11,0,14,2,1,0,0,0,0,4,1,1,1,40,7,4250,2,8,1,1
201420W008874,1,9,0,18,0,2,0,0,0,0,1,1,6,1,-1,-1,-1,-1,-1,-1,-1
201420W008874,2,8,0,4,0,2,0,0,0,0,2,1,6,1,32,6,1896,2,9,1,1
201420W008874,3,9,0,3,0,2,0,0,0,0,1,1,6,1,35,6,2000,2,8,4,1
201420W009014,1,9,0,11,0,0,0,0,0,0,1,1,6,1,23,5,1242,1,1,1,1
201420W009014,2,9,0,3,0,0,0,0,0,0,2,1,2,1,34,6,1753,2,6,4,1
201420W009214,1,19,0,3,0,1,0,0,0,0,3,1,6,1,-1,-1,-1,-1,-1,-1,-1
201420W009224,1,9,0,5,0,0,0,0,0,0,4,1,6,1,-1,-1,1248,2,7,1,1
201420W009224,2,19,0,18,0,0,0,0,0,0,3,1,6,1,31,6,2198,2,1,1,1
201420W009234,1,9,0,18,0,0,0,0,0,0,1,1,6,2,-1,-1,-1,-1,-1,-1,-1
201420W009234,2,1,0,18,0,0,0,0,0,0,1,1,6,1,46,8,-1,-1,-1,-1,1
201420W009244,1,9,0,18,0,8,0,0,0,0,1,1,6,2,28,6,998,1,12,1,1
201420W009244,2,9,0,9,0,8,0,0,0,0,2,1,6,1,-1,-1,1968,2,4,4,1
201420W009284,1,9,0,4,0,0,0,0,0,0,1,1,6,1,23,5,1595,1,11,4,1
201420W009284,2,9,0,3,0,0,0,0,0,0,2,1,1,2,40,7,1398,1,2,2,1
201420W009314,1,9,0,1,0,0,0,0,0,0,2,1,6,1,-1,-1,998,1,14,-1,-1
201420W009314,2,3,0,3,0,0,0,0,0,0,1,1,1,1,22,5,-1,-1,-1,3,1
201420W009334,1,9,0,18,0,0,0,0,0,0,4,1,3,1,27,6,-1,-1,-1,1,1
201420W009344,1,19,0,5,0,1,0,0,0,0,1,1,6,1,25,5,1560,2,4,5,1
201420W009344,2,9,0,3,0,1,0,0,0,0,2,1,6,2,33,6,1389,1,11,1,1
201420W009354,1,9,0,9,0,8,0,0,0,0,1,1,3,1,37,7,-1,-1,-1,-1,1
201420W009354,2,9,0,18,0,8,0,0,0,0,1,1,1,1,42,7,3222,2,10,7,1
201420W009554,1,9,0,9,0,8,0,0,0,0,1,1,6,1,58,9,1461,2,10,1,1
201420W009554,2,9,0,18,0,8,0,0,2,7,1,1,6,1,26,6,1388,1,8,1,1
201420W009594,1,9,0,12,0,0,0,7,3,1,1,1,6,1,54,8,1461,2,2,4,1
201420W009644,1,19,0,18,0,8,1,0,0,0,1,1,1,1,27,6,2151,2,10,1,1
201420W009644,2,9,0,3,0,8,0,0,0,0,2,1,2,1,52,8,1998,2,9,6,1
201420W009644,3,11,0,2,0,8,0,0,0,0,2,1,1,1,50,8,6700,2,3,2,1
201420W009794,1,9,0,4,0,1,0,0,0,0,1,1,6,1,34,6,1390,1,13,5,1
201420W009794,2,9,0,3,0,1,0,0,0,0,2,1,6,1,33,6,1956,2,2,1,1
201420W009824,1,9,0,3,0,1,0,0,0,0,2,1,2,2,27,6,1248,2,6,7,1
201420W009824,2,9,0,4,0,1,0,0,0,0,1,1,6,2,-1,-1,-1,-1,-1,-1,-1
201420W009934,1,11,0,7,0,5,0,0,0,0,1,1,1,1,39,7,8268,2,10,4,1
201420W009964,1,19,0,18,0,0,0,0,0,0,4,1,6,3,-1,-1,2298,2,2,-1,-1
201420W010064,1,9,0,18,0,1,0,0,0,0,1,1,6,1,-1,-1,1299,1,11,-1,-1
201420W010064,2,9,0,3,0,1,0,0,0,0,2,1,6,1,40,7,2231,2,8,3,1
201420W010164,1,19,0,4,0,0,0,0,0,0,1,1,6,1,-1,-1,5193,2,7,-1,-1
201420W010164,2,9,0,4,0,0,0,0,0,0,2,1,6,2,23,5,1596,1,8,10,1
201420W010184,1,9,0,18,0,2,0,0,0,0,1,1,6,2,45,7,1124,1,9,2,1
201420W010184,2,9,0,18,0,2,0,0,0,0,2,1,6,2,40,7,1390,1,12,4,1
201420W010244,1,9,0,18,0,8,0,0,0,0,4,1,6,2,24,5,1598,1,11,4,1
201420W010244,2,9,0,9,0,8,0,0,0,0,1,1,6,2,-1,-1,1229,1,6,-1,1
201420W010414,1,9,0,18,0,2,0,0,0,0,4,1,6,2,38,7,1896,2,4,5,1
201420W010424,1,8,0,3,0,0,0,0,0,0,2,1,6,1,44,7,1968,2,10,1,1
201420W010424,2,9,0,18,0,0,0,0,0,0,1,1,6,1,-1,-1,1560,2,9,-1,-1
201420W010434,1,1,0,18,0,1,0,0,0,0,1,1,6,1,12,3,-1,-1,-1,1,1
201420W010434,2,9,0,4,0,1,0,0,0,0,4,1,6,2,48,8,1998,1,12,1,1
201420W010444,1,9,0,18,0,0,0,0,0,0,3,1,6,1,23,5,1596,1,14,1,1
201420W010444,2,9,0,6,0,0,0,0,0,0,1,1,6,1,-1,-1,1598,1,10,-1,-1
201420W010714,1,9,0,7,0,5,0,4,0,0,1,1,6,1,-1,-1,-1,-1,-1,-1,-1
201420W010714,2,8,0,2,0,2,0,4,0,0,1,1,1,1,50,8,2446,2,14,4,1
201420W011014,1,8,0,4,0,2,0,0,0,0,1,1,1,1,55,8,2499,2,4,3,1
201420W011054,1,9,0,9,0,6,0,0,0,0,1,1,6,3,-1,-1,998,1,13,-1,-1
201420W011054,2,3,0,18,0,8,0,0,0,0,1,1,2,1,17,4,124,1,5,-1,1
201420W011114,1,9,0,18,0,8,0,0,0,0,1,1,6,1,-1,-1,-1,-1,-1,-1,-1
201420W011114,2,1,0,9,0,5,0,0,0,0,4,1,6,1,18,4,-1,-1,-1,1,1
201420W011164,1,9,0,4,0,0,0,0,0,0,1,1,6,2,69,10,998,1,5,5,1
201420W011184,1,9,0,18,0,0,0,0,0,0,1,1,6,2,26,6,973,1,11,6,3
201420W011204,1,9,0,18,0,0,0,0,0,0,1,1,1,1,-1,-1,2993,2,2,-1,-1
201420W011204,2,9,0,5,0,0,0,10,7,3,1,1,6,1,18,4,1598,1,10,1,1
201420W011234,1,11,0,18,0,0,0,0,0,0,0,1,6,1,-1,-1,-1,-1,-1,5,1
201420W011244,1,9,0,18,0,8,0,7,7,7,1,1,6,1,-1,-1,999,1,2,-1,-1
201420W011244,2,9,0,18,0,8,0,10,0,0,1,1,6,1,35,6,1388,1,15,-1,1
201420W011244,3,9,0,18,0,8,0,0,0,0,0,1,1,1,-1,-1,1498,1,4,-1,-1
201420W011484,1,9,0,18,0,1,0,0,0,0,1,1,6,3,-1,-1,-1,-1,-1,-1,-1
201420W011544,1,8,0,6,0,2,0,0,0,0,3,1,1,1,49,8,2446,2,14,1,1
201420W011544,2,1,0,14,0,2,5,0,0,0,1,1,2,1,51,8,-1,-1,-1,-1,1
201420W011614,1,9,0,5,0,4,0,0,0,0,1,1,6,3,-1,-1,1299,1,13,-1,-1
201420W011614,2,9,0,7,0,3,0,0,0,0,4,1,6,2,22,5,1299,1,14,2,1
201420W011634,1,9,0,18,0,0,0,0,0,0,1,1,6,1,35,6,1762,1,16,1,1
201420W011654,1,9,0,5,0,8,0,0,0,0,1,1,6,1,59,9,2435,1,15,2,1
201420W011654,2,8,0,18,0,8,0,0,0,0,3,1,1,1,28,6,1995,2,10,1,1
201420W011804,1,8,0,7,0,5,0,0,1,0,1,1,6,3,-1,-1,-1,-1,-1,-1,-1
201420W011824,1,20,0,2,0,0,0,0,0,0,3,1,1,1,59,9,-1,-1,-1,4,1
201420W011824,2,1,0,14,0,0,0,8,0,0,1,1,6,1,43,7,-1,-1,-1,5,1
201420W011874,1,9,0,18,0,0,0,0,0,0,1,1,6,1,60,9,1329,1,1,1,1
201420W011894,1,9,0,18,0,1,0,0,0,0,1,1,6,1,-1,-1,1596,1,11,2,1
201420W011894,2,9,0,3,0,1,0,0,0,0,2,1,6,1,29,6,1396,1,14,3,1
201420W011924,1,9,0,18,0,3,0,0,0,0,4,1,6,1,80,11,1968,2,7,1,1
201420W011924,2,5,0,18,0,4,0,0,0,0,1,1,6,1,39,7,1298,1,3,1,1
201420W011934,1,9,0,18,0,8,1,0,0,0,1,1,6,1,71,10,1598,1,17,1,1
201420W011934,2,9,0,10,0,8,0,0,0,0,2,1,6,1,74,10,796,1,12,4,1
201420W012064,1,9,0,17,0,1,1,0,0,0,1,1,6,1,29,6,1956,2,1,6,1
201420W012064,2,9,0,18,0,1,0,0,0,0,2,1,6,3,-1,-1,-1,-1,-1,-1,-1
201420W012164,1,9,0,4,0,0,0,0,0,0,2,1,6,1,32,6,1796,1,9,5,1
201420W012164,2,3,0,18,0,0,0,0,0,0,1,1,6,1,19,4,124,1,5,-1,1
201420W012184,1,19,0,9,0,3,0,0,0,0,1,1,1,1,62,9,2402,2,9,2,1
201420W012434,1,9,0,18,0,6,0,0,0,0,1,1,6,1,29,6,1997,2,4,9,1
201420W012434,2,9,0,18,0,8,0,0,0,0,4,1,2,2,34,6,1896,2,13,4,1
201420W012454,1,9,0,9,0,2,0,0,0,0,1,1,6,1,28,6,1339,1,12,1,1
201420W012524,1,9,0,7,0,6,0,0,0,0,1,1,6,1,-1,-1,1497,1,10,-1,-1
201420W012524,2,9,0,9,0,6,0,0,0,0,3,1,6,2,46,8,1498,1,8,5,1
201420W012524,3,9,0,18,0,1,0,0,0,0,0,1,6,1,26,6,-1,-1,-1,-1,-1
201420W012614,1,9,0,9,0,8,0,0,0,0,3,1,6,1,23,5,1229,1,9,8,1
201420W012614,2,20,0,7,0,3,0,0,0,0,1,1,1,1,52,8,-1,-1,-1,5,1
201420W012704,1,9,0,9,0,8,0,0,0,0,1,1,6,1,59,9,1497,8,8,2,1
201420W012704,2,10,0,18,0,8,0,0,2,7,1,1,1,1,43,7,2464,2,5,2,1
201420W012954,1,19,0,17,0,0,5,0,7,0,1,1,1,1,18,4,2299,2,16,1,1
201420W012954,2,9,0,16,0,0,0,0,1,0,1,1,6,1,63,9,1598,1,14,1,1
201420W012964,1,9,0,7,9,5,0,0,1,2,1,1,6,2,21,5,1984,1,7,1,1
201420W013214,1,9,0,14,0,1,0,0,0,0,3,1,6,1,23,5,1781,1,13,4,1
201420W013474,1,9,0,18,0,0,0,4,0,0,1,1,6,3,-1,-1,1598,1,-1,-1,-1
201420W013474,2,9,0,6,0,0,0,4,0,0,1,1,6,1,21,5,1497,8,2,-1,-1
201420W013474,3,9,0,2,0,0,0,0,0,0,3,1,6,2,-1,-1,1242,1,16,-1,-1
201420W013474,4,9,0,2,0,0,0,0,0,0,3,1,6,1,-1,-1,2148,2,7,-1,-1
201420W013474,5,9,0,2,0,0,0,0,0,0,2,1,6,1,-1,-1,1968,2,11,-1,-1
201420W013794,1,9,0,1,9,0,0,4,1,10,4,1,6,1,79,11,1390,1,4,8,1
201420W013794,2,9,0,2,0,0,0,0,0,0,2,1,1,3,39,7,1598,1,4,8,1
201420W013854,1,9,0,18,0,8,0,0,0,0,1,1,6,1,31,6,2496,7,13,3,1
201420W013864,1,9,0,9,0,6,0,0,0,0,1,1,6,1,29,6,1896,2,12,1,1
201420W013864,2,9,0,18,0,8,0,0,0,0,3,1,6,1,57,9,1461,2,9,2,1
201420W013894,1,9,0,9,0,5,0,0,0,0,1,1,2,1,40,7,1061,1,10,2,1
201420W013894,2,9,0,9,0,5,0,0,0,0,3,1,6,1,26,6,1560,2,5,3,1
201420W014244,1,9,0,18,0,0,0,4,0,0,3,1,6,1,18,4,1595,1,7,-1,-1
201420W014244,2,9,0,18,0,0,0,0,0,0,0,1,1,1,34,6,2993,2,1,-1,-1
201420W014244,3,9,0,2,0,0,0,4,0,0,1,1,6,1,-1,-1,1598,1,10,-1,-1
201420W014244,4,9,0,2,0,0,0,4,0,0,1,1,6,1,52,8,1560,2,2,1,1
201420W014404,1,9,0,5,0,4,0,0,0,0,1,1,6,1,-1,-1,1389,1,15,-1,-1
201420W014404,2,9,0,4,0,4,0,0,0,0,2,1,6,2,21,5,1242,1,6,9,1
201420W014424,1,9,0,18,0,0,0,0,0,0,1,1,6,2,26,6,1896,2,14,1,1
201420W014764,1,9,0,9,0,2,0,0,0,0,4,1,6,2,39,7,1598,1,3,2,1
201420W014764,2,9,0,9,0,2,0,0,0,0,1,1,6,1,19,4,-1,-1,-1,7,1
201420W014774,1,9,0,18,0,0,0,0,0,0,1,1,6,1,40,7,2926,2,12,1,1
201420W014774,2,9,0,3,0,0,0,0,0,0,2,1,6,1,28,6,1896,2,9,1,1
201420W014774,3,9,0,3,0,0,0,0,0,0,2,1,6,1,35,6,2967,2,6,9,1
201420W014774,4,9,0,3,0,0,0,0,0,0,1,1,6,1,26,6,2148,2,6,10,1
201420W014794,1,9,0,4,0,1,0,0,0,0,2,1,1,1,36,7,1390,1,11,3,1
201420W014794,2,9,0,4,0,1,0,0,0,0,1,1,1,2,32,6,1598,1,11,-1,-1
201420W014804,1,9,0,4,0,3,0,0,0,0,2,1,1,2,43,7,1248,2,2,-1,-1
201420W014804,2,9,0,4,0,3,0,0,0,0,1,1,2,1,41,7,1595,1,9,4,1
201420W014804,3,9,0,18,0,4,0,0,0,0,0,1,1,2,-1,-1,1956,2,2,-1,-1
201420W014844,1,9,0,18,0,4,0,0,0,0,1,1,6,1,19,4,1896,2,6,2,1
201420W014844,2,9,0,18,0,3,0,0,1,2,1,1,2,2,56,9,1968,2,3,8,1
201420W014894,1,8,0,18,0,2,0,4,1,7,1,1,1,1,28,6,1968,2,1,-1,1
201420W014894,2,9,0,2,0,2,0,0,0,0,2,1,6,2,25,5,1590,1,11,5,1
201420W014894,3,8,0,2,0,2,0,0,0,0,2,1,1,1,22,5,2402,2,11,6,1
201420W014914,1,9,0,18,0,8,0,0,7,2,4,1,6,2,54,8,2499,1,8,6,3
201420W014914,2,9,0,18,0,8,0,0,0,0,1,1,6,1,38,7,1781,1,12,1,1
201420W014934,1,9,0,4,0,1,0,0,0,0,3,1,3,2,27,6,-1,-1,-1,5,1
201420W015024,1,9,0,18,0,0,0,0,0,0,1,1,6,2,-1,-1,1242,1,3,4,1
201420W015034,1,9,0,7,0,3,0,0,0,0,4,1,6,1,-1,-1,-1,-1,-1,-1,-1
201420W015034,2,9,0,18,0,8,0,0,0,0,3,1,2,2,20,4,2996,1,7,1,1
201420W015044,1,9,0,9,0,8,0,0,0,0,4,1,6,1,34,6,-1,-1,-1,-1,1
201420W015044,2,9,0,5,0,8,0,0,0,0,1,1,6,1,31,6,1598,1,4,6,3
201420W015064,1,20,0,1,0,2,0,0,1,0,2,1,6,1,-1,-1,-1,-1,-1,-1,-1
201420W015104,1,9,0,18,9,0,0,0,0,0,1,1,2,1,19,4,1242,1,10,1,1
201420W015124,1,9,0,17,0,0,5,10,1,10,4,1,6,1,23,5,999,1,2,-1,-1
201420W015654,1,9,0,18,0,0,0,0,0,0,4,1,6,1,25,5,1339,1,3,1,1
201420W015664,1,9,0,5,9,8,0,0,0,0,1,1,6,1,31,6,1984,1,5,1,1
201420W015684,1,21,0,18,0,1,0,10,1,7,4,1,1,1,55,8,6870,2,3,-1,-1
201420W015714,1,8,0,17,0,0,0,0,0,0,1,1,1,1,54,8,-1,-1,-1,1,1
201420W015714,2,19,0,17,0,0,0,0,0,0,1,1,1,1,25,5,2143,2,1,1,1
201420W015814,1,9,0,18,0,0,0,0,0,0,3,1,6,2,25,5,1199,1,11,4,1
201420W016224,1,9,0,18,0,0,0,0,0,0,2,1,6,2,49,8,1149,1,11,2,1
201420W016224,2,9,0,18,0,0,0,0,0,0,1,1,6,1,-1,-1,1998,1,15,-1,-1
201420W016244,1,8,0,4,0,1,0,0,0,0,1,1,1,1,49,8,1896,2,11,2,1
201420W016244,2,4,0,3,0,1,0,0,0,0,2,1,6,1,54,8,124,1,17,6,1
201420W016254,1,8,0,13,0,0,0,0,1,2,1,1,6,1,25,5,2143,2,3,4,1
201420W016254,2,9,0,18,0,0,0,0,0,0,1,1,6,1,28,6,1364,1,4,2,1
201420W016254,3,9,0,18,0,0,0,0,0,0,1,1,6,1,37,7,1299,1,12,1,1
201420W016264,1,9,0,18,0,0,0,0,0,0,3,1,6,1,35,6,1910,2,10,1,1
201420W016364,1,9,0,7,0,3,0,0,0,0,1,1,6,1,-1,-1,-1,-1,-1,-1,-1
201420W017234,1,1,0,18,0,1,0,0,0,0,1,1,6,1,20,4,-1,-1,-1,4,1
201420W017234,2,9,0,5,0,5,0,0,0,0,4,1,6,1,-1,-1,-1,-1,-1,-1,-1
201420W017324,1,9,0,18,0,1,0,0,0,0,1,1,6,1,-1,-1,3189,1,10,-1,-1
201420W017324,2,9,0,18,0,1,0,10,1,10,2,1,6,2,26,6,1364,1,4,1,1
201420W017324,3,9,0,18,0,1,0,0,0,0,0,1,1,1,47,8,2967,2,1,-1,-1
201420W017354,1,9,0,4,0,0,0,0,0,0,1,1,2,2,57,9,1796,1,8,9,2
201420W017354,2,9,0,3,0,0,0,0,1,0,2,1,2,1,22,5,1398,1,1,2,1
201420W017364,1,9,0,1,0,6,0,4,0,0,4,1,1,2,48,8,3222,2,11,6,1
201420W017364,2,9,0,2,0,8,0,0,0,0,3,1,6,2,80,11,-1,-1,-1,5,1
201420W017374,1,9,0,18,0,8,0,0,0,0,1,1,2,2,30,6,973,1,14,2,1
201420W017374,2,9,0,18,0,8,0,0,0,0,4,1,3,2,36,7,1198,1,10,1,1
201420W017384,1,19,0,18,0,8,0,0,0,0,2,1,1,1,42,7,-1,-1,-1,7,1
201420W017384,2,9,0,18,0,8,0,0,0,0,1,1,6,2,43,7,2993,2,3,7,1
201420W017394,1,8,0,1,0,0,0,0,0,0,2,1,1,1,55,8,2499,2,2,10,1
201420W017404,1,9,0,18,0,1,0,0,0,0,1,1,6,1,-1,-1,-1,-1,-1,-1,-1
201420W017404,2,9,0,3,0,1,0,0,0,0,2,1,6,1,28,6,1798,1,12,1,1
201420W017424,1,11,0,4,2,0,0,0,0,0,4,1,1,1,34,6,7300,2,13,1,1
201420W017484,1,9,0,18,0,1,1,0,0,0,1,1,6,1,-1,-1,1995,1,5,-1,-1
201420W017484,2,9,0,10,0,1,0,0,0,0,2,1,1,1,35,6,1798,1,8,5,1
201420W017534,1,9,0,9,0,8,0,0,0,0,4,1,6,1,61,9,2902,2,9,1,1
201420W017534,2,3,0,18,0,8,0,0,0,0,1,1,6,1,37,7,-1,-1,-1,4,1
201420W017644,1,9,0,18,0,8,0,0,0,0,1,1,1,1,23,5,998,1,1,1,1
201420W017644,2,8,0,18,0,8,0,0,0,0,4,1,1,1,44,7,1793,1,11,1,1
201420W017664,1,9,0,9,0,8,0,0,0,0,2,1,2,2,26,6,1598,1,13,1,1
201420W017664,2,5,0,18,0,8,0,0,0,0,1,1,2,1,58,9,1450,1,9,2,1
201420W017674,1,9,0,9,0,8,0,0,0,0,4,1,6,1,33,6,1968,2,6,4,1
201420W017674,2,1,0,18,0,8,0,0,0,0,1,1,2,1,48,8,-1,-1,-1,3,1
201420W017684,1,9,0,6,0,0,0,0,0,0,4,1,6,1,20,4,1390,1,8,5,1
201420W017684,2,9,0,18,0,0,0,0,0,0,1,1,6,1,49,8,1587,1,5,1,1
201420W017764,1,9,0,17,0,8,0,0,0,0,1,1,6,1,14,3,1587,1,10,2,1
201420W017764,2,9,0,16,0,8,0,0,0,0,4,1,6,2,27,6,1299,1,13,1,1
201420W017764,3,9,0,17,0,1,0,0,0,0,0,1,1,1,-1,-1,2993,2,1,2,1
201420W017944,1,9,0,14,0,0,0,0,0,0,1,1,6,1,26,6,998,1,11,4,1
201420W017944,2,9,0,3,0,0,0,0,0,0,3,1,6,1,38,7,1242,1,13,6,1
201420W017954,1,9,0,9,0,6,0,0,0,0,1,1,6,2,32,6,1796,1,13,4,1
201420W017954,2,1,0,18,0,1,0,0,0,0,1,1,6,1,53,8,-1,-1,-1,-1,1
201420W017974,1,9,0,9,0,6,0,0,0,0,1,1,2,1,40,7,2000,2,4,3,1
201420W017974,2,1,0,14,0,8,0,0,0,0,1,1,2,2,33,6,-1,-1,-1,-1,1
201420W018064,1,9,0,18,0,0,0,0,1,2,1,1,2,1,40,7,-1,-1,-1,2,1
201420W018104,1,9,0,7,0,3,0,0,0,0,4,1,6,1,23,5,1368,1,8,-1,1
201420W018104,2,9,0,18,0,3,0,0,0,0,3,1,2,1,64,9,1796,1,12,2,1
201420W018114,1,9,0,18,0,0,0,0,0,0,1,1,6,2,-1,-1,1198,1,7,1,1
201420W018114,2,9,0,3,0,0,0,0,0,0,2,1,6,1,49,8,-1,-1,-1,3,1
201420W018434,1,9,0,10,0,1,0,0,0,0,2,1,6,2,20,4,1596,1,8,7,1
201420W018434,2,9,0,18,0,1,0,0,0,0,1,1,6,1,-1,-1,1896,2,10,-1,-1
201420W018694,1,8,0,7,0,8,0,0,0,0,0,1,1,1,36,7,1896,2,9,1,1
201420W018714,1,9,0,14,0,0,0,0,0,0,1,1,6,2,26,6,1360,1,13,4,1