Accident_Index,Vehicle_Reference,Vehicle_Type,Towing_and_Articulation,Vehicle_Manoeuvre,Vehicle_Location-Restricted_Lane,Junction_Location,Skidding_and_Overturning,Hit_Object_in_Carriageway,Vehicle_Leaving_Carriageway,Hit_Object_off_Carriageway,1st_Point_of_Impact,Was_Vehicle_Left_Hand_Drive?,Journey_Purpose_of_Driver,Sex_of_Driver,Age_of_Driver,Age_Band_of_Driver,Engine_Capacity_(CC),Propulsion_Code,Age_of_Vehicle,Driver_IMD_Decile,Driver_Home_Area_Type
201420W019044,1,8,0,16,0,1,0,0,0,0,1,1,1,1,45,7,-1,-1,-1,3,1
201420W019284,1,9,0,7,0,1,0,0,0,0,4,1,6,1,28,6,1299,1,11,-1,-1
201420W019284,2,11,0,18,0,1,0,0,0,0,3,1,1,1,42,7,9600,2,14,1,1
201420W019364,1,9,0,18,0,1,0,0,0,0,1,1,1,2,39,7,1229,1,7,7,1
201420W019364,2,9,0,18,0,1,0,0,0,0,2,1,6,1,45,7,998,1,14,2,1
201420W019364,3,9,0,11,0,1,0,0,0,0,0,1,1,1,31,6,1956,2,1,1,1
201420W019464,1,9,0,6,0,0,0,0,0,0,3,1,6,1,49,8,1199,1,13,1,1
201420W019464,2,2,0,14,0,0,0,0,0,0,1,1,2,1,17,4,125,1,2,2,1
201420W019484,1,9,0,4,9,5,0,10,1,5,1,1,6,1,22,5,2902,2,13,2,1
201420W019604,1,9,0,3,0,1,0,0,0,0,2,1,6,1,33,6,1995,2,9,3,1
201420W019604,2,9,0,18,0,1,0,0,0,0,1,1,6,1,-1,-1,1997,1,11,-1,-1
201420W019654,1,9,0,18,0,8,0,0,0,0,1,1,6,2,19,4,1951,2,9,1,1
201420W019654,2,9,0,3,0,1,0,0,0,0,2,1,6,2,26,6,1198,1,5,8,1
201420W019864,1,9,0,9,0,5,0,0,0,0,4,1,6,2,-1,-1,1242,1,2,1,1
201420W019864,2,9,0,18,0,8,0,0,0,0,1,1,1,1,42,7,2996,1,8,3,1
201420W020204,1,9,0,5,0,4,0,0,0,0,1,1,6,2,48,8,1896,2,7,9,1
201420W020204,2,1,0,7,0,3,0,0,0,0,4,1,6,1,20,4,-1,-1,-1,-1,-1
201420W020224,1,1,0,18,0,5,0,0,0,0,1,1,2,1,62,9,-1,-1,-1,2,1
201420W020224,2,8,0,7,0,5,0,0,0,0,1,1,6,1,-1,-1,-1,-1,-1,-1,-1
201420W020254,1,9,0,9,0,6,0,0,0,0,1,1,1,1,53,8,2148,2,6,7,1
201420W020254,2,3,0,14,0,8,0,0,0,0,4,1,4,1,17,4,-1,-1,-1,3,1
201420W020714,1,9,0,18,0,1,5,0,2,2,1,1,6,1,-1,-1,1598,1,5,-1,-1
201420W020734,1,9,0,4,0,0,0,0,0,0,1,1,6,2,-1,-1,1360,1,14,4,1
201420W020734,2,9,0,3,0,0,0,0,0,0,2,1,6,1,21,5,1149,1,6,5,1
201420W020794,1,8,0,18,0,0,0,0,0,0,4,1,6,1,-1,-1,1896,2,9,-1,-1
201420W020864,1,19,0,18,0,1,0,0,0,0,4,1,6,3,-1,-1,-1,-1,-1,-1,-1
201420W020864,2,1,0,5,0,1,0,0,0,0,3,1,1,1,35,6,-1,-1,-1,2,1
201420W021354,1,9,0,18,0,2,0,4,0,0,3,1,6,1,-1,-1,-1,-1,-1,-1,-1
201420W021354,2,9,0,2,0,2,0,0,0,0,3,1,6,2,36,7,-1,-1,-1,1,1
201420W021634,1,9,0,18,0,3,0,0,0,0,1,1,6,1,27,6,1149,1,12,-1,-1
201420W021634,2,9,0,3,0,2,0,0,0,0,2,1,6,2,42,7,1388,1,12,5,1
201420W021684,1,9,0,5,0,8,0,0,2,4,3,1,6,2,25,5,1299,1,10,1,1
201420W021684,2,9,0,18,0,8,0,0,0,0,1,1,6,2,35,6,1386,1,8,4,1
201420W021704,1,9,0,9,0,5,0,0,0,0,4,1,6,1,32,6,1598,1,5,-1,-1
201420W021704,2,9,0,18,0,8,0,0,0,0,1,1,1,1,43,7,1896,2,11,2,1
201420W021724,1,9,0,18,0,0,0,0,0,0,1,1,6,3,-1,-1,-1,-1,-1,-1,-1
201420W021874,1,9,0,18,0,8,0,0,0,0,1,1,6,2,75,10,1796,1,9,3,1
201420W021874,2,9,0,9,0,8,0,0,0,0,1,1,6,2,19,4,1242,1,12,4,1
201420W021894,1,9,0,18,0,6,0,0,0,0,1,1,6,1,28,6,1995,2,-1,2,1
201420W021894,2,5,0,18,0,5,0,0,0,0,1,1,6,1,58,9,599,1,3,1,1
201420W022094,1,8,0,6,0,2,0,0,0,0,4,1,1,1,71,10,2987,2,2,2,1
201420W022094,2,11,0,18,0,2,0,0,0,0,3,1,1,1,27,6,8268,2,11,2,1
201420W022774,1,9,0,18,0,0,0,0,0,0,1,1,6,1,26,6,1968,2,5,1,1
201420W022774,2,9,0,3,0,0,0,0,0,0,2,1,6,1,43,7,1198,1,1,4,1
201420W022804,1,19,0,18,0,0,1,10,6,0,1,1,6,1,27,6,2500,2,7,4,1
201420W022804,2,19,0,18,0,0,0,0,0,0,1,1,1,1,30,6,-1,-1,-1,3,1
201420W022834,1,9,0,13,0,3,0,0,0,0,1,1,6,1,32,6,2204,2,7,1,1
201420W022904,1,9,0,18,0,0,0,0,0,0,4,1,1,1,27,6,1390,1,12,-1,-1
201420W022914,1,9,0,18,0,8,1,0,0,0,1,1,6,1,32,6,2497,2,10,-1,2
201420W022914,2,9,0,18,0,8,1,0,0,0,3,1,6,1,38,7,2993,2,11,2,1
201420W022924,1,9,0,8,0,1,0,0,0,0,2,1,6,2,36,7,1497,1,11,1,1
201420W022924,2,9,0,4,0,1,0,0,0,0,1,1,6,2,44,7,1595,1,6,1,1
201420W022934,1,19,0,9,0,2,0,0,0,0,1,1,1,1,28,6,1995,2,6,3,1
201420W022944,1,9,0,18,0,3,0,0,0,0,1,1,6,2,49,8,1242,1,1,1,1
201420W022944,2,9,0,3,0,2,0,0,0,0,2,1,6,1,55,8,1995,2,5,5,1
201420W022944,3,9,0,3,0,2,0,0,0,0,2,1,6,1,34,6,1794,1,7,2,1
201420W022954,1,9,0,7,0,5,0,10,7,0,1,1,6,2,-1,-1,1360,1,11,-1,-1
201420W022954,2,9,0,3,0,1,0,0,0,0,1,1,6,3,-1,-1,1968,2,3,-1,-1
201420W022984,1,9,0,18,0,0,0,0,0,0,3,1,6,3,-1,-1,-1,-1,-1,-1,-1
201420W022984,2,9,0,3,0,0,0,0,0,0,1,1,6,1,35,6,1794,1,10,1,1
201420W023054,1,9,0,18,0,4,0,0,0,0,1,1,2,1,29,6,998,1,6,1,1
201420W023054,2,9,0,18,0,4,0,0,0,0,1,1,2,1,47,8,-1,-1,-1,10,1
201420W023104,1,9,0,9,0,6,0,0,0,0,1,1,6,2,78,11,1339,1,6,3,1
201420W023114,1,9,0,5,0,3,0,0,0,0,1,1,6,2,25,5,1149,1,7,5,1
201420W023114,2,9,0,5,0,3,0,0,0,0,2,1,6,2,-1,-1,1896,2,13,-1,3
201420W023154,1,9,0,5,0,6,0,0,0,0,4,1,6,1,54,8,1598,2,3,5,1
201420W023154,2,3,0,18,0,8,0,0,0,0,1,1,6,1,31,6,124,1,10,3,1
201420W023194,1,8,0,18,0,8,0,0,0,0,1,1,1,1,32,6,2664,2,12,3,1
201420W023194,2,9,0,18,0,8,0,0,0,0,3,1,6,1,34,6,998,1,8,1,1
201420W023194,3,8,0,8,0,1,0,0,0,0,1,1,1,1,40,7,2231,2,8,2,1
201420W023234,1,9,0,9,0,6,0,0,0,0,0,1,6,1,25,5,1398,2,8,4,1
201420W023234,2,3,0,18,0,8,5,0,0,0,0,1,6,1,35,6,125,1,1,4,1
201420W023294,1,9,0,9,0,8,0,0,0,0,4,1,2,1,42,7,1995,2,5,-1,-1
201420W023294,2,8,0,9,0,8,0,0,0,0,1,1,1,1,49,8,2143,2,3,2,1
201420W023304,1,9,0,18,0,0,0,0,0,0,1,1,1,1,31,6,1794,7,8,-1,1
201420W023304,2,9,0,3,0,0,0,0,0,0,2,1,1,1,34,6,1910,2,6,2,1
201420W023324,1,9,0,18,0,2,0,4,0,0,1,1,6,1,26,6,4398,1,10,2,1
201420W023324,2,9,0,2,0,2,0,0,0,0,2,1,6,3,-1,-1,1242,1,4,-1,-1
201420W023324,3,9,0,2,0,2,0,0,0,0,2,1,6,3,-1,-1,1598,1,9,-1,-1
201420W023344,1,11,0,18,0,8,0,0,0,0,1,1,1,1,76,11,9000,2,7,1,1
201420W023344,2,8,0,18,0,8,0,0,0,0,3,1,1,1,61,9,-1,-1,-1,4,1
201420W023364,1,9,0,18,0,0,0,0,0,0,1,1,6,2,26,6,1560,2,6,3,1
201420W023364,2,9,0,3,0,0,0,0,0,0,2,1,6,1,50,8,1598,1,1,9,1
201420W023424,1,9,0,18,0,8,0,0,0,0,1,1,6,2,32,6,1149,1,13,1,1
201420W023424,2,3,0,18,0,8,5,0,7,0,3,1,6,2,22,5,124,1,4,1,1
201420W023464,1,9,0,7,0,1,0,0,0,0,1,1,1,1,19,4,1199,1,10,-1,-1
201420W023564,1,9,0,14,0,0,0,0,0,0,1,1,6,2,-1,-1,-1,-1,-1,-1,-1
201420W023654,1,9,0,6,0,0,0,0,0,0,1,1,6,1,34,6,1587,1,11,3,1
201420W023704,1,9,0,18,0,0,0,4,0,0,4,1,6,1,-1,-1,1598,1,6,1,1
201420W023704,2,9,0,2,0,0,0,0,0,0,4,1,6,2,31,6,1598,1,8,5,1
201420W023744,1,9,0,9,0,8,0,0,0,0,1,1,6,1,26,6,1390,1,8,1,1
201420W023744,2,1,0,18,0,8,0,0,0,0,1,1,2,1,49,8,-1,-1,-1,9,3
201420W024134,1,9,0,7,0,3,0,0,1,1,1,1,6,1,52,8,1796,1,10,-1,-1
201420W024134,2,9,0,16,0,3,0,0,0,0,4,1,6,1,31,6,1598,1,11,-1,-1
201420W024144,1,9,0,9,0,8,0,0,0,0,1,1,6,1,43,7,-1,-1,-1,6,3
201420W024144,2,9,0,18,0,8,0,0,1,10,1,1,6,1,20,4,1997,2,14,7,1
201420W024244,1,9,0,7,0,6,0,0,0,0,1,1,2,1,46,8,-1,-1,-1,7,1
201420W024244,2,1,0,18,0,8,0,0,0,0,2,1,2,1,25,5,-1,-1,-1,3,1
201420W024314,1,9,0,18,0,0,0,0,0,0,1,1,1,2,36,7,1248,2,2,8,3
201420W024314,2,9,0,3,0,0,0,0,0,0,2,1,6,2,19,4,1596,1,10,-1,1
201420W024314,3,19,0,3,0,0,0,0,0,0,2,1,1,1,45,7,1996,2,3,1,1
201420W024324,1,9,0,18,0,8,0,0,0,0,1,1,1,1,41,7,1956,2,1,6,1
201420W024324,2,9,0,9,0,6,0,0,0,0,3,1,6,2,60,9,1598,1,13,1,1
201420W024384,1,9,0,9,0,5,0,0,0,0,4,1,6,1,30,6,1596,1,9,1,1
201420W024384,2,9,0,18,0,8,0,0,0,0,1,1,6,1,65,9,1956,2,1,7,1
201420W024394,1,9,0,9,0,8,0,0,0,0,1,1,1,1,43,7,2184,2,5,1,1
201420W024394,2,9,0,18,0,8,0,0,0,0,1,1,1,1,25,5,1896,2,13,1,1
201420W024434,1,10,0,18,0,8,0,0,0,0,3,1,6,1,56,9,2461,2,15,1,1
201420W024434,2,9,0,18,0,8,0,0,0,0,1,1,6,1,34,6,1686,2,10,1,1
201420W024434,3,9,0,18,0,8,0,0,0,0,3,1,6,1,52,8,1590,1,23,10,1
201420W024534,1,9,0,9,0,1,0,0,0,0,3,1,1,1,37,7,1910,2,10,1,1
201420W024534,2,20,1,18,0,1,0,0,4,1,4,1,2,1,50,8,5861,2,14,2,1
201420W024664,1,9,0,18,0,1,0,0,0,0,3,1,1,1,32,6,1596,1,11,1,1
201420W024704,1,9,0,7,0,5,5,0,0,0,1,1,6,1,-1,-1,2231,2,1,-1,-1
201420W024704,2,8,0,4,0,1,0,0,0,0,1,1,1,1,35,6,1995,2,9,1,1
201420W024704,3,9,0,4,0,1,0,0,0,0,1,1,1,1,32,6,1995,2,9,1,1
201420W025044,1,9,0,18,0,0,0,0,0,0,1,1,6,1,22,5,2980,2,18,-1,-1
201420W025044,2,9,0,18,0,0,0,0,0,0,1,1,6,1,-1,-1,998,1,16,-1,-1
201420W025054,1,8,0,18,0,2,0,0,0,0,1,1,6,1,26,6,1598,7,5,-1,1
201420W025124,1,11,0,4,2,1,0,0,0,0,4,1,1,1,32,6,8268,2,11,2,1
201420W025184,1,19,0,18,0,8,0,0,0,0,1,1,1,1,-1,-1,2143,2,2,1,1
201420W025184,2,9,0,3,0,1,0,0,0,0,2,1,2,1,41,7,2435,7,11,7,1
201420W025274,1,9,0,18,0,3,0,0,4,0,1,1,6,1,23,5,2480,1,2,2,1
201420W025274,2,9,0,18,0,3,0,0,0,0,0,1,6,1,-1,-1,-1,-1,-1,-1,-1
201420W025284,1,3,0,9,0,8,0,0,0,0,4,1,6,1,19,4,124,1,7,1,1
201420W025284,2,9,0,18,0,8,0,0,0,0,1,1,1,1,49,8,2685,2,9,1,1
201420W025324,1,9,0,18,0,4,0,0,0,0,1,1,1,2,56,9,1598,1,5,4,1
201420W025324,2,9,0,18,0,3,0,0,0,0,4,1,6,2,47,8,1999,1,6,1,1
201420W025354,1,9,0,4,0,1,0,0,0,0,1,1,6,2,-1,-1,1587,1,9,-1,-1
201420W025354,2,9,0,3,0,1,0,0,0,0,2,1,6,2,36,7,1995,2,12,7,1
201420W025464,1,9,0,9,0,8,0,0,0,0,3,1,6,1,29,6,1598,1,11,6,1
201420W025464,2,9,0,18,0,8,0,0,0,0,1,1,6,2,27,6,1598,1,5,2,1
201420W025474,1,9,0,4,0,1,0,0,0,0,2,1,2,2,40,7,1560,2,2,3,1
201420W025474,2,9,0,4,0,1,0,0,0,0,1,1,2,2,30,6,1560,2,1,3,1
201420W025494,1,11,0,4,0,1,0,0,0,0,0,1,1,1,29,6,7300,2,11,4,1
201420W025684,1,9,0,18,0,8,0,0,0,0,3,1,6,2,55,8,999,1,5,3,1
201420W025684,2,9,0,5,0,8,0,0,0,0,1,1,6,1,-1,-1,1399,1,11,-1,-1
201420W025764,1,9,0,18,0,0,0,0,0,0,4,1,2,1,24,5,1984,1,6,2,1
201420W025764,2,1,0,5,0,0,0,0,0,0,1,1,2,1,-1,-1,-1,-1,-1,-1,-1
201420W025774,1,9,0,18,0,1,0,0,0,0,2,1,6,3,-1,-1,-1,-1,-1,-1,-1
201420W025774,2,11,0,18,0,1,0,0,0,0,1,1,6,3,-1,-1,-1,-1,-1,-1,-1
201420W025794,1,9,0,18,0,2,0,0,0,0,1,1,6,2,20,4,1968,2,1,1,1
201420W025804,1,9,0,18,0,8,0,0,0,0,1,1,6,3,-1,-1,1598,2,1,-1,-1
201420W025804,2,9,0,7,0,8,0,0,0,0,1,1,6,2,34,6,1956,2,2,8,3
201420W025844,1,9,0,16,0,2,0,4,0,0,1,1,2,1,43,7,1840,1,11,1,1
201420W025844,2,9,0,2,9,2,0,10,0,0,2,1,1,1,29,6,1896,2,8,1,1
201420W025874,1,8,0,18,0,1,0,0,0,0,1,1,1,1,43,7,1968,2,4,6,1
201420W025904,1,9,0,17,0,8,0,0,0,0,1,1,6,2,39,7,1997,2,12,1,1
201420W025904,2,9,0,7,0,8,0,0,0,0,3,1,6,1,-1,-1,998,1,1,-1,-1
201420W025954,1,9,0,7,0,3,0,10,1,3,4,1,6,2,25,5,1598,1,6,3,1
201420W025954,2,9,0,7,0,3,0,0,0,0,3,1,6,1,50,8,1995,1,7,7,1
201420W026054,1,9,0,18,0,1,0,0,0,0,1,1,6,2,-1,-1,1360,1,14,-1,-1
201420W026054,2,9,0,3,0,1,0,0,0,0,2,1,6,2,20,4,1124,1,8,3,1
201420W026084,1,9,0,18,0,0,0,0,0,0,1,1,1,1,22,5,1995,2,12,1,1
201420W026084,2,1,0,14,0,0,0,0,0,0,1,1,6,1,23,5,-1,-1,-1,3,1
201420W026174,1,9,0,9,0,8,0,0,0,0,4,1,1,1,55,8,1896,2,10,10,1
201420W026174,2,9,0,18,0,8,0,0,0,0,1,1,2,2,40,7,1360,1,15,4,1
201420W026194,1,9,0,18,0,0,0,0,0,0,1,1,6,2,-1,-1,-1,-1,-1,1,1
201420W026364,1,9,0,18,0,6,0,0,0,0,1,1,6,1,22,5,1199,1,12,3,1
201420W026364,2,9,0,18,0,8,0,0,0,0,4,1,6,1,39,7,2685,2,10,3,1
201420W026914,1,9,0,18,0,2,0,0,0,0,1,1,6,1,26,6,1242,1,12,2,1
201420W026914,2,9,0,18,0,1,0,0,0,0,2,1,3,2,43,7,3311,8,7,8,3
201420W027244,1,19,0,18,0,1,0,0,7,10,1,1,6,1,32,6,2148,2,5,2,1
201420W027244,2,9,0,9,0,5,0,0,7,10,3,1,6,1,24,5,1198,1,3,3,1
201420W027324,1,9,0,18,0,0,0,0,0,0,1,1,6,2,45,7,1390,1,12,1,1
201420W027324,2,9,0,18,0,0,0,0,0,0,2,1,6,1,62,9,2198,2,8,2,1
201420W027364,1,9,0,16,0,1,0,0,0,0,1,1,6,3,-1,-1,1598,1,-1,-1,-1
201420W027364,2,9,0,10,0,1,0,0,0,0,2,1,2,2,42,7,1992,2,7,6,1
201420W027364,3,9,0,10,0,1,0,0,0,0,2,1,2,1,29,6,-1,-1,-1,1,1
201420W027464,1,5,0,15,0,0,2,4,0,0,4,1,6,1,29,6,599,1,4,5,1
201420W027464,2,9,0,18,0,0,0,0,0,0,4,1,6,2,35,6,1600,1,8,1,1
201420W027464,3,9,0,2,0,0,0,0,0,0,2,1,6,1,24,5,1686,2,9,1,1
201420W027514,1,9,0,18,0,4,0,0,0,0,1,1,6,3,20,4,1686,2,7,6,1
201420W027514,2,1,0,18,0,3,0,0,0,0,1,1,6,1,25,5,-1,-1,-1,2,1
201420W027564,1,9,0,18,0,8,0,0,0,0,1,1,1,1,23,5,1560,2,1,-1,1
201420W027564,2,9,0,18,0,8,0,0,0,0,4,1,1,1,44,7,1995,2,8,4,1
201420W027614,1,9,0,18,0,8,0,0,0,0,1,1,6,1,-1,-1,-1,-1,-1,-1,-1
201420W027614,2,9,0,10,0,8,0,0,0,0,3,1,6,1,46,8,1299,1,13,3,1
201420W027624,1,9,0,7,0,5,0,0,0,0,4,1,6,1,-1,-1,1389,1,14,2,1
201420W027624,2,9,0,3,0,1,0,0,0,0,1,1,1,1,42,7,1998,1,11,1,1
201420W027724,1,9,0,5,0,8,0,0,0,0,3,1,6,2,53,8,1398,2,12,2,1
201420W027724,2,9,0,18,0,8,0,0,0,0,1,1,6,1,23,5,1229,1,-1,5,1
201420W027744,1,9,0,5,9,8,0,0,0,0,1,1,6,2,-1,-1,-1,-1,-1,-1,-1
201420W027744,2,1,0,18,9,8,0,0,0,0,1,1,6,1,27,6,-1,-1,-1,1,1
201420W027774,1,9,0,18,0,1,0,0,0,0,1,1,6,3,-1,-1,-1,-1,-1,-1,-1
201420W027844,1,9,0,18,0,8,0,0,0,0,2,1,1,1,24,5,1686,2,10,1,1
201420W027844,2,9,0,18,0,8,0,0,0,0,1,1,1,2,30,6,1390,1,9,1,1
201420W027874,1,9,0,7,9,8,0,0,0,0,4,1,6,3,-1,-1,-1,-1,-1,-1,-1
201420W027874,2,1,0,18,9,8,0,0,0,0,1,1,6,1,48,8,-1,-1,-1,4,1
201420W027984,1,9,0,7,0,5,0,0,0,0,1,1,6,1,-1,-1,-1,-1,-1,-1,-1
201420W028004,1,9,0,16,0,0,1,10,2,10,1,1,6,1,56,9,1753,2,9,7,1
201420W028424,1,9,0,9,0,8,0,0,1,1,1,1,6,1,-1,-1,1598,7,10,-1,-1
201420W028424,2,9,0,18,0,8,0,0,0,0,1,1,6,2,22,5,1199,1,12,1,1
201420W028444,1,9,0,6,0,0,0,0,0,0,1,1,1,1,62,9,1686,2,3,7,1
201420W028464,1,9,0,3,0,1,0,0,0,0,2,1,2,2,51,8,1124,1,9,5,1
201420W028464,2,9,0,4,0,1,0,0,0,0,1,1,2,1,37,7,2183,2,2,1,1
201420W028464,3,10,0,18,0,1,0,0,0,0,0,1,1,1,43,7,-1,-1,-1,-1,-1
201420W028474,1,9,0,18,0,0,0,0,0,0,1,1,6,3,-1,-1,1595,1,13,-1,-1
201420W028474,2,9,0,18,0,0,0,0,0,0,1,1,6,2,-1,-1,1339,1,8,4,1
201420W028474,3,9,0,18,0,0,0,0,0,0,0,1,1,1,37,7,-1,-1,-1,-1,-1
201420W028514,1,9,0,18,0,1,1,0,0,0,1,1,6,1,-1,-1,1997,1,10,-1,-1
201420W028514,2,10,0,3,0,1,0,0,0,0,2,1,1,1,46,8,2500,2,13,5,1
201420W028514,3,9,0,3,0,1,0,0,0,0,4,1,6,3,-1,-1,2199,2,5,-1,-1
201420W028644,1,9,0,7,0,2,0,4,0,0,1,1,2,2,30,6,1896,2,6,1,1
201420W028644,2,9,0,18,0,1,0,0,0,0,1,1,2,2,63,9,1998,1,12,1,1
201420W028644,3,9,0,2,0,2,0,0,0,0,3,1,6,3,-1,-1,1598,1,7,-1,-1
201420W028874,1,9,0,9,0,8,0,0,0,0,4,1,6,2,-1,-1,1242,1,12,-1,-1
201420W028874,2,9,0,18,0,8,1,0,0,0,1,1,2,2,44,7,1198,1,1,1,1
201420W028914,1,9,0,14,0,0,0,0,0,0,1,1,6,2,31,6,1596,1,11,1,1
201420W028924,1,19,0,18,0,1,0,0,0,0,1,1,1,1,41,7,1998,2,10,6,1
201420W028924,2,9,0,1,0,7,0,0,0,0,2,1,6,2,25,5,1995,2,9,1,1
201420W029124,1,9,0,9,0,6,0,0,0,0,1,1,6,1,72,10,2987,2,3,1,1
201420W029124,2,9,0,18,0,8,0,0,0,0,2,1,2,1,-1,-1,1998,1,10,-1,-1
201420W029144,1,9,0,1,0,0,0,0,0,0,2,1,6,1,39,7,1896,2,12,8,1
201420W029244,1,19,0,18,0,8,0,0,0,0,1,1,6,1,23,5,2402,2,12,3,1
201420W029244,2,9,0,18,0,8,1,10,1,0,3,1,6,1,50,8,1332,1,18,1,1
201420W029244,3,9,0,18,0,1,0,0,0,0,0,1,1,1,-1,-1,1968,2,1,-1,-1
201420W029244,4,9,0,18,0,1,0,0,0,0,0,1,1,1,-1,-1,2967,2,1,-1,-1
201420W029294,1,9,0,18,0,8,1,0,0,0,1,1,6,1,63,9,998,1,12,1,1
201420W029294,2,9,0,9,0,6,0,0,0,0,4,1,6,1,25,5,998,1,-1,2,1
201420W029334,1,4,0,18,0,2,0,0,0,0,1,1,6,1,-1,-1,-1,-1,-1,-1,-1
201420W029384,1,9,0,18,0,0,0,0,0,0,1,1,6,1,22,5,2685,2,11,2,1
201420W029394,1,3,0,18,0,1,0,0,0,0,1,1,6,2,20,4,125,1,4,1,1
201420W029394,2,9,0,7,0,5,0,0,0,0,2,1,6,1,24,5,998,1,13,3,1
201420W029584,1,9,0,18,0,1,0,0,0,0,4,1,6,1,26,6,998,1,2,-1,-1
201420W029584,2,20,0,3,0,1,0,0,0,0,3,1,1,1,25,5,2287,2,4,1,1
201420W029834,1,9,0,18,0,2,0,0,0,0,1,1,1,2,31,6,1868,2,15,1,1
201420W029834,2,9,0,18,0,1,0,0,0,0,1,1,1,1,42,7,1796,1,15,-1,1
201420W029864,1,9,0,9,0,6,0,0,0,0,1,1,6,2,59,9,2494,1,11,-1,1
201420W029864,2,9,0,4,0,8,0,0,0,0,4,1,1,2,56,9,1560,2,1,5,1
201420W029874,1,9,0,11,0,3,0,0,0,0,2,1,6,1,18,4,1997,2,12,3,1
201420W029874,2,21,1,11,0,3,0,0,0,0,1,1,1,1,49,8,12900,2,7,8,1
201420W029904,1,9,0,18,0,8,0,0,0,0,1,1,6,1,64,9,1560,2,2,3,1
201420W029904,2,9,0,9,0,8,0,0,0,0,4,1,6,1,23,5,1590,1,12,4,1
201420W029924,1,9,0,13,0,0,0,0,0,0,1,1,2,1,25,5,2148,2,7,3,1
201420W029924,2,9,0,12,0,0,0,10,4,0,2,1,2,1,56,9,1296,1,8,4,1
201420W030214,1,9,0,18,0,1,0,0,0,0,1,1,6,1,-1,-1,1560,2,4,-1,-1
201420W030214,2,9,0,3,0,1,0,0,0,0,2,1,6,1,36,7,998,1,12,1,1
201420W030224,1,9,0,18,0,0,0,0,0,0,1,1,1,1,59,9,1798,1,8,1,1
201420W030244,1,9,0,18,0,0,0,0,0,0,1,1,6,2,49,8,996,1,5,-1,1
201420W030494,1,9,0,9,0,2,0,0,0,0,1,1,6,3,-1,-1,-1,-1,-1,-1,-1
201420W030534,1,9,0,18,0,0,0,0,0,0,1,1,6,1,-1,-1,1951,2,13,-1,-1
201420W030544,1,9,0,18,0,0,0,0,0,0,1,1,6,2,-1,-1,-1,-1,-1,-1,-1
201420W030644,1,1,0,18,0,1,0,0,0,0,1,1,2,1,49,8,-1,-1,-1,3,1
201420W030644,2,9,0,4,0,1,0,0,0,0,2,1,2,2,34,6,1198,1,5,1,1
201420W030644,3,8,0,18,0,1,0,0,0,0,1,1,6,1,-1,-1,-1,-1,-1,-1,-1
201420W030714,1,9,0,18,0,0,1,0,8,4,3,1,6,1,23,5,2300,1,32,5,1
201420W030714,2,9,0,18,0,0,0,4,0,0,4,1,1,1,31,6,1995,2,8,5,1
201420W030714,3,9,0,2,9,0,0,0,0,0,3,1,6,1,-1,-1,1870,2,7,4,1
201420W030724,1,3,0,6,0,0,0,0,0,0,1,1,1,1,17,4,124,1,1,2,1
201420W030734,1,9,0,5,0,4,0,0,0,0,1,1,1,1,55,8,-1,-1,-1,2,1
201420W030734,2,1,0,18,0,8,0,0,0,0,4,1,6,2,20,4,-1,-1,-1,2,1
201420W030874,1,9,0,12,0,0,0,0,0,0,3,1,6,2,18,4,1000,1,14,3,1
201420W030874,2,9,0,18,0,0,0,7,0,0,1,1,1,1,46,8,1560,2,7,2,1
201420W030934,1,21,0,7,0,8,0,0,0,0,0,1,1,3,-1,-1,11021,2,10,-1,-1
201420W030934,2,19,0,18,0,8,0,10,0,0,1,1,1,2,29,6,-1,-1,-1,6,1
201420W030944,1,9,0,18,0,2,0,0,0,0,1,1,6,1,24,5,1995,2,-1,1,1
201420W030944,2,9,0,4,0,2,0,0,0,0,2,1,1,1,41,7,1910,2,9,1,1
201420W030974,1,9,0,18,0,1,0,0,0,0,1,1,6,1,-1,-1,-1,-1,-1,-1,-1
201420W030974,2,9,0,3,0,1,0,0,0,0,2,1,6,2,35,6,1242,1,3,4,1
201420W031024,1,1,0,18,0,8,0,0,0,0,4,1,2,1,33,6,-1,-1,-1,4,1
201420W031024,2,9,0,9,0,8,0,0,0,0,1,1,6,2,-1,-1,1596,1,15,-1,1
201420W031094,1,9,0,18,0,8,0,0,0,0,4,1,6,1,32,6,1995,2,9,-1,-1
201420W031094,2,1,0,18,0,8,0,0,0,0,1,1,6,2,6,2,-1,-1,-1,1,1
201420W031234,1,9,0,9,0,8,0,0,0,0,1,1,6,2,39,7,1799,1,5,1,1
201420W031234,2,9,0,14,0,8,0,0,0,0,3,1,6,1,50,8,2902,2,10,1,1
201420W031254,1,1,0,7,0,5,0,0,0,0,1,1,2,1,53,8,-1,-1,-1,10,1
201420W031254,2,9,0,4,0,1,0,0,0,0,1,1,2,1,53,8,1999,1,3,7,1
201420W031274,1,9,0,11,0,0,0,0,0,0,0,1,6,3,-1,-1,1497,8,6,-1,-1
201420W031274,2,9,0,18,0,0,1,7,1,10,1,1,6,1,31,6,1299,1,12,4,1