Accident_Index,Vehicle_Reference,Vehicle_Type,Towing_and_Articulation,Vehicle_Manoeuvre,Vehicle_Location-Restricted_Lane,Junction_Location,Skidding_and_Overturning,Hit_Object_in_Carriageway,Vehicle_Leaving_Carriageway,Hit_Object_off_Carriageway,1st_Point_of_Impact,Was_Vehicle_Left_Hand_Drive?,Journey_Purpose_of_Driver,Sex_of_Driver,Age_of_Driver,Age_Band_of_Driver,Engine_Capacity_(CC),Propulsion_Code,Age_of_Vehicle,Driver_IMD_Decile,Driver_Home_Area_Type
201420W031284,1,9,0,1,0,0,0,4,0,0,2,1,6,1,-1,-1,1753,2,7,9,1
201420W031284,2,9,0,2,0,0,0,0,0,0,4,1,6,1,50,8,1242,1,14,4,1
201420W031384,1,19,0,3,0,0,0,0,0,0,2,1,1,1,36,7,1753,2,6,3,1
201420W031384,2,9,0,18,0,0,0,0,0,0,1,1,6,1,-1,-1,1598,1,12,-1,-1
201420W031414,1,9,0,6,0,0,0,0,0,0,1,1,6,3,-1,-1,-1,-1,-1,-1,-1
201420W031414,2,9,0,14,0,0,0,0,0,0,4,1,6,1,53,8,1796,1,12,1,1
201420W031504,1,9,0,2,0,1,0,0,0,0,1,1,6,2,33,6,1461,2,8,2,1
201420W031504,2,19,0,1,0,1,0,4,0,0,2,2,6,1,20,4,-1,-1,-1,1,1
201420W031654,1,9,0,9,0,6,0,0,0,0,3,1,6,2,23,5,1242,1,-1,2,1
201420W031654,2,9,0,18,0,8,1,0,0,0,1,1,6,2,25,5,1796,1,10,1,1
201420W031674,1,9,0,16,0,2,0,0,0,0,1,1,6,1,29,6,1796,1,14,2,1
201420W031864,1,9,0,18,0,8,0,0,0,0,1,1,6,2,21,5,1299,1,14,1,1
201420W031864,2,9,0,18,0,8,0,0,0,0,3,1,6,2,51,8,1299,1,11,1,1
201420W031944,1,9,0,18,0,1,0,0,0,0,1,1,2,2,25,5,1686,2,7,2,1
201420W031944,2,9,0,4,0,1,0,0,0,0,2,1,2,1,44,7,1200,1,10,5,1
201420W031944,3,9,0,9,0,5,0,0,0,0,2,1,2,2,38,7,1364,2,6,2,1
201420W031954,1,9,0,2,0,0,0,0,0,0,1,1,1,1,30,6,1956,2,2,-1,-1
201420W031954,2,9,0,1,0,0,0,4,0,0,2,1,6,1,22,5,1598,1,-1,-1,-1
201420W031994,1,9,0,18,0,8,0,0,0,0,1,1,6,2,39,7,1896,2,10,1,1
201420W031994,2,9,0,10,0,5,0,0,0,0,2,1,6,1,54,8,1275,1,15,1,1
201420W032724,1,9,0,18,0,6,2,0,3,0,3,1,6,2,24,5,995,1,5,-1,-1
201420W032724,2,8,0,18,0,8,1,0,7,0,1,1,1,1,46,8,-1,-1,-1,1,1
201420W032774,1,9,0,4,0,2,0,0,0,0,2,1,6,2,29,6,1329,1,3,5,1
201420W032774,2,9,0,18,0,1,0,0,0,0,1,1,6,3,-1,-1,-1,-1,-1,-1,-1
201420W032944,1,9,0,18,0,1,0,0,0,0,1,1,6,2,48,8,1560,2,1,6,1
201420W032944,2,9,0,3,0,1,0,0,0,0,2,1,6,1,35,6,1332,1,15,1,1
201420W033354,1,9,0,13,0,1,0,10,1,10,1,1,6,1,22,5,2143,2,3,1,1
201420W033354,2,9,0,18,0,2,0,0,0,0,3,1,6,1,33,6,1299,1,12,4,1
201420W033354,3,9,0,18,0,2,0,0,0,0,3,1,6,1,-1,-1,1598,2,-1,-1,-1
201420W033354,4,9,0,18,0,1,0,0,0,0,0,1,1,1,-1,-1,1968,2,2,-1,-1
201420W033394,1,9,0,9,0,8,0,0,0,0,3,1,6,1,41,7,1248,2,6,1,1
201420W033394,2,9,0,9,0,8,0,0,0,0,4,1,1,1,-1,-1,1956,2,2,-1,-1
201420W033514,1,9,0,11,0,3,0,0,0,0,4,1,6,1,-1,-1,-1,-1,-1,8,1
201420W033514,2,11,0,5,0,3,0,0,0,0,3,1,1,1,54,8,8268,2,11,1,1
201420W033734,1,19,0,14,0,0,0,0,0,0,3,1,1,1,40,7,2143,2,4,2,1
201420W033734,2,9,0,18,0,0,1,10,1,10,3,1,6,2,21,5,1242,1,8,2,1
201420W033794,1,9,0,18,0,8,0,0,0,0,4,1,6,1,-1,-1,1968,2,5,-1,-1
201420W033794,2,9,0,18,0,8,0,0,0,0,1,1,6,1,-1,-1,1248,2,1,-1,-1
201420W034534,1,8,0,5,0,0,0,0,0,0,1,1,1,1,39,7,-1,-1,-1,3,1
201420W034564,1,9,0,9,0,8,0,0,0,0,0,1,6,1,82,11,1242,1,8,1,1
201420W034564,2,9,0,18,0,2,0,0,1,10,1,1,6,1,31,6,1595,1,8,1,1
201420W034584,1,9,0,18,0,0,0,0,0,0,4,1,6,3,-1,-1,-1,-1,-1,-1,-1
201420W034604,1,9,0,18,0,2,0,0,0,0,1,1,6,3,-1,-1,-1,-1,-1,-1,-1
201420W034614,1,8,0,18,0,0,0,0,0,0,2,1,6,3,-1,-1,-1,-1,-1,-1,-1
201420W034644,1,9,0,9,0,5,0,0,0,0,4,1,1,1,25,5,1596,1,9,-1,-1
201420W034644,2,5,0,18,0,8,0,0,0,0,1,1,2,1,39,7,782,1,5,6,1
201420W034784,1,9,0,9,0,6,0,0,0,0,1,1,6,1,67,10,1968,2,3,1,1
201420W034784,2,5,0,18,0,8,5,0,0,0,1,1,6,1,35,6,599,1,14,2,1
201420W034844,1,11,0,5,0,1,0,0,0,0,4,1,1,1,38,7,9000,2,7,-1,-1
201420W034844,2,9,0,5,0,1,0,0,0,0,3,1,6,2,-1,-1,1248,2,2,-1,-1
201420W034924,1,9,0,9,0,5,0,0,0,0,1,1,6,1,79,11,1498,1,7,7,1
201420W034924,2,5,0,18,0,8,1,0,0,0,1,1,6,1,27,6,600,1,15,1,1
201420W034994,1,9,0,18,0,0,0,0,0,0,1,1,6,2,57,9,1229,1,6,1,1
201420W035044,1,9,0,5,0,0,0,0,0,0,1,1,6,1,-1,-1,1588,1,14,-1,-1
201420W035124,1,9,0,18,0,1,0,0,0,0,1,1,2,2,30,6,1199,1,10,1,1
201420W035124,2,9,0,6,0,2,0,0,0,0,1,1,6,1,38,7,1998,2,11,5,1
201420W035244,1,9,0,18,0,0,0,0,0,0,3,1,6,1,44,7,1598,2,4,6,1
201420W035434,1,9,0,18,0,8,0,0,1,0,1,1,6,1,28,6,4163,1,3,9,1
201420W035434,2,9,0,9,0,8,0,0,0,0,3,1,6,1,36,7,1461,2,3,1,1
201420W035584,1,1,0,18,0,8,0,0,0,0,1,1,2,1,36,7,-1,-1,-1,4,1
201420W035584,2,8,0,9,0,8,0,0,0,0,4,1,6,1,29,6,1686,2,6,1,1
201420W035684,1,11,0,5,2,0,0,0,0,0,0,1,1,1,41,7,6700,2,2,2,1
201420W035814,1,9,0,18,0,0,0,0,0,0,0,1,6,1,53,8,1753,2,9,2,1
201420W035814,2,11,0,18,0,0,0,0,0,0,0,1,2,1,36,7,-1,-1,-1,-1,-1
201420W035834,1,9,0,2,0,0,0,0,0,0,2,1,1,2,59,9,2907,2,7,9,1
201420W035834,2,20,0,5,0,0,0,0,0,0,1,1,1,1,51,8,4250,2,11,-1,-1
201420W036024,1,19,0,18,0,0,0,0,0,0,1,1,1,1,37,7,2148,2,5,1,1
201420W036044,1,9,0,18,0,0,0,0,0,0,3,1,3,2,39,7,1794,1,12,3,1
201420W036064,1,9,0,18,0,8,0,0,0,0,4,1,6,2,26,6,1968,2,3,7,1
201420W036064,2,9,0,18,0,8,0,0,0,0,1,1,6,2,27,6,1299,1,11,5,1
201420W036114,1,9,0,18,0,8,0,0,0,0,1,1,6,1,-1,-1,1997,2,11,-1,-1
201420W036114,2,9,0,18,0,8,0,0,0,0,4,1,6,1,46,8,1598,2,1,1,1
201420W036134,1,9,0,1,0,0,0,0,0,0,2,1,6,1,-1,-1,-1,-1,-1,-1,-1
201420W036164,1,9,0,9,0,5,0,0,0,0,1,1,6,1,28,6,-1,-1,-1,5,1
201420W036164,2,9,0,18,0,8,0,0,0,0,3,1,6,1,31,6,1600,1,15,-1,-1
201420W036274,1,9,0,7,0,2,0,4,0,0,2,1,6,1,50,8,1299,1,13,1,1
201420W036274,2,9,0,18,0,2,5,0,0,0,1,1,6,1,30,6,1968,2,8,1,1
201420W036274,3,9,0,2,0,2,0,4,0,0,3,1,6,3,-1,-1,1198,1,6,-1,-1
201420W036274,4,9,0,2,0,2,0,4,0,0,3,1,6,3,-1,-1,-1,-1,-1,-1,-1
201420W036334,1,9,0,18,0,4,0,0,0,0,1,1,6,1,-1,-1,-1,-1,-1,-1,-1
201420W036334,2,9,0,18,0,8,0,0,0,0,4,1,6,1,19,4,1229,1,8,1,1
201420W036364,1,9,0,9,0,6,0,10,1,10,1,1,6,1,18,4,1299,1,17,-1,-1
201420W036364,2,9,0,9,0,6,0,10,1,10,1,1,6,1,-1,-1,2993,2,1,1,1
201420W036404,1,9,0,9,0,2,0,0,0,0,1,1,6,2,-1,-1,-1,-1,-1,-1,-1
201420W036554,1,9,0,18,0,6,0,0,0,0,4,1,2,2,23,5,1242,1,2,8,3
201420W036554,2,1,0,18,4,8,0,0,0,0,4,1,2,1,21,5,-1,-1,-1,5,1
201420W036594,1,9,0,5,0,8,0,0,0,0,3,1,6,1,17,4,1149,1,11,2,1
201420W036594,2,9,0,18,0,8,2,10,0,0,1,1,6,1,19,4,1299,1,12,8,2
201420W036724,1,9,0,7,0,2,0,0,0,0,1,1,6,1,41,7,-1,-1,-1,-1,-1
201420W036744,1,9,0,9,0,6,0,0,0,0,4,1,6,1,19,4,1686,2,3,5,1
201420W036744,2,9,0,18,0,8,1,0,0,0,3,1,6,2,20,4,1299,1,12,4,1
201420W036804,1,9,0,18,0,1,0,0,0,0,1,1,6,2,54,8,1896,2,6,6,3
201420W036804,2,9,0,3,0,1,0,0,0,0,2,1,6,1,42,7,-1,-1,-1,1,1
201420W036924,1,9,0,18,0,8,0,0,0,0,0,1,1,1,-1,-1,1956,2,2,1,1
201420W036924,2,9,0,18,0,1,0,0,0,0,1,1,6,2,36,7,1598,2,-1,1,1
201420W036924,3,9,0,4,0,1,0,0,0,0,2,1,6,1,42,7,1560,2,6,1,1
201420W036964,1,9,0,7,0,6,0,0,0,0,1,1,6,1,-1,-1,-1,-1,-1,-1,-1
201420W036974,1,8,0,9,0,2,0,0,0,0,1,1,6,1,52,8,1998,1,8,1,1
201420W037104,1,9,0,18,0,1,0,0,0,0,1,1,6,1,23,5,1498,1,4,-1,-1
201420W037124,1,8,0,5,0,1,0,0,0,0,1,1,6,3,-1,-1,-1,-1,-1,-1,-1
201420W037144,1,21,1,14,0,0,0,0,0,0,1,1,1,1,60,9,4462,2,1,1,1
201420W037144,2,9,0,3,0,0,0,0,0,0,2,1,6,2,34,6,1199,1,11,1,1
201420W037674,1,9,0,18,0,1,0,0,0,0,1,1,6,3,-1,-1,-1,-1,-1,-1,-1
201420W037674,2,9,0,3,0,1,0,0,0,0,2,1,6,1,52,8,1598,1,9,4,1
201420W037694,1,9,0,18,0,8,0,0,0,0,1,1,6,1,-1,-1,1910,2,8,-1,-1
201420W037694,2,9,0,3,0,8,0,0,0,0,2,1,2,2,32,6,1332,1,5,7,1
201420W037704,1,9,0,5,0,8,0,0,0,0,1,1,6,2,36,7,796,1,15,4,1
201420W037704,2,9,0,18,0,8,0,0,0,0,4,1,6,2,30,6,1995,2,9,3,1
201420W037814,1,9,0,5,0,0,0,0,0,0,1,1,6,1,46,8,1998,2,9,7,1
201420W037814,2,9,0,1,0,0,0,0,0,0,2,1,2,2,60,9,1388,1,10,3,1
201420W037934,1,9,0,18,0,1,0,0,0,0,1,1,6,2,31,6,1240,1,10,5,1
201420W037934,2,19,0,3,0,1,0,0,0,0,2,1,1,1,46,8,2148,2,7,6,1
201420W038024,1,9,0,9,0,1,0,0,0,0,1,1,6,1,49,8,2698,2,6,6,1
201420W038034,1,9,0,18,0,0,0,0,0,0,1,1,6,1,42,7,1896,2,7,1,1
201420W038064,1,1,0,18,0,8,0,0,0,0,4,1,6,1,51,8,-1,-1,-1,1,1
201420W038064,2,19,0,18,0,8,0,0,0,0,1,1,6,3,-1,-1,-1,-1,-1,-1,-1
201420W038074,1,9,0,18,0,8,0,0,3,0,4,1,6,1,43,7,1995,2,9,1,1
201420W038074,2,9,0,18,0,8,0,0,0,0,1,1,6,2,75,10,2143,2,5,6,1
201420W038114,1,9,0,18,0,0,0,0,0,0,1,1,6,1,-1,-1,1796,1,6,-1,-1
201420W038114,2,1,0,18,0,0,0,0,0,0,1,1,6,1,22,5,-1,-1,-1,3,1
201420W038124,1,9,0,14,0,0,0,0,0,0,4,1,6,1,39,7,1242,1,5,2,1
201420W038164,1,9,0,5,0,2,0,0,0,0,1,1,6,1,25,5,1582,2,4,7,1
201420W038164,2,9,0,5,0,1,0,0,0,0,2,1,6,2,56,9,1560,2,4,4,1
201420W038164,3,9,0,5,0,2,0,0,0,0,2,1,6,1,40,7,1995,2,9,5,3
201420W038184,1,9,0,9,0,6,0,0,0,0,4,1,6,1,28,6,1968,2,-1,3,1
201420W038294,1,3,0,13,0,1,5,7,0,0,1,1,6,1,23,5,124,1,-1,1,1
201420W038294,2,9,0,18,0,1,0,0,0,0,0,1,2,2,23,5,1124,1,12,2,1
201420W038314,1,9,0,9,0,6,0,0,0,0,0,1,6,1,-1,-1,-1,-1,-1,-1,-1
201420W038314,2,3,0,5,0,2,0,0,0,0,0,1,6,1,27,6,124,1,7,1,1
201420W038324,1,9,0,18,0,6,0,0,0,0,1,1,6,2,-1,-1,1388,1,2,-1,-1
201420W038324,2,9,0,18,0,8,0,0,0,0,4,1,2,2,26,6,1242,1,9,3,1
201420W038414,1,9,0,5,0,3,0,0,0,0,3,1,6,1,-1,-1,1388,1,8,-1,-1
201420W038434,1,9,0,6,0,0,0,0,0,0,1,1,6,1,40,7,2499,2,12,1,1
201420W038434,2,1,0,13,0,0,0,0,0,0,4,1,6,1,47,8,-1,-1,-1,8,1
201420W038444,1,9,0,4,0,0,0,0,0,0,2,1,6,1,27,6,1596,1,4,-1,1
201420W038444,2,1,0,18,0,0,5,0,0,0,1,1,6,1,12,3,-1,-1,-1,-1,1
201420W038454,1,9,0,7,0,2,0,0,0,0,4,1,6,1,72,10,-1,-1,-1,4,1
201420W038464,1,9,0,7,0,2,0,0,0,0,1,1,6,1,-1,-1,1390,1,14,-1,-1
201420W038464,2,9,0,3,0,1,0,0,0,0,1,1,6,1,43,7,2143,2,4,1,1
201420W038474,1,9,0,12,0,0,2,7,5,1,1,1,6,1,20,4,1596,1,9,1,1
201420W038474,2,9,0,18,0,0,0,0,0,0,2,1,6,1,29,6,599,1,12,9,3
201420W038564,1,21,1,18,0,3,0,0,0,0,4,1,1,1,45,7,10518,2,5,5,1
201420W038564,2,9,0,18,0,3,0,0,0,0,3,1,6,1,28,6,1998,1,11,1,1
201420W038584,1,9,0,12,0,1,0,0,0,0,3,1,2,2,29,6,1560,2,10,7,1
201420W038584,2,1,0,13,0,1,0,0,0,0,1,1,2,1,39,7,-1,-1,-1,8,1
201420W038594,1,5,0,13,0,1,0,0,0,0,1,1,6,1,36,7,988,1,11,6,1
201420W038594,2,9,0,9,0,1,0,0,0,0,3,1,6,1,66,10,1798,1,12,5,1
201420W038624,1,9,0,5,0,4,0,0,0,0,1,1,6,1,44,7,1598,1,11,1,1
201420W038624,2,1,0,18,0,8,0,0,0,0,1,1,6,1,80,11,-1,-1,-1,1,1
201420W038634,1,19,0,4,0,1,0,0,0,0,1,1,2,2,45,7,2148,2,8,6,1
201420W038634,2,9,0,3,0,1,0,0,0,0,2,1,6,2,48,8,1995,2,1,2,1
201420W038754,1,9,0,18,0,8,0,0,0,0,1,1,6,2,54,8,1598,1,10,1,1
201420W038754,2,9,0,12,0,8,0,0,0,0,1,1,1,1,25,5,-1,-1,-1,5,1
201420W038834,1,19,0,13,0,2,0,0,0,0,4,1,2,1,62,9,-1,-1,-1,1,1
201420W038834,2,1,0,18,0,2,0,0,0,0,3,1,2,1,33,6,-1,-1,-1,4,1
201420W039174,1,9,0,7,0,2,0,0,0,0,1,1,6,1,-1,-1,1896,2,7,-1,-1
201420W039174,2,9,0,10,0,1,0,0,0,0,1,1,6,1,20,4,2143,2,3,3,1
201420W039464,1,9,0,18,0,2,0,0,0,0,1,1,1,1,27,6,2926,2,13,4,1
201420W039804,1,4,0,11,0,0,1,0,1,2,1,1,6,1,19,4,400,1,19,5,1
201420W039894,1,9,0,17,0,0,1,0,1,2,4,1,6,1,21,5,1997,1,22,1,1
201420W039904,1,9,0,18,0,8,0,0,0,0,1,1,6,1,-1,-1,1586,1,11,-1,-1
201420W039904,2,9,0,18,0,8,0,0,0,0,1,1,6,2,23,5,998,1,11,2,1
201420W039954,1,9,0,18,0,8,1,0,1,0,1,1,6,1,18,4,1388,1,10,9,1
201420W039954,2,11,0,18,0,8,0,0,0,0,4,1,1,1,54,8,6700,2,3,-1,1
201420W039974,1,9,0,4,0,1,0,0,0,0,1,1,6,1,-1,-1,-1,-1,-1,-1,-1
201420W039974,2,9,0,3,0,1,0,0,0,0,2,1,6,1,53,8,1997,1,13,1,1
201420W040004,1,9,0,18,0,1,1,0,0,0,1,1,2,1,22,5,1999,1,-1,8,1
201420W040004,2,9,0,18,0,2,0,0,0,0,3,1,2,1,22,5,1560,2,5,8,1
201420W040004,3,9,0,18,0,2,0,0,0,0,1,1,2,1,37,7,1685,2,-1,-1,1
201420W040024,1,9,0,9,0,8,0,0,0,0,1,1,6,1,51,8,1995,2,11,3,1
201420W040024,2,3,0,18,0,8,0,0,0,0,1,1,6,1,21,5,124,1,3,3,1
201420W040154,1,9,0,18,0,0,0,0,0,0,1,1,6,1,26,6,1242,1,10,1,1
201420W040494,1,9,0,12,0,7,0,10,7,2,1,1,6,1,40,7,-1,-1,-1,3,1
201420W040694,1,11,0,5,2,1,0,0,0,0,4,1,1,1,60,9,9000,2,4,3,1
201420W040714,1,9,0,5,0,8,0,0,1,1,1,1,1,1,18,4,1229,1,7,1,1
201420W040714,2,9,0,18,0,8,0,0,0,0,3,1,1,1,30,6,-1,-1,-1,1,1
201420W040754,1,9,0,18,0,0,0,0,0,0,1,1,6,1,29,6,2231,2,7,1,1
201420W040754,2,9,0,18,0,0,0,0,0,0,3,1,6,1,63,9,2148,2,6,3,1
201420W040864,1,9,0,14,0,2,0,0,0,0,1,1,6,1,37,7,1598,1,11,2,1
201420W040864,2,9,0,12,0,2,0,0,0,0,3,1,6,1,34,6,1596,1,6,1,1
201420W040894,1,9,0,14,0,0,0,0,0,0,1,1,6,1,40,7,1242,1,15,4,1
201420W040904,1,9,0,18,0,8,0,0,0,0,1,2,6,2,37,7,-1,-1,-1,1,1
201420W040904,2,9,0,18,0,8,0,0,0,0,1,1,6,2,54,8,1360,1,8,8,1
201420W040924,1,9,0,14,0,0,0,4,0,0,1,1,6,1,61,9,1598,1,3,8,1
201420W040924,2,9,0,2,0,0,0,0,0,0,3,1,6,1,52,8,1390,1,12,-1,-1
201420W040924,3,19,0,2,0,0,0,0,0,0,1,1,6,1,39,7,2148,2,6,5,1
201420W040924,4,9,0,2,9,0,0,0,0,0,0,1,6,2,29,6,1997,2,6,5,1
201420W040964,1,9,0,7,0,3,0,0,0,0,4,1,1,1,53,8,2967,2,6,10,1
201420W040964,2,9,0,5,0,8,0,0,0,0,2,1,6,2,22,5,-1,-1,-1,5,1
201420W040984,1,9,0,18,0,0,0,0,0,0,1,1,6,1,45,7,1598,1,9,1,1
201420W041004,1,9,0,14,0,1,0,0,0,0,1,1,6,2,40,7,-1,-1,-1,-1,-1
201420W041044,1,9,0,17,0,8,0,0,0,0,3,1,6,1,-1,-1,1560,2,4,-1,-1
201420W041044,2,9,0,16,0,8,0,0,0,0,3,1,6,1,23,5,998,1,11,5,1
201420W041064,1,9,0,18,0,8,0,0,0,0,1,1,6,2,23,5,1149,1,12,1,1
201420W041064,2,9,0,9,0,8,0,0,0,0,4,1,2,1,57,9,1149,1,11,1,1
201420W041174,1,19,0,9,0,8,0,0,0,0,1,1,1,1,61,9,1753,2,6,4,1
201420W041174,2,9,0,18,0,8,0,0,0,0,1,1,6,2,31,6,1596,1,14,1,1
201420W041184,1,9,0,18,0,2,0,0,0,0,1,1,6,2,-1,-1,-1,-1,-1,-1,-1
201420W041184,2,1,0,18,0,2,0,0,0,0,1,1,6,2,32,6,-1,-1,-1,-1,1
201420W041194,1,9,0,9,0,8,0,0,0,0,1,1,6,1,30,6,1686,2,9,1,1
201420W041194,2,1,0,9,0,8,0,0,0,0,4,1,6,1,46,8,-1,-1,-1,-1,-1
201420W041284,1,9,0,18,0,0,0,0,0,0,3,1,6,2,48,8,1598,2,-1,9,1
201420W041414,1,9,0,18,0,0,1,10,7,7,4,1,6,1,24,5,998,1,12,3,1
201420W041514,1,5,0,18,0,0,0,0,0,0,2,1,6,1,59,9,1255,1,6,5,1
201420W041514,2,9,0,18,0,0,0,0,0,0,1,1,6,1,-1,-1,-1,-1,-1,-1,-1
201420W041564,1,90,0,9,0,8,0,0,0,0,1,1,1,1,23,5,2999,2,3,3,1
201420W041564,2,9,0,18,0,8,2,0,4,1,4,1,6,2,66,10,1198,1,11,3,1
201420W041614,1,9,0,18,0,8,0,0,0,0,4,1,6,1,24,5,1796,1,12,6,1
201420W041614,2,9,0,18,0,8,1,0,0,0,1,1,6,1,23,5,1229,1,3,4,1
201420W041644,1,3,0,18,0,8,0,0,0,0,1,1,6,1,20,4,125,1,7,-1,-1
201420W041644,2,9,0,9,0,8,0,0,0,0,1,1,6,1,54,8,1995,2,7,3,1
201420W041664,1,8,0,9,0,6,0,0,0,0,1,1,1,1,34,6,1753,2,6,1,1
201420W041664,2,2,0,14,0,8,5,0,0,0,1,1,6,1,28,6,125,1,3,1,1
201420W041724,1,9,0,18,0,0,0,0,0,0,1,1,6,1,-1,-1,-1,-1,-1,-1,-1
201420W041744,1,9,0,5,0,8,0,0,3,2,1,1,1,1,43,7,1339,1,4,6,1
201420W041744,2,9,0,18,0,8,0,0,0,0,1,1,2,1,31,6,1896,2,6,5,1
201420W042004,1,9,0,8,0,1,0,0,0,0,0,1,6,3,-1,-1,-1,-1,-1,-1,-1
201420W042004,2,9,0,8,0,1,0,0,0,0,0,1,6,3,-1,-1,-1,-1,-1,-1,-1
201420W042004,3,1,0,18,0,1,1,0,0,0,0,1,1,2,55,8,-1,-1,-1,4,1
201420W042094,1,9,0,9,0,8,0,0,0,0,1,1,6,2,36,7,1587,1,12,1,1
201420W042094,2,3,0,18,0,8,0,0,0,0,1,1,6,1,21,5,124,1,6,1,1
201420W042104,1,9,0,18,0,8,0,0,0,0,1,1,6,2,28,6,1360,1,7,8,1
201420W042104,2,9,0,18,0,8,0,10,7,10,4,1,6,1,80,11,1498,1,3,8,1
201420W042124,1,9,0,3,0,8,0,0,0,0,0,1,6,2,-1,-1,-1,-1,-1,-1,-1
201420W042124,2,9,0,3,0,8,0,0,0,0,2,1,6,1,28,6,1560,2,1,3,1
201420W042124,3,9,0,18,0,8,1,0,0,0,1,1,6,1,-1,-1,1240,1,9,5,1
201420W042214,1,9,0,14,0,0,0,0,0,0,1,1,6,3,-1,-1,-1,-1,-1,-1,-1
201420W042244,1,9,0,18,0,1,0,0,0,0,1,1,6,1,-1,-1,1900,2,16,-1,-1
201420W042244,2,9,0,18,0,2,0,0,0,0,1,1,6,1,24,5,1388,1,11,-1,-1
201420W042294,1,8,0,16,0,1,0,0,0,0,4,1,1,1,49,8,1997,2,10,1,1
201420W042374,1,11,0,18,0,0,0,0,0,0,0,1,1,1,53,8,7300,2,12,1,1
201420W042444,1,9,0,18,0,0,0,0,1,5,1,1,6,2,27,6,1242,1,13,-1,-1
201420W042544,1,1,0,7,0,8,0,0,0,0,4,1,6,1,21,5,-1,-1,-1,1,1
201420W042544,2,9,0,4,0,8,0,0,0,0,1,1,6,1,-1,-1,1895,1,15,1,1
201420W042644,1,9,0,9,0,5,0,0,0,0,4,1,6,1,63,9,1598,2,2,1,1
201420W042644,2,9,0,18,0,8,0,0,0,0,1,1,6,1,46,8,1781,1,14,2,1
201420W042734,1,9,0,18,0,2,0,10,1,1,1,1,6,1,29,6,1686,2,8,2,1
201420W042734,2,9,0,10,0,1,0,0,0,0,1,1,6,2,47,8,1598,2,2,5,1
201420W042864,1,9,0,11,0,1,0,0,0,0,4,1,6,2,49,8,1299,1,12,1,1
201420W042864,2,4,0,18,0,1,5,10,1,0,3,1,6,1,20,4,499,1,17,1,1
201420W042974,1,9,0,9,0,2,0,0,0,0,1,1,6,2,33,6,-1,-1,-1,2,1
201420W043024,1,9,0,17,0,0,0,10,7,10,1,1,6,1,36,7,998,1,-1,-1,-1
201420W043024,2,9,0,2,9,0,0,0,0,0,3,1,6,2,31,6,1997,1,10,1,1
201420W043034,1,9,0,9,0,8,0,0,0,0,4,1,6,2,33,6,1587,1,11,2,1
201420W043034,2,9,0,18,0,8,0,0,1,0,1,1,6,1,54,8,1149,1,4,7,1
201420W043044,1,1,0,15,0,2,5,8,0,0,1,1,1,1,25,5,-1,-1,-1,1,1
201420W043044,2,9,0,4,0,2,0,0,0,0,4,1,6,1,-1,-1,-1,-1,-1,-1,-1
201420W043124,1,9,0,18,0,0,5,4,0,0,1,1,6,1,26,6,1598,1,-1,7,1
201420W043124,2,19,0,2,0,0,0,0,0,0,3,1,6,1,34,6,2198,2,4,-1,-1
201420W043124,3,9,0,2,0,0,0,0,0,0,4,1,6,2,53,8,1686,2,8,1,1
201420W043164,1,9,0,17,0,0,1,4,0,0,1,1,6,1,19,4,1229,1,9,1,1
201420W043164,2,9,0,2,0,0,0,0,0,0,2,1,6,1,-1,-1,1598,1,6,-1,-1
201420W043204,1,9,0,18,0,2,0,0,0,0,3,1,6,1,27,6,2997,1,37,9,1
201420W043254,1,9,0,1,0,0,0,0,0,0,2,1,6,1,-1,-1,1968,2,4,-1,-1
201420W043254,2,9,0,3,0,0,0,0,0,0,1,1,6,2,24,5,1360,1,11,1,1
201420W043424,1,9,0,16,0,0,0,0,0,0,1,1,2,1,29,6,1984,1,8,-1,-1
201420W043424,2,9,0,4,0,0,0,0,0,0,2,1,6,2,37,7,1968,2,8,-1,-1
201420W043424,3,9,0,4,0,0,0,0,0,0,2,1,6,1,23,5,1997,1,1,-1,-1
201420W043474,1,9,0,18,0,1,0,0,0,0,1,1,6,1,32,6,1968,2,7,3,1
201420W043474,2,9,0,3,0,1,0,0,0,0,2,1,6,2,33,6,1390,1,13,-1,3
201420W043544,1,9,0,18,0,2,0,0,0,0,1,1,6,1,36,7,1199,1,12,2,1
201420W043544,2,9,0,3,0,2,0,0,0,0,2,1,6,1,28,6,1587,1,11,2,1
201420W043784,1,9,0,5,0,0,0,0,0,0,1,1,6,1,60,9,1398,1,3,1,1
201420W043904,1,9,0,17,0,0,1,10,7,10,1,1,6,1,21,5,1781,1,12,1,1
201420W044044,1,9,0,18,0,8,1,0,0,0,4,1,1,1,39,7,1242,1,11,7,1
201420W044044,2,9,0,9,0,8,1,0,0,0,1,1,6,3,-1,-1,1679,1,14,-1,-1
201420W044064,1,9,0,18,0,1,0,0,0,0,4,1,6,3,-1,-1,-1,-1,-1,-1,-1
201420W044064,2,1,0,18,0,1,0,0,0,0,3,1,1,1,26,6,-1,-1,-1,2,1
201420W044234,1,9,0,12,0,1,0,0,0,0,1,1,6,1,-1,-1,-1,-1,-1,-1,-1
201420W044234,2,9,0,18,0,1,0,0,0,0,1,1,3,2,35,6,1956,2,1,1,1
201420W044284,1,9,0,5,0,0,0,0,0,0,2,1,6,2,35,6,1968,2,9,1,1