Accident_Index,Vehicle_Reference,Vehicle_Type,Towing_and_Articulation,Vehicle_Manoeuvre,Vehicle_Location-Restricted_Lane,Junction_Location,Skidding_and_Overturning,Hit_Object_in_Carriageway,Vehicle_Leaving_Carriageway,Hit_Object_off_Carriageway,1st_Point_of_Impact,Was_Vehicle_Left_Hand_Drive?,Journey_Purpose_of_Driver,Sex_of_Driver,Age_of_Driver,Age_Band_of_Driver,Engine_Capacity_(CC),Propulsion_Code,Age_of_Vehicle,Driver_IMD_Decile,Driver_Home_Area_Type
201420W044284,2,9,0,18,0,0,0,0,0,0,1,1,6,3,-1,-1,-1,-1,-1,-1,-1
201420W044304,1,9,0,5,0,6,0,0,0,0,1,1,6,1,56,9,1497,1,13,2,1
201420W044304,2,3,0,18,0,8,0,0,0,0,1,1,6,1,24,5,125,1,3,2,1
201420W044304,3,9,0,3,0,1,0,0,0,0,1,1,6,1,40,7,-1,-1,-1,-1,-1
201420W044464,1,9,0,9,0,4,0,0,0,0,4,1,6,1,24,5,1598,1,12,2,1
201420W044464,2,9,0,18,0,4,0,0,0,0,1,1,6,1,-1,-1,1686,2,7,4,1
201420W044494,1,9,0,17,0,4,1,0,0,0,1,1,6,1,23,5,1396,1,18,2,1
201420W044494,2,9,0,5,0,4,0,0,0,0,4,1,2,1,43,7,1968,2,4,5,1
201420W044504,1,9,0,9,0,8,0,0,0,0,3,1,6,1,-1,-1,1753,2,5,-1,-1
201420W044504,2,1,0,18,0,8,5,0,0,0,1,1,2,1,26,6,-1,-1,-1,2,1
201420W044694,1,9,0,3,0,1,0,0,0,0,2,1,6,2,44,7,1240,1,10,3,1
201420W044694,2,9,0,5,0,1,0,0,0,0,1,1,6,2,-1,-1,-1,-1,-1,-1,-1
201420W044894,1,9,0,18,0,8,1,0,1,10,1,1,6,1,23,5,1781,1,13,1,1
201420W044934,1,9,0,18,0,0,0,0,0,0,1,1,6,2,23,5,1198,1,10,1,1
201420W045104,1,9,0,18,0,0,0,0,0,0,1,1,6,1,35,6,1968,2,3,1,1
201420W045224,1,11,0,4,0,0,0,0,0,0,1,1,1,1,50,8,7300,2,2,1,1
201420W045304,1,9,0,5,0,1,0,0,0,0,1,1,2,1,25,5,698,1,10,-1,1
201420W045364,1,9,0,3,0,4,0,0,0,0,3,1,6,2,34,6,1986,2,9,2,1
201420W045364,2,9,0,17,0,4,0,0,0,0,4,1,6,3,-1,-1,1461,2,5,-1,-1
201420W045484,1,9,0,18,0,8,0,0,7,7,1,1,6,1,23,5,1598,1,13,3,1
201420W045484,2,9,0,9,0,8,0,0,0,0,1,1,1,1,48,8,1968,2,7,-1,-1
201420W045674,1,3,0,18,0,1,0,0,0,0,1,1,1,1,45,7,125,1,6,1,1
201420W045674,2,2,0,7,0,1,0,0,0,0,4,1,6,1,-1,-1,-1,-1,-1,-1,-1
201420W045704,1,9,0,4,0,4,0,0,0,0,1,1,2,1,34,6,2354,1,11,-1,-1
201420W045704,2,9,0,4,0,4,0,0,0,0,2,1,2,1,-1,-1,1598,1,5,1,1
201420W045794,1,9,0,18,0,2,5,4,0,0,1,1,6,2,21,5,1598,1,8,9,1
201420W045794,2,9,0,2,9,1,0,0,0,0,1,1,6,3,-1,-1,2148,2,10,-1,-1
201420W045914,1,9,0,7,0,6,0,0,0,0,1,1,6,1,20,4,1598,1,6,1,1
201420W045914,2,9,0,18,0,1,0,0,0,0,3,1,6,1,40,7,1896,2,7,-1,1
201420W045994,1,9,0,9,0,8,0,0,0,0,1,1,6,1,91,11,1242,1,-1,4,1
201420W045994,2,9,0,18,0,8,0,0,0,0,4,1,1,1,29,6,1364,1,9,1,1
201420W046354,1,11,0,5,2,0,0,0,0,0,0,1,1,1,54,8,9000,2,10,2,1
201420W046424,1,1,0,18,0,0,2,0,0,0,4,1,2,1,44,7,-1,-1,-1,4,1
201420W046424,2,3,0,18,2,0,0,0,0,0,1,1,2,1,19,4,124,1,7,5,1
201420W046434,1,9,0,18,0,8,0,0,0,0,1,1,6,1,41,7,1389,1,13,2,1
201420W046434,2,9,0,18,0,8,0,0,0,0,3,1,6,1,24,5,1998,1,13,-1,1
201420W046444,1,9,0,9,0,6,0,0,0,0,1,1,3,2,34,6,1689,2,11,-1,1
201420W046444,2,1,0,13,0,1,0,0,0,0,1,1,6,1,31,6,-1,-1,-1,-1,-1
201420W046454,1,9,0,9,0,6,0,0,0,0,3,1,6,1,22,5,1390,1,7,9,1
201420W046454,2,3,0,14,0,8,5,0,0,0,1,1,6,2,42,7,96,1,6,-1,1
201420W046784,1,9,0,18,0,8,0,0,0,0,4,1,6,1,23,5,1587,1,9,3,1
201420W046784,2,9,0,18,0,8,0,0,0,0,1,1,6,1,37,7,998,1,1,5,1
201420W046834,1,9,0,18,0,8,1,0,1,10,1,1,6,1,29,6,2204,2,9,3,1
201420W046834,2,8,0,18,0,8,0,0,7,10,1,1,1,1,31,6,1896,2,4,1,1
201420W046834,3,9,0,18,0,8,0,0,0,0,1,1,1,1,-1,-1,1794,7,6,-1,-1
201420W046844,1,9,0,7,0,1,0,0,0,0,2,1,6,2,33,6,1400,2,9,1,1
201420W046844,2,9,0,18,0,1,0,0,0,0,1,1,6,3,-1,-1,-1,-1,-1,-1,-1
201420W046864,1,9,0,18,0,0,0,7,0,0,1,1,6,1,58,9,1984,1,13,1,1
201420W046874,1,19,0,7,0,6,0,0,0,0,0,1,1,1,20,4,2148,2,8,1,1
201420W046874,2,5,0,18,0,8,5,0,0,0,4,1,6,1,52,8,883,1,14,1,1
201420W046924,1,9,0,9,0,5,0,0,0,0,1,1,1,1,33,6,1796,1,3,1,1
201420W046974,1,9,0,7,0,6,0,0,0,0,1,1,6,1,27,6,1598,1,9,8,3
201420W046974,2,9,0,3,2,2,0,0,0,0,2,1,2,2,45,7,1598,2,2,9,1
201420W047014,1,9,0,18,0,2,0,0,0,0,2,1,6,1,-1,-1,-1,-1,-1,1,1
201420W047014,2,9,0,18,0,2,0,0,0,0,1,1,6,3,-1,-1,-1,-1,-1,-1,-1
201420W047154,1,9,0,14,0,0,0,0,0,0,1,1,6,3,-1,-1,-1,-1,-1,-1,-1
201420W047164,1,9,0,5,0,2,0,0,0,0,4,1,6,1,66,10,1956,2,3,2,1
201420W047224,1,9,0,5,0,2,0,0,0,0,3,1,1,2,46,8,1997,2,-1,6,2
201420W047304,1,9,0,11,0,0,0,0,0,0,4,1,6,2,45,7,1781,1,12,6,1
201420W047304,2,1,0,18,0,0,0,0,0,0,1,1,6,1,48,8,-1,-1,-1,6,1
201420W047404,1,9,0,14,0,1,0,0,0,0,3,1,6,2,38,7,998,1,1,1,1
201420W047534,1,9,0,18,0,0,0,0,0,0,1,1,6,1,29,6,1995,2,14,9,1
201420W047534,2,3,0,4,0,0,0,0,0,0,2,1,1,1,25,5,124,1,11,1,1
201420W047544,1,9,0,18,0,2,0,0,0,0,1,1,6,1,27,6,1149,1,9,2,1
201420W047604,1,8,0,18,0,0,0,0,0,0,1,1,1,1,39,7,-1,-1,-1,-1,1
201420W047604,2,9,0,4,0,0,0,0,0,0,2,1,6,1,43,7,1998,1,6,4,1
201420W047614,1,20,0,7,0,3,0,0,1,0,3,1,6,1,52,8,9200,2,3,3,1
201420W047614,2,9,0,7,2,3,0,0,0,0,1,1,1,2,58,9,1598,1,13,2,1
201420W047624,1,8,0,1,9,0,0,0,0,0,3,1,1,1,57,9,1997,2,11,1,1
201420W047634,1,9,0,13,0,0,1,10,1,2,3,1,6,1,25,5,1997,1,9,6,1
201420W047694,1,9,0,7,0,3,0,0,0,0,1,1,6,1,-1,-1,-1,-1,-1,-1,-1
201420W047714,1,9,0,18,0,0,0,0,0,0,1,1,3,2,26,6,-1,-1,-1,2,1
201420W047864,1,9,0,18,0,8,0,0,0,0,1,1,6,1,27,6,1598,1,9,7,1
201420W047864,2,9,0,18,0,8,0,0,0,0,3,1,6,2,25,5,1390,1,14,6,1
201420W047904,1,9,0,9,0,6,0,0,0,0,1,1,6,1,27,6,1598,1,11,4,1
201420W047904,2,9,0,18,0,8,0,0,0,0,1,1,6,1,48,8,1598,2,4,5,1
201420W048054,1,9,0,5,0,4,0,0,0,0,4,1,6,2,37,7,1397,1,6,-1,-1
201420W048054,2,1,0,18,0,8,0,0,0,0,1,1,6,1,49,8,-1,-1,-1,1,1
201420W048124,1,21,0,5,0,3,0,0,0,0,4,1,1,1,56,9,-1,-1,-1,-1,2
201420W048124,2,9,0,5,0,3,0,0,1,1,2,1,2,1,29,6,1995,2,3,4,3
201420W048164,1,9,0,18,0,2,0,0,0,0,1,1,6,1,24,5,1461,2,8,3,1
201420W048164,2,9,0,18,0,1,0,0,0,0,1,1,6,1,48,8,1329,1,2,-1,1
201420W048174,1,9,0,9,0,6,0,0,0,0,1,1,2,1,45,7,2148,2,11,2,1
201420W048174,2,5,0,18,0,8,0,0,0,0,1,1,2,1,51,8,1164,1,10,7,1
201420W048174,3,9,0,7,0,1,0,0,0,0,1,1,2,2,-1,-1,-1,-1,-1,-1,-1
201420W048194,1,9,0,9,0,2,0,10,1,2,1,1,6,1,39,7,1199,2,1,2,1
201420W048224,1,9,0,9,0,5,0,0,0,0,3,1,6,1,39,7,1796,1,14,-1,-1
201420W048224,2,11,0,3,0,1,0,0,0,0,3,1,1,1,44,7,6700,2,6,5,1
201420W048324,1,9,0,18,0,8,0,0,0,0,1,1,2,2,36,7,1368,1,5,1,1
201420W048324,2,9,0,18,0,8,0,10,1,10,3,1,2,1,41,7,2497,2,9,5,1
201420W048544,1,9,0,18,0,8,0,0,0,0,1,1,6,1,-1,-1,1598,1,10,-1,1
201420W048544,2,19,0,2,0,8,0,0,0,0,1,1,6,1,-1,-1,2402,2,11,-1,-1
201420W048744,1,9,0,9,0,6,0,0,0,0,1,1,6,1,21,5,1390,1,3,5,1
201420W048754,1,8,0,7,0,1,0,0,0,0,4,1,1,1,49,8,1794,1,10,2,1
201420W048754,2,1,0,18,0,1,0,0,0,0,1,1,6,1,32,6,-1,-1,-1,2,1
201420W048764,1,9,0,11,0,0,0,0,0,0,1,1,6,1,26,6,1968,2,6,1,1
201420W048764,2,1,0,18,0,0,0,0,1,0,1,1,6,1,24,5,-1,-1,-1,5,1
201420W048834,1,9,0,18,0,0,0,0,0,0,1,1,6,2,32,6,1363,2,9,3,1
201420W048964,1,9,0,18,0,8,0,0,0,0,1,1,2,2,45,7,1299,1,13,3,1
201420W049114,1,9,0,4,0,2,0,0,0,0,2,1,2,1,35,6,1461,2,13,1,1
201420W049114,2,3,0,18,0,2,1,0,0,0,1,1,2,1,36,7,124,1,14,-1,-1
201420W049124,1,9,0,18,0,0,0,7,4,2,4,1,6,1,29,6,1587,1,13,3,2
201420W049134,1,9,0,9,0,8,0,0,0,0,4,1,1,1,48,8,1896,2,4,1,1
201420W049134,2,1,0,17,0,8,0,0,0,0,1,1,6,1,44,7,-1,-1,-1,2,1
201420W049164,1,3,0,18,0,8,0,0,0,0,1,1,6,1,25,5,49,1,11,5,1
201420W049164,2,9,0,18,0,8,0,0,0,0,4,1,2,1,54,8,1396,2,3,4,1
201420W049404,1,9,0,12,0,1,0,0,0,0,3,1,6,1,-1,-1,2967,2,8,-1,-1
201420W049404,2,9,0,4,0,1,0,0,0,0,4,1,6,1,20,4,1364,1,-1,6,1
201420W049764,1,9,0,18,0,1,0,0,0,0,1,1,6,3,-1,-1,1587,1,15,-1,-1
201420W049764,2,19,0,18,0,1,0,0,0,0,0,1,1,1,-1,-1,1997,2,1,-1,-1
201420W049764,3,9,0,18,0,1,0,0,0,0,3,1,6,2,38,7,1461,2,1,1,1
201420W049784,1,9,0,18,0,8,0,0,0,0,1,1,6,3,-1,-1,1896,2,11,-1,-1
201420W049784,2,8,0,18,0,8,0,0,0,0,3,1,2,1,43,7,1986,2,9,4,1
201420W049854,1,19,0,18,0,0,1,0,0,0,1,1,6,1,-1,-1,1868,2,15,-1,-1
201420W049854,2,9,0,18,0,0,0,0,0,0,1,1,6,1,43,7,1896,2,11,-1,-1
201420W049934,1,9,0,18,0,0,0,0,0,0,1,1,6,1,-1,-1,-1,-1,-1,-1,-1
201420W049944,1,9,0,18,0,0,0,0,0,0,1,1,6,1,-1,-1,-1,-1,-1,-1,-1
201420W049954,1,20,0,9,0,8,0,0,0,0,1,1,1,1,40,7,4250,2,2,3,1
201420W049954,2,9,0,18,0,8,0,0,0,0,4,1,6,2,60,9,1560,2,3,1,1
201420W050014,1,8,0,18,0,8,0,7,0,0,4,1,1,1,24,5,1598,2,1,1,1
201420W050014,2,9,0,5,0,8,0,0,0,0,1,1,6,1,55,8,1598,1,16,1,1
201420W050334,1,9,0,18,0,1,0,0,0,0,1,1,6,1,39,7,1686,2,8,7,1
201420W050334,2,9,0,9,0,1,0,0,0,0,2,1,6,2,41,7,1240,1,11,6,1
201420W050424,1,9,0,18,0,2,0,0,0,0,1,1,2,1,35,6,1910,2,9,8,1
201420W050424,2,9,0,18,0,2,0,0,0,0,2,1,2,1,26,6,1560,2,4,1,1
201420W050424,3,9,0,18,0,2,0,0,0,0,2,1,2,1,25,5,973,1,13,2,1
201420W050424,4,9,0,18,0,2,0,0,0,0,2,1,2,1,40,7,2461,2,15,2,1
201420W050884,1,9,0,3,0,1,0,0,0,0,2,1,6,1,66,10,1598,1,4,4,1
201420W050884,2,9,0,18,0,1,1,0,0,0,1,1,6,1,-1,-1,-1,-1,-1,-1,-1
201420W050974,1,19,0,18,0,0,0,0,0,0,1,1,1,1,29,6,1248,2,4,8,1
201420W050974,2,9,0,3,0,0,0,0,0,0,2,1,1,1,50,8,1248,2,2,-1,-1
201420W051044,1,9,0,7,0,2,0,0,0,0,1,1,6,1,-1,-1,-1,-1,-1,-1,-1
201420W051114,1,19,0,9,0,8,0,0,0,0,4,1,6,1,29,6,2151,2,12,2,1
201420W051264,1,9,0,17,0,8,5,0,0,0,4,1,1,1,56,9,2982,2,1,1,1
201420W051514,1,9,0,16,0,3,0,10,6,10,1,1,6,1,20,4,1910,2,7,-1,-1
201420W051514,2,9,0,16,0,3,0,10,6,10,2,1,6,1,54,8,1242,1,-1,10,2
201420W051514,3,11,0,3,0,1,0,0,0,0,3,1,1,1,58,9,6700,2,3,-1,-1
201420W051574,1,11,0,7,0,6,0,0,0,0,3,1,1,1,38,7,12580,2,12,2,1
201420W051574,2,11,0,7,0,6,0,0,0,0,4,1,1,1,30,6,6696,2,-1,2,1
201420W051584,1,9,0,1,0,0,0,0,0,0,2,1,6,1,44,7,1991,1,12,1,1
201420W051694,1,9,0,18,0,1,0,0,0,0,1,1,6,1,-1,-1,998,1,19,-1,-1
201420W051694,2,9,0,3,0,1,0,0,0,0,2,1,6,2,46,8,1390,1,9,-1,1
201420W051984,1,1,0,11,0,0,0,0,0,0,1,1,2,1,-1,-1,-1,-1,-1,7,1
201420W051984,2,9,0,18,0,0,0,0,0,0,2,1,6,1,-1,-1,1461,2,4,-1,-1
201420W052014,1,3,0,18,0,8,1,0,0,0,1,1,6,1,17,4,124,1,4,1,1
201420W052014,2,9,0,18,0,8,0,0,0,0,2,1,6,2,40,7,1248,2,6,5,1
201420W052024,1,9,0,9,0,8,1,10,7,10,1,1,6,2,27,6,1995,2,2,1,1
201420W052024,2,9,0,18,0,8,0,0,0,0,0,1,6,1,38,7,2993,2,-1,-1,-1
201420W052044,1,9,0,18,0,8,0,0,0,0,1,1,6,1,43,7,1995,2,9,1,1
201420W052044,2,9,0,9,0,8,0,0,0,0,3,1,6,1,71,10,1560,2,5,6,1
201420W052054,1,9,0,18,0,0,0,0,0,0,1,1,6,3,-1,-1,-1,-1,-1,-1,-1
201420W052354,1,9,0,18,0,2,0,0,0,0,1,1,1,1,53,8,1390,1,10,1,1
201420W052424,1,9,0,18,0,8,0,0,0,0,1,1,6,3,-1,-1,1360,1,9,-1,-1
201420W052424,2,9,0,18,0,8,0,4,0,0,4,1,6,2,27,6,1597,1,10,6,1
201420W052424,3,9,0,2,0,2,0,0,0,0,2,1,6,1,-1,-1,1995,2,7,5,1
201420W052814,1,9,0,18,0,8,0,0,0,0,1,1,6,1,27,6,1781,1,11,3,1
201420W052954,1,9,0,18,0,0,0,0,0,0,1,1,6,1,-1,-1,998,1,16,-1,-1
201420W052954,2,9,0,3,0,0,0,0,0,0,2,1,6,1,49,8,1997,7,8,-1,1
201420W052954,3,9,0,3,0,0,0,0,0,0,2,1,6,2,-1,-1,1799,1,3,3,1
201420W053084,1,9,0,5,0,0,0,0,0,0,1,1,6,2,38,7,2143,2,1,-1,1
201420W053084,2,9,0,3,0,0,0,0,0,0,2,1,6,2,34,6,-1,-1,-1,5,1
201420W053114,1,9,0,18,0,0,0,0,0,0,1,1,6,2,-1,-1,-1,-1,-1,-1,-1
201420W053114,2,1,0,18,0,0,0,0,0,0,1,1,6,1,10,2,-1,-1,-1,1,1
201420W053214,1,9,0,1,9,0,0,0,0,0,2,1,6,1,-1,-1,1587,1,10,-1,-1
201420W053394,1,9,0,5,0,0,0,0,0,0,1,1,6,1,-1,-1,1149,1,3,-1,-1
201420W053394,2,9,0,3,0,0,0,0,0,0,2,1,2,2,30,6,4546,1,16,8,2
201420W053424,1,9,0,18,0,8,0,0,0,0,4,1,6,2,20,4,1398,1,2,4,1
201420W053424,2,9,0,5,0,8,0,0,0,0,2,1,6,1,-1,-1,1956,2,2,-1,-1
201420W053474,1,9,0,9,0,8,0,0,0,0,1,1,2,1,20,4,1149,1,6,9,3
201420W053474,2,9,0,18,0,8,0,0,0,0,1,1,2,1,32,6,1400,1,6,8,1
201420W053544,1,9,0,18,0,1,0,0,0,0,1,1,2,1,-1,-1,1968,2,5,-1,-1
201420W053544,2,9,0,5,0,1,0,0,0,0,2,1,6,1,18,4,1995,2,5,2,1
201420W053604,1,9,0,5,0,1,0,0,0,0,4,1,6,2,29,6,2993,2,1,7,1
201420W053624,1,9,0,16,0,0,1,4,1,10,1,1,6,2,22,5,1389,1,16,3,1
201420W053624,2,9,0,2,0,0,0,0,0,0,2,1,6,1,33,6,1896,2,12,5,1
201420W053664,1,90,0,18,0,0,2,10,1,10,1,1,6,1,27,6,-1,-1,-1,1,1
201420W053684,1,9,0,9,0,2,0,10,1,1,1,1,6,1,18,4,1896,2,7,6,1
201420W053924,1,9,0,18,0,0,1,0,0,0,1,1,6,3,-1,-1,1596,1,13,-1,-1
201420W053924,2,9,0,4,0,0,0,4,0,0,3,1,6,2,53,8,1364,1,8,2,1
201420W053924,3,9,0,2,0,0,0,0,0,0,3,1,6,1,-1,-1,1390,1,13,1,1
201420W053964,1,9,0,9,0,8,0,0,0,0,4,1,6,1,52,8,-1,-1,-1,2,1
201420W053964,2,9,0,18,0,8,0,0,0,0,1,1,6,1,25,5,1198,1,10,5,1
201420W053974,1,8,0,1,0,0,0,0,0,0,2,1,6,1,-1,-1,1560,2,8,2,1
201420W054074,1,10,0,1,0,6,0,0,0,0,2,1,6,1,68,10,2500,2,13,2,1
201420W054124,1,9,0,6,0,0,0,0,0,0,1,1,6,3,-1,-1,-1,-1,-1,-1,-1
201420W054124,2,9,0,18,0,0,0,0,0,0,1,1,2,1,28,6,1998,1,6,2,1
201420W054144,1,9,0,18,0,1,0,0,0,0,1,1,6,1,25,5,1242,1,9,4,1
201420W054144,2,9,0,10,0,1,0,0,0,0,3,1,6,2,64,9,1997,2,12,4,1
201420W054184,1,9,0,3,0,1,0,0,0,0,2,1,6,1,-1,-1,1999,1,9,-1,-1
201420W054184,2,9,0,18,0,1,0,0,0,0,1,1,6,1,-1,-1,-1,-1,-1,1,1
201420W054204,1,9,0,5,0,4,0,0,0,0,3,1,1,2,27,6,1984,1,7,1,1
201420W054204,2,1,0,18,0,2,0,0,0,0,2,1,6,1,58,9,-1,-1,-1,2,1
201420W054284,1,9,0,7,0,1,0,0,0,0,1,1,6,1,22,5,1995,2,9,1,1
201420W054284,2,9,0,7,0,1,0,0,0,0,2,1,6,1,20,4,1665,2,17,2,1
201420W054284,3,9,0,8,0,1,0,0,0,0,3,1,6,2,27,6,1590,1,15,1,1
201420W054294,1,9,0,9,0,8,0,0,0,0,2,1,3,1,43,7,-1,-1,-1,1,1
201420W054294,2,9,0,7,0,8,0,0,0,0,1,1,6,1,-1,-1,1997,2,10,-1,-1
201420W054324,1,9,0,18,0,0,0,0,0,0,4,1,6,2,19,4,998,1,10,3,1
201420W054324,2,9,0,18,0,0,0,0,0,0,1,1,6,1,-1,-1,1598,1,-1,-1,-1
201420W054344,1,1,0,3,0,1,0,0,0,0,2,1,1,1,-1,-1,-1,-1,-1,6,1
201420W054344,2,9,0,5,0,1,0,0,0,0,1,1,6,2,-1,-1,1248,1,-1,-1,-1
201420W054454,1,9,0,18,0,8,0,0,0,0,2,1,6,1,32,6,2179,2,5,2,1
201420W054454,2,9,0,18,0,8,0,0,0,0,1,1,6,1,-1,-1,1986,2,9,-1,-1
201420W054454,3,9,0,18,0,8,0,0,0,0,0,1,6,3,-1,-1,1598,1,1,-1,-1
201420W054464,1,9,0,18,0,0,1,10,7,10,1,1,6,2,25,5,1796,1,14,2,1
201420W054644,1,9,0,18,0,1,0,0,7,0,1,1,6,1,23,5,998,1,1,4,2
201420W054644,2,9,0,18,0,2,0,0,0,0,1,1,6,1,39,7,1995,2,7,1,1
201420W054654,1,9,0,18,0,1,0,0,0,0,4,1,2,1,33,6,1753,2,8,3,1
201420W054654,2,1,0,17,0,1,0,0,0,0,3,1,2,1,32,6,-1,-1,-1,-1,-1
201420W054714,1,9,0,18,0,0,0,0,0,0,1,1,6,2,-1,-1,1598,1,6,-1,-1
201420W054714,2,8,0,18,0,0,0,0,0,0,2,1,1,1,52,8,1997,2,9,3,1
201420W054724,1,9,0,7,0,6,0,0,0,0,0,1,6,2,50,8,1598,1,12,3,1
201420W054774,1,11,0,18,0,1,0,0,0,0,0,1,1,1,48,8,6700,2,2,9,1
201420W054774,2,9,0,7,0,5,0,0,0,0,0,1,6,3,-1,-1,-1,-1,-1,-1,-1
201420W054844,1,9,0,5,9,8,0,0,0,0,1,1,6,1,59,9,2995,1,1,9,1
201420W054844,2,1,0,18,9,8,0,0,0,0,1,1,6,1,23,5,-1,-1,-1,1,1
201420W054874,1,9,0,9,0,6,0,4,0,0,1,1,2,1,64,9,1794,1,10,2,1
201420W054874,2,3,0,18,0,8,0,0,0,0,1,1,2,1,22,5,124,1,4,-1,-1
201420W054874,3,9,0,2,0,1,0,0,0,0,1,1,1,1,46,8,1968,2,3,2,1
201420W055034,1,8,0,18,0,2,0,0,0,0,4,1,6,1,-1,-1,-1,-1,-1,-1,-1
201420W055164,1,9,0,18,0,1,1,7,1,10,1,1,6,1,45,7,1997,2,8,2,1
201420W055394,1,9,0,14,0,1,1,7,7,1,1,1,6,1,35,6,1795,1,13,-1,1
201420W055394,2,9,0,18,0,1,0,0,0,0,4,1,6,2,43,7,1598,2,2,5,1
201420W055394,3,8,0,18,0,2,0,0,0,0,3,1,6,1,37,7,1597,1,6,1,1
201420W055394,4,9,0,18,0,1,0,0,0,0,4,1,6,2,53,8,1199,1,10,1,1
201420W055494,1,9,0,4,0,1,0,0,0,0,1,1,6,1,-1,-1,1590,1,13,-1,-1
201420W055494,2,9,0,4,0,1,0,0,0,0,2,1,6,2,76,11,998,1,13,1,1
201420W055494,3,9,0,10,0,1,0,0,0,0,2,1,6,1,34,6,2926,2,15,2,1
201420W055594,1,9,0,18,0,6,0,0,0,0,1,1,6,2,-1,-1,1995,2,8,-1,-1
201420W055594,2,9,0,18,0,8,0,0,0,0,2,1,2,2,34,6,1198,1,1,5,1
201420W055634,1,9,0,18,0,8,0,0,0,0,3,1,6,1,34,6,1396,1,11,1,1
201420W055634,2,1,0,18,0,8,0,0,0,0,1,1,6,1,19,4,-1,-1,-1,-1,1
201420W055654,1,9,0,18,0,0,0,0,0,0,4,1,3,2,30,6,1600,1,9,1,1
201420W055864,1,8,0,18,0,8,0,0,0,0,4,1,1,1,37,7,1998,7,9,2,1
201420W055864,2,9,0,7,0,8,0,0,0,0,1,1,2,1,29,6,1800,1,15,2,1
201420W055874,1,9,0,18,0,8,0,0,1,0,3,1,2,2,40,7,1390,1,10,4,1
201420W055874,2,19,0,5,0,8,0,0,0,0,1,1,1,1,65,9,1560,2,3,5,1
201420W055914,1,9,0,12,0,0,1,0,0,0,1,1,6,1,21,5,1998,1,15,5,1
201420W055914,2,9,0,18,0,0,2,0,0,0,1,1,6,1,29,6,1499,2,1,5,1
201420W055924,1,9,0,18,0,1,0,0,0,0,1,1,6,1,37,7,1590,1,13,2,1
201420W055924,2,9,0,3,0,1,0,0,0,0,2,1,6,1,48,8,2685,2,11,1,1
201420W055944,1,9,0,9,0,2,0,0,0,0,1,1,3,2,38,7,1796,1,11,1,1
201420W055964,1,9,0,18,0,0,0,0,0,0,1,1,6,2,55,8,1598,1,10,-1,-1
201420W055974,1,9,0,18,0,0,0,0,0,0,1,1,1,1,65,9,-1,-1,-1,-1,-1
201420W056004,1,9,0,18,0,8,0,0,0,0,4,1,1,2,31,6,2494,2,2,9,1
201420W056024,1,9,0,7,0,8,0,0,0,0,0,1,1,1,-1,-1,1400,1,11,5,1
201420W056024,2,1,0,18,0,8,0,0,0,0,0,1,6,2,36,7,-1,-1,-1,4,1
201420W056054,1,5,0,18,0,0,0,0,0,0,3,1,6,1,43,7,1043,1,2,3,1
201420W056234,1,11,0,5,0,0,0,0,0,0,0,1,1,1,52,8,6700,2,2,2,1
201420W056244,1,9,0,18,0,8,0,0,0,0,1,1,6,1,61,9,1753,2,5,1,1
201420W056244,2,9,0,18,0,8,0,0,0,0,1,1,6,1,61,9,1368,1,10,1,1
201420W056274,1,9,0,18,0,2,0,0,0,0,4,1,6,1,-1,-1,-1,-1,-1,-1,-1
201420W056284,1,9,0,18,0,8,0,0,0,0,4,1,6,1,32,6,1995,1,5,-1,1
201420W056284,2,9,0,18,0,8,0,0,0,0,1,1,6,1,34,6,3600,1,12,2,1
201420W056294,1,9,0,18,0,3,0,0,0,0,4,1,6,1,67,10,1796,1,10,1,1
201420W056294,2,3,0,18,0,3,0,0,0,0,3,1,6,1,53,8,125,1,34,6,1
201420W056314,1,9,0,3,0,1,0,0,0,0,2,1,1,1,62,9,1397,1,5,-1,1
201420W056314,2,9,0,5,0,1,0,0,0,0,1,1,1,1,49,8,1999,1,12,3,1
201420W056324,1,9,0,18,0,1,0,0,0,0,1,1,6,1,36,7,1896,2,12,1,1
201420W056324,2,8,0,8,0,1,0,0,0,0,2,1,1,1,45,7,1995,2,9,1,1
201420W056354,1,9,0,18,0,1,0,0,0,0,1,1,1,2,-1,-1,-1,-1,-1,-1,-1
201420W056354,2,1,0,3,0,1,0,0,0,0,2,1,6,1,49,8,-1,-1,-1,-1,1
201420W056464,1,9,0,18,0,1,0,0,0,0,3,1,6,3,-1,-1,1360,1,10,-1,-1
201420W056474,1,9,0,9,0,6,0,0,0,0,1,1,1,2,41,7,1560,2,8,8,3
201420W056474,2,9,0,18,0,8,0,0,0,0,1,1,6,2,35,6,-1,-1,-1,1,1
201420W056484,1,9,0,18,0,0,0,0,0,0,1,1,6,1,25,5,1198,1,-1,1,1
201420W056494,1,9,0,18,0,0,0,0,0,0,1,1,6,2,33,6,1199,1,10,1,1
201420W056514,1,9,0,18,0,0,0,0,0,0,4,1,1,1,37,7,2143,2,3,3,1
201420W056524,1,9,0,9,0,8,0,0,0,0,3,1,6,1,30,6,1590,1,10,4,1
201420W056524,2,9,0,18,0,8,0,0,7,7,1,1,6,1,26,6,-1,-1,-1,-1,-1