Accident_Index,Vehicle_Reference,Vehicle_Type,Towing_and_Articulation,Vehicle_Manoeuvre,Vehicle_Location-Restricted_Lane,Junction_Location,Skidding_and_Overturning,Hit_Object_in_Carriageway,Vehicle_Leaving_Carriageway,Hit_Object_off_Carriageway,1st_Point_of_Impact,Was_Vehicle_Left_Hand_Drive?,Journey_Purpose_of_Driver,Sex_of_Driver,Age_of_Driver,Age_Band_of_Driver,Engine_Capacity_(CC),Propulsion_Code,Age_of_Vehicle,Driver_IMD_Decile,Driver_Home_Area_Type
201420W056554,1,9,0,1,0,0,0,4,0,0,1,1,6,2,-1,-1,1796,1,11,1,1
201420W056554,2,9,0,2,0,0,0,0,0,0,3,1,6,2,-1,-1,1341,1,13,1,1
201420W056554,3,9,0,2,0,0,0,0,0,0,2,1,6,1,-1,-1,1769,7,9,1,1
201420W056614,1,9,0,4,0,0,0,4,0,0,1,1,6,2,-1,-1,1686,2,11,-1,-1
201420W056614,2,9,0,2,0,0,0,0,0,0,2,1,6,2,27,6,1198,1,5,8,1
201420W056644,1,8,0,16,0,4,0,0,0,0,2,1,6,1,-1,-1,-1,-1,-1,-1,-1
201420W056644,2,3,0,18,0,8,0,0,0,0,1,1,2,1,32,6,124,1,-1,1,1
201420W056654,1,9,0,9,0,8,0,4,0,0,1,1,6,1,26,6,998,1,7,1,1
201420W056654,2,9,0,18,0,8,0,0,0,0,1,1,6,1,56,9,1598,1,5,6,1
201420W056654,3,9,0,2,0,8,0,0,0,0,3,1,6,1,44,7,1997,2,10,2,1
201420W056684,1,9,0,9,0,1,1,0,0,0,1,1,6,1,-1,-1,-1,-1,-1,-1,-1
201420W056684,2,8,0,10,0,1,0,0,0,0,2,1,6,1,40,7,1995,2,10,3,1
201420W056744,1,9,0,11,0,8,0,0,0,0,4,1,6,1,-1,-1,1968,2,5,-1,-1
201420W056744,2,5,0,18,0,8,0,0,0,0,3,1,6,1,35,6,998,1,5,9,1
201420W056864,1,3,0,18,0,8,0,0,0,0,1,1,2,1,17,4,124,1,4,3,1
201420W056864,2,9,0,9,0,8,0,0,0,0,4,1,2,2,33,6,1598,1,9,1,1
201420W056904,1,8,0,7,0,6,2,0,0,0,1,1,1,1,44,7,2664,2,13,2,1
201420W056904,2,5,0,18,0,8,2,0,7,0,1,1,6,1,20,4,599,1,5,2,1
201420W056904,3,8,0,3,0,8,0,0,0,0,1,1,1,1,57,9,2499,2,6,2,1
201420W056914,1,9,0,18,0,1,0,0,0,0,1,1,2,1,29,6,1998,6,14,1,1
201420W056964,1,9,0,18,0,0,0,0,0,0,1,1,1,1,22,5,1560,2,1,2,1
201420W056974,1,9,0,1,0,0,0,0,0,0,2,2,6,2,-1,-1,-1,-1,-1,-1,-1
201420W056974,2,9,0,18,0,0,0,0,0,0,1,1,1,2,38,7,1798,8,-1,5,1
201420W056984,1,9,0,18,0,8,0,0,0,0,1,1,6,1,-1,-1,1364,1,7,1,1
201420W056984,2,5,0,9,0,8,0,0,0,0,3,1,1,1,42,7,-1,-1,-1,2,1
201420W057034,1,1,0,18,0,2,0,0,0,0,4,1,6,1,26,6,-1,-1,-1,-1,-1
201420W057034,2,9,0,7,0,6,0,0,0,0,1,1,6,1,51,8,2191,2,1,6,1
201420W057044,1,9,0,18,0,0,0,0,6,10,1,1,6,1,19,4,1910,2,7,10,1
201420W057044,2,9,0,18,0,0,0,0,0,0,1,1,6,1,61,9,1900,2,9,10,1
201420W057044,3,9,0,18,0,0,0,0,0,0,3,1,6,1,36,7,2494,1,14,2,1
201420W057074,1,9,0,18,0,4,0,0,0,0,0,1,2,1,52,8,1598,1,9,-1,1
201420W057074,2,3,0,18,0,3,1,0,0,0,0,1,2,1,25,5,125,1,6,6,1
201420W057144,1,9,0,18,0,0,0,4,7,10,1,1,4,3,-1,-1,1242,1,7,-1,-1
201420W057144,2,9,0,2,9,0,0,0,0,0,1,1,6,1,30,6,-1,-1,-1,5,1
201420W057144,3,9,0,2,9,0,0,0,0,0,4,1,6,2,54,8,998,1,-1,5,1
201420W057144,4,9,0,18,0,0,0,0,0,0,0,1,6,1,-1,-1,1248,2,1,6,1
201420W057234,1,9,0,7,0,5,0,0,0,0,1,1,6,2,-1,-1,-1,-1,-1,-1,-1
201420W057264,1,11,0,18,0,8,0,0,0,0,4,1,1,1,34,6,8268,2,11,2,1
201420W057264,2,9,0,5,0,8,0,0,0,0,1,1,6,1,-1,-1,1197,1,-1,1,1
201420W057344,1,1,0,7,0,6,0,0,0,0,2,1,6,1,20,4,-1,-1,-1,-1,1
201420W057344,2,11,0,18,0,8,0,0,0,0,1,1,1,1,45,7,-1,-1,-1,-1,-1
201420W057364,1,9,0,18,0,0,0,0,0,0,1,1,6,1,27,6,2499,2,15,-1,-1
201420W057464,1,9,0,9,0,8,0,0,0,0,1,1,6,1,43,7,2143,2,4,5,1
201420W057464,2,9,0,18,0,8,0,0,4,7,3,1,6,1,20,4,1199,1,11,2,1
201420W057524,1,9,0,5,0,0,0,0,0,0,1,1,6,1,21,5,1900,2,10,1,1
201420W057544,1,9,0,18,0,0,0,0,0,0,1,1,6,1,-1,-1,998,1,1,3,1
201420W057544,2,1,0,18,0,0,0,0,0,0,1,1,6,1,21,5,-1,-1,-1,1,1
201420W057674,1,9,0,18,0,8,1,0,0,0,3,1,6,2,19,4,1598,1,13,1,1
201420W057674,2,19,0,18,0,8,0,0,0,0,1,1,1,1,64,9,2151,2,10,2,1
201420W057704,1,9,0,9,0,5,0,0,0,0,1,1,6,1,33,6,2204,2,7,1,1
201420W057724,1,9,0,1,9,6,0,0,0,0,2,1,6,3,-1,-1,-1,-1,-1,-1,-1
201420W057734,1,9,0,5,0,2,0,0,0,0,1,1,6,2,49,8,1598,1,10,1,1
201420W057934,1,9,0,4,0,2,0,0,0,0,4,1,6,2,71,10,1339,1,8,4,1
201420W057944,1,9,0,16,0,2,0,0,0,0,1,1,6,1,20,4,1198,1,12,1,1
201420W057954,1,8,0,18,0,1,0,0,0,0,4,1,1,1,24,5,-1,-1,-1,1,1
201420W057984,1,9,0,18,0,0,0,0,0,0,1,1,3,1,26,6,1968,2,10,4,1
201420W058144,1,9,0,18,0,3,0,0,0,0,1,1,6,1,-1,-1,1598,2,3,5,1
201420W058144,2,9,0,3,0,3,0,0,0,0,2,1,6,2,31,6,1229,1,7,-1,1
201420W058184,1,9,0,18,0,8,0,0,0,0,1,1,6,1,36,7,1968,2,7,5,1
201420W058184,2,9,0,18,0,8,0,10,7,1,4,1,6,1,31,6,1598,1,11,1,1
201420W058284,1,9,0,5,0,0,0,0,0,0,1,1,6,1,-1,-1,1364,1,3,-1,-1
201420W058354,1,9,0,18,0,0,0,0,0,0,1,1,6,2,51,8,1242,1,7,2,1
201420W058364,1,9,0,9,0,8,0,0,0,0,3,1,1,2,59,9,1364,1,5,-1,1
201420W058364,2,5,0,14,0,8,0,0,0,0,1,1,1,1,60,9,656,1,9,2,1
201420W058504,1,9,0,5,0,1,0,0,0,0,1,1,1,1,-1,-1,2995,7,13,2,1
201420W058504,2,19,0,3,0,1,0,0,0,0,2,1,2,1,22,5,-1,-1,-1,2,1
201420W058524,1,9,0,9,0,8,0,0,0,0,3,1,6,1,-1,-1,1990,1,12,-1,-1
201420W058524,2,9,0,18,0,8,0,0,0,0,1,1,6,1,-1,-1,1368,1,8,3,1
201420W058534,1,1,0,18,0,8,0,0,0,0,1,1,1,1,19,4,-1,-1,-1,5,1
201420W058534,2,9,0,18,0,8,0,0,0,0,1,1,1,1,35,6,1998,1,7,1,1
201420W058564,1,9,0,1,0,0,0,0,0,0,2,1,6,1,-1,-1,2720,2,6,-1,-1
201420W058584,1,9,0,5,0,8,0,0,0,0,1,1,6,1,33,6,1582,2,1,4,1
201420W058584,2,9,0,18,0,8,1,0,0,0,3,1,6,1,37,7,1296,1,7,9,1
201420W058724,1,9,0,9,0,6,0,0,0,0,4,1,6,1,20,4,1242,1,4,6,3
201420W058774,1,9,0,5,0,0,0,0,0,0,2,2,6,2,32,6,-1,-1,-1,1,1
201420W058774,2,9,0,5,0,0,0,0,0,0,1,1,6,2,32,6,1598,1,10,2,1
201420W058804,1,9,0,18,0,0,0,0,4,10,1,1,6,1,-1,-1,1339,1,12,-1,-1
201420W059024,1,9,0,18,0,3,5,0,1,10,1,1,6,1,29,6,-1,-1,-1,1,1
201420W059144,1,9,0,18,0,8,0,0,0,0,3,1,1,1,41,7,2967,2,-1,1,1
201420W059144,2,9,0,18,0,8,0,0,0,0,1,1,6,2,40,7,1242,1,10,4,1
201420W059164,1,9,0,18,0,2,1,0,0,0,1,1,6,1,22,5,1796,1,10,-1,-1
201420W059164,2,9,0,18,0,1,0,0,0,0,1,1,6,2,50,8,1598,1,9,3,1
201420W059164,3,9,0,18,0,1,0,0,7,0,1,1,6,2,30,6,1390,1,8,1,1
201420W059164,4,9,0,18,0,1,0,0,0,0,1,1,6,1,21,5,1389,1,12,1,1
201420W059294,1,9,0,18,0,8,0,0,0,0,1,1,6,1,22,5,1242,1,8,-1,-1
201420W059294,2,9,0,18,0,8,0,0,0,0,3,1,6,2,45,7,1587,1,15,2,1
201420W059384,1,9,0,18,0,2,0,0,0,0,1,1,6,1,40,7,1598,1,10,2,1
201420W059394,1,9,0,18,0,0,0,0,0,0,3,1,3,2,38,7,1149,1,11,1,1
201420W059404,1,9,0,18,0,2,0,10,1,2,1,1,6,1,36,7,1598,1,1,-1,1
201420W059424,1,9,0,18,0,2,0,0,0,0,1,1,6,1,51,8,1796,1,5,6,1
201420W059464,1,9,0,9,0,2,0,0,0,0,3,1,6,2,52,8,1598,1,7,5,1
201420W059484,1,11,0,5,2,1,0,0,0,0,1,1,1,1,48,8,6374,2,5,2,1
201420W059624,1,19,0,18,0,8,0,0,0,0,3,1,6,1,-1,-1,-1,-1,-1,-1,-1
201420W059624,2,1,0,18,0,3,0,0,0,0,1,1,1,1,32,6,-1,-1,-1,4,1
201420W059654,1,8,0,18,0,8,0,0,0,0,1,1,1,1,46,8,1896,2,9,2,1
201420W059654,2,9,0,9,0,6,0,0,0,0,1,1,6,1,28,6,1390,1,10,1,1
201420W059714,1,9,0,18,0,1,0,0,0,0,1,1,6,1,26,6,1796,1,13,3,1
201420W059714,2,9,0,3,0,1,0,0,0,0,2,1,6,2,35,6,1896,2,6,2,1
201420W059874,1,9,0,9,4,8,0,0,0,0,4,1,6,2,24,5,1364,1,-1,2,1
201420W059874,2,1,0,18,0,8,0,0,0,0,1,1,6,2,31,6,-1,-1,-1,1,1
201420W060124,1,9,0,18,0,8,0,0,0,0,1,1,6,1,21,5,1364,1,10,-1,1
201420W060124,2,9,0,18,0,8,5,0,0,0,4,1,6,2,41,7,1339,1,4,4,1
201420W060134,1,9,0,7,0,3,0,0,0,0,1,1,6,1,-1,-1,-1,-1,-1,-1,-1
201420W060144,1,11,0,5,0,0,0,0,0,0,4,1,1,1,-1,-1,-1,-1,-1,-1,-1
201420W060214,1,9,0,9,0,6,0,0,0,0,1,1,1,1,-1,-1,1910,2,6,-1,-1
201420W060214,2,3,0,18,0,8,1,0,0,0,1,1,2,1,19,4,124,1,2,4,1
201420W060234,1,9,0,3,0,1,0,0,0,0,2,1,1,1,-1,-1,1248,2,2,-1,-1
201420W060234,2,9,0,5,0,1,0,0,0,0,1,1,1,1,64,9,1997,2,9,7,1
201420W060264,1,3,0,18,0,2,0,0,0,0,1,1,6,1,17,4,124,1,5,1,1
201420W060264,2,9,0,3,0,2,0,0,0,0,2,1,6,3,-1,-1,-1,-1,-1,-1,-1
201420W060294,1,9,0,9,0,6,0,0,0,0,1,1,6,1,-1,-1,1794,1,12,1,1
201420W060294,2,9,0,18,0,8,0,10,1,10,3,1,6,1,24,5,1596,1,12,1,1
201420W060354,1,9,0,9,0,2,0,0,0,0,1,1,6,1,-1,-1,1685,2,-1,-1,-1
201420W060354,2,9,0,18,0,1,0,0,0,0,4,1,6,1,56,9,1242,1,14,2,1
201420W060354,3,9,0,9,0,1,0,0,0,0,0,1,1,1,43,7,1968,2,1,2,1
201420W060404,1,9,0,18,0,1,2,10,7,10,4,1,6,1,-1,-1,1997,1,13,-1,-1
201420W060414,1,3,0,18,2,8,0,0,0,0,0,1,6,1,46,8,125,1,10,1,1
201420W060414,2,9,0,9,0,6,0,0,0,0,0,1,6,1,35,6,1995,2,10,1,1
201420W500134,1,19,0,18,0,0,0,0,0,0,4,1,6,3,-1,-1,-1,-1,-1,-1,-1
201420W500244,1,9,0,13,0,1,0,0,7,0,4,1,6,3,-1,-1,1968,2,7,-1,-1
201420W500244,2,21,0,18,0,1,0,0,7,1,1,1,1,1,31,6,8867,2,5,1,1
201420W500244,3,9,0,18,0,8,0,0,0,0,1,1,6,1,34,6,1753,2,8,3,1
201420W500284,1,9,0,18,0,0,0,0,0,0,1,1,6,1,-1,-1,2362,1,11,-1,-1
201420W500284,2,9,0,3,0,0,0,0,0,0,2,1,6,1,25,5,1995,2,2,8,1
201420W500364,1,9,0,18,0,1,0,0,0,0,1,1,6,1,-1,-1,1896,2,12,6,1
201420W500364,2,9,0,3,0,1,0,0,0,0,2,1,6,2,31,6,-1,-1,-1,5,1
201420W500384,1,9,0,18,0,1,0,0,0,0,1,1,6,3,-1,-1,-1,-1,-1,-1,-1
201420W500414,1,9,0,5,0,8,0,0,3,10,3,1,6,1,26,6,1590,1,12,1,1
201420W500414,2,9,0,18,0,8,0,0,0,0,1,1,6,1,26,6,1986,2,9,-1,1
201420W500434,1,9,0,9,0,5,0,0,0,0,1,1,6,1,34,6,1686,2,9,-1,1
201420W500434,2,9,0,18,0,8,1,10,1,7,3,1,6,1,30,6,-1,-1,-1,1,1
201420W500454,1,9,0,18,0,0,0,0,0,0,1,1,2,1,33,6,2993,2,-1,2,1
201420W500454,2,9,0,18,0,0,0,0,0,0,1,1,2,1,36,7,1598,1,10,8,1
201420W500494,1,9,0,18,0,2,0,0,0,0,4,1,1,1,49,8,2597,1,11,1,1
201420W500524,1,9,0,18,0,4,0,0,0,0,1,1,6,2,-1,-1,1368,1,8,-1,-1
201420W500524,2,9,0,3,0,1,0,0,0,0,2,1,1,1,36,7,1896,2,7,1,1
201420W500624,1,9,0,18,0,1,0,4,7,0,1,1,6,1,20,4,1198,1,6,1,1
201420W500624,2,9,0,2,0,1,0,4,2,10,2,1,6,1,-1,-1,1896,2,10,1,1
201420W500624,3,9,0,2,0,2,0,4,0,0,2,1,6,1,48,8,1896,2,10,1,1
201420W500664,1,9,0,4,0,1,0,0,0,0,1,1,6,1,-1,-1,1242,1,3,-1,-1
201420W500694,1,9,0,5,0,0,0,0,0,0,1,1,6,2,51,8,2597,1,10,4,1
201420W500714,1,8,0,5,9,0,0,0,1,0,1,1,6,1,52,8,2664,2,16,9,1
201420W500844,1,9,0,15,0,0,1,10,1,3,3,1,6,1,23,5,3189,1,9,1,1
201420W500844,2,20,0,11,0,0,0,0,0,0,4,1,1,1,62,9,12913,2,5,6,1
201420W500954,1,9,0,18,0,0,1,4,7,0,1,1,6,1,39,7,1598,1,11,1,1
201420W500954,2,9,0,2,0,0,1,0,1,10,1,1,6,1,75,10,1299,1,14,1,1
201420W501024,1,9,0,18,0,1,0,0,0,0,1,1,6,2,-1,-1,-1,-1,-1,-1,-1
201420W501184,1,9,0,4,0,0,0,0,0,0,1,1,6,1,-1,-1,1973,1,14,-1,-1
201420W501184,2,9,0,3,0,0,0,0,0,0,2,1,3,1,50,8,1598,1,6,-1,1
201420W501214,1,9,0,18,0,8,0,0,0,0,4,1,6,1,-1,-1,1956,2,3,-1,-1
201420W501214,2,9,0,18,0,8,0,10,0,0,3,1,2,2,25,5,998,1,3,1,1
201420W501224,1,8,0,4,0,0,0,0,0,0,1,1,6,1,-1,-1,-1,-1,-1,-1,-1
201420W501224,2,9,0,3,0,0,0,0,0,0,2,1,2,1,34,6,1796,1,5,-1,1
201420W501284,1,9,0,18,0,0,0,0,0,0,1,1,6,2,35,6,1598,1,1,5,1
201420W501424,1,9,0,18,0,8,0,0,0,0,3,1,6,2,24,5,1396,1,12,2,1
201420W501424,2,9,0,7,0,8,0,0,0,0,4,1,2,2,20,4,1360,1,7,4,1
201420W501434,1,9,0,5,0,1,0,0,0,0,2,1,6,1,45,7,1870,2,13,1,1
201420W501434,2,9,0,5,0,1,0,0,0,0,1,1,6,1,-1,-1,-1,-1,-1,-1,-1
201420W501554,1,9,0,9,0,6,0,4,1,0,1,1,2,1,36,7,1986,2,8,3,1
201420W501554,2,9,0,18,0,8,0,4,0,0,1,1,2,1,40,7,1363,2,9,1,1
201420W501554,3,9,0,2,0,2,0,4,0,0,2,1,6,3,-1,-1,1497,1,13,-1,-1
201420W501554,4,9,0,2,0,2,0,0,0,0,2,1,6,3,-1,-1,1995,2,7,-1,-1
201420W501574,1,9,0,9,0,2,0,0,0,0,1,1,6,1,48,8,1598,1,10,5,1
201420W501574,2,9,0,18,0,1,0,0,0,0,1,1,6,2,28,6,1360,1,12,-1,1
201420W501584,1,11,0,18,0,0,0,0,0,0,1,1,1,1,45,7,9000,2,10,1,1
201420W501614,1,9,0,18,0,0,0,0,0,0,1,1,6,1,35,6,1242,1,6,2,1
201420W501624,1,8,0,18,0,1,1,0,0,0,1,1,1,1,52,8,1997,2,9,2,1
201420W501624,2,9,0,3,0,1,0,0,0,0,2,1,1,1,49,8,1794,1,6,2,1
201420W501634,1,9,0,4,0,0,0,0,0,0,1,1,6,2,45,7,1498,1,5,4,1
201420W501644,1,9,0,7,0,3,0,0,0,0,1,1,6,1,34,6,1995,2,6,1,1
201420W501654,1,9,0,3,0,0,0,0,0,0,0,1,3,1,45,7,1497,1,12,4,1
201420W501654,2,9,0,15,0,0,0,0,0,0,1,1,3,1,51,8,1798,1,11,-1,1
201420W501664,1,21,0,18,0,1,0,0,0,0,1,1,6,3,-1,-1,-1,-1,-1,-1,-1
201420W501664,2,90,0,3,9,1,5,0,0,0,1,1,6,2,54,8,-1,-1,-1,1,1
201420W501684,1,9,0,18,0,8,0,0,0,0,1,1,1,1,66,10,-1,-1,-1,2,1
201420W501684,2,9,0,18,0,8,0,10,7,1,4,1,6,1,33,6,1998,1,15,-1,1
201420W501914,1,9,0,9,0,8,0,0,0,0,1,1,6,2,21,5,1399,2,9,2,1
201420W501914,2,19,0,18,0,8,0,0,0,0,4,1,1,1,31,6,1995,2,-1,3,1
201420W502054,1,8,0,18,0,2,0,0,0,0,1,1,1,1,38,7,1560,2,8,3,1
201420W502084,1,9,0,18,0,8,0,0,0,0,1,1,6,1,27,6,1598,1,8,1,1
201420W502084,2,9,0,18,0,6,1,0,0,0,1,1,6,1,28,6,2143,2,-1,1,1
201420W502094,1,9,0,18,0,0,1,10,1,3,3,1,6,1,29,6,995,1,10,1,1
201420W502144,1,9,0,18,0,1,0,0,0,0,1,1,2,1,30,6,1360,1,8,3,1
201420W502144,2,1,0,5,0,1,0,0,0,0,2,1,2,1,26,6,-1,-1,-1,1,1
201420W502154,1,9,0,5,0,8,0,0,0,0,1,1,1,1,59,9,1753,2,7,9,1
201420W502154,2,9,0,18,0,8,0,4,7,2,1,1,1,1,33,6,1896,2,10,3,1
201420W502154,3,9,0,2,0,1,0,0,0,0,1,1,6,3,27,6,1598,1,4,1,1
201420W502234,1,9,0,18,0,8,0,10,1,10,1,1,1,1,22,5,1896,2,7,9,1
201420W502234,2,9,0,9,0,8,0,10,7,10,1,1,6,1,33,6,1995,2,-1,2,1
201420W502354,1,9,0,18,0,1,5,10,2,4,4,1,3,2,34,6,1124,1,12,1,1
201420W502364,1,8,0,18,0,2,0,0,0,0,1,1,1,1,26,6,1968,2,7,4,1
201420W502374,1,9,0,9,0,6,0,0,0,0,1,1,6,1,22,5,1598,2,4,-1,1
201420W502374,2,9,0,18,0,8,0,0,0,0,1,1,6,1,21,5,1364,1,5,2,1
201420W502414,1,9,0,3,0,1,0,0,0,0,2,1,6,1,26,6,1199,1,13,3,1
201420W502414,2,9,0,18,0,1,0,0,0,0,1,1,6,2,-1,-1,-1,-1,-1,-1,-1
201420W502494,1,9,0,13,0,0,0,0,0,0,1,1,1,1,34,6,1386,1,5,2,1
201420W502494,2,9,0,18,0,0,0,0,0,0,2,1,1,2,33,6,998,1,-1,1,1
201420W502524,1,9,0,14,0,2,0,0,0,0,1,1,6,1,43,7,1796,1,7,1,1
201420W502594,1,9,0,18,0,1,0,0,0,0,1,1,6,3,-1,-1,-1,-1,-1,-1,-1
201420W502634,1,3,0,18,0,3,0,0,0,0,4,1,6,1,29,6,124,1,-1,6,1
201420W502634,2,19,0,7,0,4,0,0,0,0,3,1,6,1,23,5,2198,2,7,4,1
201420W502644,1,11,0,9,0,6,0,4,0,0,4,1,1,1,46,8,9000,2,6,6,1
201420W502644,2,20,0,2,0,1,0,0,0,0,2,1,6,3,-1,-1,2402,2,4,5,1
201420W502834,1,9,0,9,0,8,0,0,0,0,1,1,6,2,70,10,1199,1,13,1,1
201420W502834,2,8,0,18,0,8,0,0,0,0,1,1,6,3,-1,-1,1997,2,10,-1,-1
201420W503204,1,9,0,3,0,0,0,0,0,0,2,1,6,2,32,6,1332,1,17,5,1
201420W503204,2,9,0,18,0,0,0,0,0,0,1,1,6,3,-1,-1,1798,1,10,-1,-1
201420W503394,1,9,0,18,0,1,0,0,0,0,1,1,6,1,-1,-1,1360,1,8,-1,-1
201420W503484,1,8,0,16,0,4,0,0,0,0,1,1,1,1,-1,-1,1997,2,12,-1,-1
201420W503484,2,1,0,17,0,3,0,0,0,0,4,1,1,2,43,7,-1,-1,-1,6,1
201420W503724,1,9,0,18,0,8,1,10,7,7,1,1,2,1,30,6,1896,2,11,1,1
201420W503724,2,9,0,18,0,8,0,0,0,0,1,1,6,2,46,8,1360,1,13,-1,1
201420W503814,1,9,0,18,0,1,0,0,0,0,1,1,6,2,-1,-1,-1,-1,-1,-1,-1
201420W503884,1,9,0,7,0,6,0,0,0,0,1,1,6,3,-1,-1,1497,1,14,-1,-1
201420W503884,2,9,0,18,0,1,0,0,0,0,1,1,6,2,24,5,1364,1,5,2,1
201420W504154,1,9,0,11,0,8,2,10,1,0,4,1,6,2,44,7,1240,1,9,-1,1
201420W504154,2,9,0,18,0,8,0,0,0,0,3,1,6,1,24,5,1968,2,3,1,1
201420W504154,3,9,0,8,0,1,0,0,0,0,3,1,6,2,48,8,1995,2,11,1,1
201420W504194,1,9,0,5,0,0,0,0,0,0,3,1,6,1,45,7,1799,1,17,-1,1
201420W504194,2,3,0,18,0,0,0,0,0,0,1,1,6,1,20,4,124,1,-1,1,1
201420W504234,1,9,0,14,0,8,0,0,0,0,1,1,6,1,32,6,1398,1,9,2,1
201420W504234,2,9,0,9,0,8,0,0,0,0,4,1,6,2,20,4,1229,1,1,3,1
201420W504274,1,9,0,18,0,0,1,4,1,10,4,1,6,1,35,6,1896,2,8,1,1
201420W504274,2,9,0,2,0,0,0,0,0,0,3,1,6,2,36,7,1968,2,4,3,1
201420W504604,1,9,0,13,0,2,0,0,0,0,3,1,6,1,54,8,1461,2,10,1,1
201420W504604,2,11,0,18,0,2,0,0,0,0,4,1,1,1,68,10,-1,-1,-1,-1,-1
201420W504634,1,9,0,18,0,0,0,10,4,0,1,1,3,2,50,8,1388,1,6,5,1
201420W504634,2,19,0,4,0,0,0,0,4,0,4,1,1,1,34,6,1560,2,3,5,1
201420W504634,3,19,0,4,0,0,0,0,0,0,2,1,1,1,36,7,1598,2,2,2,1
201420W505174,1,9,0,9,0,8,0,0,0,0,1,1,6,1,32,6,1796,1,7,3,1
201420W505174,2,9,0,18,0,8,0,0,0,0,1,1,6,1,22,5,1398,1,4,-1,1
201420W505184,1,9,0,18,0,1,0,0,0,0,3,1,6,3,-1,-1,1395,1,-1,-1,-1
201420W505204,1,9,0,4,0,1,0,0,0,0,1,1,6,1,-1,-1,1997,2,5,-1,-1
201420W505374,1,9,0,3,0,1,0,0,0,0,2,1,6,1,41,7,1248,2,10,-1,1
201420W505374,2,9,0,4,0,1,0,0,0,0,1,1,6,1,-1,-1,1360,1,14,-1,-1
201420W505674,1,9,0,18,0,4,0,0,0,0,1,1,6,1,-1,-1,1995,2,13,5,1
201420W505674,2,1,0,18,0,8,0,0,0,0,2,1,6,1,56,9,-1,-1,-1,10,1
201420W505744,1,9,0,16,0,0,1,10,1,10,1,1,6,1,29,6,1396,1,19,1,1
201420W505744,2,9,0,16,0,0,0,0,0,0,0,1,1,1,-1,-1,2521,1,6,-1,-1
201420W506244,1,9,0,9,0,5,0,0,0,0,1,1,6,1,33,6,1586,1,9,1,1
201420W506344,1,8,0,18,0,8,0,0,0,0,4,1,6,1,40,7,1997,2,14,1,1
201420W506344,2,9,0,18,0,8,0,0,0,0,1,1,6,1,30,6,1968,2,10,-1,-1
201420W506454,1,9,0,7,0,8,0,0,0,0,4,1,6,1,-1,-1,-1,-1,-1,-1,-1
201420W506454,2,1,0,18,0,8,0,0,0,0,1,1,1,1,50,8,-1,-1,-1,6,1
201420W506484,1,9,0,9,0,2,0,0,0,0,2,1,6,2,57,9,1598,1,10,1,1
201420W506564,1,9,0,7,0,8,0,0,0,0,1,1,6,1,42,7,1968,2,3,4,1
201420W506564,2,9,0,18,0,8,0,0,0,0,1,1,6,1,30,6,1598,1,13,5,1
201420W507634,1,9,0,11,0,1,0,0,0,0,4,1,6,1,49,8,1206,1,1,1,1
201420W507634,2,11,0,18,0,1,0,0,0,0,3,1,1,1,27,6,9000,2,4,1,1
201420W508154,1,9,0,18,0,0,1,6,7,10,4,1,6,1,23,5,1995,2,9,2,1
201420W508184,1,9,0,18,0,8,0,0,0,0,4,1,6,2,33,6,1997,2,4,5,1
201420W508234,1,3,0,18,0,1,0,0,0,0,1,1,1,2,20,4,125,1,-1,1,1
201420W508234,2,8,0,9,0,1,0,0,0,0,2,1,6,3,-1,-1,-1,-1,-1,-1,-1
201420W508334,1,9,0,4,0,0,0,0,0,0,1,1,1,1,49,8,1364,1,7,-1,1
201420W508334,2,9,0,2,0,0,0,0,0,0,4,1,6,3,31,6,1910,2,10,1,1
201420W508334,3,9,0,18,0,0,0,4,0,0,1,1,6,1,-1,-1,1968,2,6,4,1
201420W508364,1,9,0,18,0,0,5,0,0,0,1,1,6,1,30,6,1390,1,11,5,1
201420W508364,2,9,0,18,0,0,0,0,0,0,3,1,6,2,48,8,1598,1,8,8,1
201420W508364,3,9,0,18,0,0,0,0,0,0,4,1,6,1,41,7,2179,2,2,6,1
201420W508444,1,9,0,2,0,0,0,0,0,0,3,1,1,1,26,6,999,1,-1,2,1
201420W508444,2,1,0,14,0,0,0,8,0,0,1,1,1,1,51,8,-1,-1,-1,1,1
201420W508474,1,19,0,7,0,8,0,0,0,0,1,1,6,1,-1,-1,-1,-1,-1,-1,-1
201420W508474,2,1,0,18,0,8,0,0,0,0,1,1,6,1,43,7,-1,-1,-1,1,1
201420W508504,1,9,0,5,0,8,0,0,0,0,1,1,6,2,34,6,1388,1,12,3,1
201420W508504,2,9,0,18,0,8,0,0,0,0,3,1,6,1,39,7,1560,2,4,4,1
201420W508534,1,9,0,4,0,0,0,0,0,0,1,1,6,1,27,6,1968,2,9,5,1
201420W508544,1,9,0,13,0,8,0,0,0,0,1,1,6,1,-1,-1,1598,1,9,-1,-1
201420W508544,2,9,0,9,0,5,0,0,0,0,3,1,6,2,37,7,1598,2,-1,1,1
201420W508554,1,9,0,7,0,6,0,0,0,0,2,1,1,2,32,6,1596,1,11,-1,1
201420W508554,2,9,0,15,0,8,0,10,0,0,1,1,6,1,34,6,1995,2,2,2,1