Accident_Index,Vehicle_Reference,Vehicle_Type,Towing_and_Articulation,Vehicle_Manoeuvre,Vehicle_Location-Restricted_Lane,Junction_Location,Skidding_and_Overturning,Hit_Object_in_Carriageway,Vehicle_Leaving_Carriageway,Hit_Object_off_Carriageway,1st_Point_of_Impact,Was_Vehicle_Left_Hand_Drive?,Journey_Purpose_of_Driver,Sex_of_Driver,Age_of_Driver,Age_Band_of_Driver,Engine_Capacity_(CC),Propulsion_Code,Age_of_Vehicle,Driver_IMD_Decile,Driver_Home_Area_Type
201420W508794,1,9,0,9,0,2,0,0,0,0,1,1,2,1,67,10,1798,1,12,5,1
201420W508804,1,9,0,3,0,0,0,0,0,0,4,1,3,2,34,6,1199,1,13,1,1
201420W508804,2,9,0,1,0,0,0,0,0,0,3,1,3,2,-1,-1,1896,2,12,-1,-1
201420W508824,1,9,0,4,0,4,1,10,6,1,1,1,6,1,28,6,1339,1,12,1,1
201420W508824,2,9,0,18,0,3,0,10,4,1,4,1,6,1,43,7,1968,2,6,5,1
201420W508874,1,9,0,12,0,0,1,10,2,7,1,1,1,1,18,4,1390,1,4,4,1
201420W508884,1,9,0,12,0,0,0,0,0,0,1,1,6,1,58,9,1870,2,11,2,1
201420W508884,2,1,0,18,0,0,0,0,0,0,1,1,6,1,35,6,-1,-1,-1,-1,-1
201420W508904,1,9,0,6,0,1,0,0,0,0,1,1,6,1,-1,-1,1910,2,9,-1,-1
201420W508904,2,9,0,10,0,1,0,0,0,0,1,1,6,1,22,5,1999,2,7,-1,1
201420W508964,1,9,0,18,0,0,0,4,1,2,1,1,6,1,22,5,1242,1,4,1,1
201420W508964,2,19,0,2,0,0,0,0,0,0,2,1,6,1,32,6,2143,2,1,2,1
201420W509184,1,9,0,7,0,8,0,10,7,2,1,1,6,1,29,6,1149,1,7,1,1
201420W509184,2,9,0,16,0,8,0,4,7,10,1,1,6,1,43,7,-1,-1,-1,3,1
201420W509184,3,9,0,2,0,2,0,0,0,0,4,1,6,2,57,9,1124,1,10,6,1
201420W509584,1,9,0,18,0,0,0,0,0,0,1,1,6,2,19,4,1390,1,6,3,1
201420W509584,2,9,0,18,0,0,0,0,0,0,2,1,6,1,21,5,1388,1,3,1,1
201420W509644,1,9,0,5,0,8,0,0,0,0,1,1,6,1,26,6,1598,1,-1,2,1
201420W509644,2,9,0,18,0,8,0,0,0,0,2,1,6,1,-1,-1,-1,-1,-1,-1,-1
201420W509714,1,9,0,18,0,4,0,0,0,0,1,1,6,1,33,6,1560,2,3,2,1
201420W509714,2,9,0,18,0,3,0,10,7,2,4,1,6,1,52,8,1995,2,10,3,1
201420W511554,1,9,0,18,0,8,0,0,0,0,1,1,6,1,35,6,998,1,9,-1,1
201420W511554,2,9,0,18,0,8,0,0,0,0,4,1,6,2,45,7,3311,8,7,4,1
201420W511564,1,9,0,18,0,0,0,0,0,0,1,1,2,1,39,7,2979,1,6,6,1
201420W600684,1,9,0,12,0,1,1,0,0,0,1,1,6,1,-1,-1,1998,1,15,-1,-1
201420W600684,2,9,0,9,0,2,0,0,0,0,3,1,6,1,30,6,1498,1,-1,9,1
201420W600694,1,19,0,18,0,1,0,0,0,0,3,1,1,2,25,5,2402,2,11,1,1
201420W600694,2,9,0,7,0,6,1,0,0,0,1,1,6,1,-1,-1,-1,-1,-1,-1,-1
201420W602174,1,9,0,10,0,1,0,0,0,0,3,1,6,2,37,7,1598,2,2,7,1
201420W602174,2,9,0,7,0,1,0,0,0,0,4,1,6,1,-1,-1,1364,1,8,-1,-1
201420W604654,1,9,0,18,0,1,0,0,0,0,1,1,6,1,-1,-1,-1,-1,-1,-1,-1
201420W604654,2,9,0,9,0,1,0,0,0,0,2,1,6,2,20,4,1398,1,-1,2,1
201420W606464,1,9,0,18,0,1,0,0,0,0,1,1,6,1,-1,-1,1796,1,12,-1,-1
201420W606464,2,9,0,3,0,1,0,0,0,0,2,1,6,2,46,8,1329,1,2,7,1
201420W609264,1,9,0,14,0,0,0,0,0,0,1,1,6,1,-1,-1,998,1,10,-1,1
201420W609264,2,9,0,3,0,0,0,0,0,0,1,1,3,2,28,6,1396,1,11,-1,1
201420W611504,1,9,0,18,0,8,0,0,0,0,1,1,6,1,27,6,1242,1,10,6,1
201420W611504,2,9,0,18,0,8,0,0,0,0,3,1,6,1,44,7,2362,1,9,1,1
201420W660164,1,9,0,4,0,1,0,0,0,0,1,1,6,2,27,6,1560,2,2,9,1
201420Z000244,1,9,0,18,0,0,0,0,0,0,1,1,6,1,26,6,1968,2,3,8,1
201420Z000244,2,9,0,18,0,0,0,0,0,0,2,1,6,1,-1,-1,999,1,1,2,1
201420Z000244,3,9,0,18,0,0,0,0,0,0,2,1,6,1,36,7,2435,1,13,10,1
201420Z000244,4,9,0,18,0,0,0,0,0,0,2,1,6,2,35,6,1398,2,9,1,1
201420Z000244,5,9,0,18,0,0,0,0,0,0,1,1,6,1,34,6,1895,1,14,4,1
201420Z000284,1,9,0,12,0,0,0,0,4,6,1,1,6,1,25,5,1598,1,5,10,1
201420Z000284,2,21,1,16,0,0,0,0,0,0,1,2,1,1,40,7,-1,-1,-1,-1,-1
201420Z000294,1,21,1,12,0,0,0,0,0,0,3,2,1,1,48,8,-1,-1,-1,-1,-1
201420Z000294,2,9,0,18,0,0,1,0,4,7,4,1,6,2,26,6,1299,1,14,2,1
201420Z000294,3,9,0,18,0,0,0,0,0,0,1,1,6,1,50,8,2993,2,5,10,1
201420Z000304,1,9,0,16,0,0,1,0,7,6,3,1,6,2,23,5,1390,1,5,5,1
201420Z000304,2,21,1,16,0,0,0,0,0,0,3,1,1,1,47,8,10518,2,4,5,1
201420Z000334,1,9,0,18,0,0,0,0,0,0,1,1,6,1,36,7,1560,2,2,5,1
201420Z000334,2,9,0,18,0,0,0,0,0,0,2,1,6,2,69,10,1598,2,4,6,1
201420Z000334,3,19,0,18,0,0,0,0,0,0,2,1,6,1,39,7,2402,2,12,1,1
201420Z000374,1,9,0,18,0,0,0,0,0,0,1,1,6,1,-1,-1,1910,2,8,-1,-1
201420Z000374,2,9,0,18,0,0,0,0,0,0,2,1,6,2,21,5,1390,1,-1,10,2
201420Z000404,1,9,0,18,0,0,0,0,0,0,1,1,6,1,22,5,998,1,15,2,1
201420Z000404,2,9,0,18,0,0,0,0,0,0,1,1,6,1,23,5,1598,1,7,2,1
201420Z000404,3,10,0,18,0,0,0,0,0,0,2,1,1,1,50,8,2198,2,5,-1,2
201420Z000414,1,9,0,13,0,0,1,0,4,6,3,1,6,1,21,5,1910,2,8,1,1
201420Z000414,2,9,0,18,0,0,1,0,4,6,1,1,6,1,47,8,1995,2,7,5,1
201420Z000434,1,21,1,11,0,0,0,0,0,0,1,1,1,1,56,9,12900,2,6,-1,2
201420Z000434,2,9,0,18,0,0,0,0,8,7,2,1,6,2,59,9,1794,1,10,6,1
201420Z000434,3,19,0,18,0,0,0,0,0,0,1,1,1,1,49,8,2143,2,4,3,1
201420Z000464,1,21,1,18,0,0,0,0,0,0,1,1,1,1,37,7,10837,2,3,2,1
201420Z000464,2,21,1,4,0,0,0,0,0,0,2,1,1,1,64,9,6370,2,4,5,1
201420Z000464,3,9,0,4,0,0,0,0,0,0,2,1,1,1,54,8,-1,-1,-1,3,1
201420Z000464,4,9,0,4,0,0,0,0,0,0,2,1,1,1,32,6,-1,-1,-1,1,1
201420Z000484,1,19,0,18,0,0,0,0,0,0,1,1,6,1,47,8,-1,-1,-1,3,1
201420Z000484,2,9,0,4,0,0,0,0,0,0,2,1,6,1,53,8,1870,2,14,5,1
201420Z000484,3,9,0,4,0,0,0,0,0,0,2,1,6,1,42,7,1956,2,3,8,3
201420Z000504,1,9,0,18,0,0,1,0,0,0,1,1,1,2,-1,-1,-1,-1,-1,-1,-1
201420Z000504,2,9,0,3,0,0,1,0,0,0,2,1,1,1,27,6,2354,1,11,7,1
201420Z000564,1,21,1,13,0,0,0,0,0,0,4,1,1,1,50,8,12777,2,6,-1,3
201420Z000564,2,9,0,18,0,0,0,0,5,6,3,1,2,1,61,9,2148,2,11,3,1
201420Z000564,3,9,0,18,0,0,0,0,0,0,2,1,6,2,24,5,1461,2,8,2,1
201420Z000564,4,19,0,18,0,0,0,0,0,0,4,1,1,1,22,5,1753,2,9,4,1
201420Z000564,5,9,0,18,0,0,0,0,0,0,1,1,6,1,49,8,1896,2,10,1,1
201420Z000574,1,9,0,18,0,1,0,0,0,0,1,1,1,2,18,4,1124,1,11,10,1
201420Z000574,2,9,0,18,0,1,0,0,0,0,2,1,1,1,26,6,2987,2,3,6,1
201420Z000594,1,9,0,4,0,0,0,0,0,0,1,1,1,1,34,6,1597,1,19,7,1
201420Z000594,2,9,0,18,0,0,0,0,0,0,2,1,6,2,34,6,1995,2,9,10,1
201420Z000674,1,19,0,16,0,2,1,0,0,0,1,1,1,1,47,8,2300,2,9,-1,-1
201420Z000674,2,9,0,16,0,2,0,0,0,0,2,1,2,1,36,7,2497,2,7,2,1
201420Z000694,1,9,0,18,0,0,1,0,0,0,4,1,6,2,40,7,1997,1,7,1,1
201420Z000694,2,21,1,18,0,0,0,0,0,0,1,1,1,1,50,8,11946,2,3,2,1
201420Z000694,3,19,0,18,0,0,0,0,0,0,4,1,6,1,25,5,2198,2,4,5,1
201420Z000694,4,9,0,18,0,0,0,0,0,0,4,1,6,1,50,8,1248,1,3,6,1
201420Z000774,1,9,0,4,0,0,0,0,0,0,1,1,6,1,66,10,2401,2,9,2,1
201420Z000774,2,9,0,4,0,0,0,0,0,0,2,1,6,1,28,6,1995,1,9,5,1
201420Z000774,3,9,0,4,0,0,0,0,0,0,1,1,6,1,24,5,1598,1,8,4,1
201420Z000774,4,9,0,4,0,0,0,0,0,0,2,1,6,2,39,7,1596,1,4,8,1
201420Z000834,1,9,0,4,0,0,0,0,0,0,1,1,2,2,25,5,998,1,15,10,1
201420Z000834,2,19,0,18,0,0,0,0,0,0,3,1,1,1,41,7,2402,2,8,8,1
201420Z000834,3,9,0,18,0,0,0,0,0,0,4,1,6,1,23,5,1984,2,5,3,1
201420Z000834,4,9,0,18,0,0,0,0,0,0,1,1,6,1,44,7,2148,2,5,-1,1
201420Z000844,1,9,0,7,0,8,0,0,0,0,1,1,6,1,-1,-1,-1,-1,-1,-1,-1
201420Z000844,2,9,0,7,0,8,0,0,0,0,2,1,6,1,26,6,1870,2,5,6,1
201420Z000844,3,9,0,7,0,8,0,0,0,0,1,1,2,1,38,7,2993,2,11,3,1
201420Z000844,4,19,0,18,0,8,0,0,0,0,2,1,1,1,56,9,2198,2,2,1,1
201420Z000874,1,9,0,18,0,0,0,0,0,0,1,1,6,3,-1,-1,-1,-1,-1,-1,-1
201420Z000874,2,9,0,18,0,0,0,0,0,0,2,1,6,1,24,5,1360,1,11,3,1
201420Z000884,1,9,0,18,0,0,0,0,0,0,1,1,6,2,24,5,1596,1,14,3,1
201420Z000904,1,9,0,11,0,0,0,0,0,0,2,1,6,2,41,7,1753,2,14,1,1
201420Z000904,2,21,1,18,0,0,0,0,0,0,1,1,1,1,56,9,11946,2,4,7,3
201420Z000914,1,9,0,18,0,0,0,0,0,0,1,1,6,3,-1,-1,-1,-1,-1,-1,-1
201420Z000914,2,9,0,18,0,0,0,0,0,0,3,1,6,2,35,6,1794,1,9,1,1
201420Z000924,1,9,0,12,0,2,0,0,0,0,1,1,6,1,54,8,1896,2,8,4,1
201420Z000924,2,9,0,4,0,2,0,0,0,0,2,1,6,1,49,8,2295,1,15,2,1
201420Z000924,3,9,0,4,0,2,0,0,0,0,2,1,6,1,48,8,1956,2,2,4,1
201420Z000934,1,9,0,4,0,0,0,0,0,0,1,1,1,1,62,9,1995,2,11,7,1
201420Z000934,2,9,0,4,0,0,0,0,0,0,2,1,6,1,51,8,2179,2,2,9,1
201420Z000944,1,9,0,18,0,0,1,0,0,0,1,1,6,1,39,7,1686,2,4,-1,-1
201420Z000944,2,9,0,13,0,0,0,0,0,0,2,1,6,1,27,6,1242,1,3,3,1
201420Z000964,1,9,0,18,0,0,1,0,0,0,3,1,1,2,50,8,1299,1,14,5,1
201420Z000964,2,9,0,18,0,0,0,0,0,0,1,1,1,2,33,6,1595,2,4,3,1
201420Z000994,1,9,0,4,0,0,0,0,0,0,1,1,6,1,47,8,2993,2,4,10,1
201420Z000994,2,9,0,4,0,0,0,0,0,0,2,1,6,2,26,6,1242,1,5,2,1
201420Z000994,3,9,0,4,0,0,0,0,0,0,2,1,2,1,45,7,1968,2,3,9,1
201420Z001114,1,9,0,18,0,0,0,0,0,0,1,1,2,2,41,7,1995,2,2,4,3
201420Z001114,2,9,0,4,0,0,0,0,0,0,2,1,2,1,34,6,1995,2,7,6,2
201420Z001134,1,9,0,18,0,7,0,0,0,0,2,1,6,1,28,6,1995,2,11,1,1
201420Z001134,2,9,0,18,0,7,0,0,0,0,1,1,1,1,41,7,1753,2,7,6,1
201420Z001144,1,21,1,12,0,0,0,0,0,0,3,2,1,1,59,9,-1,-1,-1,-1,-1
201420Z001144,2,9,0,11,0,0,0,0,0,0,4,1,2,1,33,6,1799,1,17,2,1
201420Z001154,1,9,0,18,0,0,0,0,0,0,1,1,6,1,21,5,1999,1,6,1,1
201420Z001154,2,9,0,4,0,0,0,0,7,6,2,1,2,2,29,6,1397,1,6,8,1
201420Z001174,1,9,0,4,0,0,0,0,0,0,1,1,6,1,53,8,1798,8,1,10,1
201420Z001174,2,9,0,5,0,0,0,0,0,0,2,1,6,1,26,6,-1,-1,-1,9,1
201420Z001194,1,21,1,4,0,0,3,0,0,0,1,1,1,1,57,9,12777,2,1,3,1
201420Z001194,2,21,1,4,0,0,0,0,0,0,2,1,1,1,53,8,12777,2,5,5,1
201420Z001194,3,21,1,4,0,0,0,0,0,0,2,1,1,1,51,8,12777,2,6,3,1
201420Z001194,4,8,0,4,0,0,0,0,0,0,2,1,1,1,51,8,2143,2,3,2,1
201420Z001204,1,9,0,16,0,1,0,0,0,0,1,1,6,1,34,6,1598,1,4,1,1
201420Z001204,2,9,0,3,0,1,0,0,0,0,2,1,6,1,26,6,1998,1,9,5,1
201420Z001204,3,9,0,3,0,1,0,0,0,0,2,1,6,1,25,5,-1,-1,-1,7,1
201420Z001204,4,9,0,3,0,1,0,0,0,0,2,1,6,1,51,8,1997,2,2,3,1
201420Z001214,1,21,1,18,0,0,0,0,0,0,1,1,1,1,65,9,12900,2,3,5,1
201420Z001214,2,21,1,3,0,0,0,0,0,0,2,1,1,1,31,6,10308,2,11,3,1
201420Z001214,3,21,1,3,0,0,0,0,0,0,2,1,1,1,25,5,12130,2,12,-1,-1
201420Z001214,4,21,1,3,0,0,0,0,0,0,2,1,1,1,53,8,12740,2,3,3,2
201420Z001224,1,21,1,12,0,1,0,0,0,0,1,2,1,1,42,7,-1,-1,-1,-1,-1
201420Z001224,2,9,0,18,0,1,0,0,0,0,2,1,6,2,50,8,1560,2,5,3,1
201420Z001254,1,9,0,18,0,0,0,0,0,0,1,1,6,1,19,4,1596,1,13,10,1
201420Z001254,2,21,1,18,0,0,0,0,0,0,2,1,1,1,54,8,12740,2,4,3,1
201420Z001284,1,21,0,18,0,0,0,0,0,0,0,1,1,1,52,8,8970,2,7,2,1
201420Z001284,2,11,0,18,0,0,0,11,0,0,4,1,1,1,26,6,9000,2,4,-1,1
201420Z001294,1,21,1,12,0,0,0,0,0,0,3,2,1,1,35,6,-1,-1,-1,-1,-1
201420Z001294,2,9,0,18,0,0,0,0,0,0,4,1,6,1,74,10,1968,2,4,9,1
201420Z001314,1,9,0,4,0,0,0,0,0,0,1,1,6,1,41,7,1560,2,3,7,1
201420Z001314,2,9,0,4,0,0,0,0,0,0,2,1,6,2,23,5,1398,1,4,7,1
201420Z001324,1,19,0,18,0,0,1,0,0,0,1,1,1,1,40,7,2151,2,12,2,1
201420Z001324,2,9,0,18,0,0,0,0,7,6,2,1,2,1,39,7,2143,2,1,7,3
201420Z001324,3,9,0,18,0,0,0,0,0,0,2,1,6,2,33,6,1995,2,1,9,1
201420Z001334,1,21,4,11,0,0,0,0,0,0,0,1,1,1,-1,-1,12419,2,1,-1,-1
201420Z001334,2,9,0,15,0,0,0,0,0,0,0,1,6,1,38,7,1997,2,9,7,1
201420Z001344,1,19,5,18,0,0,2,0,7,7,2,1,1,1,49,8,-1,-1,-1,-1,1
201420Z001354,1,21,1,11,0,0,0,0,0,0,1,1,1,1,49,8,11967,2,2,2,1
201420Z001354,2,9,0,18,0,0,0,0,0,0,3,1,2,2,22,5,1149,1,12,8,1
201420Z001384,1,9,0,18,0,0,0,0,0,0,1,1,6,1,44,7,1560,2,4,10,1
201420Z001384,2,9,0,18,0,0,0,0,0,0,2,1,6,2,44,7,2143,2,1,5,1
201420Z001384,3,9,0,18,0,0,0,0,0,0,2,1,6,2,32,6,1360,1,10,7,1
201420Z001384,4,9,0,18,0,0,0,0,0,0,2,1,6,1,29,6,1796,1,9,1,1
201420Z001404,1,9,0,4,0,0,1,0,0,0,1,1,2,2,53,8,1360,1,9,1,1
201420Z001404,2,8,0,4,0,0,0,0,0,0,2,1,6,2,46,8,1896,2,7,-1,-1
201420Z001404,3,9,0,3,0,0,0,0,0,0,2,1,6,1,62,9,2979,1,13,8,1
201420Z001414,1,8,0,4,0,0,0,0,0,0,1,1,1,1,48,8,-1,-1,-1,8,1
201420Z001414,2,9,0,3,0,0,0,0,0,0,2,1,6,1,49,8,1560,2,7,5,1
201420Z001414,3,9,0,3,0,0,0,0,0,0,2,1,1,2,29,6,1896,2,10,4,1
201420Z001424,1,20,4,12,0,0,0,0,0,0,1,1,1,1,41,7,-1,-1,-1,-1,-1
201420Z001424,2,9,0,18,0,0,1,7,2,7,3,1,6,2,45,7,1560,2,9,5,1
201420Z001444,1,9,0,18,0,0,0,0,0,0,1,1,6,2,23,5,1242,1,6,5,1
201420Z001444,2,9,0,18,0,0,0,0,0,0,2,1,6,1,-1,-1,1956,2,5,6,1
201420Z001484,1,21,1,16,0,0,0,0,0,0,3,1,6,3,-1,-1,-1,-1,-1,-1,-1
201420Z001484,2,90,0,2,6,0,0,0,0,0,0,1,1,1,39,7,-1,-1,-1,-1,-1
201420Z001484,3,9,0,2,0,0,0,0,0,0,0,1,1,1,35,6,-1,-1,-1,6,1
201420Z001494,1,9,0,18,0,0,0,0,0,0,1,1,6,1,46,8,1595,1,8,2,1
201420Z001494,2,9,0,2,0,0,0,0,0,0,1,1,1,1,-1,-1,-1,-1,-1,5,1
201420Z001514,1,9,0,18,0,0,0,0,0,0,1,1,6,1,55,8,1560,2,8,1,1
201420Z001514,2,9,0,18,0,0,0,0,0,0,2,1,6,2,26,6,1598,2,-1,-1,-1
201420Z001514,3,9,0,18,0,0,0,0,0,0,2,1,6,2,26,6,1968,2,2,-1,-1
201420Z001524,1,9,0,18,0,0,0,0,4,6,1,1,6,1,20,4,1149,1,11,10,1
201420Z001524,2,9,0,18,0,0,0,0,0,0,2,1,1,1,50,8,1896,2,5,8,1
201420Z001554,1,21,1,11,0,8,0,0,0,0,1,1,1,1,59,9,12902,2,1,4,1
201420Z001554,2,9,0,18,0,8,1,0,0,0,1,1,1,1,48,8,1599,1,13,5,3
201420Z001554,3,21,0,18,0,8,0,0,0,0,4,1,1,1,49,8,12740,2,1,8,1
201420Z001614,1,21,1,11,0,0,0,0,0,0,3,2,1,1,34,6,-1,-1,-1,-1,-1
201420Z001614,2,9,0,18,0,0,0,0,0,0,4,1,6,2,25,5,1198,1,10,6,1
201420Z001614,3,9,0,18,0,0,0,0,0,0,1,1,6,1,66,10,1968,2,4,8,1
201420Z001624,1,9,0,18,0,0,0,0,0,0,1,1,6,1,51,8,1598,1,1,1,1
201420Z001624,2,9,0,18,0,0,0,0,0,0,4,1,6,1,-1,-1,-1,-1,-1,-1,-1
201420Z001634,1,9,0,18,0,0,0,0,0,0,1,1,6,1,60,9,1560,2,-1,2,1
201420Z001634,2,9,0,18,0,0,0,0,0,0,2,1,6,2,41,7,2179,2,2,5,1
201420Z001644,1,11,0,18,0,0,0,10,0,0,3,1,1,1,59,9,6374,2,6,4,1
201420Z001644,2,21,1,18,0,0,0,0,0,0,4,1,1,1,32,6,10518,2,5,6,1
201420Z001654,1,9,0,11,0,0,0,0,0,0,1,1,2,1,32,6,1242,1,12,5,1
201420Z001654,2,9,0,18,0,0,0,0,0,0,2,1,2,1,28,6,1599,1,12,9,1
201420Z001654,3,9,0,18,0,0,0,0,0,0,2,1,2,1,44,7,1896,2,6,10,1
201420Z001674,1,9,0,17,0,0,1,7,1,6,1,1,6,1,19,4,1242,1,5,1,1
201420Z001694,1,21,4,18,0,1,5,7,1,7,1,1,1,1,54,8,12900,2,3,10,1
201420Z001704,1,9,0,12,0,0,0,0,0,0,2,1,6,1,50,8,1968,2,8,6,1
201420Z001704,2,9,0,18,0,0,0,0,0,0,1,1,6,1,31,6,2720,2,8,7,1
201420Z001704,3,19,0,18,0,0,0,0,0,0,1,1,1,1,50,8,-1,-1,-1,8,3
201420Z001714,1,19,0,11,0,0,0,0,0,0,1,1,2,1,21,5,2287,2,1,10,1
201420Z001714,2,9,0,4,0,0,0,0,0,0,2,1,2,1,34,6,1242,1,1,1,1
201420Z001774,1,9,0,18,0,0,0,0,0,0,1,1,1,1,34,6,1560,2,1,1,1
201420Z001774,2,9,0,18,0,0,0,0,0,0,3,1,1,1,22,5,1248,2,6,6,1
201420Z001774,3,9,0,18,0,0,0,0,0,0,0,1,6,3,-1,-1,-1,-1,-1,-1,-1
201420Z001794,1,21,1,12,0,0,0,0,0,0,3,2,1,1,51,8,-1,-1,-1,-1,-1
201420Z001794,2,9,0,18,0,0,0,0,0,0,4,1,6,1,47,8,1896,2,10,1,1
201420Z001824,1,19,0,4,0,0,0,0,0,0,1,1,1,1,41,7,1998,2,10,1,1
201420Z001824,2,19,0,4,0,0,0,0,0,0,2,1,1,1,45,7,-1,-1,-1,1,1
201420Z001824,3,9,0,4,0,0,0,0,0,0,2,1,2,1,42,7,1461,2,11,4,1
201420Z001834,1,11,0,18,0,0,0,0,0,0,1,1,1,1,50,8,12900,2,2,5,1
201420Z001834,2,9,0,4,0,0,0,0,0,0,2,1,6,1,57,9,1997,2,7,9,1
201420Z001834,3,9,0,4,0,0,0,0,0,0,2,1,6,1,42,7,-1,-1,-1,3,1
201420Z001874,1,9,0,11,0,0,0,0,0,0,1,1,2,2,49,8,1995,2,9,10,3
201420Z001874,2,9,0,3,0,0,0,0,0,0,2,1,2,1,60,9,1995,2,-1,9,1
201420Z001874,3,19,0,3,0,0,0,0,0,0,2,1,2,1,58,9,2143,2,2,10,1
201420Z001874,4,19,0,3,0,0,0,0,0,0,2,1,2,1,55,8,1560,2,4,7,1
201420Z001904,1,9,0,18,0,0,0,0,0,0,1,1,6,1,-1,-1,2776,2,7,-1,-1
201420Z001904,2,9,0,2,0,0,0,0,0,0,2,1,6,1,31,6,1461,2,8,2,1
201420Z001924,1,9,0,4,0,0,0,0,0,0,2,1,6,3,-1,-1,-1,-1,-1,-1,-1
201420Z001924,2,9,0,4,0,0,0,0,0,0,2,1,6,2,31,6,1986,2,9,1,1
201420Z001924,3,9,0,4,0,0,0,0,0,0,2,1,6,1,19,4,-1,-1,-1,5,1
201420Z001944,1,9,0,18,0,0,0,0,8,6,1,1,6,2,20,4,1598,1,9,4,2
201420Z001954,1,9,0,17,0,1,0,0,0,0,2,1,1,1,37,7,1248,2,6,-1,1
201420Z001954,2,19,0,17,0,1,0,0,0,0,1,1,2,1,26,6,1995,2,-1,7,1
201420Z001954,3,9,0,17,0,1,0,0,0,0,1,1,1,2,25,5,1299,1,12,3,1
201420Z001974,1,9,0,18,0,0,0,0,0,0,1,1,6,1,30,6,1870,2,17,6,3
201420Z001974,2,9,0,3,0,0,0,0,0,0,2,1,6,1,45,7,1599,1,10,6,1
201420Z001994,1,9,0,18,0,0,0,0,5,6,1,1,6,1,31,6,1796,1,9,2,1
201420Z002004,1,21,1,18,0,0,0,0,0,0,1,1,1,1,70,10,12777,2,6,7,1
201420Z002004,2,19,0,18,0,0,0,0,1,7,2,1,6,1,46,8,1870,2,12,1,1
201420Z002014,1,20,1,18,0,0,0,0,0,0,1,1,1,1,24,5,-1,-1,-1,1,1
201420Z002014,2,20,1,4,0,0,0,0,1,7,2,1,1,1,43,7,-1,-1,-1,1,1
201420Z002014,3,9,0,4,0,0,0,0,0,0,2,1,2,2,44,7,1360,1,12,2,1
201420Z002014,4,9,0,4,0,0,0,0,0,0,2,1,2,2,33,6,1242,1,1,2,1
201420Z002014,5,20,0,4,0,0,0,0,0,0,2,1,6,1,54,8,-1,-1,-1,1,1
201420Z002014,6,9,0,4,0,0,0,0,0,0,2,1,6,1,43,7,1242,1,6,2,1
201420Z002024,1,5,0,4,0,0,0,0,0,0,1,1,6,1,19,4,598,1,20,9,3
201420Z002024,2,8,0,4,0,0,0,0,0,0,2,1,2,1,61,9,1598,2,3,7,1
201420Z002034,1,20,0,18,0,0,0,0,0,0,1,1,1,1,30,6,2148,2,5,4,1
201420Z002034,2,20,0,18,0,0,0,0,0,0,2,1,1,1,36,7,-1,-1,-1,2,1
201420Z002034,3,9,0,18,0,0,0,0,0,0,2,1,1,1,48,8,-1,-1,-1,10,1
201420Z002044,1,9,0,18,0,0,1,0,1,7,1,1,1,1,40,7,1560,2,3,6,1
201420Z002054,1,21,1,12,0,0,0,0,0,0,3,2,1,1,41,7,-1,-1,-1,-1,-1
201420Z002054,2,9,0,18,0,0,1,0,0,0,4,1,6,1,66,10,1396,1,12,4,1
201420Z002064,1,9,0,18,0,0,1,0,0,0,1,1,6,1,83,11,1598,1,12,-1,-1
201420Z002064,2,19,0,18,0,0,0,0,0,0,2,1,1,1,26,6,2143,2,5,3,1
201420Z002064,3,9,0,18,0,0,0,0,0,0,2,1,1,1,37,7,1560,2,1,4,1
201420Z002064,4,9,0,18,0,0,0,0,0,0,2,1,1,1,49,8,1686,2,-1,-1,1
201420Z002074,1,9,0,12,0,1,0,0,0,0,1,1,6,2,25,5,1200,1,1,1,1
201420Z002074,2,9,0,12,0,1,0,0,0,0,2,1,6,1,26,6,1364,2,8,-1,-1
201420Z002084,1,9,0,18,0,0,1,0,7,7,1,1,6,1,33,6,-1,-1,-1,4,1
201420Z002084,2,19,0,18,0,0,0,0,7,7,1,1,1,1,50,8,2198,2,6,7,2
201420Z002094,1,9,0,12,0,0,1,0,0,0,1,1,6,2,28,6,1596,1,9,6,1
201420Z002104,1,21,1,18,0,0,0,0,0,0,1,1,1,1,57,9,-1,2,7,-1,1
201420Z002104,2,9,0,18,0,0,0,0,0,0,3,1,2,2,22,5,1398,1,2,1,1
201420Z002104,3,9,0,18,0,0,0,0,0,0,1,1,6,2,38,7,1995,2,2,4,1
201420Z002114,1,19,0,12,0,0,1,0,2,7,2,1,1,1,36,7,2198,2,1,8,1
201420Z002114,2,20,0,18,0,0,0,0,0,0,3,1,1,1,43,7,3920,2,8,1,1
201420Z002134,1,21,1,11,0,0,0,0,0,0,1,1,1,1,33,6,11946,2,3,9,2
201420Z002134,2,9,0,18,0,0,1,0,0,0,2,1,6,1,45,7,1461,2,11,10,1
201420Z002144,1,9,0,18,0,0,1,0,8,6,4,1,6,1,20,4,1988,1,14,1,1
201420Z002144,2,19,0,12,0,0,0,0,0,0,1,1,6,3,-1,-1,-1,-1,-1,-1,-1
201420Z002154,1,9,0,18,0,0,0,0,0,0,1,1,6,1,27,6,1560,2,1,-1,3
201420Z002154,2,9,0,18,0,0,0,0,0,0,2,1,6,1,30,6,2967,2,1,5,1
201420Z002204,1,21,1,18,0,2,3,0,0,0,1,1,1,1,51,8,12900,2,7,6,1
201420Z002204,2,21,1,18,0,2,0,0,0,0,2,1,1,1,36,7,10518,2,6,1,1
201420Z002224,1,9,0,18,0,0,0,0,0,0,2,1,6,1,18,4,1124,1,14,7,1