Accident_Index,Vehicle_Reference,Vehicle_Type,Towing_and_Articulation,Vehicle_Manoeuvre,Vehicle_Location-Restricted_Lane,Junction_Location,Skidding_and_Overturning,Hit_Object_in_Carriageway,Vehicle_Leaving_Carriageway,Hit_Object_off_Carriageway,1st_Point_of_Impact,Was_Vehicle_Left_Hand_Drive?,Journey_Purpose_of_Driver,Sex_of_Driver,Age_of_Driver,Age_Band_of_Driver,Engine_Capacity_(CC),Propulsion_Code,Age_of_Vehicle,Driver_IMD_Decile,Driver_Home_Area_Type
201420Z002224,2,9,0,18,0,0,0,0,0,0,1,1,6,1,-1,-1,1390,1,11,-1,-1
201420Z002254,1,9,0,18,0,0,0,0,0,0,3,1,6,1,25,5,998,1,12,6,1
201420Z002254,2,9,0,11,0,0,0,0,0,0,4,1,6,3,-1,-1,-1,-1,-1,-1,-1
201420Z002264,1,9,0,3,0,0,0,0,0,0,2,1,2,2,46,8,-1,-1,-1,4,1
201420Z002264,2,9,0,18,0,0,0,0,0,0,1,1,2,2,-1,-1,1598,1,6,-1,-1
201420Z002334,1,9,0,17,0,0,1,6,2,7,1,1,6,1,28,6,5379,1,15,3,1
201420Z002344,1,9,0,18,0,0,0,0,1,0,1,1,6,1,33,6,2967,2,8,-1,-1
201420Z002344,2,21,0,18,0,0,0,0,1,0,2,1,1,1,56,9,4250,2,5,9,2
201420Z002364,1,21,1,18,0,0,0,0,0,0,1,1,1,1,34,6,10837,2,-1,1,1
201420Z002364,2,9,0,12,0,0,0,0,1,0,2,1,2,2,43,7,1200,1,1,9,1
201420Z002374,1,21,0,18,0,0,0,0,0,0,1,1,1,1,32,6,12777,2,7,6,1
201420Z002374,2,19,0,3,0,0,0,0,0,0,2,1,1,1,54,8,2148,2,6,6,1
201420Z002374,3,21,0,3,0,0,0,0,0,0,2,1,1,1,40,7,12809,2,2,8,2
201420Z002404,1,21,0,12,0,0,0,0,0,0,1,2,1,1,46,8,-1,-1,-1,-1,-1
201420Z002404,2,9,0,18,0,0,0,0,1,7,4,1,6,2,49,8,1398,2,10,2,1
201420Z002474,1,21,0,18,0,0,0,0,0,0,4,2,1,1,43,7,-1,-1,-1,-1,-1
201420Z002474,2,9,0,18,0,0,1,0,2,10,3,1,6,1,71,10,1951,2,11,8,1
201420Z002484,1,9,0,18,0,0,1,0,0,0,1,1,6,1,49,8,2393,1,10,8,1
201420Z002484,2,9,0,18,0,0,1,0,0,0,2,1,6,2,35,6,1796,1,5,5,1
201420Z002504,1,9,0,15,0,1,0,0,0,0,1,1,6,1,-1,-1,-1,-1,-1,-1,-1
201420Z002504,2,9,0,18,0,1,1,0,5,6,1,1,6,2,57,9,1388,1,11,4,3
201420Z002514,1,9,0,12,0,0,1,7,4,6,1,1,6,2,24,5,1598,1,11,4,1
201420Z002524,1,9,0,18,0,0,0,0,0,0,1,1,6,1,28,6,1560,2,3,1,1
201420Z002524,2,9,0,18,0,0,0,0,0,0,2,1,6,1,23,5,1896,2,7,4,1
201420Z002534,1,9,0,4,0,0,0,0,0,0,2,1,6,1,34,6,1968,2,-1,3,1
201420Z002534,2,21,0,18,0,0,0,0,0,0,1,1,1,1,47,8,12900,2,6,4,1
201420Z002534,3,21,1,18,0,0,3,0,0,0,1,1,1,1,59,9,12740,2,2,7,3
201420Z002534,4,9,0,18,0,0,0,7,7,6,4,1,1,1,32,6,-1,-1,-1,10,1
201420Z002574,1,21,0,11,0,0,0,0,0,0,4,1,1,1,36,7,-1,-1,-1,2,1
201420Z002574,2,9,0,12,0,0,0,0,5,6,2,1,6,1,36,7,1870,2,10,3,1
201420Z002574,3,9,0,18,0,0,0,0,0,0,1,1,6,1,31,6,1388,1,9,3,1
201420Z002584,1,21,1,12,0,0,1,0,0,0,3,2,1,1,45,7,-1,-1,-1,-1,-1
201420Z002584,2,9,0,18,0,0,1,0,0,0,4,1,6,2,20,4,1240,1,10,10,1
201420Z002594,1,9,0,12,0,7,1,7,2,7,1,1,6,1,21,5,1242,1,5,1,1
201420Z002594,2,9,0,18,0,8,1,7,8,6,1,1,6,2,22,5,1328,1,9,-1,1
201420Z002644,1,9,0,5,0,1,0,0,0,0,2,1,2,1,76,11,1149,1,13,6,1
201420Z002644,2,9,0,18,0,1,0,0,0,0,1,1,2,1,21,5,1560,2,7,-1,1
201420Z002664,1,21,1,12,0,0,0,0,0,0,3,2,1,1,27,6,-1,-1,-1,-1,-1
201420Z002664,2,9,0,13,0,0,0,0,4,6,4,1,6,1,46,8,1686,2,7,4,1
201420Z002664,3,9,0,18,0,0,0,0,0,0,1,1,1,1,53,8,2493,8,-1,7,1
201420Z002684,1,9,0,18,0,0,0,0,0,0,1,1,1,1,24,5,1242,1,1,10,1
201420Z002684,2,9,0,18,0,0,0,0,0,0,2,1,1,1,29,6,1995,2,1,6,1
201420Z002734,1,9,0,17,0,0,0,0,0,0,4,1,1,1,23,5,1995,2,8,-1,1
201420Z002734,2,9,0,17,0,0,0,0,0,0,3,1,6,3,-1,-1,-1,-1,-1,-1,-1
201420Z002744,1,9,0,18,0,1,0,0,0,0,1,1,6,1,77,11,-1,-1,-1,4,1
201420Z002744,2,9,0,18,0,1,0,0,0,0,2,1,6,2,-1,-1,1587,1,11,6,1
201420Z002764,1,9,0,4,0,0,1,0,0,0,1,1,1,1,42,7,2993,2,1,5,1
201420Z002764,2,9,0,4,0,0,0,0,0,0,2,1,1,1,-1,-1,2967,2,1,5,1
201420Z002784,1,19,0,17,0,1,0,7,1,7,1,1,1,1,25,5,2300,2,10,7,2
201420Z002794,1,21,1,12,0,0,0,0,0,0,3,2,1,1,-1,-1,-1,-1,-1,-1,-1
201420Z002794,2,9,0,11,0,0,0,0,0,0,4,1,2,2,37,7,1339,1,10,-1,3
201420Z002814,1,9,0,18,0,0,0,0,0,0,1,1,2,1,49,8,1995,2,1,10,2
201420Z002814,2,9,0,4,0,0,0,0,0,0,2,1,2,2,44,7,1582,2,4,-1,1
201420Z002884,1,21,1,11,0,0,0,0,0,0,4,1,1,1,27,6,12900,2,2,-1,1
201420Z002884,2,9,0,15,0,0,1,0,2,7,3,1,1,1,47,8,1560,2,7,5,1
201420Z002904,1,9,0,12,0,0,0,0,0,0,3,1,6,2,27,6,1240,1,9,4,1
201420Z002904,2,21,1,18,0,0,0,0,0,0,4,1,1,1,59,9,12419,2,3,6,1
201420Z002924,1,9,0,12,0,7,0,0,0,0,1,1,6,1,42,7,1242,1,8,2,1
201420Z002924,2,19,0,12,0,7,0,0,0,0,2,1,1,1,52,8,-1,-1,-1,4,1
201420Z002924,3,9,0,12,0,7,0,0,0,0,2,1,6,1,34,6,1364,2,6,1,1
201420Z002944,1,9,0,4,0,0,0,0,0,0,2,1,6,1,24,5,2979,1,12,2,1
201420Z002944,2,9,0,18,0,0,0,0,0,0,1,1,6,1,39,7,1986,2,9,8,1
201420Z002944,3,9,0,4,0,0,0,0,0,0,0,1,6,3,-1,-1,-1,-1,-1,-1,-1
201420Z002954,1,9,0,17,0,0,1,0,2,7,1,1,6,1,-1,-1,1364,1,8,-1,-1
201420Z002954,2,9,0,17,0,0,0,0,0,0,4,1,2,1,42,7,1796,1,14,-1,-1
201420Z002964,1,21,1,12,0,0,0,0,0,0,3,2,1,1,45,7,-1,-1,-1,-1,-1
201420Z002964,2,9,0,18,0,0,0,0,0,0,4,1,6,2,68,10,1968,2,1,8,3
201420Z002994,1,21,1,18,0,0,0,0,0,0,1,2,1,1,24,5,-1,-1,-1,-1,-1
201420Z002994,2,9,0,18,0,0,0,0,2,7,4,1,1,1,63,9,1686,2,3,9,1
201420Z003064,1,9,0,18,0,0,0,0,0,0,1,1,6,2,20,4,995,1,4,2,1
201420Z003064,2,9,0,18,0,0,0,0,0,0,2,1,6,2,27,6,1198,1,-1,5,1
201420Z003104,1,10,0,18,0,0,0,0,0,0,1,1,6,1,30,6,-1,-1,-1,2,1
201420Z003104,2,9,0,4,0,0,0,0,0,0,2,1,6,2,56,9,1598,1,4,1,1
201420Z003104,3,9,0,4,0,0,0,0,0,0,2,1,6,1,33,6,1364,1,7,-1,-1
201420Z003114,1,9,0,11,0,0,0,0,0,0,1,1,6,1,46,8,1781,1,16,2,1
201420Z003114,2,9,0,3,0,0,0,0,0,0,2,1,6,1,24,5,1598,1,7,4,1
201420Z003124,1,21,1,12,0,0,0,0,0,0,1,2,1,1,35,6,-1,-1,-1,-1,-1
201420Z003124,2,9,0,18,0,0,0,0,0,0,2,1,6,2,50,8,1598,1,9,8,3
201420Z003134,1,9,0,18,0,7,2,0,0,0,1,1,6,1,28,6,1995,2,10,2,1
201420Z003134,2,21,0,18,0,7,0,0,0,0,2,1,1,1,43,7,5900,2,11,1,1
201420Z003164,1,9,0,18,0,0,0,0,0,0,1,1,1,1,32,6,1999,1,12,1,1
201420Z003164,2,9,0,18,0,0,0,0,0,0,2,1,1,2,24,5,1560,2,-1,2,1
201420Z003184,1,19,0,18,0,0,0,0,0,0,1,1,6,1,27,6,1868,2,8,3,1
201420Z003184,2,9,0,18,0,0,0,0,0,0,2,1,6,1,18,4,1242,1,1,6,2
201420Z003184,3,9,0,18,0,0,0,0,0,0,0,1,6,1,-1,-1,-1,-1,-1,-1,-1
201420Z003194,1,9,0,17,0,0,1,0,5,6,1,1,6,2,18,4,1598,1,8,7,1
201420Z003254,1,9,0,18,0,0,0,0,8,7,1,1,6,2,34,6,1587,1,7,5,1
201420Z003254,2,9,0,18,0,0,0,0,0,0,4,1,6,2,26,6,1388,1,4,10,1
201420Z003264,1,9,0,11,0,0,0,0,0,0,1,1,2,1,43,7,1753,2,7,-1,-1
201420Z003264,2,9,0,18,0,0,0,0,0,0,2,1,2,2,40,7,1998,2,5,9,1
201420Z003274,1,9,0,11,0,0,0,0,0,0,4,1,6,1,31,6,2198,1,10,2,1
201420Z003274,2,9,0,18,0,0,0,0,0,0,3,1,1,1,35,6,1598,1,13,5,1
201420Z003284,1,9,0,18,0,0,1,0,0,0,1,1,6,1,41,7,1968,2,3,10,1
201420Z003284,2,9,0,18,0,0,0,0,0,0,2,1,6,1,56,9,1686,2,2,8,1
201420Z003284,3,9,0,18,0,0,0,0,0,0,2,1,6,1,18,4,1600,2,4,-1,3
201420Z003294,1,21,1,18,0,0,0,0,0,0,1,2,1,1,50,8,-1,-1,-1,-1,-1
201420Z003294,2,9,0,18,0,0,0,0,0,0,2,1,6,1,29,6,1397,1,13,2,1
201420Z003304,1,9,0,12,0,0,0,0,0,0,1,1,6,1,39,7,1560,2,9,7,1
201420Z003304,2,9,0,18,0,0,0,0,0,0,2,1,6,1,70,10,2143,2,2,9,1
201420Z003304,3,9,0,18,0,0,0,0,0,0,2,1,6,1,61,9,1598,1,-1,-1,3
201420Z003314,1,9,0,11,0,7,0,7,7,6,2,1,2,1,35,6,-1,-1,-1,10,1
201420Z003354,1,19,0,4,0,0,0,0,0,0,2,1,1,1,36,7,1997,2,12,5,1
201420Z003354,2,9,0,18,0,0,0,0,0,0,4,1,6,3,-1,-1,1968,2,2,-1,-1
201420Z003364,1,9,0,4,0,0,0,0,0,0,1,1,6,1,35,6,1998,1,10,1,1
201420Z003364,2,9,0,4,0,0,0,0,0,0,2,1,6,2,36,7,1596,1,10,1,1
201420Z003364,3,9,0,4,0,0,0,0,0,0,2,1,6,2,25,5,1198,1,10,10,1
201420Z003374,1,9,0,15,0,7,0,0,0,0,3,1,6,1,28,6,1364,1,9,3,1
201420Z003374,2,21,1,18,0,8,0,0,0,0,4,1,1,1,52,8,10518,2,6,-1,3
201420Z003374,3,9,0,18,0,8,0,0,0,0,3,1,6,1,26,6,1560,2,-1,-1,-1
201420Z003374,4,9,0,18,0,8,0,0,0,0,3,1,6,1,-1,-1,1598,1,9,1,1
201420Z003404,1,9,0,18,0,0,1,0,1,7,1,1,6,2,19,4,1360,1,7,1,1
201420Z003414,1,19,0,18,0,0,0,0,0,0,1,1,6,1,44,7,2464,2,7,4,1
201420Z003414,2,21,1,18,0,0,0,0,0,0,2,1,1,1,63,9,10837,2,6,5,1
201420Z003434,1,21,1,11,0,0,0,0,0,0,4,1,6,3,-1,-1,-1,-1,-1,-1,-1
201420Z003434,2,9,0,18,0,0,0,0,4,6,3,1,6,1,21,5,1299,1,10,4,2
201420Z003434,3,9,0,18,0,0,1,0,0,0,1,1,6,2,39,7,-1,-1,-1,6,1
201420Z003444,1,9,0,11,0,8,0,0,0,0,4,1,6,1,21,5,1968,2,1,10,1
201420Z003444,2,9,0,18,0,8,0,0,0,0,3,1,6,1,29,6,1686,2,-1,1,1
201420Z003454,1,9,0,12,0,0,0,0,0,0,2,1,6,1,20,4,1595,1,6,2,1
201420Z003454,2,9,0,13,0,0,0,0,8,6,1,1,2,1,23,5,1998,2,8,4,1
201420Z003454,3,21,1,18,0,0,0,0,0,0,0,1,1,1,36,7,11946,2,1,4,1
201420Z003464,1,21,0,11,0,0,0,0,0,0,1,1,2,1,22,5,-1,-1,-1,8,3
201420Z003464,2,9,0,18,0,0,0,0,0,0,2,1,2,2,41,7,1968,2,7,1,1
201420Z003464,3,9,0,18,0,0,0,0,0,0,1,1,2,1,34,6,-1,-1,-1,5,1
201420Z003474,1,5,0,18,0,0,0,0,0,0,1,1,6,1,31,6,398,1,20,2,1
201420Z003474,2,9,0,3,0,0,0,0,0,0,2,1,6,1,55,8,1997,2,9,8,3
201420Z003484,1,9,0,11,0,0,1,7,1,7,1,1,6,2,38,7,998,1,12,2,1
201420Z003494,1,21,1,11,0,0,0,0,0,0,1,1,1,1,58,9,10837,2,3,2,1
201420Z003494,2,9,0,18,0,0,0,0,0,0,3,1,6,1,50,8,1968,2,-1,1,1
201420Z003524,1,9,0,16,0,0,1,0,7,6,1,1,6,2,21,5,1149,1,10,-1,-1
201420Z003524,2,9,0,16,0,0,1,0,7,6,1,1,6,2,44,7,1997,2,14,1,1
201420Z003524,3,9,0,18,0,0,0,0,0,0,3,1,6,1,22,5,1362,1,-1,3,1
201420Z003524,4,9,0,18,0,0,0,0,0,0,1,1,6,2,66,10,2993,2,4,6,3
201420Z003524,5,9,0,18,0,0,0,0,0,0,3,1,6,1,26,6,2171,2,16,1,1
201420Z003524,6,9,0,18,0,0,0,0,0,0,1,1,6,2,20,4,998,1,5,1,1
201420Z003524,7,9,0,18,0,0,0,0,0,0,1,1,6,1,23,5,1242,1,10,4,1
201420Z003534,1,21,4,11,0,0,0,0,0,0,4,1,1,1,52,8,12740,2,4,5,1
201420Z003534,2,9,0,17,0,0,1,0,0,6,3,1,1,1,54,8,1753,2,7,-1,1
201420Z003534,3,9,0,17,0,0,0,0,0,0,1,1,2,1,28,6,1596,1,3,6,1
201420Z003544,1,9,0,17,0,0,1,0,2,7,1,1,6,2,25,5,1360,1,7,5,1
201420Z003544,2,9,0,17,0,0,0,0,0,0,1,1,6,1,53,8,1753,2,6,8,1
201420Z003584,1,21,1,12,0,0,0,0,0,0,3,2,1,1,31,6,-1,-1,-1,-1,-1
201420Z003584,2,9,0,18,0,0,0,0,0,0,4,1,6,1,57,9,1560,2,2,10,1
201420Z003604,1,9,0,18,0,0,0,11,0,0,3,1,6,1,46,8,1956,2,2,4,1
201420Z003604,2,21,1,18,0,0,0,0,0,0,0,1,6,3,-1,-1,12777,2,6,-1,-1
201420Z003614,1,9,0,18,0,0,0,0,7,6,3,1,1,2,30,6,1328,1,5,10,1
201420Z003624,1,9,0,4,0,0,0,0,0,0,1,1,6,1,44,7,1753,2,8,2,1
201420Z003624,2,9,0,3,0,0,0,0,0,0,2,1,6,2,37,7,1499,2,-1,-1,1
201420Z003634,1,9,0,16,0,0,0,0,0,0,1,1,2,1,46,8,1988,2,10,10,1
201420Z003634,2,9,0,16,0,0,0,0,0,0,2,1,6,1,73,10,1596,1,6,7,1
201420Z003644,1,21,1,18,0,0,0,0,0,0,1,1,1,1,35,6,12900,2,2,-1,-1
201420Z003644,2,9,0,18,0,0,0,0,6,6,4,1,6,1,60,9,1560,2,7,8,1
201420Z003654,1,9,0,18,0,0,0,0,0,0,4,1,6,1,34,6,1796,1,11,1,1
201420Z003654,2,9,0,18,0,0,0,0,0,0,3,1,1,1,33,6,2967,2,1,-1,-1
201420Z003654,3,9,0,18,0,0,0,0,0,0,0,1,1,1,-1,-1,2993,2,1,-1,-1
201420Z003654,4,9,0,18,0,0,0,0,0,0,0,1,1,1,-1,-1,2967,2,2,-1,-1
201420Z003654,5,9,0,18,0,0,0,0,0,0,0,1,1,1,-1,-1,2967,2,1,-1,-1
201420Z003684,1,9,0,4,0,0,0,0,0,0,1,1,6,1,31,6,1199,2,2,5,1
201420Z003684,2,9,0,4,0,0,0,0,0,0,2,1,6,2,22,5,1360,1,7,7,1
201420Z003684,3,9,0,4,0,0,0,0,0,0,1,1,6,2,21,5,1598,2,-1,1,1
201420Z003694,1,9,0,18,0,0,0,0,0,0,3,1,6,1,48,8,1796,1,4,7,1
201420Z003714,1,21,1,3,0,0,0,0,0,0,2,1,1,1,46,8,-1,-1,-1,-1,-1
201420Z003714,2,19,0,3,0,0,0,0,0,0,2,1,1,1,35,6,2143,2,1,8,1
201420Z003714,3,19,0,18,0,0,0,0,0,0,1,1,1,1,30,6,1461,2,3,5,2
201420Z003814,1,20,0,12,0,0,0,0,0,0,3,2,6,1,29,6,-1,-1,-1,-1,-1
201420Z003814,2,9,0,18,0,0,0,0,0,0,4,1,6,1,57,9,1968,2,-1,8,1
201420Z003814,3,9,0,18,0,0,0,0,0,0,4,1,6,1,-1,-1,1197,1,-1,2,1
201420Z003834,1,19,0,18,0,1,0,0,0,0,1,1,1,1,43,7,-1,-1,-1,4,1
201420Z003834,2,9,0,3,0,1,0,0,0,0,2,1,6,1,36,7,1240,1,11,1,1
201420Z003834,3,9,0,3,0,1,0,0,0,0,2,1,6,1,-1,-1,-1,-1,-1,2,1
201420Z003844,1,9,0,18,0,0,0,0,0,0,1,1,1,1,71,10,1995,2,6,7,3
201420Z003844,2,9,0,3,0,0,0,0,0,0,2,1,2,2,24,5,1229,1,3,3,1
201420Z003844,3,19,0,3,0,0,0,0,0,0,2,1,2,1,63,9,1910,2,3,6,1
201420Z003844,4,9,0,3,0,0,0,0,0,0,2,1,1,1,23,5,1198,1,6,9,1
201420Z003864,1,9,0,18,0,0,0,0,0,0,1,1,6,1,54,8,1968,2,2,7,1
201420Z003864,2,9,0,18,0,0,0,0,0,0,2,1,2,1,24,5,1360,1,15,4,1
201420Z003874,1,9,0,18,0,0,0,0,0,0,2,1,6,1,49,8,1560,2,-1,9,1
201420Z003874,2,9,0,4,0,0,0,0,0,0,2,1,6,1,27,6,1229,1,4,-1,2
201420Z003884,1,9,0,4,0,0,0,0,0,0,1,1,6,2,56,9,2179,2,-1,5,2
201420Z003884,2,9,0,4,0,0,0,0,0,0,2,1,6,2,25,5,1248,2,7,3,1
201420Z003894,1,19,0,4,0,0,0,0,0,0,1,1,1,1,36,7,2143,2,1,10,1
201420Z003894,2,19,0,4,0,0,0,0,0,0,2,1,1,1,33,6,1598,2,2,7,1
201420Z003894,3,9,0,4,0,0,0,0,0,0,2,1,6,1,22,5,-1,-1,-1,6,2
201420Z003914,1,9,0,18,0,1,0,0,0,0,2,1,6,2,-1,-1,1396,1,3,-1,-1
201420Z003914,2,9,0,18,0,1,0,0,0,0,1,1,2,2,34,6,1360,1,10,5,1
201420Z003954,1,9,0,12,0,0,2,0,1,7,1,1,2,2,40,7,1299,1,8,2,1
201420Z003954,2,9,0,18,0,0,2,0,4,6,2,1,6,2,54,8,954,1,20,8,1
201420Z003954,3,9,0,18,0,0,0,0,0,0,4,1,6,1,31,6,1242,1,11,2,1
201420Z003954,4,9,0,18,0,0,0,0,0,0,4,1,6,1,-1,-1,-1,-1,-1,-1,-1
201420Z003974,1,9,0,18,0,0,0,0,0,0,1,1,6,1,-1,-1,2521,1,9,-1,-1
201420Z003974,2,9,0,18,0,0,0,0,0,0,2,1,6,2,24,5,1598,1,12,1,1
201420Z003984,1,9,0,3,0,0,0,0,0,0,2,1,6,1,32,6,2497,1,13,2,1
201420Z003984,2,9,0,4,0,0,0,0,0,0,1,1,6,1,-1,-1,1968,2,3,-1,-1
201420Z004014,1,21,1,11,0,0,0,0,0,0,4,1,1,1,59,9,12600,2,11,4,1
201420Z004014,2,9,0,18,0,0,1,0,5,6,3,1,2,1,43,7,1560,2,10,4,1
201420Z004024,1,9,0,18,0,0,0,0,0,0,1,1,2,1,46,8,1968,2,2,8,1
201420Z004024,2,9,0,18,0,0,0,0,0,0,2,1,2,1,54,8,1798,1,6,2,1
201420Z004024,3,9,0,18,0,0,0,0,0,0,2,1,2,2,19,4,1229,1,9,3,1
201420Z004034,1,19,0,4,0,0,0,0,0,0,1,1,1,1,41,7,1996,2,3,2,1
201420Z004034,2,9,0,3,0,0,0,0,0,0,2,1,6,2,40,7,1998,2,6,1,1
201420Z004044,1,9,0,12,0,7,0,0,0,0,0,1,6,2,34,6,1298,1,9,8,1
201420Z004044,2,9,0,4,0,8,0,0,0,0,2,1,6,2,58,9,1686,2,5,9,1
201420Z004044,3,9,0,4,0,8,0,0,0,0,2,1,2,1,37,7,1995,2,1,5,1
201420Z004044,4,21,1,4,0,8,0,0,0,0,1,1,1,1,45,7,12740,2,2,9,1
201420Z004054,1,9,0,18,0,0,0,0,0,0,2,1,6,1,31,6,1988,2,7,10,3
201420Z004054,2,9,0,18,0,0,0,0,0,0,1,1,6,1,50,8,1998,2,6,5,1
201420Z004054,3,9,0,18,0,0,0,0,0,0,2,1,6,1,52,8,1560,2,5,4,1
201420Z004054,4,9,0,18,0,0,0,0,0,0,1,1,6,1,24,5,1870,2,10,4,1
201420Z004064,1,19,0,18,0,0,0,0,0,0,1,1,6,1,25,5,2198,2,7,8,2
201420Z004064,2,9,0,18,0,0,0,0,0,0,2,1,6,1,58,9,1242,1,6,3,1
201420Z004094,1,9,0,18,0,0,0,0,0,0,1,1,6,1,53,8,2993,2,6,4,1
201420Z004094,2,9,0,3,0,0,0,0,0,0,2,1,6,2,52,8,1596,1,3,6,1
201420Z004114,1,21,0,12,0,0,0,0,0,0,0,1,6,3,-1,-1,-1,-1,-1,-1,-1
201420Z004114,2,9,0,13,0,0,5,0,4,6,1,1,6,1,75,10,1149,1,4,7,1
201420Z004134,1,21,1,11,0,0,0,0,0,0,4,1,1,1,63,9,9200,2,7,5,1
201420Z004134,2,9,0,18,0,0,0,0,0,0,3,1,6,2,41,7,2179,2,3,5,1
201420Z004134,3,9,0,18,0,0,0,0,0,0,1,1,6,2,39,7,1149,1,6,6,3
201420Z004154,1,19,0,13,0,0,0,0,0,0,1,1,6,3,-1,-1,-1,-1,-1,-1,-1
201420Z004154,2,19,0,18,0,0,0,0,0,0,1,1,6,1,-1,-1,2143,2,3,7,3
201420Z004154,3,9,0,18,0,0,0,0,4,7,3,1,6,2,51,8,-1,-1,-1,3,1
201420Z004164,1,9,0,4,0,0,0,0,0,0,1,1,6,1,31,6,1598,2,-1,3,1
201420Z004164,2,9,0,3,0,0,0,0,0,0,2,1,6,2,35,6,1399,2,7,7,1
201420Z004164,3,9,0,3,0,0,0,0,0,0,2,1,6,2,37,7,1461,2,3,1,1
201420Z004174,1,9,0,11,0,0,0,0,0,0,1,1,2,1,18,4,1124,1,11,6,1
201420Z004174,2,9,0,4,0,0,0,0,0,0,2,1,2,2,33,6,1598,1,9,1,1
201420Z004174,3,9,0,4,0,0,0,0,0,0,2,1,6,3,-1,-1,-1,-1,-1,-1,-1
201420Z004184,1,9,0,18,6,0,0,4,0,0,1,1,1,1,46,8,-1,-1,-1,3,1
201420Z004184,2,19,0,2,0,0,0,0,0,0,2,1,1,1,37,7,2148,2,8,-1,1
201420Z004194,1,21,1,11,0,0,0,0,0,0,4,1,1,1,39,7,12777,2,3,-1,1
201420Z004194,2,9,0,18,0,0,1,0,0,0,3,1,6,1,65,9,1560,2,2,4,1
201420Z004204,1,9,0,11,0,0,0,0,0,0,1,1,6,1,84,11,1984,1,14,5,1
201420Z004204,2,9,0,3,0,0,0,0,0,0,2,1,6,2,32,6,1364,1,-1,10,1
201420Z004204,3,9,0,3,0,0,0,0,0,0,2,1,6,1,60,9,2993,2,3,10,1
201420Z004264,1,9,0,18,0,0,0,0,1,7,1,1,2,1,21,5,1753,2,11,1,1
201420Z004264,2,9,0,18,0,0,0,0,0,0,2,1,2,2,36,7,1968,2,3,2,1
201420Z004304,1,9,0,18,0,0,0,0,0,0,4,1,6,2,23,5,996,1,2,6,1
201420Z004304,2,19,0,12,0,0,0,0,0,0,1,1,6,1,-1,-1,-1,-1,-1,-1,-1
201420Z004314,1,21,1,12,0,0,0,0,0,0,1,2,1,1,32,6,-1,-1,-1,-1,-1
201420Z004314,2,9,0,18,0,0,0,0,0,0,2,1,2,2,24,5,1598,1,8,6,1
201420Z004324,1,9,0,18,0,0,0,11,2,10,1,1,1,1,51,8,1968,2,9,1,1
201420Z004354,1,9,0,18,0,0,0,0,1,0,2,1,6,1,31,6,1910,2,7,-1,1
201420Z004354,2,21,1,18,0,0,0,0,0,0,1,1,1,2,49,8,12777,2,2,6,2
201420Z004374,1,21,1,12,0,0,0,0,0,0,1,2,1,1,40,7,-1,-1,-1,-1,-1
201420Z004374,2,8,0,18,0,0,0,0,0,0,4,1,1,1,47,8,1598,2,-1,6,1
201420Z004384,1,9,0,4,0,0,1,0,0,0,1,1,1,1,33,6,1968,2,-1,6,3
201420Z004384,2,19,0,4,0,0,1,0,0,0,2,1,1,1,27,6,2198,2,-1,1,1
201420Z004384,3,9,0,4,0,0,1,0,0,0,1,1,1,1,64,9,1598,2,1,6,1
201420Z004384,4,9,0,4,0,0,1,0,0,0,4,1,1,1,39,7,2179,2,7,3,1
201420Z004384,5,21,0,4,0,0,1,0,0,0,3,1,1,1,51,8,-1,2,5,4,2
201420Z004384,6,21,0,4,0,0,1,0,4,0,1,1,1,1,39,7,10837,2,2,4,1
201420Z004424,1,9,0,12,0,0,0,7,0,0,1,1,6,1,78,11,1597,2,1,6,1
201420Z004444,1,9,0,2,0,0,0,0,0,0,2,1,6,1,-1,-1,1968,2,8,-1,-1
201420Z004444,2,9,0,3,0,0,0,4,0,0,2,1,2,1,32,6,1799,1,8,1,1
201420Z004444,3,21,0,18,0,0,0,0,0,0,1,1,1,1,39,7,6870,2,1,1,1
201420Z004454,1,9,0,18,0,0,0,0,1,0,1,1,1,1,56,9,-1,-1,-1,4,1
201420Z004454,2,9,0,3,0,0,0,0,0,0,2,1,1,1,43,7,1968,2,3,8,1
201420Z004454,3,19,0,18,0,0,0,0,0,0,2,1,1,1,45,7,2402,2,3,2,1
201420Z004464,1,9,0,18,0,5,0,0,4,6,3,1,6,2,24,5,1364,1,7,2,1
201420Z004484,1,9,0,4,0,0,1,0,0,0,1,1,1,1,20,4,1390,1,3,8,1
201420Z004484,2,9,0,4,0,0,0,0,0,0,2,1,1,2,50,8,-1,-1,-1,8,3
201420Z004484,3,9,0,4,0,0,1,0,0,0,1,1,1,1,47,8,-1,-1,-1,-1,1
201420Z004484,4,9,0,4,0,0,0,0,0,0,1,1,1,1,47,8,1339,1,-1,-1,-1
201420Z004484,5,9,0,4,0,0,0,0,0,0,1,1,1,2,27,6,1242,1,6,5,1
201420Z004494,1,9,0,12,0,7,1,0,2,7,3,1,6,1,25,5,1248,2,6,2,1
201420Z004494,2,21,1,18,0,8,0,0,0,0,4,1,1,1,54,8,12809,2,-1,-1,1
201420Z004504,1,9,0,18,0,7,0,0,0,0,1,1,1,1,35,6,1968,2,-1,9,2
201420Z004504,2,9,0,18,0,7,0,0,0,0,2,1,6,1,47,8,1968,2,2,10,1
201420Z004504,3,9,0,18,0,7,0,0,0,0,2,1,1,1,49,8,1396,2,2,5,1
201420Z004514,1,9,0,18,0,0,0,0,0,0,1,1,6,1,63,9,1956,2,2,5,1
201420Z004514,2,9,0,18,0,0,0,0,0,0,2,1,6,1,24,5,998,1,6,9,1