Accident_Index,Vehicle_Reference,Vehicle_Type,Towing_and_Articulation,Vehicle_Manoeuvre,Vehicle_Location-Restricted_Lane,Junction_Location,Skidding_and_Overturning,Hit_Object_in_Carriageway,Vehicle_Leaving_Carriageway,Hit_Object_off_Carriageway,1st_Point_of_Impact,Was_Vehicle_Left_Hand_Drive?,Journey_Purpose_of_Driver,Sex_of_Driver,Age_of_Driver,Age_Band_of_Driver,Engine_Capacity_(CC),Propulsion_Code,Age_of_Vehicle,Driver_IMD_Decile,Driver_Home_Area_Type
2014214000587,1,9,0,1,0,0,0,0,0,0,3,1,6,1,22,5,1199,1,10,8,1
2014214000587,2,9,0,2,0,0,0,0,0,0,1,1,6,1,25,5,1596,1,9,-1,-1
2014214000587,3,9,0,17,0,0,0,0,0,0,1,1,1,1,32,6,1910,2,5,3,1
2014214000588,1,9,0,1,0,1,0,0,0,0,2,1,2,1,34,6,1968,2,3,6,1
2014214000588,2,9,0,3,0,1,0,0,0,0,1,1,6,2,31,6,1368,1,5,5,1
2014214000590,1,9,0,6,0,8,0,0,0,0,4,1,6,1,30,6,1198,1,1,2,1
2014214000590,2,3,0,18,0,8,0,0,0,0,1,1,6,1,39,7,125,1,3,8,1
2014214000591,1,21,1,4,0,8,1,0,0,0,1,1,1,1,43,7,-1,-1,-1,8,3
2014214000591,2,21,1,4,0,8,0,0,0,0,2,1,1,1,48,8,-1,-1,-1,8,2
2014214000591,3,9,0,4,0,8,0,0,0,0,0,1,6,3,-1,-1,998,1,18,-1,-1
2014214000593,1,9,0,18,0,8,0,0,0,0,1,1,6,2,25,5,1598,1,3,4,1
2014214000593,2,21,1,9,0,6,0,0,0,0,3,1,1,1,59,9,12900,2,5,1,1
2014214000593,3,9,0,18,0,1,0,0,0,0,3,1,6,1,45,7,1997,2,3,8,2
2014214000594,1,9,0,18,0,1,0,0,0,0,1,1,6,2,42,7,1998,1,8,2,1
2014214000594,2,2,0,4,0,1,0,0,0,0,2,1,6,2,59,9,49,1,4,6,1
2014214000594,3,9,0,4,0,1,0,0,0,0,2,1,6,1,24,5,1368,1,4,-1,-1
2014214000595,1,3,0,18,0,0,1,0,0,0,1,1,1,1,53,8,124,1,1,2,1
2014214000595,2,8,0,2,0,0,0,0,0,0,0,1,1,1,50,8,1997,2,6,3,1
2014214000597,1,9,0,18,0,0,0,0,0,0,1,1,6,1,29,6,-1,-1,-1,8,1
2014214000597,2,9,0,18,0,0,0,0,0,0,2,1,2,1,54,8,1299,1,14,7,1
2014214000602,1,9,0,18,0,0,0,0,0,0,1,1,6,1,77,11,996,1,2,6,3
2014214000602,2,9,0,4,0,0,0,0,0,0,2,1,6,2,34,6,1240,1,9,6,3
2014214000602,3,11,0,18,0,0,0,0,0,0,0,1,1,3,-1,-1,-1,-1,-1,-1,-1
2014214000604,1,9,0,9,0,6,0,0,0,0,1,1,6,3,-1,-1,-1,-1,-1,-1,-1
2014214000604,2,9,0,18,0,8,0,0,0,0,4,1,6,2,26,6,1390,1,3,6,1
2014214000606,1,19,0,11,0,8,0,0,0,0,4,1,1,2,55,8,1461,2,3,8,1
2014214000606,2,9,0,18,0,8,0,0,0,0,3,1,6,1,-1,-1,999,1,12,-1,-1
2014214000607,1,9,0,1,4,4,5,0,0,0,1,1,6,1,32,6,1560,2,3,-1,1
2014214000607,2,3,0,18,0,8,0,0,0,0,4,1,2,1,57,9,100,1,8,6,1
2014214000608,1,9,0,18,0,2,0,0,0,0,1,1,6,1,22,5,1199,1,10,4,1
2014214000614,1,9,0,18,0,4,0,0,0,0,3,1,6,1,48,8,-1,-1,-1,9,1
2014214000614,2,1,0,18,0,3,0,0,0,0,2,1,6,1,46,8,-1,-1,-1,9,1
2014214000616,1,9,0,18,0,1,0,0,0,0,1,1,6,1,33,6,1598,2,2,2,1
2014214000616,2,9,0,4,0,1,0,0,0,0,2,1,6,2,51,8,1968,2,6,8,1
2014214000619,1,9,0,18,0,4,0,0,0,0,1,1,6,2,20,4,998,1,10,-1,-1
2014214000619,2,9,0,18,0,4,0,0,0,0,2,1,6,2,64,9,1242,1,8,6,1
2014214000620,1,21,1,9,0,8,0,0,0,0,1,1,1,1,42,7,12419,2,3,2,1
2014214000620,2,19,0,18,0,8,0,0,0,0,1,1,1,1,27,6,1998,2,10,5,1
2014214000623,1,9,0,3,0,8,0,0,0,0,2,1,6,1,60,9,1910,2,7,8,1
2014214000623,2,9,0,18,0,8,0,0,0,0,1,1,6,1,69,10,-1,-1,-1,5,1
2014214000626,1,9,0,17,0,8,0,0,0,0,1,1,6,1,67,10,1796,1,10,6,1
2014214000626,2,9,0,4,0,8,0,0,0,0,2,1,6,2,58,9,1298,1,11,10,2
2014214000626,3,9,0,16,0,6,0,0,0,0,0,1,1,1,44,7,1968,2,5,-1,-1
2014214000627,1,9,0,4,0,0,0,0,0,0,2,1,2,1,22,5,1995,2,8,4,1
2014214000627,2,9,0,18,0,0,0,0,0,0,2,1,6,1,41,7,1968,2,1,7,1
2014214000627,3,9,0,4,0,0,0,0,0,0,2,1,6,2,23,5,1389,1,16,3,1
2014214000627,4,9,0,18,0,0,0,0,0,0,1,1,6,1,64,9,1997,2,11,9,1
2014214000628,1,9,0,16,0,1,1,0,0,0,3,1,6,1,51,8,1794,1,11,7,3
2014214000628,2,9,0,7,0,2,0,0,0,0,1,1,6,1,56,9,2993,2,-1,7,3
2014214000629,1,9,0,7,0,6,1,0,3,10,1,1,6,2,32,6,1560,2,5,6,2
2014214000631,1,9,0,3,0,1,0,0,0,0,1,1,6,2,55,8,1388,1,3,10,2
2014214000631,2,9,0,1,0,1,0,0,0,0,2,1,6,2,18,4,998,1,4,8,2
2014214000632,1,9,0,1,0,8,0,0,0,0,2,1,6,1,41,7,1997,2,13,2,1
2014214000632,2,9,0,18,0,1,0,0,4,6,2,1,6,1,61,9,1997,2,2,6,2
2014214000633,1,9,0,18,0,6,0,0,1,11,1,1,6,1,20,4,1995,2,11,7,3
2014214000633,2,9,0,18,0,8,0,0,0,0,1,1,6,1,39,7,1968,2,2,6,3
2014214000634,1,9,0,16,0,7,0,0,0,0,1,1,6,2,55,8,1396,1,12,6,1
2014214000634,2,9,0,3,0,7,0,0,0,0,2,1,2,2,40,7,1560,2,1,7,1
2014214000634,3,9,0,3,0,7,0,0,0,0,2,1,6,1,60,9,2987,2,-1,10,1
2014214000639,1,9,0,9,0,8,0,0,0,0,4,1,6,2,30,6,1229,1,6,3,1
2014214000639,2,9,0,18,0,4,0,0,0,0,1,1,6,1,86,11,-1,-1,-1,-1,-1
2014214000646,1,9,0,9,0,6,0,0,0,0,1,1,6,2,21,5,1242,1,1,7,1
2014214000646,2,9,0,17,0,8,0,0,0,0,4,1,6,1,25,5,1998,1,16,1,1
2014214000647,1,9,0,5,0,0,1,0,0,0,1,1,1,2,26,6,1299,1,12,1,1
2014214000647,2,9,0,4,0,0,0,0,0,0,2,1,1,2,36,7,2616,1,8,8,1
2014214000647,3,9,0,5,0,0,0,0,0,0,2,1,3,2,48,8,1560,2,4,7,1
2014214000647,4,9,0,4,0,0,0,0,0,0,0,1,1,2,39,7,-1,-1,-1,6,1
2014214000650,1,9,0,12,0,0,0,0,0,0,3,1,2,2,31,6,1368,1,3,1,1
2014214000650,2,9,0,13,0,0,0,0,4,6,4,1,2,1,42,7,1120,2,1,4,1
2014214000651,1,9,0,1,0,0,0,0,0,0,2,1,6,1,35,6,1527,2,15,1,1
2014214000654,1,8,0,16,0,0,0,0,0,0,1,1,1,1,37,7,1968,2,7,2,1
2014214000654,2,9,0,3,0,0,0,0,0,0,3,1,2,2,44,7,2902,2,7,1,1
2014214000655,1,9,0,18,0,6,1,0,0,0,1,1,6,2,19,4,1124,1,8,-1,-1
2014214000655,2,9,0,16,0,8,0,0,0,0,3,1,6,1,35,6,1794,1,11,5,1
2014214000660,1,9,0,16,0,0,1,0,7,1,1,1,2,1,24,5,-1,-1,-1,6,2
2014214000661,1,19,0,18,0,0,1,0,0,0,1,1,1,1,51,8,1686,2,12,1,1
2014214000661,2,19,0,12,0,0,1,0,5,6,1,1,1,2,49,8,1753,2,8,2,1
2014214000661,3,19,0,18,0,0,1,0,0,0,3,1,1,1,53,8,2143,2,3,8,1
2014214000662,1,9,0,16,0,1,0,0,7,3,1,1,6,1,78,11,1991,1,-1,10,1
2014214000665,1,9,0,17,0,0,1,0,7,10,4,1,6,1,19,4,1343,1,14,3,1
2014214000666,1,9,0,18,0,0,1,0,0,0,1,1,2,1,49,8,1398,1,2,-1,1
2014214000666,2,9,0,4,0,0,0,0,0,0,2,1,6,1,32,6,1753,2,13,1,1
2014214000666,3,9,0,4,0,0,0,0,0,0,2,1,2,2,29,6,1995,2,9,5,1
2014214000669,1,9,0,9,0,5,0,0,1,0,1,1,6,1,28,6,998,1,13,1,1
2014214000670,1,9,0,16,0,0,1,0,7,10,1,1,6,1,22,5,1999,1,15,9,3
2014214000671,1,9,0,18,0,1,0,0,0,0,1,1,6,1,35,6,1896,2,18,2,1
2014214000671,2,9,0,3,0,1,0,0,0,0,2,1,6,2,35,6,1360,1,14,3,1
2014214000671,3,9,0,3,0,1,0,0,0,0,2,1,6,1,-1,-1,-1,-1,-1,2,1
2014214000673,1,9,0,5,0,4,0,0,0,0,1,1,6,2,21,5,1390,1,13,1,1
2014214000673,2,9,0,18,0,8,0,0,0,0,1,1,6,1,25,5,1796,1,10,10,3
2014214000683,1,21,1,12,0,0,0,0,0,0,3,2,1,1,37,7,-1,-1,-1,-1,-1
2014214000683,2,9,0,13,0,0,0,0,0,0,4,1,6,1,26,6,1995,2,9,1,1
2014214000688,1,9,0,18,0,0,0,0,0,0,1,1,6,2,33,6,1149,1,8,5,1
2014214000688,2,9,0,3,0,0,0,0,0,0,2,1,6,2,24,5,1124,1,14,8,2
2014214000691,1,9,0,18,0,1,0,0,0,0,1,1,6,2,35,6,1360,1,7,6,1
2014214000691,2,9,0,3,0,1,0,0,0,0,2,1,6,2,51,8,1582,2,7,8,3
2014214000696,1,9,0,17,0,2,1,0,0,0,1,1,6,1,18,4,1299,1,12,6,1
2014214000696,2,9,0,5,0,2,0,0,0,0,2,1,6,2,51,8,1242,1,9,8,1
2014214000696,3,9,0,16,0,1,0,0,0,0,0,1,1,1,33,6,-1,-1,-1,-1,-1
2014214000697,1,19,0,4,0,1,1,0,0,0,1,1,1,1,51,8,2686,2,9,6,1
2014214000697,2,21,1,3,0,1,0,0,0,0,2,1,1,1,56,9,12900,2,3,3,1
2014214000697,3,98,0,9,0,5,0,0,0,0,0,1,1,3,-1,-1,-1,-1,-1,-1,-1
2014214000698,1,9,0,1,0,8,0,0,0,0,2,1,1,1,49,8,-1,-1,-1,4,1
2014214000698,2,9,0,3,0,1,0,0,0,0,1,1,2,2,35,6,1298,1,8,4,1
2014214000703,1,9,0,4,0,1,0,0,0,0,1,1,6,1,30,6,1200,1,1,2,1
2014214000703,2,9,0,3,0,1,0,0,0,0,2,1,6,1,34,6,1560,2,1,1,1
2014214000714,1,9,0,18,0,0,0,0,0,0,4,1,1,1,58,9,1596,1,10,10,1
2014214000714,2,9,0,2,0,0,0,0,0,0,3,1,6,2,35,6,1998,2,9,1,1
2014214000715,1,9,0,9,0,6,0,0,0,0,3,1,6,1,66,10,1686,2,13,2,1
2014214000715,2,9,0,18,0,8,0,0,0,0,1,1,6,1,47,8,999,1,5,3,1
2014214000717,1,8,0,6,0,0,0,0,0,0,2,1,1,3,-1,-1,-1,-1,-1,-1,-1
2014214000718,1,9,0,18,0,4,0,0,0,0,1,1,1,1,32,6,1997,1,8,10,2
2014214000718,2,9,0,18,0,8,0,0,0,0,4,1,6,2,67,10,1995,2,2,9,1
2014214000719,1,9,0,7,0,8,0,0,0,0,4,1,2,2,37,7,1995,2,5,8,1
2014214000719,2,9,0,18,0,8,0,0,0,0,0,1,6,2,41,7,1896,2,7,-1,-1
2014214000720,1,9,0,18,0,0,0,0,0,0,1,1,6,1,21,5,1598,2,3,2,1
2014214000720,2,9,0,2,0,0,0,0,0,0,2,1,6,1,-1,-1,1587,1,15,-1,-1
2014214000721,1,9,0,18,0,1,0,0,0,0,0,1,1,1,-1,-1,1248,2,3,-1,-1
2014214000721,2,9,0,4,0,2,0,10,1,0,4,1,1,2,53,8,1984,1,8,7,1
2014214000728,1,9,0,17,0,0,1,0,0,0,2,1,1,1,46,8,1299,7,8,10,1
2014214000728,2,9,0,16,0,0,0,0,0,0,1,1,1,2,52,8,1560,2,8,10,3
2014214000731,1,9,0,4,0,1,1,0,1,10,1,1,6,2,31,6,1796,1,12,1,1
2014214000734,1,21,1,17,0,1,5,0,1,0,4,1,1,1,45,7,12130,2,9,-1,-1
2014214000735,1,9,0,9,0,8,1,0,0,0,1,1,2,1,53,8,1461,2,9,3,1
2014214000735,2,1,0,9,0,8,0,0,0,0,2,1,2,1,38,7,-1,-1,-1,10,2
2014214000736,1,9,0,9,0,6,0,0,0,0,3,1,1,1,46,8,1598,1,4,6,1
2014214000736,2,1,0,17,0,8,0,0,0,0,1,1,6,1,50,8,-1,-1,-1,5,1
2014214000739,1,9,0,14,0,0,0,0,0,0,1,1,6,3,-1,-1,-1,-1,-1,-1,-1
2014214000739,2,11,0,2,0,0,0,0,0,0,0,1,1,3,-1,-1,-1,-1,-1,-1,-1
2014214000740,1,9,0,18,0,0,0,0,0,0,1,1,6,1,83,11,1461,2,10,6,2
2014214000740,2,9,0,4,0,0,0,0,0,0,2,1,6,2,36,7,2000,1,7,8,1
2014214000741,1,9,0,18,0,1,0,0,0,0,1,1,6,1,70,10,1896,2,7,7,2
2014214000741,2,9,0,3,0,1,0,0,0,0,2,1,6,1,23,5,1199,1,10,4,1
2014214000742,1,9,0,18,0,8,0,0,0,0,4,1,6,2,29,6,1329,1,3,6,1
2014214000751,1,9,0,5,0,6,0,0,0,0,3,1,6,2,55,8,1590,1,13,3,1
2014214000751,2,1,0,17,0,8,0,0,0,0,1,1,6,1,48,8,-1,-1,-1,2,1
2014214000752,1,9,0,16,0,8,0,0,0,0,1,1,1,2,50,8,1560,2,1,8,3
2014214000752,2,21,1,9,0,6,0,0,0,0,3,1,1,1,36,7,10837,2,8,7,3
2014214000756,1,9,0,1,0,0,0,0,0,0,2,1,6,1,-1,-1,1956,2,2,-1,-1
2014214000756,2,90,0,2,0,0,0,0,0,0,0,1,1,1,-1,-1,-1,-1,-1,-1,-1
2014214000757,1,9,0,1,0,1,0,0,0,0,2,1,6,1,-1,-1,2143,2,4,-1,-1
2014214000757,2,9,0,4,0,1,0,0,0,0,1,1,6,2,25,5,1390,1,18,4,1
2014214000759,1,9,0,9,0,5,0,10,7,2,1,1,6,2,23,5,1587,1,6,-1,-1
2014214000759,2,9,0,18,0,8,0,0,0,0,1,1,6,2,24,5,-1,-1,-1,10,1
2014214000761,1,9,0,9,0,6,0,0,0,0,3,1,6,1,67,10,1997,2,13,8,1
2014214000761,2,2,0,18,0,8,0,0,0,0,1,1,2,1,16,4,49,1,1,1,1
2014214000764,1,9,0,9,0,6,0,0,0,0,3,1,2,1,42,7,-1,-1,-1,-1,2
2014214000764,2,9,0,18,0,8,0,0,0,0,1,1,2,2,23,5,999,1,10,8,2
2014214000766,1,9,0,17,0,1,0,0,0,0,1,1,6,1,26,6,1248,1,1,7,1
2014214000766,2,9,0,4,0,1,0,0,0,0,2,1,6,1,22,5,1199,1,11,6,1
2014214000767,1,9,0,18,0,6,0,0,0,0,1,1,6,1,77,11,1896,2,13,6,3
2014214000767,2,9,0,18,0,8,0,0,0,0,1,1,6,1,47,8,1388,1,8,5,3
2014214000768,1,9,0,11,0,3,0,0,0,0,4,1,6,1,76,11,1796,1,7,6,1
2014214000768,2,9,0,9,0,3,0,0,0,0,3,1,6,2,19,4,1299,1,15,3,1
2014214000769,1,21,1,12,0,0,0,0,0,0,3,2,1,1,-1,-1,-1,-1,-1,-1,-1
2014214000769,2,9,0,13,0,0,0,0,0,0,4,1,1,1,49,8,1560,2,3,8,2
2014214000771,1,9,0,18,0,8,1,0,0,0,1,1,6,3,-1,-1,-1,-1,-1,-1,-1
2014214000771,2,9,0,7,0,4,0,0,0,0,3,1,1,1,27,6,1900,2,14,4,1
2014214000771,3,9,0,7,0,4,0,0,0,0,3,1,1,2,44,7,2184,2,9,2,1
2014214000772,1,9,0,9,0,5,0,0,0,0,3,1,6,2,41,7,998,1,8,6,1
2014214000772,2,3,0,18,0,8,1,0,0,0,1,1,6,1,18,4,125,1,1,10,1
2014214000773,1,21,1,17,0,0,0,0,1,11,1,1,1,1,62,9,10518,2,3,-1,3
2014214000775,1,9,0,18,0,0,0,0,0,0,1,1,6,2,60,9,1061,1,10,4,2
2014214000775,2,19,0,18,0,0,0,0,0,0,1,1,1,1,35,6,2402,2,12,4,1
2014214000776,1,9,0,17,0,0,1,0,7,11,1,1,6,2,18,4,1390,1,13,9,3
2014214000777,1,9,0,18,0,6,0,0,0,0,1,1,6,2,30,6,1781,1,12,-1,-1
2014214000777,2,9,0,18,0,8,0,0,0,0,4,1,2,2,46,8,1560,2,10,2,1
2014214000778,1,9,0,7,0,6,0,0,0,0,1,1,6,2,34,6,1587,1,12,10,2
2014214000778,2,9,0,18,0,8,0,0,0,0,1,1,6,2,33,6,1995,2,10,7,1
2014214000780,1,9,0,4,0,1,0,0,0,0,1,1,6,1,21,5,1242,1,9,5,1
2014214000780,2,9,0,3,0,1,0,0,0,0,2,1,6,1,31,6,2099,1,10,9,1
2014214000781,1,9,0,18,0,0,1,0,0,0,1,1,1,1,48,8,1560,2,1,7,1
2014214000781,2,2,0,18,0,0,0,0,0,0,2,1,1,2,19,4,49,1,6,8,3
2014214000782,1,9,0,4,0,8,0,0,0,0,2,1,6,1,-1,-1,1587,1,11,-1,-1
2014214000782,2,9,0,18,0,8,0,0,0,0,1,1,6,1,54,8,1242,1,8,9,1
2014214000783,1,9,0,5,0,8,0,0,0,0,1,1,1,1,49,8,1360,1,12,5,1
2014214000783,2,5,0,18,0,8,0,0,0,0,3,1,2,1,50,8,1050,1,4,-1,-1
2014214000784,1,9,0,5,0,4,0,0,0,0,1,1,1,1,25,5,1796,1,8,1,1
2014214000784,2,9,0,4,0,4,0,0,0,0,2,1,6,2,23,5,1398,2,9,2,1
2014214000788,1,9,0,18,0,8,0,0,0,0,1,1,1,1,43,7,998,1,30,7,1
2014214000788,2,9,0,9,0,8,0,0,0,0,4,1,1,1,45,7,1587,1,10,2,1
2014214000788,3,9,0,3,0,1,0,0,0,0,3,1,6,2,53,8,-1,-1,-1,8,1
2014214000790,1,9,0,18,0,2,0,0,0,0,1,1,6,1,27,6,1998,2,11,7,1
2014214000790,2,1,0,5,0,2,0,0,0,0,3,1,6,1,21,5,-1,-1,-1,5,1
2014214000793,1,19,0,18,0,0,0,0,0,0,1,1,1,1,32,6,2143,2,1,2,1
2014214000793,2,9,0,3,0,0,0,0,0,0,2,1,6,1,58,9,1339,1,2,5,1
2014214000795,1,9,0,2,0,7,0,0,0,0,0,1,6,1,49,8,1498,1,4,9,1
2014214000795,2,9,0,4,0,7,0,0,0,0,2,1,6,1,55,8,1198,1,11,1,1
2014214000795,3,9,0,4,0,7,0,0,0,0,1,1,6,2,43,7,-1,-1,-1,8,3
2014214000795,4,9,0,4,0,7,0,0,0,0,1,1,6,1,52,8,2993,2,6,7,3
2014214000796,1,8,0,14,0,1,0,0,0,0,4,1,1,1,29,6,1910,2,7,2,1
2014214000796,2,9,0,9,0,1,0,0,0,0,1,1,6,1,31,6,1399,2,8,3,1
2014214000797,1,9,0,18,0,2,1,0,7,11,1,1,6,1,18,4,1199,1,15,7,1
2014214000799,1,9,0,18,0,0,1,0,4,6,1,1,6,2,44,7,1598,1,10,1,1
2014214000799,2,9,0,18,0,0,1,0,1,7,2,1,1,1,26,6,1149,1,10,1,1
2014214000801,1,9,0,4,0,0,0,0,0,0,1,1,2,1,35,6,1229,1,7,9,1
2014214000801,2,9,0,4,0,0,0,0,0,0,2,1,1,1,56,9,-1,-1,-1,1,1
2014214000801,3,9,0,4,0,0,0,0,0,0,2,1,6,2,25,5,1229,1,5,10,1
2014214000802,1,8,0,7,0,6,0,0,0,0,3,1,1,1,46,8,1997,2,11,8,1
2014214000802,2,1,0,18,0,8,0,0,0,0,1,1,2,1,37,7,-1,-1,-1,9,1
2014214000804,1,19,0,5,0,8,0,0,0,0,1,1,6,3,-1,-1,-1,-1,-1,-1,-1
2014214000804,2,9,0,9,0,8,0,0,0,0,4,1,6,1,61,9,2204,2,8,4,1
2014214000806,1,9,0,18,0,8,0,0,0,0,1,1,6,1,32,6,1796,1,13,2,1
2014214000806,2,9,0,18,0,8,0,0,0,0,1,1,6,2,26,6,1229,1,5,6,1
2014214000808,1,3,0,7,0,2,0,0,0,0,3,1,6,1,18,4,124,1,4,4,1
2014214000808,2,9,0,14,0,8,0,0,0,0,4,1,6,1,40,7,2776,2,8,2,1
2014214000809,1,8,0,9,0,6,0,0,0,0,3,1,1,1,63,9,1560,2,9,6,1
2014214000809,2,3,0,18,0,8,0,0,0,0,1,1,2,1,20,4,124,1,6,4,1
2014214000811,1,21,0,11,0,0,0,0,0,0,1,1,1,1,66,10,10837,2,2,6,1
2014214000811,2,9,0,18,0,0,0,0,4,6,2,1,6,1,20,4,1388,1,6,1,1
2014214000813,1,8,0,1,0,0,0,0,0,0,2,1,1,1,27,6,1299,1,12,3,1
2014214000818,1,9,0,18,0,0,0,0,0,0,4,1,6,2,35,6,-1,-1,-1,-1,-1
2014214000828,1,9,0,18,0,8,0,0,0,0,1,1,6,1,21,5,1968,2,6,2,1
2014214000828,2,9,0,9,0,8,0,0,0,0,1,1,6,1,23,5,1995,2,5,4,1
2014214000829,1,9,0,9,0,8,0,0,0,0,1,1,6,2,32,6,1597,1,18,3,1
2014214000829,2,9,0,18,0,8,0,0,0,0,3,1,6,1,51,8,-1,-1,-1,8,3
2014214000832,1,9,0,5,0,6,0,0,0,0,1,1,6,2,36,7,-1,-1,-1,9,1
2014214000832,2,9,0,18,0,8,0,0,0,0,1,1,6,2,28,6,1390,1,8,10,3
2014214000833,1,9,0,4,0,1,0,0,0,0,1,1,6,1,24,5,1248,2,-1,5,1
2014214000833,2,9,0,4,0,1,0,0,0,0,2,1,6,2,20,4,-1,-1,-1,4,1
2014214000833,3,9,0,4,0,1,0,0,0,0,2,1,6,1,28,6,1242,1,2,4,1
2014214000836,1,9,0,11,0,8,0,0,0,0,4,1,1,1,32,6,1560,2,7,2,1
2014214000836,2,9,0,18,0,8,0,0,0,0,3,1,1,1,28,6,1968,2,4,6,1
2014214000843,1,9,0,18,0,0,0,0,0,0,1,1,6,1,80,11,1242,1,7,2,1
2014214000844,1,9,0,9,0,8,0,0,0,0,1,1,6,2,58,9,1596,1,4,5,1
2014214000844,2,3,0,18,0,8,0,0,0,0,3,1,6,1,17,4,125,1,1,1,1
2014214000845,1,9,0,4,0,2,0,0,1,0,1,1,6,2,80,11,1197,1,1,2,1
2014214000845,2,9,0,2,0,2,0,0,0,0,2,1,6,2,28,6,-1,-1,-1,6,1
2014214000845,3,9,0,2,0,2,0,0,0,0,2,1,6,1,46,8,2184,2,5,6,1
2014214000846,1,9,0,1,0,8,0,0,0,0,2,1,3,2,37,7,1360,1,13,7,2
2014214000847,1,9,0,9,0,8,0,0,0,0,3,1,6,2,43,7,1598,2,1,7,3
2014214000847,2,9,0,18,0,8,0,0,0,0,1,1,1,1,48,8,2204,2,6,-1,1
2014214000851,1,1,0,4,0,0,0,0,0,0,1,1,6,1,33,6,-1,-1,-1,2,1
2014214000851,2,9,0,4,0,0,0,0,0,0,2,1,6,1,31,6,1242,1,10,4,1
2014214000854,1,9,0,3,0,2,0,0,0,0,2,1,6,2,40,7,1242,1,14,8,1
2014214000854,2,9,0,4,0,2,0,0,0,0,1,1,6,2,49,8,1598,1,5,1,1
2014214000860,1,9,0,7,0,8,0,0,0,0,1,1,1,2,22,5,1388,1,10,2,1
2014214000860,2,9,0,18,0,8,0,0,0,0,3,1,6,2,44,7,1242,1,1,2,1
2014214000866,1,8,0,18,0,6,0,0,0,0,1,1,1,1,62,9,1753,2,5,5,1
2014214000866,2,9,0,18,0,8,0,0,0,0,4,1,2,2,32,6,1968,2,5,6,1
2014214000868,1,9,0,18,0,8,0,0,0,0,1,1,6,3,-1,-1,1796,1,14,-1,-1
2014214000868,2,8,0,9,0,5,0,0,0,0,4,1,1,1,26,6,2231,2,8,3,1
2014214000869,1,9,0,18,0,1,0,0,0,0,1,1,6,2,40,7,1124,1,10,1,1
2014214000869,2,9,0,3,0,1,0,0,0,0,2,1,6,1,58,9,1995,1,3,4,1
2014214000870,1,9,0,16,0,0,0,0,7,4,1,1,6,1,43,7,1598,1,3,1,1
2014214000870,2,9,0,17,0,0,0,0,0,0,1,1,6,1,63,9,1298,1,14,1,1
2014214000872,1,9,0,9,0,6,0,0,0,0,1,1,6,1,-1,-1,-1,-1,-1,-1,-1
2014214000872,2,9,0,16,0,8,0,0,0,0,4,1,6,2,44,7,-1,-1,-1,3,1
2014214000878,1,9,0,18,0,0,0,0,0,0,1,1,6,2,53,8,1248,2,9,7,1
2014214000878,2,9,0,3,0,0,0,0,0,0,2,1,2,2,21,5,1368,1,6,8,3
2014214000880,1,9,0,9,0,6,0,0,0,0,1,1,6,2,66,10,1193,1,1,9,2
2014214000880,2,4,0,17,0,8,0,0,0,0,4,1,6,1,20,4,125,1,3,7,1
2014214000882,1,9,0,18,0,6,0,0,0,0,1,1,3,2,47,8,1795,1,12,6,1
2014214000882,2,9,0,17,0,8,0,0,7,0,4,1,6,2,53,8,1341,1,15,4,1
2014214000886,1,9,0,9,0,6,0,0,0,0,1,1,6,1,86,11,1596,1,13,7,2
2014214000886,2,9,0,18,0,8,0,0,0,0,1,1,6,1,31,6,1896,2,12,-1,-1
2014214000887,1,8,0,9,0,6,0,0,0,0,3,1,1,1,28,6,2231,2,6,2,1
2014214000887,2,9,0,18,0,8,0,0,0,0,1,1,1,1,28,6,1896,2,13,4,1
2014214000888,1,9,0,18,0,0,0,0,0,0,1,1,6,2,79,11,1598,1,1,10,1
2014214000890,1,9,0,4,0,0,0,0,0,0,1,1,6,2,48,8,1997,2,10,-1,-1
2014214000890,2,9,0,18,0,0,0,0,0,0,2,1,6,1,55,8,-1,-1,-1,4,1
2014214000890,3,9,0,18,0,0,0,0,0,0,1,1,6,2,-1,-1,-1,-1,-1,-1,-1
2014214000891,1,9,0,18,0,0,0,0,0,0,1,1,6,1,47,8,1896,2,11,1,1
2014214000891,2,9,0,3,0,0,0,0,0,0,2,1,6,1,25,5,1364,1,6,3,1
2014214000891,3,9,0,3,0,0,0,0,0,0,2,1,6,1,21,5,1299,1,14,1,1
2014214000892,1,9,0,10,0,6,0,0,0,0,1,1,6,2,21,5,973,1,12,-1,-1
2014214000892,2,9,0,18,0,8,0,0,0,0,1,1,2,1,24,5,2000,2,9,9,2
2014214000894,1,9,0,7,0,5,0,0,0,0,4,1,6,1,35,6,1781,1,9,-1,-1
2014214000894,2,1,0,18,0,8,0,0,0,0,1,1,2,1,22,5,-1,-1,-1,8,2
2014214000895,1,9,0,18,0,0,0,0,0,0,1,1,2,2,26,6,1240,1,9,5,1
2014214000895,2,21,0,3,0,0,0,0,0,0,2,1,1,1,57,9,9290,2,1,-1,1
2014214000899,1,9,0,13,0,0,0,0,0,0,4,1,2,1,54,8,1329,1,1,7,1
2014214000899,2,1,0,17,0,0,0,0,0,0,3,1,2,2,23,5,-1,-1,-1,4,1