Accident_Index,Vehicle_Reference,Vehicle_Type,Towing_and_Articulation,Vehicle_Manoeuvre,Vehicle_Location-Restricted_Lane,Junction_Location,Skidding_and_Overturning,Hit_Object_in_Carriageway,Vehicle_Leaving_Carriageway,Hit_Object_off_Carriageway,1st_Point_of_Impact,Was_Vehicle_Left_Hand_Drive?,Journey_Purpose_of_Driver,Sex_of_Driver,Age_of_Driver,Age_Band_of_Driver,Engine_Capacity_(CC),Propulsion_Code,Age_of_Vehicle,Driver_IMD_Decile,Driver_Home_Area_Type
2014214000901,1,9,0,16,0,0,0,0,5,6,1,1,1,2,23,5,998,1,2,5,1
2014214000904,1,9,0,18,0,0,0,0,0,0,1,1,6,2,-1,-1,-1,-1,-1,-1,-1
2014214000904,2,9,0,3,0,0,0,0,0,0,2,1,6,1,40,7,2000,2,9,9,1
2014214000910,1,11,0,5,0,0,0,0,0,0,0,1,1,1,49,8,5883,2,13,2,1
2014214000912,1,9,0,17,0,0,0,0,0,0,1,1,6,1,73,10,796,1,12,6,1
2014214000914,1,9,0,17,0,0,1,0,0,0,3,1,3,2,43,7,1997,2,1,8,3
2014214000914,2,9,0,16,0,0,1,0,0,0,3,1,1,2,21,5,1998,2,10,8,3
2014214000915,1,9,0,18,0,8,0,0,0,0,1,1,6,1,49,8,1998,2,9,6,1
2014214000915,2,9,0,9,0,5,0,0,0,0,1,1,6,2,20,4,998,1,11,3,1
2014214000916,1,9,0,18,0,0,0,0,0,0,1,1,6,1,73,10,-1,-1,-1,6,1
2014214000916,2,9,0,3,0,0,0,0,0,0,2,1,6,2,41,7,1799,1,7,9,1
2014214000916,3,9,0,3,0,0,0,0,0,0,2,1,6,2,51,8,999,1,1,6,1
2014214000917,1,9,0,9,0,5,1,0,0,0,1,1,6,2,30,6,1360,1,8,5,3
2014214000917,2,9,0,18,0,8,0,0,0,0,1,1,6,1,25,5,1997,1,11,8,1
2014214000919,1,9,0,6,0,8,0,0,0,0,3,1,1,2,51,8,1997,2,14,1,1
2014214000919,2,9,0,18,0,8,0,0,0,0,1,1,2,2,34,6,998,1,2,4,1
2014214000920,1,1,0,18,0,0,0,0,0,0,2,1,6,1,29,6,-1,-1,-1,2,1
2014214000920,2,9,0,6,0,0,0,0,0,0,2,1,6,1,34,6,1686,2,1,2,1
2014214000925,1,9,0,7,9,6,0,5,0,1,1,1,1,2,31,6,-1,-1,-1,6,1
2014214000925,2,1,0,18,0,8,0,0,0,0,4,1,6,1,43,7,-1,-1,-1,-1,-1
2014214000927,1,9,0,16,0,0,1,0,1,4,1,1,1,1,21,5,1584,1,7,8,1
2014214000929,1,9,0,5,0,4,0,0,0,0,1,1,6,1,37,7,-1,-1,-1,4,1
2014214000929,2,1,0,18,0,8,0,0,0,0,1,1,6,1,48,8,-1,-1,-1,3,1
2014214000930,1,9,0,13,0,8,0,10,7,11,1,1,2,1,22,5,1796,1,10,3,1
2014214000930,2,9,0,9,0,5,0,0,0,0,1,1,6,2,19,4,999,1,3,8,1
2014214000931,1,9,0,17,0,0,2,0,1,10,1,1,6,2,19,4,-1,-1,-1,8,1
2014214000932,1,9,0,9,0,8,0,0,0,0,3,1,6,2,55,8,1149,1,8,-1,-1
2014214000932,2,9,0,18,0,8,0,0,0,0,1,1,2,1,46,8,1796,1,11,2,1
2014214000933,1,9,0,14,0,0,0,0,0,0,1,1,1,2,30,6,1199,2,1,6,1
2014214000933,2,9,0,18,0,0,0,0,0,0,1,1,2,2,33,6,995,1,4,4,1
2014214000933,3,9,0,2,0,0,0,0,0,0,4,1,6,2,41,7,1793,1,13,3,1
2014214000934,1,9,0,18,0,1,1,0,0,0,1,1,6,2,40,7,1995,2,1,-1,-1
2014214000934,2,9,0,3,0,1,0,0,0,0,2,1,6,1,53,8,1951,2,10,4,1
2014214000935,1,21,1,16,0,0,0,0,0,0,4,1,1,1,-1,-1,-1,-1,-1,-1,-1
2014214000935,2,16,0,16,0,0,0,0,0,0,0,1,6,2,41,7,-1,-1,-1,5,3
2014214000951,1,9,0,16,0,0,2,0,1,9,1,1,6,2,23,5,1360,1,15,3,1
2014214000952,1,9,0,16,0,8,0,0,0,0,1,1,6,1,35,6,1796,1,11,4,3
2014214000952,2,9,0,4,0,8,0,0,0,0,2,1,6,1,55,8,998,1,16,3,1
2014214000953,1,9,0,5,0,1,0,0,0,0,1,1,6,2,22,5,1299,1,14,8,1
2014214000953,2,9,0,3,0,1,0,0,0,0,2,1,3,2,46,8,1598,1,12,7,2
2014214000955,1,9,0,18,0,1,0,0,0,0,1,1,6,1,69,10,1988,2,10,5,1
2014214000955,2,9,0,4,0,1,0,0,0,0,2,1,6,1,59,9,973,1,12,7,1
2014214000956,1,9,0,9,0,8,0,0,0,0,1,1,6,1,24,5,1560,2,8,7,3
2014214000956,2,5,0,5,0,8,0,0,0,0,3,1,6,1,48,8,645,1,13,8,1
2014214000957,1,9,0,1,0,6,0,0,0,0,2,1,6,1,19,4,1198,1,11,6,1
2014214000957,2,9,0,2,0,8,0,0,0,0,4,1,6,1,60,9,1497,1,10,2,1
2014214000958,1,9,0,18,0,2,0,0,0,0,1,1,6,3,-1,-1,-1,-1,-1,-1,-1
2014214000959,1,9,0,18,0,0,0,0,0,0,1,1,1,2,25,5,999,1,14,1,1
2014214000962,1,9,0,9,0,6,0,0,0,0,1,1,2,2,24,5,1560,2,5,10,1
2014214000962,2,5,0,18,0,8,0,0,0,0,4,1,2,1,19,4,535,1,15,9,1
2014214000963,1,9,0,18,0,1,0,0,0,0,1,1,2,1,31,6,3246,1,7,9,1
2014214000963,2,9,0,3,0,1,0,0,0,0,2,1,6,2,18,4,1299,1,13,8,1
2014214000963,3,9,0,10,0,5,0,0,0,0,2,1,6,1,43,7,1781,1,9,5,1
2014214000964,1,2,0,18,0,1,0,0,0,0,1,1,6,1,16,4,50,1,2,9,1
2014214000964,2,9,0,10,0,1,0,0,0,0,2,1,2,2,36,7,1995,2,7,9,1
2014214000966,1,19,0,18,0,0,0,0,0,0,3,1,2,1,54,8,2500,2,8,-1,-1
2014214000967,1,19,0,18,0,4,0,0,0,0,4,1,2,1,66,10,2151,2,12,-1,1
2014214000967,2,9,0,17,0,8,0,0,0,0,4,1,2,2,34,6,1896,2,11,7,3
2014214000968,1,19,0,7,0,4,0,0,0,0,4,1,6,1,39,7,2402,2,6,1,1
2014214000968,2,9,0,7,0,8,0,0,0,0,2,1,6,2,46,8,2204,2,10,6,1
2014214000969,1,9,0,18,0,4,0,0,0,0,3,1,1,2,33,6,1968,2,4,9,1
2014214000969,2,2,0,18,0,8,0,0,0,0,1,1,1,1,16,4,49,1,7,10,1
2014214000974,1,9,0,9,0,6,0,0,0,0,1,1,6,2,51,8,998,1,7,8,1
2014214000974,2,9,0,18,0,8,0,0,0,0,4,1,6,2,34,6,1398,1,11,2,1
2014214000975,1,9,0,9,0,8,1,0,1,11,1,1,6,2,31,6,-1,-1,-1,3,1
2014214000977,1,9,0,11,0,0,1,0,1,7,4,1,6,1,44,7,1994,2,13,3,1
2014214000977,2,21,1,18,0,0,0,0,0,0,1,2,1,1,24,5,-1,-1,-1,-1,-1
2014214000978,1,21,0,18,0,0,0,11,0,0,3,1,6,3,-1,-1,-1,-1,-1,-1,-1
2014214000978,2,9,0,3,0,0,0,0,0,0,3,1,6,2,59,9,1598,1,10,5,1
2014214000979,1,9,0,9,0,2,0,0,0,0,4,1,3,2,42,7,2499,2,12,3,1
2014214000981,1,3,0,18,0,8,1,10,1,7,1,1,6,1,17,4,124,1,6,6,1
2014214000982,1,9,0,18,0,1,0,0,0,0,1,1,6,1,20,4,-1,-1,-1,6,1
2014214000982,2,9,0,3,0,1,0,0,0,0,2,1,6,2,51,8,1997,2,5,3,1
2014214000983,1,9,0,13,0,8,0,0,7,0,1,1,6,1,31,6,1598,2,1,8,1
2014214000983,2,9,4,9,0,5,5,0,7,0,3,1,6,1,37,7,-1,-1,-1,7,3
2014214000984,1,9,0,9,0,6,0,0,0,0,3,1,6,1,77,11,2477,2,13,7,3
2014214000984,2,21,0,17,0,8,0,0,7,11,1,1,1,1,28,6,10300,2,13,10,1
2014214000986,1,9,0,7,0,5,0,0,0,0,4,1,6,2,49,8,1149,1,12,9,1
2014214000986,2,1,0,16,9,8,0,0,0,0,1,1,6,1,33,6,-1,-1,-1,-1,-1
2014214000987,1,9,0,13,0,0,0,0,0,0,4,1,6,3,-1,-1,-1,-1,-1,-1,-1
2014214000987,2,16,0,17,0,0,0,0,0,0,3,1,6,2,21,5,-1,-1,-1,-1,-1
2014214000988,1,9,0,16,0,0,1,0,7,4,1,1,6,1,87,11,1984,2,-1,8,3
2014214000993,1,9,0,17,0,1,0,0,0,0,1,1,6,2,52,8,1198,1,11,7,1
2014214000993,2,9,0,3,0,1,0,0,0,0,2,1,6,2,32,6,1896,2,12,3,1
2014214000993,3,9,0,9,0,5,0,0,0,0,0,1,6,3,-1,-1,-1,-1,-1,-1,-1
2014214000995,1,9,0,16,0,0,1,0,0,0,1,1,2,1,20,4,1299,1,11,9,2
2014214000995,2,9,0,17,0,0,0,0,0,0,1,1,2,1,42,7,1560,2,1,5,1
2014214001000,1,9,0,6,8,0,0,0,0,0,3,1,6,1,37,7,1968,2,2,3,1
2014214001000,2,9,0,18,0,0,0,0,0,0,1,1,6,2,37,7,1896,2,11,9,1
2014214001001,1,21,0,11,0,0,0,0,0,0,4,1,1,1,55,8,-1,2,12,8,3
2014214001001,2,9,0,18,0,0,0,0,0,0,3,1,6,2,18,4,1299,1,11,4,1
2014214001003,1,19,5,16,0,0,0,0,0,0,3,1,6,1,48,8,1870,2,9,9,3
2014214001003,2,9,0,4,0,0,0,0,0,0,3,1,1,2,46,8,1229,1,2,9,3
2014214001005,1,9,0,13,0,0,0,0,0,0,1,1,6,2,25,5,1242,1,7,5,1
2014214001005,2,9,0,16,0,0,0,0,0,0,1,1,6,1,45,7,2495,2,17,10,2
2014214001005,3,21,1,18,0,0,0,0,0,0,0,1,1,1,58,9,12777,2,3,8,1
2014214001007,1,9,0,18,0,0,0,0,0,0,1,1,6,2,42,7,1598,1,1,10,1
2014214001007,2,9,0,3,0,0,0,0,0,0,2,1,6,1,38,7,1242,1,1,-1,3
2014214001009,1,9,0,14,0,1,0,0,0,0,4,1,3,2,47,8,1598,1,10,7,1
2014214001009,2,11,0,2,0,1,0,0,0,0,0,1,1,1,-1,-1,-1,-1,-1,1,1
2014214001011,1,9,0,9,0,6,0,0,0,0,1,1,6,2,52,8,1591,1,1,3,1
2014214001011,2,19,0,17,0,8,0,0,0,0,1,1,1,1,29,6,1968,2,1,3,1
2014214001012,1,9,0,18,0,0,1,0,1,0,4,1,6,2,51,8,998,1,24,10,1
2014214001013,1,9,0,5,0,6,0,0,0,0,4,1,6,2,60,9,2179,2,2,10,2
2014214001014,1,9,0,12,0,0,0,0,0,0,2,1,6,1,-1,-1,1910,2,6,1,1
2014214001014,2,9,0,18,0,0,0,0,0,0,1,1,6,1,-1,-1,1596,1,1,1,1
2014214001014,3,9,0,18,0,0,0,0,0,0,1,1,6,1,-1,-1,1997,2,1,10,1
2014214001014,4,9,0,18,0,0,0,0,0,0,1,1,6,1,-1,-1,1995,2,8,7,3
2014214001014,5,9,0,18,0,0,0,0,0,0,1,1,6,2,52,8,1896,2,12,2,1
2014214001016,1,8,0,9,0,5,0,0,0,0,4,1,1,1,35,6,1910,2,5,3,1
2014214001020,1,9,0,7,0,6,0,0,0,0,1,1,6,2,72,10,1598,1,10,1,1
2014214001020,2,9,0,18,0,8,0,0,0,0,1,1,6,1,58,9,2204,2,9,5,1
2014214001021,1,9,0,18,0,8,0,0,0,0,1,1,6,1,83,11,1398,1,1,3,1
2014214001021,2,9,0,18,0,8,0,0,0,0,3,1,6,2,50,8,1398,2,8,6,1
2014214001024,1,9,0,16,0,0,0,0,7,11,1,1,6,2,77,11,1388,1,5,5,1
2014214001024,2,9,0,18,0,0,0,0,0,0,3,1,1,2,55,8,1248,2,3,7,3
2014214001025,1,9,0,2,0,0,0,0,0,0,3,1,6,2,57,9,2324,1,11,5,1
2014214001025,2,22,0,18,9,0,0,0,0,0,1,1,6,1,58,9,-1,-1,-1,4,1
2014214001028,1,9,0,9,0,5,0,0,0,0,0,1,2,2,43,7,1796,1,10,4,1
2014214001028,2,1,0,18,0,8,1,0,0,0,0,1,6,1,43,7,-1,-1,-1,8,1
2014214001031,1,9,0,9,0,6,0,0,0,0,1,1,6,2,28,6,998,1,12,6,1
2014214001031,2,9,0,17,0,8,0,0,0,0,4,1,6,1,23,5,-1,-1,-1,10,1
2014214001033,1,9,0,9,0,6,0,0,0,0,1,1,6,1,73,10,998,1,7,10,1
2014214001033,2,1,0,18,0,8,0,0,0,0,1,1,6,1,13,3,-1,-1,-1,9,1
2014214001034,1,9,0,13,0,0,0,0,0,0,0,1,6,2,40,7,-1,-1,-1,-1,-1
2014214001034,2,16,0,18,0,0,0,0,0,0,0,1,6,2,43,7,-1,-1,-1,1,1
2014214001042,1,9,0,18,0,1,0,0,0,0,1,1,6,2,48,8,1781,1,12,7,1
2014214001042,2,9,0,3,0,1,0,0,0,0,2,1,6,2,49,8,1388,1,9,2,1
2014214001046,1,9,0,9,0,8,0,0,0,0,1,1,6,1,45,7,1599,1,8,2,1
2014214001046,2,9,0,18,0,8,0,0,0,0,3,1,6,1,49,8,998,1,1,9,1
2014214001048,1,9,0,9,0,6,0,0,0,0,3,1,6,2,44,7,2976,1,11,6,1
2014214001048,2,9,0,16,0,8,0,0,0,0,1,1,6,2,59,9,1995,2,7,8,3
2014214001050,1,9,0,18,0,0,0,0,0,0,1,1,2,2,40,7,1360,1,11,4,1
2014214001050,2,9,0,14,0,0,0,0,0,0,1,1,6,2,53,8,2157,1,18,7,3
2014214001050,3,9,0,2,0,0,0,0,0,0,3,1,6,3,-1,-1,1796,1,6,-1,-1
2014214001056,1,9,0,18,0,8,0,0,0,0,1,1,6,1,24,5,1299,1,13,2,1
2014214001056,2,9,0,9,0,5,0,0,0,0,1,1,6,1,23,5,-1,-1,-1,5,1
2014214001057,1,9,0,18,0,1,0,0,0,0,1,1,6,2,30,6,1598,1,9,9,1
2014214001057,2,9,0,18,0,1,0,0,0,0,2,1,6,2,31,6,1968,2,1,6,3
2014214001061,1,9,0,4,0,1,0,0,0,0,1,1,6,1,43,7,1796,1,18,8,1
2014214001062,1,9,0,13,0,8,0,0,0,0,1,1,6,1,45,7,2993,2,10,7,3
2014214001062,2,9,0,9,0,5,0,0,0,0,3,1,2,2,31,6,1198,1,6,7,3
2014214001063,1,4,0,13,0,0,1,7,0,0,1,1,1,1,37,7,498,1,17,-1,-1
2014214001064,1,9,0,17,0,0,0,0,0,0,1,1,6,3,-1,-1,-1,-1,-1,-1,-1
2014214001064,2,1,0,16,0,0,0,0,0,0,1,1,6,1,19,4,-1,-1,-1,-1,-1
2014214001067,1,9,0,18,0,2,0,0,0,0,1,1,6,1,82,11,1560,2,3,8,1
2014214001068,1,9,0,18,0,8,0,0,0,0,1,1,6,1,51,8,1339,1,11,7,1
2014214001068,2,9,0,9,0,6,0,0,0,0,3,1,6,1,37,7,998,1,1,3,3
2014214001069,1,9,0,12,0,0,0,0,0,0,3,1,6,3,-1,-1,996,1,5,-1,-1
2014214001069,2,9,0,18,0,0,0,0,0,0,4,1,6,2,28,6,1995,2,11,-1,-1
2014214001072,1,9,0,18,0,0,0,0,0,0,3,1,6,1,50,8,998,1,7,7,1
2014214001072,2,9,0,10,0,0,0,0,0,0,3,1,6,2,47,8,1968,2,3,9,1
2014214001074,1,9,0,14,0,1,0,0,0,0,1,1,6,2,55,8,1398,2,12,2,1
2014214001074,2,11,0,2,0,1,0,0,0,0,0,1,1,3,-1,-1,-1,-1,-1,-1,-1
2014214001075,1,9,0,4,0,0,1,0,0,0,1,1,6,1,20,4,3947,1,17,5,1
2014214001075,2,9,0,4,0,0,1,0,0,0,1,1,1,2,53,8,1242,1,5,7,3
2014214001077,1,1,0,18,0,2,0,0,0,0,1,1,6,1,15,3,-1,-1,-1,2,1
2014214001077,2,9,0,18,0,2,0,0,0,0,1,1,6,1,50,8,2500,2,17,5,3
2014214001078,1,9,0,18,0,1,0,0,0,0,1,1,6,2,55,8,1299,1,10,2,1
2014214001078,2,9,0,3,0,1,0,0,0,0,2,1,6,2,42,7,1995,2,9,9,3
2014214001079,1,9,0,9,0,6,0,0,1,0,3,1,2,1,30,6,1796,1,10,5,1
2014214001079,2,11,0,18,0,8,0,0,0,0,1,1,6,2,46,8,11000,2,16,2,1
2014214001080,1,2,0,13,0,1,0,0,0,0,1,1,2,1,45,7,49,1,6,-1,1
2014214001080,2,8,0,9,0,5,0,0,0,0,3,1,6,1,31,6,1997,2,4,1,1
2014214001081,1,9,0,16,0,2,1,0,0,0,1,1,1,1,37,7,-1,-1,-1,10,1
2014214001081,2,9,0,17,0,1,0,0,0,0,1,1,1,2,44,7,1299,1,10,10,1
2014214001082,1,9,0,13,0,0,0,0,0,0,4,1,6,1,35,6,-1,-1,-1,-1,-1
2014214001082,2,9,0,18,0,0,0,0,0,0,3,1,6,2,20,4,998,1,5,4,1
2014214001084,1,9,0,16,0,0,1,0,7,10,1,1,6,1,20,4,1600,1,16,2,1
2014214001084,2,9,0,16,0,0,0,0,1,10,3,1,6,2,50,8,1968,2,3,9,2
2014214001085,1,9,0,18,0,0,1,0,0,0,1,1,6,1,72,10,1086,1,5,8,1
2014214001085,2,9,0,3,0,0,0,0,0,0,2,1,6,2,21,5,1598,1,8,2,1
2014214001085,3,9,0,3,0,0,0,0,0,0,2,1,6,1,63,9,1796,1,3,5,1
2014214001091,1,9,0,9,0,8,0,0,0,0,1,1,6,1,43,7,1600,1,15,2,1
2014214001091,2,9,0,9,0,8,0,0,0,0,3,1,6,1,61,9,-1,-1,-1,2,2
2014214001091,3,9,0,2,6,2,0,0,0,0,3,1,6,1,-1,-1,1995,2,6,-1,-1
2014214001093,1,9,0,18,0,4,0,0,0,0,1,1,6,1,47,8,1498,1,7,2,1
2014214001093,2,8,0,18,0,8,0,0,0,0,4,1,1,1,35,6,1997,2,6,2,1
2014214001094,1,9,0,18,0,6,0,0,0,0,1,1,6,1,41,7,-1,-1,-1,3,1
2014214001094,2,9,0,18,0,8,0,0,0,0,4,1,6,1,61,9,2378,1,9,5,1
2014214001095,1,9,0,12,0,0,0,0,0,0,3,1,6,2,54,8,1360,1,11,2,1
2014214001095,2,5,0,14,0,0,0,0,0,0,1,1,6,1,48,8,645,1,1,1,1
2014214001096,1,9,0,13,0,0,2,0,5,6,1,1,6,1,26,6,5998,1,1,-1,-1
2014214001096,2,9,0,18,0,0,0,0,0,0,1,1,6,1,63,9,998,1,1,9,1
2014214001096,3,9,0,13,0,0,0,0,0,0,4,1,6,1,76,11,1834,1,13,7,2
2014214001096,4,9,0,18,0,0,0,0,0,0,3,1,1,1,29,6,1968,2,2,-1,-1
2014214001098,1,9,0,11,0,0,0,0,0,0,1,1,1,1,39,7,1248,2,1,3,1
2014214001098,2,9,0,18,0,0,0,0,1,11,2,1,6,1,24,5,1598,1,10,2,1
2014214001100,1,9,0,14,0,0,0,0,0,0,1,1,6,1,23,5,1598,1,11,1,1
2014214001100,2,9,0,18,0,0,0,0,0,0,1,1,6,1,18,4,973,1,13,1,1
2014214001100,3,9,0,2,0,0,0,0,0,0,3,1,6,3,-1,-1,1998,2,8,-1,-1
2014214001100,4,9,0,2,0,0,0,0,0,0,3,1,6,3,-1,-1,1995,2,4,-1,-1
2014214001103,1,9,0,7,0,2,0,0,0,0,1,1,6,3,-1,-1,-1,-1,-1,-1,-1
2014214001103,2,9,0,7,0,2,0,0,0,0,2,1,6,1,77,11,1997,2,14,3,1
2014214001105,1,9,0,9,0,6,0,0,0,0,1,1,6,1,25,5,1995,2,6,5,1
2014214001105,2,11,0,18,0,8,0,0,0,0,1,1,1,1,44,7,-1,2,16,2,1
2014214001107,1,9,0,4,0,0,0,0,0,0,1,1,6,2,45,7,1580,1,19,5,1
2014214001107,2,9,0,3,0,0,0,0,0,0,2,1,6,2,49,8,1242,1,2,8,3
2014214001109,1,9,0,17,0,8,2,0,2,10,1,1,6,1,28,6,1686,2,9,5,1
2014214001109,2,20,0,9,0,6,0,0,0,0,2,1,6,1,43,7,-1,-1,-1,5,1
2014214001110,1,9,0,18,0,2,0,0,0,0,2,1,6,1,30,6,1798,1,6,1,1
2014214001110,2,19,0,16,0,2,0,0,0,0,1,1,6,1,32,6,2198,2,4,3,1
2014214001111,1,9,0,18,0,0,0,0,0,0,3,1,6,2,38,7,2993,2,8,5,1
2014214001111,2,21,1,18,0,0,0,0,0,0,3,1,1,1,45,7,11967,2,4,4,1
2014214001113,1,9,0,18,0,1,0,0,0,0,1,1,6,2,21,5,1124,1,11,3,1
2014214001113,2,9,0,3,0,1,0,0,0,0,2,1,2,2,48,8,1332,1,17,5,1
2014214001114,1,3,0,15,0,0,0,0,0,0,1,1,2,1,22,5,124,1,9,7,1
2014214001114,2,9,0,11,0,0,0,0,0,0,4,1,2,1,38,7,2199,2,4,1,1
2014214001115,1,9,0,18,0,0,0,0,0,0,1,1,6,3,-1,-1,-1,-1,-1,-1,-1
2014214001115,2,9,0,3,0,0,0,0,0,0,2,1,6,2,60,9,2188,2,8,3,1
2014214001117,1,9,0,9,0,4,0,0,0,0,3,1,2,1,39,7,1910,2,6,2,1
2014214001117,2,1,0,18,0,8,0,0,0,0,1,1,2,1,30,6,-1,-1,-1,2,1
2014214001121,1,9,0,18,0,8,0,0,0,0,3,1,6,2,30,6,1248,2,5,2,1
2014214001121,2,9,0,18,0,3,0,0,0,0,1,1,6,2,44,7,1781,1,12,5,1
2014214001123,1,21,0,11,0,0,0,0,0,0,4,1,1,1,40,7,12419,2,2,-1,-1
2014214001123,2,9,0,18,0,0,0,0,0,0,3,1,6,2,31,6,1242,1,17,1,1
2014214001124,1,9,0,18,0,0,0,0,0,0,1,1,6,1,26,6,2993,2,3,-1,-1
2014214001124,2,9,0,3,0,0,0,0,0,0,2,1,1,2,22,5,1598,1,7,10,1
2014214001128,1,9,0,16,0,0,1,0,7,11,1,1,6,1,23,5,1984,1,5,9,3
2014214001130,1,9,0,6,0,1,0,0,0,0,1,1,6,1,30,6,2204,2,7,5,1
2014214001131,1,9,0,16,0,0,1,10,1,10,4,1,2,1,28,6,1329,1,5,6,1
2014214001134,1,9,0,5,0,1,0,0,0,0,1,1,6,2,32,6,1596,1,7,7,1
2014214001134,2,19,0,4,0,1,0,0,0,0,2,1,6,1,48,8,-1,-1,-1,7,1
2014214001137,1,19,0,18,0,1,0,0,0,0,1,1,1,1,44,7,2143,2,3,5,1
2014214001137,2,9,0,3,0,1,0,0,1,11,2,1,6,1,65,9,1388,1,7,7,1
2014214001137,3,9,0,18,0,8,0,0,0,0,1,1,6,1,78,11,-1,-1,-1,9,3
2014214001137,4,9,0,10,0,1,0,0,0,0,0,1,6,2,37,7,-1,-1,-1,5,1
2014214001147,1,9,0,9,0,8,0,0,0,0,1,1,6,2,60,9,998,1,2,5,2
2014214001147,2,9,0,18,0,8,0,0,0,0,4,1,1,2,58,9,1997,2,5,10,1
2014214001148,1,9,0,9,0,6,0,0,0,0,3,1,6,1,45,7,1998,1,5,6,3
2014214001148,2,9,0,18,0,8,0,0,0,0,1,1,6,1,26,6,2995,1,1,8,1
2014214001151,1,9,0,18,0,6,0,0,7,11,1,1,1,1,31,6,1797,8,3,1,1
2014214001151,2,9,0,18,0,8,0,0,0,0,1,1,1,2,19,4,998,1,7,10,1
2014214001152,1,9,0,18,0,0,0,0,0,0,1,1,1,1,36,7,1968,2,4,9,1
2014214001152,2,9,0,3,0,0,0,0,0,0,2,1,1,1,67,10,-1,-1,-1,-1,3
2014214001152,3,9,0,3,0,0,0,0,0,0,2,1,6,1,53,8,1995,2,6,7,1
2014214001156,1,9,0,18,0,0,0,0,0,0,1,1,6,1,30,6,2494,1,14,5,1
2014214001156,2,9,0,12,0,0,0,0,0,0,2,1,6,2,62,9,1390,1,1,10,2
2014214001157,1,9,0,18,0,2,1,0,1,9,1,1,2,2,21,5,1587,1,11,10,2
2014214001158,1,9,0,9,0,8,0,0,0,0,1,1,6,2,56,9,2799,1,11,10,1
2014214001158,2,9,0,18,0,8,0,0,0,0,1,1,6,1,27,6,1796,1,3,10,1
2014214001159,1,9,0,4,0,0,0,0,0,0,1,1,2,2,65,9,1400,1,7,8,1
2014214001159,2,9,0,4,0,0,0,0,0,0,2,1,2,1,41,7,1598,1,13,5,1
2014214001160,1,9,0,18,0,0,0,0,0,0,1,1,6,1,18,4,1248,1,5,7,3
2014214001160,2,9,0,4,0,0,0,0,0,0,2,1,6,2,51,8,-1,-1,-1,8,1
2014214001169,1,9,0,9,0,6,0,0,0,0,1,1,6,1,83,11,998,1,8,8,3
2014214001169,2,9,0,18,0,8,0,0,0,0,0,1,2,1,47,8,1998,2,9,8,3
2014214001172,1,9,0,18,0,0,0,0,0,0,1,1,6,1,38,7,1896,2,13,1,1
2014214001172,2,9,0,3,0,0,0,0,0,0,2,1,6,2,28,6,1198,1,4,6,1
2014214001172,3,9,0,3,0,0,0,0,0,0,0,2,6,1,40,7,-1,-1,-1,-1,-1
2014214001175,1,9,0,4,0,1,0,0,0,0,1,1,2,2,34,6,1390,1,4,10,1
2014214001175,2,9,0,18,0,8,0,0,0,0,1,1,6,2,34,6,1599,1,9,1,1
2014214001175,3,9,0,10,0,1,0,0,0,0,0,1,6,2,65,9,1590,1,15,8,3
2014214001178,1,9,0,9,0,5,0,0,0,0,1,1,6,2,24,5,1229,1,9,8,3
2014214001178,2,1,0,18,0,8,0,0,0,0,2,1,6,1,42,7,-1,-1,-1,10,1
2014214001181,1,9,0,4,0,0,0,0,0,0,1,1,6,2,19,4,1242,1,1,2,1
2014214001181,2,9,0,3,0,0,0,0,0,0,2,1,6,1,42,7,1461,2,5,5,1
2014214001186,1,8,0,5,0,6,0,0,0,0,1,1,1,1,30,6,1896,2,8,1,1
2014214001186,2,3,0,18,0,8,0,0,0,0,1,1,6,1,18,4,125,1,4,4,1
2014214001188,1,9,0,9,0,6,0,0,0,0,4,1,6,1,55,8,1986,2,9,3,1
2014214001188,2,3,0,14,0,8,0,0,0,0,1,1,6,2,30,6,124,1,6,2,1
2014214001189,1,9,0,18,0,1,0,0,0,0,1,1,6,2,28,6,1598,1,8,8,1
2014214001189,2,9,0,4,0,1,0,0,0,0,2,1,6,1,60,9,1275,1,21,-1,3
2014214001189,3,9,0,4,0,1,0,0,0,0,2,1,6,1,53,8,1951,2,12,-1,3
2014214001196,1,19,0,1,0,6,0,0,0,9,1,1,2,1,22,5,1248,2,7,4,1
2014214001196,2,9,0,3,0,2,0,0,0,0,2,1,2,2,34,6,1388,1,11,2,1
2014214001198,1,5,0,13,0,8,0,0,0,0,1,1,2,1,24,5,600,1,14,6,1
2014214001198,2,19,0,9,0,8,0,0,0,0,3,1,1,1,35,6,1998,2,13,3,1
2014214001199,1,9,0,9,0,6,0,0,0,0,3,1,6,3,-1,-1,1248,1,3,-1,-1
2014214001199,2,9,0,14,0,8,0,0,0,0,1,1,6,2,49,8,998,1,15,2,1
2014214001203,1,9,0,18,0,0,2,0,1,10,1,1,6,1,19,4,1199,1,15,5,1
2014214001205,1,9,0,17,0,1,0,0,0,0,1,1,6,1,31,6,2490,2,19,4,1