Accident_Index,Vehicle_Reference,Vehicle_Type,Towing_and_Articulation,Vehicle_Manoeuvre,Vehicle_Location-Restricted_Lane,Junction_Location,Skidding_and_Overturning,Hit_Object_in_Carriageway,Vehicle_Leaving_Carriageway,Hit_Object_off_Carriageway,1st_Point_of_Impact,Was_Vehicle_Left_Hand_Drive?,Journey_Purpose_of_Driver,Sex_of_Driver,Age_of_Driver,Age_Band_of_Driver,Engine_Capacity_(CC),Propulsion_Code,Age_of_Vehicle,Driver_IMD_Decile,Driver_Home_Area_Type
2014214001517,2,9,0,4,0,0,0,0,0,0,2,1,6,1,25,5,1388,1,11,-1,-1
2014214001520,1,9,0,18,0,8,0,0,0,0,1,1,6,1,77,11,1299,1,11,3,1
2014214001520,2,9,0,18,0,8,0,0,0,0,2,2,6,2,29,6,-1,-1,-1,10,1
2014214001523,1,9,0,12,0,8,0,0,1,2,1,1,6,1,22,5,1229,1,6,2,1
2014214001523,2,8,0,18,0,8,0,0,1,1,1,1,6,2,50,8,1560,2,2,4,1
2014214001523,3,9,0,3,0,1,0,0,1,1,3,1,6,2,20,4,1149,1,3,8,1
2014214001526,1,9,0,18,0,0,0,0,0,0,1,1,6,1,58,9,1997,2,10,3,2
2014214001526,2,9,0,2,0,0,0,0,0,0,1,1,6,2,-1,-1,1329,1,1,-1,-1
2014214001527,1,9,0,2,0,2,0,0,0,0,3,1,6,1,38,7,1998,2,8,1,1
2014214001527,2,1,0,14,0,2,0,0,0,0,4,1,2,1,38,7,-1,-1,-1,8,1
2014214001529,1,9,0,18,0,0,0,0,0,0,1,1,6,1,86,11,1798,1,13,4,1
2014214001529,2,9,0,18,0,0,0,0,0,0,1,1,6,1,65,9,2967,1,11,8,1
2014214001533,1,9,0,18,0,0,0,0,0,0,1,1,6,1,-1,-1,1599,1,13,1,1
2014214001533,2,9,0,3,0,0,0,0,0,0,2,1,6,2,32,6,1596,1,12,1,1
2014214001535,1,9,0,18,0,0,0,0,0,0,3,1,6,3,-1,-1,-1,-1,-1,-1,-1
2014214001535,2,9,0,18,0,0,0,0,0,0,4,1,6,1,27,6,1600,1,10,5,1
2014214001535,3,9,0,18,0,0,0,0,0,0,2,1,6,2,71,10,1598,1,6,6,1
2014214001535,4,9,0,18,0,0,0,0,0,0,2,1,6,1,47,8,1995,1,7,6,1
2014214001537,1,3,0,4,0,1,0,0,0,0,1,1,6,1,17,4,124,1,1,-1,-1
2014214001539,1,9,0,9,0,6,0,0,0,0,1,1,1,1,61,9,3950,1,13,5,1
2014214001539,2,9,0,13,0,8,0,0,0,0,4,1,6,1,60,9,999,1,9,9,1
2014214001539,3,19,0,7,0,1,0,0,0,0,0,1,1,1,23,5,2287,2,6,4,3
2014214001539,4,17,0,9,0,1,0,0,0,0,1,1,1,1,62,9,-1,-1,-1,6,3
2014214001544,1,19,0,17,0,8,0,0,0,0,3,1,1,1,44,7,4462,2,1,6,1
2014214001544,2,9,0,16,0,8,0,0,0,0,3,1,6,1,35,6,-1,-1,-1,7,1
2014214001545,1,21,1,16,0,8,0,0,0,0,1,1,1,1,64,9,12900,2,4,3,1
2014214001545,2,9,0,10,0,8,0,0,0,0,2,1,1,1,58,9,1560,2,5,5,1
2014214001547,1,19,0,1,0,1,0,0,0,0,2,1,1,1,49,8,1993,1,25,3,1
2014214001547,2,9,0,3,0,1,0,0,0,0,1,1,1,1,28,6,3200,2,8,1,1
2014214001548,1,1,0,16,0,0,1,0,0,0,1,1,6,1,59,9,-1,-1,-1,7,1
2014214001548,2,9,4,17,0,0,0,0,0,0,3,1,6,2,48,8,2495,2,12,9,1
2014214001548,3,9,4,17,0,0,0,0,0,0,3,1,6,2,48,8,2766,2,9,5,3
2014214001550,1,9,0,18,0,2,0,0,0,0,1,1,6,2,26,6,1389,1,15,3,1
2014214001555,1,9,0,9,0,6,0,0,0,0,3,1,1,2,20,4,1124,1,13,8,2
2014214001555,2,1,0,18,0,8,0,0,0,0,1,1,6,1,63,9,-1,-1,-1,10,3
2014214001558,1,9,0,7,0,6,0,0,0,0,1,1,1,1,24,5,1598,1,12,8,1
2014214001558,2,9,0,18,0,8,0,0,0,0,4,1,6,2,46,8,-1,-1,-1,1,1
2014214001560,1,1,0,17,0,0,1,10,1,2,1,1,6,1,51,8,-1,-1,-1,5,3
2014214001561,1,19,0,18,0,0,0,0,0,0,1,1,1,1,48,8,2143,2,3,1,1
2014214001561,2,9,0,4,0,0,0,0,0,0,2,1,6,2,45,7,1995,1,3,9,3
2014214001561,3,9,0,4,0,0,0,0,0,0,3,1,6,2,62,9,1368,1,9,5,1
2014214001562,1,9,0,18,0,8,0,0,0,0,4,1,6,2,40,7,1364,1,9,3,2
2014214001563,1,21,4,18,0,0,0,0,0,0,4,1,1,1,57,9,12580,2,8,9,1
2014214001566,1,9,0,9,0,5,0,0,0,0,1,1,6,1,52,8,2143,2,2,8,3
2014214001566,2,9,0,15,0,8,0,0,0,0,1,1,6,1,60,9,1998,1,15,2,1
2014214001567,1,19,0,18,0,0,0,0,0,0,0,1,1,1,40,7,1248,2,1,7,1
2014214001572,1,9,0,4,0,0,1,0,7,2,1,1,6,2,21,5,-1,-1,-1,8,1
2014214001581,1,9,0,18,0,6,0,0,0,0,1,1,1,2,20,4,1390,1,4,8,1
2014214001581,2,9,0,18,0,8,0,0,0,0,3,1,2,1,65,9,-1,-1,-1,3,1
2014214001583,1,9,0,13,0,0,2,0,1,10,1,1,6,2,35,6,1984,1,3,8,3
2014214001583,2,9,0,18,0,0,0,0,1,10,1,1,6,1,38,7,2435,1,13,5,3
2014214001583,3,17,5,18,0,0,0,0,0,0,3,1,1,1,39,7,-1,-1,-1,7,1
2014214001584,1,9,0,18,0,6,0,0,0,0,1,1,6,1,68,10,2143,2,4,8,3
2014214001584,2,9,0,18,0,8,0,0,0,0,1,1,6,2,36,7,1685,2,3,2,1
2014214001586,1,9,0,9,0,5,0,0,0,0,1,1,6,1,33,6,1796,1,11,3,1
2014214001586,2,9,0,18,0,8,0,0,0,0,1,1,3,2,43,7,1995,1,10,6,3
2014214001588,1,9,0,18,0,8,0,0,0,0,1,1,2,1,44,7,998,1,6,4,1
2014214001588,2,9,0,3,0,8,0,0,0,0,2,1,1,2,33,6,1598,1,10,8,3
2014214001588,3,9,0,5,0,8,0,0,0,0,2,1,1,2,45,7,1596,1,9,-1,-1
2014214001588,4,9,0,3,0,8,0,0,0,0,2,1,6,1,60,9,1242,1,3,4,1
2014214001593,1,9,0,4,0,0,2,6,0,0,1,1,1,2,29,6,1242,1,9,5,3
2014214001596,1,9,0,18,0,1,0,0,0,0,1,1,6,1,28,6,1997,2,9,2,1
2014214001596,2,9,0,4,0,1,0,0,0,0,2,1,6,1,43,7,1598,2,3,1,1
2014214001596,3,9,0,10,0,8,0,0,0,0,2,1,6,1,42,7,1598,1,7,6,1
2014214001598,1,9,0,7,0,2,0,0,0,0,0,1,2,1,39,7,1685,2,2,1,1
2014214001599,1,9,0,7,0,5,0,0,0,0,1,1,6,1,55,8,1796,1,8,-1,-1
2014214001600,1,9,0,18,0,1,0,0,0,0,1,1,6,1,30,6,1840,1,14,-1,-1
2014214001600,2,9,0,3,0,1,0,0,0,0,2,1,1,2,24,5,1461,2,2,10,1
2014214001601,1,9,0,4,0,0,0,0,0,0,0,1,6,3,-1,-1,-1,-1,-1,-1,-1
2014214001601,2,9,0,4,0,0,0,0,0,0,2,1,3,2,39,7,998,1,2,10,1
2014214001601,3,9,0,4,0,0,0,0,0,0,2,1,2,2,30,6,1242,1,8,9,1
2014214001601,4,9,0,5,0,0,0,0,0,0,1,1,1,1,20,4,1596,1,25,1,1
2014214001601,5,9,0,4,0,0,0,0,0,0,2,1,1,2,26,6,1422,2,9,7,1
2014214001601,6,9,0,4,0,0,0,0,0,0,1,1,6,3,-1,-1,-1,-1,-1,-1,-1
2014214001601,7,9,0,4,0,0,5,10,1,0,4,1,6,1,46,8,-1,-1,-1,5,1
2014214001606,1,9,0,14,0,0,0,0,0,0,4,1,3,1,51,8,1598,1,12,2,1
2014214001608,1,9,0,18,0,6,0,0,0,0,1,1,6,1,73,10,1794,1,9,9,1
2014214001608,2,3,0,14,0,8,0,0,0,0,1,1,6,1,19,4,124,1,2,3,1
2014214001613,1,9,0,9,0,6,0,0,0,0,3,1,6,1,22,5,1596,1,12,4,1
2014214001613,2,2,0,18,0,8,0,0,0,0,1,1,4,1,16,4,-1,-1,-1,3,2
2014214001615,1,9,0,18,0,0,0,0,0,0,1,1,6,2,41,7,1560,2,6,8,3
2014214001615,2,9,0,18,0,0,0,0,0,0,1,1,6,1,58,9,1968,2,3,6,3
2014214001616,1,1,0,18,0,6,0,0,0,0,1,1,4,1,15,3,-1,-1,-1,8,1
2014214001616,2,9,0,18,0,1,0,0,0,0,1,1,6,3,-1,-1,-1,-1,-1,-1,-1
2014214001617,1,9,0,18,0,0,0,0,0,0,1,1,6,2,44,7,1598,1,13,-1,1
2014214001617,2,9,0,18,0,0,0,0,0,0,2,1,6,1,44,7,948,1,-1,8,1
2014214001619,1,9,0,18,0,8,1,0,0,0,1,1,1,2,55,8,2993,2,1,-1,-1
2014214001619,2,21,1,9,0,6,0,0,0,0,4,1,1,1,37,7,11946,2,1,2,1
2014214001621,1,9,0,18,0,0,0,0,0,0,1,1,6,1,20,4,2720,2,6,4,1
2014214001621,2,9,0,18,0,0,0,0,0,0,2,1,6,2,47,8,2830,2,20,6,1
2014214001622,1,19,0,18,0,0,0,0,0,0,1,1,6,3,-1,-1,2198,2,7,-1,-1
2014214001623,1,9,0,18,0,0,0,0,0,0,1,1,2,1,25,5,-1,-1,-1,3,1
2014214001623,2,9,0,4,0,0,0,0,0,0,2,1,2,1,30,6,1997,2,12,1,1
2014214001624,1,9,0,9,0,6,0,0,0,0,3,1,6,1,34,6,1686,2,9,8,1
2014214001624,2,90,0,18,0,8,1,0,0,0,1,1,6,1,21,5,686,1,7,10,2
2014214001626,1,9,0,9,0,6,0,0,0,0,3,1,3,2,40,7,1910,2,10,3,1
2014214001626,2,11,0,18,0,8,0,0,0,0,1,1,1,2,47,8,9000,2,9,2,1
2014214001627,1,8,0,9,0,2,0,0,0,0,1,1,1,1,35,6,1794,1,5,2,1
2014214001628,1,9,0,9,0,6,0,0,0,0,1,1,6,1,34,6,1199,1,12,5,1
2014214001628,2,9,0,18,0,8,0,0,0,0,3,1,6,1,18,4,1399,1,10,4,1
2014214001629,1,9,0,18,0,4,0,0,0,0,1,1,6,2,78,11,1198,1,2,10,2
2014214001629,2,9,0,9,0,8,0,0,0,0,4,1,1,2,53,8,1360,1,2,3,1
2014214001629,3,9,0,2,0,2,0,0,0,0,2,1,6,3,-1,-1,1200,1,11,-1,-1
2014214001630,1,9,0,5,8,0,0,0,0,0,3,1,6,2,72,10,973,1,13,-1,-1
2014214001630,2,9,0,18,0,0,0,0,0,0,1,1,6,2,22,5,1598,1,12,3,1
2014214001633,1,9,0,9,0,6,0,0,0,0,1,1,2,1,39,7,1598,1,3,3,1
2014214001633,2,5,0,18,0,8,0,0,0,0,4,1,2,1,64,9,553,1,23,3,1
2014214001641,1,9,0,13,0,0,0,0,0,0,0,1,6,1,37,7,1968,2,1,5,1
2014214001641,2,90,0,17,0,0,2,0,0,0,0,1,6,1,14,3,-1,-1,-1,-1,-1
2014214001646,1,9,0,16,0,2,1,0,7,11,1,1,6,1,21,5,-1,-1,-1,3,1
2014214001648,1,4,0,17,0,0,1,0,0,0,3,1,6,1,46,8,249,1,16,1,1
2014214001650,1,9,0,9,0,5,0,0,0,0,1,1,6,1,-1,-1,-1,-1,-1,-1,-1
2014214001650,2,4,0,18,0,8,0,0,0,0,3,1,1,1,18,4,124,1,5,8,3
2014214001654,1,9,0,18,0,0,0,0,0,0,1,1,6,1,45,7,1870,2,11,4,1
2014214001654,2,9,0,6,0,0,0,0,0,0,2,1,6,2,33,6,1560,2,3,5,1
2014214001658,1,9,0,16,9,0,0,0,0,0,1,1,6,3,-1,-1,-1,-1,-1,-1,-1
2014214001659,1,9,0,9,0,2,0,0,0,0,1,1,6,2,46,8,1995,2,4,10,1
2014214001662,1,9,0,16,0,0,2,0,8,11,1,1,6,1,24,5,1600,1,23,3,1
2014214001663,1,9,0,16,0,1,0,0,0,0,4,1,2,2,43,7,1399,2,3,-1,-1
2014214001667,1,9,0,9,0,5,0,0,0,0,1,1,6,2,40,7,1994,1,12,7,1
2014214001667,2,9,0,18,0,8,0,0,1,1,1,1,2,1,20,4,1390,1,5,8,1
2014214001671,1,8,0,18,0,4,0,0,0,0,1,1,1,1,23,5,1998,2,6,2,1
2014214001671,2,9,0,18,0,8,0,0,0,0,4,1,6,1,77,11,1298,1,6,7,1
2014214001672,1,9,0,18,0,4,0,0,0,0,1,1,6,2,57,9,1396,1,3,10,1
2014214001672,2,9,0,18,0,8,0,0,0,0,4,1,6,2,25,5,1299,1,13,9,1
2014214001673,1,21,2,17,0,0,0,0,0,0,3,2,1,1,58,9,-1,-1,-1,-1,-1
2014214001673,2,9,0,3,0,0,0,0,1,10,4,1,2,1,54,8,2497,1,8,9,1
2014214001676,1,19,0,5,0,1,0,0,0,0,1,1,1,1,50,8,2143,2,4,8,1
2014214001676,2,5,0,3,0,1,0,0,0,0,2,1,6,1,72,10,645,1,2,10,1
2014214001677,1,9,0,16,0,8,0,0,0,0,4,1,1,1,55,8,1197,1,3,2,1
2014214001683,1,9,0,9,0,6,0,0,0,0,3,1,6,2,63,9,1598,1,3,2,1
2014214001683,2,9,0,18,0,8,0,0,0,0,1,1,6,2,67,10,1398,1,2,4,1
2014214001684,1,9,0,18,0,8,0,0,0,0,1,1,6,2,68,10,1598,2,1,1,1
2014214001684,2,9,0,9,0,8,0,0,0,0,2,1,6,1,34,6,1796,1,14,1,1
2014214001686,1,1,0,18,0,1,0,0,0,0,2,1,4,1,13,3,-1,-1,-1,1,1
2014214001686,2,9,0,18,0,1,0,0,0,0,1,1,6,2,42,7,1598,1,9,3,1
2014214001688,1,5,0,4,0,0,1,0,0,0,1,1,6,1,52,8,1137,1,17,7,3
2014214001688,2,9,0,13,0,0,0,0,0,0,2,1,6,1,33,6,1461,2,3,3,1
2014214001688,3,17,0,18,0,0,0,0,0,0,0,1,1,3,-1,-1,-1,-1,-1,-1,-1
2014214001691,1,9,0,17,0,0,1,0,1,10,1,1,6,2,23,5,1248,2,2,3,1
2014214001693,1,8,0,9,0,6,0,0,0,0,1,1,1,1,31,6,1910,2,6,-1,-1
2014214001693,2,9,0,18,0,8,0,0,0,0,4,1,6,2,64,9,1360,1,4,-1,-1
2014214001695,1,9,0,18,0,8,0,0,0,0,1,1,2,2,39,7,1968,2,2,8,2
2014214001695,2,9,0,18,0,8,0,0,0,0,3,1,2,2,43,7,973,1,14,5,1
2014214001697,1,21,1,12,0,7,0,0,0,0,3,1,1,3,-1,-1,-1,-1,-1,-1,-1
2014214001697,2,9,0,18,0,8,0,0,1,7,4,1,2,1,34,6,-1,-1,-1,4,1
2014214001698,1,9,0,14,0,0,0,0,0,0,0,1,6,1,47,8,1248,2,10,4,1
2014214001700,1,9,0,17,0,8,0,0,0,0,1,1,6,1,47,8,1686,2,-1,7,3
2014214001701,1,19,0,18,0,0,0,0,0,0,1,1,2,1,26,6,1870,2,10,5,1
2014214001701,2,9,0,3,0,0,0,0,0,0,2,1,6,1,43,7,1396,2,4,7,1
2014214001703,1,9,0,18,0,1,0,0,0,0,1,1,6,1,40,7,1749,1,13,1,1
2014214001703,2,9,0,4,0,7,0,0,0,0,2,1,6,1,64,9,1796,2,1,9,3
2014214001704,1,9,0,18,0,1,0,0,0,0,1,1,1,1,31,6,-1,-1,-1,9,1
2014214001704,2,9,0,4,0,1,0,0,0,0,2,1,1,1,53,8,1997,1,3,6,3
2014214001704,3,9,0,4,0,1,0,0,0,0,4,1,1,2,43,7,1399,2,6,6,3
2014214001704,4,9,0,7,0,5,0,0,0,0,0,1,6,3,-1,-1,-1,-1,-1,-1,-1
2014214001705,1,21,1,18,0,1,0,0,0,0,1,1,1,1,45,7,12740,2,1,3,1
2014214001705,2,9,0,11,0,1,0,0,0,0,2,1,6,2,24,5,998,1,9,3,1
2014214001706,1,9,0,18,0,8,0,0,0,0,3,1,6,1,66,10,1581,1,14,7,1
2014214001706,2,9,0,9,0,5,0,0,0,0,4,1,6,1,21,5,1598,1,12,9,1
2014214001707,1,21,1,18,0,1,0,0,1,0,1,1,1,1,49,8,12740,2,1,6,1
2014214001707,2,8,0,4,0,8,0,0,0,0,2,1,1,1,24,5,1995,2,8,2,1
2014214001707,3,11,0,3,0,1,0,0,0,0,3,1,1,1,45,7,-1,2,17,5,1
2014214001709,1,9,0,18,0,1,0,0,0,0,0,1,6,2,20,4,1198,1,2,1,1
2014214001710,1,9,0,17,0,6,0,0,0,0,4,1,1,2,21,5,-1,-1,-1,6,3
2014214001710,2,9,0,18,0,8,0,0,0,0,1,1,6,1,26,6,1995,2,5,3,1
2014214001711,1,9,0,18,0,6,0,0,0,0,1,1,6,3,-1,-1,1998,2,10,-1,-1
2014214001711,2,9,0,2,0,8,0,0,0,0,3,1,1,1,33,6,1560,2,5,-1,-1
2014214001712,1,9,0,18,0,8,0,0,0,0,1,1,6,2,26,6,-1,-1,-1,-1,-1
2014214001712,2,9,0,3,0,8,0,0,0,0,2,1,2,2,44,7,1149,1,9,6,1
2014214001714,1,8,0,18,0,1,0,0,0,0,1,1,1,1,50,8,-1,-1,-1,5,1
2014214001714,2,9,0,3,0,1,0,0,0,0,2,1,6,2,40,7,1124,1,4,6,1
2014214001714,3,9,0,3,0,1,0,0,0,0,2,1,6,1,39,7,-1,-1,-1,6,2
2014214001720,1,1,0,9,0,5,0,0,0,0,2,1,6,2,24,5,-1,-1,-1,3,1
2014214001720,2,9,0,13,0,8,0,0,0,0,1,1,2,2,67,10,1589,1,15,3,1
2014214001721,1,9,0,18,0,6,0,0,0,0,1,1,6,2,26,6,1910,2,9,9,1
2014214001721,2,9,0,18,0,8,0,10,1,0,3,1,6,2,48,8,1968,2,8,5,3
2014214001722,1,9,0,16,0,2,1,0,0,0,1,1,2,1,29,6,1799,1,8,1,1
2014214001722,2,9,0,17,0,1,0,0,0,0,1,1,6,1,42,7,1956,2,1,1,1
2014214001722,3,9,0,17,0,1,0,0,0,0,1,1,6,1,22,5,1229,1,8,3,1
2014214001723,1,9,0,9,0,6,0,0,0,0,1,1,6,2,22,5,1388,1,10,9,1
2014214001723,2,9,0,9,0,5,0,0,0,0,1,1,6,2,22,5,1299,1,10,9,1
2014214001725,1,11,0,18,0,8,1,0,0,0,1,1,1,1,51,8,-1,2,14,4,1
2014214001725,2,9,0,18,0,8,0,0,0,0,2,1,1,1,49,8,1968,2,6,10,1
2014214001725,3,21,1,18,0,4,0,0,0,0,0,1,6,3,-1,-1,-1,-1,-1,-1,-1
2014214001727,1,9,0,9,0,5,0,0,0,0,4,1,6,2,35,6,1794,1,9,8,2
2014214001727,2,1,0,17,0,8,0,0,0,0,1,1,6,1,60,9,-1,-1,-1,9,1
2014214001729,1,9,0,16,0,0,2,0,1,11,1,1,6,2,24,5,1360,1,9,4,1
2014214001730,1,9,0,7,0,6,0,0,0,0,4,1,6,1,65,9,-1,-1,-1,7,1
2014214001730,2,1,0,18,0,8,0,0,0,0,1,1,6,2,59,9,-1,-1,-1,9,1
2014214001731,1,9,0,17,0,0,1,0,1,3,1,1,2,2,19,4,1198,1,9,8,1
2014214001733,1,3,0,18,0,0,0,0,0,0,0,1,6,1,19,4,125,1,4,1,1
2014214001734,1,9,0,9,0,6,0,0,0,0,4,1,6,1,50,8,2495,2,11,-1,-1
2014214001734,2,1,0,18,0,8,0,0,0,0,1,1,6,1,23,5,-1,-1,-1,10,1
2014214001735,1,9,0,9,0,8,0,0,0,0,1,1,2,1,18,4,1896,2,11,8,3
2014214001735,2,9,0,18,0,8,1,0,0,0,1,1,6,1,29,6,1796,1,9,8,1
2014214001737,1,9,0,18,0,2,0,0,0,0,1,1,6,2,52,8,1396,1,11,8,1
2014214001737,2,9,0,3,0,2,0,0,0,0,2,1,6,2,65,9,998,1,19,-1,-1
2014214001737,3,9,0,3,0,2,0,0,0,0,2,1,6,2,51,8,1997,2,4,6,3
2014214001738,1,5,0,16,0,0,1,0,7,0,4,1,6,1,51,8,929,1,12,8,1
2014214001738,2,9,0,17,0,0,0,0,1,0,1,1,6,2,50,8,1587,1,9,7,3
2014214001740,1,9,0,18,0,8,0,0,0,0,1,1,1,1,43,7,1686,2,4,-1,-1
2014214001740,2,9,0,18,0,8,0,0,0,0,4,1,6,2,60,9,1390,1,10,3,1
2014214001744,1,9,0,9,0,6,0,0,0,0,3,1,6,2,19,4,998,1,8,6,1
2014214001744,2,9,0,18,0,8,0,0,0,0,1,1,2,2,28,6,1149,1,4,7,1
2014214001745,1,9,0,9,0,4,0,0,0,0,1,1,2,1,39,7,1595,1,9,8,2
2014214001745,2,1,0,17,0,8,0,0,0,0,1,1,6,1,60,9,-1,-1,-1,5,1
2014214001746,1,9,0,18,0,0,1,0,1,4,1,1,6,2,27,6,1989,1,16,1,1
2014214001747,1,20,1,9,0,6,0,0,0,0,3,1,1,1,43,7,10837,2,4,10,1
2014214001747,2,3,0,16,0,8,1,0,0,0,1,1,1,1,25,5,125,1,5,5,1
2014214001749,1,9,0,9,0,5,0,0,0,0,1,1,6,1,18,4,1229,1,1,8,1
2014214001749,2,9,0,18,0,8,0,0,0,0,1,1,6,1,56,9,1229,1,7,3,2
2014214001756,1,9,0,16,0,0,0,0,7,2,1,1,6,1,17,4,1242,1,15,7,1
2014214001763,1,20,0,18,0,6,0,0,0,0,1,1,1,1,36,7,4250,2,8,1,1
2014214001763,2,9,0,18,0,8,0,0,0,0,3,1,6,2,18,4,1124,1,12,6,3
2014214001763,3,19,0,3,0,1,0,0,0,0,3,1,1,1,47,8,1598,2,1,9,1
2014214001764,1,9,0,7,0,6,0,0,0,0,3,1,6,2,58,9,1560,2,4,9,1
2014214001764,2,9,0,18,0,8,0,0,0,0,1,1,1,1,42,7,1686,2,1,6,1
2014214001765,1,9,0,18,0,1,0,0,0,0,1,1,6,1,82,11,1242,1,12,6,1
2014214001765,2,9,0,10,0,1,0,0,0,0,2,1,6,1,18,4,1149,1,10,4,2
2014214001765,3,19,0,3,0,1,0,0,0,0,2,1,1,3,-1,-1,-1,-1,-1,-1,-1
2014214001767,1,9,0,9,0,5,0,0,0,0,4,1,3,2,48,8,1248,2,6,2,1
2014214001767,2,9,0,18,0,8,1,0,0,0,1,1,1,2,25,5,998,1,14,9,2
2014214001767,3,9,0,10,0,1,0,0,0,0,4,1,1,1,51,8,-1,-1,-1,9,3
2014214001773,1,19,0,9,0,6,0,0,0,0,1,1,6,1,54,8,1560,2,1,2,1
2014214001773,2,1,0,9,0,5,0,0,0,0,1,1,6,1,45,7,-1,-1,-1,10,1
2014214001774,1,19,0,1,0,8,0,0,0,0,2,1,1,1,28,6,1995,2,1,6,1
2014214001776,1,9,0,9,0,5,0,0,0,0,1,1,2,1,49,8,1896,2,14,8,2
2014214001777,1,9,0,18,0,1,0,0,0,0,1,1,1,1,44,7,1796,1,14,2,1
2014214001777,2,9,0,3,0,1,0,0,0,0,2,1,6,1,27,6,1956,2,4,6,3
2014214001777,3,9,0,3,0,1,0,0,0,0,2,1,6,2,31,6,1984,1,13,7,1
2014214001777,4,9,0,3,0,1,0,0,0,0,2,1,6,2,31,6,998,1,2,8,1
2014214001782,1,9,0,11,0,8,0,0,0,0,0,1,1,1,52,8,2148,2,7,4,1
2014214001782,2,21,1,18,0,8,0,0,0,0,1,1,1,1,38,7,11705,2,7,2,1
2014214001782,3,9,0,4,0,8,0,0,0,0,2,1,1,1,57,9,1598,2,1,7,1
2014214001784,1,9,0,18,0,0,0,0,0,0,1,1,6,1,33,6,1679,1,12,10,1
2014214001784,2,9,0,3,0,0,0,0,0,0,2,1,6,2,37,7,1242,1,1,7,3
2014214001784,3,9,0,12,7,0,0,0,0,0,2,1,6,1,29,6,1796,1,15,2,1
2014214001785,1,19,0,12,0,0,0,0,0,0,2,1,1,1,50,8,4250,2,13,4,2
2014214001785,2,9,0,18,0,0,0,0,4,7,3,1,1,2,45,7,1229,1,4,10,1
2014214001787,1,9,0,18,0,0,0,0,0,0,1,1,6,1,48,8,2685,2,11,7,1
2014214001787,2,9,0,6,0,0,0,0,0,0,3,1,6,1,35,6,1598,1,10,4,1
2014214001790,1,9,0,18,0,8,0,0,0,0,1,1,6,1,35,6,1968,2,6,8,2
2014214001790,2,9,0,5,0,4,0,0,0,0,3,1,6,2,25,5,1560,2,5,8,1
2014214001799,1,9,0,18,0,1,0,0,0,0,1,1,6,1,24,5,1998,2,10,2,1
2014214001799,2,9,0,3,0,1,0,0,0,0,2,1,6,2,45,7,1124,1,13,4,1
2014214001800,1,9,0,18,0,8,0,0,0,0,1,1,2,1,60,9,1984,1,9,5,1
2014214001800,2,9,0,18,0,8,0,0,0,0,1,1,2,1,30,6,1598,1,1,3,1
2014214001802,1,19,0,5,0,1,0,0,0,0,1,1,6,1,62,9,1870,2,9,3,1
2014214001802,2,9,0,4,0,1,0,0,0,0,2,1,6,1,29,6,1998,1,12,-1,-1
2014214001803,1,9,0,5,0,6,0,0,0,0,3,1,6,1,20,4,1596,1,9,7,1
2014214001803,2,9,0,18,0,8,0,0,0,0,1,1,2,2,45,7,1124,1,17,7,1
2014214001809,1,9,0,9,0,8,0,0,0,0,4,1,2,2,25,5,1397,1,11,5,1
2014214001809,2,19,0,18,0,8,0,0,0,0,1,1,6,2,39,7,1997,2,11,4,1
2014214001810,1,9,0,12,0,7,0,0,0,0,3,1,6,1,73,10,1598,1,4,3,1
2014214001810,2,21,1,18,0,8,0,0,0,0,4,1,1,1,43,7,11967,2,4,8,3
2014214001811,1,9,0,18,0,0,0,0,0,0,1,1,1,1,31,6,1968,2,6,7,3
2014214001811,2,1,0,18,0,0,0,0,0,0,2,1,6,1,40,7,-1,-1,-1,7,1
2014214001812,1,9,0,14,0,0,0,0,0,0,4,1,3,2,43,7,2179,2,7,7,3
2014214001812,2,9,0,2,0,0,0,0,0,0,0,1,6,3,-1,-1,1998,2,10,-1,-1
2014214001813,1,9,0,18,0,0,0,0,0,0,1,1,6,3,-1,-1,-1,-1,-1,-1,-1
2014214001817,1,2,0,18,0,1,1,0,0,0,1,1,6,1,19,4,49,1,2,3,1
2014214001817,2,9,0,10,0,1,0,0,0,0,2,1,6,1,50,8,1598,1,8,10,2
2014214001818,1,21,0,17,0,0,2,0,5,6,1,1,1,1,43,7,8970,2,12,3,1
2014214001819,1,9,0,12,0,1,0,0,0,0,3,1,3,2,31,6,1997,2,10,3,1
2014214001819,2,9,0,18,0,1,0,0,0,0,4,1,3,2,48,8,-1,-1,-1,2,1
2014214001822,1,19,0,18,0,1,0,0,0,0,1,1,1,1,-1,-1,1598,2,1,-1,-1
2014214001822,2,9,0,3,0,1,0,0,0,0,2,1,6,1,84,11,1339,1,-1,7,2
2014214001823,1,9,0,18,0,1,0,0,0,0,1,1,1,1,44,7,-1,-1,-1,7,2
2014214001823,2,8,0,4,0,1,0,0,0,0,2,1,1,1,54,8,-1,-1,-1,1,1
2014214001823,3,9,0,3,0,8,0,0,0,0,2,1,6,1,36,7,1995,2,7,5,1
2014214001824,1,9,0,18,0,0,0,0,0,0,1,1,1,1,67,10,1396,1,2,4,1