Accident_Index,Vehicle_Reference,Vehicle_Type,Towing_and_Articulation,Vehicle_Manoeuvre,Vehicle_Location-Restricted_Lane,Junction_Location,Skidding_and_Overturning,Hit_Object_in_Carriageway,Vehicle_Leaving_Carriageway,Hit_Object_off_Carriageway,1st_Point_of_Impact,Was_Vehicle_Left_Hand_Drive?,Journey_Purpose_of_Driver,Sex_of_Driver,Age_of_Driver,Age_Band_of_Driver,Engine_Capacity_(CC),Propulsion_Code,Age_of_Vehicle,Driver_IMD_Decile,Driver_Home_Area_Type
2014214001828,1,11,0,4,0,2,0,0,0,0,1,1,1,1,45,7,11000,2,16,2,1
2014214001828,2,9,0,3,0,2,0,0,0,0,2,1,3,2,38,7,2902,2,9,2,1
2014214001829,1,9,0,7,9,6,0,0,0,0,4,1,2,2,29,6,2967,2,6,7,1
2014214001829,2,22,0,18,9,1,0,0,0,0,1,1,6,1,44,7,-1,-1,-1,3,1
2014214001830,1,9,0,18,0,0,1,0,0,0,3,1,2,1,39,7,2698,2,6,8,3
2014214001830,2,9,0,18,0,0,1,0,0,0,3,1,6,1,25,5,1598,1,5,6,3
2014214001833,1,9,0,9,0,5,0,0,0,0,4,1,6,2,44,7,1968,2,2,8,1
2014214001833,2,1,0,18,0,8,0,0,0,0,0,1,6,1,47,8,-1,-1,-1,8,1
2014214001834,1,9,0,9,0,8,0,0,0,0,1,1,2,2,56,9,1242,1,5,7,1
2014214001834,2,9,0,18,0,8,0,0,0,0,1,1,6,1,47,8,1242,1,13,1,1
2014214001837,1,9,0,18,0,1,0,0,0,0,1,1,6,1,23,5,875,1,2,3,1
2014214001837,2,9,0,10,0,1,0,0,0,0,2,1,6,2,41,7,1968,2,8,9,3
2014214001839,1,3,0,18,0,3,1,0,7,1,1,1,6,1,23,5,-1,-1,-1,5,1
2014214001840,1,9,0,17,0,0,2,0,6,6,1,1,6,1,36,7,1910,2,9,2,1
2014214001840,2,9,0,17,0,0,2,0,6,6,2,1,6,1,25,5,1995,1,6,-1,-1
2014214001842,1,8,0,1,0,5,0,0,0,0,1,1,1,1,44,7,1910,2,9,1,1
2014214001845,1,9,0,9,0,6,0,0,0,0,1,1,6,1,25,5,1968,2,6,2,1
2014214001845,2,9,0,18,0,8,0,0,0,0,1,1,6,2,37,7,1242,1,3,4,1
2014214001846,1,19,0,14,0,0,0,0,0,0,0,1,1,1,53,8,2198,2,1,4,1
2014214001847,1,19,0,18,0,6,0,0,0,0,1,1,1,1,26,6,-1,-1,-1,1,1
2014214001847,2,9,0,7,0,8,0,0,0,0,2,1,6,1,43,7,1968,2,6,5,1
2014214001848,1,9,0,18,0,0,0,0,0,0,1,1,6,1,37,7,1997,2,6,7,1
2014214001848,2,9,0,4,0,0,0,0,0,0,2,1,6,1,46,8,-1,-1,-1,7,1
2014214001848,3,9,0,6,0,0,0,0,0,0,2,1,6,2,31,6,2198,2,9,4,1
2014214001849,1,9,0,7,0,1,5,0,1,10,1,1,1,1,30,6,1299,1,13,7,1
2014214001851,1,9,0,18,0,4,0,0,0,0,1,1,1,1,54,8,1560,2,6,2,1
2014214001851,2,9,0,4,0,4,0,0,0,0,2,1,6,2,48,8,2198,1,11,4,1
2014214001859,1,10,0,9,0,6,0,0,0,0,0,1,1,2,59,9,2463,2,11,8,2
2014214001859,2,5,0,16,0,1,1,0,0,0,1,1,1,1,23,5,1157,1,12,8,2
2014214001860,1,9,0,18,0,0,1,10,1,11,1,1,6,2,20,4,1587,1,11,8,3
2014214001863,1,9,0,9,0,6,0,0,0,0,1,1,6,1,74,10,1390,1,8,7,3
2014214001863,2,3,0,13,0,8,0,0,0,0,1,1,1,1,21,5,125,1,6,1,1
2014214001866,1,9,0,18,0,6,0,0,0,0,1,1,6,1,91,11,1595,1,5,5,3
2014214001866,2,9,0,17,0,8,0,0,0,0,1,1,1,2,19,4,1910,2,6,5,3
2014214001868,1,9,0,9,0,5,0,0,0,0,4,1,6,1,-1,-1,2148,2,9,1,1
2014214001868,2,1,0,18,0,8,0,0,0,0,1,1,2,1,55,8,-1,-1,-1,4,1
2014214001875,1,9,0,1,0,1,2,0,7,11,2,1,6,1,90,11,1397,1,2,5,1
2014214001876,1,9,0,13,0,0,0,0,0,0,0,1,6,1,47,8,2143,12,1,9,1
2014214001876,2,1,0,18,0,0,0,11,0,0,1,1,6,2,35,6,-1,-1,-1,7,1
2014214001876,3,1,0,18,0,0,0,11,0,0,1,1,6,2,35,6,-1,-1,-1,5,1
2014214001877,1,9,0,18,0,0,0,0,0,0,1,1,6,1,64,9,2494,1,12,9,1
2014214001877,2,9,0,18,0,0,0,0,0,0,3,1,6,1,28,6,1988,1,9,5,1
2014214001887,1,9,0,16,3,2,0,0,0,0,4,1,4,1,18,4,998,1,3,10,1
2014214001888,1,9,0,9,0,0,0,10,7,3,4,1,2,1,60,9,2151,2,14,2,1
2014214001888,2,9,0,18,0,0,0,0,0,0,1,1,1,1,60,9,1995,2,-1,9,2
2014214001889,1,9,0,16,0,0,1,0,1,4,3,1,2,1,43,7,1896,2,15,7,1
2014214001890,1,9,0,18,0,0,0,0,0,0,1,1,6,1,24,5,1995,2,7,3,1
2014214001890,2,9,0,4,0,0,0,0,0,0,2,1,6,1,17,4,1198,1,10,4,1
2014214001890,3,9,0,2,0,0,0,0,0,0,0,1,6,1,30,6,2204,2,7,-1,-1
2014214001891,1,9,0,17,0,8,2,10,0,0,1,1,6,1,26,6,1598,1,2,9,1
2014214001893,1,9,0,18,0,8,0,0,0,0,1,1,6,1,25,5,1995,2,7,4,1
2014214001893,2,9,0,9,0,5,0,0,0,0,4,1,6,1,51,8,1598,1,8,-1,1
2014214001896,1,19,0,1,0,0,0,0,0,0,0,1,6,1,49,8,2400,2,8,1,1
2014214001897,1,9,0,9,0,6,0,0,0,0,3,1,6,1,66,10,1560,2,2,7,1
2014214001897,2,1,0,17,0,8,0,0,0,0,4,1,6,1,53,8,-1,-1,-1,1,1
2014214001900,1,4,0,18,0,8,0,0,0,0,1,1,6,1,22,5,124,1,-1,3,1
2014214001900,2,9,0,5,0,6,0,0,0,0,3,1,6,2,57,9,-1,-1,-1,7,1
2014214001901,1,9,0,9,0,8,0,0,1,7,1,1,6,2,53,8,1598,1,2,2,1
2014214001902,1,19,0,18,0,8,0,0,0,0,1,1,6,1,22,5,2298,2,2,6,1
2014214001902,2,9,0,9,0,8,0,0,0,0,2,1,6,2,49,8,1598,2,2,2,1
2014214001907,1,9,0,18,0,2,2,0,0,0,1,1,6,1,67,10,1398,1,2,7,1
2014214001907,2,9,0,12,0,1,0,0,0,0,1,1,6,2,62,9,1390,1,2,6,1
2014214001908,1,9,0,17,0,0,1,10,7,0,1,1,6,2,23,5,998,1,5,6,1
2014214001909,1,9,0,9,0,6,0,0,0,0,1,1,6,2,51,8,1997,1,11,7,1
2014214001909,2,9,0,8,0,1,0,0,0,0,3,1,6,2,35,6,1896,2,11,7,2
2014214001909,3,19,0,18,0,8,1,0,0,0,1,1,1,1,35,6,-1,-1,-1,-1,-1
2014214001915,1,11,0,4,0,0,0,0,0,0,1,1,1,1,45,7,6370,2,13,3,1
2014214001916,1,9,0,18,0,4,0,0,0,0,1,1,6,2,26,6,1390,1,9,10,2
2014214001916,2,3,0,18,0,8,0,0,0,0,1,1,6,1,71,10,85,1,13,7,1
2014214001918,1,9,0,18,0,1,0,0,0,0,4,1,6,1,57,9,996,1,1,5,1
2014214001920,1,1,0,18,0,6,0,0,0,0,4,1,6,1,43,7,-1,-1,-1,5,1
2014214001920,2,9,0,4,0,1,0,0,0,0,1,1,6,2,46,8,1975,1,5,9,1
2014214001927,1,9,0,17,0,0,1,0,7,0,4,1,6,2,20,4,973,1,14,6,1
2014214001928,1,9,0,12,0,1,0,0,0,0,1,1,1,1,23,5,1753,2,14,4,3
2014214001928,2,9,0,3,0,1,0,0,0,0,2,1,1,2,45,7,1360,1,10,8,1
2014214001930,1,9,0,13,0,0,0,0,0,0,3,1,2,1,46,8,1299,1,8,10,1
2014214001930,2,9,0,13,0,0,0,0,0,0,4,1,2,1,33,6,1781,1,14,7,3
2014214001930,3,21,0,18,0,0,0,0,0,0,0,1,1,1,71,10,-1,-1,-1,7,2
2014214001931,1,1,0,18,0,0,0,0,0,0,1,1,6,1,11,3,-1,-1,-1,3,1
2014214001931,2,9,0,18,0,0,0,0,0,0,3,1,1,2,25,5,-1,-1,-1,3,1
2014214001932,1,19,0,18,0,1,0,0,0,0,1,1,1,1,31,6,2500,2,17,-1,1
2014214001932,2,9,0,4,0,1,0,0,0,0,2,1,1,1,43,7,1199,2,3,-1,-1
2014214001933,1,1,0,18,0,8,0,0,0,0,1,1,6,1,41,7,-1,-1,-1,2,1
2014214001933,2,9,0,5,0,4,0,0,0,0,3,1,6,2,25,5,1349,1,4,6,1
2014214001934,1,5,0,14,0,8,0,0,0,0,4,1,2,2,29,6,599,1,3,3,1
2014214001934,2,9,0,9,0,8,0,0,0,0,1,1,2,2,43,7,1396,1,10,4,1
2014214001934,3,9,0,2,0,1,0,0,0,0,3,1,6,3,-1,-1,1598,1,15,-1,-1
2014214001936,1,9,0,16,0,0,1,0,1,0,1,1,6,2,63,9,1240,1,10,8,3
2014214001938,1,19,0,5,9,0,0,0,0,0,4,1,6,1,55,8,1998,2,8,1,1
2014214001942,1,9,0,18,0,8,0,0,0,0,3,1,6,2,45,7,1587,1,7,1,1
2014214001942,2,90,0,9,0,8,0,0,0,0,1,1,1,2,56,9,2999,2,4,5,1
2014214001946,1,9,0,18,0,8,0,0,0,0,1,1,6,2,84,11,1299,1,11,4,1
2014214001946,2,9,0,3,0,8,0,0,0,0,2,1,6,2,24,5,1997,2,7,8,1
2014214001946,3,9,0,3,0,1,0,0,0,0,0,1,1,2,41,7,2720,2,6,-1,-1
2014214001947,1,9,0,9,0,6,0,0,0,0,1,1,6,2,31,6,2198,1,12,2,1
2014214001947,2,9,0,18,0,8,0,0,0,0,1,1,1,2,21,5,1399,2,6,8,2
2014214001949,1,9,0,7,0,3,1,0,4,1,1,1,6,1,20,4,1124,1,9,10,1
2014214001951,1,9,0,17,0,0,0,0,1,10,1,1,1,1,39,7,996,1,4,1,1
2014214001951,2,9,0,16,0,0,0,0,0,0,2,1,6,2,42,7,2993,2,4,8,3
2014214001952,1,9,0,9,0,5,0,0,0,0,3,1,6,2,33,6,998,1,2,3,1
2014214001952,2,5,0,14,0,8,0,0,0,0,1,1,6,1,63,9,918,1,18,8,1
2014214001957,1,9,0,7,0,3,0,0,0,0,1,1,6,2,38,7,1968,2,10,-1,-1
2014214001957,2,9,0,18,0,8,0,0,0,0,3,1,6,1,32,6,1461,2,11,6,1
2014214001958,1,9,0,18,0,2,0,0,0,0,1,1,6,3,-1,-1,-1,-1,-1,-1,-1
2014214001959,1,3,0,15,0,8,0,0,0,0,1,1,6,1,20,4,125,1,3,2,1
2014214001959,2,19,0,9,0,8,0,0,0,0,4,1,1,1,35,6,2143,2,1,4,1
2014214001960,1,3,0,18,0,8,0,0,0,0,1,1,2,1,30,6,108,1,3,1,1
2014214001960,2,4,0,7,0,5,0,0,0,0,4,1,6,1,59,9,125,1,-1,6,1
2014214001961,1,9,0,9,0,6,0,0,0,0,1,1,2,2,18,4,1299,1,11,3,1
2014214001961,2,9,0,18,0,6,0,0,0,0,1,1,6,1,48,8,2204,2,8,2,1
2014214001964,1,19,0,13,0,0,0,0,0,0,4,1,1,1,-1,-1,2143,2,1,-1,-1
2014214001964,2,1,0,18,0,0,0,0,0,0,1,1,6,1,42,7,-1,-1,-1,6,1
2014214001965,1,9,0,16,0,8,1,0,7,4,0,1,6,2,19,4,1368,1,5,6,1
2014214001966,1,9,0,17,0,0,0,0,0,0,0,1,6,3,-1,-1,-1,-1,-1,-1,-1
2014214001966,2,3,0,18,0,0,0,0,0,0,0,1,2,1,25,5,124,1,1,6,1
2014214001968,1,9,0,9,0,5,0,0,0,0,4,1,6,2,52,8,1527,2,14,5,1
2014214001968,2,3,0,18,0,8,0,0,0,0,1,1,6,1,17,4,124,1,7,7,1
2014214001971,1,8,0,18,0,0,0,0,0,0,0,1,1,1,39,7,1910,2,6,1,1
2014214001973,1,9,0,9,0,6,0,0,0,0,1,1,2,1,47,8,1299,1,6,4,1
2014214001973,2,5,0,18,0,8,0,0,0,0,4,1,2,1,43,7,670,1,2,1,1
2014214001975,1,9,0,18,0,6,0,0,0,0,1,1,6,2,22,5,1390,1,11,4,1
2014214001975,2,9,0,9,0,5,0,0,0,0,3,1,6,2,25,5,1398,1,1,2,1
2014214001976,1,9,0,18,0,8,0,0,0,0,1,1,6,1,20,4,1596,1,12,5,1
2014214001976,2,9,0,9,0,4,0,0,0,0,2,1,6,2,19,4,1397,1,5,4,1
2014214001977,1,9,0,16,0,0,0,0,1,10,1,1,6,1,24,5,1599,1,11,8,2
2014214001977,2,9,0,17,0,0,0,0,1,10,0,1,6,2,63,9,1299,1,7,8,3
2014214001978,1,9,0,18,0,1,0,0,0,0,1,1,6,1,19,4,998,1,13,6,1
2014214001978,2,19,0,4,0,1,0,0,0,0,2,1,6,1,56,9,2198,2,6,1,1
2014214001982,1,9,0,18,0,0,1,0,0,0,1,1,6,1,21,5,1896,2,18,5,1
2014214001982,2,9,0,2,0,0,0,0,0,0,2,1,6,1,67,10,1998,2,10,1,1
2014214001987,1,9,0,4,0,1,0,0,0,0,1,1,6,2,35,6,1984,1,6,2,1
2014214001987,2,9,0,8,0,1,0,0,0,0,2,1,6,1,54,8,1198,1,-1,2,1
2014214001988,1,19,0,18,0,1,0,0,0,0,1,1,6,1,25,5,1968,2,2,7,1
2014214001988,2,9,0,3,0,1,0,0,0,0,2,1,6,2,18,4,998,1,4,8,1
2014214001989,1,9,0,17,0,1,1,0,0,0,1,1,6,2,73,10,1299,1,13,6,1
2014214001989,2,9,0,3,0,1,0,0,0,0,2,1,6,2,43,7,1149,1,9,3,1
2014214001989,3,9,0,4,0,1,0,0,0,0,2,1,6,1,17,4,1198,1,4,5,1
2014214001989,4,9,0,9,0,5,0,0,0,0,0,1,6,3,-1,-1,-1,-1,-1,-1,-1
2014214001990,1,9,0,9,0,6,0,0,0,0,1,1,6,2,31,6,-1,-1,-1,1,1
2014214001990,2,3,0,18,0,8,0,0,0,0,4,1,6,1,17,4,124,1,18,3,1
2014214001991,1,3,0,14,0,8,1,0,0,0,1,1,1,1,21,5,124,1,1,4,1
2014214001991,2,19,0,3,0,1,0,0,0,0,1,1,1,1,40,7,10518,2,1,2,1
2014214001992,1,9,0,3,0,1,0,0,0,0,2,1,6,2,34,6,-1,-1,-1,7,2
2014214001992,2,9,0,18,0,1,0,0,0,0,1,1,6,1,40,7,1198,1,7,7,1
2014214001994,1,8,0,18,0,2,0,0,1,1,1,1,1,1,36,7,1896,2,9,2,1
2014214001997,1,9,0,4,0,0,0,0,0,0,1,1,6,1,19,4,1275,1,16,5,1
2014214001997,2,9,0,4,0,0,0,0,0,0,2,1,6,1,23,5,1364,1,10,5,1
2014214001998,1,9,0,4,0,1,0,0,0,0,1,1,6,2,26,6,1328,1,9,6,2
2014214001998,2,9,0,4,0,1,0,0,0,0,2,1,6,2,58,9,998,1,5,7,3
2014214002012,1,9,0,18,0,8,0,0,0,0,1,1,6,2,52,8,1997,1,10,6,1
2014214002012,2,9,0,10,0,8,0,0,0,0,2,1,6,1,48,8,1968,2,1,6,1
2014214002013,1,19,0,18,0,4,0,0,0,0,1,1,6,1,50,8,1753,2,8,6,1
2014214002013,2,1,0,18,0,8,0,0,0,0,4,1,6,1,49,8,-1,-1,-1,9,3
2014214002014,1,9,0,1,0,8,0,0,0,0,2,1,6,1,24,5,1990,1,20,-1,-1
2014214002014,2,9,0,2,0,8,0,0,0,0,4,1,1,1,39,7,1968,2,3,-1,-1
2014214002015,1,9,0,18,0,0,0,0,0,0,1,1,1,1,42,7,1598,1,5,9,3
2014214002015,2,9,0,18,0,0,0,0,0,0,1,1,6,1,24,5,1900,2,8,-1,1
2014214002020,1,9,0,18,0,0,0,0,0,0,1,1,6,1,43,7,2496,1,11,1,1
2014214002020,2,9,0,18,0,0,0,0,0,0,2,1,3,2,25,5,1229,1,10,1,1
2014214002020,3,9,0,18,0,0,0,0,0,0,2,1,2,2,42,7,1997,2,7,2,1
2014214002023,1,9,0,18,0,0,1,0,6,2,1,1,6,1,28,6,1896,2,11,5,1
2014214002025,1,9,0,9,0,8,0,0,0,0,1,1,6,1,-1,-1,1968,2,11,10,2
2014214002026,1,9,0,9,0,8,0,0,0,0,1,1,1,2,59,9,-1,-1,-1,-1,1
2014214002026,2,9,0,18,0,8,0,0,0,0,3,1,3,2,34,6,1560,2,7,2,1
2014214002027,1,9,0,4,0,0,0,0,0,0,1,1,1,1,35,6,1299,1,12,-1,1
2014214002027,2,9,0,4,0,0,0,0,0,0,2,1,1,1,38,7,1995,2,-1,3,1
2014214002027,3,9,0,4,0,0,0,0,0,0,2,1,1,1,24,5,1968,2,2,10,1
2014214002028,1,19,0,5,0,4,0,0,0,0,3,1,6,1,77,11,-1,-1,-1,5,1
2014214002028,2,3,0,6,0,8,0,0,0,0,1,1,6,1,23,5,125,1,1,1,1
2014214002029,1,5,0,18,0,2,0,0,0,0,1,1,6,1,-1,-1,750,1,13,-1,-1
2014214002034,1,9,0,18,0,1,0,0,0,0,1,1,6,1,33,6,1999,1,17,1,1
2014214002034,2,9,0,2,0,1,0,0,0,0,3,1,6,1,74,10,1796,1,13,-1,-1
2014214002034,3,9,0,2,0,1,0,0,0,0,3,1,6,1,33,6,1870,2,5,-1,-1
2014214002034,4,9,0,2,0,2,0,0,0,0,2,1,6,1,28,6,1994,2,12,-1,-1
2014214002034,5,9,0,2,0,2,0,0,0,0,2,1,6,1,48,8,1995,2,10,-1,-1
2014214002035,1,9,0,4,0,1,0,0,0,0,1,1,6,1,28,6,1995,2,9,7,1
2014214002035,2,9,0,4,0,1,0,0,0,0,2,1,6,2,28,6,1796,1,12,4,1
2014214002035,3,11,0,9,0,5,0,0,0,0,0,1,1,3,-1,-1,-1,-1,-1,-1,-1
2014214002037,1,9,0,9,0,6,0,0,0,0,4,1,6,2,56,9,1753,2,7,5,1
2014214002037,2,4,0,18,0,8,0,0,0,0,1,1,6,1,25,5,193,1,8,9,1
2014214002038,1,19,0,6,0,8,0,0,0,0,3,1,1,1,39,7,2198,2,1,3,1
2014214002038,2,9,0,16,0,8,0,0,0,0,1,1,6,1,53,8,1796,1,12,3,1
2014214002041,1,9,0,9,0,6,0,0,0,0,1,1,1,2,33,6,1499,2,1,9,3
2014214002041,2,9,0,18,0,8,0,0,0,0,4,1,6,2,33,6,1242,1,2,5,1
2014214002047,1,9,0,18,0,0,0,0,0,0,4,1,6,1,82,11,2148,2,9,10,1
2014214002049,1,9,0,18,0,1,0,0,0,0,1,1,6,1,65,9,1598,2,1,7,1
2014214002049,2,9,0,4,0,1,0,0,0,0,2,1,6,2,43,7,1399,2,11,6,1
2014214002049,3,9,0,4,0,1,0,0,0,0,2,1,6,2,43,7,1248,1,1,5,3
2014214002049,4,8,0,4,0,1,0,0,0,0,2,1,1,1,32,6,1998,2,6,2,1
2014214002049,5,9,0,4,0,1,0,0,0,0,2,1,6,2,45,7,1339,1,9,5,1
2014214002050,1,9,0,17,0,8,0,10,0,0,1,1,6,1,40,7,1896,2,12,6,1
2014214002050,2,9,0,16,0,8,0,0,0,0,3,1,2,2,23,5,1984,1,6,10,1
2014214002053,1,21,1,12,0,0,0,0,0,0,3,2,1,1,57,9,-1,-1,-1,-1,-1
2014214002053,2,9,0,18,0,0,0,0,0,0,4,1,6,1,42,7,1968,2,3,4,1
2014214002053,3,9,0,4,0,0,0,0,0,0,2,1,6,2,60,9,1686,2,3,9,1
2014214002053,4,9,0,18,0,0,0,0,0,0,1,1,1,1,-1,-1,-1,-1,-1,9,2
2014214002055,1,9,0,18,0,1,0,0,0,0,1,1,6,1,44,7,1242,1,12,9,1
2014214002055,2,9,0,3,0,1,0,0,0,0,2,1,6,1,37,7,-1,-1,-1,4,2
2014214002055,3,9,0,3,0,1,0,0,0,0,2,1,6,2,41,7,1984,1,14,7,2
2014214002056,1,11,0,17,0,1,0,0,0,0,1,1,1,1,51,8,12000,2,4,-1,-1
2014214002056,2,9,0,17,0,1,0,0,0,0,2,1,6,1,44,7,1582,2,6,10,3
2014214002056,3,9,0,9,0,5,0,0,0,0,2,1,6,2,34,6,1598,1,8,6,1
2014214002057,1,9,0,9,0,6,0,0,0,0,1,1,6,1,30,6,1587,1,14,7,1
2014214002057,2,9,0,18,0,8,0,0,0,0,1,1,6,2,64,9,1975,1,5,8,3
2014214002057,3,8,0,18,0,1,0,0,0,0,1,1,1,1,38,7,1997,2,9,5,1
2014214002058,1,1,0,18,0,8,0,0,0,0,4,1,6,1,24,5,-1,-1,-1,5,1
2014214002058,2,9,0,18,0,8,0,0,0,0,1,1,6,2,62,9,1339,1,7,5,1
2014214002060,1,9,0,16,0,4,2,9,1,1,1,1,6,1,29,6,1229,1,9,8,1
2014214002061,1,1,0,18,9,1,0,0,0,0,1,1,6,1,40,7,-1,-1,-1,-1,-1
2014214002061,2,9,0,8,0,6,0,0,0,0,4,1,2,2,49,8,1598,1,14,-1,-1
2014214002062,1,9,0,7,0,4,0,0,0,0,3,1,6,2,17,4,1388,1,2,8,2
2014214002062,2,9,0,7,0,4,0,0,0,0,4,1,6,1,22,5,1753,2,6,5,1
2014214002064,1,9,0,18,0,4,5,0,1,2,1,1,6,1,87,11,1596,1,10,2,1
2014214002064,2,9,0,9,0,8,0,0,0,0,4,1,6,2,25,5,1000,1,1,8,1
2014214002067,1,3,0,13,0,8,0,0,0,0,4,1,6,1,17,4,125,1,1,3,2
2014214002067,2,9,0,9,0,5,0,0,0,0,3,1,2,2,31,6,1598,1,1,3,1
2014214002068,1,9,0,18,0,1,0,0,0,0,4,1,6,1,65,9,1461,2,1,5,1
2014214002069,1,11,0,18,0,8,0,0,0,0,1,1,1,1,33,6,9000,2,15,1,1
2014214002069,2,9,0,9,0,6,0,0,0,0,3,1,6,1,72,10,2148,2,10,7,3
2014214002070,1,9,0,18,0,2,0,0,0,0,1,1,6,1,56,9,1560,2,10,-1,-1
2014214002070,2,1,0,18,0,6,0,0,0,0,4,1,6,2,15,3,-1,-1,-1,8,2
2014214002073,1,9,0,18,0,1,0,0,3,11,1,1,6,1,23,5,1598,1,13,4,1
2014214002074,1,9,0,9,0,4,0,0,0,0,1,1,1,1,34,6,1968,2,5,3,2
2014214002074,2,1,0,18,0,8,0,0,0,0,4,1,6,1,28,6,-1,-1,-1,-1,-1
2014214002075,1,5,0,9,0,3,0,0,0,0,4,1,6,1,42,7,1050,1,1,9,1
2014214002075,2,9,0,9,0,3,0,0,0,0,3,1,6,1,46,8,1968,2,3,10,1
2014214002076,1,9,0,18,0,0,0,0,0,0,1,1,6,2,29,6,1368,1,5,2,1
2014214002076,2,9,0,4,0,0,0,0,0,0,2,1,6,1,56,9,-1,-1,-1,2,1
2014214002079,1,9,0,4,0,0,0,0,0,0,4,1,6,1,51,8,4497,1,2,5,3
2014214002081,1,9,0,4,0,1,0,0,0,0,1,1,6,1,52,8,1598,1,1,1,1
2014214002081,2,9,0,3,0,1,0,0,0,0,2,1,6,2,39,7,1242,1,2,3,1
2014214002086,1,9,0,9,0,8,0,0,0,0,3,1,6,1,72,10,1796,1,4,10,3
2014214002086,2,2,0,17,0,8,0,0,0,0,4,1,6,1,18,4,49,1,5,5,1
2014214002087,1,9,0,9,0,5,0,0,0,0,3,1,2,2,30,6,1596,1,15,1,1
2014214002087,2,5,0,14,0,8,0,0,0,0,1,1,2,1,23,5,654,1,9,5,1
2014214002090,1,9,0,9,0,6,0,0,0,0,3,1,1,2,30,6,1242,1,6,5,1
2014214002090,2,9,0,18,0,8,0,0,0,0,1,1,1,1,55,8,1390,1,10,4,1
2014214002093,1,9,0,18,0,2,0,0,0,0,4,1,6,2,65,9,1199,1,12,10,1
2014214002094,1,9,0,7,0,3,0,0,0,0,4,1,2,1,36,7,1905,2,15,-1,-1
2014214002094,2,1,0,7,0,2,0,0,0,0,1,1,6,2,45,7,-1,-1,-1,-1,1
2014214002095,1,19,0,18,0,8,0,0,0,0,1,1,1,1,30,6,2143,2,2,5,1
2014214002095,2,19,0,3,0,8,0,0,0,0,2,1,1,1,46,8,1968,2,3,7,1
2014214002095,3,9,0,3,0,8,0,0,0,0,2,1,1,1,63,9,1968,2,4,3,1
2014214002101,1,5,0,13,0,0,1,0,0,0,1,1,2,1,35,6,599,1,13,2,1
2014214002101,2,9,0,17,0,0,0,0,0,0,1,1,2,1,53,8,-1,-1,-1,3,1
2014214002104,1,19,0,17,0,0,2,10,7,4,1,1,6,1,27,6,1248,2,1,9,1
2014214002105,1,9,0,9,0,6,0,0,0,0,1,1,6,2,62,9,1796,1,9,8,1
2014214002105,2,9,0,18,0,8,2,10,1,0,1,1,6,1,82,11,899,1,14,7,2
2014214002107,1,9,0,18,0,0,0,7,0,0,1,1,6,2,27,6,1399,2,10,9,2
2014214002109,1,8,0,18,0,1,0,0,0,0,1,1,1,1,-1,-1,1997,2,4,-1,-1
2014214002109,2,9,0,3,0,1,0,0,0,0,2,1,6,2,30,6,1560,2,4,6,1
2014214002110,1,9,0,1,0,2,0,0,0,0,2,1,6,1,-1,-1,1753,2,11,4,1
2014214002110,2,9,0,18,0,6,0,0,0,0,3,1,6,2,32,6,1995,2,5,4,1
2014214002122,1,9,0,9,0,5,0,0,0,0,1,1,6,1,29,6,1598,1,13,4,1
2014214002122,2,9,0,18,0,8,0,0,0,0,1,1,2,1,33,6,1396,1,12,4,1
2014214002122,3,9,0,8,0,1,0,0,0,0,1,1,6,1,41,7,1994,2,11,2,1
2014214002123,1,9,0,9,0,8,0,0,0,0,3,1,6,1,35,6,1590,1,18,9,1
2014214002123,2,9,0,18,0,8,1,0,0,0,1,1,1,1,52,8,1598,1,14,3,1
2014214002124,1,9,0,12,0,7,1,0,0,0,3,1,2,1,31,6,1398,1,11,2,1
2014214002124,2,21,1,18,0,8,0,0,0,0,4,1,1,1,54,8,11946,2,3,2,1
2014214002125,1,9,0,18,0,0,0,0,0,0,1,1,6,1,23,5,1598,1,13,2,1
2014214002125,2,9,0,18,0,0,0,0,0,0,1,1,6,2,34,6,1364,1,6,2,1
2014214002125,3,9,0,3,0,0,0,0,0,0,2,1,6,1,33,6,1997,1,10,9,2
2014214002126,1,3,0,4,0,0,1,0,7,11,1,1,2,2,32,6,-1,-1,-1,2,1
2014214002129,1,9,0,7,0,8,0,0,0,0,0,1,6,3,-1,-1,-1,-1,-1,-1,-1
2014214002129,2,3,0,17,0,8,1,0,0,0,0,1,6,1,21,5,-1,-1,-1,3,1
2014214002132,1,9,0,4,0,1,0,0,0,0,0,1,6,1,60,9,1299,1,10,4,1
2014214002132,2,9,0,4,0,1,0,0,0,0,0,1,6,1,36,7,1686,2,6,4,1
2014214002134,1,9,0,9,0,2,0,0,0,0,1,1,6,1,28,6,-1,-1,-1,-1,-1
2014214002135,1,21,0,14,0,0,0,0,0,0,1,1,1,1,45,7,7146,2,5,8,2
2014214002135,2,21,0,2,0,0,0,0,0,0,2,1,1,1,65,9,-1,2,16,6,1
2014214002135,3,21,1,18,0,0,0,0,0,0,4,1,1,1,46,8,11705,2,8,8,1