Accident_Index,Vehicle_Reference,Vehicle_Type,Towing_and_Articulation,Vehicle_Manoeuvre,Vehicle_Location-Restricted_Lane,Junction_Location,Skidding_and_Overturning,Hit_Object_in_Carriageway,Vehicle_Leaving_Carriageway,Hit_Object_off_Carriageway,1st_Point_of_Impact,Was_Vehicle_Left_Hand_Drive?,Journey_Purpose_of_Driver,Sex_of_Driver,Age_of_Driver,Age_Band_of_Driver,Engine_Capacity_(CC),Propulsion_Code,Age_of_Vehicle,Driver_IMD_Decile,Driver_Home_Area_Type
2014214002467,2,9,0,18,0,8,0,0,0,0,2,1,6,1,50,8,-1,-1,-1,2,1
2014214002467,3,9,0,18,0,8,0,0,0,0,3,1,6,2,50,8,1587,1,9,2,1
2014214002469,1,9,0,18,0,6,0,0,0,0,4,1,6,2,45,7,1587,1,21,8,1
2014214002469,2,3,0,18,0,8,1,0,0,0,1,1,6,1,57,9,598,1,16,8,1
2014214002472,1,9,0,18,0,0,0,0,0,0,1,1,1,1,51,8,1968,2,3,8,3
2014214002472,2,9,0,4,0,0,0,0,0,0,2,1,6,1,29,6,1390,1,5,4,2
2014214002472,3,9,0,3,0,0,0,0,0,0,2,1,6,2,45,7,1198,1,9,8,1
2014214002472,4,9,0,3,0,0,0,0,0,0,2,1,6,1,44,7,2000,2,5,10,3
2014214002472,5,9,0,3,0,0,0,0,0,0,2,1,6,1,45,7,1984,2,2,9,1
2014214002473,1,9,0,9,0,2,0,0,0,0,1,1,6,1,40,7,1999,1,8,2,1
2014214002473,2,9,0,2,0,2,0,0,0,0,2,1,6,1,39,7,1398,2,9,4,1
2014214002473,3,9,0,2,0,2,0,0,0,0,2,1,6,2,37,7,-1,-1,-1,-1,1
2014214002474,1,9,0,18,0,0,0,0,0,0,1,1,6,1,22,5,-1,-1,-1,1,1
2014214002474,2,9,0,4,0,0,0,0,0,0,2,1,6,1,44,7,-1,-1,-1,10,1
2014214002474,3,9,0,4,0,0,0,0,0,0,2,1,6,1,44,7,-1,-1,-1,2,1
2014214002475,1,9,0,18,0,1,0,0,0,0,1,1,6,1,40,7,1398,2,8,6,1
2014214002475,2,9,0,3,0,8,0,0,0,0,2,1,6,1,36,7,1397,1,14,2,1
2014214002477,1,1,0,18,0,2,0,0,0,0,3,1,6,1,14,3,-1,-1,-1,4,1
2014214002477,2,9,0,18,0,2,0,0,0,0,1,1,2,2,44,7,2261,1,6,6,3
2014214002478,1,9,0,9,0,8,0,0,0,0,4,1,2,1,55,8,1598,1,15,3,1
2014214002478,2,9,0,18,0,8,0,0,0,0,1,1,2,1,38,7,1396,1,10,1,1
2014214002479,1,9,0,18,0,1,0,0,0,0,1,1,6,1,42,7,2902,2,12,2,1
2014214002479,2,9,0,3,0,1,0,0,0,0,2,1,6,2,35,6,1242,1,7,3,1
2014214002479,3,9,0,3,0,1,0,0,0,0,2,1,6,1,31,6,1995,2,5,10,1
2014214002479,4,9,0,9,0,5,0,0,0,0,0,1,6,3,-1,-1,-1,-1,-1,-1,-1
2014214002480,1,9,0,18,0,0,0,0,0,0,3,1,6,1,51,8,2179,2,-1,6,3
2014214002480,2,9,0,18,0,0,0,0,0,0,3,1,6,1,64,9,1995,2,2,8,3
2014214002481,1,9,0,18,0,0,0,0,7,11,1,1,6,1,45,7,2720,2,9,10,1
2014214002481,2,9,0,2,0,0,0,0,0,0,1,1,6,2,-1,-1,1951,2,11,6,1
2014214002481,3,9,0,2,0,0,0,0,0,0,2,1,6,2,-1,-1,1229,1,8,6,3
2014214002482,1,9,0,5,0,1,0,0,0,0,1,1,6,3,-1,-1,-1,-1,-1,-1,-1
2014214002482,2,9,0,2,0,1,0,0,0,0,2,1,1,2,55,8,1598,1,9,3,1
2014214002489,1,9,0,5,0,6,0,0,0,0,1,1,6,1,79,11,1395,1,1,8,1
2014214002489,2,9,0,18,0,8,0,0,0,0,3,1,6,1,38,7,1497,1,11,3,1
2014214002489,3,9,0,18,0,8,0,0,0,0,1,1,3,2,33,6,1560,2,6,4,1
2014214002503,1,9,0,7,0,5,0,0,0,0,4,1,6,1,58,9,1399,2,6,2,1
2014214002503,2,1,0,18,0,8,0,0,0,0,1,1,6,1,42,7,-1,-1,-1,1,1
2014214002504,1,9,4,13,0,0,0,0,0,0,4,1,1,2,53,8,-1,-1,-1,5,3
2014214002504,2,1,0,18,0,0,0,0,0,0,3,1,1,1,42,7,-1,-1,-1,6,1
2014214002508,1,9,0,18,0,1,0,0,0,0,1,1,6,2,62,9,1598,2,2,6,1
2014214002508,2,9,0,3,0,1,0,0,0,0,2,1,6,1,77,11,1998,1,8,7,1
2014214002508,3,9,0,3,0,1,0,0,0,0,2,1,6,1,66,10,1398,1,-1,5,1
2014214002508,4,9,0,9,0,5,0,0,0,0,0,1,6,3,-1,-1,-1,-1,-1,-1,-1
2014214002510,1,9,0,18,0,1,0,0,0,0,1,1,6,2,39,7,1229,1,8,10,1
2014214002510,2,9,0,10,0,1,0,0,0,0,2,1,6,1,51,8,1995,1,11,10,1
2014214002511,1,9,0,18,0,0,0,0,0,0,4,1,6,1,25,5,998,1,1,5,1
2014214002512,1,9,0,18,0,2,0,0,0,0,4,1,2,1,31,6,1590,1,12,4,1
2014214002522,1,9,0,5,0,8,0,0,0,0,1,1,6,2,80,11,996,1,4,10,1
2014214002522,2,9,0,18,0,8,0,0,1,11,3,1,6,2,53,8,1598,2,3,5,1
2014214002522,3,9,0,18,0,8,0,0,0,0,1,1,6,1,58,9,1368,1,4,4,1
2014214002523,1,9,0,18,0,1,0,0,1,10,1,1,3,2,33,6,1388,1,10,1,1
2014214002523,2,9,0,3,0,1,0,0,0,0,2,1,6,1,25,5,1968,2,2,2,1
2014214002523,3,9,0,7,0,2,0,0,0,0,4,1,6,2,23,5,1360,1,7,3,1
2014214002523,4,9,0,10,0,8,0,0,0,0,3,1,6,2,34,6,1391,1,17,2,1
2014214002524,1,9,0,1,0,0,0,0,0,0,2,1,6,1,-1,-1,1497,1,11,6,1
2014214002524,2,9,0,18,0,0,0,0,0,0,1,1,6,1,21,5,1968,2,7,10,3
2014214002525,1,9,0,16,0,2,1,10,0,0,1,1,6,1,32,6,-1,-1,-1,8,1
2014214002526,1,9,0,18,0,0,0,0,0,0,1,1,6,1,26,6,1396,1,13,4,1
2014214002526,2,9,0,3,0,0,0,0,0,0,2,1,6,1,69,10,1360,1,8,4,1
2014214002526,3,9,0,3,0,0,0,0,0,0,2,1,6,1,47,8,1598,2,3,5,1
2014214002528,1,5,0,18,0,0,0,0,0,0,1,1,6,1,41,7,592,1,20,1,1
2014214002528,2,9,0,2,0,0,0,0,0,0,4,1,6,2,46,8,1497,1,10,1,1
2014214002531,1,5,0,7,0,3,0,0,0,0,4,1,2,1,53,8,649,1,3,9,1
2014214002531,2,9,0,18,0,8,0,0,0,0,3,1,2,1,26,6,1399,2,8,1,1
2014214002532,1,3,0,4,0,0,1,0,0,0,1,1,1,1,39,7,124,1,3,5,1
2014214002532,2,9,0,4,0,0,0,0,0,0,2,1,3,2,33,6,1108,1,4,8,3
2014214002532,3,9,0,16,0,0,0,0,0,0,1,1,6,2,35,6,1587,1,6,9,3
2014214002532,4,9,0,16,0,0,0,0,0,0,0,1,1,1,48,8,1560,2,4,3,1
2014214002533,1,9,0,16,0,0,0,0,0,0,1,1,6,2,32,6,-1,-1,-1,7,3
2014214002533,2,21,0,17,0,0,0,0,0,0,1,1,1,1,42,7,4462,2,1,4,1
2014214002534,1,8,0,9,0,8,0,0,0,0,1,1,1,1,28,6,1968,2,6,2,1
2014214002534,2,9,0,18,0,8,0,0,0,0,4,1,2,2,57,9,1149,1,2,4,1
2014214002537,1,2,0,4,0,8,1,0,0,0,3,1,4,2,16,4,49,1,3,4,1
2014214002542,1,21,0,5,0,4,0,0,0,0,3,1,1,1,36,7,7790,2,7,3,2
2014214002542,2,9,0,18,0,8,0,0,0,0,4,1,1,1,36,7,1968,2,6,6,1
2014214002545,1,9,0,1,0,8,0,0,0,0,2,1,6,1,33,6,1397,1,11,4,1
2014214002546,1,8,0,9,0,6,0,0,0,0,4,1,1,1,27,6,1968,2,7,2,1
2014214002546,2,3,0,18,0,8,0,0,0,0,1,1,6,1,26,6,124,1,3,2,1
2014214002547,1,9,0,18,0,0,0,0,0,0,0,1,2,2,24,5,1398,1,4,1,1
2014214002548,1,21,1,7,0,5,0,0,0,0,4,1,1,1,46,8,10837,2,4,7,1
2014214002548,2,1,0,18,0,8,0,0,0,0,1,1,2,1,21,5,-1,-1,-1,2,1
2014214002549,1,1,0,18,0,8,0,0,0,0,1,1,6,1,4,1,-1,-1,-1,2,1
2014214002549,2,9,0,17,0,8,0,0,0,0,3,1,6,1,31,6,2191,2,-1,10,3
2014214002551,1,5,0,18,0,8,0,0,0,0,1,1,6,1,47,8,1200,1,15,1,1
2014214002551,2,8,0,9,0,5,0,0,0,0,4,1,1,1,31,6,1997,2,7,2,1
2014214002552,1,9,0,13,0,0,0,0,0,0,3,1,6,1,48,8,1229,1,1,2,1
2014214002552,2,9,0,16,0,0,0,0,1,10,3,1,6,1,49,8,1997,2,1,7,1
2014214002556,1,9,0,18,0,8,0,0,0,0,1,1,6,2,20,4,1229,1,1,1,1
2014214002556,2,9,0,18,0,8,0,0,0,0,4,1,2,1,50,8,1997,2,4,4,1
2014214002556,3,9,0,18,0,8,0,0,0,0,3,1,6,2,50,8,1299,1,13,5,1
2014214002557,1,21,1,12,0,0,0,0,0,0,1,2,1,1,48,8,-1,-1,-1,-1,-1
2014214002557,2,9,0,13,0,0,0,0,2,4,2,1,6,2,45,7,-1,-1,-1,2,1
2014214002558,1,9,0,7,0,8,0,0,0,0,3,1,6,2,20,4,2435,1,13,7,3
2014214002558,2,9,0,18,0,8,0,0,0,0,4,1,6,1,70,10,-1,-1,-1,6,1
2014214002562,1,9,0,18,0,2,0,0,0,0,1,1,1,1,38,7,1995,2,1,1,1
2014214002562,2,9,0,3,0,2,0,0,0,0,2,1,2,2,43,7,1388,1,8,4,1
2014214002562,3,19,0,3,0,2,0,0,0,0,2,1,2,1,36,7,1998,2,12,5,1
2014214002567,1,9,0,18,0,0,0,0,1,11,1,1,6,1,35,6,1905,2,24,2,1
2014214002567,2,9,0,13,0,0,0,0,0,0,2,1,6,2,26,6,-1,-1,-1,3,1
2014214002568,1,9,0,9,0,6,0,0,0,0,3,1,3,1,36,7,1198,1,1,8,3
2014214002568,2,9,0,17,0,8,0,0,0,0,1,1,6,2,30,6,1332,1,8,10,1
2014214002569,1,9,0,18,0,1,1,0,0,0,1,1,6,1,22,5,1560,2,7,7,1
2014214002569,2,21,1,9,0,1,0,0,0,0,2,1,1,1,41,7,-1,-1,-1,-1,3
2014214002570,1,9,0,18,0,1,0,0,0,0,1,1,6,1,45,7,1994,1,10,1,1
2014214002570,2,9,0,10,0,1,0,0,0,0,2,1,6,1,42,7,-1,-1,-1,3,1
2014214002571,1,9,0,18,0,1,0,0,0,0,1,1,6,2,42,7,1997,2,10,2,1
2014214002571,2,9,0,3,0,1,0,0,0,0,2,1,1,2,50,8,1598,1,8,2,1
2014214002573,1,9,0,9,0,6,0,0,0,0,1,1,1,2,18,4,998,1,7,5,3
2014214002573,2,9,0,17,0,8,0,0,0,0,1,1,1,1,52,8,-1,-1,-1,1,1
2014214002575,1,9,0,18,0,1,1,0,0,0,1,1,6,1,62,9,1598,1,13,6,1
2014214002575,2,9,0,3,0,1,0,0,0,0,2,1,6,2,60,9,1364,1,7,3,1
2014214002577,1,9,0,18,0,0,1,0,0,0,1,1,6,1,71,10,1598,1,9,5,1
2014214002577,2,9,0,3,0,0,0,0,0,0,2,1,6,1,51,8,2143,2,1,-1,1
2014214002577,3,9,0,3,0,0,0,0,0,0,2,1,2,1,23,5,1997,2,-1,3,1
2014214002581,1,3,0,4,0,1,1,0,0,0,3,1,6,1,54,8,125,1,5,5,1
2014214002586,1,9,0,18,0,1,0,0,0,0,1,1,6,1,29,6,1598,1,11,8,1
2014214002586,2,9,0,3,0,1,0,0,0,0,2,1,6,2,33,6,1598,1,8,7,1
2014214002587,1,9,0,16,0,1,1,0,7,2,1,1,6,1,23,5,1598,1,7,9,1
2014214002595,1,9,0,6,0,0,0,0,1,11,1,1,6,2,72,10,1596,1,6,10,2
2014214002598,1,1,0,18,0,8,0,0,0,0,3,1,6,1,31,6,-1,-1,-1,3,1
2014214002598,2,9,0,18,0,1,0,0,0,0,1,1,6,1,40,7,-1,-1,-1,-1,-1
2014214002600,1,9,0,18,0,4,0,0,7,11,1,1,2,1,40,7,1896,2,6,5,1
2014214002602,1,2,0,16,0,0,1,0,7,10,1,1,6,1,20,4,49,1,9,2,1
2014214002605,1,9,0,14,0,0,0,0,0,0,4,1,6,1,40,7,1998,2,8,7,1
2014214002605,2,9,0,2,0,0,0,0,0,0,0,1,6,2,43,7,-1,-1,-1,2,1
2014214002606,1,9,0,18,0,0,0,0,0,0,1,1,6,2,21,5,1242,1,2,5,1
2014214002606,2,9,0,4,0,0,0,0,0,0,2,1,6,2,35,6,1461,2,-1,9,1
2014214002613,1,9,0,17,0,3,1,0,0,0,4,1,2,2,18,4,1149,1,8,3,1
2014214002613,2,9,0,18,0,1,0,0,0,0,1,1,1,1,62,9,1560,2,6,7,1
2014214002615,1,9,0,18,0,1,0,0,0,0,1,1,2,1,19,4,1242,1,6,2,1
2014214002615,2,9,0,4,0,1,0,0,0,0,2,1,6,1,70,10,1798,1,6,10,1
2014214002615,3,9,0,9,0,5,0,0,0,0,0,1,6,3,-1,-1,-1,-1,-1,-1,-1
2014214002617,1,19,0,18,0,8,0,0,0,0,1,1,1,1,46,8,2500,2,7,1,1
2014214002617,2,9,0,3,0,8,0,0,0,0,2,1,6,1,59,9,1299,1,11,1,1
2014214002617,3,9,0,3,0,8,0,0,0,0,2,1,6,2,61,9,1396,1,-1,8,1
2014214002618,1,9,0,18,0,0,2,0,1,7,0,1,6,1,21,5,1396,1,9,1,1
2014214002620,1,9,0,18,0,4,0,0,0,0,3,1,6,2,46,8,998,1,-1,6,1
2014214002620,2,3,0,18,0,8,0,0,0,0,1,1,2,1,24,5,125,1,1,3,1
2014214002621,1,9,0,5,0,1,0,0,0,0,3,1,1,1,25,5,-1,-1,-1,7,1
2014214002621,2,19,0,2,0,1,0,0,0,0,0,1,1,1,50,8,2198,2,2,5,1
2014214002622,1,9,0,18,0,8,0,0,0,0,4,1,6,1,27,6,1597,1,22,4,1
2014214002622,2,8,0,18,0,8,0,0,1,2,1,1,1,1,42,7,1896,2,8,2,1
2014214002624,1,9,0,3,0,2,0,0,0,0,2,1,1,2,51,8,1997,2,2,9,3
2014214002624,2,9,0,3,0,2,0,0,0,0,2,1,1,1,50,8,1956,2,1,8,1
2014214002624,3,9,0,3,0,2,0,0,0,0,2,1,1,1,19,4,1362,1,-1,10,1
2014214002624,4,9,0,18,0,2,0,0,0,0,1,1,1,2,31,6,1600,1,3,10,1
2014214002625,1,9,0,4,0,0,0,0,0,0,2,1,6,1,30,6,1896,2,7,2,1
2014214002625,2,9,0,4,0,0,0,0,0,0,1,1,2,1,42,7,2499,2,11,3,1
2014214002625,3,3,0,4,0,0,0,0,0,0,1,1,2,1,46,8,124,1,3,1,1
2014214002626,1,9,0,9,0,2,0,0,0,0,1,1,6,1,64,9,1991,2,10,2,1
2014214002627,1,9,0,4,0,0,0,0,0,0,4,1,6,1,66,10,1998,1,1,10,1
2014214002629,1,9,0,13,0,2,0,0,0,0,4,1,6,1,55,8,1497,8,6,10,3
2014214002629,2,1,0,18,0,2,0,0,0,0,1,1,6,1,64,9,-1,-1,-1,2,1
2014214002630,1,9,0,18,0,8,0,0,1,11,1,1,6,1,84,11,1493,2,6,9,3
2014214002631,1,9,0,18,0,8,0,0,0,0,3,1,6,1,35,6,-1,-1,-1,10,1
2014214002631,2,9,0,9,0,8,0,0,0,0,4,1,6,2,24,5,1328,1,9,6,1
2014214002633,1,8,0,18,0,1,1,0,1,2,1,1,6,1,22,5,1896,2,7,1,1
2014214002633,2,9,0,2,0,1,0,0,0,0,2,1,6,1,41,7,1596,1,11,6,3
2014214002638,1,9,0,16,0,0,2,0,1,10,1,1,2,1,18,4,1000,1,14,9,3
2014214002638,2,9,0,16,0,0,0,0,0,0,4,1,6,1,38,7,2993,2,2,3,1
2014214002638,3,17,0,16,0,0,0,0,0,0,0,1,1,3,-1,-1,-1,-1,-1,-1,-1
2014214002645,1,19,0,4,0,0,0,0,0,0,2,1,6,1,47,8,2151,2,11,9,3
2014214002645,2,19,0,18,0,0,0,0,0,0,1,1,6,1,-1,-1,2402,2,12,2,1
2014214002645,3,9,0,4,0,0,0,0,0,0,0,1,6,3,-1,-1,-1,-1,-1,-1,-1
2014214002649,1,9,0,18,0,0,0,0,0,0,1,1,6,2,43,7,-1,-1,-1,10,1
2014214002649,2,9,0,2,0,0,0,0,0,0,2,1,2,1,25,5,-1,-1,-1,1,1
2014214002657,1,9,0,18,0,1,0,0,0,0,4,1,6,1,60,9,1248,1,2,5,1
2014214002665,1,3,0,18,0,1,0,0,0,0,1,1,2,1,18,4,125,1,2,1,1
2014214002665,2,9,0,4,0,1,0,0,0,0,2,1,2,1,18,4,1242,1,12,1,1
2014214002666,1,9,0,9,0,5,0,0,0,0,1,1,6,2,77,11,1422,2,10,10,2
2014214002666,2,9,0,18,0,8,0,0,0,0,1,1,1,1,44,7,1968,2,1,6,1
2014214002667,1,21,0,18,0,8,0,0,0,0,3,1,1,1,51,8,12777,2,1,4,1
2014214002667,2,9,0,9,0,8,0,0,0,0,4,1,6,2,20,4,1242,1,4,9,1
2014214002668,1,19,0,4,0,0,0,0,0,0,1,1,1,1,34,6,-1,-1,-1,3,1
2014214002668,2,9,0,4,0,0,0,0,0,0,2,1,6,2,20,4,1600,2,3,-1,-1
2014214002668,3,19,0,4,0,0,0,0,0,0,2,1,1,1,58,9,1560,2,-1,3,1
2014214002669,1,3,0,4,0,1,1,0,0,0,0,1,6,1,35,6,124,1,9,5,1
2014214002669,2,9,0,9,0,8,0,0,0,0,0,1,6,1,-1,-1,-1,-1,-1,-1,-1
2014214002671,1,9,0,7,0,6,0,0,0,0,1,1,1,1,29,6,1560,2,3,1,1
2014214002671,2,9,0,18,0,8,0,0,1,0,4,1,1,2,26,6,1229,1,1,7,1
2014214002672,1,19,0,9,0,8,0,0,0,0,1,1,2,1,56,9,1248,2,6,6,1
2014214002672,2,1,0,18,0,8,0,0,0,0,3,1,6,1,43,7,-1,-1,-1,2,1
2014214002673,1,19,0,18,0,0,0,0,0,0,4,1,1,1,-1,-1,2287,2,2,-1,-1
2014214002673,2,1,0,18,0,0,0,0,0,0,3,1,6,2,45,7,-1,-1,-1,6,1
2014214002683,1,19,0,18,0,3,0,0,0,0,1,1,1,1,71,10,1247,2,9,10,2
2014214002683,2,21,0,18,0,1,0,0,0,0,3,1,1,1,33,6,-1,-1,-1,5,1
2014214002684,1,9,0,18,0,0,2,0,5,6,3,1,2,1,46,8,1598,2,2,3,1
2014214002684,2,8,0,18,0,0,0,11,0,0,1,1,1,1,43,7,1968,2,1,3,1
2014214002684,3,9,0,18,0,0,0,11,0,0,1,1,1,1,36,7,-1,-1,-1,7,1
2014214002685,1,9,0,18,0,0,0,0,0,0,1,1,6,2,-1,-1,-1,-1,-1,-1,-1
2014214002685,2,9,0,4,0,0,0,0,0,0,2,1,2,2,23,5,1368,1,10,6,1
2014214002686,1,9,0,17,0,0,0,0,2,11,4,1,6,1,24,5,1124,1,14,4,1
2014214002686,2,8,0,16,0,0,0,0,0,0,3,1,1,1,30,6,1794,7,7,2,1
2014214002689,1,9,0,7,0,5,0,0,0,0,1,1,1,2,29,6,1598,1,6,5,3
2014214002689,2,9,0,10,0,1,0,0,0,0,3,1,1,2,23,5,1600,2,4,5,1
2014214002690,1,9,0,18,0,0,0,0,0,0,1,1,2,1,18,4,1896,2,10,9,1
2014214002691,1,5,0,18,0,3,0,0,0,0,1,1,6,1,50,8,996,1,14,-1,-1
2014214002692,1,90,0,7,0,5,2,0,0,0,1,1,6,1,31,6,499,1,3,6,1
2014214002697,1,9,0,9,0,5,0,0,0,0,0,1,6,1,-1,-1,1995,2,10,-1,-1
2014214002697,2,5,0,18,0,8,1,0,0,0,4,1,6,1,23,5,599,1,10,9,2
2014214002698,1,9,0,9,0,6,0,0,0,0,3,1,1,1,62,9,2402,2,6,7,3
2014214002698,2,5,0,18,0,8,1,0,0,0,1,1,6,1,37,7,1000,1,9,8,1
2014214002699,1,9,0,18,0,2,0,0,0,0,1,1,6,1,23,5,1390,1,6,5,1
2014214002699,2,9,0,2,0,2,0,0,0,0,3,1,6,3,-1,-1,-1,-1,-1,-1,-1
2014214002699,3,9,0,2,0,2,0,0,0,0,3,1,6,2,-1,-1,1595,1,7,-1,-1
2014214002699,4,9,0,2,0,2,0,0,0,0,3,1,6,1,-1,-1,2204,2,5,-1,-1
2014214002699,5,19,0,2,0,2,0,0,0,0,2,1,6,1,-1,-1,-1,-1,-1,-1,-1
2014214002702,1,5,0,13,0,1,0,0,0,0,4,1,2,1,42,7,999,1,3,9,2
2014214002702,2,9,0,9,0,1,0,0,0,0,3,1,6,1,25,5,1124,1,10,9,3
2014214002703,1,19,0,9,0,4,0,0,0,0,3,1,2,1,27,6,1248,2,9,8,2
2014214002703,2,5,0,18,0,4,0,0,0,0,1,1,6,1,39,7,599,1,16,8,2
2014214002704,1,9,0,18,0,1,0,0,0,0,1,1,6,1,52,8,1995,1,7,3,1
2014214002704,2,9,0,3,0,1,0,0,0,0,2,1,6,2,25,5,1242,1,10,1,1
2014214002704,3,9,0,4,0,1,0,0,0,0,2,1,6,2,19,4,1299,1,10,1,1
2014214002704,4,9,0,9,0,5,0,0,0,0,0,1,6,3,-1,-1,-1,-1,-1,-1,-1
2014214002705,1,21,0,18,0,0,0,0,0,0,1,1,1,1,54,8,10837,2,3,2,1
2014214002705,2,9,0,3,0,0,0,0,0,0,2,1,2,1,44,7,1598,1,9,6,1
2014214002705,3,9,0,3,0,0,0,0,0,0,2,1,6,1,22,5,1390,1,7,10,1
2014214002705,4,9,0,3,0,0,0,0,0,0,2,1,2,1,39,7,1995,2,3,2,1
2014214002705,5,9,0,3,0,0,0,0,0,0,2,1,6,1,41,7,1956,2,1,10,1
2014214002705,6,19,0,3,0,0,0,0,0,0,2,1,6,1,47,8,1560,2,1,-1,1
2014214002706,1,8,0,18,0,8,0,0,0,0,1,1,1,1,54,8,1997,2,9,3,1
2014214002706,2,19,0,18,0,8,0,0,0,0,3,1,1,2,47,8,-1,-1,-1,5,1
2014214002707,1,9,0,18,0,1,0,0,0,0,1,1,6,2,19,4,1397,1,7,6,3
2014214002707,2,9,0,3,0,1,0,0,0,0,2,1,6,2,28,6,1896,2,7,9,1
2014214002707,3,9,0,3,0,1,0,0,0,0,2,1,6,2,18,4,1242,1,2,6,3
2014214002707,4,9,0,10,0,1,0,0,0,0,0,1,6,3,-1,-1,-1,-1,-1,-1,-1
2014214002708,1,3,0,18,0,0,0,0,0,0,1,1,6,1,35,6,125,1,3,3,1
2014214002708,2,9,0,2,0,0,0,0,0,0,2,1,6,2,52,8,1229,1,2,4,1
2014214002713,1,9,0,1,9,5,0,0,0,0,2,1,6,1,46,8,-1,-1,-1,9,1
2014214002713,2,22,0,18,9,8,0,0,0,0,4,1,6,1,73,10,-1,-1,-1,9,1
2014214002714,1,9,0,9,0,6,0,0,0,0,3,1,2,2,18,4,998,1,6,10,3
2014214002714,2,9,0,18,0,8,0,0,0,0,1,1,6,1,23,5,1360,1,13,6,1
2014214002715,1,9,0,9,0,5,0,0,0,0,4,1,6,1,26,6,1998,1,16,9,1
2014214002715,2,9,0,18,0,8,0,0,0,0,1,1,6,2,40,7,1396,1,10,4,1
2014214002718,1,8,0,9,0,6,0,0,0,0,4,1,6,1,26,6,2148,2,6,1,1
2014214002718,2,1,0,18,0,8,0,0,0,0,1,1,2,1,43,7,-1,-1,-1,7,1
2014214002722,1,9,0,7,0,6,0,0,0,0,4,1,3,2,44,7,1587,1,13,2,1
2014214002722,2,1,0,18,0,2,0,0,0,0,3,1,1,2,53,8,-1,-1,-1,2,1
2014214002723,1,9,0,18,0,1,0,0,0,0,1,1,6,1,39,7,1998,2,8,2,1
2014214002723,2,9,0,3,0,1,0,0,0,0,2,1,6,1,22,5,1598,1,8,-1,1
2014214002726,1,9,0,5,0,4,0,0,0,0,1,1,6,1,36,7,-1,-1,-1,1,1
2014214002726,2,3,0,18,0,8,0,0,0,0,4,1,6,1,22,5,124,1,9,1,1
2014214002728,1,9,0,9,0,5,0,0,0,0,1,1,6,1,64,9,2179,2,6,9,1
2014214002728,2,5,0,18,0,8,0,0,0,0,1,1,6,1,49,8,636,1,11,-1,1
2014214002728,3,9,0,8,0,1,0,0,0,0,3,1,6,2,45,7,1364,1,9,1,1
2014214002729,1,9,0,18,0,0,0,0,0,0,1,1,6,1,67,10,1948,1,13,8,1
2014214002729,2,9,0,4,0,0,0,0,0,0,2,1,6,1,20,4,1362,1,1,4,1
2014214002731,1,3,0,18,0,1,1,0,0,0,1,1,1,1,20,4,124,1,3,3,1
2014214002739,1,9,0,9,0,3,0,0,0,0,4,1,6,2,-1,-1,1390,1,15,-1,-1
2014214002739,2,9,0,18,0,8,0,0,0,0,3,1,6,2,19,4,1229,1,10,9,3
2014214002741,1,9,0,18,0,0,0,0,0,0,1,1,6,1,31,6,1995,2,1,5,1
2014214002741,2,9,0,3,0,0,0,0,0,0,2,1,6,1,31,6,1422,2,10,5,1
2014214002744,1,2,0,17,0,2,0,10,1,2,1,1,6,1,17,4,-1,-1,-1,1,1
2014214002751,1,9,0,13,0,0,0,0,0,0,4,1,1,1,30,6,1997,2,-1,-1,-1
2014214002751,2,8,0,18,0,0,0,0,0,0,3,1,1,1,58,9,2295,1,11,1,1
2014214002751,3,8,0,18,0,0,0,0,0,0,2,1,1,1,33,6,1870,2,7,2,1
2014214002756,1,9,0,18,0,0,0,0,0,0,1,1,2,1,28,6,2316,1,18,5,3
2014214002756,2,9,0,3,0,0,0,0,0,0,2,1,2,2,36,7,1595,1,2,4,1
2014214002757,1,9,0,18,0,0,1,0,5,6,1,1,1,2,41,7,1598,1,9,2,1
2014214002761,1,21,1,12,0,0,0,0,0,0,3,2,1,1,32,6,-1,-1,-1,-1,-1
2014214002761,2,9,0,18,0,0,1,0,2,7,4,1,1,1,53,8,1910,2,6,4,3
2014214002764,1,19,0,13,0,8,0,0,7,2,4,1,6,1,43,7,2148,2,6,5,1
2014214002764,2,19,0,9,0,5,0,0,0,0,1,1,1,1,47,8,2143,2,3,2,1
2014214002766,1,9,0,9,0,6,0,0,0,0,0,1,6,3,-1,-1,-1,-1,-1,-1,-1
2014214002766,2,11,0,18,0,1,0,0,0,0,0,1,1,1,47,8,-1,2,14,1,1
2014214002768,1,9,0,18,0,8,0,0,0,0,1,1,1,1,54,8,-1,-1,-1,9,2
2014214002768,2,9,0,18,0,6,0,0,0,0,3,1,6,1,26,6,1910,2,6,2,1
2014214002770,1,1,0,18,0,2,0,0,0,0,3,1,6,1,52,8,-1,-1,-1,5,1
2014214002770,2,9,0,18,0,1,0,0,0,0,3,1,6,2,47,8,1390,1,5,6,3
2014214002773,1,9,0,18,0,1,0,0,0,0,1,1,6,2,40,7,998,1,1,-1,-1
2014214002773,2,9,0,3,0,1,0,0,0,0,2,1,6,2,55,8,1840,1,16,5,1
2014214002774,1,9,0,9,0,6,0,0,0,0,3,1,6,1,64,9,2184,2,11,-1,-1