Accident_Index,Vehicle_Reference,Vehicle_Type,Towing_and_Articulation,Vehicle_Manoeuvre,Vehicle_Location-Restricted_Lane,Junction_Location,Skidding_and_Overturning,Hit_Object_in_Carriageway,Vehicle_Leaving_Carriageway,Hit_Object_off_Carriageway,1st_Point_of_Impact,Was_Vehicle_Left_Hand_Drive?,Journey_Purpose_of_Driver,Sex_of_Driver,Age_of_Driver,Age_Band_of_Driver,Engine_Capacity_(CC),Propulsion_Code,Age_of_Vehicle,Driver_IMD_Decile,Driver_Home_Area_Type
2014214003094,1,9,0,9,0,8,1,0,1,9,1,1,6,1,18,4,1229,1,5,10,1
2014214003096,1,9,0,17,0,0,5,0,0,0,1,1,2,1,56,9,1956,2,1,10,1
2014214003096,2,9,0,2,0,0,0,0,0,0,3,1,6,3,-1,-1,1598,1,12,-1,-1
2014214003099,1,9,0,6,0,0,0,0,0,0,3,1,6,1,65,9,1360,1,11,2,1
2014214003099,2,3,0,13,0,0,0,0,0,0,4,1,6,1,20,4,125,1,-1,2,1
2014214003102,1,9,0,18,0,0,0,0,0,0,1,1,6,1,30,6,2521,1,6,-1,-1
2014214003102,2,9,0,4,0,0,0,0,0,0,2,1,6,1,70,10,2720,2,8,3,1
2014214003102,3,9,0,18,0,0,0,0,0,0,0,1,1,1,56,9,1968,2,2,3,1
2014214003112,1,9,0,18,0,1,0,0,0,0,1,1,6,1,17,4,1242,1,11,7,2
2014214003112,2,9,0,18,0,1,0,0,0,0,1,1,6,1,26,6,1229,1,7,10,1
2014214003112,3,9,0,3,0,1,0,0,0,0,2,1,6,2,33,6,2967,2,2,7,1
2014214003112,4,9,0,3,0,1,0,0,0,0,2,1,6,1,83,11,1461,2,7,4,1
2014214003112,5,9,0,9,0,5,0,0,0,0,0,1,6,3,-1,-1,-1,-1,-1,-1,-1
2014214003113,1,9,0,18,0,0,0,0,0,0,1,1,6,1,70,10,1388,1,11,6,2
2014214003113,2,9,0,4,0,0,0,0,0,0,2,1,6,1,56,9,1560,2,5,8,2
2014214003117,1,9,0,4,0,1,0,0,0,0,1,1,6,2,46,8,1587,1,10,7,1
2014214003117,2,9,0,3,0,1,0,0,0,0,2,1,6,1,64,9,1968,2,3,6,1
2014214003117,3,9,0,10,0,1,0,0,0,0,2,1,6,1,58,9,1999,1,1,9,1
2014214003118,1,9,0,4,0,0,0,0,4,6,1,1,6,1,21,5,1910,2,7,4,1
2014214003118,2,21,4,13,0,0,0,0,0,0,2,1,1,1,42,7,12419,2,1,-1,-1
2014214003119,1,9,0,18,0,1,0,0,0,0,1,1,6,2,-1,-1,-1,-1,-1,-1,-1
2014214003119,2,2,0,10,0,1,0,0,0,0,2,1,6,1,16,4,49,1,11,3,1
2014214003121,1,9,0,18,0,0,0,0,0,0,3,1,6,1,42,7,1956,2,-1,3,1
2014214003121,2,9,0,18,0,0,0,0,0,0,4,1,1,2,40,7,1461,2,3,8,2
2014214003121,3,9,0,18,0,0,0,0,0,0,4,1,1,1,40,7,1461,2,-1,5,1
2014214003121,4,21,1,18,0,0,0,0,0,0,3,1,1,1,58,9,10837,2,3,10,1
2014214003122,1,21,0,12,0,2,0,0,0,0,1,1,1,1,41,7,-1,-1,-1,-1,-1
2014214003122,2,9,0,18,0,2,0,0,0,0,4,1,6,2,66,10,1598,1,6,-1,-1
2014214003124,1,1,0,18,0,4,0,0,0,0,2,1,6,2,26,6,-1,-1,-1,-1,1
2014214003124,2,9,0,5,0,4,0,0,0,0,4,1,6,1,57,9,2319,1,18,8,1
2014214003125,1,9,0,13,0,0,0,0,0,0,1,1,6,2,64,9,1596,1,1,-1,-1
2014214003125,2,9,0,18,0,0,0,0,0,0,1,1,6,2,56,9,1951,2,13,10,2
2014214003125,3,9,0,18,0,0,0,0,0,0,1,1,6,1,32,6,1796,1,5,-1,1
2014214003125,4,9,0,18,0,0,0,0,0,0,0,1,6,3,-1,-1,-1,-1,-1,-1,-1
2014214003130,1,19,0,18,0,0,2,0,8,4,3,1,1,1,55,8,2287,2,4,1,1
2014214003131,1,9,0,7,0,6,0,0,0,0,4,1,2,3,-1,-1,-1,-1,-1,-1,-1
2014214003131,2,1,0,18,9,8,0,0,0,0,1,1,6,1,31,6,-1,-1,-1,-1,1
2014214003133,1,9,0,4,0,1,0,0,0,0,1,1,1,2,30,6,-1,-1,-1,8,1
2014214003133,2,19,0,4,0,1,0,0,0,0,2,1,1,1,40,7,2198,2,1,6,1
2014214003134,1,9,0,13,0,0,0,0,0,0,4,1,6,3,-1,-1,-1,-1,-1,-1,-1
2014214003134,2,1,0,18,0,0,0,0,0,0,3,1,6,1,21,5,-1,-1,-1,3,1
2014214003146,1,9,0,18,0,0,0,0,7,11,1,1,6,1,35,6,4200,1,7,2,1
2014214003146,2,9,0,18,0,0,0,0,0,0,3,1,6,2,32,6,2000,2,9,10,1
2014214003148,1,9,0,4,0,1,0,0,0,0,1,1,6,2,30,6,1998,1,18,5,1
2014214003148,2,9,0,4,0,1,0,0,0,0,2,1,1,1,56,9,1200,1,-1,8,1
2014214003148,3,1,0,9,0,8,0,0,0,0,0,1,6,3,-1,-1,-1,-1,-1,-1,-1
2014214003149,1,9,0,1,0,8,0,0,0,0,2,1,6,2,43,7,2495,2,13,6,3
2014214003149,2,9,0,14,0,8,0,0,0,0,4,1,6,1,21,5,1086,1,10,7,1
2014214003151,1,9,0,18,0,1,0,0,0,0,4,1,2,1,72,10,1390,1,4,10,1
2014214003151,2,5,0,8,0,1,0,0,0,0,3,1,2,1,49,8,1050,1,4,10,1
2014214003157,1,9,0,5,0,4,0,0,0,0,1,1,6,1,55,8,-1,-1,-1,6,3
2014214003157,2,1,0,18,0,8,0,0,0,0,4,1,6,1,61,9,-1,-1,-1,8,3
2014214003160,1,21,1,13,0,0,0,0,0,0,1,1,1,1,26,6,11967,2,4,-1,-1
2014214003160,2,21,0,18,0,0,0,0,0,0,2,1,1,1,50,8,5880,2,4,6,1
2014214003161,1,9,0,4,0,0,0,0,0,0,2,1,2,1,41,7,1686,2,13,3,1
2014214003161,2,9,0,4,0,0,0,0,0,0,1,1,2,1,-1,-1,1870,2,10,2,1
2014214003168,1,9,0,4,0,0,0,0,1,0,1,1,1,2,32,6,1198,1,10,6,3
2014214003168,2,9,0,4,0,0,0,0,0,0,2,1,6,1,44,7,1598,2,-1,5,1
2014214003168,3,9,0,4,0,0,0,0,0,0,2,1,6,1,55,8,1968,2,5,6,3
2014214003168,4,9,0,4,0,0,0,0,0,0,1,1,1,1,65,9,-1,-1,-1,9,1
2014214003171,1,9,0,9,0,6,0,0,0,0,1,1,1,1,26,6,998,1,1,-1,1
2014214003171,2,9,0,12,0,2,0,0,0,0,1,1,2,1,45,7,-1,-1,-1,-1,-1
2014214003171,3,9,0,3,0,1,0,0,0,0,1,1,6,2,31,6,1598,1,2,5,1
2014214003172,1,9,0,5,0,4,0,0,0,0,1,1,6,2,34,6,1968,2,8,-1,1
2014214003172,2,1,0,9,0,8,0,0,0,0,4,1,6,1,59,9,-1,-1,-1,6,2
2014214003175,1,9,0,18,0,0,0,0,0,0,1,1,6,1,31,6,1242,1,7,7,2
2014214003175,2,21,0,18,0,0,0,0,0,0,2,1,1,1,35,6,9200,2,8,9,2
2014214003177,1,11,0,9,0,2,0,0,0,0,3,1,1,1,27,6,11000,2,16,5,1
2014214003177,2,9,0,3,0,1,0,0,0,0,1,1,6,2,39,7,1896,2,9,2,1
2014214003178,1,9,0,6,0,0,0,0,0,0,3,1,2,2,29,6,1587,1,9,3,2
2014214003178,2,3,0,14,0,0,0,0,0,0,1,1,1,1,22,5,124,1,3,2,1
2014214003179,1,8,0,17,0,0,0,0,0,0,1,1,1,1,32,6,2204,2,8,2,1
2014214003179,2,17,4,16,0,0,0,0,0,0,1,1,1,1,25,5,6788,2,4,3,1
2014214003184,1,21,0,4,0,1,0,0,0,0,1,1,1,1,44,7,3920,2,9,2,1
2014214003184,2,9,0,3,0,1,0,0,0,0,2,1,2,2,34,6,1368,1,5,10,2
2014214003186,1,9,0,9,0,5,0,0,0,0,1,1,1,2,31,6,1595,1,8,3,1
2014214003186,2,9,0,18,0,8,0,0,0,0,1,1,1,1,34,6,998,1,9,10,1
2014214003186,3,9,0,18,0,1,0,0,0,0,1,1,1,1,38,7,998,1,1,7,1
2014214003189,1,19,0,9,0,8,0,0,0,0,4,1,1,1,23,5,2402,2,6,8,3
2014214003189,2,9,0,18,0,8,0,0,0,0,1,1,6,2,26,6,1753,2,12,1,1
2014214003192,1,9,0,18,0,0,0,0,0,0,1,1,6,1,49,8,998,1,1,7,1
2014214003192,2,9,0,3,0,0,0,0,0,0,2,1,6,1,34,6,1796,1,13,5,1
2014214003192,3,9,0,3,0,0,0,0,0,0,2,1,6,1,42,7,1968,2,2,2,1
2014214003194,1,9,0,18,9,0,0,0,0,0,1,1,6,1,21,5,1242,1,14,6,1
2014214003194,2,1,0,18,9,0,0,0,0,0,2,1,6,1,21,5,-1,-1,-1,4,1
2014214003196,1,1,0,9,0,8,0,0,0,0,2,1,6,1,20,4,-1,-1,-1,10,2
2014214003196,2,9,0,9,0,8,0,0,0,0,1,1,6,1,41,7,1339,1,11,2,1
2014214003197,1,9,0,4,0,0,0,0,0,0,2,1,6,1,43,7,1364,1,5,8,1
2014214003197,2,5,0,4,0,0,1,0,0,0,1,1,6,1,52,8,999,1,2,7,1
2014214003198,1,9,0,7,0,5,0,0,0,0,1,1,6,2,22,5,1360,1,4,3,1
2014214003201,1,9,0,4,0,1,0,0,0,0,1,1,6,1,29,6,-1,-1,-1,10,1
2014214003201,2,5,0,4,0,1,0,0,0,0,2,1,2,1,42,7,-1,-1,-1,8,1
2014214003202,1,5,0,14,0,8,0,0,0,0,1,1,6,1,26,6,865,1,3,10,1
2014214003202,2,9,0,9,0,6,0,0,0,0,3,1,1,2,61,9,1968,2,-1,7,1
2014214003202,3,9,0,3,0,8,0,0,0,0,0,1,6,1,-1,-1,2143,2,1,10,1
2014214003205,1,9,0,18,0,0,0,0,0,0,4,1,6,1,26,6,3189,1,10,-1,-1
2014214003207,1,9,0,18,0,2,0,0,0,0,1,1,6,1,27,6,1956,2,5,3,1
2014214003208,1,1,0,18,0,6,0,0,0,0,3,1,4,2,11,3,-1,-1,-1,5,1
2014214003208,2,9,0,18,0,8,0,0,0,0,1,1,2,1,49,8,1783,1,14,5,1
2014214003215,1,3,0,13,0,8,0,0,0,0,1,1,6,1,33,6,124,1,9,-1,-1
2014214003215,2,9,0,9,0,5,0,0,0,0,3,1,6,1,48,8,2099,1,11,5,1
2014214003216,1,9,0,18,0,0,0,0,0,0,1,1,1,1,45,7,-1,-1,-1,7,2
2014214003216,2,19,0,3,0,0,0,0,0,0,2,1,1,1,44,7,2198,2,3,10,1
2014214003218,1,9,0,18,0,0,0,0,0,0,1,1,6,2,40,7,1390,1,-1,1,1
2014214003219,1,9,0,9,0,6,0,0,0,0,3,1,6,1,60,9,1329,1,-1,1,1
2014214003219,2,9,0,18,0,8,0,0,0,0,1,1,6,1,34,6,1598,1,12,1,1
2014214003220,1,9,0,18,0,0,0,0,0,0,4,1,6,1,76,11,2351,1,13,5,1
2014214003222,1,9,0,7,0,6,0,0,0,0,1,1,6,1,19,4,1598,2,-1,1,1
2014214003224,1,9,0,9,0,6,0,0,0,0,3,1,6,2,19,4,1422,2,12,8,1
2014214003224,2,9,0,16,0,8,0,0,0,0,1,1,2,1,18,4,1389,1,15,5,3
2014214003225,1,9,0,9,0,6,0,0,0,0,1,1,6,1,-1,-1,-1,-1,-1,-1,-1
2014214003225,2,1,0,18,0,8,0,0,0,0,4,1,6,1,41,7,-1,-1,-1,5,3
2014214003229,1,21,0,18,0,0,0,0,0,0,4,1,1,1,59,9,11705,2,5,3,1
2014214003234,1,9,0,18,0,1,0,0,0,0,0,1,6,1,25,5,1587,1,15,-1,-1
2014214003234,2,5,0,18,0,1,0,0,0,0,1,1,6,1,44,7,885,1,18,3,1
2014214003237,1,9,0,18,0,6,0,0,0,0,3,1,6,1,17,4,1242,1,8,9,3
2014214003237,2,9,0,17,0,8,0,0,0,0,1,1,2,1,43,7,1560,2,4,8,3
2014214003238,1,5,0,18,0,0,0,0,0,0,1,1,6,1,52,8,847,1,1,9,1
2014214003238,2,9,0,6,0,0,0,0,0,0,3,1,6,1,30,6,2000,2,5,6,3
2014214003239,1,9,0,13,0,8,0,0,0,0,4,1,1,2,53,8,1560,2,4,2,1
2014214003239,2,1,0,9,0,5,0,0,0,0,3,1,2,1,20,4,-1,-1,-1,8,2
2014214003240,1,19,0,18,0,0,0,0,0,0,4,1,1,1,22,5,2500,2,7,8,1
2014214003241,1,5,0,9,0,5,0,0,0,0,4,1,6,1,53,8,1202,1,1,10,1
2014214003241,2,9,0,9,0,5,0,0,0,0,3,1,6,2,41,7,1598,1,2,-1,1
2014214003247,1,8,0,5,0,1,0,0,0,0,0,1,1,1,25,5,1968,2,6,1,1
2014214003252,1,9,0,18,0,2,0,0,0,0,1,1,6,1,23,5,1242,1,7,4,1
2014214003252,2,1,0,18,0,2,0,0,0,0,4,1,6,1,14,3,-1,-1,-1,1,1
2014214003253,1,9,0,18,0,1,1,0,0,0,1,1,2,2,35,6,1560,2,2,2,1
2014214003253,2,9,0,3,0,1,0,0,0,0,2,1,6,1,59,9,1560,2,4,10,1
2014214003253,3,9,0,3,0,1,0,0,0,0,2,1,6,1,66,10,-1,-1,-1,9,2
2014214003253,4,9,0,3,0,1,0,0,0,0,2,1,6,2,22,5,1389,1,10,6,1
2014214003253,5,9,0,9,0,5,0,0,0,0,0,1,6,3,-1,-1,-1,-1,-1,-1,-1
2014214003255,1,9,0,9,0,6,0,0,0,0,1,1,6,1,65,9,1753,2,4,10,1
2014214003255,2,9,0,18,0,8,0,0,0,0,3,1,6,1,42,7,1998,1,4,7,1
2014214003256,1,9,0,18,0,6,0,0,0,0,4,1,2,1,19,4,1229,1,3,8,2
2014214003256,2,9,0,9,0,5,0,0,0,0,1,1,6,1,59,9,1984,1,9,9,2
2014214003259,1,9,0,18,0,0,0,0,0,0,1,1,2,2,42,7,1995,2,4,8,2
2014214003259,2,9,0,3,0,0,0,0,0,0,2,1,6,2,57,9,998,1,2,8,3
2014214003260,1,11,0,18,0,2,0,0,0,0,1,1,1,1,32,6,3900,2,11,2,1
2014214003263,1,1,0,15,0,8,0,0,0,0,1,1,2,1,36,7,-1,-1,-1,3,1
2014214003263,2,9,0,9,0,5,0,0,0,0,4,1,6,2,26,6,1242,1,14,1,1
2014214003264,1,21,1,18,0,2,0,0,0,0,0,1,1,3,-1,-1,-1,-1,-1,-1,-1
2014214003265,1,21,1,18,0,1,0,0,0,0,1,1,1,1,47,8,11946,2,10,-1,-1
2014214003265,2,8,0,4,0,8,0,0,0,0,2,1,1,1,27,6,1998,2,6,2,1
2014214003266,1,9,0,18,0,1,0,0,0,0,1,1,6,2,66,10,1986,2,6,8,3
2014214003266,2,9,0,9,0,1,0,0,1,11,2,1,6,2,67,10,1399,2,11,8,3
2014214003275,1,5,0,13,0,1,0,0,0,0,1,1,1,1,30,6,599,1,15,5,1
2014214003275,2,9,0,9,0,5,0,0,0,0,3,1,1,1,49,8,1998,1,6,1,1
2014214003279,1,98,0,17,0,0,0,0,0,0,1,1,1,3,-1,-1,-1,-1,-1,-1,-1
2014214003279,2,5,0,18,0,0,0,0,0,0,1,1,6,1,37,7,636,1,9,9,3
2014214003279,3,9,0,3,0,0,0,0,0,0,2,1,1,1,49,8,1685,2,-1,10,1
2014214003280,1,9,0,9,0,6,0,0,0,0,4,1,6,2,22,5,1461,2,-1,10,3
2014214003280,2,9,0,18,0,6,0,0,0,0,1,1,6,2,83,11,-1,-1,-1,4,1
2014214003282,1,9,0,9,0,6,0,0,0,0,1,1,1,1,58,9,1598,1,1,6,3
2014214003282,2,9,0,18,0,8,0,0,0,0,1,1,1,1,20,4,1149,1,4,10,1
2014214003284,1,3,0,18,0,1,0,0,0,0,1,1,6,1,18,4,782,1,11,6,2
2014214003284,2,9,0,4,0,1,0,0,0,0,2,1,1,1,39,7,2143,2,2,8,2
2014214003286,1,9,0,13,0,8,0,0,0,0,4,1,6,1,-1,-1,1679,1,14,2,1
2014214003286,2,9,0,9,0,5,0,0,0,0,3,1,1,1,33,6,-1,-1,-1,2,1
2014214003291,1,9,0,17,0,8,0,0,0,0,1,1,6,2,25,5,1598,1,9,5,1
2014214003291,2,9,0,18,0,5,0,0,0,0,1,1,6,1,37,7,1984,1,13,3,1
2014214003292,1,19,0,18,0,1,0,0,0,0,1,1,6,1,-1,-1,1995,2,-1,-1,-1
2014214003292,2,9,0,3,0,1,0,0,0,0,2,1,1,2,33,6,1796,1,9,2,1
2014214003292,3,9,0,3,0,1,0,0,0,0,2,1,1,2,29,6,1242,1,2,3,1
2014214003293,1,9,0,18,0,1,0,0,0,0,1,1,6,1,80,11,1339,1,-1,6,1
2014214003293,2,9,0,3,0,2,0,0,0,0,2,1,6,2,78,11,1198,1,3,8,1
2014214003293,3,21,1,3,0,1,0,0,0,0,0,1,1,1,-1,-1,12419,2,3,-1,-1
2014214003294,1,9,0,17,0,2,0,0,0,0,1,1,6,2,34,6,1598,1,9,5,1
2014214003294,2,1,0,18,0,1,0,0,0,0,1,1,3,1,13,3,-1,-1,-1,6,1
2014214003299,1,9,0,4,0,0,0,0,0,0,1,1,6,1,27,6,1956,2,5,3,1
2014214003299,2,5,0,3,0,0,0,0,0,0,2,1,6,2,30,6,-1,-1,-1,2,1
2014214003303,1,9,0,18,0,1,0,0,0,0,1,1,6,1,68,10,2231,2,-1,2,1
2014214003303,2,9,0,3,0,1,0,0,0,0,2,1,6,1,36,7,1497,1,14,1,1
2014214003305,1,9,0,18,0,0,2,0,1,9,1,1,2,1,29,6,1397,1,6,6,1
2014214003309,1,9,0,18,0,1,0,0,0,0,0,1,6,1,35,6,-1,-1,-1,1,1
2014214003310,1,9,0,18,0,6,0,0,0,0,1,1,6,2,20,4,1124,1,10,7,1
2014214003310,2,21,0,18,0,8,0,0,0,0,4,1,2,1,63,9,4461,2,4,7,3
2014214003311,1,9,0,18,0,1,0,0,0,0,1,1,1,2,24,5,1587,1,8,7,1
2014214003311,2,9,0,3,0,1,0,0,0,0,2,1,6,1,49,8,1390,1,13,7,3
2014214003314,1,9,0,1,0,8,0,0,0,0,0,1,6,1,24,5,-1,-1,-1,1,1
2014214003314,2,9,0,7,0,8,0,0,0,0,0,1,1,2,41,7,-1,-1,-1,1,1
2014214003318,1,19,0,7,0,1,0,0,0,0,4,1,6,3,-1,-1,1996,2,3,-1,-1
2014214003318,2,1,0,15,0,1,0,0,0,0,1,1,6,1,32,6,-1,-1,-1,4,1
2014214003319,1,9,0,1,0,6,0,0,0,0,2,1,6,1,43,7,-1,-1,-1,10,1
2014214003320,1,9,0,3,0,1,0,0,0,0,1,1,6,1,32,6,2198,1,10,3,1
2014214003320,2,9,0,18,0,1,0,0,0,0,2,1,1,1,48,8,-1,-1,-1,3,1
2014214003327,1,9,0,9,0,6,0,0,0,0,1,1,6,1,67,10,1997,1,12,3,1
2014214003327,2,9,0,18,0,8,0,0,0,0,1,1,6,2,74,10,1242,1,16,4,1
2014214003328,1,9,0,13,0,1,0,0,0,0,4,1,6,2,74,10,1390,1,18,8,1
2014214003328,2,1,0,9,0,1,0,0,0,0,3,1,6,1,45,7,-1,-1,-1,8,1
2014214003329,1,9,0,18,0,8,0,0,0,0,4,1,6,2,55,8,-1,-1,-1,8,1
2014214003329,2,9,0,9,0,6,0,0,0,0,1,1,6,1,26,6,-1,-1,-1,9,1
2014214003330,1,9,0,18,0,0,0,0,7,11,3,1,6,1,47,8,2172,2,12,1,1
2014214003330,2,1,0,18,9,0,0,0,0,0,4,1,6,1,22,5,-1,-1,-1,2,1
2014214003331,1,9,0,18,0,1,0,0,0,0,1,1,6,1,20,4,-1,-1,-1,6,3
2014214003331,2,9,0,3,0,1,0,0,1,1,2,1,6,2,19,4,973,1,14,7,1
2014214003331,3,9,0,9,0,5,0,0,0,0,0,1,6,3,-1,-1,-1,-1,-1,-1,-1
2014214003334,1,9,0,9,0,6,0,0,0,0,1,1,2,2,19,4,973,1,13,6,1
2014214003334,2,9,0,18,0,8,0,0,0,0,4,1,6,2,48,8,1299,1,13,1,1
2014214003337,1,1,0,18,0,4,0,0,0,0,1,1,6,1,43,7,-1,-1,-1,7,1
2014214003337,2,9,0,9,0,8,0,0,0,0,4,1,6,2,21,5,1198,1,4,8,1
2014214003338,1,9,0,9,0,6,0,0,0,0,1,1,6,1,66,10,5000,1,1,9,1
2014214003338,2,5,0,18,0,8,0,0,0,0,3,1,6,1,55,8,1002,1,17,8,1
2014214003339,1,9,0,9,0,8,0,0,0,0,4,1,6,2,20,4,998,1,15,1,1
2014214003339,2,9,0,18,0,8,0,0,0,0,1,1,6,1,26,6,1149,1,4,5,1
2014214003340,1,9,0,18,0,8,0,0,0,0,3,1,6,2,34,6,1242,1,7,2,1
2014214003340,2,8,0,18,0,8,0,0,0,0,1,1,1,1,40,7,1798,7,6,2,1
2014214003341,1,5,0,16,0,1,1,0,7,0,1,1,6,2,59,9,599,1,12,3,1
2014214003343,1,19,0,4,0,1,1,9,4,1,1,1,6,1,21,5,1686,2,9,7,3
2014214003346,1,11,0,18,0,8,0,0,0,0,3,1,1,1,58,9,7300,2,12,3,1
2014214003346,2,9,0,18,0,8,0,0,0,0,4,1,6,2,36,7,1560,2,7,-1,-1
2014214003348,1,9,0,16,0,0,0,0,0,0,4,1,6,1,21,5,1395,1,1,6,1
2014214003349,1,9,0,9,0,5,0,0,0,0,3,1,6,2,72,10,1968,2,-1,7,1
2014214003349,2,9,0,18,0,8,0,0,0,0,1,1,6,2,31,6,1242,1,13,1,1
2014214003351,1,2,0,18,0,2,0,10,0,0,1,1,6,2,49,8,125,1,1,2,1
2014214003352,1,9,0,18,0,1,0,0,0,0,1,1,6,2,66,10,1339,1,8,5,3
2014214003352,2,9,0,3,0,1,0,0,0,0,2,1,6,1,18,4,1398,2,4,5,1
2014214003354,1,5,0,4,0,1,1,0,0,0,3,1,6,1,39,7,599,1,18,3,1
2014214003354,2,9,0,4,0,1,0,0,0,0,0,1,6,3,-1,-1,-1,-1,-1,-1,-1
2014214003355,1,9,0,9,0,6,0,0,0,0,3,1,1,2,26,6,1598,2,2,6,1
2014214003355,2,9,0,18,0,8,0,0,0,0,1,1,1,2,42,7,1242,1,11,10,1
2014214003357,1,1,0,18,0,6,0,0,0,0,1,1,6,1,7,2,-1,-1,-1,8,1
2014214003357,2,9,0,18,0,1,0,0,0,0,1,1,6,1,17,4,998,1,8,8,1
2014214003359,1,9,0,18,0,1,1,0,3,9,1,1,6,2,17,4,1299,1,12,8,2
2014214003365,1,5,0,18,0,0,1,0,0,0,1,1,6,1,32,6,599,1,9,3,1
2014214003365,2,9,0,2,0,0,0,0,0,0,3,1,6,2,44,7,1498,1,12,-1,-1
2014214003365,3,9,0,2,0,0,0,0,0,0,2,1,6,1,-1,-1,1769,1,10,-1,-1
2014214003367,1,9,0,17,0,8,0,0,0,0,1,1,6,2,25,5,1598,1,13,4,1
2014214003367,2,9,0,9,0,5,0,0,0,0,1,1,6,1,38,7,1596,1,4,-1,-1
2014214003368,1,3,0,13,0,0,0,0,0,0,4,1,6,1,19,4,-1,-1,-1,2,1
2014214003368,2,9,0,14,0,0,0,0,0,0,3,1,6,1,38,7,1341,1,11,7,1
2014214003368,3,9,0,2,0,0,0,0,0,0,3,1,6,1,33,6,1968,2,1,-1,1
2014214003369,1,9,0,9,0,6,0,0,0,0,3,1,6,3,-1,-1,-1,-1,-1,-1,-1
2014214003369,2,1,0,18,0,8,0,0,0,0,1,1,6,1,19,4,-1,-1,-1,8,1
2014214003370,1,9,0,11,0,8,0,0,0,0,1,1,6,1,27,6,1598,1,11,2,1
2014214003370,2,9,0,18,0,8,0,0,0,0,2,1,6,2,23,5,1598,1,8,6,1
2014214003371,1,21,1,11,0,0,0,0,0,0,1,1,1,1,52,8,11946,2,1,-1,-1
2014214003371,2,9,0,18,0,0,0,0,0,0,2,1,6,2,25,5,1299,1,10,8,1
2014214003372,1,9,0,17,0,0,2,0,7,11,1,1,1,1,42,7,1997,2,14,7,3
2014214003373,1,9,0,18,0,0,2,0,5,6,1,1,6,1,38,7,1364,1,8,3,1
2014214003373,2,9,0,18,0,0,1,0,4,6,2,1,6,1,39,7,1995,2,8,2,1
2014214003374,1,9,0,18,0,1,0,0,0,0,1,1,6,2,37,7,-1,-1,-1,6,1
2014214003374,2,9,0,9,0,1,0,0,0,0,2,1,6,1,19,4,1149,1,11,9,1
2014214003377,1,9,0,9,0,5,0,0,0,0,0,1,6,3,-1,-1,-1,-1,-1,-1,-1
2014214003377,2,9,0,18,0,1,0,0,0,0,1,1,6,1,22,5,2671,1,15,-1,-1
2014214003377,3,1,0,18,0,8,0,0,0,0,1,1,6,1,22,5,-1,-1,-1,7,1
2014214003382,1,10,0,4,0,1,0,0,0,0,1,1,1,1,23,5,2198,2,1,2,1
2014214003382,2,9,0,4,0,1,0,0,0,0,2,1,6,1,34,6,1388,1,10,8,1
2014214003383,1,9,0,9,0,6,0,0,0,0,1,1,1,1,30,6,1956,2,3,6,1
2014214003383,2,1,0,18,0,8,0,0,0,0,1,1,6,1,50,8,-1,-1,-1,3,1
2014214003384,1,9,0,4,0,4,0,0,0,0,2,1,6,1,62,9,1329,1,3,5,1
2014214003384,2,9,0,4,0,4,0,0,0,0,1,1,6,1,24,5,1598,1,8,6,1
2014214003385,1,9,0,9,0,6,0,0,0,0,1,1,6,2,25,5,1360,1,11,5,1
2014214003385,2,9,0,9,0,5,0,0,0,0,3,1,6,1,45,7,998,1,14,1,1
2014214003388,1,9,0,5,0,2,0,0,0,0,1,1,2,1,27,6,1896,2,8,6,1
2014214003388,2,9,0,3,0,2,0,0,0,0,2,1,1,2,29,6,1242,1,8,2,1
2014214003388,3,9,0,3,0,2,0,0,0,0,2,1,2,2,29,6,1598,1,7,3,1
2014214003391,1,4,0,18,0,1,0,0,0,0,0,1,6,2,17,4,124,1,2,1,1
2014214003391,2,9,0,1,0,5,0,0,0,0,0,1,6,1,90,11,1197,1,3,4,1
2014214003398,1,21,0,18,0,0,0,0,0,0,3,1,1,1,29,6,9364,2,10,9,3
2014214003398,2,9,0,18,0,0,0,0,0,0,3,1,6,2,43,7,1596,1,4,7,2
2014214003399,1,9,0,18,0,8,0,0,0,0,1,1,2,1,26,6,1968,2,4,6,1
2014214003399,2,9,0,9,0,6,0,0,0,0,3,1,2,1,52,8,1598,2,2,10,1
2014214003400,1,9,0,7,0,6,0,0,0,0,1,1,6,3,-1,-1,-1,-1,-1,-1,-1
2014214003400,2,9,0,9,0,5,0,0,0,0,3,1,6,1,34,6,1587,1,18,8,1
2014214003401,1,9,0,18,0,8,0,0,0,0,1,1,6,1,26,6,969,1,12,5,1
2014214003401,2,9,0,9,0,6,0,0,0,0,3,1,6,1,22,5,2521,1,7,8,1
2014214003402,1,9,0,18,0,0,2,0,1,7,1,1,6,1,38,7,1595,1,1,5,1
2014214003404,1,9,0,12,0,8,1,0,5,6,1,1,6,1,33,6,2000,1,8,4,1
2014214003406,1,9,0,16,0,0,1,0,0,0,1,1,2,1,46,8,1275,1,18,5,3
2014214003406,2,9,0,17,0,0,0,0,0,0,3,1,6,1,77,11,2435,1,20,8,1
2014214003408,1,9,0,18,0,0,0,0,0,0,1,1,6,1,52,8,1596,1,11,5,1