Accident_Index,Vehicle_Reference,Vehicle_Type,Towing_and_Articulation,Vehicle_Manoeuvre,Vehicle_Location-Restricted_Lane,Junction_Location,Skidding_and_Overturning,Hit_Object_in_Carriageway,Vehicle_Leaving_Carriageway,Hit_Object_off_Carriageway,1st_Point_of_Impact,Was_Vehicle_Left_Hand_Drive?,Journey_Purpose_of_Driver,Sex_of_Driver,Age_of_Driver,Age_Band_of_Driver,Engine_Capacity_(CC),Propulsion_Code,Age_of_Vehicle,Driver_IMD_Decile,Driver_Home_Area_Type
2014214004065,1,9,0,4,0,0,0,0,0,0,2,1,6,2,-1,-1,-1,-1,-1,7,2
2014214004065,2,9,0,4,0,0,0,0,0,0,2,1,6,2,23,5,1956,2,1,3,1
2014214004065,3,9,0,4,0,0,1,0,0,0,1,1,6,1,38,7,1390,1,16,9,1
2014214004065,4,9,0,4,0,0,0,0,0,0,0,1,6,3,-1,-1,-1,-1,-1,-1,-1
2014214004066,1,9,0,18,0,1,0,0,0,0,1,1,1,1,29,6,-1,-1,-1,-1,1
2014214004066,2,21,0,4,0,4,0,0,0,0,2,1,1,1,30,6,9200,2,5,9,1
2014214004067,1,9,0,16,0,0,0,0,0,0,3,1,2,1,30,6,1598,1,11,2,1
2014214004067,2,9,0,17,0,0,0,0,0,0,3,1,2,2,33,6,1975,7,7,8,3
2014214004069,1,9,0,17,0,0,2,0,2,10,1,1,2,2,22,5,998,1,11,2,1
2014214004070,1,9,0,9,0,6,0,0,0,0,1,1,6,2,23,5,1388,1,10,7,1
2014214004070,2,9,0,18,0,8,0,0,0,0,1,1,6,1,44,7,1558,1,12,4,1
2014214004073,1,9,0,6,9,0,0,0,7,11,1,1,6,2,49,8,-1,-1,-1,2,1
2014214004074,1,9,0,18,0,1,1,0,0,0,1,1,6,1,33,6,1360,1,11,7,1
2014214004074,2,9,0,10,0,1,0,0,0,0,2,1,6,1,53,8,1968,2,1,6,3
2014214004079,1,9,0,17,0,0,1,10,7,7,1,1,6,1,27,6,1124,1,12,5,1
2014214004080,1,9,0,17,0,0,1,0,0,0,1,1,6,1,18,4,1761,1,13,-1,-1
2014214004080,2,9,0,18,0,0,0,0,0,0,1,1,6,2,62,9,1598,1,6,6,1
2014214004081,1,9,0,16,0,0,1,0,0,0,1,1,6,2,20,4,1360,1,13,7,3
2014214004081,2,9,0,17,0,0,0,0,0,0,1,1,6,1,66,10,1896,2,12,9,3
2014214004082,1,19,0,4,0,0,0,0,0,0,2,1,6,2,31,6,1399,2,3,4,1
2014214004082,2,9,0,4,0,0,0,0,0,0,1,1,6,1,49,8,1968,2,3,-1,1
2014214004082,3,9,0,4,0,0,0,0,0,0,4,1,6,1,32,6,2720,2,6,-1,1
2014214004082,4,5,0,4,0,0,0,0,0,0,3,1,2,1,50,8,998,1,10,7,2
2014214004091,1,21,1,18,0,0,0,0,1,11,1,1,1,1,27,6,-1,2,10,7,3
2014214004093,1,9,0,1,0,0,0,0,0,0,2,1,1,1,46,8,998,1,1,1,1
2014214004094,1,9,0,18,0,1,0,0,0,0,1,1,6,1,32,6,1896,2,8,1,1
2014214004094,2,9,0,4,0,1,0,0,0,0,2,1,6,2,22,5,1242,1,2,4,1
2014214004101,1,9,0,16,0,0,2,10,7,4,1,1,6,1,18,4,1149,1,10,2,1
2014214004103,1,8,0,18,0,1,0,0,0,0,1,1,1,1,36,7,1896,2,7,2,1
2014214004105,1,9,0,9,0,6,0,0,0,0,1,1,2,2,48,8,1248,1,3,8,1
2014214004105,2,5,0,18,0,8,0,0,0,0,1,1,2,1,55,8,599,1,13,9,1
2014214004107,1,90,0,18,0,0,0,0,0,0,1,1,6,1,18,4,-1,-1,-1,2,1
2014214004107,2,9,0,18,0,0,0,0,0,0,1,1,6,1,56,9,998,1,1,9,1
2014214004107,3,9,0,2,0,0,0,0,0,0,3,1,6,1,39,7,1796,1,7,2,1
2014214004108,1,9,0,17,0,4,0,0,0,0,1,1,6,1,55,8,1753,2,6,7,2
2014214004108,2,9,0,9,0,8,0,0,0,0,4,1,6,2,22,5,1461,2,-1,-1,-1
2014214004109,1,9,0,14,0,0,0,0,0,0,1,1,6,1,62,9,1108,1,12,6,1
2014214004110,1,9,0,5,0,8,0,0,0,0,3,1,1,1,23,5,1390,1,1,1,1
2014214004110,2,9,0,18,0,8,0,0,0,0,4,1,6,2,68,10,1388,1,3,2,1
2014214004111,1,9,0,18,0,8,1,10,1,11,1,1,6,1,38,7,2616,1,10,5,1
2014214004112,1,19,0,4,0,2,1,0,0,0,1,1,1,1,55,8,1905,2,17,7,1
2014214004112,2,9,0,3,0,2,0,0,0,0,2,1,6,1,58,9,1461,2,4,3,1
2014214004112,3,9,0,3,0,2,0,0,0,0,2,1,6,2,30,6,-1,-1,-1,3,1
2014214004115,1,9,0,18,0,0,0,0,0,0,0,1,1,1,-1,-1,-1,-1,-1,-1,-1
2014214004116,1,9,0,17,0,0,1,0,1,4,3,1,6,2,17,4,1299,1,11,5,1
2014214004119,1,9,0,14,0,0,0,0,0,0,3,1,6,1,39,7,1997,2,8,2,1
2014214004125,1,9,0,1,0,6,0,0,1,11,3,1,6,2,96,11,1360,1,11,8,3
2014214004132,1,4,0,18,0,0,0,0,0,0,1,1,6,2,21,5,249,1,6,1,1
2014214004132,2,9,0,4,0,0,0,0,0,0,2,1,1,1,26,6,1796,1,15,1,1
2014214004134,1,9,0,18,0,6,0,0,0,0,4,1,6,1,66,10,1995,2,1,9,1
2014214004134,2,21,0,18,0,8,0,0,0,0,1,1,1,1,29,6,-1,-1,-1,5,1
2014214004138,1,9,0,18,0,0,0,0,0,0,1,1,6,2,38,7,1686,2,4,8,3
2014214004138,2,9,0,4,0,0,0,0,0,0,2,1,6,2,44,7,1461,2,13,5,1
2014214004138,3,9,0,3,0,0,0,0,0,0,2,1,6,1,75,10,1598,1,1,9,1
2014214004140,1,9,0,9,0,5,0,0,0,0,1,1,6,2,48,8,-1,-1,-1,10,3
2014214004140,2,1,0,18,0,8,0,0,0,0,1,1,6,1,35,6,-1,-1,-1,7,3
2014214004141,1,5,0,18,0,8,0,0,0,0,4,1,6,1,33,6,998,1,5,1,1
2014214004141,2,9,0,18,0,8,0,0,0,0,3,1,6,1,53,8,1598,7,12,7,2
2014214004142,1,9,0,1,0,6,0,0,0,0,2,1,6,2,31,6,2362,1,12,1,1
2014214004142,2,9,0,2,0,1,0,0,0,0,1,1,6,1,35,6,1984,1,1,-1,-1
2014214004143,1,9,0,18,0,1,0,0,0,0,1,1,6,2,20,4,1242,1,12,1,1
2014214004143,2,8,0,4,0,1,0,0,0,0,2,1,1,1,32,6,-1,-1,-1,2,1
2014214004144,1,8,0,5,0,0,0,0,0,0,0,1,1,1,-1,-1,-1,-1,-1,-1,-1
2014214004145,1,9,0,4,0,1,0,0,0,0,1,1,6,2,33,6,1397,1,13,3,1
2014214004145,2,9,0,4,0,1,0,0,0,0,2,1,6,1,73,10,-1,-1,-1,-1,-1
2014214004148,1,9,0,5,0,6,0,0,0,0,3,1,6,2,56,9,1364,1,5,8,1
2014214004148,2,1,0,18,9,8,0,0,0,0,1,1,6,1,15,3,-1,-1,-1,5,1
2014214004149,1,8,0,18,0,0,0,0,0,0,0,1,1,1,31,6,1998,2,6,7,1
2014214004151,1,9,0,4,0,1,0,0,0,0,2,1,6,1,64,9,1997,2,10,6,1
2014214004151,2,9,0,18,0,1,0,0,0,0,1,1,6,2,-1,-1,1896,2,7,3,2
2014214004154,1,9,0,18,0,1,0,0,0,0,1,1,6,1,42,7,-1,-1,-1,6,1
2014214004154,2,9,0,3,0,1,0,0,0,0,2,1,6,2,33,6,1995,2,6,7,1
2014214004167,1,19,0,18,0,1,0,0,0,0,1,1,6,1,69,10,2151,2,14,8,1
2014214004167,2,9,0,4,0,1,0,0,0,0,2,1,6,1,51,8,2982,2,-1,4,1
2014214004168,1,9,0,9,0,6,0,0,0,0,1,1,1,1,50,8,3456,8,2,6,1
2014214004168,2,9,0,18,0,8,0,0,0,0,4,1,1,1,71,10,1998,2,8,7,1
2014214004168,3,9,0,18,0,8,0,0,0,0,1,1,1,1,64,9,-1,-1,-1,5,1
2014214004169,1,9,0,9,0,5,0,0,0,0,3,1,6,1,50,8,1995,2,2,8,1
2014214004169,2,9,0,9,0,6,0,0,0,0,1,1,6,2,39,7,1986,2,7,6,1
2014214004170,1,19,0,17,0,8,0,0,0,0,1,1,6,1,22,5,1995,2,2,5,1
2014214004170,2,9,0,18,0,8,0,0,0,0,4,1,6,1,35,6,1997,1,10,3,1
2014214004171,1,9,0,16,0,8,0,0,0,0,4,1,1,1,56,9,1753,2,18,5,1
2014214004171,2,1,0,18,0,6,0,0,0,0,1,1,6,1,16,4,-1,-1,-1,4,1
2014214004173,1,9,0,18,0,1,0,0,0,0,1,1,6,1,28,6,1998,1,9,4,1
2014214004173,2,9,0,3,0,1,0,0,0,0,2,1,6,1,18,4,1199,1,10,1,1
2014214004176,1,1,0,9,0,6,0,0,0,0,1,1,6,1,17,4,-1,-1,-1,10,1
2014214004176,2,3,0,18,0,8,0,0,0,0,1,1,6,1,18,4,-1,-1,-1,6,1
2014214004177,1,9,0,18,0,0,0,0,7,10,1,1,2,1,52,8,1360,1,11,7,1
2014214004178,1,9,0,18,0,0,0,0,0,0,1,1,2,2,29,6,998,1,4,9,1
2014214004178,2,9,0,18,0,0,0,0,0,0,1,1,2,1,22,5,-1,-1,-1,5,1
2014214004179,1,9,0,3,0,0,0,0,0,0,2,1,1,2,25,5,1956,2,3,10,1
2014214004179,2,9,0,3,0,0,0,0,0,0,2,1,6,2,42,7,-1,-1,-1,10,1
2014214004179,3,9,0,3,0,0,0,0,0,0,2,1,6,2,22,5,1360,1,12,-1,3
2014214004179,4,9,0,18,0,0,0,0,0,0,1,1,1,1,34,6,1956,2,2,3,1
2014214004180,1,9,0,5,0,6,0,0,0,0,0,1,6,2,-1,-1,1242,1,2,-1,-1
2014214004180,2,8,0,4,0,1,0,0,0,0,0,1,1,1,31,6,1910,2,6,1,1
2014214004183,1,9,0,9,0,6,0,0,0,0,3,1,6,3,-1,-1,-1,-1,-1,-1,-1
2014214004184,1,9,0,18,0,0,0,0,0,0,3,1,6,1,35,6,1560,2,7,4,1
2014214004184,2,9,0,18,0,0,0,0,0,0,3,1,1,2,26,6,-1,-1,-1,9,2
2014214004185,1,98,0,18,0,0,0,0,0,0,1,1,6,1,36,7,10518,2,4,1,1
2014214004185,2,9,0,4,0,0,0,0,0,0,2,1,6,1,47,8,1995,2,1,8,1
2014214004185,3,9,0,4,0,0,0,0,0,0,2,1,6,1,53,8,-1,-1,-1,-1,-1
2014214004185,4,9,0,4,0,0,0,0,0,0,2,1,6,1,83,11,1686,2,11,-1,-1
2014214004186,1,9,0,7,0,8,0,0,0,0,4,1,6,3,-1,-1,1798,1,8,-1,-1
2014214004186,2,1,0,18,0,8,0,0,0,0,3,1,6,1,32,6,-1,-1,-1,1,1
2014214004187,1,9,0,18,0,0,1,0,6,6,1,1,6,2,24,5,2387,2,7,-1,1
2014214004188,1,9,0,18,0,6,0,0,0,0,1,1,6,1,22,5,-1,-1,-1,4,1
2014214004188,2,9,0,18,0,8,0,0,0,0,4,1,6,1,59,9,1388,1,11,1,1
2014214004189,1,9,0,18,0,0,0,0,0,0,1,1,6,2,48,8,1461,2,6,1,1
2014214004189,2,9,0,6,0,0,0,0,0,0,2,1,6,1,51,8,1783,1,11,4,1
2014214004190,1,9,0,9,0,6,0,0,0,0,1,1,6,2,-1,-1,1198,1,3,10,1
2014214004190,2,9,0,18,0,8,0,0,0,0,4,1,6,2,20,4,1364,1,5,-1,-1
2014214004192,1,9,0,18,0,8,0,0,0,0,4,1,6,1,49,8,1781,1,12,3,1
2014214004192,2,9,0,18,0,8,0,0,0,0,1,1,6,1,54,8,1995,2,14,1,1
2014214004194,1,9,0,18,0,1,0,0,0,0,1,1,6,2,77,11,1598,1,8,7,1
2014214004194,2,9,0,4,0,1,0,0,0,0,2,1,6,1,24,5,-1,-1,-1,-1,-1
2014214004198,1,9,0,18,0,6,0,0,0,0,3,1,6,2,69,10,1339,1,2,6,1
2014214004198,2,9,0,18,0,8,0,0,0,0,1,1,6,1,20,4,1368,1,7,7,1
2014214004200,1,9,0,17,0,0,2,10,1,10,1,1,1,1,23,5,1461,2,10,1,1
2014214004202,1,3,0,18,0,0,0,0,0,0,1,1,6,1,20,4,125,1,-1,2,1
2014214004202,2,9,0,4,0,0,0,0,0,0,2,1,6,1,69,10,1999,1,13,3,1
2014214004203,1,9,0,7,0,2,0,0,0,0,4,1,2,1,52,8,2793,1,17,2,1
2014214004203,2,5,0,7,0,2,0,0,0,0,3,1,6,1,48,8,-1,-1,-1,7,3
2014214004204,1,8,0,7,0,5,0,0,0,0,4,1,1,1,30,6,1896,2,6,1,1
2014214004204,2,11,0,5,0,1,0,0,0,0,1,1,1,1,25,5,9600,2,20,1,1
2014214004205,1,9,0,16,0,0,0,0,0,0,3,1,6,1,20,4,1198,1,2,6,1
2014214004205,2,9,0,17,0,0,0,0,0,0,4,1,1,1,43,7,-1,-1,-1,4,1
2014214004206,1,9,0,18,0,0,0,0,0,0,1,1,2,2,47,8,-1,-1,-1,7,1
2014214004206,2,9,0,3,0,0,0,0,0,0,2,1,6,2,37,7,2393,1,5,5,1
2014214004206,3,9,0,3,0,0,0,0,0,0,2,1,6,1,58,9,1596,1,3,10,1
2014214004208,1,9,0,9,0,5,0,0,1,10,4,1,6,2,28,6,1390,1,10,3,3
2014214004208,2,5,0,18,0,8,0,0,0,0,1,1,6,1,33,6,996,1,17,2,1
2014214004209,1,9,0,13,0,8,0,0,0,0,1,1,6,2,47,8,1798,1,10,6,3
2014214004209,2,9,0,9,0,5,0,0,0,0,3,1,1,2,23,5,1229,1,9,1,1
2014214004210,1,9,0,18,0,4,0,0,0,0,3,2,6,1,-1,-1,-1,-1,-1,-1,-1
2014214004210,2,5,0,18,0,8,0,0,0,0,1,1,1,1,52,8,748,1,23,3,1
2014214004212,1,3,0,18,0,0,0,0,0,0,1,1,6,1,22,5,124,1,25,1,1
2014214004212,2,9,0,3,0,0,0,0,0,0,1,1,6,2,51,8,1390,1,2,9,1
2014214004214,1,9,0,14,0,0,0,0,0,0,1,1,6,1,19,4,1242,1,10,5,3
2014214004214,2,1,0,18,0,0,0,0,0,0,1,1,6,2,11,3,-1,-1,-1,8,2
2014214004216,1,9,0,16,0,0,5,10,0,0,4,1,6,1,62,9,2179,2,2,8,3
2014214004220,1,9,0,9,0,8,0,0,0,0,1,1,6,2,39,7,1796,1,3,9,1
2014214004220,2,9,0,18,0,8,0,0,0,0,1,1,6,2,53,8,1498,1,5,10,1
2014214004221,1,9,0,4,0,0,0,0,0,0,1,1,6,1,25,5,1598,1,12,5,1
2014214004221,2,9,0,4,0,0,0,0,0,0,2,1,6,2,31,6,1968,2,2,1,1
2014214004227,1,9,0,17,0,1,0,0,1,1,1,1,6,1,63,9,1699,1,8,9,1
2014214004230,1,5,0,13,0,0,0,0,0,0,1,1,1,1,29,6,-1,-1,-1,8,1
2014214004230,2,9,0,18,0,0,0,0,0,0,1,1,6,1,60,9,1560,2,4,8,1
2014214004230,3,21,0,18,0,0,0,0,0,0,0,1,1,1,34,6,5880,2,9,5,1
2014214004232,1,9,0,18,0,0,0,0,0,0,1,1,6,1,45,7,1997,2,7,3,1
2014214004232,2,9,0,4,0,0,0,0,0,0,2,1,6,1,66,10,1997,2,1,9,1
2014214004232,3,9,0,4,0,0,0,0,0,0,2,1,6,1,59,9,1896,2,13,9,1
2014214004233,1,19,0,18,0,0,0,0,0,0,1,1,1,1,46,8,2198,2,3,2,1
2014214004233,2,21,0,4,0,0,0,0,0,0,2,1,1,1,41,7,-1,-1,-1,10,1
2014214004236,1,9,0,2,0,0,0,0,0,0,3,1,6,1,20,4,-1,-1,-1,-1,-1
2014214004236,2,1,0,14,0,0,0,0,0,0,4,1,6,1,19,4,-1,-1,-1,5,1
2014214004243,1,9,0,18,0,4,0,0,0,0,1,1,6,1,72,10,1461,2,5,8,2
2014214004243,2,9,0,18,0,8,0,0,0,0,1,1,6,1,49,8,1388,1,4,6,1
2014214004247,1,9,0,4,0,6,2,0,7,10,3,1,6,1,54,8,1199,1,12,2,1
2014214004247,2,9,0,18,0,8,0,0,7,10,1,1,6,1,57,9,2987,2,1,8,3
2014214004249,1,9,0,9,0,6,0,0,0,0,1,1,2,1,34,6,2902,2,12,5,1
2014214004249,2,9,0,18,0,8,0,0,0,0,2,1,6,1,65,9,1560,2,3,5,1
2014214004251,1,9,0,9,0,6,0,0,0,0,3,1,6,2,45,7,1598,1,13,3,1
2014214004251,2,9,0,17,0,8,1,0,0,0,1,1,6,1,22,5,2720,2,7,8,3
2014214004252,1,3,0,18,0,0,0,0,0,0,1,1,6,1,-1,-1,-1,-1,-1,3,1
2014214004252,2,9,0,16,0,0,0,0,0,0,1,1,1,1,38,7,1560,2,1,5,1
2014214004253,1,9,0,18,0,0,0,0,4,6,3,1,6,2,43,7,2497,2,13,4,1
2014214004263,1,9,0,18,0,4,0,0,0,0,1,1,2,2,45,7,1753,2,6,10,2
2014214004263,2,1,0,18,0,8,0,0,0,0,4,1,6,1,44,7,-1,-1,-1,8,3
2014214004264,1,21,0,12,0,0,0,0,0,0,0,1,1,1,40,7,5900,2,12,7,1
2014214004264,2,9,0,13,0,0,2,0,0,0,0,1,6,1,48,8,1998,1,8,10,2
2014214004268,1,9,0,5,0,1,0,0,0,0,0,1,6,1,67,10,-1,-1,-1,7,1
2014214004268,2,1,0,18,9,1,0,0,0,0,0,1,6,1,57,9,-1,-1,-1,3,1
2014214004271,1,9,0,11,0,5,2,0,1,1,1,1,6,1,20,4,1749,1,12,-1,-1
2014214004274,1,9,0,18,0,1,0,0,0,0,1,1,6,2,58,9,-1,-1,-1,-1,-1
2014214004274,2,9,0,3,0,1,0,0,0,0,2,1,6,2,59,9,1405,1,10,6,1
2014214004276,1,9,0,18,0,0,0,0,0,0,1,1,6,1,58,9,1242,1,2,8,1
2014214004279,1,9,0,9,0,1,0,0,0,0,1,1,6,3,-1,-1,1896,2,12,-1,-1
2014214004279,2,9,0,10,0,1,0,0,0,0,2,1,6,2,40,7,998,1,-1,7,1
2014214004280,1,9,0,18,0,1,0,0,0,0,1,1,6,2,-1,-1,1598,1,8,-1,-1
2014214004280,2,8,0,3,0,1,0,0,0,0,2,1,1,1,45,7,1598,1,7,4,1
2014214004281,1,9,0,5,0,6,0,0,0,0,1,1,6,1,18,4,1199,1,15,7,3
2014214004281,2,9,0,18,0,8,0,0,0,0,1,1,6,2,52,8,1598,1,7,7,3
2014214004286,1,1,0,18,0,0,1,0,1,0,1,1,6,1,-1,-1,-1,-1,-1,6,3
2014214004288,1,9,0,18,0,3,0,0,0,0,1,1,6,2,41,7,-1,-1,-1,-1,-1
2014214004288,2,9,0,18,0,3,0,0,0,0,4,1,6,1,53,8,1390,1,2,5,1
2014214004291,1,9,0,4,0,1,1,0,0,0,1,1,6,2,39,7,1999,1,13,4,1
2014214004291,2,19,0,4,0,1,0,0,7,7,2,1,1,1,23,5,2198,2,1,7,1
2014214004294,1,9,0,13,0,1,0,0,0,0,0,1,6,3,-1,-1,-1,-1,-1,-1,-1
2014214004294,2,9,0,4,0,2,0,0,1,10,2,1,6,2,57,9,-1,-1,-1,7,3
2014214004294,3,19,0,4,0,2,0,0,0,0,1,1,1,1,51,8,1870,2,12,5,1
2014214004301,1,5,0,18,0,2,0,0,0,0,1,1,6,1,51,8,750,1,9,1,1
2014214004301,2,9,0,6,0,2,0,0,0,0,2,1,6,2,35,6,2400,2,3,6,1
2014214004303,1,9,0,7,0,5,0,0,0,0,3,1,6,1,-1,-1,5967,1,7,10,3
2014214004303,2,9,0,4,0,1,0,0,0,0,2,1,6,2,40,7,1461,2,7,3,1
2014214004305,1,9,0,5,0,1,0,0,0,0,3,1,6,3,-1,-1,-1,-1,-1,-1,-1
2014214004305,2,3,0,14,0,1,0,0,0,0,4,1,2,1,20,4,125,1,9,2,1
2014214004306,1,9,0,4,0,1,0,0,0,0,1,1,6,1,27,6,-1,-1,-1,3,1
2014214004306,2,9,0,3,0,1,0,0,0,0,2,1,1,1,45,7,1248,2,2,7,1
2014214004309,1,9,0,18,0,2,0,0,0,0,0,1,6,1,26,6,1794,1,9,3,1
2014214004311,1,19,0,5,0,8,0,0,0,0,0,1,1,2,36,7,1968,2,-1,3,1
2014214004313,1,9,0,9,0,8,1,0,1,7,1,1,6,1,17,4,1229,1,4,2,1
2014214004316,1,21,1,12,0,0,0,0,0,0,1,2,1,1,51,8,-1,-1,-1,-1,-1
2014214004316,2,9,0,18,0,0,0,0,0,0,4,1,6,1,50,8,1798,1,8,10,1
2014214004316,3,9,0,16,0,0,0,0,0,0,4,1,6,1,38,7,1968,2,5,7,1
2014214004320,1,9,0,14,0,0,0,0,0,0,1,1,6,2,-1,-1,1199,1,13,7,1
2014214004320,2,9,0,2,0,0,0,0,0,0,4,1,6,1,-1,-1,1991,2,6,7,1
2014214004321,1,9,0,9,0,6,0,0,0,0,1,1,2,2,22,5,1598,1,12,1,1
2014214004321,2,9,0,18,0,8,0,0,0,0,4,1,6,1,69,10,1796,1,4,6,1
2014214004321,3,9,0,18,0,8,0,0,0,0,1,1,6,1,29,6,1587,1,7,5,1
2014214004324,1,9,0,18,0,6,0,0,0,0,1,1,1,2,62,9,1248,1,4,10,1
2014214004324,2,19,0,18,0,8,0,0,0,0,2,1,1,1,36,7,-1,-1,-1,5,1
2014214004325,1,9,0,16,0,0,1,0,1,4,1,1,6,1,19,4,1248,2,1,2,1
2014214004328,1,9,0,17,0,2,0,0,0,0,1,1,6,1,-1,-1,1905,2,17,-1,-1
2014214004328,2,19,0,18,0,1,0,0,0,0,3,1,1,1,44,7,-1,-1,-1,2,1
2014214004328,3,9,0,2,0,2,0,0,0,0,3,1,6,3,-1,-1,-1,-1,-1,-1,-1
2014214004329,1,10,0,17,0,0,0,0,7,0,3,1,1,1,35,6,1998,2,9,2,1
2014214004329,2,9,0,16,0,0,0,0,0,0,3,1,6,1,23,5,1968,2,1,-1,-1
2014214004331,1,9,0,18,0,0,1,0,1,11,1,1,6,1,22,5,1797,1,15,9,1
2014214004332,1,9,0,17,0,0,0,0,1,3,1,1,6,2,21,5,1242,1,5,3,1
2014214004335,1,9,0,17,0,1,0,9,7,1,1,1,6,1,25,5,1999,1,6,10,1
2014214004342,1,9,0,5,0,8,0,0,0,0,1,1,6,2,-1,-1,1798,1,10,-1,-1
2014214004342,2,9,0,18,0,8,0,0,0,0,3,1,6,1,32,6,-1,-1,-1,1,1
2014214004344,1,19,0,1,0,6,0,0,0,0,1,1,6,1,44,7,2287,2,-1,-1,-1
2014214004345,1,9,0,18,0,1,0,0,0,0,1,1,6,1,49,8,1995,2,7,2,1
2014214004345,2,9,0,18,0,1,0,0,0,0,1,1,6,1,69,10,1996,1,17,2,1
2014214004348,1,9,0,17,0,0,0,0,0,0,1,1,6,1,73,10,1388,1,10,10,1
2014214004348,2,5,0,16,0,0,0,0,0,0,1,1,6,1,54,8,1250,1,8,1,1
2014214004351,1,9,0,18,0,1,0,0,0,0,1,1,6,1,-1,-1,-1,-1,-1,-1,-1
2014214004351,2,9,0,10,0,1,0,0,0,0,2,1,6,1,58,9,1329,1,2,10,3
2014214004356,1,5,0,18,0,8,0,0,0,0,1,1,6,1,22,5,645,1,10,1,1
2014214004356,2,9,0,7,0,5,0,0,0,0,4,1,2,2,59,9,998,1,8,5,1
2014214004359,1,8,0,13,0,2,0,0,0,0,1,1,1,1,53,8,1997,2,9,2,1
2014214004359,2,9,0,9,0,2,0,0,0,0,3,1,6,1,52,8,1398,1,9,5,1
2014214004360,1,9,0,4,0,1,0,0,0,0,2,1,6,1,-1,-1,-1,-1,-1,-1,-1
2014214004360,2,1,0,18,0,1,0,0,0,0,1,1,6,1,44,7,-1,-1,-1,5,1
2014214004361,1,9,0,7,0,5,0,0,7,11,1,1,6,2,33,6,1388,1,5,3,2
2014214004365,1,19,0,18,0,0,0,0,0,0,1,1,1,1,63,9,2402,2,3,6,1
2014214004365,2,9,0,4,0,0,0,0,1,0,2,1,6,2,56,9,1396,1,12,8,1
2014214004365,3,9,3,4,0,0,0,0,0,0,2,1,6,1,45,7,-1,-1,-1,3,1
2014214004366,1,2,0,4,0,0,1,0,0,0,1,1,6,1,16,4,49,1,14,5,1
2014214004366,2,9,0,4,0,0,0,0,0,0,1,1,6,1,84,11,1198,1,1,8,2
2014214004367,1,9,0,5,0,1,0,0,0,0,1,1,6,1,66,10,1998,1,9,8,3
2014214004367,2,9,0,3,0,1,0,0,0,0,2,1,6,1,60,9,1386,1,6,1,1
2014214004368,1,8,0,18,0,1,0,0,0,0,1,1,1,1,29,6,1753,2,5,3,1
2014214004368,2,22,0,18,0,1,0,0,0,0,4,1,6,2,74,10,-1,-1,-1,-1,1
2014214004370,1,1,0,18,0,0,0,0,0,0,1,1,6,1,15,3,-1,-1,-1,-1,1
2014214004370,2,9,0,18,0,0,0,0,0,0,4,1,6,2,74,10,1086,1,3,8,1
2014214004372,1,19,0,17,0,8,0,0,0,0,1,1,1,1,35,6,2402,2,9,3,1
2014214004372,2,9,0,17,0,8,0,0,4,6,2,1,6,2,28,6,1598,1,5,-1,-1
2014214004373,1,9,0,18,0,7,0,0,1,0,1,1,6,2,30,6,1560,2,7,1,1
2014214004373,2,9,0,4,0,7,0,0,0,0,2,1,6,1,75,10,1598,2,4,3,1
2014214004374,1,9,0,14,0,0,0,0,0,0,3,1,6,2,24,5,1461,2,1,7,1
2014214004375,1,9,0,9,0,5,0,0,0,0,1,1,6,2,29,6,2171,1,12,8,2
2014214004375,2,9,0,18,0,8,0,0,0,0,3,1,6,2,51,8,-1,-1,-1,6,1
2014214004376,1,21,1,18,0,1,0,0,0,0,1,1,1,1,59,9,11946,2,3,2,1
2014214004376,2,8,0,4,0,4,0,0,0,0,2,1,1,1,34,6,1686,2,11,5,1
2014214004377,1,9,0,4,0,1,1,0,0,0,1,1,6,1,28,6,-1,-1,-1,5,1
2014214004377,2,9,0,4,0,1,1,0,0,0,1,1,6,2,19,4,1242,1,10,10,2
2014214004377,3,9,0,3,0,1,0,0,0,0,2,1,6,1,28,6,1995,2,1,10,1
2014214004377,4,9,0,9,0,5,0,0,0,0,0,1,6,3,-1,-1,-1,-1,-1,-1,-1
2014214004378,1,9,0,9,0,6,0,0,0,0,1,1,1,1,45,7,-1,-1,-1,7,1
2014214004378,2,9,0,13,0,8,0,0,0,0,4,1,2,2,45,7,1896,2,7,-1,-1
2014214004378,3,9,0,7,0,5,0,0,0,0,0,1,6,3,-1,-1,-1,-1,-1,-1,-1
2014214004385,1,9,0,18,0,8,0,0,0,0,1,1,6,1,66,10,1800,1,14,3,1
2014214004385,2,9,0,18,0,8,0,0,0,0,1,1,6,1,51,8,973,1,12,7,3
2014214004386,1,9,0,9,0,6,0,0,0,0,1,1,6,2,-1,-1,1124,1,9,-1,-1
2014214004386,2,9,0,17,0,1,0,0,0,0,3,1,6,1,80,11,1973,1,16,5,1
2014214004389,1,4,0,17,0,1,1,0,1,11,0,1,6,1,33,6,-1,-1,-1,1,1
2014214004390,1,9,0,9,0,5,0,0,0,0,0,1,6,2,44,7,-1,-1,-1,-1,-1
2014214004390,2,1,0,18,0,8,0,0,0,0,1,1,6,1,18,4,-1,-1,-1,4,1
2014214004390,3,9,0,8,0,6,0,0,0,0,3,1,6,2,52,8,-1,-1,-1,1,1