Accident_Index,Vehicle_Reference,Vehicle_Type,Towing_and_Articulation,Vehicle_Manoeuvre,Vehicle_Location-Restricted_Lane,Junction_Location,Skidding_and_Overturning,Hit_Object_in_Carriageway,Vehicle_Leaving_Carriageway,Hit_Object_off_Carriageway,1st_Point_of_Impact,Was_Vehicle_Left_Hand_Drive?,Journey_Purpose_of_Driver,Sex_of_Driver,Age_of_Driver,Age_Band_of_Driver,Engine_Capacity_(CC),Propulsion_Code,Age_of_Vehicle,Driver_IMD_Decile,Driver_Home_Area_Type
2014214004756,1,9,0,18,0,0,0,0,0,0,2,1,6,2,43,7,1956,2,1,3,1
2014214004756,2,9,0,18,0,0,0,0,0,0,1,1,6,1,25,5,2979,1,7,4,1
2014214004757,1,9,0,18,0,4,5,0,0,0,4,1,6,2,26,6,999,1,5,4,1
2014214004757,2,5,0,18,0,8,0,0,0,0,1,1,6,1,47,8,599,1,9,-1,-1
2014214004758,1,9,0,18,0,8,0,0,0,0,0,1,6,1,25,5,1753,2,6,5,1
2014214004758,2,5,0,9,0,5,0,0,0,0,0,1,6,1,53,8,1298,1,10,8,3
2014214004759,1,11,0,16,0,1,0,0,0,0,1,1,1,1,60,9,3900,2,10,-1,-1
2014214004759,2,8,0,3,0,1,0,0,0,0,2,1,6,1,66,10,1968,2,6,7,1
2014214004761,1,17,4,2,0,0,0,0,0,0,1,1,1,1,37,7,-1,-1,-1,10,3
2014214004761,2,5,0,18,0,0,0,4,0,0,1,1,6,1,68,10,599,1,8,9,1
2014214004763,1,5,0,16,0,0,0,0,0,0,1,1,2,1,24,5,805,1,1,6,3
2014214004763,2,9,0,16,0,0,0,0,0,0,2,1,6,2,66,10,2982,2,12,8,3
2014214004764,1,17,5,16,0,0,0,0,0,0,3,1,1,1,26,6,-1,-1,-1,7,3
2014214004764,2,10,0,18,0,0,0,0,0,0,3,1,1,1,73,10,2500,2,6,10,1
2014214004764,3,19,0,16,0,0,0,0,0,0,1,1,1,1,24,5,-1,-1,-1,1,1
2014214004764,4,4,0,18,0,0,0,0,0,0,1,1,2,1,51,8,652,1,3,10,1
2014214004771,1,5,0,13,0,0,1,0,1,1,1,1,2,1,43,7,850,1,16,3,1
2014214004771,2,9,0,13,0,0,0,0,0,0,0,1,2,2,46,8,1598,1,5,9,2
2014214004771,3,9,0,18,0,0,0,0,0,0,0,1,1,1,-1,-1,1956,2,-1,1,1
2014214004772,1,2,0,18,0,8,1,10,1,0,4,1,6,1,16,4,49,1,-1,6,1
2014214004773,1,9,0,18,0,0,0,0,0,0,1,1,2,1,58,9,899,1,13,1,1
2014214004776,1,9,0,18,0,8,0,0,0,0,1,1,6,1,21,5,1388,1,11,5,1
2014214004776,2,9,0,10,0,8,0,0,0,0,2,1,6,1,58,9,1364,2,5,2,1
2014214004777,1,9,0,1,0,8,0,0,0,0,2,1,6,1,60,9,1753,2,11,3,1
2014214004778,1,9,0,18,0,1,0,0,7,0,1,1,6,3,-1,-1,-1,-1,-1,-1,-1
2014214004779,1,9,0,18,0,1,0,0,0,0,1,1,6,1,24,5,1905,2,18,-1,-1
2014214004779,2,9,0,3,0,1,0,0,0,0,2,1,6,1,82,11,1242,1,11,1,1
2014214004779,3,9,0,3,0,1,0,0,0,0,2,1,6,2,27,6,1360,1,4,7,1
2014214004779,4,9,0,18,0,1,0,0,0,0,0,1,1,1,43,7,2993,2,-1,7,1
2014214004780,1,19,4,17,0,0,5,0,1,10,1,1,6,1,54,8,2477,2,3,-1,3
2014214004780,2,21,1,18,0,0,0,0,0,0,3,1,1,1,49,8,12419,2,3,1,1
2014214004780,3,9,0,18,0,0,0,0,0,0,3,1,1,2,27,6,1968,2,2,3,1
2014214004783,1,5,0,9,0,8,1,0,0,0,4,1,1,2,43,7,599,1,12,7,1
2014214004784,1,8,0,18,0,2,0,0,0,0,4,1,1,1,40,7,2231,2,6,2,1
2014214004785,1,9,0,9,0,5,0,0,0,0,4,1,6,1,67,10,1200,1,1,7,1
2014214004785,2,1,0,18,0,8,0,0,0,0,1,1,6,1,43,7,-1,-1,-1,5,1
2014214004786,1,5,0,17,0,2,1,0,0,0,1,1,6,1,22,5,600,1,14,3,1
2014214004786,2,9,0,2,0,2,0,0,0,0,2,1,6,3,-1,-1,1596,1,9,-1,-1
2014214004787,1,1,0,18,0,2,0,0,0,0,1,1,6,1,10,2,-1,-1,-1,2,1
2014214004787,2,9,0,18,0,2,0,0,0,0,1,1,6,1,30,6,2204,2,5,2,1
2014214004788,1,19,0,18,0,0,0,0,0,0,1,1,1,1,24,5,1753,2,8,6,1
2014214004788,2,9,0,4,0,0,0,0,0,0,2,1,3,2,26,6,1799,1,5,5,1
2014214004788,3,9,0,3,0,0,0,0,0,0,2,1,2,2,50,8,-1,-1,-1,10,1
2014214004788,4,9,0,3,0,0,0,0,0,0,2,1,1,2,36,7,1248,1,3,1,1
2014214004791,1,9,0,9,0,6,0,0,0,0,1,1,6,1,17,4,-1,-1,-1,7,1
2014214004791,2,9,0,18,0,8,0,0,0,0,3,1,6,2,21,5,1968,2,6,5,1
2014214004793,1,5,0,17,0,0,1,10,1,1,1,1,6,1,23,5,645,1,15,-1,-1
2014214004797,1,9,0,18,0,2,0,10,1,11,4,1,6,1,26,6,2993,2,10,7,3
2014214004798,1,9,0,17,0,0,1,0,1,4,1,1,6,2,21,5,1229,1,-1,9,1
2014214004799,1,9,0,4,0,1,0,0,0,0,1,1,1,2,31,6,1398,1,11,1,1
2014214004799,2,9,0,3,0,1,0,0,0,0,2,1,2,1,49,8,1968,2,4,5,1
2014214004799,3,9,0,3,0,1,0,0,0,0,2,1,1,1,59,9,1896,1,16,10,1
2014214004802,1,9,0,7,0,2,0,0,0,0,1,1,6,2,38,7,1598,2,2,2,1
2014214004802,2,9,0,4,0,2,0,0,0,0,1,1,6,2,63,9,998,1,2,2,1
2014214004802,3,9,0,17,0,2,0,0,0,0,0,1,6,3,-1,-1,-1,-1,-1,-1,-1
2014214004803,1,19,0,9,0,5,0,0,0,0,4,1,6,1,16,4,1560,2,2,1,1
2014214004803,2,9,0,18,0,8,0,0,0,0,1,1,6,1,26,6,1242,1,12,1,1
2014214004803,3,9,0,3,0,1,0,0,0,0,3,1,6,1,49,8,1199,1,14,1,1
2014214004804,1,9,0,7,0,6,0,0,0,0,1,1,6,2,26,6,-1,-1,-1,6,1
2014214004804,2,9,0,3,0,2,0,0,0,0,2,1,6,2,38,7,2179,2,12,2,1
2014214004806,1,9,0,12,0,8,0,0,0,0,3,1,6,2,46,8,-1,-1,-1,3,1
2014214004806,2,9,0,4,0,8,0,0,0,0,2,1,6,1,70,10,-1,-1,-1,7,3
2014214004806,3,9,0,4,0,8,0,0,0,0,1,1,6,1,22,5,1496,2,-1,9,2
2014214004807,1,5,0,13,0,8,0,0,0,0,4,1,2,1,43,7,1130,1,11,7,3
2014214004807,2,9,0,9,0,5,0,0,0,0,2,1,6,1,37,7,1598,1,11,2,1
2014214004813,1,9,0,1,0,0,0,0,0,0,2,1,6,2,69,10,1796,1,4,7,1
2014214004813,2,9,0,2,0,0,0,0,0,0,3,1,6,2,80,11,989,1,10,9,1
2014214004814,1,3,0,16,0,0,0,0,0,0,1,1,6,1,52,8,125,1,5,2,1
2014214004814,2,19,0,4,0,0,0,0,0,0,2,1,1,1,26,6,2287,2,1,3,1
2014214004815,1,9,0,18,0,0,0,0,0,0,2,1,6,2,40,7,1796,1,7,6,2
2014214004815,2,9,0,18,0,0,0,0,0,0,1,1,6,1,46,8,4398,1,12,10,1
2014214004817,1,19,0,7,0,5,0,0,0,0,4,1,1,1,28,6,1995,2,4,4,1
2014214004817,2,4,0,15,0,1,0,0,0,0,3,1,6,1,68,10,500,1,53,7,1
2014214004819,1,21,1,11,0,0,0,0,0,0,4,1,1,1,39,7,12777,2,2,-1,1
2014214004819,2,9,0,18,0,0,0,0,0,0,3,1,6,2,28,6,1242,1,11,8,1
2014214004820,1,19,0,9,0,6,0,0,0,0,4,1,1,1,27,6,2874,2,14,-1,1
2014214004821,1,9,0,17,0,0,0,0,7,11,1,1,1,2,42,7,-1,-1,-1,9,2
2014214004822,1,9,0,18,0,0,5,0,1,0,4,1,6,2,17,4,1098,1,-1,10,2
2014214004823,1,21,1,18,0,0,0,0,1,7,4,1,1,1,60,9,11946,2,1,5,1
2014214004823,2,9,4,2,0,0,0,0,0,0,2,1,6,1,23,5,2495,2,18,6,1
2014214004824,1,3,0,18,0,1,0,0,0,0,1,1,6,1,20,4,124,1,5,3,1
2014214004824,2,9,0,4,0,1,0,0,0,0,2,1,6,2,33,6,1461,2,3,7,1
2014214004824,3,9,0,9,0,5,0,0,0,0,0,1,6,3,-1,-1,-1,-1,-1,-1,-1
2014214004830,1,9,0,18,0,0,0,0,0,0,3,1,2,1,47,8,2967,2,6,9,1
2014214004831,1,9,0,18,0,8,0,0,4,6,4,1,6,2,20,4,1398,1,11,7,1
2014214004831,2,9,0,18,0,8,0,0,0,0,2,1,6,1,72,10,1388,1,8,5,1
2014214004833,1,19,0,18,0,0,0,0,0,0,0,1,6,3,-1,-1,-1,-1,-1,-1,-1
2014214004833,2,9,0,18,0,0,1,0,1,10,1,1,6,2,17,4,1390,1,7,8,1
2014214004834,1,9,0,17,0,0,0,0,0,0,1,1,1,2,19,4,1198,1,2,9,2
2014214004834,2,9,0,18,0,0,0,0,0,0,1,1,1,2,28,6,1587,1,8,3,2
2014214004837,1,9,0,9,0,5,0,0,0,0,1,1,6,2,72,10,1997,1,9,10,1
2014214004837,2,1,0,18,0,8,0,0,0,0,1,1,6,2,50,8,-1,-1,-1,6,2
2014214004838,1,2,0,17,0,8,1,0,0,0,3,1,6,1,26,6,49,1,5,8,2
2014214004840,1,19,0,1,0,0,0,0,0,0,2,1,6,2,40,7,1995,2,-1,-1,-1
2014214004840,2,9,0,3,0,0,0,0,0,0,1,1,6,2,69,10,998,1,3,5,1
2014214004843,1,9,0,18,0,1,0,0,0,0,1,1,6,2,31,6,1360,1,9,6,1
2014214004843,2,5,0,3,0,1,0,0,0,0,2,1,2,1,54,8,645,1,7,4,1
2014214004843,3,9,0,10,0,1,0,0,0,0,2,1,6,1,30,6,1968,2,8,2,1
2014214004849,1,9,0,17,0,8,5,0,1,9,4,1,6,2,85,11,1086,1,10,6,1
2014214004851,1,3,0,16,0,0,0,0,0,0,1,1,6,1,22,5,-1,-1,-1,1,1
2014214004852,1,9,0,18,0,3,0,0,0,0,4,1,6,1,49,8,1598,1,10,10,1
2014214004852,2,21,1,9,0,8,0,0,0,0,3,1,1,1,51,8,12900,2,5,1,1
2014214004853,1,9,0,18,0,6,0,0,0,0,1,1,6,1,64,9,2198,1,11,2,1
2014214004853,2,19,0,18,0,8,0,0,0,0,1,1,2,1,58,9,-1,-1,-1,-1,-1
2014214004853,3,9,0,3,0,1,0,0,0,0,1,1,6,1,60,9,2495,2,11,7,3
2014214004854,1,5,0,13,0,8,0,0,0,0,1,1,6,1,78,11,998,1,3,7,1
2014214004854,2,19,0,9,0,5,0,0,0,0,3,1,6,1,23,5,2402,2,7,2,1
2014214004855,1,5,0,15,0,1,0,0,4,6,3,1,6,1,40,7,919,1,10,2,1
2014214004857,1,9,0,17,0,0,0,0,1,10,3,1,6,1,49,8,1910,2,7,5,1
2014214004863,1,9,0,9,0,8,0,0,0,0,1,1,6,1,20,4,1149,1,11,-1,3
2014214004863,2,19,0,18,0,8,0,0,0,0,3,1,2,1,23,5,2402,2,2,9,1
2014214004865,1,9,0,6,0,0,0,0,0,0,3,1,3,2,35,6,1339,1,10,7,1
2014214004865,2,5,0,13,0,0,0,0,7,0,4,1,2,1,44,7,955,1,15,7,1
2014214004866,1,9,0,9,0,6,0,0,0,0,3,2,6,1,29,6,-1,-1,-1,6,1
2014214004866,2,3,0,18,0,8,0,0,0,0,4,1,6,1,20,4,125,1,-1,2,1
2014214004868,1,9,0,17,0,0,0,0,7,10,3,1,6,2,21,5,1229,1,1,7,2
2014214004871,1,9,0,18,0,0,0,0,0,0,1,1,1,1,54,8,1956,2,1,8,1
2014214004871,2,9,0,3,0,0,0,0,0,0,2,1,3,2,37,7,1999,1,6,8,3
2014214004877,1,9,0,1,0,0,0,0,0,0,2,1,6,2,40,7,1997,2,5,4,1
2014214004878,1,9,0,3,0,1,0,0,0,0,1,1,2,1,35,6,1956,2,-1,7,1
2014214004878,2,9,0,3,0,1,0,0,0,0,2,1,6,1,32,6,998,1,12,6,1
2014214004879,1,9,0,9,0,6,0,0,0,0,1,1,6,1,68,10,1988,2,9,4,1
2014214004879,2,9,0,18,0,8,0,0,0,0,1,1,1,2,36,7,1398,2,7,2,1
2014214004882,1,20,1,5,0,4,0,0,0,0,1,1,1,1,59,9,-1,-1,-1,6,1
2014214004882,2,9,0,8,0,4,0,0,0,0,2,1,6,1,31,6,1242,1,9,1,1
2014214004884,1,9,0,18,0,1,0,0,0,0,1,1,6,2,80,11,1240,1,9,7,1
2014214004887,1,19,0,18,0,0,1,0,0,0,1,1,1,1,46,8,1753,2,2,6,1
2014214004887,2,21,1,4,0,0,0,0,0,0,2,1,1,1,50,8,10308,2,8,2,1
2014214004888,1,19,0,18,0,4,0,0,0,0,1,1,1,1,-1,-1,2148,2,8,-1,-1
2014214004888,2,5,0,9,0,8,0,0,0,0,4,1,1,1,45,7,749,1,20,7,1
2014214004889,1,9,0,18,0,8,0,0,1,10,1,1,6,1,24,5,1753,2,14,5,1
2014214004892,1,9,0,9,0,6,0,0,0,0,3,1,6,1,26,6,2496,2,12,2,1
2014214004892,2,9,0,18,0,8,0,0,0,0,1,1,6,1,50,8,1995,2,11,-1,1
2014214004892,3,9,0,18,0,1,0,0,0,0,1,1,6,1,28,6,1910,2,9,5,1
2014214004893,1,9,0,9,0,5,0,0,0,0,4,1,2,2,20,4,1364,1,7,4,1
2014214004893,2,3,0,18,0,8,0,0,0,0,1,1,6,1,23,5,124,1,4,7,1
2014214004894,1,9,0,13,0,0,1,0,0,0,3,1,1,1,27,6,1905,2,16,3,1
2014214004894,2,5,0,18,0,0,1,0,1,10,1,1,6,1,62,9,1340,1,20,1,1
2014214004894,3,9,0,18,0,0,0,0,0,0,0,1,6,1,40,7,1560,2,5,7,1
2014214004896,1,9,0,9,0,6,0,0,0,0,1,1,6,1,58,9,1781,1,18,-1,1
2014214004896,2,9,0,18,0,8,0,0,0,0,4,1,6,2,34,6,-1,-1,-1,10,1
2014214004897,1,5,0,4,0,1,1,0,0,0,1,1,6,2,52,8,1171,1,16,6,1
2014214004897,2,9,0,10,0,1,0,0,0,0,0,1,6,1,-1,-1,1997,2,9,7,1
2014214004898,1,9,0,18,0,1,0,0,0,0,1,1,6,2,38,7,2401,2,9,9,1
2014214004898,2,9,0,4,0,1,0,0,0,0,2,1,6,1,54,8,1896,2,8,6,1
2014214004899,1,9,0,18,0,0,1,0,1,10,1,1,6,1,65,9,1396,1,15,5,1
2014214004900,1,9,0,6,0,0,0,0,0,0,1,1,6,2,41,7,1598,1,-1,6,1
2014214004900,2,9,0,13,0,0,0,0,1,0,1,1,6,1,32,6,1896,2,11,8,1
2014214004903,1,9,0,9,0,5,0,0,0,0,1,1,6,1,61,9,1329,1,5,3,1
2014214004903,2,9,0,17,0,8,0,0,0,0,1,1,6,2,52,8,1997,1,15,6,3
2014214004914,1,1,0,18,0,0,0,0,0,0,1,1,6,1,7,2,-1,-1,-1,1,1
2014214004914,2,9,0,18,0,0,0,0,0,0,3,1,6,1,50,8,-1,-1,-1,1,1
2014214004915,1,9,0,13,0,1,0,0,1,0,4,1,6,2,30,6,1598,2,2,-1,-1
2014214004915,2,9,0,12,0,1,0,0,0,0,3,1,6,1,25,5,1994,1,10,-1,-1
2014214004917,1,9,0,9,0,6,0,0,0,0,1,1,6,1,65,9,1796,1,8,7,1
2014214004917,2,9,0,7,0,6,0,0,1,2,1,1,6,2,25,5,-1,-1,-1,2,1
2014214004921,1,9,0,9,0,6,0,0,0,0,3,1,6,1,40,7,1587,1,15,3,1
2014214004921,2,9,0,18,0,8,0,0,0,0,1,1,6,2,51,8,1198,1,4,1,1
2014214004921,3,9,0,2,0,2,0,0,0,0,2,1,6,2,45,7,1999,1,12,5,1
2014214004923,1,9,0,18,0,4,5,9,3,1,1,1,6,1,19,4,1896,2,11,1,1
2014214004926,1,9,0,18,0,0,5,0,2,10,1,1,6,3,-1,-1,1398,1,3,-1,-1
2014214004928,1,9,0,13,0,8,0,0,0,0,4,1,6,1,76,11,1598,1,15,8,2
2014214004928,2,1,0,18,0,8,0,0,0,0,2,1,6,1,48,8,-1,-1,-1,3,1
2014214004929,1,2,0,18,0,0,0,0,0,0,1,1,6,1,66,10,49,1,2,4,1
2014214004929,2,9,0,8,0,0,0,0,0,0,2,1,6,1,18,4,1368,1,4,6,1
2014214004933,1,9,0,16,0,0,0,0,0,0,1,1,6,1,48,8,1598,2,2,7,3
2014214004933,2,9,0,17,0,0,0,0,0,0,1,1,6,1,29,6,1998,1,20,4,2
2014214004935,1,19,0,16,0,0,0,0,0,0,1,1,2,1,33,6,1753,2,4,1,1
2014214004935,2,9,0,17,0,0,0,0,0,0,3,1,6,2,72,10,2967,2,-1,7,1
2014214004936,1,21,4,1,0,0,0,0,0,0,1,1,4,1,59,9,12900,2,4,10,2
2014214004936,2,8,0,2,0,0,0,0,0,0,2,1,1,1,24,5,1997,2,5,1,1
2014214004939,1,9,0,18,0,8,0,0,1,2,1,1,6,1,20,4,1975,1,9,8,1
2014214004942,1,9,0,18,0,4,0,0,0,0,1,1,6,2,23,5,1390,1,9,-1,-1
2014214004942,2,9,0,18,0,8,0,0,0,0,4,1,6,2,60,9,-1,-1,-1,-1,-1
2014214004943,1,9,0,9,0,6,0,0,0,0,3,1,2,1,49,8,-1,-1,-1,1,1
2014214004943,2,5,0,17,0,8,0,0,0,0,1,1,2,1,34,6,749,1,13,8,1
2014214004945,1,9,0,18,0,1,0,0,0,0,1,1,6,2,29,6,1599,1,11,3,1
2014214004945,2,9,0,17,0,8,0,0,0,0,4,1,6,1,31,6,1584,1,6,3,1
2014214004946,1,3,0,13,0,8,0,0,0,0,1,1,2,1,19,4,124,1,2,1,1
2014214004946,2,9,0,9,0,5,0,0,0,0,3,1,6,1,49,8,2143,2,-1,4,1
2014214004947,1,2,0,18,0,0,0,0,0,0,1,1,6,2,55,8,125,1,1,8,3
2014214004947,2,19,0,18,0,0,0,0,0,0,3,1,6,1,39,7,2198,2,7,10,2
2014214004947,3,9,0,18,0,0,0,0,1,2,1,1,6,1,33,6,1398,1,2,1,1
2014214004949,1,9,0,16,0,0,0,0,0,0,1,1,6,2,46,8,1587,1,11,5,2
2014214004949,2,9,0,6,0,0,0,0,0,0,3,1,6,1,45,7,1910,2,6,7,3
2014214004950,1,9,0,18,0,1,0,0,0,0,1,1,6,2,20,4,1149,1,12,6,1
2014214004950,2,9,0,10,0,5,0,0,0,0,2,1,6,2,33,6,1799,1,8,2,1
2014214004951,1,9,0,18,0,8,0,0,0,0,1,1,6,1,37,7,1332,1,15,6,2
2014214004951,2,9,0,18,0,8,0,0,0,0,3,1,1,2,52,8,1229,1,2,4,1
2014214004952,1,9,0,9,0,8,0,0,0,0,3,1,6,2,54,8,-1,-1,-1,2,1
2014214004952,2,9,0,18,0,8,0,0,0,0,1,1,6,1,39,7,-1,-1,-1,3,1
2014214004955,1,3,0,18,0,8,0,0,0,0,3,1,6,1,21,5,124,1,9,-1,1
2014214004955,2,9,0,9,0,6,0,0,0,0,1,1,2,1,61,9,1951,2,11,5,1
2014214004967,1,9,0,13,0,0,0,0,0,0,0,1,6,3,-1,-1,-1,-1,-1,-1,-1
2014214004967,2,9,0,16,0,0,0,0,1,0,1,1,6,2,31,6,1997,1,12,3,1
2014214004967,3,9,0,17,0,0,0,0,0,0,0,1,6,3,-1,-1,-1,-1,-1,-1,-1
2014214004970,1,9,0,3,9,6,0,0,0,0,4,1,2,1,29,6,1229,1,4,10,1
2014214004970,2,1,0,18,9,8,0,0,0,0,1,1,6,1,21,5,-1,-1,-1,6,1
2014214004979,1,2,0,18,0,0,0,4,0,0,1,1,2,1,18,4,49,1,1,9,2
2014214004979,2,9,0,2,0,0,0,0,0,0,2,1,6,2,41,7,1968,2,7,9,1
2014214004984,1,9,0,7,0,5,0,0,0,0,4,1,6,1,61,9,1294,1,27,8,2
2014214004984,2,1,0,17,0,8,0,0,0,0,3,1,6,1,42,7,-1,-1,-1,-1,-1
2014214004985,1,9,0,9,0,5,0,0,0,0,4,1,1,1,19,4,1149,1,14,9,1
2014214004985,2,9,0,18,0,8,0,0,7,7,1,1,6,1,86,11,973,1,11,4,1
2014214004985,3,9,0,18,0,8,0,0,0,0,1,1,6,2,50,8,2993,2,-1,3,1
2014214004987,1,9,0,18,0,1,0,0,0,0,1,1,6,1,75,10,1329,1,2,3,1
2014214004987,2,9,0,4,0,1,0,0,0,0,2,1,6,1,19,4,1781,1,11,5,1
2014214004987,3,9,0,4,0,1,0,0,0,0,2,1,6,2,69,10,1461,2,2,4,1
2014214004988,1,9,0,9,0,5,0,0,0,0,3,1,6,1,30,6,1598,2,1,8,1
2014214004988,2,9,0,10,0,1,0,0,0,0,3,1,2,1,29,6,1398,1,2,2,1
2014214004989,1,19,0,18,0,6,0,0,1,11,1,1,1,1,62,9,1598,2,2,8,1
2014214004989,2,9,0,18,0,8,0,0,0,0,1,1,6,1,61,9,1390,1,3,9,2
2014214004991,1,9,0,18,0,0,0,0,0,0,1,1,6,1,31,6,998,1,1,6,1
2014214004997,1,9,0,5,8,0,0,0,0,0,1,1,6,1,-1,-1,-1,-1,-1,-1,-1
2014214004999,1,9,0,4,0,0,0,0,0,0,1,1,6,1,45,7,1560,2,3,-1,-1
2014214004999,2,9,0,13,0,0,0,0,0,0,4,1,6,1,37,7,2000,2,9,-1,1
2014214005002,1,9,0,5,0,0,0,0,0,0,0,1,6,1,34,6,1997,1,13,1,1
2014214005014,1,3,0,18,0,0,0,0,0,0,1,1,6,1,45,7,-1,-1,-1,1,1
2014214005014,2,9,0,11,0,0,0,0,0,0,4,1,6,1,55,8,2204,2,4,1,1
2014214005017,1,5,0,18,0,0,0,0,0,0,4,1,6,1,-1,-1,-1,-1,-1,-1,-1
2014214005017,2,1,0,18,9,0,0,0,0,0,3,1,6,1,32,6,-1,-1,-1,2,1
2014214005019,1,9,0,9,0,5,0,0,0,0,1,1,6,3,-1,-1,-1,-1,-1,-1,-1
2014214005019,2,1,0,10,0,1,0,0,0,0,1,1,2,1,21,5,-1,-1,-1,3,1
2014214005028,1,9,0,17,0,0,2,0,8,10,1,1,2,1,48,8,1587,1,13,4,1
2014214005029,1,9,0,16,0,8,0,0,0,0,1,1,6,1,22,5,1242,1,-1,6,1
2014214005029,2,1,0,18,0,8,0,0,0,0,2,1,1,1,20,4,-1,-1,-1,5,1
2014214005032,1,9,0,18,0,8,0,0,0,0,1,1,6,1,32,6,1796,1,18,2,1
2014214005032,2,9,0,7,0,6,0,0,0,0,2,1,6,1,68,10,1910,2,7,3,1
2014214005034,1,1,0,18,0,1,0,0,0,0,4,1,6,1,22,5,-1,-1,-1,3,1
2014214005034,2,9,0,7,0,2,0,0,0,0,1,1,2,1,58,9,3600,1,21,3,1
2014214005035,1,9,0,16,0,0,0,0,0,0,1,1,1,2,30,6,1124,1,2,9,1
2014214005035,2,9,0,17,0,0,0,0,0,0,1,1,6,1,50,8,1360,1,5,8,3
2014214005039,1,9,0,18,0,0,0,0,0,0,1,1,6,1,44,7,1598,1,11,5,1
2014214005039,2,21,1,4,0,0,0,0,0,0,2,1,1,1,41,7,11946,2,1,4,1
2014214005040,1,21,0,7,0,8,0,0,0,0,1,1,6,1,-1,-1,-1,-1,-1,-1,-1
2014214005040,2,1,0,18,0,8,0,0,0,0,1,1,1,1,21,5,-1,-1,-1,7,1
2014214005045,1,9,0,7,0,2,0,0,1,2,1,1,6,1,25,5,2204,2,8,-1,1
2014214005046,1,9,0,9,0,5,1,0,0,0,1,1,1,1,38,7,2204,2,8,2,1
2014214005048,1,9,0,18,0,1,0,0,0,0,1,1,6,2,34,6,1496,2,-1,5,1
2014214005048,2,9,0,4,0,1,0,0,0,0,2,1,6,1,33,6,1998,2,10,5,1
2014214005048,3,9,0,3,0,1,0,0,0,0,2,1,6,2,29,6,1395,1,-1,2,1
2014214005048,4,9,0,3,0,1,0,0,0,0,2,1,6,1,38,7,1397,1,6,6,3
2014214005048,5,9,0,3,0,1,0,0,0,0,2,1,6,1,26,6,1598,2,3,5,1
2014214005056,1,9,0,18,0,0,0,0,1,11,1,1,6,2,61,9,1598,1,4,-1,-1
2014214005058,1,19,0,18,0,1,0,0,0,0,1,1,1,1,-1,-1,1598,2,-1,-1,-1
2014214005058,2,9,0,3,0,8,0,0,0,0,2,1,6,1,69,10,1328,1,9,5,2
2014214005058,3,9,0,9,0,5,0,0,0,0,0,1,6,3,-1,-1,-1,-1,-1,-1,-1
2014214005059,1,9,0,18,0,0,1,0,1,0,1,1,2,1,48,8,1988,1,11,3,1
2014214005059,2,9,0,2,0,0,0,0,0,0,4,1,6,1,47,8,1995,2,11,1,1
2014214005059,3,9,0,3,0,0,0,0,0,0,0,1,1,2,30,6,1598,2,1,-1,-1
2014214005063,1,9,0,18,0,0,0,0,0,0,1,1,6,1,37,7,2967,2,7,-1,-1
2014214005065,1,9,0,18,0,0,0,0,0,0,1,1,6,1,81,11,1242,1,13,10,1
2014214005065,2,9,0,18,0,0,0,0,0,0,1,1,6,2,28,6,998,1,8,10,1
2014214005066,1,3,0,4,0,1,0,0,0,0,1,1,6,1,19,4,125,1,8,1,1
2014214005066,2,19,0,14,0,2,0,0,0,0,4,1,1,1,37,7,1995,2,7,3,1
2014214005066,3,9,0,4,0,1,0,0,0,0,2,1,6,2,20,4,1242,1,15,2,1
2014214005066,4,19,0,2,0,2,0,0,0,0,3,1,6,3,-1,-1,2300,2,10,-1,-1
2014214005067,1,9,0,18,0,1,0,0,0,0,1,1,6,1,42,7,1339,1,12,1,1
2014214005067,2,9,0,4,0,1,0,0,0,0,2,1,1,1,35,6,1242,1,9,8,1
2014214005068,1,9,0,18,0,1,0,0,0,0,1,1,6,2,45,7,1598,1,3,8,3
2014214005068,2,9,0,4,0,1,0,0,0,0,2,1,6,1,20,4,1198,1,11,1,1
2014214005068,3,9,0,7,0,5,0,0,0,0,0,1,6,3,-1,-1,-1,-1,-1,-1,-1
2014214005070,1,21,1,16,0,1,0,0,0,0,1,1,6,1,44,7,11705,2,6,1,1
2014214005070,2,9,0,4,0,1,0,0,0,0,2,1,6,2,70,10,1242,1,8,5,1
2014214005073,1,8,0,9,0,2,0,0,0,0,1,1,6,3,-1,-1,1995,2,4,-1,-1
2014214005073,2,1,0,9,0,2,0,0,0,0,2,1,6,1,20,4,-1,-1,-1,2,1
2014214005075,1,9,0,5,0,6,0,0,0,0,3,1,6,1,83,11,1560,2,4,1,1
2014214005075,2,9,0,17,0,8,0,0,0,0,1,1,6,2,25,5,1242,1,11,6,1
2014214005076,1,9,0,9,0,2,0,0,1,11,1,1,6,1,80,11,1596,1,8,2,1
2014214005077,1,9,0,4,0,8,0,0,0,0,3,1,6,1,31,6,2400,2,-1,1,1
2014214005078,1,9,0,18,0,0,0,0,0,0,1,1,6,1,-1,-1,-1,-1,-1,-1,-1