Accident_Index,Vehicle_Reference,Vehicle_Type,Towing_and_Articulation,Vehicle_Manoeuvre,Vehicle_Location-Restricted_Lane,Junction_Location,Skidding_and_Overturning,Hit_Object_in_Carriageway,Vehicle_Leaving_Carriageway,Hit_Object_off_Carriageway,1st_Point_of_Impact,Was_Vehicle_Left_Hand_Drive?,Journey_Purpose_of_Driver,Sex_of_Driver,Age_of_Driver,Age_Band_of_Driver,Engine_Capacity_(CC),Propulsion_Code,Age_of_Vehicle,Driver_IMD_Decile,Driver_Home_Area_Type
2014214005078,2,9,0,3,0,0,0,0,0,0,2,1,6,1,23,5,1998,1,9,4,1
2014214005083,1,2,0,4,0,8,0,0,0,0,1,1,1,1,32,6,-1,-1,-1,9,3
2014214005083,2,9,0,9,0,5,0,0,0,0,1,1,6,1,56,9,2521,1,9,10,1
2014214005085,1,9,0,18,0,0,0,0,0,0,1,1,6,2,52,8,-1,-1,-1,5,1
2014214005086,1,9,0,9,0,1,0,0,0,0,3,1,6,1,27,6,1390,1,10,6,1
2014214005086,2,5,0,9,0,1,0,0,0,0,4,1,6,1,50,8,988,1,11,2,1
2014214005092,1,9,0,9,0,2,0,0,0,0,1,1,1,1,38,7,1995,2,1,10,1
2014214005094,1,9,0,18,0,6,0,0,0,0,1,1,6,2,40,7,1998,1,6,8,3
2014214005094,2,9,0,18,0,8,0,0,0,0,1,1,6,2,41,7,998,1,3,2,1
2014214005098,1,9,0,18,0,8,0,0,0,0,1,1,6,1,-1,-1,1753,2,6,-1,-1
2014214005098,2,9,0,9,0,6,0,0,0,0,3,1,6,1,23,5,1596,1,6,4,1
2014214005099,1,9,0,18,0,1,0,0,0,0,1,1,6,2,31,6,1910,2,6,10,1
2014214005104,1,9,0,18,0,0,0,0,0,0,1,1,6,1,92,11,1242,1,17,3,1
2014214005104,2,9,0,18,0,0,0,0,0,0,2,1,6,1,43,7,1796,1,9,10,2
2014214005107,1,9,0,9,0,8,0,0,0,0,4,1,6,2,20,4,999,1,9,6,1
2014214005107,2,19,0,18,0,8,0,0,0,0,1,1,6,1,37,7,2402,2,9,1,1
2014214005109,1,9,0,9,0,8,0,0,0,0,3,1,6,2,54,8,1910,2,4,2,1
2014214005109,2,3,0,18,0,8,0,0,0,0,1,1,2,1,31,6,1050,1,5,8,1
2014214005111,1,9,0,18,8,0,0,0,0,0,3,1,6,1,19,4,1332,1,17,5,1
2014214005111,2,9,0,18,0,0,0,0,0,0,1,1,6,2,56,9,1951,2,8,10,1
2014214005112,1,9,0,18,0,4,0,0,0,0,1,1,6,1,87,11,1396,1,11,3,1
2014214005112,2,9,0,9,0,8,0,0,0,0,4,1,6,2,20,4,1397,1,1,10,1
2014214005117,1,3,0,18,0,0,0,0,0,0,1,1,6,1,43,7,649,1,7,-1,1
2014214005120,1,9,0,9,0,5,0,0,0,0,1,1,6,2,26,6,1599,1,9,4,1
2014214005120,2,1,0,18,0,8,0,0,0,0,3,1,6,2,29,6,-1,-1,-1,5,1
2014214005120,3,9,0,7,0,1,0,0,0,0,0,1,6,2,68,10,1997,2,-1,6,1
2014214005121,1,4,0,9,0,5,0,0,0,0,4,1,6,1,22,5,-1,-1,-1,-1,-1
2014214005121,2,9,0,9,0,5,0,10,1,11,3,1,6,2,20,4,1360,1,11,10,1
2014214005122,1,9,0,9,0,6,0,0,0,0,1,1,6,2,29,6,1398,1,3,6,1
2014214005123,1,5,0,4,0,0,1,0,0,0,1,1,6,1,45,7,1340,1,6,9,1
2014214005123,2,9,0,4,0,0,0,0,0,0,2,1,6,1,-1,-1,1896,2,10,3,2
2014214005124,1,9,0,4,0,4,0,0,0,0,2,1,6,1,-1,-1,1242,1,16,3,1
2014214005124,2,9,0,5,0,4,0,0,0,0,1,1,6,1,66,10,1124,1,15,7,1
2014214005125,1,9,0,4,0,1,1,0,0,0,1,1,6,1,17,4,1250,1,14,5,1
2014214005125,2,9,0,18,0,2,0,0,0,0,1,1,6,2,56,9,1364,1,6,6,1
2014214005125,3,9,0,10,0,8,0,0,0,0,0,1,6,1,62,9,2231,2,4,5,1
2014214005129,1,19,5,12,0,0,0,0,4,6,1,1,1,1,42,7,2402,2,3,-1,-1
2014214005129,2,9,0,18,0,0,0,0,0,0,4,1,1,1,25,5,1397,1,11,-1,-1
2014214005130,1,9,0,1,0,8,0,0,0,0,2,1,6,1,49,8,1198,1,1,9,2
2014214005130,2,9,0,2,0,8,0,0,0,0,4,1,6,1,45,7,1390,1,12,7,3
2014214005133,1,9,0,9,0,8,0,0,0,0,1,1,1,2,59,9,1364,1,5,6,1
2014214005133,2,1,0,18,0,8,0,0,0,0,4,1,6,2,12,3,-1,-1,-1,1,1
2014214005144,1,9,0,18,0,1,0,0,0,0,1,1,6,1,-1,-1,-1,-1,-1,-1,-1
2014214005144,2,9,0,10,0,1,0,0,0,0,2,1,1,1,26,6,-1,-1,-1,1,1
2014214005150,1,9,0,5,0,4,0,0,0,0,1,1,6,2,35,6,1587,1,11,7,1
2014214005150,2,9,0,4,0,4,0,0,0,0,2,1,6,1,-1,-1,1968,2,7,-1,-1
2014214005152,1,9,0,18,0,1,0,0,0,0,1,1,2,1,31,6,1389,1,19,2,1
2014214005152,2,9,0,3,0,1,0,0,0,0,2,1,6,1,51,8,1968,2,1,7,1
2014214005152,3,9,0,3,0,1,0,0,0,0,2,1,6,1,71,10,2495,2,17,1,1
2014214005156,1,9,0,18,0,0,0,0,0,0,1,1,6,1,68,10,2495,2,14,5,3
2014214005156,2,9,0,18,0,0,0,0,0,0,2,1,6,1,52,8,-1,-1,-1,5,1
2014214005158,1,9,0,9,0,5,1,0,0,0,1,1,6,2,50,8,1299,1,10,1,1
2014214005158,2,9,0,4,0,1,0,0,0,0,3,1,6,1,28,6,-1,-1,-1,3,1
2014214005162,1,21,1,12,0,0,0,0,0,0,3,2,6,1,-1,-1,-1,-1,-1,-1,-1
2014214005162,2,9,0,13,0,0,0,0,5,6,4,1,6,1,60,9,1197,1,-1,7,1
2014214005164,1,9,0,7,0,6,0,0,0,0,1,1,1,2,45,7,1560,2,4,5,1
2014214005164,2,3,0,16,0,8,0,0,0,0,4,1,6,1,20,4,124,1,2,7,2
2014214005165,1,8,0,5,0,4,0,0,0,0,1,1,1,1,54,8,1584,1,6,2,1
2014214005165,2,1,0,9,0,8,0,0,0,0,4,1,2,1,24,5,-1,-1,-1,1,1
2014214005168,1,9,0,18,0,2,0,0,0,0,1,1,6,1,39,7,998,1,1,9,1
2014214005168,2,9,0,3,0,2,0,0,0,0,2,1,6,2,58,9,1242,1,11,2,1
2014214005172,1,9,0,18,0,1,0,0,0,0,1,1,6,2,67,10,1598,1,1,6,1
2014214005172,2,9,0,10,0,8,0,0,0,0,2,1,6,2,55,8,999,1,1,7,1
2014214005172,3,9,0,18,0,1,0,0,0,0,1,1,2,1,21,5,-1,-1,-1,7,1
2014214005175,1,9,0,9,0,8,0,0,0,0,3,1,6,1,-1,-1,1598,1,14,-1,-1
2014214005175,2,1,0,18,0,4,0,0,0,0,4,1,6,1,22,5,-1,-1,-1,2,1
2014214005177,1,9,0,5,0,8,0,0,0,0,3,1,6,1,81,11,1461,2,4,8,1
2014214005177,2,5,0,18,0,8,0,0,0,0,1,1,6,1,56,9,-1,-1,-1,9,1
2014214005179,1,9,0,18,0,0,0,0,0,0,1,1,6,1,38,7,1995,1,12,8,2
2014214005181,1,9,0,18,0,0,0,0,0,0,1,1,6,1,20,4,1124,1,13,5,1
2014214005181,2,9,0,18,0,0,0,0,0,0,1,1,6,2,54,8,1242,1,4,-1,-1
2014214005183,1,9,0,16,0,2,0,0,7,0,1,1,6,1,57,9,1560,2,7,9,1
2014214005183,2,17,5,17,0,1,0,0,7,0,1,1,6,1,46,8,6728,2,2,5,3
2014214005183,3,9,0,16,0,2,0,0,0,0,0,1,6,2,46,8,1896,2,9,6,3
2014214005184,1,1,0,18,0,2,0,0,1,0,1,1,6,1,33,6,-1,-1,-1,4,1
2014214005184,2,9,0,2,0,2,0,0,0,0,2,1,6,1,-1,-1,1598,1,10,-1,-1
2014214005187,1,9,0,13,0,1,0,9,3,1,1,1,6,1,58,9,1242,1,8,4,1
2014214005187,2,21,1,4,0,1,0,0,0,0,3,1,1,1,48,8,12130,2,8,7,1
2014214005187,3,9,0,18,0,1,0,0,0,0,3,1,6,2,68,10,1396,1,-1,-1,1
2014214005188,1,19,0,13,0,2,0,0,0,0,4,1,1,1,31,6,2287,2,2,7,1
2014214005188,2,1,0,18,0,2,0,0,0,0,3,1,6,1,66,10,-1,-1,-1,-1,-1
2014214005190,1,9,0,7,0,4,0,0,1,1,1,1,6,1,21,5,-1,-1,-1,7,1
2014214005190,2,9,0,9,0,8,0,0,0,0,1,1,6,2,42,7,1968,2,1,7,1
2014214005191,1,9,0,18,0,1,0,0,0,0,1,1,6,1,82,11,1368,1,6,10,1
2014214005191,2,9,0,2,0,1,0,0,0,0,2,1,6,1,56,9,1973,1,16,9,1
2014214005192,1,9,0,5,0,2,0,0,0,0,1,1,6,1,82,11,1950,2,14,6,1
2014214005192,2,9,0,16,0,2,0,0,0,0,4,1,6,1,62,9,1968,2,-1,9,1
2014214005193,1,1,0,18,0,0,0,0,0,0,1,1,6,1,49,8,-1,-1,-1,6,1
2014214005193,2,9,0,2,0,0,0,0,0,0,2,1,1,1,35,6,1242,1,4,3,1
2014214005199,1,9,0,18,0,0,2,10,7,11,1,1,6,2,21,5,1598,1,11,7,1
2014214005209,1,9,0,17,0,0,0,0,0,0,1,1,1,2,24,5,1299,1,6,9,1
2014214005214,1,9,0,18,0,6,0,0,0,0,1,1,6,2,18,4,998,1,3,10,1
2014214005214,2,9,0,18,0,8,0,0,7,11,1,1,6,2,27,6,2967,2,-1,8,1
2014214005215,1,9,0,18,0,0,2,0,5,7,0,1,2,1,44,7,1199,1,12,1,1
2014214005218,1,9,0,18,0,4,0,0,0,0,1,1,2,1,27,6,1598,1,9,7,1
2014214005218,2,1,0,18,0,8,0,0,0,0,1,1,2,1,39,7,-1,-1,-1,3,1
2014214005219,1,9,0,16,0,0,1,0,0,0,1,1,6,2,38,7,1598,1,13,9,3
2014214005219,2,9,0,17,0,0,0,0,0,0,1,1,6,1,60,9,1198,1,1,2,1
2014214005220,1,9,0,6,0,0,0,0,0,0,3,1,6,1,30,6,1560,2,3,1,1
2014214005220,2,9,0,14,0,0,0,0,0,0,1,1,6,1,42,7,1762,1,16,1,1
2014214005222,1,9,0,18,0,1,0,0,0,0,1,1,6,1,61,9,1497,1,11,1,1
2014214005228,1,9,0,17,0,1,0,0,0,0,1,1,2,2,40,7,1798,1,7,6,1
2014214005229,1,9,0,9,0,6,0,0,0,0,1,1,6,2,20,4,1124,1,7,8,3
2014214005229,2,9,0,18,0,8,0,0,0,0,3,1,6,2,22,5,999,1,-1,10,1
2014214005235,1,9,0,6,0,0,0,0,0,0,1,1,1,1,45,7,1995,2,11,8,3
2014214005235,2,5,0,13,0,0,0,0,0,0,4,1,1,1,48,8,599,1,2,8,3
2014214005238,1,9,0,18,0,3,2,10,1,11,1,1,2,1,28,6,1798,1,11,1,1
2014214005239,1,8,0,5,0,2,0,0,0,0,2,1,1,1,61,9,1998,2,6,2,1
2014214005239,2,21,1,18,0,2,0,0,0,0,1,1,1,1,47,8,12900,2,5,3,1
2014214005240,1,19,0,9,0,6,0,0,0,0,0,1,6,3,-1,-1,1896,2,11,-1,-1
2014214005240,2,3,0,18,0,1,0,0,0,0,0,1,2,1,19,4,125,1,7,2,1
2014214005243,1,9,0,9,0,6,0,0,0,0,3,1,3,1,50,8,1910,2,6,4,1
2014214005243,2,9,0,18,0,8,0,0,0,0,1,1,1,1,48,8,-1,-1,-1,8,1
2014214005244,1,9,0,4,0,0,0,0,0,0,2,1,6,1,33,6,1796,1,8,2,1
2014214005244,2,1,0,18,0,0,0,0,0,0,1,1,6,1,22,5,-1,-1,-1,-1,-1
2014214005245,1,9,0,18,0,2,0,0,0,0,1,1,6,1,20,4,1364,1,10,5,1
2014214005245,2,19,0,18,0,1,0,0,0,0,1,1,6,1,53,8,-1,-1,-1,5,1
2014214005245,3,9,0,5,0,6,0,0,0,0,0,1,6,3,-1,-1,-1,-1,-1,-1,-1
2014214005246,1,9,0,4,0,6,1,0,0,0,1,1,2,1,33,6,1781,1,12,5,1
2014214005246,2,9,0,18,0,8,0,0,0,0,4,1,3,2,36,7,1389,1,11,5,1
2014214005247,1,3,0,13,0,1,0,0,0,0,4,1,1,1,19,4,125,1,1,3,1
2014214005247,2,9,0,5,0,1,0,0,0,0,3,1,6,3,-1,-1,-1,-1,-1,-1,-1
2014214005248,1,5,0,17,0,0,0,0,0,0,1,1,6,1,41,7,998,1,6,2,1
2014214005248,2,9,0,17,0,0,0,0,0,0,1,1,2,1,23,5,998,1,4,3,1
2014214005248,3,5,0,16,0,0,0,0,0,0,2,1,6,1,31,6,750,1,-1,2,1
2014214005251,1,9,0,18,0,2,0,0,0,0,0,1,6,1,41,7,1360,1,10,1,1
2014214005252,1,9,0,18,0,6,0,0,7,0,2,1,6,1,27,6,1242,1,15,1,1
2014214005252,2,9,0,18,0,8,0,0,0,0,1,1,6,1,42,7,1968,2,1,4,1
2014214005253,1,9,0,17,0,0,0,0,0,0,1,1,6,2,35,6,-1,-1,-1,4,1
2014214005253,2,9,0,4,0,0,0,0,0,0,2,1,3,2,43,7,1197,1,-1,6,1
2014214005254,1,9,0,17,0,0,1,0,7,11,4,1,6,1,55,8,1896,2,6,3,1
2014214005254,2,9,0,16,0,0,0,0,0,0,1,1,6,1,70,10,1396,1,13,5,3
2014214005256,1,9,0,7,0,8,0,0,0,0,1,1,6,1,-1,-1,1390,1,11,-1,-1
2014214005256,2,9,0,3,0,8,0,0,0,0,2,1,2,1,42,7,-1,-1,-1,6,1
2014214005264,1,9,0,18,0,0,0,0,0,0,3,1,6,2,50,8,1598,2,3,8,2
2014214005264,2,9,0,18,0,0,0,0,0,0,3,1,6,1,50,8,2987,2,-1,6,1
2014214005265,1,3,0,18,0,0,0,0,0,0,1,1,6,1,20,4,124,1,1,7,3
2014214005265,2,9,0,1,0,0,0,0,0,0,2,1,6,1,31,6,2000,1,7,9,1
2014214005268,1,9,0,16,0,0,2,0,7,11,1,1,6,2,23,5,1396,1,5,2,1
2014214005269,1,9,0,18,0,0,0,0,1,11,1,1,6,1,27,6,1796,1,13,9,2
2014214005270,1,9,0,9,0,5,0,0,0,0,1,1,6,2,58,9,1596,1,11,3,1
2014214005270,2,3,0,18,0,8,0,0,0,0,1,1,6,1,35,6,125,1,5,1,1
2014214005271,1,9,0,6,0,0,1,0,0,0,1,1,6,3,-1,-1,1396,1,12,-1,-1
2014214005271,2,9,0,18,0,0,0,0,0,0,3,1,6,1,51,8,1598,2,2,3,1
2014214005273,1,9,0,9,0,6,0,0,0,0,3,1,6,1,77,11,1493,1,17,6,2
2014214005273,2,19,0,16,0,8,1,0,0,0,1,1,1,1,36,7,2300,2,10,2,1
2014214005274,1,21,0,2,0,0,0,0,0,0,2,1,1,1,60,9,10824,2,10,1,1
2014214005274,2,21,0,18,0,0,0,0,0,0,1,1,1,1,59,9,9200,2,5,6,1
2014214005279,1,9,0,9,0,6,0,0,0,0,1,1,1,2,45,7,1587,1,9,3,1
2014214005279,2,9,0,17,0,8,0,0,2,11,4,1,6,1,79,11,1422,2,11,8,2
2014214005281,1,9,0,14,0,0,0,0,0,0,1,1,6,1,45,7,1405,1,10,5,3
2014214005281,2,1,0,18,0,0,0,0,0,0,1,1,6,1,14,3,-1,-1,-1,-1,1
2014214005283,1,9,0,9,0,6,0,0,0,0,1,1,6,2,39,7,1598,1,5,5,1
2014214005283,2,3,0,14,0,8,0,0,0,0,4,1,2,1,30,6,124,1,2,7,1
2014214005285,1,9,0,5,0,4,0,0,0,0,1,1,6,1,43,7,2400,2,21,4,1
2014214005285,2,9,0,5,0,4,0,0,0,0,2,1,6,2,64,9,1124,1,12,7,1
2014214005286,1,8,0,4,0,1,0,0,0,0,1,1,1,1,38,7,-1,-1,-1,1,1
2014214005286,2,9,0,4,0,1,0,0,0,0,2,1,6,2,45,7,-1,-1,-1,6,2
2014214005286,3,9,0,4,0,1,0,0,0,0,2,1,6,1,42,7,-1,-1,-1,10,1
2014214005287,1,9,0,18,0,1,0,0,0,0,1,1,6,2,32,6,1686,2,2,4,1
2014214005287,2,9,0,3,0,1,0,0,0,0,2,1,6,2,25,5,1206,1,4,5,1
2014214005288,1,20,3,12,0,0,3,0,0,0,1,1,1,1,38,7,-1,-1,-1,-1,-1
2014214005288,2,9,0,18,0,0,0,0,2,7,4,1,6,1,49,8,1997,2,14,3,1
2014214005289,1,9,0,6,0,6,0,0,0,0,1,1,2,1,43,7,-1,-1,-1,6,1
2014214005289,2,9,0,18,0,8,1,4,0,0,3,1,6,2,28,6,1299,1,9,-1,-1
2014214005289,3,9,0,2,0,1,0,0,0,0,1,1,6,3,-1,-1,1587,1,14,-1,-1
2014214005290,1,20,0,17,0,0,0,0,0,0,1,1,6,1,47,8,-1,-1,-1,7,3
2014214005290,2,9,0,16,0,0,1,0,0,0,4,1,2,1,49,8,-1,-1,-1,8,3
2014214005294,1,9,0,18,0,0,0,0,0,0,1,1,1,1,27,6,1896,2,12,7,1
2014214005294,2,9,0,18,0,0,0,0,0,0,1,1,6,1,18,4,1364,1,8,10,1
2014214005298,1,9,0,6,0,5,0,0,0,0,1,1,2,2,52,8,1397,1,6,-1,-1
2014214005298,2,9,0,18,0,1,0,0,0,0,1,1,2,1,46,8,1598,1,12,2,1
2014214005303,1,9,0,17,0,2,2,0,1,2,1,1,6,1,46,8,3246,1,13,4,1
2014214005308,1,9,0,18,0,0,0,10,7,4,1,1,6,2,41,7,1396,1,4,5,1
2014214005309,1,9,0,18,0,8,0,0,0,0,1,1,6,1,65,9,1364,1,5,-1,-1
2014214005310,1,9,0,18,0,0,0,0,0,0,3,1,6,2,17,4,-1,-1,-1,1,1
2014214005310,2,9,0,18,0,0,0,0,0,0,3,1,2,1,48,8,1149,1,6,5,1
2014214005310,3,9,0,18,0,0,0,0,0,0,3,1,2,2,27,6,1364,1,5,3,3
2014214005314,1,9,0,9,0,6,0,0,0,0,1,1,6,1,83,11,1560,2,2,5,1
2014214005314,2,9,0,18,0,8,0,0,0,0,1,1,6,1,31,6,796,1,12,4,1
2014214005319,1,9,0,18,0,0,0,0,5,6,3,1,6,1,18,4,1108,1,11,5,3
2014214005324,1,9,0,18,0,6,0,0,0,0,1,1,6,2,23,5,1598,1,8,-1,2
2014214005324,2,9,0,16,0,8,0,0,0,0,1,1,6,2,26,6,-1,-1,-1,6,1
2014214005327,1,9,0,13,0,0,0,0,0,0,4,1,6,2,39,7,2000,1,11,4,1
2014214005327,2,1,0,18,0,0,0,0,0,0,3,1,6,1,30,6,-1,-1,-1,1,1
2014214005329,1,2,0,18,0,1,0,0,0,0,1,1,6,1,16,4,49,1,-1,3,1
2014214005329,2,11,0,3,0,1,0,0,0,0,2,1,1,1,45,7,11000,2,16,1,1
2014214005330,1,9,0,17,0,0,0,0,0,0,3,1,6,1,38,7,998,1,1,7,3
2014214005330,2,9,0,16,0,0,0,0,0,0,3,1,1,2,28,6,1968,2,2,8,1
2014214005332,1,9,0,18,0,0,0,0,4,6,1,1,6,1,23,5,1800,1,14,-1,1
2014214005332,2,9,0,2,0,0,0,0,1,6,2,1,6,1,38,7,2962,1,26,-1,1
2014214005332,3,9,0,2,0,0,0,0,0,0,2,1,6,2,67,10,1390,1,1,-1,1
2014214005335,1,19,0,18,0,0,0,0,1,4,1,1,6,3,-1,-1,-1,-1,-1,-1,-1
2014214005341,1,9,0,17,0,0,0,0,0,0,1,1,2,2,19,4,1598,1,12,-1,-1
2014214005341,2,9,0,2,0,0,0,0,0,0,2,1,6,3,-1,-1,1343,1,10,-1,-1
2014214005342,1,9,0,5,0,0,0,0,0,0,1,1,6,1,78,11,1364,2,2,8,3
2014214005343,1,9,0,16,0,0,1,0,0,0,1,1,1,2,47,8,1397,1,5,1,1
2014214005343,2,9,0,17,0,0,0,0,0,0,1,1,1,2,56,9,-1,-1,-1,8,1
2014214005346,1,9,0,5,0,0,0,0,0,0,1,1,1,1,31,6,1339,1,8,-1,-1
2014214005346,2,3,0,18,0,0,0,0,0,0,4,1,6,1,19,4,124,1,12,4,1
2014214005347,1,9,0,4,0,1,1,0,0,0,1,1,6,1,20,4,1364,1,4,7,1
2014214005347,2,9,0,3,0,1,0,0,0,0,2,1,6,2,19,4,1242,1,3,9,3
2014214005347,3,9,0,3,0,1,0,0,0,0,2,1,6,1,53,8,1973,1,16,8,3
2014214005348,1,21,0,12,0,0,0,0,0,0,3,2,1,1,40,7,-1,-1,-1,-1,-1
2014214005348,2,9,0,17,0,0,0,0,0,0,4,1,2,1,33,6,1910,2,9,1,1
2014214005359,1,9,0,10,0,1,0,0,0,0,3,1,2,1,32,6,3222,2,10,7,1
2014214005359,2,1,0,4,9,1,1,0,0,0,1,1,6,1,18,4,-1,-1,-1,8,1
2014214005360,1,11,0,18,0,8,0,0,0,0,1,1,1,1,61,9,6700,2,-1,8,1
2014214005360,2,9,0,9,0,5,0,0,0,0,3,1,6,2,25,5,1229,1,5,8,1
2014214005362,1,9,0,18,0,1,0,0,0,0,1,1,6,1,30,6,1994,2,12,-1,-1
2014214005362,2,9,0,3,0,1,0,0,0,0,2,1,6,1,49,8,1896,2,7,2,1
2014214005362,3,9,0,3,0,1,0,0,0,0,2,1,6,1,57,9,1149,1,6,3,1
2014214005365,1,9,0,3,0,0,0,0,0,0,3,1,6,1,20,4,-1,-1,-1,2,1
2014214005365,2,9,0,18,0,0,1,0,0,0,1,1,2,1,21,5,1299,1,11,7,3
2014214005366,1,9,0,18,0,8,0,0,0,0,1,1,2,1,28,6,1994,1,15,5,3
2014214005366,2,21,1,9,0,6,0,0,0,0,3,1,1,1,59,9,12777,2,7,7,1
2014214005367,1,9,0,9,0,4,0,0,0,0,1,1,1,2,24,5,1599,1,10,1,1
2014214005367,2,9,0,18,0,8,0,0,0,0,4,1,2,1,41,7,1422,2,12,1,1
2014214005368,1,9,0,18,0,1,0,0,0,0,1,1,6,2,22,5,1242,1,3,8,3
2014214005368,2,9,0,4,0,1,0,0,0,0,2,1,6,2,20,4,998,1,8,8,3
2014214005376,1,9,0,18,0,0,0,0,0,0,1,1,1,1,21,5,1108,1,13,-1,-1
2014214005376,2,9,0,4,0,0,0,0,0,0,2,1,6,1,73,10,1599,1,8,7,1
2014214005376,3,9,0,4,0,0,0,0,0,0,2,1,6,2,45,7,1796,1,9,5,1
2014214005378,1,9,0,18,0,8,0,0,0,0,3,1,6,1,31,6,998,1,12,1,1
2014214005378,2,9,0,18,0,8,0,0,0,0,3,1,6,1,26,6,3000,1,20,1,1
2014214005381,1,9,0,18,0,2,0,0,0,0,1,1,6,2,59,9,1149,1,12,2,1
2014214005383,1,9,0,18,0,1,0,0,0,0,1,1,2,1,33,6,1910,2,8,3,1
2014214005385,1,9,0,18,0,6,0,0,0,0,1,1,6,2,49,8,2493,8,1,8,3
2014214005385,2,2,0,17,0,8,0,0,0,0,1,1,6,1,16,4,49,1,7,6,1
2014214005387,1,9,0,9,0,5,0,0,0,0,2,1,6,1,79,11,1968,2,-1,2,1
2014214005387,2,3,0,18,0,1,0,0,0,0,1,1,1,1,22,5,-1,-1,-1,7,3
2014214005387,3,9,0,18,0,1,0,0,0,0,3,1,1,2,55,8,1499,1,6,7,2
2014214005388,1,2,0,18,0,0,0,0,0,0,1,1,6,3,-1,-1,-1,-1,-1,-1,-1
2014214005389,1,9,0,18,0,8,0,0,0,0,1,1,6,1,38,7,1600,1,22,2,1
2014214005389,2,9,0,9,0,6,0,0,0,0,3,1,6,1,65,9,1396,1,11,1,1
2014214005389,3,9,0,2,0,2,0,0,0,0,3,1,6,3,-1,-1,1560,2,1,-1,-1
2014214005389,4,9,0,2,0,2,0,0,0,0,3,1,6,3,-1,-1,1368,1,8,-1,-1
2014214005390,1,9,4,18,0,0,5,0,1,0,2,1,6,1,52,8,2497,2,19,-1,3
2014214005390,2,21,1,18,0,0,0,0,0,0,1,1,1,1,63,9,12740,2,3,1,1
2014214005394,1,9,0,18,0,1,1,0,0,0,1,1,6,2,48,8,1596,1,3,5,1
2014214005394,2,9,0,3,0,1,0,0,0,0,2,1,6,1,25,5,-1,-1,-1,-1,-1
2014214005395,1,9,0,17,0,0,0,0,0,0,1,2,1,1,29,6,-1,-1,-1,8,1
2014214005395,2,19,0,16,0,0,0,0,0,0,1,1,1,1,28,6,2299,2,-1,4,1
2014214005396,1,9,0,16,0,6,0,0,0,0,4,1,6,1,42,7,1582,2,2,7,1
2014214005396,2,9,0,18,0,8,0,0,0,0,1,1,2,1,49,8,2000,2,9,6,1
2014214005397,1,5,0,18,0,8,0,0,0,0,1,1,6,1,46,8,599,1,16,3,2
2014214005397,2,9,0,9,0,5,0,0,0,0,4,1,6,1,17,4,1686,2,13,1,1
2014214005398,1,9,0,18,0,8,0,0,0,0,3,1,6,1,-1,-1,1390,1,3,10,1
2014214005398,2,9,0,9,0,6,0,0,0,0,3,1,6,2,18,4,1368,1,8,2,1
2014214005399,1,9,0,18,0,0,0,0,0,0,1,1,2,2,62,9,1598,1,14,5,3
2014214005399,2,9,0,4,0,0,0,0,0,0,2,1,2,2,30,6,1796,2,-1,8,2
2014214005400,1,9,0,4,0,0,0,0,0,0,1,1,6,1,20,4,1197,1,3,9,1
2014214005401,1,9,0,9,0,6,0,0,0,0,3,1,6,2,41,7,1596,1,8,2,1
2014214005401,2,9,0,18,0,8,0,0,0,0,1,1,6,1,47,8,1896,2,9,2,1
2014214005406,1,9,0,18,0,0,0,0,0,0,1,1,6,1,25,5,1124,1,13,6,2
2014214005406,2,9,0,18,0,0,0,0,0,0,1,1,2,2,42,7,1242,1,9,6,3
2014214005407,1,9,0,13,0,8,0,0,0,0,4,1,6,1,66,10,1461,2,1,1,1
2014214005407,2,17,0,9,0,5,0,0,0,0,3,1,1,1,81,11,904,2,1,7,3
2014214005410,1,9,0,2,0,2,0,0,0,0,3,1,6,1,50,8,1560,2,2,2,1
2014214005410,2,9,0,14,0,2,0,0,0,0,4,1,6,1,45,7,1390,1,13,2,1
2014214005410,3,9,0,18,0,1,0,0,0,0,3,1,6,2,33,6,1324,1,11,2,1
2014214005410,4,9,0,2,0,1,0,0,0,0,3,1,6,1,58,9,3239,1,18,2,1
2014214005410,5,9,0,2,0,1,0,0,0,0,3,1,6,2,56,9,1400,2,7,1,1
2014214005411,1,9,0,16,0,0,1,0,0,0,1,1,6,1,48,8,998,1,-1,1,1
2014214005411,2,10,0,17,0,0,0,0,0,0,1,1,3,1,45,7,2402,2,7,9,1
2014214005414,1,9,0,17,0,0,1,4,1,4,4,1,6,1,19,4,1998,1,16,-1,-1
2014214005414,2,9,0,2,0,0,0,0,0,0,2,1,6,1,63,9,1596,1,14,-1,-1
2014214005416,1,5,0,16,0,8,1,0,7,11,1,1,6,1,26,6,-1,-1,-1,1,1
2014214005416,2,9,0,2,0,1,0,0,0,0,2,1,6,1,34,6,1497,1,12,5,1
2014214005418,1,9,0,5,0,4,0,0,0,0,4,1,6,1,83,11,1149,1,7,5,1
2014214005418,2,9,0,18,0,8,0,0,0,0,1,1,6,2,44,7,998,1,14,1,1
2014214005420,1,9,0,14,0,2,0,0,0,0,3,1,6,2,21,5,1769,1,10,1,1