Accident_Index,Vehicle_Reference,Vehicle_Type,Towing_and_Articulation,Vehicle_Manoeuvre,Vehicle_Location-Restricted_Lane,Junction_Location,Skidding_and_Overturning,Hit_Object_in_Carriageway,Vehicle_Leaving_Carriageway,Hit_Object_off_Carriageway,1st_Point_of_Impact,Was_Vehicle_Left_Hand_Drive?,Journey_Purpose_of_Driver,Sex_of_Driver,Age_of_Driver,Age_Band_of_Driver,Engine_Capacity_(CC),Propulsion_Code,Age_of_Vehicle,Driver_IMD_Decile,Driver_Home_Area_Type
2014214005804,1,9,0,16,0,8,0,0,0,0,1,1,6,1,44,7,1364,1,8,5,1
2014214005804,2,9,0,17,0,8,0,0,0,0,4,1,6,1,41,7,1598,2,2,-1,1
2014214005804,3,9,0,16,0,2,0,0,0,0,2,1,6,2,34,6,1598,1,3,10,1
2014214005807,1,19,0,17,0,0,0,0,0,0,1,1,6,1,66,10,2494,2,7,6,1
2014214005808,1,9,0,5,0,1,0,0,0,0,1,1,6,1,33,6,-1,-1,-1,7,1
2014214005810,1,9,0,4,0,0,0,0,1,7,3,1,6,1,39,7,1560,2,1,1,1
2014214005811,1,11,0,16,0,1,0,0,0,0,4,1,1,1,51,8,5883,2,13,1,1
2014214005812,1,9,0,18,0,0,0,0,0,0,0,1,6,3,-1,-1,-1,-1,-1,-1,-1
2014214005812,2,9,0,13,0,0,0,0,7,0,1,1,2,1,37,7,1910,2,7,2,1
2014214005813,1,3,0,7,0,2,1,0,0,0,0,1,6,2,21,5,125,1,7,5,1
2014214005814,1,9,0,9,0,5,0,0,0,0,1,1,6,2,72,10,1199,1,12,4,1
2014214005814,2,9,0,18,0,8,0,0,0,0,1,1,6,1,32,6,1781,1,13,4,1
2014214005816,1,9,0,16,0,0,1,0,7,7,1,1,6,1,24,5,-1,-1,-1,4,1
2014214005818,1,5,0,18,0,1,0,0,0,0,1,1,2,1,23,5,599,1,18,2,1
2014214005818,2,9,0,10,0,1,0,0,0,0,2,1,6,2,20,4,1124,1,14,3,1
2014214005819,1,9,0,18,0,1,0,0,0,0,1,1,6,1,-1,-1,1896,2,8,-1,-1
2014214005819,2,9,0,10,0,1,0,0,0,0,2,1,6,2,37,7,1968,2,6,-1,1
2014214005821,1,9,0,7,0,6,0,0,0,0,1,1,1,1,53,8,1248,1,1,5,1
2014214005821,2,19,0,3,0,2,0,0,0,0,2,1,1,1,32,6,1997,2,10,3,1
2014214005822,1,9,0,18,0,1,0,0,0,0,1,1,6,1,36,7,-1,-1,-1,-1,1
2014214005822,2,9,0,3,0,1,0,0,0,0,2,1,6,2,26,6,1598,1,7,3,1
2014214005823,1,11,0,7,0,5,0,0,0,0,0,1,1,1,31,6,4250,2,14,4,1
2014214005824,1,9,0,18,0,8,2,9,7,1,1,1,6,2,93,11,1248,1,1,5,1
2014214005827,1,9,0,9,0,5,0,0,0,0,4,1,6,1,83,11,1388,1,5,4,1
2014214005827,2,1,0,18,0,8,0,0,0,0,1,1,2,1,45,7,-1,-1,-1,1,1
2014214005828,1,9,0,18,0,0,0,0,0,0,0,1,6,3,-1,-1,-1,-1,-1,-1,-1
2014214005832,1,19,0,18,0,0,0,0,0,0,1,1,1,1,41,7,-1,-1,-1,10,1
2014214005834,1,9,0,18,0,0,0,0,0,0,0,1,6,3,-1,-1,-1,-1,-1,-1,-1
2014214005834,2,1,0,18,0,0,0,0,0,0,4,1,6,2,27,6,-1,-1,-1,6,1
2014214005841,1,19,0,18,0,1,1,0,0,0,1,1,1,1,18,4,2143,2,3,3,1
2014214005841,2,19,0,3,0,1,0,0,0,0,2,1,6,1,32,6,-1,-1,-1,5,1
2014214005841,3,9,0,10,0,1,0,0,0,0,2,1,6,1,20,4,1400,2,7,-1,2
2014214005842,1,9,0,18,0,1,0,0,0,0,1,1,6,1,-1,-1,-1,-1,-1,-1,-1
2014214005842,2,9,0,8,0,1,0,0,0,0,2,1,6,1,68,10,1753,2,12,-1,1
2014214005844,1,9,0,3,0,1,0,0,0,0,0,1,6,1,32,6,1997,1,10,7,1
2014214005844,2,19,0,3,0,1,0,0,0,0,0,1,2,1,26,6,1753,2,7,9,1
2014214005844,3,9,0,14,0,1,0,0,0,0,0,1,6,1,52,8,1108,1,13,2,1
2014214005845,1,9,0,18,0,8,0,0,0,0,4,2,6,1,-1,-1,-1,-1,-1,-1,-1
2014214005845,2,21,1,18,0,8,0,0,0,0,1,1,1,1,45,7,-1,-1,-1,4,1
2014214005849,1,9,0,18,0,2,0,0,0,0,1,1,6,2,26,6,1364,1,6,3,1
2014214005851,1,9,0,9,0,5,0,0,0,0,4,1,6,2,-1,-1,1242,1,11,6,1
2014214005852,1,9,0,17,0,0,0,0,0,0,3,1,6,1,26,6,1997,2,14,1,1
2014214005852,2,19,0,16,0,0,0,0,0,0,3,1,1,1,34,6,-1,-1,-1,3,1
2014214005855,1,9,0,18,0,8,0,0,0,0,0,1,6,3,-1,-1,-1,-1,-1,-1,-1
2014214005855,2,11,0,18,0,8,0,0,0,0,0,1,1,1,56,9,-1,2,15,9,1
2014214005856,1,9,0,18,0,0,5,0,0,0,1,1,6,1,55,8,-1,-1,-1,-1,-1
2014214005856,2,4,0,18,0,0,0,0,0,0,1,1,6,2,31,6,-1,-1,-1,8,3
2014214005857,1,19,0,16,0,0,0,0,0,0,1,1,3,1,39,7,2500,2,8,7,3
2014214005857,2,9,0,17,0,0,0,0,0,0,1,1,6,2,23,5,1997,2,13,9,3
2014214005858,1,9,0,7,0,5,0,10,7,0,1,1,6,2,48,8,999,1,5,4,1
2014214005864,1,9,0,5,0,0,0,0,0,0,0,1,6,1,50,8,1997,2,13,6,1
2014214005866,1,9,0,17,0,2,1,0,0,0,3,1,6,1,34,6,1753,2,15,2,1
2014214005866,2,9,0,16,0,1,1,0,0,0,3,1,6,1,58,9,1363,2,11,5,3
2014214005868,1,19,0,9,0,6,0,0,0,0,3,1,1,1,33,6,1968,2,1,4,1
2014214005868,2,9,0,17,0,8,0,0,0,0,1,1,6,1,46,8,899,1,14,-1,-1
2014214005870,1,9,0,18,0,0,0,0,0,0,1,1,6,1,72,10,1586,1,10,2,1
2014214005870,2,9,0,2,0,0,0,0,0,0,1,1,6,1,24,5,-1,-1,-1,8,3
2014214005871,1,9,0,4,0,0,1,0,0,0,1,1,6,1,67,10,2494,1,16,9,1
2014214005871,2,9,0,18,0,0,0,0,0,0,2,1,6,1,67,10,1560,2,3,10,1
2014214005874,1,9,0,18,0,1,0,0,0,0,1,1,6,1,32,6,1956,2,4,7,1
2014214005874,2,9,0,10,0,1,0,0,0,0,2,1,6,1,54,8,1390,1,16,3,1
2014214005878,1,9,0,9,0,8,0,0,0,0,1,1,3,2,35,6,1229,1,3,7,1
2014214005879,1,9,0,18,0,8,0,0,0,0,4,1,6,1,80,11,-1,-1,-1,10,1
2014214005879,2,9,0,9,0,8,0,0,0,0,3,1,6,2,27,6,1248,2,4,2,1
2014214005880,1,9,0,9,0,0,0,0,0,0,1,1,6,1,60,9,1796,1,10,8,2
2014214005880,2,3,0,18,0,0,0,0,0,0,3,1,2,1,19,4,125,1,-1,9,1
2014214005882,1,9,0,17,0,1,2,0,0,0,1,1,6,2,18,4,998,1,3,-1,-1
2014214005891,1,9,0,4,0,2,0,0,0,0,1,1,6,2,31,6,1368,1,4,1,1
2014214005891,2,9,0,3,0,2,0,0,0,0,2,1,6,2,33,6,1598,1,5,5,1
2014214005892,1,9,0,18,0,0,1,0,2,11,1,1,2,2,28,6,2231,2,2,-1,-1
2014214005892,2,19,0,18,0,0,0,0,0,0,3,1,6,1,55,8,-1,-1,-1,6,1
2014214005893,1,9,0,18,0,1,0,0,0,0,1,1,6,2,74,10,1299,1,13,3,1
2014214005893,2,9,0,10,0,8,0,0,0,0,2,1,6,1,42,7,1596,1,3,5,1
2014214005894,1,19,0,18,0,1,0,0,0,0,1,1,6,1,67,10,1248,2,9,1,1
2014214005894,2,9,0,3,0,1,0,0,0,0,2,1,6,2,74,10,1598,1,21,6,1
2014214005894,3,9,0,3,0,1,0,0,0,0,2,1,2,2,33,6,-1,-1,-1,6,1
2014214005895,1,9,4,4,0,0,0,0,0,0,0,1,6,2,43,7,1753,2,6,7,3
2014214005895,2,9,0,4,0,0,1,0,0,0,2,1,6,2,51,8,1796,1,9,8,1
2014214005895,3,9,0,4,0,0,0,0,0,0,1,1,6,2,34,6,1781,1,11,2,1
2014214005897,1,9,0,18,0,0,0,12,0,0,1,1,6,1,63,9,1999,1,7,6,3
2014214005901,1,9,0,18,0,1,0,0,0,0,0,1,2,2,38,7,1598,1,8,1,1
2014214005902,1,9,0,7,0,6,0,0,0,0,1,1,6,1,58,9,1199,1,12,2,1
2014214005902,2,1,0,5,0,8,0,0,0,0,1,1,2,1,23,5,-1,-1,-1,2,1
2014214005904,1,21,0,18,0,1,1,0,0,0,1,1,1,1,48,8,6370,2,5,6,3
2014214005904,2,21,0,4,0,1,0,0,0,0,2,1,1,1,53,8,11967,2,2,9,3
2014214005905,1,9,0,4,0,2,0,0,0,0,0,1,6,3,-1,-1,1229,1,2,-1,-1
2014214005905,2,9,0,4,0,2,0,0,0,0,2,1,6,2,30,6,1360,1,9,9,1
2014214005905,3,9,0,4,0,2,0,0,0,0,1,1,6,1,62,9,1368,1,4,10,1
2014214005906,1,9,0,9,0,5,0,0,0,0,4,1,6,1,28,6,1332,1,9,1,1
2014214005906,2,2,0,18,0,8,0,0,0,0,1,1,6,1,21,5,123,1,8,2,1
2014214005907,1,19,0,1,0,2,0,0,0,0,2,1,6,1,39,7,-1,-1,-1,9,1
2014214005907,2,9,0,18,0,2,0,0,0,0,1,1,1,2,42,7,1248,2,1,7,1
2014214005909,1,19,4,13,0,0,0,0,0,0,3,1,6,3,-1,-1,-1,-1,-1,-1,-1
2014214005909,2,5,0,18,0,0,0,0,0,0,3,1,6,1,53,8,-1,-1,-1,3,1
2014214005909,3,9,0,18,0,0,0,0,0,0,1,1,6,2,-1,-1,1229,1,2,3,1
2014214005910,1,9,0,18,0,0,0,0,0,0,1,1,1,1,45,7,-1,-1,-1,4,1
2014214005910,2,9,0,3,0,0,0,0,0,0,2,1,2,2,25,5,1995,2,10,-1,-1
2014214005910,3,9,0,3,0,0,0,0,0,0,2,1,6,1,61,9,1995,2,2,1,1
2014214005910,4,9,0,3,0,0,0,0,0,0,2,1,6,2,-1,-1,1149,1,1,5,1
2014214005914,1,9,0,17,0,0,0,0,0,0,3,1,1,1,52,8,1461,2,-1,7,3
2014214005914,2,9,0,17,0,0,0,0,1,1,1,1,6,1,54,8,1388,1,11,8,2
2014214005920,1,9,0,9,0,5,0,0,0,0,4,1,6,1,29,6,-1,-1,-1,3,1
2014214005920,2,21,1,18,0,8,0,0,0,0,1,1,1,1,71,10,6370,2,8,3,1
2014214005926,1,9,0,9,0,8,0,0,0,0,1,1,6,1,50,8,-1,-1,-1,8,1
2014214005929,1,9,0,9,0,8,0,0,0,0,0,1,6,2,26,6,1497,1,12,7,1
2014214005929,2,1,0,18,0,8,0,0,0,0,1,1,6,1,30,6,-1,-1,-1,8,2
2014214005930,1,9,0,18,0,4,0,0,0,0,1,1,6,1,76,11,2198,1,7,9,3
2014214005930,2,9,0,9,0,8,0,0,0,0,4,1,6,1,50,8,1995,2,8,-1,1
2014214005932,1,9,0,18,0,8,0,0,0,0,1,1,6,2,67,10,1199,1,11,5,1
2014214005932,2,9,0,9,0,6,0,0,0,0,3,1,6,2,71,10,1240,1,4,7,2
2014214005941,1,9,0,18,0,1,0,0,0,0,1,1,6,1,79,11,1299,1,16,3,1
2014214005941,2,9,0,3,0,1,0,0,0,0,2,1,6,1,75,10,1598,1,10,8,1
2014214005941,3,9,0,10,0,1,0,0,0,0,0,1,6,3,-1,-1,-1,-1,-1,-1,-1
2014214005945,1,9,0,18,0,2,0,0,0,0,1,1,6,1,74,10,1368,1,8,-1,-1
2014214005945,2,19,0,4,0,2,0,0,0,0,2,1,1,1,47,8,2143,2,1,1,1
2014214005947,1,9,0,18,0,8,0,0,0,0,1,1,6,1,21,5,1598,1,13,3,1
2014214005947,2,9,0,18,0,8,0,0,0,0,3,1,6,2,22,5,1229,1,8,7,1
2014214005947,3,9,0,18,0,1,0,0,0,0,0,1,1,1,56,9,1390,1,1,2,1
2014214005949,1,9,0,13,0,8,0,0,0,0,1,1,1,1,42,7,2143,2,1,10,1
2014214005949,2,9,0,9,0,5,0,0,1,1,2,1,6,1,42,7,1598,1,10,6,1
2014214005950,1,19,0,18,0,1,0,0,0,0,4,1,6,3,-1,-1,2402,2,3,-1,-1
2014214005958,1,4,0,14,0,1,0,0,0,0,1,1,6,1,20,4,-1,-1,-1,2,1
2014214005958,2,9,0,9,0,5,0,0,0,0,4,1,6,2,44,7,1796,1,11,3,1
2014214005964,1,9,0,18,0,1,0,0,0,0,1,1,2,1,23,5,1998,2,12,2,1
2014214005964,2,9,0,3,0,1,0,0,0,0,2,1,6,1,31,6,1397,1,5,2,1
2014214005972,1,9,0,18,0,2,0,0,0,0,1,1,6,1,85,11,1149,1,7,-1,-1
2014214005972,2,9,0,18,0,1,0,0,0,0,1,1,6,1,64,9,1686,2,-1,1,1
2014214005974,1,9,0,18,0,0,0,0,0,0,3,1,6,2,34,6,1598,1,11,7,1
2014214005975,1,9,0,18,0,0,0,0,0,0,1,1,6,1,74,10,1299,1,13,9,1
2014214005975,2,1,0,18,0,0,0,0,0,0,2,1,6,1,30,6,-1,-1,-1,1,1
2014214005976,1,21,1,4,0,0,0,0,0,0,1,1,-1,1,56,9,-1,-1,-1,-1,-1
2014214005976,2,19,0,4,0,0,0,0,0,0,2,1,1,1,53,8,1686,2,6,1,1
2014214005977,1,9,0,18,0,0,0,0,0,0,1,1,6,1,74,10,2143,2,1,9,3
2014214005977,2,9,0,4,0,0,0,0,0,0,2,1,6,1,44,7,1598,1,3,8,2
2014214005980,1,9,0,7,0,3,0,0,0,0,1,1,1,1,20,4,1242,1,7,8,1
2014214005980,2,3,0,7,0,2,0,0,0,0,2,1,6,2,19,4,102,1,7,9,1
2014214005982,1,9,0,18,0,0,0,0,0,0,3,1,6,1,61,9,1905,2,20,4,1
2014214005985,1,9,0,5,0,1,0,0,0,0,1,1,1,2,29,6,1248,2,5,9,1
2014214005986,1,9,0,4,0,0,0,0,0,0,1,1,6,1,18,4,1390,1,14,5,1
2014214005986,2,9,0,4,0,0,0,0,0,0,2,1,6,2,21,5,1587,1,7,7,1
2014214005986,3,9,0,4,0,0,0,0,0,0,2,1,6,2,41,7,-1,-1,-1,2,1
2014214005986,4,9,0,4,0,0,0,0,0,0,0,1,6,3,-1,-1,-1,-1,-1,-1,-1
2014214005986,5,9,0,18,0,0,0,0,0,0,0,1,1,1,47,8,-1,-1,-1,7,1
2014214005987,1,1,0,18,0,0,0,0,0,0,1,1,6,1,14,3,-1,-1,-1,2,1
2014214005987,2,8,0,14,0,0,0,0,0,0,3,1,1,1,24,5,1896,2,4,1,1
2014214005988,1,9,0,9,0,5,0,0,0,0,3,1,6,2,49,8,1598,1,9,8,1
2014214005991,1,9,0,9,0,5,0,0,0,0,1,1,6,1,18,4,1198,1,3,10,1
2014214005991,2,9,0,18,0,8,0,0,0,0,3,1,2,1,49,8,1995,2,5,-1,-1
2014214005992,1,9,0,18,0,0,0,0,0,0,1,1,6,2,57,9,1198,1,-1,8,1
2014214005992,2,9,0,18,0,0,0,0,0,0,3,1,6,2,53,8,1242,1,2,4,1
2014214005992,3,9,0,18,0,0,0,0,0,0,1,1,6,2,34,6,1900,2,15,2,1
2014214005995,1,9,0,18,0,0,5,4,0,0,1,1,1,1,18,4,1242,1,7,8,1
2014214005995,2,9,0,2,0,0,0,0,0,0,2,1,6,1,49,8,1753,2,14,8,1
2014214005999,1,3,0,9,0,6,0,0,0,0,1,1,6,1,20,4,124,1,2,3,1
2014214005999,2,19,0,17,0,8,0,0,0,0,1,1,6,1,19,4,2500,2,8,3,1
2014214006005,1,9,0,11,0,0,0,0,0,0,4,1,6,1,21,5,1598,1,7,9,2
2014214006005,2,1,0,17,0,0,0,0,0,0,1,1,6,1,46,8,-1,-1,-1,3,1
2014214006007,1,9,0,13,0,0,0,0,0,0,4,1,6,3,-1,-1,-1,-1,-1,-1,-1
2014214006007,2,1,0,18,0,0,0,0,0,0,3,1,2,1,40,7,-1,-1,-1,4,1
2014214006008,1,9,0,18,0,1,0,0,0,0,3,1,6,1,36,7,1248,2,9,-1,1
2014214006009,1,9,0,4,0,1,0,0,0,0,1,1,6,1,-1,-1,2987,2,7,1,1
2014214006009,2,9,0,3,0,1,0,0,0,0,2,1,6,2,56,9,1968,2,1,8,1
2014214006010,1,9,0,9,0,2,0,0,0,0,3,1,2,1,28,6,1997,2,11,1,1
2014214006012,1,8,0,7,0,4,0,0,0,0,1,1,6,3,-1,-1,-1,-1,-1,-1,-1
2014214006012,2,1,0,18,0,8,0,0,0,0,4,1,2,1,49,8,-1,-1,-1,2,1
2014214006013,1,9,0,18,0,8,0,0,0,0,4,1,1,1,45,7,-1,-1,-1,5,1
2014214006016,1,21,1,9,0,8,0,0,0,0,3,2,1,1,35,6,-1,-1,-1,-1,-1
2014214006016,2,9,0,9,0,8,0,0,0,0,4,1,2,1,35,6,1870,2,12,6,3
2014214006017,1,9,0,9,0,6,0,0,0,0,1,1,6,2,25,5,1368,1,5,9,1
2014214006017,2,8,0,14,0,8,0,0,0,0,1,1,1,1,52,8,1995,2,9,3,1
2014214006019,1,9,0,18,0,0,0,0,0,0,1,1,6,1,38,7,1679,1,13,2,1
2014214006019,2,9,0,18,0,0,0,0,0,0,1,1,6,1,24,5,-1,-1,-1,-1,-1
2014214006020,1,9,0,9,0,6,0,0,0,0,3,1,6,2,18,4,1242,1,2,8,1
2014214006020,2,9,0,18,0,8,0,0,0,0,1,1,6,2,22,5,1242,1,7,10,1
2014214006027,1,9,0,18,0,0,0,0,0,0,1,1,6,1,42,7,2231,2,4,2,1
2014214006027,2,98,0,13,0,0,0,0,0,0,1,1,1,1,52,8,11967,2,3,-1,-1
2014214006027,3,1,0,18,0,0,0,0,0,0,2,1,6,1,31,6,-1,-1,-1,1,1
2014214006027,4,9,0,13,0,0,0,0,0,0,1,1,6,3,-1,-1,-1,-1,-1,-1,-1
2014214006028,1,8,0,7,0,6,0,0,0,0,1,1,1,1,19,4,-1,-1,-1,8,1
2014214006028,2,1,0,17,0,8,0,0,0,0,4,1,6,1,29,6,-1,-1,-1,-1,-1
2014214006031,1,9,0,18,0,0,0,0,1,11,4,1,6,1,88,11,999,1,1,8,1
2014214006031,2,9,0,18,0,0,0,0,0,0,0,1,1,2,45,7,1598,2,1,7,1
2014214006035,1,9,0,1,0,0,0,0,0,0,2,1,6,1,-1,-1,1242,1,13,5,1
2014214006035,2,1,0,18,0,0,0,0,0,0,1,1,6,1,56,9,-1,-1,-1,7,1
2014214006037,1,9,0,18,0,0,0,0,1,10,1,1,6,1,27,6,1560,2,3,4,1
2014214006040,1,9,0,9,0,5,0,0,0,0,1,1,6,2,22,5,1388,1,12,-1,-1
2014214006040,2,9,0,3,0,1,0,0,0,0,1,1,6,2,48,8,1299,1,13,1,1
2014214006043,1,9,5,13,0,0,0,0,0,0,4,1,6,1,20,4,2999,2,14,8,3
2014214006043,2,1,0,18,0,0,0,0,0,0,3,1,6,1,40,7,-1,-1,-1,4,1
2014214006047,1,9,0,12,0,0,0,0,0,0,0,1,6,2,45,7,1590,1,13,3,1
2014214006047,2,9,0,13,0,0,2,0,4,0,0,1,6,2,24,5,1242,1,4,3,1
2014214006049,1,9,0,9,0,5,0,0,0,0,1,1,6,3,-1,-1,1242,1,7,-1,-1
2014214006051,1,9,0,8,0,1,0,0,0,0,1,1,6,2,40,7,1596,1,8,3,1
2014214006051,2,1,0,18,0,8,0,0,0,0,1,1,6,1,28,6,-1,-1,-1,2,1
2014214006052,1,9,0,18,0,0,0,0,0,0,1,1,6,2,18,4,1299,1,13,2,1
2014214006052,2,9,0,4,0,0,0,0,0,0,2,1,6,1,32,6,1910,2,8,2,1
2014214006053,1,9,0,16,0,0,2,0,0,0,1,1,6,1,28,6,-1,-1,-1,7,3
2014214006053,2,19,0,17,0,0,0,0,0,0,1,1,1,1,65,9,1996,2,2,5,1
2014214006055,1,9,0,17,0,0,0,0,0,0,1,1,6,2,48,8,1149,1,9,9,2
2014214006060,1,9,0,9,0,8,0,0,0,0,1,1,2,1,30,6,1910,2,6,8,3
2014214006060,2,9,0,4,0,8,0,0,0,0,2,1,6,1,67,10,1396,1,3,6,1
2014214006063,1,9,0,5,0,6,0,0,0,0,1,1,1,1,31,6,-1,-1,-1,7,1
2014214006063,2,1,0,18,0,8,0,0,0,0,1,1,6,1,32,6,-1,-1,-1,1,1
2014214006067,1,9,0,13,0,8,5,0,7,0,1,1,6,1,22,5,1400,1,15,6,1
2014214006067,2,9,0,9,0,6,0,0,0,0,1,1,2,1,73,10,1339,8,6,6,3
2014214006068,1,21,1,12,0,0,0,0,0,0,2,1,1,1,-1,-1,12740,2,-1,-1,-1
2014214006068,2,9,0,11,0,0,0,0,0,0,4,1,6,1,19,4,1229,1,9,3,1
2014214006070,1,9,0,17,0,0,0,0,8,4,1,1,6,1,18,4,1229,1,7,10,1
2014214006075,1,9,0,17,0,0,1,0,0,0,1,1,1,2,23,5,1242,1,-1,-1,3
2014214006076,1,9,0,13,0,1,1,0,1,1,4,1,6,1,25,5,1753,2,11,1,1
2014214006077,1,9,0,18,0,0,0,0,0,0,1,1,6,1,67,10,1199,1,11,8,3
2014214006077,2,21,0,18,0,0,0,0,0,0,1,1,1,1,64,9,8300,2,19,2,1
2014214006078,1,9,0,4,0,1,0,0,0,0,0,1,6,3,-1,-1,-1,-1,-1,-1,-1
2014214006078,2,98,0,4,0,1,0,0,0,0,0,1,6,3,-1,-1,-1,-1,-1,-1,-1
2014214006078,3,9,0,4,0,1,0,0,0,0,2,1,1,1,46,8,2143,2,2,6,2
2014214006078,4,19,0,4,0,1,1,0,0,0,1,1,1,1,38,7,2198,2,6,9,1
2014214006078,5,9,0,4,0,1,0,0,0,0,1,1,2,2,27,6,1398,1,1,6,2
2014214006078,6,9,0,4,0,1,1,0,0,0,1,1,2,2,23,5,2979,1,1,-1,-1
2014214006079,1,9,0,12,0,0,0,10,7,1,1,1,6,2,41,7,2148,2,10,1,1
2014214006079,2,9,0,18,0,0,0,0,0,0,1,1,6,2,85,11,1329,1,1,10,1
2014214006080,1,19,0,18,0,8,1,0,0,0,1,1,2,1,34,6,1870,2,8,6,1
2014214006080,2,9,0,3,0,2,0,0,0,0,2,1,6,2,45,7,1968,2,1,5,1
2014214006080,3,9,0,3,0,2,0,0,0,0,2,1,6,1,44,7,2979,1,-1,8,1
2014214006081,1,9,0,16,0,0,1,0,7,4,1,1,6,1,32,6,1198,1,11,3,1
2014214006082,1,9,0,18,0,4,0,0,0,0,3,1,6,2,18,4,1360,1,7,6,1
2014214006082,2,9,0,18,0,8,0,0,0,0,1,1,1,2,27,6,1299,1,12,2,1
2014214006083,1,9,0,4,0,0,0,0,0,0,3,1,6,1,27,6,2000,2,9,6,1
2014214006083,2,9,0,13,0,0,0,0,0,0,4,1,6,2,28,6,1984,1,5,6,1
2014214006083,3,9,0,18,0,0,0,0,1,0,3,1,6,2,33,6,1560,2,6,7,3
2014214006085,1,9,0,18,0,4,0,0,0,0,1,1,1,2,35,6,1596,1,7,4,1
2014214006085,2,1,0,9,0,8,0,0,0,0,1,1,6,2,45,7,-1,-1,-1,-1,-1
2014214006086,1,9,0,18,0,0,0,0,0,0,1,1,2,1,37,7,1598,1,10,1,1
2014214006086,2,9,0,4,0,0,0,0,0,0,2,1,1,1,52,8,-1,-1,-1,6,3
2014214006093,1,9,0,18,0,1,0,0,0,0,1,1,2,1,57,9,1968,2,6,1,1
2014214006093,2,9,0,3,0,8,0,0,0,0,2,1,6,2,44,7,1198,1,-1,5,1
2014214006096,1,9,0,16,0,0,0,0,0,0,1,1,6,3,-1,-1,-1,-1,-1,-1,-1
2014214006096,2,9,0,16,0,0,0,10,1,11,2,1,6,1,18,4,1587,1,11,3,1
2014214006098,1,9,0,7,0,6,0,0,0,0,1,1,6,1,68,10,1343,1,9,1,1
2014214006098,2,9,0,18,0,8,0,0,0,0,4,1,6,1,30,6,1995,2,11,1,1
2014214006100,1,9,0,3,0,0,0,0,0,0,1,1,2,1,37,7,1796,1,7,2,1
2014214006100,2,21,1,1,0,0,0,0,0,0,2,1,1,1,45,7,12740,2,-1,-1,-1
2014214006101,1,21,0,9,0,6,0,0,0,0,3,1,1,1,36,7,-1,-1,-1,4,1
2014214006101,2,9,0,16,0,8,0,0,0,0,1,1,1,1,44,7,1956,2,3,4,1
2014214006102,1,9,0,5,0,1,0,0,0,0,1,1,1,2,36,7,1596,1,14,2,1
2014214006102,2,9,0,4,0,1,0,0,0,0,2,1,6,1,48,8,1560,2,1,5,1
2014214006111,1,9,0,6,0,1,0,0,0,0,0,1,2,1,19,4,998,1,-1,7,3
2014214006112,1,9,0,18,0,1,0,0,0,0,1,1,6,2,33,6,1598,2,-1,7,1
2014214006112,2,9,0,7,0,6,0,0,0,0,1,1,6,1,21,5,1360,1,9,4,1
2014214006113,1,9,0,18,0,1,0,0,0,0,1,1,6,1,30,6,-1,-1,-1,-1,-1
2014214006113,2,9,0,18,0,1,0,0,0,0,2,1,6,2,57,9,1388,1,4,8,1
2014214006114,1,9,0,6,0,8,0,0,0,0,1,1,6,1,35,6,1396,1,14,5,1
2014214006114,2,9,0,18,0,8,0,0,0,0,1,1,6,2,22,5,998,1,2,5,1
2014214006117,1,9,0,9,0,6,0,0,0,0,1,1,6,2,43,7,1240,1,9,3,1
2014214006117,2,9,0,18,0,1,0,0,0,0,1,1,6,2,38,7,1198,1,1,4,1
2014214006118,1,9,0,18,0,4,0,0,0,0,3,1,2,1,57,9,1242,1,7,6,1
2014214006118,2,21,1,9,0,4,0,0,0,0,4,1,1,2,40,7,11946,2,3,7,1
2014214006119,1,9,0,7,0,1,0,10,7,7,1,1,6,1,31,6,1388,1,10,5,1
2014214006119,2,9,0,18,0,2,0,0,0,0,0,1,1,1,30,6,1686,2,1,7,1
2014214006120,1,9,0,18,0,8,1,10,1,1,1,1,6,1,25,5,1986,2,5,2,1
2014214006120,2,9,0,18,0,8,0,0,0,0,0,1,1,1,31,6,1956,2,2,7,1
2014214006121,1,9,0,18,0,1,0,0,0,0,1,1,6,1,74,10,1229,1,9,9,1
2014214006121,2,19,0,2,0,1,0,0,0,0,2,1,1,1,54,8,1598,2,3,-1,-1
2014214006122,1,9,0,9,0,6,0,0,0,0,3,1,6,1,19,4,1229,1,9,1,1
2014214006122,2,3,0,18,0,8,0,0,0,0,1,1,6,1,57,9,-1,-1,-1,1,1
2014214006123,1,9,0,16,0,0,1,0,7,3,1,1,6,1,27,6,1364,1,8,1,1
2014214006124,1,5,0,18,0,8,0,2,0,0,1,1,2,1,27,6,1050,1,8,-1,-1
2014214006124,2,90,0,2,0,2,0,0,0,0,1,1,6,3,-1,-1,3619,2,-1,8,1
2014214006127,1,21,0,6,0,8,0,0,0,0,1,1,1,1,35,6,9200,2,7,-1,-1
2014214006127,2,9,0,18,0,8,0,0,0,0,1,1,6,1,32,6,2000,2,10,5,1
2014214006130,1,9,0,14,0,1,0,0,0,0,1,1,6,1,44,7,1984,1,5,8,2
2014214006130,2,9,0,2,0,1,0,0,0,0,1,1,6,3,-1,-1,3311,8,7,8,2
2014214006130,3,9,0,2,0,1,0,0,0,0,1,1,6,3,-1,-1,1240,1,5,-1,-1