Accident_Index,Vehicle_Reference,Vehicle_Type,Towing_and_Articulation,Vehicle_Manoeuvre,Vehicle_Location-Restricted_Lane,Junction_Location,Skidding_and_Overturning,Hit_Object_in_Carriageway,Vehicle_Leaving_Carriageway,Hit_Object_off_Carriageway,1st_Point_of_Impact,Was_Vehicle_Left_Hand_Drive?,Journey_Purpose_of_Driver,Sex_of_Driver,Age_of_Driver,Age_Band_of_Driver,Engine_Capacity_(CC),Propulsion_Code,Age_of_Vehicle,Driver_IMD_Decile,Driver_Home_Area_Type
201422C403328,1,9,0,13,0,0,0,0,0,0,1,1,6,2,48,8,1796,1,16,10,1
201422C403328,2,9,0,18,0,0,0,0,0,0,1,1,6,2,53,8,1248,2,9,8,1
201422C403331,1,9,0,2,0,0,0,0,0,0,0,1,6,2,33,6,1956,2,4,9,3
201422C403331,2,9,0,5,0,0,0,0,0,0,1,1,6,2,24,5,-1,-1,-1,-1,-1
201422C403337,1,9,0,2,0,1,0,0,0,0,3,1,6,2,38,7,1910,2,10,8,1
201422C403337,2,1,0,14,0,1,0,8,0,0,1,1,2,1,37,7,-1,-1,-1,8,1
201422C403339,1,9,0,11,0,0,0,0,0,0,4,1,6,1,22,5,1149,1,12,-1,-1
201422C403339,2,1,0,18,4,0,0,0,0,0,3,1,6,1,42,7,-1,-1,-1,9,2
201422C403340,1,19,0,18,0,0,0,0,0,0,4,1,2,1,70,10,2477,2,8,6,3
201422C403361,1,9,0,9,0,6,0,0,0,0,1,1,6,1,21,5,1422,2,10,1,1
201422C403361,2,3,0,10,0,8,0,0,0,0,2,1,6,1,20,4,124,1,2,5,1
201422C403363,1,9,0,16,0,6,1,0,3,10,1,1,6,1,29,6,1896,2,12,5,1
201422C403375,1,9,0,17,0,0,1,4,0,3,4,1,6,1,18,4,998,1,12,6,3
201422C403375,2,9,0,2,0,0,0,0,0,0,2,1,6,3,-1,-1,1995,2,6,-1,1
201422C403377,1,9,0,9,0,5,0,0,0,0,4,1,6,1,17,4,1968,2,8,3,1
201422C403377,2,1,0,18,0,8,0,0,0,0,1,1,2,1,19,4,-1,-1,-1,8,1
201422C403378,1,19,0,4,0,0,0,0,0,0,4,1,6,1,56,9,-1,-1,-1,7,3
201422C403378,2,1,0,18,0,0,0,0,1,0,3,1,6,1,47,8,-1,-1,-1,9,1
201422C403389,1,9,0,17,0,0,0,0,0,0,1,1,6,1,31,6,1968,2,2,9,3
201422C403389,2,9,0,16,0,0,0,0,0,0,1,1,6,1,76,11,1968,2,9,9,1
201422C403408,1,1,0,17,0,1,0,0,0,0,1,1,6,1,45,7,-1,-1,-1,8,1
201422C403408,2,19,0,4,0,1,0,0,0,0,2,1,1,1,31,6,1997,2,3,7,1
201422C403411,1,9,0,4,0,1,0,0,0,0,1,1,6,1,51,8,1968,2,8,7,3
201422C403414,1,3,0,3,0,0,0,0,0,0,1,1,2,1,26,6,124,1,2,6,3
201422C403414,2,19,0,1,0,0,0,0,0,0,2,1,1,1,48,8,1997,2,8,-1,-1
201422C403428,1,9,0,18,0,0,0,0,0,0,1,1,3,2,41,7,1896,2,10,9,3
201422C403428,2,9,0,18,0,0,0,0,1,0,2,1,2,2,24,5,1149,1,4,9,3
201422C403435,1,9,0,18,0,1,0,0,0,0,1,1,6,3,-1,-1,1997,2,13,-1,-1
201422C403435,2,9,0,3,0,1,0,0,0,0,2,1,6,2,46,8,1587,1,13,-1,1
201422C403447,1,19,0,18,0,0,0,0,0,0,3,1,6,3,-1,-1,2287,2,-1,-1,-1
201422C403453,1,1,0,18,0,0,0,8,0,0,1,1,6,2,23,5,-1,-1,-1,9,3
201422C403453,2,9,0,2,0,0,0,0,0,0,3,1,6,1,30,6,1995,2,-1,6,3
201422C403454,1,9,0,18,0,4,0,0,0,0,1,1,6,1,25,5,1686,2,2,-1,-1
201422C403454,2,9,0,10,0,1,0,0,0,0,2,1,6,1,28,6,1298,1,15,5,1
201422C403461,1,9,0,9,0,5,0,0,0,0,4,1,6,2,24,5,999,1,1,-1,-1
201422C403461,2,1,0,18,0,8,0,0,0,0,1,1,6,1,27,6,-1,-1,-1,6,2
201422C403464,1,9,0,9,0,5,0,0,0,0,3,1,6,2,45,7,-1,-1,-1,-1,-1
201422C403464,2,3,0,13,0,8,1,0,0,0,1,1,6,1,17,4,50,1,24,6,1
201422C403480,1,3,0,18,0,8,0,0,0,0,1,1,6,1,20,4,124,1,2,5,1
201422C403480,2,9,0,9,0,5,0,0,0,0,4,1,2,1,22,5,1998,2,8,4,1
201422C403490,1,19,0,1,0,0,0,0,0,0,2,1,6,1,31,6,2198,2,-1,1,1
201422C403530,1,9,0,18,0,1,0,0,0,0,1,1,2,2,18,4,1390,1,13,6,2
201422C403530,2,9,0,3,0,1,0,0,0,0,2,1,6,1,52,8,1600,2,3,9,3
201422C403530,3,9,0,3,0,1,0,0,0,0,2,1,2,1,47,8,1910,2,6,8,1
201422C403538,1,9,0,3,0,0,0,0,0,0,1,1,6,1,67,10,1560,2,9,3,1
201422C403538,2,9,0,18,0,0,0,0,0,0,1,1,6,1,53,8,1997,2,14,10,1
201422C403540,1,9,0,18,0,0,0,0,0,0,2,1,6,2,65,9,1198,1,11,9,3
201422C403540,2,1,0,18,0,0,0,0,0,0,1,1,6,1,59,9,-1,-1,-1,8,1
201422C403554,1,9,0,16,0,0,1,0,7,4,1,1,6,1,24,5,1796,1,9,7,2
201422C403557,1,9,0,5,0,4,0,0,0,0,3,1,2,1,27,6,1900,2,7,5,1
201422C403557,2,1,0,9,0,8,0,0,0,0,1,1,6,1,55,8,-1,-1,-1,9,3
201422C403572,1,9,0,9,0,6,0,0,0,0,1,1,6,2,65,9,1595,1,13,5,1
201422C403572,2,9,0,9,0,5,0,0,0,0,3,1,6,2,38,7,1896,2,10,10,1
201422C403575,1,21,0,18,0,2,0,0,0,0,3,1,1,1,35,6,-1,-1,-1,10,1
201422C403580,1,9,0,18,0,1,1,0,0,0,1,1,6,1,23,5,973,1,12,6,1
201422C403580,2,9,0,9,0,5,0,0,0,0,4,1,1,1,25,5,-1,-1,-1,5,3
201422C403581,1,9,0,18,0,0,0,0,0,0,0,1,1,1,50,8,1686,2,7,7,3
201422C403585,1,9,0,18,0,0,0,0,0,0,1,1,6,2,18,4,1124,1,16,3,1
201422C403585,2,9,0,3,0,0,0,0,0,0,2,1,6,1,40,7,1598,1,12,7,1
201422C403585,3,9,0,18,0,0,0,0,0,0,1,1,6,2,78,11,1124,1,10,-1,1
201422C403591,1,4,0,16,0,2,0,10,7,0,1,1,6,1,40,7,124,1,5,7,1
201422C403612,1,3,0,4,0,1,1,0,0,0,3,1,1,1,20,4,124,1,5,7,1
201422C403636,1,9,0,4,0,1,0,0,0,0,2,1,3,2,46,8,1679,1,15,9,3
201422C403636,2,9,0,18,0,1,0,0,0,0,2,1,2,1,29,6,1997,2,11,9,1
201422C403648,1,9,0,18,0,6,0,0,0,0,1,1,6,2,66,10,1560,2,8,-1,3
201422C403648,2,9,0,18,0,8,0,0,1,9,3,1,6,1,66,10,1968,2,5,7,3
201422C403666,1,9,0,2,0,0,0,0,0,0,4,1,6,1,76,11,1329,1,1,7,1
201422C403666,2,1,0,18,0,0,0,8,0,0,3,1,4,1,10,2,-1,-1,-1,10,1
201422C403681,1,9,0,4,9,0,0,0,0,0,4,1,6,1,71,10,1248,1,5,10,1
201422C403696,1,9,0,11,2,0,0,0,0,0,2,1,6,3,-1,-1,-1,-1,-1,-1,-1
201422C403696,2,1,0,18,2,0,0,0,0,0,1,1,3,2,44,7,-1,-1,-1,10,1
201422C403696,3,1,0,18,2,0,0,0,0,0,1,1,4,1,11,3,-1,-1,-1,10,1
201422C403697,1,8,0,18,0,0,0,0,0,0,4,1,1,1,62,9,-1,-1,-1,5,1
201422C403699,1,9,0,16,0,0,1,0,8,4,3,1,6,1,18,4,1248,2,2,6,3
201422C403700,1,9,0,9,0,6,0,0,0,0,1,1,6,2,62,9,1339,1,11,-1,-1
201422C403700,2,5,0,18,0,8,0,0,0,0,3,1,6,1,36,7,599,1,4,4,1
201422C403727,1,9,0,9,0,5,0,0,0,0,4,1,2,2,46,8,1388,1,12,7,1
201422C403727,2,1,0,17,0,8,0,0,0,0,1,1,4,1,14,3,-1,-1,-1,6,1
201422C403738,1,9,0,4,0,0,1,0,0,0,1,1,1,1,59,9,2143,2,3,6,1
201422C403738,2,19,0,4,0,0,0,0,0,0,2,1,1,1,36,7,2148,2,7,2,1
201422C403738,3,19,0,3,0,0,0,0,0,0,2,1,1,1,44,7,1461,2,1,9,3
201422C403738,4,9,0,3,0,0,0,0,0,0,2,1,1,1,30,6,1242,1,1,7,1
201422C403748,1,2,0,5,0,8,0,0,0,0,1,1,6,2,16,4,49,1,1,8,3
201422C403748,2,8,0,9,0,6,0,0,0,0,1,1,6,1,-1,-1,-1,-1,-1,-1,-1
201422C403749,1,17,4,3,0,2,0,0,0,0,1,1,1,1,42,7,6788,2,1,8,3
201422C403749,2,9,0,16,0,1,0,0,0,0,1,1,6,2,27,6,1389,1,13,6,2
201422C403757,1,9,0,16,0,0,2,0,7,0,1,1,6,1,21,5,1798,1,2,8,1
201422C403771,1,4,0,18,0,8,1,0,0,0,1,1,2,1,28,6,125,1,2,6,2
201422C403771,2,9,0,9,0,5,0,0,0,0,4,1,2,1,38,7,1560,2,-1,2,1
201422C403782,1,9,0,17,0,8,1,0,0,0,1,1,2,2,20,4,973,1,14,6,3
201422C403782,2,11,0,6,0,6,0,0,0,0,2,1,1,1,56,9,8300,2,17,6,3
201422C403786,1,9,0,14,0,0,0,0,0,0,4,1,6,2,26,6,1397,1,12,7,1
201422C403797,1,9,0,1,0,6,0,10,4,0,2,1,6,1,50,8,1994,2,16,1,1
201422C403797,2,9,0,18,0,8,0,0,0,0,4,1,6,1,35,6,1896,2,7,8,1
201422C403803,1,9,0,9,0,6,0,0,0,0,2,1,6,3,-1,-1,1493,1,16,-1,-1
201422C403803,2,1,0,18,0,8,0,0,0,0,1,1,6,1,30,6,-1,-1,-1,5,1
201422C403805,1,9,0,18,0,0,0,0,0,0,4,1,6,3,-1,-1,-1,-1,-1,-1,-1
201422C403812,1,9,0,18,0,0,0,0,0,0,1,1,6,1,32,6,1396,2,4,-1,-1
201422C403812,2,9,0,4,0,0,0,0,0,0,4,1,1,1,36,7,2993,2,2,-1,-1
201422C403812,3,9,0,4,0,0,0,0,0,0,4,1,1,1,34,6,2993,2,1,-1,-1
201422C403812,4,9,0,4,0,0,0,0,0,0,3,1,1,1,31,6,2993,2,-1,-1,-1
201422C403812,5,9,0,4,0,0,0,0,0,0,1,1,1,1,48,8,-1,-1,-1,-1,-1
201422C403815,1,2,0,18,0,0,1,0,0,0,4,1,6,1,16,4,48,1,1,5,3
201422C403830,1,9,0,18,0,0,0,0,1,4,4,1,6,1,28,6,1596,1,13,6,2
201422C403847,1,9,0,18,0,0,0,0,0,0,1,1,6,1,65,9,1796,1,6,-1,-1
201422C403856,1,9,0,13,0,0,1,0,0,0,1,1,6,1,51,8,1956,2,2,5,1
201422C403856,2,9,0,18,0,0,1,0,0,0,1,1,6,1,54,8,1995,2,-1,5,1
201422C403856,3,19,0,18,0,0,0,0,0,0,0,1,1,1,24,5,1560,2,2,3,1
201422C403873,1,9,0,18,0,1,1,0,0,0,1,1,2,2,28,6,1299,1,15,2,1
201422C403873,2,9,0,10,0,1,0,0,0,0,2,1,6,2,47,8,1896,2,11,8,3
201422C403886,1,9,0,18,0,1,0,0,0,0,1,1,6,1,30,6,1991,2,8,7,2
201422C403886,2,1,0,18,0,1,0,0,0,0,1,1,2,1,26,6,-1,-1,-1,7,1
201422C403888,1,9,0,17,0,0,0,0,0,0,3,1,2,2,27,6,1398,1,4,5,1
201422C403888,2,9,0,16,0,0,0,0,0,0,3,1,6,2,46,8,2179,2,-1,7,3
201422C403901,1,9,0,4,0,0,0,0,0,0,2,1,1,1,41,7,1997,2,2,6,1
201422C403901,2,4,0,13,0,0,1,0,0,0,1,1,6,1,58,9,598,1,25,7,3
201422C403906,1,9,0,4,0,0,0,0,0,0,2,1,1,2,42,7,1242,1,13,7,2
201422C403906,2,2,0,18,0,0,1,0,0,0,1,1,6,1,16,4,50,1,3,9,3
201422C403906,3,2,0,18,0,0,1,0,0,0,1,1,6,1,16,4,49,1,10,8,1
201422C403909,1,9,0,9,0,6,0,0,0,0,1,1,6,2,41,7,1242,1,2,7,3
201422C403916,1,9,0,5,0,4,0,0,0,0,1,1,6,2,80,11,1360,1,7,6,2
201422C403916,2,9,0,3,0,1,0,0,0,0,2,1,2,1,44,7,1991,2,8,7,3
201422C403923,1,9,0,18,0,0,0,0,0,0,1,1,6,3,-1,-1,-1,-1,-1,-1,-1
201422C403930,1,9,0,5,0,6,0,0,4,0,3,1,6,1,34,6,-1,-1,-1,-1,3
201422C403930,2,21,1,18,0,1,1,0,0,0,1,1,1,1,61,9,12740,2,3,7,3
201422C403942,1,9,0,18,0,0,0,0,0,0,1,1,2,2,61,9,1242,1,3,4,1
201422C403943,1,9,0,4,0,0,0,0,0,0,2,1,6,1,69,10,1360,1,10,5,2
201422C403943,2,9,0,18,0,0,0,0,0,0,1,1,1,1,56,9,2993,2,4,8,1
201422C403945,1,21,1,18,0,0,4,0,7,0,1,1,1,1,43,7,12740,2,1,7,2
201422C403951,1,9,0,18,0,0,2,0,7,10,4,1,6,1,56,9,1689,2,13,7,3
201422C403967,1,9,0,18,0,0,5,4,0,0,1,1,6,2,21,5,1461,2,4,9,1
201422C403967,2,9,0,18,0,0,0,0,0,0,3,1,6,1,66,10,1956,2,-1,8,1
201422C403967,3,9,0,2,0,0,0,0,0,0,2,1,6,2,40,7,1398,1,3,6,1
201422C403973,1,19,0,5,0,8,0,0,0,0,4,1,6,3,-1,-1,2286,2,8,-1,-1
201422C403973,2,9,0,5,0,8,0,0,0,0,3,1,1,1,37,7,1968,2,4,10,1
201422C403984,1,9,0,18,0,8,0,0,0,0,1,1,3,2,39,7,1360,1,7,4,1
201422C403984,2,9,0,9,0,6,0,0,0,0,1,1,2,2,52,8,1242,1,7,4,1
201422C403984,3,9,0,18,0,1,0,0,0,0,2,1,2,1,42,7,1388,1,7,3,3
201422C403988,1,9,0,9,0,6,0,0,0,0,3,1,6,1,28,6,1461,2,-1,5,1
201422C403988,2,3,0,14,0,1,0,0,0,0,1,1,6,2,17,4,124,1,-1,8,1
201422C403999,1,9,0,18,0,0,0,0,0,0,1,1,6,2,74,10,1086,1,5,9,1
201422C403999,2,9,0,3,0,0,0,0,0,0,2,1,6,2,48,8,1560,2,2,7,3
201422C404009,1,9,0,3,0,0,0,0,0,0,2,1,6,2,26,6,1349,1,6,9,2
201422C404009,2,9,0,18,0,0,2,0,7,0,1,1,6,1,18,4,1998,1,9,9,2
201422C404009,3,9,0,18,0,0,0,0,0,0,3,1,6,1,62,9,-1,-1,-1,9,2
201422C404012,1,9,0,9,0,6,0,0,0,0,1,1,6,1,20,4,1360,1,14,7,3
201422C404012,2,8,0,18,0,1,0,0,0,0,1,1,1,1,39,7,1910,2,7,9,1
201422C404016,1,9,0,17,0,0,5,0,7,4,1,1,6,1,20,4,1390,1,11,3,1
201422C404017,1,19,0,9,0,4,0,0,0,0,1,1,1,1,48,8,1753,2,7,-1,-1
201422C404017,2,9,0,10,0,1,0,0,0,0,2,1,6,2,36,7,1527,2,18,8,1
201422C404040,1,9,0,18,0,2,0,0,0,0,1,1,6,1,52,8,2488,1,11,5,1
201422C404045,1,9,0,18,0,0,0,4,0,0,1,1,6,2,44,7,1299,1,11,3,1
201422C404045,2,9,0,2,0,0,1,4,0,0,2,1,6,2,45,7,1995,2,8,10,2
201422C404045,3,9,0,2,0,0,0,4,0,0,2,1,6,1,53,8,1997,2,5,10,2
201422C404069,1,9,0,17,0,0,0,10,1,1,1,1,6,1,43,7,1240,1,7,7,2
201422C404088,1,1,0,14,0,8,0,0,0,0,1,1,2,1,33,6,-1,-1,-1,7,1
201422C404088,2,19,0,9,0,6,0,0,0,0,1,1,1,1,42,7,2151,2,10,4,1
201422C404090,1,9,0,18,0,6,0,4,0,0,4,1,6,1,21,5,1198,1,1,6,3
201422C404090,2,9,0,18,0,8,0,0,0,0,1,1,6,2,35,6,1560,2,5,1,1
201422C404090,3,9,0,2,0,1,0,0,0,0,1,1,6,1,54,8,-1,-1,-1,2,1
201422C404094,1,9,0,16,0,0,1,0,7,10,3,1,6,2,28,6,1753,2,11,6,1
201422C404094,2,9,0,17,0,0,0,0,0,0,3,1,6,1,51,8,1560,2,1,6,3
201422C404115,1,9,0,17,0,6,0,0,0,0,4,1,6,2,34,6,1598,1,8,9,1
201422C404115,2,9,0,18,0,1,0,0,1,0,1,1,6,1,21,5,1493,1,18,7,1
201422C404116,1,9,0,9,0,6,0,0,0,0,3,1,6,1,17,4,1198,1,10,4,1
201422C404116,2,9,0,18,0,1,0,0,0,0,1,1,6,2,67,10,1399,2,2,8,1
201422C404142,1,10,0,17,0,0,2,0,1,4,1,1,2,2,20,4,-1,-1,-1,4,3
201422C404165,1,9,0,9,0,6,0,0,0,0,1,1,2,2,23,5,1242,1,6,8,3
201422C404165,2,3,0,18,0,1,0,0,0,0,1,1,2,1,35,6,125,1,4,9,1
201422C404169,1,9,0,10,0,6,0,0,0,0,1,1,6,3,-1,-1,796,1,14,-1,-1
201422C404169,2,9,0,18,0,8,0,0,0,0,4,1,1,1,36,7,1791,8,2,-1,1
201422C404189,1,9,0,5,0,6,0,0,0,0,1,1,6,2,65,9,1398,2,4,8,1
201422C404189,2,9,0,18,0,1,0,0,0,0,3,1,6,2,57,9,1390,1,13,1,1
201422C404190,1,9,0,5,0,6,0,0,0,0,1,1,6,2,29,6,1596,1,12,10,1
201422C404190,2,1,0,18,0,1,0,0,0,0,4,1,6,2,57,9,-1,-1,-1,6,1
201422C404204,1,9,0,18,0,0,1,0,5,1,1,1,6,1,21,5,1896,2,9,2,1
201422C404207,1,9,0,9,0,6,0,0,0,0,3,1,6,1,41,7,1560,2,9,6,1
201422C404207,2,9,0,18,0,1,0,0,0,0,1,1,6,1,86,11,1598,1,6,10,1
201422C404217,1,9,0,16,0,0,2,0,7,10,3,1,2,2,34,6,1242,1,11,9,3
201422C404222,1,21,1,18,0,0,0,0,0,0,1,1,1,1,56,9,12580,2,8,7,1
201422C404222,2,9,0,11,0,0,1,0,4,6,2,1,6,1,31,6,1586,1,6,1,1
201422C404227,1,9,0,18,0,8,0,0,0,0,1,1,2,2,30,6,1596,1,3,7,3
201422C404227,2,9,0,5,0,6,0,0,0,0,4,1,6,2,38,7,2179,2,6,7,1
201422C404232,1,9,0,18,0,4,0,0,0,0,1,1,6,1,56,9,-1,-1,-1,10,1
201422C404232,2,9,0,4,0,1,0,0,0,0,2,1,6,2,50,8,1198,1,5,4,1
201422C404237,1,19,0,16,0,0,1,0,0,0,1,1,6,1,30,6,1753,2,8,7,3
201422C404237,2,21,0,17,0,0,0,0,1,4,1,1,1,1,62,9,6692,2,3,7,2
201422C404263,1,9,0,18,0,7,0,0,0,0,3,1,6,2,70,10,1598,1,2,3,1
201422C404263,2,21,1,18,0,2,0,0,0,0,4,1,6,3,-1,-1,-1,-1,-1,-1,-1
201422C404280,1,9,0,18,0,0,0,0,0,0,1,1,6,3,-1,-1,-1,-1,-1,-1,-1
201422C404284,1,9,0,18,0,0,0,0,1,5,1,1,2,1,28,6,1998,2,10,3,1
201422C404290,1,9,0,9,0,6,0,0,0,0,1,1,6,1,57,9,1590,1,16,5,1
201422C404290,2,9,0,3,0,8,0,0,0,0,1,1,2,2,31,6,1198,1,9,5,1
201422C404299,1,9,0,9,0,8,0,0,0,0,1,1,6,1,45,7,1598,1,5,7,1
201422C404299,2,9,0,5,0,8,0,0,0,0,3,1,6,2,44,7,2295,1,9,7,1
201422C404300,1,9,0,18,0,1,0,0,0,0,1,1,6,2,31,6,3956,1,15,5,1
201422C404303,1,9,0,2,0,0,0,0,0,0,3,1,6,2,20,4,1968,2,6,-1,-1
201422C404303,2,9,0,14,0,0,0,4,0,0,4,1,6,2,49,8,1396,2,5,9,3
201422C404311,1,9,0,17,0,0,2,0,8,10,1,1,2,2,27,6,1242,1,4,5,1
201422C404318,1,21,0,18,0,8,0,0,0,0,1,1,1,1,60,9,2287,2,2,1,1
201422C404318,2,9,0,9,0,5,0,0,7,10,3,1,6,2,18,4,1390,1,13,4,1
201422C404321,1,9,0,9,0,5,0,0,0,0,1,1,6,1,27,6,1149,1,6,9,1
201422C404327,1,9,0,7,0,6,0,0,0,0,1,1,2,2,52,8,1242,1,7,4,1
201422C404327,2,1,0,18,0,8,0,0,0,0,1,1,2,2,49,8,-1,-1,-1,9,3
201422C404332,1,9,0,18,0,1,1,0,0,0,3,1,2,1,33,6,-1,-1,-1,-1,1
201422C404334,1,9,0,9,0,5,0,0,0,0,3,1,6,2,70,10,1390,1,9,8,3
201422C404334,2,2,0,13,0,8,0,0,0,0,1,1,6,2,18,4,124,1,4,7,1
201422C404335,1,9,0,9,0,6,0,0,0,0,1,1,6,2,32,6,1984,1,8,9,2
201422C404335,2,4,0,18,0,8,0,0,0,0,1,1,6,1,51,8,-1,-1,-1,5,2
201422C404357,1,9,0,18,0,0,1,0,1,0,4,1,1,1,56,9,1997,2,5,3,1
201422C404357,2,9,0,18,0,0,1,0,1,0,3,1,1,1,62,9,1596,1,10,7,3
201422C404357,3,9,0,18,0,0,0,0,0,0,1,1,1,1,47,8,2521,1,4,7,3
201422C404365,1,9,0,4,0,0,0,0,0,0,2,1,6,2,27,6,1598,1,2,3,1
201422C404365,2,19,0,18,0,0,1,0,0,0,1,1,6,1,21,5,1598,2,-1,-1,1
201422C404380,1,9,0,4,0,0,0,0,0,0,3,1,2,1,38,7,-1,-1,-1,9,3
201422C404380,2,1,0,13,0,0,0,0,0,0,1,1,2,1,44,7,-1,-1,-1,4,1
201422C404382,1,9,0,18,0,8,0,0,0,0,1,1,6,1,72,10,2495,2,15,8,3
201422C404382,2,9,0,18,0,6,0,0,0,0,3,1,6,2,71,10,1242,1,7,7,3
201422C404386,1,9,0,17,0,0,5,0,1,3,1,1,6,1,19,4,1587,1,13,6,2
201422C404387,1,1,0,18,0,8,0,0,0,0,1,1,2,1,40,7,-1,-1,-1,9,2
201422C404387,2,9,0,9,0,6,0,0,0,0,1,1,2,1,35,6,1870,2,10,5,1
201422C404392,1,9,0,18,0,6,0,0,0,0,1,1,1,3,-1,-1,-1,-1,-1,-1,-1
201422C404392,2,1,0,18,0,1,0,0,0,0,1,1,6,2,65,9,-1,-1,-1,10,2
201422C404396,1,9,0,18,0,8,0,0,0,0,3,1,2,1,31,6,1896,2,9,4,1
201422C404396,2,9,0,5,0,6,0,0,0,0,1,1,2,1,23,5,1199,1,12,2,1
201422C404401,1,9,0,4,0,1,0,0,0,0,1,1,6,2,50,8,1388,1,10,4,1
201422C404411,1,9,0,2,0,1,0,0,0,0,3,1,6,3,-1,-1,1994,2,11,2,1
201422C404411,2,9,0,5,0,1,0,0,0,0,4,1,6,1,36,7,1360,1,12,1,1
201422C404413,1,9,0,18,0,1,0,0,0,0,1,1,6,3,-1,-1,-1,-1,-1,-1,-1
201422C404413,2,9,0,3,0,1,0,0,0,0,2,1,1,1,23,5,1461,2,-1,6,1
201422C404415,1,9,0,18,0,0,0,0,0,0,1,1,6,2,58,9,1753,2,10,5,3
201422C404420,1,4,0,9,0,6,0,0,0,0,1,1,2,2,40,7,-1,-1,-1,6,3
201422C404438,1,8,0,18,0,0,0,0,0,0,3,1,1,1,34,6,1997,2,7,4,1
201422C404456,1,9,0,3,0,1,0,0,0,0,2,1,6,1,27,6,1686,2,6,7,1
201422C404456,2,9,0,18,0,1,0,0,0,0,1,1,6,1,26,6,1896,2,9,3,1
201422C404469,1,9,0,1,0,1,0,0,0,0,2,1,6,3,-1,-1,1995,2,9,-1,-1
201422C404469,2,9,0,2,0,2,0,0,0,0,1,1,6,1,28,6,1995,1,15,8,1
201422C404479,1,9,0,18,0,0,0,0,0,0,1,1,6,1,71,10,-1,-1,-1,-1,-1
201422C404479,2,9,0,3,0,0,0,0,0,0,2,1,3,2,34,6,1975,1,7,9,3
201422C404497,1,90,0,18,9,0,0,0,0,0,1,1,6,3,-1,-1,-1,-1,-1,-1,-1
201422C404498,1,1,0,18,0,1,1,4,0,0,1,1,2,1,44,7,-1,-1,-1,8,1
201422C404498,2,9,0,2,0,1,0,0,0,0,2,1,6,1,25,5,1360,1,9,7,1
201422C404518,1,9,0,1,0,6,0,0,0,0,4,1,6,1,27,6,1360,1,12,2,1
201422C404518,2,9,0,16,0,8,0,0,0,0,1,1,6,1,25,5,1399,1,5,9,2
201422C404524,1,9,0,9,0,8,0,0,0,0,4,1,2,1,23,5,-1,-1,-1,6,3
201422C404524,2,9,0,18,0,8,0,0,0,0,1,1,2,1,52,8,995,1,6,8,1
201422C404553,1,9,0,18,0,0,0,0,0,0,1,1,6,1,25,5,1299,1,11,-1,-1
201422C404553,2,19,0,18,0,0,0,0,0,0,2,1,1,1,37,7,1870,2,12,3,1
201422C404574,1,5,0,17,0,0,1,0,1,0,1,1,2,1,36,7,599,1,13,8,1
201422C404577,1,19,0,18,0,0,0,0,0,0,3,1,1,1,61,9,2298,2,-1,1,1
201422C404577,2,9,0,18,0,0,0,0,0,0,3,1,6,1,18,4,1348,1,12,7,1
201422C404578,1,4,0,18,0,8,1,0,0,0,4,1,2,1,26,6,498,1,18,9,1
201422C404584,1,11,0,9,0,4,0,0,0,0,3,1,1,1,53,8,8300,2,14,-1,-1
201422C404584,2,21,1,18,0,1,1,0,0,0,1,1,1,1,36,7,16000,2,3,-1,-1
201422C404588,1,9,0,9,0,5,0,0,0,0,1,1,6,1,52,8,1991,1,12,1,1
201422C404589,1,9,0,1,0,6,0,0,0,0,2,1,6,2,89,11,1149,1,7,7,2
201422C404589,2,9,0,3,0,1,0,0,0,0,0,1,6,1,40,7,1598,1,4,10,1
201422C404598,1,19,0,7,0,6,0,10,0,0,4,1,6,3,-1,-1,-1,-1,-1,-1,-1
201422C404601,1,19,0,13,0,0,0,0,0,0,0,1,1,1,24,5,2198,2,7,7,1
201422C404601,2,1,0,18,0,0,0,0,1,0,4,1,6,1,51,8,-1,-1,-1,7,1
201422C404602,1,9,0,9,0,6,0,0,0,0,3,1,6,2,80,11,998,1,14,5,2
201422C404602,2,9,0,18,0,8,0,0,0,0,1,1,6,1,31,6,1461,2,5,7,3
201422C404609,1,9,0,9,0,6,0,0,0,0,1,1,6,3,-1,-1,1149,1,10,-1,-1
201422C404609,2,9,0,18,0,8,0,0,0,0,1,1,2,2,27,6,998,1,1,1,1
201422C404623,1,9,0,18,0,2,0,0,0,0,1,1,2,1,45,7,1599,1,9,1,1
201422C404628,1,21,0,18,0,0,0,0,0,0,4,1,1,3,-1,-1,-1,-1,-1,-1,-1
201422C404632,1,9,0,18,0,0,0,4,0,0,1,1,6,2,85,11,1796,1,8,8,1
201422C404632,2,20,0,2,0,0,0,0,0,0,2,1,1,1,40,7,5193,2,6,8,1
201422C404633,1,9,0,4,0,1,0,0,0,0,2,1,6,1,24,5,1998,1,18,7,1
201422C404633,2,9,0,18,0,1,0,0,0,0,1,1,6,1,28,6,-1,-1,-1,-1,-1
201422C404638,1,9,0,16,0,8,0,0,0,0,3,1,6,2,42,7,1598,1,9,3,1