Accident_Index,Vehicle_Reference,Vehicle_Type,Towing_and_Articulation,Vehicle_Manoeuvre,Vehicle_Location-Restricted_Lane,Junction_Location,Skidding_and_Overturning,Hit_Object_in_Carriageway,Vehicle_Leaving_Carriageway,Hit_Object_off_Carriageway,1st_Point_of_Impact,Was_Vehicle_Left_Hand_Drive?,Journey_Purpose_of_Driver,Sex_of_Driver,Age_of_Driver,Age_Band_of_Driver,Engine_Capacity_(CC),Propulsion_Code,Age_of_Vehicle,Driver_IMD_Decile,Driver_Home_Area_Type
201422D403016,1,9,0,18,0,8,0,0,0,0,1,1,6,2,29,6,1968,2,1,9,1
201422D403016,2,9,0,9,0,5,0,0,0,0,2,1,6,2,68,10,1685,2,4,9,1
201422D403038,1,9,0,18,0,0,0,0,0,0,1,1,6,2,33,6,1796,1,10,2,1
201422D403039,1,9,0,18,0,4,0,0,0,0,1,1,6,2,64,9,1242,1,3,2,1
201422D403039,2,9,0,8,0,1,0,0,0,0,2,1,6,2,49,8,1399,2,6,8,1
201422D403049,1,9,0,17,0,0,0,0,0,0,1,1,6,1,24,5,973,1,11,6,1
201422D403049,2,9,0,16,0,0,1,0,0,0,2,1,6,1,32,6,2793,1,17,7,1
201422D403052,1,9,0,1,0,1,0,0,0,0,2,1,6,1,62,9,1398,1,2,3,1
201422D403054,1,9,0,5,0,4,0,0,0,0,3,1,6,1,45,7,1868,2,12,6,2
201422D403054,2,1,0,7,0,4,0,10,1,0,1,1,6,1,27,6,-1,-1,-1,3,1
201422D403078,1,9,0,18,0,0,0,4,0,0,1,1,6,1,18,4,1984,1,12,2,1
201422D403078,2,9,0,2,0,0,0,0,0,0,2,1,6,3,34,6,1396,1,9,7,2
201422D403078,3,9,0,2,0,0,0,0,0,0,2,1,6,3,48,8,1951,2,10,-1,-1
201422D403081,1,3,0,13,0,8,1,0,0,0,3,1,6,1,17,4,125,1,4,4,3
201422D403081,2,9,0,9,0,5,0,0,0,0,0,1,6,2,65,9,1198,1,11,10,1
201422D403097,1,19,0,4,0,1,0,0,0,0,1,1,6,2,34,6,-1,-1,-1,-1,-1
201422D403097,2,9,0,3,0,1,0,0,0,0,2,1,2,2,31,6,1229,1,6,6,2
201422D403102,1,19,0,1,9,0,0,0,0,0,2,1,1,1,24,5,2198,2,2,4,1
201422D403109,1,3,0,18,2,8,0,0,0,0,3,1,6,1,32,6,124,1,8,6,2
201422D403109,2,9,0,17,0,8,0,0,0,0,4,1,6,1,45,7,2191,2,1,6,1
201422D403114,1,2,0,13,0,1,0,0,0,0,1,1,6,1,16,4,49,1,7,10,1
201422D403114,2,9,0,9,0,6,0,0,0,0,1,1,2,1,34,6,2995,1,6,5,2
201422D403115,1,8,0,18,0,0,0,0,0,0,4,1,6,3,-1,-1,1560,2,3,-1,-1
201422D403116,1,9,0,18,0,6,5,0,7,0,1,1,6,1,27,6,1598,1,4,4,1
201422D403116,2,9,0,18,0,1,0,0,1,9,1,1,6,1,71,10,1388,1,4,5,1
201422D403123,1,9,0,18,0,1,0,0,8,10,1,1,6,2,25,5,998,1,4,6,3
201422D403123,2,9,0,3,0,1,0,0,0,0,2,1,6,2,47,8,1198,1,9,5,1
201422D403123,3,9,0,3,0,1,0,0,0,0,4,1,6,1,47,8,1999,1,12,10,1
201422D403139,1,9,0,17,0,8,0,10,1,10,1,1,6,1,44,7,1951,2,8,5,1
201422D403142,1,9,0,18,0,0,2,0,7,0,1,1,6,1,58,9,1905,2,15,1,1
201422D403143,1,9,0,7,0,5,1,7,3,10,1,1,6,2,19,4,1461,2,1,7,1
201422D403146,1,5,0,18,0,3,0,0,0,0,1,1,6,1,54,8,988,1,13,5,2
201422D403146,2,9,0,18,0,3,0,0,0,0,1,1,6,3,-1,-1,-1,-1,-1,-1,-1
201422D403154,1,9,0,9,0,6,0,0,0,0,3,1,6,1,35,6,1596,1,13,3,1
201422D403154,2,1,0,9,0,5,0,0,0,0,3,1,6,1,50,8,-1,-1,-1,3,1
201422D403159,1,9,0,18,0,1,0,0,0,0,1,1,6,2,18,4,998,1,7,8,1
201422D403160,1,9,0,9,0,6,0,0,4,1,3,1,6,2,20,4,1086,1,5,9,1
201422D403160,2,9,0,18,0,1,0,0,4,1,1,1,6,2,41,7,1596,1,9,3,2
201422D403161,1,4,0,18,0,1,0,0,0,0,1,1,6,1,17,4,124,1,1,7,3
201422D403161,2,1,0,5,0,6,0,0,0,0,3,1,2,1,22,5,-1,-1,-1,4,1
201422D403164,1,9,0,14,0,0,0,0,0,0,3,1,6,1,47,8,1596,1,9,6,1
201422D403164,2,9,0,14,0,0,0,0,0,0,3,1,6,1,27,6,1910,2,10,2,1
201422D403167,1,9,0,16,0,0,1,0,2,7,1,1,2,2,44,7,1150,1,8,4,1
201422D403185,1,9,0,18,0,0,0,0,1,2,1,1,6,1,28,6,1199,1,12,4,1
201422D403185,2,9,0,18,0,0,0,0,0,0,1,1,6,2,19,4,1242,1,14,9,1
201422D403186,1,9,0,16,0,0,0,0,0,0,1,1,6,2,69,10,1199,1,10,6,3
201422D403186,2,9,0,17,0,0,0,0,7,10,1,1,6,1,74,10,1149,1,4,4,1
201422D403222,1,9,0,18,0,3,0,0,4,1,1,1,6,1,26,6,1390,1,14,2,1
201422D403222,2,9,0,4,0,4,0,0,0,0,1,1,6,1,28,6,2204,2,5,7,1
201422D403233,1,9,0,18,0,0,0,10,7,2,1,1,1,1,56,9,-1,-1,-1,8,1
201422D403239,1,9,0,18,0,4,0,0,0,0,3,1,6,2,67,10,1995,2,9,1,1
201422D403239,2,9,0,18,0,4,0,0,0,0,1,1,6,2,41,7,2967,2,5,8,3
201422D403240,1,9,0,18,0,1,1,0,1,1,4,1,6,1,25,5,1686,2,9,7,3
201422D403240,2,9,0,2,0,2,0,0,0,0,3,1,6,1,44,7,2496,1,9,6,1
201422D403243,1,9,0,4,0,1,0,0,0,0,1,1,6,2,50,8,1998,2,11,1,1
201422D403243,2,9,0,3,0,1,0,0,0,0,2,1,6,1,52,8,2143,2,-1,7,1
201422D403245,1,9,0,17,0,0,0,0,0,0,1,1,1,1,67,10,1198,1,-1,4,1
201422D403245,2,9,0,16,0,0,0,0,0,0,1,1,6,1,57,9,1360,1,11,1,1
201422D403252,1,9,0,18,0,0,0,0,0,0,1,1,6,1,63,9,1968,2,7,9,1
201422D403252,2,1,0,18,0,0,0,0,0,0,1,1,6,2,45,7,-1,-1,-1,9,1
201422D403254,1,19,0,2,0,2,0,0,0,0,0,1,1,1,46,8,2198,2,1,4,1
201422D403254,2,9,0,18,0,2,0,0,0,0,4,1,6,2,76,11,-1,-1,-1,7,1
201422D403256,1,9,0,18,0,0,0,0,7,0,1,1,6,1,67,10,1997,2,10,9,1
201422D403256,2,9,0,18,0,0,0,0,0,0,1,1,6,1,56,9,1108,1,12,2,1
201422D403260,1,9,0,18,0,0,0,0,1,4,1,1,6,1,19,4,1360,1,7,8,1
201422D403265,1,2,0,16,0,0,1,0,0,0,1,1,6,1,16,4,49,1,10,8,2
201422D403265,2,9,0,17,0,0,0,0,0,0,1,1,6,1,72,10,1582,2,2,9,2
201422D403290,1,9,0,9,0,5,0,0,0,0,1,1,6,2,51,8,1988,1,11,9,1
201422D403290,2,1,0,10,0,1,0,0,0,0,1,1,6,2,47,8,-1,-1,-1,7,3
201422D403299,1,9,0,5,0,3,0,0,1,9,2,1,2,1,33,6,1124,1,13,3,1
201422D403299,2,21,1,5,0,8,0,0,0,0,1,1,1,1,33,6,12419,2,2,10,1
201422D403300,1,9,0,9,0,5,0,0,0,0,1,1,6,3,-1,-1,1587,1,8,-1,-1
201422D403300,2,1,0,18,0,1,0,0,0,0,2,1,6,1,21,5,-1,-1,-1,9,1
201422D403318,1,21,0,5,0,4,0,0,0,0,3,1,1,1,48,8,3920,2,8,3,1
201422D403318,2,1,0,18,0,8,0,0,0,0,1,1,6,1,48,8,-1,-1,-1,5,1
201422D403335,1,19,0,9,0,5,0,0,0,0,1,1,1,1,61,9,2143,2,-1,8,3
201422D403335,2,9,0,18,0,1,0,0,0,0,1,1,2,1,22,5,1391,1,13,4,1
201422D403341,1,9,0,18,0,6,0,0,0,0,1,1,6,1,29,6,1951,2,11,4,1
201422D403341,2,9,0,18,0,8,5,0,1,10,3,1,6,1,36,7,1753,2,4,9,1
201422D403371,1,9,0,9,0,6,0,0,0,0,1,1,6,1,82,11,1461,2,8,4,1
201422D403371,2,9,0,10,0,8,0,0,0,0,1,1,6,2,36,7,-1,-1,-1,6,1
201422D403372,1,19,0,2,0,1,0,0,0,0,2,1,6,1,54,8,2800,2,9,3,1
201422D403372,2,9,0,5,0,1,0,4,0,0,1,1,2,2,64,9,996,1,2,5,3
201422D403401,1,3,0,18,0,8,0,0,0,0,4,1,6,1,16,4,-1,-1,-1,1,1
201422D403401,2,9,0,5,0,6,0,0,0,0,1,1,6,1,48,8,1598,1,9,3,1
201422D403402,1,9,0,4,0,1,0,0,0,0,1,1,6,1,76,11,2393,1,3,8,3
201422D403402,2,1,0,3,0,1,0,0,0,0,2,1,6,1,46,8,-1,-1,-1,8,3
201422D403420,1,9,0,18,0,0,5,0,0,0,1,1,2,1,52,8,-1,-1,-1,10,1
201422D403420,2,9,0,18,0,0,0,0,0,0,0,1,1,1,37,7,2993,2,2,9,3
201422D403423,1,3,0,5,0,4,0,0,0,0,3,1,6,1,17,4,124,1,7,1,1
201422D403423,2,9,0,5,0,8,0,0,0,0,1,1,6,1,67,10,1798,1,4,8,1
201422D403425,1,9,0,17,0,0,0,6,0,0,1,1,6,2,23,5,1248,2,7,3,1
201422D403431,1,9,0,18,0,0,0,0,0,0,3,1,6,2,40,7,1598,1,3,9,3
201422D403445,1,21,0,18,0,0,0,0,0,0,0,1,1,3,-1,-1,-1,-1,-1,-1,-1
201422D403451,1,9,0,5,0,6,0,0,0,0,1,1,6,2,40,7,2188,2,6,7,3
201422D403481,1,9,0,18,0,4,0,10,3,10,1,1,6,1,67,10,2500,2,-1,6,1
201422D403481,2,9,0,18,0,8,0,0,0,0,4,1,6,1,74,10,1240,1,5,7,2
201422D403484,1,9,0,18,0,8,5,0,0,0,4,1,3,2,46,8,1390,1,1,5,3
201422D403484,2,17,0,5,0,6,0,0,0,0,1,1,1,1,47,8,4000,2,9,7,3
201422D403500,1,9,0,9,0,5,1,0,0,0,1,1,6,3,-1,-1,1597,1,20,-1,-1
201422D403500,2,19,0,18,0,8,5,0,0,0,3,1,6,1,45,7,1896,2,7,6,3
201422D403501,1,9,0,13,0,0,1,0,0,0,1,1,6,1,52,8,1596,1,8,8,1
201422D403501,2,1,0,18,0,0,1,0,0,0,2,1,2,1,23,5,-1,-1,-1,-1,-1
201422D403503,1,4,0,4,0,2,1,0,0,0,3,1,6,1,22,5,124,1,12,1,1
201422D403506,1,9,0,13,0,0,0,0,0,0,4,1,6,1,20,4,1995,2,7,-1,1
201422D403506,2,9,0,18,0,0,0,0,0,0,3,1,6,1,25,5,1332,1,5,6,1
201422D403506,3,9,0,18,0,0,0,0,0,0,1,1,6,1,64,9,2199,2,3,-1,3
201422D403518,1,9,0,3,0,1,0,0,0,0,2,1,6,2,38,7,1390,1,13,3,1
201422D403518,2,9,0,4,0,1,0,0,0,0,1,1,6,1,33,6,1248,2,7,7,3
201422D403558,1,9,0,18,0,8,0,0,0,0,1,1,6,1,-1,-1,2793,1,14,-1,-1
201422D403558,2,9,0,4,0,8,0,0,0,0,2,1,6,1,68,10,1390,1,10,9,1
201422D403562,1,9,0,13,0,0,1,0,1,10,2,1,2,1,24,5,1389,1,11,3,1
201422D403562,2,9,0,16,0,0,0,0,0,0,1,1,1,1,45,7,1910,2,6,9,3
201422D403565,1,9,0,4,0,0,0,0,0,0,3,1,6,2,23,5,1360,1,14,-1,-1
201422D403565,2,9,0,18,0,0,0,0,0,0,3,1,6,2,49,8,1598,1,6,3,1
201422D403570,1,19,0,16,0,0,0,0,0,0,0,1,1,3,-1,-1,2143,2,1,-1,-1
201422D403570,2,16,0,17,0,0,0,0,0,0,4,1,6,2,26,6,-1,-1,-1,2,1
201422D403595,1,1,0,18,0,8,0,0,0,0,4,1,6,1,34,6,-1,-1,-1,2,1
201422D403595,2,9,0,18,0,8,0,0,0,0,1,1,6,2,47,8,998,1,6,3,1
201422D403614,1,9,0,1,0,6,0,0,0,0,2,1,6,1,22,5,1299,1,11,8,1
201422D403614,2,1,0,18,0,1,0,0,0,0,1,1,6,2,61,9,-1,-1,-1,8,1
201422D403653,1,9,0,17,0,0,0,0,0,0,1,1,6,1,42,7,2171,2,14,5,1
201422D403653,2,2,0,16,0,0,1,0,0,0,3,1,6,1,16,4,49,1,10,5,1
201422D403672,1,9,0,18,0,0,0,0,0,0,1,1,1,1,40,7,-1,-1,-1,3,1
201422D403672,2,9,0,11,0,0,0,0,0,0,2,1,6,1,25,5,1896,2,13,8,1
201422D403676,1,19,0,17,0,8,1,0,0,0,3,1,6,3,-1,-1,1998,2,8,-1,-1
201422D403676,2,20,0,16,0,8,0,0,0,0,3,1,1,1,33,6,6174,2,10,7,1
201422D403702,1,9,0,18,0,8,0,0,0,0,1,1,6,1,60,9,998,1,1,10,1
201422D403702,2,9,0,18,0,6,0,0,0,0,1,1,6,1,28,6,2143,2,1,5,3
201422D403708,1,9,0,18,0,0,0,0,0,0,4,1,6,1,61,9,1999,1,11,3,1
201422D403711,1,9,0,18,0,8,0,0,0,0,1,1,1,1,19,4,1769,1,12,3,1
201422D403711,2,9,0,18,0,8,0,4,1,10,1,1,6,2,20,4,1388,1,11,5,1
201422D403711,3,9,0,2,0,2,0,4,0,0,2,1,6,3,-1,-1,1991,2,8,5,1
201422D403711,4,9,0,2,0,2,0,4,0,0,2,1,6,3,-1,-1,1968,2,2,5,1
201422D403734,1,9,0,18,0,8,1,0,4,2,1,1,1,1,35,6,1598,1,6,8,1
201422D403734,2,9,0,18,0,8,1,0,0,0,1,1,3,2,36,7,1598,1,13,-1,1
201422D403743,1,9,0,18,0,0,0,0,0,0,1,1,6,2,42,7,-1,-1,-1,-1,-1
201422D403743,2,9,0,4,0,0,0,0,0,0,2,1,2,2,43,7,1398,2,10,2,1
201422D403744,1,9,0,18,0,1,1,10,1,4,1,1,2,1,23,5,1396,1,16,3,1
201422D403745,1,9,0,17,0,0,2,0,7,10,1,1,6,1,23,5,1997,1,13,8,1
201422D403745,2,9,0,18,0,0,0,0,0,0,0,1,1,1,43,7,2993,2,2,-1,-1
201422D403752,1,9,0,9,0,5,0,0,0,0,3,1,6,2,75,10,-1,-1,-1,10,3
201422D403752,2,1,0,10,0,1,0,0,0,0,1,1,6,2,53,8,-1,-1,-1,6,2
201422D403768,1,9,0,4,0,1,0,0,0,0,1,1,6,3,-1,-1,1396,1,20,-1,-1
201422D403768,2,9,0,8,0,1,0,0,0,0,2,1,6,1,50,8,1396,1,-1,8,1
201422D403824,1,9,0,18,0,0,0,0,0,0,1,1,6,2,29,6,1299,1,13,5,2
201422D403824,2,9,0,3,0,0,0,0,0,0,2,1,6,1,48,8,1686,2,1,7,3
201422D403832,1,9,0,9,0,5,0,0,0,0,4,1,6,2,40,7,-1,-1,-1,-1,-1
201422D403832,2,1,0,18,0,8,0,0,0,0,1,1,6,1,20,4,-1,-1,-1,9,1
201422D403839,1,9,0,5,0,6,0,0,0,0,1,1,6,2,24,5,1597,1,19,7,1
201422D403839,2,5,0,14,0,8,0,0,0,0,1,1,6,1,47,8,988,1,11,8,1
201422D403850,1,9,0,18,0,1,0,0,0,0,1,1,6,1,54,8,2967,1,13,6,2
201422D403865,1,9,0,4,0,6,1,0,0,0,1,1,2,2,50,8,1587,1,10,9,1
201422D403865,2,9,0,9,0,5,0,0,0,0,1,1,2,1,50,8,1360,1,8,2,1
201422D403865,3,9,0,9,0,5,0,0,0,0,3,1,2,1,49,8,1461,2,-1,9,2
201422D403867,1,9,0,5,0,6,0,0,0,0,4,1,3,1,53,8,1598,1,11,1,1
201422D403867,2,1,0,18,9,6,0,0,0,0,1,1,4,1,12,3,-1,-1,-1,3,1
201422D403875,1,21,1,1,0,7,0,0,0,0,2,1,1,3,-1,-1,-1,-1,-1,-1,-1
201422D403875,2,9,0,3,0,7,0,0,0,0,1,1,2,2,33,6,-1,-1,-1,-1,-1
201422D403879,1,9,0,18,0,0,0,0,8,2,1,1,6,2,79,11,1341,1,11,7,1
201422D403925,1,9,0,18,0,0,0,0,0,0,1,1,6,2,49,8,1598,2,3,4,1
201422D403925,2,9,0,3,0,0,0,0,0,0,2,1,6,1,72,10,2967,2,-1,8,1
201422D403925,3,9,0,3,0,0,0,0,0,0,2,1,6,1,49,8,-1,-1,-1,9,1
201422D403987,1,8,0,18,0,6,0,0,0,0,1,1,1,1,37,7,2499,2,3,3,1
201422D403987,2,1,0,18,0,8,0,0,0,0,4,1,6,1,31,6,-1,-1,-1,3,1
201422D404001,1,9,0,7,0,3,1,10,0,0,1,1,6,1,88,11,1994,2,17,9,1
201422D404001,2,9,0,18,0,4,0,0,0,0,1,1,6,1,70,10,1997,2,1,8,1
201422D404011,1,9,0,10,0,1,0,0,0,0,2,1,6,1,54,8,1198,1,6,7,3
201422D404011,2,9,0,18,0,1,0,0,0,0,1,1,6,1,37,7,1951,2,10,7,1
201422D404030,1,1,0,18,0,1,0,0,0,0,2,1,6,1,22,5,-1,-1,-1,3,1
201422D404030,2,9,0,18,0,1,0,0,0,0,1,1,6,1,25,5,1299,1,11,3,1
201422D404033,1,9,0,18,0,0,0,0,0,0,1,1,6,1,38,7,1595,2,4,7,1
201422D404033,2,21,1,18,0,0,0,0,0,0,1,1,1,1,49,8,12902,2,1,9,1
201422D404044,1,21,1,11,0,0,0,0,0,0,1,2,1,1,33,6,-1,-1,-1,-1,-1
201422D404044,2,9,0,18,0,0,1,0,0,0,4,1,6,1,28,6,1800,1,20,7,1
201422D404073,1,19,0,18,0,0,0,0,0,0,0,1,6,3,-1,-1,2188,2,11,8,2
201422D404089,1,9,0,18,0,1,0,0,0,0,1,1,6,1,38,7,1598,1,14,7,3
201422D404089,2,9,0,3,0,1,0,0,0,0,2,1,6,1,43,7,2979,1,12,7,1
201422D404097,1,8,0,2,0,1,0,0,0,0,3,1,1,1,66,10,1896,2,9,4,1
201422D404097,2,9,0,14,0,1,0,8,0,0,4,1,1,1,35,6,1781,1,9,8,1
201422D404101,1,9,0,18,0,8,0,10,0,0,4,1,6,1,72,10,1997,2,11,10,1
201422D404117,1,9,0,7,0,2,0,0,0,0,3,1,6,2,31,6,1998,1,12,10,1
201422D404119,1,9,0,4,0,1,5,10,1,1,1,1,6,1,38,7,1398,2,12,4,1
201422D404136,1,9,0,4,0,1,0,0,0,0,1,1,6,1,25,5,1299,1,13,7,1
201422D404136,2,9,0,8,0,1,0,0,0,0,2,1,6,2,22,5,1599,1,11,7,1
201422D404158,1,3,0,18,0,8,0,0,0,0,4,1,6,2,20,4,108,1,2,9,2
201422D404158,2,5,0,5,0,6,0,0,0,0,1,1,6,3,-1,-1,-1,-1,-1,-1,-1
201422D404163,1,9,0,16,0,1,0,0,0,0,1,1,6,3,-1,-1,-1,-1,-1,-1,-1
201422D404183,1,9,0,5,0,6,0,0,0,0,1,1,6,3,-1,-1,-1,-1,-1,-1,-1
201422D404250,1,21,0,14,0,2,0,0,0,0,4,1,1,1,27,6,-1,-1,-1,3,1
201422D404251,1,9,0,9,0,6,0,0,0,0,3,1,2,2,25,5,998,1,4,8,1
201422D404251,2,5,0,18,0,1,0,0,0,0,1,1,2,1,51,8,650,1,-1,2,1
201422D404264,1,9,0,18,0,1,0,0,0,0,1,1,2,1,21,5,-1,-1,-1,3,1
201422D404264,2,9,0,4,0,1,0,0,0,0,2,1,2,2,60,9,1497,1,13,7,1
201422D404264,3,9,0,4,0,1,0,0,0,0,1,1,6,1,36,7,1968,2,5,8,1
201422D404268,1,9,0,16,0,0,1,0,0,0,1,1,6,1,22,5,1596,1,13,2,1
201422D404268,2,19,0,17,0,0,0,0,0,0,1,1,1,2,53,8,-1,-1,-1,-1,1
201422D404275,1,5,0,18,0,0,0,12,0,0,1,1,2,1,64,9,1000,1,20,3,1
201422D404281,1,9,0,18,0,0,0,0,0,0,1,1,2,1,35,6,1598,1,18,8,1
201422D404298,1,9,0,4,0,0,0,0,0,0,4,1,1,2,46,8,1339,1,4,5,3
201422D404302,1,21,1,11,0,0,0,0,0,0,1,1,1,1,36,7,12740,2,4,1,1
201422D404302,2,9,0,18,0,0,1,0,1,0,2,1,6,1,63,9,1951,2,13,5,1
201422D404326,1,9,0,5,0,4,0,0,0,0,1,1,6,2,44,7,1200,1,-1,9,1
201422D404326,2,1,0,18,0,8,0,0,0,0,2,1,6,1,38,7,-1,-1,-1,-1,1
201422D404354,1,9,0,18,0,0,0,0,0,0,3,1,6,2,44,7,1596,1,1,10,1
201422D404354,2,9,0,11,0,0,0,0,0,0,4,1,6,1,69,10,2993,2,3,7,1
201422D404359,1,9,0,9,0,6,0,0,0,0,0,1,6,1,64,9,1968,2,4,9,2
201422D404359,2,5,0,5,0,1,0,0,0,0,4,1,6,2,38,7,645,1,13,5,1
201422D404371,1,9,0,9,0,6,0,0,0,0,1,1,2,2,59,9,1798,1,5,2,1
201422D404371,2,3,0,18,0,1,1,0,0,0,1,1,2,1,22,5,124,1,-1,5,1
201422D404374,1,9,0,18,0,0,0,0,7,10,1,1,6,2,87,11,1968,2,3,9,2
201422D404377,1,19,0,5,0,6,0,0,0,0,1,1,6,1,48,8,2198,2,5,6,1
201422D404377,2,9,0,18,0,1,0,0,0,0,1,1,6,2,78,11,1328,1,9,8,1
201422D404378,1,9,0,18,0,0,0,0,0,0,1,1,6,1,66,10,1997,1,8,8,1
201422D404378,2,1,0,18,0,0,0,0,0,0,1,1,6,1,13,3,-1,-1,-1,4,1
201422D404397,1,9,0,18,0,8,1,0,0,0,1,1,1,2,20,4,875,1,1,5,1
201422D404397,2,9,0,4,0,8,0,0,0,0,2,1,1,2,27,6,1686,2,1,8,1
201422D404399,1,9,0,4,0,8,0,0,0,0,2,1,6,2,60,9,1998,1,15,2,1
201422D404399,2,19,0,18,0,8,0,0,0,0,1,1,6,1,43,7,1998,2,10,2,1
201422D404407,1,9,0,14,0,2,0,4,0,0,1,1,6,1,21,5,1124,1,9,3,1
201422D404407,2,9,0,18,0,1,0,0,0,0,1,1,6,1,37,7,2188,2,8,1,1
201422D404407,3,19,0,2,0,2,0,0,0,0,2,1,1,1,47,8,6692,2,1,3,1
201422D404419,1,9,0,9,0,8,0,0,0,0,1,1,6,1,56,9,1124,1,13,2,1
201422D404419,2,9,0,18,0,1,0,0,0,0,1,1,6,1,39,7,1299,1,11,2,1
201422D404419,3,9,0,4,0,1,0,0,0,0,1,1,6,1,43,7,2231,2,8,9,3
201422D404439,1,9,0,18,0,8,1,0,0,0,1,1,1,1,37,7,998,1,11,3,1
201422D404439,2,9,0,9,0,5,0,0,0,0,2,1,6,1,21,5,1598,1,6,8,1
201422D404457,1,9,0,18,0,0,1,0,0,0,1,1,1,1,32,6,1587,1,13,3,1
201422D404457,2,9,0,4,0,0,0,0,0,0,2,1,6,1,63,9,2987,2,5,5,1
201422D404464,1,9,0,7,0,8,0,0,0,0,1,1,6,2,70,10,1360,1,6,8,1
201422D404464,2,1,0,18,0,8,0,0,0,0,2,1,6,1,38,7,-1,-1,-1,7,1
201422D404468,1,9,0,4,0,1,0,0,0,0,1,1,6,3,-1,-1,1796,1,11,9,1
201422D404468,2,9,0,3,0,1,0,0,0,0,2,1,6,1,18,4,1242,1,10,8,1
201422D404470,1,9,0,18,0,0,0,0,0,0,2,1,6,2,83,11,1560,2,4,7,3
201422D404470,2,9,0,18,0,0,0,0,0,0,2,1,6,1,44,7,1396,1,12,2,1
201422D404470,3,9,0,18,0,0,0,0,0,0,2,1,6,2,47,8,1598,2,1,9,2
201422D404470,4,9,0,18,0,0,0,0,0,0,1,1,6,2,18,4,1995,2,1,8,3
201422D404472,1,21,1,12,0,0,0,0,0,0,4,1,1,3,-1,-1,11705,2,9,-1,-1
201422D404472,2,9,0,18,0,0,0,0,0,0,3,1,2,2,32,6,1199,1,10,6,1
201422D404476,1,9,0,13,0,0,1,10,7,0,1,1,6,1,43,7,1796,1,13,6,2
201422D404476,2,9,0,18,0,0,0,0,0,0,1,1,6,2,47,8,999,1,6,8,1
201422D404489,1,9,0,9,0,8,0,0,0,0,1,1,2,2,48,8,1997,2,9,3,1
201422D404489,2,9,0,18,0,1,0,0,0,0,1,1,2,2,25,5,1796,1,11,6,1
201422D404491,1,3,0,18,0,0,0,0,0,0,1,1,2,1,21,5,124,1,-1,1,1
201422D404491,2,9,0,18,0,0,0,0,0,0,2,1,2,1,38,7,1199,1,13,5,1
201422D404502,1,9,0,16,0,2,1,0,7,4,1,1,6,1,21,5,1360,1,10,3,1
201422D404506,1,9,0,18,0,8,0,0,7,1,2,1,1,1,63,9,1560,2,1,7,1
201422D404506,2,9,0,18,0,4,0,0,0,0,1,1,6,1,21,5,1399,1,10,7,1
201422D404515,1,9,0,18,0,0,0,0,0,0,1,1,6,2,87,11,1275,1,35,8,1
201422D404515,2,9,0,18,0,0,0,0,0,0,1,1,1,1,47,8,1332,1,18,6,1
201422D404526,1,3,0,18,0,8,1,4,0,0,1,1,6,1,20,4,125,1,13,2,1
201422D404526,2,19,0,7,0,5,0,0,0,0,0,1,2,1,22,5,2402,2,8,3,1
201422D404526,3,19,0,2,0,8,0,0,0,0,2,1,6,3,-1,-1,1996,2,2,5,1
201422D404560,1,9,0,14,0,1,0,0,0,0,1,1,6,2,45,7,1995,2,5,1,1
201422D404564,1,9,0,17,0,0,0,0,0,0,1,1,6,1,31,6,1998,1,10,8,3
201422D404564,2,9,0,16,0,0,0,6,1,0,1,1,6,2,21,5,1598,1,7,-1,1
201422D404565,1,1,0,18,0,8,0,0,0,0,4,1,2,1,31,6,-1,-1,-1,1,1
201422D404565,2,9,0,5,0,4,0,0,0,0,1,1,6,3,-1,-1,-1,-1,-1,-1,-1
201422D404570,1,9,0,18,0,8,0,0,0,0,1,1,6,2,26,6,1796,1,13,-1,-1
201422D404570,2,9,0,3,0,8,0,0,0,0,2,1,6,2,24,5,1360,1,7,7,3
201422D404576,1,9,0,9,0,3,0,0,0,0,4,1,6,3,-1,-1,-1,-1,-1,-1,-1
201422D404583,1,9,0,18,0,0,0,0,0,0,1,1,6,1,56,9,1600,1,15,5,1
201422D404596,1,9,0,13,0,8,0,0,0,0,1,1,6,1,41,7,-1,-1,-1,6,1
201422D404596,2,9,0,7,0,6,0,0,0,0,1,1,6,2,37,7,1796,1,-1,7,1
201422D404596,3,9,0,18,0,8,0,0,0,0,1,1,6,2,52,8,1796,1,4,6,1
201422D404600,1,9,0,18,0,0,0,0,0,0,1,1,6,1,19,4,1149,1,10,3,1
201422D404600,2,9,0,4,0,0,0,0,0,0,2,1,6,2,29,6,1149,1,11,9,1
201422D404600,3,9,0,3,0,0,0,0,0,0,2,1,6,2,52,8,1360,1,12,8,1
201422D404600,4,9,0,2,0,0,0,0,0,0,0,1,6,2,55,8,1796,1,11,3,1
201422D404622,1,9,0,18,9,0,0,10,1,0,4,1,6,1,38,7,1749,1,10,3,1
201422D404629,1,9,0,18,0,0,0,0,0,0,4,1,2,1,60,9,2148,2,8,9,1