Accident_Index,Vehicle_Reference,Vehicle_Type,Towing_and_Articulation,Vehicle_Manoeuvre,Vehicle_Location-Restricted_Lane,Junction_Location,Skidding_and_Overturning,Hit_Object_in_Carriageway,Vehicle_Leaving_Carriageway,Hit_Object_off_Carriageway,1st_Point_of_Impact,Was_Vehicle_Left_Hand_Drive?,Journey_Purpose_of_Driver,Sex_of_Driver,Age_of_Driver,Age_Band_of_Driver,Engine_Capacity_(CC),Propulsion_Code,Age_of_Vehicle,Driver_IMD_Decile,Driver_Home_Area_Type
201422E403592,4,17,0,16,0,0,0,0,0,0,0,1,6,1,60,9,-1,-1,-1,-1,-1
201422E403604,1,9,0,4,0,8,0,0,0,0,2,1,6,1,20,4,1781,1,12,8,1
201422E403604,2,9,0,18,0,8,0,0,0,0,1,1,6,1,41,7,1497,8,-1,5,3
201422E403632,1,9,0,17,0,0,5,0,8,4,1,1,6,1,30,6,1896,2,11,6,3
201422E403643,1,9,0,18,0,8,0,0,0,0,1,1,6,2,42,7,1248,2,6,5,3
201422E403643,2,9,0,9,0,5,0,0,0,0,1,1,6,1,19,4,-1,-1,-1,7,1
201422E403651,1,9,0,10,0,1,0,0,0,0,2,1,2,1,61,9,998,1,8,7,3
201422E403651,2,19,0,3,0,1,0,0,0,0,2,1,1,1,34,6,2198,2,2,-1,-1
201422E403651,3,9,0,3,0,1,0,0,0,0,2,1,2,2,35,6,1596,1,11,5,3
201422E403651,4,9,0,18,0,1,0,0,0,0,1,1,2,2,39,7,1910,2,5,8,1
201422E403662,1,3,0,17,0,0,1,0,0,0,4,1,6,1,34,6,125,1,7,1,1
201422E403679,1,19,0,18,0,0,0,0,0,0,1,1,6,1,23,5,1560,2,7,-1,1
201422E403679,2,9,0,4,0,0,0,0,0,0,2,1,6,2,57,9,1998,2,10,7,3
201422E403679,3,9,0,4,0,0,0,0,0,0,2,1,6,1,68,10,1685,2,-1,4,1
201422E403679,4,9,0,4,0,0,0,0,0,0,2,1,6,1,47,8,1762,1,14,6,3
201422E403680,1,9,0,7,0,6,0,0,0,0,4,1,6,2,31,6,1995,2,10,2,1
201422E403707,1,9,0,18,0,0,0,0,0,0,4,1,6,1,27,6,-1,-1,-1,3,1
201422E403707,2,1,0,4,0,0,0,0,0,0,1,1,6,1,9,2,-1,-1,-1,5,1
201422E403719,1,9,0,6,0,0,0,0,0,0,3,1,6,1,-1,-1,-1,-1,-1,-1,-1
201422E403719,2,1,0,18,0,0,0,0,0,0,1,1,6,1,17,4,-1,-1,-1,7,3
201422E403725,1,5,0,13,0,8,1,0,7,0,1,1,6,1,30,6,599,1,4,1,1
201422E403725,2,9,0,9,0,5,0,0,0,0,2,1,6,1,56,9,-1,-1,-1,5,3
201422E403761,1,9,0,18,0,8,0,0,0,0,1,1,6,1,79,11,1870,2,7,5,3
201422E403761,2,9,0,10,0,8,0,0,0,0,2,1,6,2,43,7,1560,2,8,5,1
201422E403762,1,21,0,17,0,0,0,0,0,0,3,1,1,1,52,8,9364,2,11,5,3
201422E403762,2,21,1,16,0,0,0,0,0,0,3,1,1,1,35,6,15607,2,12,-1,3
201422E403774,1,9,0,18,0,0,1,0,7,4,2,1,6,1,20,4,1364,1,10,6,3
201422E403781,1,9,0,18,0,0,0,0,0,0,1,1,6,2,83,11,1390,1,7,5,3
201422E403784,1,9,0,16,0,0,5,0,7,9,1,1,6,1,19,4,1242,1,13,5,1
201422E403785,1,9,0,13,0,0,2,0,0,0,1,1,6,1,19,4,999,1,13,5,3
201422E403790,1,1,0,18,0,8,1,0,0,0,1,1,4,1,15,3,-1,-1,-1,8,1
201422E403790,2,9,0,9,0,5,0,0,0,0,4,1,1,1,49,8,1398,1,-1,-1,-1
201422E403804,1,9,4,18,0,0,5,0,0,0,3,1,6,2,25,5,2500,2,11,5,1
201422E403835,1,9,0,17,0,0,0,0,0,0,1,1,2,1,19,4,1598,1,15,5,3
201422E403835,2,17,4,16,0,0,0,0,0,0,3,1,1,1,50,8,-1,2,7,5,3
201422E403843,1,9,0,17,0,1,2,0,1,10,4,1,2,1,17,4,1360,1,11,5,3
201422E403853,1,9,0,9,0,5,0,0,0,0,1,1,1,1,43,7,2402,2,3,5,3
201422E403853,2,1,0,18,0,1,0,0,0,0,1,1,6,1,31,6,-1,-1,-1,8,1
201422E403853,3,19,0,2,0,1,0,0,0,0,3,1,1,1,60,9,2298,2,2,6,1
201422E403869,1,9,0,17,0,0,1,0,7,10,1,1,6,1,25,5,1598,1,12,3,1
201422E403870,1,9,0,18,0,0,0,0,0,0,0,1,6,2,38,7,1596,1,10,5,1
201422E403891,1,9,0,5,0,6,0,0,0,0,3,1,2,1,60,9,2231,2,6,8,3
201422E403891,2,19,0,18,0,8,0,0,0,0,1,1,1,1,27,6,1995,2,2,2,1
201422E403891,3,9,0,10,0,1,0,0,0,0,1,1,2,1,19,4,1422,1,8,8,3
201422E403899,1,9,0,18,0,0,5,0,1,9,1,1,1,1,36,7,1388,1,12,2,1
201422E403944,1,9,0,16,0,0,0,0,8,4,1,1,6,1,21,5,-1,-1,-1,3,1
201422E403952,1,2,0,17,0,0,0,0,1,2,1,1,6,1,16,4,49,1,-1,4,1
201422E403972,1,9,0,18,0,0,0,0,0,0,1,1,6,3,-1,-1,-1,-1,-1,-1,-1
201422E403972,2,9,0,3,0,0,0,0,0,0,2,1,6,2,19,4,1299,1,14,8,2
201422E403981,1,17,0,9,0,6,0,0,0,0,1,1,1,1,49,8,4485,2,2,5,3
201422E403981,2,19,0,18,0,1,0,0,0,0,4,1,6,1,49,8,-1,-1,-1,5,3
201422E403983,1,9,0,13,0,1,0,0,7,0,1,1,2,2,18,4,1242,1,5,5,3
201422E403983,2,17,4,9,0,5,0,0,0,0,3,1,1,1,29,6,-1,2,7,6,3
201422E404000,1,9,0,9,0,5,0,0,0,0,3,1,1,1,23,5,1968,2,2,9,1
201422E404000,2,9,0,13,0,8,0,0,4,6,1,1,1,1,57,9,1968,2,2,6,1
201422E404004,1,9,0,16,0,0,0,0,0,0,0,1,6,3,-1,-1,-1,-1,-1,-1,-1
201422E404004,2,2,0,17,0,0,0,0,1,9,1,1,6,1,18,4,49,1,11,6,3
201422E404007,1,9,0,17,0,0,0,0,2,4,1,1,6,2,47,8,1598,2,1,7,3
201422E404008,1,9,0,9,0,5,0,0,0,0,1,1,2,1,46,8,998,1,6,2,1
201422E404010,1,9,0,16,0,0,1,0,0,0,3,1,6,1,23,5,1590,1,11,9,1
201422E404010,2,9,0,17,0,0,0,0,0,0,3,1,6,1,41,7,-1,-1,-1,8,3
201422E404013,1,9,0,9,0,6,0,0,0,0,1,1,6,2,35,6,1598,1,9,7,3
201422E404013,2,1,0,18,0,8,0,0,0,0,3,1,6,1,46,8,-1,-1,-1,5,1
201422E404024,1,19,0,17,0,0,0,0,1,0,1,1,1,1,33,6,2143,2,3,-1,-1
201422E404032,1,9,0,7,0,3,1,10,1,2,1,1,6,1,20,4,998,1,10,5,1
201422E404037,1,21,0,17,0,0,0,0,0,0,1,1,1,1,59,9,11021,2,11,-1,1
201422E404037,2,19,0,16,0,0,1,0,0,0,1,1,1,1,32,6,2402,2,13,-1,3
201422E404059,1,9,0,17,0,0,0,0,0,0,1,1,6,1,49,8,1587,1,11,6,3
201422E404059,2,9,0,16,0,0,0,0,1,0,1,1,6,1,71,10,2776,2,9,5,3
201422E404087,1,9,0,9,0,6,0,0,0,0,1,1,2,2,23,5,1598,1,4,8,1
201422E404087,2,3,0,18,0,8,0,0,0,0,1,1,2,1,24,5,125,1,3,2,1
201422E404105,1,9,0,18,0,8,1,0,0,0,1,1,6,1,23,5,1493,1,17,5,3
201422E404105,2,9,0,10,0,8,0,0,0,0,2,1,2,1,21,5,998,1,1,7,3
201422E404105,3,9,0,18,0,8,0,0,0,0,1,1,6,1,71,10,1968,2,1,-1,2
201422E404147,1,9,0,18,0,1,0,0,0,0,4,1,6,1,28,6,-1,-1,-1,-1,-1
201422E404147,2,9,0,18,0,1,0,0,0,0,3,1,6,2,31,6,998,1,3,7,1
201422E404148,1,9,0,18,0,0,0,0,0,0,2,1,6,2,22,5,1198,1,12,3,1
201422E404148,2,8,0,18,0,0,0,0,0,0,1,1,2,3,-1,-1,1910,2,7,5,1
201422E404154,1,21,0,16,0,0,0,0,0,0,4,1,6,3,-1,-1,-1,-1,-1,-1,-1
201422E404170,1,21,1,18,0,0,0,0,0,0,0,1,1,3,-1,-1,-1,-1,-1,-1,-1
201422E404170,2,11,0,18,0,0,2,0,1,10,4,1,3,2,64,9,8300,2,23,5,3
201422E404178,1,19,0,18,0,0,0,0,0,0,4,1,6,1,40,7,1998,2,13,5,1
201422E404180,1,9,0,13,0,0,0,0,0,0,1,1,6,1,33,6,1332,1,16,7,1
201422E404180,2,21,0,9,0,0,0,0,0,0,3,1,1,1,55,8,-1,-1,-1,-1,3
201422E404195,1,9,0,9,0,6,0,0,0,0,0,1,6,2,83,11,1490,1,6,6,3
201422E404195,2,90,0,18,0,1,0,0,0,0,0,1,1,1,52,8,2999,2,4,3,1
201422E404203,1,9,0,9,0,5,0,0,0,0,4,1,6,1,71,10,1686,2,1,5,2
201422E404203,2,19,0,18,0,1,0,0,1,0,1,1,1,1,35,6,2148,2,5,-1,1
201422E404213,1,3,0,18,0,1,0,0,0,0,1,1,6,1,19,4,124,1,-1,5,1
201422E404213,2,9,0,7,0,5,0,0,0,0,2,1,2,1,23,5,1596,1,13,-1,-1
201422E404215,1,9,0,17,0,0,2,0,1,10,1,1,2,1,34,6,1399,1,9,8,1
201422E404218,1,9,0,18,0,8,0,0,0,0,1,1,6,2,49,8,1242,1,10,9,1
201422E404220,1,21,1,16,0,0,2,0,1,9,4,1,1,1,30,6,12900,2,7,5,1
201422E404236,1,9,0,16,0,2,2,0,1,10,1,1,6,1,19,4,1999,1,9,5,3
201422E404236,2,9,0,17,0,1,0,0,1,4,1,1,1,1,47,8,1598,2,3,5,3
201422E404248,1,20,0,18,0,0,5,0,1,9,4,1,1,1,47,8,-1,-1,-1,8,1
201422E404265,1,9,0,7,0,6,0,0,0,0,2,1,1,2,51,8,1242,1,10,3,1
201422E404265,2,3,0,18,0,8,0,0,0,0,1,1,2,1,22,5,124,1,1,6,1
201422E404339,1,9,0,9,0,5,0,0,0,0,4,1,6,2,18,4,1397,1,13,-1,2
201422E404339,2,8,0,18,0,8,0,0,0,0,1,1,1,1,33,6,-1,-1,-1,4,1
201422E404349,1,21,1,17,0,0,2,0,0,0,4,1,1,1,21,5,12780,2,8,6,3
201422E404360,1,9,0,4,0,1,0,0,0,0,2,1,2,1,33,6,998,1,2,7,3
201422E404360,2,9,0,4,0,1,0,0,0,0,2,1,1,2,38,7,-1,-1,-1,4,1
201422E404360,3,9,0,18,0,1,0,0,0,0,1,1,2,1,31,6,1995,2,-1,9,3
201422E404416,1,9,0,18,0,0,0,0,0,0,3,1,6,1,62,9,1910,2,3,7,3
201422E404416,2,9,0,18,0,0,1,0,1,0,3,1,6,2,41,7,1753,2,8,4,1
201422E404418,1,9,0,18,0,6,0,0,1,0,4,1,6,1,27,6,1975,1,8,10,1
201422E404418,2,9,0,18,0,1,0,0,0,0,1,1,6,1,61,9,1796,1,7,10,1
201422E404434,1,19,0,9,0,6,0,0,0,0,1,1,1,1,30,6,1248,2,3,3,1
201422E404435,1,9,0,9,0,5,0,0,0,0,4,1,1,1,48,8,1598,1,7,3,1
201422E404435,2,9,0,18,0,8,0,0,1,0,1,1,1,1,47,8,-1,-1,-1,-1,-1
201422E404435,3,9,0,18,0,8,0,0,0,0,1,1,1,1,53,8,1995,2,3,-1,-1
201422E404480,1,1,0,5,0,1,0,0,0,0,1,1,6,2,44,7,-1,-1,-1,6,3
201422E404480,2,9,0,18,0,1,0,0,0,0,4,1,6,1,24,5,1360,1,14,5,1
201422E404483,1,9,0,17,0,0,2,0,7,1,2,1,6,2,21,5,1242,1,9,5,3
201422E404507,1,9,0,5,0,6,0,0,0,0,1,1,6,2,46,8,1596,1,15,6,3
201422E404507,2,9,0,18,0,1,0,0,0,0,1,1,6,2,55,8,1396,1,13,5,3
201422E404509,1,19,0,18,0,1,0,0,0,0,1,1,6,1,29,6,2143,2,-1,3,2
201422E404509,2,9,0,3,0,1,0,0,0,0,2,1,6,2,31,6,1560,2,2,5,2
201422E404509,3,9,0,18,0,1,0,0,0,0,1,1,6,1,71,10,2231,2,3,-1,3
201422E404514,1,19,0,9,0,5,0,0,0,0,4,1,6,1,22,5,1868,2,14,8,1
201422E404514,2,3,0,18,0,8,0,0,0,0,1,1,6,1,18,4,124,1,10,2,1
201422E404522,1,19,0,13,0,8,0,0,0,0,4,1,1,1,20,4,2143,2,-1,1,1
201422E404522,2,9,0,9,0,5,0,0,0,0,1,1,6,2,47,8,1386,1,8,5,3
201422E404530,1,9,0,9,0,4,0,0,0,0,1,1,2,2,19,4,1124,1,13,-1,2
201422E404530,2,3,0,18,0,3,0,0,0,0,2,1,6,2,18,4,125,1,8,7,3
201422E404541,1,8,0,9,0,2,0,0,0,0,4,1,1,1,42,7,1995,2,4,5,1
201422E404556,1,3,0,9,0,6,0,0,0,0,1,1,6,2,17,4,-1,-1,-1,3,1
201422E404556,2,9,0,18,0,1,0,0,0,0,3,1,6,1,59,9,1956,2,-1,-1,2
201422E404556,3,9,0,10,0,1,0,0,0,0,0,1,6,2,37,7,2204,2,7,5,3
201422E404586,1,9,0,18,0,1,0,0,0,0,1,1,6,1,51,8,2544,1,14,5,1
201422E404590,1,9,5,9,0,8,0,0,0,0,0,1,6,1,31,6,1896,2,16,6,3
201422E404590,2,9,5,9,0,6,0,0,0,0,1,1,6,1,22,5,-1,-1,-1,6,3
201422E404590,3,9,0,18,0,1,0,0,0,0,1,1,6,2,79,11,1997,1,4,6,3
201422E404595,1,3,0,9,0,7,0,0,0,0,4,1,2,1,23,5,124,1,-1,5,1
201422E404595,2,9,0,18,0,8,0,0,0,0,1,1,6,1,45,7,2143,2,3,6,3
201422E404599,1,21,0,17,0,0,2,4,1,9,1,1,1,1,42,7,-1,-1,-1,7,3
201422E404599,2,17,4,2,0,0,0,0,0,0,2,1,1,1,20,4,3769,2,6,-1,-1
201422E404618,1,21,1,18,0,0,1,0,0,0,1,2,1,1,49,8,-1,-1,-1,-1,-1
201422E404618,2,9,0,18,0,0,1,0,0,0,1,1,1,1,49,8,1988,1,12,5,3
201422E404642,1,9,0,18,0,1,0,0,0,0,4,1,6,1,19,4,1587,1,13,-1,-1
201422E404642,2,9,0,5,0,6,0,0,0,0,1,1,6,1,63,9,1900,2,10,7,3
201422E404663,1,9,0,16,0,0,1,0,1,9,1,1,6,1,39,7,1796,1,11,5,2
201422E404665,1,9,0,17,0,0,1,0,0,0,1,1,6,1,24,5,-1,-1,-1,6,1
201422E404666,1,9,0,18,0,4,0,0,0,0,1,1,6,1,62,9,1956,2,-1,-1,-1
201422E404666,2,1,0,18,0,8,0,0,0,0,2,1,2,1,34,6,-1,-1,-1,4,1
201422E404670,1,9,0,17,0,0,0,10,1,2,4,1,6,2,94,11,1248,1,5,10,1
201422E404675,1,9,0,17,0,0,1,0,1,4,1,1,6,2,20,4,1242,1,3,-1,2
201422E404677,1,9,0,16,0,0,2,0,2,10,1,1,2,2,18,4,1248,2,10,8,2
201422E404679,1,9,0,5,0,4,0,0,0,0,3,1,6,2,75,10,2987,2,9,5,3
201422E404679,2,5,0,18,0,8,0,0,0,0,4,1,6,1,19,4,125,1,3,5,3
201422E404685,1,9,0,16,0,8,1,0,0,0,3,1,2,2,21,5,1299,1,13,2,1
201422E404685,2,9,0,17,0,1,0,0,0,0,3,1,2,1,44,7,1798,1,-1,10,1
201422E404686,1,9,0,17,0,0,2,0,7,10,1,1,2,1,25,5,1396,1,11,3,1
201422E404689,1,9,0,18,0,1,0,0,0,0,1,1,2,2,39,7,1242,1,12,6,3
201422E404689,2,3,0,7,0,6,0,0,0,0,3,1,2,1,57,9,124,1,31,3,1
201422E404712,1,9,0,17,0,0,2,0,1,9,1,1,2,2,25,5,1399,2,6,5,1
201422E404721,1,1,0,18,0,8,0,0,0,0,4,1,2,1,50,8,-1,-1,-1,-1,-1
201422E404721,2,19,0,18,0,4,0,0,0,0,1,1,2,1,24,5,1995,2,1,5,1
201422E404727,1,90,0,18,0,1,0,0,0,0,1,1,1,1,46,8,6500,2,19,-1,1
201422E404727,2,9,0,3,0,1,0,0,0,0,2,1,6,2,31,6,1339,1,10,3,1
201422E404727,3,9,0,3,0,1,0,0,0,0,2,1,6,1,49,8,1796,1,12,5,3
201422E404731,1,9,0,3,0,0,0,0,0,0,2,1,6,2,39,7,1995,2,2,5,3
201422E404731,2,9,0,18,0,0,0,0,0,0,1,1,6,1,59,9,1973,1,17,6,1
201422E404738,1,9,0,3,0,1,0,0,0,0,2,1,1,2,36,7,-1,-1,-1,-1,3
201422E404738,2,9,0,18,0,1,0,0,0,0,1,1,6,1,46,8,2598,1,16,-1,-1
201422E404746,1,9,0,18,0,0,1,0,7,10,1,1,2,1,22,5,1124,1,8,8,2
201422E404769,1,9,0,17,0,0,1,0,7,10,1,1,6,1,62,9,1596,1,9,2,1
201422E404788,1,1,0,7,0,4,0,0,0,0,2,1,6,1,17,4,-1,-1,-1,6,1
201422E404788,2,9,0,18,0,8,0,0,0,0,1,1,6,3,-1,-1,996,1,1,-1,-1
201422E404824,1,9,0,18,0,1,0,0,0,0,3,1,6,1,83,11,1998,1,16,5,1
201422E404824,2,1,0,18,0,6,0,0,0,0,1,1,4,1,10,2,-1,-1,-1,5,1
201422E404843,1,11,0,18,0,2,0,0,0,0,0,1,1,1,61,9,8268,2,13,5,1
201422E404843,2,9,0,4,0,2,0,0,0,0,0,1,6,3,-1,-1,-1,-1,-1,-1,-1
201422E404843,3,9,0,4,0,2,0,0,0,0,0,1,6,3,-1,-1,-1,-1,-1,-1,-1
201422E404850,1,9,0,18,0,0,0,0,0,0,0,1,6,3,-1,-1,2495,1,9,-1,-1
201422E404850,2,3,0,18,0,0,0,0,0,0,0,1,6,1,27,6,124,1,-1,9,2
201422E404857,1,9,0,9,0,6,0,0,0,0,1,1,1,1,28,6,1396,1,17,1,1
201422E404857,2,5,0,18,0,1,0,0,0,0,1,1,6,1,42,7,996,1,17,8,2
201422E404868,1,8,0,17,0,0,1,0,8,9,1,1,6,2,44,7,-1,-1,-1,3,2
201422E404874,1,9,0,18,0,1,0,0,0,0,4,1,6,1,28,6,1388,1,14,8,1
201422E404878,1,9,0,18,0,1,2,0,7,10,1,1,6,2,27,6,796,1,11,6,1
201422E404878,2,9,0,9,0,5,0,0,0,0,0,1,6,3,-1,-1,-1,-1,-1,-1,-1
201422E404886,1,9,0,18,0,0,0,4,0,0,4,1,6,2,73,10,1299,1,11,9,1
201422E404886,2,9,0,2,0,0,0,0,0,0,3,1,6,2,28,6,1360,1,9,5,1
201422E404886,3,9,0,2,0,0,0,0,1,1,4,1,6,1,29,6,1968,2,3,5,1
201422E404887,1,1,0,18,4,8,0,0,0,0,4,1,6,1,20,4,-1,-1,-1,8,3
201422E404887,2,9,0,5,0,6,0,0,0,0,1,1,6,1,39,7,2460,2,15,7,1
201422E404892,1,9,0,5,0,6,0,0,0,0,3,1,6,2,56,9,1998,2,9,5,3
201422E404892,2,9,0,18,0,1,1,0,0,0,1,1,6,1,44,7,1796,1,14,4,1
201422E404893,1,9,0,18,0,0,2,0,7,4,1,1,6,1,62,9,1989,1,15,5,3
201422E404905,1,9,0,9,0,8,0,0,0,0,1,1,2,1,55,8,1596,1,4,3,1
201422E404907,1,9,0,17,0,0,5,0,7,10,1,1,6,2,30,6,1242,1,9,5,2
201422E404908,1,9,0,9,0,6,0,0,0,0,1,1,6,2,57,9,1390,1,-1,8,3
201422E404908,2,9,0,18,0,8,0,0,0,0,3,1,6,2,35,6,1796,1,6,5,3
201422E500016,1,9,0,5,0,6,0,0,0,0,1,1,6,1,31,6,1124,1,15,-1,2
201422E500016,2,9,0,4,0,8,0,0,0,0,1,1,1,1,42,7,2993,2,2,-1,-1
201422E500052,1,9,0,18,0,0,0,0,0,0,1,1,6,1,24,5,1896,2,9,8,1
201422E500061,1,9,0,17,0,0,5,0,1,10,1,1,6,2,30,6,1796,1,11,4,1
201422F400095,1,9,0,13,0,0,0,0,0,0,1,1,6,1,23,5,1299,1,12,9,2
201422F400095,2,9,0,18,0,0,0,0,0,0,2,1,1,2,17,4,1598,2,1,-1,-1
201422F400101,1,3,0,18,0,0,0,11,0,0,1,1,2,1,17,4,124,1,4,-1,3
201422F400106,1,9,0,17,0,0,0,10,0,0,1,1,6,2,25,5,1149,1,12,4,3
201422F400130,1,9,0,18,0,0,0,0,0,0,1,1,2,2,25,5,1229,1,3,4,3
201422F400132,1,9,0,5,0,6,0,0,0,0,1,1,6,2,49,8,1229,1,7,2,2
201422F400132,2,9,0,18,0,1,0,0,0,0,1,1,6,1,70,10,-1,-1,-1,3,1
201422F400132,3,9,0,9,0,1,0,0,0,0,1,1,6,1,80,11,1598,1,8,9,3
201422F400179,1,9,0,18,0,1,0,0,0,0,1,1,6,2,54,8,1598,1,12,-1,2
201422F400179,2,9,0,9,0,5,0,0,0,0,1,1,6,1,62,9,1896,2,10,7,3
201422F400183,1,21,0,9,0,8,0,0,0,0,3,1,1,1,68,10,-1,2,10,6,2
201422F400183,2,9,0,13,0,1,0,0,7,0,4,1,6,1,75,10,1395,1,-1,-1,1
201422F400189,1,9,0,18,0,2,0,0,0,0,4,1,6,1,47,8,1796,1,8,9,1
201422F400192,1,9,0,9,0,6,0,0,0,0,2,1,6,2,67,10,2993,2,5,7,3
201422F400192,2,5,0,18,0,8,0,0,0,0,1,1,2,1,48,8,800,1,14,-1,3
201422F400197,1,9,0,1,0,0,0,0,0,0,2,1,6,1,51,8,1796,1,13,5,1
201422F400215,1,9,0,9,0,6,0,0,0,0,1,1,6,1,80,11,1796,1,10,5,2
201422F400215,2,9,0,17,0,8,0,0,0,0,4,1,6,2,71,10,2599,1,23,5,3
201422F400223,1,9,0,17,0,8,0,0,1,7,1,1,2,1,21,5,1390,1,14,6,3
201422F400224,1,9,0,9,0,6,0,0,0,0,1,1,2,2,23,5,1328,1,8,6,2
201422F400224,2,19,0,18,0,1,0,0,0,0,4,1,2,1,53,8,1995,2,4,8,3
201422F400237,1,9,0,17,0,8,0,0,0,0,1,1,2,2,26,6,998,1,8,5,3
201422F400237,2,9,0,9,0,6,0,0,0,0,3,1,6,3,-1,-1,1896,2,10,-1,-1
201422F400239,1,21,1,18,0,0,1,0,0,0,1,1,1,1,55,8,12777,2,7,6,3
201422F400239,2,9,0,18,0,0,0,0,4,6,2,1,6,1,91,11,1242,1,14,6,1
201422F400239,3,9,0,4,0,0,1,0,0,0,1,1,1,1,60,9,-1,-1,-1,6,1
201422F400260,1,1,0,18,0,8,0,0,0,0,1,1,6,1,24,5,-1,-1,-1,7,2
201422F400260,2,9,0,18,0,4,0,0,0,0,1,1,6,1,68,10,-1,-1,-1,8,2
201422F400271,1,9,0,18,0,0,0,0,0,0,1,1,6,1,45,7,1396,1,14,8,2
201422F400300,1,9,0,17,0,0,0,0,1,10,1,1,1,2,19,4,998,1,9,4,1
201422F400300,2,9,0,16,0,0,0,0,0,0,1,1,1,1,58,9,1998,2,7,9,3
201422F400301,1,9,4,18,0,0,0,0,0,0,2,1,6,1,49,8,2500,2,10,3,1
201422F400301,2,9,0,18,0,0,0,0,0,0,1,1,6,1,60,9,998,1,4,6,1
201422F400301,3,9,0,18,0,0,0,0,0,0,1,1,6,1,72,10,-1,-1,-1,10,1
201422F400312,1,9,0,9,0,3,0,9,0,0,3,1,6,2,22,5,1590,1,11,9,3
201422F400312,2,9,0,18,0,3,0,0,0,0,0,1,6,3,-1,-1,-1,-1,-1,-1,-1
201422F400321,1,9,0,9,0,6,0,0,0,0,3,1,2,2,25,5,1242,1,2,6,1
201422F400321,2,3,0,18,0,8,0,0,0,0,1,1,2,1,21,5,125,1,1,9,1
201422F400330,1,9,0,18,0,0,0,0,0,0,0,1,6,3,-1,-1,-1,-1,-1,-1,-1
201422F400330,2,9,0,18,0,0,0,10,1,2,4,1,6,2,53,8,1242,1,4,5,1
201422F400336,1,9,0,17,0,1,1,0,1,3,1,1,6,2,19,4,1086,1,7,6,3
201422F400339,1,9,0,18,0,8,0,0,0,0,1,1,1,1,49,8,2993,2,1,10,1
201422F400339,2,9,0,4,0,8,0,0,0,0,2,1,6,2,58,9,1388,1,13,-1,-1
201422F400340,1,9,0,18,0,0,5,0,7,9,1,1,6,1,19,4,1360,1,12,8,2
201422F400343,1,9,0,17,0,1,0,7,0,0,1,1,6,2,49,8,2902,2,10,7,2
201422F400343,2,2,0,4,0,1,0,0,0,0,2,1,6,1,21,5,49,1,6,9,2
201422F400350,1,9,0,5,0,6,0,0,3,0,3,1,6,1,81,11,1994,1,10,-1,3
201422F400350,2,9,0,18,0,8,0,0,0,0,1,1,6,2,18,4,1199,1,10,-1,3
201422F400370,1,9,0,18,0,2,2,4,0,0,1,1,2,2,19,4,-1,-1,-1,4,3
201422F400370,2,9,0,2,0,2,0,0,0,0,2,1,6,1,51,8,999,1,3,-1,-1
201422F400371,1,19,0,18,0,0,0,4,0,0,1,1,1,1,28,6,2198,2,1,3,1
201422F400371,2,21,1,2,0,0,0,0,0,0,2,1,1,1,40,7,5100,2,7,-1,-1
201422F400373,1,9,0,9,0,5,0,0,0,0,1,1,6,1,47,8,1951,2,11,7,1
201422F400382,1,9,0,18,0,0,0,0,1,0,1,1,6,1,23,5,1868,2,14,7,3
201422F400401,1,9,0,14,0,8,0,0,0,0,1,1,6,1,19,4,1587,1,7,2,1
201422F400401,2,9,0,9,0,5,0,0,0,0,3,1,6,2,50,8,2188,2,13,9,3
201422F400407,1,9,0,18,0,2,0,0,0,0,1,1,6,1,18,4,1995,2,11,5,3
201422F400433,1,9,0,5,0,0,0,0,0,5,4,1,6,1,45,7,2148,2,7,4,2
201422F400436,1,9,0,16,0,0,5,10,1,0,4,1,6,1,18,4,1896,2,7,5,3
201422F400441,1,9,0,16,0,0,5,0,1,0,1,1,6,1,21,5,998,1,15,5,3
201422F400448,1,9,0,18,0,8,0,0,0,0,1,1,1,2,35,6,1461,2,1,9,1
201422F400448,2,9,0,8,0,8,0,0,1,0,2,1,3,2,29,6,1753,2,6,6,3
201422F400448,3,9,0,10,0,8,0,0,0,0,3,1,2,2,24,5,1248,2,10,6,3
201422F400478,1,9,0,17,0,0,2,0,1,0,4,1,4,2,17,4,1299,1,14,-1,3
201422F400478,2,9,0,16,0,0,0,0,0,0,0,1,6,3,-1,-1,-1,-1,-1,-1,-1
201422F400483,1,9,0,9,0,8,0,0,0,0,1,1,2,1,49,8,1461,2,2,5,1
201422F400483,2,9,0,18,0,4,0,0,0,0,1,1,6,2,71,10,1389,1,11,4,1
201422F400491,1,9,0,7,0,5,0,0,0,0,0,1,6,3,-1,-1,-1,-1,-1,-1,-1
201422F400491,2,8,0,4,0,8,0,0,0,0,2,1,6,1,29,6,2993,2,8,2,1
201422F400491,3,19,0,18,0,8,0,0,0,0,1,1,6,1,31,6,1560,2,5,4,1
201422F400491,4,9,0,18,0,8,0,0,0,0,1,1,6,1,38,7,1598,2,3,1,1
201422F400535,1,9,0,16,0,0,1,0,1,9,1,1,6,1,21,5,1997,2,10,5,1
201422F400535,2,9,0,18,0,0,0,0,0,0,0,1,1,1,42,7,1248,2,1,-1,-1