Accident_Index,Vehicle_Reference,Vehicle_Type,Towing_and_Articulation,Vehicle_Manoeuvre,Vehicle_Location-Restricted_Lane,Junction_Location,Skidding_and_Overturning,Hit_Object_in_Carriageway,Vehicle_Leaving_Carriageway,Hit_Object_off_Carriageway,1st_Point_of_Impact,Was_Vehicle_Left_Hand_Drive?,Journey_Purpose_of_Driver,Sex_of_Driver,Age_of_Driver,Age_Band_of_Driver,Engine_Capacity_(CC),Propulsion_Code,Age_of_Vehicle,Driver_IMD_Decile,Driver_Home_Area_Type
201422F404696,2,9,0,7,0,8,0,0,0,0,1,1,6,1,42,7,1596,1,14,4,1
201422F404716,1,9,0,18,0,4,0,0,0,0,1,1,6,2,54,8,1598,1,9,10,1
201422F404716,2,9,0,3,0,1,0,0,0,0,2,1,6,1,23,5,-1,-1,-1,5,3
201422F404745,1,21,0,18,0,1,1,0,0,0,1,1,1,1,33,6,12777,2,4,2,1
201422F404745,2,9,0,4,0,1,0,0,0,0,2,1,6,1,22,5,1995,2,11,9,1
201422F404745,3,19,0,4,0,1,0,0,0,0,2,1,1,2,48,8,1868,2,8,6,1
201422F404755,1,9,0,17,0,0,0,0,0,0,1,1,2,1,53,8,1896,2,10,4,3
201422F404757,1,9,0,4,0,1,0,0,0,0,4,1,6,2,27,6,1896,2,12,-1,-1
201422F404757,2,1,0,18,0,6,0,0,0,0,1,1,6,1,15,3,-1,-1,-1,6,1
201422F404761,1,9,0,18,7,0,0,4,0,0,1,1,6,1,34,6,-1,-1,-1,-1,-1
201422F404761,2,21,1,2,6,0,0,0,0,0,2,1,1,1,47,8,12777,2,4,7,2
201422F404770,1,9,0,16,0,0,1,0,7,0,1,1,6,1,67,10,1910,2,7,6,1
201422F404770,2,9,0,17,0,0,0,0,1,0,1,1,6,2,57,9,1248,2,2,6,3
201422F404772,1,9,0,18,0,8,0,0,1,3,1,1,6,1,21,5,1560,2,3,8,3
201422F404772,2,9,0,9,0,6,0,0,0,0,3,1,6,1,19,4,1686,2,9,5,3
201422F404775,1,3,0,18,0,1,0,0,0,0,1,1,6,1,23,5,125,1,1,5,3
201422F404775,2,9,0,4,0,1,0,0,0,0,2,1,1,1,47,8,-1,-1,-1,4,1
201422F404776,1,9,0,17,0,0,2,0,8,0,1,1,1,1,56,9,996,1,2,-1,1
201422F404778,1,5,0,13,0,0,0,0,0,0,4,1,6,1,29,6,696,1,-1,6,1
201422F404778,2,17,4,18,0,0,0,0,0,0,3,1,1,1,27,6,6788,2,-1,-1,3
201422F404780,1,9,0,17,0,1,0,0,1,1,1,1,6,2,43,7,1560,2,7,5,3
201422F404787,1,9,0,18,0,0,1,0,0,0,1,1,6,1,28,6,1582,2,4,6,2
201422F404787,2,9,0,4,0,0,0,0,0,0,2,1,6,2,35,6,2171,2,11,7,2
201422F404787,3,9,0,4,0,0,0,0,0,0,2,1,6,1,30,6,1998,2,7,8,3
201422F404787,4,9,0,18,0,0,1,0,1,0,1,1,6,1,54,8,1992,2,7,7,1
201422F404787,5,9,0,4,0,0,0,0,0,0,0,1,6,3,-1,-1,-1,-1,-1,-1,-1
201422F404790,1,9,0,9,0,6,0,0,0,0,3,1,6,1,74,10,1390,1,11,7,3
201422F404790,2,3,0,18,0,1,0,0,0,0,1,1,2,2,17,4,125,1,3,-1,3
201422F404802,1,9,0,14,0,0,1,4,0,0,1,1,6,1,45,7,1991,1,-1,-1,3
201422F404802,2,9,0,2,0,0,0,0,0,0,2,1,6,1,47,8,1598,2,-1,6,3
201422F404802,3,9,0,18,0,0,1,0,0,0,1,1,6,1,56,9,1995,1,5,6,3
201422F404802,4,9,0,18,0,0,0,0,0,0,1,1,6,1,45,7,1560,2,4,6,3
201422F404807,1,9,0,9,0,5,0,0,0,0,3,1,2,2,54,8,1229,1,7,6,1
201422F404812,1,9,0,5,8,1,0,0,0,0,1,1,1,1,73,10,1339,1,5,8,3
201422F404812,2,1,0,18,0,1,0,0,0,0,1,1,6,1,72,10,-1,-1,-1,6,1
201422F404813,1,9,0,16,0,0,2,0,2,10,4,1,2,1,17,4,1242,1,10,4,2
201422F404820,1,9,0,4,0,8,0,0,2,1,1,1,6,2,73,10,1490,1,9,5,3
201422F404823,1,9,0,13,0,0,0,0,7,0,1,1,6,1,49,8,1498,1,5,6,1
201422F404823,2,9,0,18,0,0,0,0,0,0,1,1,6,1,24,5,2316,1,24,4,3
201422F404823,3,21,0,18,0,0,0,0,0,0,0,1,1,1,25,5,-1,-1,-1,6,3
201422F404844,1,9,0,18,0,0,0,0,0,0,2,1,2,2,43,7,1399,1,9,5,1
201422F404844,2,9,0,18,0,0,0,0,0,0,1,1,6,3,-1,-1,-1,-1,-1,-1,-1
201422F404875,1,19,0,17,0,0,1,0,0,0,1,1,1,1,53,8,2287,2,-1,5,1
201422F404875,2,9,0,16,0,0,1,0,0,0,1,1,1,2,25,5,1299,1,14,4,1
201422F404881,1,9,0,18,0,8,0,0,0,0,2,1,6,2,34,6,1461,2,7,6,1
201422F404881,2,9,0,18,0,8,0,0,0,0,1,1,6,2,48,8,1975,1,8,6,1
201422F404891,1,9,0,4,0,0,0,0,0,0,2,1,1,1,39,7,1956,2,-1,-1,1
201422F404891,2,9,0,18,0,0,0,0,0,0,1,1,6,2,36,7,1598,1,11,6,1
201422F500006,1,9,0,17,0,0,0,0,1,4,1,1,6,1,37,7,2198,2,9,-1,3
201422F500025,1,9,0,1,0,0,0,0,0,0,2,1,6,1,25,5,1800,1,15,4,1
201422F500026,1,9,0,4,0,0,0,0,0,0,1,1,6,2,58,9,1108,1,5,7,2
201422F500026,2,9,0,3,0,0,0,0,0,0,2,1,6,1,67,10,1905,2,18,4,1
201422F500026,3,9,0,3,0,0,0,0,0,0,2,1,6,2,34,6,1896,2,15,5,3
201422F500067,1,9,0,5,0,4,0,0,0,0,3,1,1,1,23,5,-1,-1,-1,10,2
201422F500067,2,3,0,18,0,8,0,0,0,0,1,1,6,1,21,5,125,1,5,5,2
201422F500082,1,11,0,18,0,0,0,0,0,0,4,1,1,3,-1,-1,4250,2,-1,-1,-1
201422F500104,1,9,0,9,0,5,0,0,0,0,1,1,6,1,89,11,1597,1,17,5,3
201422F500104,2,9,0,18,0,8,0,0,0,0,1,1,6,2,67,10,1108,1,11,6,2
201422F500107,1,9,0,18,0,4,0,0,0,0,1,1,6,1,19,4,1242,1,-1,-1,-1
201422F500107,2,1,0,18,0,8,0,0,0,0,4,1,6,1,25,5,-1,-1,-1,9,1
201422F500135,1,21,0,18,0,0,1,0,0,0,1,1,1,1,43,7,-1,-1,-1,3,1
201422F500135,2,9,0,4,0,0,0,0,0,0,2,1,6,1,39,7,2979,1,-1,9,1
201422F500135,3,9,0,4,0,0,1,0,0,0,1,1,6,2,43,7,1868,2,14,8,2
201422F500135,4,9,0,4,0,0,1,0,0,0,2,1,6,1,53,8,1796,1,1,2,1
201422F500135,5,9,0,4,0,0,0,0,0,0,2,1,6,1,51,8,1896,2,8,6,2
201422F500260,1,9,0,18,0,0,0,4,0,0,1,1,6,3,-1,-1,1796,1,10,-1,-1
201422F500260,2,9,0,2,0,0,0,0,0,0,4,1,6,2,83,11,1229,1,7,-1,2
201422G400092,1,8,0,5,0,0,0,0,0,0,1,1,6,3,-1,-1,-1,-1,-1,-1,-1
201422G400185,1,9,0,18,0,0,0,0,0,0,1,1,2,2,23,5,1149,1,2,8,3
201422G400185,2,9,0,4,0,0,0,0,0,0,2,1,6,1,19,4,1294,1,19,10,1
201422G400185,3,9,0,4,0,0,0,0,0,0,2,1,6,2,43,7,1587,1,8,5,1
201422G400255,1,9,0,9,0,6,0,0,0,0,1,1,6,1,60,9,1997,2,11,-1,-1
201422G400255,2,9,0,18,0,1,0,0,0,0,1,1,6,2,24,5,1598,1,11,2,1
201422G400273,1,9,0,18,0,0,0,0,0,0,1,1,6,1,42,7,1988,1,16,4,1
201422G400275,1,9,0,17,0,0,0,0,0,0,1,2,6,1,26,6,-1,-1,-1,-1,-1
201422G400275,2,9,0,16,0,0,0,0,0,0,1,1,6,1,21,5,1596,1,14,4,3
201422G400279,1,9,0,18,0,0,1,0,1,0,1,1,2,1,59,9,1998,2,7,4,1
201422G400279,2,9,0,18,0,0,1,0,0,0,1,1,2,1,69,10,-1,-1,-1,6,1
201422G400282,1,9,0,16,0,0,1,0,1,3,1,1,2,2,48,8,2295,1,15,8,1
201422G400289,1,9,0,9,0,6,0,10,0,0,1,1,6,1,91,11,1124,1,11,5,3
201422G400289,2,9,0,18,0,1,0,0,0,0,3,1,6,1,67,10,1598,1,6,4,1
201422G400323,1,9,0,18,0,0,0,0,0,0,1,1,2,1,59,9,1997,2,14,7,1
201422G400333,1,9,0,5,0,0,0,0,0,0,3,1,3,2,38,7,1968,2,2,10,3
201422G400337,1,9,0,18,0,8,1,0,7,9,4,1,6,2,47,8,1560,2,7,7,3
201422G400337,2,9,0,9,0,6,1,0,0,0,1,1,6,1,21,5,1199,1,11,10,1
201422G400360,1,8,0,17,0,0,0,0,0,0,1,1,3,2,46,8,1997,2,7,6,1
201422G400360,2,9,0,16,0,0,0,0,0,0,1,1,3,1,35,6,1910,2,7,5,3
201422G400368,1,9,0,18,0,1,0,0,0,0,1,1,6,1,64,9,1364,2,6,8,1
201422G400368,2,9,0,3,0,1,0,0,0,0,2,1,6,2,42,7,1997,2,11,1,1
201422G400374,1,9,0,9,0,6,0,0,0,0,3,1,2,1,26,6,1796,1,14,-1,-1
201422G400374,2,5,0,18,0,1,0,0,0,0,1,1,2,1,48,8,1100,1,12,8,2
201422G400385,1,9,0,4,0,0,0,0,0,0,4,1,3,2,30,6,1588,1,11,-1,-1
201422G400402,1,9,0,18,0,0,0,0,0,0,2,1,6,2,39,7,1598,1,9,5,1
201422G400406,1,9,0,10,0,1,0,0,0,0,2,1,2,2,48,8,1328,1,7,7,3
201422G400406,2,9,0,5,0,4,0,0,0,0,1,1,2,1,45,7,2199,2,1,8,1
201422G400438,1,21,1,7,0,5,5,0,1,1,2,1,1,1,38,7,-1,-1,-1,6,3
201422G400438,2,21,1,18,0,8,0,0,0,0,1,1,1,1,44,7,12777,2,8,9,2
201422G400462,1,9,0,7,0,4,0,0,0,0,1,1,1,2,28,6,1086,1,6,-1,-1
201422G400462,2,19,0,6,0,8,0,0,0,0,1,1,1,1,23,5,2148,2,7,-1,-1
201422G400463,1,9,0,18,0,0,1,0,0,0,3,1,6,1,85,11,-1,-1,-1,6,1
201422G400463,2,9,0,18,0,0,1,0,0,0,3,1,6,1,32,6,2393,1,15,6,2
201422G400468,1,1,0,18,4,6,0,0,0,0,3,1,2,2,25,5,-1,-1,-1,8,2
201422G400468,2,9,0,18,0,8,1,0,0,0,1,1,2,1,60,9,-1,-1,-1,8,3
201422G400499,1,9,0,18,0,0,0,4,0,0,2,1,6,1,87,11,1596,1,12,2,1
201422G400499,2,9,0,2,0,0,0,0,0,0,2,1,6,2,30,6,1242,1,11,2,1
201422G400502,1,9,0,13,0,8,0,0,7,0,1,1,6,2,39,7,1388,1,16,9,1
201422G400502,2,9,0,9,0,5,0,0,0,0,2,1,6,1,29,6,1493,1,21,9,1
201422G400507,1,9,0,10,0,1,0,0,0,0,2,1,6,1,45,7,1984,1,9,-1,-1
201422G400507,2,9,0,18,0,4,0,0,0,0,1,1,6,1,41,7,1796,1,14,3,1
201422G400511,1,9,0,18,0,3,0,0,0,0,3,1,6,1,28,6,1397,1,5,10,1
201422G400511,2,9,0,18,0,3,0,0,7,1,4,1,6,2,25,5,1598,1,3,-1,-1
201422G400536,1,8,0,18,0,1,0,0,0,0,1,1,1,3,-1,-1,-1,-1,-1,-1,-1
201422G400536,2,1,0,18,0,6,0,0,0,0,3,1,6,1,16,4,-1,-1,-1,1,1
201422G400576,1,9,0,3,0,0,0,0,0,0,3,1,3,1,47,8,1120,1,17,3,3
201422G400595,1,9,0,9,0,8,0,0,0,0,1,1,6,1,30,6,1587,1,8,5,1
201422G400595,2,9,0,18,0,1,1,0,0,0,1,1,6,1,39,7,2497,1,8,7,1
201422G400622,1,9,0,5,0,6,0,0,0,0,1,1,6,1,24,5,998,1,10,2,1
201422G400622,2,9,0,18,0,1,5,0,2,9,3,1,3,1,53,8,1586,1,8,9,3
201422G400636,1,9,0,18,0,2,0,0,0,0,1,1,6,1,49,8,1560,2,3,7,1
201422G400648,1,9,0,10,0,1,0,0,0,0,2,1,6,1,52,8,1896,2,10,1,1
201422G400648,2,19,0,10,0,1,0,0,0,0,1,1,1,1,29,6,2198,2,1,2,1
201422G400649,1,9,0,17,0,0,2,0,0,0,1,1,6,2,18,4,998,1,5,10,2
201422G400659,1,9,0,18,0,0,0,0,0,0,3,1,6,1,33,6,1896,2,12,7,1
201422G400664,1,9,0,18,0,0,0,0,0,0,1,1,6,1,17,4,1149,1,12,4,1
201422G400664,2,9,0,4,0,0,0,0,0,0,2,1,6,1,30,6,1998,2,8,-1,-1
201422G400676,1,9,0,18,0,0,0,0,0,0,1,1,2,1,50,8,1600,1,10,-1,-1
201422G400676,2,9,0,18,0,0,0,0,0,0,1,1,2,2,36,7,1396,1,11,-1,-1
201422G400676,3,9,0,18,0,0,0,0,0,0,1,1,6,2,22,5,1248,2,10,5,1
201422G400676,4,9,0,2,0,0,0,0,0,0,3,1,6,3,-1,-1,1242,1,12,7,1
201422G400734,1,9,0,16,0,0,0,0,0,0,1,1,6,3,-1,-1,-1,-1,-1,-1,-1
201422G400734,2,2,0,17,0,0,0,0,0,0,3,1,6,1,16,4,49,1,1,2,1
201422G400766,1,9,0,18,0,0,1,10,1,2,4,1,6,1,27,6,1796,1,14,3,1
201422G400771,1,9,0,4,0,0,0,0,0,0,2,1,6,1,40,7,1398,2,11,2,1
201422G400771,2,9,0,18,0,0,0,0,0,0,1,1,6,1,18,4,1360,1,11,7,1
201422G400771,3,9,0,18,0,0,0,0,0,0,1,1,6,1,19,4,1149,1,11,6,1
201422G400772,1,9,0,18,0,0,0,0,0,0,3,1,1,1,47,8,1994,2,17,1,1
201422G400772,2,9,0,18,0,0,0,10,1,0,3,1,6,1,33,6,1995,2,9,-1,3
201422G400790,1,9,0,18,0,1,0,0,0,0,4,1,2,2,58,9,2000,1,8,6,1
201422G400827,1,11,0,17,0,8,0,0,0,0,0,1,1,1,48,8,-1,-1,-1,-1,-1
201422G400827,2,9,0,5,0,6,0,0,0,0,0,1,6,3,-1,-1,-1,-1,-1,-1,-1
201422G400832,1,9,0,9,0,5,0,0,0,0,1,1,6,1,41,7,1597,1,16,5,1
201422G400832,2,1,0,18,0,6,0,0,0,0,1,1,6,1,14,3,-1,-1,-1,7,1
201422G400852,1,9,0,12,0,0,0,0,0,0,0,1,6,3,-1,-1,2720,2,7,-1,-1
201422G400852,2,9,0,18,0,0,0,0,0,0,0,1,6,2,20,4,1248,2,5,5,1
201422G400893,1,9,0,16,0,0,0,0,7,10,1,1,6,1,23,5,1998,1,6,9,1
201422G400920,1,9,0,9,0,6,0,0,0,0,0,1,6,1,-1,-1,1834,1,14,-1,-1
201422G400920,2,2,0,4,0,1,0,0,0,0,0,1,6,1,19,4,49,1,1,-1,-1
201422G400953,1,9,0,18,0,0,5,0,0,0,3,1,6,2,51,8,1248,2,1,7,1
201422G400953,2,9,0,18,0,0,0,0,0,0,3,1,6,1,45,7,1988,2,8,7,1
201422G400970,1,9,0,4,0,1,0,0,0,0,1,1,1,1,55,8,1197,1,1,9,1
201422G400970,2,9,0,4,0,1,0,0,0,0,2,1,1,1,60,9,1896,2,11,6,1
201422G400971,1,9,0,4,0,1,0,0,0,0,2,1,6,1,43,7,1997,2,6,2,1
201422G400971,2,9,0,18,0,1,0,0,0,0,1,1,6,1,17,4,-1,-1,-1,8,3
201422G400977,1,1,0,18,0,8,0,0,0,0,2,1,6,1,20,4,-1,-1,-1,1,1
201422G400977,2,9,0,18,0,8,0,0,0,0,1,1,6,1,28,6,1753,2,6,1,1
201422G400993,1,9,0,18,0,0,0,0,0,0,4,1,2,2,31,6,1998,1,9,2,1
201422G400999,1,9,0,14,0,0,0,0,1,10,4,1,2,2,50,8,998,1,2,8,3
201422G401035,1,9,0,4,0,1,0,0,0,0,1,1,3,1,19,4,1390,1,11,8,1
201422G401035,2,9,0,3,0,1,0,0,0,0,2,1,6,2,45,7,1997,2,11,1,1
201422G401041,1,9,0,16,0,0,0,0,0,0,0,1,6,3,-1,-1,-1,-1,-1,-1,-1
201422G401041,2,9,0,17,0,0,2,0,1,10,1,1,6,1,20,4,1998,2,10,6,3
201422G401067,1,3,0,7,0,5,1,0,0,0,1,1,6,1,16,4,124,1,13,3,1
201422G401085,1,9,0,9,0,6,0,0,0,0,1,1,6,1,54,8,1896,2,13,5,3
201422G401085,2,1,0,17,0,1,0,0,0,0,1,1,6,1,39,7,-1,-1,-1,-1,-1
201422G401085,3,1,0,17,0,1,0,0,0,0,1,1,6,1,52,8,-1,-1,-1,-1,-1
201422G401098,1,1,0,4,9,2,0,0,0,0,3,1,6,1,16,4,-1,-1,-1,5,1
201422G401106,1,9,0,5,0,3,0,0,0,0,2,1,6,1,77,11,1275,1,17,1,1
201422G401106,2,9,0,5,0,5,0,0,0,0,1,1,6,2,20,4,1686,2,9,3,1
201422G401108,1,9,0,18,0,0,0,0,7,0,3,1,6,1,41,7,1753,2,9,1,1
201422G401108,2,9,0,18,0,0,0,0,0,0,1,1,6,1,58,9,1560,2,2,6,3
201422G401125,1,9,0,18,0,0,0,0,0,0,3,1,6,3,-1,-1,-1,-1,-1,-1,-1
201422G401125,2,9,0,18,0,0,0,0,0,0,4,1,6,2,36,7,1198,1,3,8,3
201422G401134,1,9,0,13,0,4,0,7,0,0,4,1,2,2,53,8,1390,1,11,-1,-1
201422G401134,2,11,0,18,0,4,0,0,0,0,3,2,1,1,58,9,-1,-1,-1,-1,-1
201422G401139,1,9,0,18,0,6,1,0,0,0,1,1,6,1,34,6,1910,2,6,7,3
201422G401139,2,9,0,4,0,1,0,0,0,0,2,1,6,2,49,8,1242,1,4,5,1
201422G401148,1,9,0,5,0,4,0,0,0,0,1,1,6,1,25,5,1299,1,16,3,1
201422G401148,2,9,0,5,0,4,0,0,1,0,3,1,1,2,34,6,1461,2,4,3,1
201422G401150,1,9,0,4,0,1,0,0,0,0,1,1,3,3,-1,-1,1390,1,12,-1,-1
201422G401150,2,9,0,8,0,1,0,0,0,0,2,1,2,1,20,4,995,1,4,3,1
201422G401152,1,9,0,18,0,1,0,0,0,0,1,1,2,2,23,5,1242,1,3,5,1
201422G401152,2,9,0,3,0,1,0,0,0,0,2,1,6,2,41,7,-1,-1,-1,3,1
201422G401153,1,9,0,18,0,0,0,0,7,4,1,1,6,1,72,10,2184,2,9,4,3
201422G401155,1,9,0,18,0,4,0,0,0,0,1,1,6,2,21,5,2268,2,-1,3,1
201422G401155,2,1,0,18,0,8,0,0,0,0,4,1,6,1,19,4,-1,-1,-1,-1,-1
201422G401163,1,9,0,5,0,4,0,0,0,0,1,1,6,1,83,11,-1,-1,-1,7,1
201422G401163,2,1,0,18,0,8,0,0,0,0,2,1,6,1,48,8,-1,-1,-1,3,1
201422G401174,1,9,0,18,0,1,0,0,0,0,1,1,6,2,67,10,1199,1,12,10,1
201422G401174,2,9,0,10,0,1,0,0,0,0,2,1,6,2,61,9,1299,1,9,8,1
201422G401190,1,9,0,9,0,5,0,0,0,0,1,1,6,2,41,7,1598,1,9,4,1
201422G401190,2,9,0,18,0,1,0,0,1,10,1,1,6,1,53,8,-1,-1,-1,8,1
201422G401226,1,9,0,7,0,1,0,0,0,0,1,1,6,2,40,7,1998,2,7,7,1
201422G401228,1,9,0,3,0,1,0,0,0,0,2,1,6,1,50,8,-1,-1,-1,10,3
201422G401228,2,21,1,18,0,1,0,0,0,0,1,1,1,1,35,6,12900,2,5,-1,-1
201422G401232,1,9,0,18,0,0,1,0,5,6,1,1,6,1,30,6,-1,-1,-1,-1,-1
201422G401232,2,9,0,18,0,0,1,0,5,6,1,1,6,1,54,8,2143,2,-1,-1,3
201422G401232,3,9,0,18,0,0,1,0,5,6,1,1,6,1,29,6,1870,2,9,4,1
201422G401232,4,9,0,18,0,0,1,0,5,6,1,1,6,1,24,5,1596,1,7,5,1
201422G401239,1,9,0,18,0,0,1,0,1,2,1,1,6,1,23,5,2494,1,24,6,3
201422G401242,1,2,0,18,0,0,0,0,0,0,4,1,2,2,17,4,49,1,9,5,1
201422G401261,1,9,0,18,0,4,0,0,7,2,1,1,2,1,45,7,2088,2,17,4,1
201422G401261,2,9,0,18,0,3,0,0,7,2,4,1,1,2,36,7,1248,2,3,-1,-1
201422G401277,1,9,0,9,0,6,0,0,0,0,1,1,6,1,20,4,1686,2,4,1,1
201422G401277,2,9,0,17,0,8,0,0,0,0,4,1,1,1,41,7,1910,2,6,4,1
201422G401278,1,9,0,18,0,0,1,0,1,7,1,1,6,1,47,8,2494,1,17,1,1
201422G401328,1,9,0,18,0,6,0,0,0,0,1,1,6,1,23,5,1686,2,7,7,1
201422G401328,2,9,0,18,0,1,0,0,0,0,3,1,6,1,28,6,1242,1,12,1,1
201422G401374,1,5,0,16,0,0,1,0,8,10,3,1,6,1,49,8,649,1,5,-1,-1
201422G401376,1,9,0,9,0,6,0,0,0,0,3,1,6,1,28,6,1598,1,11,4,1
201422G401376,2,9,0,5,0,6,0,0,0,0,1,1,6,1,18,4,-1,-1,-1,4,1
201422G401401,1,9,0,18,0,0,0,0,0,0,1,1,6,2,57,9,1598,1,8,4,3
201422G401401,2,17,4,18,0,0,0,0,1,4,3,1,1,1,27,6,-1,2,6,-1,3
201422G401430,1,21,1,3,0,0,0,0,0,0,3,1,1,1,43,7,10837,2,1,-1,1
201422G401430,2,19,4,18,0,0,5,0,0,0,1,1,1,1,35,6,10518,2,2,8,1
201422G401430,3,21,1,3,0,0,3,0,2,7,2,1,1,1,47,8,12777,2,1,-1,-1
201422G401432,1,9,0,18,0,8,0,0,0,0,1,1,6,1,41,7,1364,1,6,5,1
201422G401432,2,1,0,18,0,6,0,0,0,0,1,1,6,1,13,3,-1,-1,-1,-1,-1
201422G401433,1,5,0,16,0,3,1,0,0,0,1,1,6,1,68,10,670,1,2,9,1
201422G401433,2,9,0,4,0,1,0,0,0,0,1,1,6,1,46,8,1968,2,6,7,1
201422G401450,1,9,0,18,0,0,0,0,0,0,1,1,6,1,86,11,1198,1,8,8,3
201422G401450,2,2,0,18,0,0,0,0,0,0,1,1,6,1,20,4,49,1,6,4,1
201422G401451,1,9,0,18,0,0,0,0,4,6,1,1,6,1,53,8,2401,2,9,9,1
201422G401474,1,9,0,18,0,8,0,0,0,0,1,1,6,1,39,7,1360,1,14,5,3
201422G401474,2,9,0,4,0,8,0,0,0,0,2,1,6,2,38,7,1595,1,1,6,3
201422G401481,1,9,0,17,0,0,0,0,0,0,3,1,6,2,53,8,1397,1,4,2,1
201422G401481,2,9,0,16,0,0,0,0,0,0,1,2,6,1,27,6,-1,-1,-1,3,1
201422G401482,1,9,0,3,0,1,0,0,0,0,2,1,6,1,42,7,-1,-1,-1,4,1
201422G401482,2,9,0,4,0,1,0,0,0,0,1,1,6,1,69,10,-1,-1,-1,-1,-1
201422G401517,1,9,0,17,0,0,2,10,7,0,1,1,6,2,57,9,1299,1,14,3,1
201422G401526,1,3,0,16,0,0,1,0,0,0,1,1,6,1,37,7,125,1,2,6,3
201422G401526,2,9,0,17,0,0,1,0,0,0,1,1,6,2,50,8,1596,1,5,8,1
201422G401527,1,9,0,17,0,0,0,0,7,9,1,1,6,1,29,6,1598,1,5,3,1
201422G401527,2,9,0,16,0,0,0,0,1,9,3,1,6,2,55,8,1229,1,9,8,1
201422G401536,1,9,0,17,0,0,0,0,0,0,1,1,2,1,20,4,-1,-1,-1,5,1
201422G401536,2,9,0,5,0,0,0,0,0,0,1,1,3,1,44,7,1997,2,6,10,1
201422G401563,1,9,0,1,0,6,0,0,0,0,2,1,6,1,55,8,1910,2,9,3,1
201422G401600,1,9,0,5,0,4,0,0,0,0,1,1,6,2,31,6,1596,1,12,8,2
201422G401600,2,9,0,3,0,1,0,0,0,0,2,1,6,2,52,8,1796,1,7,9,3
201422G401620,1,9,0,16,0,0,0,0,1,0,1,1,2,1,49,8,1995,2,11,6,1
201422G401620,2,9,0,17,0,0,0,0,1,0,1,1,2,2,33,6,1360,1,12,10,3
201422G401624,1,1,0,18,0,6,0,0,0,0,1,1,4,1,12,3,-1,-1,-1,2,1
201422G401624,2,9,0,18,0,8,0,0,0,0,4,1,2,2,46,8,1242,1,15,9,1
201422G401643,1,9,0,6,0,0,0,0,0,0,3,1,6,1,45,7,1332,1,15,5,1
201422G401643,2,9,0,14,0,0,0,0,0,0,1,1,6,1,21,5,-1,-1,-1,7,3
201422G401643,3,9,0,2,0,0,0,0,0,0,2,1,1,1,55,8,-1,-1,-1,3,1
201422G401650,1,9,0,9,0,5,0,0,0,0,1,1,6,1,81,11,-1,-1,-1,5,1
201422G401650,2,9,0,17,0,8,0,0,0,0,1,1,6,2,86,11,-1,-1,-1,-1,-1
201422G401684,1,9,0,9,0,5,0,0,0,0,1,1,6,1,17,4,1240,1,10,2,1
201422G401684,2,9,0,18,0,8,0,0,0,0,3,1,1,2,52,8,1896,2,8,2,1
201422G401690,1,9,0,7,0,6,0,0,0,0,1,1,6,2,33,6,1796,1,7,5,1
201422G401690,2,1,0,18,0,8,0,0,0,0,1,1,2,1,36,7,-1,-1,-1,-1,-1
201422G401716,1,9,0,1,0,8,0,0,0,0,2,1,6,2,66,10,1598,1,3,5,1
201422G401734,1,8,0,9,0,6,0,0,0,0,1,1,1,2,42,7,1896,2,7,-1,-1
201422G401734,2,9,0,18,0,8,1,0,0,0,2,1,6,1,30,6,1997,1,11,3,1
201422G401739,1,9,0,9,0,5,0,0,0,0,3,1,2,1,51,8,1988,2,10,7,1
201422G401739,2,9,0,13,0,8,0,0,7,10,1,1,6,1,23,5,1910,2,6,10,1
201422G401750,1,9,0,10,0,1,0,0,0,0,3,1,2,2,36,7,1596,1,11,2,1
201422G401750,2,9,0,1,0,5,0,0,0,0,2,1,2,1,53,8,1910,2,11,1,1
201422G401760,1,9,0,17,0,0,2,0,1,10,4,1,2,1,25,5,1149,1,13,4,1
201422G401808,1,9,0,13,0,0,0,10,8,10,1,1,6,2,65,9,1198,1,1,9,1
201422G401829,1,3,0,17,0,0,1,0,1,7,1,1,6,1,18,4,125,1,5,10,2
201422G401841,1,9,0,9,0,6,0,0,0,0,1,1,6,1,56,9,1560,2,3,4,1
201422G401841,2,2,0,18,0,8,0,0,0,0,3,1,6,1,19,4,124,1,1,4,1
201422G401863,1,9,0,18,0,0,0,0,0,0,1,1,6,1,57,9,1248,2,2,-1,3
201422G401863,2,19,0,13,0,0,1,10,7,1,2,1,6,1,47,8,-1,-1,-1,8,3
201422G401876,1,9,0,18,0,8,0,0,0,0,1,1,6,1,24,5,1389,1,17,2,1
201422G401876,2,9,0,4,0,8,0,0,0,0,2,1,6,2,24,5,1398,1,1,8,1
201422G401876,3,9,0,18,0,2,0,0,0,0,0,1,1,1,42,7,-1,-1,-1,-1,-1
201422G401882,1,9,0,4,4,1,0,0,0,0,1,1,2,1,66,10,2497,1,11,5,1
201422G401882,2,1,0,17,4,6,0,0,0,0,1,1,2,1,30,6,-1,-1,-1,2,1
201422G401888,1,9,0,5,0,4,0,0,0,0,1,1,2,1,20,4,1595,1,14,3,1