Accident_Index,Vehicle_Reference,Vehicle_Type,Towing_and_Articulation,Vehicle_Manoeuvre,Vehicle_Location-Restricted_Lane,Junction_Location,Skidding_and_Overturning,Hit_Object_in_Carriageway,Vehicle_Leaving_Carriageway,Hit_Object_off_Carriageway,1st_Point_of_Impact,Was_Vehicle_Left_Hand_Drive?,Journey_Purpose_of_Driver,Sex_of_Driver,Age_of_Driver,Age_Band_of_Driver,Engine_Capacity_(CC),Propulsion_Code,Age_of_Vehicle,Driver_IMD_Decile,Driver_Home_Area_Type
201422G401888,2,9,0,18,0,4,0,0,0,0,2,1,6,1,54,8,1584,1,9,4,1
201422G401890,1,9,0,18,0,1,0,0,0,0,1,1,6,1,25,5,1242,1,17,3,1
201422G401890,2,9,0,3,0,1,0,0,0,0,2,1,6,2,31,6,1199,1,11,10,1
201422G401901,1,9,0,18,0,1,0,0,0,0,4,1,6,2,70,10,1598,1,5,3,1
201422G401905,1,9,0,5,0,4,0,0,0,0,1,1,6,2,48,8,1398,2,12,8,1
201422G401905,2,9,0,5,0,4,0,0,0,0,2,1,6,2,45,7,1686,2,6,9,1
201422G401907,1,9,0,5,0,1,0,0,0,0,1,1,6,1,83,11,1398,2,7,8,1
201422G401967,1,9,0,17,0,8,0,0,0,0,0,1,6,3,-1,-1,1995,2,6,-1,-1
201422G401967,2,9,0,4,0,3,0,0,0,0,2,1,6,1,59,9,1461,2,9,4,1
201422G401967,3,9,0,7,0,3,0,0,0,0,1,1,6,1,73,10,1598,2,2,10,1
201422G401985,1,3,0,18,0,0,0,0,0,0,1,1,6,1,17,4,125,1,1,7,1
201422G402001,1,9,0,5,0,6,0,0,1,10,1,1,6,2,29,6,-1,-1,-1,4,1
201422G402001,2,9,0,18,0,1,0,0,0,0,4,1,6,1,19,4,1124,1,12,5,1
201422G402024,1,9,0,7,0,3,0,0,0,0,3,1,6,1,46,8,1896,2,8,1,1
201422G402024,2,1,0,18,0,8,0,0,0,0,1,1,2,1,57,9,-1,-1,-1,7,1
201422G402033,1,9,0,18,0,1,0,0,0,0,1,1,6,3,-1,-1,1900,2,14,-1,-1
201422G402033,2,9,0,3,0,1,0,0,0,0,2,1,6,1,34,6,1796,1,7,1,1
201422G402049,1,21,1,18,0,8,0,0,0,0,1,1,1,1,34,6,-1,-1,-1,-1,-1
201422G402049,2,9,0,10,0,8,0,0,0,0,2,1,1,1,67,10,-1,-1,-1,6,2
201422G402051,1,9,0,9,0,5,1,0,0,0,1,1,6,2,30,6,1998,1,9,6,3
201422G402051,2,19,0,18,0,8,1,10,0,0,1,1,1,1,28,6,2143,2,1,5,1
201422G402051,3,19,0,10,0,1,0,0,0,0,1,1,1,1,48,8,3920,2,1,9,1
201422G402065,1,5,0,17,0,0,0,10,0,0,4,1,6,2,50,8,865,1,2,8,3
201422G402074,1,9,0,17,0,0,0,0,0,0,1,1,6,1,21,5,1124,1,9,-1,3
201422G402074,2,9,0,16,0,0,0,0,0,0,1,1,6,2,28,6,1199,1,10,-1,2
201422G402076,1,9,0,12,0,1,0,0,0,0,3,1,6,1,62,9,1998,2,8,2,1
201422G402076,2,9,0,18,0,1,0,0,0,0,4,1,6,1,23,5,999,1,-1,3,1
201422G402077,1,19,0,11,0,0,2,0,1,7,1,1,1,1,33,6,1995,2,6,2,1
201422G402080,1,5,0,7,0,6,0,10,7,0,1,1,6,1,53,8,-1,-1,-1,4,1
201422G402090,1,4,0,4,0,0,0,0,0,0,4,1,6,1,58,9,499,1,3,8,1
201422G402091,1,9,0,18,0,0,0,0,0,0,1,1,6,2,18,4,1598,2,2,6,1
201422G402091,2,19,0,4,0,0,0,0,0,0,2,1,6,1,24,5,1998,2,8,5,1
201422G402091,3,9,0,4,0,0,0,0,0,0,2,1,6,2,46,8,-1,-1,-1,9,1
201422G402091,4,9,0,4,0,0,0,0,0,0,2,1,6,1,45,7,-1,-1,-1,-1,1
201422G402091,5,21,0,4,0,0,0,0,0,0,2,1,1,1,47,8,4462,2,1,1,1
201422G402116,1,19,0,18,0,8,0,0,0,0,1,1,6,1,23,5,1998,2,13,6,1
201422G402116,2,9,0,10,0,8,0,0,0,0,2,1,6,2,51,8,1124,1,9,6,3
201422G402119,1,9,0,18,0,8,0,0,0,0,1,1,6,1,59,9,2143,2,3,6,3
201422G402119,2,9,0,9,0,6,0,0,0,0,1,1,6,1,22,5,-1,-1,-1,2,1
201422G402133,1,5,0,16,0,0,1,0,0,0,3,1,6,1,55,8,1157,1,8,-1,2
201422G402133,2,9,0,17,0,0,0,0,0,0,3,1,6,1,70,10,1870,2,7,4,3
201422G402144,1,9,0,18,0,0,0,0,5,6,1,1,6,1,57,9,1398,2,7,3,3
201422G402146,1,21,1,12,0,0,0,0,0,0,1,2,1,1,48,8,-1,-1,-1,-1,-1
201422G402146,2,9,0,18,0,0,5,0,0,0,2,1,6,1,40,7,1360,1,11,7,3
201422G402148,1,19,0,11,0,0,1,0,1,9,1,1,1,1,62,9,2461,2,14,9,1
201422G402153,1,9,0,4,0,1,0,0,0,0,2,1,1,1,48,8,1840,1,12,3,1
201422G402153,2,9,0,9,0,4,0,0,0,0,1,1,1,1,34,6,1896,2,10,2,1
201422G402159,1,9,0,4,0,1,0,0,0,0,1,1,6,2,43,7,-1,-1,-1,3,1
201422G402159,2,9,0,3,0,1,0,0,0,0,2,1,6,2,32,6,-1,-1,-1,6,1
201422G402160,1,9,0,13,0,0,1,0,0,0,1,1,2,1,22,5,1998,1,12,5,1
201422G402160,2,9,0,18,0,0,0,0,0,0,2,1,6,1,41,7,-1,-1,-1,3,1
201422G402160,3,9,0,13,0,0,0,0,0,0,0,1,2,1,44,7,1995,2,4,8,2
201422G402175,1,3,0,17,0,8,0,0,0,0,1,1,6,1,18,4,124,1,-1,3,1
201422G402175,2,9,0,9,0,6,0,0,0,0,3,1,6,2,20,4,1149,1,13,7,1
201422G402177,1,9,0,13,0,0,1,0,7,10,1,1,6,2,53,8,1395,1,1,8,1
201422G402177,2,9,0,18,0,0,0,0,0,0,0,1,6,3,-1,-1,-1,-1,-1,-1,-1
201422G402191,1,5,0,13,0,0,1,0,0,0,1,1,6,1,24,5,-1,-1,-1,10,1
201422G402191,2,9,0,18,0,0,0,0,0,0,1,1,6,1,65,9,2401,2,7,6,1
201422G402196,1,9,0,18,0,1,0,0,0,0,1,1,6,1,49,8,1919,2,6,10,1
201422G402196,2,9,0,4,0,1,0,0,0,0,2,1,6,1,59,9,1598,1,11,1,1
201422G402197,1,9,0,18,0,8,0,0,0,0,1,1,6,2,47,8,1998,1,7,5,1
201422G402197,2,9,0,10,0,8,0,0,0,0,2,1,6,2,34,6,2979,1,14,3,1
201422G402199,1,9,0,18,0,4,0,0,0,0,3,1,1,2,38,7,1560,2,-1,-1,1
201422G402199,2,3,0,18,0,4,0,0,0,0,1,1,6,1,29,6,124,1,1,7,1
201422G402200,1,9,0,18,0,4,0,0,0,0,1,1,6,2,24,5,1229,1,1,1,1
201422G402200,2,9,0,3,0,1,0,0,0,0,2,1,6,2,30,6,1198,1,6,3,1
201422G402201,1,9,0,16,0,0,0,10,7,10,1,1,6,1,32,6,-1,-1,-1,5,1
201422G402209,1,2,0,18,0,8,0,0,0,0,1,1,6,1,22,5,49,1,13,6,1
201422G402209,2,9,0,9,0,5,0,0,0,0,4,1,6,1,50,8,-1,-1,-1,9,1
201422G402255,1,9,0,17,0,0,5,0,1,7,4,1,6,1,30,6,1986,2,5,-1,1
201422G402266,1,9,0,16,0,1,0,0,7,4,1,1,6,2,52,8,1598,1,12,2,1
201422G402302,1,5,0,13,0,0,1,0,1,10,1,1,6,1,49,8,782,1,4,1,1
201422G402302,2,21,1,17,0,0,1,0,7,4,1,2,1,1,63,9,-1,-1,-1,-1,-1
201422G402309,1,5,0,17,0,0,1,0,1,4,1,1,6,1,42,7,899,1,15,9,1
201422G402316,1,9,0,4,0,1,0,0,0,0,1,1,6,2,79,11,1329,1,-1,7,1
201422G402316,2,9,0,8,0,1,0,0,0,0,2,1,6,1,21,5,1124,1,15,3,1
201422G402321,1,9,0,5,0,1,0,0,0,0,1,1,6,2,28,6,1229,1,1,5,1
201422G402321,2,9,0,10,0,1,0,0,0,0,2,1,6,1,47,8,2698,2,8,3,1
201422G402344,1,9,0,16,0,2,0,0,7,10,1,1,6,2,66,10,1299,1,7,10,1
201422G402352,1,9,0,13,0,1,0,0,0,0,1,2,2,1,27,6,1995,2,10,5,1
201422G402352,2,9,0,7,0,6,0,0,0,0,3,1,2,2,17,4,1198,1,4,8,2
201422G402352,3,9,0,18,0,1,0,0,0,0,3,1,2,2,35,6,1598,1,11,8,1
201422G402365,1,9,0,18,0,0,0,0,0,7,1,1,6,3,-1,-1,-1,-1,-1,-1,-1
201422G402365,2,9,0,18,0,0,0,0,1,7,2,1,6,1,68,10,-1,-1,-1,8,1
201422G402376,1,5,0,18,0,8,0,10,0,0,4,1,6,1,26,6,749,1,9,1,1
201422G402376,2,9,0,18,0,4,0,0,0,0,0,1,6,3,-1,-1,-1,-1,-1,-1,-1
201422G402393,1,3,0,13,0,8,0,0,0,0,1,1,6,1,22,5,124,1,2,9,1
201422G402393,2,19,0,9,0,5,0,0,0,0,3,1,1,1,46,8,2198,2,8,-1,-1
201422G402396,1,9,0,18,0,1,0,0,0,0,1,1,6,1,50,8,1994,2,12,3,1
201422G402396,2,9,0,10,0,1,0,0,0,0,2,1,6,2,44,7,1679,1,15,9,1
201422G402401,1,9,0,5,0,4,0,0,0,0,1,1,2,2,27,6,1248,1,3,3,1
201422G402401,2,5,0,5,0,4,0,0,0,0,2,1,6,1,69,10,1130,1,12,5,3
201422G402411,1,9,0,4,0,1,0,0,0,0,1,1,6,2,23,5,1598,1,7,5,1
201422G402411,2,11,0,10,0,1,0,0,0,0,2,1,1,1,37,7,-1,-1,-1,4,1
201422G402412,1,9,0,5,0,4,0,0,0,0,0,1,6,3,-1,-1,-1,-1,-1,-1,-1
201422G402412,2,1,0,18,0,8,0,0,0,0,0,1,6,2,40,7,-1,-1,-1,6,1
201422G402421,1,9,0,18,0,0,0,0,0,0,1,1,6,2,55,8,1560,2,1,7,1
201422G402421,2,19,0,18,0,0,0,0,0,0,2,1,6,1,24,5,1968,2,3,8,1
201422G402424,1,9,0,4,0,1,0,0,0,0,4,1,2,1,39,7,1686,2,8,10,2
201422G402424,2,1,0,18,0,6,0,0,0,0,1,1,2,1,31,6,-1,-1,-1,3,1
201422G402428,1,9,0,17,0,1,1,10,0,0,1,1,6,2,42,7,1598,1,13,4,1
201422G402428,2,9,0,1,0,6,0,0,0,0,2,1,6,2,31,6,1596,1,12,3,1
201422G402444,1,9,0,18,0,2,0,0,0,0,3,1,6,3,-1,-1,-1,-1,-1,-1,-1
201422G402444,2,1,0,18,0,6,0,0,0,0,1,1,6,1,10,2,-1,-1,-1,-1,-1
201422G402463,1,5,0,4,0,0,1,0,0,0,4,1,6,1,63,9,1462,1,1,1,1
201422G402475,1,21,1,18,0,8,0,0,0,0,1,1,1,1,43,7,-1,-1,-1,-1,-1
201422G402475,2,21,1,4,0,8,0,0,0,0,2,1,1,1,31,6,10518,2,6,1,1
201422G402479,1,9,0,12,0,1,0,0,0,0,3,1,1,2,31,6,1560,2,6,10,1
201422G402479,2,19,0,8,0,1,0,0,0,0,2,1,1,1,56,9,1248,2,9,7,3
201422G402479,3,9,0,4,0,1,0,0,0,0,4,1,1,2,39,7,2179,2,2,9,1
201422G402485,1,9,0,7,0,6,0,0,0,0,1,1,2,1,46,8,1390,2,12,4,1
201422G402485,2,1,0,18,0,8,0,0,0,0,2,1,2,1,39,7,-1,-1,-1,9,1
201422G402495,1,9,0,18,0,0,1,0,0,0,1,1,6,1,24,5,2494,1,15,2,1
201422G402495,2,9,0,18,0,0,1,0,4,6,2,1,6,1,48,8,1598,1,4,-1,1
201422G402516,1,9,0,18,0,0,0,0,0,0,1,1,6,2,80,11,875,1,1,8,3
201422G402518,1,9,0,18,0,8,1,0,0,0,3,1,6,1,22,5,1289,1,14,-1,-1
201422G402518,2,9,0,18,0,8,0,0,0,0,1,1,6,2,18,4,1560,2,-1,6,1
201422G402528,1,9,0,17,0,2,1,10,1,10,1,1,6,1,25,5,1796,1,11,4,1
201422G402529,1,9,0,18,0,0,0,0,0,0,1,1,6,3,-1,-1,-1,-1,-1,-1,-1
201422G402541,1,9,0,18,0,8,0,10,1,10,1,1,2,1,48,8,1587,1,14,4,3
201422G402548,1,9,0,18,0,8,2,0,7,10,1,1,1,1,44,7,-1,-1,-1,7,1
201422G402548,2,17,4,7,0,6,0,0,0,0,0,1,1,1,23,5,-1,2,5,7,2
201422G402550,1,9,0,17,0,0,1,0,7,10,4,1,6,1,21,5,1229,1,9,5,1
201422G402554,1,9,0,7,0,6,0,0,0,0,3,1,6,2,58,9,1749,1,10,1,1
201422G402554,2,9,0,18,0,1,0,0,0,0,1,1,6,1,34,6,1896,2,8,3,1
201422G402573,1,19,0,18,0,8,0,0,0,0,1,1,2,1,61,9,1870,2,14,5,1
201422G402573,2,17,4,5,0,6,0,0,0,0,3,1,1,1,37,7,6788,2,4,8,3
201422G402574,1,9,0,18,0,0,0,0,0,0,1,1,6,1,33,6,1560,2,4,2,1
201422G402574,2,9,0,18,0,0,0,0,0,0,1,1,6,1,22,5,-1,-1,-1,-1,3
201422G402574,3,9,0,3,0,0,0,0,0,0,2,1,6,2,28,6,1390,1,1,5,1
201422G402574,4,9,0,4,0,0,0,0,0,0,2,1,6,1,40,7,2204,2,8,3,1
201422G402591,1,9,0,4,0,1,0,0,0,0,1,1,6,1,82,11,1995,2,1,4,1
201422G402591,2,9,0,3,0,1,0,0,0,0,2,1,1,1,45,7,1798,1,10,7,1
201422G402594,1,5,0,18,0,0,1,0,0,0,1,1,6,1,19,4,599,1,14,2,1
201422G402594,2,9,0,4,0,0,0,0,0,0,2,1,6,1,41,7,1995,2,1,-1,2
201422G402597,1,9,0,13,0,0,0,0,0,0,0,1,6,2,23,5,1242,1,-1,2,1
201422G402597,2,9,0,16,0,0,0,0,0,0,0,1,6,2,42,7,1560,2,1,10,2
201422G402597,3,11,0,17,0,0,0,0,0,0,1,1,1,1,44,7,8250,2,18,2,1
201422G402597,4,9,0,16,0,0,0,0,0,0,1,1,6,1,25,5,1598,1,11,6,2
201422G402599,1,9,0,4,0,0,0,0,0,0,2,1,1,2,29,6,1596,1,11,6,1
201422G402599,2,9,0,18,0,0,0,0,0,0,1,1,1,1,29,6,1248,2,1,-1,-1
201422G402627,1,8,0,18,0,0,0,0,0,0,1,1,1,1,38,7,1998,2,7,2,1
201422G402627,2,9,0,18,0,0,0,0,0,0,2,1,6,1,53,8,1686,2,12,3,1
201422G402628,1,19,0,18,0,0,0,0,0,0,3,1,6,3,-1,-1,-1,-1,-1,-1,-1
201422G402628,2,9,0,18,0,0,0,0,0,0,3,1,2,2,18,4,1248,2,11,6,3
201422G402662,1,9,0,18,0,0,1,7,8,4,1,1,6,1,21,5,1995,2,11,3,1
201422G402664,1,19,0,4,0,0,0,0,0,0,1,1,6,2,29,6,-1,-1,-1,4,1
201422G402664,2,9,0,18,0,0,2,0,4,6,2,1,6,1,33,6,-1,-1,-1,4,1
201422G402666,1,2,0,17,0,2,1,0,0,0,1,1,6,1,20,4,49,1,2,-1,-1
201422G402669,1,9,0,18,0,4,0,0,0,0,1,1,6,2,66,10,1199,1,12,3,1
201422G402669,2,3,0,18,0,4,0,0,0,0,1,1,2,1,20,4,124,1,4,-1,-1
201422G402672,1,9,0,3,0,1,0,0,0,0,1,1,1,2,52,8,-1,-1,-1,7,1
201422G402672,2,9,0,3,0,1,0,0,0,0,2,1,6,1,41,7,-1,-1,-1,5,1
201422G402680,1,9,0,18,0,0,1,0,0,0,1,1,6,1,22,5,1994,2,14,10,1
201422G402680,2,9,0,3,0,0,0,0,0,0,2,1,6,1,46,8,1560,2,8,10,1
201422G402680,3,9,0,3,0,0,0,0,0,0,2,1,6,2,43,7,-1,-1,-1,5,3
201422G402712,1,9,0,18,0,0,5,0,1,0,1,1,6,1,33,6,-1,-1,-1,8,1
201422G402754,1,9,0,18,0,4,0,0,0,0,1,1,6,1,25,5,2969,2,6,-1,-1
201422G402754,2,4,0,18,0,4,0,0,0,0,1,1,6,2,56,9,238,1,14,5,1
201422G402771,1,9,0,18,0,0,1,0,5,6,1,1,6,1,22,5,2157,1,16,6,1
201422G402797,1,9,0,17,0,0,0,0,2,2,1,1,6,2,33,6,1998,1,9,2,1
201422G402819,1,9,0,16,0,0,0,0,0,0,1,1,6,1,49,8,1399,2,6,5,1
201422G402819,2,9,0,17,0,0,0,0,0,0,1,1,6,2,69,10,1399,2,2,-1,3
201422G402819,3,9,0,17,0,0,0,0,0,0,1,1,6,2,64,9,998,1,4,-1,-1
201422G402827,1,2,0,18,0,3,1,10,0,0,2,1,6,1,27,6,49,1,1,8,1
201422G402851,1,9,0,5,0,6,0,0,0,0,4,1,2,2,23,5,998,1,6,1,1
201422G402851,2,9,0,18,0,8,0,0,0,0,1,1,6,1,62,9,1598,1,3,4,1
201422G402873,1,9,0,10,0,8,0,0,0,0,3,1,6,1,49,8,1753,2,8,2,1
201422G402873,2,9,0,18,0,1,0,0,0,0,1,1,6,1,54,8,1124,1,13,1,1
201422G402880,1,9,0,5,0,4,0,0,0,0,1,1,6,2,40,7,1299,1,11,5,1
201422G402880,2,9,0,3,0,1,0,0,0,0,2,1,6,1,36,7,1388,1,11,2,1
201422G402894,1,9,0,16,0,8,0,0,0,0,1,1,6,2,27,6,1753,2,10,1,1
201422G402894,2,19,0,17,0,8,0,0,0,0,1,1,1,1,23,5,1560,2,5,9,1
201422G402903,1,9,0,16,0,2,1,6,0,0,3,1,6,1,42,7,1389,1,11,10,1
201422G402948,1,9,0,18,0,1,0,0,0,0,1,1,6,2,60,9,1124,1,7,7,1
201422G402948,2,19,0,3,0,1,0,0,0,0,2,1,1,1,40,7,1995,2,1,4,1
201422G402953,1,9,0,18,0,4,0,0,7,0,1,1,6,2,22,5,1896,2,8,6,3
201422G402953,2,9,0,18,0,8,0,0,0,0,1,1,6,1,23,5,1124,1,11,9,1
201422G402958,1,9,0,11,0,8,0,0,0,0,1,1,6,1,-1,-1,1199,1,10,-1,-1
201422G402958,2,9,0,18,0,8,0,0,0,0,3,1,6,2,32,6,1798,1,8,1,1
201422G402966,1,9,0,13,0,8,0,0,7,0,1,1,6,2,50,8,2685,2,10,3,1
201422G402966,2,9,0,9,0,6,0,0,7,0,3,1,6,1,46,8,1364,1,7,2,1
201422G402966,3,9,0,4,0,8,0,0,0,0,0,1,6,1,33,6,1910,2,6,-1,-1
201422G402987,1,9,0,18,0,8,0,0,0,0,1,1,6,2,25,5,1598,1,8,5,1
201422G402987,2,9,0,4,0,8,0,0,0,0,2,1,6,2,34,6,1198,1,10,1,1
201422G402989,1,9,0,18,0,8,0,0,0,0,4,1,6,1,61,9,1896,2,9,6,3
201422G402989,2,1,0,9,0,5,0,0,0,0,1,1,6,1,42,7,-1,-1,-1,-1,-1
201422G402995,1,9,0,18,0,0,0,0,0,0,1,1,6,2,52,8,-1,-1,-1,5,1
201422G402995,2,19,0,4,0,0,0,0,0,0,2,1,6,1,34,6,2198,2,1,4,1
201422G403007,1,9,0,17,0,0,0,0,0,0,1,1,6,2,57,9,1997,2,5,-1,-1
201422G403007,2,1,0,16,0,0,0,10,7,10,1,1,6,1,29,6,-1,-1,-1,-1,-1
201422G403011,1,9,0,7,0,6,0,0,0,0,1,1,6,2,19,4,1149,1,13,-1,-1
201422G403011,2,9,0,18,0,8,0,0,0,0,3,1,6,1,38,7,1995,1,2,8,3
201422G403023,1,9,0,5,0,6,0,0,0,0,1,1,6,1,19,4,1796,1,14,8,1
201422G403023,2,9,0,5,0,6,0,0,0,0,2,1,6,1,25,5,1586,1,-1,7,1
201422G403051,1,9,0,18,0,0,2,0,4,6,1,1,6,2,39,7,3950,7,11,5,1
201422G403062,1,9,0,18,0,1,1,0,0,0,1,1,6,1,34,6,1997,1,11,4,1
201422G403062,2,9,0,4,0,1,0,0,0,0,2,1,6,2,41,7,1248,1,2,6,1
201422G403073,1,9,0,5,0,6,0,0,0,0,1,1,2,1,62,9,1999,1,12,2,1
201422G403073,2,9,0,17,0,8,0,10,0,0,4,1,1,2,39,7,1590,1,9,4,1
201422G403080,1,9,4,18,0,0,0,0,0,0,2,1,1,1,20,4,2982,2,1,-1,3
201422G403080,2,21,1,18,0,0,0,0,0,0,2,1,1,1,57,9,-1,-1,-1,-1,-1
201422G403093,1,9,0,10,0,1,0,0,0,0,4,1,6,2,34,6,-1,-1,-1,-1,-1
201422G403093,2,1,0,18,0,6,0,0,0,0,1,1,6,1,15,3,-1,-1,-1,-1,-1
201422G403095,1,9,0,18,0,0,0,0,0,0,4,1,6,2,57,9,1398,2,7,6,1
201422G403107,1,9,0,18,0,0,0,0,1,4,1,1,6,3,-1,-1,1596,1,15,1,1
201422G403112,1,3,0,18,0,0,0,0,0,0,1,1,6,2,36,7,125,1,5,-1,1
201422G403112,2,9,0,4,0,0,0,0,0,0,2,1,1,1,46,8,1984,1,9,3,1
201422G403113,1,9,0,5,0,4,0,0,0,0,1,1,1,1,19,4,1197,1,1,7,1
201422G403113,2,5,0,5,0,4,0,0,0,0,2,1,1,2,50,8,599,1,5,4,1
201422G403166,1,9,0,2,0,0,0,0,0,0,3,1,6,2,20,4,1368,1,1,6,1
201422G403166,2,1,0,18,9,0,0,8,0,0,1,1,6,1,16,4,-1,-1,-1,2,1
201422G403171,1,9,3,12,0,0,3,0,0,0,3,1,6,2,65,9,1968,2,-1,1,1
201422G403171,2,19,0,18,0,0,0,0,0,0,4,1,2,1,28,6,2148,2,6,4,1
201422G403179,1,9,0,14,0,0,0,0,0,0,4,1,6,1,77,11,1390,1,6,1,1
201422G403181,1,5,0,18,0,0,0,0,0,0,1,1,6,1,25,5,998,1,12,4,2
201422G403182,1,9,0,17,0,0,2,0,7,10,1,1,6,1,85,11,1799,1,6,4,1
201422G403183,1,90,0,18,0,1,1,0,0,0,0,1,6,1,15,3,-1,-1,-1,4,1
201422G403183,2,9,0,18,0,1,0,0,0,0,0,1,1,1,59,9,1248,2,1,7,1
201422G403197,1,9,0,18,0,4,0,0,0,0,3,1,6,1,77,11,1597,2,1,3,1
201422G403197,2,90,0,18,0,8,0,0,0,0,1,1,6,1,37,7,-1,-1,-1,3,1
201422G403214,1,9,0,9,0,5,0,0,0,0,1,1,6,2,37,7,1598,1,10,5,3
201422G403214,2,4,0,18,0,8,0,0,0,0,1,1,6,1,48,8,498,1,16,6,2
201422G403215,1,9,0,9,0,3,0,0,0,0,3,1,6,2,68,10,1598,1,1,6,1
201422G403215,2,1,0,9,0,3,0,0,0,0,4,1,6,1,36,7,-1,-1,-1,9,1
201422G403223,1,9,0,9,0,3,2,10,2,10,1,1,6,2,27,6,1240,1,8,5,1
201422G403232,1,21,1,11,0,0,0,0,0,0,2,1,1,1,56,9,10677,2,-1,7,1
201422G403232,2,9,0,18,0,0,0,2,0,0,1,1,1,1,32,6,1997,1,12,2,1
201422G403234,1,9,0,18,0,0,2,0,0,0,3,1,6,2,52,8,-1,-1,-1,6,1
201422G403237,1,9,0,18,0,0,5,0,0,0,1,1,6,1,37,7,1587,1,11,4,1
201422G403259,1,19,0,18,0,0,0,0,0,0,1,1,1,1,52,8,2402,2,3,8,1
201422G403259,2,9,0,6,0,0,0,0,0,0,2,1,6,2,66,10,1596,1,15,1,1
201422G403266,1,9,0,18,0,2,0,4,0,0,1,1,6,1,40,7,1796,1,6,1,1
201422G403266,2,9,0,2,0,2,0,0,0,0,2,1,6,1,36,7,998,1,3,-1,-1
201422G403270,1,9,0,18,0,0,5,0,1,7,4,1,1,2,27,6,1242,1,3,5,1
201422G403278,1,21,1,2,0,0,0,0,0,0,2,1,1,1,45,7,10518,2,-1,7,3
201422G403278,2,1,0,18,0,0,0,4,0,0,1,1,6,1,47,8,-1,-1,-1,5,1
201422G403283,1,9,0,4,0,1,0,10,0,0,2,1,6,1,44,7,1597,1,16,2,1
201422G403283,2,9,0,4,0,1,0,0,0,0,1,1,1,2,29,6,2993,2,2,3,1
201422G403297,1,9,0,5,0,4,0,0,0,0,3,1,6,1,20,4,1086,1,8,-1,-1
201422G403297,2,1,0,18,0,8,0,0,0,0,1,1,2,1,38,7,-1,-1,-1,5,1
201422G403298,1,9,0,18,0,0,2,0,2,2,1,1,6,1,23,5,-1,-1,-1,1,1
201422G403311,1,9,0,9,0,6,0,0,0,0,3,1,6,2,27,6,1229,1,9,5,1
201422G403311,2,19,0,18,0,1,0,0,0,0,1,1,6,1,39,7,1996,2,3,4,1
201422G403326,1,9,0,18,0,0,5,0,1,7,4,1,6,1,29,6,1242,1,6,6,1
201422G403329,1,3,0,13,0,1,1,0,0,0,1,1,6,1,23,5,-1,-1,-1,-1,-1
201422G403329,2,9,0,18,0,2,0,0,0,0,1,1,6,1,46,8,1388,1,12,2,1
201422G403354,1,9,0,9,0,5,0,0,0,0,0,1,6,1,34,6,1995,2,11,1,1
201422G403354,2,1,0,18,0,8,0,0,0,0,2,1,6,1,48,8,-1,-1,-1,3,1
201422G403354,3,1,0,18,0,8,0,0,0,0,1,1,6,2,38,7,-1,-1,-1,3,1
201422G403356,1,9,0,16,0,0,1,6,0,0,1,1,1,1,44,7,2231,2,7,1,1
201422G403362,1,21,1,11,0,2,0,0,0,0,4,1,1,3,63,9,12580,2,8,-1,3
201422G403362,2,9,0,18,0,2,0,0,1,7,3,1,6,1,21,5,1598,1,11,10,2
201422G403365,1,19,0,18,0,0,1,0,0,0,1,1,1,1,28,6,-1,-1,-1,8,3
201422G403365,2,9,0,4,0,0,0,0,0,0,1,1,6,1,49,8,1360,1,11,7,1
201422G403374,1,1,0,18,9,0,0,0,0,0,1,1,6,3,-1,-1,-1,-1,-1,-1,-1
201422G403379,1,9,0,5,0,6,0,0,0,0,1,1,6,1,26,6,1296,1,7,7,1
201422G403379,2,9,0,18,0,1,0,0,0,0,1,1,6,1,74,10,1997,2,9,8,1
201422G403379,3,19,0,3,0,1,0,0,0,0,3,1,1,1,35,6,1968,2,4,8,2
201422G403387,1,9,0,18,0,0,0,0,0,0,4,1,6,2,22,5,1870,2,12,2,1
201422G403387,2,1,0,18,0,0,0,0,0,0,1,1,6,1,10,2,-1,-1,-1,-1,-1
201422G403388,1,9,0,18,0,1,0,0,0,0,1,1,6,1,60,9,2597,1,10,5,1
201422G403391,1,19,0,9,0,5,0,0,0,0,4,1,6,3,-1,-1,-1,-1,-1,-1,-1
201422G403391,2,1,0,18,0,8,0,0,1,0,1,1,2,1,23,5,-1,-1,-1,1,1
201422G403396,1,9,0,18,0,2,0,0,0,0,1,1,6,1,75,10,1339,1,2,10,1
201422G403396,2,9,0,2,0,2,0,0,0,0,2,1,6,2,51,8,1240,1,9,3,1
201422G403430,1,9,0,13,0,0,1,0,0,0,3,1,2,1,24,5,-1,-1,-1,8,3
201422G403430,2,9,0,18,0,0,0,0,0,0,3,1,2,1,49,8,1368,1,5,9,3
201422G403433,1,9,0,4,0,0,0,0,0,0,1,1,6,1,39,7,998,1,-1,3,1
201422G403433,2,1,0,18,0,0,0,0,0,0,3,1,6,1,5,1,-1,-1,-1,1,1
201422G403509,1,5,0,16,0,2,1,0,1,10,1,1,2,1,53,8,-1,-1,-1,4,1
201422G403516,1,5,0,14,0,8,0,4,0,0,1,1,6,1,44,7,648,1,17,5,1