Accident_Index,Vehicle_Reference,Vehicle_Type,Towing_and_Articulation,Vehicle_Manoeuvre,Vehicle_Location-Restricted_Lane,Junction_Location,Skidding_and_Overturning,Hit_Object_in_Carriageway,Vehicle_Leaving_Carriageway,Hit_Object_off_Carriageway,1st_Point_of_Impact,Was_Vehicle_Left_Hand_Drive?,Journey_Purpose_of_Driver,Sex_of_Driver,Age_of_Driver,Age_Band_of_Driver,Engine_Capacity_(CC),Propulsion_Code,Age_of_Vehicle,Driver_IMD_Decile,Driver_Home_Area_Type
2014231007014,2,9,0,18,0,8,0,0,0,0,1,1,6,1,80,11,1339,1,5,-1,-1
2014231007214,1,9,0,18,0,1,0,0,0,0,1,1,6,1,41,7,2179,2,1,9,1
2014231007214,2,9,0,3,0,1,0,0,0,0,2,1,6,2,54,8,1198,1,4,8,1
2014231007714,1,20,0,18,0,1,0,0,0,0,1,1,1,1,47,8,3920,2,8,2,1
2014231007714,2,21,1,3,0,1,0,0,0,0,2,1,1,1,49,8,-1,-1,-1,-1,-1
2014231008214,1,9,0,18,0,0,0,0,0,0,4,1,6,1,-1,-1,-1,-1,-1,-1,-1
2014231008614,1,9,0,9,0,8,0,0,0,0,1,1,6,1,56,9,2198,2,6,7,3
2014231008614,2,3,0,18,0,8,0,0,0,0,1,1,4,2,17,4,125,1,1,9,3
2014231008714,1,9,0,18,0,0,0,0,0,0,1,1,6,2,-1,-1,-1,-1,-1,-1,-1
2014231008714,2,9,0,4,0,0,0,0,0,0,2,1,6,1,40,7,1968,2,2,6,1
2014231008814,1,9,0,18,0,1,0,0,0,0,1,1,6,1,-1,-1,1598,1,3,-1,-1
2014231008814,2,9,0,3,0,1,0,0,0,0,2,1,6,2,31,6,1323,1,12,-1,-1
2014231009014,1,19,0,18,0,0,0,0,0,0,1,1,1,1,32,6,2143,2,1,5,1
2014231009014,2,9,0,4,0,0,0,0,0,0,2,1,6,1,32,6,1596,1,1,9,1
2014231009014,3,9,0,4,0,0,0,0,0,0,2,1,6,2,24,5,1197,1,1,10,1
2014231009014,4,9,0,4,0,0,0,0,0,0,2,1,6,1,77,11,1999,1,9,9,3
2014231009414,1,8,0,9,0,8,0,0,7,0,4,1,1,1,51,8,1968,2,5,4,1
2014231009414,2,9,0,18,0,8,0,0,0,0,1,1,6,1,40,7,1596,1,11,8,1
2014231009714,1,9,0,9,0,8,0,0,0,0,1,1,6,1,17,4,1229,1,10,8,2
2014231009714,2,9,0,18,0,8,0,0,0,0,1,1,6,2,44,7,1242,1,1,4,2
2014231010114,1,5,0,13,0,0,1,0,7,0,1,1,6,1,22,5,1130,1,12,-1,1
2014231010114,2,9,0,18,0,0,0,0,0,0,2,1,6,1,67,10,2435,1,16,7,1
2014231010114,3,9,0,18,0,0,0,0,0,0,0,1,6,1,28,6,1149,1,10,5,1
2014231010214,1,9,0,9,0,8,0,0,0,0,1,1,6,2,46,8,1598,1,12,5,1
2014231010214,2,11,0,18,0,8,0,0,0,0,2,1,6,3,-1,-1,-1,-1,-1,-1,-1
2014231010314,1,9,0,18,0,0,0,0,0,0,1,1,6,1,-1,-1,-1,-1,-1,-1,-1
2014231010314,2,1,0,12,0,0,0,0,0,0,2,1,6,1,11,3,-1,-1,-1,-1,-1
2014231010514,1,9,0,9,0,8,0,0,0,0,2,1,6,1,-1,-1,1560,2,1,-1,-1
2014231010514,2,8,0,18,0,8,0,0,0,0,1,1,6,1,-1,-1,-1,-1,-1,-1,-1
2014231010914,1,9,0,18,0,2,1,0,0,0,1,1,6,2,59,9,1589,1,17,10,1
2014232001114,1,9,0,18,0,0,1,0,1,4,1,1,6,1,47,8,1397,1,4,-1,1
2014232001614,1,9,0,18,0,0,1,0,0,0,3,1,6,1,65,9,1951,2,15,5,1
2014232001614,2,9,0,18,0,0,1,0,4,6,4,1,6,1,47,8,1995,2,2,4,1
2014232030956,1,9,4,18,0,0,0,0,0,0,3,1,6,1,50,8,2401,2,9,10,1
2014232030956,2,9,0,18,0,0,0,0,0,0,3,1,6,1,37,7,1968,2,10,5,2
2014232209414,1,9,0,4,0,8,0,0,0,0,1,1,6,1,31,6,1461,2,5,7,1
2014232209414,2,3,0,4,0,8,0,0,0,0,2,1,6,1,22,5,-1,-1,-1,4,2
2014232500314,1,9,0,9,0,8,0,0,0,0,4,1,6,1,33,6,1590,1,12,1,1
2014232500314,2,9,0,18,0,8,0,0,0,0,3,1,6,2,28,6,875,1,1,9,2
2014232500414,1,1,0,9,0,8,0,0,0,0,3,1,6,2,27,6,-1,-1,-1,1,1
2014232500414,2,9,0,18,0,8,0,0,0,0,1,1,6,1,32,6,1796,1,13,8,1
2014232500514,1,9,0,9,0,8,0,0,0,0,1,1,6,2,59,9,1997,2,8,6,1
2014232500514,2,9,0,18,0,8,1,0,0,0,1,1,6,1,43,7,-1,-1,-1,8,1
2014232501314,1,3,0,9,0,8,1,0,0,0,1,1,6,1,27,6,124,1,2,-1,-1
2014232501414,1,9,0,9,0,8,0,0,0,0,4,2,6,1,36,7,-1,-1,-1,1,1
2014232501414,2,9,0,18,0,8,0,0,0,0,1,1,6,2,42,7,-1,-1,-1,6,1
2014232501914,1,9,0,9,0,8,0,0,0,0,1,1,6,1,23,5,1796,1,12,5,1
2014232502014,1,9,0,4,0,0,0,0,0,0,1,1,6,2,47,8,-1,-1,-1,3,1
2014232502014,2,9,0,4,0,0,0,0,0,0,1,1,6,1,68,10,1995,2,2,7,3
2014232502014,3,9,0,4,0,0,0,0,0,0,1,1,6,2,47,8,1399,2,3,7,1
2014232502014,4,9,0,3,0,0,0,0,0,0,2,1,6,2,46,8,1598,2,2,10,1
2014232502114,1,9,0,4,0,8,0,0,0,0,1,1,6,2,-1,-1,1596,1,2,5,1
2014232502614,1,9,0,9,0,8,0,0,0,0,1,1,6,1,50,8,1985,1,15,-1,-1
2014232502714,1,9,0,18,0,0,0,0,0,0,1,1,6,1,72,10,1797,8,3,6,1
2014232502814,1,9,0,7,0,8,0,0,0,0,1,1,6,1,-1,-1,1995,1,6,-1,-1
2014232502814,2,9,0,7,0,8,0,0,0,0,1,1,6,2,29,6,1995,2,6,4,1
2014232503914,1,9,0,18,0,8,1,0,0,0,1,1,6,1,55,8,1396,1,12,-1,-1
2014232504314,1,9,0,18,0,8,0,0,0,0,1,1,3,1,33,6,1991,2,11,3,1
2014232504414,1,9,0,18,0,0,0,0,1,4,1,1,6,1,28,6,1796,1,14,6,1
2014232505714,1,9,0,16,0,8,1,0,0,0,3,1,6,1,67,10,-1,-1,-1,4,2
2014232505714,2,17,0,17,0,8,0,0,1,1,3,1,1,1,43,7,-1,2,10,9,2
2014232505814,1,1,0,18,0,2,0,0,0,0,1,1,6,2,25,5,-1,-1,-1,-1,-1
2014232505814,2,9,0,18,0,8,0,0,0,0,1,1,6,2,54,8,1598,1,3,10,1
2014232506014,1,9,0,9,0,8,0,0,0,0,1,1,6,2,40,7,-1,-1,-1,-1,-1
2014232506114,1,9,0,18,0,2,1,0,0,0,1,1,6,1,56,9,1951,2,12,6,1
2014232506114,2,9,0,3,0,2,0,0,0,0,2,1,6,1,69,10,1598,1,1,2,1
2014232506114,3,9,0,3,0,2,0,0,0,0,2,1,6,1,61,9,1998,2,7,4,1
2014232506414,1,21,1,11,0,0,0,0,0,0,4,1,6,1,27,6,10518,2,2,4,1
2014232506414,2,9,0,18,0,0,0,0,0,0,3,1,6,1,30,6,1489,1,17,5,1
2014232506814,1,9,0,18,0,8,0,0,0,0,4,1,6,1,-1,-1,-1,-1,-1,-1,-1
2014232506814,2,9,0,18,0,8,0,0,0,0,1,1,6,1,26,6,1396,1,9,5,1
2014232506814,3,9,0,3,0,8,0,0,0,0,1,1,6,1,73,10,993,1,12,4,1
2014232506914,1,9,0,9,0,8,0,0,0,0,1,1,6,1,-1,-1,-1,-1,-1,-1,-1
2014232506914,2,1,0,18,0,8,0,0,0,0,3,1,6,1,67,10,-1,-1,-1,10,1
2014232507014,1,9,0,18,0,0,0,0,0,0,1,1,6,1,25,5,1086,1,9,-1,1
2014232507014,2,9,0,18,0,0,0,0,0,0,2,1,6,2,48,8,1995,2,1,7,1
2014232507014,3,9,0,18,0,0,0,0,0,0,1,1,6,1,45,7,1997,2,3,9,1
2014232507014,4,9,0,18,0,0,0,0,0,0,2,1,6,1,37,7,2496,2,10,2,1
2014232507014,5,19,0,18,0,0,0,0,0,0,1,1,6,1,48,8,2460,2,7,2,1
2014232507014,6,9,0,18,0,0,0,0,0,0,2,1,6,2,53,8,1956,2,1,8,2
2014232507014,7,9,0,18,0,0,0,0,0,0,3,1,6,2,56,9,2496,1,9,6,3
2014232507014,8,9,0,18,0,0,0,0,0,0,1,1,6,1,24,5,1560,2,5,4,1
2014232507014,9,9,0,18,0,0,0,0,0,0,1,1,6,1,42,7,2204,2,7,8,1
2014232507314,1,9,0,5,0,8,0,0,0,0,1,1,6,1,-1,-1,-1,-1,-1,-1,-1
2014232507314,2,9,0,18,0,8,0,0,0,0,4,1,6,1,37,7,2179,2,3,5,1
2014232507614,1,9,0,18,0,0,0,0,0,0,3,1,6,2,43,7,1389,1,13,4,1
2014232508114,1,9,0,18,0,8,1,0,0,0,1,1,6,2,43,7,1997,2,1,6,1
2014232508114,2,9,0,18,0,8,0,0,0,0,1,1,6,2,36,7,998,1,1,5,1
2014232508314,1,21,0,18,0,8,1,0,0,0,1,1,6,1,50,8,2998,2,2,5,1
2014232508314,2,9,0,3,0,8,0,0,0,0,2,1,6,2,63,9,1299,1,11,7,1
2014232508314,3,9,0,3,0,8,0,0,0,0,2,1,6,2,40,7,1124,1,12,6,1
2014232508414,1,9,0,18,0,0,0,0,0,0,1,1,6,3,-1,-1,-1,-1,-1,-1,-1
2014232508414,2,9,0,18,0,0,0,0,0,0,2,1,6,2,59,9,-1,-1,-1,6,1
2014232508514,1,9,0,18,0,0,0,0,0,0,1,1,6,1,44,7,2967,2,6,7,1
2014232508514,2,9,0,18,0,0,0,0,0,0,2,1,6,2,65,9,1399,2,10,2,1
2014232508614,1,9,0,18,0,8,0,0,0,0,3,1,6,1,28,6,1360,1,9,9,2
2014232508614,2,9,0,17,0,8,0,0,0,0,1,1,6,1,50,8,1598,1,4,7,1
2014232508814,1,19,0,4,0,8,0,0,0,0,1,1,6,1,-1,-1,-1,-1,-1,1,1
2014232508814,2,9,0,4,0,8,0,0,0,0,2,1,6,1,57,9,4164,2,15,5,1
2014232508914,1,9,0,18,0,0,0,0,0,0,1,1,6,1,64,9,-1,-1,-1,9,1
2014232508914,2,19,0,2,0,0,0,0,0,0,2,1,6,1,50,8,2446,2,14,5,1
2014232509314,1,20,0,18,0,1,0,0,0,0,1,1,1,1,63,9,3920,2,9,7,3
2014232509314,2,9,0,4,0,1,0,0,0,0,2,1,6,2,54,8,1360,1,11,10,1
2014232509514,1,9,0,18,0,0,0,0,0,0,0,1,6,3,-1,-1,-1,-1,-1,-1,-1
2014232509714,1,5,0,4,0,0,1,0,0,0,1,1,2,1,34,6,600,1,9,9,1
2014232509714,2,21,0,4,0,0,0,0,0,0,2,1,6,1,53,8,7790,2,4,1,1
2014232510314,1,9,0,18,0,8,1,0,1,1,4,1,6,1,28,6,1360,2,21,9,1
2014232510314,2,9,0,18,0,8,1,0,0,0,1,1,6,1,39,7,1762,1,15,3,1
2014232510514,1,9,0,18,0,0,0,0,0,0,1,1,6,2,37,7,2143,2,2,9,1
2014232510514,2,9,0,4,0,0,0,0,0,0,2,1,6,2,54,8,1948,1,14,9,1
2014232510914,1,9,0,4,0,1,1,0,0,0,1,1,6,2,26,6,1685,2,1,2,1
2014232510914,2,9,0,3,0,1,0,0,0,0,2,1,6,1,57,9,1388,1,5,6,1
2014232511514,1,5,0,18,9,8,1,0,0,0,1,1,6,1,44,7,652,1,12,6,2
2014232511514,2,1,0,9,0,8,0,0,0,0,2,1,6,1,46,8,-1,-1,-1,-1,-1
2014232511614,1,9,0,18,0,0,1,0,0,0,4,1,6,1,36,7,1124,1,12,2,1
2014232511614,2,20,0,18,0,0,0,0,0,0,1,1,6,1,41,7,-1,-1,-1,4,1
2014232512214,1,9,0,10,0,8,0,0,0,0,1,1,6,2,64,9,1997,2,3,-1,-1
2014232512214,2,9,0,18,0,8,0,0,7,2,2,1,6,1,-1,-1,1986,2,7,2,1
2014232512514,1,9,0,17,0,0,2,0,1,1,1,1,6,1,24,5,1995,1,10,8,1
2014232512614,1,1,0,18,0,8,0,0,0,0,3,1,6,1,-1,-1,-1,-1,-1,1,1
2014232512614,2,9,0,17,0,8,0,0,0,0,1,1,6,2,-1,-1,2685,2,10,8,1
2014232513014,1,9,0,9,0,8,0,0,0,0,1,1,6,1,-1,-1,1796,1,15,2,1
2014232513014,2,9,0,18,0,8,0,0,0,0,3,1,6,2,36,7,1124,1,9,7,1
2014232513514,1,8,0,5,0,8,0,0,0,0,1,1,6,1,-1,-1,-1,-1,-1,-1,-1
2014232513514,2,9,0,18,0,8,0,0,0,0,3,1,6,1,43,7,2184,2,10,5,1
2014232513614,1,9,0,7,9,8,0,0,0,0,1,1,6,1,77,11,1493,1,21,4,1
2014232515214,1,9,0,18,0,0,0,0,0,0,4,1,6,1,-1,-1,-1,-1,-1,-1,-1
2014233000314,1,9,0,18,0,0,0,0,1,2,1,1,6,1,36,7,1360,1,12,9,2
2014233000914,1,9,0,18,0,0,0,4,0,0,1,1,6,2,74,10,998,1,9,7,2
2014233000914,2,9,0,2,0,0,0,0,0,0,1,1,6,2,48,8,1397,1,4,9,3
2014233000914,3,9,0,2,0,0,0,0,0,0,2,1,6,2,52,8,1685,2,3,10,1
2014233001014,1,9,0,5,0,8,0,0,1,4,1,1,6,1,78,11,1395,1,-1,9,3
2014233001014,2,9,0,18,0,8,0,0,0,0,1,1,6,1,26,6,1896,2,13,3,1
2014233001214,1,9,0,5,0,8,0,0,0,0,0,1,6,1,19,4,1149,1,9,7,1
2014233001214,2,9,0,18,0,8,0,0,1,1,1,1,6,1,47,8,1242,1,3,10,2
2014233001414,1,9,0,9,0,8,0,0,0,0,1,1,6,2,38,7,1997,2,9,-1,3
2014233001414,2,9,0,18,0,8,5,0,1,10,1,1,6,2,20,4,-1,-1,-1,7,3
2014233001514,1,3,0,7,0,8,1,0,0,0,1,1,6,2,35,6,124,1,3,9,2
2014233002714,1,9,0,18,0,0,0,0,0,0,1,1,6,1,39,7,1998,2,6,6,3
2014233002714,2,9,0,2,0,0,0,0,1,10,2,1,6,1,-1,-1,1995,2,1,9,3
2014233003414,1,9,0,17,0,0,0,10,1,0,1,1,6,2,24,5,-1,-1,-1,9,2
2014233003514,1,9,0,9,0,8,0,0,0,0,1,1,6,1,-1,-1,998,1,6,8,1
2014233003514,2,9,0,18,0,8,0,0,0,0,1,1,6,1,-1,-1,1975,1,9,-1,1
2014233003814,1,9,0,4,0,0,0,0,0,0,1,1,6,1,65,9,-1,-1,-1,9,2
2014233003814,2,1,0,18,0,0,0,0,1,0,2,1,6,1,75,10,-1,-1,-1,8,3
2014233003914,1,9,0,7,0,2,0,0,0,0,1,1,6,1,-1,-1,-1,-1,-1,-1,-1
2014233004114,1,9,0,9,0,8,0,0,0,0,1,1,6,1,25,5,-1,-1,-1,-1,-1
2014233004114,2,9,0,10,0,8,0,0,0,0,1,1,6,1,29,6,2170,2,10,8,1
2014233004214,1,9,0,18,0,0,1,0,8,10,2,1,6,1,38,7,-1,-1,-1,4,1
2014233004314,1,9,0,18,0,0,1,0,1,10,1,1,6,2,19,4,1242,1,7,9,2
2014233004414,1,9,0,18,0,0,0,0,0,0,4,1,6,1,33,6,1910,2,5,1,1
2014233005814,1,9,0,18,0,8,0,0,0,0,1,1,6,1,56,9,1598,2,3,5,3
2014233005814,2,9,0,18,0,8,0,0,0,0,1,1,6,1,36,7,1998,1,1,8,3
2014233005814,3,9,0,18,0,8,0,0,0,0,1,1,6,2,51,8,1124,1,19,8,2
2014233005914,1,9,0,1,0,1,0,0,0,0,2,1,6,1,39,7,2993,2,1,7,3
2014233006214,1,9,0,17,0,0,1,0,2,4,1,1,6,1,21,5,-1,-1,-1,9,2
2014233006414,1,9,0,18,0,0,0,0,0,0,4,1,6,2,78,11,1997,1,4,-1,1
2014233006614,1,9,0,18,0,1,0,0,0,0,1,1,6,1,20,4,998,1,9,7,3
2014233006614,2,9,0,10,0,1,0,0,0,0,2,1,6,1,49,8,3980,1,17,10,2
2014233007614,1,9,0,18,0,0,0,0,7,10,1,1,6,1,69,10,2993,2,4,7,1
2014233007614,2,9,0,18,0,0,0,0,1,10,1,1,6,1,65,9,2204,2,8,-1,1
2014233008014,1,9,0,18,0,8,5,10,0,0,1,1,6,2,44,7,1997,2,6,8,3
2014233008014,2,9,0,18,0,8,0,0,0,0,1,1,6,1,56,9,1998,1,7,8,1
2014233008014,3,9,0,7,0,2,0,0,0,0,2,1,6,2,30,6,1124,1,12,4,1
2014233008314,1,9,0,18,0,8,0,0,0,0,1,1,6,1,39,7,1598,1,8,9,1
2014233008314,2,3,0,18,0,8,0,0,0,0,4,1,6,1,49,8,120,1,-1,5,1
2014233009514,1,20,0,18,0,8,0,0,7,4,4,1,1,1,60,9,-1,2,21,8,3
2014233009514,2,9,0,18,0,8,0,0,0,0,3,1,6,1,48,8,1951,2,11,-1,3
2014233010614,1,9,0,16,0,0,2,0,1,9,1,1,6,1,20,4,1242,1,7,-1,-1
2014233010814,1,9,0,7,0,8,0,0,0,0,0,1,6,1,-1,-1,-1,-1,-1,-1,-1
2014233010814,2,9,0,18,0,8,2,0,7,10,1,1,6,2,24,5,1587,1,11,9,3
2014233011714,1,9,0,13,0,8,0,0,0,0,1,1,6,2,26,6,998,1,10,9,2
2014233011714,2,1,0,9,0,8,0,0,0,0,2,1,6,1,76,11,-1,-1,-1,6,3
2014233500814,1,9,0,18,0,0,0,0,0,0,1,1,6,2,42,7,-1,-1,-1,6,1
2014233500814,2,9,0,18,0,0,0,0,0,0,3,1,6,1,37,7,1998,1,10,7,1
2014233500814,3,9,0,18,0,0,0,0,0,0,1,1,6,2,28,6,-1,-1,-1,5,1
2014233501214,1,9,0,17,0,0,1,0,1,4,1,1,6,2,29,6,-1,-1,-1,6,1
2014233501514,1,19,0,9,0,8,0,0,0,0,1,1,6,1,55,8,2464,2,6,6,1
2014233501514,2,9,0,18,0,8,0,0,2,4,2,1,6,2,44,7,1995,2,3,10,2
2014233502514,1,9,0,18,0,8,0,0,0,0,1,1,6,1,67,10,1197,1,1,6,3
2014233503114,1,9,0,5,0,8,0,0,0,0,1,1,6,1,53,8,1968,2,2,-1,-1
2014233503114,2,9,0,3,0,8,0,0,0,0,2,1,6,2,33,6,1598,1,7,4,1
2014233503314,1,9,0,9,0,8,0,0,0,0,1,1,6,1,87,11,-1,-1,-1,9,3
2014233503314,2,9,0,18,0,8,0,0,0,0,3,1,6,1,59,9,-1,-1,-1,3,1
2014233503814,1,9,0,18,0,0,5,0,2,4,4,1,6,1,77,11,2830,2,20,7,3
2014233504014,1,9,0,18,0,8,1,0,0,0,1,1,6,1,29,6,1995,2,1,-1,1
2014233504014,2,9,0,4,0,8,0,0,0,0,2,1,6,1,39,7,1995,2,2,10,1
2014233504214,1,9,0,18,0,1,0,0,0,0,1,1,6,1,82,11,1343,1,14,9,2
2014233504214,2,1,0,18,0,1,0,0,0,0,3,1,6,1,51,8,-1,-1,-1,5,1
2014233505214,1,1,0,18,0,2,1,0,0,0,1,1,6,1,24,5,-1,-1,-1,4,1
2014233505214,2,9,0,18,0,8,0,0,0,0,4,1,6,2,66,10,1299,1,9,-1,1
2014233505314,1,9,0,18,0,1,0,0,0,0,1,1,6,1,27,6,1560,2,2,5,1
2014233505414,1,19,0,18,0,0,0,0,0,0,3,1,6,1,52,8,1998,2,11,8,3
2014233505414,2,9,0,18,0,0,0,0,0,0,3,1,6,1,57,9,2179,2,1,4,2
2014233505914,1,9,0,7,0,8,0,0,0,0,1,1,6,1,51,8,1598,1,9,10,1
2014233506214,1,9,0,18,0,8,0,0,0,0,1,1,6,2,56,9,1248,1,5,-1,-1
2014233506214,2,9,0,10,0,8,0,0,0,0,2,1,6,1,67,10,1598,2,1,10,1
2014233506514,1,21,1,18,0,0,0,0,1,6,3,1,6,1,58,9,12900,2,7,7,2
2014233506714,1,9,0,18,0,0,0,0,0,0,1,1,6,1,-1,-1,1396,1,14,-1,-1
2014233506714,2,9,0,3,0,0,0,0,0,0,2,1,6,2,32,6,1397,1,13,-1,3
2014233507914,1,9,0,18,0,0,0,0,0,0,1,1,6,1,51,8,-1,-1,-1,2,1
2014233507914,2,2,0,18,0,0,0,0,0,0,2,1,6,1,32,6,49,1,2,7,2
2014233508214,1,9,0,18,0,0,0,6,7,10,1,1,6,1,54,8,1798,1,8,9,1
2014233508714,1,9,0,18,0,0,2,0,1,0,1,1,6,1,23,5,1999,1,8,5,1
2014233509214,1,19,0,7,0,8,0,0,0,0,4,1,6,1,26,6,1598,2,1,1,1
2014233510014,1,9,0,17,0,0,2,0,7,4,1,1,6,1,24,5,1796,1,11,4,1
2014233511414,1,9,0,18,0,0,0,12,1,9,1,1,6,1,58,9,1910,2,6,3,1
2014233511714,1,9,0,18,0,0,5,0,0,0,1,1,6,2,24,5,1956,2,3,9,2
2014233511714,2,19,0,18,0,0,0,0,0,0,2,1,6,1,29,6,-1,-1,-1,5,1
2014233511914,1,9,0,16,0,0,0,0,1,4,1,1,6,1,23,5,1398,1,14,1,1
2014233513114,1,9,0,18,0,0,0,0,0,0,1,1,6,1,59,9,1582,2,2,8,1
2014233513114,2,9,0,4,0,0,0,0,0,0,2,1,6,1,38,7,1968,2,2,-1,1
2014233513114,3,9,0,4,0,0,0,0,0,0,2,1,6,1,28,6,1390,1,3,5,1
2014233513114,4,9,0,4,0,0,0,0,0,0,2,1,6,2,-1,-1,1956,2,2,-1,-1
2014233513214,1,9,0,5,0,8,0,0,0,0,4,1,6,1,58,9,1968,2,1,9,1
2014233513214,2,9,0,18,0,8,0,0,0,0,1,1,6,2,39,7,1560,2,3,-1,-1
2014233513714,1,9,0,13,0,0,0,0,1,4,1,1,6,1,50,8,2148,2,8,4,1
2014233513714,2,9,0,16,0,0,0,0,1,10,1,1,6,2,32,6,2179,2,7,5,1
2014233513714,3,9,0,18,0,0,0,0,0,0,1,1,6,1,29,6,1560,2,1,7,1
2014233513814,1,9,0,1,0,8,0,0,0,0,2,1,6,1,-1,-1,2149,2,7,-1,-1
2014233513814,2,9,0,18,0,8,0,0,0,0,1,1,6,1,28,6,1598,1,16,5,1
2014233515114,1,9,0,9,0,2,0,0,0,0,1,1,6,1,31,6,1997,2,5,5,1
2014235514814,1,9,0,18,0,0,1,0,1,4,1,1,6,1,43,7,1753,2,11,10,2
2014236504714,1,9,0,16,0,8,1,0,0,0,1,1,6,2,20,4,1242,1,3,10,1
2014236509914,1,19,0,18,0,0,0,0,0,0,1,1,6,1,38,7,1598,2,3,9,1
2014236509914,2,9,0,4,0,0,0,0,0,0,2,1,6,1,62,9,1560,2,10,7,1
2014236509914,3,9,0,4,0,0,0,0,0,0,2,1,6,1,30,6,1995,2,2,5,1
2014236511814,1,9,0,11,0,0,0,0,0,0,2,1,6,2,24,5,998,1,1,5,1
2014236511814,2,19,0,18,0,0,0,0,0,0,1,1,6,1,-1,-1,-1,-1,-1,-1,-1
2014236512914,1,21,1,11,0,0,0,0,0,0,4,1,1,1,42,7,12130,2,9,7,1
2014236512914,2,9,0,18,0,0,0,0,0,0,3,1,6,2,33,6,1968,2,1,6,1
2014236515314,1,9,0,18,0,0,1,0,1,9,1,1,6,1,38,7,-1,-1,-1,1,1
2014239501014,1,9,0,18,0,0,1,0,4,6,4,1,6,1,53,8,998,1,15,3,1
2014239501014,2,21,1,18,0,0,0,0,0,0,3,1,1,1,49,8,12809,2,1,8,1
2014239509114,1,9,0,11,0,0,0,0,4,6,1,1,6,1,22,5,1995,2,2,9,1
201423M065199,1,9,0,12,0,0,1,0,5,6,1,1,6,2,26,6,1995,1,6,5,1
201423M065223,1,21,1,18,0,0,5,0,1,7,1,1,1,1,51,8,10518,2,2,-1,1
201423M065223,2,9,0,18,0,0,5,0,1,7,2,1,1,1,30,6,-1,-1,-1,10,1
201423M065228,1,9,0,16,0,0,0,4,1,7,1,1,1,1,41,7,1997,2,10,8,2
201423M065228,2,19,0,2,6,0,0,0,0,0,2,1,1,1,45,7,2500,2,6,-1,-1
201423M065231,1,21,0,12,0,0,0,0,0,0,1,1,1,1,60,9,11967,2,2,4,1
201423M065231,2,9,0,18,0,0,0,0,0,0,2,1,6,1,36,7,1497,1,10,6,1
201423M065339,1,9,0,4,0,0,1,7,4,6,1,1,6,1,31,6,1796,1,10,1,1
201423M065339,2,9,0,4,0,0,1,0,0,0,3,1,1,1,48,8,1995,2,10,9,1
201423M065341,1,19,0,18,0,7,0,0,0,0,3,1,6,3,-1,-1,-1,-1,-1,-1,-1
201423M065341,2,9,0,18,0,8,0,0,5,6,4,1,6,2,32,6,1124,1,15,2,1
201423M065342,1,9,0,18,0,7,0,0,5,7,3,1,6,3,-1,-1,2995,1,4,-1,-1
201423M065342,2,9,0,18,0,8,0,0,0,0,2,1,6,2,28,6,2143,2,5,3,1
201423M065388,1,9,0,18,0,0,1,0,5,6,1,1,6,1,33,6,1364,1,10,3,1
201423M065395,1,9,0,18,0,0,0,0,0,0,1,1,1,2,20,4,1248,2,5,-1,-1
201423M065395,2,9,0,3,0,0,0,0,0,0,2,1,2,1,45,7,1587,1,6,9,1
201423M065395,3,9,0,3,0,0,0,0,0,0,2,1,2,1,40,7,1685,2,1,-1,-1
201423M065426,1,9,0,18,0,0,1,0,0,0,1,1,6,2,18,4,1339,8,5,-1,1
201423M065426,2,9,0,3,0,0,0,0,0,0,2,1,6,1,36,7,1910,2,8,-1,1
201423M065473,1,9,0,18,0,0,0,0,0,0,1,1,6,1,27,6,1968,2,3,-1,-1
201423M065473,2,9,0,18,0,0,0,0,5,6,2,1,6,1,42,7,1896,2,7,7,3
201423M065493,1,9,0,18,0,0,0,0,5,6,1,1,2,2,31,6,1198,1,1,6,1
201423M065498,1,9,0,18,0,0,0,0,0,0,1,1,2,1,44,7,1796,1,7,-1,1
201423M065498,2,9,0,4,0,0,0,0,0,0,2,1,2,1,67,10,1984,1,5,3,1
201423M065498,3,9,0,4,0,0,0,0,0,0,2,1,2,1,50,8,1598,2,1,2,1
201423M065498,4,9,0,3,0,0,0,0,0,0,2,1,2,1,42,7,1968,2,4,10,1
201423M065594,1,8,0,18,0,0,0,0,0,0,1,1,1,1,53,8,2143,2,3,1,1
201423M065594,2,21,1,18,0,0,0,0,0,0,2,1,1,1,53,8,12900,2,4,7,1
201423M065638,1,9,0,15,0,2,0,0,0,0,1,1,6,1,23,5,1598,1,8,4,1
201423M065638,2,21,1,13,0,2,0,0,0,0,3,1,1,1,58,9,-1,-1,-1,5,2
201423M065802,1,21,1,12,0,0,0,0,0,0,1,1,1,1,59,9,-1,-1,-1,-1,-1
201423M065802,2,9,0,18,0,0,1,0,0,0,4,1,2,1,53,8,1753,2,5,8,1
201423M065803,1,9,0,18,0,0,0,0,0,0,0,1,6,2,38,7,1587,1,7,5,1
201423M065803,2,21,1,18,0,0,5,0,0,0,4,1,1,1,49,8,15607,2,7,-1,3
201423M065815,1,21,1,18,0,0,0,0,0,0,1,1,1,1,58,9,-1,-1,-1,-1,-1
201423M065815,2,19,0,4,0,0,0,0,0,0,2,1,1,1,27,6,2402,2,5,2,1