Accident_Index,Vehicle_Reference,Vehicle_Type,Towing_and_Articulation,Vehicle_Manoeuvre,Vehicle_Location-Restricted_Lane,Junction_Location,Skidding_and_Overturning,Hit_Object_in_Carriageway,Vehicle_Leaving_Carriageway,Hit_Object_off_Carriageway,1st_Point_of_Impact,Was_Vehicle_Left_Hand_Drive?,Journey_Purpose_of_Driver,Sex_of_Driver,Age_of_Driver,Age_Band_of_Driver,Engine_Capacity_(CC),Propulsion_Code,Age_of_Vehicle,Driver_IMD_Decile,Driver_Home_Area_Type
201423M065815,3,21,1,4,0,0,0,0,0,0,2,1,1,1,60,9,10518,2,5,6,2
201423M065822,1,21,4,5,0,0,0,0,0,0,1,1,1,1,58,9,-1,-1,-1,-1,-1
201423M065822,2,9,0,3,0,0,0,0,0,0,2,1,1,2,45,7,-1,-1,-1,-1,-1
201423M065864,1,9,0,18,0,0,1,0,5,6,3,1,6,1,21,5,1242,1,14,6,3
201423M065898,1,9,0,4,0,0,1,0,1,7,1,1,6,2,30,6,1796,1,13,1,1
201423M065899,1,9,0,18,0,0,0,0,0,0,1,1,1,1,35,6,-1,-1,-1,8,2
201423M065899,2,9,0,4,0,0,0,0,0,0,2,1,1,1,20,4,-1,-1,-1,8,1
201423M065899,3,9,0,4,0,0,0,0,0,0,2,1,1,1,52,8,1995,2,3,-1,-1
201423M065914,1,10,0,18,0,0,1,0,4,6,3,1,1,2,51,8,-1,-1,-1,8,1
201423M065914,2,19,0,18,0,0,0,0,0,6,3,1,1,1,22,5,1968,2,3,1,1
201423M065942,1,9,0,18,0,0,1,0,5,6,3,1,6,1,26,6,1598,1,5,2,1
201423M065942,2,21,1,18,0,0,0,0,0,0,3,1,1,1,55,8,-1,-1,-1,-1,-1
201423M065970,1,9,0,18,0,0,1,0,0,0,1,1,2,2,20,4,-1,-1,-1,5,1
201423M065970,2,90,0,18,0,0,1,0,0,0,2,1,2,1,42,7,-1,-1,-1,2,1
201423M065970,3,9,0,18,0,0,1,0,0,0,2,1,2,2,52,8,1461,2,8,10,1
201423M065970,4,9,0,18,0,0,1,0,0,0,2,1,2,1,47,8,2979,1,12,-1,1
201423M065970,5,9,0,4,0,0,0,0,0,0,2,1,6,1,40,7,-1,-1,-1,-1,-1
201423M065987,1,9,0,4,0,0,1,0,0,0,1,1,1,1,23,5,-1,-1,-1,10,2
201423M065987,2,9,0,18,0,0,0,0,0,0,2,1,1,1,69,10,1560,2,5,10,1
201423M065987,3,9,0,18,0,0,1,0,0,0,1,1,1,1,31,6,-1,-1,-1,5,1
201423M065987,4,9,0,18,0,0,1,0,0,0,1,1,1,1,43,7,1956,2,3,2,1
201423M065987,5,9,0,18,0,0,1,0,0,0,1,1,1,1,24,5,-1,-1,-1,10,3
201423M065987,6,9,0,4,0,0,1,0,0,0,1,1,1,1,43,7,2179,2,-1,-1,-1
201423M066009,1,4,0,18,0,0,0,11,1,9,3,1,6,1,19,4,398,1,13,9,3
201423M066010,1,9,0,18,0,0,0,0,0,0,1,1,6,1,85,11,1399,2,11,6,1
201423M066010,2,19,0,18,0,0,0,0,0,0,2,1,1,1,26,6,2198,2,3,8,1
201423M066010,3,9,0,18,0,0,0,0,0,0,2,1,1,1,37,7,1598,2,2,10,1
201423M066014,1,8,0,18,0,0,2,0,7,7,4,1,1,1,36,7,2664,2,13,2,1
201423M066040,1,21,1,12,0,0,0,0,0,0,3,1,1,1,30,6,-1,-1,-1,-1,-1
201423M066040,2,9,0,13,0,0,0,0,0,0,4,1,6,2,37,7,1989,1,14,3,1
201423M066045,1,9,0,18,0,0,1,0,0,0,3,1,6,1,39,7,1995,2,2,8,1
201423M066045,2,9,0,18,0,0,1,0,0,0,2,1,6,1,36,7,1994,2,11,3,1
201423M066045,3,21,1,18,0,0,0,0,0,0,2,1,1,1,44,7,12777,2,3,4,1
201423M066049,1,9,0,18,0,0,0,0,4,6,1,1,6,1,33,6,1560,2,8,2,1
201423M066052,1,21,0,18,0,0,0,0,0,0,1,1,1,1,42,7,4461,2,6,-1,-1
201423M066052,2,21,0,4,0,0,0,0,0,0,2,1,1,1,52,8,-1,-1,-1,1,1
201423M066054,1,9,0,18,0,0,2,0,2,0,1,1,6,1,29,6,-1,-1,-1,1,1
201423M066055,1,21,1,18,0,8,1,0,0,0,1,1,1,1,50,8,12902,2,1,7,1
201423M066055,2,19,0,18,0,7,1,0,1,7,2,1,1,1,42,7,2299,2,2,4,1
201423M066077,1,19,0,4,0,0,1,0,0,0,1,1,6,1,65,9,1686,2,10,2,1
201423M066077,2,9,0,3,0,0,1,0,0,0,2,1,6,2,54,8,1240,1,4,9,2
201423M066077,3,9,0,3,0,0,0,0,0,0,2,1,6,2,47,8,1587,1,6,2,1
201423M066086,1,9,0,18,0,0,0,0,0,0,1,1,6,1,28,6,1343,1,12,4,2
201423M066086,2,19,0,4,0,0,0,0,0,0,2,1,6,1,26,6,2148,2,8,4,1
201423M066086,3,9,0,4,0,0,0,0,0,0,2,1,6,2,27,6,1197,1,1,4,1
201423M066086,4,9,0,4,0,0,0,0,0,0,2,1,6,1,36,7,1995,2,8,8,3
201423M066086,5,9,0,4,0,0,0,0,0,0,2,1,6,1,47,8,3199,1,7,8,1
201423M066086,6,9,0,4,0,0,0,0,0,0,2,1,6,1,32,6,1588,1,10,-1,-1
201423M066086,7,9,0,4,0,0,0,0,0,0,2,1,6,1,55,8,1461,2,-1,6,1
201423M066117,1,21,4,18,0,0,5,0,5,6,1,1,1,1,54,8,10518,2,5,4,1
201423M066142,1,9,0,18,0,0,0,0,1,10,1,1,6,1,22,5,1242,1,8,2,1
201423M066212,1,21,1,12,0,0,0,0,0,0,3,1,1,1,42,7,-1,-1,-1,-1,-1
201423M066212,2,9,0,13,0,0,0,0,4,6,4,1,6,1,51,8,1769,2,19,-1,1
201423M066237,1,9,0,2,0,0,0,0,0,0,0,1,6,1,37,7,2180,2,17,-1,-1
201423M066237,2,21,1,2,0,0,0,0,0,0,2,1,1,1,34,6,-1,-1,-1,6,1
201423M066237,3,21,1,18,0,0,0,4,0,0,4,1,1,1,57,9,-1,-1,-1,-1,1
201423M066259,1,9,0,18,0,0,0,0,5,6,1,1,6,1,28,6,973,1,13,6,3
201423M066259,2,21,1,18,0,0,0,0,0,0,3,1,1,1,51,8,12777,2,3,6,1
201423M066259,3,19,0,18,0,0,0,0,0,0,1,1,1,1,34,6,1560,2,3,2,1
201423M066263,1,9,0,18,0,0,0,0,0,0,1,1,6,2,36,7,-1,-1,-1,-1,-1
201423M066263,2,9,0,4,0,0,0,0,0,0,2,1,6,1,60,9,1910,2,10,1,1
201423M066332,1,20,0,18,0,0,0,0,0,0,1,1,1,1,48,8,2400,2,13,2,1
201423M066332,2,21,1,18,0,0,0,0,0,0,2,1,1,1,53,8,12419,2,2,-1,1
201423M066341,1,9,0,18,0,0,1,0,0,0,1,1,6,1,32,6,1895,1,15,1,1
201423M066341,2,9,0,4,0,0,0,0,0,0,2,1,1,2,42,7,1560,2,2,3,1
201423M066373,1,21,1,18,0,0,2,0,6,10,1,1,1,1,46,8,10837,2,3,-1,2
201423M066478,1,9,0,18,0,0,5,0,0,0,3,1,6,1,21,5,1199,1,9,1,1
201423M066515,1,9,0,13,0,0,0,0,1,9,1,1,6,1,37,7,1396,1,-1,-1,1
201423M066515,2,21,1,18,0,0,0,0,0,0,2,1,1,1,43,7,12740,2,1,-1,-1
201423M066515,3,21,1,18,0,0,0,4,0,0,1,1,1,1,40,7,11705,2,6,2,1
201423M066540,1,9,0,18,0,0,1,0,4,6,3,1,6,2,20,4,1461,2,9,10,1
201423M066556,1,9,0,18,0,0,0,0,7,6,1,1,6,2,30,6,1783,1,10,4,1
201423M066577,1,9,0,18,0,0,0,0,0,0,1,1,6,1,57,9,2143,2,1,10,1
201423M066577,2,9,0,18,0,0,0,0,0,0,2,1,6,1,46,8,1896,2,8,-1,-1
201423M066585,1,9,0,18,0,0,0,0,0,0,1,1,6,1,29,6,1364,1,5,2,1
201423M066585,2,9,0,18,0,0,0,0,0,0,2,1,6,2,28,6,1749,1,11,1,1
201423M066586,1,21,1,11,0,0,0,0,0,0,4,1,1,1,67,10,12900,2,2,6,3
201423M066586,2,9,0,18,0,0,5,0,5,6,3,1,6,2,56,9,1242,1,3,6,1
201423M066589,1,9,0,18,0,0,0,0,0,0,1,1,2,2,22,5,1198,1,2,5,2
201423M066589,2,9,0,4,0,0,0,0,0,0,2,1,2,2,22,5,1686,2,-1,10,1
201423M066589,3,19,0,4,0,0,0,0,0,0,2,1,2,1,38,7,-1,-1,-1,4,1
201423M066612,1,21,1,12,0,0,0,0,0,0,3,1,1,1,39,7,12740,2,2,8,1
201423M066612,2,9,0,14,0,0,0,0,0,0,4,1,1,1,39,7,1598,2,2,7,1
201423M066620,1,21,1,12,0,0,0,0,0,0,3,1,1,1,33,6,-1,-1,-1,-1,-1
201423M066620,2,19,0,18,0,0,2,0,1,9,1,1,1,1,53,8,2198,2,1,4,1
201423M066620,3,9,0,18,0,0,0,0,0,0,4,1,6,1,40,7,2148,2,8,-1,1
201423M066644,1,9,0,18,0,0,0,0,0,0,4,1,2,2,23,5,1560,2,5,5,1
201423M066644,2,9,0,18,0,0,0,0,0,0,3,1,6,1,38,7,1995,2,4,7,1
201423M066644,3,19,0,18,0,0,5,0,1,9,1,1,6,1,53,8,1461,2,3,5,1
201423M066685,1,9,0,18,0,0,1,0,0,0,1,1,6,1,27,6,1229,1,3,5,1
201423M066685,2,21,0,12,0,0,0,0,0,0,2,1,1,2,46,8,11705,2,2,-1,1
201423M066685,3,9,0,18,0,0,5,0,0,0,2,1,6,2,54,8,1242,1,3,9,1
201423M066703,1,9,0,18,0,0,0,0,0,0,1,1,6,2,21,5,1586,1,11,-1,-1
201423M066703,2,9,0,18,0,0,0,0,0,0,1,1,6,2,20,4,1390,1,1,10,1
201423M066703,3,9,0,4,0,0,0,0,0,0,2,1,6,1,57,9,2143,2,1,5,1
201423M066708,1,9,0,11,0,0,2,0,1,4,1,1,6,1,23,5,1995,2,2,3,1
201423M066734,1,9,0,11,0,0,0,0,0,0,4,1,6,3,-1,-1,-1,-1,-1,-1,-1
201423M066734,2,19,0,18,0,0,0,0,0,0,3,1,1,1,50,8,1598,2,6,9,1
201423M066734,3,21,1,18,0,0,0,0,0,0,3,1,1,1,60,9,12130,2,11,7,3
201423M066757,1,9,0,18,0,0,1,0,6,6,1,1,6,1,32,6,1753,2,8,4,1
201423M066757,2,9,0,18,0,0,1,0,1,7,2,1,6,1,53,8,1589,1,18,-1,-1
201423M066794,1,9,0,18,0,0,0,0,1,4,3,1,6,1,25,5,2231,2,7,-1,1
201423M066799,1,21,1,12,0,0,1,0,0,0,1,1,1,1,59,9,12809,2,1,3,1
201423M066799,2,9,0,18,0,0,2,0,1,9,2,1,1,2,39,7,1560,2,-1,6,1
201423M066799,3,9,0,18,0,0,0,0,0,0,2,1,1,2,47,8,-1,-1,-1,9,3
201423M066837,1,90,0,18,0,0,5,0,1,4,1,1,6,1,65,9,2287,2,1,6,1
201423M066847,1,19,0,18,0,0,0,0,0,0,2,1,1,1,42,7,1995,2,1,7,1
201423M066847,2,9,0,3,0,0,0,0,0,0,2,1,2,1,53,8,2493,8,1,4,1
201423M066847,3,9,0,3,0,0,0,0,0,0,2,1,2,1,41,7,1997,2,3,8,3
201423M066847,4,9,0,3,0,0,0,0,0,0,2,1,2,1,63,9,1560,2,2,10,2
201423M066859,1,9,0,18,0,0,0,0,1,7,1,1,2,1,21,5,1242,1,4,1,1
201423M066878,1,9,0,18,0,0,0,0,0,0,1,1,2,2,25,5,1242,1,7,1,1
201423M066878,2,21,1,18,0,0,0,0,0,0,3,1,1,1,47,8,10518,2,6,4,1
201423M066887,1,9,0,13,0,0,0,0,0,0,4,1,1,1,64,9,1968,2,-1,6,1
201423M066887,2,9,0,18,0,0,0,0,0,0,3,1,6,2,48,8,1596,1,3,8,1
201423M066920,1,9,0,12,0,0,2,0,1,7,3,1,6,2,22,5,1198,1,12,10,2
201423M066920,2,9,0,18,0,0,1,0,0,0,4,1,6,1,26,6,1198,1,6,2,1
201423M066927,1,9,0,18,0,0,0,0,5,6,1,1,6,1,21,5,1198,1,2,5,2
201423M066934,1,19,0,4,0,0,0,0,0,0,1,1,2,1,48,8,1560,2,-1,-1,-1
201423M066934,2,9,0,4,0,0,0,0,0,0,2,1,2,2,42,7,1560,2,7,1,1
201423M400160,1,19,0,18,0,0,0,0,2,1,1,1,1,1,22,5,2143,2,1,5,1
201423M400167,1,21,1,18,0,0,0,0,0,0,1,1,1,1,51,8,12740,2,3,2,1
201423M400167,2,21,1,3,0,0,0,0,0,0,2,1,1,1,43,7,-1,-1,-1,-1,-1
201423M400167,3,21,1,3,0,0,0,0,0,0,2,1,1,1,63,9,10308,2,4,-1,-1
201423M400184,1,9,0,18,0,0,0,0,0,7,2,1,6,1,47,8,1586,1,11,2,1
201423M400184,2,9,0,18,0,0,0,0,4,6,2,1,6,1,33,6,1989,1,15,2,1
201423M400184,3,21,1,18,0,0,0,0,0,0,1,1,1,1,52,8,15607,2,10,3,1
201423M400205,1,19,0,18,0,0,0,0,1,0,1,1,1,1,30,6,1997,2,12,-1,1
201423M400205,2,19,0,18,0,0,0,0,0,0,2,1,1,1,23,5,1248,2,2,9,1
201423M400327,1,19,0,18,0,0,0,0,0,0,1,1,1,1,28,6,2143,2,2,4,1
201423M400327,2,9,0,4,0,0,0,0,0,0,2,1,6,1,73,10,3199,1,12,-1,-1
201423M400327,3,9,0,4,0,0,0,0,0,0,2,1,2,1,36,7,1390,1,1,2,1
201423M400327,4,9,0,4,0,0,0,0,0,0,2,1,2,1,50,8,1598,2,2,9,3
201423M400330,1,21,0,11,0,0,0,0,0,0,1,1,1,1,62,9,12419,2,2,6,3
201423M400330,2,9,0,18,0,0,0,0,4,6,2,1,6,1,25,5,1198,1,3,7,1
201423M400330,3,9,0,12,0,0,0,1,0,0,1,1,1,1,66,10,1995,1,7,5,1
201423M400344,1,9,0,18,0,0,0,4,0,0,1,1,2,1,30,6,1995,2,2,8,2
201423M400344,2,21,0,2,0,0,0,0,0,0,2,1,1,1,61,9,5900,2,12,1,1
201423M400384,1,9,0,18,0,0,1,0,1,7,1,1,6,2,21,5,1299,1,6,-1,-1
201423M400393,1,9,0,18,0,0,5,0,2,10,1,1,6,1,28,6,998,1,2,4,1
201423M400395,1,19,0,13,0,0,0,0,0,0,4,1,1,1,40,7,2143,2,1,2,1
201423M400395,2,9,0,18,0,0,5,0,1,7,3,1,2,1,41,7,1397,1,12,8,2
201423M400432,1,9,0,18,0,0,0,0,0,0,1,1,6,2,52,8,1796,1,11,-1,-1
201423M400432,2,9,0,3,0,0,0,0,0,0,2,1,6,2,47,8,1596,1,3,6,1
201423M400432,3,9,0,3,0,0,0,0,0,0,2,1,6,1,45,7,1796,1,11,-1,1
201423M400432,4,9,0,3,0,0,0,0,0,0,2,1,6,1,38,7,1229,1,1,-1,-1
201423M400433,1,9,0,18,0,0,0,0,1,0,1,1,6,1,51,8,1119,1,13,1,1
201423M400450,1,19,0,18,0,1,1,0,0,0,1,1,1,1,38,7,2299,2,1,2,1
201423M400450,2,9,0,3,0,1,0,0,0,0,2,1,6,2,23,5,1995,2,-1,5,3
201423M400450,3,9,0,3,0,1,0,0,0,0,2,1,6,1,43,7,1896,2,11,8,1
201423M400479,1,9,0,18,0,0,0,0,0,0,1,1,6,2,31,6,1149,1,8,9,1
201423M400479,2,9,0,18,0,0,0,0,0,0,2,1,6,2,55,8,1995,2,4,8,1
201423M400523,1,9,0,18,0,0,0,0,0,0,1,1,1,1,40,7,1997,2,6,-1,-1
201423M400523,2,9,0,4,0,0,0,0,0,0,2,1,6,1,28,6,1596,1,8,2,2
201423M400523,3,9,0,3,0,0,0,0,0,0,3,1,6,1,50,8,-1,-1,-1,10,1
201423M400599,1,9,0,18,0,0,0,0,1,0,1,1,1,1,26,6,1240,1,9,1,1
201423M400599,2,9,0,18,0,0,0,0,1,0,3,1,6,1,67,10,1794,1,7,5,1
201423M400599,3,9,0,18,0,0,0,0,4,6,3,1,1,1,45,7,2179,2,2,-1,-1
201423M400613,1,9,0,18,0,0,1,0,5,10,1,1,6,1,20,4,1968,2,7,7,1
201423M400698,1,9,0,18,0,8,0,0,8,6,1,1,1,1,25,5,1997,2,2,-1,-1
201423M400715,1,9,0,18,0,0,0,0,5,6,3,1,6,1,38,7,2776,2,10,3,1
201423M400729,1,8,0,18,0,0,0,0,0,0,1,1,1,1,65,9,2460,2,6,3,1
201423M400729,2,9,0,18,0,0,0,0,1,1,2,1,6,1,24,5,1199,1,13,1,1
201423M400735,1,5,0,18,0,5,1,0,7,1,1,1,6,1,57,9,1649,1,1,-1,3
201423M400786,1,9,0,18,0,0,1,0,4,0,4,1,6,2,50,8,1242,1,5,3,1
201423M400786,2,21,1,18,0,0,0,0,0,0,3,1,1,1,55,8,11967,2,1,8,1
201423M400797,1,9,0,18,0,0,0,0,0,0,4,1,6,1,23,5,1598,2,2,10,1
201423M400797,2,9,0,18,0,0,2,0,0,0,2,1,6,1,43,7,-1,-1,-1,10,1
201423M400810,1,9,0,18,0,0,0,0,5,6,1,1,6,1,32,6,1364,1,7,5,1
201423M400810,2,9,0,18,0,0,0,0,0,0,1,1,6,1,38,7,1560,2,-1,-1,-1
201423M400814,1,9,0,18,0,0,0,0,2,4,1,1,6,2,56,9,1198,1,7,10,3
201423M400814,2,21,1,18,0,0,0,0,0,0,1,1,1,1,46,8,-1,-1,-1,-1,-1
201423M400814,3,21,1,18,0,0,0,0,0,0,4,1,1,1,62,9,12900,2,6,8,3
201423M400844,1,9,0,18,0,7,0,0,0,0,1,1,1,1,25,5,1598,1,5,9,2
201423M400844,2,9,0,4,0,7,0,0,0,0,2,1,6,2,46,8,-1,-1,-1,2,1
201423M400851,1,9,0,18,0,0,0,0,0,0,1,1,6,1,21,5,1248,1,-1,7,1
201423M400851,2,9,0,4,0,0,0,0,0,0,2,1,6,1,49,8,1598,1,8,6,2
201423M400880,1,21,1,18,0,0,0,0,0,0,1,1,1,1,58,9,-1,-1,-1,-1,-1
201423M400880,2,9,0,3,0,0,0,0,0,0,2,1,6,2,21,5,1997,2,11,-1,-1
201423M400880,3,9,0,3,0,0,0,0,0,0,2,1,6,2,29,6,1360,1,12,3,1
201423M400928,1,9,0,18,0,1,2,0,1,1,1,1,6,1,25,5,-1,-1,-1,4,1
201423M400957,1,9,0,12,0,7,0,0,0,0,0,1,6,1,36,7,1339,1,10,1,1
201423M400957,2,9,0,18,0,7,1,0,7,7,1,1,6,1,32,6,1598,1,-1,10,1
201423M400966,1,9,0,12,0,0,1,0,5,6,1,1,6,1,33,6,2148,2,13,4,1
201423M400966,2,19,0,18,0,0,0,0,1,7,1,1,6,2,34,6,-1,-1,-1,10,1
201423M401027,1,9,0,5,0,6,0,0,0,0,1,1,2,1,35,6,1390,1,13,6,1
201423M401027,2,9,0,4,0,1,0,0,0,0,2,1,2,1,25,5,1984,1,11,9,3
201423M401072,1,21,1,18,0,0,0,0,0,0,1,1,1,1,31,6,12777,2,8,2,1
201423M401072,2,9,0,4,0,0,0,0,0,0,1,1,6,1,43,7,2295,1,13,8,1
201423M401072,3,9,0,4,0,0,0,0,0,0,2,1,6,1,35,6,1997,1,7,-1,-1
201423M401072,4,19,0,3,0,0,0,0,0,0,2,1,6,1,32,6,2148,2,5,-1,-1
201423M401072,5,9,0,3,0,0,0,0,0,0,2,1,6,1,55,8,1998,2,-1,9,1
201423M401146,1,9,0,4,0,7,0,0,0,0,0,1,6,3,-1,-1,-1,-1,-1,-1,-1
201423M401146,2,9,0,18,0,7,0,0,0,0,1,1,6,2,30,6,2996,1,7,8,1
201423M401146,3,9,0,18,0,7,0,0,0,0,2,1,6,1,33,6,2148,2,6,7,1
201423M401173,1,9,0,12,0,0,0,0,0,0,0,1,6,3,-1,-1,-1,-1,-1,-1,-1
201423M401173,2,9,0,18,0,0,5,0,1,10,4,1,6,1,20,4,1360,1,11,1,1
201423M401259,1,9,0,18,0,0,0,0,2,10,1,1,6,1,35,6,1560,2,-1,1,1
201423M401271,1,19,0,18,0,0,0,0,0,0,1,1,1,1,31,6,2500,2,5,6,1
201423M401271,2,9,0,3,0,0,0,0,0,0,2,1,6,2,41,7,2967,2,4,10,1
201423M401288,1,9,0,18,0,0,1,0,1,0,1,1,1,2,30,6,1368,1,-1,6,3
201423M401288,2,9,0,18,0,0,0,0,1,0,2,1,6,1,58,9,1587,1,11,1,1
201423M401346,1,9,0,18,0,0,0,0,0,0,1,1,2,1,38,7,2967,2,5,7,1
201423M401346,2,9,0,18,0,0,0,0,0,0,1,1,1,1,36,7,1560,2,-1,-1,1
201423M401346,3,9,0,18,0,0,0,0,0,0,1,1,1,1,22,5,1984,1,5,10,1
201423M401346,4,9,0,18,0,0,0,0,0,0,1,1,2,1,27,6,998,1,14,1,1
201423M401346,5,9,0,18,0,0,0,0,0,0,1,1,1,1,23,5,1388,1,5,10,1
201423M401346,6,9,0,18,0,0,0,0,0,0,2,1,2,1,56,9,2171,7,12,5,1
201423M401346,7,19,0,18,0,0,0,0,0,0,0,1,6,3,-1,-1,-1,-1,-1,-1,-1
201423M401399,1,9,0,18,0,0,0,0,0,0,1,1,2,2,19,4,998,1,1,7,1
201423M401399,2,9,0,4,0,0,0,0,0,0,2,1,2,1,40,7,1997,2,4,-1,-1
201423M401434,1,9,0,18,0,0,0,0,0,0,1,1,6,1,62,9,2148,2,8,6,1
201423M401434,2,19,0,4,0,0,0,0,0,0,2,1,1,1,30,6,-1,-1,-1,-1,-1
201423M401477,1,9,0,18,0,0,2,0,0,0,1,1,2,2,24,5,1299,1,12,4,1
201423M401477,2,9,0,11,0,0,0,0,0,0,2,1,2,2,39,7,1242,1,1,9,1
201423M420141,1,9,0,18,0,0,1,1,0,0,1,1,2,1,55,8,4196,1,12,1,1
201423M420141,2,9,0,18,0,0,0,0,0,0,2,1,2,2,48,8,1995,2,5,10,1
201423M420141,3,19,0,18,0,0,1,1,0,0,1,1,1,2,42,7,-1,-1,-1,1,1
201423M420141,4,9,0,18,0,0,1,1,0,0,1,1,2,1,40,7,1598,2,2,9,2
201423M420141,5,19,0,18,0,0,0,0,0,0,2,1,2,1,33,6,1968,2,1,3,1
201423M420141,6,9,0,18,0,0,1,0,5,6,3,1,2,1,44,7,1984,1,5,3,1
201423M420383,1,9,0,18,0,0,1,0,2,0,2,1,2,1,46,8,1560,2,4,10,1
201423M420604,1,9,0,18,0,0,2,0,0,0,3,1,6,1,49,8,1397,1,13,2,1
201423M420638,1,21,1,12,0,0,0,0,0,0,3,1,1,3,-1,-1,-1,-1,-1,-1,-1
201423M420638,2,9,0,18,0,0,1,0,0,0,4,1,6,2,72,10,1329,1,4,8,3
201423M420638,3,21,0,18,0,0,1,0,0,0,1,1,1,1,36,7,11946,2,3,7,1
201423M420775,1,9,0,18,0,0,0,0,0,0,2,1,6,1,77,11,1590,1,22,10,1
201423M420775,2,9,0,18,0,0,1,4,0,0,1,1,6,1,54,8,1796,1,13,5,1
201423M420775,3,9,0,18,0,0,1,0,0,0,1,1,6,1,39,7,-1,-1,-1,-1,1
201423M420929,1,5,0,18,0,0,0,0,0,0,3,1,6,1,56,9,998,1,6,-1,-1
201423M421088,1,19,0,18,0,0,2,0,5,6,1,1,1,1,39,7,-1,-1,-1,9,1
201423M421287,1,9,0,11,0,0,1,0,0,0,1,1,6,1,60,9,1896,2,13,8,1
201423M421287,2,9,0,18,0,0,0,0,0,0,4,1,6,2,25,5,1360,1,10,4,1
201423M421289,1,19,0,18,0,0,5,0,1,1,4,1,1,1,28,6,1398,2,6,-1,3
201423M421403,1,19,0,18,0,7,0,0,0,0,1,1,1,1,34,6,1995,2,1,3,1
201423M421403,2,9,0,4,0,7,0,0,0,0,2,1,6,2,48,8,1461,2,1,1,1
201423M425171,1,9,0,13,0,7,0,0,0,0,4,1,6,2,30,6,1229,1,6,-1,-1
201423M425171,2,9,0,18,0,7,0,0,0,0,3,1,6,1,46,8,1896,2,11,9,1
201423M425264,1,10,0,18,0,0,2,0,5,6,1,1,1,1,37,7,2496,2,14,-1,-1
201423M425390,1,21,0,18,0,0,0,0,1,7,1,1,1,1,40,7,-1,-1,-1,4,1
201423M425390,2,21,1,3,0,0,0,0,0,0,2,1,1,1,44,7,10837,2,2,3,1
201423M425390,3,9,0,3,0,0,0,0,0,0,2,1,6,2,50,8,1896,2,9,-1,-1
201423M425390,4,9,0,3,0,0,0,0,0,0,2,1,1,1,74,10,2199,2,2,6,1
201423M425390,5,9,0,3,0,0,0,0,0,0,2,1,1,1,60,9,1242,1,-1,1,1
201423M425479,1,9,0,18,0,0,1,0,0,0,1,1,6,2,57,9,1389,1,9,5,1
201423M425479,2,19,0,3,0,0,0,0,0,0,2,1,1,2,37,7,1598,2,-1,8,1
201423M425479,3,9,0,3,0,0,0,0,0,0,2,1,6,2,60,9,1995,2,9,8,1
201423M425479,4,9,0,3,0,0,0,0,0,0,2,1,6,1,23,5,1499,2,1,6,3
201423M425479,5,9,0,3,0,0,0,0,0,0,2,1,6,1,68,10,1598,1,12,8,1
201423M425612,1,21,0,11,0,0,0,0,0,0,4,1,1,1,23,5,11021,2,10,6,1
201423M425612,2,9,0,18,0,0,1,0,2,7,3,1,6,1,46,8,1598,1,10,7,1
201423M425736,1,9,0,18,0,0,0,0,0,0,1,1,6,1,27,6,1560,2,5,1,1
201423M425736,2,9,0,18,0,0,5,0,2,9,2,1,6,2,35,6,1493,1,14,9,2
201423M425768,1,21,1,18,0,8,0,0,0,0,1,1,1,1,-1,-1,12130,2,11,-1,-1
201423M425768,2,9,0,18,0,7,0,0,0,0,2,1,2,2,27,6,2204,2,7,7,1
201423M425839,1,9,0,18,0,0,1,0,0,0,1,1,6,1,19,4,1399,2,10,-1,-1
201423M425839,2,19,0,18,0,0,1,0,0,0,1,1,1,1,62,9,2151,2,11,8,1
201423M425839,3,9,0,18,0,0,1,0,0,0,1,1,2,1,49,8,2172,2,11,3,2
201423M425839,4,19,0,18,0,0,1,0,0,0,1,1,2,1,28,6,2198,2,4,-1,2
201423M425839,5,9,0,18,0,0,1,0,0,0,1,1,6,1,38,7,1956,2,4,6,1
201423M425839,6,19,0,18,0,0,1,0,0,0,1,1,2,1,59,9,1753,2,4,2,1
201423M425839,7,9,0,18,0,0,1,0,0,0,1,1,6,2,23,5,1242,1,4,7,1
201423M425839,8,9,0,4,0,0,0,0,0,0,2,1,6,2,38,7,899,1,-1,10,1
201423M425883,1,9,0,4,0,0,1,0,0,0,1,1,1,1,53,8,1968,2,5,-1,-1
201423M425883,2,9,0,4,0,0,5,0,0,0,2,1,1,1,50,8,2477,2,14,7,1
201423M425883,3,9,0,4,0,0,0,0,0,0,2,1,1,1,46,8,1968,2,5,7,3
201423M425939,1,9,0,18,0,0,1,0,1,10,1,1,6,1,35,6,1598,1,5,1,1
201423M426015,1,9,0,5,0,2,0,0,0,0,3,1,2,2,24,5,1360,1,6,9,1
201423M426015,2,9,0,7,0,3,0,0,0,0,4,1,6,1,45,7,2148,2,6,-1,-1