Accident_Index,Vehicle_Reference,Vehicle_Type,Towing_and_Articulation,Vehicle_Manoeuvre,Vehicle_Location-Restricted_Lane,Junction_Location,Skidding_and_Overturning,Hit_Object_in_Carriageway,Vehicle_Leaving_Carriageway,Hit_Object_off_Carriageway,1st_Point_of_Impact,Was_Vehicle_Left_Hand_Drive?,Journey_Purpose_of_Driver,Sex_of_Driver,Age_of_Driver,Age_Band_of_Driver,Engine_Capacity_(CC),Propulsion_Code,Age_of_Vehicle,Driver_IMD_Decile,Driver_Home_Area_Type
201423M426135,1,9,0,18,0,0,0,0,5,6,1,1,6,1,28,6,1586,1,9,1,1
201423M426135,2,19,0,18,0,0,0,0,0,0,1,1,6,1,57,9,2299,2,17,3,1
201423M426135,3,9,0,18,0,0,0,0,0,0,2,1,6,2,40,7,-1,-1,-1,-1,-1
201423M426170,1,9,0,18,0,0,0,0,0,0,1,1,6,1,27,6,3628,2,7,5,1
201423M426170,2,21,4,18,0,0,0,0,0,0,2,1,1,1,54,8,4580,2,3,3,1
201423M426201,1,9,0,18,0,8,1,0,0,0,1,1,6,1,61,9,2495,2,17,3,1
201423M426201,2,9,0,11,0,8,0,0,0,0,2,1,6,1,27,6,1896,2,13,2,1
201423M426209,1,9,0,18,0,4,0,0,0,0,1,1,6,3,-1,-1,-1,-1,-1,-1,-1
201423M426209,2,9,0,18,0,8,0,0,0,0,4,1,6,1,53,8,1560,2,-1,-1,1
201423M426272,1,9,0,18,0,0,0,0,0,0,1,1,1,1,36,7,1998,2,11,4,2
201423M426272,2,9,0,4,0,0,0,0,0,0,2,1,1,1,33,6,-1,-1,-1,3,1
201423M426272,3,9,0,4,0,0,0,0,0,0,2,1,1,1,44,7,998,1,-1,9,2
201423M426343,1,21,1,12,0,0,0,0,0,0,3,1,1,1,45,7,-1,-1,-1,-1,-1
201423M426343,2,9,0,18,0,0,0,0,0,0,4,1,1,1,20,4,2148,2,10,-1,-1
201423M426412,1,9,0,18,0,0,0,0,7,6,1,1,1,1,45,7,2143,2,-1,-1,1
201423M426412,2,9,0,18,0,0,0,0,5,6,1,1,1,2,22,5,1598,1,7,4,1
201423M426466,1,9,0,18,0,0,0,0,0,0,1,1,2,1,42,7,-1,-1,-1,3,1
201423M426466,2,9,0,4,0,0,0,0,0,0,3,1,1,1,57,9,1956,2,-1,10,3
201423M426529,1,21,1,18,0,0,0,0,0,0,0,1,1,1,39,7,10837,2,5,3,1
201423M426529,2,19,0,18,0,0,0,0,0,0,2,1,1,1,52,8,2198,2,6,8,1
201423M426529,3,20,4,18,0,0,0,0,0,0,1,1,1,1,66,10,12900,2,3,-1,-1
201423M426529,4,19,0,18,0,0,0,0,0,0,1,1,1,1,58,9,4461,2,6,10,1
201423M426531,1,9,0,12,0,1,0,0,2,7,2,1,6,2,54,8,1329,1,2,3,1
201423M426531,2,9,0,18,0,1,0,0,0,0,1,1,1,1,35,6,1598,2,2,9,2
201423M426547,1,9,0,18,0,0,1,0,0,0,1,1,6,1,37,7,2457,1,9,9,1
201423M426547,2,9,0,3,0,0,0,0,0,0,2,1,6,1,69,10,2179,2,4,-1,-1
201423M426587,1,9,0,18,0,0,0,0,0,0,1,1,2,2,25,5,1686,2,3,-1,1
201423M426587,2,9,0,18,0,0,0,0,0,0,2,1,6,1,51,8,1995,2,3,-1,-1
201423M426587,3,19,0,18,0,0,0,0,0,0,1,1,1,1,24,5,2198,2,-1,7,1
201423M426587,4,9,0,18,0,0,0,0,0,0,1,1,6,3,30,6,-1,-1,-1,-1,-1
201423M426662,1,21,1,18,0,0,0,0,0,0,1,1,1,1,42,7,10518,2,5,-1,1
201423M426662,2,9,0,18,0,0,0,0,0,0,2,1,6,1,40,7,1396,1,-1,2,1
201423M426662,3,9,0,13,0,0,0,0,4,0,1,1,1,1,44,7,1995,2,-1,10,1
201423M426672,1,9,0,12,0,0,1,0,0,0,1,1,6,2,38,7,1896,2,6,6,1
201423M426672,2,9,0,18,0,0,5,0,2,7,2,1,6,1,47,8,1248,1,5,1,1
201423M426766,1,9,0,18,0,0,0,0,0,0,1,1,6,1,34,6,1587,1,7,2,1
201423M426766,2,9,0,18,0,0,0,0,0,0,1,1,6,1,32,6,1956,2,2,-1,-1
201423M426766,3,9,0,18,0,0,0,0,0,0,2,1,6,1,44,7,1968,2,3,9,1
201423M426836,1,21,1,18,0,0,0,0,0,0,4,1,1,1,34,6,-1,-1,-1,-1,-1
201423M426836,2,9,0,18,0,0,5,0,0,0,2,1,6,2,35,6,998,1,12,4,1
201423M426842,1,9,0,18,0,0,0,0,0,0,1,1,6,1,25,5,1560,2,-1,7,1
201423M426842,2,9,0,18,0,0,0,0,0,0,2,1,2,1,45,7,1598,1,10,1,1
201423M426852,1,9,0,18,0,0,0,0,1,10,1,1,1,1,41,7,1956,2,-1,5,1
201423M426852,2,21,1,18,0,0,0,0,0,0,2,1,1,1,22,5,11705,2,6,9,3
201423M426888,1,9,0,11,0,8,0,0,0,0,4,1,6,1,23,5,1598,1,-1,8,1
201423M426888,2,9,0,18,0,8,0,0,0,0,3,1,6,2,24,5,1587,1,10,2,1
201423M426926,1,9,0,18,0,0,2,0,5,6,1,1,6,2,22,5,998,1,1,5,1
201423M426926,2,9,0,18,0,0,0,0,0,0,2,1,2,1,50,8,1798,8,-1,-1,-1
201423M426948,1,9,0,18,0,0,0,0,5,6,1,1,6,1,32,6,2967,2,1,-1,1
201423M456102,1,9,0,5,0,4,0,0,0,0,1,1,6,1,42,7,1598,2,1,5,1
201423M456102,2,1,0,17,0,8,0,0,0,0,2,1,6,1,22,5,-1,-1,-1,-1,-1
201423M695490,1,9,0,18,0,0,0,0,5,6,1,1,6,1,32,6,1796,1,11,7,1
201423M695601,1,9,0,16,0,0,1,0,8,7,3,1,6,1,30,6,1796,1,12,5,1
201423M695601,2,19,0,16,0,0,0,0,0,0,1,1,2,1,24,5,1686,2,11,5,1
201423M695601,3,21,1,16,0,0,0,0,0,0,3,1,1,1,49,8,12900,2,2,6,3
201423M695925,1,9,0,18,0,0,2,0,1,7,2,1,6,1,24,5,1560,2,7,-1,1
201423M696230,1,9,0,16,0,0,1,0,2,7,1,1,6,1,31,6,998,1,10,2,1
201423M696919,1,9,0,12,0,2,0,0,1,10,3,1,6,1,44,7,-1,-1,-1,7,1
201423M696919,2,9,0,11,0,2,0,0,1,10,4,1,6,1,34,6,3311,8,6,1,1
201423MM69565,1,9,0,18,0,0,1,0,2,7,1,1,6,1,19,4,1995,2,10,1,1
201423N016187,1,9,0,18,0,1,1,0,1,2,3,1,2,2,38,7,1061,1,10,1,1
201423N016187,2,9,0,7,0,1,0,0,0,0,4,1,2,2,28,6,1242,1,5,5,1
201423N016187,3,9,0,3,0,1,0,0,0,0,3,1,2,2,57,9,1796,1,14,7,1
201423N016187,4,9,0,3,0,1,0,0,0,0,3,1,2,2,55,8,1397,1,6,4,1
201423N025144,1,9,0,18,0,2,0,0,0,0,1,1,6,2,61,9,2179,2,13,7,1
201423N025145,1,9,0,18,0,8,0,4,1,2,1,1,6,2,24,5,-1,-1,-1,7,1
201423N025145,2,9,0,2,0,8,0,0,0,0,1,1,6,3,-1,-1,-1,-1,-1,-1,-1
201423N025145,3,19,0,2,0,8,0,0,0,0,1,1,6,3,-1,-1,2799,2,15,-1,-1
201423N025147,1,3,0,18,0,4,1,10,1,10,1,1,6,1,18,4,-1,-1,-1,1,1
201423N025147,2,9,0,9,0,8,0,0,0,0,0,1,6,1,44,7,-1,-1,-1,-1,-1
201423N025162,1,9,0,10,0,8,0,0,0,0,2,1,3,2,25,5,1388,1,6,2,1
201423N025162,2,9,0,18,0,8,0,0,0,0,1,1,3,2,42,7,1242,1,4,2,1
201423N025167,1,19,0,18,0,6,1,0,1,0,3,1,2,1,46,8,1995,2,6,-1,-1
201423N025167,2,9,0,18,0,8,1,0,0,0,1,1,2,1,27,6,1560,2,1,6,1
201423N025170,1,9,0,9,0,6,0,0,0,0,1,1,6,1,39,7,1396,1,11,8,1
201423N025170,2,9,0,18,0,8,0,0,0,0,4,1,6,2,50,8,-1,-1,-1,10,1
201423N025185,1,1,0,14,0,0,0,8,0,0,1,1,6,1,-1,-1,-1,-1,-1,-1,-1
201423N025185,2,9,0,2,0,0,0,0,0,0,4,1,6,2,34,6,1968,2,-1,-1,1
201423N025187,1,9,0,18,0,0,0,0,0,0,1,1,6,2,47,8,1984,2,5,-1,-1
201423N025187,2,9,0,4,0,0,0,0,0,0,2,1,6,1,50,8,1896,2,15,5,1
201423N025190,1,9,0,18,0,8,2,0,7,4,4,1,6,1,19,4,-1,-1,-1,5,1
201423N025190,2,9,0,9,0,6,0,0,0,0,3,1,6,3,-1,-1,1781,1,12,-1,-1
201423N025191,1,9,0,18,0,4,0,7,7,0,1,1,2,1,45,7,1124,1,8,8,1
201423N025191,2,1,0,9,0,8,0,0,0,0,1,1,2,1,46,8,-1,-1,-1,6,1
201423N025203,1,1,0,9,0,6,0,0,0,0,3,1,4,1,14,3,-1,-1,-1,1,1
201423N025203,2,9,0,18,0,8,0,0,0,0,1,1,2,2,39,7,1242,1,17,4,1
201423N025208,1,9,0,13,0,1,0,0,0,0,4,1,1,1,43,7,1560,2,5,10,1
201423N025208,2,9,0,9,0,1,0,0,0,0,3,1,6,1,27,6,1686,2,9,3,1
201423N025210,1,9,0,4,0,1,0,0,0,0,1,1,6,2,53,8,1422,2,6,1,1
201423N025210,2,9,0,3,0,1,0,0,0,0,2,1,6,2,44,7,1398,2,6,-1,-1
201423N025211,1,21,1,18,0,1,0,0,0,0,1,1,1,1,47,8,11967,2,4,1,1
201423N025211,2,21,1,4,0,1,0,0,0,0,2,1,1,1,45,7,-1,-1,-1,-1,-1
201423N025213,1,9,0,9,0,5,0,0,0,0,4,1,1,2,20,4,998,1,5,6,1
201423N025215,1,9,0,18,0,6,1,0,1,4,4,1,1,2,33,6,1753,2,4,-1,-1
201423N025215,2,9,0,18,0,1,1,0,1,0,1,1,2,1,38,7,-1,-1,-1,6,1
201423N025222,1,9,0,4,0,1,1,0,0,0,1,1,2,2,38,7,1242,1,12,3,1
201423N025222,2,9,0,3,0,1,0,0,0,0,2,1,2,2,34,6,1388,1,12,3,1
201423N025226,1,9,0,5,0,4,0,0,0,0,1,1,2,1,59,9,1360,1,8,1,1
201423N025226,2,3,0,18,0,8,0,0,0,0,1,1,2,1,19,4,124,1,7,6,1
201423N025234,1,9,0,9,0,5,0,0,0,0,1,1,6,2,70,10,1242,1,5,10,1
201423N025234,2,9,0,18,0,8,0,0,0,0,3,1,6,1,64,9,1596,1,8,4,1
201423N025241,1,19,0,5,0,4,0,0,0,0,1,1,1,1,52,8,10837,2,2,1,1
201423N025241,2,9,0,8,0,1,0,0,0,0,2,1,6,2,39,7,973,1,11,-1,-1
201423N025243,1,9,0,4,0,1,0,0,0,0,1,1,6,1,20,4,1399,2,4,-1,-1
201423N025243,2,9,0,4,0,1,0,0,0,0,2,1,6,1,21,5,1390,1,4,3,1
201423N025247,1,9,0,17,0,0,0,4,1,0,1,1,6,1,20,4,1360,1,13,4,1
201423N025247,2,9,0,2,0,0,0,10,1,0,3,1,6,1,40,7,1198,1,5,3,1
201423N025247,3,9,0,2,0,0,0,0,0,0,3,1,6,2,52,8,1840,1,14,3,1
201423N025247,4,9,0,2,0,0,0,0,0,0,1,1,6,2,27,6,1296,1,6,-1,-1
201423N025248,1,9,0,18,0,0,5,10,1,0,1,1,6,2,18,4,1299,1,6,5,1
201423N025249,1,5,0,18,0,4,0,0,0,0,3,1,2,2,42,7,599,1,16,2,1
201423N025249,2,9,0,9,0,4,0,0,0,0,1,1,6,2,64,9,1998,1,7,10,1
201423N025251,1,9,0,17,0,5,0,0,0,0,1,1,2,1,40,7,1587,1,13,4,1
201423N025251,2,1,0,3,0,1,0,0,0,0,1,1,2,1,44,7,-1,-1,-1,3,1
201423N025257,1,8,0,1,0,0,0,0,0,0,2,1,1,1,53,8,1997,2,4,3,1
201423N025274,1,19,0,1,9,0,0,0,1,0,2,1,1,3,-1,-1,-1,-1,-1,-1,-1
201423N025276,1,9,0,5,0,4,0,0,0,0,1,1,6,1,38,7,1596,1,3,3,1
201423N025276,2,9,0,3,0,1,0,0,0,0,2,1,6,2,48,8,1242,1,12,3,1
201423N025277,1,9,0,13,0,1,0,0,7,0,4,1,6,1,19,4,1796,1,8,9,1
201423N025277,2,9,0,9,0,8,0,0,0,0,3,1,6,2,39,7,998,1,5,5,1
201423N025284,1,4,0,18,0,0,0,12,0,0,4,1,6,1,41,7,645,1,11,5,1
201423N025285,1,9,0,9,0,5,0,0,0,0,4,1,6,1,46,8,1910,2,7,6,1
201423N025285,2,9,0,18,0,8,0,0,0,0,1,1,2,1,57,9,1124,1,11,-1,-1
201423N025289,1,9,0,13,0,0,1,12,1,4,4,1,6,1,27,6,1360,1,14,2,1
201423N025290,1,9,0,5,0,4,0,0,0,0,1,1,6,1,42,7,-1,-1,-1,-1,-1
201423N025290,2,9,0,3,0,1,0,0,0,0,2,1,6,1,23,5,1242,1,5,6,2
201423N025296,1,9,0,9,0,4,0,0,0,0,3,1,6,2,24,5,1242,1,5,3,1
201423N025296,2,9,0,18,0,4,0,0,0,0,1,1,6,2,26,6,1360,1,8,6,1
201423N025298,1,9,0,18,0,0,1,0,0,0,1,1,3,2,32,6,1598,1,8,-1,-1
201423N025298,2,19,0,3,0,0,0,0,0,0,2,1,1,1,62,9,-1,-1,-1,-1,-1
201423N025298,3,9,0,3,0,0,0,0,0,0,2,1,3,1,38,7,1995,2,1,-1,-1
201423N025300,1,9,0,9,0,3,0,0,0,0,4,1,2,1,26,6,1396,1,12,2,1
201423N025300,2,1,0,18,0,1,0,0,0,0,1,1,2,1,48,8,-1,-1,-1,-1,1
201423N025313,1,9,0,18,0,0,0,0,0,0,4,1,6,3,-1,-1,1242,1,1,-1,-1
201423N025314,1,9,0,18,0,0,0,4,0,0,1,1,6,2,44,7,1422,2,8,4,3
201423N025314,2,9,0,2,0,0,0,0,0,0,3,1,6,1,30,6,1587,1,7,-1,-1
201423N025327,1,11,0,4,0,0,0,0,0,0,1,1,1,1,70,10,6871,2,8,-1,1
201423N025327,2,19,0,4,0,0,0,0,0,0,2,1,1,1,58,9,1753,2,4,5,1
201423N025329,1,9,0,16,0,0,0,0,0,0,1,1,1,2,23,5,1499,2,1,5,1
201423N025329,2,9,0,4,0,0,0,0,0,0,2,1,6,1,69,10,3996,1,12,4,2
201423N025329,3,9,0,13,0,0,0,0,0,0,0,1,1,1,43,7,1910,2,7,-1,-1
201423N025331,1,9,0,18,0,0,1,0,7,9,2,1,6,1,21,5,1995,2,8,1,2
201423N025332,1,9,0,9,0,6,0,0,0,0,1,1,6,1,24,5,2198,2,8,9,1
201423N025332,2,9,0,18,0,1,0,0,0,0,1,1,6,2,20,4,1598,1,5,10,1
201423N025332,3,19,0,2,0,1,0,0,0,0,3,1,6,1,26,6,1870,2,8,8,1
201423N025337,1,3,0,18,0,4,0,0,0,0,1,1,6,1,19,4,-1,-1,-1,-1,-1
201423N025337,2,9,0,9,0,8,0,0,0,0,3,1,6,1,30,6,1560,2,5,-1,1
201423N025344,1,9,0,14,0,1,0,0,0,0,0,1,6,3,-1,-1,-1,-1,-1,-1,-1
201423N025344,2,9,0,14,0,1,0,0,0,0,0,1,6,3,-1,-1,-1,-1,-1,-1,-1
201423N025344,3,9,0,18,0,1,0,7,0,0,1,1,2,2,35,6,1999,1,1,4,1
201423N025348,1,19,0,17,0,0,2,0,2,0,1,1,1,1,31,6,-1,-1,-1,4,1
201423N025352,1,9,0,16,0,0,1,0,0,0,3,1,2,2,55,8,1200,1,2,9,1
201423N025352,2,9,0,17,0,0,1,0,1,0,3,1,2,1,25,5,1329,1,1,1,1
201423N025354,1,9,0,16,0,4,1,0,0,0,1,1,6,2,27,6,1199,1,13,4,2
201423N025354,2,9,0,3,0,1,0,0,0,0,2,1,6,1,44,7,-1,-1,-1,4,3
201423N025354,3,19,0,18,0,1,0,0,0,0,3,1,2,1,44,7,1995,2,5,5,1
201423N025363,1,9,0,18,0,8,5,0,0,0,4,1,6,1,40,7,1900,2,9,2,1
201423N025363,2,9,0,18,0,8,0,0,0,0,1,1,6,2,60,9,1598,1,3,4,1
201423N025373,1,9,0,18,0,0,0,0,0,0,1,1,2,1,41,7,1248,2,6,1,1
201423N025373,2,9,0,18,0,0,0,0,0,0,2,1,1,2,52,8,1398,2,1,9,3
201423N025374,1,9,0,18,0,2,0,0,0,0,4,1,6,3,-1,-1,1390,1,10,-1,-1
201423N025374,2,9,0,18,0,1,0,0,0,0,0,1,1,1,35,6,1910,2,5,-1,-1
201423N025374,3,1,0,3,0,2,0,0,0,0,3,1,6,1,15,3,-1,-1,-1,7,1
201423N025377,1,9,0,18,0,0,0,0,0,0,1,1,6,1,44,7,-1,-1,-1,6,1
201423N025384,1,9,0,18,0,1,0,0,0,0,1,1,6,1,44,7,-1,-1,-1,4,1
201423N025384,2,9,0,4,0,8,0,0,0,0,2,1,6,1,49,8,-1,-1,-1,3,1
201423N025384,3,9,0,4,0,8,0,0,0,0,2,1,6,2,47,8,1242,1,1,7,1
201423N025394,1,19,0,18,0,0,0,4,7,10,1,1,2,1,36,7,2461,2,6,4,2
201423N025394,2,9,0,2,0,0,0,0,0,0,2,1,2,2,58,9,1396,1,10,3,1
201423N025399,1,9,0,18,0,8,0,0,0,0,1,1,6,1,29,6,1984,1,13,1,1
201423N025399,2,9,0,9,0,6,0,0,0,0,1,1,6,2,41,7,1796,1,7,5,1
201423N025401,1,9,4,4,0,8,0,0,0,0,0,1,6,3,-1,-1,-1,-1,-1,-1,-1
201423N025401,2,3,0,18,0,8,1,0,0,0,1,1,6,1,26,6,-1,-1,-1,6,3
201423N025401,3,19,0,18,0,8,0,0,0,0,1,1,1,1,50,8,2143,2,-1,4,1
201423N025403,1,21,1,1,0,0,0,4,0,0,2,1,1,3,-1,-1,-1,-1,-1,-1,-1
201423N025403,2,19,4,2,0,0,0,0,0,0,1,1,1,2,52,8,2299,2,15,2,1
201423N025410,1,3,0,18,0,8,0,0,0,0,1,1,6,1,47,8,123,1,25,5,2
201423N025410,2,9,0,4,0,8,0,0,0,0,2,1,6,1,31,6,1149,1,3,6,3
201423N025410,3,9,0,18,0,8,0,0,0,0,0,1,1,1,57,9,1968,2,4,-1,-1
201423N025411,1,9,0,17,0,0,0,10,1,4,1,1,6,1,42,7,1598,2,1,1,1
201423N025419,1,9,0,6,0,0,0,0,0,0,1,1,6,1,75,10,1388,1,6,2,1
201423N025419,2,9,0,18,0,0,0,10,1,3,4,1,6,1,55,8,1997,2,9,4,1
201423N025430,1,9,0,18,0,0,0,0,0,0,3,1,6,2,43,7,-1,-1,-1,4,1
201423N025433,1,9,0,16,0,0,1,0,7,2,3,1,6,2,24,5,1124,1,12,4,1
201423N025436,1,8,0,18,0,6,0,0,0,0,3,1,1,1,46,8,1796,1,11,6,1
201423N025436,2,11,0,18,0,8,0,0,0,0,1,1,1,1,49,8,4500,2,4,4,1
201423N025441,1,9,0,16,0,8,1,0,0,0,3,1,6,1,22,5,1761,1,19,4,1
201423N025441,2,19,0,17,0,8,0,0,0,0,1,1,6,1,43,7,2402,2,12,-1,1
201423N025448,1,5,0,18,0,0,1,0,0,0,1,1,6,1,26,6,636,1,8,4,1
201423N025448,2,9,0,4,0,0,0,0,0,0,2,1,6,1,60,9,2148,2,10,6,1
201423N025452,1,2,0,9,0,5,0,0,0,0,1,1,6,1,17,4,49,1,12,4,1
201423N025452,2,9,0,18,0,8,0,0,0,0,1,1,6,1,45,7,-1,-1,-1,-1,-1
201423N025457,1,9,0,18,0,0,1,0,0,0,1,1,6,1,-1,-1,-1,-1,-1,-1,-1
201423N025463,1,9,0,14,0,0,0,0,0,0,1,1,6,1,31,6,1124,1,10,1,1
201423N025463,2,9,0,2,0,0,0,0,0,0,0,1,6,3,-1,-1,1339,1,12,-1,-1
201423N025474,1,9,0,18,0,0,0,0,0,0,1,1,6,1,56,9,1596,1,5,5,1
201423N025474,2,9,0,18,0,0,0,0,0,0,1,1,6,1,41,7,1999,1,9,-1,-1
201423N025476,1,9,0,4,0,1,0,0,0,0,1,1,6,2,35,6,1598,7,11,-1,1
201423N025476,2,9,0,4,0,1,0,0,0,0,2,1,6,2,34,6,1998,2,12,3,1
201423N025480,1,21,1,16,0,0,2,10,0,0,3,1,1,1,33,6,-1,-1,-1,9,2
201423N025481,1,9,0,9,0,6,0,0,0,0,1,1,6,2,52,8,1997,2,11,6,1
201423N025481,2,1,0,18,0,8,0,0,0,0,1,1,6,1,21,5,-1,-1,-1,3,1
201423N025484,1,9,0,16,0,0,0,0,0,0,1,1,6,2,60,9,998,1,1,10,1
201423N025484,2,9,0,17,0,0,0,0,0,0,1,1,1,1,44,7,1560,2,6,4,1
201423N025487,1,2,0,14,0,8,1,0,0,0,4,1,6,1,18,4,49,1,2,10,2
201423N025487,2,9,0,9,0,6,0,0,0,0,3,1,6,1,38,7,1997,1,13,1,1
201423N025497,1,9,0,18,0,0,0,0,0,0,4,1,6,2,51,8,1398,1,3,3,1
201423N025497,2,1,0,18,0,0,0,0,0,0,1,1,6,1,17,4,-1,-1,-1,-1,-1
201423N025500,1,9,0,5,0,6,0,0,0,0,1,1,2,1,34,6,1390,1,12,5,1
201423N025500,2,9,0,9,0,5,0,0,0,0,4,1,6,1,33,6,973,1,13,3,1
201423N025502,1,9,0,18,0,6,0,0,0,0,3,1,6,1,63,9,1560,2,7,4,2
201423N025502,2,9,0,18,0,8,0,0,0,0,1,1,6,1,25,5,1242,1,14,-1,-1
201423N025503,1,9,0,18,0,6,0,0,0,0,1,1,2,1,51,8,1995,2,2,7,2
201423N025503,2,9,0,18,0,8,0,0,0,0,1,1,6,1,42,7,1560,2,7,-1,-1
201423N025503,3,9,0,8,0,1,0,0,0,0,1,1,2,2,44,7,1910,2,7,5,1
201423N025504,1,8,0,6,0,8,0,0,0,0,3,1,1,1,41,7,1896,2,11,3,1
201423N025504,2,1,0,16,0,8,0,0,0,0,1,1,6,1,56,9,-1,-1,-1,-1,-1
201423N025506,1,9,0,18,0,8,0,0,0,0,1,1,6,2,77,11,1598,1,1,1,1
201423N025506,2,9,0,10,0,8,0,0,0,0,2,1,6,1,39,7,1995,2,10,2,1
201423N025511,1,9,0,18,0,6,0,0,0,0,1,1,6,1,26,6,1242,1,10,-1,-1
201423N025511,2,9,0,18,0,8,0,0,0,0,4,1,6,1,32,6,2204,2,6,-1,-1
201423N025517,1,9,0,18,0,4,0,0,0,0,3,1,6,3,-1,-1,1796,1,15,-1,-1
201423N025517,2,9,0,18,0,4,0,0,0,0,1,1,6,2,28,6,998,1,7,9,2
201423N025521,1,9,0,5,0,6,0,0,0,0,1,1,6,1,59,9,1596,1,2,-1,1
201423N025521,2,9,0,18,0,8,0,0,0,0,4,1,6,2,51,8,1753,2,6,3,1
201423N025522,1,3,0,18,9,0,1,10,7,0,1,1,6,1,16,4,124,1,3,7,1
201423N025527,1,9,0,18,0,4,0,0,0,0,1,1,6,3,-1,-1,1895,1,14,-1,-1
201423N025527,2,5,0,9,0,8,0,0,0,0,0,1,6,1,37,7,599,1,4,4,1
201423N025530,1,19,0,9,0,6,0,0,0,0,3,1,1,1,24,5,2198,2,1,7,1
201423N025539,1,19,0,17,0,1,0,0,0,0,1,1,1,1,64,9,-1,-1,-1,8,1
201423N025539,2,9,0,10,0,1,0,0,0,0,2,1,2,1,59,9,1360,1,12,3,1
201423N025547,1,9,0,18,0,0,1,0,8,4,1,1,6,1,21,5,-1,-1,-1,-1,-1
201423N025556,1,9,0,18,0,0,2,0,0,0,1,1,6,1,43,7,1598,1,16,3,2
201423N025556,2,9,0,18,0,0,0,0,0,0,0,1,1,1,50,8,1910,2,5,-1,-1
201423N025558,1,9,0,18,0,1,0,0,0,0,1,1,6,1,24,5,1368,1,7,10,1
201423N025558,2,9,0,4,0,1,0,0,0,0,2,1,6,2,19,4,2204,2,10,10,1
201423N025561,1,5,0,9,0,5,0,0,0,0,3,1,6,1,54,8,599,1,17,2,1
201423N025569,1,9,0,9,0,5,0,0,0,0,4,1,6,2,34,6,-1,-1,-1,7,1
201423N025569,2,9,0,18,0,1,0,0,0,0,1,1,6,1,66,10,1396,1,12,9,2
201423N025569,3,9,0,10,0,1,0,0,0,0,1,1,6,2,40,7,-1,-1,-1,-1,-1
201423N025570,1,9,0,9,0,6,0,0,0,0,1,1,6,1,65,9,1560,2,1,8,1
201423N025571,1,9,0,4,0,1,0,0,0,0,1,1,6,1,49,8,1896,2,10,8,1
201423N025576,1,9,0,13,0,0,0,0,0,0,4,1,6,1,62,9,-1,-1,-1,2,1
201423N025576,2,1,0,18,0,0,0,0,0,0,3,1,6,1,51,8,-1,-1,-1,5,1
201423N025580,1,9,0,18,0,1,0,0,0,0,1,1,6,1,27,6,1998,2,13,8,1
201423N025580,2,9,0,3,0,1,0,0,0,0,2,1,6,2,44,7,998,1,12,8,1
201423N025584,1,9,0,1,0,2,0,0,7,10,3,1,6,2,23,5,1149,1,13,8,1
201423N025585,1,9,0,18,0,6,0,0,0,0,1,1,6,1,19,4,-1,-1,-1,5,1
201423N025585,2,9,0,18,0,8,0,0,0,0,4,1,6,2,43,7,1124,1,13,4,1
201423N025585,3,9,0,18,0,1,0,0,0,0,0,1,1,1,30,6,-1,-1,-1,-1,-1
201423N025586,1,19,0,17,0,0,2,0,1,9,3,1,1,1,20,4,1998,2,8,8,2
201423N025591,1,9,0,18,0,2,0,0,0,0,1,1,6,1,38,7,1905,2,19,-1,1
201423N025595,1,21,1,17,0,8,5,10,1,10,4,1,1,1,61,9,11967,2,3,1,1
201423N025596,1,20,0,9,0,6,0,0,0,0,0,1,1,1,-1,-1,10518,2,8,-1,-1
201423N025604,1,9,0,9,0,6,0,0,0,0,1,1,6,1,64,9,1299,1,9,1,1
201423N025607,1,8,0,16,0,0,0,0,1,0,1,1,1,1,32,6,1753,2,6,1,1
201423N025610,1,9,0,18,0,1,0,0,0,0,1,1,6,1,33,6,1396,1,13,6,1
201423N025610,2,9,0,10,0,8,0,0,0,0,2,1,1,2,48,8,1686,2,5,6,1
201423N025615,1,9,0,18,0,4,0,0,0,0,1,1,6,2,23,5,1999,1,9,10,1
201423N025615,2,9,0,9,0,4,0,0,0,0,1,1,6,2,28,6,1398,2,7,4,1
201423N025615,3,9,0,3,0,1,0,0,0,0,1,1,6,1,39,7,1968,2,4,10,1
201423N025617,1,9,0,18,0,1,0,0,0,0,1,1,6,1,-1,-1,1587,1,13,-1,-1
201423N025617,2,9,0,10,0,8,0,0,0,0,2,1,6,2,26,6,1390,1,15,7,1
201423N025619,1,9,0,7,0,6,0,0,0,0,1,1,6,3,-1,-1,1149,1,13,-1,-1
201423N025619,2,9,0,18,0,1,0,0,0,0,1,1,6,1,28,6,1798,1,9,3,1
201423N025632,1,9,0,18,0,6,0,0,0,0,4,1,2,1,38,7,1124,1,9,5,1
201423N025632,2,9,0,18,0,8,0,0,0,0,1,1,2,1,21,5,1870,2,10,-1,1
201423N025636,1,9,0,18,0,0,2,10,1,10,1,1,6,2,18,4,1896,2,9,4,1
201423N025641,1,9,0,18,0,0,0,4,0,0,1,1,6,1,49,8,1240,1,11,6,2
201423N025641,2,9,0,2,0,0,0,0,0,0,1,1,6,1,17,4,1198,1,11,7,2
201423N025644,1,9,0,8,9,1,0,0,0,0,3,1,6,2,40,7,1242,1,14,4,2