Accident_Index,Vehicle_Reference,Vehicle_Type,Towing_and_Articulation,Vehicle_Manoeuvre,Vehicle_Location-Restricted_Lane,Junction_Location,Skidding_and_Overturning,Hit_Object_in_Carriageway,Vehicle_Leaving_Carriageway,Hit_Object_off_Carriageway,1st_Point_of_Impact,Was_Vehicle_Left_Hand_Drive?,Journey_Purpose_of_Driver,Sex_of_Driver,Age_of_Driver,Age_Band_of_Driver,Engine_Capacity_(CC),Propulsion_Code,Age_of_Vehicle,Driver_IMD_Decile,Driver_Home_Area_Type
201423N025644,2,1,0,18,9,8,0,0,0,0,1,1,6,1,6,2,-1,-1,-1,-1,-1
201423N025645,1,9,0,18,0,0,1,0,0,0,1,1,6,1,25,5,1242,1,14,4,1
201423N025645,2,9,0,4,0,0,0,0,0,0,2,1,3,2,44,7,1598,1,-1,4,1
201423N025647,1,1,0,9,0,8,0,0,0,0,1,1,2,1,20,4,-1,-1,-1,-1,-1
201423N025647,2,9,0,16,0,8,0,0,0,0,3,1,2,2,30,6,1248,2,4,4,1
201423N025648,1,9,0,17,0,0,0,0,7,4,1,1,2,2,22,5,-1,-1,-1,-1,-1
201423N025649,1,9,0,1,0,2,0,0,0,0,2,1,3,2,43,7,1968,2,1,10,1
201423N025651,1,9,0,5,0,2,0,0,0,0,1,1,6,2,40,7,1360,1,11,3,1
201423N025651,2,1,0,18,0,1,0,0,0,0,1,1,2,1,25,5,-1,-1,-1,7,1
201423N025652,1,9,0,18,0,0,0,0,0,0,1,1,3,2,63,9,1120,2,-1,7,1
201423N025653,1,9,0,18,0,0,0,0,0,0,1,1,6,1,-1,-1,1896,2,11,-1,-1
201423N025654,1,9,0,9,0,6,0,0,0,0,1,1,2,2,21,5,1598,2,3,4,2
201423N025654,2,9,0,17,0,8,0,0,1,4,1,1,2,1,57,9,2487,2,14,4,1
201423N025655,1,1,0,18,0,6,0,0,0,0,1,1,2,1,30,6,-1,-1,-1,2,1
201423N025655,2,9,0,8,0,1,0,0,0,0,4,1,6,1,38,7,1560,2,5,9,3
201423N025656,1,9,0,13,0,0,0,0,0,0,4,1,6,3,-1,-1,-1,-1,-1,-1,-1
201423N025656,2,1,0,18,0,0,0,0,0,0,2,1,6,2,15,3,-1,-1,-1,8,1
201423N025658,1,9,0,5,0,0,0,0,0,0,3,1,6,1,30,6,-1,-1,-1,-1,-1
201423N025661,1,9,0,9,0,6,0,0,0,0,4,1,6,1,56,9,1896,2,14,6,1
201423N025661,2,5,0,14,0,8,0,0,0,0,3,1,6,1,62,9,599,1,12,10,1
201423N025666,1,9,0,18,0,0,0,0,1,3,1,1,6,1,38,7,1397,1,14,1,1
201423N025668,1,9,0,17,0,8,0,0,0,0,4,1,6,2,53,8,1598,1,7,4,1
201423N025668,2,19,0,17,0,8,0,0,0,0,3,1,6,1,65,9,2461,2,10,9,1
201423N025673,1,9,0,16,0,0,5,10,0,0,1,1,6,1,19,4,1248,2,7,4,1
201423N025676,1,9,0,7,0,5,1,0,0,0,4,1,6,3,-1,-1,-1,-1,-1,-1,-1
201423N025676,2,9,0,5,0,8,0,0,0,0,3,1,1,1,65,9,-1,-1,-1,8,1
201423N025676,3,9,0,10,0,1,0,0,0,0,3,1,6,1,50,8,1587,1,10,4,1
201423N025676,4,9,0,8,0,1,0,0,0,0,3,1,6,2,44,7,-1,-1,-1,7,1
201423N025677,1,9,0,18,0,0,0,4,0,0,1,1,6,2,48,8,998,1,6,9,1
201423N025677,2,9,0,2,0,0,0,0,0,0,2,1,6,1,70,10,1870,2,13,1,1
201423N025679,1,9,0,7,0,6,0,0,0,0,1,1,6,3,-1,-1,1968,2,7,-1,-1
201423N025679,2,9,0,10,0,8,0,0,0,0,3,1,6,2,20,4,973,1,17,3,1
201423N025680,1,9,0,4,0,0,0,0,0,0,1,1,6,2,30,6,1360,1,15,7,1
201423N025680,2,9,0,4,0,0,0,0,0,0,2,1,6,1,52,8,1199,1,10,4,1
201423N025682,1,9,0,7,0,5,0,0,0,0,4,1,2,2,39,7,998,1,5,3,1
201423N025682,2,1,0,18,0,8,0,0,0,0,1,1,2,1,18,4,-1,-1,-1,2,1
201423N025683,1,9,0,9,0,6,0,0,0,0,1,1,6,1,61,9,1598,1,4,3,1
201423N025683,2,3,0,14,0,8,0,0,0,0,1,1,2,1,18,4,-1,-1,-1,6,1
201423N025685,1,21,0,5,0,6,0,0,0,0,4,1,1,1,51,8,6870,2,7,1,1
201423N025685,2,9,0,18,0,8,0,0,0,0,1,1,1,2,49,8,1598,1,4,9,3
201423N025686,1,9,0,18,0,2,0,0,0,0,1,1,6,2,33,6,1896,2,16,8,3
201423N025686,2,9,0,18,0,2,0,0,0,0,2,1,2,2,32,6,1388,1,3,9,1
201423N025694,1,1,0,4,0,6,0,0,0,0,1,1,6,2,15,3,-1,-1,-1,3,1
201423N025694,2,9,0,18,0,8,1,0,0,0,4,1,6,2,41,7,-1,-1,-1,9,3
201423N025699,1,9,0,18,0,8,0,0,0,0,1,1,6,3,-1,-1,-1,-1,-1,-1,-1
201423N025699,2,9,0,4,0,8,0,0,0,0,2,1,1,2,38,7,1242,1,12,1,1
201423N025699,3,9,0,10,0,8,0,0,0,0,2,1,6,1,29,6,1995,2,-1,6,1
201423N025700,1,9,0,18,0,8,0,4,0,0,1,1,6,1,-1,-1,2979,1,9,-1,-1
201423N025700,2,9,0,9,0,6,0,0,0,0,1,1,6,1,34,6,2996,1,5,4,1
201423N025700,3,19,0,2,0,8,0,0,0,0,1,1,6,1,55,8,-1,-1,-1,-1,1
201423N025700,4,9,0,2,0,8,0,0,0,0,4,1,6,2,25,5,1497,1,11,4,1
201423N025702,1,9,0,5,0,8,0,0,0,0,4,1,6,2,81,11,1199,2,3,6,1
201423N025702,2,1,0,18,0,8,0,0,0,0,1,1,6,1,65,9,-1,-1,-1,5,1
201423N025707,1,1,0,18,0,6,0,0,0,0,1,1,6,1,12,3,-1,-1,-1,2,1
201423N025707,2,9,0,18,0,8,0,0,0,0,4,1,6,1,29,6,1242,1,1,-1,1
201423N025709,1,9,0,9,0,5,0,4,0,0,1,1,6,2,18,4,998,1,1,3,1
201423N025709,2,19,0,2,0,8,0,4,0,0,1,1,6,1,29,6,1598,2,-1,9,1
201423N025709,3,9,0,2,0,8,0,4,0,0,2,1,6,1,26,6,1461,2,7,7,1
201423N025712,1,17,4,13,0,1,0,0,0,0,0,1,1,1,65,9,6788,2,7,6,3
201423N025712,2,16,0,4,0,1,0,0,0,0,0,1,6,2,22,5,-1,-1,-1,-1,-1
201423N025713,1,19,0,13,0,0,0,0,0,0,0,1,6,3,-1,-1,-1,-1,-1,-1,-1
201423N025713,2,1,0,18,0,0,0,10,1,0,4,1,2,2,44,7,-1,-1,-1,-1,-1
201423N025714,1,9,0,18,0,0,5,4,0,0,1,1,6,2,67,10,1390,1,11,5,1
201423N025714,2,9,0,2,0,0,0,0,0,0,1,1,6,2,56,9,1598,1,12,5,1
201423N025715,1,1,0,18,0,8,0,0,0,0,1,1,6,1,49,8,-1,-1,-1,10,1
201423N025715,2,9,0,9,0,6,0,0,0,0,1,1,6,1,48,8,1124,1,15,-1,-1
201423N025719,1,9,0,18,0,0,0,0,0,0,1,1,6,1,19,4,1900,2,9,-1,-1
201423N025723,1,9,0,17,0,0,5,0,1,0,1,1,2,2,40,7,1753,2,11,9,1
201423N025726,1,5,0,4,0,0,1,0,0,0,1,1,6,1,22,5,686,1,7,9,1
201423N025726,2,3,0,4,0,0,0,0,0,0,2,1,6,1,22,5,124,1,1,1,1
201423N025728,1,9,0,9,0,5,0,0,4,7,1,1,2,1,53,8,1242,1,14,8,2
201423N025728,2,9,0,18,0,8,0,0,0,0,1,1,2,2,36,7,1896,2,5,4,2
201423N025729,1,9,0,16,0,0,1,0,2,4,4,1,2,1,27,6,1587,1,12,10,1
201423N025730,1,9,0,5,9,6,0,0,0,0,1,1,6,1,44,7,-1,-1,-1,-1,-1
201423N025730,2,1,0,18,9,8,0,0,0,0,1,1,6,1,16,4,-1,-1,-1,10,1
201423N025731,1,9,0,18,0,0,0,0,0,0,4,1,6,1,48,8,-1,-1,-1,-1,-1
201423N025732,1,9,0,13,0,0,0,0,0,0,0,1,6,3,-1,-1,-1,-1,-1,-1,-1
201423N025732,2,9,0,16,0,0,1,0,7,10,1,1,2,1,36,7,-1,-1,-1,1,1
201423N025739,1,9,0,9,0,5,0,0,0,0,1,1,6,2,42,7,-1,-1,-1,6,1
201423N025739,2,9,0,17,0,8,0,0,0,0,3,1,6,1,33,6,1596,1,6,1,1
201423N025744,1,9,0,18,0,1,2,0,1,9,1,1,6,2,43,7,1364,1,8,9,2
201423N025747,1,9,0,18,0,8,1,10,1,2,3,1,6,1,26,6,-1,-1,-1,-1,-1
201423N025748,1,19,0,18,0,0,0,0,7,4,1,1,6,1,29,6,1753,2,8,4,1
201423N025750,1,9,0,5,0,0,0,0,0,0,1,1,6,2,62,9,1998,1,17,1,1
201423N025750,2,1,0,18,0,0,0,0,0,0,2,1,6,2,9,2,-1,-1,-1,7,1
201423N025751,1,19,0,13,0,0,0,0,0,0,0,1,6,3,-1,-1,-1,-1,-1,-1,-1
201423N025751,2,2,0,18,0,0,0,10,1,0,4,1,6,2,17,4,49,1,14,1,1
201423N025754,1,5,0,17,0,0,1,0,2,0,4,1,6,1,69,10,998,1,6,8,1
201423N025758,1,9,0,9,0,6,0,0,0,0,4,1,2,1,26,6,1968,2,7,6,1
201423N025758,2,3,0,18,0,8,1,0,0,0,1,1,2,1,22,5,98,1,11,6,1
201423N025760,1,4,0,18,0,0,0,0,0,0,1,1,2,1,17,4,124,1,2,4,1
201423N025764,1,9,0,16,0,0,1,0,7,10,1,1,2,2,56,9,1595,7,13,8,3
201423N025766,1,9,0,9,0,6,0,0,0,0,1,1,6,1,22,5,1360,1,11,-1,-1
201423N025766,2,1,0,18,0,8,0,0,0,0,1,1,2,2,24,5,-1,-1,-1,3,1
201423N025767,1,9,0,9,0,6,0,0,0,0,1,1,6,2,25,5,1560,2,9,-1,-1
201423N025767,2,2,0,18,0,8,0,0,0,0,3,1,4,1,16,4,49,1,12,9,1
201423N025771,1,9,0,18,0,8,0,0,0,0,4,1,6,1,29,6,1388,1,7,7,1
201423N025771,2,1,0,18,0,6,0,0,0,0,1,1,6,1,23,5,-1,-1,-1,5,1
201423N025774,1,1,0,4,0,1,0,10,0,0,1,1,6,1,21,5,-1,-1,-1,2,1
201423N025775,1,9,0,13,0,1,0,0,0,0,0,1,6,3,-1,-1,2993,2,8,-1,-1
201423N025775,2,9,0,18,0,1,0,4,1,0,4,1,6,1,44,7,1275,1,21,4,1
201423N025775,3,9,0,2,0,1,0,0,0,0,4,1,6,1,62,9,1910,2,8,5,1
201423N025781,1,9,0,5,0,4,0,0,0,0,1,1,2,1,26,6,-1,-1,-1,6,1
201423N025781,2,9,0,4,0,4,0,0,0,0,2,1,2,2,25,5,1242,1,2,8,1
201423N025787,1,9,0,18,0,4,0,0,0,0,1,1,6,1,63,9,1560,2,1,3,1
201423N025787,2,9,0,3,0,1,0,0,0,0,2,1,6,2,46,8,1299,1,11,1,1
201423N025797,1,9,0,9,0,6,0,0,0,0,3,1,6,1,90,11,1242,1,12,4,1
201423N025797,2,21,0,18,0,8,0,0,0,0,4,1,1,1,28,6,-1,2,10,7,1
201423N025809,1,90,0,18,0,6,1,0,0,0,1,1,6,2,27,6,-1,-1,-1,1,1
201423N025809,2,9,0,18,0,8,0,10,7,0,1,1,2,1,48,8,1560,2,4,4,1
201423N025813,1,5,0,17,0,0,0,0,0,0,3,1,6,1,48,8,1450,1,13,2,1
201423N025816,1,9,0,17,0,0,5,0,1,0,1,1,6,2,21,5,1248,1,1,-1,-1
201423N025816,2,9,0,5,0,0,0,0,0,0,1,1,6,1,63,9,1870,2,8,5,2
201423N025816,3,9,0,2,0,0,0,0,0,0,0,1,1,1,32,6,1199,1,14,7,1
201423N025818,1,9,0,4,0,0,0,0,0,0,4,1,6,2,62,9,1086,1,7,7,1
201423N025821,1,9,0,16,0,3,0,0,0,0,1,1,1,1,31,6,1988,1,14,-1,-1
201423N025826,1,9,0,5,0,6,0,0,0,0,1,1,6,2,23,5,1368,1,5,7,1
201423N025826,2,9,0,18,0,8,0,0,0,0,3,1,6,2,20,4,1341,1,10,8,3
201423N025831,1,21,1,16,0,3,5,0,7,4,1,1,1,1,37,7,12130,2,8,3,1
201423N025832,1,9,0,18,0,0,0,0,1,9,1,1,6,2,27,6,1999,1,8,7,1
201423N025832,2,9,0,3,0,0,0,0,0,0,2,1,2,1,19,4,1900,2,15,-1,-1
201423N025833,1,11,0,16,0,0,0,0,0,0,4,1,1,1,63,9,-1,-1,-1,-1,-1
201423N025834,1,9,0,18,0,1,0,0,0,0,1,1,6,1,70,10,1200,1,1,10,1
201423N025834,2,9,0,4,0,1,0,0,0,0,2,1,6,1,71,10,2400,2,6,4,3
201423N025835,1,9,0,18,0,8,0,0,0,0,1,1,6,1,33,6,1995,2,11,2,1
201423N025835,2,9,0,3,0,8,0,0,0,0,2,1,6,1,42,7,1560,2,6,6,2
201423N025835,3,9,0,9,0,5,0,0,0,0,2,1,6,1,43,7,1850,1,13,2,1
201423N025845,1,5,0,13,0,1,0,0,0,0,1,1,6,1,70,10,598,1,27,5,1
201423N025845,2,19,0,9,0,5,0,0,0,0,2,1,1,1,24,5,2143,2,1,9,1
201423N025846,1,9,0,18,0,0,0,0,0,0,1,1,6,1,55,8,-1,-1,-1,2,1
201423N025846,2,9,0,4,0,0,0,0,0,0,2,1,6,2,55,8,1199,1,12,9,1
201423N025849,1,9,0,18,0,8,0,0,0,0,1,1,2,2,32,6,1124,1,15,4,1
201423N025849,2,9,0,4,0,8,0,0,0,0,2,1,2,2,26,6,1995,2,1,-1,-1
201423N025849,3,9,0,10,0,8,0,0,0,0,2,1,2,1,24,5,1997,2,12,3,1
201423N025851,1,9,0,9,0,5,0,0,0,0,1,1,6,1,33,6,1896,2,12,9,3
201423N025851,2,9,0,18,0,1,0,0,0,0,1,1,6,2,64,9,1397,1,15,5,1
201423N025854,1,9,0,7,0,4,0,0,0,0,3,1,6,2,52,8,1598,1,12,-1,-1
201423N025854,2,1,0,18,0,8,0,0,0,0,4,1,6,1,72,10,-1,-1,-1,-1,-1
201423N025863,1,1,0,18,0,6,0,0,0,0,1,1,4,1,12,3,-1,-1,-1,-1,-1
201423N025863,2,9,0,18,0,8,0,0,0,0,3,1,1,1,51,8,-1,-1,-1,5,1
201423N025868,1,9,0,9,0,0,0,0,0,0,4,1,6,1,20,4,1360,1,13,1,1
201423N025868,2,1,0,18,0,0,0,0,0,0,1,1,2,1,28,6,-1,-1,-1,8,1
201423N025878,1,9,0,18,0,6,0,0,0,0,1,1,6,1,40,7,1984,1,13,1,1
201423N025878,2,19,0,18,0,8,0,0,0,0,3,1,6,1,53,8,1560,2,6,4,1
201423N025879,1,9,0,17,0,0,0,10,1,4,1,1,6,1,81,11,1999,1,9,8,1
201423N025880,1,9,0,9,0,6,0,0,0,0,3,1,6,1,94,11,2457,1,2,7,1
201423N025880,2,9,0,18,0,8,0,0,0,0,1,1,2,1,24,5,1999,1,7,3,1
201423N025884,1,9,0,9,0,6,0,0,0,0,1,1,6,2,77,11,1395,1,1,10,1
201423N025884,2,9,0,18,0,8,0,0,7,10,1,1,6,1,19,4,1461,2,7,6,3
201423N025888,1,9,0,18,0,8,0,0,0,0,1,1,6,1,60,9,1598,1,1,-1,3
201423N025888,2,9,0,9,0,4,0,0,0,0,4,1,2,2,21,5,-1,-1,-1,7,1
201423N025889,1,9,0,7,0,5,0,0,0,0,1,1,6,2,64,9,-1,-1,-1,-1,-1
201423N025889,2,1,0,18,0,8,0,0,0,0,3,1,6,1,34,6,-1,-1,-1,5,1
201423N025901,1,3,0,18,0,4,1,0,0,0,2,1,6,1,32,6,124,1,1,3,1
201423N025901,2,9,0,9,0,8,0,0,0,0,4,1,6,1,33,6,1299,1,14,1,1
201423N025903,1,9,0,16,0,1,0,0,0,0,1,1,6,3,-1,-1,-1,-1,-1,-1,-1
201423N025903,2,1,0,16,0,1,0,0,0,0,2,1,6,1,13,3,-1,-1,-1,5,1
201423N025904,1,9,0,5,0,2,0,0,0,0,1,1,6,2,72,10,1591,1,-1,10,1
201423N025905,1,19,0,9,0,6,0,0,0,0,3,1,1,1,34,6,-1,-1,-1,-1,-1
201423N025905,2,9,0,18,0,8,0,0,0,0,1,1,1,1,32,6,1596,1,13,5,1
201423N025913,1,19,0,18,0,8,0,0,0,0,1,1,1,1,61,9,1461,2,2,3,1
201423N025913,2,9,0,10,0,8,0,0,0,0,2,1,1,1,61,9,-1,-1,-1,7,2
201423N025915,1,9,0,18,0,1,0,10,0,0,4,1,6,3,-1,-1,-1,-1,-1,-1,-1
201423N025916,1,9,0,18,0,4,0,0,0,0,1,1,6,2,21,5,1339,1,4,-1,-1
201423N025916,2,19,0,3,0,1,0,0,0,0,2,1,1,1,25,5,-1,-1,-1,8,1
201423N025918,1,8,0,13,0,1,0,0,0,0,4,1,1,3,-1,-1,-1,-1,-1,-1,-1
201423N025918,2,1,0,18,0,1,0,0,0,0,3,1,6,1,15,3,-1,-1,-1,4,1
201423N025921,1,9,0,18,0,0,2,0,7,4,1,1,2,1,23,5,1587,1,12,7,1
201423N025924,1,9,0,9,0,6,0,10,3,2,1,1,6,1,27,6,1896,2,9,-1,-1
201423N025926,1,17,4,18,0,0,0,0,0,0,0,1,1,1,18,4,-1,-1,-1,-1,1
201423N025928,1,9,0,5,0,0,0,0,0,0,0,1,6,2,34,6,1598,1,11,-1,1
201423N025931,1,8,0,5,0,0,0,0,0,0,3,1,1,1,29,6,1997,2,7,3,1
201423N025932,1,9,0,5,0,4,0,0,0,0,1,1,6,1,65,9,1582,2,1,7,1
201423N025932,2,9,0,9,0,4,0,0,0,0,1,1,2,2,25,5,1781,1,11,5,1
201423N025935,1,9,0,5,0,2,0,0,0,0,1,1,6,3,-1,-1,-1,-1,-1,-1,-1
201423N025950,1,1,0,17,0,0,0,0,1,4,1,1,2,1,33,6,-1,-1,-1,9,1
201423N025952,1,9,0,14,0,0,0,4,0,0,4,1,6,1,43,7,1398,2,1,-1,-1
201423N025952,2,9,0,2,0,0,0,0,0,0,3,1,3,2,28,6,1461,2,10,4,3
201423N025955,1,19,0,18,0,6,0,0,0,0,4,1,6,1,45,7,2402,2,10,3,1
201423N025955,2,9,0,18,0,8,0,0,0,0,1,1,6,1,68,10,1242,1,8,2,1
201423N025958,1,9,0,5,0,1,0,0,0,0,1,1,6,2,47,8,1598,1,2,4,1
201423N025958,2,9,0,18,0,1,0,0,0,0,2,1,6,1,73,10,1598,1,6,6,1
201423N025959,1,9,0,9,0,6,0,0,0,0,3,1,6,2,23,5,-1,-1,-1,2,1
201423N025959,2,9,0,18,0,1,0,0,0,0,1,1,6,1,68,10,1598,2,-1,8,1
201423N025965,1,2,0,5,0,6,0,0,0,0,1,1,6,1,17,4,49,1,39,-1,-1
201423N025965,2,9,0,18,0,1,0,0,0,0,3,1,1,2,58,9,998,1,3,6,2
201423N025966,1,1,0,18,0,6,0,0,0,0,1,1,6,1,15,3,-1,-1,-1,4,1
201423N025966,2,9,0,18,0,8,0,0,0,0,1,1,6,2,67,10,998,1,5,5,1
201423N025969,1,9,0,9,0,6,0,0,0,0,1,1,2,1,55,8,1598,1,12,6,1
201423N025969,2,5,0,18,0,8,0,0,0,0,1,1,6,1,43,7,988,1,12,3,1
201423N025973,1,9,0,18,0,0,0,0,0,0,1,1,6,1,25,5,1596,1,13,5,1
201423N025973,2,9,0,4,0,0,0,0,0,0,2,1,6,1,20,4,998,1,6,4,1
201423N025973,3,9,0,3,0,0,0,0,0,0,2,1,6,1,44,7,1753,2,8,-1,-1
201423N025975,1,21,1,17,0,8,0,0,0,0,1,1,1,1,54,8,-1,-1,-1,-1,-1
201423N025975,2,9,0,18,0,3,0,0,0,0,4,1,6,1,25,5,1329,1,5,-1,-1
201423N025980,1,9,0,18,0,0,0,0,0,0,1,1,6,1,42,7,1590,1,12,5,1
201423N025984,1,4,0,18,0,0,0,0,0,0,1,1,6,1,36,7,175,1,-1,3,1
201423N025984,2,9,0,4,0,0,0,0,0,0,2,1,6,1,54,8,1796,1,9,2,1
201423N025989,1,9,0,18,0,0,0,0,0,0,1,1,6,2,24,5,1598,1,9,-1,-1
201423N025989,2,9,0,3,0,0,0,0,0,0,2,1,2,2,30,6,1896,2,9,3,1
201423N025994,1,9,0,9,0,6,0,0,0,0,3,1,6,1,75,10,1149,1,5,4,1
201423N025994,2,9,0,18,0,1,1,0,1,0,1,1,6,2,28,6,1360,1,11,-1,-1
201423N025999,1,9,0,18,0,0,0,0,0,0,1,1,6,1,22,5,-1,-1,-1,-1,-1
201423N025999,2,9,0,3,0,0,0,0,0,0,2,1,3,1,41,7,-1,-1,-1,4,3
201423N026001,1,9,0,6,0,0,0,0,0,0,3,1,6,2,41,7,1598,1,14,2,1
201423N026001,2,5,0,17,0,0,0,0,0,0,1,1,6,1,46,8,1340,1,6,4,1
201423N026006,1,9,0,9,0,6,0,0,0,0,3,1,2,1,41,7,1686,2,12,-1,-1
201423N026006,2,1,0,18,0,1,0,0,0,0,1,1,2,1,34,6,-1,-1,-1,6,1
201423N026012,1,9,0,18,0,0,0,0,0,0,4,1,6,1,30,6,-1,-1,-1,-1,-1
201423N026012,2,1,0,18,0,0,0,0,0,0,1,1,6,2,13,3,-1,-1,-1,1,1
201423N026026,1,9,0,4,0,1,0,0,0,0,1,1,6,2,36,7,1197,1,1,3,1
201423N026026,2,9,0,3,0,1,0,0,0,0,2,1,6,1,80,11,1968,2,8,10,1
201423N026031,1,9,0,6,0,8,0,0,0,0,3,1,6,1,22,5,1362,1,-1,10,1
201423N026031,2,5,0,13,0,8,0,0,0,0,1,1,6,1,41,7,1000,1,1,6,1
201423N026038,1,1,0,18,0,0,0,0,0,0,3,1,6,1,13,3,-1,-1,-1,4,1
201423N026038,2,9,0,18,0,0,0,0,0,0,4,1,6,2,67,10,1248,1,1,1,1
201423N026041,1,9,0,12,0,0,5,0,0,0,3,1,2,1,30,6,1781,1,15,-1,1
201423N026041,2,9,0,18,0,0,1,0,0,0,4,1,2,1,51,8,1850,1,12,5,1
201423N026051,1,9,0,18,0,8,0,0,0,0,0,1,6,3,-1,-1,-1,-1,-1,-1,-1
201423N026051,2,9,0,9,0,2,0,10,7,4,1,1,6,2,29,6,1679,1,13,6,1
201423N026057,1,9,0,18,0,8,0,0,0,0,4,1,1,1,29,6,1124,1,14,4,2
201423N026061,1,9,0,5,0,6,0,0,0,0,4,1,2,2,40,7,1590,1,13,5,1
201423N026061,2,9,0,18,0,8,0,0,0,0,1,1,2,1,41,7,1595,1,10,5,1
201423N026061,3,9,0,10,0,1,0,0,0,0,3,1,6,2,54,8,1560,2,-1,6,1
201423N026062,1,9,0,18,0,4,0,0,0,0,1,1,6,2,19,4,1598,1,10,-1,-1
201423N026062,2,9,0,4,0,1,0,0,0,0,2,1,6,1,53,8,1895,1,16,4,1
201423N026066,1,9,0,16,0,0,2,10,1,2,4,1,6,1,22,5,1242,1,14,10,1
201423N026067,1,9,0,17,0,0,0,0,0,0,0,1,6,3,-1,-1,-1,-1,-1,-1,-1
201423N026067,2,9,0,16,0,0,5,0,2,4,4,1,6,1,23,5,1587,1,8,4,1
201423N026068,1,9,0,18,0,1,0,0,7,1,1,1,6,1,52,8,2143,2,1,9,3
201423N026069,1,9,0,5,0,4,0,0,0,0,1,1,2,2,47,8,1598,1,1,10,1
201423N026069,2,3,0,17,0,8,0,0,0,0,4,1,2,2,17,4,-1,-1,-1,2,1
201423N026072,1,9,0,18,0,1,0,0,1,1,3,1,6,1,85,11,1796,1,12,-1,-1
201423N026083,1,9,0,18,0,1,1,10,1,3,1,1,6,2,28,6,1229,1,2,6,2
201423N026090,1,9,0,9,0,6,1,0,0,0,3,1,2,1,51,8,1905,2,18,1,1
201423N026090,2,19,0,18,0,8,0,0,0,0,1,1,2,1,45,7,1998,2,11,-1,-1
201423N026091,1,19,0,18,0,4,1,0,0,0,1,1,6,1,32,6,2400,2,10,4,1
201423N026091,2,9,0,9,0,8,0,0,0,0,4,1,6,2,32,6,1900,2,9,6,1
201423N026095,1,9,0,9,0,6,0,0,0,0,1,1,6,2,38,7,1596,1,3,3,1
201423N026095,2,9,0,18,0,8,0,0,0,0,4,1,6,2,31,6,1242,1,8,4,1
201423N026096,1,9,0,16,0,0,0,0,0,0,1,1,6,1,49,8,-1,-1,-1,5,1
201423N026096,2,1,0,16,0,0,0,0,0,0,2,1,6,1,56,9,-1,-1,-1,9,3
201423N026097,1,9,0,17,0,0,0,0,7,0,4,1,6,2,43,7,1360,1,11,-1,-1
201423N026097,2,9,0,16,0,0,0,0,0,0,1,1,6,1,18,4,1390,1,12,3,1
201423N026098,1,8,0,18,0,1,0,0,0,0,4,1,1,1,46,8,1896,2,10,1,1
201423N026104,1,9,0,18,0,0,1,0,1,4,1,1,6,1,24,5,1975,1,9,3,1
201423N026108,1,2,0,14,0,8,0,10,1,0,4,1,6,3,-1,-1,-1,-1,-1,-1,-1
201423N026108,2,9,0,9,0,5,0,0,0,0,1,1,6,2,31,6,-1,-1,-1,10,1
201423N026110,1,9,0,4,0,8,0,0,0,0,1,1,2,2,36,7,1299,1,8,5,1
201423N026110,2,21,1,3,0,8,0,0,0,0,2,1,1,1,50,8,11705,2,7,8,3
201423N026112,1,9,0,4,0,1,1,0,0,0,1,1,6,2,36,7,1086,1,11,-1,-1
201423N026112,2,9,0,4,0,1,0,0,0,0,2,1,6,2,30,6,1386,1,6,6,1
201423N026115,1,9,0,18,0,4,0,0,0,0,1,1,6,2,36,7,1596,1,13,1,1
201423N026115,2,9,0,3,0,1,0,0,0,0,2,1,6,1,43,7,2993,2,6,3,1
201423N026120,1,9,0,18,0,8,0,0,0,0,1,1,2,1,49,8,-1,-1,-1,-1,-1
201423N026120,2,9,0,9,0,5,0,0,0,0,2,1,6,2,42,7,1587,1,10,8,1
201423N026123,1,1,0,18,0,8,0,0,0,0,2,1,6,1,40,7,-1,-1,-1,4,1
201423N026123,2,9,0,5,0,4,0,0,0,0,1,1,6,2,78,11,1398,2,7,10,1
201423N026124,1,9,0,6,0,0,0,0,0,0,1,1,6,1,23,5,1497,1,12,4,1
201423N026124,2,4,0,13,0,0,0,0,0,0,4,1,6,1,26,6,449,1,8,4,1
201423N026127,1,9,0,18,0,1,0,0,0,0,1,1,6,1,33,6,1149,1,9,9,3
201423N026127,2,9,0,3,0,1,0,0,0,0,2,1,6,1,49,8,1798,8,2,8,1
201423N026129,1,90,0,1,0,1,0,0,0,0,2,1,1,1,42,7,-1,-1,-1,-1,-1
201423N026129,2,4,0,3,0,1,0,0,0,0,1,1,6,1,20,4,-1,-1,-1,4,1
201423N026131,1,9,0,4,0,0,1,10,1,1,1,1,6,1,31,6,1397,1,12,1,1
201423N026133,1,9,0,17,0,8,0,0,0,0,1,1,6,2,69,10,1991,2,4,6,3
201423N026133,2,1,0,16,0,8,0,0,0,0,1,1,6,1,36,7,-1,-1,-1,9,1
201423N026134,1,9,0,16,0,0,5,0,1,9,4,1,6,2,22,5,1124,1,12,-1,-1
201423N026137,1,19,0,11,0,8,0,0,0,0,1,1,6,3,-1,-1,-1,-1,-1,-1,-1
201423N026137,2,9,0,18,0,8,0,10,0,0,3,1,6,1,20,4,1098,1,-1,5,2
201423N026151,1,19,0,13,0,0,0,0,0,0,4,1,6,1,52,8,1896,2,16,7,3