Accident_Index,Vehicle_Reference,Vehicle_Type,Towing_and_Articulation,Vehicle_Manoeuvre,Vehicle_Location-Restricted_Lane,Junction_Location,Skidding_and_Overturning,Hit_Object_in_Carriageway,Vehicle_Leaving_Carriageway,Hit_Object_off_Carriageway,1st_Point_of_Impact,Was_Vehicle_Left_Hand_Drive?,Journey_Purpose_of_Driver,Sex_of_Driver,Age_of_Driver,Age_Band_of_Driver,Engine_Capacity_(CC),Propulsion_Code,Age_of_Vehicle,Driver_IMD_Decile,Driver_Home_Area_Type
201423N026151,2,1,0,18,0,0,0,0,0,0,3,1,6,1,60,9,-1,-1,-1,7,1
201423N026153,1,9,0,9,0,6,0,0,0,0,1,1,6,1,54,8,2496,1,9,9,3
201423N026153,2,9,0,18,0,1,0,0,0,0,4,1,6,1,62,9,1910,2,9,3,1
201423N026153,3,21,1,10,0,8,0,0,0,0,3,1,1,1,58,9,-1,-1,-1,8,1
201423N026161,1,9,0,18,0,0,0,4,0,0,1,1,6,1,23,5,-1,-1,-1,9,1
201423N026161,2,9,0,2,0,0,1,0,7,10,1,1,6,1,57,9,1242,1,14,4,1
201423N026162,1,9,0,9,0,4,0,0,0,0,3,1,6,1,28,6,1896,2,12,7,1
201423N026162,2,4,0,18,0,8,0,0,0,0,1,1,6,1,26,6,-1,-1,-1,4,1
201423N026176,1,90,0,14,0,0,0,4,0,0,4,1,6,1,46,8,498,1,31,-1,1
201423N026176,2,19,0,2,0,0,0,0,0,0,3,1,6,1,40,7,2198,2,2,-1,-1
201423N026178,1,9,0,18,0,6,0,0,0,0,3,1,6,1,-1,-1,1995,2,7,-1,-1
201423N026178,2,9,0,18,0,1,1,0,0,0,1,1,6,1,25,5,1242,1,7,8,1
201423N026178,3,9,0,18,0,1,0,0,0,0,1,1,6,1,41,7,1598,1,14,6,1
201423N026183,1,5,0,16,0,0,0,0,0,0,4,1,6,1,30,6,748,1,4,-1,1
201423N026185,1,9,0,18,0,8,0,0,0,0,1,1,6,1,48,8,2198,1,18,1,1
201423N026185,2,9,0,7,0,5,0,0,0,0,2,1,6,2,23,5,1399,2,3,7,1
201423N026190,1,9,0,17,0,8,1,0,0,0,1,1,6,1,23,5,2993,2,7,8,1
201423N026190,2,9,0,16,0,8,0,0,1,10,1,1,6,1,46,8,1896,2,10,8,1
201423N026191,1,5,0,13,0,1,0,0,0,0,1,1,6,1,50,8,600,1,13,3,1
201423N026191,2,9,0,9,0,8,0,0,0,0,3,1,6,1,52,8,1349,1,1,4,1
201423N026194,1,9,0,16,0,1,1,0,7,10,1,1,6,1,24,5,1896,2,19,3,1
201423N026199,1,20,0,9,0,0,0,0,0,0,4,1,1,1,64,9,7146,2,1,6,1
201423N026199,2,9,0,18,0,0,5,0,1,0,1,1,1,1,57,9,1796,1,14,-1,1
201423N026205,1,5,0,17,0,0,1,0,1,10,3,1,6,1,43,7,750,1,1,-1,-1
201423N026207,1,5,0,7,0,6,0,0,1,0,4,1,6,1,66,10,1255,1,7,1,1
201423N026213,1,9,0,18,0,0,0,0,0,0,1,1,2,1,30,6,1596,1,5,4,1
201423N026213,2,9,0,3,0,0,0,0,0,0,2,1,6,1,74,10,1870,2,8,8,3
201423N026213,3,9,0,3,0,0,0,0,0,0,2,1,2,2,22,5,999,1,1,6,1
201423N026215,1,9,0,18,0,0,0,0,0,0,1,1,6,1,46,8,3301,1,11,6,1
201423N026218,1,9,0,18,0,0,0,0,0,0,1,1,6,1,67,10,1951,2,10,4,1
201423N026222,1,9,0,5,0,6,0,0,0,0,1,1,1,1,40,7,1995,2,-1,7,1
201423N026222,2,4,0,18,0,1,0,0,7,0,1,1,6,1,77,11,494,1,64,-1,-1
201423N026225,1,9,0,5,0,6,0,0,0,0,1,1,6,1,33,6,1997,2,11,3,1
201423N026225,2,5,0,18,0,8,0,0,0,0,3,1,6,1,47,8,1312,1,9,-1,1
201423N026235,1,9,0,5,0,1,0,10,3,1,2,1,6,2,27,6,1360,1,5,-1,-1
201423N026244,1,9,0,10,0,8,0,0,0,0,4,1,2,2,38,7,1997,2,13,1,1
201423N026244,2,9,0,18,0,1,0,0,0,0,1,1,2,2,25,5,1600,1,2,6,2
201423N026244,3,9,0,10,0,1,0,0,0,0,3,1,2,2,45,7,1995,2,-1,8,2
201423N026246,1,8,0,18,0,2,0,0,0,0,0,1,6,1,40,7,2987,2,-1,8,1
201423N026246,2,4,0,18,0,2,1,0,0,0,3,1,6,1,20,4,249,1,3,-1,-1
201423N026250,1,9,0,9,0,5,0,0,0,0,3,1,6,1,61,9,1998,2,10,4,1
201423N026250,2,9,0,18,0,8,5,0,1,0,1,1,6,1,20,4,998,1,9,9,1
201423N026252,1,9,0,9,0,5,0,0,0,0,1,1,2,1,18,4,998,1,12,7,1
201423N026252,2,9,0,18,0,8,0,0,0,0,1,1,2,2,28,6,1248,1,4,5,1
201423N026255,1,9,0,14,0,0,0,4,0,0,4,1,6,1,86,11,1299,1,13,5,1
201423N026255,2,9,0,2,0,0,0,0,0,0,3,1,6,1,39,7,-1,-1,-1,-1,-1
201423N026256,1,9,0,3,0,0,0,0,0,0,2,1,6,1,61,9,2143,2,1,6,1
201423N026256,2,9,0,3,0,0,0,0,0,0,2,1,6,1,22,5,1598,1,8,10,1
201423N026256,3,9,0,3,0,0,0,0,0,0,2,1,6,1,43,7,1998,2,7,8,1
201423N026256,4,9,0,18,0,0,1,0,0,0,1,1,6,2,38,7,1995,2,2,8,1
201423N026267,1,9,0,12,0,5,0,0,0,0,1,1,6,2,21,5,1395,1,-1,-1,-1
201423N026267,2,9,0,18,0,3,0,0,0,0,4,1,2,2,25,5,1753,2,8,4,1
201423N026277,1,3,0,5,0,4,0,0,0,0,3,1,6,2,21,5,125,1,1,3,1
201423N026280,1,9,0,18,0,0,0,0,0,0,1,1,6,1,76,11,1587,1,13,7,2
201423N026280,2,9,0,4,0,0,0,0,0,0,2,1,6,2,38,7,1910,2,6,9,1
201423N026280,3,9,0,4,0,0,0,0,0,0,3,1,6,1,63,9,-1,-1,-1,9,1
201423N026284,1,9,0,1,0,1,0,0,0,0,3,1,6,1,30,6,1587,1,12,5,1
201423N026285,1,9,0,18,0,0,2,10,0,0,1,1,6,1,26,6,-1,-1,-1,-1,-1
201423N026287,1,9,0,4,0,1,0,0,0,0,1,1,6,1,18,4,1229,1,9,9,1
201423N026287,2,9,0,9,0,5,0,0,0,0,0,1,6,3,-1,-1,-1,-1,-1,-1,-1
201423N026287,3,9,0,18,0,8,0,0,0,0,1,1,6,2,48,8,1596,1,6,8,3
201423N026292,1,9,0,14,0,0,0,0,0,0,4,1,1,1,53,8,1242,1,3,5,1
201423N026293,1,9,0,5,0,6,0,0,0,0,1,1,6,2,20,4,1587,1,9,2,1
201423N026293,2,9,0,18,0,8,0,0,0,0,1,1,6,1,46,8,1398,1,7,6,3
201423N026295,1,9,0,9,0,6,0,0,0,0,3,1,6,2,33,6,2993,2,7,9,1
201423N026295,2,9,0,18,0,8,0,0,0,0,1,1,2,1,43,7,-1,-1,-1,6,1
201423N026296,1,9,0,9,0,5,0,0,0,0,3,1,6,2,34,6,1796,2,-1,7,1
201423N026296,2,3,0,13,0,8,0,0,0,0,4,1,6,1,20,4,125,1,3,7,1
201423N026298,1,19,0,18,0,0,0,0,0,0,4,1,1,3,-1,-1,2496,2,17,-1,-1
201423N026308,1,1,0,18,0,6,0,0,0,0,1,1,4,1,14,3,-1,-1,-1,7,3
201423N026308,2,9,0,4,0,8,0,0,0,0,4,1,6,1,34,6,-1,-1,-1,4,1
201423N026309,1,3,0,18,0,0,0,0,0,0,3,1,6,1,17,4,124,1,11,2,1
201423N026311,1,9,0,16,0,1,1,0,0,0,1,1,1,2,35,6,1598,2,3,6,3
201423N026311,2,19,0,16,0,1,0,0,0,0,2,1,1,1,54,8,1461,2,4,4,1
201423N026311,3,19,0,16,0,1,0,0,0,0,2,1,1,1,42,7,1998,2,10,3,3
201423N026314,1,9,0,18,0,1,1,0,0,0,1,1,6,2,28,6,1199,1,12,-1,-1
201423N026314,2,9,0,4,0,1,0,0,0,0,2,1,6,2,68,10,1598,1,11,5,1
201423N026314,3,9,0,4,0,1,0,0,0,0,2,1,6,2,83,11,1896,2,10,6,3
201423N026316,1,19,0,1,0,1,0,0,0,0,2,1,1,1,45,7,-1,-1,-1,-1,-1
201423N026316,2,1,0,18,0,6,0,0,0,0,3,1,6,1,16,4,-1,-1,-1,8,1
201423N026319,1,9,0,17,0,1,1,0,1,10,1,1,6,2,32,6,1997,2,9,10,1
201423N026322,1,9,0,18,0,6,1,0,0,0,1,1,6,2,23,5,1390,1,10,4,1
201423N026322,2,8,0,18,0,8,1,0,0,0,1,1,1,1,27,6,1968,2,2,2,1
201423N026322,3,9,0,8,0,1,0,0,0,0,1,1,6,2,43,7,1995,2,3,8,1
201423N026323,1,1,0,18,0,6,0,0,0,0,3,1,6,1,32,6,-1,-1,-1,-1,-1
201423N026323,2,8,0,18,0,8,0,0,0,0,1,1,1,1,36,7,1988,2,7,2,1
201423N026325,1,9,0,4,0,1,0,0,0,0,4,1,6,1,69,10,2199,2,2,9,1
201423N026326,1,9,0,14,0,1,0,0,0,0,1,1,6,1,64,9,1988,1,12,-1,1
201423N026331,1,9,0,7,0,7,0,0,0,0,1,1,6,1,44,7,1299,1,13,4,2
201423N026331,2,9,0,18,0,8,0,0,0,0,3,1,6,1,42,7,1598,2,-1,6,1
201423N026338,1,9,0,18,0,8,0,0,0,0,1,1,6,1,25,5,1781,1,13,6,3
201423N026338,2,19,0,9,0,5,0,0,0,0,2,1,1,1,46,8,1998,2,8,3,1
201423N026339,1,9,0,18,0,1,1,0,0,0,2,1,6,2,49,8,1995,2,5,4,2
201423N026339,2,9,0,10,0,8,0,0,0,0,2,1,6,2,52,8,1783,1,9,7,3
201423N026340,1,9,0,4,0,1,0,0,0,0,0,1,6,1,37,7,1968,2,9,-1,-1
201423N026340,2,19,0,16,0,1,0,0,0,0,1,1,2,1,38,7,-1,-1,-1,7,2
201423N026340,3,9,0,16,0,1,0,0,0,0,1,1,6,1,54,8,1588,1,13,-1,-1
201423N026340,4,9,0,16,0,1,0,0,0,0,1,1,2,1,55,8,1560,2,1,7,3
201423N026344,1,19,0,18,0,4,0,0,0,0,1,1,1,1,27,6,2198,2,1,6,3
201423N026344,2,9,0,4,0,1,0,0,0,0,2,1,6,1,24,5,998,1,1,9,2
201423N026346,1,21,0,11,0,8,0,0,0,0,4,1,1,1,51,8,12580,2,8,3,1
201423N026346,2,9,0,18,0,8,0,0,0,0,3,1,6,2,53,8,1461,2,2,10,2
201423N026350,1,20,4,18,0,1,0,0,0,0,1,1,1,1,43,7,-1,-1,-1,3,1
201423N026350,2,9,0,4,0,1,5,0,1,0,2,1,2,1,37,7,1598,1,11,8,2
201423N026350,3,9,0,10,0,1,0,0,0,0,2,1,6,1,65,9,-1,-1,-1,8,3
201423N026351,1,17,0,9,0,6,0,0,0,0,1,1,1,1,38,7,-1,2,20,9,3
201423N026351,2,9,0,18,0,8,0,0,0,0,4,1,6,1,88,11,2495,2,22,9,3
201423N026353,1,1,0,7,0,6,0,0,0,0,1,1,6,1,40,7,-1,-1,-1,1,1
201423N026353,2,9,0,18,0,1,0,0,0,0,3,1,1,1,35,6,1910,2,5,-1,-1
201423N026354,1,9,0,18,0,0,5,0,0,0,1,1,6,1,23,5,1396,1,-1,7,1
201423N026354,2,9,0,18,0,0,0,0,0,0,3,1,6,1,61,9,1796,1,19,6,3
201423N026354,3,9,0,2,0,0,0,0,0,0,3,1,6,1,29,6,1796,1,13,8,3
201423N026355,1,9,0,17,0,0,0,0,0,0,1,1,6,3,-1,-1,-1,-1,-1,-1,-1
201423N026355,2,3,0,16,0,0,0,0,0,0,1,1,2,1,19,4,125,1,6,5,1
201423N026357,1,9,0,18,0,0,0,0,0,0,4,1,6,3,-1,-1,-1,-1,-1,-1,-1
201423N026358,1,9,0,18,0,0,0,0,0,0,1,1,6,1,30,6,1498,1,-1,8,1
201423N026362,1,5,0,17,0,0,1,0,7,10,3,1,6,1,65,9,748,1,26,6,1
201423N026362,2,9,0,16,0,0,0,0,0,0,3,1,6,1,38,7,1582,2,1,6,2
201423N026366,1,9,0,12,0,1,0,0,0,0,3,1,6,1,35,6,1910,2,9,3,1
201423N026366,2,5,0,13,0,1,0,0,0,0,4,1,6,1,35,6,599,1,15,1,1
201423N026367,1,5,0,14,0,1,0,0,0,0,1,1,2,1,44,7,599,1,13,1,1
201423N026367,2,9,0,9,0,5,0,0,0,0,3,1,2,2,53,8,1997,1,7,10,1
201423N026372,1,9,0,18,0,0,5,0,0,0,1,1,6,1,54,8,1968,2,-1,10,1
201423N026372,2,9,0,4,0,0,0,0,0,0,2,1,6,1,61,9,2143,2,-1,7,3
201423N026378,1,9,0,5,0,4,0,0,0,0,1,1,2,2,38,7,1560,2,6,6,1
201423N026378,2,9,0,4,0,4,0,0,0,0,2,1,2,2,68,10,1397,1,4,7,1
201423N026379,1,4,0,18,0,8,0,0,0,0,1,1,1,1,20,4,125,1,1,4,1
201423N026379,2,9,0,4,0,8,0,0,0,0,2,1,1,1,19,4,1390,1,14,10,1
201423N026380,1,9,0,13,0,0,0,0,0,0,4,1,6,2,42,7,1242,1,13,5,1
201423N026380,2,1,0,18,0,0,0,0,0,0,3,1,6,1,23,5,-1,-1,-1,3,1
201423N026381,1,9,0,18,0,0,0,0,1,1,1,1,6,2,20,4,1368,1,7,10,1
201423N026383,1,9,0,18,0,0,0,0,0,0,3,1,3,2,32,6,1229,1,6,3,1
201423N026386,1,1,0,18,0,6,0,0,0,0,1,1,6,1,26,6,-1,-1,-1,10,1
201423N026386,2,9,0,14,0,8,0,0,0,0,3,1,6,2,48,8,1995,2,-1,10,1
201423N026398,1,9,0,14,0,1,1,0,0,0,1,1,6,1,26,6,-1,-1,-1,4,1
201423N026398,2,9,0,18,0,2,1,0,0,0,1,1,6,2,45,7,1598,2,2,9,1
201423N026399,1,9,0,9,0,6,0,0,0,0,1,1,6,2,26,6,-1,-1,-1,-1,-1
201423N026400,1,1,0,9,0,5,0,0,0,0,1,1,6,1,51,8,-1,-1,-1,4,1
201423N026400,2,9,0,9,0,6,0,0,0,0,1,1,6,1,28,6,1598,1,2,-1,-1
201423N026401,1,9,0,5,0,6,0,0,0,0,1,1,6,3,-1,-1,-1,-1,-1,-1,-1
201423N026401,2,9,0,18,0,1,0,0,0,0,3,1,6,2,51,8,1560,2,3,5,1
201423N026402,1,9,0,9,0,5,0,0,0,0,1,1,6,2,27,6,1597,1,14,1,1
201423N026402,2,9,0,18,0,8,0,0,0,0,3,1,6,2,32,6,1587,1,13,10,1
201423N026404,1,9,0,9,0,6,0,0,1,0,3,1,1,2,21,5,1364,1,7,4,1
201423N026404,2,9,0,18,0,8,0,0,0,0,1,1,3,2,40,7,1596,1,5,6,1
201423N026405,1,2,0,9,0,8,1,0,0,0,3,1,2,2,18,4,49,1,6,4,1
201423N026409,1,9,0,13,0,0,0,0,5,6,1,1,6,1,68,10,3980,1,19,3,1
201423N026413,1,9,0,17,0,1,1,0,0,0,1,1,6,1,25,5,2495,2,13,3,1
201423N026413,2,9,0,18,0,2,0,10,1,10,3,1,6,1,42,7,3246,1,10,8,1
201423N026416,1,19,0,18,0,6,0,0,3,0,1,1,1,1,25,5,1995,2,4,-1,-1
201423N026416,2,9,0,18,0,8,0,0,1,0,3,1,6,2,61,9,998,1,-1,10,1
201423N026419,1,9,0,18,0,8,0,0,0,0,3,1,6,2,53,8,1968,2,7,10,1
201423N026419,2,5,0,18,0,8,0,0,0,0,2,1,6,1,44,7,919,1,9,1,1
201423N026421,1,9,0,18,0,4,0,0,0,0,1,1,6,1,34,6,1461,2,-1,3,1
201423N026421,2,9,0,9,0,8,0,0,0,0,4,1,6,2,32,6,1242,1,7,5,1
201423N026423,1,9,0,18,0,1,1,0,0,0,1,1,6,1,49,8,1124,1,13,8,1
201423N026423,2,9,0,4,0,1,0,0,0,0,2,1,1,2,34,6,-1,-1,-1,4,1
201423N026430,1,9,0,12,0,1,0,0,0,0,3,1,6,1,25,5,1596,1,12,4,1
201423N026430,2,3,0,18,0,1,0,0,0,0,4,1,6,1,18,4,124,1,9,4,1
201423N026431,1,5,0,16,0,0,0,0,7,9,1,1,6,1,45,7,645,1,9,5,1
201423N026432,1,5,0,17,0,0,1,0,1,9,1,1,6,1,59,9,942,1,2,8,1
201423N026439,1,20,0,16,0,0,1,0,0,0,1,1,1,1,39,7,2998,2,9,2,1
201423N026439,2,9,0,17,0,0,0,0,1,10,1,1,6,2,33,6,-1,-1,-1,2,1
201423N026446,1,9,0,16,0,2,1,0,1,2,1,1,2,2,54,8,-1,-1,-1,4,1
201423N026463,1,9,0,5,0,6,0,0,0,0,3,1,6,1,38,7,1587,1,11,2,1
201423N026463,2,1,0,14,0,8,0,0,0,0,1,1,6,1,23,5,-1,-1,-1,4,1
201423N026467,1,9,0,16,0,2,1,0,7,0,3,1,1,1,31,6,1997,2,13,2,1
201423N026467,2,9,0,18,0,1,0,0,0,0,1,1,6,1,38,7,1388,1,12,-1,-1
201423N026470,1,9,0,1,0,0,0,0,0,0,2,1,6,1,80,11,1368,1,-1,4,1
201423N026470,2,9,0,2,6,0,0,0,0,0,3,1,6,1,76,11,-1,-1,-1,10,1
201423N026477,1,9,0,18,0,4,0,0,0,0,1,1,6,1,25,5,1360,1,15,3,1
201423N026477,2,9,0,4,0,1,0,0,0,0,2,1,6,2,30,6,1242,1,1,-1,-1
201423N026480,1,9,0,18,0,6,0,0,0,0,4,1,6,2,46,8,1198,1,12,1,1
201423N026480,2,9,0,18,0,8,0,0,0,0,1,1,1,2,65,9,1951,2,11,4,1
201423N026480,3,9,0,3,0,1,0,0,0,0,1,1,1,1,51,8,-1,-1,-1,7,1
201423N026490,1,9,0,17,0,8,1,4,7,0,1,1,2,1,37,7,1390,1,7,1,1
201423N026490,2,9,0,2,0,1,0,0,0,0,1,1,6,2,19,4,1598,1,-1,5,1
201423N026495,1,9,0,16,0,0,0,0,1,9,1,1,6,1,72,10,1998,2,11,10,1
201423N026501,1,9,0,16,0,2,0,0,0,0,1,1,6,2,48,8,-1,-1,-1,4,1
201423N026502,1,9,0,18,0,2,0,0,7,2,4,1,6,2,41,7,1587,1,13,8,2
201423N026506,1,9,0,9,8,0,0,0,0,0,3,1,6,1,71,10,-1,-1,-1,-1,-1
201423N026506,2,21,1,18,0,0,0,0,0,0,1,1,1,1,48,8,12809,2,1,3,1
201423N026513,1,9,0,5,0,6,0,0,0,0,3,1,6,1,29,6,1895,1,13,5,1
201423N026513,2,9,0,18,0,1,0,0,0,0,1,1,6,1,58,9,1895,1,15,4,1
201423N026521,1,9,0,18,0,0,0,0,0,0,1,1,6,3,-1,-1,-1,-1,-1,-1,-1
201423N026521,2,1,0,18,0,0,0,0,0,0,2,1,6,1,24,5,-1,-1,-1,-1,-1
201423N026526,1,19,0,12,0,0,0,0,0,0,2,1,1,1,41,7,2198,2,1,1,1
201423N026526,2,5,0,18,0,0,0,0,8,6,1,1,6,1,46,8,988,1,10,10,2
201423N026545,1,9,0,11,0,8,0,0,0,0,4,1,6,2,25,5,996,1,1,10,1
201423N026545,2,9,0,17,0,8,1,0,0,0,3,1,6,1,22,5,998,1,-1,3,1
201423N026548,1,9,0,9,0,5,0,0,0,0,1,1,6,1,58,9,1598,1,1,3,1
201423N026548,2,1,0,18,0,8,0,0,0,0,3,1,6,1,26,6,-1,-1,-1,4,1
201423N026549,1,9,0,13,0,3,2,0,1,0,1,1,6,1,38,7,3696,1,3,-1,1
201423N026549,2,9,0,18,0,8,2,0,1,0,1,1,6,1,39,7,1995,2,2,10,1
201423N026558,1,19,0,18,0,0,0,0,0,0,1,1,2,1,21,5,1968,2,-1,8,1
201423N026558,2,9,0,18,0,0,0,0,0,0,1,1,2,1,51,8,2198,2,9,7,3
201423N026560,1,9,0,10,0,1,0,0,0,0,2,1,6,1,38,7,1242,1,9,-1,-1
201423N026560,2,2,0,18,0,1,0,0,0,0,1,1,6,1,18,4,-1,-1,-1,-1,-1
201423N026564,1,9,0,18,0,1,0,0,0,0,1,1,2,1,45,7,1124,1,13,6,1
201423N026564,2,19,0,3,0,1,0,0,0,0,2,1,1,1,32,6,1461,2,4,-1,-1
201423N026564,3,9,0,3,0,1,0,0,0,0,2,1,2,2,35,6,1997,1,8,9,3
201423N026567,1,9,0,9,0,6,0,0,0,0,2,1,6,1,66,10,1597,1,6,-1,-1
201423N026567,2,3,0,18,0,1,0,0,0,0,1,1,6,1,30,6,124,1,9,4,2
201423N026568,1,9,0,18,0,1,0,0,1,9,4,1,6,1,42,7,1762,1,14,2,1
201423N026570,1,9,0,7,0,4,0,0,0,0,3,1,6,2,74,10,1390,1,10,8,1
201423N026570,2,5,0,18,0,8,1,9,0,0,4,1,2,1,38,7,798,1,-1,5,1
201423N026575,1,19,0,13,0,1,0,0,0,0,4,1,6,3,-1,-1,-1,-1,-1,-1,-1
201423N026575,2,1,0,18,0,1,0,0,0,0,3,1,6,1,30,6,-1,-1,-1,10,1
201423N026579,1,9,0,18,0,0,2,0,7,10,1,1,6,2,37,7,1796,1,11,-1,2
201423N026580,1,9,0,5,0,8,0,0,0,0,3,1,1,1,50,8,-1,-1,-1,7,1
201423N026581,1,4,0,18,0,8,0,0,0,0,1,1,6,1,23,5,499,1,28,-1,-1
201423N026581,2,9,0,9,0,5,0,0,0,0,4,1,6,1,42,7,1798,1,12,-1,-1
201423N026583,1,9,0,1,0,6,0,0,0,0,4,1,6,2,54,8,1951,2,12,8,3
201423N026583,2,9,0,18,0,8,0,0,0,0,1,1,6,2,65,9,1299,1,7,8,2
201423N026594,1,9,0,7,0,5,1,10,2,7,1,1,6,1,-1,-1,1149,1,13,-1,-1
201423N026610,1,9,0,18,0,8,0,0,0,0,1,1,6,1,43,7,-1,-1,-1,1,1
201423N026610,2,9,0,3,0,8,0,0,0,0,2,1,1,1,29,6,1248,2,2,-1,-1
201423N026617,1,9,0,5,0,1,0,0,0,0,1,1,6,1,59,9,1995,2,6,5,1
201423N026619,1,9,0,18,0,1,0,0,0,0,1,1,6,1,32,6,1596,1,3,-1,-1
201423N026619,2,9,0,10,0,1,0,0,0,0,2,1,6,1,71,10,1398,1,3,4,1
201423N026625,1,9,0,5,0,6,0,0,0,0,3,1,6,2,66,10,-1,-1,-1,8,3
201423N026625,2,5,0,18,0,1,1,0,0,0,1,1,6,1,30,6,599,1,16,2,1
201423N026626,1,9,0,9,0,4,0,0,0,0,3,1,6,2,61,9,1497,1,9,1,1
201423N026626,2,9,0,18,0,8,0,0,0,0,1,1,6,2,52,8,1390,2,10,-1,-1
201423N026630,1,9,0,9,0,6,0,0,7,0,3,1,6,2,83,11,1299,1,10,9,2
201423N026630,2,21,1,18,0,1,1,0,0,0,1,1,1,1,55,8,11705,2,5,3,1
201423N026637,1,9,0,17,0,0,2,0,1,10,1,1,1,2,27,6,1968,2,9,5,1
201423N026655,1,9,0,7,0,6,0,0,0,0,0,1,6,3,-1,-1,-1,-1,-1,-1,-1
201423N026655,2,1,0,17,0,1,0,0,0,0,4,1,2,1,30,6,-1,-1,-1,1,1
201423N026657,1,9,0,17,0,0,1,0,0,0,1,1,3,1,17,4,1598,1,13,6,1
201423N026657,2,9,0,4,0,0,0,0,0,0,1,1,3,2,41,7,1991,2,7,3,1
201423N026659,1,9,0,18,0,8,1,4,1,0,1,1,6,1,18,4,1299,1,12,4,1
201423N026659,2,9,0,2,0,8,0,4,0,0,2,1,6,1,18,4,1229,1,3,7,1
201423N026659,3,9,0,2,0,8,0,4,0,0,2,1,6,1,58,9,1984,1,10,5,1
201423N026659,4,9,0,9,0,6,0,0,0,0,0,1,6,2,21,5,1598,1,12,5,1
201423N026674,1,9,0,16,0,0,2,10,8,0,1,1,6,2,31,6,1598,1,10,4,1
201423N026677,1,9,0,9,0,6,0,0,0,0,1,1,6,2,66,10,1587,1,16,5,1
201423N026679,1,9,0,18,0,0,1,0,1,9,4,1,2,2,19,4,998,1,11,-1,-1
201423N026680,1,5,0,13,0,2,1,7,0,0,1,1,6,1,34,6,998,1,7,5,1
201423N026680,2,9,0,18,0,2,0,0,0,0,0,1,2,2,42,7,2204,2,6,-1,-1
201423N026680,3,19,0,18,0,2,0,0,0,0,2,1,1,1,29,6,1753,2,5,2,1
201423N026681,1,9,0,9,0,5,0,0,0,0,4,1,6,2,49,8,998,1,9,8,1
201423N026681,2,3,0,18,0,1,0,0,0,0,1,1,6,1,56,9,125,1,3,1,1
201423N026688,1,9,0,18,0,0,0,0,0,0,1,1,6,2,70,10,2720,2,9,8,1
201423N026688,2,1,0,18,0,0,0,0,0,0,1,1,6,1,13,3,-1,-1,-1,-1,1
201423N026690,1,9,0,18,0,0,0,0,0,0,1,1,6,1,20,4,1590,1,9,2,1
201423N026690,2,1,0,18,0,0,0,0,0,0,4,1,2,1,32,6,-1,-1,-1,7,1
201423N026696,1,9,0,17,0,0,2,0,1,10,1,1,2,2,20,4,1587,1,14,-1,-1
201423N026697,1,9,0,11,0,8,0,0,0,0,4,1,6,1,26,6,1896,2,16,-1,-1
201423N026697,2,9,0,18,0,8,0,0,0,0,3,1,6,2,25,5,-1,-1,-1,-1,2
201423N026709,1,9,0,11,0,5,0,0,0,0,4,1,6,1,57,9,1997,2,8,6,1
201423N026709,2,9,0,18,0,8,0,0,0,0,1,1,6,2,44,7,1240,1,6,10,1
201423N026710,1,9,0,4,0,1,0,0,0,0,1,1,1,1,30,6,-1,-1,-1,2,1
201423N026710,2,9,0,4,0,1,0,0,0,0,2,1,6,2,34,6,1796,1,12,-1,-1
201423N026712,1,9,0,16,0,0,1,0,7,0,1,1,6,2,22,5,1299,1,7,7,1
201423N026712,2,21,0,17,0,0,1,0,0,0,1,1,1,1,41,7,5880,2,8,9,1
201423N026715,1,9,0,18,0,8,1,0,0,0,3,1,2,2,24,5,1242,1,3,8,2
201423N026715,2,9,0,5,0,8,0,0,0,0,1,1,2,1,25,5,1800,1,14,8,2
201423N026720,1,9,0,13,0,0,0,0,0,0,0,1,6,3,-1,-1,-1,-1,-1,-1,-1
201423N026720,2,9,0,18,0,0,1,0,7,0,1,1,6,1,21,5,1997,1,12,1,1
201423N026720,3,9,0,3,0,0,0,0,0,0,1,1,6,2,24,5,1395,1,2,8,1
201423N026720,4,9,0,3,0,0,0,0,0,0,1,1,6,2,52,8,1968,2,8,4,1
201423N026723,1,9,0,18,0,4,0,0,0,0,1,1,6,1,50,8,1598,1,9,-1,-1
201423N026723,2,9,0,4,0,1,0,0,0,0,2,1,6,1,44,7,1242,1,6,9,1
201423N026725,1,9,0,9,0,5,0,0,0,0,4,1,6,1,29,6,1895,1,14,5,3
201423N026725,2,1,0,17,0,8,0,0,0,0,1,1,6,1,44,7,-1,-1,-1,8,3
201423N026728,1,9,0,5,0,6,0,0,0,0,3,1,6,1,89,11,1998,2,10,4,1
201423N026728,2,9,0,18,0,8,0,0,0,0,4,1,6,2,49,8,2143,2,1,6,2
201423N026732,1,9,0,9,0,5,0,0,0,0,1,1,6,1,22,5,1796,1,13,-1,1
201423N026732,2,3,0,18,0,8,0,0,0,0,1,1,6,1,17,4,124,1,5,9,3
201423N026733,1,9,0,18,0,1,0,0,0,0,1,1,6,1,25,5,999,1,2,3,1