Accident_Index,Vehicle_Reference,Vehicle_Type,Towing_and_Articulation,Vehicle_Manoeuvre,Vehicle_Location-Restricted_Lane,Junction_Location,Skidding_and_Overturning,Hit_Object_in_Carriageway,Vehicle_Leaving_Carriageway,Hit_Object_off_Carriageway,1st_Point_of_Impact,Was_Vehicle_Left_Hand_Drive?,Journey_Purpose_of_Driver,Sex_of_Driver,Age_of_Driver,Age_Band_of_Driver,Engine_Capacity_(CC),Propulsion_Code,Age_of_Vehicle,Driver_IMD_Decile,Driver_Home_Area_Type
201423N036722,2,1,0,16,0,8,0,0,0,0,1,1,6,1,63,9,-1,-1,-1,-1,-1
201423N036727,1,9,0,9,0,6,0,0,0,0,1,1,6,1,45,7,1086,1,10,5,1
201423N036727,2,2,0,18,0,1,0,0,0,0,1,1,2,1,17,4,49,1,15,5,1
201423N036750,1,21,0,18,0,8,1,0,0,0,1,1,1,1,45,7,-1,-1,-1,-1,-1
201423N036750,2,19,0,9,0,5,0,0,1,4,2,1,1,1,56,9,1598,2,3,4,1
201423N036751,1,9,0,18,0,0,2,10,1,10,1,1,6,1,36,7,1997,2,11,1,1
201423N036756,1,9,0,18,0,0,0,0,0,0,1,1,6,2,27,6,1560,2,6,3,1
201423N036756,2,9,0,4,0,0,0,0,0,0,2,1,6,2,43,7,1968,2,9,3,1
201423N036761,1,9,0,18,0,0,1,0,0,0,1,1,6,1,28,6,1390,1,9,10,2
201423N036761,2,9,0,18,0,0,0,0,0,0,1,1,6,1,54,8,1968,2,7,9,2
201423N036761,3,19,0,3,0,0,0,0,0,0,3,1,6,1,33,6,1560,2,-1,8,3
201423N036767,1,9,0,18,0,4,0,0,0,0,1,1,6,1,31,6,2979,1,14,2,1
201423N036767,2,9,0,3,0,1,0,0,0,0,2,1,2,2,37,7,2148,2,6,6,1
201423N036771,1,20,0,5,0,8,0,0,0,0,1,1,1,1,24,5,6693,2,1,9,1
201423N036771,2,9,0,5,0,8,0,0,0,0,2,1,6,2,21,5,1149,1,7,3,1
201423N036775,1,9,0,18,0,8,0,0,0,0,1,1,2,1,68,10,-1,-1,-1,10,3
201423N036775,2,9,0,10,0,8,0,0,0,0,2,1,6,1,37,7,998,1,3,3,1
201423N036781,1,9,0,18,0,0,0,0,1,1,1,1,2,1,50,8,1988,2,8,7,1
201423N036783,1,1,0,18,9,0,0,0,0,0,1,1,6,1,16,4,-1,-1,-1,5,1
201423N036798,1,19,0,18,0,1,1,0,1,3,1,1,1,1,22,5,-1,-1,-1,8,1
201423N036814,1,9,0,5,0,0,0,0,0,0,3,1,6,3,-1,-1,1985,1,21,-1,-1
201423N036826,1,9,0,18,0,0,0,0,0,0,1,1,6,2,27,6,1242,1,7,5,1
201423N036826,2,9,0,18,0,0,0,0,1,0,3,1,6,1,30,6,1798,1,6,2,1
201423N036826,3,9,0,18,0,0,0,0,7,0,4,1,6,1,23,5,2656,1,12,7,1
201423N036850,1,9,0,18,0,0,0,0,0,0,1,1,2,1,28,6,1398,2,7,3,1
201423N036850,2,21,1,18,0,0,0,0,0,0,1,1,1,1,30,6,12900,2,4,-1,3
201423N036855,1,9,0,18,0,8,0,10,1,1,1,1,6,1,20,4,1198,1,12,10,1
201423N036855,2,9,0,4,0,1,0,0,0,0,1,1,6,2,26,6,1997,2,11,7,1
201423N036870,1,9,0,12,0,8,0,0,0,0,3,1,6,3,-1,-1,-1,-1,-1,-1,-1
201423N036870,2,9,0,9,0,8,0,0,0,0,4,1,6,2,32,6,1769,1,12,9,1
201423N036871,1,9,0,18,0,8,0,0,0,0,1,1,6,1,39,7,2521,1,4,9,1
201423N036871,2,9,0,3,0,8,0,0,0,0,2,1,6,1,60,9,1783,1,18,8,1
201423N036871,3,9,0,3,0,8,0,0,0,0,2,1,6,2,39,7,-1,-1,-1,-1,-1
201423N036873,1,9,0,18,0,0,0,0,7,10,1,1,6,1,19,4,1800,1,15,-1,-1
201423N036890,1,9,0,16,0,2,0,0,0,0,1,1,6,2,19,4,1289,1,16,9,3
201423N036890,2,9,0,3,0,2,0,0,0,0,2,1,6,2,48,8,1229,1,9,10,1
201423N036892,1,9,0,18,0,8,0,0,0,0,1,1,6,1,39,7,2987,2,3,7,3
201423N036892,2,9,0,10,0,8,0,0,0,0,2,1,2,2,44,7,1499,2,1,10,1
201423N036904,1,8,0,9,0,6,0,0,0,0,3,1,1,1,46,8,1560,2,1,1,1
201423N036904,2,9,0,18,0,8,0,0,0,0,1,1,6,1,45,7,1598,1,-1,6,1
201423N036908,1,9,0,18,0,1,0,0,0,0,1,1,6,2,37,7,1686,2,9,-1,-1
201423N036908,2,9,0,4,0,1,0,0,0,0,2,1,6,2,29,6,1364,1,9,6,1
201423N036924,1,9,0,4,0,0,1,0,1,0,1,1,6,1,33,6,1598,1,11,2,1
201423N036924,2,9,0,3,0,0,0,0,0,0,2,1,6,1,36,7,1753,2,13,3,1
201423N036924,3,9,0,14,0,0,0,0,0,0,2,1,6,1,19,4,1910,2,5,9,3
201423N036924,4,9,0,3,0,0,0,0,0,0,2,1,6,2,46,8,2143,2,1,10,1
201423N065260,1,9,0,18,0,0,0,0,0,0,1,1,6,1,20,4,1900,2,9,-1,3
201423N065260,2,9,0,11,0,0,1,0,0,0,2,1,6,1,29,6,2143,2,1,-1,1
201423N065260,3,9,0,18,0,0,1,0,0,0,2,1,6,1,33,6,1598,1,10,2,1
201423N066772,1,9,0,11,0,0,2,0,1,2,4,1,6,1,55,8,1329,1,4,-1,2
201423N066772,2,21,1,18,0,0,0,0,0,0,1,1,1,2,49,8,-1,-1,-1,-1,-1
201423S001400,1,1,0,5,0,0,0,0,0,0,1,1,6,1,15,3,-1,-1,-1,10,1
201423S001400,2,9,0,18,0,0,0,0,0,0,1,1,6,2,19,4,973,1,14,7,3
201423S001524,1,9,0,18,0,0,0,0,0,0,1,1,1,1,59,9,1796,1,8,-1,-1
201423S001524,2,1,0,18,0,0,0,0,1,9,2,1,6,1,49,8,-1,-1,-1,10,1
201423S010091,1,9,0,1,0,0,1,0,0,0,1,1,2,1,26,6,1598,1,5,8,1
201423S010091,2,19,0,18,0,0,1,0,1,4,1,1,2,1,30,6,1896,2,9,10,2
201423S010122,1,9,0,4,0,4,0,0,0,0,1,1,6,2,29,6,1984,1,3,9,1
201423S010122,2,9,0,4,0,4,0,0,0,0,2,1,6,2,30,6,1242,1,5,4,1
201423S010124,1,3,0,18,0,8,1,0,0,0,4,1,6,1,28,6,124,1,10,5,1
201423S010131,1,9,0,4,0,1,0,0,0,0,1,1,6,1,32,6,1984,1,17,8,1
201423S010131,2,9,0,3,0,1,0,0,0,0,2,1,6,2,33,6,-1,-1,-1,7,1
201423S010131,3,9,0,10,0,8,0,0,0,0,2,1,6,2,51,8,1896,2,11,-1,-1
201423S010138,1,21,0,9,0,6,0,0,0,0,3,1,1,1,22,5,-1,-1,-1,-1,-1
201423S010138,2,3,0,10,0,1,0,0,0,0,3,1,2,1,29,6,125,1,1,-1,-1
201423S010139,1,9,0,5,0,6,0,0,0,0,1,1,6,2,24,5,1390,1,7,9,3
201423S010139,2,9,0,18,0,8,0,0,0,0,4,1,6,2,49,8,1242,1,12,-1,-1
201423S010153,1,9,0,9,0,4,0,0,0,0,3,1,2,2,26,6,998,1,6,9,1
201423S010153,2,1,0,18,0,8,0,0,0,0,4,1,1,1,49,8,-1,-1,-1,9,1
201423S010168,1,1,0,18,0,0,0,0,0,0,3,1,2,1,18,4,-1,-1,-1,9,1
201423S010168,2,9,0,18,0,0,0,0,0,0,3,1,2,2,53,8,1422,2,13,8,1
201423S010169,1,9,0,9,0,6,0,0,0,0,1,1,6,1,60,9,1598,1,3,5,1
201423S010169,2,9,0,17,0,8,0,0,0,0,3,1,6,1,61,9,2148,2,10,1,1
201423S010173,1,9,0,18,0,0,0,11,0,0,1,1,6,2,31,6,1995,2,11,5,1
201423S010181,1,21,1,5,8,0,0,0,0,0,3,1,1,1,44,7,-1,-1,-1,-1,-1
201423S010181,2,9,0,18,0,0,1,0,0,0,4,1,6,1,30,6,1200,1,12,7,1
201423S010186,1,9,0,17,0,0,5,0,1,10,1,1,6,1,24,5,1124,1,8,7,1
201423S010188,1,19,0,18,0,8,0,0,0,0,1,1,2,1,18,4,2477,2,9,7,3
201423S010188,2,19,0,10,0,8,0,0,0,0,2,1,2,1,46,8,2402,2,12,8,1
201423S010200,1,9,0,18,0,1,0,0,0,0,1,1,6,1,36,7,1895,1,13,-1,-1
201423S010200,2,9,0,3,0,1,0,0,0,0,2,1,6,1,32,6,1910,2,7,8,1
201423S010204,1,9,0,9,0,6,0,0,0,0,1,1,1,1,33,6,1794,1,14,5,1
201423S010204,2,4,0,9,0,5,0,0,0,0,1,1,6,1,32,6,124,1,1,10,1
201423S010213,1,9,0,5,0,4,0,0,0,0,1,1,6,1,42,7,2993,2,5,9,1
201423S010213,2,9,0,5,0,4,0,0,0,0,2,1,6,1,88,11,1396,1,11,7,2
201423S010215,1,2,0,12,0,1,0,0,0,0,3,1,1,1,36,7,49,1,-1,9,1
201423S010215,2,9,0,4,0,1,0,0,0,0,4,1,1,1,61,9,2231,2,5,10,1
201423S010218,1,19,0,9,0,6,0,0,0,0,1,1,1,1,20,4,1560,2,1,6,1
201423S010218,2,9,0,16,0,8,1,0,1,0,1,1,6,2,51,8,1995,2,8,7,3
201423S010221,1,9,0,18,0,0,0,0,0,0,1,1,6,1,45,7,1998,1,10,9,1
201423S010221,2,9,0,18,0,0,0,0,2,1,1,1,6,2,25,5,2204,2,6,2,1
201423S010242,1,9,0,18,0,0,0,0,0,0,1,1,1,2,32,6,1149,1,7,-1,-1
201423S010242,2,19,0,4,0,0,0,0,0,0,2,1,1,1,47,8,2402,2,3,5,1
201423S010242,3,9,0,4,0,0,0,0,0,0,0,1,1,1,48,8,-1,-1,-1,-1,-1
201423S010243,1,9,0,18,0,0,0,0,0,0,1,1,6,1,-1,-1,-1,-1,-1,-1,-1
201423S010243,2,9,0,3,0,0,0,0,0,0,2,1,6,2,66,10,2204,2,9,9,2
201423S010247,1,9,0,18,0,0,1,4,0,0,1,1,2,1,30,6,998,1,5,8,1
201423S010247,2,9,0,2,0,0,0,0,0,0,1,1,6,3,-1,-1,-1,-1,-1,-1,-1
201423S010247,3,9,0,18,0,0,0,0,0,0,1,1,2,2,47,8,1368,1,4,8,1
201423S010252,1,9,0,5,0,4,0,0,0,0,1,1,6,1,53,8,1390,1,2,1,1
201423S010252,2,9,0,8,0,1,0,0,0,0,2,1,1,2,43,7,1248,2,6,-1,-1
201423S010256,1,9,0,7,0,5,0,0,0,0,1,1,6,3,-1,-1,-1,-1,-1,-1,-1
201423S010256,2,9,0,7,0,5,0,0,1,9,3,1,6,2,27,6,1998,2,10,-1,1
201423S010259,1,9,0,9,0,5,0,0,0,0,1,1,6,2,22,5,1349,1,4,6,1
201423S010259,2,9,0,17,0,8,0,0,0,0,1,1,6,2,71,10,-1,-1,-1,10,2
201423S010263,1,9,0,18,0,0,0,0,0,0,1,1,6,3,-1,-1,1761,1,16,-1,-1
201423S010263,2,1,0,18,0,0,0,0,0,0,4,1,6,2,12,3,-1,-1,-1,9,1
201423S010266,1,9,0,16,0,0,0,0,0,0,1,1,1,1,64,9,1598,2,4,7,1
201423S010266,2,21,0,17,0,0,0,0,0,0,3,1,1,1,64,9,4580,2,16,8,3
201423S010267,1,9,0,7,0,4,0,0,0,0,3,1,6,1,40,7,2191,2,-1,-1,-1
201423S010267,2,9,0,18,0,8,0,0,0,0,4,1,6,1,49,8,1598,1,9,9,3
201423S010283,1,9,0,18,0,8,0,0,0,0,4,1,1,1,19,4,973,1,15,5,1
201423S010285,1,9,0,18,0,8,0,0,0,0,1,1,6,1,59,9,1895,1,14,5,1
201423S010285,2,9,0,18,0,8,0,0,0,0,1,1,6,2,61,9,2183,2,5,4,1
201423S010292,1,9,0,18,0,0,0,0,0,0,1,1,2,1,52,8,2967,1,10,10,1
201423S010292,2,9,0,18,0,0,0,10,2,11,1,1,6,2,43,7,899,1,14,-1,-1
201423S010294,1,9,0,18,0,1,0,0,0,0,4,1,1,1,34,6,1995,2,1,10,1
201423S010302,1,9,0,9,0,5,0,0,0,0,4,1,6,2,58,9,-1,-1,-1,-1,-1
201423S010302,2,1,0,18,0,8,0,0,0,0,1,1,2,1,27,6,-1,-1,-1,-1,1
201423S010313,1,21,1,11,0,0,0,0,0,0,1,1,1,1,52,8,12780,2,8,-1,-1
201423S010313,2,9,0,16,0,0,1,0,4,6,3,1,6,2,51,8,1598,1,6,5,1
201423S010314,1,9,0,18,0,8,0,0,0,0,1,1,6,2,39,7,1997,2,7,9,2
201423S010314,2,9,0,4,0,8,0,0,0,0,2,1,6,2,57,9,-1,-1,-1,6,3
201423S010314,3,9,0,9,0,5,0,0,0,0,2,1,6,1,26,6,1596,1,12,10,1
201423S010315,1,9,0,18,0,1,0,0,0,0,1,1,1,1,19,4,2720,2,5,9,2
201423S010315,2,9,0,10,0,1,0,0,0,0,2,1,2,1,46,8,998,1,-1,10,1
201423S010331,1,9,0,18,0,2,0,0,0,0,4,1,6,1,70,10,1968,2,8,9,1
201423S010333,1,19,0,18,0,0,5,4,0,0,1,1,6,1,31,6,2477,2,5,7,3
201423S010333,2,9,0,2,0,0,0,0,0,0,1,1,6,2,49,8,1198,1,9,10,1
201423S010333,3,9,0,2,0,0,0,0,0,0,1,1,6,1,56,9,899,1,1,10,1
201423S010333,4,9,0,2,0,0,0,0,0,0,1,1,6,1,30,6,1968,2,4,-1,-1
201423S010336,1,9,0,16,0,2,0,4,0,0,1,1,2,1,43,7,1798,1,3,5,1
201423S010336,2,9,0,2,0,2,0,4,0,0,3,1,6,1,36,7,1796,1,15,1,1
201423S010336,3,9,0,2,0,2,0,4,0,0,3,1,6,2,33,6,1396,1,14,4,1
201423S010336,4,9,0,2,0,2,0,4,0,0,3,1,6,2,56,9,2179,2,1,9,3
201423S010336,5,9,0,2,0,2,0,4,0,0,3,1,6,2,58,9,1598,1,8,-1,1
201423S010345,1,9,0,9,0,8,0,0,7,9,1,1,6,2,66,10,1968,2,1,9,3
201423S010345,2,9,0,18,0,1,0,0,0,0,1,1,6,2,52,8,1689,2,11,9,2
201423S010346,1,9,0,9,0,6,0,0,0,0,3,1,6,2,61,9,1390,1,11,5,3
201423S010346,2,9,0,18,0,1,0,0,0,0,1,1,6,2,41,7,1339,1,6,10,1
201423S010347,1,9,0,7,0,6,0,0,0,0,1,1,6,1,49,8,1298,1,7,6,3
201423S010347,2,9,0,18,0,1,0,0,0,0,1,1,6,2,23,5,1124,1,17,2,1
201423S010349,1,9,0,9,0,6,0,0,0,0,1,1,6,1,51,8,1560,2,5,8,1
201423S010349,2,5,0,13,0,8,1,0,0,0,1,1,6,1,29,6,599,1,6,4,1
201423S010352,1,5,0,18,0,1,1,0,0,0,1,1,6,1,50,8,749,1,8,6,2
201423S010352,2,9,0,4,0,3,0,0,0,0,1,1,6,2,43,7,1242,1,3,6,2
201423S010354,1,9,0,18,0,0,0,0,0,0,1,1,6,1,26,6,1242,1,3,10,1
201423S010363,1,9,0,18,0,0,0,4,0,0,4,1,2,2,20,4,1388,1,4,5,1
201423S010363,2,9,0,2,0,0,0,0,0,0,3,1,6,2,56,9,1360,1,9,8,1
201423S010363,3,9,0,2,0,0,0,0,0,0,3,1,6,3,-1,-1,2179,2,-1,-1,-1
201423S010363,4,9,0,2,0,0,0,0,0,0,2,1,6,3,-1,-1,998,1,4,-1,-1
201423S010369,1,19,0,18,0,2,0,0,0,0,4,1,6,3,-1,-1,-1,-1,-1,-1,-1
201423S010373,1,9,0,18,0,0,0,4,0,0,1,1,6,1,88,11,1197,1,4,9,3
201423S010373,2,9,0,2,0,0,0,0,0,0,2,1,6,2,53,8,1997,1,-1,-1,-1
201423S010378,1,9,0,18,0,3,0,0,0,0,4,1,2,1,18,4,998,1,23,-1,-1
201423S010378,2,1,0,18,0,8,0,0,0,0,1,1,6,2,55,8,-1,-1,-1,7,3
201423S010401,1,9,0,5,0,6,0,0,0,0,1,1,6,2,30,6,1242,1,5,2,1
201423S010401,2,9,0,17,0,8,0,0,0,0,1,1,6,2,56,9,1783,1,18,5,1
201423S010402,1,9,0,9,0,6,0,0,0,0,4,1,6,2,44,7,-1,-1,-1,10,1
201423S010402,2,9,0,18,0,1,1,0,0,0,1,1,6,1,26,6,1587,1,12,5,1
201423S010404,1,19,0,13,0,2,0,0,0,0,4,1,6,3,-1,-1,-1,-1,-1,-1,-1
201423S010404,2,1,0,14,0,2,0,0,0,0,3,1,6,1,40,7,-1,-1,-1,5,1
201423S010416,1,9,0,7,0,3,0,0,1,0,1,1,6,1,37,7,1242,1,10,4,1
201423S010416,2,11,0,3,0,1,0,0,0,0,1,1,1,1,30,6,4461,2,1,2,1
201423S010418,1,9,0,17,0,0,0,0,0,0,1,1,6,1,26,6,1896,2,5,-1,1
201423S010418,2,5,0,16,0,0,0,0,0,0,1,1,6,2,49,8,675,1,-1,-1,1
201423S010420,1,1,0,5,0,1,0,0,0,0,1,1,2,2,26,6,-1,-1,-1,4,1
201423S010420,2,9,0,5,0,4,0,0,0,0,4,1,2,2,21,5,1242,1,10,6,1
201423S010428,1,9,0,18,0,1,0,0,0,0,1,1,2,1,44,7,1968,2,2,10,1
201423S010428,2,9,0,18,0,1,0,0,0,1,2,1,2,2,39,7,1970,1,13,5,1
201423S010428,3,9,0,2,0,2,0,0,0,0,3,1,6,2,53,8,2179,2,7,8,1
201423S010428,4,9,0,2,0,2,0,0,0,0,3,1,6,1,69,10,1968,2,6,8,1
201423S010428,5,9,0,18,0,2,0,0,0,0,2,1,6,2,65,9,2000,2,5,8,1
201423S010428,6,9,0,2,0,2,0,0,0,0,3,1,6,1,43,7,1598,1,1,4,1
201423S010428,7,9,0,2,0,2,0,0,0,0,4,1,6,1,44,7,1998,2,7,-1,1
201423S010445,1,9,0,9,0,5,0,0,0,0,1,1,6,2,54,8,1998,1,10,9,2
201423S010452,1,9,0,18,0,0,0,0,0,0,1,1,2,1,32,6,-1,-1,-1,10,1
201423S010452,2,9,0,16,0,0,0,0,0,0,1,1,2,2,37,7,1968,2,7,10,1
201423S010459,1,9,0,13,0,0,0,0,0,0,4,1,6,3,-1,-1,-1,-1,-1,-1,-1
201423S010459,2,1,0,18,0,0,0,0,0,0,3,1,2,1,24,5,-1,-1,-1,3,1
201423S010469,1,9,0,18,0,6,0,0,0,0,1,1,6,1,33,6,-1,-1,-1,7,3
201423S010469,2,4,0,18,0,8,0,0,0,0,4,1,6,1,53,8,1050,1,1,7,1
201423S010472,1,19,0,5,0,0,0,0,0,0,1,1,6,3,-1,-1,6870,2,7,-1,-1
201423S010473,1,9,0,9,0,6,0,0,0,0,1,1,6,2,38,7,-1,-1,-1,9,1
201423S010473,2,1,0,9,0,1,0,0,0,0,1,1,6,1,43,7,-1,-1,-1,10,1
201423S010478,1,8,0,18,0,8,0,0,1,10,4,1,1,1,42,7,2499,2,7,-1,-1
201423S010480,1,9,0,17,0,8,0,0,0,0,1,1,1,1,43,7,1686,2,1,-1,-1
201423S010480,2,9,0,4,0,8,0,0,0,0,2,1,1,1,32,6,-1,-1,-1,6,1
201423S010481,1,19,0,18,0,0,0,0,7,0,1,1,1,1,52,8,-1,-1,-1,3,1
201423S010481,2,9,0,18,0,0,1,0,1,0,1,1,6,1,71,10,2184,2,9,8,1
201423S010481,3,9,0,18,0,0,1,0,0,0,1,1,6,2,44,7,1242,1,4,-1,-1
201423S010491,1,9,0,18,0,4,0,0,0,0,1,1,6,2,63,9,1796,1,6,10,1
201423S010491,2,1,0,18,0,8,0,0,1,0,4,1,6,1,34,6,-1,-1,-1,8,1
201423S010492,1,9,0,7,4,5,0,0,0,0,4,1,6,1,52,8,2987,2,8,4,1
201423S010492,2,1,0,18,4,8,0,0,0,0,1,1,6,2,23,5,-1,-1,-1,10,1
201423S010493,1,9,0,18,0,8,0,0,0,0,1,1,6,1,24,5,1422,2,14,3,1
201423S010493,2,1,0,18,0,6,0,0,0,0,4,1,6,1,9,2,-1,-1,-1,3,1
201423S010504,1,9,0,5,0,1,0,0,0,0,1,1,1,1,55,8,2500,2,15,9,1
201423S010504,2,19,0,3,0,1,0,0,0,0,2,1,2,2,44,7,-1,-1,-1,10,3
201423S010508,1,1,0,18,0,6,0,0,0,0,1,1,4,2,14,3,-1,-1,-1,-1,-1
201423S010508,2,9,0,7,0,5,0,0,0,0,4,1,6,2,33,6,1198,1,6,6,1
201423S010517,1,9,0,18,0,0,0,0,0,0,1,1,6,2,75,10,1390,1,8,6,3
201423S010517,2,9,0,18,0,0,0,0,0,0,1,1,6,1,66,10,1598,2,3,7,3
201423S010518,1,9,0,5,0,6,0,0,0,0,1,1,6,2,65,9,1997,2,4,-1,-1
201423S010518,2,1,0,18,0,8,0,0,0,0,1,1,6,1,42,7,-1,-1,-1,-1,1
201423S010522,1,5,0,13,0,1,0,10,7,0,1,1,6,1,28,6,124,1,6,-1,-1
201423S010522,2,90,0,9,0,1,0,0,0,0,0,1,6,2,66,10,2287,2,-1,10,1
201423S010525,1,9,0,18,0,1,0,0,0,0,1,1,6,1,48,8,1796,1,10,8,3
201423S010525,2,9,0,4,0,1,0,0,0,0,2,1,6,1,42,7,1461,2,9,3,1
201423S010525,3,8,0,3,0,1,0,0,0,0,2,1,1,1,67,10,1997,2,5,5,1
201423S010529,1,9,0,7,0,5,0,0,0,0,4,1,6,3,-1,-1,-1,-1,-1,-1,-1
201423S010529,2,1,0,18,0,8,0,0,0,0,3,1,2,2,25,5,-1,-1,-1,4,1
201423S010530,1,9,0,18,0,1,0,0,0,0,1,1,6,1,20,4,-1,-1,-1,9,1
201423S010530,2,9,0,10,0,1,0,0,0,0,2,1,2,2,29,6,1598,1,11,-1,-1
201423S010535,1,9,0,14,0,0,0,0,0,0,1,1,6,2,27,6,1299,1,14,2,1
201423S010535,2,1,0,17,0,0,0,0,0,0,1,1,6,1,41,7,-1,-1,-1,9,2
201423S010536,1,9,0,5,0,6,0,0,0,0,4,1,6,1,38,7,1360,1,12,8,1
201423S010536,2,9,0,18,0,1,0,0,0,0,1,1,2,1,31,6,-1,-1,-1,10,1
201423S010536,3,19,0,3,0,1,0,0,0,0,1,1,1,1,59,9,2402,2,3,8,1
201423S010540,1,9,0,2,0,0,0,0,1,7,2,1,6,1,38,7,-1,-1,-1,8,1
201423S010540,2,19,0,18,0,0,2,4,0,0,1,1,1,1,46,8,2494,2,3,4,2
201423S010542,1,9,0,18,0,1,0,10,0,0,1,1,2,1,32,6,1596,1,16,9,1
201423S010542,2,9,0,3,0,1,0,0,0,0,4,1,3,2,43,7,2179,2,1,8,3
201423S010542,3,9,0,3,0,1,0,0,0,0,2,1,2,2,46,8,1560,2,3,9,2
201423S010542,4,9,0,3,0,1,0,0,0,0,4,1,2,1,44,7,1995,2,2,8,1
201423S010545,1,9,0,5,0,4,0,0,0,0,3,1,6,1,66,10,1998,1,7,4,1
201423S010545,2,1,0,18,0,8,0,0,0,0,1,1,6,2,27,6,-1,-1,-1,-1,-1
201423S010560,1,9,0,18,0,0,0,4,0,0,1,1,6,1,89,11,998,1,8,-1,-1
201423S010560,2,21,0,2,0,0,0,0,0,0,2,1,1,3,-1,-1,-1,-1,-1,-1,-1
201423S010562,1,9,0,13,0,0,0,0,0,0,0,1,6,3,-1,-1,-1,-1,-1,-1,-1
201423S010562,2,9,0,18,0,0,2,0,2,10,4,1,6,2,18,4,1149,1,11,6,2
201423S010566,1,9,0,5,0,6,0,0,0,0,1,1,6,1,20,4,1299,1,13,10,1
201423S010566,2,9,0,18,0,8,0,0,0,0,3,1,6,1,72,10,1560,2,-1,1,1
201423S010571,1,3,0,4,0,1,0,0,0,0,3,1,2,2,26,6,125,1,1,4,1
201423S010572,1,19,0,17,0,0,0,0,0,0,1,1,6,2,25,5,2800,2,11,5,1
201423S010572,2,9,0,16,0,0,0,0,0,0,1,1,6,2,68,10,1324,1,20,8,1
201423S010582,1,9,0,16,0,0,0,0,0,0,1,1,6,1,28,6,1996,1,17,5,1
201423S010582,2,9,0,17,0,0,0,0,0,0,1,1,6,2,33,6,1796,1,8,6,2
201423S010590,1,9,0,18,0,2,0,0,0,0,1,1,6,1,-1,-1,-1,-1,-1,-1,-1
201423S010590,2,1,0,18,0,6,0,0,0,0,1,1,6,1,43,7,-1,-1,-1,10,1
201423S010592,1,9,0,18,0,6,0,0,7,10,1,1,6,1,23,5,1905,2,18,-1,-1
201423S010592,2,9,0,18,0,8,0,0,0,0,1,1,6,1,22,5,1360,1,7,6,2
201423S010596,1,19,0,13,0,8,0,0,0,0,0,1,6,3,-1,-1,-1,-1,-1,-1,-1
201423S010596,2,9,0,18,0,8,5,0,7,10,1,1,6,2,63,9,1596,1,10,9,3
201423S010596,3,9,0,18,0,8,0,0,0,0,0,1,6,3,-1,-1,-1,-1,-1,-1,-1
201423S010601,1,9,0,18,0,8,0,0,0,0,1,1,6,2,28,6,1299,1,13,7,1
201423S010601,2,9,0,10,0,8,0,0,0,0,2,1,6,2,45,7,1240,1,9,10,1
201423S010609,1,1,0,9,0,5,0,0,0,0,1,1,2,1,39,7,-1,-1,-1,9,3
201423S010609,2,9,0,8,0,8,0,0,0,0,2,1,2,2,48,8,-1,-1,-1,9,3
201423S010611,1,9,0,18,0,0,0,0,0,0,1,1,6,1,39,7,-1,-1,-1,-1,-1
201423S010611,2,9,0,18,0,0,0,0,7,0,1,1,6,1,21,5,1896,2,11,10,1
201423S010614,1,9,0,9,0,6,0,0,0,0,3,1,6,1,65,9,1560,2,1,10,3
201423S010614,2,9,0,17,0,8,0,0,0,0,1,1,3,2,73,10,1196,1,21,9,1
201423S010615,1,19,0,1,9,1,0,0,0,0,2,1,6,1,-1,-1,-1,-1,-1,-1,-1
201423S010617,1,9,0,9,0,5,0,0,0,0,4,1,6,1,27,6,1997,1,13,3,1
201423S010617,2,9,0,18,0,8,0,0,0,0,1,1,6,3,-1,-1,-1,-1,-1,-1,-1
201423S010619,1,3,0,13,0,0,0,0,0,0,3,1,6,1,31,6,1002,1,24,2,1
201423S010619,2,9,0,18,0,0,0,0,0,0,1,1,6,1,28,6,1341,1,16,-1,-1
201423S010622,1,9,0,18,0,8,0,0,0,0,1,1,1,1,47,8,1998,2,7,9,1
201423S010622,2,9,0,9,0,5,0,0,0,0,3,1,6,1,45,7,1242,1,16,3,1
201423S010624,1,9,0,18,0,4,0,0,0,0,1,1,6,3,-1,-1,-1,-1,-1,-1,-1
201423S010624,2,9,0,18,0,8,0,0,0,0,4,1,1,1,54,8,1461,2,7,2,1
201423S010627,1,9,0,18,0,8,0,0,0,0,4,1,6,1,49,8,1968,2,7,9,1
201423S010627,2,1,0,17,0,8,0,0,0,0,1,1,6,2,51,8,-1,-1,-1,7,1
201423S010629,1,4,0,14,0,2,0,0,0,0,1,1,2,1,20,4,125,1,-1,9,1
201423S010629,2,1,0,14,0,1,0,0,0,0,1,1,2,1,21,5,-1,-1,-1,5,2
201423S010630,1,19,5,16,0,0,0,0,0,0,2,1,1,3,-1,-1,-1,-1,-1,-1,-1
201423S010630,2,9,0,17,0,0,0,0,0,0,3,1,1,1,36,7,1242,1,10,-1,3
201423S010631,1,9,0,16,0,0,1,0,1,4,4,1,3,2,24,5,1995,2,10,-1,-1
201423S010634,1,9,0,5,0,7,0,0,0,0,1,1,6,2,58,9,1900,2,8,-1,-1
201423S010634,2,9,0,18,0,8,0,0,0,0,3,1,6,1,20,4,1198,1,1,9,1