Accident_Index,Vehicle_Reference,Vehicle_Type,Towing_and_Articulation,Vehicle_Manoeuvre,Vehicle_Location-Restricted_Lane,Junction_Location,Skidding_and_Overturning,Hit_Object_in_Carriageway,Vehicle_Leaving_Carriageway,Hit_Object_off_Carriageway,1st_Point_of_Impact,Was_Vehicle_Left_Hand_Drive?,Journey_Purpose_of_Driver,Sex_of_Driver,Age_of_Driver,Age_Band_of_Driver,Engine_Capacity_(CC),Propulsion_Code,Age_of_Vehicle,Driver_IMD_Decile,Driver_Home_Area_Type
201423S011420,4,9,0,3,0,0,0,0,0,0,2,1,6,1,24,5,1596,1,1,5,3
201423S011421,1,9,0,9,0,5,0,0,0,0,4,1,6,2,53,8,1388,1,7,9,1
201423S011421,2,9,0,17,0,8,1,0,0,0,1,1,6,1,26,6,1995,2,9,10,1
201423S011429,1,19,0,1,0,2,0,0,0,0,2,1,6,1,-1,-1,-1,-1,-1,-1,-1
201423S011429,2,9,0,3,0,2,0,0,0,0,1,1,6,1,20,4,1360,1,14,10,1
201423S011431,1,9,0,1,0,0,0,4,1,10,3,1,6,2,75,10,1598,1,7,10,3
201423S011431,2,9,0,2,0,0,0,0,0,0,2,1,6,3,-1,-1,1598,1,-1,-1,-1
201423S011432,1,9,0,5,0,6,0,0,0,0,1,1,6,1,46,8,1493,2,5,4,1
201423S011432,2,1,0,18,0,8,0,0,0,0,3,1,6,1,22,5,-1,-1,-1,10,1
201423S011435,1,1,0,18,0,6,0,0,0,0,1,1,2,2,49,8,-1,-1,-1,3,1
201423S011435,2,9,0,3,0,1,0,0,0,0,4,1,2,2,20,4,973,1,12,9,3
201423S011448,1,9,0,18,0,0,0,0,1,10,1,1,2,2,40,7,1229,1,9,7,2
201423S011451,1,9,0,14,0,2,0,0,0,0,1,1,6,1,76,11,998,1,1,8,3
201423S011456,1,9,0,1,0,1,0,0,0,0,2,1,6,1,61,9,3498,1,6,-1,1
201423S011460,1,9,0,18,0,0,0,0,0,0,4,1,6,1,69,10,1753,2,7,2,1
201423S011471,1,19,0,1,9,6,0,4,0,0,2,1,1,1,21,5,2143,2,-1,9,1
201423S011471,2,9,0,2,0,8,0,0,0,0,3,1,6,1,54,8,1968,2,9,7,3
201423S011480,1,9,0,9,0,6,0,0,0,0,1,1,1,1,22,5,1390,1,15,2,1
201423S011480,2,3,0,14,0,8,0,0,0,0,1,1,2,1,19,4,-1,-1,-1,-1,-1
201423S030121,1,90,0,1,9,8,0,0,0,0,2,1,6,1,71,10,-1,-1,-1,10,2
201423S030125,1,9,0,9,0,5,0,0,0,0,1,1,2,1,37,7,1242,1,1,8,1
201423S030125,2,9,0,18,0,8,0,0,1,10,3,1,6,1,59,9,-1,3,3,7,3
201423S030127,1,9,0,18,0,0,0,0,0,0,1,1,6,1,58,9,2497,2,16,7,1
201423S030127,2,19,0,18,0,0,0,0,0,0,2,1,6,1,30,6,2488,2,6,8,1
201423S030127,3,19,0,18,0,0,0,0,0,0,2,1,2,2,34,6,1968,2,5,6,3
201423S030130,1,9,0,18,0,0,2,0,1,9,1,1,6,2,35,6,1360,1,11,8,3
201423S030134,1,21,1,18,0,0,1,0,0,0,1,1,1,1,49,8,10837,2,6,5,1
201423S030134,2,9,0,18,0,0,0,0,1,0,2,1,6,1,40,7,1798,1,5,10,2
201423S030134,3,9,0,18,0,0,0,0,0,0,2,1,6,2,47,8,1998,2,7,7,3
201423S030134,4,9,0,18,0,0,0,0,0,0,2,1,6,1,33,6,1390,1,12,4,1
201423S030135,1,19,0,6,0,0,0,0,0,0,3,1,1,1,23,5,1968,2,1,-1,1
201423S030135,2,9,0,18,0,0,0,0,0,0,4,1,1,2,49,8,-1,-1,-1,1,1
201423S030136,1,9,0,5,0,2,0,0,0,0,1,1,6,1,70,10,-1,-1,-1,-1,-1
201423S030145,1,9,0,18,0,0,0,0,0,0,1,1,6,2,46,8,1997,2,2,9,2
201423S030146,1,9,0,18,0,4,0,0,0,0,1,1,6,1,23,5,1796,1,16,8,1
201423S030146,2,9,0,18,0,8,0,0,0,0,4,1,2,2,26,6,-1,-1,-1,8,1
201423S030147,1,9,0,18,0,0,0,11,1,7,1,1,1,1,24,5,1598,2,3,7,1
201423S030147,2,9,0,18,0,0,0,0,0,0,1,1,1,1,44,7,1560,2,9,5,1
201423S030147,3,9,0,18,0,0,0,0,0,0,1,1,1,1,43,7,1968,2,5,6,1
201423S030154,1,19,0,5,0,1,0,0,0,0,1,1,1,1,61,9,2198,2,3,8,1
201423S030154,2,9,0,5,0,1,0,0,0,0,2,1,6,1,50,8,1598,1,11,9,1
201423S030163,1,9,0,18,0,0,0,11,0,0,1,1,6,1,80,11,1242,1,13,7,3
201423S030164,1,9,0,9,0,6,0,0,0,0,1,1,2,2,43,7,2183,2,4,9,1
201423S030164,2,1,0,18,0,8,0,0,0,0,1,1,6,1,22,5,-1,-1,-1,7,1
201423S030165,1,9,0,18,0,2,0,4,0,0,1,1,6,1,71,10,1587,1,12,8,1
201423S030165,2,9,0,2,0,2,0,0,0,0,2,1,6,2,29,6,1598,1,8,9,1
201423S030165,3,9,0,2,0,2,0,0,0,0,2,1,6,1,46,8,2996,1,4,9,1
201423S030166,1,9,0,18,0,0,0,12,0,0,1,1,6,2,81,11,1390,1,16,6,2
201423S030171,1,9,0,18,0,0,0,0,0,0,3,1,6,1,81,11,1998,1,5,8,3
201423S030171,2,9,0,18,0,0,0,0,0,0,3,1,6,1,51,8,1171,1,19,10,2
201423S030172,1,9,0,18,9,2,0,10,1,10,1,1,2,1,23,5,-1,-1,-1,4,2
201423S030174,1,9,0,5,0,0,0,0,0,0,3,1,6,1,27,6,-1,-1,-1,-1,-1
201423S030177,1,9,0,18,0,0,0,0,1,10,4,1,6,1,19,4,-1,-1,-1,9,1
201423S030180,1,9,0,18,0,1,0,0,0,0,1,1,6,2,40,7,1598,1,5,-1,-1
201423S030180,2,9,0,10,0,8,0,0,0,0,2,1,6,2,78,11,1198,1,2,6,2
201423S030194,1,9,0,16,0,0,2,0,7,7,1,1,6,1,23,5,1396,1,12,4,2
201423S030201,1,9,0,18,0,2,0,4,0,0,1,1,2,1,37,7,2993,2,9,10,1
201423S030201,2,20,0,2,0,2,0,0,0,0,2,1,1,1,30,6,2287,2,1,-1,-1
201423S030203,1,5,0,18,0,0,1,0,0,0,4,1,6,1,44,7,953,1,8,8,3
201423S030208,1,9,0,18,0,8,0,0,0,0,1,1,6,1,72,10,1870,2,10,7,2
201423S030208,2,9,0,10,0,8,0,0,7,0,2,1,6,2,49,8,875,1,1,9,1
201423S030210,1,9,0,18,0,8,0,0,7,10,1,1,6,1,19,4,1390,1,5,5,1
201423S030210,2,9,0,10,0,8,0,0,7,10,2,1,2,1,55,8,1997,2,11,7,1
201423S030214,1,9,0,18,0,0,0,0,0,0,1,1,2,2,38,7,1598,1,12,8,1
201423S030214,2,19,0,3,0,0,0,0,0,0,2,1,1,1,58,9,1998,2,12,7,1
201423S030216,1,19,0,13,0,8,0,0,7,0,1,1,2,1,43,7,2148,2,7,3,1
201423S030216,2,9,0,9,0,5,0,0,7,0,3,1,6,1,82,11,1596,1,3,10,1
201423S030231,1,9,0,13,0,0,0,0,0,0,4,1,6,2,22,5,1360,1,7,7,3
201423S030231,2,16,0,18,0,0,0,0,0,0,3,1,6,2,13,3,-1,-1,-1,6,3
201423S030233,1,9,0,4,0,8,0,0,0,0,1,1,2,1,39,7,1895,1,14,10,1
201423S030233,2,9,0,4,0,8,0,0,0,0,2,1,2,1,43,7,-1,-1,-1,9,3
201423S030233,3,9,0,4,0,8,0,0,0,0,2,1,2,1,45,7,1998,2,11,7,3
201423S030234,1,9,0,9,0,5,0,0,0,0,1,1,2,1,21,5,2765,2,15,9,3
201423S030234,2,9,0,18,0,8,0,0,0,0,1,1,2,1,28,6,1248,2,9,10,1
201423S030234,3,9,0,3,0,1,0,0,0,0,1,1,2,1,51,8,-1,-1,-1,8,3
201423S030238,1,9,0,16,0,8,0,0,0,0,1,1,6,2,58,9,998,1,1,-1,-1
201423S030238,2,9,0,10,0,8,0,0,0,0,2,1,6,1,58,9,2771,1,13,6,3
201423S030239,1,9,0,18,0,1,0,0,1,1,1,1,6,2,67,10,1341,1,11,6,1
201423S030240,1,1,0,18,0,0,0,4,0,0,1,1,6,1,42,7,-1,-1,-1,8,2
201423S030240,2,9,0,2,0,0,0,0,0,0,2,1,6,2,25,5,1398,2,9,8,1
201423S030241,1,9,0,5,0,0,0,0,0,0,3,1,6,2,23,5,1984,1,7,-1,3
201423S030241,2,3,0,16,0,0,0,0,0,0,4,1,6,1,45,7,125,1,2,8,1
201423S030244,1,9,0,4,0,0,1,0,7,4,1,1,1,1,36,7,1840,1,15,7,3
201423S030250,1,9,0,13,0,8,0,0,7,10,1,1,2,1,41,7,1984,1,6,6,1
201423S030250,2,9,0,9,0,5,0,0,7,10,3,1,2,1,32,6,1840,1,14,6,1
201423S030251,1,9,0,18,0,8,0,0,1,2,1,1,6,1,85,11,1594,1,12,9,3
201423S030254,1,9,0,9,0,5,0,0,0,0,1,1,6,2,61,9,1997,2,-1,7,3
201423S030254,2,19,0,18,0,1,0,0,0,0,1,1,1,1,40,7,-1,-1,-1,-1,-1
201423S030254,3,19,0,10,0,1,0,0,0,0,1,1,6,1,40,7,1560,2,4,7,3
201423S030261,1,2,0,17,0,0,0,0,1,10,1,1,6,1,17,4,49,1,6,9,2
201423S030268,1,9,0,18,0,0,0,0,0,0,1,1,6,2,53,8,1968,2,6,8,3
201423S030271,1,9,0,18,0,0,2,0,8,4,1,1,6,1,17,4,1399,2,7,6,2
201423S030271,2,9,0,18,0,0,0,0,0,0,1,1,6,2,72,10,1598,1,11,10,1
201423S030277,1,19,0,16,0,0,0,0,7,9,1,1,6,1,25,5,2198,2,3,5,2
201423S030278,1,9,0,7,0,6,0,0,0,0,3,1,6,1,80,11,1588,1,14,5,3
201423S030278,2,9,0,18,0,8,0,0,7,0,1,1,6,2,44,7,1590,1,12,7,2
201423S030278,3,9,0,18,0,8,0,0,0,0,1,1,6,1,49,8,1997,2,8,2,1
201423S030280,1,9,0,14,0,0,0,0,0,0,1,1,6,2,25,5,1086,1,7,-1,-1
201423S030280,2,9,0,18,0,0,0,0,0,0,1,1,6,2,19,4,1242,1,11,5,3
201423S030281,1,9,0,18,0,8,1,0,0,0,1,1,6,2,20,4,1364,1,7,7,2
201423S030281,2,9,0,3,0,1,0,0,0,0,1,1,2,2,51,8,1968,2,1,9,1
201423S030281,3,9,0,3,0,1,0,0,0,0,1,1,1,1,24,5,-1,-1,-1,4,1
201423S030284,1,9,0,17,0,8,0,0,1,1,1,1,6,2,79,11,-1,-1,-1,-1,1
201423S030288,1,9,0,18,0,0,0,0,0,0,1,1,6,1,51,8,1870,2,11,7,3
201423S030288,2,9,0,4,0,0,0,0,0,0,2,1,6,1,46,8,2400,2,3,7,3
201423S030296,1,9,0,9,0,5,0,0,0,0,1,1,6,1,20,4,1198,1,4,3,1
201423S030296,2,9,0,18,0,8,0,0,0,0,1,1,6,2,44,7,-1,-1,-1,8,3
201423S030298,1,9,0,2,0,2,0,0,0,0,3,1,6,2,21,5,1149,1,12,9,2
201423S030298,2,1,0,17,0,2,0,8,0,0,1,1,6,1,53,8,-1,-1,-1,9,1
201423S030299,1,19,0,18,0,1,0,0,1,0,1,1,1,1,36,7,2464,2,7,4,2
201423S030299,2,9,0,18,0,1,0,0,0,0,1,1,2,1,22,5,1242,1,1,4,1
201423S030299,3,9,0,3,0,8,0,0,0,0,2,1,6,2,18,4,1124,1,13,8,3
201423S030299,4,9,0,3,0,8,0,0,0,0,2,1,6,2,25,5,1596,1,9,7,1
201423S030306,1,21,1,17,0,8,5,0,1,0,4,1,1,1,55,8,12777,2,6,1,1
201423S030306,2,9,0,3,0,1,0,0,0,0,1,1,2,1,42,7,2231,2,6,9,1
201423S030307,1,9,0,18,0,0,1,0,0,0,3,1,6,2,43,7,1598,1,10,8,2
201423S030307,2,9,0,18,0,0,0,0,1,9,3,1,3,2,48,8,1753,2,8,8,3
201423S030310,1,9,0,18,0,8,0,0,0,0,1,1,6,2,19,4,1149,1,11,7,1
201423S030310,2,9,0,7,0,5,0,0,1,10,2,1,1,1,64,9,1995,2,1,8,1
201423S030311,1,9,0,13,0,0,0,0,0,0,0,1,6,3,-1,-1,-1,-1,-1,-1,-1
201423S030311,2,9,0,18,0,0,0,0,1,1,1,1,6,1,62,9,2435,1,16,7,3
201423S030312,1,9,0,17,0,0,5,0,8,4,1,1,6,1,90,11,1396,1,14,5,2
201423S030317,1,9,0,18,0,0,0,0,0,0,1,1,6,2,40,7,1796,1,19,8,3
201423S030317,2,19,0,18,0,0,0,0,0,0,1,1,1,1,44,7,1461,2,4,8,1
201423S030323,1,9,0,9,0,6,0,0,0,0,3,1,6,2,66,10,1995,2,1,9,2
201423S030323,2,9,0,18,0,1,0,0,0,0,1,1,6,2,39,7,1896,2,6,7,2
201423S030325,1,9,0,18,0,1,0,0,0,0,1,1,2,2,27,6,1397,1,6,-1,-1
201423S030326,1,9,0,16,0,0,0,0,0,0,1,1,6,2,34,6,995,1,7,7,3
201423S030326,2,9,0,17,0,0,0,0,0,0,1,1,6,1,51,8,2179,2,1,10,1
201423S030335,1,3,0,9,0,3,1,0,0,0,3,1,2,1,22,5,125,1,6,10,1
201423S030338,1,9,0,17,0,0,0,0,0,0,1,1,6,2,23,5,-1,-1,-1,8,3
201423S030338,2,9,0,16,0,0,0,0,0,0,1,1,6,2,53,8,2967,2,2,9,3
201423S030339,1,9,0,17,0,0,5,0,1,9,4,1,6,1,34,6,1896,2,12,8,1
201423S030340,1,9,0,17,0,0,1,0,1,4,4,1,6,1,46,8,-1,-1,-1,6,3
201423S030348,1,9,0,9,0,1,0,0,1,9,3,1,1,1,32,6,1781,1,9,9,1
201423S030348,2,9,0,18,0,1,1,0,0,0,1,1,1,1,54,8,2967,2,2,-1,-1
201423S030350,1,9,0,18,0,8,0,0,0,0,1,1,6,2,23,5,-1,-1,-1,-1,-1
201423S030350,2,9,0,10,0,8,0,0,0,0,2,1,2,2,23,5,-1,-1,-1,9,3
201423S030351,1,9,0,4,0,8,0,0,0,0,0,1,6,2,53,8,1197,1,2,10,1
201423S030351,2,9,0,4,0,8,0,0,0,0,0,1,6,1,47,8,-1,-1,-1,9,3
201423S030351,3,5,0,4,0,8,0,0,0,0,4,1,6,1,66,10,-1,-1,-1,9,2
201423S030360,1,9,0,4,0,1,0,0,0,0,1,1,1,2,32,6,1368,1,3,6,1
201423S030360,2,9,0,4,0,1,0,0,0,0,2,1,6,1,33,6,2149,2,7,1,1
201423S030361,1,21,1,16,0,0,5,0,7,4,3,1,1,1,39,7,10837,2,6,-1,-1
201423S030371,1,19,0,18,0,2,0,4,0,0,2,1,1,1,28,6,-1,-1,-1,9,3
201423S030371,2,11,0,2,0,2,0,0,0,0,1,1,1,1,23,5,4250,2,3,9,2
201423S030374,1,9,0,18,0,6,0,0,3,10,1,1,6,1,87,11,1360,1,9,9,2
201423S030375,1,9,0,9,0,5,0,0,0,0,4,1,1,2,65,9,1995,1,10,-1,-1
201423S030375,2,19,0,18,0,1,0,0,0,0,1,1,6,1,64,9,1686,2,11,-1,-1
201423S030376,1,9,0,7,0,6,0,0,0,0,3,1,2,1,22,5,2979,1,-1,4,1
201423S030376,2,1,0,18,0,1,0,0,0,0,1,1,2,1,57,9,-1,-1,-1,7,3
201423S030380,1,9,0,16,0,0,0,0,7,1,1,1,6,1,78,11,1200,1,-1,7,1
201423S030382,1,9,0,18,0,1,1,0,0,0,1,1,1,1,44,7,1360,1,12,-1,-1
201423S030382,2,9,0,10,0,1,0,0,0,0,2,1,1,2,42,7,1995,2,9,8,3
201423S030388,1,9,0,17,0,0,2,0,1,10,4,1,2,2,31,6,2496,1,12,7,3
201423S030389,1,9,0,9,0,6,0,0,0,0,3,1,6,2,58,9,1582,2,5,1,1
201423S030389,2,9,0,17,0,8,0,0,0,0,1,1,6,2,25,5,1349,1,4,4,2
201423S030391,1,1,0,18,0,0,0,0,0,0,1,1,6,1,8,2,-1,-1,-1,10,2
201423S030391,2,9,0,18,0,0,1,0,0,0,3,1,6,1,20,4,1796,1,4,7,2
201423S030392,1,9,0,18,0,5,1,0,1,0,4,1,1,1,52,8,1995,2,2,8,3
201423S030392,2,19,0,18,0,3,0,0,0,0,1,1,6,3,-1,-1,-1,-1,-1,-1,-1
201423S030396,1,9,0,5,0,6,0,0,0,0,1,1,6,1,48,8,1870,2,11,7,2
201423S030396,2,9,0,9,0,6,0,0,0,0,4,1,6,2,55,8,998,1,2,8,3
201423S030397,1,19,0,18,0,0,0,0,0,0,4,1,1,1,57,9,2497,2,1,10,1
201423S030398,1,9,0,18,0,0,0,0,0,0,1,1,6,1,20,4,1124,1,13,6,2
201423S030398,2,9,0,3,0,0,0,0,0,0,2,1,6,1,29,6,1588,1,12,9,1
201423S030405,1,9,0,9,0,1,0,0,7,0,1,1,6,2,24,5,-1,-1,-1,-1,-1
201423S030405,2,9,0,18,0,8,0,0,1,0,1,1,6,1,33,6,-1,-1,-1,10,1
201423S030412,1,9,0,16,0,0,5,0,7,10,1,1,1,2,45,7,1396,1,5,9,2
201423S030415,1,9,0,18,0,0,1,0,1,4,1,1,6,1,60,9,1998,2,12,8,3
201423S030421,1,9,0,5,0,4,0,0,0,0,1,1,6,2,55,8,998,1,1,6,3
201423S030421,2,9,0,3,0,1,0,0,0,0,2,1,6,2,31,6,1124,1,13,-1,1
201423S030423,1,9,0,17,0,0,0,0,2,0,4,1,6,2,45,7,1368,1,7,8,2
201423S030431,1,9,0,18,6,0,0,4,0,0,1,1,6,2,62,9,1240,1,4,-1,1
201423S030431,2,9,0,2,6,0,0,0,0,0,2,1,1,1,39,7,1598,2,1,-1,-1
201423S030434,1,9,0,7,0,4,0,0,0,0,0,1,6,3,-1,-1,-1,-1,-1,-1,-1
201423S030434,2,5,0,18,0,8,1,0,0,0,4,1,6,1,41,7,599,1,3,8,3
201423S030436,1,9,0,18,0,1,0,0,0,0,0,1,6,1,57,9,2497,2,20,9,3
201423S030436,2,19,0,7,0,1,0,0,0,0,0,1,6,1,40,7,2477,2,1,-1,-1
201423S030436,3,9,0,4,0,1,0,0,0,0,2,1,6,2,18,4,-1,-1,-1,8,3
201423S030436,4,9,0,18,0,1,0,0,0,0,1,1,6,1,43,7,-1,-1,-1,10,2
201423S030437,1,9,0,9,0,6,0,0,0,0,1,1,6,1,17,4,1299,1,12,6,2
201423S030437,2,9,0,18,0,8,0,0,0,0,4,1,6,2,32,6,1600,1,15,6,2
201423S030438,1,9,0,17,0,0,0,0,1,10,1,1,2,2,54,8,1995,2,7,9,2
201423S030439,1,9,0,9,0,6,0,0,0,0,3,1,6,1,24,5,1896,2,15,3,1
201423S030439,2,9,0,18,0,8,0,0,0,0,1,1,6,2,22,5,796,1,14,1,1
201423S030441,1,9,0,16,0,0,5,0,8,4,3,1,6,1,32,6,-1,-1,-1,9,2
201423S030443,1,5,0,16,0,0,1,0,7,10,1,1,6,1,20,4,636,1,8,-1,-1
201423S030447,1,9,0,5,0,1,0,0,0,0,1,1,6,2,18,4,1598,1,1,-1,-1
201423S030447,2,1,0,10,0,1,0,0,0,0,2,1,6,1,22,5,-1,-1,-1,8,1
201423S030455,1,9,0,13,0,8,0,0,0,0,1,1,2,1,38,7,2993,2,1,6,2
201423S030455,2,9,0,9,0,5,0,0,7,4,3,1,6,2,63,9,1600,1,3,8,3
201423S030460,1,4,0,7,0,5,1,0,0,0,4,1,1,1,35,6,125,1,1,8,1
201423S030462,1,9,0,18,0,0,0,0,0,0,1,1,2,1,33,6,2987,2,2,5,1
201423S030462,2,9,0,4,0,0,0,0,0,0,2,1,2,2,32,6,1997,1,6,-1,3
201423S030462,3,9,0,18,0,0,0,0,1,0,1,1,2,2,21,5,995,1,7,9,2
201423S030465,1,9,0,16,0,3,0,0,1,7,1,1,6,1,27,6,2198,2,9,3,1
201423S030465,2,9,0,18,0,4,0,0,0,0,1,1,6,2,26,6,1800,1,15,4,1
201423S030466,1,9,0,9,0,5,0,0,0,0,1,1,6,1,34,6,1587,1,14,8,3
201423S030466,2,9,0,18,0,8,0,0,0,0,1,1,6,1,76,11,1948,1,17,2,1
201423S030467,1,5,0,18,0,0,0,0,1,0,1,1,6,1,27,6,649,1,15,9,2
201423S030467,2,9,0,4,0,0,0,0,0,0,2,1,6,1,45,7,1956,2,-1,1,1
201423S030468,1,3,0,18,0,0,0,0,0,0,1,1,6,1,28,6,124,1,2,9,1
201423S030470,1,9,0,9,0,6,0,0,0,0,1,1,6,2,50,8,1590,1,14,7,3
201423S030470,2,9,0,18,0,8,1,0,0,0,1,1,6,1,72,10,-1,-1,-1,7,3
201423S030471,1,9,0,14,0,0,0,0,0,0,1,1,6,2,55,8,998,1,4,7,3
201423S030471,2,10,0,2,0,0,0,0,0,0,0,1,1,1,33,6,-1,-1,-1,5,1
201423S030475,1,1,0,18,9,0,0,0,0,0,1,1,6,1,28,6,-1,-1,-1,-1,-1
201423S030475,2,9,0,2,0,0,0,0,0,0,4,1,6,2,63,9,1598,1,8,-1,-1
201423S030476,1,9,0,9,0,6,0,0,0,0,1,1,2,2,21,5,1587,1,10,9,3
201423S030476,2,9,0,18,0,8,0,0,0,0,1,1,2,2,50,8,1951,2,9,8,3
201423S030488,1,9,0,18,0,8,0,0,0,0,1,1,6,1,72,10,1997,2,1,-1,-1
201423S030488,2,9,0,4,0,8,0,0,0,0,2,1,6,1,56,9,-1,-1,-1,8,3
201423S030489,1,5,0,18,0,0,0,0,0,0,1,1,6,1,59,9,1783,1,5,-1,-1
201423S030489,2,19,0,4,0,0,0,0,0,0,2,1,6,1,26,6,-1,-1,-1,8,3
201423S030489,3,9,0,18,0,0,0,0,0,0,1,1,6,1,66,10,2435,1,17,8,3
201423S030501,1,1,0,18,0,2,0,4,0,0,1,1,6,1,32,6,-1,-1,-1,7,1
201423S030501,2,9,0,2,0,2,0,0,0,0,2,1,6,3,-1,-1,1390,1,10,-1,-1
201423S030502,1,9,0,18,0,0,2,0,2,4,3,1,6,1,25,5,1589,1,15,4,1
201423S030516,1,9,0,9,0,5,0,10,7,2,1,1,1,1,57,9,1461,2,-1,8,1
201423S030519,1,9,0,18,0,1,1,12,7,10,1,1,6,1,21,5,1396,1,9,10,1
201423S030526,1,9,0,17,0,0,0,10,1,10,4,1,6,2,20,4,1998,1,14,6,2
201423S030531,1,9,0,18,0,1,0,0,1,3,1,1,6,1,58,9,1598,2,2,-1,-1
201423S030533,1,3,0,18,0,0,1,0,0,0,3,1,6,1,18,4,124,1,5,9,2
201423S030533,2,9,0,18,0,0,0,0,0,0,0,1,6,2,33,6,1299,1,6,6,2
201423S030534,1,9,0,2,0,8,0,0,0,0,3,1,6,2,50,8,1997,2,3,5,1
201423S030534,2,1,0,18,0,8,0,0,0,0,4,1,6,1,77,11,-1,-1,-1,7,1
201423S030538,1,3,5,18,0,0,0,0,0,0,0,1,6,1,17,4,124,1,4,9,2
201423S030538,2,1,5,18,0,0,0,0,1,0,4,1,6,1,14,3,-1,-1,-1,9,2
201423S030544,1,21,1,13,0,0,0,0,0,0,0,1,1,1,31,6,11705,2,9,2,1
201423S030544,2,17,4,17,0,0,0,0,0,0,0,1,6,1,22,5,-1,-1,-1,-1,-1
201423S030544,3,9,0,16,0,0,1,0,1,4,1,1,6,2,17,4,1124,1,14,7,1
201423S030549,1,9,0,7,0,6,0,0,0,0,1,1,6,1,-1,-1,-1,-1,-1,-1,-1
201423S030549,2,1,0,18,5,8,0,0,0,0,4,1,2,1,18,4,-1,-1,-1,8,1
201423S030551,1,9,0,17,0,0,0,0,0,0,0,1,6,3,-1,-1,-1,-1,-1,-1,-1
201423S030551,2,9,0,16,0,0,1,0,1,10,1,1,1,2,19,4,998,1,1,8,1
201423S030555,1,9,0,17,0,0,1,0,8,4,1,1,2,1,33,6,-1,-1,-1,5,1
201423S030556,1,1,0,18,0,6,0,0,0,0,3,1,6,1,13,3,-1,-1,-1,8,3
201423S030556,2,9,0,18,0,8,0,0,0,0,1,1,6,1,55,8,1794,1,10,8,3
201423S030557,1,9,0,16,0,0,2,0,7,1,1,1,6,2,19,4,1388,1,13,9,3
201423S030563,1,8,0,18,0,0,0,0,0,0,1,1,1,1,29,6,1896,2,9,8,1
201423S030563,2,19,0,18,0,0,0,0,0,0,2,1,2,1,55,8,1560,2,6,8,1
201423S030564,1,9,0,18,0,0,1,0,0,0,3,1,6,1,26,6,1329,1,2,-1,-1
201423S030564,2,90,0,18,0,0,2,0,1,10,3,1,6,1,58,9,-1,-1,-1,9,3
201423S030575,1,9,0,18,0,3,0,0,0,0,1,1,6,2,59,9,1398,2,2,-1,-1
201423S030575,2,9,0,13,0,3,0,0,7,2,1,1,6,2,49,8,2400,2,4,7,3
201423S030576,1,21,1,17,0,8,0,0,0,0,3,1,1,1,49,8,-1,-1,-1,-1,-1
201423S030576,2,9,0,4,0,8,0,0,0,0,3,1,2,1,30,6,1390,1,7,-1,-1
201423S030581,1,9,0,9,0,5,0,0,0,0,1,1,6,1,36,7,1560,2,5,7,1
201423S030581,2,9,0,15,0,8,0,0,0,0,3,1,6,1,62,9,1986,2,6,-1,3
201423S030587,1,9,0,18,0,0,0,0,1,0,1,1,2,2,25,5,1299,1,9,4,1
201423S030587,2,9,0,18,0,0,0,0,1,0,1,1,2,1,24,5,2184,2,9,-1,-1
201423S030588,1,9,0,17,0,0,0,0,1,4,1,1,6,1,30,6,2231,2,1,4,1
201423S030589,1,9,0,17,0,0,5,0,2,4,1,1,6,1,23,5,1595,1,14,6,1
201423S030597,1,9,0,7,0,3,0,0,0,0,1,1,2,1,32,6,1242,1,13,-1,-1
201423S030597,2,9,0,7,0,4,0,0,0,0,1,1,2,1,25,5,1199,2,1,1,1
201423S030598,1,9,0,5,0,4,0,0,0,0,1,1,2,1,36,7,1956,2,2,6,1
201423S030598,2,1,0,18,0,8,0,0,0,0,2,1,2,1,21,5,-1,-1,-1,3,1
201423S030605,1,9,0,18,0,0,1,0,1,10,1,1,6,1,27,6,1781,1,13,2,1
201423S030606,1,9,0,17,0,0,0,0,1,9,1,1,6,1,70,10,1997,2,1,6,1
201423S030607,1,1,0,18,0,0,1,0,8,0,3,1,6,2,59,9,-1,-1,-1,-1,-1
201423S030616,1,3,0,16,0,0,1,4,1,0,1,1,6,1,17,4,124,1,6,9,1
201423S030616,2,9,0,17,0,0,0,0,0,0,3,1,6,1,80,11,1399,1,4,7,1
201423S030616,3,9,0,2,0,0,0,0,0,0,4,1,6,2,58,9,1991,1,11,3,1
201423S030616,4,9,0,2,0,0,0,0,0,0,4,1,6,1,71,10,1198,1,11,3,1
201423S030618,1,9,0,9,0,6,0,0,0,0,3,1,6,2,17,4,1199,1,11,9,3
201423S030618,2,9,0,17,0,8,0,0,0,0,1,1,6,1,56,9,-1,-1,-1,-1,3
201423S030618,3,9,0,10,0,8,0,0,0,0,0,1,6,2,49,8,2496,1,13,9,2
201423S030621,1,5,0,4,0,1,0,0,0,0,4,1,6,1,65,9,1170,1,7,7,3
201423S030623,1,9,0,18,0,0,1,0,0,0,1,1,6,2,39,7,1995,2,4,6,3
201423S030623,2,9,0,18,0,0,1,0,1,10,1,1,6,2,20,4,1229,1,6,8,3