Accident_Index,Vehicle_Reference,Vehicle_Type,Towing_and_Articulation,Vehicle_Manoeuvre,Vehicle_Location-Restricted_Lane,Junction_Location,Skidding_and_Overturning,Hit_Object_in_Carriageway,Vehicle_Leaving_Carriageway,Hit_Object_off_Carriageway,1st_Point_of_Impact,Was_Vehicle_Left_Hand_Drive?,Journey_Purpose_of_Driver,Sex_of_Driver,Age_of_Driver,Age_Band_of_Driver,Engine_Capacity_(CC),Propulsion_Code,Age_of_Vehicle,Driver_IMD_Decile,Driver_Home_Area_Type
201423S030632,1,9,0,5,0,4,0,0,0,0,1,1,6,3,-1,-1,-1,-1,-1,-1,-1
201423S030632,2,1,0,17,0,8,0,0,0,0,4,1,6,1,22,5,-1,-1,-1,8,1
201423S030641,1,3,0,18,0,0,0,0,0,0,3,1,6,1,19,4,125,1,4,9,2
201423S030641,2,9,0,18,0,0,0,0,0,0,3,1,2,1,30,6,1461,2,6,9,2
201423S030642,1,9,0,18,0,0,0,0,0,0,1,1,2,1,23,5,1124,1,13,7,1
201423S030642,2,9,0,3,0,0,0,0,0,0,2,1,2,2,38,7,1560,2,8,7,3
201423S030645,1,9,0,18,0,0,0,0,0,0,4,1,6,1,60,9,2088,2,18,8,2
201423S030651,1,5,0,17,0,0,0,0,0,0,3,1,6,1,53,8,750,1,15,9,2
201423S030652,1,9,0,7,0,3,0,0,0,0,1,1,6,3,-1,-1,1998,1,8,-1,-1
201423S030652,2,9,0,18,0,8,0,0,0,0,2,1,6,2,29,6,1995,2,2,8,1
201423S030660,1,9,0,17,0,0,1,0,2,4,2,1,1,1,56,9,1910,2,8,7,1
201423S030662,1,9,0,9,0,6,0,0,0,0,1,1,6,1,59,9,1956,2,1,9,2
201423S030663,1,9,0,18,0,1,0,4,0,0,1,1,6,1,78,11,1995,2,3,7,3
201423S030663,2,19,0,2,0,1,0,0,0,0,2,1,1,1,42,7,2148,2,6,-1,-1
201423S030666,1,9,0,18,0,1,0,0,0,0,1,1,3,2,34,6,1796,1,10,9,3
201423S030666,2,1,0,18,0,1,0,0,0,0,2,1,6,1,45,7,-1,-1,-1,8,1
201423S030676,1,9,0,18,0,8,1,0,0,0,1,1,6,2,44,7,1598,1,4,10,1
201423S030676,2,9,0,18,0,8,5,0,0,0,3,1,6,2,67,10,1242,1,6,9,2
201423S030682,1,19,0,5,0,6,0,0,0,0,4,1,6,1,-1,-1,-1,-1,-1,-1,-1
201423S030682,2,1,0,5,0,4,0,0,0,0,3,1,2,1,18,4,-1,-1,-1,8,3
201423S030696,1,5,0,16,0,0,1,0,0,0,3,1,6,1,48,8,988,1,10,8,1
201423S030701,1,19,0,4,0,1,0,0,0,0,1,1,1,1,24,5,1560,2,-1,8,1
201423S030701,2,3,0,4,0,1,0,0,0,0,2,1,2,2,34,6,125,1,2,7,1
201423S030708,1,9,0,7,0,6,0,0,0,0,1,1,6,1,83,11,2188,2,9,9,3
201423S030708,2,9,0,18,0,8,0,0,0,0,1,1,2,2,22,5,1783,1,12,10,1
201423S030709,1,9,0,18,0,0,0,0,0,0,4,1,6,3,-1,-1,-1,-1,-1,-1,-1
201423S030710,1,9,0,16,0,0,2,0,2,10,1,1,6,1,21,5,1598,1,9,5,2
201423S030712,1,19,0,13,0,0,2,0,1,4,4,1,6,1,34,6,2402,2,10,10,1
201423S030712,2,9,0,18,0,0,0,0,0,0,3,1,6,1,79,11,1896,2,9,-1,3
201423S030713,1,9,0,9,0,6,0,0,1,10,1,1,2,2,24,5,998,1,1,6,2
201423S030713,2,19,0,18,0,8,0,0,7,4,1,1,1,1,47,8,2198,2,-1,8,2
201423S030732,1,9,0,5,0,0,0,0,0,0,1,1,6,1,26,6,-1,-1,-1,7,1
201423S030732,2,11,0,18,0,0,0,0,0,0,1,1,1,1,47,8,6700,2,2,3,1
201423S030738,1,9,0,18,0,0,0,0,0,0,4,1,2,1,22,5,1798,1,-1,3,1
201423S030739,1,9,0,9,0,5,0,0,7,0,1,1,2,2,59,9,1199,1,10,-1,-1
201423S030739,2,9,0,18,0,8,0,0,0,0,1,1,2,2,22,5,1399,2,3,10,1
201423S030749,1,3,0,16,0,8,1,0,0,0,3,1,6,1,17,4,124,1,5,2,1
201423S030749,2,9,0,17,0,8,0,0,0,0,3,1,6,2,48,8,-1,-1,-1,-1,-1
201423S030757,1,9,0,9,0,8,0,0,0,0,1,1,6,1,67,10,3199,1,14,-1,-1
201423S030757,2,9,0,18,0,1,0,0,0,0,1,1,6,2,43,7,1686,2,5,10,1
201423S030758,1,9,0,18,0,0,0,0,1,3,1,1,2,2,20,4,1951,2,13,8,3
201423S030762,1,9,0,18,0,1,0,0,0,0,1,1,1,1,30,6,2993,2,-1,-1,-1
201423S030762,2,19,0,10,0,8,0,0,0,0,2,1,1,1,29,6,2198,2,3,8,1
201423S030768,1,9,0,17,0,0,0,0,0,0,1,1,6,3,-1,-1,-1,-1,-1,-1,-1
201423S030771,1,9,0,4,0,1,0,0,0,0,1,1,6,1,19,4,1590,1,9,7,1
201423S030771,2,9,0,4,0,1,0,0,0,0,2,1,6,2,49,8,1242,1,2,6,2
201423S030772,1,9,0,18,0,1,1,0,7,4,1,1,6,1,21,5,1990,1,15,8,3
201423S030779,1,19,0,17,0,0,1,0,0,0,1,1,1,2,42,7,1765,2,14,5,1
201423S030779,2,21,1,18,0,0,0,0,0,0,1,1,1,1,41,7,10837,2,3,7,1
201423S030783,1,19,0,18,0,4,0,0,0,0,3,1,1,1,68,10,2198,2,5,6,1
201423S030783,2,5,0,18,0,8,1,0,0,0,4,1,2,1,21,5,598,1,17,-1,-1
201423S030784,1,9,0,18,0,4,0,0,0,0,1,1,6,1,27,6,1796,1,12,-1,-1
201423S030784,2,9,0,18,0,8,0,0,0,0,3,1,6,2,22,5,1299,1,10,6,1
201423S030785,1,9,0,18,0,3,0,0,0,0,1,1,6,3,-1,-1,1986,2,8,-1,-1
201423S030796,1,9,0,18,0,0,1,0,0,0,1,1,6,1,39,7,1598,1,11,3,1
201423S030796,2,5,0,3,0,0,0,0,0,0,2,1,6,1,65,9,1690,1,-1,-1,-1
201423S030805,1,9,0,18,0,0,5,10,1,10,1,1,6,2,20,4,1229,1,9,6,3
201423S030806,1,9,0,17,0,0,1,0,0,0,4,1,6,2,45,7,1124,1,9,6,2
201423S030806,2,9,0,16,0,0,0,0,0,0,1,1,6,2,24,5,998,1,9,8,3
201423S030820,1,90,0,18,0,6,0,0,0,0,1,1,1,1,44,7,3908,2,7,-1,-1
201423S030820,2,19,0,18,0,8,0,0,0,0,4,1,6,1,72,10,2198,2,6,-1,-1
201423S030822,1,1,0,18,0,0,0,0,0,0,1,1,6,1,37,7,-1,-1,-1,-1,-1
201423S030826,1,9,0,17,0,0,1,0,1,4,1,1,6,2,19,4,1242,1,12,8,3
201423S030831,1,9,0,18,0,8,0,0,0,0,1,1,6,2,37,7,1896,2,12,9,3
201423S030831,2,9,0,18,0,8,0,0,0,0,1,1,6,1,67,10,1360,1,4,1,1
201423S030831,3,9,0,10,0,8,0,0,0,0,0,1,6,2,21,5,1689,2,11,7,3
201423S030832,1,9,0,5,0,6,0,0,0,0,1,1,6,2,56,9,1229,1,4,9,3
201423S030832,2,19,0,3,0,1,0,0,0,0,3,1,6,1,61,9,-1,-1,-1,9,2
201423S030832,3,9,0,18,0,1,5,0,0,0,1,1,6,2,37,7,1975,1,5,9,1
201423S030834,1,9,0,18,0,0,0,0,0,0,0,1,6,1,37,7,1399,1,9,-1,-1
201423S030834,2,8,0,4,0,0,0,0,0,0,2,1,1,1,46,8,-1,-1,-1,-1,1
201423S030837,1,9,0,18,0,0,0,0,0,0,2,1,6,1,20,4,1400,1,16,-1,-1
201423S030837,2,1,0,1,0,0,0,0,0,0,1,1,6,1,30,6,-1,-1,-1,9,2
201423S030843,1,9,0,18,0,1,0,0,0,0,1,1,6,2,63,9,1984,1,2,7,3
201423S030843,2,9,0,4,0,1,0,0,0,0,2,1,6,1,72,10,1296,1,8,10,2
201423S030843,3,19,0,4,0,1,0,0,0,0,2,1,1,1,43,7,1248,2,3,5,1
201423S030850,1,9,0,18,0,2,0,0,0,0,1,1,6,1,35,6,1997,2,12,10,2
201423S030850,2,9,0,4,0,2,0,0,0,0,2,1,6,1,61,9,1598,1,-1,10,1
201423S030850,3,9,0,4,0,2,0,0,0,0,2,1,6,2,38,7,1896,2,11,4,1
201423S030857,1,9,0,18,0,6,0,0,0,0,3,1,6,1,19,4,1299,1,11,-1,1
201423S030857,2,9,0,18,0,5,0,0,0,0,4,1,6,1,66,10,1896,2,17,9,2
201423S030858,1,9,0,17,0,0,2,10,7,4,1,1,6,1,25,5,1598,1,13,9,3
201423S030858,2,9,0,16,0,0,0,0,0,0,1,1,6,1,38,7,4735,1,-1,6,2
201423S030861,1,9,0,16,0,1,1,0,0,0,1,1,6,1,20,4,-1,-1,-1,9,3
201423S030861,2,17,4,9,0,5,0,0,0,0,3,1,1,1,55,8,-1,2,16,8,3
201423S030862,1,9,0,2,0,0,0,0,0,0,4,1,6,2,20,4,1197,1,2,10,1
201423S030863,1,19,0,18,0,1,0,0,0,0,1,1,1,1,30,6,2198,2,2,-1,-1
201423S030863,2,9,0,3,0,1,0,0,0,0,2,1,2,2,27,6,973,1,11,10,1
201423S030869,1,9,0,18,0,1,0,0,0,0,1,1,6,1,33,6,1498,1,5,7,3
201423S030869,2,9,0,9,0,5,0,0,0,0,3,1,6,1,68,10,2204,2,8,10,1
201423S030870,1,9,0,16,0,0,0,0,7,4,1,1,2,2,38,7,1368,1,4,8,2
201423S030882,1,9,0,18,0,1,0,0,0,0,4,1,6,1,34,6,1991,1,16,-1,-1
201423S030882,2,1,0,18,0,1,0,0,0,0,3,1,6,1,32,6,-1,-1,-1,-1,-1
201423S030891,1,9,0,7,0,6,0,0,0,0,1,1,2,2,35,6,1198,1,4,8,1
201423S030892,1,3,0,18,0,0,0,0,7,0,4,1,6,1,19,4,125,1,5,9,2
201423S030892,2,9,0,4,0,0,0,0,0,0,3,1,6,2,36,7,1560,2,1,9,3
201423S030892,3,9,0,4,0,0,0,0,0,0,0,1,6,2,50,8,1198,1,-1,9,2
201423S030892,4,9,0,18,0,0,0,0,0,0,0,1,1,1,42,7,2993,2,4,5,1
201423S030903,1,9,0,13,0,0,0,0,7,0,1,1,6,2,37,7,1560,2,6,8,1
201423S030903,2,19,0,18,0,0,0,0,0,0,1,1,6,1,27,6,1461,2,9,5,1
201423S030903,3,21,1,18,0,0,0,0,0,0,3,1,1,1,54,8,11116,2,9,-1,1
201423S030910,1,5,0,14,0,8,0,0,0,0,1,1,2,1,42,7,1731,1,-1,-1,-1
201423S030910,2,9,0,9,0,5,0,0,0,0,3,1,2,1,40,7,1998,2,6,6,2
201423S030912,1,9,0,17,0,0,1,0,1,9,1,1,6,1,52,8,2495,2,11,7,3
201423S030913,1,9,0,4,0,1,0,10,1,10,1,1,6,2,85,11,1149,1,11,10,2
201423S030915,1,9,0,13,0,8,1,0,1,9,1,1,6,1,45,7,3999,1,6,2,1
201423S030915,2,9,0,9,0,5,1,0,7,1,2,1,6,1,59,9,2400,2,5,7,1
201423S030917,1,9,0,18,0,1,0,0,0,0,3,1,6,3,-1,-1,1995,1,8,-1,-1
201423S030931,1,5,0,16,0,0,1,0,0,0,1,1,2,1,53,8,988,1,11,-1,-1
201423S030931,2,17,4,16,0,0,0,0,0,0,2,1,1,1,54,8,-1,-1,-1,7,3
201423S030932,1,5,0,14,0,0,1,0,0,0,1,1,2,1,45,7,1137,1,13,-1,-1
201423S030932,2,9,0,9,7,0,0,0,0,0,2,1,2,1,56,9,-1,-1,-1,8,3
201423S030934,1,5,0,18,0,0,1,0,0,0,3,1,2,1,24,5,600,1,-1,9,3
201423S030934,2,19,0,13,0,0,0,0,0,0,3,1,1,1,69,10,2143,2,3,7,3
201423S030939,1,9,0,18,0,0,0,0,0,0,4,1,6,3,-1,-1,-1,-1,-1,-1,-1
201423S030943,1,9,0,18,0,4,0,0,0,0,1,1,6,2,82,11,1341,1,9,-1,-1
201423S030943,2,9,0,9,0,8,0,0,0,0,2,1,6,2,73,10,1596,1,10,7,2
201423S030945,1,19,0,16,0,0,0,0,0,0,1,1,2,1,29,6,1598,2,-1,9,3
201423S030945,2,9,0,17,0,0,0,0,0,0,1,1,2,2,42,7,1596,1,5,6,2
201423S030947,1,9,0,13,0,8,1,0,7,0,4,1,1,1,30,6,1995,2,6,4,1
201423S030947,2,9,0,9,0,5,0,0,0,0,3,1,6,2,40,7,1997,2,1,7,3
201423S030950,1,19,0,18,0,4,0,0,0,0,1,1,2,1,56,9,2402,2,9,-1,-1
201423S030950,2,19,0,3,0,1,0,0,0,0,2,1,1,1,46,8,-1,-1,-1,10,1
201423S030951,1,9,0,16,0,0,0,0,1,4,1,1,6,2,34,6,1910,2,8,7,3
201423S030953,1,9,0,17,0,0,2,10,2,9,4,1,6,2,19,4,1149,1,9,10,2
201423S030955,1,9,0,17,0,0,1,0,1,4,1,1,2,1,23,5,1196,1,18,8,3
201423S030962,1,9,0,9,0,6,0,0,0,0,1,1,6,1,18,4,998,1,2,8,1
201423S030962,2,9,0,18,0,8,0,0,0,0,3,1,6,2,46,8,1398,2,12,6,2
201423S030967,1,9,0,17,0,0,0,0,0,0,1,1,2,1,26,6,1388,1,7,-1,1
201423S030967,2,9,0,16,0,0,0,0,0,0,3,1,6,2,62,9,1910,2,7,9,3
201423S030972,1,9,0,9,0,5,1,7,0,0,4,1,1,1,41,7,1998,2,4,3,1
201423S030972,2,9,0,18,0,8,1,0,0,0,1,1,2,1,46,8,1598,1,8,8,1
201423S030972,3,9,0,4,0,8,0,0,0,0,3,1,6,1,44,7,1997,2,5,-1,-1
201423S030979,1,9,0,18,0,0,1,0,2,4,1,1,2,2,19,4,999,1,14,8,1
201423S030984,1,19,0,9,0,6,0,0,0,0,0,1,1,1,29,6,1753,2,7,1,1
201423S030984,2,1,0,18,0,1,0,0,0,0,3,1,6,2,26,6,-1,-1,-1,7,1
201423S030986,1,9,0,9,0,8,0,0,0,0,2,1,6,1,45,7,1596,1,5,4,1
201423S030986,2,5,0,18,0,3,0,0,0,0,1,1,6,2,53,8,998,1,12,1,1
201423S030989,1,9,0,13,0,0,0,0,0,0,4,1,6,2,27,6,1199,2,-1,9,3
201423S030989,2,1,0,18,0,0,0,0,0,0,3,1,6,1,54,8,-1,-1,-1,-1,-1
201423S030999,1,9,0,18,0,2,0,0,0,0,1,1,6,2,71,10,1124,1,12,7,1
201423S031001,1,9,0,18,0,0,2,0,2,9,1,1,6,1,45,7,2544,1,16,6,3
201423S031007,1,9,0,9,0,6,0,0,0,0,1,1,6,1,71,10,1298,1,7,10,1
201423S031007,2,9,0,9,0,5,0,0,0,0,3,1,6,2,25,5,1329,1,4,1,1
201423S031012,1,9,0,5,0,6,0,0,0,0,1,1,6,1,46,8,1339,1,5,7,1
201423S031012,2,9,0,18,0,8,1,0,0,0,3,1,6,1,63,9,-1,-1,-1,9,2
201423S031015,1,1,0,18,0,0,0,0,0,0,3,1,6,1,54,8,-1,-1,-1,10,1
201423S031016,1,9,0,17,0,0,0,0,1,10,1,1,6,2,53,8,1598,1,1,6,3
201423S031018,1,9,0,6,0,8,0,0,0,0,1,1,6,1,69,10,998,1,-1,10,1
201423S031018,2,9,0,18,0,8,5,0,7,0,1,1,6,2,36,7,999,1,2,8,1
201423S031022,1,9,0,9,0,5,0,0,0,0,4,1,6,1,20,4,1968,2,5,8,3
201423S031022,2,5,0,18,0,8,0,0,0,0,1,1,6,1,66,10,748,1,17,10,2
201423S031028,1,17,5,18,0,0,5,0,1,10,4,1,1,1,30,6,5883,2,13,-1,1
201423S031028,2,3,0,18,0,0,1,0,0,0,1,1,2,1,23,5,125,1,1,8,3
201423S031028,3,5,0,18,0,0,0,0,0,0,1,1,6,1,47,8,649,1,-1,7,2
201423S031031,1,9,0,7,0,4,0,0,0,0,1,1,2,1,27,6,998,1,9,-1,1
201423S031031,2,9,0,8,0,1,0,0,0,0,2,1,6,2,28,6,1997,2,4,1,1
201423S031033,1,9,0,13,0,8,0,0,0,0,1,1,1,1,49,8,1560,2,-1,9,1
201423S031033,2,17,4,9,0,5,0,0,0,0,2,1,1,1,20,4,4400,2,4,8,3
201423S031040,1,9,0,5,0,4,0,0,0,0,1,1,6,1,80,11,1248,1,1,4,1
201423S031040,2,9,0,4,0,4,0,0,0,0,2,1,6,2,21,5,1248,1,4,8,1
201423S031041,1,9,0,17,0,8,0,0,0,0,1,1,6,1,17,4,998,1,3,8,3
201423S031041,2,9,0,16,0,8,0,0,0,0,1,1,3,1,39,7,1560,2,3,8,2
201423S031042,1,9,0,18,0,4,0,0,0,0,2,1,6,1,44,7,-1,-1,-1,7,2
201423S031042,2,1,0,18,0,8,0,0,0,0,1,1,6,1,18,4,-1,-1,-1,9,3
201423S031064,1,9,0,6,0,8,0,0,0,0,3,1,6,2,22,5,1596,1,8,5,2
201423S031064,2,3,0,18,0,1,0,0,0,0,1,1,1,1,19,4,-1,-1,-1,8,1
201423S031070,1,9,0,18,0,1,0,0,0,0,3,1,6,1,28,6,1968,2,2,-1,3
201423S031070,2,1,0,5,0,6,0,0,0,0,1,1,6,1,11,3,-1,-1,-1,9,1
201423S031073,1,9,0,12,0,0,1,0,0,0,1,1,6,1,32,6,1389,1,12,-1,-1
201423S031073,2,9,0,4,0,0,0,0,0,0,2,1,1,1,25,5,1598,2,1,-1,1
201423S031079,1,5,0,16,0,0,1,0,8,7,1,1,6,1,54,8,1052,1,18,10,1
201423S031082,1,19,0,1,0,1,0,0,0,0,2,1,6,1,42,7,1995,2,-1,-1,-1
201423S031082,2,1,0,3,0,1,0,0,0,0,3,1,6,1,53,8,-1,-1,-1,10,1
201423S031084,1,5,0,18,0,1,1,0,0,0,1,1,6,1,81,11,850,1,17,5,1
201423S031084,2,5,0,18,0,1,1,0,0,0,1,1,6,1,67,10,980,1,22,10,3
201423S031084,3,9,0,4,0,1,0,0,0,0,2,1,6,1,58,9,1988,1,12,5,1
201423S031084,4,9,0,10,0,1,0,0,0,0,0,1,6,1,37,7,1995,2,-1,-1,-1
201423S031094,1,9,0,18,0,8,0,0,0,0,1,1,6,1,30,6,3246,1,13,10,2
201423S031094,2,9,0,18,0,6,5,0,1,10,3,1,6,1,51,8,1248,2,-1,3,1
201423S031098,1,9,0,18,0,8,0,0,0,0,1,1,6,1,87,11,1560,2,3,7,3
201423S031098,2,9,0,4,0,8,0,0,0,0,2,1,6,2,52,8,1388,1,9,-1,1
201423S031099,1,9,0,18,0,0,0,0,0,0,1,1,6,1,78,11,1560,2,5,9,3
201423S031100,1,1,0,18,0,0,0,0,0,0,4,1,6,1,70,10,-1,-1,-1,10,3
201423S031100,2,9,0,18,0,0,0,0,1,0,1,1,2,1,24,5,-1,-1,-1,-1,3
201423S031104,1,9,0,18,0,0,0,0,0,0,1,1,6,1,50,8,2231,2,1,-1,1
201423S031109,1,9,0,18,0,0,0,0,1,4,1,1,3,2,48,8,1242,1,3,-1,-1
201423S031115,1,9,0,17,0,8,0,0,0,0,2,1,6,2,38,7,1998,2,2,3,1
201423S031115,2,5,0,18,0,8,0,0,0,0,1,1,6,1,59,9,1247,1,-1,6,1
201423S031117,1,9,0,18,0,0,0,0,0,0,1,1,6,3,-1,-1,-1,-1,-1,-1,-1
201423S031120,1,20,0,18,0,2,0,0,0,0,3,1,1,1,36,7,-1,-1,-1,10,1
201423S031122,1,9,0,18,0,6,0,0,7,10,4,1,2,2,23,5,1397,1,13,5,1
201423S031122,2,9,0,18,0,8,0,0,0,0,1,1,2,1,64,9,1397,1,5,8,3
201423S031123,1,19,0,13,0,3,0,0,0,0,4,1,6,3,-1,-1,1968,2,3,-1,-1
201423S031123,2,9,0,9,0,3,0,0,0,0,3,1,3,2,72,10,1248,1,3,-1,1
201423S031127,1,9,0,18,0,0,0,0,2,0,3,1,6,1,22,5,1910,2,6,-1,1
201423S031127,2,9,0,18,0,0,5,0,2,10,3,1,6,2,23,5,1997,1,10,4,1
201423S031132,1,2,0,18,0,0,0,0,0,0,1,1,6,1,16,4,49,1,6,9,2
201423S031132,2,9,0,4,0,0,0,0,0,0,2,1,6,2,31,6,1997,1,6,9,2
201423S031134,1,9,0,18,0,0,0,0,0,0,0,1,6,3,-1,-1,-1,-1,-1,-1,-1
201423S031134,2,9,0,18,0,0,2,0,1,10,1,1,6,1,23,5,1199,1,10,-1,1
201423S031136,1,9,0,18,0,0,0,0,2,7,1,1,6,2,51,8,1998,1,18,7,3
201423S031138,1,9,0,16,0,0,0,0,0,0,1,1,6,1,20,4,-1,-1,-1,-1,-1
201423S031138,2,2,0,17,0,0,0,0,0,0,1,1,4,2,16,4,49,1,4,-1,1
201423S031141,1,9,0,18,0,1,0,0,0,0,1,1,6,1,29,6,1896,2,12,-1,1
201423S031141,2,9,0,5,0,6,0,0,0,0,3,1,6,2,80,11,998,1,13,6,2
201423S031152,1,3,0,18,0,1,0,0,0,0,3,1,6,1,22,5,124,1,-1,7,3
201423S031153,1,19,0,13,0,1,1,0,1,0,4,1,1,1,56,9,1560,2,2,5,1
201423S031153,2,9,0,7,0,1,0,0,1,9,4,1,6,2,62,9,1999,1,6,9,1
201423S031163,1,9,0,12,0,8,0,0,0,0,3,1,2,2,32,6,2000,2,4,5,1
201423S031163,2,9,0,9,0,8,0,0,0,0,4,1,2,1,32,6,1968,2,2,4,1
201423S031164,1,9,0,16,0,0,0,0,7,4,1,1,6,1,23,5,2198,1,12,-1,1
201423S031166,1,9,0,17,0,0,0,0,2,4,1,1,6,1,22,5,998,1,10,6,2
201423S031169,1,9,0,9,0,6,0,0,0,0,3,1,6,2,82,11,1731,1,17,9,1
201423S031169,2,5,0,18,0,1,1,0,0,0,1,1,6,1,58,9,992,1,11,10,1
201423S031171,1,9,0,18,0,0,0,0,0,0,4,1,6,2,49,8,2460,2,9,7,2
201423S031171,2,16,0,18,0,0,0,0,0,0,3,1,6,2,37,7,-1,-1,-1,7,2
201423S031171,3,16,0,18,0,0,0,0,0,0,0,1,6,2,32,6,-1,-1,-1,8,3
201423S031172,1,9,0,18,0,0,1,0,7,10,1,1,6,1,27,6,2521,1,8,3,1
201423S031180,1,9,0,5,0,8,0,0,0,0,1,1,6,2,76,11,1390,1,13,-1,-1
201423S031180,2,2,0,3,0,8,0,0,0,0,2,1,6,2,45,7,124,1,2,8,2
201423S031181,1,9,0,18,0,1,0,0,0,0,1,1,3,1,51,8,1995,2,-1,7,3
201423S031181,2,9,0,3,0,1,0,0,0,0,2,1,6,2,52,8,1598,1,3,2,2
201423S031187,1,5,0,14,0,8,0,0,7,0,1,1,2,1,28,6,-1,-1,-1,-1,-1
201423S031187,2,9,0,9,0,6,0,0,0,0,1,1,2,1,39,7,-1,-1,-1,6,3
201423S031187,3,9,0,3,0,8,0,0,0,0,0,1,2,2,40,7,2000,2,8,8,1
201423S031189,1,9,0,17,0,0,2,10,0,0,3,1,6,1,25,5,998,1,2,8,3
201423S031191,1,9,0,18,0,2,0,4,0,0,1,1,6,1,64,9,1390,1,11,9,3
201423S031191,2,19,4,2,0,2,0,0,0,0,2,1,1,1,41,7,2402,2,14,1,1
201423S031200,1,19,0,18,0,8,1,10,1,1,1,1,2,1,20,4,1968,2,1,8,1
201423S031200,2,9,0,9,0,5,0,0,0,0,1,1,2,2,27,6,1242,1,5,9,2
201423S031200,3,9,0,10,0,8,0,0,0,0,3,1,2,2,56,9,1397,1,2,9,2
201423S031212,1,9,0,16,0,0,0,0,0,0,0,1,6,3,-1,-1,-1,-1,-1,-1,-1
201423S031212,2,9,0,17,0,0,1,0,1,4,1,1,2,1,40,7,1969,2,-1,8,3
201423S031216,1,5,0,4,0,0,1,0,0,0,3,1,6,2,45,7,918,1,16,8,1
201423S031217,1,1,0,18,0,1,0,0,0,0,1,1,6,1,20,4,-1,-1,-1,-1,-1
201423S031217,2,9,0,8,0,1,0,0,0,0,4,1,6,2,18,4,1248,1,1,6,2
201423S031219,1,9,0,13,0,8,0,0,0,0,4,1,2,1,47,8,1995,2,1,-1,-1
201423S031219,2,9,0,9,0,8,0,0,8,0,3,1,6,2,28,6,2231,2,-1,9,1
201423S031233,1,9,0,18,0,8,1,0,0,0,1,1,6,2,54,8,1560,2,3,-1,2
201423S031233,2,9,0,3,0,8,0,0,0,0,2,1,6,2,37,7,1984,1,3,-1,1
201423S031233,3,9,0,10,0,8,0,0,0,0,2,1,6,1,35,6,1997,2,-1,-1,-1
201423S031240,1,9,0,9,0,6,0,0,0,0,1,1,6,1,29,6,-1,-1,-1,-1,-1
201423S031240,2,9,0,18,0,8,0,0,0,0,1,1,6,2,45,7,1868,2,14,5,3
201423S031242,1,9,0,10,0,1,0,0,0,0,1,1,2,1,45,7,1398,1,14,9,3
201423S031242,2,19,0,18,0,8,0,0,0,0,1,1,6,1,42,7,2143,2,3,-1,-1
201423S031245,1,19,0,17,0,0,0,0,0,0,1,1,1,1,23,5,2402,2,8,9,1
201423S031245,2,9,0,16,0,0,0,0,0,0,1,1,2,1,23,5,1198,1,8,6,2
201423S031247,1,9,0,13,0,0,0,0,0,0,1,1,6,1,27,6,1988,1,14,9,2
201423S031247,2,9,0,18,0,0,0,0,0,0,1,1,6,2,20,4,998,1,6,9,1
201423S031247,3,21,1,18,0,0,0,0,0,0,3,1,1,1,43,7,11967,2,3,6,1
201423S031253,1,19,0,9,0,6,0,0,0,0,1,1,1,1,28,6,2463,2,8,10,3
201423S031253,2,3,0,18,0,8,0,0,0,0,2,1,6,1,21,5,124,1,6,-1,-1
201423S031257,1,9,0,16,0,0,1,0,1,10,4,1,2,1,24,5,1560,2,7,4,1
201423S031257,2,17,5,4,0,0,0,0,0,0,0,1,1,1,45,7,-1,2,8,-1,-1
201423S031261,1,9,0,6,0,6,0,0,0,0,3,1,1,1,83,11,2402,2,3,6,3
201423S031261,2,9,0,18,0,1,0,0,0,0,3,1,6,1,58,9,-1,-1,-1,10,2
201423S031262,1,9,0,18,0,0,0,0,0,0,1,1,6,1,30,6,-1,-1,-1,2,1
201423S031268,1,9,0,18,0,0,0,0,0,0,1,1,6,1,17,4,1368,1,8,6,2
201423S031268,2,9,0,3,0,0,0,0,0,0,2,1,6,2,19,4,1388,1,10,-1,-1
201423S031268,3,9,0,3,0,0,0,0,0,0,2,1,6,2,20,4,998,1,4,7,3
201423S031272,1,11,0,4,0,0,0,0,0,0,0,1,1,1,28,6,-1,-1,-1,-1,-1
201423S031278,1,8,0,9,0,6,0,0,1,9,3,1,1,1,33,6,1995,2,1,-1,-1
201423S031278,2,9,0,18,0,8,0,0,0,0,1,1,6,1,21,5,1796,1,13,8,3
201423S031281,1,9,0,9,0,5,0,0,0,0,4,1,6,1,49,8,-1,-1,-1,-1,-1
201423S031281,2,9,0,18,0,8,0,0,0,0,1,1,6,2,25,5,999,1,17,8,1
201423S031293,1,19,0,16,0,0,5,0,1,4,4,1,6,1,54,8,1248,2,6,5,1
201423S031293,2,9,0,17,0,0,0,0,0,0,3,1,6,2,60,9,2967,2,-1,8,3
201423S031296,1,11,0,5,0,6,0,0,0,0,1,1,1,1,30,6,6374,2,7,2,1
201423S031296,2,19,0,18,0,8,0,0,0,0,3,1,1,1,68,10,1968,2,5,4,1
201423S031297,1,9,0,16,0,8,0,0,0,0,1,1,6,2,20,4,988,1,23,-1,1