Accident_Index,Vehicle_Reference,Vehicle_Type,Towing_and_Articulation,Vehicle_Manoeuvre,Vehicle_Location-Restricted_Lane,Junction_Location,Skidding_and_Overturning,Hit_Object_in_Carriageway,Vehicle_Leaving_Carriageway,Hit_Object_off_Carriageway,1st_Point_of_Impact,Was_Vehicle_Left_Hand_Drive?,Journey_Purpose_of_Driver,Sex_of_Driver,Age_of_Driver,Age_Band_of_Driver,Engine_Capacity_(CC),Propulsion_Code,Age_of_Vehicle,Driver_IMD_Decile,Driver_Home_Area_Type
201423S031297,2,9,0,18,0,1,0,0,0,0,3,1,2,2,33,6,1598,1,10,6,1
201423S031299,1,9,0,18,0,8,0,0,0,0,1,1,6,2,33,6,1896,2,13,7,1
201423S031299,2,1,0,10,0,8,0,0,0,0,2,1,6,1,57,9,-1,-1,-1,7,1
201423S031301,1,9,0,18,0,6,0,0,0,0,4,1,6,2,51,8,1796,1,10,7,3
201423S031301,2,9,0,18,0,8,0,0,0,0,3,1,6,1,75,10,1598,2,2,7,3
201423S031308,1,9,0,18,0,0,1,0,7,9,1,1,6,1,28,6,1896,2,12,7,3
201423S031311,1,9,0,7,0,6,0,0,0,0,4,1,6,2,32,6,1560,2,6,6,3
201423S031313,1,9,0,5,0,6,0,0,0,0,1,1,6,1,33,6,1560,2,6,-1,-1
201423S031313,2,21,0,18,0,1,0,0,1,4,1,1,1,1,61,9,-1,-1,-1,-1,-1
201423S031316,1,9,0,7,0,1,0,0,0,0,4,1,2,2,33,6,1398,1,-1,-1,-1
201423S031316,2,1,0,18,0,8,0,0,0,0,3,1,2,1,22,5,-1,-1,-1,9,1
201423S031318,1,9,0,5,0,6,0,0,0,0,3,1,6,1,71,10,1590,1,11,9,1
201423S031318,2,19,0,18,0,1,0,0,0,0,1,1,6,1,53,8,1900,2,9,7,1
201423S031322,1,9,0,18,0,0,0,0,0,0,1,1,6,2,18,4,998,1,8,10,3
201423S031322,2,9,0,9,0,0,0,0,0,0,2,1,6,2,34,6,1242,1,9,-1,-1
201423S031324,1,9,0,17,0,0,1,10,7,4,4,1,6,1,19,4,1149,1,10,8,1
201423S031328,1,9,0,18,0,0,0,0,0,0,1,1,6,1,50,8,1986,2,6,10,1
201423S031328,2,9,0,2,0,0,0,0,0,0,1,1,6,2,28,6,1248,2,6,8,3
201423S031332,1,9,0,9,0,6,0,0,0,0,1,1,6,2,22,5,1299,1,12,8,1
201423S031332,2,3,0,18,0,1,1,0,0,0,1,1,6,2,30,6,125,1,-1,9,1
201423S031340,1,9,0,9,0,6,0,0,1,0,3,1,6,2,17,4,-1,-1,-1,7,2
201423S031340,2,9,0,18,0,1,0,0,0,0,1,1,2,1,49,8,2143,12,-1,10,2
201423S031340,3,9,0,3,0,1,0,0,0,0,1,1,2,1,53,8,1998,2,11,7,3
201423S031342,1,9,0,13,0,0,0,0,0,0,4,1,6,2,51,8,1596,1,11,8,3
201423S031342,2,1,0,18,0,0,0,0,0,0,3,1,2,1,19,4,-1,-1,-1,8,3
201423S031344,1,3,0,18,0,0,1,0,0,0,3,1,6,1,21,5,125,1,8,-1,-1
201423S031344,2,9,0,18,0,0,0,0,0,0,1,1,1,1,50,8,1995,2,3,-1,2
201423S031344,3,9,0,3,0,0,0,0,0,0,2,1,6,2,54,8,1360,1,14,6,2
201423S031344,4,9,0,3,0,0,0,0,0,0,2,1,2,2,40,7,1598,1,4,7,3
201423S031344,5,9,0,3,0,0,0,0,0,0,0,1,6,2,46,8,-1,-1,-1,9,2
201423S031348,1,9,0,18,0,0,0,0,0,0,1,1,6,2,43,7,1242,1,17,9,2
201423S031348,2,9,0,18,0,0,0,0,0,0,2,1,6,2,59,9,1400,1,8,8,1
201423S031353,1,9,0,5,0,4,0,0,0,0,1,1,6,1,40,7,1910,2,10,-1,-1
201423S031353,2,1,0,18,0,8,0,0,0,0,2,1,2,2,59,9,-1,-1,-1,6,1
201423S031356,1,9,0,5,0,4,0,0,0,0,1,1,6,2,51,8,2400,2,3,7,3
201423S031356,2,9,0,4,0,4,0,0,0,0,2,1,6,1,40,7,1796,1,12,-1,-1
201423S031360,1,5,0,17,0,0,1,0,0,0,3,1,6,1,43,7,645,1,10,5,1
201423S031363,1,19,0,17,0,2,1,0,7,0,1,1,1,1,48,8,2198,2,-1,6,3
201423S031363,2,9,0,16,0,1,0,0,0,0,3,1,6,1,68,10,1591,1,3,7,3
201423S031366,1,9,0,18,0,0,1,0,7,4,1,1,6,1,18,4,973,1,12,9,1
201423S031367,1,19,0,9,0,6,0,0,0,0,1,1,2,1,64,9,2370,2,17,7,3
201423S031367,2,5,0,18,0,8,0,0,0,0,1,1,2,1,47,8,645,1,14,8,1
201423S031368,1,9,0,4,0,1,0,0,0,0,2,1,6,2,42,7,-1,-1,-1,8,1
201423S031368,2,9,0,4,0,1,0,0,0,0,2,1,2,1,31,6,2993,2,3,9,2
201423S031368,3,9,0,18,0,1,0,0,0,0,1,1,6,1,27,6,1997,2,15,9,1
201423S031369,1,9,0,9,0,6,0,0,0,0,4,1,2,1,38,7,2996,1,7,8,3
201423S031369,2,1,0,18,0,1,0,0,0,0,1,1,2,1,47,8,-1,-1,-1,9,1
201423S031372,1,9,0,4,0,1,0,0,0,0,1,1,2,1,28,6,1242,1,8,-1,-1
201423S031372,2,9,0,4,0,1,0,0,0,0,2,1,2,2,31,6,1360,1,9,5,2
201423S031375,1,9,0,9,0,8,0,0,0,0,1,1,2,2,50,8,2967,2,3,10,3
201423S031375,2,9,0,18,0,1,0,0,0,0,3,1,2,1,53,8,1956,2,-1,2,1
201423S031379,1,9,0,17,0,0,1,0,1,9,1,1,6,1,37,7,2000,1,16,9,3
201423S031382,1,9,0,17,0,0,1,0,1,9,3,1,6,2,49,8,1248,2,3,9,2
201423S031385,1,9,0,18,0,6,1,0,0,0,1,1,6,1,34,6,1998,2,10,9,2
201423S031385,2,9,0,18,0,8,1,0,1,9,3,1,6,1,61,9,1968,2,7,9,2
201423S031387,1,9,0,5,0,6,0,0,0,0,3,1,6,2,28,6,998,1,4,10,1
201423S031387,2,9,0,18,0,1,0,0,0,0,1,1,6,1,18,4,1229,1,9,8,1
201423S031388,1,9,0,18,0,0,1,0,7,4,4,1,6,2,53,8,3950,7,11,8,3
201423S031392,1,9,0,9,0,8,0,0,0,0,1,1,6,1,35,6,1995,2,2,-1,-1
201423S031392,2,1,0,9,0,8,0,0,0,0,1,1,2,1,43,7,-1,-1,-1,-1,-1
201423S031394,1,9,0,9,0,5,0,0,0,0,1,1,6,2,31,6,1781,1,13,9,3
201423S031394,2,9,0,18,0,1,0,0,1,0,1,1,6,1,45,7,1783,1,14,8,2
201423S031396,1,11,0,17,0,0,0,0,0,0,4,1,1,1,32,6,6374,2,5,6,2
201423S031400,1,9,0,9,0,5,0,0,0,0,0,1,6,2,80,11,-1,-1,-1,-1,-1
201423S031401,1,1,0,5,0,0,0,0,0,0,2,1,6,1,83,11,-1,-1,-1,-1,-1
201423S031401,2,9,0,18,0,0,0,0,0,0,4,1,6,2,56,9,1975,1,10,-1,-1
201423S031402,1,9,0,18,0,3,0,0,0,0,1,1,6,2,86,11,1388,1,16,7,3
201423S031402,2,90,0,18,0,2,0,0,0,0,4,1,6,1,85,11,-1,-1,-1,7,1
201423S031412,1,9,0,9,0,6,0,0,0,0,3,1,6,2,58,9,2179,2,-1,9,2
201423S031412,2,9,0,18,0,8,0,0,0,0,1,1,6,2,68,10,1328,1,4,10,3
201423S031417,1,9,0,17,0,0,2,0,1,9,1,1,6,1,36,7,1598,1,9,9,2
201423S031422,1,9,0,18,0,0,0,0,1,4,4,1,6,1,31,6,1587,1,12,6,2
201423S031427,1,9,0,9,0,5,0,0,0,0,4,1,2,1,29,6,1587,1,12,5,1
201423S031427,2,9,0,18,0,8,0,0,0,0,1,1,6,2,40,7,1995,2,9,5,3
201423S031428,1,9,0,5,0,6,0,0,7,0,4,1,2,2,42,7,1461,2,3,9,2
201423S031428,2,9,0,18,0,8,0,0,1,0,1,1,2,1,50,8,1968,2,5,-1,-1
201423S031436,1,9,0,9,0,5,0,0,0,0,1,1,6,1,-1,-1,-1,-1,-1,-1,-1
201423S031444,1,9,0,9,0,6,0,0,0,0,1,1,6,1,58,9,1560,2,6,10,1
201423S031444,2,1,0,18,0,8,0,0,0,0,4,1,6,1,18,4,-1,-1,-1,9,1
201423S031445,1,21,0,5,8,0,0,4,0,0,1,1,1,1,68,10,12777,2,8,-1,-1
201423S031445,2,20,0,2,6,0,0,0,0,0,2,1,1,1,53,8,6692,2,4,-1,-1
201423S031454,1,5,0,17,0,0,1,0,1,1,1,1,6,1,23,5,645,1,9,8,1
201423S031455,1,9,0,9,0,6,0,0,0,0,3,1,6,1,82,11,1368,1,10,7,2
201423S031455,2,5,0,13,0,8,0,0,0,0,1,1,6,1,31,6,599,1,11,-1,-1
201423S031457,1,9,0,1,9,6,0,10,1,10,3,1,6,2,84,11,1242,1,12,-1,-1
201423S031462,1,9,0,16,0,0,2,0,7,10,3,1,6,2,32,6,-1,-1,-1,6,2
201423S031465,1,9,0,4,0,1,0,0,1,3,1,1,6,1,25,5,998,1,2,4,1
201423S031465,2,21,1,18,0,8,0,0,0,0,4,1,1,1,28,6,12580,2,9,3,1
201423S031466,1,90,0,17,0,0,2,0,1,0,1,1,6,1,77,11,2496,2,14,9,3
201423S031467,1,9,0,9,0,5,1,0,0,0,1,1,6,2,78,11,1296,1,8,10,1
201423S031467,2,9,0,17,0,8,1,0,1,0,3,1,6,2,24,5,1198,1,6,6,3
201423S031467,3,9,0,8,0,1,0,0,1,0,3,1,6,1,36,7,2143,2,1,-1,-1
201423S031470,1,9,0,4,0,2,2,0,8,0,1,1,1,1,55,8,1968,2,-1,3,1
201423S031470,2,9,0,18,0,1,0,0,0,0,3,1,6,2,64,9,1368,1,11,8,3
201423S031473,1,9,0,9,0,6,0,0,0,0,1,1,6,2,19,4,998,1,8,7,3
201423S031473,2,2,0,18,0,8,0,0,0,0,1,1,6,1,17,4,50,1,-1,7,2
201423S031481,1,1,0,18,0,0,0,0,0,0,3,1,6,1,42,7,-1,-1,-1,-1,3
201423S031481,2,9,0,18,0,0,0,0,0,0,1,1,6,1,66,10,1197,1,1,7,3
2014300004574,1,9,0,17,0,0,1,0,1,10,1,1,1,1,56,9,1560,2,2,6,3
2014300004578,1,9,0,18,0,0,0,0,0,0,1,1,6,1,-1,-1,1997,2,11,-1,-1
2014300004578,2,9,0,18,0,0,0,0,1,10,1,1,6,2,63,9,1598,1,4,8,1
2014300004578,3,9,0,2,9,0,0,0,0,0,2,1,6,2,63,9,1086,1,7,-1,-1
2014300004578,4,9,0,2,9,0,0,0,0,0,3,1,6,2,36,7,1598,1,1,5,1
2014300004581,1,9,0,16,0,4,0,0,0,0,1,1,6,1,18,4,998,1,6,8,1
2014300004581,2,9,0,16,0,3,1,0,0,0,4,1,6,1,20,4,2286,2,43,8,1
2014300004582,1,9,0,5,0,4,0,0,0,0,1,1,6,1,37,7,1796,1,9,-1,-1
2014300004582,2,1,0,18,0,3,0,0,0,0,2,1,2,1,31,6,-1,-1,-1,-1,-1
2014300004585,1,9,0,18,0,0,0,0,0,0,3,1,1,1,-1,-1,-1,-1,-1,9,1
2014300004589,1,19,0,18,0,0,0,0,0,0,1,1,6,1,58,9,1868,2,13,6,1
2014300004589,2,90,0,5,0,0,0,0,0,0,3,1,6,2,82,11,-1,-1,-1,-1,-1
2014300004596,1,9,0,9,0,6,0,0,0,0,2,1,6,2,32,6,1124,1,13,3,1
2014300004596,2,3,0,18,0,2,1,0,0,0,3,1,6,1,17,4,125,1,1,6,3
2014300004597,1,9,0,18,0,0,1,0,2,0,1,1,6,1,25,5,1686,2,5,8,1
2014300004600,1,9,0,3,0,1,0,0,0,0,2,1,6,1,42,7,1995,2,1,9,1
2014300004600,2,9,0,18,0,1,0,0,0,0,1,1,1,1,41,7,-1,-1,-1,7,1
2014300004602,1,8,0,5,0,4,0,0,0,0,3,1,6,1,35,6,1797,8,4,4,1
2014300004602,2,1,0,18,0,3,0,0,0,0,1,1,2,1,22,5,-1,-1,-1,7,1
2014300004607,1,9,0,18,0,2,1,0,1,2,1,1,6,1,64,9,1598,1,10,-1,-1
2014300004608,1,9,0,18,0,0,5,4,0,0,1,1,6,1,67,10,1493,2,8,5,1
2014300004608,2,9,0,2,0,0,0,0,0,0,0,1,6,2,44,7,1242,1,4,5,1
2014300004611,1,9,0,16,0,3,0,0,0,0,1,1,6,1,28,6,2143,2,2,9,3
2014300004611,2,9,0,17,0,4,0,0,0,0,1,1,6,1,21,5,1242,1,10,5,1
2014300004615,1,9,0,18,0,8,0,0,0,0,1,1,6,2,-1,-1,1596,1,2,5,1
2014300004615,2,9,0,10,0,8,0,0,0,0,2,1,6,1,20,4,1598,1,11,5,2
2014300004619,1,9,0,18,0,0,1,11,8,2,1,1,6,1,21,5,-1,-1,-1,8,3
2014300004623,1,9,0,17,0,0,1,0,1,9,3,1,6,2,44,7,998,1,3,-1,1
2014300004623,2,9,0,16,0,0,1,0,0,0,3,1,6,1,25,5,1360,1,12,4,1
2014300004625,1,9,0,16,0,0,1,0,7,2,3,1,2,2,38,7,1461,2,10,10,1
2014300004627,1,9,0,18,0,0,1,0,5,6,1,1,2,2,19,4,-1,-1,-1,1,1
2014300004628,1,9,0,16,0,0,2,0,7,4,1,1,6,2,34,6,1124,1,11,-1,1
2014300004634,1,19,0,17,0,0,2,0,1,4,1,1,1,1,52,8,1995,2,3,6,1
2014300004636,1,9,5,17,0,0,1,11,1,2,3,1,1,2,26,6,1596,1,11,1,1
2014300004636,2,9,5,17,0,0,1,0,0,0,2,1,1,1,45,7,1242,1,15,-1,-1
2014300004636,3,9,0,17,0,0,1,0,0,0,1,1,1,2,45,7,1396,1,13,-1,-1
2014300004637,1,9,0,17,0,0,0,0,2,10,1,1,6,2,17,4,1229,1,7,9,1
2014300004638,1,20,0,16,0,0,2,0,1,1,1,1,6,1,47,8,-1,-1,-1,8,3
2014300004639,1,9,0,18,0,0,0,0,0,0,4,1,6,2,56,9,1229,1,5,10,1
2014300004643,1,9,0,17,0,0,2,0,2,4,3,1,6,1,25,5,-1,-1,-1,3,1
2014300004648,1,9,0,7,0,1,0,0,0,0,2,1,6,1,41,7,1984,1,4,-1,-1
2014300004648,2,9,0,18,0,1,0,0,0,0,1,1,6,2,-1,-1,1493,2,7,4,1
2014300004648,3,9,0,18,0,1,0,0,0,0,1,1,6,1,69,10,1896,1,18,7,2
2014300004654,1,9,0,17,0,8,0,0,0,0,4,1,1,1,66,10,-1,-1,-1,-1,-1
2014300004654,2,9,0,9,0,8,0,0,0,0,3,1,2,1,38,7,1997,2,4,8,2
2014300004660,1,9,0,18,0,1,0,0,0,0,1,1,6,1,66,10,1596,1,7,6,2
2014300004660,2,9,0,10,0,8,0,0,0,0,2,1,6,2,43,7,1248,1,3,8,3
2014300004663,1,21,1,11,0,0,0,0,0,0,4,2,1,1,47,8,-1,-1,-1,-1,-1
2014300004663,2,9,0,18,0,0,0,0,0,0,3,1,6,2,33,6,1399,2,11,1,1
2014300004664,1,90,0,9,0,8,0,0,0,0,1,1,6,3,-1,-1,-1,-1,-1,-1,-1
2014300004664,2,1,0,18,0,8,0,0,1,0,0,1,6,1,52,8,-1,-1,-1,-1,-1
2014300004665,1,9,0,16,0,2,1,7,0,0,1,1,2,1,40,7,1994,1,10,5,1
2014300004665,2,9,0,17,0,1,0,0,0,0,1,1,2,1,58,9,1596,1,10,6,1
2014300004666,1,2,0,18,0,1,1,0,0,0,1,1,1,2,-1,-1,49,1,2,6,1
2014300004667,1,21,1,9,0,8,0,0,0,0,0,2,1,1,40,7,-1,-1,-1,-1,-1
2014300004667,2,9,0,18,0,1,2,10,0,0,1,1,6,2,26,6,1242,1,11,1,1
2014300004669,1,9,0,18,0,0,0,0,0,0,3,1,2,1,61,9,2290,1,4,5,2
2014300004672,1,9,0,5,9,1,0,0,8,2,1,1,6,1,80,11,1796,1,10,2,1
2014300004672,2,9,0,2,9,1,0,0,0,0,1,1,6,1,33,6,-1,-1,-1,-1,-1
2014300004672,3,9,0,2,9,1,0,0,0,0,2,1,6,2,-1,-1,998,1,2,-1,-1
2014300004678,1,90,0,18,9,0,0,0,0,0,1,1,6,1,66,10,-1,3,-1,4,2
2014300004680,1,9,0,18,0,0,5,10,1,10,4,1,6,2,20,4,1299,1,10,10,2
2014300004681,1,9,0,9,0,6,0,0,0,0,1,1,6,1,34,6,-1,-1,-1,7,1
2014300004681,2,9,0,9,0,5,0,0,0,0,3,1,6,1,37,7,1997,2,2,2,1
2014300004685,1,9,0,18,0,8,0,0,7,10,4,1,2,2,44,7,3226,2,11,5,3
2014300004685,2,9,0,18,0,6,0,0,7,10,1,1,6,1,47,8,1598,1,10,8,3
2014300004689,1,9,0,18,0,0,0,0,0,0,4,1,6,2,45,7,1598,1,13,5,2
2014300004692,1,9,0,18,0,0,0,0,0,0,2,1,6,1,43,7,1997,2,10,2,1
2014300004692,2,9,0,18,0,0,0,0,0,0,1,1,6,2,32,6,1781,1,12,8,1
2014300004692,3,9,0,18,0,0,0,0,0,0,0,1,6,3,-1,-1,-1,-1,-1,-1,-1
2014300004694,1,3,0,7,0,5,0,0,0,0,1,1,6,1,19,4,124,1,1,-1,-1
2014300004694,2,9,0,10,0,1,0,0,0,0,3,1,2,1,56,9,1229,1,6,1,2
2014300004698,1,9,0,5,0,8,0,0,0,0,1,1,1,1,55,8,-1,-1,-1,5,1
2014300004698,2,9,0,18,0,8,0,0,0,0,3,1,2,2,52,8,1368,1,8,6,3
2014300004701,1,9,0,9,0,3,0,0,0,0,1,1,2,1,31,6,-1,-1,-1,-1,-1
2014300004701,2,3,0,18,0,4,0,0,0,0,1,1,6,1,21,5,-1,-1,-1,-1,-1
2014300004702,1,9,0,4,0,2,0,0,0,0,1,1,1,2,37,7,1997,2,6,9,2
2014300004702,2,9,0,3,0,2,0,0,0,0,2,1,6,2,64,9,-1,-1,-1,3,1
2014300004702,3,9,0,3,0,2,0,0,0,0,2,1,6,1,58,9,1597,2,1,4,1
2014300004704,1,9,0,18,0,0,1,0,0,0,1,1,2,2,24,5,1229,1,1,-1,-1
2014300004704,2,9,0,3,0,0,0,0,0,0,2,1,6,2,37,7,1598,1,9,7,3
2014300004704,3,9,0,3,0,0,0,0,0,0,2,1,6,1,55,8,1685,2,-1,3,1
2014300004705,1,9,0,18,0,0,0,0,6,0,1,1,6,1,25,5,-1,-1,-1,-1,-1
2014300004705,2,9,0,18,0,0,0,0,0,0,1,1,6,2,25,5,1390,1,7,4,1
2014300004705,3,9,0,18,0,0,0,0,0,0,0,1,6,2,44,7,1596,1,10,6,2
2014300004717,1,9,0,5,0,4,0,0,0,0,3,1,6,2,47,8,1598,2,3,-1,1
2014300004717,2,1,0,9,0,8,0,0,0,0,1,1,6,1,38,7,-1,-1,-1,-1,1
2014300004719,1,9,0,18,0,4,0,0,0,0,1,1,1,2,27,6,1124,1,12,9,1
2014300004719,2,1,0,18,0,3,0,0,0,0,4,1,1,1,24,5,-1,-1,-1,3,1
2014300004722,1,9,0,18,0,0,1,0,7,4,3,1,6,2,17,4,1299,1,8,8,3
2014300004725,1,9,0,9,0,3,0,0,1,10,1,1,6,1,80,11,-1,-1,-1,7,1
2014300004727,1,9,0,5,0,1,0,0,0,0,1,1,6,2,35,6,1396,1,11,3,1
2014300004727,2,9,0,3,0,1,0,0,0,0,2,1,6,2,42,7,2143,2,1,3,1
2014300004728,1,90,0,18,0,6,0,0,0,0,1,1,6,1,18,4,-1,-1,-1,2,1
2014300004728,2,9,0,18,0,8,0,0,0,0,3,1,6,1,45,7,998,1,6,6,1
2014300004732,1,9,0,18,0,8,0,0,0,0,1,1,6,1,23,5,1299,1,10,5,1
2014300004732,2,11,0,18,0,8,0,0,0,0,4,1,1,1,36,7,4250,2,2,-1,-1
2014300004734,1,9,0,9,0,4,0,0,0,0,1,1,6,1,32,6,2616,1,8,7,1
2014300004734,2,9,0,18,0,8,2,0,0,0,4,1,6,2,58,9,1242,1,1,5,1
2014300004738,1,9,0,18,0,1,0,0,0,0,1,1,2,1,25,5,1762,1,16,2,1
2014300004738,2,9,0,5,0,1,0,0,0,0,3,1,6,2,-1,-1,973,1,13,9,1
2014300004744,1,1,0,17,9,4,5,0,0,0,1,1,2,1,18,4,-1,-1,-1,9,1
2014300004744,2,9,0,16,0,4,0,0,1,0,1,1,6,3,-1,-1,-1,-1,-1,-1,-1
2014300004745,1,8,0,7,9,1,0,0,0,0,1,1,1,1,55,8,1896,2,8,1,1
2014300004745,2,1,0,18,9,8,0,0,0,0,3,1,2,1,28,6,-1,-1,-1,7,1
2014300004747,1,9,0,18,0,0,1,0,7,4,4,1,6,1,44,7,3498,1,9,6,1
2014300004749,1,9,0,18,0,1,0,0,0,0,1,1,2,2,35,6,1796,1,8,10,2
2014300004749,2,9,0,10,0,8,0,0,0,0,2,1,2,2,55,8,1995,2,11,4,3
2014300004749,3,21,0,18,0,8,0,0,0,0,3,1,1,1,57,9,10837,2,4,2,1
2014300004752,1,9,0,10,0,8,0,0,0,0,2,1,6,1,22,5,2495,2,17,8,1
2014300004752,2,9,0,3,0,1,0,0,0,0,2,1,6,1,35,6,-1,-1,-1,8,1
2014300004752,3,9,0,3,0,1,0,0,0,0,2,1,6,2,53,8,1598,1,2,8,3
2014300004752,4,9,0,16,0,1,0,0,0,0,1,1,6,1,22,5,1299,1,14,6,3
2014300004753,1,9,0,17,0,0,0,0,1,9,3,1,2,1,43,7,1248,2,6,5,1
2014300004753,2,9,0,16,0,0,0,0,1,9,3,1,3,2,33,6,1229,1,6,3,1
2014300004756,1,9,0,4,0,1,0,0,0,0,1,1,6,1,48,8,2179,2,2,7,1
2014300004759,1,9,0,9,0,5,0,0,0,0,1,1,6,2,78,11,1198,1,11,7,1
2014300004759,2,9,0,16,0,8,0,0,0,0,3,1,6,1,31,6,1988,2,9,5,1
2014300004761,1,9,0,14,0,0,0,0,0,0,1,1,6,1,41,7,1951,2,13,-1,-1
2014300004761,2,9,0,2,0,0,0,0,0,0,0,1,6,3,94,11,-1,-1,-1,-1,-1
2014300004767,1,9,0,17,0,0,2,0,8,10,1,1,2,2,50,8,-1,-1,-1,8,2
2014300004769,1,9,0,18,0,0,0,0,0,0,1,1,1,2,44,7,1984,1,11,7,1
2014300004769,2,9,0,18,0,0,0,0,0,0,2,1,6,1,43,7,1796,1,8,4,2
2014300004771,1,90,0,9,9,0,0,0,0,0,0,1,6,1,70,10,-1,-1,-1,4,1
2014300004772,1,9,0,12,0,8,0,0,0,0,1,1,6,1,21,5,1598,1,14,-1,-1
2014300004772,2,9,0,18,0,1,0,0,5,6,1,1,6,1,52,8,1895,1,15,6,3
2014300004772,3,21,1,18,0,1,0,0,0,0,3,1,1,1,37,7,12777,2,6,1,1
2014300004773,1,9,0,18,0,8,0,0,0,0,1,1,6,1,23,5,2171,1,12,5,1
2014300004773,2,9,0,9,0,6,0,0,0,0,3,1,6,1,20,4,2171,1,12,1,1
2014300004774,1,9,0,18,0,6,1,0,1,10,1,1,6,1,77,11,1598,2,2,3,2
2014300004776,1,9,0,18,0,8,0,0,0,0,1,1,6,2,48,8,1149,1,13,1,1
2014300004776,2,9,0,18,0,8,0,0,0,0,4,1,6,2,19,4,998,1,2,7,2
2014300004777,1,9,0,9,9,5,0,0,0,0,4,1,6,1,43,7,1240,1,10,5,1
2014300004787,1,9,0,4,0,2,1,0,0,0,1,1,2,2,61,9,1499,1,6,-1,-1
2014300004787,2,9,0,18,0,1,1,0,0,0,1,1,6,2,56,9,-1,-1,-1,2,1
2014300004792,1,9,0,2,0,0,0,0,0,0,0,1,2,2,25,5,1242,1,8,6,1
2014300004792,2,9,0,18,0,0,0,0,0,0,3,1,6,1,26,6,1149,1,13,6,1
2014300004793,1,9,0,12,0,8,0,0,0,0,3,1,6,1,25,5,1229,1,3,6,1
2014300004793,2,21,1,7,0,3,0,0,0,0,1,1,1,1,44,7,12882,2,4,9,1
2014300004794,1,9,0,18,0,0,0,0,0,0,1,1,6,1,84,11,1149,1,3,10,1
2014300004794,2,9,0,3,0,0,0,0,0,0,2,1,6,1,60,9,1560,2,7,8,1
2014300004794,3,90,0,18,0,0,0,0,0,0,0,1,1,1,36,7,2999,2,2,-1,-1
2014300004798,1,9,0,2,0,0,0,0,0,0,3,1,6,1,27,6,1896,2,13,6,3
2014300004801,1,9,0,18,0,1,0,0,0,0,1,1,6,2,-1,-1,1794,1,14,-1,-1
2014300004801,2,9,0,3,0,1,0,0,0,0,2,1,2,2,35,6,1796,1,10,-1,1
2014300004805,1,9,0,18,0,1,0,0,0,0,1,1,6,1,74,10,1388,1,10,9,1
2014300004805,2,9,0,3,0,1,0,0,0,0,2,1,2,1,45,7,998,1,7,5,1
2014300004806,1,9,0,9,0,8,0,0,0,0,1,1,6,1,46,8,1988,1,15,-1,-1
2014300004806,2,3,0,18,0,1,0,0,0,0,3,1,6,1,55,8,125,1,6,-1,-1
2014300004807,1,9,0,1,0,0,0,0,0,0,2,1,6,1,26,6,1968,2,8,-1,-1
2014300004810,1,9,0,18,0,8,1,0,0,0,1,1,6,2,26,6,1587,1,10,1,1
2014300004810,2,9,0,9,0,1,0,0,0,0,3,1,6,2,43,7,1798,1,3,5,1
2014300004813,1,9,0,18,0,0,0,0,0,0,1,1,2,2,46,8,1995,2,3,7,1
2014300004813,2,9,0,4,0,0,0,0,0,0,2,1,2,1,54,8,1998,1,12,6,1
2014300004816,1,9,0,18,0,1,0,0,0,0,1,1,1,1,52,8,1995,1,2,-1,-1
2014300004816,2,9,0,18,0,1,0,0,0,0,2,1,6,2,37,7,1598,1,19,9,2
2014300004821,1,9,0,7,0,2,0,0,0,0,3,1,6,1,74,10,1796,1,17,9,1
2014300004821,2,9,0,18,0,2,0,0,0,0,1,1,6,2,42,7,1388,1,11,6,1
2014300004827,1,9,0,2,0,0,0,0,0,0,2,1,6,1,38,7,2496,2,13,-1,-1
2014300004827,2,9,0,18,0,0,0,0,0,0,1,1,2,1,38,7,-1,-1,-1,-1,-1
2014300004828,1,9,0,2,0,0,0,0,0,0,4,1,6,2,27,6,973,1,13,3,1
2014300004828,2,19,0,5,0,0,0,4,0,0,0,1,1,1,36,7,2148,2,9,6,1
2014300004829,1,5,0,18,0,0,0,0,0,0,1,1,6,1,21,5,599,1,11,4,1
2014300004829,2,9,0,18,0,0,0,0,0,0,1,1,1,1,46,8,1598,1,5,10,1
2014300004830,1,9,0,9,0,8,0,0,0,0,1,1,6,1,23,5,1799,1,7,-1,-1
2014300004830,2,9,0,18,0,8,0,0,0,0,1,1,6,2,23,5,1299,1,14,6,1
2014300004832,1,9,0,18,0,0,1,0,7,4,1,1,6,1,24,5,1896,2,16,-1,-1
2014300004833,1,9,0,18,0,8,0,0,0,0,1,1,6,2,22,5,1598,1,14,2,1
2014300004833,2,9,0,5,0,6,0,0,0,0,3,1,6,2,38,7,-1,-1,-1,2,1
2014300004834,1,9,0,6,0,0,0,0,0,0,3,1,6,1,30,6,-1,-1,-1,8,1
2014300004834,2,9,0,18,0,0,0,0,0,0,1,1,2,1,41,7,2401,2,12,10,1
2014300004834,3,9,0,18,0,0,0,0,0,0,3,1,6,2,64,9,-1,-1,-1,-1,-1