Accident_Index,Vehicle_Reference,Vehicle_Type,Towing_and_Articulation,Vehicle_Manoeuvre,Vehicle_Location-Restricted_Lane,Junction_Location,Skidding_and_Overturning,Hit_Object_in_Carriageway,Vehicle_Leaving_Carriageway,Hit_Object_off_Carriageway,1st_Point_of_Impact,Was_Vehicle_Left_Hand_Drive?,Journey_Purpose_of_Driver,Sex_of_Driver,Age_of_Driver,Age_Band_of_Driver,Engine_Capacity_(CC),Propulsion_Code,Age_of_Vehicle,Driver_IMD_Decile,Driver_Home_Area_Type
2014300004835,1,2,0,9,0,3,1,0,0,0,3,1,6,1,16,4,50,1,1,2,1
2014300004838,1,9,0,17,0,8,1,0,1,9,1,1,6,2,22,5,1598,1,9,-1,2
2014300004840,1,9,0,9,0,6,0,0,0,0,3,1,6,1,51,8,1686,2,8,5,2
2014300004840,2,9,0,18,0,1,0,0,0,0,1,1,2,1,32,6,998,1,12,5,1
2014300004842,1,9,0,18,0,0,0,0,0,0,1,1,2,2,21,5,1299,1,9,9,1
2014300004842,2,9,0,4,0,0,0,0,0,0,2,1,1,1,49,8,-1,-1,-1,3,1
2014300004842,3,9,0,18,0,0,0,0,0,0,2,1,2,1,43,7,1686,2,7,9,2
2014300004843,1,9,0,18,0,0,2,0,1,4,3,1,6,1,19,4,973,1,12,10,1
2014300004844,1,5,0,18,0,0,0,0,0,0,1,1,2,1,42,7,1137,1,15,1,1
2014300004844,2,9,0,18,0,0,0,0,0,0,0,1,2,2,38,7,1984,1,7,7,1
2014300004848,1,9,0,18,0,1,1,10,1,0,1,1,6,2,72,10,1396,1,14,-1,-1
2014300004848,2,9,0,2,6,1,0,0,0,0,3,1,6,1,39,7,1896,2,8,10,3
2014300004852,1,9,0,14,0,1,1,0,0,0,1,1,2,1,61,9,1389,1,15,1,1
2014300004852,2,90,0,2,0,1,0,0,0,0,0,1,6,3,-1,-1,-1,-1,-1,-1,-1
2014300004855,1,19,0,16,0,0,0,0,0,0,3,1,6,1,-1,-1,-1,-1,-1,-1,-1
2014300004855,2,9,0,17,0,0,0,0,0,0,3,1,1,1,58,9,-1,-1,-1,7,3
2014300004856,1,9,0,18,0,0,1,0,0,0,3,1,6,1,30,6,1984,1,14,5,1
2014300004856,2,9,0,18,0,0,1,0,0,0,3,1,6,1,46,8,2179,2,2,-1,-1
2014300004857,1,9,0,5,0,6,0,0,0,0,3,1,6,1,25,5,1422,2,10,7,2
2014300004857,2,9,0,18,0,8,0,0,0,0,1,1,6,1,44,7,2477,2,11,4,2
2014300004858,1,9,0,4,0,1,0,0,0,0,1,1,6,1,44,7,1968,2,5,10,1
2014300004858,2,9,0,5,0,6,0,0,0,0,1,1,1,1,38,7,1995,2,3,7,2
2014300004859,1,9,0,18,0,0,0,0,0,0,1,1,6,2,47,8,1910,2,6,5,1
2014300004859,2,9,0,18,0,0,0,0,0,0,2,1,6,1,60,9,1799,1,8,-1,-1
2014300004859,3,9,0,18,0,0,0,0,0,0,2,1,1,2,43,7,1360,1,7,9,2
2014300004859,4,9,0,18,0,0,0,0,0,0,2,1,6,2,-1,-1,1149,1,3,10,2
2014300004863,1,9,0,18,0,0,0,0,0,0,4,1,6,2,24,5,1242,1,11,9,1
2014300004871,1,11,0,5,0,8,0,0,0,0,0,1,1,1,57,9,-1,-1,-1,-1,1
2014300004874,1,9,0,5,0,0,0,0,0,0,0,1,6,1,41,7,1998,1,19,5,1
2014300004878,1,9,0,5,0,6,0,0,0,0,1,1,6,2,52,8,-1,-1,-1,4,1
2014300004878,2,3,0,18,0,8,0,0,0,0,1,1,6,2,20,4,124,1,1,5,1
2014300004879,1,9,0,4,0,0,0,0,0,0,1,1,2,1,25,5,-1,-1,-1,-1,1
2014300004879,2,19,0,3,0,0,0,0,0,0,2,1,1,1,52,8,2198,2,2,5,1
2014300004879,3,9,0,3,0,0,0,0,0,0,3,1,2,1,56,9,1560,2,6,10,2
2014300004880,1,9,0,18,0,0,5,0,0,0,1,1,6,1,23,5,-1,-1,-1,3,1
2014300004881,1,9,0,17,0,0,1,0,0,0,1,1,6,1,47,8,2295,1,15,4,1
2014300004881,2,9,0,16,0,0,1,0,0,0,1,1,1,1,46,8,1968,2,3,7,2
2014300004882,1,9,0,16,0,0,0,0,0,0,1,1,6,1,36,7,1999,1,7,-1,-1
2014300004887,1,21,1,4,0,0,0,0,0,0,1,1,1,1,51,8,12740,2,2,1,1
2014300004887,2,21,1,3,0,0,0,0,0,0,2,1,1,1,50,8,12419,2,1,-1,-1
2014300004887,3,9,0,4,0,0,0,0,0,0,2,1,6,1,47,8,-1,-1,-1,5,1
2014300004890,1,9,0,17,0,0,1,0,3,10,1,1,6,2,23,5,1598,1,8,4,1
2014300004891,1,9,0,11,0,0,5,0,8,7,1,1,6,2,33,6,1086,1,11,-1,-1
2014300004893,1,9,0,7,0,8,0,0,0,0,1,1,2,1,-1,-1,1396,1,16,-1,-1
2014300004893,2,1,0,4,0,8,0,0,0,0,4,1,1,1,37,7,-1,-1,-1,5,1
2014300004895,1,8,0,9,0,3,0,0,0,0,3,1,6,1,17,4,1149,1,8,9,1
2014300004895,2,9,0,9,0,4,0,0,0,0,1,1,6,1,61,9,1598,1,9,5,1
2014300004896,1,90,0,18,0,8,0,0,0,0,0,1,6,3,-1,-1,-1,-1,-1,-1,-1
2014300004903,1,9,0,4,0,2,0,0,0,0,3,1,6,2,66,10,1598,1,11,9,2
2014300004903,2,1,0,17,0,1,0,0,0,0,3,1,6,1,74,10,-1,-1,-1,3,1
2014300004904,1,9,0,13,0,0,0,0,0,0,0,1,6,1,20,4,1596,1,7,8,3
2014300004904,2,9,3,18,0,0,5,0,1,4,1,1,6,1,19,4,1596,1,12,7,1
2014300004904,3,9,0,18,0,0,0,0,0,0,0,1,6,2,20,4,1242,1,15,8,3
2014300004913,1,9,5,18,0,0,1,0,1,7,1,1,2,1,49,8,2993,2,1,8,1
2014300004916,1,90,0,18,0,0,0,0,0,0,1,1,6,1,-1,-1,-1,-1,-1,-1,-1
2014300004916,2,1,0,18,0,0,0,4,0,0,2,1,6,1,23,5,-1,-1,-1,3,1
2014300004916,3,9,0,2,0,0,0,0,0,0,2,1,6,1,44,7,-1,-1,-1,6,2
2014300004917,1,9,0,17,0,0,1,0,7,10,1,1,1,2,74,10,1229,1,7,10,1
2014300004919,1,3,0,4,0,1,1,0,0,0,1,1,6,1,53,8,125,1,12,1,1
2014300004922,1,9,0,4,0,0,0,0,0,0,4,1,6,2,38,7,1242,1,1,3,1
2014300004929,1,9,0,18,0,0,0,0,0,0,1,1,2,1,52,8,1242,1,5,9,2
2014300004930,1,9,0,1,9,8,0,0,0,0,2,1,6,1,-1,-1,1296,1,6,10,2
2014300004930,2,9,0,3,9,6,0,0,0,0,0,1,6,3,-1,-1,-1,-1,-1,-1,-1
2014300004932,1,9,0,18,0,6,0,0,0,0,0,1,6,1,69,10,1388,1,5,10,1
2014300004944,1,9,0,18,0,1,0,0,0,0,3,1,2,1,35,6,-1,-1,-1,-1,-1
2014300004944,2,3,0,18,0,2,0,0,0,0,1,1,1,1,55,8,124,1,1,-1,-1
2014300004945,1,9,0,18,0,8,0,0,0,0,1,1,2,2,52,8,1329,1,2,-1,-1
2014300004945,2,1,0,18,0,4,0,0,0,0,1,1,6,1,21,5,-1,-1,-1,-1,-1
2014300004947,1,9,0,1,0,1,0,0,0,0,2,1,6,1,47,8,1998,2,12,1,1
2014300004947,2,1,0,18,0,1,0,0,0,0,4,1,2,2,30,6,-1,-1,-1,-1,-1
2014300004955,1,9,0,5,6,6,0,0,0,0,1,1,6,1,23,5,1328,1,8,10,1
2014300004955,2,9,0,17,8,8,0,0,0,0,4,1,3,2,42,7,1396,1,11,8,2
2014300004956,1,9,0,9,0,1,0,0,0,0,1,1,6,1,47,8,1686,2,4,3,1
2014300004956,2,9,0,18,0,1,0,0,0,0,1,1,6,2,26,6,1997,1,10,5,1
2014300004958,1,9,0,18,0,0,0,0,0,0,1,1,6,1,33,6,1248,2,2,9,1
2014300004958,2,9,0,2,0,0,0,0,0,0,2,1,6,1,39,7,1242,1,11,2,1
2014300004960,1,19,0,4,0,1,0,0,0,0,1,1,2,1,40,7,2198,2,4,6,2
2014300004960,2,9,0,4,0,1,0,0,0,0,2,1,2,1,57,9,1461,2,-1,10,1
2014300004961,1,9,0,1,6,0,0,0,0,0,2,1,1,1,53,8,1995,2,9,4,1
2014300004966,1,9,0,18,0,1,0,0,0,0,1,1,6,1,63,9,1299,1,13,7,3
2014300004968,1,9,0,18,0,1,0,0,0,0,1,1,2,1,42,7,1596,1,7,3,1
2014300004970,1,9,0,5,0,4,0,0,0,0,3,1,2,1,51,8,4398,1,10,2,1
2014300004970,2,9,0,18,0,8,0,0,1,1,1,1,2,2,22,5,998,1,8,4,1
2014300004971,1,9,0,13,0,0,0,0,0,0,4,1,6,2,86,11,1994,1,10,7,3
2014300004971,2,1,0,18,0,0,0,0,0,0,3,1,6,2,52,8,-1,-1,-1,6,3
2014300004973,1,9,0,18,0,0,0,0,0,0,1,1,6,2,59,9,1248,1,5,8,2
2014300004980,1,2,0,18,0,0,1,0,0,0,1,1,2,1,25,5,125,1,1,9,1
2014300004980,2,9,0,2,0,0,0,0,0,0,2,1,2,1,49,8,1299,1,13,4,1
2014300004981,1,9,0,9,0,6,0,0,0,0,4,1,6,2,18,4,998,1,14,4,1
2014300004981,2,5,0,14,0,8,0,0,0,0,1,1,6,1,34,6,599,1,18,-1,-1
2014300004981,3,90,0,3,0,1,0,0,0,0,0,1,6,3,-1,-1,-1,-1,-1,-1,-1
2014300004987,1,9,0,18,0,0,0,0,0,0,1,1,2,1,27,6,1905,2,16,-1,1
2014300004987,2,1,0,4,0,0,0,0,0,0,1,1,1,1,64,9,-1,-1,-1,-1,-1
2014300004989,1,9,0,1,0,0,0,0,0,0,2,1,6,3,-1,-1,-1,-1,-1,-1,-1
2014300004989,2,9,0,2,0,0,0,0,0,0,2,1,6,1,26,6,1390,1,9,-1,-1
2014300004991,1,9,0,18,0,4,1,9,3,10,1,1,6,1,35,6,-1,-1,-1,4,3
2014300004993,1,9,0,2,0,0,0,0,0,0,3,1,6,3,-1,-1,1364,2,6,-1,-1
2014300004993,2,1,0,14,0,0,0,4,0,0,1,1,6,1,52,8,-1,-1,-1,-1,-1
2014300004994,1,9,0,9,0,1,0,0,0,0,1,1,2,1,52,8,1587,1,7,4,1
2014300004994,2,1,0,9,0,8,0,0,0,0,3,1,6,1,60,9,-1,-1,-1,3,1
2014300004996,1,9,0,18,0,0,1,0,0,0,1,1,6,2,31,6,1582,2,3,-1,-1
2014300004996,2,9,0,18,0,0,1,0,0,0,2,1,2,1,43,7,1783,1,10,-1,-1
2014300004996,3,9,0,18,0,0,1,0,0,0,1,1,1,2,29,6,1362,1,1,-1,-1
2014300004996,4,11,0,18,0,0,1,0,0,0,0,1,6,1,-1,-1,6370,2,14,-1,-1
2014300004998,1,9,0,18,9,0,0,10,1,2,3,1,1,1,30,6,-1,-1,-1,1,1
2014300005008,1,9,0,5,0,1,0,0,0,0,0,1,1,2,51,8,-1,-1,-1,1,1
2014300005008,2,9,0,3,0,1,0,0,0,0,1,1,1,1,50,8,1910,2,9,2,3
2014300005012,1,9,0,18,0,8,0,0,0,0,3,1,1,2,26,6,998,1,10,6,2
2014300005012,2,9,0,9,0,6,0,0,0,0,1,1,6,1,67,10,1998,2,7,1,1
2014300005013,1,9,0,9,0,6,0,0,0,0,1,1,6,2,86,11,1339,8,3,8,3
2014300005013,2,9,4,18,0,8,0,0,0,0,3,1,1,1,47,8,2982,2,3,-1,-1
2014300005016,1,9,0,5,0,6,0,0,0,0,3,1,6,2,21,5,1399,2,6,5,3
2014300005016,2,9,0,17,0,8,0,0,0,0,1,1,6,1,34,6,2495,2,17,5,3
2014300005017,1,9,0,18,0,0,1,0,1,1,1,1,6,1,29,6,799,2,4,-1,-1
2014300005019,1,9,0,14,0,1,0,0,0,0,1,1,6,1,20,4,1149,1,9,3,1
2014300005019,2,9,0,7,0,2,0,0,0,0,1,1,6,1,41,7,1596,1,1,3,1
2014300005019,3,90,0,2,0,1,0,0,0,0,0,1,6,3,-1,-1,-1,-1,-1,-1,-1
2014300005020,1,9,0,9,0,8,0,0,0,0,1,1,6,2,54,8,1999,1,13,-1,-1
2014300005020,2,3,0,5,0,6,0,0,0,0,1,1,6,1,69,10,85,1,18,5,1
2014300005031,1,9,0,18,0,4,1,0,1,9,4,1,6,1,37,7,1896,2,11,5,1
2014300005031,2,90,0,7,0,4,0,0,0,0,1,1,2,1,30,6,-1,-1,-1,-1,-1
2014300005033,1,9,0,17,0,0,0,0,2,10,1,1,6,1,24,5,1248,2,6,-1,-1
2014300005034,1,9,0,9,0,8,1,0,0,0,1,1,6,2,28,6,1997,2,11,-1,-1
2014300005034,2,9,0,16,0,1,1,0,0,0,1,1,6,1,21,5,-1,-1,-1,-1,-1
2014300005037,1,9,0,17,0,0,1,0,4,6,1,1,6,1,27,6,1149,1,11,10,1
2014300005041,1,9,0,18,0,0,1,10,1,4,1,1,6,1,23,5,1998,1,8,10,1
2014300005049,1,9,0,7,0,6,0,0,0,0,1,1,6,2,30,6,2198,1,8,1,1
2014300005049,2,9,0,18,0,1,0,0,0,0,1,1,1,1,40,7,1753,2,4,8,1
2014300005052,1,9,0,1,0,2,0,0,0,0,2,1,6,1,-1,-1,1242,1,6,-1,-1
2014300005052,2,9,0,2,0,1,0,0,0,0,1,1,6,1,18,4,1275,1,16,5,1
2014300005053,1,9,0,5,0,4,0,0,0,0,4,1,6,1,21,5,1800,1,14,1,1
2014300005053,2,9,0,18,0,8,0,0,0,0,4,1,6,1,27,6,1796,1,10,2,1
2014300005059,1,90,0,18,0,0,0,0,0,0,1,1,6,1,39,7,2998,2,5,8,1
2014300005059,2,9,0,18,0,0,0,0,0,0,2,1,1,2,30,6,1685,2,1,8,1
2014300005070,1,21,1,11,0,0,0,0,0,0,4,1,1,1,38,7,12800,2,4,-1,-1
2014300005070,2,9,0,18,0,0,0,0,0,0,3,1,6,1,56,9,1596,1,10,10,1
2014300005071,1,9,0,18,0,3,0,0,0,0,1,1,6,2,20,4,1229,1,1,9,1
2014300005073,1,21,1,11,0,0,0,0,0,0,4,1,1,1,68,10,12882,2,7,3,1
2014300005073,2,9,0,15,0,0,0,0,0,0,3,1,6,1,82,11,1339,1,3,7,3
2014300005074,1,9,0,6,0,0,0,0,0,0,1,1,1,1,31,6,1364,2,3,2,1
2014300005074,2,1,0,18,0,0,0,0,0,0,1,1,6,1,13,3,-1,-1,-1,6,3
2014300005077,1,9,0,18,0,1,0,0,0,0,1,1,2,1,45,7,1599,1,11,-1,-1
2014300005077,2,9,0,2,9,1,1,0,1,0,2,1,6,1,57,9,998,1,7,-1,-1
2014300005081,1,9,0,18,0,0,1,0,0,0,3,1,3,2,37,7,1390,1,6,-1,-1
2014300005083,1,9,0,7,0,5,0,0,0,0,4,1,3,2,-1,-1,2295,1,13,7,1
2014300005083,2,11,0,2,0,1,0,0,0,0,0,1,6,3,-1,-1,-1,-1,-1,-1,-1
2014300005085,1,19,0,18,0,0,0,0,0,0,0,1,6,3,-1,-1,-1,-1,-1,-1,-1
2014300005085,2,9,0,18,0,0,1,0,1,2,1,1,2,1,27,6,1686,2,15,2,1
2014300005086,1,19,0,18,0,0,0,0,0,0,1,1,1,1,30,6,2143,2,2,1,1
2014300005086,2,9,0,18,0,0,0,0,1,0,2,1,6,1,30,6,1597,1,18,-1,-1
2014300005089,1,90,0,18,0,2,0,0,0,0,1,1,6,1,-1,-1,-1,-1,-1,-1,-1
2014300005092,1,9,0,9,0,6,0,0,0,0,3,1,6,2,18,4,1242,1,1,10,1
2014300005092,2,9,0,13,0,1,0,0,0,0,1,1,6,1,59,9,1560,2,2,1,1
2014300005093,1,9,0,3,0,1,0,0,0,0,2,1,2,2,20,4,1199,1,13,1,1
2014300005093,2,19,0,18,0,1,0,0,0,0,1,1,6,1,64,9,2198,2,7,-1,-1
2014300005099,1,9,0,18,0,0,1,0,7,10,1,1,6,1,65,9,2979,1,6,3,1
2014300005099,2,21,0,18,0,0,0,0,0,0,1,1,1,1,77,11,9200,2,10,9,3
2014300005101,1,9,0,18,0,0,0,0,0,0,4,1,6,3,-1,-1,-1,-1,-1,-1,-1
2014300005104,1,9,0,18,0,8,1,0,1,2,1,1,2,2,34,6,1598,1,14,1,1
2014300005106,1,1,0,18,4,1,5,0,0,0,3,1,6,2,26,6,-1,-1,-1,7,1
2014300005106,2,9,0,18,0,1,0,0,0,0,4,1,6,3,-1,-1,-1,-1,-1,-1,-1
2014300005107,1,19,0,13,0,0,2,0,2,7,1,1,1,1,30,6,1868,2,8,3,1
2014300005108,1,9,0,9,0,8,1,0,3,10,1,1,1,1,63,9,2967,2,2,8,3
2014300005114,1,9,0,17,0,0,1,0,1,4,1,1,6,1,19,4,1149,1,11,9,1
2014300005120,1,9,0,5,0,1,0,0,0,0,1,1,6,1,-1,-1,1783,1,11,6,1
2014300005120,2,9,0,3,0,8,0,0,0,0,2,1,6,1,41,7,1995,2,4,7,2
2014300005122,1,9,0,16,0,8,0,0,7,0,1,1,6,2,-1,-1,1390,1,14,-1,-1
2014300005122,2,9,0,2,0,1,0,4,0,0,2,1,6,3,63,9,1461,2,2,-1,-1
2014300005122,3,9,0,2,0,1,0,4,0,0,4,1,6,3,33,6,1995,2,9,-1,-1
2014300005122,4,9,0,2,0,1,0,0,0,0,4,1,6,3,61,9,1461,2,2,-1,-1
2014300005123,1,9,0,5,0,6,0,0,0,0,3,1,2,2,33,6,1796,1,16,1,1
2014300005123,2,1,0,18,4,1,0,0,0,0,1,1,2,1,24,5,-1,-1,-1,3,1
2014300005132,1,9,0,4,0,0,0,0,0,0,2,1,6,1,38,7,999,1,14,2,1
2014300005132,2,9,0,4,0,0,0,0,0,0,1,1,6,1,-1,-1,1124,1,14,1,1
2014300005132,3,9,0,18,0,0,0,0,0,0,1,1,6,2,48,8,1124,1,11,-1,-1
2014300005132,4,9,0,3,0,0,0,0,0,0,2,1,2,1,21,5,1199,1,12,-1,-1
2014300005132,5,9,0,3,0,0,0,0,0,0,2,1,6,1,77,11,1339,1,10,-1,-1
2014300005134,1,9,0,18,0,1,0,0,0,0,1,1,6,1,-1,-1,1587,1,12,5,1
2014300005134,2,9,0,5,0,1,0,0,0,0,2,1,6,1,57,9,1364,1,8,10,1
2014300005135,1,9,0,17,0,0,2,0,1,9,4,1,6,1,24,5,1242,1,13,-1,-1
2014300005136,1,9,0,18,0,1,0,0,0,0,2,1,6,1,23,5,1998,1,11,2,1
2014300005136,2,9,0,18,0,1,0,0,0,0,2,1,6,1,39,7,-1,-1,-1,3,1
2014300005138,1,9,0,18,0,4,0,0,0,0,1,1,1,1,45,7,1896,2,13,2,1
2014300005138,2,9,0,7,0,4,0,0,0,0,1,1,6,1,24,5,1686,2,9,4,1
2014300005139,1,9,0,4,0,6,0,0,0,0,1,1,1,1,30,6,1686,2,1,4,1
2014300005139,2,9,0,18,0,1,0,0,0,0,1,1,6,1,-1,-1,1360,1,10,-1,-1
2014300005140,1,9,0,18,0,6,0,0,3,0,2,1,6,1,27,6,1229,1,-1,6,1
2014300005140,2,9,0,18,0,8,0,0,0,0,3,1,6,1,62,9,1984,2,4,6,3
2014300005144,1,9,0,17,0,0,2,0,7,1,3,1,6,1,25,5,2000,1,23,7,1
2014300005148,1,5,0,4,0,0,0,0,0,0,3,1,6,1,32,6,647,1,12,3,1
2014300005148,2,5,0,18,0,0,0,0,0,0,4,1,6,1,46,8,656,1,8,1,1
2014300005149,1,20,0,13,0,0,0,0,0,0,1,1,1,1,51,8,4580,2,4,2,1
2014300005149,2,1,0,18,0,0,5,0,0,0,2,1,6,1,-1,-1,-1,-1,-1,8,3
2014300005150,1,1,0,7,9,1,0,0,0,0,0,1,6,1,27,6,-1,-1,-1,-1,-1
2014300005153,1,1,0,18,0,0,0,0,0,0,3,1,6,2,34,6,-1,-1,-1,-1,-1
2014300005153,2,9,0,18,0,0,0,0,0,0,4,1,6,1,25,5,1229,1,9,10,1
2014300005154,1,9,0,18,0,0,0,0,0,0,1,1,2,2,24,5,1598,1,13,6,1
2014300005154,2,9,0,13,0,0,0,0,0,0,4,1,2,2,40,7,1749,1,12,7,1
2014300005164,1,9,0,3,0,2,0,0,0,0,0,1,6,3,35,6,1995,2,1,5,1
2014300005166,1,9,0,18,0,0,0,0,0,0,1,1,2,2,30,6,1388,1,10,5,1
2014300005166,2,90,0,2,6,0,0,0,0,0,0,1,6,3,-1,-1,-1,-1,-1,-1,-1
2014300005177,1,9,0,18,0,0,0,0,0,0,1,1,6,1,31,6,1124,1,14,-1,-1
2014300005177,2,9,0,3,0,0,0,0,0,0,2,1,2,2,34,6,1560,2,9,-1,-1
2014300005188,1,9,0,7,0,5,0,0,0,0,1,1,6,1,77,11,1242,1,14,-1,-1
2014300005188,2,9,0,1,0,1,0,0,0,0,0,1,6,2,17,4,2148,2,4,-1,-1
2014300005190,1,9,0,18,0,1,1,0,0,0,1,1,2,1,50,8,1686,2,11,4,1
2014300005196,1,9,0,9,0,8,0,0,0,0,1,1,6,1,53,8,1199,1,11,1,1
2014300005196,2,9,0,18,0,1,0,0,1,1,1,1,1,1,38,7,-1,-1,-1,3,3
2014300005198,1,9,0,5,0,6,0,0,0,0,1,1,6,1,81,11,2496,1,10,4,1
2014300005198,2,3,0,4,0,1,1,0,0,0,4,1,6,1,24,5,125,1,5,5,1
2014300005202,1,4,0,18,0,3,2,0,0,0,0,1,6,1,45,7,125,1,-1,5,1
2014300005202,2,9,0,18,0,3,0,0,0,0,0,1,6,2,51,8,973,1,15,3,1
2014300005203,1,9,0,8,0,1,0,0,0,0,3,1,6,1,39,7,1968,2,5,10,1
2014300005203,2,9,0,9,0,5,0,0,0,0,3,1,6,2,72,10,1896,2,8,10,1
2014300005206,1,19,0,11,0,0,0,0,0,0,4,1,1,1,48,8,6871,2,3,3,1
2014300005206,2,9,0,18,0,0,0,0,0,0,3,1,6,2,29,6,1896,2,14,2,1
2014300005210,1,9,0,1,0,1,0,0,0,0,2,1,1,1,35,6,1686,2,2,4,1
2014300005210,2,9,0,3,0,1,0,0,0,0,1,1,6,2,21,5,1390,1,10,2,2
2014300005213,1,9,0,13,0,1,0,0,0,0,1,1,6,1,88,11,-1,-1,-1,-1,-1
2014300005213,2,9,0,17,0,1,0,0,0,0,2,1,6,2,17,4,1124,1,10,4,1
2014300005223,1,9,0,5,0,8,0,0,0,0,2,1,6,2,35,6,973,1,11,3,1
2014300005223,2,11,0,5,0,8,0,0,0,0,1,1,6,1,27,6,3900,2,8,2,1
2014300005225,1,9,0,9,0,6,0,0,0,0,4,1,6,1,19,4,1199,1,9,5,1
2014300005225,2,9,0,18,0,8,0,0,0,0,1,1,6,2,59,9,1998,1,9,7,1
2014300005225,3,9,0,18,0,1,0,0,0,0,3,1,1,2,22,5,998,1,12,3,1
2014300005226,1,9,0,18,0,8,0,0,0,0,4,1,6,1,32,6,1598,1,7,2,1
2014300005226,2,20,0,18,0,8,0,0,0,0,1,1,1,1,30,6,-1,-1,-1,3,1
2014300005228,1,9,0,9,0,6,0,0,0,0,3,1,6,2,44,7,1596,1,12,-1,-1
2014300005228,2,3,0,18,0,1,0,0,0,0,1,1,2,1,46,8,124,1,17,7,1
2014300005231,1,9,0,18,0,3,0,0,0,0,1,1,6,1,50,8,1984,2,17,-1,-1
2014300005231,2,9,0,18,0,4,0,0,0,0,1,1,6,1,57,9,2199,2,2,7,1
2014300005232,1,9,0,7,0,6,0,0,0,0,1,1,6,2,42,7,1560,2,2,-1,-1
2014300005232,2,9,0,18,0,1,0,0,0,0,1,1,6,2,30,6,1388,1,5,-1,-1
2014300005235,1,2,0,5,0,4,5,0,0,0,1,1,6,2,17,4,50,1,6,1,1
2014300005235,2,9,0,18,0,8,0,0,0,0,1,1,1,1,66,10,1598,1,11,9,2
2014300005239,1,9,0,18,0,0,0,0,0,0,1,1,6,2,40,7,1360,1,7,8,1
2014300005240,1,9,0,4,0,0,0,0,0,0,2,1,2,2,22,5,1686,2,1,3,1
2014300005240,2,9,0,4,0,0,0,0,0,0,1,1,2,2,19,4,1242,1,2,10,1
2014300005241,1,9,0,18,0,8,0,0,0,0,1,1,6,1,69,10,1560,2,6,6,1
2014300005241,2,9,0,5,0,6,0,0,1,0,1,1,6,1,88,11,1798,2,4,6,3
2014300005244,1,9,0,18,0,1,0,0,0,0,2,1,6,1,-1,-1,1364,2,6,-1,-1
2014300005244,2,9,0,3,0,1,0,0,0,0,2,1,2,2,48,8,659,1,7,8,3
2014300005244,3,9,0,3,0,1,0,0,0,0,2,1,2,2,-1,-1,1997,1,10,-1,-1
2014300005244,4,9,0,3,0,1,0,0,0,0,0,1,6,2,-1,-1,-1,-1,-1,-1,-1
2014300005244,5,9,0,9,0,2,0,0,0,0,0,1,6,3,-1,-1,-1,-1,-1,-1,-1
2014300005245,1,9,0,9,0,6,0,0,0,0,1,1,6,1,34,6,1762,1,14,8,1
2014300005245,2,3,0,18,0,8,0,0,0,0,4,1,6,1,30,6,-1,-1,-1,4,1
2014300005247,1,9,0,18,0,0,0,0,0,0,3,1,1,1,35,6,1618,1,-1,3,1
2014300005249,1,9,0,16,0,0,1,0,7,4,3,1,2,2,18,4,998,1,11,-1,-1
2014300005250,1,9,0,18,0,8,0,0,0,0,3,1,1,1,26,6,1527,2,16,1,1
2014300005251,1,8,0,6,0,0,0,0,0,0,3,1,1,1,39,7,2664,2,14,5,1
2014300005251,2,3,0,18,0,0,0,0,0,0,1,1,6,1,21,5,125,1,1,1,1
2014300005252,1,9,0,18,0,0,0,0,0,0,1,1,6,1,24,5,1995,2,14,2,1
2014300005252,2,9,0,2,0,0,0,0,0,0,1,1,6,2,-1,-1,1389,1,14,-1,-1
2014300005252,3,9,0,2,0,0,0,0,0,0,2,1,6,1,52,8,1596,1,11,2,1
2014300005252,4,9,0,2,0,0,0,0,0,0,1,1,6,2,38,7,1560,2,1,2,1
2014300005253,1,21,4,18,0,0,0,0,0,0,2,1,1,1,45,7,12740,2,3,2,1
2014300005253,2,21,1,18,0,0,0,4,0,0,1,1,1,1,-1,-1,12777,2,1,-1,-1
2014300005256,1,9,0,4,0,1,0,0,0,0,1,1,6,1,66,10,1896,2,16,3,1
2014300005256,2,9,0,16,0,2,0,0,0,0,1,1,6,1,34,6,1995,1,5,7,1
2014300005257,1,9,0,18,0,8,0,0,0,0,1,1,6,1,71,10,1596,1,5,5,1
2014300005257,2,9,0,7,0,6,0,0,0,0,1,1,1,2,43,7,1399,2,10,-1,-1
2014300005259,1,9,0,16,0,0,1,0,7,0,3,1,6,1,21,5,1242,1,14,2,1
2014300005259,2,9,0,18,0,0,0,0,0,0,3,1,6,2,28,6,1332,1,16,2,1
2014300005260,1,9,0,18,0,0,0,0,0,0,1,1,6,1,62,9,1896,2,11,2,1
2014300005264,1,9,0,13,0,0,1,0,0,0,3,1,6,1,29,6,1995,2,7,1,1
2014300005264,2,9,0,16,0,0,0,0,0,0,3,1,6,1,59,9,1198,1,2,10,1
2014300005268,1,1,0,18,9,1,0,0,0,0,1,1,2,1,26,6,-1,-1,-1,3,1
2014300005268,2,9,0,5,9,8,0,0,0,0,3,1,1,2,-1,-1,1999,1,9,6,1
2014300005272,1,9,0,17,0,0,2,7,1,1,3,1,2,1,43,7,1299,1,13,-1,-1
2014300005275,1,9,0,18,0,0,1,0,1,7,4,1,6,2,30,6,1364,1,8,2,2