Accident_Index,Vehicle_Reference,Vehicle_Type,Towing_and_Articulation,Vehicle_Manoeuvre,Vehicle_Location-Restricted_Lane,Junction_Location,Skidding_and_Overturning,Hit_Object_in_Carriageway,Vehicle_Leaving_Carriageway,Hit_Object_off_Carriageway,1st_Point_of_Impact,Was_Vehicle_Left_Hand_Drive?,Journey_Purpose_of_Driver,Sex_of_Driver,Age_of_Driver,Age_Band_of_Driver,Engine_Capacity_(CC),Propulsion_Code,Age_of_Vehicle,Driver_IMD_Decile,Driver_Home_Area_Type
2014300005279,1,9,0,16,0,0,0,0,7,10,1,1,6,2,29,6,659,1,8,7,1
2014300005279,2,20,0,17,0,0,0,0,0,0,1,1,1,1,43,7,-1,-1,-1,3,1
2014300005280,1,9,0,17,0,0,1,0,1,7,1,1,2,2,49,8,-1,-1,-1,3,3
2014300005282,1,19,0,3,0,1,0,0,0,0,0,1,6,3,-1,-1,-1,-1,-1,-1,-1
2014300005282,2,1,0,18,0,1,1,0,0,0,0,1,6,1,51,8,-1,-1,-1,-1,-1
2014300005289,1,9,0,4,0,0,0,0,0,0,2,1,2,1,46,8,954,1,14,6,1
2014300005289,2,9,0,18,0,0,1,0,0,0,1,1,3,2,25,5,1896,2,13,4,1
2014300005291,1,9,0,18,0,1,0,0,0,0,1,1,6,2,-1,-1,-1,-1,-1,-1,-1
2014300005291,2,9,0,10,0,1,0,0,0,0,2,1,6,2,23,5,1753,2,13,10,1
2014300005292,1,9,0,7,0,8,0,0,0,0,4,1,6,1,49,8,3200,2,11,6,3
2014300005293,1,1,0,18,9,2,0,0,0,0,1,1,1,1,51,8,-1,-1,-1,9,2
2014300005295,1,3,0,18,0,1,1,0,0,0,1,1,2,1,18,4,125,1,11,3,1
2014300005295,2,9,0,4,0,1,0,0,0,0,2,1,2,1,44,7,1364,2,10,10,1
2014300005296,1,9,0,18,0,0,1,10,7,1,1,1,6,1,21,5,1248,2,2,8,1
2014300005297,1,19,0,16,0,0,0,0,4,6,1,1,1,1,43,7,1995,2,3,3,1
2014300005298,1,19,0,18,0,8,0,0,7,0,4,1,1,1,45,7,2402,2,5,10,1
2014300005298,2,9,0,18,0,8,0,0,0,0,1,1,6,1,58,9,1149,1,10,7,1
2014300005300,1,9,0,4,0,1,0,0,0,0,4,1,3,2,39,7,1598,2,1,6,1
2014300005301,1,9,0,17,0,2,1,10,0,0,1,1,6,1,22,5,1598,1,14,5,1
2014300005301,2,9,0,18,0,1,1,10,1,10,1,1,6,1,69,10,1299,1,16,7,1
2014300005302,1,9,0,5,0,1,0,0,0,0,1,1,6,2,32,6,1998,2,9,-1,-1
2014300005302,2,9,0,18,0,1,0,0,0,0,1,1,6,2,26,6,1794,1,12,4,1
2014300005303,1,9,0,18,0,1,1,0,0,0,1,1,6,1,65,9,1896,2,8,6,3
2014300005303,2,9,0,3,0,1,0,0,0,0,2,1,6,1,47,8,1598,1,1,2,1
2014300005306,1,9,0,18,0,0,2,4,0,0,1,1,6,1,77,11,1586,1,4,3,1
2014300005306,2,9,0,2,0,0,0,0,0,0,1,1,6,1,26,6,2000,1,18,4,1
2014300005309,1,9,0,18,0,0,0,0,0,0,3,1,6,2,52,8,1598,1,6,2,1
2014300005309,2,1,0,18,9,0,0,0,0,0,1,1,6,1,13,3,-1,-1,-1,2,1
2014300005310,1,9,0,9,0,6,0,0,0,0,3,1,1,1,24,5,2199,2,4,6,1
2014300005310,2,19,0,18,0,8,0,0,0,0,1,1,6,2,30,6,1753,2,12,7,1
2014300005314,1,9,0,18,0,1,1,0,0,0,1,1,6,2,38,7,1560,2,2,9,2
2014300005314,2,9,0,3,0,1,0,0,0,0,2,1,2,1,59,9,1560,2,7,10,1
2014300005314,3,9,0,3,0,1,0,0,0,0,2,1,2,2,23,5,1248,1,2,10,1
2014300005314,4,9,0,10,0,1,0,0,0,0,2,1,6,1,38,7,1995,1,11,2,1
2014300005316,1,9,0,5,0,4,0,0,3,0,4,1,6,1,-1,-1,-1,-1,-1,-1,-1
2014300005316,2,1,0,9,0,8,5,0,0,0,4,1,2,1,40,7,-1,-1,-1,3,1
2014300005317,1,9,0,18,0,1,0,0,0,0,1,1,6,2,22,5,1229,1,6,7,1
2014300005317,2,8,0,4,0,1,0,0,0,0,2,1,6,1,40,7,1975,2,16,1,1
2014300005318,1,9,0,18,0,1,0,0,0,0,1,1,6,2,36,7,1199,2,3,-1,-1
2014300005318,2,9,0,9,0,1,0,0,0,0,3,1,6,1,21,5,1397,1,14,1,1
2014300005320,1,9,0,7,0,1,0,0,0,0,1,1,2,1,32,6,1390,1,5,10,1
2014300005320,2,9,0,8,0,1,0,0,0,0,2,1,6,1,31,6,998,1,14,3,1
2014300005322,1,9,0,3,0,2,0,0,0,0,2,1,6,1,30,6,1896,2,10,2,1
2014300005322,2,9,0,3,0,2,0,0,0,0,2,1,6,1,54,8,998,1,11,2,1
2014300005322,3,9,0,4,0,2,0,0,0,0,1,1,6,1,42,7,1794,1,12,1,1
2014300005324,1,9,0,17,0,0,2,0,1,4,1,1,6,2,18,4,1198,1,8,8,1
2014300005331,1,9,0,18,0,0,0,0,0,0,4,1,6,1,71,10,2179,2,1,10,2
2014300005338,1,9,0,18,0,0,0,0,0,0,1,1,6,1,42,7,1995,2,10,5,1
2014300005339,1,9,0,17,0,0,0,0,0,0,1,1,3,2,30,6,973,1,11,2,1
2014300005339,2,9,0,16,0,0,0,0,0,0,1,1,6,1,22,5,1598,1,15,2,1
2014300005342,1,9,0,17,0,0,1,0,7,0,4,1,6,2,50,8,1124,1,9,5,1
2014300005342,2,9,0,16,0,0,0,0,0,0,1,1,6,1,33,6,1995,2,3,4,2
2014300005343,1,9,0,18,0,0,1,0,1,10,1,1,2,1,46,8,1461,2,4,4,1
2014300005346,1,9,0,4,0,1,0,0,0,0,2,1,6,2,45,7,1896,2,7,5,1
2014300005346,2,9,0,18,0,1,0,0,0,0,1,1,6,1,19,4,1198,1,12,1,1
2014300005347,1,9,0,18,0,1,0,0,1,0,4,1,6,1,66,10,1248,1,3,10,1
2014300005347,2,9,0,5,0,6,0,0,0,0,1,1,6,1,46,8,2993,2,4,8,2
2014300005350,1,9,0,5,0,4,0,0,0,0,1,1,2,2,51,8,1839,1,10,-1,-1
2014300005350,2,1,0,5,0,8,0,0,0,0,1,1,2,1,57,9,-1,-1,-1,-1,-1
2014300005351,1,9,0,16,0,5,0,0,3,2,1,1,6,1,41,7,1997,2,11,1,1
2014300005354,1,9,0,18,0,0,0,0,0,0,4,1,6,2,23,5,1299,1,9,7,3
2014300005354,2,1,0,18,0,0,0,0,0,0,3,1,6,1,43,7,-1,-1,-1,7,3
2014300005355,1,4,0,4,0,1,2,0,0,0,0,1,6,1,52,8,487,1,22,1,1
2014300005368,1,9,0,16,0,0,1,0,8,10,1,1,6,1,29,6,1994,1,13,1,1
2014300005368,2,9,0,17,0,0,0,11,0,0,1,1,2,2,46,8,-1,-1,-1,8,2
2014300005370,1,9,0,18,0,2,0,0,0,0,1,1,6,3,-1,-1,-1,-1,-1,-1,-1
2014300005371,1,9,0,18,0,0,0,0,0,0,1,1,6,1,33,6,1242,1,10,2,3
2014300005371,2,9,0,18,0,0,0,0,0,0,1,1,6,2,35,6,1753,2,8,4,3
2014300005372,1,9,0,1,9,0,0,0,0,0,2,1,2,1,44,7,1600,1,13,2,1
2014300005374,1,9,0,5,0,8,0,0,0,0,1,1,1,1,35,6,1995,2,1,5,1
2014300005374,2,9,0,5,0,8,0,0,0,0,2,1,6,1,26,6,1598,1,8,1,1
2014300005377,1,9,0,5,0,6,0,0,0,0,1,1,6,1,37,7,1398,2,12,-1,-1
2014300005377,2,9,0,16,0,8,0,0,0,0,4,1,6,1,23,5,1560,2,2,-1,-1
2014300005381,1,9,0,4,0,1,0,0,0,0,1,1,6,2,32,6,2497,2,1,-1,1
2014300005381,2,9,0,3,0,1,0,0,0,0,2,1,3,1,41,7,1598,1,1,3,1
2014300005382,1,9,0,4,0,3,1,0,0,0,1,1,6,1,43,7,1905,2,18,5,1
2014300005382,2,90,0,18,0,1,5,0,0,0,4,1,6,1,59,9,-1,-1,-1,3,1
2014300005384,1,9,0,18,0,2,1,0,0,0,1,1,6,1,38,7,1388,1,10,2,1
2014300005384,2,9,0,18,0,1,0,0,0,0,1,1,6,2,27,6,1968,2,1,-1,-1
2014300005385,1,9,0,18,0,0,0,0,0,0,1,1,6,2,-1,-1,1396,1,9,5,1
2014300005386,1,9,0,17,0,0,2,0,0,0,4,1,6,1,26,6,1868,2,13,8,3
2014300005388,1,8,0,16,0,0,1,0,7,10,1,1,1,1,30,6,1998,2,7,3,1
2014300005391,1,9,0,18,0,4,0,0,0,0,1,1,6,1,37,7,1910,2,9,-1,-1
2014300005391,2,9,0,18,0,8,0,0,0,0,4,1,6,1,42,7,1599,1,10,-1,-1
2014300005398,1,9,0,12,0,0,0,0,0,0,0,1,6,1,33,6,1896,2,13,5,1
2014300005398,2,9,0,4,0,0,0,0,0,0,2,1,6,2,48,8,1560,2,1,10,1
2014300005398,3,9,0,4,0,0,0,0,0,0,1,1,6,2,25,5,1360,1,9,-1,-1
2014300005399,1,9,0,18,9,0,0,4,1,2,4,1,6,1,19,4,1242,1,-1,6,1
2014300005399,2,9,0,2,0,0,0,0,0,0,3,1,6,1,-1,-1,998,1,2,6,1
2014300005399,3,19,0,2,0,0,0,0,0,0,3,1,6,1,-1,-1,1753,2,6,6,1
2014300005406,1,9,0,18,0,0,0,0,0,0,4,1,6,1,78,11,1598,1,11,7,3
2014300005409,1,9,0,2,0,0,0,0,0,0,0,1,2,1,45,7,1999,1,8,2,1
2014300005409,2,19,0,4,0,0,0,0,0,0,2,1,1,1,28,6,2198,2,6,6,1
2014300005409,3,9,0,4,0,0,0,0,0,0,2,1,1,1,30,6,-1,-1,-1,9,1
2014300005409,4,9,0,18,0,0,0,0,0,0,1,1,2,1,20,4,998,1,9,5,1
2014300005411,1,9,0,9,0,5,0,0,0,0,3,1,6,2,25,5,1596,1,7,4,1
2014300005411,2,5,0,13,0,8,5,0,7,9,4,1,6,1,40,7,650,1,18,5,3
2014300005420,1,9,0,17,0,1,2,7,0,0,1,1,2,1,26,6,1679,1,15,2,1
2014300005427,1,9,0,18,0,0,0,0,0,0,1,1,1,2,27,6,1896,2,6,8,2
2014300005427,2,19,0,18,0,0,0,0,0,0,1,1,1,1,28,6,2500,2,7,-1,-1
2014300005428,1,10,0,18,0,0,0,0,0,0,3,1,1,1,45,7,2143,2,1,-1,3
2014300005435,1,9,0,18,0,0,0,0,0,0,1,1,6,2,46,8,998,1,2,-1,1
2014300005435,2,9,0,4,0,0,0,0,0,0,2,1,6,1,52,8,1997,2,5,10,1
2014300005436,1,9,0,10,0,8,0,0,0,0,2,1,6,1,60,9,1596,1,10,3,1
2014300005436,2,9,0,18,0,8,0,0,0,0,1,1,6,2,19,4,1124,1,13,2,1
2014300005437,1,9,0,18,0,2,0,0,0,0,2,1,6,1,60,9,1398,1,3,7,1
2014300005437,2,9,0,18,0,2,0,0,0,0,1,1,6,1,76,11,1498,1,8,2,1
2014300005437,3,9,0,18,0,2,0,0,0,0,1,1,6,1,26,6,1386,1,4,5,1
2014300005438,1,9,0,6,0,0,0,0,0,0,0,1,1,1,22,5,-1,-1,-1,-1,-1
2014300005438,2,11,0,18,0,0,0,0,0,0,1,1,1,1,66,10,4250,2,5,-1,-1
2014300005443,1,9,0,18,0,0,0,0,0,0,2,1,6,1,-1,-1,1794,1,14,3,1
2014300005443,2,19,0,3,0,0,0,0,0,0,2,1,1,1,27,6,2198,2,1,8,1
2014300005444,1,9,0,4,0,0,1,0,0,0,2,1,6,2,21,5,-1,-1,-1,9,1
2014300005444,2,9,0,16,0,0,1,0,0,0,1,1,6,1,-1,-1,-1,-1,-1,5,1
2014300005446,1,9,0,4,0,1,0,0,0,0,0,1,6,3,-1,-1,-1,-1,-1,-1,-1
2014300005446,2,9,0,3,0,1,0,0,0,0,2,1,6,2,-1,-1,1560,2,2,9,1
2014300005447,1,9,0,5,0,1,0,0,0,0,1,1,6,1,-1,-1,2993,2,-1,-1,-1
2014300005447,2,9,0,3,0,1,0,0,0,0,2,1,1,2,23,5,1328,1,9,6,1
2014300005450,1,9,0,18,0,3,0,0,0,0,4,1,2,1,33,6,1686,2,4,2,1
2014300005450,2,19,0,5,0,3,0,0,0,0,3,1,2,1,34,6,1997,2,8,9,1
2014300005453,1,11,0,5,2,6,0,0,0,0,3,1,6,1,61,9,-1,2,8,-1,-1
2014300005453,2,90,0,18,0,8,0,0,0,0,4,1,1,1,43,7,2999,2,2,-1,-1
2014300005455,1,3,0,13,0,8,1,0,7,1,1,1,2,1,19,4,124,1,1,4,1
2014300005455,2,21,1,9,0,5,0,0,0,0,3,1,1,1,45,7,12900,2,6,5,1
2014300005458,1,9,0,17,0,0,1,0,1,10,1,1,6,2,49,8,1386,1,8,2,1
2014300005459,1,9,0,1,0,0,0,0,0,0,2,1,6,2,54,8,1242,1,7,1,1
2014300005464,1,9,0,15,9,0,0,0,1,0,0,1,6,1,67,10,2902,2,9,-1,-1
2014300005464,2,90,0,2,0,0,0,0,0,0,0,1,1,3,-1,-1,-1,-1,-1,-1,-1
2014300005475,1,2,0,3,0,1,0,0,0,0,2,1,6,1,18,4,124,1,4,4,1
2014300005475,2,9,0,18,0,1,0,0,0,0,1,1,6,2,53,8,1390,1,13,2,1
2014300005478,1,9,0,13,0,0,0,0,0,0,4,1,6,1,81,11,1560,2,8,7,2
2014300005478,2,1,0,18,0,0,0,0,0,0,2,1,6,2,24,5,-1,-1,-1,1,1
2014300005485,1,5,0,18,0,0,0,0,0,0,1,1,6,1,27,6,599,1,8,7,1
2014300005485,2,9,0,12,0,0,0,0,0,0,4,1,6,2,54,8,1390,1,9,10,1
2014300005485,3,9,0,2,6,0,0,0,0,0,0,1,6,2,42,7,1753,2,5,9,1
2014300005488,1,9,0,9,0,6,0,0,0,0,3,1,2,2,29,6,1197,1,2,2,1
2014300005488,2,9,0,18,0,8,0,0,0,0,1,1,6,1,30,6,1198,1,10,4,1
2014300005493,1,5,0,7,0,2,0,0,0,0,1,1,6,2,49,8,883,1,15,5,1
2014300005493,2,9,0,18,0,1,0,0,0,0,1,1,6,2,55,8,1997,2,4,7,1
2014300005495,1,9,0,17,0,0,1,0,2,10,4,1,6,1,20,4,1396,1,16,5,3
2014300005505,1,19,0,18,0,1,0,0,0,0,1,1,1,1,28,6,1598,2,2,1,1
2014300005505,2,1,0,5,0,1,0,0,0,0,1,1,1,1,39,7,-1,-1,-1,10,1
2014300005507,1,9,0,18,0,0,2,0,1,1,1,1,6,1,41,7,1598,1,11,-1,-1
2014300005508,1,20,0,4,0,1,0,0,0,0,1,1,1,1,42,7,-1,-1,-1,7,1
2014300005508,2,3,0,3,0,1,0,0,0,0,2,1,1,1,27,6,125,1,6,3,1
2014300005509,1,90,0,1,0,6,0,0,0,0,3,1,6,1,-1,-1,-1,-1,-1,3,1
2014300005509,2,9,0,2,0,2,0,0,0,0,3,1,6,1,50,8,-1,-1,-1,9,1
2014300005515,1,9,0,5,0,0,0,0,0,0,1,1,6,2,22,5,-1,-1,-1,-1,-1
2014300005516,1,9,0,16,0,1,0,0,0,0,4,1,6,1,22,5,1998,1,13,7,2
2014300005517,1,9,0,18,0,1,0,0,0,0,0,1,6,1,42,7,2499,2,15,3,1
2014300005517,2,9,0,15,9,1,0,0,1,0,4,1,6,1,23,5,1390,1,13,4,1
2014300005517,3,19,0,3,0,1,0,0,0,0,4,1,6,1,44,7,2151,2,13,4,1
2014300005521,1,3,0,18,0,8,0,0,0,0,1,1,3,1,16,4,-1,-1,-1,6,2
2014300005521,2,9,0,9,0,6,0,0,0,0,3,1,2,2,36,7,1339,1,10,-1,-1
2014300005525,1,9,0,13,0,0,5,0,0,0,1,1,2,1,21,5,1229,1,5,9,2
2014300005525,2,9,0,13,0,0,0,0,0,0,0,1,2,1,39,7,1896,2,8,9,2
2014300005525,3,90,0,18,0,0,0,0,0,0,0,1,6,3,-1,-1,-1,-1,-1,-1,-1
2014300005529,1,9,0,18,0,1,0,0,0,0,1,1,6,2,65,9,1386,1,2,7,3
2014300005534,1,9,0,18,0,0,0,0,7,10,3,1,6,1,21,5,1149,1,13,-1,-1
2014300005534,2,9,0,2,0,0,0,0,0,0,1,1,6,1,53,8,1988,1,12,2,1
2014300005535,1,19,0,9,0,6,0,0,0,0,1,1,2,1,27,6,2402,2,3,6,1
2014300005535,2,2,0,18,0,8,0,0,0,0,4,1,6,1,17,4,125,1,16,3,1
2014300005536,1,5,0,5,0,0,0,0,0,0,1,1,6,1,18,4,599,1,3,8,3
2014300005536,2,9,0,3,0,0,0,0,0,0,1,1,2,2,-1,-1,1896,2,12,-1,-1
2014300005538,1,9,0,16,0,0,1,0,0,0,1,1,6,1,36,7,1910,2,9,5,2
2014300005538,2,9,0,17,0,0,0,0,0,0,1,1,6,2,34,6,1390,1,9,5,2
2014300005546,1,21,1,11,0,0,0,0,0,0,4,1,1,1,43,7,11967,2,4,4,1
2014300005546,2,9,0,18,0,0,0,0,0,0,3,1,1,1,55,8,1229,1,8,2,1
2014300005547,1,9,0,13,0,1,0,0,0,0,4,1,6,1,25,5,1590,1,11,6,1
2014300005547,2,1,0,9,0,1,0,0,0,0,3,1,6,1,51,8,-1,-1,-1,2,1
2014300005548,1,9,0,18,0,0,0,0,7,10,1,1,6,1,67,10,1198,1,2,10,2
2014300005549,1,9,0,9,0,8,0,0,0,0,1,1,2,1,63,9,2231,2,8,9,1
2014300005549,2,9,0,9,0,8,0,0,0,0,1,1,2,1,46,8,2204,2,6,6,1
2014300005552,1,9,0,9,0,6,0,0,0,0,1,1,1,1,50,8,1587,1,10,5,1
2014300005552,2,5,0,18,0,1,1,0,0,0,4,1,1,1,22,5,1340,1,6,10,1
2014300005557,1,9,0,18,0,8,0,7,0,0,4,1,6,2,51,8,1598,1,7,5,1
2014300005557,2,9,0,5,0,8,0,0,0,0,1,1,1,1,68,10,1997,2,1,-1,-1
2014300005559,1,11,0,4,0,0,0,0,0,0,0,1,1,2,23,5,7300,2,5,2,1
2014300005561,1,9,0,5,0,6,0,0,0,0,1,1,6,1,37,7,1997,2,11,-1,-1
2014300005564,1,9,0,16,0,0,0,0,7,4,1,1,6,1,83,11,1329,1,5,4,1
2014300005566,1,9,0,18,0,1,0,0,0,0,1,1,2,1,34,6,1781,1,18,4,1
2014300005566,2,9,0,3,0,1,0,0,0,0,2,1,2,1,60,9,2143,2,1,7,3
2014300005566,3,9,0,3,0,1,0,0,0,0,2,1,2,1,45,7,1968,2,6,8,1
2014300005566,4,9,0,3,0,1,0,0,0,0,2,1,2,1,32,6,1368,1,8,10,1
2014300005568,1,9,0,5,0,4,0,0,0,0,1,1,6,1,70,10,1997,2,12,9,1
2014300005568,2,9,0,18,0,8,0,0,0,0,4,1,6,2,55,8,1598,1,12,6,1
2014300005569,1,9,0,3,0,1,0,0,0,0,2,1,6,1,25,5,1896,2,11,6,1
2014300005569,2,9,0,4,0,1,0,0,0,0,1,1,6,1,-1,-1,996,1,1,9,1
2014300005572,1,20,1,18,0,0,0,0,0,0,3,2,1,1,25,5,-1,-1,-1,-1,-1
2014300005572,2,9,0,18,0,0,0,2,0,0,4,1,2,1,56,9,998,1,8,5,3
2014300005576,1,9,0,2,0,1,0,0,0,0,3,1,1,1,-1,-1,-1,-1,-1,-1,-1
2014300005582,1,9,0,12,0,0,0,0,0,0,3,1,6,2,57,9,1995,2,7,9,3
2014300005582,2,9,0,18,0,0,0,0,4,6,4,1,2,2,27,6,1229,1,4,10,1
2014300005582,3,9,0,3,0,0,0,0,0,0,3,1,6,1,47,8,1799,1,6,7,1
2014300005582,4,9,0,3,0,0,0,0,0,0,2,1,6,1,66,10,1984,1,3,6,1
2014300005584,1,5,0,13,0,0,0,0,0,0,3,1,2,1,26,6,1100,1,13,5,2
2014300005584,2,9,0,18,0,0,0,0,0,0,0,1,6,2,31,6,1896,2,5,7,1
2014300005584,3,9,0,18,0,0,0,0,0,0,1,1,6,1,27,6,1596,1,10,5,3
2014300005584,4,9,0,18,0,0,0,0,0,0,0,1,6,1,37,7,1329,1,1,7,2
2014300005584,5,9,0,18,0,0,0,0,0,0,1,1,6,1,46,8,1598,1,12,7,2
2014300005585,1,9,0,18,0,8,2,0,7,10,4,1,6,1,26,6,1242,1,1,8,3
2014300005585,2,9,0,18,0,8,1,0,1,0,1,1,6,1,36,7,2495,2,17,5,3
2014300005595,1,9,0,17,0,8,2,0,7,4,3,1,6,2,24,5,1388,1,11,9,1
2014300005598,1,9,0,16,0,0,0,0,0,0,1,1,3,2,44,7,1560,2,3,9,1
2014300005598,2,9,0,17,0,0,0,0,0,0,1,1,6,2,41,7,1840,1,13,-1,-1
2014300005604,1,9,0,18,0,0,0,0,0,0,1,1,6,1,34,6,1596,1,14,7,1
2014300005604,2,9,0,3,0,0,0,0,0,0,2,1,6,2,27,6,1229,1,7,9,1
2014300005605,1,9,0,5,0,6,0,0,0,0,3,1,6,2,84,11,1124,1,8,7,1
2014300005605,2,5,0,18,0,1,0,0,0,0,1,1,6,1,50,8,649,1,4,6,1
2014300005606,1,9,0,5,0,0,0,0,0,0,1,1,6,1,-1,-1,1275,1,15,-1,-1
2014300005606,2,9,0,18,0,0,0,0,0,0,1,1,6,2,25,5,1328,1,4,2,1
2014300005607,1,9,0,18,0,8,1,0,0,0,1,1,6,1,33,6,1349,1,4,5,1
2014300005607,2,9,0,5,0,6,0,0,0,0,4,1,6,1,81,11,-1,-1,-1,8,1
2014300005607,3,9,0,3,0,1,0,0,0,0,3,1,6,1,50,8,1388,1,7,6,1
2014300005611,1,9,0,18,0,0,0,0,1,7,3,1,6,1,23,5,1360,1,5,9,1
2014300005611,2,9,0,18,0,0,0,0,0,0,4,1,6,1,63,9,2179,2,1,9,1
2014300005615,1,9,0,9,0,8,0,0,0,0,3,1,6,1,49,8,2400,2,3,-1,-1
2014300005615,2,9,0,13,0,8,0,0,7,0,4,1,6,1,49,8,1461,2,7,7,1
2014300005618,1,9,0,16,0,0,0,0,0,0,1,1,6,2,82,11,1242,1,12,9,1
2014300005618,2,9,0,18,0,0,0,0,0,0,3,1,6,2,71,10,1199,1,11,9,1
2014300005618,3,9,0,18,0,0,0,0,0,0,1,1,2,1,38,7,2401,2,10,-1,-1
2014300005619,1,9,0,9,0,6,0,0,0,0,3,1,6,2,40,7,1560,2,6,7,1
2014300005619,2,9,0,18,0,8,0,0,0,0,1,1,6,2,29,6,1995,2,10,3,1
2014300005622,1,9,0,7,0,4,0,0,0,0,1,1,6,2,45,7,1461,2,2,1,1
2014300005622,2,1,0,18,0,4,0,0,0,0,1,1,6,1,58,9,-1,-1,-1,-1,-1
2014300005626,1,9,0,9,0,5,0,0,0,0,1,1,2,1,24,5,1840,1,16,8,1
2014300005626,2,9,0,16,0,8,0,0,0,0,1,1,2,2,39,7,1598,2,2,1,1
2014300005627,1,9,0,14,0,2,0,0,0,0,0,1,6,3,-1,-1,-1,-1,-1,-1,-1
2014300005627,2,90,0,18,0,2,0,0,0,0,0,1,6,3,-1,-1,-1,-1,-1,-1,-1
2014300005631,1,9,0,18,0,0,0,0,0,0,1,1,3,2,33,6,1975,1,13,2,1
2014300005631,2,1,0,18,0,0,0,0,0,0,4,1,4,1,14,3,-1,-1,-1,1,1
2014300005634,1,9,0,18,0,0,0,0,0,0,2,1,6,2,-1,-1,1598,1,6,7,1
2014300005634,2,9,0,18,0,0,0,0,0,0,2,1,6,2,53,8,-1,-1,-1,7,1
2014300005640,1,9,0,18,0,8,0,0,0,0,1,1,6,2,-1,-1,998,1,13,-1,-1
2014300005640,2,9,0,9,0,5,0,0,0,0,1,1,6,1,26,6,1397,1,11,4,1
2014300005645,1,21,1,11,0,2,0,0,0,0,4,1,1,1,45,7,12809,2,1,1,1
2014300005645,2,9,0,18,0,2,0,0,0,0,3,1,6,1,61,9,2198,1,12,10,1
2014300005646,1,9,0,18,0,0,1,0,1,7,4,1,6,2,36,7,1599,1,9,2,1
2014300005646,2,21,1,12,0,0,0,0,0,0,4,2,1,1,57,9,-1,-1,-1,-1,-1
2014300005652,1,9,0,9,0,1,0,0,0,0,2,1,1,1,27,6,1400,1,15,-1,-1
2014300005652,2,9,0,9,0,1,0,0,0,0,0,1,1,1,42,7,1388,1,10,-1,-1
2014300005653,1,9,0,5,0,4,0,0,0,0,1,1,1,1,39,7,1995,2,3,3,1
2014300005653,2,9,0,3,0,1,0,0,0,0,2,1,2,2,29,6,1360,1,7,4,1
2014300005654,1,9,0,18,0,0,1,0,2,4,1,1,6,1,24,5,1360,1,10,5,3
2014300005655,1,9,4,18,0,0,0,0,1,0,3,1,6,1,66,10,1461,2,4,-1,-1
2014300005655,2,9,0,18,0,0,0,0,0,0,4,1,6,2,63,9,1598,2,1,4,1
2014300005656,1,21,1,7,9,3,0,0,0,0,0,1,1,1,63,9,12777,2,1,9,1
2014300005658,1,9,0,18,0,0,0,0,0,0,1,1,6,2,62,9,1329,1,2,8,3
2014300005658,2,9,0,18,0,0,0,0,0,0,1,1,6,1,21,5,1596,1,7,9,1
2014300005662,1,9,4,18,0,0,0,0,0,0,2,1,6,1,22,5,-1,-1,-1,4,1
2014300005662,2,9,0,4,0,0,0,0,0,0,0,1,6,2,23,5,973,1,14,4,1
2014300005670,1,9,0,4,0,4,0,0,0,0,2,1,3,2,38,7,1997,2,1,-1,-1
2014300005670,2,9,0,5,0,1,0,0,0,0,1,1,2,1,35,6,1686,2,13,10,2
2014300005671,1,5,0,18,0,0,0,0,0,0,3,1,2,1,37,7,599,1,14,1,1
2014300005671,2,9,0,11,0,0,0,0,0,0,4,1,2,2,24,5,1896,2,9,3,2
2014300005674,1,9,0,18,0,8,0,0,0,0,2,1,6,1,60,9,2720,2,7,7,3
2014300005674,2,9,0,4,0,8,0,0,0,0,2,1,6,2,28,6,1598,1,11,3,1
2014300005675,1,9,0,4,0,8,0,0,0,0,2,1,2,1,45,7,1968,2,6,7,1
2014300005675,2,9,0,18,0,1,0,0,0,0,1,1,6,2,20,4,1596,1,16,3,3
2014300005680,1,9,0,5,0,0,0,0,0,0,0,1,6,3,-1,-1,-1,-1,-1,-1,-1
2014300005680,2,5,0,18,0,0,0,0,0,0,0,1,6,1,58,9,1450,1,15,5,2
2014300005681,1,9,0,5,0,8,0,0,0,0,2,1,6,1,31,6,1598,2,2,1,2
2014300005681,2,19,0,18,0,8,0,0,0,0,1,1,6,1,22,5,1995,2,6,7,1
2014300005682,1,9,0,18,0,0,0,0,0,0,2,1,2,1,64,9,2926,2,13,4,1
2014300005682,2,9,0,3,0,0,0,0,0,0,2,1,6,2,28,6,1796,1,14,2,1
2014300005682,3,9,0,4,0,0,0,0,0,0,2,1,6,3,-1,-1,-1,-1,-1,-1,-1
2014300005690,1,9,0,7,0,6,0,0,0,0,4,1,1,2,-1,-1,1124,1,15,5,3
2014300005690,2,9,0,3,0,8,0,0,0,0,0,1,1,1,32,6,-1,-1,-1,-1,-1
2014300005696,1,19,0,13,0,0,0,0,0,0,1,1,1,1,37,7,2198,2,4,-1,-1
2014300005696,2,9,0,18,0,0,0,0,1,10,1,1,1,1,31,6,1968,2,3,7,1
2014300005696,3,90,0,18,0,0,0,0,0,0,0,1,6,3,-1,-1,-1,-1,-1,-1,-1