Accident_Index,Vehicle_Reference,Vehicle_Type,Towing_and_Articulation,Vehicle_Manoeuvre,Vehicle_Location-Restricted_Lane,Junction_Location,Skidding_and_Overturning,Hit_Object_in_Carriageway,Vehicle_Leaving_Carriageway,Hit_Object_off_Carriageway,1st_Point_of_Impact,Was_Vehicle_Left_Hand_Drive?,Journey_Purpose_of_Driver,Sex_of_Driver,Age_of_Driver,Age_Band_of_Driver,Engine_Capacity_(CC),Propulsion_Code,Age_of_Vehicle,Driver_IMD_Decile,Driver_Home_Area_Type
2014300005698,1,9,0,18,9,0,0,11,1,4,4,1,6,1,66,10,1998,1,11,6,3
2014300005698,2,9,0,2,6,0,1,0,0,0,4,1,3,2,41,7,2902,2,11,-1,-1
2014300005699,1,1,0,17,0,1,0,0,0,0,1,1,6,1,62,9,-1,-1,-1,4,1
2014300005699,2,9,0,7,0,5,0,0,0,0,4,1,6,1,74,10,1598,1,12,4,1
2014300005700,1,9,0,16,0,3,0,0,0,0,4,1,2,1,25,5,1061,1,11,2,1
2014300005702,1,9,0,9,0,6,0,0,0,0,1,1,1,1,42,7,2435,1,14,10,1
2014300005702,2,9,0,17,0,8,0,0,0,0,1,1,2,2,66,10,1388,1,2,-1,1
2014300005704,1,9,0,17,0,0,1,0,2,7,4,1,2,1,30,6,1896,2,14,7,1
2014300005709,1,9,0,4,0,0,0,4,0,0,1,1,2,2,21,5,-1,-1,-1,7,1
2014300005709,2,19,0,2,0,0,0,4,0,0,2,1,6,1,47,8,2500,2,8,7,1
2014300005709,3,9,0,2,0,0,0,0,0,0,2,1,6,1,47,8,1896,2,4,7,1
2014300005710,1,3,0,17,0,0,1,0,1,10,4,1,2,1,23,5,124,1,7,2,1
2014300005714,1,10,0,18,0,0,1,0,0,0,1,1,1,1,68,10,-1,-1,-1,5,2
2014300005714,2,90,0,2,0,0,0,0,0,0,0,1,6,3,-1,-1,-1,-1,-1,-1,-1
2014300005715,1,9,0,18,0,0,0,0,0,0,1,1,6,1,48,8,2204,2,6,8,3
2014300005716,1,9,0,9,0,8,0,0,0,0,2,1,6,1,43,7,1997,2,11,10,1
2014300005716,2,9,0,18,0,1,0,0,0,0,1,1,6,2,54,8,1598,1,9,6,2
2014300005718,1,9,0,4,0,0,0,0,0,0,2,1,2,2,29,6,2926,2,11,5,1
2014300005718,2,9,0,18,0,0,0,0,0,0,1,1,2,2,33,6,1396,1,12,2,1
2014300005728,1,9,0,4,0,0,0,0,0,0,2,1,1,1,39,7,1910,2,7,9,1
2014300005728,2,9,0,4,0,0,0,0,0,0,1,1,2,2,23,5,1390,1,14,3,1
2014300005729,1,9,0,18,0,6,0,0,0,0,3,1,1,1,52,8,1248,2,4,-1,-1
2014300005729,2,9,0,16,0,8,1,0,0,0,1,1,6,1,18,4,1149,1,9,3,1
2014300005731,1,9,0,13,0,1,0,0,0,0,4,1,6,2,-1,-1,1753,2,7,5,3
2014300005731,2,1,0,18,0,1,0,0,0,0,3,1,6,1,50,8,-1,-1,-1,-1,-1
2014300005738,1,9,0,18,0,8,0,0,0,0,3,1,6,1,18,4,1390,1,14,9,3
2014300005738,2,9,0,7,0,8,0,0,0,0,4,1,2,1,32,6,1998,2,12,7,1
2014300005739,1,9,0,4,0,0,1,0,0,0,1,1,2,2,54,8,1598,1,7,7,1
2014300005744,1,9,0,18,0,0,0,4,1,0,1,1,6,2,20,4,1700,2,13,8,2
2014300005744,2,9,0,2,0,0,0,4,1,0,2,1,6,1,-1,-1,1686,2,5,5,3
2014300005744,3,9,0,2,0,0,0,0,0,0,2,1,6,1,-1,-1,1598,1,3,-1,-1
2014300005745,1,9,0,17,0,8,1,0,1,10,4,1,6,1,38,7,1992,2,6,-1,-1
2014300005745,2,9,0,7,0,3,0,0,0,0,3,1,6,2,43,7,1968,2,3,-1,-1
2014300005751,1,9,0,6,0,0,0,0,0,0,3,1,6,1,46,8,1587,1,8,-1,-1
2014300005751,2,5,0,13,0,0,0,0,0,0,1,1,6,1,31,6,1170,1,3,-1,1
2014300005754,1,9,0,4,0,1,0,0,0,0,1,1,6,1,39,7,2231,2,7,2,1
2014300005754,2,9,0,10,0,1,0,0,0,0,2,1,1,1,36,7,-1,-1,-1,9,2
2014300005755,1,5,0,13,0,0,0,0,0,0,4,1,6,2,37,7,849,1,1,-1,-1
2014300005755,2,9,0,18,0,0,0,0,0,0,3,1,6,1,49,8,1968,2,1,9,2
2014300005756,1,9,0,18,0,1,0,0,0,0,1,1,6,1,49,8,1798,1,11,-1,-1
2014300005756,2,9,0,4,0,1,0,0,0,0,2,1,1,1,35,6,1896,2,6,-1,-1
2014300005756,3,9,0,3,0,1,0,0,0,0,2,1,6,2,45,7,1229,1,4,-1,-1
2014300005756,4,9,0,10,0,1,0,0,0,0,2,1,6,2,53,8,1229,1,1,-1,-1
2014300005759,1,9,0,17,0,0,0,0,7,4,2,1,6,1,26,6,998,1,11,5,1
2014300005760,1,5,0,16,0,0,1,0,0,0,1,1,6,1,62,9,748,1,1,7,1
2014300005760,2,9,0,17,0,0,1,0,0,0,3,1,6,1,44,7,1560,2,3,10,1
2014300005761,1,9,0,18,0,0,0,0,0,0,2,1,6,1,30,6,1968,2,6,2,1
2014300005761,2,5,0,18,0,0,1,0,0,0,1,1,6,1,52,8,1050,1,6,6,1
2014300005764,1,9,0,16,0,1,0,0,0,0,1,1,6,1,21,5,1995,2,3,2,1
2014300005769,1,9,0,3,0,1,0,0,0,0,4,1,6,2,75,10,1388,1,6,10,1
2014300005773,1,9,0,18,0,0,0,0,0,0,4,1,6,1,69,10,1396,1,17,-1,-1
2014300005773,2,1,0,15,0,0,0,0,1,0,3,1,1,1,34,6,-1,-1,-1,10,1
2014300005774,1,9,0,5,0,4,0,0,0,0,1,1,6,1,57,9,1390,1,4,-1,-1
2014300005774,2,1,0,9,0,8,0,0,0,0,1,1,6,1,33,6,-1,-1,-1,-1,1
2014300005780,1,5,0,17,0,0,2,0,2,10,1,1,6,1,21,5,675,1,8,10,1
2014300005782,1,90,0,11,0,0,0,0,0,0,0,1,6,3,-1,-1,-1,-1,-1,-1,-1
2014300005782,2,9,0,18,0,0,0,0,1,0,0,1,2,1,45,7,1396,1,10,7,1
2014300005784,1,9,0,18,0,2,0,0,0,0,4,1,6,1,-1,-1,2993,2,7,-1,-1
2014300005786,1,1,0,4,0,1,0,0,0,0,1,1,1,2,41,7,-1,-1,-1,5,1
2014300005786,2,9,0,9,0,8,0,0,0,0,1,1,6,2,40,7,1598,1,2,5,1
2014300005790,1,9,0,15,0,2,0,0,0,0,1,1,6,1,19,4,1686,2,9,3,1
2014300005790,2,1,0,18,0,1,0,0,0,0,3,1,6,2,10,2,-1,-1,-1,3,1
2014300005791,1,9,0,9,0,8,0,0,7,1,1,2,2,2,34,6,-1,-1,-1,-1,-1
2014300005791,2,9,0,18,0,8,0,0,0,0,1,1,6,1,27,6,1984,1,14,-1,-1
2014300005795,1,9,0,18,0,8,0,0,0,0,1,1,6,2,31,6,1388,1,2,-1,-1
2014300005796,1,11,0,2,0,1,0,0,0,0,0,1,1,1,39,7,9000,2,6,-1,-1
2014300005798,1,21,1,7,0,3,0,0,0,0,4,1,1,1,63,9,6870,2,6,4,1
2014300005798,2,9,0,3,0,3,0,0,0,0,3,1,6,2,61,9,1498,1,7,8,1
2014300005802,1,90,0,18,0,1,0,0,0,0,0,1,6,1,-1,-1,-1,-1,-1,-1,-1
2014300005804,1,9,0,3,0,1,0,0,0,0,0,1,6,1,25,5,1995,2,7,8,1
2014300005804,2,9,0,3,0,1,0,0,0,0,2,1,1,2,42,7,1242,1,7,4,1
2014300005806,1,9,0,18,0,1,0,0,0,0,1,1,2,2,54,8,1560,2,5,7,2
2014300005809,1,9,0,9,0,5,0,0,0,0,1,1,6,2,46,8,998,1,11,1,1
2014300005809,2,3,0,10,0,1,0,0,0,0,1,1,6,2,45,7,124,1,1,3,2
2014300005810,1,9,0,18,0,0,0,0,0,0,1,1,6,1,47,8,998,1,3,-1,-1
2014300005812,1,11,0,5,0,0,0,0,0,0,0,1,1,1,29,6,-1,-1,-1,3,1
2014300005813,1,20,0,18,0,0,0,0,0,0,1,1,1,1,46,8,4250,2,14,4,1
2014300005813,2,9,0,4,0,0,0,0,0,0,2,1,1,1,60,9,-1,-1,-1,10,2
2014300005813,3,9,0,4,0,0,0,0,0,0,2,1,6,2,40,7,1997,2,5,10,1
2014300005817,1,19,0,7,0,4,0,0,0,0,3,1,6,1,57,9,1995,2,1,1,1
2014300005817,2,9,0,18,0,3,0,0,0,0,4,1,1,1,58,9,1896,2,7,-1,2
2014300005821,1,9,0,11,0,0,0,0,0,0,4,1,3,2,26,6,1596,1,14,3,1
2014300005821,2,9,0,18,0,0,0,0,0,0,3,1,6,1,49,8,1598,2,2,-1,-1
2014300005822,1,11,0,17,9,0,0,0,0,0,0,1,1,1,53,8,3900,2,11,2,1
2014300005822,2,8,0,18,0,0,0,0,0,0,0,1,1,1,-1,-1,-1,-1,-1,2,1
2014300005825,1,9,0,16,0,0,5,0,8,0,3,1,6,1,60,9,1798,1,8,-1,-1
2014300005827,1,9,0,17,0,0,0,0,0,0,1,1,6,1,76,11,-1,-1,-1,7,2
2014300005832,1,9,0,18,0,8,0,0,0,0,4,1,1,1,56,9,1896,2,10,10,2
2014300005832,2,9,0,18,0,4,0,0,0,0,0,1,6,1,39,7,-1,-1,-1,2,1
2014300005833,1,21,1,18,0,0,0,5,0,0,1,1,1,1,49,8,11967,2,1,7,1
2014300005834,1,9,0,7,0,2,0,0,0,0,3,1,1,1,48,8,1995,2,8,1,1
2014300005834,2,1,0,5,0,2,0,0,0,0,4,1,6,1,10,2,-1,-1,-1,1,1
2014300005835,1,9,0,14,0,0,0,4,0,0,3,1,6,1,68,10,2204,2,9,6,1
2014300005835,2,9,0,18,0,0,0,0,0,0,3,1,6,2,50,8,973,1,14,4,1
2014300005835,3,9,0,2,0,0,0,0,0,0,3,1,6,3,-1,-1,2495,2,24,9,3
2014300005837,1,9,0,5,0,3,0,0,0,0,3,1,6,2,33,6,2179,2,4,3,1
2014300005837,2,1,0,18,0,1,0,0,0,0,1,1,6,1,13,3,-1,-1,-1,-1,2
2014300005841,1,9,0,9,0,5,0,0,1,10,1,1,6,1,76,11,2496,1,11,5,3
2014300005841,2,20,0,18,0,8,0,0,1,10,1,1,1,1,61,9,4250,2,8,1,1
2014300005844,1,9,0,5,0,4,0,0,0,0,1,1,6,2,38,7,1598,1,7,9,1
2014300005844,2,1,0,18,0,3,0,0,0,0,4,1,6,2,37,7,-1,-1,-1,-1,-1
2014300005845,1,19,0,18,0,0,0,0,0,0,1,1,6,3,-1,-1,-1,-1,-1,-1,-1
2014300005846,1,9,0,7,0,6,0,0,0,0,3,1,2,2,40,7,2000,1,5,7,2
2014300005846,2,3,0,18,0,1,0,0,0,0,1,1,2,1,18,4,124,1,12,10,1
2014300005847,1,9,0,18,0,0,0,0,0,0,1,1,1,1,35,6,-1,-1,-1,1,1
2014300005847,2,11,0,2,0,0,0,0,0,0,0,1,1,3,-1,-1,-1,-1,-1,-1,-1
2014300005848,1,9,0,10,0,8,0,0,0,0,4,1,6,2,19,4,1229,1,9,3,1
2014300005848,2,5,0,18,2,1,0,0,0,0,1,1,6,1,49,8,805,1,6,2,1
2014300005850,1,9,0,18,0,0,0,2,0,0,2,1,6,2,44,7,-1,-1,-1,5,1
2014300005850,2,21,1,11,0,0,0,0,0,0,1,1,6,3,-1,-1,-1,-1,-1,-1,-1
2014300005851,1,9,0,18,0,0,0,0,0,0,1,1,1,1,30,6,1910,2,10,4,1
2014300005851,2,90,0,2,0,0,0,0,0,0,0,1,6,3,-1,-1,-1,-1,-1,-1,-1
2014300005855,1,9,0,12,0,1,0,0,0,0,3,1,2,1,36,7,1997,2,10,3,1
2014300005855,2,19,0,18,0,1,0,0,0,0,4,1,1,1,50,8,2402,2,12,3,1
2014300005862,1,9,0,7,2,8,0,0,0,0,2,1,6,1,-1,-1,998,1,1,-1,-1
2014300005862,2,11,0,4,2,8,0,0,0,0,1,1,1,1,44,7,7300,2,5,6,1
2014300005866,1,9,0,18,0,8,0,0,7,10,1,1,6,1,91,11,996,1,1,10,1
2014300005866,2,9,0,18,0,8,0,0,0,0,1,1,6,2,43,7,1422,2,5,7,1
2014300005868,1,9,0,4,0,4,0,0,0,0,2,1,6,1,39,7,4999,7,11,6,1
2014300005868,2,9,0,5,0,4,0,0,0,0,1,1,6,2,75,10,1199,1,11,4,1
2014300005869,1,90,0,18,0,1,0,0,0,0,0,1,6,3,-1,-1,-1,-1,-1,-1,-1
2014300005874,1,5,0,6,0,0,0,0,0,0,3,1,6,1,42,7,999,1,8,10,1
2014300005876,1,9,0,1,0,0,0,0,0,0,2,1,6,1,72,10,998,1,8,5,1
2014300005876,2,5,0,3,0,0,0,0,0,0,4,1,6,1,52,8,1157,1,18,-1,-1
2014300005877,1,9,0,18,0,0,0,0,5,6,1,1,6,1,48,8,2000,1,8,2,1
2014300005877,2,9,0,18,0,0,0,0,0,0,2,1,6,1,32,6,1120,2,2,6,1
2014300005878,1,9,0,6,0,0,0,0,0,0,4,1,1,1,36,7,-1,-1,-1,2,1
2014300005880,1,9,0,18,0,1,0,0,0,0,1,1,6,1,26,6,1248,2,11,2,1
2014300005880,2,9,0,2,0,1,0,0,0,0,2,1,6,1,34,6,1332,1,16,2,1
2014300005884,1,9,0,17,0,0,1,0,1,10,1,1,6,1,53,8,1994,1,10,2,2
2014300005890,1,9,0,16,0,0,0,0,0,0,1,1,6,1,69,10,2497,2,7,5,1
2014300005890,2,9,0,17,0,0,0,0,0,0,3,1,6,2,34,6,1400,1,8,-1,1
2014300005890,3,9,0,17,0,0,0,0,0,0,1,1,6,1,42,7,1997,2,3,6,1
2014300005892,1,9,3,18,0,8,0,0,0,0,1,1,6,1,30,6,1598,1,9,10,1
2014300005892,2,9,0,18,0,8,0,0,0,0,4,1,6,1,72,10,1560,2,1,-1,-1
2014300005893,1,9,0,16,0,0,2,0,1,4,1,1,6,2,19,4,1242,1,2,6,1
2014300005896,1,9,0,9,0,2,0,0,0,0,1,1,6,1,62,9,1686,2,1,6,2
2014300005900,1,9,0,5,0,1,0,0,0,0,0,1,6,2,50,8,1242,1,8,10,1
2014300005900,2,9,0,18,0,1,1,0,0,0,0,1,6,1,21,5,1396,1,23,-1,-1
2014300005904,1,9,0,16,0,0,1,0,7,4,1,1,2,2,20,4,1794,1,13,-1,-1
2014300005905,1,9,0,17,0,0,1,0,0,0,3,1,6,1,18,4,1275,1,20,5,1
2014300005905,2,9,0,16,0,0,0,0,0,0,1,1,6,1,39,7,1753,2,12,5,3
2014300005906,1,9,0,4,0,1,0,0,0,0,1,1,2,1,27,6,1994,1,11,5,3
2014300005906,2,9,0,4,0,1,0,0,0,0,2,1,2,1,47,8,1968,2,3,7,1
2014300005906,3,9,0,4,0,1,0,0,0,0,1,1,6,1,64,9,1598,2,1,10,2
2014300005908,1,21,0,17,0,0,2,0,1,10,1,1,1,1,47,8,-1,-1,-1,-1,-1
2014300005909,1,9,0,16,0,0,0,0,0,0,1,1,2,1,51,8,1560,2,3,-1,-1
2014300005909,2,9,0,17,0,0,0,0,0,0,1,1,6,2,34,6,1598,1,11,9,2
2014300005913,1,9,0,17,0,8,0,0,0,0,1,1,6,2,-1,-1,1560,2,9,-1,-1
2014300005913,2,9,0,10,0,8,0,0,0,0,2,1,6,1,19,4,1229,1,4,9,1
2014300005918,1,9,0,10,0,8,0,0,0,0,1,1,6,1,33,6,1598,1,7,2,1
2014300005918,2,9,0,4,0,1,0,0,0,0,2,1,6,1,31,6,1596,1,7,3,1
2014300005921,1,9,0,18,0,0,0,0,1,2,1,1,2,1,-1,-1,1896,2,7,-1,-1
2014300005922,1,9,0,9,0,8,0,0,0,0,1,1,2,2,50,8,1242,1,7,6,1
2014300005922,2,3,0,18,0,8,0,0,0,0,1,1,2,1,17,4,-1,-1,-1,1,1
2014300005930,1,9,0,9,0,4,0,0,0,0,4,1,6,2,35,6,1596,1,15,3,1
2014300005930,2,1,0,18,0,4,0,0,0,0,4,1,6,1,77,11,-1,-1,-1,10,1
2014300005934,1,9,0,9,7,0,0,0,0,0,2,1,6,2,40,7,1598,2,1,7,1
2014300005934,2,9,0,4,0,0,0,0,0,0,0,1,6,1,78,11,1998,1,16,3,1
2014300005934,3,4,0,4,0,0,0,4,0,0,1,1,6,1,60,9,1078,1,5,6,1
2014300005935,1,9,0,13,0,0,0,0,0,0,4,1,6,1,25,5,1997,1,15,6,2
2014300005935,2,1,0,16,0,0,0,0,0,0,3,1,6,1,40,7,-1,-1,-1,-1,-1
2014300005937,1,9,0,9,0,6,0,0,0,0,1,1,2,1,53,8,1998,1,9,3,1
2014300005937,2,3,0,17,0,8,0,0,0,0,1,1,2,1,19,4,125,1,2,3,1
2014300005940,1,9,0,16,0,0,0,0,0,0,1,1,6,1,29,6,1998,1,10,2,1
2014300005940,2,21,1,17,0,0,0,0,0,0,1,1,1,1,51,8,12419,2,3,4,1
2014300005944,1,9,0,18,0,1,0,0,0,0,0,1,6,3,-1,-1,-1,-1,-1,-1,-1
2014300005944,2,1,0,18,0,1,0,0,0,0,1,1,6,1,15,3,-1,-1,-1,2,1
2014300005947,1,9,0,11,0,0,0,0,0,0,3,1,2,2,18,4,973,1,11,2,1
2014300005947,2,8,0,4,0,0,0,0,0,0,4,1,1,1,69,10,1753,2,10,2,1
2014300005948,1,9,0,17,0,0,0,0,0,0,3,1,1,1,34,6,1396,2,1,-1,-1
2014300005948,2,90,4,18,0,0,0,0,0,0,3,1,1,1,58,9,-1,-1,-1,-1,-1
2014300005950,1,9,0,18,0,1,0,0,0,0,1,1,1,1,62,9,1995,2,2,3,1
2014300005954,1,9,0,1,9,1,0,0,0,0,2,1,6,1,18,4,1229,1,3,9,1
2014300005956,1,9,0,4,0,1,1,0,0,0,1,1,2,1,23,5,1948,1,13,10,1
2014300005956,2,9,0,17,0,1,0,0,0,0,1,1,6,1,42,7,2183,2,2,2,1
2014300005957,1,9,0,4,0,1,0,0,0,0,1,1,6,1,39,7,1900,2,7,8,3
2014300005957,2,9,0,4,0,1,0,0,0,0,2,1,6,2,68,10,1997,2,13,7,2
2014300005957,3,9,0,3,0,1,0,0,0,0,2,1,6,2,32,6,1968,2,6,2,1
2014300005958,1,9,0,18,0,0,0,0,0,0,1,1,6,1,64,9,2198,1,11,3,1
2014300005958,2,9,0,2,0,0,0,0,0,0,2,1,6,2,71,10,1598,1,10,3,1
2014300005959,1,3,0,4,0,0,1,4,0,0,2,1,6,1,20,4,102,1,1,1,1
2014300005959,2,9,0,2,0,0,0,0,0,0,2,1,6,1,65,9,1997,2,2,2,1
2014300005965,1,9,0,18,0,1,1,0,0,0,1,1,2,2,34,6,1596,1,5,1,1
2014300005965,2,9,0,3,0,1,0,0,0,0,2,1,6,2,42,7,1149,1,10,6,1
2014300005967,1,9,0,17,0,2,0,0,0,0,3,1,2,2,32,6,1390,1,6,6,1
2014300005971,1,9,0,17,0,0,0,0,0,0,1,1,2,1,43,7,1398,2,1,5,1
2014300005971,2,9,0,2,0,0,0,0,0,0,2,1,6,1,37,7,1796,1,9,5,1
2014300005975,1,9,0,1,0,5,0,0,0,0,2,1,1,1,72,10,1560,2,1,8,3
2014300005975,2,9,0,10,0,1,0,0,0,0,4,1,6,1,38,7,1242,1,14,7,2
2014300005985,1,20,0,18,0,0,2,0,0,0,1,1,6,2,53,8,-1,-1,-1,10,1
2014300005988,1,5,0,13,0,8,0,7,0,0,1,1,6,1,56,9,1165,1,12,2,1
2014300005988,2,9,0,18,0,8,0,0,0,0,0,1,6,3,57,9,1242,1,4,7,1
2014300005989,1,9,0,18,0,0,0,0,0,0,3,1,6,1,37,7,1970,1,9,5,3
2014300005989,2,9,0,18,0,0,0,0,0,0,3,1,6,1,62,9,2000,1,11,5,1
2014300005990,1,9,0,18,0,8,0,0,0,0,1,1,6,3,30,6,1796,1,10,6,1
2014300005990,2,8,0,18,0,8,0,0,0,0,4,1,6,1,34,6,1995,2,13,1,1
2014300005990,3,9,0,2,0,2,0,0,0,0,1,1,6,2,42,7,1497,1,13,2,1
2014300005990,4,9,0,2,0,2,0,0,0,0,2,1,6,3,-1,-1,1956,2,2,-1,-1
2014300005993,1,9,0,3,0,0,0,0,0,0,2,1,1,1,69,10,-1,-1,-1,6,1
2014300005993,2,9,0,18,0,0,0,0,0,0,1,1,6,1,36,7,1560,2,9,6,1
2014300005993,3,9,0,18,0,0,0,0,0,0,1,1,6,1,60,9,2184,2,9,5,1
2014300005993,4,11,0,2,0,0,0,0,0,0,0,1,1,3,-1,-1,-1,-1,-1,-1,-1
2014300005995,1,9,0,18,0,0,0,0,0,0,3,1,2,2,22,5,1229,1,9,1,1
2014300005995,2,90,0,2,0,0,0,0,0,0,0,1,6,3,-1,-1,-1,-1,-1,-1,-1
2014300006001,1,9,0,11,0,5,0,0,0,0,0,1,6,3,-1,-1,-1,-1,-1,-1,-1
2014300006001,2,9,0,18,0,8,0,0,0,0,3,1,2,2,31,6,1339,1,6,6,1
2014300006001,3,9,0,18,0,8,0,0,0,0,4,1,1,1,31,6,1686,2,4,2,1
2014300006002,1,9,0,18,0,0,0,0,0,0,2,1,6,1,32,6,1598,2,1,-1,1
2014300006002,2,9,0,18,0,0,0,0,0,0,1,1,6,1,48,8,1781,1,17,6,1
2014300006003,1,9,0,11,0,0,0,0,0,0,1,1,6,2,48,8,1796,1,11,7,3
2014300006003,2,1,0,5,0,0,0,0,0,0,3,1,6,1,40,7,-1,-1,-1,6,1
2014300006004,1,9,0,18,0,0,0,0,0,0,0,1,6,2,23,5,1360,1,8,3,1
2014300006004,2,9,0,17,0,0,1,0,0,0,1,1,6,1,20,4,1124,1,14,-1,-1
2014300006009,1,9,0,17,0,0,2,0,2,2,3,1,6,1,20,4,1595,1,15,7,1
2014300006017,1,5,0,18,0,1,5,0,0,0,0,1,6,1,60,9,599,1,16,-1,-1
2014300006017,2,9,0,9,0,2,0,0,0,0,3,1,2,1,60,9,1296,1,7,6,2
2014300006018,1,9,0,18,0,6,0,0,0,0,1,1,6,1,51,8,1995,1,9,-1,1
2014300006018,2,9,0,14,0,8,0,0,0,0,2,1,6,1,19,4,1390,1,15,2,1
2014300006018,3,90,0,2,0,1,0,0,0,0,0,1,6,3,-1,-1,-1,-1,-1,-1,-1
2014300006019,1,9,0,4,0,1,0,0,0,0,2,1,6,2,29,6,1242,1,8,-1,-1
2014300006019,2,9,0,18,0,1,0,0,0,0,1,1,2,1,33,6,-1,-1,-1,-1,-1
2014300006020,1,9,0,5,0,6,0,0,0,0,3,1,6,2,50,8,1299,1,12,4,1
2014300006020,2,90,0,18,0,8,0,0,0,0,1,1,1,1,25,5,-1,-1,-1,4,1
2014300006023,1,9,0,4,0,1,0,0,0,0,1,1,6,2,53,8,1997,2,15,-1,-1
2014300006023,2,9,0,4,0,1,0,0,0,0,2,1,6,2,25,5,1910,2,13,-1,-1
2014300006025,1,9,0,2,0,0,0,0,0,0,3,1,1,1,41,7,1398,2,2,2,1
2014300006025,2,9,0,5,0,0,0,4,0,0,4,1,6,1,-1,-1,-1,-1,-1,-1,-1
2014300006026,1,9,0,18,0,1,1,0,1,1,3,1,6,1,24,5,1998,2,9,-1,-1
2014300006037,1,9,0,9,0,5,0,0,0,0,2,1,6,2,34,6,1998,2,10,7,3
2014300006037,2,9,0,13,0,8,0,0,0,0,1,1,2,1,21,5,1364,1,8,5,1
2014300006041,1,9,0,9,0,5,0,0,0,0,4,1,6,1,66,10,1598,2,1,9,1
2014300006041,2,1,0,15,0,1,0,0,0,0,1,1,6,1,36,7,-1,-1,-1,4,1
2014300006041,3,90,0,3,0,1,0,0,0,0,0,1,6,3,-1,-1,-1,-1,-1,-1,-1
2014300006042,1,9,0,5,0,6,0,0,0,0,1,1,6,1,72,10,3628,2,7,10,2
2014300006042,2,1,0,3,0,1,0,0,0,0,4,1,6,2,64,9,-1,-1,-1,-1,-1
2014300006043,1,9,0,4,0,1,0,0,0,0,3,1,6,2,46,8,1560,2,8,7,1
2014300006043,2,9,0,4,0,1,0,0,0,0,4,1,1,2,28,6,1242,1,14,3,1
2014300006046,1,9,0,16,0,0,5,0,2,10,3,1,6,1,18,4,999,1,12,9,1
2014300006047,1,9,0,18,0,0,1,0,2,10,1,1,6,2,71,10,1598,1,1,9,1
2014300006053,1,9,0,14,0,0,0,0,0,0,1,1,6,2,61,9,1997,1,2,9,1
2014300006053,2,1,0,18,0,0,0,0,0,0,4,1,6,1,15,3,-1,-1,-1,2,1
2014300006053,3,19,0,2,0,0,0,0,0,0,0,1,6,3,-1,-1,-1,-1,-1,-1,-1
2014300006056,1,9,0,18,0,8,0,0,0,0,1,1,6,2,40,7,1560,2,6,3,1
2014300006059,1,9,3,13,0,0,0,0,0,0,4,1,6,1,44,7,1989,1,12,9,1
2014300006059,2,1,0,18,0,0,0,0,0,0,3,1,6,1,46,8,-1,-1,-1,9,3
2014300006062,1,11,0,18,0,8,0,0,0,0,4,1,1,1,46,8,4250,2,5,1,1
2014300006064,1,9,0,18,0,0,1,0,0,0,1,1,6,2,64,9,1388,1,2,8,1
2014300006068,1,9,0,16,0,0,0,0,7,0,1,1,6,2,89,11,1388,1,7,10,1
2014300006068,2,9,0,17,0,0,0,0,0,0,1,1,6,1,63,9,2976,1,11,-1,-1
2014300006070,1,9,0,4,0,0,0,0,0,0,2,1,6,1,35,6,2792,1,13,6,2
2014300006070,2,9,0,18,0,0,0,0,0,0,1,1,6,2,21,5,1149,1,6,6,1
2014300006073,1,9,0,6,0,0,0,0,7,0,3,1,1,1,47,8,1753,2,13,-1,-1
2014300006073,2,9,0,18,0,0,0,0,7,0,1,1,2,1,45,7,1951,2,10,2,1
2014300006082,1,1,0,9,0,5,0,0,0,0,1,1,6,1,48,8,-1,-1,-1,10,1
2014300006082,2,9,0,17,0,8,0,0,0,0,1,1,6,1,-1,-1,-1,-1,-1,-1,-1
2014300006094,1,9,0,9,0,6,0,0,0,0,3,1,6,2,41,7,1991,2,5,-1,3
2014300006094,2,21,0,18,0,8,0,0,0,0,1,1,1,1,30,6,12740,2,2,2,1
2014300006097,1,9,0,17,0,0,0,0,0,0,1,1,6,1,-1,-1,1968,2,1,-1,-1
2014300006097,2,2,0,16,0,0,0,0,0,0,1,1,1,1,-1,-1,49,1,9,-1,-1
2014300006099,1,9,0,9,0,6,0,0,0,0,3,1,3,2,36,7,1596,1,7,-1,-1
2014300006099,2,9,0,18,0,8,0,0,0,0,1,1,2,1,23,5,1598,1,12,-1,-1
2014300006100,1,9,0,18,0,1,1,0,0,0,1,1,6,1,24,5,1360,1,14,-1,-1
2014300006100,2,9,0,3,0,1,0,0,0,0,2,1,1,2,29,6,1686,2,3,-1,-1
2014300006100,3,9,0,10,0,8,0,0,0,0,2,1,1,1,26,6,1968,2,-1,10,1
2014300006102,1,9,0,9,0,6,0,0,0,0,1,1,6,1,78,11,1598,1,11,8,1
2014300006102,2,1,0,17,0,8,0,0,0,0,2,1,6,1,58,9,-1,-1,-1,9,1
2014300006103,1,9,0,17,0,1,0,0,0,0,1,1,6,1,73,10,2477,2,9,10,3
2014300006107,1,9,0,7,0,6,0,0,0,0,3,1,1,1,43,7,1299,1,9,10,1
2014300006107,2,9,0,18,0,8,0,7,0,0,1,1,6,2,-1,-1,1242,1,1,-1,-1