Accident_Index,Vehicle_Reference,Vehicle_Type,Towing_and_Articulation,Vehicle_Manoeuvre,Vehicle_Location-Restricted_Lane,Junction_Location,Skidding_and_Overturning,Hit_Object_in_Carriageway,Vehicle_Leaving_Carriageway,Hit_Object_off_Carriageway,1st_Point_of_Impact,Was_Vehicle_Left_Hand_Drive?,Journey_Purpose_of_Driver,Sex_of_Driver,Age_of_Driver,Age_Band_of_Driver,Engine_Capacity_(CC),Propulsion_Code,Age_of_Vehicle,Driver_IMD_Decile,Driver_Home_Area_Type
2014300006108,1,9,0,18,0,0,0,0,0,0,3,1,3,2,32,6,1598,1,7,2,1
2014300006108,2,90,0,2,0,0,0,0,0,0,0,1,6,3,-1,-1,-1,-1,-1,-1,-1
2014300006111,1,9,0,18,0,4,0,0,0,0,1,1,6,2,-1,-1,1198,1,7,2,1
2014300006111,2,1,0,18,0,8,0,0,0,0,2,1,2,1,35,6,-1,-1,-1,9,1
2014300006113,1,9,0,16,0,0,0,0,0,0,1,1,1,1,29,6,1275,1,15,3,1
2014300006113,2,9,0,17,0,0,0,0,0,0,1,1,6,2,46,8,1968,2,3,9,1
2014300006124,1,9,0,13,0,0,5,0,1,10,1,1,2,1,40,7,1753,2,13,9,1
2014300006124,2,21,1,18,0,0,0,0,0,0,0,1,1,1,-1,-1,-1,-1,-1,-1,-1
2014300006124,3,9,0,18,0,0,0,0,0,0,0,1,2,1,-1,-1,-1,-1,-1,-1,-1
2014300006126,1,9,0,18,0,1,0,0,0,0,1,1,6,1,-1,-1,1762,1,14,-1,-1
2014300006126,2,9,0,5,0,1,0,0,0,0,2,1,6,1,38,7,1461,2,4,2,1
2014300006127,1,9,0,18,0,2,0,0,0,0,4,1,6,1,75,10,1868,2,9,2,1
2014300006129,1,5,0,16,0,0,0,0,0,0,1,1,6,1,28,6,600,1,12,-1,-1
2014300006129,2,9,0,17,0,0,0,0,0,0,3,1,6,1,29,6,1781,1,10,7,3
2014300006130,1,9,0,7,0,6,0,0,0,0,1,1,6,1,17,4,999,1,13,3,1
2014300006130,2,9,0,18,0,8,0,0,0,0,1,1,6,2,67,10,1299,1,6,8,1
2014300006130,3,9,0,18,0,1,0,0,0,0,1,1,6,1,32,6,1956,2,5,6,3
2014300006131,1,9,0,18,0,8,0,0,0,0,1,1,6,3,-1,-1,-1,-1,-1,-1,-1
2014300006134,1,9,0,6,0,8,0,0,0,0,1,1,2,2,40,7,998,1,2,-1,-1
2014300006134,2,3,0,18,0,8,2,0,0,0,1,1,6,1,22,5,124,1,4,3,1
2014300006136,1,19,0,10,0,8,0,0,0,0,2,1,6,1,63,9,1753,2,10,6,3
2014300006136,2,9,0,18,0,8,0,0,0,0,1,1,6,1,26,6,-1,-1,-1,-1,-1
2014300006138,1,3,0,15,0,8,5,0,0,0,3,1,6,1,22,5,124,1,6,4,1
2014300006138,2,9,0,10,0,8,0,0,0,0,4,1,6,1,44,7,1990,1,11,7,3
2014300006139,1,5,0,4,0,0,0,0,0,0,0,1,6,1,29,6,1157,1,7,1,1
2014300006140,1,9,0,9,0,6,0,0,0,0,1,1,6,2,59,9,1951,2,11,10,1
2014300006142,1,9,0,18,0,1,0,0,0,0,1,1,6,2,26,6,1149,1,12,5,2
2014300006144,1,1,0,18,0,1,0,0,0,0,1,1,6,1,18,4,-1,-1,-1,-1,-1
2014300006144,2,9,0,4,0,1,0,0,0,0,4,1,6,1,45,7,2179,2,2,-1,1
2014300006146,1,9,0,9,0,6,0,0,0,0,1,1,6,2,52,8,1360,1,12,9,1
2014300006146,2,5,0,18,0,8,0,0,0,0,4,1,6,1,55,8,1202,1,-1,2,1
2014300006155,1,21,1,5,0,0,0,0,0,0,1,1,1,1,62,9,12902,2,1,7,3
2014300006155,2,90,0,5,0,0,0,0,0,0,3,1,6,2,74,10,-1,-1,-1,4,1
2014300006156,1,9,0,18,0,0,0,4,7,10,1,1,6,2,-1,-1,1968,2,2,5,1
2014300006156,2,9,0,2,0,0,0,4,0,0,4,1,6,2,-1,-1,1999,1,9,5,1
2014300006156,3,9,0,2,0,0,0,0,0,0,2,1,6,1,-1,-1,1399,2,8,5,1
2014300006157,1,9,0,9,0,5,0,0,0,0,1,1,6,1,46,8,1339,1,11,-1,-1
2014300006157,2,1,0,18,0,8,0,0,0,0,1,1,6,1,40,7,-1,-1,-1,-1,-1
2014300006158,1,9,0,5,0,0,0,0,0,0,4,1,6,1,-1,-1,-1,-1,-1,-1,-1
2014300006159,1,8,0,4,0,0,0,0,0,0,1,1,6,3,26,6,1997,2,12,-1,-1
2014300006159,2,90,0,4,0,0,0,0,0,0,2,1,6,3,-1,-1,-1,-1,-1,-1,-1
2014300006166,1,9,0,7,0,8,1,0,7,10,1,1,6,1,22,5,1598,2,1,5,1
2014300006168,1,21,0,16,0,0,0,5,0,0,1,1,1,1,79,11,11021,2,15,1,1
2014300006168,2,9,0,17,0,0,0,11,0,0,1,1,6,2,43,7,2470,2,23,7,3
2014300006170,1,9,0,4,0,0,0,0,0,0,2,1,1,1,-1,-1,1753,2,11,-1,-1
2014300006170,2,9,0,4,0,0,0,0,0,0,2,1,1,2,41,7,1968,2,2,-1,-1
2014300006179,1,9,0,17,0,0,0,0,7,10,4,1,6,1,20,4,1248,2,9,8,1
2014300006181,1,8,0,2,0,0,0,0,0,0,0,1,1,1,56,9,1996,2,4,3,1
2014300006182,1,9,0,4,0,1,0,0,0,0,1,1,6,1,83,11,1560,2,2,2,2
2014300006182,2,9,0,10,0,1,0,0,0,0,2,1,6,2,28,6,1597,1,19,2,1
2014300006188,1,9,0,2,0,0,0,0,0,0,0,1,6,2,-1,-1,1686,2,15,7,1
2014300006188,2,9,0,12,0,0,1,0,4,6,1,1,6,2,45,7,1246,1,7,8,1
2014300006191,1,9,0,9,0,1,0,0,0,0,1,1,1,1,55,8,-1,-1,-1,8,1
2014300006191,2,1,0,18,0,1,0,0,0,0,3,1,2,1,23,5,-1,-1,-1,7,1
2014300006192,1,9,0,18,0,0,0,0,0,0,1,1,6,1,41,7,2198,2,7,-1,1
2014300006197,1,9,0,9,0,6,0,0,0,0,1,1,2,2,57,9,996,1,4,4,1
2014300006197,2,9,0,7,0,5,0,0,0,0,3,1,6,2,30,6,1242,1,13,4,1
2014300006199,1,9,0,3,0,0,0,0,0,0,2,1,2,2,34,6,1560,2,4,8,3
2014300006199,2,9,0,3,0,0,0,0,0,0,2,1,2,1,27,6,1984,1,19,2,1
2014300006199,3,21,1,18,0,0,0,0,0,0,1,1,1,1,57,9,11946,2,1,1,1
2014300006199,4,20,0,18,0,0,0,0,0,0,1,1,1,1,47,8,4250,2,12,4,1
2014300006203,1,9,0,10,0,8,0,0,0,0,2,1,6,2,-1,-1,599,1,11,9,2
2014300006203,2,9,0,18,0,8,0,0,0,0,1,1,2,2,47,8,1991,2,7,8,2
2014300006205,1,9,0,9,0,6,0,0,0,0,3,1,6,2,50,8,1991,2,4,6,3
2014300006205,2,9,0,18,0,8,0,0,0,0,1,1,6,1,55,8,1995,2,3,6,3
2014300006209,1,9,0,13,0,0,0,0,0,0,0,1,2,1,56,9,1596,1,7,9,1
2014300006209,2,9,0,17,0,0,0,0,2,4,3,1,6,2,62,9,1388,1,15,6,3
2014300006209,3,9,0,16,0,0,0,0,0,0,3,1,6,1,47,8,1598,2,1,-1,2
2014300006209,4,1,0,16,0,0,0,0,0,0,0,1,6,1,56,9,-1,-1,-1,5,1
2014300006214,1,9,0,18,0,0,0,4,1,0,0,1,6,2,40,7,1984,1,2,-1,-1
2014300006214,2,21,0,2,0,0,0,0,0,0,2,1,1,1,23,5,6692,2,5,6,1
2014300006219,1,9,0,4,0,8,0,0,0,0,3,1,6,2,30,6,1240,1,11,-1,-1
2014300006219,2,1,0,18,0,6,0,0,0,0,1,1,6,1,26,6,-1,-1,-1,-1,-1
2014300006224,1,19,0,18,0,0,0,0,0,0,4,1,1,1,26,6,2287,2,6,8,1
2014300006228,1,9,0,18,0,0,0,0,0,0,1,1,6,2,34,6,2184,2,10,3,1
2014300006228,2,19,0,2,0,0,0,0,0,0,0,1,6,3,-1,-1,-1,-1,-1,-1,-1
2014300006230,1,4,0,7,0,1,0,0,0,0,4,1,2,1,23,5,636,1,9,1,1
2014300006230,2,9,0,7,0,1,0,0,0,0,3,1,6,3,-1,-1,-1,-1,-1,-1,-1
2014300006234,1,9,0,17,0,0,2,0,0,0,1,1,6,1,22,5,2976,1,12,8,3
2014300006235,1,9,0,3,0,0,0,0,0,0,2,1,2,1,25,5,1198,1,6,7,1
2014300006235,2,9,0,3,0,0,0,0,0,0,2,1,2,2,50,8,1149,1,10,-1,-1
2014300006235,3,9,0,12,0,0,0,0,0,0,1,1,2,1,45,7,1999,1,3,10,1
2014300006236,1,9,0,18,0,0,1,0,8,10,1,1,6,1,48,8,1598,1,7,-1,-1
2014300006237,1,9,0,16,0,0,2,4,7,10,1,1,6,1,28,6,1910,2,10,2,1
2014300006237,2,9,0,2,0,0,0,0,0,0,2,1,6,1,47,8,1390,1,3,-1,-1
2014300006238,1,9,0,9,0,5,0,0,0,0,1,1,6,1,46,8,998,1,12,1,1
2014300006246,1,9,0,4,0,1,0,0,0,0,1,1,6,2,-1,-1,1968,2,5,4,1
2014300006246,2,9,0,3,0,1,0,0,0,0,2,1,6,2,45,7,1198,1,1,8,2
2014300006249,1,9,0,6,0,0,0,0,0,0,3,1,2,1,46,8,1896,2,9,7,1
2014300006249,2,4,0,13,0,0,0,0,0,0,1,1,6,1,46,8,499,1,6,9,1
2014300006250,1,9,0,13,0,0,0,0,0,0,0,1,6,1,50,8,2495,2,17,1,1
2014300006250,2,9,0,17,0,0,0,0,0,0,0,1,6,1,42,7,1968,2,6,2,1
2014300006250,3,1,0,16,0,0,0,0,1,10,0,1,6,1,33,6,-1,-1,-1,3,1
2014300006252,1,9,0,18,0,1,0,0,0,0,0,1,6,2,37,7,1598,1,7,-1,1
2014300006252,2,9,0,2,0,2,0,0,0,0,0,1,6,3,-1,-1,-1,-1,-1,-1,-1
2014300006255,1,9,0,9,0,5,0,0,0,0,1,1,6,2,18,4,2170,2,12,5,1
2014300006255,2,9,0,18,0,8,0,0,0,0,1,1,6,1,23,5,1242,1,11,6,1
2014300006257,1,9,0,17,0,0,0,0,1,4,1,1,6,1,57,9,4497,1,-1,9,3
2014300006261,1,9,0,9,0,6,0,0,0,0,0,1,6,2,59,9,1495,1,13,7,2
2014300006261,2,5,0,18,0,8,2,0,0,0,0,1,6,1,53,8,1298,1,7,7,2
2014300006263,1,9,0,9,0,5,0,0,1,10,1,1,6,2,18,4,1199,1,11,10,3
2014300006266,1,9,0,17,0,0,0,0,0,0,0,1,6,3,-1,-1,-1,-1,-1,-1,-1
2014300006266,2,9,0,16,0,0,5,0,2,4,1,1,6,2,32,6,1598,1,2,2,1
2014300006269,1,9,0,6,0,0,0,0,0,0,2,1,2,1,56,9,1840,1,15,4,1
2014300006269,2,9,0,18,0,0,0,0,0,0,1,1,2,1,20,4,1596,1,1,4,1
2014300006275,1,9,0,10,0,8,0,0,0,0,2,1,6,2,54,8,1560,2,8,3,1
2014300006275,2,9,0,18,0,8,0,0,0,0,1,1,6,1,56,9,1997,2,1,-1,-1
2014300006277,1,9,0,4,0,2,0,0,0,0,1,1,2,1,36,7,1798,1,13,-1,-1
2014300006277,2,9,0,17,0,2,0,0,0,0,1,1,2,1,45,7,1997,2,8,-1,-1
2014300006281,1,9,0,7,0,6,0,0,0,0,1,1,6,2,29,6,1343,1,11,2,1
2014300006281,2,9,0,18,0,8,0,0,0,0,4,1,6,2,29,6,1905,2,19,-1,1
2014300006287,1,1,0,5,0,1,0,0,0,0,1,1,6,1,9,2,-1,-1,-1,-1,-1
2014300006287,2,9,0,12,0,1,0,0,0,0,3,1,6,1,-1,-1,1498,1,5,5,1
2014300006293,1,21,0,18,0,0,0,0,0,0,1,1,2,1,30,6,12900,2,3,-1,2
2014300006293,2,19,0,18,0,0,0,0,0,0,2,1,1,1,42,7,1995,2,7,-1,-1
2014300006295,1,9,0,3,0,1,0,0,0,0,2,1,2,2,32,6,1229,1,9,3,1
2014300006295,2,9,0,4,0,1,0,0,0,0,1,1,6,1,30,6,1896,2,8,2,1
2014300006296,1,9,0,4,0,0,0,0,0,0,2,1,6,1,37,7,1997,2,12,2,1
2014300006296,2,9,0,18,0,0,0,0,0,0,1,1,6,1,56,9,1896,2,13,6,2
2014300006297,1,9,0,6,0,0,0,0,0,0,1,1,6,1,18,4,1390,1,4,8,3
2014300006297,2,3,0,14,0,0,0,0,0,0,3,1,6,1,19,4,124,1,9,-1,-1
2014300006301,1,9,0,5,0,6,0,0,3,0,0,1,6,2,-1,-1,1368,1,10,-1,-1
2014300006301,2,11,0,18,0,8,0,0,0,0,0,1,1,1,52,8,9000,2,9,-1,-1
2014300006303,1,9,0,18,0,0,0,0,0,0,4,1,3,2,38,7,1399,2,4,4,1
2014300006305,1,9,0,9,0,2,0,0,7,10,1,1,1,2,39,7,1598,1,7,-1,-1
2014300006307,1,9,0,9,0,5,0,0,0,0,1,1,6,2,36,7,1248,2,6,9,2
2014300006310,1,9,0,17,0,0,0,0,1,4,1,1,6,2,56,9,1349,1,4,5,3
2014300006315,1,9,0,18,0,0,0,0,0,0,0,1,6,3,-1,-1,-1,-1,-1,-1,-1
2014300006315,2,1,0,18,0,0,0,0,0,0,0,1,6,1,21,5,-1,-1,-1,1,1
2014300006316,1,9,0,18,0,1,0,0,0,0,1,1,1,1,54,8,1398,2,3,-1,-1
2014300006316,2,9,0,9,0,6,0,0,0,0,1,1,2,2,49,8,1396,1,4,-1,-1
2014300006318,1,9,0,4,0,1,0,0,0,0,1,1,6,1,30,6,1389,1,11,4,1
2014300006321,1,21,1,16,0,0,0,0,0,0,0,1,1,1,49,8,12900,2,7,7,3
2014300006321,2,21,1,17,0,0,3,0,1,9,1,1,1,1,48,8,12740,2,1,3,1
2014300006321,3,9,0,16,0,0,0,0,1,10,1,1,6,1,52,8,1995,2,2,8,3
2014300006321,4,4,0,16,0,0,2,0,7,0,1,1,6,1,50,8,1202,1,3,8,1
2014300006322,1,9,0,11,0,0,0,0,0,0,1,1,2,1,61,9,1299,1,13,5,1
2014300006323,1,21,0,18,0,0,1,0,1,0,1,1,1,1,29,6,12130,2,10,7,3
2014300006323,2,9,0,18,0,0,0,0,1,0,0,1,6,2,34,6,1240,1,4,10,2
2014300006323,3,9,0,18,0,0,0,0,1,4,1,1,6,1,28,6,1598,1,6,-1,1
2014300006325,1,9,0,17,0,0,0,0,1,4,1,1,6,2,60,9,1598,2,4,6,1
2014300006327,1,9,0,18,0,1,0,0,0,0,1,1,6,1,25,5,1796,1,12,3,1
2014300006327,2,9,0,3,0,1,0,0,0,0,2,1,6,1,56,9,1834,1,15,2,1
2014300006327,3,9,0,10,0,1,0,0,0,0,2,1,2,1,59,9,-1,-1,-1,2,1
2014300006338,1,9,0,13,0,0,0,0,0,0,0,1,6,1,19,4,998,1,13,5,1
2014300006338,2,1,0,16,0,0,0,0,0,0,1,1,1,1,37,7,-1,-1,-1,5,1
2014300006361,1,19,0,7,0,6,0,0,0,0,1,1,1,2,39,7,1560,2,2,4,2
2014300006361,2,9,0,18,0,8,0,10,1,2,1,1,6,2,57,9,1360,1,10,1,1
2014300006365,1,9,0,5,0,0,0,0,7,10,1,1,6,1,84,11,1998,1,7,6,1
2014300006365,2,9,0,2,0,0,0,0,0,0,2,1,2,2,58,9,1328,1,4,7,3
2014300006367,1,9,0,18,0,2,0,0,0,0,1,1,6,1,49,8,996,1,2,1,1
2014300006368,1,9,0,10,0,1,0,0,0,0,2,1,6,2,51,8,1796,1,1,7,3
2014300006368,2,9,0,18,0,1,0,0,0,0,1,1,6,1,37,7,1298,1,11,7,1
2014300006369,1,5,0,4,0,0,0,0,1,0,1,1,6,1,47,8,1199,1,13,2,1
2014300006370,1,9,0,2,0,0,0,0,7,10,3,1,6,2,-1,-1,2199,2,5,7,1
2014300006373,1,9,0,9,0,5,0,7,0,0,4,1,6,1,21,5,1896,2,6,8,2
2014300006373,2,9,0,18,0,8,1,0,0,0,1,1,6,1,25,5,1796,1,12,7,3
2014300006375,1,9,0,10,0,1,0,0,0,0,2,1,6,2,66,10,1422,2,10,3,1
2014300006375,2,2,0,10,0,1,0,0,0,0,2,1,6,1,57,9,49,1,3,-1,-1
2014300006375,3,9,0,12,0,1,0,0,0,0,1,1,6,2,33,6,1595,1,6,-1,-1
2014300006377,1,21,1,18,0,0,0,0,0,0,3,1,6,1,51,8,-1,-1,-1,3,1
2014300006377,2,5,0,18,0,0,0,0,0,0,4,1,6,1,43,7,-1,-1,-1,-1,-1
2014300006378,1,9,0,3,0,2,0,0,0,0,2,1,6,1,32,6,1390,1,13,-1,-1
2014300006378,2,9,0,3,0,2,0,0,0,0,2,1,6,1,-1,-1,-1,-1,-1,-1,-1
2014300006378,3,9,0,4,0,3,0,0,0,0,1,1,2,1,56,9,1968,2,2,5,1
2014300006379,1,3,0,18,0,0,1,0,0,0,1,1,1,1,30,6,125,1,11,1,1
2014300006381,1,9,0,6,0,8,0,0,0,0,3,1,6,1,44,7,1120,2,2,-1,-1
2014300006381,2,9,0,18,0,8,0,0,0,0,1,1,1,1,23,5,1995,2,11,-1,-1
2014300006389,1,90,0,9,0,6,0,0,0,0,2,1,6,1,90,11,-1,3,2,1,1
2014300006389,2,9,0,18,0,8,1,0,0,0,1,1,6,1,24,5,1124,1,12,3,2
2014300006390,1,9,0,18,0,1,0,0,0,0,1,1,6,1,-1,-1,-1,-1,-1,-1,-1
2014300006390,2,1,0,5,0,2,0,0,0,0,2,1,6,1,13,3,-1,-1,-1,-1,-1
2014300006393,1,9,0,18,0,0,2,0,7,10,3,1,6,1,25,5,1991,1,18,6,2
2014300006394,1,9,0,4,0,0,0,0,0,0,1,1,6,2,39,7,1796,1,9,7,1
2014300006394,2,8,0,4,0,0,0,0,0,0,2,1,1,1,43,7,1896,2,13,5,1
2014300006395,1,9,0,18,0,1,0,0,7,10,1,1,2,1,21,5,1998,1,9,10,1
2014300006401,1,1,0,18,0,8,0,0,0,0,1,1,2,1,29,6,-1,-1,-1,3,1
2014300006401,2,9,0,9,0,6,0,0,0,0,3,1,6,1,36,7,1598,1,3,6,1
2014300006402,1,1,0,16,0,0,0,0,0,0,1,1,6,1,46,8,-1,-1,-1,-1,-1
2014300006402,2,9,0,17,0,0,0,0,0,0,1,1,6,2,65,9,1560,2,4,8,3
2014300006403,1,9,0,5,0,6,0,0,7,4,4,1,6,2,85,11,1086,1,4,8,1
2014300006403,2,9,0,18,0,8,0,0,0,0,1,1,6,1,18,4,1388,1,10,-1,-1
2014300006405,1,90,0,4,0,1,0,0,0,0,2,1,6,3,-1,-1,-1,-1,-1,-1,-1
2014300006405,2,9,0,18,0,1,0,0,0,0,1,1,6,1,53,8,1753,2,12,-1,-1
2014300006407,1,9,0,18,0,2,0,0,0,0,1,1,2,2,49,8,1997,1,13,4,1
2014300006409,1,9,0,9,0,6,0,0,0,0,3,1,6,1,25,5,1248,2,6,5,1
2014300006409,2,9,0,18,0,8,1,0,0,0,1,1,6,1,20,4,1781,1,13,3,1
2014300006410,1,9,0,17,0,0,5,0,1,1,1,1,6,1,44,7,2000,1,7,4,1
2014300006412,1,9,0,17,0,1,5,0,1,10,1,1,6,1,84,11,1242,1,2,6,3
2014300006417,1,1,0,18,0,0,5,0,1,0,2,1,6,1,33,6,-1,-1,-1,3,1
2014300006417,2,9,0,13,0,0,0,0,0,0,4,1,6,1,-1,-1,-1,-1,-1,-1,-1
2014300006418,1,9,0,9,0,8,0,0,0,0,1,1,6,1,80,11,2401,2,12,10,3
2014300006418,2,9,0,7,0,1,0,0,0,0,1,1,6,2,63,9,1598,2,4,10,3
2014300006418,3,9,0,18,0,1,0,0,0,0,1,1,6,1,47,8,1988,2,10,6,1
2014300006419,1,1,0,17,0,0,0,0,7,10,1,1,6,2,22,5,-1,-1,-1,6,2
2014300006420,1,5,0,10,0,8,0,0,0,0,2,1,6,1,46,8,645,1,10,3,3
2014300006420,2,5,0,18,0,1,0,0,0,0,1,1,6,1,40,7,998,1,15,1,1
2014300006424,1,9,0,18,0,1,0,0,0,0,1,1,6,2,-1,-1,-1,-1,-1,-1,-1
2014300006424,2,1,0,18,0,1,0,0,0,0,3,1,6,1,12,3,-1,-1,-1,-1,-1
2014300006427,1,9,0,7,0,6,0,0,0,0,1,1,2,1,25,5,1998,1,6,-1,2
2014300006427,2,1,0,18,0,8,0,0,0,0,4,1,6,1,68,10,-1,-1,-1,-1,2
2014300006432,1,9,0,1,0,0,0,0,0,0,2,1,6,1,42,7,1560,2,1,-1,-1
2014300006441,1,9,0,18,0,1,0,0,0,0,4,1,6,1,36,7,2498,1,15,2,1
2014300006441,2,1,0,18,9,1,0,0,0,0,1,1,6,2,7,2,-1,-1,-1,-1,-1
2014300006444,1,9,0,9,0,8,0,0,0,0,3,1,2,2,-1,-1,1560,2,6,8,3
2014300006444,2,9,0,18,0,1,0,0,0,0,1,1,2,1,31,6,1242,1,12,9,1
2014300006453,1,11,0,4,0,1,0,0,0,0,0,1,1,1,63,9,5883,2,13,8,1
2014300006453,2,90,0,18,0,8,0,0,0,0,0,1,6,3,-1,-1,-1,-1,-1,-1,-1
2014300006456,1,9,0,9,0,8,0,0,7,0,4,1,6,1,45,7,1994,1,8,7,3
2014300006456,2,9,0,18,0,1,0,0,0,0,1,1,6,1,26,6,2521,1,8,3,1
2014300006458,1,9,0,18,0,1,0,0,0,0,1,1,6,2,25,5,1597,1,17,3,1
2014300006458,2,9,0,3,0,4,0,0,0,0,0,1,6,1,56,9,-1,-1,-1,10,1
2014300006461,1,8,0,18,0,1,0,0,0,0,4,1,6,3,-1,-1,-1,-1,-1,-1,-1
2014300006462,1,9,0,18,0,1,0,0,0,0,1,1,6,2,-1,-1,1298,1,15,6,3
2014300006462,2,9,0,3,0,1,0,0,0,0,0,1,6,2,18,4,1299,1,12,2,1
2014300006462,3,9,0,5,0,6,0,0,0,0,1,1,6,2,25,5,999,1,2,5,1
2014300006463,1,9,0,9,0,6,0,0,0,0,3,1,1,1,51,8,-1,-1,-1,3,3
2014300006463,2,1,0,17,0,8,0,0,0,0,1,1,6,1,39,7,-1,-1,-1,3,1
2014300006468,1,9,0,17,0,0,2,0,7,4,1,1,6,1,17,4,1242,1,4,10,2
2014300006470,1,9,0,18,0,0,0,0,7,3,1,1,2,1,42,7,1396,1,11,4,2
2014300006473,1,9,0,7,0,5,0,0,0,0,2,1,6,1,20,4,973,1,12,4,1
2014300006473,2,9,0,18,0,1,0,0,0,0,1,1,6,1,85,11,1242,1,3,6,3
2014300006473,3,9,0,18,0,1,1,0,0,0,1,1,6,1,47,8,1896,2,9,4,1
2014300006475,1,9,0,9,0,6,0,0,0,0,3,1,2,1,22,5,1296,1,7,9,1
2014300006475,2,5,0,16,0,8,1,0,0,0,1,1,2,1,19,4,599,1,16,10,1
2014300006477,1,9,0,5,0,0,0,0,0,0,1,1,1,2,32,6,-1,-1,-1,-1,-1
2014300006477,2,9,0,5,0,0,0,0,0,0,2,1,2,1,46,8,1598,1,12,-1,-1
2014300006477,3,9,0,18,0,0,0,0,0,0,2,1,6,2,43,7,1560,2,8,-1,-1
2014300006483,1,9,0,5,0,6,0,0,0,0,1,1,6,3,-1,-1,-1,-1,-1,-1,-1
2014300006483,2,9,0,18,0,8,0,0,0,0,3,1,6,2,44,7,1598,1,1,3,1
2014300006496,1,9,0,1,0,0,0,0,0,0,2,1,6,1,-1,-1,-1,-1,-1,-1,-1
2014300006499,1,9,0,18,0,8,0,0,8,2,1,1,6,1,28,6,2979,1,8,8,1
2014300006499,2,9,0,18,0,6,5,0,7,10,3,1,6,1,33,6,1596,1,10,2,1
2014300006503,1,9,0,5,0,0,0,0,0,0,4,1,1,1,-1,-1,1968,2,7,4,1
2014300006505,1,21,1,4,0,0,0,0,0,0,2,1,1,1,63,9,12900,2,5,4,1
2014300006505,2,21,1,18,0,0,0,0,0,0,1,1,1,1,53,8,10837,2,1,-1,-1
2014300006508,1,9,0,9,0,1,0,0,0,0,2,1,6,2,35,6,1392,1,16,4,1
2014300006508,2,9,0,3,0,1,0,0,0,0,2,1,6,2,22,5,1149,1,8,10,1
2014300006508,3,21,2,4,0,1,1,0,0,0,1,1,1,1,33,6,9000,2,13,3,1
2014300006509,1,9,0,14,0,1,0,0,0,0,1,1,6,2,57,9,1560,2,6,5,1
2014300006509,2,19,0,2,0,1,0,0,0,0,0,1,6,3,-1,-1,-1,-1,-1,-1,-1
2014300006510,1,9,0,2,0,0,0,0,0,0,0,1,6,1,42,7,1461,2,5,4,1
2014300006510,2,9,0,18,0,0,0,0,0,0,2,1,6,1,46,8,1896,2,9,10,1
2014300006510,3,9,0,18,0,0,0,0,0,0,1,1,1,1,55,8,-1,-1,-1,-1,2
2014300006511,1,20,0,16,0,0,0,0,0,0,3,1,1,1,53,8,9290,2,4,6,1
2014300006511,2,9,0,17,0,0,0,0,1,0,1,1,6,2,21,5,998,1,12,6,1
2014300006511,3,90,0,4,0,0,0,0,0,0,0,1,6,3,-1,-1,-1,-1,-1,-1,-1
2014300006513,1,9,0,14,0,0,0,0,0,0,1,1,6,2,72,10,1596,1,1,3,1
2014300006513,2,9,0,18,0,0,0,0,0,0,1,1,6,1,28,6,1399,1,8,1,1
2014300006513,3,90,0,2,0,0,0,0,0,0,0,1,6,3,-1,-1,-1,-1,-1,-1,-1
2014300006514,1,9,0,4,0,0,0,0,0,0,2,1,6,1,45,7,1799,1,8,2,3
2014300006514,2,9,0,4,0,0,0,0,0,0,1,1,1,1,73,10,1591,1,1,-1,-1
2014300006515,1,9,0,18,0,0,0,0,1,10,4,1,6,1,58,9,1968,2,2,10,1
2014300006515,2,21,0,18,0,0,0,0,0,0,0,1,6,3,-1,-1,-1,-1,-1,-1,-1
2014300006520,1,9,0,3,0,1,0,0,1,0,3,1,6,2,43,7,1686,2,7,-1,-1
2014300006520,2,9,0,3,0,1,0,0,0,0,1,1,6,2,44,7,-1,-1,-1,6,1
2014300006520,3,9,0,9,0,6,0,0,0,0,1,1,6,1,73,10,1999,1,4,-1,-1
2014300006523,1,9,0,14,0,1,0,4,0,0,4,1,6,1,78,11,-1,-1,-1,9,1
2014300006523,2,9,0,2,0,1,0,0,0,0,3,1,6,1,44,7,1995,2,10,6,1
2014300006524,1,9,0,18,0,8,0,0,7,1,1,1,6,1,36,7,1587,1,12,2,1
2014300006524,2,9,0,5,0,8,0,0,0,0,1,1,6,1,47,8,1199,1,12,-1,-1
2014300006525,1,9,0,17,0,0,0,0,1,2,1,1,1,1,60,9,1793,1,10,1,1
2014300006530,1,9,0,9,0,8,0,0,7,0,3,1,6,2,39,7,1596,1,3,8,3
2014300006530,2,2,0,13,0,8,0,0,0,0,1,1,6,1,19,4,49,1,8,2,1
2014300006532,1,9,0,17,0,2,5,10,0,0,1,1,6,1,61,9,-1,-1,-1,1,1
2014300006534,1,9,0,17,0,8,0,0,0,0,3,1,1,1,31,6,1299,1,14,6,1
2014300006535,1,9,0,5,9,0,0,0,7,0,3,1,6,1,74,10,1589,1,16,-1,-1
2014300006537,1,9,0,4,0,8,0,0,0,0,2,1,6,1,61,9,-1,-1,-1,4,1
2014300006537,2,3,0,18,0,1,0,0,0,0,1,1,6,1,18,4,124,1,5,5,3
2014300006546,1,9,0,3,0,8,0,0,0,0,1,1,6,1,58,9,1753,2,10,5,1