Accident_Index,Vehicle_Reference,Vehicle_Type,Towing_and_Articulation,Vehicle_Manoeuvre,Vehicle_Location-Restricted_Lane,Junction_Location,Skidding_and_Overturning,Hit_Object_in_Carriageway,Vehicle_Leaving_Carriageway,Hit_Object_off_Carriageway,1st_Point_of_Impact,Was_Vehicle_Left_Hand_Drive?,Journey_Purpose_of_Driver,Sex_of_Driver,Age_of_Driver,Age_Band_of_Driver,Engine_Capacity_(CC),Propulsion_Code,Age_of_Vehicle,Driver_IMD_Decile,Driver_Home_Area_Type
2014300007798,1,9,0,4,0,0,0,0,0,0,1,1,6,1,54,8,-1,-1,-1,6,2
2014300007798,2,9,0,3,0,0,0,0,0,0,2,1,6,1,65,9,1386,1,7,8,2
2014300007803,1,9,0,1,0,8,0,0,0,0,2,1,6,2,29,6,1398,2,12,-1,2
2014300007804,1,9,0,16,0,2,0,0,0,0,1,1,1,1,45,7,2993,2,1,4,1
2014300007804,2,9,0,16,0,1,0,0,0,0,0,1,6,3,-1,-1,2993,2,7,-1,-1
2014300007804,3,9,0,2,9,8,0,0,0,0,2,1,6,3,-1,-1,1461,2,2,-1,-1
2014300007808,1,9,0,18,0,1,0,0,0,0,2,1,6,3,-1,-1,1783,1,11,-1,-1
2014300007808,2,9,0,4,0,1,0,0,0,0,0,1,2,2,28,6,1364,1,9,5,1
2014300007813,1,1,0,18,0,0,5,4,0,0,1,1,6,1,25,5,-1,-1,-1,-1,-1
2014300007813,2,1,0,18,0,0,5,0,0,0,1,1,6,2,31,6,-1,-1,-1,-1,-1
2014300007813,3,1,0,18,0,0,5,0,0,0,1,1,6,2,33,6,-1,-1,-1,-1,-1
2014300007813,4,9,0,2,0,0,0,0,0,0,2,1,6,2,54,8,1364,1,6,9,1
2014300007814,1,9,0,18,0,0,1,0,0,0,1,1,6,1,20,4,1398,2,11,2,1
2014300007814,2,9,0,4,0,0,0,0,0,0,2,1,1,1,40,7,-1,-1,-1,1,1
2014300007820,1,19,0,18,0,1,0,0,0,0,1,1,1,1,48,8,2402,2,6,9,3
2014300007820,2,9,0,9,0,8,0,0,0,0,2,1,2,2,44,7,1388,1,13,8,3
2014300007822,1,9,0,9,0,6,0,0,0,0,1,1,6,1,75,10,1968,2,6,8,2
2014300007822,2,9,0,18,0,8,0,0,0,0,4,1,6,2,69,10,1560,2,7,8,3
2014300007824,1,9,0,18,0,1,0,0,0,0,0,1,6,1,42,7,1598,1,1,3,1
2014300007826,1,9,0,10,0,8,0,0,0,0,2,1,6,1,54,8,1997,2,2,8,1
2014300007826,2,9,0,18,0,1,0,0,0,0,1,1,6,2,47,8,1461,2,2,-1,-1
2014300007832,1,3,0,18,0,0,0,0,0,0,3,1,6,1,22,5,125,1,12,3,1
2014300007833,1,9,0,8,0,1,0,0,0,0,2,1,6,1,47,8,1989,1,15,-1,-1
2014300007833,2,9,0,5,0,1,0,0,0,0,1,1,6,1,39,7,1989,1,15,-1,-1
2014300007837,1,9,0,1,0,6,0,0,0,0,0,1,6,2,60,9,1388,1,9,5,1
2014300007837,2,3,0,18,0,8,0,10,0,0,0,1,6,1,39,7,125,1,-1,2,1
2014300007846,1,9,0,5,0,8,0,0,0,0,4,1,2,1,57,9,1948,1,10,6,1
2014300007846,2,1,0,15,0,2,0,0,0,0,2,1,2,1,42,7,-1,-1,-1,-1,-1
2014300007846,3,90,0,9,0,5,0,0,0,0,0,1,6,3,-1,-1,-1,-1,-1,-1,-1
2014300007851,1,1,0,18,9,0,0,0,0,0,1,1,6,1,-1,-1,-1,-1,-1,-1,-1
2014300007857,1,9,0,18,0,2,0,0,0,0,3,1,6,2,28,6,1596,1,8,3,1
2014300007859,1,9,0,4,0,0,0,0,0,0,1,1,6,1,-1,-1,1360,1,14,5,2
2014300007859,2,9,0,4,0,0,0,0,0,0,2,1,6,2,66,10,1596,1,6,9,2
2014300007860,1,11,0,18,0,1,0,0,0,0,1,1,1,1,66,10,-1,2,-1,-1,-1
2014300007861,1,9,0,18,0,0,5,0,5,6,1,1,1,1,42,7,1598,1,7,10,1
2014300007861,2,9,0,18,0,0,0,0,0,0,3,1,6,1,50,8,2184,2,4,9,1
2014300007866,1,3,0,18,0,0,0,0,0,0,1,1,6,1,29,6,49,1,-1,4,1
2014300007866,2,9,0,13,0,0,0,0,0,0,0,1,6,2,31,6,1360,1,7,2,1
2014300007870,1,9,0,5,0,6,0,0,0,0,0,1,6,1,-1,-1,1598,2,1,5,1
2014300007870,2,11,0,16,0,1,0,0,0,0,0,1,1,1,49,8,7300,2,6,6,1
2014300007871,1,21,0,9,0,4,0,0,1,0,1,1,1,1,27,6,7146,2,1,6,1
2014300007871,2,9,0,18,0,8,0,0,0,0,4,1,6,2,66,10,1242,1,10,8,1
2014300007875,1,9,0,7,0,2,0,0,0,0,1,1,6,1,33,6,1149,1,8,-1,1
2014300007879,1,10,0,4,0,0,0,0,0,0,2,1,4,1,43,7,2402,2,7,-1,-1
2014300007879,2,20,0,18,0,0,0,0,0,0,1,1,1,1,40,7,6174,2,8,-1,1
2014300007881,1,9,0,4,0,1,0,0,0,0,1,1,6,1,52,8,2250,2,48,8,3
2014300007881,2,9,0,3,0,1,0,0,1,10,2,1,2,1,32,6,1390,1,7,3,1
2014300007881,3,9,0,3,0,1,0,0,0,0,2,1,2,1,60,9,1968,2,-1,8,1
2014300007883,1,20,0,16,0,1,1,0,0,0,1,1,1,1,61,9,4764,2,6,7,1
2014300007883,2,9,0,3,0,1,0,0,0,0,2,1,2,1,46,8,1686,2,10,8,1
2014300007883,3,19,0,3,0,1,0,0,0,0,2,1,1,1,45,7,1560,2,-1,3,1
2014300007883,4,9,0,3,0,2,0,0,0,0,2,1,2,1,29,6,1781,1,10,5,1
2014300007884,1,9,0,18,0,0,0,7,0,0,2,1,6,2,31,6,1598,1,12,3,2
2014300007884,2,9,0,18,0,0,0,0,0,0,3,1,2,1,30,6,1560,2,1,9,1
2014300007885,1,9,0,18,0,8,1,0,0,0,1,1,6,1,21,5,1149,1,15,4,2
2014300007885,2,9,0,9,0,6,0,0,0,0,3,1,3,2,28,6,1560,2,9,4,2
2014300007886,1,9,4,18,0,0,3,0,0,0,3,1,6,1,68,10,1995,1,12,10,1
2014300007890,1,9,0,18,0,0,0,0,0,0,1,1,2,1,42,7,-1,-1,-1,-1,-1
2014300007890,2,9,0,16,0,0,0,0,0,0,4,1,6,1,20,4,1124,1,9,1,1
2014300007898,1,5,0,13,0,0,2,0,0,0,1,1,6,1,32,6,999,1,9,-1,-1
2014300007898,2,21,1,18,0,0,0,0,0,0,0,1,1,1,54,8,16120,2,6,6,3
2014300007898,3,9,0,18,0,0,0,0,0,0,1,1,6,2,37,7,1242,1,14,-1,-1
2014300007902,1,9,0,14,0,1,0,0,0,0,1,1,6,1,53,8,1598,1,6,2,1
2014300007903,1,9,0,18,0,0,0,0,0,0,1,1,6,1,22,5,1328,1,9,7,1
2014300007903,2,4,0,18,0,0,2,0,1,0,1,1,6,1,54,8,944,1,17,6,1
2014300007904,1,9,0,18,0,6,0,0,0,0,1,1,3,2,46,8,998,1,2,-1,-1
2014300007904,2,1,0,18,0,8,0,0,0,0,3,1,6,2,23,5,-1,-1,-1,3,1
2014300007905,1,9,0,16,0,0,1,0,5,6,3,1,6,2,46,8,1997,2,11,3,1
2014300007910,1,20,0,11,0,0,0,0,0,0,4,1,1,1,49,8,4462,2,1,2,1
2014300007910,2,9,0,15,0,0,0,0,4,6,3,1,6,1,46,8,1582,2,3,-1,-1
2014300007910,3,9,0,18,0,0,0,0,0,0,1,1,6,1,66,10,1798,1,12,1,1
2014300007910,4,9,0,18,0,0,0,0,0,0,4,1,6,1,31,6,1591,1,1,4,1
2014300007912,1,1,0,18,4,1,0,0,0,0,1,1,6,1,54,8,-1,-1,-1,8,1
2014300007912,2,9,0,2,4,1,0,0,0,0,1,1,6,3,23,5,1296,1,6,-1,-1
2014300007913,1,9,0,18,0,0,0,0,0,0,1,1,6,1,21,5,1560,2,4,-1,2
2014300007913,2,9,0,18,0,0,0,0,0,0,1,1,6,1,31,6,1200,1,1,-1,-1
2014300007916,1,9,0,7,0,8,0,0,0,0,4,1,6,1,58,9,1595,2,4,9,1
2014300007916,2,2,0,18,0,1,0,0,0,0,4,1,6,1,16,4,50,1,5,6,1
2014300007917,1,9,0,7,0,5,0,0,1,0,2,1,1,2,58,9,1399,1,11,10,1
2014300007917,2,9,0,13,0,1,0,0,0,0,1,1,6,2,-1,-1,1598,1,1,10,1
2014300007929,1,9,0,4,0,1,0,0,1,10,2,1,6,1,67,10,1896,2,12,6,2
2014300007929,2,19,0,18,0,1,0,0,0,0,1,1,1,1,46,8,1968,2,5,8,3
2014300007930,1,9,0,18,0,0,0,0,0,0,1,1,6,1,25,5,1598,1,5,-1,-1
2014300007930,2,9,0,3,0,0,0,0,0,0,2,1,6,2,21,5,1397,1,7,-1,-1
2014300007930,3,9,0,3,0,0,0,0,0,0,2,1,6,1,59,9,1998,2,7,3,1
2014300007931,1,9,0,9,0,6,0,0,0,0,3,1,6,2,54,8,1388,1,12,3,1
2014300007931,2,9,0,18,0,2,0,4,7,0,4,1,2,1,32,6,1900,2,8,8,1
2014300007931,3,9,0,2,0,2,0,0,0,0,1,1,6,1,53,8,2179,2,11,2,1
2014300007931,4,9,0,2,0,2,0,0,0,0,0,1,6,2,-1,-1,1587,1,13,2,1
2014300007937,1,9,0,18,0,1,0,0,0,0,1,1,6,3,39,7,-1,-1,-1,-1,-1
2014300007937,2,9,0,18,0,8,0,0,0,0,3,1,1,2,48,8,1798,1,2,2,1
2014300007942,1,9,0,18,0,0,0,0,0,0,1,1,6,1,19,4,1149,1,13,2,1
2014300007942,2,9,0,3,0,0,0,0,0,0,2,1,2,2,49,8,1399,1,5,9,1
2014300007944,1,9,0,16,0,1,1,0,7,10,1,1,6,2,63,9,1798,1,13,4,1
2014300007945,1,9,0,18,0,0,0,0,0,0,1,1,6,3,-1,-1,-1,-1,-1,-1,-1
2014300007945,2,1,0,18,0,0,0,0,0,0,1,1,6,1,34,6,-1,-1,-1,3,1
2014300007953,1,9,0,17,0,1,0,0,0,0,1,1,1,1,43,7,1995,2,9,1,1
2014300007953,2,9,0,16,0,2,0,0,0,0,1,1,6,1,22,5,2993,2,9,1,1
2014300007956,1,9,0,3,0,1,0,0,0,0,1,1,6,1,28,6,1995,2,9,-1,-1
2014300007956,2,9,0,3,0,1,0,0,0,0,2,1,6,1,32,6,1781,1,9,-1,-1
2014300007959,1,9,0,16,0,0,2,0,7,10,1,1,2,2,20,4,998,1,14,4,1
2014300007961,1,9,0,18,0,0,0,0,0,0,1,1,1,1,33,6,1242,1,15,-1,-1
2014300007961,2,9,0,18,0,0,0,0,0,0,1,1,2,1,64,9,1598,2,1,7,1
2014300007961,3,9,0,18,0,0,0,0,0,0,1,1,2,1,62,9,1870,2,8,8,3
2014300007965,1,9,0,5,0,6,0,0,0,0,1,1,6,2,36,7,1997,2,13,10,1
2014300007965,2,5,0,15,0,1,0,0,0,0,1,1,6,1,44,7,1450,1,12,2,1
2014300007968,1,19,0,8,9,8,0,0,0,0,0,1,6,3,-1,-1,-1,-1,-1,-1,-1
2014300007968,2,3,0,18,0,1,2,0,0,0,0,1,2,1,18,4,124,1,-1,6,3
2014300007969,1,9,0,14,0,2,0,0,0,0,3,1,6,2,55,8,1596,1,11,5,1
2014300007969,2,19,0,2,0,2,0,0,0,0,0,1,6,3,-1,-1,-1,-1,-1,-1,-1
2014300007973,1,19,0,4,0,0,0,0,0,0,4,1,6,1,38,7,1753,2,8,6,2
2014300007974,1,1,0,17,0,0,0,0,0,0,1,1,6,1,49,8,-1,-1,-1,8,1
2014300007980,1,9,0,18,0,0,0,0,0,0,1,1,1,1,57,9,-1,-1,-1,1,1
2014300007980,2,90,0,2,0,0,0,0,0,0,0,1,6,3,-1,-1,-1,-1,-1,-1,-1
2014300007981,1,9,0,18,0,8,5,0,0,0,1,1,6,2,31,6,1798,1,6,-1,-1
2014300007981,2,9,0,5,0,6,0,0,0,0,3,1,6,2,74,10,1998,2,6,-1,-1
2014300007985,1,1,0,18,0,0,0,4,0,0,1,1,2,1,48,8,-1,-1,-1,-1,-1
2014300007985,2,21,5,2,0,0,0,0,0,0,1,1,1,1,48,8,12777,2,7,-1,-1
2014300007988,1,9,0,18,0,0,0,0,0,0,4,1,6,3,-1,-1,-1,-1,-1,-1,-1
2014300007989,1,9,0,18,0,0,0,0,7,10,1,1,2,1,55,8,1598,7,12,5,3
2014300007990,1,9,0,16,0,8,0,7,5,6,3,1,2,1,33,6,1796,1,10,1,1
2014300007991,1,9,0,9,0,4,0,0,0,0,1,1,1,1,32,6,2183,2,4,10,1
2014300007991,2,2,0,17,0,8,5,0,0,0,1,1,6,1,16,4,49,1,6,2,1
2014300007993,1,1,0,14,0,0,1,0,0,0,1,1,6,1,35,6,-1,-1,-1,-1,1
2014300007993,2,90,0,2,0,0,0,0,0,0,0,1,6,3,-1,-1,-1,-1,-1,-1,-1
2014300007994,1,9,0,13,0,1,0,0,0,0,3,1,6,1,46,8,-1,-1,-1,1,1
2014300007994,2,9,0,18,0,1,0,0,0,0,0,1,6,1,41,7,1400,1,15,7,1
2014300007994,3,90,0,10,0,1,0,0,0,0,0,1,6,3,-1,-1,-1,-1,-1,-1,-1
2014300008000,1,9,0,18,0,8,0,0,0,0,1,1,6,1,26,6,-1,-1,-1,8,3
2014300008000,2,9,0,7,0,8,0,0,0,0,0,1,6,2,80,11,1198,1,10,4,1
2014300008002,1,9,0,2,0,0,0,0,0,0,2,1,6,1,36,7,4398,1,11,10,2
2014300008002,2,9,0,18,0,0,0,11,0,0,1,1,6,1,68,10,2993,2,5,10,1
2014300008002,3,9,0,18,0,0,0,0,0,0,1,1,6,1,38,7,1389,1,13,2,1
2014300008006,1,9,0,18,0,0,0,0,0,0,3,1,1,1,23,5,1242,1,1,6,1
2014300008006,2,21,0,11,0,0,0,0,0,0,1,1,1,1,46,8,12900,2,7,9,1
2014300008007,1,9,0,18,0,0,5,0,0,0,1,1,2,1,32,6,1149,1,8,5,1
2014300008007,2,9,0,4,0,0,0,0,1,10,1,1,2,2,32,6,1124,1,15,8,3
2014300008007,3,9,0,13,0,0,0,0,0,0,3,1,2,2,27,6,1598,1,13,2,1
2014300008012,1,9,0,18,0,1,0,0,0,0,4,1,6,1,80,11,1242,1,17,5,1
2014300008012,2,9,0,2,0,2,0,0,0,0,4,1,6,3,-1,-1,-1,-1,-1,5,1
2014300008013,1,9,0,18,0,0,0,0,0,0,3,1,6,2,17,4,1397,1,5,-1,-1
2014300008013,2,9,0,18,0,0,0,0,2,10,3,1,6,1,59,9,2429,1,9,-1,-1
2014300008019,1,9,0,14,0,0,5,0,0,0,1,1,6,2,33,6,1242,1,3,9,1
2014300008019,2,9,0,2,0,0,0,0,0,0,2,1,6,2,60,9,1490,1,5,10,1
2014300008021,1,9,0,7,0,6,0,0,0,0,1,1,6,1,94,11,1339,1,6,8,1
2014300008021,2,9,0,18,0,1,1,0,0,0,1,1,6,1,26,6,1596,1,12,5,1
2014300008022,1,9,0,18,0,1,1,0,0,0,1,1,6,1,37,7,998,1,5,8,2
2014300008022,2,9,0,18,0,1,0,0,1,4,1,1,6,1,31,6,1598,1,7,4,3
2014300008026,1,9,0,17,0,0,0,0,1,10,1,1,6,1,20,4,1896,2,10,3,1
2014300008027,1,3,0,18,0,1,0,0,0,0,1,1,6,2,17,4,124,1,-1,7,1
2014300008027,2,9,0,7,0,1,0,0,0,0,2,1,6,2,29,6,1997,2,6,10,1
2014300008028,1,9,0,9,0,8,0,0,0,0,4,1,6,1,54,8,1968,2,4,8,1
2014300008028,2,5,0,18,0,8,0,0,0,0,1,1,6,1,24,5,599,1,10,4,1
2014300008033,1,9,0,7,0,6,0,0,7,10,1,1,6,1,76,11,1229,1,6,10,1
2014300008033,2,9,0,18,0,8,0,0,1,0,1,1,6,1,43,7,1497,8,3,5,1
2014300008035,1,9,0,5,0,1,0,0,0,0,1,1,6,1,38,7,1597,2,-1,-1,-1
2014300008035,2,9,0,5,0,4,0,0,0,0,2,1,6,1,43,7,1896,2,4,-1,-1
2014300008038,1,5,0,7,0,2,0,0,0,0,0,1,6,1,55,8,800,1,12,9,2
2014300008041,1,9,0,1,9,6,0,0,0,0,2,1,6,2,21,5,1364,1,9,9,1
2014300008042,1,9,0,17,0,0,2,10,1,10,3,1,6,1,24,5,1598,1,11,7,2
2014300008049,1,9,0,4,0,0,0,0,0,0,2,1,6,2,34,6,1124,1,15,1,1
2014300008049,2,90,5,18,0,0,0,0,0,0,1,1,6,1,37,7,2446,2,14,6,3
2014300008051,1,5,0,18,0,1,1,0,1,0,0,1,6,1,48,8,1050,1,2,-1,-1
2014300008054,1,9,0,9,0,8,0,0,0,0,1,1,1,2,35,6,1968,2,4,10,1
2014300008054,2,8,0,18,0,1,0,0,0,0,1,1,1,1,43,7,1968,2,3,-1,-1
2014300008064,1,9,0,9,0,4,0,0,0,0,1,1,6,2,25,5,1995,2,10,9,1
2014300008064,2,1,0,18,0,8,0,0,0,0,4,1,6,2,31,6,-1,-1,-1,9,1
2014300008066,1,9,0,16,0,1,0,0,0,0,1,1,6,2,34,6,-1,-1,-1,1,1
2014300008066,2,9,0,17,0,1,0,0,0,0,1,1,6,2,48,8,1798,1,9,9,3
2014300008067,1,9,0,7,0,1,0,0,0,0,1,1,6,1,38,7,998,1,13,10,1
2014300008067,2,9,0,7,0,4,0,0,0,0,2,1,6,2,19,4,1299,1,12,7,1
2014300008070,1,9,0,18,0,8,0,0,0,0,4,1,2,2,56,9,996,1,4,10,1
2014300008070,2,9,0,18,0,8,0,0,0,0,1,1,1,1,50,8,1995,2,1,9,1
2014300008070,3,9,0,3,0,1,0,0,0,0,3,1,2,1,53,8,1242,1,5,9,1
2014300008072,1,9,0,14,0,2,0,11,0,0,4,1,3,2,-1,-1,1596,1,12,9,2
2014300008072,2,21,0,2,0,1,0,0,0,0,0,1,1,1,43,7,-1,-1,-1,6,3
2014300008081,1,9,0,18,0,0,2,0,1,4,1,1,6,1,21,5,1388,1,9,3,1
2014300008085,1,9,0,4,0,0,0,0,0,0,1,1,6,1,72,10,2720,2,7,3,1
2014300008085,2,9,0,4,0,0,0,0,0,0,2,1,6,2,49,8,1332,1,3,2,1
2014300008086,1,9,0,2,0,0,0,0,0,0,2,1,6,1,-1,-1,1896,2,12,3,1
2014300008086,2,1,0,18,0,0,1,4,0,0,1,1,2,1,45,7,-1,-1,-1,-1,-1
2014300008087,1,9,0,17,0,0,1,0,2,7,4,1,6,2,19,4,1598,1,9,5,1
2014300008091,1,2,0,4,0,0,2,0,0,0,1,1,6,1,17,4,123,1,1,9,1
2014300008091,2,9,0,4,0,0,0,0,0,0,3,1,6,1,19,4,1796,1,13,6,1
2014300008094,1,9,0,3,0,2,0,0,0,0,1,1,2,1,36,7,2171,1,11,-1,1
2014300008094,2,9,0,5,0,2,0,0,3,0,2,1,6,1,82,11,1396,1,14,6,1
2014300008102,1,90,0,18,0,1,1,0,0,0,2,1,6,1,24,5,-1,-1,-1,5,1
2014300008102,2,9,0,18,0,1,0,0,0,0,2,1,6,2,23,5,1794,1,12,7,1
2014300008107,1,9,0,18,0,0,0,4,0,0,1,1,6,2,57,9,1399,1,9,-1,-1
2014300008107,2,9,0,2,0,0,0,0,1,0,2,1,6,2,28,6,1248,2,3,-1,-1
2014300008110,1,1,0,18,9,6,0,0,0,0,1,1,6,1,11,3,-1,-1,-1,-1,-1
2014300008110,2,9,0,7,0,1,0,0,0,0,0,1,6,2,38,7,1399,2,5,10,1
2014300008111,1,9,0,6,0,2,0,0,0,0,3,1,6,2,69,10,1598,1,8,8,1
2014300008111,2,1,0,13,0,2,0,0,0,0,1,1,1,1,24,5,-1,-1,-1,-1,-1
2014300008113,1,9,0,4,0,8,0,0,0,0,1,1,6,1,-1,-1,1560,2,-1,4,1
2014300008113,2,9,0,10,0,8,0,0,0,0,2,1,2,1,44,7,3200,2,6,7,3
2014300008116,1,9,0,17,0,2,5,0,0,0,1,1,6,1,24,5,1390,1,8,3,2
2014300008119,1,9,0,2,0,0,0,0,0,0,0,1,2,1,29,6,1598,1,15,2,1
2014300008119,2,9,0,17,0,0,1,0,5,6,1,1,2,2,36,7,1796,1,10,6,1
2014300008121,1,9,0,9,0,6,0,0,0,0,3,1,1,1,52,8,2179,2,1,8,3
2014300008121,2,4,0,18,0,8,0,0,0,0,1,1,6,1,18,4,124,1,3,8,3
2014300008123,1,9,0,16,0,1,1,10,7,7,1,1,6,2,48,8,1360,1,8,3,1
2014300008126,1,9,0,18,0,0,0,0,0,0,0,1,6,3,-1,-1,-1,-1,-1,-1,-1
2014300008126,2,1,0,18,0,0,0,0,0,0,0,1,6,1,15,3,-1,-1,-1,1,1
2014300008129,1,9,0,7,0,5,0,0,1,0,2,1,6,3,-1,-1,1968,2,8,-1,-1
2014300008129,2,1,0,18,0,1,0,0,0,0,1,1,6,2,31,6,-1,-1,-1,-1,-1
2014300008133,1,3,0,17,0,0,1,0,0,0,0,1,2,1,24,5,124,1,4,6,3
2014300008133,2,9,0,14,0,0,0,0,0,0,0,1,2,1,-1,-1,2495,2,17,6,1
2014300008133,3,19,0,2,0,0,0,0,0,0,0,1,1,3,-1,-1,-1,-1,-1,-1,-1
2014300008135,1,9,0,18,0,0,1,0,5,6,1,1,2,2,21,5,1360,1,7,6,1
2014300008141,1,9,0,17,0,0,2,0,1,1,1,1,2,2,25,5,1149,1,10,7,1
2014300008142,1,9,0,5,0,4,0,0,0,0,3,1,2,1,46,8,1896,2,6,8,1
2014300008142,2,9,0,18,0,8,0,0,0,0,4,1,6,1,64,9,1560,2,3,8,1
2014300008143,1,9,0,18,0,0,0,0,8,1,1,1,2,2,50,8,1998,1,12,4,1
2014300008145,1,9,0,18,0,0,0,11,0,0,4,1,2,1,56,9,3456,8,2,8,3
2014300008146,1,9,0,4,0,0,0,0,0,0,2,1,6,1,40,7,1596,1,9,4,1
2014300008146,2,9,0,4,0,0,1,0,0,0,1,1,1,2,18,4,1061,1,11,4,1
2014300008147,1,9,0,9,0,5,0,0,0,0,4,1,6,2,48,8,1397,1,4,-1,-1
2014300008147,2,4,0,17,0,8,0,0,0,0,1,1,6,1,18,4,124,1,12,7,1
2014300008149,1,9,0,18,0,0,1,0,1,10,4,1,2,1,40,7,3387,1,13,4,3
2014300008150,1,9,0,4,0,0,0,0,0,0,0,1,6,1,63,9,-1,-1,-1,5,2
2014300008150,2,9,0,18,0,0,1,0,0,0,1,1,6,1,35,6,2402,2,7,6,2
2014300008151,1,19,0,9,0,6,0,0,0,0,1,1,1,1,38,7,1968,2,1,-1,-1
2014300008151,2,9,0,18,0,8,0,0,0,0,4,1,6,1,28,6,1229,1,8,6,1
2014300008152,1,9,0,5,0,1,0,0,0,0,4,1,2,1,53,8,1998,2,12,4,1
2014300008152,2,90,0,2,0,1,0,0,0,0,0,1,6,3,-1,-1,-1,-1,-1,-1,-1
2014300008154,1,1,0,18,0,0,0,0,0,0,0,1,6,1,21,5,-1,-1,-1,-1,-1
2014300008154,2,9,0,4,0,0,0,0,0,0,0,1,6,3,-1,-1,-1,-1,-1,-1,-1
2014300008155,1,9,0,9,0,4,0,0,0,0,1,1,6,1,25,5,2597,1,13,9,3
2014300008155,2,1,0,18,0,8,0,0,0,0,4,1,6,1,43,7,-1,-1,-1,7,1
2014300008159,1,5,0,16,0,0,0,0,7,1,1,1,6,1,43,7,1171,1,12,2,1
2014300008162,1,2,0,17,0,0,0,0,0,0,1,1,6,1,21,5,49,1,15,8,3
2014300008163,1,2,0,7,0,1,2,0,0,0,4,1,6,1,17,4,49,1,1,7,1
2014300008164,1,3,0,18,0,8,0,0,0,0,1,1,6,1,20,4,98,1,23,-1,-1
2014300008164,2,9,0,5,0,8,0,0,0,0,3,1,1,1,58,9,1598,1,5,-1,-1
2014300008171,1,9,0,13,0,1,0,0,0,0,4,1,6,1,-1,-1,-1,-1,-1,-1,-1
2014300008171,2,1,0,18,0,1,0,0,0,0,3,1,6,1,43,7,-1,-1,-1,9,2
2014300008176,1,21,1,18,0,0,0,0,0,0,1,1,1,1,35,6,12580,2,9,2,1
2014300008176,2,9,0,18,0,0,0,0,0,0,2,1,6,2,50,8,1753,2,12,7,1
2014300008179,1,9,0,18,0,0,0,0,0,0,4,1,2,2,57,9,1590,1,13,9,1
2014300008180,1,20,0,13,0,0,0,0,0,0,0,1,1,1,31,6,6693,2,1,-1,-1
2014300008180,2,9,0,18,0,0,1,0,1,9,1,1,6,1,35,6,1396,1,13,-1,-1
2014300008180,3,1,0,18,0,0,0,0,0,0,0,1,6,3,-1,-1,-1,-1,-1,-1,-1
2014300008188,1,19,0,18,0,0,0,4,0,0,1,1,6,3,-1,-1,-1,-1,-1,-1,-1
2014300008188,2,9,0,2,0,0,0,0,0,0,2,1,6,1,63,9,1396,1,3,3,1
2014300008189,1,21,4,3,0,0,0,0,0,0,3,1,1,1,63,9,6370,2,13,-1,1
2014300008189,2,9,0,3,0,0,0,0,0,0,4,1,6,1,68,10,-1,-1,-1,5,1
2014300008189,3,9,0,18,0,0,1,0,0,0,3,1,6,1,77,11,1598,2,2,8,2
2014300008190,1,21,1,17,0,0,0,0,0,0,2,1,1,1,52,8,12900,2,7,6,1
2014300008190,2,1,0,17,0,0,0,0,0,0,0,1,6,1,16,4,-1,-1,-1,-1,-1
2014300008196,1,9,0,18,0,4,0,0,0,0,3,1,2,2,25,5,875,1,2,10,1
2014300008196,2,9,0,18,0,8,1,0,0,0,1,1,2,1,54,8,1124,1,14,6,1
2014300008197,1,4,0,18,0,1,1,0,0,0,1,1,2,1,39,7,400,1,14,6,2
2014300008197,2,9,0,18,0,2,0,0,0,0,1,1,2,1,31,6,998,1,13,7,1
2014300008198,1,9,0,18,0,0,0,0,0,0,4,1,6,3,-1,-1,-1,-1,-1,-1,-1
2014300008198,2,1,0,18,0,0,0,0,0,0,3,1,6,1,46,8,-1,-1,-1,9,1
2014300008201,1,9,0,18,0,0,2,0,0,0,1,1,6,1,37,7,1995,2,7,5,1
2014300008201,2,9,0,18,0,0,0,0,0,0,2,1,6,2,63,9,998,1,2,5,1
2014300008202,1,9,0,18,9,6,0,0,0,0,1,1,6,1,31,6,1240,1,7,7,1
2014300008213,1,19,0,18,0,0,0,0,0,0,1,1,6,1,-1,-1,1968,2,2,-1,-1
2014300008213,2,1,0,18,0,0,0,0,0,0,1,1,2,1,42,7,-1,-1,-1,10,1
2014300008214,1,9,0,18,0,0,0,0,0,0,1,1,6,2,33,6,1968,2,1,9,1
2014300008214,2,9,0,18,0,0,0,0,0,0,1,1,1,2,52,8,1998,2,7,8,1
2014300008215,1,11,0,9,0,5,0,0,0,0,1,1,1,1,58,9,3900,2,10,2,3
2014300008215,2,9,0,18,0,8,0,0,0,0,3,1,2,1,60,9,1870,2,8,4,2
2014300008219,1,9,0,13,0,8,0,0,0,0,4,1,6,2,70,10,1332,1,22,3,1
2014300008219,2,1,0,18,0,8,0,0,0,0,3,1,6,1,55,8,-1,-1,-1,10,1
2014300008221,1,9,0,16,0,1,0,0,0,0,1,1,6,1,-1,-1,1229,1,3,10,1
2014300008221,2,9,0,3,0,1,0,0,0,0,2,1,1,1,-1,-1,1998,2,10,8,1
2014300008221,3,19,0,3,0,1,0,0,0,0,2,1,2,1,28,6,1399,2,8,4,1
2014300008222,1,9,0,18,0,1,0,0,0,0,1,1,2,2,52,8,1598,2,5,4,1