Accident_Index,Vehicle_Reference,Vehicle_Type,Towing_and_Articulation,Vehicle_Manoeuvre,Vehicle_Location-Restricted_Lane,Junction_Location,Skidding_and_Overturning,Hit_Object_in_Carriageway,Vehicle_Leaving_Carriageway,Hit_Object_off_Carriageway,1st_Point_of_Impact,Was_Vehicle_Left_Hand_Drive?,Journey_Purpose_of_Driver,Sex_of_Driver,Age_of_Driver,Age_Band_of_Driver,Engine_Capacity_(CC),Propulsion_Code,Age_of_Vehicle,Driver_IMD_Decile,Driver_Home_Area_Type
2014300008222,2,9,0,3,0,1,0,0,0,0,2,1,6,1,71,10,1399,2,12,5,1
2014300008222,3,9,0,3,0,1,0,0,0,0,2,1,6,1,50,8,3628,2,7,6,1
2014300008226,1,9,0,9,0,8,0,0,0,0,1,1,6,2,36,7,-1,-1,-1,7,3
2014300008226,2,1,0,16,0,1,1,0,0,0,1,1,6,1,54,8,-1,-1,-1,10,2
2014300008230,1,9,0,4,0,0,1,0,0,0,1,1,2,1,-1,-1,-1,-1,-1,6,3
2014300008230,2,9,0,3,0,0,0,0,0,0,2,1,6,2,17,4,999,1,12,3,1
2014300008233,1,9,0,9,0,8,0,0,0,0,3,1,6,1,21,5,1968,2,6,6,1
2014300008233,2,1,0,18,0,8,0,0,0,0,3,1,2,1,40,7,-1,-1,-1,5,3
2014300008234,1,9,0,4,0,0,0,0,0,0,2,1,2,1,53,8,1997,2,5,-1,-1
2014300008234,2,4,0,4,0,0,2,0,0,0,1,1,2,1,55,8,-1,-1,-1,-1,-1
2014300008235,1,9,0,18,0,8,0,0,0,0,1,1,6,2,24,5,1598,2,4,7,3
2014300008235,2,9,0,9,0,6,0,0,0,0,1,1,6,1,44,7,2354,1,10,3,1
2014300008237,1,9,0,18,0,4,0,0,0,0,1,1,6,1,46,8,1799,1,17,2,1
2014300008237,2,9,0,18,0,8,0,0,0,0,3,1,6,2,20,4,1248,2,6,5,1
2014300008239,1,9,0,18,0,8,0,0,0,0,1,1,6,2,78,11,2494,1,17,-1,-1
2014300008239,2,9,0,5,0,6,0,0,3,0,3,1,6,2,39,7,1998,2,16,-1,-1
2014300008244,1,9,0,5,0,6,0,0,0,0,3,1,6,2,43,7,1461,2,10,10,2
2014300008244,2,1,0,18,0,8,5,0,0,0,1,1,6,1,56,9,-1,-1,-1,10,1
2014300008245,1,5,0,18,0,1,0,0,0,0,4,1,2,1,-1,-1,660,1,4,7,3
2014300008246,1,11,0,2,0,0,0,0,0,0,0,1,6,1,66,10,-1,-1,-1,7,1
2014300008247,1,19,0,6,0,8,0,0,0,0,1,1,1,1,36,7,2198,2,1,-1,-1
2014300008247,2,5,0,13,0,8,2,0,0,0,1,1,2,1,46,8,749,1,4,-1,-1
2014300008255,1,9,0,14,0,0,0,0,0,0,4,1,6,2,-1,-1,1995,2,12,2,1
2014300008255,2,90,0,2,0,0,0,0,0,0,0,1,6,3,-1,-1,-1,-1,-1,-1,-1
2014300008256,1,5,0,4,0,0,1,0,1,0,0,1,6,1,29,6,636,1,10,-1,-1
2014300008257,1,9,0,5,0,6,0,0,0,0,4,1,6,1,19,4,1968,2,9,7,1
2014300008257,2,9,0,18,0,1,0,0,0,0,1,1,6,1,55,8,1968,2,2,2,1
2014300008258,1,9,0,10,0,8,0,0,0,0,2,1,2,1,19,4,1248,1,1,7,2
2014300008258,2,9,0,18,0,1,0,4,0,0,1,1,2,2,49,8,1248,2,6,6,1
2014300008264,1,9,0,18,0,8,0,0,0,0,4,1,6,1,39,7,1997,2,11,1,1
2014300008264,2,9,0,18,0,8,0,0,0,0,1,1,6,1,21,5,1299,1,16,3,1
2014300008265,1,9,0,16,0,0,0,7,5,6,1,1,6,1,23,5,1999,1,8,7,1
2014300008267,1,9,0,18,0,0,1,0,0,0,3,1,6,1,61,9,1296,1,6,8,3
2014300008267,2,9,0,18,0,0,1,0,0,0,3,1,6,1,80,11,1242,1,14,9,1
2014300008269,1,9,0,5,0,0,0,0,0,0,4,1,6,1,-1,-1,2378,1,8,-1,-1
2014300008269,2,9,0,2,0,0,0,0,0,0,4,1,6,1,21,5,2179,2,4,9,1
2014300008270,1,9,0,17,0,0,1,0,1,10,0,1,6,1,20,4,1905,2,16,6,1
2014300008271,1,9,0,5,9,6,0,0,0,0,4,1,6,1,47,8,1686,2,1,-1,-1
2014300008271,2,1,0,18,9,8,0,0,0,0,1,1,6,1,10,2,-1,-1,-1,2,1
2014300008274,1,9,0,2,6,0,0,0,0,0,0,1,6,2,44,7,1997,2,8,-1,-1
2014300008275,1,90,0,5,0,2,0,0,0,0,4,1,6,3,-1,-1,-1,-1,-1,-1,-1
2014300008276,1,9,0,9,0,8,0,0,0,0,3,1,6,2,25,5,1229,1,7,3,1
2014300008276,2,9,0,18,0,8,0,0,0,0,1,1,6,1,18,4,1360,1,8,8,1
2014300008277,1,9,0,4,0,7,0,0,0,0,2,1,6,1,65,9,1796,1,11,4,3
2014300008277,2,9,0,18,0,1,0,0,0,0,1,1,6,2,64,9,1242,1,1,7,1
2014300008278,1,9,0,1,0,8,0,0,0,0,2,1,6,1,36,7,1995,2,-1,-1,-1
2014300008278,2,9,0,2,0,1,0,0,0,0,1,1,6,2,31,6,1229,1,1,1,1
2014300008281,1,9,0,17,0,0,0,0,0,0,1,2,6,1,52,8,-1,-1,-1,-1,-1
2014300008281,2,9,0,16,0,0,1,0,0,0,1,1,6,1,26,6,-1,-1,-1,5,2
2014300008284,1,9,0,4,0,0,0,0,0,0,1,1,6,1,26,6,1781,1,14,7,1
2014300008284,2,90,0,2,0,0,0,0,0,0,0,1,6,3,-1,-1,-1,-1,-1,-1,-1
2014300008291,1,9,0,13,0,0,0,0,0,0,4,1,6,1,76,11,1560,2,8,9,2
2014300008291,2,1,0,18,0,0,5,0,0,0,3,1,6,1,-1,-1,-1,-1,-1,1,1
2014300008297,1,9,0,13,0,0,0,0,0,0,4,1,6,2,78,11,1198,1,6,5,1
2014300008297,2,1,0,18,0,0,0,0,1,4,1,1,6,1,74,10,-1,-1,-1,-1,-1
2014300008299,1,1,0,17,0,0,1,0,1,10,1,1,6,1,14,3,-1,-1,-1,-1,-1
2014300008305,1,9,0,18,0,0,2,0,1,0,4,1,6,2,22,5,1149,1,11,8,1
2014300008308,1,11,0,3,0,1,0,0,0,0,1,1,1,1,-1,-1,4250,2,1,7,1
2014300008310,1,9,0,9,0,2,0,0,0,0,1,1,1,1,23,5,1149,1,12,5,1
2014300008310,2,1,0,18,0,8,5,0,0,0,4,1,6,1,56,9,-1,-1,-1,7,1
2014300008315,1,9,0,17,0,0,0,0,0,0,1,1,6,3,-1,-1,-1,-1,-1,-1,-1
2014300008315,2,1,0,16,0,0,0,0,1,0,1,1,6,1,25,5,-1,-1,-1,10,1
2014300008318,1,9,0,13,0,0,0,0,0,0,0,1,6,1,-1,-1,1988,1,11,-1,-1
2014300008318,2,9,0,18,0,0,0,0,0,0,2,1,6,2,47,8,2902,2,9,4,1
2014300008318,3,9,0,18,0,0,0,0,0,0,1,1,6,1,70,10,1984,1,13,7,3
2014300008318,4,9,0,18,0,0,0,0,0,0,0,1,6,3,-1,-1,-1,-1,-1,-1,-1
2014300008320,1,9,0,7,0,8,0,0,0,0,3,1,6,3,-1,-1,-1,-1,-1,-1,-1
2014300008320,2,1,0,18,0,8,0,0,0,0,0,1,6,1,24,5,-1,-1,-1,5,1
2014300008321,1,21,1,17,0,0,0,0,0,0,1,1,1,1,24,5,12777,2,4,7,3
2014300008321,2,9,0,16,0,0,0,0,0,0,1,1,1,2,35,6,-1,-1,-1,8,3
2014300008322,1,9,0,9,0,8,1,0,0,0,0,1,6,1,20,4,1597,1,24,5,1
2014300008322,2,5,0,18,0,1,1,0,0,0,3,1,6,1,51,8,980,1,35,6,2
2014300008331,1,1,0,18,5,8,0,0,0,0,1,1,6,1,13,3,-1,-1,-1,10,1
2014300008331,2,9,0,7,0,5,0,0,0,0,4,1,1,1,22,5,1595,1,10,3,1
2014300008335,1,9,0,13,0,8,0,0,0,0,1,1,2,1,36,7,1762,1,14,1,1
2014300008335,2,9,0,9,0,6,0,0,0,0,3,1,6,1,51,8,1997,2,1,10,2
2014300008335,3,9,0,7,0,5,0,0,0,0,0,1,6,1,36,7,1997,2,2,9,3
2014300008336,1,5,0,18,0,0,0,0,0,0,1,1,6,1,39,7,498,1,8,2,1
2014300008337,1,1,0,18,0,2,0,0,0,0,4,1,6,1,42,7,-1,-1,-1,6,1
2014300008337,2,9,0,11,0,2,0,0,0,0,1,1,6,1,22,5,1984,1,6,10,1
2014300008338,1,5,0,3,0,2,0,0,0,0,2,1,6,1,53,8,350,1,38,6,1
2014300008338,2,9,0,5,0,8,0,0,0,0,1,1,6,1,23,5,1598,1,6,7,1
2014300008339,1,9,0,18,0,6,0,0,3,0,3,1,2,1,30,6,-1,-1,-1,3,3
2014300008339,2,9,0,18,0,8,0,0,0,0,1,1,2,1,34,6,1364,1,7,3,1
2014300008341,1,9,0,9,0,6,0,0,0,0,1,1,2,1,29,6,1598,1,9,4,1
2014300008341,2,90,0,18,0,8,0,0,0,0,1,1,1,1,44,7,2999,2,2,-1,-1
2014300008347,1,1,0,18,0,8,0,0,1,0,1,1,2,1,44,7,-1,-1,-1,5,1
2014300008347,2,9,0,9,0,5,0,0,0,0,1,1,6,1,64,9,1795,1,16,2,1
2014300008347,3,9,0,10,0,1,0,0,0,0,3,1,6,1,21,5,973,1,14,2,1
2014300008348,1,9,0,7,0,4,0,0,0,0,0,1,6,3,-1,-1,-1,-1,-1,-1,-1
2014300008348,2,1,0,5,0,4,0,0,0,0,2,1,2,1,40,7,-1,-1,-1,-1,-1
2014300008350,1,9,0,4,0,0,0,0,0,0,0,1,6,2,-1,-1,-1,-1,-1,-1,-1
2014300008350,2,9,0,3,0,0,0,0,0,0,0,1,6,2,24,5,1968,2,7,9,1
2014300008351,1,9,0,18,0,2,1,0,2,10,1,1,6,1,33,6,1598,1,9,3,1
2014300008351,2,9,0,3,0,2,0,0,0,0,2,1,6,1,30,6,1598,2,5,1,1
2014300008352,1,9,0,18,0,0,0,0,0,0,1,1,6,2,28,6,1360,1,2,2,1
2014300008352,2,1,0,18,0,0,0,0,0,0,2,1,6,1,67,10,-1,-1,-1,6,1
2014300008354,1,9,0,8,0,1,0,0,0,0,3,1,6,1,60,9,1124,1,9,3,1
2014300008354,2,1,0,18,0,6,0,0,0,0,1,1,6,1,39,7,-1,-1,-1,-1,-1
2014300008355,1,9,0,12,0,0,0,0,0,0,3,1,2,2,29,6,1796,1,11,5,1
2014300008355,2,1,0,13,0,0,0,0,0,0,4,1,2,1,33,6,-1,-1,-1,-1,-1
2014300008360,1,9,0,18,0,8,0,0,0,0,3,1,1,2,33,6,1686,2,3,2,1
2014300008360,2,9,0,18,0,8,0,0,0,0,4,1,6,1,-1,-1,2495,2,13,-1,-1
2014300008364,1,9,0,3,0,0,0,0,0,0,1,1,6,1,-1,-1,998,1,13,1,1
2014300008364,2,9,0,18,0,0,0,0,0,0,1,1,6,1,19,4,1199,1,11,6,1
2014300008369,1,9,0,5,0,6,0,0,0,0,4,1,1,2,21,5,1198,1,9,-1,-1
2014300008369,2,1,0,18,0,8,0,0,0,0,1,1,6,1,62,9,-1,-1,-1,-1,-1
2014300008370,1,9,0,16,0,0,0,0,0,0,3,1,6,1,75,10,1240,1,8,-1,-1
2014300008370,2,2,0,17,0,0,1,0,0,0,0,1,6,1,16,4,49,1,14,-1,-1
2014300008371,1,9,0,9,0,5,0,0,0,0,3,1,6,1,24,5,1984,1,11,2,1
2014300008371,2,4,0,18,0,8,0,0,0,0,1,1,6,1,18,4,124,1,9,5,3
2014300008385,1,9,0,17,0,0,1,0,0,0,1,1,6,1,-1,-1,1295,1,16,7,3
2014300008385,2,9,0,16,0,0,0,0,0,0,1,1,6,2,-1,-1,1968,2,9,7,3
2014300008390,1,2,0,17,0,1,0,0,0,0,3,1,6,2,18,4,49,1,6,6,1
2014300008391,1,9,0,18,0,3,5,0,1,1,1,1,6,2,50,8,1995,2,10,10,1
2014300008391,2,9,0,18,0,5,0,0,0,0,3,1,6,1,49,8,1796,1,8,8,1
2014300008393,1,9,0,18,0,2,0,0,0,0,2,1,6,1,57,9,1560,2,5,6,3
2014300008393,2,17,4,18,0,1,0,0,0,0,0,1,1,1,23,5,-1,2,9,6,3
2014300008395,1,9,0,10,0,8,0,0,0,0,2,1,6,1,35,6,1390,1,5,2,1
2014300008395,2,9,0,16,0,1,0,0,0,0,1,1,6,2,18,4,998,1,2,10,1
2014300008396,1,9,0,18,0,1,0,0,7,0,1,1,6,2,69,10,1984,1,8,5,1
2014300008396,2,9,0,9,0,6,0,0,3,0,3,1,6,1,91,11,996,1,-1,8,3
2014300008398,1,9,0,17,0,0,0,0,0,0,1,1,6,1,80,11,1600,1,12,5,2
2014300008398,2,19,0,18,0,0,0,0,0,0,1,1,1,1,57,9,2198,2,6,6,1
2014300008399,1,9,0,7,0,4,0,0,1,4,1,1,2,1,24,5,1199,1,10,2,1
2014300008400,1,9,0,9,0,6,0,0,0,0,1,1,6,2,46,8,1799,1,4,5,1
2014300008400,2,1,0,9,0,8,0,0,0,0,1,1,6,1,55,8,-1,-1,-1,8,3
2014300008404,1,9,0,18,0,0,0,0,0,0,2,1,1,1,29,6,1968,2,3,8,1
2014300008404,2,9,0,18,0,0,0,0,0,0,1,1,6,1,49,8,1995,2,7,-1,-1
2014300008406,1,9,0,18,0,0,0,4,0,0,1,1,6,1,41,7,1798,1,7,1,1
2014300008406,2,20,1,2,6,0,0,0,0,0,2,2,1,1,31,6,-1,-1,-1,-1,-1
2014300008408,1,9,0,4,0,3,0,0,0,0,4,1,6,2,71,10,1596,1,-1,6,1
2014300008408,2,1,0,18,0,8,0,0,0,0,3,1,6,1,62,9,-1,-1,-1,-1,1
2014300008409,1,5,0,18,0,0,0,4,0,0,1,1,6,1,34,6,649,1,4,8,1
2014300008409,2,9,0,2,0,0,0,0,0,0,1,1,6,3,-1,-1,1596,1,3,-1,-1
2014300008410,1,9,0,18,0,0,0,0,0,0,1,1,6,1,49,8,2497,2,5,2,1
2014300008410,2,9,0,18,0,0,0,0,0,0,2,1,6,2,30,6,1240,1,9,8,1
2014300008412,1,5,0,15,0,0,0,0,0,0,4,1,6,1,37,7,599,1,14,6,1
2014300008412,2,9,0,6,0,0,0,0,0,0,3,1,6,1,60,9,1596,1,-1,8,2
2014300008413,1,9,0,6,0,2,0,0,0,0,1,1,2,1,45,7,1997,2,7,-1,-1
2014300008413,2,9,0,18,0,2,0,0,0,0,4,1,6,1,20,4,1198,1,6,-1,-1
2014300008414,1,9,0,9,0,6,0,0,0,0,1,1,6,1,57,9,1497,8,1,7,1
2014300008414,2,3,0,18,0,1,0,0,0,0,4,1,6,1,28,6,124,1,13,2,1
2014300008419,1,9,0,18,0,2,0,0,0,0,1,1,6,1,-1,-1,1999,1,9,9,1
2014300008419,2,9,0,3,0,2,0,0,0,0,2,1,2,1,24,5,1124,1,15,3,1
2014300008419,3,9,0,5,0,2,0,0,0,0,2,1,6,1,56,9,1997,2,1,6,1
2014300008420,1,9,0,9,0,8,0,0,0,0,3,1,6,1,34,6,1968,2,5,9,3
2014300008420,2,5,0,13,0,1,0,0,7,0,4,1,6,1,66,10,999,1,9,8,1
2014300008428,1,9,0,1,0,0,0,0,0,0,0,1,6,2,27,6,1596,1,13,6,3
2014300008430,1,5,0,16,0,0,0,0,0,0,1,1,6,1,-1,-1,750,1,8,8,3
2014300008430,2,9,0,17,0,0,0,0,0,0,3,1,6,1,49,8,1396,1,10,3,1
2014300008431,1,9,0,18,0,8,0,0,1,0,1,1,6,2,58,9,1386,1,7,-1,2
2014300008431,2,9,0,4,0,8,0,0,1,0,2,1,6,1,47,8,1995,2,5,10,2
2014300008433,1,9,0,2,0,2,0,0,0,0,3,1,6,1,41,7,1870,2,10,4,1
2014300008433,2,1,0,14,0,2,0,4,0,0,1,1,6,2,49,8,-1,-1,-1,-1,-1
2014300008434,1,9,0,2,0,0,0,0,0,0,4,1,3,2,35,6,1997,2,6,-1,-1
2014300008434,2,20,1,14,0,0,0,4,0,0,4,1,1,1,-1,-1,12580,2,8,-1,-1
2014300008443,1,3,0,7,0,5,1,0,0,0,4,1,2,1,56,9,125,1,-1,1,1
2014300008444,1,21,1,18,0,0,0,0,0,0,0,1,1,1,44,7,12777,2,6,-1,-1
2014300008444,2,9,0,18,0,0,0,0,0,0,4,1,1,1,45,7,1968,2,3,8,3
2014300008447,1,9,0,9,0,5,0,0,0,0,4,1,6,2,64,9,998,1,8,-1,3
2014300008447,2,5,0,18,0,8,2,0,0,0,1,1,1,1,47,8,-1,-1,-1,-1,-1
2014300008447,3,9,0,18,0,1,0,0,0,0,3,1,2,1,55,8,1796,1,8,3,1
2014300008448,1,2,0,18,0,0,0,0,0,0,1,1,2,1,17,4,49,1,14,1,1
2014300008448,2,9,0,18,0,0,0,0,0,0,2,1,2,2,18,4,1896,2,17,-1,-1
2014300008449,1,9,0,18,0,0,1,0,4,6,1,1,6,1,44,7,1997,2,1,4,1
2014300008449,2,9,0,18,0,0,0,0,0,0,3,1,6,1,-1,-1,-1,-1,-1,10,3
2014300008451,1,9,0,18,0,2,0,0,0,0,2,1,6,1,22,5,1999,1,9,6,1
2014300008451,2,9,0,18,0,2,0,0,0,0,1,1,6,1,-1,-1,2495,2,17,-1,-1
2014300008453,1,20,0,18,0,0,0,0,1,9,4,1,1,1,46,8,2488,2,1,7,1
2014300008454,1,5,0,18,0,0,5,0,7,0,0,1,1,1,49,8,600,1,14,9,1
2014300008454,2,9,0,6,0,0,0,0,0,0,0,1,6,3,-1,-1,-1,-1,-1,-1,-1
2014300008456,1,9,0,18,0,0,0,4,0,0,1,1,6,2,20,4,998,1,9,-1,-1
2014300008456,2,9,0,2,0,0,0,0,0,0,2,1,6,2,-1,-1,1968,2,9,-1,-1
2014300008458,1,9,0,18,0,0,0,0,0,0,0,1,6,3,-1,-1,-1,-1,-1,-1,-1
2014300008458,2,1,0,18,0,0,2,0,0,0,0,1,6,2,12,3,-1,-1,-1,2,1
2014300008459,1,11,0,18,0,0,0,0,0,0,0,1,1,1,52,8,9000,2,9,-1,-1
2014300008463,1,9,0,12,0,1,0,0,0,0,0,1,6,2,69,10,1248,1,2,8,2
2014300008463,2,11,0,18,0,1,0,0,0,0,0,1,1,2,52,8,9000,2,4,-1,1
2014300008465,1,9,0,18,0,2,0,10,0,0,1,1,6,1,19,4,1598,1,9,-1,-1
2014300008465,2,8,0,18,0,1,0,0,0,0,1,1,1,1,37,7,2446,2,13,-1,-1
2014300008467,1,11,0,5,6,0,0,0,0,0,0,1,1,1,31,6,12000,2,5,7,1
2014300008470,1,9,0,1,0,0,0,0,0,0,0,1,6,1,27,6,-1,-1,-1,2,1
2014300008470,2,9,0,18,0,0,0,0,0,0,1,1,6,2,23,5,1124,1,9,2,1
2014300008471,1,9,0,5,0,1,0,0,0,0,4,1,6,1,-1,-1,1997,2,5,10,1
2014300008471,2,1,0,18,9,8,0,0,0,0,1,1,6,1,36,7,-1,-1,-1,9,1
2014300008472,1,5,0,5,6,6,0,0,0,0,4,1,6,1,60,9,599,1,15,-1,-1
2014300008473,1,20,0,11,0,0,0,0,0,0,0,1,6,3,-1,-1,-1,-1,-1,-1,-1
2014300008473,2,9,0,18,0,0,0,0,0,0,0,1,6,2,19,4,1197,1,-1,-1,-1
2014300008473,3,9,0,18,0,0,0,0,0,0,2,1,6,1,58,9,1753,2,5,6,1
2014300008473,4,9,0,18,0,0,0,0,0,0,1,1,6,1,77,11,1296,1,6,5,1
2014300008474,1,9,0,3,0,0,0,0,0,0,2,1,2,1,40,7,2000,2,3,6,1
2014300008474,2,9,0,4,0,0,1,0,0,0,1,1,6,2,35,6,1596,1,11,3,1
2014300008481,1,9,0,18,0,0,0,0,0,0,3,1,6,1,-1,-1,-1,-1,-1,-1,-1
2014300008481,2,9,0,4,0,0,0,0,0,0,3,1,1,2,43,7,1560,2,9,9,1
2014300008484,1,1,0,18,0,8,0,0,0,0,1,1,2,1,18,4,-1,-1,-1,1,1
2014300008484,2,9,0,18,0,8,0,0,0,0,1,1,2,2,28,6,1242,1,5,8,3
2014300008489,1,9,0,18,9,1,0,0,0,0,1,1,6,2,41,7,1527,2,19,3,1
2014300008489,2,1,0,18,0,1,0,0,0,0,3,1,6,1,19,4,-1,-1,-1,-1,-1
2014300008490,1,9,0,17,0,0,0,0,2,10,1,1,6,1,54,8,1461,2,1,-1,-1
2014300008493,1,11,0,18,0,1,0,0,0,0,0,1,1,2,51,8,9000,2,10,10,1
2014300008496,1,19,0,18,0,0,0,0,0,0,4,1,1,1,69,10,2461,2,11,3,1
2014300008502,1,19,0,4,0,1,0,0,0,0,2,1,1,2,32,6,1461,2,1,5,1
2014300008502,2,9,0,4,0,1,0,0,0,0,1,1,6,1,-1,-1,1598,1,1,-1,-1
2014300008503,1,9,0,4,0,0,0,0,0,0,1,1,6,1,-1,-1,1560,2,1,3,1
2014300008503,2,9,0,4,0,0,0,0,0,0,1,1,6,1,54,8,1596,1,3,6,3
2014300008506,1,9,0,18,0,1,0,0,0,0,2,1,6,1,-1,-1,1248,1,2,-1,-1
2014300008506,2,9,0,10,0,1,0,0,0,0,2,1,6,1,28,6,1422,2,12,4,1
2014300008507,1,9,0,14,0,0,0,0,0,0,1,1,6,1,24,5,1198,1,10,5,1
2014300008507,2,9,0,4,0,0,0,0,0,0,2,1,6,2,50,8,1364,1,7,-1,-1
2014300008507,3,20,0,2,0,0,0,0,0,0,0,1,6,3,-1,-1,-1,-1,-1,-1,-1
2014300008509,1,9,0,3,0,1,0,0,0,0,1,1,6,1,36,7,1685,2,2,3,2
2014300008509,2,9,0,16,0,2,0,0,0,0,1,1,6,1,24,5,1910,2,7,8,2
2014300008513,1,9,0,18,0,1,1,0,1,0,1,1,6,1,-1,-1,-1,-1,-1,-1,-1
2014300008513,2,9,0,10,0,8,0,0,0,0,2,1,6,2,61,9,1299,1,10,8,2
2014300008516,1,4,0,17,0,1,1,0,1,1,1,1,6,1,58,9,344,1,4,2,1
2014300008526,1,11,0,18,2,8,0,0,0,0,1,1,1,1,34,6,9600,2,17,2,1
2014300008528,1,5,0,18,0,2,2,0,0,0,3,1,6,1,49,8,1584,1,5,7,1
2014300008530,1,9,0,18,0,0,0,0,0,0,4,1,6,2,23,5,1398,2,8,5,3
2014300008531,1,9,0,9,0,5,0,0,2,10,1,1,6,1,26,6,1242,1,12,2,1
2014300008536,1,9,0,6,0,8,0,0,0,0,3,1,1,1,40,7,-1,-1,-1,4,1
2014300008536,2,9,0,18,0,1,0,0,0,0,4,1,6,1,19,4,1198,1,10,6,1
2014300008539,1,2,0,16,0,0,0,0,0,0,3,1,6,1,17,4,49,1,32,6,3
2014300008539,2,9,0,17,0,0,0,0,0,0,3,1,6,2,24,5,1896,2,12,5,3
2014300008541,1,9,0,18,0,0,1,0,1,7,1,1,6,1,30,6,2499,1,8,8,1
2014300008543,1,9,0,12,0,1,0,0,0,0,2,1,6,2,41,7,1598,2,2,9,1
2014300008543,2,9,0,18,0,1,1,0,0,0,1,1,6,1,22,5,1360,1,14,3,1
2014300008543,3,9,0,11,0,5,0,0,0,0,0,1,6,1,-1,-1,-1,-1,-1,-1,-1
2014300008544,1,21,1,18,0,0,1,0,0,0,3,1,1,1,50,8,12419,2,1,7,3
2014300008544,2,9,0,18,0,0,0,0,0,0,3,1,6,2,34,6,1364,1,10,1,1
2014300008544,3,9,0,18,0,0,0,0,0,0,0,1,6,2,35,6,1598,2,2,1,1
2014300008547,1,8,0,18,0,6,0,0,0,0,1,1,1,1,55,8,1560,2,4,3,1
2014300008547,2,9,0,18,0,8,0,0,1,10,4,1,6,2,31,6,1198,1,2,10,1
2014300008548,1,9,0,18,0,0,0,0,0,0,1,1,6,2,17,4,1229,1,1,7,1
2014300008548,2,9,0,18,0,0,0,0,0,0,2,1,1,1,18,4,1461,2,4,2,2
2014300008548,3,9,0,15,0,0,0,0,0,0,0,1,6,1,17,4,1229,1,-1,3,1
2014300008549,1,9,0,9,0,5,0,10,0,0,3,1,6,1,21,5,1781,1,13,-1,-1
2014300008549,2,9,0,18,0,1,0,0,0,0,3,1,6,1,64,9,1956,2,3,5,1
2014300008551,1,9,0,4,0,6,1,0,0,0,1,1,2,1,21,5,1242,1,3,6,1
2014300008551,2,9,0,17,0,8,0,0,0,0,1,1,2,2,59,9,1900,2,8,9,1
2014300008552,1,9,0,16,0,0,1,0,7,3,1,1,6,1,39,7,1798,1,13,3,2
2014300008552,2,9,0,2,9,0,0,0,0,0,2,1,6,3,23,5,998,1,1,4,1
2014300008553,1,9,0,9,0,6,0,0,0,0,1,1,6,2,47,8,1597,1,10,4,1
2014300008553,2,9,0,17,0,8,0,0,0,0,1,1,6,2,25,5,1242,1,6,9,1
2014300008569,1,9,0,9,0,5,0,0,0,0,1,1,6,1,74,10,1796,1,10,6,1
2014300008569,2,5,0,18,0,8,0,0,0,0,3,1,6,1,49,8,1352,1,6,3,1
2014300008574,1,21,0,4,0,1,0,0,0,0,1,1,1,1,37,7,6370,2,12,-1,-1
2014300008574,2,8,0,4,0,1,0,0,0,0,2,1,1,1,60,9,1997,2,7,5,1
2014300008575,1,9,0,18,0,3,0,0,0,0,4,1,6,1,85,11,2987,2,7,3,1
2014300008575,2,1,0,18,0,8,0,0,0,0,3,1,1,1,-1,-1,-1,-1,-1,-1,-1
2014300008576,1,9,0,18,0,6,0,0,0,0,4,1,1,1,47,8,-1,-1,-1,7,3
2014300008576,2,9,0,18,0,1,0,0,0,0,1,1,6,1,40,7,1679,1,13,8,2
2014300008579,1,9,0,18,0,1,0,0,0,0,1,1,6,1,57,9,1598,2,-1,3,1
2014300008579,2,9,0,3,0,1,0,0,0,0,2,1,2,2,33,6,1598,1,8,2,1
2014300008580,1,9,0,18,0,0,0,0,0,0,1,1,6,1,56,9,2204,2,7,8,1
2014300008580,2,9,0,4,0,0,0,0,0,0,2,1,6,1,43,7,1984,1,12,1,1
2014300008581,1,9,0,4,0,0,0,0,0,0,2,1,6,2,61,9,1797,8,4,6,1
2014300008581,2,9,0,18,0,0,0,0,0,0,1,1,6,2,22,5,998,1,1,3,1
2014300008582,1,9,0,9,0,8,0,0,0,0,1,1,6,2,69,10,1598,1,8,-1,1
2014300008582,2,9,0,18,0,8,0,0,1,0,3,1,2,1,40,7,1398,1,13,3,1
2014300008586,1,9,0,18,0,0,0,0,2,10,4,1,1,1,21,5,1587,1,17,6,1
2014300008587,1,9,0,18,0,8,0,0,0,0,4,1,6,1,59,9,1905,2,18,6,3
2014300008587,2,9,0,5,0,6,0,0,0,0,1,1,6,2,61,9,1587,1,10,10,1
2014300008588,1,9,0,18,0,0,0,12,0,0,1,1,6,2,42,7,1332,1,4,-1,-1
2014300008591,1,9,0,7,0,2,0,0,0,0,4,1,2,2,27,6,1968,2,4,9,1
2014300008591,2,90,0,5,0,2,0,0,0,0,1,1,6,2,69,10,-1,-1,-1,-1,-1
2014300008593,1,21,1,12,0,0,0,0,0,0,3,2,1,1,53,8,-1,-1,-1,-1,-1
2014300008593,2,9,0,18,0,0,0,0,1,0,4,1,2,1,47,8,2000,1,11,10,2
2014300008595,1,9,0,9,0,6,0,0,0,0,3,1,6,1,83,11,1360,1,3,5,1
2014300008595,2,9,0,18,0,8,0,0,0,0,1,1,6,2,48,8,1951,2,10,10,2