Accident_Index,Vehicle_Reference,Vehicle_Type,Towing_and_Articulation,Vehicle_Manoeuvre,Vehicle_Location-Restricted_Lane,Junction_Location,Skidding_and_Overturning,Hit_Object_in_Carriageway,Vehicle_Leaving_Carriageway,Hit_Object_off_Carriageway,1st_Point_of_Impact,Was_Vehicle_Left_Hand_Drive?,Journey_Purpose_of_Driver,Sex_of_Driver,Age_of_Driver,Age_Band_of_Driver,Engine_Capacity_(CC),Propulsion_Code,Age_of_Vehicle,Driver_IMD_Decile,Driver_Home_Area_Type
2014300008605,1,9,0,16,0,0,0,0,7,10,1,1,6,2,72,10,1296,1,6,5,1
2014300008608,1,8,0,18,0,8,0,0,0,0,4,1,2,1,36,7,-1,-1,-1,-1,-1
2014300008611,1,9,0,16,0,1,1,0,8,10,1,1,6,1,23,5,2979,7,9,-1,-1
2014300008611,2,9,0,3,0,1,5,0,0,0,2,1,2,1,48,8,995,1,8,4,1
2014300008611,3,9,0,3,0,1,0,0,0,0,2,1,2,1,54,8,1956,2,4,3,1
2014300008617,1,9,0,18,0,0,0,0,0,0,1,1,2,2,42,7,1600,2,2,5,2
2014300008617,2,9,0,13,0,0,0,0,0,0,1,1,2,2,39,7,1984,2,5,8,1
2014300008617,3,90,0,18,0,0,0,0,0,0,0,1,6,3,-1,-1,-1,-1,-1,-1,-1
2014300008619,1,9,0,18,0,8,1,0,0,0,1,1,6,2,45,7,1198,1,3,1,1
2014300008619,2,9,0,3,0,8,0,0,0,0,2,1,6,2,53,8,998,1,12,3,1
2014300008619,3,9,0,10,0,8,0,0,0,0,2,1,6,2,41,7,-1,-1,-1,-1,-1
2014300008620,1,5,0,18,0,0,0,12,0,0,1,1,6,1,45,7,998,1,14,4,1
2014300008622,1,9,0,5,0,6,0,0,0,0,1,1,6,1,31,6,1796,1,9,4,1
2014300008622,2,9,0,17,0,1,0,0,0,0,1,1,6,2,38,7,1587,1,7,8,3
2014300008623,1,9,0,18,0,1,0,0,0,0,1,1,6,3,-1,-1,-1,-1,-1,-1,-1
2014300008623,2,9,0,3,0,1,0,0,0,0,2,1,6,2,21,5,1598,1,11,-1,1
2014300008624,1,3,0,18,0,0,0,0,1,10,1,1,6,1,24,5,124,1,15,5,2
2014300008624,2,90,0,18,0,0,0,0,0,0,0,1,6,3,-1,-1,-1,-1,-1,-1,-1
2014300008630,1,9,0,18,0,0,0,0,0,0,1,1,6,2,44,7,1598,2,2,6,2
2014300008630,2,9,0,18,0,0,0,0,0,0,2,1,1,1,29,6,-1,-1,-1,-1,-1
2014300008636,1,10,0,18,0,0,1,0,0,0,1,1,6,1,53,8,-1,-1,-1,2,1
2014300008636,2,9,0,4,0,0,0,0,0,0,2,1,6,1,42,7,1595,1,2,10,1
2014300008636,3,21,1,4,6,0,0,0,0,0,0,1,1,1,46,8,12580,2,8,6,1
2014300008640,1,11,0,5,0,2,0,0,0,0,0,1,1,1,33,6,4250,2,6,1,1
2014300008644,1,21,1,12,0,0,0,0,0,0,3,2,1,1,55,8,-1,-1,-1,-1,-1
2014300008644,2,9,0,18,0,0,0,0,1,6,4,1,6,1,47,8,1798,1,6,4,1
2014300008646,1,9,0,18,0,8,0,0,0,0,4,1,1,1,50,8,1299,1,14,4,1
2014300008646,2,1,0,18,0,1,0,0,0,0,1,1,6,1,10,2,-1,-1,-1,-1,-1
2014300008649,1,11,0,5,0,0,0,0,0,0,0,1,6,1,47,8,9000,2,10,2,1
2014300008652,1,9,0,3,0,1,0,0,0,0,2,1,6,2,60,9,1240,1,8,8,2
2014300008652,2,9,0,18,0,1,0,0,0,0,1,1,6,1,-1,-1,1242,1,10,-1,-1
2014300008653,1,8,0,9,0,5,0,0,0,0,1,1,1,1,47,8,-1,-1,-1,9,2
2014300008653,2,9,0,18,0,8,0,0,0,0,1,1,6,1,39,7,998,1,5,5,1
2014300008654,1,9,0,4,0,1,1,0,0,0,3,1,6,1,56,9,1560,2,1,9,3
2014300008654,2,9,0,9,0,8,0,0,7,10,2,1,6,2,64,9,1560,2,3,7,1
2014300008658,1,19,0,18,0,0,1,0,1,4,2,1,6,1,20,4,1753,2,9,8,2
2014300008662,1,2,0,4,0,1,1,0,0,0,3,1,1,2,22,5,49,1,5,9,1
2014300008664,1,9,0,18,0,0,0,0,0,0,1,1,6,1,57,9,1799,1,7,2,1
2014300008667,1,9,0,18,0,8,0,0,0,0,4,1,6,1,46,8,1781,1,12,8,2
2014300008667,2,20,0,18,0,4,0,0,0,0,1,1,1,1,62,9,4250,2,9,3,1
2014300008668,1,9,0,18,0,4,0,0,0,0,2,1,6,2,22,5,1299,1,6,5,1
2014300008668,2,9,0,18,0,4,0,0,0,0,1,1,6,2,56,9,1598,1,12,8,1
2014300008668,3,9,0,7,0,3,0,0,0,0,0,1,1,1,-1,-1,1686,2,3,-1,-1
2014300008673,1,9,0,1,0,0,0,0,0,0,2,1,6,2,45,7,1896,2,7,-1,-1
2014300008674,1,9,0,18,0,8,0,0,0,0,1,1,6,1,28,6,2706,1,-1,10,1
2014300008674,2,8,0,18,0,8,0,0,0,0,3,1,1,1,-1,-1,1968,2,5,1,1
2014300008676,1,9,0,7,0,3,0,0,0,0,0,1,6,3,-1,-1,-1,-1,-1,-1,-1
2014300008676,2,9,0,3,0,1,0,0,0,0,2,1,6,1,-1,-1,1461,2,1,-1,-1
2014300008676,3,9,0,8,0,1,0,0,0,0,2,1,6,1,26,6,1597,1,6,3,1
2014300008676,4,9,0,18,0,1,0,0,0,0,1,1,6,2,35,6,1995,2,8,3,1
2014300008680,1,5,0,4,0,0,1,0,0,0,1,1,6,1,56,9,999,1,7,8,3
2014300008680,2,9,0,4,0,0,0,0,0,0,2,1,1,2,22,5,1461,2,9,8,3
2014300008681,1,9,0,16,0,0,1,0,0,0,4,1,6,1,76,11,2967,1,14,7,1
2014300008682,1,9,0,18,0,0,0,4,0,0,1,1,6,2,39,7,1988,1,14,3,1
2014300008682,2,9,0,2,0,0,0,0,0,0,2,1,6,3,-1,-1,-1,-1,-1,-1,-1
2014300008682,3,9,0,2,0,0,0,0,0,0,1,1,6,2,28,6,1299,1,12,-1,-1
2014300008683,1,9,0,18,0,8,0,0,0,0,1,1,6,1,67,10,1390,1,13,2,1
2014300008683,2,9,0,9,0,6,0,0,0,0,1,1,6,2,38,7,-1,-1,-1,9,1
2014300008685,1,9,0,18,0,0,2,0,1,0,3,1,6,2,53,8,2495,2,15,7,1
2014300008687,1,9,0,17,0,0,2,0,2,10,4,1,6,1,20,4,998,1,10,2,1
2014300008692,1,9,0,16,0,0,2,7,0,0,3,1,6,1,20,4,1796,1,9,8,2
2014300008697,1,90,0,18,0,0,0,0,0,0,0,1,6,3,-1,-1,-1,-1,-1,-1,-1
2014300008697,2,19,0,18,0,0,2,0,1,4,1,1,1,1,46,8,2299,2,1,9,1
2014300008698,1,9,0,9,0,6,0,0,0,0,1,1,6,2,36,7,1968,2,8,5,1
2014300008698,2,9,0,18,0,1,0,0,0,0,1,1,6,1,33,6,1905,2,17,5,1
2014300008702,1,9,0,16,0,0,1,0,1,10,1,1,6,2,48,8,2143,2,4,7,1
2014300008702,2,9,0,13,0,0,0,0,0,0,0,1,6,3,-1,-1,-1,-1,-1,-1,-1
2014300008704,1,5,0,9,0,1,0,0,0,0,4,1,6,1,53,8,1170,1,-1,-1,-1
2014300008704,2,1,0,18,0,1,0,0,0,0,1,1,6,1,46,8,-1,-1,-1,10,1
2014300008705,1,9,0,18,0,8,0,0,0,0,1,1,6,1,24,5,1900,2,15,1,1
2014300008705,2,19,0,9,0,6,0,0,0,0,1,1,1,1,28,6,2198,2,-1,2,1
2014300008706,1,9,0,4,0,2,0,0,0,0,2,1,6,1,34,6,-1,-1,-1,2,1
2014300008706,2,9,0,18,0,2,0,0,0,0,1,1,6,3,-1,-1,1596,1,12,-1,-1
2014300008708,1,9,0,18,0,1,0,0,7,10,3,1,2,2,26,6,1198,1,-1,1,1
2014300008708,2,9,0,18,0,1,0,0,1,10,3,1,6,1,42,7,1968,2,3,7,1
2014300008708,3,9,0,5,0,6,0,0,0,0,0,1,6,3,-1,-1,-1,-1,-1,-1,-1
2014300008709,1,90,0,16,0,0,2,0,7,10,1,1,1,1,-1,-1,12130,2,14,-1,-1
2014300008710,1,9,0,18,0,6,0,0,0,0,2,1,6,2,47,8,-1,-1,-1,8,2
2014300008710,2,9,0,9,0,8,0,0,0,0,1,1,6,2,17,4,998,1,6,-1,-1
2014300008712,1,9,0,5,0,1,0,0,0,0,1,1,1,1,32,6,1598,2,-1,2,1
2014300008712,2,9,0,3,0,1,0,0,0,0,2,1,6,1,20,4,1596,1,6,3,1
2014300008713,1,9,0,4,0,1,0,0,0,0,2,1,2,1,36,7,2494,1,20,5,1
2014300008713,2,9,0,4,0,1,0,0,0,0,1,1,6,1,43,7,1997,2,14,8,1
2014300008714,1,9,0,16,0,0,1,0,2,0,0,1,6,2,58,9,698,1,7,6,3
2014300008715,1,9,0,18,0,1,0,0,0,0,1,1,6,2,51,8,1398,2,11,6,1
2014300008715,2,9,0,3,0,1,0,10,0,0,2,1,6,1,65,9,1991,2,6,9,1
2014300008715,3,9,0,10,0,8,0,0,0,0,2,1,6,2,33,6,1587,1,10,7,1
2014300008716,1,9,0,16,0,0,0,0,0,0,1,1,6,2,-1,-1,1596,1,13,5,1
2014300008716,2,21,0,17,0,0,0,0,0,0,1,1,1,1,51,8,7790,2,8,6,3
2014300008720,1,9,0,7,0,5,0,0,1,0,0,1,6,3,-1,-1,-1,-1,-1,-1,-1
2014300008720,2,11,0,18,2,1,0,0,0,0,0,1,1,1,59,9,7300,2,5,10,1
2014300008721,1,9,0,18,0,0,0,0,0,0,1,1,1,2,38,7,1995,2,-1,5,3
2014300008721,2,9,0,3,0,0,0,0,0,0,2,1,1,1,33,6,-1,-1,-1,1,1
2014300008724,1,1,0,9,0,8,1,0,0,0,0,1,1,1,44,7,-1,-1,-1,-1,-1
2014300008729,1,17,0,18,0,8,0,0,0,0,0,1,1,1,43,7,3331,2,1,3,1
2014300008729,2,9,0,18,0,8,0,0,0,0,3,1,2,1,49,8,1796,1,7,7,1
2014300008729,3,9,0,18,0,8,0,0,5,6,1,1,2,2,30,6,998,1,12,2,1
2014300008733,1,9,0,18,0,0,0,0,0,0,1,1,6,1,69,10,1461,2,3,2,1
2014300008736,1,9,0,9,0,8,0,0,0,0,4,1,6,1,27,6,1229,1,-1,-1,-1
2014300008736,2,9,0,18,0,8,0,0,0,0,1,1,6,1,43,7,1461,2,9,7,1
2014300008740,1,5,0,4,0,8,1,12,0,0,1,1,6,1,25,5,998,1,9,10,1
2014300008746,1,9,0,16,0,0,5,0,7,10,1,1,6,1,44,7,2979,1,-1,1,1
2014300008747,1,9,0,18,0,2,0,0,0,0,3,1,6,1,24,5,1149,1,11,1,1
2014300008749,1,9,0,12,0,0,0,0,0,0,3,1,6,2,37,7,1197,1,1,10,1
2014300008749,2,1,0,18,0,0,0,0,0,0,1,1,6,1,-1,-1,-1,-1,-1,-1,-1
2014300008752,1,9,0,9,0,1,0,0,0,0,0,1,6,1,61,9,973,1,11,5,1
2014300008752,2,19,0,18,0,1,0,0,0,0,1,1,6,1,57,9,2402,2,9,4,3
2014300008756,1,21,0,18,0,1,0,0,0,0,3,1,1,1,36,7,6700,2,8,4,1
2014300008757,1,9,0,18,0,4,0,0,0,0,1,1,6,1,47,8,1686,2,1,1,1
2014300008757,2,1,0,18,0,8,0,0,0,0,1,1,6,1,18,4,-1,-1,-1,7,1
2014300008769,1,9,0,16,0,3,0,0,0,0,3,1,2,2,49,8,1598,1,4,3,1
2014300008769,2,21,1,16,0,3,0,0,0,0,4,1,1,1,28,6,12900,2,6,6,1
2014300008770,1,9,0,18,0,1,0,0,0,0,1,1,6,3,-1,-1,-1,-1,-1,-1,-1
2014300008770,2,2,0,4,0,1,0,0,0,0,2,1,2,1,17,4,49,1,5,7,3
2014300008772,1,4,0,13,0,1,0,0,0,0,4,1,2,1,47,8,400,1,4,6,1
2014300008772,2,19,0,9,0,8,0,0,0,0,3,1,2,1,38,7,1461,2,-1,1,1
2014300008773,1,9,0,17,0,0,0,0,1,4,1,1,6,1,17,4,1299,1,14,-1,-1
2014300008773,2,9,0,16,0,0,0,0,0,0,0,1,6,3,-1,-1,-1,-1,-1,-1,-1
2014300008774,1,9,0,18,0,1,0,0,0,0,3,1,6,3,-1,-1,-1,-1,-1,-1,-1
2014300008775,1,5,0,13,0,8,0,0,0,0,1,1,6,1,28,6,636,1,10,9,1
2014300008775,2,9,0,9,0,5,0,0,0,0,3,1,6,1,50,8,-1,-1,-1,3,1
2014300008783,1,9,0,18,0,0,0,0,0,0,1,1,6,1,39,7,1796,1,10,-1,-1
2014300008783,2,21,0,2,0,0,0,0,0,0,2,1,6,1,46,8,5861,2,18,7,3
2014300008791,1,20,0,18,0,0,1,0,0,0,1,1,1,1,72,10,4580,2,10,8,3
2014300008791,2,9,0,4,0,0,0,0,0,0,2,1,6,1,48,8,1598,1,2,7,1
2014300008791,3,9,0,4,0,0,0,0,0,0,2,1,6,1,23,5,1364,1,4,9,1
2014300008794,1,5,0,18,0,0,0,0,7,0,0,1,2,1,34,6,649,1,-1,9,1
2014300008795,1,9,0,14,0,0,1,7,0,0,1,1,6,1,59,9,1598,1,14,-1,2
2014300008795,2,8,0,5,0,0,0,0,0,0,1,1,1,1,34,6,1986,2,5,2,1
2014300008797,1,9,0,18,0,2,1,0,1,10,1,1,6,1,17,4,1229,1,-1,10,1
2014300008800,1,9,0,18,0,1,0,0,0,0,1,1,6,1,-1,-1,-1,-1,-1,-1,-1
2014300008800,2,9,0,8,0,1,0,0,0,0,2,1,6,2,47,8,1598,1,5,6,1
2014300008802,1,9,0,18,0,0,0,0,0,0,4,1,6,1,70,10,1769,1,13,10,1
2014300008802,2,9,4,18,0,0,0,0,0,0,3,1,6,2,51,8,2700,2,10,3,3
2014300008802,3,21,1,18,0,0,0,0,0,0,4,1,1,1,54,8,12777,2,4,4,3
2014300008803,1,9,0,18,0,0,0,0,0,0,1,1,6,2,20,4,1598,1,-1,-1,-1
2014300008803,2,9,0,18,0,0,0,0,0,0,2,1,6,1,30,6,1149,1,13,2,1
2014300008803,3,9,0,3,0,0,0,0,0,0,2,1,6,1,40,7,1422,2,12,-1,-1
2014300008815,1,9,0,3,0,1,0,0,0,0,2,1,6,1,65,9,1329,1,3,5,2
2014300008815,2,9,0,18,0,1,0,0,0,0,1,1,6,1,65,9,998,1,13,7,1
2014300008818,1,5,0,13,0,0,1,0,1,10,4,1,6,1,32,6,998,1,9,3,1
2014300008818,2,9,0,16,0,0,0,0,0,0,1,1,6,1,46,8,1995,2,2,8,1
2014300008818,3,9,0,18,0,0,0,0,0,0,0,1,6,3,-1,-1,-1,-1,-1,-1,-1
2014300008819,1,5,0,16,0,0,2,0,0,0,3,1,6,1,25,5,599,1,13,3,1
2014300008821,1,5,0,16,0,0,0,0,7,0,3,1,6,1,22,5,599,1,16,9,1
2014300008822,1,5,0,4,0,0,0,0,0,0,1,1,6,1,47,8,499,1,11,3,3
2014300008822,2,9,0,3,0,0,0,0,0,0,1,1,1,1,62,9,1753,2,8,3,1
2014300008823,1,5,0,16,0,0,1,0,8,10,1,1,6,1,45,7,675,1,1,7,1
2014300008823,2,9,0,17,0,0,0,0,0,0,1,1,6,1,42,7,1986,2,9,7,2
2014300008824,1,9,0,10,0,8,0,0,0,0,3,1,2,2,18,4,1299,1,8,4,1
2014300008824,2,9,0,14,0,1,0,0,0,0,0,1,2,2,60,9,1086,1,8,4,1
2014300008826,1,2,0,18,0,1,2,10,8,1,1,1,6,1,16,4,50,1,3,4,1
2014300008827,1,19,0,9,0,6,0,0,0,0,1,1,6,1,24,5,2148,2,9,2,1
2014300008828,1,9,0,5,0,4,0,0,0,0,1,1,6,3,-1,-1,-1,-1,-1,-1,-1
2014300008828,2,9,0,5,0,4,0,0,0,0,2,1,6,2,19,4,1149,1,11,5,1
2014300008829,1,9,0,18,0,0,0,4,0,0,1,1,6,1,20,4,1198,1,9,4,1
2014300008829,2,90,0,2,0,0,0,0,0,0,1,1,6,1,-1,-1,2287,2,5,5,1
2014300008829,3,9,0,2,0,0,0,0,0,0,1,1,6,2,67,10,1360,1,10,6,1
2014300008837,1,9,0,18,0,0,0,0,0,0,4,1,6,1,56,9,1396,1,2,9,1
2014300008837,2,11,0,18,0,0,0,0,0,0,3,1,1,1,45,7,11000,2,9,1,1
2014300008841,1,9,0,5,0,6,0,0,0,0,1,1,6,1,-1,-1,-1,-1,-1,-1,-1
2014300008841,2,1,0,18,0,8,0,0,0,0,2,1,1,1,51,8,-1,-1,-1,3,1
2014300008846,1,9,0,18,0,0,0,0,1,0,3,1,6,2,25,5,1398,1,1,4,1
2014300008849,1,9,0,18,0,0,0,0,0,0,1,1,6,1,37,7,1588,1,15,5,1
2014300008851,1,21,1,17,0,0,0,0,0,0,3,1,1,1,47,8,12902,2,1,-1,3
2014300008851,2,21,0,16,0,0,0,0,0,0,3,1,1,1,42,7,12580,2,8,4,1
2014300008851,3,21,0,16,0,0,0,1,0,0,1,1,1,1,47,8,12900,2,6,6,2
2014300008852,1,9,0,18,0,0,0,0,0,0,1,1,6,1,66,10,1797,8,-1,10,1
2014300008852,2,19,0,18,0,0,0,0,1,2,1,1,2,1,37,7,1968,2,-1,-1,-1
2014300008853,1,19,0,9,0,6,0,0,0,0,3,1,1,1,37,7,2148,2,5,7,1
2014300008853,2,11,0,3,0,1,0,0,0,0,0,1,1,3,-1,-1,-1,-1,-1,-1,-1
2014300008856,1,9,0,18,0,0,0,0,7,2,1,1,6,2,70,10,1896,2,13,8,3
2014300008858,1,9,0,18,0,4,0,0,0,0,1,1,6,1,57,9,1598,2,-1,7,1
2014300008858,2,5,0,3,0,4,0,0,0,0,2,1,6,1,49,8,1199,1,1,8,1
2014300008859,1,21,0,17,0,0,2,0,7,9,1,1,1,1,48,8,12900,2,3,-1,-1
2014300008860,1,9,0,16,0,0,0,0,0,0,0,1,2,2,27,6,1422,2,6,8,1
2014300008860,2,9,0,18,0,0,0,0,0,0,3,1,6,2,46,8,1798,1,10,-1,-1
2014300008860,3,9,0,18,0,0,0,0,0,0,1,1,6,1,49,8,1868,2,13,-1,-1
2014300008862,1,9,0,9,0,8,0,0,0,0,1,1,6,1,20,4,1905,2,19,5,1
2014300008862,2,9,0,18,0,1,0,0,0,0,1,1,6,1,54,8,1997,2,10,6,1
2014300008864,1,9,0,18,0,1,0,10,6,10,1,1,1,1,23,5,1390,1,12,-1,-1
2014300008865,1,9,0,9,0,8,0,0,0,0,1,1,1,1,34,6,1388,7,7,6,2
2014300008865,2,1,0,18,0,8,0,0,0,0,3,1,6,1,42,7,-1,-1,-1,-1,-1
2014300008866,1,3,0,18,0,0,1,4,0,0,2,1,2,1,19,4,125,1,9,1,1
2014300008866,2,21,4,2,0,0,0,0,0,0,2,1,1,1,50,8,-1,-1,-1,-1,1
2014300008867,1,9,0,18,0,0,1,0,1,2,1,1,2,2,54,8,1229,1,5,-1,-1
2014300008871,1,19,0,18,0,8,2,0,1,3,4,1,1,1,31,6,1461,2,-1,-1,-1
2014300008871,2,9,0,9,0,6,0,0,1,9,1,1,6,1,76,11,1997,1,2,-1,-1
2014300008873,1,3,0,13,0,0,0,0,0,0,0,1,6,3,-1,-1,-1,-1,-1,-1,-1
2014300008873,2,16,0,12,0,0,0,0,0,0,0,1,6,2,-1,-1,-1,-1,-1,8,3
2014300008874,1,9,0,17,0,1,0,0,1,0,4,1,6,2,40,7,1199,1,10,5,1
2014300008876,1,9,0,18,0,0,0,0,0,0,1,1,6,2,85,11,1968,2,5,9,3
2014300008876,2,9,0,18,0,0,0,0,0,0,1,1,1,1,45,7,2993,2,6,9,2
2014300008877,1,9,0,10,0,1,0,0,0,0,0,1,6,1,30,6,1390,1,6,-1,-1
2014300008877,2,9,0,10,0,1,0,0,0,0,0,1,6,1,29,6,1598,1,4,9,1
2014300008877,3,9,0,3,0,1,0,0,0,0,2,1,6,1,57,9,1248,1,4,7,2
2014300008877,4,9,0,16,0,1,0,0,0,0,1,1,6,1,84,11,1198,1,9,7,2
2014300008885,1,9,0,18,0,0,0,0,0,0,1,1,6,1,38,7,1796,1,10,1,1
2014300008885,2,9,0,4,0,0,0,0,0,0,2,1,2,2,27,6,1108,1,12,6,1
2014300008894,1,9,0,18,0,0,0,0,0,0,2,1,6,2,35,6,1299,1,8,10,1
2014300008894,2,9,0,18,0,0,0,0,0,0,1,1,6,1,55,8,1975,1,5,9,1
2014300008896,1,9,0,18,0,0,0,0,1,10,3,1,6,1,18,4,1242,1,7,7,1
2014300008896,2,21,1,18,0,0,0,0,0,0,4,1,1,3,-1,-1,-1,-1,-1,-1,-1
2014300008898,1,9,0,18,0,0,1,0,1,0,1,1,2,2,-1,-1,998,1,4,7,1
2014300008898,2,9,0,13,0,0,1,0,0,0,3,1,6,1,23,5,-1,-1,-1,-1,-1
2014300008898,3,9,0,1,9,0,0,0,0,0,1,1,6,1,67,10,1596,1,3,5,3
2014300008898,4,9,0,18,0,0,0,0,0,0,0,1,6,2,30,6,1199,1,12,4,1
2014300008898,5,9,0,18,0,0,0,0,0,0,0,1,6,1,33,6,2996,1,7,7,1
2014300008899,1,8,0,9,0,5,0,0,0,0,4,1,1,1,66,10,1896,2,5,8,1
2014300008899,2,3,0,18,0,8,0,0,0,0,1,1,6,1,23,5,124,1,11,5,1
2014300008900,1,9,0,4,0,0,0,0,0,0,1,1,6,1,79,11,2499,2,16,8,2
2014300008900,2,1,0,18,0,0,1,0,0,0,1,1,6,1,25,5,-1,-1,-1,6,2
2014300008900,3,1,0,18,0,0,5,0,0,0,1,1,6,1,45,7,-1,-1,-1,5,2
2014300008901,1,9,0,18,0,0,0,0,0,0,1,1,1,1,27,6,-1,-1,-1,9,1
2014300008901,2,9,0,4,0,0,0,0,0,0,2,1,6,1,76,11,1360,1,8,7,1
2014300008903,1,9,0,10,0,1,0,0,0,0,2,1,6,1,33,6,1796,1,8,9,2
2014300008903,2,9,0,3,0,1,0,0,0,0,2,1,6,1,69,10,2231,2,2,5,1
2014300008903,3,9,0,18,0,1,0,0,0,0,1,1,1,2,35,6,-1,-1,-1,6,1
2014300008904,1,5,0,18,0,0,0,0,1,0,0,1,2,1,46,8,675,1,3,5,1
2014300008904,2,9,0,6,0,0,0,0,0,0,0,1,6,3,-1,-1,-1,-1,-1,-1,-1
2014300008908,1,9,0,18,0,0,0,0,0,0,0,1,6,3,-1,-1,-1,-1,-1,-1,-1
2014300008908,2,3,0,18,0,0,0,0,1,10,1,1,6,2,17,4,-1,-1,-1,4,1
2014300008914,1,9,0,5,0,6,0,0,0,0,3,1,2,2,56,9,1798,1,9,6,3
2014300008914,2,9,0,18,0,1,1,0,0,0,1,1,1,1,61,9,1798,1,9,6,1
2014300008923,1,9,0,4,0,1,0,0,1,0,1,1,6,1,46,8,1598,1,1,4,1
2014300008923,2,19,0,4,0,1,0,0,0,0,2,1,6,1,38,7,2496,2,15,4,1
2014300008925,1,2,0,2,0,0,0,0,0,0,1,1,6,1,16,4,49,1,17,5,1
2014300008925,2,2,0,14,0,0,1,4,0,0,1,1,6,1,26,6,49,1,8,7,1
2014300008925,3,19,0,2,0,0,0,0,0,0,0,1,6,3,-1,-1,-1,-1,-1,-1,-1
2014300008927,1,19,0,18,0,0,0,0,0,0,4,1,6,1,-1,-1,1868,2,13,-1,-1
2014300008927,2,9,0,2,0,0,0,0,0,0,4,1,1,2,33,6,998,1,5,6,1
2014300008929,1,9,0,7,0,6,0,0,0,0,3,1,6,2,50,8,1598,1,9,5,1
2014300008929,2,9,0,18,0,8,0,0,0,0,1,1,6,1,75,10,1299,1,9,1,1
2014300008931,1,9,0,18,0,1,0,0,0,0,1,1,6,1,25,5,1399,2,9,8,2
2014300008931,2,9,0,4,0,1,0,0,0,0,2,1,6,2,20,4,1598,2,5,10,1
2014300008931,3,9,0,7,0,5,0,0,0,0,2,1,6,2,41,7,1997,2,2,6,3
2014300008934,1,3,0,18,0,1,0,0,0,0,1,1,6,1,30,6,124,1,3,-1,-1
2014300008934,2,9,0,9,0,8,0,0,0,0,1,1,6,1,22,5,998,1,14,-1,-1
2014300008935,1,9,0,17,0,0,2,10,2,10,1,1,2,2,24,5,1360,1,12,-1,-1
2014300008936,1,3,0,18,0,8,5,0,0,0,3,1,6,1,18,4,124,1,6,3,1
2014300008939,1,9,0,17,0,0,2,0,1,1,1,1,6,2,31,6,1360,1,7,10,1
2014300008941,1,9,0,9,0,2,0,0,0,0,1,1,1,1,44,7,1527,2,16,-1,-1
2014300008942,1,19,0,18,0,0,0,0,0,0,1,1,1,1,63,9,1560,2,4,-1,-1
2014300008942,2,9,0,15,0,0,0,0,0,0,2,1,6,1,25,5,1364,1,7,4,1
2014300008952,1,9,0,18,0,1,0,0,0,0,1,1,6,2,29,6,1596,1,12,5,1
2014300008952,2,9,0,18,0,1,0,0,0,0,2,1,6,1,31,6,1299,1,13,3,1
2014300008954,1,1,0,4,0,8,0,0,0,0,2,1,6,1,-1,-1,-1,-1,-1,-1,-1
2014300008954,2,9,0,18,0,8,0,0,0,0,3,1,6,2,56,9,1598,1,8,8,1
2014300008960,1,19,0,9,0,6,0,0,0,0,3,1,1,1,27,6,2402,2,3,8,1
2014300008960,2,3,0,18,0,8,0,0,0,0,1,1,6,2,40,7,124,1,-1,5,1
2014300008961,1,9,0,18,0,4,0,0,0,0,1,1,6,1,-1,-1,1995,2,5,8,1
2014300008961,2,3,0,17,0,8,2,0,0,0,4,1,6,1,51,8,85,1,22,7,3
2014300008972,1,21,4,18,0,0,0,0,0,0,4,1,1,1,50,8,12900,2,2,10,3
2014300008972,2,9,0,18,0,0,0,0,2,7,3,1,6,1,42,7,1956,2,2,-1,3
2014300008974,1,1,0,18,0,0,0,10,0,0,4,1,6,1,49,8,-1,-1,-1,-1,-1
2014300008976,1,9,0,7,0,3,0,0,0,0,4,1,6,1,-1,-1,-1,-1,-1,-1,-1
2014300008981,1,5,0,13,0,8,0,0,7,10,4,1,6,1,52,8,998,1,9,-1,-1
2014300008981,2,9,0,9,0,5,0,0,0,0,3,1,6,2,67,10,1991,2,7,6,3
2014300008982,1,9,0,10,0,1,0,0,0,0,1,1,6,1,18,4,1389,1,11,3,1
2014300008982,2,8,0,18,0,1,0,0,0,0,1,1,1,1,58,9,1997,2,11,2,1
2014300008987,1,11,0,2,0,0,0,0,0,0,0,1,1,1,56,9,6700,2,-1,2,1
2014300008991,1,9,0,18,0,0,0,0,1,0,1,1,6,2,45,7,1598,1,3,8,2
2014300008991,2,9,0,2,9,0,0,0,0,0,2,1,6,1,33,6,1997,1,10,-1,-1
2014300008991,3,20,0,2,9,0,0,0,0,0,1,1,6,1,48,8,3920,2,9,-1,-1
2014300008993,1,9,0,18,0,0,0,0,0,0,1,1,6,2,57,9,1598,2,3,8,2
2014300008993,2,20,0,4,0,0,0,0,0,0,2,1,1,1,34,6,6693,2,1,-1,1
2014300008997,1,9,0,9,0,6,0,0,0,0,4,1,6,1,44,7,2198,2,2,9,3
2014300008997,2,9,0,18,0,8,0,0,0,0,4,1,6,2,48,8,1360,1,11,8,1
2014300008998,1,5,0,18,0,0,0,11,1,0,1,1,6,1,59,9,738,1,15,1,1
2014300009000,1,9,0,18,0,1,0,0,0,0,4,1,6,2,65,9,1329,1,5,-1,-1