Accident_Index,Vehicle_Reference,Vehicle_Type,Towing_and_Articulation,Vehicle_Manoeuvre,Vehicle_Location-Restricted_Lane,Junction_Location,Skidding_and_Overturning,Hit_Object_in_Carriageway,Vehicle_Leaving_Carriageway,Hit_Object_off_Carriageway,1st_Point_of_Impact,Was_Vehicle_Left_Hand_Drive?,Journey_Purpose_of_Driver,Sex_of_Driver,Age_of_Driver,Age_Band_of_Driver,Engine_Capacity_(CC),Propulsion_Code,Age_of_Vehicle,Driver_IMD_Decile,Driver_Home_Area_Type
2014300009006,1,9,0,18,0,0,0,0,0,0,1,1,6,1,57,9,2698,2,8,6,1
2014300009006,2,9,0,18,0,0,0,0,0,0,2,1,6,2,35,6,2179,2,2,6,3
2014300009006,3,9,0,18,0,0,0,0,0,0,3,1,6,1,44,7,1956,2,4,9,1
2014300009007,1,9,0,5,0,6,0,0,0,0,1,1,6,3,-1,-1,-1,-1,-1,-1,-1
2014300009007,2,1,0,18,0,8,0,0,0,0,4,1,6,1,43,7,-1,-1,-1,-1,-1
2014300009014,1,9,0,18,2,1,0,0,0,0,1,1,2,1,-1,-1,2792,1,6,-1,-1
2014300009014,2,9,0,3,0,1,0,0,0,0,2,1,1,2,42,7,1389,1,10,9,1
2014300009016,1,9,0,18,0,0,0,6,0,0,1,1,6,2,37,7,1995,2,11,4,1
2014300009016,2,9,0,18,0,0,0,0,0,0,0,1,6,3,-1,-1,-1,-1,-1,-1,-1
2014300009017,1,5,0,18,0,1,0,0,0,0,3,1,6,1,30,6,599,1,15,5,1
2014300009017,2,9,0,10,0,8,0,0,0,0,0,1,6,1,-1,-1,1896,2,11,3,1
2014300009021,1,11,0,18,0,1,0,0,0,0,4,1,1,1,44,7,7300,2,5,-1,-1
2014300009032,1,11,0,18,0,0,0,0,0,0,0,1,1,1,51,8,9000,2,11,10,1
2014300009032,2,9,0,4,0,0,0,0,0,0,0,1,6,3,-1,-1,-1,-1,-1,-1,-1
2014300009033,1,9,0,9,0,6,0,0,0,0,3,1,6,1,84,11,505,1,6,5,2
2014300009033,2,9,0,18,0,8,0,0,0,0,1,1,6,1,75,10,1388,1,7,6,2
2014300009035,1,9,0,18,0,0,0,0,0,0,1,1,1,2,33,6,-1,-1,-1,7,1
2014300009035,2,9,0,3,0,0,0,0,0,0,2,1,2,1,44,7,1299,1,6,2,2
2014300009038,1,9,0,17,0,0,2,0,7,10,3,1,6,1,27,6,1199,1,10,6,3
2014300009039,1,9,0,18,0,2,0,10,1,0,4,1,6,2,82,11,1242,1,2,9,1
2014300009040,1,9,0,4,0,0,0,0,0,0,1,1,6,1,22,5,998,1,1,9,1
2014300009040,2,9,0,4,0,0,0,0,0,0,2,1,6,2,19,4,998,1,3,-1,-1
2014300009040,3,20,0,4,0,0,1,0,0,0,1,1,1,1,32,6,8970,2,7,1,1
2014300009040,4,9,0,4,0,0,0,0,0,0,1,1,2,1,19,4,1388,1,9,9,1
2014300009041,1,3,0,14,0,0,0,0,0,0,4,1,6,1,17,4,125,1,5,2,1
2014300009041,2,9,0,11,0,0,0,0,0,0,1,1,6,2,48,8,1951,2,13,5,1
2014300009041,3,19,0,2,0,0,0,0,0,0,0,1,6,3,-1,-1,-1,-1,-1,-1,-1
2014300009042,1,9,0,7,0,4,0,0,0,0,1,1,6,1,49,8,1796,1,3,10,1
2014300009042,2,1,0,18,0,8,0,0,0,0,2,1,6,1,57,9,-1,-1,-1,8,3
2014300009043,1,9,0,5,0,1,0,0,0,0,1,1,6,1,-1,-1,998,1,-1,-1,-1
2014300009047,1,9,0,4,0,6,0,0,0,0,4,1,6,1,71,10,1868,2,12,1,1
2014300009047,2,9,0,18,0,8,0,0,0,0,1,1,6,1,31,6,1995,2,-1,8,1
2014300009047,3,9,0,10,0,1,0,0,0,0,1,1,6,1,48,8,-1,-1,-1,3,1
2014300009050,1,9,0,18,0,2,0,0,0,0,1,1,6,1,28,6,1995,2,10,9,1
2014300009052,1,9,0,17,0,0,2,0,0,0,4,1,6,1,35,6,2199,2,1,7,1
2014300009053,1,9,0,5,0,6,0,0,0,0,1,1,6,2,51,8,1997,2,3,10,1
2014300009053,2,1,0,18,0,8,0,0,0,0,3,1,1,2,31,6,-1,-1,-1,1,1
2014300009057,1,90,0,13,0,0,0,0,0,0,1,1,6,3,-1,-1,-1,-1,-1,-1,-1
2014300009057,2,9,0,18,0,0,1,0,0,0,3,1,2,2,22,5,999,1,1,4,1
2014300009057,3,90,0,18,0,0,0,0,0,0,0,1,6,3,-1,-1,-1,-1,-1,-1,-1
2014300009058,1,9,0,16,0,1,1,0,2,7,1,1,6,1,58,9,1596,1,7,5,1
2014300009060,1,9,0,17,0,0,1,0,0,0,4,1,6,2,22,5,1968,2,10,8,1
2014300009060,2,9,0,16,0,0,1,0,0,0,1,1,2,1,54,8,-1,-1,-1,2,1
2014300009062,1,9,0,18,0,1,0,0,1,4,1,1,6,1,51,8,999,1,4,-1,2
2014300009062,2,9,0,5,0,6,0,0,3,1,3,1,6,1,56,9,1397,1,1,7,3
2014300009063,1,3,0,17,0,8,0,0,0,0,1,1,6,1,22,5,124,1,-1,5,3
2014300009063,2,90,0,9,0,5,0,0,0,0,3,1,6,1,-1,-1,-1,-1,-1,-1,-1
2014300009064,1,9,0,18,0,0,0,0,0,0,4,1,6,1,21,5,1390,1,18,-1,-1
2014300009065,1,9,0,18,0,0,0,4,0,0,4,1,6,1,-1,-1,1998,2,13,-1,1
2014300009065,2,9,0,2,0,0,0,0,0,0,3,1,6,2,26,6,973,1,13,2,1
2014300009070,1,9,0,18,0,0,0,4,0,0,1,1,6,1,22,5,1995,1,7,8,2
2014300009070,2,9,0,2,0,0,0,4,1,0,2,1,6,3,43,7,-1,-1,-1,3,2
2014300009070,3,9,0,18,0,0,0,0,0,0,3,1,6,2,70,10,1596,1,8,8,2
2014300009072,1,5,0,13,0,1,0,0,0,0,1,1,6,1,51,8,955,1,11,-1,-1
2014300009072,2,9,0,9,0,8,0,0,0,0,3,1,6,2,56,9,1242,1,4,5,1
2014300009074,1,9,0,9,0,8,0,0,0,0,3,1,6,1,76,11,2993,2,-1,8,3
2014300009074,2,5,0,18,0,8,0,0,0,0,1,1,6,1,52,8,955,1,13,5,1
2014300009077,1,9,0,18,0,0,0,0,0,0,1,1,6,2,24,5,1149,1,7,7,1
2014300009077,2,5,0,3,0,0,0,0,0,0,2,1,6,1,61,9,1800,1,11,7,1
2014300009078,1,9,0,2,0,0,0,0,0,0,2,1,6,2,48,8,1124,1,13,-1,-1
2014300009078,2,1,0,18,0,0,0,0,0,0,1,1,6,2,-1,-1,-1,-1,-1,-1,-1
2014300009080,1,9,0,17,0,0,0,11,0,0,0,1,6,1,72,10,1895,1,13,1,1
2014300009080,2,1,0,18,0,0,0,0,0,0,2,1,6,1,38,7,-1,-1,-1,6,1
2014300009090,1,9,0,18,0,0,1,0,1,4,1,1,6,1,48,8,2967,1,9,8,3
2014300009098,1,9,0,18,0,8,0,0,0,0,0,1,6,3,-1,-1,-1,-1,-1,-1,-1
2014300009098,2,11,0,18,0,1,0,0,0,0,0,1,1,1,53,8,9000,2,4,9,3
2014300009103,1,9,0,18,0,0,5,10,2,10,4,1,6,1,21,5,1199,1,11,8,3
2014300009103,2,9,0,18,0,0,0,0,0,0,0,1,6,2,56,9,2179,2,1,8,3
2014300009104,1,9,0,5,0,8,0,0,0,0,1,1,2,2,23,5,1598,1,8,3,1
2014300009104,2,1,0,18,0,1,0,0,0,0,1,1,6,1,10,2,-1,-1,-1,-1,-1
2014300009106,1,3,0,17,0,1,0,0,1,0,1,1,6,1,-1,-1,-1,-1,-1,-1,-1
2014300009106,2,9,0,9,0,8,0,0,0,0,1,1,6,1,71,10,1400,1,9,7,1
2014300009110,1,11,0,2,0,1,0,0,0,0,0,1,1,2,55,8,4250,2,5,4,1
2014300009111,1,9,0,7,0,5,0,0,0,0,1,1,6,1,44,7,1798,1,10,4,1
2014300009112,1,17,4,9,0,8,0,0,0,0,3,1,1,1,18,4,-1,2,9,5,3
2014300009112,2,9,0,13,0,8,0,0,0,0,4,1,2,2,65,9,1995,1,5,5,1
2014300009113,1,9,0,18,0,0,0,0,0,0,1,1,6,2,-1,-1,1995,2,8,8,1
2014300009113,2,9,0,3,0,0,0,0,0,0,2,1,2,1,29,6,1124,1,15,-1,1
2014300009113,3,9,0,3,0,0,0,0,0,0,2,1,6,1,-1,-1,1896,2,7,9,2
2014300009115,1,5,0,13,0,8,0,0,0,0,1,1,6,1,50,8,998,1,22,-1,1
2014300009115,2,9,0,9,0,5,0,0,0,0,3,1,6,2,46,8,1995,2,1,-1,-1
2014300009116,1,8,0,14,0,8,0,0,0,0,1,1,1,1,44,7,1968,2,6,-1,-1
2014300009116,2,9,0,7,0,6,0,0,0,0,1,1,1,2,43,7,-1,-1,-1,-1,-1
2014300009116,3,9,0,2,0,1,0,0,0,0,0,1,6,1,-1,-1,1988,1,15,3,1
2014300009119,1,9,0,5,0,6,0,0,0,0,1,1,6,1,-1,-1,1781,1,15,1,1
2014300009119,2,9,0,18,0,8,0,10,0,0,3,1,1,2,44,7,1968,2,3,4,1
2014300009124,1,9,0,13,0,0,0,0,0,0,0,1,1,2,50,8,1984,1,13,6,1
2014300009124,2,1,0,16,0,0,2,0,1,0,0,1,6,1,58,9,-1,-1,-1,9,1
2014300009125,1,3,0,10,0,1,0,0,0,0,1,1,2,1,25,5,124,1,-1,3,2
2014300009125,2,9,0,9,0,5,0,0,0,0,3,1,6,1,70,10,1360,1,3,8,1
2014300009126,1,9,0,18,0,4,0,0,0,0,3,1,2,1,33,6,1968,2,9,1,1
2014300009126,2,11,0,18,0,4,0,0,0,0,3,1,1,1,66,10,4250,2,14,9,2
2014300009126,3,9,0,18,0,8,1,0,0,0,1,1,2,1,35,6,1995,2,5,4,2
2014300009127,1,17,4,18,0,0,0,0,0,0,2,1,1,1,27,6,-1,2,7,7,2
2014300009127,2,19,0,18,0,0,0,0,0,0,1,1,1,1,45,7,2143,2,-1,5,1
2014300009128,1,9,0,18,0,8,0,0,0,0,1,1,2,2,28,6,1598,1,12,7,1
2014300009131,1,21,1,11,0,0,0,0,0,0,4,1,1,1,64,9,12902,2,1,6,1
2014300009131,2,9,0,18,0,0,0,0,4,6,3,1,6,1,54,8,2499,1,6,3,2
2014300009139,1,21,0,18,0,0,0,0,0,0,4,1,1,1,37,7,6370,2,12,-1,-1
2014300009139,2,9,0,4,0,0,0,0,1,10,3,1,1,1,42,7,1390,1,14,-1,-1
2014300009139,3,9,0,2,9,0,0,0,0,0,3,1,1,1,64,9,1989,1,12,6,3
2014300009142,1,8,0,9,0,8,0,0,0,0,1,1,1,1,30,6,1762,1,15,3,1
2014300009142,2,1,0,18,0,1,0,0,0,0,1,1,2,1,55,8,-1,-1,-1,8,1
2014300009145,1,9,0,16,0,0,0,0,0,0,3,1,6,1,46,8,1596,1,12,6,1
2014300009145,2,9,0,17,0,0,0,0,0,0,3,1,6,3,-1,-1,-1,-1,-1,-1,-1
2014300009147,1,11,0,18,0,0,0,0,0,0,0,1,1,2,46,8,7300,2,5,2,1
2014300009148,1,9,0,5,0,8,0,0,0,0,1,1,6,1,69,10,1461,2,1,5,1
2014300009148,2,9,0,18,0,8,0,0,0,0,3,1,6,2,22,5,1242,1,13,1,1
2014300009148,3,19,0,3,0,1,0,0,0,0,0,1,6,3,-1,-1,-1,-1,-1,-1,-1
2014300009152,1,9,0,4,0,0,0,0,0,0,1,1,6,1,72,10,1796,1,14,1,1
2014300009152,2,1,0,18,0,0,0,0,0,0,1,1,6,1,15,3,-1,-1,-1,3,1
2014300009155,1,2,0,7,0,2,2,0,0,0,2,1,6,1,16,4,49,1,6,6,1
2014300009155,2,19,0,2,0,2,0,0,0,0,0,1,6,1,44,7,2402,2,11,6,2
2014300009155,3,9,0,18,0,1,0,0,0,0,1,1,6,2,44,7,1598,1,7,5,1
2014300009156,1,9,0,18,0,1,0,0,0,0,1,1,6,1,21,5,1598,1,13,9,2
2014300009156,2,9,0,10,0,8,0,0,0,0,2,1,6,1,33,6,1968,2,8,-1,1
2014300009157,1,21,0,18,0,0,5,0,7,10,3,1,1,1,42,7,12740,2,2,3,1
2014300009160,1,9,0,18,0,8,0,0,0,0,1,1,6,1,-1,-1,1762,1,15,-1,-1
2014300009160,2,9,0,18,0,8,0,0,0,0,1,1,3,1,44,7,1398,1,14,1,1
2014300009162,1,5,0,16,0,0,1,0,0,0,0,1,6,1,48,8,1215,1,2,1,2
2014300009163,1,9,0,14,0,0,0,0,0,0,3,1,3,1,32,6,1896,2,11,2,1
2014300009163,2,90,0,2,0,0,0,0,0,0,0,1,6,3,-1,-1,-1,-1,-1,-1,-1
2014300009167,1,9,0,18,0,0,0,0,0,0,1,1,2,1,47,8,-1,-1,-1,5,1
2014300009167,2,5,0,4,0,0,0,0,0,0,2,1,6,1,67,10,-1,-1,-1,7,1
2014300009169,1,9,0,8,0,1,0,0,0,0,2,1,1,1,49,8,-1,-1,-1,-1,-1
2014300009169,2,9,0,4,0,1,0,0,0,0,1,1,6,1,22,5,1956,2,4,-1,-1
2014300009171,1,9,0,9,0,6,0,0,0,0,1,1,6,2,74,10,1598,1,9,9,3
2014300009171,2,9,0,18,0,8,0,0,0,0,4,1,6,2,64,9,1248,1,4,5,3
2014300009172,1,9,0,18,0,6,0,0,1,10,1,1,6,1,83,11,1596,1,3,5,1
2014300009172,2,11,0,18,0,8,0,0,0,0,1,1,3,1,49,8,9600,2,17,2,1
2014300009173,1,5,0,4,0,1,1,0,1,0,4,1,2,1,29,6,998,1,16,-1,3
2014300009174,1,9,0,10,0,8,0,0,0,0,1,1,6,1,54,8,2995,1,11,4,1
2014300009174,2,3,0,18,0,8,0,0,0,0,1,1,1,1,42,7,124,1,-1,1,1
2014300009177,1,9,0,18,0,8,0,0,0,0,1,1,6,1,51,8,1995,2,12,6,1
2014300009177,2,9,0,5,0,6,0,0,0,0,4,1,6,2,33,6,-1,-1,-1,3,1
2014300009180,1,9,0,4,0,1,0,0,0,0,1,1,6,1,-1,-1,1753,2,6,-1,-1
2014300009180,2,9,0,3,0,1,0,0,0,0,0,1,6,2,72,10,1896,2,5,5,1
2014300009183,1,9,0,18,0,6,5,0,7,10,1,1,6,1,24,5,1560,2,1,1,1
2014300009183,2,9,0,17,0,8,0,0,0,0,1,1,6,2,59,9,1399,2,7,5,3
2014300009183,3,9,0,17,0,1,0,0,0,0,1,1,6,2,39,7,1896,2,8,10,2
2014300009184,1,9,0,18,0,0,1,0,0,0,1,1,2,1,54,8,1753,2,7,8,1
2014300009184,2,9,0,18,0,0,0,0,0,0,2,1,1,1,64,9,-1,-1,-1,10,1
2014300009184,3,9,0,18,0,0,0,0,0,0,2,1,6,2,37,7,1242,1,5,-1,-1
2014300009185,1,9,0,18,0,0,0,0,5,6,3,1,6,1,19,4,1229,1,1,2,1
2014300009189,1,1,0,18,0,1,1,4,1,10,1,1,6,1,16,4,-1,-1,-1,6,2
2014300009189,2,9,0,2,0,1,0,0,0,0,3,1,6,2,-1,-1,1597,1,10,8,1
2014300009195,1,9,0,17,0,0,0,0,0,0,4,1,6,1,55,8,1590,1,10,5,3
2014300009197,1,1,0,18,0,0,5,0,1,0,0,1,6,1,69,10,-1,-1,-1,5,1
2014300009198,1,9,0,18,0,0,0,0,0,0,1,1,6,1,73,10,1560,2,8,9,2
2014300009198,2,9,0,2,0,0,0,4,0,0,2,1,6,2,53,8,1995,2,2,9,1
2014300009198,3,9,0,2,0,0,0,0,0,0,1,1,6,1,68,10,2902,2,11,5,1
2014300009199,1,9,0,10,0,8,0,0,0,0,1,1,6,1,33,6,1461,2,10,-1,-1
2014300009199,2,5,0,18,0,8,1,0,0,0,1,1,6,1,46,8,996,1,13,4,1
2014300009200,1,5,0,18,0,1,0,0,0,0,1,1,6,1,42,7,1000,1,13,8,1
2014300009200,2,9,0,9,0,6,0,0,0,0,3,1,6,2,68,10,2500,2,10,5,3
2014300009201,1,9,0,1,0,0,0,0,0,0,2,1,6,2,45,7,1598,2,-1,2,1
2014300009201,2,11,0,3,0,0,0,0,0,0,1,1,6,1,50,8,9360,2,5,-1,-1
2014300009202,1,1,0,18,0,6,0,0,0,0,1,1,4,1,15,3,-1,-1,-1,-1,-1
2014300009202,2,9,0,4,0,1,0,0,0,0,4,1,6,1,55,8,-1,-1,-1,-1,-1
2014300009203,1,1,0,18,0,0,0,0,0,0,1,1,6,1,11,3,-1,-1,-1,-1,-1
2014300009203,2,9,0,18,0,0,0,0,0,0,4,1,6,1,46,8,1598,1,11,2,1
2014300009204,1,9,0,18,0,1,0,0,0,0,0,1,6,3,-1,-1,-1,-1,-1,-1,-1
2014300009204,2,9,0,4,0,1,0,0,0,0,0,1,6,1,66,10,-1,-1,-1,6,2
2014300009204,3,5,0,4,0,1,0,0,0,0,1,1,6,1,49,8,998,1,12,9,1
2014300009211,1,9,0,7,0,6,0,0,1,0,1,1,6,1,52,8,1149,1,5,9,1
2014300009211,2,9,0,18,0,8,0,0,0,0,1,1,6,1,39,7,1753,2,6,7,1
2014300009211,3,9,0,18,0,1,0,0,0,0,1,1,6,1,54,8,1796,7,10,9,2
2014300009214,1,3,0,4,0,1,0,0,0,0,1,1,2,1,35,6,124,1,7,5,1
2014300009214,2,9,0,9,0,2,0,0,0,0,1,1,2,2,47,8,1870,2,5,9,1
2014300009223,1,9,0,18,0,0,0,0,0,0,1,1,2,2,53,8,1299,1,13,6,2
2014300009226,1,9,0,4,0,1,0,0,0,0,1,1,1,2,44,7,1991,2,4,8,3
2014300009226,2,9,0,4,0,1,0,0,0,0,2,1,6,2,42,7,1560,2,-1,7,1
2014300009229,1,9,0,9,0,5,0,0,7,0,2,1,6,1,59,9,1388,1,3,2,2
2014300009229,2,9,0,18,0,8,0,0,0,0,1,1,6,1,65,9,999,1,-1,2,1
2014300009237,1,1,0,18,0,0,0,0,0,0,1,1,6,1,-1,-1,-1,-1,-1,-1,-1
2014300009237,2,9,0,4,0,0,0,0,0,0,2,1,6,2,17,4,1299,1,13,6,1
2014300009239,1,9,0,18,0,4,0,0,0,0,1,1,1,3,-1,-1,-1,-1,-1,-1,-1
2014300009239,2,9,0,18,0,8,0,0,0,0,4,1,6,1,18,4,1422,2,12,8,1
2014300009241,1,9,0,9,0,6,0,0,0,0,4,1,6,1,21,5,999,1,15,6,1
2014300009241,2,9,0,18,0,8,1,0,1,3,3,1,6,2,41,7,1900,2,8,-1,2
2014300009242,1,9,0,16,0,0,1,0,1,0,1,1,6,1,48,8,998,1,19,9,2
2014300009242,2,9,4,17,0,0,0,0,0,0,1,1,6,2,28,6,2204,2,9,10,3
2014300009243,1,9,0,18,0,3,0,0,0,0,1,1,6,1,34,6,2401,2,9,-1,-1
2014300009243,2,9,0,18,0,3,0,0,0,0,2,1,1,1,49,8,-1,-1,-1,3,1
2014300009243,3,9,0,4,0,3,0,0,0,0,2,1,6,1,63,9,1596,1,2,2,1
2014300009244,1,9,0,9,0,8,0,0,0,0,1,1,6,1,48,8,1560,2,7,8,1
2014300009244,2,9,0,18,0,1,0,0,0,0,1,1,6,1,58,9,1388,1,11,9,2
2014300009245,1,9,0,16,0,0,0,0,7,9,1,1,6,2,22,5,-1,-1,-1,1,1
2014300009246,1,20,0,18,0,1,0,0,0,0,0,1,1,1,34,6,-1,-1,-1,1,1
2014300009246,2,9,0,18,0,1,2,0,1,0,2,1,1,1,53,8,-1,-1,-1,6,1
2014300009247,1,9,0,7,0,6,0,0,0,0,3,1,6,1,70,10,1896,2,11,6,1
2014300009247,2,1,0,18,0,2,0,0,0,0,1,1,6,1,56,9,-1,-1,-1,10,1
2014300009251,1,19,0,18,0,0,0,0,1,7,4,1,1,1,28,6,2143,2,2,-1,1
2014300009254,1,1,0,18,0,0,0,0,0,0,2,1,6,1,-1,-1,-1,-1,-1,-1,-1
2014300009254,2,9,0,18,0,0,0,0,0,0,1,1,1,2,45,7,1596,1,3,9,1
2014300009258,1,9,0,9,0,5,0,0,0,0,3,1,3,2,51,8,1753,2,7,7,1
2014300009258,2,3,0,13,0,8,0,0,0,0,1,1,2,1,21,5,124,1,8,3,1
2014300009259,1,9,0,3,0,0,0,0,0,0,2,1,6,2,45,7,1896,2,9,8,1
2014300009259,2,9,0,18,0,0,0,0,0,0,1,1,6,2,47,8,1149,1,7,8,1
2014300009260,1,1,0,5,0,0,0,0,0,0,0,1,6,2,40,7,-1,-1,-1,4,1
2014300009263,1,9,0,9,0,6,0,0,0,0,1,1,6,2,33,6,1086,1,8,2,1
2014300009263,2,9,0,18,0,8,0,0,0,0,3,1,6,1,38,7,1242,1,11,2,1
2014300009264,1,9,0,16,0,0,0,0,0,0,1,1,6,1,33,6,1995,1,8,3,1
2014300009264,2,9,0,4,0,0,0,0,0,0,2,1,2,1,29,6,1995,2,8,2,1
2014300009266,1,9,0,9,0,1,0,0,0,0,1,1,6,1,-1,-1,1995,2,10,-1,-1
2014300009266,2,9,0,9,0,1,0,0,0,0,2,1,3,2,40,7,1595,1,11,2,1
2014300009269,1,5,0,18,0,0,0,0,0,0,2,1,6,1,51,8,999,1,4,6,1
2014300009269,2,5,0,13,0,0,1,0,1,0,1,1,6,1,-1,-1,999,1,7,6,1
2014300009269,3,9,0,18,0,0,0,0,0,0,3,1,6,2,49,8,1390,1,3,9,3
2014300009270,1,9,0,9,0,6,0,0,0,0,3,1,2,2,37,7,1497,1,11,8,1
2014300009270,2,4,0,7,0,1,0,0,0,0,1,1,6,1,22,5,124,1,3,3,1
2014300009271,1,9,0,14,0,0,0,0,0,0,1,1,6,1,52,8,1596,1,4,-1,-1
2014300009271,2,9,0,2,0,0,0,0,1,0,1,1,6,3,73,10,998,1,3,-1,-1
2014300009280,1,9,0,5,0,0,0,0,0,0,0,1,6,1,-1,-1,-1,-1,-1,-1,-1
2014300009280,2,1,0,5,0,0,0,0,0,0,0,1,6,1,36,7,-1,-1,-1,6,1
2014300009281,1,9,0,8,0,1,0,0,0,0,2,1,6,2,67,10,1250,1,12,9,1
2014300009281,2,9,0,8,0,1,0,0,0,0,2,1,6,2,35,6,1596,1,12,4,1
2014300009281,3,9,0,18,0,1,0,0,0,0,1,1,6,3,46,8,1149,1,10,7,1
2014300009284,1,9,0,18,0,8,0,0,0,0,1,1,6,1,36,7,1199,1,10,10,1
2014300009285,1,9,0,5,0,1,0,0,0,0,1,2,1,1,32,6,-1,-1,-1,1,1
2014300009285,2,9,0,9,0,2,0,0,0,0,1,1,6,1,20,4,1910,2,8,5,2
2014300009288,1,90,0,18,0,8,5,0,0,0,3,1,1,1,40,7,-1,-1,-1,-1,-1
2014300009288,2,9,0,18,0,1,0,0,0,0,1,1,6,1,65,9,1248,1,1,2,1
2014300009291,1,9,0,18,0,0,0,0,0,0,1,1,6,2,49,8,1242,1,3,3,1
2014300009292,1,9,0,9,0,5,0,0,0,0,4,1,6,1,-1,-1,1798,1,7,-1,-1
2014300009292,2,11,0,4,0,1,0,0,0,0,1,1,1,1,50,8,5900,2,7,5,1
2014300009293,1,9,0,18,0,8,0,0,0,0,4,1,6,1,21,5,1587,1,12,4,1
2014300009293,2,9,0,10,0,1,0,0,0,0,3,1,6,1,43,7,998,1,-1,9,1
2014300009296,1,9,0,18,0,0,0,0,1,3,1,1,2,1,38,7,1796,1,13,1,1
2014300009299,1,9,0,18,0,6,0,0,1,0,3,1,1,1,36,7,1389,1,16,2,1
2014300009299,2,9,0,18,0,8,0,0,1,0,1,1,6,2,27,6,1560,2,1,4,1
2014300009306,1,9,0,5,0,8,0,0,0,0,3,1,6,2,-1,-1,1796,1,7,3,1
2014300009306,2,3,0,14,0,8,0,0,0,0,4,1,2,1,20,4,124,1,2,3,1
2014300009312,1,9,0,8,0,8,0,0,0,0,4,1,6,1,37,7,2148,2,6,7,1
2014300009312,2,1,0,18,9,6,0,0,0,0,1,1,6,1,16,4,-1,-1,-1,7,1
2014300009314,1,90,0,5,0,4,0,0,0,0,0,1,1,1,29,6,2198,2,2,-1,1
2014300009314,2,9,0,3,0,8,0,0,0,0,2,1,6,2,25,5,1390,1,7,4,1
2014300009314,3,9,0,18,0,1,0,0,0,0,1,1,6,1,18,4,1229,1,2,7,2
2014300009315,1,9,0,18,0,0,1,0,0,0,1,1,6,1,27,6,1198,1,-1,3,1
2014300009315,2,9,0,18,0,0,0,0,0,0,2,1,6,2,35,6,1242,1,7,-1,2
2014300009316,1,3,0,18,0,3,1,0,0,0,0,1,6,2,61,9,124,1,2,-1,-1
2014300009334,1,9,0,7,0,3,0,0,0,0,4,1,6,1,34,6,1968,2,3,-1,1
2014300009334,2,1,0,18,0,8,0,0,0,0,3,1,6,1,67,10,-1,-1,-1,3,1
2014300009340,1,9,0,18,0,3,0,0,2,1,1,1,6,1,18,4,1124,1,17,4,1
2014300009343,1,9,0,18,0,1,0,0,0,0,3,1,2,2,49,8,1598,1,2,1,1
2014300009344,1,9,0,18,0,8,0,0,0,0,1,1,1,1,55,8,-1,-1,-1,-1,-1
2014300009344,2,19,0,18,0,8,0,0,1,3,3,1,1,1,27,6,2198,2,1,1,1
2014300009347,1,1,0,7,0,8,0,0,0,0,1,1,6,1,41,7,-1,-1,-1,6,1
2014300009347,2,9,0,9,0,5,0,0,0,0,1,1,6,2,70,10,-1,-1,-1,5,1
2014300009351,1,9,0,18,0,2,0,0,0,0,1,1,6,1,24,5,1390,1,1,9,1
2014300009353,1,4,0,17,0,0,0,0,1,9,4,1,6,1,76,11,330,1,2,5,1
2014300009354,1,9,0,16,0,1,0,0,0,0,1,1,1,1,53,8,1598,1,12,3,1
2014300009354,2,9,0,17,0,1,0,0,0,0,1,1,6,1,41,7,1910,2,9,10,3
2014300009361,1,9,0,5,0,4,0,0,0,0,1,1,1,1,48,8,2400,2,2,7,3
2014300009361,2,9,0,5,0,4,0,0,0,0,2,1,1,1,60,9,2000,2,9,8,1
2014300009367,1,9,0,9,0,6,0,0,0,0,1,1,6,1,25,5,1388,1,4,2,1
2014300009367,2,9,0,18,0,8,0,0,0,0,1,1,6,2,79,11,1149,1,15,9,1
2014300009372,1,9,0,1,9,2,0,0,0,0,2,1,6,1,-1,-1,2231,2,8,1,1
2014300009372,2,9,0,7,0,2,0,0,0,0,1,1,6,1,32,6,-1,-1,-1,2,1
2014300009373,1,9,0,4,0,0,0,0,0,0,1,1,6,1,-1,-1,999,1,5,10,1
2014300009373,2,9,0,3,0,0,0,0,0,0,2,1,6,1,59,9,1331,1,20,-1,-1
2014300009374,1,9,0,18,0,0,0,0,0,0,1,1,6,2,-1,-1,1296,1,17,-1,-1
2014300009374,2,9,0,2,0,0,0,0,0,0,2,1,6,3,-1,-1,1389,1,12,-1,-1
2014300009382,1,9,0,18,0,1,0,0,0,0,3,1,6,1,46,8,1956,2,3,6,1
2014300009382,2,9,0,18,0,1,0,0,0,0,0,1,6,2,31,6,1995,2,7,2,1
2014300009384,1,9,0,18,0,0,0,0,0,0,1,1,3,2,35,6,1796,1,11,1,1
2014300009388,1,9,0,18,0,1,0,4,0,0,4,1,6,1,87,11,999,1,5,6,1
2014300009388,2,9,0,2,0,1,0,0,0,0,3,1,3,2,32,6,1398,1,1,6,1
2014300009392,1,9,0,4,0,2,0,0,0,0,4,1,6,3,31,6,1061,1,9,-1,-1
2014300009392,2,1,0,18,9,1,0,0,0,0,1,1,6,1,12,3,-1,-1,-1,1,1
2014300009393,1,9,0,9,0,6,0,0,0,0,3,1,6,2,22,5,1896,2,10,-1,-1