Accident_Index,Vehicle_Reference,Vehicle_Type,Towing_and_Articulation,Vehicle_Manoeuvre,Vehicle_Location-Restricted_Lane,Junction_Location,Skidding_and_Overturning,Hit_Object_in_Carriageway,Vehicle_Leaving_Carriageway,Hit_Object_off_Carriageway,1st_Point_of_Impact,Was_Vehicle_Left_Hand_Drive?,Journey_Purpose_of_Driver,Sex_of_Driver,Age_of_Driver,Age_Band_of_Driver,Engine_Capacity_(CC),Propulsion_Code,Age_of_Vehicle,Driver_IMD_Decile,Driver_Home_Area_Type
2014300009771,2,20,0,18,0,8,5,0,0,0,1,1,1,1,45,7,-1,-1,-1,3,1
2014300009773,1,9,0,2,0,0,0,0,0,0,2,1,6,2,37,7,1968,2,2,7,1
2014300009773,2,9,0,4,0,0,1,4,0,0,1,1,6,1,69,10,1998,1,17,4,2
2014300009774,1,9,0,18,0,0,1,0,7,1,1,1,6,2,30,6,1968,2,8,2,1
2014300009785,1,9,0,9,0,6,0,0,0,0,0,1,6,3,-1,-1,-1,-1,-1,-1,-1
2014300009785,2,3,0,4,0,1,1,0,0,0,0,1,6,1,19,4,125,1,4,7,1
2014300009792,1,9,0,16,0,1,0,7,0,0,1,1,6,1,22,5,1686,2,7,-1,-1
2014300009798,1,9,0,5,0,6,0,0,0,0,3,1,2,1,49,8,-1,-1,-1,10,1
2014300009798,2,3,0,18,0,8,0,0,0,0,1,1,6,1,20,4,124,1,7,9,1
2014300009800,1,9,0,18,0,3,1,0,1,2,1,1,6,2,35,6,1242,1,14,3,1
2014300009805,1,9,0,18,0,0,0,0,0,0,1,1,6,1,25,5,1398,2,11,4,1
2014300009806,1,19,0,18,0,1,2,0,1,4,4,1,1,1,20,4,1753,2,7,8,1
2014300009807,1,9,0,18,0,0,0,0,1,10,1,1,2,1,22,5,1781,1,30,5,1
2014300009807,2,9,0,11,0,0,0,0,0,0,0,1,6,3,-1,-1,-1,-1,-1,-1,-1
2014300009807,3,9,0,2,9,0,0,0,0,0,1,1,6,1,40,7,1798,1,7,7,1
2014300009809,1,8,0,1,9,0,0,0,0,0,2,1,3,1,-1,-1,1910,2,7,2,1
2014300009813,1,9,0,16,0,1,0,4,7,2,1,1,6,1,72,10,1199,1,13,8,1
2014300009813,2,90,0,2,0,2,0,0,0,0,2,1,2,1,21,5,-1,-1,-1,7,3
2014300009819,1,11,0,10,0,1,0,0,0,0,1,1,1,1,48,8,4461,2,1,-1,-1
2014300009819,2,9,0,18,0,8,0,0,0,0,1,1,6,2,34,6,1360,1,1,7,1
2014300009819,3,9,0,9,0,6,0,0,0,0,1,1,6,2,76,11,1229,1,1,-1,-1
2014300009829,1,9,0,18,0,6,0,0,0,0,1,1,6,1,59,9,1995,2,6,8,3
2014300009829,2,9,0,18,0,8,0,0,0,0,1,1,6,1,18,4,1124,1,9,9,2
2014300009830,1,9,0,12,0,0,0,0,0,0,3,1,6,3,-1,-1,-1,-1,-1,-1,-1
2014300009830,2,2,0,18,0,0,0,0,0,0,3,1,6,1,35,6,49,1,14,8,1
2014300009831,1,9,0,18,0,0,0,10,1,0,4,1,6,3,-1,-1,-1,-1,-1,-1,-1
2014300009834,1,9,0,12,0,0,0,0,0,0,3,1,2,1,27,6,1368,1,4,8,1
2014300009834,2,9,0,18,0,0,0,7,0,0,4,1,2,2,24,5,1388,1,7,8,1
2014300009835,1,5,0,18,0,0,0,0,0,0,1,1,6,1,52,8,1052,1,17,1,1
2014300009835,2,9,0,18,0,0,0,0,0,0,0,1,6,3,46,8,2967,2,1,9,3
2014300009835,3,9,0,18,0,0,0,0,0,0,2,1,1,1,36,7,1199,2,3,7,1
2014300009837,1,9,0,18,0,0,1,0,5,6,3,1,2,1,36,7,1995,2,11,2,1
2014300009840,1,20,1,18,0,1,0,0,0,0,2,1,1,1,48,8,5880,2,9,2,1
2014300009840,2,9,0,18,0,8,0,0,0,0,2,1,6,1,30,6,1800,1,28,3,1
2014300009841,1,9,0,18,0,6,0,0,0,0,1,1,6,2,55,8,1686,2,10,2,1
2014300009841,2,9,0,15,0,8,0,0,0,0,3,1,2,1,19,4,1388,1,10,-1,1
2014300009841,3,19,0,10,0,1,0,0,0,0,0,1,6,3,-1,-1,-1,-1,-1,-1,-1
2014300009842,1,1,0,17,0,4,0,0,0,0,0,1,2,1,27,6,-1,-1,-1,6,1
2014300009842,2,3,0,5,0,4,0,0,0,0,0,1,1,1,53,8,-1,-1,-1,2,1
2014300009844,1,9,0,9,0,6,0,0,0,0,3,1,6,1,54,8,1388,1,6,-1,-1
2014300009844,2,5,0,14,0,1,0,0,0,0,1,1,6,1,22,5,1050,1,7,-1,-1
2014300009847,1,9,0,1,9,6,0,0,0,0,2,1,2,2,52,8,1997,2,6,-1,-1
2014300009848,1,9,0,4,0,0,1,0,0,0,1,1,6,1,33,6,2198,2,8,7,2
2014300009848,2,9,0,3,0,0,0,0,0,0,2,1,2,1,34,6,1598,1,5,10,1
2014300009848,3,9,0,3,0,0,0,0,0,0,2,1,2,2,19,4,998,1,8,5,1
2014300009850,1,9,0,18,0,1,0,0,0,0,2,1,6,2,60,9,998,1,-1,-1,-1
2014300009850,2,9,0,18,0,1,0,0,0,0,1,1,1,2,39,7,1685,2,1,9,1
2014300009852,1,9,0,18,0,1,0,0,0,0,3,1,6,2,21,5,1149,1,13,4,1
2014300009852,2,9,0,9,0,6,0,0,0,0,1,1,1,1,35,6,-1,-1,-1,5,3
2014300009853,1,19,0,17,0,8,0,0,0,0,1,1,6,3,-1,-1,-1,-1,-1,-1,-1
2014300009853,2,9,0,9,0,6,0,4,0,0,1,1,3,2,32,6,1686,2,2,4,1
2014300009854,1,9,0,18,0,0,0,0,0,0,1,1,6,1,89,11,1586,1,9,-1,-1
2014300009854,2,9,0,18,0,0,0,0,0,0,2,1,6,2,33,6,1124,1,9,3,1
2014300009855,1,8,0,1,0,0,0,0,0,0,2,1,1,1,67,10,1995,2,7,3,1
2014300009855,2,9,0,3,0,0,0,0,0,0,1,1,3,2,41,7,1796,1,2,4,1
2014300009856,1,9,0,18,0,0,0,0,0,0,3,1,6,2,22,5,1149,1,11,10,1
2014300009856,2,11,0,2,0,0,0,0,0,0,0,1,1,3,-1,-1,-1,-1,-1,-1,-1
2014300009862,1,9,0,17,9,1,0,0,1,10,1,1,6,1,40,7,1242,1,6,2,1
2014300009864,1,9,0,5,0,0,0,0,0,0,4,1,6,2,33,6,1598,1,10,2,1
2014300009865,1,9,0,13,0,0,0,0,0,0,0,1,2,2,40,7,2148,2,9,5,2
2014300009865,2,9,0,18,0,0,1,0,1,0,1,1,6,1,66,10,1396,2,-1,3,1
2014300009865,3,9,0,18,0,0,0,0,1,0,2,1,6,2,55,8,1598,2,1,5,3
2014300009868,1,21,1,18,0,0,0,0,0,0,3,2,6,3,-1,-1,-1,-1,-1,-1,-1
2014300009868,2,9,0,13,0,0,0,0,0,0,3,1,6,1,21,5,1598,1,12,7,2
2014300009868,3,9,0,18,0,0,0,0,0,0,3,1,6,1,54,8,2179,2,2,8,1
2014300009869,1,1,0,13,0,0,0,0,0,0,1,1,6,1,54,8,-1,-1,-1,8,1
2014300009869,2,9,0,5,0,0,0,0,0,0,3,1,6,1,66,10,1988,2,10,10,1
2014300009872,1,21,1,18,0,0,0,0,0,0,1,1,1,1,54,8,11967,2,2,7,2
2014300009875,1,9,0,7,0,3,0,0,0,0,1,1,6,3,-1,-1,-1,-1,-1,-1,-1
2014300009875,2,9,0,9,0,8,0,0,0,0,3,1,6,1,27,6,998,1,15,2,1
2014300009876,1,19,0,3,0,4,0,0,0,0,1,1,1,1,28,6,2464,2,7,2,1
2014300009876,2,9,0,3,0,4,0,0,0,0,2,1,6,2,21,5,998,1,5,10,1
2014300009877,1,9,0,2,0,0,0,0,0,0,4,1,6,1,63,9,1240,1,11,2,1
2014300009878,1,90,0,9,0,6,0,0,0,0,0,1,6,3,-1,-1,-1,-1,-1,-1,-1
2014300009878,2,3,0,18,0,8,0,0,0,0,1,1,1,1,17,4,107,1,-1,4,3
2014300009880,1,9,0,18,0,0,1,0,7,9,1,1,6,2,20,4,1149,1,11,-1,-1
2014300009881,1,9,0,13,0,1,0,0,0,0,1,1,6,2,28,6,1560,2,5,4,2
2014300009881,2,3,0,14,0,2,1,0,0,0,1,1,6,1,49,8,124,1,14,-1,-1
2014300009881,3,90,0,2,0,1,0,0,0,0,0,1,6,3,-1,-1,-1,-1,-1,-1,-1
2014300009883,1,9,0,3,0,1,0,0,0,0,2,1,1,1,66,10,1984,1,1,3,1
2014300009883,2,9,0,4,0,1,0,0,0,0,1,1,6,1,-1,-1,1360,1,7,-1,1
2014300009884,1,9,0,17,0,0,0,0,7,10,1,1,6,2,21,5,1781,1,15,2,1
2014300009890,1,5,0,16,0,0,1,0,0,0,1,1,6,1,65,9,1250,1,5,4,1
2014300009890,2,9,0,17,0,0,0,0,0,0,3,1,6,1,68,10,-1,-1,-1,10,1
2014300009892,1,9,0,4,0,1,0,0,0,0,0,1,6,3,-1,-1,-1,-1,-1,-1,-1
2014300009892,2,11,0,3,0,1,0,0,0,0,0,1,1,1,27,6,9000,2,6,1,1
2014300009893,1,9,0,12,0,8,0,0,3,1,1,1,6,2,19,4,1199,1,12,8,2
2014300009893,2,9,0,18,0,8,0,0,0,0,4,1,6,2,27,6,998,1,8,9,1
2014300009895,1,9,0,18,0,1,1,0,0,0,1,1,6,1,44,7,1598,1,12,8,2
2014300009895,2,9,0,18,0,1,0,0,0,0,2,1,6,1,30,6,1968,2,-1,8,2
2014300009897,1,5,0,17,9,0,1,0,1,10,1,1,6,1,43,7,1402,1,11,6,2
2014300009898,1,9,0,9,0,8,0,0,0,0,1,1,6,1,67,10,1242,1,13,3,1
2014300009899,1,9,0,17,0,0,0,0,1,10,1,1,6,1,34,6,1598,1,14,7,1
2014300009900,1,9,0,18,0,0,0,0,0,0,2,1,6,1,59,9,1968,2,3,10,1
2014300009900,2,9,0,18,0,0,0,0,0,0,1,1,6,1,28,6,1783,1,14,5,1
2014300009904,1,9,0,4,0,0,0,0,0,0,2,1,6,1,61,9,3456,8,1,-1,-1
2014300009904,2,9,0,4,0,0,0,0,0,0,1,1,6,2,28,6,1596,1,12,-1,-1
2014300009906,1,9,0,7,0,6,0,0,1,10,3,1,6,2,76,11,1242,1,14,9,1
2014300009906,2,11,0,18,0,8,0,0,0,0,4,1,1,1,65,9,9600,2,16,-1,-1
2014300009910,1,9,0,18,0,1,0,0,0,0,3,1,3,2,37,7,1968,2,-1,3,1
2014300009910,2,9,0,7,0,3,1,0,8,0,1,1,2,1,17,4,1124,1,12,7,3
2014300009911,1,9,0,3,0,1,0,0,0,0,2,1,6,2,34,6,1686,2,10,3,1
2014300009911,2,9,0,5,0,1,0,0,0,0,1,1,6,2,19,4,998,1,-1,2,1
2014300009912,1,9,0,16,0,0,2,0,8,2,1,1,6,1,63,9,2494,2,9,7,2
2014300009920,1,1,0,18,0,0,0,0,0,0,3,1,6,1,52,8,-1,-1,-1,6,1
2014300009920,2,9,0,18,0,0,0,0,0,0,4,1,6,3,-1,-1,-1,-1,-1,-1,-1
2014300009921,1,9,0,9,0,6,0,0,3,10,1,1,1,2,46,8,1896,2,5,6,1
2014300009921,2,8,0,18,0,8,0,0,7,0,1,1,1,1,64,9,1997,2,11,7,1
2014300009924,1,19,0,18,0,0,1,0,0,0,1,1,6,3,-1,-1,-1,-1,-1,-1,-1
2014300009924,2,9,0,18,0,0,0,0,0,0,2,1,6,2,35,6,1995,1,12,-1,-1
2014300009928,1,9,0,2,0,1,0,0,0,0,2,1,6,2,55,8,1598,1,11,-1,-1
2014300009931,1,9,0,9,0,6,0,0,0,0,1,1,6,1,62,9,1598,1,-1,3,1
2014300009931,2,1,0,9,0,6,0,0,0,0,1,1,6,1,-1,-1,-1,-1,-1,4,1
2014300009937,1,9,0,5,0,6,0,0,0,0,2,1,6,1,-1,-1,1668,1,12,-1,-1
2014300009937,2,9,0,18,0,8,0,0,0,0,3,1,6,2,44,7,1197,1,-1,6,1
2014300009938,1,1,0,17,9,2,2,0,0,0,1,1,6,1,50,8,-1,-1,-1,7,1
2014300009940,1,9,0,5,0,2,0,0,0,0,1,1,6,3,-1,-1,-1,-1,-1,-1,-1
2014300009940,2,1,0,5,0,2,0,0,0,0,3,1,6,1,26,6,-1,-1,-1,1,1
2014300009941,1,9,0,9,0,5,0,0,0,0,4,1,6,1,28,6,2298,1,17,-1,-1
2014300009941,2,3,0,18,0,8,0,0,0,0,1,1,6,1,21,5,125,1,11,10,1
2014300009948,1,9,0,4,0,1,0,0,0,0,2,1,6,1,32,6,1796,1,15,-1,-1
2014300009948,2,9,0,10,0,1,0,0,0,0,2,1,6,1,42,7,973,1,13,1,1
2014300009949,1,9,0,9,0,0,0,0,0,0,3,1,6,1,46,8,1598,2,3,3,1
2014300009949,2,1,0,18,0,0,0,0,0,0,4,1,1,1,47,8,-1,-1,-1,-1,-1
2014300009950,1,9,0,18,0,8,0,0,0,0,1,1,6,2,32,6,1560,2,6,9,2
2014300009950,2,9,0,5,0,8,0,0,0,0,1,1,2,1,22,5,998,1,9,-1,1
2014300009951,1,9,0,8,0,1,0,0,0,0,2,1,6,2,56,9,1299,1,15,-1,1
2014300009951,2,9,0,5,0,1,0,0,0,0,1,1,6,1,19,4,1368,1,5,9,2
2014300009956,1,9,0,18,0,0,0,0,0,0,1,1,6,2,43,7,1395,1,-1,3,1
2014300009956,2,9,0,18,0,0,0,0,0,0,1,1,6,2,33,6,1997,2,11,7,3
2014300009957,1,19,0,9,0,2,0,0,0,0,1,1,1,2,58,9,2198,2,2,7,1
2014300009958,1,9,0,18,0,1,0,0,0,0,1,1,2,1,20,4,1124,1,6,6,1
2014300009959,1,21,1,9,0,8,0,0,0,0,1,1,1,1,57,9,12419,2,3,2,1
2014300009959,2,9,0,18,0,8,0,0,1,1,3,1,2,1,27,6,1199,1,13,1,1
2014300009960,1,9,0,9,0,7,0,0,0,0,3,1,2,1,38,7,1995,2,-1,9,1
2014300009960,2,1,0,18,4,8,0,0,0,0,1,1,6,2,39,7,-1,-1,-1,-1,-1
2014300009962,1,9,0,9,0,8,0,0,0,0,1,1,6,1,22,5,1275,1,16,-1,-1
2014300009962,2,9,0,18,0,8,0,0,0,0,3,1,2,2,31,6,1598,1,9,5,1
2014300009969,1,3,0,14,0,0,1,0,0,0,1,1,6,1,53,8,124,1,10,5,1
2014300009969,2,9,0,5,0,0,0,0,0,0,2,1,6,3,-1,-1,-1,-1,-1,-1,-1
2014300009970,1,9,0,16,0,0,0,0,0,0,0,1,6,3,-1,-1,-1,-1,-1,-1,-1
2014300009970,2,20,0,17,0,0,0,0,0,0,1,1,1,1,37,7,-1,-1,-1,5,1
2014300009974,1,9,0,9,0,1,0,0,0,0,1,1,6,1,22,5,1781,1,13,2,3
2014300009974,2,9,0,18,0,1,0,0,0,0,1,1,6,1,83,11,1896,2,8,8,2
2014300009975,1,9,0,13,0,0,0,0,0,0,1,1,6,2,31,6,1364,1,8,9,1
2014300009975,2,9,0,17,0,0,0,0,0,0,1,1,6,1,51,8,1598,2,2,-1,-1
2014300009975,3,90,0,16,0,0,0,0,0,0,0,1,6,3,-1,-1,-1,-1,-1,-1,-1
2014300009981,1,9,0,7,0,3,1,7,7,10,1,1,6,2,32,6,1242,1,11,9,1
2014300009981,2,9,0,18,0,2,0,0,0,0,2,1,6,2,22,5,1796,1,8,4,1
2014300009989,1,9,0,18,0,0,0,0,0,0,1,1,6,1,50,8,1796,1,4,4,1
2014300009992,1,9,0,9,0,2,0,0,0,0,0,1,6,2,29,6,1360,1,10,1,1
2014300009992,2,1,0,13,0,2,0,0,0,0,0,1,6,2,29,6,-1,-1,-1,-1,-1
2014300009993,1,9,0,2,9,0,0,0,0,0,3,1,6,1,55,8,2799,1,10,3,1
2014300009993,2,1,0,14,0,0,0,0,0,0,4,1,1,1,36,7,-1,-1,-1,3,1
2014300009994,1,9,0,9,0,6,0,0,0,0,3,1,1,2,47,8,1686,2,2,7,1
2014300009994,2,9,0,18,0,1,0,0,0,0,1,1,6,1,27,6,2286,2,-1,3,1
2014300009996,1,9,0,1,0,6,0,0,0,0,2,1,6,2,62,9,1296,1,7,7,1
2014300009996,2,1,0,18,0,1,0,0,0,0,4,1,1,2,43,7,-1,-1,-1,-1,-1
2014300009998,1,9,0,5,0,1,0,0,0,0,1,1,6,1,25,5,1598,1,8,4,1
2014300009998,2,9,0,3,0,1,0,0,0,0,2,1,6,1,36,7,1910,2,8,6,2
2014300010000,1,9,0,18,0,1,0,0,0,0,1,1,1,2,57,9,1598,1,14,-1,-1
2014300010000,2,9,0,10,0,1,0,0,0,0,1,1,6,1,34,6,1598,1,7,2,1
2014300010003,1,5,0,13,0,8,0,0,0,0,1,1,6,1,67,10,599,1,7,-1,-1
2014300010003,2,9,0,9,0,5,0,0,0,0,3,1,6,1,77,11,1329,1,-1,-1,-1
2014300010011,1,9,0,18,0,8,0,0,0,0,1,1,1,2,59,9,1910,2,10,10,2
2014300010011,2,9,0,9,0,6,0,0,0,0,3,1,1,1,66,10,1398,2,-1,2,1
2014300010013,1,9,0,4,0,0,0,0,0,0,4,1,6,2,36,7,1798,1,3,-1,1
2014300010017,1,90,0,5,0,6,0,0,0,0,1,1,6,3,-1,-1,-1,-1,-1,-1,-1
2014300010017,2,9,0,9,0,6,0,0,0,0,4,1,6,2,24,5,1360,1,10,5,1
2014300010018,1,9,0,6,0,2,0,0,0,0,2,1,6,1,65,9,1240,1,7,8,2
2014300010018,2,9,0,18,0,1,0,0,0,0,1,1,6,1,22,5,1390,1,5,6,3
2014300010021,1,9,0,18,0,0,5,0,1,1,1,1,6,1,23,5,1600,1,16,2,1
2014300010024,1,11,0,7,0,1,0,0,0,0,4,1,6,1,59,9,9400,2,9,6,3
2014300010027,1,9,0,18,0,0,0,0,0,0,1,1,2,1,46,8,1598,1,8,6,2
2014300010027,2,1,0,6,0,0,0,0,0,0,3,1,6,2,35,6,-1,-1,-1,9,1
2014300010031,1,9,0,2,0,0,0,0,0,0,3,1,6,1,24,5,1398,1,3,5,2
2014300010031,2,1,0,14,0,0,0,0,0,0,1,1,6,2,38,7,-1,-1,-1,9,2
2014300010032,1,9,0,18,0,0,0,0,0,0,1,1,6,1,62,9,1242,1,11,-1,-1
2014300010033,1,9,0,18,0,8,0,0,0,0,1,1,6,2,53,8,1360,1,13,6,1
2014300010034,1,1,0,18,9,0,0,0,0,0,1,1,6,1,25,5,-1,-1,-1,4,1
2014300010036,1,9,0,17,0,0,0,0,1,7,1,1,6,1,53,8,1284,2,8,6,1
2014300010038,1,11,0,1,0,0,0,0,0,0,2,1,1,1,54,8,9600,2,14,-1,-1
2014300010042,1,1,0,4,0,1,1,0,7,0,1,1,6,1,55,8,-1,-1,-1,9,1
2014300010042,2,9,0,18,0,2,0,0,0,0,1,1,6,1,27,6,1242,1,8,3,1
2014300010045,1,9,0,5,0,1,0,0,0,0,1,1,6,1,69,10,3059,2,16,3,1
2014300010047,1,9,0,18,0,0,0,0,0,0,1,1,6,1,55,8,1560,2,2,4,1
2014300010047,2,19,0,18,0,0,0,0,0,0,1,1,6,1,60,9,2198,2,2,6,1
2014300010049,1,9,0,18,0,1,2,0,1,1,1,1,6,2,20,4,1396,1,10,3,3
2014300010049,2,9,0,9,0,6,0,0,0,0,0,1,6,2,58,9,1998,2,5,9,1
2014300010050,1,9,0,18,0,0,1,0,1,7,1,1,6,1,20,4,1124,1,10,2,1
2014300010051,1,10,0,17,0,0,0,0,0,0,1,1,2,1,46,8,2198,2,3,-1,-1
2014300010051,2,3,0,16,0,0,1,0,0,0,1,1,6,1,18,4,124,1,1,3,1
2014300010059,1,19,0,1,9,8,0,0,0,0,2,1,1,1,55,8,1753,2,7,6,3
2014300010059,2,90,0,18,9,2,0,0,0,0,2,1,6,1,67,10,-1,-1,-1,-1,-1
2014300010063,1,1,0,18,0,8,0,0,0,0,1,1,6,1,31,6,-1,-1,-1,9,1
2014300010063,2,9,0,9,0,6,0,0,0,0,1,1,6,2,36,7,1597,2,-1,7,1
2014300010064,1,9,0,16,0,0,0,0,0,0,1,1,6,1,21,5,1389,1,13,1,1
2014300010065,1,9,0,17,0,0,1,0,0,0,1,1,2,1,20,4,1149,1,13,-1,-1
2014300010065,2,1,0,16,0,0,0,0,1,0,1,1,2,1,37,7,-1,-1,-1,-1,-1
2014300010066,1,5,0,13,0,0,0,0,0,0,1,1,6,1,55,8,696,1,1,8,2
2014300010066,2,9,0,18,0,0,0,0,0,0,1,1,6,2,35,6,2231,2,7,3,3
2014300010068,1,8,0,18,0,0,0,0,0,0,1,1,1,3,-1,-1,-1,-1,-1,-1,-1
2014300010068,2,9,0,2,6,0,0,0,0,0,1,1,6,3,65,9,1799,1,17,5,1
2014300010071,1,9,0,18,0,4,0,0,0,0,3,1,1,1,62,9,1896,2,9,5,1
2014300010071,2,10,0,9,0,8,0,0,0,0,4,1,1,1,54,8,2798,2,9,-1,1
2014300010072,1,9,0,7,0,8,0,0,0,0,3,1,6,1,64,9,1591,1,1,9,1
2014300010072,2,1,0,18,0,8,0,0,0,0,1,1,6,1,49,8,-1,-1,-1,8,1
2014300010075,1,19,0,5,0,1,0,0,0,0,1,1,6,1,25,5,2464,2,6,10,1
2014300010075,2,9,0,3,0,1,0,0,0,0,2,1,6,2,36,7,1397,1,4,5,1
2014300010079,1,9,0,18,0,1,0,0,0,0,1,1,6,1,70,10,1199,1,13,-1,-1
2014300010079,2,1,0,18,0,1,0,0,0,0,2,1,6,2,14,3,-1,-1,-1,-1,-1
2014300010085,1,9,0,18,0,3,0,0,0,0,1,1,6,1,86,11,1905,2,16,9,1
2014300010093,1,9,0,18,0,1,0,0,0,0,1,1,6,1,-1,-1,1994,2,16,2,1
2014300010093,2,9,0,4,0,1,0,0,0,0,2,1,2,2,26,6,1560,2,1,3,1
2014300010101,1,20,0,17,0,0,1,0,8,10,1,1,2,1,28,6,-1,-1,-1,1,1
2014300010104,1,19,0,18,0,0,0,0,0,0,1,1,6,1,27,6,1248,2,1,3,1
2014300010104,2,9,0,4,0,0,0,0,0,0,2,1,2,2,28,6,1390,1,16,3,1
2014300010105,1,9,0,18,0,8,0,0,0,0,1,1,2,1,23,5,1984,1,11,5,1
2014300010105,2,1,0,18,0,8,0,0,0,0,3,1,6,1,18,4,-1,-1,-1,-1,-1
2014300010106,1,9,0,18,0,1,0,0,0,0,1,1,6,2,84,11,1598,1,9,5,1
2014300010106,2,90,0,2,0,1,0,0,0,0,0,1,1,3,-1,-1,-1,-1,-1,-1,-1
2014300010107,1,9,0,9,0,4,0,0,0,0,1,1,1,1,27,6,-1,3,1,5,2
2014300010108,1,9,0,18,0,1,0,0,0,0,3,1,2,1,29,6,1956,2,2,2,1
2014300010108,2,9,0,9,0,1,0,0,0,0,3,1,6,2,30,6,1242,1,7,7,2
2014300010118,1,9,0,5,0,4,0,0,0,0,1,1,6,1,-1,-1,2148,2,11,3,3
2014300010118,2,9,0,9,0,8,0,0,0,0,2,1,6,1,21,5,1242,1,11,5,1
2014300010123,1,9,0,3,0,1,0,0,0,0,2,1,6,1,41,7,1461,2,2,5,1
2014300010123,2,9,0,4,0,1,0,0,0,0,2,1,6,1,66,10,2143,2,2,-1,-1
2014300010123,3,21,1,4,0,1,1,0,0,0,1,1,6,1,42,7,12900,2,7,-1,-1
2014300010127,1,9,0,18,0,8,0,0,0,0,1,2,2,1,24,5,-1,-1,-1,3,1
2014300010127,2,9,0,9,0,8,0,0,0,0,2,1,2,1,48,8,-1,-1,-1,8,3
2014300010128,1,9,0,9,0,8,0,0,7,0,1,1,6,1,26,6,1328,1,8,-1,-1
2014300010128,2,9,0,18,0,1,0,0,0,0,1,1,6,1,-1,-1,1870,2,11,-1,-1
2014300010129,1,9,0,18,0,0,0,0,0,0,1,1,2,1,59,9,2143,2,3,9,1
2014300010129,2,9,0,4,0,0,0,0,0,0,2,1,2,1,27,6,1596,1,6,6,3
2014300010129,3,9,0,3,0,0,0,0,0,0,2,1,2,2,26,6,1390,1,7,6,1
2014300010138,1,90,4,15,0,0,0,0,0,0,0,1,6,3,-1,-1,-1,-1,-1,-1,-1
2014300010138,2,16,0,18,0,0,0,0,0,0,0,1,6,2,12,3,-1,-1,-1,6,1
2014300010148,1,9,0,4,0,8,0,0,0,0,1,1,6,1,78,11,2401,2,9,10,1
2014300010148,2,9,0,4,0,8,0,0,0,0,2,1,6,2,25,5,1299,1,13,9,2
2014300010153,1,9,0,18,0,0,0,4,2,0,1,1,6,1,18,4,1396,1,14,7,3
2014300010153,2,9,0,2,0,0,0,0,0,0,2,1,6,1,43,7,1299,1,6,7,3
2014300010155,1,9,0,18,0,1,0,10,7,0,1,1,6,1,48,8,1896,2,7,10,1
2014300010156,1,11,0,4,0,1,0,0,0,0,0,1,1,1,33,6,9000,2,4,-1,-1
2014300010159,1,9,0,18,0,2,1,0,2,10,1,1,2,1,17,4,1229,1,2,7,3
2014300010159,2,9,0,18,0,6,0,0,0,0,0,1,6,3,-1,-1,-1,-1,-1,-1,-1
2014300010161,1,9,0,9,0,2,0,0,0,0,0,1,6,3,-1,-1,-1,-1,-1,-1,-1
2014300010162,1,9,0,17,0,1,1,2,1,7,1,1,6,1,26,6,1598,1,11,3,1
2014300010164,1,9,0,18,0,1,0,0,3,1,1,1,6,2,20,4,1242,1,11,-1,-1
2014300010167,1,9,0,17,0,0,2,0,7,10,3,1,6,1,21,5,1396,1,12,3,1
2014300010168,1,21,0,17,0,0,1,0,7,10,1,1,1,1,44,7,11946,2,6,6,3
2014300010179,1,9,0,16,0,0,1,0,1,10,1,1,6,1,25,5,2800,1,16,-1,-1
2014300010180,1,5,0,4,0,0,1,0,0,0,3,1,6,1,47,8,900,1,17,7,1
2014300010180,2,9,0,2,0,0,0,0,0,0,2,1,6,3,-1,-1,-1,-1,-1,-1,-1
2014300010181,1,9,0,16,0,0,5,0,0,0,1,1,6,1,17,4,1149,1,12,5,1
2014300010184,1,9,0,18,0,0,0,0,1,4,1,1,6,1,39,7,-1,-1,-1,4,1
2014300010185,1,3,0,18,0,2,1,11,0,0,0,1,6,1,18,4,124,1,-1,3,1
2014300010193,1,9,0,9,0,6,0,0,0,0,1,1,6,2,60,9,1398,1,1,5,1
2014300010193,2,9,0,18,0,8,0,0,0,0,3,1,2,1,31,6,1956,2,-1,9,1
2014300010194,1,90,0,2,0,0,0,0,0,0,2,1,6,1,67,10,2800,2,9,6,3
2014300010194,2,9,0,18,0,0,1,0,1,0,1,1,6,2,80,11,1199,1,11,7,2
2014300010194,3,9,0,18,0,0,0,0,0,0,0,1,6,1,63,9,998,1,5,-1,-1
2014300010198,1,9,0,5,0,8,0,0,0,0,3,2,2,1,21,5,-1,-1,-1,-1,-1
2014300010198,2,1,0,18,0,1,0,0,0,0,1,1,2,1,52,8,-1,-1,-1,-1,-1
2014300010205,1,9,0,9,0,5,0,0,7,0,1,1,6,1,-1,-1,1998,1,8,-1,-1
2014300010205,2,9,0,7,0,6,0,0,0,0,4,1,2,1,48,8,1896,2,12,1,1
2014300010209,1,9,0,5,0,0,0,0,0,0,3,1,6,1,-1,-1,1997,2,13,-1,-1
2014300010209,2,9,0,18,0,0,0,0,0,0,1,1,6,1,48,8,1951,2,9,2,1
2014300010210,1,9,0,10,0,8,0,0,0,0,2,1,6,2,31,6,1388,1,10,1,1
2014300010210,2,9,0,4,0,1,0,0,0,0,1,1,6,3,-1,-1,-1,-1,-1,-1,-1