Accident_Index,Vehicle_Reference,Vehicle_Type,Towing_and_Articulation,Vehicle_Manoeuvre,Vehicle_Location-Restricted_Lane,Junction_Location,Skidding_and_Overturning,Hit_Object_in_Carriageway,Vehicle_Leaving_Carriageway,Hit_Object_off_Carriageway,1st_Point_of_Impact,Was_Vehicle_Left_Hand_Drive?,Journey_Purpose_of_Driver,Sex_of_Driver,Age_of_Driver,Age_Band_of_Driver,Engine_Capacity_(CC),Propulsion_Code,Age_of_Vehicle,Driver_IMD_Decile,Driver_Home_Area_Type
2014300010215,1,9,0,18,0,1,0,0,0,0,3,1,6,1,73,10,1360,1,11,5,1
2014300010215,2,11,0,2,0,2,0,0,0,0,0,1,1,3,-1,-1,-1,-1,-1,-1,-1
2014300010216,1,9,0,16,0,0,1,0,1,10,4,1,6,1,29,6,1364,1,9,3,1
2014300010217,1,21,1,11,0,0,0,0,0,0,1,1,1,1,43,7,12419,2,1,9,1
2014300010217,2,9,0,18,0,0,0,0,5,7,3,1,6,1,60,9,1686,2,11,3,1
2014300010218,1,9,0,18,0,0,0,0,0,0,0,1,6,3,-1,-1,-1,-1,-1,-1,-1
2014300010219,1,9,0,18,0,0,0,0,0,0,1,1,6,1,36,7,2497,2,9,6,1
2014300010219,2,9,0,18,0,0,0,0,0,0,1,1,6,2,18,4,1399,2,12,6,1
2014300010220,1,9,0,17,0,0,5,0,2,10,1,1,6,1,46,8,1998,2,11,6,3
2014300010221,1,9,0,18,0,8,1,10,7,10,1,1,6,1,21,5,2000,2,9,8,1
2014300010221,2,9,0,1,0,6,0,0,0,0,2,1,6,1,40,7,1968,2,2,5,1
2014300010228,1,9,0,1,0,1,0,0,0,0,2,1,6,1,-1,-1,1969,2,-1,-1,-1
2014300010228,2,9,0,5,0,1,0,0,0,0,1,1,6,1,33,6,999,1,2,2,2
2014300010230,1,8,0,4,0,1,0,0,0,0,1,1,1,1,-1,-1,1753,2,5,-1,-1
2014300010230,2,9,0,3,0,1,0,0,0,0,2,1,2,1,41,7,1995,2,9,2,1
2014300010232,1,9,0,5,0,4,0,0,0,0,1,1,6,1,77,11,1796,1,10,7,3
2014300010232,2,1,0,18,0,8,0,0,0,0,3,1,6,1,58,9,-1,-1,-1,6,1
2014300010235,1,9,0,18,0,0,0,4,0,0,1,1,6,1,74,10,1560,2,1,1,1
2014300010235,2,9,0,2,0,0,0,0,1,4,2,1,6,1,66,10,1998,1,16,8,3
2014300010239,1,9,0,18,0,0,0,0,0,0,3,1,6,2,26,6,-1,-1,-1,1,1
2014300010241,1,9,0,13,0,0,0,0,0,0,1,1,6,1,27,6,-1,-1,-1,2,1
2014300010241,2,9,0,18,0,0,0,0,0,0,1,1,6,2,66,10,1461,2,7,-1,-1
2014300010241,3,9,0,18,0,0,0,0,0,0,3,1,6,1,34,6,-1,-1,-1,2,1
2014300010244,1,1,0,18,0,0,0,0,0,0,3,1,6,1,39,7,-1,-1,-1,9,2
2014300010244,2,9,0,18,0,0,0,0,0,0,3,1,6,1,-1,-1,-1,-1,-1,-1,-1
2014300010245,1,9,0,17,0,1,5,0,2,0,4,1,6,1,17,4,-1,-1,-1,6,3
2014300010248,1,9,0,9,0,5,0,0,0,0,4,1,6,2,25,5,1397,1,7,10,1
2014300010248,2,1,0,18,0,1,0,0,0,0,1,1,1,1,58,9,-1,-1,-1,5,1
2014300010251,1,9,0,18,0,0,0,0,0,0,4,1,6,2,36,7,1598,1,8,3,1
2014300010254,1,3,0,10,0,1,0,0,0,0,3,1,6,1,21,5,125,1,6,9,1
2014300010254,2,20,0,9,0,2,0,0,7,0,3,1,1,1,50,8,4580,2,4,-1,-1
2014300010260,1,9,0,9,0,8,0,0,0,0,2,1,6,2,40,7,1360,1,6,3,3
2014300010260,2,9,0,18,0,1,0,0,8,0,1,1,6,2,21,5,1598,1,5,5,2
2014300010262,1,9,0,9,0,4,0,0,0,0,3,1,6,1,45,7,1242,1,7,3,1
2014300010262,2,3,0,18,0,4,0,0,0,0,1,1,2,1,23,5,124,1,9,3,1
2014300010263,1,90,0,4,0,0,0,0,0,0,1,1,6,3,-1,-1,-1,-1,-1,-1,-1
2014300010263,2,9,0,4,0,0,0,0,0,0,2,1,6,2,29,6,1368,1,4,4,1
2014300010263,3,9,0,4,0,0,0,0,0,0,2,1,2,2,-1,-1,1598,1,2,9,1
2014300010263,4,9,0,4,0,0,0,0,0,0,2,1,6,2,26,6,1200,1,12,6,3
2014300010264,1,9,0,2,0,0,0,0,0,0,0,1,6,1,24,5,1870,2,9,4,1
2014300010264,2,9,0,18,0,0,0,0,0,0,3,1,6,2,67,10,1582,2,3,7,3
2014300010265,1,9,0,9,0,6,0,0,0,0,2,1,6,2,73,10,1198,1,2,9,3
2014300010265,2,9,0,18,0,8,1,0,0,0,1,1,6,1,28,6,1968,2,4,7,1
2014300010266,1,9,0,16,0,0,0,0,1,2,1,1,6,1,53,8,1990,1,13,1,1
2014300010267,1,9,0,18,0,3,0,0,1,1,1,1,6,1,42,7,3696,1,1,7,1
2014300010271,1,9,0,18,0,0,0,0,0,0,1,1,6,1,32,6,973,1,13,8,1
2014300010273,1,9,0,17,0,0,1,10,1,2,1,1,6,2,33,6,1587,1,11,-1,-1
2014300010274,1,9,0,5,0,1,0,0,0,0,1,1,6,2,51,8,1390,1,2,2,1
2014300010274,2,19,0,3,0,1,0,0,0,0,1,1,6,1,46,8,2143,2,4,-1,-1
2014300010276,1,9,0,6,0,0,0,0,0,0,3,1,6,1,27,6,1910,2,6,-1,-1
2014300010276,2,8,0,13,0,0,0,0,0,0,1,1,1,1,39,7,1997,2,9,-1,-1
2014300010278,1,9,0,18,0,0,0,0,0,0,1,1,6,2,-1,-1,-1,-1,-1,-1,-1
2014300010283,1,9,0,18,0,4,0,0,0,0,1,1,6,1,-1,-1,1910,2,9,1,1
2014300010283,2,1,0,17,0,8,1,0,0,0,4,1,2,1,35,6,-1,-1,-1,10,1
2014300010287,1,3,0,9,0,1,1,0,0,0,1,1,2,1,23,5,124,1,1,3,2
2014300010287,2,19,0,9,0,2,0,0,0,0,1,1,1,1,49,8,1298,1,13,5,1
2014300010290,1,9,0,17,0,1,0,0,0,0,1,1,6,2,-1,-1,-1,-1,-1,-1,-1
2014300010292,1,9,0,17,0,1,0,0,0,0,1,1,6,2,-1,-1,1560,2,8,8,1
2014300010292,2,9,0,9,0,8,0,0,0,0,1,1,6,2,-1,-1,1339,1,9,8,1
2014300010294,1,9,0,5,0,6,0,0,0,0,3,1,6,1,22,5,1390,1,-1,3,1
2014300010294,2,9,0,18,0,1,0,0,0,0,1,1,6,1,48,8,1590,1,3,3,1
2014300010295,1,9,0,7,0,2,0,0,0,0,3,1,1,1,44,7,1246,1,7,2,1
2014300010302,1,21,1,12,0,0,0,0,0,0,3,1,1,1,41,7,-1,-1,-1,-1,-1
2014300010302,2,9,0,4,0,0,0,0,0,0,4,1,6,1,46,8,1956,2,1,-1,3
2014300010304,1,9,0,9,0,8,0,0,0,0,4,1,6,2,41,7,1199,1,11,1,1
2014300010304,2,9,0,18,0,8,0,0,7,1,1,1,6,1,30,6,1896,2,13,1,1
2014300010305,1,9,0,18,0,0,0,0,0,0,2,1,1,1,48,8,2993,2,1,4,1
2014300010305,2,9,0,18,0,0,0,0,0,0,1,1,6,1,55,8,-1,-1,-1,8,1
2014300010306,1,9,0,18,0,0,1,0,1,4,1,1,6,1,19,4,1905,2,16,5,2
2014300010311,1,2,0,16,0,0,2,0,0,0,1,1,6,1,20,4,49,1,15,3,1
2014300010312,1,9,0,18,0,0,1,0,1,9,3,1,6,1,40,7,1798,1,8,2,1
2014300010314,1,9,0,17,0,0,1,0,1,10,1,1,6,2,17,4,1299,1,10,5,1
2014300010317,1,9,0,18,0,0,0,0,0,0,2,1,6,2,26,6,1229,1,2,4,1
2014300010317,2,9,0,18,0,0,0,0,0,0,1,1,6,2,31,6,1598,2,1,5,1
2014300010322,1,9,0,9,0,6,0,0,0,0,3,1,6,2,21,5,1229,1,1,6,3
2014300010322,2,9,0,18,0,1,0,0,0,0,1,1,6,2,63,9,899,1,19,2,1
2014300010325,1,9,0,16,0,0,1,0,7,10,1,1,6,1,22,5,1598,1,12,3,1
2014300010328,1,11,0,16,0,0,0,0,0,0,0,1,1,1,56,9,7300,2,5,3,1
2014300010330,1,9,0,18,0,0,0,0,0,0,1,1,6,1,47,8,1956,2,1,1,1
2014300010330,2,9,0,18,0,0,0,0,0,0,2,1,6,1,25,5,999,1,2,2,1
2014300010332,1,9,0,11,0,8,5,0,3,3,1,1,2,1,19,4,1360,1,9,6,1
2014300010342,1,19,0,18,0,0,0,0,0,0,2,1,1,1,31,6,2198,2,5,-1,-1
2014300010342,2,9,0,18,0,0,0,0,0,0,1,1,6,1,51,8,1390,1,2,-1,-1
2014300010342,3,9,0,18,0,0,0,0,0,0,1,1,6,1,32,6,-1,-1,-1,-1,-1
2014300010342,4,21,1,18,0,0,0,0,0,0,1,1,1,1,32,6,12740,2,4,-1,-1
2014300010344,1,9,0,7,0,2,0,0,0,0,1,1,6,2,-1,-1,1794,1,11,6,1
2014300010344,2,19,0,2,0,2,0,0,0,0,3,1,6,1,47,8,2198,2,2,4,1
2014300010350,1,9,0,18,0,0,0,0,0,0,1,1,6,1,19,4,1199,1,13,8,3
2014300010350,2,9,0,10,0,0,0,0,0,0,2,1,6,1,19,4,-1,-1,-1,9,1
2014300010354,1,4,0,18,0,0,0,0,7,2,1,1,6,1,26,6,450,2,11,7,2
2014300010356,1,9,0,7,0,8,0,0,0,0,4,1,6,1,63,9,1968,2,3,7,1
2014300010356,2,1,0,18,0,1,0,0,0,0,3,1,6,1,37,7,-1,-1,-1,5,1
2014300010360,1,9,0,3,0,0,0,0,0,0,4,1,6,1,27,6,1796,1,8,9,1
2014300010360,2,9,0,3,0,0,0,0,0,0,4,1,6,1,-1,-1,1598,2,-1,9,1
2014300010360,3,5,0,18,0,0,1,0,0,0,3,1,2,1,36,7,600,1,16,-1,-1
2014300010363,1,9,0,9,0,8,0,0,0,0,1,1,2,1,23,5,1149,1,14,5,1
2014300010363,2,9,0,18,0,8,0,0,0,0,1,1,2,1,42,7,-1,-1,-1,4,1
2014300010371,1,9,0,16,0,0,0,0,0,0,1,1,6,1,36,7,2188,2,12,9,1
2014300010371,2,9,0,17,0,0,0,0,0,0,1,1,6,1,33,6,1995,2,-1,-1,-1
2014300010372,1,9,0,10,0,8,0,0,0,0,2,1,2,1,53,8,1896,2,12,7,1
2014300010372,2,19,0,10,0,1,0,0,0,0,1,1,1,1,50,8,2402,2,4,1,1
2014300010374,1,3,0,17,0,0,2,0,0,0,1,1,6,1,17,4,108,1,1,6,3
2014300010374,2,9,0,16,0,0,1,0,0,0,1,1,2,1,39,7,1796,1,7,10,3
2014300010384,1,9,0,9,0,8,0,0,0,0,1,1,6,2,28,6,2204,2,5,10,2
2014300010384,2,9,0,18,0,8,0,0,0,0,1,1,6,2,70,10,1422,2,7,4,1
2014300010388,1,9,0,4,0,1,0,0,0,0,4,1,6,2,-1,-1,-1,-1,-1,-1,-1
2014300010389,1,9,0,18,0,0,0,0,0,0,1,1,6,2,68,10,-1,-1,-1,6,3
2014300010392,1,9,0,13,0,0,5,0,7,4,1,1,6,1,24,5,1242,1,10,-1,-1
2014300010392,2,9,0,13,0,0,0,0,0,0,4,1,6,1,46,8,2697,2,7,-1,-1
2014300010394,1,19,0,18,0,0,0,0,0,0,1,1,1,1,51,8,2987,2,3,-1,-1
2014300010394,2,1,0,18,5,0,0,0,0,0,3,1,6,2,20,4,-1,-1,-1,-1,-1
2014300010395,1,9,0,9,0,5,0,0,0,0,1,1,6,2,46,8,1339,1,6,6,1
2014300010399,1,9,0,4,0,1,0,0,0,0,1,1,2,1,23,5,1598,1,7,9,1
2014300010399,2,9,0,4,0,1,0,0,0,0,2,1,6,1,57,9,1197,1,2,7,1
2014300010402,1,9,0,9,0,8,0,0,0,0,0,1,6,3,-1,-1,-1,-1,-1,-1,-1
2014300010402,2,1,0,18,0,1,0,0,0,0,0,1,6,1,46,8,-1,-1,-1,-1,-1
2014300010403,1,9,0,16,0,0,0,0,0,0,1,1,2,1,27,6,1389,1,16,1,1
2014300010403,2,9,0,17,0,0,0,0,0,0,1,1,2,1,47,8,2179,2,5,-1,-1
2014300010406,1,9,0,18,0,1,1,0,0,0,1,1,6,1,64,9,1560,2,8,8,3
2014300010410,1,9,0,5,0,1,0,0,0,0,0,1,6,2,65,9,1598,1,1,-1,-1
2014300010411,1,19,0,1,0,8,0,0,0,0,2,1,1,1,57,9,2143,2,1,4,1
2014300010412,1,9,0,18,0,1,0,0,0,0,1,1,6,1,25,5,-1,-1,-1,3,1
2014300010413,1,9,0,9,0,1,0,0,0,0,1,1,6,2,49,8,1598,1,2,9,1
2014300010414,1,9,0,18,0,0,0,0,1,10,4,1,6,2,19,4,1242,1,9,7,3
2014300010416,1,9,0,16,0,2,0,0,0,0,1,1,6,3,-1,-1,-1,-1,-1,-1,-1
2014300010418,1,19,0,18,0,0,0,0,0,0,4,1,1,1,-1,-1,2198,2,2,9,1
2014300010419,1,21,0,4,0,8,0,0,0,0,0,1,1,1,53,8,9186,2,1,3,2
2014300010419,2,9,0,13,0,8,0,0,0,0,1,1,6,1,33,6,1490,1,7,1,1
2014300010419,3,9,0,18,0,8,0,0,0,0,1,1,6,1,64,9,1596,1,3,8,2
2014300010421,1,19,0,18,0,0,0,0,0,0,1,1,1,1,45,7,2446,2,16,9,1
2014300010421,2,9,0,4,0,0,0,0,0,0,2,1,2,1,52,8,1797,8,-1,7,1
2014300010421,3,9,0,4,0,0,0,0,0,0,2,1,2,2,27,6,1229,1,4,9,3
2014300010421,4,9,0,18,0,0,0,0,0,0,1,1,6,1,21,5,1390,1,11,8,2
2014300010423,1,9,0,9,0,5,0,0,0,0,1,1,6,2,70,10,1596,1,2,8,1
2014300010429,1,90,0,4,0,1,0,0,0,0,1,1,6,1,-1,-1,-1,-1,-1,-1,-1
2014300010429,2,9,0,10,0,1,0,0,0,0,2,1,1,1,29,6,1598,1,11,10,2
2014300010431,1,9,0,7,0,6,0,0,1,2,1,1,6,1,84,11,1229,1,4,8,3
2014300010435,1,9,0,18,0,0,1,10,1,4,4,1,6,1,41,7,1596,1,12,2,1
2014300010439,1,9,0,17,0,0,5,0,1,0,4,1,6,1,19,4,1398,1,13,1,1
2014300010442,1,19,0,9,0,5,0,0,0,0,1,1,2,1,61,9,1995,2,4,9,1
2014300010442,2,1,0,18,0,1,0,0,0,0,1,1,2,1,37,7,-1,-1,-1,-1,-1
2014300010443,1,9,0,14,0,1,0,0,0,0,1,1,2,1,54,8,1896,2,11,4,2
2014300010443,2,19,0,2,0,1,0,0,0,0,2,1,6,1,42,7,2402,2,13,8,2
2014300010444,1,10,0,9,9,5,0,0,0,0,3,1,6,1,64,9,2463,2,9,3,1
2014300010449,1,9,0,16,0,2,5,4,0,0,1,1,6,2,63,9,1198,1,2,10,2
2014300010449,2,9,0,2,0,1,0,0,0,0,1,1,6,2,-1,-1,973,1,12,1,1
2014300010449,3,9,0,2,0,1,0,0,0,0,1,1,6,3,-1,-1,1968,2,3,-1,-1
2014300010451,1,9,0,18,0,0,1,0,1,4,4,1,6,1,41,7,1686,2,-1,1,1
2014300010451,2,9,0,18,0,0,1,0,0,0,2,1,6,1,38,7,1998,1,10,3,1
2014300010452,1,9,0,3,0,2,0,0,0,0,0,1,6,3,-1,-1,-1,-1,-1,-1,-1
2014300010452,2,11,0,4,0,3,0,0,0,0,0,1,1,1,29,6,-1,-1,-1,2,1
2014300010453,1,1,0,7,0,6,0,0,0,0,1,1,6,1,25,5,-1,-1,-1,1,1
2014300010453,2,9,0,18,0,8,0,0,0,0,4,1,6,2,41,7,1598,1,4,8,1
2014300010455,1,9,0,18,0,0,0,0,0,0,2,1,6,1,28,6,2171,2,11,2,1
2014300010455,2,9,0,18,0,0,0,0,0,0,1,1,1,1,30,6,1598,1,13,1,1
2014300010456,1,9,0,7,0,4,0,0,0,0,1,1,1,2,35,6,1840,1,16,6,2
2014300010456,2,1,0,17,0,8,0,0,0,0,4,1,1,1,38,7,-1,-1,-1,4,1
2014300010459,1,9,0,17,0,0,0,0,0,0,1,1,2,1,47,8,-1,-1,-1,-1,-1
2014300010459,2,19,0,16,0,0,0,0,0,0,1,1,6,1,56,9,-1,-1,-1,6,1
2014300010463,1,9,0,18,0,0,2,0,1,10,1,1,6,1,40,7,1598,1,12,-1,-1
2014300010465,1,9,0,16,0,4,0,0,7,1,1,1,1,1,40,7,-1,-1,-1,-1,-1
2014300010466,1,9,0,13,0,0,0,0,0,0,4,1,6,3,-1,-1,-1,-1,-1,-1,-1
2014300010466,2,1,0,4,0,0,0,0,0,0,2,1,6,1,29,6,-1,-1,-1,4,1
2014300010468,1,9,0,5,0,6,0,0,0,0,3,1,6,2,49,8,1248,1,3,5,1
2014300010468,2,9,0,18,0,1,0,0,1,0,1,1,6,1,19,4,1360,1,9,-1,-1
2014300010469,1,9,0,18,0,6,0,0,1,9,1,1,1,1,47,8,-1,-1,-1,3,1
2014300010471,1,9,0,13,0,0,0,0,0,0,1,1,6,2,19,4,1995,1,19,9,1
2014300010471,2,21,0,18,0,0,0,0,0,0,2,1,1,1,-1,-1,6692,2,4,3,1
2014300010472,1,9,0,16,0,0,1,0,7,10,1,1,6,1,19,4,1242,1,8,6,2
2014300010474,1,9,0,16,0,0,2,0,0,0,1,1,6,1,19,4,1199,1,12,7,1
2014300010475,1,9,0,9,0,6,0,0,0,0,4,1,1,1,29,6,1390,1,7,1,1
2014300010475,2,9,0,9,0,5,0,0,0,0,3,1,6,2,39,7,1753,2,13,9,1
2014300010476,1,9,0,18,0,8,0,0,0,0,1,1,6,1,37,7,3222,2,11,2,1
2014300010476,2,9,0,18,0,8,0,0,0,0,3,1,1,2,46,8,1560,2,2,3,1
2014300010485,1,19,0,18,0,1,1,0,0,0,1,1,1,1,23,5,2400,2,7,4,1
2014300010485,2,9,0,10,0,8,0,0,0,0,2,1,6,1,74,10,1596,1,12,4,2
2014300010486,1,90,0,18,0,4,0,0,0,0,1,1,6,1,27,6,-1,-1,-1,1,1
2014300010486,2,1,0,18,0,8,0,0,0,0,4,1,2,1,17,4,-1,-1,-1,7,3
2014300010488,1,9,0,3,0,2,0,0,0,0,1,1,6,2,44,7,1896,2,11,2,1
2014300010488,2,9,0,3,0,2,0,0,0,0,2,1,6,1,36,7,2295,1,13,10,1
2014300010490,1,9,0,7,0,2,0,4,1,10,1,1,6,2,24,5,1997,2,11,3,3
2014300010490,2,9,0,2,9,2,0,0,0,0,4,1,6,1,42,7,-1,-1,-1,6,3
2014300010493,1,9,0,5,0,4,0,0,0,0,3,1,2,2,38,7,998,1,12,5,1
2014300010493,2,1,0,18,0,8,0,0,7,0,2,1,2,1,51,8,-1,-1,-1,3,1
2014300010507,1,9,0,5,0,0,0,0,0,0,1,1,6,3,-1,-1,-1,-1,-1,-1,-1
2014300010507,2,9,0,5,0,0,0,0,0,0,2,1,6,2,24,5,1242,1,12,3,1
2014300010515,1,9,0,18,0,4,0,0,0,0,1,1,6,2,84,11,1086,1,4,7,1
2014300010515,2,9,0,9,0,3,0,0,1,1,4,1,6,2,21,5,1598,1,13,10,1
2014300010519,1,9,0,13,0,0,0,0,0,0,1,1,6,1,-1,-1,-1,-1,-1,-1,-1
2014300010519,2,1,0,16,0,0,0,0,0,0,2,1,6,2,60,9,-1,-1,-1,8,1
2014300010520,1,9,0,18,0,6,0,0,1,10,4,1,6,2,41,7,1391,1,20,8,3
2014300010520,2,9,0,18,0,1,0,0,0,0,1,1,2,1,24,5,1560,2,5,2,1
2014300010524,1,9,0,5,0,1,0,0,0,0,1,1,6,1,55,8,998,1,6,3,1
2014300010526,1,9,0,18,0,8,0,0,0,0,3,1,1,2,31,6,1796,1,8,9,1
2014300010526,2,9,0,11,0,8,0,0,0,0,4,1,6,2,53,8,1591,1,-1,3,1
2014300010528,1,8,0,18,0,8,0,0,0,0,4,1,1,1,40,7,1896,2,4,1,1
2014300010528,2,9,0,9,0,8,0,0,0,0,3,1,2,2,38,7,-1,-1,-1,1,1
2014300010529,1,9,0,17,0,0,5,0,0,0,4,1,6,1,44,7,1796,1,6,7,3
2014300010530,1,19,0,5,0,8,0,0,0,0,1,1,6,3,-1,-1,-1,-1,-1,-1,-1
2014300010534,1,9,0,4,0,0,0,0,0,0,1,1,6,2,57,9,1598,1,5,5,1
2014300010534,2,9,0,4,0,0,0,0,0,0,2,1,6,2,-1,-1,998,1,6,-1,2
2014300010534,3,9,0,4,0,0,0,0,0,0,2,1,6,2,21,5,1199,1,10,-1,-1
2014300010534,4,9,0,4,0,0,0,0,0,0,2,1,6,1,-1,-1,1998,2,8,-1,2
2014300010535,1,9,0,18,0,1,0,0,0,0,1,1,6,1,-1,-1,1968,2,6,-1,-1
2014300010535,2,9,0,3,0,1,0,0,0,0,2,1,1,2,34,6,1396,1,14,5,3
2014300010539,1,9,0,5,0,0,0,0,0,0,2,1,6,1,-1,-1,1242,1,2,2,1
2014300010539,2,11,0,5,0,0,0,0,0,0,1,1,6,1,25,5,7300,2,6,3,1
2014300010540,1,9,0,9,0,2,0,0,0,0,1,1,6,1,29,6,1598,1,10,1,1
2014300010543,1,9,0,6,0,8,1,0,0,0,3,1,6,1,-1,-1,-1,-1,-1,-1,-1
2014300010543,2,1,0,13,0,8,0,0,0,0,1,1,1,1,25,5,-1,-1,-1,7,1
2014300010547,1,9,0,12,0,8,0,0,0,0,1,1,6,2,52,8,1984,2,3,3,1
2014300010547,2,9,0,16,0,3,0,0,0,0,4,1,6,2,22,5,995,1,6,2,1
2014300010550,1,21,1,11,0,0,0,0,0,0,4,1,1,1,47,8,11967,2,3,2,1
2014300010550,2,9,0,18,0,0,0,0,0,0,3,1,6,1,31,6,1686,2,9,-1,-1
2014300010551,1,9,0,9,0,5,0,0,0,0,1,1,6,2,71,10,2967,2,9,10,2
2014300010551,2,2,0,18,0,8,1,0,0,0,1,1,2,1,29,6,125,1,-1,5,1
2014300010552,1,9,0,18,0,0,0,0,1,9,1,1,6,2,23,5,-1,-1,-1,3,1
2014300010552,2,9,0,18,0,0,0,0,0,0,3,1,2,1,43,7,1598,2,-1,3,1
2014300010552,3,9,0,18,0,0,0,0,0,0,2,1,2,1,43,7,2143,2,4,-1,1
2014300010554,1,9,0,15,0,0,0,0,7,1,1,1,6,1,34,6,1598,1,10,3,1
2014300010554,2,9,0,18,0,0,0,0,0,0,4,1,6,1,24,5,1998,1,13,1,1
2014300010562,1,11,0,4,0,0,0,0,0,0,0,1,1,1,52,8,6871,2,5,4,1
2014300010566,1,9,0,17,0,0,5,0,2,4,1,1,6,2,23,5,1242,1,12,8,3
2014300010569,1,9,0,18,0,1,0,0,0,0,1,1,6,2,70,10,1242,1,5,9,2
2014300010574,1,9,0,3,0,3,0,0,0,0,2,1,6,2,43,7,1198,1,2,6,1
2014300010574,2,9,0,18,0,3,0,0,0,0,1,1,6,2,24,5,1598,1,6,6,3
2014300010576,1,19,0,7,0,8,0,0,0,0,2,1,1,1,29,6,2198,2,1,10,1
2014300010581,1,17,0,18,0,0,5,0,1,0,2,1,1,1,60,9,-1,2,31,-1,-1
2014300010581,2,9,0,18,0,0,0,0,0,0,1,1,2,1,46,8,1560,2,3,1,1
2014300010582,1,9,0,3,0,2,0,0,0,0,2,1,6,2,29,6,1896,2,7,2,1
2014300010582,2,9,0,3,0,2,0,0,0,0,2,1,2,1,66,10,1686,2,2,7,1
2014300010582,3,9,0,3,0,2,0,0,0,0,2,1,2,1,43,7,1870,2,8,7,1
2014300010582,4,9,0,18,0,2,0,0,0,0,1,1,2,1,54,8,1587,1,10,5,1
2014300010583,1,9,0,9,0,5,0,0,0,0,1,1,6,2,31,6,1198,1,2,1,1
2014300010583,2,3,0,18,0,8,0,0,1,0,1,1,2,1,36,7,124,1,8,6,3
2014300010587,1,9,0,17,0,0,0,12,0,0,1,1,2,1,51,8,1198,1,6,9,1
2014300010591,1,11,0,18,0,1,0,0,1,0,0,1,1,1,52,8,7300,2,5,3,1
2014300010594,1,90,0,5,0,6,0,0,0,0,1,1,6,2,85,11,-1,-1,-1,3,2
2014300010594,2,9,3,18,0,8,0,0,0,0,4,1,6,1,61,9,2188,2,7,10,1
2014300010596,1,9,0,18,0,0,0,0,0,0,2,1,2,1,31,6,1461,2,-1,9,1
2014300010596,2,9,0,18,0,0,0,0,0,0,1,1,2,1,27,6,1248,2,4,7,1
2014300010597,1,9,0,18,0,1,0,10,1,10,1,1,6,1,18,4,1399,2,8,8,3
2014300010598,1,9,0,10,0,8,0,0,0,0,2,1,2,2,49,8,998,1,14,10,1
2014300010598,2,9,0,15,0,1,0,10,0,0,1,1,6,1,78,11,998,1,2,10,1
2014300010601,1,3,0,17,0,0,1,0,2,10,4,1,6,1,17,4,124,1,13,8,1
2014300010602,1,9,0,4,0,8,0,0,0,0,2,1,6,1,17,4,1596,1,7,5,1
2014300010602,2,9,0,4,0,8,0,0,0,0,2,1,6,1,18,4,1149,1,10,-1,-1
2014300010602,3,9,0,4,0,8,1,0,0,0,1,1,6,1,17,4,1199,1,12,7,1
2014300010602,4,9,0,4,0,8,0,0,0,0,1,1,6,1,25,5,1229,1,1,7,1
2014300010604,1,9,0,4,0,0,0,0,0,0,1,1,1,1,32,6,1798,1,5,7,1
2014300010604,2,9,0,4,0,0,0,0,0,0,2,1,6,1,52,8,996,1,1,3,1
2014300010604,3,9,0,4,0,0,0,0,0,0,2,1,2,2,26,6,1229,1,-1,-1,1
2014300010606,1,9,0,1,0,0,0,4,7,10,2,1,6,1,70,10,1699,1,6,9,1
2014300010606,2,9,0,2,0,0,0,0,0,0,1,1,6,1,38,7,1596,1,7,5,3
2014300010606,3,9,0,2,0,0,0,0,0,0,2,1,6,1,87,11,1242,1,6,-1,-1
2014300010607,1,3,0,4,0,0,5,10,0,0,1,1,2,1,19,4,124,1,-1,5,2
2014300010607,2,9,0,13,0,0,0,0,0,0,0,1,1,1,31,6,1995,2,1,4,1
2014300010608,1,9,0,18,0,8,0,0,0,0,4,1,1,1,28,6,1686,2,1,1,1
2014300010608,2,9,0,18,0,8,0,0,0,0,1,1,2,1,53,8,1560,2,1,5,1
2014300010610,1,9,0,11,0,1,0,0,0,0,4,1,2,1,29,6,2498,1,15,-1,-1
2014300010610,2,9,0,4,0,1,0,0,0,0,3,1,1,1,-1,-1,2204,2,7,-1,-1
2014300010620,1,9,0,16,0,0,1,0,7,10,1,1,2,2,45,7,1895,1,13,10,1
2014300010627,1,9,0,18,9,8,0,4,1,0,1,1,6,2,27,6,1560,2,6,-1,-1
2014300010627,2,9,0,9,0,6,0,0,0,0,3,1,6,1,30,6,1995,2,9,-1,-1
2014300010627,3,9,0,2,0,8,0,0,0,0,2,1,6,3,-1,-1,2967,1,14,-1,-1
2014300010633,1,9,0,18,0,0,0,4,0,0,1,1,6,2,23,5,1242,1,2,-1,1
2014300010633,2,9,0,2,0,0,0,0,0,0,2,1,6,2,67,10,1598,1,9,-1,-1
2014300010636,1,9,0,17,0,0,1,0,7,0,4,1,6,1,23,5,1149,1,9,9,1
2014300010636,2,9,0,18,0,0,0,0,0,0,1,1,6,2,53,8,1527,2,16,-1,-1
2014300010638,1,9,0,18,0,2,0,0,0,0,4,1,6,2,27,6,1332,1,18,1,1
2014300010638,2,9,0,7,0,1,0,0,0,0,1,1,6,2,-1,-1,2198,1,16,-1,-1