Accident_Index,Vehicle_Reference,Vehicle_Type,Towing_and_Articulation,Vehicle_Manoeuvre,Vehicle_Location-Restricted_Lane,Junction_Location,Skidding_and_Overturning,Hit_Object_in_Carriageway,Vehicle_Leaving_Carriageway,Hit_Object_off_Carriageway,1st_Point_of_Impact,Was_Vehicle_Left_Hand_Drive?,Journey_Purpose_of_Driver,Sex_of_Driver,Age_of_Driver,Age_Band_of_Driver,Engine_Capacity_(CC),Propulsion_Code,Age_of_Vehicle,Driver_IMD_Decile,Driver_Home_Area_Type
2014300010640,1,9,0,10,0,8,0,0,0,0,2,1,6,1,-1,-1,2494,1,16,3,1
2014300010640,2,9,0,18,0,1,0,0,0,0,1,1,6,1,47,8,1590,1,17,6,3
2014300010640,3,9,0,18,0,1,0,0,0,0,1,1,6,2,22,5,1598,1,9,3,1
2014300010641,1,9,0,4,0,1,0,0,0,0,1,1,6,2,50,8,1149,1,11,-1,-1
2014300010641,2,9,0,2,0,2,0,0,0,0,0,1,6,3,-1,-1,-1,-1,-1,-1,-1
2014300010643,1,9,0,18,0,4,0,0,0,0,1,1,6,1,28,6,1895,1,15,5,1
2014300010643,2,3,0,18,0,8,0,0,0,0,2,1,1,1,31,6,124,1,1,1,1
2014300010644,1,3,0,18,0,8,0,0,0,0,1,1,6,1,28,6,125,1,3,7,3
2014300010644,2,9,0,9,0,8,0,0,0,0,2,1,6,1,27,6,1796,1,11,2,1
2014300010645,1,9,0,18,0,0,0,0,0,0,1,1,6,1,19,4,998,1,10,6,3
2014300010645,2,9,0,18,0,0,0,0,0,0,1,1,6,2,31,6,1968,2,7,8,1
2014300010647,1,9,0,18,0,0,1,0,7,4,3,1,2,1,22,5,1299,1,14,-1,-1
2014300010649,1,9,0,5,9,6,0,0,0,0,4,1,6,1,45,7,1422,2,11,-1,-1
2014300010649,2,1,0,18,9,8,0,0,0,0,1,1,6,1,75,10,-1,-1,-1,-1,-1
2014300010658,1,9,0,17,0,2,2,0,2,4,4,1,6,1,19,4,1198,1,12,6,3
2014300010661,1,9,0,5,0,4,0,0,0,0,2,1,2,1,54,8,-1,-1,-1,2,1
2014300010661,2,21,0,5,0,1,0,0,0,0,1,1,1,1,54,8,-1,2,8,4,2
2014300010666,1,9,0,18,0,0,2,0,7,4,3,1,2,1,35,6,1596,1,11,2,1
2014300010667,1,8,0,1,0,2,0,0,0,0,2,1,6,1,64,9,2664,2,14,-1,-1
2014300010669,1,3,0,4,0,0,1,0,1,9,1,1,2,1,17,4,49,1,9,2,1
2014300010669,2,9,0,4,0,0,0,0,0,0,1,1,2,2,37,7,1360,1,3,5,2
2014300010670,1,9,0,9,0,5,0,0,0,0,4,1,6,2,35,6,2143,2,1,7,1
2014300010670,2,1,0,18,0,1,0,0,0,0,1,1,2,1,42,7,-1,-1,-1,-1,-1
2014300010671,1,9,0,18,0,1,0,0,0,0,1,1,6,1,33,6,1998,2,12,2,1
2014300010677,1,9,0,5,0,4,0,0,0,0,1,1,6,2,48,8,1242,1,1,9,2
2014300010677,2,9,0,5,0,4,0,0,0,0,2,1,6,1,69,10,1560,2,1,1,1
2014300010678,1,9,0,17,0,0,1,0,1,4,4,1,2,1,21,5,1229,1,1,7,1
2014300010681,1,2,0,10,0,8,0,0,0,0,2,1,1,1,21,5,114,1,-1,3,2
2014300010681,2,9,0,18,0,1,0,0,0,0,1,1,6,3,-1,-1,-1,-1,-1,-1,-1
2014300010686,1,9,0,18,0,0,0,0,0,0,1,1,1,2,58,9,1560,2,-1,3,1
2014300010689,1,9,0,9,0,5,0,0,0,0,1,1,6,1,54,8,998,1,2,-1,-1
2014300010689,2,9,0,18,0,8,0,0,0,0,3,1,6,2,21,5,998,1,5,-1,-1
2014300010697,1,9,0,18,0,2,0,0,0,0,1,1,6,2,62,9,1299,1,8,8,2
2014300010697,2,9,0,3,0,2,0,0,0,0,2,1,6,2,37,7,-1,-1,-1,8,2
2014300010697,3,9,0,3,0,2,0,0,0,0,2,1,1,1,57,9,1998,2,5,8,1
2014300010698,1,9,0,12,0,0,0,0,0,0,2,1,6,2,25,5,1591,1,1,-1,1
2014300010698,2,21,1,18,0,0,0,0,0,0,1,1,1,1,47,8,10518,2,7,6,3
2014300010700,1,19,0,18,0,0,0,0,0,0,1,1,6,3,44,7,-1,-1,-1,-1,-1
2014300010700,2,2,0,3,0,0,0,0,0,0,2,1,6,1,25,5,49,1,-1,8,1
2014300010701,1,5,0,18,0,0,1,0,0,0,0,1,1,1,40,7,599,1,15,1,1
2014300010701,2,9,0,1,0,0,0,0,0,0,0,1,1,1,39,7,1995,2,8,5,1
2014300010702,1,9,0,18,0,0,0,0,0,0,3,1,3,2,27,6,1248,2,7,5,1
2014300010704,1,9,0,17,0,0,0,0,1,0,2,1,6,2,78,11,998,1,11,10,2
2014300010704,2,9,0,17,0,0,0,0,0,0,1,1,2,2,38,7,1242,1,7,3,1
2014300010707,1,19,0,9,0,6,0,0,0,0,1,1,2,1,30,6,2148,2,5,3,1
2014300010707,2,5,0,18,0,8,2,0,0,0,1,1,2,1,33,6,599,1,16,-1,1
2014300010713,1,9,0,18,0,0,0,0,0,0,1,1,6,1,41,7,1560,2,-1,-1,-1
2014300010713,2,9,0,18,0,0,0,0,0,0,2,1,1,1,-1,-1,1329,1,3,-1,-1
2014300010714,1,9,0,8,0,1,0,0,0,0,2,1,6,1,48,8,1997,2,10,5,3
2014300010714,2,9,0,18,0,1,0,0,0,0,1,1,6,2,23,5,2720,2,9,5,3
2014300010716,1,19,0,18,0,0,0,0,1,9,2,1,1,1,60,9,1461,2,1,5,1
2014300010716,2,20,1,18,0,0,0,0,0,0,0,1,6,3,-1,-1,-1,-1,-1,-1,-1
2014300010717,1,9,0,7,9,6,0,0,0,0,4,1,6,3,-1,-1,-1,-1,-1,-1,-1
2014300010719,1,9,0,18,0,0,1,0,7,4,1,1,2,2,19,4,998,1,11,6,1
2014300010719,2,9,0,4,0,0,0,0,0,0,3,1,2,2,48,8,1799,1,10,10,1
2014300010720,1,9,0,16,0,0,0,0,0,0,1,1,6,1,37,7,1997,2,13,1,1
2014300010720,2,9,0,17,0,0,0,0,0,0,1,1,6,1,47,8,1896,2,15,8,2
2014300010728,1,9,0,17,0,0,1,0,1,3,1,1,6,1,25,5,1242,1,8,6,3
2014300010732,1,8,0,18,0,8,0,0,0,0,1,1,6,1,42,7,1685,2,-1,3,1
2014300010732,2,9,0,18,0,8,0,0,0,0,2,1,6,1,-1,-1,1995,2,5,4,1
2014300010733,1,19,0,4,0,0,0,0,0,0,2,1,2,1,49,8,2198,2,3,8,1
2014300010733,2,9,0,18,0,0,0,4,0,0,1,1,6,1,85,11,2435,1,12,10,1
2014300010735,1,9,0,17,0,0,2,0,7,10,4,1,6,2,21,5,1389,1,12,7,1
2014300010737,1,9,0,5,0,0,0,0,0,0,1,1,3,2,44,7,2179,2,1,6,1
2014300010737,2,9,0,18,0,0,0,0,0,0,1,1,3,1,45,7,1242,1,12,10,1
2014300010742,1,9,0,18,0,1,0,0,0,0,1,1,2,2,17,4,1329,1,3,10,1
2014300010742,2,9,0,9,0,6,0,0,0,0,3,1,3,2,43,7,1360,1,10,9,2
2014300010743,1,9,0,5,0,1,0,0,0,0,1,1,6,2,44,7,1390,1,4,7,2
2014300010743,2,9,0,3,0,1,0,0,0,0,2,1,6,1,37,7,1798,1,6,5,1
2014300010753,1,9,0,11,0,3,0,0,0,0,4,1,6,2,65,9,2179,2,4,-1,-1
2014300010753,2,8,0,4,0,8,0,0,0,0,3,1,6,1,56,9,1796,1,8,2,1
2014300010754,1,9,0,9,0,6,0,0,0,0,1,1,6,1,-1,-1,998,1,-1,-1,-1
2014300010761,1,9,0,9,0,5,0,0,0,0,1,1,6,2,21,5,1339,1,8,9,1
2014300010761,2,9,0,18,0,8,0,0,0,0,1,1,2,1,31,6,1798,1,7,9,1
2014300010762,1,9,0,4,0,0,0,0,0,0,2,2,6,1,37,7,-1,-1,-1,-1,-1
2014300010762,2,9,0,4,0,0,0,0,0,0,2,1,6,1,43,7,1598,2,3,3,1
2014300010762,3,9,0,4,0,0,0,0,0,0,2,1,6,2,25,5,1796,1,9,-1,-1
2014300010762,4,9,0,4,0,0,0,0,0,0,2,1,6,1,78,11,4196,1,12,9,3
2014300010762,5,9,0,18,0,0,0,0,0,0,1,1,6,1,41,7,2969,2,9,9,1
2014300010763,1,9,0,18,0,0,1,7,5,6,2,1,6,2,44,7,1242,1,3,9,1
2014300010763,2,9,0,18,0,0,1,7,5,6,1,1,6,1,19,4,-1,-1,-1,6,1
2014300010764,1,9,0,4,0,1,0,0,0,0,1,1,6,1,23,5,998,1,12,3,1
2014300010764,2,9,0,5,0,1,0,0,7,0,3,1,2,1,56,9,1995,2,4,9,1
2014300010765,1,9,0,18,0,4,0,0,7,10,4,1,6,3,-1,-1,1997,2,11,-1,-1
2014300010765,2,9,0,18,0,4,0,0,0,0,1,1,6,2,27,6,1596,1,11,-1,-1
2014300010766,1,9,0,18,0,1,0,0,0,0,1,1,6,1,26,6,1596,1,5,7,1
2014300010770,1,9,0,18,0,8,0,0,0,0,1,1,6,1,40,7,1995,2,12,1,1
2014300010770,2,9,0,18,0,8,0,0,0,0,3,1,6,2,33,6,1396,1,15,9,1
2014300010773,1,9,0,18,0,4,0,0,0,0,1,1,6,3,-1,-1,-1,-1,-1,-1,-1
2014300010773,2,1,0,18,0,8,0,0,0,0,4,1,6,1,52,8,-1,-1,-1,9,1
2014300010777,1,9,0,18,0,1,5,4,0,0,4,1,6,1,69,10,1998,1,7,8,1
2014300010777,2,9,0,2,0,1,0,0,0,0,1,1,6,1,-1,-1,1248,2,3,9,1
2014300010779,1,90,0,4,0,0,0,0,0,0,2,1,6,3,-1,-1,-1,-1,-1,-1,-1
2014300010779,2,9,0,4,0,0,0,0,0,0,2,1,6,2,20,4,1206,1,3,6,1
2014300010779,3,19,0,4,0,0,0,0,0,0,1,1,6,1,41,7,1753,2,5,-1,-1
2014300010780,1,9,0,18,0,1,0,0,0,0,1,1,6,1,20,4,1761,1,13,8,3
2014300010780,2,9,0,9,0,8,0,0,0,0,3,1,2,2,19,4,1398,1,10,8,3
2014300010781,1,9,0,9,0,6,0,0,0,0,1,1,6,2,31,6,1242,1,13,9,2
2014300010781,2,2,0,18,0,8,0,0,0,0,4,1,6,1,60,9,124,1,8,10,1
2014300010782,1,9,0,5,0,6,0,0,0,0,1,1,6,2,70,10,998,1,13,7,1
2014300010782,2,9,0,18,0,1,0,0,1,10,1,1,6,2,34,6,2000,2,7,1,1
2014300010783,1,9,0,17,0,2,0,0,1,0,4,1,6,2,44,7,1796,1,8,10,1
2014300010784,1,9,0,16,0,0,5,0,2,10,1,1,6,1,21,5,1299,1,16,5,1
2014300010787,1,9,0,18,0,0,0,0,0,0,1,1,6,1,66,10,1896,2,10,10,1
2014300010788,1,9,0,18,0,0,0,0,0,0,1,1,1,1,52,8,1998,1,7,1,1
2014300010791,1,9,0,9,0,6,0,0,0,0,1,1,2,2,51,8,1299,1,12,3,2
2014300010791,2,19,0,18,0,8,0,0,0,0,1,1,6,1,41,7,2148,2,5,-1,-1
2014300010793,1,8,0,18,0,0,0,0,0,0,1,1,1,1,63,9,1995,2,4,2,1
2014300010793,2,9,0,18,0,0,0,0,0,0,1,1,6,1,21,5,2967,2,7,1,1
2014300010795,1,9,0,7,0,6,0,4,0,0,1,1,6,1,48,8,1598,1,-1,-1,-1
2014300010795,2,9,0,2,0,8,0,0,0,0,2,1,6,1,48,8,-1,-1,-1,-1,-1
2014300010796,1,9,0,17,0,0,0,0,0,0,3,1,6,1,56,9,-1,-1,-1,-1,-1
2014300010796,2,9,0,16,0,0,1,0,0,0,1,1,6,1,28,6,1124,1,14,-1,-1
2014300010801,1,9,0,9,0,6,0,0,0,0,1,1,6,3,-1,-1,-1,-1,-1,-1,-1
2014300010801,2,1,0,16,0,8,0,0,0,0,2,1,2,1,18,4,-1,-1,-1,3,1
2014300010802,1,9,0,16,0,2,1,0,7,0,1,1,6,1,66,10,1560,2,9,2,1
2014300010803,1,9,0,1,0,6,0,0,0,0,2,1,6,2,56,9,1398,2,10,7,1
2014300010803,2,9,0,18,0,8,0,0,0,0,4,1,6,1,26,6,1591,1,5,3,1
2014300010819,1,9,0,18,0,0,0,0,0,0,1,1,6,3,-1,-1,-1,-1,-1,-1,-1
2014300010836,1,20,0,18,0,0,0,0,0,0,3,1,6,1,62,9,3920,2,7,-1,-1
2014300010836,2,20,0,18,0,0,0,0,0,0,1,1,6,1,54,8,4250,2,3,2,1
2014300010839,1,9,0,10,0,8,0,0,0,0,2,1,2,2,37,7,1248,1,1,4,1
2014300010839,2,3,0,3,0,1,0,0,0,0,2,1,2,1,19,4,125,1,5,4,1
2014300010839,3,9,0,3,0,1,0,0,0,0,2,1,6,1,37,7,1595,1,17,8,2
2014300010839,4,9,0,18,0,1,0,0,0,0,1,1,2,1,45,7,2997,1,16,7,1
2014300010840,1,9,0,4,0,1,0,0,0,0,1,1,6,2,19,4,1229,1,5,6,1
2014300010840,2,9,0,10,0,1,0,0,0,0,2,1,6,1,24,5,1796,1,11,5,1
2014300010841,1,3,0,18,0,8,0,0,0,0,1,1,6,1,25,5,125,1,15,2,1
2014300010841,2,9,0,9,0,8,0,0,0,0,1,1,2,2,33,6,1999,1,7,2,1
2014300010843,1,9,0,4,0,0,0,0,0,0,2,1,6,2,36,7,1598,1,12,-1,-1
2014300010843,2,9,0,4,0,0,0,0,0,0,1,1,6,1,30,6,1229,1,9,9,1
2014300010844,1,9,0,18,0,1,0,0,1,2,1,1,2,2,31,6,1598,1,2,10,1
2014300010844,2,9,0,4,0,1,0,0,0,0,0,1,6,3,-1,-1,-1,-1,-1,-1,-1
2014300010846,1,90,0,18,0,6,5,0,0,0,1,1,6,2,82,11,-1,-1,-1,-1,-1
2014300010846,2,9,0,1,0,6,0,0,0,0,2,1,6,2,29,6,1390,1,9,2,1
2014300010848,1,9,0,16,0,0,2,0,7,2,3,1,6,2,26,6,1363,2,9,4,1
2014300010856,1,9,0,4,0,0,0,0,0,0,0,1,6,3,-1,-1,-1,-1,-1,-1,-1
2014300010856,2,9,0,16,0,0,1,0,7,7,1,1,2,1,43,7,1769,1,11,1,1
2014300010858,1,9,0,18,0,1,0,0,0,0,1,1,6,1,-1,-1,1997,2,9,6,1
2014300010858,2,9,0,3,0,1,0,0,0,0,2,1,1,2,47,8,1997,2,3,6,1
2014300010860,1,9,0,5,0,0,0,0,0,0,1,1,6,1,73,10,1299,1,9,-1,-1
2014300010865,1,9,0,18,0,1,0,0,0,0,1,1,6,2,34,6,1968,2,7,3,1
2014300010865,2,9,0,4,0,1,0,0,0,0,2,1,6,2,44,7,1496,2,-1,1,1
2014300010866,1,9,0,7,0,2,0,0,7,4,1,1,6,1,86,11,1242,1,15,5,2
2014300010868,1,9,0,12,0,0,0,0,5,6,1,1,2,2,22,5,1360,1,7,6,1
2014300010869,1,9,0,18,0,5,0,0,0,0,4,1,6,2,34,6,-1,-1,-1,3,1
2014300010869,2,1,0,18,0,8,1,0,0,0,1,1,6,1,62,9,-1,-1,-1,-1,-1
2014300010872,1,9,0,18,0,8,0,0,0,0,1,1,2,1,55,8,1951,2,9,9,1
2014300010872,2,9,0,9,0,5,0,0,0,0,1,1,2,2,50,8,1240,1,9,7,3
2014300010873,1,9,0,18,0,0,0,0,0,0,1,1,2,1,54,8,1997,2,1,4,3
2014300010873,2,9,0,3,0,0,0,0,0,0,2,1,6,2,45,7,1999,1,13,6,3
2014300010873,3,9,0,3,0,0,0,0,0,0,2,1,6,1,-1,-1,-1,-1,-1,4,1
2014300010877,1,9,0,5,0,1,0,0,0,0,1,1,6,1,-1,-1,2999,2,13,9,1
2014300010879,1,17,4,16,0,0,0,0,0,0,0,1,1,1,62,9,-1,2,21,3,3
2014300010879,2,9,0,17,0,0,0,0,1,10,4,1,1,1,45,7,1198,1,1,3,2
2014300010883,1,9,0,18,0,0,0,0,0,0,1,1,2,1,41,7,-1,-1,-1,6,3
2014300010883,2,9,0,18,0,0,0,0,0,0,1,1,6,2,59,9,-1,-1,-1,-1,-1
2014300010885,1,3,0,5,0,8,0,0,0,0,1,1,6,1,18,4,125,1,1,10,3
2014300010885,2,8,0,5,0,6,0,0,0,0,2,1,1,1,30,6,1968,2,4,3,1
2014300010887,1,9,0,7,0,6,0,0,0,0,1,1,2,2,29,6,1240,1,11,-1,-1
2014300010887,2,9,0,18,0,8,0,0,0,0,1,1,2,1,54,8,1596,1,12,-1,-1
2014300010892,1,9,0,13,0,0,5,0,8,0,1,1,6,1,20,4,998,1,7,5,1
2014300010892,2,9,0,18,0,0,0,0,0,0,0,1,6,3,-1,-1,-1,-1,-1,-1,-1
2014300010894,1,9,0,4,0,0,0,0,0,0,1,1,6,1,50,8,2180,2,19,2,1
2014300010894,2,9,0,4,0,0,0,0,0,0,2,1,2,1,58,9,-1,-1,-1,-1,-1
2014300010894,3,9,0,3,0,0,0,0,0,0,2,1,6,2,33,6,1395,1,-1,7,3
2014300010897,1,9,0,4,0,8,0,0,0,0,1,1,6,2,18,4,1299,1,12,2,1
2014300010899,1,9,0,17,0,2,1,0,7,0,2,1,6,1,25,5,1124,1,13,5,1
2014300010899,2,21,0,16,0,1,0,0,0,0,1,1,1,1,39,7,11021,2,10,-1,-1
2014300010907,1,9,0,5,0,0,0,0,0,0,1,1,6,3,-1,-1,-1,-1,-1,-1,-1
2014300010908,1,9,0,18,0,1,0,0,0,0,4,1,6,1,40,7,1896,2,10,7,1
2014300010908,2,9,0,9,0,8,0,0,0,0,3,1,2,1,44,7,1984,1,13,10,1
2014300010913,1,9,0,18,0,4,0,0,0,0,1,1,6,3,-1,-1,-1,-1,-1,-1,-1
2014300010913,2,1,0,9,0,8,0,0,0,0,2,1,6,1,16,4,-1,-1,-1,3,1
2014300010916,1,2,0,5,0,8,0,0,0,0,1,1,6,1,16,4,49,1,8,2,1
2014300010916,2,9,0,18,0,1,0,0,0,0,1,1,6,2,35,6,1149,1,5,3,1
2014300010917,1,9,0,7,0,6,0,0,0,0,0,1,6,1,-1,-1,1598,1,2,6,1
2014300010917,2,11,0,18,0,8,0,0,0,0,0,1,2,1,57,9,4250,2,6,4,1
2014300010921,1,9,0,18,0,0,0,0,0,0,4,1,6,2,51,8,796,1,12,7,1
2014300010921,2,9,0,18,0,0,0,0,0,0,0,1,6,3,-1,-1,-1,-1,-1,-1,-1
2014300010922,1,9,0,18,0,4,0,0,0,0,1,1,6,1,28,6,1596,1,11,-1,-1
2014300010922,2,9,0,18,0,1,0,0,0,0,2,1,6,2,-1,-1,998,1,8,-1,-1
2014300010929,1,4,0,18,0,2,0,0,0,0,3,1,2,1,33,6,124,1,1,3,1
2014300010929,2,9,0,18,0,2,0,0,0,0,1,1,6,1,75,10,2987,2,6,10,2
2014300010930,1,9,0,18,0,1,0,0,0,0,1,1,6,2,52,8,2231,2,2,4,1
2014300010930,2,1,0,9,0,5,0,0,0,0,4,1,6,1,11,3,-1,-1,-1,3,1
2014300010933,1,9,0,18,0,0,0,0,0,0,1,1,6,2,45,7,1198,1,10,2,1
2014300010934,1,3,0,5,0,4,0,0,0,0,1,1,6,2,19,4,124,1,5,-1,-1
2014300010934,2,9,0,5,0,3,0,0,0,0,1,1,6,1,40,7,998,1,15,5,1
2014300010936,1,4,0,17,0,0,1,0,0,0,4,1,6,1,43,7,125,1,9,10,1
2014300010937,1,9,0,14,0,0,0,4,0,0,1,1,6,2,24,5,973,1,16,-1,-1
2014300010937,2,9,0,2,0,0,0,0,0,0,3,1,6,2,68,10,1596,1,14,6,3
2014300010937,3,9,0,2,0,0,0,4,0,0,2,1,6,2,56,9,1984,1,12,6,3
2014300010941,1,9,0,18,0,2,2,0,1,0,2,1,6,1,37,7,1493,1,11,-1,1
2014300010941,2,9,0,18,0,2,0,0,0,0,1,1,6,1,23,5,998,1,12,-1,1
2014300010943,1,9,0,17,0,0,0,0,1,10,1,1,6,1,26,6,1769,1,11,2,1
2014300010945,1,19,0,18,0,0,0,4,0,0,1,1,6,1,32,6,2874,2,16,1,1
2014300010945,2,9,0,2,0,0,0,0,0,0,2,1,6,1,56,9,1910,2,7,6,1
2014300010946,1,9,0,18,0,0,0,11,0,0,1,1,6,2,51,8,1124,1,13,5,1
2014300010947,1,9,0,18,0,8,0,0,0,0,4,1,6,1,71,10,1388,1,9,-1,-1
2014300010947,2,1,0,18,0,8,0,0,0,0,3,1,6,1,70,10,-1,-1,-1,-1,-1
2014300010957,1,9,0,18,0,1,0,0,7,2,3,1,2,1,48,8,1796,1,7,5,1
2014300010957,2,9,0,18,0,2,0,0,0,0,3,1,2,1,50,8,2179,2,5,9,1
2014300010957,3,9,0,2,9,2,0,0,0,0,1,1,6,1,50,8,2191,2,-1,7,1
2014300010958,1,3,0,16,0,0,1,0,0,0,1,1,2,1,62,9,124,1,1,2,3
2014300010959,1,21,1,18,0,0,0,0,0,0,1,1,1,1,48,8,12777,2,6,-1,1
2014300010959,2,9,0,18,0,0,0,0,0,0,2,1,6,2,45,7,2893,1,4,7,1
2014300010963,1,9,0,18,0,6,0,0,0,0,1,1,6,2,38,7,1598,1,6,3,3
2014300010963,2,9,0,4,0,8,0,0,0,0,4,1,6,1,44,7,1390,1,7,2,1
2014300010964,1,11,0,5,0,6,0,0,0,0,1,1,1,1,44,7,9000,2,9,4,1
2014300010965,1,9,0,3,0,1,0,0,0,0,2,1,6,1,29,6,2521,1,7,-1,1
2014300010965,2,9,0,18,0,1,0,0,0,0,1,1,6,2,-1,-1,1598,1,5,7,3
2014300010968,1,9,0,9,0,2,0,0,0,0,1,1,6,2,49,8,1299,1,10,9,1
2014300010969,1,9,0,5,0,1,0,0,1,10,1,1,6,1,85,11,1598,1,12,7,2
2014300010970,1,9,0,9,0,8,0,0,0,0,3,1,2,1,46,8,1994,2,9,9,1
2014300010970,2,9,0,9,0,6,0,0,0,0,1,1,3,1,27,6,1364,1,8,-1,-1
2014300010971,1,19,0,18,0,0,0,0,0,0,1,1,6,1,-1,-1,-1,-1,-1,-1,-1
2014300010971,2,1,0,4,0,0,0,0,0,0,1,1,6,1,31,6,-1,-1,-1,6,1
2014300010972,1,9,0,3,0,1,0,0,0,0,2,1,1,2,43,7,998,1,-1,8,1
2014300010972,2,9,0,18,0,1,0,0,0,0,1,1,2,1,66,10,1596,1,8,5,2
2014300010992,1,9,0,18,0,2,0,0,0,0,1,1,2,1,46,8,1896,2,15,5,1
2014300011002,1,9,0,7,0,1,0,4,0,0,2,1,6,2,55,8,1388,1,8,3,2
2014300011002,2,9,0,7,0,1,0,0,0,0,0,1,6,2,45,7,1998,1,11,4,2
2014300011003,1,9,0,16,0,8,0,0,0,0,1,1,6,1,55,8,1998,1,5,10,2
2014300011003,2,9,0,5,0,8,0,0,0,0,3,1,6,2,20,4,1198,1,10,-1,-1
2014300011004,1,9,0,18,0,0,0,0,0,0,3,1,6,1,34,6,1984,1,10,2,1
2014300011004,2,21,1,11,0,0,0,0,0,0,4,1,1,1,57,9,11120,2,-1,-1,-1
2014300011005,1,9,0,18,0,0,0,0,0,0,1,1,6,3,-1,-1,-1,-1,-1,-1,-1
2014300011005,2,11,0,2,0,0,0,0,0,0,0,1,1,3,-1,-1,-1,-1,-1,-1,-1
2014300011006,1,9,0,9,0,2,0,0,0,0,1,1,6,1,72,10,998,1,-1,9,1
2014300011012,1,4,0,13,0,0,1,0,0,0,1,1,1,1,44,7,849,1,-1,9,1
2014300011012,2,21,1,18,0,0,0,0,0,0,0,1,1,1,59,9,12882,2,1,-1,-1
2014300011018,1,9,0,3,0,2,0,0,0,0,4,1,6,2,77,11,1600,1,4,4,1
2014300011021,1,11,0,4,0,1,0,0,0,0,0,1,6,1,39,7,7300,2,5,9,2
2014300011023,1,3,0,17,0,0,5,0,1,7,4,1,6,2,28,6,114,1,-1,1,1
2014300011024,1,9,0,9,0,8,0,0,0,0,4,1,2,2,27,6,1998,1,9,-1,-1
2014300011024,2,1,0,18,0,1,0,0,0,0,1,1,2,2,37,7,-1,-1,-1,-1,-1
2014300011025,1,9,0,14,0,0,0,0,0,0,4,1,2,1,44,7,-1,-1,-1,2,1
2014300011025,2,90,0,2,0,0,0,0,0,0,0,1,6,3,-1,-1,-1,-1,-1,-1,-1
2014300011031,1,9,0,1,9,0,0,0,0,0,2,1,2,1,54,8,1995,2,8,5,1
2014300011039,1,9,0,18,0,0,0,0,0,0,0,1,6,3,-1,-1,-1,-1,-1,-1,-1
2014300011039,2,9,0,4,0,0,1,0,0,0,1,1,6,2,71,10,1242,1,6,9,1
2014300011039,3,9,0,18,0,0,0,0,1,0,1,1,6,2,70,10,1968,2,8,8,1
2014300011045,1,9,0,16,0,0,5,0,2,0,4,1,6,1,26,6,1389,1,13,3,1
2014300011047,1,9,0,9,0,5,0,0,0,0,1,1,2,2,39,7,1896,2,11,8,2
2014300011047,2,21,0,10,0,1,0,0,0,0,0,1,6,1,49,8,-1,-1,-1,8,1
2014300011047,3,9,0,18,0,8,0,0,0,0,1,1,6,1,22,5,1597,1,13,7,3
2014300011049,1,9,0,18,0,0,0,0,0,0,1,1,6,1,-1,-1,973,1,13,-1,-1
2014300011049,2,9,0,3,0,0,0,0,0,0,2,1,6,1,53,8,1360,1,11,8,1
2014300011050,1,9,0,18,0,0,1,0,0,0,3,1,2,2,29,6,1242,1,4,4,2
2014300011050,2,9,0,18,0,0,0,0,0,0,3,1,2,1,46,8,1591,1,6,8,1
2014300011050,3,2,0,3,0,0,0,0,0,0,0,1,6,3,-1,-1,-1,-1,-1,-1,-1
2014300011051,1,9,0,4,0,0,0,0,0,0,1,1,6,2,-1,-1,1360,1,7,-1,-1
2014300011052,1,19,0,3,0,0,0,0,0,0,2,1,1,1,37,7,-1,2,18,-1,1
2014300011052,2,19,0,3,0,0,0,0,0,0,2,1,1,1,35,6,1870,2,9,3,1
2014300011052,3,19,0,18,0,0,1,0,0,0,1,1,1,1,20,4,2400,2,13,1,1
2014300011055,1,9,0,2,9,0,1,4,0,0,1,1,2,1,40,7,998,1,15,2,1
2014300011055,2,9,0,2,9,0,0,0,0,0,1,1,2,1,27,6,998,1,14,9,1
2014300011055,3,9,0,18,0,0,0,4,7,0,1,1,6,1,35,6,1794,1,13,-1,-1
2014300011056,1,9,0,18,0,0,2,0,0,0,1,1,1,2,43,7,1588,1,10,6,3
2014300011058,1,9,0,17,0,8,0,0,7,10,4,1,6,2,46,8,1328,1,12,3,1
2014300011058,2,9,0,5,0,6,0,0,0,0,1,1,6,1,74,10,1997,2,-1,9,1
2014300011059,1,9,0,4,0,0,0,0,0,0,1,1,6,1,84,11,1388,1,7,2,3
2014300011059,2,9,0,3,0,0,0,0,0,0,2,1,6,2,48,8,1461,2,5,3,1
2014300011066,1,9,0,17,0,0,1,0,1,2,3,1,2,1,21,5,998,1,10,2,1
2014300011067,1,9,0,16,0,0,1,0,6,0,1,1,6,2,46,8,1229,1,8,2,1
2014300011067,2,9,0,17,0,0,0,0,0,0,1,1,6,1,29,6,1396,1,13,-1,-1
2014300011068,1,9,0,18,0,8,0,0,0,0,1,1,6,1,-1,-1,3628,2,5,5,3
2014300011068,2,9,0,18,0,8,0,0,0,0,2,1,6,2,21,5,1248,2,3,9,1
2014300011069,1,9,0,18,0,0,0,0,0,0,1,1,6,2,33,6,1248,2,7,8,1
2014300011069,2,9,0,2,0,0,0,0,0,0,3,1,6,1,69,10,1598,1,7,2,1