Accident_Index,Vehicle_Reference,Vehicle_Type,Towing_and_Articulation,Vehicle_Manoeuvre,Vehicle_Location-Restricted_Lane,Junction_Location,Skidding_and_Overturning,Hit_Object_in_Carriageway,Vehicle_Leaving_Carriageway,Hit_Object_off_Carriageway,1st_Point_of_Impact,Was_Vehicle_Left_Hand_Drive?,Journey_Purpose_of_Driver,Sex_of_Driver,Age_of_Driver,Age_Band_of_Driver,Engine_Capacity_(CC),Propulsion_Code,Age_of_Vehicle,Driver_IMD_Decile,Driver_Home_Area_Type
2014300011069,3,9,0,18,0,0,0,0,0,0,1,1,6,3,-1,-1,-1,-1,-1,-1,-1
2014300011071,1,9,0,5,0,6,0,0,0,0,1,1,2,1,65,9,1968,2,3,9,1
2014300011071,2,9,0,4,0,8,0,0,0,0,2,1,6,2,36,7,1995,2,5,4,1
2014300011072,1,9,0,18,0,1,0,0,0,0,1,1,6,2,38,7,1596,1,9,8,1
2014300011072,2,8,0,4,0,1,0,0,0,0,2,1,6,1,55,8,1995,2,1,-1,-1
2014300011074,1,9,0,18,0,0,0,0,0,0,0,1,6,2,22,5,1686,2,3,7,3
2014300011074,2,21,0,11,0,0,0,0,0,0,4,1,1,1,25,5,12777,2,6,1,1
2014300011076,1,9,0,18,0,0,1,0,1,4,2,1,6,1,26,6,1360,1,9,2,1
2014300011079,1,9,0,18,0,0,0,0,0,0,1,1,1,1,28,6,1598,1,15,6,1
2014300011079,2,9,0,3,0,0,0,0,0,0,2,1,2,2,50,8,1390,1,-1,9,2
2014300011083,1,9,0,18,0,0,5,0,8,10,3,1,6,1,20,4,996,1,5,9,1
2014300011084,1,8,0,1,0,0,0,0,0,0,2,1,1,1,31,6,1686,2,5,5,1
2014300011085,1,9,0,16,0,0,0,0,7,2,1,1,6,2,73,10,2204,2,8,8,3
2014300011088,1,9,0,18,0,7,0,0,0,0,1,1,6,1,69,10,1398,1,13,5,3
2014300011088,2,9,0,18,0,7,0,0,0,0,2,1,6,1,57,9,1598,2,1,8,1
2014300011088,3,9,0,18,0,7,0,0,0,0,2,1,6,2,33,6,1968,2,1,4,1
2014300011089,1,9,0,18,0,2,1,0,0,0,1,1,6,1,43,7,1998,2,10,6,3
2014300011089,2,90,0,2,0,1,0,0,0,0,0,1,6,3,-1,-1,-1,-1,-1,-1,-1
2014300011091,1,9,0,18,0,0,0,0,0,0,4,1,6,1,57,9,1364,1,4,-1,1
2014300011092,1,9,0,9,0,6,0,0,0,0,1,1,6,1,23,5,1598,1,12,-1,-1
2014300011092,2,9,0,18,0,8,0,0,0,0,4,1,6,1,23,5,2000,2,9,2,1
2014300011094,1,9,0,9,0,8,0,0,0,0,3,1,6,1,59,9,1597,2,-1,10,1
2014300011094,2,9,0,18,0,8,0,0,0,0,1,1,2,2,43,7,1984,1,13,7,1
2014300011100,1,21,0,18,0,0,0,0,0,0,1,1,1,1,61,9,9200,2,3,-1,-1
2014300011100,2,21,0,18,0,0,0,0,0,0,2,1,1,1,60,9,9200,2,10,10,2
2014300011108,1,21,1,18,0,0,0,0,0,0,1,1,1,1,53,8,12809,2,1,3,1
2014300011108,2,9,0,4,0,0,0,0,0,0,2,1,1,1,56,9,1396,2,-1,2,1
2014300011114,1,9,0,14,0,2,0,0,0,0,4,1,6,2,73,10,998,1,1,-1,-1
2014300011114,2,9,0,2,0,1,0,0,0,0,4,1,6,2,38,7,-1,-1,-1,-1,-1
2014300011115,1,19,0,18,0,0,0,4,0,0,1,1,1,1,-1,-1,1248,2,5,-1,-1
2014300011115,2,11,0,2,0,0,0,0,0,0,2,1,1,1,33,6,9000,2,9,9,1
2014300011116,1,9,0,17,0,0,5,0,2,10,1,1,6,1,84,11,1997,1,3,10,3
2014300011120,1,9,0,18,0,8,0,0,0,0,1,1,6,2,56,9,1598,2,-1,5,1
2014300011120,2,9,0,18,0,8,0,0,0,0,4,1,6,1,24,5,-1,-1,-1,7,3
2014300011125,1,9,0,18,0,1,0,0,0,0,1,1,1,1,27,6,-1,-1,-1,5,1
2014300011125,2,9,0,3,0,1,0,0,0,0,2,1,6,2,-1,-1,1560,2,4,7,2
2014300011130,1,9,0,18,0,0,0,0,0,0,2,1,1,1,52,8,1797,8,-1,6,1
2014300011130,2,9,0,18,0,0,0,0,0,0,2,1,6,2,47,8,1598,1,8,-1,-1
2014300011130,3,19,0,18,0,0,0,0,0,0,1,1,1,1,23,5,1753,2,1,-1,-1
2014300011134,1,3,0,18,0,1,0,0,0,0,0,1,6,1,53,8,-1,-1,-1,2,1
2014300011134,2,9,0,10,0,6,0,0,0,0,0,1,6,2,59,9,1199,1,12,2,1
2014300011135,1,9,0,18,0,0,0,0,0,0,1,1,6,1,-1,-1,1896,2,9,2,1
2014300011135,2,9,0,3,0,0,0,0,0,0,2,1,6,2,39,7,1149,1,14,6,1
2014300011138,1,9,0,5,0,0,0,0,0,0,1,1,3,2,26,6,1248,2,6,2,1
2014300011139,1,9,0,18,0,8,0,0,0,0,1,1,6,3,-1,-1,-1,-1,-1,-1,-1
2014300011139,2,1,0,18,0,4,0,0,0,0,3,1,2,1,-1,-1,-1,-1,-1,-1,-1
2014300011142,1,1,0,9,0,1,0,0,0,0,2,1,6,1,12,3,-1,-1,-1,1,1
2014300011142,2,9,0,7,0,8,0,0,0,0,2,1,6,3,-1,-1,-1,-1,-1,-1,-1
2014300011144,1,9,0,18,0,0,0,0,0,0,4,1,6,3,-1,-1,-1,-1,-1,-1,-1
2014300011146,1,9,0,4,0,0,1,0,0,0,1,1,2,1,30,6,1596,1,11,2,1
2014300011146,2,9,0,3,0,0,0,0,0,0,2,1,2,2,26,6,1360,1,10,3,2
2014300011148,1,19,0,18,0,0,5,0,0,0,1,1,6,2,43,7,1296,1,8,2,1
2014300011150,1,90,0,18,9,0,0,0,0,0,4,1,6,2,-1,-1,-1,-1,-1,-1,-1
2014300011152,1,9,0,5,0,4,0,0,0,0,1,1,6,1,40,7,2179,2,7,9,1
2014300011152,2,1,0,18,0,8,5,0,0,0,4,1,2,1,58,9,-1,-1,-1,7,1
2014300011166,1,11,0,5,0,1,0,0,0,0,4,1,1,1,60,9,4500,2,2,1,1
2014300011167,1,9,0,18,0,3,1,0,1,2,3,1,6,2,19,4,1242,1,10,2,1
2014300011168,1,9,0,18,0,1,0,0,0,0,1,1,6,1,20,4,1998,1,9,6,3
2014300011168,2,9,0,18,0,1,0,0,0,0,2,1,6,2,33,6,1951,2,11,4,1
2014300011170,1,9,0,9,0,5,0,0,0,0,1,1,6,2,67,10,1968,2,2,5,1
2014300011177,1,9,0,9,0,6,0,0,0,0,1,1,6,2,25,5,1341,1,14,3,2
2014300011177,2,1,0,18,0,8,0,0,0,0,4,1,2,1,23,5,-1,-1,-1,3,1
2014300011178,1,9,0,10,0,8,0,0,0,0,3,1,6,2,43,7,1900,2,8,9,1
2014300011178,2,9,0,18,0,1,0,0,0,0,4,1,6,2,79,11,1997,2,16,9,1
2014300011179,1,9,0,18,0,0,0,4,0,0,1,1,2,2,35,6,1997,2,10,7,2
2014300011179,2,9,0,2,0,0,0,0,0,0,2,1,6,3,-1,-1,-1,-1,-1,-1,-1
2014300011179,3,90,0,2,0,0,0,0,0,0,1,1,6,1,-1,-1,-1,-1,-1,6,2
2014300011181,1,9,0,9,0,2,0,0,0,0,1,1,6,1,65,9,1794,1,13,7,1
2014300011182,1,9,0,14,0,0,0,0,0,0,1,1,6,1,46,8,1997,2,4,10,1
2014300011182,2,3,0,18,0,0,0,0,1,10,3,1,1,1,25,5,125,1,11,4,1
2014300011183,1,9,0,5,0,8,0,0,0,0,1,1,6,2,53,8,1596,1,14,6,1
2014300011189,1,9,0,18,0,2,0,0,0,0,1,1,1,1,38,7,2401,2,9,4,1
2014300011198,1,9,0,9,9,8,0,0,0,0,1,1,6,3,-1,-1,-1,-1,-1,-1,-1
2014300011203,1,9,0,9,0,2,0,0,0,0,1,1,2,2,32,6,1149,1,11,2,1
2014300011204,1,9,0,18,0,8,0,0,0,0,1,1,6,2,46,8,1587,1,21,-1,-1
2014300011204,2,9,0,13,0,8,0,0,0,0,1,1,6,2,28,6,1798,1,6,3,1
2014300011205,1,19,0,14,0,2,0,0,0,0,1,1,2,1,28,6,1867,2,13,8,1
2014300011205,2,9,0,4,0,1,0,0,0,0,1,1,6,1,46,8,1753,2,13,1,1
2014300011205,3,90,0,2,0,2,0,0,0,0,0,1,6,3,-1,-1,-1,-1,-1,-1,-1
2014300011208,1,9,0,16,0,8,0,0,7,10,1,1,6,1,27,6,1998,1,12,4,1
2014300011210,1,9,0,4,0,2,1,0,0,0,1,1,6,1,22,5,1248,2,4,9,1
2014300011210,2,9,0,4,0,2,0,0,0,0,2,1,6,1,31,6,1493,1,16,1,1
2014300011211,1,9,0,10,0,1,0,0,0,0,2,1,6,2,27,6,1388,1,12,3,1
2014300011211,2,9,0,18,0,1,0,0,0,0,1,1,6,2,21,5,1598,1,10,9,1
2014300011219,1,5,0,13,0,0,1,0,0,0,1,1,2,1,31,6,649,1,5,6,1
2014300011219,2,9,0,18,0,0,0,0,0,0,1,1,2,2,33,6,1368,1,6,7,1
2014300011219,3,9,0,18,0,0,0,0,0,0,1,1,6,2,21,5,1596,1,13,3,1
2014300011220,1,9,0,2,0,2,0,0,0,0,2,1,6,1,-1,-1,1596,1,11,1,1
2014300011220,2,9,0,9,0,8,0,0,0,0,0,1,2,1,18,4,998,1,8,10,1
2014300011220,3,9,0,18,0,8,0,0,0,0,1,1,1,1,33,6,1968,2,3,1,1
2014300011222,1,9,0,9,0,1,0,0,0,0,2,1,6,3,-1,-1,-1,-1,-1,-1,-1
2014300011222,2,9,0,10,0,8,0,0,0,0,0,1,6,2,62,9,1240,1,11,4,1
2014300011223,1,9,0,7,0,5,0,0,0,0,4,1,6,2,79,11,1199,1,15,2,1
2014300011227,1,11,0,18,0,8,1,0,0,0,1,1,1,1,54,8,9000,2,11,10,1
2014300011231,1,9,0,18,0,0,0,0,0,0,4,1,6,1,82,11,1588,1,11,10,1
2014300011234,1,9,0,2,6,0,0,0,0,0,2,1,6,1,30,6,1493,1,19,2,1
2014300011234,2,9,0,18,6,0,0,0,0,0,1,1,6,3,-1,-1,1968,2,3,-1,-1
2014300011239,1,9,0,18,0,0,1,0,0,0,4,1,6,1,61,9,1998,1,18,2,1
2014300011239,2,9,0,2,0,0,0,0,0,0,0,1,6,3,-1,-1,-1,-1,-1,-1,-1
2014300011242,1,9,0,18,0,1,0,0,0,0,1,1,2,1,-1,-1,1596,1,11,-1,-1
2014300011243,1,9,0,5,0,0,0,0,0,0,1,1,6,1,19,4,1400,1,14,4,1
2014300011248,1,9,0,5,0,0,0,0,0,0,3,1,6,1,-1,-1,1591,1,-1,-1,-1
2014300011252,1,9,0,17,0,0,2,0,1,10,1,1,6,1,31,6,1299,1,12,2,1
2014300011259,1,9,0,18,0,1,0,4,0,0,1,1,6,1,33,6,1248,1,3,6,2
2014300011259,2,9,0,2,0,1,0,0,0,0,2,1,6,1,21,5,1590,1,9,-1,-1
2014300011260,1,4,0,16,0,1,2,0,0,0,1,1,6,1,50,8,400,1,3,3,1
2014300011260,2,9,0,1,0,6,0,0,0,0,2,1,6,1,36,7,1995,2,2,8,1
2014300011263,1,9,0,18,0,1,0,4,0,0,1,1,6,1,57,9,1995,2,13,4,1
2014300011263,2,9,0,2,0,2,0,0,0,0,3,1,6,1,62,9,1995,2,-1,7,1
2014300011263,3,9,0,18,0,8,0,0,0,0,3,1,6,2,54,8,1596,1,12,4,1
2014300011263,4,9,0,2,0,8,0,0,0,0,3,1,6,2,-1,-1,1328,1,10,8,3
2014300011266,1,9,0,5,0,1,0,0,0,0,1,1,6,1,34,6,1582,2,3,3,1
2014300011269,1,9,0,18,0,0,1,4,2,0,1,1,6,2,24,5,998,1,12,1,1
2014300011269,2,9,0,2,9,0,0,0,0,0,4,1,6,1,27,6,-1,-1,-1,8,1
2014300011282,1,9,0,9,0,8,0,0,0,0,4,1,6,1,-1,-1,1560,2,4,-1,-1
2014300011282,2,9,0,18,0,1,0,0,0,0,1,1,1,1,21,5,1398,2,5,10,1
2014300011282,3,9,0,18,0,8,0,0,0,0,1,1,1,1,-1,-1,1781,1,13,6,1
2014300011287,1,19,0,12,0,7,0,0,0,0,0,1,1,1,55,8,2402,2,3,4,1
2014300011287,2,5,0,18,0,2,1,0,4,2,4,1,6,1,58,9,1099,1,21,6,1
2014300011288,1,8,0,18,0,8,0,0,0,0,1,1,6,1,33,6,2148,2,6,5,1
2014300011288,2,9,0,18,0,8,0,0,0,0,4,1,6,1,27,6,1398,2,11,-1,-1
2014300011290,1,90,0,2,0,0,0,0,0,0,2,1,6,2,49,8,2999,2,2,-1,-1
2014300011290,2,9,0,2,0,0,0,0,0,0,3,1,6,2,44,7,1796,1,7,3,2
2014300011296,1,9,0,18,0,0,0,0,0,0,0,1,6,1,26,6,1984,1,6,-1,-1
2014300011296,2,5,0,18,0,0,0,0,0,0,4,1,6,1,36,7,918,1,17,-1,-1
2014300011296,3,9,0,18,0,0,0,0,0,0,1,1,6,2,56,9,1229,1,1,10,1
2014300011297,1,9,0,18,0,8,0,0,0,0,1,1,2,1,26,6,1596,1,9,5,2
2014300011297,2,9,0,7,0,6,0,0,0,0,3,1,6,1,74,10,1997,2,12,5,2
2014300011300,1,9,0,18,0,0,0,0,0,0,1,1,6,1,34,6,1598,1,10,-1,-1
2014300011302,1,9,0,9,0,5,0,0,0,0,3,1,6,2,49,8,1587,1,8,7,1
2014300011310,1,9,0,18,0,8,5,0,0,0,3,1,6,2,20,4,995,1,10,1,1
2014300011310,2,9,0,18,0,8,0,0,0,0,1,1,6,1,26,6,1598,2,3,1,1
2014300011312,1,9,0,16,0,1,0,0,0,0,2,1,2,1,36,7,1229,1,8,2,1
2014300011312,2,9,0,16,0,1,0,0,0,0,1,1,6,1,53,8,1997,2,11,9,1
2014300011315,1,9,0,10,0,8,0,0,0,0,1,1,6,2,46,8,1598,2,1,7,1
2014300011315,2,9,0,18,0,8,0,10,0,0,1,1,6,1,83,11,-1,-1,-1,9,1
2014300011319,1,9,0,18,0,0,0,0,0,0,1,1,1,1,43,7,2000,2,9,3,1
2014300011319,2,9,0,18,0,0,0,0,0,0,2,1,6,2,43,7,1498,1,9,10,1
2014300011320,1,9,0,18,0,0,0,0,0,0,1,1,6,2,55,8,1896,2,7,8,3
2014300011323,1,9,0,1,0,0,0,0,0,0,2,1,6,3,-1,-1,1328,1,9,-1,-1
2014300011325,1,9,0,4,0,8,0,0,0,0,1,1,6,1,29,6,1686,2,-1,1,1
2014300011333,1,9,0,16,0,0,1,0,2,0,3,1,6,1,20,4,1896,2,8,5,2
2014300011334,1,9,0,3,0,1,0,0,0,0,2,1,6,1,68,10,1400,1,11,7,1
2014300011334,2,9,0,4,0,1,0,0,0,0,1,1,6,1,27,6,2982,2,2,4,1
2014300011336,1,9,0,18,0,2,0,10,2,10,1,1,6,1,78,11,1389,1,12,9,1
2014300011338,1,8,0,1,6,0,0,0,0,0,2,1,6,1,50,8,1796,1,11,-1,-1
2014300011339,1,9,0,7,0,6,0,0,0,0,0,1,6,1,-1,-1,-1,-1,-1,-1,-1
2014300011339,2,1,0,18,0,1,0,0,0,0,0,1,1,1,22,5,-1,-1,-1,9,1
2014300011343,1,9,0,18,0,1,0,0,0,0,1,1,6,1,28,6,1242,1,7,3,1
2014300011343,2,9,0,3,0,1,0,0,0,0,2,1,6,2,22,5,973,1,13,5,1
2014300011348,1,9,0,5,0,0,0,0,0,0,1,1,6,1,35,6,1598,1,10,3,1
2014300011349,1,9,0,9,0,6,0,0,0,0,1,1,6,2,-1,-1,-1,-1,-1,-1,-1
2014300011353,1,9,0,18,0,0,0,0,0,0,1,1,1,2,47,8,1399,1,11,3,2
2014300011353,2,9,0,18,0,0,0,0,0,0,2,1,6,1,-1,-1,1910,2,7,1,1
2014300011355,1,9,0,12,0,0,1,0,2,0,4,1,6,2,21,5,1598,1,8,-1,-1
2014300011356,1,9,0,18,0,8,0,0,0,0,1,1,1,1,65,9,1997,2,2,9,1
2014300011356,2,9,0,18,0,8,0,0,0,0,2,1,6,2,44,7,1989,1,14,4,1
2014300011359,1,9,0,4,0,0,1,0,1,0,1,1,6,1,42,7,1389,1,11,-1,-1
2014300011359,2,9,0,18,0,0,0,0,1,4,2,1,6,1,48,8,-1,-1,-1,5,2
2014300011359,3,9,0,2,0,0,0,0,0,0,0,1,1,3,-1,-1,2982,2,2,-1,-1
2014300011362,1,3,0,16,0,0,0,4,0,0,1,1,6,1,24,5,-1,-1,-1,5,1
2014300011362,2,9,0,2,0,0,0,0,0,0,2,1,6,2,45,7,1769,1,11,6,1
2014300011362,3,9,0,2,0,0,0,0,0,0,4,1,6,1,62,9,1997,2,-1,7,2
2014300011363,1,9,0,16,0,0,1,10,1,10,3,1,6,1,33,6,1598,1,7,6,3
2014300011366,1,9,0,18,0,0,2,0,1,4,1,1,6,1,21,5,1368,1,5,1,1
2014300011368,1,9,0,14,0,8,0,11,0,0,1,1,6,3,-1,-1,-1,-1,-1,-1,-1
2014300011368,2,9,0,10,0,8,0,0,0,0,3,1,6,1,23,5,1461,2,11,7,1
2014300011373,1,9,0,11,0,8,0,0,1,1,1,1,2,2,28,6,1368,1,2,7,2
2014300011377,1,9,0,18,0,0,1,0,5,3,1,1,2,1,31,6,1598,1,8,1,1
2014300011377,2,9,0,18,0,0,0,0,0,0,3,1,6,2,55,8,1950,2,15,-1,1
2014300011380,1,9,0,18,0,0,0,0,0,0,1,1,6,2,-1,-1,1390,1,10,10,1
2014300011380,2,9,0,3,0,0,0,0,0,0,2,1,6,2,20,4,1390,1,6,8,1
2014300011381,1,9,0,18,0,0,5,0,1,7,1,1,6,1,24,5,1199,1,12,2,1
2014300011381,2,9,0,12,0,0,2,0,1,7,1,1,6,1,67,10,1598,1,8,3,1
2014300011383,1,9,0,16,0,8,1,0,0,0,1,1,1,1,23,5,1360,1,14,-1,-1
2014300011383,2,9,0,17,0,8,0,0,0,0,1,1,6,1,60,9,1360,1,10,-1,-1
2014300011385,1,9,0,18,0,0,0,12,0,0,1,1,6,1,56,9,1999,2,6,6,1
2014300011387,1,9,0,18,0,0,1,0,1,4,1,1,6,1,22,5,1998,1,7,2,1
2014300011396,1,9,0,18,0,0,2,0,2,7,4,1,2,1,28,6,1360,1,14,5,1
2014300011398,1,9,0,18,0,0,1,0,5,6,4,1,6,2,61,9,1685,2,-1,8,1
2014300011398,2,21,1,18,0,0,3,0,2,10,1,1,1,1,57,9,12740,2,1,6,1
2014300011408,1,9,0,18,0,0,1,0,5,6,1,1,1,1,20,4,2151,2,13,3,1
2014300011408,2,9,0,18,0,0,1,0,0,0,1,1,1,1,44,7,998,1,-1,9,1
2014300011411,1,9,0,17,0,0,1,0,0,0,3,1,6,1,-1,-1,1994,1,11,9,2
2014300011411,2,9,0,16,0,0,0,0,0,0,3,1,6,1,40,7,1984,1,11,4,1
2014300011416,1,9,0,7,0,8,1,0,0,0,3,1,6,2,31,6,1390,1,14,1,1
2014300011416,2,9,0,18,0,8,0,0,0,0,1,1,1,1,55,8,-1,-1,-1,2,1
2014300011419,1,9,0,18,0,0,1,0,1,4,1,1,6,2,20,4,1149,1,5,5,1
2014300011420,1,9,0,18,0,0,0,0,0,0,1,1,6,2,30,6,1686,2,2,7,1
2014300011420,2,9,0,18,0,0,1,0,8,4,1,1,6,2,21,5,1242,1,1,6,1
2014300011422,1,9,0,17,0,0,1,0,0,0,4,1,6,1,61,9,1995,2,-1,10,1
2014300011422,2,9,0,16,0,0,1,0,1,0,1,1,6,1,50,8,1242,1,1,5,1
2014300011423,1,9,0,2,0,0,0,0,0,0,2,1,6,2,25,5,1242,1,9,4,1
2014300011423,2,9,0,4,0,0,0,4,0,0,1,1,6,1,43,7,1339,1,11,2,1
2014300011423,3,9,0,4,0,0,0,0,0,0,2,1,6,2,39,7,1396,1,-1,-1,-1
2014300011423,4,9,0,18,0,0,0,0,0,0,1,1,6,1,33,6,1968,2,8,7,1
2014300011428,1,9,0,16,0,0,0,0,0,0,1,1,6,1,70,10,1870,2,11,3,2
2014300011428,2,9,0,16,0,0,0,0,0,0,3,1,6,1,35,6,1995,2,17,-1,-1
2014300011428,3,9,0,16,0,0,0,0,0,0,3,1,6,1,50,8,2959,2,11,-1,-1
2014300011428,4,9,0,16,0,0,0,0,0,0,1,1,6,2,37,7,1910,2,8,-1,-1
2014300011430,1,9,0,11,7,0,0,0,0,0,1,1,6,2,36,7,1896,2,12,10,1
2014300011430,2,21,1,2,6,0,0,0,0,0,3,1,1,1,29,6,16400,2,-1,-1,-1
2014300011432,1,9,0,11,7,0,0,0,0,0,1,1,6,2,67,10,998,1,-1,5,2
2014300011432,2,21,1,2,6,0,0,0,0,0,2,1,1,1,29,6,16400,2,-1,-1,-1
2014300011435,1,9,0,18,0,0,1,0,1,0,4,1,2,2,55,8,2099,1,12,4,1
2014300011436,1,9,0,13,0,0,0,0,0,0,1,1,6,3,-1,-1,1149,1,13,-1,-1
2014300011436,2,9,0,18,0,0,1,4,0,0,2,1,6,1,26,6,1598,1,13,5,1
2014300011436,3,9,0,2,0,0,0,0,0,0,2,1,6,3,29,6,1396,1,13,6,1
2014300011436,4,9,0,2,0,0,0,0,0,0,3,1,1,3,-1,-1,1086,1,5,2,1
2014300011436,5,9,0,2,0,0,0,0,0,0,3,1,6,3,-1,-1,1753,2,9,2,1
2014300011437,1,9,0,16,0,1,0,0,1,2,1,1,6,1,38,7,1240,1,12,1,1
2014300011441,1,9,0,16,0,2,0,0,1,7,1,1,6,1,35,6,1398,1,14,2,1
2014300011466,1,9,0,9,0,8,0,0,1,0,0,1,6,2,-1,-1,-1,-1,-1,-1,-1
2014300011466,2,11,0,4,0,1,0,0,0,0,0,1,1,1,-1,-1,9000,2,6,4,1
2014300011473,1,9,0,17,0,0,2,0,1,0,1,1,2,2,29,6,1388,1,10,6,3
2014300011491,1,5,0,9,0,8,1,0,0,0,0,1,6,1,43,7,996,1,13,-1,1
2014300011491,2,19,0,5,0,4,0,0,0,0,0,1,1,1,23,5,1998,2,11,8,1
2014300011534,1,9,0,14,0,0,0,0,0,0,1,1,6,1,-1,-1,-1,-1,-1,-1,-1
2014300011534,2,11,0,2,0,0,0,0,0,0,0,1,1,3,-1,-1,-1,-1,-1,-1,-1
2014300011549,1,9,0,17,0,0,1,0,1,4,3,1,6,1,26,6,998,1,13,4,1
2014300011550,1,9,0,17,0,0,1,0,1,4,1,1,6,2,30,6,998,1,9,-1,-1
2014300011567,1,9,0,2,0,0,0,0,0,0,0,1,6,1,29,6,1595,1,7,8,1
2014300011567,2,21,1,12,0,0,0,0,0,0,0,1,1,1,28,6,7790,2,6,7,1
2014300011567,3,9,0,18,0,0,0,0,1,7,4,1,6,2,21,5,1296,1,6,1,1
2014300011580,1,9,0,18,0,0,0,0,0,0,1,1,6,1,23,5,1988,1,13,5,2
2014300011580,2,8,0,2,0,0,0,0,0,0,3,1,6,1,63,9,-1,-1,-1,-1,1
2014300011580,3,9,0,2,0,0,0,0,0,0,2,1,6,1,51,8,-1,-1,-1,5,2
2014300011640,1,2,0,14,0,0,0,0,0,0,4,1,1,3,29,6,124,1,3,3,1
2014300011652,1,9,0,18,0,0,0,0,0,0,1,1,6,2,34,6,1753,2,13,7,1
2014300011747,1,9,0,5,0,0,0,0,0,0,1,1,6,2,23,5,1560,2,3,10,1
2014300011747,2,9,0,14,0,0,0,0,0,0,1,1,6,1,29,6,1598,1,12,3,1
2014300011827,1,9,0,18,0,0,0,0,0,0,1,1,6,2,42,7,998,1,10,-1,-1
2014300011856,1,9,0,9,0,8,0,0,0,0,1,1,6,1,22,5,1910,2,10,-1,-1
2014300011856,2,8,0,18,0,8,1,0,0,0,2,1,1,1,36,7,1968,2,7,2,1
2014300012200,1,9,0,18,0,0,0,0,0,0,3,1,6,1,46,8,1242,1,8,7,1
2014300013484,1,9,0,5,0,0,0,0,0,0,1,1,6,1,-1,-1,1968,2,3,-1,-1
201431A000514,1,9,0,18,0,1,0,0,0,0,1,1,6,2,41,7,1799,1,3,4,1
201431A001414,1,3,0,13,0,0,0,7,7,0,1,1,2,1,27,6,124,1,9,3,1
201431A001414,2,9,0,18,0,0,0,0,0,0,0,1,6,3,-1,-1,-1,-1,-1,-1,-1
201431A002114,1,9,0,18,0,2,0,0,0,0,1,1,6,1,69,10,1598,1,9,5,1
201431A002214,1,9,0,17,0,0,1,6,0,0,1,1,6,1,26,6,1299,1,12,1,1
201431A002214,2,9,0,18,0,0,0,0,0,0,1,1,2,1,42,7,2792,1,13,3,2
201431A002614,1,5,0,16,0,2,0,0,0,0,4,1,6,1,20,4,649,1,14,5,1
201431A003514,1,9,0,18,0,8,0,0,0,0,1,1,2,1,52,8,-1,-1,-1,5,1
201431A003514,2,9,0,9,0,6,0,0,0,0,3,1,2,1,43,7,1984,1,6,2,2
201431A003514,3,9,0,9,0,6,0,0,0,0,1,1,6,1,19,4,1149,1,3,5,1
201431A003914,1,9,0,18,0,8,0,10,7,0,3,1,6,2,38,7,1240,1,11,2,1
201431A003914,2,9,0,18,0,8,0,10,7,0,1,1,6,2,19,4,998,1,11,3,1
201431A004314,1,8,0,17,0,2,0,0,0,0,1,1,1,1,35,6,1560,2,6,1,1
201431A005514,1,1,0,11,0,2,0,0,0,0,1,1,2,1,24,5,-1,-1,-1,9,1
201431A005514,2,9,0,18,0,1,0,0,0,0,1,1,2,1,60,9,1598,1,11,4,1
201431A007014,1,9,0,9,0,6,0,0,0,0,1,1,6,1,68,10,998,1,3,3,3
201431A007614,1,9,0,13,0,2,0,0,0,0,2,1,6,2,25,5,1229,1,1,9,1
201431A007614,2,19,0,18,0,2,0,0,0,0,1,1,1,1,46,8,-1,-1,-1,5,1
201431A008914,1,9,0,17,0,0,0,0,1,11,1,1,4,1,18,4,998,1,4,1,1
201431A009014,1,8,0,14,0,1,0,0,0,0,1,1,1,1,45,7,1997,2,5,4,2
201431A009114,1,9,0,18,0,8,0,0,0,0,1,1,6,2,30,6,1368,1,5,7,1
201431A009714,1,11,0,4,0,1,0,0,0,0,1,1,2,1,46,8,6700,2,10,2,1
201431A009714,2,9,0,3,0,1,0,0,0,0,2,1,4,1,49,8,1968,2,3,6,3
201431A009814,1,9,0,18,0,1,0,0,0,0,3,1,6,3,-1,-1,-1,-1,-1,-1,-1
201431A010314,1,9,0,9,0,5,0,0,0,0,4,1,2,1,23,5,1299,1,11,4,1
201431A010314,2,3,0,18,0,8,0,0,0,0,1,1,2,1,27,6,125,1,1,4,2
201431A010814,1,9,0,7,0,6,0,0,1,0,3,1,6,1,38,7,-1,-1,-1,4,1
201431A010814,2,9,0,17,0,8,0,0,0,0,4,1,6,1,20,4,1388,1,11,7,1
201431A012414,1,9,0,18,0,0,0,0,0,0,1,1,1,1,44,7,1997,1,6,-1,-1
201431A012414,2,10,0,3,0,0,0,0,0,0,2,1,2,2,42,7,-1,-1,-1,10,2
201431A012414,3,9,0,3,0,0,0,0,0,0,2,1,1,2,39,7,1598,1,6,6,2
201431A012614,1,9,0,18,0,0,0,0,2,11,1,1,6,1,19,4,1390,1,14,3,1
201431A012614,2,9,0,18,0,0,0,0,0,0,3,1,6,1,35,6,1560,2,3,-1,-1
201431A013114,1,9,0,18,0,8,0,0,0,0,1,1,2,1,66,10,1598,1,7,6,1