Accident_Index,Vehicle_Reference,Vehicle_Type,Towing_and_Articulation,Vehicle_Manoeuvre,Vehicle_Location-Restricted_Lane,Junction_Location,Skidding_and_Overturning,Hit_Object_in_Carriageway,Vehicle_Leaving_Carriageway,Hit_Object_off_Carriageway,1st_Point_of_Impact,Was_Vehicle_Left_Hand_Drive?,Journey_Purpose_of_Driver,Sex_of_Driver,Age_of_Driver,Age_Band_of_Driver,Engine_Capacity_(CC),Propulsion_Code,Age_of_Vehicle,Driver_IMD_Decile,Driver_Home_Area_Type
201431A172214,2,9,0,18,0,8,0,0,0,0,4,1,6,2,43,7,2902,2,11,6,1
201431A172914,1,9,0,6,0,0,0,4,0,0,1,1,6,2,53,8,1197,1,-1,7,1
201431A172914,2,9,0,18,0,0,0,0,0,0,4,1,6,1,32,6,1391,1,17,5,1
201431A172914,3,9,0,2,0,0,0,0,0,0,4,1,6,3,-1,-1,1242,1,7,-1,-1
201431A173014,1,9,0,14,0,5,0,0,0,0,3,1,3,2,26,6,1587,1,11,2,1
201431A173014,2,9,0,18,0,1,0,0,0,0,3,1,6,2,32,6,1984,1,11,2,1
201431A173114,1,19,0,18,0,1,0,0,0,0,1,1,6,1,60,9,2148,2,7,3,1
201431A173114,2,9,0,3,0,1,0,0,0,0,2,1,6,2,62,9,1999,1,5,-1,-1
201431A173614,1,9,0,18,0,1,1,0,2,3,1,1,6,1,28,6,1199,1,12,1,1
201431A173614,2,9,0,2,0,1,0,0,2,3,3,1,6,1,-1,-1,1870,2,7,4,1
201431A173614,3,9,0,2,0,1,0,0,0,0,2,1,6,1,-1,-1,998,1,12,6,1
201431A173814,1,9,0,1,0,8,0,0,0,0,2,1,6,2,-1,-1,1796,1,2,9,1
201431A173814,2,9,0,3,0,1,0,0,0,0,1,1,6,1,44,7,1422,2,7,9,1
201431A174214,1,9,0,4,0,1,0,0,0,0,1,1,6,1,42,7,1560,2,5,6,1
201431A174314,1,9,0,18,0,0,0,0,7,0,1,1,6,1,-1,-1,1796,1,14,3,1
201431A174314,2,9,0,1,0,0,0,0,0,0,2,1,6,1,20,4,1149,1,6,4,1
201431A175714,1,9,0,18,0,8,0,0,0,0,1,1,6,1,73,10,1596,1,12,2,2
201431A175714,2,9,0,10,0,8,0,0,0,0,2,1,6,2,51,8,1124,1,7,4,2
201431A176014,1,9,0,16,0,8,0,0,0,0,1,1,2,1,38,7,1275,1,16,4,1
201431A176014,2,9,0,9,0,6,0,0,0,0,3,1,2,2,61,9,1968,2,-1,6,3
201431A177314,1,3,0,18,0,0,1,0,0,0,1,1,2,1,19,4,124,1,1,6,1
201431A177914,1,5,0,18,0,8,0,0,0,0,1,1,6,1,37,7,918,1,18,1,1
201431A177914,2,9,0,10,0,8,0,0,0,0,2,1,3,1,27,6,1781,1,12,1,1
201431A178014,1,9,0,9,0,5,0,0,0,0,4,1,6,2,22,5,2000,2,10,4,1
201431A178014,2,5,0,16,0,8,0,0,0,0,1,1,6,1,54,8,1298,1,11,-1,-1
201431A178514,1,9,0,18,0,0,0,0,0,0,1,1,6,1,33,6,1461,2,2,4,1
201431A178614,1,3,0,18,0,0,0,7,0,0,1,1,6,1,20,4,125,1,1,2,2
201431A178814,1,9,0,18,0,1,0,0,1,10,1,1,6,1,33,6,2999,2,15,4,1
201431A178814,2,1,0,18,0,2,0,0,7,10,4,1,6,1,41,7,-1,-1,-1,6,1
201431A180614,1,9,0,9,0,6,0,0,0,0,3,1,6,1,58,9,1896,2,8,6,1
201431A180614,2,11,0,18,0,8,0,0,0,0,1,1,1,1,52,8,9000,2,9,-1,-1
201431A181314,1,9,0,18,0,1,1,0,8,2,2,1,6,1,19,4,1900,2,14,5,1
201431A181614,1,9,0,18,0,1,0,0,0,0,1,1,6,1,28,6,1598,1,12,1,1
201431A181614,2,9,0,10,0,8,0,0,0,0,2,1,6,2,20,4,1242,1,12,10,1
201431A181714,1,9,0,17,0,0,2,0,7,11,1,1,2,2,28,6,1299,1,11,6,1
201431A182814,1,1,0,18,0,8,0,0,0,0,3,1,6,1,10,2,-1,-1,-1,-1,-1
201431A182814,2,9,0,18,0,8,0,0,0,0,1,1,6,2,66,10,1388,1,12,-1,-1
201431A183514,1,11,0,18,0,0,0,0,0,0,4,1,1,1,54,8,4250,2,2,2,1
201431A183714,1,1,0,16,0,0,0,0,0,0,1,1,2,1,43,7,-1,-1,-1,5,1
201431A184014,1,9,0,4,0,1,1,0,0,0,1,1,6,1,35,6,1598,1,9,10,1
201431A184014,2,9,0,3,0,1,0,0,0,0,2,1,1,2,33,6,1968,2,7,4,1
201431A184014,3,9,0,3,0,1,0,0,0,0,2,1,6,2,39,7,1198,1,1,8,1
201431A184014,4,9,0,3,0,1,0,0,0,0,2,1,6,2,41,7,1783,1,10,2,1
201431A184614,1,9,0,18,0,8,0,0,0,0,1,1,6,1,-1,-1,1598,1,11,6,3
201431A184614,2,9,0,9,0,5,0,0,0,0,4,1,6,2,18,4,1199,1,10,6,3
201431A184914,1,11,0,2,0,8,0,0,0,0,0,1,1,1,48,8,6871,2,5,4,1
201431A185014,1,9,0,9,0,6,0,0,0,0,3,1,6,2,52,8,998,1,7,4,1
201431A185014,2,90,0,18,0,8,0,0,0,0,3,1,1,1,32,6,2198,2,2,2,1
201431A185614,1,9,0,1,0,1,0,0,0,0,2,1,6,3,-1,-1,-1,-1,-1,-1,-1
201431A186014,1,9,0,18,0,1,0,0,0,0,1,1,6,1,34,6,1997,2,12,7,1
201431A186014,2,1,0,18,0,2,0,0,0,0,1,1,6,1,12,3,-1,-1,-1,3,1
201431A186214,1,9,0,9,0,1,0,0,0,0,1,1,2,2,49,8,1598,1,8,6,1
201431A186214,2,9,0,18,0,8,0,0,0,0,1,1,6,2,18,4,998,1,10,2,1
201431A186614,1,9,0,18,0,0,2,0,7,0,3,1,6,1,31,6,1360,1,14,-1,1
201431A187114,1,9,0,18,0,1,0,0,0,0,1,1,2,1,30,6,1587,1,12,3,1
201431A187114,2,9,0,4,0,1,0,0,0,0,2,1,6,1,59,9,1587,1,11,9,1
201431A187114,3,9,0,4,0,1,0,0,0,0,2,1,1,2,18,4,1248,1,1,3,2
201431A188014,1,19,0,18,0,1,0,0,0,0,1,1,1,1,58,9,4500,2,7,3,2
201431A188014,2,19,0,3,0,1,0,0,0,0,2,1,1,1,46,8,2402,2,11,5,1
201431A189314,1,9,0,18,0,2,1,0,0,0,1,1,6,1,21,5,1997,1,15,-1,-1
201431A189314,2,9,0,10,0,1,0,0,0,0,1,1,6,2,45,7,998,1,19,2,1
201431A189314,3,9,0,7,0,6,0,0,0,0,2,1,6,1,83,11,1497,8,7,6,1
201431A192014,1,9,0,18,0,1,1,0,0,0,1,1,6,3,-1,-1,-1,-1,-1,-1,-1
201431A192014,2,9,0,4,0,1,0,0,0,0,2,1,6,2,44,7,1299,1,13,1,1
201431A193314,1,9,0,4,0,1,0,0,0,0,1,1,6,1,34,6,1988,2,8,5,1
201431A193314,2,9,0,8,0,1,0,0,0,0,2,1,6,2,40,7,998,1,8,4,1
201431A193514,1,9,0,18,0,1,0,4,0,0,1,1,6,1,22,5,1396,1,13,2,2
201431A193514,2,9,0,2,0,1,0,0,0,0,4,1,6,1,28,6,1895,1,15,4,2
201431A194114,1,1,0,18,9,0,0,0,0,0,1,1,6,1,56,9,-1,-1,-1,-1,1
201431A194114,2,9,0,3,0,0,0,0,0,0,1,1,6,2,46,8,1997,2,4,8,3
201431A194314,1,11,0,4,0,1,0,0,0,0,0,1,1,2,46,8,4250,1,13,1,1
201431A194514,1,20,5,9,0,6,0,0,0,0,3,1,1,1,39,7,4580,2,9,3,3
201431A194514,2,9,0,18,0,8,0,0,0,0,1,1,6,1,28,6,1598,1,14,3,2
201431A195114,1,9,0,18,0,1,0,0,0,0,1,1,6,1,30,6,1298,1,20,2,1
201431A195114,2,9,0,4,0,1,0,0,0,0,2,1,6,2,17,4,1248,2,2,5,1
201431A195214,1,9,0,1,0,6,0,0,0,0,2,1,6,2,26,6,1124,1,13,2,1
201431A195914,1,3,0,18,0,8,0,0,0,0,1,1,6,1,28,6,125,1,13,3,2
201431A195914,2,9,0,9,0,5,0,0,0,0,4,1,6,1,32,6,1840,1,15,2,2
201431A196114,1,9,0,18,0,8,0,0,0,0,1,1,6,1,29,6,1497,1,12,3,1
201431A196114,2,1,0,18,0,8,0,0,0,0,1,1,6,2,13,3,-1,-1,-1,8,1
201431A196614,1,9,0,18,0,0,5,7,0,0,1,1,2,1,51,8,-1,-1,-1,3,1
201431A196714,1,9,0,9,0,6,0,0,0,0,4,1,6,1,18,4,1596,1,8,7,1
201431A196714,2,9,0,9,0,6,0,0,1,0,3,1,6,1,33,6,1360,1,13,3,1
201431A197314,1,9,0,12,0,1,0,0,0,0,1,1,2,1,28,6,-1,-1,-1,9,1
201431A197314,2,9,0,3,0,1,0,0,0,0,3,1,3,2,33,6,-1,-1,-1,9,1
201431A197314,3,9,0,3,0,1,0,0,0,0,2,1,3,2,31,6,1896,2,13,4,1
201431A197514,1,9,0,14,0,0,0,0,0,0,1,1,6,2,59,9,1794,1,12,3,1
201431A198014,1,9,0,18,0,8,0,0,0,0,1,1,2,2,43,7,1587,1,16,6,1
201431A198014,2,1,0,9,0,6,0,0,0,0,1,1,2,1,23,5,-1,-1,-1,-1,-1
201431A199014,1,9,0,1,0,6,0,0,0,0,2,1,6,3,-1,-1,-1,-1,-1,-1,-1
201431A199014,2,1,0,18,0,8,0,0,0,0,4,1,6,1,17,4,-1,-1,-1,4,1
201431A200614,1,3,0,18,0,2,0,0,0,0,1,1,6,1,22,5,124,1,1,1,1
201431A200614,2,9,0,4,0,2,0,0,0,0,2,1,6,1,-1,-1,-1,-1,-1,-1,-1
201431A200714,1,9,0,1,9,1,0,0,0,0,2,1,6,1,19,4,1910,2,9,2,1
201431A200814,1,2,0,4,0,1,1,0,0,0,0,1,6,1,-1,-1,49,1,14,6,1
201431A200914,1,1,0,14,0,8,1,0,0,0,1,1,6,1,45,7,-1,-1,-1,6,1
201431A200914,2,19,0,10,0,1,0,0,0,0,0,1,6,1,21,5,2143,2,2,2,1
201431A201614,1,1,0,9,0,4,0,0,0,0,3,1,6,1,-1,-1,-1,-1,-1,7,1
201431A201614,2,9,0,9,0,4,0,0,0,0,3,1,6,1,80,11,999,1,9,4,1
201431A202314,1,3,0,13,0,8,0,0,0,0,1,1,2,1,23,5,-1,-1,-1,-1,-1
201431A202314,2,9,0,9,0,5,0,0,0,0,3,1,2,1,29,6,1598,1,9,2,1
201431A202914,1,9,0,9,0,8,0,0,0,0,1,1,2,1,43,7,1896,2,11,9,1
201431A202914,2,4,0,14,0,8,0,0,0,0,4,1,6,1,53,8,198,1,32,2,1
201431A204214,1,9,0,7,0,5,0,0,0,0,2,1,6,1,31,6,1998,2,7,3,1
201431A204214,2,9,0,18,0,1,0,0,0,0,1,1,6,2,20,4,1299,1,12,-1,-1
201431A204914,1,21,0,11,0,1,0,0,0,0,1,1,1,1,69,10,12600,2,7,3,1
201431A204914,2,9,0,18,0,1,1,0,0,0,3,1,6,1,66,10,998,1,9,7,1
201431A205214,1,1,0,18,0,8,0,0,0,0,4,1,1,1,26,6,-1,-1,-1,2,1
201431A205214,2,9,0,7,0,6,0,0,0,0,0,1,6,3,-1,-1,-1,-1,-1,-1,-1
201431A206214,1,11,0,18,0,8,0,0,0,0,1,1,1,1,59,9,9600,2,19,4,1
201431A206514,1,19,0,18,0,8,0,0,0,0,1,1,6,1,33,6,2402,2,5,5,1
201431A206514,2,1,0,18,0,8,0,0,0,0,3,1,6,1,20,4,-1,-1,-1,-1,-1
201431A206814,1,9,0,18,0,8,0,0,0,0,1,1,6,2,17,4,1499,2,1,5,1
201431A206814,2,9,0,18,0,8,0,0,0,0,3,1,6,2,29,6,1796,1,15,2,1
201431A206914,1,9,0,3,0,0,0,0,0,0,1,1,6,1,39,7,1390,1,17,2,1
201431A206914,2,2,0,18,0,0,0,0,0,0,1,1,6,1,24,5,-1,-1,-1,1,1
201431A207314,1,9,0,5,0,0,0,0,0,0,3,1,6,2,18,4,1199,1,12,6,1
201431A207314,2,9,0,18,0,0,0,0,0,0,1,1,6,1,18,4,1242,1,9,7,1
201431A208714,1,9,0,18,0,0,5,0,1,7,1,1,6,1,29,6,1598,1,13,7,1
201431A211014,1,9,0,18,0,0,0,0,0,0,1,1,6,1,-1,-1,1968,2,7,1,1
201431A211014,2,9,0,18,0,0,0,0,0,0,2,1,1,1,40,7,-1,-1,-1,4,1
201431A211214,1,1,0,18,0,0,0,0,0,0,3,1,6,1,15,3,-1,-1,-1,3,1
201431A211214,2,9,0,18,0,0,0,0,0,0,3,1,1,1,28,6,998,1,14,5,1
201431A211414,1,1,0,18,0,1,0,0,0,0,3,1,6,2,20,4,-1,-1,-1,-1,-1
201431A211414,2,9,0,18,0,1,0,0,0,0,1,1,6,2,25,5,1834,1,9,5,1
201431A212314,1,9,0,14,0,0,5,0,0,0,4,1,6,2,23,5,1242,1,4,-1,-1
201431A212314,2,9,0,2,0,0,0,0,0,0,3,1,6,2,60,9,1149,1,4,7,1
201431A213414,1,9,0,18,0,0,0,0,0,0,1,1,6,1,54,8,1794,1,8,5,1
201431A213414,2,1,0,18,0,0,0,0,0,0,2,1,6,1,10,2,-1,-1,-1,1,1
201431A213914,1,9,0,18,0,1,0,0,0,0,1,1,6,2,18,4,1299,1,10,6,1
201431A215914,1,1,0,18,0,1,0,0,1,0,1,1,6,3,-1,-1,-1,-1,-1,-1,-1
201431A217314,1,3,0,9,0,2,0,0,0,0,3,1,1,1,46,8,124,1,4,2,1
201431A217614,1,9,0,16,0,0,1,0,0,0,1,1,6,2,33,6,1396,1,12,3,3
201431A217614,2,17,0,17,0,0,0,0,0,0,1,1,6,1,52,8,-1,2,17,8,3
201431A218014,1,9,0,18,0,8,0,0,0,0,1,1,2,2,32,6,998,1,12,2,1
201431A218014,2,9,0,10,0,8,0,0,0,0,2,1,6,2,32,6,1461,2,13,6,1
201431A218114,1,9,0,14,0,0,0,0,0,0,4,1,6,2,40,7,1598,1,11,3,1
201431A218314,1,9,0,18,0,0,0,4,0,0,1,1,1,2,24,5,1995,2,8,8,1
201431A218314,2,9,0,2,0,0,0,0,0,0,2,1,6,2,52,8,1800,1,16,7,1
201431A219814,1,11,0,18,0,2,0,0,0,0,0,1,1,1,40,7,-1,-1,-1,3,1
201431A220214,1,9,0,18,0,2,0,0,0,0,1,1,6,1,22,5,848,1,-1,4,1
201431A220214,2,9,0,18,0,2,0,0,0,0,2,1,6,1,49,8,1248,1,2,4,1
201431A220314,1,9,0,13,0,0,0,0,0,0,1,1,6,1,19,4,1399,2,10,3,1
201431A220314,2,9,0,14,0,0,0,0,0,0,2,1,2,1,32,6,1398,2,1,1,1
201431A220614,1,8,0,5,0,0,0,0,0,0,4,1,1,1,45,7,1968,2,5,4,2
201431A220814,1,19,0,18,0,0,1,0,0,0,1,1,1,2,51,8,1399,2,3,7,1
201431A220914,1,9,0,18,0,0,0,4,0,0,1,1,6,3,-1,-1,1948,1,14,-1,-1
201431A220914,2,9,0,2,0,0,0,0,1,0,2,1,6,3,-1,-1,1895,1,15,-1,-1
201431A220914,3,1,0,18,9,0,0,0,0,0,1,1,6,1,21,5,-1,-1,-1,4,1
201431A220914,4,9,0,2,0,0,0,0,0,0,2,1,6,1,-1,-1,999,1,4,-1,-1
201431A220914,5,9,0,2,0,0,0,0,0,0,2,1,6,1,-1,-1,1984,1,1,-1,-1
201431A222514,1,19,0,9,0,5,0,0,0,0,4,1,6,1,25,5,2198,2,4,1,1
201431A222514,2,9,0,18,0,8,0,0,0,0,1,1,6,2,29,6,1686,2,4,5,1
201431A222614,1,5,0,9,0,5,0,0,0,0,4,1,6,1,34,6,599,1,8,-1,-1
201431A222614,2,9,0,18,0,8,0,0,0,0,1,1,6,2,42,7,1596,1,7,-1,-1
201431A223114,1,9,0,6,0,8,0,0,0,0,4,1,6,1,42,7,1753,2,6,9,1
201431A223114,2,9,0,7,0,6,0,0,0,0,1,1,6,1,41,7,1999,1,12,-1,-1
201431A223314,1,9,0,4,0,4,1,0,0,0,1,1,2,1,68,10,998,1,1,6,3
201431A223314,2,9,0,9,0,8,0,0,0,0,4,1,2,1,25,5,1686,2,6,2,2
201431A223414,1,3,0,9,0,6,0,0,0,0,3,1,2,1,19,4,124,1,-1,5,1
201431A223414,2,9,0,18,0,8,0,0,0,0,1,1,6,1,49,8,1596,1,14,1,1
201431A224014,1,1,0,18,0,8,0,0,0,0,1,1,6,1,44,7,-1,-1,-1,1,1
201431A224014,2,9,0,9,0,6,0,0,0,0,1,1,6,1,71,10,1968,2,7,1,1
201431A224014,3,9,0,7,0,5,0,0,0,0,3,1,6,2,62,9,1997,2,4,6,3
201431A224714,1,9,0,13,0,0,0,0,0,0,4,1,6,3,-1,-1,-1,-1,-1,-1,-1
201431A224714,2,1,0,18,0,0,0,0,0,0,3,1,2,1,34,6,-1,-1,-1,-1,2
201431A224814,1,9,0,3,0,0,0,0,0,0,2,1,6,2,43,7,1124,1,8,5,1
201431A224814,2,9,0,3,0,0,0,0,0,0,2,1,2,1,49,8,1968,2,1,-1,-1
201431A224814,3,9,0,18,0,0,0,0,0,0,1,1,6,1,18,4,2902,2,12,1,1
201431A224814,4,19,0,18,0,0,0,0,0,0,1,1,6,1,28,6,2198,2,5,6,1
201431A224914,1,9,0,18,0,0,1,0,7,4,1,1,6,1,18,4,1396,1,9,2,1
201431A226414,1,19,0,9,0,4,0,0,0,0,2,1,1,1,40,7,1995,2,1,3,2
201431A226414,2,9,0,18,0,8,0,0,0,0,4,1,6,2,69,10,1598,1,3,6,1
201431A226514,1,9,0,18,0,0,0,0,0,0,4,1,6,3,-1,-1,-1,-1,-1,-1,-1
201431A227014,1,9,0,18,0,0,0,0,0,0,1,1,6,1,22,5,1896,2,11,3,1
201431A227014,2,1,0,18,0,0,0,0,0,0,3,1,6,1,19,4,-1,-1,-1,1,1
201431A227814,1,1,0,18,0,0,0,0,0,0,2,1,6,1,31,6,-1,-1,-1,-1,-1
201431A227814,2,9,0,14,0,0,0,0,0,0,1,1,6,1,-1,-1,-1,-1,-1,-1,-1
201431A228014,1,9,0,18,0,8,1,7,5,1,1,1,6,2,46,8,1242,1,15,1,1
201431A228014,2,9,0,9,0,6,0,0,0,0,3,1,6,2,25,5,1798,1,7,-1,-1
201431A228214,1,1,0,18,9,2,0,0,0,0,1,1,6,1,-1,-1,-1,-1,-1,-1,-1
201431A228914,1,9,0,7,0,5,0,0,0,0,1,1,6,1,32,6,1598,1,10,2,1
201431A229114,1,19,0,18,0,1,0,0,0,0,1,1,1,1,43,7,2402,2,13,4,1
201431A229114,2,19,0,7,0,5,0,0,0,0,2,1,1,1,48,8,2463,2,8,-1,-1
201431A229814,1,9,0,7,0,5,0,0,0,0,1,1,2,1,44,7,1390,1,9,3,1
201431A230214,1,9,0,18,0,0,0,0,1,2,1,1,6,1,22,5,1196,1,18,8,2
201431A230314,1,10,0,4,0,2,0,0,0,0,2,1,2,1,59,9,2463,2,10,-1,-1
201431A230314,2,1,0,18,0,2,0,0,0,0,1,1,1,1,33,6,-1,-1,-1,1,1
201431A230614,1,9,0,18,0,1,0,0,0,0,4,1,6,1,37,7,1390,1,14,2,1
201431A230614,2,9,0,18,0,1,0,0,0,0,3,1,6,2,54,8,1399,2,6,1,1
201431A231014,1,19,0,17,0,2,0,0,1,1,1,1,6,1,44,7,1998,2,8,5,1
201431A231114,1,9,0,9,0,5,0,0,0,0,1,1,6,1,63,9,1591,1,1,2,1
201431A231114,2,9,0,18,0,8,0,0,0,0,1,1,6,1,23,5,1461,2,5,4,2
201431A231314,1,9,0,18,0,0,1,0,1,2,3,1,6,1,21,5,1461,2,11,-1,-1
201431A231514,1,9,0,16,0,1,0,7,0,0,3,1,1,1,-1,-1,1968,2,1,6,3
201431A232414,1,9,0,7,0,6,1,0,7,2,3,1,6,2,-1,-1,1149,1,13,1,2
201431A232614,1,9,0,9,0,8,0,0,0,0,4,1,6,2,21,5,-1,-1,-1,1,1
201431A232614,2,19,0,18,0,8,0,0,0,0,1,1,6,1,65,9,2198,2,7,3,1
201431A232714,1,9,0,18,0,0,0,4,0,0,3,1,6,1,-1,-1,1124,1,14,2,1
201431A232714,2,19,0,2,0,0,0,0,0,0,4,1,6,3,-1,-1,1995,2,6,-1,-1
201431A232914,1,11,0,4,0,0,0,0,0,0,0,1,1,1,47,8,4250,2,2,3,2
201431A233014,1,19,0,9,0,5,0,0,0,0,4,1,2,1,26,6,-1,-1,-1,4,1
201431A233014,2,1,0,18,0,8,0,0,0,0,1,1,6,1,47,8,-1,-1,-1,-1,1
201431A233114,1,9,0,9,0,5,0,0,0,0,1,1,6,2,39,7,1149,1,7,1,1
201431A233714,1,9,0,18,0,1,0,0,0,0,1,1,6,2,24,5,1398,1,-1,4,1
201431A233914,1,9,0,4,0,1,0,0,0,0,1,1,6,2,22,5,-1,-1,-1,4,1
201431A233914,2,9,0,4,0,1,0,0,0,0,2,1,3,2,35,6,1560,2,8,4,1
201431A233914,3,19,0,3,0,8,0,0,0,0,2,1,1,1,-1,-1,2402,2,5,-1,-1
201431A234414,1,21,1,18,0,1,0,0,0,0,1,1,1,1,44,7,12740,2,4,4,1
201431A234414,2,9,0,4,0,1,0,0,0,0,2,1,6,2,48,8,1994,2,6,2,1
201431A235514,1,9,0,12,0,1,0,0,0,0,0,1,6,1,-1,-1,2926,2,14,3,1
201431A235514,2,9,0,18,0,1,0,0,0,0,1,1,6,1,19,4,1596,1,3,2,2
201431A235514,3,9,0,10,0,1,0,0,0,0,2,1,6,2,-1,-1,1968,2,4,5,1
201431A235714,1,3,0,16,0,1,1,0,0,0,1,1,2,1,22,5,124,1,2,8,1
201431A236114,1,9,0,5,0,6,1,0,0,0,1,1,6,1,21,5,1199,1,11,2,1
201431A236114,2,9,0,18,0,8,0,0,0,0,3,1,6,2,23,5,1896,2,11,5,2
201431A237214,1,9,0,9,0,4,0,0,0,0,3,1,6,2,51,8,1388,1,12,1,1
201431A237214,2,9,0,17,0,4,0,0,0,0,1,1,6,1,44,7,1956,2,2,3,1
201431A238614,1,9,0,18,0,8,1,9,1,4,1,1,6,1,28,6,1998,2,10,4,1
201431A239014,1,9,0,9,0,5,0,0,0,0,1,1,6,1,19,4,1390,1,14,3,1
201431A239014,2,1,0,18,0,8,0,0,0,0,3,1,6,1,34,6,-1,-1,-1,-1,-1
201431A239314,1,9,0,18,0,1,0,0,0,0,3,1,6,3,-1,-1,-1,-1,-1,-1,-1
201431A240214,1,5,0,5,0,4,0,0,0,0,4,1,6,1,35,6,918,1,16,-1,-1
201431A240314,1,9,0,9,0,6,1,0,0,0,3,1,1,1,-1,-1,1596,1,9,2,1
201431A240314,2,9,0,14,0,8,1,0,0,0,1,1,6,1,-1,-1,1995,2,7,6,1
201431A241014,1,9,0,18,0,0,2,10,0,0,2,1,1,1,18,4,1199,1,11,8,1
201431A241014,2,9,0,4,0,0,0,0,0,0,2,1,6,2,69,10,1242,1,5,2,1
201431A241114,1,9,0,18,0,0,1,4,0,0,1,1,1,2,24,5,1149,1,7,4,1
201431A241114,2,9,0,2,0,0,0,0,0,0,2,1,6,1,18,4,-1,-1,-1,5,2
201431A242714,1,9,0,18,0,8,0,0,0,0,1,1,6,2,26,6,1598,1,8,4,1
201431A242714,2,9,0,18,0,8,0,0,0,0,3,1,6,1,21,5,1896,2,9,7,1
201431A244314,1,9,0,18,0,0,0,0,0,0,1,1,6,2,50,8,1988,1,16,6,2
201431A244314,2,9,0,3,0,0,0,0,0,0,2,1,6,2,23,5,998,1,4,2,1
201431A244714,1,9,0,7,0,6,0,0,0,0,2,1,6,1,21,5,-1,-1,-1,6,1
201431A244714,2,9,0,18,0,8,0,0,0,0,1,1,6,1,30,6,1560,2,-1,2,2
201431A245114,1,19,0,9,0,5,0,0,0,0,3,1,6,2,45,7,-1,-1,-1,3,2
201431A245114,2,3,0,18,0,8,0,0,0,0,3,1,2,1,18,4,124,1,3,5,2
201431A245214,1,9,0,4,0,1,0,0,0,0,1,1,2,2,22,5,999,1,2,-1,1
201431A246314,1,9,0,18,0,1,0,0,0,0,1,1,6,1,-1,-1,1910,2,8,4,1
201431A246314,2,1,0,18,0,1,0,0,0,0,2,1,6,1,86,11,-1,-1,-1,4,1
201431A246414,1,9,0,18,0,1,0,0,0,0,1,1,6,1,-1,-1,-1,-1,-1,-1,-1
201431A247714,1,9,0,17,0,0,0,0,1,9,1,1,2,2,23,5,1229,1,9,5,1
201431A248214,1,9,0,7,0,5,0,0,0,0,4,1,6,1,59,9,2999,2,11,4,1
201431A248214,2,1,0,18,0,8,0,0,0,0,1,1,6,1,23,5,-1,-1,-1,5,2
201431A250614,1,9,0,16,0,8,0,0,0,0,1,1,1,2,33,6,1299,1,13,7,1
201431A250614,2,9,0,17,0,8,0,0,0,0,3,1,6,1,-1,-1,1956,2,2,2,1
201431A250914,1,9,0,7,0,2,0,4,0,0,1,1,6,2,73,10,998,1,3,5,1
201431A250914,2,9,0,2,0,2,0,0,0,0,2,1,6,3,-1,-1,1229,1,5,-1,-1
201431A251314,1,4,0,16,0,2,1,0,0,0,4,1,6,1,44,7,498,1,9,2,1
201431A252014,1,9,0,9,0,6,0,0,0,0,1,1,6,2,28,6,1870,2,10,1,1
201431A252014,2,19,0,18,0,1,0,0,0,0,1,1,6,1,28,6,1870,2,9,2,1
201431A252414,1,9,0,18,0,1,0,0,0,0,1,1,1,2,22,5,998,1,1,1,1
201431A252414,2,9,0,3,0,1,0,0,0,0,2,1,1,2,31,6,1149,1,10,1,1
201431A252414,3,9,0,1,0,1,0,0,0,0,2,1,1,1,37,7,-1,-1,-1,6,2
201431A252514,1,9,0,3,0,1,0,0,0,0,2,1,2,2,33,6,1598,1,1,8,1
201431A252514,2,19,0,5,0,1,0,0,0,0,1,1,1,1,-1,-1,1968,2,1,-1,-1
201431A252914,1,9,0,9,0,6,0,0,0,0,3,1,2,1,65,9,1799,1,7,9,1
201431A252914,2,5,0,18,0,8,0,0,0,0,1,1,2,1,45,7,897,1,11,8,2
201431A253114,1,9,0,10,0,1,0,0,0,0,4,1,6,1,44,7,1796,1,7,7,1
201431A253114,2,1,0,18,0,8,0,0,0,0,1,1,6,1,17,4,-1,-1,-1,7,1
201431A253214,1,19,0,13,0,0,0,0,0,0,4,1,2,3,-1,-1,-1,-1,-1,-1,-1
201431A253214,2,1,0,18,0,0,0,0,0,0,3,1,2,1,59,9,-1,-1,-1,4,1
201431A254014,1,8,0,18,0,8,0,0,0,0,0,1,1,1,46,8,1997,2,10,7,1
201431A254814,1,9,0,5,0,1,0,0,0,0,1,1,6,1,35,6,2685,2,11,1,1
201431A254814,2,9,0,3,0,1,0,0,0,0,2,1,6,2,25,5,1997,2,9,1,1
201431A254814,3,9,0,3,0,1,0,0,0,0,2,1,6,1,26,6,1956,2,4,8,1
201431A254814,4,9,0,5,0,1,0,0,0,0,0,1,6,3,-1,-1,-1,-1,-1,-1,-1
201431A255114,1,9,0,5,0,0,0,0,0,0,3,1,6,2,38,7,1598,1,10,-1,1
201431A255114,2,2,0,13,0,0,0,0,0,0,1,1,6,1,21,5,125,1,-1,2,1
201431A255314,1,9,0,13,0,0,1,0,0,0,1,1,6,1,-1,-1,1360,1,10,1,1
201431A255314,2,9,0,18,0,0,0,0,0,0,3,1,6,1,47,8,1596,1,4,3,2
201431A255814,1,9,0,18,0,0,0,7,0,0,1,1,6,1,34,6,1388,1,12,5,1