Accident_Index,Vehicle_Reference,Vehicle_Type,Towing_and_Articulation,Vehicle_Manoeuvre,Vehicle_Location-Restricted_Lane,Junction_Location,Skidding_and_Overturning,Hit_Object_in_Carriageway,Vehicle_Leaving_Carriageway,Hit_Object_off_Carriageway,1st_Point_of_Impact,Was_Vehicle_Left_Hand_Drive?,Journey_Purpose_of_Driver,Sex_of_Driver,Age_of_Driver,Age_Band_of_Driver,Engine_Capacity_(CC),Propulsion_Code,Age_of_Vehicle,Driver_IMD_Decile,Driver_Home_Area_Type
201431B206314,2,9,0,2,0,0,0,0,0,0,2,1,6,2,50,8,1360,1,13,3,1
201431B206714,1,9,0,18,0,0,2,0,2,7,4,1,6,2,18,4,1242,1,2,5,1
201431B207114,1,9,0,16,0,0,0,0,7,1,1,1,6,1,23,5,1896,2,8,-1,-1
201431B207414,1,3,0,16,0,0,0,12,0,0,1,1,6,1,23,5,124,1,1,3,3
201431B207814,1,9,0,18,0,0,0,0,0,0,1,1,6,1,38,7,1994,2,11,5,3
201431B207814,2,9,0,6,0,0,0,0,0,0,2,1,2,1,66,10,1598,1,1,1,1
201431B208414,1,9,0,18,0,1,0,0,1,0,1,1,6,2,22,5,1368,1,4,5,1
201431B208414,2,9,0,3,0,1,0,0,0,0,2,1,6,2,39,7,1560,2,8,7,1
201431B208514,1,21,1,4,0,0,0,0,0,0,1,1,1,1,57,9,12777,2,7,1,1
201431B208514,2,9,0,3,0,0,0,0,0,0,2,1,6,2,51,8,2967,2,-1,6,3
201431B208614,1,9,0,18,0,0,2,0,7,9,1,1,2,2,17,4,1299,1,11,5,3
201431B208614,2,9,0,18,0,0,1,0,1,0,1,1,6,2,40,7,1364,1,5,6,2
201431B208814,1,9,0,18,0,0,0,4,0,0,1,1,1,1,27,6,1248,2,8,1,1
201431B208814,2,9,0,2,0,0,0,0,0,0,2,1,1,2,70,10,-1,-1,-1,6,3
201431B208914,1,9,0,6,0,1,0,0,4,0,2,1,6,1,40,7,1747,1,6,-1,1
201431B208914,2,21,1,18,0,1,0,0,0,0,1,1,6,1,55,8,11967,2,3,2,1
201431B209914,1,9,0,1,0,6,0,0,0,0,2,1,6,2,31,6,1587,1,12,7,1
201431B209914,2,5,0,18,0,8,1,4,0,0,2,1,6,1,47,8,805,1,8,2,1
201431B209914,3,9,0,2,0,2,0,0,0,0,1,1,1,2,37,7,1299,1,6,5,1
201431B210214,1,9,0,18,0,8,0,0,0,0,1,1,6,2,20,4,1242,1,13,2,1
201431B210214,2,9,0,9,0,6,0,0,0,0,1,1,6,1,43,7,1896,2,11,5,1
201431B210414,1,9,0,18,0,0,0,0,0,0,1,1,6,1,-1,-1,1753,2,13,2,2
201431B210414,2,9,3,4,0,0,0,0,0,0,2,1,6,2,64,9,2497,2,7,7,1
201431B210514,1,9,0,14,0,0,0,0,0,0,1,1,1,2,35,6,1560,2,1,3,1
201431B211814,1,9,0,18,0,1,0,0,7,11,1,1,6,3,-1,-1,1596,1,15,-1,-1
201431B211814,2,9,0,3,0,1,0,0,0,0,2,1,6,1,62,9,1199,1,11,-1,1
201431B212114,1,9,0,10,0,6,0,0,0,0,1,1,6,2,29,6,1598,1,10,8,3
201431B212114,2,4,0,14,0,8,0,0,0,0,4,1,6,1,67,10,248,1,44,7,2
201431B213314,1,19,0,18,0,0,1,0,0,0,1,1,2,1,56,9,1997,2,14,1,1
201431B213314,2,9,0,3,0,0,0,0,0,0,2,1,2,2,25,5,998,1,4,-1,-1
201431B213314,3,9,0,3,0,0,0,0,0,0,2,1,2,1,31,6,-1,-1,-1,7,1
201431B213514,1,9,0,9,0,6,0,0,0,0,1,1,6,1,19,4,998,1,15,4,1
201431B213514,2,9,0,17,0,8,1,0,0,0,4,1,6,1,50,8,1124,1,13,4,2
201431B215614,1,2,0,18,0,8,0,4,0,0,1,1,6,1,17,4,49,1,5,6,2
201431B215614,2,9,0,2,0,2,0,0,0,0,2,1,6,1,30,6,1796,1,10,4,1
201431B215814,1,9,0,18,0,0,0,0,0,0,1,1,6,1,18,4,998,1,11,9,2
201431B215814,2,9,0,3,0,0,0,0,0,0,2,1,6,1,69,10,4367,2,3,7,1
201431B216814,1,9,0,18,0,0,0,0,0,0,4,1,6,1,56,9,1197,1,2,3,1
201431B217014,1,9,0,18,0,8,0,0,0,0,1,1,6,1,27,6,1905,2,16,8,1
201431B217014,2,9,0,10,0,8,0,0,0,0,2,1,6,1,39,7,1997,2,7,6,1
201431B217114,1,9,0,13,0,0,0,0,0,0,0,1,2,1,55,8,-1,-1,-1,5,1
201431B217114,2,9,0,13,0,0,0,0,8,9,1,1,2,2,33,6,1242,1,8,3,1
201431B217114,3,21,1,18,0,0,0,0,0,0,0,1,1,1,49,8,9290,2,2,10,1
201431B217114,4,19,0,18,0,0,0,0,0,0,0,1,6,1,43,7,1753,2,9,3,1
201431B217714,1,9,0,16,0,0,1,0,1,9,1,1,6,1,24,5,1995,2,1,3,2
201431B218214,1,5,0,18,0,0,1,0,0,0,4,1,6,1,39,7,1552,1,10,1,1
201431B218514,1,9,0,17,0,0,1,0,7,9,1,1,6,2,57,9,-1,-1,-1,2,1
201431B219014,1,3,0,16,0,3,1,0,0,0,4,1,2,2,17,4,124,1,2,7,3
201431B219214,1,19,0,18,0,0,0,0,0,0,1,1,6,1,47,8,2461,2,9,6,1
201431B219214,2,9,0,18,0,0,0,0,0,0,2,1,1,2,71,10,1997,1,7,9,2
201431B220014,1,9,0,18,0,6,0,0,0,0,1,1,6,2,19,4,1242,1,9,6,1
201431B220014,2,9,0,9,0,8,0,0,0,0,4,1,6,1,60,9,1896,2,10,4,2
201431B220714,1,19,0,18,0,8,0,0,0,0,1,1,6,1,44,7,2402,2,11,2,1
201431B220714,2,9,0,9,0,5,0,0,0,0,4,1,2,2,50,8,1461,2,13,4,1
201431B221714,1,9,0,18,0,0,0,0,0,0,1,1,6,1,47,8,1975,1,9,3,1
201431B221714,2,1,0,18,9,0,0,0,0,0,4,1,6,1,14,3,-1,-1,-1,-1,-1
201431B222314,1,9,0,7,0,5,0,0,0,0,2,1,1,1,26,6,1598,1,11,8,3
201431B222314,2,1,0,17,0,1,0,0,0,0,1,1,6,2,34,6,-1,-1,-1,10,2
201431B222914,1,9,0,9,0,5,0,0,0,0,4,1,6,1,84,11,1242,1,9,-1,-1
201431B222914,2,3,0,14,0,1,0,0,0,0,1,1,6,2,18,4,102,1,11,-1,2
201431B223914,1,9,0,16,0,0,0,0,0,0,1,1,1,1,29,6,1199,2,3,-1,-1
201431B223914,2,9,0,17,0,0,1,0,0,0,3,1,6,2,28,6,1461,2,3,4,1
201431B224214,1,9,0,17,0,0,2,10,7,3,1,1,6,1,17,4,1397,1,6,7,3
201431B224314,1,9,0,18,0,0,1,4,0,0,1,1,6,1,75,10,1242,1,15,9,1
201431B224314,2,9,0,2,0,0,0,0,0,0,2,1,6,1,48,8,1560,2,2,5,2
201431B226814,1,9,0,9,0,6,0,0,7,10,1,1,6,2,18,4,1398,2,3,1,1
201431B226814,2,19,0,18,0,8,0,0,0,0,3,1,6,1,43,7,1560,2,4,6,2
201431B226914,1,9,0,9,0,6,0,0,0,0,1,1,6,3,-1,-1,-1,-1,-1,-1,-1
201431B227314,1,9,0,18,0,1,0,0,0,0,1,1,6,1,29,6,1870,2,10,6,3
201431B227314,2,9,0,4,0,1,0,0,1,0,2,1,6,1,23,5,1999,1,8,2,1
201431B227414,1,9,0,18,0,4,0,0,0,0,0,1,6,1,69,10,1461,2,4,2,2
201431B227414,2,1,0,18,0,8,0,0,0,0,3,1,6,2,71,10,-1,-1,-1,3,1
201431B227514,1,9,0,18,0,1,0,0,0,0,1,1,6,2,27,6,1995,2,5,2,1
201431B227514,2,9,0,3,0,1,0,0,0,0,2,1,6,2,53,8,1390,1,11,3,1
201431B228414,1,5,0,17,0,0,0,0,1,9,1,1,1,1,34,6,599,1,11,3,3
201431B229614,1,9,0,14,0,8,0,0,0,0,1,1,6,1,22,5,1910,2,7,5,1
201431B229614,2,1,0,18,0,8,0,0,0,0,1,1,6,1,16,4,-1,-1,-1,1,1
201431B230014,1,9,0,16,0,3,0,4,0,0,1,1,2,1,30,6,1124,1,9,3,1
201431B230014,2,9,0,2,0,2,0,0,0,0,2,1,2,1,49,8,1968,2,-1,1,1
201431B230514,1,9,0,18,0,8,0,0,0,0,1,1,6,1,44,7,1388,1,1,5,1
201431B230514,2,9,0,18,0,8,0,0,0,0,2,1,2,2,42,7,1560,2,1,-1,-1
201431B231414,1,9,0,18,0,0,0,0,0,0,1,1,6,3,-1,-1,998,1,7,-1,-1
201431B231414,2,9,0,4,0,0,0,0,0,0,2,1,1,2,-1,-1,998,1,1,4,1
201431B232214,1,9,0,18,0,0,0,12,0,0,4,1,6,1,27,6,1596,1,14,2,1
201431B232814,1,21,1,12,0,0,0,0,0,0,3,2,1,1,29,6,-1,-1,-1,-1,-1
201431B232814,2,9,0,18,0,0,0,0,5,6,4,1,6,1,27,6,2143,2,5,9,3
201431B234114,1,9,0,18,0,0,0,0,4,6,4,1,6,2,27,6,1598,1,3,-1,3
201431B234114,2,20,0,12,0,0,0,0,0,0,3,1,1,1,54,8,-1,-1,-1,7,1
201431B234714,1,9,0,16,0,0,2,0,7,9,1,1,6,1,19,4,1124,1,12,6,1
201431B234814,1,21,1,18,0,0,0,4,1,9,1,1,1,1,31,6,12900,2,3,2,1
201431B234814,2,9,0,2,0,0,0,0,0,0,2,1,2,1,43,7,1248,2,4,8,1
201431B234914,1,9,0,18,0,3,0,0,5,6,3,1,1,1,46,8,2198,1,12,8,1
201431B235214,1,9,0,17,0,0,1,0,0,0,4,1,6,1,24,5,1997,2,10,2,1
201431B235214,2,9,0,16,0,0,0,0,0,0,1,1,6,2,73,10,1364,1,7,2,1
201431B235614,1,9,0,17,0,0,0,0,7,0,3,1,6,1,24,5,1396,1,10,6,2
201431B235914,1,9,0,17,0,0,1,4,1,10,4,1,6,1,18,4,1149,1,6,3,2
201431B235914,2,9,0,17,0,0,0,0,7,9,3,1,6,1,18,4,1490,1,6,7,3
201431B235914,3,9,0,2,9,0,0,0,0,0,0,1,6,3,-1,-1,999,1,5,-1,-1
201431B235914,4,9,0,2,9,0,0,0,0,0,0,1,6,3,-1,-1,1248,2,7,-1,-1
201431B237914,1,9,0,7,0,6,0,0,1,0,2,1,6,2,26,6,998,1,11,6,1
201431B237914,2,9,0,18,0,8,0,0,0,0,1,1,6,2,19,4,1461,2,1,7,1
201431B238314,1,19,0,7,0,3,0,0,0,0,4,1,6,1,65,9,2499,2,-1,6,2
201431B238314,2,9,0,7,0,3,0,0,0,0,3,1,6,1,21,5,1598,1,11,7,3
201431B238514,1,9,0,18,0,1,0,0,0,0,1,1,2,2,28,6,1242,1,12,3,1
201431B238514,2,5,0,3,0,1,0,0,0,0,2,1,2,1,23,5,998,1,10,7,1
201431B239414,1,11,0,4,0,0,0,0,0,0,1,1,1,1,51,8,10000,2,16,6,1
201431B239414,2,19,0,4,0,0,0,0,0,0,2,1,6,1,30,6,-1,-1,-1,5,1
201431B239414,3,9,0,4,0,0,0,0,0,0,2,1,6,1,54,8,1948,1,13,4,1
201431B239914,1,9,0,1,0,0,0,0,0,0,2,1,6,1,24,5,-1,-1,-1,-1,-1
201431B239914,2,9,0,3,0,0,0,0,0,0,1,1,1,1,46,8,1753,2,4,-1,3
201431B240014,1,1,0,18,9,8,0,0,0,0,1,1,6,2,23,5,-1,-1,-1,1,1
201431B240014,2,9,0,18,9,6,0,0,0,0,3,1,6,2,-1,-1,-1,-1,-1,-1,-1
201431B241214,1,3,0,7,0,3,1,7,0,0,4,1,6,2,41,7,124,1,-1,3,1
201431B241714,1,9,0,7,0,6,0,0,0,0,1,1,6,3,-1,-1,-1,-1,-1,-1,-1
201431B241714,2,1,0,18,0,8,0,0,0,0,1,1,1,1,20,4,-1,-1,-1,-1,-1
201431B241914,1,9,0,5,0,1,0,0,0,0,1,1,6,1,41,7,1956,2,2,8,1
201431B241914,2,9,0,8,0,1,0,0,0,0,2,1,6,1,51,8,1951,2,9,8,2
201431B242214,1,9,0,9,0,4,0,0,0,0,3,1,6,2,23,5,1598,1,11,2,2
201431B242214,2,9,0,18,0,4,0,0,0,0,1,1,6,2,32,6,1995,2,10,6,1
201431B243514,1,9,0,17,0,0,1,0,1,11,1,1,6,1,24,5,1360,1,13,2,1
201431B243514,2,21,1,2,0,0,0,0,0,0,4,1,6,3,-1,-1,12580,2,9,-1,-1
201431B243614,1,9,0,16,0,0,1,0,1,3,1,1,1,1,55,8,1587,1,9,9,3
201431B244114,1,9,0,18,0,1,0,0,0,0,1,1,2,2,41,7,1753,2,11,5,1
201431B244114,2,9,0,18,0,2,0,0,0,0,1,1,2,2,-1,-1,1596,1,11,8,1
201431B244214,1,21,1,16,0,4,0,0,0,0,4,1,1,1,34,6,6174,2,8,2,1
201431B244214,2,21,1,16,0,4,0,0,0,0,3,1,1,1,62,9,12900,2,2,8,3
201431B244414,1,9,0,13,0,0,0,0,0,0,1,1,6,1,63,9,-1,-1,-1,8,1
201431B244414,2,1,0,18,0,0,0,0,0,0,2,1,6,1,44,7,-1,-1,-1,-1,-1
201431B244814,1,9,0,18,0,0,0,0,0,0,1,1,6,2,52,8,1197,1,2,8,1
201431B244814,2,9,0,3,0,0,0,0,0,0,2,1,2,1,56,9,1997,1,9,-1,3
201431B244814,3,9,0,3,0,0,0,0,0,0,2,1,1,1,40,7,1896,2,4,2,1
201431B245514,1,3,0,14,0,0,1,0,0,0,1,1,2,1,19,4,124,1,1,-1,1
201431B245514,2,9,0,18,0,0,0,0,0,0,1,1,2,1,48,8,1598,1,1,6,2
201431B246014,1,19,0,18,0,3,1,0,7,10,1,1,6,2,51,8,-1,-1,-1,6,2
201431B246114,1,5,0,7,0,3,1,0,0,0,4,1,6,1,47,8,996,1,10,4,1
201431B246614,1,9,0,9,0,6,0,0,0,0,1,1,6,2,34,6,1598,1,16,3,2
201431B246614,2,9,0,18,0,8,1,0,1,11,4,1,6,1,72,10,1598,1,7,4,2
201431B246814,1,9,0,18,0,0,2,0,1,0,1,1,2,1,27,6,1598,1,8,6,1
201431B248714,1,9,0,13,0,0,1,0,0,0,2,1,6,1,63,9,2143,2,3,10,2
201431B248714,2,21,1,18,0,0,0,0,0,0,1,2,1,1,31,6,-1,-1,-1,-1,-1
201431B249214,1,19,0,9,0,6,0,0,0,0,3,1,1,1,45,7,1560,2,1,2,1
201431B249214,2,5,0,16,0,8,0,0,0,0,1,1,2,1,31,6,954,1,11,6,3
201431B249414,1,9,0,18,0,2,0,0,0,0,1,1,2,2,87,11,1910,2,6,1,2
201431B249614,1,9,0,8,0,1,0,0,0,0,2,1,6,1,67,10,1396,2,4,7,1
201431B249614,2,19,0,18,0,1,0,0,0,0,1,1,1,1,46,8,2198,2,3,3,1
201431B249614,3,21,1,8,0,1,0,0,0,0,3,1,1,1,37,7,10837,2,-1,1,1
201431B249614,4,21,1,8,0,1,0,0,0,0,3,1,1,1,56,9,12419,2,3,-1,1
201431B249614,5,9,0,18,0,1,0,0,5,6,3,1,6,1,52,8,1598,2,-1,-1,-1
201431B249614,6,19,0,18,0,1,0,0,0,0,1,1,1,1,46,8,1560,2,5,8,2
201431B249714,1,9,0,18,0,3,1,7,2,6,3,1,6,1,73,10,2497,2,5,6,3
201431B250114,1,9,0,9,0,5,0,0,0,0,1,1,2,2,46,8,1390,1,5,5,1
201431B250114,2,9,0,18,0,8,5,0,0,0,3,1,2,1,51,8,2286,2,31,8,3
201431B251514,1,9,0,7,0,5,0,0,3,11,1,1,6,1,58,9,2199,2,1,6,1
201431B251714,1,9,0,16,0,8,0,0,7,0,1,1,6,1,73,10,1598,1,3,2,1
201431B253314,1,9,0,13,0,4,0,0,0,0,4,1,6,3,-1,-1,-1,-1,-1,-1,-1
201431B253314,2,1,0,18,0,4,0,0,0,0,3,1,6,1,15,3,-1,-1,-1,6,1
201431B253514,1,9,0,16,0,8,1,0,7,0,3,1,6,2,37,7,1396,1,12,6,1
201431B253514,2,9,0,17,0,8,1,0,1,0,1,1,6,1,31,6,1896,2,11,5,2
201431B253614,1,1,0,18,0,0,0,0,0,0,3,1,6,2,16,4,-1,-1,-1,-1,-1
201431B253614,2,9,0,18,0,0,0,0,0,0,1,1,6,2,66,10,2400,2,2,2,2
201431B253814,1,19,0,17,0,0,5,10,0,0,1,1,6,1,20,4,1753,2,7,7,3
201431B254114,1,9,0,18,0,8,0,0,0,0,1,1,6,1,24,5,973,1,16,1,2
201431B254114,2,9,0,18,0,8,0,0,0,0,2,1,6,2,41,7,1598,1,8,2,2
201431B254714,1,3,0,9,0,6,0,0,0,0,3,1,6,1,17,4,124,1,-1,8,2
201431B254714,2,9,0,18,0,8,0,0,0,0,1,1,2,1,33,6,1363,2,12,8,1
201431B254914,1,9,0,18,0,0,0,4,0,0,1,1,6,1,26,6,1995,2,7,5,2
201431B254914,2,19,0,2,0,0,0,0,0,0,2,1,1,1,31,6,2402,2,13,6,1
201431B255014,1,9,4,18,0,0,3,0,7,4,2,1,6,1,25,5,2495,2,23,-1,-1
201431B255014,2,9,0,18,0,0,0,0,0,0,1,1,6,1,53,8,1198,1,1,6,2
201431B255014,3,9,0,2,0,0,0,0,0,0,2,1,6,1,24,5,1124,1,17,6,2
201431B255014,4,9,0,18,0,0,0,0,7,4,1,1,6,2,85,11,1242,1,7,6,2
201431B256614,1,9,0,13,0,8,0,0,7,0,1,1,2,2,28,6,1299,1,11,8,3
201431B256614,2,9,0,9,0,6,0,0,1,0,3,1,6,1,81,11,2993,2,-1,2,1
201431B256714,1,1,0,18,9,0,0,0,0,0,1,1,6,3,-1,-1,-1,-1,-1,-1,-1
201431B256914,1,9,0,7,0,4,0,0,0,0,3,1,6,1,-1,-1,-1,-1,-1,1,1
201431B256914,2,9,0,9,0,8,0,0,0,0,1,1,6,1,18,4,998,1,6,6,2
201431B257114,1,9,0,4,0,6,0,0,0,0,3,1,6,1,34,6,1998,1,12,2,1
201431B257114,2,9,0,18,0,8,0,0,0,0,1,1,6,2,76,11,1124,1,11,3,2
201431B257214,1,21,1,18,0,1,0,0,0,0,1,2,1,1,39,7,-1,-1,-1,-1,-1
201431B257214,2,9,0,18,0,1,0,0,0,0,2,1,6,2,23,5,1242,1,2,6,3
201431B257314,1,9,0,7,9,5,0,0,0,0,0,1,6,3,-1,-1,-1,-1,-1,-1,-1
201431B257314,2,1,0,18,0,1,0,0,0,0,3,1,6,1,37,7,-1,-1,-1,-1,-1
201431B258314,1,9,0,16,0,8,0,0,1,9,1,1,6,1,28,6,1299,1,12,5,1
201431B258414,1,9,0,18,0,1,0,0,0,0,1,1,2,1,24,5,1389,1,20,6,1
201431B260314,1,9,0,18,0,0,2,0,1,0,1,1,6,2,38,7,1896,2,7,6,1
201431B261014,1,9,0,18,0,1,0,0,0,0,1,1,6,2,21,5,1242,1,12,5,1
201431B261014,2,9,0,3,0,1,0,0,0,0,2,1,6,2,31,6,1149,1,13,2,1
201431B261014,3,9,0,3,0,1,0,0,0,0,2,1,6,2,28,6,1796,1,15,5,1
201431B262114,1,9,0,9,0,6,0,0,0,0,1,1,6,2,56,9,1299,1,12,2,1
201431B262114,2,9,0,14,0,8,0,0,0,0,3,1,6,2,25,5,1686,2,8,-1,-1
201431B262314,1,9,0,18,0,2,0,0,0,0,1,1,6,2,32,6,1596,1,5,10,1
201431B262314,2,9,0,3,0,2,0,0,0,0,2,1,2,2,31,6,1299,1,10,7,1
201431B262414,1,9,0,18,0,0,0,7,0,0,1,1,6,1,83,11,1199,1,14,3,2
201431B263014,1,9,0,16,0,0,2,0,7,9,3,1,4,2,28,6,1596,1,6,7,3
201431B263514,1,3,0,17,0,0,1,0,1,11,3,1,2,1,18,4,124,1,-1,-1,-1
201431B264814,1,9,0,17,0,0,5,0,7,9,1,1,2,1,22,5,-1,-1,-1,-1,2
201431B265114,1,19,0,13,0,0,2,0,1,0,1,1,6,1,47,8,1686,2,11,7,1
201431B265314,1,9,0,18,0,8,0,0,0,0,3,1,6,3,-1,-1,1229,1,3,-1,-1
201431B265314,2,1,0,18,0,8,0,0,0,0,1,1,6,1,60,9,-1,-1,-1,3,1
201431B265914,1,9,0,9,0,5,0,0,0,0,1,1,2,2,25,5,1124,1,7,2,1
201431B265914,2,9,0,18,0,8,0,0,0,0,1,1,1,1,41,7,1956,2,1,-1,-1
201431B266014,1,19,0,9,0,5,0,0,0,0,3,1,6,1,37,7,1248,2,8,1,1
201431B266014,2,3,0,13,0,8,0,0,0,0,1,1,2,1,25,5,124,1,4,3,1
201431B266414,1,19,0,18,0,0,0,11,0,0,1,1,6,1,44,7,1560,2,-1,-1,1
201431B266414,2,9,0,18,0,0,0,11,0,0,1,1,6,1,59,9,4700,1,8,8,2
201431B266414,3,9,0,18,0,0,1,11,1,0,1,1,6,1,43,7,2720,2,9,8,1
201431B266514,1,1,0,18,9,0,0,0,0,0,1,1,2,1,27,6,-1,-1,-1,2,2
201431B266914,1,19,0,7,0,2,0,0,0,0,1,1,6,1,39,7,2402,2,3,1,1
201431B266914,2,9,0,4,0,1,1,0,0,0,1,1,6,1,82,11,998,1,3,4,2
201431B268714,1,9,0,18,0,1,5,4,0,0,1,1,6,1,96,11,1598,1,2,2,1
201431B268714,2,9,0,2,0,1,0,0,0,0,1,1,6,3,-1,-1,1339,1,11,-1,-1
201431B268714,3,9,0,2,0,1,0,0,0,0,4,1,6,3,-1,-1,1360,1,11,-1,-1
201431B268914,1,9,0,18,0,0,1,10,7,4,4,1,2,1,25,5,1497,1,8,3,1
201431B269114,1,9,0,18,0,1,0,0,0,0,4,1,6,3,-1,-1,-1,-1,-1,-1,-1
201431B269114,2,1,0,18,9,1,0,0,0,0,1,1,2,1,37,7,-1,-1,-1,3,2
201431B269214,1,9,0,16,0,0,0,0,0,0,0,1,6,3,-1,-1,-1,-1,-1,-1,-1
201431B269214,2,1,0,17,0,0,0,10,0,0,1,1,1,1,45,7,-1,-1,-1,7,1
201431B270714,1,9,0,7,0,1,0,0,0,0,1,1,1,1,32,6,1910,2,7,-1,-1
201431B270714,2,1,0,18,0,1,0,0,0,0,1,1,2,1,37,7,-1,-1,-1,-1,-1
201431B271314,1,9,0,18,0,0,1,0,1,9,4,1,6,2,56,9,1686,2,8,6,1
201431B272214,1,3,0,13,0,1,0,0,7,0,1,1,1,1,20,4,125,1,-1,2,1
201431B272214,2,9,0,9,0,5,0,0,0,0,3,1,6,1,51,8,1390,1,10,2,1
201431B272214,3,9,0,2,9,8,0,0,0,0,3,1,6,3,-1,-1,2231,2,5,-1,-1
201431B272414,1,9,0,18,0,1,0,0,0,0,4,1,6,3,-1,-1,1362,1,2,-1,-1
201431B272614,1,9,0,9,0,6,0,0,0,0,1,1,6,3,-1,-1,1999,1,13,-1,-1
201431B272614,2,9,0,18,0,8,0,10,8,11,4,1,6,2,48,8,1398,2,10,2,1
201431B272714,1,9,0,16,0,0,0,0,1,0,1,1,2,2,40,7,998,1,2,4,1
201431B272714,2,19,0,17,0,0,0,0,0,0,1,1,1,1,35,6,2287,2,3,8,3
201431B273314,1,9,0,12,0,7,0,0,5,6,2,1,2,2,58,9,1968,2,-1,8,1
201431B273314,2,9,0,18,0,8,0,0,0,0,1,1,2,1,26,6,1995,2,5,2,1
201431B273714,1,9,0,9,0,4,0,0,0,0,1,1,6,2,25,5,1587,1,11,3,1
201431B273714,2,1,0,18,0,8,0,0,0,0,4,1,6,1,-1,-1,-1,-1,-1,-1,-1
201431B274014,1,8,0,16,0,1,0,0,7,11,1,1,1,1,61,9,1582,2,2,7,1
201431B274514,1,9,0,9,0,6,0,0,0,0,1,1,6,2,63,9,1984,1,11,6,1
201431B274514,2,9,0,18,0,8,0,0,0,0,2,1,6,2,28,6,1360,1,9,6,1
201431B274914,1,9,0,9,0,6,0,0,0,0,3,1,6,2,23,5,1398,2,2,6,2
201431B274914,2,3,0,14,0,8,0,0,0,0,1,1,6,1,28,6,125,1,2,1,1
201431B275414,1,9,0,16,0,0,2,10,2,4,4,1,6,2,23,5,1124,1,11,3,2
201431B275614,1,9,0,16,0,0,2,10,7,4,1,1,6,1,18,4,1149,1,12,3,2
201431B275714,1,9,0,18,0,0,2,0,1,9,1,1,6,2,22,5,1686,2,9,3,3
201431B276214,1,9,0,9,0,6,0,0,0,0,1,1,1,1,30,6,-1,-1,-1,6,1
201431B276214,2,1,0,18,0,8,0,0,0,0,4,1,6,1,35,6,-1,-1,-1,6,1
201431B277514,1,21,1,11,0,0,0,0,0,0,4,2,1,3,-1,-1,-1,-1,-1,-1,-1
201431B277514,2,9,0,18,0,0,5,0,0,0,3,1,6,1,55,8,1686,2,14,6,1
201431B277614,1,9,0,16,0,8,0,0,0,0,1,1,6,1,77,11,973,1,12,8,1
201431B277614,2,3,0,17,0,8,0,0,0,0,1,1,2,1,23,5,124,1,1,3,1
201431B278014,1,9,0,9,0,5,0,0,0,0,1,1,2,1,30,6,1388,1,11,4,1
201431B278014,2,1,0,18,0,8,0,0,0,0,1,1,6,1,49,8,-1,-1,-1,-1,-1
201431B278014,3,1,0,18,0,8,0,0,0,0,1,1,6,1,58,9,-1,-1,-1,-1,-1
201431B279014,1,9,0,17,0,0,5,0,7,10,1,1,6,1,20,4,1796,1,12,3,1
201431B279814,1,21,1,12,0,0,0,0,0,0,3,2,1,1,51,8,-1,-1,-1,-1,-1
201431B279814,2,9,0,18,0,0,0,0,0,0,4,1,6,1,25,5,-1,-1,-1,4,1
201431B280314,1,9,0,18,0,0,1,0,1,0,1,1,2,2,28,6,1587,1,11,-1,1
201431B280314,2,9,0,18,0,0,1,0,1,0,1,1,6,1,52,8,1600,1,10,9,1
201431B280614,1,9,0,18,0,0,0,0,0,0,1,1,1,1,65,9,-1,-1,-1,3,1
201431B281514,1,9,0,17,0,0,1,0,1,9,4,1,6,1,17,4,1242,1,9,7,1
201431B281614,1,9,0,9,0,5,0,0,0,0,1,1,6,2,28,6,1368,1,4,3,2
201431B281614,2,1,0,18,0,8,0,0,0,0,1,1,6,1,48,8,-1,-1,-1,9,1
201431B281714,1,9,3,18,0,0,5,0,1,9,1,1,6,1,52,8,1242,1,7,6,1
201431B282314,1,21,1,12,0,0,5,0,1,1,1,1,1,1,32,6,39,2,-1,-1,-1
201431B282414,1,9,0,9,0,8,0,0,0,0,1,1,6,2,18,4,1299,1,9,5,1
201431B282414,2,9,0,18,0,8,0,0,0,0,3,1,6,1,48,8,1598,1,7,5,1
201431B282814,1,9,0,2,0,0,0,0,0,0,3,1,6,1,-1,-1,2231,2,-1,7,3
201431B282814,2,1,0,14,0,0,0,4,0,0,1,1,6,1,-1,-1,-1,-1,-1,2,1
201431B283014,1,9,0,18,0,8,0,0,0,0,1,1,6,1,65,9,1598,2,1,9,2
201431B283014,2,9,0,18,0,8,0,0,0,0,3,1,6,1,66,10,2495,2,19,4,1
201431B283414,1,9,0,4,0,1,0,0,0,0,1,1,6,1,56,9,998,1,-1,1,1
201431B283414,2,9,0,3,0,1,0,0,0,0,2,1,6,1,38,7,1896,2,11,2,1
201431B283514,1,9,0,18,0,1,0,0,0,0,1,1,6,3,-1,-1,-1,-1,-1,-1,-1
201431B283514,2,9,0,8,0,1,0,0,0,0,2,1,6,2,20,4,998,1,2,3,2
201431B283614,1,9,0,17,0,0,0,0,1,0,1,1,6,2,21,5,998,1,8,4,1