Accident_Index,Vehicle_Reference,Vehicle_Type,Towing_and_Articulation,Vehicle_Manoeuvre,Vehicle_Location-Restricted_Lane,Junction_Location,Skidding_and_Overturning,Hit_Object_in_Carriageway,Vehicle_Leaving_Carriageway,Hit_Object_off_Carriageway,1st_Point_of_Impact,Was_Vehicle_Left_Hand_Drive?,Journey_Purpose_of_Driver,Sex_of_Driver,Age_of_Driver,Age_Band_of_Driver,Engine_Capacity_(CC),Propulsion_Code,Age_of_Vehicle,Driver_IMD_Decile,Driver_Home_Area_Type
201431B283714,1,8,0,18,0,0,0,0,0,0,4,1,1,3,-1,-1,-1,-1,-1,-1,-1
201431B284814,1,9,0,18,0,1,0,0,0,0,1,1,6,2,32,6,1339,1,9,3,1
201431B284814,2,9,0,3,0,1,0,0,0,0,2,1,6,1,35,6,973,1,11,9,2
201431B284914,1,9,0,18,0,2,0,0,0,0,3,1,6,1,75,10,2401,2,7,7,1
201431B285414,1,19,0,18,0,0,0,0,0,0,1,1,1,1,42,7,2143,2,3,5,1
201431B285414,2,21,1,4,0,0,0,0,0,0,2,1,1,1,27,6,11705,2,6,5,1
201431B285814,1,9,0,9,0,6,0,0,0,0,3,1,6,2,64,9,1995,2,8,7,1
201431B285814,2,9,0,18,0,8,0,0,0,0,1,1,6,2,42,7,1199,2,-1,7,2
201431B285914,1,9,0,18,0,4,0,0,0,0,3,1,6,1,56,9,1360,1,8,4,1
201431B285914,2,9,0,9,0,5,0,0,0,0,1,1,6,2,67,10,1596,1,3,-1,-1
201431B286814,1,3,0,10,0,1,0,0,0,0,3,1,6,1,20,4,-1,-1,-1,-1,-1
201431B286814,2,9,0,18,0,8,0,0,0,0,1,1,6,3,-1,-1,-1,-1,-1,-1,-1
201431B287114,1,3,0,12,9,0,0,10,7,0,1,1,6,1,17,4,124,1,-1,7,1
201431B287114,2,1,0,18,9,0,0,0,0,0,2,1,6,2,14,3,-1,-1,-1,2,1
201431B287214,1,9,0,17,0,0,1,0,2,11,1,1,6,1,23,5,1560,2,6,3,2
201431B288314,1,19,0,18,0,1,1,0,5,6,1,1,1,1,58,9,1995,2,3,2,1
201431B288314,2,9,0,3,0,1,1,0,0,0,2,1,1,1,28,6,2183,2,4,2,1
201431B288314,3,9,0,18,0,1,1,0,0,0,1,1,1,1,49,8,1968,2,5,9,1
201431B288414,1,9,0,17,0,0,5,10,1,0,4,1,6,1,21,5,1360,1,7,7,3
201431B288914,1,2,0,17,0,0,0,0,0,0,1,1,6,2,18,4,49,1,6,3,2
201431B288914,2,9,0,3,0,0,0,0,0,0,2,1,6,2,31,6,1596,1,25,6,3
201431B289614,1,9,0,18,0,0,0,0,0,0,1,1,6,3,-1,-1,-1,-1,-1,-1,-1
201431B289614,2,19,0,18,0,0,0,0,1,4,1,1,1,1,23,5,1995,2,1,-1,1
201431B289714,1,4,0,14,0,8,1,0,0,0,1,1,6,1,66,10,305,1,47,5,1
201431B289714,2,9,0,1,0,6,0,0,0,0,2,1,6,2,33,6,1598,1,7,7,1
201431B289814,1,9,0,18,0,8,0,10,0,0,3,1,6,1,20,4,875,1,2,5,1
201431B289814,2,9,0,9,0,5,0,0,0,0,1,1,6,2,22,5,1598,1,14,8,3
201431B289914,1,9,0,16,0,0,1,0,0,0,1,1,6,2,56,9,2987,2,5,-1,-1
201431B289914,2,9,0,17,0,0,0,0,0,0,1,1,6,1,81,11,1200,1,-1,7,1
201431B290114,1,9,0,18,0,0,1,0,1,4,1,1,6,1,34,6,1896,2,12,2,1
201431B290214,1,19,0,9,0,6,0,0,0,0,3,1,1,1,52,8,1995,2,5,4,1
201431B290214,2,19,0,18,0,8,0,0,0,0,1,2,6,1,44,7,-1,-1,-1,-1,-1
201431B291114,1,9,0,6,0,0,0,0,0,0,3,1,1,2,43,7,1206,1,4,7,1
201431B291114,2,5,0,14,0,0,0,0,0,0,1,1,2,1,43,7,-1,-1,-1,3,1
201431B291214,1,9,0,16,0,0,2,10,7,0,3,1,6,2,64,9,1229,1,7,8,1
201431B292114,1,9,0,18,0,8,0,0,0,0,1,1,6,1,-1,-1,1724,1,36,7,3
201431B292114,2,1,0,18,0,8,0,0,0,0,2,1,6,1,-1,-1,-1,-1,-1,8,3
201431B292214,1,9,0,7,0,6,0,0,0,0,1,1,6,1,57,9,2191,2,-1,4,1
201431B292214,2,1,0,18,0,8,1,0,0,0,4,1,6,1,25,5,-1,-1,-1,4,2
201431B292214,3,1,0,18,0,8,1,0,0,0,4,1,6,1,35,6,-1,-1,-1,5,1
201431B292914,1,9,0,9,0,6,0,0,0,0,4,1,6,1,26,6,998,1,3,3,1
201431B292914,2,9,0,18,0,8,0,0,0,0,1,1,6,2,18,4,1149,1,9,6,3
201431B293214,1,9,0,13,0,0,2,0,0,0,1,1,2,2,24,5,1390,1,3,-1,-1
201431B293214,2,9,0,6,0,0,1,0,0,0,3,1,6,1,63,9,2495,1,13,8,1
201431B293614,1,9,0,7,0,4,0,9,7,0,3,1,6,1,33,6,1242,1,6,9,3
201431B294014,1,9,0,18,0,0,1,10,7,11,3,1,6,1,18,4,1248,2,3,5,1
201431B294514,1,9,0,18,0,0,1,0,7,4,1,1,2,1,51,8,1360,1,10,6,2
201431B294614,1,9,0,9,0,5,0,0,0,0,1,1,1,1,23,5,1995,2,11,2,1
201431B294614,2,9,0,18,0,8,0,0,0,0,1,1,2,1,24,5,1999,1,11,-1,-1
201431B294914,1,9,0,17,0,0,2,0,1,9,2,1,6,1,18,4,998,1,8,6,3
201431B295114,1,9,0,4,0,1,1,0,0,0,1,1,6,1,23,5,2198,1,10,-1,-1
201431B295114,2,9,0,18,0,8,0,0,7,0,4,1,6,1,56,9,1969,2,-1,-1,-1
201431B295414,1,3,0,9,0,6,1,0,0,0,3,1,2,2,56,9,124,1,7,5,1
201431B295814,1,9,0,13,0,1,0,0,0,0,4,1,6,3,-1,-1,-1,-1,-1,-1,-1
201431B295814,2,1,0,14,0,1,0,0,0,0,3,1,6,1,15,3,-1,-1,-1,5,1
201431B296014,1,9,0,7,0,6,0,0,0,0,1,1,6,1,78,11,2184,2,10,7,3
201431B296014,2,9,0,18,0,8,0,0,0,0,4,1,6,2,61,9,1796,1,8,-1,-1
201431B297014,1,10,0,2,0,0,0,0,0,0,0,1,1,1,-1,-1,2151,2,11,-1,-1
201431B297014,2,9,0,3,0,0,0,0,0,0,2,1,6,1,63,9,3600,1,12,3,1
201431B297014,3,19,0,18,0,0,1,0,0,0,1,1,1,1,24,5,1686,2,11,8,1
201431B297014,4,9,0,18,0,0,1,0,1,9,1,1,6,2,23,5,998,1,8,6,1
201431B297214,1,9,0,18,0,0,5,0,1,9,1,1,6,3,-1,-1,1870,2,9,-1,-1
201431B298814,1,9,0,18,0,8,0,0,0,0,1,1,1,1,47,8,1686,2,4,8,2
201431B298814,2,9,0,18,0,8,0,0,0,0,3,1,1,1,29,6,2204,2,7,3,1
201431B299014,1,9,0,18,0,0,1,0,1,11,2,1,6,1,35,6,1349,1,12,3,2
201431B299114,1,21,1,18,0,0,3,0,4,6,1,1,1,1,51,8,12419,2,3,3,1
201431B299414,1,9,0,7,0,5,1,0,7,11,1,1,6,2,17,4,998,1,10,5,1
201431B299614,1,9,0,17,0,0,0,0,1,4,1,1,6,1,58,9,1598,1,14,3,1
201431B299614,2,9,0,16,0,0,0,0,0,0,1,1,2,2,39,7,1360,1,7,1,2
201431B300114,1,1,0,18,9,8,0,0,0,0,4,1,6,1,20,4,-1,-1,-1,-1,-1
201431B301514,1,9,0,16,0,0,0,0,0,0,3,1,2,2,19,4,973,1,12,-1,3
201431B301514,2,9,0,17,0,0,0,0,0,0,3,1,2,1,58,9,2401,2,8,6,1
201431B302314,1,9,0,18,0,0,0,0,7,9,3,1,6,1,-1,-1,1598,1,1,6,2
201431B302714,1,9,0,9,0,5,0,0,0,0,1,1,6,1,50,8,1783,1,14,2,1
201431B302714,2,1,0,18,0,1,0,0,1,0,3,1,6,1,24,5,-1,-1,-1,2,1
201431B302914,1,9,0,18,0,3,1,0,0,0,4,1,6,1,44,7,3824,1,8,2,2
201431B302914,2,19,0,18,0,1,0,0,1,4,1,1,1,1,34,6,2402,2,6,4,1
201431B303014,1,9,0,16,0,8,0,0,0,0,4,1,6,3,-1,-1,-1,-1,-1,-1,-1
201431B303414,1,9,0,18,0,8,0,0,0,0,1,1,1,1,35,6,-1,-1,-1,2,1
201431B303414,2,9,0,18,0,8,0,7,1,0,3,1,2,2,31,6,1461,2,5,5,1
201431B303514,1,9,0,16,0,0,0,0,1,10,1,1,2,2,34,6,1598,1,11,2,1
201431B303914,1,9,0,18,0,2,0,0,0,0,4,1,6,2,-1,-1,-1,-1,-1,-1,-1
201431B304114,1,9,0,18,0,0,0,0,0,0,1,1,6,1,26,6,1994,2,11,3,1
201431B304114,2,9,0,2,0,0,0,0,0,0,2,1,6,2,56,9,1242,1,8,3,2
201431B304214,1,9,0,14,0,0,0,0,0,0,1,1,6,1,43,7,1998,1,17,1,1
201431B304214,2,9,0,3,0,0,0,0,0,0,0,1,6,1,50,8,1461,2,8,1,1
201431B304314,1,9,0,18,0,0,0,0,1,10,1,1,6,1,25,5,1991,2,9,3,2
201431B304414,1,9,0,17,0,0,2,0,7,11,2,1,2,2,17,4,1242,1,1,8,2
201431B304914,1,22,0,18,9,0,0,0,0,0,1,1,6,2,76,11,-1,-1,-1,6,2
201431B305714,1,4,0,18,0,8,1,0,0,0,1,1,6,2,47,8,125,1,1,4,1
201431B305714,2,9,0,9,0,6,0,0,0,0,1,1,6,1,17,4,1896,2,7,7,3
201431B305814,1,9,0,9,0,6,0,0,0,0,3,1,2,1,25,5,1596,1,12,5,1
201431B305814,2,9,0,18,0,8,0,0,0,0,1,1,1,1,43,7,1248,2,5,5,2
201431B306114,1,19,0,18,0,0,0,7,7,11,1,1,6,1,22,5,2198,2,5,7,3
201431B306114,2,9,0,18,0,0,0,10,0,0,4,1,6,1,32,6,1390,1,6,3,1
201431B306214,1,1,0,18,0,0,0,0,0,0,4,1,6,3,-1,-1,-1,-1,-1,-1,-1
201431B306914,1,9,0,18,0,0,1,0,0,0,1,1,6,1,29,6,1586,1,7,10,1
201431B307214,1,9,0,11,0,8,0,0,0,0,4,1,1,1,20,4,1396,1,13,-1,-1
201431B307214,2,20,0,18,0,8,0,0,0,0,3,1,1,1,53,8,3920,2,12,8,1
201431B307714,1,21,1,13,0,0,0,0,0,0,4,1,1,1,27,6,12777,2,8,-1,-1
201431B307714,2,9,0,16,0,0,0,6,0,0,3,1,6,1,-1,-1,1298,1,13,3,2
201431B307814,1,9,0,18,0,3,1,7,0,0,3,1,6,1,23,5,1794,1,8,5,2
201431B308014,1,9,0,18,0,1,0,10,8,11,1,1,6,1,22,5,1242,1,15,3,2
201431B308814,1,9,0,16,0,0,1,0,7,0,1,1,6,1,22,5,1196,1,24,7,3
201431B308814,2,9,0,17,0,0,1,0,1,0,3,1,1,1,39,7,-1,-1,-1,1,2
201431B309914,1,9,0,17,0,0,1,0,1,4,1,1,6,2,79,11,1389,1,11,7,3
201431B310014,1,9,0,18,0,1,0,0,0,0,1,1,6,1,80,11,1248,2,4,8,1
201431B310414,1,9,0,18,0,1,2,0,1,0,1,1,6,1,85,11,1390,1,9,10,2
201431B310514,1,9,0,7,0,6,0,0,0,0,4,1,6,2,43,7,1598,1,14,2,1
201431B310614,1,9,0,9,0,5,0,0,0,0,1,1,6,1,79,11,1988,1,15,7,3
201431B310814,1,9,0,6,0,8,0,0,0,0,3,1,6,1,42,7,998,1,8,1,1
201431B310814,2,19,0,18,0,8,1,0,0,0,1,1,6,1,25,5,2402,2,8,-1,-1
201431B310814,3,19,0,2,0,2,0,0,0,0,3,1,6,3,-1,-1,1686,2,6,-1,-1
201431B310814,4,9,0,2,0,2,0,0,0,0,2,1,6,3,-1,-1,1389,1,14,-1,-1
201431B311214,1,5,0,11,0,8,0,0,0,0,1,1,6,1,49,8,600,1,2,2,1
201431B311214,2,9,0,18,0,8,0,0,0,0,3,1,6,1,41,7,1997,2,5,-1,3
201431B311514,1,21,0,18,0,0,0,4,1,0,1,1,1,1,50,8,-1,-1,-1,5,3
201431B311514,2,90,0,2,0,0,0,0,1,0,2,1,6,3,-1,-1,-1,-1,-1,-1,-1
201431B312514,1,9,0,18,0,0,0,0,0,0,4,1,6,2,68,10,1984,1,4,6,3
201431B312514,2,1,0,18,0,0,0,0,0,0,1,1,6,1,10,2,-1,-1,-1,2,1
201431B312814,1,9,0,11,0,0,0,0,0,0,4,1,6,1,39,7,2987,2,3,3,1
201431B312814,2,9,0,18,0,0,1,0,5,6,3,1,6,2,24,5,1242,1,1,7,1
201431B312814,3,9,0,18,0,0,0,0,0,0,1,1,6,1,53,8,1991,1,15,-1,1
201431B313314,1,3,0,9,0,6,0,0,0,0,1,1,2,1,25,5,125,1,6,1,1
201431B313314,2,9,0,18,0,8,0,0,0,0,4,1,2,2,47,8,2993,2,7,6,3
201431B313414,1,9,0,9,0,6,0,0,0,0,3,1,6,2,52,8,1991,2,6,6,3
201431B313414,2,19,0,18,0,8,0,0,0,0,1,1,2,1,53,8,1468,1,8,-1,-1
201431B313514,1,9,0,17,0,0,1,0,1,0,1,1,6,1,76,11,998,1,9,2,2
201431B313514,2,9,0,16,0,0,0,0,0,0,1,1,6,1,47,8,-1,-1,-1,7,3
201431B313914,1,9,0,17,0,0,1,0,0,0,3,1,6,1,30,6,1781,1,11,7,1
201431B314414,1,9,0,16,0,0,1,0,1,9,1,1,1,1,33,6,1598,1,6,5,1
201431C000114,1,9,0,13,0,0,1,0,7,4,1,1,6,1,19,4,1199,1,10,3,1
201431C000114,2,9,0,18,0,0,0,0,0,0,2,1,6,1,21,5,1984,1,9,10,1
201431C000214,1,9,0,18,0,2,0,0,0,0,1,1,6,1,30,6,2204,2,7,4,1
201431C000814,1,9,0,9,0,6,0,0,0,0,4,1,3,1,40,7,1984,1,12,-1,-1
201431C001014,1,9,0,18,0,1,0,0,0,0,1,1,6,1,32,6,1598,1,3,3,1
201431C001014,2,9,0,3,0,1,0,0,0,0,2,1,6,1,36,7,1388,1,8,2,1
201431C001014,3,9,0,3,0,1,0,0,0,0,2,1,6,1,54,8,1596,1,10,1,1
201431C001114,1,19,0,9,0,6,0,0,0,0,1,1,6,1,34,6,1998,2,9,6,1
201431C001114,2,1,0,18,0,8,0,0,0,0,1,1,2,2,27,6,-1,-1,-1,5,1
201431C001314,1,19,0,18,0,0,0,0,1,1,1,1,1,1,50,8,-1,-1,-1,7,1
201431C001814,1,8,0,18,0,0,0,0,0,0,1,1,1,1,36,7,1797,8,4,1,1
201431C002014,1,11,0,5,0,0,0,0,0,0,4,1,1,2,47,8,9000,2,6,4,1
201431C002414,1,11,0,1,0,0,0,0,0,0,4,1,1,1,54,8,9000,2,4,9,2
201431C002714,1,9,0,11,0,2,0,0,0,0,0,1,6,3,-1,-1,-1,-1,-1,-1,-1
201431C002714,2,11,0,18,2,2,1,0,0,0,0,1,1,1,44,7,7300,2,6,2,1
201431C002814,1,9,0,18,0,8,0,0,0,0,1,1,6,1,25,5,2000,2,10,2,1
201431C002814,2,9,0,10,0,5,0,0,0,0,2,1,6,1,40,7,2496,2,12,3,1
201431C003114,1,9,0,18,0,0,0,12,0,0,4,1,6,2,44,7,1499,1,6,9,1
201431C003714,1,9,0,4,0,1,0,0,0,0,1,1,6,2,41,7,1988,1,13,2,1
201431C003714,2,9,0,3,0,1,0,0,0,0,2,1,6,1,53,8,1560,2,8,3,1
201431C004014,1,9,0,9,0,6,0,0,0,0,1,1,6,1,26,6,-1,-1,-1,2,1
201431C004014,2,9,0,18,0,8,0,7,0,0,3,1,1,1,21,5,1229,1,1,9,1
201431C004414,1,9,0,18,9,0,0,0,0,0,4,1,6,1,72,10,1339,1,1,3,1
201431C004714,1,19,0,18,0,0,0,0,0,0,1,1,6,1,30,6,1998,2,11,1,1
201431C004714,2,9,0,3,0,0,0,0,0,0,2,1,6,1,43,7,1800,1,16,6,1
201431C004714,3,9,0,3,0,0,0,0,0,0,2,1,6,2,54,8,1598,1,12,6,1
201431C004714,4,9,0,3,0,0,0,0,0,0,2,1,6,1,49,8,1895,1,14,-1,-1
201431C004814,1,9,0,9,0,8,0,0,0,0,1,1,6,2,50,8,1840,1,15,6,1
201431C004814,2,1,0,18,0,8,0,0,0,0,1,1,2,2,45,7,-1,-1,-1,1,1
201431C005014,1,9,0,18,0,8,0,0,0,0,1,1,6,2,43,7,1240,1,4,3,1
201431C005014,2,9,0,9,0,6,0,0,0,0,4,1,2,2,43,7,973,1,11,2,1
201431C005214,1,9,0,7,0,5,0,0,0,0,1,1,2,2,40,7,1124,1,13,7,1
201431C005214,2,1,0,18,0,8,0,0,0,0,4,1,2,1,35,6,-1,-1,-1,6,2
201431C005314,1,9,5,18,0,8,0,0,0,0,3,1,6,1,21,5,1299,1,14,4,3
201431C005314,2,9,0,18,0,8,0,0,0,0,1,1,6,1,55,8,1997,1,12,1,1
201431C005314,3,9,0,18,0,1,0,0,0,0,0,1,6,1,-1,-1,-1,-1,-1,-1,-1
201431C005414,1,9,0,12,0,8,0,0,0,0,3,1,1,1,23,5,1242,1,7,8,1
201431C005414,2,9,0,18,0,8,0,0,0,0,4,1,1,1,32,6,2184,2,5,-1,-1
201431C005414,3,9,0,18,0,8,0,0,0,0,3,1,1,1,47,8,1398,1,2,6,1
201431C005614,1,19,0,18,0,1,0,0,0,0,1,1,6,1,85,11,-1,-1,-1,9,1
201431C005814,1,9,0,18,0,1,0,0,0,0,1,1,6,1,-1,-1,998,1,3,3,1
201431C005814,2,9,0,18,0,1,0,0,0,0,1,1,4,2,28,6,1332,1,15,6,1
201431C005814,3,9,0,18,0,1,0,0,0,0,2,1,6,1,-1,-1,1461,2,4,-1,-1
201431C006114,1,19,0,18,0,2,0,0,0,0,1,1,6,2,-1,-1,1248,2,7,-1,-1
201431C006314,1,9,0,6,0,8,0,0,0,0,4,1,6,3,-1,-1,-1,-1,-1,-1,-1
201431C006314,2,3,0,7,0,5,0,0,0,0,3,1,6,1,18,4,124,1,5,2,1
201431C006414,1,9,0,9,0,6,0,0,7,11,4,1,2,2,24,5,1199,1,12,2,1
201431C006414,2,9,0,18,0,8,0,0,0,0,4,1,2,2,23,5,1796,1,9,2,1
201431C006614,1,9,0,9,0,6,0,0,0,0,1,1,6,2,38,7,1995,2,6,3,1
201431C006614,2,9,0,18,0,8,0,0,0,0,1,1,6,2,28,6,-1,-1,-1,1,1
201431C006814,1,9,0,4,0,0,0,0,0,0,2,1,2,2,39,7,998,1,5,9,2
201431C006814,2,5,0,4,0,0,0,0,0,0,1,1,2,1,62,9,850,1,17,9,1
201431C006814,3,9,0,18,0,0,0,0,0,0,0,1,6,3,-1,-1,-1,-1,-1,-1,-1
201431C007214,1,9,0,18,0,0,1,0,0,0,4,1,6,1,56,9,1596,1,9,1,1
201431C007314,1,9,0,5,0,8,0,0,0,0,1,1,6,2,-1,-1,1400,1,7,4,1
201431C007314,2,9,0,18,0,8,0,0,0,0,4,1,6,2,29,6,-1,-1,-1,4,1
201431C007714,1,8,0,5,0,4,0,0,0,0,3,1,1,1,39,7,2499,2,5,6,1
201431C007714,2,1,0,18,0,8,0,0,0,0,1,1,2,1,36,7,-1,-1,-1,5,1
201431C009214,1,9,0,18,0,2,0,0,0,0,1,1,6,1,-1,-1,2685,2,10,2,1
201431C009214,2,9,0,4,0,2,0,0,0,0,2,1,6,1,53,8,1995,2,7,5,1
201431C009314,1,3,0,18,0,0,0,0,0,0,1,1,2,1,17,4,-1,-1,-1,6,1
201431C009514,1,9,0,18,0,1,0,0,0,0,1,1,2,1,53,8,1995,1,5,6,3
201431C009514,2,9,0,3,0,1,0,0,0,0,2,1,2,1,27,6,1598,1,4,-1,1
201431C010014,1,9,0,18,0,8,0,0,0,0,2,1,6,1,25,5,1560,2,2,4,1
201431C010014,2,9,0,4,0,8,0,0,0,0,2,1,2,2,46,8,-1,-1,-1,1,1
201431C010014,3,9,0,3,0,8,0,0,0,0,2,1,2,2,55,8,1242,1,5,6,1
201431C010414,1,9,0,9,0,2,0,0,0,0,3,1,6,1,19,4,1242,1,12,4,2
201431C010414,2,19,0,18,0,1,1,0,0,0,1,1,6,1,30,6,1248,2,7,5,1
201431C010614,1,19,0,9,0,6,0,0,0,0,3,1,1,1,42,7,2143,2,3,6,1
201431C010614,2,9,0,18,0,8,0,0,0,0,1,1,6,1,28,6,1968,2,8,2,1
201431C010714,1,9,0,9,0,6,0,0,0,0,4,1,2,1,27,6,1910,2,8,8,1
201431C010714,2,3,0,18,0,8,0,0,0,0,1,1,2,1,56,9,124,1,5,9,1
201431C011114,1,9,0,9,0,6,0,0,0,0,1,1,6,1,24,5,1598,1,13,2,1
201431C011614,1,19,0,9,0,5,0,0,0,0,3,1,6,1,39,7,-1,-1,-1,10,1
201431C011614,2,5,0,13,0,8,1,0,0,0,1,1,6,1,48,8,1085,1,16,6,1
201431C011714,1,19,0,5,0,8,0,0,0,0,1,1,6,3,-1,-1,-1,-1,-1,-1,-1
201431C011914,1,9,0,9,0,6,0,0,0,0,1,1,6,1,26,6,-1,-1,-1,3,1
201431C011914,2,9,0,9,0,8,0,0,0,0,3,1,6,2,36,7,1598,1,8,1,1
201431C013214,1,11,0,18,0,1,0,0,0,0,0,1,1,1,52,8,4250,2,14,9,1
201431C013414,1,9,0,18,0,0,0,0,0,0,4,1,6,1,62,9,1968,2,8,-1,-1
201431C014414,1,9,0,18,0,1,0,0,0,0,1,1,6,2,25,5,1896,2,12,2,1
201431C014414,2,9,0,3,0,1,0,0,0,0,2,1,6,1,35,6,998,1,16,2,1
201431C014514,1,9,0,18,0,0,0,0,0,0,1,1,6,3,-1,-1,-1,-1,-1,-1,-1
201431C014714,1,9,0,9,0,6,0,0,0,0,3,1,6,1,21,5,796,1,13,3,1
201431C014714,2,9,0,18,0,8,0,0,0,0,1,1,6,1,28,6,1399,2,12,1,1
201431C015014,1,21,0,5,0,1,0,0,0,0,1,1,1,1,33,6,4764,2,2,2,1
201431C015014,2,9,0,10,0,1,0,0,0,0,2,1,2,2,31,6,1798,1,5,6,1
201431C015514,1,19,0,6,0,1,0,0,0,0,4,1,1,1,-1,-1,1995,2,2,10,1
201431C015514,2,1,0,18,0,1,0,0,0,0,1,1,2,1,41,7,-1,-1,-1,3,1
201431C015714,1,9,0,4,0,2,0,0,0,0,1,1,6,2,45,7,1798,1,2,2,1
201431C015714,2,9,0,3,0,2,0,0,0,0,2,1,6,2,26,6,1364,1,4,1,1
201431C015714,3,9,0,3,0,2,0,0,0,0,2,1,6,2,31,6,1242,1,5,7,1
201431C015714,4,9,0,3,0,2,0,0,0,0,2,1,6,1,46,8,1794,1,12,4,1
201431C015914,1,19,0,18,0,1,0,0,0,0,1,1,6,1,-1,-1,2198,2,5,-1,-1
201431C015914,2,9,0,4,0,1,0,0,0,0,2,1,6,1,36,7,1796,1,11,3,1
201431C016114,1,8,0,18,0,8,0,0,0,0,4,1,1,1,51,8,1686,2,7,2,1
201431C016114,2,9,0,7,0,6,0,0,0,0,1,1,6,1,80,11,1596,1,9,-1,1
201431C016214,1,9,0,14,0,1,0,0,0,0,4,1,6,3,-1,-1,-1,-1,-1,-1,-1
201431C017314,1,19,0,18,0,0,0,0,7,0,1,1,6,3,-1,-1,-1,-1,-1,-1,-1
201431C017514,1,9,0,9,0,6,0,0,0,0,1,1,6,1,60,9,1995,2,5,2,1
201431C017514,2,9,0,18,0,8,0,0,0,0,4,1,6,1,45,7,1995,1,6,1,1
201431C017614,1,8,0,7,0,5,0,0,1,0,4,1,6,3,-1,-1,-1,-1,-1,-1,-1
201431C017914,1,9,0,16,0,2,0,0,0,0,3,1,6,1,54,8,1796,1,5,4,1
201431C018114,1,9,0,5,0,8,0,0,0,0,1,1,6,3,-1,-1,-1,-1,-1,-1,-1
201431C018514,1,11,0,7,0,6,0,0,0,0,4,1,1,1,38,7,9000,2,-1,9,1
201431C019314,1,9,0,18,0,8,0,0,0,0,1,1,6,1,45,7,1299,1,11,2,1
201431C019514,1,9,0,18,0,8,0,0,0,0,1,1,6,1,31,6,1397,1,15,1,1
201431C019514,2,9,0,18,0,8,0,0,0,0,3,1,6,1,32,6,1242,1,12,2,1
201431C019814,1,9,0,4,0,1,0,0,0,0,1,1,6,1,48,8,1587,1,9,1,1
201431C019814,2,2,0,8,0,1,0,0,0,0,2,1,6,1,26,6,50,1,1,2,1
201431C020014,1,9,0,4,0,2,0,0,0,0,1,1,6,1,21,5,1998,1,11,5,1
201431C020014,2,9,0,4,0,2,0,0,0,0,2,1,6,2,32,6,1896,2,9,4,1
201431C020214,1,21,1,9,0,3,0,0,0,0,1,1,1,1,57,9,12777,2,2,-1,-1
201431C020214,2,9,0,16,0,3,0,0,0,0,2,1,2,1,25,5,1994,2,11,-1,1
201431C020514,1,9,0,18,0,1,0,0,0,0,1,1,6,1,-1,-1,1461,2,8,2,1
201431C020514,2,9,0,3,0,1,0,0,0,0,2,1,6,1,35,6,1598,1,8,2,1
201431C020714,1,9,0,14,0,2,0,0,0,0,4,1,6,3,-1,-1,-1,-1,-1,-1,-1
201431C020914,1,9,0,6,0,0,0,0,4,4,3,1,6,1,25,5,998,1,1,4,1
201431C020914,2,9,0,18,0,0,0,0,0,0,1,1,6,1,23,5,1781,1,11,1,1
201431C021014,1,9,0,7,0,5,0,0,0,0,1,1,6,2,58,9,1997,2,9,7,1
201431C021114,1,9,0,18,0,0,0,0,0,0,1,1,6,2,23,5,1242,1,11,4,1
201431C021114,2,1,0,18,0,0,0,0,0,0,4,1,6,1,13,3,-1,-1,-1,3,1
201431C021414,1,9,0,9,0,6,0,0,0,0,4,1,6,1,71,10,1995,2,1,1,1
201431C021414,2,9,0,18,0,8,0,0,0,0,1,1,6,1,46,8,1388,1,12,1,1
201431C021414,3,9,0,3,0,1,0,0,0,0,0,1,6,3,-1,-1,-1,-1,-1,-1,-1
201431C022114,1,9,0,18,0,4,0,0,0,0,3,1,6,2,28,6,1198,1,8,5,1
201431C022114,2,1,0,18,0,8,0,0,0,0,4,1,6,1,19,4,-1,-1,-1,7,1
201431C022714,1,9,0,4,0,1,0,0,0,0,2,1,6,2,61,9,1390,1,3,10,1
201431C022714,2,9,0,4,0,1,0,0,0,0,1,1,6,1,65,9,3000,1,8,8,3
201431C022714,3,20,0,18,0,1,0,0,0,0,1,1,1,1,25,5,4250,2,9,9,1
201431C022814,1,9,0,18,0,8,0,0,0,0,1,1,6,2,22,5,1998,1,9,-1,1
201431C022814,2,9,0,18,0,8,0,0,0,0,3,1,6,1,50,8,1870,2,8,-1,1
201431C022914,1,9,0,18,0,8,0,0,0,0,1,1,6,2,50,8,1598,1,7,5,1
201431C022914,2,9,0,18,0,8,0,0,0,0,3,1,6,2,18,4,1299,1,10,7,1
201431C023014,1,9,0,1,0,1,0,0,0,0,2,1,6,1,-1,-1,1995,2,4,-1,-1
201431C023214,1,9,0,18,0,8,1,0,7,11,3,1,6,1,36,7,1796,1,14,3,1
201431C023214,2,9,0,18,0,8,0,0,0,0,1,1,6,1,21,5,-1,-1,-1,-1,-1
201431C023714,1,9,0,9,0,6,0,0,0,0,1,1,6,3,-1,-1,-1,-1,-1,-1,-1
201431C023714,2,1,0,18,0,8,0,0,0,0,2,1,1,1,43,7,-1,-1,-1,9,1
201431C024014,1,9,0,18,0,1,0,0,0,0,4,1,2,1,28,6,1995,2,5,5,1