Accident_Index,Vehicle_Reference,Vehicle_Type,Towing_and_Articulation,Vehicle_Manoeuvre,Vehicle_Location-Restricted_Lane,Junction_Location,Skidding_and_Overturning,Hit_Object_in_Carriageway,Vehicle_Leaving_Carriageway,Hit_Object_off_Carriageway,1st_Point_of_Impact,Was_Vehicle_Left_Hand_Drive?,Journey_Purpose_of_Driver,Sex_of_Driver,Age_of_Driver,Age_Band_of_Driver,Engine_Capacity_(CC),Propulsion_Code,Age_of_Vehicle,Driver_IMD_Decile,Driver_Home_Area_Type
201431C024114,1,9,0,18,0,8,0,0,1,11,1,1,1,1,61,9,1910,2,7,-1,-1
201431C024114,2,9,0,9,0,6,1,0,0,0,4,1,6,1,66,10,1995,2,7,1,1
201431C024314,1,19,0,8,0,1,0,0,0,0,2,1,1,1,49,8,2463,2,9,-1,-1
201431C024314,2,19,0,3,0,1,0,0,0,0,1,1,1,1,51,8,2143,2,2,6,1
201431C024714,1,19,0,18,0,1,0,0,0,0,1,1,6,3,-1,-1,-1,-1,-1,-1,-1
201431C024714,2,9,0,3,0,1,0,0,0,0,2,1,6,2,63,9,-1,-1,-1,9,1
201431C024914,1,9,0,9,0,4,0,0,0,0,1,1,6,3,-1,-1,-1,-1,-1,-1,-1
201431C024914,2,1,0,18,0,8,0,0,0,0,1,1,2,1,30,6,-1,-1,-1,1,1
201431C025314,1,9,0,10,0,1,0,0,0,0,1,1,6,2,25,5,1796,1,14,1,1
201431C025314,2,9,0,18,0,8,0,0,8,10,1,1,6,1,20,4,1229,1,1,2,1
201431C025314,3,9,0,10,0,8,0,0,0,0,0,1,6,3,-1,-1,-1,-1,-1,-1,-1
201431C025614,1,1,0,18,0,0,0,0,0,0,1,1,6,1,-1,-1,-1,-1,-1,-1,-1
201431C025714,1,9,0,18,0,0,0,0,0,0,4,1,6,2,-1,-1,1995,2,9,4,1
201431C026014,1,9,0,18,0,0,0,0,0,0,3,1,6,1,40,7,1595,1,11,1,1
201431C026214,1,8,0,7,0,6,0,0,0,0,1,1,1,1,56,9,2402,2,11,-1,1
201431C026214,2,8,0,18,0,8,0,0,0,0,1,1,1,1,37,7,2402,2,9,6,1
201431C026314,1,9,0,4,0,1,0,0,0,0,2,1,6,2,66,10,1796,1,3,-1,-1
201431C026314,2,1,0,18,0,1,0,0,0,0,1,1,1,1,32,6,-1,-1,-1,-1,-1
201431C026814,1,9,0,18,0,0,0,0,0,0,1,1,1,1,20,4,1390,1,10,3,1
201431C026814,2,9,0,4,0,0,0,0,0,0,2,1,1,1,30,6,1242,1,14,2,1
201431C027014,1,9,0,4,0,0,1,0,0,0,1,1,6,1,-1,-1,1900,2,14,-1,-1
201431C027014,2,19,0,4,0,0,0,0,0,0,2,1,1,1,32,6,2198,2,5,-1,-1
201431C027214,1,5,0,18,0,1,1,0,0,0,4,1,6,1,43,7,918,1,15,5,1
201431C027714,1,8,0,18,0,1,0,0,0,0,1,1,1,1,22,5,2231,2,7,2,1
201431C027714,2,9,0,10,0,1,0,0,0,0,2,1,6,1,54,8,1299,1,6,-1,-1
201431C028514,1,9,0,4,0,1,0,10,0,0,1,1,6,1,80,11,1398,1,11,6,1
201431C028514,2,9,0,5,0,1,0,0,0,0,2,1,1,2,35,6,1598,1,7,9,1
201431C029114,1,9,0,7,0,5,0,0,0,0,1,1,6,1,20,4,998,1,7,-1,-1
201431C029314,1,9,0,18,0,0,0,0,0,0,1,1,6,1,40,7,1339,8,8,7,1
201431C029314,2,9,0,3,0,0,0,0,0,0,2,1,1,1,46,8,1975,1,9,-1,1
201431C029314,3,9,0,5,0,0,0,0,0,0,2,1,6,1,50,8,1998,1,11,8,1
201431C029414,1,9,0,5,0,6,0,0,0,0,1,1,6,3,-1,-1,-1,-1,-1,-1,-1
201431C029414,2,9,0,13,0,2,0,0,0,0,3,1,1,1,36,7,1910,2,6,2,1
201431C029614,1,9,0,18,0,1,0,0,0,0,1,1,1,1,-1,-1,-1,-1,-1,2,1
201431C030014,1,9,0,7,0,6,0,0,0,0,1,1,6,3,-1,-1,-1,-1,-1,-1,-1
201431C030014,2,9,0,9,0,5,1,0,0,0,3,1,6,1,35,6,2494,1,14,1,1
201431C030114,1,9,0,18,0,2,0,0,0,0,1,1,6,2,62,9,1956,2,2,5,1
201431C030214,1,9,0,18,0,0,1,0,0,0,1,1,6,1,21,5,1896,2,11,3,1
201431C031314,1,9,0,7,0,6,0,0,0,0,3,1,6,2,22,5,1360,1,3,8,1
201431C031314,2,9,0,18,0,8,0,0,0,0,1,1,6,1,38,7,2987,2,4,-1,-1
201431C031414,1,9,0,7,0,5,0,0,0,0,1,1,2,1,28,6,1753,2,8,2,1
201431C031414,2,1,0,18,0,8,0,0,0,0,3,1,2,1,48,8,-1,-1,-1,4,1
201431C031714,1,9,0,6,0,0,0,0,0,0,3,1,6,1,-1,-1,1596,1,5,5,1
201431C031714,2,1,0,18,0,0,0,0,0,0,1,1,6,1,38,7,-1,-1,-1,9,1
201431C031814,1,3,0,18,0,8,0,0,0,0,1,1,6,1,19,4,124,1,12,3,1
201431C031814,2,9,0,4,0,2,0,0,0,0,2,1,6,2,44,7,1997,1,7,5,1
201431C031814,3,19,0,14,0,1,0,0,0,0,0,1,1,1,38,7,4249,2,-1,5,1
201431C032314,1,9,0,18,0,0,1,0,0,0,1,1,2,1,20,4,1686,2,11,5,1
201431C032314,2,9,0,4,0,0,0,0,0,0,2,1,2,1,54,8,1360,1,7,2,1
201431C033614,1,9,0,18,0,0,0,0,0,0,4,1,6,3,-1,-1,-1,-1,-1,-1,-1
201431C033614,2,2,0,18,0,0,0,0,0,0,3,1,2,2,23,5,49,1,6,4,1
201431C033814,1,9,0,9,0,6,0,0,0,0,1,1,6,3,-1,-1,-1,-1,-1,-1,-1
201431C033814,2,2,0,18,0,8,0,0,0,0,4,1,6,1,22,5,49,1,6,2,1
201431C034114,1,9,0,18,0,8,0,0,0,0,1,1,6,1,26,6,1895,1,13,6,1
201431C034114,2,9,0,9,0,8,0,0,0,0,3,1,6,2,67,10,998,1,13,6,1
201431C034414,1,9,0,13,0,0,1,0,1,2,1,1,6,3,-1,-1,998,1,9,-1,-1
201431C034414,2,8,0,18,0,0,0,0,0,0,3,1,1,1,22,5,1997,2,14,1,1
201431C034714,1,9,0,18,0,0,0,0,0,0,4,1,6,1,66,10,1329,1,4,7,1
201431C035014,1,9,0,7,0,6,0,0,0,0,3,1,6,1,22,5,1397,1,12,7,1
201431C035014,2,9,0,18,0,8,0,0,0,0,1,1,6,2,41,7,1900,2,14,10,1
201431C035314,1,9,0,18,0,2,0,0,0,0,1,1,6,1,-1,-1,1968,2,5,3,1
201431C035314,2,9,0,3,0,2,0,0,0,0,2,1,6,1,33,6,1799,1,8,1,1
201431C035414,1,11,0,5,0,8,0,0,0,0,0,1,1,1,59,9,-1,-1,-1,1,1
201431C035714,1,9,0,18,0,1,0,0,0,0,1,1,6,2,30,6,1896,2,10,5,1
201431C035714,2,9,0,10,0,1,0,0,0,0,2,1,6,1,39,7,1560,2,9,1,1
201431C036114,1,9,0,18,0,0,0,0,0,0,1,1,6,1,-1,-1,1598,1,13,10,1
201431C036114,2,9,0,3,0,0,0,0,0,0,2,1,2,2,-1,-1,1399,2,3,9,1
201431C036614,1,9,0,18,0,1,0,0,0,0,1,1,6,2,25,5,1400,1,14,1,1
201431C036614,2,9,0,2,0,1,0,0,0,0,3,1,6,3,-1,-1,1587,1,7,-1,-1
201431C037314,1,2,0,18,0,0,0,4,0,0,1,1,6,1,41,7,49,1,16,5,1
201431C037314,2,9,0,2,0,0,0,0,0,0,2,1,1,2,56,9,1612,1,4,6,3
201431C037414,1,9,0,18,0,8,0,0,0,0,1,1,6,2,26,6,1910,2,6,1,1
201431C037614,1,9,0,4,0,2,0,0,0,0,2,1,6,1,-1,-1,1896,2,11,2,1
201431C037614,2,9,0,18,0,2,0,0,0,0,1,1,6,2,23,5,1242,1,2,10,1
201431C037714,1,9,0,1,0,0,0,0,0,0,2,1,6,3,-1,-1,1242,1,2,-1,-1
201431C037714,2,9,0,17,0,0,0,0,0,0,1,1,6,2,20,4,1341,1,9,3,1
201431C037914,1,9,0,7,0,5,0,0,0,0,4,1,6,3,-1,-1,-1,-1,-1,-1,-1
201431C038014,1,9,0,7,0,8,0,0,3,10,1,1,6,1,75,10,1796,1,13,-1,1
201431C038314,1,5,0,4,0,1,0,0,0,0,1,1,6,1,50,8,738,1,14,6,1
201431C038314,2,9,0,3,0,1,0,0,0,0,2,1,6,1,25,5,1910,2,7,3,1
201431C038314,3,90,0,7,0,6,0,0,0,0,0,1,1,3,-1,-1,-1,-1,-1,-1,-1
201431C039014,1,9,0,13,0,1,0,0,0,0,4,1,6,1,29,6,1997,1,9,-1,-1
201431C039014,2,1,0,18,0,1,0,0,0,0,3,1,1,1,41,7,-1,-1,-1,-1,-1
201431C039114,1,9,0,14,0,1,0,4,0,0,4,1,6,2,78,11,1870,2,12,9,1
201431C039114,2,9,0,2,0,1,0,0,0,0,3,1,6,3,-1,-1,1896,2,11,-1,-1
201431C039114,3,9,0,2,0,1,0,0,0,0,4,1,6,3,-1,-1,1329,1,4,-1,-1
201431C039614,1,9,0,12,0,1,0,0,0,0,3,1,6,1,-1,-1,1560,2,7,-1,-1
201431C039614,2,9,0,4,0,1,0,0,0,0,4,1,6,2,33,6,1560,2,5,9,1
201431C040014,1,11,0,7,0,5,0,0,0,0,0,1,1,1,-1,-1,9000,2,6,3,1
201431C040114,1,9,0,4,0,0,0,0,0,0,1,1,2,1,34,6,2204,2,5,4,1
201431C040114,2,9,0,3,0,0,0,0,0,0,2,1,6,1,50,8,1910,2,6,4,1
201431C040214,1,9,0,9,0,6,0,0,0,0,4,1,1,1,35,6,-1,-1,-1,-1,-1
201431C040214,2,1,0,18,0,8,0,0,0,0,1,1,6,1,17,4,-1,-1,-1,5,2
201431C040314,1,9,0,18,0,8,0,0,0,0,4,1,6,3,-1,-1,-1,-1,-1,-1,-1
201431C040414,1,9,0,9,0,5,0,0,0,0,3,1,6,1,33,6,1796,1,11,2,1
201431C040414,2,3,0,13,0,8,0,0,0,0,1,1,6,1,18,4,-1,-1,-1,1,1
201431C041314,1,9,0,18,0,0,1,4,0,0,1,1,6,1,48,8,1796,1,16,1,1
201431C041314,2,9,0,2,0,0,0,0,0,0,2,1,6,3,-1,-1,1995,2,8,-1,-1
201431C042014,1,9,0,5,0,1,0,0,0,0,1,1,6,1,-1,-1,1198,1,1,-1,-1
201431C042214,1,9,0,14,0,0,0,0,0,0,1,1,6,2,22,5,1124,1,5,2,1
201431C042414,1,9,0,18,0,4,0,0,0,0,1,1,6,2,24,5,1396,1,1,7,1
201431C042414,2,9,0,9,0,8,0,0,0,0,4,1,6,1,31,6,1995,2,6,1,1
201431C042714,1,9,0,14,0,1,1,0,0,0,1,1,6,2,26,6,1360,1,18,10,1
201431C042914,1,9,0,2,9,8,0,0,1,11,2,1,6,2,58,9,1998,1,13,8,1
201431C043214,1,1,0,18,9,1,0,0,0,0,3,1,2,1,25,5,-1,-1,-1,2,1
201431C043214,2,9,0,4,9,1,0,0,0,0,1,1,6,1,57,9,1390,1,12,7,1
201431C043514,1,9,0,9,0,6,0,0,0,0,1,1,2,2,34,6,1596,1,11,6,1
201431C043514,2,9,0,18,0,8,0,0,2,11,3,1,6,1,66,10,998,1,6,2,1
201431C043814,1,1,0,4,0,0,0,0,0,0,0,1,6,3,-1,-1,-1,-1,-1,-1,-1
201431C043814,2,1,0,4,0,0,0,0,0,0,3,1,1,1,19,4,-1,-1,-1,2,1
201431C044914,1,9,0,9,0,6,0,0,0,0,3,1,1,1,41,7,1995,2,4,10,3
201431C044914,2,9,0,18,0,8,0,0,0,0,1,1,6,1,54,8,-1,-1,-1,2,1
201431C045214,1,19,0,18,0,0,0,0,0,0,4,1,6,3,-1,-1,-1,-1,-1,-1,-1
201431C045414,1,9,0,2,0,0,0,0,0,0,3,1,6,1,-1,-1,1968,2,2,4,1
201431C045414,2,1,0,14,0,0,0,0,0,0,1,1,2,1,42,7,-1,-1,-1,4,1
201431C045614,1,19,0,9,0,6,0,0,0,0,3,1,1,1,41,7,1995,2,7,1,1
201431C045614,2,9,0,13,0,8,0,0,0,0,1,1,1,1,44,7,1998,2,4,1,1
201431C046514,1,9,0,14,0,1,0,0,0,0,1,1,2,1,56,9,-1,-1,-1,-1,-1
201431C046914,1,8,0,18,0,8,0,0,0,0,3,1,1,1,54,8,1497,8,6,5,1
201431C046914,2,9,0,18,0,8,0,0,0,0,1,2,6,1,23,5,-1,-1,-1,7,1
201431C047414,1,9,0,18,0,3,1,10,1,11,2,1,6,1,23,5,1248,2,7,3,1
201431C047714,1,9,0,9,0,6,0,0,0,0,3,1,6,1,41,7,998,1,5,2,1
201431C047714,2,9,0,18,0,8,1,0,0,0,1,1,6,1,65,9,1968,2,1,6,1
201431C047914,1,9,0,18,0,1,0,0,0,0,2,1,6,2,64,9,1329,1,4,6,1
201431C047914,2,9,0,18,0,1,0,0,0,0,1,1,6,2,78,11,2497,1,9,7,1
201431C048014,1,5,0,13,0,0,1,0,0,0,0,1,2,1,44,7,599,1,16,3,1
201431C048014,2,9,0,11,0,0,0,0,0,0,0,1,1,1,-1,-1,1995,2,12,7,1
201431C048214,1,9,0,18,0,0,0,0,0,0,1,1,6,3,-1,-1,-1,-1,-1,-1,-1
201431C048414,1,9,0,6,0,2,0,0,0,0,4,1,2,2,24,5,1198,1,11,-1,1
201431C048414,2,9,0,18,0,2,1,4,0,0,1,1,2,1,24,5,1598,1,15,5,1
201431C048414,3,9,0,2,0,2,0,0,0,0,3,1,6,3,-1,-1,1329,1,1,-1,-1
201431C048514,1,1,0,18,0,0,0,0,0,0,1,1,6,1,26,6,-1,-1,-1,9,1
201431C049414,1,9,0,9,0,5,0,0,0,0,4,1,2,1,54,8,1248,2,10,5,1
201431C049414,2,1,0,18,0,8,1,0,0,0,1,1,2,1,31,6,-1,-1,-1,5,1
201431C049514,1,9,0,18,0,8,0,0,0,0,3,1,6,2,76,11,1598,1,1,-1,-1
201431C049514,2,1,0,9,0,6,0,0,0,0,1,1,6,1,53,8,-1,-1,-1,-1,1
201431C049614,1,9,0,18,0,2,0,0,1,0,1,1,2,1,46,8,1360,1,12,6,1
201431C049614,2,1,0,18,0,2,0,0,0,0,2,1,2,1,29,6,-1,-1,-1,4,1
201431C049914,1,9,0,5,0,4,0,0,0,0,1,1,6,2,22,5,1198,1,-1,4,1
201431C049914,2,1,0,18,0,8,0,0,0,0,2,1,6,1,27,6,-1,-1,-1,7,1
201431C050014,1,9,0,16,0,0,1,10,1,1,3,1,6,1,21,5,1490,1,7,10,1
201431C050814,1,9,0,18,0,1,0,0,0,0,1,1,6,1,44,7,1598,1,13,10,1
201431C050814,2,9,0,4,0,1,0,0,0,0,2,1,6,2,25,5,1388,1,9,3,1
201431C050814,3,9,0,4,0,1,0,0,0,0,2,1,6,1,66,10,1686,2,4,-1,1
201431C051114,1,9,0,7,0,8,0,0,0,0,1,1,6,2,58,9,1199,1,13,1,1
201431C051114,2,9,0,10,0,6,0,0,0,0,1,1,6,2,56,9,1910,2,9,2,1
201431C051214,1,19,0,13,0,0,0,0,0,0,4,1,6,3,-1,-1,-1,-1,-1,-1,-1
201431C051214,2,1,0,12,0,0,0,0,0,0,3,1,6,1,59,9,-1,-1,-1,1,1
201431C051714,1,9,0,4,0,1,0,0,0,0,1,1,6,1,-1,-1,-1,-1,-1,-1,-1
201431C051714,2,9,0,3,0,1,0,0,0,0,2,1,6,2,61,9,1598,1,12,9,2
201431C052314,1,18,2,4,1,1,0,0,0,0,4,1,1,1,55,8,-1,-1,-1,10,1
201431C052614,1,9,0,18,0,1,0,0,0,0,1,1,6,3,-1,-1,-1,-1,-1,-1,-1
201431C052614,2,9,0,8,0,8,0,0,0,0,2,1,6,1,51,8,1896,2,16,2,1
201431C052714,1,9,0,18,0,0,0,0,7,5,3,1,6,1,32,6,2148,2,11,-1,-1
201431C052714,2,9,0,18,0,0,1,0,0,0,3,1,6,1,42,7,-1,-1,-1,9,1
201431C052714,3,9,0,18,0,0,0,4,0,0,3,1,6,3,-1,-1,1388,1,5,-1,-1
201431C052714,4,9,0,2,0,0,0,0,0,0,2,1,6,3,-1,-1,998,1,13,-1,-1
201431C053214,1,1,0,15,0,8,0,0,0,0,3,1,1,1,24,5,-1,-1,-1,-1,-1
201431C053214,2,9,0,9,0,5,0,0,0,0,4,1,6,1,34,6,1360,1,7,-1,-1
201431C053314,1,11,0,9,0,6,0,0,0,0,0,1,1,1,63,9,9000,2,11,-1,-1
201431C053314,2,9,0,18,0,8,0,0,0,0,0,1,6,3,-1,-1,-1,-1,-1,-1,-1
201431C053914,1,9,0,9,0,6,0,0,0,0,4,1,1,1,29,6,1998,2,5,3,1
201431C053914,2,9,0,18,0,8,0,0,0,0,1,1,1,1,42,7,1995,2,9,3,1
201431C054014,1,9,0,1,0,0,0,0,0,0,2,1,6,1,-1,-1,1995,2,6,-1,-1
201431C054014,2,9,0,2,0,0,0,0,0,0,1,1,2,2,22,5,1299,1,13,1,1
201431C054514,1,9,0,13,0,8,1,0,7,4,1,1,6,2,27,6,-1,-1,-1,5,1
201431C054514,2,9,0,9,0,5,0,0,0,0,3,1,3,2,28,6,973,1,13,1,1
201431C054614,1,8,0,18,9,0,0,0,1,0,4,1,1,1,-1,-1,-1,-1,-1,-1,-1
201431C054814,1,9,0,18,0,0,0,0,0,0,4,1,6,2,56,9,1149,1,10,9,1
201431C054914,1,9,0,18,0,1,0,0,0,0,1,1,6,1,-1,-1,1598,1,6,1,1
201431C054914,2,9,0,3,0,1,0,0,0,0,2,1,1,1,26,6,1124,1,9,1,1
201431C054914,3,19,0,18,0,8,0,0,0,0,0,1,1,3,-1,-1,-1,-1,-1,-1,-1
201431C055114,1,9,0,17,0,8,0,0,0,0,1,1,6,2,82,11,1328,1,9,9,1
201431C055114,2,9,0,9,0,6,0,0,0,0,3,1,2,2,31,6,1390,1,6,2,1
201431C055314,1,9,0,9,0,4,0,0,0,0,3,1,6,2,43,7,1995,1,12,2,1
201431C055314,2,5,0,18,0,8,0,0,0,0,1,1,6,1,-1,-1,600,1,15,1,1
201431C056114,1,9,0,12,0,5,0,0,0,0,3,1,6,2,48,8,1206,1,2,5,1
201431C056114,2,9,0,9,0,5,0,0,0,0,4,1,1,1,42,7,1598,1,11,5,1
201431C056614,1,9,0,1,0,2,0,0,0,0,2,1,6,3,-1,-1,2199,2,2,-1,-1
201431C056614,2,9,0,10,0,1,0,0,0,0,1,1,6,1,57,9,1598,1,14,1,1
201431C056714,1,9,0,9,0,6,0,0,0,0,1,1,6,3,-1,-1,1910,2,5,-1,-1
201431C056714,2,1,0,18,0,8,0,0,0,0,4,1,6,1,45,7,-1,-1,-1,1,1
201431C056814,1,9,0,9,0,8,0,0,0,0,1,1,6,1,63,9,1781,1,15,7,3
201431C056814,2,9,0,18,0,8,0,0,0,0,1,1,6,1,46,8,1781,1,11,5,1
201431C057214,1,9,0,18,0,0,0,0,0,0,1,1,2,1,24,5,995,1,7,7,1
201431C057214,2,9,0,2,0,0,0,0,0,0,2,1,6,3,-1,-1,1595,1,24,-1,-1
201431C057314,1,9,0,7,0,6,0,0,0,0,3,1,6,2,73,10,1242,1,5,8,1
201431C057314,2,9,0,18,0,8,0,0,0,0,1,1,2,2,27,6,1242,1,7,2,1
201431C057514,1,1,0,3,0,1,0,0,0,0,3,1,1,1,50,8,-1,-1,-1,8,2
201431C057514,2,9,0,5,0,1,0,0,0,0,1,1,6,3,-1,-1,1781,1,15,-1,-1
201431C057614,1,1,0,18,0,8,0,0,0,0,3,1,6,1,52,8,-1,-1,-1,9,1
201431C057614,2,9,0,9,0,5,0,0,0,0,4,1,6,1,-1,-1,-1,-1,-1,-1,-1
201431C057814,1,9,0,18,0,0,0,0,0,0,1,1,6,2,19,4,599,1,12,9,1
201431C057814,2,9,0,4,0,0,0,0,0,0,2,1,6,1,62,9,1997,2,3,1,1
201431C058014,1,11,0,5,0,0,0,0,0,0,0,1,1,1,25,5,9000,2,3,2,1
201431C058414,1,9,0,6,0,2,0,0,0,0,3,1,6,1,49,8,1398,1,3,10,1
201431C058414,2,9,0,13,0,2,0,0,0,0,1,1,6,1,21,5,1956,2,5,7,1
201431C059014,1,9,0,18,0,0,0,0,7,1,1,1,6,1,-1,-1,1896,2,9,-1,-1
201431C059014,2,9,0,18,0,0,0,0,1,0,0,1,1,1,21,5,1686,2,1,3,1
201431C059014,3,8,0,18,0,0,5,0,0,0,2,1,6,1,36,7,2402,2,9,5,1
201431C059714,1,9,0,18,0,0,1,0,5,0,1,1,6,2,27,6,1796,1,7,5,1
201431C059714,2,9,0,4,0,0,1,0,1,1,2,1,6,2,39,7,1598,1,9,3,1
201431C059714,3,9,0,4,0,0,0,0,0,0,2,1,6,1,29,6,1910,2,6,5,1
201431C059914,1,9,0,18,0,2,0,0,0,0,1,1,6,1,23,5,2000,2,10,6,1
201431C059914,2,1,0,18,0,2,0,0,0,0,3,1,6,2,23,5,-1,-1,-1,5,1
201431C060114,1,9,0,18,0,1,0,0,0,0,1,1,6,1,29,6,1998,2,10,7,1
201431C060114,2,9,0,7,0,5,0,0,0,0,2,1,2,2,28,6,1598,1,2,10,1
201431C060214,1,19,0,5,0,4,0,0,0,0,1,1,1,1,50,8,1598,2,1,8,1
201431C060214,2,9,0,4,0,4,0,0,0,0,2,1,6,1,46,8,1781,1,14,5,1
201431C060914,1,9,0,18,0,0,0,0,0,0,1,1,6,3,-1,-1,1598,1,8,-1,-1
201431C060914,2,9,0,4,0,0,0,0,0,0,2,1,6,2,23,5,1598,1,5,4,1
201431C061514,1,9,0,4,0,0,1,4,0,0,1,1,3,2,27,6,1598,1,9,2,1
201431C061514,2,11,0,2,0,0,0,0,0,0,2,1,6,3,-1,-1,4250,2,14,-1,-1
201431C061714,1,9,0,18,0,0,0,0,0,0,1,1,6,2,31,6,1794,1,14,9,1
201431C061814,1,19,0,9,0,4,0,0,0,0,0,1,6,3,-1,-1,-1,-1,-1,-1,-1
201431C061814,2,1,0,18,0,8,0,0,0,0,3,1,6,1,28,6,-1,-1,-1,1,1
201431C062814,1,11,0,4,0,1,0,0,0,0,0,1,1,1,35,6,4250,2,14,9,1
201431C062914,1,9,0,18,0,1,1,0,0,0,1,1,6,3,-1,-1,1364,1,7,-1,-1
201431C062914,2,9,0,3,0,1,0,0,0,0,2,1,6,2,21,5,1597,1,7,2,1
201431C062914,3,9,0,9,0,5,0,0,0,0,2,1,6,3,-1,-1,-1,-1,-1,-1,-1
201431C063014,1,8,0,18,0,8,0,0,0,0,1,1,1,1,61,9,2402,2,11,2,1
201431C063014,2,1,0,11,0,8,0,0,0,0,1,1,6,1,34,6,-1,-1,-1,5,1
201431C063014,3,9,0,3,0,8,0,0,0,0,4,1,2,2,32,6,1598,1,8,-1,1
201431C063414,1,2,0,14,0,2,0,10,0,0,4,1,6,1,16,4,49,1,2,7,2
201431C063414,2,9,0,4,0,1,0,0,0,0,0,1,6,3,-1,-1,-1,-1,-1,-1,-1
201431C063714,1,19,0,5,0,1,0,0,0,0,1,1,1,1,49,8,2500,2,6,1,1
201431C063714,2,9,0,3,0,1,0,0,0,0,2,1,6,2,53,8,1968,2,4,8,1
201431C063714,3,9,0,3,0,1,0,0,0,0,2,1,2,2,44,7,998,1,8,9,1
201431C064114,1,8,0,18,0,0,0,0,0,0,1,1,1,1,36,7,1797,8,4,1,1
201431C064314,1,9,0,18,0,1,0,0,0,0,1,1,6,2,41,7,2148,2,5,6,1
201431C064314,2,9,0,18,0,1,0,0,0,0,2,1,6,2,21,5,1461,2,1,2,1
201431C064514,1,5,0,7,0,3,1,0,0,0,1,1,2,1,50,8,647,1,13,2,1
201431C064614,1,3,0,9,0,5,0,0,0,0,3,1,6,1,62,9,124,1,13,2,1
201431C064614,2,9,0,13,0,8,0,0,0,0,1,1,6,1,42,7,1589,1,17,2,1
201431C064914,1,9,0,16,0,1,1,0,0,0,1,1,6,1,19,4,1948,1,17,2,1
201431C064914,2,9,0,17,0,2,0,0,7,11,1,1,6,2,29,6,1390,1,11,2,1
201431C065414,1,9,0,18,0,1,0,0,0,0,1,1,2,1,47,8,1390,1,11,8,1
201431C065414,2,9,0,8,0,1,0,0,0,0,2,1,3,2,33,6,2499,1,7,6,1
201431C065614,1,4,0,18,0,0,0,0,0,0,1,1,6,1,-1,-1,-1,-1,-1,-1,-1
201431C065914,1,8,0,18,0,0,0,0,0,0,1,1,1,1,-1,-1,-1,-1,-1,-1,-1
201431C066114,1,9,0,18,0,1,0,7,0,0,3,1,6,2,-1,-1,1293,1,31,3,1
201431C066414,1,9,0,18,0,0,0,0,0,0,4,1,6,3,-1,-1,-1,-1,-1,-1,-1
201431C066514,1,9,0,7,0,5,0,0,0,0,4,1,1,2,64,9,1997,2,3,5,1
201431C066514,2,1,0,18,9,1,0,0,0,0,1,1,6,1,-1,-1,-1,-1,-1,-1,-1
201431C066714,1,9,0,6,0,0,0,0,0,0,1,1,6,3,-1,-1,-1,-1,-1,-1,-1
201431C066714,2,1,0,18,0,0,0,0,0,0,2,1,6,1,41,7,-1,-1,-1,9,3
201431C067414,1,8,0,18,0,2,0,0,0,0,1,1,1,3,-1,-1,-1,-1,-1,-1,-1
201431C068014,1,11,0,5,0,0,0,0,0,0,0,1,1,1,27,6,6370,2,13,3,1
201431C069014,1,1,0,18,0,1,0,0,0,0,1,1,2,1,29,6,-1,-1,-1,2,1
201431C069014,2,9,0,4,0,1,0,0,0,0,1,1,1,1,41,7,-1,-1,-1,-1,-1
201431C069814,1,9,0,4,0,0,0,0,0,0,1,1,6,2,23,5,1364,1,8,2,1
201431C069814,2,9,0,4,0,0,0,0,0,0,2,1,6,1,41,7,1685,2,-1,1,1
201431C070914,1,8,0,6,0,8,0,0,0,0,3,1,1,1,31,6,2664,2,16,2,1
201431C070914,2,9,0,18,0,8,0,0,0,0,1,1,6,1,39,7,-1,-1,-1,6,1
201431C071114,1,9,0,18,0,1,0,0,0,0,4,1,6,2,-1,-1,-1,-1,-1,-1,-1
201431C071414,1,19,0,18,0,0,1,0,0,0,1,1,1,1,65,9,2198,2,1,7,1
201431C071414,2,9,0,4,0,0,0,0,0,0,2,1,1,1,28,6,-1,-1,-1,2,1
201431C071714,1,9,0,18,0,2,1,0,7,11,1,1,6,2,85,11,1248,1,1,10,1
201431C071714,2,9,0,2,0,2,0,0,0,0,1,1,6,1,59,9,973,1,11,-1,-1
201431C071914,1,9,0,18,0,8,0,0,0,0,1,1,6,3,-1,-1,1198,1,7,-1,-1
201431C071914,2,9,0,4,0,8,0,0,0,0,2,1,6,1,21,5,973,1,12,5,1
201431C071914,3,8,0,10,0,8,0,0,0,0,2,1,1,1,29,6,1910,2,6,2,1
201431C072114,1,9,0,18,0,1,0,0,0,0,1,1,6,2,19,4,1240,1,10,-1,1
201431C072114,2,9,0,3,0,1,0,0,0,0,2,1,6,1,47,8,1242,1,1,10,2
201431C072414,1,9,0,18,0,1,0,0,0,0,1,1,6,3,-1,-1,-1,-1,-1,-1,-1
201431C072414,2,8,0,3,0,1,0,0,0,0,2,1,1,1,43,7,1497,8,6,1,1
201431C072514,1,3,0,16,0,8,0,0,0,0,4,1,6,1,25,5,124,1,1,6,1
201431C072614,1,11,0,18,0,1,0,0,0,0,4,1,1,1,25,5,9000,2,-1,1,1
201431C073914,1,2,0,16,0,8,0,0,0,0,3,1,2,1,24,5,102,1,1,3,1
201431C073914,2,9,0,17,0,8,0,0,0,0,3,1,6,3,-1,-1,-1,-1,-1,-1,-1
201431C074114,1,9,0,17,0,2,1,0,1,2,1,1,6,2,56,9,1699,1,6,8,1