Accident_Index,Vehicle_Reference,Vehicle_Type,Towing_and_Articulation,Vehicle_Manoeuvre,Vehicle_Location-Restricted_Lane,Junction_Location,Skidding_and_Overturning,Hit_Object_in_Carriageway,Vehicle_Leaving_Carriageway,Hit_Object_off_Carriageway,1st_Point_of_Impact,Was_Vehicle_Left_Hand_Drive?,Journey_Purpose_of_Driver,Sex_of_Driver,Age_of_Driver,Age_Band_of_Driver,Engine_Capacity_(CC),Propulsion_Code,Age_of_Vehicle,Driver_IMD_Decile,Driver_Home_Area_Type
201431C216914,1,9,0,18,0,1,0,0,0,0,4,1,2,1,48,8,1999,2,8,-1,1
201431C217214,1,9,0,18,0,2,0,0,0,0,3,1,6,1,28,6,1896,2,9,-1,1
201431C217214,2,1,0,18,0,2,0,0,0,0,1,1,6,1,16,4,-1,-1,-1,-1,-1
201431C217414,1,9,0,9,0,6,0,0,0,0,1,1,6,1,27,6,1679,1,12,1,1
201431C217414,2,9,0,18,0,8,0,0,0,0,4,1,6,1,79,11,1395,1,1,5,1
201431C217514,1,9,0,7,0,6,0,0,0,0,4,1,6,2,47,8,1397,1,14,6,1
201431C217514,2,1,0,18,0,2,0,0,0,0,1,1,6,1,13,3,-1,-1,-1,1,1
201431C217814,1,9,0,5,0,6,0,0,0,0,4,1,6,2,27,6,1753,2,8,1,1
201431C217814,2,1,0,18,9,1,0,0,0,0,1,1,6,1,18,4,-1,-1,-1,1,1
201431C217914,1,9,0,14,0,1,0,0,0,0,1,1,6,2,18,4,1149,1,13,8,1
201431C217914,2,9,0,8,0,1,0,0,0,0,2,1,1,1,22,5,1997,1,10,2,1
201431C218414,1,9,0,18,0,2,0,0,0,0,1,1,2,2,20,4,1360,1,11,6,1
201431C218714,1,9,0,18,0,1,0,0,0,0,1,1,6,3,-1,-1,-1,-1,-1,-1,-1
201431C218714,2,9,0,3,0,1,0,0,0,0,2,1,6,2,23,5,1299,1,15,9,1
201431C219614,1,9,0,18,0,2,0,0,0,0,1,1,6,2,22,5,1587,1,11,1,1
201431C219914,1,9,0,5,0,2,0,0,0,0,1,1,6,1,42,7,1242,1,17,5,1
201431C219914,2,9,0,3,0,2,0,0,0,0,2,1,1,1,30,6,2231,2,5,3,1
201431C220114,1,11,0,18,0,0,0,0,1,4,1,1,1,1,65,9,9600,2,16,9,1
201431C220414,1,11,0,5,0,0,0,0,0,0,0,1,1,1,61,9,9000,2,11,2,1
201431C220514,1,9,0,9,0,6,0,0,0,0,1,1,1,1,55,8,1998,2,5,1,1
201431C221014,1,9,0,18,0,0,0,0,0,0,1,1,6,3,-1,-1,2170,2,10,-1,-1
201431C221014,2,9,0,18,0,0,0,0,0,0,2,1,6,1,66,10,1242,1,4,6,3
201431C221114,1,9,0,2,0,1,0,0,0,0,3,1,1,1,-1,-1,1968,2,2,-1,-1
201431C221114,2,1,0,14,0,1,0,0,0,0,1,1,6,1,28,6,-1,-1,-1,2,1
201431C221214,1,3,0,4,0,2,1,0,0,0,3,1,2,1,20,4,125,1,4,3,1
201431C221314,1,9,0,9,0,6,0,0,0,0,1,1,6,1,30,6,2000,2,3,4,1
201431C221314,2,9,0,18,0,8,0,0,0,0,2,1,6,1,55,8,2143,2,1,10,1
201431C221514,1,9,0,6,0,0,0,0,0,0,1,1,1,1,21,5,1360,1,12,1,1
201431C221514,2,1,0,2,0,0,0,0,0,0,3,1,6,1,13,3,-1,-1,-1,1,1
201431C222014,1,19,0,1,0,6,0,0,0,0,2,1,1,1,33,6,2402,2,7,6,1
201431C222014,2,1,0,18,9,1,0,0,0,0,1,1,2,2,20,4,-1,-1,-1,-1,1
201431C222214,1,9,0,9,0,5,0,0,0,0,4,1,2,1,42,7,1598,2,2,-1,1
201431C222214,2,1,0,15,0,8,0,0,0,0,1,1,2,1,49,8,-1,-1,-1,-1,-1
201431C222414,1,9,0,9,0,5,0,0,0,0,4,1,6,1,33,6,1248,2,9,6,1
201431C222414,2,9,0,18,0,8,0,0,0,0,1,1,6,2,33,6,1124,1,12,2,1
201431C222814,1,9,0,1,0,0,0,4,0,0,4,1,6,2,65,9,1389,1,9,3,1
201431C222814,2,9,0,2,0,0,0,0,0,0,3,1,6,1,-1,-1,2179,2,5,-1,-1
201431C223014,1,8,0,18,0,0,0,0,0,0,4,1,1,1,43,7,-1,-1,-1,5,1
201431C223214,1,3,0,18,0,8,0,0,0,0,4,1,1,1,24,5,125,1,-1,-1,1
201431C223214,2,9,0,4,0,8,0,0,0,0,1,1,6,2,32,6,1988,2,10,2,1
201431C223514,1,9,0,11,0,1,0,0,0,0,4,1,2,2,38,7,1461,2,10,3,1
201431C223514,2,11,0,18,2,1,0,0,0,0,3,1,1,1,32,6,9000,2,10,-1,-1
201431C223514,3,9,0,10,0,8,0,0,0,0,2,1,6,1,-1,-1,3200,1,7,5,1
201431C223614,1,9,0,18,0,8,0,0,0,0,1,1,6,2,32,6,1896,2,14,4,1
201431C223614,2,9,0,7,0,6,0,0,0,0,3,1,3,2,25,5,1124,1,10,5,1
201431C223714,1,9,0,18,0,2,0,0,0,0,1,1,6,1,-1,-1,1870,2,11,-1,-1
201431C223714,2,8,0,3,0,2,0,0,0,0,2,1,1,1,55,8,2664,2,15,5,1
201431C223814,1,9,0,18,0,8,0,0,0,0,1,1,6,1,46,8,2430,1,18,4,1
201431C223814,2,9,0,18,0,8,0,0,0,0,1,1,6,1,61,9,1997,1,9,7,1
201431C224414,1,9,0,9,0,8,0,0,0,0,1,1,6,3,-1,-1,-1,-1,-1,-1,-1
201431C224414,2,1,0,18,0,1,0,0,0,0,1,1,6,1,24,5,-1,-1,-1,1,1
201431C225114,1,9,0,9,0,6,0,0,0,0,1,1,6,2,44,7,1951,2,9,9,3
201431C225114,2,5,0,18,0,8,0,0,0,0,4,1,6,1,45,7,748,1,8,6,1
201431C225114,3,90,0,18,0,1,0,0,0,0,0,1,6,3,-1,-1,-1,-1,-1,-1,-1
201431C225214,1,9,0,1,0,0,0,0,7,0,2,1,6,1,-1,-1,1796,1,20,1,1
201431C225314,1,9,0,18,0,2,0,0,0,0,1,1,6,1,-1,-1,-1,-1,-1,-1,-1
201431C225314,2,1,0,18,0,2,0,0,0,0,3,1,6,2,47,8,-1,-1,-1,1,1
201431C225414,1,9,0,9,0,5,0,0,0,0,1,1,6,2,25,5,1390,1,11,1,1
201431C225414,2,11,0,18,0,8,0,0,0,0,1,1,1,1,43,7,5883,2,13,1,1
201431C225514,1,9,0,11,0,0,0,0,0,0,4,1,6,2,65,9,1242,1,10,-1,-1
201431C225514,2,9,0,18,0,0,0,0,1,10,3,1,6,1,41,7,1339,8,9,3,1
201431C225814,1,1,0,18,9,6,0,0,0,0,3,1,6,1,17,4,-1,-1,-1,1,1
201431C225814,2,9,0,5,0,1,0,0,0,0,1,1,6,1,39,7,1598,1,9,7,1
201431C225914,1,9,0,7,0,6,5,0,0,0,1,1,6,1,25,5,1600,1,14,4,1
201431C225914,2,9,0,18,0,1,0,0,0,0,1,1,6,1,60,9,1396,1,9,4,1
201431C226214,1,9,0,10,0,8,0,0,0,0,1,1,6,1,35,6,1896,2,13,2,1
201431C226214,2,9,0,17,0,8,0,0,0,0,1,1,6,2,58,9,1240,1,11,3,1
201431C227214,1,9,0,9,0,1,0,0,0,0,1,1,2,2,-1,-1,1124,1,9,-1,1
201431C227214,2,3,0,4,0,1,0,0,0,0,2,1,2,1,44,7,124,1,2,6,1
201431C228114,1,1,0,15,0,1,0,0,0,0,1,1,6,2,48,8,-1,-1,-1,3,1
201431C228114,2,9,0,7,0,5,0,0,0,0,4,1,1,2,65,9,1596,1,11,3,1
201431C228614,1,9,0,9,0,5,0,0,0,0,1,1,6,1,19,4,1124,1,9,1,1
201431C228814,1,1,0,18,0,3,0,0,0,0,1,1,6,1,-1,-1,-1,-1,-1,-1,-1
201431C228814,2,9,0,18,0,3,0,0,0,0,2,1,1,1,33,6,1229,1,4,5,1
201431C229214,1,8,0,14,0,2,0,0,0,0,4,1,1,1,43,7,1497,8,6,3,1
201431C229314,1,9,0,18,0,1,0,0,0,0,1,1,6,1,21,5,1198,1,1,2,1
201431C229414,1,3,0,4,0,1,1,0,0,0,1,1,2,1,20,4,125,1,-1,1,1
201431C229414,2,19,0,3,0,1,0,0,0,0,2,1,2,1,39,7,1560,2,1,3,1
201431C229714,1,9,0,18,0,2,0,0,0,0,1,1,6,1,-1,-1,1995,7,8,7,2
201431C229714,2,9,0,18,0,1,0,0,0,0,1,1,2,2,61,9,1596,1,5,2,1
201431C229914,1,19,0,18,0,8,0,0,0,0,1,1,1,2,47,8,2287,2,1,5,1
201431C231214,1,9,0,7,0,6,0,0,0,0,1,1,6,1,35,6,998,1,14,5,1
201431C231214,2,1,0,18,0,8,0,0,0,0,2,1,2,2,30,6,-1,-1,-1,9,1
201431C232014,1,9,0,9,0,5,0,0,0,0,1,1,6,1,18,4,1229,1,5,10,2
201431C232014,2,9,0,18,0,8,0,0,0,0,3,1,1,1,40,7,1781,1,11,-1,1
201431C232114,1,9,0,18,0,2,0,0,0,0,1,1,6,2,23,5,-1,-1,-1,1,1
201431C233314,1,19,0,1,0,1,0,0,0,0,2,1,1,1,45,7,3920,2,9,2,1
201431C233514,1,11,0,18,2,1,0,0,0,0,0,1,1,1,33,6,6696,2,1,6,1
201431C233614,1,9,0,9,0,5,0,0,0,0,3,1,6,1,57,9,1596,1,9,3,1
201431C233614,2,1,0,18,0,8,0,0,0,0,4,1,2,1,33,6,-1,-1,-1,8,1
201431C234014,1,11,0,9,0,6,0,0,0,0,4,1,6,1,46,8,6700,2,3,-1,-1
201431C234314,1,1,0,18,0,8,0,0,0,0,1,1,2,2,43,7,-1,-1,-1,1,1
201431C234314,2,8,0,7,0,5,0,0,0,0,4,1,1,1,43,7,1998,2,7,2,1
201431C234614,1,9,0,9,0,6,0,0,0,0,1,1,6,1,-1,-1,2993,2,5,-1,1
201431C234614,2,9,0,18,0,8,0,0,0,0,3,1,6,2,35,6,1124,1,15,2,1
201431C235314,1,9,0,13,0,0,0,0,0,0,3,1,2,1,63,9,1997,2,5,4,1
201431C235314,2,9,0,18,0,0,0,0,0,0,4,1,1,1,47,8,1497,8,6,3,1
201431C235814,1,9,0,1,0,0,0,0,0,0,2,1,6,3,-1,-1,1598,1,2,-1,-1
201431C236014,1,9,0,18,0,0,0,0,0,0,1,1,6,3,-1,-1,-1,-1,-1,-1,-1
201431C236014,2,1,0,18,0,0,0,0,0,0,4,1,6,1,9,2,-1,-1,-1,3,1
201431C236414,1,9,0,18,0,1,0,0,0,0,1,1,6,1,-1,-1,1242,1,15,-1,-1
201431C236414,2,9,0,3,0,1,0,0,0,0,2,1,1,2,52,8,998,1,2,7,1
201431C236614,1,9,0,3,0,8,0,0,0,0,2,1,6,2,49,8,1242,1,4,4,1
201431C236614,2,11,0,18,2,8,0,0,0,0,4,1,1,1,49,8,9000,2,4,6,1
201431C236814,1,9,0,12,0,2,0,0,0,0,0,1,6,3,-1,-1,1997,1,12,-1,-1
201431C236814,2,11,0,18,0,2,0,0,0,0,0,1,1,1,29,6,9000,2,-1,1,1
201431C236914,1,9,0,4,0,1,0,0,0,0,2,1,6,2,27,6,1560,2,9,1,1
201431C236914,2,8,0,18,0,1,0,0,0,0,1,1,1,1,69,10,2402,2,9,4,1
201431C236914,3,9,0,18,0,1,0,0,0,0,1,1,6,2,51,8,1149,1,9,7,1
201431C237114,1,9,0,18,0,0,0,0,0,0,1,1,6,1,46,8,1390,1,12,1,1
201431C237414,1,9,0,18,0,1,0,0,0,0,1,1,6,2,38,7,1149,1,6,5,1
201431C237414,2,9,0,8,0,1,0,0,0,0,2,1,6,2,37,7,1560,2,-1,3,1
201431C237514,1,11,0,9,0,6,0,0,0,0,1,1,1,1,45,7,9000,2,10,3,1
201431C237514,2,1,0,18,0,8,0,0,0,0,3,1,2,2,52,8,-1,-1,-1,2,1
201431C237614,1,9,0,18,0,8,0,0,0,0,3,1,3,2,33,6,1598,1,1,3,1
201431C237614,2,1,0,9,0,5,1,0,0,0,1,1,6,1,41,7,-1,-1,-1,8,1
201431C237714,1,90,0,9,0,5,0,0,0,0,3,2,1,1,53,8,2970,2,-1,6,1
201431C237714,2,9,0,13,0,8,0,0,0,0,4,1,6,2,26,6,1242,1,4,4,1
201431C238714,1,9,0,9,0,5,0,0,0,0,3,1,6,1,-1,-1,-1,-1,-1,-1,-1
201431C238714,2,3,0,9,0,1,1,0,0,0,1,1,1,1,23,5,125,1,3,1,1
201431C239714,1,8,0,14,0,0,0,0,0,0,1,1,2,1,28,6,1686,2,4,7,1
201431C239814,1,3,0,14,0,1,1,0,0,0,1,1,2,1,19,4,125,1,6,8,1
201431C239814,2,5,0,14,0,1,0,0,0,0,3,1,2,1,62,9,883,1,11,10,3
201431C240414,1,9,0,5,0,1,0,0,0,0,1,1,6,2,-1,-1,1596,1,10,-1,-1
201431C240414,2,9,0,3,0,1,0,0,0,0,2,1,2,1,36,7,1587,1,13,1,1
201431C240614,1,9,0,13,0,1,0,0,0,0,4,1,6,3,-1,-1,-1,-1,-1,-1,-1
201431C240614,2,9,0,9,0,8,0,0,0,0,3,1,6,2,36,7,1242,1,12,1,1
201431C240614,3,9,0,18,0,1,0,0,0,0,0,1,6,3,-1,-1,-1,-1,-1,-1,-1
201431C241314,1,9,0,12,0,2,0,0,0,0,1,1,6,1,20,4,1995,2,8,2,1
201431C241314,2,1,0,18,0,1,0,0,0,0,1,1,6,1,23,5,-1,-1,-1,-1,-1
201431C241414,1,5,0,18,0,0,1,0,0,0,1,1,1,1,30,6,645,1,2,-1,1
201431C241414,2,19,0,4,0,0,0,0,0,0,2,1,6,1,39,7,2461,2,12,3,1
201431C241614,1,3,0,18,0,7,0,0,0,0,1,1,1,1,33,6,125,1,1,5,1
201431C241614,2,9,0,18,0,8,0,0,0,0,2,1,6,1,69,10,1598,1,12,3,1
201431C241814,1,9,0,18,0,0,0,0,0,0,1,1,6,3,-1,-1,1796,1,12,-1,-1
201431C241814,2,9,0,18,0,0,0,0,0,0,2,1,6,1,44,7,998,1,5,4,2
201431C242314,1,9,0,18,0,4,0,0,0,0,1,1,6,1,23,5,1390,1,13,1,1
201431C242314,2,9,0,18,0,8,0,0,0,0,4,1,6,2,64,9,1490,1,8,3,1
201431C242514,1,9,0,7,0,6,0,0,0,0,1,1,6,2,-1,-1,1398,1,12,-1,-1
201431C242514,2,9,0,18,0,8,0,0,0,0,1,1,6,1,37,7,1686,2,5,1,1
201431C242614,1,19,0,18,0,8,1,0,0,0,1,1,1,1,30,6,2464,2,5,-1,-1
201431C242614,2,11,0,18,0,8,0,0,1,1,3,1,1,1,40,7,6696,2,1,1,1
201431C243114,1,9,0,9,0,3,0,7,0,0,1,1,6,2,23,5,1198,1,11,8,1
201431C243714,1,9,0,3,0,0,0,0,0,0,2,1,6,2,60,9,1149,1,7,5,1
201431C243714,2,9,0,18,0,0,0,0,0,0,1,1,2,1,36,7,-1,-1,-1,7,1
201431C243814,1,9,0,18,0,0,0,0,0,0,1,1,6,1,40,7,-1,-1,-1,1,1
201431C243814,2,9,0,3,0,0,0,0,0,0,2,1,6,2,43,7,1685,2,2,7,1
201431C243914,1,9,0,3,0,0,0,0,0,0,2,1,1,1,55,8,1240,1,11,9,1
201431C243914,2,9,0,18,0,0,0,0,0,0,1,1,1,2,25,5,-1,-1,-1,3,1
201431C244614,1,8,0,5,0,0,0,4,7,11,1,1,1,1,34,6,2231,2,5,5,1
201431C244614,2,19,0,2,0,0,0,0,0,0,3,1,6,1,51,8,-1,-1,-1,-1,-1
201431C244614,3,9,0,2,0,0,0,0,0,0,3,1,6,2,33,6,-1,-1,-1,-1,-1
201431C244614,4,9,0,2,0,0,0,0,0,0,0,1,6,1,49,8,1753,2,6,-1,-1
201431C245014,1,8,0,18,0,0,0,0,0,0,1,1,6,1,55,8,2231,2,7,4,1
201431C245314,1,9,0,18,0,0,0,0,0,0,1,1,6,1,21,5,1781,1,12,4,1
201431C245414,1,9,0,13,0,0,0,0,0,0,1,1,6,1,23,5,-1,-1,-1,1,1
201431C245414,2,9,0,18,0,0,0,0,0,0,2,1,6,1,30,6,998,1,14,7,1
201431C246214,1,1,0,18,0,0,0,0,0,0,3,1,6,1,50,8,-1,-1,-1,5,1
201431C246214,2,19,0,18,0,0,0,0,0,0,1,1,6,3,-1,-1,-1,-1,-1,-1,-1
201431C246714,1,8,0,1,0,1,0,0,0,0,2,1,1,1,44,7,1797,8,5,-1,-1
201431C246714,2,1,0,18,0,6,0,0,0,0,3,1,6,1,33,6,-1,-1,-1,-1,-1
201431C247214,1,9,0,18,0,0,0,0,1,2,1,1,1,1,29,6,1360,1,11,-1,-1
201431C247214,2,9,0,18,0,0,0,0,0,0,2,1,6,2,78,11,998,1,3,7,1
201431C247414,1,9,0,18,0,8,0,0,0,0,1,1,6,1,45,7,1998,2,10,3,1
201431C247414,2,9,0,18,0,8,0,0,0,0,3,1,6,1,17,4,1896,2,9,3,1
201431C247814,1,8,0,5,0,0,0,0,0,0,3,1,1,1,31,6,1995,2,3,1,1
201431C247814,2,1,0,18,0,0,0,0,0,0,1,1,6,1,13,3,-1,-1,-1,-1,-1
201431C247914,1,9,0,7,0,6,0,0,0,0,1,1,6,2,50,8,2231,2,2,2,1
201431C248014,1,9,0,1,0,0,0,0,1,0,2,1,6,2,24,5,1242,1,8,-1,-1
201431C248114,1,11,0,18,0,4,0,0,0,0,4,1,1,1,32,6,4250,2,2,1,1
201431C248114,2,9,0,18,0,4,0,0,0,0,3,1,6,1,71,10,1598,1,1,-1,-1
201431C248314,1,9,0,18,0,0,0,0,0,0,1,1,6,2,23,5,1995,2,11,-1,-1
201431C248814,1,9,0,9,0,1,0,0,0,0,3,1,6,3,-1,-1,-1,-1,-1,-1,-1
201431C249314,1,19,0,18,0,1,0,0,0,0,1,1,6,1,-1,-1,2198,2,2,-1,-1
201431C249314,2,9,0,3,0,1,0,0,0,0,2,1,6,2,22,5,1368,1,6,5,1
201431C249514,1,9,0,7,0,5,0,0,0,0,4,1,6,2,37,7,1399,2,5,-1,-1
201431C249514,2,11,0,17,0,8,0,0,0,0,1,1,1,1,49,8,9000,2,10,-1,-1
201431C249814,1,3,0,4,0,1,1,0,0,0,4,1,2,1,43,7,124,1,4,3,2
201431C250014,1,9,0,18,0,1,0,0,0,0,1,1,6,3,-1,-1,1248,2,3,-1,-1
201431C250014,2,9,0,3,0,1,0,0,0,0,2,1,6,2,36,7,-1,-1,-1,9,1
201431C250314,1,9,0,18,0,0,0,0,0,0,1,1,6,1,-1,-1,1560,2,-1,7,1
201431C250314,2,9,0,3,0,0,0,0,0,0,2,1,6,2,69,10,3059,2,17,8,1
201431C250514,1,9,0,9,0,5,0,0,0,0,4,1,6,1,58,9,1332,1,15,-1,-1
201431C250514,2,9,0,18,0,1,0,0,0,0,1,1,6,1,66,10,2993,2,4,-1,-1
201431C251014,1,9,0,6,0,0,0,0,0,0,3,1,1,2,-1,-1,1686,2,1,-1,-1
201431C251014,2,20,0,18,0,0,0,0,0,0,1,1,1,1,63,9,3920,2,1,-1,2
201431C252114,1,9,0,9,0,6,0,0,0,0,1,1,6,1,-1,-1,2143,2,5,8,3
201431C252114,2,11,0,18,0,8,0,0,0,0,1,1,1,1,64,9,6700,2,2,9,1
201431C252214,1,9,0,17,0,0,0,0,0,0,1,1,6,1,39,7,2143,2,-1,2,1
201431C252214,2,9,0,16,0,0,0,0,0,0,1,1,6,2,25,5,1598,1,3,1,1
201431C252614,1,9,0,18,0,2,0,0,0,0,3,1,6,1,34,6,1588,1,12,2,1
201431C252614,2,9,0,18,0,1,0,0,0,0,3,1,6,1,71,10,1834,1,11,2,1
201431C252714,1,9,0,18,0,0,0,0,0,0,1,1,6,3,-1,-1,-1,-1,-1,-1,-1
201431C252814,1,8,0,18,0,0,0,0,0,0,1,1,1,1,21,5,2402,2,11,3,1
201431C253714,1,9,0,18,0,3,0,0,0,0,1,1,2,1,24,5,1461,2,-1,6,1
201431C253714,2,9,0,3,0,3,0,0,0,0,2,1,2,2,36,7,1398,2,12,5,1
201431C254314,1,9,0,18,0,1,0,0,0,0,1,1,6,2,72,10,1984,1,11,10,1
201431C254514,1,9,0,1,0,2,0,0,0,0,2,1,6,1,39,7,1497,8,7,2,1
201431C254614,1,19,0,9,0,5,0,0,0,0,1,1,1,1,28,6,1560,2,2,7,1
201431C254614,2,9,4,18,0,8,0,0,0,0,3,1,6,1,64,9,2495,2,20,7,1
201431C255214,1,9,0,18,0,1,0,0,0,0,1,1,6,2,26,6,999,1,-1,5,1
201431C255214,2,9,0,10,0,1,0,0,0,0,2,1,6,1,49,8,1749,1,11,6,1
201431C255414,1,19,0,18,0,8,2,0,1,11,3,1,2,1,48,8,2477,2,5,-1,-1
201431C255414,2,19,0,9,0,5,0,0,0,0,1,1,1,1,38,7,-1,-1,-1,6,2
201431C255414,3,9,0,18,0,8,0,0,0,0,3,1,6,1,63,9,1198,1,8,2,1
201431C255514,1,9,0,18,0,2,0,0,0,0,1,1,6,3,-1,-1,-1,-1,-1,-1,-1
201431C255514,2,9,0,18,0,2,0,0,0,0,2,1,1,2,38,7,1995,2,8,9,1
201431C255514,3,9,0,18,0,2,0,0,0,0,2,1,6,2,28,6,998,1,11,-1,-1
201431C255614,1,11,0,18,0,1,0,0,0,0,4,1,1,3,-1,-1,-1,-1,-1,-1,-1
201431C255714,1,9,0,18,0,1,0,0,0,0,1,1,6,1,54,8,1360,1,12,1,1
201431C256214,1,8,0,9,0,5,0,0,0,0,0,1,6,1,-1,-1,1995,2,9,-1,-1
201431C256214,2,9,0,18,0,1,1,10,0,0,4,1,6,1,20,4,1248,2,7,6,1
201431C256414,1,9,0,18,0,0,0,0,0,0,1,1,6,1,35,6,1395,1,-1,4,1
201431C256414,2,9,0,4,0,0,0,0,0,0,2,1,6,1,29,6,1984,2,5,3,1
201431C256514,1,9,0,14,0,0,0,4,0,0,4,1,1,1,44,7,1956,2,-1,5,1
201431C256514,2,9,0,2,0,0,0,0,0,0,3,1,6,2,33,6,1598,1,12,9,1
201431C257414,1,11,0,5,0,0,0,0,0,0,0,1,6,1,28,6,6700,2,3,3,1
201431C257514,1,19,0,4,0,1,0,0,0,0,1,1,6,3,-1,-1,1753,2,9,-1,-1
201431C257514,2,9,0,3,0,1,0,0,0,0,2,1,6,1,32,6,1497,8,10,-1,1
201431C257714,1,9,0,18,0,1,0,0,0,0,3,1,6,1,50,8,1956,2,1,2,1
201431C258514,1,9,0,3,0,2,0,0,0,0,4,1,6,1,23,5,1198,1,5,2,1
201431C258614,1,19,0,1,0,0,0,0,0,0,2,1,1,1,35,6,1560,2,2,9,1
201431C258614,2,1,0,18,0,0,0,0,0,0,1,1,6,2,-1,-1,-1,-1,-1,3,1
201431C258714,1,20,0,17,0,8,0,0,0,0,3,1,1,1,45,7,6692,2,4,-1,1
201431C258814,1,9,0,9,0,1,0,0,0,0,2,1,6,2,-1,-1,-1,-1,-1,-1,-1
201431C259014,1,9,0,9,0,5,0,0,0,0,1,1,3,2,23,5,1229,1,7,2,1
201431C259014,2,1,0,18,0,8,5,0,0,0,3,1,2,1,30,6,-1,-1,-1,6,1
201431C259214,1,9,0,18,8,4,0,0,0,0,1,1,1,1,44,7,1910,2,7,6,1
201431C259214,2,9,0,18,0,8,5,0,0,0,4,1,6,1,46,8,1995,2,6,8,1
201431C259314,1,9,0,7,0,4,0,0,0,0,1,1,2,2,44,7,-1,-1,-1,9,2
201431C259314,2,9,0,18,0,8,0,2,7,11,4,1,6,2,25,5,1390,1,2,3,1
201431C259414,1,9,0,18,0,8,0,0,0,0,1,1,2,2,36,7,998,1,3,1,1
201431C259414,2,9,0,18,0,8,0,0,0,0,4,1,6,1,30,6,1995,2,12,1,1
201431C259714,1,9,0,7,0,5,0,0,0,0,1,1,2,1,35,6,1910,2,4,3,1
201431C259914,1,9,0,7,0,6,0,0,0,0,3,1,6,1,50,8,1896,2,8,1,1
201431C259914,2,1,0,18,0,8,0,0,0,0,1,1,6,1,15,3,-1,-1,-1,2,1
201431C260114,1,19,0,13,0,0,0,0,0,0,1,1,1,1,29,6,2143,2,4,10,2
201431C260114,2,1,0,18,0,0,0,0,0,0,2,1,6,1,21,5,-1,-1,-1,3,1
201431C260714,1,9,0,13,0,0,0,0,0,0,4,1,6,1,-1,-1,1582,2,-1,1,1
201431C260714,2,1,0,18,0,0,0,0,0,0,3,1,6,1,44,7,-1,-1,-1,2,1
201431C261114,1,9,0,7,0,6,0,0,0,0,3,1,6,3,-1,-1,-1,-1,-1,-1,-1
201431C261114,2,9,0,18,0,8,0,0,0,0,3,1,6,1,36,7,1995,2,6,-1,1
201431C261514,1,9,0,18,0,1,1,0,0,0,1,1,6,1,-1,-1,-1,-1,-1,-1,-1
201431C261514,2,9,0,3,0,1,0,0,0,0,2,1,2,2,51,8,1240,1,11,4,1
201431C261714,1,9,0,11,0,1,0,0,0,0,4,1,6,2,-1,-1,973,1,11,-1,-1
201431C261714,2,9,0,18,0,1,0,0,0,0,3,1,6,1,37,7,1998,2,7,2,1
201431C261814,1,1,0,18,0,8,0,0,0,0,3,1,6,1,29,6,-1,-1,-1,-1,-1
201431C261814,2,9,0,18,0,8,1,0,0,0,1,1,6,1,39,7,1896,2,4,2,1
201431C262214,1,9,0,18,0,0,0,0,0,0,1,1,2,1,29,6,1997,1,-1,5,1
201431C263114,1,9,0,18,0,1,0,0,0,0,1,1,6,1,-1,-1,1199,1,13,3,1
201431C263114,2,19,0,2,0,1,0,0,0,0,2,1,1,1,37,7,2143,2,2,5,1
201431C263314,1,9,0,18,0,1,0,0,0,0,1,1,6,2,38,7,1582,2,1,5,1
201431C263314,2,1,0,10,0,1,0,0,0,0,2,1,1,1,37,7,-1,-1,-1,4,1
201431C263414,1,19,0,9,0,5,0,0,0,0,1,1,2,1,27,6,2402,2,4,9,1
201431C263414,2,1,0,13,0,8,0,0,0,0,1,1,6,1,49,8,-1,-1,-1,9,1
201431C263814,1,11,0,18,0,1,0,0,0,0,0,1,1,1,63,9,9000,2,3,2,1
201431C264014,1,5,0,14,0,8,0,0,0,0,1,1,2,1,51,8,937,1,18,3,1
201431C264014,2,9,0,9,0,6,0,0,0,0,3,1,2,1,57,9,2792,1,8,10,2
201431C264614,1,9,0,18,0,1,0,0,4,0,1,1,6,1,75,10,1584,1,11,4,2
201431C264614,2,9,0,3,0,1,0,0,0,0,2,1,2,1,44,7,1995,2,3,6,3
201431C264714,1,9,0,18,0,8,0,0,0,0,4,1,6,1,24,5,1590,1,12,1,1
201431C264714,2,1,0,9,0,6,0,0,0,0,3,1,6,2,30,6,-1,-1,-1,1,1
201431C264914,1,9,0,9,0,6,0,0,0,0,1,1,6,1,19,4,998,1,1,1,1
201431C264914,2,9,0,18,0,8,1,0,0,0,1,1,6,1,26,6,1984,1,6,9,1
201431C265214,1,9,0,9,0,6,0,0,0,0,4,1,6,2,26,6,2000,2,10,2,1
201431C265214,2,3,0,9,0,5,0,0,0,0,1,1,6,1,26,6,125,1,3,2,1
201431C265614,1,19,0,18,0,8,1,0,0,0,1,1,6,3,-1,-1,-1,-1,-1,-1,-1
201431C265614,2,9,0,3,0,8,0,0,0,0,2,1,2,2,49,8,1598,2,1,9,2
201431C265714,1,9,0,9,0,5,0,0,0,0,1,1,2,1,37,7,1598,1,8,6,1
201431C266314,1,9,0,1,0,8,0,0,0,0,2,1,6,1,25,5,1598,1,6,4,1
201431C266314,2,9,0,3,0,1,0,0,0,0,1,1,6,1,45,7,2495,2,14,5,1