Accident_Index,Vehicle_Reference,Vehicle_Type,Towing_and_Articulation,Vehicle_Manoeuvre,Vehicle_Location-Restricted_Lane,Junction_Location,Skidding_and_Overturning,Hit_Object_in_Carriageway,Vehicle_Leaving_Carriageway,Hit_Object_off_Carriageway,1st_Point_of_Impact,Was_Vehicle_Left_Hand_Drive?,Journey_Purpose_of_Driver,Sex_of_Driver,Age_of_Driver,Age_Band_of_Driver,Engine_Capacity_(CC),Propulsion_Code,Age_of_Vehicle,Driver_IMD_Decile,Driver_Home_Area_Type
201431C266614,1,19,0,18,0,8,1,0,0,0,1,1,2,1,46,8,2198,2,2,5,1
201431C266614,2,9,0,9,0,6,0,0,0,0,3,1,6,1,29,6,1796,1,6,2,1
201431C266714,1,1,0,18,0,2,0,0,0,0,4,1,6,1,23,5,-1,-1,-1,2,1
201431C266714,2,9,0,18,0,2,0,0,0,0,1,1,6,1,25,5,1596,1,1,-1,-1
201431C267214,1,9,0,12,0,0,0,0,0,0,0,1,6,3,-1,-1,-1,-1,-1,-1,-1
201431C267214,2,9,0,18,0,0,0,10,0,0,3,1,6,1,24,5,1910,2,7,1,1
201431C267414,1,9,0,9,0,1,0,0,0,0,1,1,1,1,51,8,-1,-1,-1,4,1
201431C267414,2,11,0,18,0,1,0,0,0,0,1,1,1,1,53,8,6700,2,-1,3,1
201431C267514,1,9,0,9,0,6,0,0,0,0,4,1,6,2,39,7,1796,1,-1,5,1
201431C267614,1,9,0,13,0,0,0,0,0,0,4,1,6,3,-1,-1,2400,2,-1,-1,-1
201431C267614,2,1,0,18,0,0,0,0,0,0,2,1,6,1,29,6,-1,-1,-1,10,2
201431C267714,1,9,0,9,0,8,0,0,0,0,4,1,1,1,21,5,1229,1,7,2,1
201431C267714,2,9,0,3,0,8,0,0,0,0,4,1,1,1,30,6,1796,1,11,3,1
201431C267714,3,9,0,18,0,8,0,0,0,0,3,1,6,3,-1,-1,-1,-1,-1,-1,-1
201431C268214,1,9,0,4,0,1,0,0,0,0,4,1,6,1,65,9,1360,1,14,5,1
201431C268214,2,1,0,4,0,1,0,0,0,0,1,1,6,1,26,6,-1,-1,-1,3,1
201431C268414,1,9,0,18,0,4,0,0,1,11,1,1,6,1,51,8,2429,1,7,-1,1
201431C268514,1,9,0,5,0,4,0,0,0,0,1,1,1,1,43,7,1396,1,3,6,1
201431C268514,2,1,0,17,0,8,0,0,0,0,4,1,6,1,44,7,-1,-1,-1,10,1
201431C270014,1,9,0,4,0,1,0,0,0,0,2,1,1,1,39,7,2172,2,10,1,1
201431C270014,2,19,0,18,0,1,0,0,0,0,1,1,1,1,64,9,2402,2,6,10,1
201431C270014,3,9,0,18,0,1,0,0,0,0,1,1,1,1,63,9,1560,2,2,6,1
201431C270014,4,20,0,18,0,1,0,0,0,0,1,1,1,1,56,9,2461,2,3,1,1
201431C270114,1,9,0,18,0,1,0,0,0,0,1,1,6,2,24,5,1198,1,4,6,1
201431C270114,2,9,0,3,0,1,0,0,0,0,2,1,6,2,47,8,1686,2,8,1,1
201431C270314,1,9,0,3,0,1,0,0,0,0,2,1,2,1,28,6,1798,8,-1,4,1
201431C270314,2,9,0,4,0,1,0,0,0,0,1,1,2,1,-1,-1,1598,1,12,-1,-1
201431C270414,1,9,0,18,0,0,0,0,0,0,1,1,6,1,50,8,1598,1,3,7,1
201431C270614,1,9,0,18,0,1,1,0,0,0,1,1,6,3,-1,-1,-1,-1,-1,-1,-1
201431C271114,1,9,0,18,0,8,0,0,0,0,1,1,6,1,57,9,2231,2,8,2,1
201431C271114,2,9,0,9,0,5,0,0,0,0,1,1,6,2,26,6,998,1,11,6,1
201431C271514,1,9,0,18,0,0,1,0,0,0,1,1,6,1,64,9,2198,1,12,3,1
201431C271514,2,9,0,18,0,0,0,0,0,0,1,1,6,1,48,8,1999,1,3,3,1
201431C271514,3,8,0,18,0,0,0,0,0,0,1,1,1,1,30,6,1598,2,-1,2,1
201431C271514,4,9,0,18,0,0,0,0,0,0,1,1,2,1,33,6,1686,2,2,7,3
201431C271614,1,9,0,4,0,0,0,0,0,0,1,1,1,1,-1,-1,2495,2,23,5,1
201431C271614,2,9,0,3,0,0,0,0,0,0,2,1,6,2,40,7,-1,-1,-1,8,1
201431C271714,1,9,0,18,0,0,0,0,0,0,1,1,2,1,47,8,998,1,17,3,1
201431C271914,1,19,0,7,0,5,0,0,0,0,4,1,1,1,43,7,2402,2,8,1,1
201431C271914,2,1,0,18,9,1,0,0,0,0,1,1,6,1,24,5,-1,-1,-1,1,1
201431C272114,1,8,0,7,0,6,0,0,0,0,1,1,1,1,33,6,1995,2,3,5,1
201431C272114,2,9,0,18,0,8,0,0,0,0,1,1,6,1,34,6,1762,1,16,10,1
201431C272314,1,9,0,18,0,0,0,0,0,0,1,1,6,3,-1,-1,-1,-1,-1,-1,-1
201431C272914,1,9,0,18,0,1,0,0,0,0,1,1,1,1,44,7,1598,2,3,5,1
201431C273614,1,9,0,15,0,1,0,0,0,0,1,1,6,1,46,8,1896,2,9,3,1
201431C273614,2,9,0,9,0,1,0,0,0,0,2,1,6,1,35,6,1998,2,4,3,1
201431C273814,1,9,0,18,0,8,0,4,0,0,1,1,6,3,-1,-1,1497,1,11,-1,-1
201431C273814,2,9,0,9,0,6,0,0,0,0,1,1,6,2,33,6,1390,1,7,1,1
201431C273814,3,9,0,2,0,2,0,0,0,0,2,1,6,1,37,7,1560,2,7,4,1
201431C273814,4,19,0,2,0,2,0,0,0,0,2,1,6,3,-1,-1,2298,2,4,-1,-1
201431C274314,1,9,0,18,0,0,0,4,7,5,1,1,6,1,-1,-1,1360,1,13,2,1
201431C274314,2,9,0,2,0,0,0,0,0,0,2,1,6,3,-1,-1,1598,1,11,-1,-1
201431C274414,1,9,0,5,0,0,0,0,0,0,1,1,6,2,23,5,1388,1,7,3,1
201431C274414,2,9,0,5,0,0,0,0,0,0,2,1,6,1,62,9,1398,1,6,8,1
201431C274614,1,9,0,4,0,1,0,0,0,0,1,1,6,1,-1,-1,1199,1,10,2,1
201431C274614,2,9,0,4,0,1,0,0,0,0,2,1,6,2,67,10,1975,2,16,9,1
201431C274614,3,9,0,4,0,1,0,0,0,0,2,1,6,3,-1,-1,1360,1,11,-1,-1
201431C274814,1,21,1,18,0,1,0,0,0,0,1,1,1,1,61,9,12419,2,3,3,1
201431C274814,2,19,0,4,0,1,0,0,0,0,2,1,2,1,38,7,2400,2,10,1,1
201431C275014,1,9,0,18,0,1,0,0,0,0,1,1,6,1,25,5,1461,2,5,1,1
201431C275014,2,9,0,18,0,8,0,0,0,0,2,1,6,1,47,8,1461,2,-1,7,1
201431C275314,1,9,0,18,0,7,0,0,0,0,1,1,1,1,30,6,1560,2,1,3,1
201431C275314,2,9,0,18,0,8,0,0,7,11,1,1,6,1,22,5,1686,2,9,1,1
201431C275814,1,9,0,9,0,5,0,0,0,0,4,1,6,2,21,5,1242,1,8,-1,1
201431C275814,2,1,0,18,0,8,0,0,0,0,1,1,6,1,21,5,-1,-1,-1,-1,1
201431C275914,1,9,0,7,0,6,0,0,0,0,3,1,6,1,30,6,1229,1,8,9,1
201431C275914,2,9,0,18,0,8,0,0,0,0,1,1,6,1,23,5,1910,2,9,3,1
201431C276114,1,9,0,9,0,4,0,0,0,0,1,1,6,1,68,10,1332,1,2,3,1
201431C276114,2,9,0,18,0,8,0,0,0,0,1,1,6,1,21,5,1598,1,1,2,1
201431C276514,1,19,0,1,0,8,0,0,0,0,2,1,1,1,33,6,2287,2,1,4,1
201431C276514,2,3,0,18,0,1,0,0,0,0,1,1,6,1,32,6,125,1,2,2,1
201431C276714,1,19,0,18,0,0,0,0,0,0,1,1,6,3,-1,-1,1753,2,9,-1,-1
201431C276714,2,9,0,2,0,0,0,0,0,0,2,1,6,2,38,7,1360,1,9,3,1
201431C276814,1,9,0,9,0,6,0,0,0,0,1,1,6,2,51,8,2926,2,11,3,1
201431C276814,2,1,0,18,0,8,0,0,0,0,4,1,6,1,29,6,-1,-1,-1,2,1
201431C276914,1,9,0,11,0,1,0,0,0,0,4,1,6,2,30,6,1399,2,12,-1,-1
201431C276914,2,9,0,4,0,1,0,0,0,0,3,1,6,2,48,8,1796,1,7,9,1
201431C277214,1,8,0,9,0,5,0,0,0,0,1,1,1,1,-1,-1,-1,-1,-1,-1,-1
201431C277714,1,9,0,7,0,8,0,0,0,0,4,1,2,2,-1,-1,1999,1,9,7,1
201431C277714,2,1,0,18,5,1,0,0,0,0,1,1,2,2,-1,-1,-1,-1,-1,4,1
201431C278114,1,9,0,16,0,1,0,0,1,11,1,1,6,1,54,8,1360,1,13,-1,1
201431C278414,1,1,0,18,0,0,0,0,0,0,3,1,6,2,27,6,-1,-1,-1,1,1
201431C278414,2,9,0,5,0,0,0,0,0,0,1,1,6,1,84,11,1497,1,9,7,1
201431C278514,1,9,0,18,0,1,0,0,0,0,1,1,6,2,40,7,998,1,15,1,1
201431C278514,2,9,0,3,0,1,0,0,0,0,2,1,6,2,33,6,1560,2,3,-1,-1
201431C278614,1,9,0,18,0,0,0,0,0,0,1,1,2,1,61,9,2696,2,9,3,1
201431C278714,1,9,0,18,0,0,0,0,0,0,3,1,6,1,66,10,-1,-1,-1,6,3
201431C279914,1,2,0,13,0,0,0,0,0,0,3,1,6,1,16,4,49,1,2,-1,-1
201431C279914,2,9,0,5,0,0,0,0,0,0,0,1,6,1,41,7,1399,2,10,5,1
201431C280414,1,9,0,18,0,0,0,0,0,0,1,1,6,1,42,7,1905,2,16,8,3
201431C280414,2,19,0,18,0,0,0,0,0,0,2,1,6,1,50,8,-1,-1,-1,8,1
201431C281014,1,5,0,18,0,0,0,0,0,0,1,1,1,1,31,6,696,1,5,2,1
201431C281014,2,8,0,3,0,0,0,0,0,0,2,1,6,1,34,6,1998,2,5,2,1
201431C282214,1,9,0,9,0,5,0,0,0,0,3,1,2,2,27,6,1242,1,1,10,1
201431C282214,2,9,0,18,0,8,0,0,0,0,3,1,6,1,52,8,1870,2,13,2,1
201431C282614,1,9,0,9,0,5,0,0,0,0,4,1,1,1,70,10,-1,-1,-1,6,1
201431C282614,2,1,0,18,0,8,0,0,0,0,1,1,6,1,13,3,-1,-1,-1,1,1
201431C282714,1,9,0,18,0,0,0,0,1,11,1,1,6,1,-1,-1,1242,1,7,-1,-1
201431C282714,2,19,0,2,9,0,0,0,0,0,3,1,6,3,-1,-1,2198,2,7,-1,-1
201431C283814,1,9,0,7,2,8,0,0,7,11,1,1,6,1,29,6,1984,1,6,7,1
201431C283814,2,9,0,9,0,5,1,0,1,0,1,1,6,2,28,6,1199,2,-1,3,1
201431C283914,1,9,0,18,0,0,0,0,7,0,1,1,6,2,22,5,1390,2,12,4,1
201431C284114,1,9,0,9,0,6,0,0,0,0,3,1,3,2,-1,-1,973,1,12,3,1
201431C284114,2,9,0,18,0,8,0,0,0,0,1,1,1,2,46,8,1596,1,8,10,1
201431C284214,1,9,0,18,0,1,0,0,0,0,1,1,6,1,43,7,2148,2,5,1,1
201431C284214,2,9,0,3,0,1,0,0,0,0,2,1,6,2,66,10,-1,-1,-1,10,1
201431C284214,3,9,0,10,0,8,0,0,0,0,2,1,6,1,23,5,1598,1,4,7,1
201431C284614,1,8,0,18,0,1,0,0,0,0,1,1,1,1,35,6,1896,2,5,-1,-1
201431C284614,2,9,0,3,0,1,0,0,0,0,2,1,6,2,24,5,1360,1,12,-1,-1
201431C285014,1,11,0,18,0,2,0,0,0,0,1,1,1,1,-1,-1,9000,1,10,-1,-1
201431C285114,1,19,0,18,0,1,0,0,0,0,1,1,6,1,37,7,2198,2,7,2,1
201431C285114,2,9,0,3,0,1,0,0,0,0,2,1,6,2,56,9,1364,1,8,3,1
201431C285214,1,9,0,18,0,4,0,0,0,0,1,1,1,3,-1,-1,-1,-1,-1,-1,-1
201431C285214,2,1,0,9,0,8,0,0,0,0,4,1,6,2,26,6,-1,-1,-1,-1,1
201431C285614,1,9,0,18,0,4,0,0,0,0,1,1,6,3,-1,-1,1242,1,5,-1,-1
201431C285614,2,9,0,4,0,8,0,0,0,0,2,1,6,2,43,7,2148,2,8,8,1
201431C285614,3,9,0,4,0,8,0,0,0,0,0,1,6,3,-1,-1,-1,-1,-1,-1,-1
201431C286014,1,11,0,2,0,0,0,0,0,0,0,1,1,1,28,6,9000,2,10,1,1
201431C286514,1,9,0,18,0,8,0,0,0,0,1,1,1,2,58,9,1527,2,20,6,1
201431C286514,2,9,0,9,0,5,0,0,0,0,4,1,6,2,20,4,1597,1,6,10,1
201431C287414,1,9,0,5,0,1,0,0,0,0,1,1,6,2,47,8,1596,1,5,5,1
201431C287414,2,9,0,3,0,1,0,0,0,0,2,1,6,2,43,7,998,1,2,3,1
201431C287814,1,9,0,18,0,1,0,0,0,0,1,1,6,2,-1,-1,1149,1,12,1,1
201431C287814,2,11,0,8,0,1,0,0,0,0,2,1,6,2,30,6,9000,2,10,3,1
201431C288014,1,9,0,18,0,0,0,0,0,0,1,1,6,1,29,6,1596,1,7,-1,1
201431C288014,2,9,0,3,0,0,0,0,0,0,2,1,1,1,41,7,1598,2,-1,2,1
201431C288114,1,19,0,18,0,8,0,0,0,0,1,1,1,1,36,7,1364,2,8,10,1
201431C288114,2,9,0,3,0,8,0,0,0,0,2,1,6,1,51,8,1997,2,12,6,1
201431C288114,3,9,0,3,0,2,0,0,0,0,2,1,6,1,50,8,1968,2,4,3,1
201431C288714,1,9,0,14,0,0,0,0,0,0,1,1,6,1,26,6,-1,-1,-1,6,1
201431C288714,2,9,0,6,0,0,0,0,0,0,3,1,6,1,62,9,1968,2,2,8,3
201431C289314,1,1,0,18,0,6,0,0,0,0,1,1,4,1,15,3,-1,-1,-1,-1,1
201431C289314,2,8,0,3,0,8,0,0,0,0,4,1,1,1,48,8,2664,2,15,10,1
201431C289414,1,9,0,9,0,6,0,0,0,0,1,1,6,2,47,8,1399,2,4,2,1
201431C289414,2,3,0,14,0,8,0,0,0,0,1,1,6,1,27,6,125,1,-1,4,1
201431C289514,1,9,0,18,0,5,0,0,0,0,4,1,6,1,36,7,973,1,14,-1,1
201431C289514,2,1,0,18,0,8,0,0,0,0,1,1,6,1,61,9,-1,-1,-1,9,1
201431C290814,1,9,0,18,0,0,0,0,0,0,1,1,6,3,-1,-1,1989,1,15,-1,-1
201431C290814,2,9,0,4,0,0,0,0,0,0,2,1,2,1,39,7,1364,1,5,1,1
201431C291014,1,9,0,18,0,8,0,0,1,1,3,1,6,2,24,5,1598,1,7,1,1
201431C291014,2,9,0,18,0,8,0,0,0,0,1,1,6,2,21,5,1229,1,3,4,1
201431C291314,1,5,0,11,0,2,1,0,0,0,4,1,6,1,42,7,645,1,5,7,1
201431C291314,2,9,0,9,0,6,0,0,0,0,4,1,6,1,44,7,1560,2,1,2,1
201431C291514,1,9,0,9,0,6,0,0,0,0,1,1,6,2,31,6,1229,1,7,2,1
201431C291514,2,3,0,18,0,1,0,0,0,0,1,1,2,2,21,5,114,1,-1,-1,-1
201431C291714,1,8,0,9,0,1,0,0,0,0,1,1,6,1,25,5,1997,2,12,6,1
201431C292514,1,9,0,18,0,0,0,0,0,0,3,1,2,2,42,7,1587,1,10,2,1
201431C292514,2,9,0,18,0,0,0,0,0,0,4,1,1,1,29,6,-1,-1,-1,2,1
201431C293114,1,2,0,18,0,1,1,0,0,0,1,1,6,1,31,6,49,1,11,2,1
201431C293114,2,9,0,5,0,1,0,0,0,0,1,1,6,1,34,6,1686,2,10,2,1
201431C293714,1,9,0,14,0,1,0,0,0,0,2,1,6,2,-1,-1,2993,2,6,-1,-1
201431C293714,2,9,0,3,0,2,0,0,0,0,1,1,6,2,48,8,1998,1,16,1,1
201431C293814,1,9,0,1,0,0,0,0,0,0,2,1,1,1,41,7,3498,1,9,7,1
201431C293814,2,1,0,18,0,0,0,0,0,0,1,1,1,1,27,6,-1,-1,-1,9,1
201431C294214,1,9,0,18,0,0,0,0,0,0,1,1,2,2,28,6,1242,1,-1,-1,-1
201431C294214,2,9,0,4,0,0,0,0,0,0,2,1,6,2,18,4,1198,1,9,2,1
201431C294214,3,9,0,4,0,0,0,0,0,0,2,1,6,2,46,8,1596,1,9,2,1
201431C294814,1,1,0,18,0,8,0,7,0,0,1,1,6,1,22,5,-1,-1,-1,-1,-1
201431C294814,2,9,0,18,0,7,0,0,0,0,0,1,6,3,-1,-1,-1,-1,-1,-1,-1
201431C295314,1,9,0,18,0,3,0,0,0,0,4,1,6,3,-1,-1,-1,-1,-1,-1,-1
201431C295314,2,9,0,18,0,3,0,0,0,0,1,1,6,2,-1,-1,-1,-1,-1,-1,-1
201431C295614,1,9,0,9,0,5,0,0,0,0,4,1,6,2,27,6,1390,1,2,1,1
201431C295614,2,9,0,18,0,1,0,0,0,0,1,1,6,1,26,6,1560,2,5,3,1
201431C295714,1,9,0,18,0,8,0,0,0,0,1,1,6,1,23,5,1686,2,6,1,1
201431C295714,2,9,0,18,0,8,0,0,0,0,3,1,6,1,23,5,2926,2,10,1,1
201431C296114,1,9,0,5,0,1,0,0,0,0,1,1,2,2,30,6,1242,1,12,3,1
201431C296114,2,1,0,18,0,1,0,0,0,0,4,1,2,2,37,7,-1,-1,-1,8,1
201431C296214,1,9,0,11,0,2,0,0,0,0,0,1,6,3,-1,-1,-1,-1,-1,-1,-1
201431C296214,2,9,0,18,0,2,0,0,0,0,2,1,6,2,29,6,1388,1,12,9,1
201431C296214,3,9,0,18,0,2,0,0,0,0,2,1,6,1,19,4,-1,-1,-1,2,1
201431C296214,4,9,0,18,0,2,0,0,0,0,1,1,1,1,-1,-1,1998,2,7,-1,-1
201431C296314,1,9,0,18,0,0,0,0,0,0,1,1,6,2,25,5,1390,1,6,1,1
201431C296414,1,9,0,9,0,6,0,0,0,0,1,1,6,1,22,5,1339,1,11,10,1
201431C296414,2,3,0,14,0,8,0,0,0,0,4,1,6,1,53,8,-1,-1,-1,9,3
201431C296714,1,11,0,9,0,5,0,0,0,0,4,1,1,3,-1,-1,-1,-1,-1,-1,-1
201431C296914,1,9,0,5,0,2,0,0,0,0,3,1,6,1,28,6,1995,2,7,-1,1
201431C296914,2,9,0,18,0,2,0,0,0,0,4,1,6,2,55,8,1598,1,7,1,1
201431C297114,1,9,0,1,0,0,0,0,0,0,2,1,3,1,19,4,1398,1,4,2,1
201431C297314,1,9,0,18,0,1,0,0,0,0,1,1,6,2,-1,-1,-1,-1,-1,-1,-1
201431C297314,2,9,0,3,0,1,0,0,0,0,2,2,6,1,40,7,-1,-1,-1,1,1
201431C297414,1,3,0,5,0,1,0,0,0,0,4,1,6,1,20,4,125,1,2,1,1
201431C297614,1,9,0,18,0,0,0,0,0,0,1,1,6,1,17,4,-1,-1,-1,1,1
201431C297614,2,3,0,3,0,0,0,0,0,0,2,1,6,1,17,4,124,1,3,8,1
201431C297714,1,9,0,9,0,6,0,0,0,0,1,1,6,1,31,6,-1,-1,-1,3,1
201431C297714,2,9,0,3,0,2,0,0,0,0,3,1,6,1,37,7,1796,1,10,2,1
201431C298414,1,9,0,18,0,1,0,0,0,0,1,1,6,1,21,5,1796,1,6,1,1
201431C298414,2,8,0,10,0,8,0,0,0,0,2,1,1,1,48,8,2446,2,14,8,3
201431C298514,1,9,0,18,1,8,0,0,0,0,1,1,6,1,17,4,2993,2,6,8,1
201431C298514,2,9,0,9,0,5,0,0,0,0,1,1,6,2,22,5,1198,1,3,3,1
201431C298514,3,19,0,3,0,2,0,0,0,0,2,1,6,1,52,8,2464,2,4,2,1
201431C298714,1,9,0,4,0,0,0,0,0,0,1,1,1,2,42,7,1900,2,8,5,1
201431C298714,2,9,0,4,0,0,0,0,0,0,2,1,6,2,42,7,1388,1,13,2,1
201431C298714,3,9,0,4,0,0,0,0,0,0,2,1,6,2,54,8,2179,2,-1,6,1
201431C298914,1,9,0,18,0,2,0,4,1,0,1,1,6,1,21,5,1242,1,12,2,1
201431C298914,2,19,0,2,0,2,0,0,0,0,2,1,6,1,39,7,1686,2,10,2,1
201431C299214,1,9,0,18,0,0,1,0,0,0,1,1,6,1,63,9,1598,1,3,10,1
201431C299214,2,9,0,18,0,0,0,0,0,0,1,1,1,1,28,6,1896,2,4,1,1
201431C299514,1,9,0,9,0,6,0,0,0,0,3,1,1,1,49,8,1329,1,4,-1,1
201431C299514,2,9,0,18,0,1,0,0,0,0,1,1,3,2,-1,-1,-1,-1,-1,1,1
201431C299714,1,9,0,9,0,6,0,0,0,0,3,1,2,2,48,8,1598,2,-1,5,1
201431C299714,2,9,0,18,0,1,0,0,0,0,1,1,6,2,27,6,1596,1,6,3,1
201431C299814,1,9,0,16,0,0,0,0,0,0,1,1,6,3,-1,-1,-1,-1,-1,-1,-1
201431C299914,1,9,0,5,0,0,0,0,0,0,1,1,6,1,-1,-1,-1,-1,-1,-1,-1
201431C300014,1,9,0,17,0,8,0,7,0,0,1,1,2,1,28,6,1587,1,12,1,1
201431C300314,1,9,0,15,0,1,0,0,0,0,1,1,6,1,-1,-1,-1,-1,-1,-1,-1
201431C300314,2,1,0,18,0,1,0,0,0,0,2,1,6,1,61,9,-1,-1,-1,1,1
201431C300614,1,9,0,18,0,0,0,0,0,0,1,1,6,3,-1,-1,1360,1,13,-1,-1
201431C300614,2,9,0,3,0,0,0,0,0,0,2,1,6,1,46,8,1986,2,7,10,1
201431C300714,1,9,0,18,0,0,0,0,0,0,1,1,6,3,-1,-1,-1,-1,-1,-1,-1
201431C300714,2,9,0,2,0,0,0,0,0,0,3,1,3,2,32,6,-1,-1,-1,5,1
201431C300914,1,5,0,18,0,1,1,0,0,0,3,1,2,1,34,6,1002,1,16,3,1
201431C301014,1,9,0,18,0,0,0,0,0,0,1,1,6,3,-1,-1,1299,1,6,-1,-1
201431C301014,2,9,0,3,0,0,0,0,0,0,2,1,6,1,24,5,1120,1,18,-1,1
201431C301214,1,9,0,9,0,6,0,0,0,0,3,1,6,1,29,6,1956,2,1,4,1
201431C301214,2,9,0,14,0,8,0,0,0,0,1,1,1,1,36,7,2231,2,8,2,1
201431C301814,1,9,0,18,0,1,0,0,0,0,1,1,6,1,23,5,973,1,13,3,1
201431C301814,2,8,0,18,0,1,0,0,0,0,2,1,1,1,52,8,1998,2,5,2,1
201431C302514,1,9,0,18,0,1,0,0,0,0,1,1,6,1,54,8,1560,2,3,7,2
201431C302614,1,9,0,9,0,5,0,0,0,0,1,1,6,2,22,5,1198,1,8,6,1
201431C302614,2,8,0,18,0,8,0,0,0,0,1,1,6,1,66,10,2499,2,6,3,1
201431C303114,1,9,0,9,0,5,0,0,0,0,1,1,6,1,-1,-1,1997,2,9,7,1
201431C303114,2,3,0,18,0,8,0,0,0,0,1,1,6,1,26,6,124,1,2,2,1
201431C304514,1,1,0,18,0,3,0,0,0,0,3,1,6,1,55,8,-1,-1,-1,9,2
201431C304514,2,9,0,13,0,3,0,0,0,0,4,1,6,1,40,7,1596,1,8,-1,-1
201431C304614,1,9,0,11,0,1,0,0,0,0,4,1,6,1,23,5,1461,2,10,9,3
201431C304614,2,9,0,18,0,1,0,0,0,0,3,1,6,1,20,4,1229,1,1,10,1
201431C305014,1,9,0,18,0,0,0,0,0,0,1,1,6,1,23,5,1896,2,10,3,1
201431C305214,1,9,0,6,0,0,0,0,0,0,3,1,6,1,-1,-1,2987,2,5,4,1
201431C305214,2,5,0,13,0,0,0,0,0,0,1,1,6,1,21,5,645,1,13,5,2
201431C306014,1,9,0,18,0,0,0,0,0,0,1,2,2,1,37,7,1600,1,15,4,1
201431C306314,1,9,0,18,0,1,0,0,0,0,1,1,6,2,30,6,2993,2,5,1,1
201431C306314,2,8,0,4,0,1,0,0,0,0,2,1,1,1,61,9,1995,2,8,2,1
201431C306414,1,9,0,18,0,8,1,0,0,0,1,1,1,1,50,8,1968,2,2,4,1
201431C306414,2,18,0,18,0,8,0,0,0,0,4,1,1,1,40,7,-1,-1,-1,10,2
201431C306614,1,9,0,4,0,0,0,0,0,0,0,1,6,1,38,7,1984,1,7,9,2
201431C306614,2,11,0,18,0,0,0,0,0,0,0,1,1,1,65,9,9000,2,9,2,1
201431C306714,1,9,0,18,0,1,0,0,0,0,2,1,6,1,23,5,1242,1,9,2,1
201431C306714,2,9,0,10,0,1,0,0,0,0,1,1,6,1,-1,-1,1995,1,12,4,1
201431C306814,1,9,0,7,0,6,0,0,0,0,2,1,6,1,35,6,1994,2,10,1,1
201431C306814,2,21,1,9,0,6,0,0,0,0,2,1,1,1,-1,-1,9200,2,6,7,1
201431C307014,1,9,0,9,0,5,0,0,0,0,4,1,6,2,45,7,1686,2,7,6,1
201431C307014,2,1,0,11,0,1,0,0,0,0,1,1,6,1,33,6,-1,-1,-1,8,1
201431C307314,1,9,0,18,0,1,0,0,0,0,3,1,6,2,44,7,1995,2,1,6,1
201431C307614,1,9,0,5,0,0,0,0,0,0,4,1,3,2,43,7,1598,1,2,4,1
201431C308314,1,9,0,7,0,6,0,0,0,0,3,1,6,1,66,10,1948,1,17,7,1
201431C308314,2,9,0,18,0,1,0,0,0,0,1,1,6,2,75,10,-1,-1,-1,8,3
201431C309114,1,9,0,18,0,1,0,0,0,0,1,1,6,3,-1,-1,-1,-1,-1,-1,-1
201431C309114,2,8,0,4,0,1,0,0,0,0,2,1,1,1,-1,-1,1896,2,4,2,1
201431C309514,1,9,0,1,0,6,0,0,0,0,2,1,6,2,52,8,1296,1,7,9,1
201431C309514,2,9,0,18,0,8,1,0,0,0,1,1,6,1,43,7,1242,1,14,-1,-1
201431C309814,1,19,0,18,0,8,0,0,0,0,4,1,6,1,35,6,2198,2,2,-1,-1
201431C310114,1,9,0,18,0,2,0,0,0,0,1,1,6,1,-1,-1,1229,1,1,-1,-1
201431C310114,2,9,0,18,0,2,0,0,0,0,2,1,2,1,-1,-1,1587,1,7,-1,-1
201431C311014,1,9,0,18,0,0,0,0,0,0,2,1,2,2,24,5,1124,1,12,10,1
201431C311414,1,9,0,18,0,1,1,7,1,11,4,1,6,1,21,5,1199,1,11,1,1
201431C311614,1,9,0,17,0,1,0,0,0,0,1,1,6,1,-1,-1,1896,2,11,-1,-1
201431C311614,2,9,0,3,0,1,0,0,0,0,2,1,6,2,50,8,1461,2,6,5,1
201431C311814,1,9,0,18,0,0,0,0,0,0,3,1,6,2,25,5,998,1,7,10,1
201431C311814,2,9,0,11,0,0,0,0,0,0,4,1,6,3,-1,-1,-1,-1,-1,-1,-1
201431C311914,1,9,0,9,0,7,0,0,0,0,3,1,6,2,47,8,1582,2,6,1,1
201431C311914,2,9,0,18,0,8,0,0,0,0,1,1,6,2,40,7,1596,1,7,1,1
201431C312014,1,9,0,3,0,0,0,0,0,0,2,1,6,2,27,6,1149,1,11,4,1
201431C312014,2,9,0,18,0,0,0,0,0,0,1,1,1,1,53,8,1560,2,3,8,2
201431C312114,1,9,0,9,0,6,0,0,0,0,4,1,6,1,49,8,1389,1,13,3,1
201431C312114,2,3,0,18,0,8,0,0,0,0,1,1,6,1,32,6,124,1,8,2,1
201431C312314,1,9,0,4,0,1,0,0,0,0,2,1,6,1,46,8,999,1,-1,10,1
201431C312314,2,9,0,4,0,1,0,0,0,0,1,1,6,1,46,8,1896,2,9,2,1
201431C312614,1,9,0,18,0,1,0,0,0,0,1,1,2,1,26,6,2987,2,6,9,1
201431C312614,2,19,0,3,0,1,0,0,0,0,2,1,1,1,58,9,1399,2,6,4,1
201431C312614,3,9,0,3,0,1,0,0,0,0,2,1,2,2,26,6,-1,-1,-1,-1,-1
201431C312714,1,9,0,11,0,2,0,0,0,0,4,1,6,1,47,8,1686,2,1,9,1