Accident_Index,Vehicle_Reference,Vehicle_Type,Towing_and_Articulation,Vehicle_Manoeuvre,Vehicle_Location-Restricted_Lane,Junction_Location,Skidding_and_Overturning,Hit_Object_in_Carriageway,Vehicle_Leaving_Carriageway,Hit_Object_off_Carriageway,1st_Point_of_Impact,Was_Vehicle_Left_Hand_Drive?,Journey_Purpose_of_Driver,Sex_of_Driver,Age_of_Driver,Age_Band_of_Driver,Engine_Capacity_(CC),Propulsion_Code,Age_of_Vehicle,Driver_IMD_Decile,Driver_Home_Area_Type
201431D251414,1,9,0,7,0,3,0,0,0,0,1,1,6,1,24,5,1896,2,7,2,1
201431D251414,2,1,0,18,0,2,0,0,0,0,1,1,6,1,53,8,-1,-1,-1,5,1
201431D251814,1,9,0,18,0,0,1,0,0,0,1,1,6,1,47,8,4293,1,13,1,1
201431D251914,1,9,0,1,0,0,0,0,0,0,2,1,6,3,-1,-1,1995,2,2,-1,-1
201431D251914,2,9,0,2,0,0,0,0,0,0,2,1,6,1,30,6,1968,2,5,2,1
201431D252314,1,9,0,18,0,0,0,0,1,0,4,1,6,2,39,7,998,1,10,3,1
201431D253414,1,9,0,18,0,0,2,0,1,2,4,1,6,2,22,5,1368,1,4,7,3
201431D253414,2,9,0,11,0,0,0,0,0,0,0,1,6,3,-1,-1,-1,-1,-1,-1,-1
201431D253914,1,9,0,12,0,3,0,0,0,0,3,1,6,1,48,8,1598,1,5,8,3
201431D253914,2,5,0,18,0,3,0,0,0,0,4,1,6,1,55,8,598,1,20,4,1
201431D254414,1,9,0,1,9,6,0,0,0,0,2,1,1,1,39,7,1997,2,-1,10,1
201431D256014,1,9,0,18,0,0,0,0,5,6,1,1,6,2,29,6,1398,2,10,4,1
201431D256114,1,9,0,14,0,0,0,0,0,0,1,1,6,1,61,9,1995,2,2,9,3
201431D256314,1,9,0,18,0,1,0,0,0,0,1,1,1,1,36,7,1119,1,20,4,1
201431D256314,2,9,0,3,0,1,0,0,0,0,2,1,1,2,32,6,1590,1,15,9,1
201431D256314,3,9,0,3,0,1,0,0,0,0,2,1,6,1,46,8,2460,2,9,6,2
201431D257014,1,9,0,18,0,1,0,0,0,0,4,1,6,3,-1,-1,-1,-1,-1,-1,-1
201431D257014,2,1,0,18,0,1,0,0,0,0,1,1,2,1,-1,-1,-1,-1,-1,-1,-1
201431D257614,1,9,0,18,0,0,0,10,0,0,4,1,6,2,87,11,1248,2,6,5,1
201431D257614,2,9,0,18,0,0,1,0,0,0,1,1,6,1,77,11,1498,1,6,10,2
201431D257814,1,9,0,7,0,5,0,0,0,0,1,1,6,1,44,7,1995,2,2,10,2
201431D257814,2,9,0,4,0,1,1,0,1,11,3,1,6,1,18,4,1339,1,12,10,2
201431D258014,1,9,0,16,0,0,0,0,7,11,3,1,6,1,27,6,1596,1,12,6,1
201431D258014,2,9,0,17,0,0,0,0,0,0,3,1,6,1,32,6,1798,1,10,5,1
201431D258214,1,9,0,18,0,1,0,0,0,0,1,1,6,1,76,11,1339,1,3,2,1
201431D258914,1,9,0,14,0,1,0,0,0,0,1,1,2,2,53,8,999,1,14,4,1
201431D259114,1,9,0,16,0,0,2,0,1,11,1,1,6,1,18,4,1998,1,12,10,2
201431D259514,1,9,0,4,0,0,0,0,0,0,1,1,6,2,43,7,2099,1,12,2,1
201431D259514,2,9,0,4,0,0,0,0,0,0,2,1,6,2,46,8,1422,2,6,-1,-1
201431D259514,3,9,0,4,0,0,0,0,0,0,2,1,6,2,37,7,1896,2,11,6,1
201431D259614,1,9,0,7,0,6,0,0,0,0,1,1,3,2,42,7,-1,-1,-1,4,1
201431D260014,1,9,0,18,0,1,1,0,0,0,1,1,6,1,32,6,1896,2,13,10,2
201431D260014,2,9,0,4,0,1,0,0,0,0,2,1,6,1,53,8,1598,1,5,6,1
201431D260414,1,19,0,18,0,0,0,0,0,0,1,1,6,1,23,5,-1,-1,-1,10,2
201431D260414,2,9,0,3,0,0,0,0,0,0,2,1,6,2,51,8,998,1,3,6,3
201431D261214,1,9,0,18,0,0,0,10,1,1,3,1,6,1,32,6,1796,1,14,2,1
201431D262014,1,9,0,9,0,6,0,0,3,4,1,1,6,1,33,6,2993,2,7,9,1
201431D262614,1,9,0,6,0,0,0,0,0,0,3,1,2,1,50,8,1995,2,1,10,1
201431D262614,2,5,0,13,0,0,1,0,0,0,1,1,2,1,32,6,675,1,2,10,2
201431D262714,1,9,0,16,0,0,2,0,1,11,1,1,6,1,21,5,1390,1,4,4,1
201431D262814,1,9,0,3,0,1,0,0,0,0,4,1,6,3,-1,-1,-1,-1,-1,-1,-1
201431D262814,2,1,0,15,0,1,0,0,0,0,1,1,6,1,41,7,-1,-1,-1,9,1
201431D262914,1,21,1,5,0,1,1,0,0,0,1,1,6,1,49,8,12900,2,3,4,1
201431D263214,1,9,0,10,0,1,0,0,0,0,4,1,6,2,51,8,1248,1,3,10,2
201431D263614,1,9,0,18,0,8,0,0,0,0,1,1,6,2,77,11,1299,1,12,10,2
201431D263614,2,9,0,18,0,8,0,0,0,0,3,1,6,1,64,9,1991,2,2,7,1
201431D263914,1,9,0,18,0,0,1,0,0,0,1,1,6,2,21,5,1587,1,12,4,1
201431D263914,2,9,0,12,0,0,0,0,0,0,3,1,6,1,57,9,2231,2,6,7,3
201431D263914,3,9,0,18,0,0,0,0,0,0,3,1,6,2,-1,-1,-1,-1,-1,-1,-1
201431D264114,1,9,0,18,0,1,0,0,0,0,1,1,6,1,48,8,1596,1,10,7,1
201431D264114,2,9,0,3,0,1,0,0,0,0,2,1,6,2,35,6,1497,1,12,8,1
201431D264114,3,9,0,10,0,1,0,0,0,0,2,1,6,1,35,6,-1,-1,-1,6,1
201431D264214,1,9,0,16,0,0,5,7,1,11,1,1,6,1,26,6,1796,1,13,5,1
201431D264314,1,11,0,2,0,8,0,0,0,0,0,1,1,1,57,9,9000,2,6,7,1
201431D264414,1,9,0,9,0,6,0,0,0,0,3,1,6,1,37,7,1997,2,13,2,1
201431D264414,2,1,0,18,0,8,0,0,0,0,1,1,6,1,47,8,-1,-1,-1,-1,-1
201431D264414,3,9,0,4,0,1,0,0,0,0,0,1,6,1,46,8,1598,1,15,3,2
201431D266114,1,9,0,11,0,0,0,0,0,0,0,1,6,3,-1,-1,-1,-1,-1,-1,-1
201431D266114,2,9,0,18,0,0,1,0,5,6,1,1,2,1,22,5,973,1,14,3,1
201431D266114,3,9,0,18,0,0,0,0,0,0,4,1,6,1,45,7,1968,2,2,1,1
201431D266114,4,20,1,18,0,0,0,0,0,0,1,1,1,1,49,8,-1,-1,-1,3,1
201431D266814,1,9,0,18,0,0,0,0,0,0,1,1,6,1,55,8,1686,2,11,10,1
201431D267114,1,9,0,18,0,1,1,0,0,0,1,1,6,1,53,8,1396,1,11,3,2
201431D267114,2,9,0,4,0,1,0,0,0,0,2,1,6,2,34,6,1582,2,6,10,2
201431D267814,1,19,0,18,0,8,1,0,0,0,1,1,1,1,27,6,1870,2,11,4,2
201431D267814,2,9,0,3,0,8,0,0,0,0,2,1,6,1,53,8,1197,1,3,7,1
201431D268014,1,9,0,5,0,8,0,0,0,0,1,1,2,2,52,8,1560,2,5,9,3
201431D268014,2,19,0,18,0,8,0,0,0,0,1,1,6,1,23,5,2402,2,5,-1,-1
201431D268314,1,19,0,18,0,0,0,0,0,0,4,1,6,3,-1,-1,-1,-1,-1,-1,-1
201431D268614,1,9,0,18,0,0,0,0,0,0,1,1,2,2,29,6,1298,1,6,6,1
201431D268614,2,9,0,4,0,0,0,0,0,0,2,1,2,1,52,8,1598,1,9,10,1
201431D268814,1,9,0,18,0,1,0,0,0,0,1,1,6,2,48,8,-1,-1,-1,6,1
201431D268814,2,9,0,3,0,1,0,0,0,0,2,1,6,2,36,7,1299,1,13,3,1
201431D269014,1,9,0,14,0,0,0,0,0,0,4,1,6,2,-1,-1,1686,2,9,4,1
201431D269314,1,9,0,9,0,5,0,0,0,0,3,1,2,2,43,7,998,1,5,5,1
201431D269314,2,1,0,18,0,8,0,0,0,0,1,1,2,1,37,7,-1,-1,-1,7,1
201431D269414,1,9,0,14,0,0,0,0,0,0,3,1,6,2,22,5,2487,2,14,8,1
201431D269414,2,9,0,18,0,0,0,0,0,0,3,1,6,1,24,5,1299,1,13,3,1
201431D269614,1,9,0,9,0,6,0,0,0,0,1,1,6,1,50,8,998,1,11,5,1
201431D269614,2,5,0,18,0,1,0,0,0,0,1,1,6,1,40,7,1002,1,16,5,1
201431D269914,1,9,0,18,0,8,0,0,0,0,1,1,6,1,78,11,1753,2,11,10,1
201431D269914,2,9,0,18,0,8,0,0,0,0,1,1,1,2,53,8,1995,2,10,4,1
201431D270214,1,9,0,18,0,2,0,0,0,0,4,1,6,2,-1,-1,1796,1,14,4,1
201431D270214,2,1,0,18,0,2,0,0,0,0,1,1,4,1,11,3,-1,-1,-1,2,1
201431D270914,1,3,0,4,0,0,0,0,0,0,1,1,6,1,55,8,124,1,5,9,2
201431D271014,1,9,0,18,0,4,0,9,7,1,1,1,6,1,47,8,1242,1,12,6,1
201431D271814,1,9,0,5,0,4,0,0,0,0,3,1,2,2,58,9,1598,1,4,7,1
201431D271814,2,9,0,9,0,4,0,0,0,0,4,1,6,2,22,5,1229,1,7,7,1
201431D272014,1,9,0,12,0,0,0,0,0,0,0,1,6,1,31,6,1896,2,11,1,1
201431D272014,2,9,0,18,0,0,1,0,5,6,3,1,6,1,41,7,1999,1,7,-1,-1
201431D272014,3,11,0,18,0,0,0,0,0,0,3,1,1,1,51,8,9360,2,1,4,1
201431D272014,4,9,0,12,0,0,0,0,0,0,0,1,6,1,50,8,1499,2,1,8,1
201431D272814,1,9,0,1,0,6,0,0,0,0,2,1,6,1,67,10,2198,2,7,9,1
201431D273014,1,9,0,18,0,8,0,0,0,0,1,1,6,1,20,4,-1,-1,-1,7,1
201431D273014,2,9,0,9,0,8,0,0,0,0,3,1,6,1,24,5,999,1,-1,2,1
201431D273014,3,9,0,9,0,8,0,0,0,0,1,1,6,1,40,7,1560,2,7,3,1
201431D273114,1,9,0,9,0,8,0,0,0,0,1,1,6,1,39,7,1596,1,6,2,1
201431D273114,2,19,0,18,0,4,0,0,0,0,3,1,6,1,43,7,1461,2,-1,-1,-1
201431D273414,1,9,0,7,0,6,0,0,0,0,3,1,6,1,98,11,1360,1,11,7,1
201431D273414,2,21,1,18,0,8,0,0,0,0,4,1,1,1,51,8,15607,2,1,3,1
201431D273914,1,9,0,18,0,8,0,0,0,0,1,1,6,1,51,8,1796,2,-1,2,1
201431D273914,2,9,0,9,0,8,0,0,0,0,2,1,6,2,51,8,1600,2,4,10,1
201431D274214,1,9,0,18,0,1,0,0,0,0,1,1,6,2,33,6,1997,2,5,4,1
201431D274214,2,9,0,8,0,1,0,0,0,0,2,1,6,1,34,6,1598,2,1,6,1
201431D276414,1,9,0,9,0,6,0,0,0,0,3,1,6,2,40,7,1598,1,9,9,1
201431D276414,2,9,0,18,0,8,0,0,0,0,1,1,6,1,25,5,1995,2,8,2,1
201431D276614,1,9,0,18,0,8,0,0,0,0,1,1,6,1,38,7,1951,2,13,1,1
201431D276614,2,9,0,9,0,5,0,0,0,0,1,1,6,3,-1,-1,-1,-1,-1,-1,-1
201431D277014,1,8,0,9,0,6,0,0,0,0,1,1,1,1,42,7,1998,2,5,4,1
201431D277014,2,9,0,18,0,8,0,0,0,0,3,1,6,2,27,6,1799,1,6,4,1
201431D277114,1,9,0,18,0,1,1,7,0,0,1,1,6,2,23,5,998,1,10,10,1
201431D277114,2,9,0,3,0,1,0,0,0,0,2,1,6,1,27,6,1995,2,9,2,1
201431D277314,1,9,0,18,0,1,0,0,0,0,1,1,6,2,50,8,1956,2,-1,4,1
201431D277414,1,9,0,6,0,0,0,0,0,0,1,1,1,1,84,11,1388,1,8,2,1
201431D277414,2,9,0,18,0,0,0,0,0,0,1,1,1,2,-1,-1,1590,1,10,-1,-1
201431D278214,1,19,0,9,0,5,0,0,0,0,4,1,1,1,58,9,1753,2,4,8,1
201431D278214,2,9,0,13,0,8,0,0,0,0,1,1,1,1,24,5,1560,2,-1,-1,-1
201431D278914,1,19,0,18,0,1,0,0,0,0,1,1,6,1,-1,-1,2283,2,12,4,1
201431D278914,2,9,0,3,0,1,0,0,0,0,2,1,1,2,18,4,998,1,12,10,1
201431D279114,1,9,0,18,0,1,1,0,0,0,1,1,2,1,54,8,1598,1,9,3,1
201431D279114,2,9,0,4,0,1,0,0,0,0,2,1,2,2,18,4,1388,1,13,4,1
201431D279114,3,9,0,10,0,1,0,0,0,0,2,1,6,2,26,6,1149,1,5,9,1
201431D279214,1,9,0,7,0,5,0,0,0,0,4,1,6,1,44,7,2143,2,1,5,1
201431D279214,2,3,0,18,0,8,0,0,0,0,1,1,6,1,55,8,124,1,1,6,1
201431D279314,1,21,1,11,0,0,1,0,0,0,1,1,1,1,59,9,-1,-1,-1,3,1
201431D279314,2,17,4,18,0,0,1,0,4,6,2,1,1,1,47,8,6800,2,5,9,2
201431D279414,1,9,0,18,0,0,0,0,1,0,1,1,3,1,39,7,1995,1,6,9,1
201431D279414,2,9,0,18,0,0,0,0,0,0,2,1,1,1,33,6,1968,2,3,9,1
201431D279514,1,21,1,12,0,8,0,0,0,0,3,2,1,1,42,7,-1,-1,-1,-1,-1
201431D279514,2,9,0,7,0,3,1,0,0,0,4,1,1,1,24,5,1560,2,5,2,1
201431D279614,1,9,0,9,0,6,0,0,0,0,3,1,6,1,46,8,1968,2,5,9,1
201431D279614,2,1,0,17,0,8,0,0,0,0,1,1,6,2,52,8,-1,-1,-1,10,1
201431D279714,1,9,0,18,0,0,0,0,0,0,1,1,6,2,41,7,1995,2,6,6,1
201431D279714,2,9,0,4,0,0,0,0,0,0,2,1,6,1,52,8,2387,2,6,6,1
201431D280114,1,9,0,18,0,0,1,4,0,0,1,1,6,1,36,7,2480,1,5,10,1
201431D280114,2,9,0,18,0,0,0,0,0,0,1,1,6,2,67,10,1199,1,14,4,1
201431D280114,3,9,0,2,0,0,0,0,0,0,2,1,6,3,-1,-1,998,1,14,-1,-1
201431D280214,1,9,0,9,0,5,0,0,0,0,3,1,2,1,23,5,1229,1,1,6,1
201431D280714,1,3,0,18,0,8,1,0,0,0,1,1,2,1,19,4,124,1,9,5,2
201431D280714,2,9,0,18,0,8,0,0,0,0,1,1,6,2,30,6,1242,1,17,10,2
201431D280814,1,9,0,9,0,6,0,0,0,0,1,1,6,1,45,7,1360,1,11,7,1
201431D280814,2,3,0,14,0,8,0,0,0,0,4,1,2,1,53,8,124,1,1,2,1
201431D280914,1,9,0,6,0,0,0,0,0,0,3,1,6,1,50,8,1986,2,5,10,2
201431D280914,2,3,0,13,0,0,0,0,0,0,1,1,6,1,20,4,96,1,8,6,1
201431D281214,1,9,0,16,0,0,2,0,1,0,4,1,3,2,40,7,1895,1,14,8,3
201431D281414,1,9,0,18,0,1,2,0,7,9,1,1,6,2,17,4,1242,1,5,9,3
201431D281414,2,9,0,10,0,8,0,0,0,0,0,1,6,3,-1,-1,-1,-1,-1,-1,-1
201431D281814,1,8,0,18,0,0,0,0,0,0,1,1,6,1,52,8,1896,2,10,6,1
201431D281914,1,9,0,1,0,0,0,0,0,0,2,1,6,2,26,6,899,1,-1,3,1
201431D281914,2,9,0,3,0,0,0,0,0,0,3,1,6,2,21,5,1242,1,13,4,1
201431D282114,1,9,0,18,0,1,0,0,0,0,1,1,1,1,24,5,1389,1,11,1,1
201431D282114,2,9,0,3,0,1,0,0,0,0,2,1,6,2,47,8,2148,2,6,6,2
201431D282114,3,9,0,3,0,1,0,0,0,0,2,1,6,2,42,7,2967,2,5,10,1
201431D282914,1,9,0,18,0,1,0,0,0,0,1,1,2,1,-1,-1,2720,2,8,8,1
201431D282914,2,9,0,3,0,1,0,0,0,0,2,1,2,1,-1,-1,2000,1,5,6,1
201431D283114,1,9,0,7,0,6,0,0,0,0,1,1,6,2,23,5,1560,2,4,7,3
201431D283114,2,3,0,13,0,8,0,0,0,0,4,1,6,1,66,10,124,1,3,-1,1
201431D283214,1,19,0,18,0,0,0,0,1,9,4,1,6,1,31,6,2198,2,-1,1,1
201431D283314,1,9,0,9,0,6,0,0,0,0,1,1,6,2,-1,-1,1299,1,12,-1,-1
201431D283314,2,1,0,14,0,8,0,0,0,0,4,1,6,1,29,6,-1,-1,-1,10,1
201431D284314,1,9,0,13,0,0,2,10,7,0,3,1,2,1,30,6,1781,1,9,1,1
201431D284414,1,9,0,18,0,0,0,0,0,0,1,1,6,2,49,8,1124,1,10,-1,1
201431D286614,1,9,0,18,0,0,0,0,0,0,4,1,6,1,70,10,1998,2,11,9,1
201431D286914,1,9,0,18,0,0,0,0,0,0,1,1,6,1,83,11,796,1,13,2,2
201431D286914,2,9,0,18,0,0,0,0,0,0,1,1,6,1,63,9,1998,1,10,10,2
201431D287314,1,9,0,9,0,6,0,0,0,0,1,1,6,1,28,6,1796,1,8,2,1
201431D287314,2,9,0,9,0,5,0,0,0,0,2,1,6,1,20,4,1781,1,14,8,1
201431D287514,1,9,0,2,0,0,0,4,0,0,2,1,6,3,-1,-1,1968,2,6,-1,-1
201431D287514,2,9,0,2,0,0,0,0,0,0,1,1,6,3,-1,-1,1229,1,2,-1,-1
201431D287914,1,9,0,18,0,0,2,0,0,0,1,1,6,1,50,8,2926,2,11,8,3
201431D287914,2,9,0,18,0,0,0,0,1,9,1,1,6,1,50,8,1560,2,1,8,3
201431D288214,1,9,0,14,0,0,0,7,0,0,1,1,6,1,67,10,848,1,26,7,1
201431D288614,1,9,0,7,0,1,1,0,0,0,1,1,6,1,-1,-1,1796,1,14,-1,-1
201431D288614,2,9,0,8,0,1,0,0,0,0,2,1,6,2,60,9,1598,1,16,3,1
201431D288814,1,9,0,16,0,0,1,0,0,0,4,1,6,1,27,6,1398,1,2,4,1
201431D288814,2,11,0,17,0,0,1,0,0,0,1,1,1,1,28,6,8268,2,11,4,1
201431D289014,1,9,0,18,0,0,0,0,0,0,1,1,6,3,-1,-1,-1,-1,-1,-1,-1
201431D289214,1,1,0,9,0,6,0,0,0,0,3,1,6,1,17,4,-1,-1,-1,6,1
201431D290314,1,9,0,14,0,2,0,0,0,0,4,1,6,2,71,10,1560,2,3,-1,-1
201431D290314,2,9,0,2,0,2,0,0,0,0,0,1,6,3,-1,-1,-1,-1,-1,-1,-1
201431D290414,1,11,0,18,0,0,0,0,0,0,0,1,1,1,55,8,6871,2,5,2,1
201431D290514,1,9,0,5,0,1,0,0,0,0,1,1,6,1,31,6,1598,2,1,-1,-1
201431D290514,2,9,0,5,0,4,0,0,0,0,2,1,6,2,46,8,1896,2,7,6,1
201431D290714,1,9,0,5,0,1,0,0,0,0,2,1,6,1,38,7,1299,1,6,8,1
201431D290714,2,3,0,18,0,1,0,0,0,0,1,1,6,1,28,6,100,1,8,2,1
201431D291614,1,1,0,18,0,2,0,0,0,0,3,1,4,1,10,2,-1,-1,-1,-1,-1
201431D291614,2,9,0,9,0,2,0,0,0,0,1,1,3,2,49,8,1598,1,2,10,1
201431D291914,1,9,0,18,0,8,0,0,0,0,1,1,2,2,34,6,1586,1,7,1,1
201431D291914,2,9,0,9,0,5,0,0,0,0,1,1,2,2,28,6,1598,2,-1,-1,-1
201431D292014,1,9,0,18,0,1,0,0,1,0,4,1,6,3,-1,-1,-1,-1,-1,-1,-1
201431D292314,1,9,0,17,0,0,1,0,7,9,4,1,1,2,40,7,1596,1,8,9,3
201431D292314,2,9,0,17,0,0,1,0,7,9,4,1,1,2,29,6,1753,2,10,10,2
201431D292614,1,9,0,18,0,2,0,0,0,0,1,1,6,1,79,11,1388,1,4,10,1
201431D292714,1,9,0,9,0,6,0,0,0,0,1,1,6,1,77,11,1598,2,2,2,1
201431D292714,2,3,0,18,0,8,0,0,0,0,4,1,1,1,28,6,124,1,-1,2,1
201431D292814,1,9,0,18,0,0,0,0,0,0,1,1,6,2,45,7,1299,1,9,6,1
201431D293014,1,19,0,18,0,0,0,0,0,0,4,1,1,1,28,6,2148,2,5,1,1
201431D293914,1,9,0,9,0,6,0,0,0,0,3,1,6,2,24,5,1248,1,1,10,1
201431D293914,2,19,0,18,0,8,0,0,7,4,1,1,6,1,35,6,1753,2,7,8,3
201431D294114,1,5,0,16,0,0,0,0,0,0,4,1,2,1,47,8,897,1,10,6,1
201431D295014,1,9,0,17,0,0,1,0,1,9,3,1,6,2,31,6,1339,1,12,1,1
201431D296514,1,2,0,18,0,1,1,0,0,0,3,1,6,1,16,4,49,1,4,6,1
201431D296814,1,19,0,9,0,6,0,0,0,0,3,1,1,1,23,5,1598,2,1,7,3
201431D296814,2,9,0,18,0,8,1,0,0,0,1,1,1,1,47,8,1596,1,5,4,1
201431D297814,1,90,0,18,0,0,0,0,0,0,1,1,6,3,-1,-1,-1,-1,-1,-1,-1
201431D297814,2,9,0,3,0,0,0,0,0,0,2,1,6,2,46,8,1242,1,13,8,1
201431D297814,3,9,0,3,0,0,0,0,0,0,2,1,6,1,45,7,1391,1,13,4,1
201431D298014,1,9,0,18,0,0,0,0,8,4,1,1,6,2,32,6,1229,1,7,4,1
201431D298214,1,9,0,18,0,0,5,0,1,10,1,1,6,1,31,6,1149,1,16,-1,-1
201431D298614,1,3,0,16,0,0,0,0,0,0,1,1,2,1,20,4,125,1,-1,10,2
201431D298614,2,9,0,17,0,0,1,0,0,0,1,1,6,1,28,6,-1,-1,-1,-1,1
201431D299314,1,9,0,3,0,1,0,0,0,0,2,1,6,1,23,5,1989,1,14,4,1
201431D299314,2,9,0,18,0,1,0,0,0,0,1,1,6,1,42,7,1598,2,3,5,1
201431D300214,1,9,0,16,0,1,0,10,0,0,3,1,6,1,45,7,1596,1,13,8,1
201431D300214,2,9,0,17,0,2,0,0,0,0,1,1,6,1,30,6,1198,1,5,-1,-1
201431D300814,1,2,0,18,0,0,1,0,0,0,3,1,6,1,17,4,49,1,1,5,2
201431D301114,1,5,0,18,0,8,0,0,0,0,1,1,6,1,51,8,599,1,11,-1,-1
201431D301414,1,4,0,4,0,8,1,0,0,0,1,1,6,1,28,6,124,1,-1,5,1
201431D301414,2,9,0,3,0,2,0,0,0,0,2,1,6,2,33,6,1242,1,12,5,1
201431D301614,1,4,0,17,0,2,0,0,1,9,1,1,6,1,24,5,124,1,6,2,1
201431D301914,1,9,0,18,0,0,0,0,0,0,1,1,6,1,24,5,1390,1,12,2,1
201431D301914,2,9,0,18,0,0,0,0,0,0,1,1,6,1,59,9,1560,2,5,8,1
201431D302114,1,9,0,18,0,8,1,0,1,4,1,1,6,1,45,7,1781,1,10,6,1
201431D302114,2,9,0,18,0,8,1,0,0,0,4,1,6,1,50,8,2993,2,-1,9,3
201431D302414,1,19,0,18,0,0,0,0,0,0,0,1,6,3,-1,-1,-1,-1,-1,-1,-1
201431D302414,2,9,0,18,0,0,1,0,1,10,1,1,6,1,32,6,1598,1,7,9,2
201431D302814,1,1,0,18,0,0,0,0,0,0,1,1,1,1,20,4,-1,-1,-1,2,1
201431D303214,1,9,0,9,0,6,0,0,0,0,1,1,6,1,29,6,1984,1,8,9,2
201431D303214,2,9,0,18,0,8,0,0,0,0,1,1,6,1,40,7,1461,2,11,5,1
201431D303714,1,9,0,4,0,1,0,0,0,0,1,1,6,1,45,7,1910,2,6,6,2
201431D303714,2,9,0,3,0,1,0,0,0,0,2,1,6,1,29,6,1995,2,4,4,1
201431D303814,1,9,0,9,0,6,0,0,0,0,1,1,6,1,57,9,1560,2,3,10,2
201431D303814,2,9,0,18,0,8,0,0,1,9,4,1,6,2,33,6,1299,1,12,3,1
201431D304014,1,9,0,18,0,8,0,0,0,0,1,1,2,2,40,7,1598,1,6,9,1
201431D304014,2,9,0,18,0,8,0,0,0,0,3,1,6,1,-1,-1,1398,1,4,8,1
201431D304714,1,9,0,18,0,8,0,0,0,0,1,1,6,3,-1,-1,1995,2,1,-1,-1
201431D304714,2,9,0,9,0,6,0,0,0,0,3,1,6,1,34,6,1984,1,9,-1,-1
201431D304814,1,9,0,18,0,0,1,4,7,0,1,1,2,1,21,5,2982,2,-1,7,1
201431D304814,2,9,0,2,0,0,0,0,0,0,2,1,6,3,-1,-1,2967,2,3,-1,-1
201431D305514,1,9,0,4,0,1,0,0,0,0,2,1,6,1,61,9,1598,1,7,10,1
201431D305514,2,19,0,18,0,1,0,0,0,0,1,1,1,1,-1,-1,1461,2,8,7,1
201431D305514,3,9,0,9,0,5,0,0,0,0,0,1,6,3,-1,-1,-1,-1,-1,-1,-1
201431D305614,1,9,0,18,0,1,0,0,0,0,3,1,6,1,18,4,973,1,14,9,2
201431D305914,1,9,0,14,0,0,0,0,0,0,1,1,6,2,23,5,1360,1,10,9,1
201431D305914,2,9,0,18,0,0,1,0,0,0,1,1,6,2,25,5,875,1,2,9,1
201431D306514,1,9,0,6,0,0,0,0,0,0,3,1,6,1,68,10,1598,1,4,2,2
201431D306514,2,5,0,13,0,0,1,0,0,0,1,1,6,1,24,5,598,1,23,-1,1
201431D307414,1,9,0,18,0,0,5,0,0,0,4,1,6,1,22,5,1390,1,4,5,1
201431D307514,1,3,0,13,0,8,0,0,0,0,1,1,6,1,45,7,124,1,4,9,2
201431D307514,2,9,0,9,0,5,0,0,0,0,3,1,6,2,47,8,2777,2,7,2,1
201431D307914,1,9,0,18,0,1,0,0,0,0,1,1,6,2,23,5,998,1,12,-1,1
201431D307914,2,9,0,3,0,1,0,0,0,0,2,1,6,2,67,10,1389,1,11,6,1
201431D308114,1,9,0,18,0,0,5,0,7,0,3,1,6,1,20,4,1753,2,9,5,1
201431D308514,1,9,0,9,0,6,0,0,0,0,3,1,6,2,52,8,998,1,7,9,1
201431D308514,2,9,0,16,0,1,0,0,0,0,1,1,6,1,21,5,1796,1,11,4,1
201431D309214,1,9,0,14,0,1,5,4,0,0,1,1,6,2,67,10,1341,1,12,8,1
201431D309214,2,9,0,2,0,1,0,0,0,0,1,1,6,3,-1,-1,1587,1,12,-1,-1
201431D310714,1,11,0,9,0,3,0,0,0,0,1,1,1,3,-1,-1,-1,-1,-1,-1,-1
201431D311314,1,9,0,7,0,8,0,0,0,0,1,1,6,1,-1,-1,-1,-1,-1,-1,-1
201431D312414,1,19,0,11,0,1,0,0,0,0,1,1,6,1,-1,-1,2499,2,1,7,3
201431D312414,2,9,0,7,0,1,0,10,0,0,2,1,1,1,20,4,4799,1,7,8,1
201431D313614,1,9,0,9,0,6,0,0,0,0,0,1,6,2,42,7,1240,1,11,6,1
201431D313614,2,11,0,18,0,8,0,0,0,0,0,1,1,1,29,6,4250,2,2,-1,1
201431D313814,1,9,0,14,0,1,0,0,0,0,2,1,2,1,29,6,1995,2,10,10,1
201431D313814,2,11,0,5,0,1,0,0,0,0,1,1,1,1,46,8,-1,-1,-1,-1,-1
201431D314814,1,9,0,14,0,0,0,0,0,0,3,1,6,3,-1,-1,998,1,3,-1,-1
201431D314814,2,9,0,14,0,0,0,0,0,0,3,1,6,2,-1,-1,1796,1,9,3,1
201431P010914,1,9,0,12,0,0,0,0,5,6,2,1,1,1,67,10,2993,2,2,8,1
201431P010914,2,9,0,18,0,0,0,0,0,0,1,1,6,1,24,5,1995,2,10,3,3
201431P012514,1,9,0,18,0,0,1,0,4,6,3,1,6,2,62,9,1149,1,4,-1,-1
201431P032914,1,9,0,18,0,0,1,0,7,7,1,1,6,2,30,6,1998,1,18,6,1