Accident_Index,Vehicle_Reference,Vehicle_Type,Towing_and_Articulation,Vehicle_Manoeuvre,Vehicle_Location-Restricted_Lane,Junction_Location,Skidding_and_Overturning,Hit_Object_in_Carriageway,Vehicle_Leaving_Carriageway,Hit_Object_off_Carriageway,1st_Point_of_Impact,Was_Vehicle_Left_Hand_Drive?,Journey_Purpose_of_Driver,Sex_of_Driver,Age_of_Driver,Age_Band_of_Driver,Engine_Capacity_(CC),Propulsion_Code,Age_of_Vehicle,Driver_IMD_Decile,Driver_Home_Area_Type
201431P047814,1,9,0,18,0,0,0,0,5,6,3,1,6,2,23,5,1398,2,9,4,1
201431P047814,2,21,1,18,0,0,0,0,0,0,1,1,1,1,63,9,6692,2,4,5,1
201431P070714,1,9,0,5,0,1,0,0,0,0,1,1,1,1,52,8,1598,2,3,7,1
201431P070714,2,9,0,4,0,1,0,0,0,0,2,1,1,1,50,8,1560,2,4,8,1
201431P080514,1,9,0,18,0,0,0,7,4,7,1,1,6,1,68,10,1349,1,5,3,1
201431P109414,1,9,0,18,0,0,0,0,0,0,1,1,2,2,52,8,1598,1,12,3,1
201431P109414,2,9,0,18,0,0,0,0,0,0,2,1,2,1,56,9,1560,2,5,3,2
201431P110714,1,9,0,18,0,0,0,0,1,7,3,1,6,2,25,5,1390,1,9,6,1
201431P122414,1,9,0,18,0,0,1,0,4,6,1,1,6,1,25,5,1997,2,14,7,1
201431P122414,2,21,1,18,0,0,0,0,0,0,2,1,1,1,50,8,12740,2,1,6,1
201431P125914,1,21,1,11,0,0,0,0,0,0,4,1,1,1,30,6,10518,2,9,7,3
201431P125914,2,9,0,18,0,0,1,0,5,6,3,1,2,1,23,5,1199,1,15,9,1
201431P137314,1,9,0,18,0,0,0,0,0,0,1,1,2,1,38,7,1596,1,7,6,1
201431P137314,2,9,0,18,0,0,0,0,0,0,1,1,1,1,40,7,1968,2,1,10,1
201431P137314,3,9,0,4,0,0,0,0,0,0,2,1,6,2,36,7,1995,2,-1,8,1
201431P138014,1,21,1,18,0,2,3,0,0,0,1,1,6,1,59,9,10518,2,1,1,1
201431P138014,2,21,0,18,0,2,0,0,0,0,2,1,6,1,26,6,12600,2,8,9,1
201431P157514,1,21,1,12,0,0,0,0,0,0,3,2,1,1,28,6,-1,-1,-1,-1,-1
201431P157514,2,9,0,18,0,0,0,0,1,7,4,1,1,2,49,8,-1,-1,-1,-1,-1
201431P167314,1,9,0,18,0,0,1,0,1,7,2,1,1,2,31,6,1364,1,6,1,1
201431P170514,1,9,0,18,0,0,1,7,1,7,4,1,6,2,52,8,1198,1,4,-1,-1
201431P173214,1,9,0,11,0,0,0,0,1,7,2,1,6,2,52,8,1910,2,7,9,1
201431P173214,2,21,1,18,0,0,0,0,0,0,1,2,1,1,35,6,-1,-1,-1,-1,-1
201431P179414,1,19,0,18,0,0,0,0,0,0,2,1,6,1,23,5,2198,2,2,6,2
201431P179414,2,9,0,18,0,0,0,0,0,0,1,1,6,2,26,6,998,1,3,4,1
201431P214614,1,21,1,18,0,0,0,0,0,0,1,1,1,1,-1,-1,12130,2,11,1,1
201431P214614,2,9,0,18,0,0,0,0,0,0,2,1,6,2,19,4,996,1,1,4,1
201431P227914,1,19,0,18,0,0,0,0,0,0,0,1,1,1,46,8,2402,2,2,2,2
201431P227914,2,5,0,18,0,0,0,11,0,0,1,1,6,1,49,8,996,1,11,10,1
201431P258114,1,19,0,12,0,0,0,0,0,0,1,1,1,1,36,7,1968,2,3,6,1
201431P258114,2,9,0,4,0,0,0,0,0,0,2,1,2,1,52,8,1968,2,3,8,3
201431P258114,3,9,0,4,0,0,0,0,0,0,2,1,2,2,28,6,1896,2,7,-1,-1
201431P258114,4,19,0,4,0,0,0,0,0,0,2,1,2,1,26,6,1560,2,1,1,1
201431P258114,5,9,0,4,0,0,0,0,0,0,2,1,2,2,35,6,1686,2,2,7,3
201431P280514,1,9,0,12,0,0,0,0,0,0,0,1,6,3,-1,-1,-1,-1,-1,-1,-1
201431P280514,2,9,0,12,0,0,0,0,0,0,0,1,6,1,17,4,998,1,19,7,1
201431P280514,3,9,0,18,0,0,0,0,2,6,3,1,2,2,36,7,1360,1,7,2,1
2014320000067,1,9,0,5,0,8,0,10,7,9,3,1,6,1,84,11,1360,1,12,6,1
2014320000067,2,9,0,18,0,8,0,0,0,0,1,1,6,2,24,5,-1,-1,-1,-1,-1
2014320000159,1,9,0,18,0,0,5,0,1,9,1,1,6,1,84,11,1461,2,2,-1,-1
2014320000259,1,9,0,16,0,0,0,0,0,0,1,1,6,1,71,10,2487,2,14,-1,-1
2014320000259,2,22,0,18,0,0,0,0,0,0,1,1,6,1,59,9,-1,-1,-1,5,2
2014320000485,1,90,0,1,0,0,0,0,0,0,2,1,6,1,-1,-1,-1,-1,-1,-1,-1
2014320000485,2,9,0,3,0,0,0,0,0,0,1,1,6,1,34,6,1796,1,9,4,1
2014320000511,1,9,0,18,0,0,0,0,1,0,1,1,6,2,35,6,-1,-1,-1,8,3
2014320000788,1,3,0,17,0,0,1,0,1,0,0,1,6,1,32,6,124,1,1,9,2
2014320000991,1,20,0,4,0,0,0,0,0,0,2,1,1,1,24,5,-1,-1,-1,8,1
2014320000991,2,20,0,4,0,0,1,0,0,0,1,1,1,1,22,5,-1,-1,-1,7,3
2014320001046,1,9,0,2,0,1,0,0,0,0,2,1,6,1,46,8,1896,2,19,2,1
2014320001046,2,9,0,18,0,1,1,0,0,0,1,1,6,1,41,7,1596,1,13,6,1
2014320001052,1,9,0,18,0,0,0,0,7,11,1,1,6,1,20,4,1242,1,7,4,3
2014320022563,1,5,0,18,0,1,0,0,7,2,1,1,6,1,52,8,-1,-1,-1,6,3
2014320022800,1,5,0,16,0,0,0,0,0,0,3,1,6,1,39,7,1043,1,-1,4,3
2014320022800,2,5,0,17,0,0,0,0,1,0,3,1,6,1,57,9,1284,1,8,1,3
2014320022801,1,1,0,18,0,0,0,0,0,10,0,1,6,2,28,6,-1,-1,-1,4,1
2014320022802,1,9,0,18,0,0,0,0,1,3,1,1,1,1,36,7,2184,2,8,6,1
2014320022803,1,9,0,5,0,8,0,0,0,0,3,1,6,2,18,4,1149,1,10,8,1
2014320022803,2,9,0,18,0,8,0,0,0,0,4,1,6,1,42,7,2204,2,10,3,1
2014320022803,3,9,0,2,0,8,0,0,0,0,2,1,6,3,-1,-1,1360,1,12,-1,-1
2014320022804,1,9,0,10,0,1,0,0,0,0,2,1,3,2,46,8,1560,2,5,6,3
2014320022804,2,9,0,18,0,1,0,0,0,0,1,1,6,1,-1,-1,1248,2,6,-1,-1
2014320022805,1,9,0,18,0,0,0,0,7,9,1,1,6,2,58,9,1199,1,13,4,2
2014320022890,1,9,0,18,0,0,0,0,0,0,1,1,6,2,86,11,1242,1,8,6,3
2014320022890,2,9,0,18,0,0,0,0,0,0,1,1,6,2,36,7,1896,2,11,8,3
2014320022903,1,9,0,18,0,1,0,0,0,0,1,1,6,1,73,10,1560,2,-1,-1,-1
2014320022903,2,9,0,9,0,5,0,0,0,0,3,1,6,2,59,9,1956,2,-1,2,3
2014320022934,1,9,0,18,0,0,0,0,0,0,1,1,6,1,58,9,1769,1,14,3,1
2014320022961,1,5,0,18,0,1,0,0,1,0,4,1,6,1,32,6,599,1,16,7,1
2014320022961,2,9,0,10,0,1,0,0,0,0,1,1,6,3,41,7,1598,1,7,9,1
2014320022980,1,9,0,18,0,2,0,0,0,0,4,1,6,1,-1,-1,2143,2,-1,-1,-1
2014320022980,2,1,0,5,0,2,0,0,0,0,2,1,1,1,35,6,-1,-1,-1,-1,-1
2014320022995,1,9,0,18,0,1,2,0,1,1,1,1,6,2,40,7,1242,1,13,7,2
2014320022996,1,9,0,3,0,1,0,0,0,0,4,1,1,2,19,4,2143,2,-1,4,1
2014320022996,2,1,0,4,9,1,0,0,0,0,1,1,1,2,59,9,-1,-1,-1,5,1
2014320023032,1,9,0,18,0,1,0,0,0,0,1,1,6,2,20,4,1242,1,14,7,3
2014320023032,2,19,0,10,0,1,0,0,0,0,2,1,6,2,28,6,-1,-1,-1,7,3
2014320023177,1,9,0,17,0,0,1,0,1,0,1,1,6,2,50,8,1390,1,8,7,3
2014320023211,1,3,0,18,0,1,0,0,0,0,1,1,6,1,21,5,124,1,10,7,1
2014320023211,2,9,0,10,0,1,0,0,0,0,1,1,6,1,22,5,-1,-1,-1,-1,-1
2014320023232,1,9,0,17,0,0,5,0,1,0,0,1,6,1,59,9,1997,2,1,3,2
2014320023235,1,9,0,16,0,0,5,10,1,4,1,1,6,1,17,4,1229,1,7,4,3
2014320023235,2,19,0,17,0,0,0,0,0,0,0,1,6,3,-1,-1,-1,-1,-1,-1,-1
2014320023281,1,9,0,18,0,0,0,0,2,4,1,1,6,1,28,6,-1,-1,-1,3,3
2014320023307,1,9,0,18,0,0,0,0,1,0,1,1,6,2,-1,-1,-1,-1,-1,-1,-1
2014320023307,2,9,0,9,0,0,1,0,0,2,2,1,6,2,41,7,1598,2,-1,-1,-1
2014320023307,3,9,0,18,0,0,0,0,0,0,2,1,6,2,-1,-1,-1,-1,-1,-1,-1
2014320023320,1,9,0,18,0,0,0,0,0,0,1,1,6,2,21,5,1149,1,8,6,1
2014320023320,2,19,0,4,0,0,0,0,0,0,2,1,6,1,22,5,1399,2,3,4,2
2014320023320,3,19,0,4,0,0,0,0,0,0,2,1,6,1,43,7,1461,2,2,2,1
2014320023334,1,9,0,3,0,2,0,0,0,0,1,1,6,1,44,7,1794,1,9,8,1
2014320023334,2,9,0,3,0,2,0,0,0,0,2,1,6,1,19,4,973,1,13,9,1
2014320023337,1,9,0,18,0,1,0,0,0,0,0,1,6,1,45,7,-1,-1,-1,-1,-1
2014320023354,1,5,0,13,0,0,2,0,1,0,1,1,6,1,24,5,599,1,16,4,2
2014320023354,2,9,0,18,0,0,0,0,0,0,1,1,6,2,51,8,1598,1,1,8,3
2014320023356,1,9,0,5,0,1,0,0,0,0,1,1,6,1,26,6,1582,2,4,8,1
2014320023356,2,9,0,3,0,1,0,0,0,0,2,1,6,2,43,7,1896,2,10,4,1
2014320023379,1,1,0,18,0,0,0,11,0,0,1,1,6,1,49,8,-1,-1,-1,5,3
2014320023423,1,9,0,13,0,1,0,0,0,0,4,1,2,1,43,7,1587,1,9,4,1
2014320023423,2,9,0,9,0,1,0,0,0,0,3,1,2,2,30,6,1598,2,3,7,1
2014320023491,1,5,0,18,0,1,0,0,0,0,1,1,6,1,36,7,599,1,10,5,3
2014320023491,2,9,0,9,0,1,0,0,0,0,3,1,6,1,49,8,2204,2,9,-1,1
2014320023500,1,9,0,18,0,0,0,4,0,0,1,1,1,1,65,9,1499,1,10,6,3
2014320023500,2,9,0,2,0,0,0,0,1,11,2,1,1,2,56,9,1199,1,15,4,3
2014320023506,1,9,0,1,0,0,0,0,0,0,2,1,6,1,94,11,1399,2,4,7,1
2014320023506,2,11,0,18,0,0,0,0,0,0,1,1,1,1,-1,-1,-1,-1,-1,-1,-1
2014320023508,1,9,0,18,0,0,1,0,0,0,1,1,6,1,50,8,1796,1,14,2,1
2014320023508,2,9,0,18,0,0,0,0,0,0,2,1,6,1,21,5,1242,1,13,-1,-1
2014320023508,3,9,0,18,0,0,0,0,0,0,2,1,6,1,54,8,2148,2,6,10,2
2014320023530,1,9,0,13,0,0,1,0,0,0,1,1,1,1,49,8,1598,1,1,4,3
2014320023530,2,5,0,16,0,0,5,0,1,4,1,1,6,1,47,8,918,1,17,4,3
2014320023530,3,9,0,17,0,0,0,0,0,0,0,1,6,2,64,9,-1,-1,-1,1,1
2014320023542,1,9,0,14,0,0,2,0,7,1,1,1,6,1,53,8,3456,8,1,6,1
2014320023542,2,9,0,4,0,0,0,0,0,0,1,1,6,1,61,9,1686,2,9,3,1
2014320023555,1,9,0,9,0,5,0,0,0,0,3,1,6,2,28,6,1956,2,1,8,3
2014320023555,2,3,0,18,0,1,0,0,0,0,3,1,6,1,17,4,-1,-1,-1,-1,-1
2014320023562,1,9,0,9,0,8,0,0,0,0,1,1,6,1,25,5,-1,-1,-1,9,2
2014320023562,2,1,0,9,0,1,0,0,0,0,1,1,6,1,61,9,-1,-1,-1,9,2
2014320023566,1,2,0,18,0,0,2,0,0,0,0,1,6,1,16,4,49,1,9,2,1
2014320023642,1,9,0,9,0,0,0,0,1,9,0,1,6,2,58,9,1560,2,5,4,3
2014320023642,2,9,0,18,0,0,0,0,1,11,1,1,6,1,61,9,1360,1,11,4,3
2014320023642,3,9,0,18,0,0,0,0,0,0,1,1,6,1,19,4,1149,1,13,4,3
2014320023733,1,9,0,9,0,8,0,0,0,0,3,1,6,2,27,6,-1,-1,-1,-1,2
2014320023733,2,9,0,18,0,8,0,0,0,0,1,1,6,2,18,4,1242,1,6,6,3
2014320023804,1,9,0,18,0,2,0,0,0,0,4,1,6,2,20,4,-1,-1,-1,10,1
2014320023804,2,9,0,9,0,1,0,0,0,0,1,1,6,2,43,7,-1,-1,-1,6,3
2014320023829,1,5,0,17,0,0,1,0,1,9,0,1,6,1,42,7,-1,-1,-1,9,3
2014320023863,1,21,1,17,0,0,0,0,1,9,1,1,1,1,27,6,12900,2,3,-1,-1
2014320023883,1,9,0,18,0,0,0,0,0,0,0,1,6,2,35,6,1198,1,4,5,1
2014320023883,2,9,0,13,0,0,2,0,7,0,1,1,1,1,25,5,1870,2,10,8,1
2014320023917,1,9,0,3,0,1,0,0,0,0,2,1,6,2,27,6,1799,1,4,7,3
2014320023917,2,9,0,3,0,1,0,0,0,0,2,1,6,1,73,10,1242,1,12,-1,1
2014320023917,3,9,0,3,0,1,0,0,0,0,2,1,6,2,29,6,1598,1,6,-1,1
2014320023917,4,9,0,18,0,1,0,0,0,0,1,1,6,1,74,10,2319,1,18,-1,1
2014320023962,1,9,0,18,0,2,0,0,0,0,0,1,6,1,28,6,-1,-1,-1,-1,-1
2014320023999,1,9,0,18,0,1,0,0,0,0,3,1,6,2,43,7,-1,-1,-1,5,3
2014320023999,2,9,0,5,0,2,0,0,0,0,1,1,6,1,59,9,-1,-1,-1,5,3
2014320024032,1,9,0,16,0,0,1,0,1,9,3,1,2,1,29,6,1396,1,10,10,1
2014320024039,1,9,0,5,0,6,0,0,0,0,1,1,6,2,53,8,1198,1,2,-1,1
2014320024039,2,3,0,15,0,1,0,0,0,0,1,1,6,1,56,9,124,1,6,3,1
2014320024061,1,19,0,18,0,1,0,0,0,0,1,1,1,1,63,9,2402,2,6,9,1
2014320024061,2,9,0,18,0,1,0,0,0,0,2,1,6,2,54,8,998,1,5,9,2
2014320024093,1,9,0,18,0,1,0,0,0,0,1,1,1,1,64,9,2982,2,7,6,3
2014320024093,2,19,0,18,0,1,0,0,0,0,2,1,1,1,54,8,-1,-1,-1,8,1
2014320024186,1,9,0,18,0,0,0,0,7,4,1,1,6,1,64,9,-1,-1,-1,6,1
2014320024196,1,9,0,18,0,1,0,0,0,0,1,1,6,1,80,11,1596,1,3,4,1
2014320024196,2,9,0,3,0,1,0,0,0,0,2,1,6,2,40,7,1364,1,5,2,1
2014320024209,1,9,0,18,0,0,0,0,0,0,1,1,6,1,18,4,1242,1,8,5,1
2014320024216,1,9,0,16,0,0,2,0,1,10,4,1,6,1,17,4,1360,1,11,2,1
2014320024288,1,9,0,9,0,6,0,0,0,0,1,1,1,2,52,8,1997,2,8,5,3
2014320024288,2,9,0,18,0,8,5,0,0,0,4,1,6,1,71,10,1796,1,11,6,3
2014320024294,1,9,0,18,0,0,0,0,0,0,1,2,6,3,-1,-1,-1,-1,-1,-1,-1
2014320024324,1,1,0,18,0,0,0,0,1,9,0,1,6,1,55,8,-1,-1,-1,5,3
2014320024419,1,3,0,18,0,1,0,0,0,0,1,1,6,1,21,5,125,1,-1,4,1
2014320024419,2,3,0,10,0,1,0,0,0,0,2,1,6,1,20,4,-1,-1,-1,5,3
2014320024480,1,9,0,18,0,0,0,7,1,0,1,1,2,1,47,8,1749,1,11,6,3
2014320024509,1,19,0,18,0,8,0,0,0,0,3,1,6,2,32,6,-1,-1,-1,-1,1
2014320024509,2,5,0,18,0,8,0,0,0,0,1,1,6,1,39,7,1130,1,13,8,1
2014320024526,1,9,0,14,0,1,0,0,0,0,0,1,6,1,30,6,1840,1,14,6,1
2014320024526,2,3,0,18,0,3,5,0,0,0,0,1,6,1,28,6,124,1,3,2,1
2014320024542,1,9,0,18,0,0,1,4,0,0,1,1,6,1,39,7,1242,1,13,3,1
2014320024542,2,9,0,2,0,0,0,0,0,0,2,1,6,1,69,10,1992,2,6,6,3
2014320024543,1,9,0,18,0,8,0,0,0,0,1,1,6,1,79,11,1586,1,-1,5,3
2014320024543,2,9,0,17,0,8,0,0,0,0,4,1,6,2,24,5,1360,1,11,4,3
2014320024546,1,1,0,18,0,1,0,0,0,0,0,1,1,1,28,6,-1,-1,-1,3,1
2014320024548,1,9,0,18,0,8,0,0,0,0,1,1,2,2,43,7,1997,2,13,5,2
2014320024548,2,1,0,18,0,8,0,0,0,0,4,1,6,2,17,4,-1,-1,-1,8,1
2014320024576,1,9,0,18,0,0,0,0,7,0,3,1,6,2,54,8,1364,1,5,7,3
2014320024576,2,21,0,18,0,0,0,0,7,9,3,1,1,1,64,9,7146,2,2,9,2
2014320024579,1,9,0,13,0,0,2,0,1,3,1,1,6,1,24,5,1997,2,13,4,2
2014320024579,2,9,0,18,0,0,0,0,0,0,0,1,6,2,46,8,998,1,2,5,2
2014320024633,1,9,0,18,0,0,0,0,1,3,1,1,1,2,19,4,1397,1,14,4,2
2014320024645,1,9,0,9,0,6,0,0,0,0,1,1,6,2,81,11,1296,1,7,8,3
2014320024645,2,9,0,18,0,1,1,0,0,0,1,1,6,2,22,5,1749,1,12,9,3
2014320024691,1,11,0,18,0,2,0,0,0,0,4,1,1,1,50,8,9000,2,4,-1,-1
2014320024707,1,9,0,18,0,0,0,0,0,0,4,1,6,2,-1,-1,2976,1,9,-1,-1
2014320024727,1,9,0,18,0,2,0,0,0,0,1,1,6,2,37,7,1997,2,12,-1,-1
2014320024727,2,9,0,3,0,2,0,0,0,0,3,1,6,1,37,7,3246,1,9,5,3
2014320024739,1,9,0,18,0,4,0,0,0,0,1,1,6,3,-1,-1,-1,-1,-1,-1,-1
2014320024739,2,9,0,18,0,8,0,0,0,0,4,1,3,2,32,6,1753,2,8,10,1
2014320024744,1,21,1,13,0,0,0,0,0,0,4,2,1,1,56,9,-1,-1,-1,-1,-1
2014320024744,2,9,0,18,0,0,1,0,1,4,3,1,6,2,87,11,1598,1,3,4,1
2014320024745,1,3,0,17,0,0,5,0,1,9,1,1,6,1,19,4,124,1,2,6,3
2014320024782,1,3,0,18,0,0,0,0,7,0,0,1,6,1,17,4,124,1,1,4,2
2014320024877,1,9,0,18,0,0,0,0,0,0,3,1,6,1,26,6,1360,1,13,2,1
2014320024877,2,9,0,4,0,0,0,0,0,0,1,1,6,2,21,5,1560,2,7,3,3
2014320024982,1,3,0,18,0,0,0,0,0,0,3,1,6,2,29,6,-1,-1,-1,3,1
2014320025003,1,9,0,2,0,0,0,0,0,0,2,1,6,2,50,8,1248,2,5,9,1
2014320025003,2,1,0,18,0,0,0,0,0,0,1,1,6,1,74,10,-1,-1,-1,10,2
2014320025028,1,9,0,5,0,3,0,0,0,0,4,1,6,1,-1,-1,-1,-1,-1,-1,-1
2014320025028,2,9,0,18,0,3,0,0,0,0,1,1,6,1,66,10,1995,2,2,7,3
2014320025048,1,9,0,16,0,0,1,0,1,1,1,1,6,1,52,8,1598,1,4,5,1
2014320025088,1,9,0,18,0,0,0,0,0,0,4,1,6,1,57,9,2400,2,-1,4,1
2014320025137,1,9,0,13,0,1,0,0,0,0,0,1,6,1,-1,-1,1598,2,3,-1,-1
2014320025137,2,9,0,18,0,1,0,0,0,0,0,1,6,2,28,6,1596,1,3,4,1
2014320025191,1,9,0,9,0,6,0,0,1,0,3,1,1,1,65,9,-1,-1,-1,9,1
2014320025191,2,20,0,18,0,8,0,0,0,0,1,1,6,1,28,6,-1,-1,-1,1,1
2014320025206,1,5,0,17,0,8,1,10,3,0,0,1,6,1,40,7,-1,-1,-1,9,1
2014320025247,1,9,0,8,0,2,0,0,0,0,1,2,6,1,28,6,1596,1,13,2,1
2014320025247,2,9,0,18,0,1,0,0,0,0,1,2,6,2,25,5,1199,1,13,2,1
2014320025287,1,9,0,18,0,0,0,0,0,0,0,1,6,3,-1,-1,-1,-1,-1,-1,-1
2014320025287,2,9,0,18,0,0,2,0,1,9,1,1,2,2,18,4,1240,1,11,5,3
2014320025309,1,9,0,18,0,0,0,0,0,0,3,1,6,1,-1,-1,-1,-1,-1,4,1
2014320025309,2,9,0,18,0,0,0,0,0,0,3,1,6,2,41,7,1686,2,13,6,3
2014320025409,1,19,0,7,0,8,0,0,0,0,4,1,6,1,26,6,1910,2,10,-1,1
2014320025409,2,1,0,18,4,8,0,0,0,0,1,1,6,2,33,6,-1,-1,-1,8,1
2014320025446,1,1,0,18,0,0,0,0,1,0,3,1,6,1,47,8,-1,-1,-1,-1,-1
2014320025446,2,1,0,18,0,0,0,0,0,0,4,1,6,3,-1,-1,-1,-1,-1,-1,-1
2014320025457,1,9,0,18,0,0,1,0,1,3,1,1,6,1,24,5,-1,-1,-1,1,1
2014320025463,1,9,0,18,0,0,1,0,0,0,1,1,6,1,26,6,1596,1,2,1,1
2014320025463,2,9,0,18,0,0,1,0,0,0,1,1,6,1,65,9,-1,-1,-1,6,3
2014320025466,1,9,0,18,0,8,0,0,0,0,1,1,6,2,64,9,1984,1,11,3,1
2014320025466,2,9,0,9,0,8,0,0,0,0,3,1,2,2,26,6,1800,1,15,9,3
2014320025478,1,9,0,18,0,1,0,0,0,0,1,1,6,2,-1,-1,-1,-1,-1,10,1
2014320025478,2,1,0,18,0,1,0,0,0,0,1,1,6,1,-1,-1,-1,-1,-1,10,1
2014320025628,1,9,0,9,0,2,0,0,0,0,3,1,6,2,73,10,999,1,2,6,1
2014320025628,2,1,0,18,0,8,0,0,0,0,1,1,6,1,40,7,-1,-1,-1,5,1
2014320025676,1,9,0,4,0,1,0,0,0,0,4,2,6,1,47,8,1597,1,20,5,1
2014320025700,1,9,0,18,0,1,0,0,0,0,1,1,6,2,38,7,1390,1,14,7,1
2014320025700,2,9,0,4,0,1,0,0,0,0,2,1,6,1,29,6,1368,1,4,2,1
2014320025780,1,9,0,5,0,1,0,0,0,0,1,1,6,1,49,8,1956,2,1,5,3
2014320025780,2,1,0,18,0,1,0,0,0,0,4,1,6,2,48,8,-1,-1,-1,6,1
2014320025840,1,9,0,4,0,0,0,0,0,0,2,1,6,1,19,4,973,1,16,-1,-1
2014320025840,2,2,0,18,0,0,0,0,0,0,1,1,6,1,17,4,49,1,5,5,3
2014320025868,1,4,0,18,0,1,5,0,0,0,4,1,6,1,67,10,649,1,4,9,3
2014320025915,1,9,0,18,0,0,0,0,0,0,3,1,6,1,79,11,1493,2,8,5,3
2014320025915,2,21,1,18,0,0,3,0,1,4,3,1,1,2,48,8,11705,2,10,4,1
2014320025918,1,5,0,13,0,0,2,0,7,0,1,1,2,1,40,7,600,1,21,4,1
2014320025918,2,9,0,9,0,0,0,0,0,0,3,1,1,2,24,5,-1,-1,-1,6,3
2014320025924,1,5,0,9,0,5,0,0,0,0,3,1,6,1,25,5,800,1,-1,8,1
2014320025924,2,8,0,14,0,1,0,0,0,0,4,2,6,1,43,7,-1,-1,-1,7,1
2014320025929,1,9,0,18,0,1,0,0,0,0,1,1,6,1,25,5,998,1,1,9,1
2014320025929,2,9,0,18,0,1,0,0,0,0,2,1,6,2,-1,-1,1598,1,9,1,1
2014320025952,1,9,0,5,0,1,0,0,0,0,1,1,2,2,29,6,1598,1,11,-1,1
2014320025952,2,1,0,18,0,8,0,0,0,0,1,1,6,1,22,5,-1,-1,-1,2,1
2014320025953,1,9,0,5,0,6,0,0,0,0,1,1,6,2,80,11,1242,1,1,10,2
2014320025953,2,9,0,4,0,1,0,0,0,0,4,1,6,2,17,4,1461,2,3,9,3
2014320025969,1,9,0,18,0,0,0,0,7,0,1,1,6,1,35,6,-1,-1,-1,3,3
2014320026042,1,9,0,18,0,1,0,4,0,0,1,1,1,1,58,9,1991,2,8,7,1
2014320026042,2,19,4,4,0,1,0,0,0,0,2,1,6,1,53,8,1998,2,10,7,2
2014320026079,1,9,0,18,0,1,0,0,3,11,1,1,6,2,79,11,996,1,5,3,3
2014320026079,2,9,0,18,0,1,0,0,1,11,1,1,6,1,32,6,1985,1,14,4,2
2014320026089,1,9,0,18,0,0,1,0,7,0,3,1,6,2,43,7,1951,2,11,7,3
2014320026089,2,9,0,18,0,0,1,0,1,0,3,1,6,1,80,11,-1,-1,-1,7,3
2014320026089,3,9,0,18,0,0,1,0,1,0,0,1,6,1,76,11,1997,2,1,9,1
2014320026089,4,9,0,18,0,0,1,0,1,0,4,1,6,1,42,7,1995,2,1,1,1
2014320026098,1,2,0,15,0,1,1,0,0,0,1,1,6,1,16,4,49,1,5,5,3
2014320026098,2,9,0,18,0,2,0,0,0,0,1,2,6,1,65,9,1994,2,5,8,1
2014320026102,1,9,0,9,0,8,0,0,0,0,3,1,6,2,66,10,1596,1,9,-1,-1
2014320026102,2,9,0,18,0,8,0,0,0,0,1,1,6,1,44,7,1598,1,5,5,1
2014320026142,1,1,0,18,9,8,0,0,0,0,1,1,6,1,26,6,-1,-1,-1,-1,1
2014320026142,2,9,0,10,9,6,0,0,0,0,3,1,6,1,64,9,1360,1,1,7,1
2014320026256,1,1,0,18,5,0,0,0,0,0,1,1,6,1,17,4,-1,-1,-1,3,1
2014320026256,2,9,0,18,5,0,0,0,0,0,3,1,6,2,41,7,1998,2,4,10,1
2014320026262,1,9,0,18,0,0,0,0,0,0,0,1,6,3,-1,-1,-1,-1,-1,-1,-1
2014320026262,2,9,0,18,0,0,0,0,0,0,2,1,6,1,35,6,1870,2,12,10,2
2014320026262,3,9,0,18,0,0,0,0,0,0,1,1,6,1,45,7,1910,2,8,4,1
2014320026262,4,9,0,18,0,0,0,0,0,0,1,1,6,2,29,6,1968,2,5,5,1
2014320026265,1,9,0,1,9,1,0,0,1,11,2,1,6,2,21,5,1199,1,13,2,1
2014320026349,1,9,0,18,0,0,0,0,0,0,0,1,6,2,39,7,1360,1,8,6,1
2014320026349,2,3,0,18,0,0,0,0,1,9,4,1,2,1,21,5,-1,-1,-1,4,2
2014320026371,1,8,0,16,0,1,0,0,0,0,1,1,6,1,50,8,-1,-1,-1,2,1
2014320026371,2,9,0,10,0,1,0,0,0,0,2,1,6,2,50,8,1364,2,6,3,1
2014320026443,1,3,0,14,0,1,0,0,0,0,1,1,2,1,19,4,125,1,1,5,3
2014320026443,2,19,0,2,0,2,0,0,0,0,3,1,6,3,-1,-1,-1,-1,-1,-1,-1
2014320026464,1,9,0,3,0,1,0,0,0,0,4,1,6,2,32,6,1299,1,13,5,1
2014320026477,1,3,0,4,0,1,0,0,0,0,1,1,6,1,20,4,124,1,-1,6,3
2014320026477,2,9,0,3,0,1,0,0,0,0,2,1,6,1,18,4,998,1,12,6,3
2014320026482,1,8,0,17,0,1,2,10,0,7,1,1,1,1,28,6,1995,2,3,2,1
2014320026502,1,97,0,9,0,0,2,0,1,1,1,1,6,1,41,7,-1,-1,-1,-1,2
2014320026531,1,9,0,3,0,0,0,0,0,0,0,1,6,2,18,4,1198,1,9,9,2
2014320026531,2,9,0,18,0,0,1,0,0,0,1,1,6,1,-1,-1,-1,-1,-1,7,2