Accident_Index,Vehicle_Reference,Vehicle_Type,Towing_and_Articulation,Vehicle_Manoeuvre,Vehicle_Location-Restricted_Lane,Junction_Location,Skidding_and_Overturning,Hit_Object_in_Carriageway,Vehicle_Leaving_Carriageway,Hit_Object_off_Carriageway,1st_Point_of_Impact,Was_Vehicle_Left_Hand_Drive?,Journey_Purpose_of_Driver,Sex_of_Driver,Age_of_Driver,Age_Band_of_Driver,Engine_Capacity_(CC),Propulsion_Code,Age_of_Vehicle,Driver_IMD_Decile,Driver_Home_Area_Type
2014320026532,1,9,0,18,0,0,0,0,0,0,1,1,6,2,58,9,1390,1,9,1,1
2014320026571,1,9,0,18,0,0,0,0,0,0,1,1,1,1,31,6,1896,2,9,4,1
2014320026622,1,9,0,1,0,1,0,0,0,0,2,1,6,2,47,8,-1,-1,-1,-1,-1
2014320026626,1,9,0,18,0,3,0,0,0,0,1,1,6,1,54,8,1997,2,-1,5,3
2014320026626,2,9,0,18,0,3,0,0,0,0,1,1,6,1,61,9,1360,1,14,1,1
2014320026659,1,9,0,18,0,1,1,0,0,0,1,1,6,1,39,7,1995,1,13,3,1
2014320026659,2,9,0,9,0,6,0,0,0,7,3,1,6,1,84,11,-1,-1,-1,6,3
2014320026748,1,9,0,18,0,0,0,0,0,0,1,1,6,3,-1,-1,-1,-1,-1,-1,-1
2014320026769,1,5,0,17,0,2,0,0,1,9,1,1,6,1,26,6,599,1,12,3,1
2014320026769,2,5,0,17,0,2,0,0,0,0,1,1,6,1,29,6,599,1,12,7,1
2014320026952,1,19,0,2,0,0,0,0,0,0,4,1,1,1,40,7,2198,2,6,6,1
2014320026952,2,1,0,18,9,0,0,0,0,0,1,1,6,2,20,4,-1,-1,-1,1,1
2014320026962,1,90,0,18,0,6,0,0,0,0,1,1,1,1,56,9,-1,-1,-1,6,3
2014320026962,2,98,0,18,0,8,5,0,0,0,3,1,6,1,38,7,-1,-1,-1,5,3
2014320027002,1,1,0,18,0,8,0,0,0,0,2,1,2,1,36,7,-1,-1,-1,10,2
2014320027002,2,9,0,18,0,1,0,0,0,0,1,1,6,2,37,7,1560,2,2,5,1
2014320027011,1,9,0,18,0,0,0,0,7,10,1,1,6,2,21,5,998,1,7,5,3
2014320027015,1,9,0,18,0,0,2,0,1,0,3,1,6,1,67,10,1956,2,2,7,1
2014320027024,1,9,0,5,0,6,0,0,0,0,3,1,6,1,68,10,-1,-1,-1,1,1
2014320027024,2,9,0,18,0,8,0,0,0,0,1,1,6,1,79,11,1489,1,16,-1,1
2014320027041,1,21,0,18,0,0,0,0,1,9,4,1,1,1,52,8,12740,2,4,6,1
2014320027080,1,9,0,18,0,1,2,7,1,10,1,1,6,1,22,5,1998,1,10,1,1
2014320027080,2,8,0,9,0,2,0,0,0,0,4,1,1,1,41,7,1910,2,6,3,1
2014320027150,1,21,0,5,0,8,0,0,0,0,2,1,1,1,64,9,8970,2,10,8,1
2014320027150,2,19,0,16,0,8,1,0,0,0,1,1,1,1,42,7,1686,2,10,5,3
2014320027171,1,9,0,4,0,1,0,0,0,0,1,1,1,2,55,8,1242,1,3,8,1
2014320027171,2,9,0,4,0,1,0,0,0,0,2,1,6,2,58,9,1896,2,7,4,3
2014320027171,3,9,0,18,0,1,0,0,0,0,2,1,6,1,33,6,2720,2,8,5,3
2014320027192,1,9,0,9,0,1,5,0,1,0,4,1,6,1,17,4,1108,1,13,4,3
2014320027192,2,9,0,18,0,1,1,0,0,0,1,1,6,1,22,5,1781,1,22,2,1
2014320027196,1,9,0,9,0,1,0,0,0,0,3,1,2,1,24,5,-1,-1,-1,2,1
2014320027196,2,2,0,18,0,1,0,0,0,0,1,1,2,1,16,4,49,1,5,8,1
2014320027207,1,9,0,16,0,1,0,0,0,0,2,1,6,2,20,4,1586,1,7,4,1
2014320027207,2,9,0,16,0,1,0,0,0,0,1,1,6,2,65,9,-1,-1,-1,7,3
2014320027245,1,9,0,17,0,8,0,0,1,10,4,1,6,1,28,6,1598,1,1,3,1
2014320027284,1,5,0,17,0,0,0,0,1,1,1,1,6,1,41,7,600,1,15,9,2
2014320027320,1,9,0,13,0,0,0,0,0,0,4,1,1,2,56,9,2494,1,14,9,3
2014320027320,2,9,0,18,0,0,0,0,0,0,3,1,6,1,83,11,2497,2,9,7,3
2014320027320,3,21,1,18,0,0,0,0,0,0,3,1,1,1,38,7,12777,2,4,-1,-1
2014320027328,1,9,0,13,0,2,0,0,1,2,3,1,2,1,22,5,1988,1,12,6,3
2014320027335,1,9,0,7,0,2,0,0,0,0,4,1,6,1,70,10,1997,2,15,6,3
2014320027335,2,9,0,18,0,8,0,0,1,11,3,1,2,2,31,6,1968,2,8,-1,-1
2014320027400,1,9,0,18,0,0,0,0,0,0,1,1,6,1,79,11,1388,1,3,6,1
2014320027400,2,9,0,4,0,0,0,0,0,0,2,1,6,1,22,5,1598,1,5,4,3
2014320027400,3,9,0,4,0,0,0,0,0,0,2,1,6,1,53,8,-1,-1,-1,6,2
2014320027400,4,9,0,4,0,0,0,0,0,0,2,1,6,1,43,7,2199,2,1,10,2
2014320027432,1,1,0,18,0,0,0,0,0,0,0,1,6,1,56,9,-1,-1,-1,4,3
2014320027534,1,9,0,18,0,3,1,0,5,0,3,1,2,1,29,6,-1,-1,-1,6,1
2014320027603,1,9,0,18,0,0,0,0,0,0,1,1,6,1,36,7,1997,2,11,5,1
2014320027603,2,9,0,10,0,0,0,0,0,0,2,1,3,2,46,8,1896,2,11,-1,-1
2014320027642,1,9,0,16,0,8,1,0,1,9,3,1,6,2,21,5,1149,1,13,6,1
2014320027642,2,9,0,16,0,8,1,0,1,9,4,1,6,1,49,8,1997,2,10,1,1
2014320027652,1,9,0,16,0,8,0,0,0,0,1,1,6,1,24,5,1596,1,14,5,3
2014320027652,2,9,0,17,0,8,0,0,0,0,1,1,6,1,22,5,1998,2,13,3,3
2014320027696,1,9,0,18,0,0,0,0,0,0,4,1,1,1,44,7,1896,2,17,-1,1
2014320027701,1,9,0,5,0,6,0,0,0,0,1,2,6,1,25,5,-1,-1,-1,-1,-1
2014320027701,2,9,0,18,0,8,0,0,0,0,1,1,6,2,56,9,1896,2,12,2,1
2014320027803,1,9,0,18,0,2,0,0,1,11,1,1,6,1,28,6,1781,1,13,-1,-1
2014320027882,1,9,0,7,0,6,0,0,0,0,0,1,6,3,-1,-1,2143,2,-1,-1,-1
2014320027882,2,1,0,18,0,1,1,0,0,0,0,1,6,1,20,4,-1,-1,-1,-1,1
2014320027893,1,9,0,4,0,0,0,0,0,0,1,1,6,1,42,7,1995,2,8,1,1
2014320027893,2,9,0,3,0,0,0,0,0,0,2,1,6,1,63,9,1997,2,1,9,2
2014320027893,3,9,0,3,0,0,0,0,0,0,2,1,6,1,45,7,1299,1,12,9,2
2014320027907,1,9,0,10,0,1,0,0,0,0,3,1,6,2,25,5,1598,1,6,4,3
2014320027907,2,9,0,18,0,1,0,0,0,0,1,1,6,1,67,10,1686,2,-1,3,2
2014320027911,1,9,0,7,4,5,0,0,0,0,4,1,6,1,31,6,3246,1,10,-1,1
2014320027911,2,1,0,18,4,8,0,0,0,0,1,1,6,1,74,10,-1,-1,-1,3,1
2014320027916,1,1,0,18,0,1,0,0,0,0,4,1,1,1,30,6,-1,-1,-1,8,1
2014320027916,2,9,0,3,0,1,0,0,0,0,3,1,6,3,-1,-1,2987,2,3,-1,-1
2014320027916,3,9,0,3,0,1,0,0,0,0,2,1,6,1,-1,-1,1798,8,1,-1,-1
2014320027996,1,9,0,3,0,4,0,0,0,0,1,1,6,2,24,5,1198,1,1,7,3
2014320027996,2,90,0,3,0,4,0,0,0,0,1,1,6,3,-1,-1,-1,-1,-1,-1,-1
2014320027996,3,90,0,3,0,4,0,0,0,0,2,1,6,2,-1,-1,-1,-1,-1,-1,-1
2014320028007,1,3,0,18,0,0,1,0,1,0,4,1,6,1,19,4,125,1,1,-1,-1
2014320028019,1,8,0,18,0,2,0,0,0,0,1,1,1,1,48,8,1896,2,6,4,3
2014320028035,1,10,0,4,0,4,0,0,0,0,0,1,3,1,48,8,-1,-1,-1,-1,-1
2014320028036,1,3,0,18,0,0,0,0,0,0,0,1,1,1,49,8,125,1,3,9,3
2014320028052,1,9,0,18,0,0,0,0,0,0,1,1,6,2,37,7,1598,1,9,8,3
2014320028052,2,9,5,18,0,0,0,0,0,0,1,1,1,1,58,9,-1,-1,-1,8,1
2014320028052,3,9,0,4,0,0,0,0,0,0,2,1,6,2,41,7,-1,-1,-1,9,3
2014320028079,1,20,4,15,0,1,1,0,0,0,4,1,1,1,37,7,-1,-1,-1,3,1
2014320028079,2,1,0,18,0,1,2,0,0,0,1,1,6,1,64,9,-1,-1,-1,7,1
2014320028129,1,19,0,18,0,1,1,0,0,0,1,1,1,1,27,6,1896,2,12,6,2
2014320028129,2,9,0,10,0,1,0,0,0,0,2,1,6,1,30,6,3456,8,8,-1,-1
2014320028143,1,1,0,18,0,8,0,0,0,0,4,1,6,1,11,3,-1,-1,-1,8,1
2014320028143,2,9,0,18,0,8,0,0,0,0,1,1,6,2,41,7,1242,1,14,9,1
2014320028174,1,9,0,16,0,0,2,12,1,10,1,1,2,2,31,6,1242,1,3,4,1
2014320028198,1,9,0,18,0,0,0,0,7,10,1,1,6,1,20,4,998,1,17,8,3
2014320028198,2,9,0,18,0,0,5,0,7,10,1,1,6,1,27,6,1975,1,10,6,3
2014320028291,1,9,0,9,0,5,0,0,0,0,3,1,3,2,36,7,2993,2,3,6,2
2014320028402,1,9,0,5,0,2,0,0,0,0,0,1,4,1,45,7,1968,2,5,4,1
2014320028565,1,9,0,9,0,1,0,0,0,0,3,1,2,1,21,5,1398,1,4,10,3
2014320028565,2,3,0,18,0,1,1,0,0,0,1,1,6,1,23,5,124,1,15,8,1
2014320028602,1,9,0,5,0,1,0,0,0,0,0,1,6,2,83,11,996,1,4,6,3
2014320028602,2,21,1,18,0,1,0,0,0,0,1,1,1,1,46,8,11000,2,13,5,1
2014320028620,1,9,0,5,0,3,0,0,0,0,3,1,6,1,74,10,1796,1,8,6,3
2014320028620,2,5,0,18,0,8,0,0,0,0,1,1,6,1,20,4,659,1,10,7,3
2014320028624,1,9,0,18,0,0,0,0,0,0,1,1,6,1,64,9,998,1,8,6,1
2014320028624,2,9,0,4,0,0,0,0,0,0,1,1,2,2,34,6,1598,2,3,-1,1
2014320028633,1,9,0,1,0,0,0,0,0,0,0,1,1,1,35,6,1956,2,1,2,1
2014320028638,1,9,0,7,0,2,0,0,0,0,1,1,1,2,25,5,2143,2,-1,-1,-1
2014320028638,2,1,0,18,4,1,0,0,0,0,1,1,1,1,32,6,-1,-1,-1,8,1
2014320028640,1,9,0,13,0,0,0,0,0,0,1,1,6,1,34,6,1998,1,10,5,3
2014320028640,2,9,0,18,0,0,0,0,0,0,2,1,6,2,43,7,1560,2,-1,5,3
2014320028807,1,9,0,12,0,1,1,0,0,0,3,1,6,1,65,9,1984,2,1,9,2
2014320028807,2,11,0,18,0,2,0,0,0,0,3,1,1,1,52,8,3900,2,9,4,1
2014320028807,3,9,0,3,0,1,0,0,0,0,3,1,6,1,31,6,1796,1,3,6,1
2014320028807,4,9,0,3,0,1,0,0,0,0,2,1,6,1,45,7,2198,1,13,9,1
2014320028824,1,20,0,18,0,0,2,0,1,0,1,1,1,1,40,7,5480,2,8,-1,-1
2014320028829,1,9,0,18,0,1,0,0,0,0,1,1,3,2,34,6,-1,-1,-1,7,2
2014320028829,2,8,0,3,0,1,0,0,0,0,2,1,1,1,55,8,1998,2,8,3,1
2014320028858,1,9,0,18,0,0,0,0,0,0,1,1,6,1,60,9,1896,2,12,1,1
2014320028858,2,9,0,4,0,0,0,0,1,0,2,1,6,1,20,4,973,1,14,-1,-1
2014320028858,3,9,0,14,0,0,0,0,0,0,0,1,1,1,40,7,2993,2,3,-1,-1
2014320028858,4,9,0,18,0,0,0,0,0,0,0,1,1,1,50,8,-1,-1,-1,-1,-1
2014320028861,1,98,1,18,0,1,0,0,0,0,4,1,6,1,-1,-1,-1,-1,-1,-1,-1
2014320028861,2,9,0,8,0,1,0,0,0,0,3,1,6,1,52,8,-1,-1,-1,9,1
2014320028885,1,9,0,17,0,0,0,0,1,2,1,1,6,2,38,7,-1,-1,-1,1,1
2014320028942,1,9,0,18,0,8,1,0,3,9,1,1,6,1,19,4,998,1,14,4,2
2014320028942,2,9,0,18,0,8,0,0,0,0,0,1,1,1,36,7,1686,2,1,-1,-1
2014320028957,1,9,0,7,0,8,0,0,1,0,1,1,6,2,42,7,-1,-1,-1,4,3
2014320028957,2,9,0,17,0,8,5,0,0,0,4,1,6,2,48,8,996,1,1,3,3
2014320029027,1,10,0,18,0,0,0,0,0,0,0,1,6,3,-1,-1,-1,-1,-1,-1,-1
2014320029027,2,9,0,18,0,0,0,0,0,0,1,1,6,3,71,10,1560,2,1,6,1
2014320029046,1,9,0,18,0,0,2,0,7,9,1,1,6,2,18,4,1242,1,3,5,3
2014320029084,1,9,0,18,0,8,0,0,0,0,1,1,2,1,43,7,-1,-1,-1,5,3
2014320029084,2,9,0,9,0,8,0,0,0,0,2,1,6,2,34,6,-1,-1,-1,3,1
2014320029116,1,9,0,5,0,4,0,0,0,0,2,1,6,3,30,6,-1,-1,-1,-1,-1
2014320029116,2,9,0,5,0,4,0,0,0,0,1,1,1,2,30,6,-1,-1,-1,1,1
2014320029141,1,9,0,18,0,0,0,0,0,0,1,1,2,1,38,7,1753,2,13,4,2
2014320029141,2,9,0,4,0,0,0,0,0,0,2,1,6,2,56,9,1328,1,9,4,3
2014320029141,3,9,0,4,0,0,0,0,0,0,2,1,2,1,27,6,1388,1,10,4,3
2014320029221,1,19,0,18,0,3,2,0,1,1,1,1,6,2,53,8,2497,2,3,9,1
2014320029221,2,9,0,18,0,3,0,0,0,0,0,1,6,1,31,6,1399,2,7,7,3
2014320029238,1,9,0,18,0,4,0,0,0,0,1,1,6,3,-1,-1,2143,2,-1,-1,-1
2014320029238,2,1,0,18,0,4,0,0,0,0,1,1,6,1,50,8,-1,-1,-1,-1,-1
2014320029239,1,9,0,16,0,1,0,0,0,0,1,1,6,1,45,7,1910,2,8,3,1
2014320029239,2,9,0,17,0,1,0,0,0,0,1,1,6,2,32,6,1198,1,5,-1,3
2014320029243,1,9,0,1,9,6,0,0,0,0,2,1,1,1,55,8,1195,1,16,8,1
2014320029243,2,1,0,18,9,8,0,0,0,0,1,1,6,1,6,2,-1,-1,-1,-1,-1
2014320029244,1,9,0,4,0,1,0,0,0,0,1,1,6,2,22,5,1590,1,13,7,1
2014320029244,2,9,0,4,0,1,0,0,0,0,2,1,2,2,37,7,1299,1,11,8,1
2014320029254,1,9,0,5,0,0,0,0,0,0,3,1,6,1,52,8,2171,2,14,-1,-1
2014320029254,2,9,0,16,0,0,0,0,0,0,1,1,6,1,45,7,1905,2,16,7,2
2014320029387,1,90,0,18,0,0,0,0,0,0,3,1,6,1,61,9,2800,2,9,8,3
2014320029387,2,9,0,16,0,0,0,0,0,0,3,1,6,2,67,10,1398,1,4,-1,-1
2014320029396,1,9,0,18,0,1,0,0,0,0,1,1,6,2,-1,-1,1461,2,1,-1,-1
2014320029396,2,9,0,3,0,1,0,0,0,0,2,1,6,2,28,6,1339,1,7,8,2
2014320029397,1,3,0,17,0,0,2,0,1,0,1,1,6,1,69,10,124,1,6,-1,-1
2014320029409,1,9,0,7,0,7,1,0,1,1,1,1,6,1,18,4,1391,1,19,3,1
2014320029442,1,9,0,18,0,2,0,0,0,0,1,1,6,1,22,5,1896,2,15,1,1
2014320029442,2,9,0,18,0,1,0,0,0,0,1,1,6,2,23,5,973,1,15,10,1
2014320029443,1,1,0,9,4,1,0,0,1,0,3,1,6,1,28,6,-1,-1,-1,3,1
2014320029443,2,9,0,18,0,1,0,0,0,0,4,1,6,1,57,9,-1,-1,-1,2,1
2014320029454,1,9,0,1,0,0,0,0,0,0,2,1,6,1,-1,-1,1598,1,2,1,1
2014320029454,2,9,0,2,0,0,0,0,0,0,1,1,6,2,36,7,1149,1,-1,1,1
2014320029580,1,9,0,18,0,0,0,0,0,0,1,1,6,1,49,8,1324,1,23,5,1
2014320029580,2,1,0,18,0,0,0,0,0,0,1,1,6,1,29,6,-1,-1,-1,2,1
2014320029599,1,9,0,9,0,8,0,0,0,0,1,1,2,1,22,5,2500,1,14,5,2
2014320029599,2,9,0,9,0,8,0,0,0,0,1,1,2,2,35,6,-1,-1,-1,6,1
2014320029612,1,9,0,18,0,2,0,0,0,0,1,1,6,2,18,4,998,1,4,-1,3
2014320029612,2,8,0,18,0,2,0,0,1,0,3,1,1,1,46,8,-1,-1,-1,8,1
2014320029612,3,9,0,7,0,1,0,0,0,0,4,1,1,2,61,9,1595,1,8,5,3
2014320029622,1,21,1,18,0,0,3,4,0,0,1,1,1,1,39,7,12900,2,5,-1,-1
2014320029622,2,21,1,2,6,0,0,0,0,0,2,2,1,1,39,7,-1,-1,-1,-1,-1
2014320029673,1,9,0,7,0,1,0,0,0,0,4,1,6,2,59,9,1360,1,11,3,1
2014320029673,2,1,0,18,0,1,0,0,0,0,3,1,1,1,33,6,-1,-1,-1,1,1
2014320029698,1,9,0,18,0,0,0,0,1,9,1,1,6,1,20,4,-1,-1,-1,5,3
2014320029698,2,9,0,18,0,0,0,0,0,0,1,1,6,1,20,4,1753,2,10,5,3
2014320029731,1,9,0,17,0,0,0,0,7,0,1,1,1,1,29,6,1988,2,9,4,3
2014320029731,2,98,0,16,0,0,0,0,1,0,4,1,1,1,50,8,1686,2,11,2,2
2014320029770,1,9,0,5,0,1,0,0,0,0,1,1,6,2,24,5,1242,1,1,4,1
2014320029817,1,9,0,16,0,0,0,0,0,0,0,1,6,1,58,9,1360,1,6,3,2
2014320029817,2,17,4,17,0,0,0,0,0,0,0,1,1,1,37,7,6788,2,-1,4,3
2014320029818,1,9,0,18,0,0,1,0,7,0,4,1,6,2,20,4,1124,1,12,6,3
2014320029824,1,9,0,1,2,1,0,0,0,0,2,1,6,2,50,8,-1,-1,-1,-1,-1
2014320029872,1,3,0,18,0,3,0,0,0,0,4,1,6,1,21,5,250,1,5,7,1
2014320029874,1,3,0,18,0,4,0,0,0,0,3,1,6,1,28,6,-1,-1,-1,5,1
2014320030046,1,9,0,18,0,1,0,0,0,0,1,1,6,2,70,10,1794,1,7,8,3
2014320030046,2,9,0,4,0,1,0,0,0,0,2,1,6,1,84,11,1086,1,8,1,1
2014320030063,1,9,0,18,0,1,0,0,0,0,1,1,6,1,81,11,1323,1,12,5,3
2014320030063,2,9,0,10,0,1,0,0,0,0,2,1,1,2,63,9,1995,2,3,6,3
2014320030067,1,19,0,16,0,3,0,0,5,6,1,1,1,1,28,6,1461,2,5,3,1
2014320030091,1,5,0,17,0,0,1,11,0,0,3,1,6,1,58,9,1198,1,3,6,3
2014320030128,1,9,0,16,0,1,1,0,7,9,1,1,6,2,19,4,1998,1,20,5,1
2014320030232,1,9,0,18,0,8,0,0,0,0,1,1,2,2,50,8,1329,1,4,6,2
2014320030232,2,9,0,18,0,8,0,0,0,0,1,1,6,2,38,7,1587,1,11,6,3
2014320030369,1,9,0,18,0,2,0,0,2,10,1,1,6,1,24,5,1360,1,13,7,1
2014320030373,1,9,0,9,0,1,0,0,0,0,3,1,2,1,20,4,1368,1,6,6,3
2014320030373,2,9,0,18,0,1,0,0,0,0,1,1,6,1,22,5,2720,2,10,1,1
2014320030418,1,9,0,16,0,1,0,0,3,4,1,1,6,1,46,8,2720,2,9,2,1
2014320030460,1,9,0,9,0,7,0,0,0,0,1,1,6,2,57,9,1896,2,11,8,1
2014320030460,2,9,0,18,0,7,0,0,0,0,3,1,2,1,42,7,1598,1,12,3,1
2014320030486,1,9,0,13,0,0,0,0,0,0,0,1,6,3,-1,-1,2143,2,-1,-1,-1
2014320030486,2,1,0,18,0,0,0,0,1,0,2,1,1,2,20,4,-1,-1,-1,-1,-1
2014320030508,1,11,0,18,0,8,0,0,0,0,1,1,1,1,65,9,4250,2,6,2,1
2014320030512,1,9,0,17,0,0,2,0,7,10,1,1,6,1,43,7,1994,2,10,5,1
2014320030538,1,9,0,18,0,1,0,0,0,0,1,1,6,1,50,8,1397,1,2,2,1
2014320030658,1,9,0,3,0,1,0,0,0,0,0,1,6,1,67,10,1951,2,12,5,2
2014320030658,2,9,0,18,0,1,0,0,0,0,1,1,6,1,-1,-1,998,1,11,-1,-1
2014320030660,1,22,0,7,9,0,0,0,0,0,1,1,6,2,-1,-1,-1,-1,-1,-1,-1
2014320030670,1,9,0,12,0,8,0,0,0,0,3,1,6,2,46,8,1598,1,6,6,1
2014320030670,2,9,0,18,0,8,0,0,0,0,4,1,6,1,42,7,1997,2,7,6,2
2014320030674,1,9,0,18,0,8,0,0,0,0,1,1,6,2,54,8,1360,1,13,1,1
2014320030674,2,9,0,18,0,8,0,0,7,0,1,1,6,1,48,8,898,1,1,-1,-1
2014320030692,1,9,0,18,0,0,0,0,1,9,1,1,1,1,30,6,-1,-1,-1,6,1
2014320030692,2,9,0,18,0,0,0,0,0,0,4,1,6,1,37,7,1598,1,9,6,1
2014320030752,1,9,0,18,0,0,5,0,1,11,1,1,6,2,44,7,1242,1,10,5,3
2014320030765,1,3,0,17,0,0,5,0,1,1,2,1,6,1,21,5,-1,-1,-1,6,3
2014320030794,1,9,0,8,0,6,0,0,0,0,1,1,6,1,51,8,1968,2,2,4,1
2014320030794,2,9,0,8,0,6,0,0,0,0,2,1,6,1,43,7,998,1,25,7,3
2014320030798,1,9,0,18,0,8,0,0,0,0,3,1,6,1,19,4,1299,1,11,9,2
2014320030798,2,1,0,9,0,1,0,0,0,0,4,1,6,2,38,7,-1,-1,-1,9,2
2014320030801,1,9,0,9,0,5,0,0,0,0,1,1,6,1,90,11,1598,2,4,3,3
2014320030801,2,1,0,18,0,8,0,0,0,0,1,1,6,1,51,8,-1,-1,-1,2,1
2014320030819,1,11,0,18,0,0,0,0,0,0,1,1,1,1,40,7,7300,2,9,1,1
2014320030832,1,9,0,17,0,0,1,0,7,9,1,1,6,1,24,5,1360,1,13,4,1
2014320030849,1,9,0,15,0,0,0,0,0,0,1,1,6,1,18,4,1086,1,4,5,3
2014320030849,2,9,0,10,0,0,0,0,0,0,2,1,6,1,48,8,1997,2,11,1,1
2014320030853,1,9,0,13,0,0,0,0,1,1,1,1,6,3,-1,-1,1796,1,8,-1,-1
2014320030853,2,9,0,4,0,0,0,0,1,1,2,1,6,1,58,9,1997,2,2,9,2
2014320030914,1,9,0,17,0,0,5,0,7,0,4,1,2,2,21,5,1598,1,8,7,3
2014320030936,1,9,0,17,0,0,0,0,1,10,1,1,2,1,53,8,3301,1,11,-1,1
2014320030980,1,19,0,15,0,1,0,0,0,0,1,1,1,1,46,8,2402,2,4,5,1
2014320030980,2,9,0,10,0,1,0,0,0,0,1,1,6,1,32,6,1398,2,11,1,1
2014320031171,1,9,0,15,0,0,1,0,0,0,1,1,6,1,18,4,1229,1,3,4,2
2014320031171,2,8,0,2,6,0,0,0,1,10,3,1,1,1,54,8,1951,2,10,7,1
2014320031231,1,9,0,9,0,1,0,0,0,0,1,1,6,1,74,10,1248,1,2,7,2
2014320031231,2,9,0,18,0,1,0,0,0,0,1,1,2,1,49,8,1995,2,7,9,3
2014320031295,1,9,0,17,0,8,0,0,0,0,1,1,6,3,-1,-1,-1,-1,-1,-1,-1
2014320031323,1,9,0,18,0,0,0,0,0,0,1,1,6,2,35,6,1198,1,-1,10,1
2014320031323,2,21,1,18,0,0,0,0,0,0,2,1,1,1,30,6,12419,2,1,3,1
2014320031406,1,5,0,4,7,0,5,10,1,0,1,1,6,1,42,7,899,1,17,-1,1
2014320031443,1,19,0,18,0,2,0,0,0,0,3,1,6,1,-1,-1,-1,-1,-1,-1,-1
2014320031543,1,9,0,17,0,0,0,0,0,0,1,1,2,2,27,6,1560,2,3,6,3
2014320031543,2,9,0,16,0,0,0,0,0,0,1,1,1,1,25,5,1461,2,3,10,1
2014320031559,1,2,0,18,0,0,0,0,1,0,4,1,2,2,20,4,49,1,2,6,2
2014320031617,1,4,0,18,0,4,5,0,0,0,1,1,6,2,46,8,398,1,23,4,1
2014320031660,1,19,0,18,0,0,0,0,0,0,1,1,1,1,51,8,1248,2,3,-1,1
2014320031660,2,1,0,18,0,0,0,0,0,0,1,1,6,1,19,4,-1,-1,-1,8,1
2014320031662,1,9,0,18,0,0,0,0,0,0,1,1,1,2,49,8,1596,1,10,6,3
2014320031662,2,9,0,18,0,0,0,0,0,0,1,1,1,2,58,9,1598,2,1,8,3
2014320031662,3,9,0,18,0,0,0,0,0,0,2,1,6,1,65,9,1560,2,6,8,1
2014320031662,4,9,0,18,0,0,0,0,0,0,2,1,1,1,59,9,1956,2,4,7,1
2014320031711,1,9,0,9,0,6,0,0,0,0,1,1,6,1,-1,-1,1339,1,1,-1,-1
2014320031711,2,9,0,18,0,1,0,0,0,0,2,1,6,1,27,6,3222,2,11,3,1
2014320031787,1,5,0,16,0,8,1,0,0,0,4,1,6,1,40,7,1050,1,5,-1,-1
2014320031787,2,17,4,9,0,1,0,0,0,0,3,1,1,1,19,4,-1,2,5,4,3
2014320031822,1,5,0,17,0,0,0,0,1,10,1,1,6,1,23,5,599,1,8,5,1
2014320031907,1,21,1,18,0,3,2,0,0,7,4,1,1,1,24,5,-1,-1,-1,9,2
2014320031932,1,21,1,18,0,0,0,0,0,0,2,1,1,1,65,9,12900,2,3,4,1
2014320031953,1,19,0,9,0,8,0,0,0,0,1,1,1,1,30,6,-1,-1,-1,-1,-1
2014320031953,2,9,0,18,0,8,0,0,0,0,2,1,6,1,50,8,1590,1,12,2,1
2014320031975,1,9,0,18,0,0,0,0,0,0,0,1,6,1,22,5,-1,-1,-1,4,3
2014320031984,1,5,0,18,0,0,0,0,0,0,0,1,6,1,44,7,-1,-1,-1,7,3
2014320031997,1,9,0,18,0,1,0,0,0,0,1,1,6,2,21,5,1149,1,6,9,2
2014320031997,2,8,0,3,0,1,0,0,0,0,2,1,1,1,30,6,1896,2,8,3,1
2014320031997,3,9,0,9,0,5,0,0,0,0,2,1,6,1,29,6,1991,1,15,1,1
2014320032007,1,9,0,9,0,2,0,10,6,10,1,1,6,2,25,5,1560,2,-1,-1,-1
2014320032007,2,9,0,18,0,1,0,0,0,0,0,1,6,2,33,6,2993,2,3,10,1
2014320032063,1,9,0,18,0,0,0,0,1,4,3,1,6,1,18,4,1242,1,7,5,3
2014320032064,1,9,0,2,0,0,0,0,0,0,0,1,6,1,59,9,1968,2,-1,7,1
2014320032064,2,1,0,18,0,0,0,0,0,0,1,1,6,2,62,9,-1,-1,-1,8,1
2014320032066,1,19,0,18,0,0,0,0,0,0,1,1,2,1,46,8,1995,2,6,1,1
2014320032066,2,9,0,18,0,0,0,0,0,0,1,1,2,2,31,6,1242,1,9,2,1
2014320032073,1,9,0,9,0,6,0,0,0,0,1,1,6,2,31,6,1598,1,6,9,3
2014320032073,2,1,0,18,0,8,0,0,0,0,1,1,6,1,68,10,-1,-1,-1,9,2
2014320032106,1,9,0,1,6,0,0,0,0,0,2,1,6,1,64,9,-1,-1,-1,7,1
2014320032108,1,9,0,18,0,0,0,0,1,9,1,1,6,1,17,4,-1,-1,-1,-1,-1
2014320032116,1,9,0,18,0,0,0,0,0,0,1,1,6,1,50,8,1598,1,6,3,1
2014320032136,1,4,0,18,0,0,0,0,1,0,0,1,6,1,23,5,125,1,1,2,1