Accident_Index,Vehicle_Reference,Vehicle_Type,Towing_and_Articulation,Vehicle_Manoeuvre,Vehicle_Location-Restricted_Lane,Junction_Location,Skidding_and_Overturning,Hit_Object_in_Carriageway,Vehicle_Leaving_Carriageway,Hit_Object_off_Carriageway,1st_Point_of_Impact,Was_Vehicle_Left_Hand_Drive?,Journey_Purpose_of_Driver,Sex_of_Driver,Age_of_Driver,Age_Band_of_Driver,Engine_Capacity_(CC),Propulsion_Code,Age_of_Vehicle,Driver_IMD_Decile,Driver_Home_Area_Type
2014320032181,1,9,0,18,0,8,0,0,0,0,1,1,6,2,25,5,1587,1,11,8,1
2014320032181,2,9,0,9,0,8,0,0,0,0,3,1,6,1,66,10,1598,1,8,2,1
2014320032193,1,9,0,5,0,2,0,0,0,0,1,1,6,2,20,4,1199,1,12,-1,1
2014320032193,2,8,0,18,0,1,0,0,0,0,4,1,1,1,29,6,-1,-1,-1,1,1
2014320032197,1,9,0,18,0,0,0,0,0,0,1,1,6,1,21,5,-1,-1,-1,6,3
2014320032223,1,9,0,13,0,0,0,0,0,0,1,1,6,1,17,4,1199,1,10,-1,-1
2014320032223,2,97,0,9,0,0,0,0,0,0,2,1,6,1,78,11,499,1,3,6,2
2014320032274,1,9,0,9,0,1,1,0,0,0,4,1,6,1,79,11,2995,1,13,9,2
2014320032274,2,9,0,18,0,1,1,0,0,0,1,1,6,1,47,8,-1,-1,-1,3,1
2014320032295,1,9,0,16,0,0,2,0,7,10,1,1,2,2,26,6,996,1,5,-1,-1
2014320032326,1,1,0,18,5,1,0,0,0,0,1,1,1,1,50,8,-1,-1,-1,7,1
2014320032326,2,9,0,18,5,1,0,0,0,0,1,1,1,3,-1,-1,2987,2,3,-1,-1
2014320032481,1,1,0,18,9,8,0,0,0,0,1,1,6,1,17,4,-1,-1,-1,9,1
2014320032527,1,9,0,3,0,0,0,0,0,0,1,1,6,2,71,10,1461,2,7,7,3
2014320032527,2,9,0,3,0,0,0,0,0,0,2,1,6,2,21,5,999,1,12,9,2
2014320032613,1,9,0,18,0,1,0,0,1,1,1,1,2,1,60,9,2979,1,-1,6,1
2014320032613,2,9,0,10,0,1,0,0,0,0,1,1,2,1,57,9,1598,1,4,10,2
2014320032687,1,9,0,18,0,0,0,0,1,4,1,1,1,2,43,7,1968,2,3,7,3
2014320032734,1,9,0,18,0,2,0,0,0,0,1,1,6,2,64,9,998,1,2,1,1
2014320032749,1,9,0,18,0,8,0,0,0,0,1,1,6,3,-1,-1,-1,-1,-1,-1,-1
2014320032752,1,9,3,15,0,0,2,0,1,9,1,1,6,2,46,8,1149,1,7,4,1
2014320032771,1,9,0,17,0,0,1,7,1,10,4,1,6,2,42,7,1596,1,12,10,3
2014320032889,1,9,0,18,0,1,0,0,0,0,1,1,6,1,-1,-1,-1,-1,-1,-1,-1
2014320032889,2,9,0,18,0,1,0,0,0,0,0,1,6,1,20,4,1299,1,12,5,2
2014320032904,1,5,0,17,0,0,0,0,1,0,0,1,6,1,39,7,1000,1,9,8,2
2014320032908,1,5,0,17,0,0,0,0,1,9,4,1,6,1,50,8,1261,1,11,1,1
2014320032908,2,5,0,17,0,0,0,0,1,9,4,1,6,1,63,9,748,1,24,10,1
2014320032919,1,8,0,18,0,0,0,0,0,0,1,1,1,1,56,9,1598,1,7,7,3
2014320032939,1,9,0,13,0,1,1,0,1,11,4,1,1,1,26,6,1229,1,8,8,1
2014320032939,2,9,0,18,0,1,0,0,0,0,3,1,1,1,26,6,-1,-1,-1,5,1
2014320032940,1,9,0,18,0,0,5,0,1,9,1,1,1,1,44,7,1905,2,16,-1,-1
2014320032949,1,9,0,18,0,8,0,0,0,0,0,1,1,1,25,5,1596,1,1,-1,3
2014320032949,2,21,1,18,0,8,0,0,0,0,0,1,1,1,48,8,-1,-1,-1,9,2
2014320033003,1,9,0,4,0,8,0,0,0,0,1,1,6,2,30,6,1598,1,11,7,3
2014320033003,2,9,0,4,0,8,0,0,0,0,2,1,6,2,30,6,1910,2,8,3,1
2014320033029,1,9,0,9,0,6,0,0,0,0,3,1,6,2,22,5,998,1,17,3,1
2014320033029,2,9,0,18,0,6,0,0,0,0,4,1,6,2,58,9,1368,1,7,5,1
2014320033055,1,19,0,16,0,0,0,0,0,0,1,1,1,1,-1,-1,2143,2,1,5,1
2014320033055,2,9,4,16,0,0,0,0,0,0,2,1,1,1,45,7,2402,2,4,8,2
2014320033119,1,1,0,18,0,0,0,0,0,0,1,1,6,1,32,6,-1,-1,-1,4,2
2014320033119,2,9,0,2,0,0,0,0,0,0,2,1,6,1,47,8,-1,-1,-1,5,2
2014320033120,1,9,0,4,0,8,1,0,0,0,1,1,2,2,56,9,1398,2,12,4,3
2014320033120,2,1,0,18,0,8,0,0,0,0,1,1,6,1,14,3,-1,-1,-1,7,3
2014320033137,1,5,0,18,0,8,5,0,0,0,1,1,2,1,48,8,999,1,2,-1,-1
2014320033137,2,9,0,9,0,8,0,0,0,0,4,1,2,1,33,6,1198,1,8,3,1
2014320033164,1,8,0,3,0,1,0,0,0,0,1,1,1,1,30,6,1242,1,2,2,1
2014320033164,2,9,0,3,0,1,0,0,0,0,2,1,6,1,23,5,1995,2,9,7,3
2014320033173,1,9,0,18,0,0,1,0,1,0,1,1,2,1,58,9,1461,2,1,6,1
2014320033173,2,9,0,18,0,0,1,0,0,0,2,1,6,1,89,11,1362,1,1,2,1
2014320033173,3,9,0,2,0,0,0,0,0,0,0,1,6,2,-1,-1,1986,2,7,3,1
2014320033173,4,9,0,2,0,0,0,0,0,0,0,1,6,2,-1,-1,1560,2,9,1,1
2014320033174,1,9,0,9,0,1,0,0,0,0,3,1,1,2,51,8,-1,-1,-1,5,1
2014320033174,2,9,0,15,0,1,0,0,0,0,4,1,1,1,30,6,1798,1,13,-1,-1
2014320033182,1,90,0,18,0,0,0,0,0,0,1,1,6,3,-1,-1,-1,-1,-1,-1,-1
2014320033185,1,9,0,18,0,1,1,0,0,0,1,1,6,2,42,7,1364,1,8,8,1
2014320033185,2,9,0,9,0,1,0,0,0,0,3,1,6,2,48,8,-1,-1,-1,6,2
2014320033187,1,5,0,16,0,0,1,0,1,10,1,1,6,1,68,10,1170,1,1,-1,-1
2014320033187,2,19,0,17,0,0,1,0,7,10,1,1,1,1,36,7,3920,2,1,-1,-1
2014320033187,3,21,1,16,0,0,1,0,0,0,0,1,1,1,42,7,-1,-1,-1,3,2
2014320033190,1,9,0,6,0,0,1,0,1,9,2,1,6,2,58,9,1598,1,10,4,3
2014320033190,2,5,0,18,0,0,2,0,0,0,1,1,6,1,52,8,599,1,13,2,1
2014320033243,1,9,0,18,0,0,0,0,0,0,3,1,6,3,76,11,1364,1,5,8,2
2014320033243,2,9,0,18,0,0,0,0,0,0,4,1,6,2,19,4,1149,1,7,8,3
2014320033269,1,90,4,18,0,0,4,0,0,0,0,1,1,1,25,5,-1,-1,-1,4,3
2014320033269,2,9,0,18,0,0,0,0,0,0,4,1,1,2,23,5,1598,1,10,-1,-1
2014320033304,1,9,0,5,0,1,0,0,0,0,1,1,6,2,17,4,1061,1,10,9,2
2014320033304,2,9,0,18,0,1,0,0,0,0,1,1,6,2,72,10,1598,1,11,9,2
2014320033311,1,9,0,2,6,1,0,0,0,0,3,1,6,3,-1,-1,1975,1,11,-1,-1
2014320033311,2,1,0,18,0,1,0,0,0,0,1,1,6,1,43,7,-1,-1,-1,5,1
2014320033359,1,9,0,4,0,0,0,0,0,0,1,2,6,2,-1,-1,1229,1,9,-1,-1
2014320033359,2,9,0,4,0,0,0,0,0,0,2,2,6,2,21,5,-1,-1,-1,2,1
2014320033376,1,9,0,17,0,1,0,0,1,9,1,1,6,2,25,5,1598,1,11,-1,-1
2014320033384,1,3,0,17,0,0,1,0,0,0,1,1,6,1,18,4,124,1,4,2,1
2014320033385,1,9,0,18,0,0,0,0,0,0,1,1,6,1,56,9,1753,2,10,8,1
2014320033385,2,1,0,18,0,0,0,0,0,0,3,1,6,1,20,4,-1,-1,-1,1,1
2014320033411,1,9,0,8,0,1,0,0,0,0,3,1,6,1,52,8,1599,1,9,4,1
2014320033411,2,9,0,18,0,1,0,0,0,0,1,1,6,1,76,11,-1,-1,-1,3,1
2014320033432,1,19,4,18,0,0,0,0,0,0,1,1,1,1,32,6,1995,2,1,6,3
2014320033432,2,90,0,4,0,0,0,0,0,0,2,1,1,1,51,8,2999,2,2,9,2
2014320033432,3,9,0,3,0,0,0,0,0,0,1,1,6,1,61,9,1242,1,6,8,1
2014320033460,1,9,0,9,0,1,0,0,0,0,0,1,6,1,30,6,1299,1,14,-1,-1
2014320033460,2,9,0,18,0,1,0,0,0,0,2,1,6,1,71,10,1560,2,4,3,2
2014320033460,3,9,0,18,0,1,0,0,0,0,1,1,6,2,26,6,1587,1,9,2,1
2014320033477,1,3,0,5,0,2,0,0,0,0,1,1,6,1,21,5,-1,-1,-1,3,1
2014320033477,2,9,0,5,0,2,0,0,0,0,3,1,2,1,20,4,1910,2,6,2,1
2014320033495,1,9,0,18,0,6,0,0,0,0,1,1,6,2,22,5,1360,1,5,-1,-1
2014320033495,2,19,0,17,0,8,0,0,0,0,1,1,1,2,30,6,2402,2,8,9,2
2014320033595,1,9,0,17,0,0,1,0,1,4,1,1,6,2,19,4,1242,1,10,2,1
2014320033603,1,9,0,16,0,2,0,0,7,1,1,1,6,1,34,6,1796,1,15,-1,3
2014320033668,1,9,0,5,0,8,0,7,0,10,1,1,6,2,42,7,1390,1,2,1,1
2014320033668,2,9,0,18,0,8,0,0,0,0,3,1,6,2,47,8,1968,2,2,7,3
2014320033692,1,9,0,4,0,1,0,0,0,0,1,1,6,1,29,6,1598,1,12,-1,-1
2014320033692,2,9,0,3,0,1,0,0,0,0,2,1,6,1,51,8,-1,-1,-1,4,1
2014320033709,1,9,0,16,0,0,2,0,1,4,1,1,6,1,62,9,-1,-1,-1,1,1
2014320033751,1,9,0,18,0,0,0,0,0,0,1,1,6,1,24,5,1198,1,10,7,3
2014320033751,2,9,0,18,0,0,0,0,0,0,3,1,6,2,55,8,1997,2,1,8,1
2014320033751,3,9,0,18,0,0,0,0,1,0,3,1,6,1,25,5,1399,1,11,9,2
2014320033855,1,9,0,17,0,0,1,0,1,0,1,1,6,2,18,4,1527,2,13,5,2
2014320033919,1,9,0,4,0,0,1,0,0,0,1,1,6,1,18,4,1868,2,15,9,1
2014320033919,2,9,0,3,0,0,0,0,0,0,2,1,6,2,38,7,1598,1,1,2,1
2014320033919,3,19,0,3,0,0,0,0,0,0,2,1,6,1,70,10,-1,-1,-1,7,2
2014320033959,1,9,0,10,0,1,0,0,0,0,1,1,1,2,40,7,-1,-1,-1,-1,-1
2014320033959,2,9,0,18,0,1,0,0,0,0,1,1,6,2,45,7,2199,2,4,8,1
2014320034020,1,3,0,18,0,1,0,0,0,0,1,1,2,1,18,4,125,1,1,4,3
2014320034020,2,11,0,9,0,8,0,0,0,0,1,1,1,1,54,8,8300,2,7,6,2
2014320034021,1,9,0,18,0,1,1,0,0,0,1,1,2,2,76,11,1229,1,1,-1,-1
2014320034021,2,9,0,9,0,1,0,10,0,0,4,1,2,1,19,4,1242,1,1,6,3
2014320034093,1,9,0,18,0,0,0,0,0,0,1,1,1,1,44,7,-1,-1,-1,5,1
2014320034093,2,1,0,7,0,0,0,0,0,0,1,1,1,1,17,4,-1,-1,-1,10,1
2014320034100,1,9,0,5,0,6,0,0,1,5,1,1,6,2,77,11,998,1,5,3,3
2014320034100,2,98,1,18,0,8,0,0,0,0,4,1,1,1,28,6,12130,2,9,3,1
2014320034153,1,21,1,17,0,2,5,0,1,0,4,1,1,1,35,6,11705,2,7,5,2
2014320034319,1,9,0,1,0,2,0,0,0,0,2,1,6,3,-1,-1,1997,2,12,-1,-1
2014320034349,1,9,0,18,0,0,5,0,1,2,1,1,6,2,59,9,4000,1,23,10,1
2014320034352,1,5,0,4,0,8,1,0,0,0,1,1,6,1,52,8,998,1,12,6,1
2014320034352,2,9,0,18,0,8,0,0,0,0,1,1,6,1,48,8,1299,1,10,9,3
2014320034364,1,9,0,18,0,0,0,0,0,0,0,1,6,3,-1,-1,-1,-1,-1,-1,-1
2014320034364,2,11,0,5,0,0,0,0,0,0,0,1,1,1,71,10,-1,2,16,4,1
2014320034382,1,5,0,18,0,0,1,0,0,11,1,1,1,1,30,6,799,1,1,8,1
2014320034388,1,9,0,18,0,8,0,0,7,7,1,2,6,1,71,10,1560,2,1,2,1
2014320034388,2,9,0,18,0,8,0,0,1,7,3,2,6,1,84,11,2000,1,11,-1,-1
2014320034478,1,9,0,9,0,2,0,0,7,4,1,1,6,1,70,10,1360,1,7,7,3
2014320034527,1,1,0,18,0,0,0,0,0,0,1,1,6,1,37,7,-1,-1,-1,3,1
2014320034527,2,9,0,18,0,0,0,0,0,0,1,1,6,3,-1,-1,2987,2,3,-1,-1
2014320034543,1,9,0,14,0,1,1,0,0,0,4,1,6,1,61,9,1560,2,8,10,1
2014320034543,2,9,0,18,0,1,0,0,0,0,1,1,6,1,64,9,2231,2,-1,10,3
2014320034543,3,9,0,10,0,1,0,0,0,0,4,1,6,2,57,9,1783,1,13,7,3
2014320034553,1,9,0,18,0,0,2,0,7,9,4,1,6,1,20,4,1999,1,7,9,2
2014320034553,2,9,0,18,0,0,2,0,1,0,1,1,6,1,20,4,1999,1,6,6,2
2014320034603,1,9,0,16,0,0,0,0,7,4,1,1,1,1,40,7,1332,1,15,1,1
2014320034626,1,8,0,18,0,4,0,0,0,0,1,1,1,1,36,7,1896,2,8,2,1
2014320034626,2,9,0,18,0,8,0,0,0,0,4,1,6,2,30,6,1598,1,8,9,2
2014320034701,1,19,0,5,0,0,0,0,0,0,4,1,6,1,50,8,-1,-1,-1,-1,-1
2014320034739,1,9,0,7,0,5,0,0,0,0,1,1,6,1,21,5,1198,1,12,3,1
2014320034739,2,1,0,18,0,8,0,0,0,0,1,1,6,2,28,6,-1,-1,-1,4,1
2014320034758,1,9,0,18,0,0,0,0,0,0,4,1,6,1,49,8,1598,1,12,-1,3
2014320034779,1,3,0,13,0,1,0,0,0,0,1,1,6,1,18,4,124,1,6,4,3
2014320034779,2,19,0,9,0,8,0,0,0,0,3,1,1,1,38,7,2143,2,2,1,1
2014320034786,1,19,0,5,0,1,0,0,0,0,0,1,6,1,27,6,2198,2,1,-1,1
2014320034786,2,9,0,18,0,1,0,0,0,0,4,1,6,1,23,5,1956,2,4,6,2
2014320034786,3,9,0,3,0,1,0,0,0,0,0,1,6,2,38,7,1391,1,13,7,3
2014320034885,1,9,0,18,0,2,0,0,0,0,1,1,6,1,26,6,1598,1,7,6,2
2014320034885,2,9,0,3,0,2,0,0,0,0,2,1,6,2,42,7,1997,2,2,8,1
2014320034885,3,9,0,3,0,2,0,0,0,0,2,1,6,1,54,8,-1,-1,-1,-1,-1
2014320034909,1,9,0,6,0,0,0,0,0,0,1,1,6,1,49,8,-1,-1,-1,4,1
2014320034909,2,5,0,18,0,0,0,0,0,0,1,1,6,1,58,9,680,1,6,8,1
2014320034923,1,9,0,13,0,0,2,0,7,9,1,1,6,1,23,5,1461,2,11,8,1
2014320034927,1,9,0,18,0,1,0,0,0,0,1,1,1,1,52,8,-1,-1,-1,7,1
2014320034927,2,1,0,18,0,1,0,0,0,0,4,1,2,1,21,5,-1,-1,-1,2,1
2014320034931,1,9,0,18,0,6,0,0,0,0,0,1,6,3,-1,-1,-1,-1,-1,-1,-1
2014320034931,2,9,0,18,0,6,0,0,0,0,2,1,6,2,25,5,1598,1,11,6,1
2014320034931,3,9,0,18,0,6,0,0,0,0,1,1,6,1,68,10,996,1,5,5,1
2014320034938,1,9,0,4,0,0,0,0,0,0,1,1,6,1,18,4,-1,-1,-1,-1,-1
2014320034938,2,9,0,4,0,0,0,0,0,0,2,1,6,1,43,7,1199,1,10,-1,-1
2014320034946,1,9,0,5,0,2,0,0,3,0,3,1,6,2,46,8,1198,1,12,8,1
2014320034946,2,9,0,18,0,1,0,0,0,0,1,1,6,1,19,4,-1,-1,-1,3,1
2014320034956,1,3,0,18,0,8,0,0,0,0,1,1,6,1,17,4,125,1,7,9,1
2014320034956,2,9,0,9,0,5,0,0,0,0,3,1,6,2,31,6,-1,-1,-1,2,1
2014320034983,1,9,0,17,0,0,2,0,1,1,1,1,6,1,29,6,1896,2,11,5,3
2014320034990,1,9,0,18,0,4,0,10,0,0,3,1,6,2,22,5,998,1,2,3,1
2014320035005,1,9,0,9,0,6,0,0,0,0,1,1,6,1,25,5,1997,2,10,4,3
2014320035005,2,9,0,18,0,1,0,0,7,0,4,1,6,2,48,8,1124,1,14,4,3
2014320035048,1,9,0,16,0,0,1,0,0,0,1,1,6,2,20,4,1968,2,3,5,1
2014320035048,2,9,0,17,0,0,0,0,0,0,1,1,6,1,38,7,1461,2,7,2,1
2014320035066,1,9,0,18,0,0,0,0,1,0,1,1,6,2,21,5,1364,1,7,9,2
2014320035066,2,21,1,18,0,0,0,0,7,4,1,1,1,1,48,8,12419,2,3,10,1
2014320035096,1,9,0,18,0,4,0,0,0,0,1,1,6,1,19,4,1124,1,13,5,3
2014320035096,2,2,0,3,0,4,0,0,0,0,2,1,1,1,22,5,125,1,3,7,1
2014320035115,1,9,0,18,0,0,0,0,0,0,1,1,6,2,54,8,1753,2,7,7,1
2014320035115,2,9,0,18,0,0,0,0,0,0,1,1,6,2,44,7,-1,-1,-1,10,1
2014320035136,1,9,0,7,0,6,0,0,0,0,1,1,6,1,51,8,1968,2,2,7,3
2014320035136,2,9,0,18,0,1,0,0,0,0,1,1,6,1,24,5,1598,1,10,7,3
2014320035181,1,9,0,18,0,8,0,0,0,0,3,1,6,2,43,7,1461,2,6,7,3
2014320035181,2,9,0,7,0,3,0,0,0,0,4,1,1,1,22,5,2993,2,6,-1,3
2014320035243,1,9,0,5,0,2,0,0,0,0,1,1,1,2,45,7,1560,2,5,8,1
2014320035243,2,19,0,5,0,2,0,0,0,0,2,1,1,1,31,6,2151,2,11,-1,-1
2014320035243,3,9,0,5,0,2,0,0,0,0,2,1,1,1,49,8,1560,2,2,5,1
2014320035278,1,9,0,18,0,0,0,4,0,0,1,1,6,1,84,11,796,1,14,5,2
2014320035278,2,9,0,2,0,0,0,0,0,0,2,1,6,1,27,6,1598,2,6,6,2
2014320035278,3,9,0,2,0,0,0,0,0,0,2,1,6,1,31,6,1587,1,12,6,2
2014320035313,1,19,0,18,0,1,0,0,0,0,1,1,6,1,-1,-1,2198,2,8,5,2
2014320035313,2,9,0,3,0,1,0,0,0,0,2,1,6,2,20,4,1299,1,7,4,2
2014320035325,1,9,0,17,0,0,0,0,0,0,1,1,6,2,45,7,1339,1,2,5,3
2014320035325,2,97,0,16,0,0,1,0,0,0,1,1,6,1,62,9,599,1,15,-1,-1
2014320035334,1,19,0,4,0,0,0,0,0,0,0,1,1,1,-1,-1,2287,2,3,-1,-1
2014320035339,1,9,0,13,0,2,0,0,0,0,1,1,6,1,31,6,1910,2,6,6,1
2014320035339,2,9,0,18,0,2,0,0,0,0,1,1,6,1,20,4,1596,1,9,2,1
2014320035340,1,9,0,9,0,0,0,0,0,0,1,1,6,2,-1,-1,1560,2,1,10,1
2014320035340,2,1,0,18,0,0,0,0,0,0,1,1,6,1,27,6,-1,-1,-1,9,2
2014320035355,1,9,0,18,0,6,0,0,3,10,1,1,2,2,38,7,1590,1,12,5,1
2014320035355,2,98,0,18,0,8,0,0,0,0,4,1,1,1,32,6,12913,2,3,3,1
2014320035404,1,90,0,9,0,3,0,0,0,0,1,1,6,1,54,8,2287,2,-1,-1,-1
2014320035404,2,9,0,7,0,3,1,0,1,10,2,1,6,1,36,7,-1,-1,-1,3,1
2014320035613,1,9,0,18,0,0,1,0,0,0,1,1,6,1,54,8,1242,1,14,3,2
2014320035613,2,22,0,18,0,0,0,0,0,0,1,1,6,2,81,11,-1,-1,-1,3,2
2014320035616,1,9,0,18,0,8,0,0,0,0,2,1,2,2,53,8,1956,2,2,7,1
2014320035616,2,21,1,18,0,7,0,0,0,0,1,2,1,1,40,7,-1,-1,-1,-1,-1
2014320035624,1,9,0,18,0,8,2,0,1,2,3,1,6,1,22,5,1199,1,11,2,1
2014320035624,2,17,0,9,0,1,0,0,0,0,0,1,1,1,60,9,-1,-1,-1,6,2
2014320035644,1,9,0,18,0,0,0,0,0,0,1,1,6,1,-1,-1,1968,2,-1,-1,-1
2014320035644,2,9,0,18,0,0,0,0,0,0,1,1,6,1,-1,-1,1796,1,8,8,3
2014320035649,1,9,0,18,0,1,0,0,0,0,1,1,6,1,20,4,1598,1,7,4,3
2014320035649,2,11,0,9,0,1,0,0,0,0,2,1,1,2,48,8,9000,2,2,7,1
2014320035790,1,9,0,17,0,0,0,0,0,0,1,1,6,1,26,6,1242,1,6,4,2
2014320035790,2,8,0,16,0,0,0,0,0,0,1,1,1,1,50,8,-1,-1,-1,3,1
2014320035795,1,9,0,5,0,2,0,0,0,0,1,1,6,1,31,6,-1,-1,-1,2,1
2014320035795,2,3,0,16,0,1,1,0,0,0,1,1,6,1,21,5,124,1,2,1,1
2014320035798,1,21,0,5,0,0,0,5,0,0,1,1,1,1,60,9,11946,2,8,3,1
2014320035816,1,9,0,18,0,0,0,0,0,0,3,1,6,2,28,6,-1,-1,-1,6,3
2014320035819,1,19,0,4,0,1,0,0,0,0,1,1,6,3,-1,-1,-1,-1,-1,-1,-1
2014320035819,2,9,0,3,0,4,0,0,0,0,2,1,1,2,18,4,-1,-1,-1,5,3
2014320035832,1,9,0,18,0,0,0,0,0,0,1,1,6,3,-1,-1,2143,2,-1,-1,-1
2014320035832,2,1,0,18,0,0,0,0,0,0,1,1,6,1,52,8,-1,-1,-1,6,3
2014320035835,1,9,0,18,0,1,0,0,0,0,1,1,6,2,-1,-1,1242,1,15,-1,-1
2014320035835,2,1,0,4,0,1,5,0,0,0,2,1,1,2,51,8,-1,-1,-1,5,1
2014320035887,1,3,0,18,0,1,0,0,0,0,1,1,2,1,19,4,125,1,1,5,1
2014320035887,2,9,0,5,0,2,0,0,0,0,1,1,2,1,28,6,1896,2,11,6,3
2014320035904,1,9,0,18,0,0,1,0,7,4,3,2,6,2,41,7,-1,-1,-1,8,3
2014320036000,1,98,0,18,0,0,2,0,7,2,3,1,1,1,29,6,6370,2,12,7,2
2014320036088,1,9,0,18,0,1,1,0,0,0,1,1,2,1,26,6,-1,-1,-1,4,2
2014320036088,2,9,0,8,0,1,0,0,0,0,2,1,2,1,21,5,-1,-1,-1,-1,-1
2014320036252,1,9,0,8,0,1,0,0,0,0,4,1,6,1,59,9,998,1,3,4,3
2014320036252,2,1,0,18,5,1,0,0,0,0,1,1,6,2,10,2,-1,-1,-1,4,3
2014320036261,1,8,0,9,0,5,0,0,0,0,4,1,6,1,39,7,1560,2,7,-1,-1
2014320036261,2,5,0,18,0,8,0,0,0,0,1,1,6,1,20,4,-1,-1,-1,5,1
2014320036293,1,9,0,18,0,0,0,0,0,0,1,1,2,1,25,5,1242,1,14,4,3
2014320036293,2,19,0,4,0,0,0,0,1,0,1,1,2,1,33,6,-1,-1,-1,4,3
2014320036311,1,8,0,18,0,0,0,0,0,0,1,1,1,1,39,7,1995,2,1,2,1
2014320036311,2,9,0,6,0,0,0,0,0,0,1,1,6,1,31,6,1999,1,6,3,1
2014320036322,1,9,0,7,0,8,0,0,0,0,1,1,6,1,38,7,1328,1,8,6,2
2014320036322,2,9,0,18,0,8,0,0,0,0,1,1,6,1,25,5,1905,2,17,5,2
2014320036341,1,20,0,9,0,1,0,0,0,0,3,1,6,1,-1,-1,9364,2,8,-1,-1
2014320036341,2,9,0,10,0,1,0,0,0,0,1,1,6,2,38,7,-1,-1,-1,5,2
2014320036374,1,9,0,1,9,8,0,10,1,11,2,1,6,1,19,4,1598,1,12,1,1
2014320036384,1,5,0,18,0,0,0,0,0,0,0,1,6,1,51,8,779,1,-1,4,1
2014320036488,1,9,0,18,0,0,0,0,0,0,1,1,6,2,21,5,1229,1,7,5,2
2014320036488,2,9,0,2,0,0,0,0,0,0,1,1,6,2,56,9,-1,-1,-1,5,2
2014320036505,1,9,0,17,0,0,0,10,1,9,0,1,2,1,21,5,1390,1,13,6,1
2014320036520,1,9,0,18,0,0,2,0,7,9,1,1,6,2,32,6,1199,1,14,1,1
2014320036523,1,9,0,9,0,8,0,0,0,0,1,1,6,1,62,9,-1,-1,-1,-1,3
2014320036523,2,9,0,17,0,8,0,0,0,0,3,1,6,2,29,6,1389,1,12,9,3
2014320036546,1,9,0,9,0,1,0,0,0,0,1,1,6,2,20,4,998,1,27,7,2
2014320036546,2,9,0,5,0,1,0,0,0,0,1,1,6,2,32,6,-1,-1,-1,9,1
2014320036627,1,9,0,18,0,0,0,0,0,0,0,1,6,3,72,10,2148,2,5,4,3
2014320036627,2,2,0,18,0,0,0,0,1,0,0,1,6,1,20,4,49,1,15,-1,-1
2014320036632,1,9,0,16,0,3,1,0,5,6,1,1,6,1,42,7,1995,2,8,4,2
2014320036639,1,9,0,17,0,0,5,0,7,0,3,1,6,2,28,6,2495,2,12,7,3
2014320036697,1,9,0,7,0,0,2,10,0,10,1,1,1,1,26,6,1995,2,12,-1,1
2014320036830,1,9,0,18,0,1,0,0,0,0,1,1,1,1,53,8,1997,2,12,8,1
2014320036830,2,1,0,18,0,2,0,0,0,0,1,1,6,2,37,7,-1,-1,-1,6,1
2014320036852,1,9,0,17,0,0,2,0,7,0,1,1,6,1,19,4,999,1,12,6,3
2014320036852,2,9,0,16,0,0,1,0,1,0,1,1,6,1,56,9,-1,-1,-1,6,2
2014320036891,1,1,0,18,0,0,0,0,1,0,1,1,6,1,17,4,-1,-1,-1,3,3
2014320036891,2,9,4,13,0,0,0,0,0,0,2,1,6,3,-1,-1,2987,2,3,-1,-1
2014320036904,1,9,0,5,0,1,0,0,0,0,1,1,6,2,34,6,1229,1,5,3,2
2014320036904,2,9,3,5,0,1,0,0,0,0,2,1,6,3,-1,-1,2204,2,7,5,3
2014320036912,1,9,0,17,0,0,5,0,1,7,1,1,6,1,21,5,1870,2,9,-1,-1
2014320037153,1,9,0,4,0,0,1,0,0,0,1,1,6,1,25,5,1124,1,14,3,1
2014320037153,2,9,0,18,0,0,0,0,0,0,2,1,6,1,-1,-1,-1,-1,-1,-1,-1
2014320037205,1,9,0,2,0,0,0,0,0,0,2,1,6,1,59,9,2143,2,3,10,2
2014320037205,2,1,0,18,0,0,0,0,0,0,1,1,6,1,44,7,-1,-1,-1,10,3
2014320037280,1,9,0,18,0,0,0,10,0,0,4,1,6,1,81,11,1591,1,1,4,3
2014320037280,2,1,0,18,0,0,0,0,0,0,0,1,6,1,48,8,-1,-1,-1,3,3
2014320037307,1,9,0,4,0,0,0,0,0,0,1,1,3,1,57,9,1868,2,12,6,2
2014320037307,2,9,0,4,0,0,0,0,0,0,2,1,3,1,22,5,-1,-1,-1,5,3
2014320037307,3,20,0,4,0,0,0,0,0,0,2,1,1,1,47,8,11946,2,2,8,3
2014320037318,1,9,0,18,0,0,2,0,7,9,3,1,6,1,57,9,1389,1,16,3,1
2014320037319,1,9,4,9,0,1,0,0,0,0,1,1,6,1,33,6,2198,1,6,5,2
2014320037319,2,4,0,18,0,1,0,0,0,0,1,1,6,1,20,4,471,1,-1,6,3
2014320037371,1,5,0,17,0,0,2,0,1,9,1,1,2,1,56,9,1198,1,1,7,1
2014320037421,1,9,0,9,0,1,0,0,0,0,2,1,6,1,43,7,1896,2,8,5,3