Accident_Index,Vehicle_Reference,Vehicle_Type,Towing_and_Articulation,Vehicle_Manoeuvre,Vehicle_Location-Restricted_Lane,Junction_Location,Skidding_and_Overturning,Hit_Object_in_Carriageway,Vehicle_Leaving_Carriageway,Hit_Object_off_Carriageway,1st_Point_of_Impact,Was_Vehicle_Left_Hand_Drive?,Journey_Purpose_of_Driver,Sex_of_Driver,Age_of_Driver,Age_Band_of_Driver,Engine_Capacity_(CC),Propulsion_Code,Age_of_Vehicle,Driver_IMD_Decile,Driver_Home_Area_Type
2014320037421,2,9,0,4,0,1,0,0,0,0,1,1,6,1,48,8,1997,1,9,9,2
2014320037466,1,9,0,18,0,0,0,0,0,0,4,1,6,3,-1,-1,2143,2,-1,-1,-1
2014320037466,2,1,0,18,0,0,0,0,0,0,3,1,6,1,65,9,-1,-1,-1,-1,-1
2014320037472,1,9,0,18,0,0,0,0,0,0,2,1,6,2,81,11,1248,1,1,7,1
2014320037472,2,9,0,18,0,0,0,0,0,0,2,1,6,2,51,8,1991,2,6,8,3
2014320037472,3,9,0,18,0,0,0,0,0,0,1,1,6,1,42,7,1390,1,9,9,2
2014320037472,4,9,0,18,0,0,0,0,0,0,1,1,6,2,25,5,1910,2,5,5,1
2014320037499,1,9,0,9,0,8,0,0,0,0,3,1,6,2,60,9,-1,-1,-1,9,1
2014320037499,2,9,0,7,0,8,0,0,0,0,3,1,6,1,-1,-1,1997,2,12,-1,-1
2014320037662,1,9,0,15,0,0,0,0,0,0,1,1,6,2,56,9,1242,1,8,2,1
2014320037662,2,9,0,18,0,0,0,0,0,0,3,1,6,1,56,9,-1,-1,-1,7,1
2014320037662,3,9,0,18,0,0,0,0,0,0,3,1,6,1,41,7,-1,-1,-1,6,3
2014320037680,1,9,0,18,0,1,0,0,7,4,1,1,6,1,48,8,1560,2,1,3,1
2014320037680,2,9,0,5,0,1,0,0,1,0,1,1,1,1,50,8,1560,2,7,7,3
2014320037690,1,9,0,18,0,0,0,0,1,4,1,1,6,2,73,10,-1,-1,-1,6,1
2014320037697,1,9,0,18,0,8,0,0,0,0,0,1,6,3,-1,-1,-1,-1,-1,-1,-1
2014320037697,2,9,0,18,0,5,1,0,1,0,2,1,6,1,61,9,-1,-1,-1,9,1
2014320037697,3,9,0,18,0,5,1,0,0,0,1,1,6,1,83,11,1396,1,11,-1,-1
2014320037700,1,9,0,18,0,0,0,0,7,9,1,1,2,1,19,4,2982,2,6,7,3
2014320037749,1,9,0,17,0,0,5,0,7,9,3,1,6,1,21,5,1998,2,13,10,1
2014320037800,1,9,0,4,0,0,0,0,0,0,1,1,6,1,28,6,1896,2,12,-1,-1
2014320037800,2,9,0,3,0,0,0,0,0,0,2,1,6,1,49,8,1596,1,8,1,1
2014320037800,3,9,0,3,0,0,0,0,0,0,2,1,6,1,30,6,1332,1,17,-1,1
2014320037801,1,9,0,18,0,0,0,0,0,0,1,1,6,1,27,6,-1,-1,-1,2,1
2014320037801,2,3,0,18,0,0,0,0,0,0,2,1,6,1,63,9,125,1,8,7,2
2014320037817,1,9,0,18,0,1,0,0,0,0,1,1,6,1,50,8,2967,2,2,8,3
2014320037817,2,9,0,10,0,5,0,0,7,0,2,1,2,1,31,6,1769,1,9,5,1
2014320037836,1,9,0,9,0,5,0,0,0,0,3,1,6,2,64,9,1753,2,7,9,1
2014320037836,2,9,0,18,0,1,0,0,0,0,3,1,6,1,46,8,1398,1,3,6,3
2014320037847,1,9,0,18,0,0,0,0,0,0,1,1,6,2,26,6,1600,2,3,7,3
2014320037847,2,9,0,18,0,0,0,0,0,0,1,1,2,1,35,6,1796,1,15,-1,-1
2014320037866,1,9,0,18,0,6,0,0,0,0,2,1,6,1,88,11,1586,1,9,4,3
2014320037866,2,5,0,18,0,1,0,0,0,0,2,1,6,1,62,9,-1,-1,-1,4,3
2014320037956,1,9,0,18,0,0,0,0,0,0,1,1,6,3,-1,-1,2143,2,-1,-1,-1
2014320037956,2,1,0,18,0,0,0,0,0,0,2,1,6,1,28,6,-1,-1,-1,4,1
2014320037957,1,9,0,16,0,0,0,0,7,0,3,1,6,1,49,8,1598,7,11,3,3
2014320037963,1,9,0,9,0,1,0,0,0,0,1,1,6,1,19,4,1598,1,13,10,3
2014320037963,2,9,0,18,0,1,0,0,0,0,1,1,6,1,46,8,-1,-1,-1,9,1
2014320037963,3,9,0,3,0,2,0,0,0,0,1,1,6,1,64,9,1796,1,13,10,1
2014320037984,1,9,0,18,0,8,5,0,7,0,3,1,6,1,51,8,-1,-1,-1,-1,-1
2014320037998,1,9,0,18,0,0,0,0,1,3,4,1,6,1,51,8,2204,2,7,4,1
2014320038020,1,5,0,17,0,1,1,0,1,11,1,1,2,1,27,6,599,1,13,4,3
2014320038115,1,9,0,18,0,1,0,0,0,0,1,1,1,1,43,7,-1,-1,-1,7,1
2014320038115,2,1,0,18,0,8,0,0,0,0,3,1,6,1,66,10,-1,-1,-1,3,1
2014320038143,1,9,0,18,0,2,0,0,0,0,4,1,6,2,41,7,1461,2,3,8,1
2014320038177,1,21,1,16,0,0,0,0,0,0,0,1,1,1,62,9,11946,2,1,1,1
2014320038177,2,9,0,17,0,0,0,0,1,0,1,1,6,1,55,8,1998,2,7,1,1
2014320038177,3,9,0,16,0,0,0,0,0,0,2,1,6,1,45,7,1798,1,10,2,1
2014320038217,1,9,0,3,0,0,0,0,0,0,1,1,6,1,34,6,-1,-1,-1,8,1
2014320038217,2,9,0,3,0,0,0,0,0,0,2,1,6,2,56,9,998,1,5,5,3
2014320038218,1,9,0,18,0,1,0,0,0,0,1,1,6,1,45,7,-1,-1,-1,7,1
2014320038218,2,9,0,18,0,1,0,0,1,10,3,1,6,2,47,8,2987,2,3,-1,-1
2014320038311,1,9,0,9,0,2,0,0,0,0,0,1,1,1,46,8,-1,-1,-1,5,2
2014320038311,2,5,0,18,0,1,1,0,0,0,1,1,6,1,39,7,-1,-1,-1,2,1
2014320038324,1,2,0,18,0,0,1,0,1,0,1,1,1,2,16,4,49,1,1,-1,-1
2014320038379,1,19,0,14,0,0,0,0,7,4,4,1,6,1,79,11,1686,2,11,5,3
2014320038379,2,9,0,9,0,0,0,0,0,0,1,1,6,2,20,4,1390,1,12,7,2
2014320038394,1,9,0,18,9,8,0,0,1,10,1,1,6,1,87,11,1388,1,11,7,2
2014320038395,1,9,0,17,0,0,1,0,1,9,1,1,6,1,64,9,1360,1,8,-1,-1
2014320038397,1,9,0,18,0,0,0,0,1,0,2,1,1,1,19,4,796,1,7,5,3
2014320038408,1,9,0,18,0,0,1,0,7,4,4,1,6,2,33,6,-1,-1,-1,1,1
2014320038566,1,9,0,18,0,0,1,10,1,0,4,1,6,1,28,6,1229,1,5,6,2
2014320038567,1,9,0,5,0,1,0,0,0,0,1,1,1,1,65,9,1998,2,8,5,2
2014320038567,2,98,0,18,0,5,0,0,1,0,1,1,1,1,49,8,2148,2,7,3,1
2014320038576,1,9,0,5,0,0,0,0,0,0,4,1,6,2,77,11,-1,-1,-1,2,1
2014320038610,1,9,0,13,0,3,1,0,1,9,4,1,6,1,67,10,1171,1,18,6,1
2014320038610,2,19,0,18,0,3,0,0,0,0,3,1,6,1,52,8,1870,2,8,-1,2
2014320038667,1,3,0,16,0,2,0,0,0,0,0,1,6,1,17,4,102,1,-1,9,2
2014320038674,1,9,0,5,0,0,0,0,0,0,1,1,1,1,59,9,-1,-1,-1,4,1
2014320038674,2,3,0,13,0,0,0,0,7,0,1,1,6,1,18,4,124,1,4,7,2
2014320038686,1,9,0,18,0,1,0,10,1,1,4,1,6,1,29,6,-1,-1,-1,3,2
2014320038699,1,9,0,11,0,0,0,0,0,0,4,1,6,2,-1,-1,2099,1,12,-1,-1
2014320038699,2,9,0,18,0,0,0,10,0,0,3,1,6,2,46,8,1991,1,19,4,3
2014320038706,1,5,0,13,0,0,1,0,0,0,3,1,6,1,32,6,649,1,8,7,1
2014320038741,1,9,0,18,0,0,0,0,0,0,1,1,6,2,60,9,-1,-1,-1,2,1
2014320038743,1,5,0,11,0,0,0,0,1,0,4,1,6,1,67,10,1584,1,8,9,1
2014320038825,1,9,0,17,0,0,2,0,1,4,1,1,6,1,19,4,-1,-1,-1,4,3
2014320038886,1,9,0,18,0,0,0,0,0,0,1,1,6,1,36,7,1240,1,10,3,3
2014320038886,2,9,0,2,0,0,0,0,0,0,2,1,6,2,21,5,1984,1,14,2,1
2014320038948,1,9,0,18,0,0,0,0,1,9,1,1,6,2,76,11,1242,1,5,3,2
2014320038964,1,9,0,18,0,0,5,0,1,0,4,1,2,2,20,4,-1,-1,-1,9,2
2014320038991,1,9,0,18,0,0,0,0,4,0,2,1,6,1,22,5,1364,1,11,8,2
2014320038991,2,9,0,18,0,0,1,0,4,0,1,1,6,1,63,9,2495,2,11,-1,-1
2014320038993,1,9,0,15,0,0,0,0,0,0,2,1,6,1,63,9,2495,2,7,5,3
2014320038993,2,9,0,15,0,0,0,0,0,0,1,1,6,2,50,8,1248,1,3,5,3
2014320039014,1,9,0,18,0,0,2,0,1,9,1,1,1,2,19,4,-1,-1,-1,7,3
2014320039020,1,9,0,18,0,0,0,0,1,11,1,1,6,2,21,5,1596,1,11,4,1
2014320039031,1,9,0,5,0,5,0,0,0,0,1,1,2,1,24,5,1796,1,8,9,2
2014320039031,2,1,0,18,0,8,0,0,0,0,2,1,6,1,25,5,-1,-1,-1,2,1
2014320039043,1,9,0,18,0,0,0,0,7,4,1,1,6,1,17,4,1242,1,10,9,3
2014320039045,1,5,0,17,0,0,2,0,2,1,1,1,6,1,48,8,750,1,28,2,1
2014320039050,1,3,0,18,0,1,0,0,0,0,0,1,6,1,20,4,125,1,14,6,1
2014320039050,2,9,0,9,0,1,0,0,0,0,0,1,6,1,46,8,1986,2,8,7,3
2014320039102,1,9,0,9,0,1,0,0,0,0,3,1,6,1,20,4,1599,1,7,3,1
2014320039102,2,9,0,18,0,1,0,0,0,0,3,1,1,1,35,6,1968,2,2,8,1
2014320039109,1,9,0,7,0,2,0,0,0,0,1,1,6,1,41,7,1956,2,1,-1,-1
2014320039109,2,1,0,18,0,8,0,0,0,0,4,1,1,1,31,6,-1,-1,-1,3,1
2014320039157,1,9,0,13,0,1,1,10,7,9,1,1,6,2,43,7,998,1,5,4,1
2014320039157,2,9,0,9,0,8,0,0,0,0,3,1,6,1,27,6,2494,1,15,6,3
2014320039176,1,9,0,7,0,8,0,0,0,0,4,1,6,1,47,8,1968,2,3,8,3
2014320039176,2,1,0,18,0,8,0,0,0,0,1,1,6,2,14,3,-1,-1,-1,7,1
2014320039176,3,1,0,18,0,8,0,0,0,0,1,1,6,3,-1,-1,-1,-1,-1,-1,-1
2014320039181,1,9,0,5,0,8,0,0,0,0,1,1,6,2,35,6,-1,-1,-1,-1,-1
2014320039181,2,9,0,5,0,8,0,0,0,0,1,1,6,1,55,8,-1,-1,-1,3,1
2014320039183,1,19,0,18,0,0,0,0,0,0,3,1,1,1,53,8,1461,2,-1,-1,-1
2014320039189,1,5,0,16,0,0,1,0,0,0,1,1,6,1,52,8,992,1,8,3,1
2014320039198,1,5,0,18,0,1,1,0,7,0,1,1,6,1,24,5,-1,-1,-1,5,2
2014320039198,2,9,0,9,0,5,0,0,0,7,3,1,6,1,66,10,2179,2,1,6,3
2014320039234,1,9,0,18,0,1,0,0,0,0,1,1,6,1,18,4,1490,1,7,3,1
2014320039234,2,9,0,18,0,2,0,0,0,0,3,1,6,2,25,5,1997,2,2,-1,3
2014320039246,1,9,0,17,0,0,1,0,7,9,1,1,6,1,60,9,1587,1,10,6,3
2014320039248,1,9,0,9,0,1,0,0,0,0,1,1,6,2,73,10,1783,1,13,3,1
2014320039248,2,9,0,18,0,1,1,0,0,0,1,1,6,2,32,6,1587,1,11,-1,-1
2014320039312,1,9,0,3,0,1,0,0,0,0,1,2,6,1,20,4,1390,1,14,-1,-1
2014320039312,2,9,0,3,0,1,0,0,0,0,2,2,6,1,48,8,1999,1,-1,9,2
2014320039318,1,19,0,9,0,5,0,0,0,0,1,1,6,1,44,7,1598,2,1,7,1
2014320039318,2,9,0,18,0,1,0,0,0,0,1,1,6,1,25,5,1348,1,14,8,3
2014320039352,1,9,0,5,0,8,0,0,0,0,4,1,6,1,-1,-1,2495,2,20,-1,-1
2014320039389,1,9,0,17,0,0,1,0,7,1,1,1,2,1,22,5,1598,1,12,6,3
2014320039425,1,9,0,17,0,0,5,0,1,10,1,1,6,2,18,4,1229,1,9,4,2
2014320039433,1,3,0,18,0,1,2,0,0,0,3,1,6,1,18,4,-1,-1,-1,9,2
2014320039445,1,9,0,18,0,1,1,0,0,0,1,1,6,2,34,6,2198,2,9,5,1
2014320039445,2,9,0,3,0,1,0,0,0,0,2,1,6,2,27,6,1560,2,6,2,1
2014320039446,1,9,0,18,0,0,1,0,1,0,3,1,6,1,22,5,1199,1,13,5,3
2014320039450,1,9,0,10,0,1,0,0,0,0,3,1,2,1,34,6,1598,1,10,2,1
2014320039450,2,9,0,18,0,1,1,0,0,0,1,1,6,1,27,6,-1,-1,-1,5,1
2014320039464,1,9,0,16,0,0,1,0,1,9,1,1,6,2,40,7,1988,1,10,5,3
2014320039468,1,9,0,5,0,1,0,0,0,0,3,1,2,2,23,5,2976,1,9,5,2
2014320039468,2,9,0,18,0,1,0,0,0,0,1,1,2,2,58,9,1248,2,6,4,3
2014320039482,1,9,0,16,0,0,2,0,7,9,1,1,2,1,21,5,1149,1,8,10,1
2014320039500,1,9,0,18,0,1,0,0,0,0,1,1,6,2,74,10,1396,1,11,6,2
2014320039500,2,9,0,18,0,1,0,0,7,0,4,1,6,1,42,7,1198,1,-1,-1,-1
2014320039502,1,21,1,18,0,0,0,0,7,10,3,1,1,1,70,10,11967,2,3,-1,1
2014320039702,1,9,0,18,0,4,0,0,0,0,1,1,2,2,22,5,-1,-1,-1,4,2
2014320039702,2,9,0,3,0,4,0,0,0,0,2,1,6,2,51,8,-1,-1,-1,6,1
2014320039708,1,17,5,18,0,0,0,0,0,0,3,1,1,1,42,7,-1,2,11,8,3
2014320039708,2,9,0,18,0,0,0,0,0,0,3,1,6,2,39,7,1599,1,7,-1,-1
2014320039734,1,9,0,16,0,0,0,0,1,0,1,1,6,1,60,9,1364,1,4,1,1
2014320039734,2,9,0,17,0,0,0,0,1,0,1,1,6,1,44,7,2720,2,6,6,3
2014320039734,3,9,0,16,0,0,0,0,0,0,1,1,6,2,51,8,1399,2,2,-1,1
2014320039741,1,9,0,7,0,1,0,0,0,0,1,1,6,2,18,4,-1,-1,-1,7,1
2014320039741,2,5,0,7,0,1,0,0,0,0,2,1,6,1,59,9,1584,1,5,7,3
2014320039883,1,98,1,13,0,0,0,0,0,0,4,1,6,3,-1,-1,-1,-1,-1,-1,-1
2014320039883,2,5,0,18,0,0,0,0,1,0,3,1,6,1,74,10,918,1,14,5,1
2014320039897,1,9,0,13,0,1,0,0,7,0,0,1,6,1,29,6,1398,1,2,1,1
2014320039909,1,9,0,4,0,1,0,0,0,0,1,1,6,1,25,5,1149,1,12,2,1
2014320039909,2,9,0,2,0,1,0,0,0,0,2,1,6,1,65,9,1796,1,10,8,1
2014320039909,3,9,0,2,0,1,0,0,0,0,2,1,6,1,32,6,1560,2,5,2,1
2014320039961,1,9,0,5,0,1,0,0,0,0,3,1,6,1,71,10,1997,2,-1,9,1
2014320039961,2,5,0,16,0,6,0,0,0,0,1,1,2,1,24,5,998,1,9,3,1
2014320039962,1,9,0,9,0,6,0,0,0,0,1,1,6,2,56,9,1498,1,8,9,3
2014320039962,2,9,0,18,0,8,2,0,1,10,4,1,6,2,34,6,1248,1,1,10,2
2014320039998,1,9,0,9,0,6,0,0,0,0,1,1,6,1,46,8,1360,1,12,4,1
2014320039998,2,1,0,18,0,8,0,0,0,0,1,1,6,2,24,5,-1,-1,-1,10,1
2014320040077,1,9,0,16,0,1,1,0,7,0,1,1,6,2,50,8,998,1,2,4,3
2014320040077,2,17,4,17,0,1,0,0,0,0,0,1,1,1,40,7,6800,2,3,10,1
2014320040193,1,9,0,17,0,0,1,0,0,10,1,1,6,1,40,7,1598,1,6,10,1
2014320040193,2,21,5,16,0,0,0,0,0,0,3,1,1,1,60,9,12777,2,1,6,1
2014320040275,1,9,0,16,0,0,1,0,1,4,1,1,2,1,25,5,1870,2,12,4,3
2014320040279,1,9,0,18,9,0,0,0,7,0,1,1,1,1,47,8,-1,-1,-1,1,1
2014320040279,2,1,0,18,9,0,0,0,0,0,1,1,6,1,49,8,-1,-1,-1,4,1
2014320040382,1,9,0,9,0,2,0,0,7,2,3,1,6,1,89,11,1596,1,5,7,2
2014320040382,2,9,0,18,0,1,0,0,0,0,4,1,6,2,55,8,1587,1,11,6,3
2014320040401,1,9,0,9,0,0,0,0,0,0,4,1,6,2,48,8,1600,1,23,-1,1
2014320040401,2,8,0,18,0,0,0,0,1,0,1,1,1,1,43,7,1896,2,6,5,1
2014320040472,1,9,0,9,0,5,0,0,0,0,1,2,6,2,28,6,-1,-1,-1,6,1
2014320040472,2,9,0,18,0,1,0,0,0,0,3,1,6,1,36,7,-1,-1,-1,4,2
2014320040497,1,9,0,13,0,1,0,0,0,0,0,1,6,3,-1,-1,2143,2,-1,-1,-1
2014320040497,2,1,0,18,0,1,0,0,0,0,0,1,6,1,14,3,-1,-1,-1,5,3
2014320040535,1,9,0,9,0,8,0,0,0,0,0,2,6,2,24,5,-1,-1,-1,1,1
2014320040535,2,5,0,17,0,8,2,0,1,0,0,1,6,1,54,8,998,1,4,9,2
2014320040571,1,9,0,18,0,1,0,0,3,11,1,1,6,2,85,11,1390,1,11,9,3
2014320040571,2,9,0,18,0,2,0,0,0,0,4,1,6,1,48,8,-1,-1,-1,3,1
2014320040571,3,9,0,18,0,1,0,0,0,0,3,1,6,1,24,5,-1,-1,-1,4,1
2014320040571,4,9,0,18,0,1,0,0,0,0,3,1,6,2,34,6,1598,2,1,8,1
2014320040573,1,9,0,18,0,1,0,0,0,0,4,1,1,1,27,6,1679,1,12,8,1
2014320040654,1,9,0,4,0,0,0,0,0,0,1,1,6,1,63,9,1588,1,11,2,1
2014320040654,2,9,0,3,0,0,0,0,0,0,2,1,1,1,29,6,1956,2,2,-1,-1
2014320040686,1,9,0,16,0,0,5,0,7,9,0,1,6,2,19,4,998,1,8,10,3
2014320040690,1,4,0,7,0,6,0,0,0,0,1,1,6,2,56,9,-1,-1,-1,6,1
2014320040690,2,9,0,18,0,1,0,0,0,0,3,1,6,1,46,8,2720,2,6,9,2
2014320040733,1,9,0,5,0,1,0,0,0,0,1,1,6,1,38,7,1398,1,1,4,1
2014320040733,2,19,0,10,0,1,1,0,0,0,1,1,6,2,59,9,2460,2,10,2,1
2014320040733,3,9,0,4,0,1,0,0,0,0,4,1,6,2,27,6,1360,1,10,-1,-1
2014320040737,1,9,0,18,0,0,5,0,1,7,1,1,6,1,47,8,2183,2,3,2,1
2014320040773,1,9,0,18,0,0,1,0,1,0,0,1,6,2,52,8,1747,1,12,10,1
2014320040776,1,9,0,18,0,8,1,0,0,0,1,1,6,1,28,6,1994,1,15,4,1
2014320040776,2,9,0,3,0,8,0,0,0,0,2,1,6,1,41,7,1998,2,6,3,1
2014320040780,1,9,0,18,0,8,0,0,0,0,1,1,6,2,44,7,1242,1,8,10,1
2014320040780,2,9,0,18,0,8,0,0,0,0,3,2,6,2,28,6,1998,2,12,4,1
2014320040799,1,9,0,18,0,0,5,0,7,9,1,1,6,1,36,7,-1,-1,-1,5,2
2014320040909,1,9,0,16,0,0,2,0,7,0,0,1,6,2,41,7,1390,1,10,6,3
2014320040957,1,9,0,16,0,0,0,0,1,3,1,1,6,2,29,6,1997,2,11,6,3
2014320040962,1,9,0,5,0,1,0,0,0,0,3,1,6,2,65,9,1197,1,2,1,1
2014320040962,2,9,0,18,0,1,0,0,0,0,1,1,6,2,35,6,2000,2,5,2,3
2014320040980,1,5,0,5,0,3,0,0,0,0,0,1,1,1,32,6,599,1,14,4,1
2014320040995,1,9,0,18,0,0,1,4,0,0,1,1,6,2,18,4,1388,1,10,-1,-1
2014320040995,2,9,0,2,0,0,0,0,0,0,2,1,6,3,-1,-1,1598,1,13,8,3
2014320041020,1,9,0,9,0,8,1,0,3,4,1,1,6,1,71,10,1896,2,6,8,1
2014320041020,2,9,0,18,0,8,1,0,7,4,1,1,6,2,46,8,1396,1,5,8,3
2014320041032,1,9,0,18,0,8,2,0,0,0,1,1,6,2,68,10,995,1,7,7,2
2014320041032,2,9,0,18,0,1,1,0,0,0,1,1,6,1,48,8,-1,-1,-1,7,1
2014320041035,1,9,0,2,0,0,0,0,0,0,2,1,6,1,78,11,1997,2,7,8,1
2014320041035,2,1,0,18,0,0,0,4,0,0,1,1,6,1,31,6,-1,-1,-1,2,1
2014320041041,1,9,0,18,0,8,0,0,7,1,1,1,6,1,21,5,1596,1,9,5,1
2014320041043,1,9,0,18,0,0,1,0,1,6,1,1,6,2,57,9,1461,2,5,6,3
2014320041082,1,5,0,3,0,1,0,0,0,0,0,1,6,1,57,9,-1,-1,-1,-1,-1
2014320041082,2,9,0,9,0,1,0,0,0,0,0,1,6,2,-1,-1,2987,2,3,-1,-1
2014320041188,1,9,0,18,0,0,1,0,1,2,1,1,6,2,81,11,1589,1,17,7,3
2014320041193,1,1,0,17,0,0,0,0,0,0,0,1,6,1,41,7,-1,-1,-1,-1,-1
2014320041193,2,1,0,17,0,0,0,0,0,0,0,1,6,1,13,3,-1,-1,-1,8,1
2014320041193,3,1,0,17,0,0,0,0,0,0,0,1,6,1,39,7,-1,-1,-1,6,1
2014320041258,1,5,0,4,0,0,2,0,0,0,1,1,6,2,60,9,883,1,10,10,3
2014320041258,2,9,0,4,0,0,0,0,0,0,2,1,6,1,65,9,1299,1,12,10,2
2014320041284,1,9,0,18,0,0,0,0,0,0,1,1,6,2,48,8,1598,1,17,5,3
2014320041308,1,9,0,4,0,4,0,0,0,0,4,1,6,2,17,4,1461,2,1,4,3
2014320041308,2,22,0,9,0,2,0,0,0,0,4,1,6,1,63,9,-1,-1,-1,4,2
2014320041312,1,9,0,16,0,0,1,0,8,7,3,1,2,2,23,5,-1,-1,-1,2,1
2014320041335,1,19,0,18,0,0,0,0,7,9,1,1,1,1,54,8,1248,2,1,8,1
2014320041434,1,9,0,10,0,5,0,0,0,0,0,1,6,2,61,9,1339,1,8,7,3
2014320041434,2,5,0,13,0,2,1,0,0,0,0,1,6,1,54,8,687,1,1,7,2
2014320041561,1,5,0,18,0,3,5,0,3,0,1,1,6,1,55,8,803,1,2,9,1
2014320041569,1,9,0,18,0,0,0,4,0,0,1,2,6,1,24,5,1997,1,11,3,1
2014320041569,2,9,0,2,0,0,0,0,0,0,1,2,6,3,-1,-1,1360,1,12,3,1
2014320041569,3,9,0,2,0,0,0,0,0,0,1,2,6,3,-1,-1,1299,1,14,3,1
2014320041569,4,9,0,2,0,0,0,0,0,0,1,2,6,3,-1,-1,-1,-1,-1,2,1
2014320041605,1,9,0,18,0,0,0,0,0,0,1,1,6,1,22,5,1587,1,17,2,1
2014320041605,2,9,0,18,0,0,0,0,0,0,1,1,6,2,62,9,998,1,12,3,1
2014320041635,1,9,0,18,0,0,0,0,0,0,4,1,6,1,44,7,1497,1,10,6,2
2014320041649,1,98,0,13,0,0,0,0,0,0,0,1,6,3,-1,-1,-1,-1,-1,-1,-1
2014320041649,2,3,0,18,0,0,0,0,1,0,0,1,6,1,48,8,125,1,-1,1,1
2014320041722,1,9,0,1,0,0,0,0,0,0,2,1,6,2,29,6,1597,1,16,6,3
2014320041722,2,9,0,3,0,0,0,0,0,0,1,1,6,1,-1,-1,1910,2,10,6,3
2014320041728,1,5,0,16,0,0,1,0,0,0,1,1,6,1,48,8,1200,1,12,4,2
2014320041728,2,9,0,16,0,0,0,0,0,0,1,1,6,2,47,8,2987,2,6,5,3
2014320041738,1,9,0,18,0,0,0,0,0,0,1,1,6,2,75,10,1591,1,2,3,3
2014320041753,1,9,0,18,0,1,0,0,0,0,3,1,6,2,35,6,1968,2,4,4,3
2014320041753,2,9,0,18,0,1,1,0,0,0,1,1,6,1,-1,-1,-1,-1,-1,3,3
2014320041762,1,9,0,18,0,0,0,0,0,0,1,1,6,1,17,4,1199,1,11,7,3
2014320041939,1,9,0,18,0,0,5,0,1,9,1,1,6,2,19,4,899,1,17,-1,-1
2014320042073,1,17,0,18,0,0,0,0,0,0,0,1,1,1,54,8,-1,2,5,6,3
2014320042074,1,9,0,9,0,8,0,0,0,0,1,1,6,2,21,5,1242,1,3,-1,-1
2014320042074,2,1,0,18,0,8,0,0,0,0,1,1,6,1,64,9,-1,-1,-1,7,1
2014320042135,1,9,0,10,0,6,0,0,0,0,1,1,6,1,82,11,1560,2,-1,-1,1
2014320042135,2,9,0,9,0,8,0,0,0,0,1,1,6,2,26,6,-1,-1,-1,6,2
2014320042152,1,9,0,9,0,1,0,0,0,0,3,1,1,2,22,5,1242,1,8,7,1
2014320042152,2,4,0,18,0,8,0,0,0,0,1,1,6,1,30,6,955,1,16,5,1
2014320042173,1,9,0,18,0,0,0,0,0,0,4,1,6,2,35,6,1999,1,7,6,1
2014320042218,1,9,0,18,9,0,0,0,0,0,4,1,6,3,-1,-1,-1,-1,-1,-1,-1
2014320042234,1,9,0,1,9,0,0,0,0,0,2,1,6,2,62,9,-1,-1,-1,-1,-1
2014320042270,1,9,0,16,0,0,0,0,7,9,1,1,6,2,18,4,1299,1,11,8,1
2014320042283,1,9,0,18,0,8,0,0,0,0,4,1,2,1,31,6,1587,1,12,8,2
2014320042283,2,19,0,18,0,4,0,0,0,0,1,1,6,1,-1,-1,-1,-1,-1,-1,-1
2014320042285,1,9,0,18,0,4,0,9,3,1,1,1,6,1,23,5,1587,1,12,-1,-1
2014320042290,1,9,0,18,0,0,0,0,7,4,1,1,6,1,26,6,1910,2,9,5,2
2014320042316,1,9,0,7,0,1,0,0,0,0,4,1,1,2,62,9,1390,1,12,4,1
2014320042316,2,1,0,18,0,8,0,0,0,0,1,1,1,1,44,7,-1,-1,-1,2,1
2014320042339,1,9,0,18,0,8,5,0,0,0,4,1,6,2,51,8,1198,1,-1,7,3
2014320042339,2,9,0,18,0,8,0,0,0,0,1,1,6,1,48,8,999,1,9,6,3
2014320042339,3,9,0,18,0,1,0,0,0,0,3,1,6,1,42,7,1329,1,1,7,1
2014320042402,1,9,0,18,0,0,0,0,0,0,1,1,1,1,44,7,2993,2,4,10,2
2014320042402,2,9,0,18,0,0,0,0,0,0,1,1,2,2,37,7,1992,2,6,10,1
2014320042402,3,9,0,18,0,0,0,0,1,10,2,1,2,1,42,7,1596,1,10,7,1
2014320042402,4,9,0,18,0,0,0,0,0,0,1,1,1,1,45,7,1560,2,2,-1,3
2014320042440,1,9,0,18,0,0,0,0,0,0,2,2,6,1,40,7,1800,1,14,3,2
2014320042440,2,1,0,18,0,0,0,0,0,0,1,1,6,2,38,7,-1,-1,-1,4,1
2014320042447,1,20,0,18,0,0,0,0,1,3,1,1,1,1,22,5,-1,-1,-1,1,1
2014320042450,1,9,0,4,0,0,0,0,0,0,1,1,6,2,65,9,1298,1,14,8,3
2014320042450,2,9,0,2,0,0,0,0,1,2,2,1,6,3,-1,-1,1896,2,14,6,1
2014320042515,1,9,0,7,5,0,0,0,0,0,4,1,2,2,27,6,2494,1,11,-1,1
2014320042515,2,1,0,18,5,0,1,0,0,0,1,1,2,1,38,7,-1,-1,-1,7,3