Accident_Index,Vehicle_Reference,Vehicle_Type,Towing_and_Articulation,Vehicle_Manoeuvre,Vehicle_Location-Restricted_Lane,Junction_Location,Skidding_and_Overturning,Hit_Object_in_Carriageway,Vehicle_Leaving_Carriageway,Hit_Object_off_Carriageway,1st_Point_of_Impact,Was_Vehicle_Left_Hand_Drive?,Journey_Purpose_of_Driver,Sex_of_Driver,Age_of_Driver,Age_Band_of_Driver,Engine_Capacity_(CC),Propulsion_Code,Age_of_Vehicle,Driver_IMD_Decile,Driver_Home_Area_Type
2014320042529,1,9,0,18,0,1,1,0,7,4,3,1,2,1,46,8,1587,1,12,9,2
2014320042532,1,9,0,9,0,6,0,0,0,0,2,1,6,1,89,11,1868,2,14,6,3
2014320042532,2,17,4,18,0,1,5,0,1,9,1,1,1,1,22,5,-1,2,1,7,3
2014320042702,1,9,0,4,0,0,0,0,0,0,2,1,2,1,50,8,1461,2,13,-1,3
2014320042702,2,19,0,4,0,0,0,0,0,0,2,1,6,1,73,10,-1,-1,-1,4,2
2014320042702,3,9,0,18,0,0,0,0,0,0,1,1,6,2,73,10,1364,1,7,-1,-1
2014320042714,1,9,0,9,0,8,0,0,2,4,4,1,6,2,48,8,1495,1,7,6,3
2014320042714,2,9,0,18,0,1,1,0,0,0,1,1,6,2,48,8,1299,1,12,7,3
2014320042731,1,9,0,9,0,1,0,0,0,0,3,1,1,1,30,6,1956,2,2,10,1
2014320042731,2,9,0,13,0,1,0,0,7,4,1,1,6,1,38,7,1599,1,11,-1,-1
2014320042760,1,9,0,18,0,1,0,0,0,0,1,1,6,1,18,4,1199,1,12,6,3
2014320042760,2,9,0,18,0,1,0,0,0,0,2,1,6,1,33,6,1896,2,8,7,2
2014320042770,1,9,0,5,0,0,0,0,0,0,0,1,1,2,31,6,1997,2,6,2,1
2014320042770,2,9,0,5,0,0,0,0,0,0,1,1,1,1,27,6,1910,2,9,6,1
2014320042770,3,9,0,18,0,0,0,0,0,0,1,1,1,1,20,4,-1,-1,-1,4,3
2014320042771,1,9,0,18,0,0,0,0,0,0,1,1,6,1,39,7,1199,1,14,3,2
2014320042771,2,17,4,18,0,0,0,0,0,0,2,1,1,1,41,7,-1,2,16,4,3
2014320042789,1,9,0,18,0,1,0,0,0,0,4,1,2,1,26,6,1895,1,14,6,3
2014320042789,2,1,0,18,0,1,0,0,0,0,3,1,6,1,53,8,-1,-1,-1,10,1
2014320042790,1,9,0,18,0,0,0,0,0,0,1,1,6,2,83,11,1298,1,12,9,1
2014320042790,2,9,0,3,0,0,0,0,0,0,2,1,6,2,58,9,-1,-1,-1,10,1
2014320042791,1,9,0,7,0,6,0,0,0,0,4,1,2,2,20,4,1796,1,10,5,2
2014320042791,2,1,0,18,0,8,0,0,0,0,2,1,6,1,11,3,-1,-1,-1,8,2
2014320042799,1,19,0,16,0,1,0,0,0,0,1,1,1,1,24,5,2143,2,3,6,3
2014320042799,2,9,0,3,0,1,0,0,1,0,2,1,2,2,45,7,1560,2,2,-1,-1
2014320042803,1,5,0,13,0,1,1,0,0,0,1,1,6,1,20,4,-1,-1,-1,-1,-1
2014320042803,2,17,0,9,0,8,0,0,0,0,3,1,1,1,20,4,6788,2,1,9,3
2014320042812,1,9,0,18,0,0,0,0,1,9,0,2,6,2,40,7,1749,1,12,2,1
2014320042831,1,9,0,18,0,0,0,0,0,0,2,1,2,2,27,6,1999,1,4,4,3
2014320042831,2,9,0,18,0,0,1,0,0,0,1,1,2,2,35,6,998,1,10,2,1
2014320042949,1,9,0,18,0,8,2,0,7,0,3,1,6,1,60,9,1595,1,17,4,3
2014320042949,2,9,0,8,0,6,0,0,0,0,3,1,6,2,61,9,-1,-1,-1,4,3
2014320042953,1,9,0,17,0,0,0,0,0,0,1,1,6,2,66,10,-1,-1,-1,6,3
2014320042967,1,9,0,9,0,1,0,0,0,0,1,1,6,1,26,6,-1,-1,-1,7,1
2014320042967,2,9,0,18,0,1,0,0,0,0,1,1,1,1,35,6,1796,1,9,8,1
2014320042988,1,9,0,5,0,0,0,0,0,0,1,1,6,1,47,8,1686,2,6,6,2
2014320042988,2,5,0,18,0,0,0,0,0,0,1,1,6,1,45,7,-1,-1,-1,9,3
2014320043006,1,9,0,18,0,0,0,0,0,0,1,2,1,1,37,7,1598,1,14,5,1
2014320043006,2,3,0,18,0,0,0,0,0,0,1,1,6,1,24,5,125,1,1,4,2
2014320043010,1,9,0,18,0,0,1,0,7,0,4,1,6,1,30,6,2198,1,9,9,3
2014320043012,1,8,0,2,0,1,0,0,0,0,0,1,1,1,44,7,1995,2,2,7,1
2014320043019,1,9,0,18,0,0,0,0,0,0,1,1,6,1,50,8,2143,2,-1,-1,-1
2014320043019,2,1,0,18,0,0,0,0,0,0,1,1,2,1,26,6,-1,-1,-1,7,3
2014320043044,1,9,0,18,0,1,0,0,0,0,1,1,6,1,-1,-1,-1,-1,-1,-1,-1
2014320043044,2,9,0,3,0,1,0,0,0,0,3,1,6,2,30,6,-1,-1,-1,6,3
2014320043055,1,9,3,18,0,0,3,0,7,6,1,1,6,2,39,7,-1,-1,-1,1,1
2014320043068,1,9,0,18,0,8,0,0,0,0,1,1,6,1,51,8,1753,2,7,3,1
2014320043068,2,9,0,18,0,8,0,0,1,1,3,1,6,1,34,6,998,1,-1,-1,-1
2014320043068,3,9,0,18,0,1,0,0,0,0,1,1,6,1,55,8,-1,-1,-1,6,1
2014320043082,1,9,0,5,0,8,0,0,0,0,1,1,6,1,17,4,1390,1,8,5,3
2014320043082,2,9,0,18,0,1,0,0,0,0,1,1,6,1,82,11,1997,2,5,4,3
2014320043127,1,9,0,13,0,0,5,0,1,0,1,1,6,2,17,4,1124,1,16,10,1
2014320043127,2,21,1,18,0,0,0,0,0,0,2,1,1,1,65,9,11967,2,1,6,2
2014320043152,1,21,1,15,0,1,0,0,0,0,1,1,1,1,34,6,10837,2,3,7,3
2014320043152,2,19,0,9,0,1,1,0,7,1,2,1,1,1,51,8,1905,2,16,2,1
2014320043188,1,9,0,15,0,0,0,4,0,0,4,1,6,1,79,11,1360,1,12,7,3
2014320043188,2,9,0,2,0,0,0,0,0,0,3,1,6,2,68,10,1596,1,13,3,1
2014320043191,1,9,0,4,0,0,0,0,0,0,1,1,6,2,35,6,1598,1,2,-1,-1
2014320043236,1,19,0,18,0,0,0,0,7,0,1,1,1,1,44,7,2143,2,4,-1,-1
2014320043236,2,9,0,18,0,0,0,0,7,0,1,1,6,2,48,8,2926,2,13,1,1
2014320043236,3,19,0,18,0,0,0,0,0,0,1,1,1,1,47,8,2198,2,4,5,3
2014320043295,1,9,0,18,0,0,0,4,0,0,1,1,2,2,21,5,1199,1,11,6,3
2014320043358,1,9,0,18,0,0,0,0,0,0,1,1,6,1,-1,-1,-1,-1,-1,6,1
2014320043358,2,9,0,18,0,0,0,0,0,0,1,1,6,1,-1,-1,4966,1,11,-1,-1
2014320043374,1,9,0,18,0,0,1,0,8,10,1,1,2,1,46,8,-1,-1,-1,8,1
2014320043418,1,9,0,18,0,0,1,0,7,4,1,1,6,1,32,6,-1,-1,-1,5,3
2014320043423,1,9,0,18,9,2,0,0,1,10,1,1,6,1,26,6,1968,2,3,8,2
2014320043448,1,9,0,18,0,0,0,0,0,0,1,1,6,1,21,5,-1,-1,-1,5,3
2014320043478,1,9,0,13,0,0,0,0,0,0,1,1,6,1,21,5,1461,2,12,2,1
2014320043478,2,9,0,18,0,0,0,0,1,0,1,1,6,1,70,10,1796,1,9,2,1
2014320043478,3,9,0,18,0,0,0,0,3,0,0,1,6,2,20,4,1199,1,11,2,3
2014320043501,1,9,0,7,9,6,0,0,7,11,1,1,6,1,84,11,1600,1,15,8,1
2014320043516,1,9,0,5,0,4,0,0,0,0,1,1,6,1,68,10,1339,1,5,9,2
2014320043516,2,1,0,18,0,8,0,0,0,0,1,1,6,1,45,7,-1,-1,-1,7,1
2014320043529,1,9,0,4,0,1,0,0,0,0,1,1,2,2,35,6,1998,1,9,10,3
2014320043529,2,9,0,4,0,1,0,0,0,0,2,1,6,2,20,4,1299,1,9,3,1
2014320043543,1,9,0,18,0,0,0,0,0,0,1,1,6,2,35,6,1396,1,12,5,1
2014320043576,1,9,0,18,0,3,0,0,0,0,1,1,6,1,20,4,1240,1,10,3,1
2014320043576,2,9,0,18,0,4,0,0,0,0,3,1,1,1,48,8,2184,2,19,5,1
2014320043739,1,9,0,18,0,1,0,0,0,0,3,2,6,2,26,6,1299,1,10,10,1
2014320043739,2,4,0,18,0,1,0,0,0,0,1,1,6,1,20,4,125,1,4,6,3
2014320043811,1,9,0,17,0,1,1,0,0,0,0,1,6,1,24,5,1870,2,11,8,1
2014320043812,1,19,0,17,0,0,2,0,1,0,3,1,1,1,21,5,-1,-1,-1,6,3
2014320043835,1,9,0,18,0,0,2,0,7,0,0,1,4,2,33,6,998,1,3,5,3
2014320043861,1,9,0,18,0,0,0,0,0,0,3,1,6,1,41,7,1560,2,7,-1,-1
2014320043861,2,9,0,18,0,0,0,0,0,0,4,1,6,1,46,8,-1,-1,-1,5,3
2014320043861,3,9,0,18,0,0,0,0,0,0,3,1,6,2,58,9,2926,2,9,3,1
2014320043861,4,9,0,18,0,0,0,0,0,0,2,1,6,1,52,8,2967,2,7,6,3
2014320043914,1,5,0,16,0,0,0,0,0,0,1,1,6,1,52,8,942,1,10,4,1
2014320043914,2,9,0,17,0,0,0,0,0,0,1,1,6,1,44,7,-1,-1,-1,6,1
2014320043914,3,9,0,18,0,0,0,0,0,0,0,1,6,1,63,9,-1,-1,-1,7,3
2014320043941,1,9,0,18,0,0,0,0,0,0,1,1,6,1,68,10,1590,1,11,5,3
2014320043941,2,9,0,18,0,0,0,0,0,0,1,1,6,1,61,9,2793,1,15,5,2
2014320043941,3,9,0,18,0,0,0,0,0,0,2,1,2,2,48,8,1995,2,7,5,3
2014320043944,1,97,0,16,0,0,1,0,1,0,1,1,6,1,20,4,599,1,18,6,3
2014320043950,1,9,0,18,0,8,0,0,7,1,1,1,6,2,18,4,1299,1,11,-1,3
2014320043950,2,9,0,18,0,8,0,0,0,0,4,1,6,2,50,8,1364,2,5,10,2
2014320043966,1,9,0,18,7,5,0,0,0,0,3,2,6,1,-1,-1,2143,2,-1,-1,-1
2014320043966,2,1,0,18,6,8,2,0,0,0,1,1,2,1,25,5,-1,-1,-1,3,1
2014320043983,1,9,0,17,0,0,5,0,1,0,1,1,6,1,20,4,1596,1,8,8,3
2014320044082,1,97,0,18,0,8,0,10,3,10,1,1,1,1,44,7,997,1,12,8,1
2014320044144,1,9,0,18,0,0,1,0,0,6,1,1,6,1,23,5,1398,1,-1,-1,-1
2014320044144,2,9,0,18,0,0,0,0,0,0,4,1,6,2,55,8,1197,1,1,10,1
2014320044144,3,9,0,18,0,0,0,0,0,0,1,1,6,1,38,7,1582,2,4,8,1
2014320044216,1,9,0,7,2,1,0,0,0,0,4,1,6,1,84,11,1761,1,16,4,1
2014320044216,2,11,0,18,2,1,0,10,0,0,3,1,1,1,63,9,-1,2,14,4,1
2014320044218,1,9,0,5,6,0,0,0,0,0,1,1,6,1,45,7,1753,2,5,7,3
2014320044228,1,9,0,18,0,0,0,0,0,0,1,1,6,1,68,10,998,1,5,8,1
2014320044233,1,9,0,16,0,1,0,0,0,0,1,1,6,1,-1,-1,2143,2,-1,-1,-1
2014320044233,2,1,0,16,0,1,0,0,0,0,2,1,6,1,15,3,-1,-1,-1,8,1
2014320044247,1,9,0,9,0,0,0,0,0,0,4,1,1,1,41,7,2495,2,17,4,1
2014320044247,2,9,0,18,0,0,0,0,0,0,3,1,6,1,77,11,1299,1,9,-1,-1
2014320044255,1,4,0,16,0,0,2,0,1,0,1,1,6,1,43,7,-1,-1,-1,5,1
2014320044255,2,9,0,17,0,0,0,0,0,0,1,2,6,1,48,8,1299,1,13,10,1
2014320044264,1,9,0,18,0,0,0,0,1,9,1,1,6,1,21,5,1994,2,11,6,1
2014320044278,1,1,0,14,0,0,0,0,0,0,1,1,6,1,59,9,-1,-1,-1,5,3
2014320044278,2,9,0,2,0,0,0,0,0,0,4,1,6,3,-1,-1,1248,2,8,-1,-1
2014320044288,1,9,0,18,0,0,5,0,7,8,2,1,6,1,22,5,1997,1,12,4,2
2014320044309,1,9,0,5,0,6,0,0,0,0,4,1,1,1,42,7,1956,2,3,1,1
2014320044309,2,9,0,18,0,8,0,0,1,9,1,1,2,2,27,6,1781,1,14,6,2
2014320044325,1,9,0,7,0,8,0,0,0,0,2,1,6,1,62,9,-1,-1,-1,8,1
2014320044325,2,9,0,18,0,8,0,0,0,0,1,1,6,1,38,7,1968,2,2,-1,3
2014320044367,1,9,0,18,0,0,0,0,0,0,1,1,6,2,60,9,-1,-1,-1,-1,-1
2014320044465,1,9,0,18,0,0,5,0,1,0,4,1,6,1,32,6,2000,2,20,5,3
2014320044466,1,9,0,9,0,6,0,0,0,0,1,1,6,2,57,9,1324,1,14,10,1
2014320044466,2,8,0,18,0,1,0,0,0,0,1,1,1,2,49,8,1910,2,5,8,1
2014320044560,1,9,0,1,0,0,0,0,0,0,2,1,1,1,36,7,-1,-1,-1,-1,3
2014320044560,2,9,0,3,0,0,0,0,0,0,1,1,6,1,22,5,1390,1,13,9,1
2014320044656,1,9,0,3,0,1,0,0,0,0,0,1,6,2,23,5,1490,1,7,2,1
2014320044656,2,9,0,18,0,1,0,0,0,0,1,1,6,1,52,8,-1,-1,-1,2,1
2014320044680,1,9,0,18,0,0,0,0,0,0,1,1,6,1,31,6,1769,1,9,7,1
2014320044687,1,9,0,18,0,1,0,0,0,0,1,1,1,2,50,8,1242,1,6,6,2
2014320044690,1,9,0,18,0,1,0,0,0,0,1,1,6,1,-1,-1,998,1,10,8,3
2014320044690,2,9,0,3,0,1,0,0,0,0,2,1,2,1,37,7,1598,2,3,4,2
2014320044896,1,19,0,9,0,8,0,0,0,0,4,1,1,1,23,5,2143,2,2,4,1
2014320044896,2,19,0,9,0,8,0,0,0,0,1,1,1,1,50,8,2198,2,2,5,1
2014320044899,1,9,0,18,0,0,0,0,0,0,1,1,6,2,22,5,1368,1,5,6,1
2014320044899,2,9,0,3,0,0,0,0,0,0,2,1,6,1,19,4,-1,-1,-1,4,1
2014320044899,3,9,0,3,0,0,0,0,0,0,2,1,6,1,22,5,1198,1,1,8,1
2014320044899,4,90,0,3,0,0,0,0,0,0,2,1,6,3,-1,-1,-1,-1,-1,-1,-1
2014320044931,1,9,0,18,0,0,0,0,1,9,0,1,6,2,30,6,1598,1,14,5,3
2014320044939,1,9,0,18,0,1,0,0,0,0,1,1,6,1,-1,-1,1242,1,5,-1,-1
2014320044939,2,9,0,10,0,1,0,0,0,0,2,1,6,2,21,5,1388,1,8,7,1
2014320044956,1,9,0,18,0,0,0,0,0,0,1,1,6,1,29,6,-1,-1,-1,5,2
2014320044956,2,3,0,2,0,0,0,0,0,0,2,1,6,1,62,9,-1,-1,-1,4,3
2014320044972,1,9,0,18,0,8,1,0,3,10,1,1,6,2,27,6,1368,1,10,6,2
2014320044998,1,9,0,17,0,1,0,0,1,11,1,1,6,2,18,4,1124,1,15,2,3
2014320045090,1,9,0,18,0,1,1,0,7,0,1,1,6,1,34,6,2231,2,7,4,2
2014320045127,1,9,0,4,0,1,1,0,0,0,1,1,6,2,26,6,1061,1,9,9,3
2014320045127,2,9,0,3,0,1,0,0,0,0,2,1,6,1,30,6,1968,2,-1,10,1
2014320045146,1,4,0,16,0,0,0,0,7,1,1,1,6,1,16,4,-1,-1,-1,-1,-1
2014320045161,1,9,0,18,0,6,0,0,1,0,1,1,6,1,82,11,1997,2,16,7,3
2014320045161,2,9,0,18,0,2,1,0,0,0,2,1,6,1,28,6,1598,1,11,6,1
2014320045178,1,9,0,18,0,8,0,0,0,0,1,1,6,1,43,7,1984,1,11,4,1
2014320045178,2,9,0,5,0,8,0,0,0,0,1,1,6,1,40,7,1398,1,9,5,1
2014320045195,1,9,0,17,0,0,0,0,0,0,1,1,6,1,67,10,2499,1,3,10,1
2014320045195,2,5,0,16,0,0,0,0,0,0,3,1,6,1,57,9,-1,-1,-1,-1,-1
2014320045199,1,9,0,4,0,0,0,0,0,0,1,1,6,1,27,6,1598,1,7,4,1
2014320045199,2,9,0,18,0,0,0,0,0,0,2,1,6,1,76,11,-1,-1,-1,2,1
2014320045199,3,9,0,18,0,0,0,0,0,0,1,1,6,1,35,6,-1,-1,-1,7,1
2014320045199,4,9,0,18,0,0,0,0,7,0,4,1,6,1,70,10,995,1,6,2,1
2014320045237,1,9,0,13,0,0,0,0,0,0,3,1,6,1,70,10,1560,2,1,5,3
2014320045237,2,9,0,18,0,0,0,0,0,0,0,1,6,1,28,6,-1,-1,-1,7,3
2014320045237,3,1,0,18,0,0,0,0,1,0,3,1,6,1,53,8,-1,-1,-1,5,3
2014320045254,1,19,0,18,0,2,0,0,0,0,4,1,6,1,-1,-1,2402,2,5,9,1
2014320045254,2,9,0,18,0,2,0,0,0,0,3,1,6,1,23,5,1598,1,10,9,2
2014320045349,1,9,0,18,0,0,5,0,7,11,1,1,6,1,26,6,1999,1,13,-1,-1
2014320045459,1,90,0,7,0,6,0,0,0,0,1,1,6,3,-1,-1,-1,-1,-1,-1,-1
2014320045459,2,2,0,18,0,8,0,0,0,0,4,1,6,1,22,5,124,1,16,2,1
2014320045464,1,9,0,10,0,1,0,0,0,0,1,1,6,1,23,5,1242,1,2,7,1
2014320045464,2,9,0,18,0,1,1,0,0,0,1,1,6,2,23,5,1124,1,10,6,1
2014320045464,3,9,0,9,0,5,0,0,0,0,3,1,6,2,54,8,-1,-1,-1,7,1
2014320045468,1,9,0,18,0,1,0,0,0,0,1,1,6,1,60,9,1596,1,13,1,3
2014320045468,2,9,0,18,0,1,0,0,0,0,2,1,6,1,70,10,1198,1,2,6,1
2014320045469,1,9,0,18,0,8,2,0,1,1,4,1,6,1,23,5,1388,1,10,3,1
2014320045469,2,9,0,18,0,8,2,0,1,0,1,1,6,1,75,10,1997,2,9,3,3
2014320045497,1,9,4,5,0,1,0,0,0,0,1,1,6,1,39,7,2993,2,3,8,1
2014320045497,2,9,0,3,0,1,0,0,0,0,2,1,6,2,32,6,1560,2,6,10,1
2014320045509,1,5,0,18,0,0,0,10,0,0,3,1,1,1,45,7,749,1,13,2,1
2014320045765,1,9,0,11,0,8,0,0,0,0,2,1,6,1,-1,-1,-1,-1,-1,-1,-1
2014320045765,2,97,0,18,0,8,0,0,0,0,3,1,6,1,16,4,49,1,-1,10,1
2014320045860,1,9,0,16,0,1,0,0,0,0,1,1,2,1,19,4,1598,1,14,5,1
2014320045860,2,9,0,10,0,1,0,0,0,0,2,1,2,1,26,6,1560,2,3,2,1
2014320045873,1,9,0,13,0,0,0,0,0,0,1,1,1,1,23,5,1560,2,-1,3,3
2014320045873,2,9,0,18,0,0,0,0,7,0,1,1,3,1,54,8,1998,1,10,3,1
2014320045873,3,9,0,18,0,0,0,0,7,0,4,1,2,2,24,5,1997,1,2,4,1
2014320045932,1,9,0,17,0,0,1,0,1,9,4,1,6,1,18,4,1198,1,3,9,1
2014320045955,1,9,0,5,0,1,0,0,0,0,1,1,6,2,73,10,1390,1,9,8,1
2014320045955,2,2,0,18,0,1,5,0,0,0,3,1,6,1,17,4,49,1,2,3,3
2014320046069,1,9,0,18,0,1,0,0,0,0,4,2,6,1,78,11,1398,1,4,9,3
2014320046085,1,9,0,18,0,1,0,0,0,0,1,1,6,2,48,8,-1,-1,-1,4,3
2014320046085,2,9,0,10,0,7,0,0,0,0,1,1,6,1,47,8,1598,2,2,5,3
2014320046177,1,19,0,18,0,0,0,0,7,4,3,1,1,1,39,7,1998,2,11,10,2
2014320046318,1,9,0,18,0,1,0,0,0,0,1,1,2,1,18,4,1398,2,12,7,3
2014320046318,2,9,0,4,0,1,0,0,0,0,2,1,2,1,51,8,1229,1,4,10,1
2014320046389,1,9,0,18,0,4,0,0,0,0,1,1,1,2,45,7,-1,-1,-1,3,1
2014320046389,2,1,0,18,0,8,0,0,0,0,4,1,6,1,69,10,-1,-1,-1,3,1
2014320046412,1,9,0,5,0,1,0,0,0,0,1,1,6,1,45,7,-1,-1,-1,3,1
2014320046412,2,9,0,18,0,1,0,0,0,0,1,1,6,1,82,11,1796,1,4,6,3
2014320046427,1,9,0,9,0,5,0,0,0,0,1,1,6,2,17,4,1595,1,12,3,1
2014320046427,2,1,0,18,0,8,0,0,0,0,1,1,6,1,55,8,-1,-1,-1,1,1
2014320046547,1,9,0,18,0,0,0,0,7,9,1,1,6,1,26,6,1995,2,2,4,1
2014320046555,1,9,0,4,0,0,0,0,0,0,1,1,6,1,21,5,1497,1,11,5,1
2014320046555,2,9,0,3,0,0,0,0,0,0,2,1,6,1,74,10,-1,-1,-1,6,1
2014320046555,3,9,0,3,0,0,0,0,0,0,2,1,6,2,32,6,1997,2,13,1,1
2014320046580,1,9,0,18,0,0,0,0,0,0,3,1,6,2,72,10,1985,1,17,4,3
2014320046580,2,1,0,18,0,0,0,0,0,0,1,1,6,1,16,4,-1,-1,-1,2,3
2014320046591,1,9,0,18,0,8,0,0,0,0,1,1,6,1,21,5,2495,2,28,7,1
2014320046597,1,5,0,18,0,0,0,0,0,0,0,1,6,1,54,8,599,1,15,2,1
2014320046597,2,9,0,18,0,0,0,0,0,0,3,2,6,2,31,6,1299,1,10,6,1
2014320046701,1,3,0,18,0,1,0,0,0,0,1,1,6,2,54,8,125,1,3,3,1
2014320046701,2,98,0,9,0,1,0,0,0,0,3,1,6,1,23,5,2402,2,12,2,1
2014320046707,1,19,0,17,0,0,0,0,1,9,1,1,1,1,28,6,-1,-1,-1,4,1
2014320046732,1,9,0,17,0,0,1,0,1,0,1,1,2,2,49,8,1560,2,7,6,3
2014320046732,2,9,0,18,0,0,0,0,1,0,1,1,6,2,44,7,1781,1,14,9,2
2014320046744,1,9,0,18,0,0,0,0,1,0,1,1,6,1,48,8,1299,1,11,7,3
2014320046744,2,9,0,18,0,0,0,0,1,0,1,1,6,2,50,8,1560,2,4,10,3
2014320046766,1,9,0,18,0,0,1,0,7,8,1,1,2,2,35,6,1995,2,9,4,2
2014320046799,1,9,0,16,0,0,0,0,0,0,1,1,6,1,-1,-1,1761,1,14,-1,-1
2014320046799,2,9,0,17,0,0,0,0,1,0,1,1,6,1,36,7,1598,2,3,1,1
2014320046916,1,9,0,4,0,4,0,0,0,0,4,1,6,1,89,11,1997,1,12,9,2
2014320046916,2,9,0,3,0,8,0,0,0,0,1,1,6,1,54,8,1399,2,4,-1,1
2014320046994,1,3,0,18,0,0,0,0,0,0,1,1,6,1,21,5,-1,-1,-1,4,1
2014320047008,1,9,0,18,0,1,0,0,0,0,1,1,2,2,39,7,1390,1,2,4,3
2014320047008,2,9,0,3,0,1,0,0,0,0,2,1,6,2,61,9,-1,-1,-1,5,3
2014320047012,1,9,0,18,0,0,5,0,1,9,1,1,6,2,20,4,1299,1,11,6,2
2014320047016,1,9,0,16,0,0,2,0,1,10,1,1,6,1,18,4,1299,1,12,7,2
2014320047024,1,9,0,5,4,6,0,0,0,0,1,1,6,2,38,7,1968,2,8,-1,1
2014320047024,2,1,0,18,4,8,0,0,0,0,1,1,6,2,65,9,-1,-1,-1,-1,1
2014320047030,1,9,0,17,0,0,0,0,1,9,4,1,6,1,18,4,1199,1,12,10,1
2014320047039,1,19,0,18,0,1,0,0,0,0,1,1,6,1,49,8,2198,2,7,-1,-1
2014320047039,2,9,4,2,0,8,0,0,0,0,0,1,6,1,-1,-1,3199,1,9,-1,-1
2014320047307,1,9,0,18,0,0,2,4,0,0,1,1,6,1,72,10,-1,-1,-1,8,2
2014320047307,2,9,0,2,0,0,0,4,0,0,1,1,6,3,-1,-1,998,1,5,-1,-1
2014320047307,3,9,0,2,0,0,0,0,0,0,2,1,6,3,-1,-1,1348,1,12,-1,-1
2014320047334,1,9,0,7,0,1,0,0,0,0,1,1,1,2,60,9,1198,1,-1,4,1
2014320047334,2,1,0,18,0,8,0,0,0,0,1,1,6,2,40,7,-1,-1,-1,2,1
2014320047367,1,9,0,18,0,0,0,0,0,0,1,1,6,1,70,10,2204,2,8,9,2
2014320047367,2,19,0,18,0,0,0,0,0,0,2,1,6,2,75,10,1896,2,5,9,3
2014320047399,1,9,0,9,0,8,0,0,0,0,3,1,1,1,32,6,1686,2,2,4,1
2014320047399,2,9,0,17,0,8,1,0,0,0,1,1,6,1,28,6,-1,-1,-1,2,1
2014320047432,1,9,0,11,0,2,1,0,1,11,1,1,6,2,21,5,1124,1,11,6,3
2014320047468,1,9,0,18,0,1,0,0,2,0,3,1,6,2,51,8,995,1,9,5,3
2014320047468,2,21,1,7,0,1,0,0,0,0,4,1,1,1,41,7,10518,2,2,-1,-1
2014320047470,1,19,0,18,0,1,0,0,0,0,1,1,6,1,65,9,-1,-1,-1,6,3
2014320047470,2,9,0,18,0,1,0,0,0,0,3,1,6,1,46,8,1560,2,3,10,3
2014320047474,1,9,0,18,0,6,0,0,0,0,4,1,1,1,43,7,1968,2,8,-1,-1
2014320047474,2,9,0,18,0,1,0,0,0,0,1,1,1,1,28,6,-1,-1,-1,5,3
2014320047486,1,1,0,18,9,0,0,0,0,0,0,1,6,1,39,7,-1,-1,-1,-1,-1
2014320047492,1,9,0,5,0,6,0,0,0,0,1,1,6,1,22,5,1229,1,9,5,1
2014320047492,2,3,0,14,0,1,5,0,0,0,4,1,6,1,20,4,125,1,2,10,1
2014320047575,1,9,0,17,0,0,0,0,1,9,1,1,1,1,33,6,1997,2,10,9,1
2014320047612,1,5,0,15,0,2,2,0,0,0,1,1,6,1,21,5,675,1,1,-1,1
2014320047616,1,9,0,9,0,0,0,0,0,0,1,1,1,2,48,8,-1,-1,-1,3,1
2014320047616,2,97,0,3,0,0,1,0,0,0,3,1,2,1,17,4,-1,-1,-1,5,3
2014320047616,3,97,0,3,0,0,0,0,0,0,0,1,2,1,19,4,124,1,5,4,3
2014320047637,1,1,0,18,0,1,0,0,0,0,1,1,6,1,8,2,-1,-1,-1,-1,1
2014320047637,2,19,0,18,0,1,0,0,0,0,4,1,6,1,54,8,2198,2,1,2,1
2014320047638,1,9,0,9,0,1,0,0,0,0,1,1,1,1,66,10,-1,-1,-1,-1,1
2014320047638,2,9,0,18,0,1,0,0,0,0,1,1,6,1,59,9,-1,-1,-1,7,1
2014320047685,1,9,0,9,0,6,0,0,0,0,1,1,6,2,51,8,1395,1,1,-1,-1
2014320047685,2,5,0,18,0,1,0,0,0,0,1,1,6,1,41,7,-1,-1,-1,9,1
2014320047764,1,19,0,18,0,0,0,0,0,0,1,1,6,1,67,10,1995,2,6,6,3
2014320047765,1,9,0,18,0,0,0,0,0,0,0,1,6,2,50,8,1598,1,5,4,2
2014320047769,1,9,0,1,7,8,0,0,0,0,0,1,3,3,-1,-1,-1,-1,-1,-1,-1
2014320047788,1,9,0,9,0,6,0,0,0,0,0,1,6,2,39,7,2204,2,7,8,2
2014320047788,2,3,0,18,0,1,1,0,0,0,0,1,6,1,18,4,124,1,2,-1,-1
2014320047853,1,9,0,18,7,1,0,0,1,0,1,1,1,2,50,8,1586,1,1,-1,-1
2014320047853,2,9,0,7,7,8,0,0,0,0,4,1,1,1,52,8,-1,-1,-1,10,1
2014320047899,1,9,5,18,0,0,4,0,1,11,0,1,6,1,23,5,1997,2,13,-1,1
2014320047899,2,9,0,18,0,0,0,0,0,0,1,1,6,1,22,5,1896,2,13,-1,1