Accident_Index,Vehicle_Reference,Vehicle_Type,Towing_and_Articulation,Vehicle_Manoeuvre,Vehicle_Location-Restricted_Lane,Junction_Location,Skidding_and_Overturning,Hit_Object_in_Carriageway,Vehicle_Leaving_Carriageway,Hit_Object_off_Carriageway,1st_Point_of_Impact,Was_Vehicle_Left_Hand_Drive?,Journey_Purpose_of_Driver,Sex_of_Driver,Age_of_Driver,Age_Band_of_Driver,Engine_Capacity_(CC),Propulsion_Code,Age_of_Vehicle,Driver_IMD_Decile,Driver_Home_Area_Type
2014320061508,4,9,0,18,0,0,0,0,0,0,1,1,6,1,21,5,-1,-1,-1,8,1
2014320061526,1,9,0,4,0,1,0,0,0,0,1,1,6,2,19,4,998,1,8,7,2
2014320061526,2,9,0,4,0,6,0,0,0,0,2,1,6,1,41,7,1598,2,1,4,1
2014320061534,1,19,0,9,0,6,0,0,0,0,1,1,2,1,30,6,2198,2,3,-1,1
2014320061534,2,1,0,18,0,8,0,0,0,0,4,1,2,1,37,7,-1,-1,-1,5,1
2014320061536,1,9,0,5,0,1,0,0,0,0,3,1,6,1,19,4,1299,1,7,2,1
2014320061536,2,2,0,14,0,1,0,0,0,0,1,1,6,1,25,5,49,1,3,3,1
2014320061537,1,9,0,16,0,0,2,0,7,0,0,1,6,1,21,5,-1,-1,-1,6,3
2014320061542,1,9,0,9,0,2,0,0,0,0,1,1,6,1,-1,-1,2143,2,-1,-1,-1
2014320061542,2,1,0,18,0,8,0,0,0,0,1,1,6,1,16,4,-1,-1,-1,5,3
2014320061553,1,3,0,18,0,0,1,0,0,0,0,1,2,1,67,10,-1,-1,-1,6,3
2014320061560,1,9,0,18,0,0,2,0,1,9,1,1,2,2,24,5,995,1,4,2,1
2014320061561,1,9,0,18,0,1,0,0,0,0,1,1,6,2,39,7,1597,1,16,6,3
2014320061561,2,9,0,9,0,8,0,0,0,0,4,1,6,2,20,4,1360,1,12,7,3
2014320061573,1,8,0,5,0,6,0,0,0,0,1,1,2,3,-1,-1,-1,-1,-1,-1,-1
2014320061573,2,1,0,18,0,2,0,0,0,0,1,1,6,1,44,7,-1,-1,-1,8,3
2014320061590,1,9,0,17,0,0,0,0,0,0,1,1,6,2,42,7,2295,1,17,4,1
2014320061590,2,9,0,16,0,0,0,0,0,0,1,1,6,2,27,6,1149,1,8,4,1
2014320061622,1,9,0,9,0,5,0,0,0,0,1,1,1,1,40,7,2148,2,13,2,1
2014320061622,2,9,0,18,0,1,0,0,0,0,1,1,1,2,30,6,-1,-1,-1,8,1
2014320061634,1,9,0,17,0,0,0,0,0,0,3,1,6,2,21,5,995,1,-1,5,3
2014320061634,2,9,0,16,0,0,0,0,0,0,3,1,6,2,39,7,3199,7,13,5,2
2014320061650,1,9,0,5,0,4,0,0,0,0,4,1,6,2,39,7,-1,-1,-1,3,3
2014320061650,2,9,0,5,0,3,0,0,0,0,4,1,6,2,27,6,-1,-1,-1,2,1
2014320061679,1,9,0,18,0,0,1,0,0,0,3,1,1,1,50,8,-1,-1,-1,9,3
2014320061679,2,9,0,18,0,0,2,0,0,1,3,1,2,1,46,8,2179,2,2,-1,-1
2014320061679,3,9,0,2,6,0,0,0,0,0,0,1,6,1,61,9,1970,1,11,-1,-1
2014320061695,1,2,0,16,0,0,2,0,0,0,0,1,1,1,20,4,49,1,2,4,3
2014320061704,1,9,0,18,0,0,0,0,8,7,1,1,6,2,69,10,1396,1,3,7,3
2014320061704,2,9,0,18,0,0,0,0,0,0,1,1,1,1,58,9,1968,2,3,10,1
2014320061704,3,9,0,18,0,0,0,0,0,0,3,1,1,1,50,8,2143,2,-1,-1,-1
2014320061707,1,9,0,10,0,1,0,0,0,0,1,1,6,2,58,9,1149,1,10,2,1
2014320061707,2,9,0,18,0,1,0,0,0,0,4,1,6,1,29,6,2982,2,-1,5,3
2014320061718,1,19,0,9,0,0,0,0,0,0,4,1,1,1,27,6,2143,2,1,1,1
2014320061718,2,9,0,18,0,0,0,0,0,0,1,1,6,2,40,7,1997,2,4,6,1
2014320061722,1,9,0,18,0,0,0,0,0,0,1,1,6,1,63,9,1685,2,-1,8,1
2014320061722,2,9,0,4,0,0,0,0,0,0,2,1,6,2,22,5,1242,1,14,3,1
2014320061722,3,9,0,4,0,0,0,0,0,0,2,1,6,2,76,11,999,1,7,8,1
2014320061723,1,9,0,18,0,1,0,0,0,0,1,1,6,2,51,8,1896,2,7,9,3
2014320061723,2,9,0,18,0,1,0,0,0,0,2,1,6,2,32,6,1598,1,5,4,1
2014320061766,1,3,0,17,0,0,0,0,0,0,3,1,6,1,21,5,124,1,6,7,2
2014320061788,1,9,0,16,0,0,0,0,1,0,1,1,6,1,26,6,2198,1,10,8,3
2014320061807,1,9,0,7,0,2,2,0,7,4,3,1,2,1,43,7,1390,1,10,6,1
2014320061881,1,9,0,13,0,1,1,0,0,0,1,1,6,1,24,5,1799,1,7,1,1
2014320061881,2,9,0,10,0,1,0,0,7,0,3,1,6,1,19,4,-1,-1,-1,5,3
2014320061978,1,19,0,18,0,0,0,0,0,0,1,1,6,1,56,9,2402,2,3,3,3
2014320061978,2,9,0,18,0,0,0,0,0,0,1,1,6,2,55,8,2000,1,5,2,1
2014320061978,3,9,0,18,0,0,0,0,0,0,1,1,6,1,29,6,1796,1,14,6,1
2014320062053,1,9,0,18,0,0,0,0,0,0,1,1,6,2,40,7,1796,1,6,4,3
2014320062053,2,9,0,18,0,0,0,0,0,0,1,1,6,2,29,6,1598,1,12,6,1
2014320062069,1,9,0,18,0,1,0,0,0,0,1,1,4,2,19,4,1600,2,4,9,1
2014320062069,2,9,0,10,0,8,0,0,0,0,2,1,4,2,17,4,1798,1,7,6,1
2014320062103,1,9,0,16,0,0,1,0,7,4,1,1,2,2,54,8,3226,2,13,4,2
2014320062129,1,19,0,18,0,0,0,0,0,0,3,1,1,1,44,7,-1,-1,-1,8,1
2014320062129,2,9,0,16,0,0,1,0,0,0,1,1,1,2,24,5,1364,1,8,6,2
2014320062130,1,9,0,18,0,1,0,0,0,0,1,1,1,1,50,8,1560,2,-1,-1,-1
2014320062130,2,9,0,18,0,1,0,0,0,0,1,1,6,1,48,8,-1,-1,-1,4,1
2014320062130,3,9,0,18,0,1,0,0,0,0,2,1,2,1,57,9,1769,1,13,2,1
2014320062137,1,9,0,15,0,1,0,0,0,0,0,1,6,2,34,6,1388,1,4,5,1
2014320062137,2,5,0,18,0,1,1,0,0,0,1,1,6,2,40,7,645,1,5,10,2
2014320062156,1,9,0,15,0,0,0,4,0,0,1,1,6,1,81,11,-1,-1,-1,9,2
2014320062156,2,9,0,2,0,0,0,0,0,0,2,1,6,3,-1,-1,4297,1,5,-1,-1
2014320062157,1,9,0,5,0,2,0,0,0,0,1,1,6,1,20,4,1298,1,11,1,1
2014320062157,2,9,0,18,0,1,0,0,7,0,4,1,6,2,71,10,1298,1,1,2,1
2014320062166,1,9,0,16,0,0,2,0,1,0,0,1,6,1,28,6,1229,1,7,5,3
2014320062171,1,9,0,17,0,0,2,0,1,11,1,1,6,2,19,4,1229,1,-1,3,1
2014320062220,1,2,0,17,0,0,1,0,0,0,0,1,6,1,59,9,49,1,6,6,3
2014320062224,1,9,0,13,0,0,1,0,7,0,3,1,6,1,28,6,1998,1,9,8,2
2014320062224,2,90,0,13,0,0,0,0,0,0,4,1,6,3,-1,-1,-1,-1,-1,-1,-1
2014320062226,1,9,0,16,0,1,1,0,1,0,4,1,6,1,63,9,999,1,23,7,2
2014320062226,2,9,0,8,0,1,0,0,0,0,2,1,6,1,43,7,1796,1,17,6,3
2014320062256,1,9,0,4,0,0,2,0,7,10,3,1,6,2,27,6,1390,1,3,3,3
2014320062261,1,90,0,5,0,0,0,0,0,0,1,1,6,1,44,7,-1,-1,-1,6,3
2014320062261,2,9,0,5,0,0,0,0,0,0,2,1,6,1,20,4,2000,2,5,6,1
2014320062263,1,9,0,18,0,1,0,0,0,0,1,1,6,2,25,5,1360,1,13,6,1
2014320062263,2,1,0,5,0,6,0,0,0,0,1,1,1,2,15,3,-1,-1,-1,3,1
2014320062278,1,9,0,7,0,5,0,0,0,0,1,1,6,1,-1,-1,2179,2,2,5,3
2014320062278,2,1,0,18,0,1,0,0,0,0,2,1,6,2,44,7,-1,-1,-1,5,2
2014320062298,1,9,0,16,0,0,0,0,7,7,1,1,6,1,31,6,1796,1,17,6,3
2014320062431,1,9,0,18,0,8,0,0,0,0,4,1,6,1,23,5,-1,-1,-1,3,1
2014320062431,2,1,0,18,0,8,0,0,0,0,1,1,6,1,40,7,-1,-1,-1,7,3
2014320062550,1,9,0,18,0,0,0,0,4,6,4,1,1,1,45,7,-1,-1,-1,2,1
2014320062550,2,9,0,18,0,0,0,0,0,0,3,1,1,1,-1,-1,-1,-1,-1,-1,-1
2014320062556,1,9,0,9,0,1,0,0,0,0,3,1,2,1,42,7,1910,2,7,1,1
2014320062556,2,2,0,14,0,1,0,0,0,0,4,1,2,1,47,8,49,1,8,10,2
2014320062579,1,9,0,18,0,0,0,0,0,0,4,1,6,1,30,6,1870,2,9,-1,-1
2014320062579,2,9,0,18,0,0,0,0,0,0,3,1,6,1,30,6,2401,2,11,2,1
2014320062590,1,9,0,18,0,8,0,0,0,0,1,2,2,2,26,6,-1,-1,-1,1,1
2014320062590,2,90,5,10,0,1,0,0,0,0,1,2,6,1,60,9,3000,2,7,9,1
2014320062623,1,9,0,18,0,0,0,4,0,0,1,1,6,1,76,11,1995,2,6,9,3
2014320062623,2,9,0,18,0,0,0,4,0,0,1,1,2,1,59,9,1597,2,-1,-1,-1
2014320062623,3,20,0,2,0,0,0,0,0,0,2,1,1,1,60,9,-1,-1,-1,-1,-1
2014320062657,1,9,0,17,0,0,5,0,1,0,4,1,6,2,19,4,1199,1,12,4,3
2014320062714,1,9,0,18,0,1,0,0,0,0,1,1,6,2,51,8,-1,-1,-1,5,2
2014320062714,2,9,0,10,0,1,0,0,0,0,2,1,6,2,22,5,1242,1,3,8,1
2014320062749,1,9,0,14,0,0,0,0,0,0,3,1,6,2,61,9,1400,1,8,6,3
2014320062749,2,9,0,18,0,0,0,0,0,0,3,1,6,1,23,5,1396,1,13,-1,-1
2014320062811,1,9,0,16,0,0,1,0,7,4,1,1,1,1,56,9,-1,-1,-1,6,1
2014320062859,1,9,0,18,0,8,0,0,0,0,1,1,6,1,-1,-1,1994,2,11,7,3
2014320062859,2,19,0,18,0,8,0,0,0,0,1,1,6,1,26,6,1686,2,10,8,1
2014320062922,1,9,0,9,0,1,0,0,0,0,3,1,6,2,19,4,1368,1,5,3,1
2014320062922,2,9,0,18,0,1,1,0,0,0,1,1,6,1,38,7,1598,1,12,-1,-1
2014320062932,1,9,0,18,0,1,0,0,0,0,1,1,6,2,-1,-1,1299,1,11,5,1
2014320062932,2,9,0,18,0,1,0,0,0,0,2,1,6,2,-1,-1,-1,-1,-1,6,2
2014320062943,1,9,0,18,0,0,0,0,0,0,1,1,6,2,19,4,1299,1,13,-1,-1
2014320062943,2,9,0,3,0,0,0,0,0,0,2,1,2,2,28,6,1398,2,6,2,1
2014320062943,3,9,0,3,0,0,0,0,0,0,2,1,2,2,54,8,999,1,3,9,2
2014320062970,1,9,0,4,0,1,0,0,0,0,1,1,6,2,55,8,1398,2,12,-1,1
2014320062970,2,9,0,4,0,1,0,0,0,0,2,1,6,1,33,6,1248,2,3,-1,1
2014320063010,1,9,0,18,0,1,0,0,0,0,1,1,2,1,55,8,1840,1,15,-1,-1
2014320063010,2,9,0,18,0,1,0,0,0,0,1,1,2,1,29,6,1598,1,23,-1,-1
2014320063010,3,11,0,18,0,1,0,0,0,0,1,1,1,1,54,8,7300,2,8,-1,-1
2014320063010,4,9,0,18,0,1,0,0,0,0,1,1,2,2,27,6,1124,1,8,-1,-1
2014320063010,5,9,0,18,0,1,0,0,0,0,1,1,2,1,47,8,1997,2,4,-1,-1
2014320063017,1,3,0,18,0,1,1,0,0,0,0,1,4,1,20,4,124,1,3,6,3
2014320063020,1,9,0,5,0,1,0,0,0,0,1,1,2,2,45,7,1796,1,10,7,1
2014320063020,2,21,1,3,0,1,0,0,0,0,2,1,1,1,47,8,10837,2,8,2,1
2014320063039,1,9,0,11,0,8,0,0,0,0,3,1,6,1,51,8,1598,2,2,2,1
2014320063039,2,1,0,18,0,8,0,0,0,0,1,1,6,1,62,9,-1,-1,-1,4,1
2014320063076,1,19,0,9,0,5,0,0,0,0,2,1,1,1,35,6,2143,2,3,6,1
2014320063076,2,19,0,18,0,1,0,0,0,0,1,1,1,1,35,6,2148,2,6,1,1
2014320063138,1,9,0,18,9,0,2,0,1,5,1,1,6,2,50,8,995,1,5,5,3
2014320063141,1,19,0,18,0,5,1,0,0,0,1,1,2,1,17,4,-1,-1,-1,3,3
2014320063141,2,1,0,17,0,8,0,0,0,0,1,1,2,1,36,7,-1,-1,-1,8,3
2014320063144,1,9,0,18,0,0,0,0,0,0,4,1,3,2,61,9,1598,1,2,5,1
2014320063155,1,9,0,7,0,5,0,0,0,0,1,1,6,3,-1,-1,-1,-1,-1,2,1
2014320063169,1,9,0,4,0,0,1,0,0,0,1,1,2,1,26,6,1461,2,3,-1,-1
2014320063169,2,9,0,3,0,0,1,0,1,9,2,1,2,1,27,6,1364,1,6,-1,-1
2014320063169,3,19,0,3,0,0,0,0,0,0,2,1,2,1,38,7,1248,2,5,-1,-1
2014320063198,1,9,0,18,0,8,0,0,0,0,1,1,6,1,23,5,-1,-1,-1,4,1
2014320063198,2,9,0,9,0,8,0,0,0,0,3,1,6,2,41,7,1590,1,11,8,1
2014320063300,1,9,0,4,9,2,0,10,3,11,4,1,6,1,74,10,2179,2,1,-1,-1
2014320063300,2,19,4,18,9,2,0,10,1,11,3,1,1,1,50,8,2402,2,6,4,2
2014320063309,1,9,0,18,0,0,0,0,1,10,1,2,6,2,37,7,1598,1,8,-1,-1
2014320063342,1,9,0,3,0,0,0,0,0,0,2,1,6,1,45,7,2000,2,13,8,1
2014320063342,2,9,0,3,0,0,0,0,0,0,2,1,6,2,27,6,1390,1,2,-1,1
2014320063342,3,9,0,3,0,0,0,0,0,0,2,1,6,1,22,5,1995,1,7,6,1
2014320063342,4,9,0,12,0,0,0,0,0,0,1,1,6,1,40,7,1390,1,11,-1,1
2014320063343,1,9,0,17,0,0,1,0,7,0,1,1,6,1,61,9,-1,-1,-1,-1,-1
2014320063355,1,9,0,9,0,1,0,0,0,0,3,1,6,2,73,10,-1,-1,-1,5,3
2014320063355,2,3,0,18,0,1,0,0,0,0,1,1,2,1,47,8,124,1,14,9,2
2014320063450,1,98,1,1,0,6,0,0,1,0,2,1,1,1,51,8,10824,2,11,8,2
2014320063450,2,9,0,18,0,1,0,0,0,0,1,1,6,1,73,10,1596,1,10,-1,-1
2014320063507,1,9,0,18,0,0,0,0,0,0,1,1,6,2,41,7,1388,1,11,9,1
2014320063507,2,9,0,18,0,0,0,0,0,0,2,1,6,1,73,10,1364,1,-1,5,2
2014320063522,1,9,0,2,9,0,0,0,0,0,0,1,6,2,-1,-1,1598,1,7,6,1
2014320063522,2,1,0,18,0,0,0,0,0,0,1,1,6,1,30,6,-1,-1,-1,2,1
2014320063523,1,9,0,18,0,0,0,4,0,0,1,1,6,2,18,4,899,1,1,7,3
2014320063523,2,9,0,2,0,0,0,0,0,0,0,1,6,1,-1,-1,1896,2,12,8,3
2014320063529,1,90,0,18,0,0,0,0,0,0,0,1,6,3,-1,-1,-1,-1,-1,-1,-1
2014320063529,2,9,0,13,0,0,5,0,7,0,1,1,2,1,33,6,1796,1,13,5,3
2014320063537,1,9,0,1,0,0,0,0,0,0,2,1,1,1,55,8,2494,2,1,5,3
2014320063544,1,9,0,16,0,8,0,0,0,0,3,1,1,1,-1,-1,1781,1,11,9,2
2014320063544,2,9,0,17,0,8,0,0,0,0,1,1,1,1,-1,-1,-1,-1,-1,-1,-1
2014320063577,1,9,0,18,0,0,0,4,0,0,1,1,6,1,20,4,1896,2,12,5,1
2014320063577,2,9,0,2,0,0,0,4,0,0,1,1,6,3,-1,-1,1596,1,9,1,1
2014320063577,3,9,0,2,0,0,0,4,0,0,2,1,6,3,-1,-1,1242,1,1,10,2
2014320063612,1,9,0,2,6,0,0,0,0,0,4,1,6,2,45,7,1598,1,11,5,1
2014320063612,2,1,0,18,0,0,0,0,0,0,0,1,1,2,47,8,-1,-1,-1,3,1
2014320063683,1,9,0,18,0,0,0,0,0,11,1,1,6,2,64,9,1997,2,12,-1,-1
2014320063683,2,19,0,9,0,0,0,0,0,0,3,1,6,1,50,8,1461,2,7,3,1
2014320063691,1,9,0,18,0,0,0,0,0,0,4,1,6,1,49,8,2184,2,19,1,1
2014320063821,1,22,0,18,0,8,0,0,0,0,1,1,6,2,70,10,-1,-1,-1,-1,-1
2014320063911,1,9,0,9,0,8,0,0,0,0,1,1,6,1,39,7,599,1,12,3,1
2014320063911,2,1,0,9,0,8,0,0,0,0,3,1,6,1,19,4,-1,-1,-1,6,1
2014320063920,1,9,0,18,0,0,5,0,5,6,1,1,6,1,23,5,1248,2,9,1,1
2014320063920,2,9,0,18,0,0,0,0,0,6,2,1,6,2,21,5,1999,1,8,-1,-1
2014320064128,1,9,0,2,0,0,0,0,0,0,3,1,6,2,38,7,1596,1,8,10,2
2014320064128,2,1,0,14,0,0,0,0,0,0,4,1,2,2,33,6,-1,-1,-1,8,1
2014320064137,1,9,0,5,0,1,0,0,0,0,1,1,6,1,40,7,2143,2,-1,-1,-1
2014320064137,2,1,0,18,4,1,0,0,0,0,3,1,6,1,45,7,-1,-1,-1,-1,-1
2014320064154,1,9,0,18,0,0,0,4,0,2,1,1,6,2,69,10,1388,1,10,5,3
2014320064154,2,9,0,2,0,0,0,0,0,0,2,1,6,3,-1,-1,1560,2,10,-1,-1
2014320064162,1,9,0,17,0,0,0,0,1,11,1,1,6,1,57,9,-1,-1,-1,2,1
2014320064183,1,9,0,18,0,4,0,0,0,0,1,1,6,2,34,6,1910,2,5,8,1
2014320064183,2,1,0,18,0,8,0,0,0,0,1,1,6,1,39,7,-1,-1,-1,7,1
2014320064435,1,9,0,18,0,0,0,0,7,0,1,1,6,1,33,6,1598,1,1,-1,-1
2014320064435,2,9,0,18,0,0,0,0,0,0,1,1,6,1,29,6,3500,1,11,-1,-1
2014320064513,1,9,0,9,0,7,0,0,0,0,1,1,6,2,17,4,1198,1,5,6,1
2014320064513,2,9,0,18,0,1,0,0,0,0,1,1,6,1,67,10,1229,1,5,6,3
2014320064513,3,9,0,4,0,1,0,0,0,0,1,1,6,1,85,11,1598,1,14,5,1
2014320064515,1,9,0,18,0,0,0,0,1,9,3,1,6,2,23,5,998,1,6,8,2
2014320064519,1,9,0,18,0,0,0,0,0,0,1,1,2,2,56,9,995,1,6,7,1
2014320064519,2,9,0,2,0,0,0,0,0,0,3,1,6,2,29,6,1997,2,9,7,1
2014320064541,1,9,0,7,0,3,0,0,0,0,4,1,6,1,79,11,1598,1,17,5,1
2014320064541,2,9,0,7,0,3,0,0,0,0,3,1,6,1,28,6,2204,2,9,6,1
2014320064584,1,9,0,18,0,0,0,0,0,4,1,1,6,2,37,7,1749,1,12,7,1
2014320064647,1,9,0,18,0,0,5,0,1,4,1,1,6,2,57,9,1198,1,8,10,1
2014320064675,1,9,0,18,0,0,0,0,0,10,1,1,6,1,42,7,1598,1,14,4,1
2014320064726,1,9,0,18,0,0,2,0,0,0,1,1,1,1,25,5,-1,-1,-1,-1,-1
2014320064726,2,9,0,2,0,0,0,0,0,0,2,1,6,2,42,7,1598,1,4,9,2
2014320064808,1,9,0,4,0,0,1,8,0,0,1,1,6,1,45,7,1796,7,11,9,3
2014320064808,2,9,0,2,0,0,0,0,0,0,4,1,1,2,22,5,1796,1,-1,4,3
2014320064816,1,9,0,18,0,0,0,0,0,0,1,1,6,2,20,4,973,1,12,6,3
2014320064816,2,9,0,18,0,0,0,0,0,0,1,1,6,1,25,5,1910,2,6,3,2
2014320064837,1,9,0,4,6,0,0,7,8,10,1,1,6,2,17,4,1398,1,-1,7,2
2014320064850,1,19,0,18,0,0,2,0,7,0,1,1,1,1,38,7,2461,2,4,-1,1
2014320064861,1,9,0,18,0,1,0,0,0,0,4,1,6,1,73,10,2497,2,9,6,3
2014320064861,2,9,0,2,0,2,0,0,0,0,4,1,6,1,61,9,1997,2,2,8,3
2014320064878,1,9,0,4,0,6,0,0,0,0,1,1,6,1,31,6,2497,2,14,6,3
2014320064878,2,9,0,17,0,1,0,0,7,9,1,1,6,2,65,9,1329,1,2,9,1
2014320064946,1,9,0,4,0,0,1,0,1,0,0,1,1,1,28,6,1598,2,3,1,1
2014320064960,1,9,0,4,0,1,1,0,0,0,1,1,6,1,22,5,1360,1,15,3,1
2014320064960,2,9,0,18,0,1,0,0,0,0,1,1,2,1,45,7,1399,2,8,8,1
2014320065020,1,2,0,17,0,0,2,0,0,0,1,1,6,1,17,4,124,1,1,7,3
2014320065020,2,1,0,16,0,0,0,0,0,0,1,1,6,1,74,10,-1,-1,-1,4,1
2014320065039,1,9,0,18,0,2,1,0,1,4,4,1,6,2,20,4,1398,1,11,6,3
2014320065043,1,9,0,17,0,0,2,0,0,10,1,1,6,1,18,4,1299,1,6,9,2
2014320065171,1,9,0,5,0,6,0,0,0,0,1,1,1,1,19,4,-1,-1,-1,4,3
2014320065171,2,9,0,18,0,1,0,0,8,10,4,1,6,1,45,7,1397,1,13,4,3
2014320065196,1,9,0,18,0,0,1,0,0,0,4,1,6,2,24,5,1332,1,16,8,2
2014320065196,2,9,0,18,0,0,0,0,0,0,1,1,6,1,60,9,1598,1,5,5,3
2014320065203,1,9,0,16,0,0,1,0,8,4,1,1,6,1,55,8,-1,-1,-1,5,1
2014320065215,1,9,0,18,0,1,1,0,1,0,4,1,6,1,24,5,1796,1,15,8,1
2014320065215,2,9,0,18,0,8,0,0,0,0,1,1,6,1,66,10,1586,1,11,2,1
2014320065219,1,9,0,18,0,1,0,0,0,0,1,1,6,1,60,9,2497,2,5,-1,-1
2014320065219,2,9,0,18,0,1,0,0,0,0,1,1,6,1,19,4,-1,-1,-1,3,3
2014320065226,1,3,0,13,0,1,0,0,0,0,4,1,6,1,61,9,-1,-1,-1,2,1
2014320065226,2,8,0,9,0,2,0,0,0,0,3,1,6,1,61,9,1910,2,7,5,1
2014320065237,1,9,0,18,0,0,0,0,0,0,1,1,6,1,24,5,-1,-1,-1,-1,-1
2014320065237,2,9,0,18,0,0,0,0,0,0,2,1,6,1,21,5,998,1,3,-1,-1
2014320065514,1,9,0,17,0,0,1,0,1,9,4,1,6,1,18,4,1468,1,10,2,1
2014320065537,1,9,0,18,0,0,0,0,0,0,2,1,6,1,81,11,-1,-1,-1,5,3
2014320065537,2,9,0,18,0,0,0,0,0,0,1,1,6,1,60,9,1587,1,8,-1,-1
2014320126349,1,4,0,13,0,0,2,0,0,0,0,1,6,1,27,6,645,1,9,8,3
2014320126349,2,9,0,13,0,0,0,0,0,0,0,1,1,1,34,6,1995,2,8,6,1
2014320126349,3,9,0,18,0,0,0,0,0,0,0,1,1,1,29,6,1560,2,9,3,1
201432B000214,1,9,0,18,0,0,0,0,0,0,1,1,6,1,40,7,-1,-1,-1,10,1
201432B000214,2,9,0,18,0,0,0,0,0,0,1,1,6,1,71,10,-1,-1,-1,8,1
201432B000214,3,21,1,10,0,0,0,0,0,0,0,1,1,1,-1,-1,-1,-1,-1,-1,-1
201432B000414,1,9,0,9,0,6,0,0,0,0,2,1,6,1,40,7,998,1,1,-1,-1
201432B000414,2,9,0,4,0,6,0,0,0,0,1,1,1,2,20,4,1598,2,2,-1,-1
201432B000514,1,19,0,18,0,0,1,0,0,0,1,1,1,1,44,7,-1,-1,-1,4,3
201432B000514,2,21,0,5,0,0,0,0,0,0,2,1,1,1,50,8,11705,2,7,4,3
201432B000714,1,9,0,9,0,5,0,0,0,0,4,1,6,1,79,11,2148,2,8,7,2
201432B000714,2,21,1,18,0,8,1,0,0,0,1,1,1,1,53,8,12902,2,1,5,2
201432B001514,1,9,0,3,0,0,0,4,0,0,1,1,6,2,19,4,1124,1,12,4,3
201432B001514,2,9,0,3,0,0,0,4,0,0,2,1,2,1,47,8,1988,1,10,6,1
201432B001514,3,9,0,3,0,0,0,4,0,0,2,1,2,1,29,6,998,1,13,7,1
201432B001514,4,9,0,3,0,0,0,4,0,0,2,1,2,1,49,8,-1,-1,-1,7,1
201432B003014,1,9,0,5,0,8,0,0,0,0,1,1,6,2,22,5,1597,1,11,5,3
201432B003014,2,1,0,9,0,8,5,0,0,0,3,1,6,2,73,10,-1,-1,-1,4,2
201432B003314,1,9,0,3,0,1,0,0,0,0,0,1,6,1,20,4,1998,1,10,4,2
201432B003314,2,9,0,18,0,1,0,4,0,0,1,1,6,1,50,8,2435,1,18,3,2
201432B004614,1,9,0,1,0,0,0,4,0,0,2,1,6,2,66,10,1599,1,17,2,1
201432B004614,2,9,0,2,0,0,0,0,0,0,4,1,6,1,54,8,1598,1,8,4,3
201432B007414,1,9,0,18,0,1,5,0,3,1,1,1,6,1,50,8,-1,-1,-1,5,3
201432B007514,1,9,0,17,0,0,1,11,7,11,2,1,1,1,37,7,1598,1,14,2,1
201432B007514,2,9,0,16,0,0,0,0,0,0,1,1,1,1,23,5,1686,2,9,2,1
201432B008014,1,9,0,5,0,8,0,0,0,0,4,1,6,2,26,6,999,1,5,6,1
201432B008014,2,9,0,18,0,1,0,0,0,0,3,1,6,1,23,5,1997,2,9,6,1
201432B008214,1,20,0,18,0,1,1,10,1,10,1,1,1,1,59,9,5193,2,8,7,1
201432B010414,1,9,0,13,0,1,0,0,0,0,4,1,3,1,19,4,1997,2,7,6,1
201432B010414,2,9,0,9,0,5,2,0,0,0,3,1,3,2,33,6,1343,1,10,2,1
201432B011914,1,9,0,18,0,8,0,0,0,0,1,1,2,1,48,8,3498,1,5,3,1
201432B011914,2,9,0,9,0,6,0,0,0,0,2,1,2,2,46,8,1396,1,11,10,1
201432B012814,1,2,0,17,0,0,0,0,0,0,3,1,1,1,17,4,-1,-1,-1,6,3
201432B013614,1,9,0,18,0,8,0,0,0,0,1,1,6,1,79,11,1798,1,2,10,1
201432B013614,2,9,0,17,0,8,0,0,0,0,1,1,6,1,27,6,1995,2,2,6,1
201432B014014,1,21,1,18,0,4,0,0,0,0,0,1,1,1,-1,-1,12130,1,10,-1,-1
201432B014014,2,9,0,9,0,4,0,0,0,0,0,1,6,2,44,7,2204,2,9,4,3
201432B014414,1,9,0,7,0,1,0,0,0,0,2,1,6,3,-1,-1,-1,-1,-1,-1,-1
201432B014414,2,9,0,16,0,1,1,0,1,0,2,1,1,1,26,6,-1,-1,-1,1,1
201432B015714,1,9,0,18,0,0,0,0,0,0,1,1,6,2,59,9,3175,1,12,3,1
201432B016214,1,9,0,1,0,0,0,0,0,0,2,1,6,2,48,8,-1,-1,-1,7,3
201432B016214,2,9,0,1,0,0,0,0,0,0,2,1,6,1,60,9,1783,1,12,7,3
201432B016814,1,21,4,9,0,2,0,0,0,0,0,1,1,1,52,8,3920,2,8,1,1
201432B017614,1,9,0,16,0,0,0,0,1,9,1,1,6,1,86,11,1598,1,16,7,3
201432B017614,2,20,0,17,0,0,0,0,0,0,1,2,6,1,53,8,4580,2,20,4,1
201432B018114,1,21,0,7,0,1,0,0,0,0,1,1,1,1,25,5,-1,-1,-1,-1,-1
201432B018114,2,9,0,18,0,1,0,0,1,9,2,1,6,2,32,6,-1,-1,-1,7,2