Accident_Index,Vehicle_Reference,Vehicle_Type,Towing_and_Articulation,Vehicle_Manoeuvre,Vehicle_Location-Restricted_Lane,Junction_Location,Skidding_and_Overturning,Hit_Object_in_Carriageway,Vehicle_Leaving_Carriageway,Hit_Object_off_Carriageway,1st_Point_of_Impact,Was_Vehicle_Left_Hand_Drive?,Journey_Purpose_of_Driver,Sex_of_Driver,Age_of_Driver,Age_Band_of_Driver,Engine_Capacity_(CC),Propulsion_Code,Age_of_Vehicle,Driver_IMD_Decile,Driver_Home_Area_Type
201432B018514,1,9,0,18,0,0,1,0,1,0,0,1,6,2,30,6,1461,2,4,7,3
201432B019414,1,9,0,2,0,0,0,0,0,0,3,1,1,1,66,10,1560,2,4,2,1
201432B019414,2,1,0,18,0,0,0,4,0,0,1,1,6,1,43,7,-1,-1,-1,-1,-1
201432B019914,1,9,0,9,0,1,0,0,1,0,1,1,1,1,41,7,-1,-1,-1,-1,-1
201432B019914,2,1,0,18,0,1,0,0,0,0,1,1,2,1,38,7,-1,-1,-1,2,1
201432B020314,1,19,0,18,0,0,0,0,1,0,1,1,1,1,20,4,-1,-1,-1,5,2
201432B020314,2,9,0,3,0,0,0,0,0,0,2,1,1,1,46,8,1968,2,3,8,3
201432B020314,3,9,0,3,0,0,0,0,0,0,2,1,6,1,43,7,1686,2,4,5,1
201432B020314,4,9,0,3,0,0,0,0,0,0,2,1,6,2,30,6,-1,-1,-1,3,1
201432B022514,1,9,0,5,0,6,0,0,0,0,1,1,1,1,44,7,1560,2,1,-1,-1
201432B022514,2,19,0,18,0,2,0,0,0,0,4,2,1,3,52,8,2500,2,7,4,3
201432B024114,1,9,0,1,0,0,0,0,0,0,2,1,6,1,56,9,796,1,13,5,3
201432B024114,2,9,0,16,0,0,0,0,0,0,1,1,6,2,18,4,1199,1,13,4,3
201432B025114,1,9,0,18,0,8,1,0,1,11,3,1,6,1,21,5,1360,1,14,3,1
201432B026714,1,19,0,18,0,1,1,0,0,0,1,1,1,1,45,7,2402,2,6,4,1
201432B026714,2,9,0,12,0,1,0,0,0,0,2,1,1,1,21,5,1968,2,2,-1,-1
201432B027314,1,9,0,9,0,6,0,0,0,0,1,1,6,1,30,6,1595,1,16,-1,-1
201432B029814,1,4,0,17,0,0,1,0,0,0,0,1,6,1,24,5,-1,-1,-1,8,1
201432B030014,1,9,0,18,0,1,0,0,0,0,1,1,6,1,47,8,-1,-1,-1,5,3
201432B030014,2,9,0,10,0,1,0,0,0,0,2,1,6,2,40,7,1997,2,11,2,1
201432B030714,1,9,0,14,0,1,0,0,0,0,1,1,6,1,73,10,998,1,10,7,2
201432B030714,2,9,0,18,0,1,0,0,0,0,1,1,6,1,64,9,1968,2,3,6,3
201432B030714,3,9,0,18,0,1,0,0,0,0,0,1,6,3,71,10,-1,-1,-1,6,3
201432B031314,1,19,0,5,0,2,0,0,0,0,3,1,1,1,39,7,1753,2,5,5,3
201432B031314,2,3,0,18,0,1,0,0,0,0,1,1,2,1,18,4,125,1,2,5,2
201432B031414,1,9,0,17,0,0,1,0,7,4,1,1,2,2,34,6,1343,1,10,-1,-1
201432B031614,1,9,0,18,0,0,0,0,0,0,1,1,2,2,47,8,-1,-1,-1,5,3
201432B031814,1,9,0,7,0,5,0,0,0,0,1,1,6,1,69,10,1968,2,5,4,3
201432B031814,2,22,0,2,0,2,0,0,0,0,1,1,6,1,88,11,-1,-1,-1,4,3
201432B031914,1,2,0,17,0,0,1,0,0,0,0,1,4,2,16,4,49,1,1,5,3
201432B035714,1,9,0,4,0,1,1,0,0,0,1,1,1,1,40,7,1598,2,4,7,3
201432B035714,2,1,0,9,0,5,1,0,0,0,1,1,6,1,44,7,-1,-1,-1,6,1
201432B035914,1,9,0,9,0,6,0,0,0,0,1,1,2,2,29,6,1900,1,14,4,2
201432B035914,2,9,0,18,0,1,0,0,0,0,1,1,6,1,29,6,1896,2,12,3,1
201432B037414,1,9,0,5,0,8,0,0,0,0,3,1,6,1,50,8,-1,-1,-1,4,1
201432B037414,2,9,0,18,0,8,0,0,0,0,4,1,6,2,29,6,998,1,5,2,1
201432B041614,1,9,0,7,0,6,0,0,0,0,0,1,6,2,30,6,1360,1,10,5,1
201432B041614,2,9,0,18,0,2,1,4,0,0,3,1,6,1,18,4,-1,-1,-1,5,3
201432B041614,3,9,0,2,0,2,0,0,0,0,1,1,6,3,-1,-1,1598,1,8,-1,-1
201432B043314,1,11,0,3,0,0,0,0,0,0,1,1,1,1,59,9,9200,2,11,6,3
201432B043314,2,9,0,3,0,0,0,0,0,0,2,1,1,1,46,8,2183,2,4,5,1
201432B043314,3,9,0,3,0,0,0,0,0,0,2,1,6,1,48,8,1587,1,12,1,1
201432B046014,1,9,0,13,0,0,0,0,0,0,4,1,6,3,-1,-1,1796,1,2,-1,-1
201432B046014,2,19,0,18,0,0,0,0,0,0,3,1,6,2,28,6,2500,2,9,4,3
201432B046514,1,9,0,3,0,0,0,0,0,0,1,1,6,1,54,8,1597,1,15,-1,1
201432B046514,2,9,0,3,0,0,0,0,0,0,2,1,6,1,41,7,1598,1,1,5,3
201432B048214,1,9,0,17,0,0,2,0,1,2,3,1,1,1,18,4,-1,-1,-1,5,2
201432B048414,1,9,0,9,0,0,0,0,7,10,4,1,6,1,79,11,1461,2,2,8,1
201432B048414,2,9,0,18,0,0,0,0,1,10,3,1,6,1,28,6,1896,2,17,5,3
201432B048714,1,9,0,7,0,5,0,7,1,2,1,1,6,2,88,11,998,1,5,7,2
201432B049214,1,1,0,18,0,0,0,0,0,0,0,1,6,2,45,7,-1,-1,-1,-1,-1
201432B050714,1,9,0,18,0,5,0,0,0,0,1,1,6,2,44,7,1598,1,10,2,1
201432B050714,2,11,0,18,0,8,0,0,0,0,1,1,6,3,-1,-1,9360,2,1,-1,-1
201432B051314,1,9,0,9,0,8,0,0,0,0,4,1,6,3,-1,-1,-1,-1,-1,9,1
201432B051314,2,1,0,18,0,8,0,0,0,0,1,1,6,1,41,7,-1,-1,-1,9,1
201432B051614,1,9,0,3,0,1,0,0,0,0,1,1,6,1,-1,-1,1781,1,19,-1,-1
201432B051614,2,9,0,3,0,1,0,0,0,0,2,1,6,1,25,5,1997,2,9,6,1
201432B053614,1,9,0,18,0,1,0,0,0,0,3,1,6,1,40,7,4163,1,5,6,3
201432B053614,2,9,0,18,0,5,0,0,0,0,1,1,6,2,-1,-1,1598,1,2,-1,-1
201432B053914,1,2,0,18,0,0,1,11,0,0,0,1,6,1,19,4,-1,-1,-1,2,1
201432B053914,2,9,0,18,0,0,1,0,0,0,1,1,6,1,19,4,1560,2,2,-1,-1
201432B056114,1,9,0,16,0,0,1,0,7,4,1,2,6,1,33,6,-1,-1,-1,-1,1
201432B056214,1,98,4,5,8,0,0,0,0,0,0,1,1,1,61,9,11705,2,6,2,1
201432B056214,2,9,0,18,0,0,1,0,0,0,2,1,2,2,53,8,-1,-1,-1,5,1
201432B056214,3,9,0,18,0,0,1,0,0,0,1,1,2,1,31,6,1753,2,13,7,1
201432B058614,1,1,0,18,0,0,0,0,0,0,1,1,6,1,28,6,-1,-1,-1,-1,-1
201432B058814,1,19,0,18,0,1,0,0,0,0,1,1,6,1,-1,-1,1995,2,3,-1,-1
201432B058814,2,9,0,3,0,1,0,0,0,0,2,1,6,2,45,7,1753,2,7,10,1
201432B058814,3,9,0,10,0,1,0,0,0,0,2,1,6,2,-1,-1,1968,2,-1,8,3
201432B059314,1,9,0,16,0,0,0,0,7,3,1,1,6,1,33,6,1341,1,16,6,1
201432B059614,1,9,0,17,0,0,1,0,7,4,3,1,6,1,20,4,1242,1,7,5,3
201432B060114,1,9,0,18,0,0,0,0,0,0,1,1,6,1,48,8,-1,-1,-1,4,1
201432B061914,1,9,0,1,0,0,0,0,0,0,2,1,6,1,47,8,1910,2,8,2,1
201432B062714,1,9,0,10,0,1,0,0,0,0,1,1,2,2,58,9,1968,2,4,5,3
201432B062714,2,9,0,18,0,1,0,0,0,0,1,1,2,1,60,9,2993,2,5,7,3
201432B066214,1,9,0,9,0,1,0,0,0,0,1,1,6,1,26,6,1686,2,9,6,1
201432B066214,2,8,0,5,0,8,0,0,0,0,4,1,1,1,35,6,1910,2,7,4,1
201432B066414,1,9,0,1,0,1,0,0,0,0,2,1,6,3,40,7,1396,1,9,3,1
201432B066714,1,19,0,18,0,0,0,0,0,0,0,1,6,3,-1,-1,-1,-1,-1,-1,-1
201432B066714,2,1,0,18,0,0,5,0,0,0,1,1,2,1,17,4,-1,-1,-1,4,3
201432B066814,1,9,0,18,0,0,0,0,0,0,1,1,6,2,28,6,1598,1,11,9,1
201432B066814,2,9,0,18,0,0,0,0,0,0,2,1,6,2,25,5,1686,2,4,9,1
201432B067314,1,9,0,17,0,0,0,0,7,9,3,1,6,1,44,7,1998,2,10,2,1
201432B068514,1,9,0,18,0,2,0,0,0,0,1,1,6,2,75,10,1995,1,12,8,1
201432B069014,1,9,0,9,0,1,0,0,0,0,1,1,6,2,51,8,-1,-1,-1,-1,-1
201432B069014,2,9,0,18,0,8,0,0,0,0,1,1,2,2,27,6,2993,2,4,4,2
201432B069414,1,9,0,5,0,8,0,0,0,0,1,1,6,2,38,7,2967,2,2,5,3
201432B069414,2,1,0,18,0,1,0,0,0,0,4,1,6,1,85,11,-1,-1,-1,5,3
201432B074514,1,9,0,9,0,5,0,0,0,0,1,1,6,2,71,10,1242,1,7,9,1
201432B074514,2,9,0,18,0,8,0,0,0,0,1,1,6,2,73,10,-1,-1,-1,7,2
201432B075114,1,9,0,17,0,1,1,0,1,7,1,1,6,1,31,6,1242,1,16,6,3
201432B076414,1,9,0,18,0,8,0,0,0,0,1,1,6,2,21,5,1299,1,11,-1,-1
201432B076414,2,9,0,4,0,8,0,0,0,0,2,1,6,1,36,7,1968,2,1,6,3
201432B078214,1,19,0,5,0,0,0,0,0,0,4,1,1,1,37,7,2299,2,2,5,3
201432B078214,2,9,0,18,0,0,0,0,0,0,1,1,3,2,34,6,1598,1,11,3,3
201432B078614,1,9,0,9,0,1,0,0,0,0,3,1,6,2,34,6,1086,1,9,10,1
201432B078614,2,9,0,18,0,1,0,0,0,0,1,1,6,1,28,6,1781,1,14,5,1
201432B079014,1,9,0,9,0,6,0,0,0,0,3,1,6,1,76,11,1390,1,12,4,2
201432B079014,2,9,0,18,0,8,0,0,0,0,1,1,6,1,60,9,1685,2,1,7,2
201432B079414,1,9,0,4,0,1,0,10,0,1,1,1,6,1,19,4,1560,2,1,7,2
201432B079814,1,9,0,18,0,1,0,0,0,0,3,1,6,1,22,5,1298,1,15,3,1
201432B079814,2,9,0,18,0,1,0,0,0,0,1,1,6,1,43,7,1796,1,10,3,3
201432B081114,1,9,0,18,0,0,0,0,0,0,4,1,6,3,-1,-1,-1,-1,-1,-1,-1
201432B081314,1,21,1,18,0,1,1,0,0,0,1,1,1,1,56,9,11967,2,1,3,1
201432B081314,2,9,0,3,0,1,0,0,0,0,2,1,6,1,75,10,1997,2,11,7,2
201432B081314,3,9,0,10,0,1,0,0,0,0,2,1,6,2,32,6,1390,1,14,4,2
201432B081614,1,9,0,13,0,0,0,0,1,0,1,1,6,1,35,6,-1,-1,-1,5,3
201432B081614,2,9,0,18,0,0,0,0,7,0,1,1,2,2,24,5,1390,1,6,5,3
201432B081614,3,9,0,18,0,0,0,0,0,0,0,1,6,2,29,6,1229,1,7,9,1
201432B081814,1,9,0,7,0,5,0,0,0,0,4,1,6,1,71,10,-1,-1,-1,7,1
201432B081814,2,1,0,7,0,5,0,0,0,0,3,1,4,1,-1,-1,-1,-1,-1,-1,-1
201432B083214,1,9,0,18,0,0,1,4,0,0,1,1,6,1,26,6,1998,1,11,5,2
201432B083214,2,9,0,5,0,0,0,0,0,0,0,1,6,1,27,6,-1,-1,-1,6,1
201432B083414,1,19,0,18,0,5,0,0,0,0,4,1,1,1,45,7,1399,2,4,-1,-1
201432B083414,2,9,0,5,0,1,0,0,0,0,3,1,6,2,30,6,1796,1,12,2,1
201432B083514,1,9,0,18,6,0,2,0,1,9,1,1,1,1,22,5,1248,2,2,7,3
201432B083614,1,9,0,18,0,1,0,0,0,0,1,1,6,1,54,8,1769,1,13,4,1
201432B083614,2,9,0,18,0,1,0,0,0,0,2,1,6,1,29,6,1870,2,9,9,2
201432B087014,1,9,0,4,0,0,0,0,0,0,2,1,2,2,52,8,1242,1,2,6,3
201432B087014,2,19,0,16,0,0,0,0,0,0,1,1,1,1,56,9,2198,2,7,7,1
201432B088314,1,9,0,5,0,6,0,0,0,0,1,1,6,1,52,8,6750,1,30,6,1
201432B088314,2,19,0,18,0,8,0,0,1,2,1,1,6,1,35,6,2198,2,6,4,3
201432B088814,1,9,0,18,0,0,1,0,1,4,1,1,6,2,55,8,1598,1,7,5,2
201432B090214,1,9,0,18,0,0,0,0,7,3,1,1,1,2,18,4,1229,1,9,5,1
201432B091014,1,9,0,18,0,1,1,0,1,4,4,1,6,1,18,4,-1,-1,-1,10,1
201432B091114,1,9,0,13,0,0,0,0,0,0,1,2,2,1,26,6,-1,-1,-1,-1,-1
201432B091114,2,20,0,18,0,0,0,0,0,0,3,1,1,1,42,7,-1,-1,-1,-1,-1
201432B091114,3,5,0,18,0,0,0,0,1,0,1,1,2,1,37,7,748,1,20,6,3
201432B092114,1,9,0,9,0,8,0,0,0,0,1,1,6,1,45,7,3956,1,14,4,1
201432B092114,2,1,0,18,0,8,0,0,0,0,4,1,6,2,29,6,-1,-1,-1,4,1
201432B092214,1,1,0,18,0,8,0,0,0,0,3,1,4,1,10,2,-1,-1,-1,4,1
201432B092214,2,9,0,7,0,8,0,0,0,0,1,1,6,1,51,8,1796,1,11,6,1
201432B092314,1,9,0,16,0,0,1,0,7,2,3,1,6,1,19,4,2521,1,4,3,3
201432B093214,1,9,0,15,0,1,0,0,0,0,1,1,6,2,24,5,1242,1,11,-1,-1
201432B093214,2,9,0,7,0,5,0,0,0,0,4,1,6,2,38,7,-1,-1,-1,6,1
201432B094814,1,9,0,3,0,1,0,0,0,0,1,1,6,1,21,5,1686,2,15,5,3
201432B094814,2,9,0,3,0,1,0,0,0,0,1,1,6,1,31,6,-1,-1,-1,9,1
201432B095014,1,9,0,18,0,0,1,0,7,4,4,1,2,1,29,6,1598,1,15,6,3
201432B098114,1,9,0,18,0,6,0,0,0,0,1,1,2,1,67,10,1339,1,11,5,1
201432B098114,2,1,0,18,0,8,5,0,0,0,2,1,6,2,35,6,-1,-1,-1,-1,-1
201432B100314,1,9,0,5,0,4,0,0,0,0,1,1,6,2,74,10,1998,1,2,5,3
201432B100314,2,9,0,9,0,3,0,0,0,0,2,1,6,2,18,4,1199,1,13,1,1
201432B104114,1,9,0,9,0,1,0,0,0,0,1,1,6,1,19,4,1600,1,14,2,1
201432B104114,2,1,0,18,0,8,0,0,0,0,1,1,6,1,17,4,-1,-1,-1,4,1
201432B106014,1,21,1,18,0,3,5,0,1,2,4,1,1,1,42,7,10837,2,6,7,1
201432B106514,1,9,0,16,0,0,0,0,7,0,1,1,6,1,18,4,1229,1,9,5,1
201432B109214,1,9,0,18,0,8,0,0,0,0,1,1,6,1,55,8,-1,-1,-1,4,3
201432B109214,2,98,0,3,0,1,0,0,0,0,1,1,6,1,55,8,12900,2,6,-1,-1
201432B109714,1,9,0,3,0,1,0,0,0,0,2,1,6,2,66,10,1399,1,7,8,1
201432B109714,2,9,0,3,0,1,0,0,0,0,1,1,6,2,40,7,1560,2,6,7,2
201432B109714,3,9,0,3,0,1,0,0,0,0,2,1,2,2,30,6,1896,2,12,4,3
201432B109814,1,9,0,18,0,0,0,11,0,0,1,1,6,1,84,11,-1,-1,-1,4,3
201432B109814,2,9,0,2,0,0,0,0,0,0,1,1,6,3,-1,-1,1242,1,7,4,1
201432B109814,3,9,0,2,0,0,0,0,0,0,1,1,6,3,-1,-1,2171,2,12,7,1
201432B110314,1,9,0,4,0,8,0,0,0,0,3,1,6,1,25,5,-1,-1,-1,6,1
201432B110914,1,9,0,18,0,1,5,0,1,1,1,1,6,1,19,4,1461,2,10,5,3
201432B112014,1,9,0,18,0,0,0,0,0,0,3,1,6,3,-1,-1,-1,-1,-1,-1,-1
201432B112714,1,9,0,18,0,4,0,9,0,0,1,1,6,1,39,7,998,1,14,3,1
201432B112714,2,21,1,18,0,3,0,0,0,0,3,1,1,1,56,9,12740,2,1,9,3
201432B118014,1,9,0,5,0,8,0,0,0,0,1,1,6,1,31,6,998,1,17,3,3
201432B118014,2,9,0,18,0,8,1,0,8,11,4,1,6,2,52,8,2143,2,1,5,3
201432B118114,1,9,0,18,0,4,0,0,0,0,4,1,6,1,43,7,2993,2,4,4,3
201432B118114,2,9,0,18,0,8,0,0,0,0,3,1,6,1,77,11,2993,2,8,5,3
201432B118114,3,19,0,18,0,8,0,0,0,0,0,1,1,1,35,6,1248,2,4,1,1
201432B118514,1,9,0,9,0,1,0,0,0,0,1,1,6,1,56,9,1242,1,2,5,1
201432B118514,2,9,0,18,0,1,0,0,0,0,1,1,6,1,60,9,-1,-1,-1,4,1
201432B118614,1,9,0,18,0,0,0,0,0,0,1,1,6,1,76,11,1796,1,13,4,3
201432B118814,1,9,0,18,0,8,0,0,0,0,1,1,6,1,37,7,1998,2,8,3,1
201432B118814,2,9,0,4,0,8,0,0,0,0,2,1,6,2,46,8,1799,1,7,-1,1
201432B118914,1,9,0,18,0,0,1,7,7,11,1,1,6,1,29,6,1798,1,12,7,1
201432B118914,2,9,0,2,0,0,0,0,0,0,2,1,6,3,-1,-1,1840,1,11,-1,-1
201432B121114,1,9,0,15,0,0,0,0,0,0,4,1,6,3,-1,-1,-1,-1,-1,-1,-1
201432B121114,2,1,0,5,0,0,0,0,0,0,3,1,6,1,15,3,-1,-1,-1,-1,-1
201432B122414,1,9,0,18,0,0,0,0,0,0,0,1,6,3,-1,-1,-1,-1,-1,-1,-1
201432B122414,2,9,0,13,0,0,1,0,1,4,3,1,6,1,41,7,1951,2,11,6,3
201432B124914,1,9,0,1,0,2,0,0,0,0,2,1,6,1,30,6,1910,2,8,-1,-1
201432B125914,1,19,0,18,0,0,1,0,7,0,1,1,6,3,-1,-1,2198,2,7,-1,-1
201432B125914,2,2,0,18,0,0,1,0,7,0,2,1,6,1,-1,-1,-1,-1,-1,-1,-1
201432B126214,1,9,0,9,0,6,0,0,0,0,3,1,6,1,73,10,1995,2,-1,5,1
201432B126214,2,9,0,18,0,8,0,0,0,0,1,1,2,2,28,6,1119,1,11,5,2
201432B126614,1,9,0,9,0,1,0,0,0,0,2,1,1,1,59,9,-1,-1,-1,-1,-1
201432B126614,2,9,0,18,0,1,0,0,1,0,1,1,1,1,65,9,1289,1,16,-1,-1
201432B126714,1,3,0,18,0,0,0,0,0,0,1,1,6,1,20,4,-1,-1,-1,6,1
201432B126714,2,9,0,2,0,0,0,0,0,0,2,2,6,3,53,8,-1,-1,-1,7,1
201432B129214,1,9,0,18,0,0,0,0,7,4,1,1,6,1,84,11,1360,1,9,6,3
201432B130814,1,9,0,5,0,1,0,0,0,0,1,1,6,2,72,10,2143,2,3,4,3
201432B130814,2,9,0,18,0,2,0,0,0,0,3,1,6,2,34,6,1995,1,12,4,3
201432B131114,1,9,0,18,0,2,0,0,0,0,1,1,6,2,59,9,1796,1,10,5,3
201432B131514,1,9,0,17,0,0,5,0,1,9,1,1,6,1,23,5,1998,1,13,7,1
201432B134114,1,9,0,16,0,1,0,7,0,0,4,1,6,1,23,5,1598,1,4,4,3
201432B134114,2,8,0,5,0,1,0,0,0,0,1,1,1,1,60,9,1870,2,8,6,1
201432B135414,1,9,0,5,0,3,0,0,0,0,1,1,2,1,44,7,1753,2,4,6,3
201432B135414,2,1,0,18,0,1,0,0,0,0,1,1,6,1,26,6,-1,-1,-1,5,1
201432B136314,1,9,0,7,0,2,0,0,0,0,4,1,1,1,43,7,-1,-1,-1,4,2
201432B136314,2,1,0,18,4,1,0,0,0,0,1,1,2,1,47,8,-1,-1,-1,10,1
201432B136714,1,9,0,17,0,0,0,0,1,3,1,1,6,2,24,5,1598,1,12,6,1
201432B136814,1,9,0,18,0,0,0,0,0,0,1,1,6,1,42,7,2544,1,14,-1,-1
201432B136814,2,9,0,18,0,0,0,0,0,0,1,1,6,1,81,11,-1,-1,-1,6,1
201432B136814,3,9,0,2,0,0,0,0,0,0,1,1,6,3,-1,-1,1999,1,9,-1,-1
201432B139214,1,21,1,3,0,0,0,0,0,0,2,1,1,1,53,8,10837,2,1,8,2
201432B139214,2,9,0,3,0,0,0,0,0,0,1,1,1,1,36,7,1598,1,11,5,1
201432B139214,3,9,0,18,0,0,0,0,0,0,1,1,1,1,61,9,1388,1,8,-1,-1
201432B139214,4,21,1,18,0,0,0,0,0,0,4,1,1,1,53,8,12777,2,6,-1,-1
201432B141014,1,9,0,9,0,6,0,0,0,0,1,1,6,2,24,5,1364,1,6,4,3
201432B141014,2,9,0,18,0,8,1,0,0,10,3,1,6,2,28,6,1910,2,7,6,1
201432B142314,1,9,0,4,0,0,0,0,0,0,1,1,2,2,23,5,1149,1,1,4,2
201432B142314,2,9,0,4,0,0,0,0,0,0,2,1,2,1,41,7,1229,1,1,1,1
201432B142314,3,9,0,4,0,0,0,0,0,0,2,1,2,1,69,10,1997,2,7,5,3
201432B143314,1,9,0,7,0,2,5,0,1,1,1,1,6,2,18,4,1796,1,15,9,1
201432B144114,1,9,0,10,0,1,0,0,0,0,2,1,6,1,35,6,-1,-1,-1,8,1
201432B144114,2,3,0,10,0,1,0,0,0,0,1,1,6,1,18,4,-1,-1,-1,6,3
201432B144314,1,9,0,18,0,6,0,0,0,10,1,1,6,1,36,7,1731,1,16,4,1
201432B144314,2,9,0,18,0,8,0,0,0,0,3,1,6,1,29,6,1870,2,9,-1,-1
201432B144314,3,19,0,18,0,8,0,0,0,0,4,1,6,1,45,7,2143,2,1,5,3
201432B146814,1,9,0,18,0,0,0,0,0,0,1,1,1,1,26,6,1968,2,5,10,1
201432B146814,2,19,0,9,0,0,0,0,0,0,2,1,1,1,30,6,2143,2,2,4,3
201432B146914,1,9,0,18,0,0,0,10,7,11,3,1,6,2,53,8,1339,1,3,5,2
201432B147314,1,9,0,5,0,1,0,0,0,0,0,1,6,1,28,6,1781,1,15,4,2
201432B147314,2,4,0,18,0,1,0,4,0,0,1,1,6,1,63,9,499,1,15,4,2
201432B149014,1,9,0,18,0,1,1,0,0,0,1,1,6,2,45,7,-1,-1,-1,5,3
201432B149014,2,9,0,10,0,5,0,0,0,0,0,1,1,1,43,7,-1,-1,-1,8,3
201432B149614,1,9,0,18,0,1,1,10,1,10,1,1,6,1,40,7,1995,1,12,5,3
201432B149714,1,9,0,16,0,0,2,0,1,0,1,1,6,1,20,4,1124,1,16,6,3
201432B152314,1,9,0,5,0,3,0,0,0,0,1,1,6,1,22,5,-1,-1,-1,4,2
201432B152314,2,9,0,3,0,1,0,0,0,0,2,1,6,2,34,6,1360,1,15,3,3
201432B152714,1,1,0,18,0,0,0,0,0,0,4,1,6,2,67,10,-1,-1,-1,8,1
201432B152714,2,9,0,1,0,0,0,0,0,0,2,1,6,1,-1,-1,2987,2,3,-1,-1
201432B152814,1,9,0,1,0,2,0,0,0,0,2,1,6,2,52,8,1360,1,14,3,1
201432B154214,1,9,0,5,0,3,0,0,0,0,1,1,6,1,28,6,1597,1,23,-1,-1
201432B154814,1,9,0,9,0,6,0,0,0,0,1,1,6,1,61,9,1796,1,13,5,3
201432B154814,2,3,0,18,0,1,0,0,7,4,4,1,6,1,33,6,124,1,22,5,3
201432B160814,1,4,0,17,0,0,0,0,1,2,1,1,6,1,25,5,249,1,25,5,1
201432B162514,1,23,0,18,0,0,0,0,7,11,1,1,6,1,53,8,-1,-1,-1,7,3
201432B164114,1,9,0,18,0,4,0,9,1,11,1,1,6,1,61,9,1198,1,3,5,1
201432B164214,1,9,0,17,0,0,1,0,1,9,2,1,6,2,24,5,1360,1,13,5,3
201432B164914,1,20,0,18,0,1,0,0,0,0,3,1,1,1,58,9,2800,2,12,5,3
201432B164914,2,9,0,18,0,1,0,0,0,0,1,1,6,1,54,8,1587,1,13,3,1
201432B166714,1,9,0,7,0,8,0,0,0,0,1,1,6,1,21,5,1396,1,10,5,3
201432B166714,2,9,0,18,0,8,0,0,0,0,1,1,6,2,53,8,2972,1,14,9,1
201432B168514,1,3,0,18,0,8,1,0,7,0,1,1,6,1,19,4,125,1,1,5,3
201432B168514,2,9,0,10,0,5,0,0,0,0,0,1,6,2,25,5,1910,2,10,4,3
201432B168814,1,9,0,1,0,2,0,0,0,0,2,1,6,2,54,8,1951,2,10,-1,-1
201432B169014,1,9,0,9,0,8,0,0,0,0,4,1,3,2,55,8,-1,-1,-1,7,3
201432B169014,2,1,0,18,0,8,0,0,0,0,1,1,6,1,14,3,-1,-1,-1,5,1
201432B169314,1,19,0,13,0,1,0,0,0,0,1,1,1,1,26,6,1560,2,6,2,1
201432B169314,2,9,0,9,0,1,0,0,0,0,3,1,2,1,32,6,1587,1,11,5,1
201432B169514,1,1,3,18,0,0,0,0,0,0,1,1,6,1,38,7,-1,-1,-1,-1,1
201432B172214,1,9,0,17,0,0,0,0,0,10,1,1,6,2,35,6,1968,2,4,-1,-1
201432B174114,1,9,0,7,0,8,0,0,0,0,2,1,6,2,25,5,1248,1,3,10,1
201432B174114,2,1,0,18,0,8,0,0,0,0,1,1,6,1,43,7,-1,-1,-1,9,1
201432B176414,1,9,0,9,0,4,0,0,0,0,1,1,6,3,-1,-1,1800,1,15,-1,-1
201432B176414,2,1,0,18,0,4,0,0,0,0,1,1,6,1,42,7,-1,-1,-1,4,1
201432B177014,1,9,0,18,0,6,0,0,0,0,1,1,2,2,60,9,1400,1,13,6,1
201432B177014,2,19,0,18,0,8,1,0,7,0,1,1,1,1,75,10,2874,2,15,5,3
201432B178214,1,9,0,16,0,0,1,0,1,0,1,1,6,2,19,4,998,1,1,6,2
201432B178914,1,9,0,7,0,3,0,0,0,0,4,1,2,2,48,8,1968,2,6,2,1
201432B178914,2,1,0,7,0,3,5,0,0,0,1,1,6,1,18,4,-1,-1,-1,5,3
201432B180014,1,1,0,9,0,6,0,0,0,0,1,1,6,2,17,4,-1,-1,-1,4,3
201432B180014,2,9,0,18,0,8,0,0,0,0,4,1,6,3,-1,-1,2987,2,3,-1,-1
201432B180114,1,9,0,5,0,2,0,0,0,0,1,1,6,1,24,5,1895,1,13,-1,1
201432B180114,2,9,0,18,0,1,0,0,0,0,4,1,6,1,37,7,1798,1,9,9,1
201432B180514,1,2,0,7,0,3,0,0,0,0,0,1,6,1,17,4,49,1,1,3,1
201432B180514,2,9,0,7,0,3,0,0,0,0,0,1,6,1,30,6,1590,1,12,-1,-1
201432B181714,1,1,0,18,8,8,0,0,0,0,1,1,6,3,-1,-1,-1,-1,-1,-1,-1
201432B182014,1,9,0,13,0,0,0,0,7,0,1,1,6,1,24,5,1598,1,3,3,1
201432B182014,2,9,0,18,0,0,0,0,0,0,0,1,6,1,25,5,1199,1,11,7,2
201432B182014,3,21,1,2,6,0,0,0,0,0,2,1,1,1,46,8,12777,2,3,5,1
201432B185814,1,9,0,18,0,0,0,4,8,10,1,1,6,1,29,6,2993,2,2,4,2
201432B185814,2,9,0,2,0,0,0,0,0,0,2,1,6,3,-1,-1,-1,-1,-1,-1,-1
201432B186014,1,90,0,18,9,0,0,10,0,0,0,1,6,1,72,10,-1,-1,-1,4,1
201432B187614,1,9,0,5,0,1,0,0,0,0,3,1,6,1,39,7,1998,2,7,10,1