Accident_Index,Vehicle_Reference,Vehicle_Type,Towing_and_Articulation,Vehicle_Manoeuvre,Vehicle_Location-Restricted_Lane,Junction_Location,Skidding_and_Overturning,Hit_Object_in_Carriageway,Vehicle_Leaving_Carriageway,Hit_Object_off_Carriageway,1st_Point_of_Impact,Was_Vehicle_Left_Hand_Drive?,Journey_Purpose_of_Driver,Sex_of_Driver,Age_of_Driver,Age_Band_of_Driver,Engine_Capacity_(CC),Propulsion_Code,Age_of_Vehicle,Driver_IMD_Decile,Driver_Home_Area_Type
201432E171414,2,1,0,18,0,1,0,0,0,0,1,1,6,1,56,9,-1,-1,-1,10,1
201432E172014,1,9,0,10,0,6,0,0,0,0,1,1,6,1,73,10,2231,2,3,3,1
201432E172014,2,5,0,9,0,5,0,0,0,0,3,1,1,1,51,8,1137,1,9,6,1
201432E172114,1,9,0,5,0,0,0,0,0,0,3,1,2,1,46,8,-1,-1,-1,3,3
201432E172114,2,3,0,18,0,0,0,0,0,0,1,1,2,1,17,4,125,1,6,5,1
201432E172514,1,19,0,18,0,6,1,0,0,0,1,1,6,2,-1,-1,-1,-1,-1,5,2
201432E172514,2,8,0,18,0,8,0,0,0,0,1,1,1,1,-1,-1,2198,2,9,3,1
201432E172714,1,90,0,18,0,0,0,0,1,9,1,1,6,1,65,9,2178,2,9,3,1
201432E173714,1,9,0,9,0,5,0,0,0,0,3,1,6,3,-1,-1,-1,-1,-1,-1,-1
201432E173714,2,3,0,4,0,1,1,0,7,4,4,1,6,1,17,4,124,1,6,3,3
201432E174014,1,9,0,18,0,4,0,0,0,0,1,1,6,1,25,5,1997,2,11,2,2
201432E174014,2,9,0,18,0,3,0,0,0,0,2,1,6,2,19,4,1390,1,14,4,3
201432E174314,1,9,0,18,0,1,0,0,0,0,4,2,6,2,24,5,998,1,8,10,1
201432E174314,2,1,0,9,0,5,0,0,0,0,1,1,6,1,89,11,-1,-1,-1,4,2
201432E174914,1,5,0,16,0,0,2,0,7,0,3,1,6,1,52,8,999,1,8,6,1
201432E175014,1,9,0,13,0,0,0,0,1,9,1,1,6,1,23,5,1796,1,12,4,1
201432E175114,1,9,0,1,7,0,0,0,0,0,2,1,6,1,64,9,2597,1,13,4,1
201432E175214,1,9,0,18,0,8,0,0,7,10,1,1,6,1,21,5,1998,2,11,1,1
201432E175214,2,9,0,18,0,1,0,0,1,9,2,1,6,1,22,5,1299,1,15,6,3
201432E175214,3,9,0,18,0,1,0,0,0,0,2,1,6,2,18,4,1390,1,-1,-1,-1
201432E182314,1,3,0,16,0,1,1,0,3,9,1,1,6,1,21,5,124,1,8,1,1
201432E182514,1,9,0,18,0,6,0,0,0,0,0,1,6,2,-1,-1,-1,-1,-1,-1,-1
201432E182514,2,97,0,18,0,6,5,0,0,0,0,1,6,1,31,6,-1,-1,-1,4,1
201432E182914,1,9,0,17,0,0,0,0,0,0,1,1,3,2,26,6,1910,2,8,5,3
201432E182914,2,9,0,16,0,0,0,0,0,0,1,1,1,2,57,9,1598,1,8,5,3
201432E183014,1,19,0,18,0,0,0,0,1,9,4,1,1,1,19,4,1248,2,10,3,3
201432E183114,1,9,0,18,0,1,0,0,0,0,1,1,6,1,41,7,1390,1,12,8,3
201432E183114,2,20,0,10,0,1,0,0,0,0,2,1,1,1,34,6,-1,-1,-1,-1,-1
201432E183414,1,9,0,18,0,0,0,0,0,0,4,1,6,1,63,9,1596,1,8,-1,-1
201432E183514,1,9,0,2,0,2,0,0,1,0,0,1,6,2,40,7,1598,1,8,7,1
201432E187214,1,9,0,18,0,0,0,0,0,0,1,1,6,1,47,8,1296,1,7,8,1
201432E187214,2,9,0,18,0,0,0,0,0,0,2,1,6,2,23,5,1124,1,10,-1,3
201432E187214,3,9,0,18,0,0,0,0,0,0,2,1,6,2,52,8,1598,1,8,3,1
201432E187214,4,9,0,18,0,0,0,0,0,0,2,1,6,1,48,8,2400,2,2,10,1
201432E187714,1,5,0,18,0,0,0,0,1,3,1,1,6,1,35,6,998,1,12,5,1
201432E188814,1,9,0,18,0,0,5,0,0,0,1,1,6,2,57,9,1461,2,7,4,2
201432E188814,2,9,0,2,0,0,0,0,0,0,1,1,6,3,-1,-1,1850,1,13,4,2
201432E189514,1,9,0,18,0,0,0,4,0,0,1,1,6,3,-1,-1,1596,1,15,-1,-1
201432E189514,2,21,0,2,0,0,0,0,0,0,4,1,1,1,43,7,4580,2,2,4,1
201432E191314,1,9,0,16,0,0,0,0,1,9,4,1,6,2,51,8,1389,1,10,5,2
201432E192814,1,19,0,5,0,6,0,0,0,0,1,1,2,1,47,8,1868,2,12,8,3
201432E192814,2,9,0,5,0,6,0,0,0,0,4,1,1,1,28,6,1896,2,11,3,3
201432E193114,1,9,0,15,0,0,0,0,1,9,1,1,6,1,21,5,-1,-1,-1,1,1
201432L004914,1,9,0,18,0,4,0,0,0,0,3,1,6,1,71,10,1348,1,13,7,2
201432L004914,2,1,0,18,0,8,0,0,0,0,4,1,6,1,32,6,-1,-1,-1,5,1
201432L005814,1,9,0,9,0,8,0,0,1,0,4,1,6,2,22,5,1685,2,1,8,3
201432L005814,2,9,0,18,0,8,0,0,1,0,1,1,6,1,57,9,-1,-1,-1,4,2
201432L007014,1,8,0,18,0,0,0,4,0,0,1,1,1,1,52,8,1956,2,1,2,1
201432L007014,2,9,0,2,0,0,0,0,0,0,4,1,6,3,-1,-1,1596,1,9,3,1
201432L007314,1,9,0,18,0,0,0,0,0,0,3,1,6,1,87,11,-1,-1,-1,8,1
201432L007314,2,19,0,4,0,0,0,0,0,0,3,1,1,1,46,8,1995,2,7,10,2
201432L007614,1,9,0,17,0,8,1,0,1,11,1,1,6,1,32,6,1753,2,10,5,2
201432L009314,1,9,0,9,0,5,0,0,7,11,4,1,1,1,33,6,1560,2,2,4,1
201432L009314,2,9,0,18,0,1,0,0,0,0,1,1,1,1,44,7,1968,2,1,8,3
201432L010214,1,9,0,18,0,0,0,0,0,0,0,1,6,2,49,8,-1,-1,-1,7,2
201432L010214,2,9,0,18,0,0,0,0,0,0,2,1,1,1,48,8,1968,2,1,4,1
201432L010214,3,9,0,18,0,0,0,0,0,0,1,1,6,1,60,9,1398,1,11,3,1
201432L010514,1,9,0,9,0,8,0,0,0,0,1,1,1,1,77,11,2953,2,10,7,3
201432L010514,2,1,0,18,0,8,0,0,0,0,1,1,6,1,38,7,-1,-1,-1,6,3
201432L010614,1,9,0,16,0,0,0,0,7,9,1,1,1,1,33,6,1998,2,10,3,1
201432L010814,1,9,0,13,0,0,0,0,7,0,1,1,3,1,46,8,1461,2,1,-1,1
201432L010814,2,9,0,18,0,0,0,0,0,0,1,1,2,2,23,5,1587,1,12,6,3
201432L010814,3,21,4,18,0,0,0,0,0,0,3,1,1,1,45,7,12130,2,13,7,3
201432L010914,1,9,0,9,0,5,0,0,0,0,4,1,3,1,20,4,1124,1,13,5,1
201432L010914,2,1,0,18,0,8,0,0,0,0,1,1,6,1,16,4,-1,-1,-1,7,1
201432L011414,1,9,0,16,0,0,2,0,1,9,1,1,1,1,22,5,1956,2,1,9,1
201432L011514,1,9,0,18,0,1,0,0,0,0,1,1,1,1,43,7,1598,1,18,-1,1
201432L011514,2,9,0,18,0,1,0,0,0,0,4,1,1,1,24,5,2000,2,6,1,1
201432L011614,1,8,0,5,0,1,0,0,0,0,0,1,1,2,55,8,1560,2,3,3,1
201432L011714,1,19,0,9,0,0,0,0,7,0,1,1,1,1,31,6,-1,-1,-1,8,1
201432L011714,2,19,0,14,0,0,0,0,0,8,0,1,1,1,40,7,1598,2,1,3,1
201432L012514,1,19,0,18,0,8,0,0,0,0,1,1,1,1,62,9,2402,2,13,-1,-1
201432L012514,2,1,0,18,0,8,0,0,0,0,3,1,4,1,10,2,-1,-1,-1,2,1
201432L013714,1,9,0,9,0,8,0,0,0,0,4,1,6,2,62,9,1598,1,2,3,1
201432L013714,2,9,0,17,0,1,0,0,0,0,1,1,6,1,42,7,1598,1,3,2,1
201432L013814,1,9,0,18,0,1,0,0,0,0,4,1,6,1,39,7,998,1,1,2,1
201432L013814,2,1,0,18,0,1,0,0,0,0,3,1,6,1,43,7,-1,-1,-1,9,3
201432L015014,1,9,0,17,0,0,0,0,1,4,3,1,6,1,24,5,1798,1,13,1,1
201432L015114,1,9,0,2,0,0,0,0,0,0,0,1,6,1,24,5,-1,-1,-1,-1,-1
201432L015114,2,2,0,18,0,0,0,4,0,0,2,1,1,1,47,8,49,1,1,8,1
201432L015814,1,9,0,9,0,1,0,0,0,0,3,1,6,2,47,8,2400,2,6,7,3
201432L015814,2,3,0,18,0,1,0,0,0,0,1,1,6,1,42,7,125,1,13,8,1
201432L016014,1,9,0,16,0,0,2,0,1,9,1,1,6,2,23,5,1242,1,11,6,3
201432L016114,1,9,0,16,0,0,2,0,1,9,1,1,1,2,24,5,-1,-1,-1,6,2
201432L016414,1,8,0,18,0,1,0,0,1,9,1,1,3,1,49,8,-1,-1,-1,5,3
201432L016414,2,17,4,9,0,5,0,0,7,10,2,1,1,1,31,6,2446,2,13,6,3
201432L016514,1,9,0,10,0,1,0,0,0,0,0,1,6,2,32,6,1968,2,7,6,1
201432L016514,2,5,0,4,0,1,0,0,0,0,1,1,6,1,27,6,1250,2,7,1,1
201432L017014,1,21,1,16,0,0,5,0,1,0,4,1,1,1,42,7,12740,2,1,8,2
201432L017314,1,9,0,18,0,1,0,0,1,0,1,1,6,1,71,10,1061,1,10,7,2
201432L017314,2,9,0,10,0,1,0,0,0,0,2,1,2,1,53,8,1968,2,4,10,2
201432L018414,1,9,0,9,0,0,0,0,0,0,4,1,6,1,57,9,1796,1,7,6,3
201432L018414,2,9,0,18,0,0,0,0,1,4,1,1,3,2,40,7,1339,1,11,1,1
201432L019614,1,9,0,18,0,1,0,0,0,0,1,1,6,2,-1,-1,-1,-1,-1,-1,-1
201432L019614,2,1,0,18,0,8,0,0,0,0,1,1,6,1,13,3,-1,-1,-1,3,1
201432L020214,1,9,0,1,0,0,0,0,0,0,2,1,6,1,30,6,1364,1,8,7,2
201432L021314,1,5,0,18,0,1,0,0,0,0,1,1,2,1,44,7,599,1,7,7,2
201432L021914,1,19,0,18,0,0,1,0,0,0,1,1,6,1,31,6,1753,2,10,2,1
201432L021914,2,9,0,18,0,0,0,0,0,0,1,1,6,1,48,8,1229,1,2,3,1
201432L021914,3,9,0,18,0,0,0,0,0,0,1,1,6,1,40,7,1968,2,2,8,3
201432L023814,1,9,0,5,0,8,0,0,0,0,4,1,6,2,53,8,1870,2,8,6,3
201432L023814,2,9,0,18,0,8,0,0,0,0,1,1,6,1,42,7,-1,-1,-1,8,3
201432L024314,1,9,0,3,0,1,0,0,0,0,0,1,1,1,30,6,1896,2,4,8,2
201432L024314,2,19,0,18,0,8,0,0,0,0,1,1,1,1,34,6,2198,2,6,7,3
201432L024314,3,9,0,18,0,8,0,0,0,0,2,1,6,1,42,7,1753,2,11,7,2
201432L024814,1,9,0,5,0,8,0,0,0,0,1,1,6,1,65,9,1968,2,8,3,1
201432L024814,2,9,0,18,0,8,0,0,0,0,4,1,6,1,23,5,1598,1,10,2,1
201432L025814,1,19,0,10,0,8,0,0,0,0,1,1,6,1,22,5,2402,2,11,3,1
201432L025814,2,3,0,18,0,1,2,0,0,0,1,1,6,1,20,4,124,1,6,6,2
201432L026614,1,9,0,18,0,1,0,0,0,0,4,1,3,2,38,7,1360,1,10,6,1
201432L026614,2,1,0,7,0,1,0,0,0,0,3,1,4,1,9,2,-1,-1,-1,7,1
201432L027514,1,19,0,9,0,8,0,0,0,0,3,1,1,1,33,6,2402,2,3,5,1
201432L028014,1,3,0,18,0,6,0,0,0,0,3,1,2,1,24,5,125,1,5,3,1
201432L028114,1,9,0,9,0,6,0,0,0,0,3,1,6,1,76,11,1598,1,4,10,1
201432L028114,2,9,0,9,0,1,0,0,0,0,1,1,1,2,35,6,1598,2,1,8,3
201432L028214,1,9,0,9,0,1,0,0,0,0,1,1,6,1,39,7,1896,2,11,10,2
201432L028214,2,9,0,18,0,1,0,0,0,0,1,1,6,2,27,6,1242,1,11,2,1
201432L028314,1,9,0,9,0,5,0,0,0,0,1,1,6,1,20,4,2198,1,11,5,1
201432L028314,2,9,0,18,0,5,1,0,0,0,1,1,6,2,69,10,1339,1,3,-1,-1
201432L028414,1,20,0,18,0,1,0,0,0,0,1,1,6,1,35,6,-1,-1,-1,3,1
201432L028414,2,9,0,18,0,1,0,0,0,0,2,1,6,1,22,5,1360,1,12,-1,1
201432L028814,1,19,0,1,0,1,0,0,0,0,2,1,6,3,-1,-1,-1,-1,-1,-1,-1
201432L029614,1,9,0,7,0,6,0,0,0,0,1,1,6,1,29,6,1896,2,10,7,1
201432L029614,2,9,0,18,0,1,0,0,0,0,4,1,6,1,22,5,1598,1,12,2,1
201432L031214,1,9,0,17,0,0,0,0,1,11,1,1,6,1,25,5,1995,2,9,7,2
201432L032314,1,21,0,1,0,8,0,0,0,0,3,1,1,1,63,9,-1,-1,-1,1,1
201432L032314,2,9,0,2,0,8,0,0,0,0,3,2,2,2,44,7,1242,1,1,3,1
201432L033414,1,4,0,18,0,0,5,0,0,0,1,1,1,1,51,8,124,1,4,4,1
201432L033414,2,1,0,5,0,0,5,0,0,0,2,1,1,1,28,6,-1,-1,-1,1,1
201432L033714,1,9,0,1,9,0,0,0,0,0,2,1,6,1,40,7,1998,2,9,7,1
201432L037514,1,11,0,5,0,0,0,0,0,0,0,1,1,1,46,8,-1,-1,-1,6,1
201432L038614,1,9,0,18,0,0,0,0,0,0,1,1,6,2,43,7,1560,2,-1,6,3
201432L038614,2,9,0,18,0,0,1,0,0,0,1,1,6,1,24,5,-1,-1,-1,3,1
201432L040314,1,9,0,4,0,0,0,0,0,0,1,1,2,1,58,9,1997,1,8,4,1
201432L040314,2,19,0,4,0,0,0,0,0,0,1,1,3,1,53,8,-1,-1,-1,4,1
201432L040314,3,19,0,4,0,0,0,0,0,0,0,1,3,2,38,7,2464,2,3,6,2
201432L040414,1,9,0,5,2,0,0,0,0,0,1,1,6,1,48,8,1910,2,9,9,2
201432L040414,2,9,0,18,0,0,0,0,0,0,4,1,6,2,23,5,1390,1,11,2,1
201432L040514,1,9,0,18,0,1,0,0,0,0,1,1,6,2,20,4,1240,1,9,9,1
201432L040514,2,1,0,18,0,8,0,0,0,0,4,1,6,1,49,8,-1,-1,-1,2,1
201432L040514,3,1,0,18,0,8,0,0,0,0,4,1,6,1,43,7,-1,-1,-1,2,1
201432L041214,1,9,0,9,0,5,0,0,0,0,1,1,6,1,32,6,1199,1,10,5,1
201432L041214,2,1,0,18,0,1,0,0,0,0,1,1,6,1,17,4,-1,-1,-1,2,1
201432L043614,1,9,0,9,0,8,0,0,0,0,1,1,2,2,54,8,1798,1,4,6,3
201432L043614,2,9,0,5,0,8,0,0,0,0,1,1,1,1,30,6,1986,2,7,5,1
201432L044214,1,9,0,5,0,0,0,0,0,0,1,1,1,2,39,7,2993,2,5,-1,3
201432L044214,2,9,0,14,0,0,0,0,1,4,2,1,1,1,22,5,1399,2,5,2,1
201432L045014,1,9,0,9,0,6,0,0,0,0,3,1,6,2,18,4,999,1,13,2,1
201432L045014,2,1,0,18,0,8,5,0,0,0,1,1,6,2,67,10,-1,-1,-1,9,2
201432L046314,1,9,0,18,0,0,0,0,0,0,1,1,6,1,48,8,1798,1,12,3,1
201432L047714,1,9,0,4,0,0,0,0,0,0,2,1,6,2,56,9,998,1,14,2,1
201432L047714,2,9,0,18,0,0,0,0,0,0,1,1,6,2,23,5,1956,2,5,2,1
201432L049514,1,9,0,9,0,6,0,0,0,0,4,1,6,1,32,6,-1,-1,-1,7,1
201432L049514,2,3,0,18,0,1,0,0,0,0,3,1,1,1,44,7,124,1,21,7,1
201432L049614,1,9,0,9,0,8,0,0,0,0,3,1,6,1,57,9,1968,2,5,1,1
201432L049614,2,9,0,18,0,1,0,0,0,0,1,2,6,1,42,7,1560,2,5,3,1
201432L050314,1,9,0,17,0,0,2,0,2,1,1,1,6,2,18,4,973,1,11,3,3
201432L051714,1,9,0,16,0,1,0,0,0,0,1,1,6,1,31,6,1998,2,11,1,1
201432L051714,2,9,0,17,0,1,0,0,0,0,1,1,6,1,29,6,1896,2,10,1,1
201432L051814,1,9,0,18,0,4,0,0,0,0,1,1,6,1,73,10,1998,2,9,8,3
201432L051814,2,9,0,18,0,3,0,0,0,0,4,1,6,1,20,4,998,1,9,1,1
201432L052414,1,9,0,16,0,0,0,0,0,0,0,1,6,1,50,8,1998,1,9,4,2
201432L052414,2,9,0,13,0,0,0,0,1,9,1,1,6,1,21,5,1587,1,12,6,3
201432L054314,1,9,0,18,0,8,0,0,0,0,1,1,2,2,56,9,1598,2,1,10,1
201432L054314,2,8,0,5,0,8,0,0,0,0,1,1,1,1,48,8,1995,2,2,3,1
201432L054914,1,9,0,18,0,1,0,0,0,0,0,1,6,1,26,6,-1,-1,-1,2,1
201432L057614,1,9,0,18,0,1,0,0,0,0,1,1,6,1,63,9,998,1,2,10,2
201432L057614,2,9,0,4,0,2,0,0,0,0,2,1,6,1,20,4,1560,2,1,6,3
201432L058214,1,9,0,4,0,1,0,0,0,0,1,1,6,1,44,7,1349,1,5,1,1
201432L058314,1,9,0,18,0,6,0,0,0,0,3,1,2,2,26,6,1598,1,18,8,2
201432L058314,2,9,0,18,0,1,0,0,0,0,1,1,1,1,63,9,-1,-1,-1,3,1
201432L058514,1,9,0,10,0,0,0,0,0,0,4,1,1,1,50,8,-1,-1,-1,8,3
201432L058514,2,9,0,18,0,0,0,0,0,0,4,1,6,2,34,6,-1,-1,-1,6,3
201432L059114,1,9,0,18,0,0,0,0,0,0,1,1,2,1,30,6,1995,1,8,9,1
201432L059114,2,9,0,18,0,0,0,0,0,0,2,1,6,1,73,10,1997,1,6,6,3
201432L059114,3,9,0,18,0,0,0,0,0,0,2,1,2,1,33,6,-1,-1,-1,10,2
201432L059714,1,9,0,17,0,0,0,0,1,4,1,1,6,2,42,7,1998,1,13,6,3
201432L059814,1,9,0,4,0,0,0,0,0,0,2,1,6,1,19,4,973,1,14,2,1
201432L059814,2,9,0,18,0,0,0,0,0,0,1,1,6,1,21,5,1360,1,11,3,1
201432L059914,1,9,0,9,0,6,0,0,0,0,3,1,1,2,46,8,1968,2,6,5,1
201432L059914,2,4,0,18,0,8,0,0,0,0,1,1,1,1,22,5,-1,-1,-1,7,1
201432L060914,1,2,0,18,0,1,0,11,0,0,1,1,2,2,23,5,-1,-1,-1,1,1
201432L061114,1,9,0,18,0,1,1,0,1,2,4,1,6,1,39,7,1796,1,13,2,1
201432L061214,1,9,0,18,0,0,0,0,0,0,1,1,6,3,-1,-1,-1,-1,-1,-1,-1
201432L063814,1,1,0,18,0,0,0,0,0,0,2,1,6,1,53,8,-1,-1,-1,-1,-1
201432L063814,2,9,0,18,0,0,0,0,0,0,4,1,6,3,-1,-1,-1,-1,-1,-1,-1
201432L064314,1,9,0,9,0,8,0,0,0,0,1,1,2,1,29,6,1598,1,4,4,2
201432L064314,2,9,0,18,0,8,0,0,1,4,1,1,2,1,36,7,1896,2,10,2,1
201432L065114,1,9,0,18,0,0,0,0,0,0,1,1,1,1,30,6,1390,1,4,8,3
201432L065914,1,9,0,18,0,8,0,0,0,0,1,1,6,1,28,6,1299,1,18,1,1
201432L065914,2,1,0,7,0,8,0,0,0,0,2,1,6,1,25,5,-1,-1,-1,-1,-1
201432L067414,1,9,0,9,0,1,0,0,0,0,0,1,1,2,20,4,1299,1,13,2,1
201432L067414,2,3,0,18,0,1,0,0,0,0,3,1,6,1,27,6,124,1,-1,7,2
201432L068014,1,9,0,7,0,0,0,0,7,4,1,1,6,1,32,6,1598,1,10,-1,-1
201432L068114,1,9,0,18,0,1,0,0,0,0,1,1,6,2,25,5,-1,-1,-1,-1,-1
201432L068814,1,9,0,3,0,1,0,0,0,0,0,1,6,2,24,5,1124,1,16,2,1
201432L068814,2,9,0,18,0,1,0,0,0,0,1,1,6,2,-1,-1,-1,-1,-1,-1,-1
201432L071714,1,9,0,9,0,8,0,0,1,0,3,1,1,1,51,8,-1,-1,-1,7,2
201432L071714,2,9,0,18,0,1,0,0,0,0,4,1,6,1,41,7,1994,2,15,3,1
201432L072714,1,9,0,18,0,0,0,0,0,0,1,1,6,2,40,7,1896,2,6,6,1
201432L072714,2,19,4,14,0,0,0,0,0,0,2,1,1,1,51,8,1995,2,6,7,3
201432L075714,1,9,0,9,0,8,0,0,0,0,1,1,6,2,48,8,3311,8,7,7,2
201432L075714,2,9,0,18,0,8,0,0,7,0,4,1,6,2,53,8,1997,2,11,9,3
201432L075814,1,9,0,9,0,8,0,0,1,2,1,1,6,1,81,11,998,1,8,8,1
201432L076214,1,9,0,18,0,0,2,0,7,4,4,1,6,2,38,7,2198,1,12,6,3
201432L076814,1,9,0,18,0,1,0,0,0,0,3,1,2,2,36,7,1968,2,4,5,1
201432L076914,1,9,0,3,0,1,0,0,0,0,1,1,6,1,17,4,-1,-1,-1,7,3
201432L076914,2,19,0,10,0,1,0,0,0,0,2,1,6,1,36,7,1248,2,4,3,1
201432L077014,1,9,0,9,0,2,0,0,0,0,4,1,6,1,42,7,973,1,11,8,1
201432L079314,1,19,0,12,0,1,0,0,0,0,3,1,6,1,33,6,1997,2,3,2,1
201432L079314,2,9,0,18,0,1,0,0,0,0,4,1,6,2,28,6,954,1,15,5,1
201432L081714,1,21,1,18,0,0,0,0,0,0,3,1,6,3,-1,-1,-1,-1,-1,-1,-1
201432L081714,2,21,1,18,0,0,0,0,0,0,3,2,1,1,50,8,12777,2,3,4,3
201432L082814,1,9,0,17,0,8,5,0,8,0,3,1,6,1,24,5,1598,1,12,6,3
201432L082914,1,3,0,16,0,0,5,0,1,0,0,1,6,2,27,6,124,1,8,1,1
201432L083114,1,9,0,4,0,1,0,0,0,0,3,1,3,2,31,6,1461,2,1,8,1
201432L083114,2,1,0,18,0,1,2,0,0,0,1,1,6,1,14,3,-1,-1,-1,8,1
201432L084414,1,9,0,18,0,0,1,0,1,9,4,1,6,1,27,6,1686,2,5,4,1
201432L085114,1,9,0,9,0,6,0,0,0,0,4,1,6,1,24,5,998,1,8,3,1
201432L085114,2,9,0,18,0,8,0,0,0,0,1,1,6,2,34,6,1598,1,6,2,1
201432L085314,1,9,0,9,0,8,0,0,0,0,3,1,6,1,24,5,1753,2,6,1,1
201432L085314,2,5,0,13,0,8,0,0,0,0,1,1,6,1,23,5,782,1,9,3,1
201432L085514,1,9,0,9,0,6,0,0,0,0,1,1,2,2,54,8,1984,1,12,8,1
201432L085514,2,9,0,18,0,8,0,0,7,0,4,1,2,2,23,5,1598,1,4,10,1
201432L085814,1,2,0,17,0,0,0,0,1,2,1,1,6,2,19,4,49,1,11,-1,-1
201432L086014,1,9,0,9,0,0,0,0,0,0,1,1,1,1,44,7,1997,2,11,2,1
201432L086014,2,5,0,13,0,0,0,0,0,0,4,1,6,1,52,8,999,1,4,7,3
201432L087214,1,9,0,9,0,1,0,0,0,0,1,1,6,1,81,11,1998,2,12,4,1
201432L087214,2,9,0,18,0,1,0,0,0,0,3,1,6,1,38,7,1995,2,10,4,1
201432L088514,1,19,0,9,0,6,0,0,0,0,1,1,1,1,49,8,-1,-1,-1,6,1
201432L088514,2,1,0,18,0,8,5,0,0,0,1,1,6,1,59,9,-1,-1,-1,4,1
201432L089114,1,9,0,5,0,8,0,0,0,0,1,1,6,2,70,10,-1,-1,-1,8,2
201432L089114,2,9,0,18,0,8,1,10,7,4,4,1,2,1,32,6,-1,-1,-1,5,1
201432L089214,1,9,0,18,0,8,0,0,0,0,1,1,6,1,63,9,1799,1,8,6,2
201432L089214,2,9,0,18,0,8,0,0,0,0,3,1,6,2,24,5,1242,1,-1,4,1
201432L089614,1,9,0,18,0,0,1,0,7,0,3,1,6,1,38,7,1587,1,9,1,1
201432L090014,1,19,0,4,0,0,1,0,0,0,1,1,6,1,47,8,1870,2,11,8,1
201432L090014,2,9,0,4,0,0,0,0,0,0,2,1,6,2,18,4,1149,1,13,8,3
201432L090014,3,9,0,4,0,0,0,0,0,0,2,1,6,2,41,7,2460,2,9,3,1
201432L090614,1,9,0,18,0,0,0,0,0,0,4,1,6,3,-1,-1,-1,-1,-1,-1,-1
201432L090614,2,9,0,18,0,0,0,0,1,0,3,1,6,1,32,6,1686,2,5,-1,-1
201432L092014,1,9,0,18,0,1,0,0,0,0,1,1,1,1,38,7,-1,-1,-1,-1,-1
201432L092014,2,19,0,10,0,1,0,0,0,0,2,1,6,1,29,6,-1,-1,-1,5,3
201432L093314,1,9,0,4,0,1,0,0,0,0,2,1,6,1,36,7,1299,1,13,4,1
201432L093314,2,9,0,4,0,1,0,0,0,0,1,1,6,2,28,6,1984,1,10,8,1
201432L093314,3,9,0,4,0,1,0,0,0,0,2,1,6,2,32,6,1999,1,11,-1,1
201432L093414,1,9,0,18,0,0,0,0,0,0,1,1,6,2,28,6,1595,1,6,3,1
201432L093414,2,5,0,18,0,0,0,0,1,0,1,1,6,1,46,8,598,1,23,7,3
201432L093614,1,9,0,2,0,0,0,0,0,0,1,1,6,1,45,7,1896,2,12,3,1
201432L093614,2,9,0,2,0,0,0,0,0,0,2,1,6,1,69,10,1956,2,2,8,1
201432L094014,1,9,0,9,0,2,0,0,0,0,1,1,6,1,27,6,1587,1,13,-1,-1
201432L094014,2,8,0,18,0,1,0,0,0,0,1,1,1,1,30,6,1896,2,13,4,1
201432L094614,1,19,0,13,0,0,0,0,0,0,1,1,6,1,61,9,2402,2,10,2,1
201432L094614,2,9,0,6,0,0,0,0,0,0,3,1,1,1,41,7,2993,2,3,-1,-1
201432L095114,1,9,0,18,0,0,5,0,7,4,1,1,2,2,29,6,1242,1,4,6,3
201432L098914,1,9,0,18,0,5,0,0,0,0,1,1,6,2,18,4,1149,1,12,9,2
201432L098914,2,9,0,18,0,5,0,0,0,0,2,1,6,1,43,7,1910,2,7,7,1
201432L099714,1,10,0,4,0,0,0,0,0,0,1,1,2,1,-1,-1,1995,2,5,-1,-1
201432L099714,2,9,0,3,0,0,0,0,0,0,2,1,2,1,24,5,1299,1,15,7,2
201432L099914,1,9,0,13,0,1,0,0,0,0,1,1,6,2,41,7,1999,1,5,8,1
201432L099914,2,1,0,18,0,1,0,0,0,0,2,1,6,1,19,4,-1,-1,-1,6,3
201432L100114,1,9,0,18,0,1,0,0,0,0,1,1,6,2,51,8,1229,1,8,4,1
201432L100414,1,9,0,9,0,6,1,0,0,0,3,1,6,2,46,8,1870,2,6,-1,-1
201432L100414,2,5,0,18,0,8,1,0,0,0,1,1,6,1,22,5,599,1,13,9,2
201432L101714,1,5,0,13,0,8,2,0,0,0,0,1,6,1,18,4,599,1,15,8,1
201432L102214,1,5,0,17,0,0,0,0,1,9,4,1,6,1,41,7,599,1,12,5,1
201432L102714,1,3,0,13,0,1,5,0,7,11,1,1,6,1,18,4,124,1,22,8,3
201432L102714,2,9,0,9,0,1,0,0,0,0,3,1,6,2,55,8,1461,2,3,9,3
201432L103714,1,9,0,5,0,4,0,0,0,0,3,1,6,1,42,7,1497,8,1,-1,3
201432L103714,2,1,0,18,0,8,0,0,0,0,4,1,6,1,31,6,-1,-1,-1,8,1
201432L105514,1,9,0,9,0,6,0,0,0,0,1,1,1,2,63,9,1248,2,10,8,3
201432L105514,2,9,0,18,0,8,0,0,0,0,4,1,6,2,33,6,1796,1,11,7,2
201432L105814,1,9,0,10,0,1,0,0,0,0,3,1,6,1,56,9,1997,2,13,1,1