Accident_Index,Vehicle_Reference,Vehicle_Type,Towing_and_Articulation,Vehicle_Manoeuvre,Vehicle_Location-Restricted_Lane,Junction_Location,Skidding_and_Overturning,Hit_Object_in_Carriageway,Vehicle_Leaving_Carriageway,Hit_Object_off_Carriageway,1st_Point_of_Impact,Was_Vehicle_Left_Hand_Drive?,Journey_Purpose_of_Driver,Sex_of_Driver,Age_of_Driver,Age_Band_of_Driver,Engine_Capacity_(CC),Propulsion_Code,Age_of_Vehicle,Driver_IMD_Decile,Driver_Home_Area_Type
201432N039114,1,9,0,8,0,1,0,0,0,0,1,1,6,1,32,6,-1,-1,-1,8,1
201432N039114,2,11,0,4,0,1,0,0,0,0,1,1,1,1,64,9,-1,2,15,6,2
201432N039514,1,9,0,18,0,8,0,0,0,0,1,1,1,1,47,8,-1,-1,-1,5,2
201432N039514,2,9,0,18,0,8,0,0,0,0,4,1,1,1,60,9,998,1,2,7,3
201432N039614,1,2,0,13,0,1,0,0,0,0,4,1,6,1,16,4,50,1,1,7,1
201432N039614,2,19,0,18,0,1,0,0,0,0,3,1,1,1,23,5,1560,2,1,2,1
201432N039714,1,9,0,18,0,0,2,0,1,10,1,1,6,1,23,5,1910,2,6,3,1
201432N039814,1,9,0,18,0,0,2,0,7,0,4,1,6,2,51,8,1997,2,10,5,3
201432N040014,1,10,0,18,0,4,0,0,0,0,1,1,6,1,-1,-1,2500,2,6,-1,-1
201432N040014,2,9,0,18,0,3,0,0,0,0,1,1,1,1,31,6,1390,1,12,2,1
201432N041114,1,9,0,18,0,0,2,0,7,3,4,1,6,1,22,5,1587,1,12,7,3
201432N041414,1,20,4,2,0,1,0,0,0,0,0,1,1,1,53,8,-1,-1,-1,5,3
201432N041414,2,9,0,18,0,1,0,0,0,0,2,1,6,1,33,6,-1,-1,-1,7,1
201432N041414,3,9,0,18,0,1,0,0,0,0,2,1,6,1,32,6,1242,1,10,3,1
201432N041414,4,21,1,18,0,1,0,0,0,0,1,1,1,1,30,6,12900,2,2,4,1
201432N041414,5,9,0,18,0,1,0,0,0,0,1,1,1,2,30,6,1796,1,10,8,1
201432N041414,6,8,0,18,0,1,0,0,0,0,4,1,6,3,-1,-1,-1,-1,-1,-1,-1
201432N042614,1,9,0,7,0,6,0,0,0,0,3,1,6,1,73,10,2496,1,9,7,1
201432N042614,2,5,0,18,0,1,1,0,7,0,4,1,1,1,51,8,1085,1,15,8,1
201432N043214,1,9,0,18,0,8,1,0,0,6,1,1,6,1,38,7,1796,1,6,-1,-1
201432N043214,2,9,0,10,0,8,0,0,0,0,2,1,6,1,43,7,1994,1,11,6,3
201432N043214,3,9,0,18,0,8,1,0,0,0,1,1,6,1,28,6,1951,2,11,7,1
201432N043214,4,19,0,18,0,8,1,0,0,0,1,1,1,1,23,5,1868,2,11,10,1
201432N043214,5,9,0,18,0,8,0,0,0,0,1,1,1,1,47,8,1796,1,1,6,1
201432N043214,6,21,1,18,0,8,0,0,0,0,3,1,1,1,53,8,-1,2,8,6,2
201432N043214,7,9,0,18,0,8,0,0,0,0,0,1,1,2,51,8,-1,-1,-1,6,2
201432N043414,1,9,0,17,0,0,2,0,1,9,2,1,2,1,25,5,1388,1,16,5,3
201432N043714,1,9,0,18,0,2,5,0,3,0,1,1,6,1,24,5,1527,2,17,2,1
201432N043814,1,9,0,18,0,0,1,0,0,0,1,1,6,2,25,5,1242,1,16,-1,-1
201432N043814,2,19,0,18,0,0,0,0,0,0,1,1,1,1,27,6,2287,2,2,7,2
201432N043914,1,4,0,18,0,1,0,0,0,0,1,1,6,1,18,4,-1,-1,-1,9,3
201432N043914,2,9,0,18,0,1,0,0,0,0,2,1,6,1,37,7,1968,2,5,7,3
201432N044114,1,9,0,9,0,8,0,0,0,0,1,1,6,1,18,4,-1,-1,-1,7,1
201432N044114,2,2,0,18,0,1,0,0,0,0,1,1,6,1,24,5,124,1,1,-1,-1
201432N044914,1,19,0,18,0,6,0,0,0,0,1,1,1,2,-1,-1,-1,-1,-1,-1,-1
201432N044914,2,1,0,18,0,8,0,0,0,0,4,1,2,1,52,8,-1,-1,-1,6,2
201432N046214,1,1,0,18,0,0,0,0,0,0,0,1,6,1,53,8,-1,-1,-1,2,1
201432N047114,1,9,0,16,0,2,2,0,0,0,4,1,6,1,29,6,1242,1,13,6,1
201432N047114,2,9,0,18,0,2,0,0,1,0,1,1,6,2,43,7,1686,2,1,5,3
201432N047814,1,9,0,18,0,0,0,0,1,0,4,1,6,2,19,4,1360,1,10,7,3
201432N048914,1,9,0,9,0,4,0,0,0,0,1,1,2,2,44,7,1360,1,7,7,2
201432N048914,2,1,0,18,0,4,0,0,0,0,3,1,6,1,57,9,-1,-1,-1,7,1
201432N049814,1,9,0,6,0,0,0,0,0,0,1,1,6,1,26,6,-1,-1,-1,8,2
201432N049814,2,9,0,18,0,0,1,0,1,11,1,1,2,1,21,5,1124,1,14,7,3
201432N050414,1,9,0,16,0,0,0,0,0,0,1,1,6,2,59,9,998,1,4,4,1
201432N050414,2,9,0,16,0,0,0,0,0,0,2,1,2,2,31,6,-1,-1,-1,3,1
201432N050514,1,9,0,10,0,1,0,0,1,0,0,1,2,2,49,8,1388,1,14,10,1
201432N050514,2,98,0,18,0,1,1,0,0,0,2,1,1,1,46,8,10837,2,1,4,1
201432N050614,1,9,0,18,0,0,1,0,2,9,1,1,6,1,83,11,1587,1,9,8,1
201432N050614,2,19,0,15,0,0,0,0,0,0,2,1,1,1,30,6,-1,-1,-1,9,1
201432N051914,1,9,0,18,0,0,1,0,1,11,1,1,6,2,47,8,1586,1,6,7,3
201432N051914,2,20,0,2,9,0,0,0,0,0,2,1,6,1,27,6,-1,-1,-1,-1,-1
201432N053314,1,9,0,17,0,0,1,10,1,3,1,1,1,2,24,5,-1,-1,-1,6,2
201432N053714,1,9,0,18,0,0,1,0,4,6,1,1,1,1,52,8,1598,1,8,7,1
201432N055114,1,9,0,18,0,0,0,0,0,0,1,1,6,1,34,6,1497,1,12,3,1
201432N055114,2,9,0,10,0,0,0,0,0,0,2,1,2,1,21,5,1895,1,13,10,2
201432N055214,1,21,1,18,0,1,0,0,0,0,1,1,1,2,28,6,12902,2,1,5,2
201432N055214,2,9,0,3,0,1,0,0,0,0,2,1,6,2,47,8,2231,2,1,-1,-1
201432N055214,3,9,0,3,0,1,0,0,0,0,2,1,1,1,55,8,-1,-1,-1,8,1
201432N055214,4,21,1,18,0,1,5,0,1,0,1,1,1,1,49,8,12900,2,4,1,1
201432N055214,5,21,1,3,0,1,0,0,0,0,2,1,1,1,33,6,12902,2,1,-1,1
201432N055214,6,9,0,18,0,1,0,0,0,0,1,1,6,1,67,10,1956,2,2,4,2
201432N055614,1,9,0,3,0,1,0,0,0,0,1,1,6,2,23,5,1399,2,10,7,3
201432N055614,2,9,0,3,0,1,0,0,0,0,2,1,2,2,60,9,1339,1,10,10,1
201432N056814,1,9,0,17,0,4,0,0,0,0,1,1,6,2,25,5,1242,1,5,8,1
201432N056814,2,1,0,18,0,8,0,0,0,0,4,1,2,1,21,5,-1,-1,-1,8,1
201432N057014,1,9,0,9,0,1,0,0,0,0,1,1,1,1,28,6,2231,2,8,5,1
201432N057014,2,9,0,18,0,1,0,7,1,10,2,1,1,2,40,7,1598,1,4,3,1
201432N057214,1,9,0,18,0,0,2,0,7,0,3,1,6,2,19,4,1997,2,14,5,3
201432N057814,1,9,0,18,0,0,0,0,0,0,3,1,2,1,46,8,1560,2,1,4,1
201432N057814,2,9,0,18,0,0,0,0,0,0,1,1,2,1,23,5,998,1,18,2,1
201432N058414,1,9,0,5,0,1,1,0,4,6,3,1,1,1,51,8,-1,-1,-1,8,3
201432N058414,2,9,0,5,0,1,2,0,0,0,1,1,6,1,69,10,-1,-1,-1,7,3
201432N060314,1,9,0,1,0,6,0,0,0,0,2,1,2,1,57,9,1329,1,1,7,3
201432N060314,2,1,0,18,0,1,0,0,0,0,1,1,6,1,46,8,-1,-1,-1,9,2
201432N060814,1,9,0,1,0,1,0,0,0,0,2,1,6,2,-1,-1,-1,-1,-1,-1,-1
201432N061814,1,9,0,17,0,0,2,11,3,10,1,1,1,2,23,5,1242,1,4,8,3
201432N062014,1,9,0,18,0,1,1,0,1,2,1,1,2,2,29,6,-1,-1,-1,9,1
201432N062214,1,3,0,18,0,1,0,11,0,0,1,1,6,1,25,5,125,1,9,9,2
201432N062314,1,9,0,17,0,0,0,0,0,0,1,1,6,3,39,7,-1,-1,-1,-1,-1
201432N062314,2,9,0,18,0,0,0,0,0,0,1,1,6,3,24,5,2148,2,5,-1,-1
201432N062414,1,9,0,18,0,1,1,0,1,10,1,1,1,2,23,5,1598,1,7,9,2
201432N062914,1,9,0,13,0,0,0,0,0,0,1,1,1,1,29,6,1560,2,1,5,2
201432N062914,2,1,0,18,0,0,0,0,0,0,3,1,6,1,45,7,-1,-1,-1,6,1
201432N063414,1,9,0,18,0,0,1,0,1,4,1,1,6,2,46,8,1995,2,4,8,2
201432N064414,1,9,0,4,0,1,0,0,0,0,4,1,6,1,42,7,-1,-1,-1,5,3
201432N066114,1,9,0,11,0,0,0,0,0,0,1,1,1,2,22,5,973,1,15,-1,3
201432N066114,2,9,0,4,0,0,0,0,0,0,1,1,6,1,36,7,1197,1,2,9,1
201432N066114,3,19,0,3,0,0,0,0,0,0,0,1,1,1,24,5,-1,-1,-1,-1,-1
201432N066514,1,9,0,14,0,0,0,0,1,0,1,1,6,1,25,5,1598,1,7,5,3
201432N066514,2,21,1,18,0,0,1,0,0,0,1,1,1,1,47,8,10837,2,1,4,3
201432N067214,1,9,0,16,0,0,1,0,7,0,1,1,6,1,23,5,1870,2,9,2,1
201432N067214,2,9,0,16,0,0,1,0,1,0,1,1,6,1,32,6,-1,-1,-1,7,1
201432N067214,3,9,0,17,0,0,1,0,1,9,1,1,6,2,53,8,1809,1,21,9,2
201432N067514,1,9,0,7,0,3,0,0,0,0,1,1,6,1,70,10,1968,2,5,9,1
201432N067514,2,9,0,7,0,3,2,0,1,1,2,1,6,1,24,5,1997,2,11,7,1
201432N067714,1,9,0,9,0,1,0,0,0,0,1,1,6,1,53,8,1997,2,12,10,2
201432N067814,1,9,0,9,0,6,0,0,0,0,3,1,6,2,74,10,-1,-1,-1,6,3
201432N067814,2,9,0,18,0,1,0,0,0,0,1,1,6,2,22,5,1124,1,14,4,3
201432N068914,1,9,0,10,0,1,0,0,0,0,4,1,6,2,23,5,1390,1,15,6,1
201432N068914,2,1,0,18,0,8,5,0,0,0,1,1,6,1,14,3,-1,-1,-1,10,1
201432N069114,1,9,0,9,0,8,0,0,0,0,3,1,1,2,39,7,1994,2,10,9,2
201432N069114,2,9,0,18,0,1,0,0,0,0,1,1,1,1,57,9,2172,2,11,9,2
201432N069214,1,9,0,17,0,0,0,0,1,11,1,1,4,1,17,4,1997,2,14,9,3
201432N070414,1,2,0,4,0,1,0,0,0,0,0,1,6,1,19,4,49,1,14,3,1
201432N070914,1,9,0,18,0,1,0,0,0,0,4,1,1,2,54,8,1968,2,7,7,3
201432N070914,2,19,0,7,0,6,0,0,0,0,3,1,1,1,30,6,1248,2,3,2,1
201432N071014,1,9,0,18,0,0,0,0,0,0,1,1,6,1,34,6,1489,1,19,4,1
201432N071014,2,8,0,18,0,0,0,0,0,0,2,1,1,1,40,7,1998,2,10,1,1
201432N071214,1,9,0,18,0,1,0,0,0,0,1,1,2,1,46,8,2982,2,4,6,3
201432N071214,2,9,0,3,0,1,0,0,0,0,2,1,2,2,51,8,2143,2,-1,5,1
201432N071214,3,9,0,10,0,1,0,0,0,0,2,1,6,1,40,7,2987,2,3,9,2
201432N071514,1,9,0,18,0,0,1,0,0,7,1,1,6,2,20,4,1328,1,11,5,1
201432N071514,2,9,0,18,0,0,0,0,0,0,1,1,6,2,29,6,1796,1,11,6,3
201432N072814,1,9,0,16,0,0,2,0,7,0,0,1,6,2,51,8,1973,1,14,4,2
201432N073014,1,9,0,18,0,0,0,0,0,0,1,1,6,2,45,7,-1,-1,-1,6,3
201432N073014,2,1,0,9,0,0,0,0,0,0,3,1,2,1,64,9,-1,-1,-1,-1,-1
201432N074014,1,9,0,18,0,0,0,0,0,0,3,1,6,2,40,7,1595,1,14,6,3
201432N074814,1,9,0,18,0,1,0,0,0,0,1,1,6,2,66,10,1560,2,4,6,3
201432N074814,2,9,0,18,0,1,0,0,0,0,1,1,6,2,66,10,1390,1,4,8,1
201432N076514,1,19,0,4,0,0,1,0,0,0,1,1,1,1,30,6,1598,2,2,3,1
201432N076514,2,9,0,4,0,0,0,0,0,0,2,1,6,1,76,11,2143,2,2,7,3
201432N076514,3,9,0,4,0,0,0,0,0,0,2,1,6,1,66,10,-1,-1,-1,8,2
201432N077314,1,9,0,18,0,1,0,0,0,0,1,1,6,1,22,5,1242,1,4,9,3
201432N077314,2,9,0,3,0,1,0,0,0,0,2,1,6,2,75,10,1388,1,11,7,1
201432N078914,1,9,0,3,0,1,0,0,0,0,0,1,6,2,48,8,1998,1,12,7,1
201432N078914,2,3,0,3,0,1,1,0,0,0,0,1,2,1,41,7,124,1,1,3,1
201432N079614,1,9,0,18,0,0,0,0,1,10,1,1,6,1,55,8,1390,1,1,9,2
201432N080014,1,9,0,18,0,0,0,0,1,9,1,1,6,2,53,8,1560,2,10,4,3
201432N080914,1,9,4,18,0,1,0,0,0,0,3,1,6,3,-1,-1,-1,-1,-1,-1,-1
201432N080914,2,22,0,5,0,1,0,0,0,0,3,1,6,2,50,8,-1,-1,-1,3,1
201432N082314,1,9,0,9,0,1,0,0,0,0,4,2,6,1,23,5,998,1,1,8,1
201432N082314,2,2,0,18,0,2,0,0,0,0,1,1,6,1,16,4,49,1,2,10,3
201432N083714,1,9,0,4,9,0,0,0,0,0,2,1,6,2,33,6,1398,2,8,1,1
201432N083714,2,9,0,18,0,0,0,0,0,0,1,1,6,1,34,6,1796,1,12,1,1
201432N084014,1,98,0,1,2,0,0,0,0,0,2,1,1,1,55,8,5480,2,18,5,1
201432N085214,1,9,0,18,0,0,0,0,0,0,4,1,1,1,63,9,1560,2,8,9,3
201432N085214,2,1,0,18,0,0,2,0,0,0,1,1,6,2,39,7,-1,-1,-1,7,2
201432N085414,1,9,0,18,0,0,0,0,1,0,0,1,1,2,33,6,1997,2,13,10,3
201432N085714,1,9,0,18,0,6,0,0,0,0,4,1,1,2,52,8,1686,2,1,4,1
201432N085714,2,9,0,18,0,1,1,0,0,0,1,1,1,2,50,8,-1,-1,-1,-1,3
201432N086914,1,9,4,9,0,8,0,0,0,0,1,1,1,1,49,8,2401,2,5,7,1
201432N086914,2,9,0,18,0,1,0,0,0,0,3,1,6,2,74,10,1229,1,5,4,1
201432N088614,1,9,0,18,0,8,0,0,0,0,1,1,6,1,21,5,1798,1,13,7,3
201432N088614,2,9,0,9,0,8,0,0,0,0,1,1,6,2,24,5,1896,2,5,4,1
201432N088714,1,9,0,18,0,2,0,0,0,0,1,1,6,2,28,6,1396,1,14,4,1
201432N088714,2,9,0,18,0,2,0,0,0,0,2,1,6,2,46,8,1360,1,6,3,1
201432N088914,1,9,0,16,0,0,0,0,0,0,1,1,6,2,55,8,1910,2,10,9,1
201432N088914,2,9,0,16,0,0,0,0,0,0,2,1,6,1,29,6,1248,2,7,10,2
201432N088914,3,9,0,16,0,0,0,0,0,0,0,1,6,1,81,11,1998,1,17,8,3
201432N089314,1,9,0,4,0,1,0,0,0,0,2,1,6,1,67,10,1997,1,3,8,1
201432N089314,2,9,0,4,0,1,0,0,0,0,1,1,6,2,19,4,1997,2,14,6,1
201432N089414,1,9,0,4,0,0,0,0,0,0,1,1,6,1,39,7,-1,-1,-1,7,3
201432N089414,2,9,0,4,0,0,0,0,0,0,2,1,6,2,29,6,-1,-1,-1,8,1
201432N090414,1,9,0,18,0,8,0,0,1,3,1,1,1,1,45,7,2902,2,10,1,1
201432N090514,1,9,0,1,0,1,0,0,0,0,1,1,6,3,-1,-1,-1,-1,-1,-1,-1
201432N090514,2,9,0,2,0,1,0,0,0,0,2,1,6,1,60,9,1597,1,14,6,3
201432N091714,1,9,0,18,0,0,0,0,0,0,1,1,6,2,41,7,2143,2,-1,8,2
201432N091714,2,9,0,2,0,0,0,0,1,0,2,1,6,3,-1,-1,2987,2,3,9,2
201432N094914,1,9,0,18,0,0,0,0,0,0,1,1,6,2,37,7,1997,2,12,8,3
201432N095614,1,19,0,18,0,1,1,0,7,0,4,1,1,1,24,5,1995,2,2,5,1
201432N095614,2,9,0,9,0,5,0,0,0,0,3,1,6,1,45,7,1598,1,10,9,3
201432N096214,1,5,0,16,0,0,0,0,1,9,3,1,6,1,50,8,1050,1,3,7,3
201432N096214,2,9,0,18,0,0,5,0,1,0,1,1,6,2,18,4,1598,1,3,9,2
201432N097514,1,9,0,10,0,8,0,0,0,0,2,1,1,1,25,5,1199,2,2,3,1
201432N097514,2,9,0,13,0,8,0,0,1,0,1,1,6,1,89,11,1796,1,7,-1,-1
201432N098814,1,9,0,16,0,8,0,0,0,0,1,1,1,1,42,7,-1,-1,-1,2,1
201432N098814,2,9,0,16,0,8,0,0,0,0,2,1,2,2,42,7,1796,1,12,9,3
201432N099414,1,9,0,18,0,0,5,0,7,0,3,1,6,2,30,6,-1,-1,-1,10,1
201432N099814,1,9,0,16,0,0,0,0,1,9,4,1,6,1,29,6,2295,1,15,4,1
201432N100014,1,9,0,18,0,0,0,0,0,0,2,1,6,1,40,7,-1,-1,-1,3,1
201432N100014,2,5,0,18,0,0,0,0,0,0,1,1,6,1,30,6,-1,-1,-1,3,1
201432N100214,1,10,0,17,0,0,5,0,7,11,1,1,1,2,47,8,-1,-1,-1,8,2
201432N102514,1,22,0,18,9,0,0,0,0,0,1,1,6,1,-1,-1,-1,-1,-1,-1,-1
201432N102614,1,9,0,18,0,1,0,0,0,0,4,1,1,2,31,6,1242,1,9,7,1
201432N103614,1,3,0,18,0,1,0,0,0,0,1,1,6,1,40,7,108,1,3,10,2
201432N103614,2,9,0,10,0,1,0,0,0,0,2,1,6,1,36,7,1392,1,20,9,2
201432N103814,1,9,0,18,0,0,0,0,0,0,1,1,6,1,59,9,998,1,15,8,1
201432N103814,2,9,0,3,0,0,0,0,0,0,2,1,6,2,54,8,1560,2,8,4,2
201432N103914,1,3,0,13,0,1,0,0,7,9,4,1,6,1,20,4,125,1,9,-1,-1
201432N103914,2,9,0,9,0,1,0,0,0,0,3,1,6,1,38,7,2495,2,19,8,3
201432N106114,1,19,0,1,0,1,0,0,0,0,2,1,1,1,43,7,1753,2,11,7,1
201432N106114,2,3,0,3,0,8,0,0,0,0,1,1,6,1,36,7,125,1,10,6,1
201432N106214,1,9,0,9,0,1,0,0,0,0,1,1,6,1,32,6,1995,2,7,-1,-1
201432N106214,2,9,0,18,0,1,0,0,0,0,1,1,6,2,30,6,1242,1,14,5,1
201432N108514,1,9,0,9,0,6,1,0,0,0,3,1,6,1,30,6,1870,2,10,6,2
201432N108514,2,9,0,18,0,8,1,0,0,0,4,1,6,2,45,7,1910,2,8,5,2
201432N108614,1,9,0,3,0,4,0,0,0,0,1,1,6,1,30,6,1999,1,11,9,2
201432N108614,2,9,0,3,0,4,0,0,0,0,2,1,6,1,54,8,1360,1,13,2,1
201432N109114,1,9,0,9,0,1,0,0,0,0,3,1,6,2,46,8,1596,1,10,8,1
201432N109114,2,3,0,18,0,1,1,0,0,0,1,1,6,1,24,5,124,1,3,6,1
201432N109914,1,9,0,18,0,0,0,0,0,0,1,1,2,1,33,6,1560,2,4,6,1
201432N109914,2,19,0,18,0,0,0,0,0,0,2,1,1,1,50,8,2198,2,1,8,1
201432N109914,3,9,0,18,0,0,0,0,0,0,2,1,2,1,40,7,1997,2,11,8,2
201432N109914,4,19,0,18,0,0,0,0,0,0,2,1,1,1,39,7,1968,2,1,1,1
201432N113014,1,1,0,18,0,0,0,12,0,0,1,1,6,2,17,4,-1,-1,-1,7,1
201432N116514,1,9,0,9,0,1,0,0,0,0,1,2,2,1,40,7,1199,1,12,3,1
201432N116514,2,2,0,7,0,1,0,0,0,0,1,1,2,1,45,7,49,1,9,3,1
201432N116814,1,9,0,17,0,0,0,0,7,4,1,1,6,1,23,5,1332,1,8,7,2
201432N117114,1,19,0,17,0,8,0,0,1,11,1,1,1,1,24,5,2461,2,11,6,1
201432N117414,1,9,0,13,0,0,0,0,0,0,3,1,1,1,40,7,-1,-1,-1,5,1
201432N117414,2,9,0,13,0,0,2,0,1,9,4,1,6,1,25,5,1229,1,8,-1,-1
201432N117414,3,9,0,18,0,0,0,0,0,9,0,1,6,1,66,10,-1,-1,-1,8,1
201432N118414,1,19,0,18,0,3,0,0,4,0,3,1,6,1,44,7,2143,2,3,9,1
201432N118414,2,9,0,18,0,3,0,0,3,1,1,1,6,1,43,7,1598,1,6,5,1
201432N119714,1,9,0,7,0,8,0,0,0,0,1,1,6,1,17,4,1388,1,9,10,1
201432N119714,2,9,0,18,0,1,0,0,0,0,4,1,6,2,51,8,1560,2,4,9,1
201432N119914,1,9,0,9,0,5,0,0,0,0,0,1,6,2,25,5,1596,1,12,5,1
201432N119914,2,3,0,18,0,8,1,0,0,0,4,1,6,1,18,4,125,1,6,8,3
201432N120414,1,9,0,17,0,8,2,0,1,2,4,1,3,2,34,6,1870,2,11,10,1
201432N120414,2,9,0,10,0,8,0,0,0,0,1,1,1,1,60,9,2400,2,1,10,1
201432N121014,1,9,0,13,0,0,0,0,0,0,1,1,6,1,30,6,1995,2,15,-1,1
201432N121014,2,9,0,13,0,0,0,0,0,0,2,1,6,1,19,4,1398,1,-1,9,1
201432N121014,3,9,0,13,0,0,0,0,0,0,2,1,6,1,63,9,1896,2,7,-1,1
201432N121014,4,9,3,18,0,0,0,0,0,0,3,1,6,1,50,8,2231,2,7,5,1
201432N121714,1,9,0,5,0,2,0,0,0,0,1,1,2,1,25,5,-1,-1,-1,-1,1
201432N121714,2,9,0,18,0,1,0,0,0,0,4,1,2,1,53,8,2171,1,9,8,1
201432N123414,1,9,0,9,0,2,0,0,0,0,1,1,6,1,43,7,1590,1,11,8,1
201432N125114,1,9,0,11,0,0,0,0,0,0,1,1,6,2,27,6,-1,-1,-1,-1,1
201432N125114,2,9,0,3,0,0,0,0,0,0,2,1,2,1,52,8,1461,2,2,2,1
201432N125314,1,9,0,9,0,1,0,0,0,0,4,1,1,2,24,5,1587,1,9,2,1
201432N125314,2,9,0,18,0,1,0,0,0,0,1,1,6,1,56,9,1910,2,5,3,1
201432N125414,1,9,0,18,0,0,0,0,0,0,1,1,6,1,52,8,1795,1,15,4,1
201432N125414,2,9,0,2,0,0,0,0,0,0,4,1,6,3,-1,-1,1582,2,6,2,1
201432N125414,3,9,0,2,0,0,0,0,0,0,2,1,6,3,-1,-1,1596,1,10,2,1
201432N125814,1,9,0,5,0,7,0,0,0,0,2,1,6,2,-1,-1,1991,2,8,-1,-1
201432N125814,2,9,0,5,0,7,0,0,0,0,1,1,6,1,51,8,1124,1,14,8,3
201432N126014,1,21,1,18,0,0,5,0,1,0,4,1,1,1,33,6,12740,2,1,2,1
201432N127314,1,9,0,16,0,0,1,0,1,9,1,1,6,2,25,5,-1,-1,-1,6,2
201432N127414,1,9,0,5,0,2,0,0,1,0,1,1,6,2,24,5,1399,2,6,2,1
201432N127414,2,9,0,18,0,8,0,0,5,6,4,1,6,1,44,7,1781,1,12,2,1
201432N127714,1,9,0,17,0,0,0,0,0,0,1,1,6,2,42,7,1360,1,13,6,3
201432N127714,2,9,0,16,0,0,0,0,0,0,1,1,6,1,58,9,1229,1,3,10,1
201432N129014,1,9,0,5,0,1,0,0,0,0,1,1,6,1,64,9,998,1,1,9,1
201432N129014,2,9,0,18,0,1,0,0,1,0,1,1,6,2,70,10,1242,1,9,9,1
201432N129014,3,9,0,3,0,1,0,0,0,0,1,1,6,2,26,6,1560,2,9,-1,-1
201432N129014,4,9,0,18,0,1,0,0,0,0,1,1,6,1,47,8,2198,2,2,5,3
201432N129114,1,9,0,18,0,8,0,0,1,0,1,1,1,2,54,8,1398,1,2,5,1
201432N130214,1,9,0,18,0,1,1,0,0,0,1,1,6,1,19,4,998,1,12,9,1
201432N130214,2,9,0,18,0,1,0,0,0,0,2,1,6,1,66,10,2184,2,8,5,2
201432N130914,1,9,0,9,0,1,5,0,1,0,1,1,1,1,61,9,2402,2,4,8,2
201432N130914,2,9,0,17,0,1,0,0,1,0,1,1,6,2,30,6,1686,2,2,7,1
201432N131014,1,19,0,18,0,1,0,0,0,0,1,1,1,1,24,5,2198,2,7,4,1
201432N131014,2,9,0,9,0,1,0,0,0,0,2,1,6,1,70,10,1798,1,9,8,1
201432N132714,1,4,0,18,0,0,0,0,0,0,4,1,2,1,23,5,649,1,5,-1,3
201432N132714,2,1,0,18,0,0,0,0,0,0,3,1,1,1,16,4,-1,-1,-1,-1,1
201432N133814,1,5,0,18,0,0,0,12,1,0,1,1,6,1,31,6,988,1,11,5,1
201432N135114,1,21,1,18,0,0,0,0,0,0,1,1,1,1,57,9,15607,2,8,-1,2
201432N135114,2,9,0,6,0,0,0,0,0,0,2,1,6,1,47,8,1781,1,27,10,1
201432N136414,1,9,0,18,0,0,0,0,1,9,1,1,6,2,36,7,1970,1,11,4,1
201432N136414,2,21,1,18,0,0,1,0,0,0,1,1,1,1,29,6,11967,2,3,4,3
201432N142814,1,5,0,11,0,0,0,0,0,0,0,1,6,1,36,7,1583,1,-1,5,1
201432N142814,2,5,0,11,0,0,0,0,0,6,0,1,6,1,53,8,1450,1,-1,10,1
201432N142814,3,5,0,11,0,0,0,0,0,0,0,1,6,1,59,9,1340,1,24,9,1
201432N142814,4,5,0,11,0,0,0,0,0,0,2,1,6,1,51,8,-1,-1,-1,3,1
201432N144714,1,9,0,13,0,0,0,0,0,0,3,1,6,1,30,6,1388,1,10,7,1
201432N144714,2,9,0,13,0,0,0,0,7,0,4,1,6,2,20,4,1364,2,8,3,1
201432N144914,1,9,0,4,0,2,0,0,0,0,2,1,6,2,72,10,1587,1,7,4,1
201432N144914,2,9,0,18,0,2,0,0,0,0,1,1,6,1,27,6,-1,-1,-1,8,1
201432N145114,1,9,0,18,0,4,0,0,0,0,1,1,6,1,26,6,4163,1,8,3,1
201432N145114,2,9,0,7,0,4,0,0,0,0,2,1,6,1,22,5,1796,1,11,3,1
201432N146514,1,9,0,18,0,1,0,0,0,0,1,1,6,2,63,9,1582,2,2,8,2
201432N146514,2,9,0,10,0,1,0,0,0,0,2,1,6,1,63,9,1339,1,4,9,2
201432N148214,1,5,0,18,0,0,0,12,1,0,0,1,1,1,34,6,-1,-1,-1,-1,1
201432N149114,1,9,0,9,0,8,0,0,0,0,1,1,6,1,20,4,1149,1,8,3,1
201432N149414,1,5,0,18,0,0,5,0,1,9,4,1,6,1,68,10,996,1,14,-1,1
201432N149514,1,9,0,18,0,0,5,0,7,9,3,1,6,2,21,5,1388,1,7,9,2
201432N149814,1,19,0,16,0,0,1,0,1,4,1,1,1,1,48,8,-1,-1,-1,5,1
201432N150114,1,9,0,9,0,8,0,0,0,0,1,1,6,2,21,5,1248,2,2,9,3
201432N150114,2,4,0,18,0,8,0,0,0,0,3,1,6,1,21,5,124,1,1,9,3
201432N151614,1,3,0,18,0,0,1,12,7,0,1,1,1,1,18,4,-1,-1,-1,7,2
201432N151714,1,9,0,5,0,8,0,0,0,0,1,1,2,1,48,8,998,1,15,9,2