Accident_Index,Vehicle_Reference,Vehicle_Type,Towing_and_Articulation,Vehicle_Manoeuvre,Vehicle_Location-Restricted_Lane,Junction_Location,Skidding_and_Overturning,Hit_Object_in_Carriageway,Vehicle_Leaving_Carriageway,Hit_Object_off_Carriageway,1st_Point_of_Impact,Was_Vehicle_Left_Hand_Drive?,Journey_Purpose_of_Driver,Sex_of_Driver,Age_of_Driver,Age_Band_of_Driver,Engine_Capacity_(CC),Propulsion_Code,Age_of_Vehicle,Driver_IMD_Decile,Driver_Home_Area_Type
201432N151714,2,9,0,18,0,1,0,0,7,9,1,1,6,2,33,6,1596,1,11,6,3
201432N151914,1,9,0,18,0,2,0,0,3,4,1,1,6,1,84,11,1461,2,9,6,3
201432N159514,1,9,0,16,0,8,0,0,0,0,1,1,6,2,42,7,1242,1,8,2,1
201432N159514,2,9,0,17,0,8,0,0,0,0,1,1,6,1,70,10,1796,1,7,2,1
201432N160014,1,9,0,7,0,1,0,0,0,0,1,1,6,2,56,9,1598,1,2,10,1
201432N160014,2,9,0,7,0,1,0,0,0,0,2,1,6,1,72,10,1329,1,4,9,3
201432N160214,1,4,0,3,0,0,0,0,0,0,1,1,6,1,49,8,1043,1,1,4,3
201432N160214,2,9,0,3,0,0,0,0,0,0,2,1,6,1,57,9,-1,-1,-1,4,3
201432N160314,1,9,0,18,0,0,5,0,1,0,1,1,6,2,51,8,-1,-1,-1,7,3
201432N160414,1,5,0,17,0,0,1,0,1,0,1,1,6,1,35,6,1050,1,4,4,3
201432N161014,1,9,0,9,0,8,0,0,0,0,1,1,6,2,19,4,1299,1,10,7,1
201432N161014,2,1,0,18,0,1,0,0,0,0,1,1,2,1,29,6,-1,-1,-1,9,3
201432N161314,1,9,0,18,0,0,0,0,1,10,1,1,6,1,32,6,1388,1,9,2,1
201432N161714,1,9,0,18,0,0,1,4,0,6,1,1,6,2,32,6,1896,2,9,7,1
201432N161714,2,9,0,2,0,0,0,0,0,0,4,1,6,2,52,8,1686,2,2,-1,-1
201432N161714,3,9,0,18,0,0,0,0,0,0,2,1,6,1,28,6,1598,1,11,5,1
201432N161914,1,4,0,18,0,1,1,0,0,0,3,1,6,1,23,5,999,1,9,5,3
201432N161914,2,9,0,18,0,1,0,0,0,0,3,1,6,1,52,8,-1,-1,-1,-1,-1
201432N162014,1,4,0,13,0,1,1,0,0,0,1,1,6,1,44,7,400,1,9,6,3
201432N162014,2,19,0,9,0,8,0,0,0,0,3,1,6,3,-1,-1,-1,-1,-1,-1,-1
201432N163014,1,9,0,9,0,8,0,0,0,0,1,1,2,2,52,8,1390,1,3,7,1
201432N163014,2,9,0,18,0,1,0,0,0,0,1,1,2,1,23,5,1390,1,16,7,1
201432N163814,1,1,0,18,0,1,0,0,0,0,1,1,6,1,87,11,-1,-1,-1,-1,-1
201432N163814,2,9,0,18,0,1,0,0,0,0,1,1,6,2,41,7,1560,2,2,-1,-1
201432N164014,1,9,0,18,0,1,0,0,0,0,1,1,6,1,39,7,-1,-1,-1,5,1
201432N164014,2,9,0,9,0,1,0,0,0,0,2,1,2,2,40,7,2401,2,11,2,1
201432N164314,1,19,0,18,0,0,0,0,8,7,1,1,1,1,41,7,2400,2,10,7,1
201432N164314,2,9,3,18,0,0,0,0,0,0,3,1,6,1,39,7,1997,2,9,2,1
201432N164314,3,9,0,18,0,0,0,0,0,0,1,1,6,2,48,8,1242,1,3,-1,3
201432N164814,1,9,0,18,0,1,0,0,0,0,1,1,6,2,36,7,1596,1,12,1,1
201432N164814,2,9,0,4,0,1,0,0,0,0,3,1,6,1,30,6,-1,-1,-1,9,2
201432N165814,1,9,0,16,0,0,2,0,7,1,3,1,6,1,63,9,-1,-1,-1,5,3
201432N166814,1,9,0,18,0,3,1,0,2,10,1,1,6,2,49,8,1796,1,12,6,1
201432N167214,1,9,0,17,0,0,1,0,1,1,1,1,6,1,27,6,-1,-1,-1,5,1
201432N167514,1,9,0,9,0,8,0,0,7,4,1,1,6,1,27,6,1388,1,10,2,1
201432N167614,1,9,0,18,0,1,1,0,3,1,1,2,6,1,30,6,-1,-1,-1,4,1
201432N167914,1,9,0,18,0,0,2,0,7,0,3,1,6,1,40,7,-1,-1,-1,-1,1
201432N167914,2,21,1,18,0,0,0,0,0,0,4,1,1,1,49,8,11705,2,5,4,1
201432N167914,3,9,0,18,0,0,0,0,0,0,1,1,6,2,51,8,2099,1,12,7,3
201432N168614,1,9,0,14,0,0,2,0,7,0,1,1,2,2,22,5,-1,-1,-1,-1,1
201432N168614,2,9,0,18,0,0,1,0,0,0,1,1,2,2,22,5,1229,1,1,7,3
201432N169614,1,9,0,18,0,0,0,0,1,4,1,1,6,1,77,11,3950,1,14,8,3
201432N170614,1,9,0,18,6,0,0,0,0,0,1,1,6,1,35,6,1399,2,11,-1,-1
201432N170614,2,21,1,2,6,0,0,0,0,0,2,1,1,1,60,9,-1,-1,-1,7,1
201432N171214,1,9,0,18,0,1,0,0,0,0,4,1,6,1,36,7,1753,2,10,10,1
201432N171214,2,9,0,7,0,6,0,0,0,0,3,1,6,2,30,6,1493,2,5,9,1
201432N171614,1,19,0,5,0,2,0,0,0,0,4,1,6,1,30,6,1998,2,12,8,1
201432N171614,2,9,0,18,0,1,0,0,0,0,1,1,6,2,49,8,1199,1,11,7,3
201432N172314,1,19,0,1,0,0,0,0,0,0,2,1,6,1,62,9,-1,-1,-1,6,1
201432N172414,1,9,0,18,0,0,0,0,0,0,1,1,1,2,19,4,1299,1,14,-1,3
201432N172414,2,9,0,3,0,0,0,0,0,0,2,1,1,1,29,6,3189,1,7,-1,1
201432N172414,3,9,0,3,0,0,0,0,0,0,2,1,1,2,39,7,1798,1,5,-1,1
201432N174514,1,9,0,15,0,1,0,4,0,0,1,1,6,2,21,5,1149,1,13,4,2
201432N174514,2,9,0,2,9,1,0,0,0,0,2,1,6,3,-1,-1,1527,2,18,6,2
201432N174714,1,19,0,5,0,6,0,0,0,0,1,1,1,1,57,9,2402,2,4,10,1
201432N174714,2,9,0,18,0,1,0,0,0,0,1,1,2,1,74,10,1910,2,11,9,3
201432N176914,1,9,0,9,0,6,0,0,3,10,1,1,6,2,79,11,1390,1,22,6,3
201432N176914,2,9,0,18,0,8,0,0,0,0,4,1,6,1,28,6,2199,2,2,7,1
201432N177314,1,9,0,3,0,1,0,0,0,0,3,1,6,1,57,9,1339,8,2,8,1
201432N177314,2,4,0,14,0,1,5,8,0,0,1,1,6,1,52,8,498,1,13,6,1
201432N178014,1,9,0,9,0,8,0,0,0,0,4,1,1,1,25,5,1329,1,1,-1,3
201432N178014,2,9,0,18,0,1,0,0,0,0,1,1,1,2,25,5,1242,1,5,5,1
201432N179014,1,9,0,1,0,0,0,0,0,0,1,1,6,3,-1,-1,1995,2,9,-1,-1
201432N179014,2,9,0,2,0,0,0,0,0,0,2,1,6,2,42,7,1229,1,6,-1,1
201432N180214,1,9,0,6,0,0,0,0,0,0,3,1,6,2,53,8,-1,-1,-1,10,1
201432N180214,2,5,0,18,0,0,1,0,7,0,1,1,2,1,29,6,999,1,4,7,1
201432N180314,1,9,0,13,0,0,0,0,7,4,1,1,6,1,38,7,998,1,14,6,1
201432N180314,2,9,0,18,0,0,0,0,0,0,0,1,6,2,22,5,1242,1,3,8,1
201432N182114,1,9,0,1,0,0,0,0,7,11,4,1,6,2,92,11,1299,1,12,10,2
201432N182114,2,9,0,2,0,0,0,0,0,0,4,1,6,2,69,10,-1,-1,-1,10,2
201432N184014,1,21,1,18,0,0,0,0,0,0,1,1,1,1,37,7,12900,2,5,3,2
201432N184014,2,19,0,10,0,0,0,0,0,0,2,1,6,1,55,8,-1,-1,-1,4,3
201432N185514,1,9,0,2,0,0,0,0,0,0,3,1,6,1,40,7,-1,-1,-1,-1,-1
201432N186314,1,9,0,14,0,8,5,0,0,0,1,1,6,1,68,10,1242,1,4,9,2
201432N186314,2,9,0,9,0,8,5,0,7,0,3,1,2,1,37,7,1587,1,8,5,2
201432N186314,3,9,0,18,0,8,0,0,0,0,3,1,6,2,-1,-1,1587,1,5,-1,-1
201432N187514,1,3,0,16,0,0,0,0,7,0,4,1,2,1,22,5,124,1,-1,5,2
201432N187514,2,9,0,17,0,0,0,0,0,0,1,1,2,1,20,4,1596,1,13,8,2
201432N189414,1,9,0,18,0,1,0,0,0,0,4,1,6,1,19,4,1390,1,14,8,1
201432N189414,2,9,0,18,0,1,0,0,1,1,1,1,6,1,64,9,995,1,8,10,2
201432N191614,1,9,0,16,0,8,0,0,0,0,1,1,6,1,42,7,1997,2,9,6,1
201432N191614,2,9,4,17,0,8,0,0,0,0,1,1,6,1,41,7,-1,-1,-1,-1,-1
201432N191714,1,9,0,3,0,0,0,0,0,0,3,1,2,1,38,7,1560,2,1,10,1
201432N191714,2,2,0,15,0,0,0,0,0,0,1,1,6,1,19,4,124,1,7,7,1
201432N192414,1,9,0,18,0,0,0,0,8,0,1,1,2,1,23,5,1896,2,13,6,1
201432N192414,2,9,0,18,0,0,0,0,1,0,1,1,2,1,60,9,1968,2,4,9,3
201432N192514,1,9,0,18,0,1,0,0,0,0,1,1,2,2,57,9,1388,1,13,2,1
201432N192514,2,9,0,9,0,1,0,0,0,0,2,1,6,2,54,8,1998,2,1,9,3
201432N193514,1,19,0,18,0,1,0,0,0,0,1,1,6,3,-1,-1,-1,-1,-1,-1,-1
201432N193514,2,9,0,7,0,1,0,0,0,0,2,1,6,1,53,8,1700,2,14,-1,-1
201432N194414,1,9,0,5,0,8,0,0,0,0,4,1,6,1,46,8,1399,2,9,5,1
201432N194414,2,1,0,18,0,8,0,0,0,0,1,1,6,1,64,9,-1,-1,-1,10,1
201432N194614,1,9,0,9,0,8,0,0,0,0,1,1,6,2,20,4,1229,1,6,1,1
201432N194614,2,9,0,18,0,1,0,0,0,0,1,1,6,2,36,7,1910,2,7,5,1
201432N194714,1,9,0,18,0,0,0,0,0,0,1,1,6,1,18,4,4367,2,-1,7,3
201432N194714,2,9,0,18,0,0,0,0,7,0,1,1,6,1,69,10,1598,1,4,7,3
201432N195014,1,9,0,18,5,0,0,0,0,0,4,1,6,2,28,6,1995,2,4,-1,-1
201432N195014,2,1,0,18,9,0,0,0,0,0,3,1,2,1,21,5,-1,-1,-1,-1,-1
201432N195214,1,9,0,9,0,1,0,0,0,0,3,1,6,2,23,5,1349,1,4,-1,1
201432N195214,2,9,0,18,0,8,0,0,0,0,1,1,6,1,73,10,1598,1,2,-1,-1
201432N195414,1,9,0,18,0,1,0,0,1,0,1,1,6,2,51,8,1398,1,1,2,1
201432N195414,2,9,0,10,0,1,0,0,1,0,2,1,6,2,63,9,-1,-1,-1,7,3
201432N199114,1,9,0,16,0,0,0,0,1,4,1,1,6,2,20,4,875,1,3,2,1
201432N199314,1,9,0,9,0,6,0,0,0,0,4,1,6,1,36,7,1997,2,13,4,1
201432N199314,2,9,0,18,0,1,0,0,0,0,1,1,6,1,31,6,1951,2,10,4,1
201432N199414,1,9,0,18,0,1,1,10,8,11,1,1,6,2,46,8,1596,1,8,7,3
2014330140109,1,9,0,4,0,2,0,0,0,0,1,1,1,1,35,6,1896,2,8,8,1
2014330140109,2,9,0,3,0,2,0,0,0,0,2,1,1,1,29,6,1332,1,17,2,1
2014331400001,1,9,0,5,0,0,0,0,0,0,1,1,6,1,20,4,-1,-1,-1,-1,-1
2014331400002,1,9,0,13,0,0,0,0,1,4,4,1,6,2,35,6,-1,-1,-1,1,1
2014331400003,1,9,0,18,0,0,0,0,0,0,4,1,6,1,33,6,-1,-1,-1,3,1
2014331400004,1,9,0,18,0,0,2,0,7,0,3,1,6,1,20,4,1468,1,9,-1,-1
2014331400004,2,9,0,4,0,0,1,0,0,0,2,1,6,1,20,4,-1,-1,-1,-1,-1
2014331400004,3,9,0,4,0,0,1,0,0,0,1,1,6,1,20,4,-1,-1,-1,-1,-1
2014331400005,1,9,0,5,0,0,0,7,1,11,1,1,6,1,89,11,-1,-1,-1,-1,-1
2014331400006,1,1,0,18,0,4,0,0,0,0,3,1,1,1,21,5,-1,-1,-1,2,1
2014331400006,2,9,0,13,0,4,0,0,0,0,4,1,6,1,-1,-1,-1,-1,-1,-1,-1
2014331400007,1,9,0,18,0,2,0,0,0,0,4,1,6,1,40,7,-1,-1,-1,-1,-1
2014331400008,1,9,0,18,0,2,0,0,0,0,1,1,6,1,30,6,-1,-1,-1,-1,-1
2014331400009,1,11,0,18,0,0,0,0,0,0,4,1,6,3,50,8,-1,-1,-1,-1,-1
2014331400010,1,9,0,18,0,8,0,0,0,0,3,1,6,1,72,10,-1,-1,-1,6,1
2014331400010,2,9,0,7,0,6,0,0,0,0,3,1,6,1,20,4,-1,-1,-1,-1,-1
2014331400010,3,19,0,2,0,8,0,0,0,0,0,1,6,3,-1,-1,-1,-1,-1,-1,-1
2014331400011,1,11,0,5,0,0,0,0,0,0,1,1,1,1,-1,-1,-1,-1,-1,-1,-1
2014331400012,1,9,0,2,0,1,0,0,0,0,2,1,6,1,35,6,-1,-1,-1,10,1
2014331400012,2,9,0,2,0,1,0,0,0,0,2,1,3,1,44,7,-1,-1,-1,9,3
2014331400012,3,9,0,18,0,1,0,0,0,0,1,1,1,1,50,8,-1,-1,-1,9,3
2014331400013,1,9,0,5,0,1,0,0,0,0,4,1,6,2,34,6,-1,-1,-1,-1,-1
2014331400014,1,10,0,7,0,5,0,0,0,0,4,1,6,1,45,7,-1,-1,-1,-1,-1
2014331400016,1,9,0,4,0,8,0,0,0,0,1,1,6,2,83,11,-1,-1,-1,-1,-1
2014331400016,2,1,0,9,0,5,0,0,0,0,1,1,6,1,29,6,-1,-1,-1,-1,-1
2014331400017,1,9,0,18,0,1,0,0,0,0,1,1,6,1,18,4,-1,-1,-1,-1,-1
2014331400018,1,9,0,17,0,0,0,0,0,0,1,1,6,1,46,8,-1,-1,-1,9,2
2014331400018,2,9,0,16,0,0,0,0,0,0,1,1,6,1,34,6,-1,-1,-1,-1,-1
2014331400019,1,9,0,9,0,6,0,0,0,0,1,1,2,1,24,5,-1,-1,-1,2,1
2014331400019,2,3,0,14,0,8,0,0,0,0,1,1,2,1,35,6,-1,-1,-1,1,1
2014331400020,1,9,0,9,0,6,0,0,0,0,1,1,2,1,25,5,-1,-1,-1,-1,-1
2014331400021,1,9,0,18,0,8,0,0,0,0,3,1,6,1,68,10,-1,-1,-1,7,3
2014331400021,2,9,0,9,0,5,0,0,0,0,4,1,6,2,26,6,-1,-1,-1,6,1
2014331400022,1,9,0,17,0,8,0,0,0,0,1,1,2,2,27,6,-1,-1,-1,4,1
2014331400023,1,9,0,8,0,3,0,0,4,0,1,1,6,1,53,8,-1,-1,-1,7,1
2014331400024,1,4,0,3,0,8,0,0,0,0,4,1,6,1,53,8,-1,-1,-1,1,1
2014331400024,2,9,0,9,0,5,0,0,0,0,4,1,1,1,45,7,-1,-1,-1,3,1
2014331400024,3,9,0,3,0,8,0,0,0,0,0,1,3,3,-1,-1,-1,-1,-1,-1,-1
2014331400025,1,9,0,16,0,0,0,0,7,9,1,1,6,2,50,8,-1,-1,-1,9,1
2014331400026,1,9,0,9,0,6,0,0,0,0,3,1,6,1,51,8,-1,-1,-1,10,2
2014331400026,2,3,0,18,0,8,1,0,0,0,1,1,6,1,18,4,-1,-1,-1,7,2
2014331400027,1,9,0,3,0,0,0,0,0,0,2,2,6,1,-1,-1,-1,-1,-1,2,1
2014331400027,2,19,0,18,0,0,0,0,0,0,1,1,2,1,57,9,-1,-1,-1,-1,-1
2014331400027,3,9,0,18,0,0,0,0,0,0,1,1,1,2,23,5,-1,-1,-1,8,2
2014331400027,4,9,0,18,0,0,0,0,0,0,0,1,1,3,-1,-1,-1,-1,-1,-1,-1
2014331400028,1,9,0,5,0,8,0,0,0,0,3,1,3,1,31,6,-1,-1,-1,2,1
2014331400028,2,1,0,4,0,8,1,0,0,0,1,1,6,1,36,7,-1,-1,-1,9,3
2014331400029,1,9,0,7,0,6,0,0,0,0,4,1,1,1,40,7,-1,-1,-1,1,1
2014331400029,2,1,0,18,0,6,0,0,0,0,1,1,6,1,24,5,-1,-1,-1,1,1
2014331400030,1,9,0,18,0,8,0,0,0,0,1,1,6,1,22,5,-1,-1,-1,10,1
2014331400030,2,1,0,18,0,8,0,0,0,0,3,1,6,1,40,7,-1,-1,-1,-1,-1
2014331400031,1,9,0,18,0,0,0,0,0,0,4,1,2,1,40,7,-1,-1,-1,-1,2
2014331400032,1,9,0,5,0,8,0,0,0,0,1,1,6,2,44,7,-1,-1,-1,-1,-1
2014331400032,2,9,0,7,0,5,0,0,0,0,2,1,6,1,60,9,-1,-1,-1,-1,-1
2014331400033,1,9,0,18,0,0,0,0,0,0,1,1,3,2,42,7,-1,-1,-1,2,1
2014331400034,1,9,0,18,0,8,0,0,0,0,1,1,6,1,21,5,-1,-1,-1,6,3
2014331400035,1,9,0,7,0,6,0,0,0,0,3,1,6,2,82,11,-1,-1,-1,6,1
2014331400035,2,9,0,18,0,8,0,0,0,0,0,1,4,1,45,7,-1,-1,-1,10,1
2014331400036,1,9,0,3,0,8,0,0,0,0,2,1,3,2,28,6,-1,-1,-1,4,1
2014331400036,2,9,0,18,0,8,0,0,0,0,1,1,6,2,32,6,-1,-1,-1,-1,-1
2014331400037,1,9,0,3,0,8,0,0,0,0,2,1,6,1,41,7,-1,-1,-1,4,1
2014331400037,2,9,0,17,0,8,0,0,0,0,1,1,6,1,75,10,-1,-1,-1,8,1
2014331400037,3,9,0,7,0,6,0,0,0,0,0,1,1,3,-1,-1,-1,-1,-1,-1,-1
2014331400038,1,9,0,9,0,5,0,0,0,0,4,1,6,1,23,5,-1,-1,-1,8,3
2014331400038,2,9,0,18,0,8,0,0,0,0,1,1,6,2,26,6,-1,-1,-1,3,1
2014331400039,1,9,0,9,0,6,0,0,0,0,1,1,6,2,54,8,-1,-1,-1,7,2
2014331400040,1,9,0,4,0,0,0,0,1,0,2,1,6,2,45,7,-1,-1,-1,2,1
2014331400040,2,9,0,18,0,0,0,0,0,0,1,1,6,1,45,7,-1,-1,-1,10,2
2014331400041,1,8,0,18,0,0,0,0,0,0,0,1,6,1,60,9,-1,-1,-1,2,1
2014331400043,1,9,0,5,0,8,0,0,0,0,1,1,1,2,42,7,-1,-1,-1,3,1
2014331400043,2,1,0,18,0,8,0,0,0,0,4,1,1,1,51,8,-1,-1,-1,9,1
2014331400044,1,9,0,18,0,0,0,0,0,0,1,1,2,2,21,5,1242,1,14,8,1
2014331400044,2,9,0,3,0,0,0,0,0,0,2,1,2,2,47,8,2000,2,8,10,1
2014331400045,1,9,0,18,0,8,1,0,3,11,1,1,6,1,66,10,-1,-1,-1,10,1
2014331400046,1,9,0,15,0,8,0,0,0,0,1,1,6,1,40,7,-1,-1,-1,1,1
2014331400046,2,9,0,3,0,8,0,0,0,0,1,1,1,1,38,7,-1,-1,-1,6,1
2014331400047,1,21,1,18,0,0,0,0,1,0,1,1,1,1,42,7,12809,2,1,10,1
2014331400047,2,21,1,18,0,0,0,0,0,0,2,1,1,1,45,7,11705,2,12,4,2
2014331400048,1,9,0,18,0,8,0,0,0,0,4,1,6,1,46,8,-1,-1,-1,3,1
2014331400048,2,9,0,9,0,6,0,0,0,0,1,1,6,2,36,7,-1,-1,-1,-1,-1
2014331400049,1,9,0,5,0,6,0,0,0,0,1,1,6,1,72,10,-1,-1,-1,8,1
2014331400049,2,9,0,9,0,5,0,0,0,0,3,1,3,2,38,7,-1,-1,-1,-1,-1
2014331400050,1,9,0,9,0,6,0,0,0,0,0,1,6,2,61,9,-1,-1,-1,9,2
2014331400050,2,22,0,18,0,8,1,0,0,0,3,1,2,1,44,7,-1,-1,-1,7,3
2014331400051,1,9,0,13,0,0,0,0,1,4,3,1,1,2,58,9,1248,1,1,-1,-1
2014331400052,1,9,0,6,0,0,0,0,0,0,2,1,6,1,34,6,-1,-1,-1,8,2
2014331400052,2,9,0,16,0,0,0,0,0,0,3,1,6,2,-1,-1,-1,-1,-1,-1,-1
2014331400053,1,9,0,9,0,6,0,0,0,0,3,1,6,1,47,8,-1,-1,-1,4,1
2014331400053,2,1,0,18,0,8,0,0,0,0,1,1,6,1,31,6,-1,-1,-1,-1,-1
2014331400054,1,9,0,16,0,0,2,0,7,4,4,1,6,2,24,5,-1,-1,-1,-1,1
2014331400054,2,21,1,17,0,0,0,0,0,0,1,1,1,1,52,8,-1,-1,-1,-1,-1
2014331400055,1,9,0,4,0,0,0,0,0,0,4,1,6,2,73,10,-1,-1,-1,9,2
2014331400056,1,9,0,18,0,1,2,0,7,10,1,1,1,2,28,6,-1,-1,-1,3,1
2014331400057,1,9,0,16,0,8,1,0,1,11,1,1,6,1,22,5,-1,-1,-1,10,2
2014331400059,1,9,0,3,0,1,0,0,0,0,2,1,1,1,57,9,-1,-1,-1,7,1
2014331400059,2,9,0,4,0,1,0,0,0,0,1,1,1,2,24,5,-1,-1,-1,3,1
2014331400060,1,9,0,17,0,8,0,0,0,0,1,1,1,1,30,6,-1,-1,-1,5,1
2014331400060,2,19,0,17,0,8,0,0,0,0,1,1,6,1,30,6,-1,-1,-1,3,1
2014331400061,1,9,0,18,0,6,0,0,0,0,4,1,1,1,24,5,-1,-1,-1,1,1
2014331400061,2,9,0,18,0,8,0,0,0,0,1,1,6,2,44,7,-1,-1,-1,2,1
2014331400062,1,9,0,9,0,5,0,0,0,0,1,1,6,1,49,8,-1,-1,-1,3,1
2014331400063,1,9,0,18,0,0,0,0,8,6,3,1,6,2,26,6,1995,2,8,5,1
2014331400063,2,9,0,18,0,0,0,0,0,0,1,1,6,1,56,9,1999,1,4,7,3
2014331400063,3,9,0,18,0,0,0,1,0,0,1,1,6,1,30,6,-1,-1,-1,-1,-1
2014331400064,1,9,0,16,0,0,0,0,7,11,1,1,6,2,29,6,-1,-1,-1,-1,-1
2014331400065,1,9,0,16,0,0,0,0,0,0,1,1,6,2,33,6,-1,-1,-1,1,1
2014331400065,2,9,0,17,0,0,0,0,0,0,1,1,6,1,28,6,-1,-1,-1,1,1
2014331400066,1,4,0,18,0,8,0,0,0,0,4,1,6,1,49,8,-1,-1,-1,8,2
2014331400066,2,9,0,7,0,6,0,0,0,0,3,1,6,1,57,9,-1,-1,-1,8,3
2014331400067,1,9,0,18,0,0,0,0,0,0,1,1,2,2,30,6,1896,2,14,8,1
2014331400067,2,9,0,18,0,0,0,0,0,0,2,1,2,1,60,9,1968,2,3,9,3
2014331400067,3,9,0,18,0,0,0,0,0,0,2,1,2,2,24,5,2143,2,1,-1,1
2014331400067,4,9,0,4,0,0,0,0,0,0,2,1,2,1,40,7,1997,2,1,8,1
2014331400068,1,9,0,18,0,0,5,0,1,0,1,1,6,1,31,6,-1,-1,-1,9,1
2014331400069,1,9,0,18,0,0,1,0,8,6,2,1,6,1,31,6,-1,-1,-1,7,1
2014331400070,1,9,0,9,0,6,0,0,0,0,0,1,6,3,-1,-1,-1,-1,-1,-1,-1
2014331400070,2,3,0,4,0,1,1,0,0,0,4,1,6,1,22,5,-1,-1,-1,4,1
2014331400071,1,9,0,7,0,6,0,0,0,0,1,1,6,2,43,7,-1,-1,-1,2,1
2014331400071,2,9,0,18,0,8,0,0,1,10,4,1,6,1,54,8,-1,-1,-1,10,2
2014331400072,1,9,0,17,0,0,1,0,1,4,1,2,6,1,22,5,-1,-1,-1,7,1
2014331400073,1,9,0,18,0,2,0,0,0,0,4,1,6,2,32,6,-1,-1,-1,7,1
2014331400074,1,9,0,18,0,8,1,0,0,0,4,1,6,1,57,9,-1,-1,-1,8,3
2014331400074,2,9,0,5,0,6,1,0,0,0,1,1,2,1,62,9,-1,-1,-1,2,1
2014331400075,1,9,0,18,0,0,0,0,0,0,1,1,3,2,27,6,-1,-1,-1,10,2
2014331400075,2,9,0,4,0,0,0,0,0,0,2,1,6,2,47,8,-1,-1,-1,4,1
2014331400075,3,9,0,4,0,0,0,0,0,0,0,1,2,2,67,10,-1,-1,-1,10,1
2014331400075,4,9,0,4,0,0,0,0,0,0,2,1,6,2,37,7,-1,-1,-1,9,1
2014331400076,1,9,0,16,0,8,1,0,0,0,3,1,6,2,57,9,-1,-1,-1,4,1
2014331400076,2,9,0,17,0,8,0,0,0,0,3,1,6,1,49,8,-1,-1,-1,7,3
2014331400077,1,9,0,1,0,0,0,0,0,0,2,1,6,2,-1,-1,-1,-1,-1,-1,-1
2014331400078,1,9,0,5,0,1,0,0,0,0,1,1,1,2,34,6,-1,-1,-1,7,2
2014331400078,2,9,0,8,0,1,0,0,0,0,2,1,1,2,43,7,-1,-1,-1,7,1
2014331400079,1,9,0,18,0,0,2,0,1,11,1,1,1,2,22,5,-1,-1,-1,10,2
2014331400079,2,9,0,18,0,0,1,0,7,9,1,1,1,2,21,5,-1,-1,-1,-1,-1
2014331400080,1,9,0,4,0,0,1,0,0,0,1,1,1,1,39,7,-1,-1,-1,9,1
2014331400080,2,9,0,3,0,0,0,0,0,0,2,1,6,2,53,8,-1,-1,-1,6,3
2014331400081,1,9,0,5,0,6,0,0,0,0,3,1,6,3,-1,-1,-1,-1,-1,-1,-1
2014331400081,2,1,0,18,0,8,0,0,0,0,1,1,1,1,39,7,-1,-1,-1,4,1
2014331400082,1,9,0,3,0,8,0,0,0,0,2,1,2,2,20,4,1124,1,12,7,1
2014331400082,2,9,0,3,0,8,0,0,0,0,2,1,2,2,18,4,1199,1,12,6,1
2014331400082,3,9,0,7,0,7,0,0,0,0,1,1,2,1,44,7,-1,-1,-1,6,2
2014331400083,1,1,0,18,0,8,0,0,0,0,4,1,6,2,29,6,-1,-1,-1,1,1
2014331400083,2,9,0,7,0,5,0,0,0,0,1,1,6,1,-1,-1,-1,-1,-1,-1,-1
2014331400084,1,9,0,13,0,0,0,0,0,0,0,1,6,3,-1,-1,-1,-1,-1,-1,-1
2014331400084,2,9,0,4,0,0,0,0,0,0,2,1,1,1,42,7,-1,-1,-1,1,1
2014331400084,3,9,0,4,0,0,0,0,0,0,2,1,2,1,22,5,-1,-1,-1,2,1
2014331400084,4,9,0,4,0,0,0,0,0,0,1,1,2,2,20,4,-1,-1,-1,3,1
2014331400084,5,1,0,18,0,0,0,0,0,0,0,1,6,3,-1,-1,-1,-1,-1,-1,-1
2014331400085,1,9,0,18,0,8,0,0,0,0,1,1,6,1,45,7,-1,-1,-1,-1,-1
2014331400085,2,9,0,3,0,8,0,0,0,0,2,1,6,1,44,7,-1,-1,-1,-1,-1
2014331400086,1,9,0,9,0,5,0,0,0,0,1,1,6,2,66,10,-1,-1,-1,1,1
2014331400086,2,9,0,5,0,6,0,0,0,0,1,1,6,2,45,7,-1,-1,-1,-1,-1
2014331400087,1,3,0,18,0,8,0,0,0,0,4,1,6,1,18,4,-1,-1,-1,6,2
2014331400087,2,9,0,5,0,6,0,0,0,0,3,1,6,1,22,5,-1,-1,-1,-1,-1
2014331400088,1,9,0,3,0,0,0,0,0,0,2,1,3,2,28,6,-1,-1,-1,-1,-1
2014331400088,2,9,0,18,0,0,0,0,0,0,1,1,2,1,51,8,-1,-1,-1,-1,-1
2014331400089,1,9,0,13,0,0,0,0,0,0,4,1,6,3,-1,-1,-1,-1,-1,-1,-1
2014331400089,2,1,0,18,0,0,0,0,1,0,3,1,1,1,23,5,-1,-1,-1,7,3
2014331400090,1,9,0,18,0,8,0,0,0,0,1,1,2,2,27,6,-1,-1,-1,9,3
2014331400090,2,9,0,9,0,5,0,0,0,0,4,1,2,2,46,8,-1,-1,-1,10,1
2014331400091,1,9,0,3,0,2,0,0,0,0,2,1,6,2,41,7,-1,-1,-1,6,1
2014331400091,2,19,0,17,0,2,0,0,0,0,1,1,6,1,34,6,-1,-1,-1,6,3
2014331400092,1,9,0,18,0,1,0,0,0,0,1,1,6,1,-1,-1,-1,-1,-1,-1,-1
2014331400093,1,9,0,18,0,2,0,0,0,0,1,1,6,1,31,6,-1,-1,-1,2,1
2014331400094,1,9,0,9,0,5,0,0,0,0,0,1,6,2,44,7,-1,-1,-1,2,1