Accident_Index,Vehicle_Reference,Vehicle_Type,Towing_and_Articulation,Vehicle_Manoeuvre,Vehicle_Location-Restricted_Lane,Junction_Location,Skidding_and_Overturning,Hit_Object_in_Carriageway,Vehicle_Leaving_Carriageway,Hit_Object_off_Carriageway,1st_Point_of_Impact,Was_Vehicle_Left_Hand_Drive?,Journey_Purpose_of_Driver,Sex_of_Driver,Age_of_Driver,Age_Band_of_Driver,Engine_Capacity_(CC),Propulsion_Code,Age_of_Vehicle,Driver_IMD_Decile,Driver_Home_Area_Type
2014331400094,2,1,0,18,0,8,0,0,0,0,1,1,6,1,24,5,-1,-1,-1,4,1
2014331400095,1,9,0,3,0,0,0,0,0,0,2,1,1,1,38,7,-1,-1,-1,-1,-1
2014331400095,2,9,0,3,0,0,0,0,0,0,1,1,1,2,32,6,-1,-1,-1,3,1
2014331400095,3,9,0,4,0,0,1,0,0,0,1,1,1,1,32,6,-1,-1,-1,3,1
2014331400096,1,19,0,17,0,2,0,0,0,0,1,1,1,1,55,8,-1,-1,-1,4,1
2014331400097,1,9,0,9,0,6,0,0,0,0,3,1,6,2,34,6,-1,-1,-1,7,1
2014331400097,2,9,0,17,0,8,0,0,0,0,4,1,6,2,70,10,-1,-1,-1,4,1
2014331400098,1,9,0,1,0,6,0,0,0,0,2,1,6,2,52,8,-1,-1,-1,5,1
2014331400098,2,9,0,18,0,8,0,0,0,0,1,1,6,1,27,6,-1,-1,-1,4,1
2014331400099,1,9,0,9,0,5,0,0,0,0,1,1,6,1,51,8,-1,-1,-1,2,1
2014331400100,1,9,0,4,0,1,0,0,0,0,1,1,6,1,31,6,-1,-1,-1,10,1
2014331400101,1,9,0,18,9,6,0,0,0,0,3,1,6,2,40,7,-1,-1,-1,10,1
2014331400102,1,9,0,18,0,1,0,0,1,10,1,1,6,1,88,11,-1,-1,-1,-1,-1
2014331400103,1,1,0,18,9,8,0,0,0,0,1,1,1,1,24,5,-1,-1,-1,7,1
2014331400103,2,9,0,7,9,6,0,0,0,0,1,1,6,1,-1,-1,-1,-1,-1,-1,-1
2014331400104,1,19,0,18,0,8,0,0,0,0,1,1,1,1,28,6,-1,-1,-1,8,1
2014331400104,2,9,0,18,0,8,0,0,0,0,1,1,6,1,18,4,-1,-1,-1,10,1
2014331400104,3,9,0,4,0,1,0,0,0,0,0,1,6,3,-1,-1,-1,-1,-1,-1,-1
2014331400105,1,9,0,3,0,2,0,0,0,0,2,1,2,2,47,8,-1,-1,-1,3,1
2014331400105,2,9,0,18,0,2,0,0,0,0,1,1,6,2,67,10,-1,-1,-1,4,1
2014331400106,1,9,0,7,0,5,0,0,0,0,4,1,3,2,28,6,-1,-1,-1,1,1
2014331400106,2,1,0,18,0,8,0,0,0,0,1,1,1,1,51,8,-1,-1,-1,8,1
2014331400107,1,9,0,10,0,1,0,0,0,0,0,1,3,2,41,7,-1,-1,-1,4,1
2014331400107,2,5,0,18,0,1,0,0,0,0,1,1,6,1,60,9,-1,-1,-1,-1,-1
2014331400108,1,9,0,3,0,0,0,0,0,0,2,1,1,1,37,7,1108,1,12,5,1
2014331400108,2,9,0,18,0,0,0,0,0,0,1,1,6,1,25,5,1341,1,14,-1,-1
2014331400109,1,1,0,18,0,2,0,0,0,0,3,1,1,1,41,7,-1,-1,-1,5,1
2014331400109,2,9,0,13,0,2,0,0,0,0,4,1,6,3,-1,-1,-1,-1,-1,-1,-1
2014331400110,1,9,0,17,0,0,1,10,7,9,3,1,6,1,29,6,-1,-1,-1,-1,-1
2014331400110,2,9,0,18,0,0,1,0,1,9,3,1,6,1,26,6,-1,-1,-1,10,1
2014331400111,1,9,0,17,0,0,0,0,1,1,1,1,6,1,50,8,-1,-1,-1,9,2
2014331400111,2,1,0,3,9,0,0,0,0,0,1,1,6,1,22,5,-1,-1,-1,-1,-1
2014331400112,1,9,0,5,0,6,0,0,7,0,2,1,6,1,37,7,-1,-1,-1,10,1
2014331400112,2,9,0,18,0,8,0,0,0,0,3,1,6,1,53,8,-1,-1,-1,4,1
2014331400112,3,9,0,18,0,8,0,0,0,0,1,1,6,2,27,6,-1,-1,-1,-1,-1
2014331400113,1,9,0,18,0,0,0,0,0,0,1,1,2,1,40,7,-1,-1,-1,2,1
2014331400114,1,9,0,18,0,8,1,0,0,0,1,1,6,1,29,6,-1,-1,-1,8,1
2014331400114,2,9,0,10,0,8,0,0,0,0,2,1,6,1,60,9,-1,-1,-1,9,1
2014331400114,3,9,0,18,0,8,0,0,0,0,3,1,6,2,50,8,-1,-1,-1,5,1
2014331400115,1,9,0,9,0,5,0,0,0,0,3,1,6,1,55,8,-1,-1,-1,2,1
2014331400116,1,9,0,18,0,0,0,4,0,0,1,1,6,2,45,7,-1,-1,-1,9,1
2014331400116,2,9,0,2,0,0,0,4,0,0,2,1,6,2,19,4,-1,-1,-1,-1,-1
2014331400116,3,9,0,2,0,0,0,0,0,0,2,1,6,2,73,10,-1,-1,-1,-1,-1
2014331400117,1,9,0,16,0,2,0,4,0,0,1,1,2,2,19,4,-1,-1,-1,6,1
2014331400117,2,9,0,2,0,2,0,0,0,0,3,1,6,1,-1,-1,4395,1,3,8,1
2014331400118,1,1,0,18,0,1,0,0,0,0,1,1,6,2,44,7,-1,-1,-1,-1,-1
2014331400118,2,9,0,18,0,1,0,0,0,0,3,1,6,1,-1,-1,-1,-1,-1,-1,-1
2014331400119,1,9,0,6,0,0,0,0,0,0,3,1,2,1,28,6,-1,-1,-1,-1,-1
2014331400119,2,3,0,13,0,0,0,0,0,0,0,1,2,1,44,7,-1,-1,-1,-1,-1
2014331400120,1,9,0,4,0,0,2,0,7,9,1,1,2,2,26,6,-1,-1,-1,10,2
2014331400121,1,9,0,16,0,0,2,10,1,9,1,1,6,2,19,4,-1,-1,-1,9,1
2014331400121,2,9,0,13,0,0,0,0,0,0,0,1,6,3,-1,-1,-1,-1,-1,-1,-1
2014331400121,3,1,0,17,0,0,0,0,0,0,0,1,6,3,-1,-1,-1,-1,-1,-1,-1
2014331400122,1,9,0,16,0,0,5,0,1,0,1,1,6,1,20,4,1199,1,10,9,3
2014331400123,1,9,0,16,0,0,1,0,7,4,1,1,6,1,21,5,-1,-1,-1,7,1
2014331400124,1,9,0,16,0,0,0,0,0,0,1,1,1,2,56,9,1242,1,11,7,3
2014331400124,2,9,0,17,0,0,0,0,1,3,3,1,1,2,17,4,998,1,13,5,2
2014331400126,1,9,0,4,0,0,0,0,0,0,2,1,6,2,20,4,-1,-1,-1,10,1
2014331400126,2,9,0,18,0,0,0,0,0,0,1,1,6,2,73,10,-1,-1,-1,9,3
2014331400127,1,19,0,17,0,0,0,0,0,0,1,1,1,1,60,9,-1,-1,-1,-1,-1
2014331400127,2,19,0,16,0,0,0,0,0,0,1,1,1,1,38,7,-1,-1,-1,6,1
2014331400128,1,9,0,18,0,0,0,0,0,0,4,1,2,2,46,8,-1,-1,-1,9,1
2014331400129,1,9,0,5,0,1,0,0,0,0,1,1,6,1,45,7,-1,-1,-1,9,1
2014331400130,1,9,0,3,0,2,0,0,0,0,3,1,1,1,38,7,2993,2,6,6,1
2014331400130,2,9,0,4,0,2,1,0,8,1,1,1,1,2,25,5,1248,2,2,3,1
2014331400131,1,9,0,4,0,0,0,0,0,0,3,1,2,2,44,7,-1,-1,-1,-1,-1
2014331400131,2,9,0,18,0,0,0,0,0,0,4,1,2,2,43,7,-1,-1,-1,10,1
2014331400132,1,9,0,9,0,6,0,0,0,0,1,1,6,1,53,8,-1,-1,-1,-1,1
2014331400132,2,8,0,18,0,8,0,0,0,0,1,1,6,1,34,6,-1,-1,-1,5,1
2014331400133,1,9,0,9,0,5,0,0,0,0,1,1,1,1,35,6,-1,-1,-1,2,1
2014331400133,2,1,0,17,0,8,0,0,0,0,1,1,6,1,17,4,-1,-1,-1,6,1
2014331400134,1,9,0,3,0,0,0,0,0,0,2,1,6,2,34,6,-1,-1,-1,3,1
2014331400134,2,9,0,5,0,0,0,0,0,0,1,1,6,1,72,10,-1,-1,-1,1,1
2014331400135,1,9,0,18,0,8,0,0,0,0,1,1,6,1,59,9,-1,-1,-1,5,1
2014331400136,1,9,0,16,0,0,0,0,0,0,1,1,2,1,48,8,-1,-1,-1,6,3
2014331400136,2,9,0,17,0,0,0,0,0,0,1,1,2,1,53,8,-1,-1,-1,-1,-1
2014331400137,1,21,0,11,0,0,0,0,0,0,2,1,1,1,47,8,10518,2,5,1,1
2014331400137,2,9,0,18,0,0,0,0,0,0,1,1,2,2,25,5,1560,2,4,9,3
2014331400137,3,9,0,18,0,0,0,0,0,0,1,1,2,1,66,10,1998,2,5,9,2
2014331400138,1,8,0,7,0,6,0,0,0,0,1,1,1,1,48,8,-1,-1,-1,9,2
2014331400138,2,1,0,18,0,8,0,0,0,0,4,1,6,1,62,9,-1,-1,-1,10,1
2014331400139,1,9,0,7,0,6,0,0,0,0,1,1,6,2,40,7,-1,-1,-1,7,1
2014331400139,2,11,0,17,0,8,1,0,0,0,1,1,1,1,45,7,-1,-1,-1,-1,-1
2014331400140,1,9,0,9,0,6,0,0,0,0,1,1,6,1,34,6,-1,-1,-1,5,1
2014331400140,2,9,0,9,0,5,0,0,0,0,4,1,6,1,65,9,-1,-1,-1,4,1
2014331400141,1,9,0,18,0,5,0,0,0,0,1,1,6,1,47,8,-1,-1,-1,3,1
2014331400142,1,9,0,16,0,0,0,0,7,9,1,1,6,2,26,6,-1,-1,-1,2,2
2014331400143,1,9,0,9,0,5,0,0,0,0,1,1,6,1,31,6,-1,-1,-1,3,1
2014331400144,1,9,0,9,0,5,0,0,0,0,1,1,6,2,70,10,-1,-1,-1,9,2
2014331400144,2,9,0,18,0,8,0,0,0,0,1,1,6,2,46,8,-1,-1,-1,3,1
2014331400145,1,9,0,4,0,8,0,0,0,0,2,1,6,2,27,6,-1,-1,-1,9,2
2014331400145,2,9,0,16,0,8,0,0,0,0,1,1,1,2,60,9,-1,-1,-1,6,1
2014331400145,3,9,0,17,0,1,0,0,0,0,0,1,6,3,-1,-1,-1,-1,-1,-1,-1
2014331400146,1,9,0,18,0,8,1,0,0,0,1,1,6,2,-1,-1,-1,-1,-1,-1,-1
2014331400146,2,9,0,18,0,8,1,7,1,2,3,1,2,1,33,6,-1,-1,-1,1,1
2014331400147,1,9,0,17,0,0,1,0,0,0,1,1,1,1,49,8,-1,-1,-1,3,1
2014331400147,2,9,0,18,0,0,0,0,0,0,1,1,6,1,87,11,-1,-1,-1,10,2
2014331400147,3,9,0,2,0,0,0,0,0,0,1,1,6,3,-1,-1,-1,-1,-1,-1,-1
2014331400148,1,1,0,18,0,0,0,0,1,0,1,1,6,1,18,4,-1,-1,-1,6,1
2014331400148,2,19,0,18,0,0,0,0,0,0,0,1,6,3,-1,-1,-1,-1,-1,-1,-1
2014331400149,1,9,0,1,9,6,0,0,0,0,2,1,6,1,53,8,-1,-1,-1,1,1
2014331400149,2,1,0,18,9,8,0,0,0,0,4,1,6,1,35,6,-1,-1,-1,1,1
2014331400150,1,9,0,7,0,0,0,0,0,0,2,1,3,2,41,7,-1,-1,-1,2,1
2014331400150,2,9,0,18,0,0,0,0,0,0,0,1,6,3,-1,-1,-1,-1,-1,-1,-1
2014331400150,3,9,0,18,0,0,0,0,0,0,0,1,6,3,-1,-1,-1,-1,-1,-1,-1
2014331400151,1,9,0,3,0,6,0,0,0,0,2,1,6,2,19,4,-1,-1,-1,10,2
2014331400151,2,8,0,18,0,1,0,0,0,0,1,1,6,1,40,7,-1,-1,-1,-1,-1
2014331400153,1,9,0,18,0,1,0,0,0,0,1,1,6,1,55,8,-1,-1,-1,-1,-1
2014331400154,1,9,0,18,0,1,0,0,1,0,2,1,6,1,23,5,-1,-1,-1,6,2
2014331400154,2,9,0,18,0,1,0,0,0,0,1,1,6,2,39,7,-1,-1,-1,7,1
2014331400155,1,9,0,16,0,0,2,0,7,9,1,1,6,1,49,8,-1,-1,-1,4,1
2014331400157,1,9,0,10,0,8,0,0,0,0,1,1,1,2,19,4,-1,-1,-1,5,1
2014331400157,2,9,0,18,0,8,0,0,0,0,1,1,6,2,36,7,-1,-1,-1,8,1
2014331400158,1,19,0,9,0,6,0,0,0,0,1,1,2,1,38,7,-1,-1,-1,-1,-1
2014331400158,2,3,0,14,0,8,0,0,0,0,4,1,2,1,38,7,-1,-1,-1,-1,-1
2014331400158,3,21,1,3,0,8,0,0,0,0,0,1,1,3,-1,-1,-1,-1,-1,-1,-1
2014331400159,1,9,0,18,0,3,0,10,1,9,1,1,6,2,29,6,1396,1,11,4,1
2014331400159,2,9,0,18,0,3,0,0,0,0,4,1,6,1,-1,-1,-1,-1,-1,-1,-1
2014331400160,1,9,0,1,0,0,0,0,0,0,2,1,6,2,-1,-1,-1,-1,-1,-1,-1
2014331400161,1,5,0,18,0,0,1,4,0,0,1,1,2,1,20,4,-1,-1,-1,3,1
2014331400161,2,9,0,2,0,0,0,0,0,0,1,1,6,1,67,10,-1,-1,-1,2,1
2014331400162,1,1,0,18,0,0,0,0,0,0,2,1,2,1,33,6,-1,-1,-1,7,1
2014331400162,2,9,0,18,0,0,0,0,0,0,1,1,6,3,-1,-1,-1,-1,-1,-1,-1
2014331400163,1,9,0,13,0,0,0,0,7,9,1,1,1,1,25,5,-1,-1,-1,8,3
2014331400163,2,17,0,18,0,0,0,0,0,0,2,1,1,1,52,8,-1,-1,-1,10,3
2014331400164,1,9,0,9,0,5,0,0,0,0,1,1,2,2,25,5,-1,-1,-1,6,3
2014331400165,1,9,0,18,0,8,2,0,1,0,1,1,6,1,29,6,1299,1,12,1,1
2014331400165,2,9,0,18,0,8,2,0,1,0,1,1,6,1,42,7,-1,-1,-1,3,1
2014331400165,3,9,0,18,0,8,0,0,0,0,1,1,6,1,19,4,1198,1,11,10,1
2014331400165,4,9,0,18,0,8,0,0,0,0,1,1,6,1,31,6,1975,1,9,5,1
2014331400165,5,9,0,18,0,8,0,0,0,0,1,1,6,1,51,8,1396,1,9,5,1
2014331400166,1,21,1,11,0,0,0,0,0,0,1,1,1,1,59,9,-1,-1,-1,-1,1
2014331400166,2,9,0,18,0,0,0,0,0,0,3,1,2,2,32,6,-1,-1,-1,1,1
2014331400167,1,9,0,5,0,6,0,0,0,0,1,1,6,3,-1,-1,-1,-1,-1,-1,-1
2014331400167,2,1,0,3,0,8,0,0,0,0,1,1,6,1,60,9,-1,-1,-1,2,1
2014331400168,1,9,0,18,0,1,0,0,0,0,1,1,6,1,36,7,-1,-1,-1,1,1
2014331400168,2,8,0,4,0,1,0,0,0,0,2,1,1,1,32,6,-1,-1,-1,9,1
2014331400169,1,21,0,18,0,1,1,0,0,0,1,1,1,1,26,6,-1,-1,-1,-1,1
2014331400169,2,8,0,3,0,1,0,0,0,0,2,1,1,1,44,7,-1,-1,-1,3,1
2014331400169,3,8,0,3,0,1,0,0,0,0,2,1,1,1,30,6,-1,-1,-1,1,1
2014331400169,4,19,0,3,0,1,0,0,0,0,2,1,1,1,43,7,-1,-1,-1,6,1
2014331400169,5,9,0,10,0,8,0,0,0,0,2,1,2,2,46,8,-1,-1,-1,10,1
2014331400170,1,9,0,18,0,1,0,0,0,0,1,1,6,1,24,5,-1,-1,-1,2,1
2014331400171,1,9,0,18,0,8,0,0,0,0,3,1,6,1,25,5,-1,-1,-1,8,1
2014331400171,2,9,0,9,0,5,0,0,0,0,1,1,6,2,52,8,-1,-1,-1,7,1
2014331400172,1,9,0,18,0,8,0,0,7,10,3,1,6,2,48,8,-1,-1,-1,5,1
2014331400172,2,9,0,9,0,6,0,0,0,0,4,1,6,1,64,9,-1,-1,-1,9,1
2014331400172,3,20,0,2,0,2,0,0,0,0,1,1,6,1,52,8,-1,-1,-1,-1,-1
2014331400172,4,9,0,2,0,2,0,0,0,0,2,1,6,3,-1,-1,-1,-1,-1,-1,-1
2014331400173,1,9,0,17,0,0,1,10,1,11,1,1,6,1,62,9,-1,-1,-1,4,1
2014331400173,2,9,0,17,0,0,0,10,0,0,1,1,6,1,50,8,-1,-1,-1,7,1
2014331400174,1,9,0,12,0,7,1,0,1,7,3,1,6,1,45,7,1798,1,6,5,1
2014331400174,2,21,1,18,0,8,0,0,0,0,1,1,6,3,-1,-1,-1,-1,-1,-1,-1
2014331400175,1,9,0,18,0,1,0,0,0,0,1,1,6,1,36,7,-1,-1,-1,6,1
2014331400175,2,9,0,8,0,1,0,0,0,0,2,1,6,2,63,9,-1,-1,-1,9,1
2014331400176,1,19,0,7,0,6,0,0,0,0,0,1,2,1,41,7,-1,-1,-1,8,1
2014331400176,2,3,0,18,0,8,1,0,0,0,1,1,2,1,22,5,-1,-1,-1,-1,-1
2014331400177,1,9,0,4,0,1,1,0,0,0,1,1,2,2,35,6,-1,-1,-1,10,1
2014331400177,2,9,0,3,0,1,0,0,0,0,2,1,2,1,57,9,-1,-1,-1,8,1
2014331400177,3,9,0,3,0,1,0,0,0,0,2,1,2,2,56,9,-1,-1,-1,10,1
2014331400177,4,9,0,3,0,1,0,0,0,0,2,1,6,2,66,10,-1,-1,-1,-1,1
2014331400178,1,9,0,18,0,6,0,0,0,0,1,1,6,2,22,5,-1,-1,-1,7,3
2014331400178,2,9,0,18,0,8,0,0,0,0,4,1,6,1,57,9,-1,-1,-1,9,1
2014331400179,1,9,0,1,9,8,0,0,0,0,2,1,6,1,63,9,-1,-1,-1,10,1
2014331400180,1,9,0,18,0,2,0,0,0,0,1,1,6,2,26,6,-1,-1,-1,9,1
2014331400180,2,1,0,18,0,2,0,0,0,0,3,1,6,1,49,8,-1,-1,-1,8,1
2014331400181,1,9,0,4,0,0,0,0,0,0,2,1,2,1,63,9,1997,2,1,4,1
2014331400181,2,9,0,4,0,0,0,0,0,0,2,1,2,1,65,9,-1,-1,-1,8,1
2014331400181,3,9,0,4,0,0,0,0,0,0,2,1,2,1,34,6,1596,1,8,8,2
2014331400181,4,9,0,18,0,0,0,0,0,0,1,1,2,1,38,7,1769,1,11,-1,-1
2014331400182,1,9,0,9,0,5,0,0,0,0,1,1,1,1,32,6,-1,-1,-1,8,1
2014331400182,2,9,0,18,0,8,0,0,0,0,3,1,1,2,25,5,-1,-1,-1,9,1
2014331400183,1,9,0,18,0,5,0,0,0,0,1,1,6,3,-1,-1,-1,-1,-1,-1,-1
2014331400183,2,9,0,18,0,8,0,0,0,0,4,1,6,2,40,7,-1,-1,-1,-1,-1
2014331400184,1,9,0,5,0,6,0,0,0,0,3,1,2,1,55,8,1796,1,9,10,1
2014331400184,2,1,0,17,0,8,0,0,0,0,1,1,2,2,61,9,-1,-1,-1,-1,-1
2014331400185,1,21,0,18,0,0,0,0,0,0,1,1,1,3,22,5,12777,2,6,-1,-1
2014331400185,2,9,0,4,0,0,0,0,0,0,2,1,1,1,40,7,1956,2,1,-1,-1
2014331400186,1,2,0,7,0,4,1,0,0,0,4,1,6,1,16,4,-1,-1,-1,1,1
2014331400187,1,1,0,18,0,2,0,0,0,0,1,1,1,1,15,3,-1,-1,-1,3,1
2014331400187,2,9,0,18,0,1,0,0,0,4,4,1,6,2,35,6,-1,-1,-1,-1,-1
2014331400188,1,8,0,18,0,8,0,0,0,0,4,1,6,1,-1,-1,-1,-1,-1,-1,-1
2014331400189,1,9,0,18,0,4,0,0,0,0,3,1,1,2,45,7,-1,-1,-1,-1,-1
2014331400189,2,1,0,18,0,8,0,0,0,0,1,1,6,1,24,5,-1,-1,-1,-1,1
2014331400190,1,9,0,9,0,5,0,0,0,0,1,1,6,2,56,9,1398,2,11,4,1
2014331400190,2,1,0,18,0,8,0,0,0,0,2,1,6,1,38,7,-1,-1,-1,-1,1
2014331400191,1,9,0,4,0,1,1,0,0,0,1,1,6,1,67,10,-1,-1,-1,9,1
2014331400192,1,9,0,9,0,8,0,0,0,0,1,1,6,1,42,7,-1,-1,-1,1,1
2014331400192,2,2,0,14,0,8,0,0,0,0,1,1,6,1,44,7,-1,-1,-1,5,1
2014331400193,1,9,0,5,0,2,0,0,1,10,1,2,6,1,18,4,-1,-1,-1,-1,-1
2014331400194,1,19,0,9,0,8,0,0,0,0,1,1,6,1,60,9,-1,-1,-1,6,1
2014331400195,1,9,0,9,0,5,0,0,0,0,3,1,1,1,64,9,-1,-1,-1,6,1
2014331400196,1,1,0,18,0,8,0,0,0,0,1,1,6,1,52,8,-1,-1,-1,-1,-1
2014331400196,2,9,0,7,0,4,0,0,0,0,1,1,6,1,50,8,-1,-1,-1,-1,-1
2014331400197,1,9,0,7,0,6,0,0,0,0,1,1,1,1,61,9,-1,-1,-1,10,1
2014331400197,2,1,0,18,0,8,0,0,0,0,1,1,1,1,25,5,-1,-1,-1,-1,-1
2014331400198,1,19,0,9,0,5,0,0,0,0,1,1,1,1,50,8,-1,-1,-1,-1,-1
2014331400198,2,9,0,18,0,8,0,0,0,0,0,1,6,1,40,7,-1,-1,-1,-1,-1
2014331400199,1,9,0,18,0,0,0,0,0,0,1,1,6,2,23,5,-1,-1,-1,9,2
2014331400199,2,19,0,18,0,0,0,0,0,0,0,1,6,1,-1,-1,-1,-1,-1,-1,-1
2014331400200,1,9,0,17,0,1,0,0,0,0,2,1,6,1,24,5,-1,-1,-1,-1,-1
2014331400200,2,9,0,18,0,1,0,0,0,0,1,1,6,1,56,9,-1,-1,-1,7,1
2014331400201,1,9,0,7,0,6,0,0,0,0,3,1,2,1,18,4,-1,-1,-1,-1,-1
2014331400201,2,9,0,18,0,8,0,0,0,0,1,1,2,1,42,7,-1,-1,-1,9,1
2014331400202,1,9,0,9,0,5,0,0,0,0,4,1,6,2,30,6,-1,-1,-1,-1,1
2014331400202,2,9,0,18,0,8,0,0,0,0,1,1,6,1,57,9,-1,-1,-1,2,1
2014331400203,1,9,0,18,0,0,1,0,0,0,1,1,3,1,39,7,-1,-1,-1,1,1
2014331400204,1,5,0,4,0,1,1,0,0,0,1,1,6,1,29,6,-1,-1,-1,6,1
2014331400204,2,9,0,3,0,1,0,0,0,0,2,1,1,1,56,9,-1,-1,-1,5,1
2014331400205,1,9,0,18,0,8,0,0,0,0,1,1,6,1,34,6,-1,-1,-1,8,2
2014331400205,2,9,0,5,0,5,1,0,0,0,4,1,6,1,74,10,-1,-1,-1,10,1
2014331400205,3,9,0,10,0,1,0,0,0,0,3,1,6,1,52,8,-1,-1,-1,9,3
2014331400206,1,9,0,7,0,4,0,0,0,0,1,1,6,2,75,10,-1,-1,-1,7,1
2014331400206,2,1,0,18,0,8,0,0,0,0,4,1,2,1,29,6,-1,-1,-1,1,1
2014331400207,1,9,0,18,0,0,0,0,1,4,1,1,6,2,25,5,-1,-1,-1,-1,-1
2014331400208,1,2,0,17,0,0,0,0,0,0,1,1,6,1,18,4,-1,-1,-1,1,1
2014331400208,2,9,0,16,0,0,0,0,0,0,1,1,6,2,32,6,-1,-1,-1,6,1
2014331400209,1,19,0,18,0,0,0,0,1,9,1,1,1,1,47,8,-1,-1,-1,4,1
2014331400209,2,17,4,18,0,0,0,0,0,0,1,1,1,1,50,8,-1,-1,-1,8,3
2014331400210,1,9,0,18,0,0,0,0,1,4,1,1,6,2,29,6,-1,-1,-1,6,3
2014331400211,1,9,0,17,0,0,2,0,1,9,1,1,6,1,18,4,-1,-1,-1,10,1
2014331400212,1,9,0,18,0,4,0,0,0,0,3,1,6,1,46,8,-1,-1,-1,-1,-1
2014331400212,2,1,0,18,0,8,0,0,0,0,1,1,6,1,20,4,-1,-1,-1,-1,1
2014331400213,1,9,0,5,0,1,0,0,0,0,1,1,6,1,-1,-1,-1,-1,-1,-1,-1
2014331400214,1,9,0,18,0,8,0,0,0,0,1,1,6,3,-1,-1,-1,-1,-1,-1,-1
2014331400215,1,9,0,9,0,6,0,0,0,0,4,1,6,1,21,5,1199,1,12,-1,-1
2014331400215,2,9,0,4,0,8,1,4,0,0,3,1,6,1,28,6,1497,1,14,-1,-1
2014331400215,3,9,0,2,0,2,0,0,1,2,3,1,6,1,-1,-1,-1,-1,-1,-1,-1
2014331400215,4,9,0,2,0,2,0,0,0,0,3,1,6,3,-1,-1,1896,2,11,-1,-1
2014331400216,1,9,0,9,0,5,0,0,0,0,4,1,6,2,39,7,1598,1,8,4,1
2014331400217,1,1,0,18,0,8,0,0,0,0,1,1,1,1,37,7,-1,-1,-1,7,1
2014331400217,2,9,0,7,0,5,0,0,0,0,2,1,6,3,-1,-1,1560,2,5,-1,-1
2014331400218,1,9,0,2,0,8,0,0,0,0,3,1,6,2,54,8,-1,-1,-1,4,1
2014331400218,2,3,0,7,0,6,0,4,0,0,4,1,6,1,20,4,124,1,8,-1,-1
2014331400219,1,90,0,5,0,8,0,0,1,1,1,1,1,2,40,7,-1,-1,-1,7,1
2014331400219,2,9,0,9,0,6,0,0,0,0,2,1,6,2,45,7,1598,1,8,1,1
2014331400220,1,9,0,18,0,8,0,0,0,0,3,1,6,1,48,8,-1,-1,-1,-1,1
2014331400220,2,9,0,9,0,6,0,0,0,0,4,1,6,2,49,8,1995,2,8,-1,-1
2014331400221,1,8,0,17,0,1,0,0,0,0,1,1,1,1,26,6,1910,2,6,8,1
2014331400221,2,9,0,16,0,2,0,0,0,0,1,1,2,1,48,8,1997,2,1,9,1
2014331400222,1,9,0,18,0,0,0,0,0,0,1,1,6,2,32,6,1995,2,10,8,2
2014331400223,1,3,0,18,0,8,1,0,0,0,1,1,6,1,34,6,125,1,4,1,1
2014331400223,2,9,0,7,0,6,0,0,0,0,3,1,6,1,28,6,1124,1,12,1,1
2014331400224,1,9,0,18,0,4,0,0,0,0,3,1,6,1,61,9,-1,-1,-1,3,1
2014331400224,2,5,0,18,0,3,0,0,0,0,1,1,6,1,45,7,-1,-1,-1,-1,1
2014331400225,1,9,0,18,0,0,0,0,0,0,1,1,6,3,-1,-1,-1,-1,-1,-1,-1
2014331400226,1,9,0,18,0,0,0,0,1,1,1,1,6,1,41,7,-1,-1,-1,7,2
2014331400227,1,9,0,4,0,8,0,0,0,0,1,1,6,2,40,7,-1,-1,-1,-1,-1
2014331400227,2,9,0,3,0,8,0,0,0,0,2,1,6,2,24,5,-1,-1,-1,9,2
2014331400228,1,9,0,18,0,8,0,0,0,0,4,1,6,1,51,8,-1,-1,-1,6,1
2014331400228,2,9,0,7,0,6,0,0,0,0,1,1,6,2,31,6,-1,-1,-1,3,1
2014331400229,1,9,0,5,0,6,0,0,0,0,1,1,6,1,56,9,-1,-1,-1,1,1
2014331400229,2,9,0,9,0,5,0,0,0,0,3,1,6,2,48,8,-1,-1,-1,3,1
2014331400230,1,9,0,5,0,1,0,0,0,0,1,1,6,2,31,6,-1,-1,-1,9,3
2014331400230,2,9,0,3,0,1,0,0,0,0,2,1,6,2,45,7,-1,-1,-1,9,1
2014331400231,1,9,0,18,0,8,0,10,7,0,4,1,2,2,37,7,-1,-1,-1,3,1
2014331400231,2,9,0,9,0,6,0,0,0,0,1,1,6,3,-1,-1,-1,-1,-1,-1,-1
2014331400232,1,9,0,18,0,8,0,0,0,0,1,1,6,2,25,5,-1,-1,-1,5,1
2014331400232,2,9,0,18,0,4,0,0,0,0,2,1,2,1,30,6,-1,-1,-1,5,1
2014331400233,1,5,0,16,0,0,0,10,7,0,1,1,6,1,57,9,-1,-1,-1,9,2
2014331400233,2,9,0,17,0,0,0,0,1,0,1,1,6,1,77,11,-1,-1,-1,9,3
2014331400234,1,9,0,9,0,5,0,0,0,0,1,1,6,1,80,11,-1,-1,-1,9,3
2014331400235,1,9,0,16,0,1,5,10,1,10,4,1,6,2,26,6,-1,-1,-1,6,1
2014331400236,1,9,0,5,0,6,0,0,0,0,1,1,2,2,50,8,-1,-1,-1,9,2
2014331400236,2,1,0,18,0,8,0,0,0,0,1,1,6,1,32,6,-1,-1,-1,-1,-1
2014331400237,1,9,0,4,0,1,0,0,0,0,4,1,6,2,35,6,-1,-1,-1,9,1
2014331400237,2,1,0,4,0,6,0,0,0,0,1,1,6,2,13,3,-1,-1,-1,10,1
2014331400238,1,9,0,18,0,2,0,0,0,0,4,1,1,1,54,8,-1,-1,-1,3,1
2014331400239,1,9,0,5,0,4,0,0,0,0,3,1,6,1,44,7,-1,-1,-1,1,1
2014331400239,2,3,0,18,0,8,0,0,0,0,1,1,1,1,24,5,-1,-1,-1,10,1
2014331400240,1,9,0,10,0,1,0,0,0,0,2,1,6,2,35,6,-1,-1,-1,10,1