Accident_Index,Vehicle_Reference,Vehicle_Type,Towing_and_Articulation,Vehicle_Manoeuvre,Vehicle_Location-Restricted_Lane,Junction_Location,Skidding_and_Overturning,Hit_Object_in_Carriageway,Vehicle_Leaving_Carriageway,Hit_Object_off_Carriageway,1st_Point_of_Impact,Was_Vehicle_Left_Hand_Drive?,Journey_Purpose_of_Driver,Sex_of_Driver,Age_of_Driver,Age_Band_of_Driver,Engine_Capacity_(CC),Propulsion_Code,Age_of_Vehicle,Driver_IMD_Decile,Driver_Home_Area_Type
2014331401464,2,1,0,18,0,2,0,0,0,0,1,1,2,1,37,7,-1,-1,-1,2,1
2014331401466,1,9,0,18,0,6,0,0,1,11,4,1,1,1,45,7,1598,1,1,-1,-1
2014331401466,2,9,0,18,0,8,0,0,0,0,1,1,1,1,49,8,-1,-1,-1,-1,-1
2014331401467,1,9,0,16,0,0,1,0,1,0,1,1,6,1,24,5,1895,1,13,-1,1
2014331401467,2,3,0,16,0,0,1,0,0,0,4,1,6,1,59,9,124,1,3,6,1
2014331401468,1,9,0,7,0,6,0,0,0,0,1,1,6,1,42,7,1968,2,5,1,1
2014331401468,2,1,0,18,0,8,0,0,0,0,1,1,6,1,30,6,-1,-1,-1,-1,-1
2014331401469,1,19,0,16,0,8,0,0,0,0,1,1,1,1,21,5,2298,2,3,4,1
2014331401469,2,9,0,17,0,8,0,0,0,0,1,1,6,1,60,9,1753,2,9,10,1
2014331401470,1,9,0,17,0,0,1,0,1,9,2,1,6,1,21,5,1124,1,14,10,1
2014331401471,1,3,0,5,0,0,0,0,0,0,1,1,6,1,18,4,124,1,-1,3,2
2014331401471,2,9,0,5,0,0,0,0,0,0,2,1,6,2,28,6,1596,1,12,9,2
2014331401472,1,9,0,16,0,0,2,0,7,9,3,1,6,1,53,8,1149,1,11,8,1
2014331401473,1,9,0,16,0,0,1,0,7,10,1,1,6,1,25,5,1896,2,13,5,1
2014331401474,1,9,0,3,0,1,0,0,0,0,4,1,2,1,64,9,-1,-1,-1,5,1
2014331401474,2,1,0,15,0,1,0,0,0,0,1,1,6,1,25,5,-1,-1,-1,6,1
2014331401475,1,9,0,17,0,0,2,10,1,4,2,1,6,1,18,4,1199,1,10,8,3
2014331401475,2,9,0,13,0,0,0,0,0,0,0,1,6,3,-1,-1,-1,-1,-1,-1,-1
2014331401475,3,9,0,18,0,0,0,0,0,0,0,1,6,3,-1,-1,-1,-1,-1,-1,-1
2014331401476,1,9,0,10,0,8,0,0,0,0,2,1,6,1,39,7,1968,2,-1,8,1
2014331401476,2,9,0,3,0,8,0,0,1,0,2,1,6,1,18,4,-1,-1,-1,8,1
2014331401476,3,9,0,4,0,8,0,0,0,0,1,1,6,1,18,4,1199,1,12,10,1
2014331401476,4,9,0,4,0,8,0,0,0,0,1,1,6,1,18,4,1400,1,11,10,2
2014331401477,1,19,0,1,0,1,0,0,0,0,2,1,6,2,36,7,2151,2,12,8,3
2014331401478,1,9,0,18,0,0,0,0,0,0,1,1,1,2,42,7,1388,1,7,9,1
2014331401478,2,9,0,3,0,0,0,0,0,0,2,1,6,1,30,6,1360,1,11,-1,1
2014331401478,3,9,0,3,0,0,0,0,0,0,2,1,2,2,25,5,1769,1,9,1,1
2014331401478,4,9,0,3,0,0,0,0,0,0,3,1,6,2,80,11,1198,1,11,2,1
2014331401479,1,9,0,11,0,0,0,0,1,7,1,1,6,1,34,6,1995,2,10,-1,-1
2014331401479,2,9,0,18,0,0,0,0,7,6,2,1,6,1,60,9,1998,2,7,-1,-1
2014331401480,1,9,0,3,0,1,0,0,0,0,2,1,6,1,21,5,1598,1,13,-1,-1
2014331401480,2,9,0,4,0,1,1,0,0,0,1,1,6,1,17,4,-1,-1,-1,-1,-1
2014331401481,1,9,0,18,0,0,0,0,0,0,4,1,6,3,-1,-1,-1,-1,-1,-1,-1
2014331401482,1,11,0,4,0,0,0,0,0,0,1,1,1,1,34,6,6700,2,1,7,1
2014331401483,1,9,0,5,0,6,0,0,0,0,1,1,1,1,44,7,1598,1,8,10,1
2014331401483,2,9,0,18,0,8,0,0,1,2,1,1,1,2,29,6,1800,1,15,-1,-1
2014331401483,3,9,0,9,0,6,0,0,0,0,0,1,6,3,-1,-1,-1,-1,-1,-1,-1
2014331401484,1,9,0,17,0,8,0,0,7,11,1,1,6,1,85,11,1998,1,8,6,1
2014331401484,2,9,0,9,0,5,0,0,0,0,1,1,6,1,46,8,1560,2,9,9,1
2014331401485,1,9,0,18,0,8,0,0,0,0,3,1,6,1,27,6,1497,1,9,2,1
2014331401485,2,9,0,7,0,6,0,0,0,0,1,1,6,3,-1,-1,1461,2,1,-1,-1
2014331401486,1,9,0,9,0,6,0,0,0,0,1,1,6,2,50,8,2198,1,7,9,1
2014331401486,2,1,0,17,0,8,0,0,0,0,1,1,6,1,59,9,-1,-1,-1,8,3
2014331401487,1,9,0,9,0,6,1,0,0,0,4,1,6,1,23,5,1242,1,14,10,1
2014331401487,2,5,0,17,0,8,1,0,0,0,4,1,2,1,26,6,-1,-1,-1,9,1
2014331401488,1,9,0,18,0,4,1,0,7,1,1,1,6,1,29,6,1598,1,14,7,2
2014331401489,1,9,0,18,0,0,0,0,0,0,3,1,6,2,30,6,1248,2,5,8,1
2014331401490,1,9,0,3,0,1,0,0,0,0,2,1,6,1,58,9,2143,2,3,7,1
2014331401490,2,9,0,4,0,1,0,0,0,0,1,1,1,1,18,4,1199,1,10,7,1
2014331401491,1,9,0,4,0,1,0,0,0,0,3,1,6,1,26,6,1560,2,5,3,1
2014331401492,1,9,0,3,0,0,0,0,0,0,2,1,6,1,43,7,1332,1,17,2,1
2014331401492,2,9,0,15,0,0,0,10,0,0,1,1,6,1,42,7,1997,2,12,1,1
2014331401493,1,9,0,18,0,3,0,0,1,9,1,1,6,2,22,5,1360,1,13,4,1
2014331401494,1,19,0,18,0,1,0,0,0,0,1,1,1,1,34,6,1598,2,3,3,1
2014331401495,1,9,0,7,0,6,0,0,0,0,2,1,6,1,19,4,1461,2,4,1,1
2014331401495,2,9,0,18,0,8,0,0,0,0,1,1,6,1,32,6,1086,1,7,3,1
2014331401496,1,21,1,18,0,1,2,0,7,6,1,1,1,1,34,6,15607,2,7,9,3
2014331401496,2,21,1,12,0,1,0,0,0,0,0,1,1,1,67,10,10837,2,4,4,2
2014331401497,1,9,0,17,0,0,1,0,7,4,1,1,6,2,50,8,993,1,11,6,2
2014331401498,1,9,0,16,0,3,0,10,8,4,4,1,2,1,28,6,1798,1,13,1,1
2014331401499,1,9,0,18,0,6,0,0,0,0,1,1,6,2,51,8,1796,2,2,8,1
2014331401499,2,98,0,18,0,8,0,0,0,0,1,1,6,1,26,6,-1,-1,-1,1,1
2014331401500,1,9,0,18,0,8,0,0,0,0,4,1,6,2,66,10,1242,1,8,8,1
2014331401500,2,1,0,18,0,6,0,0,0,0,1,1,6,1,5,1,-1,-1,-1,7,1
2014331401501,1,9,0,3,0,1,0,0,0,0,2,1,1,1,49,8,1499,2,1,8,1
2014331401501,2,9,0,4,0,1,0,0,0,0,1,1,1,2,56,9,1956,2,5,3,1
2014331401502,1,9,0,4,0,0,0,0,0,0,1,1,2,2,42,7,1984,1,12,5,2
2014331401503,1,5,0,17,0,0,0,0,1,9,1,1,6,1,24,5,656,1,5,9,1
2014331401504,1,5,0,4,0,8,1,0,0,0,1,1,1,1,21,5,749,1,10,-1,-1
2014331401504,2,21,1,5,0,6,0,0,0,0,1,1,1,1,53,8,10518,2,2,5,2
2014331401506,1,9,0,18,0,3,0,0,1,2,1,1,6,1,25,5,1799,1,16,7,1
2014331401507,1,11,0,4,2,8,0,0,0,0,1,1,1,1,37,7,7300,2,6,6,1
2014331401507,2,9,0,7,2,6,0,0,0,0,2,1,6,1,19,4,1198,1,4,6,1
2014331401508,1,9,0,18,0,0,0,10,0,0,1,1,6,1,76,11,1998,2,10,8,1
2014331401508,2,9,0,18,0,0,0,0,0,0,1,1,6,2,62,9,1390,1,7,3,1
2014331401509,1,19,0,4,0,8,0,0,0,0,2,1,1,1,44,7,2148,2,6,3,1
2014331401509,2,9,0,18,0,8,0,0,0,0,1,1,6,2,64,9,1242,1,7,-1,2
2014331401509,3,97,0,9,0,5,0,0,0,0,0,1,6,3,-1,-1,-1,-1,-1,-1,-1
2014331401510,1,9,0,13,0,0,0,0,7,4,1,1,2,1,21,5,1199,1,11,7,3
2014331401510,2,9,0,16,0,0,0,0,0,0,0,1,1,1,24,5,1686,2,2,8,2
2014331401512,1,9,0,3,0,1,0,0,0,0,2,1,6,1,75,10,1762,1,17,6,1
2014331401512,2,9,0,18,0,1,0,0,0,0,1,1,6,2,-1,-1,1798,1,8,-1,-1
2014331401513,1,9,0,18,0,0,0,0,0,0,1,1,6,1,-1,-1,-1,-1,-1,-1,-1
2014331401513,2,1,0,18,0,0,0,0,0,0,3,1,6,1,19,4,-1,-1,-1,7,1
2014331401514,1,11,0,18,0,8,0,0,0,0,4,1,1,1,59,9,7300,2,6,-1,1
2014331401514,2,19,0,9,0,6,0,0,0,0,4,1,6,1,34,6,-1,-1,-1,-1,-1
2014331401515,1,9,0,9,0,5,0,0,0,0,1,1,1,1,48,8,1587,1,13,6,1
2014331401515,2,9,0,18,0,8,0,0,0,0,1,1,1,1,37,7,2359,1,-1,4,1
2014331401516,1,9,0,18,0,1,0,0,0,0,1,1,2,2,-1,-1,1995,1,7,3,1
2014331401516,2,9,0,3,0,1,0,0,0,0,2,1,6,2,51,8,-1,-1,-1,-1,-1
2014331401516,3,9,0,3,0,1,0,0,0,0,2,1,6,1,-1,-1,2685,2,12,3,1
2014331401517,1,9,0,4,0,1,0,0,0,0,2,1,6,1,60,9,-1,-1,-1,-1,-1
2014331401517,2,9,0,4,0,1,1,0,0,0,1,1,6,2,39,7,1199,1,12,-1,-1
2014331401517,3,9,0,4,0,1,1,0,0,0,1,1,6,2,34,6,1149,1,2,-1,-1
2014331401517,4,9,0,4,0,1,1,0,0,0,1,1,6,3,-1,-1,-1,-1,-1,-1,-1
2014331401518,1,9,0,18,0,0,0,0,0,0,3,1,6,3,-1,-1,-1,-1,-1,-1,-1
2014331401519,1,9,0,17,0,2,2,0,1,9,4,1,6,1,27,6,2497,2,10,3,1
2014331401520,1,9,0,7,0,5,1,0,7,7,1,1,6,1,26,6,-1,-1,-1,10,3
2014331401521,1,9,0,16,0,0,1,0,0,0,1,1,2,1,18,4,-1,-1,-1,-1,1
2014331401521,2,9,0,17,0,0,0,0,0,0,1,1,2,1,47,8,1598,1,5,6,1
2014331401522,1,11,0,18,0,8,0,0,0,0,1,1,1,2,53,8,-1,-1,-1,6,1
2014331401522,2,9,0,10,0,8,0,0,0,0,2,1,2,1,23,5,1229,1,-1,4,1
2014331401522,3,9,0,18,0,8,0,0,0,0,3,1,6,1,45,7,1399,2,3,-1,-1
2014331401523,1,9,0,2,0,0,0,0,0,0,2,1,6,1,74,10,1461,2,3,6,1
2014331401523,2,3,0,4,0,0,1,4,0,0,1,1,6,1,19,4,124,1,1,4,1
2014331401524,1,9,0,4,0,1,0,0,0,0,1,1,1,1,34,6,1248,2,3,10,1
2014331401524,2,11,0,3,0,1,0,0,0,0,0,1,1,3,-1,-1,-1,-1,-1,-1,-1
2014331401525,1,9,4,7,0,6,0,0,0,0,4,1,6,1,42,7,1995,2,10,4,1
2014331401526,1,9,0,16,0,8,0,0,1,1,1,1,6,2,19,4,-1,-1,-1,8,1
2014331401526,2,9,0,3,0,8,0,0,0,0,2,1,6,2,66,10,1598,1,5,10,2
2014331401526,3,9,0,9,0,5,0,0,0,0,0,1,6,3,-1,-1,-1,-1,-1,-1,-1
2014331401527,1,9,0,18,0,2,5,4,0,0,1,1,6,2,53,8,1995,2,2,9,3
2014331401527,2,9,0,2,0,2,0,0,0,0,1,1,6,2,69,10,1598,1,7,9,2
2014331401528,1,9,0,9,0,6,0,0,0,0,3,1,1,2,34,6,2987,2,3,-1,3
2014331401528,2,9,4,13,0,8,0,0,0,0,1,1,6,1,49,8,1197,1,2,-1,-1
2014331401528,3,9,0,7,0,5,0,0,0,0,0,1,6,3,-1,-1,-1,-1,-1,-1,-1
2014331401528,4,9,0,7,0,5,0,0,0,0,0,1,6,3,-1,-1,-1,-1,-1,-1,-1
2014331401529,1,9,0,11,0,5,0,0,0,0,2,1,2,1,26,6,1329,1,5,1,1
2014331401529,2,21,1,18,0,8,0,0,0,0,1,1,1,1,41,7,12777,2,3,5,1
2014331401530,1,9,0,9,0,6,0,0,0,0,1,1,6,2,36,7,1198,1,5,5,1
2014331401530,2,8,0,18,0,8,0,0,0,0,1,1,6,1,46,8,1995,2,5,2,1
2014331401530,3,9,0,18,0,8,0,0,0,0,1,1,6,1,60,9,1951,2,11,-1,-1
2014331401531,1,1,0,4,0,2,1,0,0,0,1,1,6,1,25,5,-1,-1,-1,2,1
2014331401532,1,9,0,18,0,6,0,0,0,0,1,1,6,2,35,6,1997,2,3,3,1
2014331401532,2,9,0,18,0,8,0,0,0,0,4,1,6,1,67,10,1997,2,1,1,1
2014331401533,1,9,0,7,0,5,0,0,0,0,2,1,6,1,49,8,1956,2,5,3,1
2014331401533,2,9,0,18,0,8,0,0,0,0,1,1,6,1,35,6,2500,1,8,5,1
2014331401534,1,9,0,18,0,8,0,0,0,0,1,1,6,1,40,7,1968,2,7,-1,-1
2014331401534,2,9,0,7,0,6,0,0,0,0,1,1,1,2,23,5,1798,1,6,2,1
2014331401535,1,9,0,9,0,5,0,0,0,0,1,1,6,2,25,5,1984,1,11,4,1
2014331401536,1,5,0,18,0,0,0,0,1,0,1,1,6,1,39,7,999,1,1,8,1
2014331401537,1,9,0,2,0,0,0,0,0,0,0,1,3,2,43,7,1598,1,11,4,1
2014331401537,2,9,0,18,0,0,0,0,0,0,4,1,6,3,-1,-1,1229,1,2,-1,-1
2014331401538,1,9,0,3,0,1,0,0,0,0,2,1,6,2,22,5,1248,2,10,9,1
2014331401538,2,19,0,4,0,1,0,0,0,0,1,1,6,1,40,7,1998,2,8,7,3
2014331401539,1,9,0,17,0,0,0,0,0,0,3,1,2,1,56,9,-1,-1,-1,10,1
2014331401539,2,9,0,16,0,0,1,0,0,3,3,1,2,2,28,6,1386,1,7,9,2
2014331401540,1,9,0,16,0,2,0,7,1,10,1,1,6,2,29,6,1296,1,14,6,3
2014331401541,1,9,0,13,0,8,0,0,0,0,1,1,1,1,48,8,1968,2,4,-1,-1
2014331401541,2,1,0,9,0,5,0,0,0,0,2,1,6,2,50,8,-1,-1,-1,6,3
2014331401541,3,1,0,9,0,5,0,0,0,0,2,1,6,3,-1,-1,-1,-1,-1,-1,-1
2014331401542,1,9,0,4,0,0,0,0,0,0,2,1,6,1,53,8,1596,1,5,1,1
2014331401542,2,9,0,18,0,0,0,0,0,0,1,1,6,1,52,8,1968,2,1,5,3
2014331401543,1,9,0,18,0,8,0,0,0,0,2,1,1,1,50,8,2402,2,3,8,3
2014331401543,2,9,0,5,0,6,0,0,0,0,1,1,6,1,71,10,1598,1,7,8,3
2014331401546,1,9,0,18,0,0,0,0,0,0,1,1,6,1,50,8,2477,2,9,8,3
2014331401547,1,3,0,18,0,8,0,4,1,0,1,1,6,1,26,6,-1,-1,-1,-1,-1
2014331401547,2,9,0,2,0,8,0,0,0,0,2,1,6,3,-1,-1,1275,1,15,-1,-1
2014331401547,3,9,0,18,0,1,0,0,0,0,0,1,1,2,-1,-1,1686,2,2,6,1
2014331401548,1,9,0,18,0,0,0,0,0,0,3,1,6,1,35,6,1598,1,11,1,1
2014331401549,1,9,0,7,0,6,0,0,0,0,3,1,6,1,34,6,1997,2,11,1,1
2014331401549,2,9,0,18,0,8,0,0,0,0,1,1,2,1,39,7,1364,2,1,4,1
2014331401550,1,3,0,18,0,0,0,0,0,0,1,1,1,1,44,7,107,1,-1,3,1
2014331401550,2,9,0,18,0,0,0,0,0,0,3,1,6,1,51,8,-1,-1,-1,7,1
2014331401551,1,9,0,17,0,8,1,7,0,0,4,1,6,2,64,9,1399,2,10,4,1
2014331401551,2,9,0,5,0,6,1,7,0,0,3,1,6,2,39,7,1596,1,9,3,1
2014331401552,1,9,0,7,0,6,0,0,0,0,1,1,6,1,34,6,1596,1,13,3,1
2014331401552,2,9,0,4,0,8,1,0,0,0,4,1,2,2,52,8,1388,1,9,3,1
2014331401553,1,9,0,9,0,5,0,0,0,0,1,1,6,1,61,9,1973,1,16,7,2
2014331401553,2,9,0,18,0,8,5,0,1,0,1,1,1,1,47,8,998,1,-1,7,1
2014331401555,1,9,0,4,0,1,1,0,0,0,1,1,1,2,23,5,1242,1,2,-1,-1
2014331401555,2,9,0,4,0,1,0,0,0,0,2,1,6,2,21,5,1229,1,7,5,1
2014331401556,1,9,0,7,0,3,0,0,0,0,1,1,6,1,19,4,1229,1,9,3,1
2014331401556,2,1,0,18,0,8,0,0,0,0,1,1,6,1,9,2,-1,-1,-1,7,1
2014331401557,1,9,0,9,0,5,0,0,0,0,4,1,6,2,29,6,1360,1,8,5,1
2014331401557,2,1,0,18,0,8,0,0,0,0,1,1,6,2,44,7,-1,-1,-1,-1,-1
2014331401558,1,9,0,3,0,1,0,0,0,0,2,1,6,1,45,7,1896,2,10,1,1
2014331401558,2,9,0,3,0,1,0,0,0,0,2,1,6,2,33,6,1596,1,10,1,1
2014331401558,3,9,0,17,0,1,0,0,0,0,1,1,6,1,64,9,1762,1,18,5,1
2014331401559,1,9,0,18,0,0,0,0,1,11,3,1,6,1,24,5,-1,-1,-1,5,1
2014331401559,2,9,0,13,0,0,0,0,0,0,4,1,6,1,26,6,-1,-1,-1,9,1
2014331401559,3,9,0,18,0,0,0,0,0,0,3,1,6,1,69,10,-1,-1,-1,8,3
2014331401560,1,21,1,11,0,8,0,0,0,0,4,1,1,1,46,8,12777,2,4,8,1
2014331401560,2,9,0,18,0,8,1,0,0,0,3,1,6,1,48,8,1398,2,7,10,2
2014331401561,1,9,0,7,0,6,0,0,0,0,3,1,1,1,36,7,2143,2,-1,9,2
2014331401561,2,1,0,18,0,8,0,0,0,0,1,1,6,2,53,8,-1,-1,-1,10,1
2014331401562,1,9,0,9,0,5,0,0,0,0,1,1,6,1,40,7,1493,2,6,-1,1
2014331401562,2,5,0,18,0,8,0,0,0,0,1,1,6,1,35,6,-1,-1,-1,7,1
2014331401563,1,1,0,18,0,0,0,0,0,0,1,1,6,1,47,8,-1,-1,-1,5,1
2014331401563,2,9,0,18,0,0,0,0,0,0,3,1,6,1,-1,-1,-1,-1,-1,-1,-1
2014331401564,1,19,0,4,0,1,0,0,0,0,2,1,1,1,50,8,2198,2,3,6,1
2014331401564,2,3,0,4,0,1,0,0,0,0,1,1,6,1,20,4,125,1,1,2,1
2014331401565,1,9,0,11,0,1,0,0,0,0,2,1,6,2,26,6,1248,2,6,2,1
2014331401565,2,1,0,18,0,1,0,0,0,0,1,1,6,1,20,4,-1,-1,-1,-1,-1
2014331401569,1,1,0,18,0,1,0,0,0,0,3,1,6,1,52,8,-1,-1,-1,5,1
2014331401569,2,11,0,13,0,1,0,0,0,0,4,1,1,2,25,5,-1,-1,-1,-1,-1
2014331401569,3,1,0,18,0,1,0,0,0,0,0,1,6,2,-1,-1,-1,-1,-1,5,1
2014331401571,1,9,0,18,0,0,5,0,1,9,3,1,1,2,20,4,1298,1,11,-1,-1
2014331401572,1,9,0,16,0,0,5,0,1,9,4,1,6,2,28,6,1679,1,14,5,1
2014331401573,1,9,0,18,0,6,0,0,7,0,4,1,6,1,20,4,1796,1,18,9,1
2014331401573,2,9,0,16,0,8,0,0,7,0,1,1,6,1,49,8,1596,1,13,6,1
2014331401574,1,9,0,18,0,0,0,0,0,0,2,1,2,2,24,5,998,1,1,3,1
2014331401574,2,19,0,18,0,0,0,0,0,0,1,1,2,1,28,6,1598,2,-1,2,1
2014331401575,1,9,0,17,0,8,0,0,0,0,1,1,6,1,56,9,1781,1,10,-1,-1
2014331401575,2,19,0,9,0,5,0,0,7,0,1,1,6,1,49,8,1868,2,13,-1,-1
2014331401575,3,17,0,16,0,8,0,0,0,0,0,1,1,3,-1,-1,-1,-1,-1,-1,-1
2014331401576,1,3,0,4,0,4,1,0,0,0,4,1,2,1,17,4,-1,-1,-1,10,1
2014331401577,1,9,0,18,0,8,0,0,0,0,1,1,6,1,29,6,1781,1,12,3,1
2014331401577,2,9,0,9,0,5,0,0,0,0,1,1,6,1,42,7,1596,1,13,4,1
2014331401578,1,8,0,18,0,8,0,0,0,0,1,1,1,1,35,6,1797,8,5,-1,-1
2014331401578,2,9,0,11,0,8,0,0,0,0,2,1,2,1,25,5,2148,2,12,-1,-1
2014331401579,1,9,0,4,0,1,0,0,0,0,4,1,2,2,23,5,-1,-1,-1,10,1
2014331401580,1,9,0,18,0,6,0,7,0,0,4,1,6,1,53,8,1396,1,10,-1,-1
2014331401580,2,9,0,18,0,8,0,0,0,0,1,1,6,1,37,7,1997,2,12,-1,-1
2014331401581,1,9,0,4,0,6,0,0,3,10,1,1,1,1,20,4,1275,1,16,-1,-1
2014331401581,2,9,0,18,0,8,0,0,7,10,4,1,2,2,63,9,1360,1,13,6,1
2014331401582,1,9,0,18,0,5,5,0,2,10,1,1,6,1,24,5,1527,2,17,-1,-1
2014331401583,1,9,0,5,9,6,0,0,0,0,1,1,6,2,34,6,2720,2,9,7,1
2014331401583,2,1,0,18,9,8,0,0,0,0,1,1,6,1,6,2,-1,-1,-1,-1,-1
2014331401584,1,9,0,18,0,1,0,0,0,0,1,1,6,1,21,5,1390,1,8,3,1
2014331401585,1,9,0,3,0,8,0,0,0,0,2,1,6,1,36,7,1598,1,12,1,1
2014331401585,2,9,0,4,0,8,0,0,0,0,1,1,6,1,46,8,995,1,9,-1,-1
2014331401585,3,9,0,9,0,5,0,0,0,0,0,1,6,3,-1,-1,-1,-1,-1,-1,-1
2014331401586,1,9,0,17,0,0,0,0,0,0,1,1,6,1,30,6,1997,1,10,1,1
2014331401586,2,9,0,2,0,0,0,0,0,0,2,1,6,1,62,9,3824,1,8,-1,-1
2014331401587,1,9,0,18,0,0,0,0,0,0,1,1,6,1,23,5,1686,2,8,4,1
2014331401587,2,1,0,9,0,0,0,0,0,0,1,1,6,1,24,5,-1,-1,-1,6,1
2014331401588,1,9,0,5,9,6,0,0,0,0,1,1,6,1,40,7,-1,-1,-1,9,1
2014331401588,2,1,0,18,9,8,0,0,0,0,1,1,6,1,14,3,-1,-1,-1,9,1
2014331401589,1,9,0,18,0,1,0,0,0,0,1,1,6,1,52,8,1995,2,11,3,1
2014331401590,1,9,0,18,0,3,0,0,0,0,1,1,6,2,25,5,1598,1,11,-1,-1
2014331401590,2,9,0,18,0,8,0,0,0,0,1,1,6,1,54,8,1299,1,9,-1,-1
2014331401591,1,9,0,16,0,2,5,7,2,10,1,1,6,1,20,4,1896,1,18,9,2
2014331401592,1,9,0,18,0,3,2,10,1,0,4,1,2,2,28,6,1242,1,11,1,1
2014331401593,1,5,0,4,0,0,1,0,0,0,1,1,6,1,35,6,998,1,7,-1,1
2014331401594,1,9,0,18,0,1,0,0,0,0,1,1,1,1,56,9,2148,2,12,3,1
2014331401595,1,9,0,9,0,8,0,0,0,0,1,1,2,2,27,6,1349,1,1,10,2
2014331401595,2,9,0,18,0,4,0,0,0,0,1,1,6,2,-1,-1,1994,2,16,-1,-1
2014331401596,1,9,0,18,0,0,5,4,7,0,1,1,6,1,22,5,1199,1,12,7,1
2014331401596,2,9,0,2,0,0,0,0,0,0,1,1,6,2,34,6,1560,2,-1,7,1
2014331401597,1,9,0,18,0,8,2,0,0,0,4,1,6,2,19,4,1248,2,3,7,3
2014331401597,2,9,0,9,0,6,0,0,0,0,1,1,6,1,77,11,2401,2,8,2,1
2014331401598,1,9,0,18,0,0,1,0,0,0,1,1,6,1,31,6,1597,1,15,6,1
2014331401598,2,9,0,4,0,0,0,0,0,0,2,1,6,2,32,6,-1,-1,-1,6,1
2014331401599,1,9,0,5,0,0,0,0,0,0,1,1,6,2,28,6,1598,1,-1,8,1
2014331401599,2,1,0,18,0,0,0,0,0,0,1,1,6,2,9,2,-1,-1,-1,6,1
2014331401599,3,1,0,18,0,0,0,0,0,0,0,1,6,3,-1,-1,-1,-1,-1,-1,-1
2014331401600,1,19,0,18,0,0,0,0,0,0,2,1,6,1,-1,-1,-1,-1,-1,5,1
2014331401600,2,3,0,18,0,0,0,0,0,0,1,1,6,1,19,4,100,1,14,4,2
2014331401601,1,3,0,18,0,0,1,4,0,0,1,1,1,1,20,4,124,1,2,7,3
2014331401601,2,20,0,2,0,0,0,0,0,0,1,1,6,1,24,5,-1,-1,-1,7,3
2014331401601,3,21,4,5,0,0,0,0,0,0,0,1,1,1,45,7,7790,2,7,6,1
2014331401602,1,9,0,17,0,8,1,0,8,4,1,1,6,1,28,6,1364,1,9,10,1
2014331401603,1,9,0,18,0,0,0,0,7,4,3,1,2,2,35,6,1299,1,14,5,1
2014331401604,1,9,0,4,0,0,0,0,0,0,1,1,6,1,87,11,1988,1,20,10,1
2014331401604,2,9,0,4,0,0,0,0,1,0,2,1,6,2,55,8,1896,2,5,10,1
2014331401605,1,9,0,3,0,0,0,0,0,0,2,1,6,2,30,6,1390,1,11,3,1
2014331401605,2,9,0,18,0,0,0,0,0,0,1,1,6,2,39,7,1769,1,8,2,1
2014331401605,3,9,0,4,0,0,0,0,0,0,1,1,6,2,26,6,1299,1,14,1,1
2014331401606,1,9,0,18,0,0,1,0,1,4,4,1,1,2,44,7,1598,1,9,10,1
2014331401607,1,9,0,18,0,1,0,0,0,0,1,1,6,1,26,6,1242,1,15,10,1
2014331401607,2,9,0,4,0,1,0,0,0,0,2,1,6,2,51,8,1598,1,4,5,1
2014331401608,1,9,0,18,0,0,0,0,1,4,1,1,6,1,27,6,1968,2,1,1,1
2014331401608,2,9,0,18,0,0,0,0,1,4,1,1,1,1,27,6,2993,2,3,8,2
2014331401613,1,9,0,18,0,0,0,0,0,0,1,1,6,2,31,6,1984,1,12,4,1
2014331401613,2,9,0,2,0,0,0,0,0,0,2,1,6,3,-1,-1,1686,2,3,-1,-1
2014331401613,3,9,0,2,0,0,0,0,0,0,2,1,6,3,-1,-1,1388,1,17,-1,-1
2014331401614,1,9,0,9,0,5,0,0,0,0,1,1,6,1,35,6,-1,-1,-1,8,1
2014331401615,1,9,0,7,0,5,0,0,0,0,3,1,1,2,66,10,-1,-1,-1,7,3
2014331401615,2,1,0,16,0,8,0,0,0,0,1,1,6,1,60,9,-1,-1,-1,7,2
2014331401616,1,17,4,9,0,5,0,0,0,0,3,1,1,1,20,4,6788,2,-1,10,2
2014331401616,2,9,0,13,0,8,0,0,0,0,1,1,6,1,29,6,1800,1,16,4,1
2014331401617,1,9,0,4,0,0,0,0,0,0,1,1,6,2,53,8,1968,2,1,9,1
2014331401617,2,9,3,18,0,0,3,0,1,10,2,1,6,1,51,8,1598,2,4,2,2
2014331401617,3,9,0,12,0,0,0,0,0,0,0,1,6,3,-1,-1,-1,-1,-1,-1,-1
2014331401618,1,9,0,16,0,0,0,0,1,10,1,1,6,1,29,6,1242,1,12,2,1
2014331401619,1,9,0,18,0,0,0,0,1,9,1,1,6,1,23,5,1390,1,15,7,2
2014331401620,1,9,0,16,0,0,5,0,2,4,4,1,1,1,33,6,1679,1,15,9,1
2014331401621,1,9,0,4,0,0,0,0,0,0,2,1,1,2,42,7,998,1,6,-1,-1
2014331401621,2,9,0,4,0,0,0,0,0,0,1,1,1,2,21,5,1598,1,4,7,1
2014331401622,1,9,0,18,0,2,0,0,0,0,3,1,6,1,43,7,2143,2,4,-1,1