Accident_Index,Vehicle_Reference,Vehicle_Type,Towing_and_Articulation,Vehicle_Manoeuvre,Vehicle_Location-Restricted_Lane,Junction_Location,Skidding_and_Overturning,Hit_Object_in_Carriageway,Vehicle_Leaving_Carriageway,Hit_Object_off_Carriageway,1st_Point_of_Impact,Was_Vehicle_Left_Hand_Drive?,Journey_Purpose_of_Driver,Sex_of_Driver,Age_of_Driver,Age_Band_of_Driver,Engine_Capacity_(CC),Propulsion_Code,Age_of_Vehicle,Driver_IMD_Decile,Driver_Home_Area_Type
2014331401622,2,1,0,18,0,2,0,0,0,0,1,1,6,2,53,8,-1,-1,-1,5,1
2014331401623,1,19,0,4,0,1,0,0,0,0,1,1,6,1,29,6,2198,2,2,6,1
2014331401624,1,9,0,18,0,6,0,0,0,0,1,1,3,2,48,8,1560,2,4,8,1
2014331401624,2,9,0,18,0,8,0,0,0,0,3,1,3,2,36,7,2460,2,10,7,3
2014331401625,1,9,0,3,0,2,0,0,0,0,1,1,1,1,46,8,1984,1,3,6,1
2014331401625,2,9,0,1,0,2,0,0,0,0,2,1,6,1,21,5,1390,1,14,-1,-1
2014331401625,3,9,0,3,0,2,0,0,0,0,1,1,1,1,45,7,2967,2,4,6,1
2014331401625,4,9,0,3,0,1,0,0,0,0,1,1,6,2,33,6,2521,1,4,-1,-1
2014331401626,1,19,0,18,0,0,0,0,0,0,3,1,6,1,37,7,1997,2,10,-1,-1
2014331401626,2,9,0,13,0,0,0,0,0,0,4,1,6,1,23,5,1600,1,9,-1,-1
2014331401627,1,9,0,12,0,4,0,0,0,0,1,1,6,1,-1,-1,-1,-1,-1,-1,-1
2014331401627,2,9,0,18,0,4,0,0,0,0,4,1,6,2,46,8,1998,1,21,-1,-1
2014331401628,1,9,0,18,0,1,0,0,0,0,0,1,1,1,33,6,1686,2,2,-1,-1
2014331401628,2,9,0,18,0,8,0,0,0,0,1,1,6,1,43,7,1360,1,16,-1,-1
2014331401628,3,9,0,9,0,4,0,0,0,0,3,1,6,2,56,9,1997,2,12,9,1
2014331401629,1,9,0,9,0,6,0,0,0,0,3,1,6,1,66,10,-1,-1,-1,9,1
2014331401629,2,1,0,17,0,8,0,0,0,0,1,1,6,1,54,8,-1,-1,-1,-1,-1
2014331401630,1,9,0,18,0,4,0,0,0,0,3,1,6,2,32,6,1598,1,3,1,1
2014331401630,2,9,0,18,0,3,0,0,0,4,4,1,1,1,42,7,1686,2,11,4,1
2014331401631,1,9,0,18,0,3,0,0,0,0,3,1,6,1,77,11,1985,1,24,4,2
2014331401631,2,9,0,18,0,3,0,0,0,0,4,1,6,2,41,7,1587,1,8,-1,-1
2014331401632,1,19,0,12,0,8,0,0,0,0,3,1,6,3,-1,-1,2198,2,3,-1,-1
2014331401632,2,9,0,18,0,8,0,0,0,0,4,1,6,1,69,10,1598,1,8,-1,1
2014331401633,1,8,0,18,0,0,0,0,0,0,3,1,1,1,53,8,2499,2,5,5,1
2014331401634,1,9,0,9,0,8,0,0,0,0,1,1,1,1,26,6,1997,1,13,10,1
2014331401634,2,9,0,18,0,4,0,0,0,0,1,1,6,2,33,6,1341,1,10,9,1
2014331401635,1,9,0,18,0,8,0,0,0,0,1,1,6,1,35,6,1796,1,11,2,1
2014331401635,2,9,0,5,0,6,0,0,0,0,1,1,2,1,49,8,-1,-1,-1,7,1
2014331401636,1,9,0,7,0,3,0,0,0,0,4,1,1,2,32,6,1896,2,8,3,1
2014331401636,2,1,0,9,0,8,0,0,0,0,3,1,6,1,51,8,-1,-1,-1,-1,1
2014331401637,1,9,0,18,0,0,0,4,0,0,4,1,6,2,60,9,996,1,3,8,3
2014331401637,2,9,0,2,0,0,0,0,0,0,3,1,6,3,-1,-1,1368,1,4,-1,-1
2014331401637,3,9,0,2,0,0,0,4,0,0,2,1,6,3,-1,-1,1598,1,4,-1,-1
2014331401637,4,9,0,2,0,0,0,0,0,0,2,1,6,3,-1,-1,-1,-1,-1,-1,-1
2014331401638,1,21,0,18,0,0,0,0,0,0,2,1,1,1,29,6,10837,2,-1,9,2
2014331401638,2,9,0,18,0,0,0,0,1,0,1,1,1,1,60,9,1968,2,2,7,1
2014331401638,3,9,0,18,0,0,5,0,1,0,4,1,1,1,37,7,-1,-1,-1,1,1
2014331401639,1,9,0,4,0,1,0,0,0,0,1,1,6,1,25,5,1896,2,11,-1,-1
2014331401639,2,9,0,4,0,1,0,0,0,0,2,1,6,1,24,5,1598,1,9,10,1
2014331401639,3,9,0,3,0,1,0,0,0,0,2,1,6,3,-1,-1,-1,-1,-1,-1,-1
2014331401640,1,9,0,9,0,6,0,0,0,0,1,1,2,2,41,7,1995,2,5,8,1
2014331401640,2,1,0,18,0,8,0,0,0,0,2,1,6,1,50,8,-1,-1,-1,6,1
2014331401641,1,19,0,4,0,0,0,0,0,0,2,1,6,1,48,8,-1,-1,-1,9,2
2014331401641,2,1,0,18,0,0,0,0,0,0,1,1,6,1,26,6,-1,-1,-1,10,1
2014331401641,3,9,0,18,0,0,0,0,0,0,0,1,6,3,-1,-1,-1,-1,-1,-1,-1
2014331401642,1,5,0,18,0,0,0,12,0,0,1,1,6,1,62,9,999,1,9,8,2
2014331401643,1,9,0,11,0,0,0,0,0,0,4,1,6,2,23,5,-1,-1,-1,3,1
2014331401643,2,21,0,17,0,0,0,0,0,0,3,1,1,1,50,8,-1,-1,-1,-1,-1
2014331401646,1,9,0,18,0,0,0,0,0,0,1,1,1,2,20,4,1242,1,-1,7,3
2014331401646,2,19,0,4,0,0,0,0,0,0,2,1,1,1,55,8,1896,2,15,5,1
2014331401648,1,9,0,8,0,1,0,0,0,0,2,1,6,1,33,6,1560,2,10,1,1
2014331401648,2,9,0,5,0,1,0,0,0,0,1,1,6,2,36,7,1997,2,8,8,1
2014331401649,1,9,0,10,0,8,0,0,0,0,2,1,2,1,21,5,1248,2,4,9,3
2014331401649,2,21,0,4,0,8,1,0,0,0,0,1,1,1,43,7,7146,2,4,-1,-1
2014331401650,1,9,0,18,0,8,0,0,0,0,3,1,6,1,27,6,998,1,14,10,2
2014331401650,2,9,0,9,0,6,0,0,0,0,1,1,6,1,49,8,2993,2,-1,10,1
2014331401651,1,9,0,3,0,1,0,0,0,0,2,1,6,1,54,8,1956,2,2,9,2
2014331401651,2,9,0,4,0,1,0,0,0,0,1,1,6,1,39,7,-1,-1,-1,-1,-1
2014331401652,1,9,0,18,0,2,0,0,0,0,1,1,6,1,88,11,3239,1,19,5,1
2014331401653,1,9,0,18,0,2,0,0,0,0,4,1,6,1,25,5,1124,1,14,-1,-1
2014331401653,2,1,0,18,0,2,0,0,0,0,2,1,2,1,27,6,-1,-1,-1,1,1
2014331401654,1,9,0,4,0,0,0,0,0,0,1,1,1,2,34,6,1686,2,-1,6,1
2014331401654,2,9,0,3,0,0,0,0,0,0,2,1,1,1,42,7,1686,2,1,6,1
2014331401654,3,9,0,3,0,0,0,0,0,0,2,1,1,1,31,6,1686,2,-1,6,1
2014331401655,1,9,0,7,0,5,0,0,0,0,4,1,6,3,-1,-1,-1,-1,-1,-1,-1
2014331401655,2,1,0,4,0,8,1,0,0,0,1,1,6,1,41,7,-1,-1,-1,3,1
2014331401656,1,9,0,3,0,0,0,0,0,0,2,1,1,1,27,6,1461,2,1,-1,-1
2014331401656,2,9,0,3,0,0,0,0,0,0,2,1,6,2,50,8,1248,2,8,4,1
2014331401656,3,9,0,4,0,0,0,0,0,0,1,1,6,1,35,6,1796,1,6,-1,1
2014331401657,1,9,0,4,0,2,0,10,0,0,1,1,6,2,64,9,1769,1,9,4,1
2014331401657,2,9,0,2,0,2,0,0,1,2,2,1,6,3,-1,-1,1388,1,5,-1,-1
2014331401658,1,9,0,1,0,0,0,0,0,0,2,1,6,2,32,6,1598,1,11,1,1
2014331401659,1,9,0,1,0,1,0,0,0,0,3,1,6,2,21,5,1590,1,10,3,1
2014331401659,2,9,0,18,0,2,0,0,0,0,3,1,6,1,42,7,1560,2,8,4,1
2014331401660,1,9,0,13,0,0,0,0,0,0,4,1,6,2,25,5,-1,-1,-1,-1,-1
2014331401660,2,1,0,16,0,0,0,0,0,0,3,1,6,1,27,6,-1,-1,-1,6,1
2014331401661,1,9,0,9,0,4,0,0,0,0,3,1,6,2,37,7,1968,2,7,7,1
2014331401661,2,5,0,18,0,8,0,0,0,0,1,1,1,1,21,5,599,1,13,9,2
2014331401662,1,9,0,9,0,5,0,0,0,0,4,1,1,2,21,5,1242,1,4,3,1
2014331401662,2,1,0,18,0,8,0,0,0,0,1,1,6,1,41,7,-1,-1,-1,-1,1
2014331401663,1,9,0,17,0,0,0,0,1,9,2,1,6,2,64,9,1596,1,6,10,1
2014331401663,2,9,0,17,0,0,0,0,0,0,1,1,6,2,-1,-1,1997,2,5,-1,-1
2014331401664,1,9,0,1,9,6,0,0,0,0,2,1,6,1,80,11,-1,-1,-1,9,1
2014331401665,1,9,0,9,0,5,0,0,0,0,1,1,6,1,55,8,1390,1,12,-1,-1
2014331401665,2,9,0,18,0,8,0,0,1,1,1,1,6,1,30,6,-1,-1,-1,9,1
2014331401666,1,9,0,5,0,1,0,0,0,0,1,1,2,1,22,5,1229,1,7,2,1
2014331401666,2,9,0,3,0,1,0,0,0,0,2,1,1,2,51,8,1560,2,2,10,1
2014331401667,1,9,0,18,0,8,0,0,0,0,1,1,1,2,24,5,1397,1,6,3,1
2014331401667,2,9,0,10,0,8,0,0,0,0,2,1,1,1,51,8,-1,-1,-1,10,1
2014331401668,1,21,1,18,0,0,1,0,7,6,1,1,1,1,64,9,11705,2,6,5,1
2014331401668,2,21,1,18,0,0,0,0,0,0,2,1,1,1,40,7,12740,2,3,5,3
2014331401668,3,9,0,18,0,0,0,11,0,0,1,1,2,2,24,5,1242,1,3,3,1
2014331401668,4,19,0,18,0,0,0,11,0,0,1,1,6,1,40,7,1870,2,10,-1,-1
2014331401669,1,11,0,4,0,2,0,0,0,0,0,1,1,2,50,8,4250,2,11,10,1
2014331401670,1,9,0,18,0,0,0,0,0,0,1,1,6,1,34,6,1686,2,4,6,1
2014331401670,2,9,0,3,0,0,0,0,0,0,2,1,6,2,30,6,1248,1,1,4,1
2014331401670,3,9,0,3,0,0,0,0,0,0,2,1,1,1,33,6,-1,-1,-1,3,1
2014331401671,1,9,0,3,0,4,0,0,0,0,2,1,1,2,17,4,1398,2,-1,7,2
2014331401671,2,9,0,5,0,4,0,0,0,0,1,1,6,2,56,9,1598,1,4,10,1
2014331401672,1,9,0,17,0,8,0,0,0,0,4,1,6,1,37,7,4398,1,10,10,1
2014331401672,2,9,0,9,0,5,0,0,0,0,1,1,2,1,29,6,-1,-1,-1,10,2
2014331401672,3,9,0,10,0,1,0,0,0,0,3,1,2,1,46,8,2993,2,5,9,3
2014331401673,1,1,0,4,0,8,0,0,0,0,4,1,6,1,46,8,-1,-1,-1,9,2
2014331401673,2,1,0,7,0,8,0,8,0,0,1,1,6,1,25,5,-1,-1,-1,-1,-1
2014331401674,1,11,0,4,0,1,0,0,0,0,0,1,1,1,33,6,3900,2,9,6,1
2014331401674,2,9,0,9,0,5,0,0,0,0,0,1,6,1,-1,-1,-1,-1,-1,-1,-1
2014331401675,1,19,0,7,0,6,0,0,0,0,3,1,6,2,30,6,-1,-1,-1,-1,-1
2014331401675,2,1,0,18,0,8,0,0,0,0,1,1,2,1,28,6,-1,-1,-1,3,1
2014331401676,1,9,0,10,0,1,0,0,0,0,3,1,1,2,30,6,-1,-1,-1,3,1
2014331401676,2,1,0,18,0,6,0,0,0,0,1,1,6,1,37,7,-1,-1,-1,-1,-1
2014331401677,1,9,0,4,0,0,0,0,0,0,2,1,2,2,47,8,1997,2,1,-1,-1
2014331401677,2,9,0,4,0,0,0,0,0,0,2,1,2,2,38,7,1896,2,10,4,1
2014331401677,3,9,0,4,0,0,0,0,0,0,1,1,2,1,43,7,1686,2,3,-1,1
2014331401678,1,21,1,9,0,6,0,0,0,0,3,1,1,1,42,7,4461,2,2,-1,-1
2014331401678,2,9,0,18,0,8,0,0,0,0,1,1,1,2,55,8,1997,2,1,5,1
2014331401679,1,21,0,9,0,5,0,0,0,0,1,1,1,1,63,9,12900,2,2,5,2
2014331401679,2,9,0,17,0,8,0,10,1,2,1,1,6,1,18,4,1998,1,19,7,3
2014331401680,1,9,0,4,0,8,1,0,0,0,1,1,2,2,27,6,998,1,1,-1,-1
2014331401680,2,9,0,4,0,8,0,0,0,0,2,1,6,3,-1,-1,-1,-1,-1,-1,-1
2014331401681,1,9,0,18,0,8,0,0,0,0,4,1,1,1,50,8,1242,1,15,7,3
2014331401681,2,9,0,9,0,6,0,0,0,0,1,1,1,2,33,6,1598,2,1,10,1
2014331401682,1,8,0,18,0,1,0,0,0,0,1,1,3,1,33,6,1968,2,7,1,1
2014331401682,2,9,0,3,0,1,0,0,0,0,2,1,6,2,39,7,998,1,2,7,1
2014331401682,3,9,0,8,0,1,0,0,0,0,1,1,6,2,49,8,1400,1,14,10,1
2014331401683,1,9,0,18,0,0,0,0,0,0,1,1,6,2,-1,-1,-1,-1,-1,-1,-1
2014331401684,1,9,0,18,0,0,0,0,0,0,3,1,6,1,46,8,1422,2,6,-1,-1
2014331401684,2,21,1,18,0,0,0,0,0,0,3,1,1,1,55,8,12900,2,5,-1,-1
2014331401688,1,9,0,5,0,0,0,0,0,0,4,1,6,3,-1,-1,-1,-1,-1,-1,-1
2014331401688,2,5,0,18,0,0,1,0,0,0,3,1,1,1,26,6,781,1,12,5,1
2014331401689,1,9,0,9,0,8,1,0,0,0,3,1,2,1,51,8,1995,2,10,-1,1
2014331401689,2,9,0,11,0,5,0,0,0,0,1,1,1,1,24,5,2198,2,5,7,1
2014331401690,1,9,0,5,0,6,0,0,0,0,1,1,6,2,22,5,1598,1,6,6,1
2014331401690,2,9,0,18,0,8,0,0,0,0,1,1,6,1,26,6,2148,2,12,6,1
2014331401691,1,9,0,4,0,1,0,0,0,0,2,1,6,1,34,6,2500,1,14,-1,-1
2014331401691,2,9,0,18,0,1,0,0,0,0,1,1,6,1,46,8,-1,-1,-1,7,1
2014331401692,1,3,0,18,0,5,1,0,0,0,2,1,1,2,18,4,125,1,-1,-1,-1
2014331401693,1,9,0,18,0,8,0,0,0,0,4,1,1,1,64,9,-1,-1,-1,7,1
2014331401693,2,1,0,18,0,6,0,0,0,0,1,1,6,1,15,3,-1,-1,-1,-1,-1
2014331401694,1,21,1,7,0,3,0,0,0,0,1,1,1,1,45,7,-1,-1,-1,-1,-1
2014331401694,2,9,0,7,0,3,0,0,1,0,4,1,1,2,42,7,1598,1,4,6,1
2014331401695,1,3,0,18,0,1,0,10,0,0,1,1,1,1,51,8,124,1,6,6,1
2014331401695,2,9,0,18,0,2,0,0,0,0,0,1,6,1,20,4,-1,-1,-1,8,1
2014331401696,1,9,0,17,0,0,0,0,0,0,3,1,6,2,35,6,1995,2,3,4,2
2014331401696,2,19,0,16,0,0,0,0,0,0,3,1,6,1,-1,-1,2198,2,4,-1,-1
2014331401697,1,9,0,18,0,3,1,10,7,11,1,1,6,1,23,5,1124,1,12,7,1
2014331401698,1,98,0,18,0,4,0,0,0,0,1,1,1,1,56,9,11021,2,11,9,1
2014331401698,2,9,0,18,0,8,0,0,0,0,4,1,6,2,19,4,998,1,7,9,1
2014331401699,1,9,0,4,0,0,1,0,1,0,1,1,6,1,30,6,1560,2,1,9,1
2014331401699,2,5,0,18,0,0,0,0,2,0,2,1,6,1,47,8,675,1,3,6,1
2014331401700,1,9,0,7,0,6,0,0,0,0,1,1,6,1,23,5,1896,2,6,5,1
2014331401700,2,9,0,18,0,8,0,0,0,0,4,1,6,1,40,7,1995,2,2,8,1
2014331401701,1,9,0,9,0,6,0,0,0,0,3,1,2,2,25,5,1590,1,10,5,1
2014331401701,2,9,0,18,0,8,0,0,0,0,1,1,1,1,41,7,-1,-1,-1,-1,1
2014331401702,1,1,0,18,0,1,0,0,0,0,3,1,6,1,16,4,-1,-1,-1,-1,-1
2014331401703,1,11,0,4,0,0,0,0,0,0,1,1,1,1,57,9,-1,-1,-1,5,1
2014331401703,2,1,0,3,0,0,0,0,0,0,2,1,6,1,20,4,-1,-1,-1,2,1
2014331401704,1,9,0,9,0,6,0,0,0,0,3,1,1,1,38,7,1749,1,12,3,2
2014331401704,2,3,0,18,0,8,0,0,0,0,1,1,2,1,20,4,124,1,2,10,1
2014331401705,1,9,0,9,0,5,0,0,0,0,3,1,6,2,56,9,-1,-1,-1,3,1
2014331401705,2,1,0,13,0,8,1,0,0,0,1,1,2,1,37,7,-1,-1,-1,-1,1
2014331401706,1,9,0,18,0,4,0,0,0,0,3,1,6,1,78,11,1388,1,12,9,3
2014331401706,2,1,0,18,0,8,0,0,0,0,1,1,6,1,53,8,-1,-1,-1,8,3
2014331401707,1,19,0,18,0,0,0,0,0,0,1,1,1,1,24,5,-1,-1,-1,10,2
2014331401707,2,21,1,18,0,0,1,0,7,4,1,1,1,1,35,6,11705,2,5,5,1
2014331401707,3,19,0,18,0,0,0,0,1,9,3,1,1,1,35,6,2143,2,2,9,1
2014331401709,1,9,0,16,0,8,0,0,0,0,1,1,6,2,47,8,1598,1,15,-1,1
2014331401709,2,9,0,17,0,8,0,0,0,0,1,1,6,1,29,6,2497,2,10,-1,-1
2014331401710,1,9,0,9,0,6,0,0,0,0,1,1,1,1,22,5,-1,-1,-1,-1,-1
2014331401710,2,19,0,18,0,8,0,0,0,0,1,1,2,1,25,5,-1,-1,-1,-1,-1
2014331401711,1,9,0,18,0,6,0,0,0,0,4,1,6,1,74,10,1598,1,11,10,1
2014331401711,2,9,0,18,0,8,0,0,1,1,1,1,6,1,42,7,1399,2,3,9,2
2014331401712,1,9,0,18,0,8,0,0,0,0,1,1,6,1,22,5,1461,2,10,5,1
2014331401712,2,9,0,9,0,5,0,0,0,0,1,1,6,1,-1,-1,1242,1,14,5,1
2014331401713,1,9,0,4,0,6,1,0,0,0,1,1,6,2,29,6,1995,2,11,6,1
2014331401713,2,9,0,18,0,8,0,0,0,0,1,1,1,2,60,9,-1,-1,-1,-1,-1
2014331401714,1,9,0,18,0,0,1,4,0,0,1,1,6,1,30,6,1596,1,13,3,1
2014331401714,2,9,0,2,0,0,0,0,0,0,4,1,6,3,-1,-1,1598,1,5,-1,-1
2014331401715,1,9,0,12,0,8,0,0,0,0,1,1,6,2,26,6,1596,1,13,-1,-1
2014331401715,2,9,0,18,0,8,0,0,0,0,2,1,6,2,23,5,-1,-1,-1,9,3
2014331401716,1,9,0,18,0,8,0,0,0,0,1,1,6,1,45,7,1598,1,8,3,1
2014331401716,2,19,0,1,0,6,0,0,7,11,2,1,6,1,32,6,2151,2,11,2,1
2014331401723,1,9,0,4,0,8,0,0,0,0,1,1,6,1,19,4,1596,1,10,10,2
2014331401723,2,9,0,10,0,8,0,0,0,0,2,1,6,1,29,6,1364,1,7,8,2
2014331401724,1,19,0,2,6,2,0,0,0,0,3,1,1,1,42,7,2143,2,-1,-1,-1
2014331401724,2,9,0,18,6,2,1,4,0,0,1,1,6,1,-1,-1,3596,1,12,-1,-1
2014331401725,1,9,0,4,0,6,0,0,0,0,3,1,2,1,25,5,1596,1,12,7,1
2014331401725,2,2,0,4,0,8,0,0,0,0,1,1,6,1,16,4,49,1,-1,10,1
2014331401726,1,9,0,18,0,1,0,0,0,0,4,1,6,3,-1,-1,1598,1,13,-1,-1
2014331401727,1,9,0,3,0,0,0,0,0,0,2,1,6,1,46,8,1586,1,6,6,1
2014331401727,2,9,0,18,0,0,0,0,0,0,1,1,6,3,-1,-1,1900,2,16,-1,-1
2014331401729,1,9,0,17,0,0,1,10,7,10,4,1,1,2,27,6,1242,1,7,9,1
2014331401729,2,9,0,18,0,0,0,0,0,0,1,1,3,2,49,8,-1,-1,-1,7,3
2014331401730,1,9,0,18,0,1,0,0,0,0,1,1,2,1,35,6,1124,1,13,1,1
2014331401730,2,9,0,3,0,1,0,0,0,0,2,1,2,2,60,9,1242,1,11,2,1
2014331401731,1,9,0,7,0,5,0,0,0,0,4,1,1,2,26,6,1598,1,11,5,1
2014331401731,2,1,0,18,0,8,0,0,0,0,3,1,2,1,44,7,-1,-1,-1,5,1
2014331401732,1,9,0,18,0,8,0,0,0,0,1,1,2,1,40,7,1598,1,4,6,1
2014331401732,2,1,0,18,0,6,0,0,0,0,1,1,6,1,18,4,-1,-1,-1,5,2
2014331401733,1,9,0,17,0,0,1,0,7,10,1,1,6,1,20,4,1396,1,14,1,1
2014331401734,1,9,0,5,0,0,0,0,0,0,1,1,2,1,39,7,1686,2,9,-1,1
2014331401734,2,1,0,9,0,0,0,0,0,0,1,1,6,1,6,2,-1,-1,-1,1,1
2014331401735,1,9,0,6,0,8,0,0,0,0,3,1,6,1,53,8,1796,1,5,5,1
2014331401735,2,3,0,18,0,4,0,0,0,0,1,1,6,1,18,4,124,1,-1,5,1
2014331401736,1,9,0,18,0,8,0,0,0,0,1,1,6,1,90,11,1299,1,12,9,1
2014331401736,2,9,0,9,0,5,0,0,0,0,2,1,6,1,70,10,1997,2,3,10,1
2014331401737,1,9,0,2,0,0,0,0,0,0,3,1,6,1,40,7,1389,1,11,2,1
2014331401737,2,1,0,18,0,0,0,8,0,0,1,1,6,1,40,7,-1,-1,-1,2,1
2014331401738,1,11,0,18,0,8,0,0,7,11,4,1,1,1,58,9,7300,2,6,8,1
2014331401738,2,17,0,9,0,6,0,0,0,0,1,1,1,1,50,8,9000,2,1,8,3
2014331401739,1,9,0,7,0,6,0,0,0,0,1,1,6,1,22,5,1242,1,12,2,1
2014331401739,2,9,0,18,0,8,0,0,0,0,4,1,6,2,35,6,1598,1,6,5,1
2014331401740,1,9,0,18,9,6,0,0,0,0,4,1,6,1,-1,-1,1248,1,4,-1,-1
2014331401741,1,1,0,14,0,2,0,0,0,0,1,1,2,2,53,8,-1,-1,-1,5,1
2014331401742,1,9,0,9,0,5,0,0,0,0,2,1,6,2,59,9,1242,1,10,6,1
2014331401742,2,97,0,18,0,8,0,0,0,0,2,1,6,1,81,11,498,1,58,9,1
2014331401743,1,9,0,18,0,0,0,0,0,0,1,1,6,3,-1,-1,-1,-1,-1,-1,-1
2014331401743,2,9,0,2,0,0,0,0,0,0,2,1,1,1,45,7,1896,2,4,10,1
2014331401744,1,9,0,18,0,8,0,0,0,0,1,1,6,2,22,5,1199,1,10,10,1
2014331401744,2,9,0,9,0,5,0,0,0,0,1,1,6,2,47,8,1986,2,8,6,3
2014331401745,1,9,0,4,0,1,0,0,0,0,2,1,6,1,29,6,1364,1,5,5,1
2014331401745,2,9,0,4,0,1,0,0,0,0,1,1,6,1,-1,-1,1997,2,13,-1,-1
2014331401745,3,9,0,4,0,1,0,0,0,0,1,1,6,1,18,4,1124,1,14,8,1
2014331401746,1,9,0,5,0,1,0,0,0,0,1,1,1,2,25,5,1299,1,16,7,1
2014331401746,2,5,0,3,0,1,0,0,0,0,2,1,1,1,49,8,647,1,11,4,1
2014331401747,1,9,0,18,0,1,0,4,0,0,1,1,6,1,28,6,1596,1,12,7,1
2014331401748,1,9,0,16,0,0,0,0,0,0,1,1,6,1,55,8,1753,2,12,2,1
2014331401748,2,9,0,17,0,0,0,0,0,0,1,1,6,2,51,8,2204,2,7,5,1
2014331401749,1,9,0,18,0,4,0,0,0,0,1,1,2,1,29,6,-1,-1,-1,5,1
2014331401749,2,1,0,18,0,8,0,0,0,0,1,1,2,1,63,9,-1,-1,-1,7,3
2014331401750,1,9,0,9,0,6,0,0,0,0,1,1,6,1,59,9,1598,1,4,7,1
2014331401750,2,4,0,14,0,8,0,0,0,0,1,1,6,1,23,5,498,1,10,7,1
2014331401751,1,9,0,9,0,5,0,0,0,0,4,1,2,1,46,8,1396,1,11,1,1
2014331401751,2,9,0,18,0,8,0,0,0,0,1,1,6,2,52,8,1461,2,9,7,1
2014331401751,3,9,0,18,0,8,0,0,0,0,1,1,6,1,50,8,1399,2,3,8,2
2014331401752,1,9,0,3,0,1,0,0,0,0,2,1,6,2,61,9,1242,1,6,2,1
2014331401752,2,9,0,5,0,1,0,0,0,0,1,1,6,1,41,7,1397,1,6,9,2
2014331401753,1,9,0,18,0,2,0,0,0,0,1,1,6,2,26,6,1796,1,13,4,1
2014331401753,2,9,0,4,0,2,0,0,0,0,2,1,6,1,44,7,2987,2,2,8,1
2014331401754,1,9,0,18,0,2,0,0,0,0,1,1,6,1,22,5,998,1,14,9,1
2014331401754,2,9,0,4,0,2,0,0,0,0,2,1,6,2,34,6,1599,1,6,4,1
2014331401755,1,9,0,5,0,6,0,0,0,0,1,1,6,1,48,8,1796,1,14,1,1
2014331401755,2,9,0,18,0,8,0,0,7,0,3,1,2,2,32,6,1984,1,7,8,1
2014331401756,1,9,0,16,0,0,0,0,1,0,4,1,6,2,21,5,1299,1,15,9,2
2014331401757,1,9,0,18,0,4,0,0,0,0,0,1,6,3,-1,-1,-1,-1,-1,-1,-1
2014331401757,2,21,1,9,0,8,5,0,0,0,4,1,1,1,31,6,10518,2,8,5,2
2014331401758,1,9,0,18,0,0,0,0,0,0,4,1,3,2,24,5,1988,1,13,-1,-1
2014331401759,1,9,0,16,0,0,0,0,0,0,4,1,6,1,69,10,1995,1,12,4,1
2014331401760,1,1,0,9,0,5,0,0,0,0,1,1,6,1,15,3,-1,-1,-1,4,1
2014331401760,2,19,0,9,0,6,0,0,0,0,4,1,6,1,-1,-1,1995,2,1,-1,-1
2014331401761,1,9,0,4,0,1,0,0,0,0,1,1,6,1,47,8,2926,2,13,1,1
2014331401761,2,1,0,4,0,6,0,0,0,0,1,1,6,1,23,5,-1,-1,-1,-1,-1
2014331401762,1,9,0,18,0,0,0,0,0,0,4,1,6,1,33,6,-1,-1,-1,-1,-1
2014331401763,1,1,0,18,0,8,0,0,0,0,4,1,2,1,24,5,-1,-1,-1,-1,-1
2014331401763,2,9,0,18,0,4,0,0,0,0,1,1,6,2,-1,-1,-1,-1,-1,-1,-1
2014331401764,1,9,0,18,0,1,0,0,0,0,1,1,6,1,64,9,1995,1,7,-1,-1
2014331401764,2,9,0,3,0,1,0,0,0,0,2,1,6,2,28,6,-1,-1,-1,-1,-1
2014331401764,3,9,0,10,0,8,0,0,0,0,2,1,6,2,42,7,1796,1,11,-1,-1
2014331401765,1,8,0,2,0,0,0,0,0,0,0,1,1,1,54,8,-1,-1,-1,-1,-1
2014331401765,2,9,0,18,0,0,0,0,0,0,1,1,6,1,-1,-1,-1,-1,-1,-1,-1
2014331401766,1,9,0,8,0,1,0,0,0,0,2,1,6,1,30,6,1753,2,10,-1,-1
2014331401767,1,9,0,18,0,0,0,0,7,0,1,1,1,1,41,7,-1,-1,-1,7,1
2014331401767,2,9,0,18,0,0,5,10,0,0,1,1,6,1,48,8,4367,2,-1,7,3
2014331401767,3,9,0,2,0,0,0,0,0,0,3,1,6,2,29,6,1796,1,14,7,1
2014331401768,1,8,0,18,0,8,0,0,0,0,1,1,2,1,43,7,1497,1,13,4,1
2014331401768,2,8,0,5,0,5,0,0,7,10,4,1,1,1,41,7,1560,2,8,5,1
2014331401769,1,9,0,18,0,8,0,7,0,0,1,1,6,1,38,7,1781,1,10,8,1
2014331401769,2,9,0,18,0,8,0,7,0,0,2,1,6,1,20,4,1995,2,3,5,1
2014331401769,3,90,0,18,0,8,0,0,0,0,0,1,1,3,-1,-1,-1,-1,-1,-1,-1
2014331401770,1,9,0,9,0,5,0,0,0,0,4,1,6,1,52,8,1769,1,12,3,1
2014331401770,2,9,0,18,0,8,0,0,0,0,1,1,6,1,23,5,1596,1,8,1,1