Accident_Index,Vehicle_Reference,Vehicle_Type,Towing_and_Articulation,Vehicle_Manoeuvre,Vehicle_Location-Restricted_Lane,Junction_Location,Skidding_and_Overturning,Hit_Object_in_Carriageway,Vehicle_Leaving_Carriageway,Hit_Object_off_Carriageway,1st_Point_of_Impact,Was_Vehicle_Left_Hand_Drive?,Journey_Purpose_of_Driver,Sex_of_Driver,Age_of_Driver,Age_Band_of_Driver,Engine_Capacity_(CC),Propulsion_Code,Age_of_Vehicle,Driver_IMD_Decile,Driver_Home_Area_Type
2014331401916,2,4,0,18,0,3,0,0,0,0,3,1,6,1,21,5,487,1,15,10,1
2014331401917,1,9,0,18,0,2,0,0,0,0,1,1,6,2,-1,-1,-1,-1,-1,-1,-1
2014331401917,2,1,0,5,0,6,0,0,0,0,3,1,3,1,13,3,-1,-1,-1,1,1
2014331401919,1,9,0,18,0,1,0,0,0,0,1,1,1,1,59,9,1753,2,6,-1,1
2014331401920,1,9,0,9,0,5,0,7,0,0,1,1,6,1,50,8,-1,-1,-1,-1,-1
2014331401920,2,21,0,10,0,1,0,0,0,0,1,1,6,1,54,8,9290,2,-1,-1,-1
2014331401920,3,9,0,18,0,8,0,0,0,0,1,1,6,1,37,7,1390,1,5,-1,-1
2014331401921,1,9,0,9,0,5,0,0,0,0,4,1,6,2,84,11,1242,1,5,-1,-1
2014331401921,2,9,0,18,0,8,0,0,0,0,1,1,1,1,54,8,1598,1,3,-1,-1
2014331401922,1,9,0,5,0,0,0,0,0,0,1,1,6,1,17,4,-1,-1,-1,8,1
2014331401922,2,2,0,18,0,0,0,0,0,0,1,1,6,1,17,4,49,1,8,-1,-1
2014331401923,1,9,0,4,0,1,0,0,0,0,1,1,6,2,58,9,-1,-1,-1,3,1
2014331401924,1,9,0,18,0,1,0,0,0,0,4,1,6,2,30,6,-1,-1,-1,-1,-1
2014331401924,2,9,0,2,0,1,0,0,0,0,0,1,6,3,-1,-1,-1,-1,-1,-1,-1
2014331401925,1,9,0,18,0,0,0,0,0,0,1,1,6,1,71,10,1956,2,-1,4,1
2014331401925,2,9,0,18,0,0,0,0,0,0,1,1,6,2,37,7,1896,2,9,7,1
2014331401925,3,9,0,3,0,0,0,0,0,0,2,1,6,1,49,8,1984,1,8,4,1
2014331401926,1,9,0,18,0,2,0,4,0,0,1,1,6,1,69,10,1598,1,5,4,1
2014331401926,2,9,0,2,0,2,0,4,0,0,2,1,6,1,36,7,1328,1,10,-1,-1
2014331401926,3,9,0,2,0,2,0,0,0,0,2,1,6,2,29,6,1390,1,13,2,1
2014331401927,1,9,0,9,0,5,0,0,0,0,1,1,1,2,51,8,2993,2,3,-1,3
2014331401927,2,9,0,17,0,8,0,0,0,0,1,1,1,2,38,7,1600,2,3,8,1
2014331401928,1,9,0,16,0,0,1,0,7,4,1,1,3,2,34,6,1468,1,15,-1,1
2014331401929,1,9,0,18,0,0,0,0,0,0,1,1,6,2,28,6,1560,2,9,8,1
2014331401930,1,19,0,9,0,6,0,10,0,0,1,1,6,1,24,5,1686,2,10,5,1
2014331401930,2,9,0,5,0,8,0,0,0,0,1,1,6,1,36,7,1497,1,9,2,1
2014331401931,1,9,0,18,0,0,0,0,0,0,1,1,2,2,33,6,1998,1,9,9,3
2014331401931,2,9,0,18,0,0,0,0,0,0,2,1,2,1,48,8,1839,1,11,4,1
2014331401931,3,9,0,3,0,0,0,0,0,0,2,1,2,2,46,8,1343,1,9,7,1
2014331401932,1,9,0,18,0,6,0,0,0,0,3,1,6,2,53,8,1560,2,2,2,1
2014331401932,2,9,0,4,0,8,0,0,0,0,1,1,6,1,27,6,1598,1,11,10,1
2014331401933,1,9,0,9,0,6,0,0,0,0,3,1,6,1,66,10,3960,1,18,9,3
2014331401933,2,5,0,18,0,8,0,0,0,0,1,1,6,1,31,6,599,1,14,1,1
2014331401934,1,9,0,18,0,8,0,0,0,0,1,1,6,2,54,8,1299,1,12,7,1
2014331401934,2,9,0,5,0,6,0,0,0,0,3,1,6,1,-1,-1,-1,-1,-1,6,3
2014331401935,1,9,0,9,0,6,0,0,0,0,2,1,2,1,41,7,1800,1,15,2,1
2014331401935,2,9,0,4,0,8,1,0,0,0,0,1,2,1,73,10,1999,2,-1,6,1
2014331401936,1,9,0,4,0,1,0,0,0,0,2,1,6,1,57,9,2987,2,6,8,1
2014331401936,2,21,0,18,0,1,0,0,0,0,1,1,1,1,38,7,11946,2,7,6,1
2014331401937,1,9,0,17,0,0,0,0,1,9,4,1,6,2,28,6,1598,1,10,8,2
2014331401938,1,21,1,18,0,8,0,0,0,0,4,1,1,1,39,7,11967,2,1,6,1
2014331401938,2,9,0,12,0,6,1,0,7,6,3,1,1,1,45,7,1360,1,10,9,1
2014331401938,3,9,0,18,0,8,0,0,0,0,1,1,1,1,62,9,1997,2,3,8,3
2014331401939,1,9,0,18,0,6,0,0,0,0,1,1,6,1,56,9,1560,2,7,-1,-1
2014331401939,2,9,0,18,0,8,0,0,0,0,3,1,6,1,31,6,1795,1,11,5,1
2014331401940,1,9,0,10,0,8,0,0,0,0,2,1,6,1,54,8,1984,1,1,9,1
2014331401940,2,9,0,3,0,1,0,0,0,0,2,1,6,2,20,4,1364,1,8,1,1
2014331401940,3,9,0,3,0,1,0,0,0,0,2,1,6,1,43,7,1989,1,14,7,2
2014331401940,4,9,0,4,0,1,1,0,0,0,1,1,6,1,23,5,2720,2,8,8,1
2014331401941,1,9,0,18,0,8,0,0,0,0,1,1,1,2,30,6,1796,1,14,6,1
2014331401941,2,9,0,18,0,8,0,0,0,0,2,1,1,1,50,8,-1,-1,-1,9,1
2014331401941,3,9,0,10,0,8,0,0,0,0,3,1,1,1,38,7,-1,-1,-1,8,2
2014331401942,1,19,0,18,0,2,0,0,0,0,3,1,6,3,-1,-1,-1,-1,-1,-1,-1
2014331401943,1,1,0,18,0,1,0,0,0,0,1,1,2,1,24,5,-1,-1,-1,3,1
2014331401943,2,9,0,5,0,1,0,0,0,0,3,1,6,3,-1,-1,-1,-1,-1,-1,-1
2014331401944,1,9,0,18,0,0,1,0,8,6,1,1,2,1,38,7,2148,2,6,7,1
2014331401944,2,9,0,18,0,0,0,0,0,0,1,1,2,1,51,8,1870,2,9,6,1
2014331401944,3,19,0,18,0,0,0,0,0,0,1,1,1,1,48,8,2198,2,-1,-1,-1
2014331401945,1,9,0,18,0,0,0,0,0,0,1,1,6,1,40,7,-1,-1,-1,-1,-1
2014331401945,2,1,0,4,0,0,0,0,0,0,2,1,6,1,43,7,-1,-1,-1,1,1
2014331401946,1,9,0,7,0,6,0,0,0,0,3,1,6,1,18,4,1753,2,12,7,2
2014331401946,2,9,0,18,0,8,0,0,0,0,1,1,6,1,-1,-1,-1,-1,-1,-1,-1
2014331401947,1,9,0,18,0,8,0,0,0,0,1,1,6,2,20,4,1590,1,11,-1,-1
2014331401947,2,9,0,10,0,8,0,0,0,0,2,1,6,1,32,6,1997,1,10,1,1
2014331401948,1,9,0,7,0,5,0,0,0,0,1,1,3,2,20,4,1149,1,13,-1,1
2014331401948,2,1,0,18,0,8,0,0,0,0,1,1,6,2,29,6,-1,-1,-1,4,1
2014331401949,1,9,0,18,0,0,0,0,1,0,1,1,6,1,54,8,1997,2,11,2,1
2014331401949,2,9,0,18,0,0,0,0,0,0,0,1,6,3,-1,-1,-1,-1,-1,-1,-1
2014331401952,1,5,0,16,0,0,0,0,7,1,1,1,1,1,57,9,1043,1,2,-1,1
2014331401953,1,9,0,16,0,0,1,6,0,0,3,1,2,1,32,6,1599,1,14,5,1
2014331401953,2,9,0,17,0,0,1,6,0,0,3,1,6,1,51,8,-1,-1,-1,5,1
2014331401954,1,9,0,13,0,8,0,0,0,0,3,1,6,2,21,5,1242,1,1,9,2
2014331401954,2,2,0,9,0,5,0,0,0,0,4,1,6,1,16,4,49,1,9,5,2
2014331401955,1,21,1,9,0,5,0,0,0,0,1,1,1,1,72,10,10824,2,8,7,1
2014331401955,2,3,0,18,0,8,0,0,1,0,1,1,2,1,28,6,125,1,2,3,1
2014331401956,1,9,0,18,0,0,2,0,1,10,1,1,6,1,27,6,-1,-1,-1,3,1
2014331401956,2,9,0,2,6,0,0,0,0,0,0,1,1,1,23,5,-1,-1,-1,6,3
2014331401957,1,9,0,2,0,0,0,0,0,0,3,1,1,2,-1,-1,1995,2,10,-1,-1
2014331401957,2,1,0,18,0,0,0,8,0,0,4,1,6,1,51,8,-1,-1,-1,-1,-1
2014331401957,3,9,0,13,0,0,0,0,0,0,4,1,6,1,-1,-1,-1,-1,-1,-1,-1
2014331401958,1,9,0,16,0,0,0,0,0,0,1,1,6,3,-1,-1,-1,-1,-1,-1,-1
2014331401959,1,9,0,11,0,1,0,0,0,0,4,1,6,2,-1,-1,2199,2,4,-1,-1
2014331401959,2,3,0,18,0,1,0,0,0,0,3,1,6,1,20,4,-1,-1,-1,5,1
2014331401960,1,9,0,7,0,5,0,0,0,0,4,1,6,1,74,10,1582,2,2,8,1
2014331401960,2,1,0,18,0,8,0,0,0,0,3,1,6,1,41,7,-1,-1,-1,10,2
2014331401961,1,9,0,18,0,8,0,0,0,0,4,1,2,2,20,4,1124,1,11,3,1
2014331401961,2,9,0,18,0,6,0,0,0,0,1,1,6,1,21,5,1590,1,13,1,1
2014331401961,3,9,0,2,0,2,0,0,0,0,2,1,6,3,-1,-1,1796,2,1,-1,-1
2014331401962,1,9,0,3,0,0,0,0,0,0,2,1,6,2,29,6,1910,2,6,4,1
2014331401962,2,9,0,3,0,0,0,0,0,0,2,1,6,1,65,9,1229,1,10,9,3
2014331401962,3,9,0,18,0,0,0,0,0,0,1,1,2,2,28,6,2495,2,11,-1,-1
2014331401963,1,19,0,1,0,1,0,0,0,0,2,1,2,1,29,6,2500,2,9,-1,-1
2014331401964,1,9,0,9,0,5,0,0,0,0,1,1,6,1,21,5,1598,2,4,10,1
2014331401964,2,1,0,18,0,8,0,0,0,0,1,1,6,1,45,7,-1,-1,-1,9,1
2014331401965,1,9,0,18,0,0,2,0,4,0,1,1,1,2,30,6,1998,1,10,6,1
2014331401965,2,9,0,18,0,0,0,0,0,0,1,1,1,1,30,6,-1,-1,-1,3,1
2014331401966,1,9,0,18,0,8,0,0,0,0,1,1,6,3,-1,-1,-1,-1,-1,-1,-1
2014331401966,2,1,0,18,0,8,0,0,0,0,1,1,2,1,34,6,-1,-1,-1,1,1
2014331401967,1,9,0,18,0,8,0,0,0,0,1,1,1,1,40,7,1686,2,-1,9,2
2014331401967,2,1,0,18,0,6,0,0,0,0,1,1,6,1,14,3,-1,-1,-1,7,2
2014331401968,1,9,0,4,0,8,1,0,0,0,1,1,6,1,39,7,1598,1,1,10,1
2014331401968,2,9,0,18,0,8,0,0,0,0,1,1,6,2,38,7,1398,1,2,7,3
2014331401968,3,9,0,18,0,8,0,0,0,0,1,1,1,1,38,7,1364,2,7,10,1
2014331401969,1,1,0,18,0,8,0,0,0,0,4,1,6,1,65,9,-1,-1,-1,-1,-1
2014331401969,2,9,0,18,0,4,0,0,0,0,1,1,6,2,68,10,1364,1,9,9,1
2014331401970,1,3,0,18,0,0,0,0,0,0,1,1,6,1,26,6,125,1,-1,4,1
2014331401970,2,98,0,4,0,0,1,0,0,0,2,1,6,3,-1,-1,-1,-1,-1,-1,-1
2014331401971,1,21,1,6,0,8,0,0,0,0,0,1,1,1,47,8,12777,2,3,7,1
2014331401971,2,9,0,18,0,8,1,7,1,10,1,1,1,1,53,8,-1,-1,-1,6,3
2014331401972,1,9,0,13,0,0,2,0,0,0,1,1,6,1,41,7,3199,1,10,4,1
2014331401972,2,9,0,18,0,0,0,0,0,0,2,1,6,1,34,6,2993,2,6,5,1
2014331401973,1,9,0,11,0,2,2,0,1,0,2,1,2,1,38,7,998,1,14,8,1
2014331401973,2,21,1,18,0,2,0,0,0,0,1,2,1,1,58,9,-1,-1,-1,-1,-1
2014331401975,1,9,0,17,0,0,1,0,2,4,1,1,6,1,53,8,-1,-1,-1,7,3
2014331401976,1,9,0,1,0,1,0,0,0,0,2,1,6,1,32,6,1796,1,14,2,1
2014331401976,2,9,0,3,0,2,0,0,0,0,1,1,6,1,28,6,1363,2,10,3,1
2014331401976,3,11,0,14,0,1,0,0,0,0,0,1,6,3,-1,-1,-1,-1,-1,-1,-1
2014331401977,1,9,0,18,0,0,0,0,0,0,4,1,6,2,44,7,1598,1,9,-1,-1
2014331401977,2,9,0,2,0,0,0,0,1,0,3,1,6,3,-1,-1,-1,-1,-1,-1,-1
2014331401979,1,2,0,16,0,2,1,0,0,0,1,1,2,1,16,4,50,1,4,7,2
2014331401979,2,9,0,17,0,1,0,0,0,0,1,1,2,2,22,5,-1,-1,-1,6,2
2014331401980,1,19,0,9,0,6,0,0,0,0,3,1,1,1,43,7,3920,2,5,1,1
2014331401980,2,9,0,18,0,8,0,0,0,0,4,1,2,1,51,8,998,1,19,6,1
2014331401981,1,9,0,4,0,0,0,0,0,0,2,1,3,2,46,8,1560,2,3,4,1
2014331401981,2,19,0,4,0,0,0,0,0,0,2,1,1,1,49,8,2198,2,3,1,1
2014331401981,3,19,0,4,0,0,0,0,0,2,2,1,1,1,43,7,2179,2,9,4,2
2014331401981,4,9,0,18,0,0,0,0,0,0,1,1,2,2,19,4,1299,1,6,9,1
2014331401982,1,1,0,18,0,8,0,0,0,0,4,1,6,1,53,8,-1,-1,-1,6,1
2014331401982,2,9,0,18,0,4,0,0,0,0,3,1,6,1,65,9,1988,1,13,7,1
2014331401983,1,9,0,9,0,6,0,0,0,0,3,1,6,3,-1,-1,1560,2,6,-1,-1
2014331401983,2,1,0,18,0,8,0,0,0,0,4,1,6,1,24,5,-1,-1,-1,9,1
2014331401984,1,19,0,1,0,0,0,0,0,0,2,1,1,1,-1,-1,-1,-1,-1,-1,-1
2014331401984,2,3,0,3,0,0,0,0,0,0,2,1,6,1,20,4,124,1,4,1,1
2014331401985,1,1,0,18,0,8,0,0,0,0,1,1,2,1,30,6,-1,-1,-1,-1,-1
2014331401985,2,9,0,7,0,5,0,0,0,0,4,1,2,1,64,9,1997,2,-1,9,2
2014331401988,1,9,0,5,0,0,0,0,0,0,1,1,2,2,21,5,1968,2,2,8,3
2014331401988,2,9,0,3,0,0,0,0,0,0,2,1,2,1,28,6,1596,1,10,5,1
2014331401988,3,9,0,3,0,0,0,0,0,0,2,1,2,1,24,5,998,1,1,10,2
2014331401988,4,9,0,3,0,0,0,0,0,0,2,1,2,1,52,8,2494,2,-1,10,2
2014331401989,1,8,0,5,0,0,0,0,0,0,4,1,1,1,61,9,1998,2,9,-1,-1
2014331401991,1,21,1,10,0,8,0,0,0,0,0,1,1,1,31,6,10837,2,2,-1,-1
2014331401991,2,9,0,3,0,1,0,0,0,0,2,1,6,1,41,7,1998,1,13,-1,-1
2014331401991,3,3,0,18,0,1,0,0,8,1,1,1,6,1,18,4,125,1,-1,5,1
2014331401991,4,9,0,18,0,2,0,0,0,0,1,1,6,2,44,7,-1,-1,-1,-1,-1
2014331401992,1,10,0,18,0,0,0,0,0,0,2,1,6,1,48,8,-1,-1,-1,6,1
2014331401992,2,21,1,18,0,0,1,0,0,0,1,1,1,1,49,8,11967,2,5,9,1
2014331401993,1,9,0,16,0,0,0,0,0,0,4,1,6,2,42,7,1299,1,11,-1,-1
2014331401993,2,9,0,17,0,0,0,0,0,0,1,1,6,1,52,8,1968,2,1,-1,-1
2014331401994,1,9,0,18,0,0,0,0,1,4,1,1,1,1,30,6,-1,-1,-1,-1,-1
2014331401995,1,9,0,4,0,0,0,0,0,0,2,1,1,1,36,7,-1,-1,-1,-1,-1
2014331401995,2,9,0,4,0,0,0,0,0,0,1,1,1,2,35,6,1598,1,5,-1,-1
2014331401995,3,9,0,4,0,0,0,0,0,0,1,1,1,2,28,6,1598,1,8,-1,-1
2014331401996,1,9,0,4,0,6,1,0,0,0,0,1,1,1,19,4,-1,-1,-1,7,1
2014331401996,2,9,0,17,0,8,0,0,0,0,1,1,6,2,63,9,2000,1,10,4,1
2014331401997,1,3,0,18,0,8,0,0,0,0,1,1,6,1,17,4,124,1,14,4,1
2014331401997,2,9,0,9,0,6,0,0,0,0,1,1,6,1,40,7,-1,-1,-1,2,1
2014331401998,1,21,1,13,0,8,0,0,0,0,1,2,1,1,30,6,-1,-1,-1,-1,-1
2014331401998,2,9,0,18,0,8,0,0,0,0,2,1,6,2,44,7,1598,1,10,4,1
2014331401999,1,9,0,18,0,0,0,0,0,0,3,1,6,3,-1,-1,-1,-1,-1,-1,-1
2014331402000,1,9,0,16,0,0,2,0,8,4,3,1,6,1,26,6,1995,2,11,9,1
2014331402001,1,9,0,18,0,8,0,0,0,0,3,1,6,1,46,8,1798,1,9,4,1
2014331402001,2,19,0,11,0,3,0,0,0,0,4,1,1,1,24,5,2402,2,7,2,1
2014331402002,1,9,0,9,0,6,0,0,0,0,3,1,6,1,66,10,1398,1,9,3,1
2014331402002,2,9,0,4,0,8,1,0,0,0,1,1,6,1,18,4,1686,2,11,9,1
2014331402003,1,9,0,17,0,0,0,0,1,4,1,1,6,2,27,6,2987,2,9,8,3
2014331402004,1,9,0,6,0,0,0,0,7,0,3,1,6,2,31,6,-1,-1,-1,10,1
2014331402004,2,9,0,18,0,0,0,0,0,0,1,1,6,1,21,5,2495,2,9,6,3
2014331402005,1,19,0,18,0,4,0,0,0,0,1,1,1,1,66,10,2198,2,1,8,1
2014331402005,2,9,0,9,0,8,0,0,0,0,4,1,6,2,25,5,1299,1,12,-1,-1
2014331402006,1,9,0,5,0,0,0,0,0,0,1,1,6,1,27,6,1598,1,15,9,1
2014331402007,1,9,0,6,0,0,0,0,0,0,3,1,6,1,58,9,1900,2,9,3,1
2014331402007,2,9,0,18,0,0,0,0,0,0,1,1,6,1,19,4,1198,1,11,-1,-1
2014331402007,3,9,0,2,0,0,0,0,0,0,3,1,6,3,-1,-1,1995,2,2,-1,-1
2014331402008,1,9,0,3,0,8,0,0,0,0,2,1,2,1,44,7,1999,1,10,5,1
2014331402008,2,9,0,18,0,8,0,0,0,0,1,1,1,1,50,8,-1,-1,-1,5,1
2014331402008,3,9,0,4,0,4,0,0,0,0,0,1,1,3,-1,-1,-1,-1,-1,-1,-1
2014331402009,1,9,0,9,0,5,0,0,0,0,1,1,6,2,40,7,1497,1,11,1,1
2014331402010,1,9,0,9,0,8,0,0,1,1,1,1,6,2,74,10,1560,2,1,3,1
2014331402010,2,9,0,4,0,8,1,0,0,0,1,1,6,2,30,6,1391,1,13,5,1
2014331402011,1,9,0,17,0,0,1,0,2,4,1,1,6,2,39,7,1395,1,-1,8,3
2014331402012,1,9,0,4,0,0,0,0,0,0,2,1,6,2,29,6,1679,1,13,8,1
2014331402012,2,21,1,4,0,0,0,0,0,0,1,1,1,1,41,7,-1,-1,-1,-1,-1
2014331402013,1,9,0,18,0,8,0,0,0,0,2,1,6,1,32,6,1999,2,7,2,1
2014331402013,2,9,0,9,0,6,0,0,0,0,1,1,6,1,52,8,1995,2,12,1,1
2014331402014,1,9,0,4,0,0,1,0,7,9,1,1,1,1,18,4,1362,1,-1,9,3
2014331402015,1,19,0,18,0,0,0,0,0,0,1,1,1,1,48,8,2494,2,12,5,1
2014331402016,1,9,0,18,0,4,0,0,0,0,1,1,6,2,36,7,2995,1,8,-1,-1
2014331402016,2,9,0,17,0,8,0,0,0,0,1,1,3,1,31,6,1497,1,13,-1,-1
2014331402017,1,9,0,18,0,0,5,10,8,0,3,1,6,1,25,5,1399,2,6,-1,-1
2014331402018,1,97,0,18,0,0,0,0,0,0,1,1,6,1,30,6,-1,-1,-1,-1,-1
2014331402019,1,9,0,18,0,0,0,0,0,0,1,1,2,1,23,5,-1,-1,-1,-1,-1
2014331402020,1,9,0,5,0,4,0,0,0,0,3,1,2,2,30,6,1422,2,5,9,1
2014331402020,2,9,0,18,0,8,0,0,0,0,1,1,6,1,33,6,1994,1,17,1,1
2014331402021,1,5,0,4,0,0,1,0,0,0,1,1,6,1,61,9,740,1,36,8,2
2014331402021,2,9,0,17,0,0,0,0,0,0,1,1,6,1,62,9,1560,2,-1,3,1
2014331402022,1,9,0,18,0,1,0,0,0,0,2,1,6,3,-1,-1,-1,-1,-1,-1,-1
2014331402022,2,9,0,16,0,1,0,0,0,0,1,1,6,2,18,4,1149,1,10,8,1
2014331402023,1,1,0,18,0,8,0,0,0,0,1,1,6,1,22,5,-1,-1,-1,1,1
2014331402023,2,9,0,1,0,6,0,0,0,0,2,2,6,3,-1,-1,1242,1,16,-1,-1
2014331402024,1,9,0,18,0,8,0,0,0,0,1,1,6,3,-1,-1,-1,-1,-1,-1,-1
2014331402024,2,1,0,18,0,6,0,0,0,0,1,1,6,1,18,4,-1,-1,-1,3,1
2014331402025,1,9,0,9,0,6,0,0,0,0,4,1,6,2,25,5,-1,-1,-1,3,1
2014331402025,2,3,0,4,0,1,1,0,0,0,1,1,6,1,18,4,124,1,3,1,1
2014331402026,1,9,0,18,0,0,0,0,0,0,1,1,6,1,70,10,1998,2,8,1,1
2014331402027,1,3,0,18,0,1,1,0,0,0,1,1,6,2,42,7,124,1,2,1,1
2014331402027,2,9,0,5,0,6,0,0,0,0,0,1,6,1,25,5,1242,1,18,-1,-1
2014331402028,1,9,0,3,0,0,0,0,0,0,2,1,6,1,38,7,1560,2,2,4,1
2014331402028,2,9,0,18,0,0,0,0,0,0,1,1,6,1,-1,-1,-1,-1,-1,-1,-1
2014331402035,1,9,0,10,0,8,0,0,0,0,3,1,2,2,24,5,1587,1,9,7,1
2014331402035,2,19,0,18,0,8,0,0,0,0,1,1,1,1,28,6,2143,2,-1,2,1
2014331402036,1,3,0,18,0,8,0,0,0,0,3,1,2,1,17,4,124,1,8,5,2
2014331402036,2,9,0,9,0,6,0,0,0,0,1,1,6,2,33,6,-1,-1,-1,3,1
2014331402037,1,9,0,17,0,8,1,0,7,1,1,1,6,3,-1,-1,3175,1,12,-1,-1
2014331402037,2,9,0,7,0,6,0,0,0,0,3,1,6,1,25,5,1390,1,8,-1,-1
2014331402037,3,9,0,18,0,1,0,0,0,0,0,1,1,3,-1,-1,-1,-1,-1,-1,-1
2014331402038,1,9,0,4,0,0,0,0,0,0,2,1,6,1,42,7,-1,-1,-1,3,1
2014331402038,2,9,0,18,0,0,0,0,0,0,1,1,6,2,45,7,1598,1,12,-1,-1
2014331402039,1,19,0,11,0,8,0,0,0,0,1,1,1,1,26,6,2299,2,3,3,1
2014331402039,2,9,0,9,0,8,0,0,0,0,1,1,6,2,44,7,1332,1,17,7,1
2014331402040,1,9,0,3,0,0,0,0,0,0,2,1,6,1,43,7,1781,1,10,9,1
2014331402040,2,5,0,3,0,0,0,0,0,0,2,1,2,1,24,5,645,1,13,1,1
2014331402040,3,9,0,18,0,0,0,0,0,0,1,1,6,1,-1,-1,-1,-1,-1,-1,-1
2014331402041,1,1,0,18,0,8,0,0,0,0,1,1,1,2,40,7,-1,-1,-1,8,3
2014331402041,2,9,0,9,0,8,0,0,0,0,1,1,6,3,-1,-1,-1,-1,-1,-1,-1
2014331402042,1,9,0,18,0,2,0,0,1,11,1,1,6,1,83,11,1124,1,14,-1,-1
2014331402043,1,9,0,18,0,8,0,0,0,0,4,1,2,1,23,5,-1,-1,-1,7,3
2014331402043,2,9,0,9,0,6,0,0,0,0,1,1,2,1,31,6,1598,1,9,6,3
2014331402044,1,9,0,18,0,4,0,0,0,0,1,1,2,2,47,8,1248,2,9,10,1
2014331402044,2,3,0,18,0,8,0,0,0,0,1,1,2,1,60,9,124,1,2,3,1
2014331402045,1,9,0,5,0,8,0,0,0,0,2,1,2,2,32,6,-1,-1,-1,2,1
2014331402045,2,9,0,9,0,6,0,0,0,0,1,1,1,1,26,6,1242,1,8,3,1
2014331402046,1,9,0,16,0,0,2,0,1,1,1,1,6,1,18,4,-1,-1,-1,9,2
2014331402046,2,21,1,2,0,0,0,0,0,0,3,1,6,3,-1,-1,12900,2,7,-1,-1
2014331402047,1,9,0,18,0,0,0,0,0,0,4,1,6,1,52,8,1560,2,7,8,3
2014331402048,1,1,0,18,0,0,0,0,0,0,1,1,4,1,15,3,-1,-1,-1,4,1
2014331402048,2,9,0,3,0,0,0,0,0,0,2,1,6,1,20,4,-1,-1,-1,-1,-1
2014331402049,1,9,0,18,0,1,0,0,0,0,1,1,6,2,27,6,1339,1,-1,4,1
2014331402049,2,9,0,3,0,1,0,0,0,0,2,1,1,1,43,7,1399,2,5,6,1
2014331402049,3,9,0,10,0,8,0,0,0,0,0,1,6,3,-1,-1,-1,-1,-1,-1,-1
2014331402050,1,9,0,4,0,0,0,0,0,0,2,1,6,2,28,6,-1,-1,-1,-1,1
2014331402050,2,9,0,5,0,0,0,0,0,0,1,1,6,1,-1,-1,-1,-1,-1,-1,-1
2014331402051,1,9,0,10,0,1,0,0,0,0,0,1,1,1,61,9,-1,-1,-1,-1,-1
2014331402051,2,9,0,18,0,8,1,0,1,2,4,1,2,1,42,7,1396,1,12,-1,-1
2014331402052,1,19,0,3,0,0,0,0,0,0,0,1,1,1,32,6,2151,2,12,1,1
2014331402052,2,21,1,3,0,0,0,0,0,0,2,1,1,1,54,8,12900,2,2,10,2
2014331402052,3,21,1,4,0,0,1,0,0,0,2,1,1,1,41,7,3920,2,10,4,1
2014331402052,4,21,1,4,0,0,1,0,1,4,1,1,1,1,50,8,11705,2,8,8,3
2014331402052,5,21,1,12,0,0,0,0,0,0,4,1,1,1,55,8,12419,2,3,8,3
2014331402053,1,9,0,17,0,0,0,0,7,4,1,1,6,1,17,4,1900,2,14,9,2
2014331402054,1,9,0,18,0,0,0,0,0,0,1,1,6,1,20,4,1997,2,14,4,1
2014331402054,2,1,0,5,0,0,0,0,0,0,1,1,6,1,40,7,-1,-1,-1,1,1
2014331402055,1,9,0,18,0,2,0,0,0,0,4,1,6,2,63,9,1596,1,-1,1,1
2014331402056,1,9,0,7,0,2,0,0,0,0,1,1,1,1,38,7,1998,2,4,1,1
2014331402056,2,1,0,18,0,2,0,0,0,0,2,1,2,1,24,5,-1,-1,-1,3,1
2014331402057,1,9,0,17,0,0,1,0,1,4,1,1,6,2,29,6,1840,1,13,6,1
2014331402057,2,21,1,16,0,0,0,0,0,0,1,1,1,1,46,8,-1,-1,-1,-1,-1
2014331402058,1,9,0,9,0,5,0,0,0,0,1,1,6,1,25,5,-1,-1,-1,-1,-1
2014331402058,2,1,0,18,0,8,0,0,0,0,1,1,6,1,21,5,-1,-1,-1,-1,-1
2014331402059,1,9,0,18,0,0,1,10,0,0,3,1,2,2,59,9,1360,1,7,1,1
2014331402059,2,9,0,13,0,0,0,0,0,0,4,1,6,1,-1,-1,1560,2,3,-1,-1
2014331402062,1,9,0,18,0,0,0,0,0,0,3,1,2,2,21,5,1198,1,2,5,1
2014331402062,2,1,0,18,0,0,0,0,0,0,1,1,6,2,27,6,-1,-1,-1,3,1
2014331402063,1,9,0,18,0,0,1,0,0,0,1,1,1,1,18,4,-1,-1,-1,7,1
2014331402064,1,9,0,18,0,0,0,0,1,4,1,1,6,2,58,9,1769,1,10,3,1
2014331402065,1,9,0,18,0,0,0,0,0,0,1,1,6,1,38,7,2204,2,8,3,1
2014331402065,2,9,0,18,0,0,0,0,0,0,1,1,6,2,57,9,1798,1,6,7,1
2014331402066,1,9,0,18,0,0,0,0,0,0,1,1,2,2,51,8,2148,2,12,5,1
2014331402067,1,9,0,2,0,2,0,0,0,0,3,1,3,2,25,5,1390,1,8,1,1
2014331402067,2,9,0,18,0,2,0,0,0,0,4,1,3,2,43,7,1598,1,1,1,1
2014331402068,1,9,0,4,0,0,1,4,0,0,2,1,1,1,49,8,1968,2,2,10,2
2014331402068,2,9,0,2,0,0,0,0,0,0,1,1,1,2,44,7,1405,1,10,-1,1