Accident_Index,Vehicle_Reference,Vehicle_Type,Towing_and_Articulation,Vehicle_Manoeuvre,Vehicle_Location-Restricted_Lane,Junction_Location,Skidding_and_Overturning,Hit_Object_in_Carriageway,Vehicle_Leaving_Carriageway,Hit_Object_off_Carriageway,1st_Point_of_Impact,Was_Vehicle_Left_Hand_Drive?,Journey_Purpose_of_Driver,Sex_of_Driver,Age_of_Driver,Age_Band_of_Driver,Engine_Capacity_(CC),Propulsion_Code,Age_of_Vehicle,Driver_IMD_Decile,Driver_Home_Area_Type
2014331402381,1,9,0,9,0,5,0,0,0,0,1,1,1,1,33,6,2231,2,-1,7,1
2014331402381,2,9,0,18,0,8,0,0,0,0,1,1,6,2,26,6,1997,2,5,9,3
2014331402381,3,9,0,8,0,1,0,0,0,0,1,1,1,1,40,7,-1,-1,-1,10,2
2014331402382,1,9,0,9,0,6,0,0,0,0,3,1,6,1,55,8,1332,1,16,2,1
2014331402382,2,9,0,18,0,8,0,0,0,0,1,1,6,3,-1,-1,1997,2,9,-1,-1
2014331402383,1,9,0,16,0,0,0,0,1,9,4,1,2,1,57,9,1299,1,12,8,2
2014331402384,1,9,0,6,9,0,0,0,0,0,1,1,6,1,58,9,1895,1,12,3,2
2014331402384,2,9,0,2,9,0,0,0,0,0,1,1,6,3,-1,-1,2401,2,10,-1,-1
2014331402385,1,9,0,7,0,6,0,0,0,0,3,1,6,3,-1,-1,1598,1,13,-1,-1
2014331402385,2,3,0,18,0,8,0,0,0,0,1,1,1,2,24,5,109,1,-1,5,1
2014331402386,1,9,0,2,9,0,0,0,0,0,2,1,1,1,24,5,1686,2,20,4,1
2014331402386,2,9,0,18,9,0,0,0,1,0,1,1,6,3,-1,-1,1968,2,8,-1,-1
2014331402387,1,9,0,9,0,5,0,0,0,0,4,1,6,2,36,7,1061,1,9,6,3
2014331402387,2,9,0,18,0,8,0,0,0,0,1,1,6,1,68,10,-1,-1,-1,-1,-1
2014331402388,1,9,0,18,0,3,5,10,2,11,1,1,6,2,24,5,1560,2,2,3,1
2014331402389,1,9,0,18,0,0,0,0,0,0,1,1,2,1,37,7,1986,2,8,7,1
2014331402390,1,9,0,18,0,0,0,0,0,0,3,1,6,1,51,8,998,1,3,6,2
2014331402390,2,9,0,18,0,0,0,0,7,0,3,1,1,2,48,8,998,1,1,9,1
2014331402391,1,21,1,5,0,1,0,0,0,0,1,1,1,1,32,6,12900,2,3,-1,-1
2014331402391,2,9,0,3,0,1,0,0,0,0,2,1,6,2,27,6,1998,2,8,7,2
2014331402392,1,9,0,9,4,5,0,0,0,0,4,1,6,2,35,6,1461,2,9,3,1
2014331402392,2,1,0,15,4,8,0,0,0,0,1,1,6,1,71,10,-1,-1,-1,5,1
2014331402393,1,9,0,7,0,6,0,0,0,0,1,1,6,1,19,4,1124,1,14,8,3
2014331402393,2,20,0,4,0,8,1,0,0,0,1,1,1,1,24,5,-1,-1,-1,-1,1
2014331402394,1,19,0,18,0,1,0,0,0,0,2,1,6,1,-1,-1,-1,-1,-1,-1,-1
2014331402394,2,9,0,18,0,1,0,0,0,0,1,1,6,1,24,5,998,1,14,9,1
2014331402395,1,9,0,10,0,8,0,0,0,0,3,1,6,2,48,8,998,1,10,6,3
2014331402395,2,9,0,14,0,8,0,0,0,0,1,1,6,3,-1,-1,-1,-1,-1,-1,-1
2014331402398,1,9,0,17,0,0,1,0,0,0,1,1,6,1,23,5,1796,1,10,2,1
2014331402398,2,9,0,16,0,0,0,0,1,11,1,1,6,2,44,7,1794,1,9,-1,-1
2014331402400,1,3,0,18,0,0,0,0,1,0,4,1,1,1,19,4,124,1,-1,8,1
2014331402400,2,21,2,18,0,0,0,0,0,0,0,1,1,1,46,8,-1,-1,-1,-1,-1
2014331402401,1,9,0,17,0,0,0,0,1,4,1,1,6,2,18,4,1388,1,11,9,2
2014331402402,1,9,0,18,0,0,1,0,7,10,1,1,6,1,52,8,1870,2,12,8,1
2014331402403,1,19,0,1,0,3,0,0,0,0,4,1,6,1,26,6,1598,2,3,3,1
2014331402403,2,9,0,12,0,3,0,0,0,0,3,1,1,1,30,6,1599,1,10,10,2
2014331402404,1,9,0,16,0,0,1,10,7,11,1,1,6,2,45,7,1598,1,2,6,1
2014331402405,1,9,0,18,0,0,0,0,0,0,2,1,6,2,31,6,1870,2,9,8,1
2014331402405,2,9,0,18,0,0,0,0,0,0,1,1,6,1,64,9,1560,2,-1,7,2
2014331402406,1,9,0,16,0,0,0,0,0,0,1,1,6,1,27,6,1596,1,15,-1,-1
2014331402406,2,9,0,17,0,0,0,0,0,0,1,1,1,1,40,7,1242,1,9,-1,1
2014331402407,1,9,0,17,0,0,5,0,1,9,3,1,1,2,24,5,1390,1,11,7,1
2014331402408,1,9,0,4,0,1,0,0,0,0,2,1,6,1,25,5,-1,-1,-1,-1,-1
2014331402408,2,3,0,18,0,1,0,0,0,0,1,1,6,1,20,4,124,1,4,1,1
2014331402409,1,9,0,5,0,6,0,0,0,0,1,1,6,1,76,11,1598,1,1,10,2
2014331402409,2,9,0,18,0,8,0,0,4,1,4,1,2,1,44,7,1998,2,12,5,1
2014331402410,1,9,0,9,0,5,0,0,0,0,0,1,1,2,37,7,998,1,1,7,1
2014331402410,2,8,0,15,0,8,0,0,0,0,1,1,1,1,59,9,1997,2,6,2,1
2014331402411,1,9,0,1,0,6,0,0,0,0,0,1,6,2,38,7,1598,1,10,1,1
2014331402412,1,9,0,5,0,0,0,4,0,0,1,1,1,2,40,7,996,1,1,4,1
2014331402412,2,9,0,2,0,0,0,0,0,0,2,1,6,1,60,9,1598,2,-1,9,1
2014331402413,1,9,0,18,0,8,0,0,0,0,1,1,6,2,30,6,1997,1,2,-1,-1
2014331402413,2,9,0,9,0,8,0,0,0,0,1,1,6,1,28,6,-1,-1,-1,3,1
2014331402414,1,9,0,18,0,8,0,0,0,0,1,1,6,2,53,8,998,1,-1,4,1
2014331402414,2,9,0,7,0,6,0,0,0,0,1,1,6,1,54,8,2987,2,5,9,1
2014331402415,1,9,0,18,0,2,0,0,0,0,1,1,6,1,37,7,1598,1,8,1,1
2014331402416,1,9,0,16,0,0,0,0,0,0,3,1,6,2,35,6,1461,2,12,2,1
2014331402416,2,9,0,17,0,0,0,0,0,0,3,1,6,2,23,5,1598,1,4,7,1
2014331402417,1,9,0,18,0,8,0,0,0,0,3,1,6,2,70,10,1199,1,10,9,1
2014331402417,2,9,0,9,0,8,0,0,0,0,4,1,6,1,30,6,1598,1,6,6,1
2014331402418,1,9,0,4,0,0,0,0,0,0,1,1,6,1,23,5,998,1,11,2,1
2014331402418,2,9,0,4,0,0,0,0,0,0,2,1,6,1,22,5,1968,2,1,9,3
2014331402419,1,11,0,5,2,8,0,0,0,0,1,1,1,1,49,8,7300,2,12,3,1
2014331402419,2,9,0,11,2,8,0,0,0,0,4,1,6,3,-1,-1,-1,-1,-1,-1,-1
2014331402419,3,19,0,10,0,8,0,0,0,0,0,1,6,3,-1,-1,-1,-1,-1,-1,-1
2014331402420,1,9,0,6,0,0,0,0,0,0,3,1,6,1,60,9,1388,1,9,2,1
2014331402420,2,5,0,13,0,0,0,0,0,0,1,1,6,1,43,7,1000,1,-1,3,1
2014331402421,1,9,0,5,0,6,0,0,0,0,1,1,6,1,64,9,1685,2,2,-1,-1
2014331402422,1,9,0,18,0,1,0,0,0,0,4,1,2,2,22,5,1242,1,4,9,1
2014331402422,2,1,0,18,0,1,0,0,0,0,1,1,2,1,28,6,-1,-1,-1,10,1
2014331402423,1,19,0,18,0,0,0,0,0,0,2,1,1,1,24,5,1968,2,1,2,1
2014331402423,2,9,0,4,0,0,1,0,0,0,1,1,6,3,-1,-1,1390,1,11,-1,-1
2014331402424,1,9,0,3,0,0,0,0,0,0,2,1,6,1,50,8,1582,2,7,10,2
2014331402424,2,19,0,4,0,0,0,0,0,0,1,1,1,1,24,5,2148,2,4,8,2
2014331402425,1,9,0,9,0,5,0,0,0,0,1,1,6,2,77,11,1124,1,12,9,1
2014331402425,2,9,0,16,0,8,0,0,0,0,3,1,6,2,37,7,1997,2,8,9,1
2014331402426,1,9,0,17,0,0,0,0,0,0,1,1,1,1,56,9,2982,2,14,9,1
2014331402426,2,9,0,3,0,0,0,0,0,0,2,1,6,2,28,6,1396,1,12,10,1
2014331402426,3,98,0,16,0,0,0,0,0,0,0,1,1,3,-1,-1,-1,-1,-1,-1,-1
2014331402427,1,9,0,18,0,0,0,0,0,0,1,1,6,1,48,8,1796,1,15,3,1
2014331402428,1,20,0,4,0,0,0,0,0,0,2,1,1,1,50,8,9200,2,8,-1,-1
2014331402428,2,9,0,18,0,0,0,0,0,0,1,1,6,1,31,6,1198,1,10,10,1
2014331402428,3,9,0,18,0,0,0,0,0,0,1,1,6,2,67,10,1390,1,4,-1,-1
2014331402429,1,9,0,9,0,5,0,0,0,0,1,1,6,2,21,5,1198,1,9,-1,-1
2014331402429,2,9,0,18,0,8,0,0,0,0,1,1,6,2,25,5,1390,1,10,3,1
2014331402430,1,9,0,12,0,8,0,0,0,0,4,1,6,1,54,8,2494,2,3,8,3
2014331402430,2,9,0,18,0,8,0,0,7,10,4,1,6,1,24,5,1984,1,4,-1,-1
2014331402431,1,9,0,10,0,8,0,0,0,0,3,1,6,2,53,8,-1,-1,-1,1,1
2014331402431,2,9,0,14,0,8,0,0,0,0,4,1,6,1,16,4,1242,1,1,7,1
2014331402431,3,9,0,18,0,1,0,0,0,0,0,1,1,3,-1,-1,-1,-1,-1,-1,-1
2014331402433,1,9,0,17,0,0,0,0,1,10,1,1,6,2,19,4,998,1,4,7,3
2014331402434,1,9,0,18,0,0,5,10,1,0,1,1,2,1,31,6,1910,2,14,9,1
2014331402435,1,9,0,4,0,0,5,0,1,9,3,1,6,2,20,4,1587,1,9,8,1
2014331402436,1,9,0,17,0,8,0,0,2,9,4,1,6,1,66,10,1364,1,6,3,1
2014331402437,1,9,0,18,0,4,0,0,0,0,1,1,1,2,31,6,1686,2,-1,-1,1
2014331402437,2,9,0,5,0,8,0,0,0,0,4,1,1,2,21,5,1598,2,2,9,3
2014331402437,3,9,0,5,0,8,0,0,0,0,4,1,1,2,45,7,2987,2,5,8,3
2014331402438,1,9,0,9,0,5,0,0,0,0,1,1,1,2,23,5,1364,1,11,6,3
2014331402438,2,9,0,18,0,8,0,0,0,0,3,1,6,2,45,7,2099,1,13,6,3
2014331402439,1,9,0,18,0,1,0,0,1,10,1,1,6,1,30,6,2429,7,11,3,1
2014331402439,2,9,0,3,0,1,0,0,0,0,3,1,6,1,29,6,1400,1,15,2,1
2014331402440,1,9,0,12,0,0,0,0,0,0,3,1,6,1,60,9,2231,2,7,10,1
2014331402440,2,9,0,18,0,0,0,0,0,0,4,1,6,2,60,9,1994,2,14,1,1
2014331402441,1,9,0,4,0,8,0,0,3,9,1,1,6,2,36,7,1686,2,9,1,1
2014331402442,1,9,0,18,0,0,0,0,8,4,3,1,6,1,41,7,1590,1,15,6,3
2014331402444,1,9,0,18,0,1,0,0,0,0,1,1,6,2,57,9,1149,1,11,5,1
2014331402444,2,9,0,3,0,1,0,0,0,0,2,1,6,2,42,7,1229,1,4,8,1
2014331402445,1,9,0,18,0,4,0,0,0,0,1,1,6,1,60,9,-1,-1,-1,-1,-1
2014331402445,2,1,0,18,0,8,0,0,0,0,4,1,6,1,36,7,-1,-1,-1,4,1
2014331402447,1,9,0,18,0,1,0,0,0,0,1,1,6,1,-1,-1,2993,2,9,7,1
2014331402447,2,9,0,3,0,1,0,0,0,0,2,1,6,1,48,8,1910,2,8,10,1
2014331402448,1,9,0,18,0,0,1,0,7,4,1,1,6,2,27,6,1388,1,12,10,2
2014331402449,1,9,0,3,0,1,0,0,0,0,2,1,6,1,72,10,1242,1,6,2,1
2014331402449,2,9,0,4,0,1,1,0,0,0,1,1,6,2,56,9,1242,1,7,5,2
2014331402450,1,9,0,4,0,6,1,0,0,0,3,1,1,1,52,8,1995,2,4,10,1
2014331402450,2,19,0,18,0,8,0,0,0,0,4,1,1,1,32,6,1868,2,12,1,1
2014331402451,1,9,0,17,0,0,0,0,0,0,1,1,6,1,17,4,1598,1,9,8,1
2014331402451,2,9,0,16,0,0,0,0,0,0,1,1,6,2,53,8,1248,1,1,7,1
2014331402452,1,9,0,18,0,0,0,0,0,0,1,1,6,2,77,11,1299,1,14,1,1
2014331402452,2,9,0,18,0,0,0,0,0,0,2,1,6,2,57,9,1984,1,7,9,1
2014331402453,1,9,0,18,7,0,0,0,0,0,1,1,6,1,27,6,1242,1,3,3,1
2014331402453,2,9,0,2,6,0,0,0,1,0,2,1,6,1,20,4,1598,1,12,2,1
2014331402455,1,9,0,9,0,5,0,0,0,0,1,1,6,2,36,7,1086,1,4,5,1
2014331402455,2,9,0,5,0,8,0,0,0,0,1,1,6,1,27,6,1598,1,10,2,1
2014331402456,1,9,0,16,0,8,0,0,0,0,1,1,2,1,32,6,1997,2,12,-1,-1
2014331402456,2,9,0,10,0,8,0,0,0,0,2,1,6,2,51,8,2993,2,-1,9,2
2014331402457,1,9,0,5,0,0,0,0,0,0,1,1,6,1,29,6,1984,1,14,-1,1
2014331402458,1,9,0,4,0,8,0,0,0,0,1,1,6,2,44,7,998,1,18,-1,-1
2014331402458,2,9,0,4,0,8,0,0,0,0,2,1,6,2,34,6,1242,1,10,-1,-1
2014331402458,3,9,0,12,0,7,0,0,0,0,0,1,6,3,-1,-1,-1,-1,-1,-1,-1
2014331402460,1,9,0,17,0,1,0,0,0,0,3,1,6,2,26,6,-1,-1,-1,10,2
2014331402460,2,9,0,16,0,2,0,0,0,0,3,1,1,1,20,4,1560,2,-1,9,1
2014331402461,1,9,0,9,0,5,0,0,0,0,3,1,6,3,-1,-1,-1,-1,-1,-1,-1
2014331402462,1,9,0,17,0,0,2,0,1,9,2,1,2,1,30,6,-1,-1,-1,7,3
2014331402463,1,9,0,13,0,0,0,0,0,0,1,1,6,1,67,10,1248,1,2,9,3
2014331402464,1,9,0,17,0,0,0,0,0,0,1,1,6,1,52,8,1398,1,12,7,3
2014331402464,2,9,0,16,0,0,0,0,0,0,1,1,6,2,43,7,1753,2,6,8,1
2014331402465,1,9,0,18,0,0,0,0,0,0,1,1,1,2,49,8,-1,-1,-1,5,2
2014331402465,2,1,0,18,0,0,0,0,0,0,1,1,6,1,17,4,-1,-1,-1,6,1
2014331402465,3,11,0,3,0,0,0,0,0,0,0,1,1,3,-1,-1,-1,-1,-1,-1,-1
2014331402465,4,9,0,2,0,0,0,0,0,0,0,1,6,3,-1,-1,-1,-1,-1,-1,-1
2014331402466,1,9,0,1,0,6,0,0,7,9,3,1,6,1,27,6,1360,1,11,8,1
2014331402466,2,9,0,18,0,8,0,0,0,0,1,1,6,1,20,4,1968,2,11,8,3
2014331402467,1,9,0,18,0,0,0,0,0,0,1,1,6,1,-1,-1,1997,1,14,-1,-1
2014331402467,2,9,0,18,0,0,0,0,0,0,1,1,6,1,-1,-1,2958,2,11,-1,-1
2014331402468,1,19,0,18,0,3,0,0,0,0,1,1,6,3,-1,-1,-1,-1,-1,-1,-1
2014331402468,2,9,0,18,0,4,0,0,0,0,1,1,6,1,-1,-1,2198,1,13,-1,-1
2014331402468,3,9,0,18,0,4,0,0,0,0,1,1,6,1,-1,-1,1781,1,10,-1,-1
2014331402468,4,9,0,18,0,1,0,0,0,0,0,1,1,3,-1,-1,-1,-1,-1,-1,-1
2014331405000,1,9,0,18,0,1,0,0,0,0,1,1,6,1,41,7,2495,2,24,-1,-1
2014331405001,1,9,0,18,0,0,0,0,0,0,1,1,6,2,32,6,1896,2,5,-1,-1
2014331405001,2,9,0,18,0,0,0,0,0,0,2,1,6,3,-1,-1,-1,-1,-1,-1,-1
2014331405004,1,9,0,18,0,0,0,0,0,0,1,1,6,1,23,5,1997,2,10,-1,-1
2014331405004,2,9,0,18,0,0,0,0,0,0,2,1,6,1,23,5,1149,1,14,-1,-1
2014331405005,1,9,0,18,0,0,0,0,0,0,1,1,6,1,44,7,1896,2,8,-1,-1
2014331405005,2,9,0,18,0,0,0,0,0,0,2,1,6,1,53,8,-1,-1,-1,-1,-1
2014331405006,1,9,0,18,0,0,0,0,0,0,1,1,6,1,57,9,1242,1,15,-1,-1
2014331405006,2,9,0,18,0,0,0,0,0,0,2,1,6,1,40,7,-1,-1,-1,-1,-1
2014331405006,3,9,0,18,0,0,0,0,0,0,2,1,6,1,55,8,1596,1,5,-1,-1
2014331405007,1,9,0,18,0,1,0,0,0,0,1,1,6,1,39,7,1997,2,8,-1,-1
2014331405008,1,9,0,18,0,8,0,0,0,0,1,1,6,2,40,7,1399,2,6,-1,-1
2014331405008,2,9,0,18,0,8,0,0,0,0,2,1,6,2,-1,-1,1796,2,1,-1,-1
2014331405009,1,9,0,18,0,0,0,0,0,0,1,1,6,2,30,6,1386,1,7,-1,-1
2014331405010,1,1,0,18,0,0,0,0,0,0,1,1,6,1,-1,-1,-1,-1,-1,-1,-1
2014331405010,2,9,0,18,0,0,0,0,0,0,2,1,6,1,47,8,1870,2,3,-1,-1
2014331405011,1,9,0,18,0,0,0,0,0,0,1,1,6,1,31,6,1984,1,12,-1,-1
2014331405012,1,9,0,18,0,1,0,0,0,0,1,1,6,2,27,6,-1,-1,-1,-1,-1
2014331405012,2,9,0,18,0,1,0,0,0,0,2,1,6,1,34,6,-1,-1,-1,-1,-1
2014331405013,1,98,0,18,0,8,0,0,0,0,1,1,6,1,28,6,5480,2,15,-1,-1
2014331405013,2,9,0,18,0,8,0,0,0,0,2,1,6,2,19,4,1242,1,11,-1,-1
2014331405015,1,9,0,18,0,0,0,0,0,0,1,1,6,1,32,6,1995,2,6,-1,-1
2014331405016,1,4,0,18,0,0,0,0,0,0,1,1,6,1,19,4,234,1,13,-1,-1
2014331405017,1,9,0,18,0,0,0,0,0,0,1,1,6,2,32,6,1560,2,1,-1,-1
2014331405018,1,9,0,18,0,8,0,0,0,0,1,1,6,1,25,5,1390,1,13,-1,-1
2014331405018,2,9,0,18,0,8,0,0,0,0,1,1,6,1,41,7,1896,2,8,-1,-1
2014331405019,1,9,0,18,0,0,0,0,0,0,1,1,6,1,30,6,1968,2,2,-1,-1
2014331405019,2,9,0,18,0,0,0,0,0,0,2,1,6,1,35,6,1794,1,10,-1,-1
2014331405020,1,9,0,18,0,8,0,0,0,0,1,1,6,1,64,9,1753,2,11,-1,-1
2014331405021,1,9,0,18,0,1,0,0,0,0,1,1,6,1,53,8,1994,2,9,-1,-1
2014331405021,2,19,0,18,0,1,0,0,0,0,2,1,6,1,35,6,-1,-1,-1,-1,-1
2014331405022,1,9,0,18,0,0,0,0,0,0,1,1,6,1,82,11,1497,8,8,-1,-1
2014331405022,2,3,0,18,0,0,0,0,0,0,1,1,6,1,22,5,125,1,1,-1,-1
2014331405023,1,9,0,18,0,1,0,0,0,0,1,1,6,1,27,6,1242,1,13,-1,-1
2014331405024,1,9,0,18,0,0,0,0,0,0,1,1,6,1,39,7,1390,1,11,-1,-1
2014331405025,1,9,0,18,0,0,0,0,0,0,1,1,6,1,31,6,1968,2,8,-1,-1
2014331405025,2,9,0,18,0,0,0,0,0,0,2,1,6,1,52,8,2497,2,4,-1,-1
2014331405026,1,9,0,18,0,0,0,0,0,0,1,1,6,2,49,8,1998,2,12,-1,-1
2014331405027,1,9,0,18,0,0,0,0,0,0,1,1,6,1,43,7,1497,1,9,-1,-1
2014331405027,2,1,0,18,0,0,0,0,0,0,2,1,6,1,-1,-1,-1,-1,-1,-1,-1
2014331405028,1,9,0,18,0,8,0,0,0,0,1,1,6,1,59,9,1686,2,10,-1,-1
2014331405028,2,9,0,18,0,8,0,0,0,0,1,1,6,3,-1,-1,-1,-1,-1,-1,-1
2014331405029,1,9,0,18,0,0,0,0,0,0,1,1,6,3,-1,-1,-1,-1,-1,-1,-1
2014331405030,1,9,0,18,0,8,0,0,0,0,1,1,6,2,27,6,1968,2,3,-1,-1
2014331405030,2,9,0,18,0,8,0,0,0,0,2,1,6,1,43,7,1799,1,7,-1,-1
2014331405031,1,9,0,18,0,1,0,0,0,0,1,1,6,1,39,7,-1,-1,-1,-1,-1
2014331405031,2,3,0,18,0,1,0,0,0,0,2,1,6,1,30,6,102,1,10,-1,-1
2014331405032,1,1,0,18,0,0,0,0,0,0,1,1,6,1,29,6,-1,-1,-1,-1,-1
2014331405032,2,9,0,18,0,0,0,0,0,0,2,1,6,3,-1,-1,-1,-1,-1,-1,-1
2014331405033,1,9,0,18,0,0,0,0,0,0,1,1,6,1,83,11,1341,1,13,-1,-1
2014331405033,2,9,0,18,0,0,0,0,0,0,2,1,6,1,-1,-1,1870,2,10,-1,-1
2014331405034,1,9,0,18,0,1,0,0,0,0,1,1,6,2,49,8,1390,1,-1,-1,-1
2014331405034,2,9,0,18,0,1,0,0,0,0,2,1,6,1,-1,-1,2319,1,11,-1,-1
2014331405035,1,9,0,18,0,0,0,0,0,0,1,1,6,1,20,4,1995,2,6,-1,-1
2014331405035,2,9,0,18,0,0,0,0,0,0,2,1,6,1,57,9,1796,1,13,-1,-1
2014331405036,1,8,0,18,0,2,0,0,0,0,1,1,6,3,-1,-1,-1,-1,-1,-1,-1
2014331405037,1,9,0,18,0,0,0,0,0,0,1,1,6,2,33,6,1229,1,3,-1,-1
2014331405037,2,9,0,18,0,0,0,0,0,0,2,1,6,1,58,9,1598,1,10,-1,-1
2014331405038,1,9,0,18,0,0,0,0,0,0,1,1,6,1,48,8,2183,2,3,-1,-1
2014331405038,2,9,0,18,0,0,0,0,0,0,2,1,6,1,19,4,-1,-1,-1,-1,-1
2014331405041,1,98,0,18,0,0,0,0,0,0,1,1,6,1,57,9,12740,2,4,-1,-1
2014331405041,2,9,0,18,0,0,0,0,0,0,2,1,6,1,24,5,1956,2,3,-1,-1
2014331405042,1,8,0,18,0,0,0,0,0,0,1,1,6,1,-1,-1,-1,-1,-1,-1,-1
2014331405042,2,9,0,18,0,0,0,0,0,0,2,1,6,3,-1,-1,-1,-1,-1,-1,-1
2014331405043,1,9,0,18,0,0,0,0,0,0,1,1,6,2,42,7,1368,1,2,-1,-1
2014331405044,1,9,0,18,0,0,0,0,0,0,1,1,6,1,34,6,-1,-1,-1,-1,-1
2014331405045,1,9,0,18,0,0,0,0,0,0,1,1,6,1,31,6,1799,1,5,-1,-1
2014331405045,2,1,0,18,0,0,0,0,0,0,2,1,6,1,-1,-1,-1,-1,-1,-1,-1
2014331405046,1,9,0,18,0,0,0,0,0,0,1,1,6,2,43,7,1560,2,9,-1,-1
2014331405046,2,9,0,18,0,0,0,0,0,0,2,1,6,1,46,8,1896,2,12,-1,-1
2014331405047,1,9,0,18,0,0,0,0,0,0,1,1,6,1,41,7,1560,2,2,-1,-1
2014331405047,2,9,0,18,0,0,0,0,0,0,2,1,6,2,22,5,1299,1,8,-1,-1
2014331405048,1,9,0,18,0,0,0,0,0,0,1,1,6,2,32,6,2000,2,9,-1,-1
2014331405048,2,9,0,18,0,0,0,0,0,0,2,1,6,2,52,8,1242,1,5,-1,-1
2014331405049,1,9,0,18,0,0,0,0,0,0,1,1,6,1,50,8,4999,1,5,-1,-1
2014331405049,2,9,0,18,0,0,0,0,0,0,2,1,6,1,27,6,-1,-1,-1,-1,-1
2014331405050,1,9,0,18,0,8,0,0,0,0,1,1,6,1,75,10,1997,1,14,-1,-1
2014331405050,2,9,0,2,0,8,0,0,0,0,2,1,6,3,-1,-1,1386,1,1,-1,-1
2014331405050,3,9,0,2,0,8,0,0,0,0,2,1,6,3,-1,-1,1973,1,17,-1,-1
2014331405051,1,9,0,18,0,1,0,0,0,0,1,1,6,1,47,8,-1,-1,-1,-1,-1
2014331405051,2,9,0,18,0,1,0,0,0,0,2,1,6,1,40,7,1997,1,15,-1,-1
2014331405052,1,9,0,18,0,0,0,0,0,0,1,1,6,2,28,6,1598,1,4,-1,-1
2014331405052,2,1,0,18,0,0,0,0,0,0,2,1,6,1,12,3,-1,-1,-1,-1,-1
2014331405053,1,9,0,18,0,1,0,0,0,0,1,1,6,2,68,10,1248,1,-1,-1,-1
2014331405053,2,9,0,18,0,1,0,0,0,0,2,1,6,1,27,6,-1,-1,-1,-1,-1
2014331405054,1,5,0,18,0,0,0,0,0,0,1,1,6,1,-1,-1,645,1,15,-1,-1
2014331405054,2,20,0,18,0,0,0,0,0,0,2,1,6,1,-1,-1,2287,2,4,-1,-1
2014331405055,1,9,0,18,0,0,0,0,0,0,1,1,6,1,56,9,2967,2,7,-1,-1
2014331405055,2,9,0,18,0,0,0,0,0,0,2,1,6,1,27,6,2495,2,10,-1,-1
2014331405057,1,9,0,18,0,0,0,0,0,0,1,1,6,1,58,9,1995,2,2,-1,-1
2014331405057,2,9,0,18,0,0,0,0,0,0,2,1,6,1,22,5,1389,1,15,-1,-1
2014331405058,1,1,0,18,0,0,0,0,0,0,1,1,6,1,26,6,-1,-1,-1,-1,-1
2014331405058,2,9,0,18,0,0,0,0,0,0,2,1,6,3,-1,-1,-1,-1,-1,-1,-1
2014331405059,1,11,0,18,0,0,0,0,0,0,1,1,1,1,37,7,-1,-1,-1,-1,-1
2014331405060,1,9,0,18,0,0,0,0,0,0,1,1,6,2,49,8,1598,1,2,-1,-1
2014331405061,1,9,0,18,0,0,0,0,0,0,1,1,6,1,51,8,1753,2,11,-1,-1
2014331405062,1,9,0,18,0,0,0,0,0,0,1,1,6,2,24,5,973,1,14,-1,-1
2014331405062,2,9,0,18,0,0,0,0,0,0,2,1,6,1,23,5,1900,2,8,-1,-1
2014331405063,1,9,0,18,0,8,0,0,0,0,1,1,6,1,-1,-1,2295,1,13,-1,-1
2014331405063,2,1,0,18,0,8,0,0,0,0,2,1,6,1,21,5,-1,-1,-1,-1,-1
2014331405064,1,9,0,18,0,0,0,0,0,0,1,1,6,1,31,6,-1,-1,-1,-1,-1
2014331405064,2,9,0,18,0,0,0,0,0,0,2,1,6,1,38,7,1488,2,20,-1,-1
2014331405065,1,19,0,18,0,0,0,0,0,0,1,1,6,1,50,8,2402,2,3,-1,-1
2014331405065,2,9,0,18,0,0,0,0,0,0,2,1,6,1,33,6,-1,-1,-1,-1,-1
2014331405066,1,1,0,18,0,0,0,0,0,0,1,1,6,1,19,4,-1,-1,-1,-1,-1
2014331405066,2,9,0,18,0,0,0,0,0,0,2,1,6,2,-1,-1,-1,-1,-1,-1,-1
2014331405067,1,9,0,18,0,1,0,0,0,0,1,1,6,1,22,5,1596,1,10,-1,-1
2014331405067,2,9,0,18,0,1,0,0,0,0,2,1,6,1,22,5,1995,1,7,-1,-1
2014331405068,1,9,0,18,0,0,0,0,0,0,1,1,6,1,53,8,2993,2,2,-1,-1
2014331405069,1,1,0,18,0,0,0,0,0,0,1,1,6,1,-1,-1,-1,-1,-1,-1,-1
2014331405070,1,9,0,18,0,8,0,0,0,0,1,1,6,1,63,9,1796,1,10,-1,-1
2014331405070,2,9,0,18,0,8,0,0,0,0,2,1,6,1,73,10,1998,1,9,-1,-1
2014331405071,1,9,0,18,0,0,0,0,0,0,1,1,6,2,45,7,998,1,12,-1,-1
2014331405071,2,9,0,18,0,0,0,0,0,0,2,1,6,2,56,9,1360,1,11,-1,-1
2014331405072,1,9,0,18,0,0,0,0,0,0,1,1,6,1,22,5,1598,1,10,-1,-1
2014331405072,2,9,0,18,0,0,0,0,0,0,2,1,6,2,21,5,1364,1,4,-1,-1
2014331405073,1,9,0,18,0,0,0,0,0,0,1,1,6,1,36,7,-1,-1,-1,-1,-1
2014331405073,2,9,0,18,0,0,0,0,0,0,2,1,6,2,-1,-1,-1,-1,-1,-1,-1