Accident_Index,Vehicle_Reference,Vehicle_Type,Towing_and_Articulation,Vehicle_Manoeuvre,Vehicle_Location-Restricted_Lane,Junction_Location,Skidding_and_Overturning,Hit_Object_in_Carriageway,Vehicle_Leaving_Carriageway,Hit_Object_off_Carriageway,1st_Point_of_Impact,Was_Vehicle_Left_Hand_Drive?,Journey_Purpose_of_Driver,Sex_of_Driver,Age_of_Driver,Age_Band_of_Driver,Engine_Capacity_(CC),Propulsion_Code,Age_of_Vehicle,Driver_IMD_Decile,Driver_Home_Area_Type
2014331405076,1,5,0,18,0,0,0,0,0,0,1,1,6,1,40,7,1171,1,15,-1,-1
2014331405077,1,9,0,16,0,1,0,0,0,0,1,1,6,1,23,5,1390,1,13,-1,-1
2014331405077,2,9,0,16,0,1,0,0,0,0,1,1,6,2,44,7,1242,1,5,-1,-1
2014331405077,3,9,0,16,0,1,0,0,0,0,1,1,6,1,49,8,1560,2,1,-1,-1
2014331405078,1,9,0,18,0,0,0,0,0,0,1,1,6,2,41,7,1240,1,10,-1,-1
2014331405079,1,9,0,18,0,0,0,0,0,0,1,1,6,2,22,5,-1,-1,-1,-1,-1
2014331405079,2,9,0,18,0,0,0,0,0,0,2,1,6,1,67,10,1582,2,4,-1,-1
2014331405080,1,9,0,18,0,8,0,0,0,0,1,1,3,2,46,8,1991,1,1,-1,-1
2014331405080,2,1,0,18,0,8,0,0,0,0,2,1,6,1,41,7,-1,-1,-1,-1,-1
2014331405081,1,20,0,18,0,0,0,0,0,0,1,1,6,1,70,10,7146,2,6,-1,-1
2014331405081,2,19,0,18,0,0,0,0,0,0,2,1,6,1,28,6,2143,2,4,-1,-1
2014331405082,1,97,0,18,0,0,0,0,0,0,1,1,6,1,30,6,-1,-1,-1,-1,-1
2014331405083,1,9,0,18,0,8,0,0,0,0,1,1,6,1,74,10,1299,1,15,-1,-1
2014331405083,2,1,0,18,0,8,0,0,0,0,2,1,6,1,22,5,-1,-1,-1,-1,-1
2014331405084,1,9,0,18,0,2,0,0,0,0,1,1,6,2,35,6,3456,8,4,-1,-1
2014331405084,2,97,0,18,0,2,0,0,0,0,2,1,6,1,23,5,-1,-1,-1,-1,-1
2014331405085,1,9,0,18,0,0,0,0,0,0,1,1,6,2,37,7,1968,2,4,-1,-1
2014331405085,2,9,0,18,0,0,0,0,0,0,2,1,3,1,39,7,1998,1,15,-1,-1
2014331405086,1,9,0,18,0,0,0,0,0,0,1,1,6,1,90,11,1560,2,1,-1,-1
2014331405086,2,9,0,18,0,0,0,0,0,0,2,1,6,1,61,9,-1,-1,-1,-1,-1
2014331405087,1,9,0,18,0,0,0,0,0,0,4,1,6,2,25,5,1198,1,8,-1,-1
2014331405088,1,3,0,18,0,8,0,0,0,0,1,1,6,1,24,5,124,1,8,-1,-1
2014331405088,2,9,0,18,0,8,0,0,0,0,2,1,6,1,68,10,-1,-1,-1,-1,-1
2014331405090,1,9,0,18,0,1,0,0,0,0,1,1,6,2,25,5,1299,1,12,-1,-1
2014331405090,2,1,0,18,0,1,0,0,0,0,2,1,6,1,69,10,-1,-1,-1,-1,-1
2014331405091,1,9,0,18,0,8,0,0,0,0,1,1,6,1,52,8,-1,-1,-1,-1,-1
2014331405091,2,1,0,18,0,8,0,0,0,0,2,1,6,1,-1,-1,-1,-1,-1,-1,-1
2014331405092,1,9,0,18,0,0,0,0,0,0,1,1,6,1,37,7,1598,2,3,-1,-1
2014331405092,2,9,0,18,0,0,0,0,0,0,2,1,6,2,33,6,1598,2,3,-1,-1
2014331405092,3,9,0,18,0,0,0,0,0,0,2,1,6,1,61,9,2993,2,10,-1,-1
2014331405093,1,9,0,18,0,1,0,0,0,0,1,1,6,1,22,5,-1,-1,-1,-1,-1
2014331405093,2,1,0,18,0,1,0,0,0,0,2,1,6,1,14,3,-1,-1,-1,-1,-1
2014331405094,1,1,0,18,0,0,0,0,0,0,1,1,6,1,40,7,-1,-1,-1,-1,-1
2014331405094,2,9,0,18,0,0,0,0,0,0,2,1,6,3,-1,-1,-1,-1,-1,-1,-1
2014331405095,1,9,0,18,0,2,0,0,0,0,1,1,6,1,42,7,-1,-1,-1,-1,-1
2014331405096,1,9,0,18,0,1,0,0,0,0,1,1,6,2,29,6,1995,2,2,-1,-1
2014331405096,2,9,0,18,0,1,0,0,0,0,2,1,6,1,27,6,1794,1,14,-1,-1
2014331405097,1,9,0,18,0,8,0,0,0,0,1,1,6,1,33,6,1397,1,11,-1,-1
2014331405098,1,9,0,18,0,8,0,0,0,0,1,1,6,1,52,8,-1,-1,-1,-1,-1
2014331405098,2,9,0,18,0,8,0,0,0,0,2,1,6,1,29,6,-1,-1,-1,-1,-1
2014331405099,1,9,0,18,0,1,0,0,0,0,1,1,6,1,39,7,1590,1,13,-1,-1
2014331405099,2,9,0,18,0,1,0,0,0,0,2,1,6,2,55,8,1896,2,6,-1,-1
2014331405100,1,9,0,18,0,0,0,0,0,0,1,1,6,2,56,9,1587,1,10,-1,-1
2014331405101,1,9,0,18,0,0,0,0,0,0,1,1,6,1,66,10,2400,2,6,-1,-1
2014331405102,1,1,0,18,0,1,0,0,0,0,1,1,6,1,27,6,-1,-1,-1,-1,-1
2014331405102,2,9,0,18,0,1,0,0,0,0,2,1,6,3,-1,-1,-1,-1,-1,-1,-1
2014331405103,1,9,0,18,0,8,0,0,0,0,1,1,6,2,-1,-1,1248,1,-1,-1,-1
2014331405105,1,9,0,18,0,0,0,0,0,0,1,1,6,2,-1,-1,1753,2,5,-1,-1
2014331405105,2,9,0,18,0,0,0,0,0,0,2,1,6,1,60,9,1968,2,3,-1,-1
2014331405106,1,9,0,18,0,8,0,0,0,0,1,1,6,2,20,4,998,1,8,-1,-1
2014331405106,2,9,0,18,0,8,0,0,0,0,2,1,6,2,19,4,1149,1,11,-1,-1
2014331405107,1,9,0,18,0,0,0,0,0,0,1,1,6,1,21,5,2143,2,-1,-1,-1
2014331405107,2,9,0,18,0,0,0,0,0,0,2,1,6,2,49,8,1339,1,7,-1,-1
2014331405108,1,9,0,18,0,0,0,0,0,0,1,1,6,1,32,6,1598,1,10,-1,-1
2014331405108,2,9,0,18,0,0,0,0,0,0,2,1,6,1,33,6,1968,2,10,-1,-1
2014331405109,1,9,0,18,0,0,0,0,0,0,1,1,6,2,35,6,1360,1,8,-1,-1
2014331405109,2,9,0,18,0,0,0,0,0,0,2,1,6,2,31,6,1390,1,16,-1,-1
2014331405110,1,9,0,4,0,1,0,0,0,0,2,1,6,2,72,10,1587,1,11,6,1
2014331405110,2,5,0,18,0,1,1,10,8,10,1,1,6,1,34,6,998,1,14,6,1
2014331405111,1,9,0,18,0,0,0,0,0,0,1,1,6,2,20,4,1398,2,11,-1,-1
2014331405111,2,9,0,18,0,0,0,0,0,0,2,1,6,2,51,8,1595,1,12,-1,-1
2014331405112,1,9,0,18,0,0,0,0,0,0,1,1,6,2,30,6,1596,1,13,-1,-1
2014331405113,1,9,0,18,0,2,0,0,0,0,1,1,3,1,25,5,1910,2,8,-1,-1
2014331405113,2,1,0,18,0,2,0,0,0,0,2,1,6,1,31,6,-1,-1,-1,-1,-1
2014331405114,1,9,0,18,0,0,0,0,0,0,1,1,6,1,29,6,1998,2,13,-1,-1
2014331405114,2,9,0,18,0,0,0,0,0,0,2,1,6,2,20,4,1587,1,11,-1,-1
2014331405115,1,5,0,18,0,0,0,0,0,0,1,1,6,1,20,4,645,1,10,-1,-1
2014331405115,2,9,0,18,0,0,0,0,0,0,2,1,6,1,38,7,1595,1,1,-1,-1
2014331405116,1,9,0,18,0,1,0,0,0,0,1,1,6,1,53,8,796,1,14,-1,-1
2014331405116,2,9,0,18,0,1,0,0,0,0,2,1,6,1,33,6,3199,1,15,-1,-1
2014331405116,3,3,0,18,0,1,0,0,0,0,2,1,6,1,39,7,125,1,9,-1,-1
2014331405117,1,9,0,18,0,0,0,0,0,0,1,1,6,1,35,6,2351,1,12,-1,-1
2014331405117,2,97,0,18,0,0,0,0,0,0,2,1,6,1,18,4,-1,-1,-1,-1,-1
2014331405118,1,9,0,18,0,0,0,0,0,0,1,1,3,1,56,9,1396,1,5,-1,-1
2014331405119,1,9,0,18,0,0,0,0,0,0,1,1,6,1,37,7,1870,2,11,-1,-1
2014331405119,2,1,0,18,0,0,0,0,0,0,2,1,6,1,38,7,-1,-1,-1,-1,-1
2014331405120,1,9,0,18,0,8,0,0,0,0,1,1,6,1,46,8,-1,-1,-1,-1,-1
2014331405120,2,20,0,18,0,8,0,0,0,0,2,1,6,1,41,7,5880,2,8,-1,-1
2014331405121,1,9,0,18,0,2,0,0,0,0,1,1,6,3,-1,-1,-1,-1,-1,-1,-1
2014331405122,1,9,0,18,0,8,0,0,0,0,1,1,6,1,46,8,1560,2,9,-1,-1
2014331405122,2,1,0,18,0,8,0,0,0,0,2,1,6,1,29,6,-1,-1,-1,-1,-1
2014331405123,1,9,0,18,0,0,0,0,0,0,1,1,6,1,32,6,1997,2,14,-1,-1
2014331405123,2,9,0,18,0,0,0,0,0,0,2,1,1,2,-1,-1,1968,2,5,-1,-1
2014331405124,1,19,0,18,0,0,0,0,0,0,1,1,6,1,49,8,2299,2,2,-1,-1
2014331405124,2,20,0,18,0,0,0,0,0,0,2,1,6,1,34,6,5880,2,6,-1,-1
2014331405125,1,9,0,18,0,8,0,0,0,0,1,1,6,1,84,11,1389,1,11,-1,-1
2014331405125,2,1,0,18,0,8,0,0,0,0,2,1,6,1,52,8,-1,-1,-1,-1,-1
2014331405126,1,9,0,18,0,0,0,0,0,0,1,1,6,1,17,4,1198,1,10,-1,-1
2014331405126,2,9,0,18,0,0,0,0,0,0,2,1,6,2,39,7,1753,2,7,-1,-1
2014331405127,1,9,0,18,0,1,0,0,0,0,1,1,6,1,-1,-1,-1,-1,-1,-1,-1
2014331405128,1,9,0,18,0,0,0,0,0,0,1,1,6,1,78,11,1997,2,15,-1,-1
2014331405128,2,9,0,18,0,0,0,0,0,0,2,1,6,1,25,5,1686,2,10,-1,-1
2014331405129,1,9,0,18,0,0,0,0,0,0,1,1,6,1,21,5,1796,1,14,-1,-1
2014331405130,1,9,0,18,0,8,0,0,0,0,1,1,6,1,49,8,-1,-1,-1,-1,-1
2014331405130,2,9,0,18,0,8,0,0,0,0,2,1,6,1,65,9,-1,-1,-1,-1,-1
2014331405131,1,9,0,18,0,0,0,0,0,0,1,1,6,2,54,8,998,1,4,-1,-1
2014331405131,2,9,0,18,0,0,0,0,0,0,2,1,6,1,-1,-1,1390,1,1,-1,-1
2014331405132,1,9,0,18,0,0,0,0,0,0,1,1,6,1,62,9,1598,1,14,-1,-1
2014331405132,2,9,0,18,0,0,0,0,0,0,2,1,6,1,23,5,1781,1,14,-1,-1
2014331405133,1,9,0,18,0,1,0,0,0,0,1,1,6,1,22,5,973,1,11,-1,-1
2014331405133,2,9,0,18,0,1,0,0,0,0,2,1,6,2,47,8,1395,1,1,-1,-1
2014331405134,1,9,0,18,0,0,0,0,0,0,1,1,6,1,26,6,1590,1,16,-1,-1
2014331405134,2,1,0,18,0,0,0,0,0,0,2,1,6,1,27,6,-1,-1,-1,-1,-1
2014331405135,1,9,0,18,0,0,0,0,0,0,1,1,6,3,-1,-1,-1,-1,-1,-1,-1
2014331405136,1,9,0,18,0,2,0,0,0,0,1,1,6,2,20,4,-1,-1,-1,-1,-1
2014331405136,2,9,0,18,0,2,0,0,0,0,2,1,6,1,39,7,2000,2,7,-1,-1
2014331405137,1,9,0,18,0,0,0,0,0,0,1,1,6,2,45,7,1198,1,-1,-1,-1
2014331405138,1,9,0,18,0,2,0,0,0,0,1,1,6,1,23,5,1390,1,4,-1,-1
2014331405138,2,9,0,18,0,2,0,0,0,0,2,1,6,1,34,6,1956,2,3,-1,-1
2014331405139,1,9,0,18,0,0,0,0,0,0,1,1,6,1,33,6,1796,1,12,-1,-1
2014331405139,2,9,0,18,0,0,0,0,0,0,2,1,6,1,34,6,1840,1,18,-1,-1
2014331405140,1,9,0,18,0,1,0,0,0,0,1,1,6,1,34,6,1390,1,12,-1,-1
2014331405141,1,9,0,18,0,1,0,0,0,0,1,1,6,1,20,4,1198,1,11,-1,-1
2014331405141,2,9,0,18,0,1,0,0,0,0,2,1,6,1,48,8,-1,-1,-1,-1,-1
2014331405142,1,2,0,18,0,2,0,0,0,0,1,1,6,1,18,4,49,1,16,-1,-1
2014331405142,2,9,0,18,0,2,0,0,0,0,2,1,6,1,30,6,1896,2,7,-1,-1
2014331405143,1,9,0,18,0,8,0,0,0,0,1,1,6,2,59,9,1753,2,7,-1,-1
2014331405143,2,9,0,18,0,8,0,0,0,0,1,1,6,2,21,5,1242,1,12,-1,-1
2014331405144,1,9,0,18,0,0,0,0,0,0,1,1,6,2,22,5,1229,1,6,-1,-1
2014331405145,1,9,0,18,0,0,0,0,0,0,1,1,6,2,29,6,1998,2,11,-1,-1
2014331405145,2,1,0,18,0,0,0,0,0,0,2,1,6,1,33,6,-1,-1,-1,-1,-1
2014331405146,1,9,0,18,0,0,0,0,0,0,1,1,6,3,-1,-1,-1,-1,-1,-1,-1
2014331405146,2,2,0,18,0,0,0,0,0,0,2,1,6,1,16,4,-1,-1,-1,-1,-1
2014331405147,1,9,0,18,0,1,0,0,0,0,1,1,6,1,43,7,1560,2,4,-1,-1
2014331405147,2,9,0,18,0,1,0,0,0,0,2,1,6,2,25,5,995,1,4,-1,-1
2014331405148,1,19,0,18,0,1,0,0,0,0,1,1,6,1,49,8,-1,-1,-1,-1,-1
2014331405148,2,9,0,18,0,1,0,0,0,0,2,1,6,1,69,10,2171,2,11,-1,-1
2014331405149,1,9,0,18,0,0,0,0,0,0,1,1,6,1,32,6,1360,1,7,-1,-1
2014331405149,2,5,0,18,0,0,0,0,0,0,2,1,6,1,26,6,900,1,14,-1,-1
2014331405150,1,9,0,18,0,0,0,0,0,0,1,1,6,2,21,5,1242,1,11,-1,-1
2014331405150,2,9,0,18,0,0,0,0,0,0,2,1,6,2,-1,-1,1398,1,11,-1,-1
2014331405150,3,9,0,18,0,0,0,0,0,0,2,1,6,1,-1,-1,1796,1,11,-1,-1
2014331405151,1,9,0,18,0,0,0,0,0,0,1,1,6,2,33,6,1796,1,11,-1,-1
2014331405152,1,9,0,18,0,1,0,0,0,0,1,1,6,2,30,6,1242,1,4,-1,-1
2014331405153,1,20,0,18,0,0,0,0,0,0,1,1,6,1,59,9,4461,2,2,-1,-1
2014331405154,1,9,0,18,0,1,0,0,0,0,1,1,6,2,55,8,1398,2,9,-1,-1
2014331405154,2,11,0,18,0,1,0,0,0,0,2,1,6,1,62,9,7300,2,12,-1,-1
2014331405155,1,9,0,18,0,1,0,0,0,0,1,1,6,1,30,6,1995,2,11,-1,-1
2014331405155,2,9,0,18,0,1,0,0,0,0,2,1,6,1,26,6,1900,2,7,-1,-1
2014331405156,1,9,0,18,0,1,0,0,0,0,1,1,6,1,28,6,1399,2,8,-1,-1
2014331405157,1,9,0,18,0,0,0,0,0,0,1,1,6,3,-1,-1,-1,-1,-1,-1,-1
2014331405158,1,9,0,18,0,2,0,0,0,0,1,1,6,1,26,6,1850,1,15,-1,-1
2014331405158,2,9,0,18,0,2,0,0,0,0,2,1,6,3,-1,-1,-1,-1,-1,-1,-1
2014331405159,1,9,0,18,0,0,0,0,0,0,1,1,6,2,43,7,2143,2,4,-1,-1
2014331405159,2,9,0,18,0,0,0,0,0,0,2,1,6,1,-1,-1,1898,1,12,-1,-1
2014331405160,1,9,0,18,0,0,0,0,0,0,1,1,6,1,38,7,1794,1,8,-1,-1
2014331405160,2,9,0,18,0,0,0,0,0,0,2,1,6,1,57,9,1598,1,9,-1,-1
2014331405161,1,9,0,18,0,1,0,0,0,0,1,1,6,1,35,6,-1,-1,-1,-1,-1
2014331405161,2,97,0,18,0,1,0,0,0,0,2,1,6,1,39,7,-1,-1,-1,-1,-1
2014331405162,1,9,0,18,0,0,0,0,0,0,1,1,6,2,22,5,1248,1,2,-1,-1
2014331405163,1,9,0,18,0,0,0,0,0,0,1,1,6,2,50,8,1598,1,8,-1,-1
2014331405164,1,9,0,18,0,0,0,0,0,0,1,1,6,1,60,9,-1,-1,-1,-1,-1
2014331405164,2,9,0,18,0,0,0,0,0,0,2,1,6,2,48,8,1686,2,1,-1,-1
2014331405164,3,9,0,18,0,0,0,0,0,0,2,1,6,2,-1,-1,1896,2,10,-1,-1
2014331405165,1,9,0,18,0,0,0,0,0,0,1,1,6,1,48,8,-1,-1,-1,-1,-1
2014331405166,1,9,0,18,0,1,0,0,0,0,1,1,6,2,44,7,1988,1,10,-1,-1
2014331405166,2,9,0,18,0,1,0,0,0,0,2,1,6,2,27,6,1598,1,11,-1,-1
2014331405169,1,9,0,18,0,0,0,0,0,0,1,1,6,2,37,7,1328,1,3,-1,-1
2014331405169,2,1,0,18,0,0,0,0,0,0,2,1,6,1,61,9,-1,-1,-1,-1,-1
2014331405171,1,97,0,18,0,0,0,0,0,0,1,1,6,1,21,5,-1,-1,-1,-1,-1
2014331405171,2,9,0,18,0,0,0,0,0,0,2,1,6,1,24,5,-1,-1,-1,-1,-1
2014331405172,1,9,0,18,0,1,0,0,0,0,1,1,6,2,-1,-1,1598,1,2,-1,-1
2014331405173,1,9,0,18,0,8,0,0,0,0,1,1,6,1,34,6,1796,1,13,-1,-1
2014331405173,2,9,0,18,0,8,0,0,0,0,2,1,6,1,40,7,1495,1,13,-1,-1
2014331405174,1,9,0,18,0,0,0,4,0,0,1,1,6,1,41,7,1796,1,11,-1,-1
2014331405174,2,9,0,2,0,0,0,0,0,0,2,1,1,3,-1,-1,3456,8,6,-1,-1
2014331405174,3,9,0,2,0,0,0,0,0,0,2,1,6,3,-1,-1,1896,2,11,-1,-1
2014331405175,1,9,0,18,0,0,0,0,0,0,1,1,6,1,-1,-1,1796,1,6,-1,-1
2014331405176,1,9,0,18,0,1,0,0,0,0,1,1,6,1,40,7,2979,1,-1,-1,-1
2014331405177,1,19,0,18,0,1,0,0,0,0,1,1,6,1,33,6,-1,-1,-1,-1,-1
2014331405177,2,9,0,18,0,1,0,0,0,0,2,1,6,2,27,6,1390,1,7,-1,-1
2014331405178,1,9,0,18,0,1,0,0,0,0,1,1,6,1,26,6,-1,-1,-1,-1,-1
2014331405179,1,9,0,18,0,0,0,0,0,0,1,1,6,3,-1,-1,-1,-1,-1,-1,-1
2014331405179,2,9,0,18,0,0,0,0,0,0,2,1,6,2,30,6,1910,2,9,-1,-1
2014331405180,1,9,0,18,0,8,0,0,0,0,1,1,6,3,-1,-1,-1,-1,-1,-1,-1
2014331405180,2,20,0,18,0,8,0,0,0,0,2,1,6,3,-1,-1,11021,2,9,-1,-1
2014331405181,1,9,0,18,0,0,0,0,0,0,1,1,6,3,-1,-1,-1,-1,-1,-1,-1
2014331405182,1,9,0,18,0,0,0,0,0,0,1,1,6,2,35,6,973,1,11,-1,-1
2014331405183,1,9,0,18,0,8,0,0,0,0,3,1,6,2,44,7,1560,2,4,-1,-1
2014331405183,2,5,0,18,0,8,0,0,0,0,1,1,6,1,21,5,636,1,11,-1,-1
2014331405184,1,9,0,18,0,1,0,0,0,0,1,1,6,1,26,6,2499,1,8,-1,-1
2014331405184,2,3,0,18,0,1,0,0,0,0,2,1,6,1,31,6,124,1,-1,-1,-1
2014331405186,1,9,0,18,0,1,0,0,0,0,1,1,6,2,32,6,1560,2,4,-1,-1
2014331405187,1,9,0,18,0,0,0,0,0,0,1,1,6,3,-1,-1,-1,-1,-1,-1,-1
2014331405187,2,1,0,18,0,0,0,0,0,0,2,1,6,1,20,4,-1,-1,-1,-1,-1
2014331405188,1,9,0,18,0,0,0,0,0,0,1,1,6,1,36,7,-1,-1,-1,-1,-1
2014331405189,1,2,0,18,0,0,0,0,0,0,1,1,6,1,18,4,-1,-1,-1,-1,-1
2014331405190,1,9,0,18,0,2,0,0,0,0,1,1,6,1,24,5,1598,1,8,-1,-1
2014331405190,2,5,0,18,0,2,0,0,0,0,2,1,6,1,53,8,599,1,20,-1,-1
2014331405191,1,9,0,18,0,0,0,0,0,0,1,1,6,2,44,7,-1,-1,-1,-1,-1
2014331405191,2,3,0,18,0,0,0,0,0,0,2,1,6,1,-1,-1,124,1,8,-1,-1
2014331405192,1,9,0,17,0,2,0,0,0,0,1,1,6,1,30,6,1968,2,1,-1,-1
2014331405192,2,9,0,17,0,2,0,0,0,0,2,1,6,2,30,6,1591,1,-1,-1,-1
2014331405193,1,97,0,18,0,8,0,0,0,0,1,1,6,1,55,8,-1,-1,-1,-1,-1
2014331405194,1,2,0,18,0,1,0,0,0,0,1,1,6,1,23,5,49,1,5,-1,-1
2014331405194,2,9,0,18,0,1,0,0,0,0,2,1,6,1,45,7,1896,2,16,-1,-1
2014331405195,1,9,0,18,0,1,0,0,0,0,1,1,6,1,50,8,2830,2,18,-1,-1
2014331405195,2,19,0,18,0,1,0,0,0,0,2,1,6,1,33,6,-1,-1,-1,-1,-1
2014331405196,1,9,0,18,0,1,0,0,0,0,1,1,6,1,46,8,1896,2,5,-1,-1
2014331405196,2,5,0,18,0,1,0,0,0,0,2,1,6,1,21,5,645,1,14,-1,-1
2014331405197,1,9,0,18,0,0,0,0,0,0,1,1,6,2,46,8,1968,2,3,-1,-1
2014331405198,1,9,0,18,0,0,0,0,0,0,1,1,6,2,30,6,796,1,13,-1,-1
2014331405198,2,9,0,18,0,0,0,0,0,0,2,1,6,1,92,11,1149,1,4,-1,-1
2014331405199,1,9,0,18,0,0,0,0,0,0,1,1,6,2,28,6,1197,1,-1,-1,-1
2014331405199,2,9,0,18,0,0,0,0,0,0,2,1,6,2,45,7,1242,1,11,-1,-1
2014331405200,1,19,0,18,0,0,0,0,0,0,1,1,6,1,43,7,2402,2,5,-1,-1
2014331405200,2,9,0,18,0,0,0,0,0,0,2,1,6,2,55,8,2184,2,9,-1,-1
2014331405201,1,9,0,18,0,8,0,0,0,0,1,1,6,1,28,6,1560,2,7,-1,-1
2014331405201,2,9,0,18,0,8,0,0,0,0,2,1,6,2,27,6,1560,2,7,-1,-1
2014331405202,1,9,0,18,0,0,0,0,0,0,1,1,6,1,53,8,1895,1,15,-1,-1
2014331405202,2,98,0,18,0,0,0,0,0,0,2,1,6,1,-1,-1,9200,2,7,-1,-1
2014331405203,1,19,0,18,0,0,0,0,0,0,1,1,6,1,28,6,2198,2,1,-1,-1
2014331405203,2,9,0,18,0,0,0,0,0,0,2,1,6,1,39,7,1499,2,-1,-1,-1
2014331405203,3,19,0,18,0,0,0,0,0,0,2,1,6,1,44,7,-1,-1,-1,-1,-1
2014331405203,4,19,0,18,0,0,0,0,0,0,2,1,6,1,36,7,-1,-1,-1,-1,-1
2014331405204,1,9,0,18,0,0,0,0,0,0,1,1,6,2,52,8,1598,1,12,-1,-1
2014331405205,1,9,0,18,0,1,0,0,0,0,1,1,6,2,20,4,1364,2,9,-1,-1
2014331405206,1,9,0,18,0,0,0,0,0,0,1,1,6,1,48,8,1364,2,2,-1,-1
2014331405206,2,9,0,18,0,0,0,0,0,0,2,1,6,1,45,7,1242,1,11,-1,-1
2014331405207,1,19,0,18,0,0,0,0,0,0,1,1,6,1,-1,-1,1997,2,9,-1,-1
2014331405207,2,9,0,18,0,0,0,0,0,0,2,1,6,2,57,9,1360,1,10,-1,-1
2014331405208,1,5,0,17,0,8,1,0,0,0,1,1,6,1,30,6,749,1,23,4,1
2014331405209,1,9,0,18,0,0,0,0,0,0,1,1,6,3,-1,-1,-1,-1,-1,-1,-1
2014331405210,1,9,0,18,0,0,0,0,0,0,1,1,6,3,-1,-1,-1,-1,-1,-1,-1
2014331405211,1,3,0,18,0,0,0,0,0,0,1,1,6,2,22,5,125,1,-1,-1,-1
2014331405212,1,3,0,18,0,1,0,0,0,0,1,1,6,1,18,4,124,1,15,-1,-1
2014331405213,1,9,0,18,0,0,0,0,0,0,1,1,6,2,-1,-1,1598,2,3,-1,-1
2014331405213,2,9,0,18,0,0,0,0,0,0,2,1,6,2,60,9,973,1,14,-1,-1
2014331405214,1,9,0,18,0,1,0,0,0,0,1,1,6,2,24,5,1242,1,11,-1,-1
2014331405214,2,9,0,18,0,1,0,0,0,0,2,1,6,1,42,7,1910,2,11,-1,-1
2014331405214,3,9,0,18,0,1,0,0,0,0,2,1,6,1,44,7,2521,1,9,-1,-1
2014331405215,1,9,0,18,0,0,0,0,0,0,1,1,6,1,21,5,999,1,17,-1,-1
2014331405215,2,9,0,18,0,0,0,0,0,0,2,1,6,1,53,8,1896,2,6,-1,-1
2014331440098,1,21,1,18,0,8,0,0,0,0,3,2,1,1,29,6,-1,-1,-1,-1,-1
2014331440098,2,9,0,11,0,8,0,0,0,0,4,1,6,2,44,7,2143,2,3,9,3
201434NC01044,1,9,0,18,0,8,0,0,0,0,1,1,1,1,60,9,1686,2,13,-1,-1
201434NC01044,2,9,0,10,0,8,0,0,0,0,2,1,3,2,39,7,1686,2,7,5,1
201434NC01344,1,9,0,18,0,8,0,0,0,0,1,1,6,1,55,8,1360,1,12,3,1
201434NC01344,2,1,0,18,0,8,0,0,0,0,1,1,2,1,45,7,-1,-1,-1,3,1
201434NC01894,1,9,0,18,0,8,0,0,0,0,1,1,6,2,-1,-1,1995,2,13,-1,-1
201434NC01894,2,9,0,3,0,8,0,0,0,0,2,1,6,2,30,6,-1,-1,-1,2,1
201434NC02074,1,9,0,18,0,8,0,0,0,0,1,1,6,1,51,8,1796,1,12,1,1
201434NC02074,2,9,0,2,0,8,0,0,0,0,2,1,1,2,33,6,1753,2,5,2,1
201434NC02404,1,9,0,18,0,8,0,0,0,0,4,1,1,2,47,8,1686,2,2,1,1
201434NC02404,2,9,0,18,0,8,0,0,0,0,1,1,6,2,43,7,1397,1,11,7,1
201434NC02854,1,9,0,18,0,8,0,0,0,0,1,1,6,3,-1,-1,-1,-1,-1,-1,-1
201434NC02854,2,9,0,3,0,8,0,0,0,0,1,1,2,1,42,7,-1,-1,-1,5,1
201434NC03024,1,9,0,18,0,8,0,0,0,0,2,1,6,1,-1,-1,-1,-1,-1,-1,-1
201434NC03024,2,9,0,18,0,8,0,0,0,0,2,1,6,1,21,5,-1,-1,-1,1,1
201434NC03184,1,9,0,18,0,2,0,0,0,0,4,1,6,2,-1,-1,3199,1,12,-1,-1
201434NC03784,1,9,0,9,0,0,0,0,0,0,1,1,6,3,-1,-1,-1,-1,-1,-1,-1
201434NC03784,2,1,0,18,0,0,0,0,0,0,4,1,6,1,60,9,-1,-1,-1,5,1
201434NC03994,1,9,0,18,0,8,0,0,0,0,1,1,6,1,27,6,1995,1,13,5,1
201434NC04014,1,8,0,18,0,8,0,0,0,0,1,1,1,2,50,8,2402,2,9,-1,-1
201434NC04014,2,20,0,2,0,8,0,0,0,0,2,1,1,1,49,8,4250,2,16,-1,1
201434NC04024,1,9,0,16,0,8,0,0,0,0,1,1,6,1,82,11,1560,2,5,8,3
201434NC04024,2,9,0,17,0,8,1,0,0,0,1,1,6,2,43,7,-1,-1,-1,-1,-1
201434NC04434,1,9,0,13,0,0,0,0,0,0,1,1,6,1,35,6,1796,1,11,1,1
201434NC04434,2,9,0,18,0,0,0,0,1,10,1,1,6,1,19,4,1360,1,13,5,1
201434NC04724,1,9,0,18,0,0,0,0,0,0,3,1,2,1,40,7,1590,1,13,3,1
201434NC04904,1,20,0,9,0,8,0,0,0,0,1,1,1,1,35,6,4461,2,4,-1,-1
201434NC04904,2,1,0,18,0,8,0,0,0,0,1,1,6,2,39,7,-1,-1,-1,-1,-1
201434NC05174,1,9,0,18,0,8,0,0,0,0,1,1,6,2,50,8,1995,2,9,4,1
201434NC05174,2,9,0,3,0,8,0,0,0,0,2,1,6,1,-1,-1,2993,2,1,-1,-1