Accident_Index,Vehicle_Reference,Vehicle_Type,Towing_and_Articulation,Vehicle_Manoeuvre,Vehicle_Location-Restricted_Lane,Junction_Location,Skidding_and_Overturning,Hit_Object_in_Carriageway,Vehicle_Leaving_Carriageway,Hit_Object_off_Carriageway,1st_Point_of_Impact,Was_Vehicle_Left_Hand_Drive?,Journey_Purpose_of_Driver,Sex_of_Driver,Age_of_Driver,Age_Band_of_Driver,Engine_Capacity_(CC),Propulsion_Code,Age_of_Vehicle,Driver_IMD_Decile,Driver_Home_Area_Type
201434NC05174,3,9,0,9,0,8,0,0,0,0,0,1,6,3,-1,-1,-1,-1,-1,-1,-1
201434NC05684,1,9,0,18,0,0,0,0,0,0,1,1,6,1,52,8,2926,2,12,6,2
201434NC05684,2,9,0,18,0,0,0,0,0,0,1,1,6,2,25,5,1248,2,7,-1,1
201434NC05994,1,5,0,18,0,8,0,0,0,0,0,1,2,1,27,6,636,1,9,3,1
201434NC06304,1,9,0,18,0,0,0,0,0,0,1,1,6,2,-1,-1,1390,1,1,-1,-1
201434NC06304,2,9,0,3,0,0,0,0,0,0,0,1,2,2,31,6,998,1,2,-1,1
201434NC06444,1,21,0,18,0,0,0,0,0,0,0,1,1,1,53,8,-1,-1,-1,1,1
201434NC06934,1,9,0,15,0,0,0,0,0,0,1,1,6,1,58,9,2496,2,19,5,1
201434NC06934,2,9,0,10,0,0,0,0,0,0,3,1,1,1,47,8,-1,-1,-1,4,1
201434NC09174,1,9,0,18,0,8,0,0,0,0,1,1,6,2,34,6,1753,2,6,2,1
201434NC09174,2,9,0,3,0,8,0,0,0,0,2,1,6,2,27,6,1149,1,6,10,1
201434NC09744,1,9,0,7,0,8,0,0,0,0,2,1,6,3,58,9,-1,-1,-1,1,1
201434NC09744,2,1,0,18,0,8,0,0,0,0,3,1,6,1,44,7,-1,-1,-1,10,1
201434NC09784,1,9,0,3,0,8,0,0,0,0,3,1,6,1,27,6,1796,1,12,-1,-1
201434NC09784,2,9,0,18,0,8,0,0,0,0,4,1,6,2,32,6,1686,2,9,10,2
201434NC10464,1,9,0,18,0,8,0,0,0,0,1,1,1,1,28,6,1587,1,16,-1,-1
201434NC10464,2,9,0,18,0,8,0,0,0,0,1,1,3,2,58,9,1560,2,6,6,1
201434NC10864,1,9,0,18,0,0,0,0,1,0,0,1,6,1,18,4,1196,1,21,5,1
201434NC10964,1,9,0,18,0,8,0,0,0,0,1,1,2,1,53,8,1753,2,10,-1,-1
201434NC10964,2,9,0,3,0,8,0,0,0,0,2,1,2,2,51,8,796,1,14,2,1
201434NC11374,1,9,0,18,0,8,0,0,0,0,1,1,6,3,-1,-1,2290,1,14,-1,-1
201434NC11374,2,9,0,3,0,8,0,0,0,0,2,1,6,1,26,6,-1,-1,-1,6,2
201434NC11824,1,9,0,2,0,0,0,0,0,0,2,1,6,2,49,8,-1,-1,-1,-1,-1
201434NC11824,2,9,0,2,0,0,0,0,0,0,4,1,6,3,-1,-1,1997,2,12,-1,-1
201434NC11824,3,9,0,2,0,0,0,0,0,0,2,1,6,3,-1,-1,2967,2,2,-1,-1
201434NC11984,1,5,0,18,0,8,1,9,7,0,3,1,6,1,47,8,998,1,5,10,1
201434NC12064,1,9,0,18,0,0,5,10,7,0,1,1,6,1,80,11,1596,1,9,6,1
201434NC12174,1,9,0,18,0,0,0,0,1,2,0,1,6,1,25,5,1124,1,13,6,1
201434NC12244,1,9,0,9,0,8,0,0,0,0,1,1,6,1,94,11,1248,2,3,8,1
201434NC12244,2,9,0,18,0,8,0,0,0,0,1,1,6,2,69,10,1598,1,12,8,3
201434NC13024,1,9,0,18,0,8,0,0,0,0,1,1,6,1,-1,-1,1388,1,15,-1,-1
201434NC13024,2,9,0,3,0,8,0,0,0,0,2,1,1,1,50,8,1796,7,4,6,1
201434NC13054,1,9,0,12,0,8,0,0,0,0,0,1,6,2,24,5,1229,1,8,4,1
201434NC13054,2,5,0,18,0,8,0,10,7,0,0,1,6,1,67,10,599,1,4,7,3
201434NC13144,1,9,0,9,0,0,0,0,0,0,1,1,6,1,49,8,1997,2,6,2,1
201434NC13144,2,5,0,3,0,0,0,0,0,0,2,1,6,1,52,8,1157,1,9,3,1
201434NC13144,3,9,0,3,0,0,0,0,0,0,2,1,6,1,73,10,1910,2,9,9,1
201434NC13824,1,5,0,18,0,8,0,0,0,0,1,1,6,1,24,5,-1,-1,-1,-1,-1
201434NC13824,2,9,0,9,0,8,0,0,0,0,3,1,2,1,28,6,1997,2,12,2,1
201434NC13864,1,9,0,12,0,0,0,0,0,0,1,1,6,1,26,6,1360,1,5,9,2
201434NC13864,2,9,0,18,0,0,0,0,7,6,1,1,6,1,40,7,1796,1,13,3,1
201434NC14244,1,9,0,7,0,8,0,0,0,0,0,1,6,3,-1,-1,-1,-1,-1,-1,-1
201434NC14244,2,9,0,18,0,8,0,0,7,4,1,1,6,2,29,6,-1,-1,-1,3,1
201434NC14324,1,9,0,18,0,0,0,0,0,0,1,1,6,1,83,11,1150,1,9,-1,-1
201434NC14374,1,9,0,11,0,8,0,0,0,0,4,1,1,1,36,7,1598,1,12,3,1
201434NC14374,2,1,0,18,0,8,0,0,0,0,3,1,6,1,53,8,-1,-1,-1,-1,-1
201434NC14404,1,8,0,18,0,0,0,0,0,0,1,1,1,1,54,8,2402,2,12,3,1
201434NC14404,2,1,0,18,0,0,0,0,0,0,2,1,2,1,22,5,-1,-1,-1,2,1
201434NC14774,1,1,0,18,9,8,0,0,0,0,3,1,6,2,17,4,-1,-1,-1,-1,-1
201434NC14774,2,9,0,18,0,8,0,0,0,0,1,1,6,2,17,4,1368,1,6,-1,-1
201434NC15024,1,9,0,18,0,8,0,0,0,0,1,1,1,1,45,7,-1,-1,-1,9,3
201434NC15024,2,9,0,3,0,8,0,0,0,0,2,1,6,2,34,6,1968,2,2,-1,3
201434NC15504,1,9,0,18,0,8,0,0,3,0,1,1,6,2,84,11,1360,1,6,-1,-1
201434NC15504,2,9,0,18,0,8,0,0,1,9,2,1,6,1,-1,-1,-1,-1,-1,5,1
201434NC15674,1,9,0,3,0,8,0,0,0,0,1,1,6,2,33,6,1388,1,8,2,1
201434NC16464,1,9,0,18,0,0,0,0,0,0,1,1,6,2,24,5,1240,1,9,8,3
201434NC16954,1,20,0,18,0,8,0,0,0,0,0,1,6,1,32,6,-1,-1,-1,4,1
201434NC17404,1,9,0,18,0,8,0,0,0,0,1,1,6,1,-1,-1,1896,2,12,-1,-1
201434NC17404,2,9,0,3,0,8,0,0,0,0,2,1,3,2,34,6,1753,2,12,2,1
201434NC18024,1,9,0,18,0,0,0,0,0,0,3,1,6,3,-1,-1,-1,-1,-1,-1,-1
201434NC18024,2,9,0,14,0,0,0,0,0,0,3,1,6,1,22,5,-1,-1,-1,1,1
201434NC18474,1,9,0,18,0,8,0,0,0,0,1,1,2,2,58,9,1396,2,1,3,2
201434NC18474,2,9,0,18,0,8,0,0,0,0,1,1,6,1,21,5,1199,1,12,9,2
201434NC18604,1,9,0,18,0,8,0,0,0,0,2,1,2,1,54,8,2184,2,9,-1,1
201434NC18604,2,5,0,18,0,8,0,0,0,0,1,1,1,1,51,8,955,1,8,-1,-1
201434NC18884,1,9,0,18,0,8,0,0,0,0,3,1,2,2,18,4,999,1,2,10,2
201434NC18884,2,9,0,18,0,8,0,0,0,0,4,1,6,2,63,9,1240,1,5,6,2
201434NC19884,1,21,0,10,0,0,0,0,0,0,1,1,1,1,34,6,-1,-1,-1,-1,-1
201434NC19884,2,9,0,18,0,0,0,0,0,0,2,1,6,1,29,6,2180,2,20,-1,-1
201434NC19884,3,19,0,18,0,0,0,0,0,0,1,1,1,1,25,5,2402,2,3,-1,-1
201434NC20454,1,9,0,3,0,8,0,0,0,0,1,1,6,1,-1,-1,-1,-1,-1,-1,-1
201434NC20644,1,9,0,18,0,0,0,0,0,0,2,1,6,2,82,11,1388,1,3,2,1
201434NC20644,2,22,0,18,0,0,0,0,0,0,1,1,6,1,89,11,-1,-1,-1,-1,-1
201434NC21164,1,4,0,18,0,8,0,0,0,0,1,1,6,1,26,6,-1,-1,-1,3,1
201434NC21164,2,22,0,18,0,8,0,0,0,0,4,1,6,1,76,11,-1,-1,-1,-1,-1
201434NC21274,1,9,0,18,0,0,0,0,0,0,1,1,6,1,-1,-1,1896,1,16,-1,-1
201434NC21274,2,9,0,3,0,0,0,0,0,0,2,1,6,2,55,8,1796,1,13,2,1
201434NC21844,1,5,0,13,0,0,0,10,7,6,1,1,6,1,31,6,498,1,10,3,1
201434NC21934,1,1,0,18,0,0,0,0,7,11,0,1,6,1,15,3,-1,-1,-1,-1,-1
201434NC21934,2,9,0,18,0,0,0,0,0,0,4,1,6,2,-1,-1,1124,1,12,9,1
201434NC21944,1,9,0,14,0,0,0,0,0,0,4,1,6,1,46,8,1587,1,11,5,1
201434NC22464,1,9,0,18,0,8,2,10,1,2,1,1,6,1,34,6,2996,2,3,9,2
201434NC23004,1,9,0,3,0,0,0,0,0,0,1,1,6,2,58,9,1598,1,5,-1,1
201434NC23024,1,1,0,9,0,8,0,0,0,0,1,1,2,1,27,6,-1,-1,-1,3,1
201434NC23024,2,19,0,18,0,8,0,0,0,0,1,1,6,2,-1,-1,1298,1,11,-1,-1
201434NC23034,1,3,0,7,0,8,0,0,0,0,4,1,6,1,19,4,-1,-1,-1,-1,-1
201434NC23034,2,9,0,7,0,8,0,0,0,0,2,1,6,2,26,6,1296,1,7,4,1
201434NC23274,1,9,0,13,0,8,0,10,7,0,2,1,6,1,59,9,973,1,14,5,1
201434NC23274,2,9,0,18,0,8,0,0,0,0,1,1,6,2,49,8,2179,2,10,-1,-1
201434NC24674,1,9,0,18,0,0,0,0,0,0,1,1,6,1,39,7,2494,1,14,-1,-1
201434NC24674,2,9,0,18,0,0,0,0,0,0,1,1,6,2,26,6,1398,2,9,4,1
201434NC26704,1,9,0,18,0,8,0,0,0,0,1,1,6,1,-1,-1,-1,-1,-1,-1,-1
201434NC26704,2,9,0,18,0,8,0,0,0,0,1,1,6,1,30,6,1796,1,9,-1,-1
201434NC26724,1,9,0,9,0,8,0,0,0,0,1,1,6,2,22,5,1242,1,5,4,1
201434NC26724,2,1,0,18,0,8,0,0,0,0,1,1,6,1,43,7,-1,-1,-1,-1,-1
201434NC27044,1,9,0,18,0,0,0,0,0,0,1,1,6,1,-1,-1,1796,1,11,-1,-1
201434NC27044,2,1,0,18,0,0,0,0,0,0,1,1,6,2,44,7,-1,-1,-1,3,1
201434NC28394,1,9,0,10,0,0,0,0,0,0,2,1,6,1,37,7,2204,2,10,1,1
201434NC28394,2,9,0,18,0,0,0,0,0,0,1,1,6,2,19,4,1390,1,8,3,1
201434NC29384,1,9,0,18,0,0,0,0,0,0,1,1,6,1,34,6,1497,1,11,6,2
201434NC29384,2,9,0,18,0,0,0,0,0,0,1,1,1,1,52,8,1997,2,3,6,2
201434NC29534,1,5,0,9,0,8,0,0,0,0,4,1,6,1,23,5,659,1,10,9,1
201434NC29534,2,9,0,9,0,8,0,0,0,0,3,1,1,2,47,8,1240,1,7,3,1
201434NC30004,1,9,0,18,0,8,0,0,0,0,1,1,6,1,-1,-1,-1,-1,-1,-1,-1
201434NC30004,2,9,0,18,0,8,0,0,0,0,4,1,2,1,48,8,1968,2,-1,-1,1
201434NC30054,1,9,0,6,0,0,0,0,0,0,1,1,6,1,25,5,1461,2,10,1,1
201434NC30054,2,9,0,18,0,0,0,0,0,0,1,1,6,2,47,8,1798,1,12,5,1
201434NC30264,1,9,0,18,0,8,0,0,0,0,1,1,1,1,65,9,1396,1,14,4,1
201434NC30784,1,9,0,18,0,8,0,0,0,0,1,1,6,2,-1,-1,1390,1,7,-1,-1
201434NC30784,2,9,0,18,0,8,0,0,0,0,2,1,2,1,38,7,1984,1,2,2,1
201434NC31194,1,9,0,18,0,8,0,0,0,0,1,1,6,1,67,10,1834,1,13,6,2
201434NC31194,2,9,0,10,0,8,0,0,0,0,1,1,6,2,54,8,1242,1,2,10,1
201434NC31194,3,9,0,18,0,8,0,0,1,9,0,1,2,1,45,7,1997,2,10,7,2
201434NC31664,1,9,0,18,0,8,0,0,0,0,1,1,2,1,-1,-1,1997,2,9,5,1
201434NC31664,2,1,0,18,0,8,0,0,0,0,4,1,6,1,46,8,-1,-1,-1,-1,1
201434NC31674,1,9,0,18,0,8,0,0,0,0,1,1,1,2,43,7,1896,2,11,1,1
201434NC31814,1,-1,0,13,0,8,0,0,0,0,4,1,6,3,-1,-1,-1,-1,-1,-1,-1
201434NC31814,2,9,0,18,0,8,0,0,0,0,3,1,3,2,45,7,1587,1,12,3,1
201434NC32594,1,9,0,14,0,8,0,0,0,0,1,1,2,1,28,6,-1,-1,-1,-1,-1
201434NC32594,2,9,0,10,0,8,0,0,0,0,4,1,6,2,42,7,1124,1,13,3,1
201434NC32594,3,9,0,18,0,8,0,0,0,0,1,1,6,1,62,9,1560,2,6,8,3
201434NC32954,1,9,0,18,0,0,1,0,0,0,1,1,6,1,44,7,1686,2,13,-1,-1
201434NC32954,2,9,0,2,0,0,0,0,0,0,2,1,6,1,65,9,1560,2,10,1,1
201434NC32954,3,9,0,18,0,0,0,0,0,0,1,1,1,1,54,8,-1,-1,-1,5,1
201434NC33054,1,9,0,18,0,0,0,0,0,0,1,1,3,2,25,5,1598,1,10,-1,-1
201434NC33944,1,8,0,18,0,0,0,0,0,0,3,1,6,1,-1,-1,-1,-1,-1,-1,-1
201434ND31004,1,20,1,18,0,0,0,0,0,0,1,1,1,1,53,8,-1,-1,-1,10,3
201434ND31004,2,9,0,3,0,0,0,0,0,0,2,1,1,1,53,8,1388,1,15,6,2
201434ND33774,1,20,0,18,0,0,0,0,0,0,1,1,1,1,34,6,-1,-1,-1,5,1
201434ND33774,2,19,0,11,0,0,0,0,0,0,2,1,1,1,41,7,1995,2,6,9,3
201434ND33774,3,9,0,18,0,0,0,0,0,0,0,1,1,1,24,5,2494,1,11,10,1
201434NE00504,1,9,0,13,0,0,1,0,0,0,1,1,6,1,20,4,1994,1,14,7,2
201434NE00504,2,9,0,18,0,0,0,0,0,0,1,1,6,2,37,7,-1,-1,-1,10,2
201434NE00514,1,9,0,18,0,8,0,0,0,0,1,1,6,2,62,9,1364,1,5,10,1
201434NE00714,1,9,0,9,0,8,0,0,0,0,3,1,6,2,27,6,999,1,13,8,1
201434NE00714,2,9,0,18,0,8,0,0,0,0,1,1,1,1,45,7,-1,-1,-1,3,1
201434NE01264,1,9,0,16,0,0,1,0,0,0,1,1,6,1,75,10,996,1,3,10,2
201434NE01264,2,9,0,17,0,0,0,0,0,0,1,1,6,2,58,9,1396,1,3,10,2
201434NE01364,1,9,0,18,0,8,0,0,0,0,0,1,6,3,-1,-1,-1,-1,-1,-1,-1
201434NE01364,2,3,0,18,0,8,1,0,0,0,0,1,6,1,17,4,124,1,1,7,3
201434NE01524,1,9,0,18,0,0,0,0,0,0,0,1,6,3,-1,-1,-1,-1,-1,-1,-1
201434NE01524,2,1,0,18,0,0,0,0,0,0,0,1,6,2,37,7,-1,-1,-1,9,1
201434NE02094,1,9,0,9,0,8,0,0,0,0,0,1,6,2,34,6,1398,1,4,4,1
201434NE02094,2,3,0,18,0,8,1,0,0,0,0,1,6,1,61,9,-1,-1,-1,5,1
201434NE02104,1,9,0,18,0,8,0,0,0,0,4,1,3,1,45,7,1984,1,15,7,3
201434NE02254,1,9,0,18,0,0,0,0,0,0,3,1,6,1,-1,-1,-1,-1,-1,-1,-1
201434NE02254,2,9,0,18,0,0,0,0,0,0,1,1,6,2,63,9,1588,1,11,-1,-1
201434NE02414,1,9,0,18,0,0,0,0,7,0,3,1,6,2,23,5,2495,2,9,-1,-1
201434NE02414,2,9,0,18,0,0,0,0,0,0,1,1,2,1,61,9,1997,2,10,5,1
201434NE02604,1,9,0,18,0,0,0,0,0,0,0,1,3,1,65,9,1560,2,6,8,3
201434NE02664,1,9,0,18,0,0,0,0,0,0,1,1,6,2,82,11,1275,1,15,6,2
201434NE02664,2,16,0,18,0,0,0,0,0,0,4,1,6,1,63,9,-1,-1,-1,-1,-1
201434NE02834,1,21,0,12,0,0,0,0,0,0,3,1,6,1,-1,-1,11705,2,14,-1,-1
201434NE02834,2,9,0,13,0,0,0,0,0,0,4,1,1,1,49,8,-1,-1,-1,3,1
201434NE03014,1,20,0,18,0,0,1,0,0,0,1,1,1,1,46,8,3908,2,7,4,1
201434NE03014,2,9,0,3,0,0,0,0,0,0,1,1,1,1,28,6,-1,-1,-1,9,1
201434NE03014,3,9,0,3,0,0,0,0,0,0,2,1,6,2,38,7,1896,2,5,6,2
201434NE03494,1,9,0,18,0,0,0,0,0,0,1,1,1,1,34,6,-1,-1,-1,-1,1
201434NE03494,2,9,0,18,0,0,1,0,0,0,1,1,1,1,33,6,-1,-1,-1,-1,1
201434NE03494,3,9,0,18,0,0,0,0,0,0,2,1,2,2,59,9,1679,1,16,-1,-1
201434NE03704,1,9,0,18,0,8,0,0,0,0,1,1,6,1,-1,-1,-1,-1,-1,-1,-1
201434NE03704,2,1,0,7,0,8,0,0,0,0,2,1,6,1,40,7,-1,-1,-1,-1,-1
201434NE04114,1,9,0,18,0,0,0,0,0,0,1,1,6,1,70,10,2401,2,10,7,2
201434NE04114,2,9,0,2,0,0,0,0,0,0,1,1,6,3,-1,-1,1229,1,3,-1,-1
201434NE04114,3,9,0,2,0,0,0,0,0,0,2,1,6,3,-1,-1,1560,2,3,-1,-1
201434NE04914,1,9,0,18,0,0,0,0,1,2,1,1,6,1,28,6,1968,2,10,2,1
201434NE05004,1,9,0,18,0,8,0,0,0,0,1,1,6,1,33,6,1560,2,7,3,1
201434NE05004,2,9,0,10,0,8,0,0,0,0,2,1,6,2,19,4,-1,-1,-1,8,1
201434NE05554,1,9,0,18,0,8,0,0,0,0,1,1,6,1,24,5,1995,2,3,8,3
201434NE05564,1,3,0,18,0,0,0,0,0,0,1,1,6,1,21,5,-1,-1,-1,-1,-1
201434NE05564,2,9,0,10,0,0,0,0,0,0,2,1,6,2,35,6,1560,2,1,5,1
201434NE05764,1,9,0,16,0,0,5,0,0,4,1,1,6,1,24,5,1896,2,12,8,3
201434NE06004,1,9,0,7,0,8,0,0,0,0,4,1,6,1,-1,-1,-1,-1,-1,-1,-1
201434NE06674,1,17,4,18,0,0,0,0,0,0,0,1,6,3,-1,-1,-1,-1,-1,-1,-1
201434NE06674,2,1,0,18,0,0,0,0,1,0,0,1,6,1,51,8,-1,-1,-1,7,2
201434NE06734,1,9,0,18,0,0,0,0,0,0,3,1,6,1,-1,-1,-1,-1,-1,-1,-1
201434NE06734,2,1,0,18,0,0,0,0,0,0,1,1,6,1,43,7,-1,-1,-1,10,1
201434NE06914,1,9,0,18,0,0,0,0,1,2,1,1,6,1,34,6,1998,2,11,10,1
201434NE06914,2,9,0,18,0,0,0,0,0,0,0,1,1,1,-1,-1,2993,2,2,-1,-1
201434NE07024,1,3,0,17,0,0,1,0,0,0,4,1,6,1,22,5,125,1,8,6,2
201434NE07024,2,9,0,16,0,0,0,0,0,0,1,1,6,1,45,7,-1,-1,-1,6,2
201434NE07144,1,9,0,18,0,8,0,0,0,0,1,1,3,2,33,6,1998,1,9,-1,-1
201434NE07144,2,9,0,3,0,8,0,0,0,0,2,1,6,2,34,6,995,1,9,5,1
201434NE07144,3,9,0,3,0,8,0,0,0,0,2,1,2,2,48,8,1360,1,5,3,1
201434NE07194,1,9,0,9,0,8,0,0,0,0,1,1,6,3,-1,-1,-1,-1,-1,-1,-1
201434NE07194,2,1,0,18,0,8,0,0,0,0,2,1,6,1,30,6,-1,-1,-1,3,1
201434NE07204,1,19,0,1,0,0,0,0,0,3,4,1,1,1,40,7,-1,-1,-1,9,3
201434NE07874,1,9,0,9,0,8,0,0,0,0,1,1,6,2,22,5,1600,1,15,8,1
201434NE07874,2,9,0,18,0,8,0,0,0,0,1,1,1,1,43,7,-1,-1,-1,-1,-1
201434NE08394,1,9,0,18,0,8,1,0,1,0,1,1,1,1,38,7,-1,-1,-1,-1,-1
201434NE09324,1,9,0,18,0,0,2,0,0,0,1,1,2,1,31,6,1242,1,-1,4,3
201434NE09614,1,9,0,18,0,8,0,0,0,0,2,1,2,2,30,6,1598,1,12,4,1
201434NE09614,2,9,0,18,0,8,0,0,0,0,1,1,6,2,62,9,1388,1,7,9,2
201434NE10064,1,9,0,18,0,8,5,0,0,1,1,1,6,1,33,6,2499,1,8,4,2
201434NE10444,1,9,0,1,0,8,0,0,0,0,2,1,6,2,28,6,1753,2,4,6,2
201434NE10654,1,9,0,18,0,0,0,0,0,0,1,1,1,2,45,7,1248,2,9,9,2
201434NE10654,2,9,0,3,0,0,0,0,0,0,1,1,2,2,40,7,-1,-1,-1,9,2
201434NE10654,3,9,0,3,0,0,0,0,0,0,2,1,2,1,50,8,1973,1,14,5,1
201434NE10724,1,21,2,18,0,0,1,0,0,0,1,1,1,1,49,8,12740,2,-1,9,1
201434NE10724,2,9,0,3,0,0,0,0,0,0,2,1,1,1,36,7,-1,-1,-1,8,2
201434NE10724,3,9,0,3,0,0,0,0,0,0,2,1,1,1,50,8,1598,2,1,-1,-1
201434NE10724,4,9,0,3,0,0,5,0,0,0,2,1,2,2,31,6,1560,2,6,4,3
201434NE10724,5,20,0,3,0,0,0,0,0,0,1,1,1,1,61,9,3920,2,7,-1,-1
201434NE10724,6,9,0,3,0,0,0,0,0,0,2,1,1,1,40,7,-1,-1,-1,-1,-1
201434NE10724,7,9,0,3,0,0,0,0,0,0,2,1,1,1,53,8,-1,-1,-1,2,1
201434NE11194,1,9,0,4,0,0,0,0,0,0,2,1,6,3,-1,-1,-1,-1,-1,-1,-1
201434NE11194,2,9,0,18,0,0,0,0,0,0,1,1,2,1,-1,-1,1995,2,5,-1,-1
201434NE11194,3,9,0,18,0,0,0,0,0,0,1,1,2,1,-1,-1,-1,-1,-1,-1,-1
201434NE11194,4,9,0,18,0,0,0,0,0,0,1,1,2,1,-1,-1,2143,2,-1,-1,-1
201434NE11194,5,9,0,18,0,0,0,0,0,0,1,1,2,2,55,8,1999,1,2,10,2
201434NE11404,1,5,0,13,0,8,0,0,1,10,1,1,6,1,29,6,1299,1,10,-1,1
201434NE11404,2,20,0,18,0,8,0,0,0,0,3,1,1,1,33,6,-1,-1,-1,4,1
201434NE11614,1,9,0,18,0,5,0,0,0,0,1,1,6,1,29,6,1900,2,16,4,1
201434NE11614,2,1,0,7,0,8,0,0,0,0,1,1,6,1,17,4,-1,-1,-1,-1,-1
201434NE11624,1,9,0,3,0,7,0,0,0,0,1,1,2,1,56,9,2179,2,3,5,1
201434NE11624,2,9,0,18,0,6,0,0,0,0,2,1,2,2,36,7,1995,2,11,-1,-1
201434NE11964,1,9,0,18,0,8,0,0,0,0,4,1,3,1,35,6,1870,2,12,10,2
201434NE11964,2,9,0,18,0,8,0,0,0,1,1,1,6,1,17,4,1198,1,3,7,3
201434NE12004,1,5,0,13,0,0,1,0,0,0,1,1,6,1,24,5,599,1,10,7,1
201434NE12004,2,9,0,18,0,0,0,0,0,0,1,1,6,2,49,8,1390,1,2,9,2
201434NE12414,1,9,0,18,0,0,0,0,0,0,2,1,6,1,35,6,1997,2,12,-1,1
201434NE12954,1,9,0,4,0,0,0,0,0,0,2,1,6,2,30,6,1999,1,8,10,2
201434NE12954,2,9,0,18,0,0,0,0,0,0,1,1,6,1,-1,-1,1397,1,14,-1,-1
201434NE12964,1,9,0,3,0,0,0,0,0,0,2,1,2,1,29,6,1391,1,14,7,3
201434NE12964,2,1,0,18,0,0,0,0,0,0,1,1,6,1,29,6,-1,-1,-1,5,2
201434NE13034,1,9,0,18,0,8,0,0,0,0,1,1,2,2,45,7,1405,1,10,-1,-1
201434NE13034,2,9,0,2,0,8,0,0,0,0,1,1,6,2,52,8,1149,1,5,-1,-1
201434NE14124,1,9,0,14,0,0,0,0,0,0,3,1,1,2,37,7,-1,-1,-1,7,2
201434NE14294,1,9,0,18,0,8,0,0,0,0,3,1,6,1,-1,-1,-1,-1,-1,-1,-1
201434NE14314,1,9,0,18,0,8,0,0,0,0,1,1,6,1,47,8,1397,1,15,3,1
201434NE14314,2,8,0,18,0,8,0,0,0,0,1,1,1,1,28,6,1998,2,9,-1,-1
201434NE14614,1,9,0,13,0,0,0,0,0,0,4,1,6,1,-1,-1,-1,-1,-1,-1,-1
201434NE14614,2,16,0,18,0,0,0,0,0,0,3,1,6,2,20,4,-1,-1,-1,-1,-1
201434NE14924,1,9,0,18,0,8,0,0,2,0,2,1,2,2,24,5,-1,-1,-1,5,1
201434NE14924,2,9,0,3,0,8,0,0,0,0,2,1,6,2,67,10,1997,1,9,10,2
201434NE14924,3,20,0,3,0,8,0,0,0,0,2,1,1,1,67,10,-1,-1,-1,3,1
201434NE15654,1,9,0,18,0,8,0,0,0,0,1,1,2,1,33,6,-1,-1,-1,-1,-1
201434NE15654,2,9,0,3,0,8,0,0,1,0,2,1,2,1,48,8,1299,1,9,8,1
201434NE15654,3,9,0,3,0,8,0,0,0,0,2,1,6,2,28,6,1390,1,3,-1,-1
201434NE15784,1,9,0,7,0,8,0,0,0,0,1,1,6,2,26,6,1590,1,11,8,3
201434NE15784,2,9,0,18,0,8,0,0,0,0,3,1,6,1,-1,-1,2720,2,9,8,1
201434NE16184,1,9,0,18,0,8,0,0,0,0,0,1,6,3,-1,-1,1598,1,10,-1,-1
201434NE16184,2,1,0,18,0,8,0,0,0,0,0,1,6,1,47,8,-1,-1,-1,2,1
201434NE16574,1,20,1,18,0,0,1,0,0,0,1,1,1,1,30,6,-1,-1,-1,1,1
201434NE16574,2,9,0,3,0,0,0,0,4,0,2,1,2,1,23,5,1598,1,10,5,1
201434NE16664,1,9,0,18,0,0,0,0,0,0,4,1,6,2,27,6,1997,2,4,9,2
201434NE17614,1,9,0,18,0,8,0,0,0,0,1,1,6,2,48,8,1422,2,6,10,2
201434NE17614,2,19,0,7,0,8,0,0,0,0,3,1,6,1,-1,-1,-1,-1,-1,-1,-1
201434NE18204,1,9,0,9,0,0,0,0,0,0,1,1,6,1,54,8,-1,-1,-1,10,2
201434NE18204,2,1,0,18,0,0,0,0,0,0,3,1,6,1,45,7,-1,-1,-1,-1,-1
201434NE18644,1,9,0,18,0,0,0,0,0,0,1,1,1,1,57,9,-1,-1,-1,5,1
201434NE18644,2,9,0,18,0,0,0,0,0,0,2,1,2,1,34,6,1984,2,3,3,1
201434NE18654,1,3,0,18,0,0,0,0,1,0,1,1,1,1,46,8,124,1,6,6,2
201434NE18984,1,9,0,18,0,0,0,0,0,0,1,1,6,1,24,5,1299,1,14,7,2
201434NE18984,2,9,0,18,0,0,0,0,0,0,1,1,6,1,-1,-1,1995,2,10,-1,-1
201434NE18994,1,20,1,6,0,0,0,0,0,0,3,1,1,1,64,9,-1,-1,-1,3,3
201434NE18994,2,9,0,18,0,0,0,0,4,0,1,1,6,1,49,8,2979,1,3,10,3
201434NE19294,1,9,0,18,0,0,0,0,0,0,1,1,1,1,50,8,1995,2,2,6,3
201434NE19294,2,3,0,3,0,0,0,0,0,0,2,1,2,1,44,7,125,1,-1,-1,-1
201434NE19494,1,9,0,13,0,0,5,0,0,0,1,1,6,1,32,6,2967,1,13,1,1
201434NE19494,2,9,0,18,0,0,0,0,0,0,1,1,2,2,46,8,1461,2,3,3,1
201434NE19494,3,9,0,18,0,0,0,0,0,0,0,1,6,1,51,8,1968,2,-1,10,1
201434NE19494,4,9,0,18,0,0,0,0,1,0,1,1,6,2,42,7,1498,1,6,6,3
201434NE20054,1,19,0,18,0,0,1,0,0,0,1,1,6,1,47,8,1896,2,14,5,1
201434NE20054,2,9,0,3,0,0,0,0,0,0,2,1,6,2,43,7,1999,1,9,4,2
201434NE20054,3,9,0,3,0,0,0,0,0,0,2,1,6,1,27,6,1560,2,5,4,1
201434NE20204,1,9,0,18,0,0,5,0,7,0,1,1,6,2,36,7,1398,1,4,10,2
201434NE20674,1,9,0,18,0,8,0,0,0,0,2,1,6,2,20,4,1390,1,6,7,3
201434NE20674,2,9,0,18,0,8,0,0,0,0,4,1,6,1,57,9,1560,2,8,10,2