Accident_Index,Vehicle_Reference,Vehicle_Type,Towing_and_Articulation,Vehicle_Manoeuvre,Vehicle_Location-Restricted_Lane,Junction_Location,Skidding_and_Overturning,Hit_Object_in_Carriageway,Vehicle_Leaving_Carriageway,Hit_Object_off_Carriageway,1st_Point_of_Impact,Was_Vehicle_Left_Hand_Drive?,Journey_Purpose_of_Driver,Sex_of_Driver,Age_of_Driver,Age_Band_of_Driver,Engine_Capacity_(CC),Propulsion_Code,Age_of_Vehicle,Driver_IMD_Decile,Driver_Home_Area_Type
201434NE21504,1,19,0,18,0,0,0,0,0,0,4,1,2,1,50,8,2460,2,11,10,2
201434NE21504,2,1,0,18,0,0,0,0,0,0,2,1,6,2,30,6,-1,-1,-1,7,2
201434NE21654,1,9,0,9,0,8,0,0,0,0,2,1,6,1,32,6,1598,1,11,2,1
201434NE21654,2,11,0,18,0,8,0,0,0,0,1,1,1,1,55,8,9000,2,1,5,1
201434NE21824,1,9,0,18,0,8,0,0,0,0,1,1,6,1,76,11,2962,1,18,9,1
201434NE22634,1,9,0,18,0,8,1,0,0,0,1,1,6,1,28,6,1896,2,8,6,1
201434NE22634,2,19,0,10,0,8,0,0,0,0,2,1,1,2,44,7,2143,2,-1,3,1
201434NE22764,1,9,0,18,0,0,1,0,0,0,1,1,6,2,25,5,1596,1,4,-1,-1
201434NE22764,2,1,0,18,0,0,0,0,0,0,2,1,6,1,13,3,-1,-1,-1,-1,-1
201434NE22794,1,3,0,18,0,0,0,0,0,0,1,1,6,1,18,4,124,1,1,7,2
201434NE22794,2,1,0,13,0,0,0,0,0,0,2,1,6,1,16,4,-1,-1,-1,10,2
201434NE23174,1,9,0,7,0,8,0,0,0,0,1,1,6,1,19,4,1229,1,9,8,1
201434NE23184,1,9,0,7,0,8,0,0,0,0,1,1,6,1,34,6,2184,2,9,8,1
201434NE23184,2,9,0,18,0,8,0,0,1,0,2,1,6,1,32,6,1368,1,5,10,1
201434NE23344,1,9,0,18,0,8,0,0,0,0,2,1,6,1,25,5,1595,1,15,4,1
201434NE23344,2,9,0,18,0,8,0,0,0,0,1,1,6,1,39,7,1299,1,13,9,3
201434NE23794,1,21,0,18,0,8,1,0,0,0,1,1,1,1,38,7,-1,-1,-1,3,1
201434NE23794,2,9,0,3,0,8,0,0,0,0,2,1,1,1,60,9,1461,2,1,-1,-1
201434NE23794,3,9,0,10,0,8,0,0,0,0,2,1,6,2,45,7,2143,2,3,4,2
201434NE24454,1,9,0,17,0,0,0,0,0,0,3,1,6,3,-1,-1,-1,-1,-1,-1,-1
201434NE24454,2,9,0,16,0,0,0,0,0,0,3,1,2,2,41,7,1968,2,5,9,2
201434NE24514,1,9,0,18,0,8,0,0,0,0,2,1,2,1,52,8,1968,2,4,-1,-1
201434NE24514,2,3,0,18,0,8,0,0,0,0,1,1,2,2,32,6,124,1,2,3,1
201434NE24924,1,9,0,18,0,0,0,0,7,0,1,1,2,1,22,5,1896,2,13,3,1
201434NE24924,2,9,0,18,0,0,0,0,7,0,3,2,2,1,31,6,-1,-1,-1,4,1
201434NE25484,1,19,0,9,0,8,0,0,0,0,1,1,1,1,56,9,2143,2,1,-1,-1
201434NE25484,2,9,0,18,0,8,0,0,0,0,3,1,2,1,38,7,-1,-1,-1,-1,-1
201434NE25694,1,9,0,18,0,0,0,0,0,0,3,1,1,1,21,5,-1,-1,-1,1,1
201434NE25694,2,19,0,9,0,0,0,0,0,0,4,1,6,2,59,9,1753,2,10,8,3
201434NE25854,1,9,0,9,0,0,0,0,0,0,1,1,6,1,56,9,1998,2,11,6,2
201434NE25854,2,5,0,18,0,0,0,0,0,0,1,1,6,1,29,6,599,1,6,9,3
201434NE25894,1,21,0,18,0,0,0,0,0,0,1,1,1,1,38,7,11967,2,3,-1,-1
201434NE25894,2,21,0,2,0,0,0,0,0,0,2,1,1,1,36,7,12740,2,3,-1,-1
201434NE26384,1,9,0,18,0,0,0,0,0,0,1,1,6,1,-1,-1,1598,1,11,-1,-1
201434NE26384,2,9,0,3,0,0,0,0,0,0,2,1,6,2,47,8,1798,1,2,-1,-1
201434NE26524,1,19,0,18,0,8,0,0,0,0,1,1,2,1,37,7,2500,2,7,8,1
201434NE26524,2,9,0,10,0,8,0,0,7,10,2,1,6,1,-1,-1,1796,1,12,-1,-1
201434NE26664,1,9,0,9,0,8,0,0,0,0,3,1,6,3,-1,-1,-1,-1,-1,-1,-1
201434NE26674,1,9,0,18,0,0,0,0,0,0,2,1,6,3,-1,-1,-1,-1,-1,-1,-1
201434NE26674,2,9,0,18,0,0,0,0,0,0,1,1,6,1,-1,-1,1124,1,13,-1,-1
201434NE26714,1,9,0,18,0,0,1,0,0,0,1,1,6,1,27,6,1796,1,14,5,1
201434NE26714,2,9,0,18,0,0,0,0,0,0,1,1,6,1,28,6,1995,2,-1,8,3
201434NE26754,1,9,0,18,0,0,0,0,0,0,1,1,6,1,19,4,1229,1,1,-1,-1
201434NE26754,2,19,0,4,0,0,0,0,0,0,1,1,6,1,55,8,-1,-1,-1,-1,-1
201434NE26754,3,9,0,3,0,0,0,0,0,0,0,1,6,1,-1,-1,1798,1,13,-1,-1
201434NE26864,1,9,0,18,0,8,0,0,0,0,1,1,6,1,-1,-1,1596,1,3,-1,-1
201434NE26864,2,1,0,18,0,8,0,0,0,0,1,1,6,1,9,2,-1,-1,-1,4,1
201434NE27374,1,9,0,18,0,8,0,0,0,0,0,1,6,3,-1,-1,1896,2,12,-1,-1
201434NE27384,1,9,0,18,0,8,0,0,0,0,3,1,6,2,58,9,1248,1,3,8,3
201434NE27394,1,9,0,2,0,0,0,0,0,0,3,1,6,2,51,8,2188,2,12,3,1
201434NE27394,2,1,0,18,0,0,0,0,0,0,4,1,1,1,60,9,-1,-1,-1,-1,-1
201434NE27564,1,9,0,6,0,0,0,0,0,0,2,1,6,3,-1,-1,1298,1,11,-1,-1
201434NE27564,2,9,0,3,0,0,0,0,0,0,0,1,6,2,29,6,1364,1,7,-1,-1
201434NE27604,1,19,0,18,0,0,0,0,0,0,1,1,6,1,-1,-1,1753,2,10,-1,-1
201434NE27604,2,9,0,3,0,0,0,0,0,0,2,1,6,2,51,8,1968,2,8,10,3
201434NE27604,3,9,0,2,0,0,0,0,0,0,2,1,6,3,-1,-1,1399,2,6,-1,-1
201434NE28174,1,19,0,18,0,8,0,0,0,0,1,1,6,1,-1,-1,2198,2,4,-1,-1
201434NE28174,2,9,0,3,0,8,0,0,0,0,2,1,1,2,21,5,1229,1,1,3,1
201434NE28954,1,9,0,18,0,0,0,0,0,0,1,1,1,1,-1,-1,-1,-1,-1,-1,-1
201434NE28954,2,9,0,3,0,0,0,0,0,0,1,1,6,1,34,6,2184,2,9,9,1
201434NE28954,3,9,0,3,0,0,0,0,0,0,2,1,6,1,-1,-1,1896,2,12,-1,-1
201434NE29364,1,19,0,18,0,0,0,0,0,0,0,1,6,1,-1,-1,2143,2,2,9,2
201434NE29364,2,1,0,18,0,0,0,0,0,0,2,1,6,2,53,8,-1,-1,-1,9,3
201434NE29864,1,90,0,18,0,0,0,0,0,0,3,1,6,2,-1,-1,-1,-1,-1,-1,-1
201434NE29884,1,21,0,18,0,0,0,0,0,0,1,1,1,1,23,5,-1,-1,-1,-1,-1
201434NE29884,2,9,0,3,0,0,0,0,0,0,2,1,6,2,71,10,1560,2,2,9,2
201434NE29894,1,9,0,18,0,0,1,0,0,0,1,1,2,1,20,4,1986,1,26,10,2
201434NE29894,2,9,0,18,0,0,1,0,0,0,1,1,6,1,36,7,1997,2,6,7,3
201434NE30184,1,20,1,18,0,6,0,0,0,0,1,1,1,1,29,6,-1,-1,-1,5,3
201434NE30184,2,9,0,3,0,8,0,0,0,0,2,1,6,2,69,10,1956,2,-1,8,1
201434NE31024,1,9,0,16,0,0,0,0,0,0,1,1,6,2,32,6,1997,2,10,10,2
201434NE31024,2,9,0,17,0,0,0,0,0,0,1,1,6,1,24,5,1499,2,1,-1,-1
201434NE31804,1,9,0,18,0,8,0,0,0,0,2,1,6,1,18,4,1398,2,6,9,2
201434NE31804,2,9,0,1,0,8,0,0,0,0,4,1,6,3,-1,-1,-1,-1,-1,-1,-1
201434NE31834,1,19,0,18,0,8,0,0,0,0,1,1,1,1,44,7,2198,2,3,4,1
201434NE31834,2,9,0,18,0,8,0,0,0,0,3,1,6,1,63,9,1598,1,14,7,2
201434NE31854,1,9,0,18,0,0,0,0,0,0,1,1,6,2,56,9,1995,2,12,8,3
201434NE31854,2,9,0,4,0,0,0,0,0,0,2,1,6,1,57,9,2179,2,1,4,1
201434NE31854,3,9,0,3,0,0,0,0,0,0,2,1,6,1,66,10,2993,2,3,8,3
201434NE32174,1,9,0,18,0,0,1,0,1,11,1,1,6,1,51,8,1364,1,7,10,2
201434NE32384,1,9,0,7,0,8,0,0,0,0,1,1,6,1,-1,-1,-1,-1,-1,-1,-1
201434NE32384,2,1,0,18,0,8,0,0,0,0,1,1,6,1,14,3,-1,-1,-1,-1,-1
201434NE32584,1,9,0,16,0,0,5,0,1,8,1,1,6,2,28,6,3199,1,16,10,2
201434NE33264,1,9,0,18,0,8,0,0,0,0,2,1,6,2,34,6,-1,-1,-1,9,3
201434NE33264,2,1,0,18,0,8,0,0,0,0,1,1,6,1,52,8,-1,-1,-1,9,3
201434NE33274,1,9,0,18,0,8,0,0,0,0,1,1,6,1,-1,-1,-1,-1,-1,-1,-1
201434NE33274,2,9,0,3,0,8,0,0,0,0,2,1,6,1,22,5,1686,2,1,10,1
201434NE33474,1,9,0,18,0,0,0,0,7,0,1,1,6,1,27,6,1242,1,10,9,2
201434NE33474,2,19,0,18,0,0,0,0,0,0,1,1,1,1,43,7,-1,-1,-1,-1,-1
201434NE33784,1,9,0,18,0,0,0,0,0,0,1,1,2,1,25,5,1794,1,14,8,1
201434NE33784,2,9,0,18,0,0,0,0,0,0,1,1,2,1,58,9,1242,1,13,5,1
201434NE33784,3,9,0,4,0,0,0,0,0,0,2,1,2,2,50,8,1753,2,7,7,3
201434NK00094,1,9,0,18,0,8,0,0,0,0,1,1,6,1,67,10,1685,2,2,10,1
201434NK00094,2,9,0,18,0,1,0,0,0,0,2,1,6,2,31,6,1896,2,14,1,1
201434NK00104,1,9,0,18,0,8,0,0,0,0,1,1,6,2,24,5,1988,1,14,1,1
201434NK00104,2,9,0,18,0,8,0,0,0,0,4,1,6,1,41,7,1386,1,9,2,1
201434NK00284,1,9,0,18,0,8,0,0,1,10,1,1,6,1,73,10,1299,1,10,-1,-1
201434NK00704,1,9,0,18,0,8,0,0,0,0,3,1,1,1,24,5,1896,2,12,3,1
201434NK00704,2,3,0,18,0,8,0,0,0,0,1,1,1,1,19,4,-1,-1,-1,9,1
201434NK01054,1,9,0,9,0,8,0,0,0,0,1,1,6,1,59,9,2521,1,7,4,1
201434NK01054,2,3,0,18,0,8,0,0,0,0,1,1,2,1,19,4,125,1,-1,5,1
201434NK01144,1,9,0,18,0,0,2,0,6,0,1,1,6,1,31,6,1461,2,9,3,1
201434NK01154,1,9,0,9,0,8,0,0,0,0,4,1,6,2,65,9,1598,1,6,10,1
201434NK01154,2,1,0,18,0,8,0,0,0,0,1,1,6,1,42,7,-1,-1,-1,8,1
201434NK01444,1,9,0,18,0,8,0,0,0,0,1,1,2,2,54,8,1598,1,5,6,2
201434NK01454,1,9,0,18,0,0,0,0,0,0,1,1,6,1,55,8,1199,1,13,5,1
201434NK01454,2,1,0,9,0,0,0,0,0,0,3,1,6,1,20,4,-1,-1,-1,-1,-1
201434NK01614,1,9,0,18,0,8,0,0,0,0,1,1,6,1,88,11,1108,1,9,-1,-1
201434NK01614,2,9,0,18,0,8,0,0,0,0,2,1,6,2,77,11,998,1,3,8,1
201434NK01624,1,9,0,18,0,0,0,0,0,0,4,1,6,2,73,10,1587,1,15,-1,-1
201434NK01624,2,9,0,18,0,0,0,0,0,0,1,1,2,2,31,6,1149,1,12,10,1
201434NK01634,1,9,0,18,0,8,0,0,0,0,0,1,3,2,32,6,-1,-1,-1,10,1
201434NK01634,2,9,0,9,0,8,0,0,0,0,1,1,3,2,41,7,-1,-1,-1,10,1
201434NK01904,1,20,1,18,0,8,0,0,0,0,4,1,1,1,38,7,-1,-1,-1,1,1
201434NK01904,2,4,0,18,0,7,0,0,0,0,3,1,2,1,61,9,125,1,8,1,1
201434NK01904,3,20,1,18,0,8,0,0,0,0,1,1,1,1,60,9,11946,2,4,7,3
201434NK01924,1,9,0,18,0,0,1,0,0,0,4,1,6,1,23,5,1839,1,10,6,2
201434NK01924,2,9,0,18,0,0,1,0,0,0,3,1,1,1,49,8,1596,1,8,8,1
201434NK01954,1,9,0,18,0,8,0,0,0,0,1,1,6,1,-1,-1,1242,1,1,-1,-1
201434NK01954,2,9,0,3,0,8,0,0,0,0,2,1,6,2,33,6,1968,2,8,5,1
201434NK02364,1,9,0,18,0,8,0,0,0,0,0,1,2,1,43,7,1995,2,2,9,1
201434NK02364,2,9,0,18,0,8,0,0,0,0,1,1,6,1,61,9,-1,-1,-1,9,1
201434NK02384,1,9,0,18,0,8,0,0,0,0,1,1,6,2,18,4,993,1,15,2,1
201434NK02384,2,9,0,18,0,8,0,0,0,0,1,1,6,2,54,8,999,1,7,5,1
201434NK02654,1,9,0,18,0,8,0,0,0,0,1,1,6,1,-1,-1,-1,-1,-1,-1,-1
201434NK02654,2,9,0,18,0,8,1,7,3,0,2,1,6,1,44,7,1587,1,11,9,3
201434NK02894,1,9,0,6,0,0,0,0,0,0,1,1,6,2,25,5,1199,1,14,-1,1
201434NK02894,2,9,0,18,0,0,1,0,0,0,1,1,1,2,38,7,1995,2,-1,6,1
201434NK02894,3,9,0,2,0,0,0,0,0,0,0,1,1,1,60,9,-1,-1,-1,10,1
201434NK02914,1,9,0,18,0,8,0,0,0,0,1,1,6,1,-1,-1,1995,2,8,-1,-1
201434NK02914,2,9,0,18,0,8,0,0,0,0,2,1,6,1,42,7,1242,1,9,8,1
201434NK02914,3,9,0,18,0,8,0,0,0,0,0,1,6,3,-1,-1,1968,2,8,-1,-1
201434NK03164,1,9,0,14,0,0,1,0,0,0,1,1,2,1,30,6,1199,1,15,9,1
201434NK03164,2,21,0,18,0,0,1,0,0,0,1,1,1,1,26,6,10837,2,1,3,1
201434NK03294,1,9,0,7,0,8,0,0,0,0,1,1,6,2,-1,-1,796,1,14,-1,-1
201434NK03294,2,9,0,18,0,8,0,0,0,0,3,1,2,2,25,5,1360,1,7,6,2
201434NK03294,3,9,0,2,0,8,0,0,0,0,3,1,6,2,-1,-1,1598,1,12,-1,-1
201434NK03334,1,9,0,9,0,8,0,0,0,0,1,1,6,1,41,7,1388,1,10,-1,-1
201434NK03334,2,3,0,18,0,8,1,0,0,0,1,1,2,1,39,7,124,1,3,9,1
201434NK03374,1,9,0,18,0,0,1,0,0,0,1,1,6,1,92,11,1149,1,18,-1,-1
201434NK03374,2,9,0,3,0,0,0,0,0,0,1,1,1,1,35,6,1493,2,6,9,3
201434NK03374,3,9,0,3,0,0,0,0,0,0,2,1,1,2,40,7,-1,-1,-1,10,1
201434NK03764,1,9,0,13,0,0,0,0,0,0,0,1,6,3,-1,-1,-1,-1,-1,-1,-1
201434NK03764,2,9,0,18,0,0,5,0,0,0,3,1,2,2,32,6,1598,1,8,4,1
201434NK04074,1,9,0,13,0,0,0,0,0,0,4,1,6,3,-1,-1,-1,-1,-1,-1,-1
201434NK04074,2,1,0,18,0,0,0,0,0,0,3,1,6,1,36,7,-1,-1,-1,9,1
201434NK04084,1,9,0,18,0,8,0,0,0,0,1,1,6,1,-1,-1,-1,-1,-1,-1,-1
201434NK04084,2,9,0,3,0,8,0,0,0,0,2,1,6,2,44,7,1598,1,13,4,1
201434NK04094,1,9,0,14,0,0,0,0,0,0,1,1,2,1,39,7,-1,-1,-1,6,2
201434NK04094,2,9,0,2,0,0,0,0,0,0,2,1,6,1,25,5,1997,2,6,6,2
201434NK04104,1,9,0,9,0,8,0,0,0,0,3,1,2,2,33,6,1988,1,11,-1,-1
201434NK04104,2,9,0,9,0,8,0,0,0,0,1,1,1,2,29,6,1596,1,13,8,1
201434NK04124,1,9,0,3,0,8,0,0,0,0,1,1,6,2,34,6,1360,1,12,2,1
201434NK04124,2,9,0,18,0,8,0,0,0,0,2,1,6,2,56,9,1360,1,10,9,2
201434NK04514,1,21,0,18,0,1,0,0,0,0,1,1,6,3,-1,-1,-1,-1,-1,-1,-1
201434NK04514,2,9,0,18,0,7,0,0,0,0,2,1,2,2,40,7,1796,1,11,8,3
201434NK04584,1,9,0,9,0,8,0,0,0,0,1,1,6,1,33,6,1895,1,13,2,1
201434NK04584,2,9,0,18,0,8,0,0,0,0,1,1,6,1,36,7,2199,1,21,8,1
201434NK04734,1,21,1,18,0,8,0,0,0,0,2,1,1,1,70,10,12900,2,3,-1,-1
201434NK04734,2,9,4,18,0,8,0,0,0,0,1,1,1,1,32,6,-1,-1,-1,-1,-1
201434NK04744,1,9,0,18,0,0,0,0,0,0,4,1,6,3,-1,-1,-1,-1,-1,-1,-1
201434NK04884,1,9,0,14,0,0,0,0,0,0,1,1,6,1,45,7,1560,2,8,-1,-1
201434NK04884,2,11,0,2,0,0,0,0,0,0,0,1,1,1,47,8,9000,2,4,1,1
201434NK05014,1,9,0,18,0,8,0,0,0,0,1,1,6,2,-1,-1,1796,1,12,-1,-1
201434NK05014,2,9,0,3,0,8,0,0,0,0,3,1,6,2,42,7,1796,1,6,5,1
201434NK05234,1,9,0,18,0,0,0,0,0,0,1,1,6,1,-1,-1,1956,2,1,-1,-1
201434NK05234,2,9,0,3,0,0,0,0,0,0,2,1,6,2,48,8,1686,2,14,1,1
201434NK05504,1,9,0,18,0,0,0,0,0,0,1,1,6,2,70,10,1497,1,9,6,3
201434NK05504,2,1,0,18,0,0,0,0,0,0,3,1,6,1,51,8,-1,-1,-1,7,3
201434NK05774,1,9,0,18,0,8,1,0,0,0,4,1,6,2,55,8,1390,1,6,-1,3
201434NK05824,1,9,0,9,0,8,0,0,0,0,1,1,2,2,23,5,1596,1,8,5,1
201434NK05824,2,1,0,18,0,8,0,0,0,0,1,1,1,1,53,8,-1,-1,-1,10,1
201434NK06124,1,9,0,9,0,8,0,0,0,0,0,1,6,1,32,6,1783,1,12,-1,-1
201434NK06284,1,9,0,18,0,8,5,0,0,0,1,1,6,1,-1,-1,1998,1,7,-1,1
201434NK06284,2,10,0,18,0,8,0,0,0,0,2,1,6,2,26,6,-1,-1,-1,5,2
201434NK06474,1,9,0,18,0,0,0,0,0,0,1,1,6,1,62,9,1997,2,6,-1,-1
201434NK06474,2,9,0,10,0,0,0,0,0,0,2,1,6,1,29,6,1242,1,15,9,1
201434NK06694,1,9,0,18,0,0,5,0,1,0,1,1,2,2,47,8,1399,2,8,2,1
201434NK07034,1,9,0,18,0,8,0,0,0,0,4,1,6,1,22,5,1399,2,8,6,1
201434NK07594,1,9,0,7,0,8,0,0,0,0,1,1,2,1,24,5,1242,1,15,8,1
201434NK07594,2,9,0,18,0,8,0,0,0,0,1,1,2,1,55,8,1149,1,7,-1,-1
201434NK08404,1,9,0,18,0,0,0,0,0,0,1,1,1,1,39,7,1686,2,2,1,1
201434NK08404,2,9,0,3,0,0,0,0,0,0,2,1,6,2,26,6,1999,1,-1,-1,1
201434NK08404,3,9,0,3,0,0,0,0,0,0,0,1,1,1,36,7,-1,-1,-1,-1,-1
201434NK08404,4,9,0,3,0,0,0,0,0,0,2,1,1,1,-1,-1,2199,2,2,4,1
201434NK08774,1,9,0,18,0,0,0,0,0,0,1,1,6,2,20,4,1390,1,11,-1,2
201434NK08774,2,9,0,3,0,0,0,0,0,0,2,1,1,1,45,7,-1,-1,-1,4,1
201434NK08784,1,9,0,18,0,0,0,0,0,0,3,1,6,1,45,7,1587,1,13,-1,-1
201434NK08794,1,9,0,18,0,8,0,0,0,0,4,1,6,1,36,7,2902,2,9,8,1
201434NK08794,2,9,0,18,0,8,0,0,0,0,1,1,2,2,53,8,1360,1,13,3,1
201434NK08814,1,9,0,18,0,8,0,0,0,0,3,1,6,2,-1,-1,-1,-1,-1,-1,-1
201434NK08814,2,5,0,18,0,8,0,0,0,0,4,1,6,1,49,8,1250,1,8,-1,-1
201434NK08834,1,9,0,18,0,8,0,0,0,0,1,1,6,2,35,6,-1,-1,-1,10,1
201434NK08834,2,9,0,18,0,8,0,0,0,0,2,1,1,1,65,9,-1,-1,-1,-1,2
201434NK09074,1,1,0,18,0,0,0,0,1,0,2,1,6,1,50,8,-1,-1,-1,6,1
201434NK09074,2,9,0,13,0,0,0,0,0,0,4,1,6,3,-1,-1,-1,-1,-1,-1,-1
201434NK09134,1,9,0,18,0,0,0,0,0,0,4,1,6,1,44,7,2401,2,9,3,1
201434NK09134,2,1,0,18,0,0,0,0,0,0,3,1,6,1,58,9,-1,-1,-1,-1,-1
201434NK09164,1,9,0,18,0,8,0,0,0,0,1,1,6,1,40,7,1598,1,10,9,1
201434NK09354,1,9,0,18,0,0,2,0,2,3,1,1,6,1,41,7,1910,2,6,5,1
201434NK10104,1,9,0,18,0,0,0,0,0,0,1,1,2,1,31,6,1800,2,15,9,1
201434NK10104,2,9,0,3,0,0,0,0,0,0,2,1,2,1,45,7,-1,-1,-1,6,1
201434NK10104,3,9,0,3,0,0,0,0,0,0,2,1,6,2,26,6,1497,8,-1,10,1
201434NK10474,1,9,0,18,0,8,0,0,7,0,1,1,6,1,49,8,1349,1,4,6,2
201434NK10624,1,9,0,18,0,0,0,0,1,0,1,1,6,1,65,9,2401,2,6,4,2
201434NK10794,1,9,0,18,0,8,0,0,0,0,1,1,6,1,41,7,-1,-1,-1,8,1
201434NK10794,2,9,0,3,0,8,0,0,0,0,2,1,6,1,20,4,1399,2,4,3,1
201434NK10794,3,9,0,3,0,8,0,0,0,0,1,1,6,1,27,6,1598,1,7,8,1
201434NK10794,4,9,0,3,0,8,0,0,0,0,2,1,6,1,36,7,1199,1,11,-1,-1
201434NK10794,5,9,0,9,0,8,0,0,0,0,2,1,6,2,57,9,1242,1,2,8,1
201434NK10994,1,9,0,18,0,0,0,0,0,0,1,1,6,1,-1,-1,2497,2,9,-1,-1
201434NK10994,2,9,0,18,0,0,0,0,0,0,1,1,6,2,22,5,1796,1,3,-1,-1
201434NK11164,1,9,0,18,0,8,0,0,0,0,1,1,6,2,33,6,1389,1,12,2,1
201434NK11164,2,9,0,3,0,8,0,0,0,0,2,1,6,2,38,7,1796,1,4,8,1
201434NK11224,1,9,0,18,0,8,0,0,0,0,1,1,3,2,35,6,1796,1,7,4,1
201434NK11224,2,1,0,9,0,8,0,0,0,0,1,1,6,1,13,3,-1,-1,-1,-1,-1
201434NK11304,1,9,0,18,0,8,0,0,0,0,1,1,1,1,56,9,-1,-1,-1,3,1
201434NK11304,2,9,0,3,0,8,0,0,0,0,2,1,6,2,74,10,1397,1,4,3,2
201434NK11634,1,9,0,18,0,0,0,0,0,0,1,1,3,2,35,6,1997,2,6,3,1
201434NK11634,2,9,0,3,0,0,0,0,0,0,2,1,6,2,57,9,1196,1,19,9,1
201434NK11684,1,8,0,18,0,0,0,0,0,0,0,1,1,1,35,6,1997,2,7,-1,-1
201434NK12034,1,9,0,18,0,8,1,0,0,0,3,1,6,1,43,7,1753,2,12,-1,-1
201434NK12034,2,1,0,9,0,8,0,0,0,0,1,1,6,1,8,2,-1,-1,-1,7,3
201434NK12044,1,9,0,1,0,0,0,0,0,0,4,1,1,2,52,8,1598,2,3,-1,2
201434NK12044,2,1,0,18,0,0,0,0,0,0,1,1,2,1,30,6,-1,-1,-1,-1,-1
201434NK12114,1,9,0,18,0,8,0,0,7,4,4,1,6,1,22,5,1299,1,12,-1,1
201434NK12364,1,19,0,9,0,8,0,0,0,0,4,1,6,3,-1,-1,1248,2,10,-1,-1
201434NK12364,2,9,0,18,0,8,0,0,0,0,3,1,6,1,23,5,1199,1,15,6,2
201434NK12384,1,19,0,18,0,8,0,0,0,0,1,1,6,1,-1,-1,2198,2,1,-1,-1
201434NK12384,2,9,0,9,0,8,0,0,0,0,1,1,6,2,30,6,1196,1,17,-1,-1
201434NK12394,1,9,0,18,0,8,0,0,0,0,3,1,3,2,46,8,1400,1,8,3,1
201434NK12404,1,9,0,9,0,8,0,7,7,0,1,1,6,1,24,5,1242,1,8,8,3
201434NK12404,2,9,0,18,0,8,0,0,1,0,1,1,6,2,22,5,1198,1,12,9,1
201434NK12624,1,9,0,7,0,8,0,0,0,0,1,1,2,2,25,5,1796,7,10,2,1
201434NK12834,1,9,0,18,0,0,0,0,0,0,3,1,6,3,-1,-1,-1,-1,-1,-1,-1
201434NK12834,2,1,0,12,0,0,0,0,0,0,1,1,6,1,37,7,-1,-1,-1,-1,-1
201434NK13344,1,9,0,18,0,8,0,0,0,0,1,1,6,1,83,11,1242,1,13,-1,-1
201434NK13344,2,9,0,18,0,8,0,0,0,0,3,1,6,1,64,9,-1,-1,-1,8,1
201434NK13344,3,9,0,18,0,8,0,0,0,0,1,1,1,2,45,7,2171,1,12,7,2
201434NK13814,1,9,0,9,0,6,0,0,0,0,1,1,1,2,41,7,1997,2,3,-1,3
201434NK13814,2,9,0,17,0,8,0,0,0,0,4,1,1,1,38,7,-1,-1,-1,10,2
201434NK14004,1,9,0,18,0,0,0,0,0,0,1,1,6,1,32,6,-1,-1,-1,-1,-1
201434NK14004,2,9,0,3,0,0,0,0,0,0,2,1,6,1,32,6,1198,1,11,-1,2
201434NK14004,3,9,0,3,0,0,0,0,0,0,2,1,6,1,-1,-1,1968,2,2,-1,-1
201434NK14104,1,9,0,18,0,0,0,0,0,0,1,1,6,1,39,7,1998,2,8,-1,-1
201434NK14104,2,9,0,10,0,0,0,0,0,0,1,1,6,1,20,4,1968,2,5,-1,-1
201434NK14154,1,9,0,18,0,8,0,0,0,0,1,1,6,1,22,5,-1,-1,-1,-1,-1
201434NK14154,2,9,0,18,0,8,0,0,0,0,1,1,6,2,28,6,1398,2,8,-1,3
201434NK14344,1,9,0,18,0,0,1,0,0,6,3,1,2,2,41,7,1388,1,16,-1,-1
201434NK14344,2,9,0,18,0,0,0,0,1,9,3,1,1,1,33,6,-1,-1,-1,4,1
201434NK14624,1,9,0,13,0,0,0,0,0,0,4,1,6,3,-1,-1,1968,2,-1,-1,-1
201434NK14624,2,1,0,18,0,0,0,0,0,0,3,1,6,1,22,5,-1,-1,-1,10,1
201434NK14804,1,9,0,18,0,8,0,0,0,0,1,1,6,1,-1,-1,1595,1,17,-1,-1
201434NK14804,2,9,0,3,0,8,0,0,0,0,2,1,6,1,41,7,1598,2,1,8,2
201434NK15494,1,9,0,18,0,0,2,0,0,0,1,1,6,2,25,5,1242,1,4,9,1
201434NK15874,1,9,0,13,0,0,0,0,0,0,3,1,6,1,-1,-1,1796,1,13,-1,-1
201434NK15874,2,9,0,9,0,0,0,0,0,0,1,1,6,2,24,5,1686,2,7,9,2
201434NK15874,3,9,0,2,0,0,0,0,0,0,3,1,6,3,-1,-1,-1,-1,-1,-1,-1
201434NK16154,1,9,0,18,0,0,0,0,0,0,1,1,6,3,-1,-1,-1,-1,-1,-1,-1
201434NK16154,2,9,0,4,0,0,0,0,0,0,2,1,6,1,18,4,1229,1,1,8,1
201434NK16174,1,9,0,18,0,8,0,0,0,0,1,1,6,2,35,6,1299,1,12,4,1
201434NK16174,2,9,0,18,0,8,0,0,0,0,3,1,6,2,60,9,1248,1,3,5,2
201434NK16264,1,9,0,18,0,0,0,0,0,0,3,1,1,2,24,5,1229,1,9,7,2
201434NK16864,1,9,0,18,0,0,0,0,0,0,1,1,6,2,-1,-1,-1,-1,-1,-1,-1
201434NK16884,1,9,0,18,0,0,0,0,0,0,2,1,1,1,25,5,-1,-1,-1,5,1
201434NK16884,2,9,0,18,0,0,0,0,0,0,1,1,6,1,67,10,1995,2,5,10,1
201434NK16944,1,9,0,1,0,0,0,0,0,0,2,1,1,1,28,6,-1,-1,-1,3,1
201434NK16944,2,9,0,18,0,0,0,0,0,0,1,1,6,2,42,7,1390,1,5,-1,3
201434NK17334,1,9,0,9,0,8,0,0,0,0,2,1,6,1,-1,-1,1598,1,14,-1,-1