Accident_Index,Vehicle_Reference,Vehicle_Type,Towing_and_Articulation,Vehicle_Manoeuvre,Vehicle_Location-Restricted_Lane,Junction_Location,Skidding_and_Overturning,Hit_Object_in_Carriageway,Vehicle_Leaving_Carriageway,Hit_Object_off_Carriageway,1st_Point_of_Impact,Was_Vehicle_Left_Hand_Drive?,Journey_Purpose_of_Driver,Sex_of_Driver,Age_of_Driver,Age_Band_of_Driver,Engine_Capacity_(CC),Propulsion_Code,Age_of_Vehicle,Driver_IMD_Decile,Driver_Home_Area_Type
201434NK17334,2,3,0,18,0,8,0,0,0,0,1,1,2,1,17,4,125,1,-1,-1,-1
201434NK17344,1,19,0,13,0,8,0,0,0,0,2,1,6,3,-1,-1,1753,2,11,-1,-1
201434NK17344,2,1,0,18,0,8,0,0,0,0,3,1,6,1,51,8,-1,-1,-1,9,1
201434NK17354,1,19,0,7,0,8,0,0,0,0,1,1,1,1,50,8,-1,-1,-1,1,1
201434NK17354,2,3,0,18,0,8,0,0,0,0,1,1,2,2,39,7,-1,-1,-1,9,1
201434NK17604,1,21,0,18,0,0,0,0,0,0,3,1,6,3,-1,-1,-1,-1,-1,-1,-1
201434NK17604,2,21,0,18,0,0,0,0,0,0,3,1,1,1,49,8,11705,2,7,9,2
201434NK17634,1,9,0,18,0,8,0,0,0,0,1,1,6,2,33,6,1242,1,-1,-1,-1
201434NK17634,2,9,0,10,0,8,0,0,0,0,2,1,1,1,29,6,2000,1,9,-1,-1
201434NK17864,1,9,0,18,0,0,0,0,0,0,1,1,6,1,17,4,1043,1,20,10,1
201434NK17864,2,9,0,2,0,0,0,0,1,4,4,1,6,3,-1,-1,1997,1,11,-1,-1
201434NK18014,1,9,0,6,0,0,0,0,0,0,3,1,6,1,58,9,-1,-1,-1,7,2
201434NK18014,2,20,0,18,0,0,0,0,0,0,1,1,1,1,54,8,-1,-1,-1,5,2
201434NK18314,1,19,0,9,0,8,0,0,0,0,2,1,1,1,36,7,2198,2,8,4,1
201434NK18314,2,1,0,18,0,8,0,0,0,0,1,1,6,1,52,8,-1,-1,-1,10,1
201434NK18964,1,9,0,18,0,0,0,0,1,0,1,1,6,2,57,9,1870,2,9,6,1
201434NK18974,1,9,0,18,0,8,0,0,0,0,1,1,6,1,67,10,1910,2,6,3,1
201434NK18974,2,9,0,18,0,8,0,0,0,0,1,1,6,2,55,8,1061,1,10,9,1
201434NK19084,1,9,0,9,0,8,0,0,0,0,1,1,6,2,61,9,1995,2,11,5,1
201434NK19084,2,9,0,18,0,8,0,0,0,0,1,1,6,1,19,4,1199,1,14,-1,-1
201434NK19084,3,9,0,18,0,8,0,0,0,0,1,1,6,2,47,8,1596,1,12,4,1
201434NK19114,1,9,0,18,0,8,0,0,0,0,1,1,6,3,-1,-1,-1,-1,-1,-1,-1
201434NK19114,2,9,0,18,0,8,0,0,0,0,4,1,6,1,29,6,1150,1,9,2,1
201434NK19324,1,2,0,18,0,0,0,0,0,0,1,1,6,1,43,7,49,1,-1,4,2
201434NK19624,1,19,0,18,0,0,0,0,0,0,1,1,1,1,51,8,5193,2,1,-1,-1
201434NK19624,2,9,0,18,0,0,0,0,0,0,2,1,1,2,35,6,1956,2,3,3,1
201434NK19864,1,9,0,18,0,8,0,0,0,0,1,1,2,1,32,6,3498,1,16,6,1
201434NK19864,2,1,0,18,0,8,0,0,0,0,2,1,6,1,42,7,-1,-1,-1,-1,-1
201434NK19874,1,9,0,6,0,0,0,0,0,0,3,1,6,1,67,10,1598,1,6,9,1
201434NK19874,2,9,0,18,0,0,0,0,0,0,4,1,6,1,21,5,2000,2,5,4,2
201434NK20014,1,9,0,18,0,8,0,0,0,0,1,1,6,2,38,7,1598,1,8,6,2
201434NK20014,2,5,0,18,0,8,0,0,0,0,4,1,6,1,27,6,750,1,16,-1,-1
201434NK20164,1,4,0,16,0,0,0,0,1,0,4,1,6,1,58,9,250,1,22,8,1
201434NK20184,1,9,0,9,0,8,0,0,0,0,1,1,6,1,27,6,1796,1,15,5,1
201434NK20184,2,9,0,18,0,8,0,0,0,0,1,1,2,2,36,7,2996,1,6,9,1
201434NK20284,1,8,0,18,0,8,0,0,0,0,1,1,1,1,54,8,1997,2,6,10,1
201434NK20324,1,19,0,18,0,0,0,0,7,11,1,1,6,2,63,9,2496,2,17,3,1
201434NK20324,2,9,0,2,0,0,0,0,0,0,3,1,6,3,-1,-1,1124,1,5,-1,-1
201434NK20604,1,9,0,18,7,0,0,0,0,0,1,1,6,1,-1,-1,2199,2,3,8,3
201434NK20604,2,9,0,2,0,0,0,0,1,9,3,1,1,1,34,6,1995,2,1,5,1
201434NK20604,3,9,0,18,0,0,0,0,0,0,2,1,6,1,64,9,-1,-1,-1,10,1
201434NK20604,4,20,0,2,0,0,0,0,0,0,0,1,1,1,37,7,-1,-1,-1,1,1
201434NK20634,1,9,0,18,0,0,0,0,0,0,1,1,2,2,43,7,1299,1,14,3,1
201434NK20634,2,9,0,18,0,0,0,0,0,0,1,1,1,1,32,6,1998,1,12,3,1
201434NK20654,1,9,0,18,0,8,0,0,0,0,1,1,6,2,-1,-1,1997,2,3,-1,-1
201434NK20654,2,9,0,3,0,8,0,0,0,0,2,1,6,1,40,7,1798,1,10,3,1
201434NK20804,1,9,0,18,0,0,0,0,0,0,1,1,1,1,18,4,1587,1,13,-1,2
201434NK20804,2,9,0,18,0,0,0,0,0,0,1,1,6,1,64,9,1229,1,8,7,3
201434NK20904,1,97,0,13,0,0,0,0,0,0,0,1,6,3,-1,-1,-1,-1,-1,-1,-1
201434NK20904,2,9,0,18,0,0,1,0,7,4,0,1,6,1,29,6,1242,1,-1,-1,2
201434NK20904,3,9,0,18,0,0,0,0,0,0,0,1,6,3,-1,-1,-1,-1,-1,-1,-1
201434NK21804,1,9,0,18,0,8,0,0,0,0,3,1,6,1,42,7,1995,2,10,1,1
201434NK21804,2,1,0,18,0,8,0,0,0,0,1,1,6,1,45,7,-1,-1,-1,9,2
201434NK21914,1,9,4,18,0,8,0,9,1,0,1,1,6,1,26,6,-1,-1,-1,-1,-1
201434NK21914,2,9,0,18,0,8,0,0,0,0,1,1,1,1,40,7,2993,2,2,8,1
201434NK22054,1,9,0,18,0,0,0,0,0,0,1,1,2,2,20,4,1198,1,1,10,2
201434NK22054,2,9,0,9,0,0,0,0,0,0,1,1,2,1,45,7,-1,-1,-1,7,3
201434NK22274,1,9,0,16,0,0,0,0,0,0,1,1,6,1,23,5,1149,1,9,10,1
201434NK22514,1,9,0,18,0,0,0,0,0,0,1,1,6,1,-1,-1,1905,2,18,-1,-1
201434NK22514,2,9,0,3,0,0,0,0,0,0,2,1,6,1,19,4,998,1,2,-1,2
201434NK22714,1,9,0,13,0,0,0,0,0,0,0,1,6,3,-1,-1,-1,-1,-1,-1,-1
201434NK22714,2,16,0,18,0,0,0,0,0,0,0,1,6,2,40,7,-1,-1,-1,6,2
201434NK23164,1,9,0,18,0,8,0,0,7,7,1,1,6,1,24,5,1753,2,8,-1,-1
201434NK23164,2,9,0,18,0,8,0,0,0,0,1,1,1,1,46,8,-1,-1,-1,-1,1
201434NK23354,1,9,4,13,0,0,0,0,1,0,1,1,6,1,74,10,1753,2,13,4,1
201434NK23354,2,9,0,18,0,0,0,0,0,0,1,1,1,1,46,8,-1,-1,-1,7,2
201434NK23604,1,9,0,18,0,8,0,0,0,0,4,1,6,2,21,5,1461,2,7,9,1
201434NK23604,2,9,0,18,0,8,0,0,0,0,1,1,6,1,67,10,2398,1,16,6,1
201434NK23834,1,20,0,18,0,8,1,0,0,0,1,1,1,1,49,8,15607,2,10,-1,-1
201434NK23834,2,9,0,3,0,8,0,0,0,0,2,1,6,2,50,8,1587,1,9,4,1
201434NK24034,1,9,0,9,0,8,0,0,0,0,3,1,6,1,30,6,1248,2,7,4,1
201434NK24034,2,5,0,18,0,8,0,0,0,0,1,1,6,1,33,6,646,1,9,-1,-1
201434NK24544,1,1,0,7,0,8,0,0,0,0,0,1,6,2,49,8,-1,-1,-1,-1,3
201434NK24544,2,10,0,3,0,8,0,0,0,0,3,1,1,2,53,8,2461,2,9,-1,2
201434NK24594,1,9,0,18,0,0,0,4,0,0,1,1,2,2,42,7,1896,2,7,9,1
201434NK24594,2,9,0,2,0,0,0,0,0,0,3,1,6,3,-1,-1,1396,1,5,-1,-1
201434NK24704,1,9,0,11,0,8,0,0,0,0,3,1,6,1,-1,-1,1242,1,2,-1,-1
201434NK24704,2,9,0,18,0,8,0,0,0,0,3,1,6,1,19,4,1368,1,5,8,1
201434NK25024,1,8,0,7,0,8,0,0,0,0,4,1,1,1,-1,-1,1560,2,6,-1,-1
201434NK25464,1,9,0,18,0,8,0,0,0,0,3,1,6,1,30,6,-1,-1,-1,3,1
201434NK25474,1,9,0,18,0,8,0,0,0,0,1,1,6,1,51,8,-1,-1,-1,3,1
201434NK25474,2,9,0,18,0,8,0,0,0,0,4,1,6,2,48,8,1149,1,1,2,1
201434NK25864,1,9,0,18,0,8,0,0,0,0,1,1,6,2,-1,-1,1390,1,14,-1,-1
201434NK25864,2,9,0,18,0,8,0,0,0,0,4,1,1,2,21,5,-1,-1,-1,9,1
201434NK25874,1,9,0,16,0,0,0,0,0,0,1,1,6,1,48,8,1798,1,13,6,2
201434NK25874,2,9,0,16,0,0,0,0,0,0,2,1,6,2,60,9,1598,1,3,9,1
201434NK25884,1,9,0,18,0,0,1,0,1,0,1,1,2,2,58,9,1149,1,2,10,1
201434NK26084,1,21,0,18,0,0,0,0,0,0,0,1,1,1,29,6,12130,2,16,1,1
201434NK26084,2,9,0,18,0,0,0,0,0,0,1,1,6,2,19,4,1299,1,13,-1,3
201434NK26264,1,9,0,17,0,0,1,0,2,0,1,1,6,1,18,4,1242,1,10,9,1
201434NK26264,2,9,0,16,0,0,0,0,1,0,1,1,6,1,17,4,1299,1,10,-1,1
201434NK26764,1,9,0,18,0,0,0,0,0,0,1,1,6,1,22,5,1229,1,-1,10,1
201434NK26764,2,9,0,3,0,0,0,0,0,0,2,1,1,1,68,10,2188,2,5,4,1
201434NK26764,3,9,0,3,0,0,0,0,0,0,2,1,6,1,23,5,973,1,11,2,1
201434NK26764,4,19,0,10,0,0,0,0,0,0,2,1,6,1,66,10,1686,2,11,7,1
201434NK26874,1,20,0,2,0,0,0,0,0,0,0,1,1,1,53,8,5880,2,9,3,1
201434NK26874,2,1,0,18,0,0,0,0,0,0,0,1,6,1,44,7,-1,-1,-1,-1,-1
201434NK27554,1,9,0,18,0,0,0,0,0,0,1,1,6,3,-1,-1,-1,-1,-1,-1,-1
201434NK27554,2,9,0,18,0,0,0,0,0,0,2,1,2,2,18,4,1397,1,5,8,1
201434NK27554,3,9,0,18,0,0,0,0,0,0,1,1,6,2,58,9,1600,1,16,9,1
201434NK27924,1,9,0,18,0,8,0,0,0,0,1,1,6,1,34,6,1753,2,6,2,1
201434NK27924,2,9,0,18,0,8,0,0,0,0,4,1,6,2,23,5,1124,1,13,-1,-1
201434NK28064,1,1,0,18,0,8,0,0,0,0,1,1,6,1,21,5,-1,-1,-1,-1,-1
201434NK28064,2,9,0,3,0,8,0,0,0,0,2,1,2,2,61,9,1364,1,5,5,1
201434NK28074,1,9,0,18,0,0,0,0,0,0,1,1,6,1,39,7,2198,1,10,-1,2
201434NK28074,2,9,0,3,0,0,0,0,0,0,2,1,6,1,48,8,1461,2,1,6,2
201434NK28074,3,9,0,3,0,0,0,0,0,0,2,1,6,2,33,6,1686,2,-1,-1,-1
201434NK28084,1,9,0,18,0,8,0,0,0,2,1,1,6,1,21,5,1229,1,1,9,1
201434NK28084,2,9,0,18,0,8,0,0,0,2,1,1,6,1,36,7,1968,2,9,2,1
201434NK28094,1,3,0,18,0,0,0,0,0,0,0,1,1,2,43,7,-1,-1,-1,4,2
201434NK28094,2,9,0,9,0,0,0,0,0,0,0,1,6,3,-1,-1,-1,-1,-1,-1,-1
201434NK28114,1,9,0,18,0,0,2,10,1,0,3,1,6,1,50,8,4196,1,7,7,3
201434NK28124,1,9,0,9,0,8,0,0,0,0,1,1,6,1,28,6,998,1,4,2,1
201434NK28514,1,9,0,18,0,8,0,0,0,0,3,1,6,1,-1,-1,-1,-1,-1,-1,-1
201434NK28534,1,9,0,18,0,0,0,0,0,0,2,1,6,2,-1,-1,-1,-1,-1,-1,-1
201434NK28534,2,1,0,18,0,0,0,0,0,0,1,1,4,1,12,3,-1,-1,-1,8,1
201434NK28774,1,9,0,18,0,8,0,0,0,0,4,1,6,3,-1,-1,-1,-1,-1,-1,-1
201434NK28804,1,9,0,18,0,0,0,0,0,0,1,1,6,3,-1,-1,-1,-1,-1,-1,-1
201434NK28804,2,9,0,3,0,0,0,0,0,0,2,1,6,2,18,4,1199,1,12,8,1
201434NK28834,1,9,0,9,0,8,0,0,0,0,1,1,6,1,83,11,1397,1,3,10,2
201434NK28834,2,9,0,18,0,8,0,0,0,0,1,1,6,2,71,10,1248,2,10,4,2
201434NK29124,1,9,0,9,0,8,0,0,0,0,1,1,6,2,34,6,1390,1,12,-1,1
201434NK29124,2,8,0,18,0,8,0,0,0,0,1,1,1,1,42,7,1997,2,4,8,1
201434NK29294,1,9,0,18,0,8,0,0,0,0,1,1,2,1,51,8,1997,2,11,-1,1
201434NK29514,1,5,0,18,0,0,0,0,0,0,3,1,6,1,-1,-1,750,1,9,-1,-1
201434NK29524,1,9,0,7,0,8,0,0,0,0,3,1,6,2,-1,-1,1388,1,4,-1,-1
201434NK29524,2,5,0,18,0,8,0,0,0,0,1,1,6,1,58,9,-1,-1,-1,10,1
201434NK30034,1,9,0,18,0,0,0,0,0,0,4,1,3,2,39,7,1598,1,8,6,2
201434NK30114,1,9,0,2,0,8,0,0,0,0,3,1,6,3,-1,-1,-1,-1,-1,-1,-1
201434NK30124,1,9,0,18,0,0,0,0,0,0,1,1,2,1,19,4,1368,1,7,6,2
201434NK30154,1,9,0,9,0,8,0,0,0,0,1,1,3,1,19,4,1596,1,14,-1,-1
201434NK30154,2,8,0,18,0,8,0,0,0,0,1,1,1,1,55,8,1598,2,2,4,1
201434NK30224,1,9,0,18,0,8,0,0,7,0,1,1,6,2,39,7,1796,1,10,3,1
201434NK30224,2,9,0,2,0,8,0,0,0,0,2,1,6,3,-1,-1,1598,2,-1,-1,-1
201434NK30224,3,9,0,2,0,8,0,0,0,0,2,1,6,3,-1,-1,1299,1,9,-1,-1
201434NK30224,4,9,0,2,0,8,0,0,0,0,2,1,6,3,-1,-1,1299,1,8,-1,-1
201434NK30454,1,4,0,18,0,8,0,0,0,0,1,1,6,1,66,10,-1,-1,-1,5,2
201434NK30454,2,1,0,7,0,8,0,0,0,0,1,1,6,1,-1,-1,-1,-1,-1,-1,-1
201434NK30704,1,9,0,18,0,8,0,0,0,0,1,1,2,2,49,8,1997,2,12,-1,-1
201434NK30704,2,21,4,3,0,8,0,0,0,0,2,1,1,1,42,7,3920,2,9,3,1
201434NK30744,1,9,0,18,0,8,0,0,0,0,1,1,6,1,-1,-1,1368,1,5,-1,-1
201434NK30744,2,1,0,3,0,8,0,0,0,0,2,1,2,2,43,7,-1,-1,-1,2,1
201434NK30814,1,9,0,3,0,0,0,0,0,0,4,1,6,1,67,10,1995,2,6,-1,-1
201434NK30814,2,1,0,18,0,0,0,0,0,0,3,1,6,1,30,6,-1,-1,-1,-1,-1
201434NK31014,1,9,0,18,0,8,0,0,0,0,1,1,2,2,26,6,1598,1,8,9,1
201434NK31204,1,19,0,18,0,0,0,0,0,0,1,1,1,2,62,9,1753,2,3,-1,-1
201434NK31204,2,8,0,3,0,0,0,0,0,0,2,1,1,1,59,9,1997,2,2,10,1
201434NK31344,1,9,0,9,0,8,0,0,0,0,0,1,2,1,77,11,973,1,15,7,2
201434NK31344,2,9,0,18,0,8,0,0,0,0,0,1,2,2,39,7,-1,-1,-1,9,2
201434NK31484,1,9,0,18,0,8,0,0,0,0,3,1,6,1,-1,-1,1796,1,13,-1,-1
201434NK31484,2,9,0,18,0,8,0,0,0,0,4,1,6,2,48,8,1598,1,6,10,1
201434NK31684,1,9,0,9,0,8,0,0,0,0,2,1,6,2,66,10,-1,-1,-1,3,1
201434NK31684,2,3,0,18,0,8,0,0,0,0,1,1,6,1,23,5,124,1,7,-1,-1
201434NK31824,1,9,0,9,0,8,0,0,0,0,1,1,6,1,-1,-1,-1,-1,-1,-1,-1
201434NK31824,2,9,0,18,0,8,0,0,0,0,3,1,6,2,27,6,1199,1,12,-1,-1
201434NK31824,3,9,0,18,0,8,0,0,0,0,3,1,1,2,59,9,1248,2,7,3,1
201434NK32404,1,9,0,9,0,0,0,0,0,0,1,1,6,1,44,7,2616,1,8,9,2
201434NK32414,1,19,0,18,0,8,0,0,0,0,4,1,6,1,-1,-1,-1,-1,-1,-1,-1
201434NK32414,2,1,0,18,0,8,0,0,0,0,3,1,6,1,78,11,-1,-1,-1,5,1
201434NK32544,1,9,0,17,0,0,2,0,1,9,1,1,4,1,18,4,995,1,8,8,3
201434NK32844,1,9,0,13,0,0,0,0,0,0,1,1,2,1,57,9,1598,1,6,10,1
201434NK32844,2,1,0,18,0,0,0,0,0,0,3,1,2,1,42,7,-1,-1,-1,10,1
201434NK32864,1,9,0,18,0,8,0,0,1,11,1,1,6,1,86,11,1587,1,8,-1,-1
201434NK32864,2,9,0,18,0,8,0,0,0,0,1,1,6,1,54,8,2199,2,4,7,2
201434NK33024,1,4,0,18,0,0,0,0,0,0,1,1,6,1,53,8,500,1,-1,9,2
201434NK33034,1,9,0,7,0,8,0,0,0,0,1,1,1,1,49,8,1598,1,11,8,1
201434NK33034,2,9,0,14,0,8,0,0,0,0,1,1,2,2,31,6,-1,-1,-1,6,1
201434NK33034,3,9,0,2,0,8,0,0,0,0,3,1,6,2,-1,-1,1389,1,11,-1,-1
201434NK33424,1,9,0,18,0,8,0,0,0,0,1,1,6,1,34,6,1956,2,1,5,1
201434NK33434,1,9,0,18,0,0,0,0,0,0,1,1,1,2,23,5,1242,1,1,6,1
201434NK33434,2,9,0,3,0,0,0,0,0,0,2,1,1,2,34,6,1242,1,8,8,1
201434NK33434,3,9,0,18,0,0,0,0,0,0,1,1,1,2,29,6,1242,1,11,6,1
201434NK33444,1,10,0,18,0,0,1,0,0,0,1,1,6,1,19,4,-1,-1,-1,-1,2
201434NK33444,2,9,0,18,0,0,0,0,0,0,3,1,6,1,63,9,1896,2,10,9,1
201434NK33454,1,-1,0,18,0,8,0,0,0,0,0,1,6,3,-1,-1,-1,-1,-1,-1,-1
201434NK33454,2,9,0,18,0,8,0,0,0,0,0,1,6,3,-1,-1,998,1,-1,-1,-1
201434NK33454,3,9,0,18,0,8,0,0,0,0,2,1,6,1,46,8,1998,2,6,5,1
201434NK33454,4,9,0,18,0,8,0,0,0,0,1,1,6,1,-1,-1,1900,2,9,-1,-1
201434NK33754,1,9,0,16,0,0,0,0,7,4,1,1,6,1,22,5,1596,1,-1,8,1
201434NK34014,1,5,0,18,0,6,0,0,0,0,1,1,6,1,-1,-1,-1,-1,-1,-1,-1
201434NK34014,2,9,0,18,0,8,0,0,0,0,0,1,6,1,22,5,1598,1,3,6,2
201434NW00794,1,9,0,13,0,0,0,0,0,0,1,1,2,1,62,9,998,1,15,8,1
201434NW00794,2,9,0,18,0,0,0,0,0,0,1,1,6,1,-1,-1,1596,1,15,-1,-1
201434NW00794,3,9,0,18,0,0,0,0,0,0,2,1,6,1,-1,-1,-1,-1,-1,-1,-1
201434NW01134,1,9,0,18,0,8,0,0,0,0,1,1,6,1,46,8,1896,2,9,-1,-1
201434NW01434,1,9,0,18,0,0,0,0,0,0,1,1,6,1,22,5,-1,-1,-1,8,2
201434NW01434,2,1,0,18,0,0,0,0,0,0,3,1,6,1,18,4,-1,-1,-1,-1,-1
201434NW01934,1,9,0,18,0,0,0,0,0,0,1,1,6,2,-1,-1,-1,-1,-1,-1,-1
201434NW01944,1,9,0,18,0,0,2,0,1,0,1,1,3,2,29,6,1997,2,11,7,3
201434NW02154,1,9,0,18,0,8,0,0,0,0,1,1,2,1,28,6,-1,-1,-1,9,2
201434NW02154,2,9,0,9,0,8,0,0,0,0,3,1,2,1,43,7,1242,1,12,3,1
201434NW02564,1,9,0,7,0,8,0,0,0,0,1,1,6,3,-1,-1,-1,-1,-1,-1,-1
201434NW02564,2,1,0,18,0,8,0,0,0,0,1,1,1,1,19,4,-1,-1,-1,-1,-1
201434NW02594,1,9,0,1,0,8,0,0,0,0,2,1,1,1,45,7,-1,-1,-1,7,1
201434NW02594,2,9,0,2,0,8,0,0,0,0,1,1,6,2,29,6,1598,1,10,8,3
201434NW02954,1,9,0,18,0,8,0,0,0,0,1,1,2,2,48,8,1560,2,2,6,1
201434NW03034,1,9,0,18,0,8,0,0,0,0,1,1,6,1,-1,-1,1995,2,10,-1,-1
201434NW03034,2,9,0,18,0,8,0,0,0,0,1,1,1,1,34,6,2179,2,-1,4,2
201434NW03514,1,9,0,18,0,8,1,0,0,4,1,1,6,1,24,5,1781,1,13,-1,-1
201434NW03544,1,9,0,18,0,0,0,0,0,0,3,1,6,1,37,7,-1,-1,-1,3,1
201434NW03944,1,9,0,18,0,8,0,0,0,0,1,1,6,2,-1,-1,1461,2,7,-1,-1
201434NW03944,2,9,0,3,0,8,0,0,0,0,2,1,1,1,67,10,1149,1,12,7,3
201434NW04004,1,9,0,18,0,0,0,0,0,0,1,1,6,1,44,7,-1,-1,-1,-1,-1
201434NW04004,2,9,0,3,0,0,0,0,0,0,2,1,6,2,17,4,1560,2,1,-1,-1
201434NW04404,1,9,0,18,0,8,0,0,0,0,3,1,6,2,24,5,1299,1,15,2,1
201434NW04404,2,3,0,18,0,8,0,0,0,0,1,1,6,1,22,5,124,1,8,-1,-1
201434NW04424,1,9,0,18,0,8,0,0,0,0,1,1,6,1,55,8,1998,2,8,6,1
201434NW04424,2,9,0,18,0,8,0,0,0,0,1,1,2,1,22,5,1956,2,4,3,1
201434NW04624,1,9,0,18,0,0,0,0,0,0,0,1,6,3,-1,-1,-1,-1,-1,-1,-1
201434NW04624,2,9,0,18,0,0,0,0,7,0,1,1,2,1,22,5,1360,1,14,3,1
201434NW05204,1,9,0,18,0,0,0,0,7,4,1,1,1,1,25,5,1493,1,15,3,1
201434NW05674,1,9,0,18,0,0,0,0,0,0,1,1,6,2,34,6,1896,2,6,2,1
201434NW05674,2,9,0,3,0,0,0,0,0,0,2,1,6,1,53,8,1769,7,12,2,1
201434NW06314,1,9,0,18,0,8,0,0,0,0,1,1,6,2,45,7,2776,2,3,8,3
201434NW06314,2,1,0,18,0,8,0,0,0,0,1,1,6,2,58,9,-1,-1,-1,8,1
201434NW06724,1,8,0,3,0,8,0,0,0,0,0,1,1,1,47,8,1896,2,6,-1,1
201434NW06944,1,9,0,18,0,8,0,0,7,0,1,1,6,1,19,4,-1,-1,-1,4,2
201434NW06954,1,9,0,18,0,8,0,0,0,0,1,1,3,2,19,4,-1,-1,-1,6,1
201434NW06954,2,9,0,3,0,8,0,0,0,0,2,1,6,1,20,4,1199,1,15,3,1
201434NW07014,1,9,0,18,0,0,0,0,7,0,1,1,3,2,39,7,1796,7,10,1,1
201434NW07014,2,9,0,18,0,0,0,0,0,0,1,1,2,2,37,7,973,1,16,1,1
201434NW07584,1,9,0,9,0,8,0,0,0,0,1,1,6,1,-1,-1,1198,1,1,-1,-1
201434NW07584,2,1,0,18,0,8,0,0,0,0,1,1,6,1,67,10,-1,-1,-1,-1,-1
201434NW07604,1,9,0,14,0,8,1,0,0,0,1,1,2,1,21,5,-1,-1,-1,3,2
201434NW07604,2,8,0,18,0,8,0,0,0,0,1,1,1,1,52,8,1896,2,9,6,2
201434NW09124,1,9,0,18,0,0,0,0,0,0,1,1,6,1,33,6,1968,2,5,4,1
201434NW09124,2,9,0,2,0,0,0,0,0,0,0,1,6,2,33,6,1986,2,9,3,1
201434NW09584,1,9,0,14,0,8,0,0,0,0,1,1,6,1,21,5,1124,1,10,4,1
201434NW09584,2,9,0,18,0,8,0,0,0,0,1,1,6,1,29,6,-1,-1,-1,3,1
201434NW09944,1,9,0,14,0,0,0,0,0,0,1,1,6,1,37,7,-1,-1,-1,10,1
201434NW10124,1,9,0,18,0,0,0,0,0,0,1,1,6,1,22,5,1199,1,11,-1,-1
201434NW10124,2,9,0,18,0,0,0,0,0,0,1,1,1,2,31,6,-1,-1,-1,4,1
201434NW10664,1,9,0,10,0,8,0,0,0,0,0,1,6,1,39,7,1596,1,12,5,1
201434NW10664,2,9,0,18,0,8,0,0,0,0,1,1,6,1,39,7,1196,1,18,5,1
201434NW10674,1,9,0,18,0,0,0,0,1,10,1,1,6,1,29,6,1199,1,12,1,1
201434NW10674,2,9,0,18,0,0,0,0,0,0,2,1,6,1,45,7,2993,2,9,3,1
201434NW10874,1,9,0,18,0,0,1,0,0,0,1,1,6,1,25,5,1397,1,13,3,1
201434NW10874,2,9,0,3,0,0,0,0,0,0,2,1,6,1,25,5,1461,2,2,4,1
201434NW10874,3,9,0,18,0,0,0,0,0,0,0,1,6,1,28,6,1198,1,11,3,2
201434NW10884,1,9,0,18,0,0,0,0,0,0,3,1,6,2,32,6,1364,1,4,2,1
201434NW10884,2,1,0,18,0,0,0,0,0,0,3,1,6,2,11,3,-1,-1,-1,2,1
201434NW11484,1,9,0,18,0,0,5,0,7,0,1,1,6,1,24,5,-1,-1,-1,9,3
201434NW11994,1,4,0,16,0,0,1,0,0,0,1,1,6,1,22,5,487,1,7,2,1
201434NW11994,2,9,0,17,0,0,0,0,0,0,1,1,6,1,82,11,1999,1,13,6,1
201434NW12774,1,9,0,18,0,8,0,0,0,0,1,1,1,1,25,5,1560,2,7,5,1
201434NW12774,2,2,0,18,0,8,0,0,0,0,1,1,6,1,26,6,124,1,7,4,1
201434NW13134,1,9,0,18,0,0,2,0,1,9,1,1,6,1,26,6,1124,1,11,8,2
201434NW13234,1,9,0,7,0,6,0,0,0,0,1,1,1,2,55,8,1229,1,6,10,1
201434NW13234,2,1,0,18,0,8,0,0,0,0,1,1,6,1,50,8,-1,-1,-1,10,1
201434NW13334,1,9,0,18,0,0,0,0,0,0,1,1,2,2,19,4,999,1,14,7,1
201434NW13334,2,1,0,18,0,0,0,0,0,0,1,1,6,1,52,8,-1,-1,-1,9,1
201434NW13434,1,9,0,18,0,8,0,0,0,0,1,1,2,2,25,5,-1,-1,-1,4,1
201434NW13434,2,3,0,18,0,8,0,0,0,0,2,1,6,1,16,4,-1,-1,-1,-1,-1
201434NW13724,1,9,0,9,0,8,0,0,0,0,1,1,6,1,48,8,2171,2,11,2,1
201434NW13724,2,3,0,18,0,8,1,0,0,0,1,1,6,1,21,5,125,1,13,2,1
201434NW13834,1,9,0,18,0,8,0,0,0,0,1,1,2,2,31,6,2000,1,15,2,1
201434NW13834,2,9,0,18,0,8,0,0,7,11,1,1,6,2,59,9,1399,2,7,-1,-1
201434NW13844,1,9,0,3,0,8,0,0,0,0,1,1,6,2,36,7,796,1,12,4,1
201434NW13844,2,5,0,18,0,8,0,0,0,0,2,1,6,1,50,8,1170,1,4,10,2
201434NW14304,1,9,0,18,0,8,0,0,0,0,1,1,6,2,43,7,1997,1,7,10,2
201434NW14384,1,9,0,15,0,0,0,0,0,0,2,1,6,1,-1,-1,4367,2,3,-1,-1
201434NW14384,2,21,0,18,0,0,0,0,0,0,1,1,6,1,55,8,-1,2,14,7,2
201434NW14394,1,9,0,18,0,8,0,0,0,0,1,1,1,2,60,9,1956,2,5,9,1
201434NW14394,2,4,0,18,0,8,0,0,0,0,3,1,6,1,51,8,124,1,15,8,3
201434NW14534,1,8,0,18,0,0,0,0,0,0,1,1,1,1,51,8,2204,2,7,6,1
201434NW14534,2,9,0,18,0,0,0,0,0,0,2,1,1,2,33,6,1998,1,10,2,1
201434NW14574,1,9,0,18,0,0,0,0,0,0,1,1,6,1,42,7,-1,-1,-1,1,1
201434NW14574,2,9,0,18,0,0,0,0,0,0,2,1,1,2,34,6,1339,1,8,4,2
201434NW14934,1,9,0,18,0,8,0,10,3,0,1,1,6,2,41,7,1498,1,6,-1,-1