Accident_Index,Vehicle_Reference,Vehicle_Type,Towing_and_Articulation,Vehicle_Manoeuvre,Vehicle_Location-Restricted_Lane,Junction_Location,Skidding_and_Overturning,Hit_Object_in_Carriageway,Vehicle_Leaving_Carriageway,Hit_Object_off_Carriageway,1st_Point_of_Impact,Was_Vehicle_Left_Hand_Drive?,Journey_Purpose_of_Driver,Sex_of_Driver,Age_of_Driver,Age_Band_of_Driver,Engine_Capacity_(CC),Propulsion_Code,Age_of_Vehicle,Driver_IMD_Decile,Driver_Home_Area_Type
201434NW14934,2,9,0,3,0,8,0,0,0,0,2,1,1,1,50,8,-1,-1,-1,10,1
201434NW15474,1,9,0,18,0,8,0,0,0,0,1,1,6,2,41,7,2204,2,6,1,1
201434NW15474,2,9,0,3,0,8,0,0,0,0,2,1,6,2,26,6,1910,2,4,3,2
201434NW15544,1,9,0,18,0,8,0,0,0,0,1,1,6,3,-1,-1,-1,-1,-1,-1,-1
201434NW15544,2,1,0,18,0,8,0,0,0,0,3,1,6,1,17,4,-1,-1,-1,4,2
201434NW15614,1,9,0,18,0,8,0,0,0,0,4,1,2,1,23,5,998,1,-1,4,1
201434NW15624,1,9,0,9,0,8,0,0,0,0,3,1,6,2,24,5,1598,1,8,1,1
201434NW15624,2,9,0,18,0,8,0,0,0,0,1,1,6,1,43,7,1560,2,1,4,1
201434NW15684,1,9,0,18,0,8,0,0,0,0,1,1,1,2,57,9,1598,1,1,-1,-1
201434NW15684,2,1,0,18,0,8,0,0,0,0,1,1,6,1,16,4,-1,-1,-1,-1,-1
201434NW16254,1,9,0,18,0,0,0,0,0,0,1,1,2,1,43,7,1870,2,12,5,1
201434NW16254,2,9,0,3,0,0,0,0,0,0,2,1,1,2,56,9,1200,1,-1,10,1
201434NW16254,3,9,0,3,0,0,0,0,0,0,0,1,6,1,35,6,-1,-1,-1,5,1
201434NW16284,1,9,0,18,0,0,0,0,0,0,4,1,1,2,64,9,1560,2,7,4,1
201434NW16564,1,9,0,9,0,8,0,0,0,0,4,1,3,2,27,6,-1,-1,-1,-1,-1
201434NW16564,2,5,0,18,0,8,0,0,0,0,1,1,2,2,35,6,600,1,13,1,1
201434NW16584,1,9,0,9,0,8,0,0,0,0,3,1,6,1,65,9,2962,1,15,5,1
201434NW16584,2,9,0,18,0,8,0,0,0,0,4,1,1,1,36,7,1686,2,2,-1,-1
201434NW16654,1,9,0,18,0,8,0,0,0,0,1,1,6,1,25,5,1199,1,11,10,1
201434NW16894,1,9,0,18,0,0,0,0,0,0,1,1,6,1,75,10,1896,2,5,8,3
201434NW16894,2,19,0,18,0,0,0,0,0,0,3,1,1,1,-1,-1,2198,2,-1,-1,-1
201434NW16894,3,9,0,18,0,0,0,0,0,0,3,1,2,2,46,8,1582,2,2,-1,-1
201434NW17364,1,9,0,18,0,0,5,0,1,4,0,1,6,2,29,6,2926,2,12,-1,-1
201434NW17364,2,19,0,18,0,0,0,0,0,0,0,1,6,3,-1,-1,-1,-1,-1,-1,-1
201434NW17494,1,5,0,18,0,8,1,0,0,0,3,1,2,1,38,7,599,1,16,-1,-1
201434NW17834,1,9,0,18,0,8,0,0,0,0,1,1,6,3,-1,-1,-1,-1,-1,-1,-1
201434NW17844,1,9,0,6,0,0,0,0,0,0,1,1,6,1,28,6,1896,2,12,4,1
201434NW17844,2,9,0,18,0,0,0,0,0,0,1,1,6,2,46,8,1240,1,9,8,3
201434NW18094,1,9,0,18,0,8,0,0,0,0,0,1,6,3,-1,-1,-1,-1,-1,-1,-1
201434NW18094,2,9,0,3,0,8,0,0,0,0,2,1,6,2,43,7,1398,1,1,3,2
201434NW18104,1,9,0,9,0,8,0,0,0,0,1,1,6,1,31,6,1781,1,13,1,1
201434NW18104,2,9,0,18,0,8,0,0,0,0,1,1,2,1,28,6,1388,1,11,2,1
201434NW18324,1,9,0,16,0,0,0,0,0,0,1,1,6,2,40,7,3189,1,7,10,1
201434NW18324,2,9,0,17,0,0,0,0,0,0,3,1,1,1,39,7,-1,-1,-1,3,1
201434NW18324,3,3,0,17,0,0,0,0,0,0,1,1,2,1,18,4,124,1,1,9,2
201434NW18364,1,5,0,18,0,8,1,9,7,0,1,1,6,1,41,7,-1,-1,-1,7,1
201434NW18444,1,9,0,18,0,8,0,0,0,0,1,1,6,1,23,5,1686,2,10,-1,-1
201434NW18444,2,9,0,2,0,8,0,0,0,0,1,1,6,1,-1,-1,1896,2,13,-1,-1
201434NW18444,3,9,0,18,0,8,0,0,0,0,1,1,6,2,39,7,1598,2,4,3,1
201434NW18454,1,5,0,18,0,0,0,0,1,0,1,1,6,1,48,8,1199,1,10,1,1
201434NW18664,1,9,0,18,0,0,0,0,0,0,1,1,6,2,40,7,1398,1,-1,4,1
201434NW18684,1,9,0,18,0,8,0,0,0,0,1,1,6,1,18,4,1998,1,8,7,1
201434NW19194,1,9,0,18,0,0,0,0,0,0,1,1,1,2,58,9,1299,1,11,2,1
201434NW19194,2,9,0,3,0,0,0,0,0,0,1,1,1,1,23,5,1596,1,7,10,1
201434NW19194,3,9,0,3,0,0,0,0,0,0,2,1,1,2,43,7,1598,1,4,10,1
201434NW19254,1,5,0,18,0,8,2,0,0,0,4,1,2,1,44,7,1000,1,16,10,2
201434NW19274,1,5,0,18,0,0,0,0,0,0,3,1,6,1,51,8,-1,-1,-1,8,3
201434NW19284,1,8,0,18,0,0,0,0,0,0,1,1,6,1,-1,-1,1910,2,9,-1,-1
201434NW19614,1,9,0,9,0,8,0,0,0,0,1,1,6,1,19,4,1242,1,15,4,2
201434NW19614,2,9,0,18,0,8,0,0,0,0,1,1,6,1,31,6,1995,1,13,1,1
201434NW19734,1,8,0,9,0,0,0,0,0,0,1,1,1,1,27,6,1753,2,6,4,1
201434NW19734,2,2,0,18,0,0,0,0,0,0,1,1,6,1,17,4,49,1,1,6,1
201434NW19744,1,19,0,18,0,0,0,0,0,0,4,1,1,1,52,8,4580,2,1,-1,-1
201434NW20044,1,9,0,18,0,0,0,0,0,0,2,1,6,1,40,7,1199,1,12,7,1
201434NW20044,2,9,0,18,0,0,0,0,0,0,1,1,6,1,27,6,-1,-1,-1,7,2
201434NW20334,1,9,0,9,0,8,1,0,1,0,1,1,6,1,23,5,1995,2,10,2,1
201434NW20334,2,9,0,18,0,8,0,0,0,0,1,1,1,1,38,7,2987,2,9,3,1
201434NW20414,1,3,0,13,0,8,0,0,7,0,1,1,6,1,16,4,998,1,4,-1,-1
201434NW20414,2,17,0,9,0,8,0,0,0,0,3,1,1,1,20,4,6788,2,2,-1,-1
201434NW20814,1,9,0,17,0,8,1,0,1,0,2,1,6,2,21,5,1596,1,12,-1,-1
201434NW20894,1,9,0,18,0,8,0,0,0,0,4,1,6,1,-1,-1,1956,2,1,-1,-1
201434NW21514,1,9,0,9,0,8,0,0,0,0,3,1,2,2,19,4,998,1,12,8,2
201434NW21514,2,3,0,18,0,8,0,0,0,0,1,1,1,1,52,8,108,1,1,2,1
201434NW21524,1,9,0,9,0,8,0,0,0,0,1,1,6,2,19,4,1242,1,9,9,1
201434NW21524,2,9,0,18,0,8,0,0,0,0,4,1,2,2,27,6,1197,1,2,6,2
201434NW22774,1,9,0,18,0,8,0,0,0,0,3,1,6,1,26,6,-1,-1,-1,7,1
201434NW22774,2,2,0,18,0,8,0,0,7,0,1,1,6,1,16,4,-1,-1,-1,7,1
201434NW23124,1,9,0,18,0,8,0,0,0,0,1,1,1,1,31,6,-1,-1,-1,4,1
201434NW23124,2,9,0,3,0,8,0,0,0,0,2,1,6,1,61,9,998,1,2,6,1
201434NW23124,3,9,0,3,0,8,0,0,0,0,2,1,6,1,29,6,1299,1,13,8,1
201434NW23134,1,9,0,18,0,0,0,0,5,6,1,1,3,1,37,7,1461,2,-1,8,1
201434NW23134,2,9,0,18,0,0,0,0,0,0,2,1,2,2,53,8,1390,1,10,9,2
201434NW23134,3,20,1,18,0,0,0,0,0,0,3,1,1,1,39,7,-1,-1,-1,4,1
201434NW23804,1,9,0,18,0,8,0,0,0,0,1,1,6,1,84,11,1242,1,6,3,2
201434NW23804,2,9,0,10,0,8,0,0,0,0,2,1,6,1,62,9,1397,1,4,8,1
201434NW24464,1,9,0,18,0,8,1,0,0,0,1,1,6,1,24,5,1984,1,13,2,1
201434NW24464,2,9,0,18,0,8,0,0,0,0,1,1,2,2,51,8,1598,1,12,7,1
201434NW24474,1,9,0,13,0,0,0,0,0,0,4,1,6,2,41,7,995,1,6,4,1
201434NW24474,2,1,0,18,0,0,0,0,0,0,3,1,6,1,37,7,-1,-1,-1,5,1
201434NW24814,1,19,0,18,0,0,0,0,0,0,4,1,1,1,-1,-1,2143,2,1,-1,-1
201434NW24814,2,1,0,12,0,0,0,0,0,0,3,1,6,1,22,5,-1,-1,-1,4,1
201434NW25224,1,9,0,10,0,8,0,0,0,0,2,1,6,2,47,8,1686,2,11,4,1
201434NW25224,2,8,0,18,0,8,0,0,0,0,1,1,1,1,27,6,1910,2,6,6,1
201434NW25494,1,9,0,18,0,0,0,0,0,0,3,1,6,1,-1,-1,2685,2,9,-1,-1
201434NW25594,1,9,0,9,0,0,0,0,0,0,4,1,6,1,20,4,1598,1,11,8,1
201434NW25594,2,21,0,18,0,0,0,0,0,0,1,1,1,1,61,9,9290,2,3,1,1
201434NW26034,1,9,0,18,0,8,0,0,0,0,1,1,3,2,42,7,1596,1,8,6,1
201434NW26074,1,9,0,18,0,0,0,0,1,0,1,1,6,1,32,6,1991,1,16,5,1
201434NW26794,1,9,0,14,0,0,0,0,0,0,0,1,6,2,32,6,2199,2,4,9,2
201434NW26804,1,9,0,18,0,0,0,0,0,0,1,1,6,1,-1,-1,1999,1,13,-1,-1
201434NW26804,2,9,0,3,0,0,0,0,0,0,2,1,6,1,-1,-1,1598,1,14,-1,-1
201434NW26804,3,9,0,3,0,0,0,0,0,0,1,1,6,2,31,6,1598,1,9,-1,-1
201434NW26814,1,9,0,9,0,8,0,0,0,0,1,1,6,1,79,11,1988,1,14,-1,-1
201434NW26814,2,9,0,18,0,8,0,0,0,0,1,1,6,2,52,8,1388,1,5,5,1
201434NW26824,1,9,0,9,0,8,0,0,0,0,3,1,6,2,-1,-1,1598,1,12,-1,-1
201434NW26824,2,9,0,18,0,8,0,0,0,0,1,1,6,2,38,7,1598,1,1,-1,-1
201434NW26834,1,9,0,18,0,0,0,0,0,0,1,1,2,1,23,5,1200,1,12,3,1
201434NW27574,1,9,0,18,0,0,0,0,0,0,1,1,6,1,18,4,1199,1,12,3,1
201434NW27574,2,9,0,2,0,0,0,0,0,0,2,1,6,2,33,6,1598,1,1,3,1
201434NW27584,1,9,0,18,0,8,0,0,0,0,1,1,6,2,33,6,1598,1,10,4,1
201434NW27584,2,9,0,3,0,8,0,0,0,0,1,1,2,2,29,6,-1,-1,-1,10,2
201434NW27584,3,19,0,10,0,8,0,0,0,0,2,1,1,1,49,8,2402,2,8,4,1
201434NW27844,1,9,0,9,0,8,0,0,0,0,1,1,6,2,45,7,1560,2,5,-1,-1
201434NW27844,2,9,0,18,0,8,0,0,7,9,1,1,1,1,58,9,2191,2,1,8,1
201434NW28044,1,90,0,18,0,8,0,0,0,0,1,1,6,1,21,5,-1,-1,-1,5,1
201434NW28044,2,9,0,18,0,8,0,0,0,0,1,1,6,1,65,9,3947,1,15,10,2
201434NW28104,1,9,0,18,0,8,0,0,0,0,1,1,2,2,54,8,1242,1,-1,-1,-1
201434NW28104,2,9,0,10,0,8,0,0,0,0,2,1,6,1,47,8,2993,2,8,7,1
201434NW28524,1,9,0,7,0,8,0,0,0,0,3,1,6,1,-1,-1,1149,1,14,-1,-1
201434NW28524,2,1,0,18,9,8,0,0,0,0,1,1,6,1,29,6,-1,-1,-1,-1,-1
201434NW28784,1,9,0,9,0,8,0,0,0,0,1,1,6,2,86,11,1341,1,15,8,3
201434NW28784,2,9,0,18,0,8,0,0,0,0,1,1,1,2,43,7,2198,1,13,-1,1
201434NW29114,1,9,0,18,0,0,0,0,7,9,1,1,6,2,40,7,2179,2,4,10,1
201434NW29824,1,9,0,13,0,0,0,0,0,0,0,1,6,3,-1,-1,-1,-1,-1,-1,-1
201434NW29824,2,9,0,18,0,0,1,0,1,6,1,1,6,1,17,4,1199,1,10,10,1
201434NW29834,1,9,0,18,0,8,0,0,0,0,1,1,6,3,-1,-1,-1,-1,-1,-1,-1
201434NW29834,2,22,0,18,0,8,0,0,0,0,4,1,6,2,20,4,-1,-1,-1,3,1
201434NW29874,1,9,0,18,0,0,0,0,0,0,1,1,6,1,27,6,1596,1,9,9,3
201434NW29874,2,9,0,3,0,0,0,0,0,0,2,1,2,2,31,6,1796,1,7,2,1
201434NW29914,1,9,0,18,0,0,1,0,0,0,1,1,6,1,19,4,999,1,13,7,3
201434NW29914,2,9,0,18,0,0,1,0,1,0,2,1,6,1,48,8,-1,-1,-1,10,1
201434NW29914,3,1,0,18,0,0,0,0,1,0,3,1,6,1,44,7,-1,-1,-1,3,1
201434NW29924,1,9,0,16,0,0,0,0,1,1,1,1,6,1,28,6,2191,2,1,-1,-1
201434NW30024,1,9,0,13,0,8,0,0,7,11,3,1,6,1,26,6,-1,-1,-1,2,1
201434NW30024,2,9,0,18,0,8,0,0,0,0,3,1,6,1,65,9,996,1,3,-1,-1
201434NW30164,1,9,0,14,0,0,0,0,0,0,1,1,2,2,58,9,999,1,1,10,1
201434NW30164,2,9,0,18,0,0,0,0,0,0,1,1,2,2,64,9,1200,1,1,2,1
201434NW30174,1,9,0,18,0,8,0,0,0,0,1,1,6,2,34,6,1753,2,13,6,2
201434NW30174,2,9,0,18,0,8,0,0,0,0,4,1,6,2,23,5,1390,1,1,3,1
201434NW30194,1,3,0,18,0,0,0,0,0,0,1,1,2,1,21,5,124,1,-1,9,2
201434NW30194,2,9,0,18,0,0,0,0,0,0,0,1,2,2,30,6,1986,2,7,-1,-1
201434NW30644,1,9,0,13,0,8,0,0,0,0,0,1,6,1,-1,-1,1781,1,15,-1,-1
201434NW30644,2,9,0,18,0,8,0,0,0,0,0,1,2,2,47,8,1560,2,4,9,2
201434NW30664,1,9,0,18,0,8,0,0,0,0,1,1,6,2,36,7,1108,1,5,4,1
201434NW30914,1,9,0,18,0,8,0,0,0,0,1,1,6,2,42,7,-1,-1,-1,10,2
201434NW30914,2,5,0,18,0,8,0,0,0,0,1,1,6,1,31,6,520,1,12,4,2
201434NW31134,1,9,0,18,0,7,0,0,0,0,1,1,2,1,47,8,1598,1,11,3,2
201434NW31134,2,9,0,3,0,7,0,0,0,0,2,1,2,2,28,6,1598,2,2,9,1
201434NW31334,1,9,0,18,0,8,0,0,0,0,1,1,6,1,43,7,1596,1,10,-1,-1
201434NW31364,1,9,0,18,0,8,0,0,0,0,1,1,6,2,43,7,1995,2,1,-1,-1
201434NW31364,2,1,0,18,0,8,0,0,0,0,1,1,6,1,61,9,-1,-1,-1,8,2
201434NW31634,1,11,0,4,0,0,0,0,0,0,4,1,1,1,31,6,9000,2,1,5,1
201434NW31654,1,19,0,18,0,0,0,0,0,0,4,1,6,1,37,7,2198,2,-1,5,1
201434NW31654,2,1,0,18,0,0,0,0,0,0,3,1,6,1,54,8,-1,-1,-1,-1,-1
201434NW32334,1,9,0,3,0,0,0,0,0,0,2,1,6,2,36,7,-1,-1,-1,5,2
201434NW32334,2,9,0,18,0,0,0,0,0,0,1,1,6,1,-1,-1,-1,-1,-1,-1,-1
201434NW32344,1,9,0,13,0,0,0,0,0,0,2,1,6,1,26,6,1596,1,10,-1,3
201434NW32344,2,9,0,18,0,0,0,0,0,0,1,1,2,1,29,6,1995,2,4,-1,2
201434NW32364,1,9,0,18,0,8,0,0,0,0,1,1,3,1,27,6,1560,2,7,3,2
201434NW32364,2,9,0,10,0,8,0,0,0,0,2,1,6,1,-1,-1,2143,2,3,-1,-1
201434NW32374,1,9,0,18,0,0,0,0,0,0,1,1,2,1,32,6,1598,1,14,3,1
201434NW32374,2,9,0,3,0,0,0,0,0,0,2,1,6,2,33,6,875,1,-1,-1,-1
201434NW32374,3,9,0,3,0,0,0,0,0,0,2,1,1,2,23,5,1422,2,12,6,1
201434NW32534,1,20,1,18,0,0,0,0,0,0,4,1,1,2,47,8,4250,2,3,7,1
201434NW32854,1,9,0,9,0,8,0,0,0,0,1,1,6,1,-1,-1,1799,1,5,8,2
201434NW32994,1,9,0,18,0,8,0,0,0,0,1,1,6,1,46,8,998,1,12,8,1
201434NW32994,2,19,0,3,0,8,0,0,0,0,2,1,1,1,40,7,2198,2,5,10,1
201434NW33004,1,9,0,18,0,0,0,10,1,9,1,1,6,1,21,5,1360,1,9,3,1
201434NW33984,1,9,0,18,0,0,0,0,0,0,4,1,6,1,-1,-1,-1,-1,-1,-1,-1
201434NW34024,1,9,0,1,0,0,0,0,0,0,2,1,6,3,-1,-1,-1,-1,-1,-1,-1
201434NW34024,2,9,0,18,0,0,0,0,0,0,2,1,6,1,25,5,1598,2,1,4,1
201434NW34034,1,9,0,18,0,0,0,0,7,4,1,1,6,2,20,4,1086,1,7,2,1
201434NW34054,1,9,0,18,0,8,0,0,0,0,3,1,1,2,46,8,1248,2,1,-1,2
201434NW34054,2,9,0,18,0,8,0,0,0,0,1,1,6,1,42,7,1905,2,18,1,1
201434NW34094,1,9,0,18,0,2,0,0,0,0,3,1,6,1,44,7,1299,1,11,7,1
201434NW34094,2,19,0,2,0,2,0,0,0,0,0,1,1,1,35,6,1968,2,1,-1,-1
201434TC80074,1,9,0,18,0,0,0,0,7,0,1,1,6,1,41,7,1598,1,2,10,1
201434TC80074,2,9,0,18,0,0,0,0,0,0,1,1,1,1,53,8,-1,-1,-1,5,1
201434TC80074,3,9,0,18,0,0,0,0,0,0,1,1,6,2,34,6,1560,2,8,3,1
201434TC80114,1,9,0,18,0,0,0,0,0,0,1,1,6,3,-1,-1,-1,-1,-1,-1,-1
201434TC80124,1,9,0,18,0,0,0,0,0,0,1,1,6,1,23,5,2967,2,4,3,1
201434TC80124,2,9,0,18,0,0,0,0,0,0,1,1,2,1,25,5,2494,1,12,6,2
201434TC80124,3,9,0,18,0,0,0,0,0,0,0,1,6,1,30,6,-1,-1,-1,10,3
201434TC80144,1,1,0,18,0,8,0,0,0,0,3,1,6,1,21,5,-1,-1,-1,-1,-1
201434TC80144,2,9,0,18,0,8,0,0,7,0,1,1,6,1,49,8,1398,1,-1,4,1
201434TC80204,1,19,0,18,0,8,0,0,0,0,1,1,2,1,45,7,2198,2,-1,8,3
201434TD80034,1,9,0,18,0,0,0,0,1,9,1,1,6,1,31,6,1242,1,12,9,2
201434TD80054,1,9,0,17,0,0,1,0,0,0,4,1,6,1,34,6,1896,2,12,5,1
201434TD80054,2,9,0,18,0,0,1,0,0,0,1,1,6,1,27,6,-1,-1,-1,7,2
201434TD80184,1,5,0,18,0,8,0,0,1,4,1,1,6,1,31,6,999,1,7,7,1
201434TE80154,1,9,0,18,0,8,5,0,1,9,1,1,6,1,82,11,998,1,13,7,2
201434TK80174,1,9,0,17,0,0,0,0,1,4,1,1,2,1,58,9,1956,2,3,9,1
201434TK80224,1,9,0,18,0,0,0,0,7,0,1,1,6,1,65,9,1598,1,9,-1,1
201434TK80224,2,19,0,18,0,0,0,0,0,0,3,1,1,1,45,7,-1,-1,-1,8,2
201434TK80224,3,9,0,18,0,0,0,0,0,0,0,1,6,1,44,7,1896,2,6,5,1
201434TM00214,1,21,1,18,0,0,0,0,0,0,1,1,1,1,32,6,-1,-1,-1,-1,-1
201434TM00214,2,9,0,3,0,0,0,0,0,0,2,1,6,2,67,10,1598,1,11,7,1
201434TM00304,1,9,0,18,0,0,0,0,0,0,1,1,6,2,20,4,1242,1,3,4,1
201434TM00304,2,9,0,18,0,0,0,0,0,0,2,1,6,2,59,9,1248,2,6,2,1
201434TM00304,3,10,0,3,0,0,0,0,0,0,2,1,6,1,44,7,-1,-1,-1,3,1
201434TM02844,1,9,0,18,0,0,1,0,0,0,1,1,6,1,30,6,-1,-1,-1,-1,1
201434TM02844,2,9,0,18,0,0,0,0,0,0,2,1,6,1,64,9,1956,2,1,7,1
201434TM04214,1,9,0,18,0,0,0,0,0,0,1,1,6,1,34,6,1968,2,7,5,1
201434TM04214,2,9,0,18,0,0,0,0,0,0,2,1,1,1,53,8,2967,2,2,-1,-1
201434TM04464,1,9,0,18,0,0,0,0,1,10,1,1,6,1,25,5,1686,2,10,1,1
201434TM05424,1,9,0,18,0,7,1,0,7,1,1,1,6,1,23,5,1990,1,19,3,1
201434TM07344,1,20,0,18,0,0,0,0,2,0,1,1,1,1,61,9,9200,2,7,9,2
201434TM07344,2,9,0,18,0,0,0,0,0,0,1,1,2,1,50,8,1390,1,4,7,1
201434TM10224,1,9,0,12,0,0,0,0,0,0,1,1,6,3,-1,-1,-1,-1,-1,-1,-1
201434TM10224,2,5,0,18,0,0,0,0,0,0,1,1,6,1,22,5,600,1,10,-1,3
201434TM10224,3,9,0,18,0,0,0,0,0,0,4,1,6,1,-1,-1,1398,1,1,9,1
201434TM10244,1,9,0,18,0,0,0,0,0,0,1,1,6,1,30,6,1397,1,12,4,1
201434TM10244,2,9,0,3,0,0,0,0,0,0,2,1,1,1,46,8,-1,-1,-1,8,1
201434TM10894,1,9,0,18,0,7,1,0,0,0,1,1,2,2,35,6,1390,1,11,5,1
201434TM10894,2,21,1,18,0,8,0,0,0,0,1,1,1,1,45,7,12419,2,3,7,1
201434TM11184,1,9,0,11,0,0,1,0,1,0,2,1,6,1,70,10,1781,1,11,1,1
201434TM11184,2,20,0,18,0,0,0,0,0,0,1,1,6,3,-1,-1,-1,-1,-1,-1,-1
201434TM12764,1,9,0,18,0,0,0,0,0,0,1,1,1,2,28,6,973,1,13,-1,-1
201434TM12764,2,9,0,3,0,0,0,0,0,0,2,1,1,1,24,5,1600,2,4,6,3
201434TM13164,1,9,0,18,0,0,0,0,0,0,1,1,6,1,36,7,1995,2,13,-1,1
201434TM13164,2,9,0,3,0,0,0,0,0,0,2,1,6,1,21,5,-1,-1,-1,6,1
201434TM13164,3,9,0,3,0,0,0,0,0,0,2,1,6,1,31,6,5000,1,-1,10,1
201434TM15004,1,3,0,18,0,0,0,0,7,6,1,1,6,1,34,6,-1,-1,-1,3,1
201434TM15414,1,9,0,12,0,0,0,0,0,0,0,1,1,1,38,7,1997,2,1,9,1
201434TM15414,2,9,0,18,0,0,0,0,7,6,1,1,6,1,38,7,998,1,13,-1,-1
201434TM16244,1,9,0,18,0,0,5,0,1,4,1,1,6,1,32,6,1390,1,5,1,1
201434TM16784,1,9,0,12,0,0,0,0,0,0,0,1,6,3,-1,-1,-1,-1,-1,-1,-1
201434TM16784,2,9,0,3,0,0,0,0,0,0,2,1,6,2,31,6,1598,1,1,7,3
201434TM16784,3,9,0,18,0,0,1,0,0,0,1,1,6,1,25,5,-1,-1,-1,4,1
201434TM17724,1,21,1,18,0,0,0,0,5,6,3,1,1,1,61,9,11967,2,3,6,1
201434TM17724,2,9,0,18,0,0,0,0,7,6,4,1,1,2,36,7,1995,2,8,3,1
201434TM17724,3,9,0,18,0,0,0,0,0,0,4,1,6,1,45,7,2685,2,10,-1,1
201434TM19634,1,9,0,18,0,0,0,0,0,0,1,1,6,1,39,7,1910,2,6,8,1
201434TM19634,2,20,1,18,0,0,0,0,0,0,2,1,1,1,44,7,-1,-1,-1,2,1
201434TM20784,1,21,1,18,0,0,0,0,0,0,1,2,1,1,23,5,-1,-1,-1,-1,-1
201434TM20784,2,9,0,3,0,0,0,0,0,0,2,1,6,1,-1,-1,2401,2,8,6,3
201434TM20784,3,9,0,3,0,0,0,0,0,0,2,1,2,1,44,7,1995,2,1,-1,3
201434TM20784,4,9,0,3,0,0,0,0,0,0,1,1,6,1,21,5,1422,2,-1,-1,-1
201434TM20784,5,9,0,3,0,0,0,0,0,0,2,1,6,1,36,7,1781,1,11,9,1
201434TM21924,1,9,0,18,0,0,5,0,0,6,1,1,6,1,22,5,1998,1,14,7,3
201434TM22304,1,20,0,6,0,8,0,0,0,0,0,1,6,1,-1,-1,-1,-1,-1,-1,-1
201434TM22304,2,5,0,18,0,8,1,0,0,0,0,1,6,1,48,8,1450,1,14,9,2
201434TM23844,1,9,0,18,0,0,0,0,0,0,1,1,6,1,46,8,1896,2,11,8,1
201434TM23844,2,19,0,2,0,0,0,0,0,0,2,1,1,1,50,8,6370,2,12,3,1
201434TM24554,1,5,0,18,0,7,0,0,0,0,1,1,6,1,51,8,1197,1,1,-1,-1
201434TM24554,2,20,0,18,0,8,0,0,0,0,4,1,6,3,-1,-1,-1,-1,-1,-1,-1
201434TM24574,1,19,0,18,0,0,1,0,0,0,1,1,6,1,31,6,2402,2,3,4,2
201434TM24574,2,19,0,3,0,0,0,0,0,0,2,1,2,1,37,7,-1,-1,-1,2,1
201434TM24574,3,9,0,3,0,0,0,0,0,0,2,1,6,1,26,6,-1,-1,-1,-1,1
201434TM24714,1,9,0,18,0,0,0,0,0,0,1,1,6,1,25,5,1598,2,2,10,1
201434TM24714,2,9,0,3,0,0,0,0,0,0,2,1,6,2,31,6,1968,2,6,7,1
201434TM26254,1,9,0,18,0,0,1,0,4,0,1,1,6,1,27,6,2967,2,7,2,1
201434TM26254,2,20,1,18,0,0,1,0,0,0,2,1,1,1,47,8,12777,2,8,8,2
201434TM26854,1,21,0,13,0,0,0,0,0,0,3,2,1,1,38,7,-1,-1,-1,-1,-1
201434TM26854,2,9,0,18,0,0,0,0,0,0,1,1,6,1,38,7,1870,2,8,-1,1
201434TM27084,1,9,0,3,0,0,0,0,0,0,2,1,6,1,52,8,1753,2,11,-1,-1
201434TM27084,2,9,0,18,0,0,0,0,0,0,1,1,6,1,50,8,1590,1,9,7,2
201434TM27104,1,21,1,18,0,0,0,0,0,0,1,1,1,1,46,8,-1,-1,-1,2,1
201434TM27104,2,21,1,3,0,0,0,0,0,0,2,1,1,1,44,7,12740,2,-1,1,1
201434TM27104,3,21,1,3,0,0,0,0,0,0,2,1,1,1,53,8,12419,2,5,4,1
201434TM27114,1,20,1,18,0,0,1,0,0,0,1,1,1,1,49,8,-1,-1,-1,2,1
201434TM27114,2,21,1,18,0,0,0,0,0,0,2,1,1,1,29,6,5880,2,4,-1,-1
201434TM27114,3,21,1,18,0,0,0,0,0,0,2,1,1,1,36,7,10837,2,2,2,1
201434TM27114,4,19,0,18,0,0,0,0,0,0,4,2,1,1,34,6,-1,-1,-1,-1,-1
201434TM27114,5,19,0,18,0,0,0,0,0,0,2,1,1,1,46,8,4462,2,1,4,1
201434TM27114,6,9,0,18,0,0,0,0,0,0,0,1,6,1,38,7,1396,2,-1,4,1
201434TM27254,1,20,0,18,0,0,0,0,0,0,1,1,1,1,64,9,-1,-1,-1,8,1
201434TM27254,2,9,0,3,0,0,0,0,0,0,2,1,6,2,43,7,1998,1,10,-1,-1
201434TM27254,3,21,0,3,0,0,0,0,0,0,2,1,1,1,57,9,12902,2,1,9,3
201434TM27694,1,9,0,18,0,0,0,0,0,0,1,1,6,2,30,6,998,1,-1,5,2
201434TM27694,2,9,0,3,0,0,0,0,0,0,2,1,6,1,26,6,2179,2,3,6,2
201434TM27814,1,9,0,18,0,0,0,0,0,0,1,1,2,2,36,7,1397,1,4,3,1
201434TM27814,2,9,0,3,0,0,0,0,0,0,2,1,6,1,30,6,1999,1,8,2,1
201434TM27814,3,19,0,3,0,0,0,0,0,0,2,1,2,1,28,6,2198,2,2,7,2
201434TM29734,1,98,0,18,0,0,0,0,0,0,0,1,6,3,-1,-1,-1,-1,-1,-1,-1
201434TM29734,2,9,0,18,0,0,0,0,0,0,1,1,6,2,54,8,1984,1,12,7,3
201434TM29854,1,9,0,18,0,8,0,0,0,0,3,1,1,2,55,8,1600,2,3,4,2
201434TM29854,2,98,0,18,0,8,0,0,0,0,4,1,6,1,-1,-1,12580,2,10,-1,-1
201434TM30694,1,9,0,18,0,0,5,0,1,0,3,1,6,1,22,5,1242,1,13,1,1
201434TM30694,2,9,0,18,0,0,0,0,1,6,3,1,6,1,40,7,1364,1,9,8,1