Accident_Index,Vehicle_Reference,Vehicle_Type,Towing_and_Articulation,Vehicle_Manoeuvre,Vehicle_Location-Restricted_Lane,Junction_Location,Skidding_and_Overturning,Hit_Object_in_Carriageway,Vehicle_Leaving_Carriageway,Hit_Object_off_Carriageway,1st_Point_of_Impact,Was_Vehicle_Left_Hand_Drive?,Journey_Purpose_of_Driver,Sex_of_Driver,Age_of_Driver,Age_Band_of_Driver,Engine_Capacity_(CC),Propulsion_Code,Age_of_Vehicle,Driver_IMD_Decile,Driver_Home_Area_Type
201434WD28544,1,9,0,1,0,0,0,0,0,0,0,1,6,1,56,9,698,1,9,6,1
201434WD28974,1,9,0,9,0,8,0,0,7,11,1,1,6,1,84,11,1248,1,5,9,2
201434WD28974,2,9,0,18,0,8,0,0,0,0,1,1,2,2,28,6,1248,1,3,-1,-1
201434WD29104,1,9,0,18,0,0,0,0,1,9,1,1,6,2,26,6,1896,2,13,5,1
201434WD29304,1,9,0,18,0,8,0,0,0,0,1,1,1,1,42,7,1995,1,8,6,2
201434WD29304,2,9,0,9,0,8,0,0,0,0,2,1,6,1,67,10,1598,2,-1,10,3
201434WD29334,1,9,0,9,0,0,0,0,0,0,1,1,1,1,57,9,2179,2,2,-1,-1
201434WD29334,2,2,0,18,0,0,0,0,0,0,1,1,6,1,16,4,49,1,2,-1,1
201434WD29354,1,21,1,3,0,8,0,0,0,0,2,1,1,1,41,7,12777,2,1,2,1
201434WD29354,2,9,0,3,0,8,0,0,0,0,1,1,6,1,36,7,1461,2,-1,9,2
201434WD29354,3,9,0,18,0,8,0,0,0,0,1,1,1,1,51,8,-1,-1,-1,7,1
201434WD29394,1,11,0,18,0,8,0,0,0,0,1,1,1,1,30,6,-1,-1,-1,2,1
201434WD29554,1,9,0,18,0,8,0,0,0,0,1,1,2,1,68,10,1560,2,7,7,3
201434WD29554,2,9,0,9,0,8,0,0,0,11,1,1,6,1,76,11,2198,2,9,7,3
201434WD30044,1,9,0,18,0,8,0,0,0,0,1,1,2,2,43,7,1560,2,7,9,1
201434WD30044,2,9,0,10,0,8,0,0,0,0,2,1,2,1,23,5,1560,2,4,10,2
201434WD30794,1,9,0,18,0,8,1,0,0,0,4,1,6,1,51,8,1587,1,12,4,1
201434WD30794,2,1,0,18,0,8,0,0,0,0,1,1,6,1,14,3,-1,-1,-1,3,1
201434WD30944,1,8,0,18,0,0,0,0,1,0,1,1,6,2,28,6,1581,1,14,1,1
201434WD31114,1,9,0,18,0,8,0,0,0,0,1,1,6,3,-1,-1,-1,-1,-1,-1,-1
201434WD31114,2,9,0,18,0,8,0,0,0,0,2,1,6,1,23,5,1870,2,9,3,1
201434WD31154,1,19,0,18,0,0,0,0,0,0,1,1,6,1,33,6,2148,2,6,-1,-1
201434WD31154,2,9,0,10,0,0,0,10,7,11,2,1,6,2,50,8,1329,1,1,9,3
201434WD31154,3,9,0,2,0,0,0,0,0,0,4,1,6,2,59,9,1896,2,12,8,3
201434WD31164,1,9,0,18,0,8,0,10,1,4,1,1,1,1,34,6,2000,1,8,2,1
201434WD31184,1,9,0,18,0,8,0,0,0,0,4,1,6,2,-1,-1,1399,1,7,3,1
201434WD31184,2,10,0,18,0,8,0,0,0,0,3,1,3,2,44,7,-1,-1,-1,9,1
201434WD31374,1,9,0,18,0,0,0,0,0,0,1,1,1,2,32,6,1242,1,3,-1,-1
201434WD31374,2,20,1,6,0,0,0,0,0,0,2,1,1,1,48,8,-1,-1,-1,4,1
201434WD31464,1,9,0,1,0,0,0,0,0,0,2,1,6,1,45,7,1461,2,10,9,2
201434WD31464,2,19,0,3,0,0,0,0,0,0,0,1,6,1,44,7,-1,-1,-1,-1,-1
201434WD31494,1,9,0,14,0,8,0,0,0,0,1,1,1,1,25,5,1998,1,8,-1,-1
201434WD31494,2,20,0,10,0,8,0,0,0,0,1,1,1,1,50,8,-1,-1,-1,-1,-1
201434WD31504,1,9,0,9,0,8,0,0,0,0,0,1,6,2,61,9,-1,-1,-1,9,2
201434WD31504,2,9,0,18,0,8,0,0,0,0,1,1,1,1,19,4,-1,-1,-1,10,1
201434WD31514,1,9,0,9,0,8,0,0,0,0,1,1,3,2,55,8,2179,2,3,-1,-1
201434WD31514,2,9,0,7,0,7,0,0,0,0,1,1,6,2,48,8,1968,2,7,8,1
201434WD31524,1,9,0,18,0,8,0,0,0,0,4,1,6,3,-1,-1,-1,-1,-1,-1,-1
201434WD32084,1,9,0,18,0,0,0,0,0,0,0,1,6,3,-1,-1,-1,-1,-1,-1,-1
201434WD32084,2,9,0,18,0,0,0,0,0,0,0,1,3,2,44,7,1781,1,13,7,2
201434WD32094,1,9,0,18,0,0,0,0,0,0,0,1,6,2,-1,-1,-1,-1,-1,-1,-1
201434WD32104,1,9,0,18,0,0,0,0,0,0,4,1,6,3,-1,-1,-1,-1,-1,-1,-1
201434WD32124,1,19,0,18,0,0,0,0,0,0,1,1,1,2,27,6,2464,2,6,9,2
201434WD32124,2,9,0,3,0,0,0,0,0,0,2,1,6,1,75,10,1968,2,1,9,2
201434WD32154,1,9,0,17,0,0,2,0,2,9,1,1,2,1,34,6,1596,1,10,8,1
201434WD32434,1,9,0,18,0,8,0,0,0,0,1,1,1,1,23,5,1199,1,11,7,1
201434WD32434,2,9,0,18,0,8,0,0,7,0,1,1,6,1,72,10,1588,1,15,10,2
201434WD32834,1,9,0,18,0,8,0,0,0,0,1,1,6,1,24,5,-1,-1,-1,5,1
201434WD32834,2,9,0,18,0,8,0,0,0,0,1,1,6,1,45,7,1587,1,10,7,1
201434WD32964,1,9,0,18,0,8,0,0,0,0,1,1,6,2,50,8,1986,2,7,9,3
201434WD32964,2,9,0,18,0,8,0,0,0,0,0,1,2,1,24,5,1229,1,9,5,1
201434WD34104,1,4,0,18,0,8,0,0,0,0,1,1,2,1,30,6,124,1,13,7,2
201434WD34104,2,9,0,9,0,8,0,0,0,0,1,1,6,2,-1,-1,1461,2,1,9,3
201434WM04294,1,9,0,18,0,0,1,0,0,0,1,1,6,2,66,10,1598,1,5,9,3
201434WM04294,2,9,0,3,0,0,0,0,0,0,2,1,6,2,24,5,1997,2,11,10,1
201434WN00224,1,9,0,18,0,0,1,0,0,0,1,1,6,1,58,9,1598,1,9,2,1
201434WN00224,2,9,0,3,0,0,0,0,0,0,2,1,6,2,24,5,1339,1,4,4,1
201434WN00294,1,9,0,9,0,8,0,0,0,0,0,1,6,1,-1,-1,1998,2,11,4,1
201434WN00314,1,9,0,6,0,0,0,0,0,0,1,1,1,1,37,7,1498,1,13,9,1
201434WN00314,2,4,0,18,0,0,0,0,0,0,2,1,1,1,39,7,249,1,33,7,2
201434WN00334,1,9,0,18,0,8,0,0,0,0,3,1,6,3,-1,-1,-1,-1,-1,-1,-1
201434WN00344,1,9,0,9,0,8,0,0,0,0,1,1,6,2,25,5,1390,1,17,-1,-1
201434WN00344,2,11,0,18,0,8,0,0,0,0,1,1,1,1,42,7,-1,-1,-1,-1,-1
201434WN00484,1,9,0,18,0,8,0,0,0,0,1,1,6,1,-1,-1,-1,-1,-1,-1,-1
201434WN00484,2,9,0,3,0,8,0,0,0,0,2,1,6,1,52,8,1968,2,1,6,1
201434WN00524,1,9,0,7,0,8,0,10,7,0,1,1,6,1,31,6,-1,-1,-1,4,1
201434WN00524,2,9,0,18,0,8,0,0,0,0,1,1,6,1,27,6,1896,2,8,9,1
201434WN00604,1,9,0,9,0,8,0,0,0,0,1,1,1,1,43,7,1242,1,10,5,1
201434WN00604,2,9,0,18,0,8,0,0,0,0,1,1,1,1,21,5,1149,1,11,9,3
201434WN00614,1,9,0,6,0,0,0,0,0,0,1,1,6,2,26,6,-1,-1,-1,9,1
201434WN00614,2,9,0,18,0,0,0,0,0,0,1,1,2,1,34,6,1753,2,8,7,1
201434WN00634,1,9,0,18,0,0,1,0,0,0,1,1,1,1,31,6,2494,1,10,10,2
201434WN00634,2,9,0,3,0,0,0,0,0,0,2,1,1,2,45,7,1199,1,10,7,1
201434WN00804,1,9,0,18,0,8,0,0,0,0,1,1,6,1,25,5,1388,1,6,-1,1
201434WN00804,2,9,0,9,0,8,0,0,0,0,1,1,2,1,24,5,1598,1,12,4,1
201434WN00824,1,9,0,18,0,8,0,0,0,0,1,1,6,1,68,10,1753,2,8,5,1
201434WN00894,1,1,0,18,0,0,0,0,0,0,1,1,6,1,39,7,-1,-1,-1,6,1
201434WN00894,2,1,0,2,0,0,0,0,0,0,2,1,3,2,44,7,-1,-1,-1,-1,2
201434WN00924,1,9,0,9,0,8,0,0,0,0,1,1,1,2,45,7,1686,2,1,-1,-1
201434WN01004,1,9,0,7,0,8,0,0,0,0,1,1,2,1,21,5,1339,1,8,8,1
201434WN01114,1,9,0,9,0,8,0,0,0,0,1,1,6,1,55,8,1349,1,1,2,1
201434WN01114,2,3,0,18,0,8,0,0,0,0,1,1,1,1,32,6,124,1,6,9,3
201434WN01114,3,9,0,2,0,8,0,0,0,0,1,1,6,2,28,6,1560,2,2,-1,-1
201434WN01124,1,3,0,18,0,0,0,0,0,0,2,1,2,1,17,4,124,1,12,10,1
201434WN01124,2,9,0,9,0,0,0,0,0,0,1,1,1,1,59,9,-1,-1,-1,9,1
201434WN01164,1,9,0,11,0,0,0,0,4,0,1,1,2,1,73,10,-1,-1,-1,7,1
201434WN01164,2,20,1,18,0,0,0,0,0,0,1,1,1,1,56,9,-1,-1,-1,8,3
201434WN01164,3,9,0,18,0,0,0,0,0,0,3,1,2,1,31,6,1781,1,11,4,1
201434WN01184,1,9,0,18,0,8,0,0,0,0,1,1,6,3,-1,-1,-1,-1,-1,-1,-1
201434WN01184,2,2,0,18,0,8,0,0,0,0,4,1,2,1,47,8,-1,-1,-1,-1,-1
201434WN01384,1,9,0,15,0,8,0,0,0,0,2,1,6,2,22,5,1400,1,9,10,1
201434WN01384,2,9,0,18,0,8,0,0,0,0,1,1,2,2,42,7,-1,-1,-1,7,2
201434WN01464,1,9,0,7,0,8,0,0,0,0,1,1,6,1,37,7,1328,1,5,2,1
201434WN01534,1,9,0,18,0,0,0,0,0,0,1,1,6,2,30,6,1896,2,6,2,1
201434WN01544,1,9,0,18,0,8,0,0,0,0,1,1,6,2,-1,-1,1995,2,8,-1,-1
201434WN01544,2,9,0,9,0,8,0,0,0,0,3,1,6,1,18,4,1124,1,10,2,1
201434WN01884,1,9,0,18,0,0,0,0,0,0,1,1,6,1,19,4,-1,-1,-1,10,2
201434WN01914,1,9,0,18,0,8,0,0,0,0,1,1,6,2,67,10,996,1,4,-1,1
201434WN01914,2,9,0,3,0,8,0,0,0,0,2,1,6,1,57,9,2151,2,13,4,1
201434WN02064,1,9,0,18,0,6,0,0,0,0,0,1,6,3,-1,-1,-1,-1,-1,-1,-1
201434WN02064,2,9,0,18,0,8,0,0,7,0,0,1,6,1,17,4,-1,-1,-1,-1,3
201434WN02184,1,5,0,18,0,0,0,0,0,0,1,1,1,1,21,5,599,1,16,9,2
201434WN02244,1,9,0,18,0,8,0,0,0,0,1,1,2,1,44,7,1242,1,5,-1,2
201434WN02244,2,3,0,18,0,8,0,0,0,0,1,1,6,1,21,5,124,1,10,10,1
201434WN02424,1,9,0,9,0,8,0,0,0,0,1,1,1,2,32,6,796,1,14,2,1
201434WN02424,2,4,0,18,0,8,0,0,0,0,1,1,6,2,49,8,599,1,7,5,1
201434WN02434,1,9,0,18,0,1,0,0,0,0,1,1,6,2,35,6,1364,1,6,-1,-1
201434WN02434,2,9,0,9,0,1,0,0,0,0,1,1,6,1,42,7,1956,2,2,-1,-1
201434WN02574,1,9,0,14,0,8,0,0,0,0,4,1,6,1,-1,-1,1995,2,1,-1,-1
201434WN02574,2,9,0,10,0,8,1,0,0,0,3,1,6,1,29,6,1998,2,8,3,1
201434WN02614,1,9,0,18,0,0,0,0,0,0,1,1,6,1,18,4,1560,2,4,7,1
201434WN02684,1,21,1,18,0,5,0,0,0,0,1,1,1,1,50,8,12740,2,2,4,1
201434WN02684,2,9,0,3,0,8,0,0,0,0,2,1,6,2,27,6,1399,2,4,8,2
201434WN02864,1,9,0,9,0,0,0,0,0,0,2,1,6,1,54,8,1595,1,16,3,1
201434WN02864,2,3,0,18,0,0,0,0,0,0,1,1,6,1,47,8,599,1,20,3,1
201434WN02924,1,9,0,18,0,7,0,0,0,0,1,1,2,2,27,6,1390,1,5,2,1
201434WN02924,2,9,0,18,0,8,0,0,0,0,2,1,6,3,-1,-1,-1,-1,-1,-1,-1
201434WN02924,3,9,0,18,0,8,0,0,0,0,1,1,6,3,-1,-1,-1,-1,-1,-1,-1
201434WN02964,1,9,0,18,0,0,0,0,0,0,1,1,6,1,29,6,2996,1,6,10,1
201434WN02964,2,9,0,3,0,0,0,0,0,0,2,1,6,2,52,8,-1,-1,-1,6,1
201434WN02964,3,9,0,3,0,0,0,0,0,0,2,1,6,2,22,5,1399,2,10,-1,1
201434WN03044,1,9,0,18,0,8,0,0,0,0,1,1,6,1,55,8,-1,-1,-1,2,1
201434WN03044,2,3,0,18,0,8,0,0,0,0,2,1,2,1,36,7,124,1,14,8,2
201434WN03054,1,9,0,18,0,8,0,0,0,0,4,1,2,1,43,7,1794,1,11,1,1
201434WN03054,2,9,0,7,0,8,0,0,0,0,1,1,6,1,23,5,1598,1,11,5,1
201434WN03194,1,9,0,18,0,0,1,0,0,0,1,1,1,1,40,7,-1,-1,-1,5,2
201434WN03194,2,9,0,18,0,0,0,0,0,0,1,1,6,1,72,10,2496,2,9,9,2
201434WN03194,3,9,0,2,0,0,0,0,0,0,2,1,1,2,46,8,1896,2,11,8,1
201434WN03274,1,9,0,18,0,0,0,0,0,0,1,1,3,2,39,7,3600,1,6,3,1
201434WN03274,2,9,0,3,0,0,0,0,0,0,1,1,1,1,35,6,1910,2,6,4,1
201434WN03274,3,9,0,3,0,0,0,0,0,0,2,1,2,1,47,8,1242,1,1,3,1
201434WN03504,1,9,0,18,0,8,0,0,0,0,4,1,6,3,-1,-1,-1,-1,-1,-1,-1
201434WN03524,1,9,0,18,0,8,0,0,0,0,3,1,3,2,55,8,2687,1,6,7,1
201434WN03774,1,9,0,7,0,8,0,0,0,0,1,1,6,1,-1,-1,-1,-1,-1,-1,-1
201434WN03794,1,9,0,18,0,8,0,0,0,0,0,1,2,2,31,6,1390,1,7,-1,-1
201434WN03794,2,3,0,18,0,8,0,0,0,0,0,1,6,1,26,6,124,1,1,-1,-1
201434WN03814,1,9,0,18,0,8,0,0,0,0,1,1,1,1,21,5,1968,2,2,-1,-1
201434WN03814,2,9,0,18,0,8,0,0,0,0,3,1,6,2,40,7,1339,1,10,7,1
201434WN04274,1,8,0,18,0,8,0,0,0,0,1,1,1,1,61,9,2499,2,4,7,1
201434WN04274,2,9,0,8,0,8,0,0,0,0,2,1,6,2,20,4,1242,1,1,2,1
201434WN04304,1,9,0,9,0,8,0,0,0,0,1,1,6,2,23,5,1242,1,4,7,1
201434WN04304,2,3,0,18,0,8,0,0,0,0,1,1,1,1,23,5,599,1,7,10,2
201434WN04414,1,20,0,18,0,0,0,0,0,0,1,1,1,1,28,6,-1,-1,-1,-1,-1
201434WN04414,2,9,0,3,0,0,0,0,0,0,2,1,2,2,25,5,1248,2,5,5,1
201434WN04414,3,9,0,3,0,0,0,0,0,0,1,1,2,1,22,5,1061,1,9,8,1
201434WN04414,4,9,0,10,0,0,0,0,0,0,2,1,6,1,47,8,1598,1,11,8,1
201434WN04444,1,9,0,18,0,8,0,0,0,0,1,1,6,1,46,8,1468,1,23,6,1
201434WN04444,2,9,0,18,0,8,0,0,0,0,2,1,6,1,17,4,-1,-1,-1,4,1
201434WN04474,1,9,0,18,0,0,0,0,0,0,1,1,6,1,-1,-1,-1,-1,-1,-1,-1
201434WN04474,2,9,0,3,0,0,0,0,0,0,1,1,6,3,-1,-1,-1,-1,-1,-1,-1
201434WN04474,3,9,0,3,0,0,0,0,0,0,2,1,6,2,31,6,1910,2,10,8,1
201434WN04534,1,9,0,18,0,8,0,0,0,0,1,1,6,1,24,5,-1,-1,-1,5,3
201434WN04534,2,1,0,18,0,8,0,0,0,0,0,1,1,2,34,6,-1,-1,-1,5,1
201434WN04574,1,9,0,18,0,0,0,0,0,0,1,1,6,1,36,7,1998,1,14,4,1
201434WN04574,2,9,0,3,0,0,0,0,0,0,2,1,6,2,36,7,1597,1,15,9,3
201434WN04574,3,9,0,3,0,0,0,0,0,0,2,1,6,1,63,9,1364,1,6,6,1
201434WN04574,4,9,0,3,0,0,0,0,0,0,2,1,6,2,39,7,1686,2,3,-1,-1
201434WN04754,1,9,0,7,0,8,0,0,0,0,1,1,6,2,53,8,-1,-1,-1,8,1
201434WN04754,2,5,0,18,0,8,1,0,0,0,1,1,6,1,48,8,599,1,17,5,1
201434WN04874,1,9,0,2,0,0,0,0,0,0,0,1,6,1,-1,-1,-1,-1,-1,-1,-1
201434WN04874,2,9,0,3,0,0,0,0,0,0,2,1,6,2,50,8,1398,2,3,8,1
201434WN04874,3,9,0,18,0,0,0,0,0,0,1,1,6,1,64,9,1399,2,6,8,1
201434WN05124,1,9,0,18,0,8,0,0,0,0,1,1,3,1,36,7,1588,1,9,3,1
201434WN05124,2,9,0,3,0,8,0,0,0,0,2,1,6,2,27,6,-1,-1,-1,2,1
201434WN05214,1,9,0,9,0,8,0,0,0,0,4,1,6,2,-1,-1,-1,-1,-1,-1,-1
201434WN05224,1,9,0,16,0,8,0,0,0,0,1,1,6,3,-1,-1,-1,-1,-1,-1,-1
201434WN05224,2,1,0,17,0,8,0,0,0,0,1,1,6,1,34,6,-1,-1,-1,2,1
201434WN05294,1,11,0,18,0,0,0,0,0,0,4,1,6,3,-1,-1,-1,-1,-1,-1,-1
201434WN05374,1,9,0,13,0,0,0,0,0,0,4,1,6,2,-1,-1,1896,2,13,-1,-1
201434WN05374,2,1,0,18,0,0,0,0,0,0,3,1,6,1,23,5,-1,-1,-1,5,1
201434WN05444,1,9,0,18,0,8,0,0,0,0,4,1,6,2,-1,-1,796,1,13,-1,-1
201434WN05524,1,9,0,18,0,0,0,0,0,0,1,1,6,3,-1,-1,1422,2,6,-1,-1
201434WN05524,2,9,0,3,0,0,0,0,0,0,2,1,6,1,39,7,2231,2,6,-1,3
201434WN05544,1,9,0,7,0,8,0,0,0,0,1,1,6,1,29,6,-1,-1,-1,5,1
201434WN05544,2,1,0,18,0,8,0,0,0,0,2,1,6,2,40,7,-1,-1,-1,5,1
201434WN05574,1,9,0,18,0,0,0,0,0,0,1,1,6,2,39,7,2199,2,4,10,1
201434WN05694,1,9,0,18,0,8,0,0,0,0,4,1,6,2,63,9,1240,1,7,5,1
201434WN05754,1,9,0,18,0,8,0,0,0,0,1,1,2,1,45,7,1769,1,13,-1,-1
201434WN05754,2,9,0,18,0,8,0,0,0,0,3,1,6,1,23,5,1598,1,6,3,1
201434WN05784,1,9,0,9,0,8,0,0,0,0,4,1,6,2,73,10,1597,1,17,4,1
201434WN05784,2,9,0,18,0,8,0,0,0,0,1,1,6,1,34,6,-1,-1,-1,-1,-1
201434WN05794,1,9,0,18,0,0,0,0,0,0,0,1,3,1,34,6,1598,1,13,3,1
201434WN05794,2,1,0,18,0,0,0,0,0,0,0,1,6,1,13,3,-1,-1,-1,3,1
201434WN05804,1,9,0,9,0,8,0,0,0,0,1,1,6,1,21,5,1242,1,3,9,2
201434WN05804,2,9,0,18,0,8,0,0,0,0,1,1,6,1,37,7,-1,-1,-1,-1,-1
201434WN05814,1,9,0,18,0,0,0,0,0,0,1,1,2,1,48,8,-1,-1,-1,9,1
201434WN05814,2,9,0,18,0,0,0,0,0,0,2,1,2,2,28,6,1395,1,-1,10,3
201434WN05834,1,9,0,9,0,8,0,0,0,0,1,1,6,2,26,6,1598,1,6,10,1
201434WN05834,2,9,0,18,0,8,1,0,0,0,1,1,1,1,24,5,-1,-1,-1,4,1
201434WN05864,1,9,0,11,0,8,0,0,0,0,4,1,6,3,-1,-1,-1,-1,-1,-1,-1
201434WN05864,2,9,0,18,0,8,0,10,1,0,1,1,6,2,71,10,1242,1,12,4,1
201434WN06054,1,9,0,18,0,8,0,0,0,0,3,1,2,2,22,5,1796,1,6,9,1
201434WN06094,1,9,0,18,0,8,0,0,0,0,3,1,3,2,27,6,-1,-1,-1,5,1
201434WN06194,1,9,0,3,0,8,0,0,0,0,1,1,3,1,44,7,2148,2,9,3,1
201434WN06194,2,1,0,18,0,8,0,0,0,0,1,1,6,1,13,3,-1,-1,-1,2,1
201434WN06274,1,9,0,18,0,8,0,0,0,0,0,1,6,1,-1,-1,-1,-1,-1,-1,-1
201434WN06274,2,9,0,18,0,8,0,0,0,0,0,1,6,1,61,9,1997,2,3,8,1
201434WN06454,1,9,0,7,0,8,0,0,0,0,0,1,6,2,-1,-1,1399,2,10,-1,-1
201434WN06454,2,1,0,18,0,8,0,0,0,0,0,1,6,1,64,9,-1,-1,-1,-1,-1
201434WN06464,1,9,0,2,0,8,0,0,0,0,3,1,6,1,-1,-1,1896,2,15,-1,-1
201434WN06464,2,1,0,18,0,8,0,0,0,0,4,1,6,1,47,8,-1,-1,-1,2,1
201434WN06504,1,9,0,7,0,8,0,0,0,0,3,1,6,1,-1,-1,2143,2,1,-1,-1
201434WN06544,1,9,0,9,0,8,0,0,0,0,1,1,6,1,53,8,1396,1,16,8,3
201434WN06544,2,9,0,18,0,8,0,0,7,2,1,1,6,1,23,5,2616,1,10,5,1
201434WN06554,1,9,0,18,0,8,0,0,0,0,1,1,2,1,-1,-1,2204,2,8,-1,1
201434WN06554,2,9,0,18,0,8,0,0,0,0,1,1,1,1,36,7,1870,2,8,6,1
201434WN06554,3,9,0,18,0,8,0,0,0,0,2,1,6,1,21,5,1349,1,4,4,1
201434WN06684,1,9,0,18,0,0,0,0,0,0,1,1,6,3,-1,-1,-1,-1,-1,-1,-1
201434WN06684,2,1,0,15,0,0,0,0,1,0,3,1,6,1,41,7,-1,-1,-1,7,1
201434WN06704,1,9,0,18,0,0,0,0,0,0,1,1,6,1,68,10,1242,1,7,4,1
201434WN06754,1,8,0,18,0,8,0,0,0,0,0,1,1,3,-1,-1,-1,-1,-1,-1,-1
201434WN06764,1,9,0,18,0,0,0,0,0,0,0,1,6,1,18,4,998,1,7,-1,-1
201434WN06764,2,9,0,18,0,0,0,0,0,0,2,1,6,2,26,6,1995,2,2,-1,-1
201434WN06774,1,9,0,18,0,8,0,0,0,0,4,1,6,1,64,9,2497,2,9,5,1
201434WN07134,1,9,0,18,0,0,0,0,0,0,4,1,6,1,28,6,1999,1,11,-1,-1
201434WN07224,1,9,0,18,0,8,0,0,0,0,1,1,6,2,36,7,1995,2,3,10,2
201434WN07224,2,9,0,3,0,8,0,0,0,0,2,1,1,2,-1,-1,1399,2,5,-1,-1
201434WN07314,1,9,0,18,0,8,0,0,0,0,4,1,6,1,-1,-1,-1,-1,-1,-1,-1
201434WN07324,1,9,0,9,0,8,0,0,0,0,1,1,6,1,37,7,1360,1,10,-1,1
201434WN07324,2,3,0,14,0,8,0,0,0,0,1,1,2,2,38,7,124,1,5,9,1
201434WN07334,1,8,0,3,0,0,0,0,0,0,0,1,1,1,57,9,1598,1,4,3,1
201434WN07334,2,1,0,18,0,0,0,0,0,0,0,1,6,2,32,6,-1,-1,-1,4,1
201434WN07374,1,9,0,9,0,8,0,0,0,0,1,1,6,1,45,7,1998,2,6,-1,-1
201434WN07374,2,9,0,18,0,8,0,0,0,0,2,1,6,2,23,5,1360,1,12,1,1
201434WN07374,3,9,0,3,0,8,0,0,0,0,1,1,1,1,29,6,1753,2,4,2,1
201434WN07824,1,9,0,9,0,8,0,0,0,0,1,1,6,1,58,9,1997,2,12,4,1
201434WN07824,2,9,0,18,0,8,0,0,0,0,1,1,6,1,39,7,-1,-1,-1,7,1
201434WN07834,1,9,0,18,0,8,0,0,0,0,1,1,6,1,-1,-1,1984,1,13,-1,-1
201434WN07834,2,9,0,7,0,8,0,0,0,0,2,1,6,1,31,6,998,1,7,5,1
201434WN08064,1,9,0,18,0,0,0,0,0,0,1,1,6,2,33,6,-1,-1,-1,-1,-1
201434WN08064,2,9,0,3,0,0,0,0,0,0,2,1,6,1,69,10,1794,1,11,3,1
201434WN08074,1,11,0,18,0,0,0,0,0,0,4,1,1,1,-1,-1,9000,2,2,-1,-1
201434WN08084,1,9,0,14,0,8,0,0,0,0,3,1,6,1,-1,-1,-1,-1,-1,-1,-1
201434WN08084,2,9,0,14,0,8,0,0,0,0,3,1,6,2,33,6,1149,1,13,5,1
201434WN08094,1,9,0,18,0,8,0,0,0,0,4,1,6,1,-1,-1,-1,-1,-1,-1,-1
201434WN08094,2,1,0,18,0,8,0,0,0,0,2,1,6,1,16,4,-1,-1,-1,4,1
201434WN08174,1,9,0,7,0,0,0,0,0,0,0,1,6,3,-1,-1,1398,1,2,-1,-1
201434WN08244,1,11,0,5,0,8,0,0,0,0,0,1,1,3,-1,-1,-1,-1,-1,-1,-1
201434WN08274,1,9,0,18,0,0,0,0,0,0,1,1,1,2,25,5,1242,1,5,-1,1
201434WN08284,1,9,0,9,0,8,0,0,0,0,3,1,6,1,56,9,2495,2,11,6,1
201434WN08284,2,9,0,18,0,8,0,0,0,0,3,1,1,1,26,6,-1,-1,-1,5,1
201434WN08504,1,8,0,18,0,8,0,0,0,0,3,1,6,3,-1,-1,-1,-1,-1,-1,-1
201434WN08504,2,9,0,9,0,8,0,0,0,0,2,1,6,3,-1,-1,-1,-1,-1,-1,-1
201434WN08534,1,9,0,18,0,8,0,0,0,0,1,1,6,2,22,5,1397,1,2,1,1
201434WN08584,1,9,0,7,0,8,0,0,0,0,1,1,6,1,67,10,1998,2,6,6,1
201434WN09144,1,5,0,18,0,8,0,0,0,0,1,1,6,1,38,7,-1,-1,-1,5,1
201434WN09144,2,1,0,18,0,8,0,0,0,0,2,1,6,1,17,4,-1,-1,-1,4,1
201434WN09154,1,3,0,18,0,0,0,0,0,0,1,1,6,1,-1,-1,-1,-1,-1,-1,-1
201434WN09154,2,9,0,18,0,0,0,0,0,0,1,1,1,2,29,6,1799,1,5,-1,1
201434WN09184,1,9,0,1,0,8,0,0,0,0,2,1,6,1,24,5,1895,1,14,1,1
201434WN09304,1,9,0,18,0,8,0,0,0,0,3,1,6,2,40,7,1796,1,10,2,1
201434WN09304,2,9,0,18,0,8,0,0,0,0,1,1,6,1,20,4,1199,1,13,7,1
201434WN09314,1,9,0,18,0,0,0,0,0,0,1,1,6,1,53,8,2148,2,8,7,1
201434WN09314,2,9,0,18,0,0,0,0,0,0,1,1,2,2,18,4,1560,2,4,-1,-1
201434WN09334,1,9,0,9,0,8,0,0,0,0,1,1,6,2,-1,-1,1399,1,3,-1,-1
201434WN09334,2,1,0,18,0,8,0,0,0,0,4,1,1,1,50,8,-1,-1,-1,7,1
201434WN09474,1,9,0,18,0,8,0,0,0,0,1,1,6,1,-1,-1,1598,1,7,-1,-1
201434WN09474,2,9,0,9,0,8,0,0,0,0,1,1,6,2,23,5,1198,1,1,9,1
201434WN09484,1,20,0,18,0,8,0,0,0,0,3,1,1,1,60,9,-1,-1,-1,-1,-1
201434WN09484,2,9,0,18,0,8,0,0,0,0,4,1,1,2,56,9,1598,2,2,2,1
201434WN09774,1,9,0,18,0,8,0,0,0,0,1,1,6,1,28,6,1360,1,9,9,1
201434WN09804,1,9,0,9,0,8,0,0,0,0,1,1,6,1,33,6,-1,-1,-1,1,1
201434WN09804,2,9,0,18,0,8,0,0,0,0,1,1,6,1,21,5,1998,1,16,3,1
201434WN09814,1,9,0,7,0,0,0,0,0,0,3,1,6,2,33,6,2143,2,3,-1,1
201434WN09814,2,9,0,18,0,0,0,0,0,0,1,1,6,2,61,9,1360,1,2,7,3
201434WN09914,1,9,0,11,0,8,0,0,0,0,2,1,2,2,22,5,1242,1,-1,7,1
201434WN09914,2,20,0,18,0,8,0,0,0,0,1,1,1,1,37,7,-1,-1,-1,2,1
201434WN09914,3,20,0,18,0,8,0,0,0,0,1,1,1,1,53,8,-1,-1,-1,5,1
201434WN09924,1,11,0,9,0,8,0,0,0,0,1,1,1,1,45,7,11967,2,7,-1,1
201434WN09954,1,9,0,18,0,8,0,0,0,0,1,1,6,2,51,8,1348,1,12,8,1