Accident_Index,Vehicle_Reference,Vehicle_Type,Towing_and_Articulation,Vehicle_Manoeuvre,Vehicle_Location-Restricted_Lane,Junction_Location,Skidding_and_Overturning,Hit_Object_in_Carriageway,Vehicle_Leaving_Carriageway,Hit_Object_off_Carriageway,1st_Point_of_Impact,Was_Vehicle_Left_Hand_Drive?,Journey_Purpose_of_Driver,Sex_of_Driver,Age_of_Driver,Age_Band_of_Driver,Engine_Capacity_(CC),Propulsion_Code,Age_of_Vehicle,Driver_IMD_Decile,Driver_Home_Area_Type
201434WN09954,2,1,0,7,0,8,0,0,0,0,3,1,6,1,43,7,-1,-1,-1,-1,-1
201434WN10094,1,9,0,9,0,8,0,0,0,0,1,1,6,1,58,9,1753,2,4,7,1
201434WN10094,2,4,0,18,0,8,0,0,0,0,4,1,6,1,74,10,246,1,34,6,1
201434WN10114,1,8,0,10,0,8,0,0,0,0,1,1,6,1,29,6,1910,2,6,2,1
201434WN10114,2,9,0,14,0,8,0,0,0,0,3,1,6,2,22,5,1124,1,12,4,1
201434WN10134,1,9,0,18,0,8,0,0,0,0,1,1,6,1,79,11,1242,1,7,5,1
201434WN10134,2,9,0,9,0,8,0,0,0,0,4,1,3,2,40,7,2200,2,18,-1,1
201434WN10234,1,3,0,18,0,8,5,0,0,0,1,1,6,1,19,4,124,1,-1,2,1
201434WN10234,2,9,0,10,0,8,0,0,0,0,1,1,6,2,23,5,1229,1,2,-1,3
201434WN10414,1,9,0,12,0,0,0,0,0,0,1,1,6,3,-1,-1,-1,-1,-1,-1,-1
201434WN10414,2,9,0,18,0,0,0,0,0,0,2,1,2,1,29,6,1956,2,1,9,3
201434WN10454,1,3,0,18,0,8,0,0,0,0,4,1,2,1,31,6,124,1,5,5,1
201434WN10454,2,9,0,3,0,8,0,0,0,0,2,1,1,1,32,6,1896,2,10,1,1
201434WN10504,1,9,0,18,0,8,0,0,0,0,1,1,6,1,60,9,1968,2,2,-1,-1
201434WN10504,2,9,0,9,0,8,0,0,0,0,1,1,3,2,34,6,1598,1,10,-1,1
201434WN10564,1,9,0,1,0,8,0,0,0,0,2,1,6,3,-1,-1,-1,-1,-1,-1,-1
201434WN10564,2,9,0,18,0,8,0,0,0,0,1,1,6,2,28,6,1390,1,15,3,1
201434WN10904,1,9,0,18,0,0,0,0,0,0,1,1,1,2,26,6,1229,1,4,10,2
201434WN10984,1,9,0,18,0,0,0,0,0,0,4,1,6,1,-1,-1,-1,-1,-1,-1,-1
201434WN11174,1,9,0,18,0,8,0,0,0,0,1,1,6,1,-1,-1,-1,-1,-1,-1,-1
201434WN11234,1,9,0,9,0,8,0,0,0,0,3,1,6,3,-1,-1,-1,-1,-1,-1,-1
201434WN11234,2,1,0,18,0,8,0,0,0,0,1,1,6,1,38,7,-1,-1,-1,2,1
201434WN11284,1,9,0,18,0,3,0,0,0,0,1,1,6,1,37,7,-1,-1,-1,-1,-1
201434WN11294,1,9,0,18,0,0,0,10,1,2,1,1,6,1,33,6,1248,2,4,-1,-1
201434WN11414,1,9,0,18,0,0,0,0,0,0,1,1,6,1,-1,-1,-1,-1,-1,-1,-1
201434WN11414,2,9,0,3,0,0,0,0,0,0,2,1,1,1,37,7,1796,1,11,5,1
201434WN11664,1,9,0,14,0,0,0,0,0,0,1,1,6,1,36,7,2496,2,12,-1,-1
201434WN11664,2,9,0,2,0,0,0,0,0,0,2,1,6,2,32,6,1984,1,13,6,1
201434WN11774,1,9,0,18,0,8,0,0,0,0,3,1,1,3,-1,-1,-1,-1,-1,-1,-1
201434WN11774,2,1,0,14,0,8,0,0,0,0,3,1,6,1,32,6,-1,-1,-1,8,1
201434WN11784,1,5,0,18,0,8,0,0,0,0,1,1,6,1,27,6,599,1,12,2,1
201434WN11784,2,9,0,18,0,8,5,0,0,0,4,1,2,1,55,8,-1,-1,-1,5,1
201434WN11794,1,9,0,13,0,0,0,0,0,0,4,1,6,3,-1,-1,-1,-1,-1,-1,-1
201434WN11794,2,1,0,18,0,0,0,0,0,0,3,1,6,1,23,5,-1,-1,-1,2,1
201434WN11954,1,9,0,10,0,0,0,0,4,0,2,1,2,2,41,7,1753,2,9,-1,-1
201434WN11954,2,9,0,18,0,0,0,0,0,0,0,1,1,2,38,7,1598,1,1,9,2
201434WN11954,3,9,0,11,0,0,0,0,0,0,1,1,6,2,23,5,1242,1,14,3,1
201434WN11974,1,9,0,9,0,8,0,0,0,0,1,1,2,2,26,6,1595,1,9,6,3
201434WN11974,2,1,0,18,0,8,0,0,0,0,1,1,2,1,26,6,-1,-1,-1,3,1
201434WN12054,1,9,0,14,0,0,0,0,0,0,1,1,6,2,83,11,995,1,7,2,1
201434WN12054,2,9,0,2,0,0,0,0,0,0,2,1,6,2,37,7,1956,2,4,-1,-1
201434WN12134,1,9,0,18,0,0,0,0,0,0,1,1,6,2,28,6,-1,-1,-1,5,1
201434WN12134,2,9,0,3,0,0,0,0,0,0,2,1,6,2,52,8,1242,1,10,3,1
201434WN12224,1,9,0,18,0,8,0,0,0,0,1,1,6,2,-1,-1,-1,-1,-1,-1,-1
201434WN12224,2,1,0,18,0,8,0,0,0,0,4,1,6,2,18,4,-1,-1,-1,4,1
201434WN12354,1,9,0,7,0,8,0,0,0,0,1,1,6,3,-1,-1,1997,2,6,-1,-1
201434WN12354,2,1,0,18,0,8,0,0,0,0,4,1,6,1,27,6,-1,-1,-1,-1,1
201434WN12374,1,9,0,12,0,8,0,0,0,0,4,1,2,2,41,7,1596,1,13,8,3
201434WN12374,2,20,0,18,0,8,0,0,0,0,4,2,2,1,38,7,-1,-1,-1,-1,-1
201434WN12604,1,9,0,18,0,8,0,0,0,0,1,1,1,1,28,6,1560,2,4,7,1
201434WN12604,2,9,0,3,0,8,0,0,0,0,2,1,6,2,35,6,1360,1,12,2,1
201434WN12614,1,21,0,11,0,0,0,0,0,0,1,1,1,1,59,9,6870,2,10,4,2
201434WN12614,2,9,0,18,0,0,5,0,7,0,2,1,6,2,49,8,1242,1,1,6,1
201434WN12824,1,9,0,18,0,0,0,0,0,0,4,1,6,1,-1,-1,-1,-1,-1,-1,-1
201434WN13014,1,9,0,18,0,8,5,10,6,1,3,1,6,1,20,4,2324,1,12,9,1
201434WN13154,1,9,0,18,0,1,0,0,0,0,2,1,6,1,41,7,-1,-1,-1,8,1
201434WN13154,2,9,0,18,0,1,0,0,0,0,1,1,6,1,48,8,1598,1,4,-1,-1
201434WN13154,3,9,0,18,0,1,0,0,0,0,2,1,6,1,-1,-1,1388,1,8,-1,-1
201434WN13244,1,9,0,18,0,8,0,0,0,0,1,1,1,1,33,6,1968,2,4,5,1
201434WN13324,1,9,0,18,0,0,0,0,0,0,1,1,6,1,18,4,1598,2,2,-1,-1
201434WN13324,2,9,0,18,0,0,0,0,0,0,2,1,6,2,44,7,1240,1,8,-1,-1
201434WN13324,3,9,0,1,0,0,0,0,0,0,2,1,6,1,41,7,1229,1,4,-1,-1
201434WN13324,4,9,0,18,0,0,0,0,0,0,2,1,6,2,44,7,1360,1,11,7,1
201434WN13354,1,9,0,18,0,8,0,0,0,0,1,1,2,1,41,7,1999,1,9,-1,1
201434WN13364,1,3,0,16,0,2,0,0,0,0,0,1,6,1,26,6,124,1,5,4,1
201434WN13364,2,19,0,2,0,2,0,0,0,0,0,1,6,1,39,7,2496,2,17,6,1
201434WN13544,1,9,0,18,0,1,0,0,0,0,1,1,6,2,26,6,1422,2,14,-1,-1
201434WN13544,2,9,0,18,0,1,0,0,0,0,0,1,6,2,33,6,1598,1,1,-1,-1
201434WN13564,1,20,0,18,0,0,0,0,0,0,0,1,6,3,-1,-1,3920,2,10,-1,-1
201434WN13564,2,9,0,18,0,0,0,10,0,0,0,1,2,2,56,9,1360,1,12,2,1
201434WN13574,1,1,0,18,0,0,0,0,0,0,1,1,2,1,43,7,-1,-1,-1,-1,-1
201434WN13574,2,9,0,18,0,0,0,0,0,0,4,1,2,1,55,8,1968,2,-1,6,1
201434WN13584,1,9,0,9,0,8,0,0,0,0,3,1,6,1,-1,-1,-1,-1,-1,-1,-1
201434WN13584,2,1,0,18,0,8,0,0,0,0,1,1,6,1,33,6,-1,-1,-1,2,1
201434WN13734,1,9,0,18,0,0,0,0,0,0,4,1,6,1,48,8,1796,1,11,-1,-1
201434WN13744,1,9,0,18,0,8,0,0,0,0,1,1,6,1,23,5,1769,1,14,5,1
201434WN13744,2,9,0,3,0,8,0,0,0,0,2,1,6,2,33,6,1896,2,6,1,1
201434WN13754,1,9,0,9,0,8,0,0,0,0,1,1,6,1,47,8,1995,2,11,2,1
201434WN13754,2,11,0,7,0,8,0,0,0,0,1,1,1,1,33,6,3900,2,11,3,1
201434WN13764,1,9,0,18,0,8,0,0,0,0,4,1,6,1,-1,-1,1998,2,11,-1,-1
201434WN13874,1,9,0,18,0,8,0,0,0,0,1,1,2,1,47,8,2987,2,-1,9,3
201434WN13874,2,1,0,18,0,8,0,0,0,0,2,1,2,1,44,7,-1,-1,-1,8,3
201434WN13884,1,9,0,18,0,0,0,0,0,0,1,1,2,2,19,4,1242,1,13,5,1
201434WN13884,2,9,0,2,0,0,0,0,0,0,0,1,6,1,-1,-1,-1,-1,-1,-1,-1
201434WN14014,1,9,0,18,0,0,0,0,0,0,4,1,6,1,-1,-1,-1,-1,-1,-1,-1
201434WN14014,2,1,0,18,0,0,0,0,0,0,1,1,6,2,29,6,-1,-1,-1,2,1
201434WN14084,1,9,0,18,0,8,0,0,0,0,3,1,6,3,-1,-1,-1,-1,-1,-1,-1
201434WN14094,1,9,0,9,0,8,0,0,0,0,4,1,6,1,-1,-1,1796,1,11,-1,-1
201434WN14094,2,1,0,18,0,8,0,0,0,0,1,1,6,1,13,3,-1,-1,-1,-1,-1
201434WN14134,1,9,0,11,0,8,0,0,0,0,1,1,2,2,47,8,1400,1,6,-1,-1
201434WN14134,2,11,0,18,0,8,0,0,0,0,3,1,1,1,28,6,4461,2,-1,3,1
201434WN14134,3,9,0,2,0,8,0,0,0,0,2,1,6,1,41,7,-1,-1,-1,-1,-1
201434WN14134,4,9,0,2,0,8,0,0,0,0,2,1,6,1,49,8,1596,1,9,-1,-1
201434WN14134,5,9,0,2,0,8,0,0,0,0,2,1,6,2,61,9,-1,-1,-1,-1,-1
201434WN14144,1,9,0,18,0,0,0,0,0,0,4,1,6,3,-1,-1,-1,-1,-1,-1,-1
201434WN14284,1,9,0,18,0,8,0,0,0,0,4,1,6,1,-1,-1,-1,-1,-1,-1,-1
201434WN14334,1,9,0,9,0,8,0,0,0,0,1,1,6,2,31,6,3387,1,7,-1,-1
201434WN14334,2,5,0,18,0,8,0,0,0,0,3,1,6,1,53,8,1585,1,4,7,3
201434WN14414,1,9,0,3,0,8,0,0,0,0,1,1,1,2,34,6,1560,2,3,3,1
201434WN14424,1,9,0,3,0,8,0,0,0,0,2,1,2,2,40,7,1560,2,1,4,1
201434WN14424,2,9,0,3,0,8,0,0,0,0,1,1,6,1,-1,-1,1124,1,11,-1,-1
201434WN14674,1,9,0,18,0,8,0,0,0,0,1,1,6,2,-1,-1,998,1,11,9,1
201434WN14674,2,1,0,18,0,8,0,0,0,0,1,1,6,1,15,3,-1,-1,-1,-1,-1
201434WN14794,1,9,0,8,0,8,0,0,0,0,1,1,2,2,64,9,1124,1,10,-1,1
201434WN14794,2,1,0,18,0,8,0,0,0,0,1,1,6,1,19,4,-1,-1,-1,-1,-1
201434WN15224,1,9,0,14,0,0,0,0,0,0,1,1,1,2,27,6,998,1,8,-1,1
201434WN15254,1,9,0,7,0,8,0,0,0,0,4,1,6,2,34,6,-1,-1,-1,7,1
201434WN15254,2,1,0,18,0,8,0,0,0,0,1,1,6,1,42,7,-1,-1,-1,2,1
201434WN15424,1,9,0,9,0,8,0,0,0,0,3,1,6,2,35,6,1388,1,12,7,1
201434WN15424,2,5,0,18,0,8,0,0,0,0,1,1,6,1,35,6,599,1,13,2,1
201434WN15434,1,9,0,18,0,0,0,0,0,0,1,1,3,2,37,7,1753,2,6,4,1
201434WN15464,1,9,0,18,0,8,0,0,0,0,1,1,1,1,40,7,-1,-1,-1,6,1
201434WN15464,2,9,0,9,0,8,0,0,0,0,3,1,6,1,74,10,1796,1,13,6,2
201434WN15514,1,9,0,6,0,0,0,0,0,0,1,1,2,2,36,7,1753,2,7,7,2
201434WN15514,2,1,0,18,0,0,0,0,0,0,1,1,2,1,33,6,-1,-1,-1,-1,-1
201434WN15734,1,9,0,3,0,8,0,0,0,0,3,1,6,1,-1,-1,1198,1,8,7,1
201434WN15864,1,9,0,18,0,8,0,0,0,0,1,1,6,2,17,4,1240,1,9,9,1
201434WN15864,2,1,0,18,0,8,0,0,0,0,1,1,6,1,40,7,-1,-1,-1,2,1
201434WN16044,1,9,0,18,0,8,0,0,0,0,0,1,6,2,41,7,1360,1,8,5,1
201434WN16134,1,9,0,18,0,8,0,0,0,0,1,1,1,1,38,7,-1,-1,-1,8,1
201434WN16134,2,5,0,18,0,8,1,0,0,0,4,1,1,1,68,10,749,1,15,9,1
201434WN16164,1,11,0,18,0,8,0,0,0,0,4,1,1,1,64,9,5883,2,12,8,3
201434WN16194,1,10,0,7,0,8,0,0,0,0,1,1,2,2,32,6,-1,-1,-1,-1,-1
201434WN16194,2,1,0,18,0,8,0,0,0,0,1,1,6,1,37,7,-1,-1,-1,2,1
201434WN16274,1,9,0,18,0,0,0,0,0,0,4,1,6,1,68,10,2967,2,2,8,1
201434WN16304,1,9,0,18,0,0,0,0,0,0,4,1,1,1,42,7,2179,2,4,9,2
201434WN16304,2,1,0,18,0,0,0,0,0,0,1,1,1,2,49,8,-1,-1,-1,8,1
201434WN16454,1,9,0,18,0,8,1,9,7,0,1,1,6,1,-1,-1,1590,1,11,-1,3
201434WN16474,1,9,0,18,0,8,0,0,0,0,1,1,6,1,34,6,1199,1,10,4,1
201434WN16474,2,9,0,7,0,8,0,0,0,0,2,1,6,2,19,4,1587,1,11,2,1
201434WN16634,1,9,0,1,0,0,0,0,0,0,2,1,6,3,-1,-1,-1,-1,-1,-1,-1
201434WN16644,1,9,0,18,0,0,0,0,0,0,1,1,6,1,30,6,1598,1,13,10,1
201434WN16644,2,9,0,10,0,0,0,0,0,0,2,1,1,1,46,8,-1,-1,-1,7,1
201434WN16644,3,9,0,18,0,0,0,0,0,0,3,1,6,2,37,7,1591,1,-1,-1,3
201434WN16674,1,9,0,18,9,8,0,0,0,0,1,1,1,1,67,10,1998,1,16,3,1
201434WN16674,2,1,0,18,0,8,0,0,0,0,1,1,6,2,4,1,-1,-1,-1,6,1
201434WN16684,1,9,0,18,0,0,0,0,0,0,1,1,6,2,23,5,1560,2,-1,9,1
201434WN16684,2,9,0,3,0,0,0,0,0,0,2,1,6,2,39,7,1390,1,8,-1,-1
201434WN16834,1,9,0,18,0,8,0,0,0,0,3,1,6,1,-1,-1,1968,2,5,-1,-1
201434WN16834,2,1,0,18,0,8,0,0,0,0,1,1,6,1,19,4,-1,-1,-1,2,1
201434WN16854,1,9,0,18,0,0,0,0,0,0,3,1,6,2,50,8,1600,2,5,3,1
201434WN16934,1,9,0,4,0,0,0,0,0,0,1,1,6,3,-1,-1,1364,1,5,-1,-1
201434WN16934,2,9,0,3,0,0,0,0,0,0,2,1,6,2,30,6,1587,1,6,9,1
201434WN17124,1,9,0,18,0,2,5,0,1,10,1,1,6,1,23,5,2494,1,24,4,1
201434WN17484,1,9,0,18,0,8,0,0,0,0,1,1,6,2,-1,-1,998,1,4,-1,-1
201434WN17484,2,9,0,3,0,8,0,0,0,0,2,1,6,1,59,9,1389,1,12,10,2
201434WN17514,1,9,0,18,0,0,0,0,0,0,1,1,6,1,32,6,1596,1,-1,4,1
201434WN17624,1,19,0,18,0,0,0,0,0,0,1,1,6,3,-1,-1,-1,-1,-1,-1,-1
201434WN17624,2,19,0,18,0,0,0,0,0,0,1,1,6,2,47,8,2148,2,6,7,1
201434WN17734,1,9,0,18,0,8,0,0,0,0,1,1,6,1,30,6,2685,2,11,-1,-1
201434WN17734,2,9,0,3,0,8,0,0,0,0,2,1,6,2,41,7,1199,1,10,2,1
201434WN17734,3,9,0,3,0,8,0,0,0,0,0,1,6,1,-1,-1,1984,2,17,-1,-1
201434WN17744,1,9,0,18,0,0,0,0,0,0,1,1,6,1,50,8,1956,2,3,4,1
201434WN17744,2,9,0,2,0,0,0,0,0,0,1,1,6,3,-1,-1,1598,1,10,-1,-1
201434WN18054,1,5,0,18,0,0,0,0,0,0,1,1,6,1,29,6,-1,-1,-1,-1,-1
201434WN18054,2,9,0,2,0,0,0,0,0,0,3,1,6,2,26,6,1240,1,9,-1,-1
201434WN18194,1,9,0,9,0,8,0,0,0,0,1,1,6,2,-1,-1,1769,1,10,1,1
201434WN18194,2,4,0,18,0,8,0,0,0,0,1,1,6,1,34,6,216,1,12,-1,-1
201434WN18214,1,9,0,9,0,8,0,0,0,0,2,1,2,2,49,8,1598,1,5,-1,1
201434WN18214,2,9,0,3,0,8,0,0,0,0,0,1,2,2,23,5,2967,2,-1,8,1
201434WN18214,3,1,0,18,0,8,0,0,0,0,3,1,6,2,23,5,-1,-1,-1,10,1
201434WN18484,1,9,0,18,0,8,0,0,0,0,1,1,6,1,50,8,1796,1,13,3,1
201434WN18484,2,9,0,3,0,8,0,0,0,0,2,1,6,1,53,8,1461,2,1,6,1
201434WN18594,1,9,0,18,0,0,0,0,0,0,1,1,6,2,22,5,995,1,7,9,2
201434WN18594,2,9,0,3,0,0,0,0,0,0,2,1,6,1,63,9,1753,2,5,1,1
201434WN18594,3,9,0,3,0,0,0,0,0,0,2,1,6,1,32,6,1798,1,13,3,1
201434WN18634,1,9,0,18,0,8,0,0,0,0,1,1,6,2,41,7,998,1,4,2,1
201434WN18634,2,9,0,3,0,8,0,0,0,0,3,1,6,2,33,6,1229,1,5,1,1
201434WN18734,1,5,0,18,0,0,0,0,0,0,2,1,6,1,51,8,-1,-1,-1,10,1
201434WN18734,2,9,0,3,0,0,0,0,0,0,2,1,1,2,47,8,1242,1,4,2,1
201434WN18734,3,9,0,3,0,0,0,0,0,0,1,1,6,1,59,9,1997,2,4,6,1
201434WN18734,4,9,0,3,0,0,0,0,0,0,2,1,2,1,22,5,1895,1,14,1,1
201434WN18744,1,9,0,18,0,0,0,0,0,0,1,1,6,1,42,7,1527,2,15,2,1
201434WN18744,2,9,0,18,0,0,0,0,0,0,1,1,1,1,18,4,998,1,30,7,1
201434WN18754,1,9,0,9,0,8,0,0,0,0,1,1,6,1,56,9,1870,2,12,3,1
201434WN18754,2,9,0,18,0,8,0,0,0,0,2,1,6,1,18,4,-1,-1,-1,2,1
201434WN19104,1,9,0,18,0,0,0,0,0,0,1,1,6,1,-1,-1,1395,1,1,-1,-1
201434WN19264,1,9,0,18,0,8,0,0,0,0,1,1,6,1,52,8,2967,2,1,-1,1
201434WN19474,1,9,0,18,0,8,0,0,0,0,1,1,6,1,66,10,1149,1,15,-1,-1
201434WN19504,1,9,0,13,0,0,0,0,1,11,2,1,6,1,28,6,-1,-1,-1,3,1
201434WN19504,2,8,0,18,0,0,0,0,0,0,1,1,1,1,41,7,-1,-1,-1,-1,1
201434WN19514,1,9,0,1,0,0,0,0,0,0,2,1,6,1,58,9,1560,2,-1,8,1
201434WN19584,1,9,0,9,0,8,0,0,0,0,1,1,6,1,-1,-1,1598,1,5,-1,-1
201434WN19584,2,9,0,18,0,8,0,0,0,0,1,1,6,1,53,8,1248,2,5,4,1
201434WN19594,1,9,0,18,0,0,1,0,0,0,1,1,6,2,28,6,1398,2,11,5,1
201434WN19594,2,9,0,3,0,0,0,0,0,0,2,1,6,1,22,5,1997,2,1,3,1
201434WN19654,1,9,0,18,0,8,0,0,0,0,1,1,2,1,19,4,1398,2,12,3,1
201434WN19654,2,22,0,18,0,8,0,0,0,0,4,1,6,1,83,11,-1,-1,-1,4,1
201434WN19664,1,9,0,3,5,0,0,0,0,0,1,1,6,2,26,6,1390,1,1,8,1
201434WN19664,2,1,0,18,5,0,0,0,0,0,1,1,1,1,14,3,-1,-1,-1,9,1
201434WN19754,1,9,0,9,0,0,0,0,0,0,1,1,6,1,28,6,1360,1,4,5,1
201434WN19754,2,9,0,18,0,0,0,0,0,0,1,1,6,1,23,5,1595,1,5,2,1
201434WN19824,1,9,0,18,0,8,0,0,0,0,1,1,6,1,57,9,1198,1,-1,4,1
201434WN19834,1,9,4,18,0,8,0,0,0,0,1,1,6,1,46,8,2972,1,15,7,1
201434WN19834,2,5,0,18,0,8,0,0,0,0,1,1,6,1,31,6,649,1,16,9,2
201434WN19844,1,19,0,18,0,8,0,0,1,4,1,1,6,1,19,4,-1,-1,-1,4,1
201434WN19854,1,9,0,18,0,8,0,0,0,0,1,1,6,2,32,6,1600,2,4,6,1
201434WN19854,2,9,0,18,0,8,0,0,0,0,1,1,6,1,50,8,-1,-1,-1,5,1
201434WN19894,1,9,0,18,0,8,0,0,0,0,1,1,6,1,-1,-1,1798,1,11,-1,-1
201434WN19894,2,9,0,2,0,8,0,0,0,0,2,1,6,1,57,9,1783,1,11,7,1
201434WN20004,1,9,0,18,0,8,0,0,0,0,1,1,6,1,47,8,1199,1,14,4,1
201434WN20004,2,5,0,18,0,8,0,0,0,0,3,1,2,1,48,8,599,1,10,5,1
201434WN20064,1,9,0,18,0,8,0,0,0,0,1,1,6,1,27,6,2204,2,7,1,1
201434WN20064,2,11,0,18,0,8,0,0,0,0,3,1,1,1,39,7,3900,2,10,-1,-1
201434WN20104,1,9,0,18,0,8,0,0,0,0,1,1,6,1,-1,-1,2494,1,9,-1,-1
201434WN20104,2,9,0,9,0,8,0,0,0,0,1,1,6,2,41,7,1998,1,14,4,2
201434WN20174,1,9,0,18,0,7,0,0,0,0,1,1,1,1,31,6,1598,2,2,5,1
201434WN20174,2,9,0,3,0,7,0,0,0,0,2,1,6,2,29,6,1149,1,-1,8,1
201434WN20274,1,9,0,18,0,8,1,0,0,0,1,1,6,1,28,6,3201,1,18,2,1
201434WN20274,2,9,0,18,0,8,0,0,0,0,1,1,6,2,40,7,1298,1,13,2,1
201434WN20304,1,3,0,18,0,8,0,10,1,0,1,1,6,1,34,6,-1,-1,-1,9,1
201434WN20304,2,19,0,18,0,8,0,0,0,0,1,1,1,1,25,5,2402,2,7,5,1
201434WN20314,1,9,0,18,0,8,0,0,0,0,1,1,6,1,82,11,1598,2,-1,9,3
201434WN20314,2,9,0,3,0,8,0,0,0,0,2,1,2,2,33,6,1560,2,4,8,2
201434WN20314,3,9,0,3,0,8,0,0,0,0,1,1,6,1,52,8,1390,1,12,2,1
201434WN20424,1,11,0,18,0,8,0,0,0,0,1,1,1,1,56,9,4461,2,-1,4,1
201434WN20424,2,9,0,3,0,8,0,0,0,0,2,1,1,1,43,7,1497,8,8,-1,1
201434WN20424,3,19,0,3,0,8,0,0,0,0,2,1,6,1,26,6,2402,2,7,5,2
201434WN20424,4,11,0,3,0,8,0,0,0,0,2,1,1,1,63,9,6700,2,4,10,1
201434WN20684,1,9,0,18,0,8,0,0,0,0,1,1,6,1,24,5,5204,1,3,8,1
201434WN20924,1,9,0,18,0,8,0,0,0,0,1,1,6,2,20,4,1396,1,11,2,1
201434WN20924,2,19,0,18,0,8,0,0,0,0,1,1,1,1,64,9,1560,2,-1,9,1
201434WN20934,1,9,0,3,0,8,0,0,0,0,2,1,6,2,22,5,999,1,9,7,1
201434WN20934,2,9,0,18,0,8,0,0,0,0,1,1,6,2,26,6,1242,1,13,4,1
201434WN21134,1,9,0,18,0,8,0,0,0,0,1,1,6,2,-1,-1,-1,-1,-1,-1,-1
201434WN21134,2,9,0,3,0,8,0,0,0,0,2,1,6,2,33,6,973,1,15,8,1
201434WN21144,1,9,0,3,0,8,0,0,0,0,1,1,2,1,36,7,-1,-1,-1,2,1
201434WN21144,2,3,0,3,0,8,0,0,0,0,2,1,6,1,38,7,124,1,3,3,1
201434WN21154,1,9,0,18,0,0,0,0,0,0,1,1,6,1,55,8,1783,1,10,8,1
201434WN21154,2,9,0,3,0,0,0,0,0,0,2,1,6,2,21,5,-1,-1,-1,1,1
201434WN21154,3,9,0,3,0,0,0,0,0,0,2,1,6,1,26,6,-1,-1,-1,6,1
201434WN21424,1,9,0,18,0,8,0,0,0,0,3,1,6,1,-1,-1,-1,-1,-1,-1,-1
201434WN21424,2,9,0,18,0,8,0,0,0,0,1,1,6,1,21,5,1995,2,8,6,1
201434WN21534,1,9,0,9,0,0,0,0,0,0,1,1,3,1,46,8,1598,1,1,4,1
201434WN21534,2,9,0,18,0,0,0,0,0,0,1,1,1,1,21,5,1998,1,10,7,3
201434WN21614,1,9,0,18,0,8,0,0,0,0,1,1,2,2,50,8,1390,1,1,9,1
201434WN21614,2,1,0,18,0,8,0,0,0,0,1,1,6,1,26,6,-1,-1,-1,8,1
201434WN21624,1,9,0,7,0,0,0,0,0,0,1,1,6,1,37,7,1997,2,6,9,1
201434WN21624,2,1,0,18,9,0,0,0,0,0,1,1,6,2,26,6,-1,-1,-1,-1,-1
201434WN21634,1,19,0,18,0,0,0,0,0,0,1,1,1,1,40,7,-1,-1,-1,-1,-1
201434WN21814,1,8,0,5,0,8,0,0,0,0,0,1,1,1,44,7,1497,8,7,-1,-1
201434WN21904,1,9,0,18,0,0,0,0,0,0,1,1,6,1,-1,-1,-1,-1,-1,-1,-1
201434WN21904,2,9,0,18,0,0,0,0,0,0,2,1,6,1,38,7,2000,2,14,6,1
201434WN22084,1,9,0,18,0,0,0,0,0,0,4,1,6,3,-1,-1,1397,1,15,-1,-1
201434WN22094,1,9,0,18,0,8,0,0,0,0,1,1,6,3,-1,-1,-1,-1,-1,-1,-1
201434WN22094,2,9,0,3,0,8,0,0,0,0,2,1,3,2,39,7,-1,-1,-1,8,1
201434WN22284,1,9,0,18,0,0,0,0,0,0,2,1,6,2,-1,-1,-1,-1,-1,-1,-1
201434WN22314,1,9,0,18,0,8,0,0,0,0,1,1,6,1,-1,-1,-1,-1,-1,-1,-1
201434WN22314,2,9,0,3,0,8,0,0,0,0,2,1,6,2,89,11,1900,2,15,4,1
201434WN22474,1,9,0,18,0,0,0,0,0,0,4,1,6,3,-1,-1,-1,-1,-1,-1,-1
201434WN22484,1,9,0,18,0,2,0,0,0,0,1,1,6,1,19,4,1753,2,13,9,1
201434WN22484,2,9,0,18,0,1,0,0,0,0,0,1,1,1,34,6,2204,2,8,2,1
201434WN22534,1,9,0,18,0,8,0,0,0,0,1,1,1,1,21,5,1896,2,12,2,1
201434WN22534,2,9,0,18,0,8,0,0,0,0,3,1,6,1,36,7,2143,2,-1,5,1
201434WN22564,1,-1,0,9,0,8,0,0,0,0,1,1,6,1,-1,-1,-1,-1,-1,-1,-1
201434WN22564,2,8,0,18,0,8,0,0,0,0,3,1,1,1,37,7,1497,8,6,2,1
201434WN22874,1,11,0,18,0,8,0,0,0,0,1,1,1,1,58,9,-1,-1,-1,10,2
201434WN23014,1,9,0,9,0,8,0,0,0,0,1,1,2,1,49,8,1598,1,15,9,1
201434WN23014,2,3,0,7,0,8,0,0,0,0,1,1,2,1,46,8,125,1,11,10,2
201434WN23114,1,2,0,18,0,8,2,0,0,0,3,1,2,2,38,7,48,1,2,7,1
201434WN23254,1,19,0,18,0,0,0,0,0,0,1,1,6,1,-1,-1,-1,-1,-1,-1,-1
201434WN23254,2,1,0,18,9,0,0,0,0,0,4,1,6,1,20,4,-1,-1,-1,5,1
201434WN23264,1,19,0,18,0,0,0,0,0,0,1,1,6,3,-1,-1,-1,-1,-1,-1,-1
201434WN23264,2,1,0,18,0,0,0,0,0,0,3,1,4,1,11,3,-1,-1,-1,2,1
201434WN23294,1,9,0,7,0,8,0,0,0,0,1,1,6,2,26,6,1997,1,11,-1,3
201434WN23294,2,1,0,18,9,8,0,0,0,0,1,1,6,1,27,6,-1,-1,-1,4,1
201434WN23574,1,9,0,14,0,8,0,0,0,0,1,1,2,2,53,8,1997,2,-1,1,1
201434WN23574,2,1,0,18,0,8,0,0,0,0,3,1,6,2,9,2,-1,-1,-1,-1,-1
201434WN23644,1,9,0,18,0,8,0,0,0,0,1,1,6,2,36,7,1598,1,7,-1,-1
201434WN23644,2,9,0,7,0,8,0,0,0,0,2,1,6,2,41,7,1686,2,9,3,1