Accident_Index,Vehicle_Reference,Vehicle_Type,Towing_and_Articulation,Vehicle_Manoeuvre,Vehicle_Location-Restricted_Lane,Junction_Location,Skidding_and_Overturning,Hit_Object_in_Carriageway,Vehicle_Leaving_Carriageway,Hit_Object_off_Carriageway,1st_Point_of_Impact,Was_Vehicle_Left_Hand_Drive?,Journey_Purpose_of_Driver,Sex_of_Driver,Age_of_Driver,Age_Band_of_Driver,Engine_Capacity_(CC),Propulsion_Code,Age_of_Vehicle,Driver_IMD_Decile,Driver_Home_Area_Type
2014350031814,1,9,0,18,0,0,0,0,0,0,1,1,6,1,70,10,1108,1,10,2,1
2014350031814,2,9,0,2,0,0,0,0,0,0,2,1,6,1,42,7,-1,-1,-1,1,1
2014350031914,1,9,0,4,0,0,0,0,0,0,1,1,6,2,31,6,2198,1,12,10,2
2014350031914,2,9,0,4,0,0,0,0,0,0,2,1,6,2,45,7,1798,1,12,4,1
2014350031914,3,9,0,4,0,0,0,0,0,0,2,1,6,1,76,11,1582,2,7,8,1
2014350031914,4,9,0,4,0,0,0,0,0,0,2,1,6,2,63,9,1339,1,6,10,1
2014350032014,1,1,0,18,9,8,0,0,0,0,3,1,6,1,38,7,-1,-1,-1,9,1
2014350032014,2,8,0,7,0,6,0,0,0,0,1,1,6,2,26,6,1799,1,8,2,1
2014350032114,1,9,0,18,0,1,0,0,0,0,1,1,6,1,17,4,1124,1,14,9,1
2014350032114,2,9,0,4,0,1,0,0,0,0,2,1,6,1,18,4,1396,1,10,3,1
2014350032214,1,9,0,13,0,0,0,0,0,0,1,1,6,2,20,4,998,1,6,4,1
2014350032214,2,9,0,18,0,0,0,0,0,0,1,1,6,2,25,5,1598,1,12,3,1
2014350032214,3,21,1,18,0,0,0,0,0,0,0,1,1,1,38,7,11116,2,14,5,1
2014350032314,1,9,0,1,0,1,0,0,0,0,2,1,1,1,48,8,1997,2,2,8,2
2014350032314,2,1,0,3,0,1,0,0,0,0,1,1,6,2,28,6,-1,-1,-1,4,1
2014350032414,1,9,0,13,0,8,0,0,4,6,4,1,6,2,40,7,1870,2,11,3,1
2014350032414,2,21,2,18,0,8,0,0,0,0,3,2,1,1,41,7,-1,-1,-1,-1,-1
2014350032514,1,2,0,9,0,5,0,0,0,0,1,1,6,1,16,4,49,1,4,5,1
2014350032514,2,9,0,18,0,8,0,0,0,0,1,1,6,1,30,6,1968,2,10,-1,3
2014350032514,3,9,0,18,0,1,0,0,0,0,1,1,6,2,25,5,-1,-1,-1,-1,-1
2014350032614,1,9,0,14,0,0,1,4,0,0,1,1,6,1,74,10,1461,2,4,4,1
2014350032614,2,9,0,2,0,0,0,0,0,0,2,1,6,1,42,7,1461,2,9,4,1
2014350032714,1,9,0,3,0,7,0,0,0,0,2,1,1,2,33,6,2171,1,12,10,1
2014350032714,2,9,0,4,0,7,0,0,0,0,1,1,1,1,24,5,1242,1,3,6,1
2014350032814,1,21,4,2,0,0,0,0,0,0,2,1,1,1,40,7,12777,2,4,10,2
2014350032814,2,1,0,18,0,0,0,4,0,0,1,1,6,2,30,6,-1,-1,-1,9,1
2014350032914,1,9,0,5,0,1,0,0,0,0,1,1,6,2,35,6,1461,2,8,-1,-1
2014350032914,2,9,0,3,0,1,0,0,0,0,2,1,6,2,33,6,1398,1,3,8,1
2014350033014,1,9,0,18,8,2,1,0,1,2,4,1,6,2,20,4,1299,1,14,8,1
2014350033014,2,21,1,18,6,2,0,0,0,0,3,1,1,1,60,9,11967,2,3,7,3
2014350033114,1,19,0,18,0,1,0,0,0,0,1,1,1,1,58,9,2143,2,1,-1,-1
2014350033114,2,9,0,8,0,1,0,0,0,0,2,1,6,2,20,4,1388,1,14,8,2
2014350033214,1,9,0,9,0,5,0,0,0,0,1,1,1,1,40,7,-1,-1,-1,5,1
2014350033214,2,9,0,18,0,8,0,0,0,0,1,1,1,2,58,9,1798,1,9,9,1
2014350033314,1,9,0,4,0,0,0,0,0,0,1,1,6,1,45,7,1968,2,3,5,1
2014350033314,2,9,0,4,0,0,0,0,0,0,0,1,6,1,55,8,1689,2,14,3,3
2014350033314,3,9,0,4,0,0,0,0,0,0,1,1,6,1,45,7,1910,2,4,6,2
2014350033314,4,9,0,4,0,0,0,0,0,0,2,1,6,2,48,8,2184,2,5,4,3
2014350033414,1,9,0,18,0,0,0,0,0,0,1,1,6,1,23,5,1124,1,13,7,1
2014350033414,2,9,0,18,0,0,0,0,0,0,1,1,6,1,43,7,2179,2,3,8,1
2014350033514,1,11,0,4,0,0,0,0,0,0,0,1,1,1,56,9,11000,2,8,6,3
2014350033614,1,9,0,9,0,5,0,0,0,0,3,1,6,1,80,11,1896,2,9,-1,-1
2014350033614,2,1,0,10,0,1,0,0,0,0,1,1,1,2,31,6,-1,-1,-1,8,1
2014350033714,1,9,0,18,0,6,0,0,0,0,1,1,2,1,38,7,1992,2,9,-1,-1
2014350033714,2,9,0,18,0,8,1,0,7,10,1,1,3,2,42,7,1242,1,6,10,3
2014350033814,1,9,0,18,0,8,0,0,0,0,1,1,1,1,48,8,2188,2,10,5,1
2014350033814,2,9,0,9,0,5,0,0,0,0,4,1,6,1,67,10,1997,2,12,6,1
2014350033914,1,9,0,15,0,4,0,0,0,0,4,1,3,2,68,10,1686,2,1,3,1
2014350033914,2,1,0,18,0,4,0,0,0,0,3,1,2,2,60,9,-1,-1,-1,-1,-1
2014350034014,1,8,0,18,0,8,0,0,1,1,1,1,1,1,33,6,-1,-1,-1,4,1
2014350034114,1,9,0,1,0,0,0,0,0,0,2,1,6,1,72,10,1598,1,10,1,1
2014350034214,1,9,0,18,0,0,0,0,0,0,1,1,1,1,57,9,1999,1,12,10,2
2014350034214,2,1,0,18,0,0,5,0,0,0,2,1,6,1,57,9,-1,-1,-1,10,2
2014350034314,1,9,0,18,0,1,0,0,0,0,1,1,1,2,24,5,1299,1,14,10,2
2014350034314,2,9,0,3,0,1,0,0,0,0,2,1,1,2,35,6,1398,2,10,9,2
2014350034314,3,9,0,3,0,1,0,0,0,0,2,1,6,1,67,10,-1,-1,-1,10,1
2014350034414,1,9,0,18,0,2,0,0,0,0,1,1,6,1,30,6,-1,-1,-1,-1,-1
2014350034414,2,3,0,3,0,2,0,0,0,0,2,1,6,1,22,5,124,1,2,3,3
2014350034514,1,9,0,5,0,6,0,0,0,0,3,1,1,2,20,4,1422,2,10,9,3
2014350034514,2,9,0,18,0,8,1,0,0,0,1,1,6,1,33,6,1968,2,4,9,2
2014350034614,1,9,0,18,0,6,0,0,0,0,4,1,6,1,49,8,1298,1,11,3,3
2014350034614,2,9,0,18,0,8,0,0,0,0,1,1,6,2,49,8,1968,2,7,5,3
2014350034814,1,9,0,18,0,6,0,0,7,1,4,1,2,1,19,4,1390,1,11,6,1
2014350034814,2,9,0,18,0,8,0,0,0,0,1,1,2,2,60,9,1399,2,8,9,1
2014350034914,1,9,0,13,0,0,0,0,0,0,1,1,1,1,23,5,1598,1,14,3,1
2014350034914,2,9,0,18,0,0,0,0,0,0,1,1,1,1,42,7,1995,2,6,4,1
2014350035014,1,9,0,5,0,6,0,4,0,0,1,1,6,1,31,6,1598,1,8,-1,3
2014350035014,2,19,0,18,0,8,0,0,0,0,1,1,2,1,18,4,2148,2,8,2,1
2014350035014,3,9,0,2,6,2,0,0,0,0,4,1,6,3,-1,-1,998,1,18,-1,-1
2014350035114,1,9,0,18,0,1,0,0,0,0,1,1,6,1,30,6,1598,1,11,-1,-1
2014350035114,2,9,0,3,0,1,0,0,0,0,2,1,6,2,30,6,-1,-1,-1,6,1
2014350035214,1,9,0,4,0,1,0,0,0,0,1,1,6,1,-1,-1,1956,2,1,8,1
2014350035214,2,9,0,3,0,1,0,0,0,0,2,1,6,1,34,6,1390,1,9,-1,2
2014350035314,1,9,0,18,0,2,0,0,0,0,1,1,6,2,51,8,1590,1,11,6,1
2014350035414,1,9,0,18,0,0,1,0,0,0,1,1,2,1,52,8,1364,1,8,-1,-1
2014350035414,2,20,1,18,0,0,0,0,0,0,1,1,2,1,37,7,4009,2,5,7,3
2014350035514,1,21,0,18,0,0,0,0,0,0,4,1,1,1,61,9,10837,2,3,8,2
2014350035514,2,1,0,18,0,0,0,0,1,0,3,1,6,2,27,6,-1,-1,-1,8,1
2014350035614,1,8,0,9,0,5,0,0,0,0,1,1,1,1,63,9,1896,2,7,9,3
2014350035614,2,1,0,18,0,8,0,0,0,0,1,1,1,1,21,5,-1,-1,-1,6,1
2014350035714,1,21,0,7,0,5,0,0,0,0,4,1,1,1,46,8,6370,2,7,8,1
2014350035714,2,1,0,18,0,8,0,0,0,0,1,1,6,2,25,5,-1,-1,-1,-1,-1
2014350035814,1,9,0,18,0,0,1,0,7,10,2,1,6,1,24,5,1910,2,7,4,1
2014350035914,1,9,0,9,0,6,0,0,0,0,3,1,6,2,43,7,1200,1,2,6,1
2014350035914,2,9,0,18,0,8,0,0,0,0,1,1,6,1,75,10,1798,1,4,6,1
2014350036014,1,11,0,7,2,0,0,0,1,5,4,1,1,1,39,7,6700,2,4,4,1
2014350036114,1,9,0,18,0,0,0,0,0,0,1,1,1,1,75,10,-1,-1,-1,10,1
2014350036114,2,9,0,3,0,0,0,0,0,0,2,1,1,1,37,7,5000,1,4,10,2
2014350036114,3,9,0,3,0,0,0,0,0,0,2,1,6,2,39,7,1400,1,9,6,1
2014350036114,4,9,0,3,0,0,0,0,0,0,2,1,6,2,33,6,1896,2,13,7,1
2014350036214,1,19,0,18,0,1,0,0,0,0,1,1,1,1,53,8,2143,2,3,7,1
2014350036214,2,9,0,3,0,1,0,0,0,0,2,1,1,1,55,8,-1,-1,-1,9,2
2014350036214,3,9,0,3,0,1,0,0,0,0,2,1,1,2,49,8,1995,2,1,7,3
2014350036314,1,9,0,17,0,0,2,0,1,9,4,1,1,1,39,7,-1,-1,-1,9,3
2014350036414,1,9,0,4,0,0,0,0,0,0,1,1,6,2,25,5,1364,1,5,8,1
2014350036414,2,19,0,4,0,0,5,0,0,0,2,1,1,1,28,6,1868,2,11,8,1
2014350036414,3,9,0,4,0,0,0,0,0,0,2,1,6,1,25,5,1896,2,11,-1,-1
2014350036514,1,9,0,7,0,3,0,0,0,0,4,1,6,1,50,8,-1,-1,-1,9,1
2014350036514,2,4,0,7,0,3,0,0,0,0,3,1,2,1,48,8,645,1,13,1,1
2014350036614,1,9,0,5,0,1,0,0,0,0,1,1,6,1,-1,-1,1995,2,6,4,1
2014350036614,2,9,0,3,0,1,0,0,0,0,2,1,1,2,33,6,1598,1,6,8,1
2014350036714,1,9,0,17,0,1,0,0,0,0,1,1,6,2,32,6,1997,1,13,6,2
2014350036814,1,9,0,2,4,0,0,0,0,0,2,1,6,1,38,7,-1,-1,-1,-1,-1
2014350036814,2,1,0,18,4,0,0,0,0,0,1,1,6,1,18,4,-1,-1,-1,4,1
2014350036914,1,9,0,18,0,4,0,0,0,0,1,1,6,2,66,10,1995,2,7,10,2
2014350036914,2,1,0,9,0,8,0,0,0,0,4,1,4,1,21,5,-1,-1,-1,8,1
2014350037014,1,3,0,17,0,4,1,10,0,0,3,1,1,1,45,7,124,1,2,7,1
2014350037114,1,2,0,18,0,1,0,4,0,0,1,1,1,2,28,6,49,1,12,7,2
2014350037114,2,20,0,2,0,1,0,0,0,0,2,1,6,1,28,6,2198,2,2,6,3
2014350037214,1,9,0,2,0,0,0,0,0,0,4,1,1,1,-1,-1,-1,-1,-1,-1,-1
2014350037214,2,1,0,18,4,0,0,8,0,0,1,1,2,2,57,9,-1,-1,-1,3,1
2014350037314,1,9,0,17,0,0,2,0,1,0,1,1,6,1,20,4,1360,1,9,8,2
2014350037414,1,9,0,16,0,0,0,0,3,0,1,1,6,1,22,5,1149,1,9,9,2
2014350037514,1,9,0,18,0,0,2,0,1,0,1,1,1,1,31,6,2494,1,14,8,1
2014350037614,1,9,0,18,0,0,0,0,0,0,1,1,1,2,50,8,-1,-1,-1,8,3
2014350037714,1,9,0,18,0,4,0,0,0,0,1,1,6,1,65,9,1386,1,7,-1,-1
2014350037714,2,9,0,9,0,8,0,0,0,0,4,1,6,1,21,5,1360,1,11,6,2
2014350037814,1,11,0,18,0,8,0,0,0,0,1,1,1,1,63,9,3900,2,10,1,1
2014350037914,1,9,0,18,0,0,1,0,1,4,1,1,6,1,26,6,1396,1,11,8,2
2014350038014,1,3,0,4,0,8,2,0,0,0,4,1,6,1,20,4,125,1,4,3,1
2014350038014,2,9,0,5,0,6,0,0,0,0,0,1,6,2,44,7,2261,1,11,4,1
2014350038114,1,9,0,18,0,6,0,0,3,0,1,1,6,1,30,6,1895,1,16,2,1
2014350038114,2,8,0,9,0,5,0,0,1,0,3,1,1,1,43,7,2499,2,6,1,1
2014350038214,1,1,0,6,0,8,5,0,0,0,2,1,6,1,25,5,-1,-1,-1,8,1
2014350038214,2,5,0,18,0,8,5,0,0,0,1,1,6,1,26,6,-1,-1,-1,-1,-1
2014350038314,1,3,0,4,0,1,0,0,0,0,0,1,2,2,22,5,-1,-1,-1,9,3
2014350038414,1,19,0,14,0,0,0,0,0,0,4,1,1,1,40,7,1598,2,4,-1,-1
2014350038514,1,9,0,18,0,1,0,0,0,0,1,1,6,1,42,7,1910,2,8,9,3
2014350038514,2,1,0,18,0,8,0,7,0,0,3,1,6,1,15,3,-1,-1,-1,9,3
2014350038614,1,9,0,18,0,0,0,0,0,0,1,1,3,2,48,8,1896,2,16,7,2
2014350038614,2,9,0,4,0,0,0,0,0,0,1,1,2,1,33,6,-1,-1,-1,7,2
2014350038614,3,9,0,3,0,0,0,0,0,0,2,1,6,1,30,6,1390,1,12,6,1
2014350038714,1,9,0,18,0,0,2,0,7,0,1,1,6,2,45,7,1242,1,4,5,1
2014350038814,1,19,0,18,0,1,0,0,0,0,1,1,6,1,-1,-1,1248,2,4,-1,-1
2014350038814,2,9,0,3,0,1,0,0,0,0,2,1,6,2,27,6,1598,1,8,2,1
2014350038914,1,9,0,18,0,1,0,0,0,0,1,1,6,2,50,8,2400,2,3,-1,-1
2014350038914,2,1,0,18,4,1,0,0,0,0,3,1,1,2,48,8,-1,-1,-1,4,1
2014350039014,1,1,0,18,4,8,0,0,0,0,1,1,6,1,20,4,-1,-1,-1,-1,-1
2014350039014,2,9,0,9,0,5,0,0,0,0,2,1,1,1,45,7,-1,-1,-1,10,2
2014350039114,1,9,0,9,0,5,0,0,0,0,1,1,6,1,-1,-1,-1,-1,-1,1,1
2014350039114,2,1,0,18,0,8,0,0,0,0,3,1,6,1,15,3,-1,-1,-1,2,1
2014350039214,1,2,0,4,0,1,0,10,0,0,4,1,6,1,17,4,49,1,1,8,2
2014350039314,1,19,0,3,0,1,0,0,0,0,2,1,6,1,30,6,1769,2,16,-1,1
2014350039314,2,9,0,4,0,1,0,0,0,0,1,1,6,1,-1,-1,1798,1,10,-1,-1
2014350039414,1,9,0,17,0,0,0,0,1,2,3,1,6,1,19,4,1364,1,10,8,2
2014350039414,2,9,0,5,8,0,0,0,0,0,3,1,6,3,-1,-1,-1,-1,-1,-1,-1
2014350039514,1,9,0,5,0,1,0,0,0,0,1,1,1,1,21,5,1596,1,9,5,1
2014350039514,2,9,0,3,0,1,0,0,0,0,2,1,6,1,63,9,1956,2,2,3,3
2014350039614,1,3,0,4,0,4,0,0,0,0,2,1,6,2,22,5,124,1,1,2,1
2014350039614,2,3,0,5,0,4,0,0,0,0,1,1,6,1,47,8,-1,-1,-1,2,1
2014350039714,1,9,0,13,0,0,0,0,0,0,2,1,6,2,38,7,998,1,5,8,3
2014350039714,2,9,0,13,0,0,5,0,7,4,1,1,6,1,27,6,1390,1,8,3,1
2014350039914,1,19,0,18,0,6,0,0,3,1,3,1,1,1,47,8,1753,2,3,10,2
2014350039914,2,9,0,18,0,8,0,0,7,0,1,1,6,1,59,9,1798,1,6,9,2
2014350041014,1,9,0,2,0,0,0,0,0,0,2,1,3,2,59,9,1587,1,8,5,3
2014350041014,2,9,0,14,0,0,0,8,0,0,1,1,6,3,-1,-1,-1,-1,-1,-1,-1
2014350041114,1,9,0,17,0,0,1,0,1,4,4,1,6,1,20,4,1229,1,9,10,2
2014350041214,1,9,0,7,0,5,0,0,0,0,1,1,6,2,45,7,1596,1,8,3,1
2014350041314,1,9,0,18,0,0,0,0,0,0,1,1,6,1,40,7,1242,1,2,-1,-1
2014350041314,2,9,0,3,0,0,0,0,0,0,2,1,6,2,53,8,1390,1,2,5,1
2014350041314,3,9,0,3,0,0,0,0,0,0,2,1,6,2,40,7,1461,2,5,-1,-1
2014350041314,4,9,0,3,0,0,0,0,0,0,2,1,6,2,40,7,-1,-1,-1,-1,-1
2014350041514,1,9,0,7,0,5,0,0,0,0,2,1,6,2,38,7,1360,1,7,8,3
2014350041514,2,1,0,15,0,8,0,0,0,0,1,1,6,1,34,6,-1,-1,-1,8,1
2014350041614,1,9,0,18,0,0,0,0,0,0,1,1,3,2,61,9,1910,2,7,10,2
2014350041714,1,1,0,18,4,1,0,0,0,0,3,1,6,2,39,7,-1,-1,-1,2,1
2014350041714,2,19,0,18,0,1,0,0,0,0,4,1,6,1,55,8,2198,2,1,6,1
2014350041914,1,9,0,18,0,0,0,0,0,0,1,1,6,1,49,8,1798,1,7,7,2
2014350041914,2,1,0,18,0,0,0,0,0,0,2,1,6,1,39,7,-1,-1,-1,8,1
2014350042014,1,9,0,18,0,4,0,0,0,0,3,1,6,1,51,8,1200,1,11,8,3
2014350042014,2,1,0,18,0,8,0,0,0,0,1,1,6,2,26,6,-1,-1,-1,2,1
2014350042114,1,19,0,18,0,0,0,0,0,0,1,1,6,1,-1,-1,1686,2,6,10,1
2014350042114,2,9,0,3,0,0,0,0,0,0,2,1,6,2,24,5,1422,2,12,4,1
2014350042214,1,19,0,18,0,0,0,0,0,0,1,1,1,1,40,7,2287,2,2,8,1
2014350042214,2,9,0,4,0,0,0,0,0,0,2,1,6,2,48,8,2495,2,18,10,2
2014350042414,1,9,0,16,0,0,0,0,0,0,1,1,6,2,19,4,1598,1,3,7,3
2014350042414,2,9,0,16,0,0,0,0,0,0,0,1,6,2,25,5,1596,1,10,-1,-1
2014350042414,3,9,0,3,0,0,0,4,0,0,2,1,6,2,54,8,1796,1,11,8,1
2014350042414,4,9,0,3,0,0,0,0,0,0,2,1,6,1,20,4,1900,2,15,6,1
2014350042514,1,9,0,16,0,0,1,0,0,0,4,1,6,1,18,4,1149,1,10,10,1
2014350042514,2,9,0,2,0,0,0,0,0,0,3,1,6,1,35,6,2191,2,1,10,1
2014350042614,1,9,0,18,0,1,0,0,0,0,1,1,6,2,43,7,1596,1,10,2,1
2014350042614,2,9,0,3,0,1,0,0,0,0,2,1,6,1,25,5,1799,1,4,-1,-1
2014350042714,1,9,4,18,0,0,0,0,0,0,0,1,1,1,58,9,1968,2,3,8,1
2014350042714,2,9,0,18,0,0,0,11,0,0,1,1,1,2,56,9,1968,2,1,5,3
2014350042714,3,9,0,18,0,0,0,11,0,0,1,1,1,1,56,9,1560,2,2,9,1
2014350042814,1,9,0,18,0,0,0,4,0,0,1,1,6,1,70,10,1800,2,15,4,1
2014350042814,2,9,0,2,0,0,0,0,0,2,2,1,6,3,-1,-1,1587,1,11,-1,-1
2014350043014,1,9,0,18,0,4,0,0,0,0,1,1,6,3,-1,-1,3222,2,12,-1,-1
2014350043014,2,1,0,18,0,8,0,0,0,0,2,1,6,1,50,8,-1,-1,-1,10,1
2014350043114,1,9,0,18,0,8,0,0,0,0,1,1,2,2,48,8,1329,1,1,8,2
2014350043114,2,9,0,18,0,6,0,0,7,3,4,1,2,2,19,4,1149,1,6,10,1
2014350043214,1,9,0,4,0,1,0,0,0,0,1,1,6,1,-1,-1,-1,-1,-1,-1,-1
2014350043314,1,1,0,18,0,1,0,0,0,0,1,1,6,1,20,4,-1,-1,-1,-1,1
2014350043314,2,9,0,3,4,1,0,0,0,0,2,1,6,2,34,6,2148,2,12,4,1
2014350043414,1,9,0,18,0,6,0,0,0,0,4,1,3,2,43,7,1598,2,1,10,3
2014350043414,2,9,0,18,0,8,0,0,0,0,4,1,1,2,49,8,1587,1,4,10,3
2014350043514,1,9,0,18,0,0,0,0,0,0,1,1,6,1,20,4,1388,1,3,7,2
2014350043514,2,9,0,18,0,0,0,0,0,0,1,1,6,1,49,8,-1,-1,-1,-1,1
2014350043714,1,1,0,9,0,3,0,0,0,0,4,1,6,2,34,6,-1,-1,-1,4,1
2014350043714,2,9,0,18,0,4,0,0,0,0,1,1,6,2,82,11,1199,1,10,9,2
2014350043814,1,9,0,18,0,1,0,0,0,0,1,1,6,1,85,11,1997,1,1,8,1
2014350043814,2,9,0,3,0,1,0,0,0,0,2,1,6,2,25,5,1598,1,10,2,1
2014350043814,3,9,0,3,0,1,0,0,0,0,2,1,6,2,45,7,1968,2,1,10,1
2014350043914,1,9,0,9,0,6,0,0,0,0,1,1,6,1,19,4,1299,1,13,2,1
2014350043914,2,1,0,9,0,5,0,0,0,0,3,1,6,2,52,8,-1,-1,-1,3,1
2014350044014,1,9,0,18,0,4,0,0,0,0,2,1,6,2,50,8,1364,1,7,3,1
2014350044014,2,1,0,18,0,8,0,0,0,0,1,1,6,1,59,9,-1,-1,-1,8,3
2014350044114,1,9,0,18,0,1,0,0,0,0,1,1,2,1,44,7,1497,8,6,9,2
2014350044114,2,5,0,3,0,1,0,0,0,0,2,1,2,1,55,8,998,1,6,10,2
2014350044214,1,9,0,9,0,5,0,0,0,0,4,1,3,2,39,7,2792,1,16,4,1
2014350044214,2,1,0,18,0,8,0,0,0,0,1,1,6,1,22,5,-1,-1,-1,10,1
2014350044314,1,9,0,18,0,1,0,0,1,0,1,1,6,1,65,9,2736,1,11,1,1
2014350044314,2,9,0,10,0,1,0,0,0,0,2,1,6,2,40,7,1598,1,10,5,3
2014350044414,1,1,0,2,0,8,0,0,0,0,1,1,6,1,28,6,-1,-1,-1,6,1
2014350044414,2,9,0,5,9,6,0,0,0,0,1,1,6,1,35,6,1598,2,2,2,1
2014350044514,1,4,0,4,0,4,0,0,0,0,1,1,6,1,34,6,-1,-1,-1,-1,1
2014350044614,1,9,0,18,0,0,1,0,0,0,1,1,1,1,48,8,-1,-1,-1,6,1
2014350044614,2,9,0,18,0,0,0,0,0,0,1,1,6,1,28,6,1910,2,6,3,2
2014350044714,1,9,0,18,0,0,0,0,0,0,3,1,2,1,67,10,3500,1,15,6,1
2014350044814,1,19,0,18,0,1,0,0,0,0,1,1,6,1,48,8,1995,2,7,6,1
2014350044814,2,9,0,3,0,1,0,0,0,0,2,1,3,2,48,8,1242,1,11,8,3
2014350044914,1,1,0,18,0,8,0,0,0,0,3,1,6,1,15,3,-1,-1,-1,-1,-1
2014350044914,2,9,0,13,0,8,0,0,0,0,2,1,1,2,31,6,1968,2,3,7,2
2014350045014,1,9,0,9,0,5,0,0,0,0,4,1,6,2,35,6,1199,1,10,2,1
2014350045014,2,9,0,18,0,8,0,0,0,0,1,1,6,1,21,5,998,1,2,2,1
2014350045114,1,9,0,1,0,0,0,0,0,0,2,1,6,1,39,7,-1,-1,-1,10,1
2014350045114,2,90,0,3,0,0,0,0,0,0,3,1,6,2,54,8,-1,-1,-1,1,1
2014350045214,1,9,0,9,0,5,0,0,0,0,1,1,6,1,46,8,-1,-1,-1,8,3
2014350045214,2,5,0,18,0,8,0,0,0,0,1,1,6,1,48,8,1085,1,20,9,2
2014350045314,1,9,0,18,0,0,0,0,0,0,4,1,2,2,62,9,1596,1,3,4,1
2014350045314,2,1,0,18,0,0,0,0,0,0,3,1,6,2,13,3,-1,-1,-1,4,1
2014350045414,1,9,0,18,0,0,0,0,0,0,4,1,6,2,80,11,-1,-1,-1,-1,1
2014350045414,2,1,0,14,0,0,0,0,0,0,3,1,1,2,26,6,-1,-1,-1,7,1
2014350045514,1,9,0,16,0,1,0,0,0,0,1,1,6,1,24,5,3498,1,9,7,1
2014350045514,2,19,0,10,0,1,0,0,7,0,2,1,1,1,37,7,1868,2,12,6,1
2014350045614,1,9,0,4,0,8,0,0,0,0,1,1,1,1,49,8,1956,2,4,3,1
2014350045614,2,9,0,18,0,8,0,0,0,0,3,1,1,2,20,4,1197,1,1,-1,1
2014350045814,1,9,0,8,0,1,0,0,0,0,2,1,6,2,35,6,1596,1,12,5,2
2014350045814,2,9,0,5,0,1,0,0,0,0,1,1,6,1,-1,-1,2179,2,10,-1,-1
2014350045914,1,9,0,5,9,6,0,0,0,0,4,1,6,1,50,8,998,1,14,-1,-1
2014350045914,2,1,0,18,9,8,0,0,0,0,1,1,6,1,5,1,-1,-1,-1,6,1
2014350046014,1,9,0,7,0,4,0,0,0,0,0,1,6,2,49,8,1390,1,2,9,1
2014350046014,2,1,0,18,0,3,0,0,0,0,0,1,6,1,36,7,-1,-1,-1,6,1
2014350046114,1,9,0,16,0,0,0,0,0,0,1,1,1,1,25,5,1388,1,3,10,1
2014350046114,2,9,0,16,0,0,0,0,0,0,2,1,1,1,28,6,1968,2,2,10,2
2014350046114,3,9,0,4,0,0,0,0,0,0,3,1,1,1,47,8,1999,1,10,-1,2
2014350046214,1,9,0,16,0,1,0,0,0,0,1,1,6,1,36,7,599,1,13,3,1
2014350046214,2,9,0,10,0,1,0,0,0,0,2,1,6,2,43,7,1997,2,12,2,1
2014350046314,1,9,0,18,0,1,1,0,0,0,1,1,6,1,35,6,1896,2,14,2,1
2014350046314,2,9,0,9,0,2,0,0,0,0,2,1,6,2,61,9,1968,2,4,9,2
2014350046414,1,9,0,18,0,1,0,0,0,0,1,1,6,1,-1,-1,-1,-1,-1,-1,-1
2014350046414,2,1,0,9,0,1,0,0,0,0,2,1,6,1,43,7,-1,-1,-1,9,2
2014350046514,1,8,0,18,0,0,0,0,1,8,4,1,6,1,42,7,2199,2,3,1,1
2014350046614,1,9,0,16,0,1,0,0,0,7,1,1,6,2,-1,-1,1124,1,9,-1,-1
2014350046714,1,9,0,9,0,6,0,0,0,0,1,1,1,1,31,6,1997,2,6,4,1
2014350046814,1,9,0,13,0,0,0,0,0,0,4,1,6,1,80,11,1560,2,-1,7,2
2014350046814,2,9,0,18,0,0,0,0,0,0,1,1,2,2,27,6,1587,1,7,9,1
2014350046814,3,1,0,18,4,0,0,0,0,0,3,1,2,1,40,7,-1,-1,-1,10,2
2014350046914,1,9,0,9,0,5,0,0,0,0,1,1,1,2,24,5,1910,2,7,10,3
2014350046914,2,1,0,18,0,1,0,0,0,0,1,1,1,2,45,7,-1,-1,-1,6,1
2014350047014,1,9,0,17,0,0,2,0,1,4,4,1,2,2,19,4,1390,1,13,10,3
2014350047114,1,9,0,18,0,0,1,0,0,0,1,1,6,2,28,6,1995,2,12,4,1
2014350047114,2,9,0,18,0,0,0,0,1,0,1,1,6,2,22,5,1242,1,7,-1,-1
2014350047114,3,9,0,18,0,0,0,0,1,0,3,1,6,1,28,6,1595,2,22,3,1
2014350047214,1,9,0,18,0,0,2,0,7,9,1,1,6,1,23,5,1998,1,8,5,2
2014350047314,1,9,0,18,0,8,0,0,0,0,4,1,6,3,-1,-1,-1,-1,-1,-1,-1
2014350047314,2,10,0,9,0,8,0,0,0,0,3,1,6,2,35,6,2198,2,2,9,1
2014350047414,1,9,0,7,0,3,0,0,0,0,1,1,6,2,20,4,1870,2,7,-1,-1
2014350047414,2,1,0,18,4,8,0,0,0,0,2,1,6,1,61,9,-1,-1,-1,9,1
2014350047514,1,9,0,18,0,0,1,0,0,6,4,1,6,2,45,7,1242,1,5,9,2