Accident_Index,Vehicle_Reference,Vehicle_Type,Towing_and_Articulation,Vehicle_Manoeuvre,Vehicle_Location-Restricted_Lane,Junction_Location,Skidding_and_Overturning,Hit_Object_in_Carriageway,Vehicle_Leaving_Carriageway,Hit_Object_off_Carriageway,1st_Point_of_Impact,Was_Vehicle_Left_Hand_Drive?,Journey_Purpose_of_Driver,Sex_of_Driver,Age_of_Driver,Age_Band_of_Driver,Engine_Capacity_(CC),Propulsion_Code,Age_of_Vehicle,Driver_IMD_Decile,Driver_Home_Area_Type
2014350047514,2,9,0,18,0,0,1,0,0,6,1,1,1,1,43,7,-1,-1,-1,9,2
2014350047614,1,1,0,14,0,8,0,0,0,0,1,1,6,1,21,5,-1,-1,-1,9,2
2014350047614,2,9,0,9,0,5,0,0,0,0,4,1,6,1,30,6,1560,2,1,8,1
2014350047714,1,9,0,7,0,5,0,0,0,0,1,1,6,2,35,6,1400,1,9,7,2
2014350047714,2,1,0,18,0,8,0,0,0,0,4,1,1,1,39,7,-1,-1,-1,4,1
2014350047814,1,9,0,9,0,6,0,0,0,0,1,1,6,2,73,10,1495,1,7,4,1
2014350047814,2,1,0,18,0,8,0,0,0,0,4,1,6,1,60,9,-1,-1,-1,5,1
2014350047914,1,9,0,9,0,5,0,0,0,0,1,1,6,1,40,7,-1,-1,-1,-1,-1
2014350047914,2,1,0,5,0,8,0,0,0,0,1,1,6,2,22,5,-1,-1,-1,7,1
2014350048014,1,19,0,18,0,2,0,0,0,0,1,1,1,1,25,5,1997,2,9,4,1
2014350048014,2,8,0,3,0,2,0,0,0,0,2,1,1,1,31,6,-1,-1,-1,7,1
2014350048114,1,9,0,4,0,1,0,0,0,0,2,1,1,2,26,6,1796,1,8,-1,1
2014350048114,2,2,0,18,0,1,0,0,0,0,1,1,1,1,17,4,49,1,11,5,1
2014350048114,3,9,0,9,0,6,0,0,0,0,0,1,1,2,32,6,1598,1,10,3,1
2014350048214,1,9,0,18,0,1,0,0,0,0,1,1,1,1,-1,-1,1197,1,1,10,1
2014350048214,2,19,0,8,0,1,0,0,0,0,2,1,1,1,53,8,2198,2,3,8,2
2014350048314,1,8,0,9,0,6,0,0,0,0,1,1,1,1,35,6,1896,2,9,-1,-1
2014350048314,2,9,0,18,0,8,0,0,0,0,3,1,6,2,34,6,998,1,9,4,1
2014350048414,1,9,0,11,0,0,1,0,1,6,1,1,2,2,23,5,1390,1,8,9,1
2014350048414,2,21,1,18,0,0,0,0,0,6,1,1,1,1,52,8,12740,2,1,1,1
2014350048414,3,21,1,2,6,0,0,0,0,0,3,1,1,1,51,8,12777,2,3,3,1
2014350048514,1,21,0,2,0,0,0,0,0,0,2,1,1,1,37,7,12130,2,12,-1,-1
2014350048514,2,1,0,18,0,0,0,0,0,0,1,1,6,1,75,10,-1,-1,-1,-1,-1
2014350048614,1,9,0,9,0,6,0,0,0,0,1,1,6,1,24,5,-1,-1,-1,-1,-1
2014350048614,2,1,0,18,0,8,0,0,0,0,1,1,6,1,18,4,-1,-1,-1,6,1
2014350048714,1,19,0,18,0,0,0,0,1,7,4,1,2,1,46,8,2402,2,3,5,1
2014350048814,1,9,0,18,0,8,0,9,3,1,1,1,6,2,35,6,1896,2,8,-1,-1
2014350048914,1,9,0,18,0,0,2,10,0,0,1,1,1,1,28,6,998,1,14,4,1
2014350049014,1,9,0,18,0,0,0,0,0,0,3,1,6,1,-1,-1,-1,-1,-1,-1,-1
2014350049014,2,9,0,18,0,0,0,0,0,0,3,1,6,2,42,7,1598,1,16,3,1
2014350049114,1,2,0,18,0,0,0,0,0,0,0,1,6,1,16,4,49,1,1,7,3
2014350049214,1,5,0,16,0,2,0,0,0,0,1,1,6,1,62,9,1801,1,2,10,1
2014350049214,2,9,0,17,0,1,0,0,0,0,1,1,6,2,36,7,1199,1,16,2,1
2014350049214,3,5,0,16,0,2,0,0,0,0,1,1,6,1,51,8,1690,1,1,8,1
2014350049214,4,5,0,4,0,2,0,0,7,0,0,1,6,1,51,8,1450,1,13,3,1
2014350050014,1,1,0,13,0,1,0,0,0,0,1,1,6,1,23,5,-1,-1,-1,2,1
2014350050014,2,1,0,4,0,1,0,0,0,0,3,1,6,1,28,6,-1,-1,-1,2,1
2014350050114,1,9,0,7,0,2,0,0,0,0,1,1,6,2,32,6,1368,1,7,1,1
2014350050114,2,1,0,18,0,2,0,0,0,0,2,1,6,2,48,8,-1,-1,-1,1,1
2014350050214,1,9,0,5,0,6,0,0,0,0,1,1,6,1,42,7,1984,1,9,10,2
2014350050214,2,1,0,18,0,8,0,0,0,0,4,1,2,1,26,6,-1,-1,-1,10,1
2014350050414,1,3,0,18,0,0,0,0,0,0,1,1,6,1,21,5,124,1,1,2,1
2014350050414,2,9,0,18,0,0,0,0,0,0,1,1,6,3,-1,-1,-1,-1,-1,2,1
2014350050514,1,9,0,17,0,0,0,0,0,0,1,1,1,1,57,9,-1,-1,-1,9,3
2014350050514,2,9,0,16,0,0,0,0,0,0,1,1,6,1,64,9,1198,1,4,9,2
2014350050614,1,9,0,18,0,4,0,0,0,0,3,1,2,1,52,8,-1,-1,-1,9,2
2014350050614,2,1,0,18,0,8,0,0,0,0,4,1,6,2,29,6,-1,-1,-1,4,1
2014350050714,1,20,0,18,0,0,0,0,0,0,1,1,1,1,44,7,4500,2,7,2,1
2014350050714,2,9,0,18,0,0,0,0,0,0,1,1,6,1,58,9,1242,1,13,6,3
2014350050814,1,9,0,9,0,5,0,0,0,0,1,1,6,1,31,6,1598,1,14,5,1
2014350050814,2,9,0,18,0,8,0,0,0,0,1,1,6,1,49,8,1598,1,4,-1,1
2014350050914,1,9,0,9,0,5,0,0,0,0,1,1,1,1,40,7,1956,2,1,8,2
2014350050914,2,5,0,18,0,8,0,0,0,0,1,1,6,1,54,8,1130,1,10,8,2
2014350051014,1,9,0,16,0,0,1,0,7,10,1,1,6,1,19,4,1390,1,11,10,2
2014350051114,1,9,0,9,0,5,0,0,0,0,1,1,6,1,56,9,1998,2,8,7,1
2014350051114,2,1,0,18,0,8,0,0,0,0,3,1,6,1,43,7,-1,-1,-1,5,1
2014350051214,1,21,0,5,0,4,0,0,0,0,3,1,1,1,49,8,12130,2,8,10,2
2014350051214,2,3,0,5,0,4,0,0,0,0,1,1,6,1,24,5,49,1,6,8,1
2014350051314,1,9,0,18,0,1,0,0,0,0,1,1,6,2,44,7,1242,1,2,6,2
2014350051314,2,9,0,10,0,1,0,0,0,0,2,1,6,2,67,10,1199,2,1,9,1
2014350051414,1,1,0,14,0,0,0,8,0,0,4,1,6,1,38,7,-1,-1,-1,9,2
2014350051414,2,9,0,2,0,0,0,0,0,0,3,1,6,1,-1,-1,1600,1,15,3,1
2014350051514,1,9,0,9,0,6,0,0,0,0,1,1,6,2,57,9,1910,2,10,7,1
2014350051514,2,5,0,18,0,8,0,0,0,0,1,1,6,1,40,7,600,1,10,-1,-1
2014350051714,1,9,0,7,0,6,0,0,0,0,1,1,1,1,41,7,1598,1,5,-1,1
2014350051714,2,1,0,18,0,8,0,0,0,0,1,1,1,2,34,6,-1,-1,-1,-1,1
2014350051814,1,9,0,7,0,5,0,0,0,0,4,1,6,1,55,8,2143,2,5,8,1
2014350051814,2,1,0,18,0,1,0,0,0,0,3,1,6,1,30,6,-1,-1,-1,9,2
2014350051914,1,9,0,9,0,5,0,0,0,0,3,1,2,1,26,6,998,1,7,10,3
2014350051914,2,1,0,18,0,8,0,0,0,0,1,1,2,2,33,6,-1,-1,-1,-1,-1
2014350052014,1,9,0,16,0,1,0,0,0,0,1,1,2,2,50,8,1896,2,9,8,3
2014350052014,2,9,0,10,0,1,0,0,0,0,2,1,3,2,30,6,1598,1,8,-1,-1
2014350052114,1,9,0,18,0,1,0,0,0,0,1,1,6,2,49,8,1900,2,8,10,2
2014350052114,2,9,0,9,0,1,0,0,0,0,2,1,6,1,22,5,1956,2,2,2,1
2014350052214,1,1,0,12,0,0,0,0,0,0,3,1,1,2,18,4,-1,-1,-1,6,1
2014350052214,2,4,0,18,0,0,0,0,0,0,1,1,1,1,30,6,125,1,5,6,1
2014350052314,1,9,0,9,0,6,0,0,0,0,1,1,2,1,66,10,2500,6,17,9,3
2014350052314,2,3,0,18,0,8,0,0,0,0,1,1,2,1,43,7,124,1,5,10,1
2014350052414,1,11,0,4,0,1,0,0,0,0,0,1,1,2,49,8,6700,2,4,8,1
2014350052514,1,19,0,18,0,0,0,0,0,0,1,1,1,1,41,7,1998,2,12,-1,1
2014350052514,2,9,0,4,0,0,0,0,0,0,2,1,1,2,43,7,2967,2,5,10,1
2014350052614,1,9,0,9,0,4,0,0,0,0,1,1,6,2,47,8,1685,2,1,9,3
2014350052614,2,1,0,9,0,8,0,0,0,0,1,1,6,2,20,4,-1,-1,-1,8,1
2014350052814,1,4,0,18,0,0,5,10,0,0,1,1,6,2,24,5,-1,-1,-1,8,3
2014350052914,1,9,0,12,0,0,1,0,4,6,3,1,6,2,22,5,1124,1,8,7,1
2014350052914,2,9,0,13,0,0,1,0,1,1,4,1,6,1,32,6,1910,2,9,10,3
2014350053014,1,9,0,18,0,0,1,0,0,0,1,1,1,2,52,8,1896,2,14,8,1
2014350053014,2,9,0,4,0,0,0,0,0,0,2,1,1,2,32,6,1398,2,2,6,1
2014350053014,3,9,0,4,0,0,0,0,0,0,2,1,1,2,63,9,-1,-1,-1,6,2
2014350053214,1,9,0,7,0,6,0,0,0,0,1,1,6,1,50,8,1598,2,3,6,1
2014350053214,2,1,0,18,0,8,0,0,0,0,1,1,6,2,59,9,-1,-1,-1,-1,1
2014350053314,1,1,0,18,0,0,0,0,0,0,1,1,6,1,42,7,-1,-1,-1,2,1
2014350053314,2,9,0,4,0,0,0,0,0,0,2,1,3,2,45,7,1390,1,14,5,1
2014350053414,1,1,0,14,0,0,0,0,0,0,1,1,6,1,13,3,-1,-1,-1,10,2
2014350053414,2,9,0,2,0,0,0,0,0,0,2,1,6,2,56,9,1995,2,8,5,3
2014350053514,1,8,0,2,0,0,0,0,0,0,2,1,1,1,30,6,-1,-1,-1,-1,-1
2014350053514,2,1,0,18,0,0,0,0,1,0,1,1,6,1,42,7,-1,-1,-1,10,3
2014350053614,1,9,0,18,0,2,0,0,0,0,1,1,6,1,71,10,1998,2,8,9,2
2014350053614,2,9,0,4,0,1,0,0,0,0,1,1,2,2,56,9,1870,2,9,3,1
2014350053714,1,9,0,13,0,0,0,0,0,0,4,1,6,3,-1,-1,-1,-1,-1,-1,-1
2014350053714,2,1,0,18,0,0,0,0,0,0,3,1,6,2,35,6,-1,-1,-1,4,1
2014350053814,1,5,0,7,0,6,0,0,0,0,4,1,6,1,56,9,1312,1,8,-1,1
2014350054014,1,5,0,13,0,1,1,0,0,0,4,1,6,1,53,8,645,1,12,3,1
2014350054014,2,21,1,9,0,5,0,0,0,0,3,1,1,1,44,7,-1,2,9,-1,-1
2014350054114,1,9,0,13,0,0,2,0,7,9,1,1,1,1,45,7,2179,2,1,8,1
2014350054214,1,9,0,18,0,1,0,0,0,0,1,1,6,2,37,7,1396,1,10,-1,3
2014350054214,2,8,0,3,0,1,0,0,0,0,2,1,6,1,39,7,2148,2,5,6,1
2014350054314,1,5,0,13,0,2,0,0,0,0,1,1,6,1,21,5,599,1,10,8,2
2014350054314,2,9,0,6,0,2,0,0,0,0,3,1,6,1,25,5,1598,1,13,-1,-1
2014350054414,1,9,0,18,0,0,0,0,0,0,1,1,6,2,-1,-1,1299,1,15,6,1
2014350054414,2,9,0,18,0,0,1,0,0,0,2,1,2,2,59,9,1686,2,1,10,2
2014350054514,1,9,0,18,0,2,0,0,0,0,4,1,3,2,45,7,2497,2,2,6,1
2014350054514,2,1,0,18,4,2,0,0,0,0,1,1,2,1,40,7,-1,-1,-1,10,2
2014350054614,1,9,0,7,0,1,0,0,0,0,1,1,6,1,56,9,2179,2,7,-1,-1
2014350054614,2,9,0,4,0,1,0,0,0,0,2,1,6,1,70,10,1598,1,2,9,3
2014350054614,3,9,0,18,0,1,0,0,0,0,0,1,1,1,42,7,998,1,1,6,1
2014350054714,1,9,0,4,0,4,0,0,0,0,1,1,6,1,67,10,1995,2,10,4,2
2014350054714,2,9,0,4,0,4,0,0,0,0,2,1,6,1,35,6,1299,1,15,6,1
2014350054814,1,9,0,18,0,1,0,0,0,0,1,1,6,2,31,6,-1,-1,-1,-1,-1
2014350054814,2,9,0,4,0,1,0,0,0,0,2,1,6,2,51,8,2967,2,3,5,3
2014350054914,1,9,0,18,0,0,0,0,0,0,4,1,6,3,-1,-1,-1,-1,-1,-1,-1
2014350055014,1,9,0,18,0,0,2,0,1,0,1,1,2,1,48,8,1598,1,9,6,3
2014350055114,1,8,0,6,0,8,0,0,0,0,1,1,6,1,45,7,1896,2,9,-1,-1
2014350055114,2,1,0,18,0,6,0,0,0,0,3,1,1,2,35,6,-1,-1,-1,8,1
2014350055214,1,9,0,12,0,7,1,0,0,0,1,1,6,1,84,11,1840,1,17,9,2
2014350055214,2,21,1,18,0,8,0,0,0,0,1,1,1,1,56,9,11946,2,2,10,1
2014350055314,1,9,0,9,0,6,0,0,0,0,3,1,6,1,17,4,1896,2,9,6,1
2014350055314,2,9,0,17,0,8,0,0,0,0,1,1,2,2,41,7,1984,1,9,3,1
2014350055414,1,9,0,9,0,6,0,0,0,0,1,1,1,1,27,6,1796,1,17,-1,-1
2014350055414,2,5,0,18,0,8,0,0,0,0,4,1,2,1,50,8,749,1,23,-1,-1
2014350055614,1,21,1,18,0,1,0,0,0,0,4,1,1,1,61,9,11967,2,3,7,1
2014350055614,2,9,0,3,0,1,0,0,0,0,3,1,6,2,55,8,1870,2,11,10,1
2014350055714,1,9,0,1,0,1,0,0,0,0,2,1,6,3,-1,-1,-1,-1,-1,-1,-1
2014350055714,2,1,0,3,0,1,0,0,0,0,1,1,6,1,-1,-1,-1,-1,-1,-1,-1
2014350055814,1,9,0,18,0,8,0,0,0,0,0,1,6,3,-1,-1,-1,-1,-1,-1,-1
2014350055814,2,11,0,18,0,1,0,0,0,0,0,1,1,1,49,8,6700,2,3,1,1
2014350055914,1,9,0,12,0,3,0,0,0,0,3,1,6,1,19,4,-1,-1,-1,5,3
2014350055914,2,5,0,9,0,8,0,0,0,0,4,1,6,1,59,9,1441,1,-1,3,1
2014350056014,1,9,0,18,0,1,0,0,0,0,1,1,6,1,25,5,-1,-1,-1,-1,-1
2014350056014,2,9,0,4,0,1,0,0,0,0,2,1,6,1,37,7,-1,-1,-1,7,1
2014350056114,1,9,0,9,0,6,0,0,0,0,1,1,6,1,42,7,1389,1,18,1,1
2014350056114,2,9,0,18,0,1,0,0,0,0,1,1,6,2,52,8,1984,1,13,3,1
2014350056214,1,1,0,18,0,1,0,4,0,0,1,1,2,1,19,4,-1,-1,-1,6,2
2014350056214,2,9,0,2,0,1,0,0,0,0,1,1,6,3,-1,-1,1560,2,2,-1,-1
2014350056314,1,9,0,18,0,0,0,0,0,0,1,1,6,2,-1,-1,1598,1,13,8,2
2014350056314,2,1,0,18,0,0,0,0,0,0,2,1,6,2,21,5,-1,-1,-1,6,2
2014350056314,3,1,0,18,0,0,0,0,0,0,2,1,6,2,17,4,-1,-1,-1,-1,-1
2014350056414,1,19,0,18,0,0,1,0,1,0,1,1,1,1,63,9,2151,2,11,5,1
2014350056414,2,19,0,18,0,0,2,0,0,6,2,1,1,1,67,10,1905,2,13,6,2
2014350056514,1,3,0,18,0,4,1,10,3,0,1,1,2,1,24,5,124,1,9,9,2
2014350056614,1,9,0,13,0,0,1,0,0,0,1,1,2,2,25,5,1124,1,12,3,1
2014350056614,2,9,0,4,0,0,0,0,4,6,2,1,2,2,48,8,1997,2,13,5,1
2014350056714,1,9,0,5,0,6,0,7,1,10,1,1,1,1,22,5,1299,1,13,2,1
2014350056714,2,9,0,18,0,2,0,0,0,0,1,1,3,2,26,6,2149,2,7,-1,3
2014350056914,1,9,0,16,0,0,2,0,1,0,1,1,1,1,20,4,1242,1,12,7,3
2014350057114,1,9,0,5,0,6,0,0,0,0,1,1,6,2,18,4,1397,1,6,6,1
2014350057114,2,3,0,18,0,8,0,0,0,0,1,1,6,1,63,9,125,1,3,-1,-1
2014350057214,1,9,0,9,0,5,0,0,0,0,3,1,6,1,42,7,1582,2,7,10,2
2014350057214,2,9,0,18,0,8,0,0,0,0,1,1,6,2,86,11,1995,1,5,9,1
2014350057214,3,9,0,10,0,1,0,0,0,0,1,1,6,1,60,9,1299,1,16,9,3
2014350057314,1,9,0,9,0,6,0,0,0,0,3,1,6,1,29,6,1968,2,6,5,2
2014350057314,2,9,0,18,0,8,0,0,0,0,1,1,6,2,22,5,1196,1,20,6,1
2014350057414,1,9,0,18,0,1,0,0,0,0,1,1,3,2,24,5,-1,-1,-1,8,3
2014350057414,2,9,0,10,0,1,0,0,0,0,2,1,3,2,64,9,1910,2,5,8,3
2014350057414,3,9,0,10,0,1,0,0,0,0,2,1,6,1,60,9,1951,2,12,8,3
2014350057514,1,9,0,4,0,0,0,0,0,0,1,1,6,2,29,6,1493,1,15,8,1
2014350057514,2,9,0,4,0,0,1,0,0,0,2,1,6,1,23,5,1560,2,5,5,1
2014350057514,3,21,1,4,0,0,0,0,0,0,3,1,1,1,63,9,11946,2,7,7,1
2014350057514,4,9,0,4,0,0,0,0,0,0,2,1,6,1,64,9,2993,2,4,10,2
2014350057514,5,9,0,4,0,0,0,0,0,0,2,1,6,1,25,5,1839,1,10,8,3
2014350057614,1,9,0,9,0,6,0,0,1,0,4,1,6,1,70,10,1991,2,11,5,3
2014350057614,2,9,0,18,0,8,0,0,0,0,4,1,6,2,63,9,1997,2,6,3,3
2014350057614,3,9,0,18,0,8,0,0,0,0,3,1,6,2,26,6,1560,2,6,5,3
2014350057714,1,9,0,18,0,0,0,0,0,0,1,1,6,2,39,7,1796,1,13,2,1
2014350057814,1,9,0,7,0,6,0,0,0,0,1,1,1,1,70,10,-1,-1,-1,8,2
2014350057814,2,1,0,18,0,8,0,0,0,0,1,1,6,2,27,6,-1,-1,-1,2,1
2014350057914,1,9,0,13,0,0,0,0,0,0,0,1,6,3,-1,-1,-1,-1,-1,-1,-1
2014350057914,2,9,0,18,0,0,0,0,1,4,1,1,6,1,41,7,2495,2,10,9,2
2014350058014,1,9,0,18,0,1,0,0,0,0,1,1,6,1,29,6,1396,1,14,6,1
2014350058014,2,9,0,10,0,1,0,0,0,0,2,1,6,2,32,6,1595,1,4,6,3
2014350058114,1,9,0,18,0,0,0,0,0,0,1,1,6,1,75,10,1399,2,4,5,1
2014350058214,1,9,0,5,0,1,0,0,0,0,1,1,1,1,39,7,1461,2,3,10,1
2014350058214,2,9,0,3,0,1,0,0,0,0,2,1,6,1,38,7,1896,2,9,4,1
2014350058314,1,9,0,18,0,1,0,0,0,0,1,1,6,1,22,5,1390,1,11,9,2
2014350058314,2,9,0,10,0,1,0,0,0,0,2,1,6,1,28,6,1497,8,3,8,1
2014350058414,1,8,0,4,0,0,0,0,0,0,1,1,1,1,32,6,1598,1,9,1,1
2014350058514,1,19,0,13,0,0,0,0,0,0,0,1,1,1,59,9,-1,-1,-1,-1,-1
2014350058514,2,9,0,18,0,0,0,0,0,0,1,1,1,2,19,4,-1,-1,-1,8,1
2014350058514,3,9,0,4,0,0,0,0,0,0,2,1,1,1,25,5,1896,2,13,-1,-1
2014350058614,1,5,0,18,0,0,0,0,0,0,4,1,6,1,30,6,599,1,15,2,1
2014350058714,1,9,0,18,0,0,5,0,7,4,1,1,6,1,41,7,-1,-1,-1,10,2
2014350058814,1,9,0,13,0,0,5,0,1,0,4,1,6,2,23,5,1360,1,11,9,3
2014350058914,1,9,0,4,0,1,0,0,0,0,1,1,6,2,26,6,1968,2,-1,10,3
2014350058914,2,9,0,3,0,1,0,0,0,0,2,1,6,2,39,7,1956,2,3,6,1
2014350059014,1,9,0,4,0,5,1,0,0,0,1,1,6,2,19,4,1199,1,11,4,2
2014350059014,2,9,0,7,0,5,0,0,0,0,2,1,6,1,45,7,1796,1,-1,-1,1
2014350059114,1,9,0,18,0,1,0,0,1,2,1,1,2,1,35,6,2435,1,13,-1,1
2014350059214,1,2,0,4,0,5,0,0,0,0,0,1,6,2,16,4,49,1,5,9,1
2014350059314,1,9,0,18,0,0,2,0,7,9,1,1,1,2,29,6,2148,2,12,6,2
2014350059414,1,9,0,18,0,0,1,0,1,0,0,1,6,2,23,5,1997,1,15,8,1
2014350059514,1,5,0,18,0,0,1,0,0,0,0,1,6,1,81,11,650,1,59,10,1
2014350059714,1,9,0,4,0,1,0,0,1,9,1,1,6,1,81,11,1560,2,2,10,2
2014350059814,1,9,0,18,0,0,0,0,0,0,1,1,6,2,37,7,1587,1,13,7,2
2014350059814,2,21,1,18,0,0,3,0,7,0,1,1,1,1,32,6,12600,2,13,7,2
2014350059914,1,21,0,7,0,6,0,0,0,0,4,1,1,1,61,9,4462,2,1,7,2
2014350060014,1,19,0,18,0,0,0,0,0,0,4,1,1,1,29,6,2198,2,6,2,1
2014350060014,2,1,0,18,0,0,0,0,0,0,3,1,1,2,-1,-1,-1,-1,-1,2,1
2014350060114,1,9,0,9,0,4,0,0,0,0,1,1,1,1,29,6,1199,1,13,9,1
2014350060114,2,1,0,18,0,8,0,0,0,0,1,1,1,2,25,5,-1,-1,-1,7,1
2014350060214,1,9,0,12,0,0,0,0,0,0,1,1,6,2,72,10,1796,1,5,-1,1
2014350060214,2,21,0,18,0,0,0,0,0,0,1,1,1,1,33,6,6174,2,8,9,1
2014350060314,1,11,0,4,7,0,0,0,0,0,1,1,1,1,61,9,6870,2,13,5,2
2014350060414,1,9,0,16,0,0,0,10,7,1,1,1,6,1,18,4,1396,1,13,4,1
2014350060514,1,19,0,5,0,6,0,0,0,0,3,1,2,1,26,6,2198,2,2,-1,-1
2014350060514,2,1,0,18,0,8,0,0,0,0,1,1,6,2,31,6,-1,-1,-1,-1,-1
2014350060614,1,9,0,18,0,0,5,10,1,10,1,1,6,1,29,6,1910,2,7,10,1
2014350060714,1,9,0,18,0,0,2,0,1,9,3,1,6,2,33,6,-1,-1,-1,-1,-1
2014350060714,2,19,0,11,0,0,0,0,0,0,4,1,6,3,-1,-1,-1,-1,-1,-1,-1
2014350060814,1,9,0,18,0,0,0,0,7,4,1,1,6,1,70,10,1992,2,6,9,2
2014350060914,1,9,0,18,0,0,0,0,0,0,1,1,6,1,64,9,1598,1,5,6,1
2014350060914,2,9,0,3,0,0,0,0,0,0,2,1,6,2,25,5,1598,1,5,-1,-1
2014350060914,3,9,0,3,0,0,0,0,0,0,2,1,6,1,25,5,1248,2,5,10,2
2014350060914,4,9,0,18,0,0,0,0,7,0,1,1,6,2,23,5,1360,1,4,10,2
2014350061014,1,9,0,9,0,5,0,0,0,0,4,1,6,2,37,7,1560,2,7,6,2
2014350061014,2,9,0,17,0,8,0,0,0,0,3,1,6,1,47,8,1997,1,1,4,1
2014350061114,1,9,0,4,0,8,0,0,0,0,1,1,6,1,36,7,1582,2,2,7,3
2014350061114,2,1,0,18,0,8,5,0,0,0,4,1,6,1,26,6,-1,-1,-1,8,1
2014350061214,1,9,0,12,0,0,0,0,0,0,3,1,6,1,30,6,1968,2,8,7,3
2014350061214,2,8,0,18,0,0,2,0,0,0,4,1,6,2,44,7,-1,-1,-1,-1,-1
2014350061314,1,9,0,18,0,8,0,0,0,0,4,1,6,1,74,10,1968,2,1,10,1
2014350061314,2,9,0,9,0,5,0,0,0,0,1,1,6,2,43,7,2993,2,3,8,3
2014350061514,1,2,0,18,0,0,0,0,0,0,0,1,6,2,19,4,124,1,1,7,2
2014350061614,1,9,0,18,0,0,0,4,1,10,1,1,2,1,44,7,1149,1,12,7,2
2014350061614,2,9,0,2,0,0,0,0,7,10,0,1,6,3,-1,-1,-1,-1,-1,-1,-1
2014350061714,1,9,0,18,0,0,1,0,0,2,1,1,6,3,20,4,2143,2,1,-1,-1
2014350061714,2,19,0,2,0,0,0,0,0,0,3,1,1,1,34,6,2287,2,4,10,2
2014350061714,3,9,0,2,6,0,0,0,0,0,3,1,6,3,-1,-1,1598,2,4,-1,-1
2014350061714,4,9,0,18,0,0,1,0,0,0,1,1,6,2,61,9,1149,1,4,9,2
2014350061814,1,9,0,18,0,0,0,0,0,0,3,1,6,3,-1,-1,-1,-1,-1,-1,-1
2014350061814,2,1,0,18,0,0,0,0,0,0,4,1,2,1,28,6,-1,-1,-1,6,1
2014350061914,1,9,0,18,0,0,0,0,1,4,1,1,6,2,45,7,1396,1,13,-1,3
2014350062014,1,9,0,4,0,0,0,0,0,0,1,1,2,2,32,6,1685,2,-1,-1,2
2014350062014,2,9,0,3,0,0,0,0,0,0,2,1,2,1,23,5,-1,-1,-1,5,1
2014350062014,3,9,0,3,0,0,0,0,0,0,2,1,6,2,55,8,1995,2,5,-1,-1
2014350062114,1,9,0,18,0,0,0,0,0,0,1,1,6,2,69,10,1995,1,9,10,1
2014350062114,2,9,0,3,0,0,0,2,0,1,2,1,6,2,38,7,1596,1,5,10,2
2014350062214,1,9,0,9,0,5,0,0,0,0,4,1,6,2,31,6,1242,1,9,6,1
2014350062214,2,9,0,18,0,8,0,0,0,0,1,1,6,2,28,6,1794,1,9,8,2
2014350062314,1,9,0,5,0,4,0,0,0,0,3,1,6,1,19,4,1461,2,11,1,1
2014350062314,2,9,0,11,0,8,0,0,0,0,4,1,6,2,25,5,1364,2,1,1,1
2014350062414,1,9,0,18,0,0,1,0,5,0,3,1,6,2,28,6,1910,2,7,9,2
2014350062414,2,20,1,18,0,0,0,0,0,0,3,1,1,1,46,8,-1,-1,-1,3,1
2014350062514,1,9,0,18,0,4,1,7,3,1,1,1,6,2,84,11,-1,-1,-1,4,3
2014350062514,2,9,0,18,0,8,0,0,0,0,2,1,6,2,49,8,1747,1,5,10,2
2014350062614,1,19,5,18,0,0,0,0,0,0,1,1,6,1,32,6,2198,2,7,2,1
2014350062614,2,9,0,4,0,0,0,0,0,0,2,1,6,2,25,5,1598,1,7,4,2
2014350062714,1,9,0,18,0,0,0,0,0,0,1,1,1,1,30,6,-1,-1,-1,8,1
2014350062714,2,9,0,14,0,0,0,0,0,0,1,1,2,1,30,6,1999,1,7,4,1
2014350062714,3,9,0,2,0,0,0,0,0,0,3,1,2,1,40,7,1596,1,5,4,1
2014350062814,1,9,0,18,0,0,0,0,7,0,1,1,6,1,29,6,1896,2,9,9,1
2014350062814,2,9,0,4,0,0,0,0,0,0,3,1,6,1,42,7,4163,1,8,-1,-1
2014350062914,1,9,0,9,0,5,0,0,0,0,1,1,2,1,30,6,1796,1,11,6,1
2014350062914,2,1,0,18,0,8,0,0,0,0,3,1,6,1,23,5,-1,-1,-1,4,1
2014350063014,1,9,0,9,0,5,0,0,0,0,3,1,6,2,65,9,1686,2,3,10,3
2014350063014,2,9,0,13,0,1,0,0,0,0,4,1,6,1,43,7,1149,1,3,7,1
2014350063114,1,9,0,9,0,5,5,0,0,0,4,1,6,1,30,6,1198,1,1,4,1
2014350063114,2,5,0,17,0,1,0,0,0,0,1,1,6,1,54,8,750,1,9,3,1
2014350063214,1,9,0,18,0,0,0,4,0,0,3,1,6,1,54,8,1956,2,4,7,3
2014350063214,2,9,0,2,0,0,0,0,0,0,3,1,6,1,60,9,1988,1,14,7,3
2014350063314,1,9,0,1,9,0,0,4,0,0,2,1,6,1,34,6,1598,2,2,7,3
2014350063414,1,9,0,18,0,6,0,0,0,0,1,1,6,1,18,4,-1,-1,-1,8,2
2014350063414,2,9,0,18,0,8,0,0,0,0,3,1,6,1,24,5,2000,1,6,9,1