Accident_Index,Vehicle_Reference,Vehicle_Type,Towing_and_Articulation,Vehicle_Manoeuvre,Vehicle_Location-Restricted_Lane,Junction_Location,Skidding_and_Overturning,Hit_Object_in_Carriageway,Vehicle_Leaving_Carriageway,Hit_Object_off_Carriageway,1st_Point_of_Impact,Was_Vehicle_Left_Hand_Drive?,Journey_Purpose_of_Driver,Sex_of_Driver,Age_of_Driver,Age_Band_of_Driver,Engine_Capacity_(CC),Propulsion_Code,Age_of_Vehicle,Driver_IMD_Decile,Driver_Home_Area_Type
2014350063514,1,3,0,13,0,8,0,0,0,0,1,1,6,1,20,4,124,1,-1,6,3
2014350063514,2,1,0,9,0,5,0,0,0,0,3,1,6,1,42,7,-1,-1,-1,9,2
2014350063614,1,9,0,18,0,0,0,0,0,0,1,1,1,1,34,6,-1,-1,-1,7,1
2014350063614,2,9,0,4,0,0,0,0,0,0,2,1,1,1,43,7,2199,2,2,-1,2
2014350063614,3,9,0,4,0,0,0,0,0,0,2,1,1,1,52,8,1984,1,7,9,1
2014350063614,4,9,0,4,0,0,0,0,0,0,2,1,1,1,48,8,-1,-1,-1,2,1
2014350063714,1,9,0,4,0,0,0,0,0,0,2,1,6,1,40,7,2198,2,9,-1,-1
2014350063714,2,9,0,4,0,0,0,0,0,0,1,1,6,2,50,8,1399,2,11,6,1
2014350063714,3,9,0,4,0,0,0,0,0,0,1,1,6,2,40,7,1560,2,10,-1,1
2014350063814,1,9,0,18,0,0,2,0,1,7,1,1,6,2,37,7,1598,1,7,8,1
2014350063914,1,9,0,9,0,6,0,0,7,0,3,1,6,2,73,10,-1,-1,-1,9,1
2014350063914,2,9,0,18,0,8,0,0,0,0,1,1,6,1,65,9,1997,2,14,7,1
2014350064014,1,9,0,18,0,0,0,0,0,0,3,1,6,1,24,5,1910,2,8,4,2
2014350064014,2,3,0,14,0,0,0,0,0,0,3,1,6,1,19,4,125,1,-1,2,1
2014350064114,1,9,0,4,0,7,0,0,0,0,1,1,6,2,28,6,1198,1,2,7,1
2014350064114,2,9,0,3,0,7,0,0,0,0,2,1,6,1,31,6,1461,2,2,3,1
2014350064214,1,9,0,18,0,1,0,0,0,0,1,1,6,1,35,6,1871,2,11,9,1
2014350064214,2,9,0,3,0,1,0,0,0,0,2,1,6,1,52,8,1686,2,9,2,1
2014350064314,1,9,0,17,0,2,2,0,1,9,4,1,1,1,23,5,1461,2,9,-1,1
2014350064414,1,9,0,7,0,5,0,0,0,0,4,1,6,1,20,4,1198,1,11,-1,-1
2014350064414,2,1,0,15,0,1,0,0,0,0,3,1,6,1,29,6,-1,-1,-1,10,1
2014350064514,1,9,0,18,0,0,0,0,0,0,0,1,6,1,-1,-1,-1,-1,-1,-1,-1
2014350064514,2,1,0,4,5,0,1,0,0,0,0,1,6,1,16,4,-1,-1,-1,3,1
2014350064614,1,9,0,4,0,1,0,0,0,0,1,1,6,1,-1,-1,1598,2,-1,-1,-1
2014350064614,2,9,0,3,0,1,0,0,0,0,2,1,6,1,19,4,1390,1,13,8,2
2014350064714,1,9,0,9,0,6,0,0,0,0,1,1,6,1,25,5,1995,2,1,-1,-1
2014350064714,2,9,0,18,0,8,0,0,0,0,4,1,6,1,55,8,1900,2,8,5,1
2014350064814,1,9,0,14,0,0,0,0,0,0,3,1,1,1,-1,-1,1598,2,-1,-1,-1
2014350064814,2,1,0,18,0,0,0,0,0,0,3,1,6,1,49,8,-1,-1,-1,9,1
2014350064914,1,9,0,18,0,8,0,0,0,0,1,1,6,1,-1,-1,1339,1,-1,9,1
2014350064914,2,1,0,18,0,8,0,0,0,0,4,1,6,2,21,5,-1,-1,-1,7,1
2014350065014,1,9,0,5,0,0,0,0,0,0,1,1,6,2,60,9,1200,1,-1,5,1
2014350065114,1,1,0,18,0,0,0,0,0,0,1,1,4,1,15,3,-1,-1,-1,-1,-1
2014350065114,2,9,0,18,0,0,0,0,0,0,3,1,6,2,-1,-1,1968,2,2,9,3
2014350065214,1,9,0,18,0,0,0,0,0,0,2,1,2,1,49,8,1242,1,9,5,1
2014350065214,2,19,0,18,0,0,0,0,0,0,1,1,6,1,-1,-1,1995,2,6,3,1
2014350065314,1,1,0,5,9,6,0,0,0,0,1,1,6,2,17,4,-1,-1,-1,3,2
2014350065314,2,9,0,7,0,5,0,0,0,0,1,1,6,1,72,10,1560,2,8,4,1
2014350065414,1,9,0,9,0,5,0,0,0,0,1,1,6,2,34,6,1598,2,3,10,2
2014350065414,2,9,0,18,0,8,0,0,0,0,1,1,6,2,39,7,1598,2,2,9,2
2014350065514,1,9,0,4,0,0,1,0,0,0,1,1,1,2,27,6,1229,1,5,8,3
2014350065514,2,9,0,3,0,0,0,0,0,6,2,1,1,2,20,4,1240,1,10,3,1
2014350065514,3,9,0,3,0,0,0,0,0,0,2,1,1,1,44,7,2143,2,2,8,1
2014350065514,4,9,0,3,0,0,0,0,0,0,2,1,1,2,37,7,2993,2,1,8,1
2014350065614,1,9,0,18,0,1,0,0,0,0,1,1,6,2,70,10,1968,2,4,6,3
2014350065614,2,9,0,3,0,1,0,0,0,0,2,1,6,1,38,7,1995,2,6,5,1
2014350065614,3,8,0,3,0,1,0,0,0,0,2,1,6,1,51,8,1968,2,5,9,3
2014350065614,4,9,0,3,0,1,0,0,0,0,2,1,6,2,51,8,2498,1,16,9,3
2014350065714,1,9,0,18,0,0,2,0,1,9,0,1,6,2,50,8,998,1,12,6,2
2014350065814,1,9,0,18,0,0,0,0,0,0,1,1,6,1,31,6,1686,2,-1,7,1
2014350065814,2,9,0,4,0,0,0,0,0,0,2,1,6,1,45,7,1968,2,-1,9,3
2014350065914,1,9,0,18,0,0,0,0,0,6,1,1,6,1,22,5,1596,1,9,7,1
2014350065914,2,19,4,18,0,0,0,0,0,0,2,1,6,1,45,7,-1,-1,-1,-1,-1
2014350066014,1,9,0,9,0,2,0,0,0,0,1,1,6,1,52,8,1799,1,5,-1,-1
2014350066014,2,8,0,18,0,8,0,0,0,0,1,1,1,1,33,6,1910,2,9,2,1
2014350066114,1,9,0,4,0,0,1,0,0,0,1,1,6,2,22,5,1341,1,12,9,3
2014350066114,2,9,0,3,0,0,0,0,0,0,2,1,6,2,34,6,1968,2,2,10,2
2014350066214,1,2,0,18,0,1,2,0,0,0,1,1,2,1,18,4,49,1,3,9,3
2014350066214,2,9,0,4,0,1,0,0,0,0,2,1,2,1,33,6,1798,1,4,3,3
2014350066314,1,19,0,18,0,0,0,0,0,0,1,1,6,1,31,6,1870,2,10,9,3
2014350066314,2,9,0,18,0,0,0,0,0,0,2,1,6,1,24,5,-1,-1,-1,5,3
2014350066414,1,5,0,16,0,8,1,0,7,9,1,1,6,1,44,7,999,1,7,6,2
2014350066514,1,5,0,16,0,0,1,0,7,4,3,1,6,1,22,5,471,1,-1,10,1
2014350066614,1,9,4,18,0,6,2,0,0,0,4,1,6,1,46,8,2495,2,13,10,3
2014350066614,2,9,0,18,0,8,1,0,0,0,1,1,6,2,38,7,1753,2,7,9,2
2014350066714,1,9,0,9,0,6,0,0,7,0,4,1,6,2,53,8,1896,2,12,8,2
2014350066714,2,9,0,18,0,1,0,0,7,0,1,1,6,2,86,11,1360,1,3,10,3
2014350066814,1,9,0,13,0,0,0,0,0,0,3,1,6,1,57,9,1968,2,-1,6,2
2014350066814,2,5,0,13,0,0,2,0,1,9,4,1,1,1,45,7,1100,1,18,5,3
2014350066914,1,9,0,18,0,6,0,0,0,0,1,1,1,1,20,4,2429,1,9,8,3
2014350067014,1,9,0,4,0,0,0,0,0,0,1,1,2,1,47,8,-1,-1,-1,9,1
2014350067014,2,9,0,4,0,0,0,0,0,0,2,1,6,2,47,8,1598,1,7,9,3
2014350067014,3,9,0,4,0,0,0,0,0,0,2,1,2,2,50,8,1390,1,2,10,1
2014350067114,1,9,0,18,0,1,0,0,1,0,1,1,1,1,59,9,1968,2,8,9,2
2014350067114,2,9,0,10,0,1,0,0,0,0,2,1,1,1,42,7,-1,-1,-1,-1,-1
2014350067214,1,9,0,13,0,0,0,0,0,0,0,1,6,1,-1,-1,-1,-1,-1,-1,-1
2014350067214,2,9,0,18,0,0,1,0,7,0,0,1,2,1,50,8,1242,1,14,6,3
2014350067314,1,1,0,18,0,0,0,0,0,0,1,1,6,2,43,7,-1,-1,-1,5,2
2014350067314,2,19,0,2,0,0,0,0,0,0,2,1,1,1,-1,-1,-1,-1,-1,3,1
2014350067414,1,9,0,5,0,4,0,0,0,0,1,1,6,1,33,6,-1,-1,-1,3,1
2014350067514,1,9,0,4,0,0,1,0,0,0,1,1,6,1,29,6,1598,1,13,7,1
2014350067514,2,9,0,4,0,0,1,0,0,0,2,1,6,1,28,6,1598,1,13,3,1
2014350067514,3,9,0,4,0,0,1,0,0,6,1,1,6,1,66,10,3059,2,19,7,1
2014350067514,4,9,0,4,0,0,0,0,0,6,2,1,6,1,25,5,-1,-1,-1,10,3
2014350067514,5,9,0,4,0,0,0,0,0,0,1,1,6,1,48,8,1984,1,6,4,1
2014350067514,6,9,0,4,0,0,0,0,0,0,2,1,6,1,54,8,1595,1,1,10,1
2014350067614,1,9,0,18,0,7,0,0,0,0,1,1,6,2,29,6,1794,1,7,6,1
2014350067614,2,9,0,4,0,7,0,0,0,0,2,1,6,2,54,8,1339,1,5,1,1
2014350067714,1,1,0,18,0,8,5,0,0,0,3,1,6,1,28,6,-1,-1,-1,-1,1
2014350067714,2,1,0,18,0,8,5,0,0,0,1,1,6,2,31,6,-1,-1,-1,-1,1
2014350067814,1,5,0,5,0,0,0,0,0,0,0,1,6,1,46,8,899,1,16,10,1
2014350068014,1,1,0,16,0,1,0,0,0,0,3,1,6,1,-1,-1,-1,-1,-1,-1,-1
2014350068014,2,21,0,11,0,1,0,0,0,0,4,1,1,3,-1,-1,-1,-1,-1,-1,-1
2014350068214,1,9,0,2,0,0,0,0,0,0,3,1,6,1,70,10,1796,1,11,3,1
2014350068214,2,1,0,14,0,0,0,8,0,0,4,1,6,2,51,8,-1,-1,-1,5,1
2014350068314,1,5,0,16,0,0,0,0,7,9,1,1,6,1,50,8,1170,1,1,9,2
2014350068414,1,9,0,7,0,1,0,0,0,0,1,1,6,3,-1,-1,-1,-1,-1,-1,-1
2014350068414,2,1,0,17,0,8,0,0,0,0,3,1,6,1,49,8,-1,-1,-1,10,2
2014350068514,1,9,0,13,0,0,0,0,1,4,4,1,6,1,24,5,1796,1,15,6,1
2014350068614,1,19,0,18,0,0,0,0,0,0,1,1,1,1,35,6,-1,-1,-1,-1,-1
2014350068614,2,3,0,4,0,0,0,0,0,0,2,1,6,2,20,4,125,1,3,-1,3
2014350068614,3,9,0,4,0,0,0,0,0,0,2,1,6,2,24,5,998,1,9,8,1
2014350068714,1,1,0,18,4,1,0,0,0,0,1,1,2,1,43,7,-1,-1,-1,-1,-1
2014350068714,2,9,0,5,4,1,0,0,0,0,1,1,6,2,39,7,-1,-1,-1,5,1
2014350068814,1,9,0,4,0,0,0,0,0,0,1,1,2,1,31,6,998,1,11,4,1
2014350068814,2,9,0,4,0,0,0,0,0,0,2,1,2,1,25,5,1242,1,5,7,1
2014350068914,1,9,0,5,0,1,0,0,0,0,1,1,6,1,70,10,1560,2,1,-1,3
2014350068914,2,9,0,3,0,1,0,0,0,0,2,1,6,2,32,6,-1,-1,-1,6,1
2014350069014,1,21,1,18,0,1,1,0,0,0,1,1,1,1,44,7,11705,2,2,2,1
2014350069014,2,21,1,4,0,1,0,0,0,0,2,1,1,1,62,9,12900,2,5,6,2
2014350069114,1,9,0,16,0,0,0,0,7,9,4,1,6,1,20,4,1124,1,13,7,3
2014350069214,1,19,0,18,0,1,0,0,0,0,1,1,6,1,-1,-1,2148,2,4,4,3
2014350069214,2,9,0,3,0,1,0,0,0,0,2,1,6,2,45,7,998,1,-1,4,1
2014350069314,1,19,0,11,0,4,0,0,0,0,4,1,6,3,-1,-1,2287,2,1,-1,-1
2014350069314,2,1,0,18,0,4,0,0,0,0,3,1,6,1,48,8,-1,-1,-1,-1,3
2014350069414,1,9,0,18,0,0,1,0,0,7,1,1,6,1,21,5,1968,2,11,3,1
2014350069514,1,1,0,18,0,8,0,0,0,0,1,1,6,1,13,3,-1,-1,-1,6,1
2014350069514,2,9,0,4,0,8,0,0,0,0,4,1,6,2,-1,-1,-1,-1,-1,4,1
2014350069614,1,1,0,5,0,6,0,0,0,0,1,1,6,1,27,6,-1,-1,-1,-1,-1
2014350069614,2,9,0,18,0,8,0,0,0,0,3,1,6,2,24,5,1242,1,13,10,1
2014350069714,1,9,0,18,0,0,0,0,0,0,1,1,6,1,36,7,2993,2,6,2,1
2014350069914,1,5,0,4,0,0,1,0,0,0,1,1,6,1,44,7,750,1,8,9,2
2014350069914,2,9,0,18,0,0,0,0,0,0,2,1,6,2,42,7,1598,1,14,9,3
2014350070014,1,9,0,14,0,0,0,0,0,0,1,1,6,3,-1,-1,-1,-1,-1,-1,-1
2014350070014,2,19,0,2,0,0,0,0,0,0,2,1,1,1,42,7,2496,2,22,2,1
2014350070114,1,9,0,18,0,0,1,10,0,0,4,1,6,2,70,10,-1,-1,-1,10,1
2014350070114,2,1,0,18,0,0,0,0,0,0,1,1,6,2,5,1,-1,-1,-1,9,3
2014350070314,1,9,0,17,0,0,5,0,0,0,1,1,6,1,23,5,1896,2,7,4,1
2014350070414,1,3,0,18,0,0,2,0,0,0,0,1,6,1,25,5,124,1,14,-1,-1
2014350070514,1,9,0,18,0,1,0,0,0,0,1,1,6,1,21,5,1984,1,13,9,3
2014350070514,2,1,0,3,0,1,0,0,0,0,2,1,6,1,56,9,-1,-1,-1,7,1
2014350070614,1,9,4,4,0,1,1,0,0,0,1,1,1,1,73,10,-1,-1,-1,9,1
2014350070614,2,9,0,4,0,1,0,0,0,0,2,1,1,2,38,7,1422,2,6,-1,2
2014350070714,1,9,0,4,0,1,1,0,0,0,1,1,6,1,43,7,1596,1,13,2,1
2014350070714,2,1,0,12,0,8,0,0,0,0,3,1,6,2,34,6,-1,-1,-1,2,1
2014350070814,1,9,0,18,0,3,1,0,1,4,1,1,6,1,31,6,1995,2,8,8,1
2014350070914,1,1,0,5,4,8,0,0,0,0,1,1,1,1,22,5,-1,-1,-1,-1,3
2014350070914,2,9,0,9,0,5,0,0,0,0,1,1,6,1,-1,-1,-1,-1,-1,-1,-1
2014350071014,1,2,0,18,0,1,1,0,0,0,1,1,6,2,23,5,49,1,5,8,3
2014350071114,1,9,0,14,0,8,0,0,0,0,1,1,6,1,21,5,999,1,18,1,1
2014350071214,1,2,0,9,0,3,2,0,0,0,4,1,1,1,21,5,-1,-1,-1,10,1
2014350071314,1,9,0,18,0,0,1,0,1,10,0,1,6,1,26,6,1396,1,12,9,1
2014350071414,1,9,0,18,0,0,0,12,0,0,1,1,6,1,17,4,1229,1,1,8,2
2014350071514,1,9,0,16,0,0,5,0,7,9,0,1,1,1,21,5,1388,1,11,-1,2
2014350071614,1,5,0,4,0,0,1,0,1,6,3,1,6,1,57,9,1299,1,11,7,3
2014350071714,1,9,0,18,0,0,0,0,0,0,1,1,6,2,48,8,2979,1,11,4,1
2014350072014,1,9,0,13,0,8,0,0,0,0,1,1,2,1,49,8,2967,2,1,-1,-1
2014350072014,2,9,0,9,0,6,0,0,1,9,1,1,2,2,33,6,1840,1,14,8,2
2014350072114,1,9,0,5,0,6,0,0,0,0,1,1,6,2,-1,-1,-1,-1,-1,8,1
2014350072114,2,1,0,18,0,8,0,0,0,0,1,1,6,1,47,8,-1,-1,-1,1,1
2014350072214,1,9,0,5,0,6,0,0,0,0,4,1,6,2,54,8,1984,1,9,5,3
2014350072214,2,3,0,18,0,8,0,0,0,0,1,1,6,1,49,8,-1,-1,-1,7,2
2014350072414,1,9,0,18,0,1,0,0,0,0,1,1,2,2,35,6,1124,1,10,9,1
2014350072414,2,9,0,3,0,1,0,0,0,0,2,1,2,2,35,6,998,1,12,6,1
2014350072514,1,9,4,18,0,0,1,0,0,0,1,1,1,1,47,8,-1,-1,-1,1,1
2014350072514,2,9,0,18,0,0,0,0,0,0,2,1,2,2,30,6,2000,1,5,7,3
2014350072614,1,8,0,18,0,1,0,0,0,0,1,1,6,1,40,7,2231,2,8,3,1
2014350072614,2,9,0,3,0,1,0,0,0,0,2,1,6,2,32,6,998,1,7,10,1
2014350072714,1,9,0,5,0,6,0,0,0,0,1,1,6,2,59,9,1360,1,8,2,1
2014350072814,1,2,0,18,0,4,5,0,0,0,4,1,6,1,18,4,49,1,4,9,2
2014350072914,1,9,0,16,0,0,1,0,0,0,2,1,6,1,31,6,998,1,8,10,3
2014350072914,2,19,0,17,0,0,0,0,0,0,1,1,1,1,64,9,2198,2,4,-1,-1
2014350073014,1,8,0,17,0,8,0,0,0,0,1,1,1,1,65,9,-1,-1,-1,-1,-1
2014350073014,2,1,0,10,0,1,0,0,0,0,1,1,1,2,48,8,-1,-1,-1,9,3
2014350073114,1,9,0,17,0,0,1,0,7,9,2,1,6,1,50,8,1998,2,11,4,2
2014350073214,1,9,0,18,0,8,0,0,0,0,1,1,6,1,43,7,1988,2,8,10,1
2014350073214,2,2,0,9,0,6,0,0,0,0,1,1,6,1,16,4,49,1,6,3,1
2014350073314,1,20,0,16,0,0,0,0,0,0,0,1,6,1,-1,-1,4580,2,5,-1,-1
2014350073314,2,9,0,17,0,0,0,0,0,0,2,1,6,1,42,7,-1,-1,-1,10,1
2014350073314,3,9,0,17,0,0,0,0,0,0,1,1,6,1,41,7,1598,1,14,6,1
2014350073414,1,19,0,7,0,5,0,0,0,0,4,1,6,1,-1,-1,2402,2,3,-1,-1
2014350073414,2,1,0,7,0,5,0,10,0,0,3,1,1,1,23,5,-1,-1,-1,6,1
2014350073514,1,9,0,4,0,1,0,0,0,0,1,1,6,1,52,8,1360,1,16,1,1
2014350073514,2,9,0,3,0,1,0,0,0,0,2,1,6,1,40,7,-1,-1,-1,6,1
2014350073614,1,1,0,9,0,5,0,0,0,0,4,1,6,1,24,5,-1,-1,-1,4,1
2014350073614,2,8,0,18,0,8,0,0,0,0,1,1,1,1,40,7,1995,2,10,2,1
2014350073714,1,9,0,18,0,1,0,0,0,0,1,1,6,1,60,9,2494,1,8,9,3
2014350073714,2,2,0,3,0,1,0,0,0,0,2,1,6,1,16,4,49,1,9,5,1
2014350073814,1,9,0,18,0,0,0,12,0,0,1,1,6,2,35,6,1339,1,5,8,2
2014350073814,2,2,0,4,0,0,5,12,0,0,1,1,6,1,16,4,50,1,6,3,1
2014350073914,1,9,0,9,0,6,0,0,0,0,0,1,6,2,31,6,1753,2,7,4,1
2014350073914,2,9,0,18,0,1,0,0,0,0,0,1,6,1,-1,-1,1587,1,19,-1,1
2014350074014,1,3,0,18,0,0,1,12,0,0,0,1,6,1,18,4,124,1,14,4,1
2014350074114,1,9,0,17,0,1,0,0,1,9,1,1,1,2,22,5,1896,2,12,7,1
2014350074314,1,9,0,18,0,0,0,7,0,0,1,1,6,2,54,8,1796,1,7,8,1
2014350074414,1,3,0,16,0,2,0,0,7,5,3,1,2,1,23,5,125,1,2,2,1
2014350074514,1,9,0,8,0,1,0,0,0,0,1,1,6,2,38,7,1598,1,6,10,1
2014350074514,2,1,0,18,4,8,0,0,1,0,4,1,6,1,48,8,-1,-1,-1,-1,1
2014350074614,1,9,0,9,0,1,0,0,0,0,4,1,2,2,33,6,1997,2,5,7,2
2014350074714,1,9,0,3,0,2,0,0,0,0,3,1,1,2,48,8,1956,2,4,9,2
2014350074714,2,1,0,18,0,2,0,8,0,0,4,1,6,2,17,4,-1,-1,-1,5,1
2014350074814,1,1,0,4,0,0,0,10,0,0,3,1,1,2,29,6,-1,-1,-1,8,1
2014350074814,2,9,0,18,0,0,0,0,0,0,3,1,1,1,40,7,1560,2,4,-1,-1
2014350074914,1,9,0,18,9,6,0,0,0,0,1,1,6,2,58,9,1390,1,2,10,2
2014350074914,2,1,0,18,9,8,0,0,0,0,1,1,6,1,7,2,-1,-1,-1,10,2
2014350075014,1,9,0,18,0,1,0,0,0,0,1,1,6,1,19,4,1896,2,8,8,1
2014350075014,2,9,0,4,0,1,0,0,0,0,2,1,6,1,25,5,1968,2,3,6,3
2014350075114,1,9,0,7,0,6,0,0,0,0,1,1,1,1,53,8,2401,2,8,10,1
2014350075114,2,5,0,3,0,1,0,0,0,0,4,1,6,1,68,10,599,1,16,9,2
2014350075214,1,3,0,16,0,0,1,0,0,0,0,1,6,1,31,6,124,1,-1,6,1
2014350075214,2,9,0,14,0,0,0,0,0,0,0,1,6,2,48,8,1796,1,10,6,1
2014350075314,1,9,0,18,0,1,0,0,0,0,1,1,6,1,20,4,1796,1,6,-1,-1
2014350075314,2,9,0,3,0,1,0,0,0,0,2,1,6,1,50,8,1870,2,16,1,1
2014350075414,1,9,0,5,0,1,0,0,0,0,2,1,6,2,-1,-1,1390,1,3,5,1
2014350075414,2,9,0,3,0,1,0,0,0,0,3,1,6,2,33,6,1596,1,5,10,1
2014350075514,1,9,0,4,0,0,0,0,0,0,1,1,2,1,41,7,2290,1,16,4,1
2014350075514,2,9,0,3,0,0,0,0,0,0,2,1,1,1,37,7,3800,1,2,6,3
2014350075514,3,9,0,3,0,0,0,0,0,0,2,1,2,2,41,7,1598,1,1,8,3
2014350075614,1,2,0,17,0,0,0,0,0,0,1,1,6,1,19,4,50,1,-1,3,1
2014350075614,2,9,0,2,0,0,0,0,0,0,4,1,6,3,-1,-1,1998,1,11,3,1
2014350075714,1,9,0,15,0,0,0,0,0,0,1,1,2,1,60,9,1600,1,3,10,1
2014350075714,2,20,0,2,0,0,0,0,0,0,2,1,1,1,44,7,2998,2,6,2,1
2014350075814,1,9,0,9,0,5,0,0,0,0,4,1,2,1,22,5,1396,1,12,6,3
2014350075814,2,1,0,18,4,8,1,0,1,0,1,1,2,1,33,6,-1,-1,-1,10,2
2014350075914,1,19,0,18,0,0,2,0,1,1,1,1,6,1,19,4,2402,2,3,2,1
2014350075914,2,21,1,18,0,0,0,0,0,0,1,1,1,1,32,6,12580,2,8,10,3
2014350076014,1,9,0,16,0,0,1,0,7,10,2,1,6,1,50,8,2793,1,15,3,1
2014350076114,1,9,0,4,0,1,0,0,0,0,1,1,6,1,22,5,1149,1,13,10,1
2014350076114,2,9,0,10,0,1,0,0,0,0,2,1,6,1,51,8,1997,2,13,-1,1
2014350076214,1,9,0,17,0,0,1,0,0,0,0,1,1,1,20,4,1124,1,12,10,1
2014350076214,2,9,0,16,0,0,0,0,1,4,1,1,1,1,50,8,1997,2,13,-1,-1
2014350076314,1,9,0,9,0,6,0,0,0,0,3,1,1,2,50,8,998,1,12,6,2
2014350076314,2,9,4,18,0,8,0,0,0,0,1,1,1,1,58,9,2495,2,18,6,3
2014350076414,1,21,1,12,0,0,0,0,0,0,3,2,1,1,35,6,-1,-1,-1,-1,-1
2014350076414,2,9,0,13,0,0,0,0,0,0,2,1,2,1,64,9,1798,1,8,10,2
2014350076514,1,9,0,16,0,0,2,0,7,9,1,1,6,1,41,7,2995,1,4,9,3
2014350076614,1,9,0,18,0,4,0,0,0,0,3,1,6,1,35,6,-1,-1,-1,9,1
2014350076614,2,5,0,7,0,8,0,0,0,0,1,1,6,1,49,8,916,1,17,10,2
2014350076714,1,9,0,18,0,4,2,0,7,7,1,1,6,1,34,6,1910,2,8,9,2
2014350076814,1,9,0,18,0,0,0,0,0,0,3,1,6,1,20,4,-1,-1,-1,9,1
2014350076914,1,9,0,16,0,0,1,0,7,9,4,1,6,2,57,9,1598,1,12,3,1
2014350077014,1,9,0,18,6,0,1,0,1,0,0,1,6,2,28,6,1598,1,10,6,2
2014350077114,1,9,0,18,0,1,0,0,0,0,1,1,6,1,30,6,1769,1,9,1,1
2014350077114,2,9,0,5,0,1,0,0,0,0,2,1,2,2,29,6,1596,1,11,2,1
2014350077214,1,9,0,16,0,0,0,0,7,9,1,1,2,2,40,7,1398,2,6,9,3
2014350077314,1,9,0,18,0,8,0,0,0,1,1,1,6,2,34,6,2230,1,8,10,2
2014350077414,1,9,0,18,0,8,0,0,0,0,1,1,6,2,81,11,1781,1,21,8,1
2014350077414,2,9,0,9,0,6,0,0,0,0,3,1,6,2,57,9,1596,1,11,10,2
2014350077514,1,9,0,18,0,3,0,0,0,0,1,1,6,1,21,5,1910,2,9,4,1
2014350077614,1,9,0,18,0,0,0,0,5,4,1,1,6,1,39,7,1598,2,3,4,1
2014350077714,1,9,0,18,0,1,0,0,0,0,1,1,6,2,42,7,1598,1,4,2,1
2014350077714,2,9,0,10,0,1,0,0,0,0,2,1,6,2,31,6,1242,1,2,5,1
2014350077814,1,90,4,13,0,0,0,0,0,0,1,1,6,3,-1,-1,-1,-1,-1,-1,-1
2014350077814,2,1,0,18,0,0,5,0,0,0,3,1,6,2,19,4,-1,-1,-1,7,1
2014350077914,1,9,0,9,0,6,1,0,1,4,1,1,6,1,25,5,1990,1,13,6,3
2014350078014,1,9,0,4,0,0,0,0,0,0,1,1,1,1,29,6,1968,2,1,-1,1
2014350078014,2,9,0,18,0,0,0,0,0,0,2,1,6,2,48,8,2143,2,3,10,1
2014350078114,1,8,0,18,0,8,0,0,1,0,3,1,1,1,31,6,1997,2,9,2,1
2014350078114,2,9,0,18,0,8,0,0,0,0,1,1,6,1,22,5,995,1,8,-1,1
2014350078314,1,9,0,7,0,6,0,0,0,0,1,1,6,2,32,6,1686,2,4,5,1
2014350078314,2,1,0,18,0,8,0,0,0,0,4,1,6,1,22,5,-1,-1,-1,3,1
2014350078414,1,19,0,18,0,0,2,0,0,0,1,1,1,1,53,8,1995,2,5,8,2
2014350078414,2,9,4,4,0,0,0,0,0,0,2,1,1,1,44,7,-1,-1,-1,-1,-1
2014350078414,3,9,0,4,0,0,0,0,0,0,2,1,6,2,52,8,1998,2,9,9,2
2014350078414,4,19,0,4,0,0,0,0,0,0,2,1,1,1,22,5,2198,2,1,5,1
2014350078414,5,19,0,4,0,0,0,0,0,0,2,1,1,1,31,6,2800,2,9,1,1
2014350078514,1,9,0,18,0,0,1,4,1,4,1,1,6,1,23,5,1598,1,15,7,1
2014350078514,2,9,0,2,0,0,0,0,0,0,1,1,6,3,-1,-1,1998,2,8,9,1
2014350078614,1,9,0,18,9,0,0,0,0,0,1,1,6,1,30,6,1796,1,10,2,1
2014350078614,2,1,0,18,9,0,0,0,0,0,1,1,2,1,43,7,-1,-1,-1,2,1
2014350078714,1,9,0,9,0,5,0,0,0,0,1,1,6,1,53,8,1296,1,19,7,1
2014350078714,2,19,0,18,0,8,0,0,0,0,1,1,6,1,48,8,2874,2,15,5,2
2014350078814,1,9,0,9,0,0,0,0,0,0,3,1,6,2,32,6,1360,1,10,8,1
2014350078814,2,5,0,13,0,0,0,0,0,0,1,1,6,1,52,8,1157,1,9,7,3
2014350078914,1,19,0,13,0,1,0,0,0,0,1,1,1,1,37,7,2496,2,21,10,2
2014350078914,2,9,0,9,0,8,0,0,0,0,3,1,2,2,26,6,1686,2,1,1,1
2014350079014,1,9,0,9,0,5,0,0,0,0,1,1,6,1,35,6,-1,-1,-1,5,1
2014350079014,2,1,0,18,0,8,0,0,0,0,1,1,6,2,55,8,-1,-1,-1,-1,1
2014350079114,1,9,0,14,0,2,0,0,0,0,4,1,6,2,81,11,1589,1,19,9,1
2014350079114,2,9,0,2,0,1,0,0,0,0,4,1,3,2,52,8,1995,2,3,5,1
2014350079314,1,1,0,11,0,0,0,0,0,0,3,1,2,1,47,8,-1,-1,-1,6,1
2014350079314,2,11,0,18,0,0,0,0,0,0,1,1,1,1,41,7,6700,2,4,3,1