Accident_Index,Vehicle_Reference,Vehicle_Type,Towing_and_Articulation,Vehicle_Manoeuvre,Vehicle_Location-Restricted_Lane,Junction_Location,Skidding_and_Overturning,Hit_Object_in_Carriageway,Vehicle_Leaving_Carriageway,Hit_Object_off_Carriageway,1st_Point_of_Impact,Was_Vehicle_Left_Hand_Drive?,Journey_Purpose_of_Driver,Sex_of_Driver,Age_of_Driver,Age_Band_of_Driver,Engine_Capacity_(CC),Propulsion_Code,Age_of_Vehicle,Driver_IMD_Decile,Driver_Home_Area_Type
2014350096514,1,9,0,17,0,0,2,0,1,0,4,1,2,1,50,8,-1,-1,-1,7,2
2014350096614,1,9,0,18,0,0,0,10,1,9,1,1,2,1,58,9,1461,2,6,-1,2
2014350096714,1,9,0,16,0,0,0,0,7,4,3,1,6,1,28,6,2389,1,19,5,3
2014350096814,1,9,0,18,0,0,0,0,0,0,1,1,6,2,18,4,1598,1,11,10,1
2014350096914,1,9,0,18,0,0,0,0,0,0,1,1,6,3,-1,-1,-1,-1,-1,-1,-1
2014350097014,1,9,0,5,0,4,0,0,0,0,1,1,6,3,-1,-1,796,1,13,4,1
2014350097014,2,1,0,18,0,8,0,0,0,0,4,1,6,1,41,7,-1,-1,-1,6,1
2014350097114,1,9,0,18,0,6,0,0,0,0,1,1,6,1,74,10,-1,-1,-1,8,3
2014350097114,2,9,0,18,0,8,0,0,0,0,1,1,6,2,71,10,1389,1,17,8,3
2014350097214,1,8,0,7,0,6,0,0,0,0,1,1,1,1,28,6,1598,2,4,3,1
2014350097214,2,1,0,18,0,8,0,0,0,0,2,1,6,2,28,6,-1,-1,-1,5,1
2014350097314,1,9,0,7,0,6,0,0,0,0,1,1,6,1,79,11,2148,2,9,-1,-1
2014350097414,1,9,0,9,0,5,0,0,0,0,1,1,6,1,20,4,1910,2,8,3,1
2014350097414,2,9,0,18,0,8,0,0,0,0,3,1,6,1,31,6,1229,1,2,8,3
2014350097514,1,9,0,13,0,0,2,0,7,0,1,1,6,1,28,6,1998,1,14,5,1
2014350097614,1,1,0,14,0,3,0,8,0,0,4,1,1,1,38,7,-1,-1,-1,7,1
2014350097614,2,9,0,2,0,2,0,0,0,0,3,1,6,1,-1,-1,2996,1,8,9,3
2014350097714,1,9,0,4,0,0,2,0,0,0,3,1,6,1,48,8,2204,2,6,7,3
2014350097714,2,9,0,4,0,0,0,0,0,0,4,1,6,1,51,8,1900,2,8,10,2
2014350097714,3,9,0,4,0,0,0,0,0,0,3,1,6,2,28,6,1390,1,7,-1,1
2014350097714,4,9,0,4,0,0,0,0,0,0,1,1,6,1,65,9,505,1,10,6,1
2014350097714,5,9,0,4,0,0,0,0,0,0,1,1,6,1,47,8,2500,6,15,9,2
2014350097714,6,9,0,4,0,0,0,0,0,0,2,1,6,1,36,7,1598,2,-1,9,2
2014350098014,1,9,0,18,0,0,0,0,0,0,1,1,6,1,40,7,1199,1,10,1,1
2014350098014,2,9,0,3,0,0,0,0,0,0,2,1,6,2,22,5,1197,1,2,5,3
2014350098114,1,9,0,16,0,2,0,10,8,2,1,1,6,2,21,5,1781,6,17,-1,-1
2014350098214,1,3,0,17,0,0,0,0,1,0,3,1,6,1,39,7,125,1,1,9,2
2014350098314,1,9,0,17,0,0,0,0,7,10,1,1,6,1,22,5,1360,1,11,6,1
2014350098314,2,19,0,16,0,0,0,0,0,0,1,1,1,1,35,6,1997,2,10,8,2
2014350098414,1,9,0,9,0,6,0,0,0,0,1,1,1,1,57,9,2199,2,2,5,1
2014350098414,2,9,0,18,0,1,1,0,0,0,4,1,1,2,35,6,1984,1,12,4,1
2014350098514,1,19,0,16,0,0,1,10,1,4,1,1,1,1,53,8,1870,2,8,1,1
2014350098614,1,9,0,5,0,0,0,0,0,0,1,1,6,2,48,8,1461,2,-1,9,2
2014350098614,2,9,0,3,0,0,0,0,0,0,2,1,6,2,39,7,1995,2,11,3,1
2014350098714,1,9,0,18,0,0,0,0,0,0,4,1,6,2,42,7,1461,2,11,4,1
2014350098814,1,9,0,2,0,2,0,0,0,0,3,1,6,1,28,6,1781,1,13,6,2
2014350098814,2,9,0,14,0,2,0,0,0,0,1,1,6,1,47,8,1998,2,9,6,2
2014350098814,3,9,0,18,0,1,0,0,0,0,1,1,6,2,18,4,1149,1,11,6,2
2014350098914,1,9,0,7,0,6,0,0,0,0,1,1,6,1,87,11,2497,1,12,-1,1
2014350098914,2,1,0,18,0,8,0,0,0,0,4,1,6,2,36,7,-1,-1,-1,7,3
2014350099014,1,9,0,18,0,8,0,0,0,0,1,1,6,1,21,5,-1,-1,-1,6,1
2014350099014,2,9,0,9,0,6,0,0,0,0,4,1,6,1,33,6,999,1,15,6,1
2014350099014,3,9,0,2,0,8,0,0,0,0,4,1,6,1,20,4,1587,1,12,5,1
2014350099014,4,9,0,2,0,2,0,0,0,0,3,1,6,2,20,4,1388,1,6,10,1
2014350099114,1,9,0,13,0,0,0,0,0,0,4,1,6,3,-1,-1,-1,-1,-1,-1,-1
2014350099114,2,1,0,18,0,0,0,0,0,0,1,1,6,2,65,9,-1,-1,-1,5,1
2014350099214,1,9,0,18,0,0,0,0,0,0,1,1,6,1,-1,-1,1796,1,13,-1,-1
2014350099214,2,9,0,4,0,0,0,0,0,0,2,1,2,1,44,7,1968,2,1,-1,1
2014350099314,1,9,0,9,0,5,0,0,0,0,1,1,6,1,29,6,1895,1,15,2,1
2014350099414,1,9,0,4,0,0,0,0,0,0,1,1,6,1,31,6,2198,2,8,7,1
2014350099414,2,9,0,3,0,0,0,0,0,0,2,1,1,1,60,9,-1,-1,-1,3,1
2014350099414,3,9,0,3,0,0,0,0,0,0,2,1,1,2,21,5,1995,2,-1,-1,-1
2014350099514,1,9,0,2,6,2,0,0,0,0,3,1,3,2,36,7,1397,1,6,4,3
2014350099514,2,1,0,14,0,2,0,8,0,0,4,1,6,1,58,9,-1,-1,-1,3,1
2014350099614,1,5,0,7,0,6,5,0,0,0,1,1,6,1,50,8,499,1,4,10,2
2014350099614,2,9,0,18,0,8,1,0,1,0,4,1,6,2,19,4,1242,1,4,9,3
2014350099714,1,21,0,12,0,0,0,0,0,0,3,2,1,1,27,6,-1,-1,-1,-1,-1
2014350099714,2,9,0,18,0,0,2,0,0,0,1,1,6,1,27,6,1598,1,18,-1,-1
2014350099814,1,9,0,18,0,0,0,0,1,9,1,1,6,2,22,5,1199,1,11,7,2
2014350099914,1,9,0,12,0,0,0,0,5,0,4,1,6,2,20,4,1587,1,9,8,1
2014350100014,1,9,0,18,0,1,2,7,0,7,1,1,6,1,65,9,2179,2,3,-1,-1
2014350100014,2,9,0,18,0,1,1,0,0,0,4,1,6,1,19,4,1198,1,10,-1,-1
2014350100114,1,9,0,5,0,4,0,0,0,0,1,1,2,1,36,7,2198,1,9,2,1
2014350100114,2,1,0,18,0,8,0,0,0,0,2,1,2,1,44,7,-1,-1,-1,6,2
2014350100214,1,8,0,1,0,0,0,0,0,0,2,1,6,2,50,8,1997,2,2,-1,-1
2014350100214,2,1,0,18,0,0,0,0,0,0,1,1,6,2,33,6,-1,-1,-1,8,1
2014350100314,1,9,0,7,0,3,0,0,0,0,1,1,6,1,25,5,1598,1,7,-1,3
2014350100314,2,1,0,18,4,8,0,0,0,0,1,1,2,2,35,6,-1,-1,-1,7,1
2014350100414,1,9,0,2,0,2,0,0,0,0,3,1,6,2,18,4,998,1,13,9,3
2014350100414,2,1,0,14,0,2,0,8,0,0,1,1,6,1,32,6,-1,-1,-1,-1,-1
2014350100514,1,8,0,13,0,2,0,0,0,0,0,1,6,1,35,6,-1,-1,-1,-1,-1
2014350100514,2,1,0,7,0,2,0,0,0,0,0,1,6,1,46,8,-1,-1,-1,3,1
2014350100614,1,19,0,5,0,6,0,0,0,0,1,1,6,1,45,7,-1,-1,-1,9,3
2014350100614,2,9,0,18,0,8,0,0,0,0,3,1,1,1,60,9,1796,1,14,4,1
2014350100714,1,1,0,18,0,0,0,0,0,0,2,1,6,2,11,3,-1,-1,-1,3,1
2014350100714,2,9,0,18,0,0,0,0,0,0,1,1,6,1,-1,-1,-1,-1,-1,-1,-1
2014350100914,1,9,0,6,0,6,0,0,0,0,1,1,6,2,50,8,1991,2,8,5,1
2014350100914,2,9,0,18,0,8,0,0,0,0,4,1,6,1,44,7,1796,1,14,5,1
2014350101014,1,9,0,18,0,6,0,4,0,0,1,1,6,1,88,11,1781,1,17,10,1
2014350101014,2,9,0,2,0,2,0,0,0,0,4,1,6,3,-1,-1,1560,2,7,4,1
2014350101014,3,9,0,2,0,2,0,0,0,0,1,1,6,3,-1,-1,-1,-1,-1,9,3
2014350101114,1,8,0,9,0,5,0,0,0,0,1,1,1,1,68,10,-1,-1,-1,8,1
2014350101114,2,1,0,18,0,8,0,0,0,0,3,1,4,2,22,5,-1,-1,-1,-1,-1
2014350101214,1,5,0,17,0,0,1,0,1,9,1,1,6,1,19,4,600,1,14,4,1
2014350101314,1,9,0,17,0,0,1,0,2,0,4,1,6,1,21,5,2000,1,15,9,2
2014350101414,1,9,0,4,0,0,0,0,0,0,1,1,6,1,49,8,1998,1,16,2,1
2014350101414,2,9,0,3,0,0,0,0,0,0,2,1,6,2,27,6,1995,2,11,2,1
2014350101514,1,9,0,9,0,2,0,0,0,0,1,1,6,1,24,5,1896,2,14,2,1
2014350101614,1,90,0,18,0,0,0,0,1,4,1,1,1,1,24,5,-1,-1,-1,6,1
2014350101714,1,9,0,9,0,1,0,0,1,0,1,1,6,1,20,4,2438,1,20,-1,-1
2014350101714,2,19,0,10,0,1,0,0,1,0,2,1,1,2,46,8,1248,2,8,9,1
2014350101814,1,8,0,9,0,5,0,0,0,0,1,1,6,1,-1,-1,2148,2,5,10,1
2014350101814,2,9,0,18,0,8,0,0,0,0,1,1,2,2,63,9,1587,1,10,10,1
2014350101914,1,9,0,7,0,6,0,0,0,0,1,1,6,1,72,10,1796,1,9,10,2
2014350101914,2,1,0,9,0,5,0,0,0,0,1,1,6,2,47,8,-1,-1,-1,10,1
2014350102014,1,9,0,13,0,1,0,0,0,0,4,1,1,1,-1,-1,-1,-1,-1,7,1
2014350102014,2,1,0,18,0,1,0,0,0,0,3,1,6,1,54,8,-1,-1,-1,9,3
2014350102114,1,8,0,13,0,1,0,0,0,0,1,1,1,1,40,7,-1,-1,-1,-1,-1
2014350102114,2,1,0,9,0,1,0,0,0,0,3,1,6,1,36,7,-1,-1,-1,10,1
2014350102314,1,9,0,18,0,1,0,0,0,0,1,1,6,2,21,5,1149,1,10,9,3
2014350102314,2,3,0,8,0,1,0,0,0,0,2,1,6,1,29,6,124,1,12,6,1
2014350102414,1,9,0,4,0,0,0,0,0,0,2,1,1,2,21,5,1299,1,10,10,2
2014350102414,2,21,0,18,0,0,0,0,0,0,1,1,6,3,-1,-1,15607,2,1,-1,-1
2014350102514,1,9,0,18,0,0,0,0,0,0,1,1,6,2,43,7,1596,1,13,-1,1
2014350102514,2,9,0,4,0,0,0,0,0,0,2,1,6,1,55,8,1998,1,-1,5,1
2014350102514,3,9,0,4,0,0,0,0,0,0,2,1,6,1,52,8,1596,1,12,7,3
2014350102614,1,9,0,9,0,5,0,0,0,0,1,1,2,1,42,7,3199,1,14,9,3
2014350102614,2,1,0,18,0,8,0,0,0,0,1,1,6,1,23,5,-1,-1,-1,9,1
2014350102714,1,9,0,14,0,0,0,0,0,0,2,1,6,2,40,7,1896,2,10,-1,-1
2014350102714,2,1,0,18,0,0,0,0,0,0,1,1,6,1,27,6,-1,-1,-1,9,1
2014350102814,1,8,0,5,0,1,0,0,0,0,1,1,1,1,38,7,-1,-1,-1,1,1
2014350102814,2,9,0,4,0,1,0,0,0,0,2,1,2,2,60,9,1598,1,10,5,2
2014350102914,1,9,0,9,0,5,0,0,0,0,3,1,6,1,26,6,1956,2,1,8,1
2014350102914,2,5,0,18,0,8,0,0,1,1,3,1,6,1,52,8,-1,-1,-1,3,1
2014350103014,1,9,0,9,0,6,0,0,0,0,1,1,6,1,22,5,796,1,13,1,1
2014350103214,1,9,0,18,0,0,0,0,0,0,1,1,6,1,50,8,1598,1,4,-1,-1
2014350103214,2,9,0,4,0,0,0,0,0,0,2,1,6,1,33,6,1968,2,8,-1,3
2014350103314,1,21,0,11,0,0,0,0,0,0,4,1,1,1,49,8,10837,2,2,10,1
2014350103314,2,9,0,18,0,0,1,0,1,9,3,1,6,2,30,6,1397,1,5,2,1
2014350103414,1,9,0,17,0,0,1,0,7,4,3,1,6,1,55,8,1461,2,9,7,2
2014350103514,1,9,0,18,0,0,0,4,0,0,1,1,6,1,39,7,1582,2,-1,-1,1
2014350103514,2,9,0,2,0,0,0,0,1,0,2,1,1,1,24,5,-1,-1,-1,1,1
2014350103614,1,21,1,4,0,0,0,0,0,0,1,1,1,1,50,8,-1,-1,-1,-1,-1
2014350103614,2,20,1,4,0,0,0,0,0,0,2,1,1,1,38,7,4764,2,7,4,1
2014350103614,3,19,0,4,0,0,0,0,0,0,2,1,1,1,46,8,-1,-1,-1,5,1
2014350103614,4,19,0,4,0,0,0,0,0,0,2,1,1,1,44,7,2198,2,6,10,1
2014350103714,1,9,0,18,0,8,0,0,0,0,3,1,6,2,28,6,1596,1,16,2,1
2014350103714,2,1,0,18,0,8,0,0,0,0,1,1,6,1,32,6,-1,-1,-1,4,1
2014350103814,1,21,0,12,0,0,0,0,0,0,1,1,6,3,-1,-1,-1,-1,-1,-1,-1
2014350103814,2,9,0,18,0,0,0,0,0,0,2,1,2,2,23,5,1299,1,10,9,1
2014350103914,1,9,0,18,0,1,0,0,0,0,1,1,6,1,22,5,1598,1,12,2,1
2014350103914,2,9,0,8,0,1,0,0,0,0,2,1,6,2,32,6,1149,1,3,-1,1
2014350104014,1,9,0,18,0,6,0,0,0,0,1,1,6,2,35,6,1834,1,13,-1,-1
2014350104014,2,1,0,18,0,8,0,0,0,0,1,1,6,1,24,5,-1,-1,-1,5,1
2014350104114,1,9,0,9,0,5,0,0,0,0,4,1,6,1,18,4,1229,1,8,10,1
2014350104114,2,3,0,18,0,8,0,0,0,0,1,1,6,1,29,6,636,1,10,2,1
2014350104214,1,9,0,18,0,1,0,0,0,0,1,1,1,1,49,8,-1,-1,-1,6,1
2014350104214,2,9,0,7,0,1,0,0,0,0,2,1,6,1,41,7,1199,1,11,4,1
2014350104314,1,9,0,18,0,2,0,0,0,0,3,1,6,1,55,8,1896,2,19,-1,3
2014350104314,2,5,0,18,0,2,0,0,0,0,4,1,6,1,32,6,998,1,16,4,3
2014350104414,1,9,0,9,0,6,0,0,0,0,1,1,6,1,77,11,-1,-1,-1,9,2
2014350104414,2,5,0,18,0,8,0,0,0,0,1,1,6,1,25,5,599,1,8,5,1
2014350104514,1,9,0,4,0,1,0,0,0,0,1,1,2,2,25,5,1896,2,12,1,1
2014350104514,2,1,0,4,0,1,0,0,0,0,2,1,2,1,48,8,-1,-1,-1,2,1
2014350104614,1,9,0,9,0,6,0,0,0,0,1,1,6,2,27,6,1798,1,11,5,1
2014350104614,2,19,0,18,0,8,0,0,0,0,3,1,6,1,38,7,2370,2,22,5,1
2014350104714,1,3,0,4,0,0,0,0,0,0,1,1,2,1,18,4,125,1,19,6,1
2014350104714,2,19,0,3,0,0,0,0,0,0,2,1,1,1,46,8,-1,-1,-1,4,1
2014350104814,1,9,0,18,0,1,0,0,0,0,1,1,1,1,-1,-1,-1,-1,-1,3,1
2014350104814,2,9,0,8,0,1,0,0,0,0,2,1,6,2,32,6,1968,2,4,3,1
2014350104914,1,9,0,9,5,5,0,0,0,0,1,1,2,1,50,8,2993,2,5,6,1
2014350104914,2,1,0,18,5,8,0,0,0,0,3,1,2,2,46,8,-1,-1,-1,6,1
2014350105014,1,9,0,18,0,1,1,0,0,0,1,1,6,1,32,6,1753,2,13,4,1
2014350105014,2,9,0,9,0,5,0,0,7,4,3,1,1,2,22,5,1124,1,11,4,1
2014350105114,1,9,0,4,0,4,0,10,3,1,1,1,6,1,33,6,1598,1,13,8,1
2014350105214,1,5,0,7,0,4,0,10,8,7,1,1,6,1,60,9,675,1,6,6,2
2014350105314,1,3,0,13,0,8,0,0,0,0,1,1,6,1,19,4,124,1,1,7,1
2014350105314,2,9,0,9,0,5,0,0,0,0,3,1,2,1,46,8,1984,2,2,10,1
2014350105414,1,9,0,5,0,0,0,0,0,0,1,1,6,1,45,7,1796,1,6,-1,-1
2014350105414,2,1,0,14,0,0,0,0,0,0,1,1,6,1,14,3,-1,-1,-1,4,1
2014350105514,1,21,1,18,0,0,2,0,1,9,3,2,1,1,44,7,-1,-1,-1,-1,-1
2014350105514,2,9,0,13,0,0,0,0,0,0,4,1,1,1,44,7,1995,2,3,-1,1
2014350105614,1,9,0,18,0,0,1,0,0,0,4,1,6,2,24,5,1124,1,10,6,1
2014350105614,2,9,0,18,0,0,1,0,0,0,4,1,6,1,58,9,1240,1,9,6,3
2014350105714,1,5,0,18,0,0,2,0,1,9,1,1,6,1,58,9,647,1,12,7,2
2014350105814,1,9,0,18,0,0,0,0,0,0,1,1,6,1,55,8,-1,-1,-1,-1,-1
2014350105914,1,9,0,18,0,0,0,0,0,0,1,1,6,2,36,7,1499,2,1,9,2
2014350105914,2,9,0,3,0,0,0,0,0,0,2,1,2,2,22,5,1199,1,10,3,1
2014350106014,1,1,0,17,0,8,0,0,0,0,1,1,2,1,26,6,-1,-1,-1,4,2
2014350106014,2,8,0,7,0,5,0,0,0,0,1,1,1,1,45,7,-1,-1,-1,-1,-1
2014350106114,1,9,0,13,0,0,0,0,5,6,1,1,6,2,64,9,1242,1,5,7,1
2014350106214,1,9,0,9,0,5,0,0,0,0,1,1,1,1,33,6,1388,1,12,5,1
2014350106214,2,9,0,18,0,8,0,0,0,0,1,1,1,2,35,6,1598,1,6,-1,1
2014350106314,1,9,0,9,0,5,0,0,0,0,1,1,6,1,-1,-1,-1,-1,-1,-1,-1
2014350106314,2,1,0,18,4,8,0,0,0,0,1,1,6,1,34,6,-1,-1,-1,7,1
2014350106414,1,19,0,9,0,5,0,0,0,0,3,1,1,1,48,8,2143,2,4,4,1
2014350106414,2,9,0,5,0,6,0,0,0,0,1,1,6,1,59,9,1584,1,6,7,3
2014350106514,1,9,0,1,0,6,0,0,0,0,2,1,6,1,25,5,2987,2,7,-1,-1
2014350106514,2,9,0,18,0,8,0,0,0,0,4,1,6,2,35,6,-1,-1,-1,7,1
2014350106614,1,9,0,9,0,6,0,0,0,0,4,1,2,1,33,6,1397,1,14,-1,-1
2014350106614,2,1,0,18,0,8,0,0,0,0,1,1,2,2,28,6,-1,-1,-1,8,1
2014350106814,1,9,0,5,0,0,0,0,0,0,0,1,6,1,23,5,1242,1,13,-1,1
2014350106814,2,3,0,14,0,0,2,0,0,0,3,1,6,2,30,6,124,1,1,4,1
2014350107014,1,9,0,18,0,2,0,0,0,0,1,1,6,1,23,5,2143,2,-1,1,1
2014350107014,2,9,0,4,0,2,0,0,0,0,2,1,6,1,54,8,1590,1,10,2,1
2014350107114,1,5,0,18,0,0,0,4,0,0,4,1,2,1,23,5,599,1,16,9,1
2014350107114,2,9,0,2,0,0,0,0,0,0,3,1,6,3,-1,-1,1968,2,1,7,1
2014350107214,1,9,0,17,0,0,2,0,8,10,1,1,6,1,27,6,-1,-1,-1,5,2
2014350107314,1,5,0,11,0,0,0,0,0,0,1,1,6,1,35,6,-1,-1,-1,10,1
2014350107314,2,8,0,11,0,0,0,0,0,0,2,1,6,1,24,5,1388,1,8,10,2
2014350107414,1,21,1,18,0,1,0,0,0,0,1,1,1,1,34,6,-1,-1,-1,2,1
2014350107414,2,9,0,4,0,1,0,0,0,0,2,1,6,1,30,6,-1,-1,-1,1,1
2014350107414,3,21,1,4,0,1,0,0,0,0,2,1,1,1,53,8,9186,2,10,5,3
2014350107514,1,1,0,18,5,0,0,0,0,0,1,1,6,2,32,6,-1,-1,-1,5,1
2014350107514,2,1,0,4,5,0,0,0,0,0,2,1,6,1,33,6,-1,-1,-1,5,1
2014350107614,1,21,1,18,0,8,0,0,0,0,1,1,1,1,52,8,12900,2,2,8,1
2014350107614,2,9,0,4,0,8,0,0,0,0,2,1,1,2,41,7,1560,2,1,7,1
2014350107714,1,9,0,18,0,1,0,0,0,0,1,1,6,1,27,6,-1,-1,-1,6,3
2014350107714,2,19,0,4,0,1,0,0,0,0,2,1,6,2,58,9,-1,-1,-1,8,1
2014350107814,1,9,0,17,0,0,2,0,7,9,1,1,6,1,21,5,1997,2,15,1,1
2014350107914,1,9,0,18,0,0,0,0,0,0,0,1,6,3,-1,-1,-1,-1,-1,-1,-1
2014350107914,2,1,0,18,0,0,0,0,0,0,0,1,6,1,18,4,-1,-1,-1,10,2
2014350108014,1,5,0,11,0,0,2,0,0,0,1,1,6,1,30,6,-1,-1,-1,2,1
2014350108014,2,9,0,11,0,0,0,0,0,0,2,1,6,1,33,6,1896,2,10,8,1
2014350108114,1,9,0,5,0,6,0,0,0,0,1,1,6,1,45,7,1598,1,9,3,1
2014350108114,2,1,0,18,0,8,0,0,0,0,4,1,6,2,42,7,-1,-1,-1,3,1
2014350108214,1,9,0,18,0,8,0,0,0,0,1,1,6,1,65,9,-1,-1,-1,-1,-1
2014350108214,2,3,0,7,0,3,0,0,0,0,2,1,6,1,53,8,124,1,2,4,3
2014350108314,1,5,0,16,0,0,0,0,1,0,3,1,6,1,37,7,645,1,15,10,1
2014350108314,2,9,0,17,0,0,0,0,0,0,3,1,6,2,44,7,1332,1,15,10,2
2014350108414,1,9,0,18,0,2,0,0,0,0,3,1,6,2,40,7,1596,1,12,4,1
2014350108514,1,9,0,4,0,1,0,0,0,0,0,1,6,1,-1,-1,1997,2,4,7,2
2014350108514,2,1,0,18,0,8,1,0,0,0,0,1,6,1,20,4,-1,-1,-1,-1,-1
2014350108614,1,9,0,16,0,0,5,0,1,0,1,1,6,1,79,11,1497,1,13,8,1
2014350108614,2,11,0,17,0,0,0,0,0,0,1,1,1,1,55,8,3900,2,10,9,2
2014350108714,1,19,0,11,0,0,0,0,0,0,4,1,6,1,25,5,-1,-1,-1,-1,-1
2014350108714,2,9,0,18,0,0,0,0,0,0,3,1,1,1,50,8,1870,2,10,4,1
2014350108814,1,9,0,5,0,4,0,0,0,0,1,1,6,1,50,8,-1,-1,-1,5,2
2014350108814,2,9,0,5,0,8,0,0,0,0,2,1,6,2,23,5,-1,-1,-1,6,3
2014350108914,1,9,0,18,0,0,0,0,0,0,1,1,6,2,48,8,1596,1,12,-1,3
2014350108914,2,9,0,18,0,0,0,0,0,0,1,1,2,1,68,10,1997,2,15,2,1
2014350109014,1,9,0,5,0,4,0,0,0,0,1,1,1,1,42,7,1796,1,10,9,1
2014350109014,2,1,0,18,0,8,0,0,0,0,4,1,1,2,47,8,-1,-1,-1,8,2
2014350109114,1,9,0,17,0,0,0,0,0,0,1,1,6,1,35,6,1360,1,11,2,1
2014350109114,2,9,0,16,0,0,0,0,0,0,1,1,6,1,38,7,-1,-1,-1,9,1
2014350109214,1,21,1,12,0,5,0,0,0,0,3,2,1,1,30,6,-1,-1,-1,-1,-1
2014350109214,2,9,0,13,0,5,0,0,0,0,4,1,6,2,42,7,1896,2,11,7,1
2014350109314,1,9,0,18,0,0,2,0,7,3,1,1,6,2,25,5,1679,1,14,6,1
2014350109414,1,9,0,9,0,6,0,0,0,0,3,1,6,1,70,10,1149,1,10,9,1
2014350109414,2,9,0,18,0,8,0,0,0,0,1,1,6,1,26,6,1968,2,4,10,1
2014350109514,1,21,1,11,0,0,0,0,0,0,4,1,1,1,33,6,10837,2,1,2,1
2014350109514,2,9,0,18,0,0,1,0,4,6,3,1,6,2,31,6,-1,-1,-1,8,2
2014350109614,1,9,0,18,0,1,0,7,7,2,1,1,6,2,32,6,1596,1,5,1,1
2014350109714,1,1,0,3,0,1,0,0,0,0,1,1,3,2,42,7,-1,-1,-1,5,1
2014350109714,2,9,0,1,0,2,0,0,0,0,3,1,1,1,27,6,-1,-1,-1,6,2
2014350109814,1,9,0,18,0,1,1,0,1,4,4,1,6,2,25,5,1598,1,4,5,1
2014350109914,1,9,0,9,0,2,0,0,0,0,1,1,6,1,90,11,1389,1,9,9,3
2014350109914,2,9,0,3,0,1,0,0,0,0,1,1,1,1,54,8,-1,-1,-1,-1,-1
2014350110014,1,9,0,13,0,0,0,0,0,0,4,1,6,1,-1,-1,2720,2,6,-1,-1
2014350110014,2,1,0,18,0,0,0,0,0,0,3,1,6,1,34,6,-1,-1,-1,7,1
2014350110114,1,9,0,18,0,0,1,0,7,4,1,1,2,1,24,5,1422,2,5,8,2
2014350110214,1,9,0,9,0,5,0,0,0,0,1,1,6,1,35,6,-1,-1,-1,4,1
2014350110214,2,9,0,18,0,8,0,0,0,0,1,1,6,1,43,7,1995,1,12,9,1
2014350110314,1,21,0,11,0,0,0,0,0,0,1,1,1,1,53,8,12902,2,1,-1,-1
2014350110314,2,9,0,18,0,0,1,0,0,0,3,1,1,1,42,7,1986,2,8,-1,1
2014350110414,1,11,0,14,0,0,0,0,0,0,3,1,6,1,60,9,-1,-1,-1,-1,-1
2014350110414,2,1,0,18,0,0,0,0,0,0,3,1,4,1,10,2,-1,-1,-1,4,1
2014350110514,1,1,0,18,0,0,0,0,0,0,1,1,6,2,38,7,-1,-1,-1,7,3
2014350110514,2,9,0,1,0,0,0,0,0,0,2,1,6,2,54,8,2979,1,10,7,3
2014350110614,1,19,0,3,0,0,0,0,0,0,4,1,1,1,23,5,2287,2,6,8,2
2014350110614,2,1,0,18,0,0,0,0,0,0,1,1,6,1,75,10,-1,-1,-1,4,1
2014350110814,1,1,0,12,4,0,0,0,1,0,3,1,2,1,28,6,-1,-1,-1,8,1
2014350110814,2,1,0,13,4,0,0,0,0,0,4,1,2,2,39,7,-1,-1,-1,6,1
2014350110914,1,9,0,5,0,0,0,0,0,0,1,1,6,1,19,4,1149,1,12,-1,-1
2014350110914,2,9,0,3,0,0,0,0,0,0,2,1,6,1,36,7,1124,1,12,8,1
2014350111014,1,19,0,9,0,6,0,0,0,0,1,1,1,1,47,8,2402,2,5,2,1
2014350111014,2,1,0,18,0,8,0,0,0,0,4,1,2,2,-1,-1,-1,-1,-1,7,1
2014350111114,1,9,0,9,0,5,0,0,0,0,1,1,6,1,26,6,1596,1,5,9,3
2014350111114,2,9,0,18,0,8,0,0,0,0,1,1,6,1,31,6,1685,2,-1,10,1
2014350111214,1,9,0,9,0,2,0,0,0,0,1,1,6,1,55,8,5000,1,20,2,1
2014350111214,2,9,0,18,0,1,0,0,0,0,3,1,6,2,70,10,1399,2,8,4,1
2014350111314,1,9,0,2,0,1,0,0,0,0,3,1,6,2,49,8,1975,1,14,9,3
2014350111314,2,1,0,14,0,1,0,8,0,0,4,1,6,1,15,3,-1,-1,-1,6,2
2014350111414,1,2,0,18,0,0,0,0,0,0,1,1,6,1,16,4,49,1,4,2,1
2014350111514,1,3,0,17,0,0,1,0,1,0,1,1,6,2,30,6,124,1,5,4,1
2014350111614,1,19,0,18,0,1,0,0,0,0,1,1,1,1,30,6,1753,2,5,2,1
2014350111614,2,9,0,10,0,1,0,0,0,0,2,1,6,1,41,7,1595,1,5,-1,-1
2014350111714,1,9,0,9,0,6,0,0,0,0,3,1,6,2,65,9,1997,2,11,9,3
2014350111714,2,4,0,18,0,8,0,0,0,0,1,1,6,1,50,8,249,1,14,5,3
2014350111814,1,4,0,15,0,0,0,0,0,0,1,1,2,1,36,7,1352,1,3,2,1
2014350111814,2,1,0,18,0,0,0,0,0,0,1,1,4,1,17,4,-1,-1,-1,9,3
2014350111914,1,9,0,18,0,1,0,0,0,0,1,1,6,1,55,8,-1,-1,-1,-1,-1