Accident_Index,Vehicle_Reference,Vehicle_Type,Towing_and_Articulation,Vehicle_Manoeuvre,Vehicle_Location-Restricted_Lane,Junction_Location,Skidding_and_Overturning,Hit_Object_in_Carriageway,Vehicle_Leaving_Carriageway,Hit_Object_off_Carriageway,1st_Point_of_Impact,Was_Vehicle_Left_Hand_Drive?,Journey_Purpose_of_Driver,Sex_of_Driver,Age_of_Driver,Age_Band_of_Driver,Engine_Capacity_(CC),Propulsion_Code,Age_of_Vehicle,Driver_IMD_Decile,Driver_Home_Area_Type
2014350127414,2,5,0,18,0,1,0,0,0,0,1,1,1,1,52,8,742,1,14,1,1
2014350127614,1,9,0,9,0,6,0,0,0,0,1,1,6,1,74,10,-1,-1,-1,1,1
2014350127614,2,9,0,18,0,8,0,0,0,0,3,1,6,2,25,5,1998,2,11,6,3
2014350127714,1,19,0,11,0,0,0,0,0,0,4,1,1,1,40,7,1686,2,10,3,1
2014350127714,2,1,0,4,0,0,0,0,0,0,1,1,2,1,26,6,-1,-1,-1,2,1
2014350127814,1,9,0,18,0,0,2,0,1,2,2,1,2,2,25,5,1686,2,6,3,1
2014350127914,1,9,0,18,0,0,0,0,0,0,1,1,6,1,38,7,1560,2,4,4,1
2014350128014,1,9,0,18,0,4,0,0,0,0,1,1,6,1,53,8,-1,-1,-1,8,2
2014350128014,2,1,0,18,0,8,0,0,0,0,2,1,6,1,26,6,-1,-1,-1,7,1
2014350128114,1,9,0,18,0,0,0,0,0,0,1,1,6,1,22,5,2495,2,14,7,3
2014350128114,2,9,0,18,0,0,0,0,0,0,2,1,6,2,53,8,2231,2,7,9,1
2014350128214,1,5,0,18,0,8,2,0,7,10,3,1,6,1,32,6,599,1,14,10,3
2014350128314,1,9,0,18,0,0,0,0,4,6,1,1,6,1,21,5,1598,1,7,9,3
2014350130014,1,5,0,4,0,4,1,9,0,1,1,1,1,1,50,8,1188,1,17,5,3
2014350130114,1,9,0,1,0,2,0,0,0,0,2,1,6,2,35,6,-1,-1,-1,-1,3
2014350130114,2,9,0,3,0,2,0,0,0,0,1,1,6,2,36,7,1560,2,-1,4,1
2014350130214,1,9,0,4,0,0,0,0,0,0,1,1,6,1,47,8,-1,-1,-1,8,2
2014350130214,2,21,1,4,0,0,0,0,0,0,2,1,1,1,66,10,12740,2,4,9,1
2014350130314,1,9,0,18,0,0,0,0,2,6,1,1,6,1,35,6,1956,2,2,-1,1
2014350130414,1,9,0,16,0,0,1,0,2,9,1,1,6,1,51,8,1995,2,16,1,1
2014350130514,1,9,0,9,0,5,0,0,0,0,1,1,1,1,50,8,1998,1,6,-1,1
2014350130514,2,1,0,18,0,8,0,0,0,0,3,1,6,1,34,6,-1,-1,-1,6,1
2014350130614,1,9,0,9,0,5,0,0,0,0,1,1,6,1,19,4,-1,-1,-1,3,1
2014350130614,2,1,0,18,9,8,0,0,0,0,4,1,6,1,-1,-1,-1,-1,-1,3,1
2014350130714,1,21,0,18,0,1,0,0,0,0,1,1,1,1,56,9,12777,2,6,3,3
2014350130714,2,9,0,3,0,1,0,0,0,0,2,1,6,2,33,6,-1,-1,-1,1,1
2014350130814,1,9,0,13,0,1,2,0,7,9,1,1,2,1,58,9,-1,-1,-1,10,2
2014350130814,2,9,0,9,0,5,2,0,7,9,3,1,1,2,21,5,1328,1,7,10,2
2014350130914,1,10,0,4,0,1,0,0,0,0,1,1,6,1,52,8,-1,-1,-1,4,1
2014350131014,1,9,0,18,0,1,0,0,0,0,4,1,6,3,-1,-1,-1,-1,-1,-1,-1
2014350131014,2,1,0,18,0,1,0,0,0,0,3,1,6,1,30,6,-1,-1,-1,2,1
2014350131114,1,1,0,18,0,0,0,0,0,0,1,1,6,1,54,8,-1,-1,-1,7,1
2014350131114,2,9,0,2,0,0,0,0,0,0,2,1,6,2,33,6,2401,2,9,-1,3
2014350131314,1,20,0,2,0,0,0,0,0,0,2,1,6,1,50,8,2402,2,6,2,1
2014350131314,2,1,0,18,0,0,0,0,0,0,1,1,6,2,23,5,-1,-1,-1,7,2
2014350131414,1,9,0,18,0,1,0,0,0,0,4,1,6,2,58,9,1992,2,7,8,3
2014350131514,1,21,4,18,0,0,2,0,1,7,4,1,1,1,51,8,2998,2,8,6,1
2014350131614,1,9,0,18,0,0,5,0,2,0,1,1,6,1,30,6,1242,1,15,-1,-1
2014350131714,1,9,0,18,0,1,1,0,0,0,1,1,2,2,29,6,1242,1,8,7,1
2014350131714,2,1,0,18,0,6,0,0,0,0,3,1,6,1,12,3,-1,-1,-1,4,1
2014350131814,1,11,0,5,0,1,0,0,0,0,1,1,1,1,63,9,3900,2,10,2,1
2014350131814,2,19,0,4,0,1,0,0,0,0,2,1,1,1,55,8,-1,-1,-1,-1,1
2014350131814,3,9,0,3,0,1,0,0,0,0,2,1,6,1,-1,-1,1198,1,11,1,1
2014350131914,1,9,0,16,0,0,2,0,7,4,1,1,6,1,32,6,-1,-1,-1,-1,-1
2014350132114,1,9,0,4,0,2,0,0,0,0,1,1,6,1,22,5,1489,1,18,3,1
2014350132114,2,9,0,4,0,2,0,0,0,0,2,1,6,1,22,5,1149,1,9,-1,1
2014350132214,1,9,0,18,0,0,1,0,1,4,1,1,6,1,26,6,2000,1,13,7,1
2014350132314,1,9,0,16,0,0,0,0,0,0,3,1,6,2,68,10,1388,1,3,9,2
2014350132314,2,9,0,17,0,0,0,0,0,0,3,1,6,1,55,8,1995,2,-1,9,3
2014350132414,1,9,0,4,0,1,0,0,0,0,1,1,2,2,31,6,1364,1,8,9,1
2014350132414,2,9,0,4,0,1,0,0,0,0,2,1,2,1,48,8,1968,2,6,10,2
2014350132514,1,9,0,18,0,1,0,0,0,0,1,1,6,2,48,8,-1,-1,-1,8,3
2014350132514,2,9,0,4,0,1,0,0,1,0,2,1,6,2,47,8,2720,2,8,1,1
2014350132614,1,19,0,18,0,0,0,0,0,0,1,1,1,1,27,6,2143,2,1,4,1
2014350132614,2,5,0,18,0,0,0,0,0,0,2,1,6,1,54,8,885,1,21,10,1
2014350132614,3,9,0,18,0,0,0,0,0,0,0,1,1,1,46,8,2400,2,-1,-1,-1
2014350132714,1,9,0,5,0,1,0,0,0,0,1,1,2,1,27,6,1461,2,4,6,1
2014350132714,2,9,0,3,0,1,0,0,0,0,2,1,6,1,56,9,1870,2,12,4,1
2014350132814,1,9,0,17,0,8,0,0,0,0,1,1,6,1,-1,-1,1124,1,13,1,1
2014350132814,2,9,0,9,0,6,0,0,0,0,3,1,6,2,22,5,1390,1,13,1,1
2014350132914,1,9,0,11,0,8,1,0,1,4,3,2,2,1,-1,-1,-1,-1,-1,-1,-1
2014350133014,1,9,4,18,0,1,0,0,0,0,1,1,1,1,60,9,2495,2,11,4,3
2014350133014,2,19,0,3,0,1,0,0,0,0,2,1,1,1,33,6,1896,2,6,3,1
2014350134114,1,9,0,14,0,0,0,0,0,0,0,1,6,2,65,9,1968,2,5,7,3
2014350134214,1,9,0,7,0,6,0,0,0,0,1,1,6,1,-1,-1,-1,-1,-1,-1,-1
2014350134214,2,9,0,18,0,8,0,0,0,0,3,1,6,2,39,7,1699,1,3,10,1
2014350134314,1,19,0,11,0,1,0,0,0,0,0,1,1,1,40,7,-1,-1,-1,1,1
2014350134314,2,9,0,18,0,1,0,10,0,0,4,1,6,2,35,6,1399,1,8,2,1
2014350134714,1,9,0,16,0,0,0,0,7,4,1,1,6,1,32,6,1781,1,12,1,1
2014350134814,1,9,0,18,0,0,0,0,0,0,1,1,6,1,67,10,3960,1,18,5,3
2014350134814,2,17,0,18,0,0,0,0,0,0,1,1,1,1,52,8,-1,-1,-1,7,3
2014350135014,1,9,0,18,0,0,0,0,0,0,4,1,6,1,18,4,1560,2,7,1,1
2014350135114,1,9,0,9,0,5,0,0,0,0,4,1,6,2,51,8,1590,1,12,10,2
2014350135114,2,1,0,18,4,1,0,0,0,0,1,1,6,1,29,6,-1,-1,-1,6,1
2014350135214,1,5,0,18,0,0,0,0,1,9,1,1,6,1,24,5,599,1,22,-1,-1
2014350135314,1,9,0,18,0,0,1,0,1,9,4,1,2,1,25,5,1149,1,13,4,1
2014350135414,1,9,0,5,0,4,0,0,0,0,1,1,6,1,25,5,2000,2,14,2,1
2014350135414,2,9,0,5,0,4,0,0,0,0,2,1,6,1,39,7,1753,2,15,-1,3
2014350135514,1,9,0,18,0,1,0,0,0,0,1,1,6,1,-1,-1,1587,1,11,4,1
2014350135514,2,9,0,4,0,1,0,0,0,0,2,1,6,2,30,6,1968,2,7,3,1
2014350135614,1,9,0,9,0,1,0,0,0,0,2,1,6,2,55,8,1870,2,11,9,2
2014350135614,2,3,0,4,0,1,0,0,0,0,1,1,6,1,19,4,-1,-1,-1,-1,-1
2014350135714,1,9,0,18,0,0,2,0,1,0,1,1,6,1,32,6,1999,1,13,3,1
2014350135914,1,19,0,18,0,1,0,0,0,0,1,1,1,1,45,7,1598,2,1,7,2
2014350135914,2,5,0,18,0,1,0,0,0,0,3,1,6,1,62,9,1261,1,12,-1,2
2014350136014,1,19,0,18,0,0,1,0,0,0,1,1,1,1,32,6,2287,2,1,9,2
2014350136014,2,9,0,4,0,0,0,0,0,0,2,1,2,2,39,7,1560,2,8,3,1
2014350136014,3,9,0,4,0,0,0,0,0,0,2,1,6,2,29,6,1896,2,10,6,1
2014350136114,1,5,0,18,0,1,2,12,0,0,1,1,6,1,45,7,883,1,2,9,2
2014350136214,1,1,0,18,5,1,0,0,0,0,1,1,6,1,-1,-1,-1,-1,-1,-1,-1
2014350136214,2,1,0,18,5,2,0,0,0,0,1,1,1,2,41,7,-1,-1,-1,3,1
2014350136314,1,9,0,5,0,4,0,0,0,0,1,1,2,1,46,8,1984,2,2,10,1
2014350136314,2,1,0,5,0,4,0,0,0,0,2,1,2,1,66,10,-1,-1,-1,-1,1
2014350136414,1,11,0,7,0,6,0,0,0,0,1,1,1,1,25,5,6700,2,4,3,1
2014350136414,2,9,0,18,0,8,0,0,0,0,1,1,6,2,81,11,1108,1,13,-1,3
2014350136514,1,90,0,3,0,1,0,0,0,0,2,1,1,1,42,7,-1,-1,-1,6,1
2014350136514,2,9,0,4,0,1,0,0,0,0,1,1,6,2,28,6,1360,1,11,7,1
2014350136614,1,19,0,18,0,1,0,0,0,0,1,1,6,1,-1,-1,1398,2,12,2,1
2014350136614,2,9,0,3,0,1,0,0,0,0,2,1,6,1,-1,-1,1248,2,8,7,1
2014350136714,1,1,0,5,9,0,0,0,0,0,1,1,6,1,6,2,-1,-1,-1,7,1
2014350136714,2,9,0,18,0,0,0,0,0,0,1,1,6,2,28,6,1341,1,10,7,1
2014350136814,1,8,0,9,0,5,0,0,0,0,1,1,1,1,54,8,2148,2,5,2,1
2014350136814,2,9,0,18,0,8,0,0,0,0,3,1,6,2,63,9,1587,1,10,10,1
2014350136914,1,9,0,5,0,8,0,0,0,0,1,1,6,2,30,6,-1,-1,-1,6,3
2014350136914,2,9,0,5,0,8,0,0,0,0,1,1,6,1,74,10,2835,2,17,3,3
2014350137014,1,3,0,16,0,0,1,10,0,0,3,1,6,1,19,4,124,1,9,4,3
2014350137014,2,9,0,18,0,0,0,0,0,0,3,1,2,2,66,10,1598,1,11,4,1
2014350137114,1,9,0,1,0,6,0,0,0,0,2,1,1,2,59,9,1896,2,11,6,1
2014350137214,1,9,0,9,0,0,0,0,0,0,1,1,6,1,-1,-1,-1,-1,-1,-1,-1
2014350137314,1,19,0,9,0,5,0,0,0,0,3,1,1,1,67,10,2299,2,-1,3,1
2014350137314,2,9,0,13,0,1,0,0,7,10,4,1,2,2,43,7,998,1,9,9,3
2014350137414,1,9,0,4,0,0,0,0,0,0,1,1,6,1,56,9,-1,-1,-1,5,1
2014350137414,2,9,0,4,0,0,0,0,0,0,2,1,6,1,24,5,1242,1,12,2,1
2014350137414,3,9,0,4,0,0,0,0,0,0,2,1,6,2,41,7,1896,2,8,1,1
2014350137414,4,9,0,4,0,0,0,0,0,0,2,1,2,1,34,6,1596,1,11,2,1
2014350137514,1,9,0,7,0,6,0,0,0,0,3,1,1,2,48,8,1296,1,7,9,2
2014350137514,2,1,0,17,0,8,0,0,0,0,1,1,1,1,42,7,-1,-1,-1,3,1
2014350137614,1,9,0,4,0,0,0,0,4,0,1,1,6,2,26,6,1229,1,3,9,2
2014350137614,2,9,0,4,0,0,0,0,4,0,2,1,6,1,28,6,1998,1,11,7,2
2014350137614,3,9,0,4,0,0,0,0,0,0,2,1,6,1,31,6,1798,1,13,5,1
2014350137714,1,9,0,18,0,0,1,0,0,0,1,1,6,1,26,6,1998,2,9,7,2
2014350137714,2,9,0,13,0,0,1,0,1,9,2,1,6,1,47,8,1595,1,22,5,2
2014350137814,1,9,0,5,0,8,0,0,0,0,1,1,6,2,67,10,1242,1,4,7,1
2014350137814,2,9,0,5,0,8,0,0,0,0,4,1,6,1,27,6,1598,1,9,-1,1
2014350137914,1,9,0,7,0,3,0,0,0,0,3,1,6,2,37,7,1360,1,11,2,1
2014350137914,2,1,0,18,0,8,0,0,0,0,4,1,1,1,20,4,-1,-1,-1,6,2
2014350138014,1,9,0,9,0,4,0,0,0,0,3,1,2,2,56,9,1991,2,6,8,2
2014350138014,2,1,0,18,0,8,0,0,0,0,4,1,2,1,37,7,-1,-1,-1,-1,1
2014350138114,1,9,0,2,0,0,0,0,0,0,3,1,6,1,49,8,2993,2,5,8,3
2014350138114,2,1,0,14,0,0,0,8,0,0,1,1,6,2,68,10,-1,-1,-1,10,1
2014350138214,1,9,0,18,0,0,0,0,0,0,1,1,6,2,53,8,1796,1,8,6,3
2014350138214,2,9,0,4,0,0,1,0,0,0,2,1,6,2,45,7,1461,2,4,10,1
2014350138314,1,9,0,9,0,5,0,0,0,0,1,1,6,1,31,6,2720,2,8,10,2
2014350138314,2,9,0,18,0,8,0,0,0,0,3,1,6,2,58,9,1598,2,3,10,3
2014350138414,1,19,0,4,0,1,0,0,0,0,2,1,1,1,30,6,2143,2,1,-1,-1
2014350138414,2,1,0,4,0,1,0,0,1,0,1,1,1,1,40,7,-1,-1,-1,-1,-1
2014350138514,1,19,0,7,0,6,0,0,0,0,3,1,6,1,-1,-1,-1,-1,-1,-1,-1
2014350138514,2,9,0,18,0,8,0,0,0,0,4,1,2,2,31,6,1998,1,17,8,1
2014350138614,1,9,0,13,0,0,0,0,0,0,4,1,6,1,83,11,1598,1,3,6,3
2014350138614,2,9,0,18,0,0,0,0,0,0,3,1,6,1,26,6,1968,2,3,-1,-1
2014350138614,3,9,0,18,0,0,0,0,0,0,1,1,1,1,60,9,1686,2,10,1,1
2014350138614,4,9,0,18,0,0,0,0,0,0,1,1,1,1,40,7,998,1,5,8,1
2014350138614,5,19,0,2,0,0,0,0,0,0,1,1,6,3,-1,-1,2198,2,2,-1,-1
2014350138714,1,5,0,13,0,0,0,0,1,9,4,1,2,1,36,7,599,1,16,7,2
2014350138714,2,19,0,18,0,0,0,0,0,0,0,1,2,1,25,5,1995,2,-1,9,1
2014350138714,3,9,0,18,0,0,0,0,0,0,0,1,2,1,-1,-1,1799,1,8,9,1
2014350138714,4,9,0,18,0,0,0,0,0,0,0,1,2,2,21,5,2198,2,2,7,3
2014350138914,1,9,0,16,0,0,0,0,1,9,1,1,6,2,21,5,1461,2,9,6,1
2014350139014,1,9,0,4,0,1,0,0,0,0,1,1,6,2,46,8,1390,1,5,10,3
2014350139014,2,1,0,18,0,8,0,0,0,0,1,1,1,2,29,6,-1,-1,-1,10,2
2014350139114,1,9,0,18,0,0,5,0,7,10,1,1,6,1,21,5,2495,2,15,7,3
2014350139214,1,9,0,17,0,0,5,0,7,0,3,1,6,2,46,8,1798,1,3,8,3
2014350139314,1,4,0,18,0,4,1,9,3,10,1,1,6,1,22,5,296,1,-1,6,2
2014350139414,1,1,0,18,9,0,0,0,0,0,1,1,6,1,7,2,-1,-1,-1,2,1
2014350139414,2,9,0,18,0,0,0,0,0,0,4,1,6,1,23,5,973,1,14,-1,3
2014350139514,1,9,0,18,0,0,0,0,0,0,3,1,6,2,78,11,1596,1,10,7,2
2014350139614,1,5,0,5,0,6,0,0,0,0,1,1,6,1,47,8,1584,1,5,-1,1
2014350139614,2,9,0,18,0,8,0,0,0,0,3,1,6,1,69,10,-1,-1,-1,6,1
2014350139714,1,1,0,18,3,0,0,0,0,0,1,1,6,1,19,4,-1,-1,-1,4,1
2014350139714,2,1,0,18,3,0,0,0,0,0,1,1,6,1,-1,-1,-1,-1,-1,-1,-1
2014350139814,1,3,0,18,0,0,1,10,1,0,4,1,2,2,22,5,124,1,1,9,3
2014350139914,1,1,0,9,0,6,0,0,0,0,1,1,6,1,25,5,-1,-1,-1,10,2
2014350139914,2,11,0,18,0,1,0,0,0,0,1,1,1,1,61,9,9000,2,15,10,2
2014350140014,1,9,0,4,0,0,0,0,1,0,2,1,6,1,60,9,1242,1,8,3,1
2014350140014,2,9,0,18,0,0,0,0,0,0,1,1,6,1,45,7,1685,2,1,6,3
2014350140014,3,9,0,4,0,0,0,0,0,0,2,1,6,1,48,8,1997,2,6,6,2
2014350140014,4,9,0,4,0,0,0,0,0,0,2,1,6,1,36,7,1870,2,3,10,3
2014350140014,5,9,0,4,0,0,0,0,0,0,0,1,6,1,47,8,1910,2,7,3,1
2014350140014,6,9,0,4,0,0,0,0,0,0,0,1,6,1,47,8,-1,-1,-1,10,1
2014350140014,7,9,0,4,0,0,0,0,0,0,0,1,6,2,50,8,1798,1,5,9,3
2014350140114,1,9,0,17,0,0,0,0,0,0,3,1,6,1,35,6,1994,1,14,1,1
2014350140114,2,9,0,16,0,0,0,0,0,0,3,1,6,1,56,9,2179,2,6,6,3
2014350140214,1,9,0,12,0,1,0,0,0,0,0,1,6,1,39,7,-1,-1,-1,7,2
2014350140214,2,4,0,17,0,2,0,10,0,0,1,1,6,1,-1,-1,125,1,11,6,2
2014350140314,1,19,0,9,0,5,0,0,0,0,3,1,1,1,-1,-1,1753,2,10,-1,3
2014350140314,2,2,0,13,0,8,0,0,0,0,1,1,1,1,26,6,125,1,4,3,1
2014350140414,1,9,0,11,0,1,0,0,0,0,1,1,6,1,24,5,1242,1,14,6,1
2014350140414,2,9,0,4,0,1,0,0,0,0,2,1,6,2,19,4,1240,1,7,9,1
2014350140414,3,9,0,4,0,1,0,0,0,0,2,1,6,2,23,5,1390,1,12,6,1
2014350140414,4,9,0,4,0,1,0,0,0,0,2,1,6,1,25,5,1596,1,11,8,1
2014350140514,1,19,0,18,0,0,0,0,0,0,4,1,6,1,65,9,-1,-1,-1,6,2
2014350141014,1,9,0,4,0,0,0,0,0,0,1,1,6,2,38,7,1796,1,13,8,3
2014350141014,2,9,0,4,0,0,0,0,0,0,1,1,6,1,24,5,1242,1,13,-1,-1
2014350141014,3,19,0,4,0,0,0,0,0,0,2,1,6,1,56,9,1870,2,8,2,1
2014350141014,4,9,0,4,0,0,0,0,0,0,2,1,6,2,58,9,2204,2,9,-1,3
2014350141014,5,9,0,4,0,0,0,0,0,0,2,1,6,2,37,7,1461,2,7,7,3
2014350141114,1,19,0,9,0,0,0,0,1,0,4,1,1,1,26,6,2143,2,-1,9,2
2014350141114,2,9,0,18,0,0,0,0,0,0,4,1,6,1,65,9,1685,2,1,10,2
2014350141214,1,9,0,18,0,6,0,0,1,10,3,1,6,1,33,6,1998,1,15,1,1
2014350141214,2,9,0,18,0,8,0,0,7,0,1,1,1,1,55,8,1587,1,9,-1,-1
2014350141314,1,9,0,10,0,0,0,0,0,0,1,1,6,1,26,6,1398,2,3,7,1
2014350141314,2,9,0,4,0,0,0,0,0,0,2,1,6,1,60,9,796,1,15,3,1
2014350141314,3,9,0,4,0,0,0,0,0,0,2,1,6,1,42,7,1391,1,19,3,1
2014350141414,1,9,0,18,0,0,0,0,0,0,1,1,2,1,25,5,1798,1,10,8,3
2014350141414,2,9,0,2,0,0,0,0,0,0,2,1,2,1,57,9,1753,2,6,6,1
2014350141614,1,9,0,9,0,6,0,0,0,0,1,1,6,2,56,9,1242,1,11,6,2
2014350141614,2,9,0,18,0,8,0,0,0,0,1,1,1,1,48,8,2706,1,2,10,1
2014350141714,1,2,0,14,0,0,0,0,0,0,1,1,6,2,19,4,49,1,1,3,3
2014350141814,1,9,0,18,0,2,0,0,0,0,1,1,1,1,68,10,1910,2,8,6,2
2014350141814,2,9,0,2,0,2,0,0,0,0,1,1,6,3,-1,-1,1997,1,5,-1,-1
2014350141914,1,9,0,18,0,5,0,0,1,9,4,1,2,2,22,5,1360,1,6,7,3
2014350141914,2,9,0,9,0,8,0,0,0,0,1,1,6,1,75,10,2494,1,14,6,1
2014350142014,1,9,0,13,0,8,0,0,7,10,4,1,6,1,51,8,1799,1,6,9,2
2014350142014,2,20,0,9,0,5,0,0,7,0,3,1,1,1,56,9,3920,2,8,-1,-1
2014350142114,1,9,0,18,0,0,0,0,1,0,0,1,1,1,39,7,1796,1,14,3,1
2014350142214,1,9,0,18,0,0,0,0,0,0,3,1,6,1,30,6,1796,1,15,10,3
2014350142214,2,8,0,18,0,0,0,0,0,0,4,1,1,2,32,6,2499,2,5,3,1
2014350142314,1,9,0,18,0,2,0,0,0,0,1,1,6,1,50,8,2295,1,13,9,2
2014350142414,1,9,0,17,0,0,0,10,2,3,1,1,6,1,20,4,1199,1,10,10,2
2014350142514,1,3,0,18,0,0,0,0,7,10,0,1,6,1,18,4,487,1,6,1,1
2014350142614,1,9,0,18,0,0,1,0,0,6,1,1,6,2,21,5,-1,-1,-1,9,2
2014350142714,1,9,0,18,0,4,0,0,7,10,2,1,6,1,79,11,1598,1,4,1,1
2014350142714,2,9,0,9,0,4,0,0,0,0,1,1,6,1,34,6,1968,2,8,3,1
2014350142814,1,11,0,4,0,8,0,0,0,0,1,1,1,1,44,7,6696,2,1,7,3
2014350143014,1,9,0,16,0,1,0,0,0,0,1,1,6,1,35,6,1497,1,11,2,1
2014350143014,2,9,0,3,0,1,0,0,0,0,2,1,6,2,47,8,1242,1,-1,7,2
2014350143014,3,9,0,3,0,1,0,0,0,0,2,1,6,2,17,4,1248,2,2,3,3
2014350143114,1,3,0,18,0,0,0,0,0,0,1,1,2,1,22,5,124,1,14,9,2
2014350143114,2,9,0,18,0,0,0,0,0,0,2,1,2,2,44,7,1598,1,8,10,2
2014350143214,1,9,0,17,0,0,0,0,0,0,1,1,2,2,34,6,1240,1,4,9,2
2014350143214,2,9,0,16,0,0,0,0,0,0,1,1,2,2,44,7,1596,1,12,9,2
2014350143314,1,8,0,9,0,6,0,0,0,0,3,1,1,1,40,7,-1,-1,-1,-1,-1
2014350143314,2,1,0,18,0,8,0,0,0,0,4,1,2,2,26,6,-1,-1,-1,6,1
2014350143414,1,8,0,9,0,5,0,0,0,0,1,1,1,1,26,6,998,1,7,-1,3
2014350143414,2,8,0,18,0,8,0,0,0,0,1,1,6,2,51,8,1339,1,6,6,2
2014350143514,1,9,0,9,0,5,0,0,0,0,1,1,6,2,29,6,1999,1,11,5,3
2014350143514,2,9,0,18,0,8,0,0,0,0,1,1,6,2,27,6,1560,2,8,6,2
2014350143514,3,9,0,3,0,1,0,0,0,0,1,1,6,1,54,8,1364,1,6,4,2
2014350143614,1,9,0,18,0,5,1,0,1,4,4,1,1,1,48,8,1796,1,14,3,1
2014350143714,1,9,0,18,0,4,0,0,0,0,1,1,6,1,84,11,1796,1,6,10,1
2014350143714,2,9,0,9,0,8,0,0,7,0,4,1,6,2,45,7,1896,2,14,3,1
2014350143814,1,9,0,17,0,0,2,0,0,0,3,1,6,1,48,8,3301,1,14,-1,1
2014350143914,1,20,0,18,0,0,0,0,0,0,1,1,1,1,24,5,-1,-1,-1,9,2
2014350143914,2,19,0,3,0,0,0,0,0,0,2,1,1,1,52,8,1686,2,3,7,2
2014350143914,3,9,0,3,0,0,0,0,0,0,2,1,6,1,31,6,2521,1,6,2,1
2014350144014,1,9,0,4,7,0,0,0,0,0,4,1,6,2,43,7,1998,2,2,6,3
2014350144014,2,1,0,18,0,0,0,0,0,0,1,1,6,1,48,8,-1,-1,-1,6,2
2014350144114,1,9,0,4,0,1,0,0,0,0,1,1,6,1,22,5,-1,-1,-1,-1,-1
2014350144114,2,9,0,3,0,1,0,0,0,0,2,1,6,2,71,10,1149,1,7,2,1
2014350144214,1,9,0,9,0,6,0,0,0,0,1,1,6,3,-1,-1,-1,-1,-1,-1,-1
2014350144214,2,1,0,18,0,8,0,0,0,0,2,1,2,1,24,5,-1,-1,-1,1,1
2014350144314,1,1,0,11,9,2,0,0,0,0,4,1,1,1,72,10,-1,-1,-1,2,1
2014350144314,2,9,0,7,0,2,1,0,0,0,1,1,1,1,54,8,1896,2,9,1,1
2014350144414,1,17,0,9,6,5,0,0,0,0,3,1,1,1,31,6,6800,2,4,6,3
2014350144414,2,9,0,13,0,1,0,0,0,0,4,1,1,2,40,7,1598,1,3,5,1
2014350144514,1,9,0,18,0,0,2,10,1,6,3,1,1,1,29,6,-1,-1,-1,-1,-1
2014350144614,1,8,0,18,0,0,0,0,0,0,1,1,6,1,60,9,1991,2,11,6,3
2014350144614,2,9,0,3,0,0,0,0,0,0,2,1,6,2,51,8,1840,1,15,8,2
2014350144714,1,21,0,18,0,8,0,0,0,0,1,1,1,1,40,7,4461,2,3,-1,-1
2014350144714,2,21,0,18,0,8,0,0,0,0,2,1,1,1,50,8,10837,2,1,-1,-1
2014350144714,3,9,0,10,0,8,0,0,0,0,1,1,1,1,55,8,1398,1,9,-1,-1
2014350144814,1,19,4,6,0,0,0,0,0,0,3,1,1,1,34,6,2500,2,13,7,3
2014350144814,2,9,0,18,0,0,0,0,0,0,1,1,6,2,67,10,1386,1,2,6,3
2014350144914,1,9,0,18,0,0,0,10,1,4,1,1,6,2,77,11,1198,1,1,10,1
2014350145014,1,9,0,17,0,2,1,0,1,10,1,1,6,1,43,7,-1,-1,-1,4,2
2014350145114,1,9,0,18,0,8,0,0,0,0,1,1,6,1,44,7,1896,2,11,6,1
2014350145114,2,1,0,18,4,8,0,0,0,10,4,1,6,2,49,8,-1,-1,-1,10,1
2014350145214,1,9,0,7,0,8,0,0,0,0,4,1,6,2,38,7,2696,2,8,-1,1
2014350145214,2,1,0,18,0,8,0,0,0,0,1,1,6,2,58,9,-1,-1,-1,7,1
2014350145314,1,9,0,18,0,0,1,10,5,2,1,1,6,1,77,11,1398,1,13,4,1
2014350145414,1,9,0,18,0,0,5,0,0,0,1,1,6,1,63,9,1598,1,8,9,3
2014350145414,2,21,1,2,0,0,0,0,0,0,2,1,1,1,60,9,10518,2,7,3,1
2014350145514,1,9,0,9,0,4,0,0,0,0,3,1,6,2,57,9,1229,1,7,10,1
2014350145514,2,9,0,18,0,4,0,0,0,0,1,1,6,1,-1,-1,1120,1,16,5,3
2014350145614,1,9,0,16,0,0,5,0,1,9,1,1,6,2,42,7,1400,2,7,9,3
2014350145814,1,21,1,18,0,0,0,0,0,0,0,1,1,1,47,8,10837,2,-1,1,1
2014350145814,2,9,0,18,0,0,0,11,0,0,1,1,6,1,45,7,-1,-1,-1,9,1
2014350145814,3,9,0,18,0,0,0,11,0,0,1,1,6,1,26,6,1796,1,2,7,3
2014350145914,1,9,0,13,0,0,1,0,1,0,1,1,2,1,46,8,1783,1,12,8,1
2014350145914,2,9,0,16,0,0,0,0,1,4,1,1,2,1,30,6,1596,1,9,10,2
2014350146014,1,9,0,17,0,0,1,0,0,0,2,1,2,1,35,6,1910,2,9,-1,3