Accident_Index,Vehicle_Reference,Vehicle_Type,Towing_and_Articulation,Vehicle_Manoeuvre,Vehicle_Location-Restricted_Lane,Junction_Location,Skidding_and_Overturning,Hit_Object_in_Carriageway,Vehicle_Leaving_Carriageway,Hit_Object_off_Carriageway,1st_Point_of_Impact,Was_Vehicle_Left_Hand_Drive?,Journey_Purpose_of_Driver,Sex_of_Driver,Age_of_Driver,Age_Band_of_Driver,Engine_Capacity_(CC),Propulsion_Code,Age_of_Vehicle,Driver_IMD_Decile,Driver_Home_Area_Type
2014350190014,1,3,0,18,0,3,1,0,0,0,0,1,1,1,25,5,125,1,2,2,1
2014350190114,1,9,0,5,0,6,0,0,0,0,4,1,6,1,26,6,1390,1,16,4,1
2014350190114,2,1,0,18,4,8,0,0,0,0,1,1,6,2,54,8,-1,-1,-1,7,1
2014350191114,1,9,0,18,0,8,0,0,0,0,1,1,6,1,45,7,999,1,1,6,1
2014350191114,2,1,0,18,0,4,0,0,0,0,3,1,6,1,32,6,-1,-1,-1,9,1
2014350191214,1,8,0,9,0,6,0,0,0,0,1,1,6,1,26,6,1598,2,3,3,1
2014350191214,2,1,0,18,4,8,0,0,0,0,1,1,2,1,40,7,-1,-1,-1,10,2
2014350191314,1,9,0,18,0,8,0,0,0,0,1,1,6,1,50,8,2295,1,13,9,2
2014350191414,1,19,0,18,0,0,0,0,1,0,1,1,1,1,53,8,1461,2,3,7,1
2014350191414,2,19,0,18,0,0,0,0,1,9,2,1,1,1,60,9,-1,-1,-1,7,1
2014350191514,1,9,0,9,0,6,0,0,0,0,1,1,6,2,68,10,1598,1,1,8,1
2014350191514,2,9,0,18,0,8,0,0,0,0,4,1,6,2,62,9,1391,1,13,8,1
2014350191614,1,9,0,6,0,8,0,0,0,0,1,1,1,1,27,6,-1,-1,-1,4,2
2014350191614,2,9,0,18,0,8,0,0,0,0,4,1,6,1,27,6,2685,2,10,3,1
2014350191714,1,9,0,5,0,0,1,0,0,0,0,1,6,1,26,6,1398,1,-1,5,1
2014350191714,2,5,0,18,0,0,2,0,0,0,0,1,6,1,43,7,749,1,5,-1,-1
2014350191814,1,9,0,18,0,1,1,0,0,0,1,1,2,1,28,6,998,1,16,1,1
2014350191814,2,9,0,4,0,1,0,0,0,0,2,1,2,1,31,6,1998,2,12,2,1
2014350191914,1,9,0,9,0,8,0,0,0,0,1,1,6,2,30,6,1598,1,3,-1,-1
2014350191914,2,1,0,18,0,8,0,0,0,0,4,1,6,1,26,6,-1,-1,-1,8,2
2014350192014,1,9,0,18,0,2,0,0,0,0,1,1,2,2,53,8,1242,1,10,4,1
2014350192014,2,19,0,3,0,2,0,0,0,0,2,1,3,1,46,8,2402,2,12,5,1
2014350192114,1,9,0,18,0,0,1,0,1,4,1,1,6,1,24,5,1794,1,9,-1,1
2014350192114,2,9,0,18,0,0,0,0,0,0,1,1,6,1,48,8,1560,2,2,4,1
2014350192214,1,9,0,18,0,0,0,0,0,0,1,1,6,3,-1,-1,-1,-1,-1,-1,-1
2014350192314,1,9,0,9,0,6,0,0,0,0,1,1,1,2,52,8,1596,1,1,10,2
2014350192314,2,9,0,18,0,8,0,0,0,0,4,1,1,1,58,9,1598,1,11,8,3
2014350192314,3,9,0,18,0,8,0,0,0,0,3,1,1,2,30,6,1198,1,5,9,2
2014350192414,1,9,0,18,0,8,0,0,0,0,1,1,6,1,34,6,1995,2,11,-1,-1
2014350192414,2,9,0,18,0,8,0,0,0,0,1,1,6,2,25,5,1968,2,6,3,1
2014350192514,1,9,0,13,0,8,0,0,7,7,4,1,1,1,18,4,1596,1,5,-1,1
2014350192514,2,21,1,9,0,5,0,0,0,0,3,1,1,1,39,7,11967,2,3,-1,-1
2014350192614,1,9,0,17,0,4,0,0,0,0,3,1,6,1,93,11,1199,1,12,9,1
2014350192614,2,1,0,17,0,8,0,0,0,0,1,1,2,2,28,6,-1,-1,-1,8,1
2014350192714,1,19,0,18,0,1,0,0,0,0,1,1,1,1,59,9,2300,2,11,5,1
2014350192714,2,19,0,10,0,1,0,0,0,0,2,1,1,1,36,7,2198,2,1,-1,-1
2014350192814,1,9,0,5,0,1,0,0,0,0,1,1,6,2,29,6,1598,1,1,8,3
2014350192814,2,9,0,18,0,1,0,0,0,0,1,1,6,1,23,5,1998,1,9,6,3
2014350192914,1,3,0,18,0,0,1,0,0,0,3,1,2,1,28,6,124,1,-1,10,2
2014350195014,1,9,0,18,0,8,0,0,0,0,1,1,6,1,27,6,1984,1,17,5,2
2014350195014,2,9,0,18,0,8,0,0,0,0,1,1,2,1,68,10,1896,2,12,9,2
2014350195114,1,17,0,18,0,4,0,0,0,0,4,1,1,3,40,7,-1,-1,-1,-1,-1
2014350195114,2,9,0,18,0,4,0,0,0,0,3,1,6,2,25,5,1390,1,12,4,1
2014350195214,1,9,0,16,0,0,1,0,0,0,1,1,2,2,24,5,-1,-1,-1,7,1
2014350195214,2,9,0,17,0,0,0,0,7,0,1,1,6,1,41,7,1596,1,12,6,3
2014350195314,1,9,0,9,0,6,0,0,0,0,3,1,1,2,38,7,1598,2,-1,10,2
2014350195314,2,1,0,18,0,8,0,0,0,0,1,1,6,1,66,10,-1,-1,-1,10,2
2014350195414,1,9,0,17,0,8,0,0,1,1,1,1,6,2,66,10,-1,-1,-1,9,2
2014350195514,1,9,0,18,0,0,0,0,1,0,1,1,2,2,39,7,1364,1,5,8,1
2014350195614,1,5,0,18,0,0,1,0,0,0,4,1,2,1,50,8,599,1,14,3,1
2014350195614,2,9,0,18,0,0,0,0,0,0,1,1,2,1,54,8,1896,2,14,7,2
2014350195714,1,9,0,7,0,5,0,0,0,0,0,1,6,3,-1,-1,-1,-1,-1,-1,-1
2014350195714,2,1,0,18,0,1,0,0,0,0,1,1,6,2,17,4,-1,-1,-1,8,1
2014350195714,3,1,0,18,0,1,0,0,0,0,2,1,6,1,16,4,-1,-1,-1,8,1
2014350195814,1,9,0,18,0,1,1,0,0,0,1,1,6,1,60,9,1997,2,5,9,3
2014350195814,2,9,0,8,0,1,0,0,0,0,2,1,6,2,29,6,1461,2,9,1,1
2014350195914,1,9,0,12,0,1,0,0,0,0,2,1,6,1,50,8,1560,2,4,8,3
2014350195914,2,5,0,14,0,1,2,0,0,0,1,1,6,1,48,8,-1,-1,-1,8,2
2014350196014,1,20,0,18,0,6,0,0,0,0,1,1,6,1,34,6,-1,-1,-1,8,3
2014350196014,2,9,0,18,0,8,5,0,7,9,4,1,6,2,22,5,1560,2,4,10,1
2014350196114,1,9,0,16,0,0,5,0,1,9,1,1,2,1,45,7,1461,2,6,6,3
2014350196214,1,9,0,18,0,0,5,0,0,0,1,1,6,2,71,10,1390,1,4,-1,-1
2014350196214,2,9,0,18,0,0,0,0,0,0,1,1,6,1,40,7,-1,-1,-1,-1,-1
2014350196214,3,9,0,2,0,0,0,0,0,0,1,1,6,1,25,5,1596,1,13,-1,-1
2014350196314,1,9,0,18,0,0,0,0,0,0,3,1,6,1,48,8,1896,2,13,6,1
2014350196314,2,9,0,18,0,0,0,0,0,0,3,1,6,3,-1,-1,-1,-1,-1,-1,-1
2014350196414,1,9,0,18,0,1,0,0,0,0,1,1,6,1,30,6,-1,-1,-1,-1,-1
2014350196414,2,9,0,3,0,1,0,0,0,0,2,1,6,2,23,5,1398,2,10,5,2
2014350196514,1,3,0,18,0,0,1,0,0,0,3,1,2,2,28,6,124,1,3,9,2
2014350196614,1,9,0,4,0,0,0,0,0,0,1,1,6,1,36,7,1995,2,9,10,1
2014350196614,2,9,0,3,0,0,0,0,0,0,2,1,6,2,31,6,1461,2,8,6,1
2014350196614,3,9,0,3,0,0,0,0,0,0,2,1,6,1,59,9,1686,2,16,-1,-1
2014350196714,1,21,1,11,0,0,0,0,0,0,4,1,1,1,53,8,15607,2,6,7,1
2014350196714,2,9,0,18,0,0,2,0,2,9,3,1,1,2,61,9,1686,2,2,10,2
2014350196814,1,9,0,4,0,0,0,0,0,0,1,1,6,2,79,11,1799,1,16,8,3
2014350196814,2,9,0,4,0,0,0,0,0,0,2,1,6,2,23,5,1229,1,7,-1,-1
2014350196814,3,9,0,4,0,0,0,0,0,0,2,1,6,1,31,6,-1,-1,-1,8,1
2014350196914,1,9,0,17,0,0,2,0,1,9,1,1,2,2,27,6,1360,1,7,7,2
2014350197014,1,19,0,11,0,3,0,0,0,0,3,1,1,1,21,5,-1,-1,-1,6,1
2014350197014,2,9,0,18,0,3,0,0,0,0,4,1,2,2,61,9,-1,-1,-1,9,2
2014350197114,1,9,0,9,0,5,0,0,0,0,1,1,6,1,41,7,1996,2,6,8,1
2014350197114,2,9,0,4,0,8,0,0,0,0,1,1,6,2,38,7,1360,1,8,8,3
2014350197214,1,9,0,18,0,6,0,0,0,0,1,1,6,1,22,5,2099,1,10,10,3
2014350197214,2,9,0,18,0,8,0,0,7,0,3,1,6,2,42,7,1248,1,4,9,3
2014350197314,1,3,0,18,0,0,0,0,0,0,1,1,6,1,17,4,125,1,1,5,1
2014350197314,2,9,0,4,0,0,0,0,0,0,2,1,6,1,35,6,1968,2,3,6,1
2014350197414,1,9,0,18,0,0,0,0,0,0,1,1,2,2,46,8,1994,2,6,9,3
2014350197414,2,9,0,18,0,0,0,0,0,0,2,1,2,2,51,8,796,1,15,4,1
2014350197414,3,9,0,4,0,0,0,0,0,0,2,1,2,1,39,7,1242,1,13,9,1
2014350197514,1,9,0,9,9,6,1,0,1,10,1,1,1,2,53,8,-1,-1,-1,1,1
2014350197714,1,9,0,9,0,5,0,0,0,0,1,1,6,1,82,11,-1,-1,-1,10,2
2014350197714,2,9,0,18,0,8,0,0,0,0,1,1,2,1,49,8,1299,1,15,-1,-1
2014350197814,1,9,0,18,0,8,0,0,0,0,3,1,6,3,-1,-1,-1,-1,-1,-1,-1
2014350197814,2,9,0,9,0,6,0,0,0,0,4,1,6,2,73,10,1299,1,13,5,1
2014350197914,1,9,0,17,0,0,2,0,7,9,3,1,6,2,20,4,-1,-1,-1,8,3
2014350197914,2,9,0,16,0,0,0,0,1,9,3,1,1,1,46,8,1968,2,4,10,1
2014350198014,1,9,0,4,0,0,1,0,0,0,1,1,6,1,27,6,-1,-1,-1,4,3
2014350198014,2,19,0,3,0,0,0,0,0,0,2,1,6,1,44,7,1995,2,3,-1,3
2014350198114,1,9,0,4,0,0,0,0,0,0,2,1,6,2,52,8,2179,2,2,10,3
2014350198114,2,9,0,18,0,0,1,0,0,0,1,1,2,2,25,5,1390,1,15,-1,-1
2014350198214,1,19,0,18,0,1,0,0,0,0,1,1,1,1,34,6,2143,2,4,6,1
2014350198214,2,9,0,4,0,1,0,0,0,0,2,1,2,2,23,5,1560,2,1,7,2
2014350198314,1,1,0,18,0,8,0,0,0,0,1,1,6,2,40,7,-1,-1,-1,10,1
2014350198314,2,8,0,5,0,1,0,0,0,0,4,1,6,2,42,7,1997,1,13,4,1
2014350198414,1,9,0,18,0,8,0,0,0,0,1,1,2,1,35,6,2198,1,11,7,3
2014350198414,2,9,0,18,0,8,0,0,0,0,1,1,6,1,50,8,1686,2,10,7,2
2014350198514,1,9,0,18,0,4,0,0,0,0,1,1,6,1,35,6,1769,1,12,5,1
2014350198514,2,1,0,18,0,8,0,0,0,0,4,1,1,1,50,8,-1,-1,-1,4,1
2014350198614,1,8,0,1,0,0,0,0,0,0,2,1,6,3,-1,-1,-1,-1,-1,-1,-1
2014350198614,2,1,0,3,0,0,0,0,0,0,1,1,1,2,20,4,-1,-1,-1,9,1
2014350198814,1,9,0,7,0,5,0,0,0,0,1,1,6,3,-1,-1,-1,-1,-1,-1,-1
2014350198914,1,1,0,18,0,0,0,0,0,0,0,1,6,1,-1,-1,-1,-1,-1,-1,-1
2014350198914,2,9,0,16,0,0,1,0,1,10,4,1,6,1,35,6,2967,1,9,1,1
2014350199014,1,21,1,4,0,0,0,0,0,0,1,1,1,1,55,8,10837,2,-1,-1,-1
2014350199114,1,9,0,6,0,0,0,10,1,10,1,1,6,1,90,11,998,1,5,9,1
2014350199214,1,9,0,18,0,0,0,0,1,2,4,1,6,2,34,6,1199,1,14,8,1
2014350199314,1,9,0,16,0,0,0,0,7,9,0,1,6,2,23,5,1956,2,-1,9,2
2014350199414,1,9,0,17,0,0,5,0,1,0,4,1,2,1,38,7,1339,1,11,4,2
2014350199514,1,3,0,12,0,1,1,0,0,0,3,1,2,2,34,6,125,1,-1,10,3
2014350199614,1,9,0,18,0,1,0,0,0,0,1,1,6,2,-1,-1,1900,2,15,-1,-1
2014350199614,2,9,0,3,0,1,0,0,0,0,2,1,6,1,41,7,1896,2,11,4,1
2014350199814,1,19,0,11,0,0,0,0,0,0,4,1,1,1,50,8,2143,2,3,-1,-1
2014350199814,2,1,0,18,0,0,0,0,0,0,3,1,1,1,31,6,-1,-1,-1,9,1
2014350199914,1,19,0,7,0,5,0,0,0,0,4,1,1,1,40,7,3920,2,-1,-1,-1
2014350199914,2,1,0,18,0,8,0,0,0,0,1,1,6,2,18,4,-1,-1,-1,10,1
2014350200014,1,2,0,18,0,0,1,0,0,0,0,1,1,1,16,4,49,1,7,9,1
2014350200114,1,9,0,4,0,0,0,0,0,0,1,1,6,1,35,6,1391,1,13,2,1
2014350200114,2,9,0,4,0,0,0,0,0,0,2,1,2,2,45,7,899,1,-1,2,1
2014350200214,1,9,0,16,0,0,1,0,1,2,2,1,2,2,23,5,1242,1,8,1,1
2014350200314,1,9,0,17,0,0,1,0,1,9,4,1,2,2,24,5,1596,1,11,9,3
2014350200414,1,1,0,18,0,0,0,0,0,0,1,1,6,1,-1,-1,-1,-1,-1,9,1
2014350200414,2,19,0,5,0,0,0,0,0,0,2,1,6,2,31,6,-1,-1,-1,8,2
2014350200614,1,9,0,16,0,0,2,0,1,0,1,1,1,2,20,4,-1,-1,-1,6,2
2014350200714,1,1,0,5,0,8,0,0,0,0,1,1,2,2,43,7,-1,-1,-1,9,2
2014350200714,2,9,0,7,0,3,0,0,0,0,4,1,2,2,47,8,-1,-1,-1,7,1
2014350200814,1,20,0,18,0,4,0,0,0,0,4,1,1,1,42,7,-1,-1,-1,-1,1
2014350200814,2,1,0,18,0,4,0,0,0,0,3,1,1,1,38,7,-1,-1,-1,7,3
2014350200914,1,3,0,18,0,1,0,0,0,0,1,1,6,1,18,4,124,1,1,6,2
2014350200914,2,19,0,3,0,1,0,0,0,0,2,1,6,1,48,8,2198,2,1,9,1
2014350201014,1,9,0,9,0,5,0,0,0,0,1,1,6,1,35,6,1596,1,13,9,2
2014350201014,2,9,0,18,0,8,0,0,0,0,1,1,6,2,54,8,1149,1,13,8,3
2014350201114,1,9,0,13,0,0,0,0,0,0,4,1,6,3,-1,-1,-1,-1,-1,-1,-1
2014350201114,2,1,0,18,0,0,0,0,0,0,3,1,6,1,30,6,-1,-1,-1,10,1
2014350201214,1,1,0,18,0,0,0,0,0,0,1,1,6,1,22,5,-1,-1,-1,10,1
2014350201314,1,9,0,18,0,0,0,0,1,4,1,1,6,1,33,6,1975,1,4,5,1
2014350201414,1,9,0,7,0,5,0,0,0,0,4,1,6,1,40,7,-1,-1,-1,-1,-1
2014350201414,2,1,0,18,0,8,0,0,0,0,3,1,2,1,47,8,-1,-1,-1,10,1
2014350201514,1,9,0,18,0,1,0,0,7,0,1,1,1,1,27,6,1242,1,10,-1,-1
2014350201514,2,9,0,7,0,6,0,0,0,0,3,1,6,1,85,11,1598,1,-1,-1,-1
2014350201614,1,19,0,18,0,2,0,0,0,0,1,1,6,1,42,7,-1,-1,-1,5,1
2014350201614,2,1,0,18,0,2,0,0,0,0,2,1,6,1,74,10,-1,-1,-1,10,1
2014350201714,1,9,0,4,0,0,1,0,0,0,1,1,6,2,35,6,-1,-1,-1,10,1
2014350201714,2,9,0,3,0,0,0,0,0,0,2,1,6,1,73,10,-1,-1,-1,10,2
2014350201814,1,9,0,9,0,4,0,0,0,0,3,1,2,2,47,8,1149,1,3,10,1
2014350201814,2,1,0,18,0,3,0,0,0,0,1,1,2,2,64,9,-1,-1,-1,7,1
2014350201914,1,21,1,12,0,0,1,0,0,0,3,2,1,1,48,8,-1,-1,-1,-1,-1
2014350201914,2,9,0,13,0,0,1,0,4,6,2,1,2,1,24,5,1596,1,7,8,2
2014350202014,1,9,0,18,0,0,1,0,5,6,1,1,2,1,28,6,2000,1,6,7,3
2014350202114,1,8,0,13,0,0,0,0,0,0,1,1,6,1,-1,-1,-1,-1,-1,-1,-1
2014350202114,2,1,0,18,0,0,0,0,0,0,2,1,1,2,20,4,-1,-1,-1,3,1
2014350202214,1,9,0,18,0,3,0,0,0,0,1,1,2,1,17,4,-1,-1,-1,10,1
2014350202214,2,1,0,18,0,4,0,0,0,0,2,1,6,1,15,3,-1,-1,-1,4,1
2014350202314,1,9,0,9,0,5,0,0,0,0,3,1,6,1,22,5,1199,1,12,3,1
2014350202314,2,1,0,18,0,8,0,0,0,0,3,1,6,1,30,6,-1,-1,-1,3,1
2014350202414,1,9,0,17,0,8,0,0,0,0,1,1,6,1,25,5,-1,-1,-1,-1,-1
2014350202414,2,1,0,18,0,8,0,0,0,0,3,1,6,1,15,3,-1,-1,-1,7,1
2014350202514,1,9,0,18,0,4,0,0,0,0,3,1,6,1,26,6,2000,2,3,4,1
2014350202514,2,1,0,9,0,8,2,0,0,0,1,1,6,2,20,4,-1,-1,-1,-1,-1
2014350202614,1,2,0,18,0,0,0,0,0,0,1,1,6,1,19,4,49,1,7,-1,-1
2014350202614,2,9,0,3,0,0,0,0,0,0,2,1,6,1,46,8,1896,2,8,1,1
2014350202714,1,9,0,18,0,4,0,0,0,0,1,1,6,3,-1,-1,-1,-1,-1,-1,-1
2014350202714,2,1,0,18,0,3,0,0,0,0,2,1,6,1,28,6,-1,-1,-1,-1,-1
2014350202814,1,9,0,18,0,0,0,0,0,0,1,1,2,2,52,8,2720,2,7,10,3
2014350202814,2,9,0,4,0,0,0,0,0,0,2,1,6,1,32,6,1968,2,-1,3,1
2014350202914,1,9,0,18,0,2,0,0,3,1,1,1,6,1,24,5,1968,2,1,5,3
2014350203014,1,9,0,7,0,6,0,0,0,0,1,1,6,1,35,6,1997,1,15,-1,-1
2014350203014,2,1,0,18,0,8,0,0,0,0,4,1,6,1,23,5,-1,-1,-1,6,1
2014350203114,1,9,0,18,0,1,0,0,0,0,3,1,6,2,68,10,1461,2,7,10,1
2014350203114,2,9,0,9,0,6,0,0,0,0,1,1,6,1,36,7,-1,-1,-1,7,1
2014350203214,1,1,0,18,9,1,0,0,0,0,1,1,6,1,30,6,-1,-1,-1,-1,-1
2014350203314,1,9,0,9,0,6,0,0,3,1,3,1,6,1,20,4,1390,1,3,9,1
2014350203314,2,9,0,18,0,8,0,0,0,0,1,1,6,2,20,4,1197,1,4,9,1
2014350203414,1,9,0,18,0,0,1,0,1,10,1,1,6,1,29,6,999,1,3,3,1
2014350203514,1,9,0,9,0,6,0,0,0,0,1,1,6,2,-1,-1,-1,-1,-1,-1,-1
2014350203514,2,1,0,18,0,8,0,0,0,0,1,1,4,1,17,4,-1,-1,-1,4,1
2014350203614,1,21,1,4,0,1,0,0,0,0,1,1,1,3,-1,-1,12777,2,7,-1,-1
2014350203614,2,9,0,3,0,1,0,0,0,0,2,1,2,2,39,7,1242,1,13,10,3
2014350203714,1,9,0,13,0,8,0,0,0,0,4,1,2,2,55,8,1582,2,5,10,2
2014350203714,2,19,0,9,0,5,0,0,0,0,3,1,1,1,23,5,2287,2,1,7,1
2014350203814,1,17,4,18,0,0,0,0,0,0,0,1,1,1,50,8,7365,2,-1,6,2
2014350203814,2,9,0,13,0,0,5,0,7,10,0,1,1,1,29,6,1796,1,7,7,2
2014350203914,1,9,0,18,0,0,0,0,0,0,1,1,6,1,50,8,1998,1,13,-1,-1
2014350203914,2,5,0,18,0,0,0,0,0,0,2,1,6,1,60,9,1084,1,20,2,1
2014350204014,1,9,0,9,0,5,0,0,0,0,2,1,6,1,31,6,1589,1,17,-1,-1
2014350204014,2,9,0,18,0,1,0,0,0,0,1,1,6,1,30,6,1149,1,14,3,1
2014350204114,1,21,1,11,0,0,0,0,0,0,4,1,1,1,34,6,12419,2,3,7,1
2014350204114,2,9,0,18,0,0,5,0,1,9,3,1,6,1,65,9,2398,1,16,-1,3
2014350204214,1,5,0,13,0,1,0,0,7,10,1,1,6,2,34,6,599,1,5,8,3
2014350204214,2,9,0,9,0,5,0,0,0,0,4,1,2,1,47,8,2143,2,1,7,3
2014350204314,1,9,0,18,0,1,0,0,0,0,1,1,6,1,53,8,1796,1,4,3,1
2014350204314,2,9,0,10,0,1,0,0,0,0,2,1,6,2,54,8,1988,2,9,7,1
2014350204414,1,9,0,14,0,1,0,0,7,10,1,1,6,1,21,5,1596,1,7,3,1
2014350204414,2,9,0,10,0,1,0,0,0,0,2,1,6,1,66,10,1956,2,3,9,2
2014350204414,3,9,0,2,0,1,0,0,0,0,1,1,6,2,19,4,1299,1,10,6,1
2014350204514,1,9,0,18,0,0,0,0,0,0,0,1,6,1,70,10,1685,2,2,8,1
2014350204514,2,9,0,18,0,0,0,0,0,0,2,1,6,2,58,9,1199,2,2,4,1
2014350204514,3,9,0,18,0,0,0,0,0,0,1,1,6,1,18,4,1968,2,5,6,2
2014350204514,4,9,0,18,0,0,0,0,0,0,2,1,6,1,39,7,1956,2,3,-1,1
2014350204514,5,9,0,18,0,0,0,0,0,0,1,1,6,2,21,5,1587,1,14,10,2
2014350204514,6,9,0,18,0,0,0,0,0,0,1,1,6,1,18,4,1296,1,8,6,2
2014350204614,1,9,0,4,0,0,0,0,0,0,2,1,6,2,38,7,1390,1,10,7,2
2014350204614,2,9,0,18,0,0,0,0,0,0,1,1,6,2,38,7,875,1,1,9,1
2014350204714,1,1,0,18,0,8,0,0,0,0,1,1,1,1,39,7,-1,-1,-1,10,1
2014350204714,2,9,0,7,0,6,0,0,0,0,3,1,1,2,53,8,1582,2,1,-1,-1
2014350204814,1,9,0,18,0,8,0,0,0,0,1,1,6,1,38,7,973,1,15,2,1
2014350204814,2,9,0,3,0,1,0,0,0,0,2,1,6,1,63,9,1598,2,-1,4,1
2014350204814,3,9,0,5,0,8,0,0,0,0,1,1,6,2,36,7,1910,2,8,6,1
2014350204914,1,9,0,18,0,0,0,0,0,0,3,1,6,3,24,5,-1,-1,-1,-1,-1
2014350204914,2,9,0,2,0,0,0,0,0,0,0,1,6,1,24,5,-1,-1,-1,3,1
2014350205014,1,9,0,11,0,8,0,0,0,0,2,1,2,2,20,4,1299,1,12,1,1
2014350205014,2,9,0,11,0,8,1,0,0,0,1,1,6,2,27,6,1299,1,12,4,1
2014350205114,1,9,0,13,0,8,0,0,0,0,3,1,2,2,65,9,1339,1,12,8,2
2014350205114,2,1,0,18,0,8,0,0,0,0,3,1,2,1,55,8,-1,-1,-1,-1,-1
2014350205214,1,9,0,18,0,0,0,0,0,0,3,1,1,1,27,6,-1,-1,-1,1,1
2014350205214,2,9,0,1,0,0,0,0,0,0,1,1,6,2,36,7,1149,1,4,2,1
2014350205314,1,9,0,18,0,8,0,0,0,0,1,1,1,2,29,6,1388,1,8,2,1
2014350205314,2,9,0,5,0,7,0,0,0,0,2,1,1,1,45,7,1896,2,7,10,1
2014350205414,1,9,0,13,0,0,0,0,0,0,4,1,6,2,72,10,1200,1,-1,8,3
2014350205414,2,16,0,18,0,0,0,0,0,0,3,1,6,2,61,9,-1,-1,-1,8,3
2014350205514,1,9,0,18,0,1,0,0,0,0,1,1,6,2,-1,-1,-1,-1,-1,-1,-1
2014350205514,2,1,0,18,0,2,0,0,0,0,1,1,6,1,38,7,-1,-1,-1,8,1
2014350205614,1,9,0,12,0,8,0,0,0,0,0,1,6,3,-1,-1,-1,-1,-1,-1,-1
2014350205614,2,9,0,18,0,8,2,0,1,4,2,1,6,1,34,6,1560,2,4,-1,1
2014350205714,1,9,0,9,0,2,0,0,0,0,2,1,6,2,40,7,1596,1,13,-1,-1
2014350205714,2,9,0,18,0,2,0,0,0,0,1,1,6,1,27,6,1997,2,9,3,1
2014350205814,1,2,0,4,0,0,0,0,0,0,0,1,1,1,18,4,49,1,10,-1,1
2014350205914,1,8,0,7,0,5,0,0,0,0,2,1,1,2,44,7,1598,2,3,3,1
2014350205914,2,1,0,18,4,8,0,0,0,0,1,1,2,2,21,5,-1,-1,-1,-1,1
2014350206014,1,1,0,18,0,2,0,0,0,0,1,1,2,1,40,7,-1,-1,-1,10,2
2014350206014,2,9,0,4,0,2,0,0,0,0,2,1,2,1,48,8,1598,1,7,9,3
2014350206114,1,9,0,7,0,1,0,0,0,0,3,1,6,1,84,11,1598,1,4,9,1
2014350206114,2,1,0,18,0,8,0,0,0,0,1,1,6,2,62,9,-1,-1,-1,6,1
2014350206214,1,9,0,4,0,1,0,0,0,0,1,1,2,2,23,5,1124,1,16,-1,-1
2014350206214,2,9,0,3,0,1,0,0,0,0,2,1,3,2,42,7,1560,2,-1,5,2
2014350206314,1,9,0,16,0,0,1,0,1,7,3,1,1,2,32,6,1360,1,9,-1,3
2014350206414,1,9,0,14,0,0,0,4,0,0,3,1,1,2,27,6,1197,1,-1,5,1
2014350206414,2,19,0,18,0,0,0,0,1,0,3,1,1,1,69,10,2198,2,-1,9,2
2014350206414,3,9,0,2,0,0,0,0,0,0,3,1,6,3,-1,-1,2179,2,10,-1,-1
2014350206514,1,1,0,4,9,1,0,0,0,0,1,1,6,1,34,6,-1,-1,-1,8,1
2014350206514,2,9,0,4,0,1,0,0,0,0,1,1,6,1,58,9,1997,2,11,10,1
2014350206614,1,9,0,18,0,4,0,0,0,0,1,1,2,1,37,7,1493,2,9,6,2
2014350206614,2,1,0,18,0,8,0,0,0,0,2,1,2,2,51,8,-1,-1,-1,10,2
2014350206714,1,8,0,13,0,1,0,0,0,0,1,1,6,3,-1,-1,-1,-1,-1,-1,-1
2014350206714,2,1,0,13,0,1,0,0,0,0,1,1,2,1,31,6,-1,-1,-1,8,3
2014350206814,1,9,0,5,0,1,0,0,0,0,1,1,6,1,24,5,1398,2,4,7,1
2014350206814,2,9,0,3,0,1,0,0,0,0,2,1,2,2,41,7,2148,2,5,8,1
2014350206914,1,9,0,9,0,6,0,0,0,0,1,1,6,1,50,8,1997,1,2,9,1
2014350206914,2,9,0,18,0,8,0,0,0,0,4,1,6,2,69,10,1997,2,11,6,1
2014350207014,1,21,0,1,0,0,0,0,0,0,2,1,1,1,37,7,-1,-1,-1,6,2
2014350207114,1,9,0,18,0,0,5,0,1,4,1,1,1,1,51,8,1390,1,-1,2,1
2014350207214,1,9,0,18,0,0,2,0,1,0,1,1,6,1,39,7,1199,1,11,4,1
2014350207314,1,9,0,5,0,6,0,0,0,0,1,1,6,1,35,6,-1,-1,-1,-1,-1
2014350207314,2,1,0,18,0,8,0,0,0,0,4,1,6,1,21,5,-1,-1,-1,4,1
2014350207414,1,9,0,18,0,2,0,0,0,0,4,1,6,1,54,8,2204,2,7,4,2
2014350207514,1,9,0,5,9,6,0,0,0,0,1,1,6,1,54,8,1997,2,-1,-1,3
2014350207514,2,1,0,18,9,8,0,0,0,0,3,1,6,2,23,5,-1,-1,-1,9,3
2014350207614,1,9,0,18,0,8,0,0,0,0,4,1,6,3,-1,-1,-1,-1,-1,-1,-1
2014350207614,2,1,0,18,0,8,0,0,0,0,3,1,1,1,36,7,-1,-1,-1,4,1
2014350207714,1,9,0,18,0,0,0,0,0,0,1,1,2,1,33,6,1124,1,19,4,1
2014350207714,2,1,0,18,9,0,0,0,0,0,3,1,2,1,24,5,-1,-1,-1,4,2
2014350207814,1,9,0,18,0,0,0,0,0,0,1,1,6,1,31,6,1910,2,6,7,1