Accident_Index,Vehicle_Reference,Vehicle_Type,Towing_and_Articulation,Vehicle_Manoeuvre,Vehicle_Location-Restricted_Lane,Junction_Location,Skidding_and_Overturning,Hit_Object_in_Carriageway,Vehicle_Leaving_Carriageway,Hit_Object_off_Carriageway,1st_Point_of_Impact,Was_Vehicle_Left_Hand_Drive?,Journey_Purpose_of_Driver,Sex_of_Driver,Age_of_Driver,Age_Band_of_Driver,Engine_Capacity_(CC),Propulsion_Code,Age_of_Vehicle,Driver_IMD_Decile,Driver_Home_Area_Type
2014350207814,2,2,0,18,0,0,0,0,0,0,2,1,2,1,18,4,-1,-1,-1,9,1
2014350207914,1,9,0,18,0,0,0,4,0,0,1,1,6,2,79,11,998,1,14,2,1
2014350207914,2,9,0,2,0,0,0,0,0,0,2,1,6,3,-1,-1,2495,2,11,10,2
2014350207914,3,9,0,13,0,0,0,0,1,2,1,1,6,1,20,4,1124,1,13,2,1
2014350208014,1,3,0,18,0,0,2,0,1,0,1,1,6,1,27,6,124,1,-1,-1,-1
2014350208114,1,9,0,9,0,5,0,0,0,0,1,2,2,1,29,6,-1,-1,-1,9,1
2014350208114,2,1,0,18,9,8,0,0,0,0,3,1,4,1,16,4,-1,-1,-1,7,1
2014350208214,1,9,0,17,0,0,1,0,1,4,1,1,6,2,18,4,998,1,13,6,2
2014350208514,1,1,0,18,0,8,0,0,0,0,1,1,6,1,-1,-1,-1,-1,-1,10,1
2014350208514,2,9,0,9,0,6,0,0,0,0,4,1,6,2,48,8,-1,-1,-1,4,1
2014350208614,1,19,0,9,0,6,0,0,0,0,1,1,1,1,28,6,1968,2,-1,4,1
2014350208614,2,9,0,18,0,8,0,0,0,0,1,1,2,1,39,7,1124,1,14,5,3
2014350208714,1,9,0,18,0,3,0,9,0,1,1,1,2,1,45,7,1968,2,2,6,1
2014350208814,1,9,0,7,0,6,0,0,0,0,1,1,6,1,-1,-1,-1,-1,-1,-1,-1
2014350208814,2,1,0,18,0,8,0,0,0,0,4,1,6,1,49,8,-1,-1,-1,4,1
2014350208914,1,8,0,9,0,3,1,0,0,0,1,1,1,1,32,6,1975,2,16,1,1
2014350208914,2,9,0,18,0,4,0,0,0,0,3,1,6,2,42,7,1388,1,14,8,3
2014350209014,1,9,0,17,0,8,1,0,1,1,1,1,6,2,44,7,1968,2,8,10,2
2014350209114,1,19,0,18,0,1,0,0,0,0,4,1,6,3,-1,-1,-1,-1,-1,-1,-1
2014350209214,1,9,0,2,0,0,0,0,0,0,3,1,6,1,52,8,-1,-1,-1,9,3
2014350209214,2,1,0,14,0,0,0,8,0,0,1,1,6,1,38,7,-1,-1,-1,2,1
2014350209314,1,9,0,13,0,0,0,0,0,0,4,1,6,3,-1,-1,-1,-1,-1,-1,-1
2014350209314,2,1,0,18,4,0,0,0,0,0,2,1,6,1,21,5,-1,-1,-1,7,1
2014350209414,1,9,0,9,0,5,0,0,0,0,1,1,2,1,31,6,1360,1,8,7,1
2014350209514,1,9,0,9,0,5,0,0,0,0,1,1,6,3,-1,-1,2656,1,11,-1,-1
2014350209614,1,9,0,7,0,5,0,0,0,0,3,1,6,1,24,5,-1,-1,-1,-1,3
2014350209714,1,9,0,18,0,0,0,0,0,0,1,1,2,2,50,8,2996,1,5,7,1
2014350209814,1,9,0,17,0,1,0,0,0,0,1,1,1,1,35,6,1910,2,6,2,1
2014350209814,2,9,0,17,0,1,0,0,0,0,2,1,6,2,31,6,1360,1,13,6,1
2014350209914,1,9,0,16,0,0,5,0,5,0,1,1,6,1,41,7,2495,2,18,7,1
2014350210014,1,9,0,18,0,0,0,0,0,0,1,1,2,1,47,8,-1,-1,-1,2,1
2014350210014,2,5,0,3,0,0,0,0,1,7,2,1,2,1,48,8,-1,-1,-1,9,2
2014350210014,3,9,0,3,0,0,0,0,0,0,2,1,2,1,30,6,-1,-1,-1,9,3
2014350210114,1,9,0,18,0,1,1,0,0,0,1,1,2,1,53,8,1364,2,7,6,2
2014350210114,2,9,0,10,0,1,0,0,0,0,2,1,2,2,43,7,3200,1,15,9,3
2014350210214,1,9,0,17,0,0,5,0,1,9,1,1,2,2,24,5,1248,2,2,9,2
2014350210314,1,9,0,9,0,5,0,0,0,0,4,1,1,2,41,7,1598,1,6,10,1
2014350210314,2,9,0,18,0,8,0,0,0,0,1,1,1,2,38,7,1598,2,5,-1,-1
2014350210414,1,9,0,18,0,0,1,0,1,4,2,1,6,1,24,5,1995,2,10,-1,1
2014350210414,2,9,0,18,0,0,0,0,0,0,0,1,1,1,44,7,2993,2,2,-1,-1
2014350210514,1,21,1,12,0,0,0,0,0,0,1,2,1,1,46,8,-1,-1,-1,-1,-1
2014350210514,2,9,0,18,0,0,1,0,1,0,2,1,6,1,64,9,1360,1,2,8,2
2014350210614,1,9,0,16,0,0,0,6,7,10,1,1,6,1,22,5,1781,1,12,8,3
2014350210714,1,9,0,18,0,4,0,0,0,0,1,1,1,1,60,9,998,1,15,2,1
2014350210714,2,9,0,9,0,8,0,0,0,0,4,1,6,1,57,9,2987,2,4,9,3
2014350210914,1,9,0,18,0,0,0,0,0,0,1,1,2,1,59,9,1998,1,24,5,1
2014350210914,2,19,0,18,0,0,0,0,0,0,1,1,2,2,62,9,1995,2,-1,6,1
2014350211014,1,9,0,7,0,6,0,0,0,0,4,1,1,2,55,8,1242,1,10,9,2
2014350211014,2,9,0,17,0,8,0,0,7,0,1,1,1,2,32,6,1598,1,11,2,1
2014350211114,1,19,0,9,0,8,0,0,0,0,1,1,1,1,24,5,1248,2,2,6,1
2014350211114,2,9,0,18,0,8,0,0,0,0,3,1,2,1,32,6,1587,1,12,4,1
2014350211214,1,9,0,12,0,7,0,0,0,0,1,1,2,1,44,7,1753,2,13,2,1
2014350211214,2,9,0,12,0,7,1,0,0,0,2,1,2,1,53,8,1560,2,2,5,1
2014350211214,3,9,0,12,0,7,1,0,0,0,2,1,2,1,33,6,1910,2,9,8,1
2014350211314,1,9,0,18,0,0,0,0,0,0,1,1,6,2,81,11,1598,1,12,8,2
2014350211314,2,9,0,2,0,0,0,0,1,10,2,1,6,2,52,8,2902,2,8,10,2
2014350211414,1,9,0,18,0,8,1,0,0,0,4,1,6,1,89,11,2500,1,13,5,1
2014350211414,2,9,0,5,0,4,0,0,0,0,3,1,6,2,32,6,1896,2,6,5,1
2014350211514,1,9,0,18,0,0,0,0,2,0,1,1,6,1,25,5,2183,2,4,1,1
2014350211514,2,9,0,18,0,0,0,0,4,0,2,1,6,2,64,9,1360,1,5,10,3
2014350211714,1,9,0,18,0,0,0,0,0,0,3,1,6,1,40,7,2151,2,14,-1,-1
2014350211714,2,3,0,18,0,0,0,0,0,0,3,1,6,1,20,4,-1,-1,-1,3,3
2014350211814,1,9,0,18,0,0,2,10,1,10,1,1,6,2,18,4,1198,1,1,10,1
2014350211914,1,9,0,18,0,1,0,0,0,0,1,1,6,3,-1,-1,-1,-1,-1,-1,-1
2014350212014,1,9,0,18,0,0,0,0,0,0,1,1,6,1,54,8,1388,1,5,9,1
2014350212014,2,9,0,4,0,0,0,0,0,0,4,1,6,2,42,7,1598,1,6,6,3
2014350212014,3,9,0,4,0,0,0,0,0,0,2,1,6,2,22,5,1598,1,3,5,1
2014350212014,4,9,0,4,0,0,0,0,0,0,2,1,6,2,46,8,1582,2,2,8,2
2014350212114,1,19,0,18,0,0,0,0,0,0,1,1,1,1,52,8,2198,2,5,7,1
2014350212114,2,9,0,4,0,0,0,0,0,0,2,1,2,1,24,5,-1,-1,-1,7,3
2014350212214,1,9,0,4,0,2,1,0,0,0,1,1,2,2,18,4,993,1,12,10,1
2014350212214,2,9,0,3,0,2,0,0,0,0,2,1,6,2,19,4,1198,1,4,10,3
2014350212214,3,9,0,3,0,2,0,0,0,0,2,1,2,1,53,8,-1,-1,-1,9,2
2014350212314,1,9,0,18,0,0,0,0,0,0,1,1,2,1,28,6,1968,2,7,7,2
2014350212314,2,8,0,4,0,0,0,0,0,0,2,1,1,1,31,6,1896,2,8,1,1
2014350212314,3,9,0,3,0,0,0,0,0,0,2,1,6,1,51,8,1560,2,4,8,3
2014350212414,1,9,0,5,0,4,0,0,0,0,1,1,2,2,30,6,-1,-1,-1,7,1
2014350212414,2,1,0,16,0,8,0,0,0,0,1,1,2,2,27,6,-1,-1,-1,7,1
2014350212514,1,9,0,7,0,5,0,0,0,0,1,1,6,2,30,6,1910,2,10,4,1
2014350212514,2,1,0,18,0,8,0,0,0,0,4,1,6,1,32,6,-1,-1,-1,2,1
2014350212614,1,19,0,1,0,6,0,0,0,0,2,1,6,1,25,5,-1,-1,-1,-1,-1
2014350212714,1,9,0,17,0,0,2,0,1,9,0,1,2,2,24,5,1796,1,11,6,2
2014350212814,1,9,0,4,0,0,0,7,0,0,1,1,6,1,71,10,-1,-1,-1,6,1
2014350212814,2,9,0,4,0,0,0,0,1,9,2,1,6,2,34,6,1390,1,4,1,1
2014350212914,1,9,0,1,0,5,0,0,0,0,2,1,6,1,59,9,2720,2,6,3,1
2014350213014,1,9,0,18,0,0,0,0,4,6,1,1,6,1,23,5,1360,1,13,3,1
2014350213114,1,9,0,18,0,1,1,0,0,0,1,1,6,1,28,6,-1,-1,-1,4,2
2014350213114,2,9,0,18,0,1,0,0,0,0,2,1,6,2,48,8,1398,2,4,5,1
2014350213114,3,9,0,9,0,5,0,0,0,0,2,1,6,1,35,6,1995,2,9,4,1
2014350213214,1,9,0,18,0,0,1,0,1,10,4,1,3,2,17,4,1124,1,9,4,1
2014350213214,2,9,0,2,0,0,0,0,0,0,1,1,6,2,52,8,-1,-1,-1,-1,-1
2014350213314,1,9,0,4,0,1,0,0,0,0,1,1,6,1,35,6,3500,1,2,-1,1
2014350213314,2,9,0,3,0,1,0,0,0,0,2,1,6,1,18,4,-1,-1,-1,7,1
2014350213314,3,9,0,3,0,1,0,0,0,0,2,1,6,1,55,8,998,1,15,7,1
2014350213414,1,9,0,9,0,6,0,0,0,0,1,1,6,1,59,9,1968,2,6,-1,1
2014350213414,2,1,0,17,0,8,0,0,0,0,1,1,6,2,77,11,-1,-1,-1,1,1
2014350213514,1,9,0,13,0,8,0,0,0,0,1,1,6,1,25,5,-1,-1,-1,4,3
2014350213514,2,9,0,9,0,5,0,0,7,0,4,1,6,1,30,6,1986,2,9,4,3
2014350213614,1,9,0,16,0,0,2,0,7,9,1,1,6,1,18,4,1199,1,10,7,3
2014350213714,1,9,0,18,0,0,1,0,1,4,4,1,1,1,19,4,1587,1,9,8,2
2014350213814,1,90,0,18,0,0,0,10,0,0,4,1,6,1,26,6,-1,-1,-1,1,1
2014350213914,1,9,0,9,0,6,0,0,0,0,3,1,2,2,63,9,1598,1,8,10,1
2014350213914,2,5,0,18,0,8,0,0,0,0,4,1,2,1,58,9,749,1,22,3,3
2014350214014,1,9,0,9,0,5,0,0,0,0,1,1,6,1,26,6,1398,2,10,9,2
2014350214014,2,9,0,18,0,1,0,0,0,0,1,1,6,1,27,6,1753,2,13,-1,-1
2014350214114,1,9,0,18,0,0,0,0,0,0,1,1,2,1,25,5,1398,2,-1,-1,-1
2014350214114,2,9,0,16,0,0,0,0,0,0,1,1,6,2,29,6,1686,2,7,9,3
2014350214214,1,9,0,18,0,6,0,0,7,9,1,1,1,2,19,4,1598,1,7,5,1
2014350214214,2,9,0,18,0,1,0,0,0,0,1,1,1,1,40,7,1198,1,2,4,3
2014350214314,1,9,0,6,8,8,0,0,0,0,4,1,3,2,44,7,-1,-1,-1,10,1
2014350214314,2,1,0,18,0,8,0,0,0,0,1,1,6,1,59,9,-1,-1,-1,10,2
2014350214414,1,9,0,9,0,6,0,0,0,0,3,1,6,1,70,10,1997,2,1,-1,-1
2014350214414,2,3,0,18,0,8,2,0,0,0,1,1,6,1,23,5,124,1,14,7,3
2014350214514,1,19,0,18,0,1,1,0,0,0,1,1,2,1,45,7,1995,2,4,3,1
2014350214514,2,19,0,4,0,1,1,0,0,0,2,1,2,1,30,6,1598,2,1,8,2
2014350214514,3,9,0,3,0,1,0,0,0,0,2,1,2,1,40,7,1390,1,5,4,1
2014350214514,4,9,0,3,0,1,0,0,0,0,2,1,2,2,28,6,1198,1,9,5,1
2014350214614,1,9,0,16,0,0,1,0,2,4,1,1,6,1,18,4,1124,1,11,-1,-1
2014350214714,1,9,0,18,0,4,0,0,0,0,3,1,6,2,28,6,1390,1,13,7,1
2014350214714,2,9,0,9,0,8,0,0,0,0,1,1,6,1,18,4,1196,1,26,10,3
2014350214814,1,9,0,9,0,6,0,0,0,0,4,1,1,1,44,7,2995,1,1,7,3
2014350214814,2,1,0,18,0,1,0,0,0,0,1,1,6,1,43,7,-1,-1,-1,9,2
2014350214914,1,9,0,1,0,0,0,0,0,0,4,1,6,1,33,6,1798,1,6,-1,-1
2014350214914,2,9,0,18,0,0,0,0,0,0,1,1,6,2,52,8,1686,2,3,-1,-1
2014350215014,1,1,0,18,0,0,5,0,0,0,1,1,6,1,18,4,-1,-1,-1,6,1
2014350215014,2,1,0,5,0,0,5,0,0,0,3,1,6,1,47,8,-1,-1,-1,8,1
2014350215114,1,9,0,4,0,1,0,0,0,0,1,1,6,1,-1,-1,1798,1,12,-1,-1
2014350215114,2,9,0,3,0,1,0,0,0,0,2,1,6,1,57,9,1587,1,8,3,3
2014350215214,1,9,0,18,0,4,0,0,0,0,1,1,6,1,85,11,1199,1,10,9,2
2014350215214,2,1,0,9,0,8,0,0,0,0,2,1,6,1,71,10,-1,-1,-1,9,2
2014350215314,1,9,0,9,0,6,0,0,0,0,4,1,6,2,61,9,1300,1,14,6,1
2014350215314,2,5,0,18,0,1,0,0,0,0,3,1,2,1,42,7,636,1,8,9,1
2014350215414,1,3,0,4,0,1,1,0,0,0,4,1,6,1,17,4,125,1,5,10,2
2014350215614,1,9,0,18,0,1,0,0,0,0,1,1,6,2,-1,-1,-1,-1,-1,-1,-1
2014350215714,1,9,0,9,0,6,0,0,0,0,4,1,6,1,30,6,1998,2,6,5,3
2014350215714,2,1,0,18,0,8,0,0,0,0,1,1,6,1,31,6,-1,-1,-1,4,1
2014350215814,1,1,0,12,0,0,0,0,0,0,0,1,1,1,28,6,-1,-1,-1,5,1
2014350215814,2,9,0,18,0,0,0,0,0,0,0,1,1,1,29,6,1896,2,13,-1,3
2014350215814,3,5,0,13,0,0,1,0,7,2,3,1,1,1,39,7,749,1,3,1,1
2014350216014,1,9,0,4,0,0,0,0,0,0,2,1,6,1,64,9,599,1,11,7,2
2014350216014,2,9,0,18,0,0,0,0,0,0,1,1,6,1,-1,-1,1598,2,-1,-1,-1
2014350216014,3,19,0,18,0,0,0,0,0,0,0,1,6,1,26,6,-1,-1,-1,1,1
2014350216114,1,9,0,5,0,4,0,0,0,0,1,1,6,1,-1,-1,-1,-1,-1,-1,-1
2014350216114,2,1,0,9,0,8,0,0,0,0,2,1,2,1,24,5,-1,-1,-1,10,1
2014350216214,1,9,0,9,0,5,0,0,0,0,1,1,2,1,23,5,1896,2,12,-1,1
2014350216214,2,9,0,18,0,8,0,0,0,0,1,1,6,2,41,7,1560,2,2,3,1
2014350216314,1,9,0,18,0,1,0,0,0,0,1,1,6,1,30,6,2188,2,12,-1,-1
2014350216314,2,9,0,9,0,6,0,0,0,0,1,1,3,2,25,5,1149,1,15,7,1
2014350216414,1,19,0,18,0,0,0,0,0,0,1,1,6,1,18,4,1598,2,2,3,3
2014350216414,2,9,0,3,0,0,0,0,0,0,2,1,6,1,25,5,1998,2,11,4,1
2014350216514,1,19,0,4,0,0,0,0,0,0,1,1,2,1,45,7,10837,2,4,1,1
2014350216514,2,9,0,4,0,0,0,0,1,0,2,1,2,2,30,6,-1,-1,-1,-1,-1
2014350216714,1,9,0,9,0,6,0,0,0,0,3,1,6,2,41,7,1997,2,11,4,2
2014350216714,2,9,0,17,0,8,0,0,0,0,1,1,6,2,48,8,1229,1,2,5,1
2014350216814,1,9,0,18,0,4,0,0,0,0,1,1,6,2,45,7,-1,-1,-1,-1,-1
2014350216814,2,9,0,5,0,4,0,0,0,0,2,1,6,2,17,4,1299,1,11,10,1
2014350216914,1,9,0,9,0,2,0,0,0,0,1,1,6,1,28,6,2319,1,13,3,1
2014350216914,2,9,0,4,0,2,0,0,0,0,2,1,6,1,52,8,1598,1,11,3,3
2014350217014,1,2,0,4,0,0,2,0,0,0,3,1,2,1,60,9,49,1,11,7,1
2014350217114,1,9,0,18,0,1,0,4,0,0,1,1,1,1,21,5,1399,2,6,3,1
2014350217114,2,9,0,2,0,1,0,0,0,0,4,1,6,1,53,8,1995,1,7,10,1
2014350217314,1,9,0,18,0,0,0,4,0,0,1,1,2,2,22,5,1396,1,12,8,2
2014350217314,2,9,0,2,0,0,0,0,0,0,1,1,6,2,-1,-1,2460,2,9,8,2
2014350217414,1,19,0,18,0,7,0,0,0,0,4,1,1,1,33,6,1998,2,11,2,1
2014350217414,2,19,0,4,0,7,0,0,0,0,3,1,1,1,58,9,2998,2,5,6,1
2014350217414,3,19,0,18,0,7,0,0,5,6,4,1,1,1,24,5,1996,2,-1,6,1
2014350217514,1,9,0,16,0,0,1,0,1,9,4,1,2,2,29,6,1199,1,15,6,1
2014350217614,1,9,0,18,0,0,0,0,0,0,4,1,6,3,-1,-1,-1,-1,-1,-1,-1
2014350217814,1,19,0,11,0,0,0,0,0,0,4,1,6,3,-1,-1,-1,-1,-1,-1,-1
2014350217814,2,1,0,18,0,0,0,0,0,0,3,1,6,2,35,6,-1,-1,-1,6,1
2014350217914,1,9,0,9,0,6,0,0,0,0,1,1,6,2,-1,-1,3498,1,9,5,1
2014350217914,2,9,0,9,0,8,0,0,1,0,4,1,6,1,38,7,1587,1,13,3,1
2014350218014,1,9,0,18,0,1,0,0,0,0,1,1,6,1,-1,-1,1761,1,14,-1,-1
2014350218014,2,9,0,3,0,1,0,0,0,0,2,1,6,2,34,6,1753,2,6,9,2
2014350218114,1,9,0,18,0,0,0,11,0,0,1,1,2,1,59,9,1896,2,12,3,1
2014350218214,1,9,0,14,0,0,0,0,0,0,3,1,6,2,35,6,2993,2,-1,9,3
2014350218314,1,9,0,16,0,0,0,0,0,0,1,1,6,1,41,7,1840,1,14,4,1
2014350218314,2,19,0,17,0,0,0,0,1,0,1,1,6,1,32,6,2874,2,15,3,1
2014350218414,1,11,0,18,0,0,0,0,0,0,1,1,6,1,46,8,12580,2,9,10,1
2014350218414,2,1,0,18,0,0,0,0,1,0,2,1,6,1,29,6,-1,-1,-1,10,1
2014350218514,1,9,0,16,0,0,1,0,7,0,4,1,6,1,22,5,1998,1,9,9,2
2014350218514,2,9,0,18,0,0,0,0,0,0,1,1,6,1,41,7,3000,1,4,8,1
2014350218614,1,9,0,17,0,0,0,0,0,0,1,1,1,1,29,6,1461,2,10,6,3
2014350218614,2,1,0,16,0,0,0,0,0,0,1,1,1,1,22,5,-1,-1,-1,2,1
2014350219014,1,9,0,16,0,1,1,0,1,9,1,1,6,1,24,5,1598,1,16,3,3
2014350219014,2,9,0,17,0,1,2,0,1,9,3,1,6,1,48,8,1686,2,1,-1,-1
2014350219114,1,9,0,18,0,0,0,0,1,0,0,1,6,1,-1,-1,1796,2,1,3,1
2014350219214,1,9,0,18,0,0,0,0,1,9,1,1,6,1,21,5,1343,1,19,7,1
2014350219314,1,9,0,9,0,6,0,0,0,0,1,1,6,1,72,10,2179,2,5,10,2
2014350219314,2,1,0,18,0,8,0,0,0,0,1,1,6,1,83,11,-1,-1,-1,10,2
2014350219414,1,9,0,18,0,6,0,0,0,0,1,1,6,2,18,4,998,1,8,10,3
2014350219414,2,5,0,18,0,8,0,0,0,0,3,1,6,1,50,8,1690,1,2,-1,-1
2014350219614,1,9,0,18,0,0,0,0,0,0,1,1,6,2,25,5,998,1,13,1,1
2014350219614,2,9,0,4,0,0,0,0,0,0,2,1,6,1,42,7,1870,2,13,9,1
2014350219614,3,9,0,4,0,0,0,0,0,0,2,1,6,2,23,5,1390,1,3,7,2
2014350225014,1,9,0,18,0,0,0,4,0,0,3,1,6,3,-1,-1,-1,-1,-1,-1,-1
2014350225014,2,9,0,2,0,0,0,0,0,0,0,1,6,2,22,5,1995,2,11,3,1
2014350225114,1,9,0,18,0,1,0,0,0,0,1,1,6,2,38,7,1686,2,8,7,3
2014350225114,2,9,0,8,0,1,0,0,0,0,2,1,6,2,40,7,1124,1,9,9,2
2014350225214,1,9,0,9,0,5,0,0,3,0,4,1,6,2,33,6,1686,2,4,-1,1
2014350225214,2,9,0,18,0,8,0,0,1,0,1,1,6,1,64,9,-1,-1,-1,10,3
2014350225314,1,9,0,1,0,0,0,10,7,10,2,1,6,2,80,11,1598,1,16,7,2
2014350225414,1,9,0,9,9,8,0,0,0,0,1,1,6,1,53,8,2993,2,10,7,2
2014350225514,1,4,0,18,0,0,2,0,0,0,0,1,2,1,50,8,249,1,2,8,3
2014350225614,1,9,0,18,0,0,2,12,7,4,1,1,2,1,40,7,3246,1,11,-1,-1
2014350225714,1,9,0,18,0,0,0,0,7,4,1,1,6,1,54,8,1149,1,10,-1,1
2014350225814,1,9,0,9,0,5,0,0,7,0,4,1,6,2,26,6,1360,1,10,8,1
2014350225814,2,9,0,18,0,8,0,0,0,0,1,1,1,2,61,9,-1,-1,-1,6,1
2014350225914,1,9,0,9,0,6,0,0,0,0,3,1,2,1,36,7,-1,-1,-1,3,1
2014350225914,2,1,0,18,0,8,0,0,0,0,1,1,2,1,22,5,-1,-1,-1,1,1
2014350226014,1,9,0,5,0,6,0,0,0,0,1,1,6,3,-1,-1,-1,-1,-1,-1,-1
2014350226014,2,1,0,18,0,8,0,0,0,0,1,1,6,1,26,6,-1,-1,-1,7,1
2014350226314,1,9,0,18,0,0,0,0,0,0,0,1,6,3,-1,-1,-1,-1,-1,-1,-1
2014350226414,1,3,0,18,0,1,1,0,0,0,0,1,6,1,21,5,124,1,-1,-1,3
2014350226514,1,9,0,18,0,8,0,0,0,0,1,1,2,1,-1,-1,973,1,15,4,1
2014350226514,2,9,0,9,0,5,0,0,0,0,1,1,2,2,-1,-1,1248,1,-1,-1,3
2014350226614,1,19,0,18,0,1,0,0,0,0,1,1,6,3,-1,-1,-1,-1,-1,-1,-1
2014350226614,2,9,0,4,0,1,0,0,0,0,1,1,6,2,62,9,1794,1,7,4,3
2014350226714,1,3,0,18,0,1,0,0,0,0,1,1,6,1,18,4,124,1,1,7,3
2014350226714,2,19,0,4,0,1,0,0,0,0,2,1,6,1,48,8,-1,-1,-1,9,1
2014350226814,1,9,0,17,0,0,1,0,0,0,4,1,2,2,22,5,998,1,14,8,1
2014350226814,2,9,0,16,0,0,0,0,0,0,3,1,6,1,44,7,1490,1,9,-1,1
2014350226914,1,9,0,18,0,0,2,0,7,9,1,1,6,1,22,5,1984,1,10,6,2
2014350227014,1,19,4,18,0,0,0,0,0,0,1,1,6,1,57,9,2287,2,6,2,1
2014350227114,1,9,0,17,0,0,2,0,7,9,0,1,1,2,32,6,1386,1,8,2,1
2014350227214,1,9,0,16,0,0,5,0,0,0,4,1,6,1,21,5,-1,-1,-1,4,1
2014350227314,1,9,0,7,0,6,0,0,0,0,3,1,1,1,23,5,1781,1,14,4,1
2014350227314,2,9,0,18,0,8,0,0,0,0,1,1,6,1,52,8,1598,1,-1,7,2
2014350227514,1,9,0,9,0,5,0,0,0,0,1,1,6,1,50,8,1598,1,7,6,1
2014350227514,2,9,0,18,0,8,0,0,0,0,1,1,6,1,54,8,1956,2,3,9,2
2014350228014,1,9,0,18,0,0,0,0,0,0,4,1,1,2,54,8,1753,2,10,-1,-1
2014350228114,1,9,0,4,0,1,0,0,0,0,1,1,6,2,54,8,1598,1,12,5,1
2014350228114,2,9,0,4,0,1,0,0,0,0,2,1,6,2,55,8,1149,1,4,8,3
2014350228114,3,9,0,4,0,1,0,0,0,0,1,1,6,2,27,6,1329,1,2,9,1
2014350228114,4,9,0,4,0,1,0,0,0,0,2,1,6,1,44,7,1598,2,3,9,1
2014350228214,1,21,0,18,0,1,0,0,0,0,1,1,1,1,39,7,-1,-1,-1,-1,-1
2014350228214,2,9,0,4,0,1,0,0,0,0,2,1,6,1,32,6,3100,1,10,7,3
2014350228314,1,9,0,13,0,0,0,0,0,0,1,1,6,2,40,7,-1,-1,-1,-1,-1
2014350228314,2,1,0,18,0,0,0,0,0,0,1,1,6,2,41,7,-1,-1,-1,10,1
2014350228414,1,9,0,18,0,0,1,7,0,0,1,1,2,1,36,7,1995,2,13,8,1
2014350228514,1,9,0,7,0,2,0,0,0,0,1,1,6,3,-1,-1,-1,-1,-1,-1,-1
2014350228514,2,1,0,18,0,2,5,0,0,0,2,1,4,1,15,3,-1,-1,-1,3,1
2014350228614,1,9,0,18,0,0,0,0,0,0,1,1,6,2,35,6,1399,1,6,6,1
2014350228614,2,9,0,18,0,0,0,0,0,0,1,1,6,2,50,8,1197,1,2,10,1
2014350228714,1,9,0,9,0,6,0,0,0,0,1,1,2,2,62,9,1870,2,11,8,1
2014350228714,2,9,0,17,0,8,0,0,0,0,4,1,2,2,21,5,1149,1,14,7,1
2014350228814,1,3,0,18,0,8,0,0,0,0,0,1,1,1,20,4,124,1,13,3,3
2014350228814,2,9,0,5,0,6,0,0,0,0,0,1,6,1,-1,-1,-1,-1,-1,-1,-1
2014350228914,1,9,0,5,0,1,0,0,0,0,1,1,6,2,26,6,-1,-1,-1,8,1
2014350228914,2,9,0,3,0,1,0,0,0,0,2,1,1,2,58,9,-1,-1,-1,3,1
2014350229014,1,9,0,18,7,0,0,4,0,0,1,1,2,2,71,10,1796,1,7,6,1
2014350229014,2,21,0,2,6,0,0,0,0,0,2,1,1,1,50,8,12130,2,9,5,1
2014350230014,1,17,4,3,0,0,0,0,0,0,2,1,1,1,23,5,-1,2,13,9,2
2014350230014,2,9,0,4,0,0,0,0,0,0,1,1,2,1,50,8,2143,2,1,6,3
2014350230114,1,9,0,15,0,0,1,0,6,10,1,1,6,1,25,5,1229,1,4,6,3
2014350230214,1,1,0,18,0,0,0,0,0,0,3,1,6,2,39,7,-1,-1,-1,2,1
2014350230214,2,9,0,13,0,0,0,0,0,0,4,1,6,1,59,9,1197,1,-1,3,1
2014350230314,1,9,0,5,0,6,0,0,0,0,4,1,1,1,63,9,1781,1,12,8,3
2014350230314,2,1,0,18,0,8,0,0,0,0,1,1,6,1,75,10,-1,-1,-1,10,3
2014350230314,3,1,0,18,0,8,0,0,0,0,1,1,6,2,58,9,-1,-1,-1,10,3
2014350230414,1,9,0,18,0,3,0,0,0,0,1,1,6,2,70,10,-1,-1,-1,-1,-1
2014350230514,1,9,0,18,0,2,0,0,0,0,1,1,6,1,30,6,1798,1,12,-1,-1
2014350230514,2,9,0,4,0,2,0,0,0,0,2,1,6,2,20,4,1397,1,1,-1,-1
2014350230514,3,9,4,2,0,2,0,0,0,0,2,1,6,1,20,4,-1,-1,-1,-1,-1
2014350230614,1,9,0,18,0,1,0,0,0,0,1,1,6,3,-1,-1,973,1,14,-1,-1
2014350230614,2,9,0,4,0,1,0,0,0,0,2,1,6,2,31,6,998,1,13,1,1
2014350231014,1,9,0,18,0,1,0,0,0,0,1,1,6,1,-1,-1,-1,-1,-1,-1,-1
2014350231014,2,9,0,8,0,1,0,0,0,0,2,1,6,1,25,5,1900,2,10,1,1
2014350231114,1,9,0,9,0,8,0,0,0,0,1,1,1,2,35,6,973,1,11,7,2
2014350231114,2,10,0,18,0,8,0,0,0,0,1,1,1,1,30,6,-1,-1,-1,10,2
2014350231214,1,9,0,9,0,5,0,0,0,0,4,1,1,1,45,7,1582,2,4,10,1