Accident_Index,Vehicle_Reference,Vehicle_Type,Towing_and_Articulation,Vehicle_Manoeuvre,Vehicle_Location-Restricted_Lane,Junction_Location,Skidding_and_Overturning,Hit_Object_in_Carriageway,Vehicle_Leaving_Carriageway,Hit_Object_off_Carriageway,1st_Point_of_Impact,Was_Vehicle_Left_Hand_Drive?,Journey_Purpose_of_Driver,Sex_of_Driver,Age_of_Driver,Age_Band_of_Driver,Engine_Capacity_(CC),Propulsion_Code,Age_of_Vehicle,Driver_IMD_Decile,Driver_Home_Area_Type
2014350231214,2,9,0,18,0,1,0,0,0,0,1,1,2,1,32,6,1995,1,10,9,2
2014350231314,1,9,0,9,0,5,0,0,0,0,1,1,6,1,24,5,1331,1,19,6,1
2014350231314,2,9,0,3,0,1,0,0,0,0,1,1,6,1,25,5,1598,1,4,9,1
2014350231414,1,8,0,9,0,6,0,0,0,0,3,1,6,1,-1,-1,1910,2,7,-1,-1
2014350231414,2,1,0,3,0,8,0,0,0,0,4,1,6,2,33,6,-1,-1,-1,10,1
2014350231514,1,9,0,18,0,1,1,0,0,0,1,1,6,1,39,7,1389,1,18,6,3
2014350231514,2,9,0,18,0,1,1,0,0,0,1,1,6,2,41,7,-1,-1,-1,5,3
2014350231514,3,3,0,10,0,1,0,0,0,0,2,1,6,1,19,4,125,1,2,6,3
2014350231614,1,9,0,9,0,4,0,0,0,0,1,1,6,2,45,7,2171,2,10,6,2
2014350231614,2,9,0,18,0,8,5,10,0,0,3,1,6,1,51,8,1596,1,13,1,1
2014350231714,1,9,0,18,0,3,1,4,7,4,1,1,2,1,21,5,1599,1,10,4,3
2014350231714,2,9,0,2,0,2,0,0,0,0,1,1,6,1,70,10,1956,2,-1,4,2
2014350231714,3,9,0,2,0,2,0,0,0,0,2,1,6,1,33,6,1948,1,13,3,1
2014350231814,1,8,0,9,0,4,0,0,0,0,3,1,1,1,40,7,1896,2,5,6,1
2014350231814,2,1,0,18,0,8,0,0,0,0,1,1,6,1,56,9,-1,-1,-1,7,1
2014350231914,1,9,0,18,0,0,5,0,1,0,1,1,6,1,20,4,998,1,2,-1,2
2014350232114,1,9,0,7,0,4,0,0,0,0,1,1,6,2,63,9,2993,2,1,10,1
2014350232114,2,1,0,18,0,3,0,0,0,0,2,1,6,1,64,9,-1,-1,-1,9,3
2014350232214,1,9,0,5,0,4,0,0,0,0,4,1,2,1,26,6,1910,2,7,8,3
2014350232214,2,1,0,18,0,8,0,0,0,0,4,1,6,1,21,5,-1,-1,-1,5,1
2014350232314,1,9,0,16,0,0,5,0,1,10,1,1,1,1,40,7,1348,1,12,3,1
2014350232414,1,9,0,9,0,5,0,0,0,0,1,1,6,2,39,7,1968,2,6,10,2
2014350232414,2,9,0,18,0,1,0,0,0,0,1,1,6,2,38,7,1560,2,6,6,1
2014350233314,1,20,0,5,0,0,0,0,0,0,3,1,1,1,37,7,-1,-1,-1,7,1
2014350233314,2,9,0,14,0,0,0,0,7,9,1,1,1,2,48,8,1968,2,-1,4,1
2014350233414,1,19,0,18,0,1,0,0,1,4,1,1,1,1,23,5,1996,2,3,6,2
2014350233414,2,21,0,3,0,1,0,0,0,0,1,1,1,1,58,9,-1,-1,-1,2,1
2014350233614,1,9,0,18,0,5,0,0,0,0,1,1,6,1,40,7,1598,1,11,8,3
2014350233614,2,9,0,4,0,5,0,0,0,0,2,1,6,1,25,5,1349,1,1,7,1
2014350233614,3,1,0,18,0,8,0,0,0,0,2,1,6,1,21,5,-1,-1,-1,9,1
2014350233714,1,9,0,4,0,7,0,0,0,0,1,1,6,1,38,7,1956,2,1,-1,1
2014350233714,2,9,0,4,0,7,0,0,0,0,2,1,6,1,32,6,2179,2,3,5,1
2014350233714,3,9,0,4,0,7,0,0,0,0,2,1,6,1,27,6,1986,2,9,6,3
2014350233814,1,21,1,18,0,0,0,0,0,0,1,1,6,1,33,6,10837,2,2,8,2
2014350233814,2,9,0,4,0,0,0,0,0,0,2,1,6,1,71,10,-1,-1,-1,-1,-1
2014350233814,3,9,0,4,0,0,0,0,1,0,2,1,6,2,48,8,1598,1,3,-1,-1
2014350233814,4,9,0,4,0,0,0,0,0,0,2,1,6,2,48,8,1598,2,2,6,3
2014350233914,1,9,0,17,0,0,5,0,7,9,1,1,6,3,-1,-1,1951,2,8,-1,-1
2014350234014,1,9,0,17,0,0,2,0,1,0,1,1,2,1,17,4,1043,1,19,8,3
2014350234014,2,16,0,16,0,0,0,0,0,0,3,1,6,2,12,3,-1,-1,-1,8,3
2014350234214,1,9,0,16,0,0,2,0,7,9,1,1,6,1,37,7,1598,1,12,5,2
2014350234314,1,17,4,18,0,0,0,0,0,0,0,1,1,3,-1,-1,-1,-1,-1,-1,-1
2014350234314,2,20,0,18,0,0,0,11,0,0,1,1,1,1,36,7,-1,-1,-1,5,1
2014350234414,1,9,0,18,0,0,0,0,1,10,1,1,1,1,18,4,1600,1,14,3,3
2014350234414,2,20,0,18,0,0,0,0,0,0,3,1,1,1,59,9,-1,-1,-1,3,3
2014350234514,1,9,0,18,0,0,0,0,0,0,1,1,6,2,34,6,2231,2,7,-1,1
2014350234514,2,9,0,3,0,0,0,0,0,0,2,1,6,2,55,8,1242,1,6,6,2
2014350234614,1,19,0,18,0,0,0,0,0,0,1,1,1,1,66,10,1560,2,1,2,1
2014350234614,2,9,0,2,0,0,1,0,0,0,2,1,6,2,53,8,1587,1,13,4,2
2014350234714,1,9,0,18,0,0,1,12,1,0,1,1,6,1,54,8,-1,-1,-1,-1,-1
2014350234814,1,9,0,16,0,0,2,0,7,0,0,1,6,1,18,4,1398,2,7,6,1
2014350234914,1,1,0,18,0,0,0,0,0,0,1,1,4,1,16,4,-1,-1,-1,10,2
2014350234914,2,19,0,10,0,0,0,0,0,0,2,1,1,1,53,8,2402,2,11,8,1
2014350235014,1,9,0,18,0,0,0,0,0,0,1,1,6,1,26,6,1951,2,11,-1,3
2014350235014,2,9,0,4,0,0,0,0,0,0,2,1,2,1,44,7,-1,-1,-1,5,2
2014350235014,3,9,0,18,0,0,0,0,1,0,3,1,6,1,75,10,1753,2,9,10,1
2014350235114,1,9,0,14,0,1,0,0,0,0,1,1,6,2,39,7,1596,1,11,5,1
2014350235114,2,9,0,18,0,2,0,0,0,0,1,1,1,2,26,6,1199,1,12,3,1
2014350235214,1,9,0,16,0,4,5,9,1,10,1,1,6,1,28,6,1896,2,13,1,1
2014350235314,1,5,0,4,0,1,1,0,1,0,0,1,6,1,35,6,-1,-1,-1,5,1
2014350235414,1,9,0,18,0,0,2,0,1,4,1,1,6,1,26,6,1783,1,14,4,1
2014350235414,2,19,0,18,0,0,0,0,1,0,3,1,6,1,34,6,1998,1,10,2,1
2014350235514,1,10,0,5,0,1,0,0,0,0,4,1,1,1,71,10,2402,2,4,-1,-1
2014350235614,1,9,0,9,4,5,0,0,0,0,4,1,1,2,40,7,1798,1,6,9,1
2014350235614,2,1,0,18,4,8,0,0,0,0,1,1,1,2,21,5,-1,-1,-1,9,2
2014350235714,1,19,0,18,9,2,0,0,0,0,4,1,1,1,42,7,2198,2,-1,5,1
2014350235814,1,9,0,18,0,8,1,0,1,0,1,1,6,2,59,9,1998,1,13,5,2
2014350235914,1,9,0,9,0,8,0,0,0,0,1,1,1,1,-1,-1,-1,-1,-1,-1,-1
2014350235914,2,1,0,18,0,8,0,0,0,0,1,1,2,1,20,4,-1,-1,-1,2,1
2014350236014,1,9,0,18,0,1,1,0,0,0,1,1,6,1,22,5,-1,-1,-1,1,1
2014350236014,2,9,0,9,0,5,0,0,0,0,2,1,6,2,30,6,-1,-1,-1,8,1
2014350236114,1,9,0,18,0,3,0,0,0,0,1,1,6,1,38,7,2204,2,7,-1,-1
2014350236114,2,1,0,18,0,3,0,0,0,0,4,1,6,2,-1,-1,-1,-1,-1,9,1
2014350236214,1,19,0,16,0,0,0,0,7,9,1,1,1,1,26,6,1995,2,1,4,1
2014350236314,1,9,0,5,9,6,0,0,0,0,1,1,6,1,32,6,1910,2,8,7,2
2014350236314,2,3,0,18,0,8,0,0,0,0,4,1,6,1,31,6,-1,-1,-1,8,3
2014350236414,1,9,0,18,0,1,0,0,0,0,0,1,6,1,99,11,-1,-1,-1,10,1
2014350236414,2,1,0,18,0,1,0,11,0,0,1,1,6,2,17,4,-1,-1,-1,-1,-1
2014350236514,1,9,0,16,0,0,1,0,1,9,2,1,6,1,18,4,1299,1,13,4,1
2014350236614,1,9,0,9,0,6,0,0,0,0,1,1,6,2,43,7,1686,2,-1,6,3
2014350236714,1,9,0,9,0,5,0,0,0,0,1,1,2,1,40,7,1390,1,12,-1,3
2014350236814,1,9,0,18,0,2,0,0,0,0,1,1,6,1,67,10,1587,1,10,5,3
2014350236914,1,19,0,11,0,0,1,0,1,9,1,1,1,1,28,6,1560,2,4,8,1
2014350237014,1,9,0,9,0,5,0,0,0,0,1,1,6,2,40,7,1796,1,10,5,3
2014350237014,2,9,0,18,0,8,1,0,1,4,2,1,6,1,37,7,2143,2,1,5,3
2014350237114,1,9,0,16,0,0,2,0,8,4,3,1,2,2,23,5,-1,-1,-1,9,2
2014350237214,1,9,0,17,0,0,0,0,0,0,1,1,6,2,34,6,2324,1,13,3,1
2014350237214,2,9,0,16,0,0,0,0,1,0,1,1,6,2,24,5,1124,1,10,7,2
2014350237314,1,9,0,9,0,5,0,0,0,0,2,1,6,2,56,9,1242,1,1,7,3
2014350237314,2,9,0,18,0,8,0,0,7,0,1,1,6,1,27,6,1910,2,8,10,2
2014350237314,3,9,0,3,0,1,0,0,0,0,1,1,6,1,19,4,1229,1,5,10,2
2014350237414,1,9,0,17,0,1,0,10,1,10,1,1,6,1,82,11,1998,1,9,7,1
2014350237514,1,9,0,18,0,0,0,0,0,0,1,1,6,1,60,9,1598,1,-1,9,1
2014350237514,2,9,0,2,0,0,0,0,0,0,1,1,1,2,39,7,1997,2,10,4,1
2014350237514,3,9,0,2,0,0,0,0,1,0,1,1,6,3,-1,-1,1560,2,8,10,1
2014350237614,1,9,0,18,0,0,1,0,1,4,3,1,6,1,34,6,1988,1,11,9,2
2014350237714,1,9,0,9,0,5,0,0,0,0,1,1,6,1,49,8,1896,2,12,2,1
2014350237714,2,9,0,18,0,8,0,0,0,0,1,1,6,1,55,8,1997,1,12,4,1
2014350237814,1,9,0,18,0,0,0,0,0,0,1,1,2,2,18,4,1390,1,4,8,1
2014350237814,2,10,0,18,0,0,0,0,0,0,2,1,2,1,36,7,-1,-1,-1,6,1
2014350237914,1,19,0,18,0,0,0,0,0,0,1,1,1,1,44,7,2143,2,2,6,1
2014350237914,2,21,0,18,0,0,0,0,0,0,2,1,1,1,51,8,10518,2,5,-1,1
2014350238014,1,9,0,18,0,8,0,0,0,0,1,1,6,1,-1,-1,1998,2,12,-1,-1
2014350238014,2,9,0,1,0,6,0,0,0,0,3,1,6,2,24,5,2157,1,16,2,1
2014350238114,1,9,0,18,0,0,0,0,0,0,1,1,6,1,-1,-1,1998,2,12,-1,-1
2014350238114,2,9,0,18,0,0,0,0,0,0,1,1,6,1,39,7,2720,2,6,3,1
2014350238214,1,5,0,18,0,0,0,12,0,0,1,1,1,1,50,8,599,1,22,4,2
2014350238214,2,9,0,18,0,0,0,0,0,0,1,1,1,1,54,8,2179,2,2,4,2
2014350238814,1,9,0,18,0,0,0,0,1,4,1,1,1,1,19,4,1388,1,11,10,2
2014350238914,1,19,0,17,0,0,0,0,1,9,4,1,6,1,-1,-1,1998,2,8,10,1
2014350239014,1,9,0,18,0,0,2,0,1,4,1,1,6,1,42,7,1198,1,7,1,1
2014350239114,1,9,0,17,0,0,1,0,1,0,1,1,1,1,35,6,1995,2,3,6,1
2014350239214,1,9,0,5,0,6,0,0,0,1,2,1,6,2,23,5,1984,2,5,-1,1
2014350239214,2,9,0,18,0,8,0,0,0,0,1,1,6,2,33,6,1997,2,15,6,1
2014350239314,1,9,0,9,0,5,0,0,0,0,4,1,6,1,67,10,1910,2,4,9,3
2014350239314,2,1,0,18,0,8,0,0,0,0,1,1,6,2,45,7,-1,-1,-1,10,1
2014350239414,1,9,0,18,0,0,0,0,0,0,1,1,6,1,35,6,-1,-1,-1,-1,-1
2014350239414,2,9,0,18,0,0,0,0,0,0,2,1,6,1,59,9,1364,1,5,2,1
2014350239514,1,9,0,1,0,0,0,0,0,0,2,1,6,2,25,5,-1,-1,-1,-1,-1
2014350239614,1,9,0,18,0,0,0,0,0,0,1,1,6,3,-1,-1,-1,-1,-1,-1,-1
2014350239614,2,1,0,18,0,0,0,0,0,0,1,1,6,2,16,4,-1,-1,-1,5,1
2014350239714,1,9,0,4,0,1,0,0,0,0,1,1,6,1,39,7,2171,2,15,4,3
2014350239714,2,9,0,4,0,1,0,0,0,0,2,1,6,2,29,6,1229,1,9,3,1
2014350239814,1,9,0,12,0,7,0,0,0,0,1,1,6,2,81,11,1242,1,6,2,1
2014350239814,2,9,0,12,0,7,0,0,0,0,2,1,6,2,30,6,1242,1,8,8,1
2014350239914,1,8,0,18,0,6,0,0,0,0,1,1,1,1,42,7,2231,2,6,-1,-1
2014350239914,2,1,0,18,0,8,0,0,0,0,4,1,2,1,42,7,-1,-1,-1,7,1
2014350240014,1,90,0,5,0,0,1,0,0,0,1,1,6,3,-1,-1,-1,-1,-1,-1,-1
2014350240014,2,1,0,14,0,0,0,0,0,0,2,1,6,2,45,7,-1,-1,-1,3,1
2014350240114,1,9,0,18,0,0,0,10,7,0,3,1,6,1,30,6,1997,2,7,4,1
2014350240114,2,9,0,18,0,0,0,0,0,0,0,1,1,1,47,8,2993,2,2,-1,-1
2014350240214,1,3,0,9,0,0,1,0,1,7,3,1,6,1,17,4,125,1,2,10,2
2014350240314,1,90,0,18,0,1,0,0,0,0,1,1,6,1,-1,-1,-1,-1,-1,-1,-1
2014350240314,2,1,0,18,0,1,0,0,0,0,2,1,6,1,20,4,-1,-1,-1,-1,-1
2014350240514,1,9,0,18,0,3,0,0,0,0,1,1,6,2,23,5,1199,1,11,4,1
2014350240514,2,9,0,4,0,3,0,0,0,0,2,1,6,1,35,6,2987,2,2,9,1
2014350240614,1,9,0,7,0,6,0,0,0,0,1,1,6,1,40,7,1769,1,8,9,3
2014350240614,2,1,0,18,0,8,0,0,0,0,4,1,2,1,24,5,-1,-1,-1,2,1
2014350240714,1,9,0,18,0,8,0,0,0,0,3,1,6,1,18,4,1986,2,7,2,1
2014350240814,1,9,0,18,0,4,0,0,0,0,1,1,6,1,67,10,1398,2,12,6,2
2014350240814,2,9,0,9,0,3,0,0,0,0,1,1,6,1,27,6,1400,1,14,5,1
2014350240914,1,9,0,18,0,0,0,0,0,0,1,1,6,1,24,5,1998,2,8,7,3
2014350240914,2,9,0,4,0,0,0,0,0,0,2,1,6,2,34,6,998,1,1,7,1
2014350241014,1,9,0,3,0,0,0,0,0,0,2,1,6,1,-1,-1,-1,3,-1,-1,-1
2014350241014,2,9,0,3,0,0,0,0,0,0,2,1,6,1,53,8,2987,2,1,8,1
2014350241014,3,9,0,5,0,0,0,0,0,0,1,1,6,2,45,7,998,1,14,1,1
2014350241114,1,3,0,18,0,1,1,0,0,0,1,1,2,1,28,6,124,1,17,-1,-1
2014350241114,2,9,0,9,0,5,0,0,0,0,2,1,2,2,46,8,1995,2,4,-1,-1
2014350241314,1,9,0,18,0,7,0,0,0,0,1,1,6,1,40,7,1895,1,13,2,1
2014350241314,2,9,0,3,0,7,0,0,0,0,2,1,6,1,44,7,1242,1,3,5,1
2014350241314,3,19,0,3,0,7,0,0,0,0,2,1,6,1,42,7,1248,2,-1,5,3
2014350241414,1,9,0,2,6,1,0,0,0,0,4,1,6,1,26,6,1560,2,3,5,1
2014350241414,2,9,0,14,0,2,0,8,0,0,4,1,6,1,55,8,1395,1,-1,7,1
2014350241514,1,9,0,3,0,0,0,0,0,0,2,1,2,1,25,5,1390,1,13,3,1
2014350241514,2,9,0,4,0,0,0,0,0,0,2,1,2,2,31,6,1240,1,10,8,1
2014350241514,3,9,0,18,0,0,0,0,0,0,1,1,2,1,19,4,1149,1,12,2,1
2014350241714,1,20,0,18,0,0,0,0,0,0,4,1,6,3,-1,-1,-1,-1,-1,-1,-1
2014350241814,1,9,0,5,0,5,0,0,0,0,1,1,1,1,66,10,3199,1,15,5,1
2014350241914,1,9,0,18,0,0,0,0,0,0,1,1,6,1,30,6,1968,2,6,5,1
2014350241914,2,9,0,4,0,0,0,0,0,0,2,1,6,1,41,7,1598,2,1,6,1
2014350241914,3,9,0,4,0,0,0,0,0,0,2,1,6,1,35,6,1910,2,8,2,1
2014350242014,1,9,0,18,0,0,0,0,0,0,1,1,6,2,63,9,2231,2,1,9,3
2014350242014,2,9,0,3,0,0,0,0,0,0,2,1,6,1,18,4,1398,2,7,7,3
2014350242014,3,9,0,2,0,0,0,0,0,0,0,1,6,3,-1,-1,-1,-1,-1,-1,-1
2014350242114,1,19,0,9,0,6,0,0,0,0,1,1,6,1,35,6,1868,2,10,6,1
2014350242114,2,1,0,9,0,6,5,0,0,0,1,1,6,1,30,6,-1,-1,-1,5,1
2014350242214,1,3,0,14,0,8,0,0,0,0,1,1,6,1,23,5,124,1,8,-1,-1
2014350242214,2,9,0,18,0,6,0,0,0,0,3,1,6,1,86,11,999,1,9,-1,-1
2014350242314,1,9,0,17,0,8,0,0,0,0,1,1,2,2,33,6,998,1,11,6,1
2014350242314,2,9,0,5,0,8,0,0,0,0,1,1,6,1,35,6,1998,2,8,7,3
2014350242414,1,9,0,18,0,6,0,0,0,0,4,1,6,3,-1,-1,-1,-1,-1,-1,-1
2014350242414,2,1,0,18,0,7,0,0,1,0,3,1,2,1,37,7,-1,-1,-1,4,1
2014350242514,1,19,0,9,0,6,0,0,0,0,1,1,1,1,46,8,2198,2,-1,5,1
2014350242514,2,1,0,15,4,8,0,0,0,0,2,1,2,2,22,5,-1,-1,-1,5,1
2014350242514,3,9,0,3,0,2,0,0,0,0,2,1,6,2,40,7,1995,2,6,-1,-1
2014350242614,1,11,0,5,0,0,0,0,0,0,4,1,1,1,69,10,-1,-1,-1,8,3
2014350242714,1,9,0,18,0,0,0,4,0,0,1,1,1,1,25,5,998,1,17,6,1
2014350242714,2,9,0,2,0,0,0,0,0,0,2,1,6,3,-1,-1,1896,2,11,-1,-1
2014350242814,1,9,0,18,0,1,0,0,0,0,1,1,6,1,-1,-1,2967,2,6,2,1
2014350242814,2,9,0,3,0,1,0,0,0,0,2,1,6,2,49,8,1598,1,8,6,1
2014350243014,1,19,0,5,0,1,0,0,0,0,1,1,2,1,51,8,2464,2,6,5,1
2014350243014,2,9,0,8,0,1,0,0,0,0,2,1,2,2,56,9,1195,1,17,10,1
2014350243114,1,9,0,9,0,6,0,0,0,0,1,1,6,1,-1,-1,2000,2,9,4,1
2014350243214,1,1,0,18,0,0,0,0,1,0,3,1,6,1,57,9,-1,-1,-1,10,2
2014350243214,2,9,0,18,0,0,0,0,0,0,4,1,6,3,-1,-1,-1,-1,-1,-1,-1
2014350243414,1,9,0,18,0,2,0,0,3,9,1,1,6,1,66,10,1753,2,12,9,1
2014350243514,1,3,0,18,0,3,1,0,0,0,0,1,6,1,17,4,124,1,-1,5,2
2014350243614,1,9,0,18,0,0,0,12,1,0,1,1,6,2,37,7,1999,1,9,7,3
2014350243714,1,9,0,18,0,0,0,4,0,0,1,1,1,2,51,8,1198,1,4,6,1
2014350243714,2,19,0,2,0,0,0,0,0,0,2,1,6,3,-1,-1,2198,2,7,4,1
2014350243814,1,9,0,13,0,0,2,0,7,9,1,1,6,1,28,6,1587,1,11,9,3
2014350243814,2,9,0,18,0,0,0,0,0,0,0,1,6,3,-1,-1,-1,-1,-1,-1,-1
2014350243914,1,9,0,4,0,0,0,0,0,0,1,1,1,2,19,4,1199,1,12,7,2
2014350243914,2,9,0,4,0,0,0,0,0,0,2,1,1,1,38,7,-1,-1,-1,5,2
2014350244014,1,19,0,12,0,0,0,0,0,0,3,1,6,3,-1,-1,-1,-1,-1,-1,-1
2014350244014,2,9,0,18,0,0,1,0,0,6,1,1,6,2,28,6,-1,-1,-1,5,1
2014350244114,1,9,0,17,0,8,0,0,1,9,4,1,6,1,48,8,-1,-1,-1,4,1
2014350244214,1,9,0,18,0,1,0,0,0,0,1,1,6,1,30,6,1390,1,11,-1,-1
2014350244214,2,9,0,8,0,1,0,0,0,0,2,1,1,1,35,6,1797,8,3,-1,3
2014350244314,1,9,0,18,0,0,1,0,0,0,1,1,6,2,37,7,1149,1,12,2,1
2014350244314,2,9,0,18,0,0,0,0,1,0,0,1,6,2,65,9,1995,2,9,3,1
2014350244414,1,9,0,17,0,0,1,10,1,9,3,1,6,2,28,6,-1,-1,-1,8,2
2014350244514,1,9,0,17,0,0,1,10,1,9,4,1,2,2,27,6,1349,1,4,6,3
2014350244614,1,9,0,18,0,0,2,0,7,9,1,1,2,2,25,5,1399,2,9,10,2
2014350244714,1,9,0,18,0,0,2,0,1,9,1,1,6,2,38,7,1587,1,13,6,2
2014350244814,1,3,0,4,0,8,1,0,0,0,3,1,6,1,17,4,125,1,-1,1,1
2014350244814,2,8,0,10,0,6,0,0,0,0,1,1,1,1,43,7,1896,2,9,2,1
2014350244914,1,9,0,17,0,0,2,0,1,9,1,1,6,1,40,7,1299,1,8,6,2
2014350245014,1,9,0,17,0,0,0,0,7,0,1,1,6,2,43,7,1598,1,8,9,3
2014350245214,1,9,0,4,0,1,1,0,0,0,1,1,6,2,18,4,2000,2,9,7,1
2014350245214,2,9,0,4,0,1,0,0,0,0,2,1,6,1,58,9,1240,1,5,4,1
2014350245314,1,90,0,10,0,8,0,0,0,0,3,1,6,1,37,7,-1,-1,-1,7,1
2014350245314,2,9,0,18,0,8,0,0,0,0,3,1,6,2,40,7,1242,1,11,4,1
2014350245414,1,9,0,17,0,0,1,10,2,7,1,1,6,2,19,4,-1,-1,-1,7,3
2014350245414,2,21,0,16,0,0,0,0,0,0,1,1,1,1,54,8,-1,-1,-1,8,3
2014350245514,1,9,0,18,0,0,1,0,5,6,1,1,6,2,23,5,1360,1,12,-1,1
2014350245614,1,21,1,18,0,0,0,0,0,0,2,1,1,1,37,7,10837,2,4,-1,-1
2014350245614,2,9,0,18,0,0,0,0,0,0,1,1,1,1,39,7,1968,2,1,-1,-1
2014350245714,1,9,0,18,0,0,5,0,1,0,1,1,6,1,27,6,1584,1,9,10,1
2014350245814,1,8,0,2,4,0,0,0,0,0,3,1,6,1,-1,-1,-1,-1,-1,-1,-1
2014350245814,2,1,0,14,0,0,0,8,0,0,4,1,6,1,30,6,-1,-1,-1,5,1
2014350245814,3,8,0,13,0,0,0,0,0,0,4,1,6,1,45,7,-1,-1,-1,-1,-1
2014350245914,1,9,0,13,0,0,1,0,7,3,1,1,6,1,29,6,2544,1,15,9,2
2014350245914,2,9,0,18,0,0,1,0,7,3,3,1,6,1,20,4,1995,2,5,10,2
2014350246014,1,21,0,18,0,0,0,0,0,0,0,1,1,1,-1,-1,-1,-1,-1,-1,-1
2014350246114,1,9,0,5,0,6,0,0,0,0,1,1,2,2,50,8,1910,2,8,-1,-1
2014350246114,2,1,0,18,0,8,0,0,0,0,1,1,2,2,28,6,-1,-1,-1,5,1
2014350246214,1,9,0,9,9,5,0,0,0,0,1,1,6,2,37,7,1349,1,1,3,1
2014350246314,1,9,0,18,0,0,0,0,1,9,2,1,6,1,20,4,1242,1,13,7,1
2014350246314,2,9,0,18,0,0,0,0,0,0,1,1,1,1,41,7,-1,-1,-1,6,1
2014350246414,1,19,0,16,0,0,0,0,0,0,1,1,1,1,31,6,2198,2,-1,1,1
2014350246414,2,3,0,16,0,0,0,0,0,0,3,1,1,1,48,8,124,1,2,5,1
2014350246514,1,9,0,18,0,0,2,0,1,9,3,1,6,2,37,7,1240,1,11,5,3
2014350246614,1,9,0,18,0,1,0,0,0,0,1,1,6,1,-1,-1,1798,1,12,-1,1
2014350246614,2,9,0,3,0,1,0,0,0,0,2,1,6,1,57,9,1587,1,8,3,3
2014350246714,1,9,0,13,0,0,0,0,1,0,4,1,6,1,28,6,1910,2,9,5,1
2014350247014,1,9,0,7,0,6,0,0,0,0,1,1,2,1,38,7,1968,2,2,10,1
2014350247114,1,9,0,18,0,0,0,0,0,0,3,1,1,1,50,8,1999,1,12,5,1
2014350247114,2,9,0,18,0,0,0,0,0,0,3,1,2,1,30,6,2967,2,7,-1,3
2014350247314,1,20,0,17,0,0,0,0,1,1,1,1,1,1,72,10,-1,-1,-1,4,3
2014350247614,1,9,0,18,0,3,0,0,0,0,1,1,6,2,59,9,1299,1,13,2,1
2014350247614,2,9,0,4,0,1,0,0,0,0,1,1,6,2,46,8,1388,1,3,-1,1
2014350247614,3,9,0,18,0,1,0,0,0,0,1,1,6,2,30,6,1596,1,8,3,1
2014350247614,4,9,0,18,0,1,0,0,0,0,1,1,6,2,34,6,1995,2,6,-1,3
2014350247814,1,9,0,18,0,3,0,0,0,0,1,1,6,2,25,5,1248,1,2,7,2
2014350247914,1,9,0,12,0,8,0,0,0,0,0,1,6,3,-1,-1,-1,-1,-1,-1,-1
2014350247914,2,3,0,18,0,8,1,0,0,0,0,1,1,2,20,4,124,1,9,8,3
2014350248014,1,9,0,18,0,0,5,0,0,0,1,1,2,1,47,8,1400,2,14,9,1
2014350248014,2,9,0,18,0,0,5,0,2,10,1,1,6,2,72,10,1298,1,-1,10,2
2014350248014,3,9,0,2,6,0,0,0,0,0,3,1,6,1,66,10,1910,2,7,10,2
2014350248114,1,9,0,18,0,0,0,12,1,2,1,1,2,1,56,9,1796,1,7,5,1
2014350248214,1,9,0,18,0,1,0,0,0,0,1,1,6,1,32,6,1910,2,6,7,2
2014350248214,2,19,0,11,0,8,0,0,1,10,4,1,6,1,64,9,3920,2,8,2,1
2014350248314,1,9,0,4,0,1,1,0,0,0,1,1,6,1,63,9,-1,-1,-1,7,2
2014350248314,2,9,0,4,0,1,0,0,1,0,2,1,6,1,42,7,1461,2,4,10,2
2014350248314,3,9,0,4,0,1,0,0,0,0,2,1,6,1,36,7,1596,1,11,1,1
2014350248414,1,9,0,7,0,6,0,0,0,0,1,1,1,1,69,10,2497,2,7,7,3
2014350248414,2,1,0,18,0,8,0,0,0,0,1,1,6,1,74,10,-1,-1,-1,4,1
2014350248514,1,9,0,9,0,5,0,0,0,0,3,1,6,2,32,6,1997,2,13,4,3
2014350248514,2,4,0,18,0,8,0,0,0,0,1,1,6,1,24,5,125,1,1,4,1
2014350248614,1,9,0,12,0,0,0,0,0,0,1,1,6,1,48,8,1870,2,11,8,1
2014350248614,2,2,0,18,0,0,0,0,0,0,2,1,6,1,17,4,49,1,3,9,2
2014350248614,3,9,0,18,0,0,0,0,0,0,1,1,6,1,32,6,1796,1,10,3,1
2014350248714,1,9,0,18,0,7,0,0,0,0,1,1,6,1,54,8,1998,1,19,6,3
2014350248714,2,90,0,4,0,7,0,0,0,0,2,1,1,1,32,6,-1,-1,-1,-1,3
2014350248714,3,9,0,3,0,7,0,0,0,0,2,1,6,1,25,5,1497,8,3,8,1
2014350248914,1,9,0,18,0,0,0,4,0,0,1,1,6,2,88,11,1389,1,9,7,1
2014350248914,2,9,0,2,0,0,0,0,0,0,1,1,6,1,-1,-1,1956,2,1,-1,-1
2014350249014,1,9,0,4,0,6,0,0,0,0,1,1,6,1,42,7,1753,2,12,-1,3
2014350249014,2,9,0,18,0,8,0,0,0,0,4,1,6,1,38,7,998,1,15,2,1
2014350249114,1,8,0,18,0,0,0,0,0,0,1,1,1,1,47,8,1896,2,7,6,3