Accident_Index,Vehicle_Reference,Vehicle_Type,Towing_and_Articulation,Vehicle_Manoeuvre,Vehicle_Location-Restricted_Lane,Junction_Location,Skidding_and_Overturning,Hit_Object_in_Carriageway,Vehicle_Leaving_Carriageway,Hit_Object_off_Carriageway,1st_Point_of_Impact,Was_Vehicle_Left_Hand_Drive?,Journey_Purpose_of_Driver,Sex_of_Driver,Age_of_Driver,Age_Band_of_Driver,Engine_Capacity_(CC),Propulsion_Code,Age_of_Vehicle,Driver_IMD_Decile,Driver_Home_Area_Type
2014350249114,2,9,0,13,0,0,0,0,7,0,1,1,2,1,30,6,1995,1,11,1,1
2014350249214,1,1,0,9,0,2,0,0,0,0,0,1,6,1,44,7,-1,-1,-1,5,1
2014350249214,2,3,0,18,0,1,5,0,0,0,1,1,6,1,25,5,124,1,4,7,1
2014350249314,1,9,0,6,0,8,0,0,0,0,3,1,6,1,35,6,1598,1,10,5,1
2014350249314,2,2,0,14,0,8,0,0,0,0,1,1,2,1,47,8,49,1,1,5,1
2014350249514,1,5,0,18,0,0,1,4,0,0,1,1,6,3,-1,-1,-1,-1,-1,-1,-1
2014350249514,2,9,0,2,0,0,0,0,0,0,1,1,6,1,50,8,-1,-1,-1,9,2
2014350249614,1,9,0,17,0,0,2,0,0,0,1,1,6,2,20,4,1598,1,5,8,3
2014350249714,1,9,0,18,0,0,0,0,0,0,1,1,1,1,31,6,1598,1,12,4,1
2014350249714,2,9,0,18,0,0,0,0,0,0,1,1,2,2,42,7,1560,2,10,8,2
2014350249814,1,9,0,16,0,5,0,0,3,1,1,1,6,1,33,6,1590,1,12,-1,-1
2014350249914,1,9,0,18,0,0,5,0,1,10,1,1,2,2,41,7,1598,1,7,9,1
2014350250014,1,9,0,13,0,8,0,0,1,0,1,1,6,1,26,6,3000,1,5,7,2
2014350250014,2,9,0,9,0,5,0,0,0,0,2,1,6,1,51,8,-1,-1,-1,8,2
2014350250114,1,9,0,16,0,0,1,0,1,0,4,1,2,1,33,6,3498,1,8,8,3
2014350250114,2,9,0,17,0,0,0,0,0,0,1,1,6,2,55,8,1341,1,9,3,1
2014350250214,1,9,0,16,0,0,5,10,1,10,1,1,6,2,37,7,1596,1,9,-1,1
2014350250314,1,9,0,18,0,0,0,0,0,6,1,1,6,2,30,6,998,1,6,4,1
2014350250414,1,9,0,18,0,7,1,0,0,0,1,1,6,1,37,7,1781,1,13,1,1
2014350250414,2,9,0,2,0,7,0,0,0,0,2,1,6,1,37,7,1896,2,4,2,1
2014350250514,1,8,0,18,0,0,5,0,0,0,0,1,1,1,66,10,2460,2,5,5,2
2014350250614,1,21,1,18,0,0,0,0,0,0,1,1,1,1,30,6,12777,2,2,4,1
2014350250614,2,21,1,18,0,0,0,0,0,0,2,1,1,1,45,7,11705,2,5,9,1
2014350250714,1,5,0,16,0,1,0,0,4,0,0,1,6,1,28,6,583,1,20,-1,-1
2014350250814,1,21,1,18,0,0,1,0,0,0,1,1,1,1,59,9,12130,2,10,3,1
2014350250814,2,20,0,3,0,0,0,0,1,0,2,1,6,1,45,7,2998,2,1,-1,-1
2014350250814,3,9,0,3,0,0,0,0,0,0,2,1,1,1,30,6,1896,2,10,5,2
2014350250814,4,21,1,3,0,0,0,0,0,0,2,1,1,1,70,10,10837,2,1,6,1
2014350250914,1,9,0,11,0,0,2,7,4,6,1,1,6,1,26,6,1360,1,15,3,1
2014350250914,2,1,0,18,0,0,0,0,0,0,0,1,6,2,26,6,-1,-1,-1,6,1
2014350251014,1,9,0,18,0,0,0,0,0,0,1,1,2,1,35,6,1598,2,-1,4,1
2014350251014,2,2,0,18,0,0,0,0,0,0,2,1,2,1,16,4,49,1,-1,-1,2
2014350251114,1,21,1,11,0,0,0,0,0,0,4,1,1,1,45,7,14200,2,20,6,3
2014350251114,2,9,0,18,0,0,0,0,0,0,3,1,6,1,47,8,1299,1,13,8,2
2014350251214,1,9,0,18,0,0,0,0,0,0,1,1,6,2,31,6,2191,2,-1,-1,-1
2014350251214,2,9,0,3,0,0,0,0,0,0,2,1,6,2,34,6,1753,2,5,-1,2
2014350251314,1,21,1,5,0,0,0,0,0,0,2,1,1,1,64,9,11705,2,12,5,1
2014350251314,2,9,0,18,0,0,0,0,0,0,1,1,6,1,64,9,1461,2,11,7,3
2014350251414,1,9,0,7,0,5,5,0,1,1,1,1,1,1,52,8,-1,-1,-1,-1,2
2014350251514,1,9,0,16,0,0,1,0,7,7,1,1,6,2,19,4,1975,1,9,-1,3
2014360077011,1,9,0,16,0,0,0,0,1,11,1,1,6,1,21,5,-1,-1,-1,5,3
2014360077027,1,9,0,17,0,0,2,0,2,10,1,1,6,1,29,6,-1,-1,-1,7,3
2014360077041,1,9,0,4,0,1,0,0,0,0,1,1,6,2,20,4,1299,1,12,8,1
2014360077105,1,9,0,18,0,0,1,0,4,0,1,1,1,2,29,6,-1,-1,-1,2,1
2014360077105,2,9,0,5,0,0,0,0,0,0,0,1,6,3,-1,-1,-1,-1,-1,-1,-1
2014360077105,3,9,0,18,0,0,0,0,0,0,0,1,1,1,39,7,2400,2,4,-1,-1
2014360077110,1,9,0,17,0,0,0,0,1,10,1,1,6,1,34,6,1598,1,11,8,1
2014360077133,1,19,0,17,0,0,1,0,0,0,3,1,2,1,40,7,2287,2,7,6,3
2014360077133,2,9,0,16,0,0,0,0,0,0,1,1,6,2,26,6,-1,-1,-1,3,1
2014360077144,1,19,0,9,0,5,0,0,0,0,1,1,1,1,48,8,1870,2,7,-1,-1
2014360077144,2,5,0,18,0,8,0,0,0,0,1,1,2,1,23,5,998,1,1,10,2
2014360077149,1,9,0,1,0,1,0,0,1,0,2,1,6,1,62,9,1596,1,3,5,3
2014360077156,1,9,0,18,0,0,2,0,1,4,1,1,1,2,50,8,1360,1,7,4,3
2014360077161,1,9,0,18,0,4,0,0,7,1,1,1,6,1,73,10,1343,1,11,4,1
2014360077162,1,9,0,13,0,1,0,0,0,0,1,1,6,3,-1,-1,-1,-1,-1,-1,-1
2014360077162,2,1,0,18,0,1,1,0,1,10,3,1,1,1,30,6,-1,-1,-1,3,1
2014360077164,1,9,0,7,0,5,0,0,0,0,1,1,2,2,23,5,1587,1,14,6,3
2014360077164,2,1,0,4,0,1,0,0,0,0,1,1,6,1,37,7,-1,-1,-1,7,1
2014360077171,1,9,0,18,0,0,1,0,0,0,4,1,6,1,18,4,-1,-1,-1,9,3
2014360077173,1,9,0,5,0,6,0,0,3,1,1,1,6,2,45,7,1995,2,9,1,1
2014360077173,2,9,0,18,0,8,0,0,0,0,3,1,6,1,17,4,1199,1,12,6,1
2014360077184,1,9,0,18,0,0,0,0,0,0,1,1,6,1,85,11,1905,2,18,5,3
2014360077184,2,1,0,18,0,0,0,0,0,0,2,1,6,1,59,9,-1,-1,-1,7,2
2014360077185,1,9,0,9,0,5,0,0,0,0,1,1,6,2,68,10,1796,1,6,7,3
2014360077185,2,3,0,18,0,8,0,0,0,0,1,1,6,2,18,4,124,1,4,6,3
2014360077186,1,9,0,16,0,0,2,0,7,0,1,1,6,2,21,5,1242,1,16,8,3
2014360077187,1,9,0,16,0,0,0,0,1,3,4,1,6,1,26,6,1389,1,16,8,2
2014360077188,1,21,1,18,0,0,1,0,0,0,1,1,1,1,28,6,12900,2,8,4,3
2014360077188,2,19,0,6,0,0,0,0,0,0,0,1,6,1,53,8,2148,2,4,3,1
2014360077188,3,9,0,4,0,0,0,0,0,0,2,1,6,1,49,8,1598,2,3,-1,-1
2014360077188,4,9,0,4,0,0,0,0,0,0,2,1,6,1,39,7,2993,2,8,2,1
2014360077192,1,9,0,18,0,6,0,0,0,0,1,1,6,1,23,5,1330,1,18,9,2
2014360077192,2,9,0,18,0,8,1,0,1,0,1,1,6,2,32,6,1388,1,6,9,2
2014360077195,1,9,0,9,0,5,0,0,7,0,1,1,1,1,24,5,1560,2,2,7,1
2014360077195,2,19,0,18,0,8,0,0,0,0,1,1,6,1,53,8,1686,2,9,5,2
2014360077200,1,9,0,4,0,1,0,0,0,0,1,1,6,2,-1,-1,1360,1,8,1,1
2014360077200,2,9,0,4,0,1,0,0,0,0,2,1,6,2,48,8,1242,1,8,9,2
2014360077216,1,9,0,17,0,0,0,0,0,0,4,1,1,2,29,6,-1,-1,-1,8,2
2014360077220,1,9,0,9,0,6,0,0,0,0,3,1,6,1,63,9,1793,1,12,6,1
2014360077220,2,3,0,18,0,8,1,0,0,0,1,1,6,1,28,6,125,1,1,2,1
2014360077224,1,9,0,18,0,0,1,10,7,10,4,1,1,2,37,7,1753,2,7,8,1
2014360077238,1,9,0,9,0,6,0,0,0,0,1,1,6,3,-1,-1,-1,-1,-1,-1,-1
2014360077238,2,9,0,18,0,8,0,4,0,0,4,1,6,2,28,6,1242,1,1,7,1
2014360077238,3,9,0,2,0,1,0,4,7,0,1,1,6,3,-1,-1,1199,1,15,-1,-1
2014360077238,4,9,0,2,0,1,0,0,0,0,1,1,6,3,-1,-1,-1,-1,-1,-1,-1
2014360077249,1,9,0,18,0,0,0,0,0,0,1,1,2,2,18,4,1390,1,5,5,3
2014360077249,2,21,1,4,0,0,0,0,0,0,2,1,1,1,56,9,10837,2,3,5,3
2014360077258,1,19,0,9,0,5,0,0,0,0,2,1,2,1,54,8,1896,2,9,2,1
2014360077258,2,9,0,13,0,6,0,0,0,0,1,1,2,1,29,6,1390,1,9,4,2
2014360077273,1,9,0,1,0,1,0,0,0,0,2,1,6,1,25,5,1781,1,13,-1,-1
2014360077273,2,9,0,3,0,1,0,0,0,0,1,1,6,1,42,7,1956,2,1,3,1
2014360077277,1,1,0,18,0,8,0,0,0,0,2,1,6,2,57,9,-1,-1,-1,1,1
2014360077277,2,9,0,7,0,6,0,0,0,0,1,1,6,1,27,6,1910,2,8,-1,-1
2014360077290,1,21,0,18,0,8,0,0,1,0,1,1,1,1,59,9,8970,2,12,4,3
2014360077292,1,9,0,9,0,8,0,0,0,0,1,1,3,1,86,11,2460,2,9,3,1
2014360077292,2,9,0,18,0,8,0,0,0,0,1,1,1,2,61,9,1360,1,7,7,1
2014360077295,1,9,0,9,0,5,0,0,0,0,1,1,6,1,27,6,1998,2,11,1,1
2014360077295,2,9,0,18,0,8,0,0,0,0,1,1,6,2,40,7,1299,1,10,4,3
2014360077309,1,9,0,16,0,0,1,0,7,11,1,1,2,2,28,6,1390,1,11,6,1
2014360077313,1,9,0,18,0,0,0,0,0,0,1,1,6,2,49,8,-1,-1,-1,9,1
2014360077313,2,1,0,18,0,0,0,0,0,0,4,1,2,2,59,9,-1,-1,-1,8,3
2014360077332,1,9,0,9,0,6,0,0,0,0,1,1,6,3,-1,-1,-1,-1,-1,-1,-1
2014360077332,2,1,0,18,0,8,0,0,0,0,1,1,6,1,47,8,-1,-1,-1,7,3
2014360077347,1,21,0,13,0,0,0,0,0,0,3,1,6,3,-1,-1,-1,-1,-1,-1,-1
2014360077347,2,9,0,13,0,0,5,0,0,0,4,1,2,2,51,8,-1,-1,-1,8,3
2014360077347,3,1,0,18,0,0,0,0,0,0,0,1,2,1,19,4,-1,-1,-1,6,2
2014360077360,1,3,0,18,0,0,0,0,0,0,1,1,2,1,20,4,124,1,11,4,1
2014360077360,2,9,0,4,0,0,0,0,0,0,2,1,6,1,71,10,1999,1,13,6,1
2014360077366,1,9,0,5,0,4,0,0,0,0,3,1,2,1,35,6,1870,2,11,3,1
2014360077366,2,1,0,18,0,8,0,0,0,0,4,1,6,2,37,7,-1,-1,-1,5,1
2014360077380,1,9,0,18,0,0,0,0,0,0,1,1,6,1,44,7,1461,2,6,6,3
2014360077380,2,1,0,18,0,0,0,0,0,0,2,1,6,1,44,7,-1,-1,-1,4,2
2014360077381,1,9,0,7,0,6,0,0,0,0,1,1,2,2,50,8,2987,2,4,10,1
2014360077381,2,1,0,18,0,8,0,0,0,0,4,1,6,2,53,8,-1,-1,-1,-1,-1
2014360077382,1,9,0,9,0,5,0,0,0,0,1,1,6,1,70,10,1598,2,3,7,3
2014360077382,2,1,0,18,0,8,0,0,0,0,1,1,6,2,56,9,-1,-1,-1,-1,-1
2014360077383,1,9,0,13,0,0,5,0,1,10,2,1,2,1,19,4,998,1,5,5,3
2014360077383,2,21,1,16,0,0,0,0,0,0,1,1,1,1,45,7,-1,-1,-1,6,3
2014360077389,1,9,0,9,0,8,0,0,0,0,4,1,6,1,24,5,1596,1,11,4,3
2014360077389,2,3,0,18,0,8,0,0,0,0,1,1,6,1,23,5,124,1,3,5,3
2014360077391,1,9,0,4,0,1,0,0,0,0,4,1,6,2,42,7,998,1,1,7,1
2014360077392,1,9,0,13,0,0,2,10,7,4,1,1,1,1,31,6,1598,2,3,9,1
2014360077396,1,9,0,9,0,6,0,0,0,0,3,2,6,1,20,4,-1,-1,-1,4,1
2014360077396,2,9,0,18,0,8,0,0,0,0,1,1,6,1,30,6,1299,1,20,6,2
2014360077398,1,9,0,9,0,3,0,0,0,0,1,1,6,2,21,5,1242,1,7,4,1
2014360077398,2,21,1,9,0,8,0,0,0,0,2,2,1,1,48,8,-1,-1,-1,-1,-1
2014360077404,1,9,0,18,0,1,0,0,0,0,1,1,6,2,19,4,1598,1,14,8,3
2014360077404,2,9,0,3,0,1,0,0,0,0,2,1,6,2,44,7,1995,2,10,6,2
2014360077413,1,9,0,1,0,0,0,0,0,0,3,1,6,2,79,11,1299,1,10,-1,-1
2014360077414,1,9,0,17,0,0,1,0,2,3,1,1,6,2,37,7,1598,1,10,5,3
2014360077416,1,1,0,16,0,0,0,0,0,0,1,1,2,2,39,7,-1,-1,-1,-1,-1
2014360077416,2,9,0,17,0,0,0,0,0,0,1,1,2,2,26,6,1242,1,2,7,1
2014360077452,1,9,0,18,0,2,0,0,0,0,1,1,6,3,-1,-1,-1,-1,-1,-1,-1
2014360077452,2,1,0,18,0,1,0,0,0,0,1,1,2,1,24,5,-1,-1,-1,5,3
2014360077460,1,9,0,16,0,2,1,10,1,10,1,1,6,1,20,4,1242,1,6,10,1
2014360077467,1,8,0,9,0,6,0,0,0,0,4,1,6,3,-1,-1,2231,2,7,-1,-1
2014360077479,1,9,0,5,0,6,0,0,1,0,4,1,6,1,80,11,1198,1,3,7,2
2014360077479,2,9,0,17,0,8,0,0,0,0,1,1,6,1,61,9,1995,2,3,6,1
2014360077479,3,9,0,2,9,1,0,0,0,0,1,1,6,1,22,5,2521,1,4,4,1
2014360077479,4,9,0,2,9,1,0,0,0,0,3,1,6,1,41,7,1997,1,10,4,1
2014360077482,1,9,0,17,0,0,1,0,1,0,1,1,1,1,31,6,1398,1,1,3,1
2014360077482,2,9,0,4,0,0,1,0,0,0,2,1,1,1,38,7,1968,2,1,2,1
2014360077485,1,9,0,17,0,0,1,0,8,4,1,1,6,2,75,10,1398,2,5,6,3
2014360077488,1,9,0,18,0,8,0,0,0,0,1,1,6,2,25,5,1596,1,10,7,3
2014360077488,2,9,0,1,0,6,0,0,0,0,2,1,6,1,78,11,2861,1,21,7,3
2014360077490,1,9,0,4,0,1,0,0,0,0,1,2,6,1,24,5,-1,-1,-1,10,1
2014360077490,2,9,0,4,0,1,0,0,0,0,2,1,6,1,42,7,1998,1,12,5,2
2014360077492,1,9,0,16,0,0,0,0,0,0,1,1,6,2,31,6,2179,2,4,5,3
2014360077492,2,9,0,17,0,0,0,0,0,0,1,1,1,1,23,5,1997,2,1,-1,-1
2014360077500,1,9,0,9,0,5,0,0,0,0,4,1,6,1,72,10,2148,2,12,-1,2
2014360077500,2,9,0,18,0,8,0,0,0,0,1,1,1,2,31,6,1997,2,9,-1,3
2014360077503,1,8,0,9,0,6,0,0,0,0,3,1,1,1,57,9,-1,-1,-1,7,1
2014360077503,2,9,0,18,0,8,0,0,0,0,1,1,6,2,31,6,1582,2,3,7,3
2014360077512,1,19,0,18,0,1,0,0,0,0,1,1,1,1,27,6,2143,2,1,10,1
2014360077512,2,9,0,10,0,8,0,0,0,0,2,1,2,1,40,7,1968,2,4,5,3
2014360077512,3,9,0,18,0,1,0,0,7,0,1,1,6,2,66,10,1390,1,2,4,3
2014360077514,1,9,0,9,0,6,0,0,0,0,3,1,6,1,51,8,1975,1,13,8,3
2014360077514,2,5,0,18,0,8,0,0,0,0,1,1,2,1,21,5,599,1,14,6,3
2014360077516,1,9,0,5,0,6,0,0,0,0,0,1,2,2,63,9,1388,1,8,6,3
2014360077516,2,9,0,18,0,1,0,0,0,0,3,1,2,2,36,7,1461,2,13,5,2
2014360077516,3,9,0,4,0,2,0,0,1,0,3,1,2,2,55,8,1999,1,13,6,3
2014360077518,1,9,0,18,0,6,0,0,1,10,3,1,6,1,74,10,1896,2,8,9,2
2014360077518,2,9,0,18,0,8,0,0,0,0,1,1,1,1,26,6,2982,2,16,7,3
2014360077526,1,9,0,13,0,0,2,0,7,9,3,1,2,2,25,5,1242,1,6,5,2
2014360077526,2,9,0,13,0,0,0,0,0,0,4,1,2,1,36,7,-1,-1,-1,5,3
2014360077535,1,9,0,18,0,0,1,0,0,0,3,1,6,1,18,4,1596,1,1,5,1
2014360077535,2,9,0,18,0,0,0,0,0,0,1,1,1,1,41,7,2400,2,2,7,2
2014360077536,1,9,0,18,0,0,0,0,0,0,1,1,6,3,-1,-1,-1,-1,-1,-1,-1
2014360077536,2,1,0,18,4,0,0,0,0,0,2,1,6,1,12,3,-1,-1,-1,9,1
2014360077537,1,9,0,9,0,5,0,0,0,0,1,1,6,2,34,6,1390,1,17,6,1
2014360077537,2,1,0,18,0,8,0,0,0,0,1,1,6,1,25,5,-1,-1,-1,3,1
2014360077539,1,9,0,18,0,0,0,0,0,0,1,1,1,2,45,7,1896,2,9,-1,1
2014360077544,1,9,0,9,0,6,0,0,0,0,1,1,6,1,50,8,1598,1,10,6,1
2014360077544,2,9,0,18,0,8,0,0,0,0,1,1,6,2,26,6,1598,1,7,6,2
2014360077549,1,9,0,1,0,8,0,0,0,0,2,1,6,1,35,6,1997,2,11,7,1
2014360077555,1,9,0,16,0,0,1,0,7,11,1,1,1,2,35,6,1149,1,13,-1,-1
2014360077560,1,9,0,7,0,2,0,0,0,0,4,1,6,1,25,5,1341,1,17,1,1
2014360077570,1,9,0,17,0,2,0,4,0,0,1,1,1,1,64,9,1896,2,8,7,3
2014360077570,2,9,0,2,0,1,0,4,0,0,3,1,6,1,43,7,1582,2,2,3,1
2014360077570,3,9,0,2,0,1,0,0,0,0,1,1,6,2,64,9,1997,2,16,7,3
2014360077590,1,9,0,18,0,8,0,0,0,0,1,1,6,1,85,11,1997,2,5,6,1
2014360077590,2,9,0,18,0,8,0,0,0,0,1,1,6,2,44,7,998,1,13,6,1
2014360077592,1,9,0,18,0,2,0,0,0,0,1,1,6,1,83,11,1198,1,7,6,2
2014360077593,1,9,0,18,0,8,0,0,7,9,1,1,6,1,23,5,2000,1,20,7,1
2014360077593,2,9,0,9,0,6,0,0,0,0,3,1,6,1,38,7,1968,2,5,3,1
2014360077602,1,9,0,18,0,0,2,0,1,10,1,1,2,2,31,6,1360,1,11,4,3
2014360077622,1,9,0,9,0,6,0,0,0,0,3,1,6,2,46,8,875,1,3,4,2
2014360077622,2,9,0,18,0,8,0,0,0,0,1,1,6,2,24,5,2497,2,16,4,3
2014360077636,1,3,0,18,0,1,1,0,1,2,1,1,2,1,24,5,124,1,1,6,1
2014360077642,1,9,0,17,0,0,0,0,2,4,1,1,6,1,54,8,1242,1,12,4,1
2014360077665,1,9,0,4,0,0,0,0,0,0,2,1,6,2,54,8,1796,1,12,5,3
2014360077665,2,9,0,18,0,0,0,0,0,0,1,1,6,1,83,11,1396,1,19,5,1
2014360077666,1,9,0,9,0,5,0,0,0,0,1,1,6,2,52,8,1197,1,3,8,3
2014360077666,2,1,0,18,0,8,0,0,0,0,2,1,6,1,47,8,-1,-1,-1,6,3
2014360077672,1,9,0,5,0,6,0,0,0,0,1,1,6,1,34,6,-1,-1,-1,7,3
2014360077672,2,1,0,18,0,8,0,0,0,0,4,1,6,1,67,10,-1,-1,-1,7,1
2014360077674,1,9,0,17,0,0,1,0,7,3,1,1,2,2,22,5,1343,1,23,7,3
2014360077678,1,9,0,9,0,6,0,0,0,0,3,1,6,1,35,6,1968,2,7,8,1
2014360077678,2,1,0,18,0,8,0,0,0,0,1,1,6,1,27,6,-1,-1,-1,1,1
2014360077679,1,9,0,18,0,0,2,0,0,0,1,1,6,2,19,4,998,1,15,5,3
2014360077679,2,9,0,18,0,0,0,0,0,0,3,1,2,1,47,8,-1,-1,-1,5,3
2014360077682,1,9,0,17,0,1,2,0,0,0,1,1,2,1,36,7,1242,1,7,-1,-1
2014360077683,1,9,0,9,0,5,0,0,0,0,1,1,6,1,55,8,-1,-1,-1,6,1
2014360077683,2,1,0,4,0,1,0,0,0,0,1,1,6,1,58,9,-1,-1,-1,5,1
2014360077684,1,9,0,5,0,6,0,0,0,0,4,1,2,2,54,8,1596,1,11,9,1
2014360077684,2,1,0,18,5,8,0,0,0,0,1,1,6,2,62,9,-1,-1,-1,6,1
2014360077697,1,4,0,18,0,0,1,0,0,0,1,1,1,1,24,5,399,1,24,-1,-1
2014360077702,1,9,0,18,0,0,0,0,0,0,1,1,6,1,50,8,1598,1,9,7,1
2014360077708,1,9,0,18,0,0,0,0,0,0,1,1,6,1,82,11,1995,2,9,6,3
2014360077708,2,17,4,18,0,0,0,0,1,0,3,1,1,1,52,8,-1,2,6,6,2
2014360077717,1,19,0,18,0,0,0,0,0,0,0,1,6,1,56,9,4000,1,5,5,3
2014360077717,2,19,0,18,0,0,5,11,1,4,1,1,1,1,43,7,1461,2,2,9,2
2014360077722,1,9,0,1,0,6,0,0,0,0,3,1,2,2,53,8,1783,1,11,4,1
2014360077722,2,9,0,18,0,8,1,0,0,0,1,1,2,1,50,8,1197,1,1,4,1
2014360077732,1,9,0,5,0,6,0,0,0,0,1,1,1,1,63,9,1998,1,14,3,1
2014360077732,2,1,0,17,0,8,0,0,0,0,1,1,1,1,30,6,-1,-1,-1,3,1
2014360077747,1,90,0,14,0,0,0,0,0,0,3,1,1,1,42,7,2999,2,1,3,1
2014360077747,2,9,0,3,0,0,0,0,0,0,3,1,6,1,21,5,1984,1,15,6,1
2014360077747,3,9,0,3,0,0,0,0,0,0,0,1,6,1,-1,-1,-1,-1,-1,-1,-1
2014360077755,1,3,0,18,0,0,0,11,0,0,1,1,2,1,23,5,125,1,3,-1,3
2014360077762,1,4,0,18,0,0,1,0,1,10,3,1,6,1,17,4,-1,-1,-1,9,2
2014360077762,2,21,0,18,0,0,0,0,0,0,3,1,2,1,55,8,-1,-1,-1,8,2
2014360077765,1,9,0,9,0,6,0,0,0,0,3,1,2,1,37,7,1769,1,11,1,1
2014360077765,2,9,0,18,0,8,0,0,0,0,1,1,2,2,23,5,1360,1,12,1,1
2014360077767,1,11,0,18,0,0,0,0,0,0,1,1,1,1,51,8,8268,2,13,7,1
2014360077773,1,9,0,1,0,0,0,0,0,0,2,1,6,1,85,11,1339,1,8,3,2
2014360077774,1,9,0,7,0,5,0,0,0,0,1,1,6,2,-1,-1,-1,-1,-1,-1,-1
2014360077776,1,9,0,18,0,6,0,0,0,0,1,1,1,2,23,5,-1,-1,-1,-1,-1
2014360077776,2,9,0,18,0,8,0,0,0,0,4,1,1,2,47,8,1390,1,7,9,1
2014360077776,3,9,0,3,0,1,0,0,0,0,1,1,1,1,57,9,-1,-1,-1,7,3
2014360077779,1,9,0,18,0,8,5,0,1,1,4,1,6,2,81,11,1086,1,4,7,3
2014360077781,1,9,0,18,0,0,0,0,0,0,1,1,2,2,29,6,1598,1,6,8,1
2014360077781,2,9,0,18,0,0,1,0,0,0,1,1,2,2,18,4,1299,1,13,3,2
2014360077784,1,9,0,9,0,8,0,0,0,0,1,1,6,1,67,10,1360,1,9,6,2
2014360077784,2,9,0,18,0,8,0,0,0,0,1,1,6,1,36,7,1242,1,16,-1,1
2014360077792,1,9,0,18,0,0,2,0,7,4,4,1,1,2,42,7,1686,2,7,6,1
2014360077806,1,9,0,12,0,1,0,0,0,0,3,1,6,1,30,6,-1,-1,-1,1,1
2014360077806,2,9,0,18,0,1,0,0,7,0,4,1,6,1,28,6,1800,1,16,7,1
2014360077815,1,9,0,18,0,8,1,0,0,0,1,1,6,1,39,7,1124,1,13,6,2
2014360077815,2,19,0,9,0,6,0,0,8,2,3,1,1,1,30,6,1560,2,3,1,1
2014360077823,1,9,0,4,0,0,0,0,0,0,4,1,6,2,47,8,1968,2,8,6,1
2014360077827,1,8,0,9,0,8,0,0,0,0,0,1,1,1,41,7,2402,2,10,-1,1
2014360077827,2,3,0,18,0,8,0,0,0,0,4,1,2,2,22,5,124,1,1,5,1
2014360077831,1,9,0,18,0,1,0,0,0,0,1,1,6,2,43,7,1896,2,6,4,1
2014360077833,1,9,0,4,0,2,0,0,0,0,1,1,6,1,74,10,1149,1,8,8,1
2014360077833,2,9,0,4,0,2,0,0,0,0,2,1,2,1,50,8,1242,1,14,8,1
2014360077833,3,9,0,4,0,2,0,0,0,0,2,1,6,1,25,5,1796,1,8,1,1
2014360077837,1,9,0,18,0,0,0,0,7,0,3,1,6,1,22,5,1997,2,9,9,1
2014360077837,2,9,0,18,0,0,0,0,0,0,3,1,6,1,41,7,2461,2,15,5,1
2014360077851,1,9,0,18,0,0,2,0,7,0,1,1,6,1,65,9,996,1,1,-1,-1
2014360077853,1,9,0,18,0,6,1,0,3,0,3,1,2,1,24,5,2198,2,7,7,3
2014360077853,2,9,0,18,0,8,0,0,3,0,1,1,2,1,22,5,1596,1,3,9,2
2014360077858,1,9,0,18,0,0,1,0,0,0,1,1,6,1,38,7,1108,1,18,-1,2
2014360077858,2,9,0,3,0,0,0,0,0,0,2,1,6,1,55,8,1560,2,6,6,3
2014360077858,3,9,0,3,0,0,0,0,0,0,0,1,6,2,26,6,1299,1,12,6,3
2014360077860,1,9,0,7,0,6,0,0,0,0,3,1,6,1,20,4,1796,1,12,6,3
2014360077860,2,2,0,17,0,8,0,0,0,0,1,1,6,1,27,6,50,1,8,4,3
2014360077882,1,9,0,1,0,0,0,0,0,0,2,1,6,2,45,7,1998,1,11,6,2
2014360077901,1,19,0,4,0,0,0,0,0,0,1,1,1,1,32,6,2143,2,4,3,1
2014360077901,2,9,0,4,0,0,0,0,0,0,2,1,6,1,44,7,-1,-1,-1,-1,3
2014360077901,3,20,0,4,0,0,0,0,0,0,2,1,1,1,64,9,3920,2,8,1,1
2014360077917,1,9,0,17,0,0,2,0,1,10,1,1,6,1,19,4,998,1,8,4,2
2014360077924,1,9,0,18,0,8,0,10,3,10,1,1,6,1,82,11,2295,1,9,7,1
2014360077938,1,9,0,18,0,0,0,0,0,0,4,1,6,3,-1,-1,-1,-1,-1,-1,-1
2014360077940,1,9,0,17,0,2,0,4,0,0,1,1,6,2,46,8,1368,1,10,5,3
2014360077940,2,9,0,2,0,1,0,0,0,0,1,1,6,1,65,9,-1,-1,-1,5,3
2014360077942,1,9,0,17,0,0,1,0,7,9,1,1,6,1,58,9,1590,1,15,8,3
2014360077943,1,9,0,18,0,1,0,0,0,0,4,1,6,3,-1,-1,-1,-1,-1,-1,-1
2014360077957,1,9,0,18,0,8,0,0,3,0,4,1,6,1,51,8,2499,2,16,6,2
2014360077957,2,9,0,18,0,8,1,0,0,0,1,1,6,1,27,6,1398,1,11,3,2
2014360077962,1,20,0,18,0,0,0,0,0,0,1,1,1,1,57,9,4764,2,4,-1,1