Accident_Index,Vehicle_Reference,Vehicle_Type,Towing_and_Articulation,Vehicle_Manoeuvre,Vehicle_Location-Restricted_Lane,Junction_Location,Skidding_and_Overturning,Hit_Object_in_Carriageway,Vehicle_Leaving_Carriageway,Hit_Object_off_Carriageway,1st_Point_of_Impact,Was_Vehicle_Left_Hand_Drive?,Journey_Purpose_of_Driver,Sex_of_Driver,Age_of_Driver,Age_Band_of_Driver,Engine_Capacity_(CC),Propulsion_Code,Age_of_Vehicle,Driver_IMD_Decile,Driver_Home_Area_Type
2014360077965,1,9,0,13,0,0,1,0,7,0,1,1,2,1,60,9,1560,2,-1,5,3
2014360077965,2,9,0,18,0,0,1,0,1,0,1,1,2,1,20,4,1800,1,14,7,2
2014360077965,3,21,1,18,0,0,0,0,0,0,2,1,1,1,43,7,15607,2,1,5,1
2014360077973,1,21,1,18,0,7,0,0,0,0,0,1,1,1,64,9,12130,2,9,10,2
2014360077973,2,21,0,13,0,8,0,0,0,0,3,1,1,1,51,8,-1,-1,-1,3,1
2014360077973,3,9,0,12,0,8,0,0,5,7,4,1,6,1,52,8,1870,2,8,4,2
2014360077973,4,19,0,13,0,8,0,0,0,0,4,1,1,1,59,9,-1,-1,-1,4,1
2014360077975,1,9,0,18,0,2,5,0,0,0,1,1,6,1,77,11,1994,1,15,-1,-1
2014360077975,2,9,0,2,0,2,0,0,0,0,2,1,6,3,-1,-1,1749,1,13,-1,-1
2014360077986,1,9,0,14,0,0,0,0,0,0,1,1,6,1,18,4,1149,1,7,5,1
2014360077986,2,9,0,18,0,0,0,0,0,0,1,1,6,2,36,7,1389,1,12,1,1
2014360077989,1,19,0,18,0,0,0,0,0,0,1,1,6,1,36,7,1360,7,8,4,2
2014360077989,2,9,0,4,0,0,0,0,0,0,2,1,6,1,81,11,1997,1,5,5,2
2014360077991,1,9,0,5,0,1,0,0,0,0,1,1,6,2,-1,-1,-1,-1,-1,-1,-1
2014360077992,1,9,0,1,0,1,0,0,0,0,2,1,6,1,85,11,1360,1,5,7,1
2014360077997,1,9,0,17,0,0,1,0,1,11,1,1,6,2,42,7,2792,1,13,-1,-1
2014360078007,1,9,0,9,0,7,1,0,0,0,3,1,2,1,33,6,1587,1,11,10,1
2014360078007,2,19,0,18,0,8,0,0,0,0,1,1,2,1,28,6,1995,2,7,8,1
2014360078013,1,9,0,9,0,6,0,0,0,0,3,1,6,1,50,8,2171,1,12,9,2
2014360078013,2,3,0,18,0,8,1,0,0,0,1,1,2,1,18,4,125,1,5,9,3
2014360078017,1,9,0,18,0,0,5,0,1,4,1,1,6,1,34,6,1896,2,13,9,2
2014360078042,1,9,0,18,0,0,1,0,1,1,1,1,2,1,47,8,-1,-1,-1,10,1
2014360078047,1,9,0,18,0,0,1,0,0,0,1,1,1,2,44,7,1686,2,12,4,2
2014360078047,2,9,0,18,0,0,0,0,0,0,1,1,1,1,38,7,1796,1,15,6,1
2014360078048,1,9,0,18,0,8,0,0,7,10,1,1,6,1,82,11,1242,1,3,10,1
2014360078049,1,9,0,7,0,6,0,0,0,0,3,1,6,2,83,11,1197,1,1,5,1
2014360078049,2,1,0,18,0,8,0,0,0,0,2,1,6,1,75,10,-1,-1,-1,5,3
2014360078073,1,9,0,2,0,0,0,0,0,0,3,1,6,1,-1,-1,-1,-1,-1,-1,-1
2014360078073,2,1,0,18,0,0,0,8,0,0,1,1,1,2,32,6,-1,-1,-1,2,1
2014360078086,1,9,0,9,0,6,0,0,0,0,1,1,6,1,84,11,1339,1,4,10,1
2014360078086,2,1,0,18,0,8,0,0,0,0,4,1,4,1,16,4,-1,-1,-1,2,1
2014360078089,1,9,0,7,0,8,0,0,0,0,4,1,6,1,33,6,1895,1,15,5,1
2014360078089,2,1,0,18,0,8,0,0,0,0,1,1,6,1,31,6,-1,-1,-1,8,1
2014360078094,1,3,0,18,0,1,0,0,0,0,1,1,6,1,17,4,124,1,6,4,1
2014360078097,1,1,0,18,9,1,0,0,0,0,1,1,4,2,15,3,-1,-1,-1,5,1
2014360078097,2,9,0,18,0,3,0,0,0,0,4,1,2,1,30,6,2149,2,7,8,2
2014360078102,1,9,0,9,0,8,0,0,0,0,1,1,1,1,23,5,1560,2,1,5,3
2014360078102,2,9,0,18,0,8,1,0,0,0,3,1,1,2,38,7,1997,2,9,6,3
2014360078104,1,9,0,9,0,6,0,0,0,0,3,1,6,2,60,9,-1,-1,-1,-1,-1
2014360078105,1,9,0,4,0,2,0,0,0,0,4,1,6,1,68,10,-1,-1,-1,5,2
2014360078117,1,1,0,18,0,8,0,0,0,0,2,1,2,1,42,7,-1,-1,-1,10,2
2014360078117,2,9,0,18,0,8,0,0,0,0,1,1,6,2,44,7,1398,2,12,3,1
2014360078120,1,9,0,18,0,6,0,0,7,0,1,1,6,1,33,6,1968,2,3,10,1
2014360078120,2,9,0,18,0,8,0,0,7,0,4,1,6,1,48,8,2993,2,8,5,3
2014360078123,1,9,0,18,0,1,0,0,0,0,3,1,6,1,39,7,-1,-1,-1,3,1
2014360078141,1,9,4,18,0,1,0,0,0,0,1,1,1,1,72,10,-1,-1,-1,6,3
2014360078141,2,9,0,4,0,1,0,0,0,0,2,1,6,1,24,5,1461,2,3,8,3
2014360078141,3,9,0,8,0,5,0,0,1,0,2,1,6,2,67,10,998,1,14,1,1
2014360078154,1,19,0,9,8,6,0,0,7,0,4,1,1,1,44,7,2496,2,16,6,1
2014360078154,2,21,1,18,0,8,0,0,0,0,1,1,1,1,62,9,10518,2,5,6,2
2014360078155,1,3,0,16,0,0,0,0,1,0,1,1,2,1,42,7,124,1,2,6,1
2014360078155,2,9,0,17,0,0,0,0,0,0,3,1,6,2,43,7,1396,1,-1,-1,2
2014360078157,1,1,0,13,0,1,0,0,0,0,1,1,6,2,12,3,-1,-1,-1,1,1
2014360078157,2,9,0,4,0,1,0,0,0,0,3,1,6,1,58,9,1596,1,1,1,1
2014360078157,3,9,0,18,0,2,0,0,0,0,3,1,6,2,26,6,1998,1,12,1,1
2014360078158,1,9,0,17,0,1,1,0,7,10,1,1,2,1,27,6,1388,1,11,8,3
2014360078162,1,9,0,18,0,0,1,0,7,3,1,1,6,1,69,10,1798,1,4,3,3
2014360078163,1,19,0,4,0,0,0,0,0,0,1,1,1,1,41,7,2151,2,10,6,1
2014360078163,2,8,0,3,0,0,0,0,0,0,2,1,3,1,26,6,1910,2,8,1,1
2014360078163,3,9,0,3,0,0,0,0,0,0,2,1,2,1,57,9,2000,2,3,5,1
2014360078163,4,9,0,3,0,0,0,0,0,0,2,1,2,2,50,8,-1,-1,-1,6,2
2014360078163,5,9,0,3,0,0,0,0,0,0,2,1,1,2,34,6,1753,2,13,5,1
2014360078165,1,9,0,9,0,6,0,0,3,0,3,1,6,2,17,4,1299,1,11,3,3
2014360078165,2,11,0,18,0,8,0,0,0,0,1,1,1,1,55,8,4250,2,11,1,1
2014360078167,1,9,0,7,0,6,1,0,7,0,2,1,6,2,22,5,2996,1,6,4,3
2014360078167,2,21,0,18,0,8,1,0,0,0,1,1,1,1,38,7,9200,2,6,7,3
2014360078168,1,9,0,18,0,1,0,0,0,0,1,1,6,3,-1,-1,-1,-1,-1,-1,-1
2014360078168,2,1,0,10,0,8,0,0,0,0,2,1,6,1,30,6,-1,-1,-1,9,1
2014360078170,1,9,0,9,0,8,0,0,0,0,1,1,6,1,42,7,2663,2,15,-1,-1
2014360078170,2,9,0,18,0,8,0,0,0,0,1,1,2,1,55,8,998,1,1,4,3
2014360078179,1,9,0,17,0,1,0,0,0,0,3,1,2,1,51,8,-1,-1,-1,5,3
2014360078179,2,9,0,16,0,2,0,0,0,0,3,1,3,1,36,7,1870,2,9,5,3
2014360078181,1,9,0,9,0,5,0,0,0,0,1,1,2,2,30,6,1490,1,7,6,1
2014360078191,1,19,0,18,0,0,1,0,7,9,1,1,1,1,36,7,2977,2,13,4,3
2014360078196,1,9,0,18,0,0,0,0,0,0,1,1,6,2,92,11,1298,1,7,4,3
2014360078196,2,9,0,2,0,0,0,0,0,0,2,1,6,1,68,10,1896,2,9,4,2
2014360078196,3,21,0,2,0,0,0,0,0,0,2,1,1,1,44,7,4461,2,6,-1,-1
2014360078210,1,9,0,12,0,8,0,0,0,0,3,1,6,2,39,7,998,1,12,-1,3
2014360078210,2,9,0,18,0,8,0,0,0,0,1,1,6,1,57,9,2993,2,7,9,3
2014360078213,1,9,0,9,0,6,0,0,0,0,1,1,6,1,50,8,-1,-1,-1,-1,-1
2014360078217,1,9,0,13,0,0,0,0,1,0,1,1,6,1,84,11,1388,1,9,6,3
2014360078217,2,9,0,16,0,0,1,0,0,0,1,1,6,1,50,8,2495,2,-1,5,3
2014360078217,3,17,4,17,0,0,0,0,0,0,4,1,1,1,20,4,-1,2,11,7,3
2014360078218,1,9,0,16,0,0,0,0,0,0,1,1,6,2,26,6,1598,1,9,7,2
2014360078218,2,19,0,17,0,0,0,0,0,0,3,1,1,1,18,4,2198,2,4,8,1
2014360078234,1,9,0,9,0,5,0,0,0,0,1,1,6,1,19,4,1392,1,22,4,3
2014360078234,2,19,0,18,0,8,1,0,0,0,1,1,6,1,37,7,1997,2,12,3,1
2014360078240,1,9,0,18,0,1,1,0,8,11,1,1,6,1,19,4,1368,1,4,5,3
2014360078247,1,1,0,18,0,8,0,0,0,0,1,1,2,1,45,7,-1,-1,-1,7,1
2014360078247,2,9,0,9,0,5,0,0,0,0,4,1,2,1,34,6,1598,2,3,9,3
2014360078257,1,9,0,18,0,0,0,0,7,0,1,1,6,1,23,5,1999,1,12,7,3
2014360078257,2,9,0,18,0,0,0,0,0,0,1,1,2,2,58,9,2902,2,14,4,2
2014360078257,3,9,0,18,0,0,0,0,0,0,1,1,6,1,56,9,2720,2,8,7,3
2014360078263,1,9,0,18,0,4,0,0,0,0,1,1,6,2,47,8,1598,1,2,2,1
2014360078263,2,9,0,18,0,8,0,0,0,0,4,1,1,2,34,6,1596,1,14,4,1
2014360078268,1,9,0,18,0,2,0,0,0,0,1,1,1,1,40,7,1598,1,13,9,1
2014360078270,1,8,0,17,0,0,1,0,1,4,1,1,1,1,41,7,1995,2,7,-1,-1
2014360078271,1,9,0,9,0,6,0,0,0,0,3,1,6,1,23,5,1149,1,8,8,3
2014360078271,2,9,0,18,0,8,0,0,0,0,1,1,6,2,43,7,1984,2,8,7,1
2014360078275,1,9,0,9,0,6,0,0,1,0,3,1,6,2,48,8,1298,1,11,2,1
2014360078275,2,9,0,18,0,8,0,0,0,0,1,1,3,1,42,7,2902,2,10,-1,3
2014360078276,1,9,0,18,0,8,0,0,0,0,1,1,6,2,24,5,1398,1,2,2,1
2014360078276,2,9,0,18,0,8,0,0,0,0,1,1,6,2,46,8,1796,1,9,6,1
2014360078277,1,9,0,4,0,0,0,0,0,0,2,1,1,2,29,6,-1,-1,-1,7,1
2014360078277,2,9,0,18,0,0,1,0,0,0,1,1,6,1,70,10,1242,1,4,5,3
2014360078294,1,9,0,18,0,1,0,0,0,0,1,1,6,2,53,8,1390,1,5,5,3
2014360078294,2,19,0,4,0,1,0,0,0,0,2,1,1,1,43,7,2198,2,1,4,1
2014360078294,3,9,0,10,0,8,0,0,0,0,2,1,1,1,25,5,1597,1,17,6,1
2014360078297,1,9,0,4,0,0,0,0,0,0,1,1,6,1,23,5,-1,-1,-1,4,2
2014360078297,2,9,0,4,0,0,0,0,0,0,2,1,6,2,48,8,2184,2,10,5,3
2014360078297,3,19,0,18,0,0,0,0,0,0,1,1,1,1,41,7,2198,2,2,9,3
2014360078299,1,9,0,17,0,0,1,0,1,0,1,1,2,1,22,5,1124,1,12,7,3
2014360078301,1,11,0,18,0,0,0,0,0,0,1,1,1,1,49,8,5900,2,10,6,1
2014360078302,1,9,0,18,0,0,0,0,0,0,1,1,6,1,26,6,2993,2,8,7,1
2014360078303,1,9,0,18,0,0,0,0,0,0,1,1,6,2,83,11,1984,1,7,5,3
2014360078303,2,9,0,18,0,0,0,0,0,0,1,1,6,1,80,11,1396,1,14,-1,-1
2014360078310,1,5,0,14,0,8,0,0,0,0,1,1,6,1,31,6,750,1,31,9,1
2014360078310,2,9,0,5,0,6,0,0,0,0,1,1,6,1,50,8,1956,2,3,9,1
2014360078320,1,3,0,18,0,0,0,12,0,0,4,1,6,1,58,9,124,1,12,3,1
2014360078328,1,11,0,4,0,1,0,0,0,0,1,1,1,1,-1,-1,7300,2,14,-1,-1
2014360078328,2,9,0,8,0,1,0,0,0,0,2,1,1,2,32,6,1796,1,3,-1,-1
2014360078344,1,9,0,18,0,8,0,0,0,0,0,1,6,2,38,7,1560,2,3,8,2
2014360078351,1,9,0,9,0,6,0,0,0,0,1,1,3,2,30,6,3700,1,9,-1,-1
2014360078351,2,9,0,9,0,5,0,0,0,0,4,1,3,2,32,6,1598,1,8,-1,2
2014360078354,1,9,0,9,0,6,0,0,0,0,3,1,6,2,60,9,2962,1,23,6,1
2014360078354,2,3,0,18,0,8,0,0,0,0,1,1,6,1,42,7,124,1,1,5,3
2014360078358,1,9,0,18,0,0,5,0,7,0,1,1,6,2,21,5,1149,1,7,6,3
2014360078360,1,9,0,9,0,5,0,0,0,0,1,1,6,2,44,7,1461,2,10,3,3
2014360078360,2,9,0,18,0,8,0,0,0,0,1,1,6,2,28,6,1781,1,18,-1,-1
2014360078367,1,9,0,18,0,0,0,0,0,0,1,1,6,1,78,11,1598,1,6,5,1
2014360078368,1,9,0,9,0,4,0,0,0,0,1,1,6,1,23,5,-1,-1,-1,2,1
2014360078368,2,5,0,18,0,8,0,0,0,0,4,1,6,1,45,7,999,1,5,-1,-1
2014360078370,1,9,0,16,0,0,0,0,0,0,3,1,2,1,73,10,2148,2,12,8,2
2014360078370,2,9,0,17,0,0,0,0,0,0,3,1,2,2,24,5,1598,1,9,7,2
2014360078371,1,9,0,18,0,0,0,0,0,0,3,1,6,1,54,8,1968,2,8,7,2
2014360078386,1,22,0,18,9,2,0,0,0,0,1,1,6,2,-1,-1,-1,-1,-1,-1,-1
2014360078386,2,22,0,18,9,2,0,0,0,0,0,1,6,1,-1,-1,-1,-1,-1,-1,-1
2014360078386,3,1,0,18,0,3,0,0,0,0,2,1,6,2,39,7,-1,-1,-1,3,1
2014360078387,1,8,0,6,0,8,0,0,0,0,3,1,1,1,40,7,1896,2,9,-1,-1
2014360078387,2,9,0,4,0,8,0,0,0,0,1,1,6,1,19,4,1199,2,2,9,1
2014360078394,1,21,0,13,0,0,0,0,0,0,0,1,1,3,-1,-1,-1,-1,-1,-1,-1
2014360078394,2,1,0,18,0,0,0,0,0,0,4,1,6,1,31,6,-1,-1,-1,10,1
2014360078397,1,9,0,7,0,6,0,0,0,0,1,1,6,1,58,9,-1,-1,-1,3,1
2014360078397,2,1,0,18,0,8,0,0,0,0,4,1,2,1,43,7,-1,-1,-1,2,1
2014360078398,1,9,0,18,0,1,1,0,1,0,1,1,2,1,36,7,1497,1,13,4,1
2014360078398,2,9,0,3,0,1,0,0,1,0,2,1,2,1,27,6,1686,2,4,8,1
2014360078398,3,9,0,7,0,5,0,0,0,0,0,1,6,1,30,6,1689,2,11,6,3
2014360078407,1,19,0,9,0,6,1,0,0,0,1,1,1,1,29,6,2198,2,1,3,1
2014360078407,2,9,0,18,0,8,0,0,0,0,1,1,2,1,37,7,1997,1,9,9,1
2014360078408,1,9,0,18,0,1,1,0,0,0,1,1,6,1,20,4,2402,2,6,5,3
2014360078408,2,9,0,3,0,1,0,0,0,0,2,1,2,2,22,5,1598,1,1,3,3
2014360078408,3,19,0,3,0,1,0,0,0,0,2,1,6,1,50,8,-1,-1,-1,6,3
2014360078409,1,9,0,18,0,8,0,0,0,0,4,1,1,2,52,8,1598,1,10,3,3
2014360078409,2,9,0,5,0,4,0,0,0,0,1,1,6,3,-1,-1,-1,-1,-1,-1,-1
2014360078417,1,9,0,16,0,2,1,0,2,1,1,1,6,1,26,6,1781,1,13,3,1
2014360078422,1,9,0,9,0,5,0,0,0,0,3,1,6,2,42,7,1198,1,3,1,1
2014360078422,2,4,0,13,0,8,0,0,0,0,1,1,6,1,64,9,680,1,6,5,3
2014360078424,1,9,0,5,0,1,0,0,0,0,4,1,2,1,22,5,998,1,-1,3,1
2014360078426,1,9,0,9,0,6,0,0,0,0,1,1,6,2,50,8,1149,1,10,4,3
2014360078437,1,9,0,18,0,0,0,12,1,3,1,1,6,1,63,9,1796,1,14,3,1
2014360078440,1,9,0,18,0,2,5,4,0,0,1,1,6,2,45,7,1296,1,8,4,3
2014360078440,2,9,0,2,0,2,0,4,0,0,2,1,6,2,33,6,1997,2,11,-1,-1
2014360078440,3,9,0,2,0,2,0,0,0,0,2,1,6,1,64,9,1997,2,5,4,2
2014360078447,1,9,0,9,0,6,0,0,0,0,3,1,6,2,73,10,999,1,5,6,3
2014360078447,2,19,0,18,0,8,0,0,0,0,1,1,1,1,64,9,1998,2,11,6,1
2014360078458,1,9,0,1,0,0,0,0,0,0,2,1,6,1,70,10,1586,1,7,-1,-1
2014360078458,2,9,0,2,0,0,0,0,0,0,0,1,6,2,45,7,2231,2,7,-1,2
2014360078473,1,9,0,18,0,1,0,0,0,0,1,1,6,1,76,11,1124,1,13,10,3
2014360078473,2,9,0,10,0,8,0,0,0,0,2,1,6,2,24,5,1328,1,9,8,1
2014360078478,1,9,0,9,0,6,0,0,1,0,3,1,6,1,76,11,1598,1,15,1,1
2014360078478,2,9,0,18,0,8,0,0,0,0,1,1,6,1,31,6,1896,2,17,5,1
2014360078489,1,8,0,6,0,8,0,0,0,0,1,1,1,1,61,9,1997,2,7,5,1
2014360078489,2,19,0,18,0,8,0,0,0,0,1,1,6,1,53,8,2198,2,6,3,1
2014360078492,1,9,0,7,0,5,0,10,7,0,1,1,2,2,47,8,1905,2,16,4,1
2014360078499,1,9,0,14,0,0,0,0,0,0,3,1,6,2,65,9,-1,-1,-1,6,1
2014360078499,2,9,0,18,0,0,0,0,0,0,3,1,6,1,74,10,1598,1,13,5,1
2014360078502,1,9,0,18,0,0,0,0,0,0,1,1,2,2,20,4,1490,1,5,9,3
2014360078503,1,9,0,18,0,0,0,0,0,0,1,1,6,2,72,10,2143,2,4,9,1
2014360078503,2,9,0,18,0,0,0,0,4,0,1,1,6,1,36,7,1968,2,7,7,1
2014360078503,3,9,0,18,0,0,1,0,1,9,1,1,6,1,41,7,1796,1,13,8,3
2014360078503,4,9,0,18,0,0,1,0,1,0,1,1,6,1,67,10,1997,2,6,10,2
2014360078522,1,9,0,9,0,5,0,0,0,0,1,1,3,1,24,5,3956,1,14,-1,-1
2014360078522,2,19,0,18,0,8,0,0,1,0,3,1,1,1,62,9,1753,2,8,-1,-1
2014360078528,1,4,0,18,0,0,0,0,0,0,4,1,6,1,74,10,175,1,53,-1,-1
2014360078539,1,9,0,7,0,6,0,0,0,0,3,1,6,2,66,10,1299,1,14,3,1
2014360078539,2,9,0,18,0,8,0,0,0,0,1,1,6,1,41,7,1587,1,21,9,1
2014360078540,1,9,0,9,0,5,0,0,0,0,4,1,6,1,22,5,1796,1,15,5,3
2014360078540,2,2,0,18,0,8,0,0,0,0,1,1,6,1,68,10,49,1,32,8,2
2014360078543,1,9,0,4,0,1,0,0,0,0,1,1,1,2,37,7,1560,2,2,4,1
2014360078543,2,9,0,3,0,1,0,0,0,0,2,1,6,2,45,7,2830,2,21,6,1
2014360078544,1,9,0,18,0,1,1,0,0,0,1,1,6,1,41,7,1896,2,11,2,1
2014360078544,2,9,0,3,0,1,0,0,0,0,2,1,6,1,51,8,1998,1,10,8,2
2014360078564,1,9,0,1,0,8,0,0,0,0,2,1,6,3,-1,-1,-1,-1,-1,-1,-1
2014360078567,1,9,0,13,0,0,1,0,1,9,4,1,1,2,48,8,1390,1,16,6,1
2014360078567,2,21,1,18,0,0,0,0,0,0,3,1,1,1,43,7,12130,2,10,8,1
2014360078573,1,9,0,18,0,2,1,0,1,10,1,1,6,1,42,7,1598,1,6,-1,-1
2014360078574,1,9,0,4,0,0,0,0,0,0,1,1,6,1,34,6,1896,2,13,8,2
2014360078574,2,9,0,3,0,0,0,0,0,0,2,1,6,2,62,9,1149,1,9,10,1
2014360078574,3,9,0,3,0,0,0,0,0,0,2,1,6,2,39,7,2400,2,5,10,1
2014360078574,4,9,0,3,0,0,0,0,0,0,2,1,6,1,56,9,1796,1,5,4,1
2014360078574,5,9,0,3,0,0,0,0,0,0,2,1,6,1,62,9,1587,1,10,3,3
2014360078575,1,9,0,18,0,0,0,0,0,0,1,1,6,1,21,5,1598,1,16,8,3
2014360078575,2,9,0,18,0,0,0,0,0,0,4,1,1,1,28,6,1997,2,6,-1,3
2014360078575,3,8,0,2,0,0,0,0,0,0,2,1,1,1,34,6,1798,8,-1,1,1
2014360078575,4,8,0,2,0,0,0,0,0,0,3,1,6,1,36,7,1968,2,3,6,1
2014360078575,5,9,0,18,0,0,0,0,0,0,0,1,1,1,31,6,1560,2,2,-1,-1
2014360078582,1,9,0,1,0,0,0,0,0,0,2,1,6,1,83,11,1587,1,8,4,3
2014360078586,1,9,0,9,0,5,0,0,0,0,1,1,6,1,42,7,1598,2,4,6,1
2014360078586,2,9,0,18,0,8,0,0,0,0,1,1,6,1,60,9,-1,-1,-1,4,1
2014360078590,1,9,0,9,0,6,1,0,0,0,1,1,2,2,26,6,1598,2,4,7,3
2014360078590,2,9,0,17,0,8,1,0,0,0,1,1,6,1,54,8,1396,1,10,6,3
2014360078593,1,9,0,18,0,0,0,0,0,0,3,1,6,2,25,5,1240,1,9,-1,-1
2014360078593,2,9,0,13,0,0,0,0,0,0,3,1,6,1,20,4,1398,1,13,3,1
2014360078593,3,9,0,18,0,0,0,0,0,0,0,1,6,3,-1,-1,-1,-1,-1,-1,-1
2014360078594,1,21,1,14,0,1,1,0,0,0,1,1,1,1,56,9,12777,2,5,10,1
2014360078594,2,9,0,3,0,1,0,0,0,0,2,1,2,1,22,5,1388,1,8,8,2
2014360078594,3,19,0,3,0,1,0,0,0,0,2,1,2,1,67,10,1968,2,3,5,3
2014360078594,4,9,0,3,0,1,0,0,0,0,2,1,6,1,68,10,2993,2,2,3,3
2014360078598,1,9,0,18,0,8,0,0,0,0,1,1,6,2,39,7,2401,1,9,8,1
2014360078598,2,9,0,4,0,8,0,0,0,0,2,1,6,1,21,5,1199,1,11,6,1
2014360078605,1,9,0,18,0,4,0,0,0,0,1,1,2,1,59,9,2967,1,11,3,1
2014360078605,2,9,0,9,0,8,0,0,0,0,1,1,6,2,48,8,998,1,1,6,1
2014360078610,1,9,0,7,0,5,0,0,0,0,2,1,6,2,57,9,1997,2,6,-1,1
2014360078610,2,9,0,18,0,1,0,0,0,0,1,1,6,2,62,9,1242,1,11,7,1
2014360078611,1,9,0,4,0,1,0,0,0,0,1,1,1,1,32,6,1360,1,13,1,1
2014360078611,2,9,0,10,0,8,0,0,0,0,2,1,1,1,35,6,1998,1,12,2,1
2014360078612,1,9,0,9,0,6,0,0,0,0,1,1,6,2,39,7,1598,1,10,4,2
2014360078612,2,9,0,18,0,8,0,0,7,0,1,1,6,1,66,10,1988,1,14,10,1
2014360078621,1,19,0,5,0,0,0,0,0,0,3,1,6,3,-1,-1,-1,-1,-1,-1,-1
2014360078621,2,19,0,14,0,0,0,0,0,0,4,1,1,2,34,6,1248,2,1,2,1
2014360078661,1,97,0,4,0,0,1,10,1,10,1,1,6,1,25,5,599,1,16,-1,-1
2014360078661,2,9,0,14,0,0,0,0,0,0,0,1,1,1,29,6,-1,-1,-1,-1,-1
2014360078676,1,20,0,18,0,6,0,0,0,0,1,1,1,1,48,8,3908,2,8,5,1
2014360078676,2,9,0,17,0,8,1,0,0,0,1,1,6,2,51,8,1364,1,9,9,3
2014360078677,1,9,0,3,0,1,0,0,0,0,2,1,3,2,43,7,1598,1,2,1,1
2014360078677,2,9,0,4,0,1,0,0,0,0,1,1,6,2,23,5,1124,1,13,4,2
2014360078678,1,2,0,18,0,1,1,0,0,0,3,1,6,1,33,6,-1,-1,-1,6,1
2014360078678,2,8,0,4,0,1,0,0,0,0,0,1,1,1,56,9,1997,2,5,4,3
2014360078680,1,11,0,4,0,0,0,0,0,0,4,1,1,1,64,9,6871,2,5,10,2
2014360078681,1,9,0,18,0,0,1,0,7,0,1,1,6,1,69,10,698,1,7,7,2
2014360078681,2,9,0,18,0,0,1,0,0,0,1,1,6,1,56,9,1968,2,8,7,3
2014360078681,3,9,0,18,0,0,1,0,0,0,1,1,2,1,56,9,2982,2,15,5,3
2014360078684,1,9,0,1,0,6,0,0,0,0,2,1,6,1,44,7,-1,-1,-1,7,2
2014360078684,2,1,0,18,0,8,0,0,0,0,1,1,6,2,38,7,-1,-1,-1,7,2
2014360078686,1,9,0,18,0,1,0,0,0,0,1,1,6,2,64,9,1108,1,12,3,2
2014360078686,2,9,0,3,0,1,0,0,0,0,2,1,1,2,66,10,3200,2,11,7,3
2014360078687,1,9,0,7,0,6,0,0,0,0,1,1,6,1,62,9,1396,1,13,5,3
2014360078687,2,9,0,18,0,8,1,0,1,0,1,1,6,1,21,5,1242,1,13,9,1
2014360078691,1,8,0,18,0,0,0,0,0,0,1,1,1,2,33,6,1995,2,1,2,1
2014360078691,2,9,0,3,0,0,0,0,0,0,2,1,6,2,33,6,973,1,14,2,1
2014360078691,3,9,0,3,0,0,0,0,0,0,0,1,6,2,28,6,-1,-1,-1,8,3
2014360078707,1,9,0,18,0,4,0,0,0,0,0,1,6,3,-1,-1,-1,-1,-1,-1,-1
2014360078707,2,9,0,4,0,8,0,0,0,0,2,1,6,1,55,8,1598,1,11,5,1
2014360078707,3,3,0,4,0,4,0,0,0,0,1,1,2,1,20,4,124,1,2,7,2
2014360078714,1,9,0,18,0,1,0,0,0,0,1,1,6,2,-1,-1,-1,-1,-1,-1,-1
2014360078714,2,9,0,8,0,1,0,0,0,0,2,1,6,2,48,8,1910,2,10,7,1
2014360078715,1,9,0,9,0,6,0,0,0,0,1,1,2,1,45,7,1896,2,8,6,2
2014360078715,2,9,0,17,0,8,0,0,0,0,1,1,6,2,27,6,1242,1,7,6,2
2014360078717,1,9,0,7,0,4,0,0,0,0,1,1,6,1,-1,-1,995,1,3,-1,-1
2014360078717,2,1,0,18,0,8,0,0,0,0,4,1,6,2,26,6,-1,-1,-1,2,1
2014360078720,1,9,0,17,0,0,0,11,1,1,1,1,1,2,27,6,998,1,10,4,3
2014360078724,1,98,1,18,0,8,1,0,0,0,1,1,1,1,53,8,10837,2,1,9,1
2014360078724,2,9,0,9,0,5,0,0,0,0,2,1,2,1,21,5,-1,-1,-1,7,3
2014360078728,1,9,0,17,0,3,0,0,0,0,4,1,6,3,-1,-1,-1,-1,-1,-1,-1
2014360078739,1,19,0,18,0,1,1,0,0,0,1,1,1,1,42,7,2402,2,6,3,2
2014360078739,2,9,0,10,0,8,0,0,0,0,2,1,6,1,72,10,1997,1,6,9,2
2014360078742,1,9,0,4,0,1,0,0,0,0,1,1,2,2,25,5,1399,1,11,10,2
2014360078742,2,9,0,3,0,1,0,0,0,0,2,1,6,2,30,6,1198,1,2,6,1
2014360078742,3,9,0,10,0,8,0,0,0,0,2,1,6,2,39,7,1598,1,1,10,2
2014360078743,1,9,0,18,0,1,0,0,0,0,1,1,6,1,39,7,-1,-1,-1,6,2
2014360078743,2,9,0,10,0,8,0,0,0,0,2,1,6,1,56,9,1995,2,1,-1,1