Accident_Index,Vehicle_Reference,Vehicle_Type,Towing_and_Articulation,Vehicle_Manoeuvre,Vehicle_Location-Restricted_Lane,Junction_Location,Skidding_and_Overturning,Hit_Object_in_Carriageway,Vehicle_Leaving_Carriageway,Hit_Object_off_Carriageway,1st_Point_of_Impact,Was_Vehicle_Left_Hand_Drive?,Journey_Purpose_of_Driver,Sex_of_Driver,Age_of_Driver,Age_Band_of_Driver,Engine_Capacity_(CC),Propulsion_Code,Age_of_Vehicle,Driver_IMD_Decile,Driver_Home_Area_Type
2014360078744,1,9,0,18,0,0,0,0,0,0,1,1,6,1,58,9,993,1,12,8,2
2014360078744,2,9,0,2,0,0,0,0,0,0,3,1,6,3,-1,-1,1988,2,9,-1,-1
2014360078746,1,9,0,18,0,0,1,0,1,1,1,1,6,1,65,9,-1,-1,-1,10,1
2014360078746,2,9,0,18,0,0,0,0,0,0,2,1,6,1,47,8,-1,-1,-1,-1,-1
2014360078747,1,9,0,14,0,1,0,0,0,0,4,1,6,2,65,9,1762,1,15,6,3
2014360078748,1,9,0,18,0,0,1,0,0,0,1,1,6,1,39,7,1527,2,17,3,1
2014360078748,2,9,0,14,0,0,0,0,0,0,1,1,6,2,75,10,1783,1,10,5,1
2014360078756,1,9,0,5,0,6,0,0,7,1,4,1,3,2,39,7,1587,1,10,9,2
2014360078756,2,9,0,16,0,8,0,0,0,0,1,1,6,1,49,8,1796,1,20,7,3
2014360078759,1,3,0,17,0,0,0,0,1,0,1,1,1,1,23,5,124,1,-1,5,3
2014360078759,2,9,0,16,0,0,0,0,0,0,1,1,6,2,69,10,2198,2,8,4,3
2014360078765,1,9,0,17,0,0,1,0,7,1,1,1,6,2,28,6,1998,2,9,5,1
2014360078767,1,5,0,17,0,0,0,0,2,10,1,1,6,1,28,6,599,1,8,6,1
2014360078769,1,9,0,9,0,6,0,0,0,0,1,1,6,1,71,10,1349,1,3,7,1
2014360078769,2,9,0,18,0,8,0,0,0,0,1,1,6,1,40,7,1997,2,1,7,3
2014360078778,1,21,0,5,0,6,1,0,1,11,3,1,1,1,32,6,4462,2,1,5,1
2014360078778,2,9,0,18,0,8,0,0,7,0,4,1,6,2,67,10,1596,1,13,7,1
2014360078785,1,9,0,6,0,0,0,0,0,0,3,1,6,2,30,6,3597,1,6,4,1
2014360078785,2,4,0,13,0,0,1,0,7,0,1,1,6,1,51,8,1731,1,3,10,1
2014360078785,3,4,0,13,0,0,1,0,0,0,1,1,6,1,56,9,1800,1,6,10,1
2014360078785,4,4,0,13,0,0,0,0,0,0,1,1,6,1,50,8,1783,1,6,8,1
2014360078786,1,9,0,18,0,0,0,0,0,0,1,1,6,1,41,7,1995,2,10,-1,-1
2014360078786,2,9,0,18,0,0,0,0,0,0,2,1,6,1,19,4,1229,1,4,6,1
2014360078786,3,9,0,18,0,0,0,0,0,0,2,1,6,1,50,8,1299,1,11,3,1
2014360078786,4,9,0,18,0,0,0,0,0,0,2,1,6,1,77,11,1560,2,5,3,3
2014360078787,1,19,0,17,0,0,0,0,0,0,1,1,6,1,45,7,1900,2,18,-1,-1
2014360078787,2,9,0,4,0,0,0,0,0,0,2,1,2,2,39,7,1399,2,3,8,1
2014360078796,1,9,0,13,0,0,0,0,0,0,4,1,6,1,84,11,-1,-1,-1,8,1
2014360078796,2,1,0,18,0,0,0,0,0,0,3,1,2,1,27,6,-1,-1,-1,3,1
2014360078799,1,19,0,18,0,1,1,0,0,0,1,1,6,1,27,6,1461,2,11,9,1
2014360078799,2,9,0,10,0,8,0,0,0,0,2,1,6,2,56,9,1753,2,14,6,3
2014360078800,1,9,0,9,0,6,0,0,0,0,1,1,6,1,20,4,1149,1,14,7,1
2014360078800,2,9,0,10,0,8,0,0,0,0,2,1,6,2,53,8,1242,1,16,7,1
2014360078806,1,19,0,9,0,6,0,0,0,0,3,1,1,1,65,9,2461,2,5,6,3
2014360078807,1,9,0,16,0,0,0,0,0,0,1,1,2,1,24,5,1796,1,11,9,1
2014360078807,2,19,0,17,0,0,1,0,0,0,1,1,6,1,42,7,2400,2,12,8,3
2014360078816,1,5,0,13,0,8,0,0,0,0,1,1,6,1,49,8,805,1,5,5,1
2014360078816,2,9,0,9,0,5,0,0,0,0,3,1,6,2,22,5,1598,1,8,6,2
2014360078823,1,19,0,18,0,0,0,0,0,0,1,1,2,1,38,7,1995,2,1,3,1
2014360078827,1,9,0,4,0,1,0,0,0,0,1,1,6,2,65,9,1753,2,6,5,3
2014360078827,2,9,0,8,0,1,0,0,0,0,2,1,6,2,32,6,1997,2,13,6,3
2014360078830,1,9,0,18,0,0,0,0,0,0,1,1,6,1,-1,-1,-1,-1,-1,-1,-1
2014360078831,1,9,0,9,0,5,0,0,0,0,4,1,6,1,35,6,1968,2,7,6,3
2014360078831,2,3,0,18,0,8,0,0,0,0,1,1,6,1,18,4,124,1,4,6,3
2014360078838,1,9,0,5,0,1,0,0,0,0,1,1,6,2,23,5,-1,-1,-1,-1,-1
2014360078838,2,1,0,18,4,1,0,0,0,0,3,1,6,2,26,6,-1,-1,-1,3,1
2014360078843,1,9,0,18,0,1,0,0,0,0,1,1,6,1,20,4,1968,2,6,1,1
2014360078843,2,2,0,10,0,8,0,0,0,0,2,1,6,1,16,4,49,1,1,5,3
2014360078886,1,9,0,13,0,0,0,0,7,4,1,1,6,2,77,11,1587,1,8,4,3
2014360078886,2,9,0,18,0,0,0,0,0,0,0,1,6,2,54,8,1968,2,6,5,3
2014360078897,1,9,0,18,0,0,0,0,0,0,1,1,6,2,61,9,1560,2,8,7,3
2014360078897,2,9,0,18,0,0,1,0,1,0,3,1,1,1,59,9,1368,1,5,8,1
2014360078897,3,19,0,18,0,0,0,0,0,0,3,1,1,1,52,8,2402,2,6,8,3
2014360078903,1,1,0,18,9,8,0,0,0,0,1,1,4,1,10,2,-1,-1,-1,3,1
2014360078903,2,1,0,18,9,8,0,0,0,0,1,1,4,1,10,2,-1,-1,-1,2,1
2014360078903,3,9,0,9,0,6,0,0,0,0,4,1,6,3,-1,-1,-1,-1,-1,-1,-1
2014360078905,1,9,0,7,0,6,0,0,0,0,1,1,6,2,38,7,1998,2,11,8,1
2014360078905,2,1,0,18,0,8,0,0,0,0,4,1,2,1,40,7,-1,-1,-1,2,1
2014360078907,1,9,0,14,0,8,0,0,0,0,1,1,6,1,25,5,-1,-1,-1,-1,-1
2014360078907,2,9,0,9,0,6,0,0,0,0,1,1,6,2,48,8,1461,2,5,4,1
2014360078909,1,9,0,18,0,0,0,0,0,0,1,1,1,1,26,6,1596,1,12,3,1
2014360078914,1,5,0,18,0,0,0,0,0,0,0,1,1,1,30,6,849,1,5,7,2
2014360078915,1,9,0,1,0,5,0,0,0,0,0,1,6,1,-1,-1,-1,-1,-1,10,3
2014360078915,2,11,0,4,0,1,0,0,0,0,0,1,1,1,65,9,4250,2,12,5,3
2014360078928,1,9,0,18,0,6,0,0,0,0,1,1,6,1,60,9,1991,1,14,3,1
2014360078928,2,9,0,8,0,1,0,0,0,0,3,1,6,1,61,9,1598,1,9,3,2
2014360078928,3,9,0,18,0,8,0,0,0,0,3,1,6,2,43,7,1598,1,3,5,3
2014360078960,1,5,0,13,0,8,1,0,0,0,1,1,2,1,26,6,1200,1,26,7,2
2014360078960,2,19,0,9,0,5,0,0,0,0,3,1,2,1,62,9,3059,2,16,4,1
2014360078971,1,9,0,18,0,0,0,0,0,0,1,1,2,1,48,8,1998,1,12,1,1
2014360078971,2,9,0,4,0,0,0,0,0,0,2,1,6,1,33,6,1596,1,12,2,1
2014360078978,1,5,0,16,0,0,1,0,7,4,1,1,2,1,22,5,599,1,14,8,3
2014360078992,1,5,0,14,0,0,0,0,0,0,1,1,6,1,43,7,955,1,11,6,3
2014360078992,2,9,0,4,0,0,0,0,0,0,2,1,6,2,50,8,999,1,-1,4,1
2014360078994,1,19,0,17,0,2,0,0,1,4,1,1,6,1,44,7,1998,1,15,7,1
2014360078995,1,9,0,18,0,0,0,0,0,0,1,1,6,3,-1,-1,-1,-1,-1,-1,-1
2014360078995,2,9,0,4,0,0,0,0,0,0,2,1,6,2,39,7,1598,1,16,3,2
2014360078997,1,9,0,17,0,0,1,0,0,0,1,1,6,1,25,5,1781,1,13,10,1
2014360078997,2,9,0,18,0,0,0,0,0,0,3,1,6,2,53,8,1386,1,3,7,2
2014360078998,1,9,0,14,0,0,0,0,0,0,4,1,6,2,52,8,1560,2,6,9,1
2014360079000,1,2,0,9,0,5,0,0,1,0,1,1,6,1,52,8,49,1,3,6,1
2014360079004,1,9,0,18,0,0,0,0,1,10,1,1,2,1,26,6,1124,1,15,6,2
2014360079006,1,9,0,18,0,0,0,10,7,11,4,1,6,1,32,6,1598,1,10,10,1
2014360079020,1,9,0,10,0,8,0,0,0,0,2,1,6,1,27,6,-1,-1,-1,-1,1
2014360079020,2,9,0,18,0,1,0,0,0,0,1,1,6,2,27,6,1348,1,13,6,3
2014360079025,1,9,0,1,0,0,0,0,0,0,2,1,6,1,60,9,2495,2,17,9,3
2014360079044,1,9,0,4,0,1,0,0,0,0,1,1,6,2,40,7,1870,2,4,-1,-1
2014360079044,2,1,0,10,0,1,0,0,0,0,2,1,1,2,33,6,-1,-1,-1,8,1
2014360079049,1,9,0,18,0,0,0,0,0,0,1,1,6,1,28,6,1275,1,23,6,1
2014360079049,2,9,0,18,0,0,0,0,0,0,1,1,6,1,63,9,-1,-1,-1,-1,-1
2014360079061,1,9,0,18,0,8,0,0,7,10,1,1,6,2,45,7,2000,1,8,5,3
2014360079061,2,9,0,10,0,1,0,0,0,0,1,1,6,1,30,6,1796,1,15,5,3
2014360079065,1,9,0,18,0,0,0,0,0,0,1,1,6,1,66,10,1396,1,6,5,1
2014360079065,2,21,1,18,0,0,0,0,0,0,1,1,1,1,42,7,12740,2,2,4,1
2014360079065,3,19,0,3,0,0,0,0,0,0,1,1,1,2,37,7,2143,2,1,4,1
2014360079065,4,10,0,18,0,0,0,0,0,0,1,1,1,1,37,7,2198,2,2,8,1
2014360079070,1,9,0,5,0,6,1,0,3,11,3,1,6,1,68,10,1596,1,3,4,3
2014360079070,2,9,0,18,0,8,1,0,7,0,1,1,6,2,78,11,1596,1,9,5,3
2014360079072,1,9,0,13,0,0,0,0,0,0,1,1,1,1,54,8,2993,2,2,10,1
2014360079072,2,1,0,18,0,0,0,0,0,0,2,1,6,2,60,9,-1,-1,-1,3,3
2014360079088,1,9,0,18,0,1,0,10,1,2,1,1,2,1,22,5,-1,-1,-1,6,2
2014360079088,2,9,0,10,0,8,0,0,0,0,2,1,6,1,70,10,1397,1,2,9,3
2014360079090,1,9,0,18,0,0,0,0,0,0,1,1,6,1,79,11,1997,2,4,8,3
2014360079090,2,11,0,18,0,0,0,0,0,0,1,1,1,1,72,10,-1,-1,-1,-1,-1
2014360079093,1,9,0,9,0,6,0,0,0,0,3,1,6,2,37,7,1968,2,3,10,2
2014360079093,2,4,0,18,0,8,0,0,0,0,1,1,6,1,25,5,599,1,11,5,3
2014360079098,1,19,0,9,0,5,0,0,0,0,0,1,6,3,-1,-1,-1,-1,-1,-1,-1
2014360079098,2,5,0,4,0,1,1,0,0,0,3,1,6,1,46,8,1050,1,3,7,3
2014360079113,1,9,0,9,0,5,0,0,0,0,1,1,6,1,78,11,1242,1,5,4,1
2014360079113,2,11,0,4,0,1,0,0,0,0,1,1,1,1,61,9,3900,2,9,1,1
2014360079121,1,9,0,1,0,6,0,0,0,0,2,1,6,1,-1,-1,-1,-1,-1,-1,-1
2014360079124,1,21,1,14,0,0,0,0,0,0,0,1,1,1,50,8,12777,2,2,4,2
2014360079124,2,16,0,18,0,0,0,0,0,0,0,1,6,2,15,3,-1,-1,-1,6,3
2014360079140,1,9,0,11,0,1,0,0,0,0,4,1,6,2,53,8,1240,1,6,9,1
2014360079140,2,5,0,18,0,1,0,0,0,0,3,1,6,1,33,6,998,1,14,7,1
2014360079148,1,9,0,18,0,0,2,0,1,11,1,1,6,1,21,5,1149,1,10,7,1
2014360079155,1,9,0,18,0,8,0,0,0,0,1,1,6,1,37,7,1999,1,5,10,1
2014360079155,2,9,0,9,0,6,0,0,0,0,3,1,1,1,27,6,-1,-1,-1,-1,-1
2014360079167,1,9,0,18,0,0,0,0,7,10,1,1,6,1,64,9,1598,1,14,8,1
2014360079168,1,9,0,9,0,6,0,0,0,0,3,1,6,2,62,9,1396,1,14,6,1
2014360079168,2,5,0,18,0,8,0,0,0,0,1,1,6,1,22,5,600,1,17,7,3
2014360079170,1,9,0,18,0,0,0,0,7,10,1,1,6,1,30,6,1560,2,3,1,1
2014360079209,1,9,0,18,0,8,0,0,0,0,4,1,4,2,47,8,1389,1,17,6,3
2014360079209,2,17,0,7,0,6,0,0,0,0,1,1,1,1,24,5,-1,2,29,4,3
2014360079216,1,9,0,18,0,1,0,0,0,0,1,1,6,1,41,7,1686,2,13,-1,3
2014360079216,2,9,0,8,0,1,0,0,0,0,2,1,6,1,43,7,1900,2,10,7,3
2014360079218,1,19,0,18,0,1,0,0,0,0,1,1,1,1,29,6,2143,2,2,5,3
2014360079218,2,9,0,4,0,1,0,0,0,0,2,1,6,2,61,9,2946,1,7,6,3
2014360079218,3,9,0,4,0,1,0,0,0,0,2,1,6,2,68,10,1461,2,-1,9,3
2014360079218,4,9,0,10,0,8,0,0,0,0,2,1,6,2,18,4,1299,1,13,9,3
2014360079221,1,21,1,18,0,1,1,0,0,0,1,1,1,1,53,8,11946,2,7,5,2
2014360079221,2,9,0,3,0,1,0,0,0,0,2,1,6,2,81,11,998,1,10,4,2
2014360079221,3,9,0,10,0,8,0,0,0,0,2,1,6,1,19,4,1598,1,10,9,3
2014360079222,1,9,0,9,0,5,0,0,0,0,1,1,6,1,39,7,2204,2,7,5,3
2014360079222,2,9,0,18,0,8,1,0,0,0,1,1,6,2,46,8,1989,1,14,6,2
2014360079225,1,9,0,18,0,1,0,0,0,0,1,1,2,2,30,6,1587,1,10,1,1
2014360079225,2,9,0,4,0,1,0,0,0,0,2,1,2,1,41,7,1995,2,3,6,1
2014360079225,3,9,0,4,0,1,0,0,0,0,2,1,2,1,42,7,1998,2,8,5,1
2014360079229,1,9,0,18,0,0,0,0,0,0,3,1,6,1,71,10,1975,1,9,4,3
2014360079236,1,9,0,18,0,0,0,0,0,0,1,1,6,1,40,7,1796,1,11,5,1
2014360079240,1,20,0,3,0,1,0,0,0,0,2,1,1,1,50,8,-1,-1,-1,2,1
2014360079240,2,1,0,18,0,1,0,0,0,0,1,1,2,1,53,8,-1,-1,-1,10,1
2014360079246,1,9,0,4,0,1,1,0,0,0,1,1,1,2,21,5,1299,1,10,3,1
2014360079246,2,3,0,3,0,1,0,0,0,0,2,1,2,1,38,7,-1,-1,-1,8,1
2014360079250,1,9,0,18,0,0,5,0,7,0,1,1,6,1,19,4,1299,1,7,8,1
2014360079259,1,9,0,18,0,0,0,0,0,0,1,1,6,1,73,10,1598,1,7,4,2
2014360079259,2,9,0,18,0,0,0,0,0,0,1,1,6,1,45,7,1461,2,1,3,1
2014360079264,1,8,0,18,0,0,0,0,0,0,3,1,1,1,25,5,1560,2,7,-1,-1
2014360079273,1,9,0,9,0,2,0,0,0,0,1,1,6,2,59,9,1248,1,3,7,1
2014360079273,2,1,0,9,0,2,0,0,0,0,2,1,6,1,24,5,-1,-1,-1,7,1
2014360079290,1,3,0,13,0,8,0,0,0,0,1,1,6,1,23,5,125,1,4,5,3
2014360079290,2,9,0,9,0,5,0,0,0,0,3,1,6,1,71,10,2400,2,3,10,2
2014360079301,1,2,0,18,0,1,0,0,0,0,1,1,6,1,16,4,-1,-1,-1,8,2
2014360079301,2,19,0,4,0,1,0,0,0,0,2,1,6,1,50,8,1248,2,6,-1,-1
2014360079308,1,9,0,18,0,0,5,0,4,6,4,1,6,1,19,4,1998,1,9,5,3
2014360079308,2,9,0,18,0,0,0,0,0,0,0,1,6,3,-1,-1,-1,-1,-1,-1,-1
2014360079308,3,9,0,18,0,0,0,0,0,0,1,1,6,1,27,6,1390,1,2,6,1
2014360079308,4,9,0,4,0,0,0,0,0,0,1,1,6,1,26,6,1390,1,8,-1,3
2014360079308,5,9,0,18,0,0,0,0,0,0,1,1,6,1,21,5,2000,1,19,7,3
2014360079320,1,9,0,9,0,5,1,0,7,0,1,1,6,1,63,9,1999,1,12,6,1
2014360079320,2,9,0,18,0,8,1,0,0,0,3,1,6,1,61,9,1781,1,10,6,3
2014360079328,1,9,0,18,0,2,0,10,7,11,1,1,6,1,28,6,1834,1,13,6,2
2014360079343,1,9,0,9,0,6,0,0,0,0,3,1,6,1,79,11,1339,1,9,9,1
2014360079343,2,9,0,18,0,8,0,0,0,0,1,1,6,2,39,7,875,1,1,8,3
2014360079349,1,9,0,18,0,0,0,0,0,0,1,1,6,2,43,7,-1,-1,-1,-1,-1
2014360079349,2,1,0,18,0,0,0,0,0,0,2,1,6,1,16,4,-1,-1,-1,4,2
2014360079382,1,9,0,7,0,6,0,0,0,0,4,1,3,2,25,5,1995,1,9,1,1
2014360079382,2,1,0,18,9,8,0,0,0,0,1,1,6,1,33,6,-1,-1,-1,1,1
2014360079383,1,19,0,9,0,6,0,0,0,0,3,1,2,1,49,8,2402,2,7,5,3
2014360079383,2,9,0,4,0,1,0,0,0,0,1,1,6,1,44,7,1951,2,12,6,2
2014360079383,3,9,0,17,0,8,0,0,0,0,1,1,2,2,57,9,-1,-1,-1,6,3
2014360079399,1,9,0,5,0,6,0,0,0,0,4,1,6,1,66,10,3000,1,8,5,2
2014360079399,2,9,0,18,0,8,0,0,0,0,1,1,6,2,56,9,1398,1,13,8,1
2014360079415,1,9,0,18,0,0,0,0,0,0,1,1,6,1,26,6,1686,2,10,6,3
2014360079415,2,9,0,3,0,0,0,0,0,0,2,1,6,2,29,6,1360,1,11,5,2
2014360079420,1,9,0,9,0,6,0,0,0,0,1,1,6,1,46,8,1591,1,1,6,1
2014360079423,1,3,0,5,0,6,0,0,0,0,4,1,2,1,17,4,125,1,3,3,1
2014360079423,2,9,0,18,0,8,0,0,0,0,1,1,6,1,58,9,2435,1,14,6,1
2014360079423,3,9,0,3,0,1,0,0,0,0,1,1,6,1,58,9,1968,2,8,7,2
2014360079431,1,9,0,9,0,6,0,0,0,0,1,1,1,2,35,6,998,1,12,3,1
2014360079431,2,9,0,18,0,8,0,0,0,0,3,1,1,2,40,7,973,1,14,8,1
2014360079431,3,1,0,18,0,1,0,0,0,0,3,1,1,1,40,7,-1,-1,-1,6,1
2014360079432,1,9,0,9,0,6,0,0,0,0,3,1,6,1,64,9,1388,1,9,3,1
2014360079432,2,9,0,18,0,8,0,0,0,0,1,1,6,1,63,9,1299,1,11,7,1
2014360079433,1,9,0,7,0,4,0,0,0,0,1,1,6,1,30,6,998,1,12,8,1
2014360079433,2,1,0,18,0,8,0,0,0,0,4,1,6,1,52,8,-1,-1,-1,2,1
2014360079434,1,9,0,4,0,1,0,0,0,0,2,1,6,2,49,8,1360,1,14,10,3
2014360079434,2,9,0,18,0,1,0,0,0,0,1,1,6,2,50,8,1560,2,5,3,1
2014360079434,3,9,0,18,0,1,0,0,0,0,1,1,6,1,34,6,1896,2,15,5,1
2014360079434,4,9,0,9,0,5,0,0,0,0,0,1,6,3,-1,-1,-1,-1,-1,-1,-1
2014360079440,1,9,0,13,0,0,2,0,1,10,1,1,6,1,18,4,1905,2,16,5,2
2014360079444,1,9,0,18,0,2,0,0,0,0,1,1,1,2,54,8,1560,2,8,6,3
2014360079446,1,9,0,18,0,1,0,0,0,0,4,1,2,1,45,7,2987,2,4,6,3
2014360079447,1,9,0,18,0,0,0,0,0,0,1,1,6,2,30,6,1988,1,12,8,3
2014360079447,2,9,0,3,0,0,0,0,0,0,2,1,6,1,53,8,2179,2,-1,2,1
2014360079457,1,9,0,16,0,0,0,0,7,4,1,1,6,1,63,9,2495,1,13,5,1
2014360079459,1,4,0,16,0,2,1,0,0,0,1,1,6,1,36,7,250,1,24,7,1
2014360079459,2,9,0,17,0,1,0,0,1,0,3,1,6,1,39,7,2172,2,11,6,3
2014360079461,1,9,0,9,0,6,0,0,0,0,3,1,2,1,21,5,1299,1,6,5,2
2014360079461,2,5,0,18,0,8,0,0,0,0,1,1,2,1,45,7,1298,1,11,8,2
2014360079462,1,9,0,18,0,0,0,0,1,11,1,1,6,1,20,4,2494,1,15,9,2
2014360079462,2,9,0,18,0,0,0,0,0,0,0,1,1,1,45,7,1753,2,5,10,1
2014360079465,1,9,0,18,0,0,0,0,0,0,1,1,6,1,37,7,1598,2,1,5,3
2014360079467,1,2,0,18,0,0,0,10,1,0,4,1,6,1,16,4,49,1,10,6,2
2014360079468,1,5,0,16,0,0,0,0,1,0,1,1,6,1,61,9,988,1,11,-1,3
2014360079476,1,11,0,18,0,0,0,0,0,0,0,1,1,1,43,7,-1,2,19,8,1
2014360079477,1,9,0,18,0,0,0,0,0,0,1,1,6,1,35,6,1796,1,13,5,2
2014360079477,2,9,0,3,0,0,0,0,0,0,2,1,6,1,73,10,1398,1,1,8,1
2014360079477,3,9,0,18,0,0,0,0,0,0,1,1,6,2,20,4,1870,2,12,4,3
2014360079487,1,9,0,17,0,0,2,0,0,0,3,1,1,1,18,4,1242,1,10,5,3
2014360079487,2,19,0,16,0,0,0,0,0,0,0,1,6,3,-1,-1,-1,-1,-1,-1,-1
2014360079492,1,9,0,18,0,1,0,0,3,0,1,1,6,2,61,9,1339,1,3,7,3
2014360079492,2,9,0,7,0,6,0,0,7,11,2,1,6,1,76,11,1461,2,5,9,2
2014360079492,3,8,0,18,0,8,0,0,1,0,3,1,1,1,49,8,1248,2,8,9,3
2014360079494,1,9,0,18,0,1,0,0,0,0,1,1,6,2,-1,-1,1984,1,6,6,1
2014360079494,2,9,0,3,0,1,0,0,0,0,2,1,6,1,50,8,1984,1,12,6,1
2014360079498,1,9,0,7,0,6,0,0,0,0,3,1,6,1,79,11,1968,2,6,8,1
2014360079498,2,9,0,18,0,8,0,0,7,1,4,1,6,1,55,8,1968,2,1,7,2
2014360079505,1,9,0,9,0,5,0,0,0,0,1,1,6,2,36,7,1896,2,9,9,1
2014360079505,2,9,0,18,0,8,0,0,1,0,1,1,6,1,23,5,1988,1,13,3,1
2014360079505,3,9,0,3,0,1,0,0,0,0,1,1,6,2,54,8,1598,1,11,6,1
2014360079508,1,21,0,7,0,5,0,0,0,0,4,1,1,1,43,7,9290,2,3,10,1
2014360079508,2,1,0,18,9,8,0,0,0,0,1,1,6,1,37,7,-1,-1,-1,1,1
2014360079509,1,19,0,17,0,1,2,10,1,0,4,1,1,1,18,4,1298,1,12,-1,-1
2014360079510,1,2,0,18,0,2,1,10,7,0,4,1,6,1,18,4,498,1,16,9,2
2014360079510,2,9,0,18,0,1,0,0,0,0,0,1,6,2,43,7,1988,1,10,9,2
2014360079511,1,9,0,16,0,0,0,0,0,0,1,1,2,1,39,7,1896,2,12,6,1
2014360079511,2,9,0,17,0,0,0,0,7,0,3,1,6,1,39,7,1596,1,8,9,1
2014360079511,3,21,1,17,0,0,0,0,0,0,3,1,1,1,41,7,10837,2,5,6,2
2014360079519,1,9,0,3,0,1,0,0,0,0,2,1,6,1,38,7,1975,2,15,3,1
2014360079519,2,9,0,4,0,1,0,0,0,0,1,1,6,2,39,7,1598,1,13,7,1
2014360079528,1,9,0,18,0,3,1,0,1,0,1,1,6,1,49,8,3000,1,22,-1,3
2014360079533,1,1,0,18,9,1,0,0,0,0,1,1,6,1,39,7,-1,-1,-1,-1,-1
2014360079533,2,19,0,18,0,3,0,0,0,0,3,1,1,1,64,9,1248,2,-1,2,1
2014360079538,1,9,0,18,0,0,0,4,0,0,1,1,6,1,20,4,1242,1,17,6,3
2014360079538,2,19,0,2,0,0,0,0,0,0,1,1,1,1,36,7,1248,2,6,6,3
2014360079542,1,9,0,7,0,6,0,0,0,0,3,1,6,1,21,5,1149,1,15,3,1
2014360079542,2,9,0,18,0,8,0,0,0,0,3,1,6,1,21,5,999,1,13,3,1
2014360079547,1,9,0,9,0,6,0,0,0,0,3,1,6,1,70,10,1197,1,4,-1,-1
2014360079547,2,9,0,18,0,8,0,0,0,0,1,1,2,1,21,5,1422,2,9,-1,-1
2014360079554,1,9,0,16,0,0,1,0,7,0,3,1,1,2,32,6,1896,2,9,4,2
2014360079554,2,9,0,18,0,0,0,0,0,0,3,1,2,2,33,6,1461,2,2,10,3
2014360079555,1,9,0,1,0,0,0,0,0,0,2,1,6,1,36,7,1242,1,3,6,1
2014360079557,1,3,0,13,0,0,1,0,0,0,3,1,1,1,23,5,124,1,1,7,3
2014360079557,2,9,0,18,0,0,0,0,0,0,0,1,6,1,21,5,1995,2,5,7,3
2014360079559,1,9,0,18,0,1,1,0,0,0,1,1,6,2,32,6,1396,1,12,9,2
2014360079559,2,9,0,9,0,5,0,4,0,0,2,1,6,1,26,6,1598,2,2,4,2
2014360079559,3,11,0,2,0,8,0,0,0,0,1,1,6,3,-1,-1,-1,2,11,-1,-1
2014360079561,1,9,0,5,0,0,0,0,0,0,1,1,6,2,32,6,2400,1,12,2,1
2014360079575,1,9,0,18,0,0,0,0,0,0,0,1,6,1,-1,-1,-1,-1,-1,-1,-1
2014360079575,2,1,0,18,0,0,0,0,0,0,0,1,6,1,41,7,-1,-1,-1,1,1
2014360079584,1,3,0,18,0,0,1,0,0,0,1,1,6,1,19,4,124,1,8,2,1
2014360079584,2,9,0,3,0,0,0,0,0,0,2,1,6,1,67,10,1364,1,4,2,1
2014360079586,1,9,0,9,0,5,0,0,0,0,4,1,2,1,27,6,-1,-1,-1,4,2
2014360079586,2,1,0,18,9,8,0,0,0,0,1,1,6,1,72,10,-1,-1,-1,-1,2
2014360079592,1,8,0,1,0,8,0,0,0,0,2,1,1,1,63,9,1997,2,7,6,2
2014360079594,1,9,0,18,0,0,0,0,1,0,3,1,2,1,45,7,2993,2,9,7,2
2014360079599,1,2,0,14,0,0,1,0,0,0,1,1,6,1,16,4,49,1,6,6,2
2014360079599,2,19,0,17,0,0,0,0,0,0,1,1,6,1,75,10,2999,2,9,6,2
2014360079600,1,19,0,18,0,0,0,0,0,0,4,1,6,3,-1,-1,-1,-1,-1,-1,-1
2014360079617,1,9,0,9,0,2,0,4,1,0,1,1,6,1,50,8,1360,1,9,6,3
2014360079617,2,98,1,2,9,2,0,0,0,0,2,1,1,1,35,6,-1,-1,-1,-1,1
2014360079619,1,9,0,18,0,0,0,0,0,0,1,1,6,2,61,9,1461,2,4,10,2
2014360079619,2,1,0,5,9,0,0,0,0,0,3,1,6,1,7,2,-1,-1,-1,4,1
2014360079625,1,9,0,9,0,6,0,0,0,0,3,1,6,1,71,10,2198,2,6,9,3
2014360079625,2,9,0,18,0,8,0,0,0,0,1,1,6,2,60,9,1248,2,7,10,2
2014360079627,1,9,0,18,0,0,1,0,7,2,4,1,6,2,43,7,1360,1,15,8,1
2014360079627,2,19,0,18,0,0,0,0,0,0,3,1,1,1,47,8,2464,2,6,6,3
2014360079638,1,3,0,18,0,8,0,0,0,1,4,1,6,1,41,7,125,1,-1,2,1
2014360079638,2,9,0,5,0,4,0,0,0,0,1,1,6,1,44,7,1900,2,9,-1,1
2014360079642,1,9,0,18,0,0,0,0,0,0,1,1,6,2,65,9,2597,1,13,1,1
2014360079642,2,9,0,18,0,0,0,0,0,0,1,1,6,2,24,5,1199,1,13,3,1