Accident_Index,Vehicle_Reference,Vehicle_Type,Towing_and_Articulation,Vehicle_Manoeuvre,Vehicle_Location-Restricted_Lane,Junction_Location,Skidding_and_Overturning,Hit_Object_in_Carriageway,Vehicle_Leaving_Carriageway,Hit_Object_off_Carriageway,1st_Point_of_Impact,Was_Vehicle_Left_Hand_Drive?,Journey_Purpose_of_Driver,Sex_of_Driver,Age_of_Driver,Age_Band_of_Driver,Engine_Capacity_(CC),Propulsion_Code,Age_of_Vehicle,Driver_IMD_Decile,Driver_Home_Area_Type
2014360079642,3,9,0,18,0,0,0,0,0,0,1,1,6,2,29,6,1587,1,8,7,1
2014360079643,1,9,0,18,0,0,0,0,1,11,3,1,6,1,45,7,1587,1,7,6,3
2014360079643,2,21,4,18,0,0,0,0,0,0,3,1,1,1,40,7,12900,2,5,4,1
2014360079648,1,9,0,9,0,5,0,0,0,0,1,1,6,1,30,6,1597,1,16,6,1
2014360079648,2,5,0,18,0,8,0,0,0,0,1,1,6,1,50,8,649,1,4,6,3
2014360079662,1,11,0,4,0,1,0,0,0,0,0,1,1,1,40,7,-1,-1,-1,-1,-1
2014360079664,1,9,0,17,0,0,1,0,7,0,1,1,1,1,54,8,1995,2,8,6,3
2014360079664,2,9,0,16,0,0,1,0,7,9,3,1,1,1,30,6,1896,2,12,8,2
2014360079665,1,9,0,18,0,0,0,0,0,0,1,1,6,1,79,11,1461,2,8,8,3
2014360079666,1,9,0,9,0,6,0,0,0,0,3,1,6,1,35,6,1761,1,13,7,2
2014360079666,2,9,0,18,0,8,0,0,0,0,1,1,6,2,35,6,1910,2,9,4,3
2014360079677,1,9,0,5,0,6,0,0,0,0,4,1,6,1,88,11,1997,2,11,5,1
2014360079677,2,9,0,18,0,8,0,0,0,0,1,1,6,1,44,7,1796,1,11,8,2
2014360079678,1,9,0,18,0,2,0,0,0,0,3,1,6,1,36,7,1686,2,11,1,1
2014360079681,1,9,0,18,0,0,0,0,0,0,1,1,6,1,61,9,2720,2,8,5,1
2014360079681,2,5,0,4,0,0,0,0,0,0,2,1,2,1,56,9,999,1,9,5,3
2014360079681,3,19,0,18,0,0,0,0,0,0,3,1,2,1,23,5,1896,2,5,6,3
2014360079710,1,9,0,5,0,6,0,0,0,0,4,1,6,1,42,7,1968,2,3,5,3
2014360079710,2,1,0,18,9,8,0,0,0,0,1,1,6,1,42,7,-1,-1,-1,1,1
2014360079713,1,19,0,18,0,1,0,0,0,0,1,1,1,1,39,7,2143,2,4,6,3
2014360079713,2,9,0,3,0,1,0,0,0,0,2,1,1,1,51,8,1797,8,-1,8,3
2014360079713,3,9,0,10,0,8,0,0,0,0,2,1,6,1,46,8,1389,1,9,6,3
2014360079724,1,9,0,4,0,1,0,0,0,0,1,1,6,1,40,7,1124,1,14,9,1
2014360079750,1,9,0,16,0,0,0,0,0,0,3,1,6,1,47,8,1686,2,13,6,3
2014360079750,2,21,0,17,0,0,0,0,0,0,3,2,1,1,53,8,-1,-1,-1,-1,-1
2014360079771,1,9,0,18,0,0,1,0,7,3,1,1,2,1,39,7,998,1,14,6,3
2014360079782,1,9,0,5,0,4,0,0,0,0,3,1,6,2,35,6,998,1,8,9,1
2014360079782,2,1,0,18,0,8,0,0,0,0,1,1,1,1,31,6,-1,-1,-1,1,1
2014360079783,1,3,0,18,0,1,1,0,0,0,1,1,6,1,21,5,108,1,1,6,1
2014360079783,2,9,0,17,0,2,0,0,0,0,1,1,6,2,29,6,1587,1,13,3,1
2014360079786,1,19,0,7,0,5,0,0,0,0,4,1,2,1,37,7,2402,2,8,10,1
2014360079786,2,3,0,15,0,8,0,0,0,0,1,1,2,1,22,5,108,1,-1,6,1
2014360079787,1,9,0,4,0,0,1,0,0,0,1,1,2,1,59,9,1596,1,14,3,2
2014360079787,2,9,0,3,0,0,0,0,0,0,2,1,6,2,41,7,1598,1,5,3,1
2014360079788,1,9,0,9,0,6,0,0,0,0,1,1,2,1,24,5,3724,1,10,10,1
2014360079788,2,9,0,18,0,8,0,0,0,0,1,1,6,1,48,8,1150,1,11,3,1
2014360079789,1,9,0,18,0,3,0,0,1,9,4,1,6,2,18,4,1124,1,12,9,1
2014360079790,1,9,0,18,0,1,0,0,0,0,1,1,1,2,42,7,1598,2,4,8,1
2014360079791,1,5,0,16,0,1,1,0,0,0,1,1,2,1,45,7,955,1,15,7,3
2014360079791,2,9,0,9,0,6,0,0,0,0,3,1,6,2,44,7,1968,2,6,7,3
2014360079794,1,4,0,13,0,8,0,0,0,0,1,1,2,2,19,4,124,1,7,5,3
2014360079794,2,9,0,9,0,5,0,0,0,0,3,1,2,1,49,8,-1,-1,-1,6,1
2014360079796,1,9,0,18,0,0,0,0,4,0,1,1,6,1,22,5,1598,1,8,10,2
2014360079798,1,9,0,12,0,0,1,0,5,6,1,1,2,2,24,5,1343,1,10,3,1
2014360079800,1,21,1,5,0,6,0,0,0,0,4,1,1,1,59,9,12900,2,5,6,1
2014360079800,2,9,0,5,0,6,0,10,0,0,3,1,2,2,28,6,1598,1,4,7,1
2014360079804,1,9,0,17,0,0,1,10,0,0,1,1,2,1,28,6,1391,1,17,4,2
2014360079804,2,9,0,16,0,0,0,0,0,0,1,1,2,2,35,6,-1,-1,-1,-1,-1
2014360079828,1,9,0,17,0,0,5,0,1,0,1,1,6,2,37,7,1422,2,8,6,1
2014360079829,1,9,0,18,0,0,0,0,0,0,1,1,6,2,21,5,1598,1,9,4,3
2014360079829,2,9,0,3,0,0,0,0,0,0,2,1,6,1,66,10,1596,1,3,8,1
2014360079830,1,9,0,18,0,1,1,0,0,0,1,1,6,2,23,5,1896,2,6,9,1
2014360079830,2,9,0,4,0,1,0,0,0,0,2,1,6,1,-1,-1,1995,2,3,8,1
2014360079832,1,3,0,13,0,8,0,0,0,0,1,1,2,1,39,7,125,1,3,5,3
2014360079832,2,9,0,9,0,5,0,0,0,0,3,1,6,3,-1,-1,-1,-1,-1,-1,-1
2014360079833,1,5,0,18,0,0,0,0,1,4,1,1,6,1,28,6,636,1,9,4,3
2014360079834,1,5,0,18,0,0,0,0,0,0,4,1,6,2,51,8,535,1,14,9,1
2014360079835,1,9,0,18,0,0,1,0,0,0,1,1,6,1,21,5,1198,1,12,5,3
2014360079835,2,8,0,18,0,0,0,0,0,0,1,1,1,1,45,7,-1,-1,-1,5,3
2014360079836,1,9,0,18,0,0,0,0,1,1,4,1,6,1,80,11,1389,1,10,7,1
2014360079838,1,9,0,18,0,1,0,0,0,0,1,1,6,2,22,5,1242,1,8,4,3
2014360079838,2,9,0,4,0,1,0,0,0,0,2,1,6,2,72,10,1951,2,11,-1,-1
2014360079839,1,9,0,17,0,8,0,0,0,0,1,1,6,2,-1,-1,-1,-1,-1,-1,-1
2014360079840,1,9,0,9,0,6,0,0,3,0,1,1,6,1,84,11,1242,1,3,-1,3
2014360079840,2,9,0,10,0,8,0,0,0,0,3,1,6,2,41,7,1461,2,8,8,3
2014360079864,1,1,0,18,0,8,0,0,0,0,1,1,6,1,16,4,-1,-1,-1,2,1
2014360079864,2,9,0,9,0,6,0,0,0,0,3,1,6,3,-1,-1,-1,-1,-1,-1,-1
2014360079871,1,9,0,18,0,1,0,0,0,0,1,1,6,2,20,4,1995,2,10,-1,-1
2014360079871,2,9,0,10,0,8,0,0,0,0,2,1,6,2,56,9,3199,1,8,-1,1
2014360079873,1,9,0,17,0,0,1,0,1,4,1,1,6,1,20,4,1360,1,14,5,3
2014360079879,1,1,0,18,0,0,0,0,0,0,1,1,1,1,30,6,-1,-1,-1,5,1
2014360079879,2,9,0,3,0,0,0,0,0,0,2,1,2,1,42,7,1390,1,6,3,1
2014360079880,1,3,0,18,0,0,1,0,0,0,1,1,1,1,36,7,108,1,-1,7,2
2014360079880,2,9,0,18,0,0,0,0,0,0,2,1,3,2,46,8,1997,2,13,9,2
2014360079886,1,9,0,9,0,5,0,0,0,0,1,1,6,2,20,4,993,1,14,5,3
2014360079886,2,8,0,18,0,8,0,0,0,0,1,1,1,1,33,6,1968,2,7,-1,1
2014360079887,1,9,0,18,0,4,0,0,0,0,1,1,6,1,18,4,1248,2,6,4,3
2014360079887,2,9,0,18,0,8,0,0,7,11,1,1,6,2,21,5,1199,1,13,5,3
2014360079900,1,9,0,18,0,0,0,0,0,0,1,1,6,3,-1,-1,-1,-1,-1,-1,-1
2014360079900,2,1,0,5,4,0,0,0,0,0,2,1,6,1,22,5,-1,-1,-1,3,1
2014360079901,1,9,0,18,0,0,0,0,0,0,4,1,6,3,-1,-1,-1,-1,-1,-1,-1
2014360079902,1,9,3,18,0,0,0,0,1,10,3,1,6,1,77,11,2597,1,12,3,1
2014360079902,2,19,0,18,0,0,0,0,0,0,3,1,1,1,50,8,2143,2,1,7,3
2014360079905,1,9,0,4,0,0,1,0,0,0,1,1,6,1,20,4,1598,1,12,6,3
2014360079905,2,9,0,18,0,0,1,0,1,0,1,1,1,2,49,8,-1,-1,-1,7,3
2014360079905,3,9,0,2,0,0,0,0,0,0,0,1,1,1,29,6,-1,-1,-1,9,2
2014360079911,1,9,0,9,0,8,0,0,0,0,4,1,6,2,25,5,1598,1,7,9,1
2014360079911,2,9,0,18,0,8,0,0,0,0,1,1,6,1,65,9,998,1,9,6,3
2014360079921,1,9,0,5,0,4,0,0,0,0,1,1,2,2,52,8,898,1,-1,6,1
2014360079921,2,1,0,18,0,8,0,0,0,0,2,1,2,1,19,4,-1,-1,-1,2,1
2014360079922,1,9,0,18,0,8,0,0,0,0,4,1,6,1,-1,-1,1390,1,14,5,3
2014360079922,2,9,0,8,0,1,0,0,0,0,3,1,6,2,35,6,1399,2,11,5,1
2014360079925,1,9,0,4,0,0,0,0,0,0,1,1,6,1,40,7,1999,1,13,-1,-1
2014360079925,2,9,0,2,0,0,0,0,0,0,2,1,6,2,54,8,1587,1,7,5,3
2014360079940,1,9,0,18,0,0,2,0,1,4,4,1,6,1,49,8,1991,1,14,8,1
2014360079941,1,9,0,16,0,0,0,0,0,0,0,1,1,1,38,7,1968,2,1,9,1
2014360079941,2,9,0,17,0,0,0,0,1,0,4,1,6,2,54,8,1973,1,16,8,3
2014360079942,1,9,0,4,0,0,0,0,0,0,1,1,6,2,29,6,4200,1,8,8,1
2014360079942,2,9,0,4,0,0,0,0,1,11,2,1,6,2,63,9,1229,1,-1,7,2
2014360079963,1,9,0,13,0,0,0,0,0,0,1,1,6,1,36,7,1994,2,11,-1,2
2014360079963,2,9,0,18,0,0,0,0,0,0,1,1,6,1,63,9,1968,2,4,6,3
2014360079982,1,9,0,13,0,0,0,0,1,0,3,1,6,2,71,10,1560,2,1,5,1
2014360079982,2,20,0,18,0,0,5,0,0,0,1,1,1,1,39,7,3920,2,7,8,3
2014360079982,3,21,1,18,0,0,0,0,0,0,2,2,1,1,33,6,-1,-1,-1,-1,-1
2014360079982,4,9,0,18,0,0,0,0,7,0,1,1,6,1,66,10,1591,1,1,10,1
2014360079989,1,9,0,18,0,4,0,0,0,0,1,1,6,1,51,8,1998,1,13,2,1
2014360079989,2,1,0,18,0,8,0,0,0,0,4,1,6,1,36,7,-1,-1,-1,8,1
2014360079992,1,9,0,18,0,1,0,0,0,0,1,1,2,1,50,8,1360,1,5,6,3
2014360079992,2,9,0,3,0,1,0,0,0,0,2,1,2,2,38,7,1598,1,11,7,1
2014360079992,3,9,0,3,0,1,0,0,0,0,2,1,2,2,26,6,1598,2,2,10,1
2014360079995,1,9,0,18,0,0,0,0,7,5,1,1,6,1,77,11,1497,1,9,7,1
2014360079999,1,9,0,5,0,8,0,0,0,0,1,1,2,1,39,7,1598,1,1,5,1
2014360079999,2,9,0,3,0,8,0,0,0,0,2,1,2,2,48,8,1198,1,4,7,3
2014360080006,1,9,0,1,0,8,0,0,0,0,2,1,6,1,50,8,1398,1,4,-1,-1
2014360080030,1,9,0,10,0,1,0,0,0,0,1,1,6,3,-1,-1,-1,-1,-1,-1,-1
2014360080030,2,1,0,9,0,5,0,0,0,0,1,1,6,2,14,3,-1,-1,-1,1,1
2014360080031,1,9,0,6,0,0,0,0,0,0,4,1,6,1,52,8,998,1,5,8,2
2014360080031,2,5,0,18,0,0,0,0,0,0,1,1,6,1,22,5,800,1,1,2,1
2014360080054,1,1,0,18,0,8,0,0,0,0,4,1,6,1,16,4,-1,-1,-1,8,3
2014360080060,1,9,0,8,0,1,0,0,0,0,2,1,2,2,25,5,1796,1,8,6,3
2014360080060,2,9,0,18,0,1,0,0,0,0,1,1,6,1,-1,-1,1598,1,11,-1,-1
2014360080081,1,9,0,4,0,1,0,0,0,0,1,1,2,2,59,9,1896,2,10,-1,1
2014360080081,2,2,0,4,0,1,0,0,0,0,2,1,2,1,17,4,50,1,8,5,1
2014360080082,1,9,0,16,0,0,1,0,0,0,1,1,6,1,40,7,2290,1,14,-1,-1
2014360080082,2,9,0,17,0,0,0,0,0,0,1,1,6,2,65,9,1398,1,2,6,3
2014360080085,1,9,0,18,0,1,0,0,0,0,4,1,6,2,67,10,1590,1,9,2,1
2014360080088,1,9,0,9,0,5,0,0,0,0,1,1,6,1,19,4,-1,-1,-1,8,1
2014360080088,2,9,0,18,0,8,0,0,1,4,3,1,6,2,39,7,1956,2,2,2,1
2014360080089,1,9,0,14,0,0,0,0,0,0,1,1,6,2,31,6,1422,2,10,7,3
2014360080089,2,11,0,3,0,0,0,0,0,0,0,1,1,1,26,6,4580,2,7,2,1
2014360080097,1,9,0,17,0,1,1,0,7,9,1,1,6,1,45,7,1389,1,11,9,2
2014360080097,2,9,0,16,0,2,0,0,0,0,3,1,6,2,39,7,2499,2,10,-1,3
2014360080099,1,9,0,18,0,0,0,0,0,0,3,1,6,3,-1,-1,-1,-1,-1,-1,-1
2014360080101,1,19,0,18,0,0,2,0,1,9,1,1,6,1,50,8,2500,2,7,5,1
2014360080107,1,9,0,9,0,5,0,0,0,0,3,1,6,2,69,10,1998,2,4,6,2
2014360080107,2,5,0,13,0,8,0,0,0,0,1,1,6,1,29,6,999,1,4,7,1
2014360080128,1,9,0,18,0,0,2,0,0,0,1,1,6,1,81,11,1796,1,9,10,3
2014360080128,2,9,0,18,0,0,0,0,0,0,3,1,6,1,65,9,1461,2,4,3,1
2014360080128,3,9,0,18,0,0,1,0,0,0,1,1,6,2,33,6,1796,1,16,1,1
2014360080147,1,9,0,2,0,1,0,0,0,0,3,1,2,1,26,6,-1,-1,-1,7,1
2014360080147,2,9,0,14,0,1,0,8,0,0,4,1,6,1,43,7,1799,1,7,9,1
2014360080148,1,9,0,18,0,0,1,0,1,3,1,1,1,1,23,5,-1,-1,-1,6,1
2014360080149,1,9,0,13,0,8,0,0,0,0,1,1,6,1,49,8,-1,-1,-1,7,3
2014360080149,2,9,0,9,0,5,0,0,0,0,3,1,6,1,30,6,1587,1,10,1,1
2014360080153,1,3,0,16,0,8,1,0,0,0,1,1,6,1,17,4,125,1,2,5,3
2014360080153,2,9,0,9,0,6,0,0,0,0,3,1,6,1,44,7,1988,2,9,6,1
2014360080159,1,9,0,9,0,6,0,0,0,0,1,1,6,1,79,11,2720,2,7,6,2
2014360080159,2,9,0,18,0,8,0,0,0,0,3,1,6,2,68,10,1332,1,5,9,2
2014360080159,3,9,0,8,0,1,0,0,0,0,1,1,6,2,65,9,1798,1,7,-1,-1
2014360080165,1,9,0,18,0,1,0,0,0,0,1,1,3,2,27,6,1364,1,7,-1,1
2014360080165,2,9,0,4,0,1,0,0,0,0,2,1,6,2,63,9,998,1,4,5,1
2014360080165,3,8,0,3,0,1,0,0,0,0,2,1,1,1,63,9,1560,2,5,9,1
2014360080170,1,8,0,16,0,0,2,0,7,3,1,1,1,1,40,7,1995,2,7,5,1
2014360080171,1,19,0,16,0,0,0,0,0,0,3,1,1,1,28,6,2402,2,9,8,2
2014360080171,2,9,0,17,0,0,0,0,0,0,1,1,2,2,25,5,1198,1,6,5,1
2014360080173,1,9,0,12,0,8,0,0,0,0,1,1,6,1,76,11,903,1,27,10,1
2014360080173,2,5,0,7,0,3,1,7,7,1,2,1,1,1,33,6,1298,1,6,-1,-1
2014360080179,1,9,0,11,0,8,0,0,0,0,4,1,6,3,-1,-1,-1,-1,-1,-1,-1
2014360080179,2,9,0,18,0,8,0,0,0,0,3,1,6,1,49,8,1461,2,3,9,1
2014360080181,1,9,0,4,0,1,0,0,0,0,1,1,6,2,33,6,1998,1,11,3,1
2014360080181,2,9,0,3,0,1,0,0,0,0,2,1,2,2,25,5,1461,2,11,6,1
2014360080182,1,21,0,5,0,0,0,0,0,0,1,1,1,1,39,7,6692,2,6,5,1
2014360080208,1,9,0,18,0,0,0,0,0,0,1,1,6,2,72,10,998,1,4,10,1
2014360080208,2,9,0,3,0,0,0,0,0,0,2,1,6,2,37,7,1124,1,13,-1,1
2014360080213,1,9,0,12,0,0,0,0,0,0,4,1,6,2,28,6,2696,2,8,-1,-1
2014360080213,2,9,0,18,0,0,0,4,7,0,4,1,6,1,55,8,1997,2,8,6,2
2014360080213,3,9,0,2,0,0,0,0,7,0,2,1,6,3,-1,-1,1598,1,4,-1,-1
2014360080216,1,9,0,9,0,5,0,0,0,0,1,1,1,1,36,7,1900,2,15,2,1
2014360080216,2,9,0,18,0,8,0,0,0,0,1,1,6,1,50,8,1389,1,15,3,2
2014360080217,1,9,0,18,0,1,1,0,0,0,1,1,6,1,18,4,1108,1,18,6,3
2014360080217,2,9,0,18,0,2,0,0,0,0,1,1,6,1,40,7,1686,2,1,5,3
2014360080223,1,11,0,9,0,2,0,0,0,0,1,1,6,1,43,7,8268,2,12,2,1
2014360080230,1,3,0,18,0,8,0,0,0,0,1,1,6,1,19,4,124,1,2,6,1
2014360080230,2,8,0,9,0,8,0,0,0,0,1,1,1,1,49,8,2402,2,10,8,1
2014360080235,1,9,0,9,0,6,0,0,0,0,3,1,6,2,75,10,1560,2,1,7,1
2014360080235,2,9,0,18,0,8,0,0,0,0,1,1,2,1,69,10,-1,-1,-1,8,2
2014360080253,1,9,0,4,0,0,0,0,0,0,1,1,6,1,59,9,1910,2,10,8,1
2014360080253,2,9,0,3,0,0,0,0,0,0,2,1,6,2,29,6,1242,1,8,6,3
2014360080253,3,9,0,3,0,0,0,0,0,0,2,1,6,2,46,8,1299,1,13,6,1
2014360080253,4,9,0,4,0,0,0,0,0,0,1,1,3,1,18,4,1596,1,6,5,3
2014360080255,1,9,0,9,0,6,0,0,0,0,3,1,1,2,40,7,1422,2,11,10,1
2014360080255,2,9,0,18,0,8,0,0,0,0,1,1,6,2,48,8,1461,2,2,8,1
2014360080257,1,9,0,16,0,0,2,0,7,3,1,1,6,1,34,6,1198,1,7,6,3
2014360080260,1,9,0,18,0,1,0,0,0,0,1,1,6,1,45,7,-1,-1,-1,4,1
2014360080260,2,9,0,3,0,1,0,0,0,0,2,1,2,1,29,6,1595,1,8,1,1
2014360080262,1,9,0,16,0,0,0,0,0,0,3,1,6,1,24,5,1396,1,12,-1,2
2014360080262,2,19,0,17,0,0,0,0,0,0,1,1,2,1,23,5,2402,2,11,8,2
2014360080269,1,21,0,18,0,0,0,0,0,0,1,1,1,1,27,6,3920,2,8,5,1
2014360080269,2,9,0,4,0,0,0,0,0,0,2,1,6,1,72,10,1242,1,11,5,1
2014360080278,1,1,0,18,9,0,1,0,0,0,2,1,6,1,30,6,-1,-1,-1,6,1
2014360080278,2,9,0,17,0,0,0,0,0,0,1,1,6,1,48,8,1388,1,11,1,1
2014360080282,1,9,0,9,0,5,0,0,0,0,1,1,6,1,47,8,2498,1,15,7,1
2014360080289,1,9,0,14,0,0,0,0,0,0,4,1,1,1,40,7,1686,2,12,5,3
2014360080297,1,5,0,18,0,0,0,12,0,0,1,1,6,1,55,8,1000,1,34,10,1
2014360080298,1,9,0,9,0,6,0,0,0,0,4,1,6,2,38,7,1796,1,8,-1,1
2014360080298,2,9,0,18,0,8,0,0,0,0,3,1,6,2,24,5,1242,1,5,8,1
2014360080302,1,19,0,9,0,6,0,0,0,0,3,1,6,1,24,5,2198,2,1,6,1
2014360080302,2,19,0,18,0,8,0,0,0,0,1,1,6,1,21,5,1968,2,1,8,3
2014360080305,1,9,0,16,0,0,2,10,0,0,4,1,6,1,18,4,1199,1,10,5,3
2014360080307,1,11,0,5,0,0,0,0,0,0,0,1,1,1,47,8,8268,2,12,2,1
2014360080326,1,9,0,9,0,6,5,0,0,0,3,1,2,1,24,5,-1,-1,-1,4,3
2014360080326,2,9,0,18,0,8,0,0,1,0,1,1,2,1,21,5,2204,2,7,8,3
2014360080334,1,9,0,18,0,8,0,0,0,0,4,1,6,1,75,10,1991,2,6,3,1
2014360080345,1,4,0,18,0,0,0,4,0,0,1,1,6,1,22,5,125,1,6,6,1
2014360080345,2,9,0,2,0,0,0,0,0,0,2,1,6,1,28,6,-1,-1,-1,3,1
2014360080351,1,9,0,4,0,0,0,0,0,0,2,1,6,2,58,9,1679,1,13,9,2
2014360080351,2,9,0,4,0,0,0,0,0,0,1,1,6,3,-1,-1,-1,-1,-1,-1,-1
2014360080372,1,1,0,7,0,6,0,0,0,0,1,1,3,1,18,4,-1,-1,-1,4,1
2014360080372,2,9,0,18,2,8,0,0,0,0,4,1,6,1,33,6,1910,2,8,3,1
2014360080379,1,9,0,9,0,6,0,0,0,0,3,1,6,1,64,9,1994,1,21,9,1
2014360080379,2,5,0,18,0,8,0,0,0,0,1,1,6,1,48,8,954,1,12,8,3
2014360080380,1,9,0,2,0,2,0,0,0,0,3,1,6,2,42,7,-1,-1,-1,5,3
2014360080380,2,9,0,14,0,2,0,0,0,0,4,1,6,2,76,11,1497,1,9,6,2
2014360080384,1,21,1,18,0,0,1,0,1,0,1,1,1,1,36,7,12809,2,-1,4,1
2014360080384,2,17,0,18,0,0,1,4,1,0,2,1,1,1,57,9,-1,2,1,4,3
2014360080384,3,21,1,2,6,0,0,0,0,0,2,1,1,1,56,9,12419,2,2,8,1
2014360080387,1,9,0,4,0,0,0,0,0,0,2,1,6,1,53,8,1560,2,4,10,1
2014360080387,2,9,0,4,0,0,0,0,0,0,1,1,6,1,34,6,1560,2,7,2,1
2014360080388,1,9,0,18,0,0,0,0,0,0,1,1,1,1,47,8,1399,2,2,7,3
2014360080388,2,21,0,18,0,0,0,0,0,0,2,1,1,1,40,7,6174,2,8,-1,1
2014360080399,1,9,0,18,0,4,0,0,0,0,0,1,6,1,51,8,1086,1,6,4,1
2014360080399,2,1,0,4,0,8,0,0,0,0,3,1,6,1,70,10,-1,-1,-1,2,1
2014360080403,1,9,0,5,0,6,0,0,0,0,3,1,6,2,81,11,1248,1,-1,9,2
2014360080403,2,9,0,18,0,8,0,0,7,0,1,1,6,2,35,6,1560,2,9,7,3
2014360080406,1,9,0,18,0,8,0,0,0,0,1,1,6,2,89,11,1398,1,12,6,3
2014360080406,2,9,0,18,0,8,0,0,0,0,4,1,6,2,21,5,1360,1,13,7,1
2014360080407,1,9,0,7,0,6,0,0,0,0,0,1,1,1,49,8,1360,1,13,7,1
2014360080407,2,1,0,18,0,8,0,0,0,0,4,1,1,2,59,9,-1,-1,-1,6,1
2014360080410,1,9,0,4,0,0,0,0,0,0,1,1,6,1,47,8,1991,2,9,9,1
2014360080410,2,9,0,4,0,0,0,0,0,0,2,1,6,1,75,10,1498,1,3,9,1
2014360080410,3,9,0,4,0,0,0,0,0,0,2,1,6,1,63,9,2000,1,20,9,1
2014360080410,4,19,0,4,0,0,0,0,0,0,2,1,1,1,53,8,-1,-1,-1,5,3
2014360080410,5,9,0,4,0,0,0,0,0,0,1,1,6,3,-1,-1,-1,-1,-1,-1,-1
2014360080413,1,9,0,13,0,0,5,0,1,0,4,1,6,1,20,4,2979,1,5,6,3
2014360080413,2,9,0,18,0,0,0,0,0,0,2,1,6,1,71,10,1197,1,-1,8,3
2014360080415,1,9,0,18,0,0,0,0,0,0,1,1,6,1,20,4,1596,1,11,7,2
2014360080415,2,9,0,3,0,0,0,0,0,0,2,1,6,2,45,7,-1,-1,-1,1,1
2014360080418,1,9,0,11,0,1,0,0,0,0,4,1,6,1,36,7,1968,2,10,4,1
2014360080418,2,9,0,18,0,1,0,0,0,0,3,1,6,2,19,4,1396,1,9,7,1
2014360080423,1,90,0,18,0,8,0,9,3,7,1,1,1,2,34,6,2987,2,5,6,3
2014360080429,1,9,0,17,0,8,0,0,0,0,1,1,6,1,58,9,998,1,16,-1,-1
2014360080429,2,9,0,17,0,8,0,0,0,0,2,1,6,1,59,9,1796,1,8,-1,-1
2014360080430,1,5,0,18,0,3,0,0,0,0,3,1,6,1,26,6,599,1,1,5,2
2014360080430,2,8,0,18,0,1,0,0,0,0,3,1,1,1,65,9,2402,2,9,3,1
2014360080432,1,9,0,5,0,0,0,0,0,0,1,1,6,1,56,9,1598,1,11,7,2
2014360080433,1,9,0,16,0,0,1,0,0,0,3,1,2,1,32,6,1299,1,21,4,1
2014360080433,2,9,0,17,0,0,0,0,0,0,1,1,2,2,53,8,-1,-1,-1,6,2
2014360080433,3,9,0,16,0,0,0,0,0,0,0,1,2,1,24,5,3200,1,7,6,3
2014360080436,1,19,0,18,0,8,2,0,1,4,1,1,2,1,42,7,1995,2,6,7,2
2014360080437,1,9,0,18,0,0,0,0,0,0,1,1,6,1,30,6,1995,2,11,4,1
2014360080437,2,1,0,18,9,0,0,0,0,0,4,1,6,1,48,8,-1,-1,-1,10,1
2014360080442,1,9,0,4,0,0,0,0,0,0,1,1,1,1,57,9,2982,2,2,6,3
2014360080442,2,9,0,4,0,0,0,0,0,0,2,1,6,2,36,7,1999,1,13,7,1
2014360080442,3,19,0,3,0,0,0,0,0,0,2,1,1,1,41,7,2287,2,4,2,1
2014360080444,1,3,0,18,0,8,0,0,0,0,1,1,2,1,21,5,124,1,11,5,3
2014360080444,2,9,0,18,0,4,0,0,0,0,3,1,6,1,70,10,2400,2,4,2,1
2014360080447,1,1,0,17,0,0,0,0,0,0,1,1,6,1,29,6,-1,-1,-1,6,1
2014360080447,2,9,0,16,0,0,0,0,0,0,1,1,6,2,23,5,1390,1,2,9,1
2014360080448,1,9,0,4,0,0,0,0,0,0,1,1,6,2,28,6,1124,1,9,9,1
2014360080448,2,9,0,4,0,0,0,0,0,0,2,1,6,1,37,7,1796,1,12,7,1
2014360080448,3,9,0,3,0,0,0,0,0,0,2,1,6,1,46,8,1896,2,13,5,1
2014360080469,1,9,0,18,0,0,0,0,1,0,3,1,6,3,-1,-1,-1,-1,-1,-1,-1
2014360080469,2,9,0,18,0,0,0,0,0,0,3,1,6,1,32,6,1998,2,8,7,1
2014360080513,1,5,0,9,0,8,0,0,1,0,4,1,6,1,46,8,998,1,14,9,2
2014360080515,1,9,0,18,0,0,0,0,0,0,1,1,1,1,31,6,-1,-1,-1,10,1
2014360080515,2,9,0,4,0,0,0,0,0,0,2,1,6,1,52,8,998,1,2,5,3
2014360080526,1,9,0,18,0,1,2,0,7,10,1,1,6,1,77,11,1999,1,10,6,3
2014360080526,2,9,0,3,0,1,0,0,0,0,2,1,6,1,61,9,1686,2,-1,3,1
2014360080530,1,9,0,18,0,0,0,0,0,0,1,1,6,2,28,6,1560,2,5,4,1
2014360080530,2,9,0,4,0,0,0,0,0,0,2,1,6,1,61,9,2497,2,8,6,3
2014360080530,3,9,0,4,0,0,0,0,0,0,2,1,6,1,34,6,1998,2,4,-1,3
2014360080530,4,9,0,3,0,0,0,0,0,0,2,1,6,2,23,5,1248,2,4,8,1