Accident_Index,Vehicle_Reference,Vehicle_Type,Towing_and_Articulation,Vehicle_Manoeuvre,Vehicle_Location-Restricted_Lane,Junction_Location,Skidding_and_Overturning,Hit_Object_in_Carriageway,Vehicle_Leaving_Carriageway,Hit_Object_off_Carriageway,1st_Point_of_Impact,Was_Vehicle_Left_Hand_Drive?,Journey_Purpose_of_Driver,Sex_of_Driver,Age_of_Driver,Age_Band_of_Driver,Engine_Capacity_(CC),Propulsion_Code,Age_of_Vehicle,Driver_IMD_Decile,Driver_Home_Area_Type
2014360080539,1,9,0,18,0,0,0,0,0,0,4,1,6,1,47,8,1998,1,8,6,1
2014360080539,2,1,0,18,9,0,0,0,0,0,1,1,6,1,8,2,-1,-1,-1,6,1
2014360080543,1,9,0,3,0,1,0,0,0,0,2,1,6,1,25,5,1390,1,7,6,3
2014360080543,2,4,0,18,0,1,0,0,0,0,1,1,6,1,23,5,124,1,8,2,1
2014360080551,1,9,0,18,0,0,0,0,0,0,1,1,6,1,18,4,1396,1,11,10,1
2014360080551,2,1,0,18,9,0,0,0,0,0,4,1,6,1,16,4,-1,-1,-1,1,1
2014360080554,1,9,0,16,0,0,0,0,0,0,1,1,1,1,57,9,-1,-1,-1,6,1
2014360080554,2,9,0,17,0,0,0,0,0,0,1,1,1,1,57,9,3952,1,21,6,1
2014360080556,1,9,0,18,0,0,0,0,0,0,3,1,2,1,55,8,-1,-1,-1,10,1
2014360080556,2,1,0,4,0,0,0,0,0,0,3,1,6,2,45,7,-1,-1,-1,6,3
2014360080556,3,1,0,4,0,0,0,0,0,0,3,1,6,1,53,8,-1,-1,-1,7,2
2014360080575,1,9,0,16,0,0,0,0,7,3,1,1,6,2,62,9,-1,-1,-1,6,3
2014360080576,1,5,0,14,0,8,0,0,0,0,1,1,6,1,53,8,1043,1,1,6,2
2014360080576,2,9,0,9,0,6,0,0,0,0,3,1,6,1,30,6,1299,1,14,3,1
2014360080578,1,19,0,11,0,1,0,0,0,0,1,1,6,3,-1,-1,-1,-1,-1,-1,-1
2014360080578,2,9,0,4,0,1,0,0,0,0,2,1,2,1,37,7,2204,2,7,4,1
2014360080586,1,9,0,5,0,8,0,0,0,0,4,1,6,1,33,6,-1,-1,-1,6,1
2014360080587,1,9,0,9,0,6,0,0,0,0,3,1,6,1,62,9,1299,1,14,6,1
2014360080587,2,9,0,18,0,8,0,0,0,0,1,1,6,1,27,6,1560,2,6,8,1
2014360080588,1,9,0,9,0,6,0,0,0,0,1,1,2,1,31,6,1596,1,4,7,2
2014360080588,2,9,0,13,0,8,1,0,0,0,1,1,2,1,37,7,1796,1,14,5,2
2014360080592,1,9,0,18,0,0,0,0,1,9,1,1,6,2,70,10,1995,2,1,7,3
2014360080592,2,9,0,18,0,0,0,0,0,0,2,1,6,1,56,9,1390,1,6,8,2
2014360080593,1,9,0,18,0,0,0,0,7,4,3,1,6,2,60,9,-1,-1,-1,7,3
2014360080595,1,9,0,18,0,0,0,0,0,0,1,1,6,1,47,8,1598,2,3,-1,-1
2014360080595,2,9,0,3,0,0,0,0,0,0,2,1,6,1,58,9,1560,2,-1,2,1
2014360080595,3,9,0,18,0,0,0,0,0,0,1,1,6,2,69,10,1560,2,2,-1,-1
2014360080601,1,9,0,18,0,0,0,0,0,0,1,1,1,1,43,7,-1,-1,-1,8,1
2014360080601,2,9,0,3,0,0,0,0,0,0,2,1,1,2,24,5,1242,1,4,8,1
2014360080611,1,19,0,13,0,0,0,0,0,0,4,1,6,1,-1,-1,-1,-1,-1,-1,-1
2014360080611,2,1,0,18,0,0,0,0,0,0,3,1,6,2,9,2,-1,-1,-1,10,3
2014360080612,1,9,0,18,0,0,0,0,0,0,4,1,6,2,47,8,2495,2,10,4,3
2014360080613,1,1,0,18,9,1,0,0,0,0,1,1,6,1,17,4,-1,-1,-1,7,1
2014360080616,1,9,0,7,0,6,1,0,0,0,3,1,6,1,18,4,1229,1,9,4,1
2014360080616,2,9,0,18,0,8,1,0,0,0,4,1,6,1,29,6,899,1,1,5,2
2014360080622,1,9,0,9,0,6,0,0,0,0,3,1,6,1,25,5,1598,1,6,5,3
2014360080622,2,5,0,18,0,8,0,0,0,0,1,1,6,1,58,9,1085,1,10,5,3
2014360080629,1,9,0,18,0,0,0,4,0,0,1,1,6,2,22,5,2000,2,10,3,3
2014360080629,2,9,0,2,0,0,0,0,0,0,2,1,6,2,24,5,998,1,17,5,1
2014360080629,3,9,0,2,0,0,0,0,0,0,2,1,6,2,54,8,998,1,-1,5,1
2014360080631,1,9,0,4,0,1,0,0,0,0,2,1,6,1,22,5,1798,1,13,6,1
2014360080631,2,9,0,18,0,1,0,0,0,0,1,1,6,2,50,8,1896,2,12,8,1
2014360080634,1,9,0,4,0,1,0,0,0,0,1,1,6,1,25,5,1199,1,15,-1,3
2014360080634,2,9,0,10,0,8,0,0,0,0,2,1,6,2,24,5,1598,1,3,-1,2
2014360080638,1,9,0,18,0,0,0,0,7,0,1,1,6,2,79,11,1769,1,11,8,2
2014360080642,1,9,0,7,0,6,0,0,0,0,3,1,6,1,86,11,1392,1,14,3,2
2014360080642,2,1,0,18,0,8,0,0,0,0,1,1,6,1,40,7,-1,-1,-1,4,2
2014360080656,1,9,0,17,0,2,0,0,0,0,3,1,6,3,-1,-1,-1,-1,-1,-1,-1
2014360080656,2,9,0,16,0,1,0,0,0,0,3,1,6,2,25,5,1590,1,13,7,3
2014360080657,1,9,0,9,0,6,0,0,0,0,3,1,6,2,80,11,1400,2,7,6,3
2014360080657,2,9,0,18,0,8,2,0,1,4,1,1,2,1,30,6,1597,1,16,6,1
2014360080662,1,9,0,1,0,6,0,0,0,0,2,1,6,1,33,6,1995,2,6,9,2
2014360080662,2,1,0,16,0,8,0,0,0,0,1,1,6,1,58,9,-1,-1,-1,9,2
2014360080671,1,9,0,17,0,0,2,0,1,11,4,1,1,2,57,9,1388,1,10,4,3
2014360080677,1,3,0,18,0,4,0,0,0,0,1,1,6,1,21,5,125,1,2,9,1
2014360080677,2,9,0,18,0,8,0,0,0,0,4,1,6,1,25,5,1299,1,14,1,1
2014360080686,1,9,0,7,0,4,0,0,0,0,1,1,6,1,32,6,1997,2,11,-1,-1
2014360080686,2,9,0,18,0,8,1,7,1,2,4,1,6,2,55,8,1527,2,17,1,1
2014360080691,1,1,0,18,0,8,0,0,0,0,1,1,6,1,28,6,-1,-1,-1,10,1
2014360080691,2,9,0,7,0,5,0,0,0,0,4,1,6,3,-1,-1,-1,-1,-1,-1,-1
2014360080698,1,9,0,18,0,0,0,0,0,0,0,1,6,3,-1,-1,-1,-1,-1,-1,-1
2014360080698,2,17,0,18,0,0,0,0,1,9,1,1,1,1,23,5,6788,2,1,-1,3
2014360080710,1,9,0,9,0,6,0,0,0,0,1,1,1,1,26,6,1388,1,11,5,1
2014360080710,2,1,0,18,0,8,0,0,0,0,1,1,1,1,46,8,-1,-1,-1,9,1
2014360080711,1,9,0,2,0,0,0,0,7,0,1,1,6,1,53,8,1984,1,12,7,2
2014360080711,2,9,0,18,0,0,0,4,1,0,1,1,6,1,76,11,1560,2,-1,-1,2
2014360080711,3,9,0,2,0,0,0,0,0,0,2,1,6,2,22,5,1199,1,11,7,2
2014360080711,4,9,0,18,0,0,0,0,0,0,4,1,6,2,32,6,998,1,14,5,3
2014360080722,1,9,0,6,0,0,0,0,0,0,1,1,6,1,37,7,1896,2,10,7,1
2014360080722,2,4,0,14,0,0,0,0,0,0,3,1,6,1,34,6,124,1,3,2,1
2014360080724,1,9,0,13,0,8,1,0,1,0,1,1,6,1,25,5,1995,2,4,8,3
2014360080724,2,9,0,9,0,5,1,0,1,0,3,1,6,2,70,10,1753,2,14,5,3
2014360080731,1,9,0,17,0,0,0,0,0,0,1,1,6,3,-1,-1,1995,2,11,-1,-1
2014360080731,2,9,0,16,0,0,1,0,1,9,1,1,6,1,27,6,1995,2,3,8,3
2014360080733,1,9,0,18,0,4,0,0,1,11,1,1,6,2,79,11,1323,1,12,8,2
2014360080739,1,9,0,9,0,6,0,0,0,0,2,1,6,2,68,10,1984,1,8,5,1
2014360080739,2,9,0,18,0,8,1,0,2,4,1,1,6,1,89,11,1149,1,7,7,2
2014360080740,1,9,0,17,0,0,0,0,0,0,1,1,6,2,20,4,1242,1,5,7,2
2014360080740,2,9,0,16,0,0,0,0,0,0,1,1,6,2,22,5,1998,1,9,-1,3
2014360080742,1,9,0,18,0,8,0,0,0,0,1,1,6,2,34,6,1242,1,12,8,1
2014360080742,2,9,0,9,0,5,0,0,1,0,1,1,2,2,33,6,-1,-1,-1,8,1
2014360080743,1,9,0,5,0,0,0,0,0,0,3,1,6,2,27,6,1400,1,7,8,3
2014360080743,2,97,0,13,0,0,1,0,0,0,1,1,6,1,20,4,108,1,1,6,3
2014360080747,1,4,0,7,0,5,0,0,0,0,3,1,1,1,51,8,498,1,24,3,1
2014360080756,1,1,0,18,0,8,0,0,0,0,2,1,6,2,47,8,-1,-1,-1,3,1
2014360080756,2,9,0,18,0,4,0,0,0,0,1,1,6,1,41,7,1995,2,10,-1,-1
2014360080758,1,9,0,7,0,2,1,7,1,10,1,1,2,1,26,6,1242,1,10,9,2
2014360080762,1,19,0,18,0,0,0,0,0,0,1,1,1,1,61,9,1995,2,2,3,1
2014360080762,2,9,0,4,0,0,0,0,0,0,2,1,6,2,21,5,1124,1,15,-1,1
2014360080763,1,19,0,18,0,1,0,0,0,0,1,1,6,2,64,9,1997,2,12,5,3
2014360080763,2,9,0,10,0,8,0,0,0,0,2,1,1,1,37,7,999,1,14,5,2
2014360080763,3,19,0,18,0,2,1,0,1,0,1,1,6,1,23,5,1997,2,-1,1,1
2014360080766,1,9,0,5,0,6,0,0,0,0,1,1,6,2,70,10,1299,1,6,6,3
2014360080766,2,9,0,18,0,8,0,0,0,0,4,1,6,2,27,6,1995,2,3,-1,1
2014360080768,1,9,0,18,0,6,0,0,7,1,1,1,6,2,60,9,1339,1,11,9,2
2014360080768,2,9,0,18,0,8,0,0,7,10,1,1,6,2,50,8,1248,1,4,3,1
2014360080771,1,9,0,18,0,0,0,0,0,0,3,1,6,2,60,9,2687,1,9,6,3
2014360080771,2,19,0,18,0,0,1,0,0,0,3,1,6,3,-1,-1,-1,-1,-1,-1,-1
2014360080774,1,9,0,17,0,0,1,0,0,0,4,1,6,2,28,6,1596,1,13,7,3
2014360080774,2,9,0,4,0,0,0,0,0,0,1,1,6,2,30,6,1910,2,7,5,2
2014360080780,1,20,0,5,8,6,0,0,0,0,0,1,6,1,-1,-1,4580,2,4,-1,-1
2014360080780,2,9,0,4,0,1,0,0,0,0,2,1,6,2,46,8,1973,1,14,5,3
2014360080780,3,9,0,18,0,1,0,0,0,0,1,1,6,1,19,4,-1,-1,-1,5,3
2014360080783,1,9,0,18,0,0,1,0,8,10,1,1,6,1,18,4,998,1,19,-1,-1
2014360080786,1,5,0,13,0,3,1,0,0,0,1,1,6,1,25,5,998,1,8,1,1
2014360080786,2,9,0,18,0,3,0,0,0,0,3,1,6,1,63,9,1398,1,3,5,1
2014360080786,3,9,0,18,0,4,0,0,0,0,1,1,6,1,70,10,2204,2,6,6,2
2014360080788,1,9,0,4,0,0,0,0,0,0,2,1,6,1,42,7,-1,-1,-1,5,1
2014360080788,2,1,0,18,0,0,0,0,0,0,1,1,6,2,24,5,-1,-1,-1,8,3
2014360080789,1,9,0,17,0,2,0,0,1,2,1,1,6,2,81,11,1598,1,9,10,1
2014360080795,1,9,0,16,0,0,1,0,0,0,1,1,6,1,37,7,1389,1,13,8,2
2014360080795,2,22,0,18,0,0,0,0,0,0,2,1,6,1,61,9,-1,-1,-1,8,3
2014360080796,1,9,0,5,0,6,0,0,0,0,4,1,1,1,23,5,-1,-1,-1,9,1
2014360080796,2,5,0,18,0,8,1,0,0,0,1,1,1,1,49,8,998,1,11,10,2
2014360080825,1,9,0,13,0,0,0,0,0,0,0,1,6,1,-1,-1,-1,-1,-1,-1,-1
2014360080825,2,9,0,4,0,0,2,0,0,0,4,1,6,1,43,7,-1,-1,-1,7,2
2014360080826,1,9,0,13,0,0,0,0,0,0,0,1,6,3,-1,-1,-1,-1,-1,-1,-1
2014360080826,2,9,0,18,0,0,0,0,7,9,1,1,6,2,26,6,1124,1,11,-1,2
2014360080833,1,5,0,16,0,0,1,0,0,0,3,1,6,1,72,10,738,1,11,8,1
2014360080833,2,9,0,17,0,0,0,0,0,0,3,1,6,1,69,10,2204,2,7,4,1
2014360080833,3,9,0,17,0,0,0,0,0,0,1,1,6,1,76,11,1386,1,7,6,2
2014360080837,1,9,0,18,0,0,2,10,1,4,3,1,6,1,27,6,1997,1,11,-1,1
2014360080842,1,9,0,17,0,0,0,0,2,4,3,1,2,1,24,5,2521,1,8,6,3
2014360080842,2,9,0,18,0,0,0,0,0,0,3,1,6,2,37,7,1560,2,9,8,2
2014360080842,3,11,0,16,0,0,0,0,0,0,0,1,1,1,77,11,14618,2,17,-1,2
2014360080844,1,9,0,9,0,5,0,0,0,0,3,1,6,1,37,7,1999,1,6,8,3
2014360080844,2,2,0,13,0,8,0,0,0,0,1,1,6,1,16,4,50,1,2,5,3
2014360080848,1,9,0,13,0,8,0,0,0,0,1,1,6,1,17,4,-1,-1,-1,6,2
2014360080848,2,1,0,9,0,5,1,0,0,0,3,1,6,1,17,4,-1,-1,-1,6,2
2014360080849,1,9,0,2,0,0,0,0,0,0,1,1,3,2,40,7,1588,1,14,6,3
2014360080849,2,9,0,1,0,0,0,0,0,0,2,1,3,2,36,7,2435,1,13,6,3
2014360080853,1,9,0,5,0,6,0,0,0,0,4,1,6,1,26,6,998,1,13,4,3
2014360080853,2,9,0,18,0,8,0,0,0,0,1,1,6,2,38,7,1399,1,11,3,1
2014360080853,3,9,0,3,0,1,0,0,0,0,1,1,6,2,59,9,1299,1,8,5,3
2014360080855,1,2,0,18,0,0,0,0,1,3,1,1,6,1,17,4,49,1,5,10,2
2014360080856,1,9,0,18,0,0,0,0,1,9,1,1,6,1,67,10,1796,1,15,4,2
2014360080862,1,5,0,13,0,8,1,4,0,0,1,1,6,1,24,5,599,1,12,9,1
2014360080862,2,9,0,9,0,5,0,0,0,0,1,1,1,1,41,7,1956,2,1,7,2
2014360080862,3,9,0,2,0,2,0,0,0,0,3,1,6,3,-1,-1,1989,1,14,-1,-1
2014360080862,4,19,0,2,0,2,0,0,0,0,3,1,6,3,-1,-1,2198,2,2,-1,-1
2014360080872,1,9,0,18,0,1,1,0,0,0,1,1,2,1,27,6,1360,1,11,-1,-1
2014360080872,2,9,0,4,0,1,0,0,0,0,2,1,2,2,26,6,1299,1,10,6,1
2014360080883,1,9,0,7,0,5,0,0,0,0,4,1,2,1,44,7,1796,1,15,3,1
2014360080883,2,1,0,17,0,8,0,0,0,0,1,1,2,1,32,6,-1,-1,-1,5,1
2014360080895,1,9,0,18,0,8,0,0,0,0,3,1,3,2,35,6,1598,1,5,8,1
2014360080895,2,1,0,18,0,6,0,0,0,0,1,1,6,1,9,2,-1,-1,-1,3,1
2014360080896,1,9,0,7,0,6,0,0,0,0,1,1,1,1,69,10,2295,1,16,1,1
2014360080896,2,1,0,18,9,8,0,0,0,0,4,1,1,1,28,6,-1,-1,-1,1,1
2014360080919,1,21,0,16,0,0,0,0,0,0,2,1,1,1,67,10,4500,2,-1,3,1
2014360080919,2,9,0,17,0,0,0,8,0,0,3,1,6,1,79,11,-1,-1,-1,3,1
2014360080937,1,1,0,16,0,0,0,0,0,0,1,1,6,2,20,4,-1,-1,-1,-1,3
2014360080937,2,9,0,17,0,0,0,0,0,0,3,1,6,1,60,9,1956,2,-1,9,3
2014360080943,1,9,0,18,0,6,0,0,0,0,1,1,6,1,28,6,1984,1,3,7,1
2014360080943,2,9,0,18,0,8,0,0,1,0,3,1,6,1,47,8,1968,2,1,5,3
2014360080945,1,9,0,18,0,0,2,0,1,10,1,1,2,1,27,6,1396,1,14,6,2
2014360080946,1,9,0,18,0,0,0,0,0,0,1,1,1,1,47,8,1988,2,6,6,1
2014360080947,1,9,0,4,0,0,0,0,0,0,1,1,2,1,21,5,1390,1,13,4,1
2014360080947,2,9,0,4,0,0,0,0,0,0,2,1,6,2,39,7,1910,2,6,3,1
2014360080963,1,9,0,9,0,5,0,0,1,11,1,1,6,1,36,7,2171,2,11,4,2
2014360080966,1,9,0,18,0,1,1,0,0,0,1,1,6,2,55,8,1597,1,17,8,1
2014360080966,2,9,0,4,0,1,0,0,0,0,2,1,6,2,28,6,1753,2,15,-1,1
2014360080968,1,9,0,18,0,8,0,0,0,0,1,1,1,2,61,9,1390,1,2,2,1
2014360080968,2,8,0,9,0,5,0,0,0,0,1,1,1,1,41,7,1797,8,4,1,1
2014360080970,1,9,0,9,0,5,0,0,0,0,1,1,6,2,-1,-1,1349,1,5,6,3
2014360080970,2,5,0,9,0,5,0,0,0,0,4,1,6,1,54,8,1098,1,19,1,1
2014360080971,1,9,0,18,0,0,0,0,0,0,1,1,6,3,-1,-1,-1,-1,-1,-1,-1
2014360080971,2,2,0,18,0,0,0,0,0,0,2,1,6,1,16,4,49,1,6,8,3
2014360080971,3,2,0,18,0,0,0,0,0,0,2,1,6,1,16,4,49,1,-1,8,3
2014360080972,1,9,0,6,0,8,0,0,0,0,3,1,1,1,26,6,998,1,-1,3,1
2014360080972,2,2,0,13,0,8,0,0,0,0,4,1,6,1,28,6,49,1,17,8,1
2014360080974,1,9,0,4,0,0,0,0,0,0,2,1,2,2,19,4,1598,1,1,5,3
2014360080974,2,9,0,18,0,0,0,0,0,0,2,1,2,2,54,8,4300,1,14,4,3
2014360080974,3,9,0,18,0,0,0,0,0,0,1,1,2,2,20,4,1149,1,12,7,2
2014360080977,1,9,0,1,0,0,0,0,0,0,2,1,6,1,56,9,1896,2,12,3,1
2014360080977,2,19,0,2,0,0,0,0,0,0,2,1,6,1,41,7,1560,2,4,2,1
2014360081002,1,9,0,9,0,6,0,0,0,0,3,1,1,2,45,7,2204,2,5,7,1
2014360081002,2,9,0,18,0,8,0,0,0,0,1,1,6,2,46,8,1391,1,15,6,1
2014360081011,1,5,0,13,0,0,1,0,0,0,1,1,6,1,52,8,599,1,17,1,1
2014360081011,2,9,0,18,0,0,0,0,0,0,1,1,6,2,55,8,1598,1,6,4,2
2014360081025,1,2,0,17,0,8,0,0,7,11,1,1,6,1,17,4,49,1,1,6,2
2014360081028,1,9,0,9,0,6,0,0,0,0,3,1,1,1,54,8,-1,-1,-1,6,1
2014360081028,2,9,0,18,0,8,0,0,0,0,1,1,2,2,26,6,1598,1,5,7,1
2014360081036,1,9,0,18,0,0,0,0,0,0,1,1,2,1,24,5,1587,1,15,5,2
2014360081036,2,19,0,3,0,0,0,0,1,0,2,1,2,1,20,4,1753,2,8,6,3
2014360081039,1,9,0,9,0,5,0,0,0,0,1,1,1,1,43,7,1390,1,1,4,1
2014360081039,2,9,0,18,0,8,0,0,0,0,1,1,6,1,73,10,1984,1,20,-1,-1
2014360081040,1,9,0,4,0,1,1,0,0,0,1,1,6,2,34,6,1796,1,12,8,3
2014360081040,2,9,0,18,0,2,0,0,0,0,3,1,6,2,61,9,1956,2,-1,8,3
2014360081041,1,9,0,18,0,0,0,0,1,11,1,1,2,2,52,8,1968,2,3,7,3
2014360081045,1,9,0,7,0,6,0,0,0,0,4,1,6,1,30,6,1598,2,1,-1,-1
2014360081045,2,1,0,18,5,8,0,0,0,0,1,1,6,1,39,7,-1,-1,-1,2,1
2014360081047,1,9,0,18,0,1,0,0,0,0,1,1,2,2,23,5,-1,-1,-1,-1,3
2014360081050,1,9,0,18,0,1,1,0,0,0,1,1,2,1,31,6,1896,2,13,1,1
2014360081054,1,9,0,4,0,1,1,0,0,0,1,1,6,3,-1,-1,-1,-1,-1,-1,-1
2014360081054,2,9,0,10,0,1,0,0,0,0,2,1,6,1,58,9,1997,2,2,7,1
2014360081077,1,9,0,4,0,0,0,0,0,0,2,1,6,2,49,8,2792,1,16,6,1
2014360081077,2,9,0,18,0,0,0,0,0,0,1,1,6,1,42,7,1461,2,9,3,3
2014360081078,1,9,0,7,0,5,0,0,1,0,4,1,2,2,48,8,1493,2,7,2,1
2014360081078,2,2,0,18,0,8,0,0,0,0,1,1,6,1,42,7,49,1,25,9,1
2014360081088,1,9,0,9,0,8,0,0,0,0,4,1,6,2,-1,-1,1299,1,7,8,3
2014360081088,2,5,0,4,0,8,0,0,0,0,1,1,6,1,24,5,649,1,1,10,1
2014360081093,1,9,0,18,0,0,0,0,0,0,1,1,6,1,19,4,1198,1,9,1,1
2014360081093,2,9,0,4,0,0,0,0,0,0,2,1,6,1,61,9,1998,1,5,1,1
2014360081098,1,20,0,4,0,0,0,0,0,0,1,1,1,1,34,6,5132,2,1,-1,-1
2014360081098,2,9,0,3,0,0,0,0,0,0,2,1,6,1,48,8,1149,1,-1,6,1
2014360081102,1,5,0,16,0,0,0,0,1,0,3,1,6,1,50,8,1157,1,9,10,1
2014360081102,2,17,0,17,0,0,0,0,0,0,3,1,1,1,38,7,-1,2,2,7,3
2014360081109,1,3,0,16,0,0,0,0,7,11,3,1,6,1,20,4,124,1,3,4,2
2014360081119,1,9,0,6,0,0,0,0,0,0,1,1,6,1,32,6,996,1,5,9,3
2014360081119,2,5,0,18,0,0,1,0,0,0,3,1,6,2,56,9,1078,1,7,9,3
2014360081121,1,9,0,18,0,8,1,0,1,11,4,1,6,2,33,6,1600,2,2,5,1
2014360081121,2,9,0,18,0,8,0,0,1,0,1,1,6,1,34,6,3555,1,10,10,1
2014360081123,1,9,0,4,0,1,0,0,0,0,1,1,6,1,75,10,1870,2,12,-1,2
2014360081123,2,5,0,3,0,1,0,0,0,0,2,1,6,1,42,7,1137,1,12,5,2
2014360081131,1,9,0,7,0,6,0,0,0,0,1,1,2,2,30,6,1242,1,8,5,3
2014360081133,1,9,0,16,0,0,1,0,8,10,1,1,6,1,18,4,1400,1,14,4,3
2014360081138,1,19,0,18,0,1,0,0,0,0,1,1,1,1,41,7,2143,2,1,10,2
2014360081138,2,19,0,4,0,1,0,0,0,0,2,1,1,1,57,9,1560,2,-1,8,2
2014360081138,3,21,0,4,0,1,0,0,0,0,2,1,1,1,53,8,4580,2,1,4,1
2014360081142,1,9,0,13,0,0,0,0,7,0,1,1,6,1,76,11,1998,2,7,6,3
2014360081142,2,9,0,18,0,0,0,0,7,0,1,1,2,2,23,5,4398,1,12,3,1
2014360081153,1,19,0,13,0,0,0,0,0,0,0,1,6,3,-1,-1,-1,-1,-1,-1,-1
2014360081153,2,5,0,18,0,0,0,10,1,0,4,1,2,1,49,8,750,1,8,4,3
2014360081156,1,9,0,9,0,6,0,0,0,0,1,1,6,3,-1,-1,-1,-1,-1,-1,-1
2014360081156,2,1,0,18,9,8,0,0,0,0,3,1,6,2,29,6,-1,-1,-1,8,3
2014360081161,1,9,0,9,0,5,0,0,1,0,4,1,6,1,70,10,698,1,9,5,3
2014360081161,2,9,0,18,0,8,0,0,1,0,1,1,6,1,51,8,1461,2,1,5,3
2014360081184,1,19,0,18,0,8,1,0,0,0,1,2,1,1,49,8,-1,-1,-1,8,1
2014360081184,2,9,0,9,0,5,1,0,0,0,4,1,6,1,26,6,1149,1,11,8,1
2014360081215,1,1,0,9,0,8,0,0,0,0,1,1,6,1,27,6,-1,-1,-1,8,1
2014360081215,2,9,0,5,0,4,0,0,0,0,3,1,2,2,20,4,1598,2,3,6,2
2014360081223,1,9,0,18,0,1,0,0,0,0,1,1,6,1,20,4,-1,-1,-1,-1,-1
2014360081223,2,1,0,10,0,1,0,0,0,0,2,1,6,1,16,4,-1,-1,-1,6,1
2014360081231,1,5,0,13,0,1,0,0,0,0,1,1,6,1,30,6,898,1,-1,-1,-1
2014360081231,2,9,0,17,0,2,0,0,0,0,1,1,6,2,26,6,1299,1,15,3,1
2014360081235,1,9,0,5,0,4,0,0,0,0,3,1,2,2,36,7,1997,1,13,7,2
2014360081235,2,1,0,18,0,8,0,0,0,0,4,1,6,1,34,6,-1,-1,-1,7,2
2014360081249,1,9,0,12,0,2,0,0,0,0,3,1,6,1,28,6,1598,1,4,4,3
2014360081249,2,11,0,18,0,2,0,0,0,0,4,1,1,1,64,9,12816,5,2,5,2
2014360081262,1,9,0,9,0,5,0,0,0,0,4,1,1,1,27,6,1560,2,2,-1,-1
2014360081262,2,9,0,18,0,8,0,0,0,0,1,1,6,2,54,8,1998,1,9,-1,-1
2014360081266,1,1,0,18,0,0,0,4,0,0,1,1,6,1,25,5,-1,-1,-1,-1,-1
2014360081266,2,9,0,2,0,0,0,0,0,0,2,1,6,2,28,6,1390,1,15,4,1
2014360081275,1,9,0,17,0,0,0,10,1,1,1,1,6,2,25,5,1984,1,9,6,1
2014360081276,1,9,0,3,0,0,0,0,0,0,2,1,1,2,53,8,1596,1,11,5,1
2014360081276,2,9,0,4,0,0,0,0,0,0,1,1,6,2,-1,-1,1242,1,-1,5,3
2014360081281,1,9,0,7,0,6,0,0,1,7,3,1,6,2,22,5,1242,1,14,7,1
2014360081281,2,9,0,18,0,2,0,0,0,0,4,1,6,1,23,5,1956,2,4,3,1
2014360081281,3,9,0,2,9,2,0,0,0,0,3,1,6,2,95,11,1595,1,16,9,1
2014360081282,1,9,0,18,0,4,0,0,0,0,3,1,1,1,31,6,1990,1,11,-1,-1
2014360081282,2,1,0,18,0,8,0,0,0,0,1,1,2,1,41,7,-1,-1,-1,6,1
2014360081283,1,9,0,18,0,0,0,0,0,0,1,1,2,1,20,4,1998,1,9,9,3
2014360081283,2,9,0,3,0,0,0,0,0,0,2,1,2,2,32,6,1461,2,4,6,3
2014360081293,1,9,0,17,0,0,0,0,1,0,3,1,6,1,19,4,1124,1,13,6,2
2014360081293,2,9,0,16,0,0,0,0,0,0,3,1,6,2,50,8,1388,1,5,8,2
2014360081296,1,9,0,18,0,4,0,0,0,0,3,1,6,1,18,4,1199,1,13,2,1
2014360081296,2,1,0,18,0,8,0,0,0,0,1,1,6,1,46,8,-1,-1,-1,4,1
2014360081303,1,9,0,18,0,6,5,0,1,9,3,1,6,1,32,6,1997,2,10,9,1
2014360081303,2,9,0,18,0,8,1,0,7,3,1,1,6,2,54,8,1599,1,10,5,3
2014360081304,1,9,0,18,0,1,1,0,0,0,1,1,6,1,20,4,1199,1,11,3,1
2014360081304,2,9,0,9,0,5,0,0,0,0,2,1,6,2,25,5,998,1,4,5,1
2014360081311,1,9,0,4,0,0,5,0,0,0,1,1,6,1,39,7,998,1,4,6,2
2014360081311,2,9,0,4,0,0,0,0,1,0,2,1,2,2,56,9,998,1,9,1,1
2014360081311,3,19,0,18,0,0,0,0,1,0,1,1,1,1,35,6,2402,2,3,7,3
2014360081335,1,3,0,13,0,0,0,7,0,0,3,1,6,1,24,5,125,1,3,6,1
2014360081338,1,9,0,18,0,8,0,0,7,11,3,1,6,1,67,10,1388,1,6,4,1
2014360081338,2,90,0,18,0,6,0,0,0,0,1,1,1,1,53,8,-1,-1,-1,-1,-1
2014360081369,1,19,0,18,0,6,0,0,0,0,1,1,1,1,24,5,1996,2,-1,3,1
2014360081369,2,9,0,18,0,8,0,0,0,0,4,1,6,2,35,6,1368,1,10,4,3
2014360081379,1,5,0,17,0,0,0,0,1,11,1,1,2,1,58,9,805,1,6,7,3
2014360081386,1,9,0,13,0,0,0,0,0,0,4,1,6,1,49,8,1749,1,13,6,3
2014360081386,2,1,0,18,0,0,0,0,0,0,3,1,6,2,56,9,-1,-1,-1,8,3