Accident_Index,Vehicle_Reference,Vehicle_Type,Towing_and_Articulation,Vehicle_Manoeuvre,Vehicle_Location-Restricted_Lane,Junction_Location,Skidding_and_Overturning,Hit_Object_in_Carriageway,Vehicle_Leaving_Carriageway,Hit_Object_off_Carriageway,1st_Point_of_Impact,Was_Vehicle_Left_Hand_Drive?,Journey_Purpose_of_Driver,Sex_of_Driver,Age_of_Driver,Age_Band_of_Driver,Engine_Capacity_(CC),Propulsion_Code,Age_of_Vehicle,Driver_IMD_Decile,Driver_Home_Area_Type
2014360081388,1,9,0,9,0,6,0,0,0,0,3,1,6,1,83,11,1339,1,6,5,3
2014360081388,2,9,0,18,0,8,0,0,0,0,1,1,6,2,53,8,1086,1,10,3,1
2014360081388,3,9,0,4,0,1,0,0,0,0,3,1,6,1,18,4,1461,2,4,6,3
2014360081394,1,11,0,4,0,1,0,0,0,0,1,1,1,1,67,10,6700,2,2,5,2
2014360081394,2,9,0,3,0,1,0,0,0,0,2,1,6,1,47,8,2000,1,7,9,1
2014360081398,1,2,0,18,0,0,1,0,0,0,3,1,6,1,28,6,50,1,5,4,1
2014360081400,1,19,0,18,0,0,0,0,0,0,1,1,6,1,38,7,2148,2,8,2,2
2014360081400,2,9,0,3,0,0,0,4,0,0,2,1,6,1,48,8,1999,1,-1,-1,-1
2014360081400,3,9,0,2,0,0,0,0,0,0,2,1,6,1,41,7,1598,1,10,6,3
2014360081402,1,9,0,18,0,1,0,4,0,0,1,1,6,1,83,11,1388,1,5,4,2
2014360081402,2,9,0,2,0,1,0,0,0,0,1,1,6,3,-1,-1,1461,2,8,-1,-1
2014360081403,1,9,0,9,0,8,0,0,0,0,1,1,6,2,20,4,1598,2,2,-1,-1
2014360081403,2,1,0,18,0,8,0,0,0,0,1,1,6,1,28,6,-1,-1,-1,5,1
2014360081423,1,9,0,7,0,8,0,0,0,0,0,1,6,1,17,4,1242,1,1,7,3
2014360081423,2,11,0,4,2,1,0,0,0,0,0,1,1,1,26,6,8268,2,11,3,1
2014360081424,1,9,0,18,0,0,1,0,7,4,1,1,2,2,24,5,1248,2,1,7,2
2014360081425,1,19,0,18,0,0,0,0,0,0,1,1,6,1,60,9,-1,-1,-1,-1,-1
2014360081425,2,22,0,18,0,0,0,0,0,0,2,1,6,2,78,11,-1,-1,-1,-1,-1
2014360081438,1,9,0,18,0,0,0,0,0,0,1,1,6,1,-1,-1,1798,1,14,-1,-1
2014360081450,1,9,0,18,0,0,0,0,0,0,1,1,6,2,18,4,1149,1,8,6,3
2014360081450,2,9,0,18,0,0,0,0,0,0,2,1,6,2,72,10,1968,2,5,4,1
2014360081450,3,9,0,18,0,0,0,0,0,0,2,1,6,2,35,6,1598,1,12,6,3
2014360081469,1,9,0,18,0,0,1,0,1,1,1,1,6,1,19,4,1998,2,10,9,2
2014360081471,1,4,0,16,0,0,0,0,0,0,1,1,2,1,32,6,124,1,12,-1,3
2014360081471,2,9,0,17,0,0,0,0,1,0,1,1,6,2,51,8,1796,2,1,6,3
2014360081476,1,9,0,18,0,0,0,0,0,0,3,1,2,1,19,4,1198,1,10,6,1
2014360081476,2,9,0,18,0,0,0,0,0,0,3,1,6,1,53,8,1968,2,3,9,3
2014360081479,1,9,0,13,0,0,0,0,0,0,0,1,6,3,-1,-1,-1,-1,-1,-1,-1
2014360081479,2,1,0,18,0,0,0,10,0,0,4,1,6,1,56,9,-1,-1,-1,4,3
2014360081480,1,5,0,14,0,8,0,0,0,0,1,1,2,1,20,4,600,1,14,8,3
2014360081480,2,9,0,9,0,6,0,0,0,0,3,1,2,2,48,8,1798,1,2,8,1
2014360081481,1,9,0,9,0,6,0,0,0,0,3,1,2,1,26,6,1995,2,4,9,1
2014360081481,2,9,0,18,0,8,0,0,0,0,1,1,6,1,54,8,1749,1,12,2,1
2014360081483,1,9,0,5,0,6,0,0,0,0,3,1,6,2,66,10,1986,2,5,6,3
2014360081483,2,9,0,16,0,8,0,0,0,0,1,1,6,2,48,8,1461,2,6,6,3
2014360081484,1,9,0,17,0,0,1,0,0,0,1,1,6,1,41,7,1368,1,7,7,3
2014360081484,2,19,0,18,0,0,0,0,0,0,1,1,2,1,24,5,1686,2,9,7,3
2014360081485,1,9,0,9,0,6,0,0,0,0,3,1,6,1,20,4,998,1,5,7,3
2014360081485,2,9,0,18,0,8,0,0,0,0,1,1,6,2,50,8,1975,2,17,6,3
2014360081486,1,9,0,18,0,1,0,0,0,0,1,1,6,2,20,4,1348,1,13,7,2
2014360081486,2,9,0,10,0,8,0,0,0,0,2,1,6,1,19,4,-1,-1,-1,10,1
2014360081487,1,9,0,18,0,1,0,0,0,0,1,1,6,2,27,6,1796,1,6,10,1
2014360081487,2,19,0,10,0,8,0,0,0,0,2,1,6,1,34,6,1461,2,11,5,2
2014360081489,1,9,0,18,0,3,5,9,1,2,1,1,6,1,29,6,1598,1,12,6,1
2014360081493,1,2,0,18,0,1,0,0,0,0,1,1,6,1,49,8,-1,-1,-1,3,2
2014360081493,2,19,0,2,0,1,0,0,0,0,2,1,1,1,42,7,2402,2,5,6,3
2014360081494,1,9,0,18,0,0,0,0,0,0,4,1,6,2,34,6,2179,2,3,10,3
2014360081495,1,3,0,16,0,2,0,0,0,0,1,1,6,1,60,9,124,1,9,6,3
2014360081495,2,9,0,17,0,1,0,0,1,0,1,1,6,1,75,10,1560,2,8,9,1
2014360081495,3,98,0,17,0,1,0,0,0,0,3,1,1,1,56,9,12580,2,8,7,2
2014360081502,1,8,0,18,0,2,0,0,0,0,4,1,6,3,-1,-1,-1,-1,-1,-1,-1
2014360081513,1,9,0,18,0,2,0,0,0,0,3,1,6,2,35,6,1360,1,10,3,1
2014360081516,1,9,0,5,0,4,0,0,0,0,1,1,2,2,21,5,1398,2,9,8,3
2014360081516,2,1,0,18,0,8,0,0,0,0,4,1,6,1,48,8,-1,-1,-1,5,1
2014360081518,1,9,3,9,0,6,0,0,0,0,3,1,6,1,67,10,1997,2,4,9,2
2014360081518,2,4,0,16,0,8,0,0,0,0,1,1,6,1,20,4,124,1,6,5,3
2014360081527,1,11,0,4,0,0,0,0,0,0,0,1,6,2,47,8,7300,2,12,4,1
2014360081530,1,9,0,4,0,1,0,0,0,0,2,1,1,1,29,6,1598,1,13,-1,1
2014360081530,2,9,0,4,0,1,1,0,0,0,1,1,1,2,35,6,1299,1,15,7,1
2014360081532,1,5,0,18,0,1,0,0,1,0,1,1,6,1,24,5,1000,1,-1,-1,-1
2014360081532,2,21,0,10,0,1,0,0,0,0,0,1,1,2,34,6,6370,2,6,-1,1
2014360081532,3,21,0,9,0,5,0,0,0,0,0,1,1,1,25,5,6871,2,4,2,1
2014360081545,1,9,0,9,0,6,0,0,0,0,1,1,6,2,61,9,1590,1,10,10,1
2014360081545,2,9,0,18,0,8,0,0,0,0,1,1,6,1,86,11,1229,1,10,10,2
2014360081564,1,3,0,16,0,2,1,0,0,0,3,1,2,1,19,4,124,1,-1,4,1
2014360081578,1,9,0,6,0,0,0,0,0,0,3,1,2,1,43,7,1796,1,13,1,1
2014360081578,2,11,0,18,0,0,0,0,0,0,1,1,1,1,35,6,4461,2,4,4,1
2014360081587,1,9,0,18,0,0,0,0,0,0,2,1,6,1,31,6,1461,2,1,6,3
2014360081587,2,9,0,5,8,0,0,0,0,0,1,1,6,2,46,8,2179,2,2,5,2
2014360081612,1,9,0,9,0,6,0,0,0,0,1,1,6,2,37,7,-1,-1,-1,6,1
2014360081612,2,9,0,18,0,8,0,0,0,0,1,1,6,1,53,8,1968,2,1,6,1
2014360081631,1,98,1,5,0,4,0,0,0,0,1,1,1,1,42,7,11705,2,6,3,1
2014360081631,2,9,0,5,0,4,0,0,0,0,2,1,6,2,27,6,1149,1,12,5,2
2014360081651,1,9,0,13,0,0,0,0,0,0,1,1,1,1,62,9,1591,1,6,1,1
2014360081651,2,8,0,18,0,0,1,0,1,0,1,1,1,1,52,8,-1,-1,-1,1,1
2014360081664,1,9,0,13,0,2,0,0,0,0,1,1,6,3,-1,-1,-1,-1,-1,-1,-1
2014360081664,2,1,0,18,0,2,0,0,0,0,2,1,6,1,22,5,-1,-1,-1,1,1
2014360081688,1,19,0,16,0,0,1,0,0,0,1,1,2,1,29,6,1998,2,9,6,3
2014360081688,2,9,0,17,0,0,0,0,1,0,3,1,2,2,27,6,1149,1,7,-1,2
2014360081691,1,9,0,18,0,0,5,10,1,0,1,1,6,1,25,5,1975,1,9,9,2
2014360081691,2,9,0,12,0,0,0,0,0,0,0,1,6,3,-1,-1,1975,1,9,-1,-1
2014360081692,1,9,0,18,0,8,0,0,0,0,1,1,6,1,67,10,1149,1,8,7,3
2014360081692,2,9,0,9,0,8,0,0,0,0,4,1,6,2,25,5,1896,2,10,2,1
2014360081693,1,9,0,9,0,6,0,0,0,0,3,1,6,1,26,6,2198,1,12,7,2
2014360081693,2,5,0,18,0,8,0,0,0,0,1,1,6,1,26,6,645,1,1,4,1
2014360081694,1,9,0,9,0,8,1,0,0,0,1,1,6,2,20,4,-1,-1,-1,3,1
2014360081694,2,9,0,18,0,8,1,0,0,0,1,1,6,1,24,5,1686,2,12,1,1
2014360081711,1,9,0,16,0,2,1,0,7,10,1,1,6,2,41,7,1195,1,16,4,3
2014360081712,1,9,0,17,0,0,1,10,8,4,1,1,6,1,44,7,1990,1,16,4,3
2014360081712,2,9,0,16,0,0,0,0,0,0,3,1,6,1,43,7,-1,-1,-1,5,3
2014360081714,1,9,0,14,0,0,0,0,0,0,4,1,6,1,54,8,1560,2,1,5,3
2014360081714,2,9,0,2,0,0,0,0,0,0,0,1,6,1,60,9,2497,2,14,10,1
2014360081722,1,9,0,18,0,0,0,0,0,0,3,1,6,2,46,8,1997,2,4,6,3
2014360081722,2,9,0,3,0,0,0,0,0,0,0,1,6,2,30,6,1390,1,14,4,3
2014360081725,1,19,0,18,0,1,0,10,7,1,1,1,6,1,30,6,2476,2,13,5,1
2014360081725,2,9,0,18,0,3,0,0,0,0,1,1,6,2,55,8,1798,1,3,7,1
2014360081725,3,9,0,18,0,3,0,0,0,0,1,1,6,1,40,7,1796,1,8,5,1
2014360081729,1,11,0,4,0,0,0,0,0,0,2,1,1,3,-1,-1,-1,-1,-1,-1,-1
2014360081729,2,1,0,18,0,0,1,0,0,0,1,1,1,1,30,6,-1,-1,-1,4,1
2014360081736,1,8,0,7,0,6,0,0,0,0,0,1,1,1,-1,-1,-1,-1,-1,-1,-1
2014360081736,2,1,0,4,0,1,0,0,0,0,4,1,6,2,40,7,-1,-1,-1,2,1
2014360081739,1,9,0,18,0,8,0,0,0,0,0,1,6,3,-1,-1,-1,-1,-1,-1,-1
2014360081739,2,11,0,5,0,6,0,0,0,0,0,1,1,1,33,6,4250,2,12,4,1
2014360081741,1,9,0,18,0,8,0,0,0,0,1,1,1,1,21,5,1149,1,12,8,2
2014360081741,2,9,0,9,0,8,0,0,0,0,4,1,2,1,47,8,1398,2,-1,9,1
2014360081743,1,9,0,12,0,0,0,0,0,0,2,1,6,1,67,10,2494,1,10,10,1
2014360081743,2,9,0,18,0,0,0,0,0,0,2,1,1,1,41,7,1968,2,-1,2,1
2014360081743,3,9,0,18,0,0,0,0,0,0,1,1,6,2,68,10,1598,1,4,5,3
2014360081743,4,9,0,18,0,0,0,0,0,0,1,1,6,1,19,4,973,1,13,1,1
2014360081744,1,9,0,18,0,1,1,0,0,0,1,1,2,2,18,4,1598,2,3,6,3
2014360081744,2,9,0,3,0,1,0,0,0,0,2,1,6,1,30,6,-1,-1,-1,7,2
2014360081744,3,9,0,10,0,8,0,0,0,0,0,1,6,1,47,8,1753,2,5,5,3
2014360081749,1,5,0,17,0,8,0,0,1,10,4,1,2,1,52,8,649,1,-1,9,2
2014360081749,2,9,0,17,0,8,0,0,0,0,1,1,1,1,28,6,-1,-1,-1,7,1
2014360081760,1,9,0,18,0,8,0,0,0,0,4,1,6,3,-1,-1,-1,-1,-1,-1,-1
2014360081760,2,1,0,18,0,8,0,0,0,0,3,1,6,1,49,8,-1,-1,-1,3,1
2014360081767,1,5,0,16,0,0,1,0,0,0,1,1,6,1,23,5,599,1,14,8,1
2014360081767,2,9,0,17,0,0,1,0,0,0,3,1,6,2,44,7,1781,1,14,5,1
2014360081767,3,9,0,17,0,0,1,0,0,0,1,1,6,1,17,4,1248,2,2,8,3
2014360081775,1,9,0,18,0,0,5,0,2,10,4,1,6,1,36,7,1597,1,22,5,3
2014360081778,1,3,0,10,0,1,0,0,0,0,3,1,6,1,18,4,124,1,9,6,3
2014360081781,1,9,0,16,0,0,0,0,0,0,1,1,6,1,26,6,1896,2,10,6,3
2014360081781,2,9,0,4,0,0,0,0,0,0,2,1,2,1,57,9,1997,2,9,7,2
2014360081785,1,5,0,18,0,1,1,0,0,0,1,1,6,1,29,6,1340,1,5,7,2
2014360081785,2,9,0,9,0,5,0,0,0,0,2,1,6,2,52,8,1339,1,3,9,3
2014360081787,1,3,0,4,0,1,0,0,0,0,1,1,1,1,23,5,125,1,1,7,2
2014360081787,2,9,0,4,0,1,0,0,0,0,2,1,1,1,25,5,1968,2,3,6,1
2014360081793,1,9,0,18,0,0,0,0,0,0,1,1,6,1,85,11,1388,1,10,2,1
2014360081796,1,19,0,16,0,0,0,0,7,4,1,1,1,1,40,7,2143,2,1,9,1
2014360081798,1,9,0,9,0,6,0,0,0,0,4,1,6,2,26,6,1796,1,15,6,3
2014360081798,2,2,0,18,0,8,0,0,0,0,1,1,6,1,16,4,49,1,-1,5,3
2014360081805,1,9,0,18,0,4,0,0,0,0,1,1,6,2,19,4,1124,1,9,9,1
2014360081805,2,3,0,18,0,8,0,0,0,0,4,1,6,1,17,4,124,1,-1,6,2
2014360081806,1,9,0,9,0,5,0,0,0,0,4,1,6,2,21,5,1388,1,10,5,1
2014360081806,2,19,0,18,0,8,0,0,0,0,1,1,1,1,44,7,1968,2,2,6,2
2014360081810,1,9,0,18,0,1,0,0,0,0,1,1,6,2,86,11,-1,-1,-1,8,2
2014360081810,2,9,0,10,0,8,0,0,0,0,2,1,6,2,55,8,1389,1,16,6,2
2014360081812,1,9,0,6,0,1,0,0,0,0,3,1,2,1,55,8,993,1,14,7,3
2014360081812,2,9,0,18,0,1,0,0,0,0,1,1,2,2,45,7,1198,1,2,3,1
2014360081831,1,9,0,18,0,2,0,10,7,10,1,1,6,1,37,7,1769,1,11,2,1
2014360081852,1,9,0,17,0,0,1,0,0,0,3,1,6,1,67,10,1998,2,9,7,3
2014360081852,2,9,0,16,0,0,0,0,0,0,1,1,6,2,53,8,1124,1,13,5,3
2014360081861,1,9,0,16,0,0,2,10,1,10,1,1,1,1,30,6,1360,1,12,3,3
2014360081867,1,9,0,12,0,8,0,0,0,0,4,1,6,1,35,6,1422,2,11,6,1
2014360081867,2,5,0,18,0,8,1,0,0,0,3,1,6,1,33,6,599,1,14,4,1
2014360081873,1,9,0,4,0,1,0,0,0,0,1,1,6,3,-1,-1,-1,-1,-1,-1,-1
2014360081873,2,19,0,4,0,1,0,0,0,0,2,1,6,1,-1,-1,2151,2,14,-1,-1
2014360081873,3,9,0,4,0,1,0,0,0,0,2,1,6,1,25,5,1753,2,8,8,3
2014360081874,1,9,0,9,0,6,0,0,0,0,3,1,1,1,45,7,1984,1,16,-1,1
2014360081874,2,9,0,18,0,8,0,0,0,0,1,1,6,2,24,5,1598,2,-1,6,3
2014360081876,1,9,0,18,0,0,0,0,0,0,1,1,1,1,57,9,-1,-1,-1,5,3
2014360081876,2,98,0,18,0,0,0,0,0,0,3,1,1,1,24,5,4461,2,2,10,2
2014360081877,1,9,0,1,0,1,0,0,0,0,2,1,6,1,38,7,2393,1,15,4,3
2014360081913,1,9,0,5,0,8,0,0,1,9,3,1,6,1,85,11,796,1,13,6,1
2014360081913,2,9,0,18,0,8,0,0,0,0,1,1,2,2,24,5,1560,2,5,3,1
2014360081914,1,9,0,14,0,0,0,0,0,0,4,1,6,2,38,7,1910,2,9,4,3
2014360081918,1,9,0,14,0,2,0,0,0,0,3,1,2,2,46,8,998,1,13,9,2
2014360081920,1,9,0,7,0,3,0,0,7,1,1,1,6,2,43,7,1296,1,8,7,1
2014360081921,1,9,0,4,0,1,0,0,0,0,0,1,6,1,17,4,1785,2,12,5,3
2014360081921,2,2,0,4,0,1,0,0,0,0,0,1,6,1,16,4,-1,-1,-1,5,3
2014360081923,1,9,0,18,0,8,0,0,0,0,1,1,6,2,47,8,1798,1,-1,8,3
2014360081923,2,19,0,9,0,5,0,0,0,0,4,1,1,1,55,8,2143,2,1,9,1
2014360081936,1,5,0,18,0,8,0,0,0,0,1,1,6,1,26,6,649,1,-1,-1,3
2014360081936,2,9,0,9,0,6,0,0,0,0,3,1,6,2,52,8,1587,1,8,10,1
2014360081941,1,2,0,18,0,0,0,0,4,0,1,1,6,1,37,7,49,1,9,5,1
2014360081955,1,1,0,18,9,0,0,0,0,0,4,1,6,1,16,4,-1,-1,-1,-1,-1
2014360081962,1,9,0,16,0,8,0,0,7,10,1,1,6,1,51,8,1396,1,15,6,2
2014360081992,1,19,0,7,0,5,0,0,0,0,4,1,6,1,-1,-1,2402,2,8,-1,-1
2014360082021,1,9,0,16,0,0,2,10,1,1,1,1,6,1,21,5,998,1,7,9,2
2014360082023,1,9,0,14,0,0,0,0,0,0,1,1,1,2,56,9,1299,1,12,5,3
2014360082024,1,9,0,18,0,0,0,0,0,0,4,1,6,1,73,10,2902,2,6,3,3
2014360082026,1,9,0,1,0,6,0,0,0,0,2,1,6,2,71,10,1560,2,4,7,3
2014360082026,2,9,0,2,0,8,0,0,0,0,3,1,6,1,51,8,1968,2,1,7,3
2014360082058,1,9,0,13,0,0,0,0,0,0,4,1,6,3,-1,-1,-1,-1,-1,-1,-1
2014360082058,2,1,0,18,0,0,0,0,0,0,3,1,6,2,45,7,-1,-1,-1,1,1
2014360082066,1,9,0,18,0,0,0,0,0,0,3,1,6,1,68,10,2497,2,7,4,1
2014360082066,2,9,0,18,0,0,0,0,0,0,3,1,6,1,72,10,1686,2,3,8,1
2014360082066,3,9,0,18,0,0,0,0,0,0,1,1,1,1,46,8,1796,1,5,9,2
2014360082067,1,3,0,16,0,2,0,4,0,0,1,1,2,1,18,4,125,1,7,4,3
2014360082067,2,9,0,4,0,1,0,0,0,0,1,1,2,1,42,7,-1,-1,-1,5,3
2014360082067,3,9,0,2,0,1,0,0,0,0,0,1,6,2,31,6,1796,1,12,5,3
2014360082067,4,9,0,2,0,1,0,0,0,0,4,1,2,2,31,6,1086,1,4,7,3
2014360082087,1,9,0,5,0,8,0,0,0,0,4,1,2,1,20,4,1368,1,6,9,2
2014360082087,2,1,0,9,0,6,0,0,0,0,3,1,2,1,44,7,-1,-1,-1,8,1
2014360082088,1,9,0,4,0,0,0,0,0,0,2,1,6,2,50,8,1598,1,10,-1,2
2014360082088,2,5,0,4,0,0,1,0,0,0,1,1,6,1,45,7,1157,1,15,-1,2
2014360082094,1,90,0,18,0,6,0,0,0,0,1,1,6,1,8,2,-1,-1,-1,7,3
2014360082094,2,9,0,18,0,8,0,0,0,0,1,1,6,1,50,8,-1,-1,-1,7,3
2014360082096,1,9,0,9,0,6,0,0,0,0,1,1,6,2,60,9,1796,1,2,10,1
2014360082096,2,1,0,18,5,8,0,0,0,0,3,1,2,1,29,6,-1,-1,-1,3,1
2014360082099,1,9,0,4,0,1,1,0,0,0,1,1,6,2,29,6,1198,1,1,6,1
2014360082100,1,9,0,9,0,6,0,0,1,0,3,1,6,2,53,8,1753,2,8,7,3
2014360082100,2,20,0,18,0,8,0,0,0,0,1,1,1,1,51,8,7790,2,1,8,3
2014360082101,1,19,0,18,0,1,0,0,0,0,1,1,1,1,50,8,2402,2,3,-1,1
2014360082101,2,9,0,3,0,1,0,0,0,0,2,1,2,1,57,9,1783,1,10,3,1
2014360082103,1,9,0,17,0,0,1,0,1,0,1,1,6,1,18,4,1199,1,10,9,1
2014360082103,2,9,0,18,0,0,0,0,0,0,1,1,6,2,46,8,2000,2,8,6,3
2014360082105,1,11,0,9,2,8,0,0,0,0,2,1,1,1,50,8,12816,5,2,3,1
2014360082130,1,21,1,13,0,8,0,0,0,0,3,1,1,1,35,6,12777,2,6,7,3
2014360082130,2,20,0,7,0,6,0,0,0,0,1,1,1,1,38,7,-1,-1,-1,7,2
2014360082134,1,9,0,13,0,0,0,0,0,0,2,1,6,1,35,6,1997,2,4,3,1
2014360082134,2,5,0,13,0,0,1,0,0,0,1,1,1,1,39,7,599,1,12,7,3
2014360082144,1,9,0,5,0,6,0,0,0,0,4,1,6,2,18,4,1299,1,10,3,1
2014360082144,2,1,0,18,0,8,1,0,0,0,1,1,6,1,33,6,-1,-1,-1,-1,1
2014360082149,1,3,0,4,0,0,1,0,0,0,1,1,2,1,19,4,124,1,5,1,1
2014360082149,2,9,0,4,0,0,0,0,0,0,2,1,6,2,43,7,2179,2,2,10,1
2014360082151,1,9,0,9,0,6,0,0,0,0,1,1,6,2,-1,-1,-1,-1,-1,-1,-1
2014360082153,1,9,0,13,0,0,0,0,0,0,0,1,6,1,42,7,1998,1,7,1,1
2014360082153,2,5,0,13,0,0,0,0,7,0,3,1,6,1,47,8,999,1,2,4,1
2014360082169,1,9,0,3,0,1,0,0,0,0,2,1,6,2,24,5,1598,2,5,9,1
2014360082169,2,9,0,4,0,1,0,0,0,0,1,1,6,2,34,6,1332,1,14,8,1
2014360082182,1,2,0,17,0,0,1,0,0,0,1,1,1,1,28,6,49,1,17,8,3
2014360082182,2,9,0,16,0,0,0,0,0,0,1,1,6,2,71,10,998,1,-1,9,2
2014360082183,1,9,0,9,0,6,0,0,0,0,1,1,6,1,51,8,1242,1,11,10,2
2014360082183,2,9,0,4,0,8,0,0,0,0,3,1,3,2,38,7,1998,2,13,5,1
2014360082185,1,19,0,1,0,5,0,0,0,0,2,1,1,1,59,9,2198,2,4,4,2
2014360082185,2,3,0,4,0,8,0,0,0,0,1,1,2,2,19,4,124,1,3,5,3
2014360082188,1,4,0,14,0,0,0,0,0,0,1,1,6,1,22,5,-1,-1,-1,3,1
2014360082188,2,1,0,18,0,0,0,0,0,0,3,1,2,1,18,4,-1,-1,-1,2,1
2014360082198,1,9,0,18,0,0,0,0,0,0,1,1,1,1,28,6,-1,-1,-1,8,3
2014360082198,2,9,0,4,0,0,0,0,0,0,2,1,6,1,52,8,1399,2,3,9,2
2014360082198,3,3,0,18,0,0,0,0,7,9,1,1,6,1,54,8,125,1,4,7,3
2014360082215,1,9,0,17,0,0,1,0,7,4,1,1,6,1,21,5,1598,1,15,9,2
2014360082216,1,9,0,18,0,0,5,0,1,3,1,1,6,1,26,6,1968,2,9,4,3
2014360082217,1,3,0,18,9,0,0,4,0,0,1,1,6,1,27,6,125,1,5,10,1
2014360082217,2,9,0,2,9,0,0,0,0,0,2,1,6,2,35,6,1998,2,10,2,1
2014360082234,1,1,0,18,0,0,0,0,0,0,1,1,6,1,8,2,-1,-1,-1,-1,-1
2014360082234,2,9,0,18,0,0,0,0,0,0,3,1,6,1,46,8,1999,1,13,6,1
2014360082235,1,9,0,1,0,6,0,0,0,0,2,1,1,1,28,6,2685,2,10,9,1
2014360082235,2,1,0,18,9,8,0,0,0,0,3,1,6,2,4,1,-1,-1,-1,8,1
2014360082237,1,9,0,18,0,0,0,0,0,0,1,1,1,1,27,6,-1,-1,-1,7,2
2014360082237,2,97,0,18,0,0,1,0,0,0,1,1,6,1,64,9,-1,-1,-1,6,3
2014360082241,1,9,0,9,0,8,1,0,3,11,1,1,6,1,24,5,1390,1,11,9,2
2014360082254,1,9,0,18,0,0,1,0,5,6,1,1,6,1,27,6,1781,1,11,7,1
2014360082266,1,9,0,7,0,3,0,0,0,0,1,1,6,1,28,6,1242,1,15,4,1
2014360082266,2,21,0,7,0,3,0,0,0,0,4,1,1,1,41,7,-1,-1,-1,7,1
2014360082272,1,11,0,18,0,1,0,0,0,0,4,1,1,1,63,9,3900,2,12,-1,-1
2014360082273,1,9,0,18,0,0,0,0,0,0,4,1,2,1,32,6,1956,2,5,6,1
2014360082274,1,9,0,4,0,0,0,0,0,0,4,1,6,1,66,10,3199,1,15,1,1
2014360082275,1,9,0,15,0,1,0,0,0,0,1,1,6,3,-1,-1,2987,2,5,-1,-1
2014360082275,2,9,0,11,0,1,0,0,0,0,2,1,6,2,57,9,1686,2,3,7,2
2014360082279,1,9,0,18,0,6,0,0,0,0,3,1,6,2,78,11,2922,1,15,10,1
2014360082279,2,1,0,18,0,8,0,0,0,0,1,1,6,1,38,7,-1,-1,-1,8,1
2014360082299,1,9,0,18,0,0,0,0,0,0,4,1,6,3,-1,-1,-1,-1,-1,-1,-1
2014360082311,1,9,0,7,0,6,0,0,0,0,4,1,6,1,30,6,1956,2,2,6,3
2014360082311,2,1,0,18,9,8,0,0,0,0,1,1,6,2,7,2,-1,-1,-1,5,3
2014360082314,1,9,0,18,0,0,0,0,0,0,1,1,6,1,21,5,1390,1,10,4,3
2014360082314,2,9,0,18,0,0,0,0,1,10,1,1,6,1,65,9,1339,1,4,-1,-1
2014360082316,1,5,0,4,0,1,1,0,0,0,0,1,6,1,49,8,998,1,7,6,1
2014360082316,2,9,0,3,0,1,0,0,0,0,0,1,6,2,44,7,1997,2,12,1,1
2014360082316,3,9,0,4,0,8,0,0,0,0,0,1,1,1,38,7,1560,2,2,6,1
2014360082319,1,9,0,18,0,3,0,0,0,0,1,1,6,1,48,8,2171,2,11,4,1
2014360082319,2,21,0,18,0,1,0,0,0,0,3,1,1,1,63,9,9290,2,2,8,3
2014360082319,3,9,0,18,0,1,0,0,0,0,1,1,6,1,44,7,1596,1,9,6,3
2014360082334,1,9,0,18,0,2,0,0,0,0,4,1,6,1,74,10,1339,1,12,5,3
2014360082339,1,9,0,18,0,8,0,0,3,10,1,1,1,1,60,9,1686,2,10,3,1
2014360082339,2,9,0,10,0,1,0,0,3,11,4,1,6,1,37,7,1686,2,4,8,1
2014360082344,1,9,0,18,0,1,0,0,0,0,1,1,2,2,28,6,-1,-1,-1,-1,1
2014360082344,2,9,0,3,0,1,0,0,0,0,2,1,2,1,30,6,1762,1,16,-1,3
2014360082346,1,19,0,7,0,5,0,0,0,0,4,1,6,1,42,7,-1,-1,-1,5,3
2014360082346,2,1,0,18,0,8,1,10,0,0,1,1,6,1,43,7,-1,-1,-1,-1,-1
2014360082348,1,9,0,4,0,0,0,0,1,11,1,1,6,1,82,11,1086,1,6,4,3
2014360082350,1,19,0,18,0,1,0,0,0,0,1,1,1,1,77,11,2496,2,16,-1,1
2014360082350,2,9,0,3,0,1,0,0,0,0,2,1,2,2,43,7,1994,2,12,9,3
2014360082350,3,9,0,10,0,8,0,0,0,0,2,1,2,1,26,6,1598,1,10,9,3
2014360082351,1,9,0,4,0,0,1,0,0,0,1,1,6,2,34,6,973,1,13,5,1
2014360082351,2,9,0,4,0,0,0,0,0,0,2,1,6,2,34,6,1995,1,9,10,2
2014360082352,1,9,0,18,0,8,0,0,0,0,3,1,1,1,32,6,1560,2,2,5,3
2014360082352,2,9,0,9,0,6,1,0,0,0,1,1,6,1,34,6,2967,2,-1,2,1
2014360082353,1,9,0,7,0,6,0,0,0,0,1,1,1,1,58,9,2143,2,-1,7,3
2014360082353,2,1,0,18,0,8,0,0,0,0,1,1,1,1,26,6,-1,-1,-1,-1,1