Accident_Index,Vehicle_Reference,Vehicle_Type,Towing_and_Articulation,Vehicle_Manoeuvre,Vehicle_Location-Restricted_Lane,Junction_Location,Skidding_and_Overturning,Hit_Object_in_Carriageway,Vehicle_Leaving_Carriageway,Hit_Object_off_Carriageway,1st_Point_of_Impact,Was_Vehicle_Left_Hand_Drive?,Journey_Purpose_of_Driver,Sex_of_Driver,Age_of_Driver,Age_Band_of_Driver,Engine_Capacity_(CC),Propulsion_Code,Age_of_Vehicle,Driver_IMD_Decile,Driver_Home_Area_Type
2014360082355,1,3,0,18,0,0,0,0,0,0,0,1,6,2,62,9,125,1,54,-1,-1
2014360082356,1,9,0,15,0,8,0,0,0,0,1,1,6,1,45,7,1396,1,14,7,3
2014360082356,2,9,0,10,0,8,0,0,0,0,2,1,1,1,62,9,-1,-1,-1,4,3
2014360082357,1,19,0,12,0,1,0,0,0,0,3,1,1,1,55,8,2198,2,3,9,1
2014360082357,2,11,0,4,0,1,0,0,0,0,4,1,1,1,65,9,12816,5,2,3,1
2014360082359,1,9,0,5,0,6,1,0,7,0,4,1,6,1,51,8,1399,1,6,5,1
2014360082359,2,9,0,18,0,8,1,0,0,9,1,1,6,1,62,9,1997,2,12,6,3
2014360082362,1,9,0,5,0,4,0,0,0,0,1,1,6,2,27,6,1796,1,13,2,1
2014360082362,2,1,0,18,0,8,0,0,0,0,4,1,6,1,54,8,-1,-1,-1,3,1
2014360082371,1,9,0,16,0,0,1,0,1,4,1,1,2,1,23,5,1598,2,2,5,3
2014360082371,2,9,0,17,0,0,0,0,1,0,1,1,6,1,27,6,1995,2,11,4,2
2014360082373,1,9,0,5,0,0,0,0,0,0,1,1,6,1,54,8,1597,1,23,5,3
2014360082373,2,1,0,18,0,0,0,0,0,0,1,1,6,1,7,2,-1,-1,-1,5,3
2014360082377,1,9,0,18,0,0,0,0,0,0,1,1,2,1,40,7,2793,1,15,1,1
2014360082377,2,1,0,18,0,0,0,0,0,0,1,1,6,1,17,4,-1,-1,-1,1,1
2014360082382,1,9,0,9,0,6,0,0,7,0,3,1,6,2,33,6,999,1,16,4,1
2014360082382,2,9,0,18,0,8,0,0,0,0,1,1,6,1,34,6,1242,1,2,1,1
2014360082394,1,19,0,4,0,1,0,0,0,0,1,1,1,1,37,7,2198,2,-1,6,3
2014360082394,2,1,0,7,0,5,0,0,0,0,1,1,6,1,6,2,-1,-1,-1,3,3
2014360082397,1,9,0,7,0,5,0,0,0,0,3,1,6,3,-1,-1,1796,1,15,-1,-1
2014360082406,1,9,0,7,0,6,0,0,0,0,1,1,2,1,50,8,1796,1,17,6,1
2014360082424,1,11,0,18,0,2,0,0,0,0,1,1,1,1,55,8,9000,2,3,8,1
2014360082424,2,9,0,3,0,2,0,0,0,0,2,1,6,1,44,7,-1,-1,-1,7,1
2014360082424,3,9,0,3,0,2,0,0,0,0,2,1,6,2,52,8,1368,1,3,2,1
2014360082424,4,9,0,3,0,2,0,0,0,0,2,1,6,1,25,5,1364,1,-1,-1,2
2014360082424,5,9,0,3,0,2,0,0,0,0,2,1,6,2,47,8,2184,2,10,8,1
2014360082426,1,9,0,4,0,0,0,0,0,0,2,1,6,1,43,7,1560,2,-1,10,1
2014360082426,2,9,0,4,0,0,0,0,0,0,1,1,6,1,54,8,1997,2,-1,10,1
2014360082426,3,9,0,4,0,0,0,0,0,0,2,1,6,1,35,6,2967,2,8,4,3
2014360082430,1,9,0,9,0,6,0,0,0,0,1,1,6,2,60,9,1461,2,1,-1,1
2014360082430,2,1,0,18,0,8,0,0,0,0,3,1,6,1,20,4,-1,-1,-1,2,1
2014360082431,1,9,0,9,0,6,0,0,7,0,3,1,6,1,86,11,1560,2,8,6,3
2014360082431,2,9,0,18,0,8,0,0,7,0,1,1,6,1,41,7,1796,1,10,3,1
2014360082433,1,9,0,9,0,5,0,0,0,0,3,1,6,1,57,9,1995,2,10,7,2
2014360082433,2,1,0,13,0,8,0,0,0,0,1,1,6,1,43,7,-1,-1,-1,7,1
2014360082465,1,9,0,14,0,0,0,0,0,0,4,1,1,1,50,8,1560,2,5,6,1
2014360082465,2,21,2,2,0,0,0,0,0,0,0,1,1,1,40,7,11021,2,10,-1,-1
2014360082468,1,1,0,18,0,0,0,0,0,0,1,1,6,2,15,3,-1,-1,-1,-1,-1
2014360082469,1,9,0,9,0,5,0,0,0,0,4,1,2,2,52,8,1229,1,3,4,1
2014360082469,2,1,0,18,0,8,0,0,0,0,1,1,6,2,62,9,-1,-1,-1,10,1
2014360082479,1,4,0,18,0,0,0,0,0,0,3,1,6,1,19,4,487,1,17,5,3
2014360082482,1,9,0,18,0,8,0,0,0,0,1,1,6,2,56,9,1298,1,16,7,3
2014360082482,2,9,0,3,0,8,0,0,0,0,2,1,6,1,52,8,1975,1,5,7,3
2014360082482,3,9,0,18,0,8,0,0,0,0,1,1,6,1,64,9,2987,2,-1,8,3
2014360082482,4,9,0,10,0,8,0,0,0,0,0,1,6,2,31,6,1598,2,4,5,2
2014360082484,1,9,0,18,0,0,0,0,0,0,1,1,6,2,42,7,-1,-1,-1,10,1
2014360082484,2,9,0,3,0,0,0,0,0,0,2,1,6,1,63,9,1998,1,9,6,2
2014360082484,3,9,0,3,0,0,0,0,0,0,2,1,6,1,66,10,1598,1,12,-1,-1
2014360082486,1,9,0,18,0,0,0,0,0,0,1,1,6,1,73,10,1995,2,3,4,1
2014360082486,2,9,0,18,0,0,0,0,0,0,1,1,6,2,54,8,2400,2,1,6,1
2014360082497,1,19,0,14,0,0,0,0,0,0,0,1,1,1,30,6,1753,2,8,7,1
2014360082497,2,19,0,4,0,0,0,0,0,0,2,1,1,1,30,6,2143,2,3,-1,3
2014360082497,3,3,0,18,0,0,0,0,0,0,1,1,2,1,20,4,108,1,1,-1,-1
2014360082498,1,9,0,18,0,4,0,0,0,0,1,1,6,2,60,9,1560,2,2,10,3
2014360082498,2,5,0,18,0,8,0,0,0,0,4,1,6,1,61,9,750,1,57,1,1
2014360082504,1,9,0,18,0,0,0,0,0,0,1,1,6,2,55,8,1598,1,14,9,1
2014360082504,2,9,0,4,0,0,0,0,0,0,2,1,2,1,28,6,1796,1,14,3,1
2014360082512,1,9,0,18,0,0,0,0,7,0,3,1,6,1,67,10,1997,1,-1,5,3
2014360082512,2,17,0,18,0,0,0,0,0,0,3,1,1,1,44,7,4000,2,15,7,1
2014360082513,1,9,0,18,0,0,0,0,0,0,1,1,6,2,55,8,1598,1,9,7,1
2014360082513,2,19,0,3,0,0,0,0,0,0,2,1,1,1,45,7,2151,2,15,7,3
2014360082513,3,19,0,3,0,0,0,0,0,0,2,1,1,1,49,8,2198,2,6,8,1
2014360082516,1,9,0,18,0,0,0,0,0,0,2,1,6,1,67,10,1598,2,4,8,3
2014360082516,2,4,0,18,0,0,1,0,7,0,1,1,6,1,46,8,748,1,8,6,3
2014360082537,1,3,0,17,0,0,1,0,0,0,1,1,6,1,60,9,124,1,1,10,1
2014360082537,2,9,0,2,0,0,0,0,0,0,2,1,6,1,-1,-1,1968,2,-1,10,1
2014360082537,3,9,0,2,0,0,0,0,0,0,3,1,6,1,-1,-1,1896,2,13,-1,-1
2014360082539,1,9,0,18,0,0,0,0,1,4,1,1,6,1,21,5,1299,1,11,2,1
2014360082540,1,9,0,7,0,6,0,0,0,0,1,1,6,2,32,6,1242,1,13,7,2
2014360082540,2,1,0,18,9,8,0,0,0,0,3,1,6,1,18,4,-1,-1,-1,7,2
2014360082549,1,9,0,13,0,0,0,0,0,0,1,1,6,1,60,9,1799,1,17,7,3
2014360082549,2,9,0,6,0,0,0,0,0,0,3,1,6,1,53,8,1598,1,6,7,1
2014360082550,1,9,0,18,0,0,0,0,0,0,1,1,6,1,43,7,1910,2,8,9,1
2014360082550,2,9,0,18,0,0,0,0,0,0,2,1,6,1,69,10,2663,2,17,5,2
2014360082559,1,9,0,4,0,0,0,0,4,6,1,1,3,1,33,6,2198,1,12,4,1
2014360082559,2,9,0,4,0,0,1,0,1,10,2,1,6,2,42,7,1299,1,11,5,1
2014360082560,1,9,0,18,0,1,0,0,0,0,1,1,6,1,23,5,1795,1,15,4,3
2014360082560,2,9,0,4,0,1,0,0,0,0,2,1,6,1,48,8,1399,2,4,5,2
2014360082560,3,9,0,10,0,8,0,0,0,0,2,1,6,2,48,8,1686,2,3,5,2
2014360082569,1,9,0,18,0,0,0,0,0,0,1,1,6,1,77,11,1598,2,28,10,1
2014360082569,2,9,0,18,0,0,0,0,0,0,1,1,6,1,66,10,1997,2,12,5,3
2014360082577,1,21,1,18,0,0,0,0,0,0,1,1,1,1,38,7,-1,2,3,-1,-1
2014360082577,2,9,0,4,0,0,0,0,0,0,2,1,6,2,57,9,1339,8,7,4,3
2014360082579,1,1,0,5,0,6,0,0,0,0,1,1,2,2,22,5,-1,-1,-1,1,1
2014360082579,2,9,0,18,0,8,0,0,0,0,4,1,6,1,28,6,2993,2,7,9,1
2014360082580,1,9,0,18,0,4,0,0,0,0,1,1,6,2,24,5,973,1,13,5,1
2014360082580,2,9,0,18,0,8,0,0,0,0,4,1,6,2,32,6,1339,1,6,2,1
2014360082588,1,9,0,4,0,1,0,0,0,0,1,1,6,1,79,11,1999,1,12,1,1
2014360082588,2,9,0,4,0,1,0,0,0,0,2,1,6,2,36,7,1390,1,1,10,1
2014360082589,1,9,0,18,0,2,0,0,0,0,1,1,6,1,66,10,2720,2,7,6,3
2014360082591,1,8,0,5,0,6,0,0,0,0,1,1,1,1,70,10,-1,-1,-1,8,3
2014360082591,2,9,0,18,0,8,0,0,0,0,4,1,6,1,42,7,-1,-1,-1,3,1
2014360082597,1,5,0,4,0,0,1,0,0,0,1,1,6,1,77,11,1299,1,10,3,3
2014360082609,1,19,0,13,0,0,0,0,0,0,4,1,6,1,67,10,1870,2,10,6,3
2014360082609,2,1,0,18,0,0,0,0,0,0,3,1,6,1,15,3,-1,-1,-1,10,1
2014360082631,1,9,0,9,0,5,0,0,0,0,1,1,6,1,20,4,1997,2,13,4,3
2014360082631,2,9,0,17,0,8,0,0,0,0,1,1,6,2,49,8,1997,2,4,8,2
2014360082648,1,9,0,12,0,0,0,0,0,0,3,1,6,1,45,7,-1,-1,-1,-1,-1
2014360082648,2,3,0,14,0,0,0,0,0,0,4,1,2,2,29,6,124,1,6,1,1
2014360082663,1,9,0,18,0,8,2,10,1,0,4,1,2,2,19,4,1461,2,12,5,3
2014360082665,1,9,0,17,0,8,5,10,0,0,3,1,1,2,20,4,1149,1,11,8,3
2014360082668,1,5,0,4,0,1,1,0,0,0,1,1,2,1,18,4,600,1,9,5,3
2014360082668,2,19,0,4,0,2,0,0,0,0,2,1,2,1,42,7,1998,2,12,4,1
2014360082668,3,9,0,18,0,2,0,0,0,0,1,1,2,1,62,9,1868,2,12,2,1
2014360082670,1,11,0,4,0,1,0,0,0,0,0,1,1,1,56,9,8268,2,12,7,1
2014360082673,1,9,0,18,0,6,0,0,3,9,1,1,6,3,-1,-1,1896,2,16,-1,-1
2014360082674,1,9,0,18,0,8,0,0,0,0,1,1,6,2,77,11,2435,1,12,6,1
2014360082674,2,9,0,10,0,8,0,0,0,0,2,1,6,2,82,11,1242,1,5,5,3
2014360082674,3,9,0,18,0,8,0,0,0,0,1,1,6,1,79,11,1587,1,9,5,1
2014360082677,1,4,0,13,0,0,0,0,0,0,4,1,2,1,17,4,125,1,7,1,1
2014360082677,2,9,0,9,0,0,0,0,0,0,3,1,6,1,65,9,1988,2,10,8,2
2014360082681,1,9,0,18,0,0,0,0,7,4,1,1,6,1,68,10,898,1,1,2,2
2014360082682,1,9,0,5,0,0,0,0,0,0,3,1,6,2,47,8,1560,2,-1,7,3
2014360082682,2,5,0,16,0,0,1,0,1,0,1,1,6,1,42,7,988,1,12,7,3
2014360082690,1,9,0,18,0,0,0,0,1,0,1,1,6,1,30,6,1995,1,9,3,1
2014360082690,2,9,0,18,0,0,0,0,0,0,1,1,2,2,36,7,1968,2,2,4,1
2014360082695,1,9,0,18,0,0,0,0,0,0,4,1,6,2,21,5,1388,1,9,8,3
2014360082697,1,9,0,9,0,6,0,0,0,0,3,1,6,1,44,7,1248,2,6,4,3
2014360082697,2,9,0,18,0,8,0,0,0,0,1,1,6,1,67,10,1389,1,19,4,3
2014360082699,1,21,1,18,0,0,0,0,0,0,1,1,1,1,56,9,12809,2,1,4,1
2014360082703,1,9,0,9,0,5,0,0,0,0,1,1,6,1,80,11,1086,1,8,6,3
2014360082703,2,98,0,18,0,8,0,0,0,0,1,1,1,1,28,6,1753,2,8,-1,-1
2014360082703,3,9,0,3,0,1,0,0,0,0,1,1,6,1,89,11,1997,1,15,7,3
2014360082703,4,9,0,3,0,1,0,0,0,0,1,1,6,2,23,5,1364,2,9,8,1
2014360082705,1,9,0,12,0,8,0,0,0,0,3,1,6,2,23,5,-1,-1,-1,10,2
2014360082705,2,9,0,18,0,3,1,10,1,0,4,1,6,1,45,7,1198,1,-1,8,3
2014360082707,1,9,0,18,0,1,0,0,0,0,1,1,6,1,28,6,1598,1,8,8,2
2014360082707,2,9,0,10,0,8,0,0,0,0,3,1,6,1,50,8,2993,2,1,7,3
2014360082707,3,9,0,18,0,2,0,0,0,0,1,1,6,2,82,11,1248,2,5,8,3
2014360082733,1,11,0,4,0,0,0,0,0,0,0,1,1,1,53,8,7300,2,9,3,1
2014360082735,1,9,0,13,0,1,0,0,0,0,1,1,6,1,47,8,3999,1,3,-1,-1
2014360082735,2,9,0,18,0,1,0,0,0,0,1,1,6,2,59,9,998,1,5,5,3
2014360082736,1,9,0,4,0,0,0,0,0,0,2,1,6,1,60,9,1596,1,5,7,2
2014360082736,2,9,0,16,0,0,1,0,0,0,1,1,6,1,45,7,2495,2,20,9,3
2014360082737,1,9,0,9,0,8,0,0,0,0,1,1,6,1,33,6,1595,1,1,10,1
2014360082737,2,1,0,7,0,8,0,0,0,0,1,1,6,1,51,8,-1,-1,-1,7,1
2014360082747,1,9,0,18,0,0,0,0,0,0,1,1,2,1,45,7,1951,2,10,4,1
2014360082747,2,9,0,18,0,0,0,0,1,0,3,1,6,2,55,8,1997,2,6,7,3
2014360082756,1,9,0,17,0,0,1,0,1,9,1,1,2,1,41,7,1390,1,15,1,1
2014360082759,1,90,0,13,0,8,0,0,0,0,1,1,1,1,54,8,2987,2,5,10,1
2014360082759,2,9,0,9,0,5,0,0,0,0,3,1,6,1,28,6,1149,1,17,8,1
2014360082760,1,9,0,16,0,0,0,0,1,1,1,1,6,1,18,4,1149,1,13,5,3
2014360082760,2,20,0,17,0,0,0,0,0,0,1,1,6,1,29,6,2496,2,16,5,3
2014360082761,1,9,0,4,0,0,0,0,0,0,2,1,6,1,47,8,1968,2,4,6,3
2014360082761,2,9,0,18,0,0,0,0,0,0,1,1,6,1,26,6,2198,2,1,7,1
2014360082761,3,9,0,14,0,0,0,0,0,0,0,1,6,3,-1,-1,-1,-1,-1,-1,-1
2014360082762,1,19,0,9,0,5,0,0,0,0,1,1,6,1,59,9,2402,2,3,7,1
2014360082762,2,1,0,18,0,8,0,0,1,0,3,1,2,1,42,7,-1,-1,-1,10,1
2014360082768,1,9,0,18,0,1,0,0,0,0,1,1,6,2,81,11,1796,1,16,2,1
2014360082768,2,9,0,10,0,8,0,0,0,0,2,1,6,2,27,6,1595,1,14,3,1
2014360082772,1,11,0,4,0,1,0,0,0,0,0,1,1,1,55,8,-1,-1,-1,6,1
2014360082775,1,9,0,18,0,0,0,0,1,11,1,1,1,2,63,9,1390,1,2,4,3
2014360082785,1,9,0,18,0,3,0,0,4,6,1,1,6,2,41,7,1560,2,-1,5,1
2014360082787,1,9,0,9,0,5,0,0,0,0,1,1,6,2,91,11,998,1,13,6,2
2014360082787,2,9,0,18,0,8,0,0,0,0,1,1,6,1,59,9,2400,2,-1,10,1
2014360082795,1,9,0,16,0,0,1,0,0,0,1,1,2,1,27,6,1896,2,9,7,3
2014360082795,2,19,0,4,0,0,0,0,0,0,2,1,2,1,62,9,1870,2,12,7,2
2014360082795,3,9,0,16,0,0,0,0,0,0,2,1,2,1,64,9,-1,-1,-1,5,2
2014360082810,1,9,0,18,0,0,0,0,0,0,3,1,6,1,34,6,1461,2,1,-1,-1
2014360082810,2,21,4,18,0,0,1,0,0,0,3,1,1,1,61,9,11946,2,4,-1,-1
2014360082812,1,9,0,13,0,8,0,0,0,0,4,1,6,1,26,6,1994,2,11,4,3
2014360082812,2,1,0,9,0,5,0,0,0,0,3,1,6,2,57,9,-1,-1,-1,5,1
2014360082817,1,5,0,13,0,8,1,0,0,0,1,1,6,1,67,10,1170,1,2,6,2
2014360082817,2,9,0,9,0,5,0,0,0,0,3,1,6,1,65,9,1498,1,15,5,3
2014360082818,1,21,0,9,0,6,0,0,0,0,1,1,1,1,50,8,9200,2,7,7,1
2014360082818,2,9,0,18,0,8,0,0,0,0,3,1,6,2,26,6,1560,2,8,-1,-1
2014360082837,1,19,0,5,0,0,0,0,0,0,3,1,6,1,49,8,2400,2,11,-1,-1
2014360082862,1,9,0,18,0,0,0,0,7,4,3,1,6,1,20,4,1124,1,14,4,3
2014360082863,1,9,0,16,0,0,0,0,7,10,1,1,6,1,57,9,1598,1,13,8,3
2014360082869,1,9,0,4,0,0,0,0,0,0,1,1,6,2,57,9,1582,2,3,9,1
2014360082869,2,19,0,3,0,0,0,0,0,0,2,1,1,2,27,6,1753,2,5,5,3
2014360082869,3,9,0,3,0,0,0,0,0,0,2,1,6,2,50,8,1240,1,10,9,1
2014360082869,4,9,0,3,0,0,0,0,0,0,2,1,6,2,27,6,1798,1,13,8,3
2014360082877,1,9,0,9,0,5,0,0,0,0,4,1,6,2,26,6,1870,2,9,6,3
2014360082877,2,9,0,18,0,8,0,0,0,0,1,1,6,1,72,10,1797,8,4,6,1
2014360082877,3,9,0,10,0,1,0,0,0,0,1,1,6,1,74,10,1998,1,10,9,2
2014360082878,1,9,0,7,0,3,0,0,0,0,1,1,6,1,42,7,1388,1,9,7,1
2014360082879,1,4,0,13,0,0,0,0,0,0,3,1,6,1,62,9,249,1,16,6,3
2014360082879,2,9,0,13,0,0,0,0,0,0,4,1,6,1,61,9,1850,1,15,6,3
2014360082880,1,2,0,4,0,1,1,0,0,0,4,1,1,1,19,4,49,1,2,7,1
2014360082880,2,9,0,9,0,6,0,0,0,0,0,1,6,3,-1,-1,-1,-1,-1,-1,-1
2014360082901,1,9,0,12,0,0,0,0,0,0,1,1,2,1,25,5,2926,2,8,9,1
2014360082930,1,3,0,13,0,8,0,0,0,0,1,1,6,1,18,4,125,1,3,6,2
2014360082930,2,5,0,9,0,5,0,0,0,0,1,1,6,1,40,7,1470,1,16,3,1
2014360082935,1,9,0,4,0,0,0,0,0,0,2,1,6,3,-1,-1,1998,1,12,-1,-1
2014360082935,2,1,0,18,0,0,0,0,0,0,1,1,6,1,25,5,-1,-1,-1,4,2
2014360082937,1,9,0,13,0,8,1,0,0,0,1,1,2,1,35,6,-1,-1,-1,6,2
2014360082937,2,1,0,9,0,5,0,0,0,0,3,1,6,1,70,10,-1,-1,-1,4,2
2014360082942,1,9,0,12,0,0,1,0,5,6,2,1,6,1,66,10,2184,2,9,10,2
2014360082942,2,9,0,18,0,0,1,0,5,6,1,1,2,1,23,5,1781,1,11,5,3
2014360082945,1,9,0,18,0,0,0,0,4,2,1,1,6,1,90,11,1749,1,13,7,1
2014360082952,1,9,0,9,0,6,0,0,0,0,1,1,6,2,35,6,-1,-1,-1,1,1
2014360082952,2,9,0,18,0,8,0,0,0,0,1,1,6,1,36,7,1799,1,7,6,1
2014360082956,1,9,0,13,0,0,0,0,0,0,0,1,6,2,67,10,1870,2,11,5,3
2014360082956,2,9,0,13,0,0,0,0,7,0,1,1,6,1,27,6,2979,1,11,3,2
2014360082963,1,9,0,16,0,0,0,0,1,4,1,1,6,1,72,10,1560,2,5,9,1
2014360082964,1,9,0,9,0,6,0,0,0,0,3,1,6,1,78,11,1197,1,2,8,1
2014360082964,2,1,0,18,0,8,0,0,0,0,1,1,6,1,70,10,-1,-1,-1,7,3
2014360082969,1,9,0,16,0,0,5,0,1,4,4,1,6,1,17,4,2500,2,20,4,3
2014360082982,1,9,0,9,0,6,0,0,0,0,1,1,6,2,18,4,1596,1,9,8,3
2014360082982,2,9,0,18,0,8,0,0,0,0,1,1,6,2,20,4,1390,1,8,6,3
2014360083022,1,9,0,13,0,8,0,0,0,0,4,1,6,3,-1,-1,-1,-1,-1,-1,-1
2014360083022,2,1,0,18,0,8,0,0,0,0,3,1,2,1,33,6,-1,-1,-1,3,1
2014360083030,1,9,0,18,0,0,5,0,1,3,1,1,2,1,23,5,1149,1,13,4,3
2014360083038,1,9,0,16,0,0,0,0,7,11,1,1,6,2,82,11,1598,1,5,5,3
2014360083041,1,9,0,14,0,2,0,0,0,0,4,1,6,3,-1,-1,-1,-1,-1,-1,-1
2014360083041,2,20,5,2,0,2,0,0,0,0,0,1,1,1,48,8,-1,-1,-1,6,1
2014360083048,1,9,0,13,0,0,0,0,0,0,1,1,6,2,26,6,1895,1,13,2,1
2014360083048,2,9,0,18,0,0,0,0,0,0,1,1,6,2,23,5,1399,2,8,5,1
2014360083048,3,9,0,18,0,0,0,0,0,0,3,1,6,1,54,8,1900,2,8,9,1
2014360083048,4,21,1,18,0,0,0,0,0,0,0,1,1,1,46,8,12740,2,4,8,1
2014360083060,1,8,0,7,0,5,0,0,0,0,4,1,1,1,-1,-1,-1,-1,-1,-1,-1
2014360083060,2,1,0,18,4,8,0,0,0,0,1,1,6,1,58,9,-1,-1,-1,3,1
2014360083064,1,9,0,18,0,0,0,0,0,0,1,1,6,1,26,6,1596,1,5,3,3
2014360083064,2,9,0,2,0,0,0,0,0,0,2,1,6,1,23,5,1800,2,11,5,3
2014360083072,1,9,0,18,0,0,0,0,0,0,1,1,6,2,19,4,1299,1,11,6,3
2014360083072,2,9,0,18,0,0,0,0,0,0,3,1,6,1,59,9,1968,2,-1,5,1
2014360083074,1,9,0,9,0,6,0,0,0,0,0,1,6,3,-1,-1,-1,-1,-1,-1,-1
2014360083074,2,2,0,4,0,1,1,0,0,0,0,1,6,1,17,4,49,1,6,1,1
2014360083076,1,9,0,18,0,8,0,0,0,0,4,1,6,1,84,11,1242,1,-1,1,1
2014360083080,1,9,0,18,0,0,1,0,1,4,4,1,6,2,21,5,1360,1,16,5,3
2014360083083,1,19,0,18,0,0,1,4,0,0,1,1,6,1,47,8,2402,2,9,3,1
2014360083083,2,9,0,2,0,0,0,0,0,0,3,1,6,1,34,6,-1,-1,-1,5,1
2014360083083,3,9,0,2,0,0,0,0,0,0,3,1,6,1,32,6,1390,1,12,5,1
2014360083083,4,9,0,2,0,0,0,0,0,0,2,1,6,1,48,8,1986,2,9,5,1
2014360083083,5,9,0,2,0,0,0,0,0,0,2,1,1,1,54,8,1598,7,12,1,1
2014360083088,1,9,0,17,0,0,5,0,1,4,1,1,6,2,28,6,1598,1,13,10,2
2014360083095,1,9,0,9,0,5,0,0,0,0,1,1,1,2,42,7,2184,2,13,4,3
2014360083095,2,9,0,18,0,8,0,0,7,0,1,1,1,1,25,5,1149,1,12,4,3
2014360083099,1,9,0,18,0,0,0,0,0,0,1,1,6,2,19,4,1124,1,12,3,1
2014360083099,2,9,0,4,0,0,0,0,0,0,2,1,6,2,27,6,1896,2,10,2,1
2014360083101,1,9,0,4,0,1,0,0,0,0,1,1,2,1,25,5,1124,1,12,4,1
2014360083101,2,9,0,8,0,1,0,0,0,0,2,1,6,2,58,9,1299,1,13,2,1
2014360083124,1,11,0,18,0,0,0,0,0,0,0,1,1,3,-1,-1,-1,-1,-1,-1,-1
2014360083124,2,1,0,18,0,0,0,10,0,0,4,1,2,1,16,4,-1,-1,-1,1,1
2014360083136,1,9,0,9,0,5,0,0,0,0,4,1,6,2,42,7,-1,-1,-1,9,1
2014360083136,2,9,0,17,0,8,0,0,0,0,1,1,6,1,46,8,1595,2,4,6,3
2014360083137,1,9,0,9,0,5,0,0,0,0,1,1,1,1,24,5,-1,-1,-1,-1,-1
2014360083137,2,5,0,18,0,8,0,0,0,0,1,1,1,1,34,6,659,1,3,-1,-1
2014360083139,1,9,0,9,0,6,0,0,0,0,1,1,2,2,20,4,1242,1,15,7,3
2014360083139,2,19,0,18,0,8,0,0,0,0,4,1,6,1,20,4,1753,2,13,8,3
2014360083139,3,3,0,18,0,8,0,0,0,0,1,1,6,1,17,4,124,1,2,6,3
2014360083141,1,8,0,18,0,8,1,0,0,0,3,1,1,1,47,8,2664,2,16,-1,1
2014360083141,2,1,0,18,0,6,0,0,0,0,1,1,6,2,20,4,-1,-1,-1,6,1
2014360083147,1,9,0,7,0,6,0,0,0,0,1,1,6,1,59,9,1364,1,5,2,1
2014360083147,2,9,0,7,0,6,0,0,0,0,2,1,6,2,28,6,1796,1,13,2,1
2014360083148,1,2,0,14,0,8,0,0,0,0,1,1,6,1,27,6,49,1,4,4,1
2014360083148,2,9,0,12,0,8,0,0,0,0,3,1,6,1,70,10,2171,1,15,7,1
2014360083151,1,5,0,16,0,2,0,0,7,9,1,1,6,2,37,7,953,1,9,5,1
2014360083159,1,9,0,18,0,0,0,0,0,0,1,1,6,2,24,5,1781,1,24,4,3
2014360083159,2,9,0,3,0,0,0,0,0,0,2,1,6,1,27,6,1461,2,-1,6,1
2014360083159,3,9,0,3,0,0,0,0,0,0,2,1,6,1,18,4,1388,1,12,8,1
2014360083160,1,9,0,9,0,5,0,0,0,0,1,1,6,2,22,5,1229,1,7,1,1
2014360083160,2,90,0,18,0,8,0,0,0,0,1,1,1,2,43,7,2987,2,5,2,1
2014360083162,1,19,0,18,0,1,0,0,0,0,1,1,6,1,-1,-1,1753,2,10,-1,-1
2014360083162,2,9,0,4,0,8,0,0,0,0,2,1,6,2,25,5,1968,2,4,7,1
2014360083162,3,9,0,9,0,5,0,0,0,0,2,1,6,3,-1,-1,-1,-1,-1,-1,-1
2014360083165,1,9,0,8,0,1,0,0,0,0,2,1,6,2,48,8,1956,2,3,7,1
2014360083165,2,9,0,18,0,1,0,0,0,0,1,1,6,1,52,8,1995,2,9,6,3
2014360083166,1,9,0,13,7,0,0,0,0,0,4,1,1,1,50,8,-1,-1,-1,-1,-1
2014360083166,2,1,0,18,0,0,0,0,1,0,1,1,2,1,26,6,-1,-1,-1,3,1
2014360083177,1,9,0,9,0,5,0,0,0,0,1,1,1,1,57,9,-1,-1,-1,6,3
2014360083177,2,9,0,18,0,8,0,0,0,0,1,1,6,1,63,9,-1,-1,-1,3,1
2014360083179,1,5,0,5,0,1,0,0,0,0,3,1,6,1,23,5,600,1,15,6,1
2014360083179,2,9,0,5,0,1,0,0,0,0,4,1,1,1,52,8,1753,2,5,6,1
2014360083182,1,9,0,9,0,6,0,0,0,0,3,1,6,1,48,8,2401,2,7,6,2
2014360083182,2,3,0,18,0,8,0,0,0,0,1,1,6,1,20,4,125,1,2,-1,-1
2014360083182,3,9,0,2,0,1,0,0,0,0,0,1,6,1,39,7,2993,2,3,-1,1
2014360083185,1,9,0,16,0,0,0,0,0,0,3,1,6,2,78,11,1422,2,5,7,1
2014360083185,2,9,0,17,0,0,0,0,0,0,3,1,6,1,54,8,1968,2,1,-1,3
2014360083191,1,19,0,1,9,2,0,0,0,0,2,1,1,1,31,6,-1,-1,-1,9,2
2014360083192,1,9,0,11,0,1,0,0,0,0,4,1,6,2,-1,-1,1390,1,7,-1,-1