Accident_Index,Vehicle_Reference,Vehicle_Type,Towing_and_Articulation,Vehicle_Manoeuvre,Vehicle_Location-Restricted_Lane,Junction_Location,Skidding_and_Overturning,Hit_Object_in_Carriageway,Vehicle_Leaving_Carriageway,Hit_Object_off_Carriageway,1st_Point_of_Impact,Was_Vehicle_Left_Hand_Drive?,Journey_Purpose_of_Driver,Sex_of_Driver,Age_of_Driver,Age_Band_of_Driver,Engine_Capacity_(CC),Propulsion_Code,Age_of_Vehicle,Driver_IMD_Decile,Driver_Home_Area_Type
2014360085730,2,1,0,14,0,0,0,8,0,0,1,1,2,1,24,5,-1,-1,-1,1,1
2014360085733,1,9,0,18,0,1,0,0,7,0,1,1,6,1,78,11,1798,1,7,4,2
2014360085733,2,8,0,10,0,8,0,0,1,0,2,1,6,2,78,11,998,1,9,5,3
2014360085734,1,9,0,7,0,6,0,0,0,0,3,1,1,1,50,8,1339,1,5,8,3
2014360085734,2,3,0,18,0,8,0,0,0,0,1,1,1,1,39,7,123,1,23,4,2
2014360085734,3,20,0,18,0,1,0,0,0,0,3,1,1,1,55,8,6692,2,6,7,3
2014360085738,1,9,0,7,0,6,0,0,0,0,1,1,6,2,79,11,1397,1,13,9,1
2014360085738,2,11,0,18,0,8,0,0,0,0,1,1,1,1,46,8,7300,2,12,6,1
2014360085752,1,9,0,18,0,1,1,0,0,0,1,1,6,1,68,10,2835,2,18,2,1
2014360085759,1,9,0,18,0,0,0,0,0,0,1,1,6,1,21,5,1995,2,3,7,3
2014360085759,2,9,0,3,0,0,0,0,0,0,2,1,6,1,20,4,2171,1,10,5,2
2014360085759,3,9,0,3,0,0,0,0,0,0,2,1,6,2,54,8,1598,1,1,4,3
2014360085759,4,9,0,3,0,0,0,0,0,0,2,1,6,1,41,7,1590,1,23,5,1
2014360085767,1,9,0,4,0,0,0,0,0,0,1,1,6,2,93,11,1598,1,15,4,2
2014360085767,2,9,0,4,0,0,0,0,0,0,1,1,6,2,71,10,996,1,3,6,3
2014360085767,3,9,0,4,0,0,0,0,0,0,2,1,6,1,80,11,1397,1,13,5,3
2014360085769,1,20,0,18,0,0,1,0,0,0,1,1,1,1,40,7,-1,-1,-1,5,1
2014360085769,2,9,0,3,0,0,0,0,0,0,2,1,6,2,28,6,1686,2,9,5,1
2014360085775,1,9,0,13,0,1,0,0,0,0,4,1,6,1,19,4,1686,2,13,2,1
2014360085775,2,1,0,18,0,1,0,0,0,0,3,1,6,1,29,6,-1,-1,-1,3,1
2014360085783,1,9,0,18,0,2,0,0,0,0,1,1,6,1,20,4,1242,1,13,7,3
2014360085783,2,1,0,18,5,1,0,0,0,0,3,1,6,2,21,5,-1,-1,-1,5,1
2014360085790,1,9,0,5,0,6,0,0,0,0,1,1,6,2,28,6,1596,1,9,4,1
2014360085790,2,9,0,18,0,8,0,0,0,0,1,1,6,1,40,7,-1,-1,-1,8,1
2014360085793,1,9,0,7,0,4,0,0,0,0,3,1,1,2,61,9,1896,2,6,8,2
2014360085793,2,1,0,18,0,8,0,0,0,0,1,1,1,2,32,6,-1,-1,-1,7,1
2014360085794,1,21,0,9,0,6,0,0,0,0,3,1,1,1,48,8,11705,2,8,7,3
2014360085794,2,9,0,18,0,8,0,0,0,0,1,1,6,1,82,11,899,1,13,5,2
2014360085801,1,9,0,18,0,6,0,0,0,0,4,1,6,2,30,6,2179,2,-1,6,1
2014360085801,2,9,0,18,0,8,0,0,0,0,1,1,2,1,24,5,1970,1,9,1,1
2014360085801,3,9,0,8,0,1,0,0,0,0,3,1,6,2,43,7,1560,2,10,8,2
2014360085805,1,17,0,5,0,0,0,0,0,0,1,1,1,1,59,9,4400,2,-1,6,3
2014360085805,2,9,0,18,0,0,0,0,1,0,1,1,6,2,50,8,1968,2,8,8,3
2014360085806,1,9,0,9,0,6,0,0,0,0,1,1,6,2,35,6,1896,2,12,4,3
2014360085806,2,9,0,18,0,8,0,0,0,0,4,1,6,1,42,7,2494,1,15,9,1
2014360085808,1,9,0,5,0,0,0,0,0,0,1,1,6,1,72,10,1995,2,10,4,1
2014360085817,1,9,0,9,0,6,0,0,0,0,4,1,6,2,52,8,1422,2,13,6,1
2014360085817,2,1,0,16,0,8,0,0,0,0,1,1,6,1,44,7,-1,-1,-1,4,3
2014360085823,1,5,0,5,0,0,1,0,0,0,4,1,6,1,46,8,1043,1,3,8,3
2014360085837,1,9,0,9,0,6,0,0,0,0,3,1,6,1,50,8,1995,2,2,6,1
2014360085837,2,9,0,18,0,8,0,0,0,0,1,1,6,2,20,4,1199,1,12,5,3
2014360085855,1,9,0,9,0,5,1,0,0,0,1,1,2,2,30,6,1896,2,14,6,3
2014360085855,2,9,0,18,0,8,1,0,0,0,3,1,2,1,47,8,1679,1,14,10,1
2014360085863,1,9,0,18,0,0,0,0,1,4,1,1,6,2,25,5,1275,1,15,6,3
2014360085879,1,9,0,9,0,5,0,0,0,0,4,1,1,2,20,4,1968,2,3,5,2
2014360085879,2,9,0,18,0,8,0,0,0,0,1,1,1,1,55,8,1781,1,13,-1,-1
2014360085879,3,9,0,10,0,1,0,0,0,0,0,1,1,1,50,8,1800,1,14,5,3
2014360085880,1,9,0,18,0,1,0,0,0,0,1,1,1,1,47,8,1797,8,-1,9,1
2014360085880,2,1,0,5,9,1,0,0,0,0,1,1,6,2,24,5,-1,-1,-1,2,1
2014360085889,1,9,0,13,0,0,0,0,0,0,1,1,1,2,33,6,1998,1,13,5,3
2014360085889,2,9,0,18,0,0,0,0,0,0,1,1,6,1,55,8,2776,2,1,3,1
2014360085889,3,9,0,18,0,0,0,0,0,0,0,1,6,1,47,8,1896,2,14,1,1
2014360085890,1,9,0,18,0,0,0,0,0,0,1,1,6,1,44,7,1796,1,17,-1,-1
2014360085891,1,9,0,14,0,8,0,0,0,0,4,1,6,3,-1,-1,-1,-1,-1,-1,-1
2014360085891,2,1,0,10,0,8,0,0,0,0,3,1,6,2,24,5,-1,-1,-1,3,1
2014360085894,1,9,0,18,0,2,0,0,0,0,1,1,6,3,-1,-1,-1,-1,-1,-1,-1
2014360085894,2,3,0,5,0,2,1,0,1,0,2,1,6,1,27,6,-1,-1,-1,2,1
2014360085905,1,9,0,18,0,8,0,0,0,0,1,1,6,1,34,6,1598,1,11,-1,3
2014360085908,1,9,0,18,0,8,5,0,1,6,4,1,1,2,48,8,1560,2,1,-1,-1
2014360085908,2,9,0,18,0,8,0,0,0,0,1,1,6,2,43,7,1242,1,-1,9,2
2014360085910,1,19,0,18,0,0,0,6,0,0,1,1,1,1,23,5,2143,2,-1,10,3
2014360085912,1,9,0,17,0,0,0,0,0,0,4,1,2,1,43,7,1796,1,16,-1,-1
2014360085914,1,9,0,7,0,5,0,0,7,10,1,1,6,2,89,11,1275,1,15,6,3
2014360085916,1,9,0,18,0,0,0,0,0,0,4,1,6,3,-1,-1,-1,-1,-1,-1,-1
2014360085933,1,9,0,9,0,5,0,0,0,0,3,1,6,1,66,10,1999,1,11,3,1
2014360085935,1,9,0,9,0,6,0,0,0,0,1,1,6,1,55,8,1910,2,8,4,3
2014360085935,2,9,0,18,0,8,5,0,1,2,4,1,6,1,67,10,2495,2,18,4,3
2014360085936,1,9,0,18,0,0,2,0,1,0,1,1,6,1,23,5,1896,2,10,6,3
2014360085936,2,9,0,2,0,0,0,0,0,0,0,1,6,1,49,8,1560,2,5,6,3
2014360085937,1,3,0,18,0,4,0,9,3,10,1,1,6,1,24,5,124,1,1,-1,2
2014360085940,1,9,0,18,0,2,0,0,0,0,1,1,6,2,24,5,998,1,6,9,2
2014360085940,2,9,0,2,0,2,0,0,0,0,2,1,6,2,47,8,1149,1,11,7,3
2014360085943,1,9,0,9,0,6,0,0,0,0,1,1,6,1,-1,-1,-1,-1,-1,-1,-1
2014360085943,2,1,0,10,0,8,0,0,0,0,2,1,2,2,41,7,-1,-1,-1,2,1
2014360085944,1,9,0,3,0,0,0,0,0,0,2,1,6,1,32,6,-1,-1,-1,7,1
2014360085944,2,9,0,18,0,0,0,0,0,0,1,1,6,1,45,7,1598,1,7,-1,-1
2014360085946,1,9,0,3,0,1,0,0,0,0,0,1,6,1,26,6,1995,2,5,1,1
2014360085946,2,9,0,4,0,1,0,0,0,0,4,1,6,2,25,5,1598,1,6,4,3
2014360085948,1,9,0,13,0,0,2,0,1,0,4,1,1,2,23,5,1587,1,11,1,1
2014360085948,2,21,1,18,0,0,0,0,0,0,1,1,1,1,40,7,12900,2,3,6,3
2014360085952,1,9,0,9,0,6,0,0,0,0,3,1,1,2,57,9,1598,1,1,10,1
2014360085952,2,1,0,18,9,8,0,0,0,0,4,1,4,1,11,3,-1,-1,-1,1,1
2014360085954,1,9,0,9,0,6,0,0,0,0,0,1,6,1,59,9,1560,2,4,10,2
2014360085954,2,3,0,18,0,1,0,0,0,0,4,1,2,1,22,5,124,1,30,7,3
2014360085957,1,9,0,18,0,1,0,0,0,0,1,1,6,1,52,8,-1,-1,-1,5,3
2014360085972,1,9,0,4,0,1,0,0,0,0,1,1,6,1,-1,-1,-1,-1,-1,-1,-1
2014360085973,1,21,1,4,0,1,0,0,0,0,1,1,1,1,46,8,12900,2,3,1,1
2014360085973,2,9,0,3,0,1,0,0,0,0,2,1,2,2,21,5,1199,1,11,4,3
2014360085977,1,9,0,18,0,1,0,0,1,0,1,1,6,2,21,5,1149,1,13,7,2
2014360085977,2,9,0,3,0,1,0,0,0,0,2,1,1,1,33,6,1598,2,-1,6,2
2014360085978,1,9,0,18,0,0,0,0,1,1,1,1,2,1,25,5,1596,1,15,1,1
2014360085979,1,9,0,18,0,0,1,0,0,0,1,1,1,2,38,7,-1,-1,-1,5,3
2014360085979,2,9,0,7,7,0,0,0,1,0,2,1,6,2,64,9,1587,1,10,9,2
2014360085980,1,9,0,17,0,0,5,0,1,4,1,1,6,1,66,10,999,1,9,7,2
2014360085986,1,9,0,13,0,0,0,0,7,0,1,1,2,1,23,5,-1,-1,-1,7,2
2014360085986,2,9,0,18,0,0,0,0,0,0,1,1,2,1,50,8,1397,1,13,8,2
2014360085988,1,9,0,18,0,0,1,0,1,4,1,1,2,1,22,5,998,1,8,5,3
2014360085989,1,9,0,9,0,5,0,0,0,0,1,1,6,1,63,9,1995,2,9,8,3
2014360085990,1,9,0,18,0,0,2,0,0,0,1,1,6,1,22,5,1834,1,10,4,3
2014360085990,2,9,0,18,0,0,0,1,1,0,1,1,6,1,47,8,1968,2,6,5,3
2014360085997,1,9,0,18,0,1,1,0,0,0,1,1,2,1,23,5,2157,1,17,5,3
2014360085997,2,9,0,3,0,1,0,0,0,0,2,1,2,1,23,5,1686,2,12,4,3
2014360085997,3,9,0,3,0,1,0,0,0,0,2,1,2,1,30,6,1896,2,12,-1,2
2014360086004,1,19,0,9,0,5,0,0,0,0,3,1,1,1,43,7,1896,2,6,5,1
2014360086004,2,4,0,13,0,8,0,0,7,0,1,1,6,1,24,5,249,1,5,-1,-1
2014360086006,1,9,0,13,0,0,1,0,1,0,1,1,2,2,47,8,1990,1,20,5,1
2014360086006,2,9,0,18,0,0,0,0,7,0,1,1,6,2,70,10,1968,2,1,7,3
2014360086007,1,9,0,18,0,0,0,0,1,0,1,1,1,2,31,6,998,1,8,5,1
2014360086008,1,9,0,18,0,4,1,0,3,2,1,1,2,1,54,8,1499,2,1,9,2
2014360086008,2,9,0,18,0,8,0,0,0,0,4,1,6,1,81,11,1390,1,4,-1,1
2014360086013,1,9,0,5,0,6,0,0,0,0,1,1,6,2,54,8,1124,1,9,6,3
2014360086013,2,3,0,18,0,8,0,0,0,0,1,1,6,1,17,4,124,1,9,10,1
2014360086013,3,9,0,10,0,1,0,0,0,0,1,1,6,2,35,6,1598,1,5,6,1
2014360086020,1,1,0,18,0,1,0,0,0,0,1,1,6,1,15,3,-1,-1,-1,6,1
2014360086020,2,9,0,10,0,8,0,0,0,0,2,1,6,2,54,8,2999,2,15,6,3
2014360086021,1,9,0,18,0,0,0,0,0,0,1,1,6,1,18,4,1700,2,15,7,1
2014360086021,2,3,0,18,0,0,0,0,1,0,2,1,6,2,56,9,124,1,9,5,2
2014360086024,1,9,0,16,0,0,0,0,0,0,1,1,6,1,73,10,1798,1,5,6,2
2014360086024,2,19,0,17,0,0,0,0,0,0,1,1,1,2,27,6,2299,2,-1,9,1
2014360086031,1,9,0,5,0,4,0,0,0,0,3,1,2,1,51,8,-1,-1,-1,7,1
2014360086031,2,1,0,18,0,8,1,0,0,0,1,1,2,1,56,9,-1,-1,-1,10,2
2014360086034,1,9,0,18,0,0,0,4,0,0,1,1,6,1,40,7,1149,1,11,1,1
2014360086034,2,9,0,2,0,0,0,4,0,0,1,1,6,3,-1,-1,1390,1,13,-1,-1
2014360086034,3,9,0,2,0,0,0,4,0,0,2,1,6,3,-1,-1,1299,1,9,-1,-1
2014360086061,1,9,0,7,0,6,0,0,0,0,1,1,2,2,59,9,2000,1,9,8,3
2014360086064,1,9,0,18,0,0,0,0,1,4,1,1,6,2,22,5,1229,1,6,-1,-1
2014360086064,2,9,0,2,0,0,0,0,0,0,0,1,6,1,62,9,1995,2,9,1,1
2014360086064,3,3,0,18,0,0,0,0,0,0,1,1,1,1,18,4,125,1,1,1,1
2014360086065,1,9,0,18,0,0,0,0,0,0,1,1,2,1,52,8,1360,1,11,1,1
2014360086065,2,9,0,18,0,0,0,0,0,0,1,1,2,1,40,7,1997,2,12,6,3
2014360086068,1,9,0,18,0,0,0,0,7,9,3,1,6,1,27,6,1598,1,14,3,1
2014360086068,2,19,0,15,0,0,0,0,0,0,0,1,6,3,-1,-1,-1,-1,-1,-1,-1
2014360086078,1,9,0,16,0,2,1,0,7,4,3,1,2,2,27,6,1360,1,14,6,1
2014360086082,1,8,0,18,0,1,0,0,0,0,1,1,1,1,-1,-1,-1,-1,-1,-1,-1
2014360086106,1,9,0,18,0,0,1,0,1,4,3,1,6,1,18,4,1391,1,13,-1,2
2014360086125,1,9,0,18,0,6,1,0,0,0,1,1,6,1,17,4,1388,1,11,4,3
2014360086125,2,9,0,17,0,8,0,0,0,0,4,1,6,1,39,7,1783,1,13,4,3
2014360086127,1,9,0,5,0,6,0,0,0,0,0,1,2,2,45,7,1984,1,11,2,1
2014360086127,2,3,0,18,0,1,1,0,0,0,3,1,2,1,20,4,49,1,6,1,1
2014360086132,1,3,0,4,0,1,0,0,0,0,4,1,4,1,17,4,124,1,4,3,1
2014360086151,1,9,0,18,0,0,0,0,7,4,1,1,6,2,84,11,1296,1,7,5,3
2014360086162,1,2,0,18,0,1,0,0,0,0,1,1,6,2,59,9,49,1,3,6,1
2014360086162,2,9,0,3,0,1,0,0,0,0,2,1,6,1,64,9,2204,2,8,8,3
2014360086163,1,9,0,9,0,8,0,0,0,0,4,1,6,2,37,7,1896,2,9,8,2
2014360086163,2,9,0,18,0,8,0,0,0,0,1,1,6,2,63,9,1596,1,10,5,3
2014360086195,1,9,0,18,0,1,0,0,0,0,1,1,6,1,76,11,1598,1,10,3,1
2014360086195,2,9,0,10,0,8,0,0,0,0,2,1,1,1,52,8,1198,1,2,4,3
2014360086222,1,9,0,4,0,1,1,0,0,0,1,1,3,2,48,8,1997,2,3,7,1
2014360086222,2,9,0,4,0,1,1,0,0,0,2,1,3,2,38,7,2521,1,6,1,1
2014360086227,1,9,0,18,0,0,0,0,7,9,3,1,1,1,68,10,1896,2,10,3,1
2014360086227,2,21,0,18,0,0,0,0,1,0,3,1,1,1,67,10,12900,2,5,3,1
2014360086249,1,19,0,18,0,0,1,0,0,0,4,1,6,1,33,6,1996,2,4,5,2
2014360086251,1,9,0,18,0,1,0,0,1,10,1,1,6,1,25,5,1900,2,10,1,1
2014360086252,1,9,0,18,0,0,0,4,7,0,1,1,6,2,30,6,1360,1,11,-1,-1
2014360086260,1,9,0,4,0,1,0,0,0,0,4,1,1,2,53,8,998,1,6,2,2
2014360086269,1,19,0,9,0,6,0,0,0,0,1,1,1,2,33,6,2287,2,-1,8,3
2014360086269,2,19,0,18,0,8,0,0,7,10,4,1,1,1,48,8,1399,2,3,8,3
2014360086272,1,9,0,9,0,6,0,0,0,0,3,1,6,2,75,10,1596,1,8,7,3
2014360086272,2,9,0,18,0,8,0,0,0,0,4,1,2,2,37,7,2995,1,3,8,3
2014360086275,1,9,0,7,0,6,0,0,0,0,1,1,6,1,21,5,1597,1,14,4,1
2014360086275,2,9,0,18,0,8,0,0,0,0,4,1,6,2,21,5,1389,1,13,1,1
2014360086283,1,3,0,17,0,8,1,10,1,0,4,1,6,1,20,4,125,1,-1,5,3
2014360086297,1,9,0,17,0,0,0,0,0,0,1,1,6,1,43,7,1956,2,3,4,1
2014360086297,2,9,0,16,0,0,0,0,0,0,1,1,2,1,48,8,1587,1,8,5,1
2014360086300,1,9,0,5,0,4,0,0,0,0,3,1,1,1,51,8,1956,2,4,9,1
2014360086300,2,1,0,18,0,8,0,0,0,0,4,1,6,1,28,6,-1,-1,-1,1,1
2014360086301,1,9,0,13,0,0,0,0,0,0,3,1,2,2,55,8,-1,-1,-1,7,1
2014360086301,2,5,0,18,0,0,0,0,0,0,3,1,2,1,25,5,599,1,16,7,2
2014360086302,1,19,0,18,0,0,0,12,0,0,3,1,6,2,33,6,-1,-1,-1,6,2
2014360086302,2,9,0,18,0,0,0,12,0,0,4,1,6,1,59,9,-1,-1,-1,5,3
2014360086302,3,9,0,18,0,0,0,12,0,0,1,1,6,1,71,10,1390,1,16,4,2
2014360086304,1,9,0,18,0,2,0,0,0,0,1,1,6,3,-1,-1,-1,-1,-1,-1,-1
2014360086304,2,1,0,4,0,2,0,0,0,0,2,1,2,1,21,5,-1,-1,-1,6,1
2014360086308,1,9,0,18,0,0,0,10,1,10,1,1,6,1,76,11,1390,1,15,6,2
2014360086310,1,9,0,7,0,2,0,10,5,6,1,1,2,2,36,7,1951,2,12,5,1
2014360086310,2,9,0,18,0,2,0,0,0,0,2,1,2,1,40,7,1596,1,9,8,3
2014360086311,1,9,0,18,0,6,0,0,0,0,3,1,2,2,48,8,1997,1,7,10,1
2014360086311,2,1,0,18,0,8,0,0,0,0,1,1,6,2,25,5,-1,-1,-1,2,1
2014360086316,1,9,0,9,0,8,0,0,0,0,1,1,6,2,21,5,999,1,-1,3,2
2014360086316,2,9,0,18,0,8,0,0,0,0,1,1,6,2,22,5,1108,1,12,9,1
2014360086317,1,9,0,18,0,8,0,0,0,0,1,1,6,1,25,5,1796,1,15,-1,3
2014360086317,2,1,0,18,0,8,0,0,0,0,2,1,6,1,43,7,-1,-1,-1,4,1
2014360086318,1,9,0,18,0,0,0,0,0,0,1,1,6,1,46,8,1951,2,9,-1,-1
2014360086318,2,9,0,18,0,0,0,0,1,0,1,1,6,1,48,8,1896,2,14,6,3
2014360086326,1,9,0,18,0,0,0,0,0,0,1,1,1,1,18,4,1149,1,10,4,1
2014360086326,2,9,0,3,0,0,0,0,0,0,2,1,1,2,51,8,2231,2,1,3,1
2014360086328,1,9,0,9,0,6,0,0,0,0,3,1,6,2,51,8,1796,1,14,10,1
2014360086328,2,4,0,18,0,8,0,0,0,0,1,1,6,1,30,6,-1,-1,-1,6,3
2014360086334,1,9,0,18,0,0,0,0,0,0,1,1,6,1,31,6,1389,1,18,7,1
2014360086334,2,9,0,18,0,0,0,0,1,0,2,1,1,1,40,7,-1,-1,-1,9,3
2014360086343,1,19,0,18,0,0,1,0,0,0,1,1,1,1,27,6,1598,2,-1,5,2
2014360086343,2,3,0,18,0,0,1,0,1,0,2,1,2,2,28,6,125,1,3,4,1
2014360086373,1,9,0,18,0,1,0,0,0,0,4,1,6,2,46,8,1061,1,11,1,1
2014360086373,2,1,0,18,9,1,0,0,0,0,1,1,6,2,61,9,-1,-1,-1,6,1
2014360086374,1,19,0,14,0,0,0,0,0,0,4,1,1,1,30,6,2143,2,-1,9,1
2014360086374,2,9,0,2,0,0,0,0,0,0,0,1,6,1,51,8,-1,-1,-1,3,1
2014360086375,1,9,0,13,0,1,0,0,0,0,4,1,6,1,26,6,1199,1,12,-1,-1
2014360086375,2,11,0,18,0,1,0,0,0,0,3,1,1,1,41,7,4461,2,-1,7,2
2014360086376,1,9,0,14,0,0,0,0,0,0,1,1,6,1,26,6,1199,1,12,-1,-1
2014360086376,2,9,0,18,0,0,0,0,1,0,1,1,6,1,66,10,1468,1,21,-1,-1
2014360086384,1,9,0,16,0,0,0,0,0,0,1,1,6,1,71,10,1199,1,10,5,1
2014360086396,1,9,0,5,0,1,0,0,0,0,4,1,6,1,30,6,1560,2,1,7,3
2014360086396,2,9,0,2,0,1,0,0,0,0,0,1,6,1,28,6,1910,2,6,6,2
2014360086413,1,9,0,9,0,5,0,0,0,0,4,1,1,2,44,7,1242,1,7,6,1
2014360086413,2,2,0,18,0,8,0,0,0,0,1,1,1,1,17,4,49,1,1,3,1
2014360086431,1,9,0,6,0,0,0,0,7,0,3,1,6,1,20,4,2926,2,12,7,2
2014360086431,2,9,0,14,0,0,0,0,0,0,1,1,1,2,40,7,2400,2,2,-1,-1
2014360086432,1,9,0,18,0,2,0,0,0,0,1,1,1,1,21,5,1389,1,12,9,3
2014360086432,2,9,0,18,0,1,0,0,0,0,1,1,1,2,64,9,1560,2,5,8,1
2014360086452,1,9,0,9,0,6,0,0,0,0,3,1,6,1,96,11,1296,1,8,9,2
2014360086452,2,1,0,18,0,8,0,0,0,0,1,1,6,1,30,6,-1,-1,-1,8,1
2014360086454,1,9,0,9,0,5,0,0,0,0,4,1,6,2,30,6,1910,2,11,-1,-1
2014360086454,2,1,0,18,0,8,0,0,0,0,1,1,6,1,36,7,-1,-1,-1,1,1
2014360086455,1,9,0,18,0,4,2,9,3,1,1,1,6,1,25,5,1199,1,13,6,1
2014360086459,1,19,0,4,0,1,0,0,0,0,1,1,2,1,48,8,2299,2,1,6,1
2014360086459,2,9,0,3,0,1,0,0,0,0,2,1,6,1,78,11,1399,2,4,7,3
2014360086461,1,9,0,18,0,2,0,0,0,0,3,1,6,1,28,6,1995,2,11,10,1
2014360086461,2,9,0,18,0,1,0,0,0,0,3,1,6,2,65,9,1388,1,14,1,1
2014360086466,1,9,0,9,0,5,0,0,0,0,1,1,1,2,45,7,1596,1,3,3,1
2014360086473,1,9,0,18,0,0,0,0,0,0,1,1,6,1,33,6,1910,2,9,8,2
2014360086473,2,22,0,18,9,0,0,0,0,0,2,1,6,2,75,10,-1,-1,-1,-1,-1
2014360086479,1,9,0,9,0,8,0,0,0,0,1,1,6,2,34,6,1248,2,6,4,3
2014360086479,2,1,0,9,0,8,0,0,0,0,2,1,6,1,30,6,-1,-1,-1,-1,1
2014360086483,1,9,0,18,0,0,0,0,0,0,1,1,6,1,78,11,1197,1,4,-1,-1
2014360086484,1,9,0,5,0,4,0,0,0,0,1,1,6,3,-1,-1,-1,-1,-1,-1,-1
2014360086484,2,9,0,3,0,8,0,0,0,0,2,1,6,2,25,5,996,1,4,8,3
2014360086495,1,19,0,4,0,0,0,0,0,0,1,1,1,1,25,5,1461,2,9,9,1
2014360086495,2,9,0,3,0,0,0,0,0,0,2,1,1,1,72,10,1248,2,1,7,1
2014360086496,1,9,0,1,0,0,0,0,0,0,2,1,6,2,24,5,1299,1,8,10,1
2014360086496,2,1,0,18,0,0,0,0,0,0,1,1,6,2,27,6,-1,-1,-1,2,1
2014360086505,1,9,0,7,0,5,0,0,0,0,1,1,6,1,68,10,1398,1,3,-1,-1
2014360086505,2,9,0,4,0,1,0,0,0,0,1,1,6,1,23,5,1598,1,17,6,1
2014360086507,1,9,0,9,0,6,0,0,0,0,3,1,6,2,62,9,1598,1,2,3,2
2014360086507,2,9,0,18,0,8,0,0,0,0,1,1,6,1,25,5,-1,-1,-1,5,3
2014360086508,1,17,0,18,0,1,0,0,0,0,1,1,1,1,20,4,6728,2,-1,4,3
2014360086508,2,9,0,10,0,8,0,0,0,0,2,1,6,2,59,9,1360,1,13,6,3
2014360086512,1,3,0,17,0,0,1,0,1,0,1,1,2,1,52,8,124,1,2,4,3
2014360086516,1,9,0,5,0,6,0,0,0,0,1,1,1,2,49,8,1560,2,-1,4,3
2014360086516,2,9,0,18,0,8,0,0,0,0,3,1,6,1,66,10,1900,2,8,10,2
2014360086518,1,5,0,18,0,8,0,0,0,0,1,1,6,1,22,5,599,1,19,5,2
2014360086518,2,9,0,9,0,8,0,0,0,0,3,1,6,1,30,6,1997,2,8,2,1
2014360086525,1,9,0,17,0,0,0,0,0,0,1,1,6,1,24,5,-1,-1,-1,-1,-1
2014360086525,2,9,0,16,0,0,0,0,0,0,1,1,6,1,48,8,1753,2,5,-1,-1
2014360086533,1,9,0,18,0,0,0,0,7,0,1,1,6,1,18,4,1149,1,11,4,3
2014360086533,2,9,0,2,0,0,0,0,0,0,3,1,6,1,-1,-1,1910,2,9,6,3
2014360086535,1,5,0,18,0,0,0,0,0,0,2,1,6,1,41,7,998,1,6,7,1
2014360086545,1,9,0,18,0,8,0,0,0,0,1,1,6,1,50,8,1560,2,1,-1,-1
2014360086548,1,9,0,18,0,0,1,0,2,10,1,1,6,2,21,5,1388,1,11,6,2
2014360086550,1,9,0,4,0,1,0,0,0,0,1,1,6,1,30,6,998,1,13,2,1
2014360086550,2,9,0,10,0,1,0,0,0,0,2,1,6,2,53,8,1349,1,5,10,2
2014360086553,1,11,0,18,0,1,0,0,0,0,1,1,1,1,69,10,8268,2,11,4,1
2014360086553,2,1,0,12,0,1,0,0,0,0,2,1,6,1,64,9,-1,-1,-1,8,1
2014360086556,1,9,0,4,0,1,1,0,0,0,2,1,6,2,19,4,1390,1,7,3,1
2014360086556,2,9,0,4,0,1,0,0,0,0,2,1,6,2,40,7,1870,2,10,-1,-1
2014360086556,3,9,0,4,0,1,0,0,0,0,1,1,6,1,23,5,1686,2,10,-1,-1
2014360086557,1,9,0,9,0,5,0,0,0,0,1,1,6,1,52,8,2143,2,4,6,3
2014360086557,2,9,0,18,0,8,0,0,0,0,1,1,6,1,57,9,2926,2,14,-1,-1
2014360086557,3,9,0,10,0,1,0,0,0,0,1,1,6,1,48,8,-1,-1,-1,9,2
2014360086560,1,9,0,17,0,0,5,0,0,0,3,1,2,2,27,6,998,1,3,8,3
2014360086560,2,9,0,16,0,0,0,0,0,0,3,1,6,1,49,8,1328,1,8,8,2
2014360086561,1,9,0,18,0,0,0,0,0,0,3,1,6,2,68,10,2295,1,9,7,1
2014360086561,2,9,0,18,0,0,0,0,0,0,3,1,6,1,71,10,2295,1,9,9,2
2014360086565,1,3,0,4,0,1,1,0,0,0,1,1,4,1,19,4,-1,-1,-1,4,3
2014360086567,1,19,0,18,0,1,0,0,0,0,1,1,6,1,21,5,1867,2,14,-1,-1
2014360086567,2,9,0,4,0,1,0,0,0,0,2,1,6,1,17,4,1242,1,6,9,1
2014360086572,1,9,0,18,0,6,1,0,0,0,1,1,6,1,21,5,1299,1,17,3,1
2014360086572,2,9,0,18,0,8,1,0,1,10,4,1,6,1,51,8,2199,2,2,-1,-1
2014360086573,1,9,0,11,0,3,0,0,0,0,4,1,6,3,-1,-1,-1,-1,-1,-1,-1
2014360086573,2,1,0,9,0,8,0,0,0,0,3,1,2,1,46,8,-1,-1,-1,2,1
2014360086574,1,9,0,9,0,6,0,0,0,0,3,1,2,2,18,4,1597,1,6,5,3
2014360086574,2,19,0,18,0,8,0,0,7,0,1,1,1,1,41,7,2198,2,1,3,2