Accident_Index,Vehicle_Reference,Vehicle_Type,Towing_and_Articulation,Vehicle_Manoeuvre,Vehicle_Location-Restricted_Lane,Junction_Location,Skidding_and_Overturning,Hit_Object_in_Carriageway,Vehicle_Leaving_Carriageway,Hit_Object_off_Carriageway,1st_Point_of_Impact,Was_Vehicle_Left_Hand_Drive?,Journey_Purpose_of_Driver,Sex_of_Driver,Age_of_Driver,Age_Band_of_Driver,Engine_Capacity_(CC),Propulsion_Code,Age_of_Vehicle,Driver_IMD_Decile,Driver_Home_Area_Type
2014360086576,1,9,0,9,0,5,0,0,0,0,1,1,1,2,40,7,996,1,2,4,3
2014360086576,2,9,0,18,0,8,0,0,0,0,1,1,6,1,40,7,-1,-1,-1,7,1
2014360086583,1,19,0,18,0,0,0,0,0,0,1,1,1,1,26,6,2402,2,4,2,1
2014360086583,2,3,0,18,0,0,1,10,1,0,1,1,6,1,25,5,124,1,8,4,3
2014360086584,1,1,0,18,0,8,0,0,0,0,2,1,6,1,20,4,-1,-1,-1,6,3
2014360086584,2,9,0,18,0,4,0,0,0,0,1,1,1,1,31,6,1360,1,13,8,1
2014360086587,1,9,0,18,0,0,0,0,0,0,1,1,1,1,47,8,1560,2,5,3,1
2014360086587,2,17,0,18,0,0,0,0,0,0,2,1,1,1,28,6,4400,2,3,3,1
2014360086593,1,17,0,16,0,1,0,0,0,0,3,1,1,1,29,6,-1,-1,-1,6,3
2014360086593,2,9,0,17,0,2,0,10,0,0,4,1,2,2,33,6,-1,-1,-1,5,3
2014360086594,1,9,0,18,0,0,0,0,0,0,1,1,1,1,39,7,-1,-1,-1,4,1
2014360086594,2,1,0,18,0,0,0,0,0,0,2,1,6,1,23,5,-1,-1,-1,4,3
2014360086597,1,9,0,13,0,0,0,0,0,0,1,1,2,1,50,8,1700,1,14,5,3
2014360086597,2,9,0,18,0,0,0,0,1,3,2,1,2,2,35,6,1086,1,10,5,3
2014360086599,1,9,0,9,0,5,0,0,0,0,3,1,2,1,48,8,1598,1,7,8,1
2014360086599,2,1,0,10,0,1,0,0,0,0,1,1,2,1,38,7,-1,-1,-1,9,1
2014360086604,1,21,0,16,0,0,1,0,7,0,1,1,1,1,49,8,4461,2,4,-1,-1
2014360086604,2,21,1,17,0,0,0,0,1,0,1,1,2,2,43,7,12777,2,8,9,3
2014360086605,1,9,0,6,0,0,0,0,0,0,3,1,6,2,19,4,1596,1,13,7,1
2014360086605,2,1,0,14,0,0,0,0,0,0,1,1,6,1,24,5,-1,-1,-1,6,1
2014360086612,1,9,0,3,0,1,0,0,0,0,2,1,6,2,22,5,1587,1,8,4,3
2014360086612,2,9,0,18,0,1,0,0,1,0,1,1,6,2,77,11,1198,1,7,4,3
2014360086615,1,9,0,18,0,1,0,0,0,0,1,1,6,1,-1,-1,1998,2,11,-1,-1
2014360086618,1,9,0,2,0,0,0,0,0,0,3,1,6,2,45,7,-1,-1,-1,-1,-1
2014360086618,2,11,0,14,0,0,0,8,0,0,1,1,1,1,23,5,4580,2,7,8,1
2014360086620,1,9,0,9,0,8,0,0,0,0,1,1,6,1,-1,-1,-1,-1,-1,-1,-1
2014360086620,2,1,0,18,0,8,0,0,0,0,1,1,4,1,15,3,-1,-1,-1,2,1
2014360086621,1,19,0,18,0,1,0,0,0,0,1,1,6,1,20,4,1686,2,11,5,3
2014360086621,2,9,0,7,0,5,0,0,1,11,2,1,1,1,35,6,1299,1,16,6,3
2014360086628,1,9,0,9,0,5,0,0,0,0,4,1,6,2,45,7,-1,-1,-1,5,1
2014360086628,2,1,0,18,0,8,0,0,0,0,1,1,2,1,37,7,-1,-1,-1,2,1
2014360086655,1,5,0,18,0,2,0,0,0,0,1,1,2,1,34,6,599,1,11,3,1
2014360086659,1,9,0,18,0,0,0,0,0,0,4,1,6,2,18,4,1199,1,10,6,3
2014360086660,1,9,0,16,0,2,0,0,0,0,1,1,6,1,45,7,1598,2,3,3,1
2014360086665,1,9,0,18,0,1,0,0,0,0,3,1,6,1,45,7,1596,1,16,-1,-1
2014360086668,1,9,0,14,0,0,0,4,0,0,1,1,6,1,79,11,1242,1,4,4,1
2014360086668,2,9,0,2,0,0,0,0,0,0,1,1,6,2,18,4,1598,1,13,4,3
2014360086669,1,19,0,9,0,5,0,0,0,0,4,1,6,1,20,4,2198,2,7,7,3
2014360086669,2,9,0,18,0,8,0,0,0,0,1,1,6,1,61,9,1999,1,-1,9,3
2014360086681,1,1,0,18,9,1,0,0,0,0,1,1,6,1,50,8,-1,-1,-1,-1,-1
2014360086681,2,19,0,18,0,2,0,0,0,0,1,1,1,1,46,8,4461,2,6,-1,1
2014360086692,1,9,0,18,0,0,2,0,1,9,1,1,6,1,48,8,1198,1,8,6,3
2014360086694,1,9,0,5,0,8,2,0,7,0,1,1,6,2,80,11,999,1,1,5,3
2014360086694,2,9,0,18,0,8,1,0,0,0,1,1,6,1,61,9,1753,2,12,4,3
2014360086697,1,9,0,9,0,5,0,0,0,0,1,1,2,1,43,7,2494,1,21,4,1
2014360086705,1,9,0,18,0,0,0,0,0,0,1,1,6,1,80,11,1298,1,14,6,3
2014360086705,2,9,0,2,0,0,0,0,0,0,2,1,6,1,34,6,2902,2,10,4,3
2014360086706,1,9,0,7,0,6,0,0,0,0,3,1,6,2,41,7,1339,1,8,10,1
2014360086706,2,1,0,18,0,8,0,0,0,0,1,1,6,1,54,8,-1,-1,-1,-1,-1
2014360086717,1,9,0,4,0,0,0,0,0,0,1,1,6,2,22,5,2198,1,15,4,3
2014360086717,2,9,0,4,0,0,0,0,0,0,1,1,6,1,43,7,1997,2,10,4,3
2014360086725,1,9,0,9,0,8,0,0,0,0,4,2,6,1,20,4,-1,-1,-1,4,3
2014360086725,2,9,0,18,0,8,0,0,0,0,1,1,6,1,33,6,1910,2,10,6,2
2014360086736,1,9,0,18,0,0,0,0,0,0,1,1,6,1,39,7,1769,1,12,2,1
2014360086736,2,9,0,18,0,0,0,0,1,0,1,1,6,2,47,8,-1,-1,-1,7,3
2014360086738,1,9,0,9,0,8,0,0,3,10,1,1,6,2,71,10,1598,1,9,9,3
2014360086744,1,9,0,9,0,6,0,0,0,0,1,2,6,1,39,7,-1,-1,-1,-1,-1
2014360086744,2,9,0,18,0,8,0,0,0,0,1,1,6,2,57,9,1598,2,4,6,2
2014360086761,1,9,0,7,0,5,0,0,0,0,3,1,6,1,65,9,1596,1,10,3,1
2014360086761,2,1,0,18,9,8,0,0,0,0,1,1,6,1,13,3,-1,-1,-1,2,1
2014360086763,1,19,0,18,0,0,2,0,1,2,1,1,1,1,38,7,1998,2,11,3,1
2014360086789,1,9,0,18,0,0,0,0,0,0,1,1,6,2,-1,-1,1598,1,13,7,3
2014360086789,2,9,0,4,0,0,0,0,0,0,2,1,6,2,52,8,1596,1,2,7,2
2014360086790,1,9,0,18,0,1,0,0,0,0,4,1,6,1,70,10,-1,-1,-1,10,1
2014360086795,1,9,0,4,0,0,1,0,0,0,1,1,6,1,29,6,-1,-1,-1,7,1
2014360086795,2,9,0,4,0,0,0,0,0,0,2,1,6,2,19,4,1360,1,11,6,3
2014360086795,3,21,1,4,0,0,0,0,0,0,0,1,1,1,65,9,12580,2,10,7,1
2014360086797,1,9,0,18,0,3,0,0,0,0,1,1,6,1,45,7,1796,1,8,6,3
2014360086797,2,1,0,7,0,3,0,0,0,0,2,1,6,1,70,10,-1,-1,-1,6,1
2014360086798,1,8,0,5,6,0,0,0,0,0,4,1,1,1,-1,-1,1997,2,1,-1,-1
2014360086802,1,9,0,7,0,2,0,0,0,0,1,1,6,1,-1,-1,3993,1,-1,8,2
2014360086803,1,9,0,14,0,2,0,0,0,0,4,1,2,2,30,6,1242,1,1,1,1
2014360086818,1,3,0,4,0,1,1,0,0,0,3,1,6,1,24,5,124,1,1,6,1
2014360086830,1,9,0,17,0,0,1,0,0,0,1,1,6,2,22,5,1753,2,12,4,3
2014360086830,2,9,0,16,0,0,1,0,0,0,1,1,6,1,48,8,1968,2,-1,5,3
2014360086850,1,9,0,9,0,5,0,0,0,0,4,1,6,1,37,7,1995,1,9,8,3
2014360086850,2,9,0,18,0,8,0,0,0,0,1,1,6,1,29,6,1995,1,10,-1,-1
2014360086856,1,9,0,18,0,0,5,0,1,0,4,1,1,1,31,6,1794,1,13,5,2
2014360086868,1,19,0,9,0,5,0,0,0,0,1,1,1,1,41,7,2198,2,2,10,2
2014360086868,2,1,0,18,0,8,1,0,0,0,1,1,6,1,51,8,-1,-1,-1,1,1
2014360086870,1,9,0,9,0,6,0,0,0,0,3,1,6,1,87,11,1199,1,14,5,1
2014360086870,2,9,0,18,0,8,0,0,7,0,1,1,2,1,67,10,1985,1,21,8,3
2014360086939,1,9,0,9,0,5,0,0,0,0,4,1,6,1,74,10,-1,-1,-1,5,2
2014360086939,2,9,0,18,0,8,0,0,0,0,1,1,6,2,29,6,2979,1,11,5,3
2014360086939,3,9,0,18,0,1,0,0,0,0,3,1,6,2,48,8,1995,2,10,4,2
2014360087021,1,9,0,18,0,0,1,0,0,0,1,1,6,1,57,9,1497,1,14,6,2
2014360087021,2,9,0,4,0,0,0,0,0,0,2,1,6,1,28,6,998,1,-1,6,2
2014360087207,1,9,0,13,0,0,0,0,7,10,1,1,6,1,33,6,1560,2,2,6,1
2014360087207,2,19,0,18,0,0,0,0,0,0,1,1,1,1,36,7,1560,2,-1,1,1
2014360087217,1,9,0,1,0,8,0,0,0,0,2,1,6,2,43,7,1998,2,11,7,3
2014360087217,2,9,0,10,0,1,0,0,0,0,1,1,6,2,29,6,1870,2,4,7,1
2014360087281,1,9,0,18,0,0,0,0,0,0,1,1,6,2,30,6,-1,-1,-1,-1,-1
2014360087281,2,9,0,2,0,0,0,0,0,0,3,1,6,1,46,8,1995,2,5,7,2
2014360087776,1,9,0,18,0,1,0,0,0,0,1,1,6,1,50,8,1198,1,5,7,3
2014360087776,2,9,0,3,0,1,0,0,0,0,2,1,2,2,46,8,999,1,2,6,1
2014360088317,1,11,0,5,2,0,0,0,0,0,3,1,1,1,63,9,7300,2,14,5,1
2014360088542,1,3,0,14,0,8,0,0,0,0,1,1,6,1,67,10,-1,-1,-1,4,1
2014360088542,2,9,0,9,0,6,0,0,0,0,3,1,2,2,27,6,1398,1,-1,8,2
2014360088568,1,9,0,13,0,0,0,0,0,0,0,1,6,3,-1,-1,-1,-1,-1,-1,-1
2014360088568,2,9,0,18,0,0,0,0,7,0,3,1,6,2,53,8,1149,1,11,8,1
2014360088734,1,9,0,18,0,8,0,0,0,0,1,1,6,1,88,11,1968,2,3,10,1
2014360088734,2,11,0,18,0,8,0,0,1,3,1,1,1,1,56,9,12000,2,12,3,1
2014360089208,1,9,0,18,0,8,5,0,3,0,1,1,6,1,24,5,1598,1,8,9,2
201436T140001,1,9,0,17,0,0,5,0,0,0,4,1,6,2,19,4,1364,1,7,8,1
201436T140002,1,98,0,7,0,8,1,0,1,0,1,1,1,1,25,5,2143,2,4,6,2
201436T140003,1,3,0,3,0,1,0,0,0,0,2,1,6,2,25,5,124,1,14,9,1
201436T140003,2,9,0,4,0,1,0,0,0,0,1,1,6,1,50,8,1896,2,11,2,1
201436T140004,1,9,0,18,0,2,0,0,0,0,3,1,6,1,72,10,1242,1,2,6,2
201436T140005,1,9,0,18,0,0,2,0,1,4,4,1,6,2,62,9,1248,2,2,7,3
201436T140006,1,9,0,18,0,0,2,0,1,0,1,1,6,1,18,4,1199,1,12,8,1
201436T140008,1,9,0,5,0,4,0,0,0,0,1,1,6,1,44,7,1198,1,8,2,1
201436T140008,2,1,0,18,0,8,0,0,0,0,1,1,1,1,23,5,-1,-1,-1,9,2
201436T140009,1,9,0,18,0,0,1,0,0,0,1,1,6,2,18,4,-1,-1,-1,5,3
201436T140010,1,9,0,18,0,0,2,0,1,0,4,1,6,1,75,10,1248,1,-1,10,1
201436T140011,1,9,0,16,0,0,1,0,7,4,1,1,2,2,50,8,1461,2,8,8,3
201436T140012,1,1,0,9,0,5,0,0,0,0,3,1,6,1,16,4,-1,-1,-1,8,3
201436T140012,2,9,0,18,0,1,0,0,0,0,1,1,6,1,27,6,1364,1,5,8,3
201436T140013,1,9,0,18,0,0,0,0,0,0,3,1,2,1,46,8,1796,1,13,9,1
201436T140014,1,9,0,18,0,0,0,4,0,0,1,1,6,1,65,9,1398,1,2,6,3
201436T140014,2,19,0,2,0,0,0,0,0,0,2,1,6,3,-1,-1,2198,2,5,-1,-1
201436T140015,1,9,0,4,0,0,0,0,0,0,4,1,6,1,17,4,1560,2,1,8,1
201436T140016,1,9,0,17,0,0,1,12,7,9,2,1,6,1,19,4,1368,1,6,9,1
201436T140017,1,9,0,17,0,0,2,0,1,10,4,1,6,1,30,6,1999,1,9,6,3
201436T140018,1,3,0,9,0,5,1,0,0,0,3,1,1,2,21,5,108,1,1,-1,-1
201436T140019,1,9,0,5,0,1,1,0,0,0,1,1,6,2,35,6,999,1,2,8,1
201436T140020,1,9,0,14,0,0,0,0,0,0,1,1,6,1,62,9,1596,1,7,8,1
201436T140020,2,9,0,18,0,0,0,0,2,10,1,1,2,1,21,5,1951,2,13,6,3
201436T140020,3,20,0,2,0,0,0,0,0,0,0,1,1,1,61,9,-1,-1,-1,7,3
201436T140020,4,21,0,2,0,0,0,0,0,0,0,1,1,1,59,9,-1,-1,-1,6,2
201436T140021,1,9,0,18,0,0,1,0,8,4,1,1,6,1,35,6,1984,1,33,7,2
201436T140022,1,9,0,9,0,6,0,0,0,0,4,1,6,1,69,10,2398,1,15,7,1
201436T140022,2,3,0,18,0,8,0,0,0,0,1,1,2,1,27,6,124,1,17,-1,1
201436T140023,1,9,0,18,0,4,1,9,1,11,1,1,6,1,24,5,1753,2,9,3,2
201436T140024,1,9,0,18,0,4,0,0,0,0,3,1,1,1,35,6,1896,2,6,-1,3
201436T140024,2,1,0,9,0,8,0,0,0,0,1,1,6,1,20,4,-1,-1,-1,3,1
201436T140025,1,9,0,9,0,5,0,0,0,0,1,1,6,2,53,8,1997,2,8,7,1
201436T140025,2,1,0,18,0,8,0,0,0,0,1,1,6,1,30,6,-1,-1,-1,9,1
201436T140026,1,9,0,18,0,0,5,0,1,0,1,1,1,2,52,8,1242,1,10,4,3
201436T140027,1,9,0,18,0,0,1,0,1,4,1,1,6,1,24,5,2198,1,9,3,1
201436T140028,1,9,0,4,0,1,0,0,0,0,1,1,6,1,30,6,1988,1,16,5,1
201436T140028,2,9,0,3,0,1,0,0,0,0,2,1,1,1,19,4,-1,-1,-1,10,2
201436T140029,1,9,0,17,0,1,1,0,0,0,3,1,2,1,20,4,998,1,19,7,3
201436T140030,1,9,0,18,0,0,2,0,7,4,1,1,1,1,20,4,-1,-1,-1,5,1
201436T140031,1,3,0,4,0,1,1,0,0,0,1,1,2,1,27,6,125,1,3,-1,1
201436T140031,2,9,0,3,0,1,0,0,0,0,2,1,2,1,40,7,1596,1,9,10,1
201436T140032,1,11,0,4,0,0,1,0,0,0,1,1,1,1,52,8,14618,2,14,5,2
201436T140032,2,9,0,3,0,0,0,0,0,0,2,1,2,1,27,6,2830,2,17,-1,-1
201436T140032,3,8,0,3,0,0,0,0,0,0,2,1,1,1,48,8,-1,-1,-1,4,3
201436T140033,1,19,0,4,0,1,0,0,0,0,1,1,6,1,64,9,2488,2,7,7,1
201436T140033,2,9,0,4,0,1,0,0,0,0,2,1,6,1,19,4,1398,1,1,2,1
201436T140034,1,9,0,7,0,6,0,0,0,0,3,1,6,1,37,7,2143,2,4,6,1
201436T140035,1,9,0,7,0,6,0,0,0,0,1,1,6,1,25,5,1397,1,25,-1,-1
201436T140035,2,9,0,18,0,8,0,0,0,0,4,1,6,1,23,5,2402,2,5,-1,3
201436T140036,1,9,0,18,0,0,0,0,0,0,1,1,2,1,18,4,-1,-1,-1,5,3
201436T140036,2,9,0,18,0,0,0,0,0,0,2,1,2,2,24,5,1796,1,9,3,3
201436T140036,3,9,0,18,0,0,0,0,0,0,2,1,2,1,45,7,1956,2,3,2,1
201436T140038,1,3,0,16,0,8,1,0,0,0,4,1,6,1,17,4,125,1,9,5,3
201436T140039,1,9,0,18,0,0,5,0,1,4,4,1,6,1,59,9,1588,1,12,6,2
201436T140040,1,9,0,9,0,6,0,0,0,0,3,1,3,2,29,6,1598,1,12,6,3
201436T140040,2,9,0,18,0,8,0,0,0,0,1,1,3,2,43,7,1984,1,13,6,3
201436T140041,1,90,4,18,0,0,5,10,0,0,4,1,1,2,35,6,-1,-1,-1,6,3
201436T140043,1,9,0,6,0,0,0,0,0,0,3,1,2,1,30,6,1998,2,10,1,1
201436T140043,2,9,0,18,0,0,0,0,0,0,1,1,2,1,30,6,1896,2,12,1,1
201436T140044,1,9,0,16,0,0,2,0,7,9,1,1,6,2,22,5,1149,1,13,6,1
201436T140045,1,9,0,18,0,1,0,0,0,0,4,1,6,1,59,9,1388,1,11,1,1
201436T140045,2,1,0,5,9,1,0,0,0,0,1,1,6,1,14,3,-1,-1,-1,-1,-1
201436T140046,1,9,0,5,0,7,0,0,0,0,1,1,2,1,59,9,-1,-1,-1,9,3
201436T140046,2,9,0,5,0,7,0,0,0,0,2,1,2,1,59,9,-1,-1,-1,9,3
201436T140047,1,5,0,9,0,8,0,0,0,0,3,1,6,1,47,8,-1,-1,-1,10,1
201436T140048,1,9,0,3,0,1,0,0,0,0,2,1,2,1,65,9,-1,-1,-1,9,1
201436T140048,2,1,0,4,0,1,0,0,0,0,1,1,2,1,34,6,-1,-1,-1,9,1
201436T140049,1,3,0,4,0,1,1,0,0,0,4,1,6,2,19,4,125,1,-1,1,1
201436T140050,1,9,0,4,0,1,0,0,0,0,4,1,2,1,51,8,1332,1,15,8,1
201436T140050,2,1,0,18,9,6,0,0,0,0,1,1,6,2,9,2,-1,-1,-1,-1,-1
201436T140051,1,9,0,16,0,0,1,0,0,0,3,1,6,1,47,8,-1,-1,-1,8,3
201436T140051,2,19,0,17,0,0,0,0,0,0,3,1,6,1,73,10,1896,2,17,6,1
201436T140052,1,1,0,18,0,6,0,0,0,0,0,1,6,1,-1,-1,-1,-1,-1,-1,-1
201436T140052,2,1,0,4,9,1,0,0,0,0,4,1,6,1,50,8,-1,-1,-1,2,1
201436T140053,1,9,0,18,0,0,0,0,0,0,1,1,6,2,48,8,1968,2,7,1,1
201436T140054,1,9,0,16,0,0,1,0,1,3,1,1,2,2,18,4,1299,1,10,3,3
201436T140055,1,19,0,18,0,0,0,4,7,11,1,1,1,1,69,10,1753,2,4,2,1
201436T140055,2,90,0,2,0,0,0,0,0,0,2,1,6,1,70,10,2498,2,23,3,1
201436T140056,1,9,0,17,0,0,0,0,1,0,1,1,6,1,28,6,1596,1,13,3,1
201436T140057,1,9,0,9,0,6,0,0,0,0,3,1,6,1,49,8,1598,1,9,10,2
201436T140057,2,9,0,18,0,8,0,0,0,0,1,1,6,1,50,8,1956,2,2,-1,2
201436T140058,1,9,0,18,0,1,0,0,0,0,1,1,6,2,20,4,1124,1,15,5,3
201436T140060,1,9,0,13,0,0,0,0,0,0,4,1,6,1,18,4,1149,1,13,5,3
201436T140060,2,9,0,13,0,0,0,0,0,0,3,1,6,1,23,5,1896,2,10,4,2
201436T140061,1,9,0,13,0,8,0,0,0,0,1,1,6,2,-1,-1,-1,-1,-1,-1,-1
201436T140061,2,9,0,9,0,5,0,0,7,5,3,1,6,1,23,5,1588,1,11,1,1
201436T140061,3,21,0,18,0,1,0,0,0,0,0,1,6,3,-1,-1,-1,-1,-1,-1,-1
201436T140062,1,9,0,18,0,0,0,0,0,0,1,1,6,2,17,4,1240,1,11,8,1
201436T140062,2,9,0,3,0,0,0,0,0,0,2,1,6,1,72,10,3199,1,17,5,3
201436T140063,1,9,0,17,0,0,2,0,1,0,1,1,2,2,19,4,1299,1,12,10,2
201436T140064,1,9,0,4,0,3,0,0,0,0,1,1,6,2,40,7,1896,2,11,5,1
201436T140064,2,9,0,4,0,3,0,0,0,0,2,1,2,1,20,4,1149,1,9,8,2
201436T140064,3,9,0,4,0,3,0,0,0,0,2,1,2,1,40,7,-1,-1,-1,9,1
201436T140065,1,9,0,18,0,0,0,12,0,0,1,1,2,1,49,8,1749,1,11,6,3
201436T140066,1,21,0,18,0,1,1,0,0,0,1,1,1,1,48,8,4461,2,5,6,1
201436T140066,2,9,0,10,0,8,0,0,0,0,2,1,6,2,39,7,1582,2,2,8,3
201436T140067,1,9,0,17,0,2,2,0,1,10,4,1,2,1,18,4,2198,1,12,10,2
201436T140068,1,9,0,18,0,0,0,0,7,4,3,1,6,1,26,6,1396,1,11,4,3
201436T140069,1,3,0,16,0,0,1,0,1,11,1,1,6,1,17,4,125,1,-1,6,3
201436T140070,1,3,0,17,0,0,1,0,0,0,3,1,1,1,41,7,125,1,1,4,2
201436T140071,1,9,0,5,0,1,0,0,0,0,3,1,6,2,53,8,1560,2,6,8,1
201436T140071,2,9,0,18,0,1,1,0,7,4,1,1,6,1,83,11,1242,1,5,4,3
201436T140072,1,9,0,16,0,0,0,0,0,0,3,1,6,1,21,5,1199,1,11,5,3
201436T140072,2,9,0,17,0,0,0,0,0,0,3,1,6,1,75,10,1796,1,7,6,2
201436T140073,1,9,0,18,0,0,2,0,7,4,3,1,1,1,25,5,6750,1,12,-1,-1
201436T140074,1,9,0,18,0,0,1,0,7,0,1,1,6,2,19,4,1299,1,9,9,3
201436T140075,1,9,0,2,0,0,0,0,0,0,3,1,6,1,29,6,1995,2,10,-1,-1
201436T140075,2,1,0,14,0,0,0,8,0,0,1,1,6,2,33,6,-1,-1,-1,-1,-1
201436T140076,1,9,0,18,0,0,0,0,0,0,1,1,2,2,21,5,1598,1,7,9,1
201436T140076,2,2,0,3,0,0,0,0,0,0,2,1,2,1,43,7,50,1,2,7,1
201436T140077,1,9,0,18,0,8,0,0,7,4,1,1,6,1,30,6,1761,1,14,10,2
201436T140078,1,9,0,9,0,6,0,0,0,0,3,1,6,2,30,6,1598,1,12,8,1
201436T140078,2,1,0,18,0,8,0,0,0,0,4,1,6,1,40,7,-1,-1,-1,3,1
201436T140079,1,9,0,4,0,1,0,0,0,0,1,1,6,1,88,11,1339,1,-1,8,1
201436T140079,2,9,0,3,0,1,0,0,0,0,2,1,6,1,18,4,2148,2,11,3,1
201436T140081,1,9,0,16,0,0,0,0,7,9,1,1,1,1,22,5,1796,1,21,4,3
201436T140082,1,19,0,18,0,0,1,0,1,11,1,1,1,1,57,9,2300,2,8,10,2
201436T140083,1,9,0,16,0,0,0,0,1,4,4,1,6,1,19,4,1149,1,13,-1,2
201436T140084,1,9,0,18,0,0,5,10,0,0,4,1,6,2,18,4,1590,1,22,5,3
201436T140085,1,21,0,4,0,1,0,0,0,0,1,1,1,1,47,8,12777,2,1,8,2
201436T140085,2,9,0,3,0,1,0,0,0,0,2,1,2,2,50,8,1995,2,9,9,3
201436T140086,1,9,0,18,0,6,0,0,0,0,3,1,1,2,47,8,1769,1,22,8,3
201436T140086,2,1,0,9,0,8,0,0,0,0,1,1,1,1,26,6,-1,-1,-1,8,3
201436T140087,1,17,5,18,0,3,2,0,1,0,4,1,1,1,57,9,-1,2,7,6,3
201436T140088,1,9,0,16,0,0,5,0,1,10,4,1,6,2,17,4,1400,1,14,8,2
201436T140089,1,9,0,17,0,0,5,0,0,0,1,1,6,1,40,7,1398,2,9,8,3
201436T140090,1,9,0,18,0,0,0,0,0,0,3,1,6,2,45,7,1461,2,11,6,1
201436T140090,2,11,0,18,0,0,0,0,0,0,3,1,1,1,45,7,4250,2,10,8,1
201436T140091,1,3,0,18,0,0,1,0,0,0,4,1,6,1,32,6,124,1,10,9,2
201436T140092,1,9,0,18,0,0,0,0,0,0,1,1,6,2,23,5,1242,1,1,6,1
201436T140092,2,9,0,3,0,0,0,0,0,0,2,1,6,1,29,6,1587,1,8,6,2
201436T140092,3,9,0,3,0,0,0,0,0,0,2,1,6,1,22,5,2500,2,15,-1,2
201436T140093,1,9,0,4,0,1,0,0,0,0,1,1,6,1,35,6,-1,-1,-1,-1,-1
201436T140093,2,9,0,3,0,1,0,0,0,0,2,1,6,1,67,10,1395,1,-1,8,1
201436T140094,1,9,0,12,0,0,0,0,0,0,1,1,6,1,62,9,-1,-1,-1,3,1
201436T140094,2,9,0,18,0,0,0,0,0,0,2,1,6,1,55,8,1998,2,9,-1,-1
201436T140095,1,9,0,18,0,0,0,0,0,0,1,1,6,1,18,4,1199,1,11,6,1
201436T140095,2,9,0,4,0,0,0,0,0,0,2,1,6,2,28,6,1796,1,11,1,1
201436T140096,1,1,0,18,0,0,0,0,0,0,2,1,6,1,18,4,-1,-1,-1,7,1
201436T140096,2,1,0,18,0,0,0,0,0,0,1,1,6,1,16,4,-1,-1,-1,8,3
201436T140097,1,9,0,17,0,8,2,0,1,9,4,1,6,2,20,4,1198,1,4,9,3
201436T140098,1,9,0,18,0,8,0,0,0,0,3,1,6,2,39,7,1598,1,9,1,1
201436T140098,2,21,1,7,0,5,0,0,0,0,3,1,1,1,40,7,10837,2,1,-1,-1
201436T140099,1,9,0,13,0,0,0,0,2,10,2,1,6,2,48,8,1995,2,4,7,3
201436T140099,2,21,4,18,0,0,0,0,0,0,1,2,1,1,41,7,-1,-1,-1,-1,-1
201436T140100,1,1,0,18,0,0,0,0,0,0,4,1,6,1,40,7,-1,-1,-1,-1,-1
201436T140101,1,9,0,18,0,0,1,10,1,0,4,1,6,1,18,4,1299,1,13,-1,-1
201436T140102,1,9,0,17,0,0,5,0,1,0,3,1,6,2,42,7,2663,2,19,6,3
201436T140103,1,9,0,4,0,1,0,0,0,0,1,1,2,2,21,5,1149,1,6,5,1
201436T140103,2,9,0,3,0,1,0,0,0,0,2,1,2,2,55,8,1998,1,12,8,1
201436T140103,3,9,0,3,0,1,0,0,0,0,2,1,2,1,54,8,898,1,1,9,1
201436T140104,1,3,0,16,0,8,0,0,0,0,1,1,2,1,45,7,108,1,1,-1,-1
201436T140105,1,9,0,17,0,0,2,10,1,9,1,1,6,2,46,8,1560,2,6,8,3
201436T140106,1,9,0,18,0,2,0,0,0,0,4,1,2,1,20,4,1229,1,9,-1,2
201436T140107,1,19,0,9,0,6,0,0,3,0,3,1,1,1,27,6,1998,2,8,1,1
201436T140107,2,9,0,18,0,8,0,0,0,0,1,1,6,1,18,4,1242,1,5,4,1
201436T140108,1,2,0,18,0,0,0,0,0,0,3,1,6,1,17,4,49,1,1,5,1
201436T140109,1,9,0,18,0,0,0,0,0,0,1,1,6,2,57,9,1124,1,11,5,2
201436T140109,2,9,0,3,0,0,0,0,0,0,2,1,6,1,34,6,1461,2,8,1,1
201436T140110,1,9,0,18,0,2,0,0,0,0,1,1,6,1,49,8,2494,1,16,-1,-1
201436T140111,1,9,0,18,0,0,0,0,0,0,4,1,6,1,61,9,1339,1,1,6,3
201436T140112,1,1,0,18,0,0,0,0,0,0,4,1,6,2,39,7,-1,-1,-1,9,1
201436T140113,1,9,0,9,0,6,0,0,0,0,1,1,6,1,63,9,2290,1,15,7,3
201436T140113,2,1,0,18,0,8,0,0,0,0,1,1,6,2,20,4,-1,-1,-1,8,1
201436T140114,1,9,0,18,0,1,0,0,0,0,1,1,2,2,27,6,1598,1,14,3,1
201436T140114,2,9,0,4,0,1,0,0,0,0,2,1,2,2,51,8,1596,1,8,10,1
201436T140114,3,9,0,4,0,1,0,0,0,0,2,1,2,1,39,7,1108,1,11,8,2