Accident_Index,Vehicle_Reference,Vehicle_Type,Towing_and_Articulation,Vehicle_Manoeuvre,Vehicle_Location-Restricted_Lane,Junction_Location,Skidding_and_Overturning,Hit_Object_in_Carriageway,Vehicle_Leaving_Carriageway,Hit_Object_off_Carriageway,1st_Point_of_Impact,Was_Vehicle_Left_Hand_Drive?,Journey_Purpose_of_Driver,Sex_of_Driver,Age_of_Driver,Age_Band_of_Driver,Engine_Capacity_(CC),Propulsion_Code,Age_of_Vehicle,Driver_IMD_Decile,Driver_Home_Area_Type
201436T140115,1,9,0,13,0,0,0,0,0,0,4,1,6,1,52,8,1598,1,14,10,3
201436T140115,2,11,0,5,0,0,0,0,0,0,3,1,1,1,55,8,8268,2,11,-1,-1
201436T140116,1,9,0,17,0,0,2,0,8,10,3,1,2,1,17,4,1398,2,3,6,3
201436T140117,1,2,0,18,0,1,1,0,0,0,1,1,1,1,17,4,49,1,6,6,3
201436T140117,2,9,0,10,0,8,0,0,0,0,2,1,1,2,40,7,1400,1,14,6,3
201436T140118,1,2,0,7,0,6,0,0,0,0,1,1,6,1,16,4,49,1,11,-1,-1
201436T140118,2,9,0,5,0,8,0,0,0,0,1,1,6,1,66,10,1339,1,6,-1,-1
201436T140119,1,5,0,18,0,0,1,12,0,0,1,1,6,1,26,6,599,1,12,4,3
201436T140120,1,9,0,17,0,2,2,0,1,9,1,1,2,2,42,7,-1,-1,-1,6,2
201436T140121,1,9,0,4,0,1,0,0,0,0,1,1,6,1,34,6,2191,2,1,7,2
201436T140121,2,9,0,10,0,8,0,0,0,0,2,1,6,1,66,10,1999,1,13,8,1
201436T140123,1,19,0,4,0,0,0,0,0,0,2,1,6,2,35,6,1868,2,13,3,1
201436T140123,2,9,0,18,0,0,0,0,0,0,1,1,6,2,36,7,1590,1,12,3,1
201436T140124,1,9,0,18,0,3,1,0,1,2,1,1,6,1,19,4,1299,1,11,7,3
201436T140125,1,19,0,9,0,5,0,0,0,0,4,1,1,1,33,6,1248,2,4,3,1
201436T140125,2,1,0,18,0,8,0,0,0,0,1,1,2,1,18,4,-1,-1,-1,-1,-1
201436T140126,1,9,0,18,0,0,0,0,7,11,1,1,1,2,25,5,1149,1,3,1,1
201436T140127,1,9,0,18,0,0,0,0,0,0,1,1,1,1,48,8,1497,1,13,-1,-1
201436T140127,2,9,0,3,0,0,0,0,0,0,2,1,1,1,25,5,1242,1,9,-1,1
201436T140127,3,19,0,18,0,0,0,0,0,0,1,1,1,1,29,6,2198,2,2,-1,-1
201436T140128,1,9,0,5,0,6,0,0,3,0,1,1,6,1,17,4,-1,-1,-1,4,1
201436T140128,2,9,0,18,0,8,0,0,0,0,1,1,6,2,70,10,1498,1,5,8,1
201436T140129,1,9,0,18,0,4,0,0,0,0,1,1,6,1,41,7,1364,2,1,3,1
201436T140129,2,9,0,18,0,8,0,0,0,0,1,1,6,1,32,6,2993,2,10,8,1
201436T140130,1,9,0,18,0,2,0,0,0,0,4,1,6,1,45,7,-1,-1,-1,7,2
201436T140131,1,90,0,9,0,4,0,0,0,0,3,1,6,1,20,4,1971,1,22,4,2
201436T140131,2,8,0,18,0,8,0,0,0,0,1,1,1,1,54,8,1910,2,9,4,3
201436T140132,1,1,0,18,9,0,0,10,0,0,1,1,6,1,32,6,-1,-1,-1,6,1
201436T140132,2,9,0,18,0,0,0,0,0,0,1,1,1,2,45,7,1390,1,3,7,1
201436T140133,1,2,0,18,0,1,0,0,0,0,0,1,6,1,18,4,124,1,-1,2,1
201436T140134,1,5,0,16,0,1,0,10,0,0,4,1,6,1,47,8,749,1,18,4,1
201436T140135,1,9,0,18,0,1,1,0,0,0,1,1,1,1,37,7,-1,-1,-1,9,1
201436T140135,2,8,0,10,0,8,0,0,0,0,2,1,1,1,55,8,1248,2,8,7,2
201436T140136,1,11,0,18,0,2,0,0,0,0,1,1,1,1,50,8,6374,2,5,5,3
201436T140137,1,5,0,16,0,0,1,0,0,0,3,1,2,1,43,7,1202,1,4,7,3
201436T140138,1,20,0,18,0,0,0,0,0,0,2,1,1,1,43,7,2402,2,13,9,1
201436T140138,2,20,0,18,0,0,0,0,0,0,1,1,1,1,24,5,2198,2,1,8,2
201436T140139,1,9,0,18,0,0,5,0,1,0,1,1,6,1,21,5,1360,1,9,10,2
201436T140141,1,9,0,9,0,6,0,0,0,0,1,1,6,1,57,9,2401,2,11,1,1
201436T140141,2,9,0,18,0,8,0,0,0,0,1,1,6,2,59,9,1598,1,2,8,3
201436T140142,1,9,0,2,0,0,0,0,0,0,3,1,6,1,24,5,1598,1,5,3,1
201436T140143,1,9,0,8,0,1,0,0,0,0,2,1,1,1,40,7,998,1,12,4,3
201436T140143,2,9,0,18,0,1,0,0,0,0,1,1,1,1,20,4,1997,2,13,6,3
201436T140144,1,9,0,9,0,6,1,0,3,4,1,1,6,1,23,5,1587,1,13,-1,-1
201436T140145,1,9,0,17,0,0,2,0,1,0,1,1,6,2,42,7,1388,1,8,8,2
201436T140146,1,4,0,18,0,0,0,10,0,0,4,1,6,1,26,6,124,1,5,2,1
201436T140147,1,9,0,7,0,5,0,0,0,0,3,1,6,2,29,6,1360,1,10,5,1
201436T140147,2,1,0,18,0,8,0,0,0,0,2,1,6,2,27,6,-1,-1,-1,2,1
201436T140148,1,9,0,4,0,0,0,0,0,0,1,1,6,2,43,7,-1,-1,-1,7,3
201436T140148,2,9,0,4,0,0,0,0,0,0,2,1,6,2,43,7,1242,1,14,7,3
201436T140149,1,9,0,18,0,0,2,0,7,0,1,1,6,1,23,5,1229,1,8,-1,-1
201436T140150,1,9,0,9,0,5,0,0,0,0,1,1,6,1,47,8,-1,-1,-1,7,1
201436T140150,2,9,0,18,0,8,0,0,0,0,1,1,6,1,48,8,1399,2,3,6,1
201436T140151,1,3,0,18,0,1,0,0,7,9,1,1,1,1,21,5,108,1,1,8,2
201436T140152,1,1,0,18,0,8,0,0,0,0,4,1,6,1,26,6,-1,-1,-1,9,1
201436T140153,1,3,0,16,0,0,1,0,7,0,1,1,1,2,18,4,125,1,1,3,1
201436T140154,1,9,0,18,0,0,0,0,0,0,3,1,6,2,45,7,2143,2,2,9,1
201436T140155,1,9,0,4,0,0,0,0,0,0,1,1,6,1,43,7,-1,-1,-1,6,3
201436T140155,2,9,0,4,0,0,0,0,0,0,2,1,6,1,49,8,-1,-1,-1,9,1
201436T140155,3,9,0,4,0,0,0,0,0,0,2,1,6,1,39,7,-1,-1,-1,6,1
201436T140156,1,21,1,18,0,1,0,0,0,0,1,1,1,1,-1,-1,11967,2,3,-1,-1
201436T140156,2,9,0,3,0,1,0,0,0,0,2,1,6,1,19,4,973,1,13,3,1
201436T140157,1,9,0,16,0,0,2,0,0,0,4,1,2,2,35,6,1240,1,11,6,2
201436T140158,1,9,0,16,0,0,2,0,1,0,4,1,2,1,45,7,1461,2,7,4,1
201436T140159,1,9,0,18,0,0,2,0,1,0,1,1,6,1,29,6,1199,1,14,-1,1
201436T140160,1,9,0,18,0,1,0,0,0,0,4,1,1,2,42,7,1870,2,10,8,3
201436T140161,1,19,0,5,0,6,0,0,0,0,1,1,6,1,59,9,1248,2,1,7,3
201436T140161,2,1,0,18,0,8,0,0,0,0,4,1,6,1,15,3,-1,-1,-1,8,2
201436T140162,1,5,0,17,0,0,0,0,1,10,1,1,6,1,25,5,749,1,19,8,2
201436T140163,1,9,3,18,0,0,2,0,1,9,1,1,6,1,71,10,1896,2,4,6,3
201436T140164,1,9,0,18,0,0,2,0,0,0,1,1,6,2,26,6,1349,1,4,4,2
201436T140165,1,9,0,9,0,4,0,0,0,0,1,1,6,2,42,7,2204,2,7,-1,1
201436T140165,2,1,0,18,0,8,0,0,0,0,1,1,6,1,33,6,-1,-1,-1,-1,1
201436T140166,1,19,0,4,0,0,0,0,7,9,1,1,1,1,32,6,1686,2,10,9,2
201436T140167,1,9,0,4,0,1,0,0,0,0,1,1,1,2,46,8,1560,2,-1,-1,-1
201436T140167,2,9,0,8,0,1,0,0,0,0,2,1,1,2,30,6,1596,1,12,-1,-1
201436T140168,1,9,0,7,0,6,0,0,0,0,1,1,6,1,38,7,2498,1,14,9,3
201436T140168,2,9,0,18,0,8,0,0,0,0,1,1,2,1,24,5,1753,2,11,8,2
201436T140169,1,9,0,4,0,0,0,0,0,0,0,1,6,2,43,7,1956,2,2,2,1
201436T140169,2,9,0,4,0,0,0,0,0,0,2,1,1,1,53,8,-1,-1,-1,6,1
201436T140169,3,9,0,4,0,0,0,0,0,0,2,1,6,1,17,4,1598,1,7,10,3
201436T140169,4,9,0,18,0,0,0,0,0,0,1,1,6,1,17,4,999,1,13,6,3
201436T140170,1,9,0,18,0,0,0,12,0,0,1,1,6,2,31,6,17696,1,9,4,2
201436T140170,2,3,0,18,0,0,0,12,0,0,3,1,2,1,47,8,108,1,-1,2,1
201436T140171,1,9,0,4,0,0,0,0,0,0,1,1,6,1,33,6,1124,1,13,3,1
201436T140171,2,9,0,3,0,0,0,0,0,0,2,1,2,2,45,7,1997,1,8,8,3
201436T140172,1,9,0,9,0,6,0,0,0,0,3,1,1,1,-1,-1,1598,1,12,5,3
201436T140172,2,1,0,18,0,8,0,0,0,0,1,1,1,2,40,7,-1,-1,-1,7,3
201436T140173,1,9,0,17,0,0,2,0,0,0,1,1,6,2,38,7,1896,2,9,-1,3
201436T140175,1,9,0,17,0,0,1,0,7,4,4,1,2,1,46,8,1242,1,8,6,3
201436T140176,1,9,0,16,0,0,0,0,0,0,1,1,6,2,19,4,1328,1,9,-1,3
201436T140177,1,9,0,18,0,8,5,9,2,10,1,1,1,1,47,8,1198,1,9,-1,1
201436T140178,1,20,0,16,0,0,1,0,0,0,3,1,1,1,35,6,2402,2,5,7,3
201436T140178,2,19,0,17,0,0,0,0,1,0,3,1,2,1,42,7,1997,2,10,6,1
201436T140179,1,9,0,16,0,0,1,0,1,10,4,1,6,2,40,7,-1,-1,-1,7,2
201436T140180,1,9,0,17,0,0,5,0,7,9,4,1,6,1,25,5,1390,1,15,-1,2
201436T140181,1,3,0,4,0,0,1,0,0,0,3,1,6,2,17,4,124,1,-1,7,2
201436T140182,1,9,0,18,0,0,0,0,0,0,4,1,6,2,20,4,1794,1,14,4,1
201436T140182,2,1,0,5,9,0,0,0,0,0,1,1,6,2,18,4,-1,-1,-1,5,1
201436T140183,1,9,0,17,0,8,1,0,7,3,1,1,6,2,37,7,1587,1,11,6,3
201436T140184,1,9,0,2,0,1,0,0,0,0,3,1,6,2,76,11,1799,1,5,-1,-1
201436T140184,2,1,0,18,0,1,0,4,0,0,1,1,6,1,17,4,-1,-1,-1,3,1
201436T140185,1,9,0,3,0,0,0,0,0,0,0,1,6,2,36,7,998,1,1,-1,-1
201436T140185,2,9,0,4,0,0,1,0,0,0,2,1,6,2,41,7,2400,2,3,6,3
201436T140185,3,9,0,18,0,0,1,0,0,0,1,1,6,2,65,9,1242,1,5,5,1
201436T140186,1,1,0,18,0,8,0,0,0,0,3,1,6,1,14,3,-1,-1,-1,-1,2
201436T140188,1,9,0,4,0,0,0,0,0,0,2,1,6,1,65,9,1998,2,12,3,1
201436T140188,2,11,0,18,0,0,0,0,0,0,1,1,1,2,49,8,7300,2,12,1,1
201436T140189,1,9,0,17,0,0,1,10,0,0,4,1,6,1,37,7,1242,1,16,3,3
201436T140190,1,9,0,18,0,3,0,0,0,0,4,1,6,1,59,9,1796,1,7,10,1
201436T140190,2,1,0,9,0,8,0,0,0,0,1,1,6,1,24,5,-1,-1,-1,8,1
201436T140191,1,9,0,17,0,0,2,0,7,0,1,1,6,1,28,6,1149,1,13,10,2
201436T140192,1,9,0,11,0,8,0,0,0,0,1,1,2,1,48,8,-1,-1,-1,9,1
201436T140192,2,5,0,4,0,8,0,0,0,0,3,1,2,2,40,7,656,1,8,9,1
201436T140193,1,4,0,17,0,0,1,0,1,0,1,1,1,1,29,6,124,1,9,-1,-1
201436T140194,1,2,0,4,0,1,1,0,0,0,4,1,1,1,16,4,49,1,6,6,1
201436T140195,1,4,0,18,0,0,1,0,0,0,1,1,1,1,22,5,125,1,-1,3,1
201436T140195,2,9,0,18,0,0,0,0,0,0,2,1,6,2,37,7,-1,-1,-1,9,1
201436T140197,1,9,0,17,0,0,1,0,0,0,1,1,6,2,30,6,1124,1,16,6,1
201436T140197,2,9,0,16,0,0,0,0,0,0,1,1,6,2,18,4,1199,1,13,1,1
201436T140198,1,9,0,18,0,0,1,0,7,9,3,1,6,1,35,6,1905,2,16,2,1
201436T140199,1,9,0,18,0,0,5,0,7,4,1,1,6,1,25,5,2498,1,18,5,3
201436T140200,1,9,0,17,0,8,2,0,7,0,1,1,6,1,17,4,1149,1,10,6,2
201436T140201,1,9,0,7,0,6,0,0,0,0,3,1,6,1,38,7,1956,2,-1,8,1
201436T140202,1,9,0,13,0,8,0,0,0,0,4,1,6,1,70,10,2401,2,7,10,1
201436T140202,2,2,0,9,0,5,0,0,0,0,3,1,6,2,17,4,124,1,7,6,3
201436T140203,1,9,0,9,0,8,0,0,0,0,3,1,6,1,28,6,2401,2,8,7,3
201436T140203,2,9,0,9,0,8,0,0,0,0,4,1,6,1,51,8,1560,2,4,3,1
201436T140204,1,19,0,18,0,4,1,0,0,0,1,1,6,1,50,8,1686,2,12,5,3
201436T140204,2,9,0,18,0,8,0,0,0,0,4,1,6,1,19,4,-1,-1,-1,3,1
201436T140205,1,9,0,4,0,1,0,0,4,6,3,1,6,2,26,6,1596,1,10,2,1
201436T140206,1,9,0,18,0,0,0,11,1,10,1,1,6,1,52,8,1988,1,15,6,3
201436T140206,2,9,0,18,0,0,0,0,0,0,1,1,6,2,38,7,-1,-1,-1,4,3
201436T140207,1,19,0,9,0,5,0,0,0,0,4,1,1,1,24,5,1753,2,14,3,1
201436T140207,2,9,0,16,0,8,0,0,0,0,1,1,6,1,20,4,1896,2,11,4,3
201436T140208,1,9,0,4,0,0,0,0,0,0,2,1,2,1,55,8,1598,1,7,1,1
201436T140208,2,98,0,4,0,0,1,0,0,0,2,1,2,1,28,6,2402,2,5,9,3
201436T140208,3,19,0,18,0,0,1,0,0,0,1,1,2,1,21,5,1248,2,-1,3,1
201436T140209,1,2,0,9,0,8,1,0,0,0,3,1,6,1,16,4,49,1,-1,5,3
201436T140210,1,9,0,5,0,4,0,0,0,0,1,1,1,2,40,7,1124,1,9,8,2
201436T140210,2,9,0,5,0,4,0,0,0,0,2,1,2,2,31,6,1799,1,5,8,2
201436T140211,1,9,0,17,0,0,1,0,7,9,3,1,2,2,47,8,998,1,3,4,3
201436T140212,1,11,0,5,0,0,0,0,0,0,1,1,1,1,62,9,9360,2,6,3,1
201436T140212,2,11,0,2,0,0,0,0,0,0,2,1,1,1,55,8,8268,2,12,-1,-1
201436T140213,1,19,0,18,0,0,2,0,1,4,1,1,1,1,21,5,1399,2,3,8,3
201436T140214,1,2,0,18,0,0,1,0,0,0,4,1,4,1,16,4,49,1,-1,5,1
201436T140215,1,9,0,4,0,1,0,0,0,0,1,1,2,2,18,4,1242,1,3,9,1
201436T140215,2,9,0,8,0,1,0,0,0,0,2,1,2,1,43,7,998,1,7,10,2
201436T140216,1,3,0,16,0,1,1,0,1,0,4,1,6,1,20,4,125,1,1,7,3
201436T140221,1,19,0,4,0,1,0,0,0,0,1,1,1,1,42,7,1870,2,9,6,1
201436T140221,2,9,0,4,0,1,0,0,0,0,2,1,6,2,47,8,1242,1,7,-1,-1
201436T140222,1,17,0,4,0,0,0,0,1,11,1,1,1,1,31,6,6057,2,3,4,3
201436T140223,1,21,5,7,0,5,0,0,0,0,4,1,1,1,41,7,-1,2,11,5,3
201436T140223,2,4,0,15,0,8,0,0,0,0,1,1,2,1,27,6,124,1,11,4,2
201436T140224,1,1,0,18,0,2,1,0,0,0,1,1,1,1,39,7,-1,-1,-1,8,1
201436T140225,1,9,0,18,0,0,2,0,1,4,1,1,1,1,19,4,1587,1,8,8,2
201436T140226,1,2,0,18,0,0,0,12,0,0,1,1,6,1,17,4,49,1,1,-1,-1
201436T140227,1,9,0,18,0,0,0,0,1,4,1,1,6,1,20,4,1199,1,11,3,1
201436T140228,1,21,1,7,0,2,5,10,7,9,3,1,1,1,52,8,12130,2,9,3,1
201436T140229,1,21,0,18,0,0,0,4,0,0,1,1,1,1,60,9,12900,2,3,7,2
201436T140229,2,9,0,2,0,0,0,0,0,0,2,1,6,1,30,6,1798,1,8,7,2
201436T140230,1,9,0,16,0,0,5,0,0,0,4,1,6,1,17,4,1196,1,19,8,1
201436T140231,1,3,0,18,0,0,0,0,0,0,4,1,6,1,36,7,-1,-1,-1,2,1
201436T140232,1,9,0,4,0,1,0,0,0,0,1,1,6,1,30,6,1596,1,14,-1,-1
201436T140232,2,9,0,4,0,1,0,0,0,0,2,1,6,2,25,5,1598,1,-1,2,1
201436T140233,1,9,0,17,0,0,1,0,7,9,1,1,6,2,22,5,1598,1,10,8,3
201436T140234,1,19,0,18,0,0,0,0,1,9,1,1,2,1,28,6,1998,2,9,4,3
201436T140235,1,9,0,18,0,0,2,0,0,0,1,1,6,2,19,4,1248,2,10,8,3
201436T140236,1,9,0,18,0,0,2,0,1,4,1,1,6,1,24,5,1422,2,11,9,2
201436T140237,1,9,0,9,0,5,0,0,0,0,1,1,2,1,33,6,1248,2,6,8,1
201436T140238,1,19,0,4,0,0,0,0,0,0,1,1,6,1,59,9,2143,2,2,10,1
201436T140238,2,9,0,3,0,0,0,0,0,0,2,1,6,2,22,5,1598,1,4,9,3
201436T140238,3,9,0,3,0,0,0,0,0,0,2,1,1,1,47,8,1598,1,1,8,1
201436T140239,1,9,0,17,0,0,2,0,0,0,1,1,6,1,17,4,998,1,7,-1,-1
201436T140240,1,9,0,17,0,0,0,0,1,0,1,1,1,2,18,4,1149,1,12,6,3
201436T140241,1,9,0,9,0,6,0,0,0,0,1,1,6,1,55,8,1596,1,10,5,3
201436T140241,2,9,0,18,0,8,0,0,0,0,3,1,1,1,20,4,-1,-1,-1,6,3
201436T140242,1,9,0,18,0,0,2,10,1,0,1,1,1,2,62,9,1590,1,16,3,1
201436T140244,1,9,0,7,0,6,0,0,0,0,1,1,2,1,21,5,998,1,7,8,1
201436T140244,2,9,0,17,0,8,0,0,0,0,1,1,2,1,62,9,1995,2,4,4,1
201436T140245,1,2,0,4,0,1,1,0,0,0,4,1,1,1,24,5,108,1,2,3,1
201436T140247,1,9,0,16,0,0,2,0,1,0,4,1,6,1,21,5,1596,1,11,4,2
201436T140248,1,9,0,16,0,0,1,0,1,9,1,1,6,1,17,4,1396,1,17,-1,-1
201436T140249,1,2,0,16,0,0,1,0,0,0,3,1,2,1,16,4,49,1,4,6,2
201436T140250,1,9,0,9,0,6,0,0,0,0,3,1,6,1,25,5,1389,1,15,-1,-1
201436T140250,2,9,0,18,0,8,0,0,0,0,1,1,1,1,50,8,-1,-1,-1,-1,-1
201436T140252,1,9,0,18,0,1,1,0,0,0,1,1,6,2,49,8,1769,1,12,5,1
201436T140253,1,9,0,18,0,0,1,0,1,4,1,1,6,2,21,5,1799,1,7,-1,-1
201436T140254,1,2,0,4,0,1,1,0,0,0,3,1,6,1,19,4,108,1,1,4,2
201436T140255,1,19,0,9,0,6,0,0,0,0,1,1,1,1,63,9,1753,2,3,9,3
201436T140255,2,1,0,18,0,8,0,0,0,0,1,1,6,1,35,6,-1,-1,-1,-1,-1
201436T140256,1,9,0,17,0,0,5,0,7,0,1,1,6,2,31,6,1242,1,17,10,2
201436T140257,1,9,0,7,0,6,0,0,0,0,3,1,6,1,39,7,2143,2,-1,-1,-1
201436T140257,2,9,0,10,0,8,0,0,0,0,1,1,6,1,18,4,998,1,14,-1,-1
201436T140258,1,9,0,16,0,0,0,0,1,0,1,1,1,1,40,7,1796,1,15,7,2
201436T140259,1,9,0,4,0,0,0,0,0,0,1,1,6,2,48,8,1951,2,10,7,3
201436T140259,2,9,0,4,0,0,0,0,0,0,2,1,6,1,23,5,1995,1,7,7,3
201436T140260,1,9,0,16,0,0,2,0,0,0,4,1,6,1,28,6,1199,1,13,3,1
201436T140261,1,9,0,4,0,1,0,0,0,0,1,1,6,1,53,8,1796,1,7,-1,-1
201436T140261,2,9,0,4,0,1,0,0,0,0,2,1,6,2,41,7,2987,2,4,6,3
201436T140262,1,9,0,7,0,3,0,0,0,0,4,1,6,2,30,6,-1,-1,-1,-1,-1
201436T140262,2,9,0,9,0,8,0,0,0,0,3,1,1,2,25,5,1598,2,3,-1,-1
201436T140263,1,9,0,1,0,0,0,0,0,0,2,1,6,2,39,7,1390,1,15,2,1
201436T140263,2,4,0,18,0,0,0,0,0,0,3,1,6,1,46,8,487,1,17,2,1
201436T140264,1,3,0,18,0,0,1,0,0,0,4,1,6,1,36,7,125,1,-1,4,1
201436T140265,1,1,0,18,9,0,0,0,0,0,1,1,2,1,21,5,-1,-1,-1,4,1
201436T140265,2,11,0,3,6,0,0,0,0,0,0,1,1,1,50,8,-1,-1,-1,7,1
201437EA20211,1,3,0,18,0,1,0,7,0,7,1,1,6,1,18,4,125,1,6,10,1
201437EA76988,1,8,0,18,0,0,0,0,0,0,1,1,1,1,51,8,2402,2,8,5,1
201437EA76989,1,9,0,7,0,5,0,0,0,0,1,1,6,2,55,8,999,1,6,3,1
201437EA77000,1,8,0,18,0,0,0,0,0,0,1,1,1,1,49,8,2148,2,5,10,3
201437EA77070,1,9,0,18,0,1,1,0,0,0,1,1,6,2,40,7,1989,1,15,1,1
201437EA77108,1,9,0,9,0,5,0,0,7,5,1,1,6,2,18,4,1299,1,18,10,3
201437EA77108,2,9,0,18,0,1,0,0,0,0,1,1,6,1,42,7,2495,2,20,8,2
201437EA77148,1,9,0,18,0,1,0,0,0,0,1,1,6,3,-1,-1,-1,-1,-1,-1,-1
201437EA77150,1,9,0,1,0,1,0,0,0,0,4,1,6,3,-1,-1,-1,-1,-1,-1,-1
201437EA77150,2,1,0,18,0,2,0,0,0,0,3,1,1,1,15,3,-1,-1,-1,5,1
201437EA77151,1,9,0,7,0,6,0,0,0,0,1,1,6,2,32,6,1388,1,2,4,1
201437EA77151,2,1,0,18,0,1,0,0,0,0,4,1,6,1,52,8,-1,-1,-1,2,1
201437EA77152,1,2,0,18,0,0,0,0,1,0,4,1,6,2,19,4,49,1,3,7,3
201437EA77153,1,19,0,4,0,1,1,0,0,0,1,1,1,1,27,6,2198,2,4,9,1
201437EA77153,2,9,0,3,0,1,0,0,0,0,2,1,6,2,70,10,1198,1,10,7,1
201437EA77154,1,9,0,18,0,0,0,0,1,9,3,1,6,1,53,8,-1,-1,-1,10,3
201437EA77154,2,21,1,18,0,0,0,0,0,0,3,1,1,1,47,8,12740,2,3,8,1
201437EA77155,1,9,0,18,0,0,2,0,0,0,1,1,1,1,34,6,1299,1,12,8,2
201437EA77155,2,9,0,18,0,0,1,0,0,0,1,1,1,2,21,5,1299,1,13,7,2
201437EA77169,1,9,0,4,0,0,0,0,0,0,1,1,6,2,51,8,1390,1,5,-1,-1
201437EA77169,2,19,0,4,0,0,0,0,0,0,2,1,1,1,69,10,1995,2,2,7,2
201437EA77169,3,9,0,4,0,0,0,0,0,0,1,1,6,2,53,8,1598,1,7,6,3
201437EA77194,1,9,0,17,0,0,1,0,1,4,4,1,6,2,49,8,1796,1,12,7,3
201437EA77196,1,9,0,5,0,1,0,0,0,0,1,1,6,1,-1,-1,-1,-1,-1,-1,-1
201437EA77196,2,9,0,10,0,1,0,0,0,0,2,1,1,2,24,5,996,1,5,6,1
201437EA77207,1,9,0,16,0,0,5,0,2,1,1,1,6,1,19,4,-1,-1,-1,6,1
201437EA77210,1,9,0,9,0,4,0,0,0,0,1,1,6,2,21,5,1299,1,16,2,1
201437EA77210,2,2,0,18,0,8,0,0,0,0,1,1,6,1,24,5,49,1,4,2,1
201437EA77211,1,9,0,18,0,1,0,0,0,0,1,1,6,1,62,9,1796,1,9,7,2
201437EA77211,2,9,0,10,0,1,0,0,0,0,2,1,1,2,51,8,1598,2,1,-1,-1
201437EA77230,1,9,0,18,0,0,0,0,0,0,1,1,6,1,33,6,1999,1,6,-1,-1
201437EA77230,2,9,0,2,0,0,0,0,0,0,3,1,6,1,63,9,1797,8,1,-1,1
201437EA77230,3,9,0,2,0,0,0,0,0,0,4,1,6,1,41,7,-1,-1,-1,-1,1
201437EA77230,4,9,0,2,0,0,0,0,0,0,3,1,6,1,32,6,-1,-1,-1,-1,1
201437EA77245,1,9,0,9,0,8,0,0,0,0,1,1,6,3,-1,-1,-1,-1,-1,-1,-1
201437EA77245,2,1,0,9,0,8,0,0,0,0,2,1,6,1,21,5,-1,-1,-1,-1,-1
201437EA77246,1,9,0,18,0,0,0,0,0,0,1,1,6,3,-1,-1,-1,-1,-1,-1,-1
201437EA77246,2,9,0,12,0,0,0,0,0,0,2,1,6,2,22,5,1199,1,12,9,2
201437EA77246,3,9,0,18,0,0,0,0,0,0,1,1,6,2,61,9,1598,1,6,8,3
201437EA77260,1,9,0,1,5,0,0,0,0,0,2,1,6,2,41,7,1597,1,14,-1,1
201437EA77264,1,9,0,17,0,0,0,0,0,0,0,1,6,3,-1,-1,-1,-1,-1,-1,-1
201437EA77264,2,1,0,17,0,0,0,0,0,0,0,1,2,1,46,8,-1,-1,-1,5,1
201437EA77267,1,9,0,18,0,0,0,0,1,1,1,1,6,1,19,4,1910,2,5,-1,3
201437EA77275,1,9,0,5,0,2,0,0,0,0,0,1,2,1,43,7,1796,1,15,-1,-1
201437EA77284,1,9,0,18,0,0,0,0,0,0,1,1,6,1,80,11,1598,1,12,5,2
201437EA77287,1,9,0,18,0,1,0,0,0,0,1,1,6,2,78,11,1598,1,9,2,1
201437EA77288,1,9,0,9,0,6,0,0,0,0,1,1,1,1,33,6,-1,-1,-1,6,1
201437EA77318,1,9,0,18,0,0,0,0,0,0,1,1,6,1,19,4,1388,1,11,3,1
201437EA77318,2,9,0,4,0,0,0,0,0,0,2,1,6,2,67,10,1242,1,13,9,1
201437EA77318,3,9,0,4,0,0,0,0,0,0,2,1,6,1,65,9,-1,-1,-1,8,3
201437EA77325,1,9,0,6,0,0,0,0,0,0,1,1,6,1,40,7,1499,2,1,7,3
201437EA77325,2,9,0,18,0,0,0,0,0,0,4,1,6,1,77,11,1596,1,11,10,1
201437EA77327,1,19,0,5,0,2,0,0,0,0,4,1,1,1,34,6,1995,2,1,8,1
201437EA77327,2,9,0,18,0,2,0,0,0,0,1,1,2,2,66,10,1900,2,9,7,3
201437EA77328,1,3,0,18,0,1,0,0,0,0,1,1,1,1,23,5,124,1,10,7,3
201437EA77328,2,9,0,9,0,6,0,0,0,0,1,1,6,1,65,9,1392,1,14,-1,1
201437EA77329,1,9,0,1,9,0,0,0,0,10,3,1,6,1,86,11,2771,1,16,5,3
201437EA77330,1,9,0,18,0,0,0,0,0,0,1,1,6,1,66,10,-1,-1,-1,8,2
201437EA77330,2,9,0,2,0,0,0,0,0,0,2,1,6,1,49,8,1461,2,9,7,3
201437EA77334,1,9,0,18,0,0,0,0,0,0,1,1,1,1,37,7,1956,2,4,9,3
201437EA77334,2,9,0,18,0,0,0,0,1,0,3,1,1,1,68,10,1388,1,24,7,3
201437EA77336,1,9,0,10,0,1,0,0,0,0,1,1,6,1,43,7,1968,2,8,7,3
201437EA77336,2,9,0,9,0,1,0,0,0,0,3,1,6,1,50,8,1840,1,12,7,3
201437EA77337,1,20,0,18,0,0,1,0,0,0,1,1,1,1,23,5,-1,-1,-1,-1,2
201437EA77337,2,9,0,18,0,0,0,0,0,0,2,1,6,1,31,6,1560,2,8,-1,1