Accident_Index,Vehicle_Reference,Vehicle_Type,Towing_and_Articulation,Vehicle_Manoeuvre,Vehicle_Location-Restricted_Lane,Junction_Location,Skidding_and_Overturning,Hit_Object_in_Carriageway,Vehicle_Leaving_Carriageway,Hit_Object_off_Carriageway,1st_Point_of_Impact,Was_Vehicle_Left_Hand_Drive?,Journey_Purpose_of_Driver,Sex_of_Driver,Age_of_Driver,Age_Band_of_Driver,Engine_Capacity_(CC),Propulsion_Code,Age_of_Vehicle,Driver_IMD_Decile,Driver_Home_Area_Type
201437EA79647,1,9,0,5,0,6,0,0,0,0,2,1,6,2,67,10,1560,2,5,7,3
201437EA79647,2,9,0,18,0,1,0,0,0,0,1,1,6,2,65,9,1390,1,2,4,1
201437EA79654,1,1,0,17,0,1,0,0,0,0,1,1,6,1,10,2,-1,-1,-1,1,1
201437EA79654,2,9,0,18,0,1,0,0,0,0,4,1,6,2,31,6,1349,1,5,1,1
201437EA79655,1,1,0,12,0,0,0,0,0,0,2,1,6,2,12,3,-1,-1,-1,8,1
201437EA79655,2,9,0,18,0,0,0,0,0,0,1,1,6,1,25,5,1560,2,6,2,1
201437EA79661,1,4,0,18,0,1,0,0,0,0,1,1,6,1,56,9,883,1,13,7,3
201437EA79661,2,9,0,9,0,5,0,0,0,0,2,1,6,1,57,9,1905,2,19,7,2
201437EA79669,1,9,0,5,0,1,0,0,0,0,2,1,1,1,33,6,1968,2,1,9,1
201437EA79669,2,9,0,3,0,1,0,0,0,0,2,1,1,1,31,6,1360,1,13,-1,-1
201437EA79669,3,9,0,3,0,1,0,0,0,0,2,1,1,2,32,6,1400,1,7,7,3
201437EA79672,1,9,0,15,0,0,0,0,0,0,1,1,6,1,68,10,2987,2,8,6,3
201437EA79672,2,1,0,15,0,0,0,0,0,0,2,1,6,1,51,8,-1,-1,-1,10,2
201437EA79672,3,1,0,15,0,0,0,0,0,0,0,1,6,2,14,3,-1,-1,-1,10,2
201437EA79673,1,9,0,4,0,0,0,0,0,0,1,1,6,2,50,8,1000,1,-1,7,1
201437EA79673,2,9,0,4,0,0,0,0,0,0,2,1,6,2,50,8,2143,2,1,9,1
201437EA79680,1,9,0,9,0,6,1,0,3,0,1,1,6,1,60,9,2497,2,8,8,3
201437EA79680,2,9,0,18,0,1,1,0,7,0,1,1,6,2,50,8,1332,1,2,5,1
201437EA79697,1,9,0,18,0,0,0,0,0,0,4,1,6,1,49,8,1461,2,3,9,2
201437EA79698,1,9,0,18,0,2,0,0,0,0,0,1,6,3,-1,-1,-1,-1,-1,-1,-1
201437EA79699,1,19,0,18,0,1,0,0,0,0,1,1,1,1,41,7,2402,2,6,2,1
201437EA79699,2,9,0,10,0,5,0,0,0,0,2,1,2,2,31,6,2521,1,7,3,1
201437EA79699,3,9,0,18,0,1,0,0,0,0,3,1,6,2,42,7,2143,2,1,9,1
201437EA79700,1,9,0,1,0,0,0,0,0,0,1,1,6,1,-1,-1,1598,1,12,5,1
201437EA79700,2,9,0,2,0,0,0,0,0,0,2,1,6,1,28,6,-1,-1,-1,-1,1
201437EA79701,1,9,0,16,0,0,2,0,0,0,1,1,6,2,18,4,1598,1,8,7,2
201437EA79702,1,9,0,7,0,5,0,0,0,0,4,1,6,1,-1,-1,-1,-1,-1,-1,-1
201437EA79704,1,9,0,4,0,4,1,0,0,0,1,1,2,1,44,7,-1,-1,-1,-1,1
201437EA79704,2,9,0,3,0,4,0,0,0,0,2,1,2,2,52,8,1120,1,15,5,1
201437EA79705,1,19,0,18,0,8,0,0,0,0,1,1,1,1,33,6,1461,2,3,2,1
201437EA79705,2,10,0,10,0,8,0,0,0,0,2,1,1,1,62,9,2148,2,9,9,1
201437EA79706,1,9,0,9,0,8,0,0,0,0,1,1,6,1,58,9,-1,-1,-1,6,3
201437EA79706,2,5,0,16,0,1,1,0,0,0,3,1,6,1,19,4,599,1,17,9,2
201437EA79707,1,9,0,16,0,0,0,0,7,11,1,1,6,2,75,10,1598,1,9,7,3
201437EA79709,1,9,0,18,0,0,0,0,7,1,1,1,2,1,20,4,1997,2,12,7,3
201437EA79715,1,9,0,18,0,1,0,0,0,0,1,1,1,1,27,6,1781,1,13,6,3
201437EA79715,2,9,0,18,0,1,0,0,7,3,2,1,6,1,59,9,1299,1,10,6,3
201437EA79717,1,9,0,4,0,1,0,0,0,0,1,1,1,1,62,9,1896,2,9,9,1
201437EA79717,2,9,0,3,0,1,0,0,0,0,2,1,1,1,57,9,1796,1,14,7,1
201437EA79720,1,21,1,2,0,0,0,0,0,0,2,1,1,1,40,7,11705,2,6,6,1
201437EA79720,2,19,0,18,0,0,0,0,0,0,1,1,1,1,54,8,2287,2,3,6,1
201437EA79722,1,9,0,10,0,8,0,0,0,0,4,1,1,1,55,8,1598,1,9,3,1
201437EA79722,2,1,0,18,0,8,0,0,0,0,1,1,1,1,15,3,-1,-1,-1,8,3
201437EA79723,1,9,0,5,0,8,0,0,0,0,1,1,6,2,78,11,1560,2,4,8,2
201437EA79723,2,9,0,18,0,8,0,0,0,0,1,1,6,1,53,8,998,1,2,5,2
201437EA79725,1,9,0,18,0,3,5,0,1,2,4,1,1,1,40,7,-1,-1,-1,5,2
201437EA79727,1,5,0,14,0,1,1,0,0,0,1,1,6,1,30,6,998,1,10,7,1
201437EA79727,2,9,0,7,0,1,0,0,0,0,4,1,6,1,30,6,2171,1,12,8,1
201437EA79728,1,9,0,5,0,8,0,0,0,0,0,1,6,1,44,7,1994,2,12,2,1
201437EA79728,2,3,0,4,0,1,1,0,0,0,0,1,6,1,19,4,49,1,6,2,1
201437EA79732,1,9,0,4,0,1,0,0,0,0,3,1,6,1,56,9,1248,2,4,10,1
201437EA79733,1,9,0,17,0,1,0,0,0,0,4,1,6,1,17,4,1794,1,10,10,1
201437EA79733,2,9,0,16,0,5,0,0,0,0,4,1,6,2,64,9,1998,2,10,8,3
201437EA79734,1,9,0,9,0,1,1,0,0,0,1,1,6,2,76,11,1590,1,14,6,3
201437EA79734,2,9,0,18,0,8,0,0,0,0,1,1,6,2,18,4,1995,2,3,9,3
201437EA79742,1,19,0,18,0,0,0,0,0,0,1,1,6,1,51,8,2198,2,6,7,3
201437EA79742,2,9,0,18,0,0,0,0,0,0,2,1,6,2,31,6,1086,1,3,-1,3
201437EA79742,3,9,0,18,0,0,0,0,0,0,2,1,6,1,45,7,1248,2,2,5,3
201437EA79747,1,9,0,9,0,1,0,0,0,0,4,1,6,2,39,7,1749,1,12,3,1
201437EA79747,2,9,0,16,0,1,0,0,0,0,1,1,6,1,24,5,-1,-1,-1,8,2
201437EA79752,1,1,0,18,0,8,0,0,0,0,4,1,6,2,48,8,-1,-1,-1,4,1
201437EA79752,2,9,0,4,0,8,0,0,0,0,1,1,6,2,-1,-1,1598,1,8,8,3
201437EA79753,1,9,0,4,0,1,0,0,0,0,1,1,6,2,27,6,1364,1,9,10,2
201437EA79753,2,9,0,3,0,1,0,0,0,0,2,1,6,2,52,8,1329,1,3,6,1
201437EA79754,1,9,0,17,0,0,0,0,7,10,1,1,6,1,22,5,1488,2,18,7,3
201437EA79810,1,9,0,18,0,0,1,0,1,9,3,1,6,1,88,11,-1,-1,-1,5,3
201437EA79810,2,9,0,18,0,0,0,0,7,0,4,1,6,1,45,7,1199,1,10,7,3
201437EA79842,1,9,0,7,0,1,0,0,0,0,1,1,6,2,51,8,-1,-1,-1,-1,-1
201437EA79842,2,9,0,4,0,2,0,0,0,0,3,1,1,2,28,6,1753,2,5,7,1
201437EA79867,1,9,0,18,0,8,0,0,0,0,4,1,6,2,51,8,1248,1,5,-1,1
201437EA79867,2,1,0,18,0,8,0,0,0,0,1,1,6,2,51,8,-1,-1,-1,-1,1
201437EA79874,1,9,0,18,0,1,0,0,0,0,1,1,6,1,70,10,2148,2,6,7,2
201437EA79874,2,9,0,18,0,2,0,0,0,0,1,1,6,1,74,10,998,1,5,5,2
201437EA79893,1,9,0,17,0,0,2,0,1,0,1,1,6,1,18,4,1229,1,-1,9,2
201437EA79894,1,9,5,5,0,8,0,0,0,0,0,1,6,1,36,7,1598,1,6,6,1
201437EA79894,2,19,0,5,0,8,0,0,0,0,1,1,6,2,32,6,1870,2,8,6,1
201437EA79894,3,1,0,4,0,1,0,0,0,0,1,1,6,1,46,8,-1,-1,-1,9,1
201437EA79895,1,9,0,13,0,0,0,0,0,0,0,1,6,3,-1,-1,-1,-1,-1,-1,-1
201437EA79895,2,9,0,18,0,0,5,0,1,9,1,1,6,2,72,10,1149,1,8,9,2
201437EA79897,1,5,0,13,0,0,0,0,0,0,3,1,6,1,25,5,599,1,15,7,1
201437EA79897,2,98,0,18,0,0,0,0,0,0,3,1,1,1,23,5,-1,-1,-1,9,3
201437EA79897,3,5,0,13,0,0,0,0,0,0,0,1,6,1,25,5,750,1,8,7,1
201437EA79897,4,9,0,18,0,0,0,0,0,0,3,1,6,1,44,7,1997,2,11,6,1
201437EA79897,5,9,0,18,0,0,0,0,0,0,3,1,6,1,39,7,1999,1,7,6,3
201437EA79898,1,9,0,9,0,6,0,0,0,0,1,1,6,1,60,9,2993,2,6,-1,-1
201437EA79898,2,9,0,18,0,8,0,0,7,4,1,1,6,1,18,4,1242,1,12,8,3
201437EA79899,1,9,0,18,0,1,0,0,0,0,1,1,6,1,-1,-1,2000,1,9,-1,-1
201437EA79899,2,9,0,18,0,1,1,0,1,4,2,1,6,1,22,5,1598,1,14,7,3
201437EA79904,1,9,0,1,0,1,0,0,0,0,2,1,6,1,-1,-1,-1,-1,-1,-1,-1
201437EA79910,1,9,0,9,0,6,0,0,0,0,3,1,2,1,20,4,-1,-1,-1,9,1
201437EA79910,2,9,0,18,0,8,0,0,0,0,1,1,1,1,46,8,-1,-1,-1,4,1
201437EA79912,1,9,0,5,0,6,0,0,0,0,3,1,6,2,20,4,1598,1,3,9,1
201437EA79912,2,9,0,18,0,1,0,0,0,0,1,1,6,1,42,7,1587,1,10,4,1
201437EA79919,1,9,0,9,0,5,0,0,0,0,4,1,6,1,29,6,1686,2,10,2,1
201437EA79919,2,3,0,18,0,1,0,0,0,0,1,1,2,1,31,6,124,1,11,-1,1
201437EA79927,1,3,0,16,0,0,0,0,0,0,1,1,2,1,16,4,124,1,3,-1,3
201437EA79927,2,17,0,17,0,0,0,0,0,0,1,1,1,1,35,6,6786,2,19,-1,3
201437EA79930,1,9,0,16,0,0,2,0,7,9,3,1,2,1,39,7,1995,2,8,6,1
201437EA79932,1,9,0,9,0,6,1,0,0,0,1,1,6,1,78,11,1597,1,18,7,1
201437EA79932,2,19,0,18,0,1,1,0,0,0,3,1,1,1,21,5,1248,2,1,8,2
201437EA79934,1,9,0,17,0,0,1,0,1,9,1,1,1,1,39,7,1598,1,12,6,1
201437EA79945,1,9,0,13,0,0,0,0,0,0,1,1,2,2,48,8,1396,1,17,5,1
201437EA79945,2,9,0,18,0,0,0,0,0,0,1,1,6,1,79,11,1998,1,8,7,3
201437EA79959,1,9,0,18,0,0,0,0,0,0,0,1,6,1,54,8,1896,2,18,8,1
201437EA79959,2,4,0,18,0,0,1,0,0,0,1,1,6,1,47,8,1352,1,7,8,3
201437EA79959,3,9,0,4,0,0,0,0,0,0,2,1,6,1,39,7,1968,2,8,10,1
201437EA79960,1,9,0,18,0,0,0,0,0,0,0,1,6,2,59,9,2198,2,7,8,1
201437EA79961,1,9,0,13,0,0,0,0,0,0,1,1,6,1,55,8,-1,-1,-1,5,2
201437EA79961,2,9,0,18,0,0,0,0,0,0,1,1,6,2,24,5,1360,1,10,3,1
201437EA79970,1,9,0,18,0,1,0,0,0,0,1,1,6,2,56,9,1299,1,16,6,3
201437EA79970,2,9,0,10,0,1,0,0,0,0,2,1,6,2,61,9,-1,-1,-1,5,2
201437EA79972,1,1,0,18,0,6,0,0,0,0,1,1,6,1,23,5,-1,-1,-1,-1,1
201437EA79972,2,8,0,18,0,8,0,0,0,0,4,1,1,1,48,8,1896,2,10,1,1
201437EA79973,1,9,0,1,0,6,0,0,0,0,2,1,6,3,-1,-1,-1,-1,-1,-1,-1
201437EA79973,2,2,0,18,0,8,0,0,7,0,4,1,6,1,16,4,49,1,3,-1,2
201437EA79985,1,9,0,18,0,1,0,0,7,2,4,1,6,1,69,10,-1,-1,-1,4,1
201437EA79985,2,9,0,3,0,1,0,0,7,2,3,1,6,1,24,5,1686,2,10,8,1
201437EA79986,1,9,0,1,0,0,0,0,0,0,2,1,6,1,58,9,1988,1,14,8,2
201437EA79988,1,9,0,16,0,1,1,0,0,0,1,1,2,1,18,4,2495,2,15,6,3
201437EA79988,2,9,0,9,8,1,0,0,0,0,3,1,6,1,28,6,1360,1,12,8,3
201437EA79998,1,9,0,18,0,1,0,0,0,0,1,1,2,1,45,7,-1,-1,-1,8,2
201437EA79998,2,9,0,8,0,1,0,0,0,0,1,1,2,2,39,7,998,1,15,8,2
201437EA80020,1,9,0,18,0,0,0,4,7,0,1,1,6,2,19,4,1242,1,2,10,2
201437EA80020,2,19,0,2,0,0,0,4,1,0,2,1,6,1,26,6,1398,2,5,9,1
201437EA80021,1,5,0,17,0,0,1,0,0,0,3,1,6,2,50,8,996,1,16,-1,-1
201437EA80032,1,20,0,7,0,0,0,0,0,3,3,1,1,1,61,9,2800,2,13,-1,3
201437EA80032,2,9,0,18,0,0,0,0,0,3,4,1,6,1,74,10,2999,2,8,7,3
201437EA80037,1,9,0,5,0,2,0,0,0,0,1,1,6,1,25,5,1994,2,14,7,2
201437EA80037,2,9,0,18,0,1,0,0,0,0,1,1,6,2,34,6,1598,1,16,8,1
201437EA80040,1,97,0,18,0,3,0,0,0,0,0,1,6,3,-1,-1,-1,-1,-1,-1,-1
201437EA80040,2,9,0,18,0,4,0,0,0,0,2,1,6,1,47,8,1364,1,5,8,3
201437EA80040,3,9,0,18,0,4,0,0,0,0,1,1,6,2,42,7,-1,-1,-1,6,3
201437EA80042,1,19,0,4,0,6,0,0,0,0,1,1,1,1,43,7,1598,2,-1,6,1
201437EA80042,2,9,0,18,0,1,0,0,0,0,1,1,6,1,45,7,1998,1,9,6,1
201437EA80045,1,9,0,18,0,0,0,0,0,0,1,1,6,1,70,10,1461,2,9,3,1
201437EA80045,2,9,0,3,0,0,0,4,0,0,2,1,6,2,44,7,1997,2,7,5,3
201437EA80045,3,9,0,2,0,0,0,0,0,0,4,1,6,2,63,9,1598,1,4,4,2
201437EA80050,1,9,0,16,0,0,0,0,0,0,1,1,6,2,26,6,1598,1,16,5,1
201437EA80050,2,9,0,17,0,0,0,0,1,11,1,1,6,1,44,7,1598,1,2,5,1
201437EA80050,3,9,0,2,0,0,0,0,0,0,2,1,6,3,-1,-1,2926,2,12,7,1
201437EA80052,1,9,0,4,0,1,0,0,0,0,1,1,6,3,-1,-1,1956,2,2,-1,-1
201437EA80052,2,9,0,3,0,1,0,0,0,0,2,1,6,2,30,6,1995,2,9,1,1
201437EA80061,1,9,0,9,0,1,0,0,0,0,1,1,6,2,37,7,1798,1,7,7,3
201437EA80061,2,4,0,13,0,1,0,0,0,0,1,1,6,1,32,6,599,1,7,8,3
201437EA80064,1,9,0,18,0,0,0,0,0,0,3,1,6,1,23,5,2188,2,12,5,2
201437EA80067,1,9,0,9,0,1,0,0,0,0,3,1,6,1,44,7,1587,1,10,8,1
201437EA80067,2,3,0,18,0,1,0,0,0,0,1,1,6,1,16,4,-1,-1,-1,-1,-1
201437EA80068,1,9,0,17,0,0,2,0,1,10,1,1,2,2,22,5,1149,1,7,8,3
201437EA80079,1,9,0,4,0,1,0,0,0,0,1,1,6,1,32,6,1368,1,3,-1,1
201437EA80079,2,9,0,3,0,1,0,0,0,1,2,1,6,1,62,9,-1,-1,-1,2,1
201437EA80092,1,9,0,4,0,4,0,0,0,0,2,1,1,1,30,6,4280,1,22,4,1
201437EA80092,2,9,0,4,0,4,0,0,0,0,1,1,6,1,28,6,1685,2,-1,2,1
201437EA80112,1,9,0,9,0,1,0,0,0,0,1,1,6,1,31,6,1798,1,6,8,1
201437EA80112,2,5,0,14,0,1,0,0,0,0,1,1,6,1,22,5,1050,1,2,8,1
201437EA80113,1,9,0,5,0,1,0,0,0,0,3,1,1,1,42,7,1391,1,16,8,1
201437EA80113,2,97,0,18,0,1,0,0,0,0,1,1,6,1,20,4,600,1,12,7,1
201437EA80114,1,19,0,1,0,0,0,0,0,0,1,1,6,1,-1,-1,-1,-1,-1,-1,-1
201437EA80115,1,9,0,17,0,3,1,0,1,4,4,1,6,2,29,6,1248,2,7,7,1
201437EA80123,1,21,0,18,0,0,1,0,0,0,3,1,6,1,53,8,-1,-1,-1,7,3
201437EA80123,2,9,0,18,0,0,1,0,4,6,4,1,6,2,59,9,1560,2,8,9,1
201437EA80124,1,9,0,18,0,0,0,0,0,0,0,1,6,3,-1,-1,-1,-1,-1,-1,-1
201437EA80124,2,9,0,18,0,0,0,0,2,7,1,1,2,1,30,6,-1,-1,-1,2,1
201437EA80125,1,9,0,16,0,8,0,0,0,0,1,1,6,1,21,5,1299,1,15,4,1
201437EA80125,2,8,0,17,0,8,0,0,0,0,1,1,1,1,50,8,-1,-1,-1,10,1
201437EA80126,1,1,0,18,0,1,0,0,0,0,1,1,6,1,25,5,-1,-1,-1,2,1
201437EA80151,1,9,0,9,0,6,0,0,1,2,1,1,3,2,46,8,1597,1,7,7,3
201437EA80151,2,19,0,18,0,1,0,0,0,7,2,1,1,1,53,8,2198,2,1,7,3
201437EA80151,3,21,1,3,0,1,0,0,0,0,3,1,1,1,40,7,11705,2,10,5,3
201437EA80155,1,19,0,18,0,0,0,0,0,0,4,1,6,2,-1,-1,-1,-1,-1,-1,1
201437EA80155,2,9,0,5,0,0,0,0,0,0,3,1,6,2,57,9,1299,1,13,7,2
201437EA80157,1,9,0,16,0,0,1,0,8,11,1,1,6,2,22,5,1360,1,10,6,3
201437EA80158,1,9,0,15,0,1,0,0,0,0,3,1,6,1,18,4,1149,1,13,6,1
201437EA80158,2,9,0,4,0,1,0,0,0,0,4,1,6,1,19,4,1199,1,14,8,2
201437EA80162,1,19,0,18,0,0,0,0,1,4,3,1,1,1,44,7,2477,2,5,7,3
201437EA80166,1,9,0,4,0,1,0,0,0,0,1,1,6,1,32,6,2497,1,9,5,2
201437EA80166,2,9,0,9,0,1,0,0,0,0,2,1,6,2,34,6,1598,1,2,5,1
201437EA80176,1,9,0,15,0,3,0,0,0,0,4,1,6,1,-1,-1,-1,-1,-1,-1,-1
201437EA80176,2,1,0,18,0,3,0,0,1,10,3,1,1,1,43,7,-1,-1,-1,5,1
201437EA80180,1,9,0,18,0,0,0,0,0,0,3,1,6,1,27,6,1598,1,14,3,1
201437EA80185,1,9,0,4,0,1,0,0,0,0,3,1,6,1,24,5,1995,1,8,3,1
201437EA80185,2,98,1,11,0,4,0,0,0,0,4,1,6,3,-1,-1,12777,2,1,10,3
201437EA80187,1,9,0,18,0,0,1,0,0,0,1,1,6,1,17,4,1398,2,12,6,1
201437EA80187,2,9,0,4,0,0,0,0,0,0,2,1,6,2,62,9,-1,-1,-1,5,1
201437EA80193,1,9,0,16,0,0,0,0,7,0,1,1,6,1,56,9,1149,1,12,5,1
201437EA80194,1,9,0,18,0,0,0,0,0,0,3,1,6,3,-1,-1,-1,-1,-1,-1,-1
201437EA80194,2,1,0,18,0,0,0,0,1,0,4,1,6,1,34,6,-1,-1,-1,-1,2
201437EA80207,1,5,0,18,0,1,1,0,7,0,1,1,6,1,20,4,1098,1,21,6,3
201437EA80207,2,9,0,9,0,1,0,0,0,0,3,1,6,2,36,7,1198,1,3,7,3
201437EA80214,1,5,0,17,0,0,1,0,0,0,0,1,1,1,24,5,-1,-1,-1,10,3
201437EA80214,2,19,0,18,0,0,0,0,0,0,3,2,1,1,25,5,1900,2,12,10,1
201437EA80215,1,9,0,18,0,0,0,0,0,0,1,1,6,2,37,7,2488,1,4,10,1
201437EA80215,2,9,0,18,0,0,0,0,0,0,2,1,6,1,53,8,1997,2,1,-1,1
201437EA80226,1,90,0,1,0,5,0,0,0,0,2,1,6,1,59,9,1998,1,14,7,1
201437EA80226,2,1,0,18,9,1,0,0,0,0,4,1,4,1,6,2,-1,-1,-1,7,1
201437EA80236,1,9,0,9,9,6,0,0,0,0,1,1,6,1,46,8,-1,-1,-1,1,1
201437EA80239,1,3,0,16,0,0,0,0,0,0,1,1,2,1,25,5,100,1,14,-1,1
201437EA80240,1,9,0,5,0,1,0,0,0,0,3,1,2,1,18,4,2495,2,23,8,2
201437EA80240,2,9,0,18,0,1,0,0,0,0,1,1,2,2,56,9,-1,-1,-1,7,3
201437EA80242,1,9,0,18,0,1,0,0,0,0,1,1,6,1,19,4,1242,1,13,6,1
201437EA80242,2,9,0,9,0,1,0,0,0,0,3,1,2,2,52,8,999,1,1,10,1
201437EA80243,1,9,0,4,0,4,0,0,0,0,1,1,6,2,69,10,1997,2,12,-1,-1
201437EA80243,2,9,0,3,0,4,0,0,0,0,2,1,2,1,27,6,1998,1,10,2,1
201437EA80252,1,9,0,18,0,1,0,0,0,0,1,1,6,1,34,6,1896,2,12,4,1
201437EA80252,2,9,0,18,0,2,0,0,0,0,1,1,6,1,32,6,1800,1,14,4,1
201437EA80252,3,9,0,2,0,1,0,0,0,0,1,1,6,1,32,6,1595,1,11,4,1
201437EA80259,1,9,0,6,8,0,0,0,0,0,1,1,6,2,79,11,1390,1,9,10,1
201437EA80259,2,9,0,18,0,0,0,0,0,0,4,1,6,2,52,8,1686,2,10,10,1
201437EA80267,1,19,0,16,0,0,0,0,0,0,3,1,6,1,-1,-1,2998,2,6,4,2
201437EA80267,2,9,0,17,0,0,0,0,0,0,3,1,1,1,32,6,1997,2,10,3,1
201437EA80273,1,19,0,18,0,1,0,0,0,0,1,1,6,1,30,6,1686,2,12,3,1
201437EA80273,2,9,0,3,0,1,0,0,0,0,2,1,6,2,42,7,1868,2,15,1,1
201437EA80274,1,9,0,16,0,0,2,0,1,9,1,1,2,2,29,6,998,1,13,8,1
201437EA80275,1,9,0,18,0,4,0,0,0,0,4,1,6,2,18,4,1149,1,10,-1,3
201437EA80275,2,1,0,18,0,3,0,0,0,0,2,1,6,1,19,4,-1,-1,-1,9,1
201437EA80279,1,9,0,4,0,6,0,0,0,0,1,1,6,2,66,10,1398,1,3,3,1
201437EA80279,2,9,0,17,0,1,0,0,0,0,1,1,6,2,33,6,1398,2,8,3,1
201437EA80281,1,9,0,15,0,7,1,0,1,4,3,1,2,1,51,8,1360,1,7,8,3
201437EA80281,2,9,0,18,0,7,0,0,0,0,4,1,2,1,60,9,1997,2,7,9,2
201437EA80283,1,9,0,18,0,0,0,0,0,0,1,1,6,2,36,7,1149,1,10,8,3
201437EA80283,2,9,0,3,0,0,0,0,0,0,2,1,6,1,48,8,2496,1,10,6,3
201437EA80283,3,9,0,3,0,0,0,0,0,0,2,1,6,1,28,6,1598,1,13,4,1
201437EA80283,4,9,0,3,0,0,0,0,0,0,2,1,6,2,62,9,1896,2,6,6,2
201437EA80284,1,9,0,9,0,8,0,0,0,0,1,1,6,1,58,9,-1,-1,-1,6,3
201437EA80284,2,5,0,16,0,8,1,0,0,0,3,1,6,1,19,4,599,1,17,9,2
201437EA80285,1,9,0,7,0,3,0,7,0,7,1,1,6,1,49,8,1679,1,13,3,1
201437EA80286,1,9,0,5,0,1,0,0,0,0,1,1,1,1,45,7,1951,2,8,10,1
201437EA80286,2,1,0,18,0,6,0,0,0,0,4,1,4,1,14,3,-1,-1,-1,10,1
201437EA80301,1,9,0,18,0,0,0,0,0,0,4,1,6,1,22,5,1596,1,22,-1,1
201437EA80301,2,9,0,18,0,0,0,0,0,0,1,1,6,1,62,9,1995,2,9,8,2
201437EA80303,1,9,0,9,0,7,0,0,0,0,1,1,2,1,58,9,1968,2,-1,8,3
201437EA80303,2,9,0,18,0,1,0,0,0,0,4,1,2,1,59,9,1560,2,1,9,2
201437EA80303,3,19,0,18,0,1,0,0,0,0,1,1,2,1,60,9,1868,2,11,10,2
201437EA80306,1,9,0,9,0,8,0,0,0,0,3,1,6,2,80,11,1781,1,11,7,1
201437EA80306,2,9,0,18,0,8,0,0,0,0,4,1,6,2,65,9,1397,1,14,7,2
201437EA80312,1,9,0,16,0,0,0,0,7,10,1,1,6,2,45,7,1896,2,7,-1,3
201437EA80312,2,9,0,17,0,0,0,0,7,10,3,1,2,1,28,6,2494,2,4,7,3
201437EA80314,1,19,0,4,0,1,0,0,0,0,1,1,6,1,27,6,1753,2,7,9,2
201437EA80314,2,9,0,4,0,1,0,0,0,0,2,1,6,2,52,8,1598,1,11,7,2
201437EA80314,3,9,0,4,0,1,0,0,0,0,1,1,6,1,70,10,1997,1,2,8,3
201437EA80317,1,1,0,18,0,8,0,0,0,0,3,1,4,1,15,3,-1,-1,-1,3,1
201437EA80317,2,9,0,7,0,6,0,0,0,0,1,1,6,2,54,8,1296,1,19,9,1
201437EA80320,1,9,0,16,0,0,0,0,0,0,1,1,6,2,48,8,1299,1,15,8,3
201437EA80324,1,9,0,4,0,0,1,0,0,0,1,1,6,1,19,4,1360,1,15,7,3
201437EA80324,2,9,0,3,0,0,0,0,0,0,2,1,6,1,25,5,1968,2,2,7,2
201437EA80327,1,9,0,4,0,1,0,0,0,0,1,1,6,2,71,10,1956,2,1,2,1
201437EA80327,2,9,0,4,0,1,0,0,0,0,2,1,6,2,40,7,2254,1,12,6,3
201437EA80327,3,9,0,4,0,1,0,0,0,0,2,1,6,2,36,7,1998,2,9,5,2
201437EA80330,1,9,0,1,0,0,0,0,0,0,2,1,6,1,48,8,1900,2,10,-1,3
201437EA80331,1,9,0,18,0,7,0,0,0,0,0,1,6,3,-1,-1,-1,-1,-1,-1,-1
201437EA80331,2,9,0,3,0,7,0,0,0,0,1,1,6,2,45,7,1242,1,6,9,1
201437EA80331,3,9,0,3,0,7,0,0,0,0,2,1,6,1,36,7,1598,1,3,8,2
201437EA80335,1,9,0,18,0,0,0,0,0,0,1,1,2,1,45,7,1896,2,7,7,3
201437EA80335,2,9,0,2,0,0,0,0,0,0,2,1,2,2,43,7,1596,1,10,9,2
201437EA80336,1,21,1,18,0,1,0,0,0,0,1,1,1,1,45,7,-1,2,10,3,1
201437EA80336,2,9,0,9,0,1,0,0,7,0,2,1,6,2,63,9,1388,1,10,10,2
201437EA80339,1,2,0,13,0,0,0,0,0,0,1,1,4,1,16,4,49,1,11,7,3
201437EA80339,2,19,0,18,0,0,0,0,0,0,1,1,1,1,47,8,-1,-1,-1,10,2
201437EA80341,1,9,0,18,0,0,0,0,0,0,1,1,2,1,30,6,1124,1,13,7,1
201437EA80341,2,9,0,6,8,0,0,0,0,0,1,1,2,2,19,4,998,1,1,-1,1
201437EA80341,3,9,0,2,6,0,0,0,0,0,4,1,6,1,-1,-1,1997,2,6,-1,1
201437EA80342,1,19,0,7,0,5,0,0,0,0,3,1,6,1,46,8,1998,2,11,5,3
201437EA80342,2,9,0,4,0,1,0,0,0,0,3,1,6,2,46,8,-1,-1,-1,8,1
201437EA80343,1,9,0,5,0,0,0,0,7,10,1,1,6,2,54,8,1493,2,7,-1,-1
201437EA80349,1,5,0,18,0,0,1,12,0,0,1,1,1,1,38,7,599,1,5,6,1
201437EA80350,1,9,0,18,0,0,0,0,0,0,0,1,6,3,-1,-1,-1,-1,-1,-1,-1
201437EA80350,2,2,0,18,0,0,0,0,0,0,1,1,6,2,17,4,114,1,-1,7,3
201437EA80350,3,9,0,18,0,0,0,0,0,0,2,1,6,1,36,7,1124,1,17,2,1
201437EA80352,1,9,0,18,0,1,0,0,0,0,1,1,6,1,81,11,1339,1,6,9,1
201437EA80352,2,9,0,18,0,1,0,0,0,0,2,1,2,2,46,8,1388,1,9,9,1
201437EA80353,1,21,0,7,0,5,5,0,7,0,3,1,1,1,50,8,3920,2,7,2,1
201437EA80357,1,19,0,9,0,6,0,0,0,0,3,1,1,2,24,5,1248,2,-1,8,3
201437EA80357,2,3,0,18,0,1,0,0,0,0,4,1,2,1,51,8,124,1,6,9,1