Accident_Index,Vehicle_Reference,Vehicle_Type,Towing_and_Articulation,Vehicle_Manoeuvre,Vehicle_Location-Restricted_Lane,Junction_Location,Skidding_and_Overturning,Hit_Object_in_Carriageway,Vehicle_Leaving_Carriageway,Hit_Object_off_Carriageway,1st_Point_of_Impact,Was_Vehicle_Left_Hand_Drive?,Journey_Purpose_of_Driver,Sex_of_Driver,Age_of_Driver,Age_Band_of_Driver,Engine_Capacity_(CC),Propulsion_Code,Age_of_Vehicle,Driver_IMD_Decile,Driver_Home_Area_Type
201437EA81965,2,1,0,18,0,1,0,0,0,0,1,1,6,1,33,6,-1,-1,-1,-1,-1
201437EA81974,1,9,0,7,0,0,0,4,0,0,1,1,6,2,41,7,1998,2,11,7,1
201437EA81974,2,9,0,18,0,0,0,4,0,0,4,1,6,2,47,8,1242,1,8,10,1
201437EA81984,1,9,0,9,0,6,0,0,0,0,1,1,2,1,19,4,1120,1,16,8,3
201437EA81984,2,19,0,18,0,1,0,0,0,0,4,1,1,1,43,7,2287,2,4,5,1
201437EA81999,1,9,0,17,0,0,5,0,2,4,1,1,6,2,59,9,1598,1,2,7,3
201437EA82003,1,9,0,9,0,1,0,0,7,10,1,1,6,1,17,4,1124,1,12,9,3
201437EA82003,2,9,0,18,0,1,0,0,0,0,1,1,2,1,50,8,1997,2,11,9,3
201437EA82008,1,2,0,4,0,1,0,0,0,0,1,1,6,2,17,4,50,1,6,8,1
201437EA82008,2,9,0,3,0,1,0,0,0,0,2,1,6,1,65,9,1798,1,10,8,3
201437EA82016,1,9,0,17,0,0,1,0,0,4,1,1,6,1,45,7,-1,-1,-1,2,1
201437EA82016,2,98,0,16,0,0,2,0,7,9,1,1,1,1,48,8,12740,2,-1,8,2
201437EA82022,1,9,0,9,0,6,0,0,0,0,3,1,6,1,20,4,1587,1,9,10,1
201437EA82022,2,9,0,18,0,1,0,0,0,0,1,1,1,1,29,6,1997,2,2,2,1
201437EA82029,1,3,0,18,0,0,1,0,0,0,3,1,6,1,17,4,124,1,17,6,3
201437EA82029,2,2,0,18,0,0,0,0,0,0,4,1,6,1,16,4,49,1,13,6,3
201437EA82029,3,3,0,18,0,0,0,0,0,0,0,1,6,1,17,4,89,1,22,6,3
201437EA82032,1,9,0,5,0,6,0,0,0,0,1,1,6,2,51,8,1753,2,9,5,1
201437EA82032,2,9,0,18,0,1,0,0,0,0,1,1,6,2,61,9,973,1,16,6,3
201437EA82033,1,9,0,16,0,0,0,0,7,0,1,1,1,2,20,4,1242,1,9,9,3
201437EA82033,2,9,0,17,0,0,0,0,0,0,1,1,6,1,46,8,1997,2,10,2,1
201437EA82034,1,21,1,17,0,3,0,0,0,0,1,1,6,1,54,8,-1,-1,-1,-1,-1
201437EA82034,2,9,0,13,0,3,0,10,0,7,4,1,6,1,50,8,1587,1,9,9,1
201437EA82035,1,9,0,9,0,3,0,0,0,0,3,1,6,1,30,6,2967,2,8,-1,1
201437EA82035,2,9,0,18,0,3,0,0,0,0,4,1,6,2,41,7,1596,1,12,1,1
201437EA82038,1,9,0,16,0,0,0,0,7,4,1,1,6,1,20,4,-1,-1,-1,7,3
201437EA82041,1,9,0,18,0,0,0,0,0,0,4,1,6,1,56,9,1968,2,4,10,3
201437EA82041,2,1,0,18,0,0,0,0,0,0,3,1,6,1,43,7,-1,-1,-1,8,3
201437EA82046,1,9,0,10,0,2,0,0,0,0,1,1,1,1,40,7,1997,1,9,4,1
201437EA82046,2,9,0,18,0,1,0,0,0,0,1,1,6,2,34,6,2000,2,5,2,1
201437EA82047,1,9,0,18,0,4,0,0,0,0,0,1,2,1,33,6,1769,1,11,1,1
201437EA82047,2,9,0,18,0,3,0,0,8,1,1,1,6,2,29,6,1910,2,7,3,1
201437EA82053,1,9,0,5,0,4,0,0,0,0,3,1,6,2,-1,-1,-1,-1,-1,-1,-1
201437EA82053,2,3,0,18,0,3,1,0,0,0,1,1,6,1,18,4,125,1,3,5,1
201437EA82062,1,3,0,7,0,8,0,0,0,0,0,1,2,1,25,5,125,1,-1,-1,2
201437EA82063,1,1,0,18,0,0,0,4,0,0,1,1,6,2,54,8,-1,-1,-1,9,3
201437EA82063,2,9,0,2,0,0,0,0,0,0,2,1,6,1,28,6,-1,-1,-1,9,3
201437EA82072,1,9,0,5,0,1,0,0,0,0,1,1,6,1,-1,-1,2993,2,-1,10,1
201437EA82115,1,9,0,16,0,0,0,0,0,0,4,1,6,1,45,7,-1,-1,-1,-1,-1
201437EA82116,1,9,0,16,0,1,0,0,0,0,3,1,2,2,41,7,-1,-1,-1,5,2
201437EA82116,2,9,0,17,0,1,0,0,0,0,3,1,6,2,66,10,2401,2,11,7,3
201437EA82117,1,9,0,3,0,1,0,0,0,0,1,1,6,2,27,6,1197,1,1,6,1
201437EA82117,2,9,0,3,0,1,0,0,0,0,2,1,2,2,59,9,-1,-1,-1,9,1
201437EA82119,1,9,0,17,0,1,0,0,0,0,1,1,6,2,69,10,1497,8,8,5,1
201437EA82120,1,9,0,9,0,6,0,0,0,0,3,1,6,2,33,6,1242,1,2,10,1
201437EA82120,2,9,0,18,0,8,0,0,0,0,1,1,6,1,27,6,-1,-1,-1,8,3
201437EA82122,1,98,0,18,0,0,0,0,0,0,3,1,6,3,-1,-1,-1,-1,-1,-1,-1
201437EA82122,2,21,0,18,0,0,0,0,0,0,3,1,1,1,42,7,6871,2,5,-1,-1
201437EA82124,1,9,0,11,0,3,0,0,0,0,3,1,1,1,34,6,1896,2,6,9,2
201437EA82124,2,9,0,18,0,3,0,0,0,0,4,1,1,1,42,7,1997,2,1,5,3
201437EA82126,1,1,0,18,0,1,0,0,0,0,3,1,6,2,75,10,-1,-1,-1,6,1
201437EA82126,2,9,0,15,0,1,0,0,0,0,0,1,6,2,74,10,2401,2,7,8,2
201437EA82136,1,9,0,17,0,8,1,0,1,3,1,1,6,2,22,5,1998,1,17,7,3
201437EA82138,1,1,0,18,0,6,0,0,0,0,1,1,6,1,16,4,-1,-1,-1,3,1
201437EA82138,2,9,0,18,0,8,0,0,0,0,4,1,1,1,46,8,-1,-1,-1,2,1
201437EA82139,1,9,0,18,0,0,0,0,0,0,4,1,3,1,48,8,1461,2,7,5,1
201437EA82139,2,9,0,2,0,0,0,0,0,0,3,1,3,2,26,6,1598,1,10,5,1
201437EA82140,1,9,0,9,0,6,0,0,0,0,1,1,6,1,45,7,2495,2,10,6,2
201437EA82140,2,9,0,18,0,1,0,0,0,0,1,1,6,2,67,10,1461,2,3,3,1
201437EA82142,1,9,0,5,0,0,0,0,0,0,4,1,6,1,70,10,1398,2,10,5,1
201437EA82143,1,3,0,18,0,0,0,0,1,10,1,1,6,2,21,5,124,1,9,3,1
201437EA82146,1,9,0,18,0,0,1,0,0,0,1,1,1,2,28,6,1796,1,13,10,1
201437EA82146,2,21,1,18,0,0,0,0,0,0,3,1,2,1,43,7,12419,2,3,9,3
201437EA82159,1,9,0,18,0,0,0,0,0,0,3,1,2,1,46,8,998,1,2,6,1
201437EA82159,2,9,0,18,0,0,0,0,0,0,3,1,2,2,64,9,1596,1,12,8,2
201437EA82174,1,2,0,9,0,6,0,0,0,0,1,1,6,1,16,4,49,1,12,4,1
201437EA82174,2,9,0,18,0,1,0,0,0,0,3,1,6,2,20,4,998,1,10,9,1
201437EA82175,1,9,0,18,0,0,0,0,0,0,1,1,2,1,31,6,2480,2,15,2,1
201437EA82175,2,21,1,3,0,0,0,0,0,0,2,1,1,1,40,7,12900,2,3,8,1
201437EA82176,1,9,0,18,0,0,1,0,1,1,1,1,6,2,20,4,998,1,20,7,3
201437EA82176,2,21,1,18,0,0,0,0,0,0,3,1,6,1,57,9,12740,2,3,1,1
201437EA82176,3,9,0,18,0,0,0,0,0,0,0,1,1,2,28,6,899,1,1,8,1
201437EA82179,1,9,0,18,0,4,0,0,0,0,1,1,6,1,58,9,1598,1,10,5,1
201437EA82179,2,9,0,4,0,4,0,0,0,0,2,1,1,1,58,9,1497,8,7,5,1
201437EA82181,1,9,0,9,0,8,0,0,0,0,3,1,6,1,43,7,1796,1,13,7,1
201437EA82181,2,9,0,18,0,8,0,0,0,0,4,1,6,2,40,7,1995,2,3,9,1
201437EA82184,1,9,0,9,0,8,0,0,0,0,1,1,6,2,78,11,996,1,1,-1,1
201437EA82190,1,9,0,18,0,0,0,0,0,0,1,1,6,1,25,5,1364,1,9,8,1
201437EA82190,2,9,0,18,0,0,0,0,0,0,1,1,6,1,63,9,1753,2,11,8,1
201437EA82193,1,3,0,4,0,4,0,0,0,0,2,1,1,2,51,8,125,1,6,9,1
201437EA82193,2,8,0,18,0,4,0,0,0,0,1,1,1,1,-1,-1,2000,1,8,-1,-1
201437EA82204,1,9,0,18,0,1,0,0,0,0,1,1,6,1,20,4,-1,-1,-1,6,3
201437EA82204,2,9,0,9,0,1,0,0,0,0,2,1,6,2,80,11,-1,-1,-1,7,3
201437EA82205,1,9,0,16,0,0,0,0,1,9,1,1,6,2,55,8,1598,1,4,8,3
201437EA82206,1,3,0,4,0,0,0,0,0,0,0,1,6,1,17,4,124,1,6,6,2
201437EA82207,1,3,0,18,0,0,0,0,1,10,1,1,6,1,20,4,124,1,13,7,1
201437EA82218,1,4,0,9,0,8,1,0,0,0,3,1,6,1,45,7,198,1,17,3,1
201437EA82238,1,9,0,4,0,1,0,0,0,0,1,1,1,2,23,5,-1,-1,-1,6,3
201437EA82238,2,9,0,3,0,1,0,0,0,0,2,1,1,1,34,6,-1,-1,-1,9,2
201437EA82242,1,9,0,9,0,2,0,0,0,0,1,1,1,2,23,5,1242,1,15,7,3
201437EA82242,2,9,0,4,0,1,0,0,0,0,1,1,6,1,80,11,1364,1,7,4,1
201437EA82247,1,10,0,11,0,0,1,0,0,0,1,1,6,1,43,7,-1,-1,-1,-1,-1
201437EA82247,2,9,0,3,0,0,0,0,0,0,2,1,2,1,43,7,1599,1,8,7,1
201437EA82249,1,9,0,18,0,0,0,0,0,0,2,1,6,1,32,6,2171,2,11,4,1
201437EA82249,2,9,0,18,0,0,0,0,0,0,1,1,6,2,34,6,1796,1,12,4,1
201437EA82249,3,9,0,18,0,0,0,0,0,0,1,1,6,1,20,4,1199,1,11,8,2
201437EA82263,1,90,0,18,0,0,0,0,0,0,2,1,6,1,19,4,-1,-1,-1,7,3
201437EA82263,2,9,0,13,0,0,0,0,0,0,4,1,6,1,54,8,2148,2,8,8,1
201437EA82267,1,9,0,18,0,0,0,11,0,0,1,1,6,2,62,9,1997,2,2,6,3
201437EA82283,1,5,0,18,0,0,1,0,2,4,1,1,6,1,29,6,749,1,17,10,1
201437EA82283,2,5,0,18,0,0,0,0,0,0,0,1,6,1,29,6,998,1,14,10,1
201437EA82283,3,19,0,18,0,0,0,0,0,0,0,1,1,1,53,8,-1,-1,-1,8,3
201437EA82283,4,9,0,18,0,0,0,0,0,0,0,1,6,1,63,9,-1,-1,-1,7,3
201437EA82283,5,9,4,18,0,0,5,0,7,9,1,1,6,1,66,10,2495,2,14,6,3
201437EA82285,1,9,0,18,0,3,0,0,0,0,1,1,6,1,-1,-1,1396,1,10,-1,-1
201437EA82285,2,9,0,18,0,3,0,0,0,0,4,1,6,2,31,6,1968,2,1,7,3
201437EA82310,1,11,0,4,7,0,0,0,0,0,4,1,1,1,-1,-1,-1,-1,-1,-1,-1
201437EA82312,1,9,0,5,9,6,0,0,0,0,4,1,2,1,21,5,1229,1,8,9,1
201437EA82312,2,1,0,18,9,8,0,0,0,0,1,1,2,2,22,5,-1,-1,-1,8,1
201437EA82318,1,9,0,4,0,1,0,0,0,0,1,1,6,1,38,7,1598,1,10,2,1
201437EA82318,2,9,0,4,0,1,0,0,0,0,2,1,6,1,31,6,1596,1,11,-1,1
201437EA82318,3,9,0,4,0,1,0,0,0,0,2,1,6,1,30,6,1749,1,10,-1,1
201437EA82322,1,9,0,18,0,0,0,0,0,0,1,1,6,1,44,7,998,1,1,5,2
201437EA82324,1,9,0,17,0,0,0,0,4,6,1,1,6,2,78,11,1791,8,3,8,2
201437EA82330,1,8,0,9,0,2,0,0,0,0,1,1,1,1,68,10,1997,2,8,2,1
201437EA82330,2,1,0,18,0,1,0,0,0,0,3,1,6,1,28,6,-1,-1,-1,6,1
201437EA82335,1,3,0,18,0,2,0,0,1,0,1,1,1,1,27,6,124,1,6,-1,-1
201437EA82335,2,9,0,2,0,1,0,0,0,0,2,1,1,1,46,8,1984,1,11,3,1
201437EA82340,1,9,0,9,0,6,0,0,0,0,3,1,2,2,22,5,1796,1,9,8,3
201437EA82340,2,5,0,4,0,1,0,0,0,0,1,1,6,1,37,7,-1,-1,-1,3,1
201437EA82341,1,9,0,18,0,0,0,0,0,0,1,1,2,2,31,6,1598,1,9,10,2
201437EA82341,2,1,0,18,0,0,0,0,0,0,1,1,6,1,13,3,-1,-1,-1,-1,-1
201437EA82349,1,9,0,7,0,8,0,0,0,0,4,1,6,2,38,7,1598,1,9,4,1
201437EA82349,2,1,0,18,0,8,0,0,0,0,1,1,6,2,30,6,-1,-1,-1,-1,-1
201437EA82354,1,9,0,1,0,0,0,0,0,0,2,1,6,1,45,7,2993,2,9,10,1
201437EA82383,1,9,0,17,0,0,0,0,0,0,1,1,6,1,32,6,1299,1,13,-1,-1
201437EA82383,2,9,0,16,0,0,0,0,0,0,1,1,6,2,18,4,1149,1,12,7,3
201437EA82384,1,9,0,18,0,0,0,0,0,0,1,1,6,1,31,6,1753,2,7,3,1
201437EA82384,2,9,0,4,0,0,0,0,0,0,2,1,6,1,69,10,1149,1,4,5,1
201437EA82384,3,9,0,4,0,0,0,0,0,0,2,1,6,2,29,6,1360,1,8,5,1
201437EA82384,4,9,0,4,0,0,0,0,0,0,2,1,6,1,52,8,4196,1,12,5,1
201437EA82390,1,9,0,18,0,0,0,0,0,0,1,1,6,3,-1,-1,-1,-1,-1,-1,-1
201437EA82390,2,1,0,18,5,0,0,0,0,0,3,1,6,1,18,4,-1,-1,-1,9,1
201437EA82405,1,21,1,18,0,0,1,0,0,0,1,1,1,1,33,6,10518,2,2,-1,-1
201437EA82405,2,90,0,18,0,0,2,0,1,0,2,1,6,1,68,10,2498,2,25,-1,-1
201437EA82408,1,9,0,18,0,0,0,0,7,0,3,1,6,1,69,10,1796,1,14,7,2
201437EA82408,2,9,0,18,0,0,0,0,0,0,3,1,6,1,88,11,1596,1,8,5,3
201437EA82413,1,9,0,18,0,0,0,0,0,0,4,1,6,3,-1,-1,1753,2,13,-1,-1
201437EA82414,1,9,0,18,0,0,0,0,0,0,3,1,6,1,19,4,1199,1,13,6,3
201437EA82414,2,9,0,18,0,0,0,0,0,0,3,1,6,2,25,5,1124,1,11,8,1
201437EA82414,3,19,0,2,0,0,0,0,0,0,3,1,6,1,62,9,2463,2,10,6,2
201437EA82415,1,5,0,18,0,0,1,0,0,0,1,1,6,1,47,8,988,1,10,3,1
201437EA82415,2,9,0,18,0,0,0,0,0,0,2,1,6,2,48,8,1598,2,1,8,1
201437EA82415,3,9,0,18,0,0,0,0,0,0,0,1,6,1,51,8,2000,2,10,8,2
201437EA82417,1,9,0,5,0,1,0,0,0,0,1,1,6,2,44,7,2996,1,6,-1,1
201437EA82417,2,9,0,18,0,1,0,0,0,0,4,1,6,2,49,8,1391,1,18,5,3
201437EA82453,1,9,0,7,0,5,0,0,0,0,4,1,6,2,75,10,1329,1,5,-1,-1
201437EA82453,2,1,0,18,0,1,0,0,0,0,1,1,6,1,60,9,-1,-1,-1,6,1
201437EA82470,1,19,0,3,0,1,0,0,0,0,1,1,6,1,76,11,2184,2,27,7,3
201437EA82470,2,9,0,3,0,1,0,0,0,0,2,1,2,2,39,7,1296,1,-1,9,2
201437EA82470,3,19,4,3,0,1,0,0,0,0,2,1,2,1,63,9,-1,-1,-1,7,3
201437EA82477,1,9,0,4,0,0,0,0,0,0,1,1,6,2,17,4,1298,1,7,9,2
201437EA82477,2,9,0,4,0,0,0,0,0,0,2,1,6,2,46,8,1997,2,3,3,1
201437EA82477,3,9,0,4,0,0,0,0,0,0,2,1,6,1,-1,-1,1598,1,1,10,1
201437EA82478,1,9,0,7,0,3,0,0,0,0,1,1,6,1,40,7,-1,-1,-1,-1,-1
201437EA82478,2,1,0,18,0,8,0,0,0,0,2,1,6,1,15,3,-1,-1,-1,5,1
201437EA82485,1,9,0,16,0,1,0,0,3,4,1,1,6,1,17,4,1000,1,14,9,2
201437EA82487,1,17,0,18,0,0,0,0,0,0,3,1,6,1,65,9,-1,-1,-1,8,3
201437EA82487,2,1,0,18,0,0,0,0,0,0,3,1,6,1,35,6,-1,-1,-1,9,1
201437EA82488,1,9,0,18,0,2,0,0,0,0,4,1,1,1,31,6,1399,2,12,3,1
201437EA82488,2,1,0,18,0,2,0,0,0,0,1,1,6,1,63,9,-1,-1,-1,6,1
201437EA82493,1,9,0,9,0,2,0,0,0,0,1,1,6,1,33,6,1968,2,1,8,3
201437EA82493,2,5,0,18,0,1,0,0,0,0,4,1,6,1,51,8,1340,1,32,6,3
201437EA82495,1,9,0,18,0,8,0,0,0,0,1,1,6,1,22,5,1242,1,-1,4,1
201437EA82495,2,9,0,18,0,1,0,0,0,0,0,1,1,1,49,8,1560,2,-1,9,1
201437EA82495,3,9,0,18,0,8,1,0,0,0,4,1,6,1,37,7,1968,2,9,5,1
201437EA82495,4,9,0,4,0,8,0,0,0,0,3,1,1,1,44,7,1968,2,1,-1,-1
201437EA82499,1,9,0,9,0,6,0,0,0,0,3,1,6,2,29,6,1560,2,3,3,1
201437EA82499,2,5,0,18,0,1,1,0,0,0,1,1,6,1,31,6,599,1,12,6,1
201437EA82519,1,3,0,18,0,0,1,0,0,0,1,1,1,1,21,5,108,1,1,-1,3
201437EA82519,2,9,0,18,0,0,0,0,0,0,2,1,1,2,60,9,1299,1,11,6,1
201437EA82520,1,9,0,9,0,8,0,0,0,0,1,1,6,1,43,7,2902,2,12,6,1
201437EA82520,2,5,0,18,0,1,0,0,0,0,1,1,6,1,60,9,670,1,2,8,3
201437EA82525,1,9,0,18,0,8,0,0,0,0,1,1,6,1,29,6,998,1,13,2,1
201437EA82525,2,9,0,18,0,1,0,0,0,0,4,1,6,2,23,5,1242,1,-1,6,1
201437EA82543,1,1,0,4,0,1,0,0,0,0,3,1,6,2,12,3,-1,-1,-1,-1,-1
201437EA82543,2,9,0,5,0,1,0,0,0,0,4,1,6,2,35,6,1497,1,13,6,1
201437EA82593,1,9,0,18,0,2,0,0,0,0,1,1,6,2,57,9,1998,1,9,-1,-1
201437EA82593,2,9,0,18,0,8,0,0,1,4,4,1,6,2,64,9,1968,2,4,7,1
201437EA82596,1,19,0,18,0,0,0,0,0,0,3,1,1,1,44,7,1248,2,6,7,3
201437EA82596,2,21,1,18,0,0,0,0,0,7,3,1,1,1,51,8,12130,2,8,7,2
201437EA82598,1,9,0,13,0,0,0,0,0,0,3,1,6,2,25,5,1390,1,8,-1,-1
201437EA82598,2,4,0,18,0,0,0,0,0,0,4,1,1,1,39,7,499,1,18,6,1
201437EA82599,1,9,0,18,0,0,1,0,1,2,1,1,6,1,72,10,2793,1,17,7,1
201437EA82602,1,9,0,17,0,0,0,0,0,0,1,1,6,1,40,7,-1,-1,-1,4,1
201437EA82602,2,9,0,16,0,0,0,0,0,0,3,1,6,2,70,10,-1,-1,-1,9,3
201437EA82602,3,9,0,16,0,0,0,0,0,0,3,1,6,2,70,10,1998,2,7,7,3
201437EA82602,4,9,0,16,0,0,0,0,0,0,3,1,6,1,40,7,-1,-1,-1,6,3
201437EA82607,1,9,0,18,0,2,0,0,0,0,2,1,6,1,71,10,1984,1,13,-1,3
201437EA82607,2,5,0,18,0,1,1,0,1,0,1,1,6,1,53,8,1198,1,14,-1,2
201437EA82610,1,9,0,9,0,1,0,0,0,0,4,1,6,1,64,9,1595,1,4,1,1
201437EA82610,2,4,0,18,0,1,0,0,0,0,1,1,6,1,50,8,125,1,3,3,1
201437EA82611,1,9,0,4,0,1,0,0,0,0,1,1,2,1,21,5,1596,1,13,-1,-1
201437EA82611,2,1,0,18,0,2,0,0,0,0,2,1,6,1,29,6,-1,-1,-1,-1,-1
201437EA82612,1,2,0,4,0,0,0,0,0,0,1,1,2,1,16,4,49,1,12,-1,-1
201437EA82614,1,9,0,18,0,8,0,0,1,1,1,1,2,2,59,9,1199,1,13,9,2
201437EA82615,1,9,0,18,0,0,5,0,0,0,4,1,6,1,60,9,1596,1,10,3,1
201437EA82615,2,21,1,18,0,0,0,0,0,0,3,1,1,1,41,7,12740,2,4,8,3
201437EA82617,1,9,0,18,0,1,0,0,0,0,1,1,6,1,73,10,1388,1,8,7,1
201437EA82617,2,9,0,10,0,1,0,0,1,0,2,1,6,1,67,10,1242,1,8,7,1
201437EA82618,1,9,0,5,0,4,0,0,0,0,1,1,6,2,77,11,1242,1,17,8,3
201437EA82618,2,9,0,3,0,4,0,0,0,0,2,1,6,2,46,8,1248,2,3,9,2
201437EA82629,1,9,0,12,0,0,0,0,0,0,2,1,6,1,43,7,1999,1,10,9,1
201437EA82629,2,9,0,18,0,0,0,0,0,0,1,1,1,1,35,6,1995,2,7,5,1
201437EA82633,1,9,0,4,0,1,0,0,0,0,1,1,6,2,52,8,1590,1,15,3,1
201437EA82633,2,2,0,18,0,1,0,0,0,0,3,1,6,1,16,4,49,1,8,5,1
201437EA82638,1,9,0,18,0,3,0,0,0,0,1,1,6,1,23,5,1999,1,13,6,1
201437EA82638,2,9,0,18,0,3,0,0,0,0,2,1,6,2,34,6,1587,1,12,2,1
201437EA82639,1,9,0,18,0,0,2,0,2,10,4,1,1,1,38,7,1149,1,12,8,2
201437EA82642,1,9,0,16,0,1,0,0,0,0,1,1,6,2,33,6,1339,1,10,-1,1
201437EA82642,2,9,0,16,0,1,0,0,0,0,2,1,6,2,21,5,1108,1,12,7,3
201437EA82653,1,9,0,4,0,1,0,0,0,0,1,1,6,1,-1,-1,1597,1,16,-1,-1
201437EA82653,2,9,0,4,0,1,0,0,0,0,2,1,6,2,39,7,1984,1,4,-1,1
201437EA82669,1,9,0,9,0,0,0,0,0,0,1,1,6,1,60,9,2199,2,4,9,1
201437EA82669,2,9,0,18,0,0,0,0,0,0,1,1,6,1,50,8,1298,1,14,10,1
201437EA82683,1,9,0,18,0,1,0,0,0,0,1,1,6,1,32,6,1596,1,6,-1,1
201437EA82683,2,19,0,18,0,1,0,0,1,0,3,1,1,1,37,7,2402,2,10,10,2
201437EA82691,1,9,0,18,0,0,0,0,0,0,3,1,6,1,-1,-1,1388,1,12,-1,-1
201437EA82691,2,9,0,13,0,0,0,0,0,0,4,1,6,2,35,6,1591,1,1,5,2
201437EA82694,1,9,0,18,0,8,0,0,0,0,4,1,6,1,81,11,1596,1,8,9,1
201437EA82694,2,9,0,18,0,1,0,0,0,0,1,1,1,2,24,5,1398,1,3,-1,2
201437EA82700,1,9,0,16,0,0,1,0,1,4,1,1,1,2,20,4,1299,1,11,5,3
201437EA82702,1,9,0,13,0,0,0,0,0,0,1,1,6,3,-1,-1,-1,-1,-1,-1,-1
201437EA82702,2,1,0,5,0,0,0,0,0,0,4,1,1,1,49,8,-1,-1,-1,9,1
201437EA82704,1,9,0,18,0,0,1,0,7,4,2,1,6,1,31,6,1796,1,13,4,1
201437EA82709,1,9,0,4,0,0,0,0,0,0,1,1,6,2,43,7,1386,1,11,-1,1
201437EA82709,2,9,0,4,0,0,0,0,0,0,1,1,6,1,18,4,1124,1,14,7,3
201437EA82709,3,9,0,4,0,0,0,0,0,0,2,1,6,2,19,4,1598,1,6,2,1
201437EA82710,1,9,0,18,0,0,0,0,0,0,4,1,6,3,-1,-1,-1,-1,-1,-1,-1
201437EA82711,1,9,0,5,0,0,0,0,0,0,1,1,6,2,23,5,1299,1,13,6,1
201437EA82722,1,9,0,18,0,0,1,0,1,11,1,1,6,1,26,6,1124,1,15,3,1
201437EA82750,1,9,0,5,0,0,0,4,0,0,1,1,6,1,39,7,1461,2,7,6,1
201437EA82750,2,9,0,2,0,0,0,0,0,0,2,1,6,1,-1,-1,-1,-1,-1,-1,1
201437EA82757,1,9,0,16,0,0,1,0,1,9,2,1,2,2,21,5,1490,1,6,8,1
201437EA82763,1,5,0,18,0,1,0,0,0,0,1,1,2,1,44,7,1450,1,11,6,1
201437EA82763,2,17,4,9,0,5,0,0,0,0,3,1,1,1,53,8,-1,2,12,9,3
201437EA82764,1,9,0,16,0,0,0,0,0,0,0,1,6,2,22,5,1240,1,9,-1,1
201437EA82765,1,9,0,4,0,0,0,0,0,0,1,1,6,1,19,4,1390,1,1,8,1
201437EA82765,2,9,0,3,0,0,0,0,0,0,2,1,6,2,40,7,1994,1,11,7,3
201437EA82771,1,9,0,9,0,8,0,0,0,0,1,1,6,2,44,7,1242,1,15,2,1
201437EA82771,2,9,0,18,0,8,0,0,0,0,1,1,6,2,49,8,1870,2,15,3,1
201437EA82782,1,5,0,18,0,3,0,0,0,0,1,1,6,1,29,6,600,1,-1,5,3
201437EA82782,2,21,0,17,0,8,0,0,0,0,3,1,1,1,62,9,-1,2,11,7,2
201437EA82788,1,9,0,18,0,0,0,0,0,0,1,1,2,1,29,6,1796,1,13,1,1
201437EA82788,2,9,0,4,0,0,0,0,0,0,2,1,2,1,41,7,1896,2,5,2,1
201437EA82799,1,9,0,17,0,0,1,0,7,0,0,1,6,1,31,6,1391,1,13,8,3
201437EA82799,2,9,0,17,0,0,0,0,0,0,0,1,6,2,56,9,1339,1,5,5,2
201437EA82799,3,9,0,13,0,0,0,0,0,0,0,1,1,1,31,6,2993,2,1,9,1
201437EA82803,1,9,0,18,0,0,0,0,7,4,1,1,6,1,77,11,998,1,1,10,1
201437EA82806,1,9,0,9,0,6,0,0,0,0,3,1,6,2,45,7,1968,2,6,5,3
201437EA82806,2,9,0,18,0,1,1,0,0,0,1,1,1,2,25,5,1900,2,15,2,1
201437EA82807,1,9,0,3,0,1,0,0,0,0,1,1,6,2,28,6,1587,1,14,8,1
201437EA82807,2,9,0,3,0,1,0,0,0,0,2,1,6,2,60,9,1198,1,7,8,1
201437EA82808,1,1,0,18,0,3,0,0,0,0,1,1,6,1,19,4,-1,-1,-1,3,1
201437EA82808,2,9,0,7,0,3,0,0,0,0,4,1,6,2,27,6,1997,2,9,3,1
201437EA82823,1,9,0,17,0,0,1,0,8,2,3,1,1,1,30,6,2198,1,11,3,1
201437EA82825,1,9,0,7,0,1,0,0,0,0,4,1,6,1,54,8,1341,1,10,3,1
201437EA82825,2,1,0,18,4,1,0,0,0,0,1,1,1,1,24,5,-1,-1,-1,2,1
201437EA82827,1,9,0,11,0,0,0,0,0,0,4,1,1,2,45,7,1991,2,6,4,3
201437EA82827,2,3,0,18,0,0,0,0,1,11,3,1,6,1,40,7,125,1,1,1,1
201437EA82828,1,9,0,18,0,8,1,0,1,11,3,1,6,2,57,9,1796,1,13,8,3
201437EA82828,2,9,0,3,0,8,0,0,0,0,1,1,1,1,51,8,1968,2,1,8,2
201437EA82830,1,9,0,7,0,1,0,0,1,11,1,1,6,2,80,11,-1,-1,-1,2,1
201437EA82830,2,19,4,18,0,1,0,0,0,0,4,1,1,1,44,7,2461,2,9,9,2
201437EA82831,1,9,0,18,0,0,0,0,0,0,1,1,6,1,31,6,1896,2,12,7,1
201437EA82831,2,9,0,18,0,0,0,0,0,0,1,1,2,1,29,6,1560,2,4,4,2
201437EA82831,3,9,0,18,0,0,0,0,0,0,1,1,2,2,37,7,1984,1,9,7,1
201437EA82831,4,9,0,4,0,0,0,0,0,0,2,1,2,2,54,8,1968,2,4,8,3
201437EA82841,1,1,0,9,0,1,0,0,0,0,3,1,6,1,33,6,-1,-1,-1,5,1
201437EA82841,2,97,0,13,0,1,0,0,0,0,1,1,6,1,31,6,400,1,27,3,1
201437EA82842,1,9,0,16,0,0,0,0,1,0,1,1,6,1,69,10,-1,-1,-1,7,2