Accident_Index,Vehicle_Reference,Vehicle_Type,Towing_and_Articulation,Vehicle_Manoeuvre,Vehicle_Location-Restricted_Lane,Junction_Location,Skidding_and_Overturning,Hit_Object_in_Carriageway,Vehicle_Leaving_Carriageway,Hit_Object_off_Carriageway,1st_Point_of_Impact,Was_Vehicle_Left_Hand_Drive?,Journey_Purpose_of_Driver,Sex_of_Driver,Age_of_Driver,Age_Band_of_Driver,Engine_Capacity_(CC),Propulsion_Code,Age_of_Vehicle,Driver_IMD_Decile,Driver_Home_Area_Type
201437EA82842,2,9,0,17,0,0,0,0,0,0,1,1,6,2,76,11,1498,1,1,8,3
201437EA82851,1,9,4,4,2,0,0,0,0,0,2,1,6,1,30,6,1995,2,6,-1,-1
201437EA82851,2,1,0,18,2,0,0,0,0,0,1,1,2,1,25,5,-1,-1,-1,6,1
201437EA82852,1,19,0,9,0,1,0,0,0,0,1,1,1,1,23,5,2402,2,9,8,1
201437EA82852,2,9,0,18,0,1,0,0,0,0,1,1,6,2,20,4,1598,1,7,6,3
201437EA82854,1,9,0,18,0,2,0,0,0,0,1,1,2,1,22,5,-1,-1,-1,8,1
201437EA82855,1,9,0,16,0,0,0,0,7,10,3,1,6,1,39,7,1796,1,17,7,2
201437EA82889,1,9,0,18,0,1,0,0,1,0,3,1,6,2,37,7,1242,1,5,9,1
201437EA82889,2,9,0,18,0,1,0,0,0,0,3,1,6,1,69,10,1995,2,14,6,1
201437EA82891,1,9,0,9,0,6,0,0,0,0,3,1,6,1,64,9,1951,2,13,5,1
201437EA82891,2,9,0,18,0,1,0,0,1,1,1,1,6,2,28,6,1796,1,14,8,1
201437EA82894,1,9,0,5,0,1,0,0,0,0,1,1,6,1,85,11,2401,2,10,3,1
201437EA82894,2,9,0,18,0,1,0,0,7,0,4,1,6,2,46,8,1596,1,9,8,2
201437EA82895,1,21,1,12,0,0,0,0,0,0,2,1,1,1,61,9,10308,2,8,3,1
201437EA82895,2,21,1,18,0,0,0,0,0,0,1,1,1,1,31,6,12809,2,1,5,1
201437EA82896,1,9,0,18,0,0,0,0,4,6,3,1,6,3,-1,-1,1587,1,12,-1,-1
201437EA82898,1,9,0,9,0,8,0,0,7,9,4,1,6,1,59,9,602,1,26,6,3
201437EA82898,2,9,0,18,0,1,0,0,7,9,3,1,6,1,51,8,1560,2,3,1,1
201437EA82899,1,9,0,13,0,0,0,0,0,0,3,1,1,1,42,7,1598,1,14,8,3
201437EA82899,2,19,0,13,0,0,0,0,0,0,4,1,1,1,41,7,2402,2,8,6,3
201437EA82899,3,9,0,18,0,0,0,0,1,0,3,1,1,2,49,8,999,1,13,8,3
201437EA82900,1,9,0,18,0,0,0,0,7,9,1,1,6,2,19,4,973,1,16,8,1
201437EA82902,1,9,0,18,0,1,0,0,0,0,1,1,6,2,23,5,1598,1,12,-1,2
201437EA82902,2,9,0,3,0,1,0,0,0,0,2,1,6,2,35,6,1364,1,6,9,2
201437EA82902,3,9,0,3,0,1,0,0,0,0,2,1,6,1,38,7,1598,2,-1,7,3
201437EA82904,1,9,0,18,0,0,0,0,0,0,1,1,1,1,43,7,1769,1,12,5,1
201437EA82904,2,9,0,18,0,0,0,0,0,0,2,1,1,2,52,8,1968,2,7,9,2
201437EA82905,1,9,0,4,0,1,0,0,0,0,1,1,6,2,41,7,2902,2,9,5,3
201437EA82905,2,9,0,3,0,1,0,0,0,0,2,1,6,2,67,10,1560,2,3,5,3
201437EA82905,3,9,0,10,0,1,0,0,0,0,2,1,6,2,44,7,1969,2,-1,8,3
201437EA82906,1,9,0,16,0,1,1,0,7,4,1,1,6,1,26,6,1299,1,6,7,3
201437EA82908,1,9,0,18,0,0,0,4,0,0,1,1,2,2,43,7,1997,2,9,-1,2
201437EA82908,2,19,0,2,0,0,0,0,0,0,2,1,1,1,26,6,2287,2,6,5,1
201437EA82911,1,9,0,18,0,5,0,0,7,11,4,1,1,1,48,8,1598,2,2,9,2
201437EA82911,2,21,1,3,0,6,0,0,0,0,3,1,1,1,44,7,10837,2,4,2,1
201437EA82917,1,2,0,18,0,0,1,10,1,0,4,1,6,1,16,4,49,1,4,4,1
201437EA82919,1,9,0,18,0,0,0,0,0,0,4,1,6,3,-1,-1,-1,-1,-1,-1,-1
201437EA82919,2,1,0,18,0,0,0,0,0,0,2,1,2,1,22,5,-1,-1,-1,2,1
201437EA82920,1,9,0,5,0,1,0,0,0,0,1,1,6,1,48,8,1956,2,3,3,1
201437EA82920,2,1,0,18,0,2,0,0,0,0,2,1,1,2,62,9,-1,-1,-1,-1,-1
201437EA82921,1,9,0,9,0,1,0,0,0,0,1,1,6,1,51,8,1400,1,13,1,1
201437EA82921,2,2,0,18,0,1,1,0,0,0,1,1,6,2,17,4,49,1,6,3,1
201437EA82922,1,9,0,7,0,8,0,0,0,0,3,1,6,2,26,6,1390,1,1,3,1
201437EA82922,2,2,0,18,0,1,0,0,0,0,1,1,6,1,47,8,-1,-1,-1,7,1
201437EA82922,3,9,0,18,0,1,0,0,0,0,1,1,6,1,35,6,-1,-1,-1,3,1
201437EA82923,1,9,0,4,0,0,0,0,4,0,1,1,2,2,42,7,1398,1,-1,-1,-1
201437EA82923,2,9,0,4,0,0,0,0,0,0,2,1,2,1,29,6,1995,2,7,8,2
201437EA82929,1,9,0,9,0,6,0,0,0,0,2,1,6,1,77,11,1796,1,12,5,1
201437EA82929,2,11,0,18,0,1,0,0,0,0,1,1,6,1,21,5,4250,2,10,7,1
201437EA82944,1,9,0,18,0,0,0,0,0,0,3,1,1,1,49,8,2499,2,12,10,3
201437EA82944,2,9,0,18,0,0,0,0,1,0,3,1,6,1,78,11,1339,1,2,5,1
201437EA82944,3,21,0,18,0,0,1,0,1,0,3,1,1,1,40,7,5880,2,8,1,1
201437EA82946,1,3,0,17,0,4,1,0,1,0,1,1,1,1,19,4,124,1,7,7,1
201437EA82949,1,9,0,12,0,8,0,0,6,0,3,1,6,1,70,10,698,1,11,8,3
201437EA82949,2,9,0,18,0,8,0,0,0,0,4,1,6,1,30,6,2499,2,13,3,1
201437EA82951,1,9,0,17,0,0,2,0,2,10,4,1,2,1,18,4,1360,1,14,10,2
201437EA82955,1,9,0,18,0,0,0,0,0,0,1,1,2,1,44,7,998,1,13,3,1
201437EA82958,1,9,0,17,0,0,2,0,0,0,3,1,1,2,19,4,1242,1,8,9,2
201437EA82977,1,19,4,18,0,0,1,0,1,0,1,1,6,1,53,8,1997,2,11,7,3
201437EA82977,2,9,0,18,0,0,0,0,0,0,2,1,6,2,18,4,998,1,11,10,3
201437EA82985,1,9,0,18,0,0,0,0,8,4,3,1,6,1,24,5,1998,1,12,2,1
201437EA82986,1,9,0,17,0,0,1,0,7,11,4,1,6,1,22,5,1388,1,10,9,2
201437EA82987,1,9,0,16,0,0,0,0,0,0,3,1,6,1,80,11,1598,1,7,5,2
201437EA82987,2,9,0,17,0,0,1,0,0,0,3,1,2,1,55,8,1796,1,13,2,1
201437EA82987,3,9,0,17,0,0,0,0,0,0,3,1,6,2,66,10,2149,2,7,6,3
201437EA82991,1,5,0,18,0,0,0,0,0,0,1,1,6,1,53,8,745,1,42,7,3
201437EA82991,2,9,0,18,0,0,0,0,0,0,3,1,6,1,60,9,-1,-1,-1,7,2
201437EA82993,1,98,1,18,0,0,0,0,0,0,1,1,6,1,-1,-1,4580,2,2,9,3
201437EA82993,2,9,0,1,0,0,0,0,0,0,2,1,6,1,34,6,2499,2,14,6,3
201437EA82996,1,9,0,4,0,0,0,0,0,0,1,1,6,2,18,4,1299,1,11,6,1
201437EA82996,2,9,0,4,0,0,0,0,0,0,2,1,6,2,50,8,1598,2,1,10,1
201437EA82998,1,8,0,18,0,1,0,0,0,0,4,1,1,1,42,7,2151,2,12,-1,1
201437EA82999,1,9,0,7,0,1,0,0,7,10,1,1,6,1,77,11,998,1,13,9,2
201437EA83004,1,9,0,9,0,8,0,0,3,10,1,1,6,2,82,11,-1,-1,-1,10,1
201437EA83007,1,98,0,18,0,0,0,0,0,0,3,1,1,1,59,9,6370,2,12,1,2
201437EA83007,2,9,0,18,0,0,0,0,0,0,3,1,6,2,45,7,1896,2,5,6,1
201437EA83010,1,9,0,4,0,0,0,0,0,0,2,1,1,1,32,6,1398,2,10,-1,1
201437EA83010,2,9,0,4,0,0,0,0,0,0,1,1,6,2,30,6,2179,2,2,10,1
201437EA83010,3,9,0,4,0,0,0,1,4,6,2,1,1,1,23,5,1229,1,6,-1,-1
201437EA83010,4,19,0,4,0,0,0,0,0,0,1,1,1,1,46,8,1461,2,2,5,1
201437EA83011,1,9,0,18,0,1,0,0,0,0,1,1,2,2,18,4,998,1,13,7,3
201437EA83011,2,8,0,9,0,2,0,0,0,0,4,1,1,1,45,7,1598,2,-1,3,1
201437EA83016,1,9,0,16,0,0,0,0,0,0,0,1,6,2,51,8,1598,1,5,-1,1
201437EA83016,2,9,0,16,0,0,1,0,0,0,1,1,6,1,42,7,1896,2,13,9,2
201437EA83016,3,9,0,17,0,0,0,0,0,0,3,1,6,2,34,6,-1,-1,-1,10,2
201437EA83039,1,9,0,5,0,1,0,0,0,0,1,1,6,1,31,6,2148,2,12,9,3
201437EA83039,2,9,0,18,0,1,1,0,0,0,3,1,2,2,31,6,1275,1,16,7,1
201437EA83044,1,9,0,16,0,0,2,10,7,10,1,1,6,1,21,5,1388,1,11,7,3
201437EA83045,1,9,0,18,0,1,0,0,0,0,1,1,6,2,30,6,1956,2,1,-1,2
201437EA83045,2,9,0,10,0,1,0,0,0,0,2,1,6,1,43,7,1240,1,11,2,1
201437EA83047,1,9,0,3,0,1,0,0,0,0,1,1,6,2,21,5,1149,1,8,1,1
201437EA83047,2,9,0,3,0,1,0,0,0,0,2,1,6,1,53,8,1753,2,6,3,1
201437EA83050,1,9,0,9,0,8,0,0,0,0,1,1,6,3,-1,-1,-1,-1,-1,-1,-1
201437EA83051,1,9,0,17,0,2,0,0,1,4,1,1,6,1,19,4,1388,1,10,4,1
201437EA83075,1,9,0,4,9,6,0,0,0,0,1,1,6,2,48,8,2179,2,2,3,1
201437EA83075,2,9,0,18,0,8,0,0,0,0,4,1,6,2,17,4,1587,1,13,6,1
201437EA83078,1,9,0,4,0,0,0,0,0,0,2,1,6,2,35,6,1956,2,1,2,1
201437EA83078,2,9,0,4,0,0,0,0,0,0,1,1,6,2,23,5,1360,1,11,6,1
201437EA83078,3,9,0,4,0,0,0,0,0,0,1,1,6,2,21,5,1598,1,7,6,1
201437EA83091,1,1,0,18,0,1,0,0,0,0,2,1,1,2,39,7,-1,-1,-1,8,1
201437EA83091,2,9,0,5,0,8,0,0,0,0,1,1,1,1,24,5,-1,-1,-1,1,1
201437EA83097,1,9,0,3,9,6,0,0,0,0,3,1,6,1,25,5,1598,2,-1,-1,1
201437EA83103,1,19,0,7,0,6,0,0,0,0,1,1,1,1,-1,-1,1868,2,8,-1,-1
201437EA83103,2,1,0,18,0,1,0,0,0,0,2,1,6,1,70,10,-1,-1,-1,9,1
201437EA83109,1,9,0,18,0,0,0,8,0,4,4,1,6,1,91,11,2494,2,7,6,1
201437EA83109,2,9,0,2,0,0,0,8,0,4,4,1,6,2,40,7,1396,1,10,7,1
201437EA83115,1,9,0,2,0,0,0,0,0,0,0,1,6,1,49,8,1598,2,-1,8,1
201437EA83118,1,9,0,18,0,1,0,10,1,10,1,1,6,1,85,11,1388,1,11,7,1
201437EA83119,1,21,1,18,0,0,0,0,0,0,1,1,1,1,49,8,11705,2,9,2,1
201437EA83119,2,17,0,18,0,0,5,0,4,6,2,1,1,1,51,8,4400,2,-1,9,2
201437EA83120,1,9,0,16,0,1,5,0,1,11,2,1,6,2,20,4,1124,1,11,4,1
201437EA83120,2,9,0,17,0,1,0,0,0,0,3,1,6,1,64,9,3226,2,13,7,3
201437EA83125,1,4,0,18,0,8,1,0,0,0,1,1,6,1,26,6,-1,-1,-1,3,1
201437EA83125,2,9,0,4,0,8,0,0,0,0,2,1,6,2,67,10,1598,1,9,5,3
201437EA83125,3,9,0,12,0,8,0,0,0,0,0,1,6,2,54,8,-1,-1,-1,8,1
201437EA83128,1,19,0,1,0,6,0,0,0,0,2,1,6,1,-1,-1,1910,2,10,6,2
201437EA83134,1,9,0,3,0,1,0,0,0,0,1,1,2,2,23,5,1596,1,3,10,3
201437EA83134,2,9,0,3,0,1,0,0,0,0,2,1,2,1,60,9,2995,1,10,10,1
201437EA83135,1,9,0,5,0,0,0,0,4,6,1,1,6,1,24,5,1796,1,15,4,2
201437EA83135,2,9,0,18,0,0,0,0,4,6,1,1,1,1,41,7,-1,-1,-1,8,3
201437EA83135,3,21,1,2,6,0,0,0,0,0,2,1,1,1,46,8,10518,2,6,8,1
201437EA83146,1,21,1,4,0,0,0,0,0,0,1,1,1,1,28,6,12740,2,1,9,1
201437EA83146,2,21,0,3,0,0,0,0,0,0,2,1,1,1,48,8,7146,2,6,8,2
201437EA83150,1,9,0,16,0,0,1,0,0,0,1,1,6,2,33,6,1242,1,16,3,1
201437EA83150,2,19,0,17,0,0,0,0,0,0,1,1,2,2,28,6,1968,2,6,7,1
201437EA83152,1,9,0,9,0,8,1,0,0,0,1,1,1,1,32,6,-1,-1,-1,7,2
201437EA83152,2,9,0,18,0,1,0,0,0,0,1,1,1,1,52,8,-1,-1,-1,6,3
201437EA83153,1,19,0,7,0,5,0,0,0,0,4,1,6,1,61,9,1997,2,7,9,1
201437EA83153,2,97,0,15,0,1,0,0,0,0,3,1,6,1,21,5,124,1,6,4,1
201437EA83154,1,9,0,1,0,1,0,0,0,0,2,1,2,1,20,4,1399,2,8,7,3
201437EA83154,2,19,0,18,0,1,0,0,7,0,1,1,1,1,48,8,1598,2,2,8,2
201437EA83156,1,1,0,18,0,0,0,0,0,0,2,1,1,1,20,4,-1,-1,-1,9,1
201437EA83156,2,9,0,18,0,0,0,0,0,0,1,1,6,2,55,8,1586,1,2,3,1
201437EA83157,1,9,0,18,0,1,0,0,0,0,1,1,6,2,24,5,1997,2,13,4,1
201437EA83157,2,9,0,18,0,1,0,0,0,0,2,1,6,1,26,6,1597,2,1,9,2
201437EA83157,3,9,0,18,0,1,0,0,0,0,2,1,6,3,-1,-1,-1,-1,-1,-1,-1
201437EA83163,1,9,0,17,0,1,1,0,2,4,1,1,6,1,31,6,1589,1,14,7,2
201437EA83167,1,21,1,18,0,0,0,0,0,0,1,1,1,1,50,8,11967,2,1,2,1
201437EA83167,2,9,0,18,0,0,0,0,0,0,2,1,1,1,31,6,2000,2,8,9,1
201437EA83167,3,9,0,18,0,0,0,0,0,0,2,1,1,1,66,10,-1,-1,-1,6,3
201437EA83167,4,9,0,18,0,0,0,0,0,0,2,1,1,1,39,7,1997,2,-1,8,3
201437EA83167,5,9,0,18,0,0,0,0,0,0,2,1,6,1,45,7,1968,2,4,9,1
201437EA83171,1,9,0,18,0,0,1,0,0,0,1,1,1,2,45,7,1798,1,10,6,1
201437EA83171,2,9,0,18,0,0,0,0,0,0,2,1,1,2,47,8,1200,1,2,8,1
201437EA83172,1,9,0,17,0,0,1,10,7,9,1,1,6,2,41,7,1997,2,15,6,2
201437EA83173,1,3,0,4,0,1,1,0,0,0,0,1,6,1,17,4,125,1,6,8,3
201437EA83208,1,9,0,9,0,1,0,0,0,0,4,1,6,1,24,5,1498,1,4,7,3
201437EA83208,2,5,0,17,0,1,0,0,0,0,1,1,2,1,24,5,645,1,2,7,2
201437EA83214,1,1,0,18,9,8,0,0,0,0,3,1,6,1,38,7,-1,-1,-1,-1,-1
201437EA83214,2,9,0,7,0,6,0,0,0,0,1,1,6,2,63,9,1975,1,7,5,1
201437EA83217,1,9,0,16,0,8,1,0,1,4,3,1,6,2,18,4,1124,1,12,8,3
201437EA83220,1,5,0,18,0,3,0,0,0,0,1,1,6,1,40,7,-1,-1,-1,6,1
201437EA83221,1,9,0,18,0,3,0,0,0,0,3,1,1,1,59,9,-1,-1,-1,10,1
201437EA83221,2,1,0,18,0,3,0,0,0,0,1,1,6,2,25,5,-1,-1,-1,10,1
201437EA83223,1,9,0,1,0,8,0,0,0,0,2,1,6,1,-1,-1,1364,1,-1,-1,-1
201437EA83223,2,1,0,18,0,8,0,0,0,0,3,1,6,1,25,5,-1,-1,-1,-1,1
201437EA83225,1,9,0,18,0,1,0,0,0,0,3,1,6,1,35,6,1360,1,11,8,3
201437EA83225,2,9,0,18,0,2,0,0,0,0,3,1,6,1,79,11,1753,2,6,-1,2
201437EA83227,1,9,0,9,0,8,0,0,0,0,3,1,6,2,72,10,1598,1,1,7,3
201437EA83227,2,19,0,18,0,1,0,0,0,0,3,1,1,1,19,4,1896,2,7,7,1
201437EA83228,1,9,0,9,0,0,0,0,0,0,1,1,6,1,60,9,2179,2,7,8,3
201437EA83228,2,5,0,18,0,0,1,0,1,11,1,1,6,1,45,7,1450,1,10,8,3
201437EA83239,1,9,0,18,0,2,0,0,0,0,1,1,1,1,25,5,-1,-1,-1,-1,1
201437EA83239,2,9,0,4,0,2,0,0,0,0,2,1,1,2,23,5,1598,1,8,10,1
201437EA83241,1,9,0,18,0,0,0,7,2,7,1,1,6,1,75,10,-1,-1,-1,5,3
201437EA83261,1,9,0,9,0,1,0,0,0,0,4,1,6,2,19,4,1339,1,5,9,1
201437EA83261,2,1,0,17,0,1,0,0,0,0,1,1,6,1,53,8,-1,-1,-1,4,1
201437EA83266,1,9,0,18,0,1,1,10,0,0,1,1,6,1,35,6,-1,-1,-1,5,1
201437EA83266,2,9,0,3,0,1,0,0,0,0,4,1,6,1,45,7,1461,2,1,1,1
201437EA83269,1,9,0,18,9,3,0,0,1,10,1,1,2,2,35,6,1461,2,3,7,1
201437EA83273,1,9,0,9,0,6,0,0,0,0,3,1,6,2,19,4,1390,1,3,5,1
201437EA83273,2,9,0,18,0,1,0,0,0,0,1,1,6,2,68,10,1991,2,4,6,3
201437EA83274,1,9,0,3,0,4,0,0,0,0,1,1,6,2,42,7,1686,2,10,10,1
201437EA83274,2,9,0,3,0,4,0,0,0,0,2,1,6,2,91,11,1360,1,12,7,1
201437EA83275,1,9,0,5,0,1,0,0,0,0,4,1,6,2,35,6,1796,1,8,4,1
201437EA83275,2,9,0,18,0,1,0,0,0,0,1,1,6,2,29,6,-1,-1,-1,8,1
201437EA83279,1,9,0,17,0,0,1,0,8,4,2,1,1,2,57,9,1364,1,5,7,2
201437EA83285,1,9,0,6,0,0,0,0,7,0,1,1,6,1,-1,-1,1995,2,2,-1,-1
201437EA83287,1,19,0,1,9,0,0,0,0,0,2,1,6,1,50,8,-1,-1,-1,-1,-1
201437EA83303,1,20,0,18,0,0,0,0,0,0,1,1,1,1,38,7,-1,-1,-1,7,1
201437EA83303,2,9,0,3,0,0,0,0,0,0,2,1,6,2,21,5,1388,1,9,8,3
201437EA83315,1,2,0,5,0,8,0,0,0,0,1,1,4,2,16,4,-1,-1,-1,2,1
201437EA83315,2,9,0,18,0,8,0,0,0,0,4,1,6,1,50,8,1398,2,9,3,1
201437EA83316,1,9,0,18,0,1,0,0,0,0,1,1,6,2,26,6,1242,1,16,4,1
201437EA83316,2,19,0,10,0,1,0,0,0,0,2,1,1,1,51,8,2198,2,3,3,1
201437EA83317,1,9,0,18,0,4,0,0,0,0,1,1,6,1,18,4,1242,1,3,5,2
201437EA83317,2,9,0,3,0,4,0,0,0,0,2,1,6,2,28,6,1796,1,9,4,2
201437EA83317,3,9,0,3,0,4,0,0,0,0,2,1,6,1,59,9,-1,-1,-1,3,1
201437EA83319,1,98,4,9,7,3,0,0,0,0,0,1,6,3,-1,-1,4461,2,3,-1,-1
201437EA83319,2,9,0,18,0,1,1,0,0,0,0,1,1,2,19,4,1242,1,-1,10,1
201437EA83330,1,21,1,9,0,8,0,0,0,0,1,1,1,1,54,8,12419,2,3,8,3
201437EA83330,2,9,0,18,0,1,0,0,0,0,3,1,6,2,76,11,1596,1,10,9,2
201437EA83334,1,1,0,18,6,0,0,0,0,0,1,1,6,1,49,8,-1,-1,-1,10,1
201437EA83334,2,9,0,4,6,0,0,0,0,0,2,1,1,1,50,8,2171,2,11,-1,3
201437EA83350,1,9,0,18,0,0,0,0,0,0,1,1,1,2,53,8,1598,1,11,7,2
201437EA83350,2,9,0,18,0,0,0,0,0,0,2,1,6,2,66,10,1598,1,15,6,1
201437EA83356,1,9,0,4,0,1,1,0,0,0,1,1,2,2,21,5,1198,1,7,8,3
201437EA83356,2,9,0,3,0,1,0,0,0,0,2,1,2,2,55,8,1388,1,10,9,2
201437EA83359,1,19,0,18,0,0,0,0,0,0,1,1,6,1,-1,-1,2148,2,6,-1,-1
201437EA83359,2,9,0,18,0,0,0,0,0,0,2,1,6,2,47,8,1339,1,8,7,1
201437EA83362,1,9,0,18,0,0,0,0,0,0,1,1,6,2,32,6,1582,2,6,4,1
201437EA83362,2,9,0,3,0,0,0,0,0,0,2,1,6,1,35,6,2902,2,10,3,1
201437EA83362,3,19,0,3,0,0,0,0,0,0,2,1,1,1,32,6,2402,2,3,3,1
201437EA83362,4,9,0,3,0,0,0,0,0,0,2,1,1,1,44,7,2183,2,2,7,3
201437EA83364,1,9,0,18,0,0,0,0,0,0,1,1,2,1,52,8,-1,-1,-1,9,3
201437EA83364,2,9,0,3,0,0,0,0,0,0,2,1,2,1,21,5,1242,1,17,9,1
201437EA83375,1,9,0,18,0,1,0,0,0,0,1,1,6,1,18,4,999,1,14,5,1
201437EA83375,2,9,0,3,0,1,0,0,0,0,2,1,6,2,33,6,1995,2,6,5,1
201437EA83375,3,9,0,3,0,1,0,0,0,0,2,1,6,1,21,5,1242,1,-1,6,1
201437EA83375,4,9,0,10,0,1,0,0,0,0,2,1,6,2,50,8,1995,2,9,6,1
201437EA83384,1,9,0,15,0,2,0,0,0,0,1,1,1,2,46,8,1896,2,10,-1,3
201437EA83384,2,1,0,15,0,2,0,0,0,0,2,1,6,2,66,10,-1,-1,-1,-1,-1
201437EA83393,1,9,0,17,0,0,5,0,7,0,1,1,2,1,25,5,1124,1,8,5,2
201437EA83396,1,9,0,13,0,0,0,7,0,0,4,1,6,3,-1,-1,1995,2,2,-1,-1
201437EA83396,2,1,0,18,0,0,0,0,1,0,3,1,6,1,45,7,-1,-1,-1,5,1
201437EA83408,1,19,0,9,0,8,0,0,0,0,4,1,1,1,52,8,2402,2,6,2,1
201437EA83408,2,9,0,18,0,1,0,0,0,0,3,1,6,1,59,9,1461,2,2,4,2
201437EA83418,1,9,0,7,0,5,0,0,0,0,2,1,6,1,43,7,2616,1,8,8,1
201437EA83418,2,1,0,18,0,1,0,0,0,0,1,1,6,1,33,6,-1,-1,-1,-1,1
201437EA83423,1,9,0,10,0,1,0,0,0,0,0,1,6,2,33,6,1956,2,1,6,2
201437EA83423,2,5,0,18,0,8,1,0,0,0,0,1,6,1,33,6,1298,1,14,10,1
201437EA83424,1,9,0,9,0,3,0,0,0,0,0,1,6,3,-1,-1,-1,-1,-1,-1,-1
201437EA83424,2,5,0,16,0,3,0,0,0,0,0,1,2,1,42,7,1063,1,14,-1,1
201437EA83432,1,11,0,18,0,0,0,0,0,4,1,1,1,3,-1,-1,-1,-1,-1,-1,-1
201437EA83432,2,16,0,3,0,0,0,0,0,0,0,1,6,1,20,4,-1,-1,-1,6,3
201437EA83449,1,9,0,17,0,0,2,0,7,1,3,1,6,1,55,8,2497,2,9,7,1
201437EA83449,2,9,0,16,0,0,2,0,7,1,1,1,6,1,-1,-1,1995,1,5,6,3
201437EA83451,1,9,0,16,0,0,0,0,7,0,3,1,2,1,53,8,1398,1,-1,4,1
201437EA83451,2,9,0,17,0,0,0,0,1,10,3,1,6,1,52,8,1242,1,11,7,1
201437EA83454,1,9,0,16,0,0,0,0,7,4,1,1,1,1,21,5,1596,1,10,5,3
201437EA83461,1,9,0,17,0,4,0,0,0,0,0,1,6,3,-1,-1,-1,-1,-1,-1,-1
201437EA83461,2,9,0,16,0,3,0,0,1,4,1,1,2,1,19,4,1242,1,4,8,3
201437EA83465,1,9,0,18,0,0,1,0,7,4,2,1,6,2,29,6,1299,1,13,8,2
201437EA83465,2,9,0,18,0,0,1,0,7,4,1,1,1,1,65,9,-1,-1,-1,7,3
201437EA83469,1,9,0,5,8,0,0,0,0,0,3,1,1,1,50,8,-1,-1,-1,-1,1
201437EA83469,2,9,0,18,0,0,0,0,0,0,1,1,6,2,33,6,-1,-1,-1,4,1
201437EA83471,1,9,0,18,0,0,0,0,0,0,1,1,2,1,44,7,1995,2,2,-1,-1
201437EA83471,2,9,0,18,0,0,0,0,0,0,2,1,2,2,20,4,1240,1,9,5,2
201437EA83471,3,9,0,18,0,0,0,0,0,0,2,1,6,1,78,11,1798,1,33,5,2
201437EA83472,1,1,0,18,9,0,0,0,0,0,1,1,6,2,51,8,-1,-1,-1,3,1
201437EA83472,2,8,0,2,0,0,0,0,0,0,4,1,1,2,53,8,1896,2,9,7,2
201437EA83501,1,9,0,18,0,0,0,0,0,0,1,1,6,1,80,11,1398,1,1,9,1
201437EA83501,2,19,0,2,0,0,0,0,0,0,2,1,6,1,45,7,-1,-1,-1,9,1
201437EA83517,1,9,0,18,0,0,0,0,0,0,1,1,6,2,46,8,1590,1,10,7,2
201437EA83517,2,9,0,9,0,0,0,0,0,0,2,1,6,1,19,4,1360,1,13,5,2
201437EA83521,1,4,0,17,0,0,1,0,1,10,1,1,6,1,22,5,399,1,23,6,1
201437EA83537,1,9,0,5,0,0,0,0,0,0,1,1,6,1,20,4,1242,1,8,6,2
201437EA83537,2,9,0,18,0,0,0,0,0,0,4,1,6,2,28,6,1242,1,10,8,3
201437EA83538,1,2,0,4,0,0,1,0,0,0,1,1,2,1,16,4,-1,-1,-1,7,3
201437EA83538,2,9,0,3,0,0,0,0,0,0,2,1,2,1,57,9,1422,2,8,5,1
201437EA83550,1,1,0,4,0,2,1,0,0,0,1,1,4,1,14,3,-1,-1,-1,-1,-1
201437EA83550,2,8,0,4,0,2,0,0,0,0,2,1,3,2,43,7,1461,2,2,-1,-1
201437EA83553,1,9,0,18,0,6,0,0,0,0,1,1,6,1,64,9,1598,2,2,2,1
201437EA83553,2,9,0,18,0,8,0,0,0,0,4,1,6,2,50,8,1598,1,12,7,1
201437EA83554,1,9,0,14,0,0,0,0,0,0,4,1,6,2,36,7,1598,1,11,5,1
201437EA83555,1,9,0,9,0,1,0,0,0,0,1,1,6,1,40,7,1910,2,9,-1,1
201437EA83555,2,2,0,18,0,8,0,0,0,0,1,1,6,1,20,4,69,1,31,1,1
201437EA83555,3,9,0,8,0,1,0,0,0,0,1,1,6,2,22,5,1598,1,11,5,1
201437EA83565,1,9,0,5,0,1,0,0,0,0,1,1,1,1,23,5,-1,-1,-1,2,1
201437EA83565,2,1,0,18,0,8,0,0,0,0,2,1,6,1,15,3,-1,-1,-1,2,1
201437EA83576,1,9,0,9,0,6,0,0,0,0,3,1,6,2,38,7,1997,2,5,-1,1
201437EA83576,2,9,0,18,0,1,1,0,0,0,1,1,1,1,21,5,2495,2,29,7,3
201437EA83580,1,19,0,5,0,6,0,0,0,0,1,1,6,1,-1,-1,2198,2,7,-1,-1
201437EA83580,2,9,0,18,0,1,0,0,0,0,4,1,1,2,44,7,1197,1,3,-1,1
201437EA83581,1,9,0,16,0,0,0,0,0,0,3,1,6,3,-1,-1,1597,2,-1,8,3
201437EA83584,1,9,0,7,0,3,0,0,0,0,1,1,6,2,70,10,999,1,1,6,2
201437EA83584,2,9,0,9,0,4,0,0,0,0,3,1,2,2,43,7,1686,2,1,4,1
201437EA83584,3,9,0,2,0,2,0,0,0,0,2,1,6,2,-1,-1,1198,1,7,9,1
201437EA83584,4,9,0,2,0,2,0,0,0,0,2,1,6,2,-1,-1,1229,1,2,9,2
201437EA83588,1,9,0,18,0,0,0,0,0,0,1,1,6,1,20,4,1198,1,4,7,3
201437EA83588,2,9,0,18,0,0,0,0,0,0,1,1,6,1,60,9,1598,2,3,8,1
201437EA83608,1,2,0,5,0,1,0,0,0,0,1,1,2,2,16,4,49,1,3,7,2