Accident_Index,Vehicle_Reference,Vehicle_Type,Towing_and_Articulation,Vehicle_Manoeuvre,Vehicle_Location-Restricted_Lane,Junction_Location,Skidding_and_Overturning,Hit_Object_in_Carriageway,Vehicle_Leaving_Carriageway,Hit_Object_off_Carriageway,1st_Point_of_Impact,Was_Vehicle_Left_Hand_Drive?,Journey_Purpose_of_Driver,Sex_of_Driver,Age_of_Driver,Age_Band_of_Driver,Engine_Capacity_(CC),Propulsion_Code,Age_of_Vehicle,Driver_IMD_Decile,Driver_Home_Area_Type
201437EA83608,2,9,0,5,0,1,0,0,0,0,2,1,2,1,43,7,1995,2,13,9,1
201437EA83624,1,2,0,5,0,1,0,0,0,0,1,1,6,2,38,7,49,1,10,8,1
201437EA83624,2,9,0,3,0,1,0,0,0,0,2,1,6,2,40,7,1398,2,9,6,1
201437EA83625,1,5,0,13,0,1,0,0,0,0,4,1,2,1,23,5,600,1,11,6,1
201437EA83625,2,9,0,9,0,5,0,0,0,0,3,1,3,1,45,7,1560,2,3,-1,1
201437EA83631,1,19,0,13,0,0,0,0,0,0,0,1,6,3,-1,-1,-1,-1,-1,-1,-1
201437EA83631,2,1,0,18,0,0,0,0,0,0,1,1,2,2,30,6,-1,-1,-1,-1,-1
201437EA83636,1,9,0,17,0,0,1,10,1,11,1,1,6,1,18,4,1360,1,12,6,1
201437EA83639,1,9,0,18,0,3,5,0,0,10,4,1,6,1,70,10,1997,2,9,8,3
201437EA83642,1,9,0,18,9,0,0,10,7,2,1,1,6,2,80,11,1490,1,10,9,1
201437EA83647,1,9,0,17,0,0,2,0,0,0,1,1,6,1,17,4,1124,1,14,8,3
201437EA83660,1,2,0,18,0,0,0,0,0,0,1,1,6,1,16,4,49,1,6,5,1
201437EA83660,2,9,0,2,0,0,0,0,0,0,2,1,6,2,51,8,-1,-1,-1,9,1
201437EA83663,1,9,0,18,0,0,0,0,0,0,3,1,6,1,28,6,1400,2,9,2,1
201437EA83663,2,1,0,18,0,0,0,0,0,0,1,1,6,2,16,4,-1,-1,-1,2,1
201437EA83670,1,17,0,18,0,0,0,0,1,0,1,1,1,1,24,5,6702,2,2,-1,-1
201437EA83670,2,9,0,18,0,0,0,0,0,0,2,1,2,2,40,7,1390,1,12,-1,-1
201437EA83670,3,9,0,18,0,0,0,0,0,0,2,1,2,1,69,10,1998,1,11,8,2
201437EA83672,1,9,0,16,0,0,2,10,0,0,3,1,6,1,19,4,1299,1,15,7,1
201437EA83681,1,9,0,5,0,0,0,0,0,0,1,1,6,2,-1,-1,1896,2,7,5,3
201437EA83681,2,1,0,18,0,0,0,0,0,0,1,1,6,1,64,9,-1,-1,-1,5,3
201437EA83689,1,9,0,1,9,6,0,0,0,0,2,1,6,1,37,7,2982,2,3,7,1
201437EA83694,1,1,0,18,0,1,0,0,0,0,4,1,6,1,9,2,-1,-1,-1,9,1
201437EA83694,2,9,0,18,0,1,0,0,0,0,1,1,1,2,24,5,1242,1,4,-1,-1
201437EA83701,1,1,0,18,0,0,0,0,0,0,0,1,6,2,50,8,-1,-1,-1,9,1
201437EA83705,1,2,0,18,0,0,0,0,0,0,1,1,6,1,16,4,49,1,7,5,1
201437EA83705,2,9,0,4,0,0,0,0,0,0,2,1,6,2,78,11,1328,1,4,9,1
201437EA83711,1,21,1,18,0,0,1,0,0,0,1,1,1,1,28,6,12130,2,9,4,1
201437EA83711,2,9,0,18,0,0,0,0,0,0,2,1,6,2,61,9,2987,2,3,6,3
201437EA83714,1,9,0,18,0,3,0,0,0,0,1,1,6,1,47,8,1798,1,13,2,1
201437EA83714,2,9,0,3,0,3,0,0,0,0,2,1,6,1,42,7,-1,-1,-1,4,1
201437EA83714,3,9,0,3,0,3,0,0,0,0,2,1,6,1,25,5,2494,1,13,3,1
201437EA83717,1,9,0,18,0,4,0,0,0,0,1,1,6,1,57,9,1591,1,2,9,1
201437EA83717,2,9,0,18,0,8,0,0,0,0,4,1,6,2,29,6,1496,2,-1,10,1
201437EA83721,1,9,0,18,0,0,0,0,0,0,1,1,1,2,43,7,1360,1,11,9,1
201437EA83721,2,9,0,18,0,0,0,0,0,0,2,1,1,2,23,5,1560,2,6,8,3
201437EA83725,1,9,0,13,0,0,1,0,7,10,1,1,6,1,37,7,1798,1,9,3,1
201437EA83725,2,9,0,18,0,0,1,0,1,10,1,1,6,2,57,9,1461,2,8,2,1
201437EA83733,1,8,0,18,0,0,0,0,0,0,4,1,1,1,60,9,1910,2,6,10,2
201437EA83737,1,9,0,9,0,1,0,0,0,0,3,1,6,2,-1,-1,796,1,12,2,1
201437EA83737,2,2,0,17,0,1,1,0,0,0,1,1,2,1,17,4,49,1,1,10,2
201437EA83739,1,20,0,9,0,1,1,0,0,0,1,1,1,2,40,7,-1,-1,-1,4,1
201437EA83739,2,9,0,18,0,1,1,0,0,0,3,1,6,2,65,9,-1,-1,-1,5,2
201437EA83739,3,9,0,18,0,1,0,0,1,1,1,1,3,2,44,7,1339,1,10,7,3
201437EA83743,1,9,0,4,0,5,2,0,1,11,2,1,6,1,54,8,1598,1,8,-1,1
201437EA83743,2,9,0,18,0,1,1,0,4,0,1,1,6,1,52,8,1988,1,10,3,1
201437EA83750,1,9,0,18,0,4,0,0,0,0,4,1,6,3,-1,-1,-1,-1,-1,-1,-1
201437EA83750,2,4,0,18,0,4,1,0,0,0,4,1,6,2,19,4,125,1,9,1,1
201437EA83751,1,9,0,4,0,8,0,0,3,10,1,1,3,2,36,7,1596,1,9,7,1
201437EA83751,2,9,0,2,9,2,0,0,0,0,2,1,6,2,66,10,2830,2,18,5,1
201437EA83754,1,9,0,18,0,8,0,0,1,11,1,1,6,2,43,7,2401,2,8,-1,3
201437EA83754,2,9,0,7,0,5,0,0,0,0,4,1,6,1,60,9,1497,8,2,6,1
201437EA83757,1,9,0,16,0,0,1,0,1,4,1,1,2,1,48,8,2398,1,17,3,1
201437EA83759,1,9,0,4,0,0,0,0,0,0,3,1,6,1,63,9,1468,1,20,6,3
201437EA83779,1,9,0,18,0,0,0,0,1,0,1,1,2,2,26,6,1242,1,6,9,1
201437EA83779,2,21,1,18,0,0,0,0,0,0,3,1,1,1,54,8,-1,-1,-1,-1,-1
201437EA83785,1,9,0,9,0,8,0,0,0,0,1,1,6,1,71,10,1598,1,11,10,3
201437EA83785,2,1,0,9,0,8,0,0,0,0,3,1,6,1,52,8,-1,-1,-1,8,1
201437EA83786,1,9,0,18,0,8,1,0,0,0,3,1,1,1,42,7,1560,2,5,5,2
201437EA83786,2,21,1,5,0,8,1,0,0,0,1,1,1,1,44,7,12740,2,4,1,1
201437EA83801,1,9,0,18,0,0,0,4,0,0,1,1,6,1,57,9,1769,1,10,9,1
201437EA83801,2,9,0,2,0,0,0,0,0,0,3,1,6,2,25,5,2494,1,11,9,1
201437EA83802,1,9,0,13,0,0,0,0,0,0,3,1,2,1,38,7,1422,2,6,8,3
201437EA83802,2,9,0,13,0,0,0,0,7,4,4,1,2,1,60,9,1840,1,16,8,3
201437EA83804,1,9,0,18,0,2,0,0,0,0,4,1,6,1,-1,-1,-1,-1,-1,-1,-1
201437EA83805,1,1,0,18,0,0,0,0,0,0,3,1,6,1,15,3,-1,-1,-1,1,1
201437EA83805,2,9,0,18,0,0,0,0,0,0,4,1,6,2,37,7,1396,1,13,1,1
201437EA83806,1,9,0,9,0,8,0,0,0,0,0,1,1,2,20,4,1229,1,2,3,1
201437EA83806,2,2,0,18,0,8,0,0,0,0,0,1,2,1,38,7,49,1,6,10,1
201437EA83807,1,9,0,9,0,1,0,0,0,0,4,1,2,1,47,8,1560,2,2,9,1
201437EA83807,2,5,0,18,0,1,1,0,0,0,1,1,2,1,49,8,800,1,1,8,3
201437EA83809,1,9,0,18,0,1,0,0,0,0,1,1,2,2,36,7,1461,2,5,10,1
201437EA83810,1,8,0,5,0,0,0,0,0,0,1,1,1,2,36,7,-1,-1,-1,1,1
201437EA83813,1,9,0,9,0,2,0,0,0,0,1,1,6,2,46,8,1242,1,5,8,3
201437EA83821,1,9,0,5,0,4,0,0,0,0,1,1,3,2,44,7,2993,2,5,-1,1
201437EA83821,2,9,0,5,0,4,0,0,0,0,2,1,3,2,47,8,1685,2,2,10,1
201437EA83824,1,9,0,4,0,1,0,0,0,0,1,1,6,2,51,8,1968,2,4,8,3
201437EA83824,2,9,0,4,0,1,1,0,0,0,2,1,6,2,64,9,2995,1,9,9,1
201437EA83832,1,21,1,4,0,1,0,0,0,0,1,1,1,1,31,6,10308,2,3,5,1
201437EA83832,2,9,0,9,0,5,0,0,0,0,2,1,2,2,37,7,1398,2,8,8,3
201437EA83832,3,9,0,18,0,1,0,0,0,0,0,1,6,2,27,6,1600,1,16,4,1
201437EA83848,1,9,0,18,0,0,0,0,0,0,1,1,6,2,46,8,1991,1,18,6,3
201437EA83848,2,19,0,18,0,0,0,0,0,0,2,1,6,1,50,8,2198,2,1,8,3
201437EA83850,1,9,0,18,0,1,0,0,0,0,1,1,6,2,53,8,-1,-1,-1,5,3
201437EA83850,2,9,0,9,0,1,0,0,0,0,4,1,6,2,65,9,1796,1,10,9,2
201437EA83851,1,9,0,9,0,7,0,0,0,0,3,1,6,1,31,6,1461,2,1,3,1
201437EA83851,2,9,0,18,0,8,0,0,0,0,1,1,6,2,56,9,1341,1,13,7,2
201437EA83852,1,9,0,18,0,0,1,0,2,11,1,1,6,2,17,4,1242,1,7,7,3
201437EA83854,1,9,0,18,0,1,0,0,0,0,1,1,6,1,51,8,999,1,14,4,1
201437EA83854,2,1,0,18,0,1,0,0,0,0,1,1,6,1,9,2,-1,-1,-1,3,1
201437EA83856,1,9,0,16,0,0,1,0,1,9,1,1,6,1,28,6,1896,2,9,-1,1
201437EA83868,1,9,0,3,0,1,0,0,0,0,1,1,6,2,25,5,4600,1,6,-1,2
201437EA83868,2,9,0,3,0,1,0,0,0,0,2,1,1,2,27,6,1598,1,10,3,1
201437EA83872,1,9,0,11,0,5,2,0,1,9,4,1,6,2,67,10,1596,1,13,2,1
201437EA83876,1,9,0,7,0,4,0,0,0,0,1,1,1,1,39,7,1598,2,-1,4,1
201437EA83876,2,2,0,9,0,4,0,0,0,0,3,1,4,1,18,4,49,1,7,5,2
201437EA83877,1,9,0,9,0,6,0,0,1,0,3,1,6,1,73,10,1598,1,5,10,1
201437EA83877,2,9,0,18,0,1,1,0,1,0,1,1,2,1,24,5,1598,1,11,7,3
201437EA83878,1,9,0,18,0,4,0,0,0,0,1,1,6,1,24,5,1360,1,9,9,2
201437EA83878,2,9,0,18,0,3,0,0,0,0,1,1,6,1,33,6,1998,1,17,2,1
201437EA83879,1,5,0,16,0,0,1,0,0,0,1,1,6,1,37,7,599,1,16,4,1
201437EA83879,2,8,0,17,0,0,0,0,1,0,1,1,1,1,39,7,1753,2,6,9,2
201437EA83880,1,9,0,11,0,0,0,0,0,0,2,1,6,1,32,6,1396,1,10,3,1
201437EA83880,2,9,0,18,0,0,1,0,0,0,1,1,6,2,26,6,-1,-1,-1,4,1
201437EA83896,1,19,0,18,0,1,1,0,0,0,1,1,2,1,30,6,1686,2,11,3,1
201437EA83896,2,9,0,10,0,5,0,0,0,0,2,1,3,2,35,6,1995,2,8,-1,2
201437EA83899,1,9,0,5,0,1,0,0,0,0,1,1,6,1,83,11,1242,1,8,8,1
201437EA83899,2,5,0,18,0,1,0,0,0,0,4,1,6,1,27,6,599,1,17,7,2
201437EA83900,1,9,0,18,0,0,1,0,1,4,1,1,6,1,56,9,1396,1,15,10,1
201437EA83916,1,9,0,14,0,1,0,0,0,0,1,1,6,2,50,8,1598,1,5,-1,2
201437EA83916,2,3,0,18,0,1,1,0,0,0,3,1,6,1,17,4,124,1,14,6,3
201437EA83939,1,9,0,17,0,0,0,0,0,0,1,1,6,2,19,4,1242,1,6,10,1
201437EA83943,1,19,0,18,0,0,0,0,0,0,4,1,1,2,47,8,2143,2,1,10,2
201437EA83945,1,9,0,16,0,0,0,0,0,10,3,1,6,2,68,10,1248,1,3,7,2
201437EA83945,2,9,0,17,0,0,0,0,0,0,4,1,6,2,64,9,1496,2,-1,6,1
201437EA83947,1,1,0,9,0,1,0,0,0,0,1,1,6,1,33,6,-1,-1,-1,-1,1
201437EA83947,2,2,0,18,0,1,0,0,0,0,1,1,2,1,48,8,125,1,-1,3,1
201437EA83953,1,9,0,18,0,0,0,0,0,0,1,1,6,2,57,9,1086,1,3,5,1
201437EA83953,2,9,0,2,0,0,0,0,0,0,2,1,6,2,58,9,1086,1,3,5,1
201437EA83971,1,98,0,17,0,0,0,0,0,0,3,1,6,1,35,6,9200,2,5,6,1
201437EA83971,2,9,0,16,0,0,0,0,0,0,2,1,1,1,55,8,1995,2,2,-1,-1
201437EA83982,1,9,0,18,0,4,0,0,0,0,3,1,6,1,32,6,1598,1,1,10,2
201437EA83982,2,1,0,18,0,3,0,0,0,0,4,1,2,1,56,9,-1,-1,-1,6,1
201437EA84004,1,9,0,18,0,0,0,0,0,0,3,1,2,2,50,8,1560,2,5,1,1
201437EA84009,1,9,0,8,0,1,0,0,0,0,1,1,2,2,66,10,1951,2,12,7,3
201437EA84009,2,9,0,16,0,1,0,0,0,0,1,1,2,1,44,7,2171,2,12,6,3
201437EA84020,1,9,0,18,0,0,0,0,0,0,1,1,6,1,27,6,1796,1,19,9,2
201437EA84020,2,9,0,18,0,0,0,0,0,0,2,1,6,1,37,7,1968,2,4,6,3
201437EA84028,1,19,0,16,0,0,0,0,0,0,1,1,1,1,33,6,2198,2,2,-1,-1
201437EA84028,2,9,0,17,0,0,0,0,0,0,1,1,1,2,20,4,1248,1,5,6,3
201437EA84035,1,9,0,17,0,8,2,0,7,0,3,1,6,1,27,6,1599,1,11,8,2
201437EA84035,2,9,0,16,0,8,1,0,0,0,3,1,2,2,22,5,1086,1,10,8,2
201437EA84039,1,21,1,12,0,0,0,0,0,0,3,2,1,1,46,8,-1,-1,-1,-1,-1
201437EA84039,2,9,0,13,0,0,0,0,0,0,4,1,2,2,36,7,998,1,4,9,3
201437EA84049,1,9,0,18,0,8,0,0,0,0,0,1,6,3,-1,-1,-1,-1,-1,-1,-1
201437EA84049,2,9,0,18,0,8,1,0,0,0,1,1,6,1,27,6,1598,1,8,-1,1
201437EA84049,3,9,0,18,0,8,1,0,5,6,1,1,6,1,42,7,1870,2,12,4,1
201437EA84069,1,8,0,5,0,2,0,0,0,0,4,1,1,1,49,8,1896,2,9,7,1
201437EA84081,1,5,0,17,0,0,0,0,0,0,3,1,2,1,23,5,125,1,-1,-1,1
201437EA84084,1,9,0,12,0,1,0,0,0,0,3,1,6,2,71,10,1364,1,8,3,1
201437EA84084,2,5,0,18,0,1,0,0,4,4,4,1,6,1,55,8,1352,1,3,5,1
201437EA84087,1,19,0,4,0,1,0,0,0,0,3,1,1,1,39,7,1998,2,9,9,3
201437EA84092,1,9,0,18,0,1,0,0,0,0,1,1,6,1,59,9,1686,2,7,7,2
201437EA84092,2,9,0,4,0,1,0,0,0,0,2,1,6,2,29,6,1598,1,4,7,2
201437EA84092,3,9,0,3,0,1,0,0,0,0,2,1,6,2,-1,-1,1598,2,4,5,3
201437EA84095,1,9,0,18,0,0,2,0,1,11,1,1,2,1,19,4,1999,1,8,5,2
201437EA84105,1,9,0,18,0,1,0,0,0,0,1,1,6,3,-1,-1,-1,-1,-1,-1,-1
201437EA84107,1,9,0,9,0,8,0,0,0,0,1,1,1,1,39,7,1124,1,12,9,1
201437EA84107,2,9,0,18,0,8,0,0,0,0,1,1,6,2,50,8,999,1,8,3,1
201437EA84108,1,9,0,18,0,0,0,0,4,6,1,1,3,2,31,6,1598,1,10,8,3
201437EA84108,2,9,0,18,0,0,0,0,0,0,2,1,2,1,53,8,2996,1,5,5,1
201437EA84117,1,9,0,18,0,0,2,0,1,9,1,1,6,1,23,5,-1,-1,-1,5,1
201437EA84131,1,9,0,9,0,6,0,0,0,0,3,1,6,2,74,10,1240,1,5,8,2
201437EA84131,2,8,0,18,0,1,0,0,0,0,1,1,1,2,51,8,1997,2,7,3,1
201437EA84143,1,3,0,16,0,3,0,0,0,0,4,1,1,1,27,6,125,1,13,3,1
201437EA84150,1,9,0,9,0,8,0,0,0,0,1,1,1,1,29,6,-1,-1,-1,-1,1
201437EA84150,2,9,0,18,0,8,0,0,0,0,4,1,6,1,22,5,1997,2,12,-1,-1
201437EA84154,1,9,0,16,0,0,0,0,7,0,1,1,6,1,33,6,999,1,13,5,2
201437EA84155,1,19,0,18,0,1,1,10,1,7,1,1,6,2,50,8,1389,1,16,5,1
201437EA84160,1,9,0,18,0,0,2,0,0,3,1,1,6,2,70,10,1329,1,2,8,3
201437EA84184,1,9,0,7,0,5,0,0,0,0,1,1,6,3,-1,-1,-1,-1,-1,-1,-1
201437EA84184,2,1,0,18,0,8,0,0,0,0,2,1,6,1,14,3,-1,-1,-1,7,1
201437EA84193,1,3,0,5,0,8,1,0,0,0,3,1,1,2,19,4,102,1,7,6,2
201437EA84194,1,9,0,18,0,4,0,0,0,0,1,1,6,3,-1,-1,-1,-1,-1,8,1
201437EA84194,2,1,0,18,0,8,0,0,0,0,1,1,2,1,51,8,-1,-1,-1,2,1
201437EA84195,1,9,0,9,0,1,0,0,0,0,0,1,6,2,-1,-1,1242,1,11,-1,-1
201437EA84195,2,1,0,18,0,1,1,0,0,0,0,1,6,1,66,10,-1,-1,-1,6,1
201437EA84222,1,9,0,18,0,1,1,0,0,0,3,1,6,2,26,6,2496,1,8,-1,2
201437EA84222,2,9,0,9,0,1,1,0,0,0,1,1,2,2,21,5,1242,1,13,-1,2
201437EA84223,1,9,0,18,0,0,0,0,0,0,4,1,6,1,60,9,1956,2,-1,5,2
201437EA84225,1,9,0,8,0,1,0,0,0,0,4,1,6,1,45,7,1596,1,11,3,1
201437EA84225,2,1,0,18,0,1,0,0,0,0,1,1,1,2,15,3,-1,-1,-1,4,1
201437EA84226,1,9,0,9,0,8,0,0,0,0,1,1,6,1,53,8,1248,1,1,6,1
201437EA84226,2,3,0,18,0,1,1,0,0,0,1,1,4,1,18,4,124,1,4,10,1
201437EA84228,1,4,0,12,0,1,1,0,0,0,0,1,6,2,58,9,535,1,19,8,3
201437EA84232,1,21,1,18,0,0,0,0,0,0,0,1,1,1,31,6,-1,-1,-1,-1,-1
201437EA84232,2,9,0,18,0,0,0,0,1,0,0,1,6,2,72,10,2143,2,2,8,3
201437EA84238,1,9,0,9,0,8,0,0,0,0,3,1,3,2,24,5,1596,1,1,6,1
201437EA84238,2,9,0,18,0,1,0,0,0,0,4,1,3,1,47,8,1560,2,-1,1,1
201437EA84240,1,9,0,17,0,0,2,0,2,1,1,1,2,1,46,8,1895,1,15,7,3
201437EA84241,1,5,0,18,0,0,1,11,0,0,4,1,6,1,25,5,790,1,8,7,1
201437EA84242,1,9,0,18,0,0,5,0,0,0,3,1,6,1,50,8,-1,-1,-1,1,1
201437EA84242,2,9,0,2,0,0,0,0,0,0,3,1,6,1,20,4,1197,1,1,-1,-1
201437EA84244,1,9,0,18,0,4,0,0,0,0,1,1,6,1,19,4,1248,2,5,10,2
201437EA84244,2,9,0,18,0,3,0,0,0,0,4,1,6,2,21,5,1242,1,13,-1,3
201437EA84247,1,9,0,7,0,6,0,0,0,0,0,1,6,1,40,7,-1,-1,-1,10,1
201437EA84247,2,9,0,18,0,1,0,0,0,0,2,1,6,1,35,6,3000,1,7,5,2
201437EA84247,3,21,1,18,0,1,0,0,7,11,1,1,1,1,45,7,12777,2,6,6,3
201437EA84249,1,8,0,9,0,1,0,0,0,0,3,1,1,1,62,9,1896,2,5,8,1
201437EA84249,2,9,0,18,0,1,1,0,0,0,1,1,6,2,21,5,1598,1,10,9,3
201437EA84256,1,9,0,18,0,4,1,0,0,0,1,1,6,1,71,10,1598,1,13,-1,-1
201437EA84256,2,9,0,18,0,3,0,0,0,0,2,1,6,1,66,10,1397,1,2,3,1
201437EA84271,1,9,0,1,0,8,0,0,0,0,2,1,6,2,71,10,1998,1,12,8,1
201437EA84284,1,9,0,16,0,0,5,0,8,10,1,1,2,1,23,5,1984,1,6,7,3
201437EA84286,1,9,0,18,0,1,0,0,1,0,4,1,6,2,70,10,1339,1,-1,9,2
201437EA84286,2,9,0,18,0,1,0,0,0,0,0,1,1,1,43,7,-1,-1,-1,5,3
201437EA84286,3,9,0,2,6,2,0,0,0,0,3,1,1,1,-1,-1,1298,1,13,1,1
201437EA84308,1,5,0,16,0,0,0,0,1,0,1,1,6,1,23,5,750,1,6,-1,-1
201437EA84308,2,9,0,16,0,0,0,0,1,0,2,1,6,1,21,5,3000,1,20,-1,-1
201437EA84309,1,9,0,18,0,1,0,0,0,0,1,1,6,2,20,4,1329,1,1,2,1
201437EA84309,2,9,0,5,0,1,0,0,0,0,3,1,1,1,30,6,998,1,1,8,1
201437EA84311,1,9,0,10,0,1,0,0,0,0,1,1,6,1,25,5,-1,-1,-1,1,1
201437EA84311,2,9,0,18,0,1,1,0,0,0,2,1,6,2,57,9,3996,2,6,9,1
201437EA84317,1,9,0,17,0,0,2,10,1,4,1,1,1,1,26,6,1781,1,14,-1,1
201437EA84322,1,9,0,18,0,1,0,0,0,0,1,1,6,1,44,7,1390,1,15,1,1
201437EA84322,2,9,0,10,0,1,0,0,0,0,2,1,6,1,34,6,2179,2,8,3,1
201437EA84323,1,9,0,16,0,0,0,0,7,9,1,1,2,1,38,7,1999,1,6,-1,3
201437EA84327,1,9,0,18,0,1,0,0,0,0,1,1,6,1,67,10,2982,2,4,5,2
201437EA84327,2,9,0,18,0,1,0,0,0,0,2,1,6,1,39,7,-1,-1,-1,5,2
201437EA84330,1,9,0,17,0,0,2,0,7,4,2,1,1,1,23,5,1229,1,-1,8,2
201437EA84330,2,9,0,18,0,0,0,0,0,0,1,1,6,1,37,7,-1,-1,-1,6,1
201437EA84333,1,9,0,17,0,0,2,0,1,4,1,1,2,1,23,5,1149,1,16,7,3
201437EA84334,1,3,0,17,0,1,1,10,1,0,4,1,6,1,18,4,124,1,2,-1,-1
201437EA84340,1,9,0,18,0,0,0,0,0,0,1,1,2,1,19,4,-1,-1,-1,6,2
201437EA84340,2,9,0,18,0,0,0,0,0,0,1,1,6,1,72,10,1598,1,5,6,2
201437EA84342,1,17,5,5,0,8,0,0,0,0,3,1,1,1,51,8,-1,2,7,5,3
201437EA84342,2,9,0,18,0,1,0,0,0,0,1,1,6,1,77,11,1197,1,-1,-1,-1
201437EA84355,1,9,0,16,0,0,5,0,7,9,4,1,6,1,20,4,1595,2,4,8,3
201437EA84355,2,9,0,17,0,0,0,0,0,0,1,1,6,1,35,6,1896,2,12,5,1
201437EA84355,3,9,0,16,0,0,0,0,0,0,0,1,6,1,43,7,2720,2,7,8,1
201437EA84356,1,3,0,15,0,0,0,0,0,0,1,1,6,1,23,5,656,1,9,5,3
201437EA84356,2,9,0,9,0,0,0,0,1,0,4,1,6,2,28,6,1198,1,3,7,2
201437EA84358,1,9,0,18,0,1,0,0,0,0,1,1,6,1,-1,-1,1560,2,8,-1,-1
201437EA84358,2,9,0,3,0,1,0,0,0,0,2,1,6,2,44,7,-1,-1,-1,1,1
201437EA84360,1,2,0,18,0,1,0,0,0,0,1,1,4,1,16,4,49,1,-1,8,3
201437EA84360,2,2,0,18,0,1,0,0,0,0,2,1,4,2,16,4,49,1,1,7,3
201437EA84361,1,9,0,9,0,5,0,0,0,0,1,1,6,2,43,7,1988,2,9,5,3
201437EA84361,2,5,0,17,0,8,0,0,0,0,3,1,6,1,55,8,903,1,4,9,1
201437EA84362,1,3,0,18,0,8,1,0,1,0,0,1,6,2,19,4,100,1,16,6,1
201437EA84363,1,4,0,18,0,1,0,0,0,0,1,1,6,1,19,4,1043,1,3,9,1
201437EA84363,2,4,0,18,0,1,0,0,0,0,2,1,6,1,23,5,649,1,6,-1,-1
201437EA84363,3,4,0,18,0,1,0,0,0,0,2,1,6,2,28,6,125,1,4,3,1
201437EA84367,1,98,1,17,0,0,0,0,0,0,3,1,6,3,-1,-1,-1,-1,-1,-1,-1
201437EA84367,2,98,0,16,0,0,0,0,0,0,3,1,1,1,63,9,12600,2,12,7,2
201437EA84369,1,9,0,18,0,0,0,0,0,0,1,1,2,2,21,5,1199,1,16,2,1
201437EA84369,2,9,0,18,0,0,0,0,0,0,2,1,6,2,44,7,1598,1,1,8,1
201437EA84371,1,21,0,11,0,0,0,0,0,0,1,1,1,1,62,9,10837,2,2,4,3
201437EA84371,2,9,0,18,0,0,5,0,5,6,2,1,6,2,76,11,996,1,1,7,3
201437EA84375,1,9,0,17,0,0,5,0,0,0,4,1,6,1,18,4,1360,1,12,6,3
201437EA84376,1,19,0,10,0,0,0,0,0,0,4,1,2,1,40,7,1870,2,8,1,1
201437EA84376,2,3,0,18,0,0,1,0,0,0,1,1,6,1,17,4,124,1,-1,-1,1
201437EA84378,1,5,0,12,0,6,0,0,0,0,1,1,2,1,53,8,1255,1,3,9,1
201437EA84378,2,9,0,12,0,6,0,0,0,0,2,1,6,2,18,4,998,1,30,-1,-1
201437EA84379,1,9,0,16,0,0,1,0,0,0,1,1,6,2,57,9,1686,2,11,7,3
201437EA84379,2,9,0,17,0,0,0,0,0,0,1,1,6,2,69,10,1753,2,7,9,3
201437EA84380,1,9,0,5,0,1,0,0,0,0,1,1,3,1,30,6,1242,1,7,5,1
201437EA84380,2,9,0,10,0,1,0,0,0,0,2,1,2,1,34,6,1994,2,10,-1,1
201437EA84388,1,9,0,10,0,1,0,0,0,0,2,1,6,2,24,5,1396,1,12,-1,-1
201437EA84388,2,19,4,18,0,1,1,0,0,0,1,1,6,1,47,8,2461,2,13,5,1
201437EA84395,1,9,0,18,0,2,2,0,7,3,1,1,6,1,32,6,1349,1,13,5,3
201437EA84403,1,9,0,18,0,0,0,0,1,0,0,1,6,1,42,7,3000,1,4,8,3
201437EA84404,1,9,0,9,0,8,0,0,0,0,1,1,6,1,78,11,1975,1,13,7,3
201437EA84404,2,19,0,18,0,8,0,0,0,0,1,1,6,1,33,6,2198,2,2,8,3
201437EA84409,1,9,0,18,0,0,0,0,0,0,1,1,6,1,39,7,-1,-1,-1,8,1
201437EA84413,1,9,0,4,0,0,0,0,0,0,2,1,2,1,66,10,1364,2,3,-1,1
201437EA84413,2,19,0,4,0,0,0,0,0,0,1,1,1,1,35,6,2198,2,6,6,1
201437EA84414,1,9,0,18,0,1,0,0,3,0,3,1,2,2,45,7,1596,1,8,7,3
201437EA84414,2,8,0,18,0,1,0,0,0,0,1,1,1,1,43,7,1998,2,8,8,3
201437EA84417,1,19,0,5,0,1,0,0,0,0,3,1,1,1,64,9,2982,2,-1,8,1
201437EA84417,2,5,0,18,0,8,1,0,0,0,1,1,1,1,46,8,583,1,21,8,3
201437EA84424,1,9,0,9,0,8,0,0,0,0,3,1,6,2,65,9,998,1,9,7,3
201437EA84424,2,9,0,18,0,1,0,0,0,0,1,1,6,2,34,6,-1,-1,-1,7,3
201437EA84442,1,9,0,18,0,2,1,0,0,0,1,1,6,1,27,6,1700,2,16,3,1
201437EA84442,2,9,0,18,0,2,1,0,1,0,1,1,6,1,35,6,1997,2,7,5,1
201437EA84442,3,21,0,18,0,2,1,0,0,0,1,1,1,1,35,6,12000,2,6,7,1
201437EA84445,1,9,0,5,0,4,0,0,0,0,3,1,6,1,38,7,1590,1,13,1,1
201437EA84445,2,1,0,18,0,3,0,0,0,0,1,1,6,1,73,10,-1,-1,-1,9,1
201437EA84449,1,3,0,18,0,1,1,0,0,0,1,1,6,1,17,4,124,1,-1,9,3
201437EA84449,2,9,0,10,0,1,0,0,0,0,3,1,6,1,79,11,1149,1,12,8,2
201437EA84451,1,9,0,9,0,8,0,0,0,0,3,1,6,1,18,4,989,1,8,9,1
201437EA84451,2,9,0,18,0,1,1,0,0,0,1,1,6,1,24,5,2494,1,15,5,1