Accident_Index,Vehicle_Reference,Vehicle_Type,Towing_and_Articulation,Vehicle_Manoeuvre,Vehicle_Location-Restricted_Lane,Junction_Location,Skidding_and_Overturning,Hit_Object_in_Carriageway,Vehicle_Leaving_Carriageway,Hit_Object_off_Carriageway,1st_Point_of_Impact,Was_Vehicle_Left_Hand_Drive?,Journey_Purpose_of_Driver,Sex_of_Driver,Age_of_Driver,Age_Band_of_Driver,Engine_Capacity_(CC),Propulsion_Code,Age_of_Vehicle,Driver_IMD_Decile,Driver_Home_Area_Type
2014404BA0078,1,9,0,5,0,4,0,0,0,0,1,1,1,1,44,7,1598,2,3,10,1
2014404BA0078,2,9,0,5,0,4,0,0,0,0,2,1,1,1,58,9,-1,-1,-1,3,1
2014404BA0079,1,9,0,18,0,0,1,7,4,6,1,1,6,1,86,11,1229,1,7,8,1
2014404BA0080,1,9,0,18,0,8,1,10,7,10,4,1,6,2,22,5,1229,1,2,6,3
2014404BA0082,1,9,0,18,0,2,0,0,0,0,1,1,6,2,21,5,1560,2,7,6,1
2014404BA0083,1,9,0,9,0,8,0,0,0,0,3,1,1,2,23,5,-1,-1,-1,4,1
2014404BA0083,2,2,0,14,0,8,0,0,0,0,1,1,6,2,17,4,49,1,2,8,2
2014404BA0085,1,9,0,18,0,8,0,0,0,0,1,1,1,2,35,6,1598,1,6,4,1
2014404BA0085,2,9,0,18,0,8,0,0,0,0,4,1,6,2,46,8,1598,1,12,10,2
2014404BA0088,1,9,0,18,0,0,0,0,0,0,1,1,6,2,31,6,1124,1,12,3,1
2014404BA0088,2,9,0,4,0,0,0,0,0,0,2,1,6,1,25,5,1896,2,7,7,1
2014404BA0089,1,9,0,9,0,8,0,0,0,0,3,1,6,2,52,8,1339,1,1,8,3
2014404BA0089,2,9,0,18,0,8,0,0,0,0,1,1,6,2,35,6,998,1,9,-1,-1
2014404BA0090,1,9,0,7,0,8,0,0,0,0,1,1,1,1,29,6,-1,-1,-1,8,2
2014404BA0090,2,1,0,18,0,8,0,0,0,0,4,1,6,1,52,8,-1,-1,-1,6,3
2014404BA0091,1,9,0,7,0,4,0,0,0,0,3,1,1,1,31,6,1995,2,9,1,1
2014404BA0091,2,3,0,18,0,8,0,0,0,0,1,1,1,2,42,7,125,1,1,2,1
2014404BA0094,1,9,0,18,0,0,0,0,0,0,1,1,6,3,-1,-1,-1,-1,-1,-1,-1
2014404BA0095,1,9,0,14,0,8,0,0,0,0,1,1,6,1,59,9,1896,2,12,8,1
2014404BA0100,1,9,0,4,0,0,0,0,0,0,1,1,6,1,-1,-1,-1,-1,-1,-1,-1
2014404BA0100,2,9,0,3,0,0,0,0,0,0,2,1,6,1,22,5,973,1,11,5,1
2014404BA0101,1,9,0,7,0,6,0,0,0,0,1,1,3,1,59,9,1596,1,14,8,1
2014404BA0101,2,1,0,18,0,8,0,0,0,0,4,1,6,2,28,6,-1,-1,-1,4,1
2014404BA0103,1,9,0,1,0,0,0,0,0,0,2,1,6,1,46,8,1388,1,11,2,1
2014404BA0103,2,3,0,4,0,0,0,0,0,0,1,1,6,1,19,4,124,1,1,-1,1
2014404BA0104,1,9,0,18,0,4,0,0,0,0,1,1,1,1,30,6,2231,2,8,3,1
2014404BA0110,1,9,0,16,0,0,0,0,0,0,1,1,6,1,20,4,1061,1,11,-1,-1
2014404BA0110,2,9,0,17,0,0,0,0,1,0,1,1,1,1,46,8,-1,-1,-1,10,1
2014404BA0115,1,1,0,18,0,8,0,0,0,0,1,1,6,1,36,7,-1,-1,-1,-1,1
2014404BA0115,2,19,0,9,0,6,0,0,0,0,3,1,6,1,46,8,-1,-1,-1,2,1
2014404BA0121,1,9,0,5,0,1,0,0,0,0,1,1,6,2,19,4,1598,1,8,7,3
2014404BA0121,2,9,0,5,0,8,0,0,0,0,2,1,6,1,30,6,1956,2,5,7,3
2014404BA0122,1,9,0,9,0,6,0,0,0,0,1,1,6,2,64,9,2000,2,10,10,2
2014404BA0122,2,9,0,17,0,8,0,0,0,0,1,1,6,1,51,8,1242,1,1,-1,3
2014404BA0123,1,9,0,18,0,0,0,0,0,0,1,1,6,3,-1,-1,-1,-1,-1,-1,-1
2014404BA0129,1,1,0,18,2,1,0,0,0,0,1,1,4,1,13,3,-1,-1,-1,1,1
2014404BA0129,2,8,0,18,0,1,0,0,0,0,1,1,1,1,52,8,1995,2,8,7,3
2014404BA0131,1,9,0,18,0,2,0,0,0,0,1,1,1,1,43,7,1968,2,1,6,1
2014404BA0133,1,9,0,7,0,4,0,0,0,0,1,1,6,1,17,4,973,1,12,3,1
2014404BA0133,2,9,0,18,0,8,0,0,0,0,1,1,2,1,40,7,1248,2,7,-1,1
2014404BA0134,1,9,0,3,0,0,0,0,0,0,2,1,1,1,24,5,1396,1,5,3,1
2014404BA0134,2,9,0,4,0,0,0,0,0,0,2,1,6,2,52,8,1596,1,11,-1,3
2014404BA0134,3,9,0,18,0,0,0,0,0,0,1,1,6,2,33,6,1229,1,9,3,1
2014404BA0140,1,1,0,18,0,3,0,0,0,0,4,1,6,1,34,6,-1,-1,-1,9,1
2014404BA0140,2,9,0,18,0,4,0,0,0,0,1,1,6,3,-1,-1,1896,2,12,-1,-1
2014404BA0147,1,9,0,7,0,4,0,0,0,0,3,1,6,1,46,8,1598,1,3,9,1
2014404BA0147,2,1,0,18,0,8,0,0,0,0,1,1,6,1,40,7,-1,-1,-1,9,2
2014404BA0148,1,9,0,18,0,8,0,4,0,0,1,1,6,1,23,5,1798,1,13,3,1
2014404BA0148,2,9,0,18,0,8,0,0,0,0,0,1,6,1,45,7,-1,-1,-1,3,1
2014404BA0148,3,19,0,2,0,1,0,0,0,0,2,1,6,3,-1,-1,2198,2,4,-1,-1
2014404BA0148,4,9,0,2,0,1,0,0,0,0,1,1,6,3,-1,-1,1896,2,9,-1,-1
2014404BA0149,1,9,0,9,0,5,0,0,0,0,4,1,6,1,-1,-1,1995,2,11,-1,-1
2014404BA0149,2,5,0,18,0,8,0,0,0,0,1,1,6,1,23,5,535,1,27,8,2
2014404BA0154,1,9,0,18,0,0,0,0,7,4,1,1,6,2,35,6,1998,1,8,3,1
2014404BA0159,1,19,0,12,0,0,0,0,0,0,0,1,6,3,-1,-1,-1,-1,-1,-1,-1
2014404BA0159,2,9,0,18,0,0,1,0,8,6,3,1,1,1,34,6,1461,2,6,10,1
2014404BA0161,1,9,0,4,0,1,0,0,0,0,1,1,6,2,35,6,1242,1,4,6,1
2014404BA0161,2,9,0,4,0,1,0,0,0,0,2,1,6,2,-1,-1,2902,2,6,5,1
2014404BA0162,1,9,0,18,0,1,0,0,0,0,1,1,6,1,-1,-1,-1,-1,-1,1,1
2014404BA0162,2,9,0,7,0,1,0,0,0,0,2,1,6,1,22,5,-1,-1,-1,1,1
2014404BA0165,1,9,4,4,0,0,2,0,0,0,0,1,2,2,45,7,1870,2,8,6,1
2014404BA0166,1,9,0,4,0,0,0,0,0,0,4,1,6,1,52,8,1598,1,9,3,1
2014404BA0167,1,9,0,18,0,0,1,0,1,9,2,1,6,2,44,7,1124,1,11,9,1
2014404BA0168,1,9,0,5,0,6,0,0,0,0,2,1,6,3,-1,-1,-1,-1,-1,-1,-1
2014404BA0168,2,9,0,5,0,6,0,0,0,0,1,1,6,3,-1,-1,2967,1,13,-1,-1
2014404BA0168,3,9,0,18,0,8,1,0,1,0,1,1,1,1,32,6,-1,-1,-1,10,1
2014404BA0171,1,19,0,9,0,6,0,0,0,0,1,1,6,3,-1,-1,-1,-1,-1,-1,-1
2014404BA0171,2,16,0,18,0,8,0,0,0,0,4,1,6,2,18,4,-1,-1,-1,6,3
2014404BA0172,1,9,0,18,0,8,0,0,0,0,1,1,6,2,-1,-1,1242,1,10,3,1
2014404BA0172,2,9,0,9,0,8,0,0,0,0,4,1,6,2,47,8,1149,1,8,-1,-1
2014404BA0176,1,9,0,9,0,8,0,0,0,0,3,1,2,1,23,5,1596,1,5,4,1
2014404BA0176,2,9,0,18,0,8,0,0,8,4,4,1,2,1,62,9,998,1,5,-1,-1
2014404BA0177,1,9,0,17,0,0,1,0,1,9,4,1,6,1,21,5,1158,1,10,4,1
2014404BA0178,1,9,0,9,0,8,0,0,0,0,3,1,2,1,50,8,1991,1,10,6,1
2014404BA0179,1,19,0,18,0,0,0,0,0,0,1,1,1,1,35,6,2953,2,7,9,1
2014404BA0179,2,20,0,4,0,0,0,0,0,0,2,1,1,1,49,8,-1,-1,-1,10,1
2014404BA0181,1,9,0,9,0,8,0,0,0,0,1,1,6,1,60,9,-1,-1,-1,-1,-1
2014404BA0181,2,1,0,18,0,8,0,0,0,0,2,1,2,2,58,9,-1,-1,-1,5,1
2014404BA0183,1,9,0,18,0,0,0,0,1,0,1,1,6,3,-1,-1,1461,2,10,8,3
2014404BA0183,2,9,0,3,0,0,0,0,0,0,4,1,6,2,50,8,1796,1,12,8,3
2014404BA0184,1,9,0,13,0,0,0,0,4,6,4,1,6,2,32,6,1560,2,8,-1,2
2014404BA0184,2,9,0,18,0,0,0,0,0,0,3,1,6,2,45,7,2799,1,11,9,1
2014404BA0185,1,9,0,9,0,8,0,0,0,0,3,1,2,1,47,8,-1,-1,-1,6,3
2014404BA0185,2,3,0,3,0,1,0,0,0,0,1,1,2,2,56,9,124,1,6,10,3
2014404BA0192,1,9,0,18,0,0,0,0,0,0,4,1,1,1,38,7,899,1,14,8,1
2014404BA0193,1,1,0,18,0,8,0,0,0,0,4,1,6,1,25,5,-1,-1,-1,4,1
2014404BA0193,2,9,0,9,0,4,0,0,0,0,1,1,6,1,70,10,1388,1,11,6,1
2014404BA0200,1,9,0,16,0,0,5,0,2,0,1,1,6,1,21,5,1360,1,12,9,3
2014404BA0203,1,9,0,9,0,6,0,0,0,0,1,1,2,2,59,9,1364,1,7,6,1
2014404BA0203,2,5,0,18,0,8,0,0,0,0,4,1,2,1,38,7,649,1,2,-1,1
2014404BA0204,1,9,0,9,0,4,0,9,3,10,3,1,6,2,31,6,1596,1,8,10,2
2014404BA0204,2,9,0,18,0,8,0,0,0,0,1,1,6,1,25,5,1896,2,11,6,2
2014404BA0205,1,9,0,3,0,0,0,0,0,0,2,1,6,2,30,6,998,1,21,9,3
2014404BA0205,2,9,0,18,0,0,0,0,0,0,1,1,6,1,58,9,1598,2,1,-1,2
2014404BA0206,1,9,0,18,0,0,1,0,0,0,1,1,6,1,35,6,1796,1,13,7,2
2014404BA0206,2,9,0,3,0,0,0,0,0,0,2,1,6,2,25,5,998,1,4,9,3
2014404BA0206,3,9,0,3,0,0,0,0,0,0,2,1,6,1,36,7,1910,2,3,4,1
2014404BA0206,4,9,0,3,0,0,0,0,0,0,2,1,6,1,31,6,2143,2,-1,6,2
2014404BA0210,1,3,0,7,0,8,1,0,0,0,4,1,6,2,22,5,125,1,2,7,2
2014404BA0211,1,9,0,9,0,8,0,0,0,0,4,1,2,2,19,4,998,1,9,10,1
2014404BA0211,2,1,0,18,2,8,0,0,0,0,1,1,2,1,60,9,-1,-1,-1,8,1
2014404BA0212,1,2,0,18,0,8,0,0,0,0,1,1,6,1,17,4,49,1,6,7,1
2014404BA0212,2,9,0,9,0,8,0,0,0,0,3,1,6,3,-1,-1,-1,-1,-1,-1,-1
2014404BA0213,1,19,0,1,0,0,0,0,0,0,2,1,1,1,22,5,1995,2,1,6,1
2014404BA0214,1,9,0,5,0,6,0,0,0,0,1,1,6,1,64,9,-1,-1,-1,-1,-1
2014404BA0214,2,5,0,9,0,5,0,0,0,0,3,1,6,1,49,8,600,1,2,7,2
2014404BA0215,1,9,0,1,0,6,0,0,0,0,2,1,1,1,50,8,4367,2,3,5,1
2014404BA0215,2,9,0,18,0,8,0,0,0,0,4,1,6,1,72,10,-1,-1,-1,10,1
2014404BA0223,1,9,0,7,0,1,0,0,0,0,1,1,6,1,20,4,-1,-1,-1,-1,-1
2014404BA0223,2,9,0,8,0,1,0,0,0,0,2,1,6,1,58,9,1896,2,9,5,1
2014404BA0227,1,9,0,9,0,8,0,0,0,0,1,1,1,2,58,9,1896,2,5,7,1
2014404BA0227,2,9,0,18,0,8,0,0,0,0,1,1,6,2,66,10,1590,1,-1,8,1
2014404BA0236,1,9,0,9,0,8,0,0,0,0,1,1,6,1,-1,-1,-1,-1,-1,-1,-1
2014404BA0236,2,1,0,18,0,8,0,0,0,0,4,1,6,1,30,6,-1,-1,-1,8,1
2014404BA0243,1,19,0,18,0,0,0,0,0,0,1,1,6,1,34,6,1598,1,4,-1,-1
2014404BA0243,2,9,0,18,0,0,0,0,0,0,2,1,6,1,38,7,1124,1,9,-1,1
2014404BA0243,3,9,0,18,0,0,0,0,0,0,1,1,6,2,30,6,1242,1,10,10,1
2014404BA0244,1,9,0,18,0,0,0,0,0,0,1,1,1,1,45,7,-1,-1,-1,4,1
2014404BA0244,2,1,0,5,0,0,0,0,0,0,1,1,6,1,23,5,-1,-1,-1,4,1
2014404BA0245,1,9,0,11,0,0,0,0,0,0,4,1,6,1,34,6,2231,2,8,-1,3
2014404BA0245,2,5,0,18,0,0,1,0,1,0,3,1,6,1,31,6,645,1,3,2,1
2014404BA0257,1,9,0,18,0,1,0,0,0,0,1,1,6,3,-1,-1,-1,-1,-1,-1,-1
2014404BA0257,2,9,0,3,0,1,0,0,0,0,2,1,6,1,44,7,1461,2,1,-1,3
2014404BA0258,1,9,0,9,0,8,0,0,0,0,1,1,3,2,45,7,1461,2,2,3,1
2014404BA0258,2,5,0,18,0,8,1,0,0,0,1,1,6,1,27,6,599,1,16,3,1
2014404BA0259,1,5,0,14,0,8,1,0,0,0,1,1,6,1,18,4,598,1,18,8,2
2014404BA0259,2,9,0,9,0,8,0,0,0,0,4,1,6,2,33,6,1995,2,6,8,1
2014404BA0259,3,9,0,8,0,1,0,0,0,0,0,1,6,1,56,9,1988,1,10,4,1
2014404BA0262,1,2,0,18,0,0,0,0,0,0,1,1,6,1,16,4,49,1,1,-1,-1
2014404BA0262,2,9,0,2,0,0,0,0,0,0,2,1,6,3,-1,-1,1396,1,13,-1,-1
2014404BA0264,1,3,0,4,0,0,1,0,0,0,0,1,6,1,17,4,125,1,16,9,2
2014404BA0265,1,9,0,5,0,1,0,0,0,0,1,1,2,1,38,7,1390,1,13,8,3
2014404BA0265,2,9,0,3,0,1,0,0,0,0,2,1,6,2,26,6,1598,1,3,9,3
2014404BA0269,1,9,0,13,0,0,0,0,0,0,1,1,1,1,48,8,1919,2,6,-1,-1
2014404BA0269,2,9,0,18,0,0,0,0,1,7,2,1,2,1,33,6,1781,1,10,8,1
2014404BA0270,1,9,0,12,0,0,0,0,7,2,3,1,6,1,40,7,1598,1,10,-1,-1
2014404BA0270,2,9,0,18,0,0,0,0,7,0,4,1,6,1,31,6,1796,1,12,5,1
2014404BA0271,1,9,0,11,0,0,0,0,4,6,4,1,6,1,-1,-1,1896,2,12,-1,-1
2014404BA0271,2,9,0,18,0,0,5,0,1,0,3,1,6,1,35,6,1870,2,9,2,1
2014404BA0272,1,9,0,18,0,0,0,0,0,0,1,1,6,1,37,7,1686,2,12,3,1
2014404BA0272,2,9,0,18,0,0,0,0,0,0,2,1,2,1,55,8,1390,1,16,1,1
2014404BA0274,1,20,0,18,0,8,0,0,0,0,1,1,1,1,45,7,-1,-1,-1,3,1
2014404BA0274,2,9,0,9,0,8,0,0,0,0,1,1,6,2,46,8,1364,2,1,8,1
2014404BA0275,1,19,0,14,0,8,0,0,0,0,1,1,6,1,-1,-1,2143,2,1,-1,-1
2014404BA0275,2,9,0,10,0,8,0,0,0,0,3,1,6,2,49,8,2497,1,5,9,2
2014404BA0277,1,9,0,18,0,1,0,0,0,0,1,1,6,1,24,5,1995,1,6,5,1
2014404BA0277,2,8,0,3,0,1,0,0,0,0,2,1,1,1,46,8,2664,2,15,4,1
2014404BA0279,1,9,0,18,0,1,0,0,0,0,1,1,6,2,21,5,1998,2,8,7,1
2014404BA0279,2,9,0,10,0,1,0,0,0,0,2,1,6,1,45,7,1995,2,4,10,1
2014404BA0280,1,9,0,18,0,1,0,0,0,0,4,1,1,1,50,8,1997,2,8,8,1
2014404BA0281,1,9,0,18,0,8,0,0,0,0,1,1,6,1,-1,-1,2401,2,11,-1,-1
2014404BA0281,2,9,0,18,0,8,0,0,0,0,1,1,6,2,32,6,1360,1,12,10,1
2014404BA0282,1,9,0,9,0,8,0,0,0,0,4,1,6,2,34,6,-1,-1,-1,2,1
2014404BA0282,2,2,0,18,0,8,0,0,0,0,1,1,6,1,35,6,49,1,6,7,1
2014404BA0283,1,9,0,18,0,8,0,0,0,0,1,1,6,2,22,5,1396,1,11,8,3
2014404BA0283,2,9,0,9,0,8,0,0,0,0,1,1,6,2,20,4,1242,1,9,6,1
2014404BA0283,3,9,0,4,0,1,0,0,0,0,1,1,6,1,65,9,1149,1,8,6,2
2014404BA0285,1,9,0,11,0,2,0,0,0,0,4,1,1,1,76,11,-1,-1,-1,5,1
2014404BA0285,2,5,0,16,0,2,0,0,0,0,3,1,1,1,52,8,749,1,4,5,1
2014404BA0285,3,9,0,16,0,2,0,0,0,0,4,1,1,2,46,8,-1,-1,-1,2,1
2014404BA0288,1,9,0,1,0,8,0,0,0,0,2,1,6,1,60,9,1796,2,2,-1,-1
2014404BA0289,1,9,0,18,0,0,0,0,2,7,1,1,6,1,57,9,1686,2,1,7,1
2014404BA0290,1,9,0,18,0,4,0,0,0,0,1,1,6,2,50,8,1769,1,10,1,1
2014404BA0290,2,1,0,18,0,8,0,0,0,0,2,1,2,1,38,7,-1,-1,-1,10,2
2014404BA0291,1,9,0,11,0,0,2,0,2,7,1,1,2,2,35,6,1124,1,15,3,1
2014404BA0291,2,21,1,18,0,0,1,0,0,0,0,1,1,1,-1,-1,9290,2,1,1,1
2014404BA0293,1,2,0,9,0,1,0,0,0,0,3,1,6,1,68,10,49,1,58,2,1
2014404BA0293,2,9,0,13,0,1,0,0,0,0,4,1,6,1,22,5,1995,2,11,7,3
2014404BA0294,1,9,0,18,0,1,0,0,0,0,1,1,6,1,20,4,1124,1,9,1,1
2014404BA0294,2,9,0,4,0,5,0,0,0,0,2,1,6,1,64,9,1461,2,-1,6,1
2014404BA0296,1,9,0,13,0,8,0,0,0,0,1,1,6,1,-1,-1,1197,1,-1,4,1
2014404BA0296,2,17,4,9,0,5,0,0,0,0,3,1,1,1,-1,-1,-1,2,6,6,3
2014404BA0298,1,9,0,9,0,8,0,0,0,0,1,1,6,1,45,7,-1,-1,-1,7,2
2014404BA0298,2,9,0,9,0,8,0,0,0,0,3,1,6,1,29,6,1598,1,7,8,1
2014404BA0299,1,9,0,5,0,0,0,0,0,0,1,1,6,2,21,5,1560,2,4,3,1
2014404BA0299,2,9,0,3,0,0,0,0,0,0,2,1,6,1,51,8,1339,1,2,6,2
2014404BA0303,1,19,0,9,0,6,0,0,0,0,3,1,1,1,-1,-1,2287,2,2,-1,-1
2014404BA0303,2,9,0,18,0,8,0,0,0,0,1,1,6,2,83,11,1248,1,3,7,1
2014404BA0306,1,9,0,7,0,6,0,0,0,0,3,1,1,1,19,4,998,1,1,6,1
2014404BA0306,2,4,0,18,0,8,0,0,0,0,1,1,1,1,24,5,400,1,22,6,3
2014404BA0310,1,19,0,17,0,0,0,0,1,2,4,1,2,1,38,7,1686,2,15,3,1
2014404BA0325,1,9,0,4,0,1,1,0,0,0,1,1,6,1,34,6,1997,2,5,7,1
2014404BA0325,2,9,0,10,0,8,0,0,0,0,2,1,6,1,70,10,1994,1,15,8,2
2014404BA0326,1,9,0,18,0,1,0,0,0,0,3,1,6,2,69,10,1598,2,1,8,3
2014404BA0326,2,1,0,5,0,6,0,0,0,0,1,1,6,1,31,6,-1,-1,-1,4,1
2014404BA0328,1,19,0,18,0,0,0,0,0,0,1,1,1,1,-1,-1,2143,2,2,3,1
2014404BA0328,2,9,0,4,0,0,0,0,4,6,2,1,2,2,37,7,1598,1,12,10,3
2014404BA0333,1,9,0,6,0,8,0,0,0,0,3,1,6,2,39,7,-1,-1,-1,8,1
2014404BA0333,2,3,0,18,0,4,0,0,0,0,1,1,6,1,20,4,125,1,7,6,2
2014404BA0335,1,9,0,9,0,6,0,0,0,0,3,1,6,1,49,8,1149,1,3,1,1
2014404BA0335,2,1,0,18,0,8,0,0,0,0,1,1,6,1,40,7,-1,-1,-1,10,1
2014404BA0336,1,9,0,18,0,0,0,0,0,0,1,1,6,1,-1,-1,-1,-1,-1,9,1
2014404BA0336,2,9,0,18,0,0,0,0,0,0,1,1,6,2,35,6,1199,1,12,8,1
2014404BA0336,3,9,0,18,0,0,0,0,0,0,2,1,6,1,-1,-1,-1,-1,-1,-1,-1
2014404BA0338,1,9,0,9,0,8,0,0,0,0,3,1,2,1,55,8,973,1,12,10,1
2014404BA0339,1,9,0,18,0,0,0,0,0,0,1,1,2,1,19,4,1388,1,7,8,1
2014404BA0339,2,9,0,18,0,0,0,0,0,0,2,1,2,1,34,6,1910,2,6,6,1
2014404BA0339,3,9,0,18,0,0,0,0,0,0,2,1,2,1,45,7,-1,-1,-1,-1,1
2014404BA0339,4,9,0,18,0,0,0,0,0,0,2,1,2,1,59,9,1997,2,11,4,1
2014404BA0340,1,1,0,9,0,8,0,0,0,0,3,1,6,1,15,3,-1,-1,-1,6,2
2014404BA0340,2,9,0,18,0,8,0,0,0,0,1,1,6,2,45,7,1968,2,-1,6,1
2014404BA0343,1,9,0,9,0,8,0,0,0,0,2,1,6,1,-1,-1,-1,-1,-1,-1,-1
2014404BA0343,2,1,0,18,0,8,0,0,0,0,1,1,6,1,40,7,-1,-1,-1,10,1
2014404BA0344,1,9,0,9,0,8,0,0,0,0,1,1,6,2,65,9,1389,1,16,10,1
2014404BA0344,2,9,0,18,0,8,0,0,0,0,1,1,6,2,73,10,1246,1,8,9,3
2014404BA0346,1,5,0,18,0,0,1,0,7,0,1,1,6,1,26,6,599,1,14,6,2
2014404BA0347,1,9,0,7,0,8,0,0,0,0,4,1,6,1,34,6,1988,1,11,4,1
2014404BA0347,2,1,0,18,0,8,0,0,0,0,3,1,2,1,27,6,-1,-1,-1,8,1
2014404BA0348,1,5,0,18,0,0,1,0,0,0,1,1,6,1,43,7,999,1,7,6,3
2014404BA0348,2,9,0,4,0,0,0,0,0,0,2,1,6,1,54,8,1998,1,9,8,1
2014404BA0351,1,9,0,18,0,0,0,0,0,0,1,1,6,1,45,7,1896,2,9,5,1
2014404BA0352,1,1,0,18,9,1,0,0,0,0,1,1,6,1,-1,-1,-1,-1,-1,-1,-1
2014404BA0353,1,9,0,13,0,0,0,0,0,0,4,1,6,1,94,11,1242,1,9,10,2
2014404BA0353,2,1,0,18,4,0,0,0,0,0,3,1,6,2,55,8,-1,-1,-1,5,1
2014404BA0354,1,19,0,9,0,6,5,0,0,0,4,1,1,1,52,8,1896,2,7,8,2
2014404BA0354,2,9,0,18,0,8,1,0,0,0,1,1,6,1,34,6,2979,1,2,8,3
2014404BA0356,1,9,0,9,0,8,0,0,0,0,1,1,6,2,24,5,1686,2,1,5,1
2014404BA0356,2,9,0,18,0,8,0,0,0,0,3,1,6,1,21,5,1364,1,8,4,1
2014404BA0356,3,9,0,10,0,8,0,0,0,0,2,1,6,2,21,5,1968,2,9,5,1
2014404BA0358,1,9,0,18,0,8,0,0,0,0,1,1,6,1,25,5,-1,-1,-1,-1,-1
2014404BA0358,2,9,0,3,0,8,0,0,0,0,2,1,6,1,18,4,1242,1,7,10,2
2014404BA0360,1,9,0,18,0,1,0,0,0,0,3,1,6,1,17,4,1299,1,14,4,1
2014404BA0363,1,9,0,4,0,1,0,0,0,0,1,1,2,1,57,9,2720,2,8,-1,1
2014404BA0363,2,9,0,4,0,1,0,0,0,0,2,1,6,1,36,7,1590,1,10,5,2
2014404BA0370,1,9,0,18,0,0,1,0,1,10,3,1,6,1,21,5,-1,-1,-1,9,3
2014404BA0375,1,9,0,18,0,0,0,0,0,0,4,1,6,2,35,6,1998,2,8,6,1
2014404BA0375,2,1,0,18,0,0,0,0,0,0,1,1,6,2,7,2,-1,-1,-1,6,1
2014404BA0376,1,9,0,18,0,0,0,0,0,0,1,1,3,2,36,7,1598,1,9,6,2
2014404BA0378,1,9,0,6,0,2,0,0,7,3,1,1,6,2,72,10,1364,1,6,9,1
2014404BA0379,1,9,0,16,0,2,2,0,1,0,3,1,6,1,21,5,1149,1,10,5,1
2014404BA0380,1,9,0,18,0,0,0,4,0,0,3,1,6,2,22,5,1910,2,7,3,1
2014404BA0380,2,9,0,2,0,0,0,0,0,0,4,1,6,3,-1,-1,1896,2,14,-1,-1
2014404BA0382,1,9,0,4,0,0,0,0,0,0,2,1,1,1,34,6,1461,2,4,9,1
2014404BA0382,2,9,0,4,0,0,0,0,0,0,2,1,6,1,23,5,1086,1,9,7,1
2014404BA0382,3,8,0,4,0,0,0,0,0,0,2,1,1,1,35,6,1896,2,8,3,1
2014404BA0382,4,9,0,18,0,0,0,0,0,0,1,1,6,2,39,7,1896,2,7,8,1
2014404BA0383,1,9,0,18,0,8,0,0,0,0,4,1,6,2,40,7,-1,-1,-1,-1,-1
2014404BA0383,2,9,0,18,0,8,0,0,0,0,1,1,6,1,59,9,2398,1,16,3,1
2014404BA0391,1,9,0,18,0,8,0,0,0,0,1,1,6,1,28,6,2499,2,18,3,1
2014404BA0391,2,9,0,18,0,8,0,0,1,10,3,1,6,1,44,7,1995,2,15,4,1
2014404BA0394,1,9,0,18,0,0,0,0,0,0,1,1,2,1,47,8,1781,1,15,4,1
2014404BA0394,2,9,0,18,0,0,0,0,1,0,1,1,2,2,59,9,2143,2,3,8,3
2014404BA0400,1,9,0,3,0,1,0,0,0,0,3,1,2,2,57,9,1998,1,12,9,1
2014404BA0400,2,1,0,18,0,8,0,0,0,0,1,1,4,1,14,3,-1,-1,-1,1,1
2014404BA0404,1,9,0,18,0,0,0,0,0,0,1,1,6,2,20,4,998,1,12,4,1
2014404BA0404,2,9,0,4,0,0,0,0,0,0,2,1,6,2,54,8,-1,-1,-1,5,3
2014404BA0405,1,9,0,9,0,8,0,0,0,0,4,1,2,2,43,7,1339,1,5,6,1
2014404BA0405,2,9,0,18,0,8,0,0,0,0,1,1,2,2,20,4,1124,1,9,-1,3
2014404BA0407,1,9,0,18,0,8,0,0,0,0,1,1,6,1,29,6,1995,2,11,10,1
2014404BA0409,1,9,0,4,0,1,0,0,0,0,1,1,6,1,17,4,1686,2,4,9,1
2014404BA0409,2,9,0,3,0,1,0,0,0,0,2,1,6,2,58,9,1195,1,17,-1,-1
2014404BA0409,3,19,0,3,0,1,0,0,0,0,2,1,6,1,46,8,1560,2,-1,-1,-1
2014404BA0413,1,9,0,18,0,1,0,0,0,0,1,1,6,1,27,6,3200,2,9,7,3
2014404BA0413,2,9,0,3,0,1,0,0,0,0,2,1,6,2,50,8,1596,1,9,8,1
2014404BA0415,1,9,0,18,0,1,1,0,0,0,1,1,6,1,48,8,1341,1,13,3,1
2014404BA0415,2,9,0,9,0,8,0,0,0,0,2,1,6,1,48,8,1995,2,4,10,1
2014404BA0416,1,9,0,18,0,0,0,0,0,0,1,1,6,1,-1,-1,1398,1,3,10,1
2014404BA0417,1,9,0,18,0,0,0,0,0,0,4,1,3,1,42,7,3222,2,11,8,1
2014404BA0419,1,9,0,7,0,8,0,0,0,0,1,1,6,1,-1,-1,-1,-1,-1,-1,-1
2014404BA0419,2,1,0,18,0,8,0,0,0,0,2,1,6,1,24,5,-1,-1,-1,3,1
2014404BA0420,1,11,0,9,0,2,0,0,0,0,4,1,1,1,45,7,9600,2,19,3,1
2014404BA0422,1,9,0,4,0,0,0,0,0,0,1,1,6,2,24,5,1600,2,3,6,3
2014404BA0422,2,9,0,4,0,0,0,0,0,0,2,1,1,2,42,7,1968,2,5,5,2
2014404BA0424,1,9,0,18,0,1,0,0,0,0,1,1,6,1,-1,-1,1796,1,10,-1,-1
2014404BA0424,2,9,0,3,0,1,0,0,0,0,2,1,6,2,35,6,1896,2,10,3,1
2014404BA0428,1,5,0,9,0,8,0,0,0,0,4,1,6,1,25,5,998,1,9,8,1
2014404BA0428,2,9,0,18,0,4,0,0,0,0,1,1,6,3,-1,-1,1390,1,5,-1,-1
2014404BA0429,1,9,0,4,0,1,0,0,0,0,1,1,1,1,35,6,1248,2,1,3,1
2014404BA0429,2,9,0,3,0,1,0,0,0,0,2,1,1,1,35,6,1248,2,-1,3,1
2014404BA0429,3,9,0,18,0,1,0,0,0,0,0,1,1,1,45,7,2400,2,1,2,1
2014404BA0440,1,9,0,18,0,1,1,0,0,0,1,1,6,2,31,6,1999,1,16,3,1
2014404BA0440,2,9,0,18,0,1,1,0,0,0,2,1,6,1,30,6,1895,1,15,3,1