Accident_Index,Vehicle_Reference,Vehicle_Type,Towing_and_Articulation,Vehicle_Manoeuvre,Vehicle_Location-Restricted_Lane,Junction_Location,Skidding_and_Overturning,Hit_Object_in_Carriageway,Vehicle_Leaving_Carriageway,Hit_Object_off_Carriageway,1st_Point_of_Impact,Was_Vehicle_Left_Hand_Drive?,Journey_Purpose_of_Driver,Sex_of_Driver,Age_of_Driver,Age_Band_of_Driver,Engine_Capacity_(CC),Propulsion_Code,Age_of_Vehicle,Driver_IMD_Decile,Driver_Home_Area_Type
2014404BA0440,3,9,0,10,0,1,0,0,0,0,0,1,6,2,58,9,1329,1,5,7,3
2014404BA0441,1,2,0,18,0,0,0,0,7,1,1,1,6,1,18,4,49,1,2,9,1
2014404BA0444,1,9,0,9,0,8,0,0,0,0,4,1,6,1,38,7,1339,1,8,3,1
2014404BA0444,2,1,0,18,0,8,0,0,0,0,1,1,2,1,36,7,-1,-1,-1,4,1
2014404BA0445,1,9,0,9,0,8,0,0,0,0,3,1,2,2,57,9,1984,1,5,8,2
2014404BA0446,1,5,0,18,0,8,0,0,3,2,1,1,6,1,22,5,599,1,16,5,1
2014404BA0447,1,9,0,18,0,0,0,0,1,7,1,1,6,2,25,5,1796,1,12,4,1
2014404BA0449,1,19,0,9,0,8,0,0,0,0,1,1,1,1,-1,-1,2198,2,2,-1,-1
2014404BA0449,2,9,0,18,0,8,0,0,0,0,1,1,6,1,41,7,1596,1,5,8,1
2014404BA0452,1,5,0,18,0,0,1,0,0,0,1,1,6,1,27,6,599,1,11,2,1
2014404BA0452,2,9,0,7,0,0,1,0,0,0,2,1,6,1,18,4,1199,1,12,5,1
2014404BA0453,1,9,0,18,0,1,0,0,0,0,1,1,6,2,48,8,-1,-1,-1,7,1
2014404BA0453,2,9,0,4,0,1,0,0,0,0,2,1,6,2,34,6,1753,2,12,10,1
2014404BA0454,1,9,0,7,0,8,0,0,0,0,4,1,6,1,57,9,1956,2,3,6,1
2014404BA0454,2,2,0,4,0,8,0,0,0,0,1,1,4,1,16,4,49,1,13,6,1
2014404BA0457,1,3,0,7,0,3,1,0,0,0,1,1,6,1,18,4,124,1,-1,6,2
2014404BA0457,2,9,0,4,0,1,0,0,0,0,1,1,6,1,67,10,1248,1,5,7,2
2014404BA0458,1,9,0,18,0,1,0,0,0,0,1,1,6,1,-1,-1,1995,2,4,-1,-1
2014404BA0458,2,9,0,3,0,1,0,0,0,0,2,1,6,1,38,7,973,1,13,4,1
2014404BA0459,1,9,0,18,0,4,0,7,0,0,1,1,6,1,70,10,1968,2,8,8,2
2014404BA0459,2,9,0,9,0,8,0,0,7,0,4,1,6,2,60,9,2993,2,4,5,3
2014404BA0460,1,9,0,18,0,0,0,0,0,0,3,1,6,1,-1,-1,1596,1,9,-1,-1
2014404BA0460,2,9,0,18,0,0,0,0,0,0,3,1,6,2,27,6,973,1,12,9,2
2014404BA0464,1,9,0,18,0,8,0,0,1,0,3,1,6,1,53,8,1997,2,-1,-1,-1
2014404BA0464,2,9,0,18,0,8,0,0,7,0,1,1,6,2,43,7,-1,-1,-1,6,3
2014404BA0479,1,9,0,9,0,8,0,0,0,0,1,1,6,1,18,4,-1,-1,-1,3,1
2014404BA0479,2,5,0,18,0,8,0,0,0,0,4,1,6,1,38,7,645,1,13,5,1
2014404BA0481,1,9,0,18,0,0,0,0,2,0,4,1,6,1,74,10,1598,1,12,3,1
2014404BA0481,2,9,0,4,0,0,0,0,0,0,2,1,6,2,35,6,1595,1,15,3,1
2014404BA0484,1,9,0,18,0,8,0,0,0,0,0,1,6,3,-1,-1,-1,-1,-1,-1,-1
2014404BA0484,2,1,0,18,0,8,0,0,0,0,0,1,6,1,59,9,-1,-1,-1,10,1
2014404BA0487,1,9,0,18,0,8,1,0,0,0,1,1,6,1,30,6,1598,1,11,4,1
2014404BA0487,2,9,0,9,0,8,0,0,0,0,2,1,6,1,43,7,-1,-1,-1,6,3
2014404BA0488,1,1,0,7,0,8,0,0,0,0,1,1,3,1,14,3,-1,-1,-1,-1,-1
2014404BA0488,2,9,0,17,0,8,0,0,0,0,1,1,1,1,31,6,1796,1,6,-1,1
2014404BA0489,1,9,0,18,0,8,0,0,0,0,1,1,6,2,31,6,1910,2,9,8,2
2014404BA0489,2,9,0,18,0,8,0,0,0,0,1,1,6,2,39,7,1870,2,10,3,1
2014404BA0491,1,9,0,10,0,1,0,0,0,0,2,1,6,2,29,6,1242,1,14,5,1
2014404BA0491,2,9,0,4,0,1,0,0,0,0,2,1,6,2,49,8,1598,1,10,5,1
2014404BA0491,3,9,0,18,0,1,0,0,0,0,1,1,1,1,18,4,1598,1,9,6,3
2014404BA0492,1,9,0,18,0,8,0,0,0,0,1,1,2,2,62,9,1560,2,3,8,3
2014404BA0492,2,9,0,18,0,8,0,0,0,0,3,1,6,1,45,7,-1,-1,-1,7,3
2014404BA0495,1,9,0,18,0,0,0,0,8,0,1,1,6,2,25,5,1997,2,11,9,1
2014404BA0495,2,19,0,12,0,0,0,0,0,0,0,1,6,3,-1,-1,-1,-1,-1,-1,-1
2014404BA0496,1,9,0,4,0,1,0,0,0,0,1,1,6,2,20,4,1995,2,4,2,1
2014404BA0496,2,9,0,3,0,1,0,0,0,0,2,1,6,2,45,7,1390,1,12,9,1
2014404BA0496,3,9,0,3,0,1,0,0,0,0,2,1,6,2,52,8,1598,1,10,7,2
2014404BA0498,1,9,0,6,0,0,0,0,0,0,3,1,6,1,35,6,1590,1,17,5,1
2014404BA0498,2,3,0,14,0,0,0,0,0,0,1,1,6,1,32,6,124,1,-1,4,1
2014404BA0500,1,9,0,18,0,0,1,0,0,0,2,1,6,2,67,10,1248,1,3,10,1
2014404BA0500,2,9,0,4,0,0,0,0,0,0,1,1,6,1,38,7,2495,2,11,6,2
2014404BA0500,3,9,0,4,0,0,0,0,0,0,0,1,6,3,-1,-1,-1,-1,-1,-1,-1
2014404BA0500,4,9,0,4,0,0,0,0,0,0,0,1,1,1,35,6,1248,2,2,3,1
2014404BA0501,1,9,0,7,0,8,0,0,0,0,4,1,6,1,21,5,1390,1,13,-1,-1
2014404BA0501,2,9,0,18,0,8,0,0,0,0,1,1,6,1,44,7,1149,1,13,3,1
2014404BA0506,1,9,0,13,0,8,0,0,0,0,1,1,6,1,-1,-1,1229,1,9,-1,-1
2014404BA0506,2,9,0,9,0,8,0,0,0,0,1,1,6,2,17,4,1198,1,3,7,3
2014404BA0506,3,9,0,5,0,8,0,0,0,0,1,1,1,1,48,8,-1,-1,-1,4,1
2014404BA0509,1,9,0,18,0,8,0,0,0,0,3,1,2,2,30,6,1596,1,15,7,1
2014404BA0509,2,1,0,18,0,8,0,0,0,0,4,1,6,1,48,8,-1,-1,-1,10,1
2014404BA0514,1,9,0,7,0,8,0,0,0,0,4,1,1,1,44,7,1910,2,7,4,1
2014404BA0514,2,1,0,18,0,8,0,0,0,0,1,1,6,2,20,4,-1,-1,-1,4,1
2014404BA0515,1,9,0,9,0,8,0,0,0,0,1,1,6,2,52,8,-1,-1,-1,5,1
2014404BA0515,2,3,0,18,0,8,0,0,0,0,1,1,6,1,35,6,124,1,5,8,1
2014404BA0516,1,9,0,18,0,8,0,0,0,0,1,1,6,1,46,8,998,1,10,9,1
2014404BA0516,2,9,0,9,0,8,0,0,0,0,3,1,6,2,48,8,1985,1,12,9,1
2014404BA0521,1,3,0,18,0,0,1,0,0,0,4,1,6,2,37,7,124,1,2,8,1
2014404BA0522,1,9,0,18,0,8,0,0,0,0,1,1,6,2,59,9,2143,2,-1,9,3
2014404BA0522,2,1,0,9,0,8,0,0,0,0,4,1,2,1,40,7,-1,-1,-1,7,1
2014404BA0523,1,9,0,17,0,0,2,0,1,2,4,1,6,1,22,5,1398,1,1,-1,-1
2014404BA0525,1,9,0,14,0,0,0,0,0,0,1,1,6,3,-1,-1,-1,-1,-1,-1,-1
2014404BA0529,1,9,0,18,0,0,0,0,0,0,0,1,6,3,-1,-1,-1,-1,-1,-1,-1
2014404BA0529,2,11,0,4,0,0,0,0,0,0,0,1,1,1,-1,-1,3900,2,11,8,1
2014404BA0536,1,19,0,18,0,0,0,0,0,0,3,1,1,1,26,6,2463,2,8,5,1
2014404BA0536,2,9,0,18,0,0,0,0,0,0,3,1,6,1,43,7,-1,-1,-1,9,1
2014404BA0537,1,11,0,9,0,8,0,0,0,0,1,1,1,1,51,8,4580,2,6,10,1
2014404BA0537,2,9,0,18,0,8,0,0,0,0,4,1,1,2,37,7,1560,2,8,5,1
2014404BA0538,1,1,0,4,0,0,0,0,0,0,4,1,2,2,40,7,-1,-1,-1,10,2
2014404BA0540,1,9,0,4,0,1,0,0,0,0,1,1,2,1,42,7,1598,1,10,6,1
2014404BA0540,2,9,0,4,0,1,0,0,0,0,2,1,2,2,34,6,1399,2,6,5,1
2014404BA0540,3,21,1,1,0,1,0,0,0,0,0,1,1,1,42,7,11967,2,3,-1,1
2014404BA0542,1,9,0,12,0,6,0,0,0,0,0,1,6,3,-1,-1,-1,-1,-1,-1,-1
2014404BA0542,2,9,0,18,0,8,1,0,5,6,1,1,6,2,20,4,1364,1,10,3,1
2014404BA0543,1,9,0,4,0,0,1,0,0,0,1,1,6,1,24,5,1998,1,11,4,1
2014404BA0544,1,9,0,18,0,2,0,0,0,0,1,1,6,2,62,9,1149,1,8,5,1
2014404BA0544,2,9,0,18,0,1,0,0,0,0,1,1,6,2,51,8,1149,1,3,-1,1
2014404BA0544,3,9,0,18,0,1,0,0,0,0,1,1,3,2,49,8,1598,1,12,4,1
2014404BA0549,1,21,1,18,0,8,0,0,0,0,1,1,1,1,21,5,-1,-1,-1,-1,-1
2014404BA0549,2,9,0,9,0,8,0,0,0,0,4,1,1,1,35,6,-1,-1,-1,8,2
2014404BA0549,3,19,0,7,0,8,0,0,0,0,3,1,1,1,68,10,-1,-1,-1,9,3
2014404BA0549,4,9,0,9,0,8,0,0,0,0,2,1,1,1,37,7,1988,1,13,5,1
2014404BA0551,1,9,0,9,0,8,0,0,0,0,2,1,2,1,-1,-1,2597,1,13,8,1
2014404BA0551,2,5,0,18,0,1,0,0,0,0,1,1,2,1,52,8,1050,1,5,7,2
2014404BA0553,1,9,0,9,0,8,0,0,0,0,3,1,6,1,45,7,3800,1,3,8,3
2014404BA0553,2,9,0,18,0,8,0,0,0,0,1,1,6,1,28,6,-1,-1,-1,6,2
2014404BA0556,1,9,0,18,0,0,2,0,7,9,1,1,2,1,21,5,1596,1,7,10,1
2014404BA0565,1,9,0,18,7,0,0,0,0,0,1,1,6,1,58,9,1598,1,6,9,3
2014404BA0565,2,21,1,2,6,0,0,0,0,0,1,1,1,1,54,8,11967,2,3,9,1
2014404BA0566,1,9,0,18,0,4,0,0,0,0,1,1,6,2,65,9,1995,2,10,4,1
2014404BA0566,2,2,0,9,0,8,0,0,0,0,4,1,2,1,29,6,50,1,3,2,1
2014404BA0567,1,9,0,9,0,1,0,0,0,0,0,1,6,3,-1,-1,-1,-1,-1,-1,-1
2014404BA0567,2,3,0,9,0,8,0,9,1,0,1,1,6,1,21,5,-1,-1,-1,6,2
2014404BA0573,1,11,0,14,0,0,0,0,0,0,0,1,1,1,-1,-1,-1,-1,-1,1,1
2014404BA0577,1,9,0,9,0,8,0,0,0,0,4,1,6,1,31,6,1896,2,13,6,3
2014404BA0577,2,9,0,7,0,8,0,0,0,0,3,1,6,1,-1,-1,2143,2,1,7,3
2014404BA0590,1,9,0,18,0,4,0,0,0,0,3,1,6,1,55,8,1984,2,2,10,1
2014404BA0590,2,1,0,9,0,8,0,0,0,0,4,1,2,1,41,7,-1,-1,-1,9,3
2014404BA0592,1,9,0,9,0,6,0,0,0,0,1,1,6,1,92,11,1995,1,14,9,1
2014404BA0593,1,90,0,16,0,0,2,0,1,4,4,1,6,2,57,9,-1,-1,-1,3,1
2014404BA0595,1,5,0,18,0,0,1,0,1,4,1,1,6,2,31,6,599,1,3,5,1
2014404BA0596,1,9,0,18,0,1,0,0,0,0,1,1,2,1,37,7,1396,1,11,3,1
2014404BA0596,2,4,0,7,0,1,0,0,1,0,2,1,2,1,54,8,398,1,25,9,3
2014404BA0598,1,5,0,16,0,0,1,0,7,1,1,1,6,1,53,8,1340,1,7,7,1
2014404BA0601,1,9,0,18,0,0,0,0,0,0,1,1,6,2,35,6,999,1,13,9,1
2014404BA0601,2,9,0,18,0,0,0,0,0,0,1,1,6,2,59,9,1388,1,8,9,2
2014404BA0601,3,9,0,18,0,0,0,0,1,0,1,1,2,1,39,7,1229,1,8,2,1
2014404BA0602,1,21,1,2,0,1,0,0,0,0,2,1,1,1,46,8,11021,2,10,7,2
2014404BA0602,2,9,0,18,0,1,0,0,0,0,1,1,6,1,48,8,1686,2,4,10,1
2014404BA0603,1,19,0,16,0,0,0,0,1,9,1,1,1,1,49,8,1598,2,2,7,2
2014404BA0603,2,21,0,17,0,0,0,0,0,0,1,1,1,1,41,7,6870,2,8,-1,-1
2014404BA0605,1,9,0,18,0,1,0,0,0,0,4,1,6,2,35,6,1800,1,16,5,1
2014404BA0606,1,9,0,9,0,8,0,0,0,0,1,1,1,1,26,6,1968,2,8,4,1
2014404BA0606,2,9,0,18,0,8,0,0,0,0,1,1,2,1,30,6,1984,1,8,10,1
2014404BA0608,1,9,0,18,0,0,1,0,7,10,1,1,6,1,29,6,1229,1,9,8,1
2014404BA0609,1,1,0,18,0,0,0,0,0,0,1,1,6,1,30,6,-1,-1,-1,5,1
2014404BA0609,2,9,0,18,0,0,0,0,0,0,1,1,6,1,37,7,1686,2,7,5,1
2014404BA0612,1,9,0,14,0,1,0,0,0,0,4,1,6,1,18,4,-1,-1,-1,-1,-1
2014404BA0612,2,9,0,10,0,1,0,0,0,0,3,1,6,2,18,4,1242,1,9,3,1
2014404BA0614,1,9,0,17,0,8,0,0,0,0,0,1,6,3,-1,-1,-1,-1,-1,-1,-1
2014404BA0614,2,9,0,16,0,1,0,0,1,0,4,1,6,1,29,6,1781,2,15,8,3
2014404BA0615,1,9,0,18,0,0,0,0,0,0,3,1,1,2,27,6,1396,1,12,10,2
2014404BA0619,1,9,0,9,0,6,0,0,0,0,2,1,6,1,-1,-1,-1,-1,-1,-1,3
2014404BA0619,2,5,0,18,0,1,0,0,0,0,1,1,6,1,35,6,599,1,10,8,1
2014404BA0620,1,9,0,18,0,8,0,0,0,0,4,1,1,1,35,6,1248,2,1,3,1
2014404BA0620,2,1,0,18,0,8,0,0,0,0,4,1,6,1,19,4,-1,-1,-1,-1,-1
2014404BA0621,1,21,1,12,0,8,0,0,0,0,3,1,1,1,59,9,-1,-1,-1,-1,-1
2014404BA0621,2,9,0,18,0,3,0,0,0,0,4,1,6,2,26,6,998,1,6,2,1
2014404BA0622,1,9,0,13,0,1,0,0,0,0,4,1,1,1,39,7,-1,-1,-1,10,1
2014404BA0622,2,1,0,18,0,1,0,0,1,0,3,1,6,1,18,4,-1,-1,-1,3,1
2014404BA0623,1,9,0,18,0,8,0,0,0,0,1,1,6,1,78,11,1398,1,2,7,2
2014404BA0623,2,1,0,18,0,8,0,0,0,0,3,1,6,1,80,11,-1,-1,-1,9,1
2014404BA0626,1,9,0,18,0,2,0,0,0,0,3,1,1,1,43,7,1956,2,5,2,1
2014404BA0626,2,20,0,10,0,1,0,0,0,0,0,1,1,1,45,7,4116,2,8,9,1
2014404BA0628,1,9,0,4,0,3,0,0,0,0,1,1,6,1,-1,-1,-1,-1,-1,-1,-1
2014404BA0629,1,9,0,18,0,0,0,0,0,0,1,1,2,1,31,6,1398,2,8,-1,3
2014404BA0632,1,3,0,17,0,0,0,0,2,10,3,1,6,1,35,6,125,1,13,10,2
2014404BA0632,2,4,0,17,0,0,0,0,0,0,1,1,6,1,45,7,499,1,13,10,2
2014404BA0634,1,19,0,7,0,8,0,0,0,0,4,1,1,1,-1,-1,2198,2,7,-1,-1
2014404BA0634,2,1,0,3,9,8,0,0,0,0,1,1,6,1,31,6,-1,-1,-1,5,1
2014404BA0635,1,5,0,4,0,1,1,0,0,0,0,1,6,1,50,8,650,1,13,2,1
2014404BA0635,2,8,0,6,2,8,0,0,0,0,0,1,1,1,36,7,1560,2,4,3,1
2014404BA0636,1,19,0,18,0,1,0,0,0,0,1,1,1,1,24,5,2143,2,-1,-1,1
2014404BA0636,2,9,0,3,0,1,0,0,0,0,2,1,6,1,23,5,1149,1,10,-1,-1
2014404BA0637,1,9,0,14,0,0,0,0,0,0,1,1,6,1,91,11,2685,2,11,10,2
2014404BA0637,2,9,0,2,0,0,0,0,0,0,2,1,6,1,50,8,1753,2,16,9,3
2014404BA0638,1,9,0,16,0,0,1,0,1,0,4,1,6,1,17,4,1229,1,9,10,1
2014404BA0640,1,9,0,17,0,0,2,0,1,0,1,1,1,2,19,4,973,1,16,10,2
2014404BA0646,1,9,0,18,0,3,0,0,0,0,1,1,6,1,54,8,1108,1,12,5,1
2014404BA0646,2,9,0,3,0,3,0,0,0,0,2,1,6,1,51,8,1997,2,8,8,1
2014404BA0647,1,3,0,18,0,8,1,0,0,0,4,1,6,1,65,9,124,1,1,2,1
2014404BA0648,1,9,0,18,0,3,0,0,0,0,1,1,6,3,-1,-1,-1,-1,-1,-1,-1
2014404BA0648,2,1,0,9,0,8,0,0,0,0,3,1,2,1,28,6,-1,-1,-1,8,1
2014404BA0649,1,9,0,17,0,0,2,0,2,4,4,1,6,1,22,5,1598,1,5,10,2
2014404BA0650,1,9,0,18,0,0,0,0,0,0,4,1,6,2,50,8,1396,1,12,9,1
2014404BA0650,2,1,0,18,0,0,0,0,0,0,4,1,6,1,17,4,-1,-1,-1,6,3
2014404BA0651,1,9,0,12,0,0,5,0,4,6,1,1,6,1,26,6,1998,1,9,7,3
2014404BA0651,2,9,0,12,0,0,0,0,0,0,0,1,6,3,-1,-1,-1,-1,-1,-1,-1
2014404BA0652,1,3,0,4,0,0,0,0,0,0,4,1,4,2,17,4,124,1,2,10,1
2014404BA0653,1,9,0,9,0,8,0,0,0,0,3,1,6,2,17,4,1598,1,11,10,1
2014404BA0653,2,9,0,18,0,8,0,0,0,0,1,1,6,1,33,6,1242,1,12,3,1
2014404BA0654,1,11,0,18,0,2,0,0,0,0,4,1,1,1,-1,-1,6870,2,13,6,1
2014404BA0655,1,9,0,18,0,0,1,0,1,9,1,1,2,1,24,5,1242,1,12,8,1
2014404BA0655,2,9,0,3,0,0,0,0,0,0,2,1,2,1,37,7,1396,1,3,8,3
2014404BA0656,1,9,0,16,0,0,0,0,0,0,1,1,6,1,19,4,1199,1,10,4,1
2014404BA0656,2,9,0,16,0,0,0,0,0,0,2,1,6,1,49,8,1598,1,14,3,1
2014404BA0661,1,3,0,18,0,8,0,0,0,0,1,1,6,3,-1,-1,-1,-1,-1,-1,-1
2014404BA0662,1,21,0,18,0,1,0,0,0,0,1,1,1,1,-1,-1,4461,2,3,-1,-1
2014404BA0662,2,19,0,3,0,1,0,0,0,0,2,1,6,1,36,7,2143,2,1,8,3
2014404BA0662,3,9,0,3,0,1,0,0,0,0,2,1,1,2,-1,-1,1461,2,1,7,3
2014404BA0671,1,9,0,18,0,1,0,0,0,0,1,1,6,1,70,10,-1,-1,-1,4,1
2014404BA0671,2,9,0,3,0,1,0,0,1,0,2,1,6,1,35,6,1910,2,11,9,3
2014404BA0674,1,9,0,9,0,5,0,0,0,0,1,1,6,1,36,7,-1,-1,-1,5,1
2014404BA0674,2,3,0,4,0,8,1,0,0,0,1,1,6,1,17,4,125,1,9,5,1
2014404BA0675,1,5,0,16,0,0,0,0,0,0,1,1,6,1,32,6,1050,1,9,9,2
2014404BA0675,2,9,0,17,0,0,0,0,0,0,3,1,6,2,76,11,1997,1,4,-1,-1
2014404BA0676,1,9,0,18,0,1,1,0,0,0,1,1,6,2,25,5,1124,1,12,8,1
2014404BA0676,2,9,0,10,0,8,0,0,0,0,2,1,6,1,30,6,1598,1,4,10,2
2014404BA0676,3,9,0,18,0,8,0,0,1,0,3,1,6,1,43,7,1998,1,15,7,3
2014404BA0678,1,1,0,18,0,0,0,0,0,0,3,1,6,1,13,3,-1,-1,-1,3,1
2014404BA0678,2,9,0,18,0,0,0,0,0,0,1,1,6,2,39,7,1598,1,8,10,2
2014404BA0679,1,9,0,18,0,0,0,0,0,0,1,1,6,2,25,5,1596,1,5,2,1
2014404BA0679,2,9,0,4,0,0,0,0,0,0,2,1,6,1,56,9,1998,2,8,5,3
2014404BA0680,1,9,0,17,0,0,5,0,2,1,1,1,1,1,45,7,1598,2,1,9,1
2014404BA0681,1,9,0,14,0,2,0,0,0,0,3,1,6,2,76,11,1587,1,12,7,3
2014404BA0681,2,9,0,18,0,1,0,0,0,0,3,1,6,1,19,4,1796,1,10,7,3
2014404BA0682,1,3,0,13,0,1,0,0,0,0,4,1,6,1,17,4,125,1,-1,3,1
2014404BA0682,2,9,0,9,0,8,0,0,0,0,3,1,6,1,-1,-1,2148,2,10,7,3
2014404BA0683,1,9,0,9,0,8,0,0,0,0,1,1,1,2,46,8,2902,2,7,7,1
2014404BA0683,2,1,0,10,0,8,0,0,0,0,2,1,6,1,49,8,-1,-1,-1,7,1
2014404BA0684,1,9,0,1,0,0,0,0,0,0,2,1,6,3,-1,-1,-1,-1,-1,-1,-1
2014404BA0687,1,11,0,7,0,6,0,0,0,0,1,1,6,3,-1,-1,-1,-1,-1,-1,-1
2014404BA0687,2,1,0,14,0,1,0,0,0,0,3,1,6,2,40,7,-1,-1,-1,-1,-1
2014404BA0690,1,5,0,18,0,1,0,0,0,0,3,1,6,1,-1,-1,598,1,21,6,1
2014404BA0690,2,3,0,14,0,2,0,0,7,0,3,1,6,1,17,4,124,1,11,6,1
2014404BA0692,1,9,0,7,0,1,0,0,0,0,1,1,6,1,53,8,4966,1,10,8,1
2014404BA0692,2,9,0,9,0,1,0,0,0,0,2,1,6,2,83,11,1242,1,9,8,1
2014404BA0694,1,11,0,4,0,0,0,0,0,0,1,1,1,1,58,9,-1,-1,-1,6,1
2014404BA0695,1,9,0,18,0,0,1,4,0,0,4,1,6,2,43,7,1390,1,12,5,1
2014404BA0695,2,90,0,2,0,0,0,0,0,0,2,1,1,1,36,7,11950,2,11,5,1
2014404BA0699,1,9,0,18,0,1,0,0,0,0,1,1,6,2,-1,-1,1298,1,12,10,1
2014404BA0699,2,9,0,3,0,1,0,0,0,0,2,1,6,2,34,6,1968,2,3,8,1
2014404BA0700,1,9,0,4,0,8,0,0,0,0,1,1,6,2,25,5,1596,1,9,4,1
2014404BA0700,2,9,0,4,0,8,0,0,0,0,2,1,6,1,46,8,1389,1,19,9,1
2014404BA0701,1,9,0,18,0,1,0,0,0,0,1,1,6,1,-1,-1,1390,1,15,6,1
2014404BA0701,2,9,0,8,0,5,0,0,0,0,2,1,6,2,31,6,1461,2,4,6,2
2014404BA0702,1,9,0,18,0,0,0,0,2,7,4,1,6,1,80,11,1799,1,4,-1,1
2014404BA0702,2,9,0,18,0,0,0,0,0,0,3,1,6,1,56,9,1870,2,11,10,2
2014404BA0707,1,11,0,13,0,0,0,0,0,0,4,1,1,3,-1,-1,-1,-1,-1,-1,-1
2014404BA0707,2,1,0,18,0,0,0,0,1,9,0,1,6,1,51,8,-1,-1,-1,3,1
2014404BA0709,1,19,0,17,0,0,0,0,0,0,4,1,6,1,22,5,2402,2,8,3,1
2014404BA0709,2,9,0,16,0,0,0,0,0,0,4,1,6,1,28,6,1598,1,7,3,1
2014404BA0710,1,9,0,1,0,6,0,0,0,0,2,1,6,1,62,9,-1,-1,-1,10,2
2014404BA0710,2,5,0,14,0,8,0,0,0,0,1,1,1,1,35,6,1170,1,6,10,2
2014404BA0712,1,9,0,16,0,0,5,0,2,10,1,1,6,2,25,5,1329,1,5,10,1
2014404BA0712,2,9,0,17,0,0,0,0,0,0,0,1,6,3,-1,-1,-1,-1,-1,-1,-1
2014404BA0713,1,9,0,9,0,8,0,0,0,0,3,1,1,1,39,7,1968,2,4,4,1
2014404BA0713,2,3,0,13,0,8,0,0,7,0,4,1,6,1,23,5,101,1,18,3,1
2014404BA0716,1,3,0,7,0,3,1,0,1,1,4,1,6,1,17,4,124,1,-1,9,2
2014404BA0722,1,9,0,6,0,0,0,0,1,0,4,1,6,1,29,6,1248,2,5,9,1
2014404BA0722,2,9,0,18,0,0,0,0,0,0,1,1,6,1,19,4,1399,2,12,-1,3
2014404BA0724,1,1,0,18,0,0,0,0,0,0,1,1,6,1,17,4,-1,-1,-1,7,2
2014404BA0724,2,9,0,18,0,0,0,0,0,0,4,1,2,2,34,6,1229,1,8,8,1
2014404BA0726,1,1,0,9,0,8,0,10,0,0,1,1,6,2,65,9,-1,-1,-1,-1,-1
2014404BA0726,2,9,0,9,0,8,0,0,0,0,0,1,1,1,33,6,2401,2,8,3,1
2014404BA0730,1,9,0,18,0,0,1,0,0,0,1,1,6,2,42,7,1339,1,12,9,3
2014404BA0730,2,9,0,4,0,0,0,0,0,0,2,1,6,1,35,6,1995,2,4,-1,-1
2014404BA0734,1,2,0,18,0,0,0,0,1,0,4,1,6,1,16,4,49,1,1,6,2
2014404BA0739,1,5,0,18,0,8,0,0,0,0,1,1,6,1,40,7,847,1,-1,9,1
2014404BA0739,2,9,0,18,0,8,0,0,0,0,0,1,1,1,45,7,1968,2,1,8,1
2014404BA0741,1,9,3,18,0,8,0,0,0,0,1,1,6,2,-1,-1,1598,2,3,-1,-1
2014404BA0744,1,19,0,18,0,0,0,0,0,0,1,1,1,1,48,8,2148,2,6,8,3
2014404BA0744,2,9,0,18,0,0,0,0,1,0,1,1,6,2,68,10,2171,1,11,7,2
2014404BA0745,1,9,0,7,0,8,0,0,0,0,3,1,6,1,22,5,1995,2,4,8,1
2014404BA0745,2,1,0,18,5,8,0,0,0,0,1,1,6,1,22,5,-1,-1,-1,-1,-1
2014404BA0746,1,1,0,18,0,1,0,0,0,0,1,1,6,1,30,6,-1,-1,-1,1,1
2014404BA0746,2,9,0,18,0,4,0,0,0,0,4,1,6,2,-1,-1,1149,1,4,4,1
2014404BA0747,1,9,4,18,0,0,0,0,0,0,2,1,6,1,50,8,2720,2,6,8,3
2014404BA0747,2,19,0,18,0,0,0,0,0,0,1,1,6,1,30,6,2143,2,-1,5,2
2014404BA0753,1,9,0,18,0,0,0,0,0,0,1,1,6,2,-1,-1,1596,1,13,4,1
2014404BA0753,2,9,0,3,0,0,0,0,0,0,2,1,6,2,62,9,1686,2,11,7,3
2014404BA0760,1,9,0,4,0,0,1,0,1,0,1,1,6,2,24,5,999,1,15,10,1
2014404BA0760,2,9,0,4,0,0,0,0,0,0,0,1,6,3,-1,-1,-1,-1,-1,-1,-1
2014404BA0760,3,8,0,4,0,0,1,0,0,0,2,1,6,1,-1,-1,1910,2,8,-1,-1
2014404BA0761,1,9,0,18,0,0,2,0,1,9,4,1,1,1,25,5,-1,-1,-1,9,1
2014404BA0762,1,9,0,17,0,0,0,0,1,0,1,1,2,1,20,4,1388,1,11,10,1
2014404BA0762,2,17,4,16,0,0,0,0,0,0,3,1,1,1,65,9,5883,2,12,8,3
2014404BA0769,1,9,0,18,0,1,0,0,0,0,1,1,6,1,30,6,1997,2,5,-1,3
2014404BA0769,2,9,0,18,0,1,0,0,0,0,1,1,6,1,25,5,1368,1,3,5,1
2014404BA0771,1,9,0,9,0,8,0,0,0,0,1,1,6,1,48,8,1796,1,16,2,1
2014404BA0771,2,3,0,14,0,8,0,0,0,0,1,1,1,1,47,8,124,1,1,7,1
2014404BA0772,1,1,0,18,0,0,0,0,0,0,1,1,6,1,55,8,-1,-1,-1,3,1
2014404BA0772,2,9,0,18,0,0,0,0,0,0,1,1,2,2,27,6,1149,1,10,2,1
2014404BA0773,1,9,0,9,0,8,0,0,1,0,3,1,1,1,51,8,2401,2,11,7,1
2014404BA0773,2,3,0,18,0,1,0,0,0,0,1,1,1,1,20,4,124,1,8,2,1
2014404BA0774,1,9,0,16,0,8,0,0,0,0,1,1,6,1,27,6,1995,2,10,9,1
2014404BA0774,2,9,0,9,0,8,0,0,0,0,3,1,2,2,44,7,1984,1,14,7,3
2014404BA0776,1,5,0,17,0,0,1,0,0,0,3,1,1,1,45,7,798,1,-1,4,1
2014404BA0779,1,9,0,18,0,0,0,0,1,0,1,1,6,1,20,4,998,1,1,7,1
2014404BA0779,2,9,0,18,0,0,0,0,0,0,2,1,6,1,19,4,-1,-1,-1,-1,3
2014404BA0784,1,19,0,18,0,0,0,0,0,0,1,1,6,1,28,6,1998,2,13,9,2
2014404BA0785,1,9,0,18,0,0,0,0,0,0,1,1,6,1,40,7,1598,1,10,4,1