Accident_Index,Vehicle_Reference,Vehicle_Type,Towing_and_Articulation,Vehicle_Manoeuvre,Vehicle_Location-Restricted_Lane,Junction_Location,Skidding_and_Overturning,Hit_Object_in_Carriageway,Vehicle_Leaving_Carriageway,Hit_Object_off_Carriageway,1st_Point_of_Impact,Was_Vehicle_Left_Hand_Drive?,Journey_Purpose_of_Driver,Sex_of_Driver,Age_of_Driver,Age_Band_of_Driver,Engine_Capacity_(CC),Propulsion_Code,Age_of_Vehicle,Driver_IMD_Decile,Driver_Home_Area_Type
2014404BA0785,2,9,0,4,0,0,0,0,0,0,2,1,2,2,26,6,2231,2,5,9,1
2014404BA0787,1,9,0,17,0,0,1,0,1,9,3,1,2,2,29,6,1499,1,6,6,1
2014404BA0789,1,9,0,12,0,0,0,0,0,0,3,1,6,1,55,8,1560,2,-1,-1,-1
2014404BA0789,2,5,0,18,0,0,0,0,0,0,4,1,1,1,25,5,670,1,2,-1,1
2014404BA0795,1,9,0,17,0,0,0,0,1,4,1,1,2,2,19,4,1108,1,10,4,1
2014404BA0795,2,9,0,16,0,0,0,0,0,0,0,1,6,3,-1,-1,-1,-1,-1,-1,-1
2014404BA0800,1,9,0,18,0,0,0,0,0,0,1,1,6,2,57,9,-1,-1,-1,7,1
2014404BA0800,2,9,0,4,0,0,0,0,0,0,2,1,6,1,29,6,1968,2,1,7,3
2014404BA0800,3,9,0,13,0,0,0,0,0,0,0,1,1,1,-1,-1,2400,2,-1,3,1
2014404BA0801,1,9,0,17,0,0,1,0,8,0,1,1,6,3,-1,-1,1596,1,13,-1,-1
2014404BA0801,2,9,0,16,0,0,0,0,0,0,4,1,6,2,21,5,1685,2,1,6,1
2014404BA0802,1,9,0,4,0,1,0,0,0,0,1,1,6,2,29,6,1388,1,3,5,1
2014404BA0802,2,9,0,3,0,1,0,0,0,0,2,1,6,2,24,5,1199,1,13,8,1
2014404BA0802,3,9,0,3,0,1,0,0,0,0,2,1,6,2,52,8,1598,1,11,3,1
2014404BA0812,1,21,1,17,0,1,5,0,1,2,4,1,1,1,55,8,11705,2,9,-1,3
2014404BA0813,1,9,0,1,0,0,0,0,0,0,2,1,6,1,60,9,1968,2,1,9,2
2014404BA0814,1,19,0,18,0,0,0,0,0,0,1,1,6,1,51,8,1248,2,-1,5,1
2014404BA0814,2,9,0,18,0,0,0,0,0,0,1,1,2,1,34,6,1149,1,6,-1,-1
2014404BA0815,1,9,0,18,0,8,2,9,0,0,1,1,6,1,33,6,5204,1,1,7,1
2014404BA0815,2,9,0,18,0,8,0,0,0,0,0,1,6,3,-1,-1,-1,-1,-1,-1,-1
2014404BA0816,1,9,0,16,0,0,0,0,0,0,1,1,2,1,64,9,1995,2,5,5,3
2014404BA0816,2,9,0,17,0,0,0,0,0,0,1,1,2,2,46,8,1870,2,10,8,1
2014404BA0817,1,5,0,13,0,8,0,0,0,0,1,1,6,1,35,6,798,1,5,-1,3
2014404BA0817,2,9,0,9,0,5,0,0,0,0,3,1,6,2,43,7,1995,2,-1,9,1
2014404BA0817,3,19,0,7,0,5,0,0,0,0,0,1,6,3,-1,-1,-1,-1,-1,-1,-1
2014404BA0819,1,9,0,7,0,1,1,0,3,1,1,1,6,1,23,5,998,1,10,2,1
2014404BA0819,2,9,0,18,0,1,1,0,3,0,1,1,6,2,38,7,1598,1,10,8,1
2014404BA0821,1,9,0,9,0,8,0,0,0,0,0,1,6,3,-1,-1,-1,-1,-1,-1,-1
2014404BA0821,2,11,0,18,2,1,0,0,0,0,0,1,1,1,63,9,4500,2,2,3,1
2014404BA0825,1,8,0,5,0,8,0,0,0,0,1,1,6,1,-1,-1,-1,-1,-1,-1,-1
2014404BA0830,1,9,0,18,0,8,0,0,0,0,1,1,6,2,31,6,3301,1,13,8,2
2014404BA0830,2,9,0,9,0,8,0,0,0,0,4,1,6,1,43,7,1388,1,11,9,1
2014404BA0831,1,9,0,17,0,0,0,0,1,4,1,1,6,1,56,9,1896,2,13,10,1
2014404BA0834,1,9,0,18,0,3,0,0,0,0,4,1,2,2,66,10,1951,2,9,5,3
2014404BA0834,2,9,0,18,0,4,0,0,0,0,3,1,3,2,44,7,-1,-1,-1,5,2
2014404BA0837,1,19,0,6,0,8,0,0,0,0,2,1,2,1,46,8,1248,2,5,9,1
2014404BA0837,2,9,0,18,0,1,0,0,0,0,1,1,2,1,33,6,1753,2,10,8,3
2014404BA0838,1,9,0,18,0,0,0,0,0,0,1,1,2,1,29,6,1598,2,2,5,1
2014404BA0838,2,9,0,4,0,0,5,0,4,6,2,1,2,2,33,6,1798,1,6,3,1
2014404BA0839,1,9,0,18,0,0,0,7,0,0,1,1,6,2,51,8,1997,1,10,9,1
2014404BA0841,1,9,0,9,0,8,0,0,0,0,4,1,6,1,21,5,1242,1,8,2,1
2014404BA0841,2,1,0,18,0,8,0,0,0,0,1,1,6,1,42,7,-1,-1,-1,9,1
2014404BA0848,1,19,0,9,0,1,0,0,0,0,1,1,1,1,30,6,1997,2,1,1,1
2014404BA0848,2,9,0,10,0,1,0,0,0,0,2,1,6,1,68,10,3199,1,10,10,1
2014404BA0856,1,9,0,12,0,8,0,0,0,0,3,1,1,1,-1,-1,1598,2,3,6,1
2014404BA0856,2,5,0,11,0,3,1,0,0,0,4,1,6,1,21,5,998,1,9,9,1
2014404BA0857,1,9,0,18,0,2,0,4,0,0,1,1,6,2,59,9,1198,1,2,9,2
2014404BA0857,2,19,0,2,0,2,0,0,0,0,2,1,6,3,-1,-1,2402,2,8,-1,-1
2014404BA0859,1,9,0,18,0,8,0,0,0,0,3,1,6,3,-1,-1,-1,-1,-1,-1,-1
2014404BA0860,1,21,1,18,0,0,1,0,0,0,1,1,1,1,56,9,12900,2,-1,7,1
2014404BA0860,2,19,4,4,0,0,0,0,0,0,2,1,1,1,59,9,2287,2,3,4,1
2014404BA0860,3,19,0,4,0,0,0,0,0,0,2,1,1,1,56,9,1995,2,3,10,1
2014404BA0861,1,9,0,9,0,8,0,0,0,0,1,1,2,2,37,7,1461,2,1,6,2
2014404BA0861,2,9,0,18,0,8,0,0,0,0,1,1,2,1,48,8,1998,1,16,8,2
2014404BA0862,1,9,0,16,0,0,2,0,1,0,1,1,6,2,35,6,847,1,16,10,1
2014404BA0862,2,9,0,17,0,0,1,0,0,0,3,1,6,2,36,7,1834,1,13,8,2
2014404BA0863,1,9,0,9,0,8,1,0,7,9,3,1,6,1,65,9,1999,1,5,10,1
2014404BA0863,2,11,0,18,0,8,0,0,0,0,1,1,1,1,36,7,-1,-1,-1,1,1
2014404BA0866,1,11,0,18,0,8,0,0,0,0,4,1,1,1,55,8,9600,2,16,3,1
2014404BA0866,2,9,0,8,0,3,0,0,0,0,2,1,6,2,42,7,1242,1,4,3,1
2014404BA0869,1,5,0,16,0,8,1,0,0,0,4,1,6,1,57,9,1130,1,11,8,1
2014404BA0870,1,9,0,18,0,8,0,0,0,0,1,1,6,1,-1,-1,1242,1,-1,6,1
2014404BA0870,2,1,0,18,0,8,0,0,0,0,3,1,6,1,33,6,-1,-1,-1,7,1
2014404BA0872,1,20,0,18,0,0,1,0,0,0,1,1,1,1,36,7,-1,-1,-1,10,1
2014404BA0872,2,9,0,3,0,0,0,0,0,0,2,1,2,2,48,8,-1,-1,-1,6,1
2014404BA0872,3,9,0,3,0,0,0,0,0,0,2,1,2,1,58,9,1598,2,1,8,2
2014404BA0874,1,9,0,18,0,0,0,0,0,0,1,1,6,2,24,5,1995,2,7,-1,-1
2014404BA0874,2,9,0,4,0,0,0,0,0,0,2,1,6,1,79,11,1598,1,4,8,1
2014404BA0875,1,90,4,18,0,0,0,0,0,0,1,1,6,1,-1,-1,-1,-1,-1,-1,-1
2014404BA0876,1,9,0,1,9,6,0,0,0,0,1,1,6,2,78,11,1598,1,12,7,3
2014404BA0877,1,9,0,18,0,0,1,0,7,10,4,1,6,1,-1,-1,1899,2,13,8,2
2014404BA0885,1,9,0,4,0,2,0,0,0,0,1,1,6,1,-1,-1,-1,-1,-1,-1,-1
2014404BA0885,2,9,0,3,0,2,0,0,0,0,2,1,6,2,49,8,1396,1,11,10,1
2014404BA0888,1,9,0,18,0,0,0,0,0,0,1,1,6,1,83,11,1896,2,12,5,2
2014404BA0894,1,10,0,2,0,0,0,0,0,0,0,1,6,2,-1,-1,-1,-1,-1,5,1
2014404BA0898,1,3,0,18,0,8,0,0,0,0,1,1,6,2,22,5,125,1,5,9,3
2014404BA0898,2,9,0,7,0,8,0,0,0,0,3,1,1,1,58,9,1968,2,-1,7,1
2014404BA0900,1,3,0,18,0,0,1,10,0,0,4,1,6,1,22,5,125,1,1,4,1
2014404BA0900,2,9,0,18,0,0,0,0,0,0,0,1,1,2,-1,-1,1910,2,5,3,1
2014404BA0901,1,9,0,18,0,3,5,0,2,0,4,1,6,1,22,5,1686,2,10,3,1
2014404BA0902,1,9,0,13,0,0,0,0,0,0,4,1,6,3,-1,-1,-1,-1,-1,-1,-1
2014404BA0902,2,9,0,13,0,0,2,0,1,10,3,1,6,2,36,7,1360,1,13,4,1
2014404BA0902,3,9,0,18,0,0,1,0,1,10,3,1,6,2,72,10,1299,1,7,9,1
2014404BA0912,1,9,0,4,0,0,0,0,0,0,1,1,6,1,-1,-1,1999,1,12,9,3
2014404BA0912,2,9,0,4,0,0,0,0,0,0,2,1,6,2,30,6,1364,1,7,9,1
2014404BA0922,1,9,0,18,0,0,0,0,0,0,3,1,6,3,-1,-1,-1,-1,-1,-1,-1
2014404BA0922,2,9,0,18,0,0,0,0,0,0,3,1,6,1,73,10,1598,1,1,7,1
2014404BA0923,1,9,0,9,0,6,1,0,0,0,3,1,6,1,35,6,1086,1,11,6,1
2014404BA0923,2,9,0,18,0,8,1,0,0,0,4,1,6,2,61,9,1999,1,7,5,3
2014404BA0924,1,9,0,18,0,8,0,9,1,1,1,1,6,1,93,11,1149,1,13,7,3
2014404BA0925,1,9,0,7,0,8,0,0,0,0,1,1,2,2,52,8,1360,1,14,10,1
2014404BA0925,2,1,0,18,5,8,0,0,0,0,4,1,6,1,45,7,-1,-1,-1,4,1
2014404BA0926,1,11,0,4,0,0,0,0,0,0,0,1,1,1,52,8,-1,-1,-1,6,1
2014404BA0927,1,1,0,18,9,0,0,0,0,0,1,1,6,1,20,4,-1,-1,-1,-1,-1
2014404BA0928,1,19,0,10,0,0,0,0,0,0,4,1,6,1,52,8,1298,1,10,6,1
2014404BA0928,2,1,0,18,0,0,0,0,1,0,1,1,6,1,46,8,-1,-1,-1,8,1
2014404BA0930,1,9,0,13,0,1,0,0,0,0,1,1,6,1,81,11,1389,1,9,5,1
2014404BA0930,2,9,0,18,0,1,0,0,0,0,1,1,2,2,32,6,1560,2,3,7,3
2014404BA0930,3,9,0,4,0,1,0,0,0,0,0,1,2,2,32,6,1242,1,13,4,1
2014404BA0930,4,9,0,9,0,8,0,0,0,0,2,1,2,1,30,6,1968,2,3,10,1
2014404BA0931,1,9,0,18,0,0,0,0,0,0,1,1,6,1,24,5,1781,1,15,-1,-1
2014404BA0931,2,9,0,3,0,0,0,0,0,0,2,1,6,1,58,9,1240,1,9,6,2
2014404BA0931,3,9,0,3,0,0,0,0,0,0,2,1,6,1,30,6,1753,2,13,6,1
2014404BA0931,4,9,0,3,0,0,0,0,0,0,2,1,6,2,47,8,1686,2,3,1,1
2014404BA0932,1,9,0,9,0,8,0,0,0,0,3,1,2,1,49,8,1686,2,3,7,1
2014404BA0932,2,4,0,13,0,8,0,0,0,0,4,1,6,1,53,8,499,1,2,1,1
2014404BA0934,1,9,0,18,0,8,0,0,0,0,1,1,6,2,-1,-1,1596,1,10,10,1
2014404BA0934,2,9,0,18,0,8,0,0,0,0,2,1,6,1,30,6,-1,-1,-1,8,2
2014404BA0936,1,21,1,13,0,0,0,0,0,0,0,1,6,3,-1,-1,12740,2,-1,-1,-1
2014404BA0936,2,1,0,18,0,0,0,0,1,0,0,1,6,2,42,7,-1,-1,-1,7,3
2014404BA0937,1,19,0,13,0,3,0,0,0,0,4,1,6,3,-1,-1,-1,-1,-1,-1,-1
2014404BA0937,2,2,0,18,0,3,0,0,0,0,3,1,2,1,20,4,50,1,2,10,2
2014404BA0938,1,9,0,18,0,8,0,4,0,0,1,1,6,1,35,6,1590,1,9,3,1
2014404BA0938,2,9,0,2,0,2,0,4,0,0,2,1,6,3,-1,-1,1398,1,14,-1,-1
2014404BA0938,3,9,0,2,0,2,0,4,0,0,1,1,6,3,-1,-1,1248,2,2,-1,-1
2014404BA0938,4,9,0,2,0,2,0,0,0,0,1,1,6,3,-1,-1,-1,-1,-1,3,1
2014404BA0940,1,1,0,7,0,0,0,0,0,0,1,1,6,1,17,4,-1,-1,-1,1,1
2014404BA0940,2,9,0,18,0,0,0,0,0,0,1,1,6,2,62,9,1390,1,10,8,1
2014404BA0941,1,11,0,9,0,6,0,0,0,0,1,1,1,1,38,7,-1,2,13,-1,-1
2014404BA0941,2,9,0,17,0,8,1,0,0,0,4,1,6,2,37,7,2685,2,9,4,3
2014404BA0943,1,3,0,3,0,0,0,0,0,0,3,1,6,1,21,5,125,1,-1,9,1
2014404BA0943,2,19,0,16,0,0,0,0,0,0,3,1,6,1,-1,-1,-1,-1,-1,-1,-1
2014404BA0950,1,9,0,9,0,8,0,0,0,0,1,1,6,1,21,5,1198,1,12,1,1
2014404BA0950,2,9,0,18,0,8,0,0,0,0,3,1,6,1,57,9,1997,2,3,8,1
2014404BA0955,1,9,0,7,0,6,0,0,0,0,1,1,6,1,37,7,1796,1,3,5,1
2014404BA0956,1,1,0,18,0,8,0,0,0,0,2,1,6,2,26,6,-1,-1,-1,9,1
2014404BA0956,2,9,0,18,0,8,0,0,0,0,1,1,6,1,26,6,1560,2,9,8,1
2014404BA0958,1,9,0,4,0,2,0,0,0,0,1,1,6,1,-1,-1,-1,-1,-1,-1,-1
2014404BA0958,2,9,0,4,0,2,0,0,0,0,2,1,6,1,24,5,1242,1,10,10,1
2014404BA0960,1,9,0,16,0,0,0,0,7,10,1,1,6,1,32,6,1242,1,12,2,1
2014404BA0962,1,9,0,7,0,6,0,0,0,0,1,1,1,1,35,6,1497,8,6,3,1
2014404BA0962,2,9,0,18,0,8,0,0,0,0,4,1,6,2,43,7,2179,2,-1,10,1
2014404BA0964,1,9,0,9,0,6,0,0,0,0,1,1,1,2,35,6,-1,-1,-1,-1,3
2014404BA0964,2,5,0,18,0,8,0,0,0,0,1,1,1,1,30,6,599,1,11,5,1
2014404BA0965,1,9,0,18,0,1,0,0,0,0,3,1,2,1,72,10,1796,1,1,7,3
2014404BA0965,2,1,0,9,0,6,0,0,0,0,1,1,6,2,18,4,-1,-1,-1,3,1
2014404BA0966,1,9,0,18,0,1,0,0,0,0,1,1,6,1,68,10,1396,1,5,10,2
2014404BA0967,1,19,0,7,0,5,0,0,0,0,1,1,6,1,-1,-1,-1,-1,-1,-1,-1
2014404BA0970,1,9,0,18,0,4,0,0,0,0,1,1,6,1,85,11,1339,1,7,9,1
2014404BA0970,2,9,0,9,0,8,0,0,0,0,4,1,6,1,28,6,1396,1,9,9,1
2014404BA0973,1,9,0,7,0,4,0,0,0,0,1,1,6,1,44,7,1968,2,3,3,1
2014404BA0974,1,9,0,18,0,4,0,0,0,0,1,1,6,1,-1,-1,2359,1,1,-1,2
2014404BA0974,2,9,0,18,0,3,0,0,0,0,2,1,6,2,56,9,1998,2,5,10,1
2014404BA0976,1,19,0,18,0,0,0,0,1,9,4,1,1,2,35,6,2148,2,9,5,1
2014404BA0980,1,9,0,4,0,1,0,0,0,0,2,1,6,1,65,9,1997,2,-1,9,1
2014404BA0980,2,9,0,18,0,1,0,0,0,0,1,1,6,1,22,5,1242,1,3,9,1
2014404BA0981,1,9,0,13,0,1,0,0,0,0,0,1,6,2,-1,-1,1596,1,7,9,2
2014404BA0981,2,3,0,18,0,2,1,0,0,0,4,1,6,2,39,7,124,1,2,7,1
2014404BA0981,3,1,0,18,0,1,0,0,0,0,0,1,6,3,-1,-1,-1,-1,-1,-1,-1
2014404BA0982,1,9,0,9,0,8,0,0,0,0,1,1,6,1,25,5,3999,1,4,5,1
2014404BA0982,2,9,0,18,0,8,0,0,0,0,3,1,6,1,18,4,1339,1,4,4,1
2014404BA0983,1,2,0,9,0,8,0,0,0,0,3,1,6,1,16,4,49,1,5,3,1
2014404BA0984,1,9,0,18,0,0,0,0,0,0,1,1,6,3,-1,-1,-1,-1,-1,-1,-1
2014404BA0988,1,9,0,18,0,1,0,0,0,0,1,1,6,3,-1,-1,-1,-1,-1,-1,-1
2014404BA0990,1,9,0,18,9,1,0,10,1,0,1,1,6,2,-1,-1,-1,-1,-1,-1,-1
2014404BA0991,1,9,0,9,0,8,0,0,0,0,4,1,6,1,-1,-1,1997,2,4,10,2
2014404BA0991,2,5,0,18,0,8,0,0,0,0,1,1,6,1,27,6,1099,1,22,1,1
2014404BA0994,1,20,0,18,0,0,0,0,0,0,1,1,1,1,69,10,5193,2,1,7,1
2014404BA0996,1,8,0,9,0,8,0,0,0,0,1,1,1,1,35,6,1794,1,7,3,1
2014404BA0996,2,9,0,18,0,8,0,0,0,0,1,1,1,1,62,9,-1,-1,-1,7,3
2014404BA0997,1,9,0,9,0,8,0,0,0,0,1,1,6,1,-1,-1,2000,2,8,-1,-1
2014404BA0997,2,9,0,18,0,8,0,0,0,0,1,1,6,1,35,6,-1,-1,-1,6,1
2014404BA0997,3,9,0,18,0,1,0,0,0,0,0,1,1,1,-1,-1,2400,2,1,3,1
2014404BA0998,1,3,0,9,0,8,0,0,0,0,1,1,6,1,32,6,125,1,10,4,1
2014404BA0998,2,9,0,9,0,8,0,0,0,0,3,1,6,2,23,5,1149,1,11,9,2
2014404BA1001,1,9,0,5,0,0,0,0,0,0,1,1,6,1,-1,-1,998,1,5,6,1
2014404BA1001,2,9,0,14,0,0,0,0,0,0,4,1,6,2,35,6,1229,1,6,4,1
2014404BA1005,1,9,0,9,0,8,0,0,0,0,1,1,6,1,-1,-1,1988,1,13,-1,-1
2014404BA1005,2,9,0,18,0,8,1,0,1,4,4,1,6,2,65,9,1598,1,12,5,2
2014404BA1012,1,9,0,18,0,0,0,0,0,0,3,1,6,1,32,6,1995,2,10,3,1
2014404BA1013,1,8,0,18,0,8,0,0,0,0,1,1,1,1,40,7,1560,2,3,3,1
2014404BA1014,1,9,0,7,0,8,0,0,0,0,1,1,6,1,-1,-1,998,1,10,-1,-1
2014404BA1014,2,1,0,18,0,8,0,0,0,0,3,1,6,1,55,8,-1,-1,-1,9,1
2014404BA1020,1,9,0,9,0,8,0,0,0,0,1,1,6,2,50,8,1968,2,5,7,3
2014404BA1020,2,2,0,18,0,8,1,0,0,0,4,1,6,1,16,4,50,1,-1,8,2
2014404BA1022,1,9,0,18,0,0,0,0,0,0,1,1,2,1,72,10,1242,1,4,10,3
2014404BA1022,2,9,0,18,0,0,0,0,7,0,1,1,2,2,51,8,1299,1,7,5,1
2014404BA1024,1,9,0,18,0,2,5,0,7,5,3,1,6,2,30,6,-1,-1,-1,7,1
2014404BA1024,2,9,0,18,0,2,0,0,0,0,0,1,1,1,27,6,1248,2,-1,-1,-1
2014404BA1027,1,1,0,18,0,8,0,0,0,0,3,1,6,1,43,7,-1,-1,-1,9,1
2014404BA1027,2,9,0,9,0,8,0,0,0,0,1,1,6,2,-1,-1,998,1,9,4,1
2014404BA1028,1,9,0,17,0,0,0,11,0,0,1,1,1,2,25,5,1248,2,1,3,1
2014404BA1029,1,9,0,17,0,8,0,0,1,4,1,1,6,2,22,5,1587,1,10,5,1
2014404BA1030,1,9,0,18,0,0,0,0,0,0,1,1,1,1,31,6,2400,2,2,8,1
2014404BA1030,2,9,0,4,0,0,0,0,1,4,2,1,6,2,35,6,1149,1,6,3,1
2014404BA1030,3,9,0,18,0,0,0,0,1,4,1,1,6,1,74,10,3342,1,4,4,1
2014404BA1031,1,9,0,17,0,0,5,0,1,0,4,1,6,2,43,7,2198,1,12,3,1
2014404BA1032,1,9,0,18,0,1,0,0,0,0,1,1,6,2,37,7,1968,2,10,7,2
2014404BA1032,2,9,0,3,0,1,0,0,0,0,2,1,6,1,43,7,1686,2,9,3,1
2014404BA1032,3,9,0,3,0,1,0,0,0,0,2,1,6,1,23,5,1124,1,12,8,1
2014404BA1039,1,9,0,5,0,0,0,0,0,0,4,1,2,2,18,4,1149,1,7,8,1
2014404BA1040,1,9,0,18,0,0,0,0,0,0,1,1,6,3,-1,-1,-1,-1,-1,-1,-1
2014404BA1041,1,9,0,18,0,1,0,0,0,0,1,1,6,1,25,5,1749,1,12,4,1
2014404BA1042,1,9,0,18,0,8,0,0,0,0,1,1,1,1,57,9,1560,2,2,3,1
2014404BA1042,2,9,0,4,0,8,0,0,0,0,2,1,2,1,27,6,1995,2,2,-1,3
2014404BA1043,1,9,0,9,0,8,0,0,0,0,4,1,6,1,24,5,1956,2,1,1,1
2014404BA1043,2,9,0,18,0,8,0,0,0,0,1,1,6,1,30,6,1598,1,12,3,1
2014404BA1045,1,9,0,9,9,8,0,0,0,0,1,1,6,1,21,5,-1,-1,-1,3,1
2014404BA1045,2,1,0,18,9,8,0,0,0,0,1,1,6,2,23,5,-1,-1,-1,-1,-1
2014404BA1049,1,9,0,9,0,8,0,0,0,0,1,1,6,2,32,6,998,1,8,1,1
2014404BA1054,1,3,0,13,0,8,0,0,0,0,4,1,6,1,20,4,-1,-1,-1,5,2
2014404BA1054,2,9,0,9,0,8,0,0,0,0,3,1,6,1,30,6,1149,1,9,4,1
2014404BA1054,3,9,0,3,0,1,0,0,0,0,1,1,6,3,35,6,1390,1,6,8,1
2014404BA1055,1,90,0,7,9,8,0,0,0,0,1,1,6,1,-1,-1,-1,-1,-1,-1,-1
2014404BA1056,1,9,0,18,0,1,0,0,0,0,1,1,6,1,37,7,1997,2,11,10,1
2014404BA1058,1,9,0,9,0,8,0,0,0,0,1,1,6,2,36,7,1968,2,6,7,1
2014404BA1058,2,3,0,18,0,8,0,0,0,0,1,1,2,1,43,7,124,1,11,1,1
2014404BA1063,1,9,0,18,0,0,2,0,7,9,1,1,6,1,20,4,1198,1,9,4,1
2014404BA1065,1,9,0,7,0,6,0,0,0,0,1,1,6,2,40,7,1587,1,9,8,1
2014404BA1065,2,1,0,18,4,8,0,0,0,0,2,1,6,1,21,5,-1,-1,-1,7,1
2014404BA1067,1,9,0,7,0,8,0,0,0,0,1,1,6,2,41,7,2987,2,3,5,1
2014404BA1067,2,1,0,18,4,8,0,0,0,0,4,1,6,2,56,9,-1,-1,-1,10,1
2014404BA1068,1,9,0,9,0,8,0,0,0,0,4,1,6,1,80,11,1598,1,-1,6,1
2014404BA1068,2,3,0,18,0,8,0,0,0,0,1,1,6,1,22,5,124,1,-1,10,1
2014404BA1069,1,9,0,18,0,1,0,0,0,0,1,1,6,1,-1,-1,1199,1,14,-1,-1
2014404BA1069,2,9,0,4,0,1,0,0,0,0,2,1,6,1,35,6,1995,2,7,-1,-1
2014404BA1071,1,9,0,18,0,3,0,0,0,0,1,1,1,2,53,8,1968,2,1,6,2
2014404BA1071,2,1,0,18,0,3,0,0,0,0,2,1,6,2,54,8,-1,-1,-1,10,2
2014404BA1072,1,9,0,4,0,0,0,0,0,0,1,1,6,1,52,8,1598,2,-1,3,1
2014404BA1072,2,9,0,4,0,0,0,0,5,6,2,1,6,2,22,5,1364,1,7,7,3
2014404BA1072,3,9,0,18,0,0,0,0,0,0,4,1,6,1,38,7,1956,2,2,5,1
2014404BA1072,4,9,0,3,0,0,0,0,0,0,3,1,6,1,61,9,-1,-1,-1,9,1
2014404BA1073,1,9,0,17,0,1,5,0,0,1,1,1,6,1,18,4,-1,-1,-1,10,1
2014404BA1074,1,9,0,18,0,8,0,0,0,0,1,1,6,2,58,9,698,1,7,10,2
2014404BA1074,2,9,0,9,0,8,0,0,0,0,3,1,6,1,47,8,1299,1,11,9,3
2014404BA1075,1,9,0,9,0,8,0,0,0,0,1,1,6,1,56,9,-1,-1,-1,3,1
2014404BA1075,2,3,0,18,0,8,0,0,0,0,1,1,6,1,23,5,-1,-1,-1,5,1
2014404BA1078,1,9,0,7,0,6,0,0,0,0,1,1,1,1,-1,-1,1995,2,7,8,1
2014404BA1078,2,1,0,18,0,8,0,0,0,0,4,1,6,2,43,7,-1,-1,-1,-1,1
2014404BA1081,1,9,0,16,0,0,0,0,1,0,3,1,2,1,33,6,-1,-1,-1,4,1
2014404BA1081,2,19,0,17,0,0,0,0,1,0,3,1,1,1,26,6,2298,2,4,-1,-1
2014404BA1091,1,9,0,18,0,0,0,0,0,0,1,1,6,1,55,8,-1,-1,-1,-1,-1
2014404BA1091,2,9,0,3,0,0,0,0,0,0,2,1,6,1,78,11,2199,2,4,7,1
2014404BA1095,1,9,0,9,0,8,0,0,0,0,1,1,2,1,64,9,1781,1,14,8,1
2014404BA1096,1,19,0,18,0,1,0,0,0,0,1,1,1,1,39,7,2143,2,1,6,2
2014404BA1096,2,9,0,18,0,1,0,0,0,0,2,1,2,2,39,7,1364,1,5,3,1
2014404BA1096,3,9,0,2,0,1,0,0,0,0,1,1,6,3,-1,-1,4969,8,7,-1,-1
2014404BA1096,4,9,0,2,0,1,0,0,0,0,1,1,6,3,-1,-1,1560,2,2,-1,-1
2014404BA1096,5,11,0,18,0,2,0,0,0,0,3,1,1,1,-1,-1,9600,2,16,-1,-1
2014404BA1111,1,9,0,1,0,1,0,0,0,0,2,1,6,3,-1,-1,1397,1,5,-1,-1
2014404BA1111,2,9,0,2,0,1,0,0,0,0,1,1,6,1,26,6,1753,2,7,1,1
2014404BA1114,1,9,0,18,0,1,1,0,3,9,1,1,6,2,84,11,1299,1,13,6,3
2014404BA1115,1,4,0,14,0,1,0,0,0,0,1,1,6,1,-1,-1,399,1,12,6,1
2014404BA1118,1,9,0,18,0,1,0,4,7,0,1,1,6,1,48,8,998,1,12,-1,-1
2014404BA1118,2,9,0,2,0,8,0,0,0,0,2,1,6,3,-1,-1,1781,1,10,-1,-1
2014404BA1118,3,9,0,2,0,2,0,0,0,0,2,1,6,3,-1,-1,2597,1,10,-1,-1
2014404BA1119,1,9,0,13,0,2,0,0,0,0,4,1,6,2,-1,-1,1248,2,8,-1,-1
2014404BA1119,2,1,0,18,0,2,0,0,0,0,1,1,6,2,72,10,-1,-1,-1,6,1
2014404BA1121,1,9,0,16,0,0,2,0,7,4,1,1,6,1,24,5,1390,1,14,4,1
2014404BA1126,1,9,0,18,0,0,0,0,0,0,1,1,2,1,49,8,1995,2,6,8,1
2014404BA1128,1,9,0,9,0,2,0,0,0,0,1,1,1,1,25,5,1560,2,1,6,1
2014404BA1129,1,9,0,16,0,0,1,0,7,4,1,1,6,1,75,10,-1,-1,-1,-1,-1
2014404BA1131,1,1,0,18,0,8,0,0,0,0,1,1,6,1,35,6,-1,-1,-1,-1,-1
2014404BA1131,2,9,0,7,0,8,0,0,0,0,4,1,6,1,-1,-1,-1,-1,-1,5,1
2014404BA1134,1,9,0,14,0,0,0,0,0,0,4,1,6,1,79,11,1339,1,5,-1,-1
2014404BA1134,2,9,0,18,0,0,0,0,0,0,1,1,6,1,34,6,1386,1,8,7,1
2014404BA1134,3,9,0,2,0,0,0,0,0,0,3,1,6,3,-1,-1,1686,2,9,-1,-1
2014404BA1135,1,9,0,7,0,8,0,0,0,0,3,1,6,1,-1,-1,1299,1,9,4,1
2014404BA1135,2,11,0,18,0,8,0,0,0,0,1,1,1,1,-1,-1,6700,2,2,7,2
2014404BA1138,1,9,0,17,0,0,2,0,1,9,4,1,2,2,18,4,1229,1,7,7,3
2014404BA1139,1,9,0,1,9,6,0,0,0,0,2,1,2,1,49,8,-1,3,-1,7,1
2014404BA1141,1,3,0,18,0,2,1,0,0,0,1,1,6,1,43,7,124,1,8,6,1
2014404BA1141,2,9,0,18,0,1,0,0,0,0,1,1,6,2,66,10,2179,2,2,7,3
2014404BA1142,1,9,0,18,0,4,0,0,0,0,1,1,6,1,81,11,1229,1,7,3,1
2014404BA1142,2,9,0,18,0,8,0,0,0,0,4,1,2,1,31,6,1910,2,6,8,1
2014404BA1146,1,3,0,16,0,0,1,0,7,10,1,1,6,1,18,4,124,1,30,8,1
2014404BA1147,1,9,0,18,0,0,0,0,0,0,1,1,3,1,41,7,3000,1,9,1,1
2014404BA1150,1,9,0,18,0,2,0,0,0,0,1,1,6,2,45,7,1968,2,1,9,3
2014404BA1150,2,9,0,10,0,2,0,0,0,0,2,1,6,2,42,7,1598,1,3,7,1
2014404BA1152,1,9,0,9,0,4,0,0,0,0,1,1,6,1,30,6,1798,1,11,-1,-1
2014404BA1152,2,1,0,18,0,8,0,0,0,0,4,1,6,2,42,7,-1,-1,-1,10,1