Accident_Index,Vehicle_Reference,Vehicle_Type,Towing_and_Articulation,Vehicle_Manoeuvre,Vehicle_Location-Restricted_Lane,Junction_Location,Skidding_and_Overturning,Hit_Object_in_Carriageway,Vehicle_Leaving_Carriageway,Hit_Object_off_Carriageway,1st_Point_of_Impact,Was_Vehicle_Left_Hand_Drive?,Journey_Purpose_of_Driver,Sex_of_Driver,Age_of_Driver,Age_Band_of_Driver,Engine_Capacity_(CC),Propulsion_Code,Age_of_Vehicle,Driver_IMD_Decile,Driver_Home_Area_Type
2014404CA0261,1,19,0,18,0,4,0,0,0,0,0,1,1,1,50,8,2148,2,7,5,1
2014404CA0261,2,3,0,9,0,8,0,0,0,0,3,1,6,1,46,8,124,1,6,4,1
2014404CA0263,1,9,0,18,0,0,0,0,0,0,1,1,6,2,60,9,1388,1,2,2,1
2014404CA0268,1,9,0,18,0,0,0,0,0,0,4,1,6,1,24,5,1995,2,5,4,1
2014404CA0269,1,9,0,11,0,0,0,0,0,0,0,1,6,3,-1,-1,2198,2,1,-1,-1
2014404CA0269,2,9,0,18,0,0,0,0,5,6,1,1,6,2,50,8,3980,1,17,5,1
2014404CA0292,1,21,1,18,0,8,0,0,0,0,1,1,6,3,-1,-1,12777,2,6,-1,-1
2014404CA0292,2,9,0,18,0,7,0,0,1,7,2,1,2,2,46,8,1679,1,14,10,1
2014404CA0308,1,2,0,18,0,1,0,0,0,0,3,1,6,1,45,7,49,1,2,2,1
2014404CA0312,1,9,0,1,0,8,0,0,0,0,2,1,6,1,-1,-1,1762,1,15,-1,-1
2014404CA0312,2,9,0,3,0,1,0,0,0,0,1,1,6,2,18,4,973,1,12,6,1
2014404CA0316,1,9,0,18,0,0,0,4,0,0,1,1,6,2,35,6,1798,1,13,5,1
2014404CA0316,2,9,0,18,0,0,0,0,0,0,1,1,3,2,44,7,2685,2,11,6,1
2014404CA0316,3,9,0,2,0,0,0,0,0,0,3,1,6,3,-1,-1,1995,2,7,-1,-1
2014404CA0324,1,9,0,18,0,0,0,0,0,0,1,1,6,1,64,9,1796,1,7,10,2
2014404CA0324,2,9,0,18,0,0,0,0,0,7,2,1,1,2,44,7,1587,1,8,7,1
2014404CA0325,1,9,0,9,0,8,0,0,0,0,1,1,6,2,32,6,1229,1,4,2,1
2014404CA0325,2,5,0,7,0,8,0,0,0,0,1,1,6,1,45,7,1157,1,16,5,1
2014404CA0327,1,9,0,9,0,6,0,0,0,0,3,1,6,2,28,6,1598,1,9,2,1
2014404CA0327,2,5,0,18,0,8,0,0,0,0,1,1,2,1,25,5,599,1,16,1,1
2014404CA0328,1,9,0,1,0,8,0,0,0,0,2,1,6,1,-1,-1,1968,2,7,5,1
2014404CA0329,1,9,0,10,0,1,0,0,0,0,4,1,6,2,44,7,1796,1,-1,8,1
2014404CA0329,2,1,0,18,0,8,0,0,0,0,1,1,6,1,11,3,-1,-1,-1,9,1
2014404CA0330,1,3,0,14,0,8,0,0,0,0,1,1,6,1,44,7,125,1,11,7,1
2014404CA0330,2,9,0,9,0,6,0,0,0,0,1,1,2,1,39,7,2792,1,14,4,1
2014404CA0331,1,9,0,9,0,8,0,0,0,0,1,1,6,2,38,7,1968,2,8,2,1
2014404CA0331,2,9,0,18,0,8,0,0,0,0,4,1,6,2,22,5,1598,1,12,5,1
2014404CA0332,1,9,0,18,0,1,0,0,0,0,3,1,1,1,23,5,1951,2,13,4,1
2014404CA0332,2,1,0,18,0,1,0,0,0,0,1,1,2,1,29,6,-1,-1,-1,5,1
2014404CA0339,1,9,0,18,0,8,1,0,1,10,1,1,6,1,21,5,-1,-1,-1,6,1
2014404CA0339,2,9,0,7,0,8,1,0,2,10,4,1,6,1,21,5,1686,2,1,4,1
2014404CA0340,1,19,0,13,0,0,0,0,0,0,4,1,2,1,47,8,2402,2,3,3,1
2014404CA0340,2,9,0,18,0,0,0,0,0,1,3,1,6,1,35,6,1995,2,10,2,1
2014404CA0343,1,9,0,18,0,0,1,0,1,10,1,1,6,1,24,5,1910,2,8,-1,-1
2014404CA0346,1,9,0,18,0,0,0,0,0,0,1,1,6,1,-1,-1,1596,1,6,4,1
2014404CA0348,1,9,0,3,0,1,0,0,0,0,1,1,6,1,22,5,1995,2,8,-1,-1
2014404CA0348,2,9,0,3,0,1,0,0,0,0,2,1,6,2,35,6,973,1,13,-1,-1
2014404CA0356,1,9,0,18,0,1,1,0,1,9,1,1,2,2,57,9,998,1,4,6,1
2014404CA0357,1,9,0,18,0,0,0,0,0,0,1,1,2,1,39,7,998,1,14,1,1
2014404CA0357,2,9,0,18,0,0,0,0,0,0,1,1,6,1,40,7,1396,1,15,1,1
2014404CA0360,1,9,0,18,0,0,0,0,0,0,3,1,6,1,-1,-1,1796,1,9,2,1
2014404CA0361,1,9,0,16,0,0,1,0,7,9,1,1,6,2,31,6,2148,2,7,7,1
2014404CA0362,1,9,0,9,0,8,0,0,0,0,1,1,6,1,20,4,1248,2,1,6,2
2014404CA0362,2,1,0,18,0,8,0,0,0,0,1,1,6,1,58,9,-1,-1,-1,-1,-1
2014404CA0363,1,21,0,11,0,0,0,0,0,0,1,1,6,3,-1,-1,-1,-1,-1,-1,-1
2014404CA0363,2,9,0,18,0,0,0,0,1,7,2,1,6,2,35,6,1390,1,12,4,1
2014404CA0366,1,9,0,7,0,3,0,0,0,0,1,1,6,1,18,4,1360,1,10,8,1
2014404CA0367,1,9,0,18,0,8,1,0,0,0,3,1,6,1,-1,-1,1896,2,9,-1,-1
2014404CA0367,2,9,0,18,0,8,0,0,0,0,1,1,2,1,35,6,1598,1,15,2,1
2014404CA0367,3,21,0,7,0,8,0,0,0,0,3,1,1,1,54,8,11705,2,6,3,1
2014404CA0378,1,9,0,7,0,1,0,0,0,0,1,1,6,1,-1,-1,1995,2,9,-1,-1
2014404CA0378,2,9,0,8,0,1,0,0,0,0,2,1,6,2,27,6,2143,2,1,-1,-1
2014404CA0394,1,9,0,18,0,8,0,0,0,0,1,1,6,1,71,10,1598,1,13,5,1
2014404CA0394,2,9,0,18,0,8,0,0,0,0,1,1,6,2,29,6,1995,2,8,9,3
2014404CA0395,1,9,0,7,0,3,0,0,0,0,1,1,6,1,30,6,1796,1,5,5,1
2014404CA0400,1,9,0,18,0,8,0,0,0,0,1,1,6,3,-1,-1,-1,-1,-1,-1,-1
2014404CA0400,2,9,0,9,0,8,0,0,0,0,4,1,6,2,52,8,1910,2,7,5,1
2014404CA0407,1,9,0,18,0,1,0,0,0,0,1,1,6,1,36,7,2184,2,10,-1,-1
2014404CA0407,2,9,0,4,0,1,0,0,0,0,2,1,6,1,25,5,1686,2,8,-1,-1
2014404CA0411,1,9,0,18,0,0,0,0,0,0,3,1,6,1,31,6,1995,2,10,5,1
2014404CA0412,1,9,0,18,0,8,0,0,0,0,1,1,6,2,41,7,1364,1,6,3,1
2014404CA0412,2,9,0,18,0,8,0,0,1,10,4,1,6,2,66,10,1968,2,5,5,1
2014404CA0416,1,8,0,18,0,1,0,0,0,0,1,1,6,1,38,7,2664,2,13,4,1
2014404CA0416,2,9,0,3,0,1,0,0,0,0,2,1,6,1,49,8,1229,1,8,7,1
2014404CA0416,3,9,0,8,0,1,0,0,0,0,2,1,6,1,78,11,1364,1,8,7,1
2014404CA0418,1,9,0,9,0,8,0,0,3,0,3,1,6,1,24,5,1783,1,13,7,3
2014404CA0418,2,9,0,18,0,8,0,0,0,0,1,1,6,2,27,6,2993,2,2,10,1
2014404CA0419,1,9,0,4,0,0,0,0,0,0,2,1,6,2,34,6,1968,2,4,-1,1
2014404CA0419,2,9,0,18,0,0,0,0,0,0,1,1,6,1,29,6,1686,2,11,2,1
2014404CA0420,1,19,0,18,0,1,1,0,0,0,1,1,1,1,27,6,2143,2,1,3,1
2014404CA0420,2,9,0,3,0,1,0,0,0,0,2,1,2,1,53,8,1396,1,13,10,1
2014404CA0422,1,9,0,18,0,0,0,0,0,0,1,1,1,2,21,5,1368,1,6,8,1
2014404CA0422,2,9,0,4,0,0,0,0,0,0,2,1,1,2,35,6,1686,2,1,1,1
2014404CA0424,1,9,0,9,0,8,0,0,0,0,3,1,6,1,-1,-1,-1,-1,-1,-1,-1
2014404CA0424,2,3,0,18,0,8,0,0,0,0,1,1,6,1,20,4,124,1,12,-1,-1
2014404CA0425,1,9,0,18,0,4,0,0,0,0,3,1,6,2,34,6,1598,1,10,8,1
2014404CA0425,2,3,0,18,0,8,0,0,0,0,4,1,6,1,17,4,124,1,-1,4,1
2014404CA0427,1,9,0,9,0,5,0,0,0,0,1,1,6,1,-1,-1,1598,1,10,6,1
2014404CA0427,2,4,0,18,0,1,0,0,0,0,1,1,6,1,35,6,499,1,19,10,1
2014404CA0428,1,9,0,18,0,0,0,0,0,0,1,1,6,1,-1,-1,-1,-1,-1,10,1
2014404CA0428,2,1,0,18,0,0,0,0,0,0,1,1,6,1,13,3,-1,-1,-1,7,1
2014404CA0430,1,9,0,6,0,8,0,0,0,0,1,1,6,3,-1,-1,-1,-1,-1,-1,-1
2014404CA0430,2,5,0,18,0,1,0,0,0,0,3,1,6,1,35,6,599,1,15,2,1
2014404CA0439,1,9,0,18,0,8,0,0,0,0,1,1,1,2,25,5,1781,1,10,7,1
2014404CA0439,2,21,1,18,0,4,0,0,0,0,3,1,1,1,-1,-1,-1,-1,-1,-1,-1
2014404CA0446,1,8,0,18,0,1,0,0,0,0,1,1,1,1,34,6,1997,2,7,6,1
2014404CA0446,2,9,0,3,0,3,0,0,0,0,2,1,6,2,56,9,1242,1,8,6,1
2014404CA0453,1,9,0,9,0,8,0,0,0,0,1,1,6,1,-1,-1,1598,1,11,-1,-1
2014404CA0453,2,8,0,18,0,8,0,0,0,0,1,1,2,1,42,7,1910,2,5,5,1
2014404CA0455,1,9,0,18,0,0,0,0,0,0,1,1,1,1,47,8,2993,2,-1,-1,-1
2014404CA0455,2,9,0,5,0,0,0,4,0,0,3,1,1,1,52,8,1796,1,6,-1,-1
2014404CA0455,3,9,0,2,0,0,0,0,0,0,3,1,6,3,-1,-1,1461,2,9,-1,-1
2014404CA0456,1,9,0,11,0,0,0,0,0,0,4,1,6,1,24,5,2480,1,4,6,1
2014404CA0456,2,5,0,18,0,0,0,0,0,0,3,1,6,1,35,6,-1,-1,-1,4,1
2014404CA0456,3,9,0,18,0,0,0,0,0,0,2,1,6,2,22,5,1242,1,11,9,1
2014404CA0459,1,9,0,4,0,1,0,0,0,0,1,1,6,3,-1,-1,1598,1,13,-1,-1
2014404CA0459,2,9,0,3,0,1,0,0,0,0,2,1,2,2,30,6,1229,1,8,-1,3
2014404CA0460,1,9,0,18,0,0,0,0,0,0,1,1,6,1,47,8,1598,1,-1,8,3
2014404CA0460,2,9,0,4,0,0,0,0,0,0,2,1,1,1,32,6,1461,2,3,-1,-1
2014404CA0461,1,9,0,9,0,8,0,0,7,2,4,1,6,1,38,7,1390,1,8,9,1
2014404CA0461,2,9,0,18,0,8,0,0,0,0,1,1,6,1,50,8,1598,1,11,4,1
2014404CA0466,1,1,0,18,0,8,0,0,0,0,1,1,6,1,35,6,-1,-1,-1,-1,-1
2014404CA0466,2,9,0,9,0,8,0,0,0,0,3,1,6,2,-1,-1,1499,2,-1,3,1
2014404CA0469,1,9,0,3,0,0,0,0,0,0,2,1,6,1,35,6,1797,8,4,4,1
2014404CA0469,2,9,0,3,0,0,0,0,0,0,2,1,6,2,-1,-1,1199,1,10,7,3
2014404CA0469,3,9,0,18,0,0,0,0,0,0,1,1,6,2,35,6,1995,2,5,7,1
2014404CA0470,1,9,0,18,0,0,0,0,0,0,1,1,6,2,23,5,1199,1,12,8,1
2014404CA0470,2,9,0,4,0,0,0,0,0,0,2,1,6,2,43,7,1968,2,1,2,1
2014404CA0471,1,9,0,18,0,0,0,0,0,0,1,1,6,1,28,6,-1,-1,-1,2,1
2014404CA0471,2,9,0,4,0,0,0,0,0,0,2,1,6,1,27,6,1587,1,7,3,1
2014404CA0471,3,9,0,4,0,0,0,0,0,0,2,1,6,1,41,7,2400,2,5,5,1
2014404CA0471,4,9,0,4,0,0,0,0,0,0,2,1,6,1,37,7,1794,1,12,2,1
2014404CA0476,1,9,0,18,0,0,0,0,0,0,4,1,6,3,-1,-1,-1,-1,-1,-1,-1
2014404CA0478,1,1,0,9,0,8,0,0,0,0,1,1,6,1,53,8,-1,-1,-1,-1,-1
2014404CA0478,2,9,0,9,0,4,0,0,0,0,3,1,6,2,39,7,1796,1,6,4,1
2014404CA0479,1,9,0,18,0,8,0,9,3,0,4,1,6,1,-1,-1,1895,1,14,1,1
2014404CA0479,2,8,0,18,0,8,0,0,0,0,3,1,6,1,35,6,2204,2,10,2,1
2014404CA0493,1,9,0,18,0,8,0,0,0,0,1,1,2,1,44,7,1781,1,11,5,1
2014404CA0493,2,1,0,9,0,8,0,0,0,0,1,1,6,1,14,3,-1,-1,-1,2,1
2014404CA0494,1,9,0,18,0,0,0,0,0,0,3,1,6,1,35,6,-1,-1,-1,3,1
2014404CA0494,2,9,0,13,0,0,0,0,0,0,1,1,6,3,-1,-1,-1,-1,-1,-1,-1
2014404CA0498,1,9,0,18,0,8,0,0,0,0,1,1,6,2,35,6,1399,2,2,6,2
2014404CA0498,2,9,0,18,0,8,0,0,1,10,3,1,6,1,24,5,1399,2,6,8,1
2014404CA0499,1,1,0,18,0,0,0,0,0,0,1,1,6,1,16,4,-1,-1,-1,2,1
2014404CA0499,2,9,0,14,0,0,0,0,0,0,3,1,6,1,25,5,1968,2,2,2,1
2014404CA0501,1,9,0,18,0,8,0,0,0,0,1,1,6,3,-1,-1,1497,1,10,-1,-1
2014404CA0501,2,1,0,18,0,8,0,0,0,0,4,1,6,1,18,4,-1,-1,-1,2,1
2014404CA0504,1,9,0,4,0,1,0,0,0,0,1,1,6,2,38,7,1560,2,-1,9,3
2014404CA0504,2,9,0,3,0,1,0,0,0,0,2,1,6,1,41,7,1598,1,8,4,1
2014404CA0505,1,9,0,18,0,3,0,0,0,0,1,1,2,1,20,4,-1,-1,-1,9,1
2014404CA0505,2,9,0,3,0,3,0,0,0,0,2,1,2,1,38,7,1984,1,2,10,1
2014404CA0506,1,9,0,4,0,1,0,0,0,0,1,1,6,2,47,8,1598,2,1,10,1
2014404CA0506,2,19,0,3,0,1,0,0,0,0,2,1,1,1,44,7,-1,-1,-1,2,1
2014404CA0506,3,9,0,3,0,1,0,0,0,0,2,1,6,2,-1,-1,1229,1,9,6,1
2014404CA0507,1,9,0,18,0,1,0,0,0,0,1,1,6,1,34,6,2494,1,13,4,1
2014404CA0507,2,9,0,6,0,2,0,0,0,0,1,1,6,1,24,5,1364,2,7,4,1
2014404CA0509,1,9,0,18,0,8,0,0,0,0,1,1,6,1,73,10,1796,1,15,5,1
2014404CA0514,1,9,0,5,0,4,0,0,0,0,1,1,6,2,46,8,1968,2,1,7,1
2014404CA0515,1,9,0,5,0,4,0,0,0,0,1,1,2,2,42,7,1984,1,11,7,1
2014404CA0515,2,9,0,9,0,8,0,0,0,0,4,1,6,1,52,8,1796,1,6,7,1
2014404CA0518,1,9,0,7,0,8,0,0,0,0,3,1,6,3,-1,-1,-1,-1,-1,-1,-1
2014404CA0518,2,1,0,18,0,8,0,0,0,0,1,1,6,1,35,6,-1,-1,-1,2,1
2014404CA0521,1,9,0,18,0,8,0,0,0,0,3,1,6,1,-1,-1,1398,2,-1,-1,-1
2014404CA0521,2,1,0,9,0,8,0,0,0,0,4,1,6,1,52,8,-1,-1,-1,4,1
2014404CA0527,1,9,0,18,0,1,0,0,0,0,1,1,1,1,27,6,-1,-1,-1,1,1
2014404CA0527,2,9,0,10,0,8,0,0,0,0,2,1,1,1,60,9,3200,2,9,4,1
2014404CA0528,1,9,0,2,0,2,0,0,0,0,3,1,6,3,-1,-1,2993,2,7,-1,-1
2014404CA0528,2,11,0,18,0,2,0,0,0,0,1,1,1,1,42,7,9000,2,9,5,1
2014404CA0529,1,1,0,9,0,2,0,0,0,0,1,1,4,1,18,4,-1,-1,-1,3,1
2014404CA0529,2,9,0,5,0,1,0,0,0,0,1,1,2,1,32,6,1248,2,7,3,1
2014404CA0538,1,19,0,9,0,8,0,0,0,0,1,1,6,2,40,7,2496,2,16,-1,-1
2014404CA0539,1,9,0,18,0,5,0,0,0,0,1,1,6,1,36,7,1000,1,14,3,1
2014404CA0540,1,9,0,18,0,8,0,0,0,0,1,1,6,1,23,5,-1,-1,-1,5,1
2014404CA0540,2,1,0,18,0,8,0,0,0,0,4,1,2,1,46,8,-1,-1,-1,3,1
2014404CA0543,1,9,0,7,0,6,0,0,0,0,3,1,1,2,39,7,2148,2,8,4,1
2014404CA0543,2,21,0,7,0,6,0,0,0,0,4,1,1,1,58,9,6692,2,6,9,2
2014404CA0545,1,9,0,18,0,1,0,0,0,0,1,1,1,2,36,7,1956,2,-1,8,1
2014404CA0547,1,8,0,18,0,0,0,0,0,0,4,1,6,1,-1,-1,1797,8,4,-1,-1
2014404CA0553,1,9,0,18,0,0,0,0,0,0,3,1,6,3,-1,-1,-1,-1,-1,-1,-1
2014404CA0553,2,9,0,14,0,0,0,0,0,0,3,1,1,2,27,6,1598,1,11,3,1
2014404CA0560,1,9,0,9,0,1,0,0,0,0,3,1,6,1,29,6,1397,1,14,-1,-1
2014404CA0560,2,1,0,13,0,1,0,0,0,0,1,1,6,1,25,5,-1,-1,-1,-1,-1
2014404CA0561,1,9,0,18,0,1,0,0,0,0,1,1,1,1,-1,-1,1796,1,3,4,1
2014404CA0561,2,9,0,3,0,1,0,0,0,0,2,1,1,2,45,7,998,1,10,5,1
2014404CA0564,1,9,0,9,0,8,0,0,0,0,1,1,6,2,41,7,1997,1,10,6,1
2014404CA0564,2,9,0,18,0,8,0,0,0,0,4,1,1,1,43,7,1984,2,8,3,1
2014404CA0565,1,9,0,9,0,8,0,0,0,0,1,1,6,1,-1,-1,-1,-1,-1,-1,-1
2014404CA0565,2,9,0,18,0,8,0,0,0,0,3,1,6,1,35,6,1896,2,18,4,1
2014404CA0566,1,3,0,18,0,1,0,4,0,0,1,1,2,1,23,5,125,1,4,-1,-1
2014404CA0566,2,9,0,2,0,1,0,0,0,0,2,1,6,3,-1,-1,1896,2,11,5,2
2014404CA0566,3,9,0,2,0,1,0,0,0,0,2,1,6,3,-1,-1,1364,1,9,5,1
2014404CA0569,1,9,0,18,0,2,0,0,0,0,4,1,1,2,48,8,1686,2,-1,2,1
2014404CA0569,2,1,0,18,0,6,0,0,0,0,1,1,6,1,7,2,-1,-1,-1,3,1
2014404CA0571,1,9,0,18,0,0,0,0,0,0,3,1,6,2,23,5,998,1,2,4,1
2014404CA0571,2,9,0,6,0,0,0,0,0,0,1,1,6,3,-1,-1,-1,-1,-1,-1,-1
2014404CA0577,1,9,0,18,0,0,0,0,0,0,4,1,6,2,-1,-1,-1,-1,-1,-1,-1
2014404CA0585,1,9,0,1,9,0,0,0,0,0,2,1,6,3,-1,-1,-1,-1,-1,-1,-1
2014404CA0595,1,9,0,7,0,8,0,0,0,0,1,1,6,1,46,8,1910,2,5,2,1
2014404CA0595,2,9,0,18,0,8,0,0,0,0,3,1,6,2,50,8,1595,1,14,1,1
2014404CA0597,1,9,0,18,0,8,0,0,0,0,2,1,6,1,26,6,1124,1,9,9,1
2014404CA0597,2,9,0,18,0,3,0,0,0,0,1,1,2,1,52,8,1490,1,7,9,1
2014404CA0598,1,9,0,7,0,6,0,0,1,0,3,1,6,2,35,6,2171,2,15,5,1
2014404CA0598,2,10,0,18,2,8,0,0,0,0,4,1,1,1,63,9,2874,2,15,-1,-1
2014404CA0599,1,5,0,4,0,0,0,0,0,0,1,1,6,1,56,9,-1,-1,-1,-1,-1
2014404CA0599,2,9,0,4,0,0,0,0,0,0,2,1,6,2,25,5,998,1,8,7,3
2014404CA0600,1,21,1,12,0,0,0,0,0,0,3,1,1,1,55,8,-1,-1,-1,-1,-1
2014404CA0600,2,9,0,18,0,0,0,0,0,0,4,1,6,1,28,6,2000,2,9,9,1
2014404CA0600,3,9,0,18,0,0,1,0,1,7,3,1,6,2,35,6,-1,-1,-1,-1,-1
2014404CA0600,4,9,0,18,0,0,0,0,0,0,4,1,6,2,44,7,2671,1,16,7,1
2014404CA0602,1,9,0,9,0,6,0,0,0,0,1,1,6,2,37,7,2720,2,6,10,2
2014404CA0602,2,9,0,18,0,8,1,0,1,9,4,1,6,1,33,6,1242,1,8,8,1
2014404CA0603,1,9,0,7,0,6,0,0,0,0,1,1,6,1,-1,-1,1968,2,8,-1,-1
2014404CA0603,2,9,0,18,0,2,0,0,0,0,4,1,6,1,22,5,1590,1,12,2,1
2014404CA0604,1,9,0,12,0,8,0,0,0,0,3,1,6,1,20,4,1388,1,10,8,1
2014404CA0604,2,9,0,18,0,8,0,0,0,0,1,1,6,1,25,5,1598,1,2,5,1
2014404CA0606,1,9,0,9,0,8,0,7,0,0,1,1,6,2,57,9,1389,1,8,2,1
2014404CA0615,1,9,0,18,0,1,0,0,0,0,1,1,1,2,28,6,1995,2,3,6,1
2014404CA0616,1,9,0,18,0,8,0,0,0,0,4,1,1,1,-1,-1,-1,-1,-1,3,1
2014404CA0616,2,9,0,18,0,8,0,0,0,0,1,1,6,2,31,6,1590,1,17,3,1
2014404CA0622,1,9,0,4,0,1,0,0,0,0,4,1,6,1,40,7,1994,1,12,2,1
2014404CA0622,2,1,0,18,0,8,0,0,0,0,1,1,2,1,40,7,-1,-1,-1,1,1
2014404CA0623,1,9,0,18,0,1,0,0,0,0,2,1,6,2,44,7,1596,1,8,3,1
2014404CA0623,2,9,0,18,0,1,0,0,0,0,1,1,6,1,20,4,-1,-1,-1,5,1
2014404CA0626,1,9,0,18,0,0,0,0,0,0,0,1,6,1,50,8,1997,2,10,8,1
2014404CA0627,1,9,0,18,0,0,0,0,5,0,1,1,2,1,53,8,1149,1,13,8,3
2014404CA0627,2,21,0,18,0,0,0,0,0,0,3,1,1,1,41,7,12809,2,-1,4,2
2014404CA0634,1,9,0,18,0,8,0,0,0,0,3,1,6,1,-1,-1,2000,2,8,2,1
2014404CA0634,2,3,0,9,0,8,0,0,0,0,3,1,6,2,43,7,124,1,5,6,1
2014404CA0637,1,9,0,4,0,1,0,0,0,0,1,1,6,1,25,5,1910,2,8,-1,-1
2014404CA0637,2,9,0,3,0,1,0,0,0,0,2,1,6,2,19,4,-1,-1,-1,8,1
2014404CA0641,1,19,0,18,0,0,0,0,0,0,1,1,2,1,41,7,1598,2,1,4,1
2014404CA0641,2,3,0,18,0,0,0,0,0,0,2,1,2,2,42,7,124,1,1,10,1
2014404CA0643,1,9,0,9,0,8,0,0,0,0,4,1,6,1,-1,-1,-1,-1,-1,-1,-1
2014404CA0643,2,4,0,18,0,8,0,0,0,0,1,1,6,1,23,5,124,1,12,-1,-1
2014404CA0645,1,9,0,9,0,8,0,0,0,0,4,1,3,1,42,7,2204,2,9,3,1
2014404CA0645,2,9,0,18,0,8,0,0,0,0,1,1,2,2,22,5,998,1,1,10,1
2014404CA0647,1,9,0,18,0,0,0,0,2,7,4,1,2,1,34,6,1997,2,9,-1,-1
2014404CA0648,1,9,0,18,0,2,0,0,0,0,1,1,6,1,-1,-1,1797,8,4,-1,-1
2014404CA0655,1,21,1,12,0,0,0,0,0,0,1,1,1,1,56,9,12900,2,2,3,3
2014404CA0655,2,9,0,18,0,0,0,0,0,0,4,1,6,2,32,6,-1,-1,-1,9,3
2014404CA0655,3,9,0,18,0,0,0,0,0,0,1,1,6,2,32,6,-1,-1,-1,-1,-1
2014404CA0658,1,9,0,18,0,1,0,4,0,0,3,1,1,1,23,5,-1,-1,-1,8,1
2014404CA0658,2,9,0,2,0,1,0,0,0,0,2,1,6,3,-1,-1,2151,2,15,-1,-1
2014404CA0658,3,9,0,2,0,1,0,0,0,0,2,1,6,3,-1,-1,1998,1,16,-1,-1
2014404CA0663,1,9,0,9,0,4,0,0,0,0,3,1,6,2,43,7,999,1,14,2,1
2014404CA0663,2,9,0,18,0,8,0,0,0,0,1,1,6,1,33,6,1595,1,21,3,1
2014404CA0666,1,9,0,18,0,0,0,0,0,0,3,1,6,1,-1,-1,-1,-1,-1,-1,-1
2014404CA0666,2,9,0,18,0,0,0,0,0,0,3,1,6,1,39,7,1598,1,7,1,1
2014404CA0667,1,9,0,9,0,8,0,0,0,0,1,1,6,1,57,9,1560,2,10,3,1
2014404CA0667,2,1,0,18,0,8,0,0,0,0,4,1,6,1,38,7,-1,-1,-1,3,1
2014404CA0669,1,9,0,18,0,0,0,0,0,0,1,1,6,2,37,7,2319,1,12,4,1
2014404CA0669,2,9,0,3,0,0,0,0,0,0,2,1,6,2,40,7,1390,1,12,6,1
2014404CA0669,3,9,0,3,0,0,0,0,0,0,2,1,6,2,21,5,1598,1,12,8,1
2014404CA0671,1,9,0,18,0,8,0,0,0,0,1,1,6,3,-1,-1,-1,-1,-1,-1,-1
2014404CA0672,1,9,0,5,0,0,0,0,0,0,0,1,6,3,-1,-1,-1,-1,-1,-1,-1
2014404CA0672,2,5,0,18,0,0,1,0,0,0,3,1,2,1,52,8,1450,1,9,5,1
2014404CA0675,1,9,0,9,0,6,0,0,0,0,0,1,6,2,-1,-1,1598,1,8,-1,-1
2014404CA0675,2,11,0,18,0,8,0,0,0,0,0,1,1,2,47,8,4250,2,9,8,1
2014404CA0682,1,9,0,15,0,0,1,0,0,0,3,1,6,2,37,7,1686,2,2,3,1
2014404CA0682,2,21,1,18,0,0,0,0,0,0,1,1,1,1,53,8,12882,2,-1,7,1
2014404CA0685,1,9,0,18,0,8,1,0,0,0,1,1,6,1,27,6,1596,1,13,3,1
2014404CA0685,2,9,0,9,0,6,0,0,0,0,3,1,6,1,59,9,1598,1,12,2,1
2014404CA0693,1,9,0,18,0,1,0,0,0,0,1,1,2,2,56,9,796,1,13,3,1
2014404CA0694,1,9,0,5,0,0,0,0,0,0,3,1,2,1,39,7,-1,-1,-1,1,1
2014404CA0694,2,1,0,18,0,0,0,0,0,0,4,1,2,1,45,7,-1,-1,-1,5,1
2014404CA0704,1,9,0,18,0,1,0,0,0,0,1,1,6,1,59,9,-1,-1,-1,8,1
2014404CA0704,2,9,0,4,0,1,0,0,0,0,2,1,6,1,17,4,1390,1,13,4,1
2014404CA0704,3,9,0,4,0,1,0,0,0,0,2,1,6,1,17,4,1598,1,13,3,1
2014404CA0705,1,19,0,18,0,0,1,0,0,0,1,1,2,1,24,5,2198,2,6,3,1
2014404CA0707,1,8,0,5,0,1,0,0,0,0,4,1,1,2,34,6,1910,2,6,2,1
2014404CA0707,2,9,0,18,0,1,0,0,0,0,3,1,6,1,35,6,1598,1,1,1,1
2014404CA0708,1,9,0,4,0,0,0,0,0,0,1,1,6,2,-1,-1,1686,2,8,-1,-1
2014404CA0708,2,9,0,3,0,0,0,0,0,0,2,1,6,2,67,10,1229,1,6,5,1
2014404CA0708,3,9,0,3,0,0,0,0,0,0,2,1,6,1,-1,-1,1783,1,11,7,1
2014404CA0708,4,9,0,3,0,0,0,0,0,0,2,1,6,2,-1,-1,1598,1,11,10,2
2014404CA0710,1,9,0,18,0,8,0,0,0,0,1,1,6,1,25,5,1598,1,6,-1,-1
2014404CA0710,2,9,0,3,0,8,0,0,0,0,2,1,6,2,27,6,1896,2,9,2,1
2014404CA0711,1,9,0,7,0,6,0,0,0,0,1,1,6,2,22,5,1796,1,7,5,1
2014404CA0711,2,9,0,18,0,1,0,0,0,0,1,1,6,1,52,8,1598,1,10,2,1
2014404CA0713,1,19,0,4,0,0,0,0,0,0,1,1,1,1,31,6,2198,2,1,10,2
2014404CA0713,2,9,0,4,0,0,0,0,0,0,2,1,6,1,62,9,2400,2,4,6,1
2014404CA0713,3,19,0,4,0,0,0,0,0,0,2,1,1,1,67,10,2143,2,4,9,1
2014404CA0716,1,9,0,7,0,6,0,0,0,0,1,1,6,1,-1,-1,2987,2,8,-1,-1
2014404CA0716,2,9,0,3,0,1,0,0,0,0,2,1,6,1,56,9,1364,1,9,7,1
2014404CA0726,1,9,0,18,0,0,0,0,0,0,1,1,6,1,-1,-1,1390,1,2,-1,-1
2014404CA0726,2,9,0,4,0,0,0,0,0,0,2,1,6,1,18,4,1422,2,10,2,1
2014404CA0737,1,9,0,18,0,3,0,0,7,0,1,1,6,1,79,11,1796,1,9,2,1
2014404CA0738,1,9,0,4,0,0,0,0,0,0,1,1,6,1,-1,-1,-1,-1,-1,-1,-1
2014404CA0740,1,9,0,18,0,2,0,0,0,0,4,1,2,1,28,6,1686,2,7,4,1
2014404CA0741,1,8,0,18,0,0,0,0,0,0,1,1,1,1,35,6,1910,2,9,3,1
2014404CA0741,2,9,0,18,0,0,0,0,0,0,2,1,6,2,-1,-1,-1,-1,-1,-1,-1