Accident_Index,Vehicle_Reference,Vehicle_Type,Towing_and_Articulation,Vehicle_Manoeuvre,Vehicle_Location-Restricted_Lane,Junction_Location,Skidding_and_Overturning,Hit_Object_in_Carriageway,Vehicle_Leaving_Carriageway,Hit_Object_off_Carriageway,1st_Point_of_Impact,Was_Vehicle_Left_Hand_Drive?,Journey_Purpose_of_Driver,Sex_of_Driver,Age_of_Driver,Age_Band_of_Driver,Engine_Capacity_(CC),Propulsion_Code,Age_of_Vehicle,Driver_IMD_Decile,Driver_Home_Area_Type
2014404CA1159,1,9,0,18,0,0,0,0,0,0,4,1,6,2,-1,-1,1998,1,7,4,1
2014404CA1161,1,9,0,18,0,0,0,0,0,0,1,1,6,1,-1,-1,-1,-1,-1,2,1
2014404CA1161,2,9,0,18,0,0,0,0,0,0,2,1,6,1,31,6,1388,1,9,4,1
2014404CA1163,1,9,0,17,0,1,1,0,0,0,4,1,1,1,28,6,1242,1,-1,2,1
2014404CA1163,2,9,0,16,0,1,0,0,0,0,1,1,1,1,27,6,1797,8,4,5,1
2014404CA1164,1,9,0,18,0,8,0,0,0,0,1,1,6,2,34,6,1198,1,11,6,1
2014404CA1165,1,1,0,18,0,0,0,0,0,0,4,1,6,1,25,5,-1,-1,-1,5,1
2014404CA1165,2,9,0,18,0,0,0,0,0,0,1,1,6,1,51,8,1598,1,10,3,1
2014404CA1166,1,9,0,2,0,0,0,0,0,0,1,1,6,2,50,8,1896,2,5,3,1
2014404CA1166,2,9,0,1,0,0,0,0,0,0,2,1,6,2,-1,-1,1396,1,2,-1,-1
2014404CA1167,1,9,0,16,0,3,1,0,4,0,3,1,6,1,64,9,2148,2,7,8,1
2014404CA1167,2,21,0,11,0,3,0,0,0,0,4,1,6,1,64,9,12777,2,6,5,1
2014404CA1169,1,9,0,14,0,1,0,0,0,0,4,1,6,1,55,8,1199,1,15,2,1
2014404CA1170,1,9,0,14,0,0,0,4,1,10,1,1,6,1,47,8,1796,1,9,6,1
2014404CA1170,2,9,0,2,0,0,0,0,0,0,2,1,6,3,-1,-1,2171,1,10,-1,-1
2014404CA1171,1,9,0,9,0,8,0,0,0,0,3,1,1,2,36,7,2497,2,9,6,1
2014404CA1171,2,3,0,18,0,8,0,0,0,0,1,1,1,1,21,5,125,1,2,3,1
2014404CA1177,1,9,0,4,0,0,0,0,0,0,1,1,6,2,20,4,-1,-1,-1,-1,-1
2014404CA1177,2,8,0,4,0,0,0,0,0,0,2,1,3,1,27,6,1497,8,7,3,1
2014404CA1182,1,8,0,18,0,0,0,0,0,0,1,1,1,1,-1,-1,1910,2,6,-1,-1
2014404CA1182,2,9,0,4,0,0,0,0,0,0,2,1,6,1,-1,-1,-1,-1,-1,-1,-1
2014404CA1183,1,8,0,5,0,0,0,0,0,0,0,1,1,1,-1,-1,1896,2,8,4,1
2014404CA1186,1,9,0,18,0,6,0,0,0,0,1,1,6,2,38,7,1332,1,15,4,1
2014404CA1186,2,9,0,18,0,8,0,0,0,0,3,1,6,1,56,9,1995,1,8,5,1
2014404CA1187,1,19,0,6,0,0,0,0,0,0,3,1,1,1,51,8,1753,2,8,9,2
2014404CA1187,2,3,0,13,0,0,0,0,0,0,1,1,2,1,31,6,125,1,7,3,1
2014404CA1188,1,9,0,17,0,0,0,0,0,0,1,1,6,2,29,6,1599,1,10,10,1
2014404CA1190,1,19,0,7,0,8,0,0,0,0,4,1,1,1,34,6,-1,-1,-1,3,1
2014404CA1191,1,9,0,7,0,8,0,0,0,0,1,1,6,1,30,6,1196,1,19,1,1
2014404CA1191,2,9,0,18,0,8,0,0,0,0,4,1,6,1,-1,-1,2000,2,9,2,1
2014404CA1192,1,9,0,18,0,0,0,4,1,10,1,1,6,1,-1,-1,1598,1,10,-1,-1
2014404CA1192,2,9,0,18,0,0,2,0,1,10,2,1,6,1,66,10,1686,2,1,9,1
2014404CA1192,3,9,0,2,0,0,0,0,0,0,2,1,6,3,-1,-1,1598,1,9,-1,-1
2014404CA1194,1,19,0,16,0,0,0,0,7,0,1,1,2,1,46,8,2198,2,1,7,1
2014404CA1194,2,9,0,17,0,0,1,0,7,0,1,1,2,1,43,7,1596,1,11,-1,3
2014404CA1195,1,11,0,5,0,0,0,0,0,0,0,1,1,1,-1,-1,-1,-1,-1,-1,-1
2014404CA1204,1,9,0,18,0,1,0,0,0,0,1,1,2,1,20,4,1248,2,5,10,2
2014404CA1204,2,9,0,4,0,1,0,0,0,0,2,1,2,2,56,9,1242,1,1,7,1
2014404CA1204,3,9,0,4,0,1,0,0,0,0,2,1,6,1,54,8,-1,-1,-1,10,3
2014404CA1205,1,9,0,9,0,8,0,0,0,0,4,1,6,1,34,6,1388,1,14,-1,-1
2014404CA1205,2,9,0,7,0,8,0,0,0,0,3,1,6,2,23,5,2198,1,9,6,1
2014404CA1206,1,8,0,9,0,8,0,0,0,0,1,1,6,1,50,8,1968,2,3,-1,-1
2014404CA1206,2,9,0,18,0,8,0,0,0,0,3,1,6,2,30,6,1995,2,8,3,1
2014404CA1208,1,9,0,11,0,2,0,0,0,0,1,1,6,1,30,6,1598,1,13,-1,-1
2014404CA1208,2,9,0,3,0,2,0,0,0,0,2,1,6,2,36,7,1896,2,13,4,1
2014404CA1211,1,9,0,18,0,0,0,0,0,0,1,1,6,1,24,5,1242,1,-1,3,1
2014404CA1215,1,9,0,9,0,8,0,0,0,0,3,1,1,1,35,6,1686,2,9,5,1
2014404CA1215,2,9,0,18,0,8,0,0,0,0,3,1,6,2,23,5,1229,1,-1,5,1
2014404CA1218,1,9,0,13,0,0,0,0,0,0,4,1,6,1,-1,-1,3175,1,11,-1,-1
2014404CA1218,2,1,0,14,0,0,0,0,0,0,3,1,6,1,59,9,-1,-1,-1,4,1
2014404CA1219,1,9,0,18,0,0,0,0,0,0,1,1,6,2,-1,-1,-1,-1,-1,-1,-1
2014404CA1219,2,9,0,4,0,0,0,0,0,0,2,1,6,2,35,6,1799,1,5,8,1
2014404CA1222,1,19,0,7,0,8,0,0,0,0,0,1,6,1,52,8,1870,2,9,4,1
2014404CA1222,2,1,0,18,4,8,0,0,0,0,0,1,2,2,52,8,-1,-1,-1,6,1
2014404CA1224,1,9,0,18,0,8,0,0,1,2,1,1,6,1,19,4,3200,1,5,-1,-1
2014404CA1225,1,10,0,18,0,1,0,0,0,0,1,1,2,1,51,8,-1,-1,-1,7,1
2014404CA1226,1,11,0,7,0,8,0,0,0,0,1,1,1,1,-1,-1,4249,2,7,9,2
2014404CA1226,2,9,0,18,0,8,0,0,0,0,4,1,6,2,56,9,998,1,12,2,1
2014404CA1227,1,9,0,1,0,6,0,0,0,0,2,1,6,1,32,6,1686,2,9,2,1
2014404CA1233,1,9,0,3,0,0,0,0,0,0,4,1,1,1,26,6,1242,1,8,7,3
2014404CA1233,2,11,0,3,0,0,0,0,0,0,3,1,1,1,47,8,-1,-1,-1,-1,-1
2014404CA1233,3,5,0,14,0,0,0,0,0,0,1,1,1,1,51,8,645,1,7,6,1
2014404CA1240,1,9,0,9,0,4,0,0,0,0,0,1,6,3,-1,-1,-1,-1,-1,-1,-1
2014404CA1240,2,9,0,18,0,8,0,0,0,0,1,1,6,1,62,9,2300,1,14,6,1
2014404CA1240,3,9,0,18,0,8,0,0,0,0,2,1,6,1,30,6,1796,1,7,4,1
2014404CA1260,1,3,0,14,0,8,0,0,0,0,4,1,1,1,23,5,124,1,4,5,1
2014404CA1260,2,9,0,9,0,8,0,0,0,0,1,1,1,2,56,9,1398,1,1,6,1
2014404CA1264,1,9,0,9,0,8,0,0,0,0,1,1,6,1,-1,-1,-1,-1,-1,-1,-1
2014404CA1264,2,1,0,15,4,8,0,0,0,0,3,1,6,1,16,4,-1,-1,-1,7,1
2014404CA1268,1,9,0,3,0,0,0,0,0,0,2,1,1,1,33,6,1995,2,3,5,1
2014404CA1268,2,9,0,3,0,0,0,0,0,0,2,1,2,1,34,6,1796,1,5,5,1
2014404CA1268,3,19,0,18,0,0,0,0,0,0,1,1,2,1,30,6,2402,2,12,3,1
2014404CA1270,1,9,0,9,0,5,0,0,0,0,1,1,6,1,38,7,1896,2,12,8,1
2014404CA1270,2,1,0,18,0,6,0,0,0,0,3,1,6,1,16,4,-1,-1,-1,8,1
2014404CA1271,1,9,0,9,9,8,0,0,0,0,1,1,6,1,45,7,2000,1,13,5,1
2014404CA1274,1,9,0,9,0,8,0,0,0,0,1,1,6,1,-1,-1,1598,1,-1,3,1
2014404CA1277,1,1,0,18,0,2,0,0,0,0,2,1,6,1,10,2,-1,-1,-1,7,1
2014404CA1277,2,9,0,18,0,1,0,0,0,0,1,1,6,3,-1,-1,-1,-1,-1,-1,-1
2014404CA1282,1,21,4,18,6,0,0,4,0,0,1,1,1,1,-1,-1,-1,-1,-1,-1,-1
2014404CA1282,2,9,0,2,6,0,0,0,0,0,2,1,6,2,35,6,1199,1,11,-1,-1
2014404CA1282,3,9,0,18,0,0,0,0,0,0,4,1,6,1,35,6,1995,2,8,2,1
2014404CA1282,4,9,0,18,0,0,0,0,0,0,1,1,6,1,65,9,-1,-1,-1,-1,-1
2014404CA1285,1,9,0,13,0,1,0,0,0,0,4,1,6,3,-1,-1,1229,1,9,-1,-1
2014404CA1285,2,9,0,16,0,1,0,0,0,0,3,1,6,1,35,6,1242,1,8,8,1
2014404CA1287,1,9,0,7,0,8,0,0,0,0,0,1,6,3,-1,-1,-1,-1,-1,-1,-1
2014404CA1287,2,11,0,18,0,1,0,0,0,0,0,1,1,1,-1,-1,-1,-1,-1,-1,-1
2014404CA1288,1,21,1,11,0,0,0,0,0,0,1,1,1,1,-1,-1,12900,2,4,3,1
2014404CA1288,2,9,0,18,0,0,1,0,0,0,3,1,6,1,30,6,1199,1,12,3,1
2014404CA1290,1,5,0,18,0,0,0,0,0,0,3,1,6,1,46,8,1215,1,-1,9,2
2014404CA1290,2,9,0,13,0,0,0,0,0,0,3,1,6,1,-1,-1,-1,-1,-1,-1,-1
2014404CA1291,1,19,0,1,0,2,0,0,0,0,2,1,6,1,-1,-1,2148,2,6,-1,-1
2014404CA1291,2,9,0,2,0,2,0,0,0,0,1,1,6,2,36,7,1390,1,3,5,1
2014404CA1292,1,9,0,9,0,8,0,0,0,0,1,1,2,2,26,6,1242,1,11,2,1
2014404CA1292,2,9,0,18,0,8,0,0,0,0,1,1,6,2,22,5,1242,1,10,4,1
2014404CA1293,1,5,0,13,0,8,0,0,7,0,1,1,6,1,25,5,800,1,2,4,1
2014404CA1293,2,9,0,9,0,8,0,0,1,3,3,1,1,1,35,6,1794,1,8,2,1
2014404CA1293,3,9,0,18,0,8,0,0,0,0,2,1,6,1,53,8,1998,1,13,5,1
2014404CA1294,1,9,0,18,0,0,0,0,0,0,1,1,6,2,40,7,1461,2,9,4,1
2014404CA1294,2,9,0,4,0,0,0,0,0,0,2,1,6,1,41,7,1988,1,14,5,1
2014404CA1294,3,9,0,4,0,0,0,0,0,0,2,1,6,1,43,7,1598,1,9,4,1
2014404CA1294,4,9,0,13,0,0,0,0,0,0,0,1,1,3,-1,-1,-1,-1,-1,3,1
2014404CA1295,1,9,0,9,0,8,0,0,0,0,1,1,6,2,48,8,1998,1,9,3,1
2014404CA1295,2,2,0,18,0,8,0,0,0,0,1,1,6,1,16,4,49,1,23,2,1
2014404CA1295,3,9,0,7,0,2,0,0,0,0,0,1,6,3,-1,-1,-1,-1,-1,-1,-1
2014404CA1297,1,9,0,13,0,1,0,0,0,0,1,1,2,1,44,7,998,1,6,8,1
2014404CA1297,2,9,0,18,0,2,0,0,0,0,1,1,2,2,18,4,998,1,8,7,1
2014404CA1299,1,1,0,18,0,8,0,0,0,0,1,1,6,2,16,4,-1,-1,-1,5,1
2014404CA1299,2,9,0,10,0,8,0,0,0,0,4,1,6,1,64,9,1392,1,18,2,1
2014404CA1301,1,21,1,12,0,0,0,0,0,0,3,1,1,1,48,8,-1,-1,-1,-1,-1
2014404CA1301,2,9,0,18,0,0,0,0,0,0,4,1,6,1,33,6,1998,1,11,7,1
2014404CA1302,1,9,0,18,0,0,0,0,0,0,1,1,6,2,21,5,1229,1,1,8,1
2014404CA1302,2,9,0,4,0,0,0,0,0,0,2,1,2,1,32,6,1995,2,9,3,1
2014404CA1302,3,9,0,4,0,0,0,0,0,0,2,1,6,1,54,8,1598,1,11,5,1
2014404CA1305,1,9,0,18,0,2,0,0,0,0,1,1,6,3,-1,-1,-1,-1,-1,-1,-1
2014404CA1305,2,1,0,18,0,2,0,0,0,0,3,1,6,1,38,7,-1,-1,-1,-1,-1
2014404CA1306,1,9,0,9,0,8,0,0,0,0,1,1,6,2,52,8,1199,1,12,7,1
2014404CA1307,1,9,0,18,0,1,0,0,0,0,1,1,2,1,65,9,1598,1,15,2,1
2014404CA1307,2,9,0,10,0,1,0,0,0,0,2,1,6,2,23,5,1199,1,12,6,1
2014404CA1308,1,9,0,9,0,8,0,0,0,0,1,1,6,1,27,6,1995,2,12,1,1
2014404CA1309,1,9,0,18,0,0,0,4,0,0,1,1,6,1,34,6,1999,1,10,5,1
2014404CA1309,2,9,0,2,0,0,0,0,1,2,2,1,6,3,-1,-1,1229,1,9,-1,-1
2014404CA1310,1,9,0,9,0,8,0,0,0,0,1,1,6,2,31,6,1242,1,8,9,1
2014404CA1310,2,9,0,18,0,8,0,0,0,0,3,1,6,1,26,6,1900,2,9,9,2
2014404CA1311,1,9,0,7,0,8,0,0,0,0,0,1,6,1,-1,-1,1968,2,5,-1,-1
2014404CA1311,2,11,0,18,0,1,0,0,0,0,0,1,1,1,31,6,-1,2,14,3,1
2014404CA1312,1,10,0,18,2,3,0,0,0,0,1,1,1,1,49,8,2402,2,7,8,1
2014404CA1312,2,9,0,16,2,4,0,0,0,0,3,1,1,1,42,7,-1,-1,-1,-1,-1
2014404CA1314,1,9,0,3,0,0,0,0,0,0,1,1,6,1,19,4,1149,1,12,4,1
2014404CA1314,2,9,0,3,0,0,0,0,0,0,2,1,6,2,35,6,1598,1,4,4,1
2014404CA1317,1,9,0,18,0,0,0,0,0,0,1,1,6,3,-1,-1,-1,-1,-1,-1,-1
2014404CA1317,2,9,0,4,0,0,0,0,0,0,2,1,6,2,29,6,1598,2,-1,5,1
2014404CA1317,3,19,0,4,0,0,0,0,0,0,2,1,6,1,25,5,-1,-1,-1,2,1
2014404CA1318,1,21,1,12,0,8,0,0,0,0,3,1,1,1,43,7,-1,-1,-1,-1,-1
2014404CA1318,2,9,0,18,0,8,0,0,1,7,4,1,6,1,28,6,-1,-1,-1,3,1
2014404CA1327,1,8,0,9,0,8,0,0,0,0,1,1,6,1,40,7,1896,2,6,-1,-1
2014404CA1327,2,1,0,18,0,8,0,0,0,0,4,1,6,1,33,6,-1,-1,-1,2,1
2014404CA1329,1,9,0,18,0,3,0,0,0,0,4,1,6,1,55,8,1956,2,5,4,1
2014404CA1329,2,9,0,9,0,8,0,0,0,0,3,1,6,2,30,6,1796,1,7,8,1
2014404CA1331,1,9,0,9,0,8,0,0,0,0,4,1,2,2,22,5,1242,1,7,10,1
2014404CA1331,2,9,0,18,0,8,0,0,0,0,1,1,2,1,34,6,1998,1,10,4,1
2014404CA1334,1,9,0,18,0,0,5,0,1,10,1,1,6,2,35,6,2688,2,13,4,1
2014404CA1337,1,9,0,13,0,0,1,0,0,0,3,1,2,1,35,6,1970,1,12,-1,-1
2014404CA1337,2,9,0,18,0,0,0,0,0,0,3,1,2,1,44,7,1905,2,16,-1,-1
2014404CA1337,3,9,0,18,0,0,0,0,0,0,0,1,2,1,50,8,1796,1,-1,3,1
2014404CA1342,1,19,0,14,0,0,0,0,0,0,4,1,6,1,-1,-1,2287,2,1,-1,-1
2014404CA1342,2,9,0,2,0,0,0,0,0,0,0,1,6,1,57,9,-1,-1,-1,8,3
2014404CA1344,1,9,0,4,0,1,0,0,0,0,1,1,2,1,38,7,2143,2,3,5,1
2014404CA1344,2,9,0,4,0,4,0,0,0,0,2,1,6,1,36,7,1527,2,13,-1,-1
2014404CA1349,1,9,0,1,0,0,0,0,0,0,2,1,6,2,22,5,-1,-1,-1,-1,-1
2014404CA1349,2,9,0,2,0,0,0,0,0,0,2,1,6,3,-1,-1,1360,1,11,-1,-1
2014404CA1349,3,9,0,2,0,0,0,0,0,0,1,1,6,3,-1,-1,1781,1,12,-1,-1
2014404CA1357,1,11,0,18,0,8,0,0,0,0,1,1,1,1,40,7,3900,2,11,4,1
2014404CA1357,2,9,0,7,0,6,0,0,0,0,3,1,6,1,-1,-1,998,1,15,8,1
2014404CA1357,3,9,0,9,0,8,0,0,0,0,1,1,6,1,33,6,2143,2,1,8,1
2014404CA1358,1,8,0,18,0,8,0,0,0,0,1,1,1,1,45,7,1896,2,7,3,1
2014404CA1358,2,9,0,18,0,8,0,0,0,0,3,1,6,1,20,4,2143,2,2,4,1
2014404CA1365,1,9,0,18,0,0,0,0,0,0,1,1,6,2,21,5,1400,2,7,9,3
2014404CA1365,2,9,0,3,0,0,0,0,0,0,2,1,6,2,35,6,1598,1,13,6,1
2014404CA1367,1,9,0,18,0,2,0,0,0,0,1,1,6,3,-1,-1,-1,-1,-1,-1,-1
2014404CA1370,1,9,0,7,0,8,0,0,0,0,1,1,6,2,30,6,2720,2,7,4,1
2014404CA1370,2,1,0,5,0,8,0,0,0,0,3,1,6,1,47,8,-1,-1,-1,4,1
2014404CA1372,1,21,1,11,0,0,0,0,0,0,1,1,1,3,-1,-1,-1,-1,-1,-1,-1
2014404CA1372,2,9,0,18,0,0,0,0,0,0,3,1,2,2,-1,-1,1329,1,4,4,1
2014404CA1372,3,9,0,18,0,0,0,0,0,0,1,1,6,1,33,6,1242,1,10,1,1
2014404CA1377,1,8,0,5,0,0,0,0,0,0,1,1,1,1,-1,-1,1896,2,8,4,1
2014404CA1382,1,9,0,9,0,3,0,0,0,0,1,1,6,1,19,4,1229,1,9,-1,-1
2014404CA1382,2,9,0,18,0,2,0,0,0,0,2,1,6,1,27,6,1686,2,7,2,1
2014404CA1384,1,9,0,16,0,0,0,0,4,6,1,1,6,2,23,5,998,1,8,2,1
2014404CA1387,1,19,0,9,0,6,0,0,0,0,1,1,1,1,44,7,2143,2,2,10,3
2014404CA1387,2,9,0,17,0,8,0,0,0,0,1,1,6,1,42,7,1598,1,8,-1,-1
2014404CA1388,1,9,0,4,0,0,0,0,0,0,1,1,6,2,29,6,1988,1,10,7,2
2014404CA1388,2,9,0,3,0,0,0,0,0,0,2,1,6,1,35,6,1796,1,12,6,1
2014404CA1390,1,21,0,18,0,0,0,0,0,0,1,1,1,1,-1,-1,11946,2,3,-1,-1
2014404CA1390,2,21,0,18,0,0,0,0,0,0,2,1,1,1,-1,-1,-1,-1,-1,-1,-1
2014404CA1390,3,9,0,11,0,0,0,0,0,0,0,1,1,1,45,7,1364,2,2,7,1
2014404CA1391,1,9,0,16,0,8,1,9,3,10,1,1,6,1,25,5,1995,2,10,2,1
2014404CA1392,1,8,0,18,0,8,1,0,0,0,1,1,1,1,36,7,-1,-1,-1,4,1
2014404CA1396,1,9,0,18,0,2,0,0,0,0,1,1,6,1,-1,-1,-1,-1,-1,-1,-1
2014404CA1397,1,9,0,16,0,2,0,0,0,0,3,1,6,3,-1,-1,1461,2,-1,-1,-1
2014404CA1397,2,9,0,2,0,2,0,0,0,0,4,1,6,3,-1,-1,1997,2,5,-1,-1
2014404CA1398,1,9,0,4,0,1,0,0,0,0,1,1,6,2,-1,-1,-1,-1,-1,4,1
2014404CA1398,2,9,0,3,0,1,0,0,0,0,2,1,6,1,31,6,1360,1,9,4,1
2014404CA1404,1,9,0,18,0,2,0,0,0,0,0,1,1,1,-1,-1,2400,2,-1,3,1
2014404CA1404,2,3,0,18,0,2,0,0,1,10,3,1,6,1,17,4,125,1,3,4,1
2014404CA1406,1,9,0,1,0,6,0,0,0,0,4,1,3,2,30,6,1796,1,11,3,1
2014404CA1406,2,9,0,4,0,2,0,0,0,0,1,1,6,1,-1,-1,1995,1,7,2,1
2014404CA1407,1,9,0,5,0,8,0,0,0,0,4,1,6,2,19,4,1242,1,7,4,1
2014404CA1407,2,21,1,5,0,4,0,0,0,0,3,1,1,1,51,8,-1,-1,-1,-1,-1
2014404CA1408,1,9,0,18,0,0,0,0,0,0,1,1,6,3,-1,-1,-1,-1,-1,-1,-1
2014404CA1411,1,9,0,9,0,6,0,0,0,0,1,1,6,2,-1,-1,973,1,13,-1,-1
2014404CA1411,2,9,0,18,0,8,0,0,0,0,4,1,2,2,35,6,1389,1,11,3,1
2014404CA1415,1,19,0,9,9,5,0,0,1,0,1,1,6,1,45,7,-1,-1,-1,-1,-1
2014404CA1415,2,9,0,18,0,1,0,0,0,0,1,1,6,1,44,7,4000,1,8,8,1
2014404CA1423,1,9,0,9,0,8,0,0,0,0,1,1,2,2,38,7,1995,2,10,2,1
2014404CA1423,2,3,0,10,0,1,0,0,0,0,4,1,2,2,51,8,125,1,11,2,1
2014404CA1424,1,9,0,3,0,0,0,0,0,0,2,1,1,1,35,6,-1,-1,-1,1,1
2014404CA1424,2,9,0,4,0,0,0,0,0,0,1,1,6,1,-1,-1,1598,1,8,5,1
2014404CA1425,1,9,0,18,0,0,0,0,0,0,1,1,6,1,22,5,1999,1,8,3,1
2014404CA1425,2,9,0,3,0,0,0,0,0,0,2,1,6,2,30,6,1360,1,7,8,1
2014404CA1425,3,9,0,3,0,0,0,0,0,0,2,1,6,1,36,7,1686,2,4,4,1
2014404CA1429,1,9,0,5,0,0,0,0,0,0,1,1,1,2,62,9,998,1,12,5,1
2014404CA1430,1,9,0,18,0,4,0,0,0,0,4,1,6,1,82,11,2148,2,5,9,1
2014404CA1430,2,1,0,18,0,4,0,0,0,0,3,1,6,1,50,8,-1,-1,-1,-1,-1
2014404CA1431,1,9,0,18,0,8,0,0,0,0,1,1,6,1,36,7,1796,1,10,6,1
2014404CA1431,2,9,0,18,0,8,0,0,0,0,3,1,6,1,33,6,1598,2,-1,6,1
2014404CA1435,1,9,0,18,0,0,0,0,8,0,3,1,1,1,45,7,1348,1,13,2,1
2014404CA1435,2,9,0,2,0,0,0,0,0,0,1,1,6,3,-1,-1,1796,1,12,-1,-1
2014404CA1435,3,9,0,18,0,0,0,0,0,0,3,1,6,1,53,8,1598,1,7,5,1
2014404CA1437,1,9,0,18,0,0,0,0,0,0,4,1,6,1,79,11,1364,1,-1,6,1
2014404CA1437,2,9,0,2,0,0,0,0,0,0,3,1,6,3,-1,-1,2148,2,8,-1,-1
2014404CA1438,1,19,0,9,0,8,0,0,0,0,4,1,2,1,60,9,1998,2,9,2,1
2014404CA1438,2,9,0,18,0,8,0,0,0,0,1,1,2,1,27,6,1295,1,19,5,1
2014404CA1447,1,9,0,11,0,1,0,0,0,0,1,1,6,1,40,7,1364,1,9,-1,-1
2014404CA1447,2,9,0,3,0,1,0,0,0,0,3,1,6,1,25,5,1686,2,13,4,1
2014404CA1450,1,9,0,14,0,0,0,0,0,0,1,1,6,1,72,10,996,1,4,9,1
2014404CA1450,2,9,0,2,0,0,0,0,0,0,0,1,6,2,49,8,1896,2,12,3,1
2014404CA1452,1,9,0,7,0,6,0,0,0,0,1,1,6,2,75,10,1596,1,1,2,1
2014404CA1452,2,9,0,18,0,8,0,0,0,0,1,1,3,2,31,6,1600,1,15,4,1
2014404CA1454,1,9,0,18,0,2,0,0,0,0,1,1,6,1,-1,-1,1598,1,3,-1,-1
2014404CA1456,1,9,0,1,0,0,0,0,0,0,2,1,6,1,27,6,-1,-1,-1,1,1
2014404CA1457,1,21,0,18,0,4,0,0,0,0,1,1,1,1,35,6,-1,-1,-1,3,1
2014404CA1457,2,9,0,9,0,8,0,0,0,0,4,1,6,1,24,5,1229,1,6,3,1
2014404CA1459,1,9,0,18,0,1,0,0,0,0,1,1,6,1,-1,-1,1997,2,3,-1,-1
2014404CA1459,2,9,0,3,0,1,0,0,0,0,2,1,6,2,25,5,1390,1,14,8,1
2014404CA1462,1,9,0,14,0,8,5,4,0,0,1,1,6,1,32,6,1598,1,8,5,1
2014404CA1462,2,9,0,2,0,8,0,0,0,0,2,1,6,3,-1,-1,973,1,11,-1,-1
2014404CA1463,1,9,0,1,0,8,0,0,0,0,0,1,6,3,-1,-1,1397,1,6,-1,-1
2014404CA1463,2,90,0,18,0,8,2,0,0,0,0,1,6,1,55,8,499,1,1,-1,-1
2014404CA1470,1,9,0,18,0,8,0,0,0,0,3,1,2,1,37,7,1995,2,10,3,1
2014404CA1470,2,9,0,13,0,8,0,0,0,0,4,1,6,1,48,8,2720,2,7,9,1
2014404CA1471,1,9,0,5,0,4,0,0,0,0,1,1,1,1,-1,-1,1598,1,8,8,1
2014404CA1473,1,9,0,2,0,0,0,0,0,0,0,1,6,1,-1,-1,-1,-1,-1,-1,-1
2014404CA1473,2,3,0,14,0,0,0,0,0,0,0,1,6,1,49,8,124,1,8,1,1
2014404CA1475,1,9,0,4,0,2,0,0,0,0,1,1,6,1,-1,-1,-1,-1,-1,-1,-1
2014404CA1475,2,9,0,3,0,2,0,0,0,0,2,1,6,2,38,7,1995,2,11,5,1
2014404CA1485,1,9,0,18,0,2,0,0,0,0,1,1,6,3,-1,-1,1781,1,14,-1,-1
2014404CA1485,2,9,0,2,0,2,0,0,0,0,2,1,6,2,30,6,1389,1,8,5,1
2014404CA1487,1,9,0,4,0,0,0,0,0,0,1,1,6,2,40,7,1299,1,14,4,1
2014404CA1487,2,9,0,4,0,0,0,0,0,0,2,1,6,1,50,8,1596,1,11,5,1
2014404CA1490,1,9,0,18,0,8,0,0,0,0,1,1,6,2,62,9,1242,1,14,6,1
2014404CA1490,2,9,0,18,0,8,0,0,0,0,4,1,6,2,33,6,1596,1,4,2,1
2014404CA1493,1,9,0,18,0,0,0,0,0,0,1,1,6,2,50,8,-1,-1,-1,9,1
2014404CA1493,2,9,0,3,0,0,0,0,0,0,2,1,6,1,27,6,1995,2,2,3,1
2014404CA1494,1,19,0,18,0,3,0,0,0,0,1,1,1,1,47,8,1598,2,-1,-1,-1
2014404CA1495,1,9,0,4,0,1,0,0,0,0,3,1,6,1,45,7,1910,2,5,3,1
2014404CA1497,1,9,0,18,0,2,0,0,0,0,1,1,6,1,60,9,1796,7,11,-1,-1
2014404CA1501,1,9,0,7,0,6,0,0,0,0,2,1,1,1,52,8,1586,1,8,5,1
2014404CA1501,2,9,0,7,0,6,0,0,0,0,1,1,6,1,20,4,1560,2,9,2,1
2014404CA1502,1,9,0,9,0,5,0,0,0,0,1,1,6,2,-1,-1,-1,-1,-1,-1,-1
2014404CA1508,1,5,0,18,0,0,1,7,0,0,1,1,6,1,50,8,800,1,15,5,1
2014404CA1520,1,11,0,2,0,0,0,0,0,0,4,1,1,1,37,7,-1,-1,-1,3,1
2014404CA1521,1,9,0,18,0,0,0,0,0,0,1,1,6,1,44,7,1596,1,10,6,1
2014404CA1521,2,8,0,18,0,0,0,0,0,0,1,1,1,1,46,8,1910,2,7,3,1
2014404CA1521,3,9,0,2,0,0,0,0,0,0,3,1,6,3,-1,-1,1461,2,12,-1,-1
2014404CA1521,4,9,0,2,0,0,0,0,0,0,3,1,6,3,-1,-1,1149,1,13,-1,-1
2014404CA1524,1,9,0,18,0,0,0,0,0,0,1,1,6,1,-1,-1,1360,1,16,-1,-1
2014404CA1524,2,9,0,18,0,0,0,0,0,0,2,1,6,2,36,7,-1,-1,-1,2,1
2014404CA1527,1,5,0,18,0,1,1,0,0,0,1,1,6,1,25,5,599,1,5,8,1
2014404CA1527,2,9,0,3,0,1,0,0,0,0,2,1,6,1,47,8,-1,-1,-1,4,1
2014404CA1527,3,9,0,3,0,1,0,0,0,0,4,1,6,2,47,8,1598,1,1,8,1
2014404CA1527,4,9,0,8,0,1,0,0,0,0,3,1,6,1,69,10,1329,1,1,5,1
2014404CA1527,5,9,0,8,0,1,0,0,0,0,3,1,6,1,28,6,1988,1,11,1,1
2014404CA1533,1,9,0,6,0,0,0,0,0,0,1,1,6,3,-1,-1,-1,-1,-1,-1,-1
2014404CA1533,2,11,0,14,0,0,0,0,0,0,1,1,1,1,60,9,5880,2,7,4,1
2014404CA1539,1,9,0,9,0,6,0,0,0,0,3,1,6,2,42,7,1896,2,13,4,1
2014404CA1539,2,3,0,18,0,8,1,0,0,0,1,1,2,1,20,4,124,1,12,5,1
2014404CA1540,1,9,0,18,0,8,0,0,7,1,3,1,2,1,32,6,1910,2,6,3,1
2014404CA1540,2,9,0,18,0,8,0,0,0,0,4,1,6,1,30,6,1986,2,6,1,1
2014404CA1540,3,9,0,18,0,1,0,0,0,0,1,1,6,1,40,7,1896,2,9,3,1
2014404CA1541,1,9,0,18,0,0,0,0,0,0,1,1,6,1,-1,-1,-1,-1,-1,-1,-1
2014404CA1545,1,9,0,9,0,4,0,0,0,0,1,1,6,1,65,9,2685,2,9,6,1