Accident_Index,Vehicle_Reference,Vehicle_Type,Towing_and_Articulation,Vehicle_Manoeuvre,Vehicle_Location-Restricted_Lane,Junction_Location,Skidding_and_Overturning,Hit_Object_in_Carriageway,Vehicle_Leaving_Carriageway,Hit_Object_off_Carriageway,1st_Point_of_Impact,Was_Vehicle_Left_Hand_Drive?,Journey_Purpose_of_Driver,Sex_of_Driver,Age_of_Driver,Age_Band_of_Driver,Engine_Capacity_(CC),Propulsion_Code,Age_of_Vehicle,Driver_IMD_Decile,Driver_Home_Area_Type
2014404DA0311,1,19,0,4,0,0,0,0,0,0,1,1,6,1,32,6,-1,-1,-1,3,1
2014404DA0311,2,9,0,4,0,0,0,0,0,0,2,1,6,2,45,7,1997,1,2,6,2
2014404DA0311,3,9,0,4,0,0,0,0,0,0,2,1,6,1,22,5,1995,2,1,8,1
2014404DA0311,4,9,0,4,0,0,0,0,0,0,1,1,6,1,42,7,1896,2,9,1,1
2014404DA0314,1,9,0,11,0,0,0,0,2,7,1,1,6,1,35,6,1199,1,12,8,1
2014404DA0314,2,9,0,18,0,0,0,0,0,0,3,1,6,2,-1,-1,1598,2,2,4,1
2014404DA0317,1,9,0,9,0,8,0,0,0,0,3,1,6,1,-1,-1,1997,2,12,-1,-1
2014404DA0317,2,1,0,18,0,8,0,0,0,0,1,1,6,1,32,6,-1,-1,-1,-1,2
2014404DA0319,1,9,0,9,0,8,0,0,0,0,1,1,6,1,22,5,1242,1,13,8,1
2014404DA0319,2,9,0,18,0,8,5,0,0,0,3,1,6,2,53,8,1328,1,7,7,3
2014404DA0323,1,3,0,18,0,1,0,0,1,0,1,1,6,1,67,10,124,1,3,8,1
2014404DA0327,1,9,0,18,0,0,0,0,0,0,1,1,6,3,-1,-1,-1,-1,-1,-1,-1
2014404DA0333,1,9,0,9,0,8,0,0,0,0,3,1,1,1,53,8,1560,2,-1,-1,-1
2014404DA0333,2,9,0,18,0,8,0,0,0,0,1,1,6,2,72,10,996,1,3,5,1
2014404DA0333,3,9,0,10,0,1,0,0,0,0,1,1,6,1,58,9,-1,-1,-1,9,2
2014404DA0334,1,9,0,17,0,0,1,0,7,4,1,1,2,1,21,5,1598,1,19,8,1
2014404DA0338,1,9,0,18,0,0,0,0,0,0,1,1,6,1,35,6,1598,2,2,3,1
2014404DA0338,2,9,0,18,0,0,0,0,0,0,1,1,6,2,37,7,1796,1,2,4,2
2014404DA0338,3,9,0,4,0,0,0,0,0,0,2,1,6,1,39,7,1968,2,2,6,1
2014404DA0341,1,9,0,16,0,0,1,0,7,1,1,1,1,1,30,6,-1,-1,-1,10,2
2014404DA0342,1,3,0,18,0,0,0,0,0,0,1,1,6,1,18,4,124,1,6,3,1
2014404DA0342,2,9,0,18,0,0,0,0,0,0,1,1,6,1,61,9,1598,1,16,2,1
2014404DA0343,1,9,0,18,0,0,0,0,0,0,1,1,6,2,51,8,1992,2,8,10,1
2014404DA0344,1,9,0,18,0,0,2,0,1,10,1,1,6,1,19,4,1598,1,10,2,1
2014404DA0349,1,9,0,9,0,8,0,0,0,0,1,1,6,3,-1,-1,1199,1,13,-1,-1
2014404DA0349,2,2,0,18,0,8,0,0,0,0,4,1,6,1,20,4,49,1,1,8,1
2014404DA0354,1,9,0,18,0,0,0,0,0,0,1,1,6,2,36,7,1560,2,1,10,1
2014404DA0354,2,9,0,18,0,0,0,0,0,0,2,1,6,1,-1,-1,1598,1,8,3,1
2014404DA0354,3,9,0,18,0,0,0,0,0,0,1,1,6,1,52,8,1796,1,12,4,1
2014404DA0356,1,9,0,4,0,8,0,0,0,0,2,1,6,2,63,9,1298,1,4,9,1
2014404DA0356,2,2,0,18,0,8,0,0,0,0,1,1,6,1,26,6,49,1,4,2,1
2014404DA0366,1,9,0,7,0,6,0,0,0,0,3,1,6,1,54,8,2987,2,5,8,1
2014404DA0366,2,5,0,18,0,8,0,0,0,0,1,1,1,1,30,6,599,1,9,4,1
2014404DA0367,1,9,0,18,0,8,1,0,0,0,1,1,6,1,32,6,2000,1,9,10,1
2014404DA0367,2,9,0,9,0,8,0,0,0,0,4,1,6,2,67,10,-1,-1,-1,8,1
2014404DA0369,1,9,0,17,0,8,1,0,1,10,1,1,2,1,24,5,1997,2,13,4,1
2014404DA0371,1,9,0,18,0,0,1,0,0,0,1,1,6,1,18,4,1360,1,14,2,1
2014404DA0371,2,9,0,4,0,0,0,0,0,0,2,1,6,1,38,7,2993,2,1,10,3
2014404DA0372,1,9,0,7,0,6,0,0,0,0,1,1,6,1,25,5,1956,2,-1,-1,-1
2014404DA0373,1,9,0,17,0,0,5,0,1,10,1,1,6,1,35,6,-1,-1,-1,5,1
2014404DA0374,1,21,4,12,0,0,0,0,0,0,3,1,1,1,45,7,12777,2,6,6,1
2014404DA0374,2,9,0,18,0,0,1,0,2,7,4,1,6,1,35,6,1497,8,6,1,1
2014404DA0377,1,9,0,18,0,0,0,0,0,0,1,1,6,2,33,6,1598,1,10,1,1
2014404DA0377,2,9,0,18,0,0,0,0,0,0,2,1,6,1,27,6,1299,1,14,6,1
2014404DA0377,3,9,0,2,0,0,0,0,0,0,0,1,6,2,44,7,-1,-1,-1,5,1
2014404DA0384,1,9,0,18,0,8,0,0,0,0,1,1,6,2,-1,-1,1598,1,1,8,2
2014404DA0384,2,9,0,9,0,8,1,0,0,0,4,1,6,2,52,8,1248,1,3,9,1
2014404DA0386,1,9,0,9,0,8,0,0,0,0,1,1,1,2,22,5,-1,-1,-1,10,1
2014404DA0386,2,11,0,18,0,1,0,0,0,0,1,1,1,1,37,7,-1,-1,-1,4,1
2014404DA0388,1,9,0,9,0,8,0,0,0,0,3,1,6,2,38,7,1560,2,3,8,1
2014404DA0388,2,5,0,13,0,8,0,0,7,10,1,1,6,1,61,9,998,1,7,5,1
2014404DA0391,1,9,0,9,0,6,0,0,0,0,1,1,6,1,75,10,1598,1,15,4,1
2014404DA0391,2,3,0,14,0,8,0,0,0,0,4,1,6,1,17,4,124,1,4,-1,-1
2014404DA0393,1,9,0,18,0,8,0,0,0,0,1,1,6,1,23,5,1998,1,8,-1,-1
2014404DA0393,2,9,0,9,0,8,0,0,0,0,3,1,6,1,35,6,1558,1,-1,10,2
2014404DA0401,1,9,0,4,0,8,0,0,0,0,2,1,6,2,19,4,998,1,8,10,1
2014404DA0401,2,9,0,18,0,8,0,0,0,0,1,1,6,1,22,5,1299,1,13,9,2
2014404DA0402,1,19,0,5,0,8,0,0,0,0,4,1,1,1,50,8,-1,-1,-1,9,3
2014404DA0402,2,1,0,5,0,8,0,0,0,0,3,1,6,2,35,6,-1,-1,-1,-1,-1
2014404DA0406,1,3,0,18,0,1,0,7,1,0,1,1,6,2,29,6,108,1,6,10,1
2014404DA0407,1,2,0,18,0,2,1,0,0,0,3,1,6,1,26,6,49,1,3,2,1
2014404DA0407,2,10,0,6,0,1,0,0,0,0,4,1,6,1,28,6,-1,-1,-1,4,1
2014404DA0411,1,1,0,18,0,0,0,0,0,0,1,1,6,1,16,4,-1,-1,-1,10,1
2014404DA0411,2,9,0,4,0,0,0,0,0,0,2,1,6,2,30,6,1364,1,6,7,1
2014404DA0417,1,9,0,18,0,0,0,0,0,0,1,1,6,2,30,6,1461,2,10,6,1
2014404DA0417,2,9,0,4,0,0,0,0,0,0,2,1,6,1,27,6,1796,1,10,1,1
2014404DA0418,1,9,0,18,0,0,1,0,8,6,3,1,6,1,32,6,1794,1,11,3,1
2014404DA0420,1,20,0,7,0,8,0,0,0,0,1,1,6,1,-1,-1,-1,-1,-1,-1,-1
2014404DA0422,1,9,0,18,0,1,0,0,0,0,1,1,6,2,42,7,998,1,1,10,1
2014404DA0422,2,9,0,3,0,1,0,0,0,0,2,1,6,1,60,9,1596,1,8,10,1
2014404DA0423,1,9,0,18,0,4,0,0,0,0,3,1,6,2,31,6,1998,1,2,10,2
2014404DA0423,2,1,0,18,0,8,0,0,0,0,1,1,6,2,45,7,-1,-1,-1,-1,-1
2014404DA0427,1,9,0,18,0,1,0,0,0,0,1,1,6,1,-1,-1,973,1,11,-1,-1
2014404DA0427,2,9,0,4,0,1,0,0,0,0,2,1,6,1,36,7,1995,2,10,3,1
2014404DA0428,1,9,0,18,0,0,0,0,2,4,1,1,6,1,20,4,1461,2,12,7,3
2014404DA0434,1,9,0,3,0,0,0,0,0,0,2,1,6,1,58,9,2993,2,4,10,1
2014404DA0434,2,19,0,3,0,0,0,0,0,0,2,1,6,1,36,7,2198,2,4,-1,-1
2014404DA0434,3,9,0,4,0,0,0,0,0,0,1,1,6,2,34,6,-1,-1,-1,10,2
2014404DA0435,1,9,0,18,0,0,0,0,0,0,1,1,6,2,23,5,1685,2,-1,-1,-1
2014404DA0435,2,9,0,4,0,0,0,0,0,0,2,1,6,2,46,8,998,1,2,8,1
2014404DA0435,3,9,0,4,0,0,0,0,0,0,0,1,6,2,17,4,1299,1,9,9,2
2014404DA0436,1,9,0,7,0,1,0,0,0,0,2,1,6,2,34,6,1749,1,12,7,2
2014404DA0436,2,19,0,18,0,1,0,0,0,0,1,1,1,1,53,8,-1,-1,-1,6,1
2014404DA0438,1,9,0,9,0,8,0,0,0,0,1,1,6,2,40,7,1397,1,10,9,1
2014404DA0438,2,1,0,18,0,8,0,0,0,0,1,1,2,1,49,8,-1,-1,-1,9,1
2014404DA0440,1,9,0,18,0,2,0,4,0,0,1,1,6,1,17,4,1299,1,8,9,2
2014404DA0440,2,19,0,2,0,2,0,0,0,0,4,1,6,3,-1,-1,2496,2,15,-1,-1
2014404DA0446,1,9,0,9,0,8,0,0,0,0,1,1,2,2,33,6,1390,1,11,10,1
2014404DA0446,2,9,0,18,0,8,0,0,0,0,4,1,2,2,57,9,1390,1,7,10,1
2014404DA0446,3,9,0,7,0,1,0,0,0,0,1,1,2,1,48,8,1984,1,3,9,3
2014404DA0450,1,9,0,17,0,0,0,0,1,0,1,1,6,1,44,7,1896,2,9,8,3
2014404DA0454,1,9,0,7,0,4,0,0,0,0,4,1,2,2,28,6,1398,2,12,5,1
2014404DA0454,2,1,0,18,0,4,0,0,0,0,1,1,6,1,35,6,-1,-1,-1,-1,3
2014404DA0456,1,9,0,18,0,4,0,0,0,0,1,1,6,1,-1,-1,-1,-1,-1,-1,-1
2014404DA0456,2,5,0,18,0,8,1,0,0,0,1,1,6,1,27,6,998,1,7,-1,1
2014404DA0457,1,9,0,18,0,1,0,7,1,9,3,1,2,1,50,8,1984,1,18,8,2
2014404DA0458,1,9,0,18,0,8,0,0,1,0,1,1,6,2,25,5,1199,1,13,-1,-1
2014404DA0458,2,9,0,9,0,8,0,0,0,0,1,1,6,2,29,6,1587,1,9,10,1
2014404DA0459,1,9,0,18,0,1,1,0,0,0,1,1,6,2,30,6,1560,2,-1,9,3
2014404DA0459,2,3,0,7,0,1,0,0,0,0,2,1,6,1,53,8,124,1,3,7,1
2014404DA0460,1,19,0,9,0,5,0,0,0,0,1,1,6,1,35,6,-1,-1,-1,6,1
2014404DA0460,2,9,0,18,0,8,1,0,7,0,3,1,1,1,45,7,2967,2,3,-1,-1
2014404DA0460,3,9,0,18,0,8,1,0,1,9,1,1,6,1,43,7,-1,-1,-1,2,1
2014404DA0460,4,9,0,18,0,8,1,0,0,0,1,1,6,1,35,6,996,1,4,10,1
2014404DA0464,1,5,0,18,0,1,1,0,3,9,1,1,6,1,36,7,1298,1,12,9,1
2014404DA0465,1,9,0,18,0,0,0,0,7,4,1,1,6,1,28,6,1299,1,11,5,1
2014404DA0466,1,9,0,18,8,8,0,0,0,0,4,1,6,1,45,7,1398,1,2,6,1
2014404DA0466,2,9,0,18,0,8,0,0,0,0,1,1,6,1,52,8,1339,1,6,8,2
2014404DA0467,1,9,0,4,0,0,0,0,0,0,1,1,6,1,-1,-1,-1,-1,-1,10,1
2014404DA0467,2,9,0,4,0,0,0,0,0,0,2,1,1,2,60,9,1598,2,2,1,1
2014404DA0467,3,9,0,4,0,0,0,0,0,0,2,1,6,1,24,5,2000,2,3,-1,-1
2014404DA0472,1,21,1,9,0,8,0,0,0,0,1,1,1,1,39,7,-1,-1,-1,-1,-1
2014404DA0472,2,9,0,18,0,3,5,0,0,0,2,1,1,1,25,5,2495,2,12,5,3
2014404DA0475,1,9,0,4,0,1,0,0,0,0,1,1,6,2,-1,-1,-1,-1,-1,-1,-1
2014404DA0475,2,9,0,4,0,1,0,0,0,0,4,1,6,1,27,6,1997,2,15,10,1
2014404DA0476,1,9,0,9,6,6,0,0,0,0,3,1,1,1,29,6,1998,2,7,3,1
2014404DA0476,2,9,0,17,0,1,0,0,0,0,3,1,6,2,44,7,1598,1,13,10,1
2014404DA0477,1,9,0,4,0,8,0,0,0,0,1,1,2,1,53,8,-1,-1,-1,-1,1
2014404DA0477,2,9,0,4,0,8,0,0,0,0,2,1,2,1,44,7,1596,1,2,3,1
2014404DA0477,3,9,0,4,0,8,0,0,0,0,1,1,2,2,-1,-1,1397,1,6,7,1
2014404DA0478,1,5,0,18,0,0,0,0,0,0,4,1,6,2,26,6,645,1,7,-1,1
2014404DA0479,1,9,0,13,0,0,0,0,0,0,0,1,6,3,-1,-1,-1,-1,-1,-1,-1
2014404DA0479,2,1,0,18,0,0,0,0,1,0,0,1,6,1,52,8,-1,-1,-1,5,3
2014404DA0481,1,19,0,18,0,1,0,0,0,0,1,1,1,1,51,8,2143,2,1,7,1
2014404DA0481,2,8,0,9,0,8,0,0,0,0,2,1,3,1,39,7,-1,-1,-1,2,1
2014404DA0486,1,9,0,17,0,2,0,0,1,2,1,1,6,2,26,6,1796,1,6,4,1
2014404DA0487,1,9,0,9,0,8,0,0,0,0,3,1,6,1,22,5,1895,1,13,6,1
2014404DA0487,2,9,0,9,0,8,0,0,0,0,2,1,1,1,56,9,2179,2,1,8,3
2014404DA0487,3,9,0,9,0,8,0,0,0,0,0,1,6,1,-1,-1,-1,-1,-1,-1,-1
2014404DA0489,1,9,0,16,0,1,5,0,7,10,1,1,6,2,19,4,1124,1,13,10,1
2014404DA0492,1,21,1,12,0,0,0,0,0,0,1,1,1,1,45,7,-1,-1,-1,-1,-1
2014404DA0492,2,9,0,18,0,0,0,0,0,0,4,1,6,2,51,8,973,1,14,2,1
2014404DA0497,1,19,0,18,0,1,0,0,0,0,1,1,1,1,21,5,2402,2,7,6,1
2014404DA0497,2,8,0,3,0,1,0,0,0,0,2,1,1,1,32,6,2664,2,13,3,1
2014404DA0497,3,9,0,10,0,1,0,0,0,0,2,1,6,1,44,7,1997,2,7,7,1
2014404DA0498,1,9,0,18,0,6,0,0,0,0,4,1,6,1,71,10,1796,1,11,9,1
2014404DA0498,2,3,0,18,0,8,0,0,0,0,1,1,6,1,46,8,125,1,16,5,1
2014404DA0500,1,9,0,17,0,8,1,0,1,3,3,1,6,1,28,6,1242,1,14,10,1
2014404DA0502,1,9,0,18,0,0,0,0,7,0,1,1,6,2,22,5,1896,2,6,8,3
2014404DA0502,2,17,0,18,0,0,0,0,0,0,2,1,6,1,46,8,-1,-1,-1,10,3
2014404DA0503,1,9,0,18,0,2,0,0,0,0,1,1,6,2,34,6,1560,2,2,-1,1
2014404DA0505,1,21,1,8,0,8,0,0,0,0,3,1,1,1,56,9,10518,2,7,2,1
2014404DA0505,2,11,0,17,0,1,0,0,0,0,1,1,1,1,36,7,5883,2,16,-1,-1
2014404DA0506,1,10,0,12,0,0,0,0,0,0,3,1,1,1,46,8,2198,2,1,8,1
2014404DA0506,2,9,0,18,0,0,0,0,0,0,4,1,1,2,56,9,1364,1,4,9,1
2014404DA0506,3,20,0,13,0,0,0,0,0,0,4,1,1,1,38,7,3920,2,3,4,1
2014404DA0507,1,9,0,18,0,0,2,0,1,4,1,1,6,2,66,10,1229,1,8,10,2
2014404DA0507,2,19,0,11,0,0,0,0,0,0,0,1,6,3,-1,-1,-1,-1,-1,-1,-1
2014404DA0509,1,9,0,9,0,6,0,0,0,0,3,1,6,1,71,10,1242,1,10,4,1
2014404DA0509,2,9,0,17,0,8,0,0,0,0,1,1,6,1,23,5,998,1,10,5,1
2014404DA0513,1,21,4,12,0,0,0,0,0,0,1,1,1,1,46,8,-1,-1,-1,-1,-1
2014404DA0513,2,9,0,18,0,0,1,0,2,7,2,1,6,2,29,6,1598,2,1,9,3
2014404DA0513,3,9,0,18,0,0,0,0,0,0,1,1,6,2,21,5,1560,2,5,10,1
2014404DA0515,1,9,0,4,0,0,0,0,0,0,1,1,6,2,54,8,2204,2,7,8,1
2014404DA0515,2,9,0,4,0,0,0,0,0,0,2,1,2,1,25,5,1598,2,1,8,1
2014404DA0515,3,9,0,4,0,0,0,0,0,0,2,1,2,1,27,6,1968,2,6,6,3
2014404DA0515,4,9,0,4,0,0,0,0,0,0,2,1,6,1,38,7,1364,2,6,10,1
2014404DA0520,1,9,0,13,0,0,0,0,7,10,1,1,6,1,45,7,1074,1,-1,9,3
2014404DA0520,2,9,0,18,0,0,0,0,0,0,0,1,6,1,21,5,1362,1,1,9,2
2014404DA0520,3,9,0,18,0,0,0,0,0,0,1,1,6,2,32,6,1796,1,11,7,1
2014404DA0521,1,9,0,18,0,0,0,0,1,9,4,1,6,2,26,6,1196,1,17,4,1
2014404DA0536,1,21,1,18,0,0,0,4,0,0,1,1,1,1,23,5,-1,-1,-1,-1,-1
2014404DA0536,2,21,1,2,0,0,0,0,0,0,2,1,1,1,30,6,-1,-1,-1,-1,-1
2014404DA0536,3,19,0,13,0,0,0,1,0,0,0,1,1,1,28,6,2143,2,3,7,1
2014404DA0536,4,21,1,13,0,0,0,1,0,0,0,1,1,1,-1,-1,12777,2,4,8,1
2014404DA0537,1,9,0,13,0,0,0,0,0,0,4,1,6,2,79,11,1199,1,13,9,1
2014404DA0537,2,1,0,18,0,0,0,0,0,0,3,1,6,1,48,8,-1,-1,-1,9,1
2014404DA0541,1,9,0,4,0,0,0,0,1,0,1,1,6,2,30,6,1997,1,12,-1,1
2014404DA0542,1,3,0,18,0,0,0,0,0,0,4,1,6,1,35,6,124,1,-1,10,1
2014404DA0545,1,9,0,18,0,1,0,0,0,0,1,1,6,1,-1,-1,4600,1,17,9,1
2014404DA0545,2,1,0,18,0,1,0,0,0,0,3,1,6,1,17,4,-1,-1,-1,3,1
2014404DA0550,1,9,0,4,0,1,0,0,0,0,1,1,6,2,30,6,1198,1,6,10,1
2014404DA0550,2,9,0,3,0,1,0,0,0,0,2,1,6,1,23,5,1596,1,14,2,1
2014404DA0550,3,9,0,3,0,1,0,0,0,0,2,1,6,2,22,5,1399,2,4,9,3
2014404DA0550,4,9,0,3,0,1,0,0,0,0,2,1,6,1,47,8,1560,2,2,6,1
2014404DA0553,1,9,0,18,0,1,0,0,0,0,1,1,6,1,-1,-1,1686,2,10,4,1
2014404DA0553,2,9,0,3,0,1,0,0,0,0,2,1,6,1,35,6,1997,1,9,8,1
2014404DA0555,1,9,0,18,0,0,0,0,0,0,3,1,6,1,54,8,1596,1,5,9,3
2014404DA0555,2,9,0,18,0,0,0,0,0,0,3,1,6,1,25,5,1229,1,9,10,2
2014404DA0556,1,9,0,4,0,0,0,0,0,0,1,1,1,1,72,10,2199,2,5,5,1
2014404DA0556,2,19,0,4,0,0,0,0,0,0,2,1,1,1,33,6,1995,2,3,10,2
2014404DA0556,3,9,0,4,0,0,0,0,0,0,2,1,1,1,45,7,1997,2,1,-1,1
2014404DA0556,4,9,0,4,0,0,0,0,0,0,2,1,1,1,35,6,2720,2,6,1,1
2014404DA0557,1,5,0,12,0,0,1,0,0,0,3,1,1,1,35,6,1150,1,2,10,3
2014404DA0558,1,9,0,13,0,0,1,0,7,4,4,1,2,1,34,6,1396,1,16,5,1
2014404DA0558,2,9,0,18,0,0,0,0,0,0,2,1,6,2,61,9,1299,1,8,3,1
2014404DA0560,1,9,0,13,0,0,1,0,8,6,3,1,2,2,28,6,1560,2,9,4,1
2014404DA0560,2,20,0,18,0,0,0,0,0,0,3,1,2,1,35,6,-1,-1,-1,6,1
2014404DA0561,1,9,0,18,0,0,0,0,0,0,1,1,6,1,26,6,-1,-1,-1,-1,1
2014404DA0563,1,5,0,18,0,0,1,0,0,0,3,1,6,1,39,7,599,1,11,7,1
2014404DA0566,1,9,0,18,0,0,0,0,0,0,3,1,2,1,46,8,-1,-1,-1,-1,-1
2014404DA0566,2,9,0,16,0,0,2,0,1,4,3,1,1,2,18,4,973,1,14,8,1
2014404DA0568,1,9,0,17,0,0,2,0,1,9,4,1,6,1,32,6,1995,2,10,2,1
2014404DA0569,1,21,1,18,0,0,1,0,0,0,1,1,1,1,64,9,12777,2,5,-1,1
2014404DA0569,2,9,0,4,0,0,0,0,0,0,2,1,1,1,60,9,1968,2,6,6,1
2014404DA0569,3,9,0,4,0,0,0,0,0,0,2,1,1,1,66,10,-1,-1,-1,6,1
2014404DA0569,4,9,0,4,0,0,0,0,0,0,2,1,1,1,41,7,1798,8,2,2,1
2014404DA0570,1,9,0,18,0,8,0,0,0,0,1,1,6,1,28,6,1998,2,10,6,1
2014404DA0570,2,1,0,9,0,8,0,0,0,0,4,1,6,2,26,6,-1,-1,-1,2,1
2014404DA0571,1,9,0,18,0,0,0,0,0,0,1,1,6,1,48,8,2191,2,-1,7,1
2014404DA0571,2,9,0,4,0,0,0,0,0,0,2,1,6,2,52,8,1598,1,12,5,1
2014404DA0587,1,9,0,18,0,2,0,0,0,0,1,1,6,2,-1,-1,-1,-1,-1,-1,-1
2014404DA0590,1,9,0,3,0,1,0,0,0,0,2,1,6,1,35,6,1596,1,12,-1,1
2014404DA0590,2,9,0,3,0,1,0,0,0,0,2,1,6,1,52,8,1989,1,14,9,1
2014404DA0590,3,9,0,4,0,1,0,0,0,0,1,1,6,1,41,7,2435,1,15,9,1
2014404DA0591,1,19,0,18,0,0,0,2,0,0,1,1,6,1,28,6,2402,2,13,6,3
2014404DA0594,1,9,0,4,0,1,0,0,0,0,1,1,6,1,39,7,1398,1,9,3,1
2014404DA0594,2,9,0,3,0,1,0,0,0,0,2,1,6,1,54,8,1598,1,5,3,1
2014404DA0596,1,9,0,18,0,0,0,0,0,0,1,1,6,3,-1,-1,1598,2,1,-1,-1
2014404DA0596,2,9,0,4,0,0,0,0,0,0,2,1,6,1,22,5,1390,1,14,3,1
2014404DA0597,1,9,0,18,0,8,0,0,0,0,3,1,6,1,69,10,1995,2,1,1,1
2014404DA0597,2,3,0,18,0,8,0,0,0,0,1,1,1,1,25,5,125,1,-1,4,1
2014404DA0601,1,9,0,7,9,6,0,0,0,0,1,1,6,1,53,8,1124,1,12,10,1
2014404DA0602,1,9,0,17,0,8,2,0,1,9,1,1,2,1,21,5,1796,1,12,9,1
2014404DA0603,1,9,0,4,0,1,0,0,0,0,1,1,6,2,58,9,1598,1,7,5,1
2014404DA0603,2,9,0,4,0,1,0,0,0,0,2,1,6,1,50,8,1398,2,3,-1,1
2014404DA0604,1,9,0,18,0,0,0,0,0,0,1,1,6,2,39,7,1389,1,17,9,1
2014404DA0604,2,1,0,9,0,0,0,0,0,0,3,1,6,1,20,4,-1,-1,-1,5,1
2014404DA0605,1,9,0,18,0,0,5,4,0,0,1,1,6,2,26,6,1596,1,11,2,1
2014404DA0605,2,9,0,2,0,0,0,0,0,0,2,1,6,3,-1,-1,1968,2,10,-1,-1
2014404DA0607,1,19,0,4,0,0,1,0,0,0,1,1,6,1,29,6,2402,2,11,5,2
2014404DA0607,2,9,0,3,0,0,0,0,0,0,2,1,6,1,50,8,1997,2,3,6,1
2014404DA0608,1,21,1,11,0,0,0,0,0,0,4,1,2,1,54,8,12777,2,4,-1,-1
2014404DA0608,2,9,0,18,0,0,1,0,0,7,3,1,6,2,60,9,1339,1,9,9,3
2014404DA0610,1,21,1,12,0,8,0,0,0,0,3,1,1,1,22,5,-1,-1,-1,-1,-1
2014404DA0610,2,9,0,13,0,8,0,0,0,0,4,1,6,1,40,7,1896,2,8,10,1
2014404DA0611,1,9,0,9,0,8,0,0,0,0,1,1,3,1,63,9,1598,1,5,4,1
2014404DA0611,2,9,0,18,0,8,1,0,0,0,2,1,1,1,53,8,-1,-1,-1,4,1
2014404DA0611,3,9,0,18,0,1,0,0,0,0,3,1,1,2,37,7,1956,2,-1,10,2
2014404DA0615,1,8,0,18,0,8,0,0,0,0,3,1,1,1,-1,-1,-1,-1,-1,-1,-1
2014404DA0615,2,9,0,9,0,8,0,0,0,0,4,1,2,1,29,6,1296,1,8,-1,-1
2014404DA0619,1,9,0,9,0,1,0,0,0,0,1,1,6,2,-1,-1,1368,1,4,10,3
2014404DA0619,2,9,0,10,0,1,0,0,0,0,2,1,6,1,24,5,1229,1,4,6,1
2014404DA0621,1,9,0,16,0,0,2,0,7,9,1,1,2,1,17,4,1149,1,7,10,2
2014404DA0622,1,9,0,18,0,0,0,0,0,0,1,1,2,2,25,5,1242,1,2,6,1
2014404DA0622,2,9,0,1,0,0,0,0,0,0,2,1,6,3,-1,-1,1560,2,7,10,1
2014404DA0624,1,9,0,18,0,1,0,0,0,0,1,1,6,1,-1,-1,-1,-1,-1,-1,-1
2014404DA0624,2,9,0,3,0,1,0,0,0,0,2,1,1,2,35,6,1198,1,1,6,1
2014404DA0625,1,9,0,4,0,0,0,0,0,0,1,1,2,1,45,7,1582,2,-1,9,3
2014404DA0625,2,9,0,4,0,0,0,0,0,0,2,1,2,1,-1,-1,1686,2,11,1,1
2014404DA0625,3,9,0,4,0,0,0,0,0,0,2,1,2,1,-1,-1,1896,2,12,-1,-1
2014404DA0626,1,9,0,18,0,4,0,0,0,0,1,1,6,2,42,7,1995,2,1,10,2
2014404DA0626,2,9,0,18,0,8,0,0,0,0,4,1,1,1,42,7,1229,1,3,3,2
2014404DA0627,1,9,0,1,0,0,0,0,0,0,2,1,6,2,-1,-1,1598,1,9,10,1
2014404DA0627,2,1,0,4,0,0,0,0,0,0,4,1,6,1,76,11,-1,-1,-1,-1,-1
2014404DA0629,1,8,0,4,0,1,0,0,0,0,0,1,1,1,61,9,1997,2,11,4,1
2014404DA0629,2,8,0,9,0,3,0,0,0,0,1,1,1,1,24,5,1997,2,11,3,1
2014404DA0632,1,9,0,18,0,0,0,0,0,0,3,1,1,1,51,8,1598,1,11,3,1
2014404DA0632,2,9,0,13,0,0,0,0,0,0,3,1,6,3,-1,-1,-1,-1,-1,-1,-1
2014404DA0633,1,9,0,6,0,0,0,0,0,0,3,1,1,1,31,6,-1,-1,-1,7,1
2014404DA0633,2,5,0,14,0,0,0,0,7,0,1,1,6,1,35,6,955,1,16,-1,2
2014404DA0635,1,9,0,1,0,0,0,0,0,0,2,1,6,3,-1,-1,1896,2,10,-1,-1
2014404DA0635,2,8,0,2,0,0,0,0,0,0,4,1,1,1,-1,-1,1794,1,8,2,1
2014404DA0637,1,9,0,18,0,2,1,0,1,1,2,1,2,2,41,7,1598,1,9,7,2
2014404DA0645,1,2,0,17,0,0,0,0,0,0,4,1,6,1,16,4,50,1,3,10,1
2014404DA0646,1,19,0,5,0,1,0,0,0,0,4,1,6,1,30,6,2953,2,9,-1,-1
2014404DA0646,2,1,0,5,4,1,0,0,0,0,3,1,6,1,50,8,-1,-1,-1,10,1
2014404DA0656,1,9,0,18,0,0,0,0,0,0,3,1,6,3,-1,-1,-1,-1,-1,-1,-1
2014404DA0656,2,9,0,18,0,0,0,0,0,0,3,1,6,1,48,8,1229,1,8,2,1
2014404DA0660,1,4,0,18,0,8,1,0,0,0,4,1,6,1,45,7,250,1,14,10,2
2014404DA0660,2,9,0,2,0,2,0,0,0,0,2,1,6,3,-1,-1,1390,1,1,5,2
2014404DA0660,3,9,0,2,0,2,0,0,0,0,1,1,6,3,-1,-1,1598,1,1,7,2
2014404DA0667,1,11,0,18,0,0,0,0,1,4,1,1,1,1,38,7,12000,2,7,1,1
2014404DA0667,2,9,0,18,0,0,0,0,0,0,1,1,2,1,42,7,1597,1,20,8,1
2014404DA0668,1,9,0,18,0,8,0,0,0,0,1,1,6,2,36,7,1299,1,14,4,1
2014404DA0668,2,9,0,9,0,8,0,0,0,0,3,1,6,2,34,6,1596,1,6,6,1
2014404DA0672,1,9,0,9,0,6,0,0,0,0,4,1,6,1,35,6,1995,2,5,5,1
2014404DA0672,2,5,0,14,0,8,0,0,0,0,3,1,6,1,29,6,998,1,10,10,1
2014404DA0675,1,9,0,9,0,8,0,0,0,0,3,1,6,1,28,6,1598,2,1,9,1
2014404DA0675,2,5,0,13,0,8,0,0,0,0,4,1,6,1,35,6,998,1,10,9,1
2014404DA0676,1,9,0,18,0,0,1,0,7,4,4,1,6,2,17,4,-1,-1,-1,9,1