Accident_Index,Vehicle_Reference,Vehicle_Type,Towing_and_Articulation,Vehicle_Manoeuvre,Vehicle_Location-Restricted_Lane,Junction_Location,Skidding_and_Overturning,Hit_Object_in_Carriageway,Vehicle_Leaving_Carriageway,Hit_Object_off_Carriageway,1st_Point_of_Impact,Was_Vehicle_Left_Hand_Drive?,Journey_Purpose_of_Driver,Sex_of_Driver,Age_of_Driver,Age_Band_of_Driver,Engine_Capacity_(CC),Propulsion_Code,Age_of_Vehicle,Driver_IMD_Decile,Driver_Home_Area_Type
2014404DA0959,2,9,0,9,0,8,0,0,0,0,4,1,6,2,61,9,1364,1,5,6,1
2014404DA0961,1,9,0,4,0,0,0,0,0,0,1,1,6,2,61,9,1796,1,11,9,1
2014404DA0961,2,9,0,3,0,0,0,0,0,0,2,1,6,2,42,7,2993,2,9,5,3
2014404DA0962,1,9,0,7,0,6,0,0,0,0,1,1,6,2,23,5,1998,1,13,4,1
2014404DA0962,2,9,0,18,0,1,0,0,0,0,1,1,6,1,44,7,3600,1,12,3,1
2014404DA0963,1,9,0,17,0,0,1,0,1,9,1,1,1,1,18,4,1796,1,11,10,2
2014404DA0965,1,9,0,4,0,0,0,0,0,0,1,1,6,1,32,6,2198,1,10,-1,-1
2014404DA0965,2,9,0,4,0,0,0,0,0,0,2,1,6,1,30,6,2143,2,3,-1,1
2014404DA0965,3,9,0,4,0,0,0,0,0,0,2,1,6,1,25,5,1896,2,9,3,1
2014404DA0966,1,9,0,6,0,0,0,0,0,0,1,1,6,1,67,10,1997,2,1,4,1
2014404DA0966,2,9,0,18,0,0,0,0,0,0,3,1,6,2,35,6,1389,1,13,8,3
2014404DA0968,1,21,0,17,0,0,1,0,0,0,1,1,1,1,48,8,5880,2,9,6,2
2014404DA0968,2,9,0,16,0,0,0,0,7,0,1,1,6,2,35,6,1796,1,12,7,1
2014404DA0971,1,9,0,16,0,0,0,0,7,9,1,1,1,2,31,6,1498,1,12,9,3
2014404DA0973,1,9,0,18,0,0,0,0,1,4,1,1,6,1,34,6,1998,2,7,-1,-1
2014404DA0974,1,9,0,18,0,8,0,0,0,0,1,1,6,1,68,10,1798,1,9,10,1
2014404DA0974,2,9,0,9,0,8,0,0,0,0,1,1,6,2,23,5,1796,1,13,10,1
2014404DA0980,1,9,0,13,0,0,0,0,0,0,4,1,6,2,41,7,1229,1,1,9,1
2014404DA0980,2,1,0,18,0,0,0,0,0,0,3,1,6,1,44,7,-1,-1,-1,9,1
2014404DA0984,1,9,0,18,0,1,1,0,0,0,4,1,6,2,42,7,-1,-1,-1,8,1
2014404DA0990,1,9,0,18,0,0,0,0,0,0,1,1,6,3,-1,-1,-1,-1,-1,-1,-1
2014404DA0990,2,9,0,18,0,0,1,0,5,6,2,1,6,1,63,9,1598,1,11,-1,1
2014404DA0992,1,9,0,17,0,8,0,0,0,0,4,1,6,1,62,9,1596,1,7,1,1
2014404DA0992,2,3,0,18,0,8,0,0,0,0,1,1,6,1,19,4,124,1,4,5,1
2014404DA1002,1,8,0,3,0,0,0,0,0,0,3,1,1,1,-1,-1,1995,2,9,-1,-1
2014404DA1003,1,9,0,18,0,0,0,0,0,0,1,1,2,1,54,8,1997,2,9,4,1
2014404DA1003,2,1,0,18,0,0,0,0,0,0,1,1,6,1,46,8,-1,-1,-1,10,1
2014404DA1007,1,9,0,16,0,0,2,0,7,0,1,1,2,1,33,6,1398,2,8,-1,1
2014404DA1012,1,1,0,18,9,8,0,0,0,0,1,1,6,1,15,3,-1,-1,-1,4,1
2014404DA1013,1,5,0,4,0,1,1,0,0,0,4,1,6,1,62,9,599,1,6,3,1
2014404DA1019,1,9,0,18,0,8,0,0,0,0,1,1,2,1,32,6,2198,1,15,-1,-1
2014404DA1019,2,21,0,9,0,7,0,0,0,0,3,1,1,1,56,9,4661,2,2,7,3
2014404DA1021,1,9,0,18,0,0,0,0,0,0,1,1,6,1,35,6,1242,1,11,-1,-1
2014404DA1023,1,9,0,4,0,0,1,0,0,0,1,1,1,1,53,8,2993,2,5,10,1
2014404DA1023,2,9,0,2,0,0,0,0,0,0,1,1,6,1,19,4,999,1,4,6,3
2014404DA1025,1,9,0,16,0,0,1,0,1,0,1,1,6,1,18,4,2671,1,14,4,1
2014404DA1025,2,9,0,17,0,0,0,0,0,0,1,1,6,2,34,6,-1,-1,-1,8,1
2014404DA1026,1,9,0,18,0,0,2,0,0,0,1,1,6,2,22,5,1598,1,11,6,1
2014404DA1026,2,21,1,18,0,0,0,0,0,0,4,1,6,1,31,6,11705,2,7,4,1
2014404DA1026,3,9,0,18,0,0,1,0,0,0,4,1,6,1,71,10,1149,1,3,9,1
2014404DA1026,4,9,0,18,0,0,0,0,0,0,2,1,6,2,-1,-1,1596,1,4,-1,-1
2014404DA1028,1,9,0,13,0,0,0,0,0,0,4,1,6,3,-1,-1,1796,1,6,-1,-1
2014404DA1028,2,2,0,18,0,0,0,0,0,0,3,1,6,1,19,4,49,1,7,4,2
2014404DA1029,1,9,0,4,0,0,0,0,0,0,2,1,1,2,54,8,1395,1,-1,10,1
2014404DA1029,2,9,0,18,0,0,0,0,0,0,1,1,6,1,55,8,1798,8,2,3,1
2014404DA1029,3,9,0,18,0,0,0,0,0,0,1,1,6,1,30,6,1332,1,21,4,1
2014404DA1030,1,9,0,18,0,0,0,0,0,0,1,1,6,1,17,4,-1,-1,-1,8,1
2014404DA1030,2,9,0,4,0,0,0,0,0,0,2,1,6,2,28,6,1968,2,-1,3,1
2014404DA1031,1,9,0,18,0,0,0,0,0,0,3,1,6,2,-1,-1,-1,-1,-1,-1,-1
2014404DA1032,1,9,0,18,0,8,0,0,1,10,1,1,2,1,58,9,1995,2,2,10,3
2014404DA1032,2,19,0,9,0,8,0,0,1,10,4,1,2,1,23,5,2198,2,-1,6,1
2014404DA1038,1,9,0,18,0,0,0,0,7,1,1,1,2,1,25,5,1242,1,5,8,3
2014404DA1039,1,9,0,18,0,0,1,0,5,4,4,1,6,1,20,4,1124,1,9,2,1
2014404DA1040,1,21,1,12,0,0,0,0,0,0,3,1,1,1,24,5,-1,-1,-1,-1,-1
2014404DA1040,2,9,0,18,0,0,1,0,1,7,4,1,6,2,25,5,1997,2,10,9,3
2014404DA1042,1,5,0,13,0,8,1,0,1,0,3,1,6,1,-1,-1,781,1,14,-1,-1
2014404DA1042,2,9,0,18,0,1,1,0,7,0,3,1,1,1,53,8,-1,-1,-1,-1,-1
2014404DA1044,1,9,0,9,0,8,0,0,0,0,1,1,6,1,67,10,1598,1,12,5,1
2014404DA1044,2,9,0,18,0,8,0,0,0,0,3,1,6,2,22,5,1388,1,11,4,1
2014404DA1045,1,19,0,18,0,1,1,0,0,0,1,1,1,1,28,6,2151,2,12,7,1
2014404DA1045,2,21,1,2,0,8,0,0,0,0,2,1,1,1,37,7,12419,2,3,4,1
2014404DA1046,1,19,0,14,0,0,0,0,0,0,4,1,1,1,50,8,-1,-1,-1,4,1
2014404DA1047,1,9,0,17,0,0,5,0,1,9,1,1,2,1,31,6,998,1,7,-1,1
2014404DA1048,1,21,1,12,0,0,0,0,0,0,3,1,6,1,-1,-1,-1,-1,-1,-1,-1
2014404DA1048,2,9,0,18,0,0,0,0,1,7,4,1,6,2,24,5,1242,1,12,2,1
2014404DA1049,1,21,1,12,0,0,0,0,0,0,3,1,1,1,34,6,-1,-1,-1,-1,-1
2014404DA1049,2,9,0,18,0,0,0,0,1,7,2,1,2,2,48,8,1798,1,5,9,1
2014404DA1050,1,9,0,16,0,0,2,0,1,4,1,1,6,2,25,5,1390,1,15,9,2
2014404DA1053,1,20,0,18,0,0,0,0,0,0,1,1,1,1,29,6,-1,-1,-1,8,1
2014404DA1053,2,19,0,4,0,0,0,0,0,0,2,1,1,1,30,6,1896,2,4,4,1
2014404DA1053,3,9,0,4,0,0,0,0,0,0,2,1,1,1,40,7,2143,2,1,-1,1
2014404DA1054,1,9,0,18,0,0,0,12,0,0,1,1,2,2,40,7,1199,1,15,3,1
2014404DA1054,2,8,0,18,0,0,0,0,1,9,1,1,1,1,36,7,1997,2,10,4,1
2014404DA1055,1,9,0,18,0,0,0,0,0,0,1,1,1,1,32,6,1598,1,8,3,2
2014404DA1055,2,9,0,4,0,0,0,0,0,0,2,1,1,1,58,9,2967,2,3,10,1
2014404DA1056,1,1,0,18,0,8,0,0,0,0,1,1,6,1,57,9,-1,-1,-1,9,1
2014404DA1056,2,9,0,9,0,8,0,0,0,0,4,1,1,2,24,5,1490,1,6,8,1
2014404DA1057,1,9,0,18,0,8,0,0,0,0,1,1,1,1,22,5,998,1,5,-1,-1
2014404DA1057,2,9,0,9,0,8,0,0,0,0,3,1,1,1,24,5,1242,1,8,6,3
2014404DA1058,1,9,0,5,0,0,0,0,0,0,3,1,6,1,30,6,998,1,10,3,1
2014404DA1058,2,9,0,14,0,0,0,0,0,0,1,1,6,1,35,6,-1,-1,-1,9,1
2014404DA1063,1,2,0,18,0,0,0,2,0,0,1,1,2,2,22,5,49,1,30,-1,2
2014404DA1068,1,9,0,17,0,1,0,7,2,4,1,1,6,1,33,6,1995,1,7,6,1
2014404DA1072,1,21,1,12,0,0,0,0,0,0,3,1,1,1,-1,-1,12780,2,8,1,1
2014404DA1072,2,9,0,18,0,0,1,0,4,6,4,1,1,1,57,9,2204,2,9,-1,-1
2014404DA1072,3,9,0,18,0,0,0,0,0,0,1,1,1,2,46,8,1995,2,2,7,1
2014404DA1076,1,9,0,9,0,4,0,0,0,0,1,1,6,2,45,7,2171,1,13,10,1
2014404DA1076,2,1,0,9,0,4,0,0,0,0,4,1,6,2,33,6,-1,-1,-1,9,1
2014404DA1078,1,19,0,4,0,1,0,0,0,0,1,1,6,1,21,5,1997,2,5,6,3
2014404DA1078,2,9,0,8,0,1,0,0,0,0,2,1,6,1,24,5,1398,1,-1,8,1
2014404DA1084,1,9,0,18,0,0,0,0,0,0,1,1,6,1,-1,-1,-1,-1,-1,-1,-1
2014404DA1084,2,9,0,3,0,0,0,0,0,0,2,1,2,2,30,6,-1,-1,-1,2,1
2014404DA1085,1,9,0,18,0,1,0,0,1,10,1,1,6,1,76,11,1390,1,14,10,2
2014404DA1085,2,9,0,2,0,2,0,0,0,0,2,1,6,3,-1,-1,1598,1,10,-1,-1
2014404DA1089,1,9,0,4,0,1,0,0,0,0,1,1,6,2,-1,-1,1197,1,-1,5,1
2014404DA1089,2,9,0,8,0,1,0,0,0,0,2,1,1,1,49,8,1999,1,2,5,3
2014404DA1090,1,9,0,18,0,0,1,0,7,4,1,1,6,2,39,7,1598,1,8,8,3
2014404DA1092,1,9,0,5,0,0,0,0,0,0,4,1,6,2,20,4,999,1,12,6,1
2014404DA1092,2,2,0,18,0,0,0,0,0,0,3,1,6,2,18,4,49,1,3,6,1
2014404DA1095,1,9,0,4,0,0,0,0,0,0,2,1,6,2,57,9,1997,1,13,7,2
2014404DA1095,2,9,0,18,0,0,0,0,0,0,1,1,2,2,-1,-1,1596,1,6,8,1
2014404DA1095,3,9,0,18,0,0,0,0,0,0,1,1,2,1,33,6,1398,2,6,-1,-1
2014404DA1096,1,9,0,7,0,8,0,0,0,0,1,1,2,1,33,6,2993,2,1,8,3
2014404DA1097,1,9,0,9,0,8,0,0,0,0,3,1,6,1,26,6,1995,2,-1,7,1
2014404DA1097,2,9,0,13,0,1,0,0,0,0,1,1,6,2,57,9,2987,2,2,10,1
2014404DA1101,1,21,0,9,0,8,0,0,0,0,3,1,6,1,-1,-1,2148,2,6,10,3
2014404DA1101,2,9,0,10,0,8,0,0,0,0,2,1,6,2,27,6,1199,1,12,4,1
2014404DA1105,1,9,0,18,0,0,1,0,2,10,1,1,2,1,26,6,2184,2,8,9,2
2014404DA1106,1,9,0,18,0,0,1,0,0,0,1,1,2,1,23,5,1360,1,15,10,1
2014404DA1106,2,9,0,4,0,0,0,0,0,0,2,1,2,2,22,5,1390,1,1,9,1
2014404DA1106,3,9,0,18,0,0,0,0,0,0,2,1,6,1,54,8,1422,2,12,10,1
2014404DA1106,4,9,0,18,0,0,0,0,0,0,2,1,2,2,31,6,998,1,1,8,3
2014404DA1107,1,9,0,9,0,6,0,0,0,0,3,1,1,2,51,8,1388,1,8,7,1
2014404DA1107,2,9,0,18,0,8,0,0,0,0,1,1,1,1,53,8,-1,-1,-1,10,1
2014404DA1108,1,9,0,18,0,1,1,10,7,3,1,1,6,1,18,4,1229,1,9,7,2
2014404DA1109,1,21,1,18,0,0,0,4,0,0,1,1,1,1,46,8,10518,2,1,8,1
2014404DA1109,2,9,0,2,0,0,0,0,0,0,2,1,1,1,30,6,1997,2,6,8,1
2014404DA1109,3,9,0,18,0,0,0,0,0,0,4,1,2,1,38,7,1997,2,9,5,1
2014404DA1115,1,9,0,9,0,4,0,0,0,0,1,1,6,2,30,6,1360,1,11,10,1
2014404DA1115,2,1,0,9,0,8,0,0,0,0,1,1,2,1,27,6,-1,-1,-1,9,1
2014404DA1116,1,9,0,18,0,8,0,0,0,0,1,1,6,2,38,7,1497,1,10,-1,-1
2014404DA1116,2,9,0,18,0,8,0,0,0,0,3,1,6,2,31,6,1985,1,17,-1,-1
2014404DA1118,1,21,1,12,0,8,0,0,0,0,3,1,1,1,59,9,-1,-1,-1,-1,-1
2014404DA1118,2,9,0,18,0,8,0,0,0,7,4,1,6,1,27,6,1595,1,11,3,1
2014404DA1119,1,9,0,17,0,0,0,0,0,0,1,1,1,1,37,7,973,1,15,4,1
2014404DA1119,2,9,0,16,0,0,0,0,0,0,1,1,1,2,38,7,1198,1,3,-1,1
2014404DA1120,1,9,0,10,0,0,1,0,8,4,1,1,2,1,30,6,1199,1,13,-1,-1
2014404DA1120,2,21,1,17,0,0,0,0,0,0,1,1,1,1,25,5,12777,2,1,4,1
2014404DA1120,3,9,0,17,0,0,0,0,0,0,1,1,6,1,48,8,-1,-1,-1,9,1
2014404DA1120,4,9,0,17,0,0,0,0,0,0,1,1,6,2,51,8,1198,1,4,10,1
2014404DA1121,1,9,0,18,0,0,0,0,0,0,1,1,6,2,21,5,1124,1,9,8,1
2014404DA1121,2,19,0,2,0,0,0,0,0,0,2,1,6,3,-1,-1,2198,2,1,-1,-1
2014404DA1124,1,9,0,18,0,0,0,0,0,0,1,1,6,2,-1,-1,1596,1,14,8,2
2014404DA1124,2,19,0,3,0,0,0,0,0,0,1,1,6,1,-1,-1,2402,2,7,-1,-1
2014404DA1124,3,1,0,18,0,0,0,0,0,0,0,1,6,3,-1,-1,-1,-1,-1,-1,-1
2014404DA1125,1,9,0,18,0,2,0,0,0,0,1,1,6,1,26,6,1796,1,12,5,2
2014404DA1128,1,9,0,18,0,4,0,0,1,10,1,1,6,2,35,6,1560,2,-1,10,1
2014404DA1128,2,9,0,9,0,8,0,0,0,0,4,1,6,1,50,8,1248,1,5,5,1
2014404DA1129,1,21,1,6,0,0,0,0,0,0,3,1,1,1,58,9,12580,2,9,6,1
2014404DA1129,2,9,0,18,0,0,0,0,0,0,1,1,2,1,41,7,1598,1,10,6,2
2014404DA1131,1,9,0,18,0,0,1,10,1,1,1,1,6,2,20,4,1242,1,1,3,1
2014404DA1134,1,9,0,18,9,6,0,0,0,0,1,1,6,2,-1,-1,1984,1,9,8,1
2014404DA1134,2,1,0,18,9,8,0,0,0,0,1,1,1,1,15,3,-1,-1,-1,8,1
2014404DA1135,1,19,0,18,0,2,0,0,0,0,1,1,1,1,60,9,1560,2,-1,5,1
2014404DA1135,2,9,0,4,0,2,0,0,0,0,2,1,2,1,39,7,1388,1,14,10,1
2014404DA1135,3,9,0,3,0,2,0,0,0,0,2,1,2,1,33,6,1198,1,-1,-1,2
2014404DA1135,4,9,0,3,0,2,0,0,0,0,2,1,2,1,56,9,1995,2,2,7,1
2014404DA1137,1,9,0,9,0,8,0,0,0,0,1,1,6,1,25,5,1984,1,6,4,1
2014404DA1137,2,9,0,3,0,1,0,0,0,0,0,1,6,3,-1,-1,-1,-1,-1,-1,-1
2014404DA1137,3,3,0,14,0,8,0,0,0,0,4,1,6,1,17,4,124,1,4,-1,1
2014404DA1138,1,21,1,12,0,0,0,0,0,0,3,2,1,1,-1,-1,-1,-1,-1,-1,-1
2014404DA1138,2,9,0,12,0,0,0,0,0,0,3,1,1,2,59,9,1497,8,-1,10,1
2014404DA1139,1,9,0,4,0,0,0,0,0,0,1,1,1,1,29,6,1997,1,-1,10,1
2014404DA1139,2,9,0,3,0,0,0,0,0,0,2,1,6,2,34,6,1490,1,8,3,1
2014404DA1139,3,9,0,3,0,0,0,0,0,0,2,1,1,1,38,7,1995,2,-1,10,1
2014404DA1142,1,9,0,18,0,0,2,0,1,4,1,1,6,1,72,10,1840,1,15,5,1
2014404DA1143,1,9,0,18,6,0,0,0,0,0,1,1,6,1,70,10,998,1,-1,3,1
2014404DA1143,2,9,0,2,6,0,0,0,0,0,2,1,6,2,-1,-1,1360,1,8,9,1
2014404DA1144,1,21,1,12,0,0,0,0,0,0,3,1,1,1,23,5,-1,-1,-1,-1,-1
2014404DA1144,2,9,0,18,0,0,0,0,2,7,4,1,6,1,35,6,1997,2,4,4,1
2014404DA1144,3,9,0,18,0,0,0,0,0,0,2,1,6,1,25,5,1984,1,7,5,1
2014404DA1144,4,20,0,18,0,0,0,0,0,0,1,1,1,1,44,7,3920,2,4,3,1
2014404DA1147,1,9,0,18,0,0,0,0,0,0,1,1,6,2,-1,-1,1398,1,-1,9,2
2014404DA1147,2,1,0,18,0,0,0,0,1,0,2,1,6,1,47,8,-1,-1,-1,9,3
2014404DA1149,1,9,0,18,0,1,0,0,0,0,1,1,6,2,67,10,1997,1,6,7,3
2014404DA1149,2,19,0,9,0,8,0,0,0,0,2,1,1,1,66,10,2143,2,2,10,1
2014404DA1150,1,19,0,18,0,0,0,0,1,9,3,1,6,1,35,6,-1,-1,-1,9,1
2014404DA1150,2,9,0,18,0,0,0,0,1,9,3,1,6,1,26,6,-1,-1,-1,4,1
2014404DA1162,1,9,0,18,0,0,0,0,0,0,1,1,2,1,47,8,1799,1,15,4,1
2014404DA1162,2,9,0,3,0,0,0,0,0,0,2,1,2,1,30,6,2685,2,12,2,1
2014404DA1162,3,9,0,3,0,0,0,0,0,0,2,1,2,1,39,7,2995,1,2,10,1
2014404DA1162,4,9,0,18,0,0,0,0,0,0,1,1,2,1,49,8,1968,2,-1,7,1
2014404DA1162,5,9,0,18,0,0,0,0,0,0,1,1,2,1,29,6,1595,1,9,4,1
2014404DA1164,1,1,0,18,0,8,1,0,0,0,0,1,6,1,67,10,-1,-1,-1,5,1
2014404DA1165,1,11,0,4,0,0,0,0,0,0,1,1,1,1,50,8,-1,-1,-1,-1,-1
2014404DA1165,2,9,0,3,0,0,0,0,0,0,2,1,2,1,27,6,1968,2,7,8,1
2014404DA1167,1,9,0,9,0,8,0,0,0,0,1,1,6,1,25,5,2500,1,14,-1,-1
2014404DA1167,2,9,0,18,0,8,0,0,0,0,3,1,6,2,36,7,1948,1,15,5,1
2014404DA1168,1,9,0,16,0,1,0,0,0,0,1,1,2,1,34,6,1968,2,2,8,1
2014404DA1168,2,9,0,9,0,6,0,0,0,0,3,1,6,1,48,8,1998,1,8,10,1
2014404DA1170,1,9,0,16,0,0,0,0,1,10,1,1,6,1,64,9,1896,2,15,8,1
2014404DA1170,2,9,0,17,0,0,0,0,0,0,1,1,6,1,28,6,1910,2,10,3,1
2014404DA1171,1,9,0,9,0,8,0,0,3,10,3,1,6,1,26,6,1596,1,11,-1,-1
2014404DA1171,2,9,0,18,0,8,0,0,0,0,1,1,6,1,35,6,2982,2,-1,8,3
2014404DA1173,1,9,0,18,0,0,0,0,0,0,1,1,6,1,52,8,1596,1,14,2,1
2014404DA1173,2,9,0,18,0,0,0,0,0,0,1,1,1,1,40,7,1248,1,1,8,2
2014404DA1176,1,9,0,17,0,0,5,0,0,0,3,1,6,2,24,5,1229,1,3,3,1
2014404DA1177,1,9,0,9,0,8,0,0,0,0,3,1,6,1,23,5,-1,-1,-1,10,1
2014404DA1177,2,9,0,18,0,8,0,0,0,0,1,1,6,1,53,8,1360,1,2,10,1
2014404DA1178,1,9,0,9,0,5,0,0,0,0,1,1,6,2,56,9,1199,1,11,9,1
2014404DA1180,1,9,0,18,0,0,0,0,0,0,4,1,1,1,-1,-1,1910,2,8,-1,-1
2014404DA1181,1,10,0,18,0,1,0,0,0,0,1,1,3,1,40,7,-1,-1,-1,3,1
2014404DA1181,2,9,0,4,0,1,0,0,0,0,2,1,3,1,31,6,2720,2,9,6,3
2014404DA1184,1,9,0,18,0,0,2,0,7,0,1,1,6,2,45,7,1468,1,12,8,3
2014404DA1185,1,19,0,4,0,0,1,0,0,0,1,1,2,1,54,8,2198,2,2,9,1
2014404DA1185,2,9,0,4,0,0,0,0,1,9,2,1,2,1,35,6,1995,1,5,10,3
2014404DA1185,3,9,0,4,0,0,0,0,0,0,2,1,2,1,52,8,2179,2,-1,9,1
2014404DA1185,4,9,0,4,0,0,0,0,0,0,2,1,2,1,36,7,1248,2,-1,9,1
2014404DA1189,1,9,0,4,0,0,0,0,0,0,1,1,2,2,24,5,1991,2,9,6,1
2014404DA1189,2,19,0,4,0,0,0,0,0,0,2,1,2,1,36,7,1461,2,3,7,1
2014404DA1189,3,9,0,4,0,0,0,0,0,0,2,1,2,1,32,6,1242,1,11,10,1
2014404DA1189,4,9,0,4,0,0,0,0,0,0,2,1,2,2,43,7,2400,2,3,10,3
2014404DA1190,1,9,0,18,0,0,0,0,2,10,4,1,6,1,85,11,1229,1,-1,9,1
2014404DA1192,1,9,0,18,0,8,0,0,1,2,1,1,6,2,24,5,1461,2,5,-1,1
2014404DA1193,1,9,0,18,0,0,0,0,0,0,1,1,6,1,51,8,1910,2,5,5,1
2014404DA1199,1,21,1,12,0,0,0,0,0,0,3,1,1,1,39,7,-1,-1,-1,-1,-1
2014404DA1199,2,9,0,18,0,0,0,0,0,0,4,1,1,1,67,10,1248,2,-1,-1,-1
2014404DA1201,1,9,0,18,0,8,5,9,3,4,1,1,6,1,27,6,2996,1,5,7,1
2014404DA1203,1,9,0,9,0,8,0,0,1,10,1,1,6,2,78,11,998,1,7,-1,-1
2014404DA1203,2,9,0,18,0,1,0,0,0,0,1,1,2,1,22,5,1910,2,9,4,1
2014404DA1205,1,19,0,18,0,0,0,0,1,4,1,1,1,1,58,9,1461,2,2,8,3
2014404DA1207,1,9,0,18,0,1,0,0,0,0,4,1,6,2,-1,-1,-1,-1,-1,-1,-1
2014404DA1209,1,19,0,18,0,0,0,0,0,0,1,1,1,1,56,9,1248,2,2,10,1
2014404DA1210,1,9,0,14,0,1,1,0,0,0,1,1,6,1,28,6,998,1,16,5,1
2014404DA1210,2,9,0,7,0,5,1,0,0,0,1,1,6,2,35,6,1686,2,4,4,1
2014404DA1211,1,9,0,18,0,0,0,0,0,0,1,1,3,3,-1,-1,-1,-1,-1,-1,-1
2014404DA1211,2,9,0,2,0,0,0,0,0,0,4,1,6,2,55,8,1240,1,11,5,1
2014404DA1215,1,9,0,18,0,0,0,0,5,6,1,1,6,1,27,6,1198,1,8,5,1
2014404DA1217,1,9,0,18,0,0,1,0,7,10,1,1,2,1,18,4,1248,2,2,6,1
2014404DA1221,1,9,0,9,0,6,0,0,0,0,1,1,6,2,80,11,1948,1,15,10,1
2014404DA1221,2,1,0,18,0,8,0,0,0,0,4,1,2,1,47,8,-1,-1,-1,6,1
2014404DA1222,1,9,0,18,0,0,5,0,0,0,1,1,2,1,33,6,1956,2,2,8,1
2014404DA1222,2,9,0,4,0,0,0,0,0,0,2,1,6,2,28,6,1242,1,1,10,1
2014404DA1224,1,9,0,13,0,0,0,0,0,0,4,1,6,3,-1,-1,1798,8,1,-1,-1
2014404DA1224,2,9,0,18,0,0,0,0,0,0,3,1,6,1,71,10,1999,1,2,10,1
2014404DA1230,1,9,0,17,0,0,1,0,1,10,1,1,2,1,60,9,1796,1,7,10,1
2014404DA1231,1,9,0,4,0,0,1,0,7,9,1,1,6,2,25,5,-1,-1,-1,7,2
2014404DA1231,2,9,0,4,0,0,1,0,0,0,2,1,1,1,34,6,1589,1,16,4,1
2014404DA1232,1,9,0,18,0,2,0,0,0,0,1,1,6,1,73,10,1461,2,7,-1,3
2014404DA1232,2,9,0,2,0,2,0,0,1,10,2,1,6,3,-1,-1,1598,1,8,-1,-1
2014404DA1232,3,9,0,2,0,2,0,0,0,0,2,1,6,3,-1,-1,1398,1,4,-1,-1
2014404DA1235,1,9,0,18,0,8,0,0,0,0,1,1,6,3,-1,-1,1598,1,11,-1,-1
2014404DA1235,2,9,0,10,0,8,0,0,0,0,2,1,6,1,55,8,2967,2,6,9,3
2014404DA1237,1,9,0,18,0,8,0,0,3,4,3,1,6,1,35,6,1598,1,9,5,1
2014404DA1237,2,9,0,18,0,8,0,0,0,0,1,1,6,2,49,8,1560,2,3,10,1
2014404DA1238,1,9,0,7,0,8,0,0,0,0,1,1,6,3,-1,-1,-1,-1,-1,-1,-1
2014404DA1244,1,19,0,18,0,4,0,0,0,0,1,1,1,1,27,6,-1,-1,-1,-1,-1
2014404DA1244,2,19,0,18,0,8,0,0,0,0,2,1,1,1,55,8,2198,2,2,10,1
2014404FA0682,1,9,0,9,0,8,0,0,0,0,3,1,1,2,30,6,-1,-1,-1,7,2
2014404FA0682,2,9,0,18,0,8,0,0,0,0,1,1,1,1,27,6,1242,1,4,6,1
2014404HA0501,1,9,0,6,0,0,0,0,0,0,3,1,1,2,32,6,1199,2,2,8,2
2014404HA0501,2,5,0,13,0,0,0,0,0,0,1,1,1,1,23,5,649,1,2,8,3
2014404T20047,1,9,0,4,0,1,0,0,0,0,1,1,6,1,20,4,1149,1,8,10,2
2014404T20047,2,9,0,3,0,1,0,0,0,0,2,1,6,1,39,7,1997,2,2,3,1
2014404T20047,3,19,0,3,0,1,0,0,0,0,2,1,1,1,46,8,1996,2,-1,9,2
2014404T20047,4,9,0,3,0,1,0,0,0,0,2,1,6,2,59,9,1341,1,12,10,1
20144100A0006,1,9,0,18,0,2,0,0,0,0,1,1,6,1,19,4,1339,1,10,10,1
20144100A0011,1,9,0,18,0,8,0,0,0,0,1,1,6,1,20,4,1086,1,6,-1,-1
20144100A0011,2,9,0,3,0,8,0,0,0,0,2,1,6,1,39,7,1998,1,13,8,3
20144100A0013,1,9,0,18,0,0,0,0,0,0,1,1,1,1,27,6,-1,-1,-1,3,1
20144100A0013,2,9,0,4,0,0,0,0,0,0,2,1,3,2,40,7,2204,2,8,9,3
20144100A0018,1,9,0,9,0,5,0,0,0,0,4,1,6,1,90,11,1596,1,8,8,3
20144100A0018,2,9,0,18,0,8,0,0,0,0,1,1,6,1,48,8,1399,2,5,5,1
20144100A0019,1,9,0,18,0,0,0,0,0,0,1,1,6,1,39,7,2967,2,6,9,1
20144100A0022,1,19,0,18,0,8,0,0,0,0,4,1,1,1,55,8,2143,2,3,1,1
20144100A0022,2,1,0,9,0,6,0,0,0,0,1,1,2,2,33,6,-1,-1,-1,9,1
20144100A0024,1,1,0,18,9,1,0,0,0,0,4,1,4,2,14,3,-1,-1,-1,4,1
20144100A0024,2,9,0,5,9,8,0,0,0,0,1,1,6,1,-1,-1,1349,1,3,-1,-1
20144100A0029,1,19,0,7,0,3,0,0,0,0,3,1,1,1,28,6,2402,2,5,9,1
20144100A0029,2,9,0,7,0,3,0,0,1,0,4,1,6,1,82,11,999,1,25,10,1
20144100A0033,1,9,0,6,0,8,0,0,0,0,1,1,6,1,47,8,1956,2,4,5,3
20144100A0033,2,9,0,18,0,1,5,0,0,0,1,1,6,2,32,6,799,2,5,9,3
20144100A0037,1,9,0,5,0,0,0,0,0,0,0,1,6,2,-1,-1,1910,2,8,9,3
20144100A0037,2,2,0,15,0,0,1,0,0,0,0,1,6,1,-1,-1,49,1,12,10,1
20144100A0039,1,9,0,12,0,8,0,0,0,0,4,1,6,2,37,7,1299,1,14,6,1
20144100A0039,2,5,0,11,0,8,0,0,0,0,1,1,6,1,48,8,999,1,5,10,1
20144100A0040,1,9,0,16,0,0,2,10,7,4,1,1,1,1,31,6,1598,1,11,-1,2
20144100A0045,1,9,0,18,0,4,0,0,0,0,1,1,6,1,72,10,1586,1,12,10,1
20144100A0045,2,9,0,9,0,8,0,0,0,0,4,1,6,2,31,6,1997,2,7,10,1
20144100A0053,1,9,0,9,0,5,0,0,0,0,1,1,6,1,45,7,1587,1,11,9,1
20144100A0055,1,9,0,17,0,0,0,0,0,0,0,1,6,3,-1,-1,-1,-1,-1,-1,-1