Accident_Index,Vehicle_Reference,Vehicle_Type,Towing_and_Articulation,Vehicle_Manoeuvre,Vehicle_Location-Restricted_Lane,Junction_Location,Skidding_and_Overturning,Hit_Object_in_Carriageway,Vehicle_Leaving_Carriageway,Hit_Object_off_Carriageway,1st_Point_of_Impact,Was_Vehicle_Left_Hand_Drive?,Journey_Purpose_of_Driver,Sex_of_Driver,Age_of_Driver,Age_Band_of_Driver,Engine_Capacity_(CC),Propulsion_Code,Age_of_Vehicle,Driver_IMD_Decile,Driver_Home_Area_Type
20144100A0456,1,9,0,18,0,5,0,0,1,10,1,1,2,1,45,7,1364,2,8,4,1
20144100A0456,2,9,0,18,0,8,0,0,0,0,1,1,6,1,27,6,1596,1,13,6,1
20144100A0459,1,9,0,18,0,4,0,0,0,0,1,1,6,1,43,7,-1,-1,-1,9,1
20144100A0459,2,19,0,18,0,4,0,0,0,0,3,1,1,1,31,6,2198,2,1,6,1
20144100A0463,1,21,0,18,0,0,0,0,0,0,1,1,4,1,51,8,12419,2,3,10,1
20144100A0463,2,5,0,16,0,0,1,0,0,0,1,1,6,1,19,4,599,1,17,8,3
20144100A0464,1,9,0,4,0,1,0,0,0,0,1,1,6,1,-1,-1,1753,2,13,10,1
20144100A0464,2,9,0,3,0,1,0,0,0,0,2,1,6,2,21,5,1299,1,6,8,2
20144100A0467,1,9,0,18,0,0,1,0,1,7,1,1,6,1,43,7,-1,-1,-1,4,1
20144100A0473,1,9,0,18,0,0,2,12,7,10,1,1,6,1,45,7,3628,2,4,4,3
20144100A0479,1,90,0,17,0,2,2,0,2,10,1,1,6,1,56,9,-1,-1,-1,7,3
20144100A0482,1,21,0,1,0,5,0,0,0,0,0,1,1,1,56,9,8970,2,10,6,1
20144100A0486,1,9,0,18,0,8,0,0,0,0,2,1,6,1,26,6,-1,-1,-1,2,1
20144100A0486,2,19,0,18,0,8,0,0,0,0,1,1,1,1,44,7,2299,2,2,-1,-1
20144100A0486,3,9,0,18,0,8,0,0,0,0,0,1,6,3,-1,-1,-1,-1,-1,-1,-1
20144100A0487,1,9,0,16,0,0,2,0,7,4,4,1,6,2,19,4,1299,1,8,7,3
20144100A0488,1,9,0,17,0,0,0,0,0,0,1,1,6,1,33,6,-1,-1,-1,4,1
20144100A0488,2,9,0,18,0,0,0,0,0,0,1,1,6,2,54,8,2401,2,12,10,1
20144100A0488,3,9,0,2,0,0,0,0,0,0,0,1,6,2,52,8,1560,2,6,9,3
20144100A0492,1,4,0,18,0,0,0,8,0,0,1,1,1,1,28,6,649,1,16,1,1
20144100A0492,2,9,0,3,0,0,0,0,0,0,3,1,1,2,43,7,1598,2,1,6,1
20144100A0492,3,19,0,3,0,0,0,0,0,0,4,1,1,1,40,7,3990,2,13,10,1
20144100A0493,1,9,0,16,0,0,0,0,0,0,3,1,6,2,37,7,2400,2,2,7,3
20144100A0493,2,9,0,17,0,0,0,0,0,0,3,1,6,2,42,7,1596,1,-1,8,3
20144100A0502,1,9,0,16,0,0,1,0,0,0,1,1,6,1,35,6,1242,1,15,8,1
20144100A0502,2,19,0,17,0,0,0,0,0,0,1,1,1,2,41,7,2198,2,7,7,1
20144100A0505,1,9,0,18,0,0,2,0,1,9,2,1,2,1,26,6,-1,-1,-1,-1,-1
20144100A0505,2,9,0,12,0,0,0,0,0,0,1,1,6,3,-1,-1,-1,-1,-1,-1,-1
20144100A0507,1,9,0,11,0,1,2,0,1,10,1,1,6,1,30,6,1390,1,14,10,2
20144100A0511,1,1,0,18,0,0,0,0,0,0,1,1,6,1,-1,-1,-1,-1,-1,5,1
20144100A0511,2,9,0,18,0,0,0,0,0,0,3,1,6,1,59,9,1198,1,10,9,3
20144100A0516,1,9,0,17,0,0,0,0,1,1,1,1,1,1,28,6,-1,-1,-1,9,2
20144100A0517,1,19,0,18,0,0,0,0,0,0,1,1,6,1,-1,-1,1968,2,8,4,1
20144100A0517,2,9,0,4,0,0,0,0,0,0,2,1,6,1,45,7,1360,1,5,8,3
20144100A0523,1,9,0,18,0,8,0,0,0,0,1,1,6,2,66,10,-1,-1,-1,9,1
20144100A0523,2,9,0,4,0,8,0,0,0,0,2,1,6,2,46,8,1984,1,6,4,1
20144100A0533,1,5,0,16,0,0,1,0,0,0,3,1,2,1,41,7,749,1,23,9,3
20144100A0533,2,9,0,6,0,0,0,0,0,0,4,1,2,1,49,8,1390,1,3,-1,2
20144100A0534,1,19,0,5,0,8,0,0,0,0,2,1,1,1,37,7,-1,-1,-1,-1,-1
20144100A0535,1,19,0,5,0,2,0,0,0,0,3,1,1,1,58,9,2198,2,5,4,1
20144100A0538,1,19,0,18,0,0,0,0,0,0,1,1,2,1,34,6,-1,-1,-1,5,1
20144100A0538,2,9,0,4,0,0,0,0,0,0,2,1,2,2,47,8,-1,-1,-1,8,3
20144100A0540,1,9,0,14,0,0,0,0,0,0,4,1,6,3,-1,-1,-1,-1,-1,-1,-1
20144100A0546,1,5,0,18,0,0,0,0,0,0,1,1,6,1,49,8,998,1,9,9,3
20144100A0546,2,9,0,18,0,0,0,0,0,0,1,1,6,1,88,11,1796,1,7,10,2
20144100A0549,1,9,0,17,0,0,0,0,1,0,1,1,2,1,34,6,1242,1,14,4,1
20144100A0549,2,9,0,16,0,0,0,0,0,0,1,1,2,1,23,5,1910,2,6,9,3
20144100A0553,1,9,0,16,0,0,2,0,8,0,1,1,2,1,45,7,1587,1,7,4,1
20144100A0555,1,9,0,13,0,3,0,10,7,6,4,1,6,1,21,5,1598,1,7,-1,-1
20144100A0555,2,9,0,18,0,3,0,0,1,2,3,1,6,2,46,8,2776,2,9,4,1
20144100A0556,1,9,0,18,0,8,0,0,0,0,4,1,2,1,50,8,1956,2,3,10,1
20144100A0556,2,3,0,18,0,8,1,0,0,0,3,1,6,2,21,5,124,1,2,4,1
20144100A0557,1,5,0,18,0,0,0,0,0,0,1,1,6,1,40,7,600,1,15,-1,-1
20144100A0557,2,9,0,18,0,0,0,0,0,0,3,1,6,2,-1,-1,2720,2,8,-1,-1
20144100A0563,1,9,0,18,0,1,0,0,0,0,1,1,2,1,64,9,-1,-1,-1,10,1
20144100A0563,2,1,0,18,0,1,0,0,0,0,4,1,2,1,42,7,-1,-1,-1,10,1
20144100A0564,1,9,0,17,0,0,2,0,0,0,1,1,6,1,24,5,-1,-1,-1,10,1
20144100A0564,2,9,0,16,0,0,0,0,7,10,1,1,6,2,44,7,-1,-1,-1,9,1
20144100A0567,1,3,0,18,0,1,1,0,1,10,1,1,6,1,19,4,125,1,6,8,3
20144100A0570,1,9,0,5,0,6,0,0,0,0,1,1,6,1,20,4,1242,1,3,10,1
20144100A0570,2,9,0,18,0,8,0,0,7,0,4,1,6,1,23,5,1461,2,1,10,1
20144100A0573,1,9,0,5,0,6,0,0,0,0,3,1,2,1,23,5,1299,1,9,3,1
20144100A0573,2,9,0,18,0,8,0,0,0,0,1,1,1,2,47,8,-1,-1,-1,10,1
20144100A0578,1,9,0,4,0,1,0,0,0,0,1,1,6,1,21,5,-1,-1,-1,-1,-1
20144100A0578,2,9,0,3,0,1,0,0,0,0,2,1,1,1,21,5,1299,1,6,9,2
20144100A0579,1,9,0,18,0,0,0,0,0,0,3,1,6,1,57,9,1560,2,-1,-1,-1
20144100A0579,2,5,0,13,0,0,1,0,0,0,4,1,6,1,35,6,599,1,2,7,1
20144100A0580,1,9,0,5,0,1,0,0,0,0,1,1,6,2,24,5,-1,-1,-1,7,1
20144100A0580,2,21,0,8,0,1,0,0,0,0,2,1,1,1,33,6,4764,2,3,3,1
20144100A0585,1,9,0,18,0,1,1,0,1,0,0,1,6,1,25,5,2495,2,16,8,1
20144100A0589,1,9,0,3,0,2,0,0,0,0,1,1,6,1,63,9,1587,1,15,3,1
20144100A0589,2,19,0,1,0,2,0,0,0,0,2,1,6,2,35,6,2148,2,7,-1,-1
20144100A0595,1,9,0,9,0,3,1,0,3,1,1,1,6,2,20,4,1396,1,10,10,1
20144100A0596,1,9,0,17,0,0,0,0,0,0,1,1,6,2,46,8,2179,2,1,10,1
20144100A0596,2,9,0,16,0,0,0,0,0,0,1,1,6,1,26,6,1596,1,12,9,1
20144100A0597,1,9,0,17,0,0,1,0,1,4,1,1,2,1,22,5,1242,1,10,2,1
20144100A0600,1,9,0,18,0,8,0,0,0,0,4,1,6,2,44,7,-1,-1,-1,10,1
20144100A0602,1,9,0,5,0,6,0,0,0,0,1,1,6,2,40,7,1198,1,2,-1,-1
20144100A0602,2,9,0,18,0,8,1,0,0,0,3,1,6,2,50,8,1598,1,1,10,1
20144100A0603,1,9,0,9,0,6,0,0,0,0,1,1,6,2,49,8,2993,2,-1,10,1
20144100A0603,2,2,0,14,0,1,0,0,0,0,1,1,1,1,24,5,49,1,7,3,1
20144100A0604,1,19,0,18,0,8,0,0,0,0,1,1,6,1,35,6,-1,-1,-1,-1,-1
20144100A0604,2,2,0,9,0,6,0,0,0,0,4,1,1,1,16,4,50,1,1,9,3
20144100A0605,1,21,1,5,0,8,0,0,0,0,1,1,1,1,52,8,-1,-1,-1,-1,-1
20144100A0605,2,9,0,4,0,8,0,0,0,0,2,1,6,1,39,7,1968,2,10,-1,1
20144100A0606,1,19,0,1,6,1,0,0,0,0,2,1,1,1,-1,-1,2143,2,4,-1,-1
20144100A0607,1,9,0,17,0,0,2,0,1,9,1,1,6,2,21,5,1199,1,12,7,1
20144100A0608,1,9,0,5,0,2,0,0,0,0,0,1,1,1,30,6,-1,-1,-1,-1,-1
20144100A0609,1,9,0,13,0,0,0,0,7,0,3,1,2,1,24,5,-1,-1,-1,9,1
20144100A0609,2,19,0,18,0,0,0,0,7,0,3,1,6,1,28,6,-1,-1,-1,4,1
20144100A0609,3,9,0,18,0,0,0,0,1,0,1,1,1,1,28,6,-1,-1,-1,6,1
20144100A0609,4,9,0,18,0,0,0,0,0,0,0,1,6,2,46,8,-1,-1,-1,9,1
20144100A0610,1,9,0,18,0,0,0,0,0,0,1,1,6,1,24,5,1995,2,3,10,1
20144100A0612,1,9,0,5,0,6,0,0,0,0,1,1,2,2,53,8,1560,2,6,9,1
20144100A0612,2,11,0,18,0,8,0,0,0,0,1,1,1,1,59,9,6370,2,8,4,1
20144100A0614,1,9,0,9,0,6,0,0,0,0,3,1,6,1,30,6,1199,1,12,10,2
20144100A0614,2,9,0,18,0,1,0,0,0,0,1,1,1,1,65,9,1753,2,5,10,2
20144100A0616,1,1,0,18,0,1,0,0,0,0,1,1,1,1,50,8,-1,-1,-1,9,1
20144100A0616,2,9,0,5,0,6,0,0,0,0,1,1,6,1,65,9,-1,-1,-1,-1,-1
20144100A0618,1,2,0,18,0,8,0,0,0,0,1,1,6,1,18,4,-1,-1,-1,-1,-1
20144100A0618,2,9,0,3,0,8,0,0,0,0,4,1,3,2,26,6,1598,1,11,10,1
20144100A0620,1,9,0,9,0,5,0,0,0,0,1,1,6,1,49,8,-1,-1,-1,9,3
20144100A0620,2,9,0,18,0,1,0,0,0,0,1,1,6,2,48,8,1242,1,-1,10,1
20144100A0620,3,9,0,10,0,1,0,0,0,0,1,1,2,1,19,4,1199,1,11,9,3
20144100A0621,1,9,0,18,0,0,0,0,0,0,1,1,6,1,41,7,1896,2,11,9,3
20144100A0621,2,9,0,18,0,0,0,0,0,0,1,1,6,1,19,4,-1,-1,-1,5,1
20144100A0626,1,9,0,7,0,3,0,0,0,0,1,1,6,2,58,9,1596,1,18,9,1
20144100A0627,1,9,0,18,0,0,0,0,0,0,1,1,6,2,21,5,1299,1,6,6,3
20144100A0627,2,9,0,4,0,0,1,0,0,0,2,1,6,2,58,9,1242,1,3,8,2
20144100A0629,1,9,0,18,0,1,0,0,0,0,4,1,6,1,38,7,1598,1,5,10,1
20144100A0631,1,11,0,18,0,0,0,0,0,0,4,1,6,3,-1,-1,-1,-1,-1,-1,-1
20144100A0633,1,9,0,18,0,0,1,0,4,6,1,1,2,1,32,6,1339,1,10,8,3
20144100A0634,1,9,0,9,0,5,0,0,0,0,1,1,2,1,42,7,1995,2,-1,10,2
20144100A0634,2,9,0,18,0,1,1,0,0,0,3,1,2,2,35,6,1598,1,13,8,3
20144100A0639,1,9,0,18,0,1,0,0,0,0,1,1,6,1,78,11,1794,1,6,10,1
20144100A0639,2,9,0,18,0,1,0,0,0,0,2,1,6,1,23,5,1998,1,8,9,2
20144100A0639,3,9,0,18,0,1,0,0,0,0,2,1,6,2,18,4,-1,-1,-1,9,3
20144100A0641,1,9,0,9,0,6,0,0,0,0,2,1,6,1,33,6,-1,-1,-1,9,1
20144100A0641,2,9,0,18,0,8,0,0,0,0,1,1,2,2,66,10,1598,2,1,8,1
20144100A0642,1,9,0,5,0,2,0,0,0,0,1,1,6,2,40,7,1461,2,3,10,1
20144100A0644,1,9,0,9,0,5,0,0,0,0,1,1,6,2,35,6,1388,1,5,6,1
20144100A0644,2,9,0,3,0,1,0,10,0,0,1,1,2,1,37,7,2143,2,3,9,1
20144100A0647,1,20,0,13,0,0,0,0,0,0,0,1,6,3,-1,-1,-1,-1,-1,-1,-1
20144100A0647,2,9,0,18,0,0,0,0,1,10,0,1,6,1,23,5,1388,1,10,10,1
20144100A0648,1,1,0,18,0,0,0,0,0,0,0,1,6,1,40,7,-1,-1,-1,-1,-1
20144100A0653,1,9,0,14,0,8,0,0,0,0,4,1,6,1,21,5,1199,1,14,9,2
20144100A0653,2,9,0,2,0,8,0,0,0,0,4,2,6,1,43,7,-1,-1,-1,-1,-1
20144100A0655,1,9,0,5,0,4,0,0,0,0,1,1,6,2,79,11,1389,1,10,8,2
20144100A0655,2,1,0,9,0,8,0,0,0,0,4,1,6,1,40,7,-1,-1,-1,4,1
20144100A0657,1,9,0,7,0,2,0,0,7,10,1,1,6,1,19,4,1598,1,12,7,1
20144100A0673,1,9,0,16,0,0,0,10,1,4,3,1,6,1,45,7,1248,1,4,4,1
20144100A0680,1,9,0,18,0,0,0,0,0,0,1,1,6,2,21,5,1299,1,13,10,1
20144100A0680,2,9,0,18,0,0,0,0,0,0,2,1,6,2,34,6,1968,2,5,-1,2
20144100A0680,3,9,0,2,0,0,0,0,0,0,0,1,6,3,-1,-1,-1,-1,-1,-1,-1
20144100A0681,1,9,0,9,0,5,0,0,0,0,1,1,6,1,25,5,-1,-1,-1,-1,-1
20144100A0681,2,9,0,18,0,8,0,0,0,0,1,1,6,2,52,8,-1,-1,-1,10,1
20144100A0682,1,9,0,18,0,1,1,0,0,0,1,1,1,1,47,8,1248,2,2,3,1
20144100A0682,2,9,0,10,0,1,0,0,0,0,2,1,2,2,40,7,1242,1,-1,3,1
20144100A0690,1,9,0,13,0,0,0,0,0,0,4,1,6,1,92,11,1388,1,2,10,1
20144100A0690,2,10,0,3,0,0,0,0,0,0,3,1,1,1,45,7,-1,-1,-1,5,1
20144100A0698,1,19,0,18,0,2,0,0,0,0,4,1,6,1,63,9,1248,2,7,10,3
20144100A0699,1,9,0,18,0,0,0,0,0,0,3,1,6,1,21,5,1998,1,7,-1,-1
20144100A0699,2,19,0,18,0,0,0,0,1,10,4,1,1,1,56,9,-1,-1,-1,3,1
20144100A0702,1,9,0,5,0,2,0,0,0,0,1,1,6,1,60,9,-1,-1,-1,-1,-1
20144100A0705,1,1,0,9,0,8,0,0,0,0,1,1,6,1,35,6,-1,-1,-1,-1,-1
20144100A0705,2,9,0,7,0,8,0,0,0,0,3,1,1,1,39,7,-1,-1,-1,-1,-1
20144100A0706,1,9,0,9,0,5,0,0,0,0,4,1,6,1,25,5,-1,-1,-1,-1,-1
20144100A0706,2,1,0,18,0,8,0,0,0,0,1,1,2,1,33,6,-1,-1,-1,4,1
20144100A0714,1,9,0,18,0,1,0,0,0,0,1,1,6,2,20,4,1461,2,11,10,1
20144100A0714,2,9,0,10,0,1,0,0,0,0,2,1,6,2,44,7,2000,1,5,10,1
20144100A0715,1,9,0,5,0,6,0,0,0,0,4,1,2,2,40,7,1299,1,12,-1,-1
20144100A0718,1,9,0,9,0,6,0,0,0,0,1,1,6,2,37,7,2143,2,1,9,1
20144100A0718,2,9,0,18,0,8,0,0,0,0,1,1,6,1,37,7,1968,2,3,8,3
20144100A0719,1,9,0,18,0,8,0,0,0,0,1,1,6,2,21,5,1242,1,11,5,1
20144100A0719,2,9,0,7,0,6,0,0,0,0,1,1,6,1,23,5,1597,1,20,9,3
20144100A0720,1,9,0,16,0,0,0,10,0,0,1,1,6,1,19,4,998,1,15,10,1
20144100A0720,2,9,0,17,0,0,0,0,0,0,1,1,2,1,47,8,1498,1,6,7,3
20144100A0725,1,9,0,17,0,8,0,0,0,0,3,1,6,3,-1,-1,-1,-1,-1,-1,-1
20144100A0725,2,11,0,16,0,8,0,0,0,0,3,1,1,1,64,9,12000,2,12,4,1
20144100A0730,1,9,0,2,0,0,0,0,0,0,3,1,1,1,72,10,1248,1,1,8,1
20144100A0730,2,1,0,18,0,0,0,8,0,0,1,1,6,1,58,9,-1,-1,-1,10,1
20144100A0732,1,9,0,18,0,2,0,0,0,0,1,1,6,1,51,8,1582,2,-1,6,1
20144100A0734,1,5,0,4,0,0,1,0,0,0,3,1,6,1,46,8,1585,1,4,9,1
20144100A0740,1,9,0,4,0,1,0,0,0,0,1,1,6,1,21,5,1199,1,13,6,1
20144100A0740,2,9,0,3,0,1,0,0,0,0,2,1,6,2,34,6,2148,2,9,10,1
20144100A0743,1,9,0,18,0,0,0,0,0,0,0,1,6,3,-1,-1,-1,-1,-1,-1,-1
20144100A0743,2,9,0,18,0,0,0,0,8,7,3,1,1,1,44,7,1968,2,-1,7,3
20144100A0745,1,9,0,17,0,0,2,0,2,4,1,1,6,1,24,5,1229,1,-1,4,1
20144100A0745,2,3,0,17,0,0,1,0,0,0,1,1,2,1,34,6,125,1,5,10,1
20144100A0746,1,9,0,17,0,0,1,0,2,7,1,1,6,1,30,6,1390,1,3,8,1
20144100A0746,2,9,0,18,0,0,0,0,0,0,2,1,6,1,21,5,1999,1,9,4,1
20144100A0746,3,9,0,18,0,0,0,0,0,0,1,1,6,1,24,5,1590,1,17,4,1
20144100A0748,1,9,0,18,0,1,0,0,0,0,1,1,6,1,41,7,1360,1,10,8,1
20144100A0748,2,9,0,10,0,1,0,0,0,0,2,1,6,2,42,7,1390,1,2,8,3
20144100A0749,1,9,0,5,0,8,0,0,0,0,3,1,2,2,41,7,1598,1,9,10,1
20144100A0749,2,1,0,18,0,8,1,0,0,0,1,1,2,1,60,9,-1,-1,-1,-1,-1
20144100A0755,1,9,0,9,0,6,0,0,0,0,1,1,2,1,31,6,1596,1,11,10,2
20144100A0755,2,9,0,18,0,8,1,0,8,0,1,1,6,1,39,7,1999,1,13,5,1
20144100A0755,3,9,0,18,0,1,0,0,0,0,1,1,6,1,42,7,1796,2,1,9,1
20144100A0760,1,9,0,9,0,6,0,0,0,0,4,1,1,1,19,4,998,1,1,10,1
20144100A0760,2,9,0,18,0,8,0,0,0,0,1,1,6,2,30,6,1984,1,7,-1,-1
20144100A0760,3,9,0,3,0,1,0,0,0,0,0,1,6,2,28,6,1582,2,4,3,1
20144100A0762,1,3,0,14,0,8,0,0,0,0,1,1,6,1,19,4,124,1,2,-1,-1
20144100A0762,2,9,0,9,0,6,0,0,0,0,3,1,1,1,29,6,-1,-1,-1,7,3
20144100A0763,1,9,0,18,0,0,0,8,0,0,4,1,6,2,44,7,1396,1,17,8,1
20144100A0763,2,19,0,2,0,0,0,0,0,0,3,1,2,1,40,7,-1,-1,-1,-1,-1
20144100A0769,1,9,0,18,0,0,0,4,0,0,1,1,1,2,34,6,1299,1,14,4,3
20144100A0769,2,9,0,2,0,0,0,0,0,0,1,1,1,2,37,7,1461,2,3,8,3
20144100A0770,1,11,0,5,0,1,0,0,0,0,4,1,1,1,58,9,-1,-1,-1,-1,-1
20144100A0774,1,8,0,18,0,2,0,0,0,0,1,1,6,1,-1,-1,1229,1,3,-1,-1
20144100A0777,1,9,0,9,0,8,0,0,0,0,3,1,6,2,43,7,1598,1,7,6,1
20144100A0777,2,9,0,18,0,8,0,0,0,0,1,1,1,2,51,8,1995,2,6,10,1
20144100A0778,1,9,0,6,0,0,0,0,6,0,1,1,2,1,29,6,-1,-1,-1,9,2
20144100A0778,2,9,0,3,0,0,0,0,0,0,1,1,3,2,41,7,1997,2,1,10,1
20144100A0780,1,19,0,18,0,3,0,0,0,0,2,1,1,1,24,5,2198,2,-1,5,3
20144100A0780,2,19,0,12,0,3,0,0,0,0,1,2,1,1,65,9,-1,-1,-1,-1,-1
20144100A0782,1,9,0,5,0,6,0,0,0,0,1,1,1,2,66,10,-1,-1,-1,10,1
20144100A0782,2,1,0,18,0,8,0,0,0,0,4,1,6,1,63,9,-1,-1,-1,8,1
20144100A0783,1,9,0,16,0,0,0,0,1,0,0,1,6,2,28,6,1598,1,13,10,1
20144100A0784,1,9,0,18,0,1,0,0,0,0,1,1,6,2,24,5,1242,1,4,-1,-1
20144100A0784,2,9,0,3,0,1,0,0,0,0,2,1,1,1,58,9,1198,1,10,9,3
20144100A0784,3,9,0,10,0,8,0,0,0,0,2,1,1,1,58,9,1968,2,7,-1,-1
20144100A0797,1,19,0,18,0,1,0,0,0,0,1,1,6,1,25,5,1248,2,1,-1,-1
20144100A0797,2,9,0,3,0,1,0,0,0,0,2,1,6,1,24,5,-1,-1,-1,10,2
20144100A0800,1,19,0,5,0,8,0,0,0,0,1,1,6,1,24,5,2143,2,4,5,1
20144100A0800,2,9,0,18,0,8,0,0,0,0,1,1,6,1,25,5,1598,1,7,-1,-1
20144100A0804,1,9,0,13,0,0,0,0,5,6,1,1,1,2,25,5,1242,1,6,-1,-1
20144100A0804,2,21,1,18,0,0,1,0,0,0,0,1,6,3,-1,-1,-1,-1,-1,-1,-1
20144100A0812,1,9,0,18,0,8,0,0,0,0,1,1,6,2,19,4,1242,1,5,4,1
20144100A0812,2,9,0,18,0,8,0,0,0,0,4,1,1,2,46,8,1598,1,4,10,1
20144100A0814,1,9,0,9,0,6,0,0,0,0,1,1,6,1,26,6,999,1,1,8,1
20144100A0814,2,1,0,18,0,8,0,0,0,0,1,1,6,1,48,8,-1,-1,-1,9,1
20144100A0815,1,9,0,18,7,1,0,0,0,0,1,1,6,1,60,9,3600,1,12,9,3
20144100A0816,1,19,0,18,0,4,0,0,0,1,1,1,1,1,25,5,1298,1,11,5,1
20144100A0816,2,9,0,18,0,8,0,0,1,10,4,1,2,1,23,5,1461,2,10,5,1
20144100A0817,1,9,0,9,0,5,0,0,0,0,1,1,1,2,54,8,1390,1,11,10,1
20144100A0817,2,9,0,18,0,8,0,0,0,0,1,1,1,2,49,8,2179,2,2,9,3
20144100A0818,1,9,0,18,0,1,0,0,0,0,1,1,6,1,33,6,2179,2,7,10,1
20144100A0818,2,9,0,4,0,1,0,0,0,0,2,1,6,2,53,8,1871,2,13,9,1
20144100A0818,3,19,0,10,0,1,0,0,0,0,3,1,6,1,24,5,1997,2,10,7,1
20144100A0818,4,9,0,18,0,2,0,0,0,0,0,1,6,1,54,8,1364,1,1,7,3
20144100A0819,1,9,0,18,0,1,0,0,0,0,1,1,6,1,24,5,-1,-1,-1,4,1
20144100A0819,2,9,0,10,0,1,0,0,0,0,2,1,6,1,44,7,3222,2,11,10,1
20144100A0821,1,9,0,1,0,0,0,0,0,0,2,1,6,1,25,5,1781,1,15,9,1
20144100A0821,2,9,0,2,0,0,0,0,0,0,4,1,6,2,17,4,1328,1,7,7,1
20144100A0823,1,9,0,17,0,0,5,10,8,0,3,1,6,1,43,7,1596,1,6,9,3
20144100A0825,1,9,0,10,0,1,0,0,0,0,2,1,6,2,19,4,1198,1,1,8,1
20144100A0825,2,19,0,18,0,1,0,0,0,0,1,1,6,1,55,8,2463,2,7,8,3
20144100A0826,1,5,0,18,0,8,1,0,0,0,1,1,6,1,50,8,1100,1,11,4,1
20144100A0826,2,9,0,9,0,5,0,0,0,0,4,1,2,2,40,7,1995,2,-1,10,1
20144100B0007,1,9,0,3,0,1,0,0,0,0,1,1,6,1,-1,-1,1910,2,9,-1,-1
20144100B0007,2,9,0,3,0,1,0,0,0,0,2,1,1,1,37,7,1797,8,4,2,1
20144100B0012,1,9,0,5,0,6,0,0,0,0,1,1,6,1,70,10,1968,2,4,-1,-1
20144100B0012,2,1,0,18,0,8,0,0,0,0,4,1,6,1,46,8,-1,-1,-1,5,1
20144100B0017,1,9,0,18,0,3,0,0,0,0,3,1,6,1,17,4,2982,2,2,7,2
20144100B0017,2,9,0,18,0,3,0,10,0,0,4,1,6,1,22,5,1995,2,5,2,1
20144100B0019,1,9,0,18,0,0,0,4,0,0,1,1,6,1,69,10,-1,-1,-1,10,1
20144100B0019,2,9,0,2,0,0,0,0,1,0,2,1,6,1,71,10,-1,-1,-1,7,1
20144100B0023,1,9,0,18,0,1,0,10,1,0,1,1,6,1,53,8,1685,2,1,5,1
20144100B0023,2,9,0,7,0,5,0,10,7,0,4,1,6,2,25,5,1364,1,9,2,1
20144100B0030,1,9,0,6,0,0,0,0,0,0,0,1,1,1,35,6,-1,-1,-1,-1,-1
20144100B0030,2,9,0,18,0,0,0,0,0,0,2,1,6,1,56,9,1968,2,8,8,3
20144100B0030,3,9,0,18,0,0,1,0,0,0,1,1,6,2,37,7,1596,1,11,8,1
20144100B0031,1,9,0,3,0,1,0,0,0,0,1,1,1,2,46,8,1769,1,10,4,1
20144100B0031,2,9,0,3,0,1,0,0,0,0,2,1,2,2,45,7,1461,2,1,5,1
20144100B0032,1,9,0,5,0,4,0,0,0,0,1,1,6,1,49,8,1995,2,3,5,1
20144100B0032,2,1,0,18,0,8,0,0,0,0,2,1,6,1,54,8,-1,-1,-1,5,1
20144100B0041,1,20,1,18,0,0,0,0,0,0,0,1,6,3,-1,-1,-1,-1,-1,-1,-1
20144100B0041,2,9,0,18,0,0,0,4,0,0,1,1,2,2,33,6,1896,2,17,6,1
20144100B0041,3,9,0,2,0,0,0,4,0,0,2,1,6,3,-1,-1,-1,-1,-1,-1,-1
20144100B0041,4,9,0,2,0,0,0,0,0,0,2,1,6,3,-1,-1,1124,1,11,-1,-1
20144100B0042,1,9,0,17,0,0,2,4,0,0,1,1,6,2,77,11,1242,1,14,7,1
20144100B0042,2,9,0,2,0,0,0,0,0,0,3,1,6,2,24,5,1299,1,10,7,2
20144100B0046,1,9,0,18,0,1,0,0,0,0,1,1,6,1,80,11,1600,1,9,7,1
20144100B0047,1,9,0,18,0,1,0,0,1,0,1,1,2,1,32,6,2996,7,8,8,1
20144100B0047,2,9,0,9,0,5,0,0,7,0,1,1,2,1,19,4,-1,-1,-1,3,1
20144100B0048,1,9,0,4,0,1,0,0,0,0,1,1,6,1,41,7,-1,-1,-1,7,1
20144100B0048,2,9,0,3,0,1,0,0,0,0,2,1,1,1,55,8,1248,1,2,5,1
20144100B0049,1,9,0,18,0,4,0,0,0,0,0,1,6,3,-1,-1,-1,-1,-1,-1,-1
20144100B0049,2,3,0,18,0,8,0,0,0,0,0,1,2,2,21,5,125,1,1,4,1
20144100B0056,1,9,0,7,0,6,0,0,0,0,1,1,1,2,43,7,-1,-1,-1,5,1
20144100B0056,2,9,0,18,0,1,0,0,0,0,1,1,3,2,38,7,-1,-1,-1,7,1
20144100B0061,1,9,0,18,0,8,0,0,0,0,1,1,6,1,20,4,1598,2,-1,10,1
20144100B0061,2,9,0,10,0,8,0,0,0,0,2,1,6,2,47,8,-1,-1,-1,10,1
20144100B0063,1,9,0,18,0,0,0,0,0,0,4,1,6,2,33,6,1390,1,1,-1,1
20144100B0063,2,9,0,12,0,0,0,0,0,0,3,1,6,1,48,8,1994,2,11,10,1
20144100B0071,1,9,0,17,0,0,0,0,0,0,0,1,6,3,-1,-1,-1,-1,-1,-1,-1
20144100B0071,2,9,0,16,0,0,2,0,2,0,1,1,6,1,21,5,-1,-1,-1,7,1
20144100B0072,1,9,0,18,0,0,0,0,0,0,1,1,6,1,35,6,1761,1,14,-1,-1
20144100B0073,1,9,0,18,0,1,0,0,0,0,1,1,6,1,22,5,1199,1,11,-1,1
20144100B0073,2,9,0,3,0,1,0,0,0,0,2,1,6,1,41,7,1598,2,3,-1,-1