Accident_Index,Vehicle_Reference,Vehicle_Type,Towing_and_Articulation,Vehicle_Manoeuvre,Vehicle_Location-Restricted_Lane,Junction_Location,Skidding_and_Overturning,Hit_Object_in_Carriageway,Vehicle_Leaving_Carriageway,Hit_Object_off_Carriageway,1st_Point_of_Impact,Was_Vehicle_Left_Hand_Drive?,Journey_Purpose_of_Driver,Sex_of_Driver,Age_of_Driver,Age_Band_of_Driver,Engine_Capacity_(CC),Propulsion_Code,Age_of_Vehicle,Driver_IMD_Decile,Driver_Home_Area_Type
20144100B0074,1,9,0,4,0,8,0,0,0,0,2,1,6,2,24,5,1498,1,7,8,1
20144100B0074,2,9,0,18,0,8,0,0,0,0,1,1,6,1,33,6,-1,-1,-1,10,1
20144100B0075,1,9,0,4,0,1,0,0,0,0,1,1,6,1,-1,-1,-1,-1,-1,-1,-1
20144100B0075,2,9,0,3,0,1,0,0,0,0,2,1,6,2,35,6,-1,-1,-1,-1,1
20144100B0078,1,11,0,4,0,2,0,0,0,0,0,1,3,1,34,6,9600,2,15,7,1
20144100B0079,1,9,0,16,0,0,1,0,1,9,1,1,2,1,25,5,-1,-1,-1,6,1
20144100B0080,1,9,4,16,0,0,1,0,0,0,3,1,1,1,57,9,-1,-1,-1,4,1
20144100B0080,2,9,0,17,0,0,0,0,0,0,3,1,2,1,30,6,-1,-1,-1,9,1
20144100B0082,1,9,0,18,0,0,1,0,7,9,2,1,6,1,21,5,1242,1,5,7,3
20144100B0083,1,9,0,9,0,6,0,0,0,0,1,1,6,1,40,7,1598,1,6,10,1
20144100B0083,2,9,0,17,0,8,0,0,0,0,1,1,2,2,27,6,1997,1,9,8,1
20144100B0087,1,9,0,18,0,0,0,0,0,0,1,1,6,1,30,6,-1,-1,-1,-1,-1
20144100B0087,2,2,0,3,0,0,0,0,0,0,2,1,6,1,19,4,124,1,5,4,1
20144100B0090,1,8,0,4,0,4,0,0,0,0,1,1,1,1,-1,-1,1797,8,4,2,1
20144100B0093,1,9,0,13,0,0,0,0,0,0,0,1,1,1,28,6,1956,2,3,-1,1
20144100B0093,2,9,0,4,0,0,0,0,0,0,1,1,6,1,19,4,1388,1,15,-1,3
20144100B0093,3,9,0,4,0,0,0,0,0,0,2,1,6,2,45,7,1198,1,7,5,1
20144100B0093,4,9,0,18,0,0,0,0,0,0,1,1,6,1,17,4,1968,2,8,4,1
20144100B0094,1,9,0,18,0,8,1,0,1,4,1,1,6,1,27,6,1781,1,15,4,1
20144100B0094,2,9,0,18,0,2,0,0,1,4,3,1,6,2,23,5,1299,1,9,9,1
20144100B0096,1,19,0,9,0,6,0,0,0,0,1,1,1,1,48,8,1995,2,3,-1,-1
20144100B0096,2,5,0,18,0,1,0,0,0,0,4,1,1,1,26,6,-1,-1,-1,9,1
20144100B0097,1,9,0,18,0,0,0,4,0,0,1,1,6,1,72,10,1986,1,24,10,1
20144100B0097,2,9,0,2,0,0,0,0,1,2,2,1,6,1,40,7,1998,2,8,2,1
20144100B0098,1,9,0,4,0,0,0,0,0,0,1,1,2,1,23,5,1124,1,13,5,1
20144100B0098,2,9,0,3,0,0,0,0,0,0,2,1,3,2,40,7,1799,1,15,6,1
20144100B0100,1,19,0,18,0,1,0,0,0,0,1,1,1,1,48,8,1998,2,13,6,1
20144100B0100,2,9,0,10,0,1,0,0,0,0,2,1,1,1,30,6,2143,2,4,3,1
20144100B0101,1,9,0,18,0,4,0,0,0,0,1,1,6,2,24,5,1598,1,1,9,2
20144100B0101,2,1,0,18,0,8,0,0,0,0,4,1,2,1,48,8,-1,-1,-1,6,1
20144100B0104,1,9,0,18,0,4,0,0,0,0,1,1,6,2,33,6,1598,2,4,9,1
20144100B0104,2,9,0,18,0,3,0,9,0,0,4,1,6,2,30,6,1197,1,1,6,1
20144100B0109,1,9,0,16,0,0,0,0,7,1,1,1,1,2,47,8,1596,1,11,7,1
20144100B0114,1,9,0,18,0,8,0,0,0,0,1,1,6,3,-1,-1,-1,-1,-1,-1,-1
20144100B0114,2,1,0,18,0,8,0,0,0,0,3,1,6,2,49,8,-1,-1,-1,-1,-1
20144100B0115,1,9,0,4,0,1,0,0,0,0,1,1,6,2,27,6,698,1,7,9,1
20144100B0115,2,9,0,3,0,1,0,0,0,0,2,1,1,2,35,6,998,1,3,4,1
20144100B0116,1,9,0,18,0,1,0,0,0,0,1,1,1,2,22,5,1124,1,8,10,3
20144100B0116,2,9,0,9,0,1,0,0,0,0,1,1,1,1,22,5,1395,1,1,8,1
20144100B0117,1,19,0,18,0,0,0,0,1,4,1,1,1,1,34,6,2198,2,1,7,1
20144100B0121,1,9,0,18,0,8,0,0,1,0,3,1,6,1,21,5,998,1,3,9,1
20144100B0121,2,9,0,9,0,8,0,0,0,0,1,1,6,3,-1,-1,1796,1,11,-1,-1
20144100B0122,1,9,0,7,0,1,0,0,0,0,1,1,6,1,28,6,1198,1,10,4,1
20144100B0122,2,9,0,8,0,1,0,0,0,0,2,1,6,1,67,10,1896,2,12,7,1
20144100B0123,1,9,0,16,0,0,1,10,4,1,1,1,6,1,20,4,1229,1,7,9,1
20144100B0130,1,9,0,18,0,0,1,10,1,9,1,1,2,2,25,5,1360,1,13,-1,-1
20144100B0133,1,2,0,18,0,0,0,10,0,0,1,1,6,2,19,4,-1,-1,-1,-1,-1
20144100B0137,1,9,0,18,0,2,0,0,0,0,1,1,6,3,-1,-1,-1,-1,-1,-1,-1
20144100B0141,1,9,0,18,0,8,0,0,0,0,3,1,6,1,39,7,1783,1,10,-1,1
20144100B0141,2,9,0,18,0,3,0,0,0,0,4,1,6,1,29,6,1360,1,4,4,1
20144100B0143,1,8,0,18,0,2,0,0,0,0,1,1,1,1,48,8,1998,2,8,6,1
20144100B0149,1,9,0,17,0,0,0,0,0,0,3,1,6,2,71,10,1994,1,7,10,1
20144100B0149,2,19,0,16,0,0,0,0,0,0,3,1,1,1,33,6,2198,2,5,2,1
20144100B0151,1,9,0,7,0,1,1,0,3,4,1,1,6,1,22,5,1197,1,1,2,1
20144100B0158,1,9,0,9,0,6,0,0,0,0,3,1,6,1,67,10,1560,2,3,8,1
20144100B0158,2,3,0,13,0,8,0,0,7,7,1,1,2,1,26,6,125,1,1,10,2
20144100B0164,1,8,0,5,0,0,0,0,0,0,1,1,6,1,30,6,-1,-1,-1,-1,-1
20144100B0165,1,9,0,18,0,1,0,0,0,0,1,1,6,1,67,10,1796,1,7,7,1
20144100B0165,2,9,0,9,0,6,0,0,0,0,1,1,6,2,19,4,1242,1,12,-1,-1
20144100B0167,1,9,0,9,0,6,0,0,0,0,1,1,2,2,39,7,2148,2,11,3,1
20144100B0167,2,9,0,18,0,8,5,0,8,10,1,1,2,2,58,9,1596,1,9,8,1
20144100B0174,1,8,0,18,0,4,0,0,0,0,1,1,1,1,35,6,1896,2,6,10,1
20144100B0174,2,9,0,9,0,8,0,0,0,0,4,1,6,2,84,11,1388,1,4,8,1
20144100B0178,1,9,0,18,0,8,0,0,0,0,3,1,6,2,35,6,1124,1,12,8,1
20144100B0178,2,5,0,18,0,8,0,0,0,0,1,1,6,1,49,8,649,1,4,8,1
20144100B0181,1,9,0,18,0,0,1,0,0,0,1,1,2,2,41,7,-1,-1,-1,9,3
20144100B0181,2,9,0,18,0,0,0,0,1,0,1,1,6,2,74,10,1339,1,7,9,2
20144100B0181,3,9,0,18,0,0,0,0,0,0,3,1,2,2,40,7,1229,1,7,5,1
20144100B0186,1,9,0,18,0,0,0,0,0,0,1,1,6,1,59,9,1988,1,10,8,1
20144100B0188,1,9,0,18,0,8,0,0,0,0,4,1,6,2,30,6,1783,1,13,9,1
20144100B0188,2,9,0,18,0,4,0,0,0,0,1,1,1,2,-1,-1,1896,2,12,-1,-1
20144100B0189,1,9,0,9,0,5,0,0,0,0,3,1,6,1,20,4,1796,1,9,9,1
20144100B0189,2,9,0,13,0,8,0,0,0,0,1,1,6,2,24,5,1595,1,13,-1,-1
20144100B0194,1,9,0,18,0,8,0,0,0,0,3,1,6,1,27,6,1199,1,11,10,2
20144100B0199,1,9,0,13,0,0,1,0,7,4,1,1,6,1,29,6,1998,1,10,7,1
20144100B0199,2,9,0,17,0,0,1,0,1,0,1,1,6,2,20,4,998,1,12,6,1
20144100B0199,3,9,0,16,0,0,1,0,0,0,3,1,6,1,67,10,1753,2,14,7,1
20144100B0199,4,9,0,16,0,0,1,0,1,0,4,1,6,1,35,6,1598,1,9,7,1
20144100B0204,1,9,0,18,0,0,0,0,7,4,1,1,1,1,66,10,2987,2,7,9,3
20144100B0206,1,9,0,18,0,4,0,0,0,0,1,1,6,1,37,7,1995,2,15,2,1
20144100B0206,2,9,0,18,0,4,0,0,0,0,2,1,6,2,60,9,1596,1,11,9,1
20144100B0210,1,9,0,18,0,8,0,0,0,0,1,1,6,1,50,8,-1,-1,-1,-1,-1
20144100B0210,2,1,0,18,0,6,0,0,0,0,4,1,6,1,10,2,-1,-1,-1,4,1
20144100B0212,1,9,0,18,0,0,0,0,0,0,1,1,6,1,70,10,1560,2,2,2,1
20144100B0212,2,9,0,18,0,0,5,0,0,0,1,1,2,2,19,4,1149,1,14,8,1
20144100B0216,1,9,0,4,0,1,0,0,0,0,1,1,6,2,58,9,998,1,13,8,1
20144100B0216,2,9,0,4,0,1,0,0,0,0,2,1,6,2,36,7,2198,1,8,8,1
20144100B0218,1,9,0,18,0,0,0,0,0,0,1,1,6,1,68,10,1396,1,11,10,2
20144100B0218,2,9,0,3,0,0,0,0,0,0,2,1,6,1,49,8,1995,1,11,2,1
20144100B0219,1,9,0,18,0,3,0,0,0,0,4,1,6,3,-1,-1,1910,2,6,-1,-1
20144100B0219,2,9,0,18,0,3,1,10,0,0,3,1,6,1,17,4,-1,-1,-1,-1,-1
20144100B0220,1,3,0,16,0,0,1,0,1,3,4,1,1,1,47,8,124,1,3,9,1
20144100B0220,2,9,0,17,0,0,0,0,0,0,0,1,6,2,49,8,2993,2,-1,-1,-1
20144100B0221,1,1,0,18,0,0,0,0,0,0,3,1,6,1,29,6,-1,-1,-1,6,1
20144100B0223,1,9,0,18,0,2,0,0,0,0,4,1,6,1,30,6,-1,-1,-1,-1,-1
20144100B0224,1,9,0,18,0,0,0,0,1,0,1,1,6,1,34,6,1497,8,9,5,1
20144100B0229,1,9,0,9,0,6,0,0,0,0,3,1,6,1,69,10,1596,1,3,10,1
20144100B0229,2,4,0,18,0,8,0,0,0,0,1,1,6,1,29,6,249,1,25,9,1
20144100B0233,1,9,0,18,0,0,0,0,0,0,4,1,6,2,70,10,1596,1,5,-1,-1
20144100B0243,1,9,0,18,0,1,0,0,0,0,1,1,2,1,67,10,-1,-1,-1,6,1
20144100B0243,2,1,0,18,0,1,0,0,0,0,3,1,6,2,15,3,-1,-1,-1,8,1
20144100B0244,1,9,0,9,0,6,0,0,0,0,1,1,1,2,30,6,1360,1,11,-1,-1
20144100B0244,2,9,0,18,0,8,0,0,0,0,4,1,1,1,36,7,1198,1,7,8,1
20144100B0245,1,9,0,9,0,6,0,0,0,0,3,1,2,2,31,6,1390,1,10,3,1
20144100B0245,2,5,0,18,0,8,0,0,0,0,1,1,6,1,38,7,1000,1,6,6,1
20144100B0246,1,9,0,18,0,1,0,0,0,0,1,1,6,1,40,7,-1,-1,-1,-1,-1
20144100B0246,2,9,0,3,0,1,0,0,0,0,2,1,2,2,27,6,1390,1,8,7,3
20144100B0247,1,9,0,18,0,8,0,0,0,0,2,1,6,1,28,6,1968,2,1,-1,-1
20144100B0247,2,9,0,11,0,8,0,0,0,0,2,1,1,1,29,6,-1,-1,-1,5,1
20144100B0247,3,19,0,18,0,8,0,0,0,0,1,1,6,1,33,6,2198,2,-1,5,1
20144100B0249,1,9,0,7,0,6,0,0,0,0,1,1,6,2,66,10,1200,1,1,10,3
20144100B0249,2,1,0,18,0,8,0,0,0,0,4,1,6,1,72,10,-1,-1,-1,8,1
20144100B0250,1,9,0,18,0,6,0,0,0,0,1,1,1,1,29,6,1229,1,2,3,1
20144100B0250,2,9,0,18,0,8,1,0,0,0,4,1,6,1,72,10,1995,2,6,10,2
20144100B0252,1,9,0,16,0,2,0,0,0,0,3,1,6,3,-1,-1,-1,-1,-1,-1,-1
20144100B0252,2,9,0,16,0,2,0,0,0,0,4,1,6,1,35,6,998,7,12,9,2
20144100B0252,3,9,0,18,0,1,0,0,0,0,1,1,1,1,36,7,1398,2,-1,-1,1
20144100B0253,1,9,0,18,0,0,0,0,0,0,1,1,6,1,28,6,1086,1,5,-1,1
20144100B0253,2,9,0,4,0,0,0,0,0,0,2,1,6,2,43,7,1390,1,13,5,1
20144100B0253,3,9,0,4,0,0,0,0,0,0,2,2,6,1,55,8,-1,-1,-1,-1,-1
20144100B0254,1,9,0,13,0,0,0,0,0,0,3,1,6,1,48,8,2099,2,8,10,1
20144100B0254,2,1,0,18,0,0,0,0,0,0,3,1,6,1,63,9,-1,-1,-1,10,2
20144100B0258,1,9,0,5,0,1,0,0,0,0,1,1,6,2,45,7,1910,2,7,-1,-1
20144100B0258,2,9,0,4,0,1,0,0,0,0,2,1,6,1,25,5,-1,-1,-1,8,1
20144100B0258,3,9,0,4,0,1,0,0,0,0,2,1,2,2,44,7,1968,2,4,9,1
20144100B0259,1,9,0,9,0,5,0,0,0,0,1,1,6,1,62,9,-1,-1,-1,10,1
20144100B0259,2,9,0,18,0,1,0,0,0,0,1,1,6,1,42,7,1598,1,17,8,1
20144100B0263,1,9,0,18,0,1,0,0,0,0,1,1,2,1,50,8,1390,1,12,10,1
20144100B0263,2,9,0,3,0,1,0,0,0,0,2,1,2,2,21,5,973,1,12,6,1
20144100B0264,1,9,0,16,0,3,5,10,0,0,1,1,6,2,20,4,1299,1,12,-1,-1
20144100B0271,1,9,0,5,0,0,0,0,0,0,1,1,6,3,-1,-1,-1,-1,-1,-1,-1
20144100B0275,1,9,0,5,0,1,0,0,0,0,1,1,6,1,30,6,1997,2,11,-1,-1
20144100B0275,2,2,0,3,0,1,0,0,0,0,2,1,6,1,16,4,49,1,9,3,1
20144100B0277,1,19,0,18,0,0,0,0,0,0,1,1,1,1,49,8,2198,2,1,7,1
20144100B0279,1,9,0,9,0,6,0,0,0,0,3,1,6,2,27,6,1598,1,7,6,1
20144100B0279,2,9,0,18,0,1,0,0,0,0,1,1,6,1,40,7,-1,-1,-1,6,1
20144100B0281,1,9,5,9,0,2,0,0,0,0,3,1,6,1,50,8,-1,-1,-1,6,1
20144100B0281,2,1,0,10,0,1,0,0,0,0,3,1,1,1,44,7,-1,-1,-1,6,1
20144100B0282,1,9,0,18,0,0,0,0,0,0,1,1,2,1,56,9,1364,2,6,4,1
20144100B0284,1,11,0,14,0,0,0,0,0,0,1,1,1,1,40,7,6370,2,5,9,1
20144100B0284,2,9,0,2,0,0,0,0,0,0,0,1,1,1,60,9,1598,1,18,4,1
20144100B0292,1,9,0,18,0,1,0,0,0,0,1,1,6,2,24,5,1198,1,4,7,1
20144100B0292,2,9,0,10,0,1,0,0,0,0,2,1,2,2,35,6,1753,2,11,10,1
20144100B0293,1,9,0,13,0,8,0,0,0,0,0,1,6,3,-1,-1,-1,-1,-1,-1,-1
20144100B0293,2,1,0,18,0,8,0,10,1,0,0,1,2,1,60,9,-1,-1,-1,7,1
20144100B0297,1,21,1,18,0,8,0,0,0,0,1,2,1,1,34,6,-1,-1,-1,-1,-1
20144100B0297,2,9,0,18,0,8,0,0,0,0,2,1,6,2,21,5,1124,1,12,7,1
20144100B0299,1,9,0,9,0,6,0,0,0,0,3,1,6,3,-1,-1,-1,-1,-1,-1,-1
20144100B0299,2,1,0,18,0,8,1,0,0,0,1,1,6,1,19,4,-1,-1,-1,10,1
20144100B0301,1,9,0,4,0,1,1,0,0,0,3,1,6,1,26,6,-1,-1,-1,7,1
20144100B0301,2,1,0,7,0,5,1,0,0,0,1,1,6,1,22,5,-1,-1,-1,-1,-1
20144100B0307,1,9,0,4,0,1,0,10,3,4,1,1,6,2,75,10,-1,-1,-1,10,1
20144100B0308,1,19,0,9,0,6,0,0,0,0,3,1,6,3,-1,-1,-1,-1,-1,-1,-1
20144100B0308,2,4,0,18,0,8,0,0,0,0,1,1,6,1,32,6,-1,-1,-1,4,1
20144100B0311,1,9,0,18,0,8,0,0,1,9,4,1,6,2,27,6,1998,1,12,5,1
20144100B0311,2,9,0,9,0,6,0,0,0,0,0,1,6,1,56,9,1998,1,14,8,3
20144100B0313,1,9,0,6,0,0,0,0,0,0,3,1,6,2,20,4,1769,1,12,-1,-1
20144100B0313,2,5,0,14,0,0,0,0,0,0,1,1,6,1,40,7,998,1,9,7,1
20144100B0314,1,9,0,18,0,8,0,0,1,0,4,1,6,1,30,6,-1,-1,-1,10,1
20144100B0314,2,11,0,7,0,4,0,0,0,0,1,1,1,1,63,9,4461,2,2,5,1
20144100B0315,1,9,0,12,0,8,0,0,0,0,3,1,6,1,76,11,1390,1,-1,6,1
20144100B0315,2,9,0,18,0,8,0,0,0,0,4,1,6,1,64,9,998,1,5,9,1
20144100B0316,1,9,0,5,0,1,0,0,0,0,1,1,2,2,24,5,1364,1,5,7,1
20144100B0316,2,9,0,3,0,1,0,0,0,0,2,1,1,1,26,6,1248,2,-1,-1,-1
20144100B0317,1,9,0,9,0,8,0,0,0,0,4,1,6,2,34,6,1598,1,12,6,1
20144100B0317,2,19,0,4,0,4,0,0,0,0,1,1,6,1,-1,-1,-1,-1,-1,-1,-1
20144100B0318,1,3,0,4,0,1,0,0,0,0,4,1,6,1,17,4,124,1,4,6,1
20144100B0319,1,9,0,18,0,8,0,0,0,0,3,1,6,1,68,10,1197,1,-1,-1,-1
20144100B0319,2,9,0,18,0,8,0,0,1,1,1,1,6,2,54,8,998,1,1,9,1
20144100B0321,1,9,0,16,0,0,1,0,8,10,1,1,6,1,23,5,1595,1,10,5,1
20144100B0323,1,9,0,4,0,1,1,0,0,0,1,1,6,1,21,5,1596,1,14,3,1
20144100B0323,2,9,0,4,0,1,0,0,0,0,2,1,6,1,38,7,1590,1,11,5,1
20144100B0326,1,9,0,9,0,6,0,0,0,0,1,1,1,2,62,9,1587,1,11,9,1
20144100B0326,2,1,0,18,0,8,0,0,0,0,4,1,1,1,43,7,-1,-1,-1,10,1
20144100B0327,1,9,0,9,0,6,0,0,0,0,1,1,6,2,48,8,1995,1,7,-1,-1
20144100B0327,2,2,0,18,0,8,0,0,0,0,4,1,6,1,19,4,49,1,5,9,1
20144100B0329,1,21,0,11,0,1,0,0,0,0,4,1,1,1,21,5,10837,2,3,7,1
20144100B0329,2,9,0,18,0,1,1,0,0,0,3,1,6,1,70,10,1240,1,5,9,2
20144100B0330,1,9,0,17,0,0,0,0,1,10,1,1,6,1,28,6,1199,1,13,4,1
20144100B0330,2,10,0,18,0,0,0,0,0,0,0,1,1,1,40,7,-1,-1,-1,-1,1
20144100B0330,3,9,0,2,0,0,0,0,0,0,1,1,6,3,-1,-1,1598,1,7,-1,-1
20144100B0330,4,9,0,2,0,0,0,0,0,0,3,1,6,3,-1,-1,2685,2,11,-1,-1
20144100B0330,5,9,0,2,0,0,0,0,0,0,3,1,6,3,-1,-1,1388,1,8,-1,-1
20144100B0336,1,11,0,4,0,0,0,0,0,0,4,1,6,1,56,9,5883,2,13,8,1
20144100B0342,1,9,0,18,0,1,0,0,0,0,1,1,6,2,34,6,1896,2,13,5,1
20144100B0342,2,9,0,4,0,1,0,0,0,0,2,1,1,2,52,8,1198,1,2,6,1
20144100B0346,1,9,0,5,0,8,0,0,0,0,2,1,1,2,41,7,1598,2,3,9,3
20144100B0346,2,9,0,5,0,8,0,0,0,0,1,1,6,1,-1,-1,1596,1,6,3,1
20144100B0348,1,9,0,5,0,1,0,0,0,0,1,1,2,1,44,7,1686,2,11,7,1
20144100B0348,2,9,0,4,0,1,0,0,0,0,2,1,2,1,49,8,1248,1,4,6,1
20144100B0352,1,9,0,15,0,0,0,0,1,0,3,1,6,1,25,5,1985,1,14,6,1
20144100B0352,2,9,0,18,0,0,0,0,0,0,4,1,1,2,60,9,1596,1,6,9,1
20144100B0352,3,9,0,3,0,0,0,0,0,0,2,1,1,2,50,8,1596,1,14,7,1
20144100B0354,1,9,0,18,0,0,0,0,0,0,1,1,6,1,23,5,-1,-1,-1,3,1
20144100B0354,2,3,0,18,0,0,0,0,0,0,1,1,6,1,20,4,125,1,-1,8,1
20144100B0359,1,9,0,12,0,0,0,0,0,0,1,1,6,2,24,5,1598,2,2,8,1
20144100B0359,2,11,0,3,0,0,0,0,0,0,2,1,1,1,29,6,5883,2,13,4,1
20144100B0365,1,9,0,9,0,5,0,0,0,0,1,1,6,2,18,4,1149,1,5,9,1
20144100B0365,2,9,0,18,0,1,0,0,0,0,1,1,6,2,49,8,-1,-1,-1,8,1
20144100B0367,1,17,0,17,5,0,0,0,0,0,1,1,1,1,42,7,-1,2,3,7,1
20144100B0367,2,1,0,16,5,0,1,0,0,0,1,1,2,1,59,9,-1,-1,-1,6,1
20144100B0369,1,1,0,18,0,1,1,0,0,0,1,1,6,1,19,4,-1,-1,-1,7,1
20144100B0369,2,9,0,10,0,1,0,0,0,0,3,1,6,2,49,8,2179,2,3,10,1
20144100B0370,1,9,0,8,0,1,0,0,0,0,1,1,6,1,85,11,2967,1,10,10,1
20144100B0370,2,9,0,8,0,1,0,0,0,0,2,1,6,1,69,10,1598,1,12,10,1
20144100B0371,1,9,0,8,0,1,0,0,0,0,2,1,6,2,64,9,1796,1,3,-1,-1
20144100B0371,2,9,0,8,0,1,0,0,0,0,1,1,6,2,52,8,1753,2,10,6,1
20144100B0374,1,9,0,18,0,2,0,0,0,0,1,1,6,2,55,8,1798,1,1,-1,-1
20144100B0374,2,1,0,4,0,2,0,0,0,0,2,1,6,1,60,9,-1,-1,-1,5,1
20144100B0382,1,9,0,9,0,6,0,0,0,0,1,1,2,1,30,6,-1,-1,-1,3,1
20144100B0382,2,9,0,18,0,8,0,0,0,0,4,1,6,1,29,6,1360,1,10,4,1
20144100B0391,1,9,0,7,0,8,0,0,0,0,4,1,6,1,65,9,1396,1,13,10,1
20144100B0391,2,1,0,18,0,8,0,0,0,0,3,1,1,1,35,6,-1,-1,-1,10,1
20144100B0394,1,9,0,4,0,1,0,0,0,0,1,1,2,1,31,6,1422,2,9,6,1
20144100B0394,2,9,0,8,0,1,0,0,0,0,2,1,3,1,60,9,1398,1,1,9,1
20144100B0395,1,9,0,1,9,8,0,0,0,0,1,1,6,2,48,8,1390,1,12,5,1
20144100B0395,2,9,0,3,0,8,0,0,0,0,2,1,6,1,87,11,1396,1,21,-1,-1
20144100B0395,3,9,0,18,0,8,0,0,0,0,1,1,6,1,32,6,3200,2,7,3,1
20144100B0404,1,9,0,18,0,8,0,0,7,10,1,1,6,2,50,8,-1,-1,-1,10,2
20144100B0404,2,9,0,9,0,6,0,0,1,10,3,1,6,2,19,4,1299,1,11,4,1
20144100B0405,1,9,0,14,0,8,0,0,0,0,1,1,6,2,50,8,1998,1,11,-1,-1
20144100B0405,2,9,0,18,0,8,0,0,0,0,1,1,6,1,28,6,1598,1,13,9,1
20144100B0405,3,9,0,2,0,8,0,0,0,0,4,1,6,2,31,6,1200,1,1,4,1
20144100B0406,1,9,0,3,0,1,0,0,0,0,2,1,6,2,63,9,1198,1,12,10,1
20144100B0406,2,9,0,3,0,1,0,0,0,0,1,1,3,2,50,8,-1,-1,-1,10,1
20144100B0409,1,9,0,4,0,0,0,0,0,0,2,1,6,2,42,7,1298,1,12,-1,-1
20144100B0409,2,9,0,3,0,0,0,0,0,0,2,1,6,2,76,11,1246,1,7,-1,-1
20144100B0409,3,9,0,18,0,0,0,0,0,0,1,1,6,2,24,5,998,1,1,-1,-1
20144100B0410,1,9,0,9,0,6,1,0,0,0,4,1,6,1,30,6,2979,1,11,-1,-1
20144100B0410,2,3,0,18,0,8,1,0,0,0,1,1,2,1,22,5,125,1,-1,10,3
20144100B0412,1,9,0,1,0,0,0,0,0,0,2,1,6,1,40,7,-1,-1,-1,7,1
20144100B0413,1,9,0,18,0,1,0,0,0,0,1,1,6,2,82,11,1248,1,1,10,1
20144100B0413,2,9,0,10,0,1,0,0,0,0,2,1,6,1,54,8,1390,1,2,7,1
20144100B0415,1,9,0,18,0,8,0,0,0,0,3,1,2,1,29,6,-1,-1,-1,6,1
20144100B0415,2,3,0,18,0,8,0,0,0,0,4,1,2,1,18,4,124,1,-1,9,1
20144100B0418,1,9,0,4,0,6,0,0,0,0,1,1,1,2,33,6,1997,2,2,6,1
20144100B0418,2,1,0,18,0,8,0,0,0,0,3,1,4,2,11,3,-1,-1,-1,5,1
20144100B0419,1,9,0,9,0,5,1,0,0,0,4,1,1,1,64,9,2149,2,7,7,1
20144100B0419,2,9,0,18,0,1,0,0,0,0,1,1,2,1,28,6,-1,-1,-1,5,1
20144100B0419,3,9,0,10,0,1,0,0,0,0,3,1,6,2,38,7,1798,1,4,6,1
20144100B0419,4,9,0,3,0,1,0,0,0,0,1,1,1,1,44,7,1968,2,6,5,1
20144100B0420,1,9,0,5,0,4,0,0,0,0,1,1,6,2,31,6,1598,1,3,-1,-1
20144100B0420,2,1,0,18,0,8,0,0,0,0,4,1,6,1,24,5,-1,-1,-1,6,1
20144100B0421,1,2,0,18,0,3,0,10,0,0,3,1,6,1,22,5,49,1,1,2,1
20144100B0425,1,1,0,18,0,0,0,0,0,0,3,1,6,1,36,7,-1,-1,-1,6,1
20144100B0425,2,4,0,18,0,0,0,0,0,0,1,1,6,1,76,11,250,1,12,9,1
20144100B0429,1,9,0,9,0,6,0,0,0,0,1,1,6,2,59,9,1995,2,2,8,1
20144100B0429,2,9,0,18,0,8,0,0,0,0,1,1,6,1,57,9,1796,1,5,10,1
20144100B0430,1,19,0,9,0,6,0,0,0,0,1,1,1,2,40,7,-1,-1,-1,-1,-1
20144100B0430,2,9,0,18,0,8,0,0,0,0,1,1,6,2,34,6,1596,1,8,10,1
20144100B0432,1,9,0,9,0,5,0,0,0,0,1,1,6,1,62,9,1398,2,1,8,1
20144100B0432,2,2,0,18,0,8,1,0,0,0,1,1,6,1,16,4,49,1,9,5,1
20144100B0437,1,9,0,3,0,1,0,0,0,0,2,1,2,1,-1,-1,2488,2,9,-1,-1
20144100B0437,2,9,0,18,0,1,0,0,0,0,1,1,2,2,21,5,1124,1,13,7,1
20144100B0440,1,5,0,7,0,5,1,0,0,0,0,1,6,1,50,8,-1,-1,-1,10,3
20144100B0442,1,9,0,18,0,1,0,0,0,0,1,1,6,1,-1,-1,-1,-1,-1,-1,-1
20144100B0442,2,9,0,3,0,1,0,0,0,0,2,1,6,1,25,5,-1,-1,-1,7,1
20144100B0447,1,9,0,18,0,8,5,0,7,1,1,1,1,1,26,6,-1,-1,-1,3,1
20144100B0447,2,19,0,5,0,6,1,0,0,0,1,1,1,1,59,9,2402,2,5,7,2
20144100B0449,1,9,0,18,0,8,0,0,0,0,1,1,6,1,19,4,1149,1,11,2,1
20144100B0449,2,9,0,18,0,8,0,0,0,0,3,1,6,2,23,5,1997,2,11,9,1
20144100B0455,1,9,0,7,0,6,0,0,0,0,1,1,6,2,34,6,1199,1,16,10,1
20144100B0455,2,9,0,18,0,8,0,0,0,0,4,1,6,2,54,8,1396,1,4,9,1
20144100B0456,1,9,0,18,0,2,0,0,0,0,1,1,6,1,23,5,1596,1,12,-1,1
20144100B0459,1,9,0,11,0,3,1,0,1,7,4,1,6,1,25,5,1388,1,8,-1,-1
20144100B0459,2,19,0,9,0,8,0,0,0,0,3,1,1,1,34,6,2198,2,3,5,2
20144100B0460,1,9,0,17,0,0,0,0,1,4,1,1,6,2,21,5,-1,-1,-1,9,1
20144100B0468,1,9,0,1,0,6,0,4,0,0,2,1,6,2,90,11,1598,1,13,4,1
20144100B0468,2,19,0,2,0,2,0,0,0,0,3,1,6,1,41,7,2402,2,13,-1,-1
20144100B0469,1,9,0,9,0,4,1,0,0,0,1,1,6,2,20,4,1242,1,14,9,1
20144100B0469,2,3,0,18,0,8,1,0,0,0,1,1,6,1,21,5,124,1,2,8,1