Accident_Index,Vehicle_Reference,Vehicle_Type,Towing_and_Articulation,Vehicle_Manoeuvre,Vehicle_Location-Restricted_Lane,Junction_Location,Skidding_and_Overturning,Hit_Object_in_Carriageway,Vehicle_Leaving_Carriageway,Hit_Object_off_Carriageway,1st_Point_of_Impact,Was_Vehicle_Left_Hand_Drive?,Journey_Purpose_of_Driver,Sex_of_Driver,Age_of_Driver,Age_Band_of_Driver,Engine_Capacity_(CC),Propulsion_Code,Age_of_Vehicle,Driver_IMD_Decile,Driver_Home_Area_Type
20144100B0472,1,2,0,18,0,1,1,0,0,0,0,1,2,2,49,8,125,1,-1,8,1
20144100B0472,2,9,0,9,0,5,0,0,0,0,0,1,6,1,-1,-1,-1,-1,-1,-1,-1
20144100B0473,1,9,0,18,0,2,0,0,0,0,4,1,6,2,60,9,2179,2,1,10,2
20144100B0480,1,9,0,18,0,2,0,0,0,0,1,1,6,1,36,7,2171,1,12,7,1
20144100B0484,1,9,0,18,0,1,0,0,0,0,1,1,1,1,26,6,1956,2,-1,6,1
20144100B0484,2,1,0,9,0,5,0,0,0,0,2,1,6,1,32,6,-1,-1,-1,-1,1
20144100B0487,1,9,0,13,0,0,0,0,0,0,0,1,6,1,-1,-1,1598,2,3,-1,-1
20144100B0487,2,1,0,18,0,0,0,0,1,10,4,1,6,2,51,8,-1,-1,-1,10,1
20144100B0487,3,19,0,3,0,0,0,0,0,0,0,1,6,1,-1,-1,1560,2,-1,-1,-1
20144100B0494,1,9,0,4,0,1,0,0,0,0,2,1,6,1,18,4,2143,2,3,4,2
20144100B0494,2,9,0,4,0,1,0,0,0,0,1,1,6,1,25,5,1396,1,13,5,1
20144100B0497,1,9,0,5,0,4,0,0,0,0,1,1,2,2,54,8,1598,1,1,8,1
20144100B0497,2,1,0,18,0,8,0,0,0,0,4,1,2,2,49,8,-1,-1,-1,10,1
20144100B0499,1,9,0,14,0,0,0,0,0,0,4,1,1,1,56,9,1956,2,4,7,1
20144100B0499,2,20,0,2,0,0,0,0,0,0,0,1,1,1,63,9,-1,-1,-1,3,1
20144100B0502,1,19,0,16,0,0,1,0,0,0,0,1,1,1,24,5,-1,-1,-1,7,1
20144100B0505,1,1,0,18,0,0,0,0,0,0,3,1,6,1,41,7,-1,-1,-1,-1,3
20144100B0506,1,9,0,18,0,1,0,0,0,0,1,1,6,1,25,5,-1,-1,-1,3,1
20144100B0506,2,9,0,3,0,1,0,0,0,0,2,1,6,1,35,6,-1,-1,-1,8,1
20144100B0506,3,19,0,3,0,1,0,0,0,0,1,1,6,1,44,7,-1,-1,-1,6,1
20144100B0513,1,9,0,18,0,1,0,0,0,0,1,1,6,2,23,5,1150,1,8,-1,-1
20144100B0513,2,9,0,4,0,1,0,0,0,0,2,1,6,1,51,8,-1,-1,-1,8,1
20144100B0517,1,21,0,18,0,8,0,0,0,0,1,1,1,1,-1,-1,8970,2,13,-1,-1
20144100B0517,2,9,0,18,0,8,0,0,0,0,3,1,6,2,51,8,-1,-1,-1,9,3
20144100B0523,1,9,0,17,0,0,0,0,0,0,4,1,1,1,45,7,1797,8,3,4,1
20144100B0523,2,1,0,18,0,0,0,0,0,0,1,1,6,1,25,5,-1,-1,-1,7,1
20144100B0524,1,9,0,18,0,6,0,0,0,0,4,1,6,1,-1,-1,1399,2,3,9,1
20144100B0524,2,1,0,18,0,8,0,0,0,0,1,1,6,1,53,8,-1,-1,-1,5,1
20144100B0527,1,9,0,4,0,2,0,0,0,0,1,1,6,2,35,6,1995,1,8,7,1
20144100B0527,2,9,0,4,0,2,0,0,0,0,2,1,6,2,44,7,998,1,4,5,1
20144100B0528,1,9,0,9,0,5,0,0,0,0,4,1,6,2,69,10,-1,-1,-1,4,1
20144100B0528,2,9,0,18,0,8,0,0,0,0,1,1,6,1,60,9,1753,2,5,8,1
20144100B0529,1,9,0,13,0,0,1,0,0,0,4,1,6,1,40,7,2179,2,1,4,1
20144100B0529,2,9,0,17,0,0,0,0,0,0,3,1,6,1,45,7,-1,-1,-1,4,1
20144100B0529,3,9,0,16,0,0,0,0,1,10,1,1,1,1,52,8,1997,2,13,7,1
20144100B0531,1,9,0,4,0,0,1,0,1,10,1,1,1,2,25,5,1242,1,7,7,1
20144100B0534,1,9,0,18,0,4,0,0,1,1,3,1,2,1,37,7,1560,2,-1,2,1
20144100B0534,2,9,0,18,0,8,0,0,0,0,1,1,2,1,20,4,1968,2,6,6,1
20144100B0536,1,9,0,18,0,0,2,4,0,0,1,1,6,1,19,4,1984,1,10,9,1
20144100B0536,2,9,0,2,0,0,0,0,0,0,1,1,6,2,32,6,1781,1,13,6,1
20144100B0538,1,9,0,4,0,0,0,0,1,2,1,1,6,1,88,11,996,1,3,9,1
20144100B0538,2,9,0,2,0,0,0,0,0,0,0,1,6,1,75,10,1596,1,14,7,1
20144100B0538,3,9,0,2,0,0,0,0,0,0,0,1,6,1,49,8,1598,1,1,9,3
20144100B0545,1,9,0,12,0,1,0,0,0,0,3,1,1,2,47,8,2993,2,7,9,1
20144100B0545,2,9,0,18,0,1,0,0,0,0,4,1,6,2,19,4,1242,1,2,-1,2
20144100B0546,1,9,0,17,0,0,0,0,1,4,1,1,2,2,29,6,1248,2,1,10,1
20144100B0552,1,9,0,3,0,1,0,0,0,0,0,1,6,3,-1,-1,-1,-1,-1,-1,-1
20144100B0552,2,1,0,4,0,1,0,0,0,0,0,1,1,1,60,9,-1,-1,-1,10,1
20144100B0553,1,9,0,9,0,6,0,0,0,0,3,1,2,2,54,8,1398,1,4,7,2
20144100B0553,2,4,0,18,0,8,0,0,0,0,1,1,2,1,37,7,125,1,3,5,3
20144100B0554,1,9,0,18,0,0,0,0,0,0,4,1,2,2,33,6,1329,1,1,5,1
20144100B0556,1,9,0,18,0,8,0,0,0,0,1,1,6,1,25,5,998,1,-1,8,1
20144100B0556,2,19,0,9,0,6,0,0,0,0,3,1,6,1,51,8,-1,-1,-1,1,1
20144100B0560,1,1,0,18,0,8,0,0,0,0,1,1,6,1,-1,-1,-1,-1,-1,8,1
20144100B0560,2,9,0,9,0,6,0,0,0,0,4,1,6,1,-1,-1,1998,2,4,6,1
20144100B0569,1,9,0,9,0,6,0,0,0,0,3,1,6,1,49,8,1332,1,21,2,1
20144100B0569,2,9,0,18,0,8,0,0,0,0,1,1,6,1,63,9,1769,1,16,5,1
20144100B0570,1,9,0,18,0,0,0,10,0,0,1,1,6,2,25,5,1242,1,14,5,1
20144100B0570,2,9,0,18,0,0,0,0,0,0,1,1,6,1,29,6,1850,1,13,6,1
20144100B0571,1,9,0,18,0,0,0,0,0,0,1,1,6,2,40,7,1587,1,8,7,1
20144100B0571,2,5,0,18,0,0,1,0,0,0,2,1,6,2,34,6,660,1,8,7,1
20144100B0579,1,9,0,6,0,0,0,0,0,0,3,1,2,2,19,4,1199,1,12,9,2
20144100B0579,2,4,0,13,0,0,0,0,0,0,4,1,2,1,26,6,124,1,5,-1,1
20144100B0581,1,21,1,18,0,8,0,0,0,0,1,1,1,1,60,9,12902,2,-1,3,2
20144100B0581,2,9,0,12,0,8,1,0,0,0,3,1,2,2,52,8,1390,1,13,5,1
20144100B0583,1,9,0,9,0,6,0,0,0,0,3,1,6,2,51,8,1339,1,8,8,2
20144100B0583,2,1,0,16,0,8,1,0,0,0,1,1,6,1,42,7,-1,-1,-1,10,1
20144100B0584,1,9,0,9,0,5,0,0,0,0,1,1,1,1,21,5,1364,1,10,9,1
20144100B0584,2,8,0,18,0,8,0,0,1,2,1,1,4,1,56,9,1968,2,6,10,1
20144100B0585,1,9,0,18,0,1,0,0,0,0,1,1,6,2,40,7,1995,2,4,8,1
20144100B0585,2,1,0,18,0,1,0,0,0,0,4,1,6,1,33,6,-1,-1,-1,9,1
20144100B0586,1,9,0,5,0,6,0,0,0,0,1,1,2,2,34,6,1299,1,10,5,1
20144100B0586,2,9,0,18,0,8,0,0,1,2,4,1,2,2,35,6,1968,2,7,7,1
20144100B0589,1,3,0,18,0,0,1,0,0,0,1,1,6,1,45,7,124,1,3,5,1
20144100B0589,2,9,0,18,0,0,0,0,0,0,3,1,6,2,39,7,1596,1,9,9,1
20144100B0590,1,9,0,16,0,0,0,0,1,4,1,1,6,1,57,9,2188,2,10,2,1
20144100B0593,1,9,0,5,0,8,0,0,0,0,1,1,2,1,31,6,-1,-1,-1,9,2
20144100B0593,2,1,0,9,0,8,0,0,0,0,3,1,2,1,31,6,-1,-1,-1,7,1
20144100B0594,1,9,0,18,0,0,2,0,2,7,4,1,6,1,21,5,1149,1,11,8,1
20144100B0594,2,9,0,18,0,0,0,0,0,0,3,1,6,1,47,8,2000,1,5,-1,-1
20144100B0596,1,3,0,18,0,4,1,0,0,0,4,1,1,2,22,5,125,1,1,4,1
20144100B0600,1,1,0,18,9,8,0,0,0,0,1,1,6,1,11,3,-1,-1,-1,8,1
20144100B0600,2,9,0,5,0,6,0,0,0,0,4,1,6,1,34,6,2979,1,10,9,1
20144100B0601,1,9,0,18,0,8,0,0,0,0,1,1,1,2,22,5,998,1,7,8,1
20144100B0601,2,1,0,18,0,8,0,0,0,0,3,1,1,1,44,7,-1,-1,-1,-1,-1
20144100B0603,1,9,0,9,0,6,0,0,0,0,1,1,2,1,18,4,-1,-1,-1,10,1
20144100B0603,2,19,0,18,0,8,5,0,0,0,3,1,2,2,45,7,1995,2,7,7,1
20144100B0605,1,9,0,18,0,8,0,0,1,4,4,1,2,1,34,6,1984,1,16,9,1
20144100B0605,2,19,0,5,0,6,0,0,0,0,1,1,1,1,44,7,-1,-1,-1,8,1
20144100B0606,1,9,0,18,0,0,0,0,1,0,4,1,6,3,-1,-1,-1,-1,-1,-1,-1
20144100B0610,1,11,0,4,0,1,0,0,0,0,0,1,1,1,59,9,6370,2,8,6,1
20144100B0610,2,9,0,10,0,8,0,0,0,0,0,1,3,2,36,7,1390,1,1,7,1
20144100B0614,1,9,0,5,0,6,0,0,0,0,1,1,6,1,36,7,1598,1,4,6,1
20144100B0614,2,9,0,18,0,8,0,0,7,0,3,1,6,2,68,10,1997,1,16,4,1
20144100B0615,1,9,0,14,0,0,0,0,0,0,4,1,6,3,-1,-1,1968,2,3,-1,-1
20144100B0616,1,9,0,9,0,6,0,0,0,0,3,1,6,1,46,8,2494,1,11,-1,-1
20144100B0616,2,3,0,18,0,8,1,0,0,0,1,1,6,1,25,5,124,1,3,9,1
20144100B0618,1,9,0,18,0,2,5,0,0,0,4,1,6,1,60,9,1781,1,11,10,1
20144100B0618,2,9,0,18,0,1,0,0,0,0,3,1,6,1,63,9,1896,2,6,-1,-1
20144100B0618,3,9,0,18,0,1,0,0,0,0,4,1,6,1,60,9,1995,2,1,7,1
20144100B0623,1,21,1,7,0,6,0,10,0,0,4,1,1,1,34,6,12777,2,6,1,1
20144100B0625,1,9,0,9,0,5,0,0,7,0,1,1,6,2,19,4,1229,1,6,10,1
20144100B0625,2,3,0,18,0,1,0,0,0,0,1,1,6,1,20,4,124,1,6,7,1
20144100B0632,1,4,0,18,0,0,0,0,0,0,0,1,6,1,62,9,150,1,26,6,1
20144100B0639,1,9,0,18,0,4,0,0,0,0,1,1,6,2,22,5,1197,1,-1,-1,-1
20144100B0639,2,9,0,18,0,8,0,0,0,0,4,1,2,2,48,8,1398,2,10,10,1
20144100B0642,1,8,0,5,0,2,0,0,0,0,4,1,1,1,30,6,1796,1,5,8,1
20144100B0645,1,9,0,18,0,0,0,0,0,0,4,1,6,3,-1,-1,-1,-1,-1,-1,-1
20144100B0656,1,9,0,9,0,6,0,0,0,0,1,1,1,1,40,7,1968,2,5,3,1
20144100B0656,2,19,0,18,0,8,0,0,0,0,3,1,6,3,-1,-1,-1,-1,-1,-1,-1
20144100B0657,1,1,0,18,0,0,0,0,0,0,3,1,6,1,22,5,-1,-1,-1,9,1
20144100B0657,2,9,0,5,0,0,0,0,0,0,1,1,6,1,-1,-1,1598,1,11,4,1
20144100B0659,1,11,0,9,0,8,0,0,0,0,1,1,1,1,36,7,6370,2,8,3,1
20144100B0660,1,19,0,18,0,1,0,0,0,0,1,1,6,1,19,4,2402,2,7,4,1
20144100B0660,2,9,0,10,0,1,0,0,0,0,0,1,6,2,49,8,2993,2,2,10,1
20144100B0660,3,9,0,18,0,2,0,0,0,0,1,1,6,2,46,8,1332,1,8,7,1
20144100B0661,1,9,0,6,0,0,0,0,0,0,3,1,6,1,40,7,1997,2,6,2,1
20144100B0661,2,4,0,18,0,0,0,0,0,0,1,1,6,1,56,9,249,1,13,10,1
20144100B0665,1,19,0,17,0,0,1,0,7,4,1,1,1,1,37,7,-1,-1,-1,5,1
20144100B0668,1,9,0,18,0,1,0,0,0,0,1,1,2,1,-1,-1,1248,2,-1,-1,-1
20144100B0668,2,9,0,4,0,1,0,0,0,0,2,1,6,2,-1,-1,1242,1,11,8,1
20144100B0669,1,9,0,18,0,0,1,10,2,5,3,1,6,1,23,5,2000,1,14,7,3
20144100B0673,1,9,0,1,0,6,0,0,0,0,2,1,6,1,30,6,2979,1,7,-1,-1
20144100B0679,1,9,0,5,0,4,0,0,0,0,3,1,6,2,83,11,1149,1,7,9,1
20144100B0679,2,1,0,18,0,8,0,0,0,0,1,1,6,1,19,4,-1,-1,-1,-1,-1
20144100B0680,1,9,0,9,0,7,0,0,0,0,3,1,6,1,20,4,1598,1,8,4,1
20144100B0680,2,9,0,18,0,1,1,0,0,0,1,1,6,2,25,5,1360,1,2,6,1
20144100B0681,1,9,0,4,0,0,0,0,0,0,1,1,6,1,25,5,998,1,6,-1,-1
20144100B0681,2,9,0,4,0,0,0,0,0,0,2,1,6,2,25,5,1124,1,12,4,1
20144100B0686,1,9,0,17,0,0,2,10,7,0,1,1,6,2,28,6,1596,1,9,5,1
20144100B0689,1,9,0,18,0,1,0,0,0,0,1,1,6,1,40,7,-1,-1,-1,-1,-1
20144100B0689,2,9,0,8,0,1,0,0,0,0,2,1,6,1,47,8,-1,-1,-1,10,1
20144100B0692,1,9,0,4,0,0,0,0,0,0,1,1,6,3,-1,-1,1598,1,8,-1,-1
20144100B0692,2,9,0,2,0,0,0,0,0,0,3,1,3,2,36,7,1968,2,-1,-1,3
20144100B0697,1,1,0,18,0,0,0,0,0,0,3,1,6,1,40,7,-1,-1,-1,-1,1
20144100B0697,2,9,0,18,0,0,0,0,0,0,1,1,1,2,25,5,-1,-1,-1,8,1
20144100B0700,1,9,0,9,0,5,0,0,0,0,4,1,6,2,41,7,1997,2,7,6,1
20144100B0700,2,5,0,18,0,8,0,0,0,0,1,1,6,1,49,8,1043,1,-1,9,1
20144100B0701,1,9,0,18,0,0,0,0,0,0,1,1,2,2,42,7,1797,8,4,9,1
20144100B0703,1,9,0,7,0,6,1,0,4,6,2,1,6,2,73,10,1998,1,1,4,3
20144100B0703,2,9,0,18,0,8,1,0,1,0,1,1,6,1,47,8,-1,-1,-1,9,1
20144100B0703,3,9,0,18,0,1,0,0,0,0,4,1,6,1,22,5,1596,1,1,6,1
20144100B0704,1,9,0,9,0,6,0,0,0,0,3,1,6,2,19,4,1242,1,1,6,1
20144100B0704,2,9,0,18,0,8,0,0,0,0,1,1,2,2,45,7,-1,-1,-1,10,1
20144100B0705,1,1,0,5,0,4,0,0,0,0,3,1,6,1,77,11,-1,-1,-1,6,1
20144100B0705,2,9,0,18,0,8,0,0,0,0,1,1,2,1,59,9,1997,2,-1,9,1
20144100B0708,1,9,0,5,0,4,0,0,0,0,1,1,6,2,27,6,2521,1,7,8,3
20144100B0708,2,1,0,18,0,8,0,0,0,0,2,1,6,1,25,5,-1,-1,-1,4,1
20144100B0715,1,9,0,5,0,2,0,0,0,0,1,1,6,2,29,6,1296,1,6,-1,1
20144100B0716,1,9,0,9,0,5,0,0,0,0,1,1,6,1,45,7,1364,1,4,6,1
20144100B0718,1,9,0,18,0,0,1,0,1,3,1,1,2,1,53,8,1796,1,5,4,1
20144100B0719,1,9,0,18,0,0,0,0,0,0,1,1,6,1,-1,-1,-1,-1,-1,-1,-1
20144100B0719,2,9,0,18,0,0,0,10,7,0,1,1,2,2,42,7,1242,1,12,6,1
20144100B0726,1,9,0,18,0,1,0,0,0,0,1,1,6,1,33,6,1988,1,11,7,2
20144100B0726,2,9,0,8,0,1,0,0,0,0,2,1,6,1,66,10,1149,1,11,1,1
20144100B0727,1,10,0,6,0,0,0,0,0,0,3,1,2,2,27,6,-1,-1,-1,8,1
20144100B0727,2,4,0,14,0,0,0,0,0,0,1,1,2,1,35,6,499,1,9,9,1
20144100B0729,1,9,0,5,0,8,0,0,0,0,4,1,6,2,47,8,1398,1,9,9,1
20144100B0729,2,9,0,18,0,8,1,0,0,0,1,1,2,2,34,6,1997,2,-1,-1,1
20144100B0730,1,9,0,9,0,6,0,0,0,0,3,1,6,2,83,11,1061,1,10,9,1
20144100B0730,2,9,0,18,0,8,0,0,0,0,1,1,1,1,38,7,1968,2,-1,9,1
20144100B0732,1,9,0,5,0,4,0,0,0,0,3,1,2,2,55,8,1339,1,3,9,1
20144100B0732,2,1,0,18,0,8,1,0,0,0,1,1,2,1,49,8,-1,-1,-1,9,1
20144100B0734,1,9,0,7,0,3,0,0,0,0,4,1,6,1,78,11,1992,2,7,4,1
20144100B0734,2,1,0,17,4,8,0,0,0,0,1,1,1,1,32,6,-1,-1,-1,10,1
20144100B0736,1,9,0,9,0,6,0,0,0,0,3,1,6,2,42,7,1591,1,-1,8,1
20144100B0736,2,9,0,18,0,8,0,0,0,0,1,1,6,2,52,8,1991,2,3,10,1
20144100B0737,1,9,0,7,0,8,0,0,0,0,1,1,1,1,57,9,-1,-1,-1,-1,-1
20144100B0742,1,11,0,5,0,0,0,0,0,0,0,1,6,1,50,8,6370,2,8,-1,-1
20144100B0745,1,9,0,4,0,0,0,0,0,0,1,1,6,3,-1,-1,1896,2,6,-1,-1
20144100B0745,2,9,0,4,0,0,0,0,0,0,2,1,1,2,42,7,1560,2,-1,4,1
20144100B0749,1,3,0,17,0,0,1,0,1,4,4,1,6,2,29,6,125,1,6,10,2
20144100B0750,1,9,0,18,0,1,0,0,0,0,1,1,2,1,39,7,2987,2,-1,10,3
20144100B0750,2,4,0,7,0,5,1,0,0,0,2,1,2,1,47,8,1130,1,11,-1,-1
20144100B0750,3,9,0,18,0,1,0,0,0,0,4,1,6,2,21,5,1124,1,8,-1,-1
20144100B0759,1,9,0,12,0,0,0,0,0,0,3,1,6,2,45,7,2397,1,15,9,1
20144100B0759,2,9,0,18,0,0,0,0,0,0,4,1,6,2,26,6,1299,1,11,9,1
20144100B0760,1,9,0,18,0,0,1,0,1,3,1,1,6,1,21,5,1796,1,9,3,1
20144100B0776,1,9,0,17,0,0,0,10,7,4,1,1,6,1,18,4,3824,1,9,10,3
20144100B0784,1,9,0,18,0,0,0,0,0,0,1,1,2,2,24,5,1124,1,10,2,1
20144100B0784,2,19,0,18,0,0,0,0,0,0,1,1,1,1,24,5,2402,2,4,4,1
20144100B0786,1,9,0,4,0,4,1,0,1,2,1,1,2,1,40,7,-1,-1,-1,6,2
20144100B0788,1,9,0,5,0,4,0,0,0,0,0,1,6,2,19,4,1124,1,13,-1,-1
20144100B0788,2,3,0,9,0,8,1,0,0,0,0,1,2,2,48,8,124,1,4,5,1
20144100B0789,1,9,0,17,0,8,1,0,1,10,1,1,2,1,43,7,1589,1,16,9,1
20144100B0791,1,9,0,16,0,0,1,7,0,0,4,1,6,1,20,4,-1,-1,-1,7,1
20144100B0791,2,9,0,13,0,0,0,0,0,0,0,1,6,1,21,5,1587,1,15,7,1
20144100B0791,3,9,0,4,0,0,0,0,0,0,1,1,6,1,50,8,-1,-1,-1,6,1
20144100B0798,1,9,0,18,0,1,0,0,0,0,1,1,6,1,25,5,1956,2,3,-1,-1
20144100B0798,2,9,0,10,0,1,0,0,0,0,2,1,2,1,34,6,1398,1,4,8,1
20144100B0805,1,9,0,4,0,0,0,0,0,0,1,1,6,3,-1,-1,-1,-1,-1,-1,-1
20144100B0805,2,9,0,4,0,0,0,0,0,0,2,1,6,1,43,7,-1,-1,-1,7,1
20144100B0811,1,9,0,18,0,1,0,0,0,0,1,1,6,3,-1,-1,-1,-1,-1,-1,-1
20144100B0812,1,9,0,9,0,5,0,0,0,0,3,1,6,1,41,7,-1,-1,-1,4,1
20144100B0812,2,9,0,18,0,8,0,0,0,0,1,1,2,2,60,9,1598,1,9,-1,-1
20144100B0813,1,9,0,9,0,4,0,0,0,0,1,1,6,1,27,6,1796,1,12,7,1
20144100B0813,2,9,0,18,0,8,0,0,0,0,4,1,6,2,19,4,1242,1,9,8,1
20144100B0814,1,9,0,18,0,0,0,0,0,0,4,1,6,2,42,7,1797,8,4,9,1
20144100B0815,1,9,0,9,0,6,0,0,0,0,3,1,6,2,41,7,1596,1,13,9,3
20144100B0815,2,9,0,18,0,8,0,0,0,0,1,1,6,2,70,10,2184,2,10,10,1
20144100B0818,1,9,0,9,0,5,0,0,0,0,4,1,6,1,20,4,1596,1,3,6,1
20144100B0818,2,9,0,18,0,8,0,0,0,0,1,1,2,2,50,8,998,1,1,10,1
20144100B0820,1,9,0,18,0,0,0,0,0,0,1,1,6,2,35,6,-1,-1,-1,-1,-1
20144100B0820,2,9,0,18,0,0,0,0,0,0,2,1,6,2,76,11,1560,2,2,9,1
20144100B0821,1,9,0,13,0,0,0,0,0,0,4,1,6,3,-1,-1,-1,-1,-1,-1,-1
20144100B0821,2,1,0,18,0,0,0,0,0,0,3,1,6,1,20,4,-1,-1,-1,7,3
20144100B0822,1,9,0,4,0,1,0,0,0,0,2,1,2,2,-1,-1,-1,-1,-1,-1,-1
20144100B0822,2,9,0,4,0,1,0,0,0,0,2,1,2,2,23,5,-1,-1,-1,4,1
20144100B0822,3,9,0,4,0,1,0,0,0,0,1,1,2,2,21,5,-1,-1,-1,-1,-1
20144100B0822,4,9,0,4,0,1,0,0,0,0,1,1,2,1,20,4,-1,-1,-1,-1,-1
20144100B0824,1,9,0,18,0,6,0,0,0,0,1,1,6,1,45,7,1998,2,11,7,1
20144100B0824,2,9,0,18,0,8,0,0,7,2,1,1,1,1,18,4,-1,-1,-1,4,1
20144100B0827,1,9,0,18,0,8,0,0,0,0,3,1,6,1,19,4,2148,2,12,7,1
20144100B0827,2,1,0,18,0,8,0,0,0,0,4,1,6,1,40,7,-1,-1,-1,10,1
20144100B0830,1,19,0,16,0,0,1,0,0,0,1,1,1,1,64,9,2198,2,1,5,1
20144100B0830,2,19,0,4,0,0,0,0,0,0,3,1,1,1,62,9,1896,2,5,2,1
20144100B0833,1,17,0,5,0,1,0,0,0,0,4,1,1,1,63,9,-1,-1,-1,-1,-1
20144100B0833,2,9,0,5,0,1,0,0,7,0,3,1,1,1,22,5,1199,1,10,6,1
20144100B0834,1,9,0,18,0,0,1,10,1,4,3,1,6,1,21,5,1598,1,13,7,1
20144100B0835,1,9,0,12,0,0,0,0,0,0,0,1,6,3,-1,-1,-1,-1,-1,-1,-1
20144100B0835,2,9,0,18,0,0,1,0,1,10,4,1,6,1,20,4,1360,1,14,4,1
20144100B0836,1,19,0,9,0,6,0,0,0,0,3,1,2,1,23,5,1868,2,13,2,1
20144100B0836,2,9,0,18,0,8,0,0,0,0,1,1,6,2,54,8,1998,1,11,7,1
20144100B0840,1,1,0,18,5,0,0,0,0,0,1,1,6,1,23,5,-1,-1,-1,7,1
20144100B0842,1,9,0,5,0,2,0,0,0,0,3,1,6,2,21,5,1587,1,7,9,1
20144100B0843,1,9,0,18,0,0,1,0,0,0,1,1,6,2,36,7,1997,2,3,6,3
20144100B0843,2,9,0,4,0,0,0,0,0,0,2,1,6,1,33,6,2149,2,7,-1,1
20144100B0843,3,9,0,4,0,0,0,0,0,0,2,1,6,1,27,6,2494,2,5,6,1
20144100B0843,4,9,0,4,0,0,0,0,0,0,2,1,6,1,58,9,1910,2,6,5,1
20144100C0001,1,9,0,17,0,1,1,0,0,0,4,1,6,1,36,7,1388,1,7,-1,1
20144100C0001,2,8,0,18,0,2,0,0,0,0,1,1,6,1,66,10,2499,2,7,7,1
20144100C0002,1,9,0,1,0,0,0,0,0,0,2,1,6,2,57,9,2000,2,8,9,1
20144100C0009,1,9,0,4,0,0,0,0,0,0,2,1,2,1,38,7,1896,2,12,8,1
20144100C0009,2,9,0,18,0,0,0,0,0,0,1,1,6,1,24,5,1896,2,10,10,1
20144100C0010,1,9,0,18,0,0,0,0,0,0,4,1,6,2,21,5,1360,1,8,10,1
20144100C0023,1,19,0,18,0,1,0,0,0,0,4,1,6,1,-1,-1,-1,-1,-1,-1,-1
20144100C0035,1,9,0,18,0,1,1,0,0,0,3,1,6,1,40,7,-1,-1,-1,-1,-1
20144100C0035,2,1,0,7,0,2,1,0,0,0,3,1,6,1,28,6,-1,-1,-1,4,1
20144100C0037,1,10,0,5,0,6,0,0,0,0,1,1,3,1,59,9,2496,2,15,3,1
20144100C0037,2,1,0,18,0,1,0,0,0,0,4,1,2,2,35,6,-1,-1,-1,5,1
20144100C0038,1,9,0,4,0,0,0,0,0,0,2,1,1,1,23,5,-1,-1,-1,6,1
20144100C0038,2,9,0,4,0,0,0,0,0,0,1,1,2,2,33,6,-1,-1,-1,8,1
20144100C0039,1,9,0,5,0,1,0,0,0,0,1,1,6,2,45,7,998,1,6,7,3
20144100C0039,2,9,0,18,0,8,0,9,0,0,4,1,6,2,25,5,1396,1,12,6,1
20144100C0041,1,9,0,18,0,0,0,0,0,0,2,1,1,1,60,9,-1,-1,-1,6,1
20144100C0041,2,19,0,18,0,0,0,0,0,0,1,1,1,1,45,7,6692,2,3,2,1
20144100C0042,1,9,0,9,0,5,0,0,0,0,1,1,1,2,38,7,1198,1,1,5,1
20144100C0042,2,1,0,18,0,1,0,0,0,0,3,1,1,2,42,7,-1,-1,-1,10,1
20144100C0056,1,9,0,18,0,8,1,10,1,0,1,1,6,1,23,5,1998,1,13,1,1
20144100C0058,1,9,0,5,0,6,0,0,0,0,1,1,6,2,35,6,1598,1,12,-1,-1
20144100C0058,2,9,0,18,0,1,1,0,1,2,4,1,6,1,21,5,1242,1,13,8,1
20144100C0064,1,9,0,17,0,0,0,0,0,0,1,1,2,2,20,4,1299,1,13,4,2
20144100C0064,2,9,0,16,0,0,0,0,0,0,1,1,2,2,34,6,-1,-1,-1,4,2
20144100C0069,1,9,0,18,0,0,0,4,0,0,1,1,6,2,43,7,1895,1,13,10,1
20144100C0069,2,9,0,2,0,0,0,0,0,0,2,1,6,3,-1,-1,-1,-1,-1,7,1
20144100C0070,1,9,0,18,0,1,0,0,0,0,3,1,6,1,40,7,1596,1,12,-1,-1
20144100C0070,2,3,0,13,0,1,0,0,0,0,4,1,6,1,18,4,125,1,1,4,1
20144100C0071,1,9,0,18,0,1,0,0,0,0,1,1,6,2,-1,-1,1390,1,13,-1,-1
20144100C0071,2,9,0,3,0,1,0,0,0,0,2,1,6,2,28,6,1364,1,5,9,1
20144100C0080,1,9,0,5,0,1,0,0,0,0,1,1,2,2,52,8,1149,1,7,9,1
20144100C0081,1,9,0,9,0,8,0,0,0,0,4,1,6,2,79,11,1339,1,7,4,1
20144100C0081,2,9,0,18,0,1,0,0,0,0,1,1,6,2,21,5,-1,-1,-1,8,1
20144100C0083,1,19,0,18,0,0,1,0,7,6,1,1,1,1,53,8,2287,2,5,4,1
20144100C0083,2,20,0,4,0,0,0,0,0,0,2,1,1,1,47,8,6370,2,4,8,1
20144100C0084,1,9,0,9,0,8,0,0,0,0,1,1,6,1,63,9,1998,2,13,6,1
20144100C0084,2,3,0,18,0,1,1,0,0,0,1,1,6,1,79,11,124,1,3,8,3
20144100C0086,1,19,0,18,0,4,0,0,0,0,3,1,6,1,58,9,1248,2,9,-1,-1
20144100C0086,2,9,0,18,0,3,0,0,0,0,4,1,2,1,57,9,1242,1,1,4,1
20144100C0093,1,19,0,1,9,0,0,0,0,0,2,1,6,1,-1,-1,-1,-1,-1,-1,-1
20144100C0095,1,9,0,5,0,4,0,0,0,0,3,1,6,1,43,7,1388,1,10,8,1
20144100C0095,2,9,0,18,0,8,0,0,0,0,1,1,6,2,22,5,1299,1,12,8,1