Accident_Index,Vehicle_Reference,Vehicle_Type,Towing_and_Articulation,Vehicle_Manoeuvre,Vehicle_Location-Restricted_Lane,Junction_Location,Skidding_and_Overturning,Hit_Object_in_Carriageway,Vehicle_Leaving_Carriageway,Hit_Object_off_Carriageway,1st_Point_of_Impact,Was_Vehicle_Left_Hand_Drive?,Journey_Purpose_of_Driver,Sex_of_Driver,Age_of_Driver,Age_Band_of_Driver,Engine_Capacity_(CC),Propulsion_Code,Age_of_Vehicle,Driver_IMD_Decile,Driver_Home_Area_Type
20144100C0096,1,3,0,18,0,8,0,0,0,0,1,1,6,1,20,4,125,1,3,8,3
20144100C0096,2,9,0,9,0,6,0,0,0,0,4,1,6,1,34,6,1242,1,1,6,1
20144100C0098,1,5,0,7,0,8,1,0,0,0,0,1,2,1,45,7,955,1,10,7,1
20144100C0098,2,9,0,18,0,8,0,0,0,0,0,1,2,1,30,6,998,1,1,7,1
20144100C0099,1,9,0,18,0,2,0,0,0,0,3,1,6,1,25,5,1998,1,10,5,1
20144100C0099,2,9,0,18,0,2,1,0,7,0,4,1,6,1,19,4,1995,2,9,7,1
20144100C0100,1,9,0,16,0,0,1,0,1,2,1,1,6,1,22,5,1198,1,2,-1,-1
20144100C0101,1,9,0,18,0,0,0,0,0,0,4,1,1,1,56,9,1596,1,10,7,1
20144100C0104,1,9,0,18,0,1,0,0,0,0,4,1,6,1,55,8,1493,1,17,3,1
20144100C0105,1,19,0,18,0,1,0,0,0,0,1,1,6,1,19,4,1968,2,1,-1,-1
20144100C0105,2,9,0,4,0,1,0,0,0,0,2,1,6,1,67,10,2295,1,13,9,1
20144100C0106,1,9,0,12,0,1,0,0,0,0,1,1,6,2,34,6,1270,1,18,10,3
20144100C0106,2,9,0,3,0,1,0,0,0,0,2,1,6,1,24,5,-1,-1,-1,4,1
20144100C0111,1,9,0,7,0,5,0,0,0,0,4,1,6,2,-1,-1,-1,-1,-1,-1,-1
20144100C0111,2,1,0,18,0,8,0,0,0,0,3,1,6,1,22,5,-1,-1,-1,10,1
20144100C0116,1,19,0,4,0,8,0,0,0,0,1,1,6,1,32,6,-1,-1,-1,4,1
20144100C0116,2,9,0,4,0,8,0,0,1,0,2,1,6,1,64,9,1618,1,2,4,1
20144100C0118,1,9,0,4,0,8,0,0,0,0,2,1,6,1,-1,-1,1796,1,10,-1,-1
20144100C0118,2,9,0,16,0,8,0,0,0,0,1,1,6,2,66,10,1339,1,8,7,1
20144100C0122,1,9,0,18,0,1,0,0,0,0,1,1,6,1,40,7,1968,2,5,-1,-1
20144100C0122,2,9,0,3,0,1,0,0,0,0,2,1,6,2,28,6,1598,1,7,8,3
20144100C0130,1,9,0,9,0,6,0,0,0,0,1,1,6,1,36,7,1998,1,11,5,1
20144100C0130,2,2,0,14,0,1,0,0,0,0,4,1,6,2,-1,-1,-1,-1,-1,-1,-1
20144100C0131,1,9,0,4,0,0,0,0,0,0,1,1,6,1,-1,-1,1995,2,1,-1,-1
20144100C0131,2,9,0,4,0,0,0,0,0,0,2,1,6,1,24,5,1299,1,7,9,2
20144100C0131,3,9,0,4,0,0,0,0,0,0,2,1,6,1,-1,-1,-1,-1,-1,-1,-1
20144100C0132,1,9,0,4,0,0,0,0,0,0,1,1,3,2,74,10,1598,2,3,9,1
20144100C0138,1,9,0,9,9,6,0,0,0,0,1,1,6,2,45,7,1895,1,14,-1,-1
20144100C0138,2,1,0,18,9,8,0,0,0,0,4,1,6,1,46,8,-1,-1,-1,7,1
20144100C0144,1,9,0,18,0,1,0,0,0,0,1,1,6,2,55,8,2184,2,5,10,1
20144100C0144,2,9,0,3,0,1,0,0,0,0,2,1,6,1,40,7,1910,2,8,-1,-1
20144100C0144,3,9,0,10,0,1,0,0,0,0,2,1,6,1,53,8,1242,1,1,6,1
20144100C0149,1,9,0,7,0,1,0,0,0,0,1,1,1,2,61,9,1598,1,8,-1,-1
20144100C0149,2,1,0,18,0,1,0,0,0,0,2,1,1,1,19,4,-1,-1,-1,4,1
20144100C0150,1,1,0,18,0,1,0,0,0,0,1,1,6,1,21,5,-1,-1,-1,4,1
20144100C0150,2,9,0,18,0,2,0,0,0,0,1,1,6,1,35,6,1560,2,1,4,1
20144100C0161,1,9,0,18,0,1,0,0,0,0,1,1,6,2,23,5,1390,1,6,3,1
20144100C0161,2,9,0,3,0,1,0,0,0,0,2,1,6,2,21,5,998,1,6,4,1
20144100C0165,1,9,0,10,0,1,0,0,0,0,2,1,3,2,28,6,1598,1,10,7,1
20144100C0165,2,9,0,18,0,1,0,0,0,0,1,1,6,3,-1,-1,1984,1,5,7,1
20144100C0167,1,9,0,4,0,1,0,0,0,0,1,1,6,1,25,5,599,1,12,-1,-1
20144100C0167,2,9,0,3,0,1,0,0,0,0,2,1,2,1,41,7,1781,1,12,8,1
20144100C0177,1,9,0,11,0,0,0,0,0,0,4,1,2,1,55,8,2143,2,2,10,1
20144100C0177,2,3,0,18,0,0,0,0,0,0,3,1,6,2,16,4,-1,-1,-1,-1,3
20144100C0179,1,19,0,18,0,0,0,0,0,0,3,1,6,1,-1,-1,-1,-1,-1,-1,-1
20144100C0180,1,9,0,18,0,2,0,0,0,0,1,1,1,2,24,5,1368,1,7,8,3
20144100C0181,1,3,0,18,0,1,0,0,0,0,1,1,1,1,21,5,125,1,2,9,1
20144100C0181,2,9,0,18,0,6,0,0,0,0,3,1,1,2,50,8,998,1,7,6,1
20144100C0182,1,9,0,16,0,0,0,0,0,0,4,1,6,1,43,7,1598,1,13,5,1
20144100C0183,1,9,0,18,0,0,1,0,1,5,1,1,6,1,26,6,1124,1,14,9,1
20144100C0185,1,9,0,4,0,0,1,0,0,0,1,1,6,1,57,9,1998,1,14,-1,-1
20144100C0185,2,9,0,3,0,0,0,0,0,0,2,1,6,1,20,4,1229,1,6,6,1
20144100C0185,3,9,0,3,0,0,0,0,0,0,2,1,6,2,38,7,1560,2,4,9,1
20144100C0192,1,9,0,9,0,6,0,0,0,0,1,1,1,1,25,5,973,1,11,5,2
20144100C0192,2,9,0,18,0,1,0,0,1,4,1,1,6,2,53,8,1388,1,12,6,1
20144100C0194,1,90,0,5,0,6,0,0,0,0,4,1,6,2,53,8,-1,-1,-1,4,1
20144100C0194,2,9,0,18,0,1,0,0,0,0,1,1,6,1,27,6,1998,2,11,5,1
20144100C0195,1,21,0,18,0,0,0,0,0,0,1,1,1,1,29,6,6370,2,4,8,1
20144100C0196,1,9,0,5,0,0,0,0,0,0,4,1,6,1,47,8,1796,1,13,5,1
20144100C0198,1,9,0,5,0,1,0,0,0,0,1,1,6,2,30,6,1598,1,13,-1,-1
20144100C0198,2,9,0,3,0,1,0,0,0,0,2,1,6,1,65,9,1339,1,-1,7,1
20144100C0200,1,9,0,11,0,0,0,0,0,0,4,1,6,3,-1,-1,-1,-1,-1,-1,-1
20144100C0200,2,9,0,18,0,0,0,0,0,0,3,1,6,1,27,6,-1,-1,-1,5,1
20144100C0202,1,9,0,4,0,0,0,0,0,0,1,1,1,1,35,6,1598,2,1,10,1
20144100C0202,2,9,0,3,0,0,0,0,0,0,2,1,1,2,48,8,1240,1,9,9,1
20144100C0204,1,19,0,18,0,0,0,0,0,0,4,1,6,3,-1,-1,-1,-1,-1,-1,-1
20144100C0207,1,9,0,18,0,2,0,0,0,0,3,1,2,1,41,7,-1,-1,-1,8,1
20144100C0209,1,9,0,18,0,0,1,0,7,4,1,1,6,1,18,4,1360,1,15,8,1
20144100C0210,1,9,0,5,0,1,0,0,0,0,2,1,6,1,39,7,1598,1,13,6,1
20144100C0210,2,9,0,4,0,1,0,0,0,0,1,1,6,1,32,6,-1,-1,-1,5,1
20144100C0212,1,9,0,18,0,1,0,0,0,0,1,1,6,2,25,5,1581,1,14,3,1
20144100C0212,2,9,0,4,0,1,0,0,0,0,2,1,6,2,59,9,1364,1,5,7,1
20144100C0214,1,9,0,16,0,0,1,10,1,7,1,1,6,1,22,5,1388,1,9,9,1
20144100C0217,1,9,0,4,0,0,0,0,0,0,1,1,2,2,23,5,1229,1,7,4,1
20144100C0217,2,9,0,4,0,0,0,0,0,0,2,1,2,1,39,7,1560,2,6,5,1
20144100C0221,1,9,0,16,0,3,0,0,0,0,1,1,6,1,35,6,1686,2,7,-1,-1
20144100C0223,1,9,0,11,0,8,0,0,1,1,4,1,6,2,28,6,1598,2,1,10,1
20144100C0223,2,9,0,18,0,8,0,0,1,1,1,1,6,1,34,6,1587,1,11,7,1
20144100C0225,1,9,0,9,0,6,0,0,0,0,1,1,2,2,44,7,1240,1,8,10,1
20144100C0225,2,9,0,18,0,8,0,0,7,0,1,1,6,2,48,8,1396,1,14,10,1
20144100C0226,1,9,0,1,9,6,0,0,0,0,2,1,2,2,24,5,698,1,11,9,1
20144100C0235,1,9,0,5,0,1,0,0,0,0,1,1,2,1,54,8,4996,1,6,10,1
20144100C0235,2,9,0,3,0,1,0,0,0,0,2,1,3,1,35,6,-1,-1,-1,8,1
20144100C0236,1,9,0,9,0,8,0,0,0,0,1,1,6,2,18,4,998,1,9,6,1
20144100C0236,2,9,0,18,0,8,0,0,0,0,3,1,6,2,24,5,1242,1,6,6,1
20144100C0237,1,9,0,11,0,0,0,0,0,0,1,1,6,1,25,5,-1,-1,-1,-1,-1
20144100C0237,2,9,0,16,0,0,0,0,0,0,2,1,2,1,41,7,-1,-1,-1,3,1
20144100C0242,1,9,0,18,0,1,0,0,0,0,3,1,6,1,35,6,1975,1,8,8,1
20144100C0242,2,1,0,18,0,1,0,0,0,0,4,1,4,1,12,3,-1,-1,-1,7,1
20144100C0244,1,19,0,17,0,0,0,0,0,0,0,1,1,1,36,7,-1,-1,-1,5,1
20144100C0246,1,9,0,3,0,1,0,0,0,0,2,1,1,1,30,6,1248,2,3,-1,-1
20144100C0246,2,9,0,18,0,1,0,0,0,0,1,1,2,2,27,6,1390,1,1,10,1
20144100C0250,1,9,0,9,0,6,0,0,0,0,3,1,3,2,48,8,2362,1,9,9,1
20144100C0250,2,9,0,18,0,1,0,0,0,0,1,1,1,2,25,5,1124,1,14,-1,-1
20144100C0256,1,9,0,18,0,8,0,0,0,0,1,1,2,1,22,5,1598,1,4,9,1
20144100C0257,1,9,0,7,0,1,0,0,0,0,1,1,6,1,29,6,1598,2,1,7,1
20144100C0257,2,9,0,4,0,1,0,0,0,0,2,1,6,1,54,8,1598,1,9,7,1
20144100C0258,1,3,0,4,0,0,0,0,0,0,1,1,6,1,18,4,125,1,1,6,1
20144100C0258,2,9,0,3,0,0,0,0,0,0,2,1,6,1,51,8,1598,1,11,4,1
20144100C0266,1,9,0,9,0,8,0,0,0,0,2,1,6,2,29,6,1868,2,12,7,3
20144100C0266,2,9,0,18,0,8,0,0,0,0,1,1,2,1,46,8,4511,1,9,10,1
20144100C0275,1,11,0,18,0,1,0,0,0,0,1,1,1,1,40,7,6871,2,11,-1,-1
20144100C0275,2,9,0,10,0,1,0,0,0,0,2,1,6,2,40,7,-1,-1,-1,10,1
20144100C0279,1,9,0,1,0,1,0,0,0,0,2,1,3,1,42,7,1896,2,9,3,1
20144100C0279,2,9,0,3,0,2,0,0,0,0,1,1,3,2,38,7,-1,-1,-1,9,1
20144100C0280,1,19,0,18,0,0,0,0,0,0,1,1,1,1,28,6,1998,2,10,4,1
20144100C0280,2,19,0,3,0,0,0,0,0,0,2,1,1,1,36,7,1995,2,6,3,1
20144100C0284,1,9,0,3,0,2,0,0,0,0,4,1,6,1,-1,-1,1396,1,4,-1,-1
20144100C0284,2,1,0,15,0,2,0,8,0,0,1,1,6,1,18,4,-1,-1,-1,5,1
20144100C0285,1,19,0,5,0,4,0,0,0,0,3,1,1,1,69,10,1753,2,5,6,1
20144100C0285,2,1,0,18,0,8,0,0,0,0,4,1,1,1,48,8,-1,-1,-1,-1,-1
20144100C0287,1,19,0,7,0,6,0,0,0,0,2,1,6,3,-1,-1,-1,-1,-1,-1,-1
20144100C0287,2,3,0,18,0,8,1,0,0,0,1,1,2,1,26,6,125,1,1,5,1
20144100C0289,1,9,0,5,6,0,0,0,0,0,1,1,3,1,40,7,1895,1,14,-1,-1
20144100C0289,2,9,0,2,6,0,0,0,0,0,2,1,3,1,41,7,2499,1,7,3,1
20144100C0290,1,9,0,18,0,8,0,0,0,0,1,1,1,1,42,7,1896,2,6,-1,-1
20144100C0290,2,9,0,6,0,8,0,0,0,0,1,1,1,1,46,8,1299,1,13,5,1
20144100C0292,1,9,0,9,0,6,0,0,0,0,1,1,6,1,23,5,1390,1,17,10,1
20144100C0292,2,1,0,18,0,8,0,0,0,0,4,1,6,2,39,7,-1,-1,-1,6,1
20144100C0299,1,2,0,10,0,1,0,0,0,0,0,1,1,1,27,6,124,1,1,2,1
20144100C0310,1,9,0,18,0,0,0,0,0,0,4,1,6,1,32,6,1998,1,9,7,1
20144100C0312,1,9,0,9,0,8,0,0,0,0,4,1,3,2,32,6,1498,1,5,-1,-1
20144100C0312,2,9,0,4,0,1,0,0,0,0,0,1,6,1,28,6,1061,1,11,6,1
20144100C0312,3,9,0,15,4,8,0,0,1,1,1,1,1,1,27,6,1248,2,2,-1,-1
20144100C0320,1,9,0,9,0,6,0,0,0,0,1,1,6,1,18,4,1388,1,12,9,1
20144100C0320,2,9,0,18,0,8,0,0,1,0,1,1,6,2,36,7,1998,1,13,4,1
20144100C0322,1,9,0,7,0,6,0,0,0,0,1,1,6,1,26,6,1242,1,14,4,1
20144100C0322,2,4,0,18,0,8,0,0,0,0,4,1,6,1,29,6,-1,-1,-1,-1,-1
20144100C0330,1,9,0,18,0,1,0,0,0,0,1,1,6,1,22,5,-1,-1,-1,-1,-1
20144100C0331,1,9,0,5,0,0,0,0,0,0,1,1,2,1,73,10,2143,2,1,10,1
20144100C0332,1,9,0,18,0,0,0,4,0,0,4,1,6,2,75,10,1242,1,8,9,1
20144100C0332,2,9,0,2,0,0,0,0,0,0,4,1,6,1,-1,-1,2179,2,6,9,1
20144100C0333,1,9,0,18,0,4,0,0,0,0,1,1,6,3,-1,-1,-1,-1,-1,-1,-1
20144100C0333,2,1,0,18,0,8,0,0,0,0,1,1,2,2,30,6,-1,-1,-1,10,1
20144100C0341,1,9,0,18,0,0,0,0,0,0,1,1,1,2,20,4,998,1,13,9,1
20144100C0342,1,9,0,18,0,0,0,0,0,0,1,1,6,1,75,10,1910,2,8,7,1
20144100C0348,1,5,0,18,0,0,0,0,0,0,1,1,6,1,39,7,-1,-1,-1,4,1
20144100C0352,1,9,0,4,0,0,0,0,0,0,1,1,6,1,30,6,1398,1,8,4,1
20144100C0352,2,9,0,3,0,0,0,0,0,0,2,1,6,2,35,6,-1,-1,-1,8,1
20144100C0352,3,9,0,3,0,0,0,0,0,0,2,1,6,1,33,6,-1,-1,-1,8,1
20144100C0360,1,9,0,9,0,6,0,0,0,0,1,1,6,3,25,5,-1,-1,-1,-1,-1
20144100C0360,2,9,0,18,0,8,1,4,7,0,4,1,6,2,28,6,1360,1,11,3,1
20144100C0360,3,9,0,2,0,2,0,0,0,0,3,1,6,3,-1,-1,-1,-1,-1,3,1
20144100C0360,4,9,0,2,0,2,0,0,0,0,2,1,6,3,-1,-1,-1,-1,-1,3,1
20144100C0362,1,9,0,5,0,0,0,0,0,0,1,1,6,1,25,5,1997,2,10,8,1
20144100C0362,2,9,0,18,0,0,0,0,0,0,4,1,1,1,21,5,1997,2,11,6,1
20144100C0363,1,2,0,18,0,2,0,10,0,0,4,1,6,1,24,5,49,1,16,10,1
20144100C0364,1,9,0,7,0,8,0,0,0,0,4,1,2,2,30,6,1368,1,5,10,1
20144100C0364,2,1,0,18,0,8,0,0,0,0,3,1,2,1,22,5,-1,-1,-1,8,1
20144100C0366,1,9,0,9,0,6,0,0,0,0,3,1,6,2,25,5,1997,2,3,7,1
20144100C0366,2,9,0,18,0,8,0,0,0,0,1,1,1,1,41,7,-1,-1,-1,4,1
20144100C0370,1,9,0,14,0,0,0,0,0,0,4,1,6,3,-1,-1,-1,-1,-1,-1,-1
20144100C0370,2,9,0,2,0,0,0,0,0,0,4,1,6,2,30,6,1968,2,3,10,1
20144100C0371,1,19,0,5,0,1,0,0,0,0,1,1,1,1,53,8,1461,2,1,9,1
20144100C0371,2,9,0,3,0,1,0,0,0,0,1,1,1,2,29,6,-1,-1,-1,5,1
20144100C0371,3,19,0,3,0,1,0,0,0,0,2,1,1,1,44,7,-1,-1,-1,7,1
20144100C0375,1,9,0,9,0,5,0,0,0,0,1,1,6,1,43,7,1149,1,9,10,1
20144100C0375,2,1,0,13,0,8,0,0,0,0,4,1,6,1,46,8,-1,-1,-1,10,1
20144100C0378,1,9,0,5,0,1,0,0,0,0,1,1,6,1,46,8,1390,1,13,4,1
20144100C0378,2,2,0,3,0,1,0,0,0,0,2,1,6,1,55,8,-1,-1,-1,3,1
20144100C0379,1,21,0,18,0,0,0,5,0,0,1,1,1,1,55,8,6370,2,7,-1,-1
20144100C0379,2,9,0,18,0,0,0,0,0,0,0,1,6,2,40,7,-1,-1,-1,-1,-1
20144100C0388,1,11,0,4,2,0,0,0,0,0,4,1,1,1,55,8,7300,2,9,6,1
20144100C0394,1,9,0,10,0,6,0,0,0,0,1,1,2,1,49,8,1995,2,8,5,1
20144100C0395,1,9,0,9,0,6,0,0,0,0,1,1,6,2,30,6,2435,1,8,-1,-1
20144100C0395,2,1,0,18,0,8,0,0,0,0,4,1,6,1,13,3,-1,-1,-1,8,1
20144100C0396,1,9,0,18,0,0,1,0,0,0,1,1,6,1,26,6,1199,1,14,6,1
20144100C0396,2,4,0,3,0,0,0,0,0,0,2,1,2,1,32,6,108,1,6,3,1
20144100C0397,1,5,0,16,0,0,1,0,0,0,1,1,6,1,47,8,996,1,7,10,1
20144100C0398,1,9,0,18,0,1,0,0,0,0,4,1,2,1,38,7,-1,-1,-1,8,1
20144100C0399,1,21,0,9,0,5,0,0,0,0,0,1,1,1,50,8,4500,2,7,5,1
20144100C0399,2,4,0,18,0,1,1,0,0,0,4,1,6,1,58,9,-1,-1,-1,10,1
20144100C0400,1,9,0,9,0,6,0,0,0,0,1,1,6,1,72,10,1796,1,5,9,1
20144100C0400,2,5,0,16,0,1,1,0,7,0,1,1,6,1,36,7,599,1,5,6,1
20144100C0407,1,19,0,18,0,0,0,0,0,0,4,1,1,1,51,8,-1,-1,-1,4,1
20144100C0408,1,9,0,11,0,8,0,0,0,0,2,1,6,1,33,6,-1,-1,-1,5,1
20144100C0408,2,11,0,18,0,8,0,0,0,0,1,1,1,1,46,8,-1,2,17,2,1
20144100C0408,3,9,0,18,0,8,0,0,0,0,2,1,6,2,51,8,1968,2,4,10,1
20144100C0409,1,9,0,5,0,1,0,0,0,0,1,1,6,1,32,6,1749,1,13,5,1
20144100C0409,2,9,0,4,0,1,0,0,0,0,2,1,6,1,32,6,1988,1,15,5,1
20144100C0409,3,9,0,4,0,1,0,0,0,0,2,1,2,1,33,6,1600,1,3,6,1
20144100C0410,1,9,0,6,0,0,0,0,0,0,2,1,6,1,36,7,1794,1,8,3,1
20144100C0410,2,5,0,18,0,0,1,0,0,0,1,1,6,1,27,6,599,1,4,4,1
20144100C0411,1,9,0,9,0,6,0,0,0,0,1,1,6,1,26,6,1149,1,12,4,1
20144100C0411,2,9,0,18,0,8,0,0,0,0,4,1,6,1,26,6,973,1,14,-1,-1
20144100C0419,1,9,0,9,0,6,0,0,0,0,3,1,6,1,-1,-1,-1,-1,-1,-1,-1
20144100C0421,1,3,0,4,0,1,1,0,0,0,1,1,4,1,17,4,124,1,4,10,1
20144100C0421,2,9,0,3,0,1,0,0,0,0,2,1,6,1,57,9,1995,2,1,6,1
20144100C0422,1,9,0,9,0,6,0,0,0,0,4,1,2,2,25,5,1199,1,12,-1,-1
20144100C0422,2,5,0,14,0,8,1,0,0,0,1,1,2,1,25,5,599,1,7,8,1
20144100C0423,1,9,0,5,0,1,0,0,0,0,1,1,2,1,65,9,1783,1,14,10,1
20144100C0423,2,9,0,4,0,1,0,0,0,0,2,1,2,1,53,8,2099,1,10,7,3
20144100C0425,1,3,0,18,0,1,1,0,0,0,0,1,6,1,64,9,-1,-1,-1,7,1
20144100C0425,2,9,0,11,0,1,0,0,0,0,0,1,6,1,30,6,1248,1,2,8,1
20144100C0431,1,9,0,13,0,8,5,0,1,0,1,1,6,1,73,10,3956,6,14,4,2
20144100C0431,2,9,0,9,0,5,0,0,0,0,3,1,6,1,52,8,1461,2,4,7,2
20144100C0441,1,9,0,18,0,1,1,0,7,1,4,1,6,1,31,6,-1,-1,-1,5,1
20144100C0460,1,9,0,3,0,2,0,0,0,0,2,1,6,2,53,8,1388,1,2,8,1
20144100C0460,2,9,0,3,0,2,0,0,0,0,2,1,3,1,19,4,-1,-1,-1,10,1
20144100C0460,3,9,0,3,0,2,0,0,0,0,2,1,6,1,68,10,2401,2,7,10,1
20144100C0460,4,9,0,12,0,6,1,0,5,0,1,1,6,1,18,4,1388,1,10,9,1
20144100C0462,1,9,0,5,0,2,0,0,0,0,1,1,6,2,61,9,1299,1,13,-1,-1
20144100C0462,2,1,0,5,0,2,0,0,0,0,1,1,6,1,15,3,-1,-1,-1,3,1
20144100C0465,1,9,0,7,0,0,0,0,0,0,0,1,6,1,25,5,-1,-1,-1,-1,-1
20144100C0465,2,9,0,4,0,0,0,0,0,0,2,1,6,1,33,6,2497,2,9,-1,-1
20144100C0465,3,9,0,18,0,0,0,0,0,0,1,1,6,1,54,8,2460,2,9,10,1
20144100C0471,1,5,0,18,0,0,0,0,0,0,0,1,1,1,28,6,599,1,13,5,1
20144100C0472,1,9,0,18,0,0,0,0,0,0,1,1,2,2,30,6,1968,2,2,5,1
20144100C0472,2,9,0,4,0,0,0,0,0,0,2,1,6,1,35,6,1896,2,7,2,1
20144100C0472,3,9,0,18,0,0,0,0,0,0,1,1,6,1,44,7,1997,2,4,6,1
20144100C0474,1,9,0,5,0,2,1,0,1,10,1,1,2,1,37,7,1598,1,5,9,1
20144100C0477,1,90,0,18,9,0,0,0,0,0,0,1,1,1,30,6,-1,-1,-1,4,1
20144100C0480,1,9,0,18,0,1,1,10,0,0,1,1,6,2,50,8,1299,1,14,6,1
20144100C0491,1,9,0,5,0,4,0,0,0,0,1,1,1,1,47,8,1995,2,7,-1,-1
20144100C0491,2,1,0,18,0,8,0,0,0,0,4,1,1,1,40,7,-1,-1,-1,4,1
20144100C0496,1,9,0,4,0,0,0,0,0,0,1,1,6,1,35,6,-1,-1,-1,-1,-1
20144100C0496,2,9,0,4,0,0,0,0,0,0,2,1,1,1,60,9,1998,2,5,8,1
20144100C0498,1,9,0,18,0,8,0,0,7,10,4,1,6,2,27,6,1149,1,6,10,1
20144100C0498,2,9,0,18,0,8,0,0,0,0,1,1,6,2,64,9,1598,2,1,9,1
20144100C0500,1,9,0,4,0,1,0,0,0,0,1,1,6,1,30,6,-1,-1,-1,-1,-1
20144100C0500,2,9,0,3,0,1,0,0,0,0,2,1,6,2,37,7,1796,1,12,9,1
20144100C0502,1,19,0,18,0,8,0,0,0,0,1,1,6,1,-1,-1,2198,2,1,-1,-1
20144100C0502,2,9,0,9,0,8,0,0,0,0,4,1,2,2,62,9,1149,1,2,10,1
20144100C0506,1,9,0,9,0,5,0,0,0,0,3,1,6,2,44,7,2204,2,6,-1,-1
20144100C0506,2,1,0,18,0,1,0,0,0,0,1,1,2,1,36,7,-1,-1,-1,7,1
20144100C0507,1,9,0,17,0,0,1,10,1,0,1,1,6,2,17,4,1229,1,6,10,1
20144100C0507,2,9,0,2,6,0,0,0,0,0,1,1,6,2,44,7,1998,1,11,7,1
20144100C0510,1,9,0,18,0,0,0,4,0,0,1,1,6,1,18,4,1242,1,8,10,1
20144100C0510,2,9,0,2,6,0,0,4,0,0,2,1,6,2,19,4,1242,1,7,9,1
20144100C0510,3,9,0,2,6,0,0,0,0,0,2,1,6,2,18,4,1198,1,7,10,1
20144100C0512,1,9,0,18,0,5,0,0,0,0,3,1,3,2,61,9,1598,1,9,10,1
20144100C0517,1,9,0,18,0,1,0,7,3,0,1,1,3,2,59,9,2497,2,7,9,1
20144100C0517,2,9,0,2,0,2,0,0,0,0,1,1,6,1,47,8,-1,-1,-1,4,1
20144100C0518,1,8,0,18,0,8,0,0,0,0,1,1,1,1,63,9,2776,2,8,-1,-1
20144100C0518,2,9,0,6,0,8,0,0,1,0,3,1,6,1,28,6,1910,2,10,7,1
20144100C0520,1,9,0,18,0,0,0,0,0,0,1,1,6,2,52,8,1998,1,14,6,1
20144100C0520,2,9,0,3,0,0,0,0,0,0,2,1,1,1,44,7,1896,2,8,6,1
20144100C0523,1,9,0,18,0,0,0,0,5,6,1,1,2,2,45,7,1389,1,17,1,1
20144100C0523,2,9,0,18,0,0,0,0,0,0,3,1,6,1,66,10,2993,2,5,10,1
20144100C0525,1,5,0,16,0,1,1,0,0,0,1,1,6,1,48,8,675,1,2,10,1
20144100C0525,2,9,0,17,0,2,0,0,0,0,1,1,6,2,21,5,998,1,8,-1,-1
20144100C0527,1,9,0,18,0,8,0,0,0,0,1,1,6,1,23,5,-1,-1,-1,5,1
20144100C0527,2,9,0,9,0,5,0,0,0,0,1,1,6,2,32,6,1242,1,13,4,1
20144100C0528,1,9,0,9,0,6,0,0,0,0,1,1,6,2,31,6,1968,2,1,6,1
20144100C0528,2,9,0,14,0,1,0,0,0,0,1,1,1,2,35,6,1248,2,2,7,1
20144100C0528,3,20,0,3,0,1,0,0,0,0,0,1,1,1,38,7,10518,2,7,1,1
20144100C0529,1,9,0,9,0,8,0,0,0,0,4,1,6,3,-1,-1,-1,-1,-1,-1,-1
20144100C0529,2,3,0,9,0,8,0,0,0,0,1,1,2,1,18,4,125,1,6,7,1
20144100C0535,1,9,0,18,0,8,0,0,0,0,4,1,6,2,42,7,-1,-1,-1,4,1
20144100C0535,2,90,0,18,0,6,0,0,0,0,1,1,6,1,91,11,-1,-1,-1,6,1
20144100C0540,1,9,0,9,0,6,0,0,0,0,1,1,6,2,53,8,1598,1,14,7,1
20144100C0540,2,3,0,14,0,1,0,0,0,0,4,1,2,1,20,4,125,1,2,4,1
20144100C0544,1,9,0,18,0,0,0,4,7,4,1,1,6,1,84,11,1999,1,10,10,1
20144100C0544,2,9,0,2,0,0,0,4,0,0,2,1,6,3,-1,-1,-1,-1,-1,-1,-1
20144100C0544,3,9,0,2,0,0,0,0,0,0,2,1,6,2,-1,-1,1198,1,3,10,2
20144100C0547,1,9,0,5,0,4,0,0,0,0,3,1,6,1,52,8,1339,1,2,9,1
20144100C0547,2,9,0,5,0,4,0,0,0,0,4,1,1,2,41,7,1984,1,6,-1,-1
20144100C0551,1,9,0,9,0,1,0,0,0,0,1,1,6,1,50,8,1994,2,5,4,1
20144100C0555,1,9,0,18,0,0,0,0,0,0,1,1,6,1,30,6,1229,1,6,10,1
20144100C0555,2,9,0,3,0,0,0,0,0,0,2,1,6,1,68,10,1389,1,18,5,1
20144100C0555,3,9,0,3,0,0,0,0,0,0,2,1,6,1,27,6,998,1,14,7,1
20144100C0556,1,9,0,7,0,8,0,0,0,0,4,1,6,2,26,6,2996,1,7,8,1
20144100C0556,2,1,0,7,0,8,0,0,0,0,3,1,6,1,39,7,-1,-1,-1,10,1
20144100C0557,1,9,0,18,0,0,0,0,0,0,4,1,1,2,34,6,1796,1,7,4,1
20144100C0557,2,1,0,18,0,0,0,0,0,0,3,1,1,1,36,7,-1,-1,-1,6,1
20144100C0559,1,9,0,18,0,0,0,0,0,0,1,1,6,2,18,4,1198,1,12,-1,-1
20144100C0559,2,9,0,3,0,0,0,0,0,0,2,1,6,2,36,7,-1,-1,-1,4,1
20144100C0559,3,9,0,3,0,0,0,0,0,0,2,1,6,2,25,5,-1,-1,-1,-1,-1
20144100C0561,1,19,0,18,0,0,0,0,0,0,1,1,6,1,42,7,-1,-1,-1,-1,-1
20144100C0561,2,10,0,18,0,0,0,0,0,0,1,1,6,2,36,7,-1,-1,-1,5,1
20144100C0576,1,9,0,18,0,1,0,0,0,0,1,1,6,1,20,4,1388,1,2,7,1
20144100C0576,2,9,0,10,0,1,0,0,0,0,2,1,2,2,20,4,1299,1,9,10,1