Accident_Index,Vehicle_Reference,Vehicle_Type,Towing_and_Articulation,Vehicle_Manoeuvre,Vehicle_Location-Restricted_Lane,Junction_Location,Skidding_and_Overturning,Hit_Object_in_Carriageway,Vehicle_Leaving_Carriageway,Hit_Object_off_Carriageway,1st_Point_of_Impact,Was_Vehicle_Left_Hand_Drive?,Journey_Purpose_of_Driver,Sex_of_Driver,Age_of_Driver,Age_Band_of_Driver,Engine_Capacity_(CC),Propulsion_Code,Age_of_Vehicle,Driver_IMD_Decile,Driver_Home_Area_Type
20144100C0578,1,9,0,5,0,8,0,0,0,0,1,1,6,2,25,5,1388,1,15,5,1
20144100C0578,2,9,0,9,0,8,0,0,0,0,4,1,6,2,79,11,1242,1,9,9,1
20144100C0580,1,9,0,5,0,6,0,0,0,0,1,1,1,1,46,8,-1,-1,-1,3,1
20144100C0580,2,9,0,4,0,8,0,0,0,0,3,1,1,1,54,8,1995,2,4,7,1
20144100C0581,1,9,0,18,0,1,1,0,0,0,1,1,2,1,36,7,1598,1,14,-1,-1
20144100C0581,2,9,0,10,0,1,0,0,0,0,2,1,2,2,-1,-1,1242,1,2,-1,-1
20144100C0585,1,9,0,18,0,0,0,0,0,0,1,1,6,1,66,10,1299,1,12,5,1
20144100C0585,2,9,0,6,0,0,0,0,0,0,3,1,6,1,48,8,1360,1,15,5,1
20144100C0585,3,9,0,2,9,0,0,0,0,0,4,1,6,3,-1,-1,1396,1,15,-1,-1
20144100C0593,1,9,0,3,0,0,0,0,0,0,1,1,6,1,50,8,1582,2,3,-1,-1
20144100C0593,2,9,0,3,0,0,0,0,0,0,2,1,1,1,39,7,2000,1,10,4,1
20144100C0597,1,9,0,18,0,1,0,0,0,0,4,1,2,2,22,5,998,1,9,10,1
20144100C0614,1,19,0,18,0,1,0,0,0,0,1,1,6,1,29,6,2402,2,10,3,1
20144100C0614,2,9,0,5,0,1,0,0,0,0,2,1,1,2,40,7,1248,2,1,3,1
20144100C0619,1,9,0,18,0,4,0,0,7,0,1,1,6,2,-1,-1,1388,1,2,7,1
20144100C0619,2,1,0,18,0,8,0,0,0,0,4,1,6,1,40,7,-1,-1,-1,9,1
20144100C0620,1,1,0,18,9,0,0,0,0,0,1,1,6,1,16,4,-1,-1,-1,-1,-1
20144100C0621,1,9,0,4,0,1,0,0,0,0,0,1,6,3,-1,-1,-1,-1,-1,-1,-1
20144100C0621,2,9,0,18,0,1,1,0,0,0,2,2,6,2,27,6,1124,1,13,6,1
20144100C0621,3,1,0,18,0,1,0,0,0,0,1,1,6,1,28,6,-1,-1,-1,7,1
20144100C0623,1,9,0,9,0,6,0,0,0,0,1,1,6,1,50,8,1783,1,12,6,1
20144100C0623,2,11,0,18,0,8,0,0,0,0,1,1,1,1,47,8,4500,2,5,4,1
20144100C0624,1,9,0,13,0,0,0,0,0,0,4,1,6,1,40,7,-1,-1,-1,-1,-1
20144100C0624,2,1,0,18,0,0,0,0,1,0,3,1,2,1,48,8,-1,-1,-1,9,1
20144100C0627,1,9,0,13,0,0,0,0,0,0,1,1,6,1,25,5,1596,1,12,-1,-1
20144100C0627,2,5,0,18,0,0,0,0,0,0,1,1,6,1,48,8,998,1,11,4,1
20144100C0628,1,3,0,18,0,1,1,10,0,0,3,1,1,1,19,4,125,1,8,-1,-1
20144100C0628,2,9,0,3,0,2,0,0,0,0,4,1,6,2,-1,-1,1995,2,3,10,1
20144100C0628,3,9,0,3,0,1,0,0,0,0,0,1,6,2,-1,-1,1868,2,8,9,1
20144100C0634,1,9,0,18,0,0,0,0,0,0,4,1,6,1,40,7,1999,1,5,10,1
20144100C0638,1,9,0,16,0,0,0,0,0,0,1,1,6,2,-1,-1,1598,1,11,-1,-1
20144100C0638,2,9,0,17,0,0,0,0,0,0,1,1,6,2,-1,-1,1360,1,10,-1,-1
20144100C0638,3,9,0,17,0,0,0,0,0,0,1,1,6,1,48,8,3239,1,18,-1,-1
20144100C0639,1,9,0,7,0,5,0,0,0,0,4,1,6,1,35,6,1968,2,1,-1,-1
20144100C0642,1,9,0,18,0,8,0,0,0,0,3,1,1,1,30,6,1753,2,12,6,1
20144100C0644,1,19,0,18,0,4,0,0,1,0,2,1,6,2,70,10,-1,-1,-1,10,1
20144100C0644,2,5,0,18,0,8,0,0,7,0,1,1,2,1,48,8,999,1,4,10,1
20144100C0646,1,9,0,18,0,1,0,0,0,0,3,1,6,1,42,7,2993,2,5,10,1
20144100C0648,1,9,0,9,0,6,0,0,0,0,1,1,6,1,17,4,1200,1,12,5,1
20144100C0648,2,5,0,18,0,8,0,0,0,0,1,1,6,1,52,8,599,1,3,10,1
20144100C0658,1,2,0,9,0,6,0,0,0,0,1,1,6,1,20,4,49,1,1,4,1
20144100C0658,2,9,0,18,0,8,0,0,0,0,4,1,6,2,57,9,1560,2,3,3,1
20144100C0662,1,5,0,18,0,1,1,0,0,0,0,1,2,1,56,9,773,1,3,7,1
20144100C0662,2,9,0,10,0,6,0,0,0,0,0,1,3,2,54,8,1998,1,6,9,1
20144100C0665,1,9,0,14,0,4,1,0,3,2,1,1,1,1,42,7,-1,-1,-1,4,1
20144100C0665,2,9,0,18,0,8,0,0,0,0,4,1,6,2,70,10,1422,2,9,10,1
20144100C0669,1,3,0,9,0,8,0,0,0,0,1,1,1,1,23,5,125,1,3,6,1
20144100C0669,2,9,0,9,0,8,0,0,0,0,1,1,6,1,32,6,1686,2,2,7,1
20144100C0672,1,9,0,18,0,0,0,0,0,0,4,1,6,1,39,7,1997,2,1,2,1
20144100C0676,1,3,0,18,0,8,0,0,0,0,1,1,6,1,17,4,124,1,13,8,1
20144100C0676,2,9,0,18,0,8,0,0,0,0,3,1,6,2,59,9,996,1,1,7,1
20144100C0683,1,9,0,1,0,1,0,0,0,0,2,1,1,1,53,8,-1,-1,-1,6,1
20144100C0683,2,3,0,3,0,2,0,0,0,0,1,1,2,2,55,8,114,1,-1,6,1
20144100C0688,1,9,0,9,0,5,0,0,0,0,4,1,1,1,33,6,599,1,12,9,1
20144100C0688,2,5,0,18,0,1,0,0,0,0,1,1,6,1,21,5,-1,-1,-1,3,1
20144100C0700,1,5,0,18,0,0,1,0,0,0,1,1,6,1,28,6,1050,1,6,7,1
20144100C0700,2,9,0,4,0,0,0,0,0,0,1,1,6,1,45,7,1596,1,14,9,1
20144100C0702,1,9,0,18,0,0,0,0,0,0,1,1,6,1,25,5,1968,2,7,9,1
20144100C0702,2,3,0,18,0,0,0,0,0,0,1,1,6,1,22,5,125,1,1,-1,-1
20144100C0703,1,1,0,18,0,6,0,0,0,0,1,1,6,2,13,3,-1,-1,-1,3,1
20144100C0703,2,9,0,18,0,8,0,0,0,0,4,1,2,1,23,5,1461,2,2,3,1
20144100C0704,1,9,0,7,0,8,0,0,0,0,4,1,6,1,20,4,2480,1,4,8,1
20144100C0704,2,9,0,8,0,8,0,0,0,0,3,1,1,2,43,7,1328,1,9,8,1
20144100C0705,1,3,0,18,0,0,0,0,0,0,2,1,1,1,26,6,124,1,7,8,1
20144100C0705,2,9,0,13,0,0,0,0,0,0,4,1,6,1,34,6,2143,2,2,5,1
20144100C0706,1,9,0,11,0,0,0,0,0,0,0,1,6,3,-1,-1,-1,-1,-1,-1,-1
20144100C0706,2,9,0,18,0,0,1,0,0,0,1,1,6,2,44,7,1598,1,4,5,1
20144100C0706,3,9,0,18,0,0,0,0,0,0,2,1,6,1,21,5,1390,1,8,7,1
20144100C0708,1,9,0,2,0,8,0,0,0,0,1,1,1,1,45,7,2400,2,1,3,1
20144100C0708,2,9,0,18,0,1,0,0,0,0,3,1,1,1,32,6,2400,2,2,-1,1
20144100C0708,3,9,0,18,0,8,0,4,0,0,1,1,6,1,27,6,4172,1,10,-1,-1
20144100C0708,4,9,0,18,0,2,0,0,0,0,4,1,6,2,45,7,2987,2,8,10,1
20144100C0708,5,9,0,2,0,2,0,0,0,0,3,1,6,3,-1,-1,2495,2,18,-1,-1
20144100C0708,6,9,0,2,0,2,0,0,0,0,4,1,6,3,-1,-1,-1,-1,-1,-1,-1
20144100C0708,7,9,0,2,0,2,0,0,0,0,2,1,6,3,-1,-1,-1,-1,-1,-1,-1
20144100C0713,1,2,0,16,0,2,1,0,0,0,3,1,6,1,18,4,124,1,8,5,1
20144100C0713,2,9,0,17,0,1,0,0,0,0,3,1,6,1,49,8,1796,1,9,5,1
20144100C0714,1,19,0,4,0,1,1,0,0,0,1,1,2,1,35,6,2151,2,12,5,1
20144100C0714,2,19,0,4,0,1,0,0,0,0,2,1,1,1,42,7,1461,2,-1,-1,1
20144100C0720,1,9,0,1,0,6,0,0,0,0,4,1,6,2,52,8,-1,-1,-1,-1,-1
20144100C0723,1,9,0,18,0,1,0,0,0,0,1,1,6,1,19,4,1388,1,7,6,1
20144100C0723,2,9,0,3,0,1,0,0,0,0,2,1,6,1,27,6,1390,1,-1,-1,-1
20144100C0729,1,19,0,1,0,6,0,0,0,0,2,1,6,1,46,8,2461,2,8,5,1
20144100C0729,2,9,0,18,0,8,0,0,0,0,4,1,6,1,86,11,1762,1,15,5,1
20144100C0733,1,9,0,18,0,0,0,0,0,0,1,1,6,3,-1,-1,1199,1,12,-1,-1
20144100C0733,2,9,0,2,0,0,0,0,0,0,3,1,6,1,33,6,1390,1,3,6,1
20144100C0744,1,8,0,5,0,0,0,0,0,0,0,1,1,1,52,8,1360,1,11,4,1
20144100C0746,1,9,0,2,0,0,0,0,0,0,3,1,6,2,30,6,-1,-1,-1,-1,-1
20144100C0746,2,1,0,18,0,0,0,0,0,0,4,1,6,1,18,4,-1,-1,-1,8,1
20144100C0747,1,9,0,2,0,0,0,0,0,0,4,1,6,2,50,8,-1,-1,-1,-1,-1
20144100C0747,2,1,0,18,9,0,0,0,0,0,1,1,1,1,15,3,-1,-1,-1,9,1
20144100C0749,1,9,0,18,0,3,0,0,0,0,3,1,6,1,45,7,1799,1,8,7,1
20144100C0749,2,9,0,18,0,1,0,0,0,0,3,1,2,2,63,9,998,1,2,4,1
20144100C0752,1,9,0,7,0,2,0,0,0,0,4,1,6,1,45,7,-1,-1,-1,9,1
20144100C0755,1,9,0,18,0,8,0,0,0,0,1,1,1,2,54,8,1242,1,1,10,3
20144100C0755,2,9,0,18,0,8,0,0,0,0,3,1,6,2,59,9,1598,1,9,-1,-1
20144100C0756,1,9,0,18,0,4,0,0,0,0,1,1,2,1,30,6,1998,1,3,4,2
20144100C0756,2,1,0,18,0,8,0,0,0,0,2,1,2,1,24,5,-1,-1,-1,-1,-1
20144100C0759,1,9,0,7,0,3,0,0,0,0,4,1,6,2,54,8,1339,1,1,6,1
20144100C0759,2,9,0,9,0,8,0,0,0,0,3,1,6,2,27,6,1248,2,-1,2,1
20144100C0760,1,20,4,18,0,2,0,0,0,0,4,1,6,1,54,8,-1,-1,-1,10,1
20144100C0765,1,9,0,18,0,4,0,0,0,0,1,1,6,1,45,7,1298,1,14,5,1
20144100C0765,2,9,0,18,0,8,0,0,0,0,2,1,6,1,54,8,1968,2,2,8,2
20144100C0765,3,9,0,18,0,8,0,0,0,0,1,1,6,1,55,8,1198,1,7,9,1
20144100C0770,1,9,0,18,0,0,0,0,0,0,3,1,6,2,88,11,-1,-1,-1,-1,-1
20144100C0770,2,1,0,18,0,0,0,0,0,0,1,1,6,1,14,3,-1,-1,-1,10,1
20144100C0771,1,9,0,12,0,0,0,0,0,0,4,1,6,2,20,4,1242,1,1,8,1
20144100C0771,2,9,0,18,0,0,0,0,0,0,1,1,6,1,19,4,1242,1,12,8,1
20144100C0772,1,9,0,18,0,8,0,0,0,0,1,1,6,2,59,9,1796,1,8,7,1
20144100C0772,2,9,0,9,0,6,0,0,0,0,3,1,6,1,73,10,2987,2,5,9,1
20144100C0784,1,9,0,18,0,8,0,0,0,0,1,1,6,2,50,8,1596,1,15,6,1
20144100C0784,2,9,0,18,0,8,0,0,0,0,3,1,6,2,34,6,1794,1,14,-1,-1
20144100C0789,1,9,0,16,0,0,1,0,0,0,1,1,1,1,-1,-1,1956,2,3,-1,-1
20144100C0789,2,9,0,17,0,0,0,0,0,0,1,1,6,1,73,10,-1,-1,-1,10,1
20144100C0790,1,9,0,18,0,0,1,10,1,3,1,1,2,1,42,7,1990,1,12,6,1
20144100C0790,2,9,0,18,0,0,0,7,0,0,4,1,2,1,58,9,1995,2,3,10,1
20144100C0792,1,9,0,18,0,1,0,0,0,0,1,1,6,2,-1,-1,1198,1,11,-1,-1
20144100C0792,2,9,0,3,0,1,0,0,0,0,2,1,6,2,23,5,1399,2,10,5,1
20144100C0794,1,9,0,18,0,2,0,0,0,0,3,1,6,2,22,5,1086,1,10,10,1
20144100C0795,1,1,0,18,9,0,0,0,0,0,1,1,6,1,49,8,-1,-1,-1,9,1
20144100C0797,1,19,0,4,9,2,0,0,0,0,4,1,6,1,30,6,-1,-1,-1,-1,-1
20144100C0798,1,19,0,18,0,2,0,0,0,0,1,1,1,1,21,5,2402,2,4,6,1
20144100C0798,2,9,0,4,0,1,0,0,0,0,3,1,6,2,52,8,1299,1,11,5,1
20144100C0798,3,9,0,4,0,2,0,0,0,0,1,1,6,2,23,5,1360,1,6,10,1
20144100C0799,1,3,0,15,0,0,0,0,0,0,1,1,1,1,17,4,125,1,1,6,1
20144100C0799,2,9,0,18,0,0,0,0,0,0,1,1,6,1,61,9,2148,2,11,6,1
20144100C0799,3,9,0,18,0,0,0,0,0,0,1,1,6,1,63,9,1388,1,8,8,1
20144100C0802,1,8,0,4,0,1,0,0,0,0,4,1,1,1,46,8,2402,2,10,5,1
20144100C0805,1,19,0,18,0,1,0,0,0,0,1,1,6,1,-1,-1,-1,-1,-1,-1,-1
20144100C0805,2,9,0,8,0,1,0,0,0,0,2,1,6,1,44,7,1870,2,11,5,1
20144100C0817,1,9,0,18,0,8,0,0,1,10,1,1,6,2,17,4,1598,1,5,9,1
20144100C0817,2,9,0,18,0,8,0,0,0,0,4,1,6,1,42,7,1498,1,6,10,1
20144100C0826,1,9,0,11,0,0,0,0,0,0,0,1,6,3,-1,-1,-1,-1,-1,-1,-1
20144100C0826,2,9,0,4,0,0,1,0,0,0,2,1,6,1,51,8,-1,-1,-1,5,1
20144100C0826,3,9,0,18,0,0,1,0,0,0,2,1,6,1,18,4,1968,2,3,7,1
20144100C0826,4,9,0,18,0,0,1,0,0,0,1,1,6,1,21,5,1997,2,6,-1,1
20144100C0829,1,9,0,18,0,0,1,10,7,10,1,1,6,1,19,4,1896,2,10,-1,-1
20144100C0829,2,9,0,2,0,0,0,0,0,0,1,1,6,3,-1,-1,-1,-1,-1,4,1
20144100C0830,1,19,0,12,0,0,0,0,0,0,3,1,6,1,35,6,1560,2,1,-1,-1
20144100C0830,2,9,0,18,0,0,0,0,0,0,4,1,6,2,38,7,1839,1,10,9,1
20144100C0833,1,9,0,6,0,2,0,0,0,0,3,1,6,1,28,6,1900,2,8,7,1
20144100C0833,2,3,0,13,0,2,0,0,0,0,1,1,2,1,34,6,125,1,4,8,1
20144100C0837,1,9,0,14,0,0,0,0,0,0,4,1,6,1,79,11,1968,2,10,-1,-1
20144100C0842,1,9,0,7,0,6,0,0,0,0,0,1,2,1,25,5,1596,1,3,8,1
20144100C0842,2,9,0,18,0,8,1,0,7,4,1,1,6,1,41,7,2497,1,5,3,1
20144100C0845,1,3,0,18,0,8,0,0,1,0,1,1,6,1,17,4,124,1,-1,-1,-1
20144100C0845,2,9,0,9,0,6,0,0,1,0,4,1,6,1,68,10,2765,2,17,10,3
20144100C0846,1,5,0,18,0,0,1,12,0,0,1,1,6,1,53,8,865,1,7,5,1
20144100C0847,1,9,0,18,0,0,2,0,1,9,1,1,6,1,53,8,-1,-1,-1,3,1
20144100C0849,1,9,0,18,0,2,0,0,0,0,1,1,6,2,46,8,1598,1,8,4,1
20144100C0849,2,9,0,3,0,2,0,0,0,0,2,1,6,1,41,7,-1,-1,-1,7,1
20144100C0850,1,9,0,18,0,1,0,0,0,0,1,1,6,2,60,9,2993,2,8,-1,-1
20144100C0850,2,9,0,3,0,1,0,0,0,0,2,1,6,2,39,7,1390,1,7,4,1
20144100C0852,1,9,0,18,0,0,5,10,0,0,4,1,2,2,20,4,1124,1,15,5,1
20144100C0853,1,9,0,18,0,1,1,0,0,0,1,1,6,2,31,6,-1,-1,-1,4,1
20144100C0853,2,9,0,3,0,1,0,0,0,0,2,1,1,2,24,5,1149,1,5,7,2
20144100C0855,1,9,0,5,0,6,0,0,0,0,3,1,6,1,68,10,1762,1,14,3,1
20144100C0855,2,1,0,18,0,8,0,0,0,0,1,1,6,2,38,7,-1,-1,-1,9,1
20144100C0862,1,19,0,18,0,0,0,0,0,0,1,1,6,1,28,6,1753,2,14,7,1
20144100C0862,2,9,0,3,0,0,0,0,0,0,2,1,6,1,33,6,1798,1,-1,9,1
20144100C0862,3,9,0,3,0,0,0,0,0,0,2,1,6,2,37,7,2148,2,11,4,1
20144100C0863,1,9,0,4,0,0,0,0,0,0,2,1,6,2,50,8,1596,1,2,4,1
20144100C0863,2,9,0,4,0,0,0,0,0,0,1,1,2,1,42,7,998,1,7,8,1
20144100C0866,1,9,0,4,0,1,0,0,0,0,1,1,6,1,40,7,-1,-1,-1,-1,-1
20144100C0866,2,9,0,3,0,1,0,0,0,0,2,1,6,1,26,6,1199,1,10,-1,1
20144100C0867,1,5,0,18,0,0,1,0,0,0,4,1,6,1,24,5,600,1,16,6,1
20144100C0870,1,9,0,18,0,2,0,10,1,4,4,1,6,2,18,4,1199,1,12,-1,-1
20144100C0884,1,9,0,4,0,0,0,0,0,0,1,1,2,1,25,5,1686,2,11,8,1
20144100C0884,2,9,0,4,0,0,0,0,0,0,2,1,2,2,49,8,1796,1,6,5,1
20144100C0887,1,9,0,5,0,8,0,0,0,0,4,1,6,1,39,7,1390,1,11,6,1
20144100C0887,2,8,0,12,0,8,0,0,0,0,3,1,1,1,35,6,1995,2,7,5,1
20144100C0888,1,9,0,18,0,0,1,0,0,0,1,1,6,2,32,6,1390,1,6,10,1
20144100C0888,2,9,0,18,0,0,0,0,0,0,1,1,6,2,79,11,1360,1,4,10,1
20144100C0892,1,9,0,4,0,0,0,0,0,0,2,1,6,1,43,7,-1,-1,-1,-1,-1
20144100C0892,2,9,0,4,0,0,0,0,0,0,2,1,6,2,21,5,-1,-1,-1,7,1
20144100C0892,3,9,0,18,0,0,0,0,0,0,1,1,6,1,66,10,1598,1,1,7,1
20144100C0893,1,9,0,18,0,0,0,0,7,2,1,1,6,1,85,11,1197,1,1,10,1
20144100C0893,2,9,0,2,0,0,0,0,0,0,4,1,6,3,-1,-1,1796,1,9,10,1
20144100C0893,3,9,0,2,0,0,0,0,0,0,4,1,6,3,-1,-1,1995,1,8,9,3
20144100C0893,4,9,0,2,0,0,0,0,0,0,4,1,6,3,-1,-1,1598,1,11,9,1
20144100C0893,5,9,0,2,0,0,0,0,0,0,1,1,6,3,-1,-1,1896,2,10,10,1
20144100C0894,1,9,0,18,0,0,0,0,1,0,1,1,6,1,20,4,1598,1,7,10,3
20144100C0894,2,9,0,3,0,0,0,0,0,0,2,1,6,1,64,9,2698,2,3,10,1
20144100C0896,1,9,0,18,0,0,0,0,0,0,4,1,1,1,31,6,-1,-1,-1,6,1
20144100C0899,1,9,0,9,0,5,0,0,0,0,1,1,6,1,44,7,-1,-1,-1,4,1
20144100C0899,2,5,0,18,0,8,0,0,0,0,4,1,2,1,54,8,-1,-1,-1,5,1
20144100C0901,1,3,0,4,0,0,1,0,0,0,1,1,6,1,21,5,125,1,7,5,1
20144100C0901,2,9,0,4,0,0,0,0,0,0,2,1,6,2,42,7,1242,1,3,10,1
20144100C0904,1,9,0,18,0,0,0,0,0,0,1,1,6,1,83,11,1598,1,6,6,1
20144100C0919,1,19,0,18,0,1,0,0,0,0,1,1,1,1,30,6,2143,2,2,5,1
20144100C0919,2,9,0,10,0,1,0,0,0,0,2,1,1,2,44,7,1997,1,12,7,1
20144100C0924,1,2,0,15,0,1,0,10,0,0,1,1,6,1,16,4,-1,-1,-1,7,1
20144100C0925,1,9,0,5,0,4,0,0,0,0,1,1,6,2,54,8,998,1,15,3,1
20144100C0925,2,9,0,18,0,8,0,0,0,0,2,1,6,2,39,7,998,1,8,6,1
20144100C0934,1,9,0,5,0,8,0,0,0,0,1,1,2,2,41,7,1149,1,14,7,1
20144100C0934,2,1,0,18,0,8,0,0,0,0,3,1,6,1,16,4,-1,-1,-1,10,1
20144100C0939,1,20,4,18,0,0,0,0,0,0,1,1,1,1,36,7,4250,2,5,5,1
20144100C0939,2,9,0,4,0,0,0,0,0,0,2,1,6,2,60,9,1598,1,7,8,1
20144100C0939,3,9,0,4,0,0,0,0,0,0,2,1,6,2,31,6,2477,2,10,10,1
20144100C0943,1,9,0,18,0,8,0,0,0,0,3,1,6,3,-1,-1,1956,2,1,2,1
20144100C0943,2,9,0,9,0,8,0,0,0,0,4,1,1,1,27,6,1343,1,9,7,1
20144100C0946,1,9,0,18,0,0,2,0,1,2,3,1,6,1,52,8,-1,-1,-1,5,1
20144100C0947,1,9,0,9,0,6,0,0,0,0,1,1,6,1,-1,-1,1798,1,7,-1,-1
20144100C0947,2,9,0,18,0,8,0,0,0,0,3,1,6,1,22,5,1598,1,13,8,1
20144100C0952,1,8,0,2,0,0,0,0,0,0,4,1,6,2,-1,-1,-1,-1,-1,-1,-1
20144100C0952,2,1,0,18,0,0,0,10,0,0,1,1,2,2,44,7,-1,-1,-1,9,1
20144100C0957,1,2,0,18,0,8,1,0,0,0,1,1,6,1,17,4,49,1,5,10,1
20144100C0957,2,9,0,9,0,5,0,0,0,0,4,1,6,1,49,8,1560,2,9,-1,-1
20144100C0963,1,9,0,18,0,0,0,8,0,0,4,1,6,1,54,8,2544,1,14,10,1
20144100C0963,2,9,0,2,0,0,0,0,0,0,4,1,6,2,46,8,2143,2,1,9,1
20144100C0964,1,3,0,4,6,0,1,4,0,0,1,1,6,1,29,6,124,1,10,4,1
20144100C0964,2,11,0,2,6,0,0,0,0,0,2,1,1,1,45,7,5900,2,7,9,1
20144100C0965,1,9,0,18,0,6,0,0,0,0,3,1,6,2,45,7,1686,2,3,4,1
20144100C0965,2,9,0,18,0,8,0,0,0,0,1,1,1,2,36,7,1242,1,2,6,1
20144100C0966,1,9,0,18,0,0,0,0,0,0,1,1,6,2,34,6,1560,2,4,5,1
20144100C0966,2,9,0,3,0,0,0,0,0,0,2,1,1,1,28,6,1686,2,4,7,3
20144100C0969,1,9,0,2,6,0,0,0,0,0,0,1,1,1,31,6,2400,2,-1,-1,1
20144100C0969,2,9,0,4,0,0,0,0,0,0,2,1,6,1,26,6,1199,1,11,5,1
20144100C0969,3,1,0,18,0,0,0,0,0,0,1,1,6,1,60,9,-1,-1,-1,3,1
20144100C0969,4,1,0,18,0,0,0,0,0,0,0,1,6,2,42,7,-1,-1,-1,3,1
20144100C0973,1,3,0,4,0,0,0,0,0,0,1,1,1,1,19,4,-1,-1,-1,7,1
20144100C0973,2,9,0,1,0,0,0,0,0,0,2,1,6,2,37,7,-1,-1,-1,7,1
20144100C0977,1,9,0,7,9,6,0,0,0,0,1,1,6,1,45,7,996,1,5,4,1
20144100C0977,2,1,0,18,9,8,0,0,0,0,3,1,6,1,57,9,-1,-1,-1,4,1
20144100C0979,1,9,0,18,0,0,0,0,0,0,0,1,6,1,-1,-1,1686,2,2,-1,-1
20144100C0979,2,3,0,18,0,0,0,0,0,0,3,1,6,1,18,4,-1,-1,-1,3,1
20144100C0980,1,9,0,9,0,8,0,0,0,0,1,1,6,2,23,5,1598,2,3,1,1
20144100C0980,2,19,0,18,0,8,0,0,0,0,3,1,1,1,51,8,2464,2,7,9,1
20144100C0985,1,9,0,18,0,2,0,0,0,0,1,1,6,2,58,9,1895,1,14,9,1
20144100C0986,1,9,0,9,0,8,0,0,0,0,3,1,6,2,32,6,1390,1,12,8,1
20144100C0986,2,9,0,5,0,8,0,0,0,0,3,1,6,1,36,7,1560,2,2,8,1
20144100C0989,1,11,0,18,0,8,0,0,0,0,0,1,1,1,-1,-1,5883,2,12,-1,-1
20144100C0989,2,9,0,7,0,6,0,0,0,0,0,1,6,2,-1,-1,-1,-1,-1,-1,-1
20144100C0999,1,9,0,18,0,1,0,0,0,0,1,1,6,1,23,5,1149,1,4,7,1
20144100C0999,2,9,0,9,0,5,0,0,0,0,1,1,6,1,-1,-1,1796,1,4,-1,-1
20144100C1001,1,9,0,4,0,0,0,0,0,0,1,1,6,1,58,9,1951,2,12,-1,-1
20144100C1001,2,9,0,4,0,0,0,0,0,0,1,1,2,1,34,6,2204,2,8,10,1
20144100C1001,3,9,0,4,0,0,0,0,0,0,2,1,6,1,-1,-1,1968,2,4,10,2
20144100C1003,1,9,0,18,0,8,0,0,0,0,1,1,6,2,52,8,1498,1,4,9,1
20144100C1003,2,8,0,7,0,6,0,0,0,0,3,1,1,1,42,7,1896,2,6,10,1
20144100C1012,1,9,0,5,0,4,0,0,0,0,4,1,6,2,51,8,1360,1,8,10,1
20144100C1012,2,9,0,5,0,4,0,0,0,0,1,1,6,2,88,11,796,1,8,10,1
20144100C1016,1,9,0,18,0,1,0,0,0,0,1,1,6,2,54,8,1368,1,-1,9,1
20144100C1018,1,9,0,16,0,0,5,0,7,0,1,1,6,1,22,5,1796,1,12,10,1
20144100C1020,1,9,0,12,0,0,0,0,0,0,2,1,6,2,54,8,1390,1,13,8,1
20144100C1020,2,3,0,18,0,0,1,0,0,0,1,1,1,1,35,6,599,1,6,8,1
20144100C1023,1,9,0,18,0,0,0,0,0,0,1,1,2,1,45,7,1769,1,9,3,1
20144100C1023,2,9,0,3,0,0,0,0,0,0,2,1,2,2,22,5,1598,1,4,3,1
20144100C1023,3,9,0,3,0,0,0,0,0,0,2,1,6,2,46,8,1242,1,1,5,2
20144100C1024,1,9,0,9,9,5,0,0,0,0,3,1,2,2,56,9,1749,1,8,10,1
20144100C1025,1,9,0,17,0,0,1,0,1,4,1,1,6,2,42,7,1124,1,19,4,1
20144100C1030,1,9,0,18,0,1,0,0,1,10,1,1,2,1,37,7,1598,1,10,5,1
20144100C1032,1,9,0,18,0,1,0,0,0,0,4,1,6,1,28,6,1595,1,-1,-1,-1
20144100C1033,1,19,0,18,0,1,1,0,0,0,1,1,1,1,67,10,2799,2,13,5,1
20144100C1033,2,9,0,4,0,1,0,0,0,0,2,1,6,1,39,7,-1,-1,-1,10,1
20144100C1033,3,9,0,3,0,1,0,0,0,0,0,1,1,1,29,6,1686,2,2,3,1
20144100C1034,1,9,0,18,0,0,0,0,0,0,4,1,6,2,48,8,1388,1,12,-1,-1
20144100C1036,1,19,0,18,0,0,0,0,1,4,1,1,2,1,39,7,2198,2,8,6,1
20144100C1041,1,9,0,18,9,0,0,0,0,0,1,1,6,1,74,10,2477,2,13,-1,-1
20144100C1047,1,9,0,9,0,5,0,0,3,0,3,1,6,3,-1,-1,1388,1,4,-1,-1
20144100C1047,2,8,0,18,0,8,0,0,0,0,1,1,1,1,42,7,1997,2,8,3,1
20144100C1048,1,9,0,6,0,2,0,0,0,0,3,1,6,2,35,6,1498,1,7,4,1
20144100C1048,2,2,0,13,0,2,0,0,0,0,1,1,6,1,19,4,-1,-1,-1,8,1
20144100C1049,1,9,0,18,0,1,0,0,0,0,3,1,6,1,20,4,1560,2,6,9,1
20144100C1049,2,9,0,18,0,1,0,0,0,0,4,1,6,1,20,4,1896,2,14,5,1
20144100C1050,1,19,0,7,0,1,0,0,0,0,4,1,6,3,-1,-1,-1,-1,-1,-1,-1
20144100C1050,2,1,0,18,0,1,0,0,0,0,3,1,2,1,32,6,-1,-1,-1,9,1
20144100C1054,1,9,0,9,0,6,0,0,0,0,3,1,2,1,37,7,1560,2,8,-1,-1
20144100C1054,2,4,0,14,0,1,0,0,0,0,1,1,2,1,24,5,124,1,11,7,1
20144100C1064,1,9,0,18,0,0,0,4,0,0,1,1,6,2,28,6,1388,1,7,5,1
20144100C1064,2,9,0,2,0,0,0,0,0,0,4,1,6,3,-1,-1,2231,2,7,-1,-1