Accident_Index,Vehicle_Reference,Vehicle_Type,Towing_and_Articulation,Vehicle_Manoeuvre,Vehicle_Location-Restricted_Lane,Junction_Location,Skidding_and_Overturning,Hit_Object_in_Carriageway,Vehicle_Leaving_Carriageway,Hit_Object_off_Carriageway,1st_Point_of_Impact,Was_Vehicle_Left_Hand_Drive?,Journey_Purpose_of_Driver,Sex_of_Driver,Age_of_Driver,Age_Band_of_Driver,Engine_Capacity_(CC),Propulsion_Code,Age_of_Vehicle,Driver_IMD_Decile,Driver_Home_Area_Type
20144100C1064,3,9,0,2,0,0,0,0,0,0,4,1,6,3,-1,-1,1984,1,13,-1,-1
20144100C1066,1,9,0,18,0,0,0,0,0,0,1,1,6,2,47,8,1995,2,3,10,1
20144100C1066,2,9,0,3,0,0,0,0,0,0,2,1,6,1,76,11,1560,2,-1,9,1
20144100C1067,1,9,0,18,0,0,0,0,0,0,1,1,6,1,50,8,1796,1,14,-1,-1
20144100C1076,1,9,0,9,0,6,0,0,0,0,0,1,2,2,40,7,1998,1,12,8,1
20144100C1076,2,5,0,14,0,8,1,0,0,0,0,1,2,1,40,7,899,1,16,4,2
20144100C1078,1,9,0,18,0,0,0,0,0,0,1,1,6,1,78,11,2987,2,9,10,1
20144100C1078,2,9,0,3,0,0,0,0,0,0,1,1,6,2,39,7,1968,2,3,10,1
20144100C1078,3,9,0,3,0,0,0,0,0,0,3,1,6,2,40,7,-1,-1,-1,-1,-1
20144100C1080,1,19,0,4,0,0,0,0,0,0,1,1,1,1,43,7,2402,2,6,4,1
20144100C1080,2,19,0,4,0,0,0,0,0,0,2,1,1,1,41,7,2143,2,-1,4,1
20144100C1080,3,9,0,4,0,0,0,0,0,0,2,1,6,3,-1,-1,-1,-1,-1,-1,-1
20144100C1085,1,3,0,18,0,1,0,0,0,0,4,1,1,1,32,6,124,1,-1,6,1
20144100C1085,2,9,0,5,0,6,0,0,0,0,1,1,1,2,68,10,1598,2,4,10,1
20144100C1087,1,9,0,4,0,1,0,4,0,0,1,1,6,1,88,11,1198,1,5,10,1
20144100C1087,2,9,0,2,0,1,0,0,0,0,1,1,6,3,-1,-1,-1,-1,-1,10,1
20144100C1089,1,9,0,9,0,6,0,0,0,0,3,1,1,1,22,5,1124,1,8,10,1
20144100C1089,2,9,0,18,0,8,0,0,0,0,1,1,6,2,30,6,1798,1,14,6,1
20144100C1090,1,9,0,18,0,1,0,0,0,0,1,1,6,1,20,4,1229,1,1,10,1
20144100C1093,1,9,0,5,0,1,0,0,0,0,1,1,6,2,30,6,-1,-1,-1,-1,-1
20144100C1108,1,9,0,18,0,6,0,0,0,0,1,1,3,2,35,6,1995,1,4,7,1
20144100C1108,2,9,0,18,0,6,0,0,0,0,3,1,6,2,67,10,1596,1,4,10,1
20144100C1111,1,9,0,18,0,8,0,0,0,0,0,1,6,1,30,6,-1,-1,-1,-1,-1
20144100C1111,2,11,0,18,0,8,0,0,0,0,0,1,1,1,44,7,7300,2,9,8,1
20144100C1112,1,9,0,18,0,1,0,7,1,7,4,1,6,2,34,6,1896,2,7,10,1
20144100C1114,1,9,0,9,0,5,0,0,0,0,1,1,6,2,30,6,2494,1,19,5,1
20144100C1114,2,9,0,10,0,8,0,0,0,0,1,1,6,2,36,7,1796,1,6,8,1
20144100C1114,3,9,0,18,0,8,0,0,0,0,1,1,6,1,65,9,1598,1,4,7,1
20144100C1121,1,9,0,16,0,0,1,0,0,0,3,1,6,1,29,6,998,1,18,5,1
20144100C1121,2,9,0,17,0,0,0,0,0,0,3,1,6,1,-1,-1,-1,-1,-1,10,3
20144100C1122,1,9,0,18,0,1,0,0,0,0,1,1,6,1,30,6,2172,2,10,-1,-1
20144100C1122,2,9,0,4,0,1,0,0,0,0,2,1,6,1,30,6,1197,1,1,6,1
20144100C1125,1,9,0,18,0,4,0,0,0,0,1,1,2,1,27,6,2993,2,4,-1,-1
20144100C1125,2,1,0,18,0,8,0,0,0,0,4,1,2,1,28,6,-1,-1,-1,10,1
20144100C1127,1,9,0,12,0,1,0,0,0,0,1,1,2,1,21,5,1198,1,-1,7,1
20144100C1127,2,9,0,4,0,1,0,0,0,0,2,1,2,1,59,9,1997,2,6,10,1
20144100C1127,3,9,0,4,0,1,0,0,0,0,2,1,6,1,-1,-1,1242,1,-1,7,1
20144100C1128,1,9,0,9,0,6,0,0,0,0,1,1,6,2,22,5,1242,1,12,7,1
20144100C1128,2,1,0,18,0,8,0,0,0,0,1,1,6,1,38,7,-1,-1,-1,8,1
20144100C1130,1,9,0,18,0,2,0,0,0,0,1,1,6,2,67,10,-1,-1,-1,6,1
20144100C1130,2,8,0,18,0,1,0,0,0,0,1,1,1,1,24,5,1968,2,3,5,1
20144100C1132,1,9,0,18,0,8,0,9,3,1,1,1,6,2,19,4,1229,1,-1,8,1
20144100C1133,1,9,0,18,0,8,0,0,0,0,1,1,6,2,20,4,1390,1,11,-1,-1
20144100C1133,2,1,0,18,0,6,0,0,0,0,1,1,6,1,15,3,-1,-1,-1,-1,-1
20144100C1134,1,9,0,18,0,1,0,0,0,0,3,1,6,1,52,8,1686,2,-1,4,1
20144100C1137,1,9,0,18,0,2,0,0,0,0,1,1,6,2,30,6,1991,2,10,2,1
20144100C1137,2,9,0,3,0,2,0,0,0,0,2,1,6,1,22,5,1998,1,8,10,1
20144100C1142,1,9,0,5,0,6,0,0,7,0,1,1,6,1,50,8,2199,2,4,6,1
20144100C1142,2,9,0,18,0,8,0,7,7,10,4,1,6,2,65,9,1968,2,2,8,1
20144100C1150,1,9,0,9,0,6,0,0,0,0,3,1,6,2,68,10,1587,1,11,6,1
20144100C1150,2,9,0,18,0,8,0,0,0,0,1,1,3,1,17,4,999,1,15,10,1
20144100C1152,1,9,0,9,0,5,0,0,0,0,1,1,6,1,-1,-1,-1,-1,-1,-1,-1
20144100C1152,2,1,0,18,0,8,0,0,0,0,3,1,2,1,21,5,-1,-1,-1,8,1
20144100C1155,1,21,1,5,0,4,0,0,0,0,3,1,6,3,-1,-1,12809,2,-1,-1,-1
20144100C1158,1,9,0,16,0,0,0,0,0,0,0,2,6,2,24,5,-1,-1,-1,6,1
20144100C1158,2,3,0,17,0,0,1,10,0,0,0,1,6,1,32,6,645,1,-1,5,1
20144100C1160,1,9,0,9,0,5,0,0,0,0,1,1,6,2,22,5,1198,1,8,6,1
20144100C1166,1,9,0,9,0,5,0,0,0,0,1,1,6,1,40,7,1598,1,8,-1,-1
20144100C1167,1,3,0,14,0,8,0,0,0,0,4,1,6,1,46,8,-1,-1,-1,8,1
20144100C1167,2,9,0,9,0,5,0,0,0,0,3,1,6,1,23,5,1598,1,8,8,1
20144100C1169,1,9,0,9,0,5,0,0,0,0,3,1,1,1,37,7,1248,2,1,6,3
20144100C1169,2,9,0,13,0,8,0,0,7,4,4,1,1,1,26,6,1686,2,1,9,1
20144100C1171,1,9,0,18,0,0,0,0,0,0,1,1,2,1,35,6,1198,1,-1,5,1
20144100C1171,2,9,0,3,0,0,0,0,0,0,2,1,2,2,39,7,1598,1,5,5,1
20144100C1171,3,9,0,3,0,0,0,0,0,0,2,1,3,2,40,7,-1,-1,-1,7,1
20144100C1179,1,9,0,1,0,8,0,0,0,0,2,1,6,2,40,7,1618,1,4,-1,-1
20144100C1179,2,9,0,3,0,1,0,0,0,0,1,1,6,1,36,7,1790,1,18,5,1
20144100C1181,1,21,1,11,0,3,0,0,0,0,4,1,1,1,42,7,12902,2,1,9,1
20144100C1181,2,9,0,18,0,3,0,0,0,0,3,1,2,2,23,5,1229,1,3,5,1
20144100C1182,1,9,0,18,0,2,0,0,0,0,1,1,6,1,88,11,1339,1,2,-1,-1
20144100C1183,1,9,0,18,0,0,0,0,0,0,1,1,6,1,36,7,1598,1,8,5,1
20144100C1184,1,9,0,16,0,0,2,0,8,0,3,1,2,1,19,4,-1,-1,-1,7,3
20144100C1187,1,1,0,9,0,0,0,10,0,10,1,1,6,1,51,8,-1,-1,-1,4,1
20144100C1189,1,1,0,18,0,6,0,0,0,0,1,1,6,1,13,3,-1,-1,-1,-1,-1
20144100C1189,2,9,0,18,0,8,0,0,0,0,4,1,3,2,30,6,1686,2,2,-1,-1
20144100C1190,1,9,0,18,0,8,1,0,4,6,1,1,1,1,21,5,-1,-1,-1,5,1
20144100C1195,1,9,0,1,0,0,0,0,0,0,2,1,6,3,-1,-1,-1,-1,-1,-1,-1
20144100C1198,1,9,0,18,0,0,0,0,0,0,1,1,1,1,32,6,1896,2,7,6,1
20144100C1199,1,1,0,16,0,2,0,0,0,0,1,1,2,1,35,6,-1,-1,-1,4,1
20144100C1210,1,9,0,9,0,8,0,0,0,0,1,1,1,1,44,7,-1,-1,-1,6,1
20144100C1210,2,9,0,18,0,8,0,0,0,0,1,1,2,2,21,5,1199,1,10,9,1
20144100C1214,1,9,0,17,0,8,0,0,0,0,4,1,2,1,24,5,1242,1,3,9,1
20144100C1214,2,9,0,3,0,8,0,0,0,0,3,1,2,1,47,8,-1,-1,-1,4,1
20144100C1215,1,1,0,18,0,8,0,0,0,0,1,1,2,2,55,8,-1,-1,-1,-1,-1
20144100C1215,2,19,0,9,0,8,0,0,0,0,4,1,1,1,23,5,-1,-1,-1,3,1
20144100C1224,1,9,0,1,9,0,0,0,0,0,2,1,6,3,-1,-1,-1,-1,-1,-1,-1
20144100C1224,2,1,0,18,9,0,0,0,0,0,4,1,1,1,18,4,-1,-1,-1,6,1
20144100C1226,1,9,0,16,0,0,0,0,1,0,1,1,2,1,18,4,1198,1,12,4,1
20144100C1226,2,9,0,17,0,0,0,0,0,0,1,1,2,2,51,8,1598,1,6,10,1
20144100C1234,1,9,0,9,0,8,0,0,0,0,1,1,6,1,64,9,1595,1,11,4,1
20144100C1234,2,9,0,9,0,8,0,0,0,0,2,1,6,1,-1,-1,1395,1,-1,-1,-1
20144100C1234,3,9,0,15,0,8,0,0,0,0,0,1,6,3,-1,-1,-1,-1,-1,-1,-1
20144100C1236,1,9,0,9,0,6,0,0,0,0,1,1,6,2,36,7,1998,1,9,9,1
20144100C1236,2,9,0,18,0,8,0,0,0,0,3,1,2,2,56,9,1242,1,1,4,1
20144100C1236,3,9,0,3,0,1,0,0,0,0,3,1,6,2,44,7,2993,2,4,6,1
20144100C1237,1,19,0,9,0,5,0,0,0,0,4,1,2,1,54,8,1998,2,10,6,1
20144100C1237,2,3,0,18,0,8,0,0,0,0,1,1,2,2,26,6,125,1,11,9,1
20144100C1239,1,9,0,18,0,8,0,0,0,0,1,1,6,2,30,6,-1,-1,-1,3,1
20144100C1239,2,9,0,3,0,8,0,0,0,0,2,1,6,1,43,7,1794,1,8,10,1
20144100C1244,1,9,0,18,0,0,0,0,0,0,3,1,6,1,49,8,2148,2,5,-1,1
20144100C1250,1,9,0,13,0,0,0,0,0,0,4,1,6,1,60,9,-1,-1,-1,-1,-1
20144100C1250,2,1,0,18,0,0,1,0,1,0,3,1,2,1,35,6,-1,-1,-1,9,1
20144100C1255,1,9,0,18,0,0,0,10,0,0,4,1,6,1,76,11,1590,1,11,10,1
20144100C1257,1,9,0,9,0,6,0,0,0,0,1,1,6,1,62,9,1461,2,8,3,1
20144100C1257,2,3,0,18,0,8,0,0,0,0,3,1,2,1,49,8,125,1,1,7,1
20144100C1258,1,9,0,18,0,1,0,0,0,0,1,1,6,2,45,7,875,1,3,8,1
20144100C1258,2,9,0,10,0,1,0,0,0,0,2,1,1,1,42,7,-1,-1,-1,4,1
20144100C1268,1,3,0,4,0,1,1,0,0,0,0,1,6,2,23,5,-1,-1,-1,10,1
20144100C1272,1,19,0,1,0,1,0,0,0,0,2,1,1,1,36,7,2402,2,4,-1,-1
20144100C1272,2,9,0,3,0,1,0,0,0,0,1,1,1,1,24,5,1229,1,-1,2,1
20144100C1272,3,9,0,3,0,1,0,0,0,0,1,1,1,2,23,5,998,1,1,-1,-1
20144100C1276,1,9,0,9,0,5,0,0,0,0,1,1,6,2,39,7,1781,1,12,9,1
20144100C1276,2,9,0,18,0,8,0,0,0,0,1,1,6,1,29,6,1242,1,15,-1,-1
20144100C1278,1,9,0,9,0,6,0,0,0,0,1,1,6,1,63,9,-1,-1,-1,10,1
20144100C1279,1,19,0,18,0,1,0,0,0,0,1,1,6,1,50,8,-1,-1,-1,-1,-1
20144100C1279,2,9,0,3,0,1,0,0,0,0,2,1,6,2,42,7,2993,2,1,10,2
20144100C1282,1,9,0,18,0,0,0,0,0,0,1,1,6,1,32,6,1198,1,4,9,1
20144100C1282,2,9,0,4,0,0,0,0,0,0,2,1,6,2,27,6,1968,2,1,9,1
20144100C1282,3,9,0,4,0,0,0,0,0,0,2,1,6,1,19,4,2000,2,5,7,1
20144100C1286,1,9,0,18,0,1,0,0,0,0,1,1,1,1,46,8,1984,1,8,3,1
20144100C1288,1,1,0,18,0,2,0,0,0,0,1,1,6,1,16,4,-1,-1,-1,3,1
20144100C1288,2,9,0,18,0,2,0,0,0,0,4,1,6,1,-1,-1,-1,-1,-1,-1,-1
20144100C1289,1,9,0,18,0,8,0,0,1,7,3,1,1,1,29,6,-1,-1,-1,4,1
20144100C1289,2,9,0,18,0,8,0,0,0,0,1,1,6,1,-1,-1,-1,-1,-1,-1,-1
20144100C1294,1,1,0,18,0,8,0,0,7,0,1,1,6,2,72,10,-1,-1,-1,-1,-1
20144100C1294,2,9,0,9,0,6,0,0,0,0,1,1,1,1,40,7,-1,-1,-1,10,1
20144100C1296,1,3,0,14,0,8,0,0,0,0,3,1,6,1,59,9,124,1,2,-1,-1
20144100C1296,2,9,0,5,0,6,0,0,0,0,1,1,6,1,49,8,973,1,15,7,1
20144100C1298,1,9,0,10,0,1,0,0,0,0,2,1,1,2,43,7,1242,1,1,10,1
20144100C1298,2,19,0,18,0,1,0,0,0,0,1,1,2,1,39,7,1753,2,8,8,1
20144100C1298,3,19,0,18,0,8,0,0,0,0,3,1,2,1,49,8,2460,2,8,5,3
20144100C1300,1,9,0,7,0,6,0,0,0,0,3,1,1,2,45,7,1995,1,7,5,1
20144100C1300,2,9,0,18,0,1,0,0,0,0,4,1,1,1,38,7,1598,1,13,2,1
20144100C1302,1,9,0,18,0,1,2,0,0,0,2,1,6,1,35,6,-1,-1,-1,3,1
20144100C1302,2,4,0,18,0,1,0,0,0,0,1,1,6,2,34,6,-1,-1,-1,7,1
20144100C1304,1,11,0,4,0,1,0,0,0,0,1,1,1,1,56,9,6370,2,6,-1,-1
20144100C1307,1,9,0,18,0,4,0,0,0,0,1,1,6,2,26,6,1242,1,2,9,1
20144100C1307,2,1,0,18,0,8,0,0,0,0,4,1,2,1,17,4,-1,-1,-1,-1,-1
20144100C1308,1,9,0,4,0,1,0,0,0,0,1,1,6,1,40,7,1598,1,2,8,1
20144100C1308,2,9,0,3,0,1,0,0,0,0,2,1,6,1,38,7,2204,2,7,10,2
20144100C1308,3,9,4,3,0,1,0,0,0,0,2,1,2,1,42,7,-1,-1,-1,8,1
20144100C1315,1,9,0,5,0,0,0,4,0,0,1,1,3,2,45,7,2993,2,7,-1,-1
20144100C1315,2,9,0,2,0,0,0,0,0,0,2,1,6,2,45,7,2179,2,10,-1,-1
20144100C1317,1,9,0,7,0,0,0,0,0,0,4,1,6,2,55,8,1086,1,5,-1,-1
20144100C1317,2,1,0,18,0,0,0,0,0,0,1,1,6,1,86,11,-1,-1,-1,10,1
20144100C1319,1,9,0,18,0,0,0,0,0,0,1,1,6,1,48,8,-1,-1,-1,7,1
20144100C1319,2,9,0,4,0,0,0,0,0,0,2,1,6,2,37,7,1240,1,9,5,1
20144100C1324,1,19,0,9,0,6,0,0,0,0,1,1,1,1,31,6,2198,2,1,7,1
20144100C1324,2,9,0,18,0,8,0,0,7,0,4,1,6,2,28,6,1796,1,14,-1,-1
20144100C1325,1,9,0,18,0,1,1,4,0,0,1,1,6,2,33,6,1997,1,11,7,1
20144100C1325,2,9,0,2,0,1,0,0,0,0,1,1,6,3,-1,-1,1598,1,1,9,1
20144100C1326,1,9,0,16,0,0,0,0,0,0,1,1,6,2,19,4,1390,1,13,10,3
20144100C1326,2,9,0,17,0,0,0,0,0,0,1,1,6,1,64,9,2496,2,10,7,1
20144100C1326,3,9,5,16,0,0,0,0,0,0,0,1,6,1,60,9,1968,2,4,10,3
20144100C1331,1,19,0,4,0,0,0,0,0,0,1,1,6,1,50,8,2148,2,7,-1,-1
20144100C1331,2,9,0,4,0,0,0,0,0,0,2,1,6,1,55,8,1995,2,-1,5,1
20144100C1337,1,9,0,4,0,1,0,0,0,0,4,1,2,2,45,7,1998,2,9,4,1
20144100C1338,1,9,0,9,0,5,0,0,0,0,3,1,6,2,44,7,1598,1,4,10,1
20144100C1338,2,9,0,9,0,6,0,0,0,0,1,1,6,2,38,7,-1,-1,-1,7,1
20144100C1351,1,1,0,18,5,0,0,0,0,0,1,1,6,1,-1,-1,-1,-1,-1,-1,-1
20144100C1353,1,9,0,18,0,1,0,0,0,0,1,1,6,1,30,6,2993,2,2,-1,-1
20144100C1353,2,9,0,3,0,1,0,0,0,0,2,1,6,1,43,7,1386,1,9,7,1
20144100D0009,1,9,0,18,0,0,1,0,1,0,1,1,6,2,20,4,1149,1,4,6,1
20144100D0009,2,9,0,4,0,0,0,0,0,0,2,1,1,1,38,7,2498,1,14,6,1
20144100D0009,3,19,0,4,0,0,0,0,1,0,2,1,1,1,40,7,2198,2,4,7,1
20144100D0017,1,9,0,18,0,0,0,0,1,9,1,1,6,1,24,5,1895,1,14,3,1
20144100D0017,2,9,4,18,0,0,0,0,0,0,0,1,6,3,-1,-1,-1,-1,-1,-1,-1
20144100D0024,1,9,0,18,0,0,1,0,1,4,1,1,6,1,17,4,-1,-1,-1,5,1
20144100D0026,1,9,0,18,0,0,0,0,7,4,1,1,6,1,20,4,-1,-1,-1,8,2
20144100D0028,1,9,0,18,0,2,0,0,0,0,3,1,6,3,-1,-1,-1,-1,-1,-1,-1
20144100D0030,1,9,0,18,0,1,0,0,0,0,1,1,6,1,52,8,1997,2,10,9,3
20144100D0031,1,9,0,4,0,1,0,0,0,0,1,1,6,1,21,5,1586,1,8,6,1
20144100D0031,2,19,0,3,0,1,0,0,0,0,2,1,6,1,52,8,-1,-1,-1,6,1
20144100D0032,1,9,0,9,0,6,0,0,0,0,1,1,6,2,39,7,1598,1,5,-1,-1
20144100D0032,2,5,0,13,0,8,0,0,0,0,1,1,6,1,24,5,599,1,25,-1,-1
20144100D0033,1,9,0,9,0,6,0,0,0,0,1,1,6,1,84,11,1984,1,11,7,1
20144100D0033,2,9,0,18,0,8,0,0,0,0,4,1,6,1,20,4,-1,-1,-1,9,1
20144100D0037,1,11,0,18,0,1,0,0,0,0,0,1,1,1,44,7,7300,2,1,10,1
20144100D0037,2,9,0,9,0,8,0,0,0,0,0,1,6,3,-1,-1,-1,-1,-1,-1,-1
20144100D0039,1,9,0,18,0,0,0,0,0,0,1,1,3,2,20,4,999,1,14,9,1
20144100D0039,2,9,0,4,0,0,0,0,0,0,2,1,6,2,-1,-1,1198,1,5,-1,-1
20144100D0043,1,9,0,18,0,4,0,0,0,0,3,1,6,2,30,6,1389,1,18,-1,-1
20144100D0043,2,9,0,18,0,8,0,0,0,0,1,1,6,1,21,5,1390,1,2,10,2
20144100D0046,1,9,0,18,0,0,0,10,0,0,4,1,6,1,83,11,1490,1,9,9,1
20144100D0046,2,9,0,2,0,0,0,0,0,0,3,1,6,3,-1,-1,1587,1,8,-1,-1
20144100D0048,1,9,0,12,0,0,0,0,0,0,0,1,6,2,48,8,1242,1,4,10,1
20144100D0048,2,9,0,18,0,0,1,0,5,0,3,1,6,2,50,8,2993,2,5,5,1
20144100D0052,1,9,0,18,0,1,0,0,1,10,1,1,6,1,85,11,1461,2,8,9,3
20144100D0052,2,9,0,10,0,1,0,0,0,0,1,1,1,2,36,7,1390,1,3,6,1
20144100D0053,1,9,0,9,0,1,0,0,0,0,3,1,3,1,35,6,1910,2,7,9,1
20144100D0053,2,3,0,13,0,1,0,0,0,0,1,1,4,1,17,4,125,1,9,6,1
20144100D0065,1,9,0,17,0,0,0,0,0,0,1,1,6,1,33,6,-1,-1,-1,5,1
20144100D0065,2,9,0,16,0,0,0,0,0,0,3,1,6,2,34,6,1796,1,14,6,1
20144100D0067,1,9,0,9,0,6,0,0,0,0,3,1,6,1,53,8,2000,2,4,6,1
20144100D0067,2,9,0,18,0,1,0,0,0,0,1,1,6,1,42,7,1686,2,10,2,1
20144100D0070,1,9,0,18,0,0,0,0,0,0,1,1,6,2,32,6,1242,1,10,9,1
20144100D0072,1,9,0,9,0,6,0,0,0,0,3,1,2,2,29,6,-1,-1,-1,6,1
20144100D0072,2,9,0,9,0,5,0,0,0,0,4,1,3,2,44,7,1968,2,3,7,3
20144100D0074,1,9,0,4,0,0,0,0,0,0,1,1,6,2,38,7,-1,-1,-1,-1,-1
20144100D0074,2,9,0,3,0,0,0,0,0,0,2,1,6,1,41,7,1686,2,10,4,1
20144100D0076,1,9,0,18,0,1,0,0,0,0,4,1,1,2,22,5,-1,-1,-1,10,1
20144100D0077,1,9,0,18,0,1,0,4,0,0,1,1,6,2,26,6,1199,1,13,7,1
20144100D0077,2,9,0,2,9,1,0,0,0,0,2,1,6,1,25,5,1994,2,11,3,1
20144100D0086,1,9,0,3,0,0,0,0,1,0,2,1,6,1,58,9,1560,2,7,9,1
20144100D0086,2,9,0,18,0,0,2,0,0,0,1,1,6,1,56,9,1124,1,3,4,2
20144100D0090,1,9,0,9,0,6,0,0,0,0,1,1,2,2,57,9,1596,1,9,10,1
20144100D0091,1,9,0,18,0,0,0,0,0,0,1,1,6,2,35,6,1998,1,7,10,1
20144100D0091,2,9,0,2,0,0,0,0,1,0,2,1,6,3,-1,-1,1240,1,11,-1,-1
20144100D0091,3,9,0,2,0,0,0,0,0,0,2,1,6,3,-1,-1,1461,2,4,-1,-1
20144100D0093,1,9,0,18,0,1,0,0,0,0,1,1,6,2,36,7,1796,1,11,-1,-1
20144100D0093,2,19,0,9,0,8,0,0,0,0,3,1,2,1,53,8,2143,2,-1,10,1
20144100D0100,1,4,0,4,0,8,0,0,0,0,1,1,2,1,28,6,-1,-1,-1,5,1
20144100D0100,2,9,0,5,0,4,0,0,0,0,3,1,2,2,29,6,2993,2,2,-1,1
20144100D0102,1,2,0,18,0,2,0,0,0,0,1,1,6,1,17,4,-1,-1,-1,5,1
20144100D0102,2,1,0,18,0,2,0,0,0,0,1,1,6,1,15,3,-1,-1,-1,5,1
20144100D0111,1,9,0,3,0,1,0,0,0,0,4,1,2,2,29,6,2995,1,11,-1,-1
20144100D0112,1,9,0,17,0,0,1,0,0,0,3,1,6,1,19,4,1988,1,13,6,1
20144100D0112,2,9,0,16,0,0,0,0,0,0,3,1,6,2,35,6,-1,-1,-1,10,1
20144100D0114,1,9,0,4,0,0,0,0,0,0,4,1,1,1,25,5,1799,1,5,10,1
20144100D0115,1,11,0,9,0,5,0,0,0,0,4,1,1,1,34,6,7300,2,14,6,1
20144100D0115,2,9,0,18,0,8,0,0,0,0,1,1,6,1,33,6,1399,2,3,-1,-1
20144100D0122,1,9,0,18,0,0,0,0,1,0,4,1,2,1,53,8,1461,2,9,10,1
20144100D0122,2,9,0,18,0,0,5,0,1,7,1,1,2,1,36,7,1598,2,4,7,2
20144100D0123,1,9,0,17,0,0,2,0,1,10,1,1,6,1,29,6,-1,-1,-1,-1,1
20144100D0126,1,9,0,9,0,5,0,0,1,4,1,1,6,1,77,11,-1,-1,-1,10,1
20144100D0127,1,9,0,18,0,0,0,0,0,0,1,1,2,1,23,5,1591,1,6,10,1
20144100D0127,2,9,0,18,0,0,0,0,1,0,1,1,6,2,18,4,1399,2,2,9,1
20144100D0139,1,1,0,17,0,0,1,0,0,0,0,1,6,1,43,7,-1,-1,-1,8,1
20144100D0147,1,9,0,18,0,1,1,0,0,0,1,1,2,1,28,6,1398,2,2,5,1
20144100D0150,1,9,0,9,0,8,0,0,0,0,1,1,2,2,38,7,1910,2,7,3,1
20144100D0150,2,19,0,3,0,8,0,0,0,0,1,1,6,1,66,10,1686,2,10,7,3
20144100D0155,1,9,0,18,0,8,0,0,7,1,1,1,6,2,66,10,1598,1,9,-1,-1
20144100D0155,2,9,0,4,0,1,0,0,0,0,2,1,6,1,81,11,1753,2,7,5,1
20144100D0155,3,9,0,4,0,1,0,0,0,0,1,1,2,1,59,9,1124,1,12,8,1
20144100D0157,1,9,0,11,0,0,1,0,0,0,2,1,1,1,57,9,2967,2,3,10,2
20144100D0157,2,9,0,18,0,0,0,0,0,0,1,1,1,1,64,9,1995,2,8,10,1
20144100D0161,1,9,0,18,0,1,1,0,0,0,1,1,6,2,55,8,1596,1,12,8,1
20144100D0161,2,9,0,10,0,1,0,0,0,0,2,1,6,1,42,7,1968,2,3,7,1
20144100D0162,1,9,0,18,0,0,1,0,1,10,1,1,2,2,34,6,1360,1,10,7,1
20144100D0163,1,9,0,18,0,0,0,0,0,0,1,1,6,2,59,9,2143,2,3,10,1
20144100D0163,2,9,0,18,0,0,0,0,1,10,1,1,6,1,53,8,1149,1,7,4,1
20144100D0163,3,9,0,18,0,0,0,0,1,0,3,1,6,1,37,7,-1,-1,-1,10,3
20144100D0163,4,9,0,18,0,0,0,0,2,10,1,1,6,2,26,6,1396,1,4,5,1
20144100D0165,1,8,0,9,0,6,0,0,0,0,3,1,1,1,35,6,1762,1,15,-1,-1
20144100D0165,2,9,0,18,0,8,0,0,0,0,1,1,2,1,47,8,1781,1,11,10,1
20144100D0171,1,9,0,18,0,0,0,0,0,0,3,1,1,2,47,8,2494,1,13,10,1
20144100D0172,1,9,0,18,0,0,0,0,0,0,3,1,2,1,47,8,1995,2,10,5,1
20144100D0176,1,19,0,18,0,0,0,0,0,0,1,1,1,1,54,8,-1,-1,-1,7,1
20144100D0176,2,9,0,4,0,0,0,0,1,0,2,1,1,1,48,8,1598,2,1,5,1
20144100D0176,3,9,0,18,0,0,0,0,1,0,3,1,6,1,72,10,1341,1,9,6,1
20144100D0177,1,9,0,18,0,1,0,7,0,0,1,1,6,1,18,4,1970,1,9,5,1
20144100D0177,2,9,0,18,0,2,0,0,1,10,1,1,2,2,55,8,1397,1,10,7,1
20144100D0179,1,9,0,16,0,0,0,0,1,0,1,1,6,1,38,7,1124,1,13,6,1
20144100D0180,1,9,0,16,0,0,5,0,1,2,1,1,6,1,18,4,1199,1,12,7,1
20144100D0184,1,19,0,4,0,0,0,0,0,0,2,1,1,1,44,7,1968,2,4,8,1
20144100D0184,2,9,0,4,0,0,0,0,0,0,1,1,6,2,19,4,1299,1,14,10,1
20144100D0185,1,21,1,18,0,1,0,0,0,0,1,1,6,1,-1,-1,-1,-1,-1,-1,-1
20144100D0185,2,9,0,3,0,1,0,0,0,0,2,1,1,2,34,6,1598,1,7,4,1
20144100D0186,1,9,0,18,0,1,0,0,0,0,1,1,6,1,43,7,-1,-1,-1,6,1
20144100D0186,2,9,0,10,0,8,1,0,0,0,2,1,6,2,27,6,1686,2,5,8,1
20144100D0189,1,9,0,18,0,0,0,0,0,0,1,1,6,1,43,7,1461,2,3,10,1
20144100D0189,2,9,0,18,0,0,0,0,1,0,1,1,6,2,34,6,998,1,9,10,1
20144100D0190,1,9,0,14,0,0,0,0,0,0,1,1,1,2,30,6,1598,2,2,-1,-1
20144100D0190,2,9,0,4,0,0,0,0,1,10,2,1,6,1,21,5,1527,2,12,-1,-1
20144100D0205,1,9,0,18,0,2,0,4,0,0,3,1,6,1,83,11,1560,2,1,10,1
20144100D0205,2,9,0,2,0,2,0,0,0,0,4,1,6,3,-1,-1,2204,2,9,-1,-1
20144100D0209,1,9,0,18,0,0,0,0,0,0,1,1,1,2,22,5,1124,1,8,8,1
20144100D0209,2,9,0,18,0,0,0,0,0,0,1,1,1,1,80,11,2198,1,13,6,1
20144100D0213,1,19,0,18,9,1,0,4,1,0,1,1,6,1,55,8,2198,2,1,3,1
20144100D0213,2,9,0,2,9,1,0,0,0,0,1,1,6,1,-1,-1,1396,1,14,4,1
20144100D0213,3,9,0,2,9,1,0,0,0,0,4,1,6,1,-1,-1,998,1,13,9,1