Accident_Index,Vehicle_Reference,Vehicle_Type,Towing_and_Articulation,Vehicle_Manoeuvre,Vehicle_Location-Restricted_Lane,Junction_Location,Skidding_and_Overturning,Hit_Object_in_Carriageway,Vehicle_Leaving_Carriageway,Hit_Object_off_Carriageway,1st_Point_of_Impact,Was_Vehicle_Left_Hand_Drive?,Journey_Purpose_of_Driver,Sex_of_Driver,Age_of_Driver,Age_Band_of_Driver,Engine_Capacity_(CC),Propulsion_Code,Age_of_Vehicle,Driver_IMD_Decile,Driver_Home_Area_Type
20144100D0213,4,9,0,2,9,1,0,0,0,0,1,1,6,1,-1,-1,1242,1,12,4,1
20144100D0213,5,9,0,2,9,1,0,0,0,0,1,1,6,1,-1,-1,1598,1,11,7,1
20144100D0214,1,4,0,18,0,0,0,0,0,0,0,1,6,1,30,6,-1,-1,-1,-1,-1
20144100D0214,2,16,0,18,0,0,0,0,0,0,0,1,6,2,5,1,-1,-1,-1,9,3
20144100D0215,1,9,0,4,0,1,0,0,0,0,1,1,6,2,30,6,-1,-1,-1,-1,-1
20144100D0215,2,9,0,3,0,1,0,0,0,0,2,1,6,2,36,7,1598,1,13,6,1
20144100D0218,1,9,0,4,0,1,0,0,0,0,1,1,6,1,44,7,1598,1,11,7,1
20144100D0218,2,9,0,3,0,1,0,0,0,0,2,1,6,2,29,6,1598,1,9,-1,-1
20144100D0219,1,9,0,16,0,0,1,0,0,0,1,1,6,2,17,4,999,1,16,10,3
20144100D0219,2,9,0,18,0,0,0,0,0,0,1,1,6,1,27,6,2401,2,9,8,1
20144100D0229,1,9,0,7,0,3,0,0,0,0,1,1,6,2,65,9,1997,2,10,8,1
20144100D0229,2,1,0,9,0,3,0,0,0,0,4,1,6,1,23,5,-1,-1,-1,10,1
20144100D0232,1,9,0,18,0,0,0,0,0,0,1,1,6,1,19,4,-1,-1,-1,9,1
20144100D0232,2,9,0,4,0,0,0,0,0,0,2,1,6,1,20,4,1229,1,10,3,1
20144100D0232,3,9,0,4,0,0,0,0,0,0,2,1,6,1,19,4,1229,1,9,6,1
20144100D0237,1,9,0,9,0,5,0,0,0,0,3,1,1,1,22,5,1560,2,2,3,1
20144100D0237,2,9,0,18,0,8,0,0,0,0,3,1,1,1,58,9,1797,8,5,7,1
20144100D0243,1,9,0,17,0,0,1,0,1,0,1,1,6,1,47,8,-1,-1,-1,6,1
20144100D0243,2,9,0,16,0,0,1,0,0,0,1,1,3,2,37,7,1388,1,15,6,1
20144100D0247,1,9,0,18,0,0,1,0,0,0,1,1,1,1,22,5,998,1,19,10,1
20144100D0247,2,9,0,4,0,0,0,0,0,0,2,1,1,2,20,4,2993,2,1,9,1
20144100D0247,3,19,0,4,0,0,0,0,0,0,2,1,1,1,31,6,2143,2,4,9,1
20144100D0252,1,19,0,18,0,0,0,0,0,0,1,1,1,1,44,7,1753,2,7,5,1
20144100D0255,1,9,0,18,0,2,0,10,7,10,4,1,6,2,87,11,996,1,5,10,1
20144100D0256,1,9,0,16,0,0,1,4,2,0,1,1,6,1,19,4,1242,1,1,3,1
20144100D0256,2,9,0,17,0,0,0,0,0,0,0,1,6,1,30,6,-1,-1,-1,5,1
20144100D0256,3,19,0,2,9,0,0,0,0,0,3,1,6,3,-1,-1,2198,2,3,-1,-1
20144100D0262,1,9,0,9,0,6,0,0,0,0,3,1,6,1,22,5,1598,1,4,4,1
20144100D0262,2,4,0,18,0,8,0,0,0,0,1,1,6,1,25,5,649,1,3,4,1
20144100D0266,1,9,0,7,0,4,0,0,3,10,1,1,6,2,31,6,1598,1,12,4,1
20144100D0267,1,9,0,17,0,2,0,10,0,0,1,1,6,1,47,8,-1,-1,-1,10,1
20144100D0267,2,9,0,16,0,1,0,0,0,0,1,1,6,1,38,7,2400,2,1,10,1
20144100D0269,1,9,0,9,0,5,0,0,0,0,4,1,6,2,92,11,1229,1,7,10,1
20144100D0269,2,9,0,18,0,8,0,0,0,0,1,1,6,2,18,4,-1,-1,-1,-1,-1
20144100D0273,1,9,0,18,0,8,0,0,0,0,1,1,6,2,25,5,-1,-1,-1,2,1
20144100D0273,2,9,0,3,0,8,0,0,0,0,2,1,6,2,42,7,2184,2,9,7,1
20144100D0281,1,9,0,18,0,1,0,0,0,0,1,1,6,2,25,5,1596,1,11,7,3
20144100D0281,2,9,0,8,0,1,0,0,0,0,2,1,6,1,28,6,2151,2,12,5,1
20144100D0285,1,9,0,18,0,0,0,0,1,9,4,1,6,1,60,9,2198,1,8,7,2
20144100D0289,1,9,0,4,0,1,0,0,0,0,2,1,6,1,22,5,2987,2,5,7,1
20144100D0289,2,9,0,5,0,1,0,0,0,0,1,1,6,2,41,7,1968,2,3,9,1
20144100D0291,1,9,0,18,0,1,0,0,1,0,1,1,6,1,63,9,1977,1,16,7,1
20144100D0291,2,1,0,18,0,1,0,0,0,0,2,1,6,1,45,7,-1,-1,-1,-1,-1
20144100D0291,3,1,0,18,0,1,0,0,0,0,2,1,6,1,53,8,-1,-1,-1,9,1
20144100D0293,1,9,0,3,0,0,0,0,0,0,0,1,1,1,39,7,1686,2,1,8,1
20144100D0293,2,9,0,4,0,0,0,0,0,0,1,1,6,2,30,6,1598,1,16,4,1
20144100D0293,3,9,0,4,0,0,0,0,0,0,2,1,6,2,41,7,1599,1,9,6,1
20144100D0294,1,9,0,16,0,0,0,0,7,7,1,1,6,1,22,5,1229,1,8,10,1
20144100D0295,1,19,0,17,0,0,5,0,1,1,1,1,1,1,34,6,2198,2,6,4,1
20144100D0297,1,9,0,3,0,1,0,0,0,0,4,1,1,1,36,7,2148,2,9,3,1
20144100D0297,2,9,0,18,0,8,0,0,0,0,1,1,2,2,-1,-1,1490,1,8,7,1
20144100D0297,3,9,0,5,0,4,0,0,0,0,1,1,1,1,21,5,1124,1,12,-1,-1
20144100D0299,1,9,0,16,0,8,1,0,0,0,1,1,6,1,21,5,1596,1,10,6,1
20144100D0299,2,9,0,18,0,1,0,0,0,0,3,1,6,1,20,4,1242,1,13,7,1
20144100D0309,1,21,0,1,0,0,0,0,7,1,2,1,1,1,56,9,10837,2,1,3,1
20144100D0309,2,11,0,2,0,0,0,0,0,0,2,1,1,1,61,9,5900,2,7,7,3
20144100D0309,3,9,0,18,0,0,0,0,0,0,1,1,2,1,40,7,1582,2,2,10,1
20144100D0313,1,9,0,9,0,5,0,0,7,4,4,1,6,1,80,11,1124,1,10,9,1
20144100D0313,2,9,0,18,0,8,0,0,7,4,1,1,6,1,24,5,2993,2,-1,3,1
20144100D0314,1,9,0,18,0,1,1,0,0,0,1,1,6,1,28,6,1686,2,4,10,1
20144100D0314,2,9,0,3,0,1,0,0,0,0,2,1,6,1,23,5,1229,1,3,10,1
20144100D0314,3,9,0,3,0,1,0,0,0,0,2,1,6,1,33,6,-1,-1,-1,10,1
20144100D0316,1,3,0,9,0,6,0,0,0,0,3,1,6,2,23,5,-1,-1,-1,7,1
20144100D0316,2,9,0,18,0,8,0,0,0,0,1,1,6,1,57,9,1596,1,-1,3,1
20144100D0317,1,9,0,13,0,0,0,0,0,0,4,1,6,1,25,5,-1,-1,-1,-1,-1
20144100D0317,2,1,0,18,0,0,0,0,0,0,3,1,6,1,16,4,-1,-1,-1,10,3
20144100D0319,1,5,0,18,0,0,0,0,0,0,1,1,6,1,45,7,600,1,22,10,1
20144100D0319,2,9,0,3,0,0,0,0,0,0,2,1,6,1,17,4,1199,1,12,10,1
20144100D0320,1,9,0,5,0,8,0,0,0,0,1,1,6,3,-1,-1,-1,-1,-1,-1,-1
20144100D0321,1,9,0,1,0,1,0,0,0,0,2,1,2,1,26,6,-1,-1,-1,10,1
20144100D0321,2,9,0,7,0,1,0,0,0,0,1,1,6,2,22,5,1124,1,12,9,2
20144100D0326,1,9,0,9,0,4,0,0,0,0,1,1,6,2,39,7,1242,1,12,7,1
20144100D0326,2,1,0,18,0,8,0,0,0,0,2,1,6,1,61,9,-1,-1,-1,10,1
20144100D0328,1,1,0,7,0,2,0,4,0,0,1,1,6,1,31,6,-1,-1,-1,9,1
20144100D0328,2,19,0,1,0,2,0,0,0,0,0,1,6,3,-1,-1,-1,-1,-1,-1,-1
20144100D0328,3,19,0,2,0,2,0,0,0,0,2,1,6,3,-1,-1,-1,-1,-1,-1,-1
20144100D0330,1,9,0,18,0,1,0,0,0,0,1,1,2,1,36,7,-1,-1,-1,10,3
20144100D0330,2,9,0,4,0,1,0,0,0,0,2,1,2,2,36,7,1198,1,10,8,1
20144100D0330,3,9,0,18,0,1,0,0,0,0,2,1,1,1,29,6,-1,-1,-1,6,1
20144100D0337,1,9,0,9,0,6,0,0,0,0,1,1,6,1,90,11,973,1,12,5,1
20144100D0337,2,19,0,18,0,8,0,0,0,0,4,1,1,1,30,6,2300,2,11,2,1
20144100D0339,1,9,0,4,0,0,0,0,0,0,1,1,6,1,-1,-1,2993,2,3,10,3
20144100D0339,2,9,0,3,0,0,0,0,0,0,2,1,6,2,45,7,1598,1,2,10,1
20144100D0342,1,9,0,18,0,0,0,0,1,6,1,1,6,1,49,8,3724,1,9,7,1
20144100D0346,1,9,0,18,0,0,0,0,0,0,1,1,6,2,21,5,973,1,13,-1,-1
20144100D0348,1,9,0,4,0,1,0,0,0,0,4,1,6,1,18,4,1360,1,8,4,1
20144100D0348,2,1,0,18,0,6,0,0,0,0,1,1,6,1,14,3,-1,-1,-1,-1,-1
20144100D0349,1,3,0,18,0,0,0,0,0,0,1,1,6,1,22,5,125,1,2,6,1
20144100D0349,2,9,0,14,0,0,0,0,0,0,1,1,6,2,25,5,1998,1,11,9,2
20144100D0350,1,9,0,18,0,0,0,0,0,0,0,1,6,3,-1,-1,-1,-1,-1,-1,-1
20144100D0350,2,9,0,15,0,0,0,0,5,4,1,1,2,2,53,8,1999,1,7,7,1
20144100D0350,3,9,0,18,0,0,0,0,0,0,1,1,2,1,55,8,1597,1,5,6,3
20144100D0356,1,9,0,9,0,6,0,0,0,0,1,1,3,2,40,7,1591,1,1,10,2
20144100D0356,2,9,0,18,0,8,0,0,0,0,1,1,1,1,63,9,1686,2,14,9,1
20144100D0359,1,9,0,9,0,5,0,0,0,0,4,1,2,1,31,6,1360,1,11,9,3
20144100D0359,2,3,0,18,0,8,0,0,0,0,1,1,6,1,48,8,124,1,10,-1,1
20144100D0361,1,9,0,2,0,0,0,0,0,0,2,1,6,1,25,5,1497,1,13,4,1
20144100D0361,2,5,0,18,0,0,1,4,0,0,1,1,6,1,59,9,1450,1,8,-1,-1
20144100D0368,1,9,0,14,0,0,0,0,0,0,4,1,6,3,-1,-1,-1,-1,-1,-1,-1
20144100D0368,2,9,0,2,0,0,0,0,0,0,3,1,6,1,22,5,-1,-1,-1,3,1
20144100D0370,1,9,0,18,0,0,0,0,7,10,1,1,2,1,53,8,1560,2,4,5,1
20144100D0371,1,9,0,18,0,0,0,0,0,0,1,1,6,2,30,6,1995,1,3,6,1
20144100D0373,1,9,0,3,0,1,0,0,0,0,4,1,6,1,24,5,1956,2,5,7,1
20144100D0373,2,1,0,18,0,1,0,0,0,0,1,1,6,1,7,2,-1,-1,-1,-1,-1
20144100D0376,1,9,0,4,0,1,0,0,0,0,1,1,6,1,36,7,1986,2,7,10,1
20144100D0376,2,9,0,4,0,1,0,0,0,0,2,1,6,2,53,8,1360,1,8,4,1
20144100D0376,3,9,0,4,0,1,0,0,0,0,2,1,6,1,26,6,-1,-1,-1,-1,1
20144100D0376,4,9,0,10,0,1,0,0,0,0,2,1,6,1,53,8,1560,2,1,9,1
20144100D0377,1,9,0,9,0,6,0,0,0,0,1,1,6,2,45,7,-1,-1,-1,-1,-1
20144100D0377,2,1,0,18,0,8,0,0,0,0,3,1,2,1,34,6,-1,-1,-1,3,1
20144100D0383,1,3,0,18,0,8,0,0,0,0,1,1,6,1,24,5,124,1,10,7,1
20144100D0383,2,9,0,9,0,8,0,0,0,0,1,1,6,2,48,8,1596,1,10,8,1
20144100D0385,1,9,0,9,0,5,0,0,2,10,1,1,6,1,64,9,-1,-1,-1,9,3
20144100D0391,1,9,0,5,0,0,0,0,0,0,3,1,1,1,42,7,1388,1,3,9,1
20144100D0391,2,9,0,18,0,0,0,0,0,0,4,1,1,1,31,6,-1,-1,-1,10,1
20144100D0392,1,9,0,16,0,1,1,0,0,0,1,1,6,1,24,5,1598,2,1,9,1
20144100D0392,2,19,0,9,0,8,0,0,0,0,0,1,6,1,32,6,-1,-1,-1,5,1
20144100D0392,3,9,0,8,0,1,0,0,0,0,3,1,2,1,69,10,2435,1,16,4,1
20144100D0393,1,9,0,18,0,0,0,0,0,0,1,1,6,2,46,8,2188,2,10,3,1
20144100D0393,2,9,0,4,0,0,0,0,0,0,2,1,6,2,51,8,1388,1,9,8,3
20144100D0394,1,9,0,18,0,0,0,0,0,0,3,1,6,1,55,8,1997,2,8,7,1
20144100D0394,2,1,0,18,0,0,0,0,0,0,1,1,6,1,51,8,-1,-1,-1,6,1
20144100D0397,1,9,0,9,0,5,0,0,0,0,3,2,1,1,19,4,-1,-1,-1,2,1
20144100D0397,2,19,0,18,0,8,0,0,0,0,1,1,1,1,47,8,2198,2,6,3,1
20144100D0402,1,9,0,9,0,6,0,0,0,0,4,1,3,2,38,7,-1,-1,-1,-1,-1
20144100D0402,2,20,0,18,0,8,0,0,0,0,1,1,1,1,43,7,4250,2,10,-1,-1
20144100D0417,1,5,0,14,0,8,0,0,0,0,4,1,6,1,23,5,599,1,15,10,1
20144100D0417,2,9,0,4,0,8,0,0,0,0,3,1,6,1,22,5,1796,1,8,6,1
20144100D0418,1,9,0,9,0,5,0,0,0,0,4,1,6,1,33,6,-1,-1,-1,9,1
20144100D0418,2,9,0,18,0,8,0,0,1,4,1,1,6,2,43,7,1499,1,6,9,1
20144100D0419,1,9,0,16,0,0,2,0,5,6,1,1,6,2,33,6,1388,1,7,4,1
20144100D0420,1,9,0,16,0,0,0,0,0,0,1,1,2,1,44,7,-1,-1,-1,9,1
20144100D0420,2,19,0,17,0,0,0,0,0,0,1,1,2,1,48,8,2402,2,13,10,1
20144100D0422,1,9,0,5,0,4,0,0,0,0,1,1,1,1,70,10,1796,1,11,-1,-1
20144100D0422,2,9,0,9,0,8,0,0,0,0,1,1,3,2,37,7,1242,1,11,6,1
20144100D0423,1,9,0,9,0,6,0,0,0,0,1,1,2,2,22,5,998,1,6,3,1
20144100D0423,2,9,0,18,0,8,0,0,0,0,1,1,6,2,25,5,1798,1,6,7,1
20144100D0424,1,9,0,18,0,8,0,0,0,0,1,1,6,2,44,7,1422,2,6,10,1
20144100D0424,2,9,0,3,0,8,0,0,0,0,2,1,6,2,31,6,1896,2,6,4,1
20144100D0428,1,19,0,18,0,0,0,0,0,0,1,1,6,1,36,7,1769,2,16,7,3
20144100D0428,2,9,0,18,0,0,0,0,0,0,1,1,6,2,64,9,2148,2,10,8,1
20144100D0431,1,19,0,9,0,6,0,0,0,0,1,1,6,1,28,6,2198,2,-1,10,1
20144100D0431,2,3,0,14,0,8,0,0,0,0,4,1,6,1,23,5,124,1,9,9,1
20144100D0434,1,9,0,17,0,0,2,0,7,9,1,1,2,1,34,6,1686,2,4,9,1
20144100D0435,1,3,0,4,0,0,1,0,0,0,1,1,1,1,30,6,125,1,3,4,1
20144100D0435,2,9,0,4,0,0,0,0,1,0,2,1,6,2,56,9,1560,2,4,3,1
20144100D0435,3,21,0,4,0,0,1,0,0,0,0,1,1,1,43,7,11705,2,7,4,1
20144100D0436,1,5,0,18,0,0,1,0,0,0,1,1,6,1,28,6,660,1,3,-1,-1
20144100D0436,2,9,0,2,0,0,0,0,0,0,3,1,6,2,50,8,2000,1,14,10,1
20144100D0436,3,9,0,2,0,0,0,0,0,0,3,1,6,2,50,8,2148,2,9,8,1
20144100D0438,1,9,0,12,0,0,0,0,0,0,3,1,6,2,45,7,1598,2,1,5,1
20144100D0438,2,9,0,18,0,0,0,0,0,0,4,1,6,1,49,8,1596,1,3,7,1
20144100D0440,1,9,0,18,0,0,0,0,0,0,1,1,2,1,56,9,2720,2,6,-1,-1
20144100D0440,2,9,0,4,0,0,0,0,0,0,2,1,6,1,33,6,2494,1,12,3,1
20144100D0440,3,9,0,3,0,0,0,0,0,0,2,1,2,1,69,10,1998,7,8,10,3
20144100D0445,1,9,0,18,0,0,0,0,0,0,1,1,6,1,24,5,1997,2,4,5,1
20144100D0445,2,9,0,4,0,0,0,0,0,0,2,1,6,1,56,9,-1,-1,-1,9,1
20144100D0446,1,19,0,7,0,1,0,0,0,0,1,1,2,1,24,5,1560,2,6,7,1
20144100D0446,2,1,0,3,0,1,0,0,0,0,2,1,6,2,49,8,-1,-1,-1,10,1
20144100D0450,1,10,0,16,0,0,0,0,0,0,3,1,1,1,58,9,-1,-1,-1,4,1
20144100D0450,2,9,0,17,0,0,0,0,0,0,3,1,1,1,54,8,-1,-1,-1,4,1
20144100D0459,1,9,0,18,0,0,0,0,0,0,1,1,6,3,-1,-1,-1,-1,-1,-1,-1
20144100D0459,2,9,0,4,0,0,0,0,1,10,2,1,6,1,37,7,1398,2,11,7,1
20144100D0462,1,9,0,4,0,1,0,0,0,0,1,1,6,1,75,10,-1,-1,-1,9,1
20144100D0462,2,9,0,3,0,1,0,0,0,0,2,1,6,1,25,5,1242,1,18,9,3
20144100D0462,3,9,0,3,0,1,0,0,0,0,2,1,2,1,55,8,1560,2,2,10,1
20144100D0466,1,9,0,18,0,0,1,0,1,4,4,1,6,1,37,7,1597,1,14,7,2
20144100D0467,1,9,0,9,0,8,0,0,0,0,1,1,6,2,59,9,1386,1,7,6,1
20144100D0467,2,1,0,18,0,8,0,0,0,0,3,1,6,1,52,8,-1,-1,-1,9,1
20144100D0468,1,9,0,18,0,1,0,0,0,0,1,1,6,1,25,5,1598,1,10,-1,-1
20144100D0468,2,9,0,3,0,1,0,0,0,0,2,1,6,1,52,8,1086,1,4,6,1
20144100D0469,1,9,0,18,0,8,0,0,0,0,1,1,2,1,31,6,1731,1,16,9,1
20144100D0469,2,9,0,18,0,8,0,0,0,0,3,1,2,1,62,9,1798,1,5,9,1
20144100D0474,1,9,0,18,0,0,1,4,0,0,1,1,2,2,53,8,1399,2,7,9,3
20144100D0474,2,9,0,2,0,0,0,0,0,0,3,1,6,3,-1,-1,-1,-1,-1,10,1
20144100D0474,3,9,0,2,0,0,0,0,0,0,3,1,6,3,-1,-1,1299,1,16,10,1
20144100D0476,1,9,0,16,0,2,1,0,0,0,1,1,6,1,20,4,1596,1,12,6,1
20144100D0483,1,9,0,4,0,0,0,0,1,7,2,1,6,1,28,6,1598,1,11,3,1
20144100D0483,2,9,0,18,0,0,0,0,1,7,1,1,6,1,22,5,1900,2,14,8,1
20144100D0484,1,9,0,12,0,0,1,0,0,0,1,1,2,2,45,7,1299,1,8,6,1
20144100D0484,2,9,0,18,0,0,0,0,0,0,3,1,6,1,52,8,1968,2,6,8,1
20144100D0484,3,8,0,18,0,0,0,0,0,0,2,1,1,1,44,7,1995,2,8,3,1
20144100D0487,1,9,0,5,0,4,0,0,0,0,1,1,6,3,-1,-1,-1,-1,-1,-1,-1
20144100D0487,2,1,0,18,0,8,0,0,0,0,4,1,6,1,62,9,-1,-1,-1,7,1
20144100D0488,1,11,0,18,0,4,0,0,0,0,0,1,1,1,-1,-1,-1,-1,-1,-1,-1
20144100D0488,2,9,0,18,0,8,0,0,0,0,0,1,6,3,-1,-1,-1,-1,-1,-1,-1
20144100D0489,1,1,0,13,0,8,0,0,0,0,4,1,6,1,23,5,-1,-1,-1,10,1
20144100D0489,2,19,0,9,0,5,0,0,0,0,3,1,1,1,20,4,1560,2,3,8,1
20144100D0503,1,9,0,9,0,5,0,0,0,0,3,1,6,2,47,8,1198,1,6,9,1
20144100D0503,2,1,0,13,0,1,0,0,0,0,1,1,6,1,66,10,-1,-1,-1,9,1
20144100D0504,1,9,0,18,0,8,0,0,0,0,1,1,6,2,36,7,875,1,2,8,1
20144100D0504,2,1,0,9,0,8,0,0,0,0,1,1,6,1,11,3,-1,-1,-1,3,1
20144100D0508,1,2,0,18,0,8,0,0,0,0,1,1,2,1,22,5,-1,-1,-1,9,1
20144100D0508,2,9,0,9,0,5,0,0,0,0,1,1,2,1,21,5,1390,1,7,6,1
20144100D0511,1,9,0,13,0,0,1,0,0,0,1,1,6,1,50,8,1994,1,15,4,1
20144100D0511,2,8,0,18,0,0,0,0,1,4,2,1,1,1,53,8,1968,2,5,2,1
20144100D0512,1,9,0,1,0,6,0,0,0,0,2,1,6,1,30,6,2696,2,8,-1,-1
20144100D0515,1,9,0,4,0,1,0,0,0,0,1,1,6,2,40,7,1386,1,11,8,1
20144100D0515,2,9,0,4,0,1,0,0,0,0,2,1,2,1,58,9,1598,2,-1,10,1
20144100D0520,1,9,0,12,0,7,1,0,1,7,3,1,2,1,20,4,1389,1,13,1,1
20144100D0520,2,9,0,18,0,8,1,0,1,7,4,1,6,2,45,7,1968,2,10,1,1
20144100D0522,1,9,0,11,0,0,0,0,0,6,1,1,6,1,80,11,1999,1,7,10,1
20144100D0522,2,9,0,13,0,0,5,0,0,6,1,1,6,2,23,5,-1,-1,-1,10,1
20144100D0526,1,9,0,18,0,0,0,0,0,0,1,1,2,1,51,8,1461,2,10,5,1
20144100D0526,2,9,0,18,0,0,0,0,0,0,2,1,6,1,29,6,-1,-1,-1,5,1
20144100D0527,1,9,0,9,0,6,0,0,0,0,4,1,6,1,65,9,2148,2,11,-1,-1
20144100D0527,2,1,0,18,0,8,0,0,0,0,1,1,6,1,-1,-1,-1,-1,-1,8,1
20144100D0532,1,9,0,18,0,0,0,0,5,0,3,1,6,1,29,6,1339,1,11,4,1
20144100D0532,2,5,0,18,0,0,1,0,0,0,1,1,6,1,55,8,865,1,5,10,1
20144100D0533,1,9,0,5,0,0,0,0,0,0,1,1,2,1,50,8,-1,-1,-1,8,1
20144100D0535,1,9,0,9,0,5,0,0,0,0,1,1,6,1,24,5,1364,1,7,4,1
20144100D0535,2,9,0,18,0,8,0,0,0,0,1,1,6,1,61,9,1341,1,16,7,1
20144100D0536,1,9,0,9,0,5,0,0,0,0,1,1,6,1,43,7,1905,2,16,6,1
20144100D0536,2,9,0,4,0,8,0,0,0,0,1,1,6,2,56,9,1299,1,11,9,1
20144100D0537,1,9,0,8,0,1,0,0,0,0,2,1,6,1,74,10,1360,1,8,5,1
20144100D0537,2,9,0,8,0,1,0,0,0,0,1,1,6,1,33,6,1988,2,8,4,1
20144100D0538,1,9,0,18,0,4,0,0,0,0,1,1,1,1,64,9,-1,-1,-1,4,1
20144100D0538,2,1,0,9,0,8,0,0,0,0,2,1,6,1,56,9,-1,-1,-1,8,1
20144100D0544,1,9,0,17,0,0,1,0,1,4,4,1,6,1,21,5,1229,1,6,10,3
20144100D0545,1,11,0,4,0,0,0,0,0,0,3,1,1,1,49,8,-1,-1,-1,4,1
20144100D0552,1,9,0,18,0,0,0,0,0,0,1,1,6,2,24,5,1598,1,7,10,1
20144100D0555,1,9,0,7,0,6,0,0,0,0,1,1,2,1,20,4,1124,1,13,-1,-1
20144100D0555,2,9,0,18,0,8,0,0,0,0,1,1,6,1,37,7,1796,1,18,5,1
20144100D0555,3,9,0,3,0,1,0,0,0,0,1,1,1,1,82,11,-1,-1,-1,8,1
20144100D0560,1,9,0,5,0,4,0,0,0,0,1,1,2,1,31,6,1686,2,9,2,1
20144100D0560,2,9,0,4,0,4,0,0,0,0,2,1,2,1,56,9,1596,1,9,10,3
20144100D0561,1,9,0,1,0,8,0,4,1,1,2,1,6,1,51,8,1560,2,6,3,3
20144100D0561,2,9,0,2,0,8,0,0,0,0,1,1,6,3,-1,-1,1390,1,-1,-1,-1
20144100D0563,1,11,0,18,0,0,0,0,0,0,4,1,1,1,55,8,-1,-1,-1,-1,-1
20144100D0572,1,9,0,5,0,1,0,0,0,0,1,1,1,2,39,7,1596,1,5,9,1
20144100D0573,1,9,0,4,0,0,0,0,0,0,2,1,6,2,50,8,1360,1,5,6,1
20144100D0573,2,9,0,5,0,0,0,0,0,0,1,1,1,1,50,8,-1,-1,-1,9,1
20144100D0573,3,9,0,4,0,0,0,0,0,0,2,1,6,1,30,6,1398,2,1,5,1
20144100D0577,1,9,0,18,0,0,0,0,0,0,1,1,6,1,30,6,-1,-1,-1,-1,-1
20144100D0588,1,9,0,18,0,3,0,0,4,1,1,1,6,2,19,4,1598,1,8,10,1
20144100D0590,1,9,0,9,0,5,0,0,0,0,4,1,6,2,76,11,1242,1,1,10,1
20144100D0590,2,9,0,18,0,1,0,0,0,0,1,1,6,1,58,9,1598,1,5,7,1
20144100D0595,1,3,0,18,0,8,0,0,0,0,1,1,1,1,19,4,124,1,4,10,1
20144100D0595,2,9,0,5,0,6,0,0,0,0,3,1,6,1,64,9,1595,1,10,8,3
20144100D0602,1,1,0,18,0,1,0,0,0,0,1,1,4,1,15,3,-1,-1,-1,9,1
20144100D0602,2,9,0,8,0,1,0,0,0,0,3,1,6,1,69,10,-1,-1,-1,-1,1
20144100D0607,1,19,0,18,0,0,0,0,0,0,4,1,1,1,39,7,2299,2,2,4,1
20144100D0607,2,1,0,18,0,0,0,0,1,0,3,1,6,1,30,6,-1,-1,-1,9,1
20144100D0630,1,9,0,3,0,1,0,0,0,0,2,1,2,1,32,6,2143,2,2,8,1
20144100D0630,2,9,0,4,0,1,1,0,0,0,1,1,6,1,42,7,1796,1,14,7,1
20144100D0634,1,9,0,4,0,1,0,0,0,0,2,1,6,1,39,7,998,1,-1,4,1
20144100D0634,2,9,0,18,0,1,0,0,0,0,1,1,6,1,45,7,1984,1,10,8,1
20144100D0638,1,9,0,17,0,0,5,0,0,0,1,1,2,2,22,5,1349,1,1,4,1
20144100D0638,2,8,0,2,0,0,0,4,0,0,1,1,6,1,42,7,1951,2,11,-1,-1
20144100D0646,1,9,0,18,0,6,0,0,0,0,4,1,6,2,85,11,1595,1,13,10,3
20144100D0646,2,19,0,18,0,8,0,4,0,0,1,1,1,1,65,9,2402,2,4,8,1
20144100D0646,3,9,0,2,0,2,0,0,0,0,4,1,6,2,71,10,1299,1,11,10,3
20144100D0648,1,21,1,9,0,4,1,0,0,0,1,1,1,1,62,9,12780,2,6,-1,-1
20144100D0648,2,9,0,18,0,8,5,0,0,0,4,1,6,2,65,9,1298,1,11,5,1
20144100D0651,1,19,0,3,0,1,0,0,0,0,2,1,1,1,38,7,2953,2,10,7,1
20144100D0651,2,21,0,4,0,1,0,0,0,0,1,1,1,1,52,8,11705,2,7,3,1
20144100D0659,1,9,0,5,0,8,0,0,0,0,4,1,6,2,28,6,1598,1,10,5,3
20144100D0659,2,9,0,18,0,8,0,0,0,0,1,1,6,1,55,8,1198,1,10,9,1
20144100D0660,1,5,0,18,0,8,0,0,0,0,1,1,2,1,25,5,599,1,15,-1,-1
20144100D0660,2,19,0,9,0,5,0,0,0,0,4,1,1,1,30,6,1248,2,1,3,1
20144100D0667,1,9,0,5,0,0,0,0,0,0,1,1,6,2,68,10,1390,1,8,7,1
20144100D0668,1,21,0,18,0,8,0,0,0,0,1,1,1,1,45,7,4500,2,-1,6,1
20144100D0668,2,1,0,9,0,6,0,0,0,0,3,1,2,1,21,5,-1,-1,-1,6,1
20144100D0670,1,9,0,18,0,8,0,0,0,0,1,1,6,1,45,7,1388,1,10,-1,-1
20144100D0670,2,9,0,9,0,6,0,0,0,0,3,1,6,2,50,8,1364,1,8,5,1
20144100D0673,1,9,0,18,0,0,0,0,0,0,1,1,6,2,59,9,1598,1,9,-1,-1
20144100D0673,2,19,2,2,0,0,0,0,0,10,2,1,1,1,21,5,2402,2,3,10,3
20144100D0673,3,19,0,2,0,0,0,0,0,0,3,1,1,1,21,5,2446,2,17,10,3
20144100D0674,1,9,0,18,0,2,0,4,7,0,1,1,1,1,47,8,998,1,12,9,1
20144100D0674,2,9,0,2,6,2,0,0,0,0,1,1,6,1,30,6,1910,2,9,9,1
20144100D0674,3,9,0,2,6,2,0,0,0,0,1,1,6,1,30,6,1753,2,8,9,1
20144100D0676,1,9,0,18,0,1,0,0,0,0,1,1,6,1,65,9,1896,2,8,10,2