Accident_Index,Vehicle_Reference,Vehicle_Type,Towing_and_Articulation,Vehicle_Manoeuvre,Vehicle_Location-Restricted_Lane,Junction_Location,Skidding_and_Overturning,Hit_Object_in_Carriageway,Vehicle_Leaving_Carriageway,Hit_Object_off_Carriageway,1st_Point_of_Impact,Was_Vehicle_Left_Hand_Drive?,Journey_Purpose_of_Driver,Sex_of_Driver,Age_of_Driver,Age_Band_of_Driver,Engine_Capacity_(CC),Propulsion_Code,Age_of_Vehicle,Driver_IMD_Decile,Driver_Home_Area_Type
20144100E0437,1,9,0,18,0,0,1,0,1,10,1,1,6,2,18,4,1299,1,15,6,1
20144100E0437,2,9,0,3,0,0,0,0,0,0,3,1,6,1,39,7,1395,1,1,4,1
20144100E0437,3,9,0,3,0,0,0,0,0,0,3,1,6,1,36,7,1995,2,6,9,2
20144100E0439,1,1,0,18,0,1,0,0,0,0,1,1,6,1,13,3,-1,-1,-1,-1,-1
20144100E0439,2,19,0,3,0,1,0,0,0,0,3,1,6,1,27,6,2198,2,5,4,1
20144100E0444,1,9,0,5,0,6,0,0,0,0,1,1,6,1,52,8,-1,-1,-1,9,1
20144100E0448,1,9,0,18,0,1,0,0,0,0,1,1,2,1,21,5,1196,1,18,10,1
20144100E0448,2,9,0,10,0,1,0,0,0,0,2,1,6,2,45,7,1896,2,6,6,1
20144100E0449,1,9,0,13,0,0,0,0,0,0,0,1,1,1,28,6,1248,2,2,2,1
20144100E0449,2,9,0,18,0,0,1,0,0,0,1,1,6,1,19,4,1149,1,12,6,1
20144100E0449,3,9,0,4,0,0,0,0,0,0,2,1,6,1,29,6,2148,2,10,-1,-1
20144100E0449,4,9,0,4,0,0,0,0,0,0,2,1,6,1,46,8,1461,2,-1,6,1
20144100E0456,1,9,0,5,0,1,0,0,0,0,1,1,6,2,75,10,998,1,11,9,2
20144100E0456,2,9,0,5,0,1,0,0,0,0,2,1,6,1,84,11,1341,1,9,6,1
20144100E0458,1,9,0,18,0,8,1,0,3,4,1,1,6,1,31,6,1598,1,10,6,1
20144100E0459,1,9,0,18,0,1,0,0,0,0,1,1,6,1,64,9,1398,1,3,4,1
20144100E0459,2,9,0,18,0,1,0,0,0,0,1,1,6,2,73,10,1229,1,4,10,1
20144100E0459,3,9,0,4,0,1,0,0,0,0,2,1,6,2,37,7,-1,-1,-1,7,1
20144100E0459,4,9,0,4,0,1,0,0,0,0,2,1,6,2,49,8,-1,-1,-1,-1,-1
20144100E0459,5,9,0,4,0,1,0,0,0,0,2,1,6,1,52,8,-1,-1,-1,8,1
20144100E0463,1,9,0,6,0,2,0,0,0,0,1,1,1,1,21,5,1390,1,12,4,1
20144100E0463,2,1,0,18,0,2,0,0,0,0,1,1,6,1,24,5,-1,-1,-1,6,1
20144100E0467,1,9,0,18,0,0,1,0,4,6,1,1,6,1,50,8,973,1,14,-1,1
20144100E0467,2,9,0,18,0,0,0,0,0,0,3,1,6,2,35,6,1986,2,9,10,2
20144100E0467,3,19,0,18,0,0,0,0,0,0,3,1,2,1,26,6,2198,2,5,8,2
20144100E0468,1,21,0,18,0,1,0,0,0,0,1,1,1,1,62,9,6692,2,3,3,1
20144100E0468,2,9,0,4,0,1,0,0,0,0,2,1,6,1,49,8,1798,8,-1,-1,1
20144100E0470,1,9,0,18,0,1,0,10,0,0,3,1,6,2,35,6,1598,1,10,-1,-1
20144100E0470,2,9,0,18,0,1,0,0,0,0,3,1,6,2,47,8,-1,-1,-1,4,1
20144100E0474,1,3,0,18,0,8,0,0,0,0,0,1,6,1,25,5,-1,-1,-1,-1,-1
20144100E0474,2,11,0,9,0,6,0,0,0,0,3,1,1,1,56,9,-1,-1,-1,4,1
20144100E0477,1,9,0,1,6,0,0,4,0,0,2,1,3,1,45,7,1341,1,15,5,1
20144100E0477,2,9,0,2,6,0,0,0,0,0,1,1,3,1,40,7,-1,-1,-1,-1,-1
20144100E0482,1,9,0,18,0,4,0,0,0,0,1,1,6,2,54,8,1398,2,12,7,1
20144100E0482,2,9,0,9,0,8,0,0,0,0,4,1,6,2,39,7,-1,-1,-1,5,1
20144100E0488,1,9,0,9,0,6,0,0,0,0,1,1,2,2,25,5,1248,1,6,8,1
20144100E0488,2,9,0,18,0,8,0,0,0,0,1,1,2,1,30,6,1390,1,14,-1,1
20144100E0493,1,17,0,14,9,0,0,0,0,0,1,1,1,1,-1,-1,-1,-1,-1,-1,-1
20144100E0500,1,9,0,18,0,1,0,0,0,0,1,1,6,2,40,7,2902,2,10,-1,-1
20144100E0500,2,9,0,3,0,1,0,0,0,0,2,1,6,2,18,4,1124,1,10,5,1
20144100E0504,1,9,0,14,0,8,0,0,0,0,4,1,3,2,35,6,1587,1,9,-1,1
20144100E0505,1,2,0,18,5,8,0,0,0,0,1,1,6,3,-1,-1,-1,-1,-1,-1,-1
20144100E0513,1,9,0,14,0,0,0,0,0,0,1,1,6,3,-1,-1,-1,-1,-1,-1,-1
20144100E0513,2,1,0,18,0,0,0,0,0,0,1,1,6,1,61,9,-1,-1,-1,4,1
20144100E0513,3,11,0,3,0,0,0,0,0,0,0,1,1,3,-1,-1,-1,-1,-1,-1,-1
20144100E0516,1,9,0,7,0,4,0,0,0,0,1,1,6,3,-1,-1,-1,-1,-1,-1,-1
20144100E0516,2,9,0,18,0,8,0,9,0,0,2,1,1,1,49,8,2000,1,16,4,1
20144100E0524,1,9,0,18,0,0,0,10,1,7,1,1,6,1,41,7,-1,-1,-1,3,1
20144100E0526,1,9,0,18,0,0,1,0,8,10,4,1,6,1,33,6,1390,1,13,10,1
20144100E0530,1,9,0,2,0,8,0,0,0,0,2,1,1,1,22,5,-1,-1,-1,9,1
20144100E0530,2,9,0,18,0,8,0,0,0,0,1,1,3,2,39,7,1870,2,9,-1,1
20144100E0531,1,9,4,4,0,0,0,0,0,0,3,1,6,1,38,7,-1,-1,-1,9,2
20144100E0531,2,1,0,18,0,0,0,0,0,0,3,1,6,1,45,7,-1,-1,-1,10,1
20144100E0536,1,9,0,9,0,6,0,0,0,0,1,1,6,1,-1,-1,2148,2,6,10,2
20144100E0536,2,5,0,4,0,8,0,0,0,0,3,1,1,1,57,9,1085,1,15,10,2
20144100E0544,1,9,0,18,0,1,0,0,0,0,1,1,6,1,24,5,-1,-1,-1,4,1
20144100E0544,2,9,0,10,0,1,0,0,0,0,2,1,6,2,63,9,1332,1,19,8,1
20144100E0547,1,9,0,2,0,0,0,0,0,0,3,1,6,2,23,5,1397,1,13,10,1
20144100E0547,2,1,0,18,0,0,0,8,0,0,1,1,6,2,25,5,-1,-1,-1,6,1
20144100E0550,1,4,0,3,0,1,0,0,0,0,2,1,2,1,-1,-1,125,1,10,5,1
20144100E0550,2,9,0,5,0,1,0,0,0,0,1,1,6,1,-1,-1,1999,1,10,-1,-1
20144100E0551,1,9,0,7,0,2,0,0,0,0,1,1,6,2,20,4,-1,-1,-1,-1,-1
20144100E0556,1,9,0,18,0,4,0,0,0,0,1,1,6,1,60,9,1895,1,16,5,1
20144100E0556,2,9,0,9,0,3,0,0,0,0,1,1,6,1,37,7,1560,2,3,4,1
20144100E0559,1,9,0,18,0,4,1,0,1,2,1,1,6,1,81,11,998,1,1,9,2
20144100E0559,2,9,0,9,0,8,1,0,0,0,4,1,6,1,29,6,1124,1,11,4,1
20144100E0560,1,9,0,5,0,4,0,0,0,0,3,1,6,2,41,7,1749,1,12,-1,-1
20144100E0560,2,9,0,18,0,8,1,0,0,0,1,1,6,1,18,4,-1,-1,-1,7,1
20144100E0563,1,20,0,5,0,4,0,0,0,0,1,1,1,1,29,6,6692,2,6,6,1
20144100E0563,2,9,0,4,0,4,0,0,0,0,2,1,6,1,33,6,1910,2,4,5,1
20144100E0566,1,20,0,4,0,0,0,0,0,0,1,1,1,1,41,7,2143,2,1,8,1
20144100E0566,2,9,0,3,0,0,0,0,0,0,2,1,2,2,33,6,2902,2,7,4,1
20144100E0587,1,9,0,18,0,0,0,10,7,4,1,1,6,2,86,11,1388,1,9,10,1
20144100E0592,1,9,0,9,0,6,0,0,0,0,3,1,6,1,89,11,1596,1,13,4,1
20144100E0592,2,9,0,9,0,5,0,0,0,0,3,1,6,2,42,7,2438,1,16,4,1
20144100E0593,1,9,0,5,0,2,0,0,0,0,4,1,6,1,28,6,1149,1,16,6,1
20144100E0607,1,5,0,18,0,0,2,0,0,0,3,1,2,2,41,7,779,1,3,6,1
20144100E0609,1,9,0,9,0,5,0,0,0,0,4,1,1,2,28,6,-1,-1,-1,10,2
20144100E0609,2,9,0,18,0,8,0,0,0,0,1,1,1,1,49,8,1999,1,5,10,2
20144100E0620,1,9,0,18,0,4,0,0,0,0,1,1,6,2,42,7,1997,1,14,-1,1
20144100E0620,2,9,0,18,0,8,0,0,0,0,1,1,6,2,42,7,1399,1,9,5,1
20144100E0626,1,9,0,18,0,0,0,0,0,0,4,1,6,2,74,10,1229,1,9,10,1
20144100E0631,1,9,0,4,0,2,0,0,0,0,1,1,6,2,27,6,1364,1,7,-1,-1
20144100E0631,2,9,0,3,0,2,0,0,0,0,2,1,6,1,63,9,1796,1,7,-1,-1
20144100E0632,1,9,0,18,0,4,0,0,0,0,1,1,6,1,53,8,1598,1,15,6,1
20144100E0632,2,9,0,9,0,4,0,0,0,0,3,1,6,2,28,6,1242,1,16,6,1
20144100E0635,1,9,0,18,0,0,0,0,0,0,1,1,6,2,-1,-1,1999,1,11,-1,-1
20144100E0635,2,9,0,3,0,0,0,0,0,0,2,1,1,1,52,8,1956,2,-1,7,3
20144100E0635,3,9,0,3,0,0,0,0,0,0,2,1,6,1,-1,-1,1997,2,5,-1,-1
20144100E0636,1,9,0,9,0,6,0,0,0,0,1,1,6,2,-1,-1,1753,2,11,9,1
20144100E0636,2,1,0,18,0,8,0,0,0,0,4,1,6,1,56,9,-1,-1,-1,4,1
20144100E0638,1,9,0,9,0,6,0,0,0,0,3,1,6,1,56,9,-1,-1,-1,-1,-1
20144100E0638,2,9,0,18,0,8,0,0,0,0,1,1,6,1,54,8,1598,1,4,10,1
20144100E0645,1,9,0,5,0,2,0,0,0,0,3,1,6,1,45,7,-1,-1,-1,8,1
20144100E0645,2,3,0,18,0,2,0,0,0,0,4,1,2,1,20,4,-1,-1,-1,6,1
20144100E0650,1,9,0,1,0,0,0,0,0,0,2,1,6,1,70,10,1793,1,13,-1,-1
20144100E0659,1,9,0,9,0,5,0,0,0,0,1,1,1,2,47,8,1997,2,8,2,1
20144100E0659,2,9,0,18,0,8,0,0,0,0,1,1,1,1,28,6,-1,-1,-1,-1,1
20144100E0660,1,9,0,9,0,6,0,0,0,0,1,1,6,1,-1,-1,1124,1,15,-1,-1
20144100E0660,2,9,0,18,0,8,0,0,1,10,3,1,6,2,65,9,1598,2,2,10,1
20144100E0662,1,9,0,18,0,1,1,0,0,0,1,1,1,1,45,7,-1,-1,-1,-1,-1
20144100E0662,2,9,0,4,0,1,0,0,0,0,2,1,6,2,47,8,1596,1,8,-1,-1
20144100E0663,1,9,0,9,0,6,0,0,0,0,3,1,6,2,33,6,1749,1,12,4,1
20144100E0663,2,3,0,18,0,8,0,0,0,0,1,1,6,1,17,4,124,1,12,4,1
20144100E0664,1,1,0,12,0,0,0,0,0,0,2,1,6,1,54,8,-1,-1,-1,9,1
20144100E0664,2,9,0,18,0,0,0,0,0,0,1,1,6,3,-1,-1,1984,2,-1,-1,-1
20144100E0670,1,9,0,18,0,0,0,0,0,0,1,1,6,1,50,8,998,1,1,5,1
20144100E0672,1,9,0,18,0,2,0,0,0,0,1,1,6,2,55,8,1398,1,-1,4,1
20144100E0678,1,9,0,18,0,0,0,0,0,0,1,1,6,1,27,6,-1,-1,-1,8,2
20144100E0678,2,9,0,18,0,0,0,0,0,0,1,1,6,1,27,6,2230,1,7,9,1
20144100E0680,1,9,0,4,0,0,1,0,0,0,1,1,6,2,19,4,1242,1,16,5,1
20144100E0680,2,9,0,3,0,0,0,0,0,0,1,1,6,2,50,8,2967,2,1,9,1
20144100E0680,3,9,0,3,0,0,0,0,0,0,2,1,6,2,44,7,1560,2,5,10,1
20144100E0680,4,9,0,3,0,0,0,0,0,0,0,1,6,3,-1,-1,-1,-1,-1,-1,-1
20144100E0683,1,9,0,5,0,4,0,0,0,0,3,1,6,2,44,7,1968,2,4,10,1
20144100E0683,2,9,0,18,0,8,0,0,0,0,1,1,1,1,26,6,-1,-1,-1,-1,-1
20144100E0685,1,9,0,3,0,0,0,0,0,0,2,1,6,2,42,7,1587,1,10,6,1
20144100E0685,2,9,0,18,0,0,0,0,0,0,1,1,6,1,24,5,1149,1,15,6,1
20144100E0686,1,2,0,18,0,0,1,0,0,0,0,1,6,1,30,6,49,1,3,4,1
20144100F0002,1,9,0,18,0,0,0,0,0,0,1,1,1,1,25,5,1598,1,9,6,3
20144100F0002,2,1,0,18,0,0,0,0,0,0,2,1,2,1,58,9,-1,-1,-1,6,3
20144100F0004,1,9,0,18,0,4,0,9,3,1,1,1,6,1,41,7,3947,1,17,9,1
20144100F0005,1,9,0,9,0,8,0,0,0,0,1,1,6,2,87,11,1596,1,10,10,1
20144100F0005,2,9,0,18,0,1,0,0,0,0,1,1,6,2,42,7,999,1,12,2,1
20144100F0010,1,9,0,1,0,1,0,0,0,0,2,1,6,2,30,6,2993,2,3,-1,-1
20144100F0011,1,1,0,18,0,0,0,0,0,0,1,1,6,1,35,6,-1,-1,-1,-1,-1
20144100F0011,2,9,0,3,0,0,0,0,0,0,2,1,6,2,17,4,1499,2,1,4,1
20144100F0013,1,1,0,18,0,0,0,0,0,0,3,1,6,1,87,11,-1,-1,-1,-1,-1
20144100F0013,2,9,0,18,0,0,0,0,0,0,4,1,4,2,57,9,1998,1,17,10,1
20144100F0021,1,9,0,18,0,1,0,0,0,0,1,1,6,2,22,5,1124,1,15,3,1
20144100F0021,2,9,0,3,0,1,0,0,0,0,2,1,6,3,-1,-1,-1,-1,-1,-1,-1
20144100F0022,1,9,0,9,0,8,0,0,0,0,1,1,6,1,48,8,1896,2,10,7,1
20144100F0026,1,9,0,17,0,0,2,0,0,0,3,1,2,2,52,8,1341,1,10,9,1
20144100F0027,1,9,0,18,0,0,0,0,0,0,1,1,1,1,42,7,1796,1,9,5,1
20144100F0027,2,9,0,18,0,0,1,0,0,0,1,1,1,1,55,8,-1,-1,-1,10,1
20144100F0029,1,19,0,18,0,0,0,0,1,9,1,1,2,1,44,7,2143,2,3,10,1
20144100F0030,1,9,0,18,0,1,0,0,0,0,1,1,2,1,53,8,-1,-1,-1,10,1
20144100F0030,2,9,0,3,0,1,0,0,0,0,2,1,2,1,21,5,-1,-1,-1,5,1
20144100F0030,3,9,0,3,0,1,0,0,0,0,2,1,2,2,49,8,1299,1,12,9,1
20144100F0030,4,9,0,3,0,1,0,0,0,0,2,1,6,1,31,6,1360,1,7,4,1
20144100F0039,1,9,0,18,0,0,0,0,0,0,1,1,6,2,20,4,-1,-1,-1,-1,-1
20144100F0039,2,9,0,3,0,0,0,0,0,0,2,1,6,2,22,5,-1,-1,-1,10,1
20144100F0042,1,9,0,18,0,0,0,0,0,0,1,1,6,2,20,4,1360,1,8,-1,-1
20144100F0042,2,9,0,4,0,0,0,0,0,0,2,1,2,2,-1,-1,1598,1,10,3,1
20144100F0042,3,9,0,4,0,0,0,0,0,0,2,1,1,2,50,8,1560,2,3,7,1
20144100F0042,4,9,0,4,0,0,0,0,0,0,2,1,6,2,46,8,1339,1,3,9,2
20144100F0045,1,1,0,18,0,8,0,0,0,0,1,1,1,1,43,7,-1,-1,-1,10,2
20144100F0045,2,9,0,5,0,4,0,0,0,0,3,1,1,2,50,8,1364,1,6,10,2
20144100F0047,1,9,0,16,0,2,2,0,0,0,3,1,6,1,22,5,1199,1,11,8,1
20144100F0048,1,9,0,18,0,3,0,0,0,0,3,1,6,1,67,10,-1,-1,-1,-1,-1
20144100F0048,2,5,0,18,0,3,0,0,0,0,4,1,6,1,30,6,1000,1,-1,9,1
20144100F0055,1,9,0,18,0,2,1,0,0,0,1,1,1,2,20,4,1124,1,11,8,1
20144100F0058,1,9,0,4,0,0,1,7,0,0,1,1,6,1,54,8,980,1,23,6,3
20144100F0059,1,9,0,18,0,8,0,0,0,0,4,1,2,1,44,7,4163,1,6,-1,-1
20144100F0059,2,9,0,18,0,4,0,0,0,0,1,1,6,1,58,9,-1,-1,-1,8,3
20144100F0061,1,9,0,18,0,1,1,0,8,4,1,1,6,1,25,5,1598,1,13,8,1
20144100F0062,1,9,0,1,0,2,0,0,0,0,2,1,3,2,59,9,2902,2,9,6,1
20144100F0065,1,9,0,7,0,6,0,0,0,0,0,1,1,2,18,4,-1,-1,-1,6,2
20144100F0065,2,9,0,2,0,1,0,0,0,0,0,1,6,1,50,8,1339,1,7,5,1
20144100F0065,3,19,0,18,0,8,0,0,7,4,1,1,1,1,25,5,1753,2,11,6,1
20144100F0069,1,9,0,3,0,1,0,0,0,0,1,1,6,2,40,7,1796,1,11,-1,-1
20144100F0069,2,9,0,3,0,1,0,0,0,0,2,1,1,1,36,7,1997,2,11,8,1
20144100F0070,1,9,0,9,0,7,0,0,0,0,3,1,6,2,47,8,1560,2,7,9,1
20144100F0070,2,9,0,18,0,1,0,0,0,0,1,1,6,2,19,4,1299,1,10,7,1
20144100F0072,1,9,0,17,0,8,0,0,0,0,3,1,2,2,54,8,1360,1,6,6,2
20144100F0076,1,9,0,17,0,2,0,0,0,0,1,1,6,2,37,7,1598,1,10,5,1
20144100F0079,1,9,0,3,0,1,0,0,0,0,2,1,6,1,44,7,-1,-1,-1,3,1
20144100F0079,2,9,0,4,0,1,0,0,0,0,1,1,6,2,47,8,-1,-1,-1,10,1
20144100F0083,1,9,0,9,0,6,0,0,1,0,3,1,6,1,74,10,-1,-1,-1,10,1
20144100F0083,2,8,0,18,0,1,0,0,7,0,1,1,1,1,30,6,2664,2,12,2,1
20144100F0084,1,9,0,5,0,8,0,0,0,0,3,1,2,2,41,7,1896,2,9,-1,1
20144100F0084,2,19,0,18,0,4,0,0,0,0,1,1,1,1,52,8,2198,2,5,10,1
20144100F0086,1,9,0,5,0,8,0,0,0,0,1,1,6,2,45,7,1995,1,5,5,1
20144100F0086,2,9,0,3,0,8,0,0,0,0,2,1,1,1,31,6,1896,2,7,10,1
20144100F0088,1,9,0,18,0,0,0,0,0,0,1,1,6,2,67,10,1598,1,8,7,1
20144100F0088,2,19,0,4,0,0,0,0,1,0,1,1,2,1,41,7,2198,2,6,7,1
20144100F0090,1,9,0,3,0,1,0,0,0,0,2,1,6,1,37,7,1364,2,2,-1,-1
20144100F0090,2,9,0,4,0,1,0,0,0,0,1,1,6,2,41,7,1390,1,1,8,1
20144100F0095,1,9,0,18,0,0,0,0,0,0,3,1,6,1,34,6,-1,-1,-1,10,1
20144100F0095,2,9,0,18,0,0,0,0,0,0,3,1,6,1,73,10,1598,1,12,-1,-1
20144100F0097,1,9,0,18,0,8,0,10,1,2,1,1,6,2,17,4,1149,1,11,4,1
20144100F0098,1,9,0,18,0,8,0,0,0,0,3,1,6,2,32,6,1587,1,10,10,1
20144100F0098,2,5,0,18,0,8,0,0,0,0,4,1,6,1,46,8,696,1,2,10,1
20144100F0100,1,9,0,7,0,2,0,0,0,0,3,1,6,1,86,11,1896,2,12,9,1
20144100F0108,1,9,0,18,0,1,0,0,3,10,1,1,6,1,75,10,-1,-1,-1,10,1
20144100F0113,1,9,0,5,0,6,0,0,0,0,1,1,6,2,50,8,1364,1,8,-1,-1
20144100F0113,2,1,0,8,0,8,0,0,0,0,4,1,6,1,45,7,-1,-1,-1,9,1
20144100F0114,1,9,0,18,0,1,0,0,0,0,1,1,6,1,90,11,1399,1,11,7,1
20144100F0114,2,9,0,9,0,5,0,0,0,0,1,1,6,1,58,9,4197,1,9,7,1
20144100F0115,1,9,0,9,0,6,0,0,0,0,0,1,6,2,60,9,1242,1,10,9,1
20144100F0115,2,1,0,18,0,1,0,10,0,0,0,1,6,1,50,8,-1,-1,-1,10,1
20144100F0116,1,9,0,4,0,0,0,0,0,0,1,1,3,2,46,8,1229,1,1,-1,1
20144100F0118,1,3,0,13,0,1,1,0,0,0,1,1,6,1,19,4,125,1,1,4,1
20144100F0118,2,9,0,9,0,6,0,0,0,0,1,1,6,2,76,11,1968,2,3,10,1
20144100F0141,1,19,0,13,0,0,0,0,0,0,4,1,6,1,40,7,2143,2,1,10,2
20144100F0141,2,1,0,18,0,0,0,0,0,0,3,1,6,1,48,8,-1,-1,-1,10,1
20144100F0144,1,9,0,18,0,4,0,0,0,0,1,1,6,1,80,11,1198,1,9,1,1
20144100F0144,2,9,0,9,0,8,0,0,0,0,3,1,6,2,47,8,1248,1,4,10,1
20144100F0144,3,9,0,3,0,1,0,0,0,0,1,1,1,1,42,7,1984,1,6,-1,-1
20144100F0148,1,9,0,5,0,4,0,0,0,0,3,1,6,1,54,8,2400,2,4,10,1
20144100F0148,2,9,0,18,0,8,0,0,0,0,1,1,6,1,88,11,1339,1,8,10,1
20144100F0149,1,9,0,18,0,0,1,0,1,4,2,1,6,1,23,5,1124,1,10,10,1
20144100F0152,1,9,0,18,0,4,1,0,0,0,1,1,6,2,-1,-1,-1,-1,-1,-1,-1
20144100F0152,2,1,0,18,0,8,1,0,0,0,2,1,6,1,25,5,-1,-1,-1,8,1
20144100F0153,1,9,0,18,0,8,0,0,0,0,4,1,6,2,24,5,-1,-1,-1,8,3
20144100F0153,2,9,0,18,0,4,0,0,0,0,1,1,2,1,22,5,1124,1,5,9,1
20144100F0159,1,9,0,5,0,2,0,0,0,0,3,1,6,1,17,4,-1,-1,-1,10,1
20144100F0165,1,9,0,18,0,0,0,0,0,0,1,1,6,2,47,8,1595,1,9,10,3
20144100F0165,2,9,0,18,0,0,0,0,0,0,3,1,2,1,53,8,1248,2,6,6,1
20144100F0165,3,9,0,18,0,0,0,0,1,10,1,1,1,2,44,7,1248,2,4,10,1
20144100F0167,1,9,0,18,0,6,0,0,0,0,1,1,6,2,66,10,973,1,13,10,1
20144100F0167,2,9,0,18,0,8,0,0,0,0,3,1,6,1,65,9,1560,2,3,6,3
20144100F0168,1,19,0,9,0,1,0,0,0,0,3,1,1,1,-1,-1,-1,-1,-1,-1,-1
20144100F0168,2,1,0,7,0,1,0,0,0,0,3,1,6,1,14,3,-1,-1,-1,10,1
20144100F0171,1,9,0,4,0,0,0,0,0,0,1,1,6,2,24,5,-1,-1,-1,-1,-1
20144100F0171,2,9,0,3,0,0,0,0,0,0,2,1,6,2,30,6,1422,2,6,6,1
20144100F0171,3,9,0,3,0,0,0,0,0,0,2,1,6,1,50,8,-1,-1,-1,-1,-1
20144100F0173,1,9,0,13,0,1,1,10,2,0,1,1,6,1,25,5,1997,1,8,9,1
20144100F0173,2,9,0,18,0,2,0,0,1,0,3,1,6,2,45,7,2401,2,8,8,1
20144100F0173,3,9,0,18,0,1,0,0,0,0,0,1,6,2,44,7,-1,-1,-1,10,1
20144100F0182,1,19,0,1,0,0,0,0,0,0,2,1,1,1,35,6,1870,2,9,10,1
20144100F0184,1,9,0,2,0,0,0,0,0,0,3,1,6,2,52,8,-1,-1,-1,5,1
20144100F0184,2,1,0,14,0,0,0,8,0,0,1,1,2,1,53,8,-1,-1,-1,9,1
20144100F0189,1,9,0,18,0,1,0,0,0,0,1,1,6,1,87,11,-1,-1,-1,7,1
20144100F0189,2,1,0,9,0,1,0,0,0,0,2,1,6,1,-1,-1,-1,-1,-1,10,1
20144100F0190,1,9,0,9,0,6,0,0,0,0,4,1,6,2,63,9,1598,1,8,10,1
20144100F0190,2,9,0,18,0,8,0,0,0,0,1,1,6,2,37,7,1598,1,13,10,1
20144100F0192,1,9,0,18,0,1,0,0,0,0,1,1,6,1,69,10,1248,1,3,10,1
20144100F0193,1,9,0,18,0,8,0,0,0,0,1,1,1,2,45,7,1998,1,9,7,1
20144100F0193,2,9,0,9,0,5,0,0,0,0,1,1,1,1,70,10,1997,1,6,-1,-1
20144100F0195,1,9,0,18,0,0,0,0,0,0,1,1,1,1,22,5,1248,2,7,5,1
20144100F0195,2,9,0,4,0,0,0,0,0,0,2,1,6,2,30,6,1124,1,10,5,1
20144100F0195,3,9,0,4,0,0,0,0,0,0,2,1,6,2,35,6,1587,1,12,8,1
20144100F0197,1,9,0,7,0,1,0,0,0,0,1,1,6,2,78,11,1242,1,5,9,1
20144100F0202,1,9,0,18,0,0,0,0,0,0,1,1,6,1,52,8,1895,1,16,-1,-1
20144100F0202,2,9,0,3,0,0,0,0,0,0,2,1,6,2,45,7,1598,2,3,9,1
20144100F0209,1,9,0,18,0,3,0,0,0,0,1,1,6,1,32,6,1997,2,1,10,1
20144100F0209,2,1,0,18,0,8,0,0,0,0,1,1,6,2,39,7,-1,-1,-1,9,3
20144100F0210,1,5,0,18,0,1,1,0,3,7,1,1,6,1,26,6,636,1,-1,9,1
20144100F0210,2,5,0,4,0,1,0,0,0,0,2,1,6,1,42,7,998,1,1,-1,-1
20144100F0211,1,1,0,18,0,0,0,0,0,0,2,1,1,1,48,8,-1,-1,-1,5,1
20144100F0211,2,9,0,18,0,0,0,0,0,0,1,1,6,3,-1,-1,-1,-1,-1,-1,-1
20144100F0215,1,9,0,16,0,0,0,0,0,0,1,1,3,2,46,8,-1,-1,-1,-1,-1
20144100F0215,2,9,0,17,0,0,0,0,0,0,1,1,3,2,41,7,1596,1,1,8,1
20144100F0221,1,9,0,18,0,6,0,0,0,0,1,1,1,2,25,5,-1,-1,-1,10,1
20144100F0221,2,1,0,18,0,8,0,0,0,0,1,1,1,1,20,4,-1,-1,-1,9,1
20144100F0232,1,9,0,18,0,0,0,0,0,0,1,1,6,1,27,6,-1,-1,-1,4,1
20144100F0237,1,20,0,4,0,1,0,0,0,0,4,1,1,1,42,7,-1,-1,-1,9,1
20144100F0237,2,9,0,10,0,1,0,0,0,0,3,1,2,1,23,5,-1,-1,-1,5,1
20144100F0237,3,9,0,18,0,2,0,0,0,0,3,1,6,1,43,7,2494,1,12,6,2
20144100F0239,1,9,0,9,0,5,0,0,0,0,4,1,6,1,46,8,1753,2,15,6,2
20144100F0239,2,1,0,18,0,8,0,0,0,0,1,1,6,1,64,9,-1,-1,-1,10,2
20144100F0240,1,9,0,17,0,0,1,0,7,4,1,1,6,1,19,4,1198,1,12,6,2
20144100F0242,1,19,0,3,0,1,1,0,0,0,2,1,1,1,32,6,2287,2,5,3,1
20144100F0242,2,9,0,4,0,1,1,0,0,0,1,1,6,1,36,7,2993,2,7,6,1
20144100F0251,1,9,0,5,0,0,0,0,0,0,1,1,6,1,40,7,-1,-1,-1,-1,-1
20144100F0253,1,9,0,9,0,6,0,0,0,0,1,1,2,2,23,5,1596,1,11,7,1
20144100F0253,2,2,0,14,0,8,0,0,0,0,4,1,2,1,19,4,-1,-1,-1,6,1
20144100F0254,1,9,0,18,0,2,0,0,0,0,1,1,6,2,47,8,1198,1,11,6,1
20144100F0258,1,9,0,18,0,4,0,0,0,0,1,1,6,2,67,10,1198,1,4,10,1
20144100F0258,2,1,0,18,0,8,0,0,0,0,4,1,6,1,39,7,-1,-1,-1,10,1
20144100F0267,1,9,0,7,0,6,0,0,0,0,3,1,6,2,65,9,-1,-1,-1,-1,-1
20144100F0267,2,9,0,18,0,8,0,0,0,0,3,1,6,1,22,5,-1,-1,-1,10,1
20144100F0271,1,19,0,3,0,2,0,0,0,0,2,1,6,3,-1,-1,-1,-1,-1,-1,-1
20144100F0271,2,1,0,18,0,2,0,0,0,0,1,1,6,1,49,8,-1,-1,-1,10,1
20144100F0277,1,9,0,5,0,1,0,0,0,0,2,1,6,2,68,10,-1,-1,-1,8,1
20144100F0277,2,9,0,5,0,1,0,0,0,0,1,1,6,1,85,11,1200,1,11,9,2
20144100F0278,1,9,0,5,0,0,0,0,0,0,1,1,6,2,-1,-1,-1,-1,-1,-1,-1
20144100F0279,1,9,0,9,0,5,0,0,0,0,4,1,1,2,40,7,1587,1,8,9,1
20144100F0280,1,9,0,5,0,6,0,0,0,0,3,1,6,2,22,5,1398,1,1,7,1