Accident_Index,Vehicle_Reference,Vehicle_Type,Towing_and_Articulation,Vehicle_Manoeuvre,Vehicle_Location-Restricted_Lane,Junction_Location,Skidding_and_Overturning,Hit_Object_in_Carriageway,Vehicle_Leaving_Carriageway,Hit_Object_off_Carriageway,1st_Point_of_Impact,Was_Vehicle_Left_Hand_Drive?,Journey_Purpose_of_Driver,Sex_of_Driver,Age_of_Driver,Age_Band_of_Driver,Engine_Capacity_(CC),Propulsion_Code,Age_of_Vehicle,Driver_IMD_Decile,Driver_Home_Area_Type
20144100F0280,2,9,0,18,0,8,1,0,0,0,1,1,6,1,25,5,1997,1,10,5,1
20144100F0282,1,9,0,18,0,0,0,0,0,0,3,1,6,1,55,8,1560,2,10,4,1
20144100F0283,1,9,0,18,0,0,0,4,0,0,1,1,6,2,54,8,1997,1,4,10,1
20144100F0283,2,9,0,2,0,0,0,0,0,0,2,1,6,1,31,6,1800,1,15,8,1
20144100F0287,1,9,0,18,0,0,0,0,1,10,1,1,6,1,30,6,1796,1,12,10,1
20144100F0288,1,9,0,13,0,0,2,0,7,0,4,1,2,1,31,6,1149,1,13,6,1
20144100F0288,2,9,0,18,0,0,0,0,0,0,3,1,6,2,26,6,1461,2,5,5,1
20144100F0288,3,9,0,16,0,0,0,0,0,0,0,1,2,2,-1,-1,-1,-1,-1,-1,-1
20144100F0291,1,9,0,16,0,0,5,0,8,10,1,1,6,2,20,4,1199,1,13,7,1
20144100F0294,1,9,0,13,0,1,0,0,0,0,1,1,6,1,51,8,1498,1,7,10,1
20144100F0294,2,1,0,18,0,1,0,0,0,0,1,1,6,1,48,8,-1,-1,-1,10,1
20144100F0295,1,90,0,7,0,5,0,0,0,0,4,1,6,1,17,4,-1,-1,-1,8,3
20144100F0295,2,9,0,18,0,1,0,0,0,0,0,1,1,2,35,6,1248,2,-1,8,1
20144100F0297,1,9,0,18,0,1,0,0,0,0,1,1,6,2,44,7,1560,2,7,10,2
20144100F0297,2,21,1,4,0,1,0,0,0,0,2,1,1,1,49,8,11967,2,3,10,1
20144100F0308,1,11,0,13,0,0,0,0,0,0,3,1,6,3,-1,-1,6370,2,5,-1,-1
20144100F0308,2,1,0,18,0,0,0,10,1,0,4,1,1,1,20,4,-1,-1,-1,3,1
20144100F0310,1,9,0,7,0,4,0,0,0,0,4,1,6,1,44,7,1900,2,7,6,3
20144100F0310,2,1,0,18,0,4,0,0,1,0,1,1,6,1,48,8,-1,-1,-1,9,1
20144100F0319,1,9,0,9,0,8,0,0,7,2,1,1,1,1,33,6,1390,1,13,5,1
20144100F0319,2,9,0,18,0,8,0,0,7,1,1,1,1,1,30,6,1390,1,14,3,1
20144100F0320,1,9,0,12,0,3,0,0,0,0,3,1,6,1,52,8,1796,1,12,8,1
20144100F0320,2,9,0,11,0,3,0,0,0,0,4,1,6,1,19,4,1198,1,9,5,1
20144100F0322,1,4,0,13,0,8,0,0,7,0,1,1,6,1,26,6,498,1,16,4,1
20144100F0322,2,9,0,9,0,8,0,0,0,0,3,1,6,1,60,9,-1,-1,-1,10,1
20144100F0327,1,9,0,18,0,3,0,0,0,0,3,1,6,1,30,6,1149,1,8,10,1
20144100F0327,2,9,0,11,0,3,0,0,0,0,4,1,6,1,-1,-1,1968,2,-1,8,1
20144100F0329,1,9,0,18,0,1,0,0,0,0,1,1,6,1,81,11,1988,2,10,10,1
20144100F0329,2,9,0,3,0,1,0,0,0,0,2,1,6,2,30,6,-1,-1,-1,7,1
20144100F0330,1,9,0,6,0,6,0,0,0,0,1,1,6,2,27,6,1368,1,4,5,1
20144100F0330,2,3,0,18,0,8,0,0,0,0,3,1,6,1,28,6,124,1,7,9,1
20144100F0331,1,9,0,4,0,0,0,0,0,0,4,1,1,2,31,6,998,1,1,9,1
20144100F0332,1,9,0,5,0,2,1,0,0,0,1,1,1,1,21,5,1997,2,12,8,1
20144100F0332,2,1,0,4,0,1,0,0,0,0,1,1,4,1,14,3,-1,-1,-1,10,2
20144100F0341,1,9,0,18,0,0,2,0,1,10,1,1,6,1,17,4,-1,-1,-1,5,1
20144100F0347,1,19,0,18,0,0,2,0,1,0,4,1,1,1,48,8,2402,2,8,1,1
20144100F0349,1,9,0,5,0,6,0,0,0,0,1,1,6,2,41,7,1397,1,12,9,2
20144100F0349,2,9,0,18,0,8,0,0,0,0,1,1,6,2,52,8,-1,-1,-1,8,1
20144100F0350,1,20,1,5,0,8,0,0,0,0,3,2,1,1,59,9,-1,-1,-1,-1,-1
20144100F0350,2,9,0,5,0,8,0,9,7,10,4,1,6,2,23,5,1598,1,9,7,1
20144100F0352,1,9,0,9,0,6,0,0,0,0,1,1,1,1,26,6,-1,-1,-1,7,1
20144100F0352,2,9,0,18,0,8,1,0,4,10,4,1,6,1,65,9,-1,-1,-1,9,1
20144100F0353,1,9,0,5,0,8,0,0,0,0,4,1,6,2,62,9,998,1,12,3,1
20144100F0354,1,9,0,9,0,5,0,0,0,0,0,1,6,3,-1,-1,-1,-1,-1,-1,-1
20144100F0354,2,9,0,18,0,1,1,10,1,4,1,1,1,1,31,6,1390,1,14,5,1
20144100F0357,1,9,0,18,0,0,2,0,1,10,4,1,6,1,18,4,-1,-1,-1,8,3
20144100F0358,1,9,0,9,0,6,0,0,0,0,3,1,6,1,-1,-1,-1,-1,-1,-1,-1
20144100F0358,2,1,0,18,0,8,0,0,0,0,1,1,2,1,41,7,-1,-1,-1,6,3
20144100F0359,1,9,0,18,0,0,0,0,0,0,4,1,6,1,66,10,-1,-1,-1,6,1
20144100F0359,2,19,0,2,0,0,0,0,0,0,0,1,6,1,51,8,-1,-1,-1,9,1
20144100F0364,1,9,0,9,0,6,0,0,0,0,1,1,6,2,50,8,1796,1,9,10,1
20144100F0364,2,9,0,18,0,8,0,0,0,0,1,1,6,1,30,6,1995,1,4,10,1
20144100F0371,1,9,0,18,0,2,0,0,0,0,1,1,1,2,47,8,1400,1,10,10,1
20144100F0376,1,9,0,4,0,1,0,0,0,0,1,1,6,2,45,7,1798,1,9,-1,-1
20144100F0376,2,1,0,18,5,1,0,0,0,0,4,1,2,2,28,6,-1,-1,-1,-1,-1
20144100F0377,1,21,5,3,0,1,0,0,0,0,3,1,1,1,38,7,12777,2,2,3,1
20144100F0377,2,9,0,4,0,1,0,0,0,0,1,1,6,2,22,5,-1,-1,-1,7,3
20144100F0379,1,9,0,18,0,0,0,0,0,0,4,1,6,1,50,8,-1,-1,-1,-1,-1
20144100F0392,1,9,0,9,0,8,0,0,0,0,1,1,6,2,45,7,1124,1,9,5,1
20144100F0392,2,1,0,18,0,8,0,0,0,0,4,1,6,1,54,8,-1,-1,-1,5,1
20144100F0399,1,9,0,9,0,5,0,0,0,0,0,1,6,2,34,6,1896,2,6,10,1
20144100F0399,2,3,0,13,0,8,0,0,0,0,0,1,1,1,34,6,125,1,1,10,1
20144100F0400,1,9,0,3,0,0,5,4,0,0,4,1,6,2,58,9,-1,-1,-1,10,1
20144100F0400,2,9,0,2,0,0,0,0,0,0,3,1,6,1,-1,-1,-1,-1,-1,10,1
20144100F0401,1,9,0,5,0,1,0,0,0,0,1,1,6,1,57,9,4196,1,6,9,3
20144100F0401,2,1,0,17,0,1,0,0,0,0,4,1,6,2,64,9,-1,-1,-1,10,1
20144100F0402,1,9,0,18,0,8,0,0,0,0,4,1,6,1,17,4,1390,1,1,10,1
20144100F0402,2,1,0,18,0,8,1,0,0,0,1,1,2,1,58,9,-1,-1,-1,9,1
20144100F0403,1,9,0,9,0,6,0,0,0,0,3,1,6,1,35,6,1389,1,18,-1,-1
20144100F0403,2,19,0,18,0,8,0,0,0,0,1,1,2,1,58,9,2499,2,10,10,1
20144100F0405,1,9,0,18,0,8,0,0,0,0,1,1,6,2,-1,-1,-1,-1,-1,-1,-1
20144100F0405,2,9,0,18,0,8,0,0,0,0,3,1,6,2,35,6,2143,2,1,-1,-1
20144100F0406,1,19,0,9,0,8,0,0,0,0,1,1,1,1,41,7,-1,-1,-1,-1,-1
20144100F0406,2,9,0,7,0,8,0,0,0,0,2,1,2,1,30,6,1582,2,7,8,1
20144100F0407,1,9,0,18,0,8,0,0,0,0,1,1,6,1,83,11,1598,1,14,10,1
20144100F0407,2,9,0,18,0,8,0,0,0,0,1,1,6,1,51,8,1598,1,4,10,1
20144100F0411,1,9,0,5,0,6,0,0,0,0,1,1,6,2,49,8,1998,1,7,-1,-1
20144100F0411,2,9,0,18,0,8,0,0,0,0,1,1,6,2,27,6,1999,1,6,4,1
20144100F0411,3,19,0,8,0,1,0,0,0,0,2,1,6,1,36,7,-1,-1,-1,-1,-1
20144100F0413,1,3,0,17,0,8,1,0,0,0,1,1,2,1,20,4,124,1,3,7,1
20144100F0413,2,9,0,5,0,6,0,0,0,0,4,1,6,1,33,6,1796,1,6,7,1
20144100F0416,1,3,0,18,0,0,0,4,0,0,1,1,6,1,18,4,124,1,4,9,2
20144100F0416,2,9,0,2,9,0,0,0,0,0,3,1,6,1,-1,-1,1796,1,13,10,1
20144100F0416,3,9,0,2,9,0,0,0,0,0,3,1,6,1,-1,-1,1685,2,-1,9,1
20144100F0418,1,9,0,7,0,5,0,0,0,0,1,1,2,2,25,5,1299,1,11,-1,-1
20144100F0418,2,1,0,18,0,8,0,0,0,0,4,1,6,1,41,7,-1,-1,-1,5,1
20144100F0421,1,19,0,5,0,1,1,7,1,1,1,1,2,1,39,7,2198,2,1,6,1
20144100F0424,1,9,0,18,0,4,0,0,0,0,3,1,6,1,60,9,1910,2,8,-1,-1
20144100F0424,2,1,0,18,0,8,0,0,0,0,1,1,6,1,45,7,-1,-1,-1,10,1
20144100F0431,1,9,0,9,0,6,0,0,0,0,1,1,6,1,30,6,1598,1,11,9,1
20144100F0431,2,9,0,18,0,8,0,0,0,0,4,1,6,1,25,5,1589,1,14,10,1
20144100F0436,1,21,0,18,0,2,0,0,0,0,1,1,6,1,35,6,2998,2,3,4,2
20144100F0436,2,9,0,3,0,2,0,0,0,0,2,1,1,1,28,6,1781,1,12,5,1
20144100F0441,1,9,0,6,0,0,0,0,0,0,3,1,1,1,26,6,-1,-1,-1,6,1
20144100F0441,2,1,0,18,0,0,0,0,0,0,1,1,2,1,56,9,-1,-1,-1,10,1
20144100F0442,1,9,0,18,0,0,1,0,0,0,3,1,6,1,22,5,1388,1,11,-1,1
20144100F0442,2,9,0,4,0,0,0,0,0,0,3,1,2,1,49,8,2993,2,4,7,3
20144100F0454,1,9,0,18,0,0,0,0,0,0,1,1,6,1,-1,-1,998,1,13,-1,-1
20144100F0454,2,9,0,3,0,0,0,0,0,0,2,1,6,2,40,7,1587,1,8,6,1
20144100F0454,3,9,0,3,0,0,0,0,0,0,2,1,6,1,30,6,1390,1,-1,-1,-1
20144100F0459,1,9,0,5,0,4,0,0,0,0,3,1,6,2,33,6,1997,1,14,3,1
20144100F0459,2,1,0,18,0,8,0,0,0,0,1,1,6,1,34,6,-1,-1,-1,10,1
20144100F0465,1,9,0,10,0,6,0,0,0,0,1,1,6,2,40,7,1360,1,12,-1,-1
20144100F0465,2,1,0,18,0,8,0,0,0,0,4,1,1,1,41,7,-1,-1,-1,8,1
20144100F0472,1,9,0,18,0,0,0,0,0,0,4,1,1,1,53,8,-1,-1,-1,7,1
20144100F0472,2,1,0,11,0,0,0,0,0,0,3,1,6,1,14,3,-1,-1,-1,4,1
20144100F0479,1,9,0,18,0,0,0,4,0,0,3,1,6,1,41,7,1781,1,10,10,1
20144100F0479,2,9,0,2,0,0,0,0,0,0,1,1,6,1,-1,-1,1596,1,2,10,1
20144100F0479,3,9,0,2,0,0,0,0,0,0,2,1,6,2,-1,-1,1242,1,2,10,1
20144100F0483,1,9,0,1,0,1,0,0,0,0,2,1,6,2,-1,-1,-1,-1,-1,10,1
20144100F0483,2,3,0,8,0,1,0,0,0,0,1,1,1,1,41,7,124,1,4,4,1
20144100F0485,1,9,0,18,0,0,2,0,5,6,3,1,6,2,23,5,1398,1,3,10,1
20144100F0487,1,9,0,18,0,2,0,10,1,2,1,1,6,2,30,6,1598,1,-1,6,1
20144100F0489,1,20,0,18,0,8,0,0,1,0,1,1,1,1,50,8,-1,-1,-1,6,1
20144100F0489,2,9,0,9,0,5,0,0,0,0,1,1,1,2,27,6,1199,1,11,9,3
20144100F0489,3,9,0,2,0,2,0,0,0,0,2,1,6,3,-1,-1,1796,1,8,-1,-1
20144100F0490,1,9,0,10,0,1,0,0,0,0,2,1,6,1,63,9,1242,1,10,10,1
20144100F0490,2,9,0,4,0,1,0,0,0,0,2,1,2,1,25,5,998,1,11,7,1
20144100F0490,3,9,0,18,0,1,0,0,0,0,1,1,6,2,40,7,1995,2,3,8,1
20144100F0491,1,9,0,18,0,1,0,0,0,0,1,1,2,1,19,4,1248,2,7,-1,-1
20144100F0491,2,9,0,3,0,1,0,0,0,0,2,1,2,2,50,8,1612,1,3,8,1
20144100F0492,1,9,0,18,0,1,0,0,0,0,1,1,6,2,47,8,2996,1,6,4,1
20144100F0492,2,9,0,18,0,1,0,0,0,0,1,1,6,1,25,5,1124,1,14,4,1
20144100F0499,1,9,0,18,0,6,0,0,7,1,1,1,2,1,39,7,2143,2,2,9,1
20144100F0499,2,9,0,18,0,8,5,0,1,1,3,1,2,1,32,6,698,1,10,2,1
20144100F0503,1,9,0,18,0,2,0,0,0,0,1,1,6,1,22,5,1598,1,9,-1,-1
20144100F0503,2,9,0,3,0,2,0,0,0,0,2,1,6,2,59,9,1248,1,1,9,1
20144100F0504,1,1,0,18,0,0,0,0,0,0,1,1,6,1,7,2,-1,-1,-1,-1,-1
20144100F0504,2,9,0,18,0,0,0,0,0,0,1,1,6,2,25,5,-1,-1,-1,-1,-1
20144100F0511,1,19,0,18,0,3,0,0,0,0,0,1,6,1,23,5,2198,2,3,6,3
20144100F0512,1,9,0,18,0,0,0,0,0,0,1,1,6,1,47,8,2198,1,8,10,1
20144100F0512,2,19,0,4,0,0,0,0,0,0,2,1,1,1,47,8,1753,2,5,7,1
20144100F0512,3,9,4,4,0,0,0,0,0,0,2,1,6,1,49,8,1968,2,6,5,1
20144100F0514,1,9,0,18,0,0,0,0,1,10,1,1,6,2,44,7,1796,1,7,7,1
20144100F0515,1,9,0,18,0,1,0,0,0,0,1,1,6,1,54,8,1997,2,12,5,1
20144100F0515,2,9,0,4,0,1,0,0,0,0,2,1,6,2,43,7,1339,1,5,10,1
20144100F0516,1,9,0,11,0,0,1,0,0,0,0,1,6,1,42,7,1896,2,11,5,3
20144100F0516,2,19,0,5,0,0,0,0,0,0,0,1,6,1,-1,-1,2402,2,2,-1,-1
20144100F0525,1,9,0,17,0,0,0,0,0,0,1,1,1,1,41,7,2179,2,3,1,1
20144100F0525,2,9,0,16,0,0,0,0,0,0,1,1,2,1,29,6,1388,1,8,7,1
20144100F0527,1,9,0,18,0,7,1,0,2,2,1,1,6,1,51,8,1248,1,3,-1,-1
20144100F0528,1,9,0,18,0,8,1,0,0,0,1,1,6,2,45,7,-1,-1,-1,-1,-1
20144100F0528,2,1,0,18,0,8,1,0,0,0,4,1,6,1,62,9,-1,-1,-1,7,1
20144100F0532,1,21,0,2,0,0,0,0,0,0,0,1,1,1,55,8,7201,2,4,4,1
20144100F0532,2,9,0,15,9,0,0,0,0,0,4,1,6,1,50,8,-1,-1,-1,-1,-1
20144100F0533,1,19,0,5,0,8,0,0,0,0,1,1,1,1,46,8,1998,2,12,8,3
20144100F0533,2,9,0,18,0,8,0,0,0,0,3,1,6,1,68,10,1392,1,25,-1,1
20144100F0537,1,9,0,3,0,1,0,0,0,0,2,1,6,2,51,8,1242,1,2,-1,-1
20144100F0537,2,9,0,4,0,1,0,0,0,0,1,1,6,2,18,4,1242,1,2,9,1
20144100F0539,1,9,0,6,0,8,0,0,0,0,3,1,1,1,69,10,2148,2,9,8,3
20144100F0539,2,9,0,18,0,8,0,0,0,0,1,1,1,1,41,7,-1,-1,-1,6,1
20144100F0544,1,9,0,3,0,1,0,0,0,0,2,1,1,1,55,8,1896,2,8,3,1
20144100F0544,2,9,0,18,0,1,0,0,0,0,1,1,1,1,28,6,-1,-1,-1,10,1
20144100F0550,1,1,0,18,0,1,0,0,0,0,0,1,6,1,50,8,-1,-1,-1,5,1
20144100F0557,1,9,0,4,0,0,0,0,0,0,2,1,6,1,-1,-1,1968,2,4,2,1
20144100F0557,2,9,0,18,0,0,0,0,0,0,1,1,6,1,40,7,1598,1,1,-1,-1
20144100F0557,3,9,0,18,0,0,0,0,0,0,1,1,6,1,65,9,1686,2,11,-1,-1
20144100F0559,1,11,0,18,0,0,0,0,0,0,4,1,1,1,49,8,8268,2,11,4,1
20144100F0579,1,4,0,15,0,0,1,0,0,0,4,1,1,1,32,6,599,1,15,7,1
20144100F0579,2,9,0,11,0,0,0,0,0,0,3,1,1,2,30,6,1596,1,13,10,1
20144100F0580,1,8,0,18,0,3,1,10,1,9,1,1,2,1,69,10,2499,2,5,6,1
20144100F0588,1,2,0,14,0,1,0,0,0,0,1,1,6,1,35,6,-1,-1,-1,10,1
20144100F0588,2,9,0,5,0,6,0,0,0,0,1,1,6,1,44,7,-1,-1,-1,-1,-1
20144100F0589,1,3,0,18,0,8,0,0,0,0,0,1,6,2,17,4,-1,-1,-1,10,2
20144100F0591,1,5,0,18,0,8,1,10,0,0,1,1,6,1,53,8,1130,1,12,7,1
20144100F0594,1,9,0,9,0,5,0,0,0,0,1,1,6,2,49,8,1686,2,3,5,1
20144100F0594,2,4,0,18,0,8,0,0,0,0,3,1,6,1,29,6,645,1,7,7,2
20144100F0595,1,9,0,9,0,6,0,0,0,0,3,1,6,1,19,4,1149,1,14,-1,-1
20144100F0595,2,9,0,18,0,8,0,0,0,0,1,1,6,1,32,6,1596,1,12,9,1
20144100F0595,3,19,0,2,0,8,0,0,0,0,3,1,6,1,47,8,2499,2,10,9,1
20144100F0596,1,9,0,3,0,2,0,0,0,0,2,1,6,1,30,6,-1,-1,-1,4,1
20144100F0596,2,9,0,18,0,2,1,0,0,0,1,1,6,1,22,5,-1,-1,-1,2,1
20144100F0604,1,9,0,18,0,0,0,0,0,0,3,1,6,1,-1,-1,-1,-1,-1,-1,-1
20144100F0604,2,5,0,13,0,0,0,0,0,0,4,1,2,1,33,6,599,1,13,4,1
20144100F0607,1,9,0,18,0,2,2,0,1,4,1,1,6,1,34,6,1984,1,11,10,1
20144100F0608,1,9,0,1,9,8,0,0,0,0,2,1,6,2,42,7,1229,1,3,10,1
20144100F0612,1,1,0,18,0,0,0,0,0,0,2,1,6,2,67,10,-1,-1,-1,10,1
20144100F0612,2,9,0,18,0,0,0,0,0,0,1,1,6,3,-1,-1,-1,-1,-1,-1,-1
20144100F0613,1,9,0,9,9,5,0,0,0,0,1,1,6,2,65,9,1781,1,13,9,3
20144100F0613,2,1,0,18,9,8,0,0,0,0,3,1,2,2,32,6,-1,-1,-1,4,1
20144100F0614,1,9,0,18,0,8,1,0,7,0,1,1,6,1,22,5,-1,-1,-1,8,1
20144100F0614,2,9,0,5,0,6,0,0,3,0,3,1,6,2,20,4,1399,2,4,10,1
20144100F0615,1,9,0,18,0,4,2,0,1,9,1,1,6,1,23,5,1998,1,11,10,1
20144100F0621,1,3,0,4,0,1,1,0,0,0,0,1,6,1,22,5,124,1,7,5,1
20144100F0628,1,9,0,4,0,1,0,0,0,0,2,1,1,2,46,8,1598,1,18,4,1
20144100F0628,2,9,0,4,0,1,0,0,0,0,1,1,1,2,25,5,1679,1,13,-1,-1
20144100F0631,1,9,0,5,0,4,0,0,0,0,1,1,1,1,44,7,1995,2,3,10,1
20144100F0631,2,1,0,18,0,8,0,0,0,0,4,1,1,1,37,7,-1,-1,-1,10,1
20144100F0633,1,9,0,5,0,4,0,0,0,0,1,1,1,2,30,6,1229,1,2,-1,1
20144100F0633,2,9,0,8,0,4,0,0,0,0,2,1,1,1,31,6,1299,1,10,4,1
20144100F0634,1,9,0,4,0,0,0,0,0,0,1,1,1,1,21,5,-1,-1,-1,-1,-1
20144100F0634,2,19,0,3,0,0,0,0,0,0,2,1,1,1,55,8,-1,-1,-1,4,1
20144100F0636,1,9,0,17,0,0,0,4,7,0,1,1,2,1,43,7,1596,1,8,4,1
20144100F0636,2,9,0,2,6,0,0,0,0,0,1,1,6,1,39,7,2198,1,13,4,1
20144100F0636,3,9,0,2,6,0,0,0,0,0,1,1,6,1,50,8,1990,1,17,4,1
20144100F0637,1,9,0,17,0,0,2,0,2,10,4,1,6,1,38,7,1984,1,11,7,2
20144100F0637,2,90,0,18,0,0,0,0,0,0,1,1,1,1,55,8,2987,2,-1,6,3
20144100F0640,1,9,0,18,0,1,0,0,0,0,1,1,6,2,24,5,-1,-1,-1,10,1
20144100F0640,2,9,0,4,0,1,0,0,0,0,2,1,6,1,22,5,1199,1,14,9,1
20144100F0646,1,9,0,18,0,0,5,4,0,0,1,1,6,1,25,5,2616,1,8,10,3
20144100F0646,2,9,0,2,0,0,0,0,0,0,3,1,6,3,-1,-1,-1,-1,-1,-1,-1
20144100F0646,3,9,0,2,0,0,0,0,0,0,2,1,6,3,-1,-1,-1,-1,-1,-1,-1
20144100F0646,4,9,0,2,0,0,0,0,0,0,3,1,6,3,-1,-1,-1,-1,-1,-1,-1
20144100F0646,5,9,0,2,0,0,0,0,0,0,3,1,6,3,-1,-1,-1,-1,-1,-1,-1
20144100F0650,1,3,0,13,0,8,0,0,0,0,1,1,6,1,49,8,125,1,3,9,1
20144100F0650,2,9,0,9,0,5,0,0,0,0,3,1,6,2,52,8,1242,1,4,-1,-1
20144100F0660,1,9,0,18,0,0,0,0,0,0,1,1,1,1,45,7,-1,-1,-1,8,1
20144100F0660,2,9,0,4,0,0,0,0,0,0,2,1,6,2,42,7,1248,2,7,-1,-1
20144100F0661,1,9,0,5,0,4,0,0,0,0,1,1,1,1,33,6,1242,1,-1,7,1
20144100F0661,2,1,0,18,0,8,0,0,0,0,2,1,1,1,43,7,-1,-1,-1,4,1
20144100F0671,1,9,0,12,0,0,0,0,0,0,3,1,6,1,40,7,-1,-1,-1,-1,-1
20144100F0671,2,9,0,18,0,0,0,0,1,0,4,1,2,2,26,6,-1,-1,-1,9,1
20144100F0681,1,9,0,18,0,0,0,0,1,2,2,1,1,1,22,5,1598,1,14,4,1
20144100F0681,2,9,0,18,0,0,0,0,0,0,1,1,1,1,37,7,1984,1,6,10,1
20144100F0681,3,9,0,18,0,0,0,0,0,0,2,1,1,2,48,8,1598,2,-1,10,1
20144100F0681,4,9,0,18,0,0,0,0,0,0,1,1,1,1,45,7,-1,-1,-1,10,1
20144100F0681,5,9,0,12,0,0,0,0,0,0,0,1,1,1,27,6,1798,1,5,9,1
20144100F0685,1,9,0,18,0,0,0,4,0,0,1,1,1,2,32,6,1242,1,14,5,1
20144100F0685,2,9,0,2,0,0,0,0,0,0,2,1,6,3,-1,-1,1360,1,8,9,1
20144100F0688,1,9,0,13,0,0,0,0,0,0,2,1,6,1,20,4,1870,2,9,3,1
20144100F0688,2,9,0,16,0,0,0,0,0,0,1,1,1,1,47,8,1997,2,8,4,1
20144100F0688,3,9,0,16,0,0,0,0,0,0,2,1,1,1,56,9,1390,1,-1,5,1
20144100F0692,1,9,0,2,0,0,0,0,0,0,3,1,6,2,45,7,2429,1,8,-1,-1
20144100F0692,2,1,0,18,0,0,0,8,0,0,1,1,6,2,23,5,-1,-1,-1,8,1
20144100F0696,1,9,0,9,0,1,0,0,0,0,4,1,1,1,61,9,1493,1,19,6,1
20144100F0696,2,2,0,18,0,8,0,0,0,0,1,1,6,1,25,5,49,1,1,5,1
20144100F0698,1,9,0,4,0,0,0,0,0,0,1,1,6,1,57,9,1596,1,13,6,1
20144100F0698,2,21,0,3,0,0,0,0,0,0,2,1,1,1,49,8,-1,-1,-1,7,1
20144100F0700,1,19,0,9,0,5,0,0,0,0,1,1,1,1,22,5,-1,-1,-1,-1,-1
20144100F0700,2,19,0,18,0,8,0,0,1,0,1,1,2,1,37,7,-1,-1,-1,8,1
20144100F0703,1,5,0,3,0,1,0,0,0,0,2,1,1,1,53,8,582,1,7,10,1
20144100F0703,2,9,0,4,0,1,1,0,0,0,1,1,1,1,49,8,1388,1,12,5,1
20144100F0707,1,9,0,18,0,8,1,10,0,0,1,1,6,1,20,4,-1,-1,-1,-1,1
20144100F0707,2,9,0,10,0,1,0,0,1,0,3,1,6,2,64,9,1396,1,11,5,3
20144100F0721,1,9,0,6,0,8,0,0,0,0,1,1,6,1,50,8,1781,1,12,10,1
20144100F0721,2,9,0,3,0,8,0,0,0,0,2,1,6,1,66,10,1596,1,5,10,1
20144100F0722,1,9,0,18,0,0,0,0,0,0,1,1,6,1,66,10,998,1,1,6,1
20144100F0722,2,9,0,18,0,0,0,0,0,0,1,1,6,1,82,11,2143,2,-1,9,1
20144100F0732,1,19,0,1,0,1,0,0,0,0,2,1,1,1,40,7,2143,2,3,7,1
20144100F0732,2,3,0,3,0,8,0,0,0,0,1,1,1,1,40,7,-1,-1,-1,4,1
20144100F0733,1,9,0,18,0,2,0,0,0,0,4,1,6,1,-1,-1,-1,-1,-1,-1,-1
20144100F0734,1,9,0,18,0,0,0,0,0,0,1,1,6,2,61,9,-1,-1,-1,10,1
20144100F0734,2,9,0,4,0,0,0,0,0,0,2,1,6,2,47,8,1586,1,7,10,1
20144100F0737,1,9,0,18,0,8,0,0,0,0,1,1,6,1,21,5,1596,1,12,6,1
20144100F0737,2,9,0,9,0,8,0,0,0,0,1,1,6,2,51,8,2180,2,18,-1,-1
20144100F0738,1,9,0,18,0,4,0,0,0,0,1,1,6,2,47,8,1398,2,7,-1,-1
20144100F0738,2,19,0,18,0,8,0,0,0,0,3,1,6,1,50,8,2295,1,11,5,1
20144100F0739,1,9,0,9,0,5,0,0,0,0,4,1,2,1,29,6,1397,1,13,8,1
20144100F0739,2,9,0,18,0,8,0,0,0,0,1,1,2,1,39,7,2495,2,25,9,3
20144100F0741,1,10,0,9,0,5,0,0,0,0,1,1,3,2,45,7,2198,2,2,10,1
20144100F0741,2,3,0,14,0,8,0,0,0,0,4,1,6,1,17,4,124,1,4,-1,-1
20144100F0742,1,11,0,18,0,0,0,0,0,0,4,1,1,3,-1,-1,12600,2,7,-1,-1
20144100F0742,2,9,0,3,0,0,0,0,0,0,3,1,6,1,41,7,2143,2,2,7,3
20144100F0749,1,20,0,4,0,0,1,0,0,0,1,1,1,1,45,7,3920,2,9,5,1
20144100F0749,2,11,0,4,0,0,0,0,0,0,2,1,1,1,58,9,9186,2,2,-1,-1
20144100F0753,1,9,0,9,0,3,0,0,0,0,3,1,6,2,54,8,1598,2,1,10,1
20144100F0754,1,9,0,18,0,1,0,0,0,0,1,1,6,2,82,11,1988,1,10,10,1
20144100F0754,2,19,0,10,0,1,0,0,0,0,2,1,1,1,48,8,1995,2,1,-1,1
20144100F0756,1,19,0,18,0,4,2,10,1,1,1,1,3,1,29,6,1996,2,4,7,1
20144100F0757,1,9,0,4,0,1,0,0,0,0,1,1,6,1,83,11,-1,-1,-1,10,1
20144100F0757,2,9,0,4,0,1,0,0,0,0,2,1,6,2,40,7,998,1,1,8,1
20144100F0760,1,9,0,18,0,0,0,0,0,0,1,1,1,1,57,9,-1,-1,-1,5,1
20144100F0760,2,11,0,3,0,0,0,0,0,0,0,1,1,1,40,7,-1,-1,-1,-1,1
20144100F0763,1,9,0,9,0,6,0,0,0,0,3,1,6,1,39,7,3993,1,1,-1,-1
20144100F0763,2,9,0,18,0,8,0,0,0,0,1,1,6,2,28,6,-1,-1,-1,6,2
20144100F0769,1,9,0,18,0,0,0,10,1,2,1,1,6,1,57,9,-1,-1,-1,2,1
20144100F0770,1,9,0,4,0,0,0,12,0,0,2,1,2,2,32,6,999,1,1,10,1
20144100F0770,2,21,0,18,0,0,0,0,0,0,1,1,1,1,60,9,-1,-1,-1,1,1
20144100F0772,1,9,0,18,0,2,0,0,7,0,1,1,2,1,39,7,1197,1,3,5,1
20144100F0772,2,9,0,18,0,1,0,0,0,0,1,1,2,2,65,9,1587,1,12,9,1
20144100F0773,1,9,0,3,0,0,0,0,0,0,1,1,6,1,24,5,-1,-1,-1,-1,-1