Accident_Index,Vehicle_Reference,Vehicle_Type,Towing_and_Articulation,Vehicle_Manoeuvre,Vehicle_Location-Restricted_Lane,Junction_Location,Skidding_and_Overturning,Hit_Object_in_Carriageway,Vehicle_Leaving_Carriageway,Hit_Object_off_Carriageway,1st_Point_of_Impact,Was_Vehicle_Left_Hand_Drive?,Journey_Purpose_of_Driver,Sex_of_Driver,Age_of_Driver,Age_Band_of_Driver,Engine_Capacity_(CC),Propulsion_Code,Age_of_Vehicle,Driver_IMD_Decile,Driver_Home_Area_Type
20144100J0041,1,9,0,5,0,2,0,0,0,0,1,1,3,2,33,6,-1,-1,-1,3,1
20144100J0043,1,19,0,9,9,5,0,0,0,0,1,1,6,1,29,6,1753,2,11,8,1
20144100J0044,1,9,0,9,0,6,0,0,1,10,2,1,2,1,33,6,1896,1,16,4,1
20144100J0044,2,9,0,18,0,8,0,0,0,0,1,1,6,2,84,11,1386,1,6,5,1
20144100J0044,3,9,0,2,9,2,0,0,0,0,2,1,6,1,35,6,4554,1,13,5,1
20144100J0044,4,9,0,2,9,2,0,0,0,0,1,1,6,1,32,6,1796,1,11,5,1
20144100J0050,1,3,0,18,0,0,0,11,0,0,1,1,2,2,45,7,-1,-1,-1,6,1
20144100J0054,1,9,0,9,0,6,0,0,0,0,3,1,3,1,48,8,1390,1,14,9,1
20144100J0054,2,9,0,18,0,1,0,0,0,0,1,1,4,2,17,4,1149,1,5,9,3
20144100J0055,1,9,0,18,0,0,1,0,0,0,1,1,1,1,47,8,2987,2,5,7,3
20144100J0055,2,9,0,4,0,0,0,0,0,0,2,1,6,2,43,7,-1,-1,-1,9,1
20144100J0055,3,9,0,4,0,0,0,0,0,0,2,1,1,2,-1,-1,1582,2,1,7,1
20144100J0059,1,9,0,1,0,0,0,0,0,0,2,1,6,1,19,4,1596,1,13,5,1
20144100J0066,1,9,0,3,0,1,0,0,0,0,2,1,6,2,47,8,973,1,14,-1,1
20144100J0066,2,9,0,18,0,1,0,0,0,0,1,1,6,3,-1,-1,-1,-1,-1,-1,-1
20144100J0068,1,9,0,9,0,6,0,0,1,10,3,1,2,2,45,7,1998,1,17,-1,-1
20144100J0068,2,9,0,18,0,8,0,0,0,0,1,1,6,2,20,4,1229,1,6,9,1
20144100J0077,1,9,0,18,0,0,0,0,0,0,4,1,6,1,68,10,1798,1,13,5,1
20144100J0084,1,9,0,5,0,1,0,0,0,0,1,1,6,1,24,5,1598,1,5,-1,-1
20144100J0085,1,19,0,4,0,1,0,0,0,0,0,1,1,1,34,6,-1,-1,-1,2,1
20144100J0085,2,3,0,18,0,8,1,0,0,0,0,1,2,1,39,7,125,1,3,6,1
20144100J0086,1,9,0,18,0,0,0,0,0,0,1,1,6,1,32,6,1299,1,13,8,3
20144100J0088,1,9,0,18,0,8,0,0,0,0,1,1,6,2,48,8,1999,1,5,7,1
20144100J0089,1,9,0,4,0,0,1,0,0,0,1,1,6,1,21,5,1905,2,16,2,1
20144100J0089,2,9,0,3,0,0,0,0,0,0,2,1,6,1,32,6,1490,1,7,6,1
20144100J0089,3,9,0,3,0,0,0,0,0,0,2,1,6,1,21,5,1360,1,8,-1,1
20144100J0089,4,9,0,3,0,0,0,0,0,0,2,1,6,1,32,6,1390,1,3,8,1
20144100J0090,1,9,0,9,0,6,0,0,0,0,1,1,6,1,49,8,2179,2,6,10,1
20144100J0090,2,3,0,18,0,8,1,0,0,0,1,1,6,1,30,6,-1,-1,-1,7,1
20144100J0094,1,9,0,18,0,0,0,0,0,0,3,1,6,2,73,10,1400,1,14,9,1
20144100J0095,1,9,0,18,0,0,0,0,0,0,4,1,6,3,-1,-1,-1,-1,-1,-1,-1
20144100J0096,1,9,0,13,0,8,0,0,0,0,4,1,6,1,-1,-1,796,1,14,5,1
20144100J0096,2,9,0,18,0,8,0,0,0,0,3,1,6,1,23,5,2148,2,5,5,1
20144100J0099,1,9,0,17,0,0,1,0,1,4,3,1,6,2,25,5,998,1,7,4,1
20144100J0099,2,9,0,18,0,0,1,0,0,0,3,1,2,1,55,8,1598,1,7,10,1
20144100J0100,1,9,0,15,0,1,0,0,0,0,3,1,6,1,69,10,-1,-1,-1,9,1
20144100J0100,2,1,0,18,0,1,0,0,0,0,4,1,6,1,49,8,-1,-1,-1,3,1
20144100J0102,1,9,0,18,0,4,0,0,0,0,1,1,6,2,17,4,2231,2,1,9,3
20144100J0102,2,9,0,9,0,8,0,0,0,0,4,1,6,2,61,9,3226,2,9,8,1
20144100J0103,1,9,0,17,0,8,0,0,0,0,3,1,1,2,37,7,1242,1,1,-1,-1
20144100J0103,2,8,0,18,0,8,0,0,0,0,1,1,6,1,-1,-1,1896,2,11,-1,-1
20144100J0106,1,9,0,9,0,4,0,0,0,0,3,1,2,2,25,5,-1,-1,-1,5,1
20144100J0106,2,9,0,18,0,8,0,0,0,0,1,1,1,2,30,6,1248,2,5,8,1
20144100J0107,1,9,0,5,0,0,0,0,0,0,4,1,6,2,62,9,1598,1,5,10,3
20144100J0107,2,9,0,17,0,0,0,0,1,10,1,1,6,2,18,4,1199,1,10,2,1
20144100J0110,1,8,0,17,0,0,0,0,0,0,1,1,1,1,25,5,1997,2,5,5,1
20144100J0110,2,9,0,16,0,0,0,0,0,0,1,1,1,1,55,8,-1,-1,-1,9,1
20144100J0113,1,9,0,5,0,1,0,0,0,0,1,1,6,2,40,7,1968,2,1,-1,-1
20144100J0115,1,9,0,17,0,0,0,0,1,1,1,1,2,1,36,7,1596,1,11,4,1
20144100J0118,1,9,0,18,0,0,0,0,0,0,1,1,2,1,48,8,1364,1,6,9,1
20144100J0118,2,9,0,4,0,0,0,0,0,0,2,1,2,2,27,6,1390,1,11,8,2
20144100J0118,3,9,0,4,0,0,0,0,0,0,2,1,2,1,36,7,998,1,2,9,1
20144100J0118,4,9,0,4,0,0,0,0,0,0,2,1,2,1,29,6,-1,-1,-1,8,1
20144100J0123,1,9,0,10,0,1,0,0,0,0,2,1,6,2,26,6,-1,-1,-1,4,1
20144100J0123,2,9,0,3,0,1,0,0,0,0,2,1,6,2,33,6,-1,-1,-1,5,1
20144100J0123,3,19,0,4,0,1,0,0,1,10,1,1,1,1,28,6,2299,2,2,9,1
20144100J0126,1,9,0,1,9,5,0,0,0,0,2,1,6,2,50,8,1399,1,3,9,1
20144100J0128,1,9,0,5,0,0,0,0,0,0,4,1,6,2,66,10,-1,-1,-1,9,3
20144100J0128,2,9,0,14,0,0,0,4,0,0,3,1,6,2,43,7,1196,1,17,7,1
20144100J0128,3,9,0,2,0,0,0,0,0,0,2,1,1,2,52,8,1587,1,12,5,3
20144100J0130,1,8,0,1,9,0,0,0,0,0,2,1,1,1,53,8,1997,2,12,3,1
20144100J0134,1,9,0,18,0,1,0,0,0,0,1,1,6,2,21,5,1598,1,9,-1,-1
20144100J0134,2,9,0,17,0,7,0,0,0,0,3,1,6,2,42,7,-1,-1,-1,9,1
20144100J0135,1,2,0,8,0,1,0,0,0,0,1,1,6,1,17,4,-1,-1,-1,7,1
20144100J0135,2,9,0,9,0,5,0,0,0,0,1,1,1,1,-1,-1,-1,-1,-1,-1,-1
20144100J0136,1,9,0,18,0,8,0,0,0,0,3,1,6,1,56,9,1368,1,3,8,1
20144100J0136,2,8,0,7,0,8,0,0,0,0,4,1,1,1,54,8,1910,2,4,-1,-1
20144100J0139,1,9,0,18,0,0,0,0,0,0,1,1,2,1,27,6,1396,1,11,10,1
20144100J0139,2,9,0,3,0,0,0,0,1,1,2,1,6,1,24,5,3200,1,6,4,1
20144100J0140,1,9,0,18,0,1,1,0,1,0,1,1,2,1,40,7,1360,1,14,5,1
20144100J0140,2,9,0,5,0,8,0,0,0,0,3,1,2,2,40,7,1598,1,1,10,1
20144100J0142,1,3,0,18,0,8,0,0,0,0,4,1,2,1,50,8,-1,-1,-1,9,1
20144100J0142,2,9,0,9,0,7,0,0,0,0,1,1,6,2,-1,-1,1995,2,5,7,1
20144100J0146,1,9,0,9,0,4,0,0,0,0,1,1,6,2,70,10,-1,-1,-1,8,1
20144100J0146,2,1,0,18,0,8,0,0,0,0,1,1,2,1,24,5,-1,-1,-1,7,1
20144100J0153,1,9,0,18,0,1,0,0,0,0,1,1,6,2,39,7,1686,2,3,-1,-1
20144100J0158,1,9,0,17,0,0,1,0,0,0,1,1,6,2,24,5,1199,1,13,10,1
20144100J0158,2,9,0,16,0,0,0,0,0,0,1,1,6,1,37,7,1124,1,13,9,1
20144100J0161,1,9,0,9,0,6,0,0,0,0,1,1,6,2,44,7,1999,1,8,10,1
20144100J0161,2,9,0,18,0,8,0,0,0,0,2,1,6,2,26,6,1197,1,1,-1,-1
20144100J0163,1,9,0,10,0,1,0,0,0,0,2,1,2,2,33,6,2993,2,3,4,1
20144100J0163,2,19,0,18,0,1,1,0,0,0,1,1,2,1,23,5,1998,2,11,5,1
20144100J0164,1,9,0,9,0,5,0,0,0,0,1,1,6,1,34,6,4163,1,5,10,2
20144100J0164,2,9,0,18,0,8,0,0,0,0,1,1,6,2,24,5,1275,1,19,9,2
20144100J0165,1,9,0,6,0,8,0,0,0,0,1,1,6,2,69,10,1242,1,8,10,2
20144100J0165,2,1,0,18,0,8,0,0,0,0,1,1,6,1,75,10,-1,-1,-1,-1,-1
20144100J0166,1,5,0,18,0,0,0,0,8,10,1,1,2,1,23,5,645,1,6,10,1
20144100J0168,1,9,0,2,0,0,0,0,0,0,4,1,6,1,54,8,1984,2,7,10,1
20144100J0169,1,9,0,7,0,8,0,0,2,10,1,1,6,2,83,11,1596,1,10,10,1
20144100J0169,2,9,0,9,0,1,0,0,0,0,4,1,6,2,46,8,-1,-1,-1,10,1
20144100J0169,3,9,0,3,0,1,0,0,0,0,1,1,6,1,56,9,1339,1,3,7,1
20144100J0170,1,9,0,18,0,0,0,0,0,0,1,1,6,2,35,6,-1,-1,-1,8,1
20144100J0170,2,1,0,18,0,0,0,0,0,0,3,1,6,1,14,3,-1,-1,-1,-1,-1
20144100J0171,1,3,0,9,0,5,0,0,0,0,1,1,6,1,23,5,124,1,10,5,2
20144100J0171,2,9,0,4,0,1,0,0,0,0,1,1,6,2,73,10,998,1,11,-1,-1
20144100J0181,1,9,0,18,0,0,0,0,0,0,1,1,6,1,18,4,1390,1,16,3,1
20144100J0181,2,9,0,4,0,0,0,0,0,0,2,1,6,1,31,6,1791,8,3,-1,-1
20144100J0182,1,9,0,5,9,5,0,0,0,0,1,1,6,2,38,7,1796,1,14,3,1
20144100J0182,2,9,0,5,0,5,0,0,0,0,1,1,6,1,52,8,-1,-1,-1,3,1
20144100J0183,1,9,0,18,0,1,0,0,0,0,1,1,6,1,56,9,-1,-1,-1,8,1
20144100J0190,1,9,0,9,0,0,0,0,0,0,3,1,2,1,44,7,2184,2,-1,4,1
20144100J0190,2,4,0,14,0,0,0,0,0,0,4,1,6,1,38,7,1261,1,7,8,1
20144100J0192,1,9,0,18,0,0,0,0,0,0,1,1,6,1,52,8,2687,1,9,10,2
20144100J0192,2,9,0,18,0,0,0,0,1,0,1,1,6,1,24,5,2720,2,7,9,1
20144100J0201,1,9,0,18,0,6,0,0,0,0,1,1,6,1,40,7,1988,2,9,-1,-1
20144100J0201,2,9,0,18,0,8,0,0,0,0,4,1,6,2,21,5,-1,-1,-1,5,3
20144100J0202,1,9,0,7,0,6,0,0,0,0,0,1,6,3,-1,-1,-1,-1,-1,-1,-1
20144100J0202,2,3,0,4,0,1,1,0,0,0,3,1,2,1,32,6,125,1,8,7,1
20144100J0202,3,9,0,4,0,1,0,0,0,0,2,1,2,1,39,7,2148,2,10,4,1
20144100J0214,1,9,0,16,0,1,0,4,0,0,1,1,6,1,36,7,1560,2,-1,7,1
20144100J0214,2,9,0,18,0,1,0,0,0,0,0,1,1,1,34,6,1248,2,5,-1,-1
20144100J0214,3,9,0,2,0,1,0,0,1,10,1,1,6,3,-1,-1,1995,2,2,-1,-1
20144100J0217,1,9,0,18,0,8,0,0,0,0,4,1,1,1,52,8,2143,12,1,-1,1
20144100J0217,2,3,0,11,0,8,0,0,0,0,1,1,1,1,30,6,125,1,5,5,1
20144100J0219,1,9,0,5,0,1,0,0,0,0,1,1,6,1,34,6,2231,2,8,6,1
20144100J0219,2,9,0,4,0,1,0,0,0,0,2,1,6,2,55,8,1248,1,-1,3,1
20144100J0220,1,9,0,18,0,2,0,0,1,4,1,1,6,1,76,11,1560,2,6,7,1
20144100J0222,1,19,0,13,0,8,1,0,7,1,4,1,6,1,37,7,2198,2,2,5,1
20144100J0222,2,9,0,9,0,5,0,0,0,0,3,1,6,2,37,7,2179,2,3,6,1
20144100J0223,1,9,0,18,0,8,1,0,0,0,1,1,6,2,52,8,998,1,14,5,1
20144100J0223,2,9,0,9,0,8,0,0,0,0,4,1,6,1,44,7,1242,1,14,5,1
20144100J0226,1,9,0,7,0,8,0,0,0,0,1,1,6,1,50,8,-1,-1,-1,3,1
20144100J0226,2,9,0,18,0,8,1,0,0,0,2,1,6,2,24,5,1242,1,8,7,1
20144100J0227,1,1,0,17,0,0,0,0,1,4,1,1,6,1,8,2,-1,-1,-1,7,1
20144100J0231,1,9,0,18,0,0,5,4,0,0,1,1,6,2,75,10,1699,1,4,9,1
20144100J0231,2,9,0,2,0,0,0,0,0,0,4,1,6,3,-1,-1,1999,1,10,-1,-1
20144100J0231,3,9,0,2,0,0,0,0,0,0,3,1,6,3,-1,-1,-1,-1,-1,-1,-1
20144100J0232,1,9,0,4,0,0,0,0,0,0,2,1,6,1,37,7,1716,2,10,-1,-1
20144100J0232,2,20,0,4,0,0,1,0,0,0,1,1,1,1,30,6,7146,2,6,3,1
20144100J0232,3,20,0,4,0,0,1,0,0,0,1,1,1,1,56,9,3920,2,1,4,1
20144100J0243,1,1,0,18,0,1,0,0,0,0,2,1,6,1,16,4,-1,-1,-1,7,1
20144100J0243,2,9,0,18,0,1,0,0,0,0,1,1,6,3,-1,-1,-1,-1,-1,-1,-1
20144100J0244,1,9,0,9,0,6,0,0,0,0,1,1,6,1,86,11,973,1,14,10,1
20144100J0244,2,9,0,18,0,8,0,0,1,10,3,1,1,2,65,9,998,1,9,-1,1
20144100J0246,1,9,0,18,0,2,0,0,0,0,2,1,6,2,55,8,1299,1,6,7,1
20144100J0246,2,19,0,5,8,2,0,0,0,0,1,1,1,1,30,6,2198,2,1,-1,-1
20144100J0250,1,19,0,9,0,6,0,0,0,0,4,1,1,1,19,4,-1,-1,-1,-1,1
20144100J0250,2,19,0,4,0,8,0,0,0,0,1,1,1,1,49,8,2402,2,4,-1,-1
20144100J0252,1,9,0,18,0,1,0,0,0,0,1,1,6,1,87,11,1597,1,18,10,2
20144100J0252,2,9,0,10,0,1,0,0,0,0,2,1,6,1,71,10,2198,1,10,7,1
20144100J0255,1,9,0,18,0,0,0,0,7,2,1,1,6,2,61,9,-1,-1,-1,9,2
20144100J0256,1,9,0,18,0,0,0,0,1,2,1,1,6,1,39,7,1956,2,1,5,1
20144100J0257,1,9,0,14,0,0,0,0,0,0,1,1,2,1,41,7,-1,-1,-1,5,1
20144100J0259,1,9,0,10,0,1,0,0,0,0,2,1,6,2,40,7,1998,2,8,10,1
20144100J0259,2,9,0,18,0,1,0,0,0,0,1,1,6,1,19,4,1229,1,4,9,2
20144100J0260,1,9,0,9,0,6,0,0,0,0,3,1,6,2,29,6,2143,2,-1,-1,-1
20144100J0260,2,5,0,14,0,1,1,0,0,0,1,1,6,1,27,6,599,1,12,6,1
20144100J0260,3,9,0,18,0,1,0,0,0,0,0,1,6,2,22,5,1596,1,14,8,1
20144100J0261,1,5,0,18,0,4,0,0,0,0,3,1,6,1,59,9,798,1,19,-1,3
20144100J0261,2,9,0,18,0,8,0,0,0,0,1,1,6,2,-1,-1,1797,8,2,-1,-1
20144100J0263,1,9,0,18,0,0,0,0,0,0,3,1,3,2,38,7,2776,2,9,10,1
20144100J0264,1,9,0,6,0,8,0,0,0,0,3,1,6,1,27,6,-1,-1,-1,-1,-1
20144100J0265,1,9,0,9,0,6,0,0,0,0,1,1,6,2,18,4,1360,1,9,10,1
20144100J0265,2,21,0,17,0,8,1,0,7,4,1,1,1,1,25,5,-1,-1,-1,-1,-1
20144100J0268,1,19,0,17,0,2,0,0,0,0,1,1,1,1,57,9,2402,2,6,3,1
20144100J0268,2,9,0,16,0,1,0,0,0,0,1,1,6,2,37,7,1598,1,5,-1,-1
20144100J0270,1,9,0,4,0,5,0,0,0,0,2,1,6,1,55,8,998,1,8,8,1
20144100J0270,2,9,0,18,0,1,0,0,0,0,1,1,6,2,22,5,-1,-1,-1,3,1
20144100J0270,3,9,0,8,0,6,0,0,0,0,1,1,6,1,60,9,1197,1,1,7,1
20144100J0271,1,9,0,1,9,8,0,0,0,0,2,1,1,1,-1,-1,1997,2,8,-1,-1
20144100J0272,1,9,0,17,0,2,2,0,1,9,4,1,1,2,44,7,1390,1,15,4,1
20144100J0274,1,19,0,18,0,0,0,0,0,0,1,1,6,1,-1,-1,-1,-1,-1,-1,-1
20144100J0274,2,9,0,4,0,0,0,0,0,0,2,1,2,2,30,6,1242,1,10,-1,-1
20144100J0274,3,9,0,4,0,0,0,0,0,0,2,1,1,1,60,9,1956,2,2,5,1
20144100J0274,4,9,0,4,0,0,0,0,0,0,2,1,2,2,59,9,1198,1,2,3,1
20144100J0278,1,21,1,4,0,8,0,0,0,0,1,1,1,1,38,7,12900,2,3,-1,-1
20144100J0278,2,9,0,4,0,8,0,0,0,0,2,1,6,2,69,10,1388,1,2,7,1
20144100J0282,1,9,0,4,0,0,0,0,0,0,2,1,6,1,71,10,1198,1,8,4,1
20144100J0282,2,9,0,4,0,0,0,0,0,0,2,1,6,2,26,6,1198,1,11,2,1
20144100J0282,3,9,0,4,0,0,0,0,0,0,1,1,6,2,66,10,1995,2,1,10,2
20144100J0282,4,9,0,4,0,0,0,0,0,0,1,1,6,1,33,6,1968,2,-1,6,1
20144100J0282,5,9,0,1,0,0,0,0,0,0,1,1,6,1,20,4,2499,1,8,9,1
20144100J0287,1,9,0,4,0,0,0,0,0,0,1,1,6,1,17,4,1198,1,1,10,2
20144100J0287,2,9,0,18,0,0,0,0,0,0,2,1,6,1,47,8,5998,1,1,10,2
20144100J0289,1,9,0,18,0,2,1,0,0,0,1,1,6,1,20,4,1197,1,4,-1,-1
20144100J0289,2,9,0,3,0,2,0,0,0,0,2,1,6,2,31,6,2143,2,1,5,1
20144100J0292,1,3,0,14,0,8,0,0,0,0,1,1,1,1,24,5,125,1,6,1,1
20144100J0292,2,9,0,9,0,6,0,0,0,0,4,1,6,1,66,10,-1,-1,-1,9,1
20144100J0294,1,9,0,5,0,1,0,0,0,0,1,1,6,3,-1,-1,-1,-1,-1,-1,-1
20144100J0297,1,9,0,4,0,8,1,0,0,0,1,1,6,1,42,7,1995,2,12,6,1
20144100J0297,2,9,0,9,0,8,0,0,0,0,1,1,6,2,30,6,1198,1,3,5,1
20144100J0311,1,9,0,9,0,6,0,0,0,0,4,1,3,2,55,8,-1,-1,-1,7,3
20144100J0311,2,9,0,18,0,8,0,0,1,0,1,1,1,1,61,9,1598,1,6,10,1
20144100J0312,1,9,0,9,0,8,0,0,0,0,1,1,6,2,17,4,998,1,4,7,1
20144100J0312,2,9,0,18,0,8,0,0,0,0,1,1,6,1,45,7,2148,2,8,6,1
20144100J0313,1,3,0,18,0,0,0,0,0,0,1,1,2,1,22,5,125,1,7,2,1
20144100J0313,2,9,0,4,0,0,0,0,0,0,2,1,2,2,57,9,1968,2,3,8,1
20144100J0314,1,9,0,6,0,8,0,0,0,1,3,1,6,2,43,7,996,1,2,4,1
20144100J0314,2,5,0,18,0,1,0,0,0,0,1,1,6,1,28,6,749,1,9,4,1
20144100J0316,1,9,0,18,0,0,0,0,0,0,1,1,6,1,31,6,1598,1,7,7,1
20144100J0316,2,9,0,4,0,0,0,0,0,0,2,1,3,2,46,8,3900,1,18,9,1
20144100J0316,3,9,0,4,0,0,0,0,0,0,2,1,1,2,60,9,1998,1,14,10,1
20144100J0319,1,9,0,9,0,6,0,0,0,0,0,1,6,1,42,7,1686,2,14,5,1
20144100J0319,2,11,0,18,0,1,0,0,0,0,0,1,1,1,45,7,6370,2,8,4,1
20144100J0321,1,9,0,18,0,8,0,0,0,0,2,1,2,2,33,6,1560,2,4,5,1
20144100J0321,2,21,0,12,0,8,0,0,0,0,1,1,1,1,49,8,9200,2,8,8,2
20144100J0322,1,9,0,18,0,1,0,0,0,0,1,1,6,2,61,9,1598,1,12,8,1
20144100J0322,2,9,0,4,0,1,0,0,0,0,2,1,6,2,45,7,1242,1,5,-1,-1
20144100J0322,3,9,0,4,0,1,0,0,0,0,2,1,6,2,44,7,1794,1,9,5,1
20144100J0325,1,9,0,9,0,6,0,0,0,0,3,1,6,2,35,6,1299,1,9,10,1
20144100J0325,2,1,0,16,0,1,0,0,0,0,1,1,6,1,25,5,-1,-1,-1,6,1
20144100J0326,1,9,0,18,0,0,5,0,7,4,1,1,1,1,38,7,2198,1,9,5,1
20144100J0327,1,4,0,14,0,8,1,0,0,0,1,1,6,1,36,7,125,1,7,6,1
20144100J0327,2,9,0,9,0,6,0,0,0,0,3,1,6,2,33,6,-1,-1,-1,6,1
20144100J0328,1,3,0,14,0,8,1,0,0,0,1,1,6,1,16,4,-1,-1,-1,7,1
20144100J0328,2,9,0,9,0,5,0,0,0,0,3,1,6,1,46,8,1598,2,1,9,1
20144100J0329,1,9,0,18,0,8,0,0,0,0,4,1,1,1,33,6,1248,2,3,-1,-1
20144100J0329,2,9,0,9,0,5,0,0,0,0,3,1,6,2,81,11,1968,2,6,10,2
20144100J0330,1,9,0,6,0,2,0,0,0,0,4,1,6,1,48,8,-1,-1,-1,8,1
20144100J0330,2,9,0,18,0,2,0,0,0,0,1,1,6,1,24,5,1396,1,17,5,1
20144100J0338,1,19,0,18,0,1,0,0,0,0,4,1,1,1,18,4,2402,2,5,-1,-1
20144100J0338,2,5,0,12,0,1,0,0,0,0,3,1,2,1,43,7,-1,-1,-1,9,1
20144100J0341,1,9,0,13,0,0,0,0,0,0,4,1,6,3,-1,-1,-1,-1,-1,-1,-1
20144100J0341,2,9,0,18,0,0,0,0,1,10,3,1,6,2,35,6,1596,1,6,5,3
20144100J0343,1,9,0,18,0,0,1,10,0,10,2,1,6,2,29,6,1796,1,18,6,1
20144100J0343,2,9,0,12,0,0,0,0,0,0,0,1,6,3,-1,-1,-1,-1,-1,-1,-1
20144100J0343,3,9,0,18,0,0,0,0,0,0,0,1,6,3,-1,-1,3700,1,11,-1,-1
20144100J0345,1,8,0,9,0,5,0,0,0,0,3,1,1,1,41,7,2179,2,1,5,1
20144100J0345,2,2,0,13,0,8,0,0,0,0,1,1,6,1,17,4,49,1,9,-1,-1
20144100J0346,1,19,0,18,0,0,0,0,0,0,4,1,6,1,30,6,1560,2,1,-1,-1
20144100J0347,1,9,0,9,0,5,0,0,0,0,3,1,6,2,35,6,-1,-1,-1,9,1
20144100J0347,2,1,0,18,0,8,0,0,0,0,1,1,6,1,55,8,-1,-1,-1,-1,-1
20144100J0349,1,9,0,16,0,0,0,0,0,0,1,1,6,1,37,7,1598,2,1,5,1
20144100J0349,2,9,0,18,0,0,0,0,0,0,3,1,6,1,58,9,1896,2,8,1,1
20144100J0349,3,9,0,18,0,0,0,0,0,0,1,1,6,1,31,6,1762,1,14,9,1
20144100J0356,1,9,0,5,0,1,0,0,0,0,1,1,6,1,53,8,2204,2,7,10,1
20144100J0356,2,9,0,5,0,1,0,0,0,0,2,1,6,1,53,8,1598,1,1,10,1
20144100J0357,1,9,0,18,0,0,0,0,0,0,1,1,6,3,-1,-1,-1,-1,-1,-1,-1
20144100J0358,1,20,0,1,0,0,0,0,0,0,2,1,6,1,34,6,-1,-1,-1,6,1
20144100J0358,2,4,0,4,0,0,0,0,0,0,1,1,6,1,26,6,150,1,9,3,1
20144100J0361,1,9,0,18,0,0,1,0,0,0,1,1,2,1,23,5,999,1,-1,8,1
20144100J0361,2,9,0,18,0,0,0,0,0,0,3,1,6,2,40,7,1242,1,1,8,1
20144100J0368,1,9,0,4,0,1,0,0,0,0,1,1,6,1,21,5,1124,1,8,-1,-1
20144100J0368,2,4,0,8,0,1,0,0,0,0,2,1,6,1,26,6,124,1,2,5,1
20144100J0374,1,9,0,9,0,8,0,0,0,0,4,1,6,1,64,9,-1,-1,-1,10,3
20144100J0374,2,9,0,18,0,4,0,0,0,0,1,1,6,2,40,7,1596,1,13,8,1
20144100J0375,1,9,0,9,0,6,0,0,0,0,1,1,6,1,75,10,1395,1,1,6,1
20144100J0377,1,9,0,18,0,1,0,0,0,0,1,1,6,2,38,7,1598,1,8,7,1
20144100J0377,2,9,0,18,0,2,0,10,0,0,1,1,6,1,50,8,1598,1,9,8,1
20144100J0378,1,9,0,7,0,5,0,0,0,0,0,1,6,3,-1,-1,-1,-1,-1,-1,-1
20144100J0378,2,9,0,18,0,1,0,0,0,0,2,1,6,1,32,6,-1,-1,-1,-1,-1
20144100J0378,3,9,0,18,0,1,0,0,0,0,1,1,6,1,17,4,1299,1,12,5,2
20144100J0383,1,9,0,18,0,0,2,10,0,0,3,1,6,1,22,5,1596,1,1,5,1
20144100J0383,2,9,0,18,0,0,0,0,0,0,1,1,6,2,46,8,1598,2,3,8,1
20144100J0384,1,9,0,18,0,0,0,0,0,0,4,1,6,2,18,4,1242,1,5,7,3
20144100J0385,1,1,0,18,0,8,0,0,0,0,1,1,6,2,45,7,-1,-1,-1,5,1
20144100J0385,2,9,0,9,0,5,0,0,0,0,1,1,6,1,45,7,1596,1,8,8,1
20144100J0388,1,9,0,9,0,6,0,0,0,0,0,1,6,2,40,7,998,1,6,6,1
20144100J0388,2,1,0,18,0,1,0,0,0,0,0,1,2,2,39,7,-1,-1,-1,9,1
20144100J0392,1,9,0,5,0,2,0,0,0,0,1,1,6,2,60,9,1360,1,5,10,1
20144100J0396,1,8,0,18,0,1,0,0,0,0,1,1,1,1,30,6,1686,2,4,5,1
20144100J0396,2,9,0,4,0,1,0,0,0,0,2,1,6,2,30,6,2295,1,15,3,1
20144100J0397,1,9,0,18,0,0,0,0,0,0,1,1,6,1,25,5,-1,-1,-1,-1,-1
20144100J0397,2,9,0,3,0,0,0,0,0,0,2,1,6,1,58,9,1598,1,8,8,1
20144100J0398,1,9,0,5,0,6,0,0,0,0,1,1,6,2,42,7,1242,1,2,10,2
20144100J0398,2,1,0,5,0,6,0,0,0,0,2,1,6,1,70,10,-1,-1,-1,9,2
20144100J0399,1,9,0,18,0,0,2,10,0,0,1,1,6,1,23,5,1781,1,9,3,1
20144100J0400,1,9,0,18,0,0,0,0,1,0,3,1,2,2,48,8,1598,1,7,4,1
20144100J0400,2,9,0,18,0,0,0,0,7,0,3,1,6,1,40,7,2979,1,12,10,1
20144100J0401,1,9,0,15,0,0,0,0,0,0,3,1,6,1,-1,-1,-1,-1,-1,-1,-1
20144100J0401,2,9,0,18,0,0,0,0,0,0,4,1,6,1,57,9,1149,1,6,7,1
20144100J0402,1,9,0,16,0,8,0,0,0,0,3,1,6,1,30,6,1988,1,11,6,1
20144100J0402,2,9,0,17,0,8,0,0,0,0,3,1,6,2,44,7,1598,1,8,4,1
20144100J0405,1,9,0,18,0,0,0,0,0,0,4,1,6,2,51,8,-1,-1,-1,10,1
20144100J0408,1,9,0,18,0,0,0,0,0,0,0,1,6,1,47,8,1397,1,12,5,1
20144100J0414,1,9,0,18,0,2,2,0,0,7,1,1,1,1,24,5,-1,-1,-1,5,1
20144100J0417,1,9,0,9,0,6,0,0,0,0,1,1,6,1,67,10,-1,-1,-1,9,1
20144100J0417,2,3,0,18,0,8,0,0,0,0,2,1,6,1,24,5,125,1,1,6,2
20144100J0420,1,9,0,5,0,6,0,0,3,10,1,1,6,1,26,6,1984,1,7,5,1
20144100J0420,2,9,0,18,0,8,0,0,7,10,3,1,6,2,26,6,1242,1,1,10,1
20144100J0421,1,9,0,18,0,0,0,4,0,0,1,1,6,2,17,4,1388,1,12,9,1
20144100J0421,2,9,0,2,0,0,0,0,0,0,3,1,6,3,-1,-1,1397,1,5,-1,-1