Accident_Index,Vehicle_Reference,Vehicle_Type,Towing_and_Articulation,Vehicle_Manoeuvre,Vehicle_Location-Restricted_Lane,Junction_Location,Skidding_and_Overturning,Hit_Object_in_Carriageway,Vehicle_Leaving_Carriageway,Hit_Object_off_Carriageway,1st_Point_of_Impact,Was_Vehicle_Left_Hand_Drive?,Journey_Purpose_of_Driver,Sex_of_Driver,Age_of_Driver,Age_Band_of_Driver,Engine_Capacity_(CC),Propulsion_Code,Age_of_Vehicle,Driver_IMD_Decile,Driver_Home_Area_Type
20144100J0422,1,11,0,18,0,0,0,0,0,0,4,1,1,1,60,9,7300,2,9,7,1
20144100J0426,1,9,0,18,0,8,0,0,0,0,1,1,1,2,25,5,1242,1,15,9,1
20144100J0426,2,1,0,18,0,8,0,0,0,0,2,1,6,1,42,7,-1,-1,-1,9,1
20144100J0427,1,1,0,10,0,1,0,0,0,0,3,1,6,1,45,7,-1,-1,-1,8,1
20144100J0427,2,8,0,9,0,6,0,0,0,0,1,1,1,1,45,7,1896,2,4,5,1
20144100J0428,1,9,0,4,0,1,0,0,0,0,1,1,2,2,57,9,1332,1,15,9,1
20144100J0428,2,9,0,3,0,1,0,0,0,0,2,1,2,1,67,10,-1,-1,-1,9,2
20144100J0431,1,9,0,18,0,4,0,0,0,0,1,1,6,2,84,11,2200,1,13,8,1
20144100J0431,2,9,0,9,0,8,0,0,0,0,4,1,6,2,31,6,1598,1,6,9,1
20144100J0444,1,9,0,3,0,1,0,0,0,0,2,1,6,2,37,7,1199,1,11,3,1
20144100J0444,2,9,0,4,0,1,0,0,0,0,1,1,6,1,18,4,1596,1,6,8,1
20144100J0452,1,9,0,18,0,1,0,0,0,0,1,1,6,2,30,6,1596,1,8,3,1
20144100J0452,2,9,0,3,0,1,0,0,0,0,2,1,6,1,57,9,2360,1,5,10,1
20144100J0453,1,9,0,18,0,8,0,0,0,0,1,1,2,2,29,6,1598,1,5,-1,1
20144100J0453,2,9,0,9,0,8,0,0,0,0,4,1,2,2,36,7,1560,2,7,6,1
20144100J0454,1,9,0,18,0,0,0,0,0,0,1,1,1,2,31,6,2397,1,16,7,1
20144100J0454,2,9,0,4,0,0,0,0,0,0,2,1,6,1,51,8,1560,2,1,10,1
20144100J0455,1,4,0,18,0,0,0,0,0,0,1,1,6,1,27,6,498,1,16,5,1
20144100J0455,2,9,0,4,0,0,0,0,0,0,2,1,6,1,-1,-1,1242,1,15,1,1
20144100J0455,3,9,0,4,0,0,0,0,0,0,2,1,6,3,-1,-1,-1,-1,-1,-1,-1
20144100J0455,4,9,0,4,0,0,0,0,0,0,2,1,6,3,-1,-1,-1,-1,-1,-1,-1
20144100J0455,5,9,0,4,0,0,0,0,0,0,2,1,6,3,-1,-1,-1,-1,-1,-1,-1
20144100J0457,1,21,1,18,0,0,0,0,0,0,1,1,1,1,50,8,10518,2,6,9,1
20144100J0457,2,9,0,4,0,0,0,0,0,0,2,1,6,2,45,7,1686,2,4,-1,-1
20144100J0463,1,9,0,4,0,0,0,0,0,0,1,1,6,2,33,6,2400,2,4,10,2
20144100J0463,2,10,0,4,0,0,0,0,0,0,2,1,1,2,30,6,2198,2,4,7,3
20144100J0465,1,11,0,18,0,1,0,0,0,0,1,1,1,1,64,9,12000,2,8,4,1
20144100J0466,1,9,0,17,0,2,1,10,7,0,4,1,6,1,19,4,1984,1,14,-1,-1
20144100J0466,2,9,0,17,0,2,0,0,0,0,0,1,1,1,39,7,1968,2,2,-1,-1
20144100J0471,1,9,0,18,0,8,0,0,0,0,1,1,6,1,21,5,1995,1,12,4,1
20144100J0471,2,9,0,18,0,8,0,0,0,0,3,1,6,1,40,7,1299,1,13,7,1
20144100J0474,1,9,0,4,0,0,0,0,0,0,2,1,6,2,26,6,1910,2,9,4,1
20144100J0474,2,9,0,4,0,0,0,0,0,0,2,1,6,2,22,5,1198,1,3,10,1
20144100J0474,3,9,0,4,0,0,0,0,0,0,1,1,6,2,36,7,1997,2,4,5,1
20144100J0478,1,9,0,5,0,0,0,0,0,0,4,1,6,1,18,4,1390,1,13,7,1
20144100J0479,1,9,0,18,0,8,0,0,0,0,1,1,6,1,30,6,1995,1,12,5,1
20144100J0479,2,9,0,18,0,8,1,0,0,0,3,1,6,2,20,4,1198,1,-1,6,1
20144100J0486,1,9,0,17,0,0,0,0,1,4,3,1,2,2,19,4,1328,1,5,9,1
20144100J0487,1,19,0,18,0,1,0,0,0,0,1,1,1,1,21,5,1968,2,1,3,1
20144100J0487,2,9,0,3,0,1,0,0,0,0,2,1,6,2,23,5,1360,1,11,9,1
20144100J0487,3,9,0,9,0,1,0,0,0,0,2,1,6,2,56,9,1968,2,3,10,2
20144100J0487,4,9,0,9,0,8,0,0,0,0,0,1,6,3,-1,-1,-1,-1,-1,-1,-1
20144100J0489,1,11,0,16,0,0,5,0,0,10,1,1,1,1,41,7,9000,2,6,9,1
20144100J0489,2,9,0,17,0,0,0,0,0,0,1,1,6,2,40,7,1229,1,2,8,1
20144100J0490,1,9,0,4,0,1,0,0,0,0,1,1,2,1,34,6,-1,-1,-1,9,1
20144100J0490,2,9,0,3,0,1,0,0,0,0,2,1,2,1,68,10,1796,1,12,10,3
20144100J0490,3,9,0,3,0,1,0,0,0,0,2,1,2,1,34,6,2000,2,10,9,1
20144100J0492,1,9,0,5,0,1,0,0,0,0,1,1,6,1,66,10,1582,2,2,7,1
20144100J0492,2,1,0,5,0,1,0,0,0,0,4,1,6,1,12,3,-1,-1,-1,5,1
20144100J0493,1,9,0,9,0,6,0,0,0,0,3,1,6,2,-1,-1,-1,-1,-1,-1,-1
20144100J0493,2,3,0,18,0,8,1,0,0,0,1,1,1,1,20,4,109,1,2,2,1
20144100J0495,1,9,0,18,0,8,0,0,0,0,1,1,6,1,32,6,-1,-1,-1,4,1
20144100J0495,2,3,0,7,0,8,0,0,0,0,2,1,6,2,33,6,-1,-1,-1,4,1
20144100J0500,1,9,0,9,0,5,0,0,0,0,1,1,6,1,23,5,1124,1,13,4,1
20144100J0502,1,9,0,4,0,1,0,0,0,0,1,1,6,1,67,10,1999,1,13,6,1
20144100J0502,2,9,0,4,0,1,0,0,0,0,2,1,6,2,48,8,1598,1,2,10,3
20144100J0502,3,9,0,4,0,1,0,0,0,0,2,1,6,2,-1,-1,2184,2,8,6,1
20144100J0504,1,9,0,18,0,0,0,0,0,0,1,1,6,1,45,7,-1,-1,-1,-1,-1
20144100J0504,2,9,0,3,0,0,0,0,0,0,2,1,6,2,30,6,1388,1,10,9,1
20144100J0507,1,9,0,5,0,0,0,0,0,0,1,1,6,2,34,6,1850,1,13,6,1
20144100J0507,2,1,0,18,0,0,0,0,0,0,1,1,6,1,49,8,-1,-1,-1,7,1
20144100J0508,1,9,0,17,0,0,2,0,2,9,1,1,6,2,40,7,2148,2,9,7,1
20144100J0511,1,9,0,5,0,1,0,0,0,0,1,1,6,2,30,6,-1,-1,-1,-1,-1
20144100J0511,2,1,0,18,0,1,0,0,0,0,3,1,4,1,11,3,-1,-1,-1,9,1
20144100J0521,1,11,0,18,0,1,1,0,0,0,1,1,1,1,45,7,8900,2,4,4,1
20144100J0521,2,9,0,4,0,1,0,0,0,0,2,1,6,2,75,10,1389,1,10,9,1
20144100J0523,1,9,0,18,0,1,0,0,0,0,4,1,6,2,33,6,1390,1,5,6,1
20144100J0525,1,9,0,4,0,0,0,0,0,0,2,1,6,1,21,5,1242,1,14,4,1
20144100J0525,2,9,0,18,0,0,0,0,0,0,1,1,6,2,50,8,1596,1,12,4,1
20144100J0525,3,9,0,4,0,0,0,0,0,0,2,1,6,1,21,5,1595,1,5,5,1
20144100J0526,1,9,0,18,0,1,0,0,0,0,1,1,6,1,20,4,993,1,11,4,1
20144100J0526,2,9,0,4,0,1,0,0,0,0,2,1,2,2,49,8,1598,1,13,10,1
20144100J0528,1,9,0,5,0,1,0,0,0,0,1,1,1,1,21,5,2494,2,1,6,1
20144100J0528,2,9,0,4,0,1,0,0,0,0,2,1,3,1,53,8,1910,2,4,5,1
20144100J0528,3,9,0,3,0,1,0,0,0,0,2,1,6,2,33,6,-1,-1,-1,7,3
20144100J0530,1,9,0,18,0,1,0,0,0,0,1,1,3,2,32,6,-1,-1,-1,8,1
20144100J0533,1,9,0,9,0,6,0,0,0,0,1,1,6,1,47,8,2499,1,6,10,1
20144100J0533,2,1,0,18,0,8,0,0,0,0,1,1,2,1,36,7,-1,-1,-1,6,1
20144100J0538,1,2,0,15,0,0,0,4,0,0,3,1,1,1,24,5,-1,-1,-1,7,1
20144100J0538,2,9,0,3,0,0,0,0,0,0,4,1,6,2,45,7,-1,-1,-1,2,1
20144100J0538,3,9,0,2,0,0,0,0,0,0,3,1,6,2,52,8,1461,2,1,7,1
20144100J0542,1,9,0,4,0,0,0,0,1,4,1,1,6,2,44,7,1197,1,-1,-1,-1
20144100J0545,1,9,0,18,0,1,1,0,0,0,1,1,6,1,22,5,1995,2,11,8,1
20144100J0545,2,9,0,1,0,5,0,0,0,0,2,1,6,1,49,8,-1,-1,-1,10,1
20144100J0549,1,19,0,12,0,4,0,0,0,0,3,1,6,1,-1,-1,3920,2,3,-1,-1
20144100J0549,2,9,0,18,0,4,0,0,0,0,4,1,1,1,39,7,2204,2,10,4,1
20144100J0553,1,9,0,18,0,0,0,0,0,0,2,1,6,1,27,6,-1,-1,-1,4,1
20144100J0553,2,9,0,4,0,0,0,0,0,0,2,1,6,1,28,6,1229,1,9,4,1
20144100J0553,3,9,0,4,0,0,0,0,0,0,2,1,6,2,31,6,2993,2,1,8,1
20144100J0553,4,9,0,4,0,0,0,0,0,0,2,1,6,1,-1,-1,-1,-1,-1,7,1
20144100J0553,5,9,0,4,0,0,0,0,0,0,1,1,6,1,43,7,796,1,12,4,1
20144100J0556,1,9,0,1,0,8,0,0,0,0,2,1,6,1,24,5,1995,2,3,5,1
20144100J0557,1,9,0,18,0,0,1,0,0,0,1,1,6,2,23,5,1599,1,10,5,3
20144100J0557,2,10,0,18,0,0,0,0,0,0,1,1,6,1,29,6,1998,2,12,6,1
20144100J0560,1,9,0,18,0,0,0,0,0,0,1,1,6,1,60,9,1997,2,1,-1,-1
20144100J0560,2,19,0,3,0,0,0,0,0,0,2,1,1,1,49,8,2198,2,1,9,3
20144100J0562,1,9,0,9,0,5,0,0,0,0,4,1,6,2,-1,-1,-1,-1,-1,-1,-1
20144100J0562,2,3,0,18,0,8,1,0,0,0,1,1,6,1,23,5,124,1,26,9,1
20144100J0567,1,9,0,18,0,0,0,0,7,9,2,1,6,1,51,8,1339,1,10,4,1
20144100J0567,2,9,0,18,0,0,0,0,0,0,1,1,6,3,-1,-1,-1,-1,-1,-1,-1
20144100J0569,1,9,0,4,0,0,0,0,0,0,1,1,6,1,-1,-1,1984,2,-1,-1,-1
20144100J0571,1,11,0,5,0,0,0,0,0,0,0,1,6,1,44,7,-1,-1,-1,5,1
20144100J0573,1,21,1,17,0,1,0,0,0,0,4,1,1,1,61,9,12809,2,-1,5,1
20144100J0573,2,9,0,17,0,1,0,0,0,0,3,1,2,1,61,9,1968,2,3,5,1
20144100J0575,1,9,0,3,0,0,0,0,0,0,2,1,6,1,43,7,1984,1,12,5,1
20144100J0575,2,9,0,18,0,0,0,0,0,0,1,1,1,1,32,6,1248,2,3,3,1
20144100J0575,3,9,0,18,0,0,0,0,0,0,3,1,1,1,31,6,-1,-1,-1,3,1
20144100J0576,1,19,0,4,0,1,1,0,1,4,1,1,6,1,31,6,2402,2,13,5,3
20144100J0576,2,19,0,3,0,1,0,0,0,0,2,1,6,1,49,8,1753,2,10,10,1
20144100J0576,3,9,0,3,0,1,0,0,0,0,2,1,6,1,63,9,1598,1,2,8,1
20144100J0576,4,9,0,3,0,1,0,0,0,0,2,1,6,1,62,9,2993,2,4,7,1
20144100J0581,1,9,0,4,0,1,0,0,0,0,2,1,6,1,23,5,1598,1,8,10,1
20144100J0581,2,9,0,4,0,1,0,0,0,0,1,1,6,1,27,6,1149,1,8,5,1
20144100J0584,1,9,0,18,0,0,0,0,0,0,1,1,6,1,40,7,-1,-1,-1,2,1
20144100J0584,2,9,0,4,0,0,0,0,0,0,2,1,6,1,45,7,1498,1,2,6,1
20144100J0588,1,9,0,18,0,2,0,0,0,0,3,1,6,1,58,9,2198,1,10,7,1
20144100J0589,1,9,0,9,0,6,0,0,0,0,1,1,2,2,19,4,1242,1,1,5,1
20144100J0589,2,9,0,18,0,8,0,0,7,10,3,1,6,2,58,9,1389,1,18,7,1
20144100J0592,1,19,0,4,0,1,0,0,0,0,1,1,1,1,30,6,-1,-1,-1,-1,1
20144100J0594,1,9,0,18,0,0,0,0,0,0,1,1,6,2,19,4,1299,1,6,5,1
20144100J0595,1,9,0,3,0,1,0,0,0,0,2,1,6,2,43,7,1339,1,3,5,2
20144100J0595,2,9,0,3,0,1,0,0,0,0,1,1,6,2,30,6,-1,-1,-1,-1,-1
20144100J0595,3,19,0,3,0,1,0,0,0,0,1,1,6,1,35,6,2143,2,1,-1,-1
20144100J0602,1,9,0,7,0,6,0,0,0,0,4,1,6,2,52,8,998,1,-1,5,1
20144100J0603,1,19,0,18,0,0,1,0,1,9,3,1,6,1,27,6,1870,2,8,9,2
20144100J0603,2,4,0,18,0,0,1,0,1,0,1,1,6,2,23,5,124,1,8,5,2
20144100J0604,1,9,0,18,0,0,0,0,0,0,2,1,6,2,60,9,1490,1,6,5,2
20144100J0604,2,9,0,18,0,0,0,0,0,0,1,1,6,1,19,4,-1,-1,-1,9,2
20144100J0614,1,9,0,18,0,1,0,0,0,0,1,1,2,1,56,9,1796,1,11,-1,-1
20144100J0614,2,2,0,3,0,1,0,0,0,0,3,1,2,1,28,6,124,1,1,8,1
20144100J0615,1,2,0,18,0,8,1,0,0,0,1,1,6,2,27,6,49,1,1,8,3
20144100J0615,2,9,0,9,0,6,0,0,0,0,3,1,6,2,62,9,1596,1,9,8,1
20144100J0617,1,11,0,5,0,0,0,0,0,0,0,1,6,1,40,7,4250,2,2,6,1
20144100J0624,1,9,0,6,0,0,0,0,0,0,1,1,6,2,17,4,1299,1,12,4,1
20144100J0624,2,9,0,18,0,0,0,0,0,0,1,1,6,1,50,8,-1,-1,-1,9,3
20144100J0632,1,9,0,4,0,0,0,0,0,0,1,1,6,1,24,5,998,1,14,6,1
20144100J0632,2,9,0,3,0,0,0,0,0,0,2,1,6,1,27,6,2996,2,5,6,1
20144100J0643,1,9,0,18,0,8,0,0,0,0,3,1,6,1,40,7,1910,2,5,7,1
20144100J0643,2,9,0,18,0,4,1,10,1,1,1,1,6,1,20,4,998,1,13,5,1
20144100J0645,1,90,0,18,0,0,0,4,1,0,1,1,1,2,49,8,2987,2,3,8,1
20144100J0645,2,19,0,2,6,0,0,4,0,0,2,1,6,2,36,7,2198,2,8,7,1
20144100J0645,3,9,0,2,6,0,0,0,0,0,2,1,6,2,32,6,2401,2,10,6,1
20144100J0648,1,9,0,9,0,6,0,0,0,0,3,1,6,1,59,9,1560,2,4,6,1
20144100J0648,2,3,0,18,0,8,0,0,0,0,1,1,6,1,20,4,125,1,8,1,1
20144100J0650,1,21,1,12,0,0,0,0,0,0,3,2,1,1,24,5,-1,-1,-1,-1,-1
20144100J0650,2,9,0,18,0,0,1,0,0,0,4,1,6,1,34,6,1598,1,12,2,1
20144100J0651,1,9,0,18,0,0,0,0,0,0,1,1,6,2,31,6,1995,2,2,5,1
20144100J0651,2,20,4,4,0,0,0,0,0,0,2,1,1,1,38,7,-1,-1,-1,6,1
20144100J0652,1,9,0,18,9,1,0,0,1,10,1,1,6,2,70,10,-1,-1,-1,-1,-1
20144100J0653,1,9,0,18,0,8,0,0,0,0,1,1,2,2,26,6,1360,1,12,5,1
20144100J0653,2,9,0,8,0,1,0,0,0,0,3,1,6,1,72,10,1248,2,-1,2,1
20144100J0655,1,19,0,13,0,0,0,0,0,0,0,1,6,3,-1,-1,-1,-1,-1,-1,-1
20144100J0655,2,9,0,4,0,0,0,0,0,0,2,1,6,1,69,10,1995,1,8,10,1
20144100J0655,3,9,0,4,0,0,0,0,0,0,1,1,6,2,19,4,1299,1,10,6,1
20144100J0656,1,9,0,18,0,0,0,0,0,0,3,1,6,1,50,8,1497,8,7,5,1
20144100J0656,2,9,0,18,0,0,1,10,1,9,3,1,6,1,19,4,-1,-1,-1,10,1
20144100J0660,1,19,0,17,0,0,1,0,7,9,1,1,1,1,58,9,2151,2,12,1,1
20144100J0661,1,9,0,18,0,4,0,0,0,0,3,1,6,2,23,5,1968,2,8,-1,-1
20144100J0661,2,1,0,18,0,8,0,0,0,0,1,1,6,1,28,6,-1,-1,-1,5,1
20144100J0663,1,9,0,11,0,8,0,0,0,0,4,1,6,2,23,5,1242,1,10,5,1
20144100J0663,2,11,0,18,0,8,0,0,0,0,3,1,1,1,45,7,-1,-1,-1,10,2
20144100J0664,1,9,0,4,0,8,0,0,0,0,1,1,6,2,48,8,-1,-1,-1,7,1
20144100J0664,2,9,0,4,0,8,0,0,0,0,2,1,6,2,59,9,-1,-1,-1,7,1
20144100J0670,1,9,0,7,0,6,0,0,0,0,0,1,6,2,-1,-1,-1,-1,-1,-1,-1
20144100J0670,2,8,0,14,0,1,0,4,0,0,1,1,1,1,34,6,1910,2,7,10,1
20144100J0670,3,9,0,2,0,1,0,0,0,0,2,1,6,3,-1,-1,-1,-1,-1,-1,-1
20144100J0672,1,9,0,18,0,0,1,4,2,0,1,1,2,1,28,6,2979,1,15,6,1
20144100J0672,2,9,0,18,0,0,0,0,0,0,1,1,2,2,23,5,-1,-1,-1,9,1
20144100J0672,3,21,0,2,6,0,0,0,0,0,3,1,1,1,51,8,-1,-1,-1,6,1
20144100J0678,1,3,0,18,0,0,1,10,0,0,4,1,6,1,19,4,124,1,-1,-1,-1
20144100J0682,1,9,0,9,0,8,0,0,0,0,1,1,6,2,26,6,1598,1,11,2,1
20144100J0682,2,9,0,18,0,8,0,0,0,0,1,1,6,1,25,5,2179,2,-1,9,1
20144100J0683,1,2,0,18,0,0,1,0,0,0,0,1,1,1,22,5,49,1,2,-1,-1
20144100K0003,1,9,0,18,0,1,0,0,0,0,1,1,6,1,25,5,-1,-1,-1,8,1
20144100K0003,2,9,0,8,0,1,0,0,0,0,2,1,6,1,38,7,1598,1,12,2,1
20144100K0014,1,9,0,18,0,1,0,0,0,0,1,1,6,1,54,8,-1,-1,-1,-1,-1
20144100K0014,2,9,0,3,0,1,0,0,0,0,2,1,6,1,32,6,1275,1,16,9,1
20144100K0021,1,9,0,7,0,2,1,10,1,1,4,1,6,2,19,4,1229,1,-1,10,1
20144100K0022,1,2,0,18,0,8,0,0,0,0,1,1,6,1,30,6,-1,-1,-1,3,1
20144100K0022,2,9,0,18,0,8,0,0,0,0,3,1,6,2,34,6,1796,1,6,7,1
20144100K0028,1,9,0,18,0,8,0,0,0,0,1,1,6,3,-1,-1,-1,-1,-1,-1,-1
20144100K0028,2,9,0,18,0,8,0,0,0,0,2,1,6,2,46,8,-1,-1,-1,7,1
20144100K0028,3,20,0,12,0,8,0,0,0,0,0,1,6,3,-1,-1,-1,-1,-1,-1,-1
20144100K0032,1,9,0,17,0,0,2,0,1,9,4,1,6,2,63,9,1796,1,10,5,1
20144100K0035,1,9,0,18,0,8,0,0,0,0,1,1,6,1,64,9,1229,1,1,-1,-1
20144100K0035,2,9,0,9,0,5,0,0,0,0,1,1,6,2,43,7,1229,1,1,5,1
20144100K0036,1,19,0,5,0,8,0,0,0,0,1,1,1,1,24,5,2198,2,2,9,1
20144100K0036,2,9,0,18,0,8,0,0,0,0,4,1,3,1,39,7,1995,2,4,9,1
20144100K0039,1,9,0,9,0,6,0,0,0,0,3,1,6,1,42,7,1753,2,7,7,1
20144100K0039,2,1,0,18,0,1,0,0,0,0,1,1,1,1,30,6,-1,-1,-1,-1,-1
20144100K0042,1,9,0,5,0,6,0,0,0,0,3,1,3,2,35,6,1587,1,13,7,1
20144100K0042,2,2,0,18,0,1,1,0,0,0,1,1,2,1,47,8,49,1,9,9,1
20144100K0044,1,9,0,3,0,0,0,0,0,0,2,1,6,1,44,7,2171,2,12,10,1
20144100K0044,2,9,0,4,0,0,0,0,0,0,1,1,6,2,38,7,1896,2,11,5,1
20144100K0045,1,9,0,4,0,1,0,0,0,0,2,1,6,1,44,7,1997,2,14,7,1
20144100K0045,2,9,0,18,0,1,0,0,0,0,1,1,6,2,20,4,1242,1,2,2,1
20144100K0046,1,9,0,16,0,0,0,0,0,0,0,1,6,3,-1,-1,-1,-1,-1,-1,-1
20144100K0046,2,19,0,17,0,0,1,0,7,4,1,1,6,1,26,6,2300,2,9,3,1
20144100K0047,1,9,0,1,0,0,0,0,0,0,2,1,6,2,-1,-1,-1,-1,-1,-1,-1
20144100K0053,1,9,0,18,0,0,1,10,7,10,1,1,6,2,39,7,3824,1,7,-1,-1
20144100K0053,2,9,0,2,6,0,0,0,0,0,3,1,6,1,50,8,-1,-1,-1,-1,-1
20144100K0056,1,9,0,9,0,5,0,0,0,0,3,1,6,1,18,4,1598,1,5,4,1
20144100K0056,2,5,0,13,0,1,0,0,0,0,4,1,6,1,40,7,883,1,1,-1,-1
20144100K0057,1,9,0,18,0,2,0,0,0,0,1,1,1,1,50,8,-1,-1,-1,9,1
20144100K0057,2,9,0,4,0,2,0,0,0,0,2,1,6,2,60,9,1242,1,2,-1,-1
20144100K0057,3,9,0,4,0,2,0,0,0,0,2,1,6,2,29,6,1796,1,13,3,1
20144100K0058,1,9,0,18,0,0,0,0,0,0,1,1,6,3,-1,-1,-1,-1,-1,-1,-1
20144100K0058,2,9,0,18,0,0,0,0,0,0,2,1,1,2,40,7,1248,2,6,6,1
20144100K0059,1,9,0,18,0,0,0,0,7,4,1,1,6,2,73,10,1124,1,13,10,1
20144100K0064,1,9,0,16,0,0,0,0,0,0,2,1,6,1,25,5,1796,1,10,-1,-1
20144100K0064,2,9,0,16,0,0,1,0,0,0,1,1,6,2,24,5,1242,1,7,4,1
20144100K0065,1,9,0,18,0,8,0,0,0,0,1,1,6,2,58,9,1596,1,3,8,1
20144100K0065,2,9,0,4,0,8,0,0,0,0,2,1,6,2,40,7,1900,2,7,2,1
20144100K0065,3,9,0,18,0,8,0,0,0,0,0,1,6,3,-1,-1,-1,-1,-1,-1,-1
20144100K0069,1,9,0,4,0,0,1,0,0,0,1,1,6,2,45,7,-1,-1,-1,10,1
20144100K0069,2,9,0,4,0,0,0,0,0,0,2,1,6,2,62,9,1598,1,8,5,1
20144100K0074,1,9,0,4,0,0,0,0,0,0,1,1,6,1,20,4,1390,1,8,5,1
20144100K0074,2,9,0,3,0,0,0,0,0,0,2,1,6,1,53,8,1299,1,13,6,1
20144100K0076,1,9,0,18,0,8,0,0,0,0,1,1,6,2,51,8,1388,1,11,9,1
20144100K0076,2,9,0,18,0,8,5,0,7,1,1,1,6,1,25,5,1999,1,8,10,1
20144100K0077,1,9,0,7,0,2,0,0,0,0,1,1,2,2,39,7,998,1,1,-1,-1
20144100K0079,1,8,0,4,0,8,0,0,0,0,2,1,1,1,50,8,1998,2,6,8,1
20144100K0079,2,9,0,18,0,8,0,0,0,0,1,1,6,2,54,8,-1,-1,-1,4,1
20144100K0082,1,9,0,12,0,2,0,0,0,0,1,1,2,1,35,6,1794,1,13,6,1
20144100K0082,2,9,0,3,0,2,0,0,0,0,2,1,2,2,29,6,1598,1,6,4,1
20144100K0083,1,9,0,6,0,2,0,0,0,0,4,1,6,1,-1,-1,-1,-1,-1,-1,-1
20144100K0083,2,9,0,18,0,1,0,0,0,0,1,1,6,2,34,6,1596,1,7,8,1
20144100K0084,1,9,0,18,0,0,0,0,2,10,1,1,6,1,20,4,1242,1,13,4,1
20144100K0090,1,9,0,9,0,5,0,0,0,0,3,1,6,1,44,7,-1,-1,-1,5,1
20144100K0094,1,9,0,18,0,0,0,4,0,0,1,1,2,2,58,9,999,1,5,10,1
20144100K0094,2,9,0,2,0,0,0,4,0,0,1,1,6,3,-1,-1,1299,1,13,-1,-1
20144100K0094,3,9,0,2,0,0,0,0,0,0,2,1,6,3,-1,-1,998,1,3,-1,-1
20144100K0095,1,9,0,18,0,2,1,4,0,0,1,1,6,2,50,8,999,1,5,8,1
20144100K0095,2,19,0,2,0,2,0,0,0,0,2,1,6,3,-1,-1,-1,-1,-1,-1,-1
20144100K0097,1,9,0,18,0,0,0,0,0,0,1,1,6,2,31,6,1242,1,5,10,2
20144100K0101,1,9,0,18,0,0,0,4,0,0,1,1,6,2,30,6,1229,1,8,10,3
20144100K0101,2,9,0,2,9,0,0,4,0,0,2,1,6,1,50,8,-1,-1,-1,-1,-1
20144100K0101,3,9,0,2,9,0,0,0,0,0,2,1,6,1,30,6,-1,-1,-1,-1,-1
20144100K0103,1,9,0,4,0,1,0,0,0,0,1,1,1,1,27,6,1390,1,15,-1,-1
20144100K0103,2,9,0,3,0,1,0,0,0,0,2,1,1,1,-1,-1,1149,1,13,-1,-1
20144100K0104,1,9,0,3,0,1,0,0,0,0,2,1,6,1,42,7,1390,1,11,2,1
20144100K0104,2,19,0,18,0,1,0,0,0,0,1,1,6,3,-1,-1,1753,2,10,-1,-1
20144100K0111,1,9,0,18,0,1,0,10,0,1,1,1,1,1,52,8,1910,2,8,9,1
20144100K0112,1,9,0,12,0,2,0,0,0,0,1,1,6,1,35,6,1598,1,16,4,1
20144100K0112,2,9,0,18,0,2,0,0,0,0,2,1,6,2,21,5,1328,1,6,8,1
20144100K0117,1,9,0,3,0,1,0,0,0,0,2,1,6,2,35,6,1198,1,10,5,1
20144100K0117,2,9,0,4,0,1,0,0,0,0,1,1,6,2,27,6,1598,2,3,10,1
20144100K0122,1,9,0,18,0,1,0,0,0,0,1,1,1,2,24,5,-1,-1,-1,8,1
20144100K0122,2,9,0,18,0,6,0,0,0,0,1,1,6,2,40,7,2460,2,5,10,1
20144100K0127,1,9,0,18,0,0,0,0,1,7,4,1,1,1,30,6,-1,-1,-1,3,1
20144100K0132,1,19,0,18,0,8,0,0,0,0,1,1,1,1,42,7,1870,2,11,7,2
20144100K0132,2,9,0,18,0,8,0,0,0,0,2,1,6,1,33,6,1896,2,6,-1,-1
20144100K0132,3,9,0,12,0,8,0,0,0,0,0,1,6,3,-1,-1,2993,2,10,-1,-1
20144100K0133,1,9,0,4,0,0,0,0,0,0,1,1,6,1,27,6,1242,1,10,2,1
20144100K0133,2,9,0,3,0,0,0,0,0,0,2,1,6,2,28,6,-1,-1,-1,3,1
20144100K0133,3,9,0,3,0,0,0,0,0,0,2,1,6,1,28,6,1910,2,9,5,1
20144100K0137,1,9,0,4,0,1,0,0,0,0,1,1,6,1,35,6,1596,1,13,8,1
20144100K0137,2,9,0,3,0,1,0,0,0,0,2,1,6,2,18,4,1229,1,4,8,1
20144100K0144,1,3,0,14,0,1,0,0,0,0,1,1,6,1,29,6,125,1,2,4,1
20144100K0144,2,19,0,9,0,1,0,0,0,0,3,1,1,1,39,7,2143,2,2,4,1
20144100K0145,1,9,0,9,0,6,0,0,0,0,3,1,6,2,59,9,1360,1,9,6,1
20144100K0145,2,9,0,18,0,8,0,0,0,0,1,1,6,1,47,8,-1,-1,-1,4,1
20144100K0151,1,19,0,7,0,6,0,0,0,0,1,1,6,1,40,7,2198,2,5,-1,-1
20144100K0151,2,9,0,18,0,8,0,0,0,0,4,1,6,2,53,8,1124,1,12,10,1
20144100K0154,1,9,0,7,0,6,0,0,0,0,1,1,6,1,75,10,1597,1,15,6,1
20144100K0154,2,1,0,18,0,1,0,0,0,0,4,1,2,2,23,5,-1,-1,-1,6,1
20144100K0159,1,9,0,17,0,8,0,0,0,0,1,1,6,2,40,7,-1,-1,-1,4,1
20144100K0159,2,9,0,17,0,8,0,0,0,0,3,1,6,1,30,6,-1,-1,-1,5,1
20144100K0165,1,9,0,9,0,8,1,0,0,0,1,1,6,1,32,6,1794,1,7,2,1
20144100K0165,2,5,0,18,0,8,2,0,0,0,1,1,2,1,42,7,-1,-1,-1,6,3
20144100K0167,1,9,0,4,0,1,0,0,0,0,2,1,6,1,42,7,1783,1,11,7,2
20144100K0167,2,9,0,18,0,1,0,0,0,0,1,1,6,1,66,10,1796,1,12,6,1