Accident_Index,Vehicle_Reference,Vehicle_Type,Towing_and_Articulation,Vehicle_Manoeuvre,Vehicle_Location-Restricted_Lane,Junction_Location,Skidding_and_Overturning,Hit_Object_in_Carriageway,Vehicle_Leaving_Carriageway,Hit_Object_off_Carriageway,1st_Point_of_Impact,Was_Vehicle_Left_Hand_Drive?,Journey_Purpose_of_Driver,Sex_of_Driver,Age_of_Driver,Age_Band_of_Driver,Engine_Capacity_(CC),Propulsion_Code,Age_of_Vehicle,Driver_IMD_Decile,Driver_Home_Area_Type
20144100K0171,1,9,0,3,0,0,0,0,0,0,1,1,6,2,39,7,1461,2,7,5,1
20144100K0173,1,5,0,3,0,1,0,0,0,0,2,1,6,1,45,7,998,1,3,5,1
20144100K0173,2,9,0,4,0,1,0,0,0,0,1,1,3,2,39,7,1299,1,10,5,1
20144100K0173,3,9,0,18,0,2,0,0,0,0,3,1,6,2,53,8,1360,1,13,7,1
20144100K0174,1,9,0,18,0,4,0,0,0,0,1,1,6,3,-1,-1,-1,-1,-1,-1,-1
20144100K0174,2,9,0,18,0,3,0,0,0,0,2,1,6,1,44,7,2143,2,3,10,1
20144100K0175,1,19,0,3,0,8,0,0,0,0,2,1,1,1,37,7,2299,2,3,5,1
20144100K0175,2,9,0,4,0,8,0,0,0,0,1,1,6,2,29,6,1596,1,4,3,1
20144100K0180,1,9,0,18,0,2,0,0,0,0,1,1,6,1,-1,-1,-1,-1,-1,-1,-1
20144100K0181,1,21,1,18,0,6,0,0,0,0,1,2,1,1,21,5,-1,-1,-1,-1,-1
20144100K0181,2,9,0,18,0,8,0,0,0,0,2,1,2,2,60,9,1149,1,7,-1,-1
20144100K0182,1,9,0,3,0,1,0,0,0,0,2,1,6,2,45,7,1391,1,13,8,1
20144100K0182,2,9,0,4,0,1,1,0,0,0,1,1,6,1,19,4,1149,1,15,9,1
20144100K0183,1,9,0,10,0,1,0,0,0,0,2,1,6,1,54,8,2479,1,28,4,1
20144100K0183,2,9,0,18,0,1,0,0,0,0,1,1,6,2,25,5,1124,1,10,3,1
20144100K0191,1,19,0,13,0,8,2,10,7,10,1,1,6,1,23,5,2198,2,5,10,1
20144100K0191,2,9,0,18,0,8,0,0,0,0,2,1,6,2,71,10,1199,1,10,8,1
20144100K0191,3,9,0,18,0,1,0,0,0,0,0,1,6,3,-1,-1,-1,-1,-1,-1,-1
20144100K0195,1,9,0,9,0,6,0,0,0,0,1,1,6,1,19,4,-1,-1,-1,7,1
20144100K0195,2,9,0,18,0,8,0,0,0,0,4,1,2,1,36,7,1198,1,6,9,1
20144100K0197,1,9,0,5,0,2,0,0,0,0,1,1,2,1,42,7,996,1,3,-1,-1
20144100K0198,1,9,0,9,0,6,0,0,0,0,1,1,6,2,37,7,-1,-1,-1,5,1
20144100K0198,2,3,0,18,0,8,2,0,0,0,3,1,6,1,69,10,85,1,16,8,1
20144100K0198,3,9,0,2,0,2,0,0,0,0,3,1,6,3,-1,-1,-1,-1,-1,-1,-1
20144100K0209,1,9,0,5,0,1,0,0,0,0,1,1,6,1,-1,-1,1596,1,9,10,1
20144100K0209,2,9,0,5,0,1,0,0,0,0,2,1,2,1,36,7,1587,1,11,5,1
20144100K0211,1,9,0,18,0,1,0,0,0,0,1,1,6,1,44,7,1910,2,8,10,1
20144100K0211,2,9,0,8,0,1,0,0,0,0,2,1,6,2,48,8,1242,1,2,5,1
20144100K0213,1,9,0,18,0,1,0,0,0,0,1,1,6,2,55,8,-1,-1,-1,5,1
20144100K0213,2,9,0,3,0,1,0,0,0,0,2,1,1,1,54,8,1560,2,3,4,1
20144100K0221,1,9,0,18,0,1,0,0,0,0,1,1,6,1,24,5,1781,1,15,7,1
20144100K0221,2,9,0,3,0,1,0,0,0,0,2,1,6,2,26,6,1598,1,9,9,1
20144100K0224,1,9,0,18,0,0,0,0,0,0,1,1,6,3,-1,-1,-1,-1,-1,-1,-1
20144100K0227,1,9,0,5,0,1,0,0,0,0,1,1,6,2,40,7,-1,-1,-1,-1,-1
20144100K0227,2,9,0,5,0,1,0,0,0,0,2,1,6,2,42,7,1242,1,1,8,1
20144100K0230,1,9,0,18,0,1,0,0,0,0,1,1,6,1,44,7,2926,2,12,10,1
20144100K0230,2,9,0,4,0,1,0,0,0,0,2,1,6,1,42,7,1895,1,15,4,1
20144100K0231,1,9,0,18,0,1,0,0,0,0,1,1,6,1,60,9,1997,2,12,-1,-1
20144100K0231,2,9,0,3,0,1,0,0,0,0,2,1,6,2,17,4,1229,1,5,3,1
20144100K0231,3,9,0,10,0,1,0,0,0,0,0,1,6,3,-1,-1,-1,-1,-1,-1,-1
20144100K0234,1,9,0,12,0,0,0,0,0,0,3,1,6,1,-1,-1,1598,1,11,2,1
20144100K0234,2,3,0,18,0,0,0,0,0,0,1,1,6,1,20,4,125,1,4,8,1
20144100K0235,1,9,0,16,0,0,0,0,1,10,1,1,6,1,28,6,1386,1,11,7,1
20144100K0237,1,9,0,18,0,4,0,0,0,0,1,1,6,1,-1,-1,-1,-1,-1,7,1
20144100K0237,2,1,0,18,0,8,0,0,0,0,1,1,2,1,43,7,-1,-1,-1,9,1
20144100K0238,1,9,0,5,0,0,0,0,0,0,3,1,6,2,41,7,1984,1,11,4,1
20144100K0239,1,11,0,4,0,0,0,0,0,0,1,1,1,1,30,6,4500,2,6,-1,-1
20144100K0240,1,9,0,18,0,0,0,4,0,0,1,1,6,1,70,10,1999,1,6,6,1
20144100K0240,2,9,0,2,0,0,0,0,0,0,3,1,6,2,30,6,1598,2,1,10,1
20144100K0240,3,9,0,2,0,0,0,0,0,0,3,1,6,2,35,6,-1,-1,-1,10,1
20144100K0242,1,9,0,1,8,0,0,0,0,0,2,1,6,1,40,7,-1,-1,-1,-1,-1
20144100K0243,1,3,0,18,0,8,0,0,0,0,0,1,6,1,30,6,498,1,15,5,1
20144100K0244,1,9,0,9,0,5,0,0,0,0,4,1,2,1,25,5,-1,-1,-1,3,1
20144100K0244,2,3,0,18,0,8,1,0,0,0,1,1,6,1,47,8,125,1,3,6,1
20144100K0245,1,9,0,4,0,1,0,0,0,0,1,1,6,2,-1,-1,1984,1,3,5,1
20144100K0245,2,9,0,3,0,1,0,0,0,0,2,1,1,2,24,5,1248,2,4,2,1
20144100K0246,1,9,0,18,0,1,0,0,0,0,1,1,6,1,25,5,1995,2,1,-1,-1
20144100K0246,2,9,0,3,0,1,0,0,0,0,2,1,6,1,39,7,1600,1,9,7,1
20144100K0251,1,3,0,5,0,6,0,0,0,0,1,1,6,1,31,6,-1,-1,-1,3,1
20144100K0251,2,9,0,18,0,8,0,0,0,0,4,1,6,1,34,6,-1,-1,-1,2,1
20144100K0251,3,9,0,18,0,2,0,0,0,0,0,1,6,1,41,7,1229,1,6,-1,-1
20144100K0253,1,9,0,18,0,0,0,0,0,0,1,1,6,2,26,6,1560,2,-1,3,1
20144100K0259,1,3,0,4,0,0,0,7,0,0,1,1,1,1,18,4,125,1,5,5,1
20144100K0259,2,9,0,4,0,0,0,0,0,0,2,1,6,2,27,6,2179,2,1,8,1
20144100K0260,1,9,0,17,0,0,0,0,0,0,1,1,2,1,32,6,1796,1,8,9,1
20144100K0260,2,9,0,16,0,0,1,0,0,0,1,1,2,1,29,6,-1,-1,-1,8,1
20144100K0262,1,9,0,18,0,1,0,0,0,0,1,1,6,2,45,7,1587,1,10,10,1
20144100K0262,2,9,0,8,0,1,0,0,0,0,2,1,6,2,43,7,-1,-1,-1,9,2
20144100K0263,1,9,0,18,0,1,0,0,0,0,1,1,2,1,33,6,-1,-1,-1,-1,-1
20144100K0263,2,9,0,10,0,1,0,0,0,0,2,1,2,2,27,6,1360,1,15,6,1
20144100K0264,1,9,0,18,0,0,0,0,0,0,1,1,6,2,20,4,1229,1,9,10,1
20144100K0264,2,9,0,4,0,0,0,0,2,7,2,1,6,1,63,9,1598,1,9,7,1
20144100K0264,3,9,0,2,6,0,0,0,0,0,0,1,6,3,-1,-1,-1,-1,-1,-1,-1
20144100K0266,1,2,0,18,0,1,0,0,0,0,1,1,6,1,20,4,-1,-1,-1,-1,-1
20144100K0266,2,9,0,8,0,1,0,0,0,0,1,1,6,2,22,5,1242,1,1,3,1
20144100K0268,1,9,0,1,0,0,0,0,0,0,2,1,3,3,-1,-1,-1,-1,-1,-1,-1
20144100K0268,2,9,0,2,0,0,0,0,0,0,1,1,3,2,32,6,1995,2,4,5,1
20144100K0270,1,11,0,4,0,0,0,0,0,0,3,1,1,1,40,7,6370,2,5,9,1
20144100K0270,2,1,0,14,0,0,0,0,0,0,4,1,6,1,37,7,-1,-1,-1,6,1
20144100K0272,1,9,0,10,0,1,0,0,0,0,2,1,1,2,50,8,999,1,2,7,1
20144100K0272,2,3,0,18,0,1,0,0,0,0,1,1,2,1,25,5,125,1,-1,1,1
20144100K0278,1,9,0,18,0,1,0,0,0,0,1,1,6,1,-1,-1,1497,1,12,9,2
20144100K0278,2,9,0,8,0,1,0,0,0,0,2,1,1,2,22,5,998,1,5,9,1
20144100K0284,1,9,0,4,0,2,0,0,0,0,1,1,1,1,34,6,-1,-1,-1,6,1
20144100K0284,2,9,0,3,0,2,0,0,0,0,2,1,6,2,40,7,4197,1,9,3,1
20144100K0285,1,9,0,13,0,0,1,0,7,4,1,1,2,1,19,4,1398,1,1,7,1
20144100K0286,1,9,0,18,0,0,0,0,0,0,1,1,6,2,20,4,1598,2,-1,1,1
20144100K0286,2,9,0,3,0,0,0,0,0,0,2,1,6,2,63,9,2599,1,25,-1,-1
20144100K0286,3,9,0,3,0,0,0,0,0,0,2,1,6,1,48,8,-1,-1,-1,-1,-1
20144100K0286,4,9,0,18,0,0,0,0,0,0,1,1,2,2,31,6,1598,1,8,10,1
20144100K0288,1,19,0,18,0,1,0,0,0,0,1,1,1,1,18,4,1753,2,9,-1,-1
20144100K0288,2,9,0,4,0,1,0,0,0,0,2,1,1,1,30,6,1560,2,1,4,1
20144100K0290,1,9,0,18,0,8,0,0,0,0,4,1,6,1,72,10,1997,2,4,3,1
20144100K0290,2,1,0,18,4,8,0,0,0,0,3,1,1,2,24,5,-1,-1,-1,-1,-1
20144100K0294,1,9,0,3,0,0,0,0,0,0,2,1,6,1,20,4,1968,2,5,1,1
20144100K0294,2,9,0,3,0,0,0,0,0,0,2,1,2,2,28,6,-1,-1,-1,8,1
20144100K0294,3,9,0,18,0,0,0,0,0,0,1,1,6,1,40,7,2000,1,7,6,1
20144100K0296,1,9,0,4,0,0,0,0,0,0,1,1,6,1,17,4,1242,1,4,10,1
20144100K0296,2,9,0,4,0,0,0,0,0,0,2,1,6,2,41,7,2179,2,3,7,2
20144100K0298,1,9,0,18,0,1,1,0,0,0,1,1,6,1,22,5,1686,2,2,-1,-1
20144100K0298,2,9,0,3,0,1,0,0,0,0,2,1,1,1,63,9,-1,-1,-1,3,1
20144100K0300,1,9,0,4,0,0,0,0,0,0,1,1,6,2,40,7,2497,1,11,7,1
20144100K0300,2,9,0,4,0,0,0,0,0,0,2,1,2,1,40,7,1998,2,9,10,2
20144100K0300,3,9,0,4,0,0,0,0,0,0,2,1,2,1,50,8,-1,-1,-1,7,1
20144100K0304,1,9,0,18,0,1,0,0,0,0,1,1,6,1,30,6,1753,2,5,-1,-1
20144100K0304,2,9,0,5,0,1,0,0,0,0,2,1,6,2,30,6,-1,-1,-1,9,1
20144100K0305,1,9,0,18,0,0,1,0,4,6,1,1,2,1,21,5,1587,1,12,1,1
20144100K0307,1,9,0,11,0,0,0,0,0,0,4,1,1,1,30,6,1796,1,9,2,1
20144100K0307,2,4,0,18,0,0,0,0,0,0,3,1,1,1,48,8,-1,-1,-1,10,1
20144100K0312,1,9,0,16,0,2,0,0,0,0,1,1,6,2,52,8,1796,1,3,-1,-1
20144100K0313,1,9,0,9,0,5,0,0,0,0,1,1,6,2,64,9,1834,1,11,8,3
20144100K0313,2,9,0,3,0,8,0,0,0,0,3,1,6,1,38,7,1598,1,10,8,1
20144100K0316,1,9,0,18,0,0,0,0,1,4,1,1,6,1,58,9,1996,1,13,2,1
20144100K0342,1,9,0,18,0,1,0,0,0,0,4,1,6,3,-1,-1,1900,2,10,-1,-1
20144100K0342,2,3,0,15,0,1,0,8,1,0,1,1,6,1,20,4,124,1,2,2,1
20144100K0345,1,9,0,18,0,0,1,0,1,4,1,1,6,1,24,5,-1,-1,-1,9,2
20144100K0346,1,9,0,3,0,6,0,0,0,0,1,1,6,1,45,7,1598,1,10,8,1
20144100K0346,2,1,0,9,0,5,0,0,0,0,1,1,6,1,68,10,-1,-1,-1,5,1
20144100K0347,1,9,0,18,0,2,0,0,0,0,1,1,6,2,-1,-1,1598,2,5,-1,-1
20144100K0354,1,21,1,18,0,1,1,0,0,0,1,1,1,1,54,8,-1,-1,-1,5,1
20144100K0354,2,9,0,4,0,1,0,0,0,0,2,1,6,2,39,7,1587,1,13,-1,-1
20144100K0359,1,9,0,18,0,0,0,0,0,0,1,1,3,1,47,8,-1,-1,-1,8,1
20144100K0359,2,17,0,18,0,0,0,0,0,0,2,1,1,1,51,8,4233,2,13,9,2
20144100K0364,1,4,0,14,0,8,0,0,0,0,1,1,1,1,20,4,124,1,2,2,1
20144100K0364,2,9,0,9,0,5,0,0,0,0,3,1,1,1,19,4,-1,-1,-1,9,1
20144100K0366,1,1,0,18,0,4,0,0,0,0,0,1,6,1,18,4,-1,-1,-1,-1,-1
20144100K0366,2,9,0,9,0,8,0,0,0,0,0,1,2,2,31,6,1198,1,4,3,1
20144100K0372,1,1,0,18,0,8,0,0,0,0,4,1,6,1,17,4,-1,-1,-1,2,1
20144100K0372,2,9,0,9,0,6,0,0,0,0,1,1,6,2,68,10,1995,2,1,6,1
20144100K0375,1,9,0,16,0,8,0,0,0,0,1,1,6,1,45,7,-1,-1,-1,-1,-1
20144100K0375,2,9,0,17,0,8,0,0,1,10,3,1,6,1,37,7,1896,2,7,8,1
20144100K0375,3,9,0,17,0,8,0,0,0,0,1,1,6,1,20,4,-1,-1,-1,9,2
20144100K0377,1,9,0,18,0,1,0,0,0,0,1,1,6,2,21,5,1242,1,10,2,1
20144100K0377,2,9,0,10,0,1,0,0,0,0,2,1,6,1,62,9,1896,2,12,-1,-1
20144100K0378,1,9,0,4,0,1,0,0,0,0,1,1,6,1,37,7,1560,2,2,3,1
20144100K0378,2,9,0,3,0,1,0,0,0,0,2,1,6,2,31,6,1596,1,12,8,1
20144100K0381,1,19,0,4,0,6,0,0,0,0,1,1,6,1,21,5,-1,-1,-1,10,1
20144100K0381,2,1,0,4,0,6,0,0,0,0,2,1,6,1,61,9,-1,-1,-1,10,1
20144100K0383,1,9,0,18,0,8,5,10,2,2,4,1,6,2,17,4,875,1,3,8,1
20144100K0390,1,9,0,11,0,0,0,0,0,0,1,1,6,1,40,7,1149,1,12,10,2
20144100K0390,2,9,0,3,0,0,0,0,0,0,2,1,6,1,49,8,2148,2,8,7,1
20144100K0394,1,9,0,18,0,2,0,0,0,0,3,1,6,2,61,9,-1,-1,-1,9,1
20144100K0394,2,1,0,18,0,2,0,0,0,0,1,1,6,1,68,10,-1,-1,-1,8,1
20144100K0399,1,9,0,18,0,0,0,0,0,0,1,1,6,1,34,6,-1,-1,-1,8,1
20144100K0399,2,1,0,18,0,0,0,0,0,0,4,1,6,1,10,2,-1,-1,-1,8,1
20144100K0401,1,9,0,18,0,0,0,0,0,0,1,1,6,2,27,6,1587,1,9,4,1
20144100K0402,1,9,0,18,0,0,1,0,0,0,1,1,6,1,22,5,-1,-1,-1,6,1
20144100K0402,2,9,0,18,0,0,0,0,0,0,1,1,6,2,48,8,1968,2,2,10,1
20144100K0403,1,9,0,7,0,5,0,0,0,0,0,1,6,3,-1,-1,1995,2,5,-1,-1
20144100K0403,2,1,0,18,0,1,0,0,0,0,0,1,6,1,35,6,-1,-1,-1,8,1
20144100K0407,1,9,0,18,0,4,0,0,0,0,1,1,6,2,55,8,1999,1,6,-1,-1
20144100K0407,2,9,0,7,0,4,0,0,0,0,4,1,2,1,59,9,1590,1,12,10,1
20144100K0409,1,9,0,18,0,1,5,0,4,6,2,1,2,1,37,7,-1,-1,-1,-1,-1
20144100K0409,2,9,0,18,0,1,0,0,0,0,0,1,6,2,40,7,1797,8,2,10,1
20144100K0412,1,9,0,18,0,0,0,0,0,0,4,1,1,2,58,9,3199,1,14,10,1
20144100K0417,1,9,0,9,0,2,0,0,0,0,3,1,6,2,54,8,1910,2,11,3,1
20144100K0417,2,5,0,13,0,2,1,0,1,0,4,1,1,1,52,8,-1,-1,-1,6,1
20144100K0419,1,9,0,18,0,1,0,0,0,0,1,1,6,2,30,6,1399,1,4,8,1
20144100K0419,2,9,0,4,0,1,0,0,0,0,2,1,6,2,35,6,1397,1,6,10,2
20144100K0419,3,9,0,4,0,1,0,0,0,0,2,1,6,2,40,7,1910,2,6,2,1
20144100K0427,1,9,0,18,0,1,1,10,7,10,2,1,6,1,75,10,1799,1,20,5,1
20144100K0427,2,9,0,12,0,1,0,0,0,0,1,1,6,3,-1,-1,-1,-1,-1,-1,-1
20144100K0433,1,1,0,18,0,8,0,0,0,0,1,1,6,1,30,6,-1,-1,-1,-1,-1
20144100K0433,2,9,0,7,0,3,0,0,0,0,4,1,6,1,35,6,1686,2,10,8,1
20144100K0435,1,9,0,3,0,1,0,0,0,0,2,1,6,2,25,5,-1,-1,-1,5,1
20144100K0435,2,9,0,18,0,1,0,0,0,0,1,1,6,1,-1,-1,1968,2,-1,-1,-1
20144100K0436,1,8,0,9,0,5,0,0,0,0,1,1,1,1,64,9,1997,2,3,-1,-1
20144100K0436,2,1,0,18,0,8,0,0,0,0,3,1,6,1,57,9,-1,-1,-1,3,1
20144100K0439,1,9,0,1,0,5,0,0,0,0,2,1,1,1,57,9,2996,1,7,9,1
20144100K0445,1,9,0,18,0,0,0,0,7,3,1,1,6,2,83,11,1995,1,7,10,2
20144100K0447,1,9,0,18,0,0,0,0,0,0,1,1,6,1,74,10,-1,-1,-1,8,1
20144100K0447,2,1,0,18,0,0,0,0,0,0,1,1,6,1,20,4,-1,-1,-1,5,1
20144100K0449,1,9,0,14,0,8,0,0,0,0,1,1,6,1,39,7,2893,1,4,5,1
20144100K0449,2,9,0,18,0,8,5,0,0,0,1,1,6,1,83,11,1339,1,6,7,1
20144100K0450,1,9,0,7,0,0,0,0,0,0,4,1,6,2,64,9,1198,1,2,7,1
20144100K0450,2,1,0,15,0,0,0,0,0,0,1,1,6,1,25,5,-1,-1,-1,-1,-1
20144100K0451,1,9,0,18,0,0,0,0,0,0,1,1,2,1,34,6,1896,2,10,3,1
20144100K0451,2,90,0,18,0,0,0,0,0,0,2,1,1,1,53,8,-1,3,29,4,2
20144100K0453,1,9,0,18,0,8,0,0,0,0,4,1,6,1,80,11,1560,2,8,8,1
20144100K0453,2,9,0,9,0,6,0,0,0,0,1,1,6,2,24,5,1229,1,7,4,1
20144100K0455,1,9,0,18,0,0,0,0,0,0,1,1,6,1,46,8,1339,8,8,5,1
20144100K0455,2,9,0,3,0,0,0,0,0,0,2,1,6,2,28,6,1796,1,10,3,1
20144100K0455,3,9,0,3,0,0,0,0,0,0,2,1,6,1,77,11,1995,2,9,9,1
20144100K0457,1,9,0,7,0,8,0,0,0,0,4,1,6,1,50,8,-1,-1,-1,-1,-1
20144100K0457,2,1,0,18,0,8,0,0,0,0,3,1,1,1,23,5,-1,-1,-1,3,1
20144100K0460,1,9,0,18,0,1,0,0,0,0,1,1,6,1,30,6,-1,-1,-1,-1,-1
20144100K0460,2,9,0,3,0,1,0,0,0,0,2,1,6,1,35,6,2497,2,2,4,1
20144100K0461,1,9,0,18,0,1,0,0,0,0,1,1,6,1,21,5,1896,2,6,7,1
20144100K0461,2,9,0,3,0,1,0,0,0,0,2,1,6,2,27,6,999,1,14,4,1
20144100K0462,1,9,0,7,0,1,0,0,0,0,1,1,2,1,68,10,1598,1,12,-1,-1
20144100K0462,2,1,0,18,0,6,1,0,0,0,3,1,6,1,13,3,-1,-1,-1,-1,-1
20144100K0463,1,2,0,18,0,0,0,0,0,0,1,1,6,1,18,4,49,1,1,-1,-1
20144100K0463,2,9,0,18,0,0,0,0,0,0,2,1,6,1,61,9,1582,2,-1,8,1
20144100K0469,1,9,0,13,0,8,0,0,0,0,4,1,3,2,40,7,2148,2,9,6,1
20144100K0469,2,1,0,18,0,8,0,0,1,0,3,1,2,1,38,7,-1,-1,-1,10,1
20144100K0473,1,9,0,18,0,1,0,0,0,0,1,1,6,1,30,6,-1,-1,-1,-1,-1
20144100K0473,2,19,0,3,0,1,0,0,0,0,2,1,6,1,45,7,1560,2,6,-1,-1
20144100K0473,3,9,0,3,0,1,0,0,0,0,2,1,1,1,21,5,1596,1,1,2,1
20144100K0477,1,9,0,8,0,1,0,0,0,0,1,1,6,1,33,6,1910,2,4,2,1
20144100K0477,2,9,0,8,0,1,0,0,0,0,2,1,2,2,49,8,2000,2,8,8,1
20144100K0481,1,1,0,18,0,8,0,0,0,0,2,1,2,1,33,6,-1,-1,-1,7,1
20144100K0481,2,19,0,18,0,8,0,0,0,0,1,1,6,1,56,9,1248,2,6,5,1
20144100K0483,1,9,0,5,0,8,0,0,0,0,4,1,6,2,24,5,1299,1,12,3,1
20144100K0483,2,1,0,5,0,8,0,0,0,0,3,1,6,1,64,9,-1,-1,-1,2,1
20144100K0485,1,2,0,18,0,0,0,0,0,0,1,1,1,1,30,6,535,1,16,1,1
20144100K0485,2,9,0,18,0,0,0,0,0,0,1,1,1,1,25,5,-1,-1,-1,4,1
20144100K0491,1,9,0,9,0,6,0,0,0,0,3,1,6,2,55,8,1686,2,-1,3,1
20144100K0491,2,4,0,18,0,1,1,0,0,0,1,1,6,1,19,4,125,1,-1,5,1
20144100K0496,1,9,0,7,0,6,0,0,0,0,1,1,1,2,50,8,1339,1,6,8,1
20144100K0496,2,1,0,9,0,6,0,0,0,0,2,1,6,2,40,7,-1,-1,-1,5,1
20144100K0498,1,9,0,17,0,1,0,0,0,0,1,1,1,1,18,4,998,1,5,10,1
20144100K0498,2,9,0,1,0,6,0,0,0,0,2,1,1,2,23,5,1242,1,8,10,1
20144100K0501,1,9,0,12,0,0,5,0,7,7,2,1,2,1,21,5,1390,1,10,1,1
20144100K0501,2,9,0,18,0,0,0,0,7,7,1,1,2,1,36,7,1798,1,8,-1,1
20144100K0502,1,5,0,18,0,0,0,0,0,0,1,1,6,3,-1,-1,-1,-1,-1,-1,-1
20144100K0503,1,9,0,18,0,0,1,0,7,3,4,1,6,1,22,5,1996,1,16,9,3
20144100K0505,1,21,0,18,0,0,0,0,0,0,3,1,1,1,52,8,5193,2,6,1,1
20144100K0505,2,9,0,2,0,0,0,0,0,0,4,1,6,1,46,8,1753,2,13,4,1
20144100K0507,1,9,0,9,0,8,0,0,0,0,3,1,6,1,29,6,1596,1,8,3,1
20144100K0507,2,9,0,18,0,8,0,0,0,0,4,1,6,1,39,7,-1,-1,-1,7,1
20144100K0508,1,9,0,4,0,1,0,0,0,0,1,1,6,2,33,6,999,1,15,10,1
20144100K0508,2,9,0,4,0,1,0,0,0,0,2,1,6,2,32,6,1149,1,5,4,1
20144100K0509,1,3,0,4,0,0,1,0,0,0,1,1,1,2,27,6,114,1,1,7,1
20144100K0509,2,9,0,4,0,0,0,0,0,0,2,1,2,1,32,6,2204,2,8,9,3
20144100K0510,1,9,0,18,0,0,0,0,1,3,1,1,2,1,20,4,1590,1,9,5,1
20144100K0511,1,9,0,4,0,4,0,0,0,0,2,1,6,2,53,8,1598,1,13,3,1
20144100K0511,2,9,0,5,0,4,0,0,0,0,1,1,6,1,22,5,1998,1,6,6,1
20144100K0513,1,9,0,9,0,3,1,0,1,10,1,1,6,1,18,4,1198,1,10,10,1
20144100K0517,1,9,0,9,0,4,0,0,0,0,3,1,6,1,27,6,1587,1,13,7,1
20144100K0517,2,1,0,13,0,8,0,0,0,0,1,1,6,2,60,9,-1,-1,-1,3,1
20144100K0518,1,9,0,9,0,8,0,0,0,0,1,1,2,2,42,7,1596,1,7,10,1
20144100K0518,2,1,0,18,0,8,0,0,0,0,2,1,6,1,75,10,-1,-1,-1,2,1
20144100K0521,1,8,0,9,0,6,0,0,0,0,1,1,6,1,-1,-1,-1,-1,-1,-1,-1
20144100K0521,2,1,0,18,0,8,0,0,0,0,4,1,6,1,27,6,-1,-1,-1,8,1
20144100K0523,1,9,0,9,0,8,0,0,0,0,4,1,2,2,28,6,1242,1,-1,6,1
20144100K0523,2,20,0,18,0,4,0,0,0,0,1,1,1,1,55,8,2402,2,6,4,1
20144100K0524,1,9,0,16,0,1,1,0,0,0,1,1,6,1,18,4,1388,1,7,7,1
20144100K0524,2,9,0,17,0,1,0,0,7,0,1,1,6,2,39,7,1149,1,6,6,1
20144100K0526,1,9,0,9,0,5,0,0,0,0,1,1,6,2,46,8,-1,-1,-1,2,1
20144100K0526,2,9,0,18,0,8,0,7,0,0,1,1,6,1,32,6,1968,2,7,10,1
20144100K0527,1,9,0,9,0,5,0,0,0,0,4,1,6,1,67,10,1587,1,21,10,1
20144100K0527,2,3,0,18,0,8,0,0,0,0,1,1,6,1,17,4,49,1,3,8,1
20144100K0536,1,9,0,18,0,0,0,0,1,10,4,1,6,1,62,9,1997,2,-1,6,1
20144100K0540,1,9,0,18,0,3,2,0,1,7,1,1,6,1,22,5,1242,1,7,7,1
20144100K0541,1,9,0,17,0,0,2,0,1,4,1,1,2,2,28,6,1242,1,10,7,1
20144100K0549,1,9,0,3,0,0,0,0,0,0,2,1,6,2,45,7,1796,1,7,6,1
20144100K0549,2,9,0,4,0,0,0,0,0,0,1,1,6,1,22,5,1199,1,10,6,1
20144100K0550,1,9,0,18,0,0,0,0,0,0,1,1,6,1,30,6,-1,-1,-1,8,1
20144100K0550,2,9,0,12,0,0,0,0,0,0,2,1,6,1,40,7,-1,-1,-1,4,1
20144100K0551,1,9,0,9,0,5,0,0,0,0,4,1,6,1,36,7,1781,1,11,5,1
20144100K0551,2,5,0,18,0,8,0,0,0,0,1,1,6,1,26,6,999,1,4,5,1
20144100K0551,3,9,0,18,0,8,0,0,0,0,1,1,6,1,19,4,1242,1,7,4,1
20144100K0552,1,9,0,18,0,1,0,0,0,0,1,1,6,1,32,6,1242,1,12,-1,-1
20144100K0552,2,9,0,4,0,1,0,0,0,0,2,1,6,2,52,8,1997,2,1,4,1
20144100K0554,1,19,0,9,0,5,0,0,0,0,4,1,1,1,26,6,1995,2,1,10,1
20144100K0554,2,9,0,18,0,8,0,0,0,0,1,1,6,2,40,7,2198,1,7,6,1
20144100K0555,1,9,0,4,0,1,0,0,0,0,1,1,6,3,-1,-1,-1,-1,-1,-1,-1
20144100K0557,1,20,0,4,0,0,1,0,0,0,1,1,1,1,43,7,4461,2,5,5,1
20144100K0557,2,21,4,4,0,0,0,0,0,0,2,1,1,1,47,8,10308,2,4,6,1
20144100K0559,1,8,0,18,0,1,0,0,0,0,1,1,1,1,63,9,1997,2,3,3,1
20144100K0562,1,9,0,5,0,1,0,0,0,0,1,1,6,1,74,10,998,1,-1,4,1
20144100K0562,2,9,0,3,0,1,0,0,0,0,2,1,6,2,18,4,-1,-1,-1,4,1
20144100K0570,1,9,0,18,0,1,0,0,0,0,1,1,1,2,42,7,1997,2,1,10,1
20144100K0570,2,9,0,8,0,1,0,0,0,0,2,1,3,2,30,6,1229,1,3,5,1
20144100K0571,1,9,0,9,0,5,0,0,0,0,1,1,6,1,82,11,1149,1,-1,7,1
20144100K0574,1,9,0,18,0,8,0,0,0,0,1,1,6,2,30,6,1896,2,11,3,1
20144100K0574,2,9,0,9,0,8,0,0,0,0,4,1,6,2,41,7,1364,1,10,2,1
20144100K0576,1,9,0,18,0,0,0,0,0,0,4,1,6,1,80,11,-1,-1,-1,5,1
20144100K0576,2,20,0,2,0,0,0,0,0,0,0,1,6,1,52,8,-1,-1,-1,-1,1
20144100K0583,1,8,0,4,0,0,0,0,0,0,1,1,6,1,64,9,1596,1,9,3,1
20144100K0583,2,9,0,4,0,0,0,0,0,0,2,1,6,1,47,8,998,1,6,2,1
20144100K0587,1,9,0,4,0,1,0,0,0,0,3,1,6,2,22,5,1198,1,1,4,1