Accident_Index,Vehicle_Reference,Vehicle_Type,Towing_and_Articulation,Vehicle_Manoeuvre,Vehicle_Location-Restricted_Lane,Junction_Location,Skidding_and_Overturning,Hit_Object_in_Carriageway,Vehicle_Leaving_Carriageway,Hit_Object_off_Carriageway,1st_Point_of_Impact,Was_Vehicle_Left_Hand_Drive?,Journey_Purpose_of_Driver,Sex_of_Driver,Age_of_Driver,Age_Band_of_Driver,Engine_Capacity_(CC),Propulsion_Code,Age_of_Vehicle,Driver_IMD_Decile,Driver_Home_Area_Type
20144100K0587,2,9,0,18,0,1,0,0,0,0,1,1,6,2,44,7,1149,1,8,5,1
20144100K0587,3,19,0,6,0,2,0,0,0,0,1,1,6,3,-1,-1,-1,-1,-1,-1,-1
20144100K0588,1,9,0,5,0,0,0,0,0,0,1,1,6,2,68,10,-1,-1,-1,6,1
20144100K0593,1,9,0,18,0,0,0,0,0,0,1,1,2,2,29,6,1498,1,6,5,1
20144100K0594,1,20,1,3,0,0,0,0,0,0,2,1,1,1,59,9,-1,-1,-1,5,1
20144100K0594,2,9,0,18,0,0,0,0,0,0,1,1,1,1,43,7,1870,2,7,5,1
20144100K0595,1,9,0,18,0,8,0,0,0,0,1,1,6,2,50,8,1388,1,8,3,1
20144100K0595,2,9,0,9,0,8,0,0,0,0,1,1,6,2,20,4,-1,-1,-1,4,1
20144100K0601,1,9,0,7,0,5,0,0,0,0,4,1,6,1,47,8,1299,1,14,-1,-1
20144100K0601,2,1,0,18,0,8,0,0,0,0,3,1,6,1,58,9,-1,-1,-1,4,1
20144100K0602,1,9,0,18,0,4,0,0,0,0,1,1,6,1,69,10,1360,1,9,8,1
20144100K0602,2,9,0,17,0,8,0,0,0,0,4,1,3,2,27,6,1242,1,10,8,1
20144100K0608,1,9,0,18,7,0,0,4,1,0,1,1,6,1,58,9,-1,-1,-1,3,1
20144100K0608,2,21,0,2,6,0,0,0,0,0,2,1,1,1,-1,-1,-1,-1,-1,-1,-1
20144100K0615,1,9,0,4,0,2,0,0,0,0,1,1,6,1,28,6,1956,2,2,4,1
20144100K0615,2,9,0,3,0,2,0,0,0,0,2,1,6,2,21,5,1991,2,4,9,2
20144100K0623,1,9,0,18,9,2,0,0,7,0,4,1,6,2,80,11,1199,1,12,5,1
20144100K0623,2,9,0,4,0,1,0,0,0,0,4,1,1,1,30,6,1248,2,-1,6,1
20144100K0624,1,5,0,18,0,8,0,0,0,0,4,1,6,1,29,6,599,1,12,9,1
20144100K0624,2,9,0,5,0,6,0,0,0,0,1,1,6,1,29,6,1388,1,11,6,1
20144100K0625,1,9,0,18,0,0,0,0,0,0,1,1,6,1,19,4,1388,1,11,8,1
20144100K0627,1,19,0,9,0,5,0,0,0,0,1,1,1,1,41,7,-1,-1,-1,-1,-1
20144100K0639,1,20,0,18,0,0,0,0,0,0,1,1,6,1,30,6,3920,2,6,10,1
20144100K0639,2,9,0,18,0,0,0,0,0,0,2,1,6,3,-1,-1,-1,-1,-1,-1,-1
20144100K0640,1,9,0,5,9,6,0,0,0,0,4,1,1,1,31,6,1582,2,-1,2,1
20144100K0640,2,1,0,18,9,8,0,0,0,0,1,1,6,1,17,4,-1,-1,-1,5,1
20144100K0642,1,9,0,18,0,8,0,0,2,10,1,1,6,1,23,5,1299,1,13,4,1
20144100K0642,2,9,0,9,0,5,0,0,2,10,1,1,6,1,17,4,1149,1,4,8,1
20144100K0654,1,9,0,4,0,1,0,0,0,0,2,1,6,2,35,6,1229,1,6,10,1
20144100K0654,2,9,0,4,0,1,0,0,0,0,1,1,6,2,57,9,-1,-1,-1,7,1
20144100K0658,1,9,0,18,0,1,0,10,4,1,1,1,6,1,29,6,2148,2,9,3,1
20144100K0659,1,2,0,18,0,2,1,0,0,0,1,1,6,1,25,5,-1,-1,-1,-1,-1
20144100K0659,2,9,0,3,0,1,0,0,0,0,1,1,6,2,32,6,1596,1,8,3,1
20144100K0663,1,9,0,9,0,8,0,0,0,0,1,1,6,2,27,6,-1,-1,-1,-1,-1
20144100K0663,2,9,0,18,0,8,0,0,0,0,1,1,6,1,41,7,-1,-1,-1,9,1
20144100K0664,1,9,0,12,0,1,0,0,0,0,3,1,6,1,21,5,1149,1,6,-1,-1
20144100K0664,2,9,0,18,0,1,0,0,0,0,4,1,6,1,19,4,1368,1,8,8,1
20144100K0669,1,9,0,9,0,5,0,0,0,0,1,1,6,1,27,6,1587,1,15,7,1
20144100K0670,1,19,0,18,0,0,1,0,0,0,1,1,1,1,62,9,1896,2,5,3,1
20144100K0673,1,9,0,18,0,8,0,4,0,0,1,1,6,1,19,4,998,1,5,5,1
20144100K0673,2,9,0,9,0,6,0,0,0,0,3,1,6,2,50,8,1242,1,6,4,1
20144100K0673,3,9,0,2,0,8,0,0,0,0,3,1,6,1,40,7,2993,2,-1,3,1
20144100K0674,1,9,0,5,0,6,0,0,0,0,3,1,6,1,40,7,1997,1,2,10,1
20144100K0674,2,4,0,18,0,8,0,0,0,0,1,1,6,1,30,6,244,1,12,4,1
20144100T1001,1,9,0,11,0,5,2,0,1,0,1,1,2,1,60,9,2446,1,12,5,1
20144100T1001,2,9,0,18,0,1,0,0,0,0,2,1,4,2,48,8,1998,1,12,5,1
20144100T1006,1,9,0,18,0,0,1,0,2,6,1,1,6,1,56,9,-1,-1,-1,9,1
20144100T1009,1,9,0,17,0,0,0,0,4,6,1,1,1,1,29,6,-1,-1,-1,-1,1
20144100T1011,1,9,0,18,0,0,0,0,0,0,1,1,6,2,31,6,1995,2,9,3,1
20144100T1013,1,9,0,16,0,0,1,0,0,0,4,1,6,1,38,7,1998,1,9,8,1
20144100T1013,2,9,0,17,0,0,0,0,0,0,3,1,6,1,60,9,1998,1,7,10,1
20144100T1015,1,9,0,18,0,0,0,0,0,0,1,1,6,1,35,6,1686,2,9,-1,-1
20144100T1015,2,9,0,18,0,0,0,0,0,0,2,1,1,2,32,6,1560,2,5,7,1
20144100T1016,1,21,1,18,0,0,0,0,0,0,3,2,1,1,42,7,-1,-1,-1,-1,-1
20144100T1016,2,9,0,11,0,0,1,0,1,7,4,1,2,1,33,6,1995,2,12,4,1
20144100T1017,1,9,0,11,0,0,5,0,0,0,3,1,6,1,23,5,1596,1,5,5,1
20144100T1017,2,9,0,18,0,0,0,0,0,0,4,1,6,2,42,7,2099,1,11,7,1
20144100T1019,1,21,1,4,0,0,1,0,0,0,1,1,1,1,34,6,10837,2,3,2,1
20144100T1019,2,9,0,4,0,0,1,0,1,7,2,1,6,1,25,5,1398,1,1,8,1
20144100T1020,1,20,0,18,0,0,0,0,4,6,1,1,1,1,23,5,-1,-1,-1,5,1
20144100T1020,2,9,0,18,0,0,0,0,8,6,2,1,6,2,31,6,1364,1,7,5,1
20144100T1022,1,9,0,4,0,0,0,0,0,0,1,1,2,1,29,6,1998,1,10,6,1
20144100T1022,2,9,0,4,0,0,0,0,0,0,2,1,2,1,54,8,-1,-1,-1,4,1
20144100T1022,3,19,0,4,0,0,0,0,0,0,2,1,2,2,40,7,-1,-1,-1,2,1
20144100T1022,4,9,0,4,0,0,0,0,0,0,2,1,2,1,46,8,1598,2,1,3,2
20144100T1024,1,9,0,11,0,0,0,0,0,0,1,1,6,1,75,10,998,1,13,3,1
20144100T1024,2,19,0,18,0,0,0,0,0,0,2,1,2,1,42,7,1995,2,3,10,1
20144100T1025,1,9,0,18,0,0,0,0,8,6,1,1,6,1,35,6,2000,2,5,3,1
20144100T1027,1,9,0,11,0,8,1,0,0,0,4,1,6,1,35,6,1968,2,1,10,1
20144100T1027,2,9,0,18,0,8,1,0,7,6,3,1,6,2,-1,-1,1596,1,9,2,1
20144100T1028,1,9,0,18,0,0,1,0,1,0,1,1,2,1,55,8,1997,2,16,7,3
20144100T1028,2,9,0,4,0,0,1,0,0,0,1,1,2,1,43,7,1198,1,1,4,1
20144100T1028,3,19,0,4,0,0,1,0,0,0,2,1,1,1,33,6,1560,2,5,7,1
20144100T1030,1,9,0,11,0,0,0,0,0,0,0,1,6,1,40,7,1968,2,5,5,1
20144100T1030,2,5,0,18,0,0,0,0,0,0,0,1,2,1,44,7,656,1,4,9,1
20144100T1031,1,9,0,18,0,0,0,0,0,0,1,1,6,1,59,9,-1,-1,-1,-1,-1
20144100T1031,2,9,0,4,0,0,0,0,0,0,2,1,6,1,41,7,5000,1,4,9,1
20144100T1031,3,9,0,4,0,0,0,0,0,0,2,1,6,1,32,6,2987,2,8,5,1
20144100T1031,4,9,0,4,0,0,0,0,0,0,0,1,6,3,-1,-1,-1,-1,-1,-1,-1
20144100T1032,1,9,0,16,0,0,1,0,5,6,3,1,6,1,30,6,1968,2,2,5,1
20144100T1039,1,9,0,18,0,0,0,0,1,7,4,1,6,1,26,6,2000,2,4,-1,-1
20144100T1039,2,21,1,18,0,0,0,0,0,0,3,1,1,1,59,9,10518,2,4,6,1
20144100T1040,1,9,0,18,0,0,0,0,0,0,0,1,6,1,66,10,1968,2,7,-1,-1
20144100T1042,1,9,0,11,0,0,0,0,0,0,4,1,6,1,38,7,1896,2,9,4,1
20144100T1042,2,9,0,18,0,0,0,0,1,4,3,1,6,2,38,7,-1,-1,-1,3,1
20144100T1043,1,5,0,18,0,0,0,0,0,0,1,1,6,1,57,9,-1,-1,-1,3,1
20144100T1043,2,9,0,18,0,0,0,0,0,0,2,1,6,2,44,7,1388,1,10,10,1
20144100T1044,1,9,0,18,0,0,0,0,1,7,1,1,6,1,57,9,-1,-1,-1,9,1
20144100T1044,2,9,0,4,0,0,0,0,1,0,2,1,6,1,31,6,1896,2,7,4,1
20144100T1044,3,9,0,18,0,0,1,0,0,0,1,1,6,1,63,9,1998,1,8,9,1
20144100T1044,4,8,0,18,0,0,0,0,0,0,1,1,1,1,36,7,1997,2,3,4,1
20144100T1044,5,19,0,18,0,0,2,0,5,6,1,1,2,1,42,7,2198,2,7,4,1
20144100T1045,1,21,1,11,0,0,0,0,0,0,4,1,1,1,30,6,12777,2,2,5,3
20144100T1045,2,9,0,18,0,0,0,0,0,0,3,1,6,1,27,6,1587,1,12,2,1
20144100T1045,3,9,0,18,0,0,0,0,0,0,4,1,6,1,40,7,2200,1,13,5,1
20144100T1047,1,21,1,12,0,0,0,0,0,0,3,2,1,1,28,6,-1,-1,-1,-1,-1
20144100T1047,2,9,0,18,0,0,1,0,1,7,4,1,1,2,28,6,1598,1,2,7,1
20144100T1049,1,9,0,4,0,0,0,0,0,0,1,1,1,1,32,6,998,1,5,3,1
20144100T1049,2,9,0,4,0,0,0,0,0,0,2,1,1,2,28,6,1248,2,7,4,2
20144100T1050,1,9,0,18,0,8,0,0,2,7,4,1,6,1,41,7,1896,2,12,1,1
20144100T1052,1,9,0,18,0,0,0,0,0,0,0,1,6,3,-1,-1,-1,-1,-1,-1,-1
20144100T1052,2,9,0,18,0,0,0,0,7,7,0,1,6,1,27,6,1910,2,7,5,2
20144100T1054,1,9,0,18,0,0,1,0,1,7,4,1,6,2,20,4,1149,1,11,4,1
20144100T1054,2,9,0,18,0,0,0,0,1,7,3,1,6,2,59,9,1598,1,13,6,1
20144100T1058,1,9,0,18,0,8,2,0,0,0,1,1,1,1,41,7,-1,-1,-1,3,1
20144100T1058,2,21,1,18,0,8,0,0,0,0,2,1,1,1,69,10,-1,-1,-1,-1,-1
20144100T1060,1,21,1,11,0,0,0,0,0,0,0,1,6,3,-1,-1,-1,-1,-1,-1,-1
20144100T1060,2,21,1,18,0,0,1,0,0,0,1,1,1,1,46,8,11967,2,2,5,1
20144100T1060,3,21,1,18,0,0,0,0,0,0,2,1,1,1,51,8,12900,2,2,-1,-1
20144100T1062,1,9,0,11,0,0,1,0,1,7,1,1,6,1,35,6,2143,2,3,4,1
20144100T1063,1,19,0,11,0,1,1,0,1,7,4,1,1,1,43,7,1560,2,6,4,1
20144100T1064,1,9,0,18,0,0,1,0,0,0,1,1,6,1,33,6,-1,-1,-1,5,1
20144100T1064,2,9,0,18,0,0,0,0,0,0,2,1,6,2,66,10,1598,1,11,1,1
20144100T1067,1,9,0,12,8,0,0,0,0,0,2,1,1,1,45,7,1560,2,7,5,1
20144100T1067,2,19,0,18,0,0,0,0,0,0,1,1,6,1,48,8,1560,2,4,7,1
20144100T1068,1,9,0,18,0,0,1,0,7,6,2,1,6,1,59,9,2494,1,14,10,1
20144100T1068,2,9,0,18,0,0,1,0,0,0,1,1,6,1,34,6,998,1,2,6,1
20144100T1069,1,9,0,12,0,0,1,0,1,0,4,1,6,1,27,6,1598,1,8,7,1
20144100T1069,2,9,0,11,0,0,1,0,1,4,3,1,6,1,30,6,1997,2,10,6,1
20144100T1073,1,5,0,18,0,0,0,0,0,0,1,1,6,1,60,9,-1,-1,-1,7,1
20144100T1073,2,9,0,4,0,0,0,0,0,0,2,1,6,2,67,10,1956,2,4,10,1
20144100T1074,1,21,4,18,0,0,0,0,0,0,1,1,1,1,51,8,9365,2,5,9,2
20144100T1074,2,9,0,3,0,0,0,0,0,6,2,1,1,1,65,9,1998,1,12,6,1
20144100T1074,3,9,0,3,0,0,0,0,0,0,2,1,1,2,43,7,1242,1,3,6,1
20144100T1074,4,9,0,3,0,0,0,0,0,0,2,1,1,2,33,6,-1,-1,-1,5,1
20144100T1074,5,9,0,18,0,0,0,0,0,0,1,1,1,1,48,8,1598,1,11,4,1
20144100T1074,6,9,0,3,0,0,0,0,0,0,4,1,1,1,58,9,1749,1,8,9,1
20144100T1075,1,21,0,18,0,0,1,0,0,0,1,1,6,1,29,6,8867,2,6,-1,-1
20144100T1075,2,9,0,3,0,0,0,0,0,0,2,1,6,1,28,6,1229,1,8,2,1
20144100T1075,3,9,0,3,0,0,0,0,0,0,2,1,6,1,38,7,2967,2,2,-1,1
20144100T1079,1,4,0,12,7,0,1,0,1,0,4,1,6,1,55,8,-1,-1,-1,9,1
20144100T1080,1,9,0,18,0,8,0,0,0,0,1,1,6,2,27,6,998,1,2,6,1
20144100T1080,2,9,0,18,0,8,0,0,0,0,2,1,6,1,40,7,1497,1,8,8,1
20144100T1080,3,10,0,18,0,8,0,0,0,0,3,1,1,1,29,6,2298,2,2,10,1
20144100T1082,1,9,0,13,0,0,5,0,0,0,4,1,6,2,27,6,1590,1,9,2,1
20144100T1084,1,9,0,18,0,1,1,0,0,0,1,1,6,2,30,6,1598,1,8,3,1
20144100T1084,2,9,0,18,0,1,0,0,0,0,3,1,2,1,48,8,1229,1,1,1,1
20144100T1086,1,9,0,18,0,0,0,0,1,7,3,1,6,2,48,8,1598,1,6,4,1
20144100T1087,1,9,0,18,0,0,0,0,0,7,1,1,6,2,43,7,-1,-1,-1,2,1
20144100T1087,2,9,0,18,0,0,0,0,0,0,4,1,6,1,32,6,1389,1,12,1,1
20144100T1089,1,9,0,18,0,0,0,0,0,0,1,1,6,1,34,6,-1,-1,-1,1,1
20144100T1089,2,9,0,18,0,0,0,0,0,0,2,1,6,1,29,6,1388,1,7,1,1
20144100T1091,1,9,0,18,0,0,1,0,5,6,1,1,2,2,45,7,1360,1,12,7,1
20144100T1092,1,21,1,12,0,0,0,0,0,0,3,2,1,1,33,6,-1,-1,-1,-1,-1
20144100T1092,2,9,0,18,0,0,0,0,0,0,4,1,1,1,38,7,998,1,5,2,1
20144100T1094,1,9,0,18,0,0,0,0,0,0,1,1,6,2,60,9,1686,2,5,5,3
20144100T1094,2,9,0,18,0,0,0,0,0,0,2,1,6,1,59,9,1995,2,2,7,1
20144100T1096,1,9,0,18,0,0,0,4,0,0,1,1,6,2,42,7,1995,2,9,8,1
20144100T1096,2,8,0,2,0,0,0,0,0,0,2,1,1,1,35,6,1998,1,9,5,1
20144100T1097,1,9,0,17,0,0,1,0,2,7,1,1,6,2,22,5,998,1,11,7,1
20144100T1098,1,9,0,18,0,0,0,0,4,7,1,1,6,1,36,7,-1,-1,-1,2,1
20144100T1101,1,11,0,18,0,0,0,0,0,0,1,1,1,1,47,8,9360,2,1,6,1
20144100T1101,2,9,0,4,0,0,0,0,0,0,2,1,6,1,41,7,1997,1,12,8,1
20144100T1101,3,9,0,4,0,0,0,0,0,0,2,1,6,1,39,7,1896,2,9,4,1
20144100T1101,4,11,0,4,0,0,0,0,0,0,2,1,1,1,-1,-1,11967,2,1,-1,-1
20144100T1102,1,9,0,13,0,0,1,0,8,6,4,1,2,1,33,6,1956,2,2,8,1
20144100T1102,2,9,0,18,0,0,0,0,1,0,3,1,6,2,25,5,998,1,11,5,1
20144100T1103,1,9,0,18,0,0,2,0,5,6,1,1,6,2,32,6,1198,1,5,5,1
20144100T1103,2,19,0,18,0,0,0,0,0,0,2,1,2,1,31,6,-1,-1,-1,5,1
20144100T1104,1,9,0,18,0,0,1,0,0,0,1,1,6,1,27,6,1986,2,9,6,1
20144100T1104,2,9,0,4,0,0,0,0,4,6,2,1,6,2,28,6,1364,1,7,10,1
20144100T1104,3,9,0,4,0,0,0,0,0,0,3,1,6,2,43,7,2996,1,6,10,1
20144100T1104,4,9,0,4,0,0,0,0,0,0,2,1,6,1,23,5,-1,-1,-1,9,1
20144100T1107,1,9,0,18,0,0,2,0,1,7,4,1,2,2,24,5,1349,1,5,6,1
20144100T1110,1,21,1,16,0,0,5,0,7,0,3,1,1,1,38,7,11946,2,2,2,1
20144100T1111,1,9,0,18,0,0,0,0,0,0,1,1,6,1,24,5,1796,1,8,2,1
20144100T1111,2,9,0,18,0,0,0,0,0,0,2,1,6,2,42,7,1198,1,6,3,1
20144100T1115,1,9,0,12,0,0,1,0,4,6,3,1,2,1,42,7,1596,1,10,2,1
20144100T1115,2,9,0,18,0,0,1,0,1,10,4,1,6,2,28,6,1360,1,14,8,1
20144100T1116,1,9,0,18,0,0,0,0,0,0,1,1,2,2,21,5,1390,1,1,10,2
20144100T1116,2,9,0,4,0,0,0,0,0,0,2,1,2,1,51,8,-1,-1,-1,6,1
20144100T1119,1,9,0,12,0,0,1,0,5,6,1,1,6,1,55,8,2143,2,3,10,2
20144100T1119,2,9,0,18,0,0,0,0,0,0,3,1,6,1,49,8,2987,2,-1,5,1
20144100T1123,1,9,0,18,0,0,0,0,0,0,1,1,6,1,81,11,1998,1,10,10,1
20144100T1123,2,9,0,4,0,0,0,0,0,0,2,1,6,1,37,7,1596,1,6,8,1
20144100T1124,1,9,0,18,0,0,0,0,5,6,3,1,6,1,52,8,1798,1,5,9,1
20144100T1124,2,9,0,18,0,0,0,0,0,0,4,1,6,1,45,7,1896,2,11,9,1
20144100T1125,1,9,0,4,0,0,0,0,0,0,1,1,2,2,48,8,1968,2,4,9,1
20144100T1125,2,9,0,3,0,0,0,0,0,0,2,1,1,2,38,7,1956,2,1,7,3
20144100T1126,1,9,0,11,0,0,0,0,0,0,0,1,6,3,-1,-1,-1,-1,-1,-1,-1
20144100T1126,2,9,4,18,0,0,3,0,5,6,1,1,6,1,43,7,1596,1,11,5,1
20144100T1126,3,9,0,18,0,0,0,0,0,0,1,1,6,1,29,6,1461,2,-1,5,3
20144100T1127,1,21,0,18,0,0,1,0,4,6,1,1,1,1,39,7,5880,2,8,3,1
20144100T1127,2,9,0,4,0,0,0,0,4,6,2,1,1,1,47,8,875,1,2,7,3
20144100T1127,3,9,0,4,0,0,0,0,0,0,2,1,1,1,43,7,2170,2,9,4,1
20144100T1127,4,19,0,4,0,0,0,0,0,0,2,1,1,1,49,8,1995,2,7,1,1
20144100T1127,5,19,0,4,0,0,0,0,0,0,2,1,1,1,53,8,1995,2,1,-1,-1
20144100T1127,6,9,0,4,0,0,0,0,0,0,2,1,2,1,46,8,2000,2,4,6,1
20144100T1127,7,19,0,4,0,0,0,0,0,0,2,1,1,1,55,8,2143,2,1,-1,-1
20144100T1128,1,9,0,18,0,0,0,0,0,0,1,1,2,1,23,5,1968,2,1,7,3
20144100T1128,2,19,0,4,0,0,0,0,0,0,2,1,2,1,46,8,-1,-1,-1,-1,-1
20144100T1129,1,9,0,4,0,0,0,0,0,0,0,1,6,1,27,6,1240,1,11,5,1
20144100T1129,2,9,0,4,0,0,0,0,0,0,2,1,6,1,46,8,1200,1,-1,7,1
20144100T1129,3,9,0,4,0,0,0,0,0,0,3,1,6,2,30,6,1339,8,7,8,1
20144100T1129,4,9,0,4,0,0,0,0,0,0,1,1,6,1,39,7,-1,-1,-1,6,1
20144100T1131,1,9,0,17,0,8,1,0,7,4,4,1,1,2,23,5,1998,1,11,8,1
20144100T1132,1,9,0,4,0,0,0,0,0,0,1,1,6,2,33,6,1596,1,10,6,1
20144100T1132,2,9,0,4,0,0,0,0,0,0,2,1,6,1,45,7,1598,1,6,-1,-1
20144100T1134,1,9,0,4,0,0,0,0,0,0,1,1,6,2,24,5,1390,1,13,6,1
20144100T1134,2,9,0,3,0,0,0,0,0,0,2,1,6,1,43,7,1995,2,3,1,1
20144100T1135,1,9,0,18,0,0,1,0,2,7,2,1,1,2,28,6,1995,2,4,3,1
20144100T1135,2,9,0,18,0,0,0,0,0,0,1,1,6,1,35,6,2521,1,5,4,2
20144100T1137,1,19,0,18,0,0,0,0,0,0,1,1,1,1,42,7,2494,2,11,8,1
20144100T1137,2,9,0,3,0,0,0,0,0,0,2,1,1,1,19,4,-1,-1,-1,5,1
20144100T1142,1,9,0,18,0,0,0,0,0,0,0,1,1,2,44,7,1679,1,13,2,1
20144100T1143,1,9,0,4,0,1,0,0,0,0,1,1,6,1,44,7,1896,2,6,3,1
20144100T1143,2,9,0,3,0,1,0,0,0,0,2,1,6,2,34,6,1364,1,7,3,1
20144100T1145,1,8,0,18,0,0,1,0,2,7,1,1,1,1,36,7,1968,2,4,6,1
20144100T1146,1,9,0,4,0,0,0,0,0,0,1,1,6,2,54,8,-1,-1,-1,8,2
20144100T1146,2,9,0,4,0,0,0,0,0,0,2,1,6,1,59,9,1968,2,2,-1,-1
20144100T1148,1,21,1,11,0,0,0,0,0,0,4,1,1,1,37,7,12902,2,-1,3,1
20144100T1148,2,9,0,18,0,0,0,0,0,0,3,1,2,2,47,8,1242,1,1,1,1
20144100T1150,1,9,0,4,0,0,0,0,0,0,1,1,6,1,20,4,1461,2,9,2,1
20144100T1150,2,9,0,4,0,0,0,0,0,0,2,1,6,1,25,5,1968,2,5,9,1
20144100T1151,1,19,0,18,0,0,0,0,0,0,1,1,1,1,55,8,2148,2,6,2,1
20144100T1151,2,21,0,18,0,0,0,0,0,0,2,1,1,1,65,9,9290,2,3,10,2
20144100T1153,1,9,0,4,0,1,0,0,0,0,1,1,6,1,29,6,1896,2,10,4,1
20144100T1153,2,9,0,3,0,1,0,0,0,0,2,1,6,1,30,6,1596,1,3,7,1
20144100T1153,3,9,0,3,0,1,0,0,0,0,2,1,6,1,35,6,1598,2,2,8,1
20144100T1156,1,21,1,18,0,0,0,0,7,6,1,1,1,1,59,9,10837,2,1,4,1
20144100T1156,2,21,0,4,0,0,0,0,1,0,2,1,1,1,41,7,6692,2,2,9,1
20144100T1156,3,9,0,3,0,0,0,0,0,0,2,1,2,1,47,8,1560,2,2,7,1
20144100T1156,4,9,0,18,0,0,0,0,0,0,2,1,2,3,-1,-1,-1,-1,-1,-1,-1
20144100T1156,5,9,0,18,0,0,0,0,0,0,1,1,2,1,74,10,698,1,10,3,1
20144100T1156,6,9,0,4,0,0,0,0,0,0,2,1,2,1,43,7,-1,-1,-1,5,1
20144100T1157,1,21,1,11,0,0,0,0,0,0,1,1,1,1,51,8,12902,2,1,8,1
20144100T1157,2,9,0,18,0,0,0,0,4,6,3,1,1,1,21,5,1199,1,14,2,1
20144100T1157,3,9,0,18,0,0,0,0,0,0,1,1,1,1,42,7,2231,2,6,4,1
20144100T1157,4,9,0,18,0,0,0,0,4,6,1,1,1,2,54,8,-1,-1,-1,4,1
20144100T1158,1,9,0,18,0,0,1,0,5,0,1,1,6,1,32,6,1995,2,2,-1,1
20144100T1158,2,20,0,18,0,0,0,0,0,0,2,1,1,1,55,8,4751,2,10,2,1
20144100T1159,1,9,0,18,0,0,0,0,0,0,1,1,6,2,52,8,2987,2,5,-1,-1
20144100T1159,2,9,0,4,0,0,0,0,0,0,2,1,6,1,51,8,1995,2,2,10,1
20144100T1160,1,9,0,4,0,0,0,0,0,0,1,1,6,1,37,7,1497,8,4,4,1
20144100T1160,2,9,0,4,0,0,0,0,0,0,2,1,6,1,64,9,1968,2,2,9,1
20144100T1161,1,9,0,18,0,0,0,0,0,0,1,1,6,2,48,8,1997,2,5,9,1
20144100T1161,2,9,0,4,0,0,0,0,0,0,2,1,6,1,44,7,1596,1,-1,9,1
20144100T1161,3,9,0,4,0,0,0,0,0,0,2,1,6,1,27,6,1328,1,8,9,1
20144100T1161,4,9,0,4,0,0,0,0,0,0,2,1,6,1,-1,-1,-1,-1,-1,10,2
20144100T1162,1,9,0,18,0,0,0,0,1,7,1,1,6,1,22,5,-1,-1,-1,1,1
20144100T1163,1,9,0,18,0,0,0,0,2,7,1,1,6,1,30,6,1598,1,16,7,1
20144100T1163,2,9,0,18,0,0,0,1,0,0,1,1,2,1,44,7,-1,-1,-1,4,1
20144100T1165,1,9,0,18,0,0,5,0,0,0,1,1,6,1,42,7,1850,1,12,1,1
20144100T1165,2,9,0,4,0,0,0,0,7,7,2,1,6,1,42,7,1598,1,10,10,1
20144100T1166,1,21,1,18,0,0,0,0,0,0,1,1,1,1,46,8,11946,2,3,9,1
20144100T1166,2,9,0,4,0,0,0,0,0,0,2,1,1,1,50,8,-1,-1,-1,7,1
20144100T1166,3,21,1,4,0,0,0,0,0,0,2,1,1,1,29,6,11946,2,1,1,1
20144100T2001,1,19,0,16,0,0,0,10,2,1,3,1,6,1,48,8,-1,-1,-1,4,1
20144100T2002,1,9,0,18,0,0,1,0,2,4,2,1,6,2,17,4,-1,-1,-1,4,1
20144100T2003,1,9,0,18,0,0,0,0,0,0,1,1,6,2,34,6,1968,2,9,5,1
20144100T2003,2,10,0,4,0,0,0,0,0,0,2,1,6,1,60,9,-1,-1,-1,4,1
20144100T2003,3,9,0,4,0,0,0,0,0,0,0,1,6,1,23,5,-1,-1,-1,6,1
20144100T2005,1,9,0,18,0,0,0,0,0,0,1,1,6,1,74,10,1390,1,10,7,1
20144100T2005,2,9,0,4,0,0,0,0,0,0,2,1,6,1,31,6,1598,1,8,2,1
20144100T2008,1,9,0,18,0,0,1,0,0,0,1,1,2,1,19,4,-1,-1,-1,10,1
20144100T2008,2,9,0,18,0,0,0,0,0,0,2,1,6,2,29,6,1988,1,15,4,1
20144100T2008,3,9,0,18,0,0,0,0,0,0,2,1,6,1,48,8,1149,1,5,-1,1
20144100T2008,4,9,0,18,0,0,0,0,0,0,2,1,2,2,33,6,-1,-1,-1,-1,-1
20144100T2009,1,9,0,18,0,0,0,0,8,6,1,1,6,1,39,7,1781,1,13,-1,-1
20144100T2009,2,19,0,18,0,0,5,0,4,6,1,1,6,1,33,6,2402,2,8,7,3
20144100T2012,1,5,0,18,0,0,1,0,0,0,3,1,6,1,24,5,599,1,15,6,1
20144100T2012,2,9,0,18,0,0,0,0,0,0,2,1,6,1,28,6,3179,1,9,10,1
20144100T2012,3,9,0,18,0,0,1,0,0,0,1,1,6,2,23,5,1910,2,7,10,1
20144100T2013,1,19,0,18,0,0,1,0,0,0,1,1,1,1,29,6,2402,2,10,7,1
20144100T2013,2,9,0,3,0,0,0,0,0,0,2,1,2,2,26,6,1560,2,1,7,1
20144100T2013,3,9,0,3,0,0,0,0,0,0,2,1,6,1,29,6,2231,2,2,6,3
20144100T2013,4,9,0,3,0,0,0,0,0,0,2,2,6,1,46,8,-1,-1,-1,10,1
20144100T2013,5,9,0,3,0,0,0,0,0,0,2,1,2,1,46,8,1598,1,11,5,1
20144100T2013,6,9,0,3,0,0,0,0,0,0,2,1,2,2,57,9,1248,1,5,-1,2
20144100T2014,1,9,0,4,0,0,0,0,0,0,1,1,6,1,34,6,1587,1,14,-1,1
20144100T2014,2,9,0,4,0,0,0,0,0,0,2,1,2,2,37,7,1798,1,6,10,1