Accident_Index,Vehicle_Reference,Vehicle_Type,Towing_and_Articulation,Vehicle_Manoeuvre,Vehicle_Location-Restricted_Lane,Junction_Location,Skidding_and_Overturning,Hit_Object_in_Carriageway,Vehicle_Leaving_Carriageway,Hit_Object_off_Carriageway,1st_Point_of_Impact,Was_Vehicle_Left_Hand_Drive?,Journey_Purpose_of_Driver,Sex_of_Driver,Age_of_Driver,Age_Band_of_Driver,Engine_Capacity_(CC),Propulsion_Code,Age_of_Vehicle,Driver_IMD_Decile,Driver_Home_Area_Type
20144100T2016,1,9,0,18,0,0,1,0,2,4,3,1,2,2,28,6,1242,1,9,5,1
20144100T2017,1,9,0,16,0,0,2,0,1,4,1,1,6,1,31,6,1598,1,11,9,1
20144100T2023,1,9,0,18,0,0,1,0,7,7,1,1,6,1,22,5,998,1,11,8,1
20144100T2023,2,9,0,18,0,0,1,0,0,0,4,1,6,1,56,9,2401,2,11,10,2
20144100T2023,3,9,0,18,0,0,1,0,7,7,4,1,6,1,31,6,1999,1,5,8,1
20144100T2025,1,9,4,2,0,2,0,0,0,0,0,1,6,2,51,8,3059,2,20,2,1
20144100T2025,2,19,0,18,0,2,0,0,0,0,2,1,6,1,27,6,2402,2,12,4,1
20144100T2025,3,9,0,18,0,2,0,0,0,0,2,1,6,1,30,6,2993,2,7,7,1
20144100T2025,4,9,0,18,0,2,0,0,0,0,2,1,6,1,52,8,2143,2,-1,9,1
20144100T2025,5,9,0,18,0,2,0,0,0,0,1,1,6,1,45,7,1590,1,13,4,1
20144100T2026,1,5,0,18,0,0,0,0,0,0,1,1,2,1,24,5,-1,-1,-1,10,2
20144100T2026,2,9,0,4,0,0,0,0,0,0,2,1,2,1,30,6,1796,1,9,9,2
20144100T2027,1,9,0,11,0,0,1,0,0,0,1,1,2,1,41,7,1753,2,11,-1,3
20144100T2027,2,9,0,18,0,0,5,0,1,0,2,1,6,2,48,8,1242,1,6,7,1
20144100T2028,1,9,0,12,0,0,0,0,0,0,3,1,6,1,34,6,1753,2,7,1,1
20144100T2028,2,9,0,18,0,0,1,0,7,6,4,1,6,2,35,6,1995,2,7,4,3
20144100T2028,3,9,0,18,0,0,0,0,0,0,3,1,6,1,63,9,-1,-1,-1,-1,-1
20144100T2032,1,9,0,18,0,0,0,0,0,0,3,1,2,2,37,7,998,1,10,7,1
20144100T2032,2,11,0,18,0,0,0,0,0,0,4,1,2,1,67,10,7140,2,4,4,3
20144100T2032,3,9,0,18,0,0,0,0,0,0,1,1,2,1,36,7,1596,1,14,5,1
20144100T2032,4,9,0,18,0,0,0,0,0,0,2,1,2,2,30,6,2148,2,4,3,1
20144100T2034,1,9,0,18,0,0,0,0,0,0,1,1,2,1,28,6,1242,1,8,5,1
20144100T2034,2,19,0,4,0,0,0,0,0,0,2,1,1,1,37,7,2148,2,9,10,1
20144100T2035,1,9,0,18,0,0,1,0,5,6,0,1,2,2,22,5,998,1,8,8,1
20144100T2035,2,21,1,18,0,0,0,0,0,0,3,1,1,1,34,6,10837,2,1,3,1
20144100T2036,1,9,0,13,0,0,5,0,1,10,1,1,1,1,52,8,-1,-1,-1,3,1
20144100T2037,1,9,0,18,0,0,1,0,5,7,3,1,6,1,45,7,1794,1,14,3,1
20144100T2039,1,9,0,13,0,3,0,0,0,0,0,1,6,3,-1,-1,-1,-1,-1,-1,-1
20144100T2039,2,9,0,7,0,3,0,0,0,0,4,1,6,2,-1,-1,1896,2,10,7,1
20144100T2039,3,9,0,7,0,3,0,0,0,0,3,1,6,2,35,6,1600,1,10,6,1
20144100T2040,1,9,0,18,0,0,5,0,1,10,1,1,6,2,29,6,1364,1,4,6,1
20144100T2041,1,9,3,18,0,0,5,0,0,0,4,1,6,1,46,8,2487,2,14,7,1
20144100T2042,1,9,0,12,0,0,0,0,0,0,0,1,6,3,-1,-1,-1,-1,-1,-1,-1
20144100T2042,2,9,0,18,0,0,0,0,8,6,1,1,6,2,27,6,1596,1,7,-1,2
20144100T2043,1,19,0,4,0,0,0,0,0,0,1,1,1,1,-1,-1,2198,2,3,-1,-1
20144100T2043,2,9,0,4,0,0,0,0,0,0,2,1,1,2,50,8,1248,1,1,3,1
20144100T2045,1,9,0,18,0,0,1,0,0,0,1,1,6,2,61,9,-1,-1,-1,-1,-1
20144100T2045,2,9,0,18,0,0,0,0,0,0,2,1,6,1,69,10,1242,1,-1,7,3
20144100T2046,1,9,0,18,0,0,0,0,1,4,2,1,6,2,26,6,1339,1,12,4,1
20144100T2048,1,9,0,18,0,0,0,0,2,10,1,1,6,1,80,11,1117,1,22,9,1
20144100T2050,1,9,0,12,0,0,0,0,0,0,4,1,6,1,47,8,-1,-1,-1,10,3
20144100T2052,1,9,0,12,0,0,1,0,0,0,3,1,2,2,33,6,1997,1,1,6,1
20144100T2052,2,9,0,18,0,0,2,0,1,4,4,1,2,1,27,6,-1,-1,-1,4,1
20144100T2054,1,9,0,18,0,0,0,0,0,0,1,1,6,1,26,6,1781,1,16,9,3
20144100T2054,2,9,0,18,0,0,5,0,1,0,2,1,6,1,50,8,1124,1,14,10,1
20144100T2057,1,9,0,18,0,0,0,0,0,0,1,1,1,1,58,9,999,1,5,3,1
20144100T2057,2,9,0,4,0,0,0,0,0,0,2,1,1,1,36,7,2993,2,-1,5,1
20144100T2057,3,9,0,4,0,0,0,0,0,0,2,1,1,2,38,7,2143,2,1,9,1
20144100T2060,1,9,0,11,0,0,1,0,1,1,1,1,6,1,38,7,1997,1,11,6,1
20144100T2061,1,9,0,18,0,8,0,0,7,0,1,1,6,1,57,9,1386,1,1,-1,1
20144100T2062,1,21,1,16,0,4,0,0,0,0,1,1,1,1,54,8,4461,2,5,2,1
20144100T2062,2,21,1,18,0,8,0,0,0,0,1,1,1,1,-1,-1,12580,2,9,-1,-1
20144100T2064,1,9,0,11,0,0,0,0,0,0,4,1,6,1,39,7,1781,1,12,4,1
20144100T2064,2,5,0,18,0,0,0,0,0,0,3,1,6,1,34,6,647,1,15,-1,-1
20144100T2065,1,19,0,18,0,0,1,0,1,7,1,1,1,1,32,6,1998,2,9,6,1
20144100T2065,2,21,0,18,0,0,1,0,0,0,2,1,1,1,43,7,-1,-1,-1,6,1
20144100T2069,1,9,0,4,0,0,0,0,5,0,1,1,6,1,33,6,-1,-1,-1,5,3
20144100T2069,2,9,0,4,0,0,0,0,0,0,2,1,1,1,48,8,1598,1,2,8,1
20144100T2071,1,9,0,13,0,0,5,0,5,6,1,1,2,1,26,6,1360,1,5,9,1
20144100T2071,2,9,0,18,0,0,0,0,0,0,3,1,2,1,46,8,2993,2,11,10,3
20144100T2072,1,9,0,16,0,7,1,0,1,0,1,1,2,2,43,7,1339,1,11,4,1
20144100T2072,2,21,0,18,0,8,1,0,0,0,4,1,1,1,52,8,12740,2,2,-1,-1
20144100T2073,1,9,0,18,0,0,0,0,0,0,1,1,6,1,32,6,1995,2,-1,3,1
20144100T2073,2,9,0,18,0,0,2,0,1,7,2,1,2,1,34,6,1956,2,5,8,1
20144100T2076,1,9,0,18,0,0,0,0,0,0,1,1,6,3,-1,-1,-1,-1,-1,-1,-1
20144100T2076,2,9,0,18,0,0,0,0,0,0,2,1,2,2,28,6,1360,1,10,8,1
20144100T2078,1,9,0,4,0,0,1,0,0,0,1,1,2,2,21,5,1242,1,2,4,1
20144100T2078,2,19,0,4,0,0,0,0,0,0,2,1,2,1,29,6,-1,-1,-1,5,1
20144100T2078,3,19,0,4,0,0,0,0,0,0,2,1,2,1,33,6,2460,2,6,5,1
20144100T2081,1,9,0,18,0,0,0,0,0,0,1,1,6,1,30,6,1364,1,9,6,1
20144100T2081,2,9,0,18,0,0,0,0,5,6,2,1,6,1,40,7,1968,2,-1,-1,-1
20144100T2082,1,9,0,11,0,0,1,0,0,0,1,1,2,1,46,8,1994,1,11,10,1
20144100T2082,2,9,0,18,0,0,0,0,0,0,2,1,2,2,74,10,998,1,6,10,1
20144100T2082,3,9,0,18,0,0,0,0,0,0,4,1,2,1,42,7,1242,1,3,9,2
20144100T2083,1,9,0,18,0,0,0,0,0,0,1,1,2,2,29,6,2204,2,6,10,2
20144100T2083,2,9,0,4,0,0,0,0,0,0,2,1,6,1,66,10,1998,2,6,10,1
20144100T2086,1,9,0,15,0,0,0,0,0,0,3,1,6,1,46,8,1968,2,7,9,3
20144100T2086,2,9,0,18,0,0,2,0,1,7,1,1,6,1,21,5,1896,2,19,7,1
20144100T2087,1,9,0,4,0,1,0,0,0,0,1,1,1,1,41,7,2319,2,2,-1,1
20144100T2087,2,9,0,18,0,2,0,0,0,0,1,1,6,1,25,5,1388,1,11,9,1
20144100T2089,1,9,0,18,0,5,0,0,0,0,0,1,6,3,-1,-1,-1,-1,-1,-1,-1
20144100T2089,2,9,0,18,0,5,0,0,0,0,1,1,6,2,44,7,1596,1,9,10,1
20144100T2089,3,9,0,18,0,5,0,0,0,0,2,1,6,1,42,7,1995,2,10,5,1
20144100T2097,1,9,0,18,0,0,0,0,1,7,1,1,6,1,48,8,-1,-1,-1,8,1
20144100T2098,1,9,0,18,0,0,0,0,1,7,1,1,2,2,33,6,1598,1,7,6,1
20144100T2099,1,9,0,15,0,0,1,0,0,0,1,1,6,1,24,5,1686,2,3,2,1
20144100T2099,2,19,0,11,0,0,1,0,5,6,2,1,2,1,58,9,2402,2,10,8,1
20144100T2101,1,9,0,4,0,0,0,0,0,0,1,1,2,1,29,6,1598,2,1,7,3
20144100T2101,2,9,0,4,0,0,0,0,0,0,2,1,2,2,31,6,1995,2,2,3,1
20144100T2103,1,9,0,18,0,0,1,0,4,0,1,1,1,1,30,6,1400,1,12,6,1
20144100T2103,2,21,1,18,0,0,0,0,0,0,3,1,1,1,42,7,10837,2,2,7,1
20144100T2107,1,9,0,18,0,0,0,0,0,0,1,1,6,2,50,8,1999,1,5,10,1
20144100T2107,2,9,0,18,0,0,0,0,0,0,2,1,6,1,44,7,2362,1,13,2,1
20144100T2109,1,21,1,11,0,0,0,0,0,0,4,1,1,1,28,6,12900,2,2,5,2
20144100T2109,2,9,0,18,0,0,5,0,5,6,3,1,6,2,74,10,1240,1,8,8,1
20144100T2110,1,9,0,18,0,0,0,0,0,0,1,1,6,2,20,4,1299,1,11,-1,-1
20144100T2110,2,9,0,3,0,0,0,0,0,0,2,1,2,2,29,6,1349,1,3,-1,1
20144100T2111,1,9,0,18,0,0,0,0,0,0,1,1,6,2,35,6,1197,1,1,2,1
20144100T2111,2,9,0,4,0,0,0,0,0,0,2,1,6,1,26,6,1995,2,7,9,1
20144100T2114,1,9,0,5,0,7,0,0,0,0,1,1,6,1,36,7,-1,-1,-1,8,1
20144100T2114,2,9,0,5,0,7,0,0,0,0,2,1,1,2,58,9,-1,-1,-1,5,1
20144100T2119,1,21,0,18,0,1,0,0,0,0,1,1,1,1,36,7,6692,2,2,9,1
20144100T2119,2,9,0,4,0,1,0,0,1,1,2,1,6,2,29,6,1390,1,12,5,1
20144100T2120,1,19,0,4,0,0,0,0,0,0,1,1,6,1,28,6,-1,-1,-1,-1,-1
20144100T2120,2,9,0,3,0,0,0,0,0,0,2,1,6,1,49,8,1984,2,3,7,1
20144100T2120,3,9,0,3,0,0,0,0,0,0,2,1,6,3,-1,-1,1497,1,13,-1,-1
20144100T2125,1,9,0,4,0,0,0,0,0,0,1,1,2,1,23,5,2198,1,11,-1,-1
20144100T2125,2,9,0,4,0,0,0,0,0,0,2,1,6,3,-1,-1,-1,-1,-1,-1,-1
20144100T2125,3,9,0,4,0,0,0,0,0,0,1,1,2,2,26,6,1240,1,11,9,1
20144100T2125,4,9,0,4,0,0,0,0,0,0,2,1,2,1,63,9,1839,1,10,8,3
20144100T2127,1,9,0,5,0,1,0,0,0,0,1,1,2,1,36,7,1910,2,9,9,1
20144100T2127,2,9,0,5,0,1,0,0,0,0,2,1,2,1,53,8,1598,2,-1,5,1
20144100T2135,1,9,0,11,0,0,0,0,0,0,1,1,2,2,23,5,1389,1,8,10,1
20144100T2135,2,9,0,4,0,0,0,0,0,0,2,1,2,1,19,4,1329,1,-1,-1,3
20144100T2135,3,9,0,4,0,0,0,0,0,0,2,1,2,2,65,9,1339,1,2,7,1
20144100T2135,4,9,0,4,0,0,0,0,0,0,2,1,2,1,42,7,1598,2,4,8,1
20144100T2140,1,10,0,18,0,1,0,0,0,0,2,1,6,1,39,7,-1,-1,-1,-1,1
20144100T2140,2,19,0,12,0,1,1,0,0,0,1,1,1,1,40,7,1686,2,12,7,2
20144100T2141,1,9,0,18,0,0,0,0,0,0,3,1,6,1,77,11,-1,-1,-1,10,1
20144100T2141,2,9,0,18,0,0,0,0,4,6,1,1,6,1,34,6,1999,1,9,9,1
20144100T2141,3,9,0,18,0,0,0,0,4,6,1,1,6,2,26,6,1870,2,10,10,1
20144100T2141,4,9,0,18,0,0,0,0,0,0,0,1,6,1,60,9,-1,-1,-1,4,1
20144100T2141,5,9,0,18,0,0,0,0,0,0,4,1,6,2,61,9,-1,-1,-1,8,3
20144100T2141,6,21,1,18,0,0,0,0,0,0,3,1,1,1,48,8,11705,2,2,5,1
20144100T2141,7,9,0,18,0,0,0,0,4,6,4,1,6,2,29,6,1360,1,14,3,1
20144100T2141,8,9,0,18,0,0,0,0,0,0,3,1,6,1,34,6,1686,2,1,10,1
20144100T2141,9,9,0,18,0,0,0,0,0,0,3,1,6,1,69,10,2720,2,8,-1,-1
20144100T2141,10,9,0,18,0,0,0,0,0,0,4,1,6,2,34,6,1560,2,2,3,1
20144100T2142,1,9,0,4,0,1,1,0,0,0,1,1,2,2,23,5,1422,2,6,10,1
20144100T2142,2,9,0,4,0,1,0,0,0,0,2,1,6,2,56,9,2987,2,5,8,2
20144100T2142,3,9,0,4,0,1,0,0,0,0,2,1,6,1,23,5,-1,-1,-1,9,1
20144100T2142,4,9,0,4,0,1,0,0,0,0,2,1,6,2,62,9,1910,2,5,9,1
20144100T2144,1,9,0,18,0,0,0,0,0,0,1,1,1,2,38,7,1582,2,5,9,1
20144100T2144,2,9,0,4,0,0,0,0,0,0,2,1,1,1,50,8,1997,1,11,5,1
20144100T2147,1,21,0,4,0,0,0,0,0,0,1,1,1,1,40,7,3920,2,5,5,1
20144100T2147,2,9,0,4,0,0,0,0,0,0,2,1,6,2,28,6,1390,1,3,-1,2
20144100T3003,1,19,0,18,0,0,5,0,5,6,3,1,6,1,44,7,2148,2,8,-1,-1
20144100T3004,1,9,0,16,0,0,1,0,5,6,1,1,2,1,28,6,1796,1,3,6,1
20144100T3006,1,9,0,13,0,0,0,0,0,0,0,1,6,3,-1,-1,-1,-1,-1,-1,-1
20144100T3006,2,9,0,18,0,0,1,0,1,7,1,1,1,2,32,6,1198,1,5,6,1
20144100T3007,1,9,0,18,0,0,1,0,2,7,1,1,6,1,30,6,1598,1,7,4,1
20144100T3007,2,9,0,18,0,0,1,0,0,0,1,1,6,1,76,11,1396,1,2,7,3
20144100T3007,3,9,0,18,0,0,0,0,0,0,2,1,6,1,26,6,1229,1,2,10,1
20144100T3008,1,9,0,17,0,0,1,0,2,7,1,1,6,1,34,6,1596,1,7,2,1
20144100T3008,2,9,0,17,0,0,1,0,8,7,2,1,6,1,37,7,1998,1,12,6,1
20144100T3009,1,9,0,18,0,0,0,0,1,7,1,1,6,1,55,8,2183,2,2,4,1
20144100T3009,2,21,1,18,0,0,1,0,0,0,1,2,1,1,40,7,-1,-1,-1,-1,-1
20144100T3014,1,21,1,18,0,0,0,0,0,0,1,2,1,1,21,5,-1,-1,-1,-1,-1
20144100T3014,2,9,0,18,0,0,0,0,0,0,2,1,6,1,46,8,1296,1,8,5,1
20144100T3015,1,9,0,4,0,0,0,0,0,0,1,1,2,1,65,9,-1,-1,-1,10,1
20144100T3015,2,9,0,3,0,0,0,0,0,0,2,1,6,1,43,7,1896,2,10,3,1
20144100T3015,3,9,0,3,0,0,0,0,0,0,2,1,2,1,33,6,1329,1,4,4,1
20144100T3017,1,9,0,18,0,0,0,0,0,0,1,1,6,1,28,6,2494,1,15,10,2
20144100T3017,2,9,0,18,0,0,0,0,0,0,3,1,6,1,37,7,1992,2,9,8,2
20144100T3018,1,9,4,18,0,0,4,0,0,0,2,1,2,1,49,8,2495,2,21,9,1
20144100T3019,1,9,0,18,0,0,1,0,5,6,3,1,6,1,18,4,1995,2,10,2,1
20144100T3024,1,9,0,18,0,0,1,0,5,6,4,1,1,1,56,9,1896,2,4,-1,-1
20144100T3024,2,21,1,18,0,0,0,0,0,0,3,1,1,1,45,7,-1,-1,-1,9,1
20144100T3027,1,9,0,18,0,0,0,0,0,0,1,1,6,1,23,5,1124,1,12,6,1
20144100T3027,2,9,0,18,0,0,0,0,0,0,2,1,6,2,28,6,2993,2,4,4,1
20144100T3028,1,9,0,18,0,0,0,0,5,7,1,1,6,1,74,10,1997,2,3,3,1
20144100T3030,1,21,1,12,0,0,0,0,0,0,3,2,1,1,45,7,-1,-1,-1,-1,-1
20144100T3030,2,9,0,18,0,0,0,0,0,0,4,1,6,2,48,8,1242,1,4,8,2
20144100T3031,1,9,0,18,0,0,0,0,0,0,1,2,6,1,34,6,-1,-1,-1,-1,-1
20144100T3031,2,9,0,4,0,0,0,0,0,0,2,1,6,1,37,7,2393,1,13,9,1
20144100T3032,1,19,0,18,0,0,0,0,0,0,1,1,6,1,34,6,1998,2,8,1,1
20144100T3032,2,9,0,4,0,0,0,0,0,0,2,1,6,1,47,8,2987,2,1,5,1
20144100T3032,3,19,0,4,0,0,0,0,0,0,2,1,6,1,25,5,-1,-1,-1,9,1
20144100T3035,1,21,0,11,0,0,0,0,1,0,1,1,1,1,41,7,6374,2,1,-1,1
20144100T3035,2,9,0,18,0,0,0,0,2,7,4,1,1,1,51,8,1560,2,3,9,1
20144100T3038,1,9,0,4,0,0,0,0,0,0,1,1,6,1,31,6,1910,2,6,6,1
20144100T3038,2,9,0,4,0,0,0,0,0,0,2,1,6,1,51,8,1997,2,2,3,1
20144100T3041,1,21,1,11,0,8,0,0,0,0,1,2,1,1,47,8,-1,-1,-1,-1,-1
20144100T3041,2,9,0,18,0,8,0,0,1,7,3,2,6,2,33,6,-1,-1,-1,4,1
20144100T3043,1,9,0,11,0,0,0,0,0,0,4,1,1,1,53,8,-1,-1,-1,-1,-1
20144100T3043,2,9,0,18,0,0,0,0,2,6,3,1,6,2,75,10,-1,-1,-1,8,1
20144100T3046,1,19,0,12,0,8,0,0,0,0,3,1,1,1,24,5,2402,2,3,2,1
20144100T3046,2,21,1,12,0,7,0,0,0,0,0,1,1,1,44,7,9200,2,3,4,1
20144100T3046,3,9,0,18,0,8,0,0,0,0,4,1,6,2,28,6,1598,1,9,2,1
20144100T3047,1,9,0,18,0,0,1,0,2,7,4,1,6,1,31,6,1997,1,-1,6,1
20144100T3048,1,9,0,5,0,4,0,0,0,0,1,1,6,1,48,8,1896,2,17,3,1
20144100T3048,2,9,0,3,0,1,0,0,0,0,0,1,6,1,59,9,1956,2,2,10,1
20144100T3048,3,9,0,17,0,8,0,0,0,0,4,1,6,2,37,7,1396,1,11,9,1
20144100T3052,1,21,1,16,0,0,4,0,0,7,3,1,1,1,54,8,11946,2,6,1,1
20144100T3053,1,21,0,18,0,0,0,0,0,0,1,1,1,1,54,8,-1,-1,-1,-1,2
20144100T3053,2,9,0,18,0,0,0,0,4,6,2,1,6,2,26,6,-1,-1,-1,7,1
20144100T3054,1,9,0,11,0,0,0,0,0,0,4,1,6,1,18,4,1299,1,10,2,1
20144100T3054,2,21,1,18,0,0,0,0,0,0,3,1,1,1,66,10,10518,2,6,5,1
20144100T3054,3,9,0,18,0,0,0,0,0,0,1,1,6,1,40,7,1398,2,11,4,1
20144100T3055,1,21,1,12,0,0,0,0,0,0,1,2,1,1,57,9,-1,-1,-1,-1,-1
20144100T3055,2,9,0,18,0,0,0,0,0,0,4,1,6,2,33,6,1998,1,10,3,1
20144100T3056,1,9,0,18,0,0,0,0,0,0,1,1,6,1,23,5,1242,1,14,8,1
20144100T3056,2,9,0,3,0,0,0,0,0,0,2,1,1,1,39,7,1598,2,-1,8,1
20144100T3057,1,21,1,11,0,0,0,0,0,0,4,1,1,1,55,8,11705,2,3,3,1
20144100T3057,2,9,0,18,0,0,0,0,4,6,3,1,2,1,36,7,1968,2,4,6,1
20144100T3057,3,19,0,18,0,0,0,0,0,0,1,1,1,1,55,8,2198,2,8,8,2
20144100T3058,1,9,0,18,0,0,0,0,0,0,4,1,6,2,32,6,1997,2,11,7,1
20144100T3058,2,21,1,18,0,0,0,0,0,0,3,1,1,1,54,8,11705,2,6,9,1
20144100T3060,1,9,0,4,0,0,1,0,0,0,1,1,2,2,60,9,1332,1,16,-1,1
20144100T3060,2,9,0,3,0,0,0,0,0,0,2,1,2,1,53,8,1995,2,2,-1,3
20144100T3060,3,9,0,3,0,0,0,0,0,0,2,1,2,1,25,5,1968,2,4,6,1
20144100T3060,4,9,0,3,0,0,0,0,0,0,2,1,2,1,35,6,-1,-1,-1,2,1
20144100T3063,1,21,1,12,0,0,0,0,0,0,3,2,1,1,46,8,-1,-1,-1,-1,-1
20144100T3063,2,9,0,18,0,0,1,0,1,1,4,1,6,1,69,10,1596,1,10,1,1
20144100T3068,1,9,0,12,0,0,0,0,0,0,2,1,6,1,90,11,1560,2,4,7,1
20144100T3068,2,21,1,11,0,0,0,0,0,0,1,1,1,1,68,10,-1,-1,-1,10,3
20144100T3068,3,9,0,18,0,0,0,0,0,0,2,1,6,2,42,7,-1,-1,-1,10,1
20144100T3068,4,21,1,18,0,0,1,0,0,0,1,1,1,1,57,9,11946,2,2,7,1
20144100T3073,1,9,0,4,0,0,0,0,0,0,1,1,6,2,64,9,1590,1,19,10,1
20144100T3073,2,9,0,4,0,0,0,0,0,0,2,1,6,2,23,5,1560,2,4,7,2
20144100T3074,1,9,0,12,0,0,0,0,5,6,1,1,6,1,32,6,1493,1,17,3,1
20144100T3074,2,19,0,18,0,0,0,0,0,0,3,1,6,1,57,9,-1,-1,-1,6,1
20144100T3077,1,9,0,18,0,0,1,0,0,0,3,1,6,1,21,5,2000,1,8,-1,1
20144100T3077,2,9,0,11,0,0,1,0,0,0,4,1,6,1,52,8,-1,-1,-1,9,3
20144100T3077,3,21,1,18,0,0,0,0,0,0,3,1,1,1,50,8,11946,2,3,6,1
20144100T3077,4,21,1,18,0,0,0,0,0,0,3,1,1,1,-1,-1,11705,2,8,-1,-1
20144100T3077,5,21,1,18,0,0,0,0,0,0,3,1,1,1,46,8,12777,2,5,3,1
20144100T3078,1,9,0,4,0,0,0,0,0,0,1,1,6,2,26,6,1389,1,13,6,1
20144100T3078,2,9,0,4,0,0,0,0,0,0,2,1,6,1,51,8,1896,2,11,8,1
20144100T3079,1,9,0,18,0,0,0,0,1,1,1,1,6,1,46,8,1248,1,1,6,1
20144100T3080,1,9,0,18,0,0,0,0,2,7,1,1,6,2,41,7,1398,1,2,3,1
20144100T3080,2,9,0,18,0,0,0,0,0,0,4,1,6,1,35,6,1796,1,7,4,1
20144100T3087,1,5,0,11,0,0,0,0,0,0,1,1,2,1,46,8,998,1,10,-1,-1
20144100T3087,2,21,0,18,0,0,0,0,0,0,2,1,6,3,-1,-1,-1,-1,-1,-1,-1
20144100T3088,1,9,0,17,0,0,1,0,1,10,1,1,2,1,19,4,1390,1,14,4,1
20144100T3091,1,21,1,12,0,0,0,0,0,0,3,2,1,1,57,9,-1,-1,-1,-1,-1
20144100T3091,2,9,0,18,0,0,0,0,0,0,4,1,2,1,26,6,1598,2,3,-1,1
20144100T3093,1,9,0,11,0,0,0,0,0,0,4,1,1,1,43,7,-1,-1,-1,5,1
20144100T3093,2,9,0,18,0,0,0,0,0,0,3,1,6,1,32,6,-1,-1,-1,3,1
20144100T3099,1,20,0,11,0,0,0,0,0,0,1,2,1,1,62,9,-1,-1,-1,-1,-1
20144100T3099,2,9,0,18,0,0,1,0,0,0,4,1,6,2,53,8,1598,1,11,8,3
20144100T3099,3,9,0,2,6,0,0,0,0,0,3,1,1,1,54,8,2993,2,1,2,1
20144100T3102,1,9,0,18,0,0,0,0,0,0,1,1,1,1,28,6,-1,-1,-1,4,1
20144100T3102,2,9,0,4,0,0,0,0,0,0,2,1,6,2,44,7,1956,2,2,7,1
20144100T3104,1,9,0,4,0,0,0,0,0,0,1,1,6,1,30,6,998,1,13,5,1
20144100T3104,2,9,0,4,0,0,0,0,0,0,1,1,6,1,44,7,1560,2,5,6,1
20144100T3104,3,9,0,4,0,0,0,0,0,0,1,1,6,1,50,8,-1,-1,-1,6,1
20144100T3104,4,9,0,4,0,0,0,0,0,0,1,1,6,1,-1,-1,2199,2,2,-1,-1
20144100T3104,5,9,0,3,0,0,0,0,0,0,2,1,6,1,30,6,1560,2,3,2,1
20144100T3106,1,21,1,12,0,0,0,0,0,0,1,2,1,1,47,8,-1,-1,-1,-1,-1
20144100T3106,2,9,0,13,0,0,1,0,4,6,4,1,2,2,23,5,-1,-1,-1,8,1
20144100T3107,1,21,1,12,0,0,0,0,0,0,3,2,1,1,46,8,-1,-1,-1,-1,-1
20144100T3107,2,9,0,18,0,0,0,0,0,0,4,1,6,2,39,7,-1,-1,-1,2,1
20144100T3108,1,9,4,18,0,0,0,0,0,0,1,1,6,1,69,10,1598,1,6,10,2
20144100T3108,2,9,0,18,0,0,0,0,0,0,2,1,6,1,39,7,1910,2,9,2,1
20144100T3108,3,9,0,18,0,0,0,0,0,0,2,1,6,2,20,4,1242,1,1,6,1
20144100T3110,1,9,0,16,0,0,1,0,5,6,1,1,6,2,22,5,1242,1,7,8,1
20144100T3110,2,9,0,16,0,0,2,0,0,0,2,1,6,1,43,7,1560,2,-1,8,1
20144100T3113,1,9,0,16,0,0,1,6,2,10,4,1,6,1,31,6,1896,2,7,-1,-1
20144100T3116,1,9,0,13,0,0,1,0,5,6,1,1,2,1,31,6,1997,1,14,5,1
20144100T3117,1,21,1,18,0,0,1,0,0,0,1,1,1,1,35,6,12777,2,3,7,1
20144100T3117,2,9,0,4,0,0,0,0,0,0,2,1,2,1,44,7,1229,1,1,7,1
20144100T3117,3,9,0,4,0,0,0,0,0,0,2,1,2,1,29,6,1598,2,-1,6,1
20144100T3117,4,9,0,4,0,0,0,0,0,0,2,1,6,1,33,6,1390,1,5,6,1
20144100T3117,5,9,0,4,0,0,0,0,0,0,2,1,2,1,53,8,3960,1,11,6,3
20144100T3117,6,9,0,4,0,0,0,0,0,0,2,1,6,1,45,7,1995,2,6,2,1
20144100T3121,1,19,0,18,0,0,0,0,0,0,1,1,1,1,45,7,1598,2,1,1,1
20144100T3121,2,9,0,4,0,0,0,0,0,0,2,1,6,1,46,8,-1,-1,-1,3,1
20144100T3121,3,9,0,4,0,0,0,0,0,0,2,1,6,1,42,7,1998,2,8,9,1
20144100T3121,4,9,0,4,0,0,0,0,0,0,2,1,6,1,33,6,-1,-1,-1,4,1
20144100T3123,1,19,0,18,0,0,0,0,2,7,4,1,1,1,23,5,2198,2,1,8,1
20144100T3125,1,9,0,18,0,0,1,0,1,7,4,1,6,1,59,9,1560,2,-1,10,1
20144100T3125,2,9,0,18,0,0,1,0,1,7,3,1,6,1,28,6,1461,2,12,3,1
20144100T3126,1,9,0,18,0,0,0,0,0,0,1,1,6,2,21,5,1328,1,11,9,2
20144100T3126,2,9,0,18,0,0,0,0,0,0,2,1,1,1,61,9,1995,2,10,10,1
20144100T3131,1,21,0,18,0,0,1,0,0,0,1,1,1,1,54,8,3920,2,-1,3,1
20144100T3131,2,9,0,4,0,0,0,0,1,7,2,1,2,1,47,8,1248,2,-1,5,1
20144100T3131,3,19,0,4,0,0,0,0,1,7,2,1,2,1,35,6,1248,2,1,-1,1
20144100T3132,1,9,0,18,0,0,1,0,2,7,3,1,6,2,31,6,-1,-1,-1,2,1
20144100T3140,1,11,0,18,0,1,0,0,0,0,1,1,1,3,-1,-1,-1,-1,-1,-1,-1
20144100T3140,2,9,0,11,0,1,1,0,1,0,2,1,6,1,72,10,2685,2,13,4,1