Accident_Index,Vehicle_Reference,Vehicle_Type,Towing_and_Articulation,Vehicle_Manoeuvre,Vehicle_Location-Restricted_Lane,Junction_Location,Skidding_and_Overturning,Hit_Object_in_Carriageway,Vehicle_Leaving_Carriageway,Hit_Object_off_Carriageway,1st_Point_of_Impact,Was_Vehicle_Left_Hand_Drive?,Journey_Purpose_of_Driver,Sex_of_Driver,Age_of_Driver,Age_Band_of_Driver,Engine_Capacity_(CC),Propulsion_Code,Age_of_Vehicle,Driver_IMD_Decile,Driver_Home_Area_Type
201442I023301,1,9,0,18,0,0,0,0,0,0,1,1,6,2,-1,-1,1598,1,16,-1,-1
201442I023301,2,9,0,3,0,0,0,0,0,0,2,1,2,2,20,4,1598,1,7,10,1
201442I023401,1,9,0,18,0,0,5,0,2,4,1,1,6,2,22,5,1598,1,10,7,3
201442I023501,1,9,0,18,0,1,0,0,0,0,1,1,6,2,31,6,1598,1,13,1,1
201442I023501,2,9,0,18,0,1,0,0,0,0,2,1,2,1,49,8,3628,2,4,4,1
201442I023601,1,9,0,18,0,1,0,0,0,0,1,1,6,1,80,11,1339,1,4,9,1
201442I023801,1,9,0,18,0,1,0,0,0,0,1,1,6,1,-1,-1,1149,1,5,8,2
201442I023801,2,9,0,18,0,1,0,0,0,0,2,1,6,2,53,8,1124,1,9,8,3
201442I023901,1,9,0,18,0,0,1,0,1,1,1,1,6,1,23,5,2000,1,15,6,1
201442I024001,1,21,0,11,0,0,0,0,0,0,4,1,1,1,38,7,6692,2,2,7,1
201442I024001,2,9,0,18,0,0,1,2,1,0,3,1,2,1,60,9,1560,2,2,-1,1
201442I024101,1,9,0,18,0,0,0,0,1,2,1,1,6,1,47,8,1389,1,14,-1,-1
201442I024201,1,9,0,9,0,1,0,0,0,0,4,1,1,1,50,8,1242,1,14,4,1
201442I024201,2,5,0,18,0,1,0,0,0,0,1,1,6,1,29,6,599,1,5,7,1
201442I024301,1,9,0,18,0,8,0,10,0,0,1,1,6,2,29,6,1360,1,2,8,3
201442I024301,2,9,0,18,0,8,0,0,0,0,4,1,6,2,30,6,1596,1,8,-1,1
201442I024401,1,9,0,9,0,0,0,0,0,0,4,1,6,1,37,7,1686,2,9,1,1
201442I024401,2,1,0,18,0,0,0,0,0,0,1,1,6,1,30,6,-1,-1,-1,6,1
201442I024501,1,9,0,9,0,8,0,0,0,0,4,1,1,1,49,8,1753,2,7,-1,-1
201442I024501,2,9,0,18,0,8,0,0,0,0,1,1,2,1,20,4,1229,1,2,8,1
201442I024601,1,9,0,18,0,2,0,0,0,0,2,1,1,2,28,6,1242,1,8,-1,-1
201442I024601,2,9,0,3,0,2,0,0,0,0,0,1,3,2,51,8,-1,-1,-1,-1,-1
201442I024701,1,9,0,4,0,1,1,0,0,0,1,1,6,1,-1,-1,-1,-1,-1,-1,-1
201442I024701,2,9,0,4,0,1,0,0,0,0,2,1,6,2,35,6,1595,1,8,9,1
201442I024801,1,9,0,5,0,4,0,0,0,0,1,1,1,1,46,8,1995,2,9,3,1
201442I024801,2,1,0,18,0,4,0,0,0,0,0,1,6,1,27,6,-1,-1,-1,-1,-1
201442I024901,1,20,0,14,0,0,0,0,0,0,3,1,6,3,-1,-1,5193,2,2,-1,-1
201442I025001,1,9,0,18,0,0,0,0,0,0,1,1,6,1,78,11,-1,-1,-1,-1,-1
201442I025001,2,9,0,18,0,0,0,0,0,0,2,1,6,1,48,8,2429,1,8,-1,-1
201442I025101,1,9,0,9,0,8,0,0,0,0,1,1,6,1,24,5,999,1,2,10,1
201442I025101,2,9,0,18,0,8,1,0,0,0,1,1,6,1,64,9,1242,1,10,6,1
201442I025201,1,3,0,9,0,8,1,0,0,0,3,1,6,1,26,6,125,1,2,6,1
201442I025301,1,9,0,17,0,0,1,0,1,11,3,1,6,1,26,6,1124,1,9,7,1
201442I025401,1,9,0,17,0,4,0,0,0,0,1,1,6,2,45,7,1997,2,5,9,3
201442I025401,2,2,0,17,0,8,0,0,0,0,1,1,6,1,19,4,-1,-1,-1,2,1
201442I025501,1,8,0,18,0,1,0,0,0,0,3,1,1,1,-1,-1,-1,-1,-1,-1,-1
201442I025601,1,3,0,18,0,8,0,0,0,0,0,1,2,1,26,6,124,1,13,5,1
201442I025701,1,9,0,3,0,4,0,0,0,0,2,1,6,1,35,6,-1,-1,-1,8,1
201442I025701,2,9,0,4,0,4,0,0,0,0,1,1,6,2,57,9,-1,-1,-1,-1,-1
201442I025801,1,9,0,7,0,1,0,0,0,0,0,1,2,2,44,7,2179,2,2,6,1
201442I025801,2,9,0,18,0,1,0,0,0,0,0,1,1,1,41,7,-1,-1,-1,-1,-1
201442I025901,1,9,0,9,0,1,0,0,0,0,4,1,6,2,35,6,1598,1,4,7,3
201442I025901,2,9,0,18,0,1,1,0,0,0,1,1,6,1,48,8,998,1,1,8,2
201442I026101,1,9,0,9,0,8,0,0,0,0,4,1,6,3,-1,-1,-1,-1,-1,-1,-1
201442I026101,2,2,0,18,0,8,0,0,0,0,4,1,2,1,45,7,49,1,6,8,1
201442I026201,1,9,0,9,0,8,0,0,0,0,1,1,6,2,32,6,-1,-1,-1,-1,-1
201442I026201,2,9,0,18,0,8,0,0,0,0,1,1,6,2,51,8,1390,1,8,7,2
201442I026301,1,9,0,18,0,0,0,0,0,0,3,1,6,1,46,8,1396,1,10,5,1
201442I026301,2,19,0,18,0,0,0,0,0,0,0,1,6,3,-1,-1,-1,-1,-1,-1,-1
201442I026401,1,3,0,7,0,8,1,0,0,0,0,1,2,1,21,5,124,1,6,6,1
201442I026501,1,98,0,16,0,0,0,0,0,0,0,1,6,3,-1,-1,-1,-1,-1,-1,-1
201442I026501,2,21,0,17,0,0,5,0,0,9,0,1,1,1,22,5,12882,2,7,7,2
201442I026601,1,9,0,12,0,0,1,0,0,0,4,1,2,1,32,6,-1,-1,-1,4,1
201442I026601,2,9,0,12,0,0,1,0,1,10,3,1,2,1,26,6,-1,-1,-1,2,1
201442I026701,1,9,0,7,0,6,0,0,0,0,0,1,6,3,-1,-1,-1,-1,-1,-1,-1
201442I026701,2,19,0,18,0,1,1,0,7,4,1,1,6,1,45,7,1998,2,13,10,1
201442I026801,1,9,0,4,0,4,0,0,0,0,4,1,6,2,75,10,-1,-1,-1,5,1
201442I026801,2,1,0,5,0,4,0,0,0,0,2,1,6,2,44,7,-1,-1,-1,-1,-1
201442I026901,1,9,0,2,0,2,0,0,0,0,3,1,6,2,-1,-1,1461,2,4,-1,-1
201442I026901,2,1,0,18,0,1,0,0,0,0,1,1,6,1,30,6,-1,-1,-1,3,1
201442I027001,1,9,0,18,0,0,0,0,0,0,1,1,6,2,26,6,1149,1,14,6,1
201442I027001,2,9,0,3,0,0,0,0,0,0,2,1,6,1,24,5,1461,2,6,2,1
201442I027101,1,9,0,1,0,8,0,4,0,0,2,1,6,1,-1,-1,-1,-1,-1,-1,-1
201442I027101,2,9,0,2,0,1,0,4,0,0,1,1,6,2,18,4,998,1,10,4,1
201442I027101,3,9,0,2,0,1,0,0,0,0,2,1,6,1,-1,-1,1896,2,12,4,1
201442I027201,1,9,0,7,0,6,0,0,0,0,3,1,6,1,-1,-1,-1,-1,-1,-1,-1
201442I027301,1,9,0,4,0,4,0,0,0,0,1,1,6,2,32,6,-1,-1,-1,9,1
201442I027301,2,9,0,3,0,4,0,0,0,0,2,1,2,2,32,6,1390,1,9,9,1
201442I027401,1,9,0,18,0,1,0,0,0,0,1,1,1,1,60,9,-1,-1,-1,8,3
201442I027601,1,9,0,17,0,4,0,0,0,0,1,1,6,1,-1,-1,-1,-1,-1,-1,-1
201442I027601,2,1,0,18,0,4,0,0,0,0,4,1,6,1,20,4,-1,-1,-1,5,1
201442I027701,1,4,0,18,0,1,0,0,1,2,1,1,6,1,43,7,398,1,13,4,1
201442I027701,2,19,0,18,0,1,0,0,0,0,0,1,6,1,36,7,-1,-1,-1,5,1
201442I027801,1,9,0,18,0,8,0,0,0,0,3,1,2,1,62,9,3300,1,13,7,1
201442I027801,2,2,0,18,0,8,0,0,0,0,1,1,6,1,41,7,49,1,6,-1,1
201442I027901,1,9,0,18,0,8,0,0,0,0,1,1,2,1,42,7,1689,2,13,8,2
201442I028001,1,3,0,17,0,0,0,0,0,0,3,1,1,1,38,7,-1,-1,-1,-1,1
201442I028101,1,9,0,18,0,0,0,0,0,0,1,1,2,1,57,9,1560,2,6,8,3
201442I028101,2,9,0,3,0,0,0,0,0,0,2,1,6,2,45,7,1124,1,13,4,1
201442I028101,3,20,0,3,0,0,0,0,0,0,2,1,2,1,48,8,-1,-1,-1,8,1
201442I028201,1,9,0,16,0,1,1,0,0,0,1,1,1,1,29,6,-1,-1,-1,9,1
201442I028201,2,9,0,17,0,1,0,0,1,0,1,1,3,2,36,7,1995,2,4,7,3
201442I028301,1,9,0,18,0,0,0,0,0,0,1,1,6,1,36,7,-1,-1,-1,4,1
201442I028301,2,1,0,18,9,0,0,0,7,11,4,1,2,1,25,5,-1,-1,-1,4,1
201442I028401,1,9,0,4,0,0,0,0,0,0,1,1,6,1,-1,-1,1149,1,13,-1,-1
201442I028501,1,9,0,18,0,4,0,0,0,0,1,1,6,1,83,11,1339,1,11,10,1
201442I028501,2,9,0,9,0,4,0,0,0,0,1,1,6,2,23,5,1360,1,14,9,1
201442I028601,1,20,0,5,0,2,0,0,0,0,1,1,1,1,26,6,-1,-1,-1,7,3
201442I028701,1,9,0,18,0,6,0,0,0,0,1,1,3,1,76,11,1299,1,11,4,3
201442I028701,2,9,0,9,0,6,0,0,0,0,1,1,3,2,24,5,1587,1,10,6,1
201442I028801,1,9,0,18,0,4,0,0,0,0,1,1,6,1,84,11,-1,-1,-1,5,1
201442I028801,2,9,0,18,0,4,0,0,0,0,3,1,6,1,34,6,1997,2,12,9,1
201442I028901,1,5,0,15,0,4,0,0,0,0,1,1,6,1,25,5,598,1,23,2,1
201442I028901,2,9,0,7,0,3,0,0,0,0,4,1,1,2,29,6,998,1,1,6,1
201442I029001,1,9,0,11,0,0,0,0,0,0,1,1,6,1,28,6,1149,1,8,10,1
201442I029001,2,9,0,18,0,0,0,0,1,7,2,1,6,1,54,8,-1,-1,-1,7,3
201442I029101,1,9,0,15,0,0,1,0,0,0,1,1,6,1,29,6,-1,-1,-1,9,1
201442I029101,2,9,0,18,0,0,1,0,0,0,1,1,6,1,21,5,1582,2,1,2,1
201442I029201,1,9,0,18,0,0,1,0,1,4,1,1,3,2,34,6,1999,1,7,8,2
201442I029301,1,9,0,9,0,8,1,0,0,0,4,1,6,2,33,6,3165,1,10,-1,3
201442I029301,2,9,0,9,0,8,1,0,0,0,3,1,6,2,33,6,1596,1,10,-1,3
201442I029401,1,9,0,4,0,0,0,0,0,0,3,1,6,2,17,4,1229,1,1,3,1
201442I029401,2,5,0,18,0,0,0,0,0,0,1,1,6,1,48,8,-1,-1,-1,8,1
201442I029501,1,9,0,18,0,0,0,0,0,0,1,1,6,3,-1,-1,-1,-1,-1,-1,-1
201442I029501,2,9,0,18,0,0,0,0,0,0,2,1,6,1,36,7,1587,1,15,5,1
201442I029701,1,9,0,18,0,1,0,0,0,0,1,1,6,2,21,5,1199,1,10,9,1
201442I029701,2,1,0,18,0,1,0,0,0,0,1,1,6,2,5,1,-1,-1,-1,-1,-1
201442I029901,1,1,0,18,9,1,0,0,0,0,1,1,6,1,14,3,-1,-1,-1,-1,-1
201442I029901,2,9,0,1,9,5,0,0,0,0,3,1,6,2,67,10,1596,1,6,4,1
201442I030001,1,9,0,18,0,0,0,0,0,0,1,1,6,1,-1,-1,1242,1,3,-1,-1
201442I030001,2,19,0,18,0,0,0,0,0,0,2,1,6,1,26,6,2143,2,4,8,1
201442I030101,1,9,0,5,0,6,0,0,0,0,1,1,6,1,52,8,1364,2,11,-1,-1
201442I030101,2,1,0,18,0,1,0,0,0,0,4,1,6,1,27,6,-1,-1,-1,4,1
201442I030201,1,2,0,18,0,4,0,0,0,0,1,1,6,2,33,6,100,1,7,4,1
201442I030201,2,9,0,18,0,3,0,0,0,0,4,1,2,2,24,5,1299,1,6,6,1
201442I030301,1,9,0,18,0,0,0,0,0,0,1,1,6,1,72,10,1769,1,13,7,1
201442I030301,2,20,0,4,0,0,0,0,0,0,2,1,6,1,30,6,-1,-1,-1,5,1
201442I030301,3,1,0,4,0,0,0,0,0,0,0,1,6,3,-1,-1,-1,-1,-1,-1,-1
201442I030401,1,9,0,5,0,2,0,0,0,0,1,1,3,1,56,9,1749,1,11,3,1
201442I030401,2,5,0,18,0,2,0,4,0,0,1,1,2,1,48,8,-1,-1,-1,4,1
201442I030401,3,19,0,2,0,2,0,0,0,0,2,1,6,1,50,8,-1,-1,-1,4,1
201442I030501,1,9,0,18,0,0,0,0,0,0,1,1,6,1,41,7,1598,2,2,-1,-1
201442I030501,2,9,0,18,0,0,0,0,0,0,1,1,6,1,27,6,1598,1,13,4,1
201442I030601,1,19,0,10,0,6,0,0,0,0,1,1,1,1,19,4,1248,2,4,10,1
201442I030601,2,19,0,18,0,1,0,0,0,0,4,1,1,1,48,8,2198,2,2,6,3
201442I030701,1,9,0,11,0,0,0,0,0,0,4,1,2,1,43,7,1995,1,11,6,3
201442I030701,2,3,0,18,0,0,0,0,0,0,3,1,6,1,32,6,124,1,4,10,3
201442I030801,1,9,0,18,0,0,0,0,0,0,1,1,6,1,80,11,-1,-1,-1,4,3
201442I030801,2,9,0,18,0,0,0,0,0,0,1,1,6,1,43,7,1390,1,12,-1,1
201442I030801,3,9,0,18,0,0,0,0,0,0,2,1,6,1,31,6,-1,-1,-1,8,2
201442I030901,1,9,0,9,0,6,0,0,0,0,1,1,6,2,29,6,1598,1,-1,9,1
201442I030901,2,1,0,18,0,8,0,0,0,0,1,1,6,1,58,9,-1,-1,-1,9,3
201442I031001,1,9,0,16,0,0,1,0,0,0,1,1,6,2,49,8,1242,1,3,3,1
201442I031001,2,9,0,16,0,0,0,0,0,0,1,1,6,1,34,6,1896,2,12,4,3
201442I031001,3,9,0,16,0,0,0,0,0,0,1,1,6,1,41,7,-1,-1,-1,-1,-1
201442I031001,4,9,0,16,0,0,1,0,0,0,1,1,6,2,36,7,1598,1,13,1,1
201442I031201,1,9,0,18,0,0,0,0,0,0,1,1,6,1,36,7,1197,1,1,7,1
201442I031201,2,8,0,18,0,0,0,0,0,0,2,1,1,1,29,6,1910,2,5,-1,-1
201442I031301,1,9,0,5,0,4,0,0,0,0,3,1,2,1,36,7,998,1,1,4,3
201442I031301,2,4,0,17,0,8,0,0,0,0,1,1,2,1,52,8,498,1,12,1,1
201442I031401,1,9,0,4,0,0,0,0,0,0,1,1,1,2,22,5,1598,1,9,8,1
201442I031401,2,9,0,4,0,0,0,0,0,0,2,1,1,1,61,9,-1,-1,-1,7,1
201442I031501,1,9,0,17,0,8,0,0,0,0,1,1,6,1,26,6,1527,2,16,9,2
201442I031501,2,9,0,16,0,8,0,0,0,0,1,1,6,1,70,10,2402,2,5,7,3
201442I031601,1,9,0,18,0,8,1,0,0,0,4,1,2,1,55,8,-1,-1,-1,9,2
201442I031701,1,9,0,18,0,0,2,0,7,9,1,1,6,2,59,9,1242,1,12,5,1
201442I031801,1,20,0,1,9,6,0,0,0,11,3,1,1,1,67,10,4250,2,12,2,1
201442I031901,1,9,0,17,0,0,0,0,1,4,1,1,6,1,18,4,1400,2,7,7,3
201442I032001,1,9,0,18,0,1,1,0,0,0,1,1,6,1,-1,-1,1242,1,17,10,1
201442I032001,2,9,0,18,0,1,0,0,0,0,2,1,6,2,40,7,1598,1,14,10,2
201442I032101,1,9,0,9,0,1,0,0,0,0,1,1,2,1,22,5,1598,1,1,-1,1
201442I032201,1,9,0,18,0,1,0,0,0,0,1,1,6,1,20,4,1360,1,16,5,2
201442I032301,1,21,1,17,0,2,0,0,0,0,0,2,6,3,-1,-1,-1,-1,-1,-1,-1
201442I032301,2,9,0,16,0,2,0,0,0,0,1,1,2,1,67,10,2261,1,5,8,1
201442I032301,3,11,0,16,0,2,0,0,0,0,2,1,2,1,54,8,3900,2,9,7,2
201442I032401,1,9,0,9,0,1,0,0,0,0,1,1,2,1,25,5,1242,1,2,5,3
201442I032401,2,9,0,18,0,1,0,0,0,11,1,1,1,2,24,5,1390,1,3,4,1
201442I032501,1,9,0,18,0,1,1,0,1,3,1,1,6,1,45,7,1596,1,13,8,2
201442I032601,1,19,0,5,0,1,0,0,0,0,3,1,1,1,33,6,1753,2,6,4,1
201442I032601,2,8,0,6,0,1,0,0,0,0,1,1,6,2,85,11,1298,1,11,5,1
201442I032701,1,9,0,3,0,1,0,0,0,0,4,1,1,1,58,9,1968,2,1,7,3
201442I032801,1,9,0,3,0,4,0,0,0,0,2,1,6,2,39,7,1364,1,7,3,1
201442I032801,2,9,0,3,0,4,0,0,0,0,1,1,6,1,-1,-1,1798,8,1,-1,-1
201442I032901,1,19,0,18,0,1,1,0,0,0,1,1,1,1,-1,-1,-1,-1,-1,3,1
201442I032901,2,19,0,3,0,1,0,0,0,0,0,1,1,1,22,5,-1,-1,-1,9,2
201442I033201,1,9,0,18,0,1,0,0,0,0,1,1,1,1,48,8,-1,-1,-1,-1,-1
201442I033201,2,9,0,18,0,1,0,0,0,0,2,1,6,2,27,6,-1,-1,-1,5,1
201442I033301,1,9,0,18,0,0,0,0,0,0,1,1,1,1,29,6,1686,2,2,4,1
201442I033301,2,2,0,18,0,0,1,0,1,0,2,1,1,1,17,4,49,1,1,-1,2
201442I033401,1,9,0,18,0,1,0,0,0,0,1,1,1,1,62,9,-1,-1,-1,-1,-1
201442I033401,2,9,0,18,0,1,0,0,0,0,2,1,6,2,62,9,1560,2,1,2,1
201442I033501,1,9,0,18,0,0,5,0,7,10,3,1,1,1,43,7,1798,1,7,5,1
201442I033601,1,9,0,18,0,0,1,0,1,4,1,1,2,1,31,6,1599,1,12,7,1
201442I033701,1,9,0,18,0,1,0,0,0,0,1,1,6,2,36,7,1868,2,13,-1,-1
201442I033701,2,9,0,3,0,1,0,0,0,0,2,1,6,2,36,7,1591,1,4,-1,-1
201442I033901,1,9,0,18,0,0,0,0,0,0,1,1,6,1,-1,-1,998,1,16,-1,-1
201442I033901,2,9,0,4,0,0,0,0,0,0,2,1,6,1,38,7,1796,1,8,6,1
201442I034001,1,9,0,5,0,4,0,0,0,0,3,1,2,1,28,6,1598,1,1,4,1
201442I034001,2,9,0,9,0,4,0,0,0,0,4,1,2,2,40,7,1364,2,2,8,1
201442I034101,1,9,0,2,0,2,0,8,0,0,4,1,6,2,45,7,2521,1,5,-1,-1
201442I034101,2,9,0,18,0,1,0,0,0,0,3,1,6,3,-1,-1,-1,-1,-1,-1,-1
201442I034201,1,9,0,18,0,1,0,0,0,0,1,1,6,1,41,7,1968,2,5,-1,-1
201442I034201,2,9,0,18,0,1,0,0,0,0,1,1,6,2,55,8,2143,2,1,8,3
201442I034301,1,9,0,4,0,1,0,0,0,0,2,1,6,1,26,6,1995,2,13,5,1
201442I034301,2,9,0,4,0,1,0,0,0,0,1,1,2,2,34,6,1398,1,1,2,1
201442I034401,1,9,0,9,0,1,0,0,0,0,3,1,6,1,20,4,1229,1,1,10,1
201442I034401,2,19,0,18,0,2,0,0,0,0,1,1,6,1,20,4,1753,2,11,7,1
201442I034501,1,9,0,10,0,2,0,0,0,0,4,1,6,2,54,8,1388,1,9,10,1
201442I034501,2,5,0,18,0,2,0,0,0,0,3,1,6,1,56,9,647,1,15,10,1
201442I034601,1,9,0,9,0,1,0,0,0,0,1,1,6,2,-1,-1,1242,1,2,8,1
201442I034601,2,1,0,18,0,1,0,0,0,0,3,1,6,1,58,9,-1,-1,-1,-1,-1
201442I034702,1,9,0,18,0,4,0,0,0,0,1,1,6,1,24,5,1600,1,10,6,1
201442I034702,2,1,0,18,0,3,0,0,0,0,2,1,6,1,53,8,-1,-1,-1,7,1
201442I034801,1,9,0,5,0,2,0,0,0,0,4,1,6,1,23,5,1796,1,8,6,1
201442I034801,2,9,0,18,0,8,0,0,0,0,1,1,6,1,62,9,-1,-1,-1,9,1
201442I034902,1,5,0,18,0,8,0,0,0,0,1,1,6,1,31,6,-1,-1,-1,4,1
201442I034902,2,9,0,8,0,8,0,0,0,0,4,1,6,1,45,7,1997,2,1,6,1
201442I034902,3,9,0,18,0,8,0,0,0,7,4,1,6,1,22,5,1794,1,11,2,1
201442I035001,1,9,0,18,0,0,0,0,1,0,1,1,6,2,44,7,1998,1,12,8,2
201442I035001,2,9,0,1,0,0,0,0,1,0,1,1,6,2,25,5,1598,1,9,-1,-1
201442I035101,1,9,0,5,0,2,1,0,0,0,1,1,6,1,70,10,1998,1,10,3,1
201442I035101,2,9,0,18,0,1,5,0,0,0,1,1,2,2,41,7,1997,1,9,2,1
201442I035201,1,21,0,18,0,1,0,0,0,0,1,1,1,1,40,7,-1,-1,-1,10,1
201442I035201,2,9,0,18,0,1,0,0,0,0,3,1,1,2,30,6,-1,-1,-1,5,1
201442I035301,1,9,0,6,0,1,0,0,0,0,4,1,6,2,48,8,1989,1,15,9,2
201442I035301,2,3,0,18,0,1,0,0,0,0,1,1,2,1,23,5,125,1,11,2,1
201442I035402,1,3,0,4,0,0,1,0,1,0,4,1,6,1,24,5,125,1,-1,5,1
201442I035501,1,9,0,16,0,0,1,0,3,10,1,1,6,1,-1,-1,1984,1,8,-1,-1
201442I035501,2,9,0,17,0,0,1,0,0,0,1,1,6,1,-1,-1,2179,2,-1,5,1
201442I035601,1,9,0,18,0,2,0,0,0,0,1,1,6,1,-1,-1,-1,-1,-1,-1,-1
201442I035701,1,9,0,18,0,1,0,0,0,0,1,1,6,1,-1,-1,1598,1,12,-1,-1
201442I035701,2,9,0,4,0,1,0,0,0,0,2,1,6,2,37,7,1596,1,11,9,1
201442I035701,3,9,0,4,0,1,0,0,0,0,2,1,6,1,29,6,998,1,1,9,1
201442I035801,1,9,0,3,0,4,0,0,0,0,1,1,6,2,21,5,1598,1,9,-1,-1
201442I035801,2,9,0,3,0,4,0,0,0,0,2,1,6,1,54,8,1199,1,12,4,1
201442I036001,1,9,0,9,0,6,0,0,3,0,3,1,6,1,77,11,1248,1,2,7,2
201442I036001,2,9,0,18,0,1,0,0,0,0,1,1,6,2,47,8,1968,2,1,7,3
201442I036201,1,9,0,18,0,0,1,0,4,6,1,1,6,2,48,8,3824,1,8,10,1
201442I036302,1,9,0,15,0,1,2,7,0,0,1,1,6,2,30,6,1796,1,15,4,1
201442I036401,1,9,0,18,0,3,0,0,0,0,1,1,6,3,-1,-1,-1,-1,-1,-1,-1
201442I036401,2,1,0,18,0,8,0,0,0,0,3,1,6,1,41,7,-1,-1,-1,3,1
201442I036501,1,97,0,18,0,1,1,0,0,0,1,1,6,1,19,4,124,1,1,3,1
201442I036501,2,9,0,18,0,1,0,0,0,0,1,1,6,2,70,10,-1,-1,-1,6,2
201442I036602,1,19,0,18,0,0,0,0,0,0,4,1,6,3,-1,-1,-1,-1,-1,-1,-1
201442I036701,1,9,0,18,0,1,0,0,0,0,1,1,6,2,-1,-1,-1,-1,-1,-1,-1
201442I036801,1,11,0,18,9,0,0,0,1,0,1,1,1,3,-1,-1,-1,-1,-1,-1,-1
201442I036901,1,1,0,3,0,1,0,0,0,0,4,1,6,1,-1,-1,-1,-1,-1,-1,-1
201442I036901,2,9,0,4,0,2,0,0,0,0,2,1,2,1,54,8,1968,2,1,8,1
201442I037001,1,8,0,1,9,0,0,0,0,0,2,1,1,1,-1,-1,-1,-1,-1,-1,-1
201442I037101,1,9,0,18,0,0,0,0,0,0,4,1,6,2,64,9,1396,1,3,-1,-1
201442I037201,1,9,0,18,0,0,0,0,0,0,1,1,6,1,30,6,3947,1,20,7,2
201442I037201,2,9,0,4,0,0,0,0,0,0,2,1,6,2,32,6,1329,1,4,2,1
201442I037302,1,9,0,16,0,4,0,0,0,0,0,1,6,3,-1,-1,-1,-1,-1,-1,-1
201442I037302,2,9,0,16,0,4,0,0,0,0,4,1,6,1,20,4,1984,1,3,3,1
201442I037302,3,9,0,18,0,4,0,0,0,0,1,1,6,2,50,8,1388,1,9,2,1
201442I037401,1,9,0,7,0,1,0,0,0,0,1,1,6,2,49,8,1796,1,13,10,3
201442I037401,2,9,0,4,0,2,0,0,0,0,2,1,6,2,31,6,1998,1,10,9,3
201442I037502,1,9,0,5,0,2,0,0,0,0,1,1,6,1,32,6,-1,-1,-1,7,1
201442I037502,2,1,0,17,0,8,0,0,0,0,2,1,6,2,45,7,-1,-1,-1,8,1
201442I037602,1,9,0,3,0,2,0,0,0,0,2,1,6,1,62,9,1995,2,8,9,3
201442I037602,2,9,0,3,0,2,0,0,0,0,2,1,6,2,36,7,-1,-1,-1,10,1
201442I037602,3,9,0,4,0,1,0,0,0,0,1,1,6,1,48,8,1596,1,4,3,1
201442I037702,1,3,0,14,0,0,0,0,0,0,1,1,2,1,20,4,-1,-1,-1,8,1
201442I037702,2,1,0,18,0,0,0,0,0,0,3,1,6,1,14,3,-1,-1,-1,5,1
201442I038002,1,9,0,10,0,2,0,0,0,0,1,1,6,1,46,8,-1,-1,-1,2,1
201442I038102,1,9,0,18,0,3,0,0,0,0,3,1,6,2,54,8,998,1,1,10,1
201442I038102,2,9,0,18,0,3,0,0,0,0,4,1,6,1,41,7,1997,2,7,9,3
201442I038202,1,9,0,18,0,0,0,0,1,4,1,1,6,1,34,6,1896,2,15,6,3
201442I038302,1,9,0,18,0,0,0,0,0,0,1,1,6,2,45,7,1242,1,13,6,1
201442I038302,2,9,0,3,0,0,0,0,0,0,2,1,6,1,21,5,1596,1,8,-1,-1
201442I038302,3,9,0,3,0,0,0,0,0,0,2,1,6,1,20,4,-1,-1,-1,4,2
201442I038401,1,9,0,18,0,0,0,0,0,0,0,1,6,3,-1,-1,-1,-1,-1,-1,-1
201442I038401,2,9,0,18,0,0,2,0,0,0,3,1,6,2,33,6,-1,-1,-1,4,1
201442I038502,1,9,0,4,0,1,0,0,7,0,4,1,1,1,45,7,-1,-1,-1,6,1
201442I038502,2,9,0,4,0,1,0,0,0,0,1,1,2,1,57,9,1199,1,10,8,2
201442I038602,1,9,0,5,0,4,0,0,0,0,2,1,3,2,44,7,1197,1,1,10,1
201442I038602,2,9,0,5,0,1,0,0,0,0,1,1,3,2,40,7,1596,1,7,-1,1
201442I038701,1,9,0,9,0,3,0,0,0,0,3,1,2,1,27,6,1596,1,12,8,1
201442I038701,2,1,0,18,0,8,0,0,0,0,1,1,2,1,37,7,-1,-1,-1,10,2
201442I038802,1,9,0,18,0,0,1,0,0,0,1,1,6,1,18,4,1299,1,13,-1,-1
201442I038802,2,5,0,5,0,0,0,0,0,0,2,1,6,1,55,8,1402,1,12,-1,-1
201442I038802,3,9,0,5,0,0,0,0,0,0,2,1,6,1,48,8,1994,2,11,8,1
201442I038902,1,9,0,4,0,0,0,0,0,0,1,1,2,1,35,6,1997,2,4,10,1
201442I038902,2,19,0,3,0,0,0,0,0,0,2,1,2,1,49,8,2402,2,3,-1,1
201442I038902,3,19,0,3,0,0,0,0,0,0,2,1,2,1,45,7,-1,-1,-1,-1,-1
201442I038902,4,19,0,3,0,0,0,0,0,0,2,1,2,1,47,8,1753,2,8,7,1
201442I039002,1,9,0,5,0,4,0,0,0,0,1,1,6,1,25,5,-1,-1,-1,2,1
201442I039002,2,9,0,3,0,4,0,0,0,0,2,1,6,2,60,9,-1,-1,-1,10,2
201442I039101,1,1,0,18,0,2,0,0,0,0,1,1,6,1,22,5,-1,-1,-1,2,1
201442I039101,2,9,0,18,0,2,0,0,0,0,2,1,6,2,23,5,973,1,11,10,2
201442I039202,1,9,0,18,0,1,0,0,0,0,1,1,1,2,32,6,1587,1,14,3,2