Accident_Index,Vehicle_Reference,Vehicle_Type,Towing_and_Articulation,Vehicle_Manoeuvre,Vehicle_Location-Restricted_Lane,Junction_Location,Skidding_and_Overturning,Hit_Object_in_Carriageway,Vehicle_Leaving_Carriageway,Hit_Object_off_Carriageway,1st_Point_of_Impact,Was_Vehicle_Left_Hand_Drive?,Journey_Purpose_of_Driver,Sex_of_Driver,Age_of_Driver,Age_Band_of_Driver,Engine_Capacity_(CC),Propulsion_Code,Age_of_Vehicle,Driver_IMD_Decile,Driver_Home_Area_Type
201442I039202,2,9,0,17,0,8,0,0,0,0,1,1,2,2,62,9,-1,-1,-1,7,3
201442I039302,1,9,0,5,0,4,0,0,0,0,1,1,6,3,-1,-1,1968,2,5,-1,-1
201442I039302,2,1,0,18,0,4,0,0,0,0,1,1,6,1,39,7,-1,-1,-1,-1,1
201442I039502,1,9,0,5,0,1,0,0,0,0,1,1,6,2,-1,-1,-1,-1,-1,-1,-1
201442I039601,1,9,0,18,0,0,0,0,0,0,1,1,6,2,54,8,1587,1,8,7,1
201442I039702,1,5,0,5,0,8,1,0,0,0,4,1,1,1,33,6,-1,-1,-1,2,1
201442I039801,1,3,0,18,0,4,0,0,0,0,1,1,2,1,21,5,125,1,1,1,1
201442I039902,1,1,0,18,0,1,0,0,0,0,1,1,6,1,15,3,-1,-1,-1,4,1
201442I039902,2,9,0,7,0,1,0,0,0,0,4,1,1,2,31,6,1968,2,8,8,2
201442I040001,1,9,0,18,0,0,0,0,0,0,1,1,6,2,22,5,1598,1,7,8,3
201442I040202,1,19,0,10,0,1,0,0,0,0,2,1,6,1,27,6,-1,-1,-1,10,3
201442I040202,2,9,0,18,0,1,0,0,0,0,1,1,6,1,-1,-1,-1,-1,-1,10,1
201442I040301,1,9,0,18,0,0,0,0,0,0,1,1,6,1,-1,-1,1598,2,2,6,3
201442I040301,2,9,0,3,0,0,0,0,0,0,2,1,6,1,-1,-1,1596,1,14,3,2
201442I040301,3,9,0,3,0,0,0,0,0,0,2,1,6,1,23,5,2494,1,13,7,1
201442I040402,1,9,0,11,0,0,0,0,0,0,1,1,3,1,32,6,1968,2,7,4,1
201442I040402,2,19,0,18,0,0,0,0,0,0,2,1,1,1,57,9,2998,2,2,8,1
201442I040602,1,9,0,18,0,0,0,0,0,0,1,1,1,1,51,8,1997,1,7,3,1
201442I040602,2,1,0,18,0,0,0,0,0,0,0,1,6,1,14,3,-1,-1,-1,3,1
201442I040702,1,9,0,5,0,0,0,0,0,0,1,1,6,1,48,8,2793,1,15,4,1
201442I040802,1,9,0,17,0,0,0,0,0,0,4,1,6,2,40,7,1332,1,16,8,1
201442I040802,2,1,0,17,0,0,0,0,0,0,3,1,6,1,45,7,-1,-1,-1,5,2
201442I040902,1,3,0,14,0,0,0,0,0,0,4,1,1,1,26,6,100,1,12,3,1
201442I040902,2,9,0,9,0,0,0,0,0,0,3,1,1,2,46,8,1560,2,5,5,1
201442I041002,1,19,0,18,0,1,0,0,0,0,1,1,6,1,36,7,-1,-1,-1,3,1
201442I041002,2,9,0,18,0,1,0,0,0,0,1,1,2,1,47,8,1679,1,12,2,1
201442I041002,3,9,0,9,0,1,0,0,0,0,0,1,2,2,55,8,-1,-1,-1,2,1
201442I041101,1,9,0,1,0,0,0,0,0,0,2,1,6,2,48,8,2497,2,9,6,2
201442I041101,2,9,0,2,0,0,0,0,0,0,3,1,6,1,-1,-1,1998,1,12,6,2
201442I041201,1,9,0,18,0,0,1,0,0,0,3,1,6,1,19,4,1124,1,12,7,2
201442I041201,2,9,0,18,0,0,0,0,0,0,4,1,6,2,50,8,1685,2,1,10,2
201442I041301,1,9,0,18,0,0,0,0,1,0,0,1,6,2,44,7,2993,2,10,7,1
201442I041401,1,1,0,18,9,1,0,0,0,0,1,1,2,1,55,8,-1,-1,-1,3,1
201442I041401,2,9,0,7,0,5,0,0,0,0,4,1,2,2,46,8,1910,2,6,3,1
201442I041501,1,9,0,18,0,0,0,0,0,0,1,1,2,2,20,4,1299,1,14,10,1
201442I041501,2,9,0,18,0,0,0,0,0,0,2,1,2,2,41,7,1299,1,12,4,1
201442I041501,3,9,0,18,0,0,0,0,0,0,2,1,2,1,32,6,1560,2,8,-1,1
201442I041601,1,9,0,18,0,0,0,0,0,0,1,1,6,1,36,7,1998,1,15,4,1
201442I041601,2,9,0,18,0,0,0,0,0,0,2,1,2,1,40,7,2171,1,9,4,1
201442I041701,1,9,0,18,0,0,1,0,0,0,1,1,6,1,48,8,1389,1,21,8,2
201442I041701,2,9,0,3,0,0,0,0,0,0,2,1,6,1,65,9,1999,1,9,4,3
201442I041801,1,9,0,1,0,0,0,0,0,0,2,1,6,1,71,10,-1,-1,-1,-1,-1
201442I041902,1,9,0,18,0,0,0,0,0,0,1,1,2,1,18,4,998,1,1,5,1
201442I041902,2,9,0,18,0,0,0,0,0,0,1,1,2,1,59,9,2435,1,17,5,1
201442I042002,1,19,0,1,0,0,0,0,0,0,2,1,2,1,46,8,2148,2,6,5,2
201442I042002,2,3,0,3,0,0,0,0,0,0,1,1,6,1,52,8,124,1,1,4,3
201442I042102,1,9,0,18,0,5,0,0,1,0,2,1,6,1,42,7,1686,2,6,4,1
201442I042102,2,20,0,11,0,5,0,0,0,0,0,1,1,1,27,6,6374,2,1,5,1
201442I042102,3,21,0,18,0,5,0,0,0,0,1,1,1,1,72,10,12580,2,9,6,1
201442I042202,1,19,0,16,0,0,2,0,1,9,1,1,1,2,38,7,1995,2,6,9,3
201442I042202,2,9,0,16,0,0,1,0,1,9,1,1,2,1,35,6,1598,1,13,10,1
201442I042402,1,9,0,18,0,0,0,0,0,0,1,1,6,1,-1,-1,1390,1,8,9,1
201442I042402,2,19,0,3,0,0,0,0,0,0,2,1,1,1,64,9,2299,2,3,1,1
201442I042502,1,9,0,18,0,0,1,0,1,0,4,1,2,1,51,8,1199,1,11,8,1
201442I042502,2,9,0,18,0,0,0,0,0,0,3,1,2,1,33,6,2993,2,9,8,1
201442I042602,1,9,0,9,0,6,0,0,0,0,1,1,6,2,30,6,1999,1,4,5,2
201442I042602,2,9,0,18,0,8,0,0,0,0,4,1,6,2,31,6,1229,1,6,10,1
201442I042702,1,9,0,7,0,6,0,0,0,0,1,1,6,2,56,9,1596,1,6,2,1
201442I042702,2,9,0,18,0,8,0,0,0,0,4,1,6,1,25,5,1999,1,12,2,1
201442I042802,1,9,0,6,0,0,0,0,0,0,3,1,2,1,36,7,1679,1,13,9,2
201442I042802,2,3,0,13,0,0,0,0,7,0,1,1,6,1,21,5,124,1,9,6,1
201442I042902,1,9,0,9,0,1,0,0,0,0,1,1,6,1,74,10,1560,2,7,8,1
201442I042902,2,1,0,10,0,1,0,0,0,0,1,1,6,1,58,9,-1,-1,-1,2,1
201442I043002,1,9,0,4,0,0,0,0,0,0,1,1,1,1,-1,-1,-1,-1,-1,-1,-1
201442I043002,2,9,0,4,0,0,0,0,0,0,2,1,1,2,33,6,1399,2,11,9,1
201442I043101,1,9,0,9,0,2,0,0,0,0,3,1,6,3,-1,-1,-1,-1,-1,-1,-1
201442I043101,2,1,0,8,0,1,0,0,0,0,1,1,1,1,49,8,-1,-1,-1,3,1
201442I043302,1,9,0,9,0,8,0,0,0,0,3,1,2,2,32,6,1388,1,7,6,1
201442I043302,2,9,0,18,0,8,0,0,0,0,1,1,2,2,24,5,1149,1,5,3,1
201442I043402,1,9,0,18,0,0,0,0,0,0,1,1,6,2,84,11,996,1,5,2,1
201442I043402,2,9,0,3,0,0,0,0,0,0,2,1,6,1,52,8,1598,1,13,2,1
201442I043402,3,9,0,5,0,0,0,0,0,0,2,1,6,2,24,5,1997,2,1,9,1
201442I043502,1,9,0,9,0,6,0,0,0,0,3,1,6,2,20,4,1398,1,1,7,1
201442I043502,2,9,0,18,0,1,0,0,0,0,4,1,6,2,49,8,1999,1,13,2,1
201442I043602,1,9,0,9,0,8,0,0,1,4,1,1,6,2,18,4,1598,1,12,9,1
201442I043702,1,9,0,18,0,2,0,0,0,0,1,1,6,2,39,7,1582,2,6,5,1
201442I043702,2,90,0,18,9,6,0,0,0,0,4,1,6,1,15,3,-1,-1,-1,-1,-1
201442I043802,1,4,0,4,0,1,1,0,0,0,0,1,2,1,42,7,749,1,2,10,1
201442I043902,1,9,0,18,0,2,0,0,0,0,1,1,2,2,58,9,1242,1,4,4,1
201442I043902,2,9,0,3,0,2,0,0,0,0,2,1,2,1,55,8,1149,1,6,7,1
201442I044002,1,9,0,16,0,0,5,0,1,4,1,1,6,1,65,9,1599,1,10,3,1
201442I044102,1,9,0,13,0,1,0,0,0,0,3,1,6,1,61,9,1124,1,17,7,1
201442I044102,2,9,0,13,0,1,0,0,0,2,4,1,6,1,41,7,1560,2,2,10,1
201442I044202,1,9,0,18,0,0,0,0,0,0,4,1,6,3,-1,-1,-1,-1,-1,-1,-1
201442I044301,1,9,0,18,0,1,0,0,0,0,1,1,2,2,20,4,1242,1,11,8,1
201442I044402,1,9,0,18,0,0,0,0,0,0,2,1,6,2,53,8,1597,2,1,4,1
201442I044402,2,9,0,18,0,0,0,0,1,0,2,1,6,2,69,10,1991,1,18,8,2
201442I044402,3,9,0,18,0,0,0,0,0,0,2,1,6,1,34,6,1968,2,3,10,1
201442I044402,4,9,0,18,0,0,0,0,0,0,1,1,6,1,29,6,1560,2,4,9,3
201442I044402,5,9,0,18,0,0,0,0,0,0,1,1,6,2,59,9,1398,1,4,10,2
201442I044501,1,9,0,3,0,2,0,0,0,0,2,1,6,2,22,5,1598,1,5,9,1
201442I044501,2,9,0,18,0,1,0,0,0,0,1,1,6,1,27,6,1599,1,10,10,1
201442I044602,1,9,0,3,0,1,0,0,0,0,1,1,6,1,-1,-1,1149,1,12,9,2
201442I044602,2,9,0,3,0,1,0,0,0,0,2,1,1,2,48,8,2231,2,4,10,1
201442I044702,1,9,0,16,0,0,0,0,7,11,1,1,6,2,89,11,1299,1,9,4,1
201442I044802,1,9,0,18,0,4,0,0,0,0,1,1,6,2,67,10,1796,1,9,10,1
201442I044802,2,9,0,18,0,8,5,0,0,0,4,1,6,2,48,8,1229,1,7,9,1
201442I044902,1,9,0,9,0,1,0,0,0,0,1,1,6,2,46,8,2496,2,10,7,1
201442I044902,2,9,0,18,0,1,0,0,0,0,1,1,6,2,43,7,1399,2,3,5,1
201442I045002,1,9,0,18,0,2,0,0,0,0,3,1,1,1,41,7,1560,2,1,7,1
201442I045002,2,1,0,18,9,1,0,0,0,0,1,1,6,1,28,6,-1,-1,-1,8,3
201442I045102,1,19,0,9,0,8,0,0,0,0,3,1,1,1,68,10,1461,2,2,10,2
201442I045102,2,9,0,13,0,8,1,0,0,0,1,1,1,1,38,7,1997,2,2,-1,-1
201442I045202,1,9,0,18,0,0,1,0,0,0,1,1,6,3,-1,-1,-1,-1,-1,-1,-1
201442I045202,2,9,0,4,0,0,0,0,0,0,2,1,2,1,57,9,1984,1,8,8,1
201442I045302,1,9,0,18,0,0,0,0,0,0,1,1,6,3,-1,-1,-1,-1,-1,-1,-1
201442I045302,2,1,0,4,0,0,0,0,0,0,3,1,1,1,13,3,-1,-1,-1,-1,-1
201442I045401,1,9,0,17,0,0,0,0,1,4,1,1,6,1,17,4,-1,-1,-1,5,1
201442I045502,1,9,0,16,0,0,0,0,0,0,1,1,6,1,83,11,1951,2,12,8,2
201442I045502,2,9,0,17,0,0,0,0,0,10,1,1,6,2,39,7,2777,2,5,8,3
201442I045502,3,9,0,16,0,0,0,0,0,0,1,1,1,1,50,8,-1,-1,-1,9,2
201442I045602,1,9,0,18,0,0,1,0,1,11,3,1,2,1,26,6,1796,1,7,3,1
201442I045602,2,9,0,18,0,0,0,0,0,0,1,1,6,1,57,9,1994,2,18,3,1
201442I045702,1,9,0,18,0,0,0,0,0,0,1,1,6,1,35,6,1995,2,9,3,1
201442I045702,2,9,0,18,0,0,0,0,1,0,2,1,6,1,37,7,1390,1,11,7,2
201442I045802,1,9,0,6,0,3,0,0,0,0,3,1,6,2,22,5,1149,1,1,10,2
201442I045802,2,5,0,14,0,3,1,0,0,0,1,1,1,1,42,7,599,1,6,7,1
201442I045902,1,9,0,4,0,0,0,0,0,0,1,1,1,1,46,8,3628,2,4,7,1
201442I045902,2,9,0,4,0,0,0,0,0,0,2,1,1,1,63,9,1997,2,10,7,3
201442I046002,1,9,0,9,0,5,0,0,0,0,4,1,6,2,45,7,1896,2,9,3,1
201442I046002,2,9,0,18,0,1,0,0,0,0,1,1,6,2,44,7,1390,1,14,2,1
201442I046002,3,9,0,10,0,1,0,0,0,0,1,1,6,1,49,8,1248,2,8,-1,-1
201442I046102,1,19,0,13,0,8,0,0,1,11,2,1,6,1,-1,-1,1248,2,4,-1,-1
201442I046102,2,9,0,9,0,8,0,0,0,0,0,1,6,1,26,6,1998,1,13,7,1
201442I046102,3,9,0,3,0,1,0,0,0,0,0,1,6,1,44,7,1753,2,14,6,1
201442I046202,1,21,1,4,0,1,0,0,0,0,4,1,1,1,48,8,11967,2,4,4,1
201442I046302,1,9,0,17,0,0,1,0,1,11,1,1,6,2,20,4,1461,2,10,6,1
201442I046402,1,3,0,17,0,0,0,0,0,0,1,1,6,1,25,5,125,1,1,4,1
201442I046402,2,9,0,16,0,0,0,0,0,0,3,1,6,2,52,8,1229,1,6,9,2
201442I046502,1,9,0,18,0,2,0,0,0,0,1,1,6,1,42,7,1998,1,12,7,1
201442I046502,2,1,0,18,0,5,0,0,0,0,4,1,6,2,40,7,-1,-1,-1,1,1
201442I046602,1,9,0,5,0,0,0,0,0,0,1,1,3,2,34,6,1781,1,15,2,1
201442I046702,1,9,0,10,0,1,0,0,0,0,1,1,2,2,25,5,1124,1,13,-1,-1
201442I046702,2,9,0,10,0,1,0,0,0,0,2,1,2,1,28,6,1599,1,17,4,1
201442I046802,1,9,0,18,0,0,0,0,0,0,4,1,6,1,70,10,2316,1,18,10,1
201442I046802,2,1,0,18,0,0,0,0,0,0,3,1,6,1,44,7,-1,-1,-1,5,1
201442I046902,1,9,0,18,0,4,0,0,0,0,1,1,2,1,43,7,1781,1,14,3,1
201442I046902,2,9,0,3,0,4,0,0,0,0,2,1,2,2,50,8,1599,1,8,6,1
201442I047101,1,9,0,18,0,4,0,0,0,0,1,1,6,1,44,7,2143,2,3,10,1
201442I047101,2,9,0,18,0,8,1,0,0,0,4,1,6,1,19,4,1390,1,5,10,1
201442I047201,1,9,0,9,0,8,0,0,0,0,3,1,2,2,43,7,1995,2,1,7,1
201442I047201,2,9,0,18,0,1,0,0,0,0,1,1,6,1,26,6,1299,1,16,1,1
201442I047302,1,9,0,17,0,1,1,4,2,11,1,1,6,1,33,6,1997,1,13,8,1
201442I047302,2,9,0,2,0,1,0,0,0,0,1,1,6,3,-1,-1,2199,2,2,-1,-1
201442I047402,1,5,0,18,0,1,0,0,0,0,1,1,2,1,32,6,600,1,14,5,1
201442I047402,2,9,0,9,0,5,0,0,0,0,3,1,3,2,24,5,1596,1,12,4,1
201442I047602,1,9,0,3,0,0,0,0,0,0,1,1,3,2,-1,-1,-1,-1,-1,-1,-1
201442I047602,2,3,0,3,0,0,0,0,0,0,2,1,4,1,20,4,125,1,4,6,1
201442I047702,1,9,0,7,0,5,0,0,0,0,4,1,3,2,33,6,1598,1,14,7,1
201442I047702,2,1,0,18,0,1,0,0,0,0,3,1,2,1,50,8,-1,-1,-1,7,3
201442I047802,1,9,0,18,0,1,0,0,0,0,4,1,6,3,-1,-1,1598,1,9,-1,-1
201442I047902,1,19,0,3,0,4,0,0,0,0,1,1,6,1,-1,-1,1560,2,4,-1,-1
201442I047902,2,9,0,3,0,4,0,0,0,0,2,1,6,2,76,11,1242,1,3,-1,-1
201442I048002,1,9,0,3,0,1,0,0,0,0,1,1,6,1,-1,-1,1597,1,5,-1,-1
201442I048002,2,9,0,3,0,1,0,0,0,0,1,1,6,1,51,8,1396,2,1,6,1
201442I048102,1,9,0,4,0,1,0,0,0,0,3,1,6,2,49,8,1796,1,11,3,1
201442I048102,2,9,0,18,0,8,0,0,0,0,3,1,6,1,26,6,2979,1,10,9,3
201442I048202,1,9,0,17,0,0,0,0,0,0,1,1,6,2,68,10,1595,1,6,8,1
201442I048202,2,9,0,16,0,0,0,0,0,0,1,1,6,1,66,10,1798,8,-1,5,2
201442I048302,1,9,0,14,0,1,0,0,0,0,0,1,2,1,23,5,-1,-1,-1,2,1
201442I048402,1,19,0,5,0,4,0,0,0,0,1,1,1,1,21,5,1686,2,10,4,1
201442I048402,2,9,0,3,0,1,0,0,0,0,2,1,1,2,48,8,1360,1,10,4,1
201442I048602,1,9,0,18,0,3,0,0,0,0,2,1,6,1,-1,-1,998,1,1,-1,-1
201442I048602,2,3,0,18,0,3,0,0,0,0,1,1,6,1,17,4,-1,-1,-1,5,1
201442I048802,1,9,0,9,0,1,0,0,7,0,2,1,6,2,45,7,1968,2,2,-1,-1
201442I048802,2,9,0,13,0,1,0,0,7,0,1,1,1,1,42,7,-1,-1,-1,6,1
201442I048902,1,9,0,17,0,0,2,0,1,9,4,1,1,2,49,8,1598,1,10,3,1
201442I049102,1,9,0,18,0,8,0,0,0,0,1,1,6,1,56,9,1364,1,5,3,1
201442I049102,2,1,0,18,0,8,0,0,0,0,4,1,6,1,27,6,-1,-1,-1,5,1
201442I049202,1,21,1,18,0,0,2,0,1,0,1,1,1,1,56,9,10837,2,6,-1,-1
201442I049202,2,20,0,18,0,0,0,0,0,0,1,1,1,1,23,5,-1,-1,-1,4,1
201442I049202,3,9,0,18,0,0,0,0,0,0,1,1,1,1,40,7,1560,2,3,3,1
201442I049402,1,9,0,7,0,3,0,0,0,0,1,1,6,1,-1,-1,-1,-1,-1,-1,-1
201442I049402,2,1,0,7,0,3,0,0,0,0,2,1,6,2,38,7,-1,-1,-1,1,1
201442I049502,1,9,0,9,0,8,0,0,0,0,3,1,6,3,-1,-1,-1,-1,-1,-1,-1
201442I049502,2,1,0,13,0,1,1,0,0,0,1,1,6,1,36,7,-1,-1,-1,4,1
201442I049602,1,9,0,3,0,1,0,0,0,0,1,1,6,2,46,8,1242,1,1,8,1
201442I049602,2,9,0,18,0,1,0,0,0,0,2,1,6,2,-1,-1,1149,1,13,5,2
201442I049702,1,9,0,18,0,4,0,0,0,0,1,1,6,1,-1,-1,-1,-1,-1,-1,-1
201442I049702,2,9,0,18,0,4,0,0,0,0,2,1,2,2,27,6,1299,1,7,3,1
201442I049802,1,9,0,18,0,3,0,0,0,0,1,1,6,2,28,6,1992,2,7,10,2
201442I049902,1,9,0,18,0,0,0,0,0,6,1,1,6,2,20,4,1248,2,7,2,1
201442I049902,2,9,0,18,0,0,0,0,0,0,1,1,2,1,44,7,1997,2,13,7,3
201442I050002,1,9,0,18,0,0,0,0,0,0,1,1,6,1,46,8,-1,-1,-1,6,3
201442I050002,2,9,0,18,0,0,0,0,0,0,2,1,6,2,35,6,2979,1,13,2,1
201442I050102,1,9,0,18,0,0,0,0,0,0,1,1,6,1,-1,-1,1896,2,14,-1,-1
201442I050102,2,9,0,2,0,0,0,0,0,0,3,1,3,2,28,6,1598,1,16,-1,-1
201442I050202,1,98,0,18,0,1,0,0,0,0,0,1,6,3,-1,-1,-1,-1,-1,-1,-1
201442I050202,2,9,0,18,0,1,1,0,2,10,0,1,6,2,41,7,1948,1,11,8,2
201442I050302,1,9,0,18,0,4,0,0,0,0,1,1,6,2,28,6,1600,1,10,-1,-1
201442I050302,2,9,0,18,0,4,0,0,0,0,1,1,1,1,18,4,1242,1,11,7,1
201442I050402,1,9,0,10,0,1,0,0,0,0,1,1,6,2,29,6,1796,1,6,-1,-1
201442I050402,2,9,0,10,0,1,0,0,0,0,2,1,1,1,59,9,1794,1,11,7,3
201442I050602,1,9,0,18,0,2,0,0,0,0,4,1,6,2,34,6,1798,1,10,4,1
201442I050702,1,9,0,18,0,0,1,0,0,0,1,1,6,1,47,8,1197,1,4,4,1
201442I050802,1,9,0,18,0,0,0,0,0,4,1,1,6,2,19,4,1124,1,15,8,1
201442I050902,1,19,0,1,0,2,0,0,0,0,2,1,1,1,59,9,2287,2,3,-1,-1
201442I050902,2,3,0,18,0,2,0,0,0,0,1,1,6,1,22,5,124,1,10,3,1
201442I051002,1,9,0,18,0,0,0,0,0,0,1,1,6,3,-1,-1,-1,-1,-1,-1,-1
201442I051002,2,1,0,18,0,0,0,0,0,0,4,1,6,1,66,10,-1,-1,-1,3,1
201442I051102,1,9,0,18,0,0,0,0,0,0,1,1,1,1,25,5,1124,1,14,4,1
201442I051202,1,9,0,18,0,4,0,0,0,0,1,1,1,2,33,6,1598,1,10,6,1
201442I051202,2,9,0,18,0,4,0,0,0,0,2,1,2,1,31,6,1199,1,13,-1,1
201442I051302,1,9,0,18,0,0,1,0,0,0,1,1,1,1,44,7,-1,-1,-1,1,1
201442I051302,2,9,0,18,0,0,0,0,0,0,2,1,1,1,66,10,2499,1,5,10,1
201442I051302,3,9,0,18,0,0,0,0,0,0,2,1,1,1,53,8,2720,2,7,-1,1
201442I051401,1,9,0,7,0,1,0,0,0,0,1,1,6,1,-1,-1,2500,2,15,6,3
201442I051401,2,9,0,18,0,1,0,0,0,0,1,1,2,1,58,9,-1,-1,-1,5,1
201442I051502,1,9,0,5,0,7,0,0,0,0,1,1,6,1,19,4,1800,1,30,7,3
201442I051502,2,9,0,18,0,8,0,0,0,0,4,1,2,1,53,8,-1,-1,-1,9,2
201442I051602,1,9,0,18,0,0,1,0,1,3,1,1,1,1,30,6,2993,2,2,-1,-1
201442I051702,1,9,0,18,0,1,0,0,0,0,1,1,2,1,35,6,1997,2,14,5,1
201442I051702,2,9,0,18,0,1,0,0,0,0,1,1,2,2,43,7,1995,2,10,-1,1
201442I051802,1,11,0,18,0,0,0,0,0,0,1,1,1,1,51,8,9000,2,15,5,1
201442I051902,1,9,0,17,0,7,2,0,1,0,3,1,6,2,39,7,1996,1,11,2,2
201442I052002,1,9,0,9,0,1,0,0,0,0,4,1,6,1,40,7,1910,2,5,2,1
201442I052102,1,9,0,5,0,0,0,0,0,0,1,1,6,2,33,6,1796,1,9,3,1
201442I052102,2,9,0,14,0,0,0,0,0,0,1,1,6,2,37,7,989,1,14,2,1
201442I052202,1,9,0,18,0,0,0,0,0,0,1,1,6,3,-1,-1,-1,-1,-1,-1,-1
201442I052302,1,9,0,18,0,8,0,0,0,0,1,1,6,1,-1,-1,1388,1,11,3,1
201442I052302,2,9,0,3,0,8,0,0,0,0,2,1,6,1,18,4,1596,1,3,9,1
201442I052402,1,9,0,5,0,4,0,0,0,0,1,1,6,1,24,5,1995,1,10,-1,-1
201442I052402,2,9,0,5,0,4,0,0,0,0,2,1,6,1,23,5,1991,1,20,8,1
201442I052502,1,9,0,9,0,1,0,0,0,0,1,1,6,2,32,6,1596,1,3,8,2
201442I052602,1,9,0,15,0,1,1,0,0,0,1,1,6,1,44,7,1968,2,7,7,3
201442I052602,2,9,0,9,0,1,0,0,0,0,2,1,6,2,-1,-1,1229,1,10,9,2
201442I052702,1,21,1,18,0,0,0,0,0,0,1,2,1,1,20,4,-1,-1,-1,-1,-1
201442I052702,2,9,0,18,0,0,2,7,1,11,4,1,6,2,23,5,1242,1,13,9,1
201442I052802,1,19,0,5,0,4,0,0,0,0,1,1,2,1,38,7,-1,-1,-1,7,1
201442I052802,2,1,0,18,0,8,0,0,0,0,4,1,2,1,35,6,-1,-1,-1,3,1
201442I052902,1,1,0,18,9,0,0,0,0,0,3,1,2,2,41,7,-1,-1,-1,4,1
201442I052902,2,9,0,18,0,0,0,0,0,0,4,1,2,1,46,8,-1,-1,-1,8,1
201442I053002,1,9,0,16,0,0,0,0,0,0,1,1,6,2,33,6,1999,1,6,7,1
201442I053002,2,9,0,9,0,0,0,0,0,0,2,1,1,2,48,8,1560,2,8,10,1
201442I053102,1,9,0,18,0,0,0,12,1,9,1,1,6,1,72,10,1956,2,2,5,2
201442I053202,1,9,0,18,0,8,0,0,0,0,1,1,6,1,35,6,3498,1,10,6,1
201442I053202,2,9,0,9,0,8,0,0,1,3,3,1,6,2,22,5,1299,1,12,4,1
201442I053302,1,9,0,18,0,0,0,0,0,0,1,1,6,1,38,7,2993,2,5,3,1
201442I053302,2,9,0,3,0,0,0,0,0,0,2,1,6,2,67,10,1242,1,12,5,1
201442I053302,3,9,0,3,0,0,0,0,0,0,2,1,6,1,59,9,1686,2,2,2,1
201442I053402,1,9,0,5,0,4,0,0,0,0,1,1,6,1,69,10,1598,1,13,7,1
201442I053402,2,9,0,5,0,4,0,0,0,0,2,1,6,2,52,8,2143,2,2,4,3
201442I053502,1,9,0,5,2,0,0,0,0,0,3,1,1,2,56,9,1753,2,5,-1,-1
201442I053502,2,9,0,7,2,0,0,0,0,0,1,1,1,1,42,7,-1,-1,-1,-1,-1
201442I053602,1,9,0,18,0,8,0,8,0,0,1,1,6,1,83,11,998,1,10,8,1
201442I053702,1,9,0,17,0,0,0,0,7,4,2,1,6,2,40,7,1364,1,10,3,1
201442I053802,1,9,0,18,0,0,0,0,0,0,4,1,6,2,19,4,1000,1,1,7,1
201442I053902,1,9,0,4,0,4,0,4,0,0,1,1,6,2,-1,-1,-1,-1,-1,-1,-1
201442I053902,2,9,0,3,0,4,0,0,3,0,2,1,6,1,28,6,1149,1,15,8,2
201442I054002,1,19,0,18,0,1,0,0,0,0,1,1,1,1,31,6,1560,2,4,-1,-1
201442I054002,2,9,0,3,0,1,0,0,0,0,2,1,1,2,45,7,1086,1,4,4,1
201442I054102,1,9,0,3,0,1,0,0,0,0,2,1,6,1,-1,-1,-1,-1,-1,10,2
201442I054102,2,9,0,3,0,1,0,0,0,0,1,1,6,2,85,11,1242,1,11,9,2
201442I054202,1,9,0,5,0,0,0,0,0,0,1,1,6,3,-1,-1,-1,-1,-1,-1,-1
201442I054202,2,4,0,18,0,0,0,0,0,0,1,1,6,1,36,7,-1,-1,-1,3,1
201442I054302,1,21,1,18,0,8,0,0,0,0,3,1,6,3,-1,-1,11967,2,3,-1,-1
201442I054302,2,9,0,3,0,8,0,0,0,0,4,1,6,2,48,8,1461,2,5,-1,-1
201442I054402,1,9,0,5,0,1,0,0,0,0,0,1,6,1,-1,-1,-1,-1,-1,-1,-1
201442I054402,2,5,0,18,0,1,1,0,0,0,3,1,6,1,38,7,748,1,24,2,1
201442I054502,1,9,0,17,0,8,0,0,0,0,3,1,1,1,51,8,-1,-1,-1,6,1
201442I054602,1,19,0,9,0,8,0,0,0,0,0,1,1,1,45,7,2143,2,-1,10,1
201442I054602,2,9,0,18,0,1,0,0,0,0,1,1,6,1,26,6,1360,1,8,6,3
201442I054602,3,9,0,3,0,1,0,0,0,0,1,1,6,1,54,8,1582,2,5,5,2
201442I054701,1,11,0,5,3,0,0,0,0,0,0,1,1,1,63,9,4500,2,4,2,1
201442I054802,1,19,0,18,0,1,0,0,0,0,1,1,6,3,-1,-1,-1,-1,-1,-1,-1
201442I054802,2,9,0,3,0,1,0,0,0,0,2,1,6,2,69,10,1198,1,2,10,1
201442I054902,1,9,0,3,0,4,0,0,0,0,2,1,6,1,-1,-1,-1,-1,-1,-1,-1
201442I054902,2,9,0,4,0,1,0,0,0,0,1,1,6,2,38,7,1598,1,8,7,2
201442I055002,1,9,0,4,0,0,0,0,7,9,4,1,6,2,63,9,998,1,2,8,1
201442I055002,2,9,0,4,0,0,0,0,0,0,4,1,1,1,25,5,-1,-1,-1,9,1
201442I055102,1,19,0,10,0,1,0,0,0,0,2,1,1,1,40,7,2287,2,1,1,1