Accident_Index,Vehicle_Reference,Vehicle_Type,Towing_and_Articulation,Vehicle_Manoeuvre,Vehicle_Location-Restricted_Lane,Junction_Location,Skidding_and_Overturning,Hit_Object_in_Carriageway,Vehicle_Leaving_Carriageway,Hit_Object_off_Carriageway,1st_Point_of_Impact,Was_Vehicle_Left_Hand_Drive?,Journey_Purpose_of_Driver,Sex_of_Driver,Age_of_Driver,Age_Band_of_Driver,Engine_Capacity_(CC),Propulsion_Code,Age_of_Vehicle,Driver_IMD_Decile,Driver_Home_Area_Type
201442I055102,2,9,0,18,0,8,0,0,0,0,1,1,6,2,49,8,1388,1,8,5,2
201442I055102,3,19,0,18,0,8,0,0,0,0,1,1,1,1,30,6,-1,-1,-1,6,1
201442I055202,1,19,0,18,0,0,0,0,0,0,1,1,6,3,-1,-1,-1,-1,-1,-1,-1
201442I055302,1,9,0,3,0,3,0,0,0,0,1,1,6,2,36,7,1396,1,18,-1,-1
201442I055302,2,9,0,4,0,4,0,0,0,0,2,1,6,2,22,5,1242,1,2,9,2
201442I055402,1,9,0,18,0,0,2,0,7,9,1,1,6,1,72,10,1588,1,13,7,3
201442I055502,1,9,0,18,0,0,5,0,7,9,1,1,2,1,31,6,1388,1,10,5,1
201442I055802,1,19,0,18,0,0,0,0,0,0,4,1,6,3,-1,-1,2500,2,7,-1,-1
201442I055802,2,9,0,18,0,0,0,0,0,0,3,1,6,1,28,6,1968,2,1,2,1
201442I056102,1,9,0,18,0,0,0,0,0,0,1,1,6,1,-1,-1,1796,1,12,-1,-1
201442I056102,2,9,0,18,0,0,0,0,0,0,2,1,2,2,23,5,1598,2,3,7,1
201442I056201,1,9,0,18,0,2,0,0,0,0,1,1,6,1,21,5,1242,1,1,10,1
201442I056201,2,9,0,4,0,2,0,0,0,0,2,1,6,2,29,6,1242,1,2,2,1
201442I056302,1,19,0,17,0,0,0,0,7,4,1,1,6,1,32,6,2198,2,1,7,3
201442I056402,1,9,0,18,0,1,0,0,0,0,1,1,6,2,23,5,1598,1,9,8,3
201442I056502,1,9,0,18,0,0,1,0,6,6,1,1,6,2,38,7,2696,2,7,3,1
201442I056502,2,9,0,18,0,0,0,0,0,0,1,1,6,2,46,8,1587,1,12,8,1
201442I056702,1,9,0,16,0,8,1,0,0,0,1,1,6,2,31,6,-1,-1,-1,8,1
201442I056902,1,9,0,4,0,4,0,0,0,0,1,1,6,1,33,6,1984,1,18,3,1
201442I056902,2,9,0,4,0,4,0,0,0,0,2,1,6,1,74,10,3222,2,13,7,1
201442I057002,1,9,0,18,0,0,0,0,0,0,0,1,6,3,-1,-1,-1,-1,-1,-1,-1
201442I057002,2,9,0,18,0,0,1,0,1,11,0,1,6,1,60,9,1332,1,9,7,1
201442I057102,1,19,0,18,0,1,0,0,0,0,1,1,1,1,32,6,-1,-1,-1,8,2
201442I057102,2,9,0,10,0,1,0,0,0,0,2,1,2,1,20,4,1461,2,6,10,1
201442I057202,1,9,0,18,0,4,0,0,0,0,1,1,6,1,26,6,1796,1,7,9,1
201442I057202,2,9,0,18,0,4,0,0,0,0,2,1,6,2,54,8,1229,1,7,4,1
201442I057302,1,9,0,18,0,1,0,0,0,0,1,1,1,1,37,7,1598,1,12,1,1
201442I057402,1,9,0,18,0,2,0,0,0,0,0,1,6,3,-1,-1,-1,-1,-1,-1,-1
201442I057502,1,9,0,11,0,1,0,0,0,0,2,1,2,1,61,9,1124,1,8,6,3
201442I057502,2,5,0,18,0,1,1,0,0,0,4,1,2,1,24,5,-1,-1,-1,-1,-1
201442I057602,1,9,0,9,0,1,0,0,0,0,1,1,6,1,25,5,1242,1,12,10,1
201442I057602,2,9,0,18,0,1,0,0,0,0,1,1,6,1,25,5,1560,2,6,5,3
201442I057602,3,9,0,10,0,1,0,0,0,0,1,1,6,1,42,7,1560,2,5,9,2
201442I057602,4,19,0,8,0,1,0,0,0,0,3,1,6,1,32,6,-1,-1,-1,5,1
201442I057702,1,9,0,18,0,4,0,0,0,0,1,1,1,2,22,5,1149,1,8,10,1
201442I057702,2,9,0,18,0,4,0,0,0,0,2,1,6,2,55,8,1242,1,7,9,1
201442I057802,1,9,0,12,0,0,0,0,1,11,1,1,6,1,19,4,1591,1,2,5,1
201442I057802,2,9,0,18,0,0,0,0,0,0,1,1,6,2,67,10,1999,1,10,3,3
201442I057902,1,9,0,18,0,0,0,0,0,0,1,1,6,1,37,7,1598,1,1,-1,1
201442I057902,2,9,0,18,0,0,0,0,0,0,3,1,6,1,65,9,2143,2,2,7,1
201442I058002,1,8,0,2,0,0,0,0,0,0,3,1,1,1,52,8,1794,1,9,2,1
201442I058002,2,1,0,18,0,0,0,0,0,0,1,1,6,1,-1,-1,-1,-1,-1,-1,-1
201442I058102,1,9,0,18,0,0,0,0,0,0,0,1,6,3,-1,-1,-1,-1,-1,-1,-1
201442I058102,2,19,0,18,0,0,0,0,0,0,1,1,6,1,37,7,-1,-1,-1,9,3
201442I058102,3,9,0,18,0,0,0,0,0,0,2,1,6,1,46,8,2171,2,11,3,1
201442I058202,1,9,0,18,0,1,0,0,0,0,1,1,6,1,36,7,998,1,6,5,1
201442I058202,2,9,0,3,0,1,0,0,0,0,4,1,6,1,40,7,3311,8,7,5,1
201442I058302,1,3,0,18,0,2,0,0,0,0,1,1,1,2,54,8,125,1,6,3,1
201442I058402,1,9,0,9,0,1,0,0,0,0,1,1,6,1,22,5,1995,1,5,6,1
201442I058402,2,9,0,18,0,3,0,0,0,0,1,1,6,1,23,5,1995,2,11,6,1
201442I058502,1,19,0,18,0,0,0,0,0,0,1,1,2,1,48,8,1995,2,6,5,1
201442I058602,1,9,0,18,0,0,1,0,0,0,1,1,1,1,48,8,-1,-1,-1,4,1
201442I058602,2,9,0,18,0,0,0,0,0,0,3,1,6,2,20,4,1896,2,7,-1,-1
201442I058602,3,9,0,17,0,0,0,0,1,0,0,1,1,1,48,8,-1,-1,-1,-1,-1
201442I058702,1,9,0,4,0,0,0,0,1,9,4,1,6,2,51,8,1796,1,14,3,1
201442I058801,1,9,0,18,0,0,2,0,4,6,0,1,6,1,34,6,1396,1,2,-1,-1
201442I058801,2,9,0,18,0,0,0,0,0,0,1,1,6,2,41,7,1686,2,5,3,1
201442I058801,3,9,0,18,0,0,0,0,0,0,1,1,6,1,25,5,2477,2,9,2,1
201442I058801,4,9,0,18,0,0,0,0,0,0,1,1,6,1,37,7,998,1,13,2,1
201442I058801,5,9,0,18,0,0,0,0,0,0,1,1,6,1,28,6,1598,1,1,4,1
201442I058902,1,9,0,3,0,0,0,0,0,0,2,1,6,2,37,7,1598,1,11,8,1
201442I058902,2,9,0,3,0,0,0,0,0,0,2,1,6,1,30,6,1796,1,15,3,1
201442I058902,3,9,0,18,0,0,0,0,0,0,1,1,6,3,33,6,-1,-1,-1,3,1
201442I059002,1,9,0,18,0,1,0,0,0,0,0,1,6,3,-1,-1,-1,-1,-1,-1,-1
201442I059002,2,3,0,9,0,6,1,0,0,0,3,1,6,1,20,4,-1,-1,-1,5,1
201442I059102,1,9,0,5,0,0,0,0,0,0,1,1,2,1,55,8,1997,2,10,10,1
201442I059102,2,1,0,18,0,0,0,0,0,0,3,1,6,1,43,7,-1,-1,-1,6,1
201442I059202,1,9,0,9,0,8,0,0,0,0,1,1,6,1,42,7,1596,1,8,3,1
201442I059202,2,1,0,18,0,8,0,0,0,0,3,1,6,1,59,9,-1,-1,-1,2,1
201442I059302,1,9,0,9,0,2,0,0,0,0,1,1,6,2,55,8,2143,2,1,2,1
201442I059401,1,21,1,18,0,6,0,0,0,0,3,2,1,1,48,8,-1,-1,-1,-1,-1
201442I059401,2,9,0,18,0,6,5,0,0,0,4,1,6,1,74,10,1149,1,6,6,2
201442I059501,1,19,0,4,0,0,0,0,0,0,1,1,2,3,37,7,2198,2,2,5,1
201442I059501,2,9,0,4,0,0,0,0,0,0,2,1,2,1,25,5,1700,1,14,4,1
201442I059501,3,9,0,4,0,0,0,0,0,0,2,1,2,3,64,9,1753,2,13,2,1
201442I059501,4,19,0,4,0,0,0,0,0,0,2,1,2,1,46,8,2198,2,1,-1,-1
201442I059501,5,9,0,4,0,0,0,0,0,0,1,1,2,3,33,6,-1,-1,-1,-1,-1
201442I059602,1,9,0,4,0,1,0,0,0,0,1,1,6,1,29,6,2792,1,14,8,1
201442I059602,2,9,0,4,0,1,0,0,0,0,2,1,6,2,48,8,1390,1,15,4,1
201442I059802,1,20,0,17,0,0,0,0,0,0,3,1,2,1,53,8,-1,-1,-1,4,1
201442I059802,2,9,0,16,0,0,0,0,0,0,3,1,2,1,34,6,2993,2,3,7,3
201442I059902,1,19,0,18,0,4,0,0,0,0,1,1,1,1,57,9,2494,2,7,8,1
201442I059902,2,3,0,9,0,4,0,0,0,0,1,1,1,1,29,6,125,1,3,4,1
201442I060002,1,19,0,9,0,8,0,0,0,0,1,1,1,1,35,6,2198,2,7,4,1
201442I060102,1,9,0,10,0,1,0,0,0,0,1,1,1,2,21,5,1242,1,1,-1,-1
201442I060102,2,9,0,4,0,1,0,0,0,0,4,1,6,2,64,9,1988,1,14,6,3
201442I060202,1,8,0,18,2,0,0,0,0,0,1,1,1,1,56,9,1753,2,7,5,1
201442I060202,2,1,0,18,0,0,0,0,0,0,0,1,6,1,72,10,-1,-1,-1,-1,-1
201442I060302,1,20,1,12,0,0,0,0,0,0,2,1,1,1,32,6,-1,-1,-1,-1,-1
201442I060302,2,9,0,18,0,0,0,0,0,0,1,1,6,1,47,8,-1,-1,-1,8,1
201442I060402,1,5,0,18,0,1,0,0,0,0,0,1,2,1,50,8,645,1,13,3,1
201442I060402,2,9,0,18,0,1,0,0,0,0,0,1,2,1,56,9,2656,1,8,3,1
201442I060502,1,9,0,18,0,1,0,0,0,0,1,1,6,1,69,10,1598,1,16,1,1
201442I060502,2,9,0,4,0,4,0,0,0,0,2,1,6,1,27,6,1493,2,3,3,1
201442I060602,1,5,0,18,0,0,1,0,0,0,1,1,2,1,51,8,1299,1,10,2,1
201442I060602,2,9,0,18,0,0,1,0,0,0,2,1,2,1,49,8,1299,1,14,7,1
201442I060602,3,9,0,18,0,0,0,0,0,0,4,1,2,2,47,8,1910,2,5,3,1
201442I060702,1,9,0,9,0,6,0,0,0,0,3,1,1,1,22,5,1461,2,1,8,1
201442I060702,2,4,0,18,0,8,1,0,0,0,1,1,2,1,36,7,124,1,11,5,1
201442I060802,1,9,0,18,0,0,0,0,0,0,3,1,6,1,15,3,1796,1,18,5,1
201442I060802,2,9,0,2,0,0,0,0,0,0,3,1,6,3,-1,-1,1560,2,2,-1,-1
201442I061002,1,9,0,9,0,8,0,0,0,0,1,1,6,1,74,10,1598,1,3,6,1
201442I061002,2,3,0,18,0,8,0,0,0,0,1,1,6,1,38,7,124,1,2,1,1
201442I061102,1,2,0,17,0,0,1,0,0,0,2,1,6,1,16,4,49,1,2,9,1
201442I061202,1,9,0,11,0,0,0,0,0,0,4,1,1,1,22,5,1796,1,15,8,1
201442I061202,2,9,0,18,0,0,0,0,0,0,3,1,6,2,40,7,1753,2,6,7,1
201442I061302,1,9,0,18,0,0,0,0,0,0,1,1,6,1,17,4,1197,1,1,7,1
201442I061302,2,9,0,2,0,0,0,0,0,0,2,1,6,3,-1,-1,2188,2,16,-1,-1
201442I061302,3,9,0,2,0,0,0,0,0,0,1,1,6,1,53,8,-1,-1,-1,9,1
201442I061402,1,9,0,18,0,4,0,0,0,0,1,1,3,2,32,6,1600,2,4,4,1
201442I061402,2,9,0,18,0,3,0,0,1,2,1,1,1,1,36,7,1299,1,13,5,1
201442I061502,1,9,0,18,0,1,0,0,0,0,1,1,6,3,-1,-1,-1,-1,-1,-1,-1
201442I061502,2,9,0,18,0,1,0,0,0,0,2,1,6,2,57,9,-1,-1,-1,7,1
201442I061602,1,9,0,18,0,1,0,0,0,0,1,1,6,2,29,6,1388,1,7,5,1
201442I061602,2,9,0,18,0,1,0,0,0,0,1,1,6,1,18,4,1390,1,15,3,1
201442I061702,1,98,0,18,0,0,0,0,0,0,1,1,1,1,40,7,-1,-1,-1,-1,-1
201442I061702,2,98,0,3,0,0,0,0,1,0,2,1,1,2,49,8,2488,2,2,2,1
201442I061802,1,9,0,18,0,0,0,0,7,0,1,1,2,2,20,4,1242,1,1,10,1
201442I061802,2,9,0,18,0,0,0,0,7,0,1,1,6,1,54,8,1086,1,5,4,1
201442I061902,1,19,0,5,0,0,0,0,0,0,4,1,6,1,-1,-1,1560,2,3,6,1
201442I062002,1,9,0,16,0,0,0,0,7,4,1,1,6,1,61,9,1989,1,15,7,3
201442I062102,1,9,0,7,0,0,0,0,0,0,4,1,1,1,44,7,-1,-1,-1,8,2
201442I062202,1,9,0,9,0,1,0,0,7,11,4,1,6,1,22,5,-1,-1,-1,5,1
201442I062202,2,9,0,18,0,1,0,0,1,0,1,1,6,1,21,5,1360,1,10,3,3
201442I062302,1,9,0,18,0,2,0,0,0,0,1,1,6,2,19,4,1596,1,5,-1,-1
201442I062402,1,9,0,16,0,1,0,0,0,0,3,1,1,1,21,5,-1,-1,-1,-1,-1
201442I062402,2,9,0,17,0,1,0,0,0,0,3,1,6,1,55,8,2148,2,7,7,3
201442I062502,1,9,0,5,0,8,0,0,0,0,3,1,2,1,42,7,1997,2,11,7,2
201442I062502,2,9,0,2,0,2,0,0,0,0,0,1,6,1,50,8,1124,1,5,9,1
201442I062602,1,9,0,17,0,8,0,0,0,0,1,1,2,2,56,9,1242,1,2,10,2
201442I062602,2,9,0,16,0,8,0,0,0,0,2,1,6,2,56,9,998,1,8,-1,1
201442I062702,1,9,0,13,0,3,0,0,0,0,3,1,6,1,81,11,1339,1,4,-1,-1
201442I062702,2,17,0,13,0,3,0,0,1,0,4,1,1,1,50,8,-1,2,2,9,1
201442I062802,1,9,0,18,0,0,1,0,0,0,1,1,6,1,32,6,4394,1,8,8,1
201442I062802,2,9,0,3,0,0,0,0,0,0,2,1,6,2,54,8,1868,2,14,6,1
201442I062802,3,9,0,3,0,0,0,0,0,0,2,1,6,2,49,8,2967,2,7,7,1
201442I062902,1,9,0,18,0,4,0,0,0,0,0,1,6,2,-1,-1,1997,2,11,-1,-1
201442I062902,2,1,0,18,0,8,0,0,0,0,0,1,6,2,42,7,-1,-1,-1,2,1
201442I063002,1,9,0,7,0,1,0,0,0,0,4,1,6,2,22,5,-1,-1,-1,6,1
201442I063002,2,11,0,18,2,1,0,0,0,0,3,1,1,1,30,6,5900,2,8,-1,-1
201442I063102,1,8,0,18,0,2,0,0,0,0,0,1,6,3,-1,-1,-1,-1,-1,-1,-1
201442I063402,1,9,0,7,0,6,1,0,0,0,1,1,2,2,47,8,-1,-1,-1,8,1
201442I063402,2,11,0,18,0,8,1,0,0,0,1,1,1,1,35,6,-1,2,24,9,1
201442I063502,1,9,0,5,0,6,0,0,0,0,1,1,1,1,46,8,-1,-1,-1,9,1
201442I063502,2,9,0,18,0,8,1,7,0,0,3,1,1,1,61,9,1498,1,9,9,1
201442I063502,3,9,0,10,0,1,0,0,0,0,1,1,1,2,32,6,1968,2,-1,6,3
201442I063602,1,21,1,12,0,0,0,0,0,0,1,2,1,1,58,9,-1,-1,-1,-1,-1
201442I063602,2,9,0,13,0,0,1,7,5,6,2,1,6,2,35,6,1598,1,6,-1,-1
201442I063702,1,9,0,18,0,0,0,0,0,0,1,1,3,1,64,9,1598,1,4,10,1
201442I063702,2,9,0,3,0,0,0,0,0,0,2,1,6,2,78,11,1360,1,12,10,1
201442I063702,3,21,0,2,0,0,0,0,0,0,2,1,1,1,57,9,-1,-1,-1,7,1
201442I063802,1,8,0,18,0,1,0,0,0,0,1,1,6,1,-1,-1,-1,-1,-1,-1,-1
201442I063802,2,9,0,10,0,1,0,0,0,0,2,1,6,2,36,7,1984,1,7,9,1
201442I063902,1,19,0,18,0,4,0,0,0,0,1,1,3,1,46,8,1997,2,11,5,1
201442I063902,2,9,0,18,0,8,0,0,0,0,4,1,3,1,38,7,1171,1,19,2,1
201442I064002,1,9,0,18,0,0,0,0,0,0,1,1,2,1,45,7,1108,1,9,4,1
201442I064002,2,9,0,3,0,0,0,0,0,0,2,1,2,2,24,5,1599,1,11,5,1
201442I064102,1,8,0,5,0,1,0,0,0,0,1,1,6,1,42,7,1910,2,6,8,1
201442I064102,2,1,0,18,0,1,0,0,0,0,1,1,6,2,21,5,-1,-1,-1,-1,-1
201442I064302,1,9,0,18,0,0,0,0,0,0,4,1,6,1,67,10,1596,1,8,6,1
201442I064302,2,9,0,18,0,0,0,0,0,0,1,1,6,2,60,9,998,1,4,7,1
201442I064403,1,9,0,18,0,3,1,0,1,0,1,1,6,1,31,6,2143,2,1,10,1
201442I064403,2,9,0,2,0,3,0,0,1,2,0,1,6,1,21,5,1398,1,1,9,2
201442I064502,1,9,0,16,0,0,1,0,2,4,1,1,6,1,39,7,2494,1,15,5,1
201442I064603,1,9,0,5,0,0,0,0,0,0,1,1,6,1,-1,-1,2143,2,4,-1,-1
201442I064702,1,19,0,9,0,0,0,0,0,0,0,1,6,3,-1,-1,-1,-1,-1,-1,-1
201442I064702,2,11,0,18,0,0,0,0,0,0,0,1,1,1,36,7,5900,2,16,6,1
201442I064803,1,1,0,18,0,6,0,0,0,0,4,1,6,2,28,6,-1,-1,-1,-1,1
201442I064803,2,9,0,18,0,4,0,0,0,0,1,1,6,2,31,6,1598,1,10,7,2
201442I064902,1,9,0,18,0,0,2,0,1,0,3,1,6,2,24,5,1299,1,13,7,3
201442I065002,1,9,0,18,0,0,0,0,1,0,3,1,6,2,29,6,1998,2,6,7,3
201442I065102,1,9,0,18,0,1,0,0,0,0,0,1,6,1,22,5,1388,1,17,3,1
201442I065102,2,3,0,5,0,2,1,0,0,0,0,1,6,1,18,4,-1,-1,-1,2,1
201442I065202,1,9,0,9,0,1,0,0,1,1,4,1,3,2,43,7,1998,1,12,7,1
201442I065202,2,9,0,18,0,1,0,0,0,0,1,1,1,2,36,7,-1,-1,-1,6,1
201442I065302,1,9,0,4,0,4,0,10,7,1,1,1,2,1,21,5,999,1,6,5,1
201442I065403,1,20,0,18,0,0,0,0,0,0,1,1,1,1,30,6,11705,2,7,5,1
201442I065403,2,9,0,18,0,0,1,0,0,6,2,1,6,2,66,10,1590,1,22,-1,-1
201442I065403,3,9,0,18,0,0,1,0,0,7,4,1,6,1,63,9,1596,1,1,6,3
201442I065502,1,22,0,18,0,0,0,0,0,0,1,1,6,3,-1,-1,-1,-1,-1,-1,-1
201442I065602,1,9,0,9,0,6,0,0,0,0,3,1,2,2,36,7,1397,1,11,4,1
201442I065602,2,9,0,18,0,8,0,0,0,0,1,1,6,1,-1,-1,1596,1,3,2,1
201442I065702,1,9,0,18,0,1,0,0,0,0,1,1,2,2,20,4,1149,1,9,3,1
201442I065702,2,9,0,9,0,6,0,0,0,0,1,1,3,2,33,6,1498,1,4,7,1
201442I065702,3,9,0,10,0,1,0,0,0,0,1,1,3,2,38,7,2231,2,9,3,1
201442I065802,1,9,0,9,0,8,0,0,7,0,4,1,2,1,21,5,1796,1,15,6,1
201442I065802,2,11,0,18,0,8,0,0,0,0,1,1,1,1,42,7,5883,2,12,4,1
201442I065902,1,9,0,9,0,0,0,0,0,0,4,1,6,1,22,5,1686,2,11,3,1
201442I065902,2,5,0,18,0,0,0,0,0,0,1,1,6,1,40,7,599,1,16,4,1
201442I066003,1,9,0,18,0,0,1,7,6,6,1,1,6,2,18,4,1388,1,7,10,1
201442I066003,2,9,0,18,0,0,1,0,0,0,1,1,6,2,63,9,1910,2,7,9,1
201442I066202,1,9,0,18,0,1,0,11,0,0,1,1,3,2,39,7,1598,1,12,7,3
201442I066303,1,9,0,18,0,1,1,0,0,0,1,1,6,1,45,7,1910,2,9,-1,-1
201442I066303,2,9,0,9,0,1,0,0,0,0,3,1,6,2,37,7,1988,1,12,10,1
201442I066402,1,4,0,18,0,0,0,0,0,0,0,1,6,1,46,8,150,1,41,5,1
201442I066502,1,5,0,7,0,6,1,0,0,0,4,1,6,1,39,7,-1,-1,-1,2,1
201442I066602,1,19,0,18,0,1,1,0,0,0,2,1,1,1,34,6,2300,2,10,5,1
201442I066602,2,9,0,4,0,1,0,0,0,0,1,1,6,2,25,5,1995,1,8,8,1
201442I066703,1,1,0,18,0,0,0,0,0,0,3,1,6,1,22,5,-1,-1,-1,1,1
201442I066703,2,9,0,13,0,0,0,0,0,0,4,1,2,1,36,7,1794,1,10,3,1
201442I066803,1,9,0,9,0,1,0,0,0,0,1,1,6,1,17,4,-1,-1,-1,6,1
201442I066803,2,9,0,4,0,1,0,0,0,0,1,1,6,2,20,4,1149,1,12,4,1
201442I066902,1,19,0,10,0,1,0,0,0,0,3,1,2,1,22,5,-1,-1,-1,8,1
201442I066902,2,9,0,4,0,1,0,0,0,0,1,1,1,1,41,7,-1,-1,-1,9,1
201442I066902,3,9,0,2,0,1,0,0,0,0,1,1,2,2,44,7,1598,1,8,9,1
201442I067002,1,9,0,18,0,0,0,0,0,0,0,1,6,3,-1,-1,-1,-1,-1,-1,-1
201442I067002,2,9,0,18,0,0,1,10,0,0,2,1,6,1,36,7,2979,1,6,3,3
201442I067102,1,19,0,3,0,1,0,0,0,0,1,1,1,1,28,6,2402,2,6,6,1
201442I067102,2,9,0,3,0,1,0,0,0,0,2,1,6,2,71,10,1951,2,11,4,3
201442I067202,1,9,0,9,0,1,0,0,0,0,1,1,2,2,41,7,1587,1,14,2,1
201442I067202,2,9,0,18,0,1,0,0,0,0,1,1,2,1,-1,-1,1197,1,1,9,1
201442I067302,1,9,0,18,0,8,0,0,0,0,1,1,6,1,75,10,2179,2,9,2,1
201442I067402,1,19,0,18,0,0,0,0,0,0,1,1,6,1,-1,-1,-1,-1,-1,-1,-1
201442I067501,1,9,0,4,0,0,0,0,0,0,1,1,6,2,-1,-1,2435,1,14,4,1
201442I067501,2,9,0,3,0,0,0,0,0,0,2,1,6,2,49,8,-1,-1,-1,4,1
201442I067602,1,9,0,14,0,0,0,0,0,0,0,1,6,2,-1,-1,-1,-1,-1,-1,-1
201442I067602,2,9,0,18,0,0,0,10,0,0,0,1,3,2,47,8,1388,1,11,3,1
201442I067702,1,9,0,4,0,1,0,0,0,0,0,1,6,1,72,10,1799,1,19,9,1
201442I067702,2,11,0,5,0,1,0,0,0,0,0,1,1,1,-1,-1,10520,2,6,7,3
201442I067803,1,9,0,9,0,6,0,0,0,0,3,1,6,2,18,4,1149,1,11,9,1
201442I067803,2,5,0,18,0,1,0,0,1,0,1,1,6,1,46,8,865,1,3,7,3
201442I067902,1,9,0,16,0,0,5,10,7,0,1,1,6,2,18,4,1299,1,13,3,3
201442I068002,1,9,0,18,0,0,0,0,0,0,0,1,6,3,-1,-1,-1,-1,-1,-1,-1
201442I068103,1,9,0,1,0,0,0,0,0,0,2,1,6,1,-1,-1,-1,-1,-1,-1,-1
201442I068103,2,9,0,18,0,0,0,0,0,0,1,1,6,2,18,4,1390,1,4,8,3
201442I068202,1,9,0,18,0,0,0,0,0,0,1,1,6,1,75,10,2435,1,13,8,3
201442I068302,1,9,0,18,0,0,0,0,0,0,1,1,6,1,18,4,1896,2,13,9,3
201442I068402,1,9,0,17,0,0,0,0,1,9,-1,1,6,2,76,11,2495,2,11,6,3
201442I068502,1,9,0,9,0,1,0,0,0,0,1,1,6,3,-1,-1,-1,-1,-1,-1,-1
201442I068502,2,9,0,18,0,1,0,0,0,0,1,1,2,1,21,5,-1,-1,-1,4,1
201442I068602,1,9,0,18,0,1,0,0,0,0,1,1,6,2,37,7,1598,1,11,8,3
201442I068602,2,9,0,4,0,1,0,0,0,0,2,1,6,1,66,10,1998,1,17,6,3
201442I068803,1,9,0,18,0,1,0,0,0,0,1,1,6,1,-1,-1,1999,1,13,-1,-1
201442I068803,2,9,0,18,0,1,0,0,0,0,4,1,6,1,19,4,1242,1,17,10,1
201442I068903,1,9,0,18,0,1,0,0,0,0,1,1,6,1,-1,-1,1995,2,12,4,1
201442I068903,2,9,0,3,0,1,0,0,0,0,2,1,6,1,59,9,1364,1,4,4,1
201442I069002,1,21,0,18,0,0,0,0,0,0,1,1,1,1,65,9,12900,2,7,8,3
201442I069002,2,9,0,10,0,0,0,0,0,0,2,1,1,2,51,8,-1,-1,-1,10,2
201442I069103,1,9,0,17,0,0,0,0,1,2,4,1,6,1,-1,-1,-1,-1,-1,-1,-1
201442I069202,1,9,0,4,0,0,0,0,0,0,1,1,6,1,44,7,3199,1,12,7,1
201442I069202,2,9,0,4,0,0,0,0,0,0,2,1,6,2,28,6,1149,1,13,8,1
201442I069202,3,9,0,4,0,0,0,0,0,0,2,1,6,2,57,9,1798,1,8,5,1
201442I069303,1,9,0,18,0,0,1,0,7,11,1,1,6,2,37,7,1360,1,12,3,1
201442I069403,1,9,0,9,0,6,0,0,0,0,1,1,2,2,37,7,1596,1,12,1,1
201442I069503,1,9,0,9,0,6,0,0,0,0,1,1,1,1,60,9,998,1,12,2,1
201442I069503,2,5,0,18,0,8,0,0,0,0,4,1,6,1,29,6,599,1,6,2,1
201442I069603,1,9,0,18,0,8,0,0,0,0,3,1,6,1,30,6,1686,2,4,4,1
201442I069603,2,1,0,18,0,8,0,0,0,0,4,1,6,1,33,6,-1,-1,-1,2,1
201442I069702,1,9,0,18,0,4,0,0,0,0,1,1,6,2,68,10,1360,1,12,-1,-1
201442I069702,2,1,0,18,0,4,0,0,0,0,2,1,2,1,44,7,-1,-1,-1,3,1
201442I069802,1,9,0,18,0,6,0,0,0,0,1,1,6,1,42,7,1796,1,12,6,1
201442I069802,2,19,0,18,0,8,0,0,0,0,4,1,6,1,45,7,2461,2,12,4,1
201442I069903,1,2,0,18,0,2,1,0,0,0,1,1,6,1,16,4,49,1,7,5,1
201442I069903,2,1,0,4,0,2,0,0,0,0,2,1,6,2,-1,-1,-1,-1,-1,-1,-1
201442I070001,1,9,0,3,0,1,0,0,0,0,2,1,6,1,34,6,1396,1,9,2,1
201442I070001,2,9,0,3,0,1,0,0,0,0,2,1,6,1,51,8,1597,1,19,6,3
201442I070001,3,9,0,3,0,1,0,0,0,0,2,1,6,2,36,7,-1,-1,-1,9,1
201442I070103,1,9,0,9,0,8,0,0,0,0,1,1,6,2,21,5,1389,1,11,-1,1
201442I070103,2,3,0,18,0,8,0,0,0,0,1,1,6,1,19,4,125,1,2,3,1
201442I070203,1,9,0,5,0,1,0,0,0,0,1,1,6,2,43,7,1995,2,1,10,1
201442I070203,2,3,0,3,0,1,0,0,0,0,2,1,1,1,56,9,124,1,6,2,1
201442I070303,1,9,0,18,0,0,0,0,0,0,1,1,6,3,-1,-1,-1,-1,-1,-1,-1
201442I070402,1,8,0,18,0,4,0,0,0,0,1,1,1,1,64,9,-1,-1,-1,-1,-1
201442I070402,2,9,0,18,0,4,0,0,0,0,2,1,1,1,31,6,1229,1,6,-1,-1
201442I070503,1,9,0,18,0,0,0,0,0,0,4,1,6,1,50,8,1386,1,10,8,1
201442I070603,1,9,0,18,0,0,0,0,0,0,4,1,6,3,-1,-1,-1,-1,-1,-1,-1
201442I070702,1,9,0,18,0,6,0,0,0,0,4,1,2,1,19,4,1124,1,13,9,2
201442I070903,1,9,0,18,0,0,0,0,0,0,1,1,6,2,33,6,1753,2,7,7,1
201442I070903,2,9,0,18,0,0,0,0,0,0,2,1,6,1,22,5,-1,-1,-1,9,1
201442I070903,3,9,0,18,0,0,0,0,0,0,2,1,6,2,-1,-1,-1,-1,-1,5,1
201442I071003,1,9,0,18,0,8,0,0,0,0,1,1,2,2,28,6,1598,1,6,-1,-1