Accident_Index,Vehicle_Reference,Vehicle_Type,Towing_and_Articulation,Vehicle_Manoeuvre,Vehicle_Location-Restricted_Lane,Junction_Location,Skidding_and_Overturning,Hit_Object_in_Carriageway,Vehicle_Leaving_Carriageway,Hit_Object_off_Carriageway,1st_Point_of_Impact,Was_Vehicle_Left_Hand_Drive?,Journey_Purpose_of_Driver,Sex_of_Driver,Age_of_Driver,Age_Band_of_Driver,Engine_Capacity_(CC),Propulsion_Code,Age_of_Vehicle,Driver_IMD_Decile,Driver_Home_Area_Type
201442I101203,1,9,0,4,0,0,1,0,0,0,1,1,2,2,41,7,1461,2,3,-1,-1
201442I101203,2,19,0,4,0,0,0,0,0,0,2,1,2,1,28,6,2198,2,7,4,1
201442I101203,3,9,0,4,0,0,0,0,0,0,2,1,2,2,60,9,1951,2,8,7,1
201442I101203,4,9,0,4,0,0,0,0,0,0,2,1,2,1,45,7,1968,2,2,-1,-1
201442I101302,1,9,0,1,0,1,0,0,0,0,0,1,6,1,34,6,-1,-1,-1,4,1
201442I101403,1,9,0,5,0,3,0,0,0,0,1,1,6,2,55,8,1242,1,5,8,1
201442I101403,2,9,0,3,0,2,0,0,0,0,2,1,2,1,59,9,-1,-1,-1,6,2
201442I101403,3,8,0,3,0,2,0,0,0,0,2,1,1,1,49,8,1686,2,4,9,2
201442I101503,1,9,0,5,9,0,0,0,0,0,1,1,6,2,-1,-1,-1,-1,-1,-1,-1
201442I101604,1,9,0,10,0,1,0,0,0,0,1,1,1,2,26,6,1598,1,6,10,1
201442I101604,2,9,0,18,0,1,0,0,0,0,1,1,1,1,54,8,1905,2,17,3,1
201442I101703,1,9,0,18,0,0,0,0,0,0,1,1,6,1,18,4,999,1,4,8,1
201442I101803,1,9,0,18,0,0,1,0,0,6,1,1,6,2,30,6,1796,1,6,3,1
201442I101903,1,9,0,4,0,0,0,0,0,0,0,1,6,1,29,6,1595,1,11,4,1
201442I101903,2,9,0,4,0,0,0,0,0,0,2,1,6,1,54,8,1998,1,9,9,1
201442I102003,1,19,0,18,0,0,0,0,0,0,1,1,6,1,-1,-1,-1,-1,-1,-1,-1
201442I102003,2,9,0,18,0,0,0,0,0,0,2,1,6,1,41,7,1364,1,6,5,2
201442I102103,1,9,0,18,0,1,0,0,0,0,1,1,6,1,17,4,1124,1,11,6,3
201442I102103,2,9,0,18,0,1,0,0,0,0,2,1,6,2,28,6,998,1,1,8,1
201442I102204,1,9,0,18,0,0,5,7,8,1,1,1,1,1,77,11,1591,1,2,-1,-1
201442I102304,1,1,0,18,0,8,0,0,0,0,3,1,2,1,19,4,-1,-1,-1,10,1
201442I102304,2,9,0,18,0,8,0,0,0,0,4,1,2,2,55,8,1339,1,9,10,1
201442I102404,1,9,0,18,0,7,0,0,0,0,2,1,2,2,49,8,1240,1,11,3,1
201442I102404,2,9,0,18,0,7,0,0,0,0,4,1,2,2,33,6,1956,2,1,3,1
201442I102704,1,19,0,4,0,0,0,0,7,0,1,1,1,1,24,5,-1,-1,-1,-1,-1
201442I102704,2,9,0,4,0,0,0,0,0,0,2,1,1,1,41,7,1248,2,8,4,1
201442I102803,1,9,0,18,0,1,0,0,0,0,4,1,6,2,45,7,1248,2,2,2,1
201442I102803,2,9,0,2,0,1,0,0,0,0,0,1,6,3,44,7,1242,1,3,-1,-1
201442I102903,1,9,0,18,0,1,0,0,0,0,1,1,1,1,18,4,998,1,13,10,2
201442I102903,2,9,0,18,0,1,0,0,0,0,1,1,1,2,20,4,1242,1,5,10,1
201442I103003,1,4,0,18,0,0,0,0,0,0,3,1,6,1,48,8,72,1,-1,3,1
201442I103103,1,9,0,18,0,0,0,0,0,0,1,1,6,2,18,4,998,1,4,10,1
201442I103204,1,9,0,13,0,0,0,0,0,0,3,1,6,1,41,7,1999,1,9,9,1
201442I103204,2,5,0,13,0,0,1,0,0,0,4,1,6,1,47,8,892,1,15,10,3
201442I103304,1,9,0,16,0,0,0,0,0,0,1,1,6,3,-1,-1,1984,1,6,-1,-1
201442I103304,2,9,0,17,0,0,0,0,0,0,3,1,4,2,33,6,1991,1,12,3,1
201442I103404,1,9,0,18,0,0,2,0,1,4,1,1,2,1,18,4,1997,2,13,10,1
201442I103503,1,21,0,18,7,0,0,0,0,0,1,1,1,1,37,7,9200,2,7,2,1
201442I103503,2,21,0,2,6,0,0,0,0,0,2,1,1,1,48,8,-1,-1,-1,9,3
201442I103503,3,9,0,2,6,0,0,0,0,0,2,1,1,1,60,9,-1,-1,-1,10,2
201442I103503,4,20,0,2,6,0,0,0,0,0,2,1,1,1,45,7,-1,-1,-1,10,1
201442I103503,5,21,0,3,6,0,0,0,0,0,2,1,1,1,43,7,9364,2,8,6,2
201442I103704,1,9,0,13,0,3,0,0,0,0,4,1,6,2,33,6,2488,1,5,2,1
201442I103704,2,21,1,9,0,8,0,0,0,0,3,1,1,2,24,5,12740,2,3,5,1
201442I103704,3,9,0,18,0,1,0,0,0,0,2,1,6,2,25,5,1796,1,6,7,1
201442I103904,1,9,0,18,0,0,0,0,0,0,1,1,6,1,17,4,1198,1,1,8,1
201442I103904,2,9,0,2,0,0,0,0,0,0,2,1,6,2,39,7,1598,1,9,8,1
201442I103904,3,9,0,2,6,0,0,0,0,0,2,1,6,3,-1,-1,1798,1,2,-1,-1
201442I104003,1,19,0,4,0,0,0,0,0,0,1,1,6,3,48,8,2496,2,14,3,1
201442I104003,2,9,0,3,0,0,0,0,0,0,2,1,6,2,37,7,1753,2,6,9,1
201442I104204,1,9,0,18,0,1,0,0,0,0,1,1,3,2,32,6,1997,2,11,8,1
201442I104204,2,9,0,10,0,1,0,0,0,0,2,1,6,2,55,8,1229,1,7,10,1
201442I104303,1,21,1,18,0,0,0,0,0,0,1,1,1,1,-1,-1,12777,2,8,-1,-1
201442I104303,2,9,0,3,0,0,0,0,0,0,2,1,6,1,28,6,1991,2,12,5,1
201442I104504,1,9,0,18,0,1,0,0,0,0,1,1,6,1,60,9,1368,1,6,-1,-1
201442I104704,1,9,0,18,0,0,0,0,0,0,1,1,6,1,-1,-1,1686,2,3,-1,-1
201442I104704,2,9,0,18,0,0,0,0,0,0,2,1,1,1,24,5,2143,2,2,8,1
201442I104804,1,9,0,15,0,0,0,0,0,0,0,1,6,3,-1,-1,-1,-1,-1,-1,-1
201442I104804,2,9,0,2,0,0,0,0,0,0,0,1,1,2,45,7,2198,1,13,4,1
201442I104904,1,9,0,9,0,5,0,0,0,0,1,1,6,1,47,8,-1,-1,-1,4,1
201442I105003,1,9,0,3,0,1,0,0,0,0,1,1,6,2,-1,-1,-1,-1,-1,-1,-1
201442I105003,2,9,0,8,0,1,0,0,0,0,2,1,6,2,40,7,2143,2,1,-1,1
201442I105104,1,9,0,18,0,1,0,0,0,0,3,1,6,1,-1,-1,-1,-1,-1,10,1
201442I105104,2,9,0,18,0,1,0,0,0,0,0,1,6,2,41,7,1998,1,13,7,1
201442I105203,1,3,0,18,0,0,1,0,1,0,0,1,2,1,29,6,124,1,7,9,3
201442I105303,1,5,0,18,0,0,0,10,1,0,1,1,6,2,41,7,600,1,12,-1,-1
201442I105404,1,1,0,18,0,0,0,0,0,0,1,1,6,1,15,3,-1,-1,-1,-1,-1
201442I105404,2,11,0,13,0,0,0,0,0,0,1,1,1,1,38,7,4500,2,2,-1,-1
201442I105504,1,9,0,18,0,1,0,0,0,0,1,1,1,1,61,9,1596,1,1,10,1
201442I105704,1,19,0,9,0,6,0,0,0,0,1,1,1,1,27,6,2198,2,5,5,1
201442I105704,2,4,0,18,0,8,0,0,0,0,1,1,6,1,66,10,349,1,11,8,3
201442I105804,1,90,0,18,0,8,0,0,0,0,1,1,1,1,48,8,2987,2,4,-1,-1
201442I105804,2,9,0,18,0,8,0,0,7,2,4,1,6,1,24,5,-1,-1,-1,8,1
201442I105904,1,4,0,16,0,1,0,0,0,0,1,1,6,1,17,4,998,1,3,7,1
201442I105904,2,9,0,5,0,2,0,0,0,0,4,1,6,1,36,7,-1,-1,-1,10,1
201442I106004,1,9,0,14,0,0,0,0,0,0,1,1,6,1,28,6,1598,1,10,2,1
201442I106004,2,1,0,18,0,0,0,0,0,0,0,1,4,2,5,1,-1,-1,-1,-1,-1
201442I106104,1,19,0,18,0,0,0,0,0,0,2,1,1,1,40,7,2402,2,6,6,3
201442I106104,2,9,0,4,0,0,0,0,0,0,1,1,2,1,31,6,-1,-1,-1,8,2
201442I106204,1,9,0,18,0,1,0,0,0,0,3,1,6,3,-1,-1,-1,-1,-1,-1,-1
201442I106304,1,9,0,18,0,1,2,0,7,0,1,1,6,2,29,6,1998,1,6,9,1
201442I106304,2,9,0,2,0,2,0,0,0,2,3,1,6,3,-1,-1,1796,1,10,-1,-1
201442I106404,1,9,0,17,0,0,0,0,1,4,4,1,6,1,22,5,1149,1,4,-1,-1
201442I106504,1,9,0,18,0,1,0,0,0,0,2,1,6,2,30,6,1242,1,3,2,1
201442I106504,2,9,0,18,0,1,0,0,0,0,1,1,6,2,35,6,1242,1,3,7,2
201442I106504,3,9,0,18,0,1,0,0,0,0,4,1,6,1,66,10,2198,2,6,8,1
201442I106604,1,9,0,1,0,0,0,0,0,0,2,1,6,2,-1,-1,1997,2,4,-1,-1
201442I106604,2,9,0,2,0,0,0,0,0,0,2,1,6,1,42,7,4966,1,10,3,1
201442I106704,1,9,0,4,0,0,1,0,0,0,1,1,6,2,67,10,1390,1,8,5,1
201442I106704,2,9,0,3,0,0,0,0,0,0,2,1,6,2,46,8,1999,1,9,7,1
201442I106704,3,19,0,3,0,0,0,0,0,0,2,1,1,1,36,7,2402,2,7,5,1
201442I106804,1,9,0,2,0,2,0,0,0,0,3,1,6,1,66,10,1390,1,9,9,1
201442I106804,2,1,0,18,0,1,0,0,0,0,1,1,6,2,45,7,-1,-1,-1,3,1
201442I106903,1,9,0,9,0,8,0,0,0,1,4,1,6,2,18,4,1242,1,10,9,1
201442I106903,2,9,0,7,0,5,0,0,0,0,1,1,2,1,22,5,-1,-1,-1,3,1
201442I107004,1,9,0,7,0,1,0,0,0,0,4,1,1,1,-1,-1,1399,2,9,-1,-1
201442I107004,2,1,0,18,0,1,0,0,0,0,3,1,6,1,53,8,-1,-1,-1,8,3
201442I107104,1,9,0,4,0,0,0,0,0,0,2,1,1,1,36,7,1995,2,9,-1,1
201442I107104,2,9,0,4,0,0,0,0,0,0,1,1,6,1,51,8,1998,1,17,6,1
201442I107204,1,1,0,18,0,0,0,0,0,0,2,1,6,1,50,8,-1,-1,-1,4,1
201442I107204,2,9,0,18,0,0,0,0,0,0,4,1,6,1,52,8,1242,1,13,-1,-1
201442I107304,1,9,0,18,0,0,0,0,0,0,4,1,6,3,-1,-1,-1,-1,-1,-1,-1
201442I107403,1,21,0,4,0,7,0,0,0,0,1,1,1,1,45,7,12777,2,8,3,1
201442I107403,2,21,0,4,0,7,0,0,0,0,2,1,1,1,39,7,6370,2,4,9,1
201442I107403,3,9,0,3,0,7,0,0,0,0,2,1,1,2,50,8,1390,1,10,3,1
201442I107403,4,9,0,3,0,7,0,0,0,0,2,1,6,2,38,7,1242,1,2,9,2
201442I107503,1,19,0,9,0,8,0,0,0,0,1,1,1,1,34,6,2198,2,7,7,1
201442I107503,2,9,0,18,0,1,0,0,0,0,1,1,2,1,26,6,1390,1,14,7,3
201442I107604,1,9,0,12,0,8,0,0,0,0,0,1,6,1,41,7,1910,2,5,4,1
201442I107604,2,3,0,18,0,8,1,0,0,0,0,1,6,1,25,5,124,1,14,9,1
201442I107704,1,9,0,9,0,2,0,0,0,0,1,1,3,2,48,8,1329,1,5,9,1
201442I107704,2,9,0,18,0,8,1,0,1,4,4,1,3,2,52,8,1229,1,5,5,1
201442I107803,1,9,0,4,0,0,0,0,0,0,1,1,1,2,31,6,998,1,15,5,1
201442I107803,2,9,0,4,0,0,0,0,0,0,1,1,1,2,23,5,1229,1,4,6,1
201442I107803,3,9,0,4,0,0,0,0,0,0,1,1,1,1,54,8,1598,1,9,2,1
201442I107803,4,9,0,3,0,0,0,0,0,0,2,1,1,1,46,8,2993,2,5,-1,1
201442I107904,1,9,0,18,0,1,0,0,0,0,4,1,6,1,44,7,2987,2,5,6,2
201442I107904,2,9,0,9,0,1,0,0,0,0,1,1,6,2,27,6,1390,1,3,4,1
201442I108004,1,9,0,18,0,0,0,0,0,0,1,1,1,1,24,5,1368,1,4,9,1
201442I108004,2,9,0,3,0,0,0,0,0,0,2,1,2,2,60,9,1800,1,14,6,1
201442I108202,1,9,0,18,0,0,1,0,0,0,3,1,6,2,26,6,1299,1,13,4,1
201442I108202,2,19,0,18,0,0,0,0,0,0,1,1,6,1,34,6,2402,2,4,2,1
201442I108304,1,9,0,1,0,0,0,0,0,0,1,1,6,1,50,8,1968,2,1,-1,-1
201442I108403,1,9,0,18,0,4,0,0,0,0,1,1,1,2,70,10,1299,1,11,4,1
201442I108403,2,9,0,18,0,4,0,0,0,0,1,1,1,2,43,7,-1,-1,-1,9,1
201442I108504,1,9,0,18,0,2,1,0,7,0,1,1,6,2,18,4,1598,2,1,4,1
201442I108504,2,9,0,9,0,1,0,0,0,0,1,1,6,1,30,6,1398,2,11,8,1
201442I108504,3,9,0,2,0,1,0,0,0,0,2,1,6,1,-1,-1,2993,2,8,7,1
201442I108604,1,9,0,9,0,1,0,0,0,0,2,1,6,1,27,6,1968,2,1,6,1
201442I108604,2,3,0,3,0,1,0,0,0,0,1,1,6,1,21,5,125,1,3,8,1
201442I108703,1,9,0,18,0,0,0,0,1,10,1,1,6,1,62,9,1200,1,-1,10,1
201442I108703,2,9,0,18,0,0,0,0,0,0,3,1,6,2,30,6,1399,2,3,9,1
201442I108804,1,9,0,9,0,8,0,0,0,0,1,1,6,1,24,5,-1,-1,-1,6,1
201442I108804,2,9,0,18,0,8,0,0,0,0,1,1,6,1,24,5,1242,1,7,10,1
201442I108904,1,3,0,18,7,0,0,10,0,0,1,1,2,1,19,4,125,1,10,5,1
201442I109004,1,9,0,18,0,0,0,0,0,0,1,1,1,1,17,4,1299,1,15,4,1
201442I109104,1,9,0,5,0,1,0,0,0,0,4,1,6,2,28,6,1242,1,8,2,1
201442I109104,2,2,0,18,0,1,0,0,0,0,1,1,6,1,20,4,499,1,14,3,1
201442I109204,1,9,0,5,0,1,1,0,7,4,1,1,1,2,22,5,-1,-1,-1,3,1
201442I109204,2,9,0,5,0,1,1,0,0,0,1,1,6,2,28,6,1870,2,6,9,1
201442I109303,1,9,0,13,0,0,0,0,0,0,1,1,2,1,23,5,998,1,3,9,2
201442I109303,2,19,0,18,0,0,0,0,0,0,1,1,2,1,51,8,-1,2,12,-1,-1
201442I109404,1,9,0,18,0,2,0,0,7,7,3,1,6,1,30,6,1910,2,9,4,1
201442I109504,1,9,0,18,9,0,0,0,7,3,4,1,1,2,22,5,1149,1,6,7,3
201442I109603,1,9,0,18,0,0,2,0,1,4,1,1,6,1,36,7,1679,1,15,7,1
201442I109704,1,9,0,16,0,0,0,0,0,0,2,1,6,1,55,8,1240,1,10,6,1
201442I109704,2,9,0,16,0,0,0,0,0,0,1,1,6,1,51,8,1679,1,12,7,3
201442I109704,3,9,0,16,0,0,0,0,0,0,2,1,6,2,24,5,2720,2,8,6,1
201442I109904,1,9,0,18,0,2,0,0,0,0,2,1,2,1,49,8,-1,-1,-1,7,1
201442I109904,2,9,0,18,0,2,1,0,0,0,1,1,6,2,48,8,1242,1,14,4,1
201442I110004,1,9,0,9,0,4,0,0,0,0,0,1,6,1,-1,-1,2498,2,14,-1,-1
201442I110104,1,9,0,18,0,1,0,0,0,0,1,1,6,3,-1,-1,2982,2,1,-1,-1
201442I110104,2,9,0,18,0,1,0,0,0,0,2,1,6,1,48,8,1398,2,7,9,1
201442I110204,1,9,0,18,0,4,0,0,0,0,1,1,6,1,-1,-1,1686,2,3,-1,-1
201442I110204,2,9,0,18,0,3,0,0,0,0,4,1,6,2,40,7,1956,2,1,9,2
201442I110204,3,9,0,18,0,4,0,0,0,0,1,1,6,2,33,6,1598,1,5,9,3
201442I110304,1,9,0,18,0,4,0,0,0,0,1,1,6,1,35,6,1896,2,12,1,1
201442I110304,2,9,0,18,0,4,0,0,0,0,2,1,6,1,-1,-1,1108,1,12,-1,-1
201442I110403,1,9,0,18,0,1,0,0,0,0,3,1,6,1,18,4,1364,1,6,6,1
201442I110403,2,9,0,18,0,1,0,0,0,0,4,1,6,1,36,7,2179,2,10,5,1
201442I110403,3,19,0,18,0,1,0,0,0,0,1,1,6,1,52,8,1996,2,2,10,2
201442I110504,1,9,0,18,0,1,0,0,0,0,1,1,6,2,35,6,1596,1,10,-1,-1
201442I110504,2,9,0,18,0,1,0,0,0,0,1,1,6,2,47,8,1596,1,12,10,1
201442I110504,3,9,0,18,0,1,0,0,0,0,0,1,6,2,57,9,998,1,14,-1,-1
201442I110604,1,9,0,18,0,0,0,0,0,0,1,1,2,1,28,6,1248,2,2,5,1
201442I110604,2,20,0,3,0,0,0,0,0,0,2,1,1,1,32,6,-1,-1,-1,9,2
201442I110704,1,9,0,18,0,0,0,0,0,0,1,1,6,2,46,8,1390,1,5,4,1
201442I110704,2,9,0,18,0,0,0,0,0,0,1,1,6,2,41,7,1248,1,3,-1,3
201442I110804,1,9,0,18,0,1,0,0,7,10,1,1,6,1,34,6,5998,1,7,10,3
201442I110804,2,9,0,8,0,8,0,0,0,0,4,1,6,1,56,9,2143,2,3,8,1
201442I110904,1,19,0,16,0,0,0,0,0,0,0,1,1,1,24,5,2198,2,1,6,1
201442I110904,2,9,0,17,0,0,5,0,1,0,1,1,3,2,63,9,1388,1,3,7,3
201442I111003,1,19,0,17,0,1,0,0,0,0,1,1,6,1,29,6,1896,2,5,9,3
201442I111103,1,9,0,18,0,0,0,0,0,0,1,1,6,1,64,9,-1,-1,-1,10,2
201442I111103,2,2,0,18,0,0,0,0,0,0,2,1,6,1,18,4,49,1,-1,2,1
201442I111204,1,9,0,18,0,0,0,0,0,7,4,1,6,1,20,4,1600,1,15,5,1
201442I111304,1,9,0,4,0,1,1,0,0,0,1,1,6,1,56,9,1360,1,11,2,1
201442I111304,2,9,0,3,0,1,0,0,0,0,2,1,6,1,18,4,1984,2,1,8,2
201442I111304,3,9,0,10,0,1,0,0,0,0,2,1,6,2,18,4,1198,1,2,8,2
201442I111404,1,9,0,5,0,6,0,0,0,0,1,1,6,2,82,11,1360,1,16,1,1
201442I111404,2,9,0,4,0,1,0,0,0,0,1,1,6,1,26,6,1149,1,13,6,1
201442I111504,1,9,0,17,0,0,0,0,0,0,4,1,6,2,22,5,1299,1,14,3,1
201442I111604,1,9,0,11,0,7,0,0,0,0,1,1,1,1,51,8,1248,2,-1,-1,-1
201442I111604,2,9,0,2,0,7,0,0,0,0,2,1,6,2,63,9,1339,1,4,9,1
201442I111704,1,9,0,18,0,1,0,0,0,0,1,1,6,3,-1,-1,-1,-1,-1,-1,-1
201442I111704,2,9,0,3,0,1,0,0,0,0,2,1,6,2,26,6,1587,1,8,6,1
201442I111804,1,20,0,4,0,1,0,0,0,0,1,1,1,1,23,5,11021,2,12,-1,-1
201442I111804,2,9,0,3,0,1,0,0,0,0,0,1,6,2,42,7,1398,1,1,10,1
201442I111804,3,19,0,3,0,1,0,0,0,0,0,1,1,1,39,7,-1,-1,-1,5,1
201442I111904,1,9,0,18,0,0,0,0,0,0,1,1,6,1,71,10,1999,1,12,7,1
201442I111904,2,9,0,18,0,0,0,4,0,0,1,1,6,2,62,9,1299,1,11,8,1
201442I111904,3,9,0,2,0,0,0,0,0,0,1,1,6,3,-1,-1,3498,1,4,-1,-1
201442I112004,1,9,0,18,0,1,0,0,0,0,1,1,6,1,41,7,1461,2,6,8,1
201442I112004,2,9,0,4,0,1,0,0,0,0,1,1,6,1,79,11,1596,1,14,8,1
201442I112004,3,9,0,4,0,1,0,0,0,0,2,1,6,2,59,9,1596,1,8,8,1
201442I112104,1,9,0,7,0,1,0,0,0,0,1,1,6,1,52,8,1560,2,2,9,2
201442I112104,2,1,0,4,0,1,0,0,0,0,3,1,6,1,47,8,-1,-1,-1,3,1
201442I112204,1,9,0,18,0,1,0,0,0,0,1,1,6,1,-1,-1,1895,1,16,-1,-1
201442I112304,1,97,0,18,0,6,0,0,0,0,1,1,6,1,-1,-1,-1,-1,-1,-1,-1
201442I112304,2,9,0,18,8,6,0,0,0,0,1,1,6,1,53,8,1796,1,6,7,3
201442I112404,1,21,0,4,0,0,1,0,0,0,1,1,1,1,63,9,12130,2,9,3,1
201442I112404,2,21,1,4,0,0,3,0,0,0,2,1,1,1,45,7,-1,-1,-1,9,3
201442I112404,3,21,0,4,0,0,0,0,0,0,2,1,1,1,68,10,12580,2,7,5,1
201442I112504,1,9,0,18,0,0,0,0,0,0,1,1,6,2,24,5,1299,1,12,2,1
201442I112504,2,9,0,18,0,0,0,0,0,0,2,1,6,2,60,9,2997,1,15,7,1
201442I112504,3,1,0,18,0,0,0,0,0,0,0,1,6,1,-1,-1,-1,-1,-1,-1,-1
201442I112604,1,9,0,18,0,1,0,0,0,0,1,1,6,2,39,7,1596,1,12,5,1
201442I112804,1,9,0,5,0,1,0,0,0,0,1,1,6,1,55,8,-1,-1,-1,2,1
201442I112804,2,9,0,2,0,1,0,0,0,0,3,1,6,3,-1,-1,2198,2,10,-1,-1
201442I112904,1,9,0,18,0,1,0,0,0,0,1,1,6,1,77,11,1198,1,7,9,1
201442I112904,2,9,0,3,0,1,0,0,0,0,2,1,6,2,38,7,1229,1,-1,4,1
201442I113004,1,19,0,11,0,0,0,0,0,0,1,1,2,1,42,7,-1,-1,-1,9,1
201442I113004,2,20,0,3,0,0,0,0,0,0,2,1,1,1,41,7,-1,-1,-1,9,3
201442I113104,1,9,0,14,0,1,0,0,0,0,3,1,1,1,-1,-1,-1,-1,-1,-1,-1
201442I113104,2,9,0,18,0,2,0,0,0,0,4,1,6,2,22,5,1299,1,11,-1,1
201442I113204,1,4,0,17,0,4,1,10,4,6,1,1,6,1,40,7,1202,1,3,2,1
201442I113304,1,9,0,18,0,0,0,0,0,0,2,1,6,1,-1,-1,-1,-1,-1,-1,-1
201442I113304,2,9,0,4,0,0,0,0,0,0,0,1,6,1,62,9,1596,1,13,2,1
201442I113403,1,1,0,18,4,0,0,0,0,0,0,1,2,1,52,8,-1,-1,-1,2,1
201442I113504,1,9,0,18,0,2,0,0,0,0,1,1,4,3,-1,-1,1753,2,15,-1,-1
201442I113504,2,1,0,18,0,1,0,0,0,0,4,1,6,1,15,3,-1,-1,-1,10,1
201442I113602,1,11,0,4,0,8,0,0,0,0,0,1,1,1,33,6,6700,2,1,1,1
201442I113704,1,9,0,18,0,0,1,0,0,0,1,1,6,2,17,4,1360,1,11,10,1
201442I113704,2,9,0,4,0,0,0,0,0,0,2,1,6,2,56,9,1598,1,6,9,1
201442I113804,1,9,0,18,0,1,1,0,1,9,3,1,1,2,33,6,-1,-1,-1,4,1
201442I113804,2,21,0,18,0,1,0,0,0,0,0,1,6,3,-1,-1,-1,-1,-1,-1,-1
201442I113903,1,9,0,3,0,1,0,0,0,0,2,1,2,2,30,6,1896,2,13,7,1
201442I113903,2,21,0,18,0,1,0,0,0,0,1,1,6,3,-1,-1,-1,-1,-1,-1,-1
201442I114104,1,19,0,9,0,1,0,0,0,0,4,1,6,1,-1,-1,2300,2,8,8,3
201442I114104,2,4,0,18,0,1,0,0,0,0,1,1,6,1,17,4,124,1,16,9,3
201442I114204,1,9,0,3,0,3,0,0,0,0,1,1,6,2,77,11,998,1,10,10,1
201442I114204,2,9,0,3,0,3,0,0,0,0,2,1,6,2,65,9,1248,2,1,10,1
201442I114304,1,3,0,7,0,5,1,0,0,0,3,1,6,2,18,4,-1,-1,-1,8,1
201442I114404,1,9,0,5,0,0,0,0,0,0,3,1,6,2,51,8,2997,1,16,1,1
201442I114504,1,9,0,16,0,1,0,0,0,0,3,1,6,1,21,5,1596,1,4,9,1
201442I114504,2,9,0,18,0,2,0,0,0,0,3,1,6,2,45,7,1997,2,7,9,1
201442I114604,1,9,0,4,0,0,0,0,0,0,1,1,6,2,29,6,998,1,1,8,2
201442I114604,2,9,0,4,0,0,0,0,0,0,2,1,6,1,50,8,1242,1,2,8,1
201442I114604,3,9,0,4,0,0,0,0,0,0,2,1,6,1,40,7,1997,2,5,-1,-1
201442I114704,1,9,0,5,0,4,0,0,0,0,2,1,6,1,46,8,1753,2,11,4,1
201442I114704,2,9,0,18,0,4,0,0,0,0,0,1,6,2,23,5,-1,-1,-1,3,1
201442I114904,1,9,0,5,0,4,0,0,0,0,1,1,6,2,37,7,-1,-1,-1,4,1
201442I114904,2,9,0,9,0,3,0,0,0,0,4,1,6,1,28,6,1200,1,1,5,1
201442I115004,1,9,0,18,0,0,0,0,0,0,1,1,6,1,-1,-1,1686,2,3,-1,-1
201442I115103,1,9,0,18,0,0,1,0,1,7,4,1,2,1,21,5,1389,1,14,4,1
201442I115103,2,9,0,18,0,0,1,0,5,6,4,1,2,2,21,5,1299,1,12,8,1
201442I115204,1,19,0,18,0,0,0,0,0,0,4,1,6,2,46,8,-1,-1,-1,5,1
201442I115304,1,9,0,5,0,4,0,0,0,0,1,1,6,1,27,6,1598,1,11,4,1
201442I115304,2,1,0,18,0,3,0,0,0,0,2,1,6,2,51,8,-1,-1,-1,-1,-1
201442I115504,1,20,0,5,0,0,0,0,0,0,4,1,1,1,31,6,5900,2,8,3,1
201442I115504,2,1,0,18,9,0,0,0,7,0,0,1,6,1,8,2,-1,-1,-1,10,2
201442I115704,1,11,0,17,0,0,0,0,0,0,0,1,6,1,55,8,4500,2,4,7,1
201442I115804,1,9,0,18,0,0,0,0,0,0,3,1,6,2,51,8,1242,1,15,-1,-1
201442I115804,2,9,0,18,0,0,0,0,0,0,4,1,6,1,45,7,-1,-1,-1,3,1
201442I115904,1,21,0,9,0,4,0,0,0,0,4,1,1,1,61,9,10837,2,1,8,1
201442I115904,2,9,0,18,0,4,0,0,0,0,3,1,2,2,38,7,2143,2,2,6,1
201442I116004,1,9,0,6,0,0,0,0,0,0,3,1,6,2,43,7,2401,2,5,6,1
201442I116004,2,4,0,14,0,0,1,0,0,0,1,1,1,1,20,4,471,1,-1,4,1
201442I116104,1,3,0,18,0,1,0,0,0,0,1,1,1,1,19,4,124,1,8,5,1
201442I116104,2,9,0,10,0,1,0,0,0,0,2,1,1,1,38,7,2143,2,1,5,3
201442I116304,1,9,0,18,0,1,0,0,0,0,1,1,6,1,52,8,2771,1,17,6,1
201442I116304,2,9,0,4,0,1,1,0,0,0,1,1,1,3,50,8,2993,2,4,1,1
201442I116304,3,9,0,4,0,1,1,0,0,0,1,1,1,3,32,6,2993,2,4,-1,-1
201442I116304,4,9,0,4,0,1,0,0,0,0,0,1,1,3,-1,-1,2993,2,3,-1,-1
201442I116403,1,9,0,1,0,0,0,0,0,0,2,1,2,2,55,8,1600,1,15,-1,-1
201442I116403,2,9,0,2,0,0,0,0,0,0,3,1,6,1,26,6,1968,2,5,7,1
201442I116502,1,9,0,7,0,6,0,0,0,0,1,1,6,2,19,4,1388,1,11,7,1
201442I116502,2,10,0,18,0,1,0,0,0,0,1,1,1,1,-1,-1,2402,2,11,7,1
201442I116604,1,19,0,7,0,8,0,0,0,0,1,1,1,1,45,7,1298,1,10,9,1
201442I116604,2,1,0,18,0,8,0,0,0,0,2,1,6,1,51,8,-1,-1,-1,10,1
201442I116704,1,9,0,9,0,8,0,0,0,0,4,1,1,2,19,4,-1,-1,-1,10,1