Accident_Index,Vehicle_Reference,Vehicle_Type,Towing_and_Articulation,Vehicle_Manoeuvre,Vehicle_Location-Restricted_Lane,Junction_Location,Skidding_and_Overturning,Hit_Object_in_Carriageway,Vehicle_Leaving_Carriageway,Hit_Object_off_Carriageway,1st_Point_of_Impact,Was_Vehicle_Left_Hand_Drive?,Journey_Purpose_of_Driver,Sex_of_Driver,Age_of_Driver,Age_Band_of_Driver,Engine_Capacity_(CC),Propulsion_Code,Age_of_Vehicle,Driver_IMD_Decile,Driver_Home_Area_Type
201442I160705,2,1,0,18,0,1,0,0,0,0,1,1,6,2,31,6,-1,-1,-1,3,1
201442I160805,1,9,0,4,0,8,0,0,0,0,1,1,2,1,48,8,1998,1,11,3,1
201442I160805,2,9,0,4,0,8,0,0,0,0,2,1,3,2,29,6,990,1,16,7,1
201442I160805,3,9,0,4,0,8,0,0,0,0,2,1,2,1,48,8,2148,2,8,6,1
201442I160905,1,9,0,17,0,2,0,0,0,7,4,1,6,1,22,5,1598,1,7,9,1
201442I161005,1,9,0,7,0,1,0,0,0,0,4,1,6,2,54,8,1242,1,1,4,1
201442I161005,2,1,0,18,0,1,0,0,0,0,0,1,6,1,18,4,-1,-1,-1,3,1
201442I161105,1,9,0,4,0,0,1,0,0,0,1,1,6,2,23,5,1796,1,11,5,1
201442I161105,2,9,0,4,0,0,0,0,0,0,2,1,6,1,41,7,-1,-1,-1,2,1
201442I161105,3,9,0,4,0,0,0,0,0,0,2,1,6,1,42,7,1968,2,4,10,1
201442I161205,1,3,0,3,0,0,0,0,0,0,1,1,6,1,19,4,-1,-1,-1,4,1
201442I161205,2,9,0,18,0,0,0,0,0,0,2,1,6,1,24,5,1896,2,10,6,1
201442I161305,1,5,0,18,0,0,1,0,0,0,1,1,6,1,50,8,1585,1,3,6,3
201442I161305,2,9,0,18,0,0,0,0,0,0,2,1,6,1,32,6,1395,1,1,6,3
201442I161405,1,5,0,17,0,0,1,0,1,0,1,1,6,1,23,5,-1,-1,-1,8,1
201442I161505,1,9,0,16,0,0,0,0,0,0,4,1,6,3,-1,-1,-1,-1,-1,-1,-1
201442I161505,2,1,0,18,0,0,0,0,0,0,1,1,6,1,26,6,-1,-1,-1,4,1
201442I161605,1,9,0,18,0,1,0,0,0,0,1,1,6,2,46,8,1685,2,2,-1,-1
201442I161605,2,9,0,18,0,1,0,0,0,0,3,1,6,2,53,8,1197,1,1,8,2
201442I161705,1,3,0,18,0,1,0,0,0,0,1,1,6,1,21,5,125,1,9,4,1
201442I161805,1,9,0,3,0,4,0,0,0,0,3,1,6,2,29,6,1896,2,5,-1,-1
201442I161805,2,9,0,3,0,4,0,0,0,0,2,1,6,3,-1,-1,-1,-1,-1,-1,-1
201442I161905,1,9,0,16,0,0,0,0,0,0,1,1,6,3,-1,-1,-1,-1,-1,-1,-1
201442I161905,2,1,0,16,0,0,0,0,0,0,2,1,6,1,28,6,-1,-1,-1,-1,-1
201442I162005,1,9,0,17,0,0,1,0,7,4,3,1,6,1,53,8,1796,1,10,7,3
201442I162105,1,90,0,4,9,0,2,0,1,11,1,1,6,1,31,6,-1,-1,-1,2,1
201442I162205,1,9,0,18,0,0,0,0,0,0,1,1,6,1,45,7,-1,-1,-1,10,1
201442I162205,2,9,0,3,0,0,0,0,0,0,2,1,2,2,20,4,1242,1,14,7,2
201442I162305,1,9,0,1,0,0,0,0,0,0,3,1,6,1,31,6,2324,1,11,6,2
201442I162305,2,9,0,16,0,0,0,0,0,0,1,1,1,1,25,5,1396,1,11,8,1
201442I162405,1,9,0,9,0,0,0,0,0,0,1,1,6,2,35,6,1599,1,12,-1,-1
201442I162405,2,9,0,18,0,0,0,0,0,0,3,1,6,1,50,8,1798,1,1,2,1
201442I162505,1,9,0,3,0,1,0,10,0,0,1,1,6,2,54,8,1124,1,7,8,1
201442I162505,2,9,0,3,0,1,0,0,0,0,2,1,6,1,-1,-1,2464,1,15,7,3
201442I162605,1,9,0,18,0,3,0,10,0,0,3,1,6,1,22,5,1149,1,11,2,1
201442I162705,1,98,0,18,0,0,0,0,0,0,1,1,1,1,49,8,-1,-1,-1,-1,-1
201442I162705,2,9,0,18,0,0,1,0,1,7,2,1,6,2,24,5,1598,1,11,8,1
201442I162804,1,1,0,18,9,0,0,0,0,0,1,1,6,1,19,4,-1,-1,-1,8,1
201442I162903,1,9,0,4,0,1,0,0,0,0,2,1,6,1,78,11,1596,1,2,2,1
201442I162903,2,9,0,4,0,1,0,0,0,0,1,1,6,2,19,4,1388,1,10,8,1
201442I163005,1,9,0,1,0,0,0,0,0,0,1,1,1,2,18,4,1086,1,4,10,1
201442I163005,2,9,0,1,0,0,0,0,0,0,2,1,1,1,26,6,1997,2,8,-1,-1
201442I163105,1,9,0,4,0,0,0,0,0,0,2,1,6,1,-1,-1,2143,2,-1,-1,-1
201442I163105,2,1,0,18,0,0,0,0,0,0,1,1,6,1,24,5,-1,-1,-1,3,1
201442I163105,3,1,0,18,0,0,0,0,0,0,1,1,6,1,-1,-1,-1,-1,-1,-1,-1
201442I163205,1,9,0,9,0,1,0,0,0,0,0,1,6,2,-1,-1,-1,-1,-1,-1,-1
201442I163205,2,3,0,18,0,1,1,0,0,0,0,1,6,1,30,6,124,1,7,7,1
201442I163305,1,21,0,4,0,0,0,0,0,0,1,1,1,1,36,7,4580,2,6,2,1
201442I163305,2,9,0,4,0,0,0,0,1,0,2,1,6,2,36,7,1390,1,11,8,1
201442I163305,3,9,0,4,0,0,0,0,0,0,2,1,6,1,36,7,1995,1,6,-1,1
201442I163405,1,9,0,7,0,6,0,0,0,0,1,1,6,2,58,9,2204,2,7,8,1
201442I163405,2,9,0,16,0,8,0,0,0,0,3,1,6,2,66,10,998,1,3,7,1
201442I163505,1,9,0,18,0,0,2,10,0,0,0,1,6,1,49,8,998,1,12,8,1
201442I163605,1,9,0,18,0,0,0,0,0,0,1,1,6,2,18,4,2188,2,10,9,2
201442I163605,2,9,0,18,0,0,0,0,0,0,1,1,6,1,58,9,-1,-1,-1,6,3
201442I163705,1,9,0,9,0,8,0,0,0,0,3,1,6,1,23,5,-1,-1,-1,5,1
201442I163705,2,5,0,18,0,8,0,0,0,0,4,1,6,1,47,8,599,1,3,-1,-1
201442I163805,1,9,0,3,0,4,0,0,0,0,1,1,6,1,48,8,1997,1,7,2,1
201442I163805,2,9,0,5,0,4,0,0,0,0,2,1,6,1,48,8,1461,2,4,1,1
201442I163905,1,9,0,18,0,0,5,0,1,0,1,1,6,1,41,7,1994,1,13,4,1
201442I164005,1,3,0,18,0,4,0,0,0,0,0,1,6,1,24,5,124,1,5,9,1
201442I164105,1,4,0,16,0,1,0,7,1,10,4,1,6,1,24,5,124,1,2,2,1
201442I164205,1,9,0,17,0,0,0,0,1,4,1,1,6,1,39,7,2494,1,11,7,2
201442I164305,1,9,0,9,0,1,0,0,0,0,1,1,6,1,42,7,1998,1,7,-1,1
201442I164305,2,9,0,18,0,1,0,0,0,0,1,1,6,2,47,8,1242,1,13,8,3
201442I164405,1,19,0,18,0,1,0,0,0,0,2,1,6,1,29,6,1896,2,5,4,1
201442I164405,2,9,0,18,0,1,0,0,0,0,2,1,2,2,59,9,1298,1,12,8,1
201442I164505,1,3,0,4,0,1,0,0,0,0,2,1,6,1,41,7,-1,-1,-1,6,1
201442I164505,2,9,0,18,0,1,0,0,0,0,1,1,6,1,-1,-1,-1,-1,-1,-1,-1
201442I164505,3,9,0,4,0,1,0,0,0,0,2,1,6,1,49,8,2143,2,1,9,1
201442I164605,1,9,0,18,0,8,1,0,0,0,1,1,4,2,27,6,1242,1,16,10,1
201442I164605,2,20,0,10,0,5,0,0,0,0,1,1,1,1,21,5,-1,-1,-1,-1,-1
201442I164705,1,19,0,18,0,0,2,7,0,10,1,1,6,1,37,7,2148,2,9,2,1
201442I164805,1,9,0,16,0,0,2,0,0,4,1,1,6,2,20,4,1248,2,2,-1,-1
201442I165005,1,9,0,18,0,1,0,0,0,0,3,1,6,1,-1,-1,2993,2,4,-1,-1
201442I165005,2,4,0,18,0,1,0,0,0,0,1,1,6,1,41,7,599,1,10,10,1
201442I165105,1,9,4,18,0,8,0,0,0,0,4,1,6,3,-1,-1,-1,-1,-1,-1,-1
201442I165105,2,5,0,18,0,8,0,0,0,0,3,1,1,1,54,8,644,1,6,6,1
201442I165205,1,2,0,4,0,1,1,0,0,0,3,1,6,1,22,5,102,1,8,-1,-1
201442I165305,1,9,0,4,0,1,0,0,0,0,1,1,6,1,66,10,2497,2,20,10,1
201442I165305,2,9,0,3,0,1,0,0,0,0,2,1,6,1,34,6,1399,2,12,2,1
201442I165405,1,9,0,16,0,8,0,0,0,0,4,1,6,1,20,4,1388,1,11,-1,1
201442I165405,2,9,0,9,0,1,0,0,0,0,1,1,6,2,67,10,1598,2,3,7,3
201442I165505,1,9,0,10,0,1,0,0,0,0,2,1,6,2,60,9,1968,2,-1,10,1
201442I165505,2,9,0,3,0,1,0,0,0,0,2,1,6,2,32,6,-1,-1,-1,9,2
201442I165505,3,9,0,18,0,1,0,0,0,0,1,1,6,2,26,6,1229,1,2,10,1
201442I165605,1,9,0,4,0,4,0,0,0,0,1,1,6,2,-1,-1,998,1,14,-1,-1
201442I165605,2,9,0,3,0,4,0,0,0,0,2,1,6,2,53,8,1198,1,4,10,1
201442I165705,1,9,0,18,0,0,0,0,0,0,1,1,6,1,54,8,-1,-1,-1,5,1
201442I165705,2,9,0,3,0,0,0,0,0,0,2,1,6,2,30,6,1598,1,11,2,1
201442I165705,3,9,0,3,0,0,0,0,0,0,2,1,6,2,34,6,1149,1,12,5,1
201442I165805,1,9,0,17,9,0,1,0,1,5,2,1,6,1,27,6,1781,1,14,-1,-1
201442I165805,2,9,0,1,9,0,0,0,0,0,0,1,6,3,-1,-1,-1,-1,-1,-1,-1
201442I166005,1,19,0,18,0,1,0,0,0,0,1,1,1,1,50,8,2402,2,6,9,3
201442I166005,2,9,0,10,0,1,0,0,0,0,3,1,1,1,39,7,-1,-1,-1,8,3
201442I166005,3,9,0,18,0,1,0,0,0,0,1,1,3,2,36,7,1598,1,5,10,2
201442I166105,1,9,0,5,0,2,0,0,7,0,3,1,2,2,20,4,1242,1,10,1,1
201442I166105,2,9,0,18,0,1,0,0,0,0,1,1,2,2,19,4,1198,1,9,9,3
201442I166205,1,9,0,18,0,8,1,0,0,0,1,1,6,1,60,9,1299,1,17,5,1
201442I166205,2,9,0,9,0,8,0,0,4,1,4,1,6,2,41,7,1598,1,7,10,1
201442I166305,1,9,0,18,0,0,2,0,7,11,1,1,6,1,29,6,1753,2,7,8,1
201442I166305,2,8,0,18,0,0,1,0,0,0,1,1,1,1,38,7,1910,2,6,6,1
201442I166405,1,9,0,18,0,0,5,0,0,3,1,1,6,1,70,10,1997,2,7,8,1
201442I166505,1,1,0,18,0,1,0,0,0,0,4,1,2,1,28,6,-1,-1,-1,2,1
201442I166505,2,9,0,5,0,1,0,0,0,0,1,1,6,1,25,5,1499,2,1,9,1
201442I166605,1,9,0,5,0,4,0,0,0,0,1,1,6,1,-1,-1,-1,-1,-1,-1,-1
201442I166605,2,9,0,4,0,4,0,0,0,0,2,1,6,2,74,10,1386,1,6,9,1
201442I166705,1,9,0,9,0,8,0,0,1,2,2,1,2,1,32,6,1995,2,4,4,1
201442I166705,2,9,0,18,0,4,0,0,0,0,1,1,6,1,71,10,2987,2,7,3,1
201442I166805,1,21,1,12,0,0,1,0,0,0,3,2,1,1,51,8,-1,-1,-1,-1,-1
201442I166805,2,9,0,18,0,0,1,0,0,0,4,1,2,2,34,6,2148,2,12,5,1
201442I166905,1,9,0,4,0,4,0,0,0,0,1,1,2,1,38,7,1995,2,12,5,2
201442I166905,2,9,0,4,0,4,0,0,0,0,2,1,2,2,37,7,998,1,5,6,2
201442I167005,1,8,0,18,0,0,0,0,1,10,1,1,2,2,42,7,2402,2,11,8,1
201442I167105,1,9,0,18,0,1,1,0,1,4,3,1,6,2,34,6,2987,2,8,10,3
201442I167205,1,9,0,1,0,0,0,0,0,0,2,1,6,1,-1,-1,3222,2,10,-1,-1
201442I167305,1,9,0,3,0,2,0,0,0,0,1,1,6,2,55,8,2495,2,14,3,1
201442I167305,2,9,0,3,0,2,0,0,0,0,2,1,2,2,33,6,1229,1,9,2,1
201442I167405,1,9,0,16,0,0,1,0,7,1,4,1,6,2,23,5,1388,1,10,4,1
201442I167505,1,9,0,16,0,0,0,0,0,11,1,1,6,2,29,6,1149,1,3,5,1
201442I167605,1,19,0,15,0,0,0,0,0,0,2,1,6,3,-1,-1,-1,-1,-1,-1,-1
201442I167605,2,1,0,18,0,0,0,0,0,0,1,1,6,1,50,8,-1,-1,-1,8,1
201442I167705,1,9,0,1,0,1,0,0,0,0,1,1,6,2,-1,-1,1596,1,4,-1,-1
201442I167805,1,19,0,18,0,0,0,0,0,0,1,1,6,1,-1,-1,-1,-1,-1,-1,-1
201442I167805,2,19,0,18,0,0,0,0,0,0,2,1,6,1,39,7,2402,2,12,8,1
201442I167905,1,9,0,18,0,1,0,0,0,0,1,1,6,1,48,8,1390,1,15,2,1
201442I167905,2,9,0,4,0,1,0,0,0,0,2,1,6,2,40,7,1199,2,2,9,2
201442I168005,1,9,0,9,0,6,0,0,0,0,1,1,6,1,86,11,1199,1,11,7,3
201442I168005,2,9,0,18,0,8,0,0,0,0,4,1,6,2,40,7,2967,1,14,6,3
201442I168105,1,9,0,16,0,0,0,0,7,8,1,1,6,2,57,9,1364,1,1,6,3
201442I168205,1,5,0,13,0,0,1,0,1,1,1,1,6,1,66,10,998,1,6,8,1
201442I168205,2,21,1,17,0,0,0,0,0,0,0,1,2,1,48,8,12777,2,6,6,1
201442I168205,3,9,0,18,0,0,0,0,0,0,0,1,3,2,34,6,1910,2,9,8,3
201442I168305,1,21,0,3,0,1,0,0,0,0,2,1,1,1,31,6,7790,2,1,10,3
201442I168305,2,21,0,3,0,1,0,0,0,0,2,1,1,1,57,9,12740,2,-1,6,1
201442I168305,3,19,0,3,0,1,0,0,0,0,0,1,1,1,35,6,-1,-1,-1,6,2
201442I168405,1,9,0,13,0,2,0,0,0,0,1,1,6,1,20,4,1598,1,8,6,1
201442I168405,2,19,0,18,0,2,0,0,1,0,1,1,6,1,54,8,-1,-1,-1,8,3
201442I168405,3,9,0,18,0,2,0,0,0,0,0,1,6,3,-1,-1,-1,-1,-1,-1,-1
201442I168605,1,9,0,18,0,8,0,0,0,0,1,1,6,2,37,7,1999,1,8,7,1
201442I168605,2,9,0,18,0,8,0,0,0,0,3,1,6,2,22,5,998,1,15,6,1
201442I168705,1,19,0,18,2,0,0,0,0,0,1,1,6,1,52,8,-1,-1,-1,4,1
201442I168705,2,9,0,18,0,0,0,0,0,0,1,1,6,1,44,7,-1,-1,-1,-1,-1
201442I168705,3,9,0,18,0,0,0,0,0,0,2,1,6,1,21,5,998,1,-1,2,1
201442I168705,4,9,0,18,0,0,0,0,0,0,2,1,6,1,63,9,2993,2,3,7,3
201442I168804,1,9,0,17,0,3,0,0,0,0,3,1,6,1,38,7,1596,1,7,4,1
201442I168804,2,4,0,16,0,3,0,0,0,0,1,1,6,1,43,7,998,1,15,10,1
201442I168904,1,9,0,4,0,0,0,0,5,6,1,1,1,1,40,7,1968,2,-1,10,1
201442I168904,2,19,0,4,0,0,0,0,5,6,2,1,1,1,25,5,1753,2,7,5,1
201442I168904,3,9,0,4,0,0,0,0,0,0,4,1,6,1,25,5,1956,2,3,-1,1
201442I169105,1,2,0,18,0,1,1,0,0,0,1,1,6,1,35,6,124,1,1,3,1
201442I169105,2,1,0,9,0,5,0,0,0,0,4,1,6,1,29,6,-1,-1,-1,3,1
201442I169205,1,9,0,1,0,1,0,0,0,0,2,1,6,2,63,9,1343,1,10,10,1
201442I169205,2,3,0,18,0,1,1,0,0,0,1,1,6,1,17,4,125,1,1,-1,-1
201442I169304,1,9,0,7,0,3,0,0,0,0,1,1,6,2,-1,-1,1339,8,3,-1,-1
201442I169304,2,9,0,9,0,8,0,0,0,0,2,1,6,1,24,5,1299,1,14,10,1
201442I169405,1,11,0,18,0,4,0,0,0,0,1,1,6,2,50,8,5900,2,7,9,1
201442I169405,2,1,0,18,0,8,0,0,0,0,1,1,6,1,15,3,-1,-1,-1,10,1
201442I169505,1,9,0,4,0,1,0,0,0,0,0,1,6,1,18,4,-1,-1,-1,10,1
201442I169505,2,9,0,3,0,1,0,0,0,0,0,1,6,1,41,7,1968,2,1,10,1
201442I169605,1,9,0,18,9,1,0,0,0,0,1,1,6,2,57,9,1596,1,12,1,1
201442I169605,2,1,0,18,9,1,0,0,0,0,4,1,4,1,5,1,-1,-1,-1,3,1
201442I169705,1,9,0,18,0,8,0,0,0,0,1,1,6,3,-1,-1,-1,-1,-1,-1,-1
201442I169805,1,9,0,18,0,4,0,0,0,0,1,1,6,1,76,11,1386,1,8,6,1
201442I169805,2,1,0,9,0,8,0,0,0,0,2,1,6,1,71,10,-1,-1,-1,7,1
201442I169905,1,19,0,18,0,8,0,0,0,0,1,1,6,1,46,8,5400,1,10,4,1
201442I169905,2,9,0,18,0,8,0,0,0,0,2,1,6,1,46,8,-1,-1,-1,4,1
201442I169905,3,19,0,18,0,8,0,0,0,0,2,1,6,1,30,6,2402,2,7,2,1
201442I169905,4,9,0,18,0,8,0,0,0,0,0,1,6,3,-1,-1,-1,-1,-1,-1,-1
201442I170005,1,9,0,18,0,2,1,4,1,11,1,1,6,1,53,8,-1,-1,-1,10,1
201442I170005,2,9,0,2,0,2,0,0,0,2,2,1,6,3,-1,-1,-1,-1,-1,-1,-1
201442I170005,3,9,0,2,0,2,0,0,0,0,0,1,6,3,-1,-1,1999,1,4,-1,-1
201442I170104,1,9,0,15,0,0,0,0,7,9,1,1,6,2,66,10,1560,2,4,6,1
201442I170104,2,9,0,16,0,0,0,0,0,0,3,1,6,1,51,8,2996,2,16,6,3
201442I170205,1,9,0,4,0,0,1,0,0,0,4,1,2,1,40,7,2993,2,7,9,1
201442I170205,2,9,0,3,0,0,0,0,0,0,3,1,6,2,31,6,-1,-1,-1,7,1
201442I170305,1,9,0,10,0,1,0,0,0,0,1,1,6,2,48,8,1596,1,3,1,1
201442I170305,2,9,0,18,0,1,0,0,0,0,1,1,6,1,17,4,1299,1,18,3,1
201442I170405,1,9,0,18,0,1,0,0,0,0,1,1,6,2,26,6,998,1,10,10,1
201442I170405,2,4,0,8,0,1,0,0,0,0,2,1,6,1,54,8,-1,-1,-1,6,3
201442I170505,1,3,0,18,0,4,1,9,0,0,1,1,6,2,28,6,124,1,1,10,1
201442I170605,1,9,0,9,0,6,0,0,0,0,3,1,6,1,63,9,998,1,1,4,3
201442I170605,2,9,0,18,0,1,0,0,0,0,1,1,6,2,69,10,998,1,8,5,1
201442I170705,1,9,0,16,0,1,0,0,0,0,0,1,6,3,-1,-1,-1,-1,-1,-1,-1
201442I170705,2,9,0,16,0,1,0,0,4,1,1,1,6,1,50,8,1896,2,9,5,1
201442I170805,1,9,0,18,0,1,1,0,1,7,1,1,6,2,22,5,1796,1,7,3,1
201442I170805,2,19,0,18,0,1,0,0,0,0,2,1,1,1,35,6,2402,2,3,4,1
201442I170905,1,9,0,18,0,4,0,0,7,1,4,1,6,2,22,5,1388,1,10,6,1
201442I170905,2,9,0,18,0,3,0,0,0,0,3,1,6,2,53,8,1798,1,9,8,1
201442I171005,1,9,0,9,0,5,0,0,0,0,4,1,6,2,77,11,1497,8,7,10,1
201442I171005,2,97,0,18,0,1,0,0,0,0,1,1,6,1,45,7,123,1,25,9,1
201442I171105,1,5,0,4,0,4,1,0,3,0,1,1,6,1,25,5,-1,-1,-1,-1,-1
201442I171205,1,8,0,18,0,0,0,0,0,0,4,1,1,1,45,7,1896,2,8,2,1
201442I171305,1,9,0,2,0,1,0,0,0,0,4,1,2,2,46,8,1598,1,9,5,1
201442I171305,2,1,0,18,0,1,0,0,0,0,0,1,6,1,26,6,-1,-1,-1,-1,-1
201442I171405,1,9,0,18,0,0,0,0,0,0,0,1,6,1,-1,-1,-1,-1,-1,-1,-1
201442I171506,1,9,0,18,0,0,1,0,1,11,4,1,6,2,30,6,1229,1,1,8,1
201442I171605,1,9,0,18,0,0,1,0,1,4,2,1,2,2,21,5,1299,1,6,10,1
201442I171705,1,9,0,17,0,0,5,0,1,0,1,1,1,1,25,5,1753,2,11,7,1
201442I171806,1,9,0,9,0,1,0,0,0,0,3,1,6,1,-1,-1,-1,-1,-1,-1,-1
201442I171806,2,5,0,10,0,1,0,0,0,0,4,1,6,2,63,9,1157,1,13,2,1
201442I171905,1,8,0,18,0,0,0,0,0,0,3,1,1,1,41,7,1910,2,6,4,1
201442I172005,1,9,0,16,0,0,0,10,7,10,1,1,6,1,23,5,1596,1,9,8,2
201442I172005,2,9,0,2,0,0,0,0,0,0,1,1,6,2,87,11,1997,1,14,8,2
201442I172005,3,9,0,2,0,0,0,0,0,0,1,1,6,1,20,4,2497,1,12,6,3
201442I172105,1,5,0,9,0,8,0,0,0,0,4,1,2,1,35,6,1441,1,1,9,1
201442I172105,2,9,0,9,0,8,0,0,0,0,3,1,6,1,19,4,1600,1,16,8,1
201442I172205,1,8,0,18,0,8,0,0,0,0,1,1,1,1,34,6,1968,2,4,8,1
201442I172205,2,9,0,6,0,8,0,0,0,0,3,1,2,1,34,6,1796,1,12,-1,1
201442I172305,1,9,0,5,0,6,0,0,0,0,1,1,6,1,58,9,1582,2,4,5,1
201442I172305,2,9,0,18,0,8,1,0,0,8,1,1,6,1,55,8,1968,2,-1,10,1
201442I172405,1,9,0,18,0,0,0,0,0,0,1,1,6,1,20,4,3311,8,9,5,1
201442I172405,2,9,0,4,0,0,0,0,0,0,2,1,6,1,29,6,1560,2,10,4,1
201442I172505,1,9,0,10,0,1,0,0,0,0,3,1,6,2,22,5,1149,1,6,5,2
201442I172505,2,1,0,18,0,1,0,0,0,0,1,1,6,2,46,8,-1,-1,-1,-1,-1
201442I172605,1,9,0,18,0,0,0,0,0,0,1,1,6,2,22,5,1995,2,3,3,1
201442I172605,2,9,0,18,0,0,0,0,0,0,2,1,2,2,37,7,1497,8,-1,2,1
201442I172705,1,5,0,18,0,0,0,0,0,0,1,1,6,1,56,9,1130,1,11,8,1
201442I172705,2,9,0,18,0,0,0,0,0,0,2,1,6,1,61,9,-1,-1,-1,2,1
201442I173005,1,1,0,18,0,8,0,0,0,0,4,1,6,2,46,8,-1,-1,-1,-1,-1
201442I173005,2,9,0,18,0,8,0,0,0,0,1,1,6,2,40,7,1242,1,2,-1,-1
201442I173105,1,9,0,4,0,0,0,0,0,0,1,1,2,2,32,6,1242,1,4,-1,-1
201442I173105,2,8,0,3,0,0,0,0,0,0,2,1,6,1,57,9,1896,2,6,10,1
201442I173205,1,4,0,18,0,1,0,0,0,0,1,1,2,2,50,8,1063,1,7,9,1
201442I173205,2,9,0,9,0,6,0,0,0,0,2,1,6,2,25,5,2687,1,9,7,1
201442I173305,1,9,0,18,0,2,1,0,0,0,1,1,6,1,31,6,1497,1,10,5,1
201442I173305,2,9,0,10,0,8,0,0,0,0,2,1,6,1,26,6,1498,1,6,9,1
201442I173406,1,9,0,18,0,0,0,0,0,6,3,1,6,1,28,6,-1,-1,-1,9,1
201442I173406,2,9,0,18,0,0,0,0,0,6,4,1,6,1,65,9,-1,-1,-1,5,1
201442I173506,1,9,0,18,0,1,2,0,1,3,1,1,6,1,43,7,1796,1,11,5,1
201442I173605,1,19,0,18,0,1,1,0,0,0,1,1,1,1,43,7,-1,-1,-1,1,1
201442I173605,2,9,0,3,0,1,0,0,0,0,2,1,6,1,72,10,1998,1,11,6,1
201442I173705,1,9,0,16,0,0,0,0,0,0,1,1,6,1,86,11,-1,-1,-1,9,1
201442I173805,1,19,0,18,0,6,0,0,0,0,1,1,6,2,65,9,1968,2,10,9,1
201442I173805,2,9,0,18,0,8,0,0,0,0,3,1,6,1,78,11,1596,1,11,9,1
201442I173905,1,90,0,18,0,4,0,0,0,0,1,1,1,1,28,6,2464,2,4,7,3
201442I173905,2,9,0,18,0,8,0,0,0,0,4,1,6,1,41,7,1596,1,3,-1,-1
201442I174005,1,9,0,9,0,6,0,0,0,0,3,1,6,2,46,8,1995,2,4,9,1
201442I174005,2,1,0,18,0,1,0,0,0,0,1,1,6,1,61,9,-1,-1,-1,10,1
201442I174105,1,9,0,18,0,0,0,0,7,3,1,1,6,1,73,10,1997,2,4,8,1
201442I174205,1,9,0,9,0,6,0,0,0,0,1,1,2,2,67,10,1124,1,11,-1,-1
201442I174205,2,9,0,17,0,1,0,0,0,0,4,1,2,1,24,5,1390,1,5,10,1
201442I174305,1,5,0,18,0,8,1,9,0,0,1,1,6,1,19,4,1340,1,-1,7,2
201442I174405,1,19,0,18,0,0,1,0,0,0,1,1,1,1,33,6,2287,2,1,-1,-1
201442I174405,2,19,0,3,0,0,0,0,0,0,2,1,1,1,23,5,1995,2,1,5,1
201442I174405,3,9,0,3,0,0,0,0,0,0,2,1,6,2,41,7,1595,1,6,4,1
201442I174505,1,9,0,18,0,1,0,0,0,0,1,1,2,1,51,8,1560,2,8,-1,-1
201442I174505,2,9,0,18,0,1,1,0,0,0,3,1,2,1,30,6,1896,2,12,-1,-1
201442I174605,1,9,0,5,0,8,0,0,0,0,3,1,6,1,71,10,1596,1,5,3,1
201442I174605,2,9,0,18,0,1,1,0,0,0,1,1,6,2,50,8,1341,1,12,-1,1
201442I174703,1,9,0,7,0,1,0,0,0,0,2,1,6,2,52,8,1984,1,8,8,1
201442I174703,2,1,0,16,0,1,0,0,0,0,1,1,6,2,16,4,-1,-1,-1,10,1
201442I174805,1,3,0,17,0,0,0,0,0,0,3,1,6,1,20,4,-1,-1,-1,4,1
201442I174805,2,9,0,18,0,0,0,0,0,0,4,1,6,1,59,9,2000,1,5,3,1
201442I174905,1,19,0,18,0,1,0,0,0,0,1,1,1,1,73,10,2402,2,2,-1,-1
201442I174905,2,9,0,18,0,1,0,0,0,0,4,1,6,2,54,8,999,1,4,10,2
201442I175005,1,21,0,12,0,2,0,0,0,0,3,2,1,1,44,7,-1,-1,-1,-1,-1
201442I175005,2,9,0,18,0,2,0,0,5,7,4,1,6,1,69,10,2354,1,9,8,3
201442I175005,3,21,0,18,0,7,0,0,0,0,3,1,1,1,57,9,10518,2,1,9,1
201442I175105,1,9,0,17,0,0,0,0,1,11,1,1,1,1,63,9,1598,2,1,9,3
201442I175206,1,9,0,4,0,1,0,0,0,0,4,1,6,1,87,11,1997,1,6,9,1
201442I175306,1,5,0,18,0,4,1,0,0,0,4,1,6,1,58,9,998,1,9,7,1
201442I175306,2,9,0,18,0,4,0,0,0,0,0,1,6,3,-1,-1,-1,-1,-1,-1,-1
201442I175405,1,9,0,18,0,0,1,0,2,7,1,1,2,2,53,8,1997,1,5,4,1
201442I175505,1,9,0,7,0,6,0,0,0,0,0,1,6,3,-1,-1,-1,-1,-1,-1,-1
201442I175505,2,9,0,16,0,8,0,0,1,1,1,1,6,2,40,7,1598,1,6,5,1
201442I175705,1,9,0,18,0,1,0,0,0,0,1,1,6,2,-1,-1,1296,1,8,-1,-1
201442I175705,2,1,0,9,0,1,0,0,0,0,2,1,6,2,20,4,-1,-1,-1,2,1
201442I175805,1,9,0,9,0,1,0,0,0,0,1,1,1,1,-1,-1,1995,2,3,-1,-1
201442I175805,2,9,0,18,0,1,0,0,0,0,2,1,1,1,44,7,1398,1,3,-1,2
201442I175906,1,9,0,5,0,4,0,0,0,0,1,1,6,2,42,7,1587,1,11,5,1