Accident_Index,Vehicle_Reference,Vehicle_Type,Towing_and_Articulation,Vehicle_Manoeuvre,Vehicle_Location-Restricted_Lane,Junction_Location,Skidding_and_Overturning,Hit_Object_in_Carriageway,Vehicle_Leaving_Carriageway,Hit_Object_off_Carriageway,1st_Point_of_Impact,Was_Vehicle_Left_Hand_Drive?,Journey_Purpose_of_Driver,Sex_of_Driver,Age_of_Driver,Age_Band_of_Driver,Engine_Capacity_(CC),Propulsion_Code,Age_of_Vehicle,Driver_IMD_Decile,Driver_Home_Area_Type
201442I175906,2,9,0,3,0,4,0,0,0,0,2,1,6,1,29,6,1781,1,14,7,1
201442I176006,1,9,0,17,0,0,1,0,7,0,1,1,3,2,30,6,1997,2,9,9,2
201442I176006,2,9,0,16,0,0,0,0,0,0,1,1,2,2,53,8,1560,2,1,8,1
201442I176205,1,9,0,12,0,1,0,0,0,0,1,1,6,1,55,8,-1,-1,-1,1,1
201442I176205,2,3,0,12,0,1,0,0,0,0,3,1,1,2,22,5,124,1,3,1,1
201442I176306,1,9,0,9,0,1,0,0,1,2,1,1,6,1,34,6,1796,1,14,1,1
201442I176405,1,9,0,18,0,0,0,0,0,0,1,1,6,1,20,4,-1,-1,-1,8,1
201442I176405,2,9,0,3,0,0,0,0,0,0,0,1,6,1,68,10,1598,2,3,8,1
201442I176405,3,1,0,18,0,0,0,0,0,0,3,1,6,2,32,6,-1,-1,-1,10,1
201442I176506,1,9,0,16,0,2,0,0,0,0,1,1,6,2,35,6,1242,1,1,6,3
201442I176506,2,9,0,2,0,2,0,0,1,11,1,1,6,3,-1,-1,1997,2,6,-1,-1
201442I176605,1,9,0,16,0,0,1,10,7,0,2,1,6,2,77,11,1399,2,10,-1,1
201442I176605,2,9,0,17,0,0,0,0,0,0,1,1,6,2,65,9,1193,1,1,7,2
201442I176705,1,9,0,4,0,0,0,0,0,0,4,1,1,1,20,4,1242,1,9,4,1
201442I176705,2,1,0,5,0,0,0,0,0,0,0,1,6,1,51,8,-1,-1,-1,10,1
201442I176806,1,8,0,17,0,0,0,0,0,0,1,1,1,1,59,9,1753,2,5,4,1
201442I176806,2,9,0,16,0,0,0,0,0,0,1,1,6,1,66,10,1895,1,15,-1,-1
201442I176905,1,9,0,7,0,5,0,0,0,0,2,1,6,1,47,8,1985,1,13,6,2
201442I177106,1,9,0,4,0,8,0,0,0,0,1,1,2,1,19,4,1388,1,11,5,1
201442I177106,2,9,0,5,0,8,0,0,0,0,2,1,6,2,40,7,-1,-1,-1,9,1
201442I177206,1,9,0,18,0,1,0,0,0,0,1,1,1,1,34,6,1753,2,11,6,1
201442I177306,1,9,0,17,0,0,1,0,0,0,1,1,6,2,37,7,-1,-1,-1,2,1
201442I177306,2,10,0,17,0,0,0,0,0,0,2,1,1,1,32,6,-1,-1,-1,3,1
201442I177406,1,9,0,18,0,0,0,0,0,0,1,1,6,1,-1,-1,-1,-1,-1,-1,-1
201442I177506,1,3,0,7,0,5,0,0,0,0,0,1,6,1,23,5,124,1,5,7,1
201442I177606,1,19,0,5,0,1,0,0,0,0,0,1,6,1,45,7,1753,2,10,-1,-1
201442I177706,1,9,0,8,0,3,0,0,0,0,0,1,6,3,-1,-1,-1,-1,-1,-1,-1
201442I177706,2,9,0,7,0,3,0,0,7,0,1,1,6,2,59,9,1999,1,8,10,1
201442I177806,1,21,0,5,0,1,0,0,0,0,1,2,1,1,20,4,-1,-1,-1,-1,-1
201442I177806,2,9,0,3,0,1,0,0,0,0,2,1,6,2,59,9,1200,1,1,8,2
201442I178006,1,9,0,9,0,1,0,0,0,0,1,1,3,2,35,6,1598,1,8,10,1
201442I178006,2,1,0,18,0,1,0,0,0,0,4,1,6,2,57,9,-1,-1,-1,9,1
201442I178106,1,9,0,18,0,0,0,0,0,0,0,1,6,2,-1,-1,1299,1,14,4,1
201442I178106,2,9,0,3,0,0,0,0,0,0,2,1,1,1,42,7,2179,2,3,9,1
201442I178206,1,9,0,18,0,2,0,0,0,0,1,1,6,2,43,7,1596,1,13,-1,-1
201442I178206,2,9,0,9,0,2,0,0,0,0,2,1,6,1,46,8,2996,1,9,7,1
201442I178406,1,2,0,9,0,6,0,0,0,0,1,1,6,1,18,4,-1,-1,-1,-1,-1
201442I178406,2,9,0,18,0,1,0,0,0,0,1,1,6,1,32,6,1582,2,4,5,1
201442I178506,1,9,0,9,0,1,0,0,0,0,1,1,3,2,35,6,2000,1,6,7,1
201442I178506,2,9,0,3,0,1,0,0,0,0,0,1,1,2,31,6,1299,1,14,5,1
201442I178606,1,9,0,9,0,5,0,0,0,0,1,1,6,1,-1,-1,-1,-1,-1,-1,-1
201442I178606,2,9,0,9,0,6,0,0,0,0,1,1,6,1,20,4,1124,1,13,8,2
201442I178706,1,5,0,16,0,0,0,0,1,0,1,1,6,1,24,5,600,1,10,4,1
201442I178706,2,9,0,17,0,0,0,0,7,0,1,1,6,1,42,7,1798,1,10,5,1
201442I178806,1,5,0,14,0,1,0,0,0,0,1,1,6,2,38,7,843,1,34,5,2
201442I178806,2,9,0,9,0,1,0,0,0,0,3,1,6,2,53,8,1998,1,10,6,1
201442I178905,1,9,0,18,0,0,0,0,0,0,1,1,6,2,50,8,1587,1,7,5,3
201442I178905,2,9,0,18,0,0,0,0,0,0,1,1,6,1,50,8,998,1,1,8,2
201442I179006,1,9,0,18,0,1,0,0,0,0,1,1,2,2,55,8,1242,1,5,10,1
201442I179006,2,9,0,9,0,1,0,0,0,0,1,1,6,2,63,9,1560,2,1,10,1
201442I179106,1,9,0,18,0,1,0,0,3,11,1,1,6,2,20,4,1999,2,11,9,1
201442I179205,1,19,0,16,0,0,0,0,0,0,4,1,6,1,-1,-1,-1,-1,-1,-1,-1
201442I179205,2,1,0,12,0,0,0,0,0,0,0,1,6,1,27,6,-1,-1,-1,10,1
201442I179306,1,3,0,4,0,0,1,0,2,10,3,1,2,1,37,7,-1,-1,-1,5,2
201442I179306,2,9,0,4,0,0,0,0,0,0,4,1,6,2,39,7,1995,1,4,10,1
201442I179405,1,9,0,16,0,0,0,0,0,0,1,1,6,1,62,9,1995,2,13,8,2
201442I179405,2,19,0,17,0,0,0,0,0,0,1,1,1,1,33,6,2198,2,1,-1,2
201442I179505,1,9,0,13,0,1,0,0,0,0,4,1,6,1,-1,-1,1399,2,11,5,1
201442I179505,2,9,0,9,0,1,0,0,0,0,3,1,6,2,46,8,2179,2,1,9,2
201442I179606,1,9,0,18,0,3,0,0,0,0,4,1,1,2,-1,-1,1395,1,1,-1,-1
201442I179606,2,1,0,18,0,3,0,0,0,0,3,1,1,1,33,6,-1,-1,-1,8,2
201442I179706,1,19,0,9,0,1,1,0,0,0,2,1,6,1,-1,-1,-1,-1,-1,-1,-1
201442I179706,2,1,0,18,0,2,0,0,0,0,2,1,1,1,44,7,-1,-1,-1,9,1
201442I179905,1,9,0,3,0,8,0,0,0,0,1,1,1,2,-1,-1,1399,2,8,4,3
201442I179905,2,5,0,3,0,8,0,0,0,0,2,1,1,1,19,4,953,1,8,6,1
201442I179905,3,9,0,3,0,8,0,0,0,0,2,1,1,1,-1,-1,-1,-1,-1,7,1
201442I180106,1,9,0,18,0,0,0,0,1,0,1,1,1,1,25,5,1242,1,7,5,1
201442I180106,2,21,1,2,6,0,0,0,0,0,2,1,1,1,-1,-1,12809,2,-1,-1,-1
201442I180206,1,8,0,18,0,1,0,0,0,0,1,1,1,1,25,5,1797,8,4,2,1
201442I180206,2,8,0,17,0,1,0,0,0,0,1,1,1,1,36,7,1461,2,7,5,1
201442I180306,1,5,0,13,0,1,1,0,0,0,1,1,2,1,51,8,998,1,6,4,1
201442I180306,2,9,0,9,0,1,0,0,0,0,2,1,2,2,54,8,1998,2,9,10,1
201442I180406,1,21,1,18,0,1,0,0,0,0,4,1,1,1,42,7,10837,2,2,8,1
201442I180406,2,9,0,18,0,1,0,0,0,0,3,1,6,1,26,6,1349,1,6,9,3
201442I180506,1,2,0,3,0,0,0,0,0,0,1,1,6,1,16,4,49,1,9,5,1
201442I180506,2,9,0,3,0,0,0,0,0,0,2,1,6,2,49,8,1968,2,9,4,1
201442I180606,1,9,0,18,0,1,0,0,0,0,1,1,2,2,29,6,1596,1,6,4,1
201442I180606,2,9,0,3,0,1,0,0,0,0,2,1,2,1,35,6,1910,2,7,6,2
201442I180706,1,9,0,5,0,1,0,0,0,0,1,1,6,3,-1,-1,-1,-1,-1,-1,-1
201442I180706,2,3,0,3,0,1,0,0,0,0,2,1,6,1,19,4,125,1,1,4,3
201442I180806,1,19,0,5,0,0,0,0,0,0,0,1,6,1,-1,-1,1868,2,13,-1,-1
201442I180906,1,9,0,18,0,0,1,0,7,4,1,1,6,2,85,11,1398,2,1,6,1
201442I181006,1,9,0,9,0,8,0,0,0,0,3,1,6,2,31,6,1388,1,11,6,1
201442I181006,2,9,0,18,0,8,0,0,0,0,1,1,6,2,30,6,1998,2,11,2,1
201442I181106,1,9,0,16,0,3,0,0,0,0,4,1,1,2,39,7,-1,-1,-1,3,1
201442I181106,2,9,0,9,0,8,0,0,0,0,1,1,6,2,54,8,1242,1,5,9,1
201442I181205,1,9,0,9,0,6,0,0,0,0,1,1,6,3,-1,-1,-1,-1,-1,-1,-1
201442I181205,2,3,0,18,0,1,0,0,0,0,3,1,1,1,27,6,-1,-1,-1,1,1
201442I181306,1,9,0,18,0,0,0,0,0,0,4,1,1,1,19,4,1124,1,10,4,1
201442I181306,2,1,0,9,0,0,0,0,0,0,1,1,6,2,21,5,-1,-1,-1,1,1
201442I181406,1,9,0,18,2,8,1,0,1,10,1,1,1,2,24,5,1753,2,5,-1,-1
201442I181506,1,1,0,18,0,0,0,0,0,0,4,1,6,1,52,8,-1,-1,-1,3,1
201442I181605,1,9,0,5,0,6,0,0,0,0,3,1,1,1,18,4,1388,1,10,8,3
201442I181605,2,5,0,18,0,1,0,0,0,0,1,1,1,1,43,7,1180,1,17,-1,-1
201442I181706,1,9,0,18,0,0,0,0,0,0,1,1,6,1,17,4,1242,1,4,10,1
201442I181706,2,9,0,4,0,0,0,0,0,0,2,1,6,2,29,6,-1,-1,-1,6,1
201442I181806,1,9,0,18,0,0,2,12,0,0,1,1,1,1,33,6,1970,1,17,2,1
201442I181906,1,9,0,9,0,6,0,0,0,0,1,1,6,2,34,6,2435,1,11,7,1
201442I181906,2,3,0,18,0,8,0,0,0,0,4,1,6,1,18,4,125,1,-1,5,1
201442I182006,1,9,0,18,0,1,0,0,0,0,3,1,6,1,63,9,1388,1,8,5,3
201442I182006,2,1,0,18,0,1,0,0,0,0,1,1,6,1,63,9,-1,-1,-1,2,1
201442I182106,1,9,0,17,0,2,1,0,1,11,1,1,2,2,18,4,1150,1,7,9,3
201442I182305,1,9,0,18,0,0,0,0,0,0,1,1,6,2,65,9,1560,2,6,-1,-1
201442I182305,2,9,0,5,0,0,0,0,0,0,2,1,2,1,52,8,1796,1,6,10,3
201442I182305,3,9,0,5,0,0,0,0,0,0,2,1,2,1,64,9,-1,-1,-1,5,3
201442I182405,1,9,0,1,9,1,0,0,0,0,2,1,1,2,34,6,1753,2,8,5,1
201442I182605,1,9,0,18,0,1,1,0,0,0,1,1,2,2,50,8,1124,1,6,8,2
201442I182605,2,9,0,18,0,1,0,0,0,0,2,1,6,1,31,6,1686,2,1,-1,-1
201442I182706,1,9,0,9,2,6,0,0,0,0,1,1,6,2,23,5,1242,1,10,2,1
201442I182706,2,11,0,7,2,5,0,0,0,0,3,1,1,1,42,7,-1,2,15,2,1
201442I182806,1,9,0,18,0,8,0,0,1,0,1,1,6,1,41,7,-1,-1,-1,4,1
201442I182906,1,9,0,18,0,0,0,4,2,2,1,1,6,2,22,5,1596,1,14,7,3
201442I182906,2,9,0,2,0,0,0,0,0,0,3,1,6,1,-1,-1,1598,1,12,-1,-1
201442I182906,3,9,0,2,0,0,0,0,0,0,3,1,6,1,21,5,1360,1,7,2,1
201442I183005,1,9,0,9,0,5,0,0,3,0,4,1,6,2,77,11,1868,2,13,8,3
201442I183005,2,9,0,18,0,1,0,0,0,0,1,1,6,2,51,8,1360,1,8,8,3
201442I183105,1,9,0,17,0,3,0,0,1,1,1,1,6,2,29,6,1242,1,11,2,1
201442I183105,2,9,0,7,0,3,0,0,0,0,3,1,1,2,20,4,1229,1,6,10,1
201442I183205,1,3,0,18,0,2,1,0,0,0,1,1,6,1,20,4,124,1,14,3,1
201442I183205,2,9,0,4,0,2,0,0,0,0,2,1,6,1,66,10,1986,2,7,4,1
201442I183406,1,9,0,18,0,1,0,0,7,3,1,1,6,1,86,11,1596,1,5,10,1
201442I183506,1,9,0,4,0,0,0,0,0,0,1,1,6,2,48,8,1240,1,6,5,1
201442I183506,2,9,0,3,0,0,0,0,0,0,2,1,6,1,38,7,1388,1,7,-1,-1
201442I183506,3,9,0,3,0,0,0,0,0,0,2,1,6,1,-1,-1,1997,2,6,-1,-1
201442I183506,4,9,0,3,0,0,0,0,0,0,2,1,6,2,62,9,-1,-1,-1,6,1
201442I183606,1,90,0,18,0,1,0,0,7,10,1,1,6,1,51,8,-1,-1,-1,5,1
201442I183706,1,5,0,18,0,8,0,0,0,0,3,1,1,1,-1,-1,-1,-1,-1,-1,-1
201442I183706,2,19,0,18,0,8,0,0,0,0,4,1,1,1,33,6,-1,-1,-1,10,1
201442I183805,1,19,0,15,0,4,0,0,0,0,0,1,6,1,-1,-1,-1,-1,-1,-1,-1
201442I183805,2,11,0,18,2,4,1,0,0,0,0,1,1,1,-1,-1,5900,2,8,-1,-1
201442I184006,1,9,0,16,0,0,1,0,0,0,1,1,6,1,30,6,1984,1,13,5,1
201442I184006,2,9,0,17,0,0,1,0,1,0,1,1,6,2,21,5,1364,1,5,8,3
201442I184105,1,9,0,18,0,1,0,0,0,0,0,1,1,1,42,7,-1,-1,-1,7,1
201442I184105,2,5,0,18,0,1,1,0,0,0,0,1,6,1,62,9,-1,-1,-1,7,1
201442I184206,1,9,0,4,0,1,0,0,0,0,1,1,2,2,60,9,1495,1,8,6,1
201442I184206,2,9,0,3,0,8,0,0,0,0,2,1,6,2,34,6,1360,1,14,4,1
201442I184206,3,9,0,3,0,8,0,0,0,0,2,1,6,2,33,6,1461,2,1,8,3
201442I184306,1,9,0,9,0,6,0,0,0,0,0,1,6,2,47,8,1896,2,12,7,1
201442I184306,2,5,0,18,0,8,0,0,0,0,0,1,6,1,55,8,1084,1,18,3,1
201442I184406,1,9,0,18,0,0,5,0,1,0,3,1,6,2,39,7,-1,-1,-1,2,1
201442I184406,2,9,0,18,0,0,0,0,0,0,3,1,6,2,21,5,1598,2,2,10,1
201442I184506,1,9,0,18,0,0,0,0,0,0,1,1,6,2,40,7,1998,1,13,-1,-1
201442I184506,2,9,0,18,0,0,0,0,0,0,2,1,6,1,55,8,1296,1,7,7,1
201442I184506,3,9,0,18,0,0,0,0,0,0,2,1,6,2,57,9,1984,2,1,8,1
201442I184506,4,9,0,18,0,0,0,0,0,0,2,1,6,1,24,5,-1,-1,-1,-1,-1
201442I184606,1,9,0,5,0,0,0,0,7,11,3,1,6,1,49,8,2143,2,2,9,1
201442I184606,2,9,0,18,0,0,0,0,7,11,1,1,6,2,18,4,1242,1,8,-1,-1
201442I184706,1,9,0,18,0,0,0,0,0,0,1,1,3,2,51,8,1339,1,4,2,1
201442I184804,1,3,0,18,0,1,0,0,7,0,1,1,6,1,22,5,124,1,1,3,1
201442I184804,2,9,0,9,0,5,0,0,0,0,3,1,6,1,29,6,1595,1,12,4,3
201442I184804,3,9,0,2,0,1,0,0,0,0,3,1,6,3,-1,-1,1796,1,14,-1,-1
201442I184906,1,21,0,9,0,5,0,0,0,0,3,1,1,1,49,8,5480,2,12,5,1
201442I184906,2,9,0,7,0,6,0,0,0,0,3,1,6,1,45,7,1598,1,4,-1,-1
201442I185006,1,9,0,1,0,0,0,0,0,0,3,1,6,2,72,10,1992,2,8,6,1
201442I185006,2,9,0,2,0,0,0,0,0,0,2,1,6,2,26,6,1399,2,2,4,1
201442I185106,1,1,0,13,0,1,0,0,0,0,0,1,6,1,30,6,-1,-1,-1,6,3
201442I185106,2,1,0,18,0,1,0,0,0,0,0,1,6,1,21,5,-1,-1,-1,6,3
201442I185106,3,9,0,5,0,6,0,0,0,0,0,1,6,3,-1,-1,-1,-1,-1,-1,-1
201442I185306,1,97,0,14,0,0,1,0,0,0,1,1,6,1,34,6,498,1,19,4,1
201442I185406,1,9,0,18,6,0,5,0,1,4,1,1,6,1,61,9,1598,1,15,10,1
201442I185506,1,9,0,18,0,1,0,0,0,0,1,1,6,1,-1,-1,2143,2,2,7,3
201442I185506,2,9,0,10,0,1,0,0,0,0,4,1,6,2,38,7,1339,1,8,6,2
201442I185606,1,9,0,18,0,4,0,0,0,0,1,1,6,1,41,7,1895,1,13,8,3
201442I185606,2,1,0,18,0,8,0,0,0,0,3,1,6,2,24,5,-1,-1,-1,9,1
201442I185706,1,9,0,18,0,1,0,0,0,0,1,1,6,2,24,5,1995,1,9,7,1
201442I185806,1,9,0,18,0,8,0,0,0,0,3,1,2,1,47,8,-1,-1,-1,9,1
201442I185806,2,9,0,13,0,8,0,0,0,0,4,1,2,2,47,8,1360,1,8,1,1
201442I185905,1,21,0,18,0,2,5,0,1,3,1,1,1,1,54,8,9200,2,6,9,2
201442I186005,1,9,0,18,0,0,0,0,0,0,1,1,2,2,31,6,1242,1,6,10,1
201442I186005,2,9,0,3,0,0,0,0,0,0,2,1,3,2,42,7,5461,1,1,8,1
201442I186106,1,9,0,18,0,1,0,0,0,0,1,1,1,1,19,4,1999,1,7,3,1
201442I186106,2,9,0,4,0,1,0,0,0,0,2,1,1,2,38,7,1749,1,11,5,1
201442I186106,3,9,0,4,0,1,0,0,0,0,2,1,1,2,54,8,1242,1,1,-1,1
201442I186205,1,19,0,18,0,1,0,0,0,0,1,1,6,1,-1,-1,1686,2,10,-1,-1
201442I186205,2,9,0,18,0,1,0,0,0,0,1,1,6,1,47,8,2435,1,10,7,3
201442I186306,1,19,0,3,0,1,0,0,0,0,1,1,6,1,56,9,2477,2,14,6,2
201442I186306,2,9,0,10,0,1,0,0,0,0,2,1,6,2,28,6,-1,-1,-1,2,1
201442I186406,1,9,0,9,0,1,0,0,0,0,1,1,2,1,63,9,1995,2,6,4,1
201442I186406,2,4,0,18,0,1,0,0,0,0,1,1,2,1,39,7,124,1,13,5,2
201442I186406,3,9,0,10,0,1,0,0,0,0,1,1,2,1,34,6,1781,1,13,7,1
201442I186505,1,3,0,7,0,5,0,0,0,0,4,1,6,1,19,4,124,1,6,3,1
201442I186604,1,1,0,18,0,0,0,0,0,0,1,1,6,1,39,7,-1,-1,-1,9,1
201442I186604,2,9,0,18,0,0,0,0,0,0,3,1,6,1,43,7,-1,-1,-1,1,1
201442I186706,1,2,0,16,0,1,0,0,7,0,1,1,6,1,19,4,-1,-1,-1,5,1
201442I186706,2,9,0,16,0,1,0,0,0,0,1,1,6,1,53,8,1198,1,9,9,2
201442I186806,1,9,0,18,0,8,0,4,0,0,1,1,2,1,41,7,1968,2,3,9,1
201442I186806,2,8,0,2,0,8,0,0,0,0,2,1,1,1,41,7,2204,2,8,9,1
201442I187006,1,4,0,16,0,1,1,0,1,0,0,1,6,1,22,5,125,1,3,6,1
201442I187006,2,9,0,18,0,1,0,0,0,0,0,1,6,1,20,4,1999,1,10,-1,-1
201442I187006,3,9,0,17,0,1,0,0,0,0,0,1,6,1,56,9,2495,2,14,5,1
201442I187103,1,9,0,18,0,0,0,0,0,0,3,1,6,2,39,7,998,1,1,8,1
201442I187103,2,9,0,18,0,0,0,0,0,0,1,1,6,2,21,5,1598,2,3,3,1
201442I187103,3,9,0,18,0,0,0,0,0,0,1,1,6,1,37,7,1242,1,15,6,1
201442I187103,4,9,0,2,0,0,0,0,0,0,1,1,6,3,-1,-1,1997,1,14,-1,-1
201442I187103,5,9,0,2,0,0,0,0,0,0,1,1,6,3,-1,-1,1896,2,9,-1,-1
201442I187206,1,9,0,2,0,0,0,0,0,0,3,1,6,2,-1,-1,-1,-1,-1,10,2
201442I187206,2,1,0,18,0,0,0,0,0,0,1,1,6,1,39,7,-1,-1,-1,8,2
201442I187306,1,8,0,7,0,1,0,0,0,0,0,1,6,3,-1,-1,-1,-1,-1,-1,-1
201442I187306,2,1,0,18,0,1,0,0,0,0,0,1,6,1,13,3,-1,-1,-1,2,1
201442I187506,1,9,0,18,0,1,1,0,0,0,1,1,6,1,-1,-1,-1,-1,-1,-1,-1
201442I187506,2,9,0,10,0,1,0,0,0,0,2,1,6,2,34,6,1984,1,11,5,2
201442I187606,1,9,0,9,0,1,0,0,0,0,2,1,6,2,25,5,2143,2,-1,10,1
201442I187606,2,9,0,9,0,1,0,0,0,0,1,1,6,2,40,7,1119,1,20,10,1
201442I187706,1,5,0,18,0,0,1,0,0,0,0,1,1,1,50,8,656,1,6,5,1
201442I187806,1,21,1,5,0,0,0,0,0,0,1,1,1,1,52,8,12740,2,2,9,1
201442I187806,2,9,0,3,0,0,0,0,0,0,2,1,6,1,52,8,1753,2,11,9,1
201442I187905,1,9,0,5,0,0,0,0,0,0,1,1,6,1,-1,-1,-1,-1,-1,-1,-1
201442I188006,1,9,0,16,0,0,0,0,0,0,1,1,6,2,62,9,999,1,-1,-1,-1
201442I188006,2,9,0,17,0,0,0,0,0,0,1,1,6,1,46,8,-1,-1,-1,7,3
201442I188106,1,3,0,18,0,1,1,0,0,0,1,1,6,2,20,4,124,1,-1,2,1
201442I188106,2,9,0,18,0,1,0,0,0,0,3,1,2,1,28,6,-1,-1,-1,-1,-1
201442I188206,1,9,0,5,0,1,0,0,0,0,1,1,6,1,89,11,998,1,9,5,1
201442I188206,2,2,0,18,0,1,0,0,0,0,1,1,6,1,37,7,125,1,1,4,1
201442I188306,1,9,0,17,0,0,1,0,0,0,1,1,6,1,52,8,1870,2,12,3,1
201442I188306,2,5,0,16,0,0,0,0,0,0,1,1,6,1,32,6,599,1,15,4,1
201442I188406,1,98,0,18,0,0,0,0,0,0,4,1,6,1,-1,-1,-1,-1,-1,-1,-1
201442I188506,1,9,0,4,0,0,0,0,0,0,1,1,6,2,31,6,1900,2,14,5,1
201442I188506,2,9,0,4,0,0,0,0,0,0,2,1,6,2,23,5,1299,1,12,8,1
201442I188506,3,9,0,4,0,0,0,0,0,0,2,1,6,1,31,6,1998,1,9,5,1
201442I188605,1,1,0,18,0,1,0,0,0,0,1,1,6,1,44,7,-1,-1,-1,9,2
201442I188605,2,9,0,18,0,6,0,0,0,0,3,1,6,1,25,5,2494,1,13,3,1
201442I188706,1,3,0,18,0,1,0,0,0,0,1,1,6,1,21,5,124,1,2,5,1
201442I188706,2,9,0,17,0,1,0,0,0,0,3,1,6,2,35,6,2199,2,4,10,1
201442I188806,1,21,0,11,0,0,0,0,0,0,1,2,1,1,41,7,-1,-1,-1,-1,-1
201442I188806,2,9,0,4,0,0,0,0,0,0,2,1,6,2,46,8,1598,1,14,10,1
201442I188906,1,9,0,13,0,1,1,0,0,0,1,1,1,1,64,9,2498,1,39,9,3
201442I188906,2,19,0,6,0,1,0,0,0,0,3,1,1,1,67,10,2402,2,6,9,1
201442I189006,1,3,0,18,0,1,1,0,0,0,3,1,6,1,18,4,125,1,8,4,1
201442I189006,2,9,0,4,0,1,0,0,0,0,2,1,1,1,65,9,1390,1,12,1,1
201442I189106,1,9,0,18,0,0,0,0,0,0,0,1,6,1,61,9,1242,1,3,5,1
201442I189206,1,9,0,18,0,2,0,0,0,0,1,1,6,1,-1,-1,-1,-1,-1,-1,-1
201442I189206,2,9,0,7,0,2,0,0,0,0,2,1,6,2,47,8,-1,-1,-1,3,1
201442I189306,1,9,0,7,0,3,0,0,0,0,1,1,6,2,-1,-1,1199,1,13,-1,-1
201442I189306,2,9,0,16,0,8,1,0,0,0,1,1,1,2,22,5,1598,2,2,3,1
201442I189406,1,9,0,16,0,2,0,0,0,0,4,1,6,2,28,6,1587,1,12,4,1
201442I189406,2,9,0,5,0,2,0,0,0,0,1,1,6,1,58,9,1198,1,1,2,1
201442I189506,1,9,0,18,0,1,0,0,0,0,0,1,2,1,48,8,-1,-1,-1,10,1
201442I189506,2,1,0,15,0,1,0,0,0,0,0,1,6,1,49,8,-1,-1,-1,-1,-1
201442I189506,3,9,0,4,0,1,0,0,0,0,0,1,2,1,49,8,1968,2,2,9,1
201442I189606,1,9,0,18,0,8,0,0,0,0,1,1,6,1,-1,-1,-1,-1,-1,-1,-1
201442I189606,2,1,0,18,0,8,0,0,0,0,3,1,6,1,12,3,-1,-1,-1,2,1
201442I189705,1,9,0,18,0,0,0,0,0,0,1,1,6,1,45,7,-1,-1,-1,10,3
201442I189705,2,9,0,18,0,0,0,0,0,0,1,1,6,2,24,5,1598,1,9,9,2
201442I189806,1,5,0,9,0,8,0,0,0,0,0,1,6,1,21,5,599,1,13,2,1
201442I190006,1,9,0,18,0,8,0,0,0,0,1,1,1,1,26,6,1596,1,12,2,1
201442I190006,2,9,0,18,0,8,0,0,0,0,3,1,6,2,34,6,1997,2,3,8,1
201442I190106,1,9,0,18,0,2,0,0,3,3,1,1,6,1,74,10,2198,2,8,8,1
201442I190206,1,9,0,18,0,0,5,0,1,4,1,1,6,2,67,10,1299,1,12,10,1
201442I190206,2,9,0,18,0,0,0,0,0,0,0,1,6,1,62,9,3969,1,20,4,1
201442I190306,1,9,0,5,0,0,0,0,0,0,0,1,1,1,-1,-1,-1,-1,-1,-1,-1
201442I190406,1,9,0,4,0,0,0,0,0,0,1,1,6,2,38,7,1870,2,8,1,1
201442I190406,2,9,0,4,0,0,0,0,0,0,2,1,6,1,54,8,1398,2,5,3,2
201442I190406,3,9,0,4,0,0,0,0,0,0,2,1,1,2,37,7,1199,1,10,3,1
201442I190606,1,9,0,18,0,0,0,0,0,0,1,1,2,1,26,6,1497,1,12,3,1
201442I190606,2,19,0,18,0,0,0,0,0,0,1,1,2,1,44,7,2198,2,-1,6,1
201442I190706,1,9,0,18,0,0,5,0,1,0,3,1,6,2,19,4,998,1,8,5,1
201442I190806,1,11,0,4,0,2,0,0,0,0,1,1,6,1,55,8,-1,-1,-1,9,3
201442I190906,1,9,0,18,0,1,0,0,0,0,1,1,6,3,-1,-1,1396,1,10,-1,-1
201442I190906,2,9,0,18,0,1,0,0,0,0,1,1,6,1,65,9,1242,1,10,6,1
201442I191006,1,9,0,7,0,4,0,0,0,0,1,1,1,2,29,6,1582,2,1,-1,-1
201442I191006,2,9,0,18,0,4,0,0,0,0,2,1,1,2,63,9,1753,2,7,-1,-1
201442I191106,1,9,0,3,0,0,0,0,0,0,1,1,6,1,-1,-1,1995,2,10,-1,-1
201442I191106,2,9,0,3,0,0,0,0,0,0,2,1,6,2,41,7,1229,1,6,5,1
201442I191206,1,9,0,18,0,0,0,0,1,9,4,1,1,1,17,4,1149,1,10,6,3
201442I191306,1,9,0,5,0,6,0,0,0,0,3,1,6,1,-1,-1,1600,1,14,-1,-1
201442I191306,2,9,0,18,0,8,0,0,0,0,1,1,6,2,40,7,1598,1,9,10,1
201442I191406,1,9,0,3,0,3,0,0,0,0,1,1,6,1,-1,-1,2316,1,16,-1,-1
201442I191406,2,9,0,3,0,3,0,0,0,0,2,1,2,2,21,5,1242,1,2,9,1
201442I191506,1,9,0,18,0,0,0,0,0,0,1,1,6,3,-1,-1,-1,-1,-1,-1,-1
201442I191506,2,1,0,18,0,0,0,0,0,0,2,1,6,1,46,8,-1,-1,-1,4,1
201442I191606,1,9,0,3,0,1,0,0,0,0,1,1,6,1,-1,-1,1598,1,4,-1,-1