Accident_Index,Vehicle_Reference,Vehicle_Type,Towing_and_Articulation,Vehicle_Manoeuvre,Vehicle_Location-Restricted_Lane,Junction_Location,Skidding_and_Overturning,Hit_Object_in_Carriageway,Vehicle_Leaving_Carriageway,Hit_Object_off_Carriageway,1st_Point_of_Impact,Was_Vehicle_Left_Hand_Drive?,Journey_Purpose_of_Driver,Sex_of_Driver,Age_of_Driver,Age_Band_of_Driver,Engine_Capacity_(CC),Propulsion_Code,Age_of_Vehicle,Driver_IMD_Decile,Driver_Home_Area_Type
201442I191606,2,9,0,3,0,1,0,0,0,0,2,1,6,2,45,7,1360,1,11,7,3
201442I191706,1,21,0,18,0,0,0,0,0,0,1,1,1,1,27,6,2998,2,6,4,1
201442I191706,2,8,0,3,0,0,0,0,0,0,2,1,1,1,32,6,-1,-1,-1,-1,-1
201442I191706,3,9,0,3,0,0,0,0,0,0,2,1,6,1,45,7,1598,2,-1,5,1
201442I191806,1,9,0,5,0,0,0,0,0,0,1,1,6,2,21,5,1242,1,7,-1,-1
201442I191806,2,9,0,16,0,0,0,0,0,0,1,1,6,1,44,7,3199,1,11,8,2
201442I191906,1,1,0,18,0,0,0,10,0,0,0,1,1,2,53,8,-1,-1,-1,3,1
201442I192006,1,9,0,16,0,1,0,0,0,0,1,1,1,2,59,9,1560,2,6,6,3
201442I192006,2,9,0,17,0,1,0,0,0,0,3,1,1,1,38,7,2494,2,9,8,2
201442I192106,1,9,0,9,0,1,0,0,0,0,4,1,6,1,31,6,-1,-1,-1,5,1
201442I192106,2,2,0,18,0,1,0,0,0,0,1,1,6,1,20,4,-1,-1,-1,6,3
201442I192206,1,1,0,18,0,1,0,0,0,0,4,1,6,1,13,3,-1,-1,-1,4,1
201442I192206,2,19,0,18,0,1,0,0,0,0,1,1,6,2,87,11,1295,1,15,4,1
201442I192306,1,9,0,18,0,1,0,0,0,0,1,1,6,2,32,6,1299,1,6,2,1
201442I192306,2,9,0,18,0,1,0,0,0,0,2,1,6,2,58,9,1248,2,3,7,3
201442I192306,3,20,0,18,0,1,0,0,0,0,3,1,6,3,26,6,-1,-1,-1,4,1
201442I192406,1,9,0,18,0,0,0,4,0,0,1,2,6,2,28,6,-1,-1,-1,2,1
201442I192406,2,19,0,2,0,0,0,0,0,0,1,1,6,3,-1,-1,2198,2,3,-1,-1
201442I192406,3,9,0,2,0,0,0,0,0,0,1,1,6,3,-1,-1,2521,1,6,-1,-1
201442I192506,1,3,0,18,0,4,0,0,0,0,1,1,6,1,17,4,124,1,15,3,1
201442I192506,2,9,0,9,0,4,0,0,0,0,3,1,6,2,26,6,1595,1,3,5,1
201442I192606,1,9,0,18,0,0,0,0,1,9,1,1,1,1,21,5,1598,1,4,4,3
201442I192706,1,9,0,17,0,0,0,0,2,1,1,1,1,2,25,5,1086,1,8,6,3
201442I192806,1,9,0,18,0,0,1,10,1,1,1,1,6,2,44,7,1598,1,6,10,1
201442I192906,1,9,0,18,0,1,0,0,0,0,1,1,6,2,76,11,1396,1,5,3,1
201442I192906,2,9,0,10,0,1,0,0,0,0,2,1,6,1,52,8,2967,1,14,2,1
201442I193006,1,9,0,18,0,1,0,0,0,0,1,1,6,1,45,7,1598,1,14,3,1
201442I193006,2,9,0,3,0,1,0,0,0,0,2,1,6,1,30,6,1108,1,9,4,1
201442I193006,3,90,0,9,0,8,0,0,0,0,0,1,1,2,45,7,2987,2,3,2,1
201442I193106,1,19,0,1,0,5,0,0,0,0,2,1,1,1,33,6,2143,2,4,2,1
201442I193306,1,11,0,18,0,1,0,0,0,0,0,1,1,1,45,7,7300,2,9,6,1
201442I193306,2,19,0,18,0,1,0,0,0,0,0,1,6,3,-1,-1,-1,-1,-1,-1,-1
201442I193406,1,9,0,9,0,1,0,0,0,0,1,1,6,1,26,6,1398,2,10,10,1
201442I193406,2,9,0,18,0,1,0,0,0,0,1,1,6,2,64,9,1686,2,3,-1,2
201442I193506,1,9,0,18,0,1,1,0,0,0,1,1,6,1,26,6,1242,1,13,7,3
201442I193606,1,9,0,5,0,0,0,0,0,0,4,1,6,2,18,4,1388,1,11,9,1
201442I193606,2,9,0,18,0,0,0,0,0,0,1,1,6,1,-1,-1,-1,-1,-1,5,1
201442I193606,3,9,0,2,0,0,0,0,0,0,1,1,6,2,19,4,1086,1,11,9,1
201442I193706,1,9,0,10,0,1,0,0,0,0,1,1,6,2,47,8,1596,1,10,6,1
201442I193706,2,5,0,3,0,1,0,0,0,0,1,1,2,1,35,6,-1,-1,-1,9,1
201442I193806,1,9,0,4,0,4,0,0,0,0,0,1,6,2,-1,-1,-1,-1,-1,-1,-1
201442I193806,2,11,0,4,0,4,0,0,0,0,0,1,1,1,66,10,8268,2,12,4,1
201442I193906,1,9,0,18,0,0,0,0,0,0,3,1,6,1,-1,-1,-1,-1,-1,-1,-1
201442I193906,2,9,0,18,0,0,0,0,0,0,3,1,6,2,41,7,1910,2,7,5,2
201442I194106,1,9,0,18,0,3,0,0,0,0,1,1,6,2,52,8,1997,1,13,-1,-1
201442I194106,2,9,0,18,0,3,0,0,0,0,4,1,6,1,55,8,1798,1,4,4,1
201442I194206,1,9,0,18,0,0,2,0,7,9,1,1,2,2,29,6,1199,2,4,8,2
201442I194206,2,9,0,18,0,0,0,0,0,0,3,1,6,2,78,11,1596,1,6,10,1
201442I194206,3,9,0,18,0,0,0,0,0,0,1,1,6,2,60,9,1197,1,3,9,1
201442I194306,1,9,0,4,0,0,0,0,0,0,1,1,6,1,45,7,1910,2,4,3,1
201442I194306,2,9,0,3,0,0,0,0,0,0,2,1,6,2,38,7,1328,1,10,2,1
201442I194306,3,9,0,3,0,0,0,0,0,0,2,1,6,1,41,7,2494,2,-1,5,1
201442I194306,4,9,0,3,0,0,0,0,0,0,2,1,6,1,53,8,2494,1,11,10,1
201442I194306,5,9,0,3,0,0,0,0,0,0,2,1,6,1,50,8,-1,-1,-1,-1,-1
201442I194506,1,9,0,18,0,1,0,0,0,0,1,1,6,1,25,5,-1,-1,-1,-1,-1
201442I194506,2,9,0,18,0,1,0,0,0,0,2,1,6,1,49,8,1229,1,7,-1,-1
201442I194506,3,9,0,18,0,1,0,0,0,0,3,1,6,1,55,8,1799,1,8,7,3
201442I194606,1,9,0,9,0,1,0,0,0,0,0,1,6,1,85,11,1582,2,5,6,1
201442I194606,2,9,0,18,0,1,0,0,0,0,1,1,6,1,34,6,1986,2,7,-1,-1
201442I194806,1,9,0,3,0,4,0,0,0,0,1,1,6,1,-1,-1,1597,1,18,-1,-1
201442I194906,1,9,0,18,0,1,0,0,0,0,1,1,2,2,38,7,1968,2,3,10,1
201442I194906,2,9,0,4,0,1,0,0,0,0,2,1,2,1,42,7,1997,2,9,8,1
201442I194906,3,9,0,4,0,1,0,0,0,0,2,1,2,2,38,7,-1,-1,-1,9,1
201442I195006,1,9,0,18,0,0,1,0,1,4,3,1,6,2,20,4,1299,1,14,8,3
201442I195006,2,9,0,18,0,0,0,0,0,0,3,1,6,2,29,6,1910,2,4,7,1
201442I195106,1,9,0,4,0,1,1,0,0,0,1,1,3,1,28,6,1388,1,13,-1,2
201442I195206,1,9,0,9,0,1,0,0,0,0,4,1,6,1,80,11,1199,1,11,7,1
201442I195206,2,4,0,18,0,1,1,0,0,0,1,1,6,1,44,7,998,1,7,6,3
201442I195406,1,3,0,18,0,2,0,0,1,0,1,1,6,1,19,4,124,1,-1,3,1
201442I195506,1,9,0,15,0,0,0,0,0,0,4,1,6,1,-1,-1,2993,2,4,-1,-1
201442I195506,2,16,0,18,0,0,0,0,0,0,0,1,6,2,45,7,-1,-1,-1,7,1
201442I195606,1,19,0,18,0,0,1,0,0,0,1,1,6,1,22,5,1248,2,1,5,1
201442I195606,2,9,0,18,0,0,1,0,1,11,1,1,6,2,44,7,1596,1,5,-1,-1
201442I195702,1,9,0,9,0,1,0,0,0,0,3,1,1,1,56,9,1598,1,1,10,1
201442I195702,2,9,0,18,0,1,0,0,0,0,1,1,1,2,-1,-1,1998,2,8,-1,-1
201442I195906,1,9,0,4,0,0,0,0,0,0,2,1,1,2,46,8,-1,-1,-1,4,1
201442I195906,2,9,0,4,0,0,0,0,0,0,2,1,1,2,26,6,1388,1,7,8,2
201442I195906,3,9,0,4,0,0,0,0,0,0,2,1,1,1,33,6,1396,1,11,-1,1
201442I195906,4,9,0,18,0,0,0,0,0,0,1,1,1,2,63,9,1783,1,12,4,1
201442I196106,1,9,0,1,0,0,0,0,7,0,2,1,6,1,65,9,1591,1,3,-1,-1
201442I196206,1,1,0,9,0,4,0,0,0,0,1,1,6,2,17,4,-1,-1,-1,7,1
201442I196206,2,9,0,18,0,3,0,0,0,0,1,1,2,1,56,9,2776,2,7,6,1
201442I196306,1,9,0,18,0,8,0,0,1,4,1,1,2,1,22,5,1229,1,9,3,1
201442I196406,1,9,0,18,0,2,0,0,0,0,1,1,6,1,20,4,1388,1,11,9,1
201442I196406,2,16,0,18,0,2,0,0,0,0,2,1,6,2,15,3,-1,-1,-1,7,1
201442I196506,1,9,0,9,0,8,0,0,0,0,4,1,6,1,42,7,1399,2,3,5,1
201442I196506,2,9,0,18,0,8,0,0,0,0,1,1,6,2,64,9,1242,1,19,2,1
201442I196606,1,9,0,9,0,8,0,0,0,0,1,1,2,1,35,6,-1,-1,-1,9,1
201442I196606,2,4,0,18,0,8,1,0,0,7,1,1,6,1,75,10,-1,-1,-1,10,1
201442I196706,1,9,0,4,0,0,0,0,0,0,1,1,6,2,21,5,1242,1,4,10,1
201442I196706,2,9,0,4,0,0,0,0,0,0,2,1,6,2,65,9,1582,2,1,5,2
201442I196706,3,19,0,3,0,0,0,0,0,0,2,1,2,1,63,9,1598,2,1,9,1
201442I196806,1,9,0,5,9,0,0,0,0,0,2,1,6,1,57,9,1999,1,9,5,2
201442I196806,2,1,0,18,9,0,0,0,0,0,0,1,6,1,12,3,-1,-1,-1,-1,-1
201442I196906,1,1,0,5,9,1,0,0,0,0,1,1,4,1,13,3,-1,-1,-1,3,2
201442I196906,2,9,0,18,0,1,0,0,0,0,1,1,2,2,33,6,1560,2,6,10,1
201442I197006,1,9,0,9,0,5,0,0,0,0,1,1,4,2,17,4,1299,1,11,7,2
201442I197006,2,9,0,18,0,8,0,0,1,9,3,1,6,1,36,7,1398,1,3,9,3
201442I197206,1,9,0,18,0,3,0,0,0,0,2,1,6,1,-1,-1,-1,-1,-1,-1,-1
201442I197206,2,9,0,18,0,3,1,0,0,0,1,1,6,2,32,6,1910,2,7,3,1
201442I197306,1,21,1,18,0,0,0,0,0,0,1,1,6,1,51,8,12419,2,1,3,1
201442I197306,2,20,0,18,0,0,5,0,0,0,2,1,6,1,42,7,-1,-1,-1,9,3
201442I197306,3,9,0,18,0,0,0,0,0,0,4,1,6,1,-1,-1,-1,-1,-1,4,1
201442I197406,1,2,0,18,0,0,1,0,1,0,0,1,6,1,-1,-1,-1,-1,-1,7,3
201442I197506,1,9,0,18,0,1,0,0,0,0,1,1,6,2,28,6,1364,1,-1,8,1
201442I197506,2,9,0,3,0,1,0,0,0,0,2,1,6,1,76,11,1597,1,14,7,1
201442I197506,3,9,0,3,0,1,0,0,0,0,2,1,6,1,17,4,1124,1,10,7,1
201442I197606,1,9,0,18,0,8,0,0,0,0,1,1,1,2,36,7,1895,1,15,3,1
201442I197606,2,19,0,17,0,1,0,0,0,0,3,1,1,1,54,8,1248,2,6,5,2
201442I197606,3,9,0,10,0,2,0,0,0,0,1,1,1,2,53,8,1242,1,1,6,3
201442I197706,1,21,0,9,0,4,0,0,0,0,0,1,1,1,60,9,9290,2,3,6,1
201442I197706,2,1,0,18,0,4,0,0,0,0,1,1,6,1,28,6,-1,-1,-1,7,1
201442I197806,1,19,0,7,0,1,0,0,0,0,1,1,2,1,50,8,2402,2,7,5,1
201442I197806,2,1,0,18,0,8,0,0,0,0,4,1,2,1,31,6,-1,-1,-1,4,1
201442I197906,1,9,0,9,0,6,0,0,0,0,1,1,6,1,19,4,1390,1,8,4,1
201442I197906,2,9,0,18,0,8,0,0,0,0,4,1,6,2,20,4,1388,1,10,5,2
201442I198006,1,9,0,9,0,8,0,0,0,0,1,1,6,1,-1,-1,-1,-1,-1,4,3
201442I198006,2,9,0,18,0,8,0,0,0,0,2,1,6,1,48,8,1598,1,2,6,3
201442I198006,3,9,0,18,0,8,0,0,0,0,0,1,6,1,-1,-1,-1,-1,-1,-1,-1
201442I198106,1,9,0,18,0,0,1,0,0,0,1,1,6,1,81,11,1461,2,11,9,1
201442I198106,2,9,0,4,0,0,0,0,0,0,2,1,6,2,23,5,1242,1,4,9,2
201442I198206,1,9,0,18,0,0,0,0,0,0,1,1,6,1,22,5,1796,1,11,4,1
201442I198206,2,9,0,18,0,0,0,0,0,0,2,1,6,1,41,7,2967,2,5,7,3
201442I198206,3,9,0,18,0,0,0,0,0,0,2,1,6,2,42,7,1329,1,1,8,1
201442I198206,4,19,0,18,0,0,0,0,0,0,2,1,6,1,32,6,2198,2,3,3,1
201442I198206,5,9,0,18,0,0,0,0,0,0,2,1,6,2,48,8,1248,2,7,9,3
201442I198206,6,19,0,18,0,0,0,0,0,0,2,1,6,1,38,7,2198,2,1,9,1
201442I198306,1,9,0,16,0,1,0,6,0,0,1,1,6,2,27,6,2143,2,3,-1,-1
201442I198406,1,1,0,18,0,0,0,0,0,0,1,1,2,1,39,7,-1,-1,-1,3,1
201442I198406,2,9,0,2,0,0,0,0,0,0,1,1,6,3,-1,-1,1598,1,14,-1,-1
201442I198506,1,9,0,9,0,1,0,0,0,0,1,1,1,1,51,8,1242,1,-1,5,1
201442I198506,2,9,0,18,0,1,0,0,0,0,1,1,6,2,69,10,1596,1,9,5,1
201442I198606,1,9,0,7,0,8,0,0,0,0,1,1,6,2,50,8,1596,1,6,4,1
201442I198606,2,1,0,18,0,8,0,0,0,0,1,1,6,1,56,9,-1,-1,-1,6,3
201442I198706,1,9,0,1,0,6,0,0,0,0,2,1,6,2,41,7,1598,1,11,10,2
201442I198706,2,9,0,18,0,1,0,0,0,0,4,1,6,2,72,10,1910,2,9,-1,-1
201442I198806,1,9,0,18,0,0,0,0,0,0,1,1,2,2,36,7,1461,2,1,5,1
201442I198806,2,9,0,3,0,0,0,0,0,0,2,1,2,2,50,8,1368,1,4,5,1
201442I198806,3,9,0,3,0,0,0,0,0,0,2,1,2,3,34,6,1560,2,7,4,1
201442I198906,1,9,0,18,0,0,0,0,0,0,4,1,6,2,43,7,998,1,15,6,1
201442I199006,1,9,0,18,0,1,0,0,0,0,1,1,6,1,22,5,999,1,1,8,1
201442I199006,2,9,0,9,0,1,0,0,0,0,2,1,6,1,39,7,1596,1,4,10,1
201442I199006,3,9,0,18,0,1,0,0,0,0,3,1,6,1,-1,-1,1598,2,4,-1,-1
201442I199106,1,9,0,4,0,1,0,0,0,0,1,1,6,1,43,7,1596,1,-1,4,1
201442I199106,2,9,0,18,0,2,0,0,0,0,2,1,6,2,23,5,1299,1,13,7,3
201442I199206,1,5,0,18,0,0,1,10,0,0,0,1,1,1,51,8,955,1,9,10,1
201442I199206,2,9,0,18,0,0,0,0,0,0,0,1,6,2,31,6,1560,2,5,6,1
201442I199306,1,19,0,18,0,0,1,0,0,0,1,1,2,1,45,7,1896,2,8,-1,-1
201442I199306,2,9,0,18,0,0,0,0,0,0,2,1,2,1,30,6,998,1,11,-1,-1
201442I199306,3,21,1,18,0,0,0,0,0,0,2,2,1,1,52,8,-1,-1,-1,-1,-1
201442I199406,1,9,0,18,0,1,0,0,0,0,1,1,6,2,35,6,1968,2,7,7,3
201442I199406,2,21,0,18,0,1,0,0,0,0,1,1,1,1,58,9,6692,2,3,9,3
201442I199506,1,21,0,18,0,0,0,0,0,0,1,2,1,1,51,8,-1,-1,-1,-1,-1
201442I199506,2,9,0,18,0,0,0,0,1,2,4,1,1,1,62,9,1360,1,11,-1,-1
201442I199606,1,19,0,5,0,1,0,0,0,0,3,1,1,1,46,8,2143,2,4,2,1
201442I199606,2,4,0,18,0,1,0,0,0,0,1,1,6,1,52,8,690,1,-1,9,3
201442I199706,1,9,0,18,0,2,0,0,1,11,1,1,6,1,21,5,1596,1,7,9,3
201442I199706,2,9,0,18,0,2,0,0,0,0,1,1,6,1,40,7,1968,2,3,7,3
201442I199805,1,9,0,18,0,0,0,0,0,0,1,1,6,1,17,4,1596,1,12,8,1
201442I199805,2,9,0,3,0,0,0,0,0,0,2,1,6,2,35,6,1910,2,5,8,1
201442I199906,1,9,0,5,0,1,0,0,0,0,1,1,6,2,-1,-1,1198,1,4,-1,-1
201442I199906,2,1,0,18,0,8,0,0,0,0,2,1,6,2,56,9,-1,-1,-1,10,1
201442I200006,1,9,0,5,0,1,0,0,0,0,1,1,6,2,-1,-1,1685,2,3,-1,-1
201442I200006,2,9,0,18,0,1,0,0,0,0,3,1,6,2,45,7,2498,1,8,7,3
201442I200106,1,9,0,7,0,8,0,0,0,0,1,1,6,1,20,4,2231,2,8,5,1
201442I200106,2,9,0,18,0,8,0,0,0,0,3,1,1,2,55,8,1275,1,15,10,1
201442I200206,1,9,0,9,0,8,0,0,0,0,3,1,6,2,69,10,796,1,5,7,1
201442I200206,2,9,0,18,0,8,0,0,0,0,1,1,6,1,70,10,1596,1,8,4,1
201442I200404,1,9,0,18,0,0,1,0,0,7,0,1,6,1,37,7,1388,1,15,7,1
201442I200506,1,9,0,9,0,8,0,0,0,0,1,1,6,1,29,6,-1,-1,-1,8,3
201442I200506,2,9,0,18,0,8,0,0,0,0,1,1,6,1,85,11,1560,2,3,1,2
201442I200606,1,9,0,3,0,4,0,0,0,0,1,1,6,1,20,4,1149,1,11,4,1
201442I200706,1,9,0,3,0,1,0,0,0,0,4,1,6,1,41,7,1560,2,2,2,1
201442I200806,1,9,0,9,0,8,0,0,0,0,3,1,6,1,72,10,1798,1,9,-1,-1
201442I200806,2,9,0,18,0,1,0,0,0,0,1,1,6,2,66,10,1390,1,6,10,1
201442I200806,3,9,0,10,0,1,0,0,0,0,3,1,6,2,56,9,1598,2,1,10,1
201442I200906,1,9,0,12,0,0,0,0,0,0,2,1,2,1,41,7,1597,1,15,3,1
201442I200906,2,1,0,18,0,0,0,0,0,0,1,1,2,1,31,6,-1,-1,-1,2,1
201442I200906,3,9,0,2,6,0,0,0,0,0,3,1,6,3,-1,-1,-1,-1,-1,-1,-1
201442I201106,1,9,0,5,0,0,0,0,0,0,1,1,6,1,58,9,1596,1,4,7,1
201442I201106,2,9,0,18,0,0,0,0,0,0,3,1,6,1,43,7,2148,2,7,8,1
201442I201206,1,9,0,13,0,0,0,0,0,0,2,1,6,3,-1,-1,1242,1,6,-1,-1
201442I201206,2,1,0,18,0,0,0,0,0,0,1,1,6,1,50,8,-1,-1,-1,-1,3
201442I201306,1,9,0,13,0,0,1,0,2,7,1,1,6,2,22,5,1124,1,14,2,1
201442I201306,2,2,0,18,0,0,0,0,0,0,0,1,6,1,64,9,49,1,23,5,1
201442I201406,1,9,0,18,0,0,0,4,1,10,1,1,6,1,57,9,1793,1,14,1,1
201442I201406,2,9,0,2,0,0,0,0,0,0,0,1,6,3,25,5,1364,1,4,4,3
201442I201506,1,9,0,18,0,1,1,0,1,11,1,1,6,3,-1,-1,1796,1,11,-1,-1
201442I201606,1,9,0,12,0,6,0,0,0,0,3,1,6,1,38,7,2143,2,4,4,1
201442I201606,2,9,0,18,0,2,2,0,0,0,2,1,6,1,30,6,1497,1,10,3,1
201442I201606,3,9,5,18,0,2,3,0,0,0,1,1,6,1,68,10,-1,-1,-1,-1,-1
201442I201606,4,19,0,13,0,2,0,0,0,0,3,1,6,2,64,9,-1,-1,-1,8,1
201442I201706,1,19,0,7,0,8,0,0,0,0,4,1,1,1,40,7,2402,2,4,6,3
201442I201706,2,3,0,18,0,1,0,0,0,0,1,1,6,1,20,4,124,1,7,5,1
201442I201806,1,9,0,18,0,2,0,0,0,0,1,1,6,1,34,6,1299,1,13,9,2
201442I201806,2,9,0,2,0,2,0,0,0,0,3,1,6,1,67,10,1497,1,9,10,1
201442I201906,1,9,0,16,0,0,0,0,1,0,1,1,6,2,68,10,1796,1,14,9,3
201442I201906,2,9,0,17,0,0,0,0,0,0,1,1,6,1,38,7,1998,1,9,3,1
201442I202006,1,9,0,18,0,0,0,0,1,11,3,1,6,2,19,4,1299,1,13,8,1
201442I202306,1,9,0,18,0,0,0,0,0,0,2,1,6,1,67,10,1997,2,3,7,2
201442I202406,1,9,0,4,0,0,0,0,0,0,1,1,6,1,45,7,1108,1,12,-1,-1
201442I202406,2,9,0,4,0,0,0,0,0,0,2,1,1,2,25,5,1598,1,9,5,1
201442I202506,1,9,0,4,0,4,1,0,0,0,1,1,6,1,-1,-1,-1,-1,-1,-1,-1
201442I202506,2,9,0,4,0,4,0,0,0,0,2,1,6,2,22,5,1599,1,6,-1,1
201442I202606,1,9,0,9,0,1,0,0,0,0,1,1,6,1,-1,-1,1199,1,11,-1,-1
201442I202606,2,9,0,18,0,1,0,0,0,0,2,1,6,1,42,7,1686,2,6,6,1
201442I202706,1,9,0,5,0,1,0,0,0,0,1,1,6,1,24,5,1910,2,7,6,1
201442I202706,2,9,0,4,0,1,0,0,0,0,2,1,6,1,21,5,1399,2,7,9,1
201442I202806,1,9,0,18,0,0,1,0,1,4,4,1,6,2,43,7,1587,1,12,4,1
201442I202906,1,9,0,18,0,1,0,0,0,0,4,1,6,2,27,6,1397,1,10,6,3
201442I202906,2,9,0,18,0,1,0,0,0,0,3,1,6,2,71,10,1598,1,7,4,1
201442I202906,3,9,0,18,0,1,0,0,0,0,3,1,6,3,-1,-1,-1,-1,-1,-1,-1
201442I203006,1,9,0,18,0,8,1,10,3,2,1,1,6,1,20,4,1796,1,15,-1,-1
201442I203006,2,8,0,2,0,8,0,0,7,0,4,1,6,3,-1,-1,2402,2,11,-1,-1
201442I203106,1,9,0,6,0,1,0,0,0,0,3,1,2,2,51,8,1240,1,11,4,1
201442I203106,2,3,0,14,0,1,0,0,0,0,1,1,2,1,41,7,124,1,12,3,1
201442I203206,1,9,0,16,0,1,0,0,1,11,1,1,6,2,36,7,1596,1,11,4,1
201442I203306,1,98,0,11,0,8,0,0,0,0,4,1,6,3,-1,-1,-1,-1,-1,-1,-1
201442I203306,2,5,0,18,0,8,0,0,0,0,3,1,6,1,42,7,1130,1,12,10,1
201442I203406,1,9,0,11,0,3,0,0,0,0,4,1,6,1,18,4,1596,1,14,3,1
201442I203406,2,9,0,9,0,7,0,0,0,0,1,1,6,2,66,10,1997,2,4,5,3
201442I203506,1,9,0,18,0,4,0,0,0,0,1,1,6,1,51,8,2697,2,9,4,3
201442I203506,2,9,0,9,0,4,0,0,0,0,4,1,6,1,52,8,1896,2,9,-1,-1
201442I203606,1,3,0,4,0,0,0,0,0,0,1,1,1,1,17,4,124,1,5,8,3
201442I203606,2,19,0,4,0,0,0,0,0,0,2,1,1,1,55,8,1998,2,9,3,1
201442I203706,1,19,0,9,0,5,0,0,0,0,0,1,2,1,46,8,1870,2,9,7,2
201442I203706,2,9,0,18,0,1,0,0,0,0,1,1,3,1,30,6,1596,1,11,5,1
201442I203706,3,9,0,18,0,1,0,0,0,0,1,1,3,1,60,9,1497,1,13,1,1
201442I203806,1,9,0,4,0,0,0,0,0,0,1,1,1,1,58,9,2497,2,7,10,1
201442I203806,2,9,0,4,0,0,0,0,0,0,2,1,1,3,37,7,1956,2,-1,10,1
201442I203806,3,9,0,4,0,0,0,0,0,0,2,1,1,3,26,6,1796,1,14,2,1
201442I203906,1,9,0,18,0,0,0,0,0,0,1,1,2,1,33,6,1988,1,12,6,1
201442I204006,1,9,0,18,0,0,0,0,1,9,1,1,6,1,68,10,2172,2,12,6,1
201442I204106,1,19,0,4,0,0,1,0,0,0,1,1,6,1,33,6,-1,-1,-1,-1,-1
201442I204106,2,9,0,4,0,0,0,0,0,0,2,1,6,1,60,9,-1,-1,-1,4,1
201442I204206,1,21,0,1,0,5,0,0,0,0,2,1,1,1,52,8,-1,-1,-1,3,1
201442I204306,1,9,0,18,0,0,0,0,0,0,1,1,6,1,-1,-1,-1,-1,-1,-1,-1
201442I204406,1,19,0,1,0,1,0,0,0,0,2,1,1,1,43,7,1753,2,8,6,1
201442I204506,1,9,0,7,0,6,0,0,0,0,1,1,6,2,32,6,1781,1,8,3,1
201442I204506,2,9,0,18,0,5,0,0,0,0,1,1,6,2,91,11,1388,1,11,2,1
201442I204606,1,5,0,18,0,0,0,0,1,3,3,1,6,2,29,6,599,1,3,-1,-1
201442I204706,1,9,0,18,0,1,1,0,0,0,1,1,6,2,53,8,-1,-1,-1,5,1
201442I204706,2,9,0,3,0,1,0,0,0,0,2,1,6,2,46,8,-1,-1,-1,6,1
201442I204806,1,9,0,18,0,0,0,0,0,6,1,1,6,2,47,8,1598,1,9,2,1
201442I204806,2,9,0,18,0,0,0,0,0,0,1,1,6,1,20,4,-1,-1,-1,5,3
201442I204906,1,4,0,13,0,1,0,0,0,0,1,1,2,1,23,5,124,1,5,5,1
201442I204906,2,10,0,9,0,1,0,0,0,0,3,1,2,1,45,7,2402,2,10,-1,1
201442I205006,1,9,0,18,0,2,1,10,7,3,1,1,6,1,21,5,1596,1,13,5,1
201442I205106,1,9,0,18,0,8,0,9,7,1,1,1,6,2,28,6,1242,1,13,10,1
201442I205106,2,9,0,18,0,3,0,9,7,0,2,1,6,2,55,8,1587,1,8,9,1
201442I205306,1,9,0,4,0,1,0,0,0,0,1,1,6,1,86,11,998,1,1,6,1
201442I205306,2,9,0,4,0,1,0,0,0,0,2,1,6,1,48,8,-1,-1,-1,5,3
201442I205306,3,9,0,4,0,1,0,0,0,0,2,1,6,1,80,11,1598,1,7,10,1
201442I205406,1,3,0,16,0,0,0,0,8,11,3,1,6,1,33,6,125,1,1,4,1
201442I205506,1,3,0,18,0,8,1,10,0,0,1,1,6,1,21,5,-1,-1,-1,10,2
201442I205606,1,19,0,3,0,4,0,0,0,0,1,1,6,3,-1,-1,1995,2,3,-1,-1
201442I205606,2,9,0,3,0,4,0,0,0,0,2,1,6,2,32,6,998,1,6,5,1
201442I205706,1,9,0,9,0,1,0,0,0,0,4,1,6,2,18,4,-1,-1,-1,10,1
201442I205706,2,1,0,18,0,1,0,0,0,0,1,1,6,1,56,9,-1,-1,-1,-1,-1
201442I205806,1,9,0,18,0,0,0,0,0,0,1,1,6,1,22,5,1997,1,6,-1,-1
201442I205806,2,21,0,18,0,0,0,0,0,0,2,1,1,1,43,7,6370,2,4,5,1
201442I205906,1,9,0,4,0,0,0,0,0,0,1,1,6,1,26,6,1388,1,3,3,1
201442I205906,2,9,0,4,0,0,0,0,0,0,2,1,6,2,27,6,1596,1,10,8,1
201442I206006,1,9,0,4,0,0,0,0,0,0,1,1,6,2,38,7,1368,1,4,5,1
201442I206006,2,9,0,3,0,0,0,0,0,0,2,1,6,1,46,8,1685,2,2,-1,-1
201442I206006,3,9,0,3,0,0,0,0,0,0,2,1,6,1,23,5,1995,2,8,10,1
201442I206106,1,3,0,13,0,8,0,0,0,0,1,1,1,1,17,4,125,1,5,9,2
201442I206106,2,9,0,9,0,8,0,0,0,0,4,1,1,1,26,6,2000,1,14,2,1
201442I206206,1,9,0,4,0,0,0,0,1,10,1,1,6,1,19,4,1149,1,10,10,1
201442I206306,1,9,0,18,0,0,1,0,0,0,1,1,1,1,45,7,-1,-1,-1,8,1
201442I206306,2,9,0,18,0,0,0,0,0,0,2,1,1,2,25,5,1560,2,3,9,1