Accident_Index,Vehicle_Reference,Vehicle_Type,Towing_and_Articulation,Vehicle_Manoeuvre,Vehicle_Location-Restricted_Lane,Junction_Location,Skidding_and_Overturning,Hit_Object_in_Carriageway,Vehicle_Leaving_Carriageway,Hit_Object_off_Carriageway,1st_Point_of_Impact,Was_Vehicle_Left_Hand_Drive?,Journey_Purpose_of_Driver,Sex_of_Driver,Age_of_Driver,Age_Band_of_Driver,Engine_Capacity_(CC),Propulsion_Code,Age_of_Vehicle,Driver_IMD_Decile,Driver_Home_Area_Type
201442I206306,3,9,0,18,0,0,0,0,0,0,2,1,1,1,42,7,1997,2,2,9,1
201442I206406,1,19,0,18,0,0,0,0,0,0,1,1,1,1,26,6,2198,2,3,5,1
201442I206406,2,9,0,18,0,0,0,0,0,0,2,1,3,1,37,7,-1,-1,-1,-1,1
201442I206406,3,9,0,18,0,0,0,0,0,0,1,1,1,1,44,7,-1,-1,-1,4,1
201442I206606,1,9,0,18,0,0,1,0,1,4,1,1,6,1,25,5,1753,2,6,-1,-1
201442I206706,1,21,1,16,0,1,0,0,0,0,1,2,2,1,36,7,-1,-1,-1,-1,-1
201442I206706,2,9,0,3,0,1,0,0,0,0,2,1,2,1,32,6,1598,1,-1,8,1
201442I206906,1,9,0,18,0,8,0,0,0,0,1,1,6,3,-1,-1,-1,-1,-1,-1,-1
201442I207006,1,9,0,18,0,2,0,0,0,0,1,1,1,1,30,6,1560,2,2,-1,-1
201442I207106,1,9,0,5,0,4,0,0,0,0,1,1,6,3,-1,-1,-1,-1,-1,-1,-1
201442I207106,2,8,0,18,0,4,0,0,0,0,1,1,6,1,47,8,1686,2,6,4,1
201442I207206,1,19,0,18,0,1,0,0,0,0,1,1,1,1,67,10,1753,2,2,6,1
201442I207206,2,4,0,18,0,1,1,0,0,0,2,1,6,1,51,8,865,1,7,8,1
201442I207306,1,9,0,3,0,0,0,0,0,0,1,1,6,1,22,5,1242,1,11,9,2
201442I207306,2,9,0,4,0,0,0,0,0,0,2,1,6,1,35,6,-1,-1,-1,1,1
201442I207306,3,9,0,4,0,0,0,0,0,0,2,1,6,1,45,7,1796,1,11,-1,1
201442I207406,1,11,0,5,0,8,0,0,0,0,0,1,1,1,58,9,-1,2,15,-1,-1
201442I207406,2,9,0,15,0,8,0,0,0,0,0,1,6,3,-1,-1,-1,-1,-1,-1,-1
201442I207506,1,9,0,18,0,1,0,0,0,0,1,1,6,1,-1,-1,1390,1,17,-1,-1
201442I207506,2,9,0,10,0,1,0,0,0,0,2,1,6,1,48,8,1791,8,3,4,1
201442I207606,1,9,0,9,0,8,0,0,0,0,0,1,6,1,88,11,1399,2,3,8,2
201442I207606,2,9,0,18,0,1,0,0,0,0,0,1,6,2,54,8,1984,1,7,10,1
201442I207706,1,19,0,18,0,0,0,0,0,0,1,1,6,1,52,8,2198,2,4,6,3
201442I207706,2,9,0,4,0,0,0,0,0,0,0,1,6,2,43,7,-1,-1,-1,10,1
201442I207706,3,9,0,18,0,0,0,0,0,0,1,1,6,1,44,7,1997,2,8,4,1
201442I207706,4,9,0,18,0,0,0,0,0,0,1,1,6,2,27,6,1968,2,1,10,1
201442I207807,1,9,0,5,0,2,0,0,0,0,1,1,1,1,32,6,1598,1,2,-1,-1
201442I207807,2,8,0,18,0,1,0,0,2,2,4,1,1,1,51,8,-1,-1,-1,5,2
201442I207906,1,9,0,7,0,6,0,4,0,0,1,1,6,1,-1,-1,2993,2,5,-1,-1
201442I207906,2,9,0,18,0,1,0,0,0,0,0,1,1,1,-1,-1,1560,2,2,-1,-1
201442I207906,3,9,0,2,0,1,0,0,0,0,2,1,6,3,-1,-1,1242,1,16,-1,-1
201442I207906,4,1,0,18,0,8,0,0,0,0,0,1,6,2,36,7,-1,-1,-1,-1,-1
201442I208006,1,9,0,10,0,1,0,0,0,0,1,1,6,1,56,9,1910,2,9,7,1
201442I208006,2,11,0,18,0,1,0,0,0,0,3,1,6,1,49,8,7300,2,9,1,1
201442I208106,1,9,0,7,0,6,0,0,0,0,1,1,6,3,-1,-1,-1,-1,-1,-1,-1
201442I208106,2,9,0,18,0,8,0,0,0,0,4,1,6,2,26,6,-1,-1,-1,4,1
201442I208206,1,9,0,1,0,2,0,0,0,0,2,1,6,2,68,10,1229,1,7,6,1
201442I208306,1,9,0,9,0,6,0,0,0,0,4,1,6,1,46,8,1360,1,7,6,1
201442I208306,2,9,0,18,0,8,0,0,0,0,3,1,6,1,51,8,1248,1,-1,10,1
201442I208406,1,9,0,4,0,0,0,0,0,0,1,1,2,1,20,4,1364,1,7,9,1
201442I208406,2,9,0,3,0,0,0,0,0,0,2,1,2,1,46,8,2993,2,4,7,1
201442I208406,3,9,0,3,0,0,0,0,0,0,2,1,6,1,66,10,1796,1,7,10,1
201442I208406,4,9,0,3,0,0,0,0,0,0,2,1,6,1,52,8,1599,1,6,9,1
201442I208406,5,9,0,3,0,0,0,0,0,0,2,1,6,1,41,7,1896,2,6,4,1
201442I208506,1,22,0,9,0,8,0,0,0,0,3,1,6,2,95,11,-1,-1,-1,8,1
201442I208506,2,9,0,18,0,8,0,0,0,0,3,1,6,2,36,7,2261,1,6,10,1
201442I208606,1,9,0,18,0,0,0,0,0,0,1,1,6,1,20,4,1997,1,8,5,1
201442I208606,2,9,0,18,0,0,1,0,1,4,3,1,6,2,55,8,1598,1,5,7,1
201442I208706,1,9,0,18,0,4,0,0,0,0,3,1,1,2,39,7,-1,-1,-1,-1,-1
201442I208706,2,9,0,5,0,4,0,0,0,0,1,1,1,2,47,8,998,1,2,4,1
201442I208706,3,9,0,3,0,4,0,0,0,0,3,1,1,2,28,6,1339,1,10,3,1
201442I208807,1,3,0,16,0,7,1,10,7,0,1,1,6,1,30,6,124,1,3,4,1
201442I208907,1,9,0,4,0,1,0,0,0,0,1,1,6,1,91,11,1396,1,15,6,3
201442I208907,2,9,0,4,0,1,0,0,0,0,2,1,6,2,31,6,1339,1,6,9,1
201442I209106,1,9,0,18,0,8,0,0,0,0,1,1,1,2,53,8,1242,1,2,5,1
201442I209106,2,1,0,18,0,8,0,0,0,0,4,1,1,2,32,6,-1,-1,-1,4,1
201442I209206,1,9,0,18,0,0,0,0,0,0,0,1,6,3,-1,-1,-1,-1,-1,-1,-1
201442I209206,2,9,0,18,0,0,0,0,0,0,0,1,6,2,24,5,998,1,6,5,1
201442I209306,1,9,0,18,0,0,0,0,0,0,0,1,6,3,-1,-1,-1,-1,-1,-1,-1
201442I209306,2,9,0,18,0,0,0,0,1,0,0,1,6,2,20,4,1299,1,15,8,2
201442I209406,1,2,0,18,0,3,0,0,0,0,0,1,6,1,18,4,-1,-1,-1,7,3
201442I209505,1,19,0,11,0,0,0,0,0,0,4,1,6,1,-1,-1,-1,-1,-1,9,1
201442I209505,2,9,0,12,0,0,0,0,0,0,3,1,6,1,22,5,1124,1,11,9,1
201442I209606,1,1,0,15,0,1,0,10,1,1,1,1,6,1,47,8,-1,-1,-1,10,1
201442I209706,1,9,0,18,0,0,0,0,1,11,1,1,6,1,56,9,1998,1,13,8,1
201442I209806,1,9,0,9,0,8,0,0,0,0,1,1,6,1,17,4,1796,1,11,9,2
201442I209806,2,9,0,18,0,1,0,0,0,0,1,1,6,1,38,7,2993,2,5,10,1
201442I209907,1,9,0,18,0,0,0,0,0,0,1,1,6,2,75,10,1086,1,5,-1,1
201442I209907,2,9,0,18,0,0,0,0,0,0,1,1,6,2,24,5,1388,1,15,7,3
201442I210006,1,9,0,18,0,1,2,7,1,0,3,1,6,1,40,7,-1,-1,-1,4,1
201442I210106,1,9,0,18,0,1,0,0,0,0,1,1,6,1,28,6,-1,-1,-1,8,1
201442I210106,2,9,0,18,0,1,0,0,0,0,2,1,6,2,19,4,1299,1,13,7,1
201442I210106,3,9,0,18,0,1,0,0,0,0,2,1,6,3,50,8,1149,1,11,6,1
201442I210206,1,9,0,18,0,4,1,0,0,0,1,1,6,2,26,6,1229,1,8,1,1
201442I210206,2,9,0,9,0,3,0,0,0,0,3,1,6,2,20,4,1686,2,2,-1,-1
201442I210306,1,9,0,18,0,0,0,0,0,0,1,1,6,2,31,6,998,1,11,6,1
201442I210306,2,9,0,2,0,0,0,0,0,0,2,1,6,2,-1,-1,-1,-1,-1,-1,-1
201442I210407,1,9,0,18,0,0,0,0,0,0,1,1,6,2,32,6,-1,-1,-1,4,1
201442I210407,2,9,0,3,0,0,0,0,0,0,2,1,6,2,68,10,998,1,5,9,2
201442I210407,3,9,0,3,0,0,0,0,0,0,2,1,6,1,41,7,1596,1,2,2,1
201442I210507,1,21,0,18,0,0,2,0,0,7,3,1,1,1,61,9,12419,2,2,10,1
201442I210606,1,19,0,18,0,0,0,0,0,0,1,1,6,1,47,8,2148,2,5,8,1
201442I210606,2,19,0,2,0,0,0,0,1,0,2,1,6,1,66,10,2283,2,14,6,3
201442I210706,1,9,0,18,0,0,1,0,0,7,1,1,6,2,58,9,1360,1,8,8,3
201442I210706,2,9,0,18,0,0,1,0,0,7,2,1,1,1,63,9,1598,2,1,2,1
201442I210706,3,9,0,18,0,0,1,0,0,0,1,1,6,1,34,6,2993,2,8,2,1
201442I210706,4,9,0,18,0,0,1,0,0,0,1,2,6,2,-1,-1,-1,-1,-1,2,1
201442I210706,5,9,0,18,0,0,1,0,0,0,0,1,6,1,21,5,1596,1,13,1,1
201442I210806,1,9,0,16,0,2,0,10,1,4,1,1,6,1,26,6,1388,1,10,4,3
201442I210906,1,9,0,14,0,0,1,0,0,0,1,1,1,1,19,4,1195,1,17,3,1
201442I210906,2,19,0,3,0,0,0,0,0,0,0,1,1,1,57,9,1968,2,2,6,1
201442I211006,1,9,0,18,0,0,1,0,1,3,1,1,6,1,18,4,1593,1,32,5,3
201442I211106,1,9,0,18,0,0,0,0,0,0,1,1,6,1,20,4,1396,1,17,3,1
201442I211206,1,9,0,18,0,1,0,0,0,0,4,1,1,1,37,7,1896,2,7,4,3
201442I211206,2,1,0,18,0,1,0,0,0,0,1,1,6,1,10,2,-1,-1,-1,7,1
201442I211307,1,9,0,4,0,2,0,0,0,0,1,1,6,1,94,11,1118,1,21,10,1
201442I211307,2,9,0,3,0,2,0,0,0,0,2,1,6,2,56,9,1461,2,1,7,1
201442I211407,1,9,0,18,0,0,0,0,0,0,0,1,6,3,-1,-1,-1,-1,-1,-1,-1
201442I211407,2,19,0,18,0,0,1,0,0,0,3,1,6,1,41,7,1560,2,5,7,1
201442I211407,3,9,0,18,0,0,1,0,0,0,2,1,6,1,52,8,1597,1,10,5,2
201442I211507,1,9,0,5,0,6,0,0,0,0,4,1,6,1,80,11,1395,1,1,4,1
201442I211507,2,5,0,18,0,8,0,0,0,0,1,1,6,1,19,4,599,1,6,5,1
201442I211707,1,9,0,5,0,1,0,0,0,0,0,1,6,2,50,8,1390,1,10,-1,-1
201442I211707,2,1,0,10,0,1,0,0,0,0,0,1,6,2,23,5,-1,-1,-1,2,1
201442I211807,1,9,0,9,0,6,0,0,0,0,1,1,6,2,34,6,2688,2,10,5,1
201442I211807,2,5,0,18,0,1,0,0,7,9,1,1,6,1,55,8,-1,-1,-1,9,2
201442I211906,1,3,0,17,0,0,0,0,0,0,4,1,1,1,35,6,124,1,4,5,1
201442I212006,1,9,0,18,0,0,0,0,0,0,1,1,1,1,24,5,1598,2,2,8,1
201442I212006,2,9,0,4,0,0,0,0,0,0,2,1,1,2,58,9,1598,1,10,8,1
201442I212107,1,9,0,3,0,0,0,0,0,0,2,1,2,1,56,9,1868,2,15,8,3
201442I212107,2,9,0,12,0,0,0,0,0,0,1,1,2,2,52,8,-1,-1,-1,9,2
201442I212206,1,9,0,18,0,0,0,0,0,0,1,1,6,1,17,4,1149,1,11,6,3
201442I212206,2,9,0,3,0,0,0,0,0,0,2,1,6,2,27,6,1149,1,2,6,2
201442I212307,1,9,0,18,0,1,0,0,0,0,1,1,4,1,56,9,1364,1,5,3,1
201442I212307,2,9,0,2,0,2,0,0,0,0,2,1,6,1,35,6,1242,1,-1,-1,1
201442I212406,1,9,0,9,0,1,0,0,0,0,1,1,6,1,48,8,1910,2,8,3,1
201442I212406,2,1,0,18,0,1,0,0,0,0,1,1,6,1,75,10,-1,-1,-1,2,1
201442I212507,1,9,0,18,0,1,0,0,0,0,2,1,6,3,-1,-1,-1,-1,-1,-1,-1
201442I212606,1,9,0,18,0,1,0,0,0,0,1,1,6,2,28,6,1995,2,10,1,1
201442I212606,2,9,0,18,0,8,0,0,0,0,4,1,6,2,57,9,1497,1,9,-1,1
201442I212707,1,9,0,17,0,2,1,0,7,10,1,1,6,1,19,4,1299,1,13,1,1
201442I212807,1,9,0,9,0,1,0,0,0,0,1,1,6,1,23,5,1984,1,3,7,1
201442I212807,2,4,0,18,0,1,0,0,0,0,1,1,6,1,19,4,125,1,4,7,1
201442I212907,1,9,0,18,0,0,0,0,0,0,1,1,6,3,-1,-1,-1,-1,-1,-1,-1
201442I213007,1,9,0,18,0,8,0,0,0,0,4,1,6,1,24,5,1998,1,14,6,1
201442I213007,2,1,0,18,0,8,0,0,0,0,3,1,6,1,32,6,-1,-1,-1,8,1
201442I213107,1,9,0,18,0,8,0,0,0,0,1,1,1,2,61,9,1598,1,1,10,1
201442I213107,2,2,0,18,0,8,0,0,0,0,2,1,1,1,29,6,49,1,9,3,1
201442I213207,1,9,0,18,0,4,1,0,0,0,1,1,6,1,48,8,1587,1,10,8,1
201442I213207,2,19,0,6,0,8,0,0,0,0,1,1,1,1,43,7,1248,2,2,8,3
201442I213307,1,9,0,18,0,0,0,0,0,0,1,1,6,2,19,4,998,1,19,9,1
201442I213307,2,9,0,18,0,0,0,0,0,0,1,1,6,1,36,7,1968,2,2,6,1
201442I213307,3,9,0,18,0,0,0,0,0,0,1,1,6,1,47,8,1595,1,12,4,1
201442I213407,1,9,0,18,0,0,0,0,0,0,4,1,6,3,-1,-1,-1,-1,-1,-1,-1
201442I213507,1,9,0,18,0,0,0,0,0,0,4,1,6,3,-1,-1,-1,-1,-1,-1,-1
201442I213507,2,1,0,18,0,0,0,0,1,0,3,1,6,1,17,4,-1,-1,-1,1,1
201442I213607,1,3,0,4,0,0,0,0,0,0,1,1,6,1,22,5,125,1,3,5,1
201442I213607,2,9,0,4,0,0,0,0,0,0,2,1,6,1,58,9,-1,-1,-1,7,1
201442I213607,3,9,0,18,0,0,0,0,0,0,0,1,1,1,36,7,1560,2,2,5,1
201442I213607,4,9,0,18,0,0,0,0,0,0,0,1,1,1,24,5,1560,2,2,5,1
201442I213707,1,9,0,9,0,8,0,0,0,0,4,1,6,1,65,9,1796,1,14,8,1
201442I213707,2,5,0,18,0,1,0,0,0,0,1,1,6,1,60,9,-1,-1,-1,5,1
201442I213807,1,9,0,18,0,0,0,0,0,0,1,1,6,2,34,6,1086,1,8,9,3
201442I213807,2,9,0,18,0,0,0,0,0,0,1,1,1,2,56,9,1796,1,10,10,1
201442I213907,1,9,0,18,0,0,0,0,0,0,1,1,1,1,35,6,1686,2,12,4,1
201442I214006,1,9,0,14,0,0,0,0,0,0,4,1,6,1,83,11,1997,1,9,9,2
201442I214006,2,1,0,14,0,0,0,0,0,0,3,1,6,1,45,7,-1,-1,-1,7,1
201442I214006,3,9,0,18,0,0,0,0,0,0,1,1,6,2,45,7,1242,1,1,9,2
201442I214107,1,19,0,18,0,7,0,0,0,0,1,1,1,1,50,8,2143,2,3,4,3
201442I214107,2,9,0,18,0,8,1,10,1,11,4,1,6,2,58,9,1598,1,7,4,1
201442I214207,1,9,0,9,0,1,0,0,0,0,1,1,1,1,25,5,-1,-1,-1,3,1
201442I214207,2,9,0,18,0,1,0,0,0,0,2,1,1,1,27,6,2000,1,8,6,1
201442I214307,1,21,0,9,0,8,1,0,0,0,0,1,1,1,51,8,12777,2,1,8,1
201442I214307,2,1,0,7,0,8,0,0,0,0,0,1,2,1,61,9,-1,-1,-1,1,1
201442I214406,1,9,0,7,0,8,0,9,0,0,3,1,6,2,38,7,1497,8,8,9,1
201442I214406,2,9,0,18,0,3,0,0,0,0,4,1,6,2,27,6,1988,1,11,-1,-1
201442I214506,1,1,0,18,0,0,0,0,0,0,0,1,6,2,18,4,-1,-1,-1,2,1
201442I214506,2,9,0,18,0,0,0,0,0,0,1,1,6,2,81,11,1149,1,13,5,1
201442I214606,1,9,0,4,0,0,0,0,0,0,1,1,6,1,33,6,1242,1,16,6,1
201442I214606,2,9,0,4,0,0,0,0,0,0,2,1,6,2,35,6,2993,2,3,10,1
201442I214707,1,9,0,17,0,0,0,4,0,0,2,1,6,2,61,9,1596,1,9,4,1
201442I214707,2,9,0,2,0,0,0,0,0,0,0,1,6,3,-1,-1,1598,1,7,-1,-1
201442I214906,1,9,0,17,0,0,0,0,0,0,1,1,6,1,18,4,1299,1,13,7,3
201442I214906,2,8,0,18,0,0,0,0,0,0,3,1,6,1,40,7,2402,2,9,9,2
201442I214906,3,9,0,18,0,0,0,0,0,0,1,1,6,1,40,7,4163,1,3,8,3
201442I215007,1,9,0,3,0,1,0,0,0,0,1,1,1,1,20,4,1242,1,1,8,1
201442I215007,2,9,0,18,0,1,0,0,0,0,0,1,6,1,29,6,998,1,15,5,1
201442I215107,1,9,0,9,0,6,0,0,0,0,1,1,6,2,21,5,1229,1,2,6,1
201442I215107,2,5,0,13,0,1,0,0,0,0,1,1,6,1,39,7,600,1,1,10,1
201442I215207,1,5,0,14,0,1,0,0,0,0,1,1,6,1,39,7,1585,1,4,5,1
201442I215207,2,19,0,3,0,6,0,0,0,0,3,1,1,1,45,7,-1,-1,-1,5,1
201442I215307,1,9,0,9,0,1,1,0,0,0,1,1,6,2,23,5,998,1,1,10,1
201442I215307,2,9,0,18,0,1,1,0,0,0,1,1,6,2,32,6,1560,2,8,5,1
201442I215307,3,20,0,3,0,1,0,0,0,0,1,1,1,1,62,9,12777,2,7,8,1
201442I215407,1,9,0,18,0,2,0,0,0,0,1,1,6,1,30,6,1242,1,8,2,1
201442I215407,2,9,0,17,0,1,0,0,0,0,1,1,6,2,46,8,3200,2,10,6,2
201442I215507,1,9,0,18,0,0,1,0,0,0,1,1,6,2,26,6,1242,1,1,10,1
201442I215507,2,9,0,18,0,0,1,0,0,0,3,1,6,1,38,7,2993,2,5,9,1
201442I215605,1,19,0,17,0,8,0,0,0,0,0,1,6,2,-1,-1,-1,-1,-1,-1,-1
201442I215605,2,9,0,17,0,8,0,0,0,0,4,1,1,1,43,7,999,1,2,4,1
201442I215605,3,9,0,17,0,8,0,0,0,0,3,1,1,1,43,7,1995,2,9,2,1
201442I215706,1,9,0,18,0,0,0,2,2,7,1,1,1,2,39,7,1595,2,4,8,1
201442I215706,2,21,1,18,0,0,0,0,0,0,1,2,1,2,34,6,-1,-1,-1,-1,-1
201442I215706,3,5,0,18,0,0,0,0,0,0,0,1,1,1,25,5,998,1,7,3,1
201442I215706,4,21,1,18,0,0,0,0,0,0,3,1,1,1,34,6,11946,2,3,2,1
201442I215706,5,5,0,18,0,0,0,0,0,0,1,1,6,1,25,5,929,1,13,3,1
201442I215807,1,9,0,12,0,0,0,0,0,0,1,1,6,1,20,4,999,1,13,10,3
201442I215807,2,9,0,4,0,0,0,0,0,0,2,1,6,1,47,8,2143,2,2,-1,2
201442I215907,1,9,0,18,0,0,5,0,0,0,1,1,1,1,22,5,1368,1,10,5,1
201442I215907,2,9,0,2,0,0,0,4,0,0,2,1,6,1,45,7,1560,2,2,9,1
201442I215907,3,9,0,2,0,0,0,0,0,0,2,1,6,1,-1,-1,-1,-1,-1,3,1
201442I216106,1,9,0,18,0,1,0,0,0,0,3,1,6,2,-1,-1,2926,2,11,-1,-1
201442I216106,2,9,0,9,0,5,0,0,0,0,1,1,6,1,18,4,999,1,15,3,1
201442I216206,1,9,0,18,0,2,0,0,0,0,4,1,6,2,60,9,1349,1,2,5,1
201442I216307,1,1,0,18,0,1,0,0,0,0,3,1,6,1,15,3,-1,-1,-1,5,1
201442I216307,2,9,0,18,0,1,0,0,0,0,1,1,6,1,36,7,1781,1,15,4,1
201442I216407,1,4,0,17,0,0,1,0,1,4,4,1,6,1,22,5,124,1,-1,5,2
201442I216507,1,9,0,9,0,4,0,0,0,0,3,1,6,2,29,6,1242,1,5,8,1
201442I216507,2,1,0,18,0,8,0,0,0,0,1,1,6,1,23,5,-1,-1,-1,5,1
201442I216607,1,3,0,16,0,0,0,0,0,0,1,1,6,1,18,4,125,1,-1,8,2
201442I216607,2,19,0,18,0,0,0,0,0,0,1,1,1,1,40,7,1896,2,8,2,1
201442I216706,1,9,0,18,0,0,0,0,0,0,1,1,6,3,-1,-1,-1,-1,-1,-1,-1
201442I216706,2,1,0,18,7,0,0,0,0,0,0,1,6,1,13,3,-1,-1,-1,9,1
201442I216806,1,9,0,3,0,1,0,0,0,0,0,1,6,3,-1,-1,-1,-1,-1,-1,-1
201442I216806,2,1,0,3,0,1,0,0,1,0,0,1,1,1,33,6,-1,-1,-1,-1,-1
201442I216906,1,9,0,17,0,0,0,0,1,1,1,1,6,1,24,5,1360,1,15,9,1
201442I217006,1,1,0,18,0,1,1,0,0,0,2,1,6,1,58,9,-1,-1,-1,-1,3
201442I217006,2,9,0,18,0,1,0,0,0,0,1,1,6,1,68,10,1596,1,7,10,1
201442I217107,1,9,0,5,0,1,0,0,0,0,1,1,6,2,70,10,1998,1,15,-1,-1
201442I217107,2,9,0,4,0,1,0,0,0,0,1,1,6,2,69,10,-1,-1,-1,-1,-1
201442I217207,1,9,0,7,0,5,0,0,0,0,4,1,6,2,54,8,1461,2,4,2,1
201442I217207,2,3,0,18,0,1,1,0,0,0,1,1,2,1,20,4,125,1,4,5,1
201442I217307,1,9,0,18,0,1,0,0,0,0,1,1,6,2,45,7,998,1,4,-1,3
201442I217307,2,9,0,9,0,1,0,0,0,0,3,1,1,1,48,8,1598,1,2,9,3
201442I217406,1,9,0,18,0,0,0,0,0,0,1,1,6,1,-1,-1,1587,1,11,-1,-1
201442I217406,2,9,0,18,0,0,0,0,0,0,1,1,6,1,33,6,1389,1,10,3,1
201442I217507,1,9,0,6,0,0,0,0,0,0,3,1,3,2,37,7,2993,2,1,10,1
201442I217507,2,9,0,18,0,0,0,0,0,0,1,1,2,1,20,4,1360,1,13,6,1
201442I217606,1,9,0,4,0,1,0,0,0,0,1,1,6,2,-1,-1,1242,1,10,-1,-1
201442I217606,2,9,0,8,0,1,0,0,0,0,2,1,6,1,21,5,1229,1,1,3,1
201442I217707,1,9,0,10,0,1,0,0,0,0,2,1,6,2,46,8,-1,-1,-1,-1,-1
201442I217707,2,19,0,18,0,1,0,0,0,0,1,1,6,1,31,6,1560,2,6,-1,-1
201442I217807,1,9,0,17,0,0,2,0,1,9,1,1,6,2,19,4,1149,1,6,7,2
201442I218007,1,9,0,18,0,0,2,0,1,0,1,1,6,2,52,8,1598,1,8,5,2
201442I218107,1,9,0,3,0,1,0,0,0,0,1,1,6,2,19,4,-1,-1,-1,9,1
201442I218107,2,3,0,3,0,2,0,0,0,0,4,1,6,1,23,5,-1,-1,-1,9,2
201442I218207,1,9,0,18,0,1,0,0,3,0,4,1,6,1,-1,-1,1400,1,14,-1,-1
201442I218207,2,9,0,18,0,8,0,0,0,0,1,1,1,1,-1,-1,1560,2,2,-1,1
201442I218307,1,9,0,18,0,1,0,0,0,0,1,1,1,1,39,7,-1,-1,-1,3,1
201442I218307,2,9,0,9,0,1,0,0,0,0,1,1,1,1,31,6,1360,1,12,4,1
201442I218407,1,9,0,9,0,1,0,0,0,0,4,1,6,2,80,11,1390,1,1,10,1
201442I218407,2,9,0,18,0,1,0,0,0,0,1,1,6,1,37,7,1598,1,1,9,1
201442I218507,1,5,0,18,0,0,1,0,1,0,0,1,6,1,51,8,955,1,10,6,2
201442I218606,1,9,0,18,0,8,0,0,0,0,1,1,6,3,-1,-1,-1,-1,-1,-1,-1
201442I218707,1,9,0,9,0,1,0,0,0,0,4,1,6,1,49,8,-1,-1,-1,4,1
201442I218707,2,9,0,18,0,8,0,0,0,0,4,1,6,1,73,10,1198,1,-1,5,2
201442I218806,1,9,0,16,0,0,1,0,0,0,1,1,6,1,39,7,1242,1,10,8,1
201442I218806,2,9,0,17,0,0,0,0,0,0,1,1,6,2,30,6,-1,-1,-1,3,1
201442I218907,1,9,0,18,0,4,0,0,0,0,3,1,6,1,35,6,1299,1,12,-1,-1
201442I218907,2,9,0,18,0,4,0,0,0,0,3,1,6,2,34,6,2198,2,10,5,1
201442I219006,1,9,0,5,0,1,0,0,0,0,1,1,1,2,23,5,1149,1,7,5,2
201442I219006,2,1,0,18,0,1,0,0,0,0,1,1,1,2,42,7,-1,-1,-1,7,2
201442I219207,1,9,0,18,0,1,0,0,0,0,1,1,6,2,-1,-1,1300,1,15,4,1
201442I219207,2,9,0,3,0,1,0,0,0,0,2,1,6,2,21,5,1598,2,3,6,1
201442I219307,1,9,0,5,0,1,0,0,0,0,1,1,6,1,-1,-1,1399,2,12,-1,-1
201442I219307,2,9,0,18,0,1,0,0,0,0,4,1,6,2,53,8,1242,1,4,7,2
201442I219407,1,19,0,15,0,1,0,0,0,0,4,1,6,3,-1,-1,-1,-1,-1,-1,-1
201442I219407,2,9,0,3,0,1,0,0,0,0,3,1,6,2,33,6,1798,1,10,-1,1
201442I219507,1,9,0,5,0,6,0,0,0,0,1,1,6,3,-1,-1,-1,-1,-1,-1,-1
201442I219707,1,9,0,18,0,1,0,0,0,0,1,1,6,2,26,6,1124,1,10,7,2
201442I219707,2,9,0,9,0,1,0,0,0,0,2,1,1,1,68,10,2993,2,7,9,1
201442I219807,1,9,0,18,0,0,0,0,0,0,4,1,6,2,76,11,998,1,-1,6,1
201442I219807,2,1,0,18,0,0,0,0,0,0,1,1,6,2,44,7,-1,-1,-1,4,1
201442I219907,1,9,0,15,0,3,0,0,0,0,1,1,3,1,-1,-1,1798,1,11,-1,-1
201442I219907,2,9,0,18,0,3,0,0,0,0,2,1,3,2,39,7,1149,1,8,8,1
201442I220007,1,3,0,4,0,1,0,0,0,0,1,1,6,1,19,4,125,1,9,8,1
201442I220007,2,9,0,3,0,1,0,0,0,0,2,1,6,1,40,7,1995,2,1,5,1
201442I220107,1,9,0,5,0,8,0,0,0,0,1,1,6,2,-1,-1,-1,-1,-1,-1,-1
201442I220107,2,1,0,5,0,8,0,0,0,0,3,1,4,1,15,3,-1,-1,-1,3,1
201442I220207,1,9,0,17,2,1,0,0,0,0,4,1,6,3,-1,-1,-1,-1,-1,-1,-1
201442I220307,1,9,0,18,0,0,0,0,0,0,4,1,3,2,37,7,1461,2,4,-1,-1
201442I220407,1,9,0,5,0,1,0,0,0,0,1,1,6,3,71,10,1598,2,-1,4,3
201442I220407,2,3,0,18,0,1,0,0,0,0,1,1,6,1,23,5,124,1,6,8,1
201442I220507,1,11,0,4,7,0,0,0,0,0,0,1,1,1,62,9,6871,2,4,7,1
201442I220607,1,9,0,5,0,0,0,0,0,0,1,1,1,3,-1,-1,-1,-1,-1,8,1
201442I220607,2,9,0,18,0,0,0,0,0,0,3,1,6,2,36,7,-1,-1,-1,9,1
201442I220707,1,9,0,18,0,1,0,0,0,0,1,1,6,3,-1,-1,-1,-1,-1,-1,-1
201442I220707,2,1,0,18,0,1,0,0,0,0,2,1,6,1,12,3,-1,-1,-1,5,1
201442I220707,3,11,0,18,0,1,0,0,0,0,1,1,6,3,-1,-1,-1,-1,-1,-1,-1
201442I220807,1,9,0,5,0,1,0,0,0,0,1,1,6,2,-1,-1,-1,-1,-1,-1,-1
201442I220807,2,1,0,18,0,1,0,0,0,0,1,1,6,1,10,2,-1,-1,-1,-1,-1