Accident_Index,Vehicle_Reference,Vehicle_Type,Towing_and_Articulation,Vehicle_Manoeuvre,Vehicle_Location-Restricted_Lane,Junction_Location,Skidding_and_Overturning,Hit_Object_in_Carriageway,Vehicle_Leaving_Carriageway,Hit_Object_off_Carriageway,1st_Point_of_Impact,Was_Vehicle_Left_Hand_Drive?,Journey_Purpose_of_Driver,Sex_of_Driver,Age_of_Driver,Age_Band_of_Driver,Engine_Capacity_(CC),Propulsion_Code,Age_of_Vehicle,Driver_IMD_Decile,Driver_Home_Area_Type
201442I235707,4,9,0,2,0,0,0,0,0,0,0,1,6,3,-1,-1,1896,2,13,-1,-1
201442I235707,5,9,0,2,0,0,0,0,0,0,0,1,6,3,-1,-1,1299,1,7,-1,-1
201442I235807,1,9,0,18,9,0,0,0,7,1,1,1,6,1,25,5,1299,1,15,-1,-1
201442I235907,1,2,0,17,0,1,1,0,0,0,0,1,6,1,16,4,49,1,2,9,1
201442I236106,1,9,0,18,0,8,0,0,0,0,1,1,6,1,29,6,1668,1,12,8,1
201442I236106,2,9,0,18,0,8,0,0,0,0,2,1,6,2,27,6,1598,1,11,2,1
201442I236207,1,5,0,16,0,8,1,0,0,0,3,1,6,1,30,6,-1,-1,-1,5,1
201442I236207,2,9,0,17,0,8,0,0,0,0,3,1,6,1,58,9,1796,1,9,5,1
201442I236406,1,9,0,3,0,1,0,0,0,0,1,1,6,2,-1,-1,1242,1,-1,-1,-1
201442I236406,2,9,0,18,0,1,0,0,0,0,1,1,6,2,17,4,973,1,12,9,2
201442I236507,1,9,0,18,0,4,0,0,0,0,1,1,6,1,-1,-1,1995,2,4,-1,-1
201442I236507,2,9,0,18,0,3,0,10,0,0,2,1,6,2,28,6,1388,1,2,9,1
201442I236607,1,11,0,13,0,0,0,0,0,0,4,1,1,1,-1,-1,5883,2,12,-1,-1
201442I236607,2,1,0,18,0,0,0,0,0,0,3,1,6,1,35,6,-1,-1,-1,9,1
201442I236807,1,9,0,18,0,0,0,0,0,0,3,1,6,1,-1,-1,-1,-1,-1,-1,-1
201442I236807,2,9,0,18,0,0,0,0,0,0,3,1,6,1,65,9,1598,1,11,7,3
201442I236907,1,98,0,12,0,0,0,0,0,0,3,1,1,3,-1,-1,-1,-1,-1,-1,-1
201442I236907,2,9,0,18,0,0,1,0,0,0,4,1,6,1,36,7,1360,1,11,6,1
201442I237107,1,9,0,4,0,0,0,0,0,0,1,1,6,1,36,7,1242,1,8,1,1
201442I237107,2,1,0,18,0,0,0,0,0,0,1,1,6,1,11,3,-1,-1,-1,-1,-1
201442I237207,1,9,0,4,0,1,0,0,0,0,1,1,6,2,30,6,1910,2,6,6,3
201442I237207,2,9,0,9,0,1,0,0,0,0,2,1,6,2,67,10,1299,1,9,4,1
201442I237307,1,9,0,9,0,5,0,0,0,0,1,1,6,1,27,6,-1,-1,-1,6,3
201442I237307,2,9,0,18,0,8,0,0,0,0,1,1,6,2,45,7,1997,1,14,7,1
201442I237407,1,9,0,18,0,0,0,0,0,0,4,1,6,2,51,8,2902,2,10,3,1
201442I237407,2,9,0,18,0,0,0,0,5,6,3,1,6,1,20,4,1596,1,1,3,1
201442I237507,1,97,0,18,0,0,0,0,1,11,1,1,6,1,29,6,-1,-1,-1,-1,-1
201442I237607,1,4,0,2,0,1,0,0,0,0,2,1,6,1,41,7,125,1,47,8,2
201442I237607,2,9,0,18,0,1,1,0,0,0,1,1,6,1,40,7,1398,2,3,8,2
201442I237707,1,9,0,16,0,8,0,0,0,0,1,1,6,2,65,9,1796,1,10,8,3
201442I237707,2,9,0,17,0,8,0,0,0,0,1,1,6,1,37,7,5654,1,5,7,3
201442I237807,1,9,0,18,0,6,0,0,3,0,4,1,6,2,74,10,1598,1,-1,9,1
201442I237807,2,9,0,18,0,1,1,0,0,0,1,1,6,2,38,7,1598,1,13,5,2
201442I237907,1,9,0,18,0,0,0,0,0,11,1,1,6,2,83,11,1362,1,1,4,1
201442I238007,1,9,0,18,0,1,1,0,0,0,1,1,2,1,31,6,1299,1,15,6,1
201442I238007,2,9,0,18,0,1,2,0,1,0,2,1,2,1,46,8,1399,2,11,8,1
201442I238107,1,19,0,3,0,4,0,0,0,0,1,1,1,1,-1,-1,2402,2,10,-1,-1
201442I238107,2,19,0,3,0,4,0,0,0,0,2,1,1,1,44,7,-1,-1,-1,4,1
201442I238207,1,9,0,12,0,0,0,0,0,0,1,1,6,2,56,9,1685,2,1,1,1
201442I238207,2,9,0,11,0,0,0,0,0,0,2,1,6,1,64,9,1560,2,3,5,3
201442I238307,1,5,0,18,0,1,0,0,0,0,0,1,6,1,22,5,599,1,16,9,3
201442I238307,2,9,0,9,0,1,0,0,0,0,0,1,6,1,-1,-1,1968,2,2,-1,-1
201442I238507,1,9,0,15,0,0,0,0,0,0,3,1,6,3,-1,-1,-1,-1,-1,-1,-1
201442I238507,2,1,0,18,0,0,0,0,0,0,1,1,6,1,27,6,-1,-1,-1,9,2
201442I238707,1,9,0,17,0,0,0,0,0,0,3,1,6,2,27,6,1598,2,3,10,2
201442I238707,2,5,0,16,0,0,0,0,0,0,1,1,6,1,61,9,865,1,1,8,3
201442I238807,1,9,0,18,0,0,2,0,1,0,4,1,6,1,22,5,1596,1,6,10,1
201442I238907,1,9,0,18,0,8,0,0,0,0,1,1,6,2,89,11,-1,-1,-1,10,1
201442I238907,2,9,0,18,0,8,0,0,0,0,4,1,6,1,46,8,3824,1,9,-1,-1
201442I238907,3,9,0,3,0,1,0,0,0,0,1,1,6,2,36,7,1200,1,1,8,1
201442I238907,4,9,0,3,0,1,0,0,0,0,1,1,6,1,45,7,1598,2,2,10,1
201442I239007,1,9,0,18,0,2,0,0,7,10,3,1,6,2,21,5,1596,1,13,-1,-1
201442I239007,2,9,0,18,0,1,0,0,7,10,4,1,6,2,22,5,1299,1,9,6,2
201442I239107,1,9,0,18,0,0,0,0,0,0,1,1,1,1,33,6,-1,-1,-1,5,1
201442I239107,2,9,0,4,0,0,0,0,0,0,2,1,1,1,25,5,2000,2,10,-1,-1
201442I239207,1,9,0,18,0,1,0,0,0,0,1,1,6,1,30,6,1242,1,18,9,1
201442I239207,2,1,0,18,0,1,0,0,0,0,0,1,6,1,15,3,-1,-1,-1,-1,-1
201442I239307,1,9,0,18,0,1,0,0,0,0,1,1,6,2,-1,-1,-1,-1,-1,-1,-1
201442I239307,2,1,0,18,0,1,0,0,0,0,0,1,6,1,30,6,-1,-1,-1,1,1
201442I239507,1,9,0,18,0,0,0,0,0,0,0,1,6,1,-1,-1,1988,1,15,-1,-1
201442I239507,2,9,0,18,0,0,0,0,0,0,0,1,6,1,-1,-1,-1,-1,-1,-1,-1
201442I239607,1,9,0,18,0,2,0,0,0,0,1,1,6,1,29,6,1796,1,14,6,1
201442I239607,2,9,0,3,0,2,0,0,0,0,2,1,6,1,61,9,1349,1,3,5,3
201442I239707,1,19,0,17,0,0,0,0,0,0,2,1,6,3,-1,-1,-1,-1,-1,-1,-1
201442I239707,2,1,0,17,0,0,0,0,0,0,0,1,6,1,41,7,-1,-1,-1,4,1
201442I239907,1,9,0,3,0,1,0,0,0,0,1,1,6,1,42,7,999,1,2,6,1
201442I239907,2,9,0,4,0,1,0,0,0,0,0,1,6,2,-1,-1,-1,-1,-1,-1,-1
201442I239907,3,1,0,15,0,1,0,0,0,0,1,1,6,1,-1,-1,-1,-1,-1,-1,-1
201442I239907,4,1,0,15,0,1,0,0,0,0,1,1,6,1,-1,-1,-1,-1,-1,-1,-1
201442I240007,1,9,0,18,0,1,0,0,0,0,1,1,6,2,-1,-1,1956,2,5,7,3
201442I240007,2,9,0,3,0,1,0,0,0,0,1,1,6,1,40,7,1596,1,2,2,1
201442I240107,1,9,0,18,0,2,0,10,0,10,1,1,6,2,62,9,1198,1,10,3,1
201442I240207,1,21,1,11,0,0,0,0,0,0,1,2,1,1,54,8,-1,-1,-1,-1,-1
201442I240207,2,9,0,18,0,0,0,0,0,6,2,1,6,2,68,10,1796,1,10,-1,-1
201442I240307,1,9,0,18,0,0,1,0,0,6,1,1,2,2,33,6,1995,2,3,3,1
201442I240307,2,9,0,18,0,0,0,0,0,0,2,1,1,1,48,8,1995,2,1,1,1
201442I240407,1,9,0,18,0,4,0,0,0,0,1,1,6,1,41,7,1896,2,6,10,1
201442I240407,2,9,0,18,0,4,0,0,0,0,2,1,6,2,23,5,1124,1,10,4,1
201442I240507,1,9,0,18,0,0,0,0,0,0,1,1,6,2,37,7,-1,-1,-1,4,1
201442I240607,1,9,0,18,0,0,0,0,0,0,3,1,6,1,41,7,1794,1,11,7,1
201442I240607,2,90,0,18,0,0,0,0,0,0,0,1,6,1,6,2,-1,-1,-1,3,1
201442I240707,1,9,0,18,0,0,0,0,0,0,1,1,2,1,23,5,1149,1,12,6,2
201442I240707,2,19,0,18,0,0,0,0,7,0,3,1,2,1,24,5,2198,2,2,7,3
201442I240807,1,2,0,18,0,1,0,0,0,0,0,1,6,2,22,5,49,1,1,10,1
201442I240807,2,9,0,10,0,1,0,0,0,0,0,1,6,1,52,8,1598,2,2,7,1
201442I240907,1,9,0,18,0,4,0,0,0,0,0,1,6,3,-1,-1,-1,-1,-1,-1,-1
201442I240907,2,9,0,18,0,4,0,0,0,0,1,1,6,1,20,4,1968,2,1,-1,-1
201442I240907,3,9,0,9,0,8,0,0,0,0,4,1,6,1,58,9,1388,1,3,-1,-1
201442I241007,1,9,0,9,0,6,0,0,0,0,0,1,6,3,-1,-1,-1,-1,-1,-1,-1
201442I241007,2,9,0,18,0,1,0,0,0,0,0,1,6,1,18,4,1149,1,7,8,1
201442I241007,3,11,0,18,0,1,0,0,0,0,0,1,1,1,50,8,5850,2,12,2,1
201442I241107,1,11,0,4,0,8,0,0,0,0,1,1,1,1,59,9,4250,2,4,-1,-1
201442I241107,2,19,0,3,0,8,0,0,0,0,2,1,2,1,49,8,2402,2,10,7,1
201442I241207,1,1,0,7,0,8,0,0,0,0,0,1,6,1,30,6,-1,-1,-1,2,1
201442I241307,1,9,0,18,0,0,1,0,8,3,1,1,6,1,29,6,1390,1,12,2,1
201442I241307,2,9,0,2,0,0,0,0,0,0,1,1,6,3,-1,-1,1596,1,13,-1,-1
201442I241407,1,9,0,18,0,0,5,4,0,0,1,1,6,1,53,8,1598,2,-1,4,1
201442I241407,2,19,0,2,0,0,0,0,0,0,2,1,6,3,-1,-1,2496,2,19,-1,-1
201442I241507,1,9,0,18,0,0,0,0,0,0,1,1,6,2,26,6,1299,1,15,7,2
201442I241507,2,9,0,18,0,0,0,0,0,0,2,1,6,1,33,6,2179,2,11,3,1
201442I241607,1,9,0,18,0,0,0,0,0,0,1,1,6,2,19,4,1242,1,5,9,1
201442I241607,2,9,0,18,0,0,0,0,0,0,2,1,6,1,60,9,3956,1,11,10,1
201442I241707,1,9,0,18,0,1,0,0,0,0,0,1,2,2,69,10,1390,1,9,4,1
201442I241707,2,5,0,18,0,1,0,0,0,0,0,1,6,1,56,9,1237,1,4,10,1
201442I241807,1,9,0,2,0,0,0,0,0,0,3,1,6,2,31,6,1498,1,9,10,1
201442I241807,2,1,0,18,0,0,0,8,0,0,1,1,6,1,26,6,-1,-1,-1,2,1
201442I241907,1,9,0,10,0,1,0,0,0,0,3,1,2,1,23,5,-1,-1,-1,5,1
201442I241907,2,1,0,18,0,1,0,0,0,0,1,1,6,1,47,8,-1,-1,-1,3,1
201442I242007,1,9,0,6,0,0,0,0,0,0,3,1,1,1,45,7,1968,2,1,10,2
201442I242007,2,5,0,14,0,0,0,0,7,1,1,1,2,1,22,5,998,1,10,10,1
201442I242107,1,9,0,7,0,2,0,0,7,10,1,1,6,2,62,9,1587,1,13,4,1
201442I242307,1,9,0,18,0,0,0,0,0,0,1,1,6,1,26,6,973,1,11,3,1
201442I242307,2,9,0,18,0,0,0,0,0,0,1,2,6,1,71,10,-1,-1,-1,-1,-1
201442I242307,3,9,0,18,0,0,0,0,0,0,1,1,6,2,22,5,1390,1,10,10,2
201442I242407,1,19,0,9,0,1,1,0,1,9,1,1,2,1,27,6,-1,-1,-1,2,1
201442I242507,1,9,0,18,0,0,0,0,0,0,0,1,6,1,80,11,-1,-1,-1,3,2
201442I242607,1,9,0,3,0,4,0,0,0,0,1,1,6,1,33,6,1686,2,3,5,2
201442I242607,2,9,0,3,0,4,0,0,0,0,2,1,6,2,43,7,2155,2,17,5,1
201442I242707,1,5,0,18,0,1,1,0,0,0,3,1,6,1,30,6,599,1,14,5,1
201442I242807,1,9,0,9,0,8,0,0,0,0,3,1,6,2,63,9,1242,1,2,7,1
201442I242807,2,19,0,13,0,8,1,0,0,0,1,1,1,1,35,6,2148,2,9,2,1
201442I242907,1,10,0,18,0,0,0,0,0,0,4,1,1,1,53,8,-1,-1,-1,3,1
201442I243007,1,5,0,5,2,3,0,0,0,0,4,1,1,1,48,8,1250,1,4,5,2
201442I243007,2,9,0,7,0,3,0,0,0,0,4,1,6,2,44,7,2700,1,12,6,1
201442I243107,1,9,0,18,0,0,0,0,0,0,1,1,6,1,71,10,1783,1,12,-1,2
201442I243107,2,9,0,18,0,0,0,0,0,0,1,1,6,1,72,10,-1,-1,-1,8,1
201442I243207,1,9,0,18,0,1,0,0,0,0,1,1,6,1,22,5,1596,1,13,3,1
201442I243207,2,9,0,3,0,1,0,0,0,0,2,1,2,1,41,7,3199,1,14,9,1
201442I243207,3,9,0,3,0,1,0,0,0,0,2,1,6,1,44,7,998,1,1,9,1
201442I243307,1,3,0,18,0,8,0,0,1,10,1,1,6,1,17,4,-1,-1,-1,2,1
201442I243407,1,9,0,18,0,7,0,0,0,0,1,1,1,1,31,6,-1,-1,-1,7,1
201442I243407,2,17,0,18,0,7,0,0,0,0,2,1,1,1,21,5,2230,2,7,6,3
201442I243507,1,9,0,7,0,1,0,0,0,0,1,1,6,1,83,11,1198,1,2,7,1
201442I243507,2,9,0,2,0,1,0,0,0,0,2,1,6,3,-1,-1,-1,-1,-1,-1,-1
201442I243607,1,21,1,18,0,1,0,0,0,0,1,2,1,1,45,7,-1,-1,-1,-1,-1
201442I243607,2,9,0,3,0,1,0,0,0,0,2,1,6,2,33,6,1597,2,-1,3,1
201442I243707,1,9,0,17,0,8,0,0,0,0,1,1,6,1,-1,-1,1299,1,9,-1,-1
201442I243707,2,9,0,18,0,4,0,0,0,0,1,1,6,1,-1,-1,1968,2,3,-1,-1
201442I243807,1,9,0,18,0,0,0,0,1,0,1,1,2,1,29,6,1390,1,16,2,1
201442I243907,1,9,0,18,0,2,5,7,1,10,1,1,6,2,29,6,1999,1,8,10,1
201442I244007,1,9,0,9,0,1,0,0,0,0,4,1,6,2,39,7,2967,2,-1,10,1
201442I244007,2,1,0,18,0,1,0,0,0,0,1,1,2,1,34,6,-1,-1,-1,9,1
201442I244103,1,9,0,16,0,7,1,10,7,2,1,1,6,1,22,5,1800,1,15,9,1
201442I244103,2,19,0,16,0,2,0,0,0,0,0,1,6,1,23,5,1248,2,4,4,3
201442I244207,1,9,0,18,0,1,0,0,0,0,4,1,6,1,49,8,-1,-1,-1,10,1
201442I244207,2,9,0,18,0,1,0,0,0,0,1,1,6,1,29,6,1124,1,10,10,1
201442I244307,1,9,0,18,0,1,0,0,3,1,1,1,6,1,21,5,2198,1,11,10,1
201442I244407,1,9,0,18,0,8,1,0,0,0,1,1,6,1,52,8,2953,2,11,8,2
201442I244507,1,9,0,18,0,1,0,0,0,0,1,1,6,1,54,8,998,1,12,7,1
201442I244507,2,9,0,3,0,1,0,0,0,0,1,1,6,1,24,5,1686,2,9,4,1
201442I244607,1,9,0,16,0,0,0,0,0,0,1,1,6,1,55,8,1997,2,5,-1,3
201442I244607,2,9,0,17,0,0,1,0,1,9,1,1,6,1,26,6,2000,1,19,5,3
201442I244703,1,19,0,15,0,4,0,0,0,0,4,1,6,1,41,7,-1,-1,-1,-1,-1
201442I244703,2,1,0,7,0,8,0,0,0,0,0,1,6,1,39,7,-1,-1,-1,4,1
201442I244807,1,9,0,18,0,1,0,0,1,1,1,1,1,1,56,9,-1,-1,-1,5,1
201442I244907,1,9,0,18,0,8,0,0,0,0,1,1,6,1,61,9,2494,1,15,2,1
201442I244907,2,1,0,18,0,1,1,0,0,0,2,1,6,1,48,8,-1,-1,-1,6,1
201442I245007,1,9,0,16,0,0,0,0,0,0,1,1,6,1,42,7,1598,1,15,7,1
201442I245007,2,9,0,17,0,0,0,0,0,0,1,1,6,1,49,8,2488,2,2,10,1
201442I245107,1,9,0,9,0,8,0,0,0,0,2,1,6,1,47,8,2143,2,2,4,1
201442I245107,2,5,0,18,0,1,0,0,0,0,1,1,6,1,35,6,-1,-1,-1,9,1
201442I245207,1,9,0,4,0,0,0,0,0,0,1,1,6,2,73,10,1389,1,9,10,1
201442I245207,2,9,0,4,0,0,0,0,0,0,2,1,6,1,55,8,1242,1,8,-1,-1
201442I245207,3,9,0,4,0,0,0,0,0,0,2,1,6,1,55,8,1388,1,10,7,1
201442I245407,1,98,0,9,0,0,0,0,0,0,1,1,1,1,-1,-1,12900,2,-1,-1,-1
201442I245407,2,1,0,9,0,0,0,0,0,0,1,1,6,1,52,8,-1,-1,-1,9,3
201442I245507,1,22,0,18,9,1,0,0,0,0,1,1,1,1,-1,-1,-1,-1,-1,-1,-1
201442I245607,1,3,0,16,0,1,0,0,0,0,0,1,2,1,18,4,124,1,2,10,2
201442I245607,2,9,0,17,0,1,0,0,0,0,0,1,6,2,45,7,2993,2,9,7,3
201442I245707,1,4,0,16,0,0,0,0,0,0,3,1,6,1,45,7,197,1,23,3,2
201442I245707,2,21,0,17,0,0,0,0,0,0,3,1,1,1,56,9,12777,2,7,9,3
201442I245807,1,3,0,18,0,1,0,0,0,0,3,1,6,1,24,5,49,1,10,5,1
201442I245807,2,9,0,1,0,1,0,0,0,0,4,1,6,1,38,7,-1,-1,-1,5,1
201442I245907,1,5,0,11,0,5,0,0,0,0,0,1,6,1,24,5,1050,1,-1,10,1
201442I246007,1,1,0,9,0,0,0,0,0,0,4,1,6,1,15,3,-1,-1,-1,1,1
201442I246007,2,9,0,18,0,0,0,0,0,0,1,1,2,2,20,4,1242,1,4,8,1
201442I246107,1,9,0,18,0,0,0,0,0,0,1,1,6,2,22,5,1149,1,4,3,1
201442I246107,2,9,0,3,0,0,0,0,0,0,2,1,6,1,64,9,-1,-1,-1,2,1
201442I246107,3,9,0,18,0,0,0,0,0,0,3,1,6,1,33,6,1598,1,7,5,1
201442I246207,1,9,0,18,0,4,0,0,0,0,1,1,6,1,22,5,1560,2,8,7,1
201442I246207,2,1,0,18,0,8,0,0,0,0,4,1,6,1,28,6,-1,-1,-1,-1,-1
201442I246307,1,9,0,7,0,1,0,0,7,11,1,1,6,1,82,11,1956,2,4,8,3
201442I246407,1,9,0,18,0,1,0,0,0,0,3,1,2,1,29,6,2498,1,14,7,1
201442I246506,1,9,0,18,0,8,0,10,0,10,1,1,6,1,36,7,2521,1,7,8,1
201442I246506,2,9,0,9,0,8,0,0,0,0,0,1,6,2,34,6,1149,1,11,6,1
201442I246607,1,11,0,2,2,2,0,0,0,0,0,1,1,1,73,10,-1,-1,-1,8,2
201442I246707,1,9,0,5,0,1,0,0,0,0,1,1,6,3,-1,-1,-1,-1,-1,-1,-1
201442I246807,1,1,0,14,0,0,0,0,0,0,4,1,6,3,-1,-1,-1,-1,-1,-1,-1
201442I246907,1,9,0,13,0,0,0,0,0,0,4,1,6,1,-1,-1,2393,1,11,-1,-1
201442I246907,2,1,0,18,0,0,0,0,0,0,3,1,6,1,31,6,-1,-1,-1,4,1
201442I247007,1,9,0,5,0,0,0,0,0,0,3,1,1,1,-1,-1,2987,2,-1,10,2
201442I247007,2,9,0,18,0,0,0,0,0,0,1,1,6,1,57,9,1796,1,15,-1,-1
201442I247107,1,9,0,18,0,1,0,0,0,0,1,1,6,1,59,9,1560,2,5,4,1
201442I247107,2,9,0,7,0,2,0,0,0,0,3,1,6,2,29,6,1299,1,11,2,1
201442I247207,1,9,0,9,0,8,0,0,0,0,3,1,2,2,29,6,1360,1,13,3,1
201442I247207,2,9,0,18,0,1,0,0,0,0,1,1,2,1,40,7,1596,1,12,2,1
201442I247307,1,19,0,7,0,1,0,0,0,0,4,1,2,1,34,6,2198,2,1,3,1
201442I247307,2,11,0,18,2,1,0,0,0,0,3,1,1,1,50,8,6700,2,6,3,1
201442I247407,1,9,0,9,0,3,1,0,0,0,0,1,6,2,40,7,1598,1,1,8,1
201442I247407,2,5,0,7,0,3,0,0,0,0,0,1,6,1,67,10,1550,1,9,10,1
201442I247507,1,9,0,18,0,0,1,0,1,0,3,1,2,2,57,9,1596,1,17,-1,-1
201442I247507,2,98,0,11,0,0,1,0,0,0,4,1,1,1,57,9,3920,2,8,-1,3
201442I247607,1,9,0,4,0,1,0,0,0,0,1,1,1,2,54,8,1598,1,7,-1,1
201442I247607,2,9,0,3,0,1,0,0,0,0,2,1,6,2,51,8,1598,1,10,8,1
201442I247707,1,17,4,18,0,0,0,0,0,0,4,1,6,1,-1,-1,-1,-1,-1,-1,-1
201442I247707,2,1,0,18,0,0,0,0,0,0,0,1,6,1,48,8,-1,-1,-1,8,3
201442I247807,1,9,0,5,0,6,0,0,0,0,1,1,6,2,55,8,998,1,-1,4,1
201442I247807,2,9,0,18,0,1,0,0,0,0,3,1,2,2,25,5,1124,1,12,5,1
201442I247907,1,9,0,3,0,0,0,0,0,0,1,1,6,2,65,9,1242,1,16,2,1
201442I247907,2,9,0,3,0,0,0,0,0,0,2,1,6,2,55,8,998,1,3,5,1
201442I248107,1,9,0,18,0,0,0,0,0,0,1,1,6,1,-1,-1,1995,2,1,-1,-1
201442I248107,2,19,0,4,0,0,0,0,0,0,2,1,6,1,32,6,2148,2,7,8,2
201442I248207,1,9,0,5,0,6,0,0,0,0,3,1,6,1,51,8,1597,1,6,4,1
201442I248207,2,3,0,5,0,5,1,0,0,0,3,1,1,1,26,6,176,1,14,4,1
201442I248307,1,3,0,17,0,4,1,11,0,0,0,1,1,1,42,7,125,1,3,3,1
201442I248407,1,9,0,18,0,1,0,0,0,0,3,1,6,1,45,7,3596,1,10,6,1
201442I248407,2,9,0,2,0,2,0,0,0,0,3,1,6,2,34,6,2401,2,9,5,2
201442I248507,1,9,0,16,0,0,0,0,0,0,0,1,6,3,-1,-1,-1,-1,-1,-1,-1
201442I248907,1,9,0,4,0,1,0,0,0,0,0,1,6,2,-1,-1,1596,1,9,-1,-1
201442I248907,2,4,0,18,0,1,1,10,0,0,0,1,6,1,36,7,124,1,6,4,1
201442I249007,1,9,0,9,0,8,0,0,0,0,3,1,6,1,64,9,1968,2,1,-1,-1
201442I249007,2,1,0,13,0,8,0,0,0,0,4,1,6,1,-1,-1,-1,-1,-1,7,3
201442I249107,1,9,0,18,0,1,0,0,0,0,1,1,6,1,-1,-1,-1,-1,-1,-1,-1
201442I249107,2,9,0,3,0,1,0,0,0,0,0,1,6,2,54,8,1895,1,12,4,1
201442I249207,1,1,0,18,0,0,0,0,0,0,1,1,6,2,-1,-1,-1,-1,-1,-1,-1
201442I249207,2,9,0,3,0,0,0,0,0,0,2,1,6,2,36,7,1600,2,2,-1,3
201442I249307,1,9,0,7,0,3,0,0,0,0,1,1,6,2,-1,-1,1997,2,10,-1,-1
201442I249307,2,1,0,7,0,3,0,0,0,0,2,1,6,1,43,7,-1,-1,-1,6,3
201442I249606,1,9,0,18,0,4,0,0,0,0,3,1,6,1,-1,-1,2688,2,12,-1,-1
201442I249606,2,9,0,18,0,4,0,0,0,0,4,1,6,1,68,10,1997,2,7,-1,2
201442I250007,1,9,0,18,0,0,0,0,0,0,0,1,6,1,-1,-1,1198,1,11,-1,-1
201442I250007,2,3,0,18,0,0,0,0,0,0,2,1,6,1,19,4,124,1,8,9,2
201442I250107,1,1,0,18,0,1,0,0,0,0,1,1,6,1,-1,-1,-1,-1,-1,-1,-1
201442I250107,2,19,0,18,0,1,0,0,0,0,2,1,1,1,64,9,2198,2,5,10,1
201442I250306,1,9,0,11,0,0,1,0,0,0,4,1,6,2,63,9,1364,1,6,10,2
201442I250306,2,21,1,18,0,0,3,0,0,0,1,2,1,1,52,8,-1,-1,-1,-1,-1
201442I250407,1,9,0,4,0,4,0,0,1,0,2,1,2,1,44,7,1598,1,12,6,1
201442I250407,2,20,1,5,0,4,0,0,0,0,1,1,1,1,47,8,-1,-1,-1,5,1
201442I250507,1,9,0,18,0,0,0,0,0,0,1,1,6,1,32,6,-1,-1,-1,5,1
201442I250507,2,9,0,18,0,0,0,0,2,7,2,1,6,2,32,6,1360,1,3,-1,-1
201442I250707,1,9,0,7,0,1,0,0,0,0,4,1,6,1,-1,-1,1587,1,13,2,1
201442I250707,2,9,0,4,0,1,0,0,0,0,1,1,6,2,-1,-1,1598,1,7,5,1
201442I250807,1,19,0,18,0,2,0,0,0,0,4,1,1,1,30,6,4250,2,13,5,1
201442I250807,2,1,0,18,0,2,0,0,0,0,0,1,6,2,32,6,-1,-1,-1,6,1
201442I250907,1,9,0,9,0,3,1,0,1,10,1,1,6,2,18,4,1598,1,16,2,1
201442I250907,2,9,0,18,0,4,0,0,0,0,0,1,1,1,48,8,2993,2,2,-1,-1
201442I251107,1,5,0,16,0,8,0,0,1,10,4,1,6,1,42,7,1584,1,7,-1,1
201442I251207,1,9,4,2,0,0,0,0,0,0,4,1,6,1,66,10,1900,2,7,7,2
201442I251308,1,9,0,9,0,1,0,0,0,0,1,1,6,1,87,11,998,1,2,10,3
201442I251308,2,9,0,17,0,1,0,0,0,0,1,1,6,2,44,7,1598,1,11,10,3
201442I251408,1,9,0,18,0,1,0,0,0,0,4,1,6,2,39,7,-1,-1,-1,6,3
201442I251408,2,9,0,5,0,1,0,0,0,0,1,1,6,1,88,11,1388,1,6,10,1
201442I251508,1,90,0,16,0,0,5,0,1,0,0,1,6,1,24,5,6000,1,53,5,3
201442I251508,2,9,0,16,0,0,0,0,0,0,0,1,6,1,69,10,2143,2,1,6,3
201442I251608,1,9,0,18,0,0,0,0,0,0,1,1,6,2,19,4,1242,1,5,8,3
201442I251708,1,9,0,1,0,0,0,4,0,11,1,1,6,1,81,11,2660,2,17,5,2
201442I251708,2,9,0,2,0,0,0,0,0,0,0,1,6,1,64,9,-1,-1,-1,5,2
201442I251708,3,9,0,2,0,0,0,0,0,0,0,1,6,1,41,7,1998,1,7,5,2
201442I251708,4,9,0,2,0,0,0,0,0,0,0,1,6,2,57,9,1461,2,3,5,2
201442I251808,1,9,0,9,0,8,0,0,0,0,1,1,6,2,45,7,1995,2,1,5,1
201442I251808,2,5,0,14,0,1,0,0,0,0,2,1,6,1,53,8,998,1,15,-1,-1
201442I251908,1,3,0,18,0,0,0,0,0,0,1,1,2,1,50,8,125,1,2,9,2
201442I251908,2,9,0,4,0,0,0,0,0,0,2,1,2,2,34,6,998,1,6,-1,1
201442I252008,1,9,0,9,0,1,0,0,1,9,1,1,6,2,45,7,1598,1,9,-1,-1
201442I252008,2,9,0,18,0,1,0,0,0,0,1,1,6,2,48,8,1598,2,1,9,1
201442I252108,1,9,0,9,0,6,0,0,0,0,4,1,6,2,29,6,2496,1,11,2,1
201442I252108,2,9,0,18,0,1,0,0,0,0,1,1,6,1,24,5,2000,2,9,3,1
201442I252208,1,9,0,4,0,0,0,0,7,0,1,1,1,1,45,7,1560,2,2,-1,-1
201442I252208,2,1,0,18,0,0,0,0,1,0,1,1,6,1,17,4,-1,-1,-1,2,1
201442I252308,1,9,0,9,0,8,0,0,0,0,1,1,6,2,52,8,1388,1,5,6,1