Accident_Index,Vehicle_Reference,Vehicle_Type,Towing_and_Articulation,Vehicle_Manoeuvre,Vehicle_Location-Restricted_Lane,Junction_Location,Skidding_and_Overturning,Hit_Object_in_Carriageway,Vehicle_Leaving_Carriageway,Hit_Object_off_Carriageway,1st_Point_of_Impact,Was_Vehicle_Left_Hand_Drive?,Journey_Purpose_of_Driver,Sex_of_Driver,Age_of_Driver,Age_Band_of_Driver,Engine_Capacity_(CC),Propulsion_Code,Age_of_Vehicle,Driver_IMD_Decile,Driver_Home_Area_Type
201442I252308,2,9,0,5,0,8,0,0,0,0,1,1,6,2,19,4,1149,1,13,8,1
201442I252408,1,9,0,16,0,8,1,0,0,0,1,1,6,2,57,9,998,1,12,5,1
201442I252408,2,20,0,17,0,8,0,0,0,0,3,1,1,1,58,9,5880,2,12,7,1
201442I252508,1,9,0,5,0,0,0,0,0,0,1,1,6,1,24,5,998,1,3,3,1
201442I252608,1,4,0,18,0,1,1,0,1,4,4,1,6,1,27,6,124,1,6,9,1
201442I252707,1,2,0,7,0,5,0,0,0,0,1,1,6,1,-1,-1,49,1,9,-1,-1
201442I252707,2,1,0,3,0,1,0,0,0,0,1,1,6,1,20,4,-1,-1,-1,2,1
201442I252808,1,9,0,4,0,1,0,0,0,0,1,1,1,2,42,7,1598,1,13,1,1
201442I252808,2,19,0,4,0,1,0,0,0,0,2,1,1,1,48,8,2143,2,1,9,2
201442I252907,1,9,0,18,0,1,0,0,0,0,4,1,6,1,68,10,1242,1,2,9,1
201442I253007,1,9,0,18,0,0,0,0,0,0,0,1,6,1,-1,-1,-1,-1,-1,-1,-1
201442I253007,2,9,0,18,0,0,0,0,0,0,0,1,6,1,-1,-1,-1,-1,-1,-1,-1
201442I253108,1,9,0,12,0,0,1,0,0,6,1,1,6,1,-1,-1,1997,2,11,4,1
201442I253108,2,9,0,18,0,0,1,0,1,4,1,1,6,2,26,6,1834,1,11,5,3
201442I253207,1,9,0,18,0,1,0,0,0,0,2,1,6,1,29,6,-1,-1,-1,3,3
201442I253207,2,1,0,18,0,1,0,0,0,0,1,1,6,1,29,6,-1,-1,-1,3,3
201442I253307,1,9,0,18,0,0,0,0,1,0,1,1,6,2,60,9,1248,1,4,-1,2
201442I253507,1,9,0,4,0,2,0,0,0,0,1,1,2,2,25,5,1242,1,1,-1,1
201442I253507,2,9,0,4,0,2,0,0,0,0,2,1,6,2,43,7,1998,2,9,5,1
201442I253507,3,19,0,4,0,2,0,0,0,0,2,1,6,1,35,6,2198,2,4,8,1
201442I253607,1,19,0,18,0,0,0,0,0,0,1,1,1,1,44,7,2143,2,2,10,1
201442I253607,2,9,0,10,0,0,0,0,0,0,2,1,6,2,45,7,1587,1,9,5,1
201442I253707,1,9,0,18,0,0,0,0,0,0,3,1,6,1,26,6,1895,1,15,-1,1
201442I253707,2,9,0,2,0,0,0,0,0,0,0,1,6,2,32,6,1595,1,7,4,1
201442I253707,3,9,0,2,0,0,0,0,0,0,4,1,6,1,29,6,1588,1,15,8,1
201442I253807,1,9,0,5,0,6,0,0,0,0,1,1,6,1,-1,-1,2183,2,3,10,1
201442I253807,2,1,0,18,0,1,0,0,0,0,4,1,6,1,47,8,-1,-1,-1,5,1
201442I253907,1,9,0,7,0,0,0,0,0,0,1,1,6,2,56,9,3456,8,4,5,1
201442I254007,1,3,0,13,0,1,1,0,0,0,1,1,6,1,26,6,124,1,2,1,1
201442I254007,2,9,0,9,0,1,0,0,0,0,3,1,6,1,34,6,2993,2,5,5,1
201442I254107,1,9,0,18,0,0,0,0,1,11,1,1,6,2,59,9,1587,1,9,7,2
201442I254207,1,19,0,18,0,0,0,0,0,0,1,1,2,1,28,6,1248,2,8,8,1
201442I254207,2,9,0,4,0,0,0,0,0,0,2,1,2,1,22,5,1248,2,1,10,1
201442I254207,3,9,0,4,0,0,0,0,0,0,2,1,2,2,45,7,1598,2,1,10,1
201442I254207,4,19,0,18,0,0,0,0,0,0,1,1,2,1,32,6,1686,2,10,6,2
201442I254308,1,9,0,18,0,0,0,0,0,0,1,1,2,2,20,4,1242,1,2,9,1
201442I254308,2,9,0,18,0,0,0,0,0,0,2,1,2,1,32,6,2000,1,20,8,1
201442I254407,1,9,0,9,0,1,0,0,0,0,0,1,6,2,51,8,1596,1,10,7,2
201442I254407,2,9,0,4,0,1,0,0,0,0,2,1,6,2,58,9,1149,1,1,7,1
201442I254407,3,9,0,4,0,1,0,0,0,0,1,1,3,1,48,8,1997,2,1,5,1
201442I254407,4,9,0,18,0,1,1,0,0,0,2,1,6,2,31,6,1596,1,6,4,1
201442I254507,1,1,0,18,0,0,0,0,1,2,1,1,6,2,19,4,-1,-1,-1,-1,-1
201442I254507,2,9,0,18,0,0,0,0,0,0,0,1,6,3,-1,-1,-1,-1,-1,-1,-1
201442I254607,1,9,0,3,0,3,0,0,0,0,2,1,6,2,-1,-1,1600,1,14,4,1
201442I254607,2,9,0,4,0,3,0,0,0,0,1,1,6,2,22,5,1798,1,9,2,1
201442I254708,1,21,0,18,0,0,0,0,0,0,1,1,1,1,55,8,-1,-1,-1,-1,-1
201442I254708,2,9,0,18,0,0,1,0,1,6,2,1,6,1,77,11,1086,1,7,10,3
201442I254808,1,1,0,14,4,0,1,10,0,0,3,1,2,1,41,7,-1,-1,-1,10,1
201442I254808,2,9,0,2,4,0,0,0,0,0,0,1,6,3,-1,-1,1560,2,4,-1,-1
201442I254908,1,3,0,16,0,0,1,0,7,4,1,1,6,1,21,5,124,1,-1,9,1
201442I255008,1,9,0,18,0,1,0,0,0,0,1,1,6,2,23,5,1360,1,12,6,1
201442I255008,2,9,0,18,0,1,0,0,0,0,4,1,1,1,44,7,-1,-1,-1,7,1
201442I255108,1,9,0,18,0,0,1,0,1,4,3,1,1,1,53,8,2295,1,13,3,1
201442I255108,2,17,0,18,0,0,0,0,0,0,3,1,1,1,33,6,-1,2,6,7,3
201442I255208,1,20,0,18,0,0,1,0,0,0,1,1,1,1,43,7,-1,-1,-1,2,1
201442I255208,2,20,0,2,0,0,0,0,0,0,2,1,2,1,33,6,2402,2,12,2,1
201442I255308,1,9,0,11,0,0,0,0,0,0,3,1,6,1,31,6,1995,2,3,7,1
201442I255308,2,1,0,18,0,0,0,0,0,0,2,1,6,1,39,7,-1,-1,-1,8,1
201442I255308,3,21,1,18,0,0,0,0,0,0,4,1,6,1,51,8,9290,2,2,-1,-1
201442I255308,4,9,0,18,0,0,0,0,0,0,1,1,6,1,25,5,1242,1,15,10,1
201442I255507,1,9,0,5,0,1,0,0,0,0,1,1,6,2,-1,-1,1870,2,10,6,2
201442I255707,1,19,0,4,0,1,0,0,0,0,4,1,6,1,25,5,2287,2,2,3,1
201442I255807,1,9,0,18,0,0,0,0,0,0,1,1,6,2,-1,-1,2157,1,17,8,1
201442I255807,2,9,0,18,0,0,0,0,0,0,2,1,6,2,29,6,1598,1,8,7,2
201442I255807,3,9,0,18,0,0,0,0,0,0,2,1,6,1,-1,-1,-1,-1,-1,-1,-1
201442I255907,1,11,0,5,0,0,0,0,0,0,2,1,6,1,-1,-1,-1,-1,-1,-1,-1
201442I256207,1,2,0,7,0,5,1,0,0,0,1,1,6,1,34,6,49,1,3,7,1
201442I256208,1,9,0,11,0,0,0,0,0,0,0,1,6,3,-1,-1,-1,-1,-1,-1,-1
201442I256208,2,9,0,18,0,0,0,0,0,0,2,1,6,2,44,7,1598,1,-1,2,1
201442I256208,3,9,0,18,0,0,0,0,0,0,1,1,6,1,51,8,1198,1,5,4,1
201442I256208,4,9,0,18,0,0,0,0,0,0,1,1,6,1,25,5,2987,2,4,4,1
201442I256308,1,19,0,17,0,1,0,0,0,0,1,1,1,1,36,7,1998,2,9,-1,2
201442I256308,2,19,0,18,0,1,0,0,0,0,4,1,1,1,60,9,-1,-1,-1,-1,2
201442I256408,1,9,0,10,0,1,0,0,0,0,1,1,6,1,83,11,1388,1,9,8,1
201442I256408,2,1,0,18,0,1,0,0,0,0,1,1,6,1,45,7,-1,-1,-1,6,1
201442I256608,1,9,0,1,0,0,0,0,0,0,0,1,1,1,-1,-1,-1,-1,-1,-1,-1
201442I256608,2,1,0,18,0,0,0,0,0,0,0,1,1,1,18,4,-1,-1,-1,5,2
201442I256708,1,9,0,18,0,0,1,0,0,7,1,1,1,2,22,5,1299,1,12,6,2
201442I256808,1,9,0,17,0,0,0,0,7,4,4,1,1,1,20,4,1781,1,12,7,2
201442I256908,1,9,0,5,0,1,0,0,0,0,1,1,2,1,29,6,1598,1,1,9,1
201442I256908,2,5,0,18,0,1,0,0,0,0,1,1,6,1,46,8,644,1,11,2,1
201442I257007,1,17,4,18,0,0,0,0,0,0,2,1,2,1,-1,-1,-1,-1,-1,-1,-1
201442I257007,2,1,0,18,0,0,1,0,0,0,1,1,6,1,42,7,-1,-1,-1,9,1
201442I257108,1,9,0,3,0,1,0,0,0,0,3,1,6,1,44,7,4163,1,8,10,2
201442I257108,2,9,0,18,0,1,0,0,0,0,1,1,6,2,47,8,1998,1,11,2,1
201442I257207,1,9,0,4,0,1,0,0,0,0,1,1,6,2,-1,-1,1229,1,6,-1,-1
201442I257207,2,9,0,3,0,1,0,0,0,0,2,1,6,1,49,8,1461,2,5,3,1
201442I257308,1,19,0,18,0,0,0,0,0,0,1,1,2,1,47,8,2198,2,2,8,2
201442I257508,1,9,0,18,0,0,0,0,0,0,0,1,6,3,-1,-1,-1,-1,-1,-1,-1
201442I257608,1,9,0,18,0,1,0,0,0,0,1,1,6,1,21,5,1596,1,13,5,1
201442I257608,2,9,0,3,0,1,0,0,0,0,2,1,6,2,21,5,1560,2,2,2,1
201442I257608,3,9,0,10,0,5,0,0,0,0,2,1,6,2,46,8,1596,1,9,4,1
201442I257708,1,3,0,18,0,1,0,0,0,0,1,1,6,2,19,4,124,1,4,7,1
201442I257708,2,9,0,4,0,1,0,0,0,0,2,2,6,1,23,5,-1,-1,-1,10,1
201442I257808,1,9,0,18,0,1,0,0,0,0,1,1,6,1,77,11,1596,1,9,5,1
201442I257808,2,9,0,3,0,1,0,0,0,0,2,1,6,2,54,8,2987,2,3,8,1
201442I257908,1,2,0,18,0,1,1,0,0,0,1,1,6,1,16,4,1050,1,6,-1,-1
201442I258008,1,9,0,18,0,0,0,0,0,0,1,1,6,1,41,7,1749,1,12,-1,1
201442I258008,2,9,0,18,0,0,0,0,0,0,2,1,6,1,36,7,1968,2,8,10,1
201442I258108,1,9,0,18,0,0,0,0,0,0,1,1,6,3,-1,-1,-1,-1,-1,-1,-1
201442I258108,2,1,0,18,0,0,0,0,0,0,2,1,2,2,25,5,-1,-1,-1,2,1
201442I258208,1,9,0,18,0,6,0,0,0,0,1,1,6,1,-1,-1,-1,-1,-1,-1,-1
201442I258208,2,3,0,18,0,8,0,0,0,0,2,1,6,1,31,6,125,1,13,5,3
201442I258307,1,9,0,18,0,2,0,0,0,0,3,1,6,1,-1,-1,-1,-1,-1,-1,-1
201442I258307,2,9,0,18,0,2,0,0,1,0,4,1,1,1,35,6,1124,1,13,5,1
201442I258408,1,9,0,18,0,0,0,0,0,0,1,1,2,2,60,9,1598,1,10,5,3
201442I258408,2,9,0,4,0,0,0,0,0,0,2,1,2,1,46,8,1461,2,8,2,1
201442I258408,3,9,0,3,0,0,0,0,0,0,2,1,2,2,30,6,999,1,1,8,1
201442I258508,1,9,0,18,0,8,0,0,0,0,1,1,1,1,28,6,1242,1,13,3,1
201442I258508,2,9,0,9,0,8,0,0,0,0,1,1,1,1,21,5,1598,1,4,-1,-1
201442I258607,1,9,0,8,0,1,0,0,0,0,1,1,6,1,20,4,998,1,-1,7,1
201442I258607,2,9,0,8,0,1,0,0,0,0,2,1,6,1,29,6,1597,1,14,8,1
201442I258707,1,9,0,5,0,4,0,0,0,0,1,1,1,1,34,6,-1,3,-1,5,1
201442I258707,2,1,0,18,0,8,0,0,0,0,2,1,6,2,-1,-1,-1,-1,-1,-1,-1
201442I258807,1,9,0,18,0,4,0,0,0,0,1,1,6,1,-1,-1,1364,1,5,-1,-1
201442I258807,2,1,0,18,0,4,0,0,0,0,1,1,2,2,30,6,-1,-1,-1,3,1
201442I258907,1,9,0,18,0,8,0,0,0,0,4,1,6,1,71,10,-1,-1,-1,9,1
201442I258907,2,1,0,18,0,8,0,0,0,0,0,1,6,1,71,10,-1,-1,-1,9,1
201442I259008,1,9,0,1,0,1,0,0,0,0,1,1,6,1,-1,-1,1149,1,7,8,3
201442I259008,2,9,0,18,0,1,0,0,0,0,1,1,6,2,27,6,1299,1,12,8,1
201442I259008,3,9,0,2,0,2,0,0,0,0,4,1,6,1,-1,-1,1753,2,15,4,1
201442I259206,1,9,0,8,0,0,0,0,0,0,2,1,1,2,33,6,1999,1,6,5,1
201442I259206,2,1,0,18,0,0,0,0,0,0,1,1,1,2,40,7,-1,-1,-1,2,1
201442I259307,1,9,0,4,0,0,0,0,0,0,1,1,6,1,36,7,2179,2,3,10,1
201442I259307,2,9,0,3,0,0,0,0,0,0,2,1,6,1,58,9,1560,2,5,5,1
201442I259307,3,9,0,3,0,0,0,0,0,0,2,1,6,2,56,9,1970,1,17,8,2
201442I259407,1,9,0,18,0,2,0,0,0,0,3,1,6,2,25,5,1397,1,13,3,1
201442I259407,2,9,0,18,0,2,0,0,0,0,0,1,6,2,28,6,1149,1,12,3,1
201442I259508,1,9,0,9,0,8,0,0,0,0,1,1,6,1,33,6,2429,1,9,3,1
201442I259508,2,4,0,18,0,8,0,0,7,0,3,1,6,1,33,6,234,1,16,3,1
201442I259608,1,1,0,9,0,8,0,0,1,0,1,1,6,1,20,4,-1,-1,-1,6,2
201442I259608,2,9,0,18,0,1,1,0,0,0,4,1,6,1,48,8,1968,2,8,9,3
201442I259708,1,10,0,10,0,1,0,0,0,0,1,1,6,1,60,9,-1,-1,-1,10,1
201442I259708,2,9,0,18,0,1,0,0,0,0,4,1,6,2,24,5,1299,1,9,9,1
201442I259808,1,9,0,4,0,3,1,7,1,2,1,1,6,1,20,4,1242,1,12,2,1
201442I259908,1,9,0,17,0,1,1,0,0,0,2,1,6,1,26,6,1596,1,13,8,1
201442I259908,2,9,0,18,0,1,0,0,0,0,1,1,6,1,74,10,1398,2,6,4,1
201442I260008,1,9,0,18,0,0,1,0,0,0,1,1,6,1,41,7,6208,1,6,7,1
201442I260008,2,9,0,18,0,0,0,0,0,0,0,1,6,1,21,5,-1,-1,-1,10,1
201442I260008,3,4,0,18,0,0,0,0,0,0,2,1,6,1,53,8,1284,1,6,4,1
201442I260108,1,9,0,9,0,1,0,0,0,0,1,1,6,2,90,11,1242,1,17,8,1
201442I260205,1,9,0,18,0,0,0,0,0,0,1,1,6,2,52,8,2148,2,8,4,1
201442I260205,2,9,0,18,0,0,0,0,0,0,2,1,6,1,64,9,-1,-1,-1,5,3
201442I260307,1,9,0,1,0,1,0,0,0,0,2,1,6,2,24,5,1397,1,7,8,1
201442I260508,1,21,1,18,0,0,0,0,0,0,1,2,1,1,36,7,-1,-1,-1,-1,-1
201442I260508,2,9,0,18,0,0,0,0,0,0,1,1,2,1,50,8,1988,1,14,8,2
201442I260608,1,9,0,17,0,0,0,0,0,0,4,1,6,3,-1,-1,-1,-1,-1,-1,-1
201442I260608,2,2,0,17,0,0,1,0,0,0,3,1,6,1,20,4,-1,-1,-1,5,1
201442I260708,1,9,0,9,0,8,0,0,0,0,1,1,6,1,31,6,1242,1,7,10,1
201442I260708,2,9,0,18,0,8,0,0,0,0,3,1,6,2,22,5,1242,1,14,8,1
201442I260808,1,1,0,18,0,8,1,0,0,0,3,1,2,1,39,7,-1,-1,-1,-1,-1
201442I260808,2,19,0,18,0,8,0,0,0,0,1,1,6,1,46,8,1870,2,7,4,1
201442I260908,1,9,0,18,0,0,0,0,0,0,1,1,2,1,42,7,1910,2,6,3,1
201442I260908,2,9,0,9,0,0,0,0,0,0,2,1,6,1,84,11,1598,1,8,6,3
201442I260908,3,9,0,4,0,0,0,0,0,0,1,1,6,1,28,6,1360,1,6,3,1
201442I260908,4,19,0,18,0,0,0,0,0,0,0,1,1,1,-1,-1,-1,-1,-1,-1,-1
201442I261008,1,19,0,5,0,6,0,0,0,0,0,1,6,3,-1,-1,-1,-1,-1,-1,-1
201442I261008,2,9,0,18,0,1,0,0,0,0,3,1,6,1,66,10,1798,1,8,5,1
201442I261008,3,9,0,18,0,1,0,0,1,4,4,1,6,2,37,7,1753,2,8,5,1
201442I261107,1,17,4,18,0,0,0,0,0,0,4,1,1,1,-1,-1,-1,-1,-1,8,3
201442I261107,2,1,0,18,0,0,0,0,0,0,0,1,6,1,59,9,-1,-1,-1,10,2
201442I261208,1,9,0,17,0,8,0,0,0,0,1,1,6,1,28,6,2720,2,9,7,2
201442I261208,2,9,0,17,0,8,0,0,0,0,2,1,6,2,48,8,1396,1,15,9,1
201442I261308,1,9,0,10,0,8,0,0,0,0,1,1,6,2,32,6,1995,1,5,7,3
201442I261308,2,9,0,18,0,8,0,0,0,0,1,1,6,1,61,9,1124,1,12,5,1
201442I261408,1,9,0,18,0,0,0,0,1,0,3,1,6,1,19,4,998,1,12,3,1
201442I261408,2,19,0,18,0,0,0,0,0,0,4,1,6,1,42,7,2198,2,1,7,2
201442I261508,1,3,0,18,0,1,1,0,0,0,1,1,6,1,18,4,100,1,15,1,1
201442I261508,2,9,0,3,0,1,0,0,0,0,2,1,6,2,25,5,2143,2,2,9,3
201442I261605,1,9,0,18,0,8,0,0,0,0,3,1,6,1,44,7,5439,1,12,3,1
201442I261605,2,9,0,7,0,3,0,0,0,0,4,1,6,2,21,5,1995,2,4,6,1
201442I261707,1,11,0,5,8,0,0,0,0,0,0,1,1,1,32,6,-1,-1,-1,4,1
201442I261807,1,9,0,9,0,1,0,0,0,0,1,1,6,2,29,6,1596,1,14,4,2
201442I261807,2,9,0,18,0,1,0,0,1,3,3,1,6,2,38,7,1388,1,6,7,2
201442I261908,1,9,0,4,0,0,0,0,0,0,1,1,6,2,29,6,1299,1,17,2,1
201442I261908,2,9,0,4,0,0,0,0,0,0,2,1,6,2,22,5,1242,1,13,5,1
201442I261908,3,9,0,3,0,0,0,0,0,0,2,1,6,2,62,9,1240,1,4,6,1
201442I261908,4,9,0,3,0,0,0,0,0,0,2,1,6,2,44,7,2171,1,13,8,1
201442I262007,1,19,0,18,0,4,0,0,0,0,3,1,6,1,-1,-1,1598,2,6,-1,-1
201442I262007,2,9,0,18,0,8,0,0,0,0,4,1,6,1,17,4,1242,1,13,2,1
201442I262108,1,21,0,18,0,2,0,0,0,0,0,1,1,1,43,7,6370,2,12,2,1
201442I262108,2,9,0,18,0,2,0,0,0,0,1,1,6,1,26,6,1598,2,1,4,1
201442I262108,3,3,0,18,0,2,0,11,0,0,1,1,6,1,18,4,124,1,14,1,1
201442I262208,1,9,0,16,0,0,1,0,1,11,1,1,6,1,20,4,-1,-1,-1,3,1
201442I262308,1,3,0,18,0,1,1,10,0,0,4,1,6,1,22,5,124,1,18,-1,1
201442I262408,1,9,0,18,0,2,0,0,0,0,1,1,6,1,23,5,998,1,6,-1,-1
201442I262408,2,9,0,18,0,2,0,0,0,0,2,1,6,1,33,6,1598,1,9,2,1
201442I262607,1,9,0,9,0,6,0,0,0,0,3,1,6,1,78,11,1360,1,8,7,1
201442I262607,2,5,0,18,0,8,0,0,0,0,1,1,6,1,23,5,779,1,1,7,1
201442I262708,1,9,0,18,0,0,0,0,0,0,1,1,6,2,60,9,-1,-1,-1,2,1
201442I262808,1,9,0,5,0,4,0,0,0,0,1,1,6,2,61,9,1390,1,5,9,2
201442I262808,2,4,0,18,0,8,0,0,0,0,4,1,6,2,32,6,499,1,20,7,1
201442I262908,1,9,0,18,0,4,0,0,3,0,0,1,6,2,74,10,1591,1,1,8,1
201442I263008,1,9,0,5,0,8,0,0,1,0,1,1,6,3,-1,-1,-1,-1,-1,-1,-1
201442I263108,1,9,0,3,0,0,0,0,0,0,2,1,6,1,32,6,1968,2,7,5,1
201442I263108,2,1,0,4,0,0,0,0,0,0,1,1,6,1,35,6,-1,-1,-1,2,1
201442I263208,1,9,0,18,0,0,1,0,0,2,4,1,6,1,57,9,2997,1,16,6,1
201442I263208,2,1,0,18,4,0,0,0,0,0,2,1,6,1,24,5,-1,-1,-1,5,1
201442I263308,1,9,0,4,0,0,0,0,0,0,1,1,6,1,31,6,1910,2,8,7,1
201442I263308,2,9,0,4,0,0,0,0,0,0,2,1,6,1,25,5,1242,1,8,6,1
201442I263308,3,9,0,4,0,0,0,0,0,0,2,1,6,1,25,5,1596,1,-1,6,1
201442I263408,1,9,0,9,0,6,0,0,0,0,1,1,6,2,41,7,1598,1,12,9,1
201442I263408,2,11,0,18,0,8,0,0,0,0,4,1,1,1,45,7,-1,2,12,2,1
201442I263508,1,9,0,17,0,1,0,0,0,0,1,1,6,1,-1,-1,1995,2,4,-1,-1
201442I263508,2,1,0,18,0,1,0,0,0,0,1,1,6,1,49,8,-1,-1,-1,5,1
201442I263608,1,9,0,18,0,8,0,0,0,0,1,1,6,2,32,6,3498,1,8,6,2
201442I263608,2,9,0,6,0,8,0,0,0,0,1,1,6,2,45,7,1896,2,11,7,1
201442I263708,1,21,1,12,0,0,0,0,0,0,3,2,1,1,32,6,-1,-1,-1,-1,-1
201442I263708,2,9,0,18,0,0,1,0,0,0,4,1,6,1,25,5,1796,1,7,8,1
201442I263708,3,9,0,18,0,0,2,0,0,0,4,1,6,1,59,9,1560,2,1,6,1
201442I263808,1,9,0,4,0,6,0,0,0,0,4,1,2,1,29,6,1783,1,13,5,1
201442I263808,2,1,0,18,0,8,0,0,0,0,0,1,6,1,16,4,-1,-1,-1,10,1
201442I263908,1,9,0,18,0,0,0,0,0,0,1,1,6,1,24,5,1197,1,-1,5,1
201442I263908,2,9,0,4,0,0,0,0,0,0,2,1,6,1,24,5,1598,2,4,5,1
201442I263908,3,9,0,4,0,0,0,0,0,0,2,1,6,1,-1,-1,-1,-1,-1,-1,-1
201442I264007,1,9,0,18,0,0,0,0,0,0,1,1,6,1,27,6,1598,2,-1,4,1
201442I264007,2,9,0,18,0,0,0,0,0,0,2,1,6,1,62,9,1086,1,6,3,1
201442I264007,3,9,0,18,0,0,0,0,0,0,2,1,6,1,18,4,-1,-1,-1,5,1
201442I264108,1,9,0,9,0,6,0,0,0,0,4,1,6,1,84,11,1998,2,11,8,1
201442I264108,2,4,0,18,0,1,0,0,1,0,1,1,6,1,49,8,916,1,15,3,3
201442I264208,1,9,0,18,0,0,0,0,1,3,4,1,6,1,73,10,1956,2,2,3,1
201442I264308,1,21,1,17,0,8,2,0,0,1,4,1,1,1,37,7,-1,-1,-1,3,1
201442I264408,1,19,0,18,0,0,5,0,0,0,4,1,1,1,39,7,2300,2,10,2,1
201442I264508,1,9,0,18,0,0,0,0,0,0,1,1,6,2,36,7,1598,1,14,6,3
201442I264508,2,9,0,3,0,0,0,0,0,0,2,1,6,1,55,8,1783,1,10,1,1
201442I264608,1,9,0,2,0,0,0,0,0,0,1,1,6,1,-1,-1,1597,1,17,-1,-1
201442I264608,2,1,0,18,0,0,0,0,0,0,1,1,6,2,21,5,-1,-1,-1,6,1
201442I264708,1,9,0,18,0,8,0,0,0,0,1,1,6,1,44,7,1796,1,15,10,2
201442I264708,2,9,0,18,0,8,0,0,0,0,2,1,6,1,57,9,1560,2,3,3,1
201442I264808,1,9,0,9,0,8,0,0,0,0,3,1,6,1,79,11,2496,1,10,7,1
201442I264808,2,19,0,9,0,8,0,0,0,0,1,1,1,1,62,9,2402,2,9,5,1
201442I264808,3,9,0,8,0,4,0,0,0,0,1,1,6,1,41,7,1968,2,-1,4,3
201442I264908,1,9,0,18,0,0,0,0,0,0,2,1,6,1,-1,-1,-1,-1,-1,-1,-1
201442I264908,2,9,0,3,0,0,0,0,0,0,2,1,6,2,24,5,-1,-1,-1,1,1
201442I264908,3,9,0,3,0,0,0,0,0,0,1,1,6,3,-1,-1,-1,-1,-1,-1,-1
201442I265108,1,9,0,11,0,0,0,0,0,0,2,1,6,2,-1,-1,1997,2,11,-1,-1
201442I265108,2,9,0,18,0,0,0,0,0,0,1,1,6,2,32,6,1360,1,14,4,1
201442I265208,1,21,1,15,0,1,0,0,0,0,1,1,1,1,31,6,12777,2,7,6,1
201442I265208,2,9,0,9,0,5,0,0,7,0,2,1,1,1,53,8,1560,2,1,4,1
201442I265508,1,9,0,18,0,0,0,0,1,10,4,1,6,1,-1,-1,2179,2,2,-1,-1
201442I265608,1,9,0,4,0,1,0,0,0,0,0,1,6,2,53,8,1388,1,8,2,1
201442I265608,2,21,2,18,0,1,0,0,0,0,1,2,1,1,41,7,-1,-1,-1,-1,-1
201442I265707,1,1,0,18,0,8,0,0,0,0,1,1,6,1,40,7,-1,-1,-1,5,1
201442I265707,2,9,0,7,0,8,0,0,0,0,1,1,6,1,35,6,1798,1,10,3,1
201442I265807,1,9,0,2,0,0,0,0,0,0,2,1,6,1,30,6,998,1,15,-1,1
201442I265807,2,9,0,3,0,0,0,4,0,0,1,1,6,2,36,7,1997,2,1,3,1
201442I265908,1,9,0,18,0,0,0,0,0,0,1,1,6,2,54,8,1896,2,6,6,1
201442I265908,2,9,0,18,0,0,0,0,0,0,3,1,6,1,79,11,3246,1,12,8,2
201442I265908,3,19,0,18,0,0,0,0,0,0,3,1,1,2,52,8,1560,2,2,8,1
201442I266008,1,19,0,18,0,0,0,0,7,1,1,1,1,1,29,6,1968,2,2,7,3
201442I266008,2,9,0,18,0,0,0,0,1,0,1,1,2,1,62,9,1998,2,9,6,1
201442I266208,1,9,0,13,0,0,0,0,0,0,1,1,6,1,62,9,1339,1,10,6,1
201442I266208,2,90,0,6,0,0,5,0,0,0,3,1,1,1,47,8,2330,2,-1,4,1
201442I266308,1,9,0,18,0,0,2,0,1,0,1,1,6,2,22,5,1796,1,11,4,1
201442I266408,1,9,0,18,0,1,0,0,0,0,1,1,6,1,23,5,1242,1,14,4,1
201442I266408,2,9,0,10,0,1,0,0,0,0,2,1,6,2,57,9,1596,1,2,7,1
201442I266504,1,9,0,4,0,0,2,0,3,9,1,1,1,1,-1,-1,1560,2,-1,1,1
201442I266608,1,9,0,18,0,1,0,0,0,0,1,1,6,3,-1,-1,1796,1,11,-1,-1
201442I266608,2,9,0,2,0,1,0,0,0,0,2,1,6,1,-1,-1,-1,-1,-1,-1,-1
201442I266708,1,9,0,13,0,8,0,0,3,1,1,1,1,1,38,7,1968,2,1,5,1
201442I266708,2,9,0,18,0,8,0,0,0,0,3,1,6,1,90,11,1995,1,12,4,1
201442I266808,1,9,0,18,0,0,0,0,0,0,1,1,2,1,17,4,1388,1,11,-1,1
201442I266808,2,9,0,4,0,0,0,0,0,0,2,1,6,1,81,11,1560,2,5,-1,-1
201442I266908,1,2,0,4,0,0,1,4,0,0,1,1,6,1,17,4,49,1,6,2,1
201442I266908,2,9,0,2,0,0,0,0,0,0,2,1,6,3,-1,-1,1493,2,10,-1,-1
201442I266908,3,9,0,2,0,0,0,0,0,0,2,1,6,3,-1,-1,1360,1,11,-1,-1
201442I267008,1,21,0,18,0,0,0,0,0,0,4,1,6,1,-1,-1,12777,2,4,-1,-1
201442I267008,2,9,0,18,0,0,1,0,0,0,3,1,6,1,59,9,1461,2,-1,-1,-1
201442I267108,1,9,0,18,0,0,0,0,0,0,1,1,6,2,72,10,1596,1,7,8,1
201442I267108,2,9,0,4,0,0,0,0,0,0,2,1,6,2,43,7,998,1,2,3,1
201442I267207,1,9,0,5,0,6,0,0,0,0,4,1,6,1,59,9,1798,1,7,9,3