Accident_Index,Vehicle_Reference,Vehicle_Type,Towing_and_Articulation,Vehicle_Manoeuvre,Vehicle_Location-Restricted_Lane,Junction_Location,Skidding_and_Overturning,Hit_Object_in_Carriageway,Vehicle_Leaving_Carriageway,Hit_Object_off_Carriageway,1st_Point_of_Impact,Was_Vehicle_Left_Hand_Drive?,Journey_Purpose_of_Driver,Sex_of_Driver,Age_of_Driver,Age_Band_of_Driver,Engine_Capacity_(CC),Propulsion_Code,Age_of_Vehicle,Driver_IMD_Decile,Driver_Home_Area_Type
201442I267207,2,9,0,18,0,8,0,0,0,0,0,1,6,1,49,8,1968,2,6,7,2
201442I267308,1,9,0,9,0,1,0,0,0,0,4,1,6,1,40,7,1999,1,12,2,1
201442I267308,2,4,0,18,2,1,0,0,0,0,1,1,6,1,34,6,599,1,23,8,1
201442I267508,1,9,0,9,0,1,0,0,0,0,1,1,6,1,76,11,2179,2,2,7,1
201442I267508,2,9,0,18,0,1,5,0,0,0,4,1,1,2,22,5,1242,1,1,8,1
201442I267608,1,3,0,9,0,3,1,10,1,1,3,1,6,1,21,5,124,1,11,8,3
201442I267608,2,9,0,12,0,3,0,0,0,0,4,1,6,1,27,6,1997,1,10,7,3
201442I267608,3,9,0,3,0,1,0,0,0,0,3,1,6,2,-1,-1,1461,2,1,8,3
201442I267708,1,9,0,18,0,4,0,0,0,0,0,1,6,1,30,6,1299,1,14,10,1
201442I267708,2,3,0,18,0,8,1,0,0,0,0,1,6,1,44,7,124,1,8,3,1
201442I267808,1,9,0,18,0,8,0,0,0,0,3,1,1,1,65,9,1968,2,7,8,1
201442I267808,2,9,0,9,0,8,0,0,0,0,1,1,6,2,18,4,1299,1,14,7,1
201442I267908,1,9,0,9,0,5,0,0,0,0,1,1,6,1,88,11,973,1,11,8,3
201442I267908,2,9,0,18,0,1,0,0,1,11,3,1,6,1,45,7,1124,1,11,8,3
201442I268008,1,9,0,9,0,1,0,0,0,0,4,1,6,1,77,11,1560,2,6,4,1
201442I268108,1,9,0,4,0,0,0,0,0,0,1,1,6,2,24,5,1598,1,1,9,1
201442I268108,2,9,0,4,0,0,0,0,0,0,2,1,6,1,21,5,1399,2,8,8,1
201442I268208,1,9,0,18,0,4,0,0,0,0,3,1,6,2,37,7,1596,1,11,7,1
201442I268208,2,1,0,18,0,8,0,0,0,0,1,1,6,2,52,8,-1,-1,-1,8,3
201442I268308,1,9,0,1,9,0,0,0,1,11,1,1,6,1,70,10,1597,1,23,-1,-1
201442I268408,1,9,0,4,0,0,0,0,0,0,1,1,6,2,23,5,1242,1,5,4,1
201442I268408,2,9,0,3,0,0,0,0,0,0,2,1,2,1,57,9,2967,2,2,9,1
201442I268508,1,9,0,3,0,0,0,0,0,0,1,1,6,1,63,9,1761,1,18,9,1
201442I268508,2,9,0,4,0,0,0,0,0,0,2,1,6,2,32,6,1995,1,7,6,3
201442I268608,1,19,0,17,0,8,0,0,0,0,1,1,1,1,-1,-1,2151,2,12,-1,1
201442I268608,2,9,0,11,0,3,0,0,7,0,4,1,2,2,26,6,1299,1,12,6,1
201442I268708,1,3,0,9,0,8,1,0,0,0,0,1,6,1,17,4,-1,-1,-1,6,1
201442I268808,1,5,0,14,0,0,1,0,0,0,1,1,2,1,33,6,1002,1,20,4,1
201442I268808,2,9,0,9,0,0,0,0,0,0,3,1,6,1,23,5,1299,1,8,9,1
201442I268908,1,9,0,18,0,4,0,0,0,0,1,1,6,1,47,8,1968,2,3,8,2
201442I268908,2,1,0,18,0,3,0,0,0,0,3,1,6,1,65,9,-1,-1,-1,8,1
201442I269008,1,9,0,18,0,0,2,0,1,0,1,1,6,1,25,5,1149,1,16,5,1
201442I269008,2,9,0,18,0,0,0,0,0,0,2,1,6,2,43,7,-1,-1,-1,6,1
201442I269008,3,9,0,18,0,0,0,0,0,0,3,1,6,1,43,7,1560,2,-1,9,1
201442I269107,1,90,0,18,0,0,0,0,0,0,1,1,6,3,-1,-1,-1,-1,-1,-1,-1
201442I269107,2,9,0,18,0,0,0,0,0,0,1,1,6,2,33,6,-1,-1,-1,1,1
201442I269208,1,9,0,5,0,1,0,0,0,0,0,1,6,1,19,4,1124,1,13,9,1
201442I269208,2,5,0,18,0,4,0,0,0,0,3,1,6,1,21,5,645,1,5,7,3
201442I269308,1,9,0,9,0,6,0,0,0,0,3,1,3,2,22,5,1587,1,12,5,1
201442I269308,2,8,0,18,0,8,0,0,0,0,1,1,1,1,62,9,1896,2,5,2,1
201442I269508,1,9,0,18,0,1,0,0,0,0,1,1,6,2,-1,-1,1242,1,10,-1,-1
201442I269508,2,9,0,2,0,1,0,0,0,0,2,1,6,2,26,6,1598,1,5,2,1
201442I269608,1,9,0,13,0,1,0,0,0,0,0,1,6,3,-1,-1,-1,-1,-1,-1,-1
201442I269608,2,9,0,9,0,1,0,10,1,0,4,1,6,1,24,5,1587,1,11,6,1
201442I269708,1,19,0,16,0,1,0,0,0,0,1,1,6,2,62,9,2488,2,4,-1,3
201442I269708,2,9,0,17,0,1,0,0,0,0,1,1,6,1,63,9,1242,1,12,7,2
201442I269808,1,9,0,18,0,8,1,0,0,0,4,1,6,1,55,8,1242,1,17,3,1
201442I269808,2,1,0,9,0,8,0,0,0,0,1,1,6,1,65,9,-1,-1,-1,5,1
201442I269908,1,9,0,5,0,0,0,0,0,0,3,1,1,1,-1,-1,1896,2,12,-1,-1
201442I269908,2,5,0,18,0,0,0,0,0,0,1,1,1,1,29,6,-1,-1,-1,5,1
201442I270008,1,9,0,18,0,8,0,0,0,0,1,1,6,3,-1,-1,-1,-1,-1,-1,-1
201442I270008,2,3,0,18,0,8,0,0,0,0,4,1,6,1,20,4,124,1,19,5,2
201442I270208,1,11,0,4,0,0,0,0,0,0,0,1,1,1,-1,-1,-1,-1,-1,-1,-1
201442I270308,1,1,0,18,9,8,0,0,0,0,1,1,6,1,-1,-1,-1,-1,-1,-1,-1
201442I270308,2,9,0,18,0,8,0,0,0,0,4,1,6,1,-1,-1,2143,2,5,10,1
201442I270508,1,8,0,18,0,0,0,0,0,0,0,1,6,1,-1,-1,-1,-1,-1,-1,-1
201442I270508,2,1,0,18,0,0,0,0,0,0,0,1,6,1,22,5,-1,-1,-1,1,1
201442I270608,1,9,0,18,0,2,0,0,0,0,1,1,6,2,29,6,1368,1,5,6,1
201442I270807,1,9,0,18,0,0,1,0,0,0,1,1,1,1,35,6,1968,2,-1,2,1
201442I270807,2,19,0,18,0,0,0,0,0,0,2,1,1,1,48,8,2402,2,5,3,1
201442I270907,1,4,0,13,0,0,1,0,7,4,0,1,6,1,38,7,998,1,10,-1,-1
201442I271007,1,9,0,11,0,0,0,0,0,0,4,1,1,1,25,5,1242,1,8,8,1
201442I271007,2,5,0,18,0,0,0,0,0,0,1,1,1,2,27,6,656,1,5,4,1
201442I271107,1,9,0,13,0,0,0,0,0,0,3,1,6,3,-1,-1,-1,-1,-1,-1,-1
201442I271107,2,4,0,13,0,0,0,0,7,0,4,1,6,1,22,5,599,1,12,7,3
201442I271208,1,9,0,12,0,0,0,0,0,0,3,1,6,1,28,6,1596,1,9,8,1
201442I271208,2,3,0,18,0,0,0,0,0,0,1,1,6,1,22,5,125,1,6,4,1
201442I271308,1,19,0,18,0,1,0,0,0,0,0,1,6,1,37,7,2402,2,10,4,1
201442I271408,1,9,0,7,0,6,0,0,0,0,1,1,6,2,18,4,1390,1,15,2,1
201442I271408,2,9,0,18,0,1,0,0,0,0,3,1,6,1,42,7,1343,1,10,5,1
201442I271508,1,19,0,5,0,0,0,0,0,0,1,1,1,1,68,10,2496,2,25,9,1
201442I271608,1,17,0,9,0,1,0,0,0,0,4,1,1,1,18,4,-1,2,1,7,3
201442I271608,2,9,0,18,0,1,1,0,0,0,1,1,2,2,46,8,1997,2,12,8,2
201442I271708,1,9,0,18,0,0,5,0,7,9,1,1,1,2,60,9,1399,1,8,7,1
201442I271708,2,9,0,18,0,0,0,0,0,0,1,1,6,1,72,10,1395,1,1,7,1
201442I271808,1,2,0,7,0,1,0,0,0,0,0,1,6,1,-1,-1,-1,-1,-1,-1,-1
201442I271808,2,9,0,18,0,1,0,0,0,0,0,1,1,1,39,7,2993,2,11,3,1
201442I271908,1,9,0,9,0,5,0,0,0,0,0,1,6,3,-1,-1,-1,-1,-1,-1,-1
201442I271908,2,5,0,18,0,1,0,0,0,0,3,1,1,1,54,8,750,1,12,6,1
201442I272008,1,9,0,18,0,1,0,0,0,0,0,1,1,1,75,10,1590,1,9,2,2
201442I272008,2,9,0,2,0,1,0,0,0,0,0,1,1,1,20,4,1900,2,16,6,1
201442I272008,3,9,0,2,9,1,0,0,0,0,0,1,1,3,-1,-1,1951,2,12,-1,-1
201442I272108,1,8,0,18,0,8,0,0,0,0,1,1,1,1,-1,-1,-1,-1,-1,-1,-1
201442I272108,2,3,0,18,0,8,0,0,0,0,1,1,6,1,21,5,125,1,6,4,1
201442I272208,1,9,0,17,0,0,2,0,0,11,1,1,6,2,24,5,1242,1,1,7,3
201442I272208,2,9,0,16,0,0,0,0,0,0,1,1,6,2,55,8,1910,2,6,7,3
201442I272308,1,9,0,18,0,0,1,0,0,0,1,1,6,3,-1,-1,-1,-1,-1,-1,-1
201442I272508,1,9,0,1,0,0,0,0,0,0,2,1,6,2,60,9,1968,2,8,6,1
201442I272608,1,9,0,18,0,8,0,0,0,0,2,1,6,1,70,10,1596,1,12,5,1
201442I272608,2,5,0,9,0,8,0,0,0,0,1,1,6,1,35,6,899,1,15,8,1
201442I272708,1,5,0,18,0,0,0,0,0,0,0,1,6,1,20,4,599,1,17,3,1
201442I272808,1,1,0,18,0,0,0,0,0,0,1,1,6,1,-1,-1,-1,-1,-1,-1,-1
201442I272808,2,9,0,18,0,0,0,0,0,0,2,1,6,2,41,7,1493,2,4,8,3
201442I272908,1,97,0,4,0,0,1,0,0,0,2,1,2,1,42,7,649,1,2,3,1
201442I272908,2,9,0,9,0,0,0,0,0,0,0,1,1,2,23,5,2295,1,16,1,1
201442I273008,1,9,0,5,0,6,0,0,0,0,4,1,6,1,47,8,3199,1,14,3,1
201442I273008,2,9,0,18,0,1,1,0,0,0,1,1,6,1,22,5,1124,1,22,5,1
201442I273108,1,9,0,9,0,1,0,0,0,0,1,1,2,1,60,9,1598,2,2,1,1
201442I273108,2,9,0,18,0,1,0,0,0,0,1,1,2,1,28,6,1389,1,16,6,1
201442I273208,1,9,0,7,0,8,0,0,0,0,1,1,6,3,-1,-1,-1,-1,-1,-1,-1
201442I273308,1,9,0,9,0,6,0,0,0,0,3,1,6,2,27,6,1598,1,8,6,1
201442I273308,2,1,0,18,0,1,0,0,0,0,1,1,6,1,48,8,-1,-1,-1,8,1
201442I273408,1,9,0,2,0,0,0,0,0,0,2,1,6,1,23,5,1995,1,5,6,1
201442I273408,2,9,0,2,0,0,0,0,0,0,1,1,6,3,45,7,1800,1,15,-1,-1
201442I273508,1,3,0,7,0,1,0,10,1,2,4,1,1,1,51,8,125,1,-1,5,1
201442I273708,1,19,0,2,0,0,0,0,0,0,0,1,1,1,-1,-1,-1,-1,-1,3,1
201442I273708,2,9,0,18,0,0,0,0,0,0,1,1,6,1,64,9,-1,-1,-1,6,1
201442I273808,1,11,0,5,0,0,0,0,0,0,0,1,1,1,47,8,11000,2,17,5,1
201442I273908,1,9,0,18,0,1,0,0,0,0,4,1,6,3,-1,-1,-1,-1,-1,-1,-1
201442I274008,1,9,0,9,0,1,0,0,0,0,4,1,1,2,18,4,1299,1,8,6,1
201442I274008,2,21,1,18,0,1,0,0,0,0,0,2,1,1,54,8,-1,-1,-1,-1,-1
201442I274108,1,19,0,10,0,2,0,0,0,0,3,1,1,1,38,7,2198,2,3,4,1
201442I274108,2,9,0,18,0,1,1,0,0,0,1,1,2,1,77,11,1905,2,18,10,2
201442I274208,1,1,0,18,0,4,0,0,0,0,1,1,1,1,41,7,-1,-1,-1,10,1
201442I274208,2,9,0,3,0,4,0,0,0,0,2,1,1,1,37,7,1248,1,2,8,3
201442I274308,1,9,0,9,0,6,0,0,0,0,1,1,1,2,24,5,999,1,1,5,1
201442I274308,2,9,0,18,0,1,0,0,0,0,1,1,1,1,34,6,-1,-1,-1,-1,1
201442I274408,1,20,4,7,0,6,0,0,0,0,1,1,1,1,50,8,3920,2,9,9,3
201442I274408,2,1,0,18,0,8,0,0,0,0,1,1,6,1,59,9,-1,-1,-1,7,3
201442I274508,1,3,0,18,6,0,1,11,0,0,1,1,6,1,28,6,125,1,6,1,1
201442I274608,1,9,0,18,0,1,0,0,0,0,1,1,6,1,89,11,1396,1,24,5,1
201442I274608,2,9,0,2,0,2,0,0,0,0,2,1,6,2,67,10,1598,1,11,5,1
201442I274708,1,1,0,18,0,1,0,0,0,0,0,1,6,1,14,3,-1,-1,-1,-1,-1
201442I274708,2,9,0,18,0,8,0,0,0,0,1,1,6,2,-1,-1,2776,2,8,9,1
201442I274808,1,8,0,18,0,3,0,0,0,0,3,1,1,1,24,5,1956,2,3,5,1
201442I274908,1,11,0,4,0,0,0,0,0,0,1,1,1,1,61,9,6000,2,14,8,3
201442I275008,1,9,0,18,0,8,0,0,0,0,4,1,1,2,30,6,-1,-1,-1,3,1
201442I275008,2,9,0,18,0,8,0,0,0,0,4,1,1,1,-1,-1,1596,1,4,-1,-1
201442I275108,1,9,0,18,0,0,1,0,0,6,3,1,6,1,66,10,1560,2,5,2,1
201442I275208,1,9,0,18,0,2,0,0,0,0,1,1,6,1,24,5,1596,1,13,8,1
201442I275208,2,9,0,18,0,1,0,0,0,0,1,1,6,1,18,4,1242,1,11,7,1
201442I275308,1,1,0,18,0,8,0,0,0,0,1,1,6,1,35,6,-1,-1,-1,2,1
201442I275308,2,9,0,18,0,8,1,0,0,0,4,1,6,1,48,8,2792,1,13,4,1
201442I275408,1,9,0,7,0,3,1,7,1,1,1,1,6,1,21,5,1124,1,13,3,1
201442I275508,1,9,0,18,0,0,0,4,0,0,1,1,6,1,66,10,1242,1,13,7,1
201442I275508,2,9,0,2,0,0,0,0,0,0,2,1,6,2,-1,-1,1398,1,4,-1,-1
201442I275608,1,9,0,18,0,1,0,0,0,0,1,1,6,1,23,5,2495,2,10,4,1
201442I275608,2,9,0,18,0,1,0,0,0,0,2,1,6,2,27,6,1582,2,-1,2,2
201442I275608,3,9,0,18,0,1,0,0,0,0,2,1,6,2,38,7,1598,1,4,3,2
201442I275708,1,9,0,4,0,0,0,0,0,0,1,1,6,1,20,4,1242,1,9,8,3
201442I275708,2,9,0,4,0,0,0,0,0,0,2,1,6,3,82,11,1242,1,-1,9,2
201442I275807,1,3,0,15,0,0,0,0,0,0,1,1,1,1,24,5,125,1,3,4,2
201442I275807,2,9,0,17,0,0,0,0,0,0,1,1,6,1,-1,-1,1399,1,7,5,1
201442I275908,1,9,0,18,0,0,0,0,0,6,1,1,6,1,46,8,1390,1,5,5,1
201442I276008,1,9,0,16,0,0,1,0,1,4,2,1,1,2,20,4,973,1,15,7,3
201442I276008,2,9,0,2,6,0,0,0,0,0,0,1,6,3,-1,-1,2148,2,8,-1,-1
201442I276108,1,98,1,18,0,0,0,0,0,0,1,2,1,1,30,6,-1,-1,-1,-1,-1
201442I276108,2,9,0,18,0,0,0,0,0,0,2,1,2,1,23,5,1587,1,13,2,1
201442I276208,1,9,0,4,0,0,0,0,0,0,1,1,2,2,18,4,1596,1,8,5,1
201442I276208,2,9,0,3,0,0,0,0,0,0,2,1,6,2,19,4,1248,1,1,5,1
201442I276406,1,9,0,9,0,1,0,0,0,0,1,1,6,2,51,8,1242,1,11,8,1
201442I276406,2,9,0,18,0,1,0,0,0,0,3,1,6,2,43,7,1360,1,15,-1,-1
201442I276508,1,9,0,9,0,2,0,0,0,0,1,1,6,2,20,4,1229,1,1,10,1
201442I276508,2,3,0,18,0,1,0,0,0,0,1,1,6,1,19,4,-1,-1,-1,8,1
201442I276707,1,19,0,16,0,0,0,0,0,0,1,1,6,1,50,8,2198,2,-1,4,1
201442I276707,2,9,0,17,0,0,0,0,0,0,1,1,6,1,44,7,2231,2,7,4,1
201442I276808,1,1,0,18,0,8,0,0,0,0,1,1,6,2,21,5,-1,-1,-1,10,2
201442I276808,2,9,0,18,0,2,0,0,0,0,3,1,6,1,72,10,1339,1,1,8,2
201442I276908,1,9,0,18,0,0,0,0,0,0,1,1,6,2,50,8,-1,-1,-1,6,2
201442I276908,2,9,0,18,0,0,0,0,0,0,2,1,6,2,29,6,1363,2,9,5,1
201442I277008,1,19,0,9,0,8,0,0,0,0,1,1,6,1,42,7,2488,2,6,4,3
201442I277008,2,9,0,18,0,1,0,0,0,0,3,1,6,2,43,7,1499,2,1,5,2
201442I277008,3,9,0,18,0,1,0,0,0,0,1,1,6,2,42,7,1398,1,3,5,1
201442I277108,1,20,0,5,0,4,0,0,0,0,4,1,1,1,35,6,-1,-1,-1,6,1
201442I277108,2,5,0,3,0,1,0,0,0,0,3,1,2,1,22,5,656,1,5,9,1
201442I277208,1,9,0,18,0,8,0,0,0,0,1,1,6,2,42,7,1995,2,-1,2,1
201442I277208,2,9,0,18,0,8,0,0,0,0,4,1,6,2,65,9,1386,1,5,8,1
201442I277408,1,9,0,18,0,1,0,0,0,0,4,1,6,3,-1,-1,-1,-1,-1,-1,-1
201442I277508,1,9,0,4,0,8,1,0,0,0,1,1,6,1,24,5,1588,1,13,4,1
201442I277508,2,9,0,4,0,8,0,0,0,0,2,1,6,2,24,5,998,1,3,7,1
201442I277708,1,9,0,9,0,8,0,0,0,0,1,1,2,2,32,6,1984,1,14,4,1
201442I277708,2,1,0,18,0,8,0,0,0,0,1,1,2,1,25,5,-1,-1,-1,8,1
201442I277708,3,19,0,9,0,8,0,0,0,0,0,1,6,1,-1,-1,-1,-1,-1,-1,-1
201442I277808,1,1,0,18,0,1,0,0,0,0,1,1,6,1,-1,-1,-1,-1,-1,-1,-1
201442I277908,1,9,0,16,0,0,2,0,1,11,1,1,6,2,38,7,1242,1,13,3,1
201442I278008,1,9,0,18,0,0,0,0,0,0,1,1,2,1,60,9,998,1,10,2,1
201442I278008,2,9,0,18,0,0,0,0,0,0,2,1,2,2,29,6,1396,1,13,4,1
201442I278008,3,9,0,18,0,0,0,0,0,0,2,1,2,2,60,9,1560,2,2,2,1
201442I278008,4,9,0,18,0,0,0,0,0,0,2,1,2,2,19,4,1364,1,8,4,1
201442I278108,1,8,0,3,0,0,0,0,0,0,1,1,6,2,48,8,1397,1,5,3,1
201442I278108,2,9,0,3,0,0,0,0,0,0,2,1,6,1,44,7,1679,1,15,7,3
201442I278108,3,9,0,3,0,0,0,0,0,0,2,1,6,2,32,6,1560,2,3,8,2
201442I278108,4,19,0,3,0,0,0,0,0,0,2,1,6,1,37,7,2198,2,4,5,1
201442I278208,1,98,0,11,0,3,0,0,0,0,3,1,1,1,24,5,-1,-1,-1,7,1
201442I278208,2,9,0,7,0,3,0,0,0,0,4,1,6,1,59,9,1299,1,11,4,1
201442I278308,1,9,0,18,0,1,0,0,0,0,1,1,6,2,69,10,1997,1,2,-1,2
201442I278308,2,1,0,18,0,1,0,0,0,0,1,1,6,1,14,3,-1,-1,-1,10,1
201442I278408,1,9,0,18,0,0,0,4,0,0,1,1,6,1,-1,-1,1798,1,4,-1,-1
201442I278408,2,9,0,2,0,0,0,0,1,0,2,1,6,3,-1,-1,1951,2,9,-1,-1
201442I278608,1,9,0,18,0,4,0,0,0,0,1,1,6,3,-1,-1,-1,-1,-1,-1,-1
201442I278608,2,9,0,18,0,3,0,0,0,0,2,1,6,2,59,9,1242,1,4,7,3
201442I278608,3,9,0,18,0,1,0,0,0,0,1,1,6,1,41,7,1124,1,18,7,1
201442I278708,1,9,0,17,0,0,0,0,0,0,1,1,6,1,31,6,2143,2,2,-1,-1
201442I278708,2,9,0,16,0,0,0,0,0,0,2,1,6,1,-1,-1,1149,1,9,7,2
201442I278708,3,9,0,16,0,0,0,0,0,0,1,1,6,1,49,8,3000,2,18,9,1
201442I278908,1,5,0,18,0,1,0,0,0,0,3,1,6,1,41,7,748,1,25,-1,-1
201442I278908,2,9,0,18,0,1,0,0,0,0,4,1,6,1,-1,-1,1598,1,6,-1,-1
201442I279008,1,9,0,1,0,6,0,0,0,0,4,1,1,1,53,8,1995,2,5,4,1
201442I279008,2,2,0,18,0,1,0,0,0,0,1,1,2,1,17,4,50,1,6,4,1
201442I279108,1,9,0,18,0,0,0,0,0,0,1,1,6,1,38,7,1360,1,18,3,1
201442I279108,2,9,0,2,0,0,0,0,0,0,2,1,6,1,-1,-1,2148,2,7,-1,-1
201442I279208,1,19,0,18,0,1,0,0,0,0,1,1,1,1,44,7,2148,2,4,6,1
201442I279208,2,9,0,3,0,1,0,0,0,0,2,1,6,1,69,10,2663,2,17,5,2
201442I279308,1,9,0,17,0,1,0,0,0,0,1,1,6,1,75,10,1229,1,8,4,1
201442I279308,2,9,0,16,0,1,0,0,0,0,1,1,6,2,56,9,2494,1,12,6,1
201442I279408,1,9,0,18,0,3,5,0,2,1,1,1,6,2,20,4,-1,-1,-1,7,1
201442I279508,1,1,0,18,0,8,0,0,0,0,1,1,6,1,-1,-1,-1,-1,-1,5,1
201442I279508,2,9,0,18,0,8,0,0,0,0,3,1,6,1,54,8,1368,1,6,4,1
201442I279608,1,9,0,18,0,2,0,0,0,0,1,1,6,3,-1,-1,-1,-1,-1,-1,-1
201442I279608,2,1,0,18,0,1,0,0,0,0,0,1,6,2,15,3,-1,-1,-1,2,1
201442I279708,1,9,0,9,0,1,0,0,0,0,1,1,6,2,30,6,1242,1,2,10,1
201442I279708,2,3,0,18,0,1,0,0,0,0,1,1,6,1,26,6,125,1,-1,7,3
201442I279808,1,9,0,17,0,0,1,0,7,9,1,1,1,2,49,8,1299,1,13,8,1
201442I279808,2,9,0,18,0,0,0,0,1,9,1,1,6,1,60,9,1998,1,13,5,3
201442I279908,1,90,0,18,0,0,5,0,8,3,3,1,6,1,23,5,686,1,8,3,1
201442I280008,1,9,0,4,0,1,0,0,0,0,1,1,6,1,-1,-1,1248,2,5,-1,-1
201442I280008,2,9,0,3,0,1,0,0,0,0,2,1,2,2,47,8,-1,-1,-1,-1,1
201442I280107,1,1,0,18,0,0,0,0,0,0,1,1,1,1,25,5,-1,-1,-1,-1,-1
201442I280107,2,9,0,7,0,0,0,0,0,0,4,1,1,1,25,5,1242,1,3,10,2
201442I280208,1,9,0,18,0,8,1,0,1,7,1,1,6,2,33,6,1596,1,11,5,1
201442I280308,1,9,0,4,0,4,0,0,0,0,1,1,6,2,47,8,1242,1,4,10,1
201442I280308,2,9,0,3,0,4,0,0,0,0,2,1,2,2,42,7,1339,1,-1,10,1
201442I280408,1,9,0,4,0,0,1,0,0,0,1,1,6,1,59,9,1997,1,13,4,1
201442I280408,2,9,0,3,0,0,0,0,0,0,2,1,6,2,61,9,1390,1,2,-1,-1
201442I280408,3,9,0,3,0,0,0,0,0,0,2,1,6,2,50,8,1242,1,1,3,1
201442I280408,4,9,0,3,0,0,0,0,0,0,2,1,6,1,27,6,1198,1,5,4,1
201442I280508,1,9,0,18,0,0,0,0,1,0,1,1,6,1,52,8,1870,2,8,4,1
201442I280508,2,9,0,18,0,0,0,0,0,0,2,1,6,1,35,6,1896,2,15,5,3
201442I280608,1,9,0,4,0,1,0,0,0,0,1,1,6,2,20,4,1124,1,9,4,3
201442I280608,2,9,0,3,0,1,0,0,0,0,2,1,6,2,52,8,1242,1,-1,5,1
201442I280708,1,9,0,18,0,1,1,0,0,0,1,1,6,1,23,5,2496,2,15,2,1
201442I280708,2,9,0,18,0,1,0,0,0,0,1,1,6,1,57,9,1997,2,6,4,1
201442I280808,1,9,0,5,0,4,0,0,0,0,3,1,6,2,18,4,1499,2,-1,10,1
201442I280808,2,9,0,18,0,8,0,0,0,0,1,1,6,2,37,7,2179,2,4,10,1
201442I280808,3,19,0,5,0,4,0,0,0,0,1,1,2,1,32,6,2198,2,2,6,1
201442I281008,1,9,0,17,0,8,0,0,1,0,3,1,1,2,24,5,1796,1,15,5,1
201442I281008,2,20,0,16,0,6,0,0,0,0,3,1,6,1,74,10,7284,2,15,3,1
201442I281108,1,9,0,17,0,0,0,0,1,4,1,1,6,1,21,5,1299,1,12,4,1
201442I281306,1,9,0,18,0,8,0,0,0,0,1,1,6,1,57,9,1753,2,14,8,1
201442I281306,2,9,0,18,0,8,0,0,0,0,3,1,2,2,36,7,1798,1,8,3,1
201442I281408,1,3,0,17,0,0,1,0,7,0,0,1,6,1,21,5,125,1,6,6,1
201442I281507,1,9,0,5,0,0,0,0,0,0,1,1,2,2,40,7,899,1,-1,6,1
201442I281507,2,9,0,4,0,0,0,0,0,0,2,1,2,2,51,8,2179,2,-1,9,1
201442I281608,1,9,0,5,0,8,0,0,0,0,1,1,6,1,-1,-1,-1,-1,-1,-1,-1
201442I281608,2,1,0,18,0,1,0,0,0,0,0,1,6,1,15,3,-1,-1,-1,6,1
201442I281708,1,9,0,18,0,0,0,0,0,0,1,1,6,2,38,7,-1,-1,-1,8,1
201442I281807,1,21,1,12,0,1,0,0,0,0,0,2,1,3,-1,-1,-1,-1,-1,-1,-1
201442I281807,2,9,0,18,0,1,0,0,0,0,1,1,1,1,52,8,-1,-1,-1,10,1
201442I281807,3,19,0,18,0,1,0,0,0,0,2,1,1,1,28,6,2198,2,1,10,1
201442I281807,4,19,0,18,0,1,0,0,0,0,1,1,1,1,43,7,2151,2,11,9,1
201442I281807,5,19,0,18,0,1,0,0,0,0,2,1,1,1,57,9,2402,2,6,-1,-1
201442I281807,6,9,0,18,0,1,0,0,0,0,0,1,1,1,20,4,1229,1,2,10,1
201442I282008,1,9,0,18,0,1,0,0,0,0,4,1,6,1,83,11,1299,1,14,9,1
201442I282008,2,9,0,2,0,1,0,0,0,0,4,1,6,2,31,6,1995,2,13,-1,1
201442I282108,1,9,0,7,0,6,0,0,0,0,1,1,6,3,-1,-1,2993,2,7,-1,-1
201442I282108,2,9,0,18,0,1,0,0,0,0,1,1,6,2,67,10,1598,1,14,7,2
201442I282306,1,9,0,18,0,0,0,0,0,10,1,1,6,2,67,10,998,1,9,10,1
201442I282408,1,9,0,18,0,1,0,0,0,0,1,1,6,2,36,7,1390,1,15,1,1
201442I282408,2,1,0,18,0,1,0,0,0,0,0,1,6,1,13,3,-1,-1,-1,-1,-1
201442I282508,1,21,1,18,0,0,0,0,0,0,3,2,1,1,22,5,-1,-1,-1,-1,-1
201442I282508,2,9,0,18,0,0,0,0,0,0,4,1,6,2,23,5,1242,1,1,6,1
201442I282608,1,9,0,18,0,0,1,0,7,4,1,1,6,1,23,5,1560,2,8,4,1
201442I282708,1,21,0,1,0,0,0,0,0,0,2,1,1,1,45,7,-1,-1,-1,4,2
201442I282708,2,9,0,3,0,0,0,0,0,0,1,1,6,2,48,8,1997,2,3,8,1
201442I282808,1,9,0,9,0,8,0,0,0,1,1,1,6,1,36,7,1995,2,2,5,1
201442I282808,2,9,0,18,0,8,0,0,0,0,1,1,6,1,47,8,2993,2,2,10,3
201442I282908,1,8,0,18,0,8,0,0,0,0,1,1,1,1,63,9,1598,2,3,3,3
201442I282908,2,9,0,18,0,8,1,0,0,0,4,1,6,2,17,4,1242,1,1,2,1
201442I282908,3,9,0,18,0,2,0,0,0,0,2,1,6,1,69,10,1596,1,10,5,1
201442I283008,1,21,1,9,0,5,0,0,0,0,1,2,1,1,43,7,-1,-1,-1,-1,-1