Accident_Index,Vehicle_Reference,Vehicle_Type,Towing_and_Articulation,Vehicle_Manoeuvre,Vehicle_Location-Restricted_Lane,Junction_Location,Skidding_and_Overturning,Hit_Object_in_Carriageway,Vehicle_Leaving_Carriageway,Hit_Object_off_Carriageway,1st_Point_of_Impact,Was_Vehicle_Left_Hand_Drive?,Journey_Purpose_of_Driver,Sex_of_Driver,Age_of_Driver,Age_Band_of_Driver,Engine_Capacity_(CC),Propulsion_Code,Age_of_Vehicle,Driver_IMD_Decile,Driver_Home_Area_Type
201442I283108,1,9,0,7,0,1,0,0,0,0,4,1,6,1,-1,-1,-1,-1,-1,-1,-1
201442I283108,2,1,0,18,9,1,0,0,0,0,0,1,6,1,31,6,-1,-1,-1,-1,-1
201442I283208,1,9,0,14,0,0,0,0,0,0,1,1,1,1,27,6,1242,1,1,-1,1
201442I283308,1,20,0,9,0,1,0,0,0,0,4,1,6,1,62,9,3908,2,9,5,1
201442I283308,2,9,0,18,0,1,0,0,0,0,1,1,6,2,46,8,998,1,14,6,2
201442I283408,1,9,0,18,0,0,0,0,0,0,4,1,6,2,68,10,1598,1,1,3,1
201442I283508,1,9,0,9,0,6,0,0,0,0,3,1,6,1,55,8,-1,-1,-1,3,1
201442I283508,2,9,0,18,0,8,1,0,0,0,3,1,6,1,19,4,1598,2,1,3,1
201442I283608,1,90,0,18,0,8,1,10,7,0,4,1,6,1,51,8,249,1,2,5,1
201442I283808,1,9,0,5,0,1,0,0,0,0,1,1,6,2,51,8,1242,1,3,5,1
201442I283808,2,1,0,18,0,1,0,0,0,0,0,1,6,2,14,3,-1,-1,-1,7,1
201442I283908,1,9,0,6,0,1,0,0,7,0,0,1,6,1,56,9,1560,2,5,7,1
201442I283908,2,9,0,4,0,1,0,0,7,0,3,1,6,1,49,8,-1,-1,-1,3,1
201442I284008,1,9,0,18,0,0,0,10,1,10,1,1,6,1,20,4,1595,1,8,5,1
201442I284108,1,9,0,17,0,1,1,0,1,1,1,1,6,1,18,4,998,1,8,2,1
201442I284207,1,97,0,18,0,0,1,0,7,9,0,1,6,2,27,6,125,1,7,4,1
201442I284207,2,97,0,18,0,0,1,0,7,9,2,1,6,1,42,7,599,1,8,1,1
201442I284308,1,19,0,18,0,1,0,0,0,0,4,1,1,1,63,9,2402,2,6,7,1
201442I284308,2,1,0,9,3,1,0,0,0,0,3,1,2,1,19,4,-1,-1,-1,9,3
201442I284408,1,19,0,9,0,8,0,0,0,0,1,1,1,2,57,9,2198,2,1,7,1
201442I284408,2,9,0,17,0,1,0,0,1,5,1,1,6,1,73,10,1339,1,10,4,2
201442I284408,3,9,0,16,0,1,0,0,0,0,1,1,6,2,55,8,1956,2,-1,5,1
201442I284508,1,9,0,14,0,1,0,0,0,0,1,1,6,1,56,9,1124,1,13,9,2
201442I284508,2,11,0,2,0,1,0,0,0,0,0,1,1,1,61,9,9000,2,11,6,3
201442I284608,1,19,0,18,0,4,0,0,0,0,1,1,6,1,26,6,2287,2,-1,-1,-1
201442I284608,2,3,0,18,0,4,0,0,0,0,0,1,6,1,53,8,125,1,-1,8,1
201442I284708,1,3,0,16,0,0,0,0,0,0,1,1,6,1,24,5,125,1,2,7,1
201442I284708,2,9,0,17,0,0,0,0,0,0,3,1,6,2,34,6,1896,2,8,8,2
201442I284808,1,9,0,17,0,8,0,4,0,0,1,1,6,1,26,6,2993,2,4,9,3
201442I284808,2,9,0,2,0,2,0,0,0,0,2,1,6,3,-1,-1,2497,2,17,-1,-1
201442I284808,3,9,0,2,0,2,0,0,0,0,2,1,6,3,-1,-1,-1,-1,-1,-1,-1
201442I284908,1,19,0,17,0,0,5,0,7,9,1,1,2,1,21,5,2494,2,7,-1,-1
201442I285008,1,19,0,6,0,0,0,0,0,0,0,1,1,1,27,6,2148,2,5,3,1
201442I285008,2,4,0,18,0,0,0,0,0,0,3,1,6,1,53,8,1150,1,6,-1,-1
201442I285108,1,9,0,18,7,0,0,0,0,0,1,1,6,2,25,5,998,1,14,3,1
201442I285108,2,21,0,2,6,0,0,0,0,0,2,1,6,3,-1,-1,12777,2,7,-1,-1
201442I285208,1,9,0,18,0,0,0,0,0,0,0,1,6,3,-1,-1,-1,-1,-1,-1,-1
201442I285208,2,9,0,18,0,0,0,0,4,6,1,1,6,1,70,10,2959,2,6,3,2
201442I285308,1,9,0,18,0,1,0,0,0,0,1,1,6,2,72,10,1587,1,12,6,1
201442I285308,2,9,0,3,0,1,0,0,0,0,2,1,2,1,32,6,1968,2,2,9,1
201442I285308,3,9,0,3,0,1,0,0,0,0,2,1,1,1,50,8,2198,2,1,7,1
201442I285308,4,9,0,3,0,1,0,0,0,0,2,1,6,1,40,7,-1,-1,-1,3,1
201442I285408,1,5,0,18,0,0,1,0,7,10,1,1,6,1,31,6,599,1,15,4,1
201442I285408,2,9,0,18,0,0,0,0,0,0,0,1,1,1,37,7,2993,2,5,4,1
201442I285508,1,5,0,18,0,1,0,0,0,0,1,1,1,1,49,8,600,1,18,10,1
201442I285508,2,9,0,8,0,1,0,0,0,0,1,1,1,2,45,7,1919,2,6,-1,-1
201442I285608,1,9,0,18,0,7,0,0,0,0,1,1,6,1,-1,-1,1895,1,14,-1,-1
201442I285708,1,9,0,1,0,1,0,0,0,10,2,1,6,1,87,11,1349,1,13,6,1
201442I285708,2,9,0,2,0,1,0,0,0,0,2,1,6,3,-1,-1,1198,1,1,-1,-1
201442I285908,1,9,0,9,0,4,0,0,0,0,3,1,6,1,26,6,1995,2,11,5,1
201442I285908,2,19,0,9,0,4,0,0,0,0,1,1,6,1,55,8,2402,2,9,4,1
201442I286109,1,19,0,18,0,1,0,0,0,0,3,1,6,1,-1,-1,2198,2,2,-1,-1
201442I286209,1,9,0,7,0,3,0,0,0,0,0,1,6,1,-1,-1,2401,2,10,-1,-1
201442I286209,2,3,0,7,0,3,0,0,0,0,0,1,6,1,31,6,49,1,13,4,1
201442I286409,1,9,0,18,0,1,0,0,0,0,4,1,2,2,45,7,1598,1,3,3,1
201442I286409,2,1,0,18,0,1,0,0,0,0,4,1,6,1,-1,-1,-1,-1,-1,5,1
201442I286508,1,9,0,18,0,1,0,0,0,0,1,1,6,2,-1,-1,-1,-1,-1,-1,-1
201442I286708,1,9,0,16,0,0,0,0,7,0,1,1,6,1,83,11,1596,1,11,10,1
201442I286808,1,5,0,17,0,1,0,0,1,10,4,1,6,1,44,7,645,1,14,3,1
201442I286908,1,9,0,18,0,0,0,0,0,0,4,1,6,3,-1,-1,-1,-1,-1,-1,-1
201442I286908,2,9,0,1,7,0,0,0,0,0,3,1,6,2,39,7,1796,1,7,2,1
201442I287108,1,1,0,18,9,0,0,0,0,0,1,1,6,1,-1,-1,-1,-1,-1,-1,-1
201442I287208,1,9,0,9,0,6,0,0,0,0,3,1,6,2,28,6,1596,1,6,6,1
201442I287208,2,3,0,18,0,8,0,0,0,0,1,1,6,1,24,5,124,1,11,2,1
201442I287308,1,9,0,13,0,0,0,0,0,0,4,1,6,1,41,7,-1,-1,-1,6,2
201442I287308,2,19,0,6,0,0,0,0,0,0,3,1,1,2,19,4,-1,-1,-1,8,2
201442I287409,1,9,0,13,0,0,1,0,0,0,1,1,6,1,25,5,1598,1,15,6,1
201442I287409,2,9,0,18,0,0,0,0,1,0,1,1,6,1,68,10,2993,2,7,7,1
201442I287508,1,1,0,18,0,1,0,0,0,0,3,1,6,1,15,3,-1,-1,-1,4,1
201442I287508,2,9,0,18,0,1,0,0,0,0,1,1,6,2,43,7,1229,1,8,4,1
201442I287608,1,9,0,18,0,8,0,4,0,0,1,1,6,1,-1,-1,1998,1,9,-1,-1
201442I287608,2,9,0,2,0,2,0,0,0,0,2,1,6,3,-1,-1,1995,1,6,-1,-1
201442I287608,3,9,0,2,0,2,0,0,0,0,2,1,6,3,-1,-1,1242,1,12,-1,-1
201442I287709,1,9,0,2,0,1,0,0,0,0,1,1,6,1,43,7,1798,1,7,4,1
201442I287709,2,9,0,18,0,1,0,0,0,0,2,1,1,1,60,9,1242,1,12,5,1
201442I287809,1,2,0,17,0,0,0,0,1,0,0,1,1,1,30,6,102,1,8,10,1
201442I287909,1,9,0,7,0,1,0,0,0,11,1,1,6,2,18,4,1598,1,10,9,3
201442I288008,1,9,0,17,0,0,5,0,2,10,4,1,6,1,42,7,1149,1,9,4,1
201442I288109,1,9,0,18,0,3,0,0,0,0,0,1,6,1,-1,-1,1242,1,15,-1,-1
201442I288109,2,1,0,18,0,3,0,0,0,0,0,1,6,1,27,6,-1,-1,-1,7,1
201442I288209,1,9,0,18,0,1,0,0,0,0,4,1,6,2,39,7,1299,1,6,3,1
201442I288209,2,90,0,18,0,6,0,0,0,0,1,1,6,1,12,3,-1,-1,-1,-1,-1
201442I288309,1,1,0,18,0,8,0,0,0,0,3,1,2,1,71,10,-1,-1,-1,-1,-1
201442I288309,2,9,0,18,0,8,0,0,0,0,1,1,6,1,55,8,1242,1,3,8,1
201442I288409,1,9,0,4,0,1,0,0,0,0,1,1,6,2,-1,-1,1598,2,2,10,1
201442I288409,2,1,0,4,0,1,0,0,0,0,1,1,6,1,40,7,-1,-1,-1,8,1
201442I288509,1,2,0,18,0,0,0,0,0,0,1,1,6,1,19,4,124,1,15,4,1
201442I288809,1,9,0,7,0,6,0,0,0,0,1,1,6,1,25,5,-1,-1,-1,5,1
201442I288809,2,9,0,18,0,8,1,4,0,0,1,1,6,1,-1,-1,1497,1,10,-1,-1
201442I288809,3,9,0,2,0,1,0,0,0,0,2,1,6,3,-1,-1,1984,1,8,-1,-1
201442I288908,1,9,0,9,0,1,0,0,0,0,3,1,6,2,65,9,1998,1,8,6,2
201442I288908,2,9,0,9,0,1,0,0,0,0,4,1,6,1,29,6,1998,1,12,3,1
201442I289009,1,9,0,18,0,0,0,0,7,4,1,1,6,2,20,4,2148,2,12,3,1
201442I289108,1,8,0,18,0,1,0,0,0,0,1,1,2,1,47,8,2402,2,8,-1,-1
201442I289108,2,9,0,10,0,1,0,0,0,0,2,1,6,2,33,6,1299,1,12,4,1
201442I289409,1,9,0,1,0,0,0,0,0,0,2,1,6,2,-1,-1,-1,-1,-1,-1,-1
201442I289509,1,9,0,18,0,0,0,0,0,0,0,1,2,2,22,5,1197,1,1,10,2
201442I289608,1,9,0,13,0,0,0,0,0,0,0,1,6,3,-1,-1,-1,-1,-1,-1,-1
201442I289608,2,5,0,18,0,0,0,0,1,9,1,1,6,1,35,6,998,1,8,-1,2
201442I289709,1,9,0,9,0,8,0,0,0,0,1,1,6,1,69,10,-1,-1,-1,9,1
201442I289709,2,9,0,18,0,8,0,0,0,0,1,1,6,2,38,7,1968,2,3,6,1
201442I289809,1,9,0,18,0,0,0,0,0,0,1,1,6,2,51,8,1968,2,2,7,1
201442I289809,2,9,0,3,0,0,0,0,0,0,2,1,1,1,42,7,1422,2,4,5,1
201442I289809,3,9,0,3,0,0,0,0,0,0,2,1,2,2,38,7,1968,2,9,5,1
201442I289809,4,9,0,3,0,0,0,0,0,0,2,1,2,1,25,5,1390,1,1,7,1
201442I289909,1,9,0,4,0,1,1,0,0,0,1,1,6,1,34,6,1998,1,9,-1,1
201442I289909,2,9,0,4,0,1,0,0,0,0,2,1,6,1,64,9,2199,1,20,10,1
201442I290008,1,9,0,16,0,0,1,0,0,0,1,1,1,1,28,6,1956,2,4,2,1
201442I290008,2,9,0,16,0,0,0,0,4,6,1,1,2,2,28,6,1149,1,10,5,1
201442I290109,1,9,0,5,0,1,0,0,0,0,1,1,2,1,19,4,1149,1,13,10,1
201442I290109,2,9,0,3,0,1,0,0,0,0,2,1,2,2,26,6,1598,1,8,2,1
201442I290109,3,9,0,3,0,1,0,0,0,0,2,1,2,1,47,8,2982,2,-1,10,1
201442I290209,1,4,0,18,0,0,1,0,0,0,1,1,2,1,32,6,649,1,6,8,1
201442I290209,2,9,0,4,0,0,0,0,0,0,2,1,2,1,48,8,-1,-1,-1,5,1
201442I290309,1,5,0,16,0,0,0,0,0,0,1,1,6,1,20,4,998,1,11,-1,-1
201442I290309,2,20,0,17,0,0,0,0,0,0,1,1,1,1,45,7,4250,2,6,-1,-1
201442I290509,1,19,0,18,0,1,0,0,0,0,1,1,6,1,-1,-1,2402,2,12,-1,-1
201442I290509,2,9,0,4,0,1,0,0,0,0,2,1,6,2,49,8,1598,1,9,9,1
201442I290608,1,9,0,16,0,0,0,0,4,6,1,1,6,2,35,6,1299,1,15,3,1
201442I290709,1,9,0,7,0,2,0,0,0,0,1,1,6,1,45,7,1242,1,4,5,1
201442I290709,2,2,0,16,0,1,0,0,0,0,4,1,6,1,16,4,49,1,4,4,1
201442I290809,1,9,0,16,0,1,0,0,0,0,1,1,3,2,33,6,1149,1,12,9,3
201442I290809,2,9,0,5,0,6,0,0,0,0,1,1,1,1,34,6,1968,2,8,10,1
201442I290909,1,9,0,18,0,4,0,0,0,0,1,1,6,1,18,4,1396,1,12,4,1
201442I290909,2,9,0,9,0,4,0,0,0,0,4,1,2,2,22,5,1587,1,10,3,1
201442I291009,1,9,0,5,0,2,0,0,0,0,1,1,6,2,65,9,1332,1,21,6,3
201442I291108,1,9,0,16,0,0,1,0,0,0,1,1,6,1,30,6,1242,1,9,6,1
201442I291108,2,9,0,17,0,0,0,0,0,0,1,1,6,1,75,10,1988,1,10,10,1
201442I291208,1,9,0,18,9,0,0,0,7,11,1,1,6,2,58,9,1598,1,6,6,3
201442I291208,2,9,0,18,0,0,0,0,0,0,1,1,6,2,22,5,1598,2,-1,10,1
201442I291309,1,9,0,5,0,8,0,0,0,0,1,1,6,2,25,5,1598,1,9,4,1
201442I291309,2,9,0,3,0,8,0,0,0,0,2,1,6,2,41,7,1299,1,11,9,1
201442I291309,3,9,0,3,0,8,0,0,0,0,2,1,6,2,51,8,1597,1,27,1,1
201442I291309,4,9,0,3,0,6,0,0,0,0,2,1,1,1,43,7,1399,2,5,1,1
201442I291409,1,5,0,15,0,0,1,0,0,6,1,1,6,1,59,9,1130,1,12,3,1
201442I291509,1,19,0,4,0,2,0,0,0,0,0,1,1,1,37,7,1997,2,9,10,2
201442I291609,1,9,0,16,0,7,5,0,0,0,1,1,6,1,20,4,-1,-1,-1,9,1
201442I291708,1,9,0,10,0,1,0,0,0,0,4,1,6,2,45,7,3123,1,9,7,2
201442I291708,2,8,0,18,0,1,0,0,0,0,1,1,6,1,46,8,1997,2,8,-1,1
201442I291809,1,9,0,3,0,4,0,0,0,0,1,1,6,2,37,7,-1,-1,-1,-1,-1
201442I291809,2,9,0,3,0,4,0,0,0,0,2,1,6,1,45,7,2231,2,3,3,1
201442I292009,1,3,0,7,0,5,0,0,0,0,4,1,1,1,22,5,125,1,2,6,1
201442I292009,2,9,0,18,0,1,0,0,0,0,0,1,6,2,36,7,1997,2,4,8,2
201442I292109,1,9,0,18,0,0,0,0,4,4,1,1,6,2,31,6,1587,1,11,9,1
201442I292208,1,19,0,18,0,1,0,0,0,0,1,1,6,1,-1,-1,-1,-1,-1,-1,-1
201442I292208,2,9,0,3,0,1,0,0,0,0,0,1,6,1,33,6,1753,2,13,1,1
201442I292308,1,19,0,18,0,0,0,4,0,0,1,1,1,1,32,6,1995,2,4,4,1
201442I292308,2,21,2,2,0,0,0,0,0,0,2,2,6,1,-1,-1,-1,-1,-1,-1,-1
201442I292509,1,9,0,1,0,1,0,0,0,0,2,1,6,3,-1,-1,998,1,-1,-1,-1
201442I292509,2,9,0,2,0,1,0,0,0,0,2,1,1,1,30,6,1995,2,2,-1,-1
201442I292608,1,9,0,16,0,1,0,0,0,0,1,1,6,3,60,9,-1,-1,-1,2,1
201442I292608,2,20,0,9,0,1,0,0,0,0,4,1,6,3,25,5,-1,-1,-1,8,1
201442I292708,1,9,0,17,0,0,1,0,7,0,4,1,6,1,21,5,1149,1,12,8,1
201442I292708,2,19,0,18,0,0,0,0,0,0,1,1,6,1,68,10,1295,1,16,9,1
201442I292808,1,9,0,5,0,7,0,0,1,0,3,1,6,2,23,5,1299,1,11,3,1
201442I292808,2,21,0,18,0,1,0,0,0,0,1,1,1,1,63,9,12740,2,1,5,1
201442I292909,1,9,0,11,0,3,0,0,7,1,3,1,1,2,25,5,1149,1,12,9,1
201442I292909,2,19,0,18,0,3,0,0,0,0,1,1,1,2,43,7,1461,2,4,3,1
201442I293009,1,9,0,18,0,1,0,0,0,0,1,1,1,1,70,10,1796,1,12,7,1
201442I293009,2,9,0,4,0,1,0,0,0,0,1,1,1,2,33,6,1242,1,10,9,1
201442I293009,3,9,0,4,0,1,0,0,0,0,2,1,1,2,36,7,1596,1,5,4,1
201442I293109,1,11,0,18,0,0,0,0,0,0,1,1,1,1,31,6,8268,2,13,4,1
201442I293209,1,3,0,17,0,0,0,0,1,10,4,1,6,2,34,6,124,1,2,1,1
201442I293309,1,9,0,1,0,0,0,0,0,0,2,1,2,2,36,7,1753,2,8,9,3
201442I293409,1,9,0,18,0,0,0,0,7,9,1,1,6,2,58,9,1753,2,12,9,2
201442I293509,1,9,0,18,0,0,0,0,0,0,1,1,6,2,-1,-1,-1,-1,-1,-1,-1
201442I293509,2,9,0,2,0,0,0,0,0,0,0,1,6,2,31,6,1596,1,15,3,1
201442I293609,1,5,0,17,0,1,0,11,0,0,0,1,6,2,46,8,599,1,11,3,1
201442I293809,1,9,0,5,0,6,0,0,0,0,4,1,2,1,45,7,999,1,-1,5,2
201442I293809,2,1,0,18,0,1,1,0,0,0,1,1,2,1,35,6,-1,-1,-1,-1,1
201442I293909,1,9,0,18,0,0,0,0,1,7,4,1,1,1,52,8,-1,-1,-1,3,1
201442I294009,1,9,0,18,0,0,0,0,0,0,1,1,6,1,32,6,5204,1,2,-1,3
201442I294108,1,9,0,17,0,2,1,0,7,2,1,1,1,1,25,5,1998,1,12,4,2
201442I294209,1,9,0,18,0,0,0,0,0,0,1,1,1,3,-1,-1,3724,1,10,-1,-1
201442I294209,2,9,0,3,0,0,0,0,0,0,2,1,1,2,46,8,1998,1,10,4,1
201442I294309,1,11,0,5,0,1,0,0,0,0,1,1,6,1,-1,-1,9600,2,17,-1,-1
201442I294309,2,9,0,3,0,1,0,0,0,0,2,1,6,1,35,6,1598,1,15,-1,-1
201442I294408,1,9,0,14,0,0,0,0,0,0,4,1,6,2,37,7,2179,2,3,7,1
201442I294408,2,1,0,18,0,0,0,0,0,0,0,1,6,1,40,7,-1,-1,-1,3,1
201442I294509,1,9,0,18,0,0,0,0,0,0,0,1,1,2,68,10,1360,1,17,4,1
201442I294609,1,1,0,9,0,1,0,0,0,0,2,1,6,1,44,7,-1,-1,-1,8,1
201442I294609,2,9,0,18,0,1,0,0,0,0,1,1,6,1,30,6,1124,1,13,-1,1
201442I294709,1,9,0,18,0,0,1,0,0,0,1,1,6,1,18,4,1299,1,14,8,3
201442I294709,2,9,0,4,0,0,0,0,0,0,2,1,6,1,55,8,-1,-1,-1,2,1
201442I294709,3,9,0,18,0,0,1,0,0,0,1,1,6,1,35,6,1242,1,-1,8,3
201442I294909,1,19,0,18,0,0,0,0,0,0,1,1,1,1,36,7,2143,2,3,2,1
201442I294909,2,9,0,4,0,0,0,0,0,0,2,1,1,2,38,7,1910,2,9,-1,1
201442I294909,3,9,0,4,0,0,0,0,0,0,2,1,1,2,52,8,2261,1,6,5,1
201442I295009,1,9,0,18,0,2,0,0,0,0,0,1,2,2,34,6,1800,1,14,7,1
201442I295109,1,19,0,12,0,0,0,0,0,0,1,1,1,1,46,8,1248,2,1,5,1
201442I295109,2,9,0,3,0,0,0,0,0,0,2,1,6,1,77,11,1596,1,-1,4,1
201442I295109,3,9,0,3,0,0,0,0,0,0,4,1,2,1,26,6,1086,1,5,4,1
201442I295409,1,9,0,18,0,0,0,0,0,0,1,1,6,2,54,8,1988,2,11,7,1
201442I295509,1,9,0,5,0,0,0,0,0,0,0,1,6,3,-1,-1,-1,-1,-1,-1,-1
201442I295509,2,9,0,18,0,0,0,0,0,0,2,1,1,1,45,7,1910,2,8,-1,-1
201442I295509,3,9,0,18,0,0,0,0,0,0,1,1,1,1,43,7,1956,2,1,7,1
201442I295509,4,9,0,18,0,0,0,0,0,0,1,1,1,1,-1,-1,1390,1,10,6,1
201442I295509,5,9,0,18,0,0,0,0,0,0,0,1,6,2,54,8,1599,1,10,10,1
201442I295509,6,9,0,18,0,0,0,0,0,0,0,1,6,1,-1,-1,1988,1,12,7,1
201442I295509,7,9,0,18,0,0,0,0,0,0,0,1,6,2,38,7,1796,2,2,9,1
201442I295609,1,9,0,9,0,6,0,0,0,0,0,1,6,1,37,7,2902,2,9,2,1
201442I295609,2,5,0,18,0,1,0,0,0,0,0,1,6,1,40,7,998,1,5,7,1
201442I295709,1,9,0,18,0,0,0,0,1,11,1,1,6,1,48,8,1386,1,6,-1,-1
201442I295809,1,2,0,18,0,2,0,0,0,0,1,1,6,1,16,4,49,1,11,4,1
201442I295809,2,9,0,3,0,2,0,0,0,0,2,1,6,1,47,8,1753,2,12,3,1
201442I295909,1,11,0,2,0,1,0,0,0,0,4,1,1,1,69,10,7300,2,10,4,1
201442I295909,2,21,1,7,0,1,0,0,0,0,2,1,1,1,74,10,12900,2,3,-1,-1
201442I296009,1,9,0,9,0,8,0,0,0,0,3,1,6,1,28,6,1968,2,4,10,1
201442I296009,2,9,0,18,0,8,0,0,0,0,1,1,6,1,28,6,1242,1,16,6,1
201442I296009,3,9,0,2,9,2,0,0,0,0,4,1,6,3,-1,-1,1349,1,5,-1,-1
201442I296109,1,9,0,9,0,0,0,0,0,0,1,1,6,1,67,10,1798,1,10,6,2
201442I296109,2,9,0,18,0,0,1,0,0,0,1,1,6,1,26,6,-1,-1,-1,6,2
201442I296209,1,3,0,4,0,4,1,0,0,0,4,1,1,1,52,8,-1,-1,-1,8,1
201442I296309,1,5,0,17,0,0,0,0,1,10,1,1,6,2,47,8,599,1,15,6,2
201442I296509,1,9,0,9,0,5,0,0,0,0,2,1,6,1,85,11,1124,1,14,4,1
201442I296509,2,5,0,18,0,1,0,0,0,0,1,1,6,1,60,9,805,1,12,4,3
201442I296609,1,9,0,18,0,8,1,7,7,11,3,1,6,1,22,5,1598,1,10,1,1
201442I296709,1,9,0,18,0,0,5,4,0,0,1,1,6,2,25,5,1299,1,10,-1,-1
201442I296709,2,9,0,2,0,0,0,0,0,0,2,1,6,3,-1,-1,1388,1,11,-1,-1
201442I296709,3,9,0,2,0,0,0,0,0,0,2,1,6,3,-1,-1,1596,1,3,-1,-1
201442I296809,1,9,0,18,0,0,0,0,0,0,1,1,1,1,37,7,1997,2,13,2,1
201442I296809,2,21,1,18,0,0,0,0,0,0,2,1,1,1,63,9,-1,-1,-1,4,1
201442I296909,1,20,0,18,0,0,0,0,0,0,3,1,1,1,36,7,2977,2,8,6,3
201442I296909,2,1,0,18,0,0,0,0,0,0,0,1,6,1,19,4,-1,-1,-1,6,2
201442I297009,1,3,0,9,0,5,1,0,0,0,4,1,6,1,18,4,125,1,1,7,1
201442I297009,2,9,0,18,0,8,1,0,1,0,1,1,6,1,30,6,2494,1,15,3,1
201442I297009,3,9,0,18,0,1,1,0,0,0,1,1,6,2,21,5,1086,1,8,5,1
201442I297109,1,9,0,18,0,0,0,0,0,0,1,1,6,1,51,8,3200,2,12,10,1
201442I297109,2,9,0,18,0,0,0,0,0,0,1,1,6,2,50,8,1461,2,1,6,1
201442I297109,3,9,0,4,0,0,0,0,0,0,2,1,6,1,55,8,3628,2,4,10,1
201442I297209,1,9,0,5,0,0,0,0,0,0,3,1,6,1,-1,-1,1753,2,10,-1,-1
201442I297209,2,2,0,14,0,0,0,0,0,0,4,1,4,1,16,4,49,1,1,3,1
201442I297509,1,9,0,9,0,8,0,0,0,0,1,1,1,1,43,7,1398,2,12,-1,3
201442I297509,2,9,0,18,0,8,0,0,0,0,1,1,1,1,43,7,1968,2,11,-1,3
201442I297509,3,9,0,10,0,8,0,0,0,0,1,1,1,2,50,8,1988,1,12,8,3
201442I297609,1,5,0,18,0,0,0,0,0,0,1,1,6,1,22,5,636,1,11,6,2
201442I297609,2,90,0,2,0,0,0,0,0,0,1,1,1,1,53,8,7142,2,6,10,1
201442I297709,1,21,0,17,0,4,5,0,0,0,4,1,1,1,38,7,10837,2,6,8,3
201442I297809,1,3,0,18,0,0,0,0,0,0,1,1,6,1,25,5,124,1,10,2,1
201442I297809,2,9,0,18,0,0,0,0,0,0,2,1,1,1,46,8,-1,-1,-1,7,2
201442I297909,1,9,0,18,0,1,5,4,0,0,1,1,6,1,83,11,-1,-1,-1,5,1
201442I297909,2,9,0,2,0,1,0,0,0,0,2,1,6,3,-1,-1,998,1,13,-1,-1
201442I298009,1,9,0,18,0,0,0,7,1,7,1,1,6,2,44,7,1242,1,7,5,1
201442I298109,1,9,0,18,0,2,0,0,0,0,1,1,6,1,62,9,1783,1,13,4,1
201442I298109,2,90,0,18,0,2,0,0,0,0,0,1,1,3,-1,-1,-1,-1,-1,-1,-1
201442I298109,3,1,0,18,9,6,0,0,0,0,3,1,6,1,13,3,-1,-1,-1,8,1
201442I298208,1,9,0,18,0,4,0,0,0,0,1,1,6,1,34,6,4966,1,8,4,1
201442I298208,2,19,0,3,0,4,0,0,0,0,2,1,6,1,-1,-1,2198,2,2,-1,-1
201442I298309,1,9,0,18,0,3,0,0,0,0,1,1,6,2,54,8,-1,-1,-1,8,2
201442I298309,2,9,0,3,0,3,0,0,0,0,2,1,6,2,21,5,1240,1,9,-1,1
201442I298309,3,9,0,3,0,3,0,0,0,0,2,1,6,2,31,6,1796,1,11,6,2
201442I298409,1,9,0,7,0,7,0,0,0,0,0,1,6,2,-1,-1,-1,-1,-1,-1,-1
201442I298409,2,2,0,18,0,8,0,0,0,0,1,1,1,1,16,4,49,1,-1,6,1
201442I298409,3,9,0,18,0,8,0,0,0,0,2,1,1,2,23,5,1598,1,8,10,1
201442I298509,1,11,0,16,0,1,0,4,0,0,4,1,1,2,52,8,-1,2,15,8,1
201442I298509,2,20,1,2,0,1,0,0,0,0,3,1,1,3,-1,-1,-1,-1,-1,-1,-1
201442I298609,1,9,0,18,0,4,0,0,0,0,1,1,6,2,44,7,1560,2,1,7,1
201442I298609,2,1,0,18,0,1,0,0,0,0,1,1,6,1,64,9,-1,-1,-1,3,1
201442I298709,1,9,0,18,0,4,0,0,0,0,1,1,6,2,-1,-1,-1,-1,-1,4,1
201442I298709,2,9,0,3,0,4,0,0,0,0,1,1,6,1,64,9,1796,1,14,-1,1
201442I298809,1,9,0,2,0,1,0,0,0,0,1,1,3,2,72,10,1685,2,2,8,1
201442I298809,2,9,0,5,0,1,0,0,0,0,2,1,6,1,50,8,1229,1,9,2,1
201442I298909,1,9,0,18,0,1,0,0,0,0,1,1,6,1,29,6,-1,-1,-1,9,1
201442I299009,1,5,0,18,0,3,0,0,1,0,1,1,6,1,46,8,1584,1,8,3,2
201442I299009,2,9,0,7,0,3,0,0,0,0,4,1,6,1,40,7,2179,2,2,5,1
201442I299109,1,9,0,9,0,4,0,0,0,0,3,1,6,2,43,7,1796,1,14,5,1
201442I299109,2,9,0,18,0,4,0,0,0,0,1,1,6,1,18,4,1242,1,9,3,1
201442I299209,1,19,0,16,0,4,0,0,0,0,1,1,1,1,50,8,-1,-1,-1,-1,1
201442I299209,2,9,0,17,0,8,0,0,0,0,4,1,6,2,26,6,1242,1,13,3,1
201442I299309,1,9,0,18,0,0,2,0,7,0,1,1,6,1,33,6,1781,1,13,6,1
201442I299309,2,9,0,3,0,0,0,0,0,0,2,1,6,1,46,8,1783,1,12,2,1