Accident_Index,Vehicle_Reference,Vehicle_Type,Towing_and_Articulation,Vehicle_Manoeuvre,Vehicle_Location-Restricted_Lane,Junction_Location,Skidding_and_Overturning,Hit_Object_in_Carriageway,Vehicle_Leaving_Carriageway,Hit_Object_off_Carriageway,1st_Point_of_Impact,Was_Vehicle_Left_Hand_Drive?,Journey_Purpose_of_Driver,Sex_of_Driver,Age_of_Driver,Age_Band_of_Driver,Engine_Capacity_(CC),Propulsion_Code,Age_of_Vehicle,Driver_IMD_Decile,Driver_Home_Area_Type
201442I299309,3,9,0,3,0,0,0,0,0,0,3,1,6,1,63,9,1248,1,4,3,1
201442I299309,4,9,0,3,0,0,0,0,0,0,0,1,1,1,35,6,2521,1,6,5,1
201442I299409,1,9,0,5,9,2,0,0,0,0,1,1,1,1,49,8,3246,1,7,10,1
201442I299409,2,1,0,18,0,1,0,0,0,0,1,1,6,1,29,6,-1,-1,-1,-1,-1
201442I299509,1,9,0,6,0,0,0,0,0,0,3,1,2,1,46,8,1896,2,6,5,1
201442I299509,2,5,0,18,0,0,0,0,0,0,4,1,2,1,44,7,749,1,-1,-1,1
201442I299609,1,11,0,18,0,8,0,0,0,0,4,1,6,1,51,8,7300,2,12,7,1
201442I299609,2,9,0,6,0,8,0,0,0,0,3,1,6,2,24,5,1399,1,3,3,1
201442I299709,1,9,0,18,0,0,0,0,0,0,1,1,6,1,-1,-1,-1,-1,-1,-1,-1
201442I299709,2,1,0,18,0,0,0,0,0,0,1,1,6,1,21,5,-1,-1,-1,4,1
201442I299809,1,9,0,18,0,3,0,0,0,0,0,2,6,1,28,6,-1,-1,-1,-1,-1
201442I299809,2,9,0,18,0,3,0,0,1,4,1,1,6,2,37,7,1242,1,7,5,1
201442I299909,1,9,0,18,0,0,0,0,7,0,1,1,6,1,21,5,1242,1,16,6,1
201442I299909,2,9,0,18,0,0,0,0,0,0,1,1,6,2,67,10,1699,1,5,-1,-1
201442I299909,3,9,0,18,0,0,0,0,0,0,1,1,1,1,-1,-1,-1,-1,-1,8,1
201442I300009,1,9,0,9,0,7,0,0,0,0,1,1,6,1,18,4,998,1,9,10,1
201442I300009,2,9,0,18,0,1,0,0,0,0,1,1,6,1,21,5,1399,2,11,9,1
201442I300109,1,3,0,18,0,0,0,12,0,0,1,1,2,1,25,5,124,1,-1,6,1
201442I300209,1,9,0,18,0,4,2,0,0,0,1,1,6,1,29,6,1229,1,1,4,1
201442I300309,1,19,0,18,0,0,1,0,0,0,1,1,6,1,26,6,1560,2,2,2,1
201442I300309,2,9,0,18,0,0,1,0,1,4,2,1,6,1,44,7,-1,-1,-1,3,1
201442I300409,1,9,0,18,0,8,1,0,1,2,4,1,2,1,23,5,2521,1,8,1,1
201442I300509,1,9,0,18,0,0,0,0,0,0,1,1,6,1,86,11,1229,1,8,6,3
201442I300509,2,21,1,2,0,0,0,0,0,0,2,1,1,1,57,9,12419,2,3,6,1
201442I300609,1,9,0,4,0,0,0,0,0,0,2,1,6,1,50,8,2967,1,15,7,1
201442I300609,2,9,0,4,0,0,0,0,0,0,1,1,2,1,43,7,2700,1,12,7,1
201442I300809,1,5,0,18,0,0,1,0,0,0,0,1,6,1,46,8,599,1,15,10,1
201442I300909,1,19,0,4,0,0,0,0,0,0,1,1,2,1,33,6,2461,2,8,2,1
201442I300909,2,19,0,18,0,0,0,0,0,0,2,1,2,1,60,9,1248,2,9,10,1
201442I301009,1,9,0,1,9,6,0,0,0,0,2,1,6,1,27,6,2987,2,2,6,3
201442I301109,1,9,0,18,0,0,0,8,0,0,4,1,6,3,74,10,1395,1,1,10,1
201442I301109,2,9,0,2,0,0,0,0,0,0,4,1,6,3,-1,-1,1248,1,1,-1,-1
201442I301309,1,9,0,4,0,1,0,0,1,0,2,1,6,2,20,4,1560,2,-1,5,2
201442I301309,2,9,0,7,0,1,0,0,0,0,1,1,6,1,58,9,1796,1,13,8,2
201442I301408,1,1,0,18,0,1,0,0,0,0,1,1,6,1,26,6,-1,-1,-1,1,1
201442I301408,2,22,0,18,0,1,0,0,0,0,1,1,6,1,66,10,-1,-1,-1,1,1
201442I301509,1,9,0,4,0,1,0,0,0,0,1,1,6,1,52,8,1200,1,10,-1,1
201442I301509,2,9,0,3,0,1,0,0,0,0,0,1,6,1,44,7,1199,1,14,-1,-1
201442I301605,1,9,0,18,0,2,0,0,0,0,1,1,6,2,20,4,1199,1,15,1,1
201442I301709,1,9,0,9,9,5,0,0,0,0,0,1,6,1,-1,-1,-1,-1,-1,-1,-1
201442I301809,1,9,0,6,0,0,0,0,0,0,1,1,6,1,82,11,1248,1,2,6,1
201442I301809,2,4,0,18,0,0,0,0,1,0,1,1,6,1,17,4,-1,-1,-1,-1,-1
201442I301909,1,9,0,18,0,1,0,0,0,0,1,1,6,1,48,8,998,1,-1,8,2
201442I301909,2,1,0,18,9,1,0,0,0,0,4,1,6,1,14,3,-1,-1,-1,7,2
201442I302009,1,9,0,18,0,8,0,0,0,0,1,1,6,2,21,5,998,1,-1,9,1
201442I302009,2,8,0,18,0,8,0,0,0,0,1,1,1,1,42,7,1086,1,6,4,1
201442I302109,1,9,0,11,0,0,1,0,4,6,4,1,6,2,25,5,1299,1,11,5,1
201442I302109,2,11,0,12,0,0,0,0,0,0,3,1,6,1,63,9,12000,2,5,-1,-1
201442I302209,1,9,0,5,0,6,0,0,0,0,1,1,6,1,-1,-1,1598,1,10,-1,-1
201442I302209,2,1,0,18,0,1,0,0,0,0,4,1,6,1,72,10,-1,-1,-1,10,2
201442I302309,1,9,0,16,0,0,1,0,0,0,1,1,6,1,45,7,1399,2,9,5,2
201442I302309,2,9,0,17,0,0,0,0,0,0,3,1,6,2,17,4,1242,1,1,10,2
201442I302409,1,9,0,5,0,8,0,0,0,0,4,1,6,1,24,5,1242,1,3,4,1
201442I302409,2,1,0,5,0,8,0,0,0,0,4,1,6,1,48,8,-1,-1,-1,8,1
201442I302609,1,9,0,18,0,0,5,0,0,0,1,1,1,2,60,9,1598,1,15,8,3
201442I302609,2,9,0,2,0,0,0,0,0,0,1,1,6,3,-1,-1,1360,1,11,3,1
201442I302709,1,9,0,18,0,4,0,0,0,0,3,1,6,2,43,7,2179,2,1,8,1
201442I302709,2,2,0,9,0,4,0,0,0,0,1,1,6,1,41,7,49,1,10,9,1
201442I302809,1,9,0,18,0,0,0,0,7,0,3,1,6,1,17,4,1560,2,7,4,3
201442I302809,2,9,0,18,0,0,0,0,0,0,3,1,6,1,57,9,1229,1,-1,-1,-1
201442I302809,3,9,0,18,0,0,0,0,1,0,3,1,2,2,43,7,1246,1,6,7,3
201442I302809,4,9,0,18,0,0,0,0,1,0,3,1,6,2,70,10,1493,2,8,-1,-1
201442I302909,1,9,0,9,0,8,0,0,0,0,3,1,2,2,56,9,3311,8,7,10,1
201442I302909,2,9,0,18,0,8,0,0,0,0,3,1,2,1,20,4,-1,-1,-1,5,1
201442I303009,1,9,0,18,0,0,0,0,7,1,1,1,6,1,42,7,2179,2,6,4,1
201442I303109,1,9,0,9,9,6,0,0,0,0,4,1,6,1,21,5,1242,1,3,7,1
201442I303209,1,9,0,9,0,8,0,0,0,0,1,1,6,3,-1,-1,1896,2,9,-1,-1
201442I303209,2,9,0,9,0,1,0,0,0,0,3,1,6,2,18,4,1242,1,10,9,3
201442I303309,1,9,0,18,0,0,0,0,1,2,1,1,6,1,18,4,1596,1,25,1,1
201442I303409,1,5,0,18,0,8,0,0,0,0,1,1,2,1,43,7,-1,-1,-1,9,1
201442I303409,2,9,0,18,0,8,0,0,0,0,2,1,6,1,63,9,1362,1,1,6,1
201442I303507,1,9,0,18,0,7,1,0,0,0,1,1,6,1,-1,-1,1984,1,7,-1,-1
201442I303507,2,9,0,18,0,7,0,0,0,0,2,1,6,2,19,4,1149,1,12,10,1
201442I303609,1,98,0,18,0,0,0,0,0,0,0,1,6,3,-1,-1,-1,-1,-1,-1,-1
201442I303609,2,9,0,18,0,0,0,11,0,0,0,1,2,2,36,7,1390,1,4,8,1
201442I303709,1,9,0,4,0,1,0,0,0,0,1,1,2,1,50,8,2497,2,8,6,1
201442I303709,2,9,0,4,0,1,0,0,0,0,2,1,1,1,27,6,1997,2,1,1,1
201442I303809,1,9,0,18,0,0,0,0,0,0,1,1,1,1,49,8,2387,2,7,-1,1
201442I303809,2,9,0,18,0,0,0,0,0,0,2,1,1,1,39,7,1497,8,6,2,1
201442I303809,3,19,0,18,0,0,0,0,0,0,3,1,1,1,41,7,2953,2,10,2,1
201442I303809,4,19,0,18,0,0,0,0,0,0,4,1,1,1,34,6,2464,2,6,6,1
201442I303809,5,21,0,18,0,0,0,0,0,0,1,1,1,1,36,7,8867,2,5,2,1
201442I303809,6,9,0,18,0,0,0,0,0,0,2,1,1,1,63,9,2143,2,-1,6,3
201442I303809,7,19,0,18,0,0,0,0,0,0,3,1,1,1,44,7,1995,2,3,7,2
201442I303809,8,9,0,18,0,0,0,0,0,0,4,1,1,1,54,8,1956,2,3,1,1
201442I303809,9,9,0,18,0,0,0,0,0,0,1,1,1,1,52,8,-1,-1,-1,5,2
201442I303809,10,21,0,18,0,0,0,0,0,0,2,1,1,1,28,6,12902,2,-1,3,1
201442I304009,1,9,0,5,0,3,0,0,0,0,1,1,6,1,54,8,1398,1,1,3,1
201442I304009,2,22,0,18,0,2,0,0,0,0,0,1,6,1,66,10,-1,-1,-1,1,1
201442I304109,1,9,0,18,0,2,0,0,0,0,1,1,6,1,18,4,1390,1,8,1,1
201442I304209,1,9,0,7,0,1,0,0,0,0,3,1,6,2,54,8,1360,1,11,1,1
201442I304209,2,9,0,18,0,1,1,0,0,0,1,1,6,1,76,11,1360,1,11,5,1
201442I304309,1,9,0,9,0,4,0,0,0,0,3,1,6,1,49,8,1796,1,7,2,1
201442I304309,2,9,0,18,0,8,1,0,0,0,1,1,6,2,35,6,2460,2,9,-1,1
201442I304509,1,19,0,18,0,0,0,0,0,0,1,1,6,1,-1,-1,1753,2,14,-1,-1
201442I304509,2,9,0,3,0,0,0,0,0,0,2,1,6,1,27,6,1984,1,11,7,1
201442I304509,3,9,0,3,0,0,0,0,0,0,2,1,6,2,-1,-1,-1,-1,-1,-1,-1
201442I304909,1,9,0,7,0,5,0,0,0,0,4,1,2,2,21,5,998,1,8,7,1
201442I305009,1,5,0,18,0,0,0,0,0,0,0,1,6,1,51,8,996,1,9,7,1
201442I305109,1,9,0,17,0,8,0,0,0,0,3,1,2,2,44,7,1560,2,5,2,1
201442I305109,2,1,0,17,0,8,0,0,0,0,4,1,6,1,76,11,-1,-1,-1,1,1
201442I305209,1,9,0,18,0,8,0,0,0,0,3,1,6,1,31,6,998,1,-1,6,2
201442I305209,2,3,0,18,0,8,0,0,0,0,4,1,6,1,16,4,-1,-1,-1,8,1
201442I305309,1,3,0,6,0,8,0,0,0,0,1,1,6,1,18,4,124,1,3,1,1
201442I305309,2,9,0,13,0,8,0,0,0,0,3,1,6,1,51,8,1910,2,6,5,1
201442I305509,1,9,0,9,0,1,0,0,2,4,1,1,6,1,18,4,998,1,2,7,2
201442I305609,1,9,0,9,0,6,0,0,0,0,1,1,6,2,70,10,2993,2,2,9,1
201442I305609,2,9,0,18,0,1,2,0,1,4,4,1,6,1,45,7,1798,1,2,7,2
201442I305709,1,10,0,18,0,0,0,0,0,0,4,1,1,1,61,9,-1,-1,-1,2,1
201442I305809,1,3,0,17,0,0,0,0,1,4,1,1,6,1,25,5,125,1,12,5,1
201442I305909,1,5,0,18,0,0,0,0,0,0,0,1,1,1,42,7,471,1,1,6,3
201442I306009,1,1,0,18,0,0,0,0,4,0,0,1,6,2,35,6,-1,-1,-1,-1,-1
201442I306209,1,9,0,18,0,0,1,0,0,0,1,1,2,2,20,4,1299,1,13,8,1
201442I306209,2,9,0,3,0,0,0,0,0,0,2,1,2,1,33,6,1149,1,7,7,1
201442I306209,3,9,0,3,0,0,0,0,0,0,2,1,6,1,62,9,1298,1,11,8,1
201442I306309,1,19,0,18,0,0,0,0,0,0,0,1,6,1,41,7,1560,2,1,8,3
201442I306409,1,9,0,18,0,0,0,0,0,0,1,1,1,1,20,4,1360,1,12,7,1
201442I306509,1,9,0,5,0,8,0,0,0,0,1,1,6,1,28,6,1590,1,18,7,1
201442I306509,2,9,0,18,0,8,0,0,0,0,4,1,6,1,33,6,1560,2,5,5,1
201442I306709,1,2,0,18,0,0,0,0,0,0,1,1,6,1,21,5,49,1,1,4,1
201442I306709,2,9,0,18,0,0,0,0,0,0,2,1,6,2,18,4,1299,1,12,6,1
201442I306809,1,9,0,4,0,4,0,0,0,0,1,1,6,2,-1,-1,-1,-1,-1,7,1
201442I306809,2,9,0,4,0,4,0,0,0,0,2,1,6,2,22,5,998,1,1,6,3
201442I306909,1,19,0,18,0,1,0,0,0,0,1,1,1,1,-1,-1,-1,-1,-1,-1,-1
201442I306909,2,9,0,18,0,1,0,0,0,0,2,1,1,1,26,6,1086,1,8,9,1
201442I307009,1,9,0,13,0,0,1,0,1,0,1,1,2,2,31,6,1998,1,17,5,1
201442I307109,1,9,0,5,0,1,0,0,0,0,1,1,6,1,35,6,2324,1,15,10,1
201442I307109,2,9,0,3,0,1,0,0,0,0,2,1,6,2,29,6,1995,2,1,8,1
201442I307309,1,9,0,9,0,7,0,0,0,0,2,1,6,2,30,6,1798,1,1,3,1
201442I307409,1,9,0,18,0,6,0,0,0,0,1,1,6,2,53,8,1991,2,9,6,2
201442I307409,2,9,0,18,0,8,0,0,0,0,1,1,6,1,75,10,1998,1,12,6,2
201442I307509,1,9,0,13,0,1,0,0,0,0,1,1,2,1,33,6,2324,1,14,4,1
201442I307709,1,9,0,18,0,0,0,0,0,0,1,1,1,2,22,5,1199,1,11,6,2
201442I307709,2,9,0,4,0,0,0,0,0,0,2,1,6,1,60,9,2996,1,4,6,1
201442I307809,1,9,0,18,0,1,1,0,0,0,1,1,6,1,19,4,1598,1,1,8,3
201442I307809,2,9,0,10,0,2,0,0,0,0,2,1,6,2,34,6,1596,1,9,5,1
201442I307909,1,19,0,18,0,0,1,0,4,6,1,1,1,1,19,4,-1,-1,-1,10,1
201442I307909,2,19,0,18,0,0,0,0,0,0,2,1,1,1,24,5,1560,2,-1,7,1
201442I307909,3,19,0,18,0,0,0,0,0,0,2,1,1,1,25,5,2198,2,-1,10,1
201442I307909,4,19,0,18,0,0,0,0,0,0,2,1,1,1,29,6,1753,2,3,8,1
201442I308009,1,9,0,18,0,8,1,0,0,0,1,1,2,1,22,5,1360,1,13,1,1
201442I308009,2,9,0,10,0,1,0,0,0,0,2,1,1,2,26,6,1716,2,13,8,1
201442I308109,1,9,0,9,0,1,0,0,0,0,1,1,1,2,72,10,2985,2,9,6,3
201442I308109,2,5,0,18,0,1,1,0,7,0,1,1,1,1,23,5,599,1,17,3,1
201442I308209,1,9,0,16,0,0,1,0,0,0,1,1,6,1,28,6,1997,1,11,-1,-1
201442I308209,2,9,0,17,0,0,0,0,0,0,1,1,6,1,68,10,1598,2,3,8,2
201442I308309,1,9,0,5,0,4,0,0,0,0,1,1,6,1,87,11,3200,2,6,10,2
201442I308309,2,9,0,9,0,4,0,0,0,0,4,1,6,2,17,4,1242,1,-1,10,1
201442I308409,1,9,0,18,0,8,2,0,0,0,3,1,6,1,36,7,1895,1,14,4,1
201442I308509,1,5,0,16,0,0,0,0,1,9,3,1,6,1,72,10,-1,-1,-1,7,3
201442I308509,2,9,0,17,0,0,0,0,0,0,3,1,2,1,40,7,-1,-1,-1,4,1
201442I308609,1,9,0,18,0,0,0,0,0,0,2,1,6,1,40,7,1598,1,10,8,1
201442I308609,2,9,0,18,0,0,2,0,4,0,1,1,6,1,22,5,1910,2,7,10,1
201442I308709,1,9,0,9,0,1,0,0,0,0,1,1,6,2,41,7,1389,1,16,7,3
201442I308709,2,9,0,18,0,1,0,0,1,0,1,1,6,1,49,8,1997,2,11,10,1
201442I308809,1,9,0,18,0,0,0,0,0,0,0,1,6,3,-1,-1,-1,-1,-1,-1,-1
201442I308809,2,9,0,18,0,0,2,0,7,9,1,1,6,1,24,5,1999,1,9,2,1
201442I308909,1,9,0,18,0,0,0,0,0,0,1,1,6,1,35,6,1584,1,7,9,1
201442I308909,2,9,0,4,0,0,0,0,0,0,2,1,6,2,25,5,1598,1,9,-1,1
201442I309009,1,20,0,18,0,3,0,0,0,0,4,1,1,2,28,6,4461,2,3,8,1
201442I309009,2,9,0,18,0,3,0,0,0,0,3,1,6,2,32,6,1598,1,11,10,1
201442I309109,1,20,0,17,0,0,0,0,0,0,3,1,1,1,48,8,-1,-1,-1,8,1
201442I309209,1,9,0,18,0,8,0,0,0,0,3,1,1,1,39,7,-1,-1,-1,4,1
201442I309209,2,9,0,18,0,7,0,0,0,0,1,1,1,1,27,6,-1,-1,-1,7,1
201442I309309,1,9,0,17,0,8,0,0,0,0,1,1,6,2,18,4,1229,1,1,7,1
201442I309309,2,9,0,17,0,8,0,0,0,0,2,1,6,2,25,5,1388,1,7,4,1
201442I309409,1,9,0,9,0,8,0,0,7,0,1,1,6,3,-1,-1,-1,-1,-1,-1,-1
201442I309509,1,9,0,18,0,0,0,0,0,0,4,1,6,3,-1,-1,-1,-1,-1,-1,-1
201442I309609,1,9,0,18,0,0,0,0,0,0,1,1,6,1,27,6,1396,1,10,9,1
201442I309609,2,9,0,18,0,0,0,0,0,0,2,1,6,1,25,5,1998,1,9,3,1
201442I309609,3,9,0,18,0,0,0,0,0,0,1,1,6,1,22,5,2171,1,10,9,1
201442I309709,1,9,0,17,0,1,0,0,0,0,1,1,2,2,24,5,1360,1,8,8,3
201442I309809,1,9,0,9,0,8,0,0,0,0,0,1,6,3,-1,-1,-1,-1,-1,-1,-1
201442I309809,2,1,0,18,0,8,1,10,0,0,0,1,6,1,55,8,-1,-1,-1,7,1
201442I309909,1,9,0,18,0,0,0,4,0,0,1,1,6,1,24,5,1896,2,14,7,2
201442I309909,2,9,0,2,0,0,0,0,0,0,2,1,6,1,28,6,1388,1,6,-1,2
201442I310109,1,4,0,17,0,0,1,0,0,0,0,1,4,1,18,4,-1,-1,-1,6,3
201442I310209,1,9,0,17,0,0,0,0,2,3,1,1,2,2,27,6,1149,1,9,7,3
201442I310309,1,21,0,17,0,0,0,0,1,3,1,1,1,1,60,9,4250,2,8,1,1
201442I310609,1,9,0,18,0,8,0,0,0,0,1,1,6,3,-1,-1,-1,-1,-1,-1,-1
201442I310609,2,9,0,3,0,8,0,0,0,0,2,1,6,2,45,7,1910,2,7,10,2
201442I310708,1,9,0,18,0,3,0,0,0,0,1,1,1,1,45,7,1900,2,15,6,1
201442I310708,2,19,0,18,0,3,0,0,0,0,2,1,1,1,40,7,1248,2,1,8,2
201442I310809,1,5,0,3,0,1,0,0,0,0,0,1,1,1,33,6,645,1,5,10,2
201442I310809,2,9,0,3,0,1,0,0,0,0,0,1,1,2,44,7,2402,2,4,10,2
201442I310908,1,9,0,5,0,1,0,0,0,1,4,1,1,1,28,6,1995,1,9,-1,1
201442I310908,2,9,0,18,0,1,0,0,0,0,1,1,6,2,59,9,3200,2,6,6,3
201442I311009,1,9,0,18,0,0,0,0,0,0,0,1,6,3,-1,-1,-1,-1,-1,-1,-1
201442I311009,2,9,0,18,0,0,0,0,1,4,4,1,6,1,18,4,1388,1,11,9,1
201442I311109,1,11,0,4,0,8,0,0,0,0,1,1,1,1,34,6,3900,2,11,4,1
201442I311109,2,9,0,4,0,8,0,0,0,0,2,1,2,1,49,8,1598,1,10,2,1
201442I311209,1,3,0,16,0,2,1,0,0,0,0,1,3,2,18,4,125,1,1,10,1
201442I311209,2,21,0,5,2,2,0,0,0,0,0,1,1,1,34,6,4250,2,3,2,1
201442I311309,1,21,1,18,0,0,0,0,0,0,1,1,1,1,39,7,10837,2,5,2,1
201442I311409,1,9,0,3,0,2,0,0,0,0,1,1,6,1,34,6,1242,1,14,8,2
201442I311409,2,9,0,18,0,1,0,0,0,0,1,1,6,2,29,6,1997,2,-1,8,3
201442I311509,1,9,0,3,0,4,0,0,0,0,1,1,6,1,22,5,-1,-1,-1,4,1
201442I311509,2,9,0,3,0,3,0,0,0,0,2,1,2,2,20,4,1388,1,9,7,2
201442I311509,3,19,0,3,0,4,0,0,0,0,2,1,1,1,54,8,2198,2,-1,7,1
201442I311609,1,9,0,18,0,0,0,0,0,0,3,1,6,1,68,10,1968,2,4,10,1
201442I311709,1,9,0,11,0,0,1,0,5,6,1,1,6,1,27,6,-1,-1,-1,1,1
201442I311809,1,21,0,18,0,0,0,0,0,0,0,1,1,1,47,8,-1,-1,-1,9,1
201442I311809,2,9,0,17,0,0,1,0,0,0,4,1,2,2,18,4,1229,1,6,7,3
201442I311809,3,9,0,17,0,0,1,0,0,0,3,1,2,1,26,6,1397,1,2,7,3
201442I311909,1,9,0,18,0,0,0,0,0,0,1,1,6,1,22,5,1686,2,1,7,2
201442I312009,1,19,0,18,0,4,0,0,0,0,1,1,6,1,-1,-1,-1,-1,-1,3,1
201442I312009,2,9,0,3,0,4,0,0,0,0,2,1,6,2,54,8,1598,1,2,4,1
201442I312009,3,9,0,3,0,4,0,0,0,0,2,1,6,3,-1,-1,-1,-1,-1,-1,-1
201442I312109,1,9,0,18,0,1,1,0,1,4,3,1,2,1,31,6,1596,1,11,10,1
201442I312209,1,5,0,5,0,6,1,0,0,0,0,1,6,1,50,8,-1,-1,-1,3,1
201442I312309,1,9,0,9,0,8,0,0,0,0,4,1,2,1,-1,-1,1998,2,13,-1,-1
201442I312309,2,1,0,9,0,8,0,0,0,0,3,1,6,1,28,6,-1,-1,-1,3,1
201442I312409,1,9,0,16,0,1,0,0,0,0,1,1,3,1,-1,-1,1998,2,10,-1,-1
201442I312409,2,9,0,4,0,1,0,0,1,0,2,1,3,1,41,7,1868,2,12,6,3
201442I312509,1,9,0,18,0,0,1,0,0,0,1,1,6,1,23,5,1796,1,13,3,1
201442I312509,2,9,0,6,0,0,0,0,0,0,4,1,2,1,43,7,1360,1,9,1,1
201442I312609,1,9,0,3,0,0,0,0,0,0,4,1,2,2,41,7,1598,1,9,3,1
201442I312609,2,1,0,18,0,0,0,0,0,0,3,1,6,1,33,6,-1,-1,-1,1,1
201442I312709,1,9,0,18,0,0,0,0,7,4,1,1,6,1,22,5,1998,1,14,5,1
201442I312709,2,9,0,18,0,0,0,0,0,0,4,1,6,1,87,11,1242,1,2,7,1
201442I312809,1,9,0,18,0,8,0,0,0,0,1,1,1,1,22,5,1989,1,14,2,1
201442I312809,2,9,0,18,0,8,0,0,0,0,4,1,6,2,29,6,-1,-1,-1,10,1
201442I312809,3,19,0,18,0,8,0,0,0,0,0,1,6,3,-1,-1,-1,-1,-1,-1,-1
201442I312909,1,9,0,18,0,0,0,0,0,0,1,1,6,3,-1,-1,-1,-1,-1,-1,-1
201442I313009,1,9,0,4,0,4,0,0,0,0,1,1,6,1,51,8,1796,1,15,2,1
201442I313009,2,9,0,5,0,4,0,0,0,0,2,1,6,1,20,4,1248,2,4,9,1
201442I313109,1,8,0,9,9,1,0,0,7,0,4,1,1,1,33,6,1997,2,4,8,1
201442I313209,1,5,0,16,0,0,1,0,7,9,4,1,6,1,21,5,645,1,7,7,3
201442I313309,1,9,0,5,0,8,0,0,0,0,0,1,2,1,30,6,-1,-1,-1,9,3
201442I313309,2,5,0,15,0,1,0,0,0,0,4,1,2,1,27,6,1092,1,15,-1,1
201442I313409,1,9,0,13,0,8,0,0,0,0,4,1,6,2,37,7,1581,1,15,-1,-1
201442I313409,2,19,0,9,0,8,0,0,0,0,3,1,1,1,30,6,2402,2,13,7,3
201442I313509,1,9,0,7,9,1,0,0,1,0,1,1,6,1,-1,-1,1796,1,11,-1,-1
201442I313609,1,11,0,5,8,0,0,0,0,0,0,1,6,1,41,7,-1,-1,-1,7,3
201442I313609,2,19,0,18,0,0,0,0,0,0,3,1,6,1,64,9,1248,2,1,10,1
201442I313609,3,9,0,18,0,0,5,0,5,6,4,1,6,2,43,7,1229,1,5,2,1
201442I313609,4,9,0,2,6,0,0,0,0,0,0,1,6,2,22,5,1299,1,11,4,2
201442I313809,1,9,0,18,0,0,0,0,0,0,4,1,2,2,-1,-1,998,1,-1,8,3
201442I313809,2,5,0,18,0,0,0,0,0,0,1,1,2,1,43,7,1585,1,3,9,1
201442I313909,1,21,1,9,0,8,0,0,0,0,1,2,1,1,28,6,-1,-1,-1,-1,-1
201442I313909,2,19,0,18,0,3,5,0,0,0,4,1,2,1,53,8,1995,2,-1,7,1
201442I314005,1,5,0,11,0,8,0,0,0,0,1,1,6,1,56,9,-1,-1,-1,9,2
201442I314005,2,9,0,11,0,8,0,0,0,0,2,1,6,1,69,10,1896,2,12,5,3
201442I314109,1,9,0,9,0,1,0,0,0,0,1,1,6,2,83,11,1299,1,12,7,3
201442I314109,2,1,0,18,0,1,0,0,0,0,0,1,6,1,82,11,-1,-1,-1,-1,-1
201442I314209,1,9,0,3,0,1,0,0,0,0,1,1,6,1,-1,-1,1984,1,8,-1,-1
201442I314209,2,4,0,18,0,1,0,0,0,0,1,1,6,1,20,4,125,1,-1,4,3
201442I314309,1,9,0,4,0,1,0,0,0,0,4,1,6,2,-1,-1,1796,1,12,-1,-1
201442I314309,2,1,0,4,0,1,0,0,0,0,3,1,6,1,78,11,-1,-1,-1,8,3
201442I314409,1,9,0,5,0,6,0,0,0,0,0,1,6,3,-1,-1,-1,-1,-1,-1,-1
201442I314409,2,1,0,18,0,1,0,0,0,0,0,1,6,2,32,6,-1,-1,-1,3,1
201442I314509,1,9,0,18,0,0,0,0,0,0,4,1,6,2,50,8,998,1,13,2,1
201442I314609,1,9,0,17,0,0,0,0,0,0,0,1,6,3,-1,-1,-1,-1,-1,-1,-1
201442I314609,2,9,0,16,0,0,0,0,7,4,1,1,1,2,24,5,2720,2,10,9,1
201442I314709,1,3,0,12,0,4,0,0,0,0,3,1,6,2,25,5,125,1,-1,8,1
201442I314709,2,9,0,11,0,4,0,0,0,0,4,1,2,2,59,9,1995,2,9,8,2
201442I314809,1,3,0,13,0,8,0,0,0,0,1,1,6,1,25,5,124,1,-1,9,1
201442I314809,2,9,0,9,0,5,0,0,0,0,3,1,6,2,22,5,1364,1,9,3,1
201442I314909,1,9,0,5,0,8,0,0,0,0,3,1,6,1,90,11,1360,1,14,6,2
201442I314909,2,21,1,18,0,8,0,0,0,0,1,1,1,1,54,8,10837,2,3,9,1
201442I315009,1,19,0,18,0,8,0,0,0,0,1,1,6,1,-1,-1,1995,2,1,-1,-1
201442I315109,1,9,0,1,0,1,0,0,0,0,2,1,6,1,32,6,2000,2,10,5,1
201442I315309,1,3,0,18,0,0,0,0,1,0,4,1,1,1,35,6,-1,-1,-1,3,1
201442I315409,1,9,0,18,0,0,0,4,0,0,1,1,6,2,26,6,1388,1,7,9,1
201442I315409,2,9,0,2,0,0,0,0,0,0,2,1,2,1,29,6,1596,1,6,2,1
201442I315509,1,2,0,18,0,8,1,0,0,0,0,1,6,1,16,4,49,1,8,7,1
201442I315709,1,19,0,5,0,8,0,0,0,0,3,1,1,1,-1,-1,1998,2,11,-1,-1
201442I315709,2,9,0,18,0,8,0,9,7,0,4,1,6,1,19,4,1242,1,9,10,1
201442I315809,1,9,0,4,0,0,0,0,0,0,1,1,6,1,18,4,998,1,9,4,1
201442I315809,2,19,0,4,0,0,0,0,0,0,2,1,6,1,46,8,1968,2,1,2,1
201442I315809,3,9,0,18,0,0,0,0,0,0,2,1,6,2,34,6,1976,1,3,-1,-1