Accident_Index,Vehicle_Reference,Vehicle_Type,Towing_and_Articulation,Vehicle_Manoeuvre,Vehicle_Location-Restricted_Lane,Junction_Location,Skidding_and_Overturning,Hit_Object_in_Carriageway,Vehicle_Leaving_Carriageway,Hit_Object_off_Carriageway,1st_Point_of_Impact,Was_Vehicle_Left_Hand_Drive?,Journey_Purpose_of_Driver,Sex_of_Driver,Age_of_Driver,Age_Band_of_Driver,Engine_Capacity_(CC),Propulsion_Code,Age_of_Vehicle,Driver_IMD_Decile,Driver_Home_Area_Type
201442I411212,2,9,0,18,0,1,0,0,0,0,1,1,6,2,32,6,993,1,12,4,1
201442I411312,1,9,0,3,0,0,0,0,0,0,1,1,2,1,22,5,1086,1,10,5,1
201442I411312,2,9,0,4,0,0,0,0,0,0,2,1,6,1,66,10,-1,-1,-1,4,3
201442I411412,1,9,0,4,0,7,0,0,0,0,2,1,2,1,52,8,1560,2,-1,9,1
201442I411412,2,19,0,4,0,7,0,0,0,0,2,1,2,1,40,7,2198,2,1,4,1
201442I411412,3,9,0,4,0,7,0,0,0,0,1,1,6,1,41,7,-1,-1,-1,9,1
201442I411612,1,9,0,5,0,1,0,0,0,0,1,1,6,2,-1,-1,-1,-1,-1,8,1
201442I411712,1,9,0,18,0,0,0,0,0,0,4,1,6,1,74,10,1598,1,6,6,1
201442I411812,1,19,0,18,0,0,0,0,0,0,1,1,6,1,-1,-1,2198,2,3,-1,-1
201442I411812,2,9,0,5,0,0,0,0,0,0,1,1,6,1,30,6,1998,2,12,2,1
201442I411812,3,9,0,5,0,0,0,0,0,0,2,1,6,1,-1,-1,-1,-1,-1,10,1
201442I412012,1,9,0,4,0,8,0,0,0,0,1,1,6,1,86,11,1229,1,2,4,1
201442I412012,2,9,0,9,0,8,0,0,0,0,4,1,6,2,32,6,1968,2,1,7,1
201442I412112,1,9,0,2,0,0,0,0,0,0,0,1,1,2,48,8,-1,-1,-1,8,1
201442I412112,2,8,0,18,0,0,0,0,0,0,0,1,6,2,63,9,-1,-1,-1,8,1
201442I412212,1,9,0,18,0,0,0,7,0,0,1,1,6,2,68,10,1299,1,10,4,1
201442I412312,1,9,0,7,0,1,0,0,0,0,1,1,6,1,-1,-1,-1,-1,-1,-1,-1
201442I412312,2,1,0,18,0,1,0,0,0,0,4,1,6,2,48,8,-1,-1,-1,-1,-1
201442I412412,1,9,0,7,0,2,0,0,0,0,1,1,6,1,-1,-1,-1,-1,-1,-1,-1
201442I412412,2,9,0,18,0,2,0,0,0,0,1,1,6,1,54,8,1299,1,14,10,1
201442I412512,1,9,0,11,0,0,0,0,0,0,4,1,6,1,-1,-1,1596,1,3,-1,-1
201442I412512,2,19,0,18,0,0,0,0,0,0,3,1,6,1,38,7,2198,2,-1,3,1
201442I412612,1,9,0,17,0,0,1,0,0,0,1,1,6,1,19,4,1596,1,10,8,1
201442I412612,2,9,0,16,0,0,1,0,0,0,1,1,6,2,32,6,1560,2,7,9,2
201442I412711,1,9,0,9,0,1,0,0,0,0,1,1,6,2,-1,-1,-1,-1,-1,-1,-1
201442I412711,2,1,0,18,0,1,0,0,0,0,0,1,6,2,-1,-1,-1,-1,-1,4,1
201442I412912,1,9,0,18,0,0,0,0,0,0,1,1,6,3,-1,-1,1360,1,17,-1,-1
201442I412912,2,1,0,18,0,0,0,0,0,0,1,1,6,1,54,8,-1,-1,-1,7,3
201442I413009,1,97,0,4,0,1,0,0,0,0,1,1,6,1,38,7,600,1,14,9,2
201442I413009,2,9,0,5,0,1,0,0,0,0,1,1,6,2,50,8,1995,2,-1,9,2
201442I413112,1,9,0,5,0,4,0,0,0,0,0,1,6,3,-1,-1,-1,-1,-1,-1,-1
201442I413112,2,3,0,9,0,3,0,0,0,0,0,1,1,1,45,7,-1,-1,-1,9,1
201442I413212,1,9,0,18,0,4,0,0,0,0,1,1,6,1,-1,-1,2967,1,15,-1,-1
201442I413212,2,9,0,4,0,4,0,0,0,0,2,1,6,2,61,9,1968,2,4,8,2
201442I413311,1,9,0,17,0,0,1,0,0,0,3,1,1,1,35,6,2993,2,-1,10,2
201442I413412,1,9,0,18,0,1,0,0,0,0,1,1,1,1,-1,-1,2993,2,-1,-1,-1
201442I413511,1,9,0,17,0,2,1,7,0,0,1,1,2,1,18,4,1229,1,6,-1,1
201442I413511,2,9,0,18,0,2,0,0,0,0,1,1,6,2,56,9,1388,1,7,9,1
201442I413612,1,9,0,18,0,1,0,0,0,0,1,1,6,2,-1,-1,1997,2,1,-1,-1
201442I413612,2,9,0,18,0,1,0,0,0,0,2,1,6,2,37,7,1796,1,10,-1,-1
201442I413812,1,1,0,18,0,0,1,0,0,0,4,1,6,1,21,5,-1,-1,-1,1,1
201442I413912,1,11,0,18,0,0,0,0,0,0,1,1,1,1,-1,-1,7300,2,9,2,1
201442I413912,2,9,0,18,0,0,0,0,0,0,2,1,6,2,37,7,1275,1,17,5,1
201442I414012,1,9,0,7,0,6,0,0,7,11,1,1,6,1,39,7,2616,1,9,10,1
201442I414012,2,9,0,18,0,8,0,0,7,11,1,1,6,1,65,9,-1,-1,-1,8,3
201442I414112,1,9,0,18,0,8,0,0,0,0,1,1,6,1,77,11,1229,1,8,10,1
201442I414112,2,9,0,2,0,8,0,0,0,0,1,1,6,3,-1,-1,1995,2,1,-1,-1
201442I414212,1,9,0,18,0,8,0,0,1,2,1,1,6,2,28,6,1587,1,12,-1,-1
201442I414311,1,9,0,18,0,0,0,0,1,11,1,1,6,2,39,7,2656,1,8,9,1
201442I414311,2,9,0,2,0,0,0,0,1,2,2,1,6,3,-1,-1,-1,-1,-1,7,1
201442I414412,1,9,0,18,0,2,0,0,0,0,1,1,6,1,40,7,1999,1,7,5,1
201442I414512,1,9,0,18,0,0,1,0,0,0,1,1,6,1,35,6,1388,1,2,9,1
201442I414512,2,9,0,4,0,0,2,0,0,0,2,1,6,2,59,9,1560,2,7,8,3
201442I414611,1,9,0,11,0,8,0,0,0,0,1,1,1,2,26,6,-1,-1,-1,4,1
201442I414611,2,9,0,17,0,8,0,0,0,0,1,1,1,2,54,8,1796,1,16,9,1
201442I414711,1,9,0,4,0,1,1,0,0,0,1,1,6,1,20,4,1229,1,8,5,1
201442I414711,2,9,0,18,0,1,0,0,1,11,3,1,6,1,53,8,1598,1,11,5,1
201442I414812,1,9,0,18,0,0,0,0,0,0,1,1,6,1,33,6,1596,1,6,10,1
201442I414812,2,9,0,4,0,0,0,0,0,0,2,1,6,2,42,7,-1,-1,-1,2,1
201442I414912,1,19,0,18,0,6,0,0,0,0,1,1,6,1,36,7,2198,2,7,4,1
201442I414912,2,9,0,3,0,2,0,0,0,0,2,1,6,1,28,6,1968,2,5,-1,1
201442I415012,1,1,0,18,0,0,1,0,0,0,1,1,4,1,12,3,-1,-1,-1,1,1
201442I415012,2,9,0,18,0,0,0,0,0,0,3,1,1,2,54,8,1364,1,9,6,1
201442I415112,1,9,0,18,0,3,0,0,0,0,0,1,6,2,31,6,1560,2,2,4,1
201442I415112,2,9,0,9,0,8,0,10,0,10,4,1,6,1,19,4,1596,1,3,-1,-1
201442I415212,1,97,0,18,0,2,0,0,0,0,1,1,1,1,18,4,102,1,-1,6,2
201442I415311,1,9,0,17,0,0,2,0,1,9,1,1,2,2,34,6,1398,2,11,4,1
201442I415411,1,9,0,17,0,0,1,0,7,11,1,1,6,2,34,6,1600,1,14,8,3
201442I415411,2,9,0,17,0,0,0,0,0,0,3,1,2,1,56,9,1596,1,14,10,2
201442I415411,3,9,0,17,0,0,0,0,0,0,1,1,2,1,64,9,-1,-1,-1,-1,-1
201442I415512,1,9,0,10,0,6,0,0,0,0,3,1,6,1,22,5,1995,1,3,10,1
201442I415512,2,3,0,18,0,8,0,0,0,0,1,1,6,1,19,4,124,1,2,4,3
201442I415612,1,9,0,3,0,1,0,0,0,0,1,1,6,1,53,8,1968,2,2,9,1
201442I415612,2,9,0,3,0,1,0,0,0,0,2,1,6,2,43,7,1598,1,3,8,3
201442I415712,1,9,0,6,0,0,0,0,0,0,3,1,6,1,66,10,1086,1,11,8,3
201442I415712,2,3,0,13,0,0,0,0,0,0,1,1,1,1,22,5,125,1,-1,5,2
201442I415812,1,9,0,13,0,0,0,0,0,0,1,1,1,1,24,5,1753,2,11,5,1
201442I415812,2,9,0,18,0,0,0,0,0,0,1,1,1,1,39,7,1968,2,7,3,1
201442I415912,1,9,0,18,0,3,0,0,0,0,3,1,6,2,19,4,1587,1,8,-1,-1
201442I415912,2,3,0,18,0,3,0,0,0,0,4,1,6,1,29,6,125,1,-1,4,1
201442I416012,1,9,0,12,0,1,0,0,0,0,2,1,6,2,31,6,1229,1,3,4,1
201442I416012,2,9,0,18,0,1,0,0,0,0,1,1,6,2,28,6,1299,1,16,10,1
201442I416112,1,9,0,18,0,0,2,4,0,0,1,1,2,1,48,8,1596,1,13,6,2
201442I416112,2,19,0,2,0,0,0,0,0,0,3,1,6,3,47,8,-1,-1,-1,6,2
201442I416112,3,9,0,2,0,0,0,0,0,0,3,1,6,3,-1,-1,-1,-1,-1,6,2
201442I416112,4,9,0,2,0,0,0,0,0,0,3,1,6,3,-1,-1,1997,2,8,6,2
201442I416212,1,9,0,4,0,0,0,0,0,0,1,1,6,1,19,4,1124,1,11,7,3
201442I416212,2,9,0,4,0,0,0,0,0,0,2,1,6,2,27,6,2793,1,15,5,1
201442I416312,1,9,0,4,0,0,1,0,0,0,1,1,6,1,54,8,1399,2,12,3,1
201442I416312,2,9,0,3,0,0,0,0,0,0,2,1,6,1,45,7,1910,2,6,-1,1
201442I416412,1,9,0,4,0,1,1,0,0,0,1,1,1,1,39,7,1796,2,-1,2,1
201442I416412,2,9,0,3,0,1,0,0,0,0,2,1,2,1,34,6,1596,1,5,3,1
201442I416512,1,9,0,18,0,4,2,0,7,1,1,1,2,2,20,4,1360,1,11,6,1
201442I416612,1,9,0,9,0,2,0,0,0,0,1,1,6,2,83,11,998,1,4,8,1
201442I416712,1,9,0,18,0,0,1,0,0,0,1,1,6,1,34,6,1560,2,6,8,1
201442I416712,2,10,0,18,0,0,2,0,1,3,1,1,6,1,45,7,1998,2,11,7,3
201442I416812,1,9,0,4,0,0,0,0,0,0,1,1,6,1,22,5,-1,-1,-1,4,1
201442I416812,2,9,0,4,0,0,0,0,0,0,1,1,6,1,33,6,1798,1,11,3,1
201442I416812,3,9,0,4,0,0,0,0,0,0,2,1,6,1,29,6,1997,2,8,2,1
201442I416912,1,9,0,7,0,2,0,0,0,0,1,1,6,1,22,5,1149,1,11,5,1
201442I416912,2,9,0,18,0,1,0,0,0,0,1,1,6,1,22,5,1396,1,11,4,1
201442I417012,1,9,0,9,0,8,0,0,0,0,1,1,6,1,50,8,1598,2,3,7,3
201442I417012,2,2,0,18,0,8,1,0,0,0,3,1,6,1,38,7,49,1,6,9,1
201442I417112,1,9,0,18,0,0,0,0,0,0,0,1,6,3,-1,-1,-1,-1,-1,-1,-1
201442I417112,2,9,0,18,0,0,0,0,0,0,1,1,6,1,19,4,1299,1,14,3,1
201442I417112,3,19,0,18,0,0,0,0,0,0,2,1,6,1,21,5,1248,2,7,10,2
201442I417212,1,9,0,17,0,0,1,0,0,4,1,1,2,1,28,6,1596,1,13,7,1
201442I417312,1,9,0,9,0,8,0,0,0,0,2,1,6,1,52,8,1329,1,5,5,1
201442I417312,2,3,0,4,0,1,0,0,0,0,1,1,2,1,22,5,125,1,1,4,1
201442I417411,1,9,0,18,0,4,0,0,0,0,1,1,6,2,55,8,2204,2,6,3,1
201442I417411,2,9,0,18,0,4,0,0,0,0,2,1,1,1,36,7,1598,2,-1,3,1
201442I417512,1,9,0,18,0,4,0,0,0,0,1,1,6,1,-1,-1,-1,-1,-1,-1,-1
201442I417512,2,1,0,18,0,4,0,0,0,0,3,1,2,1,17,4,-1,-1,-1,-1,-1
201442I417612,1,2,0,17,0,0,1,0,0,0,4,1,6,1,38,7,49,1,3,5,1
201442I417612,2,9,0,2,0,0,0,0,0,0,1,1,6,3,-1,-1,1398,2,1,-1,-1
201442I417712,1,9,0,18,0,0,0,0,0,0,1,1,1,1,22,5,2143,2,-1,7,1
201442I417712,2,9,0,4,0,0,0,0,0,0,2,1,6,2,22,5,1798,1,2,5,1
201442I417712,3,9,0,4,0,0,0,0,0,0,2,1,6,1,24,5,1199,2,1,6,1
201442I417812,1,9,0,18,0,0,0,0,0,0,4,1,6,2,39,7,1796,1,6,4,1
201442I417912,1,2,0,9,0,1,0,0,0,0,4,1,6,1,19,4,49,1,14,7,1
201442I417912,2,9,0,18,0,8,0,0,0,0,1,1,6,2,-1,-1,1360,1,9,7,1
201442I417912,3,9,0,10,0,2,0,0,0,0,3,1,6,2,46,8,1299,1,13,4,1
201442I418012,1,9,0,18,0,0,5,10,0,0,3,1,6,1,22,5,1995,1,5,9,1
201442I418112,1,9,0,18,0,0,0,0,0,0,1,1,6,1,-1,-1,1598,1,6,4,1
201442I418112,2,16,0,18,0,0,0,0,0,0,0,1,6,2,-1,-1,-1,-1,-1,5,1
201442I418212,1,9,0,4,9,2,0,0,0,0,1,1,6,2,33,6,1995,2,-1,7,2
201442I418312,1,9,0,9,0,6,0,0,0,0,1,1,6,2,80,11,998,1,13,6,1
201442I418312,2,19,0,18,0,1,1,0,0,0,1,1,1,1,25,5,1905,2,14,10,1
201442I418412,1,9,0,9,0,1,0,0,0,0,1,1,6,2,17,4,1229,1,7,4,1
201442I418412,2,9,0,18,0,1,0,0,0,0,1,1,6,2,23,5,1596,1,2,6,1
201442I418512,1,9,0,3,0,0,0,0,0,0,1,1,6,1,-1,-1,-1,-1,-1,-1,-1
201442I418512,2,1,0,18,0,0,0,0,0,0,3,1,4,1,17,4,-1,-1,-1,8,1
201442I418612,1,9,0,12,0,7,0,0,0,0,3,1,6,1,-1,-1,-1,-1,-1,-1,-1
201442I418612,2,3,0,18,0,8,0,0,0,0,4,1,1,1,37,7,124,1,11,10,1
201442I418612,3,9,0,18,0,8,0,0,0,0,2,1,1,1,-1,-1,2191,2,1,3,1
201442I418911,1,9,0,18,0,0,0,0,0,0,1,1,6,3,-1,-1,-1,-1,-1,-1,-1
201442I418911,2,9,0,3,0,0,0,0,0,0,2,1,6,1,33,6,1753,2,14,8,1
201442I419112,1,9,0,5,0,0,0,0,0,0,1,1,3,2,35,6,1997,2,6,7,1
201442I419212,1,21,0,7,0,5,0,0,0,0,0,1,1,3,-1,-1,-1,-1,-1,-1,-1
201442I419212,2,9,0,7,0,5,0,0,1,9,0,1,1,2,53,8,1596,1,6,6,1
201442I419311,1,9,0,7,0,1,0,0,0,0,1,1,6,2,-1,-1,2893,1,3,-1,-1
201442I419311,2,9,0,18,0,1,0,0,0,0,4,1,6,2,40,7,1149,1,15,3,1
201442I419412,1,19,0,13,0,1,0,0,0,0,1,1,1,1,-1,-1,1753,2,4,-1,-1
201442I419412,2,8,0,3,0,1,0,0,0,0,0,1,1,1,58,9,1996,2,3,3,1
201442I419512,1,9,0,18,0,0,0,0,0,0,0,1,6,3,-1,-1,-1,-1,-1,-1,-1
201442I419712,1,19,0,9,0,2,0,0,0,0,3,2,6,1,55,8,-1,-1,-1,9,2
201442I419712,2,9,0,17,0,1,1,0,0,0,1,1,6,2,72,10,1781,1,12,6,3
201442I419812,1,9,0,7,0,1,0,0,0,0,4,1,6,1,43,7,1596,1,-1,10,1
201442I419812,2,1,0,1,0,1,0,0,0,0,1,1,2,1,-1,-1,-1,-1,-1,-1,-1
201442I419912,1,9,0,12,0,0,0,0,0,0,1,1,6,1,30,6,1497,1,13,4,1
201442I419912,2,9,0,18,0,0,0,0,0,0,1,1,6,1,21,5,1390,1,16,-1,-1
201442I420012,1,9,0,5,8,1,0,0,0,0,0,1,6,3,-1,-1,-1,-1,-1,-1,-1
201442I420012,2,2,0,18,0,1,1,0,0,0,0,1,6,1,16,4,49,1,10,10,1
201442I420112,1,9,0,18,0,2,0,0,0,0,1,1,6,1,48,8,1968,2,1,1,2
201442I420311,1,9,0,18,0,8,0,0,0,0,1,1,6,2,36,7,1461,2,4,6,1
201442I420311,2,1,0,18,0,8,0,0,0,0,2,1,6,1,62,9,-1,-1,-1,5,1
201442I420412,1,9,0,9,0,4,0,0,0,0,1,1,1,1,35,6,-1,-1,-1,1,1
201442I420412,2,4,0,18,0,3,1,0,0,0,4,1,6,1,21,5,599,1,13,1,1
201442I420512,1,9,0,17,0,0,0,0,0,0,1,1,6,2,39,7,-1,-1,-1,7,1
201442I420512,2,9,0,16,0,0,0,0,0,0,1,1,6,1,36,7,1997,2,2,-1,1
201442I420612,1,21,4,4,0,0,0,0,0,0,1,1,1,1,51,8,8970,2,7,9,2
201442I420612,2,9,0,3,0,0,0,0,0,0,2,1,1,2,37,7,1968,2,-1,9,1
201442I420612,3,21,1,3,0,0,0,0,0,0,2,1,1,1,48,8,12777,2,1,-1,2
201442I420612,4,21,0,3,0,0,0,0,0,0,2,1,1,1,45,7,-1,-1,-1,10,3
201442I420612,5,9,0,3,0,0,0,0,0,0,2,1,1,2,29,6,1198,1,4,-1,1
201442I420711,1,9,0,7,0,3,0,0,0,0,1,1,6,1,22,5,1999,1,9,10,1
201442I420711,2,5,0,15,0,3,0,0,0,0,3,1,6,1,46,8,1690,1,-1,3,1
201442I420812,1,9,0,5,0,4,0,0,0,0,1,1,6,2,-1,-1,1968,2,5,-1,-1
201442I420812,2,1,0,18,0,4,0,0,0,0,3,1,1,1,30,6,-1,-1,-1,9,1
201442I420912,1,9,0,18,0,0,2,0,1,0,0,1,6,1,25,5,-1,-1,-1,8,1
201442I421012,1,9,0,9,0,4,0,0,0,0,1,1,6,1,-1,-1,-1,-1,-1,-1,-1
201442I421012,2,1,0,18,0,8,0,0,0,0,2,1,1,1,31,6,-1,-1,-1,9,3
201442I421212,1,9,0,4,0,0,0,0,0,0,2,1,6,3,-1,-1,-1,-1,-1,-1,-1
201442I421212,2,1,0,18,0,0,1,0,0,0,1,1,6,1,38,7,-1,-1,-1,10,1
201442I421312,1,9,0,5,0,2,0,0,0,0,1,1,1,1,65,9,-1,-1,-1,9,1
201442I421412,1,9,0,18,0,0,0,0,0,0,1,1,6,1,-1,-1,-1,-1,-1,-1,-1
201442I421412,2,9,0,18,0,0,0,0,0,9,3,1,6,2,47,8,1600,1,3,10,1
201442I421512,1,9,0,5,9,5,0,0,0,0,4,1,3,2,-1,-1,-1,-1,-1,-1,-1
201442I421612,1,19,0,17,0,0,0,0,1,11,1,1,1,2,58,9,2198,2,1,5,1
201442I421612,2,9,0,2,0,0,0,0,0,0,3,1,6,2,-1,-1,1242,1,15,6,2
201442I421712,1,9,0,16,0,3,0,0,0,0,1,1,6,2,41,7,1493,2,9,5,1
201442I421712,2,9,0,4,0,4,0,0,0,0,1,1,6,2,41,7,1299,1,11,8,1
201442I421809,1,9,0,18,0,0,1,0,0,0,1,1,6,1,29,6,1796,1,11,3,1
201442I421809,2,9,0,18,0,0,0,0,1,0,3,1,6,1,29,6,1956,2,5,6,1
201442I421912,1,19,0,16,0,0,1,0,0,0,1,1,1,1,44,7,1753,2,8,-1,-1
201442I421912,2,9,0,17,0,0,0,0,1,9,1,1,6,1,31,6,2979,1,11,2,1
201442I422012,1,9,0,9,0,6,0,0,0,0,0,1,3,1,49,8,1798,1,12,6,1
201442I422012,2,9,0,18,0,8,0,0,0,0,0,1,1,1,46,8,1896,2,11,4,1
201442I422112,1,3,0,18,0,0,1,0,0,0,4,1,6,1,17,4,125,1,-1,7,2
201442I422112,2,9,0,18,0,0,0,0,0,0,2,1,6,1,33,6,1798,8,1,-1,1
201442I422312,1,9,0,9,0,8,0,0,0,0,1,1,6,1,34,6,1587,1,7,8,1
201442I422312,2,9,0,18,4,8,0,0,0,0,1,1,6,1,22,5,1242,1,16,5,3
201442I422411,1,9,0,9,0,6,0,0,0,0,1,1,6,1,-1,-1,2497,1,9,-1,-1
201442I422411,2,8,0,7,0,2,0,0,0,0,1,1,1,1,34,6,1997,2,5,-1,1
201442I422512,1,9,0,18,0,0,0,0,0,0,1,1,6,1,22,5,1198,1,4,8,2
201442I422512,2,9,0,2,0,0,0,0,1,0,3,1,6,3,-1,-1,1396,1,1,-1,-1
201442I422512,3,19,0,2,0,0,0,0,0,0,1,1,6,1,52,8,2463,2,8,-1,-1
201442I422611,1,9,0,18,0,0,0,0,0,0,1,1,6,1,78,11,1590,1,19,6,3
201442I422611,2,9,0,18,0,0,0,0,0,0,1,1,6,1,28,6,-1,-1,-1,4,1
201442I422611,3,9,0,18,0,0,0,0,0,0,1,1,6,1,58,9,1951,2,11,6,1
201442I422611,4,9,0,18,0,0,0,0,0,0,1,1,6,1,47,8,1598,1,4,9,3
201442I422611,5,9,0,18,0,0,0,0,0,0,1,1,6,1,26,6,2496,2,11,3,1
201442I422611,6,9,0,18,0,0,0,0,0,0,1,1,6,1,49,8,-1,-1,-1,10,1
201442I422712,1,9,0,18,0,0,0,0,0,0,1,1,2,2,47,8,-1,-1,-1,4,1
201442I422712,2,9,0,18,0,0,0,0,0,0,2,1,2,1,63,9,1995,2,6,10,1
201442I422712,3,9,0,4,0,0,0,0,0,0,2,1,2,2,41,7,2268,2,-1,7,3
201442I422812,1,9,0,18,0,1,0,0,0,0,3,1,6,1,85,11,-1,-1,-1,8,2
201442I422812,2,21,0,18,0,2,0,0,0,0,3,1,1,1,62,9,12600,2,12,7,2
201442I422912,1,9,0,17,0,1,0,0,7,0,1,2,1,1,38,7,2959,1,25,7,2
201442I422912,2,19,0,16,0,2,0,0,0,0,1,2,1,1,43,7,2151,2,13,8,3
201442I423012,1,9,0,18,0,0,0,0,0,0,1,1,1,1,24,5,1596,1,8,10,3
201442I423012,2,19,0,18,0,0,5,0,1,0,1,1,1,1,29,6,1248,2,-1,10,1
201442I423012,3,9,0,18,0,0,0,0,0,0,3,1,1,1,58,9,1896,2,11,9,2
201442I423212,1,9,0,9,0,8,0,0,0,0,0,1,6,1,-1,-1,-1,-1,-1,4,1
201442I423412,1,9,0,17,0,0,1,0,7,4,1,1,6,1,65,9,1762,1,15,7,3
201442I423512,1,9,0,18,0,8,0,0,0,0,1,1,6,1,-1,-1,-1,-1,-1,-1,-1
201442I423512,2,9,0,10,0,1,0,0,0,0,0,1,6,2,28,6,1796,1,15,7,3
201442I423512,3,9,0,18,0,1,0,0,0,0,1,1,6,2,-1,-1,1108,1,9,9,1
201442I423612,1,21,0,4,0,0,0,0,0,0,2,1,1,1,44,7,7146,2,1,1,1
201442I423612,2,5,0,4,0,0,1,0,0,0,1,1,2,1,51,8,1170,1,9,10,1
201442I423812,1,9,0,18,0,7,1,0,2,7,1,1,1,1,42,7,1587,1,12,10,1
201442I423912,1,9,0,18,0,2,0,0,0,0,3,1,3,2,41,7,-1,-1,-1,8,1
201442I424112,1,9,0,4,0,4,0,0,0,0,1,1,2,2,23,5,1910,2,6,-1,1
201442I424112,2,9,0,4,0,4,0,0,0,0,2,1,6,1,33,6,1596,1,-1,9,2
201442I424212,1,90,0,18,0,0,0,0,0,0,1,1,6,1,29,6,-1,-1,-1,7,1
201442I424212,2,9,0,5,0,0,0,0,0,0,2,1,6,2,38,7,1390,1,12,4,1
201442I424212,3,9,0,2,0,0,0,0,0,0,2,1,6,3,-1,-1,1997,2,1,-1,-1
201442I424311,1,9,0,9,0,8,0,0,0,0,1,1,6,3,-1,-1,-1,-1,-1,-1,-1
201442I424311,2,9,0,10,0,3,0,0,0,0,1,1,2,1,62,9,1296,1,7,9,3
201442I424412,1,9,0,16,0,0,0,0,0,0,1,1,2,2,24,5,1598,2,2,10,3
201442I424412,2,9,0,18,0,0,0,0,1,0,1,1,2,2,46,8,1242,1,10,9,1
201442I424512,1,21,0,18,0,0,0,0,0,0,1,1,1,1,58,9,7201,2,2,4,1
201442I424512,2,19,0,18,0,0,0,0,0,0,2,1,1,1,48,8,2402,2,8,4,1
201442I424612,1,9,0,16,0,7,0,0,0,0,1,1,6,2,29,6,1399,2,9,5,1
201442I424612,2,9,0,16,0,7,0,0,0,0,2,1,6,2,59,9,1596,1,7,5,1
201442I424712,1,9,0,18,0,0,0,0,0,0,1,1,2,2,33,6,1360,1,11,9,1
201442I424712,2,9,0,3,0,0,0,0,0,0,2,1,1,1,32,6,1560,2,-1,-1,1
201442I424712,3,9,0,3,0,0,0,0,0,0,0,1,2,2,22,5,1242,1,2,10,1
201442I424912,1,19,0,6,0,1,0,0,0,0,2,1,1,1,27,6,1753,2,6,9,1
201442I424912,2,3,0,18,0,1,1,0,0,0,1,1,1,1,40,7,-1,-1,-1,3,1
201442I425012,1,9,0,18,0,8,0,0,0,0,1,1,6,1,53,8,3199,1,17,8,1
201442I425012,2,9,0,18,0,8,0,0,0,0,4,1,6,1,36,7,-1,-1,-1,5,1
201442I425112,1,9,0,18,0,0,0,0,0,0,0,1,3,2,54,8,1560,2,6,9,1
201442I425212,1,9,0,18,0,1,0,0,0,0,1,1,6,1,20,4,1596,1,12,1,1
201442I425212,2,9,0,8,0,2,0,0,1,0,2,1,6,1,42,7,1997,2,-1,10,1
201442I425312,1,9,0,18,0,0,0,0,0,0,1,1,6,1,46,8,1988,1,10,2,1
201442I425312,2,11,0,2,0,0,0,0,0,0,3,1,6,3,-1,-1,-1,2,16,5,3
201442I425412,1,3,0,18,0,3,0,0,0,0,3,1,6,1,78,11,125,1,4,2,1
201442I425412,2,9,0,18,0,3,0,0,0,0,4,1,6,1,87,11,-1,-1,-1,5,1
201442I425512,1,9,0,11,0,0,0,0,0,0,1,1,6,2,62,9,1198,1,5,8,1
201442I425512,2,5,0,18,0,0,0,0,0,0,3,1,6,1,25,5,1137,1,15,-1,-1
201442I425512,3,9,0,18,0,0,0,0,0,0,2,1,6,1,52,8,-1,-1,-1,5,1
201442I425612,1,9,0,18,0,0,1,0,0,0,1,1,6,1,28,6,2179,2,-1,10,1
201442I425612,2,9,0,4,0,0,0,0,0,0,3,1,6,1,57,9,1988,1,12,8,1
201442I425612,3,9,0,18,0,0,1,0,1,0,1,1,6,1,43,7,2720,2,7,6,3
201442I425712,1,9,0,9,0,5,0,0,0,0,4,1,6,2,35,6,1596,1,12,4,1
201442I425712,2,1,0,18,0,1,0,0,0,0,1,1,6,2,34,6,-1,-1,-1,5,1
201442I425812,1,9,0,5,8,0,1,0,0,0,3,1,6,1,25,5,1560,2,10,3,1
201442I425812,2,21,1,18,0,0,1,0,5,6,4,1,1,1,53,8,12740,2,-1,-1,-1
201442I425812,3,21,1,18,0,0,1,0,6,6,4,1,1,1,33,6,12900,2,2,2,1
201442I425812,4,21,1,18,0,0,4,7,6,6,3,1,1,1,54,8,11967,2,4,4,1
201442I425812,5,21,1,18,0,0,3,7,6,0,1,1,1,1,33,6,-1,-1,-1,2,1
201442I425912,1,9,0,18,0,0,0,0,0,0,1,1,6,1,41,7,1398,2,12,-1,-1
201442I426012,1,9,0,16,0,8,0,0,7,11,1,1,6,1,81,11,-1,-1,-1,9,1
201442I426112,1,9,0,9,0,6,0,0,0,0,0,1,6,3,-1,-1,-1,-1,-1,-1,-1
201442I426112,2,1,0,18,0,1,0,0,0,0,0,1,6,1,-1,-1,-1,-1,-1,-1,-1
201442I426412,1,9,0,18,0,0,1,0,1,0,1,1,6,2,28,6,1242,1,6,5,1
201442I426412,2,9,0,18,0,0,1,0,0,0,1,1,6,1,75,10,2720,2,6,6,1
201442I426412,3,9,0,18,0,0,1,0,1,0,2,1,6,1,75,10,1598,1,8,10,1
201442I426512,1,9,0,9,0,6,0,0,0,0,3,1,2,1,39,7,-1,-1,-1,5,1