Accident_Index,Vehicle_Reference,Vehicle_Type,Towing_and_Articulation,Vehicle_Manoeuvre,Vehicle_Location-Restricted_Lane,Junction_Location,Skidding_and_Overturning,Hit_Object_in_Carriageway,Vehicle_Leaving_Carriageway,Hit_Object_off_Carriageway,1st_Point_of_Impact,Was_Vehicle_Left_Hand_Drive?,Journey_Purpose_of_Driver,Sex_of_Driver,Age_of_Driver,Age_Band_of_Driver,Engine_Capacity_(CC),Propulsion_Code,Age_of_Vehicle,Driver_IMD_Decile,Driver_Home_Area_Type
201442I426512,2,1,0,18,0,1,1,0,0,0,4,1,2,1,47,8,-1,-1,-1,5,1
201442I426612,1,19,0,1,0,0,0,0,0,0,0,1,6,1,27,6,1598,2,-1,8,1
201442I426712,1,8,0,9,0,6,0,0,0,0,0,1,1,1,60,9,1798,1,5,10,1
201442I426712,2,1,0,18,0,8,0,0,0,0,0,1,2,1,51,8,-1,-1,-1,8,1
201442I426808,1,9,0,4,0,1,0,0,0,0,1,1,6,2,67,10,1560,2,1,4,1
201442I426808,2,9,0,4,0,1,0,0,0,0,2,1,6,1,41,7,1242,1,8,4,1
201442I426808,3,19,0,4,0,6,0,0,0,0,0,1,1,1,35,6,2198,2,3,2,1
201442I426912,1,1,0,18,0,8,0,0,0,0,3,1,2,1,19,4,-1,-1,-1,3,1
201442I426912,2,9,0,18,0,4,0,0,0,0,1,1,2,1,38,7,1796,1,15,5,3
201442I427012,1,9,0,18,0,8,0,0,0,0,1,1,1,1,54,8,1560,2,5,10,1
201442I427112,1,9,0,8,0,8,0,0,3,1,1,1,6,1,20,4,1595,1,27,2,1
201442I427112,2,9,0,18,0,8,0,0,0,0,4,1,6,1,21,5,1995,2,6,3,1
201442I427212,1,9,0,18,0,2,0,0,0,0,1,1,6,2,73,10,1400,1,8,7,3
201442I427212,2,19,0,2,0,2,0,0,0,0,2,1,6,3,-1,-1,2298,2,2,-1,-1
201442I427312,1,9,0,18,0,6,0,0,0,0,1,1,6,3,-1,-1,998,1,-1,-1,-1
201442I427312,2,9,0,7,0,1,0,0,0,0,1,1,1,2,24,5,1390,1,1,2,1
201442I427412,1,9,0,18,0,0,0,0,0,0,4,1,6,1,60,9,1596,1,13,2,1
201442I427512,1,5,0,5,0,6,0,0,0,0,3,1,6,1,51,8,1050,1,-1,7,3
201442I427612,1,9,0,4,0,0,0,0,0,0,1,1,6,2,34,6,1596,1,1,2,1
201442I427612,2,9,0,4,0,0,0,0,0,0,2,1,6,2,35,6,1995,1,6,9,1
201442I427712,1,9,0,18,0,0,0,0,0,0,1,1,6,1,91,11,1596,1,3,6,1
201442I427712,2,9,0,3,0,0,0,0,0,0,2,1,6,2,50,8,1200,1,11,7,3
201442I427712,3,9,0,3,0,0,0,0,0,0,2,1,6,2,23,5,-1,-1,-1,9,2
201442I427712,4,9,0,3,0,0,0,0,0,0,3,1,6,1,41,7,-1,-1,-1,10,1
201442I427812,1,9,0,18,0,0,0,0,0,0,1,1,6,1,74,10,1339,1,6,9,2
201442I427812,2,9,0,3,0,0,0,0,0,0,2,1,2,2,29,6,1242,1,9,4,1
201442I427812,3,9,0,3,0,0,0,0,0,0,3,1,6,1,49,8,1229,1,6,10,1
201442I427912,1,9,0,18,0,1,1,0,0,0,1,1,6,2,-1,-1,-1,-1,-1,6,2
201442I427912,2,9,0,8,0,1,0,0,0,0,2,1,6,2,45,7,1248,1,-1,6,2
201442I428012,1,9,0,5,0,8,0,0,0,0,1,1,6,2,-1,-1,-1,-1,-1,-1,-1
201442I428012,2,1,0,18,0,1,0,0,0,0,3,1,6,1,14,3,-1,-1,-1,3,1
201442I428112,1,9,0,18,0,0,0,0,7,0,3,1,6,2,19,4,1399,2,10,6,1
201442I428112,2,9,0,18,0,0,0,10,0,0,4,1,1,2,54,8,1769,1,9,4,1
201442I428212,1,9,0,9,0,6,0,0,0,0,1,1,6,2,35,6,1598,1,8,4,1
201442I428212,2,9,0,18,0,1,0,0,0,0,1,1,6,1,18,4,1242,1,5,9,1
201442I428312,1,9,0,18,0,0,0,4,0,0,1,1,6,1,36,7,-1,-1,-1,9,3
201442I428312,2,9,0,2,0,0,0,0,0,0,1,1,6,3,-1,-1,-1,-1,-1,-1,-1
201442I428412,1,5,0,18,0,0,1,0,0,0,3,1,6,1,55,8,1050,1,4,7,1
201442I428412,2,5,0,18,0,0,1,0,0,0,3,1,6,1,55,8,1130,1,10,3,1
201442I428412,3,9,0,18,0,0,0,0,0,0,1,1,6,1,60,9,2996,1,7,10,1
201442I428512,1,9,0,16,0,0,5,0,1,0,0,1,6,2,26,6,1299,1,13,3,1
201442I428612,1,9,0,17,0,0,0,0,1,4,1,1,1,2,21,5,1360,1,9,7,3
201442I428712,1,9,0,9,0,8,0,0,0,0,4,1,6,2,41,7,1997,2,12,4,1
201442I428712,2,9,0,18,0,8,0,0,0,0,1,1,6,1,74,10,1364,1,9,7,1
201442I428812,1,9,0,18,0,0,0,0,0,0,1,1,6,1,23,5,1995,2,6,9,1
201442I428812,2,5,0,12,0,0,0,0,0,0,0,1,6,1,24,5,599,1,14,2,1
201442I428912,1,9,0,4,0,1,0,0,0,0,1,1,6,2,29,6,1600,1,9,4,1
201442I428912,2,9,0,3,0,1,0,0,0,0,2,1,2,2,55,8,1399,2,4,10,1
201442I429012,1,19,0,18,0,0,0,0,0,0,1,1,6,3,-1,-1,1248,2,9,-1,-1
201442I429012,2,19,0,18,0,0,0,0,0,0,1,1,6,1,44,7,1686,2,9,3,1
201442I429112,1,9,0,9,0,5,0,0,0,0,1,1,2,1,39,7,1598,1,9,3,1
201442I429212,1,9,0,3,0,0,0,0,0,0,2,1,6,2,19,4,1598,1,4,9,1
201442I429212,2,3,0,4,0,0,1,4,0,0,1,1,6,1,20,4,124,1,4,6,3
201442I429212,3,19,0,18,0,0,0,0,0,0,3,1,6,1,25,5,2198,2,-1,-1,-1
201442I429312,1,21,0,18,0,8,1,0,0,0,1,1,6,1,46,8,12130,2,8,2,1
201442I429312,2,9,0,9,0,8,0,0,3,0,3,1,6,1,95,11,993,1,12,8,1
201442I429512,1,9,0,11,0,1,0,0,0,0,1,1,6,3,-1,-1,1781,1,13,-1,-1
201442I429512,2,8,0,3,0,1,0,0,0,0,2,1,1,1,57,9,2402,2,11,2,1
201442I429612,1,9,0,18,0,0,0,0,0,0,1,1,6,2,47,8,1397,1,11,4,1
201442I429612,2,9,0,4,0,0,0,0,0,0,2,1,6,2,59,9,1997,2,12,3,1
201442I429712,1,9,0,4,0,0,0,0,0,0,1,1,6,3,-1,-1,1600,1,14,-1,-1
201442I429712,2,9,0,3,0,0,0,0,0,0,2,1,6,1,33,6,1598,2,-1,8,1
201442I429812,1,9,0,3,0,1,0,0,0,0,2,1,6,1,28,6,1598,1,7,1,1
201442I429812,2,19,0,18,0,1,0,0,0,0,1,1,6,1,25,5,5880,2,6,2,1
201442I429912,1,9,0,7,0,6,0,0,0,0,1,1,6,2,80,11,1242,1,10,9,1
201442I429912,2,5,0,4,0,1,0,0,0,0,1,1,6,1,45,7,649,1,-1,9,3
201442I430012,1,9,0,18,0,0,0,0,0,0,0,1,2,1,23,5,1399,2,7,5,1
201442I430112,1,9,0,7,0,1,0,0,0,0,1,1,6,1,23,5,1388,1,17,5,1
201442I430112,2,1,0,18,0,1,1,0,0,0,1,1,6,1,21,5,-1,-1,-1,6,1
201442I430212,1,5,0,18,0,0,1,0,0,0,1,1,2,1,27,6,647,1,16,5,1
201442I430212,2,9,0,3,0,0,0,0,0,0,2,1,6,1,67,10,1598,1,13,3,1
201442I430212,3,9,0,3,0,0,0,0,0,0,2,1,6,2,36,7,1397,1,3,5,1
201442I430412,1,9,0,18,0,0,0,0,0,0,1,1,6,1,-1,-1,4300,1,58,-1,-1
201442I430412,2,9,0,18,0,0,0,0,0,0,2,1,6,2,36,7,2993,2,4,-1,-1
201442I430612,1,9,0,18,0,0,0,0,0,0,1,1,6,1,49,8,2993,2,6,6,1
201442I430612,2,9,0,18,0,0,0,0,0,0,2,1,6,2,53,8,2495,2,12,8,1
201442I430712,1,9,0,17,0,2,0,0,0,0,1,1,6,2,48,8,1596,1,8,4,1
201442I430712,2,9,0,16,0,2,0,0,1,0,1,1,2,2,22,5,1124,1,14,6,1
201442I430812,1,9,0,9,0,1,0,0,0,0,2,1,6,1,67,10,1296,1,8,5,1
201442I430812,2,9,0,18,0,1,1,0,0,0,1,1,6,1,68,10,1796,1,4,9,3
201442I430912,1,9,0,18,0,2,5,0,2,11,1,1,6,2,31,6,1242,1,13,10,2
201442I431012,1,9,0,18,0,0,0,0,0,0,1,1,6,1,23,5,1598,1,3,-1,1
201442I431012,2,9,0,3,0,0,0,0,0,0,2,1,6,2,30,6,1596,1,6,9,1
201442I431112,1,9,0,4,0,1,0,0,0,0,1,1,6,1,38,7,2494,2,1,8,1
201442I431112,2,9,0,3,0,1,0,0,0,0,2,1,6,1,50,8,1999,1,10,3,1
201442I431112,3,9,0,3,0,1,0,0,0,0,2,1,6,2,47,8,1598,1,9,6,1
201442I431212,1,9,0,17,0,0,0,0,0,0,0,1,6,3,-1,-1,-1,-1,-1,-1,-1
201442I431212,2,9,0,16,0,0,1,0,7,3,1,1,6,1,17,4,1388,1,10,8,1
201442I431312,1,9,0,9,0,5,0,0,0,0,1,1,6,2,38,7,1332,1,9,4,1
201442I431312,2,9,0,7,0,1,0,0,0,0,1,1,6,2,63,9,-1,-1,-1,-1,-1
201442I431412,1,9,0,18,0,0,1,0,0,0,1,1,6,1,27,6,1198,1,9,4,1
201442I431512,1,9,0,18,0,1,0,0,0,0,1,1,6,1,53,8,1798,1,7,5,1
201442I431512,2,1,0,18,0,1,0,0,0,0,3,1,6,1,23,5,-1,-1,-1,-1,-1
201442I431612,1,9,0,18,0,0,0,0,0,0,1,1,6,3,-1,-1,-1,-1,-1,-1,-1
201442I431612,2,9,0,18,0,0,0,0,0,0,2,1,6,2,-1,-1,-1,-1,-1,6,1
201442I431812,1,9,0,18,0,0,1,0,1,11,1,1,6,2,38,7,1995,2,9,3,1
201442I431812,2,9,0,18,0,0,0,0,0,0,0,1,1,1,50,8,1598,1,6,9,1
201442I431912,1,9,0,9,0,1,0,0,0,0,3,1,6,2,44,7,1794,1,14,4,1
201442I431912,2,3,0,18,0,1,0,0,0,0,1,1,6,1,19,4,125,1,3,1,1
201442I432012,1,9,0,16,0,0,0,0,0,0,1,1,2,2,31,6,1686,2,1,3,1
201442I432012,2,11,0,18,0,0,0,0,0,0,1,1,1,1,41,7,4580,2,6,-1,-1
201442I432112,1,9,0,18,0,0,0,0,0,0,1,1,1,1,48,8,1998,1,11,-1,1
201442I432112,2,4,0,18,0,0,0,0,0,0,2,1,1,1,25,5,-1,-1,-1,9,1
201442I432212,1,9,0,3,0,0,0,0,0,0,0,1,4,2,43,7,-1,-1,-1,4,1
201442I432312,1,9,0,18,0,1,0,0,0,0,1,1,6,1,67,10,2198,2,6,8,1
201442I432312,2,9,0,9,0,6,0,0,0,0,3,1,6,1,60,9,1124,1,13,4,1
201442I432412,1,9,0,17,0,0,1,0,1,9,1,1,6,1,54,8,1796,1,12,3,1
201442I432512,1,8,0,18,0,0,1,0,0,0,1,1,1,1,56,9,1560,2,6,4,1
201442I432512,2,8,0,2,0,0,0,0,0,0,0,1,1,1,52,8,-1,-1,-1,9,1
201442I432612,1,9,0,18,0,1,0,0,0,0,4,1,6,3,-1,-1,1995,2,-1,-1,-1
201442I432712,1,9,0,18,0,0,0,0,0,0,1,1,6,3,-1,-1,-1,-1,-1,-1,-1
201442I432712,2,1,0,18,0,0,0,0,0,0,1,1,6,1,27,6,-1,-1,-1,7,3
201442I432812,1,9,0,18,0,0,0,12,1,0,1,1,2,1,-1,-1,1398,1,3,6,1
201442I432812,2,9,0,18,0,0,0,12,1,0,1,1,2,1,48,8,1968,2,-1,-1,-1
201442I432812,3,9,0,18,0,0,0,12,1,0,1,1,6,1,26,6,2143,2,-1,3,1
201442I432912,1,9,0,9,0,5,0,0,0,0,4,1,6,2,23,5,1242,1,6,7,1
201442I432912,2,4,0,18,0,8,0,0,0,0,1,1,6,1,24,5,499,1,15,8,1
201442I433012,1,9,0,18,0,0,0,0,0,0,1,1,6,2,17,4,1388,1,7,9,1
201442I433112,1,9,0,10,0,1,0,0,0,0,1,1,6,1,72,10,-1,-1,-1,-1,-1
201442I433112,2,9,0,18,0,8,0,0,0,0,1,1,6,2,41,7,-1,-1,-1,10,1
201442I433212,1,19,0,9,0,1,0,0,0,0,1,1,1,1,46,8,2402,2,3,3,1
201442I433212,2,9,0,18,0,1,0,0,0,0,1,1,2,1,27,6,1910,2,9,8,2
201442I433312,1,9,0,18,0,0,1,10,2,11,4,1,6,1,29,6,1973,1,14,8,2
201442I433312,2,9,0,18,0,0,0,0,1,0,3,1,6,1,49,8,1997,2,-1,-1,1
201442I433412,1,9,0,9,0,4,0,0,0,0,1,1,2,1,32,6,1995,2,1,-1,1
201442I433412,2,1,0,18,0,4,1,0,0,0,1,1,2,2,32,6,-1,-1,-1,-1,1
201442I433512,1,9,0,7,0,8,0,0,0,0,1,1,6,1,86,11,-1,-1,-1,4,1
201442I433512,2,9,0,9,0,8,0,0,0,0,3,1,2,1,23,5,1796,1,14,7,1
201442I433612,1,9,0,5,0,4,0,0,0,0,1,1,6,2,52,8,1242,1,14,7,1
201442I433612,2,9,0,18,0,3,0,0,0,0,1,1,6,2,36,7,2720,2,8,7,1
201442I433712,1,9,0,18,0,0,2,0,4,0,0,1,6,1,18,4,1124,1,9,7,1
201442I433812,1,21,0,16,0,3,0,0,0,0,0,1,1,1,41,7,10518,2,2,-1,-1
201442I433812,2,19,0,17,0,4,0,0,0,0,0,1,1,1,25,5,1995,2,1,6,3
201442I433812,3,9,0,18,0,1,0,0,0,0,0,1,6,1,75,10,-1,-1,-1,9,2
201442I433812,4,9,0,18,0,1,0,0,0,0,0,1,6,1,70,10,1998,1,6,8,3
201442I433912,1,11,0,18,0,0,0,0,0,0,1,1,1,1,40,7,5900,2,10,4,1
201442I433912,2,9,0,4,0,0,0,0,0,0,2,1,1,1,35,6,1870,2,9,2,1
201442I434012,1,9,0,18,0,0,1,0,1,4,1,1,6,1,19,4,1199,1,10,3,1
201442I434108,1,9,0,16,0,0,0,0,7,10,1,1,6,1,21,5,2495,2,25,7,3
201442I434108,2,9,0,2,0,0,0,0,0,0,1,1,6,3,-1,-1,1596,1,15,-1,-1
201442I434108,3,9,0,16,0,0,0,0,0,0,0,1,1,1,-1,-1,1560,2,2,-1,-1
201442I434212,1,9,0,17,0,0,0,0,0,0,4,1,6,3,-1,-1,2922,1,10,-1,-1
201442I434212,2,9,0,2,0,0,0,0,0,0,4,1,3,2,35,6,1598,1,11,4,1
201442I434312,1,9,0,4,0,4,0,0,0,0,1,1,6,1,-1,-1,1796,1,11,-1,-1
201442I434312,2,9,0,3,0,4,0,0,0,0,2,1,6,2,19,4,1242,1,5,-1,1
201442I434412,1,9,0,18,0,0,1,0,0,0,1,1,6,2,32,6,1596,1,13,7,1
201442I434412,2,9,0,18,0,0,0,0,0,0,2,1,6,1,44,7,-1,-1,-1,7,3
201442I434511,1,11,0,18,0,4,0,7,0,0,1,1,6,1,-1,-1,6700,2,1,-1,-1
201442I434612,1,9,0,1,0,0,0,0,0,0,2,1,6,3,-1,-1,-1,-1,-1,-1,-1
201442I434712,1,9,0,18,0,0,5,0,1,1,1,1,6,1,18,4,1242,1,12,5,2
201442I434812,1,11,0,18,0,1,0,0,0,0,3,1,1,1,55,8,7300,2,13,-1,-1
201442I434812,2,9,0,18,0,1,0,0,0,0,4,1,6,2,29,6,1598,2,3,8,1
201442I435012,1,9,0,17,0,0,1,0,0,0,4,1,2,2,32,6,1206,1,3,10,3
201442I435012,2,9,0,16,0,0,0,0,1,9,3,1,2,1,40,7,1587,1,13,10,2
201442I435112,1,9,0,18,0,2,0,0,0,0,1,1,6,1,-1,-1,1795,1,11,-1,-1
201442I435212,1,9,0,18,0,2,0,0,0,0,1,1,6,1,67,10,2295,1,13,8,1
201442I435212,2,9,0,3,0,2,0,0,0,0,2,1,6,2,32,6,996,1,5,6,1
201442I435312,1,19,0,5,0,0,0,0,0,0,4,1,6,1,49,8,1896,2,10,8,2
201442I435312,2,11,0,18,0,0,0,0,0,0,3,1,1,1,58,9,-1,-1,-1,4,1
201442I435412,1,2,0,18,0,8,0,0,0,0,0,1,1,2,20,4,-1,-1,-1,9,1
201442I435512,1,9,0,11,0,0,0,0,0,0,4,1,3,2,39,7,2902,2,13,4,1
201442I435512,2,9,0,18,0,0,0,0,0,0,3,1,3,1,34,6,2295,1,13,1,2
201442I435612,1,9,0,18,0,8,0,0,0,0,0,1,6,2,34,6,1598,1,15,4,1
201442I435612,2,9,0,17,0,8,0,10,1,0,1,1,6,1,25,5,1895,1,15,3,1
201442I435612,3,19,0,17,0,1,0,0,0,0,1,1,1,1,25,5,1686,2,8,4,1
201442I435712,1,19,0,9,0,8,0,0,0,0,4,1,1,1,41,7,1896,2,14,7,3
201442I435712,2,3,0,18,0,8,0,0,0,0,1,1,1,1,21,5,124,1,9,-1,-1
201442I435812,1,9,0,5,0,6,0,0,0,0,1,1,6,1,80,11,-1,-1,-1,7,1
201442I435812,2,9,0,18,0,8,0,0,0,0,3,1,6,1,61,9,-1,-1,-1,8,1
201442I435812,3,9,0,10,0,1,0,0,0,0,1,1,6,2,19,4,1390,1,3,7,1
201442I435912,1,5,0,11,0,1,1,0,1,10,0,1,2,1,42,7,1074,1,20,3,1
201442I435912,2,9,0,18,0,1,0,0,0,0,1,1,2,2,57,9,1587,1,17,7,3
201442I436012,1,11,0,5,0,0,0,0,0,0,3,1,6,1,-1,-1,7300,2,7,-1,-1
201442I436012,2,9,0,14,0,0,0,0,0,0,4,1,6,2,62,9,1364,1,3,10,1
201442I436112,1,9,0,17,0,0,1,0,1,9,1,1,6,2,46,8,1796,1,13,3,1
201442I436112,2,9,0,17,0,0,0,0,0,0,3,1,6,1,34,6,1896,2,8,3,1
201442I436112,3,9,0,16,0,0,0,0,0,0,1,1,6,1,80,11,2993,2,5,6,1
201442I436212,1,19,0,1,9,0,0,0,0,0,2,1,1,1,-1,-1,2402,2,6,-1,-1
201442I436212,2,1,0,18,9,0,0,0,0,0,1,1,1,1,13,3,-1,-1,-1,4,1
201442I436311,1,9,0,17,0,1,0,0,0,0,1,1,6,2,44,7,1360,1,13,2,1
201442I436311,2,19,0,18,0,1,0,0,0,0,2,1,6,1,36,7,1870,2,9,8,1
201442I436311,3,9,0,18,0,1,0,0,0,0,2,1,6,2,41,7,-1,-1,-1,5,1
201442I436412,1,9,0,9,0,2,0,0,0,0,4,1,1,1,57,9,1596,1,13,-1,-1
201442I436412,2,9,0,18,0,2,0,0,0,0,1,1,1,1,49,8,1997,2,11,1,2
201442I436512,1,9,0,5,0,1,0,0,0,0,0,1,6,1,-1,-1,2231,2,5,-1,-1
201442I436612,1,9,0,10,0,6,0,0,0,0,1,1,6,1,90,11,1590,1,21,5,1
201442I436712,1,9,0,18,0,0,1,0,1,3,4,1,6,1,48,8,1781,1,13,7,3
201442I436812,1,9,0,18,0,1,0,0,0,0,3,1,6,1,44,7,1461,2,-1,4,1
201442I436912,1,9,0,18,0,0,0,0,0,0,1,1,6,1,61,9,1679,1,12,3,1
201442I437012,1,90,0,18,0,1,2,0,7,11,1,1,6,1,37,7,398,1,2,-1,-1
201442I437112,1,20,0,18,0,1,0,0,0,0,1,1,6,1,42,7,-1,-1,-1,1,1
201442I437112,2,9,0,18,0,1,5,0,0,0,2,1,6,1,24,5,1229,1,4,2,1
201442I437112,3,9,0,18,0,1,0,0,0,0,2,1,6,1,66,10,1598,1,15,6,1
201442I437212,1,19,0,4,0,0,0,0,0,0,1,1,6,1,50,8,1896,2,6,4,1
201442I437212,2,9,0,4,0,0,0,0,0,0,2,1,6,1,65,9,796,1,14,5,1
201442I437212,3,9,0,3,0,0,0,0,0,0,2,1,6,1,41,7,1997,2,6,1,1
201442I437312,1,9,0,18,0,0,0,0,0,0,1,1,6,2,88,11,-1,-1,-1,9,1
201442I437412,1,9,0,5,0,4,0,0,0,0,1,1,6,3,70,10,1991,2,8,10,1
201442I437412,2,9,0,18,0,8,0,0,0,0,4,1,6,1,38,7,1598,1,-1,1,1
201442I437512,1,9,0,16,0,3,1,0,0,0,1,1,6,1,21,5,-1,-1,-1,4,1
201442I437512,2,9,0,18,0,4,0,0,1,1,1,1,6,1,36,7,1995,1,12,3,1
201442I437612,1,19,0,3,0,1,0,0,0,0,1,1,2,1,27,6,1870,2,8,5,2
201442I437612,2,9,0,3,0,1,0,0,0,0,2,1,2,1,34,6,1998,1,14,5,1
201442I437712,1,9,0,1,0,0,0,0,0,0,2,1,6,1,-1,-1,1242,1,14,-1,-1
201442I437712,2,9,0,18,0,0,0,0,0,0,1,1,1,2,26,6,1560,2,2,-1,1
201442I437812,1,9,0,18,0,1,0,0,0,0,3,1,6,1,89,11,2499,1,5,6,3
201442I437812,2,9,0,18,0,2,0,0,1,0,3,1,2,1,57,9,1686,2,18,7,1
201442I437911,1,9,0,13,0,8,0,7,0,0,4,1,4,1,32,6,2204,2,6,4,1
201442I437911,2,20,0,9,0,8,0,0,0,0,3,2,1,1,33,6,-1,-1,-1,7,1
201442I438012,1,21,0,12,0,0,0,0,0,0,3,2,1,1,55,8,-1,-1,-1,-1,-1
201442I438012,2,9,0,18,0,0,0,0,0,0,4,1,6,2,53,8,1597,1,7,8,1
201442I438112,1,21,1,12,0,0,0,0,0,0,3,2,6,1,37,7,-1,-1,-1,-1,-1
201442I438112,2,9,0,18,0,0,1,0,4,7,4,1,6,2,61,9,1997,2,3,5,1
201442I438112,3,9,0,18,0,0,0,0,0,0,1,1,6,1,49,8,1596,1,12,9,2
201442I438212,1,9,0,16,0,0,1,0,1,4,1,1,2,1,38,7,2664,2,10,2,1
201442I438312,1,9,0,18,0,4,0,0,0,0,0,1,6,3,-1,-1,-1,-1,-1,-1,-1
201442I438312,2,1,0,18,0,4,0,0,0,0,0,1,6,1,22,5,-1,-1,-1,8,1
201442I438412,1,9,0,18,0,1,0,0,7,0,1,1,6,2,31,6,1587,1,12,7,2
201442I438512,1,11,0,7,0,1,0,0,0,0,3,1,6,3,56,9,4500,2,6,4,1
201442I438612,1,9,0,5,0,2,0,0,0,0,3,1,6,2,69,10,1390,1,1,9,1
201442I438612,2,3,0,3,0,1,0,0,0,0,1,1,6,1,27,6,-1,-1,-1,7,1
201442I438712,1,9,0,17,0,1,1,0,0,0,2,1,6,1,28,6,2494,1,16,10,1
201442I438712,2,9,0,4,0,1,1,0,0,0,1,1,6,2,42,7,-1,-1,-1,2,1
201442I438812,1,9,0,13,0,0,0,0,0,0,4,1,6,1,-1,-1,-1,-1,-1,-1,-1
201442I438812,2,9,0,17,0,0,0,0,0,0,3,1,6,1,23,5,2993,2,10,10,1
201442I438912,1,9,0,5,0,1,0,0,0,0,1,1,1,1,-1,-1,1951,2,12,-1,-1
201442I438912,2,3,0,5,0,1,0,0,0,0,1,1,1,1,16,4,-1,-1,-1,3,1
201442I439012,1,9,0,4,0,0,0,0,0,0,1,1,1,2,26,6,-1,-1,-1,2,2
201442I439012,2,9,0,4,0,0,0,0,0,0,2,1,1,2,56,9,1560,2,3,7,1
201442I439212,1,9,0,18,0,0,0,0,0,0,4,1,6,3,-1,-1,-1,-1,-1,-1,-1
201442I439312,1,9,0,9,0,1,0,0,0,0,3,1,6,2,49,8,1242,1,4,6,2
201442I439312,2,9,0,18,0,1,0,0,0,0,1,1,6,2,49,8,1999,1,5,2,1
201442I439312,3,8,0,18,0,1,0,0,0,0,0,1,1,3,-1,-1,-1,-1,-1,-1,-1
201442I439412,1,9,0,4,0,1,0,0,0,0,1,1,6,2,36,7,1997,2,3,2,1
201442I439412,2,9,0,4,0,1,0,0,0,0,1,1,6,2,60,9,1299,1,9,10,1
201442I439412,3,9,0,4,0,1,0,0,0,0,2,1,6,1,49,8,1968,2,2,-1,-1
201442I439612,1,1,0,18,0,0,0,0,0,0,1,1,6,1,15,3,-1,-1,-1,2,1
201442I439612,2,9,0,18,0,0,0,0,0,0,4,1,6,2,65,9,-1,-1,-1,6,1
201442I439712,1,9,0,13,0,0,0,0,0,0,3,1,6,1,75,10,1493,2,10,8,1
201442I439712,2,2,0,18,0,0,0,0,0,0,4,1,6,1,17,4,100,1,10,8,1
201442I439812,1,9,0,17,0,0,1,0,1,3,3,1,6,1,21,5,1796,1,11,5,1
201442I439912,1,9,0,16,0,0,0,0,0,0,1,1,6,1,27,6,1124,1,7,9,1
201442I439912,2,9,0,17,0,0,0,0,0,0,1,1,1,1,26,6,1598,1,9,4,3
201442I440012,1,9,0,5,0,1,0,0,0,0,1,1,6,1,41,7,1560,2,3,-1,-1
201442I440112,1,9,0,18,0,0,5,0,2,10,1,1,6,1,21,5,1994,1,13,-1,1
201442I440212,1,5,0,18,0,8,0,0,0,0,1,1,1,1,30,6,599,1,15,4,1
201442I440212,2,1,0,18,0,8,0,0,0,0,1,1,6,1,20,4,-1,-1,-1,-1,-1
201442I440311,1,9,0,18,0,0,0,0,0,0,1,1,1,1,54,8,-1,-1,-1,2,1
201442I440311,2,9,0,18,0,0,0,0,0,0,3,1,6,1,52,8,4367,2,1,6,3
201442I440311,3,9,0,18,0,0,0,0,0,0,1,1,1,1,51,8,-1,-1,-1,2,1
201442I440512,1,9,0,18,0,8,1,0,0,0,1,1,6,2,71,10,1388,1,2,8,2
201442I440512,2,9,0,4,0,8,0,0,0,0,2,1,6,1,47,8,1968,2,5,8,2
201442I440612,1,98,0,18,0,8,0,0,0,0,1,1,1,1,37,7,8970,2,12,4,1
201442I440612,2,9,0,18,0,8,0,0,0,0,2,1,1,2,75,10,1242,1,2,5,1
201442I440712,1,9,0,16,0,0,0,0,0,0,1,1,2,1,72,10,2148,2,9,4,3
201442I440712,2,8,0,16,0,0,0,0,0,0,2,1,2,1,43,7,-1,-1,-1,3,1
201442I440812,1,9,0,18,0,0,0,0,4,6,1,1,2,2,36,7,1560,2,8,3,1
201442I440912,1,5,0,18,0,0,0,0,0,0,0,1,1,1,55,8,-1,-1,-1,7,3
201442I441012,1,1,0,18,9,0,0,0,0,0,1,1,6,1,16,4,-1,-1,-1,5,1
201442I441012,2,9,0,9,9,0,0,0,0,0,4,1,2,1,40,7,1753,2,4,8,1
201442I441112,1,9,0,4,0,0,0,0,0,0,1,1,6,3,-1,-1,-1,-1,-1,-1,-1
201442I441112,2,9,0,4,0,0,0,0,0,0,2,1,6,2,35,6,1560,2,-1,5,1
201442I441112,3,9,0,4,0,0,0,0,0,6,2,1,6,1,21,5,1910,2,8,7,1
201442I441112,4,9,0,4,0,0,0,0,0,0,2,1,6,2,37,7,-1,-1,-1,6,1
201442I441112,5,9,0,4,0,0,0,0,0,0,2,1,6,1,48,8,-1,-1,-1,5,1
201442I441112,6,9,0,4,0,0,0,0,0,0,2,1,6,1,76,11,-1,-1,-1,6,3
201442I441212,1,9,0,18,0,0,0,0,7,4,1,1,6,2,86,11,1242,1,12,6,2
201442I441312,1,9,0,18,0,1,0,0,7,11,3,1,6,1,59,9,1596,1,12,9,1
201442I441412,1,9,0,9,0,4,0,0,0,0,1,1,2,2,38,7,1560,2,7,10,1
201442I441412,2,9,0,18,0,4,0,0,0,0,1,1,6,2,52,8,898,1,1,9,2
201442I441510,1,9,0,3,0,4,0,0,0,0,1,1,1,2,24,5,1149,1,12,9,1