Accident_Index,Vehicle_Reference,Vehicle_Type,Towing_and_Articulation,Vehicle_Manoeuvre,Vehicle_Location-Restricted_Lane,Junction_Location,Skidding_and_Overturning,Hit_Object_in_Carriageway,Vehicle_Leaving_Carriageway,Hit_Object_off_Carriageway,1st_Point_of_Impact,Was_Vehicle_Left_Hand_Drive?,Journey_Purpose_of_Driver,Sex_of_Driver,Age_of_Driver,Age_Band_of_Driver,Engine_Capacity_(CC),Propulsion_Code,Age_of_Vehicle,Driver_IMD_Decile,Driver_Home_Area_Type
201442I441510,2,9,0,3,0,4,0,0,0,0,2,1,6,2,35,6,1388,1,3,9,1
201442I441612,1,9,0,18,0,1,0,0,0,0,1,1,6,1,43,7,2996,1,4,10,1
201442I441612,2,9,0,9,0,1,0,0,0,0,1,1,6,1,79,11,-1,-1,-1,8,1
201442I441712,1,9,0,17,0,0,0,0,1,9,1,2,2,1,47,8,2926,2,12,7,3
201442I441912,1,9,0,18,0,3,0,0,0,0,1,1,1,2,61,9,1596,1,6,4,1
201442I442012,1,9,0,3,0,1,0,0,0,0,1,1,6,2,-1,-1,1362,1,1,-1,-1
201442I442012,2,9,0,5,0,1,0,0,0,0,2,1,6,2,49,8,1587,1,6,4,1
201442I442112,1,9,0,7,0,4,0,0,0,0,1,1,1,1,48,8,1398,2,4,10,2
201442I442112,2,1,0,18,0,1,0,0,0,0,3,1,6,1,50,8,-1,-1,-1,7,1
201442I442212,1,9,0,18,0,0,0,0,0,0,1,1,6,2,61,9,1797,8,1,10,1
201442I442212,2,9,0,2,0,0,0,0,0,0,3,1,6,3,-1,-1,1783,1,10,-1,-1
201442I442212,3,9,0,2,0,0,0,0,0,0,2,1,6,3,-1,-1,-1,-1,-1,-1,-1
201442I442312,1,9,0,18,0,1,0,0,0,0,1,1,6,1,34,6,2231,2,7,6,1
201442I442312,2,9,0,18,0,1,0,0,0,0,2,1,6,1,52,8,1997,2,15,3,1
201442I442412,1,9,0,9,0,1,0,0,0,0,1,1,6,2,35,6,1149,1,14,-1,-1
201442I442412,2,9,0,18,0,1,0,0,0,11,3,1,6,1,22,5,1896,2,10,8,1
201442I442507,1,9,0,18,0,4,0,0,0,0,0,1,6,1,52,8,1388,1,6,-1,1
201442I442507,2,1,0,18,0,4,0,0,0,0,0,1,6,1,22,5,-1,-1,-1,2,1
201442I442612,1,20,0,18,0,6,0,0,0,0,1,1,2,1,49,8,-1,-1,-1,9,1
201442I442612,2,9,0,17,0,8,0,0,0,0,1,1,6,2,69,10,2987,2,6,10,1
201442I442712,1,9,0,18,0,1,0,0,0,0,1,1,6,2,19,4,998,1,19,9,1
201442I442712,2,9,0,4,0,1,0,0,0,0,2,1,6,2,-1,-1,1329,1,-1,-1,-1
201442I442812,1,11,0,18,0,4,0,0,0,0,3,1,6,3,-1,-1,-1,-1,-1,-1,-1
201442I442812,2,9,0,9,0,4,0,0,0,0,4,1,6,2,42,7,1796,1,10,1,1
201442I442912,1,9,0,14,0,0,0,0,0,0,1,1,6,2,-1,-1,998,1,13,5,1
201442I443012,1,9,0,9,0,8,0,0,0,0,3,1,1,2,54,8,-1,-1,-1,2,1
201442I443012,2,9,0,18,0,8,0,0,0,0,1,1,6,1,18,4,1388,1,11,8,1
201442I443112,1,9,0,5,0,1,0,0,0,0,3,1,6,1,62,9,-1,-1,-1,5,1
201442I443112,2,3,0,18,0,8,1,0,0,0,1,1,2,1,20,4,-1,-1,-1,4,1
201442I443212,1,9,0,18,0,6,0,0,0,0,1,1,6,1,43,7,1796,1,12,9,1
201442I443212,2,3,0,18,0,1,0,0,0,0,4,1,6,1,30,6,125,1,5,2,1
201442I443312,1,9,0,18,0,1,0,4,1,0,1,1,6,2,71,10,1388,1,8,4,1
201442I443312,2,9,0,2,0,1,0,4,1,0,1,1,6,3,-1,-1,1984,1,13,-1,-1
201442I443312,3,19,0,2,0,1,0,0,0,0,1,1,6,3,-1,-1,2198,2,2,-1,-1
201442I443412,1,9,0,18,0,1,0,0,0,0,3,1,6,3,-1,-1,-1,-1,-1,-1,-1
201442I443412,2,1,0,18,0,1,1,0,0,0,2,1,6,1,34,6,-1,-1,-1,5,1
201442I443512,1,9,0,9,0,0,0,0,0,0,4,1,2,1,18,4,1199,1,10,4,1
201442I443512,2,9,0,18,0,0,0,0,0,0,1,1,6,1,65,9,2494,2,2,10,1
201442I443612,1,3,0,16,0,8,1,0,0,0,0,1,6,1,19,4,124,1,7,3,1
201442I443712,1,9,0,18,0,0,0,0,0,0,2,1,6,2,26,6,1598,1,4,6,1
201442I443712,2,9,0,18,0,0,0,0,0,0,1,1,6,1,76,11,1229,1,-1,2,1
201442I443812,1,21,0,4,0,0,0,0,0,0,1,1,1,1,60,9,11946,2,2,3,1
201442I443812,2,19,0,3,0,0,0,0,0,0,2,1,1,1,52,8,-1,-1,-1,5,3
201442I443912,1,9,0,16,0,1,0,0,0,0,1,1,6,1,62,9,1598,1,3,7,1
201442I443912,2,1,0,18,0,1,0,0,0,0,3,1,6,1,15,3,-1,-1,-1,-1,-1
201442I444012,1,9,0,9,0,8,0,0,0,0,3,1,6,1,69,10,1598,1,8,3,1
201442I444012,2,3,0,18,0,1,1,0,0,0,1,1,6,1,24,5,124,1,9,3,1
201442I444112,1,9,0,12,0,0,0,0,0,0,0,1,6,3,-1,-1,-1,-1,-1,-1,-1
201442I444112,2,9,0,18,0,0,0,0,0,0,1,1,6,1,25,5,2198,2,8,-1,-1
201442I444112,3,9,0,18,0,0,0,0,0,0,1,1,6,1,56,9,1998,2,10,6,1
201442I444212,1,9,0,12,0,0,1,0,2,11,1,1,6,1,54,8,1796,1,7,1,1
201442I444612,1,9,0,18,0,0,0,12,0,0,1,1,6,1,39,7,-1,-1,-1,7,1
201442I444812,1,9,0,18,0,0,1,0,0,0,1,1,6,2,44,7,1497,8,7,-1,-1
201442I444812,2,9,0,3,0,0,0,0,0,0,2,1,6,1,51,8,1198,1,9,4,1
201442I444812,3,9,0,3,0,0,0,0,0,0,2,1,6,1,32,6,1598,1,6,4,1
201442I444812,4,9,0,3,0,0,0,0,0,0,2,1,6,1,70,10,2231,2,2,1,1
201442I445012,1,9,0,18,0,0,1,0,0,0,1,1,6,2,18,4,-1,-1,-1,-1,-1
201442I445012,2,9,0,18,0,0,1,0,0,0,1,1,6,1,63,9,1461,2,-1,7,3
201442I445112,1,5,0,17,0,8,1,0,1,11,4,1,6,1,53,8,955,1,7,10,1
201442I445212,1,9,0,18,0,1,0,0,0,0,1,1,6,1,20,4,2143,2,-1,10,1
201442I445212,2,9,0,18,0,1,0,0,0,0,2,1,6,1,17,4,1398,2,5,-1,-1
201442I445312,1,9,0,18,0,3,0,0,0,0,1,1,6,1,-1,-1,-1,-1,-1,-1,-1
201442I445312,2,9,0,5,0,3,0,0,0,0,2,1,6,2,53,8,1560,2,1,7,3
201442I445412,1,9,0,13,0,1,0,0,0,0,2,1,6,1,34,6,1969,2,-1,2,1
201442I445412,2,3,0,18,0,1,1,0,0,0,1,1,6,1,19,4,124,1,8,4,1
201442I445512,1,9,0,16,0,0,5,0,7,9,1,1,6,2,20,4,1229,1,4,9,2
201442I445612,1,9,0,11,0,0,1,0,0,0,3,1,6,3,-1,-1,-1,-1,-1,-1,-1
201442I445612,2,9,0,18,0,0,2,10,1,0,4,1,6,2,43,7,2402,2,5,9,3
201442I445712,1,9,0,18,0,0,0,0,0,0,1,1,2,1,67,10,1597,1,14,3,1
201442I445712,2,1,0,18,0,0,0,0,0,0,2,1,2,1,58,9,-1,-1,-1,3,1
201442I445812,1,9,0,18,0,1,0,0,0,0,1,1,1,1,24,5,-1,-1,-1,6,1
201442I445812,2,1,0,18,0,1,0,0,0,0,2,1,1,1,50,8,-1,-1,-1,6,1
201442I445912,1,5,0,18,0,1,0,0,0,0,1,1,6,1,50,8,865,1,8,4,1
201442I445912,2,9,0,18,0,1,0,0,0,0,4,1,6,1,60,9,-1,-1,-1,10,1
201442I446012,1,9,0,17,0,0,1,0,1,2,2,1,6,1,27,6,2198,1,8,4,1
201442I446112,1,9,0,17,0,0,5,0,7,4,4,1,6,2,18,4,998,1,6,7,1
201442I446212,1,9,0,3,0,4,0,0,0,0,2,1,1,2,23,5,1796,1,12,7,1
201442I446212,2,9,0,18,0,4,0,0,0,0,1,1,1,1,22,5,1998,1,5,3,1
201442I446312,1,9,0,18,0,0,0,0,0,0,1,1,1,1,27,6,1997,2,-1,5,1
201442I446312,2,19,0,18,0,0,0,0,0,0,1,1,1,1,42,7,2464,2,4,1,1
201442I446412,1,19,0,18,0,0,0,0,0,0,1,1,6,2,68,10,-1,-1,-1,2,1
201442I446412,2,11,0,18,0,0,0,0,0,0,2,1,1,1,47,8,9360,2,6,5,1
201442I446512,1,9,0,18,0,0,0,0,0,0,1,1,1,3,-1,-1,-1,-1,-1,-1,-1
201442I446512,2,9,0,18,0,0,0,0,0,0,4,1,6,2,45,7,-1,-1,-1,3,3
201442I446612,1,9,0,18,0,4,0,0,0,0,3,1,6,3,-1,-1,1149,1,12,-1,-1
201442I446612,2,9,0,18,0,4,0,7,0,10,4,1,6,2,19,4,1149,1,1,5,1
201442I446712,1,19,0,18,0,0,1,0,0,0,2,1,1,1,45,7,1896,2,10,3,1
201442I446712,2,20,0,18,0,0,0,0,0,0,1,1,1,1,27,6,-1,-1,-1,6,1
201442I446712,3,9,0,18,0,0,0,0,0,0,1,1,6,1,27,6,1591,1,7,6,1
201442I446812,1,9,0,18,0,8,0,0,0,0,3,1,6,1,19,4,-1,-1,-1,10,1
201442I446812,2,8,0,18,0,8,0,0,0,0,1,1,6,1,19,4,1299,1,8,8,1
201442I447012,1,9,0,18,0,0,0,0,0,0,3,1,6,1,54,8,2967,2,7,6,1
201442I447112,1,9,0,16,0,1,0,0,0,0,1,1,1,1,62,9,1499,1,-1,8,2
201442I447212,1,9,0,10,0,6,0,0,0,0,1,1,1,1,67,10,-1,-1,-1,8,1
201442I447212,2,9,0,16,0,1,0,0,0,0,1,1,1,1,28,6,1299,1,13,3,1
201442I447312,1,9,0,17,0,2,1,4,0,0,1,1,6,1,39,7,1596,1,9,-1,-1
201442I447312,2,9,0,2,0,1,0,0,0,0,0,1,6,3,-1,-1,2967,1,11,-1,-1
201442I447312,3,19,0,2,0,1,0,0,0,0,0,1,6,3,-1,-1,-1,-1,-1,1,1
201442I447412,1,9,0,9,0,1,0,0,0,0,1,1,6,2,58,9,1991,2,2,5,1
201442I447512,1,9,0,1,0,0,0,0,0,0,4,1,6,2,49,8,1390,1,11,10,1
201442I447612,1,9,0,18,0,0,1,0,0,0,1,1,2,1,37,7,799,2,4,10,1
201442I447612,2,9,0,18,0,0,0,0,0,0,1,1,6,2,28,6,1398,1,-1,5,1
201442I447712,1,9,0,16,0,0,1,0,0,0,1,1,6,1,23,5,1596,1,17,9,2
201442I447712,2,9,0,17,0,0,0,0,0,0,1,1,6,1,23,5,1686,2,1,-1,1
201442I447812,1,9,0,3,9,0,0,0,0,0,1,1,1,1,-1,-1,-1,-1,-1,-1,-1
201442I447812,2,9,0,18,0,0,0,0,0,0,2,1,1,2,18,4,1596,1,5,6,3
201442I447912,1,9,0,17,0,0,0,0,0,0,1,1,6,2,25,5,3999,1,5,-1,1
201442I447912,2,3,0,16,0,0,1,0,7,0,3,1,2,1,23,5,124,1,16,3,1
201442I448012,1,9,0,4,0,1,0,0,0,0,3,1,4,2,-1,-1,1997,2,-1,-1,-1
201442I448012,2,9,0,18,0,1,0,0,0,0,3,1,6,2,24,5,1399,2,9,10,1
201442I448112,1,9,0,18,0,0,1,0,1,0,0,1,6,1,30,6,1989,1,15,2,1
201442I448112,2,9,0,18,0,0,5,0,7,11,0,1,6,1,20,4,1910,2,6,5,2
201442I448212,1,9,0,1,0,0,0,0,0,0,4,1,6,1,74,10,2179,2,-1,8,1
201442I448212,2,3,0,18,0,0,1,0,1,0,1,1,2,1,19,4,125,1,2,-1,3
201442I448312,1,9,0,4,0,0,0,0,0,0,3,1,6,2,70,10,1796,1,11,8,1
201442I448412,1,19,0,17,0,0,0,0,1,3,1,1,6,1,22,5,1868,2,8,2,1
201442I448512,1,9,0,7,0,8,5,0,0,0,0,1,6,1,-1,-1,2143,2,-1,-1,-1
201442I448512,2,1,0,18,0,8,0,0,0,0,0,1,6,2,68,10,-1,-1,-1,8,1
201442I448607,1,9,0,3,0,1,0,0,0,0,1,1,6,1,-1,-1,1997,2,-1,-1,-1
201442I448607,2,9,0,3,0,1,0,0,0,0,2,1,6,2,18,4,999,1,1,4,1
201442I448712,1,9,0,18,0,4,0,0,0,0,1,1,6,1,52,8,1596,1,14,9,1
201442I448712,2,9,0,11,0,4,0,0,0,0,3,1,6,2,21,5,-1,-1,-1,3,1
201442I448812,1,19,0,18,0,1,0,0,0,0,3,1,1,1,24,5,-1,-1,-1,5,1
201442I448812,2,9,0,18,0,1,0,0,0,0,3,1,6,1,25,5,1149,1,13,5,2
201442I448912,1,9,0,18,0,2,0,0,0,0,1,1,6,3,-1,-1,-1,-1,-1,-1,-1
201442I449012,1,9,0,4,0,1,0,0,0,0,1,1,6,2,31,6,1124,1,12,7,3
201442I449112,1,9,0,18,0,0,0,4,1,0,1,1,6,1,46,8,-1,-1,-1,9,1
201442I449112,2,20,0,2,0,0,0,0,1,0,2,1,6,3,-1,-1,2977,2,8,-1,-1
201442I449212,1,9,0,7,0,6,1,0,0,0,3,1,6,1,17,4,998,1,3,4,1
201442I449212,2,9,0,18,0,8,0,0,0,0,4,1,6,1,64,9,1984,1,7,7,1
201442I449311,1,9,0,5,9,1,0,0,0,0,0,1,6,2,67,10,1360,1,12,4,1
201442I449412,1,9,0,17,0,8,2,10,1,0,4,1,2,1,52,8,-1,-1,-1,4,1
201442I449512,1,9,0,18,0,0,0,0,0,0,1,1,6,1,83,11,1242,1,11,4,1
201442I449512,2,1,0,18,0,0,0,0,0,0,3,1,6,1,15,3,-1,-1,-1,-1,-1
201442I449612,1,9,0,18,0,0,1,0,0,0,4,1,6,2,20,4,1388,1,11,10,1
201442I449612,2,9,0,18,0,0,0,0,4,6,3,1,6,1,84,11,1397,1,4,3,1
201442I449712,1,9,0,18,0,0,0,0,1,11,1,1,6,1,46,8,1997,2,3,3,1
201442I449712,2,21,0,18,0,0,0,0,1,0,1,1,1,1,49,8,12900,2,6,9,2
201442I449812,1,9,0,16,0,0,0,0,1,0,1,1,6,1,37,7,2926,2,13,6,2
201442I449812,2,9,0,17,0,0,0,0,7,0,1,1,6,2,18,4,1364,1,7,6,3
201442I449912,1,9,0,18,0,1,0,0,0,0,1,1,6,1,75,10,1951,2,13,8,3
201442I449912,2,9,0,18,0,1,0,0,1,0,1,1,2,2,27,6,1596,1,7,9,1
201442I450012,1,9,0,6,0,1,0,0,0,0,1,1,6,3,-1,-1,-1,-1,-1,-1,-1
201442I450112,1,9,0,5,0,4,0,0,0,0,1,1,6,2,25,5,1199,2,-1,10,3
201442I450112,2,9,0,3,0,4,0,0,0,0,2,1,6,2,45,7,1998,1,10,10,2
201442I450212,1,9,0,18,0,0,0,0,0,0,1,1,6,1,88,11,1498,1,4,8,1
201442I450212,2,9,0,18,0,0,0,0,0,0,2,1,6,1,32,6,1997,2,-1,-1,-1
201442I450412,1,19,0,5,0,1,0,0,0,0,1,1,6,3,-1,-1,-1,-1,-1,-1,-1
201442I450412,2,1,0,18,0,8,0,0,0,0,4,1,6,1,14,3,-1,-1,-1,6,2
201442I450512,1,9,0,18,0,0,0,0,0,0,1,1,6,1,32,6,1560,2,2,10,1
201442I450512,2,9,0,18,0,0,0,0,4,6,2,1,6,1,37,7,1587,1,14,5,1
201442I450612,1,9,0,18,0,0,0,10,0,0,1,1,1,1,38,7,1242,1,8,10,1
201442I450712,1,2,0,17,0,0,1,0,0,0,0,1,2,2,19,4,49,1,13,5,1
201442I450812,1,9,0,4,0,0,0,0,0,0,1,1,6,1,18,4,1149,1,11,3,1
201442I450812,2,9,0,4,0,0,0,0,0,0,2,1,6,1,30,6,2000,1,16,5,1
201442I450812,3,9,0,4,0,0,0,0,0,0,2,1,6,1,52,8,-1,-1,-1,1,1
201442I450812,4,9,0,4,0,0,0,0,0,0,3,1,6,2,36,7,-1,-1,-1,7,1
201442I450912,1,19,0,9,0,1,0,0,0,0,4,1,1,1,-1,-1,2143,2,1,-1,-1
201442I451211,1,9,0,18,0,0,1,5,0,10,1,1,6,1,48,8,1598,1,8,1,1
201442I451512,1,11,0,8,0,2,0,0,0,0,1,1,6,1,61,9,-1,-1,-1,-1,-1
201442I451512,2,9,0,4,0,2,0,0,0,0,2,1,6,1,-1,-1,1796,1,7,-1,-1
201442I451612,1,9,0,16,0,0,1,0,1,3,1,1,6,1,37,7,1560,2,4,-1,-1
201442I451612,2,9,0,2,0,0,0,0,0,0,2,1,6,3,-1,-1,1798,1,11,-1,-1
201442I451712,1,9,0,9,0,0,0,0,0,0,3,1,1,1,63,9,1896,2,9,1,1
201442I451712,2,9,0,18,0,0,0,0,0,0,1,1,6,2,69,10,1598,1,1,4,1
201442I452012,1,9,0,18,0,0,2,10,7,3,3,1,2,2,20,4,1242,1,9,8,1
201442I452112,1,2,0,18,0,1,0,0,0,0,1,1,6,1,16,4,49,1,12,2,1
201442I452112,2,2,0,12,0,1,0,0,0,0,2,1,6,1,16,4,50,1,10,4,1
201442I452312,1,9,0,18,0,8,0,0,0,0,1,1,2,2,37,7,1997,2,4,9,2
201442I452412,1,9,0,4,0,0,0,0,0,0,1,1,6,1,23,5,1399,2,7,7,1
201442I452412,2,9,0,4,0,0,0,0,0,0,2,1,6,1,30,6,1595,1,9,8,3
201442I452512,1,9,0,3,0,3,0,0,0,0,1,1,6,1,-1,-1,1796,1,14,1,1
201442I452512,2,9,0,3,0,3,0,0,0,0,2,1,6,1,34,6,2261,1,7,1,1
201442I452612,1,21,1,12,0,0,0,0,0,0,1,2,1,3,51,8,-1,-1,-1,-1,-1
201442I452612,2,9,0,18,0,0,1,0,1,7,4,1,1,3,38,7,1360,1,11,5,1
201442I453112,1,9,0,1,6,0,0,0,0,0,3,1,6,1,54,8,1386,1,4,3,1
201442I453112,2,9,0,2,6,0,0,0,0,0,4,1,6,1,-1,-1,2993,2,9,3,1
201442I453612,1,9,0,18,0,1,0,0,0,0,1,1,6,1,36,7,1997,2,-1,9,2
201442I453612,2,1,0,9,0,2,1,0,0,0,2,1,6,1,54,8,-1,-1,-1,4,1
201442I453711,1,5,0,15,0,1,0,0,0,0,1,1,2,1,40,7,675,1,2,9,2
201442I453711,2,9,0,9,0,1,0,0,0,0,2,1,6,2,46,8,-1,-1,-1,9,2
201442I453812,1,9,0,18,0,0,0,0,0,0,1,1,6,2,20,4,1242,1,5,10,1
201442I453812,2,9,0,2,0,0,0,0,0,0,1,1,6,3,-1,-1,1229,1,3,-1,-1
201442I453812,3,9,0,2,0,0,0,0,0,0,1,1,6,3,-1,-1,1598,1,2,-1,-1
201442I453812,4,9,0,2,0,0,0,0,0,0,2,1,6,3,-1,-1,1390,1,4,-1,-1
201442I454012,1,19,0,18,0,0,0,0,7,3,1,1,6,1,29,6,1753,2,10,-1,-1
201442I454111,1,11,0,18,0,4,0,0,0,0,1,1,6,1,48,8,-1,2,15,3,1
201442I454111,2,9,0,7,0,1,0,0,0,0,1,1,1,1,30,6,3199,1,11,3,1
201442I454412,1,9,0,4,0,0,1,0,1,0,2,1,6,1,-1,-1,1364,2,-1,-1,-1
201442I454412,2,21,0,18,0,0,0,0,1,0,1,1,1,1,-1,-1,-1,-1,-1,-1,-1
201442I454612,1,9,0,4,0,0,0,0,0,0,1,1,6,2,55,8,1598,1,2,5,1
201442I454612,2,9,0,4,0,0,0,0,0,0,2,1,6,2,25,5,1598,2,2,5,1
201442I454709,1,21,0,18,0,0,0,0,0,0,0,1,1,1,40,7,11021,2,16,8,2
201442I454709,2,9,0,18,0,0,0,0,0,0,1,1,6,2,45,7,-1,-1,-1,6,1
201442I454812,1,9,0,18,0,8,0,0,0,0,4,1,6,1,44,7,1796,1,8,10,1
201442I454812,2,9,0,11,0,8,0,0,0,0,3,1,6,2,-1,-1,-1,-1,-1,-1,-1
201442I455011,1,9,0,7,0,2,0,0,0,0,1,1,6,1,81,11,1360,1,11,5,1
201442I455011,2,1,0,18,0,1,0,0,0,0,3,1,6,2,55,8,-1,-1,-1,-1,-1
201442I457411,1,9,0,18,0,1,0,0,0,0,3,1,6,1,-1,-1,1149,1,12,-1,-1
201443N001034,1,9,0,17,0,0,0,0,1,0,1,1,6,2,32,6,973,1,11,6,1
201443N001034,2,21,0,2,6,0,0,0,0,0,3,1,6,1,37,7,-1,-1,-1,2,1
201443N001054,1,5,0,16,0,0,0,10,7,4,1,1,6,1,27,6,998,1,-1,6,1
201443N001124,1,9,0,18,0,1,0,0,0,0,1,1,6,1,64,9,2204,2,8,10,1
201443N002054,1,9,0,9,0,6,0,0,0,0,3,1,6,2,40,7,-1,-1,-1,6,1
201443N002054,2,9,0,18,0,1,0,0,0,0,3,1,6,1,37,7,1497,8,10,3,1
201443N003014,1,9,0,16,0,0,5,0,1,0,0,1,1,1,34,6,998,1,15,3,1
201443N003034,1,9,0,18,0,0,1,0,0,0,1,1,2,1,29,6,1598,1,13,5,1
201443N003034,2,9,0,18,0,0,0,0,1,0,1,1,2,1,64,9,1397,1,4,9,1
201443N003074,1,9,0,5,0,1,0,0,0,0,1,1,1,2,33,6,1999,1,8,4,1
201443N003074,2,9,0,3,0,1,0,0,0,0,2,1,1,1,40,7,1117,1,26,6,1
201443N004014,1,3,0,18,0,1,1,0,1,0,1,1,6,1,19,4,-1,-1,-1,3,1
201443N004014,2,9,0,10,0,2,0,0,0,0,1,1,6,1,41,7,1685,2,2,10,3
201443N004124,1,9,0,8,0,1,0,0,0,0,1,1,6,1,40,7,-1,-1,-1,-1,-1
201443N004124,2,9,0,18,0,2,0,0,0,0,1,1,1,2,25,5,1968,2,-1,10,1
201443N006024,1,9,0,18,0,0,0,4,0,0,1,1,6,1,32,6,1781,1,11,10,1
201443N006024,2,9,0,2,0,0,0,0,0,0,2,1,6,3,-1,-1,2488,2,7,-1,-1
201443N006054,1,9,0,18,0,0,0,0,0,0,3,1,1,2,50,8,1798,1,13,8,1
201443N006064,1,9,0,17,0,0,1,0,1,10,1,1,6,1,17,4,1149,1,5,8,3
201443N006074,1,9,0,9,0,6,0,0,0,0,3,1,6,2,36,7,1796,1,5,5,1
201443N006074,2,1,0,18,0,8,0,0,0,0,1,1,6,1,52,8,-1,-1,-1,9,1
201443N006094,1,1,0,18,0,1,0,0,0,0,1,1,6,1,32,6,-1,-1,-1,9,1
201443N006094,2,9,0,7,0,1,0,0,0,0,1,1,6,1,20,4,1896,2,9,10,1
201443N007014,1,9,0,18,0,0,0,0,0,0,1,1,6,1,30,6,1242,1,11,3,1
201443N007014,2,9,0,18,0,0,0,0,0,0,1,1,6,1,19,4,1990,1,10,10,1
201443N007064,1,8,0,18,0,0,1,0,5,6,1,1,6,1,33,6,1995,2,2,9,1
201443N007074,1,9,0,18,0,3,1,0,1,0,1,1,6,1,30,6,2496,2,12,6,1
201443N007104,1,2,0,18,0,0,0,0,0,0,1,1,6,1,16,4,49,1,-1,10,3
201443N007104,2,9,0,3,0,0,0,0,0,0,2,1,6,1,46,8,-1,-1,-1,7,1
201443N007124,1,8,0,2,0,0,0,0,0,0,3,1,1,1,40,7,1896,2,7,-1,-1
201443N007124,2,1,0,14,0,0,0,8,0,0,1,1,1,1,34,6,-1,-1,-1,3,1
201443N008064,1,9,0,18,0,8,0,0,0,0,1,1,6,2,35,6,1910,2,9,-1,-1
201443N008094,1,9,0,18,0,1,0,0,0,0,1,1,1,1,29,6,-1,-1,-1,8,2
201443N008094,2,9,0,10,0,1,0,0,0,0,2,1,6,2,40,7,1910,2,6,6,1
201443N009024,1,9,0,18,0,0,1,0,0,0,1,1,6,1,53,8,1753,2,4,-1,-1
201443N009024,2,9,0,18,0,0,0,0,0,0,0,1,6,3,-1,-1,-1,-1,-1,-1,-1
201443N009064,1,9,0,17,0,0,5,0,1,3,4,1,6,1,37,7,1149,1,12,6,2
201443N009084,1,9,0,18,0,0,0,0,0,0,1,1,6,2,30,6,1398,1,4,7,1
201443N009084,2,9,0,4,0,0,0,0,0,0,2,1,6,1,35,6,1995,2,11,3,1
201443N010034,1,9,0,18,0,0,0,0,0,0,1,1,6,2,28,6,1598,2,1,10,1
201443N010034,2,19,0,4,0,0,0,0,0,0,2,1,6,1,41,7,1753,2,8,7,3
201443N010034,3,9,0,4,0,0,0,0,0,0,2,1,6,2,46,8,1240,1,4,10,3
201443N011014,1,9,0,18,0,0,1,0,5,6,1,1,6,1,29,6,3824,1,8,9,1
201443N011014,2,9,0,18,0,0,0,0,0,0,1,1,6,1,51,8,1995,2,11,8,3
201443N011024,1,9,0,2,0,0,0,0,0,0,2,1,6,1,43,7,1997,2,3,-1,3
201443N011024,2,1,0,18,0,0,0,0,0,0,1,1,6,1,44,7,-1,-1,-1,8,2
201443N011054,1,19,0,18,0,8,5,0,0,0,4,1,1,1,35,6,-1,-1,-1,10,1
201443N011054,2,9,0,18,0,8,0,7,0,0,1,1,2,1,18,4,1390,1,11,8,3
201443N011054,3,21,0,18,0,1,0,0,0,0,1,1,1,1,34,6,9290,2,2,7,1
201443N011054,4,9,0,18,0,1,0,0,0,0,2,1,6,2,52,8,1587,1,8,9,3
201443N011064,1,1,0,18,0,1,0,0,0,0,1,1,1,1,28,6,-1,-1,-1,4,1
201443N011064,2,9,0,7,0,1,0,0,0,0,2,1,1,2,34,6,1598,1,6,4,1
201443N011124,1,9,0,18,0,0,0,0,1,0,1,1,2,2,54,8,-1,-1,-1,10,1
201443N011124,2,9,0,18,0,0,0,0,1,0,3,1,6,2,46,8,1800,1,15,7,1
201443N012054,1,9,0,18,0,1,1,0,0,0,1,1,6,1,39,7,1968,2,1,10,1
201443N012054,2,9,0,7,0,5,0,0,0,0,2,1,6,2,20,4,1596,1,5,9,1
201443N012064,1,9,0,7,0,8,0,0,0,0,4,1,6,3,-1,-1,-1,-1,-1,-1,-1
201443N012064,2,1,0,18,0,8,0,0,0,0,1,1,6,1,66,10,-1,-1,-1,7,1
201443N012094,1,9,0,18,0,1,0,0,0,0,1,1,2,2,26,6,1596,1,5,5,1
201443N012094,2,9,0,4,0,1,0,0,0,0,2,1,6,1,68,10,2143,2,1,8,1
201443N012104,1,9,0,18,0,0,0,0,0,0,1,1,2,1,-1,-1,-1,-1,-1,10,3
201443N012104,2,9,0,3,0,0,0,0,0,0,2,1,2,1,52,8,1598,2,2,4,1
201443N012124,1,19,0,9,0,4,0,0,0,0,1,1,1,1,64,9,-1,3,2,10,1
201443N012124,2,9,0,9,0,8,0,0,0,0,1,1,6,2,45,7,1124,1,14,6,1
201443N013094,1,1,0,18,0,0,1,0,0,0,1,1,6,1,30,6,-1,-1,-1,-1,-1
201443N014014,1,9,0,16,0,0,1,0,1,11,1,1,6,1,26,6,1299,1,11,-1,-1
201443N014054,1,9,0,18,0,1,2,0,0,0,1,1,6,1,24,5,1199,1,12,4,2
201443N014054,2,9,0,10,0,1,0,0,0,0,2,1,6,2,35,6,1586,1,8,8,1
201443N014054,3,9,0,18,0,1,0,0,0,0,3,1,1,1,35,6,1598,2,2,-1,-1
201443N014064,1,9,0,9,0,8,0,0,0,0,1,1,3,2,51,8,1991,1,16,3,1
201443N014064,2,9,0,18,0,8,0,7,1,1,3,1,1,2,51,8,1397,1,7,10,2