Accident_Index,Vehicle_Reference,Vehicle_Type,Towing_and_Articulation,Vehicle_Manoeuvre,Vehicle_Location-Restricted_Lane,Junction_Location,Skidding_and_Overturning,Hit_Object_in_Carriageway,Vehicle_Leaving_Carriageway,Hit_Object_off_Carriageway,1st_Point_of_Impact,Was_Vehicle_Left_Hand_Drive?,Journey_Purpose_of_Driver,Sex_of_Driver,Age_of_Driver,Age_Band_of_Driver,Engine_Capacity_(CC),Propulsion_Code,Age_of_Vehicle,Driver_IMD_Decile,Driver_Home_Area_Type
201443N014124,1,9,0,18,0,8,0,0,0,0,3,1,6,3,-1,-1,-1,-1,-1,-1,-1
201443N014124,2,9,0,18,0,8,0,0,0,0,3,1,6,2,27,6,1242,1,13,10,1
201443N015024,1,9,0,16,0,0,0,0,0,0,3,1,6,1,18,4,1149,1,12,10,2
201443N015024,2,9,0,3,0,0,0,0,0,0,3,1,6,1,33,6,1299,1,11,5,1
201443N015044,1,9,0,9,0,5,0,0,0,0,1,1,6,3,-1,-1,-1,-1,-1,-1,-1
201443N015054,1,9,0,4,0,0,2,0,0,0,1,1,6,2,49,8,2179,2,4,9,1
201443N015054,2,9,0,3,0,0,0,0,0,0,2,1,2,1,19,4,1360,1,13,5,2
201443N015054,3,9,0,3,0,0,0,0,0,0,2,1,2,1,54,8,1248,2,3,8,1
201443N016034,1,19,0,18,0,1,0,0,0,0,1,1,6,1,73,10,2461,2,11,8,2
201443N016034,2,9,0,4,0,1,0,0,0,0,2,1,6,2,70,10,1197,1,2,4,1
201443N017014,1,9,0,16,0,0,0,0,1,0,3,1,6,1,39,7,-1,-1,-1,9,3
201443N017014,2,9,0,17,0,0,0,0,7,3,4,1,6,1,47,8,2499,2,14,10,1
201443N017054,1,9,0,16,0,0,1,0,1,9,4,1,6,2,21,5,1341,1,10,3,1
201443N017054,2,9,0,17,0,0,0,0,0,0,0,1,6,3,-1,-1,-1,-1,-1,-1,-1
201443N017094,1,9,0,17,0,0,0,0,0,0,1,1,6,1,27,6,2993,2,7,5,1
201443N017094,2,9,0,17,0,0,0,0,0,0,1,1,1,1,-1,-1,-1,-1,-1,-1,-1
201443N017094,3,9,0,2,0,0,0,0,0,0,1,1,6,3,-1,-1,1560,2,9,-1,-1
201443N017094,4,9,0,2,0,0,0,0,0,0,4,1,6,3,-1,-1,998,1,10,-1,-1
201443N017094,5,9,0,2,0,0,0,0,0,0,2,1,6,3,-1,-1,1199,1,11,-1,-1
201443N017124,1,9,0,18,0,0,0,0,1,1,1,1,1,2,64,9,1598,1,3,9,3
201443N018074,1,9,0,11,0,0,0,0,0,0,4,1,2,1,25,5,1968,2,1,-1,1
201443N018074,2,5,0,18,0,0,1,0,0,0,3,1,2,1,48,8,849,1,3,9,1
201443N019024,1,9,0,9,0,6,0,0,0,0,1,1,3,1,19,4,1149,1,13,6,1
201443N019024,2,9,0,18,0,1,0,0,0,0,1,1,1,2,56,9,1590,1,12,10,2
201443N019054,1,9,0,9,0,6,0,0,0,0,1,1,6,1,38,7,1998,1,17,-1,-1
201443N019054,2,9,0,18,0,1,0,0,0,0,1,1,6,2,46,8,3000,2,17,6,2
201443N019064,1,9,0,7,0,6,0,0,0,0,1,1,6,2,38,7,1389,1,13,7,1
201443N019064,2,1,0,14,0,8,0,0,0,0,4,1,6,1,41,7,-1,-1,-1,10,1
201443N019064,3,17,0,2,0,1,0,0,0,0,0,1,6,3,-1,-1,-1,-1,-1,-1,-1
201443N019074,1,9,0,8,0,5,0,0,1,1,4,1,2,1,48,8,2143,2,1,3,1
201443N019074,2,9,0,18,0,1,0,0,0,0,1,1,6,1,26,6,2993,2,4,8,3
201443N019084,1,9,0,12,0,8,0,0,0,0,1,1,1,1,42,7,998,1,3,6,1
201443N019084,2,9,0,18,0,8,0,0,0,0,1,1,1,1,40,7,2993,2,11,5,1
201443N019124,1,9,0,18,0,6,0,0,1,0,3,1,6,1,54,8,998,1,7,6,1
201443N019124,2,9,0,18,0,8,0,0,0,0,1,1,6,2,36,7,1999,1,8,10,1
201443N020034,1,9,0,18,0,0,0,0,0,0,2,1,6,2,60,9,1339,1,12,9,1
201443N020034,2,9,0,18,0,0,0,0,0,0,1,1,6,2,40,7,973,1,13,-1,-1
201443N020034,3,9,0,18,0,0,0,0,0,0,2,1,6,1,26,6,1198,1,9,-1,-1
201443N020034,4,9,0,18,0,0,0,0,0,0,1,1,6,2,23,5,1229,1,2,8,2
201443N020074,1,9,0,9,0,5,0,0,0,0,1,1,6,2,29,6,1995,2,4,9,3
201443N020074,2,9,0,18,0,1,0,0,0,0,1,1,6,1,61,9,1388,1,12,-1,-1
201443N020084,1,9,0,17,0,0,1,4,0,0,1,1,6,2,44,7,1598,1,8,3,1
201443N020084,2,19,0,2,0,0,0,0,0,0,4,1,6,1,35,6,1995,2,6,10,1
201443N020114,1,9,0,18,0,0,0,8,0,0,1,1,6,1,-1,-1,1951,2,12,-1,-1
201443N020114,2,9,0,2,0,0,0,0,0,0,3,1,6,2,27,6,1461,2,-1,8,3
201443N020124,1,9,0,18,0,0,1,0,0,0,1,1,2,2,33,6,1910,2,7,6,1
201443N020124,2,11,0,18,0,0,0,0,0,0,2,1,1,1,39,7,6374,2,13,3,1
201443N021104,1,9,0,4,0,2,0,0,0,0,1,1,6,1,82,11,3000,1,6,7,3
201443N021104,2,9,0,3,0,2,0,0,0,0,2,1,6,1,24,5,1956,2,5,4,1
201443N021114,1,9,0,1,0,0,0,0,0,0,2,1,6,1,-1,-1,-1,-1,-1,-1,-1
201443N022034,1,9,0,18,0,3,0,0,0,0,1,1,2,1,41,7,1798,1,6,9,1
201443N022034,2,1,0,18,0,2,0,0,0,0,1,1,6,1,11,3,-1,-1,-1,10,1
201443N022094,1,9,0,18,0,0,0,0,0,0,1,1,6,2,-1,-1,-1,-1,-1,-1,-1
201443N022114,1,9,0,9,0,6,0,0,0,0,1,1,6,1,20,4,998,1,10,3,1
201443N022114,2,4,0,18,0,8,0,0,0,0,2,1,1,1,17,4,125,1,1,7,1
201443N023024,1,9,0,18,0,0,1,0,5,7,1,1,6,2,36,7,1997,2,6,7,3
201443N023024,2,9,0,3,0,0,0,0,0,0,2,1,6,2,32,6,1598,1,10,-1,1
201443N023114,1,4,0,13,0,1,0,0,0,0,1,1,6,1,39,7,998,1,5,2,1
201443N023114,2,9,0,9,0,5,0,0,0,0,4,1,6,1,39,7,-1,-1,-1,6,1
201443N023124,1,9,0,18,0,4,0,0,0,0,3,1,1,1,32,6,1686,2,4,7,1
201443N023124,2,1,0,9,0,8,0,0,0,0,1,1,6,1,67,10,-1,-1,-1,8,1
201443N024024,1,9,0,18,0,1,0,0,0,0,1,1,6,2,73,10,1339,8,2,10,2
201443N024024,2,9,0,10,0,1,0,0,0,0,2,1,6,2,28,6,1390,1,4,9,1
201443N025044,1,9,0,18,0,1,0,0,0,0,1,1,3,2,27,6,1390,1,15,-1,1
201443N025044,2,2,0,8,0,1,0,0,0,0,2,1,1,1,20,4,108,1,1,10,3
201443N025114,1,9,0,7,0,4,0,0,0,0,1,1,2,1,38,7,1587,1,13,9,1
201443N025114,2,8,0,3,0,3,0,0,0,0,2,1,1,1,63,9,1686,2,10,4,1
201443N025124,1,9,0,13,0,8,0,0,0,0,3,1,6,1,46,8,1685,2,-1,4,1
201443N025124,2,1,0,9,0,5,0,0,0,0,4,1,6,2,26,6,-1,-1,-1,8,1
201443N026124,1,9,0,9,0,5,0,0,0,0,4,1,2,1,38,7,1598,1,4,4,1
201443N026124,2,9,0,18,0,1,0,0,0,0,1,1,2,1,44,7,1910,2,8,-1,1
201443N026124,3,9,0,18,0,1,0,0,0,0,1,1,2,1,53,8,1998,2,10,10,2
201443N026124,4,9,0,11,0,6,0,0,0,0,3,1,2,1,36,7,1328,1,4,-1,2
201443N027074,1,9,0,4,0,2,0,0,0,0,1,1,6,3,-1,-1,-1,-1,-1,-1,-1
201443N027074,2,1,0,18,0,2,0,0,0,0,2,1,6,1,16,4,-1,-1,-1,-1,-1
201443N027114,1,9,0,18,0,1,1,0,0,0,1,1,6,1,19,4,-1,-1,-1,10,2
201443N027114,2,19,0,10,0,1,0,0,0,0,2,1,6,1,56,9,-1,-1,-1,9,3
201443N028024,1,21,1,18,0,0,2,0,2,7,4,1,1,1,35,6,10837,2,2,6,1
201443N028044,1,9,0,18,0,8,0,0,0,0,4,1,6,2,-1,-1,3175,1,10,10,3
201443N028044,2,9,0,18,0,8,0,0,0,0,1,1,6,2,20,4,1242,1,-1,4,1
201443N028114,1,19,0,9,0,5,0,0,0,0,1,1,1,2,51,8,1997,2,1,2,1
201443N028114,2,9,0,18,0,8,1,0,0,0,1,1,2,1,24,5,1598,1,10,-1,-1
201443N029024,1,9,0,5,0,8,0,0,0,0,1,1,6,2,34,6,1360,1,11,5,1
201443N029024,2,8,0,18,0,8,0,0,0,0,3,1,1,1,66,10,1686,2,9,3,1
201443N029074,1,9,0,18,0,4,0,0,0,0,1,1,6,2,32,6,1896,2,9,9,1
201443N029074,2,9,0,4,0,4,0,0,0,0,2,1,6,1,40,7,-1,-1,-1,-1,-1
201443N029114,1,9,0,9,0,6,0,0,0,0,1,1,6,3,-1,-1,5972,1,11,-1,-1
201443N029114,2,19,0,18,0,1,0,0,0,0,3,1,2,1,36,7,2151,2,11,10,1
201443N029124,1,5,0,18,0,0,1,4,0,0,1,1,6,1,38,7,520,1,13,9,1
201443N029124,2,9,0,2,0,0,0,0,0,0,3,1,6,3,-1,-1,1390,1,13,-1,-1
201443N030014,1,9,0,6,0,2,0,0,0,0,3,1,1,2,42,7,1242,1,4,10,1
201443N030014,2,4,0,18,0,2,0,0,0,0,4,1,6,1,34,6,781,1,13,4,1
201443N030034,1,9,0,18,0,3,0,0,0,0,1,1,6,1,29,6,1360,1,10,-1,1
201443N030034,2,9,0,4,0,3,0,0,0,0,2,1,6,2,49,8,1198,1,6,3,1
201443N030054,1,5,0,18,0,8,0,0,0,0,1,1,6,1,41,7,1000,1,6,5,1
201443N030054,2,9,0,9,0,8,0,0,0,0,4,1,6,1,59,9,1895,1,15,2,1
201443N030094,1,9,0,9,0,4,0,0,0,0,1,1,6,1,83,11,9999,1,16,8,3
201443N030094,2,5,0,9,0,4,0,0,0,0,4,1,6,1,52,8,1584,1,6,10,2
201443N030114,1,9,0,16,0,0,1,0,1,4,1,1,2,2,21,5,1598,1,9,10,3
201443N030114,2,9,0,17,0,0,0,0,0,0,0,1,6,3,-1,-1,-1,-1,-1,-1,-1
201443N031014,1,3,0,13,0,1,0,0,0,0,4,1,6,1,17,4,124,1,1,7,2
201443N031014,2,9,0,9,0,5,0,0,0,0,3,1,6,1,75,10,1796,1,9,8,1
201443N031024,1,9,0,9,0,6,0,0,0,0,3,1,6,1,18,4,1198,1,9,7,1
201443N031024,2,9,0,18,0,1,0,0,0,0,1,1,6,1,39,7,1997,1,15,8,1
201443N031034,1,9,0,1,0,6,0,0,0,0,2,1,6,2,39,7,1590,1,13,3,1
201443N032014,1,9,0,18,0,0,1,0,0,0,1,1,2,1,39,7,-1,-1,-1,5,1
201443N032014,2,9,0,18,0,0,1,0,0,0,1,1,2,1,26,6,1389,1,10,-1,-1
201443N032014,3,9,0,2,0,0,0,0,0,0,0,1,2,2,43,7,1796,1,9,6,1
201443N032034,1,9,0,17,0,0,2,10,0,0,1,1,6,1,23,5,1995,2,4,-1,2
201443N032034,2,9,0,16,0,0,1,0,1,9,2,1,6,2,44,7,2143,2,4,9,3
201443N032054,1,9,0,18,0,0,1,0,5,6,2,1,6,1,24,5,1242,1,11,-1,-1
201443N032064,1,21,1,4,0,0,0,0,0,0,2,1,1,1,54,8,-1,-1,-1,9,1
201443N032064,2,9,0,18,0,0,0,0,0,0,1,1,2,1,30,6,-1,-1,-1,3,1
201443N032114,1,9,0,9,0,6,0,0,0,0,3,1,6,1,56,9,3456,8,1,9,3
201443N032114,2,9,0,18,0,1,0,0,0,0,1,1,6,2,52,8,1991,2,8,7,1
201443N033014,1,19,0,18,0,0,0,0,0,0,1,1,1,1,30,6,1248,2,1,4,1
201443N033014,2,9,0,18,0,0,0,0,0,0,2,1,6,2,24,5,1364,1,7,7,2
201443N033014,3,9,0,18,0,0,0,0,0,0,2,1,6,2,75,10,1240,1,9,10,1
201443N033024,1,11,0,18,0,0,0,11,0,0,1,1,1,1,61,9,11000,2,21,9,1
201443N033064,1,9,0,9,0,6,0,0,0,0,3,1,6,1,51,8,4398,1,10,9,3
201443N033064,2,5,0,18,0,8,0,0,0,0,1,1,6,1,42,7,998,1,10,8,2
201443N034014,1,9,0,17,0,0,1,0,7,7,4,1,6,1,33,6,3936,2,10,1,1
201443N034044,1,9,0,18,0,1,0,0,0,0,1,1,6,1,34,6,1984,1,11,10,3
201443N034044,2,9,0,3,0,1,0,0,0,0,2,1,6,1,25,5,1896,2,9,-1,-1
201443N034044,3,9,0,10,0,1,0,0,0,0,2,1,6,1,44,7,2616,1,10,9,1
201443N034094,1,9,0,14,0,0,0,0,0,0,1,1,6,3,-1,-1,2953,1,3,-1,-1
201443N034094,2,9,0,18,0,0,0,0,0,0,4,1,6,1,60,9,1968,2,1,9,3
201443N034094,3,9,0,3,0,0,0,0,0,0,3,1,6,2,29,6,1461,2,4,10,2
201443N034124,1,9,0,11,0,0,0,0,0,0,1,1,2,1,20,4,1781,1,12,4,1
201443N034124,2,9,0,4,0,0,0,0,0,0,2,1,6,2,52,8,2494,1,11,10,1
201443N035044,1,9,0,18,0,0,0,0,0,0,1,1,6,2,41,7,3436,1,3,7,1
201443N035044,2,9,0,4,0,0,0,0,0,0,2,1,6,2,25,5,1390,1,3,-1,-1
201443N035094,1,9,0,18,0,0,0,0,0,0,3,1,6,1,19,4,1242,1,6,10,1
201443N035094,2,9,0,18,0,0,0,0,0,0,3,1,6,1,50,8,1364,1,8,10,1
201443N036044,1,9,0,16,0,0,0,10,8,11,3,1,2,2,65,9,1998,1,9,4,1
201443N037024,1,9,0,12,0,0,0,0,0,0,1,1,6,1,25,5,1149,1,11,-1,1
201443N037024,2,9,0,3,0,0,0,0,0,0,2,1,2,2,34,6,1995,2,3,10,2
201443N037024,3,9,0,3,0,0,0,0,0,0,2,1,6,1,52,8,1896,2,6,10,3
201443N037034,1,9,0,18,0,8,0,0,0,0,1,1,6,2,39,7,-1,-1,-1,5,1
201443N037034,2,9,0,18,0,8,0,0,0,0,2,1,6,1,53,8,-1,-1,-1,10,1
201443N037064,1,9,0,17,0,0,1,0,1,11,1,1,6,1,25,5,1781,1,11,6,1
201443N037064,2,9,0,18,0,0,0,0,0,0,0,1,6,3,-1,-1,-1,-1,-1,-1,-1
201443N037064,3,90,0,18,0,0,0,0,0,0,0,1,1,3,-1,-1,-1,-1,-1,-1,-1
201443N037074,1,9,0,18,0,0,0,0,0,0,1,1,6,1,27,6,1598,1,5,5,1
201443N037074,2,9,0,4,0,0,0,0,0,0,2,1,6,1,63,9,1988,1,13,6,3
201443N037114,1,9,0,18,0,2,0,0,0,0,1,1,6,2,53,8,1596,1,3,4,1
201443N037114,2,11,0,2,0,2,0,0,0,0,0,1,1,3,-1,-1,-1,-1,-1,-1,-1
201443N038044,1,9,0,9,0,8,0,0,0,0,1,1,6,2,34,6,2497,1,3,9,3
201443N038044,2,1,0,18,0,8,0,0,0,0,1,1,6,1,34,6,-1,-1,-1,10,1
201443N038104,1,9,0,17,0,0,0,0,7,4,1,1,6,1,35,6,-1,-1,-1,-1,3
201443N038114,1,9,0,12,0,0,0,0,4,6,3,1,6,2,31,6,1560,2,10,7,1
201443N038114,2,9,0,18,0,0,0,0,0,0,1,1,2,1,39,7,-1,-1,-1,8,1
201443N038114,3,21,0,11,0,0,0,0,0,0,4,1,2,1,43,7,10308,2,2,4,3
201443N039024,1,9,0,9,0,5,0,0,0,0,1,1,2,1,30,6,1368,1,7,10,1
201443N039034,1,9,0,18,0,1,0,0,0,0,1,1,1,2,60,9,1348,1,13,5,1
201443N039034,2,9,0,3,0,1,0,0,0,0,2,1,2,1,31,6,2231,2,7,6,1
201443N039044,1,9,0,9,0,6,0,0,0,0,1,1,6,3,-1,-1,-1,-1,-1,-1,-1
201443N039044,2,9,0,18,0,1,0,0,0,0,3,1,6,2,52,8,1995,2,9,5,1
201443N039054,1,9,0,11,0,0,0,0,0,0,4,1,6,3,-1,-1,998,1,11,8,3
201443N039054,2,1,0,18,0,0,0,0,1,0,2,1,6,1,46,8,-1,-1,-1,10,1
201443N039074,1,9,0,16,0,0,1,0,0,0,3,1,6,1,19,4,1124,1,14,-1,1
201443N039074,2,9,0,17,0,0,0,0,1,0,3,1,6,1,34,6,1390,2,9,3,1
201443N039104,1,9,0,9,0,4,0,0,0,0,1,1,6,1,33,6,1242,1,7,-1,1
201443N039104,2,1,0,18,0,8,0,0,0,0,2,1,6,1,70,10,-1,-1,-1,8,2
201443N039114,1,9,0,9,0,6,0,0,0,0,3,1,6,1,76,11,1242,1,5,10,1
201443N039114,2,2,0,18,0,1,0,0,0,0,1,1,1,1,21,5,125,1,2,4,1
201443N040014,1,9,0,18,0,6,0,0,0,0,1,1,6,1,40,7,-1,-1,-1,-1,-1
201443N040014,2,9,0,18,0,1,0,0,0,0,1,1,6,1,46,8,-1,-1,-1,3,1
201443N040034,1,9,0,18,0,0,0,0,4,6,2,1,1,1,29,6,-1,3,3,-1,1
201443N040034,2,9,0,13,0,0,0,0,0,0,1,1,6,2,31,6,1900,2,14,4,1
201443N041074,1,9,0,1,0,0,0,0,0,0,2,1,6,1,34,6,2497,2,11,5,1
201443N041074,2,9,0,3,0,0,0,0,0,0,1,1,6,1,76,11,1798,1,2,10,1
201443N042014,1,9,0,7,0,8,0,0,0,0,1,1,6,3,-1,-1,-1,-1,-1,-1,-1
201443N042014,2,1,0,18,0,8,0,0,0,0,1,1,1,2,30,6,-1,-1,-1,2,1
201443N042064,1,9,0,13,0,1,0,0,0,0,1,1,6,1,28,6,1800,1,15,10,1
201443N042064,2,19,0,10,0,5,0,0,0,0,3,1,1,1,51,8,2287,2,7,6,1
201443N043034,1,9,0,18,0,0,2,0,7,1,1,1,6,2,17,4,1198,1,8,10,2
201443N043084,1,20,0,16,0,0,5,0,7,0,1,1,2,1,26,6,-1,-1,-1,10,1
201443N043084,2,9,0,17,0,0,0,0,0,0,3,1,2,1,45,7,1396,1,15,6,1
201443N043104,1,9,0,4,0,0,0,0,0,0,1,1,6,1,44,7,-1,-1,-1,-1,-1
201443N043104,2,9,0,4,0,0,0,0,0,0,2,1,6,1,31,6,2231,2,8,3,1
201443N043124,1,19,0,18,0,0,1,0,5,6,3,1,1,1,19,4,1686,2,7,1,1
201443N044074,1,1,0,16,0,0,1,0,1,10,0,1,6,1,41,7,-1,-1,-1,5,1
201443N044074,2,9,0,17,0,0,0,0,0,0,0,1,6,1,48,8,1968,2,2,6,1
201443N044114,1,9,0,18,0,0,0,4,0,0,1,1,6,2,21,5,1329,1,5,10,1
201443N044114,2,9,0,2,0,0,0,0,0,0,3,1,6,3,-1,-1,-1,-1,-1,-1,-1
201443N045014,1,9,0,5,0,2,0,0,0,0,1,1,6,1,40,7,1598,1,6,10,1
201443N045014,2,9,0,4,0,2,0,0,0,0,2,1,6,2,65,9,1995,2,8,10,1
201443N045044,1,9,0,16,0,0,1,0,7,10,4,1,6,1,47,8,1998,2,12,9,1
201443N045074,1,9,0,16,0,0,1,0,7,0,1,1,6,1,17,4,1199,1,13,4,2
201443N046064,1,9,0,5,0,8,1,0,1,0,1,1,6,1,59,9,-1,-1,-1,-1,-1
201443N046084,1,9,0,8,0,1,0,0,0,0,1,1,6,1,30,6,2987,2,6,2,1
201443N046084,2,9,0,8,0,1,0,0,0,0,2,1,6,2,52,8,998,1,8,-1,-1
201443N046104,1,9,0,5,0,8,0,0,7,0,3,1,6,1,93,11,1390,1,-1,10,3
201443N046104,2,19,0,16,0,8,0,0,0,0,1,1,1,1,24,5,-1,-1,-1,10,1
201443N047014,1,9,0,18,0,1,0,0,0,0,1,1,6,1,33,6,2982,2,16,9,1
201443N047014,2,9,0,4,0,1,0,0,0,0,2,1,6,2,37,7,1582,2,3,3,1
201443N047014,3,9,0,4,0,1,0,0,0,0,1,1,1,1,35,6,1686,2,3,-1,-1
201443N047024,1,9,0,18,0,0,0,0,0,0,4,1,6,3,-1,-1,-1,-1,-1,-1,-1
201443N047024,2,1,0,18,0,0,0,0,0,0,3,1,6,1,11,3,-1,-1,-1,6,1
201443N047034,1,9,0,4,0,0,0,0,0,0,4,1,6,1,71,10,4293,1,13,8,3
201443N047054,1,9,0,18,0,1,0,0,0,0,1,1,6,2,23,5,1388,1,5,-1,1
201443N047054,2,1,0,9,0,6,0,0,0,0,2,1,6,1,23,5,-1,-1,-1,8,1
201443N047074,1,9,0,18,0,0,0,0,0,0,1,1,6,1,41,7,1796,1,8,9,1
201443N047074,2,9,0,18,0,0,0,0,0,0,1,1,6,1,50,8,1997,2,5,3,1
201443N047074,3,9,0,18,0,0,0,0,0,0,1,1,6,1,77,11,1198,1,7,9,1
201443N047074,4,9,0,18,0,0,0,0,0,0,2,1,6,2,52,8,2698,2,8,4,3
201443N047114,1,19,0,16,0,0,0,0,0,0,3,1,1,1,39,7,1461,2,6,2,1
201443N047114,2,9,0,17,0,0,0,0,1,9,3,1,1,1,23,5,1242,1,2,7,2
201443N048074,1,9,0,18,0,0,1,0,7,9,1,1,6,2,36,7,1997,2,11,-1,2
201443N049034,1,19,0,5,0,0,0,0,0,0,1,1,1,1,31,6,2299,2,16,-1,-1
201443N049034,2,9,0,18,0,0,1,0,1,4,4,1,6,1,49,8,998,1,14,4,1
201443N049084,1,9,0,16,0,0,1,0,0,0,1,1,2,1,23,5,1299,1,11,6,3
201443N049084,2,20,0,17,0,0,0,0,0,0,3,1,1,1,56,9,4580,2,12,10,1
201443N050034,1,9,0,17,0,0,0,0,7,0,4,1,6,1,34,6,1598,1,13,-1,-1
201443N050044,1,3,0,7,0,1,0,0,1,0,3,1,6,1,22,5,124,1,5,4,1
201443N050044,2,19,0,18,0,5,0,0,0,0,4,1,6,1,44,7,-1,-1,-1,4,1
201443N050124,1,19,0,9,0,4,0,0,1,0,1,1,1,1,32,6,2402,2,7,5,1
201443N050124,2,9,0,18,0,8,0,0,0,0,4,1,6,2,51,8,2179,2,2,10,1
201443N051014,1,9,0,9,0,1,0,0,0,0,3,1,6,2,44,7,-1,-1,-1,10,1
201443N051014,2,4,0,13,0,1,0,0,0,0,1,1,2,1,41,7,-1,-1,-1,9,1
201443N051024,1,9,0,18,0,2,0,0,0,0,3,1,1,1,21,5,1596,1,1,8,3
201443N051024,2,11,0,2,0,1,0,0,0,0,0,1,1,3,-1,-1,-1,-1,-1,-1,-1
201443N051034,1,9,0,16,0,0,2,0,1,4,4,1,6,1,27,6,1599,1,10,8,3
201443N051094,1,9,0,13,0,0,0,0,0,0,4,1,6,2,-1,-1,-1,-1,-1,-1,-1
201443N051094,2,1,0,18,0,0,0,0,0,0,3,1,1,1,64,9,-1,-1,-1,10,1
201443N051104,1,9,0,3,0,1,0,0,0,0,2,1,6,1,31,6,1389,1,12,5,1
201443N051104,2,9,0,4,0,1,0,0,0,0,1,1,6,2,50,8,973,1,12,-1,-1
201443N052024,1,9,0,18,0,0,0,0,1,4,1,1,6,1,52,8,989,1,11,10,1
201443N052044,1,19,0,7,0,6,0,0,0,0,1,1,1,1,46,8,2148,2,10,3,1
201443N052044,2,1,0,18,0,8,0,0,0,0,4,1,6,2,63,9,-1,-1,-1,-1,-1
201443N052084,1,5,0,18,0,1,0,0,0,0,1,1,6,1,26,6,583,1,14,9,3
201443N052084,2,9,0,9,0,5,0,0,0,0,2,1,6,1,53,8,1364,2,7,7,2
201443N052124,1,3,0,7,0,6,0,0,0,0,1,1,6,1,-1,-1,124,1,-1,-1,-1
201443N052124,2,9,0,17,0,1,0,0,0,0,1,1,6,1,31,6,1248,2,3,8,2
201443N053114,1,2,0,13,0,8,0,0,0,0,1,1,6,1,20,4,49,1,14,9,1
201443N053114,2,9,0,9,0,5,0,0,0,0,4,1,6,3,-1,-1,-1,-1,-1,-1,-1
201443N053114,3,9,0,18,0,8,0,0,0,0,0,1,6,3,-1,-1,-1,-1,-1,-1,-1
201443N054024,1,9,0,15,0,8,0,0,0,0,4,1,6,3,-1,-1,-1,-1,-1,-1,-1
201443N054024,2,9,0,3,0,8,0,0,0,0,3,1,6,2,24,5,1200,1,1,8,1
201443N054084,1,9,0,16,0,1,0,0,0,0,1,1,6,1,20,4,1896,2,8,-1,-1
201443N054084,2,9,0,3,0,1,0,0,0,0,2,1,2,2,25,5,1248,2,1,10,1
201443N054084,3,9,0,3,0,1,0,0,0,0,0,1,6,2,40,7,-1,-1,-1,-1,-1
201443N054084,4,9,0,10,0,1,0,0,0,0,0,1,6,1,50,8,-1,-1,-1,-1,-1
201443N054124,1,9,0,18,0,0,0,0,0,0,1,1,6,1,-1,-1,993,1,13,-1,-1
201443N055014,1,9,0,18,0,2,0,0,0,0,1,1,6,2,35,6,2967,2,4,9,1
201443N055014,2,9,0,4,0,2,0,0,0,0,2,1,6,1,38,7,1390,1,9,9,1
201443N055054,1,9,0,5,0,1,0,0,0,0,1,1,6,3,-1,-1,-1,-1,-1,-1,-1
201443N055054,2,1,0,9,0,6,0,0,0,0,2,1,6,1,35,6,-1,-1,-1,5,1
201443N055084,1,9,0,18,0,0,0,0,0,0,1,1,6,1,43,7,1988,1,20,6,1
201443N055094,1,9,0,18,0,0,1,0,2,6,1,1,2,1,22,5,1995,2,12,7,1
201443N055094,2,19,0,18,0,0,1,0,4,6,1,1,6,1,48,8,2446,2,13,5,1
201443N055124,1,8,0,9,0,8,0,0,0,0,3,1,1,1,-1,-1,-1,-1,-1,4,1
201443N055124,2,9,0,18,0,8,0,0,0,0,4,1,6,2,25,5,-1,-1,-1,9,1
201443N056014,1,9,0,16,0,0,0,0,0,0,3,1,1,2,26,6,1896,2,11,9,2
201443N056014,2,9,0,17,0,0,0,0,1,3,2,1,1,1,25,5,-1,-1,-1,10,2
201443N056064,1,5,0,16,0,2,1,0,7,10,1,1,6,1,20,4,1157,1,9,-1,-1
201443N056064,2,19,0,17,0,1,0,0,0,0,1,1,6,1,50,8,1870,2,9,4,1
201443N056074,1,9,0,5,0,1,0,0,0,0,1,1,2,1,48,8,-1,-1,-1,10,1
201443N056074,2,9,0,8,0,1,0,0,0,0,2,1,2,2,63,9,1124,1,9,9,1
201443N056104,1,9,0,4,0,0,0,0,0,0,1,1,1,1,43,7,2261,1,10,6,1
201443N057024,1,9,0,9,0,6,0,0,0,0,1,1,6,1,47,8,-1,-1,-1,7,1
201443N057024,2,9,0,9,0,5,0,0,0,0,3,1,6,2,23,5,1242,1,3,10,1
201443N057034,1,8,0,9,0,5,0,0,0,0,4,1,6,1,50,8,1364,1,7,-1,-1
201443N057034,2,1,0,18,0,8,0,0,0,0,1,1,6,1,22,5,-1,-1,-1,10,3
201443N057094,1,9,0,18,0,0,0,0,0,0,3,1,6,2,55,8,1794,1,9,10,1
201443N058074,1,19,0,18,0,1,0,0,0,0,4,1,6,1,-1,-1,-1,-1,-1,-1,-1
201443N058094,1,3,0,18,0,8,0,0,0,0,1,1,1,1,18,4,-1,-1,-1,4,1
201443N058094,2,9,0,18,0,8,0,0,0,0,3,1,6,2,56,9,1998,1,11,8,3
201443N059034,1,9,0,18,0,0,0,0,2,7,3,1,1,1,25,5,1197,1,1,5,1