Accident_Index,Vehicle_Reference,Vehicle_Type,Towing_and_Articulation,Vehicle_Manoeuvre,Vehicle_Location-Restricted_Lane,Junction_Location,Skidding_and_Overturning,Hit_Object_in_Carriageway,Vehicle_Leaving_Carriageway,Hit_Object_off_Carriageway,1st_Point_of_Impact,Was_Vehicle_Left_Hand_Drive?,Journey_Purpose_of_Driver,Sex_of_Driver,Age_of_Driver,Age_Band_of_Driver,Engine_Capacity_(CC),Propulsion_Code,Age_of_Vehicle,Driver_IMD_Decile,Driver_Home_Area_Type
201443N059064,1,5,0,18,0,0,1,0,1,4,1,1,6,1,21,5,598,1,15,6,1
201443N059084,1,19,0,16,0,0,0,0,0,0,4,1,6,1,40,7,-1,-1,-1,-1,-1
201443N060034,1,9,0,8,0,0,0,0,0,0,1,1,6,2,32,6,1796,1,7,7,1
201443N060034,2,9,0,8,0,0,0,0,0,0,2,1,6,1,58,9,2993,2,6,10,1
201443N060044,1,9,0,9,0,6,0,0,0,0,1,1,6,1,43,7,-1,-1,-1,8,2
201443N060044,2,4,0,18,0,1,0,0,0,0,1,1,6,1,45,7,-1,-1,-1,6,1
201443N060054,1,19,0,18,0,0,0,0,0,0,1,1,6,1,-1,-1,1896,2,9,9,1
201443N060054,2,9,0,3,0,0,0,0,0,0,2,1,6,2,42,7,1360,1,10,8,1
201443N060054,3,9,0,18,0,0,0,0,0,0,0,1,6,3,-1,-1,-1,-1,-1,-1,-1
201443N060064,1,9,0,7,0,3,0,0,0,0,4,1,6,2,-1,-1,1995,2,8,6,1
201443N060064,2,1,0,18,0,8,0,0,0,0,3,1,6,2,35,6,-1,-1,-1,6,1
201443N060094,1,9,0,7,0,6,0,0,0,0,4,1,1,1,47,8,-1,-1,-1,8,3
201443N060094,2,1,0,17,0,8,0,0,0,0,1,1,6,1,65,9,-1,-1,-1,9,3
201443N060114,1,9,0,17,0,0,0,0,7,0,1,1,6,1,21,5,2793,1,16,10,1
201443N060114,2,9,0,18,0,0,0,0,1,0,1,1,6,1,70,10,1596,1,-1,-1,-1
201443N061034,1,5,0,18,0,6,0,0,0,0,3,1,6,1,63,9,997,1,6,8,1
201443N061074,1,1,0,7,0,1,1,0,0,0,1,1,6,2,43,7,-1,-1,-1,10,1
201443N061074,2,1,0,8,0,1,0,0,0,0,2,1,6,2,45,7,-1,-1,-1,9,1
201443N061084,1,19,0,18,0,4,0,0,0,0,3,1,1,1,49,8,2198,2,1,4,1
201443N061084,2,9,0,18,0,4,0,0,0,0,2,1,6,1,23,5,1598,1,13,8,1
201443N061094,1,1,0,18,0,6,0,0,0,0,1,1,6,1,10,2,-1,-1,-1,3,1
201443N061094,2,9,0,18,0,1,0,0,0,0,4,1,6,2,26,6,1399,1,9,3,1
201443N062034,1,5,0,18,0,1,1,0,1,2,1,1,6,1,22,5,749,1,22,4,1
201443N062074,1,9,0,18,0,0,0,0,0,0,1,1,6,3,-1,-1,-1,-1,-1,-1,-1
201443N063034,1,9,0,18,0,1,1,0,0,0,1,1,6,1,66,10,998,1,13,10,1
201443N063034,2,9,0,4,0,1,0,0,0,0,2,1,6,1,38,7,2893,1,2,-1,1
201443N063054,1,9,0,18,0,1,0,0,0,0,1,1,6,2,46,8,1988,1,11,4,1
201443N063054,2,9,0,3,0,1,0,0,0,0,2,1,6,1,29,6,1995,1,4,10,1
201443N063054,3,9,0,3,0,1,0,0,0,0,2,1,6,1,32,6,1388,1,15,5,1
201443N063074,1,9,0,6,0,0,0,0,0,0,1,1,6,1,54,8,1587,1,13,6,1
201443N063074,2,1,0,18,0,0,0,0,0,0,3,1,6,1,48,8,-1,-1,-1,8,1
201443N063084,1,9,0,16,0,0,0,0,1,1,1,1,6,1,70,10,1242,1,11,8,1
201443N063094,1,9,0,18,0,0,0,0,0,0,1,1,6,1,69,10,1753,2,10,10,2
201443N063094,2,1,0,18,0,0,0,0,0,0,1,1,6,1,42,7,-1,-1,-1,10,1
201443N063114,1,9,0,18,0,0,0,0,1,0,1,1,6,1,32,6,1398,1,3,9,1
201443N063114,2,9,0,18,0,0,0,0,0,0,0,1,6,3,-1,-1,-1,-1,-1,-1,-1
201443N064014,1,9,0,18,0,0,0,0,0,0,1,1,1,1,39,7,-1,-1,-1,9,1
201443N064014,2,8,0,18,0,0,0,0,0,0,2,1,1,1,26,6,-1,-1,-1,10,1
201443N064114,1,9,0,17,0,0,1,0,7,0,4,1,6,1,28,6,1332,1,9,10,1
201443N065054,1,9,0,18,0,0,1,0,0,0,3,1,6,1,-1,-1,1895,1,14,-1,-1
201443N065054,2,9,0,18,0,0,0,0,0,0,1,1,6,1,24,5,1799,1,7,5,1
201443N065074,1,9,0,18,0,3,0,0,0,0,1,1,6,2,60,9,-1,-1,-1,-1,-1
201443N065104,1,9,0,18,0,0,2,0,0,0,1,1,6,1,33,6,1799,1,6,9,1
201443N065104,2,9,0,18,0,0,0,0,0,0,1,1,6,2,53,8,1242,1,-1,8,1
201443N065104,3,9,0,3,0,0,0,0,0,0,2,1,6,1,40,7,2204,2,8,10,1
201443N065104,4,9,0,3,0,0,0,0,0,0,2,1,6,1,31,6,1896,2,6,10,1
201443N065104,5,9,0,3,0,0,0,0,0,0,2,1,6,3,38,7,-1,-1,-1,9,1
201443N065114,1,9,0,18,0,1,0,0,0,0,1,1,6,2,66,10,1598,1,9,4,1
201443N065114,2,9,0,4,0,1,0,0,0,0,2,1,6,2,36,7,1598,1,14,3,1
201443N066014,1,9,0,16,0,0,1,0,0,0,1,1,6,1,38,7,1839,1,18,9,3
201443N066014,2,9,0,17,0,0,1,0,0,0,2,1,6,1,40,7,2500,2,10,8,3
201443N066014,3,16,0,16,0,0,0,0,0,0,0,1,6,3,-1,-1,-1,-1,-1,-1,-1
201443N066024,1,9,0,18,0,1,0,4,0,0,1,1,6,1,20,4,1998,1,5,10,3
201443N066024,2,9,0,2,0,1,0,0,0,0,2,1,6,3,-1,-1,1229,1,6,-1,-1
201443N066034,1,9,0,9,0,6,0,0,0,0,1,1,6,2,40,7,2720,2,7,8,3
201443N066034,2,9,0,18,0,1,0,0,0,0,1,1,6,2,44,7,1399,2,4,9,3
201443N066054,1,9,0,17,0,0,0,0,0,0,0,1,6,3,-1,-1,-1,-1,-1,-1,-1
201443N066054,2,5,0,16,0,0,1,10,0,0,4,1,6,1,37,7,1043,1,-1,10,3
201443N066094,1,9,0,5,0,1,1,0,0,0,1,1,6,2,46,8,1868,2,12,9,1
201443N066094,2,19,0,3,0,1,0,0,0,0,0,1,6,3,-1,-1,-1,-1,-1,-1,-1
201443N066124,1,9,0,4,0,8,0,0,0,0,1,1,6,1,39,7,2157,1,14,6,1
201443N066124,2,9,0,1,0,7,0,0,0,0,2,1,6,1,29,6,2254,1,12,6,1
201443N067064,1,5,0,18,0,0,1,0,0,0,1,1,2,1,25,5,675,1,4,6,1
201443N067064,2,9,0,4,0,0,0,0,0,0,1,1,2,1,29,6,1781,1,11,4,1
201443N067084,1,9,0,9,0,6,0,0,0,0,4,1,2,1,55,8,2387,2,7,10,2
201443N067084,2,9,0,18,0,1,2,0,1,0,1,1,6,2,40,7,1497,1,11,3,1
201443N067114,1,9,0,5,0,1,0,0,0,0,1,1,6,1,36,7,1998,1,8,5,1
201443N067114,2,9,0,5,0,1,0,0,0,0,2,1,6,2,19,4,1229,1,9,7,1
201443N068024,1,8,0,9,0,5,0,0,0,0,1,1,1,1,42,7,1896,2,9,4,1
201443N068084,1,9,0,18,0,1,0,0,0,0,1,1,6,2,62,9,1753,2,12,10,1
201443N068084,2,9,0,3,0,1,0,0,0,0,2,1,6,1,64,9,1598,1,5,5,1
201443N068084,3,9,0,10,0,1,0,0,0,0,2,1,6,2,45,7,1984,1,1,10,3
201443N069064,1,9,0,16,0,0,1,10,0,0,1,1,6,1,22,5,1199,1,14,10,2
201443N069064,2,9,0,18,0,0,0,0,0,0,1,1,6,1,80,11,1995,1,5,10,2
201443N069104,1,9,0,17,0,0,0,4,0,0,1,1,6,1,78,11,1360,1,11,7,2
201443N069104,2,21,0,2,0,0,0,0,0,0,2,1,1,1,30,6,5880,2,10,-1,-1
201443N070034,1,9,0,4,0,0,2,0,5,6,1,1,1,1,53,8,1360,1,11,9,1
201443N070044,1,9,0,9,0,5,0,0,0,0,1,1,6,1,72,10,1973,1,14,10,2
201443N070054,1,9,0,4,0,1,0,0,0,0,4,1,6,1,77,11,3192,1,7,10,1
201443N070064,1,9,0,18,0,0,0,0,0,0,1,1,6,1,31,6,1679,1,13,3,1
201443N070064,2,9,0,18,0,0,0,0,0,0,1,1,6,1,29,6,1968,2,5,3,1
201443N070084,1,97,0,18,0,8,0,0,0,0,1,1,6,1,21,5,599,1,15,10,2
201443N070084,2,9,0,4,0,8,0,0,0,0,2,1,6,2,34,6,1598,2,1,7,1
201443N070084,3,9,0,9,0,8,0,0,0,0,0,1,6,3,-1,-1,-1,-1,-1,-1,-1
201443N071014,1,9,0,17,0,0,2,0,7,9,4,1,6,2,26,6,-1,-1,-1,9,2
201443N071024,1,9,0,4,0,0,2,0,1,3,1,1,6,2,59,9,1149,1,11,-1,1
201443N071024,2,9,0,4,0,0,0,0,0,0,2,1,6,1,25,5,1896,2,5,-1,1
201443N071074,1,9,0,5,0,6,0,0,0,0,1,1,2,2,46,8,1995,2,1,5,1
201443N071074,2,3,0,14,0,1,0,0,0,0,1,1,2,1,32,6,124,1,4,7,2
201443N071074,3,9,0,3,0,1,0,0,0,0,0,1,6,3,-1,-1,-1,-1,-1,-1,-1
201443N071114,1,19,0,16,0,0,1,0,0,0,3,1,1,1,40,7,2198,2,4,4,1
201443N071114,2,9,0,17,0,0,0,0,0,0,3,1,6,2,39,7,-1,-1,-1,1,1
201443N072014,1,9,0,17,0,0,2,0,7,11,1,1,6,2,28,6,2231,2,3,4,1
201443N072064,1,9,0,18,0,0,5,0,0,0,1,1,6,2,74,10,1598,1,15,10,1
201443N072074,1,9,0,18,0,4,0,0,0,0,1,1,6,2,40,7,1968,2,5,10,1
201443N072074,2,9,0,18,0,8,0,0,0,0,4,1,6,2,41,7,1396,1,15,9,3
201443N072104,1,9,0,18,0,0,2,0,1,11,4,1,6,1,23,5,1229,1,9,4,1
201443N073014,1,9,0,2,0,0,0,0,0,0,2,1,6,2,50,8,-1,-1,-1,8,1
201443N073014,2,9,0,17,0,0,1,4,7,0,1,1,6,1,32,6,1896,2,9,-1,2
201443N073014,3,9,0,17,0,0,1,0,0,0,1,1,6,1,22,5,1995,1,10,-1,-1
201443N073014,4,9,0,17,0,0,1,0,0,0,1,1,6,1,28,6,1995,1,11,-1,-1
201443N073014,5,19,0,2,0,0,0,0,0,0,0,1,6,1,-1,-1,-1,-1,-1,-1,-1
201443N073044,1,9,0,11,0,0,1,0,1,0,3,1,6,1,43,7,2720,2,10,4,1
201443N073044,2,9,0,18,0,0,1,0,0,0,4,1,6,1,47,8,1364,1,8,7,1
201443N073084,1,9,0,7,0,6,0,10,3,4,1,1,6,2,29,6,5439,1,11,8,1
201443N074024,1,9,0,9,0,6,0,0,0,0,4,1,6,1,40,7,-1,-1,-1,-1,-1
201443N074034,1,9,0,18,0,0,0,0,0,0,1,1,1,1,23,5,999,1,2,8,3
201443N074034,2,98,0,2,0,0,0,0,0,0,2,1,1,1,27,6,2287,2,7,-1,-1
201443N074044,1,9,0,16,0,0,1,0,1,9,1,1,6,1,17,4,1149,1,18,10,1
201443N074044,2,21,0,17,0,0,0,0,0,0,1,1,6,1,64,9,5880,2,10,3,1
201443N074064,1,9,0,18,0,0,0,0,0,0,1,1,6,3,-1,-1,-1,-1,-1,-1,-1
201443N074064,2,1,0,18,0,0,0,0,0,0,2,1,2,1,19,4,-1,-1,-1,8,2
201443N074074,1,9,0,18,0,8,0,0,0,0,1,1,6,2,51,8,1998,1,13,10,1
201443N074074,2,19,0,18,0,8,0,0,1,9,1,1,1,1,48,8,-1,-1,-1,9,1
201443N074084,1,9,0,18,0,0,0,0,0,0,1,1,1,1,32,6,998,1,-1,10,1
201443N074084,2,8,0,4,0,0,0,6,0,0,2,1,1,1,45,7,1995,2,3,3,1
201443N074094,1,1,0,18,0,0,0,0,0,0,1,1,6,1,55,8,-1,-1,-1,9,3
201443N074094,2,9,0,3,0,0,0,0,0,0,2,1,6,2,49,8,1968,2,1,10,1
201443N074124,1,9,0,13,0,0,0,0,0,0,3,1,6,2,45,7,1299,1,6,10,1
201443N074124,2,19,0,18,0,0,0,0,0,0,3,1,6,1,54,8,2402,2,8,9,1
201443N074124,3,9,0,18,0,0,0,0,0,0,1,1,6,2,44,7,-1,-1,-1,10,2
201443N074124,4,9,0,18,0,0,0,0,0,0,1,1,6,2,28,6,998,1,9,10,1
201443N074124,5,21,1,18,0,0,0,0,0,0,0,1,6,1,-1,-1,-1,-1,-1,-1,-1
201443N075014,1,9,0,7,0,5,0,0,0,0,1,1,6,1,26,6,-1,-1,-1,10,1
201443N075014,2,9,0,4,0,1,0,0,0,0,1,1,6,2,41,7,1998,1,6,8,1
201443N075044,1,21,1,18,0,0,0,0,0,0,1,1,1,1,55,8,-1,-1,-1,-1,-1
201443N075044,2,19,0,18,0,0,0,0,0,0,2,1,1,1,60,9,1753,2,1,6,1
201443N075064,1,9,0,7,0,5,0,0,0,0,1,1,2,2,49,8,-1,-1,-1,9,1
201443N075074,1,2,0,13,0,1,0,0,0,0,4,1,2,1,17,4,49,1,5,10,1
201443N075074,2,9,0,9,0,1,0,0,0,0,3,1,1,1,49,8,-1,-1,-1,10,1
201443N075104,1,9,0,5,0,6,0,0,0,0,4,1,6,1,75,10,1968,2,2,6,2
201443N075104,2,9,0,18,0,1,0,0,0,0,1,1,6,2,48,8,1461,2,4,7,3
201443N075104,3,9,0,3,0,1,0,0,0,0,1,1,6,2,63,9,1951,2,8,10,3
201443N076024,1,9,0,18,0,0,0,0,0,0,1,1,6,2,50,8,-1,-1,-1,-1,-1
201443N076034,1,9,0,9,0,6,1,0,0,0,1,1,1,1,44,7,-1,-1,-1,-1,1
201443N076034,2,9,0,18,0,8,0,0,0,0,1,1,1,1,32,6,-1,-1,-1,9,3
201443N076044,1,9,0,18,0,0,0,0,0,0,1,1,6,2,51,8,1560,2,3,9,1
201443N076044,2,9,0,4,0,0,0,0,1,4,2,1,6,2,39,7,1199,1,12,7,1
201443N076044,3,9,0,18,0,0,0,0,0,0,3,1,6,2,42,7,1794,1,9,5,1
201443N076084,1,9,0,6,0,8,0,0,0,0,0,1,6,1,25,5,-1,-1,-1,-1,-1
201443N076084,2,9,0,18,0,1,0,0,0,0,1,1,6,2,40,7,-1,-1,-1,9,3
201443N076084,3,9,0,18,0,1,0,0,0,0,2,1,6,1,-1,-1,1896,2,8,7,1
201443N076124,1,9,0,18,0,6,0,0,3,0,3,1,6,2,40,7,1341,1,10,9,1
201443N076124,2,9,0,18,0,8,0,0,0,0,1,1,6,2,65,9,1799,1,5,10,1
201443N077044,1,9,0,7,0,6,0,0,0,0,3,1,6,2,36,7,1686,2,1,4,1
201443N077044,2,9,0,18,0,1,0,0,0,0,1,1,6,1,35,6,3600,6,14,4,1
201443N077054,1,9,0,18,0,1,0,0,0,0,1,1,6,2,54,8,1968,2,3,10,1
201443N077054,2,9,0,4,0,1,0,0,0,0,2,1,6,2,23,5,-1,-1,-1,4,1
201443N077064,1,9,0,18,0,0,0,0,1,0,1,1,6,2,-1,-1,1332,1,5,-1,-1
201443N077074,1,9,0,9,0,6,0,0,0,0,3,1,6,1,76,11,1590,1,11,8,3
201443N077074,2,9,0,16,0,1,0,0,0,0,1,1,1,2,44,7,1560,2,2,-1,-1
201443N077084,1,9,0,18,0,0,0,0,0,0,1,1,6,2,49,8,2204,2,10,9,2
201443N078024,1,9,0,9,0,1,0,0,0,0,1,1,6,2,-1,-1,-1,-1,-1,-1,-1
201443N078034,1,9,0,7,0,6,0,0,0,0,1,1,6,1,39,7,1598,1,10,3,1
201443N078074,1,5,0,18,0,0,1,12,1,0,1,1,6,1,52,8,1137,1,9,6,1
201443N079024,1,9,0,18,0,4,0,0,0,0,0,1,6,2,77,11,1995,1,7,8,3
201443N079024,2,3,0,9,0,8,1,0,0,0,0,1,6,1,48,8,125,1,1,5,1
201443N079044,1,98,0,12,0,0,0,0,0,0,3,1,1,1,48,8,-1,-1,-1,-1,-1
201443N079044,2,9,0,18,0,0,0,0,0,0,4,1,2,2,30,6,1870,2,4,2,1
201443N079124,1,9,0,7,0,6,0,0,0,0,1,1,6,1,32,6,1995,2,1,10,1
201443N079124,2,1,0,18,0,8,0,0,0,0,1,1,1,2,42,7,-1,-1,-1,8,1
201443N080014,1,9,0,18,0,0,0,4,0,0,1,1,6,2,44,7,-1,-1,-1,-1,-1
201443N080014,2,19,0,2,0,0,0,0,0,0,2,1,6,1,32,6,2461,2,5,10,3
201443N080024,1,9,0,5,0,0,0,0,0,0,1,1,6,1,-1,-1,2996,1,2,8,1
201443N080024,2,9,0,3,0,0,0,0,0,0,2,1,6,1,24,5,1390,1,18,5,2
201443N080044,1,4,0,16,0,0,0,0,0,0,4,1,6,1,52,8,660,1,5,10,1
201443N080044,2,9,0,17,0,0,0,0,0,0,1,1,6,1,49,8,1910,2,7,8,1
201443N080054,1,9,0,9,0,5,0,0,0,0,1,1,6,2,49,8,1997,1,12,4,1
201443N080054,2,9,0,18,0,1,0,0,1,0,3,1,6,2,23,5,1400,1,14,9,1
201443N080064,1,9,0,18,0,0,0,4,0,0,1,1,6,2,58,9,1240,1,11,9,1
201443N080064,2,9,0,2,9,0,0,0,0,0,1,1,6,1,43,7,1968,2,10,9,3
201443N081044,1,9,0,18,0,0,0,0,0,0,3,1,6,1,40,7,3628,2,5,-1,-1
201443N081044,2,1,0,18,0,0,0,0,0,0,3,1,6,1,39,7,-1,-1,-1,10,1
201443N081054,1,9,0,18,0,8,0,0,0,0,1,1,6,3,-1,-1,1796,1,12,-1,-1
201443N081054,2,9,0,18,0,8,0,0,0,0,2,1,6,2,27,6,1997,2,-1,-1,-1
201443N081064,1,9,0,9,0,8,0,0,0,0,1,1,6,1,20,4,998,1,6,7,1
201443N081064,2,9,0,18,0,8,0,0,0,0,3,1,6,1,69,10,1896,2,14,5,1
201443N081074,1,9,0,9,0,7,0,0,0,0,3,1,6,1,62,9,-1,-1,-1,2,1
201443N081074,2,9,0,18,0,1,0,0,0,0,1,1,6,2,47,8,1388,1,10,9,3
201443N081094,1,5,0,18,0,1,0,0,0,0,0,1,6,1,23,5,599,1,5,9,1
201443N081094,2,9,0,9,0,5,0,0,0,0,0,1,6,1,41,7,2171,1,8,10,1
201443N082044,1,9,0,6,8,0,0,0,0,0,3,1,1,1,18,4,1229,1,9,5,1
201443N082044,2,2,0,18,0,0,0,0,0,0,1,1,1,1,16,4,49,1,4,8,2
201443N082054,1,9,0,18,0,0,0,0,5,6,3,1,6,1,37,7,1390,1,13,7,1
201443N082074,1,9,0,4,0,0,0,0,0,0,2,1,3,2,38,7,1560,2,7,5,1
201443N082074,2,9,0,4,0,0,0,0,0,0,1,1,6,1,29,6,2494,1,15,3,1
201443N082084,1,1,0,16,0,0,0,0,0,0,1,1,6,1,14,3,-1,-1,-1,10,1
201443N082084,2,9,0,14,0,0,0,0,0,0,3,1,6,1,58,9,1896,2,7,10,1
201443N082124,1,9,0,17,0,0,5,0,1,0,4,1,6,1,59,9,1998,1,9,7,1
201443N083014,1,9,0,18,0,4,0,0,0,0,0,1,1,1,55,8,1497,8,8,-1,-1
201443N083014,2,1,0,9,0,8,0,0,0,0,0,1,2,1,52,8,-1,-1,-1,4,1
201443N083034,1,9,0,18,0,0,0,4,0,0,1,1,1,1,75,10,2179,2,2,7,2
201443N083034,2,9,0,18,0,0,0,0,0,0,1,1,1,1,62,9,998,1,3,-1,1
201443N083034,3,19,0,2,0,0,0,0,0,0,2,1,6,1,24,5,1686,2,8,10,2
201443N083034,4,9,0,2,0,0,0,0,0,0,1,1,6,1,81,11,1870,2,17,9,2
201443N083054,1,9,0,14,0,0,0,0,0,0,4,1,3,1,59,9,1598,1,12,6,2
201443N083054,2,90,0,2,0,0,0,0,0,0,0,1,1,3,-1,-1,-1,-1,-1,-1,-1
201443N083124,1,9,0,18,0,0,1,0,0,0,1,1,6,1,22,5,1368,1,5,9,1
201443N083124,2,9,0,18,0,0,0,0,0,0,1,1,6,2,45,7,1598,1,10,5,1
201443N084024,1,9,0,11,0,1,0,0,0,0,0,1,6,3,-1,-1,-1,-1,-1,-1,-1
201443N084024,2,9,0,18,0,1,0,0,1,11,0,1,6,2,19,4,1461,2,11,6,1
201443N084044,1,9,0,18,0,4,1,0,1,7,1,1,6,2,21,5,1397,1,6,9,3
201443N084064,1,1,0,18,0,1,0,0,0,0,1,1,6,2,40,7,-1,-1,-1,8,3
201443N084064,2,9,0,9,0,5,0,0,0,0,4,1,6,1,49,8,1397,1,4,10,2
201443N084084,1,9,0,13,0,8,0,0,0,0,2,1,6,3,-1,-1,-1,-1,-1,-1,-1
201443N084084,2,1,0,17,0,8,0,0,0,0,1,1,6,2,26,6,-1,-1,-1,4,1
201443N084124,1,19,0,18,0,0,0,0,0,0,1,1,6,1,48,8,2402,2,8,6,1
201443N084124,2,8,0,4,0,0,0,0,0,0,2,1,6,1,35,6,2664,2,18,5,1
201443N085024,1,9,0,9,0,6,0,0,0,0,1,1,6,1,43,7,-1,-1,-1,10,2
201443N085024,2,9,0,18,0,1,0,0,0,0,4,1,6,1,66,10,1995,2,3,10,3
201443N085044,1,9,0,13,0,0,0,0,0,0,4,1,6,1,40,7,-1,-1,-1,-1,-1
201443N085044,2,1,0,18,0,0,0,0,0,0,3,1,6,1,13,3,-1,-1,-1,9,1
201443N085064,1,9,0,18,0,0,2,0,7,10,1,1,6,2,25,5,1399,2,11,3,1
201443N085104,1,9,0,9,0,1,0,0,0,0,1,1,6,2,19,4,1242,1,-1,10,1
201443N085104,2,9,0,18,0,8,0,10,7,0,1,1,2,1,52,8,1995,2,1,10,1
201443N085124,1,9,0,14,0,0,0,0,0,0,4,1,3,1,57,9,1968,2,1,7,1
201443N085124,2,90,0,2,0,0,0,0,0,0,0,1,1,1,-1,-1,-1,-1,-1,-1,-1
201443N086014,1,9,0,9,0,5,0,0,0,0,4,1,6,1,31,6,1868,2,12,10,1
201443N086014,2,4,0,18,0,1,1,0,0,0,4,1,6,1,30,6,125,1,4,9,1
201443N086034,1,9,0,18,0,4,0,9,3,0,1,1,2,1,49,8,1560,2,1,8,1
201443N086044,1,1,0,18,0,8,0,0,0,0,3,1,6,1,17,4,-1,-1,-1,4,1
201443N086044,2,9,0,18,0,8,0,0,0,0,1,1,6,1,-1,-1,-1,-1,-1,-1,-1
201443N086064,1,1,0,18,9,0,0,0,0,0,1,1,6,1,2,1,-1,-1,-1,-1,-1
201443N086124,1,9,0,17,0,0,0,0,0,0,1,1,6,1,41,7,1596,1,3,10,1
201443N087024,1,9,0,9,0,6,0,0,0,0,3,1,6,1,55,8,1242,1,10,6,1
201443N087024,2,5,0,18,0,1,0,0,0,0,1,1,6,1,44,7,1170,1,5,6,1
201443N087074,1,9,0,7,0,8,0,0,0,0,4,1,6,1,80,11,-1,-1,-1,9,2
201443N087074,2,1,0,7,0,8,0,0,0,0,3,1,6,1,49,8,-1,-1,-1,5,1
201443N087114,1,9,0,18,0,1,0,0,0,0,1,1,6,2,78,11,1598,1,-1,5,1
201443N087114,2,1,0,18,0,1,0,0,0,0,2,1,6,1,50,8,-1,-1,-1,7,1
201443N087114,3,1,0,18,0,1,0,0,0,0,2,1,4,2,10,2,-1,-1,-1,7,1
201443N087124,1,9,0,16,0,0,0,0,7,4,4,1,6,1,20,4,1598,1,12,8,3
201443N088014,1,9,0,18,0,0,1,0,0,0,1,1,2,1,65,9,1769,1,9,9,1
201443N088014,2,9,0,4,0,0,0,0,1,9,2,1,2,1,-1,-1,1388,1,10,3,1
201443N088014,3,9,0,18,0,0,0,0,0,0,3,1,2,2,-1,-1,1991,2,4,7,3
201443N088024,1,9,0,18,8,0,0,0,0,0,1,1,6,1,47,8,1956,2,5,2,1
201443N088024,2,9,0,18,0,0,1,0,0,0,4,1,6,2,60,9,1339,8,2,9,1
201443N088064,1,9,0,13,0,8,0,0,0,0,4,1,1,1,66,10,1560,2,1,10,1
201443N088064,2,1,0,17,0,8,0,0,0,0,3,1,2,1,32,6,-1,-1,-1,8,1
201443N088104,1,9,0,4,0,0,0,0,0,0,3,1,6,2,57,9,2198,1,11,9,1
201443N089064,1,9,0,7,0,6,1,0,0,0,1,1,6,1,23,5,2171,1,10,8,1
201443N089064,2,1,0,18,0,2,0,0,0,0,2,1,6,1,35,6,-1,-1,-1,10,1
201443N089074,1,9,0,18,0,0,0,0,0,0,3,1,6,2,20,4,998,1,9,2,1
201443N089074,2,9,0,18,0,0,0,0,0,0,3,1,6,1,63,9,-1,-1,-1,10,1
201443N089094,1,3,0,18,0,0,1,0,0,0,1,1,6,1,18,4,125,1,1,9,1
201443N089094,2,11,0,2,0,0,0,0,0,0,2,1,6,1,49,8,-1,-1,-1,3,1
201443N089104,1,9,0,18,0,0,0,0,5,6,4,1,2,2,31,6,1995,2,7,-1,1
201443N089104,2,9,0,18,0,0,0,0,0,0,3,1,6,1,58,9,1461,2,1,5,1
201443N089104,3,9,0,18,0,0,5,0,0,0,3,1,1,1,23,5,-1,-1,-1,6,3
201443N089114,1,9,0,17,0,0,0,0,8,4,1,1,2,1,18,4,1199,1,13,9,3
201443N089124,1,9,0,18,0,6,0,0,0,0,1,1,6,2,44,7,-1,-1,-1,8,1
201443N089124,2,9,0,18,0,8,0,0,0,0,3,1,6,2,42,7,2400,2,1,8,3
201443N090024,1,19,0,18,0,0,0,0,0,0,4,1,6,1,55,8,1868,2,9,10,2
201443N090044,1,9,0,5,0,0,0,0,0,0,1,1,6,1,28,6,1199,1,10,3,1
201443N090124,1,1,0,15,0,1,0,0,0,0,1,1,6,1,46,8,-1,-1,-1,8,2
201443N090124,2,9,0,7,0,6,0,0,0,0,4,1,6,1,23,5,1596,1,12,10,1
201443N091054,1,9,0,17,0,0,0,0,0,0,4,1,6,3,-1,-1,-1,-1,-1,-1,-1
201443N091074,1,1,0,4,0,0,0,0,0,0,0,1,6,1,15,3,-1,-1,-1,9,1
201443N091094,1,9,0,16,0,0,0,11,0,0,1,1,6,1,46,8,1910,2,8,9,1
201443N091114,1,5,0,18,0,0,0,0,0,0,1,1,6,1,55,8,749,1,2,7,1
201443N091114,2,5,0,4,0,0,0,0,0,0,2,1,6,1,49,8,999,1,1,8,1
201443N092034,1,9,0,4,0,0,0,0,0,0,1,1,6,1,21,5,1995,1,5,6,2
201443N092034,2,9,0,3,0,0,0,0,0,0,2,1,6,2,23,5,1364,1,5,7,2
201443N092094,1,9,0,9,0,5,0,0,0,0,1,1,6,1,48,8,-1,-1,-1,6,1
201443N092094,2,9,0,18,0,8,1,0,0,0,3,1,6,2,25,5,1229,1,6,5,1
201443N092114,1,9,0,7,0,5,0,0,0,0,1,1,6,1,-1,-1,-1,-1,-1,-1,-1
201443N092114,2,1,0,18,0,2,0,0,0,0,4,1,6,2,30,6,-1,-1,-1,4,1
201443N092124,1,9,0,9,0,5,0,0,0,0,1,1,6,1,24,5,1197,1,-1,10,1
201443N092124,2,9,0,18,0,1,0,0,0,0,1,1,6,1,85,11,1998,1,10,10,2
201443N093014,1,9,0,18,0,8,0,0,0,0,1,1,6,1,25,5,-1,-1,-1,3,1
201443N093014,2,9,0,9,0,8,0,0,0,0,4,1,6,1,47,8,1781,1,13,7,1