Accident_Index,Vehicle_Reference,Vehicle_Type,Towing_and_Articulation,Vehicle_Manoeuvre,Vehicle_Location-Restricted_Lane,Junction_Location,Skidding_and_Overturning,Hit_Object_in_Carriageway,Vehicle_Leaving_Carriageway,Hit_Object_off_Carriageway,1st_Point_of_Impact,Was_Vehicle_Left_Hand_Drive?,Journey_Purpose_of_Driver,Sex_of_Driver,Age_of_Driver,Age_Band_of_Driver,Engine_Capacity_(CC),Propulsion_Code,Age_of_Vehicle,Driver_IMD_Decile,Driver_Home_Area_Type
201443N133034,1,19,0,18,0,8,0,0,3,0,0,1,6,1,42,7,2461,2,12,3,1
201443N133034,2,9,0,18,0,8,0,0,7,0,0,1,6,1,22,5,998,1,3,7,1
201443N133064,1,9,0,17,0,0,0,0,1,2,1,1,6,1,25,5,-1,-1,-1,6,1
201443N133104,1,4,0,4,0,0,0,0,0,0,1,1,1,1,29,6,471,1,-1,4,1
201443N133104,2,19,0,3,0,0,0,0,0,0,2,1,1,1,24,5,-1,-1,-1,2,1
201443N134054,1,9,0,7,0,6,0,0,0,0,1,1,6,1,25,5,-1,-1,-1,-1,-1
201443N134054,2,9,0,18,0,8,0,0,0,0,2,1,6,1,21,5,1242,1,13,8,2
201443N134074,1,1,0,16,0,0,0,0,0,0,1,1,6,1,45,7,-1,-1,-1,-1,-1
201443N134074,2,9,0,17,0,0,0,0,0,0,0,1,6,1,-1,-1,-1,-1,-1,-1,-1
201443N134094,1,9,0,2,0,0,0,0,0,0,2,1,6,2,78,11,-1,-1,-1,5,1
201443N134104,1,9,0,7,0,1,0,0,0,0,1,1,3,2,29,6,1896,2,10,4,1
201443N134104,2,9,0,7,0,1,0,0,0,0,2,1,3,1,53,8,1388,1,12,4,1
201443N135034,1,9,0,18,0,0,0,0,0,0,1,1,6,1,32,6,1390,1,7,10,3
201443N135034,2,8,0,4,0,0,0,0,0,0,2,1,1,1,26,6,1968,2,5,4,1
201443N135034,3,9,0,4,0,0,0,0,0,0,2,1,6,2,18,4,-1,-1,-1,9,1
201443N135044,1,9,0,18,0,8,0,0,0,0,1,1,6,3,-1,-1,1968,2,7,-1,-1
201443N135044,2,9,0,18,0,8,0,0,0,0,3,1,6,1,33,6,-1,-1,-1,3,1
201443N135084,1,9,0,18,0,0,0,0,0,0,3,1,6,2,-1,-1,1242,1,8,-1,-1
201443N135094,1,21,4,18,0,0,1,0,6,6,1,1,6,1,60,9,4250,2,7,1,1
201443N135094,2,19,0,18,0,0,1,0,0,0,1,1,6,1,22,5,1461,2,-1,7,1
201443N135114,1,9,0,9,0,8,0,0,0,0,4,1,2,1,52,8,1686,2,2,5,1
201443N135114,2,9,0,7,0,8,0,0,0,0,1,1,2,1,24,5,1598,2,1,-1,-1
201443N135124,1,9,0,16,0,0,1,0,0,0,3,1,6,1,67,10,-1,-1,-1,10,1
201443N136094,1,9,0,1,0,6,0,0,0,0,2,1,6,1,30,6,2979,1,11,-1,-1
201443N136094,2,9,0,18,0,8,0,0,0,0,3,1,6,1,56,9,1896,2,5,6,1
201443N136104,1,9,0,6,0,1,0,0,0,0,4,1,6,1,29,6,2172,2,11,9,1
201443N136104,2,9,0,18,0,1,0,0,1,2,1,1,6,2,57,9,1242,1,7,3,1
201443N136104,3,9,0,3,0,1,0,0,0,0,2,1,6,2,33,6,1753,2,8,-1,3
201443N137014,1,9,0,4,0,0,0,0,0,0,1,1,6,1,56,9,-1,-1,-1,8,1
201443N137014,2,9,0,4,0,0,0,0,0,0,2,1,1,1,32,6,-1,-1,-1,1,1
201443N137044,1,5,0,13,0,0,1,0,1,0,1,1,6,1,39,7,749,1,6,9,1
201443N137044,2,9,0,18,0,0,0,0,0,0,3,1,6,1,54,8,1794,1,10,7,1
201443N137044,3,9,0,18,0,0,0,0,0,0,3,1,6,1,-1,-1,1968,2,1,7,2
201443N137074,1,9,0,4,0,2,0,0,0,0,1,1,6,1,46,8,1598,1,12,4,1
201443N137074,2,9,0,3,0,2,0,0,0,0,2,1,6,1,24,5,2148,2,10,5,1
201443N137104,1,98,0,7,0,6,0,0,0,0,3,1,6,3,-1,-1,-1,-1,-1,-1,-1
201443N137104,2,9,0,7,0,5,0,0,0,0,3,1,1,1,33,6,1995,2,9,10,1
201443N137124,1,3,0,18,0,0,0,0,0,0,4,1,6,1,17,4,125,1,4,10,1
201443N137124,2,9,0,18,0,0,0,0,0,0,0,1,6,3,-1,-1,-1,-1,-1,-1,-1
201443N138014,1,9,0,18,0,0,0,0,0,0,4,1,6,2,50,8,2982,2,13,10,1
201443N138034,1,9,0,18,0,0,0,0,0,0,4,1,6,1,60,9,1796,1,6,10,2
201443N138064,1,9,0,9,0,4,0,0,0,0,3,1,6,1,23,5,1299,1,14,-1,-1
201443N138064,2,5,0,18,0,8,0,0,0,0,1,1,6,1,24,5,-1,-1,-1,6,1
201443N138084,1,8,0,9,0,4,0,0,0,0,3,1,1,1,40,7,1896,2,6,-1,-1
201443N138084,2,3,0,18,0,4,0,0,0,0,1,1,6,1,23,5,125,1,3,10,1
201443N139064,1,9,0,7,0,5,0,0,0,0,1,1,6,2,32,6,2393,1,14,5,1
201443N139104,1,8,0,3,0,1,0,0,0,0,1,1,4,1,35,6,-1,-1,-1,-1,-1
201443N139104,2,9,0,3,0,1,0,0,0,0,2,1,6,1,60,9,-1,-1,-1,-1,-1
201443N139114,1,9,0,18,0,8,0,0,0,0,4,1,6,2,49,8,1798,1,6,4,1
201443N139114,2,9,0,5,0,8,0,0,0,0,4,1,2,2,67,10,2143,2,-1,10,1
201443N139124,1,9,0,18,0,0,0,0,0,0,1,1,2,1,69,10,1396,1,17,3,1
201443N139124,2,19,0,18,0,0,0,0,0,0,3,1,2,1,50,8,2198,2,1,10,3
201443N140034,1,9,0,17,0,0,0,0,1,10,1,1,6,1,19,4,-1,-1,-1,9,1
201443N140064,1,9,0,9,0,6,0,0,0,0,1,1,6,2,26,6,1997,1,9,9,1
201443N140064,2,9,0,18,0,1,0,0,7,0,3,1,6,2,25,5,1598,1,10,10,2
201443N140074,1,9,0,18,0,8,0,0,0,0,1,1,6,1,42,7,1332,1,15,9,3
201443N140074,2,9,0,18,0,8,0,0,0,0,1,1,6,2,33,6,2179,2,6,5,1
201443N140124,1,9,0,11,0,0,0,0,0,0,1,1,1,1,52,8,2993,2,-1,7,2
201443N140124,2,9,0,18,0,0,0,0,0,0,1,1,6,2,41,7,1461,2,1,6,2
201443N140124,3,9,0,18,0,0,0,0,0,0,2,1,6,1,72,10,1364,1,6,-1,1
201443N140124,4,9,0,18,0,0,0,0,0,0,2,1,6,2,45,7,1999,1,9,7,1
201443N140124,5,9,0,18,0,0,0,0,0,0,2,1,6,1,46,8,998,1,3,10,1
201443N141014,1,9,0,18,0,8,5,0,1,4,1,1,6,1,28,6,1198,1,6,10,3
201443N141014,2,9,0,18,0,8,1,0,0,0,4,1,6,1,45,7,1968,2,3,9,3
201443N141084,1,9,0,4,0,0,1,0,0,0,1,1,6,1,30,6,1998,2,6,3,1
201443N141084,2,9,0,4,0,0,1,0,0,0,1,1,6,1,27,6,998,1,13,6,1
201443N141084,3,9,0,4,0,0,1,0,0,0,2,1,6,1,45,7,1995,2,2,8,1
201443N142014,1,9,0,16,0,0,2,0,7,0,1,1,3,2,36,7,-1,-1,-1,7,1
201443N142054,1,90,0,18,0,0,0,0,0,0,3,1,6,1,49,8,-1,-1,-1,-1,-1
201443N142074,1,9,0,3,0,1,0,0,0,0,2,1,6,2,-1,-1,1598,2,3,-1,-1
201443N142074,2,9,0,3,0,1,0,0,0,0,1,1,6,1,30,6,1360,1,13,4,1
201443N143074,1,21,0,18,0,0,0,0,0,0,1,1,1,1,55,8,-1,-1,-1,-1,-1
201443N143074,2,9,0,18,0,0,0,0,0,0,2,1,2,1,55,8,-1,-1,-1,9,1
201443N143094,1,9,0,13,0,0,0,0,0,0,4,1,6,3,-1,-1,-1,-1,-1,-1,-1
201443N143094,2,1,0,17,0,0,0,0,0,0,1,1,6,2,36,7,-1,-1,-1,6,1
201443N143104,1,9,0,18,0,0,0,0,0,0,0,1,1,1,42,7,1997,2,1,10,1
201443N143104,2,3,0,18,0,0,0,0,0,0,1,1,4,1,17,4,124,1,5,3,1
201443N143104,3,9,0,4,0,0,0,0,0,0,2,1,2,2,71,10,1339,1,11,-1,-1
201443N144044,1,5,0,17,0,0,1,0,2,7,1,1,6,1,35,6,-1,-1,-1,-1,-1
201443N144084,1,9,0,18,0,1,0,0,0,0,1,1,2,2,52,8,1587,1,8,9,3
201443N144084,2,19,0,2,0,8,0,4,0,0,4,1,1,1,43,7,-1,-1,-1,8,2
201443N144124,1,9,0,9,0,6,0,0,0,0,3,1,2,1,28,6,1560,2,1,3,1
201443N145024,1,9,0,18,0,3,0,0,0,0,1,1,2,1,49,8,1360,1,13,5,1
201443N145034,1,9,0,18,0,0,2,0,7,9,1,1,6,1,48,8,1800,1,14,3,1
201443N145084,1,9,0,9,0,5,0,0,0,0,1,1,6,1,83,11,-1,-1,-1,10,1
201443N145084,2,9,0,18,0,8,2,0,0,0,1,1,2,1,59,9,1497,1,14,9,1
201443N145084,3,9,0,10,0,2,0,0,0,0,1,1,6,2,33,6,1956,2,4,9,3
201443N145104,1,9,0,2,0,0,0,0,0,0,2,1,6,2,-1,-1,1124,1,9,-1,-1
201443N145124,1,9,0,18,0,8,0,0,0,0,4,1,6,2,23,5,2776,2,9,10,1
201443N145124,2,9,0,18,0,8,0,0,0,0,3,1,2,1,50,8,2500,1,16,10,1
201443N146034,1,9,0,9,0,8,0,0,0,0,3,1,6,2,45,7,2979,1,14,5,1
201443N146034,2,1,0,18,0,8,1,0,0,0,1,1,6,2,54,8,-1,-1,-1,10,2
201443N147024,1,9,0,18,0,8,0,0,0,0,1,1,1,1,59,9,1997,2,3,5,1
201443N147024,2,9,0,18,0,8,0,0,0,0,1,1,6,2,69,10,1595,1,5,9,3
201443N147034,1,9,0,18,0,0,0,0,0,0,1,1,6,1,-1,-1,4398,1,10,-1,-1
201443N147064,1,9,0,9,0,4,0,0,0,0,0,1,6,1,30,6,1995,2,11,4,1
201443N147084,1,9,0,9,0,6,0,0,0,0,3,1,6,1,41,7,-1,-1,-1,10,1
201443N147084,2,9,0,18,0,1,0,0,0,0,1,1,6,2,69,10,1586,1,8,3,1
201443N147114,1,9,0,18,0,1,0,0,0,0,4,1,6,1,36,7,1590,1,11,4,1
201443N147114,2,4,0,9,0,1,0,0,0,0,3,1,6,1,42,7,459,1,11,10,3
201443N148064,1,9,0,9,0,5,0,0,0,0,4,1,6,2,74,10,599,1,12,10,1
201443N148064,2,3,0,18,0,8,0,0,0,0,1,1,6,1,57,9,-1,-1,-1,6,1
201443N148084,1,9,0,18,0,0,2,0,1,9,1,1,6,2,56,9,1560,2,8,10,2
201443N148094,1,9,0,9,0,6,0,0,0,0,1,1,6,1,31,6,1995,1,7,8,1
201443N148094,2,9,0,18,0,1,2,0,0,0,4,1,6,2,52,8,1086,1,3,10,3
201443N148124,1,9,0,12,0,0,0,0,0,0,3,1,6,1,-1,-1,1596,1,8,5,1
201443N148124,2,21,0,11,0,0,0,0,0,0,4,1,1,1,43,7,10837,2,3,9,1
201443N149044,1,9,0,18,0,1,0,0,0,0,1,1,6,2,57,9,1397,1,5,8,1
201443N149044,2,9,0,3,0,1,0,0,0,0,2,1,6,2,30,6,1400,1,10,-1,-1
201443N149064,1,5,0,16,0,0,0,0,0,0,1,1,6,1,64,9,636,1,8,5,1
201443N149064,2,9,0,17,0,0,0,0,0,0,1,1,6,1,30,6,1796,1,14,-1,-1
201443N149084,1,5,0,18,0,0,1,0,0,0,1,1,6,1,45,7,998,1,3,9,1
201443N149084,2,9,0,4,0,0,0,0,0,0,2,1,6,1,40,7,-1,-1,-1,3,1
201443N149124,1,9,0,18,0,8,0,0,0,0,1,1,2,2,62,9,1749,1,12,4,1
201443N149124,2,8,0,18,0,8,0,0,0,0,1,1,1,1,60,9,1896,2,4,-1,1
201443N150064,1,9,0,7,0,6,0,0,0,0,1,1,6,1,36,7,2926,2,12,6,2
201443N150064,2,9,0,18,0,8,0,0,0,0,4,1,6,2,64,9,1498,1,5,9,1
201443N150064,3,9,0,2,0,2,0,0,0,0,1,1,6,3,-1,-1,1999,1,1,-1,-1
201443N150064,4,9,0,2,0,2,0,0,0,0,1,1,6,3,-1,-1,1796,2,1,-1,-1
201443N150074,1,1,0,18,0,0,0,0,0,0,1,1,6,1,14,3,-1,-1,-1,10,1
201443N150074,2,9,0,4,0,0,0,0,0,0,4,1,6,2,46,8,-1,-1,-1,8,1
201443N150094,1,9,0,4,0,2,1,0,0,0,1,1,1,2,32,6,1598,2,4,4,1
201443N150094,2,9,0,4,0,2,0,0,0,0,2,1,1,1,35,6,2199,2,3,-1,-1
201443N150094,3,9,0,4,0,2,0,0,0,0,2,1,1,1,41,7,1461,2,-1,5,1
201443N151064,1,9,0,9,0,5,0,0,0,0,1,1,6,1,25,5,1149,1,12,-1,-1
201443N151064,2,1,0,18,0,1,0,0,1,0,1,1,6,1,34,6,-1,-1,-1,6,1
201443N151114,1,9,0,18,0,0,0,0,0,0,1,1,6,2,23,5,1389,1,13,4,1
201443N151114,2,9,0,18,0,0,0,0,0,0,1,1,6,1,41,7,-1,-1,-1,6,1
201443N151114,3,9,0,2,0,0,0,0,0,0,1,1,6,3,-1,-1,1560,2,5,-1,-1
201443N152014,1,19,0,18,0,8,1,0,0,0,0,1,6,3,-1,-1,-1,-1,-1,-1,-1
201443N152014,2,9,0,18,0,8,2,0,1,0,4,1,2,2,24,5,998,1,6,10,1
201443N152064,1,5,0,14,0,8,0,0,0,0,4,1,2,1,30,6,1157,1,8,4,1
201443N152064,2,9,0,9,0,6,0,0,0,0,3,1,2,2,49,8,1493,2,7,10,3
201443N152064,3,98,0,3,0,1,0,0,0,0,0,1,6,3,-1,-1,-1,-1,-1,-1,-1
201443N153074,1,9,0,18,0,8,0,0,0,0,1,1,6,1,60,9,2987,2,6,10,1
201443N153074,2,20,0,18,0,8,0,0,1,0,1,1,1,1,49,8,-1,-1,-1,5,1
201443N153084,1,3,0,17,0,0,1,0,0,0,0,1,6,1,17,4,124,1,10,10,2
201443N153104,1,9,0,17,0,0,2,0,0,0,1,1,6,1,18,4,-1,-1,-1,3,1
201443N153104,2,9,0,18,0,0,0,0,0,0,1,1,6,1,50,8,2993,2,2,5,3
201443N153114,1,9,0,15,0,0,2,0,7,9,1,1,6,1,30,6,1995,2,11,2,1
201443N154064,1,20,0,5,0,1,0,0,0,0,1,1,1,1,62,9,5193,2,2,6,1
201443N154064,2,9,0,4,0,1,0,0,0,0,2,1,6,2,77,11,1360,1,8,4,1
201443N154064,3,9,0,4,0,1,0,0,0,0,2,1,6,1,30,6,2993,2,7,6,1
201443N154064,4,9,0,4,0,1,0,0,0,0,2,1,6,1,67,10,1248,1,5,9,1
201443N154084,1,2,0,18,0,0,1,0,0,0,1,1,6,1,27,6,-1,-1,-1,6,1
201443N154124,1,9,0,18,0,8,0,0,0,0,3,1,6,1,54,8,1364,1,5,6,1
201443N154124,2,9,0,6,0,8,0,0,0,0,4,1,6,1,17,4,1560,2,1,10,1
201443N155054,1,9,0,16,0,0,5,0,2,4,1,1,2,1,21,5,1997,1,10,10,1
201443N155054,2,9,0,17,0,0,0,0,0,0,1,1,1,1,59,9,-1,-1,-1,8,1
201443N155074,1,9,0,11,0,0,1,0,1,4,2,1,6,1,39,7,1781,1,14,10,1
201443N155074,2,9,0,11,0,0,0,0,0,0,0,1,6,1,-1,-1,1995,2,3,-1,-1
201443N155084,1,9,0,16,0,0,0,0,4,6,3,1,6,2,32,6,-1,-1,-1,10,1
201443N155084,2,9,0,16,0,0,1,0,5,6,3,1,6,1,35,6,1149,1,13,3,1
201443N155094,1,9,0,9,0,6,0,0,0,0,3,1,6,1,66,10,-1,-1,-1,4,1
201443N155094,2,1,0,18,0,8,0,0,0,0,1,1,6,1,35,6,-1,-1,-1,6,1
201443N156014,1,9,0,18,0,0,0,0,0,0,1,1,6,1,-1,-1,1388,1,12,-1,-1
201443N156014,2,1,0,18,0,0,0,0,0,0,3,1,6,1,12,3,-1,-1,-1,4,1
201443N156064,1,9,0,14,0,0,0,0,0,0,1,1,6,1,50,8,2987,2,8,7,1
201443N156064,2,5,0,3,0,0,0,0,0,0,2,1,6,1,60,9,1340,1,25,5,1
201443N156094,1,9,0,9,0,6,0,0,0,0,1,1,6,2,50,8,2231,2,1,10,1
201443N156094,2,5,0,14,0,8,0,0,0,0,3,1,6,2,27,6,599,1,15,10,1
201443N156124,1,9,0,18,0,0,0,0,0,0,1,1,6,2,-1,-1,-1,-1,-1,-1,-1
201443N157024,1,9,0,18,0,0,0,0,0,0,1,1,2,1,36,7,1596,1,9,-1,1
201443N157044,1,9,0,18,0,0,0,0,2,7,1,1,6,1,17,4,1368,1,5,5,1
201443N157084,1,19,0,5,0,0,0,0,0,0,1,1,1,1,61,9,1399,2,3,5,1
201443N157084,2,3,0,14,0,0,0,0,7,0,1,1,6,1,18,4,124,1,5,6,1
201443N157084,3,9,0,3,0,0,0,0,0,0,0,1,6,3,-1,-1,-1,-1,-1,-1,-1
201443N157084,4,9,0,3,0,0,0,0,0,0,0,1,6,3,-1,-1,-1,-1,-1,-1,-1
201443N157104,1,8,0,17,0,8,0,0,0,0,3,1,1,1,40,7,1896,2,6,3,1
201443N157114,1,5,0,4,0,0,1,0,0,0,1,1,6,1,37,7,675,1,2,9,3
201443N157114,2,9,0,17,0,0,0,0,0,0,0,1,6,3,-1,-1,-1,-1,-1,-1,-1
201443N158034,1,9,0,18,0,0,0,0,1,7,1,1,6,1,60,9,1896,2,11,8,1
201443N158034,2,9,0,18,0,0,0,0,0,0,2,1,6,1,30,6,2993,2,9,-1,-1
201443N158054,1,9,0,3,0,0,0,0,0,0,2,1,6,1,41,7,1796,1,8,9,1
201443N158054,2,9,0,18,0,0,0,0,0,0,1,1,6,1,18,4,998,1,4,9,1
201443N158074,1,9,0,17,0,0,1,0,7,0,4,1,6,1,25,5,2993,2,9,10,1
201443N158074,2,9,0,4,0,0,0,0,1,0,1,1,6,2,51,8,2204,2,6,10,1
201443N158084,1,9,0,18,0,0,0,0,1,11,1,1,6,1,90,11,1388,1,5,3,1
201443N158084,2,9,0,18,0,0,0,4,0,0,1,1,6,1,45,7,1896,2,8,4,1
201443N158084,3,9,0,2,0,0,0,0,0,0,3,1,6,3,-1,-1,1997,2,8,-1,-1
201443N158084,4,9,0,2,0,0,0,0,0,0,4,1,6,3,-1,-1,2401,2,10,-1,-1
201443N158104,1,9,0,17,0,0,1,0,1,9,2,1,6,2,22,5,1240,1,10,8,3
201443N159014,1,9,0,18,0,1,0,0,0,0,1,1,6,1,65,9,1896,2,8,8,1
201443N159054,1,9,0,18,0,0,0,0,0,0,3,1,1,1,60,9,1896,2,11,7,1
201443N159074,1,9,0,9,0,8,0,0,0,0,1,1,6,1,17,4,1388,1,10,9,3
201443N159074,2,9,0,17,0,8,0,0,0,0,3,1,6,1,36,7,1998,1,10,5,1
201443N159084,1,9,0,7,0,2,0,0,0,0,0,1,6,3,-1,-1,-1,-1,-1,-1,-1
201443N159084,2,9,0,18,0,1,1,0,7,0,1,1,6,1,18,4,1781,1,13,3,1
201443N159114,1,9,0,18,0,3,0,0,0,0,1,1,6,2,40,7,1198,1,2,8,2
201443N159114,2,9,0,4,0,3,0,0,0,0,2,1,6,2,33,6,1242,1,3,9,1
201443N159114,3,9,0,4,0,3,0,0,0,0,2,1,6,3,-1,-1,-1,-1,-1,-1,-1
201443N160074,1,9,0,7,0,4,0,0,0,0,1,1,1,1,60,9,4196,1,6,-1,-1
201443N160074,2,9,0,7,0,4,0,0,0,0,2,1,1,2,44,7,-1,-1,-1,8,1
201443N160084,1,9,0,18,0,0,0,0,0,0,1,1,6,1,40,7,1390,1,14,7,1
201443N160084,2,9,0,4,0,0,0,0,0,0,2,1,6,1,43,7,1598,1,10,2,1
201443N160124,1,9,0,18,0,0,0,0,0,0,1,1,6,1,-1,-1,1596,1,17,-1,-1
201443N160124,2,9,0,3,0,0,0,0,0,0,2,1,6,2,18,4,1242,1,4,7,1
201443N161024,1,9,0,18,0,0,0,0,1,10,1,1,6,2,39,7,1781,1,18,5,1
201443N161044,1,9,0,9,0,5,0,0,0,0,3,1,6,1,-1,-1,-1,-1,-1,-1,-1
201443N161044,2,3,0,18,0,1,0,0,0,0,1,1,2,2,21,5,124,1,2,8,2
201443N161064,1,5,0,16,0,0,0,0,0,7,4,1,6,1,42,7,599,1,5,-1,3
201443N161074,1,1,0,9,0,6,0,0,0,0,3,1,6,1,25,5,-1,-1,-1,-1,1
201443N161074,2,9,0,18,0,1,0,0,0,0,1,1,6,1,38,7,1951,2,12,4,1
201443N161084,1,9,0,16,0,3,0,0,0,0,1,1,6,1,53,8,1995,2,10,9,1
201443N161084,2,8,0,3,0,3,0,0,0,0,2,1,1,1,37,7,1797,8,4,6,1
201443N161084,3,9,0,3,0,3,0,0,0,0,2,1,1,2,29,6,-1,-1,-1,-1,-1
201443N161114,1,9,0,18,0,3,0,0,0,0,1,1,6,1,40,7,-1,-1,-1,-1,-1
201443N162014,1,9,0,16,0,1,0,0,0,0,1,1,6,1,-1,-1,-1,-1,-1,-1,-1
201443N162014,2,9,0,3,0,1,0,0,0,0,2,1,6,2,40,7,1800,1,16,10,1
201443N162014,3,9,0,10,0,1,0,0,0,0,0,1,6,3,-1,-1,-1,-1,-1,-1,-1
201443N162024,1,9,0,9,0,6,0,0,0,0,1,1,6,2,62,9,1968,2,6,9,3
201443N162024,2,9,0,18,0,1,0,0,7,0,3,1,6,2,64,9,998,1,1,8,3
201443N162024,3,9,0,10,0,1,0,0,0,0,0,1,6,3,-1,-1,-1,-1,-1,-1,-1
201443N162084,1,9,0,18,0,0,1,0,4,6,1,1,6,1,42,7,-1,-1,-1,-1,-1
201443N162084,2,9,0,11,0,0,1,0,2,7,3,1,6,1,43,7,2401,2,10,5,1
201443N162124,1,9,0,18,0,4,0,0,0,0,3,1,6,2,44,7,1242,1,2,9,1
201443N162124,2,9,0,9,0,8,0,0,0,0,1,1,6,2,19,4,1242,1,13,9,3
201443N163014,1,9,0,18,0,0,0,0,0,0,1,1,3,1,46,8,-1,-1,-1,4,1
201443N163054,1,19,0,9,0,8,0,0,0,0,1,1,1,1,41,7,2148,2,8,-1,1
201443N163054,2,1,0,18,0,8,0,0,0,0,1,1,6,1,66,10,-1,-1,-1,9,1
201443N163084,1,21,0,18,0,0,0,0,0,0,1,1,6,1,60,9,-1,-1,-1,-1,-1
201443N163084,2,9,0,18,0,0,2,2,2,1,4,1,6,1,26,6,-1,-1,-1,-1,-1
201443N164014,1,9,0,17,0,0,1,0,0,0,3,1,6,2,46,8,-1,-1,-1,10,1
201443N164014,2,9,0,16,0,0,0,0,0,0,1,1,6,1,41,7,1587,1,16,-1,1
201443N164124,1,9,0,18,0,4,0,0,0,0,1,1,6,1,-1,-1,1598,1,14,-1,-1
201443N164124,2,9,0,9,0,8,0,0,0,0,4,1,6,1,20,4,1598,1,6,4,2
201443N165074,1,5,0,9,0,4,0,10,3,0,1,1,6,1,24,5,599,1,14,5,1
201443N165084,1,4,0,18,0,1,1,0,0,0,1,1,6,1,21,5,124,1,3,4,1
201443N165084,2,9,0,18,0,1,0,0,0,0,2,1,6,2,37,7,1686,2,1,7,1
201443N165114,1,9,0,18,0,4,0,0,0,0,1,1,6,1,70,10,-1,-1,-1,3,3
201443N165114,2,1,0,18,0,8,0,0,0,0,2,1,6,1,49,8,-1,-1,-1,-1,-1
201443N166024,1,9,0,18,0,0,0,0,0,0,1,1,6,2,65,9,1598,1,13,10,1
201443N166024,2,9,0,4,0,0,0,0,0,0,2,1,6,2,43,7,1560,2,8,10,1
201443N166034,1,9,0,18,0,0,1,7,0,0,1,1,6,1,36,7,1598,2,1,9,1
201443N166044,1,9,0,18,0,0,2,0,1,4,1,1,6,1,27,6,2496,2,14,8,3
201443N166054,1,9,0,9,0,4,0,0,0,0,1,1,6,1,39,7,1796,1,10,-1,1
201443N166054,2,1,0,18,0,8,0,0,0,0,2,1,6,1,38,7,-1,-1,-1,7,1
201443N166064,1,9,0,16,0,0,0,0,7,9,1,1,6,2,17,4,1149,1,10,10,3
201443N166084,1,9,0,18,0,0,0,0,0,0,1,1,6,3,-1,-1,1124,1,8,-1,-1
201443N166084,2,9,0,3,0,0,0,0,0,0,2,1,6,1,23,5,1560,2,5,5,1
201443N166084,3,9,0,3,0,0,0,0,0,0,2,1,6,3,-1,-1,1560,2,5,-1,-1
201443N166114,1,9,0,18,0,1,0,0,0,0,1,1,1,2,60,9,1699,1,5,10,1
201443N166114,2,9,0,4,0,1,0,0,1,0,2,1,1,1,53,8,1598,1,11,7,1
201443N166114,3,9,0,10,0,1,0,0,0,0,2,1,6,2,33,6,1598,1,6,10,2
201443N167094,1,9,0,13,0,8,0,0,7,9,1,1,6,1,50,8,4999,1,6,10,2
201443N167094,2,9,0,10,0,8,0,0,0,0,3,1,6,1,50,8,2488,1,9,8,3
201443N168034,1,9,0,9,0,6,0,0,0,0,1,1,6,2,46,8,1995,1,6,3,1
201443N168034,2,9,0,18,0,8,0,0,0,0,1,1,6,2,46,8,998,1,11,2,1
201443N168064,1,9,0,18,0,0,0,0,0,0,1,1,6,1,-1,-1,-1,-1,-1,-1,-1
201443N168064,2,9,0,18,0,0,0,0,0,0,2,1,6,2,40,7,1598,1,9,3,1
201443N168064,3,9,0,18,0,0,0,0,0,0,2,1,6,2,-1,-1,1598,1,8,-1,-1
201443N168084,1,9,0,18,0,8,0,0,0,0,4,1,6,2,35,6,1598,1,7,-1,-1
201443N168084,2,1,0,18,0,8,0,0,0,0,1,1,1,1,39,7,-1,-1,-1,3,1
201443N168104,1,9,0,18,0,0,2,0,4,0,3,1,6,1,28,6,2698,2,6,5,1
201443N168104,2,9,0,18,0,0,1,0,4,0,4,1,6,1,-1,-1,-1,-1,-1,-1,-1
201443N169014,1,9,0,18,0,0,0,0,0,0,1,1,6,1,66,10,2993,2,4,10,1
201443N169054,1,9,0,9,0,4,0,0,0,0,4,1,6,2,54,8,1397,1,5,9,1
201443N169064,1,8,0,15,0,1,0,0,0,0,3,1,1,1,39,7,1910,2,8,4,1
201443N169064,2,1,0,18,0,1,0,0,0,0,4,1,2,1,47,8,-1,-1,-1,9,1
201443N169074,1,3,0,18,0,0,1,0,1,10,4,1,6,1,31,6,124,1,2,7,2
201443N169084,1,9,0,18,0,0,1,0,0,0,3,1,6,1,20,4,1108,1,15,8,2
201443N169084,2,9,0,18,0,0,0,0,0,0,3,1,6,2,26,6,1598,1,4,7,2
201443N170014,1,9,0,9,0,8,0,0,0,0,1,1,6,1,43,7,1199,2,1,5,1
201443N170044,1,98,0,18,0,0,0,0,0,0,3,1,6,3,-1,-1,-1,-1,-1,-1,-1
201443N170044,2,9,0,3,0,0,0,0,0,0,3,1,6,2,29,6,1896,2,6,3,1
201443N170054,1,9,0,9,0,5,0,0,0,0,1,1,6,2,35,6,1360,1,14,10,1
201443N170054,2,9,0,18,0,1,0,0,0,0,4,1,6,1,31,6,-1,-1,-1,-1,1
201443N170064,1,9,0,18,0,0,0,0,0,0,1,1,6,1,81,11,1396,1,4,10,2
201443N170064,2,9,0,18,0,0,0,0,0,0,1,1,6,2,65,9,1896,2,11,9,3
201443N170104,1,9,0,9,0,5,0,0,0,0,1,1,6,2,44,7,2685,2,12,9,1