Accident_Index,Vehicle_Reference,Vehicle_Type,Towing_and_Articulation,Vehicle_Manoeuvre,Vehicle_Location-Restricted_Lane,Junction_Location,Skidding_and_Overturning,Hit_Object_in_Carriageway,Vehicle_Leaving_Carriageway,Hit_Object_off_Carriageway,1st_Point_of_Impact,Was_Vehicle_Left_Hand_Drive?,Journey_Purpose_of_Driver,Sex_of_Driver,Age_of_Driver,Age_Band_of_Driver,Engine_Capacity_(CC),Propulsion_Code,Age_of_Vehicle,Driver_IMD_Decile,Driver_Home_Area_Type
201443N203064,1,9,0,14,0,1,0,0,0,0,1,1,1,2,26,6,998,1,18,9,1
201443N203064,2,1,0,2,0,1,0,0,1,0,3,1,6,2,19,4,-1,-1,-1,10,1
201443N203084,1,9,0,18,0,1,1,0,0,0,1,1,6,2,24,5,1598,1,1,10,1
201443N203084,2,9,0,3,0,1,0,0,0,0,2,1,6,2,37,7,1999,1,11,4,1
201443N203094,1,19,0,16,0,0,1,0,7,4,1,1,1,1,45,7,2402,2,10,10,2
201443N203094,2,9,0,17,0,0,0,0,0,0,3,1,1,1,25,5,2494,1,10,5,1
201443N203124,1,9,0,17,0,0,2,6,0,0,1,1,6,2,21,5,1149,1,9,10,2
201443N204044,1,9,0,5,0,1,0,0,0,0,1,1,6,1,28,6,1796,1,9,9,1
201443N204044,2,9,0,4,0,1,0,0,0,0,2,1,6,1,19,4,796,1,12,8,1
201443N204124,1,19,0,9,0,6,0,0,1,0,3,1,6,1,28,6,2494,2,17,10,2
201443N204124,2,9,0,18,0,1,0,0,0,0,1,1,6,2,53,8,1299,1,14,10,1
201443N205014,1,9,0,18,0,0,0,0,0,0,1,1,2,2,39,7,1598,1,9,6,1
201443N205014,2,9,0,3,0,0,0,0,0,0,2,1,2,2,27,6,1600,1,16,6,1
201443N205014,3,9,0,3,0,0,0,0,0,0,2,1,6,1,33,6,-1,-1,-1,6,1
201443N205044,1,9,0,18,0,8,0,0,0,0,1,1,6,1,24,5,1124,1,16,9,1
201443N205044,2,9,0,17,0,8,0,0,0,0,1,1,6,1,49,8,1995,2,1,9,3
201443N205064,1,1,0,18,0,2,0,0,0,0,1,1,6,1,60,9,-1,-1,-1,8,3
201443N205064,2,21,1,18,0,2,0,0,0,0,4,1,1,3,-1,-1,-1,-1,-1,-1,-1
201443N205084,1,9,0,17,0,0,2,0,1,10,1,1,2,2,61,9,1598,1,12,10,2
201443N205094,1,9,0,18,0,2,0,0,0,0,1,1,6,2,40,7,1598,2,-1,9,1
201443N205104,1,9,0,18,0,0,0,0,0,0,1,1,6,1,55,8,1598,1,-1,10,1
201443N206034,1,9,0,18,0,0,0,0,0,0,1,1,1,1,40,7,-1,-1,-1,6,1
201443N206034,2,9,0,3,0,0,0,0,0,0,2,1,2,2,27,6,1149,1,3,6,1
201443N206034,3,8,0,3,0,0,0,0,0,0,2,1,2,1,51,8,1995,2,9,4,1
201443N206074,1,9,0,18,0,0,0,0,0,0,1,1,6,1,20,4,1368,1,10,-1,-1
201443N206074,2,9,0,3,0,0,0,0,0,0,2,1,6,2,23,5,1299,1,8,5,1
201443N206084,1,9,0,18,0,0,2,6,4,6,1,1,6,1,37,7,1398,1,-1,9,1
201443N206084,2,19,0,18,0,0,1,0,0,0,1,1,1,1,34,6,2488,2,1,7,1
201443N206084,3,9,0,18,0,0,1,0,1,0,1,1,1,1,50,8,1560,2,-1,-1,1
201443N206084,4,98,1,18,0,0,0,0,0,0,1,1,1,1,60,9,-1,-1,-1,-1,-1
201443N206094,1,3,0,17,0,1,1,0,0,0,0,1,2,1,24,5,125,1,1,8,2
201443N206094,2,9,0,10,0,1,0,0,0,0,0,1,6,2,46,8,1242,1,9,-1,-1
201443N207014,1,9,0,7,0,3,0,0,0,0,1,1,6,2,30,6,1240,1,8,10,1
201443N207014,2,9,0,18,0,4,0,0,0,0,1,1,6,2,-1,-1,2993,2,4,10,1
201443N207044,1,9,0,18,0,0,0,0,0,0,1,1,6,1,37,7,1396,1,15,6,1
201443N207044,2,9,0,18,0,0,0,0,0,0,1,1,6,1,62,9,1997,2,4,9,1
201443N207054,1,19,0,17,0,0,1,0,0,0,1,1,1,1,30,6,2143,2,3,-1,-1
201443N207054,2,9,0,18,0,0,0,0,0,0,1,1,2,2,40,7,1242,1,8,4,1
201443N207074,1,9,0,18,0,0,0,0,0,0,3,1,6,2,43,7,1998,1,10,10,1
201443N207074,2,9,0,18,0,0,0,0,0,0,4,1,6,1,35,6,1995,2,-1,-1,-1
201443N207084,1,19,0,4,0,0,0,0,0,0,1,1,1,1,28,6,2143,2,-1,3,1
201443N207084,2,9,0,4,0,0,0,0,0,0,2,1,1,1,49,8,1999,1,8,-1,-1
201443N207084,3,9,0,4,0,0,0,0,0,0,2,1,6,2,21,5,1242,1,-1,10,1
201443N207084,4,9,0,4,0,0,0,0,0,0,2,1,6,1,42,7,2290,1,18,4,1
201443N207094,1,9,0,18,0,0,0,0,0,0,1,1,2,1,23,5,1999,1,2,10,2
201443N208044,1,9,0,7,0,4,0,0,0,0,1,1,6,2,36,7,1398,1,12,4,1
201443N208044,2,9,0,18,0,8,0,0,0,0,4,1,6,1,39,7,1199,1,15,3,1
201443N208084,1,9,0,7,0,4,0,0,0,0,1,1,6,2,35,6,1600,1,9,9,1
201443N208084,2,1,0,9,0,8,0,0,0,0,2,1,6,1,48,8,-1,-1,-1,10,1
201443N208114,1,5,0,18,0,1,1,0,0,0,4,1,6,1,54,8,998,1,3,8,2
201443N209014,1,5,0,13,0,0,0,10,7,11,1,1,6,1,64,9,1170,1,7,8,3
201443N209014,2,20,0,13,0,0,0,0,0,0,3,1,6,1,39,7,-1,-1,-1,-1,1
201443N209014,3,9,0,18,0,0,0,0,0,0,0,1,6,3,-1,-1,-1,-1,-1,-1,-1
201443N209034,1,9,0,4,0,1,0,0,0,0,1,1,6,1,37,7,1870,2,11,9,1
201443N209034,2,9,0,3,0,1,0,0,0,0,2,1,6,2,44,7,1781,1,16,8,1
201443N209034,3,9,0,10,0,1,0,0,0,0,2,1,6,2,57,9,2993,2,6,8,1
201443N209064,1,9,0,18,0,0,0,0,0,0,1,1,6,1,34,6,1896,2,10,6,1
201443N209064,2,9,0,18,0,0,0,0,0,0,2,1,6,1,47,8,-1,-1,-1,7,1
201443N209074,1,9,0,15,0,4,0,0,0,0,4,1,6,1,35,6,1870,2,11,-1,-1
201443N209074,2,9,0,18,0,4,0,0,0,0,3,1,6,1,31,6,-1,-1,-1,3,1
201443N209094,1,9,0,18,0,6,0,0,0,0,1,1,6,1,-1,-1,1599,1,10,-1,-1
201443N209094,2,9,0,18,0,8,0,0,0,0,1,1,1,1,35,6,1797,8,4,4,1
201443N210014,1,9,0,17,0,0,0,0,1,10,1,1,6,2,31,6,1995,2,-1,10,1
201443N210014,2,9,0,16,0,0,0,0,0,0,1,1,6,1,66,10,1976,1,4,10,2
201443N210024,1,9,0,5,0,3,0,0,0,0,1,1,6,2,94,11,1400,1,9,10,1
201443N210024,2,1,0,18,0,3,0,0,0,0,4,1,6,1,78,11,-1,-1,-1,10,1
201443N210044,1,9,0,18,0,6,0,0,0,0,1,1,6,2,36,7,1968,2,5,8,1
201443N210044,2,9,0,18,0,8,0,0,0,0,4,1,6,1,23,5,1198,1,9,10,2
201443N210074,1,9,0,18,0,0,0,0,0,0,3,1,6,1,50,8,1794,1,13,5,1
201443N210074,2,9,0,18,0,0,0,0,0,0,3,1,6,2,39,7,1000,1,23,7,3
201443N210094,1,21,0,12,0,0,0,0,0,0,1,1,1,1,34,6,-1,-1,-1,9,1
201443N210094,2,9,0,3,0,0,0,0,1,0,2,1,2,2,59,9,1598,1,5,5,1
201443N210094,3,8,0,2,0,0,0,0,0,0,2,1,1,1,31,6,-1,-1,-1,2,1
201443N211014,1,9,0,18,0,3,0,0,0,0,1,1,6,1,38,7,3600,1,10,9,1
201443N211014,2,9,0,4,0,1,0,0,0,0,1,1,6,1,50,8,3596,1,12,7,3
201443N211044,1,9,0,9,0,6,0,0,0,0,3,1,6,2,41,7,1896,2,11,9,1
201443N211044,2,11,0,18,0,1,1,0,0,0,1,1,1,1,49,8,-1,2,15,3,1
201443N211084,1,21,0,18,0,0,0,0,0,0,3,1,6,1,32,6,-1,-1,-1,9,2
201443N211084,2,9,0,18,0,0,0,0,0,0,3,1,6,2,51,8,1686,2,3,8,1
201443N211104,1,9,0,16,0,0,0,0,0,0,1,1,6,1,27,6,2792,1,8,5,1
201443N212024,1,9,0,18,0,0,0,0,0,0,4,1,6,1,-1,-1,-1,-1,-1,-1,-1
201443N212044,1,9,0,11,0,0,0,0,0,0,0,1,6,3,-1,-1,-1,-1,-1,-1,-1
201443N212044,2,9,0,18,0,0,0,0,1,7,3,1,6,2,31,6,1242,1,10,1,1
201443N212094,1,9,0,9,0,6,0,0,0,0,1,1,6,1,24,5,1996,2,10,6,1
201443N212094,2,9,0,18,0,1,0,0,0,0,1,1,6,1,22,5,1595,1,11,3,1
201443N213044,1,9,0,16,0,0,0,0,0,0,1,1,1,2,25,5,1598,1,12,10,2
201443N213044,2,1,0,18,0,0,0,0,0,0,1,1,1,1,38,7,-1,-1,-1,10,3
201443N213074,1,19,0,18,0,0,0,0,0,0,3,1,6,3,-1,-1,1248,2,-1,-1,-1
201443N213074,2,1,0,18,0,0,0,0,0,0,3,1,6,1,46,8,-1,-1,-1,7,1
201443N213084,1,9,0,17,0,0,5,0,1,0,0,1,6,1,44,7,2993,2,2,9,3
201443N213094,1,9,0,5,0,1,0,0,0,0,1,1,6,1,45,7,1329,1,4,6,2
201443N213094,2,9,0,3,0,1,0,0,0,0,2,1,6,2,47,8,1398,2,8,10,1
201443N214014,1,9,0,9,0,6,0,0,0,0,3,1,6,1,42,7,1598,1,14,3,1
201443N214014,2,9,0,17,0,1,0,0,0,0,1,1,6,2,36,7,1796,1,12,10,1
201443N214034,1,3,0,16,0,0,1,0,0,0,4,1,6,1,50,8,124,1,13,8,1
201443N214044,1,19,0,18,0,0,0,0,0,0,3,1,1,1,38,7,2402,2,11,8,1
201443N214044,2,9,0,18,0,0,0,0,0,0,4,1,6,2,84,11,973,1,16,10,2
201443N214054,1,9,0,7,0,5,1,10,0,9,1,1,6,1,21,5,1560,2,-1,7,1
201443N214094,1,9,0,4,0,0,0,0,0,0,1,1,6,2,43,7,1598,1,9,-1,-1
201443N214094,2,9,0,3,0,0,0,0,0,0,2,1,2,2,44,7,2143,2,2,7,1
201443N214094,3,9,0,4,0,0,0,0,0,0,1,1,2,1,45,7,1796,1,10,9,1
201443N215014,1,9,0,18,0,0,1,11,0,0,1,1,6,1,72,10,2148,2,7,7,2
201443N215064,1,9,0,18,0,0,5,7,0,1,1,1,6,1,31,6,1984,1,8,9,1
201443N216084,1,9,0,18,0,1,0,0,0,0,1,1,6,2,19,4,1242,1,7,9,1
201443N216084,2,9,0,3,0,1,0,0,0,0,2,1,6,2,49,8,1461,2,1,9,2
201443N216094,1,9,0,18,0,1,1,0,0,0,1,1,6,2,40,7,999,1,8,5,2
201443N216094,2,9,0,3,0,1,0,0,0,0,2,1,6,2,65,9,1598,1,2,10,3
201443N216094,3,9,0,3,0,1,0,0,0,0,2,1,6,2,55,8,1598,1,11,10,2
201443N216094,4,9,0,10,0,1,0,0,0,0,0,1,6,3,-1,-1,-1,-1,-1,-1,-1
201443N216104,1,9,0,18,0,6,0,0,0,0,3,1,6,2,49,8,1200,1,-1,9,2
201443N216104,2,9,0,18,0,8,0,0,0,0,1,1,6,1,18,4,1199,1,13,10,2
201443N217014,1,21,1,4,0,0,0,0,0,0,1,1,1,1,43,7,8867,2,5,5,1
201443N217014,2,9,0,4,0,0,0,0,0,0,2,1,1,2,37,7,1299,1,15,2,1
201443N217014,3,21,1,4,0,0,0,0,0,0,2,1,1,1,51,8,12580,2,8,9,1
201443N217024,1,9,0,18,0,0,1,0,0,9,2,1,6,2,49,8,1796,1,15,10,3
201443N217024,2,9,0,18,0,0,1,0,0,9,1,1,6,2,48,8,1998,1,16,5,1
201443N217034,1,9,0,4,0,2,0,0,0,0,1,1,6,1,72,10,1984,1,12,6,1
201443N217044,1,9,0,18,0,8,0,0,0,0,1,1,6,1,17,4,1753,2,11,10,2
201443N217044,2,9,0,5,0,8,0,0,0,0,1,1,6,1,53,8,1596,1,11,4,1
201443N217084,1,9,0,17,0,1,0,0,0,0,1,1,6,1,-1,-1,-1,-1,-1,-1,-1
201443N217084,2,9,0,9,0,5,0,0,0,0,1,1,6,1,39,7,1984,1,13,5,1
201443N217104,1,9,0,18,0,6,0,0,0,0,4,1,6,1,24,5,-1,-1,-1,3,1
201443N217104,2,9,0,18,0,8,0,0,0,0,1,1,6,1,41,7,-1,-1,-1,10,1
201443N217114,1,9,0,12,0,0,0,0,0,0,3,1,1,1,30,6,1496,2,-1,-1,-1
201443N217114,2,3,0,18,0,0,0,0,0,0,1,1,2,1,25,5,124,1,8,10,1
201443N217124,1,9,0,18,0,0,0,0,0,0,1,1,6,1,20,4,998,1,11,4,1
201443N217124,2,9,0,18,0,0,0,0,0,0,1,1,6,1,31,6,3498,1,10,6,1
201443N217124,3,9,0,18,0,0,0,0,1,4,1,1,6,1,69,10,1796,1,4,8,1
201443N218014,1,9,0,9,0,6,0,0,1,0,1,1,6,1,29,6,1998,2,9,10,2
201443N218014,2,19,0,18,0,1,0,0,0,0,4,1,6,1,53,8,1998,2,11,3,1
201443N218034,1,9,0,18,0,0,0,0,0,0,1,1,6,1,50,8,-1,-1,-1,-1,-1
201443N218034,2,5,0,18,0,0,0,0,0,0,2,1,6,1,43,7,599,1,12,4,1
201443N218044,1,9,0,18,0,4,0,10,1,11,1,1,6,1,50,8,2490,2,18,-1,-1
201443N218084,1,9,0,9,0,5,0,0,0,0,1,1,6,1,28,6,1388,1,15,10,3
201443N218084,2,9,0,16,0,8,0,0,0,0,1,1,6,2,68,10,-1,-1,-1,9,3
201443N218094,1,9,0,18,0,8,0,0,0,0,1,1,6,1,26,6,2231,2,6,5,1
201443N218094,2,9,0,18,0,8,5,0,1,1,4,1,6,1,41,7,998,1,8,9,1
201443N218114,1,19,0,18,0,3,0,0,0,0,3,1,6,1,51,8,-1,-1,-1,3,1
201443N219014,1,9,0,18,0,0,0,0,0,0,1,1,6,2,22,5,-1,-1,-1,4,1
201443N219014,2,9,0,3,0,0,0,0,0,0,2,1,2,1,57,9,1248,1,2,5,1
201443N219014,3,20,0,3,0,0,0,0,0,0,2,1,6,1,-1,-1,2402,2,7,9,3
201443N219044,1,11,0,1,0,0,0,0,0,0,2,1,1,2,51,8,11000,2,9,6,1
201443N219044,2,9,0,3,0,0,0,0,0,0,1,1,6,2,30,6,1951,2,8,10,1
201443N219064,1,9,0,18,0,0,1,0,0,0,1,1,6,1,23,5,1998,2,10,7,1
201443N219064,2,5,0,18,0,0,0,0,0,0,2,1,6,2,51,8,-1,-1,-1,4,1
201443N219064,3,21,1,18,0,0,0,0,0,0,3,1,1,1,35,6,-1,-1,-1,-1,-1
201443N219084,1,9,0,18,0,0,0,0,0,0,1,1,6,3,-1,-1,-1,-1,-1,-1,-1
201443N219084,2,1,0,18,0,0,0,0,0,0,4,1,6,2,34,6,-1,-1,-1,3,1
201443N219094,1,9,0,9,0,5,0,0,0,0,3,1,6,1,23,5,1999,1,13,-1,1
201443N219094,2,9,0,18,0,1,0,0,0,0,1,1,6,2,35,6,1986,2,9,6,1
201443N220014,1,9,0,17,0,0,0,0,1,1,1,1,6,1,47,8,1686,2,12,7,1
201443N220014,2,9,0,2,0,0,0,0,0,0,2,1,6,3,-1,-1,1896,2,6,-1,-1
201443N220034,1,9,0,9,0,8,0,0,0,0,3,1,6,2,59,9,1198,1,11,10,1
201443N220034,2,9,0,18,0,8,0,0,0,0,1,1,6,1,-1,-1,-1,-1,-1,-1,-1
201443N220044,1,1,0,18,0,0,1,0,0,0,1,1,6,1,12,3,-1,-1,-1,-1,-1
201443N220044,2,9,0,18,0,0,0,0,0,0,1,1,6,1,27,6,-1,-1,-1,-1,-1
201443N220124,1,9,0,9,0,6,0,0,0,0,1,1,6,2,49,8,1560,2,4,7,1
201443N220124,2,9,0,18,0,8,0,0,0,0,1,1,6,2,64,9,1390,1,14,8,3
201443N221024,1,9,0,17,0,0,2,0,1,10,1,1,6,2,44,7,1596,1,11,8,1
201443N221024,2,9,0,16,0,0,0,0,0,0,0,1,6,3,-1,-1,-1,-1,-1,-1,-1
201443N221034,1,9,0,9,0,5,0,0,0,0,4,1,6,1,67,10,1149,1,17,6,1
201443N221034,2,5,0,18,0,1,1,0,0,0,1,1,6,1,22,5,600,1,-1,9,1
201443N221044,1,9,0,4,0,1,0,0,0,0,1,1,6,2,59,9,1995,2,11,9,1
201443N221044,2,9,0,10,0,1,0,0,0,0,2,1,6,1,47,8,-1,-1,-1,10,3
201443N221044,3,9,0,10,0,1,0,0,0,0,2,1,6,2,38,7,1997,2,7,8,3
201443N221074,1,9,0,18,0,0,0,11,0,0,1,1,6,1,28,6,1248,2,3,-1,-1
201443N221084,1,9,0,18,0,8,0,0,0,0,3,1,6,2,41,7,2143,2,-1,8,3
201443N221084,2,1,0,18,0,6,0,0,0,0,1,1,6,1,43,7,-1,-1,-1,4,1
201443N221094,1,9,0,16,0,0,0,0,7,4,1,1,6,1,33,6,2999,2,11,7,1
201443N221124,1,9,0,18,0,1,0,0,0,0,1,1,6,2,34,6,1360,1,4,8,1
201443N221124,2,9,0,1,0,6,0,0,0,0,2,1,6,2,20,4,1364,1,8,10,2
201443N222034,1,9,0,18,0,0,1,0,2,7,1,1,2,1,40,7,1984,1,12,10,1
201443N222044,1,9,0,16,0,0,0,0,0,0,1,1,6,1,19,4,1299,1,15,10,1
201443N222044,2,9,0,16,0,0,1,12,0,0,2,1,6,1,59,9,1968,2,8,4,1
201443N222094,1,9,0,9,0,5,0,0,0,0,3,1,6,1,80,11,1598,1,8,10,1
201443N223014,1,9,0,9,0,8,0,0,0,0,1,1,3,1,51,8,2495,2,15,8,1
201443N223014,2,1,0,9,0,8,0,0,0,0,4,1,2,1,39,7,-1,-1,-1,10,1
201443N223024,1,9,0,16,0,0,0,0,0,0,1,1,6,1,83,11,-1,-1,-1,10,1
201443N223024,2,9,0,3,0,0,0,0,0,0,1,1,3,1,37,7,1796,1,5,8,1
201443N223064,1,9,0,18,0,0,0,0,7,0,1,1,2,1,25,5,1248,2,6,5,1
201443N223064,2,9,0,16,0,0,0,0,0,0,1,1,6,2,30,6,1798,1,-1,8,3
201443N223124,1,9,0,9,0,6,0,0,0,0,3,1,1,1,25,5,1896,2,9,4,1
201443N223124,2,5,0,18,0,8,0,0,0,0,1,1,2,1,30,6,600,1,8,10,1
201443N224014,1,21,1,18,0,0,0,0,1,9,4,1,6,1,63,9,12130,2,7,9,2
201443N224034,1,9,0,9,0,6,1,0,3,9,3,1,6,1,83,11,3199,1,13,4,1
201443N224034,2,9,0,18,0,1,1,0,0,0,1,1,1,2,43,7,2400,2,5,10,1
201443N225014,1,9,0,18,0,0,0,0,0,0,1,1,6,2,85,11,1391,1,18,7,2
201443N225014,2,9,0,4,0,0,0,0,0,0,2,1,6,2,34,6,1968,2,9,10,1
201443N225024,1,9,0,18,0,0,0,0,8,4,0,1,6,1,19,4,1242,1,8,9,3
201443N225054,1,9,0,18,0,8,0,0,1,9,1,1,6,1,78,11,1388,1,17,10,1
201443N225064,1,9,0,18,0,0,0,0,0,0,1,1,6,2,70,10,2656,1,10,9,1
201443N225064,2,9,0,2,0,0,0,0,0,0,2,1,1,1,50,8,-1,-1,-1,-1,-1
201443N225094,1,98,0,13,0,1,0,0,0,0,4,1,6,1,-1,-1,-1,-1,-1,-1,-1
201443N225094,2,1,0,18,0,1,0,0,0,0,3,1,6,1,54,8,-1,-1,-1,9,1
201443N225124,1,9,0,18,0,0,0,0,0,0,1,1,6,1,21,5,1598,1,12,10,2
201443N225124,2,9,0,18,0,0,0,0,0,0,2,1,6,1,45,7,-1,-1,-1,10,1
201443N225124,3,9,0,18,0,0,0,0,0,0,2,1,6,2,45,7,1198,1,9,9,3
201443N225124,4,9,0,18,0,0,0,0,0,0,2,1,6,1,48,8,1598,1,7,4,1
201443N226014,1,9,0,18,0,8,0,0,0,0,1,1,6,1,40,7,1360,1,10,-1,-1
201443N226014,2,19,0,3,0,8,0,0,0,0,2,1,1,1,23,5,1686,2,9,6,1
201443N226064,1,9,0,6,0,0,0,0,0,0,3,1,2,1,38,7,1968,2,3,6,1
201443N226064,2,5,0,14,0,0,0,0,0,0,1,1,2,1,55,8,-1,-1,-1,4,2
201443N226074,1,9,0,18,6,0,0,0,2,7,4,1,6,1,19,4,-1,-1,-1,9,1
201443N226084,1,9,0,18,0,2,0,10,1,2,1,1,6,1,32,6,-1,-1,-1,4,2
201443N226094,1,3,0,18,0,0,1,0,0,0,1,1,6,1,21,5,-1,-1,-1,7,1
201443N226094,2,9,0,4,0,0,0,0,0,0,2,1,6,1,51,8,1968,2,-1,10,1
201443N226124,1,1,0,18,0,0,1,0,0,0,0,1,6,1,71,10,-1,-1,-1,10,1
201443N227024,1,9,0,6,0,6,0,0,0,0,4,1,2,2,49,8,1560,2,8,9,1
201443N227024,2,19,0,18,0,1,0,0,0,0,4,1,1,1,60,9,2143,2,2,9,2
201443N227044,1,9,0,9,0,5,0,0,0,0,4,1,6,1,21,5,1149,1,6,10,1
201443N227044,2,5,0,18,0,1,0,0,0,0,1,1,6,1,50,8,1130,1,12,9,3
201443N227064,1,9,0,18,0,0,0,0,7,0,1,1,6,2,60,9,1599,1,7,2,1
201443N227064,2,22,0,18,0,0,5,0,0,0,2,1,6,2,75,10,-1,-1,-1,8,1
201443N227094,1,9,0,1,0,0,0,0,0,0,2,1,6,1,21,5,1341,1,16,5,1
201443N227114,1,4,0,4,0,0,1,0,0,0,0,1,6,1,48,8,123,1,7,7,1
201443N228024,1,9,0,17,0,0,0,0,0,0,0,1,6,1,45,7,-1,-1,-1,6,1
201443N228024,2,9,0,18,0,0,0,0,0,0,0,1,6,3,-1,-1,-1,-1,-1,-1,-1
201443N228044,1,9,0,18,0,0,0,0,0,0,1,1,6,2,47,8,2400,2,3,10,1
201443N228044,2,9,0,18,0,0,0,0,0,0,1,1,6,2,45,7,1240,1,8,10,1
201443N228094,1,9,0,7,0,6,0,0,3,0,1,1,2,1,24,5,1598,1,13,7,1
201443N228104,1,9,0,16,0,0,2,0,7,0,2,1,6,1,21,5,1242,1,11,10,1
201443N228124,1,9,0,17,0,0,2,0,7,9,1,1,6,2,25,5,1399,2,6,4,1
201443N229044,1,9,0,10,0,1,0,0,1,0,2,1,6,2,22,5,1599,1,10,-1,1
201443N229044,2,9,0,18,0,1,0,0,7,11,1,1,6,1,22,5,1598,1,4,7,1
201443N229044,3,9,0,13,0,1,0,0,0,0,0,1,6,2,38,7,1997,2,1,5,1
201443N229054,1,19,0,18,0,0,0,0,0,0,0,1,6,3,-1,-1,-1,-1,-1,-1,-1
201443N229064,1,9,0,2,0,0,0,0,7,10,3,1,6,2,70,10,1598,1,14,8,1
201443N229104,1,3,0,18,0,1,0,0,0,0,1,1,2,1,37,7,-1,-1,-1,9,3
201443N229104,2,9,0,4,0,1,0,0,0,0,2,1,6,2,61,9,1596,1,12,4,2
201443N229124,1,9,0,18,0,0,0,0,0,0,1,1,1,2,34,6,998,1,14,10,1
201443N229124,2,9,0,4,0,0,0,0,0,0,2,1,6,1,52,8,1968,2,6,10,1
201443N230064,1,9,0,4,0,0,0,0,0,0,2,1,2,1,28,6,1198,1,11,4,1
201443N230064,2,9,0,18,0,0,0,0,0,0,1,1,2,1,37,7,-1,-1,-1,4,1
201443N230064,3,9,0,18,0,0,0,0,0,0,1,1,2,2,21,5,-1,-1,-1,6,1
201443N230094,1,9,0,18,0,0,0,0,1,0,3,1,6,1,39,7,1995,2,10,6,1
201443N230094,2,19,0,18,0,0,0,0,0,0,3,1,6,1,59,9,2151,2,13,8,3
201443N231014,1,9,0,9,0,5,0,0,7,0,4,1,6,2,34,6,1596,1,13,8,2
201443N231014,2,9,0,18,0,1,0,0,0,0,3,1,6,1,22,5,1968,2,1,10,2
201443N231014,3,9,0,18,0,2,0,0,0,0,1,1,6,3,40,7,-1,-1,-1,10,2
201443N231054,1,9,0,7,0,5,1,0,7,0,1,1,6,2,41,7,1198,1,7,6,2
201443N231054,2,19,0,9,0,1,0,0,0,0,3,1,6,1,37,7,2143,2,3,8,1
201443N231064,1,5,0,17,0,0,1,0,1,7,4,1,6,1,22,5,675,1,4,-1,1
201443N231114,1,9,0,18,0,0,0,0,0,0,1,1,6,1,62,9,1796,1,10,10,3
201443N231114,2,9,0,3,0,0,0,0,0,0,2,1,6,1,29,6,1390,1,11,8,1
201443N232034,1,11,0,18,0,0,0,0,1,3,1,1,1,1,59,9,-1,2,14,5,1
201443N232044,1,5,0,18,0,0,0,0,5,6,3,1,6,1,28,6,749,1,15,9,1
201443N232064,1,9,0,5,0,0,0,0,0,0,1,1,2,1,34,6,1896,2,4,-1,1
201443N232124,1,9,0,13,0,0,1,0,0,0,4,1,6,1,25,5,2990,1,21,10,2
201443N232124,2,9,0,18,0,0,1,0,1,0,3,1,6,1,37,7,-1,-1,-1,3,1
201443N232124,3,9,0,18,0,0,0,0,0,0,0,1,6,3,-1,-1,-1,-1,-1,-1,-1
201443N233014,1,21,1,18,0,0,0,0,0,0,1,1,1,1,35,6,4500,2,7,-1,-1
201443N233014,2,9,0,18,0,0,0,0,0,0,2,1,1,1,23,5,1956,2,1,1,1
201443N233024,1,8,0,18,0,0,0,0,0,0,1,1,1,1,28,6,1896,2,9,3,1
201443N233044,1,9,0,18,0,0,0,0,0,0,1,1,1,1,51,8,-1,-1,-1,3,1
201443N233104,1,9,0,17,0,0,2,0,0,0,1,1,1,2,22,5,1360,1,8,10,3
201443N233104,2,9,0,18,0,0,0,0,0,0,3,1,1,2,38,7,1995,2,-1,8,3
201443N234054,1,19,0,18,0,2,0,0,0,0,0,1,6,3,-1,-1,-1,-1,-1,-1,-1
201443N235034,1,9,0,3,0,0,0,0,0,0,1,1,6,1,22,5,1242,1,4,5,1
201443N235034,2,9,0,18,0,0,0,0,0,0,2,1,6,1,51,8,3960,1,16,10,2
201443N235114,1,9,0,18,0,0,5,0,0,0,1,1,6,1,36,7,1991,2,2,5,1
201443N235114,2,9,0,2,0,0,0,0,0,0,2,1,6,2,21,5,1999,1,8,10,2
201443N236024,1,9,0,16,0,0,0,0,7,9,1,1,6,2,59,9,-1,-1,-1,10,1
201443N236034,1,9,0,9,0,8,0,0,0,0,4,1,6,2,23,5,-1,-1,-1,10,3
201443N236034,2,9,0,18,0,1,0,0,0,0,1,1,6,1,56,9,1560,2,4,10,1
201443N236054,1,9,0,9,0,8,0,0,0,0,0,1,6,1,41,7,1598,1,13,9,3
201443N236054,2,9,0,18,0,1,0,0,1,0,1,1,6,1,25,5,2143,2,3,6,3
201443N236064,1,9,0,18,0,1,5,10,4,1,1,1,6,1,36,7,3000,1,13,-1,-1
201443N236064,2,9,0,3,0,1,0,0,0,0,3,1,6,2,-1,-1,3500,2,2,-1,-1
201443N236064,3,9,0,3,0,1,0,0,0,0,2,1,6,1,65,9,-1,-1,-1,-1,-1
201443N236064,4,9,0,3,0,1,0,0,0,0,2,1,6,1,58,9,1248,1,1,10,1