Accident_Index,Vehicle_Reference,Vehicle_Type,Towing_and_Articulation,Vehicle_Manoeuvre,Vehicle_Location-Restricted_Lane,Junction_Location,Skidding_and_Overturning,Hit_Object_in_Carriageway,Vehicle_Leaving_Carriageway,Hit_Object_off_Carriageway,1st_Point_of_Impact,Was_Vehicle_Left_Hand_Drive?,Journey_Purpose_of_Driver,Sex_of_Driver,Age_of_Driver,Age_Band_of_Driver,Engine_Capacity_(CC),Propulsion_Code,Age_of_Vehicle,Driver_IMD_Decile,Driver_Home_Area_Type
201443N236074,1,9,0,9,0,5,0,0,0,0,4,1,6,1,71,10,1390,1,16,8,1
201443N236074,2,5,0,18,0,1,0,0,0,0,1,1,2,1,60,9,487,1,12,3,1
201443N236084,1,9,0,18,0,0,2,0,1,7,1,1,6,2,30,6,-1,-1,-1,2,1
201443N236114,1,9,0,14,0,0,0,0,7,0,4,1,1,1,27,6,1781,1,9,-1,1
201443N236114,2,19,0,9,7,0,0,0,7,0,3,1,6,1,50,8,-1,-1,-1,9,3
201443N236114,3,19,0,3,0,0,0,0,0,0,0,1,6,3,-1,-1,-1,-1,-1,-1,-1
201443N236124,1,9,0,18,0,0,0,0,0,0,4,1,1,2,41,7,-1,-1,-1,7,1
201443N237014,1,9,0,9,0,5,0,0,0,0,1,1,6,1,24,5,1998,1,10,4,1
201443N237014,2,9,0,18,0,1,0,0,0,0,1,1,6,1,32,6,1124,1,15,-1,3
201443N237024,1,9,0,18,0,0,0,0,0,0,4,1,6,1,26,6,1995,2,2,10,1
201443N237024,2,9,0,18,0,0,0,0,0,0,1,1,6,1,46,8,1968,2,2,10,1
201443N237024,3,9,0,18,0,0,0,0,0,0,1,1,6,1,31,6,1596,1,7,4,1
201443N237024,4,9,0,18,0,0,0,0,0,0,2,1,6,2,40,7,-1,-1,-1,8,1
201443N237024,5,19,0,18,0,0,2,0,1,0,0,1,1,1,39,7,-1,-1,-1,6,1
201443N237034,1,9,0,9,0,5,0,0,0,0,1,1,6,2,34,6,1753,2,11,6,1
201443N237034,2,5,0,18,0,1,0,0,0,0,1,1,6,1,24,5,649,1,9,6,1
201443N237034,3,9,0,2,0,1,0,0,0,0,1,1,6,3,-1,-1,-1,-1,-1,-1,-1
201443N237054,1,9,0,18,0,0,1,0,0,0,1,1,6,1,22,5,1598,1,7,2,1
201443N237054,2,9,0,18,0,0,2,0,0,0,3,1,6,2,54,8,2457,1,7,8,2
201443N237064,1,9,0,4,0,2,0,0,0,0,1,1,2,1,52,8,1995,2,11,10,1
201443N237064,2,19,0,3,0,2,0,0,0,0,3,1,2,1,45,7,1686,2,6,4,1
201443N237064,3,19,0,3,0,2,0,0,0,0,4,1,2,1,40,7,1686,2,7,3,1
201443N237064,4,9,0,3,0,2,0,0,0,0,1,1,2,1,33,6,1242,1,8,4,1
201443N237084,1,9,0,18,0,0,0,0,0,0,1,1,6,2,64,9,1299,1,8,-1,-1
201443N237084,2,19,0,3,0,0,0,0,0,0,2,1,1,1,34,6,3920,2,1,3,1
201443N237114,1,9,0,9,0,3,0,0,0,0,1,1,6,2,55,8,1560,2,9,7,3
201443N237114,2,9,0,9,0,3,0,0,0,0,2,1,6,2,23,5,1242,1,5,5,1
201443N237124,1,9,0,16,0,0,2,0,7,0,1,1,6,1,19,4,1149,1,13,9,3
201443N238034,1,9,0,18,0,0,0,0,1,9,1,1,6,2,27,6,1399,2,10,3,1
201443N238034,2,9,0,18,0,0,0,0,0,0,1,1,6,2,51,8,1598,1,12,2,1
201443N238034,3,9,0,18,0,0,0,0,7,0,3,1,6,1,59,9,1995,2,1,10,2
201443N238044,1,98,4,18,0,0,0,0,0,0,1,1,1,1,56,9,7146,2,7,6,3
201443N238044,2,9,0,18,0,0,0,0,0,0,1,1,3,2,45,7,1198,1,3,10,2
201443N238074,1,9,0,7,0,8,0,0,0,0,0,1,6,3,-1,-1,-1,-1,-1,-1,-1
201443N238074,2,1,0,4,0,8,1,0,0,0,1,1,6,1,40,7,-1,-1,-1,10,1
201443N238084,1,1,0,18,0,2,0,2,0,0,1,1,6,2,14,3,-1,-1,-1,-1,-1
201443N238104,1,19,0,9,0,5,0,0,0,0,4,1,6,1,40,7,2198,2,1,8,1
201443N238104,2,1,0,18,0,1,0,0,0,0,1,1,6,1,32,6,-1,-1,-1,9,1
201443N238114,1,9,0,18,0,0,2,0,0,0,4,1,6,1,20,4,1296,1,6,10,1
201443N239024,1,9,0,18,0,0,5,4,0,0,3,1,6,1,47,8,1997,2,6,5,1
201443N239024,2,9,0,2,0,0,0,0,0,0,4,1,1,1,17,4,1598,1,12,10,1
201443N239044,1,9,0,18,0,0,0,0,0,0,4,1,6,3,-1,-1,-1,-1,-1,-1,-1
201443N239044,2,9,0,6,0,0,0,0,0,0,3,1,6,2,42,7,1248,2,5,-1,2
201443N239084,1,9,0,17,0,0,0,0,3,0,1,1,2,1,21,5,1390,1,14,2,1
201443N239084,2,9,0,16,0,0,0,0,0,0,1,1,6,1,37,7,1798,8,1,5,1
201443N239084,3,9,0,16,0,0,1,0,0,0,1,1,1,1,33,6,1397,1,13,3,1
201443N239114,1,9,0,1,0,0,0,0,0,0,2,1,6,3,-1,-1,-1,-1,-1,-1,-1
201443N239124,1,9,0,18,0,0,0,0,0,0,1,1,6,1,22,5,2497,2,16,6,2
201443N239124,2,1,0,18,0,0,0,0,0,0,2,1,6,1,60,9,-1,-1,-1,9,2
201443N240024,1,9,0,9,0,6,0,0,0,0,1,1,6,1,20,4,1197,1,1,10,2
201443N240024,2,9,0,18,0,1,0,0,0,0,3,1,6,1,44,7,2149,2,6,10,1
201443N240044,1,9,0,18,0,0,0,0,0,0,1,1,6,2,22,5,995,1,4,-1,1
201443N240044,2,9,0,3,0,0,0,0,0,0,2,1,6,2,25,5,1422,2,7,6,1
201443N240074,1,9,0,12,0,0,0,0,0,0,3,1,6,1,-1,-1,3456,8,5,-1,-1
201443N240074,2,9,0,18,0,0,0,0,0,0,4,1,6,2,60,9,1984,1,13,10,3
201443N240074,3,19,0,18,0,0,0,0,0,0,4,1,1,1,31,6,2148,2,6,10,1
201443N240114,1,9,0,18,0,8,0,0,0,0,1,1,6,2,-1,-1,1200,1,-1,-1,-1
201443N240114,2,9,0,9,0,8,0,0,0,0,3,1,6,2,28,6,2204,2,7,4,1
201443N241024,1,9,0,1,0,5,0,0,0,0,2,1,6,1,40,7,1998,1,10,-1,-1
201443N241034,1,9,0,18,0,0,1,0,0,0,2,1,6,1,33,6,1396,1,13,2,1
201443N241044,1,9,0,16,0,0,0,0,0,0,3,1,6,1,50,8,1248,2,-1,-1,-1
201443N241044,2,19,0,17,0,0,0,0,0,0,3,1,6,1,45,7,2143,2,2,10,1
201443N241064,1,9,0,18,0,0,0,0,7,3,1,1,6,1,60,9,1598,1,3,10,1
201443N241064,2,1,0,18,0,0,0,0,0,0,0,1,6,1,33,6,-1,-1,-1,10,1
201443N241114,1,9,0,18,0,0,0,0,0,0,3,1,6,3,-1,-1,-1,-1,-1,-1,-1
201443N241114,2,1,0,18,0,0,0,0,0,0,4,1,6,1,48,8,-1,-1,-1,5,1
201443N242044,1,9,0,18,0,1,1,0,0,0,1,1,1,2,23,5,1242,1,5,10,2
201443N242044,2,9,0,4,0,1,0,0,0,0,2,1,1,2,32,6,1242,1,8,4,1
201443N242044,3,11,0,10,0,1,0,0,0,0,2,1,1,1,51,8,6700,2,6,8,2
201443N242074,1,9,0,18,0,0,0,0,0,0,3,1,6,1,24,5,-1,-1,-1,10,1
201443N242074,2,9,0,18,0,0,0,0,0,0,3,1,6,1,44,7,1968,2,2,10,1
201443N242114,1,21,1,12,0,0,0,0,0,0,3,1,1,1,23,5,-1,-1,-1,-1,-1
201443N242114,2,9,0,18,0,0,0,0,0,0,4,1,1,1,30,6,1896,2,11,10,1
201443N243024,1,21,1,12,0,0,0,0,0,0,3,1,1,1,26,6,-1,-1,-1,-1,-1
201443N243024,2,9,0,18,0,0,2,0,1,4,4,1,6,1,41,7,1422,2,11,4,1
201443N243044,1,9,0,9,0,4,0,0,0,0,0,1,6,2,19,4,1229,1,8,9,3
201443N243044,2,5,0,9,0,3,1,0,0,0,0,1,6,1,57,9,750,1,21,-1,1
201443N243064,1,9,0,18,0,1,0,0,0,0,1,1,6,3,-1,-1,-1,-1,-1,-1,-1
201443N243064,2,9,0,3,0,1,0,0,0,0,2,1,6,1,67,10,2000,1,18,10,1
201443N243074,1,2,0,18,0,4,0,0,0,0,1,1,6,1,17,4,-1,-1,-1,10,1
201443N243074,2,9,0,9,0,8,0,0,0,0,3,1,6,2,44,7,1596,1,10,8,2
201443N243084,1,9,0,18,0,0,0,0,0,0,1,1,6,1,52,8,2720,2,8,-1,-1
201443N243084,2,9,0,4,0,0,0,0,0,0,2,1,6,2,43,7,1149,1,2,7,1
201443N243124,1,9,0,18,0,8,0,0,0,0,1,1,1,1,37,7,-1,-1,-1,5,2
201443N243124,2,9,0,18,0,8,0,0,0,0,4,1,2,2,26,6,1299,1,13,-1,-1
201443N244024,1,9,0,17,0,0,0,0,1,0,1,1,2,1,48,8,1582,2,3,4,1
201443N244024,2,9,0,16,0,0,0,0,1,0,1,1,6,1,73,10,1895,1,16,9,3
201443N244034,1,9,0,9,0,5,0,0,0,0,4,1,6,2,49,8,1364,1,6,10,1
201443N244044,1,3,0,18,0,1,0,0,0,0,1,1,6,1,39,7,124,1,2,6,1
201443N244044,2,19,0,18,0,1,0,0,0,0,1,1,6,1,42,7,-1,-1,-1,6,1
201443N244044,3,9,0,18,0,1,0,0,0,0,2,1,6,1,34,6,-1,-1,-1,1,1
201443N244064,1,9,0,18,0,0,0,0,5,7,1,1,6,1,23,5,1598,1,1,10,1
201443N244074,1,4,0,18,0,0,1,0,0,0,1,1,6,1,38,7,599,1,12,4,1
201443N244074,2,9,0,4,0,0,0,0,0,0,2,1,6,1,28,6,1598,2,2,7,1
201443N244104,1,1,0,18,0,0,0,0,0,0,0,1,2,1,62,9,-1,-1,-1,10,3
201443N245024,1,9,0,18,0,0,0,0,0,0,1,1,6,2,58,9,1587,1,10,6,1
201443N245054,1,1,0,18,0,8,0,0,0,0,4,1,6,1,12,3,-1,-1,-1,4,1
201443N245054,2,9,0,18,0,8,0,0,0,0,4,1,6,1,37,7,1396,1,10,-1,1
201443N245054,3,1,0,18,0,8,0,0,0,0,4,1,6,1,12,3,-1,-1,-1,5,1
201443N245064,1,9,0,18,0,0,0,0,0,0,1,1,6,1,-1,-1,2000,2,8,-1,-1
201443N245064,2,9,0,3,0,0,0,0,0,0,2,1,6,2,39,7,1997,2,5,7,1
201443N245074,1,9,0,1,0,0,0,0,0,0,2,1,6,2,49,8,1560,2,5,9,1
201443N246014,1,9,0,9,0,6,0,0,0,0,3,1,6,1,34,6,1988,1,13,6,1
201443N246014,2,9,0,18,0,1,0,0,0,0,1,1,6,1,70,10,1998,2,12,6,1
201443N246034,1,9,0,17,0,0,2,0,1,2,1,1,6,1,43,7,1600,1,14,9,1
201443N246044,1,9,0,18,0,0,0,0,0,0,1,1,6,1,39,7,998,1,13,4,1
201443N246044,2,9,0,18,0,0,0,0,0,0,1,1,6,2,34,6,3123,1,10,-1,1
201443N246054,1,9,0,7,0,6,0,0,0,0,1,1,1,1,60,9,2143,2,1,10,1
201443N246104,1,9,0,9,0,6,0,0,0,0,1,1,6,2,17,4,-1,-1,-1,-1,1
201443N246104,2,1,0,18,0,1,0,0,0,0,1,1,6,1,61,9,-1,-1,-1,9,3
201443N247014,1,9,0,1,0,8,0,0,0,0,1,1,6,1,49,8,-1,-1,-1,3,1
201443N247014,2,9,0,1,0,8,0,0,0,0,4,1,6,1,40,7,2204,2,8,10,1
201443N247014,3,9,0,1,0,1,0,0,0,0,2,1,6,2,46,8,2400,2,5,10,1
201443N247024,1,9,0,16,0,0,0,0,1,10,0,1,6,2,28,6,1248,2,3,-1,1
201443N247064,1,19,0,18,0,0,0,0,0,0,3,1,6,3,-1,-1,-1,-1,-1,-1,-1
201443N247064,2,9,0,18,0,0,0,0,0,0,3,1,6,2,40,7,2987,2,3,8,2
201443N247104,1,9,0,16,0,0,0,0,0,0,3,1,6,1,46,8,1299,1,12,10,1
201443N247104,2,9,0,17,0,0,0,0,1,1,3,1,6,1,34,6,-1,-1,-1,2,1
201443N248014,1,9,0,18,0,1,0,0,0,0,1,1,6,1,21,5,1389,1,13,5,1
201443N248014,2,21,1,9,0,1,0,0,0,0,0,1,6,1,55,8,-1,-1,-1,5,2
201443N248024,1,9,0,17,0,0,1,0,1,4,1,1,6,1,17,4,1299,1,16,9,2
201443N248034,1,9,0,18,0,0,0,0,0,0,1,1,1,1,32,6,1968,2,7,6,1
201443N248034,2,19,0,3,0,0,0,0,0,0,2,1,1,1,-1,-1,1995,2,7,-1,-1
201443N248034,3,9,0,3,0,0,0,0,0,0,2,1,6,1,65,9,3456,8,3,7,3
201443N248044,1,9,0,18,0,1,1,0,7,0,4,1,6,1,28,6,1968,2,7,-1,-1
201443N248044,2,9,0,9,0,5,0,0,7,0,3,1,6,1,47,8,1598,1,10,7,3
201443N248054,1,9,0,18,0,4,0,0,0,0,1,1,6,3,-1,-1,-1,-1,-1,-1,-1
201443N248054,2,9,0,9,0,8,0,0,0,0,3,1,6,2,70,10,1242,1,13,6,1
201443N248074,1,1,0,9,0,6,0,0,0,0,3,1,6,1,12,3,-1,-1,-1,10,1
201443N248074,2,9,0,18,0,8,0,0,0,0,1,1,1,2,32,6,1390,1,5,10,1
201443N248084,1,9,0,7,0,6,0,6,1,0,1,1,6,2,73,10,1199,1,14,10,1
201443N248084,2,9,0,18,0,1,0,0,0,0,1,1,6,2,20,4,1149,1,7,10,1
201443N248104,1,9,0,18,0,2,0,0,0,0,1,1,6,1,40,7,1995,2,9,4,1
201443N248114,1,9,0,18,0,0,0,0,0,0,1,1,6,2,-1,-1,-1,-1,-1,-1,-1
201443N248124,1,9,0,16,0,0,1,0,7,9,0,1,6,1,49,8,2874,2,12,2,1
201443N249014,1,19,0,18,0,0,0,0,0,0,1,1,6,1,23,5,1968,2,3,4,1
201443N249014,2,9,0,3,0,0,0,0,0,0,2,1,6,1,36,7,1995,2,7,5,1
201443N249024,1,9,0,17,0,0,0,0,8,4,1,1,6,1,31,6,-1,-1,-1,-1,1
201443N249034,1,9,0,18,0,0,1,0,0,0,1,1,6,1,25,5,1595,1,17,8,3
201443N249034,2,9,0,18,0,0,0,0,0,0,3,1,6,1,21,5,-1,-1,-1,10,1
201443N249034,3,9,0,18,0,0,0,0,0,0,1,1,6,2,46,8,1796,1,15,10,1
201443N249054,1,4,0,18,0,4,1,0,0,0,3,1,6,1,46,8,599,1,14,1,1
201443N249064,1,2,0,18,0,0,0,10,0,0,0,1,6,1,24,5,125,1,1,-1,1
201443N249074,1,9,0,18,0,0,0,0,0,0,1,1,6,2,53,8,1598,1,1,8,1
201443N249074,2,9,0,18,0,0,0,0,0,0,2,1,6,2,49,8,1598,1,14,-1,-1
201443N249084,1,20,0,18,0,0,1,0,0,0,1,1,1,1,42,7,-1,-1,-1,2,1
201443N249084,2,21,0,4,0,0,0,0,0,0,2,1,1,1,30,6,12130,2,11,5,1
201443N250044,1,5,0,16,0,0,0,0,7,0,1,1,6,1,47,8,-1,-1,-1,7,2
201443N250044,2,9,0,17,0,0,0,0,0,0,3,1,6,1,37,7,-1,-1,-1,7,2
201443N250084,1,9,0,18,0,0,0,0,0,11,1,1,6,1,42,7,2199,2,2,-1,-1
201443N250084,2,8,0,18,0,0,0,0,0,0,1,1,1,1,46,8,-1,-1,-1,3,1
201443N250104,1,9,0,7,0,5,0,0,0,0,3,1,2,2,24,5,-1,-1,-1,-1,-1
201443N250104,2,1,0,17,0,1,0,0,0,0,4,1,2,2,35,6,-1,-1,-1,8,3
201443N250114,1,9,0,17,0,0,1,0,7,4,1,1,2,1,22,5,1761,1,14,9,1
201443N250124,1,9,0,18,0,0,0,0,8,11,1,1,2,2,54,8,1582,2,6,10,1
201443N250124,2,9,0,18,0,0,0,0,0,0,4,1,2,1,35,6,1248,2,6,-1,1
201443N251014,1,9,0,18,0,0,1,0,0,0,3,1,6,1,34,6,1797,8,4,4,1
201443N251024,1,9,0,18,0,0,0,0,1,1,1,1,6,2,22,5,1598,1,4,10,1
201443N251044,1,9,0,17,0,0,0,0,0,0,0,1,6,1,75,10,2457,1,3,7,3
201443N251044,2,20,0,18,0,0,0,0,0,0,0,1,1,1,33,6,3920,2,2,1,1
201443N251054,1,9,0,5,0,0,0,0,0,0,2,1,2,1,-1,-1,2685,2,10,-1,-1
201443N251054,2,9,0,3,0,0,0,0,0,0,1,1,2,2,26,6,1598,1,10,6,1
201443N251074,1,9,0,18,0,1,0,0,0,0,2,1,6,1,25,5,-1,-1,-1,8,1
201443N251084,1,8,0,18,0,0,0,0,0,0,1,1,1,1,25,5,-1,-1,-1,10,1
201443N251084,2,9,0,18,0,0,0,0,0,0,1,1,1,2,29,6,1120,2,1,4,1
201443N252034,1,9,0,11,0,0,1,0,4,0,1,1,6,1,39,7,1910,2,9,7,1
201443N252034,2,9,0,18,0,0,0,0,0,0,1,1,6,2,37,7,1229,1,6,4,1
201443N252044,1,9,0,18,0,1,0,0,0,0,1,1,2,2,24,5,1595,1,14,9,1
201443N252044,2,9,0,10,0,1,0,0,0,0,2,1,6,1,48,8,2143,2,1,3,1
201443N252044,3,9,0,18,0,1,0,0,0,0,1,1,6,1,40,7,3430,1,28,7,1
201443N252054,1,9,0,18,0,0,0,0,0,0,4,1,6,1,19,4,1999,1,8,10,1
201443N252084,1,9,0,17,0,0,2,0,8,10,1,1,1,1,48,8,1229,1,1,8,1
201443N252104,1,9,0,18,0,5,0,0,0,0,1,1,2,1,19,4,1229,1,9,10,1
201443N252104,2,9,0,7,0,1,0,0,0,0,2,1,6,2,37,7,1560,2,1,10,3
201443N252104,3,9,0,9,0,6,0,0,0,0,0,1,6,3,-1,-1,-1,-1,-1,-1,-1
201443N252114,1,9,0,7,0,6,0,0,0,0,1,1,6,3,-1,-1,-1,-1,-1,-1,-1
201443N252114,2,9,0,18,0,2,0,0,0,0,4,1,6,2,18,4,1248,1,5,10,1
201443N253034,1,9,0,18,0,0,0,0,7,4,1,1,6,2,25,5,998,1,11,-1,-1
201443N253044,1,19,0,18,0,8,0,0,0,0,1,1,6,1,46,8,-1,-1,-1,7,1
201443N253044,2,9,0,18,0,8,0,0,0,0,3,1,6,1,44,7,1968,2,3,-1,3
201443N253064,1,5,0,18,0,0,0,0,0,0,1,1,6,1,39,7,998,1,11,2,1
201443N253074,1,9,0,18,0,0,0,0,0,0,1,1,6,1,73,10,2457,1,3,7,3
201443N253074,2,1,0,18,0,0,0,0,0,0,2,1,6,1,40,7,-1,-1,-1,5,1
201443N253104,1,21,1,18,0,1,0,0,0,0,1,1,1,1,20,4,-1,-1,-1,-1,-1
201443N253104,2,9,0,18,0,7,1,0,0,0,2,1,2,1,29,6,1796,2,-1,5,3
201443N254064,1,19,0,18,0,8,0,0,0,0,1,1,1,1,55,8,2198,2,1,4,1
201443N254064,2,9,0,18,0,8,0,0,0,0,4,1,6,2,33,6,1999,1,10,5,1
201443N254104,1,9,0,18,0,0,0,0,0,0,1,1,6,1,23,5,1124,1,8,10,2
201443N254104,2,9,0,4,0,0,0,0,0,0,2,1,6,2,28,6,2179,2,12,5,1
201443N254114,1,9,0,9,0,5,0,0,0,0,4,1,6,2,23,5,1229,1,7,10,3
201443N254114,2,9,0,18,0,1,0,0,0,0,1,1,6,1,59,9,1590,1,15,8,3
201443N255014,1,9,0,18,0,1,0,0,0,0,1,1,6,2,66,10,875,1,1,8,1
201443N255014,2,9,0,4,0,1,0,0,0,0,2,1,6,2,50,8,-1,-1,-1,5,2
201443N255054,1,19,0,18,0,0,1,0,1,4,1,1,6,1,33,6,1753,2,9,3,1
201443N255064,1,1,0,18,0,0,0,0,0,0,1,1,6,1,66,10,-1,-1,-1,9,3
201443N255064,2,1,0,18,0,0,0,0,0,0,2,1,6,2,59,9,-1,-1,-1,10,2
201443N255104,1,9,0,12,0,2,0,0,0,0,3,1,2,1,65,9,2290,7,11,8,3
201443N255104,2,3,0,18,0,2,0,0,0,0,4,1,6,1,19,4,124,1,1,6,1
201443N255114,1,9,0,9,0,8,0,0,0,0,4,1,1,2,24,5,1560,2,3,8,1
201443N255114,2,9,0,18,0,8,0,0,0,0,1,1,1,1,51,8,1598,1,5,9,1
201443N256014,1,9,0,18,0,0,0,0,2,4,1,1,6,1,54,8,-1,-1,-1,7,1
201443N256034,1,9,0,9,0,6,0,0,0,0,1,1,6,2,25,5,1390,1,8,5,1
201443N256034,2,1,0,18,0,1,0,0,0,0,4,1,6,1,36,7,-1,-1,-1,6,1
201443N256054,1,21,0,18,0,1,0,0,1,7,1,1,6,1,51,8,9200,2,6,10,1
201443N256064,1,9,0,5,0,1,0,0,0,0,1,1,6,1,39,7,2143,2,4,-1,1
201443N256064,2,9,0,4,0,1,0,0,0,0,2,1,6,1,25,5,-1,-1,-1,8,1
201443N256074,1,11,0,18,0,0,0,0,0,0,1,1,6,1,65,9,10308,2,6,-1,1
201443N256074,2,9,0,18,0,0,0,0,0,0,2,1,6,1,68,10,1242,1,4,8,1
201443N256124,1,9,0,18,0,4,0,0,0,0,1,1,6,1,19,4,2143,2,-1,-1,1
201443N256124,2,9,0,18,0,8,0,0,0,0,4,1,6,2,75,10,1598,1,12,10,2
201443N257054,1,9,0,18,0,0,0,0,0,0,1,1,6,1,25,5,1995,2,10,5,1
201443N257054,2,9,0,18,0,0,0,0,0,0,2,1,6,1,73,10,1587,1,12,9,1
201443N257064,1,9,0,13,0,0,1,0,0,0,1,1,2,1,26,6,1988,1,14,8,3
201443N257064,2,17,4,18,0,0,0,0,0,0,1,1,1,1,39,7,4400,2,3,-1,1
201443N257064,3,19,0,3,0,0,0,0,0,0,2,1,1,1,47,8,-1,-1,-1,3,1
201443N257084,1,1,0,17,0,0,0,4,0,0,1,1,6,1,39,7,-1,-1,-1,4,1
201443N257084,2,9,0,2,0,0,0,0,0,0,2,1,6,2,-1,-1,2360,1,14,3,1
201443N258054,1,9,0,1,0,6,0,0,0,0,2,1,1,1,40,7,-1,-1,-1,8,1
201443N258054,2,1,0,18,0,8,0,0,0,0,1,1,6,1,43,7,-1,-1,-1,5,1
201443N258084,1,9,0,7,0,6,0,0,0,0,3,1,6,1,40,7,1242,1,8,6,1
201443N258084,2,9,0,18,0,1,0,0,0,0,1,1,6,1,44,7,993,1,13,5,1
201443N259054,1,9,0,14,0,0,0,0,0,0,1,1,6,2,36,7,2000,2,5,5,1
201443N259054,2,9,0,2,0,0,0,0,0,0,1,1,6,3,-1,-1,1762,1,15,-1,-1
201443N259054,3,9,0,18,0,0,0,0,0,0,0,1,6,3,-1,-1,-1,-1,-1,-1,-1
201443N259064,1,9,0,18,0,0,0,0,0,0,2,1,1,1,49,8,1956,2,4,10,1
201443N259064,2,21,1,18,0,0,0,0,0,0,1,1,1,1,23,5,-1,-1,-1,-1,-1
201443N259084,1,9,0,18,0,0,0,0,0,0,3,1,6,1,25,5,1686,2,9,9,1
201443N259084,2,9,0,18,0,0,0,0,0,0,3,1,6,1,-1,-1,2143,2,-1,4,1
201443N259124,1,9,0,16,0,0,2,10,0,0,4,1,2,1,25,5,1596,1,13,7,1
201443N260024,1,9,0,18,0,8,0,0,3,0,1,1,6,1,23,5,249,1,10,10,1
201443N260024,2,9,0,2,0,2,0,0,0,0,3,1,6,3,-1,-1,1397,1,14,-1,-1
201443N260064,1,9,0,18,0,0,0,0,7,11,3,1,6,1,67,10,2179,2,7,10,1
201443N260074,1,9,0,18,0,1,0,9,3,1,1,1,6,1,49,8,1242,1,2,8,1
201443N260084,1,9,0,18,0,0,1,0,0,0,1,1,6,1,50,8,2360,1,12,9,1
201443N260084,2,9,0,4,0,0,0,0,0,0,2,1,6,2,47,8,1388,1,10,9,1
201443N260084,3,21,1,4,0,0,0,0,0,0,2,1,1,1,29,6,12900,2,2,7,1
201443N261054,1,9,0,16,0,0,0,0,0,0,1,1,6,2,30,6,1489,1,16,8,2
201443N261054,2,9,0,17,0,0,0,0,0,0,1,1,6,1,45,7,1753,2,6,8,3
201443N261064,1,9,0,18,0,0,0,0,0,0,4,1,6,3,-1,-1,-1,-1,-1,-1,-1
201443N261084,1,9,0,9,0,8,0,0,0,0,1,1,3,2,40,7,-1,-1,-1,-1,-1
201443N261084,2,97,0,18,0,1,0,0,0,0,1,1,2,1,50,8,918,1,14,8,3
201443N261104,1,9,0,5,0,0,0,0,0,0,3,1,6,2,25,5,1995,2,5,5,1
201443N261114,1,9,0,9,0,5,0,0,0,0,1,1,6,2,50,8,1242,1,-1,9,1
201443N261114,2,9,0,18,0,8,0,0,0,0,3,1,6,1,40,7,1364,2,2,8,2
201443N262014,1,4,0,9,0,8,0,0,0,0,3,1,2,1,22,5,124,1,1,9,1
201443N262014,2,9,0,9,0,3,0,0,0,0,4,1,2,2,30,6,1339,1,8,10,1
201443N262074,1,9,0,9,0,5,0,0,0,0,4,1,6,1,81,11,1895,1,14,7,1
201443N262074,2,3,0,18,0,1,1,0,0,0,1,1,6,1,47,8,124,1,7,10,1
201443N262084,1,9,0,9,0,5,0,0,0,0,1,1,6,1,34,6,1998,2,8,7,2
201443N262084,2,9,0,18,0,1,0,0,0,0,1,1,1,1,51,8,1896,2,10,4,1
201443N262124,1,9,0,18,0,0,1,0,7,4,1,1,6,1,40,7,1798,1,8,8,2
201443N263054,1,9,0,17,0,0,0,0,1,9,1,1,6,1,20,4,1989,1,14,8,3
201443N263084,1,9,0,17,0,1,2,10,1,3,3,1,6,1,41,7,1339,1,6,10,1
201443N263104,1,9,0,18,0,8,0,0,0,0,1,1,6,1,22,5,1199,1,12,5,1
201443N263104,2,9,0,18,0,8,5,0,0,0,3,1,6,1,20,4,-1,-1,-1,3,1
201443N263124,1,9,0,5,0,6,0,0,0,0,1,1,6,1,50,8,1995,2,-1,4,1
201443N263124,2,1,0,18,0,1,0,0,0,0,1,1,6,1,14,3,-1,-1,-1,5,1
201443N264054,1,9,0,18,0,1,0,0,0,0,1,1,1,2,34,6,1598,1,13,10,1
201443N264054,2,9,0,3,0,1,0,0,0,0,2,1,6,2,21,5,998,1,-1,5,1
201443N264074,1,21,1,5,0,0,0,0,0,0,1,1,1,1,68,10,11946,2,1,6,1
201443N264074,2,21,1,2,0,0,0,0,0,0,2,1,1,1,50,8,-1,-1,-1,-1,-1
201443N264084,1,9,0,18,0,0,0,0,0,0,0,1,6,3,-1,-1,-1,-1,-1,-1,-1
201443N264084,2,9,0,18,0,0,1,0,1,7,1,1,6,2,33,6,1598,1,7,8,1
201443N265074,1,9,0,18,0,0,0,0,1,0,1,1,2,1,38,7,2497,1,10,9,3
201443N265074,2,1,0,18,0,0,0,0,0,0,3,1,6,1,15,3,-1,-1,-1,10,3
201443N265124,1,9,0,18,0,0,2,0,1,9,1,1,6,1,48,8,2950,2,14,3,1
201443N266054,1,9,0,18,0,1,0,0,0,0,3,1,6,2,33,6,2204,2,4,-1,1
201443N266054,2,9,0,9,0,6,0,0,0,0,1,1,6,2,22,5,1560,2,1,-1,3
201443N266054,3,19,0,10,0,1,0,0,0,0,0,1,6,3,-1,-1,-1,-1,-1,-1,-1
201443N266104,1,19,0,1,0,1,0,0,0,0,2,1,1,1,30,6,2299,2,1,4,1