Accident_Index,Vehicle_Reference,Vehicle_Type,Towing_and_Articulation,Vehicle_Manoeuvre,Vehicle_Location-Restricted_Lane,Junction_Location,Skidding_and_Overturning,Hit_Object_in_Carriageway,Vehicle_Leaving_Carriageway,Hit_Object_off_Carriageway,1st_Point_of_Impact,Was_Vehicle_Left_Hand_Drive?,Journey_Purpose_of_Driver,Sex_of_Driver,Age_of_Driver,Age_Band_of_Driver,Engine_Capacity_(CC),Propulsion_Code,Age_of_Vehicle,Driver_IMD_Decile,Driver_Home_Area_Type
201443N267084,1,9,0,18,0,4,5,9,1,0,1,1,6,1,31,6,1910,2,8,10,3
201443N268054,1,19,0,18,0,1,0,0,0,0,1,1,1,1,48,8,1998,2,9,10,1
201443N268054,2,11,0,2,0,2,0,0,0,0,0,1,1,3,-1,-1,-1,-1,-1,-1,-1
201443N268084,1,9,0,9,0,8,0,0,0,0,4,1,6,2,30,6,1560,2,-1,7,3
201443N268084,2,5,0,17,0,8,0,0,0,0,1,1,6,1,27,6,1000,1,7,4,1
201443N268104,1,9,0,9,0,8,0,0,0,0,4,1,1,1,60,9,1598,2,3,3,1
201443N268104,2,1,0,18,0,8,0,0,0,0,1,1,6,1,36,7,-1,-1,-1,9,1
201443N268124,1,19,0,18,0,0,0,0,7,0,3,1,1,2,20,4,1995,2,3,10,2
201443N268124,2,9,0,18,0,0,5,0,1,0,3,1,6,2,19,4,993,1,15,9,2
201443N269014,1,9,0,7,0,6,0,0,0,0,1,1,1,1,59,9,-1,-1,-1,6,1
201443N269014,2,1,0,18,0,8,0,0,0,0,4,1,6,1,27,6,-1,-1,-1,3,1
201443N269074,1,9,0,18,0,0,1,0,0,0,3,1,6,1,77,11,-1,-1,-1,7,1
201443N269074,2,11,0,18,0,0,0,0,0,0,3,1,1,1,48,8,9360,2,5,5,1
201443N269104,1,9,0,18,0,1,0,0,0,0,1,1,6,1,30,6,1995,2,8,-1,1
201443N269104,2,9,0,18,0,1,5,0,1,0,3,1,6,2,49,8,1999,1,9,4,1
201443N269104,3,9,0,3,0,1,0,0,0,0,2,1,6,1,26,6,1199,1,14,6,1
201443N269104,4,9,0,10,0,1,0,0,0,0,0,1,6,3,-1,-1,-1,-1,-1,-1,-1
201443N270054,1,20,0,18,0,0,0,0,0,0,1,1,6,1,24,5,12130,2,11,8,3
201443N270054,2,9,0,18,0,0,0,0,0,0,2,1,6,2,28,6,1998,1,17,5,1
201443N270084,1,9,0,17,0,0,5,0,7,10,3,1,1,1,31,6,1248,2,-1,8,1
201443N270084,2,9,0,16,0,0,0,0,0,0,3,1,6,1,63,9,1598,1,3,9,1
201443N270124,1,9,0,18,0,0,0,0,0,0,1,1,6,1,18,4,1248,2,5,-1,1
201443N270124,2,9,0,4,0,0,0,0,0,0,2,1,6,2,43,7,1997,1,-1,10,1
201443N271014,1,9,0,18,0,0,1,0,0,0,3,1,6,1,57,9,1199,1,13,3,1
201443N271074,1,9,0,17,0,0,2,0,0,0,1,1,6,3,-1,-1,1389,1,19,-1,-1
201443N271084,1,9,0,18,0,1,0,0,0,0,1,1,6,1,34,6,-1,-1,-1,6,1
201443N271084,2,9,0,10,0,1,0,0,0,0,2,1,6,1,28,6,1753,2,8,8,3
201443N271104,1,9,0,18,0,0,1,0,0,0,1,1,6,2,60,9,1598,1,1,10,1
201443N271104,2,9,0,4,0,0,0,0,0,0,2,1,6,1,31,6,1598,1,13,7,1
201443N271104,3,9,0,4,0,0,0,0,0,0,2,1,6,1,32,6,1596,1,5,6,1
201443N271124,1,9,0,18,0,0,0,0,0,0,1,1,6,1,-1,-1,1998,1,8,-1,-1
201443N271124,2,9,0,3,0,0,0,0,0,0,2,1,2,1,64,9,-1,-1,-1,5,1
201443N272054,1,9,0,18,0,0,0,0,0,0,1,1,1,2,26,6,1248,2,1,10,1
201443N272054,2,9,0,18,0,0,0,0,0,0,1,1,1,1,34,6,1497,8,6,5,1
201443N272074,1,9,0,18,0,0,0,0,0,0,1,1,6,1,19,4,1199,1,10,10,1
201443N272074,2,9,0,4,0,0,0,0,0,0,2,1,6,1,19,4,1399,2,5,10,3
201443N272084,1,9,0,18,0,0,0,0,7,0,1,1,6,1,24,5,2099,1,12,6,1
201443N272104,1,19,0,14,0,0,0,0,0,0,0,1,6,3,-1,-1,-1,-1,-1,-1,-1
201443N272104,2,3,0,18,0,0,1,0,0,0,4,1,6,1,27,6,124,1,-1,9,1
201443N273014,1,9,0,18,0,7,0,0,0,0,1,1,6,1,-1,-1,1997,2,6,5,1
201443N273014,2,9,0,3,0,7,0,0,0,0,2,1,6,2,19,4,1199,1,14,6,1
201443N273054,1,9,0,18,0,0,0,0,1,7,4,1,6,1,35,6,1753,2,13,6,1
201443N273074,1,9,0,9,0,5,0,0,7,0,1,1,6,1,70,10,-1,-1,-1,6,1
201443N273074,2,9,0,18,0,8,0,0,0,0,1,1,6,1,26,6,2987,2,3,6,1
201443N273104,1,21,1,11,0,0,0,0,0,0,4,1,6,1,24,5,12900,2,4,-1,-1
201443N273104,2,9,0,18,0,0,1,0,0,0,3,1,6,1,26,6,1390,1,8,7,1
201443N273104,3,9,0,18,0,0,1,0,0,0,1,1,6,1,34,6,1796,1,9,9,1
201443N273114,1,9,0,18,0,0,0,0,0,0,1,1,6,1,-1,-1,1797,8,5,-1,-1
201443N273114,2,9,0,3,0,0,0,0,0,0,2,1,6,1,49,8,1599,1,9,3,1
201443N274054,1,9,0,5,0,4,0,0,0,0,3,1,6,1,48,8,1560,2,4,8,3
201443N274054,2,1,0,18,0,8,0,0,0,0,4,1,6,2,32,6,-1,-1,-1,10,2
201443N274114,1,9,0,9,0,5,0,0,0,0,3,1,6,2,48,8,1998,1,9,10,1
201443N274114,2,9,0,9,0,6,0,0,0,0,1,1,6,1,44,7,996,1,4,5,1
201443N275054,1,9,0,8,0,0,0,0,0,0,2,1,6,2,63,9,1995,2,2,8,3
201443N275054,2,9,0,18,0,0,0,0,0,0,1,1,6,1,65,9,1396,1,14,8,2
201443N275054,3,90,0,18,0,0,0,0,0,0,0,1,1,3,-1,-1,-1,-1,-1,-1,-1
201443N275104,1,9,0,18,0,0,2,0,2,10,0,1,6,1,23,5,1390,1,3,9,1
201443N276014,1,20,0,9,0,6,0,0,0,0,3,1,1,1,22,5,2143,2,3,9,1
201443N276014,2,9,0,18,0,1,0,0,0,0,1,1,6,1,71,10,1388,1,11,10,2
201443N276074,1,9,0,18,0,0,0,0,0,0,2,1,1,1,38,7,2400,2,2,10,1
201443N276074,2,9,0,18,0,0,0,0,0,0,3,1,1,1,33,6,2400,2,-1,10,1
201443N276074,3,9,0,18,0,0,0,0,0,0,1,1,6,1,-1,-1,1598,1,12,-1,-1
201443N276104,1,98,0,18,0,0,0,0,0,0,3,1,6,3,-1,-1,-1,-1,-1,-1,-1
201443N276104,2,9,0,18,0,0,0,0,0,0,3,1,2,1,23,5,1229,1,1,8,1
201443N277014,1,9,0,18,0,0,0,0,0,0,1,1,6,2,19,4,1997,2,13,10,1
201443N277014,2,9,0,18,0,0,0,0,0,0,1,1,6,1,47,8,2179,2,1,10,3
201443N277074,1,9,0,17,0,0,0,0,6,6,1,1,6,1,40,7,1997,2,13,9,1
201443N277104,1,9,0,9,0,5,0,0,0,0,1,1,1,2,28,6,1598,1,8,7,3
201443N277104,2,9,0,18,0,1,0,0,0,0,1,1,1,1,38,7,1995,2,9,9,3
201443N278014,1,9,0,12,0,0,0,0,0,0,3,1,6,1,-1,-1,-1,-1,-1,-1,-1
201443N278014,2,9,0,18,0,0,0,0,0,0,4,1,6,2,70,10,1997,1,12,6,1
201443N278074,1,9,0,12,0,3,0,0,0,0,3,1,6,3,-1,-1,-1,-1,-1,-1,-1
201443N278074,2,4,0,18,0,3,0,0,0,0,4,1,6,1,25,5,645,1,7,10,1
201443N278104,1,9,0,16,0,0,0,0,0,0,3,1,6,2,-1,-1,3436,1,-1,-1,-1
201443N278104,2,9,0,17,0,0,0,0,0,0,3,1,6,2,21,5,-1,-1,-1,3,1
201443N279014,1,21,0,11,0,0,0,0,0,0,4,1,6,3,-1,-1,-1,-1,-1,-1,-1
201443N279014,2,9,0,18,0,0,1,0,1,4,3,1,6,1,36,7,1796,1,6,6,1
201443N279074,1,9,0,9,0,5,0,0,0,0,3,1,6,2,49,8,1339,1,1,10,2
201443N279074,2,8,0,13,0,8,0,0,0,0,1,1,1,1,53,8,-1,-1,-1,8,2
201443N280074,1,4,0,18,0,4,1,0,0,0,4,1,6,1,21,5,125,1,-1,3,1
201443N280104,1,9,0,9,0,4,0,0,0,0,3,1,2,1,45,7,2671,1,12,10,1
201443N280104,2,9,0,18,0,4,0,0,0,0,1,1,6,2,66,10,1896,2,7,5,1
201443N281014,1,19,0,13,0,0,0,0,0,0,1,1,1,1,36,7,2402,2,4,6,1
201443N281014,2,21,1,18,0,0,0,0,0,0,2,1,1,1,57,9,12900,2,7,10,1
201443N281114,1,9,0,17,0,0,0,0,1,7,1,1,6,2,39,7,1598,1,11,9,1
201443N281114,2,21,1,16,0,0,0,0,0,0,1,1,6,1,40,7,12740,2,1,4,1
201443N282104,1,9,0,18,0,4,0,0,0,0,3,1,6,3,-1,-1,-1,-1,-1,-1,-1
201443N282104,2,1,0,18,0,4,0,0,0,0,3,1,6,1,33,6,-1,-1,-1,8,1
201443N284014,1,9,0,18,0,0,0,0,0,0,1,1,6,2,85,11,1397,1,12,10,1
201443N284014,2,9,0,4,0,0,0,0,0,0,2,1,6,2,50,8,1339,1,7,10,3
201443N284104,1,9,0,18,0,4,0,9,0,0,1,1,6,2,74,10,-1,-1,-1,9,1
201443N285014,1,9,0,17,0,0,0,0,0,0,4,1,6,3,39,7,1679,1,13,7,1
201443N285074,1,21,0,17,0,8,5,0,1,9,4,1,1,1,33,6,7201,2,9,7,1
201443N285114,1,9,0,18,0,0,0,0,0,0,1,1,1,1,57,9,-1,-1,-1,8,1
201443N285114,2,9,0,4,0,0,0,0,0,0,2,1,1,1,52,8,1998,2,5,9,1
201443N286074,1,9,0,18,0,8,0,0,0,0,1,1,6,1,45,7,1598,2,2,-1,3
201443N286074,2,9,0,6,0,1,0,0,0,0,3,1,6,1,54,8,1995,2,1,6,1
201443N286114,1,19,0,16,0,0,0,0,0,0,4,1,1,1,30,6,1998,2,9,9,1
201443N286114,2,9,0,17,0,0,0,0,0,0,4,1,6,1,25,5,1461,2,10,10,1
201443N287014,1,9,0,18,0,4,0,0,0,0,1,1,6,1,-1,-1,-1,-1,-1,2,1
201443N287014,2,9,0,9,0,8,0,0,0,0,4,1,6,1,36,7,1896,2,11,3,1
201443N287074,1,9,0,16,0,0,0,0,0,0,1,1,6,1,45,7,998,1,5,-1,3
201443N287074,2,9,0,17,0,0,0,0,0,0,1,1,6,2,56,9,1398,1,3,10,3
201443N287114,1,21,0,18,0,1,0,0,0,0,1,1,6,1,23,5,6374,2,1,9,1
201443N287114,2,9,0,10,0,1,0,0,0,0,2,1,6,2,29,6,1198,1,2,8,2
201443N288014,1,9,0,18,0,8,1,9,1,4,1,1,6,2,50,8,1796,1,7,10,1
201443N288074,1,9,0,18,0,1,0,0,1,0,1,1,6,1,80,11,1339,1,5,9,1
201443N288074,2,9,0,18,0,1,0,0,0,0,1,1,6,2,39,7,-1,-1,-1,10,1
201443N288074,3,9,0,18,0,1,0,0,0,0,1,1,6,1,42,7,-1,-1,-1,9,1
201443N288104,1,9,0,18,0,0,0,0,0,0,4,1,6,3,-1,-1,-1,-1,-1,-1,-1
201443N288114,1,8,0,18,0,0,0,0,0,0,1,1,1,1,51,8,1991,2,8,9,2
201443N289104,1,9,0,16,0,0,0,0,0,0,3,1,6,1,22,5,999,1,13,8,1
201443N289104,2,9,0,17,0,0,0,0,0,0,3,1,6,1,37,7,1997,2,5,3,1
201443N290014,1,9,0,12,0,5,0,0,0,0,0,1,6,3,-1,-1,1896,2,11,-1,-1
201443N290014,2,9,0,18,0,5,0,0,0,0,2,1,1,1,31,6,-1,-1,-1,5,1
201443N290014,3,9,0,18,0,5,0,0,0,0,2,1,2,2,48,8,698,1,11,9,1
201443N290014,4,21,0,18,0,5,0,0,0,0,1,1,1,1,44,7,12902,2,1,1,1
201443N290104,1,9,0,17,0,0,0,0,2,10,1,1,6,1,26,6,1360,1,10,6,1
201443N290114,1,9,0,18,9,0,0,0,0,0,1,1,6,3,-1,-1,1597,1,6,-1,-1
201443N291014,1,9,0,18,0,0,1,0,0,0,1,1,6,1,36,7,1968,2,1,8,1
201443N291014,2,9,0,18,0,0,0,0,0,0,2,1,6,2,35,6,2188,2,7,10,1
201443N291104,1,19,0,17,0,0,0,0,0,0,1,1,6,1,25,5,1868,2,8,-1,-1
201443N291104,2,9,0,16,0,0,0,0,0,0,1,1,6,1,35,6,1951,2,10,6,2
201443N291114,1,9,0,18,0,0,0,0,0,0,1,1,2,1,18,4,1242,1,14,4,1
201443N291114,2,21,0,18,0,0,0,0,0,0,1,1,1,1,38,7,-1,-1,-1,-1,1
201443N293014,1,9,0,18,8,0,0,0,0,0,3,1,6,1,35,6,1796,1,12,4,1
201443N293014,2,9,0,18,0,0,0,0,0,0,1,1,6,1,48,8,-1,-1,-1,5,1
201443N293104,1,9,0,18,0,0,1,10,0,0,1,1,6,1,43,7,1598,1,9,10,1
201443N293104,2,9,0,18,0,0,1,0,0,0,1,1,6,1,76,11,1389,1,18,7,1
201443N293114,1,9,0,16,0,0,1,0,0,0,4,1,2,2,37,7,1242,1,6,-1,1
201443N293114,2,9,0,17,0,0,0,0,0,0,1,1,6,1,38,7,1598,2,2,-1,3
201443N294014,1,19,0,18,0,0,0,0,0,0,0,1,1,1,69,10,12130,2,12,9,3
201443N294014,2,9,0,18,0,0,0,0,0,0,0,1,6,1,83,11,1590,1,14,10,3
201443N294114,1,8,0,4,0,1,0,0,0,0,2,1,1,1,59,9,2179,2,7,4,1
201443N294114,2,19,0,4,0,1,0,0,0,0,1,1,1,1,34,6,1248,2,-1,4,1
201443N296014,1,19,0,16,0,0,0,0,7,0,3,1,1,1,34,6,2287,2,3,7,1
201443N297104,1,9,0,9,0,8,0,0,3,0,1,1,6,1,70,10,1497,1,10,10,1
201443N297104,2,9,0,17,0,8,0,0,0,0,4,1,6,2,44,7,-1,-1,-1,9,3
201443N297114,1,9,0,17,0,0,2,0,7,3,1,1,6,1,29,6,1998,1,10,5,1
201443N298014,1,9,0,18,0,0,2,0,1,11,1,1,6,1,54,8,3824,1,8,5,1
201443N299114,1,9,0,18,0,1,0,0,0,0,1,1,6,1,65,9,2400,2,5,9,3
201443N299114,2,9,0,3,0,1,0,0,0,0,2,1,6,2,20,4,1149,1,7,6,1
201443N299114,3,9,0,3,0,1,0,0,0,0,2,1,6,2,22,5,1999,1,7,4,1
201443N300114,1,9,0,9,0,4,0,0,0,0,0,1,1,1,30,6,2993,2,-1,-1,-1
201443N300114,2,9,0,10,0,4,0,0,0,0,2,1,6,1,35,6,-1,-1,-1,7,1
201443N300114,3,9,0,10,0,4,0,0,0,0,2,1,6,1,27,6,1229,1,-1,4,1
201443N300114,4,9,0,3,0,1,0,0,0,0,2,1,6,1,64,9,-1,-1,-1,9,2
201443N300114,5,9,0,9,0,4,0,0,0,0,1,1,6,1,-1,-1,-1,-1,-1,-1,-1
201443N301114,1,9,0,9,0,8,0,0,0,0,1,1,6,1,39,7,2400,2,2,10,1
201443N301114,2,9,0,9,0,8,1,0,1,9,2,1,6,1,17,4,990,1,14,8,3
201443N302114,1,9,0,18,0,0,0,0,0,0,4,1,6,3,-1,-1,-1,-1,-1,-1,-1
201443N304114,1,9,0,18,7,0,0,0,0,0,1,1,6,1,77,11,1997,1,4,8,1
201443N304114,2,9,0,2,6,0,0,0,0,0,2,1,6,2,66,10,1339,1,6,10,1
201443N304114,3,9,0,2,6,0,0,0,0,0,1,1,6,3,-1,-1,1199,1,12,-1,-1
201443N305114,1,9,0,18,0,4,1,9,3,4,1,1,6,1,25,5,1995,2,-1,5,2
201443N306014,1,9,0,18,0,1,0,0,0,0,1,1,6,1,-1,-1,1596,1,14,-1,-1
201443N306014,2,8,0,7,0,5,0,0,0,0,2,1,1,1,43,7,1997,2,8,-1,-1
201443N306014,3,9,0,18,0,1,0,0,0,0,3,1,6,1,33,6,1896,2,7,3,1
201443N306114,1,9,0,17,0,0,1,0,1,9,4,1,6,2,18,4,1242,1,4,8,1
201443N307114,1,9,0,9,0,6,0,0,0,0,3,1,6,2,50,8,1995,2,4,10,1
201443N307114,2,9,0,18,0,8,0,0,0,0,1,1,6,2,49,8,1596,1,9,-1,-1
201443P001054,1,5,0,17,0,0,0,0,1,0,1,1,6,1,65,9,-1,-1,-1,10,1
201443P001074,1,9,0,18,6,0,0,0,0,0,1,1,6,1,66,10,2295,1,17,-1,-1
201443P001074,2,9,0,2,6,0,0,0,0,0,2,1,6,1,51,8,-1,-1,-1,10,3
201443P001114,1,9,0,16,0,0,2,0,1,4,3,1,6,1,23,5,1598,1,10,10,2
201443P003094,1,9,0,13,0,0,0,0,0,0,1,1,6,2,56,9,1968,2,5,10,1
201443P003094,2,9,0,18,0,0,0,0,0,0,1,1,6,1,89,11,2400,2,16,9,1
201443P004014,1,9,0,18,0,0,2,0,1,4,4,1,6,1,18,4,-1,-1,-1,1,1
201443P004024,1,9,0,18,0,8,1,0,0,0,1,1,6,1,63,9,1796,1,12,6,3
201443P004024,2,9,0,18,0,8,0,0,0,0,2,1,6,2,56,9,1390,1,12,6,3
201443P004024,3,9,0,7,0,2,0,0,0,0,0,1,6,3,-1,-1,-1,-1,-1,-1,-1
201443P004064,1,9,0,18,0,1,0,0,0,0,1,1,6,1,-1,-1,-1,-1,-1,-1,-1
201443P004114,1,9,0,18,0,2,0,0,0,0,1,1,6,2,19,4,1598,1,11,6,1
201443P004114,2,9,0,4,0,2,0,0,0,0,2,1,6,1,55,8,1560,2,7,5,1
201443P004114,3,9,0,10,0,2,0,0,0,0,0,1,6,3,-1,-1,-1,-1,-1,-1,-1
201443P005014,1,9,0,7,0,6,0,0,0,0,3,1,6,1,66,10,1396,1,5,9,1
201443P005014,2,1,0,5,0,8,0,0,0,0,1,1,6,1,63,9,-1,-1,-1,-1,-1
201443P005034,1,9,0,1,0,8,0,0,0,0,2,1,2,1,31,6,1798,8,1,-1,-1
201443P005034,2,22,0,18,0,8,5,0,0,0,1,1,6,1,73,10,-1,-1,-1,-1,-1
201443P005044,1,9,0,9,0,2,0,0,0,0,1,1,6,2,35,6,1968,2,1,-1,-1
201443P005044,2,1,0,18,0,1,0,0,0,0,3,1,2,2,29,6,-1,-1,-1,6,1
201443P005064,1,9,0,5,0,0,0,0,0,0,3,1,6,2,63,9,1598,1,1,9,1
201443P005074,1,19,0,2,0,0,0,0,0,0,3,1,1,1,29,6,-1,-1,-1,6,1
201443P005074,2,1,0,14,0,0,0,8,0,0,1,1,6,1,37,7,-1,-1,-1,9,1
201443P005094,1,3,0,13,0,1,0,0,7,0,1,1,6,1,22,5,125,1,-1,10,2
201443P005094,2,8,0,9,0,8,0,0,0,0,3,1,6,1,57,9,-1,-1,-1,6,1
201443P005114,1,19,0,2,0,0,0,0,0,0,3,1,6,1,-1,-1,2500,2,6,7,1
201443P005114,2,1,0,18,0,0,0,8,0,0,4,1,6,1,33,6,-1,-1,-1,8,1
201443P006014,1,9,0,9,0,8,0,0,0,0,4,1,1,1,60,9,-1,-1,-1,10,1
201443P006014,2,9,0,18,0,8,0,0,0,0,1,1,6,2,33,6,1975,1,11,5,1
201443P006024,1,1,0,16,0,1,0,0,0,0,1,1,6,2,14,3,-1,-1,-1,5,1
201443P006024,2,9,0,17,0,2,0,0,0,0,1,1,6,1,18,4,1390,1,4,9,1
201443P006054,1,1,0,18,0,0,0,0,0,0,0,1,2,2,49,8,-1,-1,-1,7,1
201443P006074,1,9,0,4,0,0,0,0,0,0,4,1,6,1,81,11,-1,-1,-1,10,2
201443P006104,1,19,0,12,0,0,0,0,0,0,2,1,1,1,35,6,-1,-1,-1,3,1
201443P006104,2,9,0,18,0,0,0,0,0,0,1,1,1,1,32,6,1968,2,-1,2,1
201443P006104,3,21,0,3,0,0,0,0,0,0,0,1,1,3,-1,-1,-1,-1,-1,-1,-1
201443P007014,1,9,0,17,0,0,0,0,2,7,1,1,6,1,39,7,1689,2,13,1,1
201443P007044,1,9,0,18,0,0,1,0,0,0,1,1,1,1,42,7,1797,8,2,7,1
201443P007044,2,9,0,18,0,0,1,0,4,6,2,1,6,1,52,8,2494,1,16,1,1
201443P007094,1,1,0,9,0,0,0,0,0,0,4,1,6,2,26,6,-1,-1,-1,5,1
201443P007094,2,9,0,4,0,0,0,0,0,0,1,1,6,1,47,8,1390,1,10,10,2
201443P007114,1,8,0,14,0,0,0,0,0,0,1,1,6,1,30,6,1999,1,1,-1,3
201443P007114,2,9,0,5,0,0,0,0,0,0,1,1,6,2,23,5,-1,-1,-1,8,3
201443P008024,1,9,0,9,0,5,0,0,0,0,3,1,2,2,25,5,1242,1,5,6,1
201443P008024,2,1,0,13,0,1,0,0,0,0,1,1,6,1,42,7,-1,-1,-1,-1,1
201443P008044,1,9,0,18,0,8,0,0,0,0,1,1,6,3,-1,-1,-1,-1,-1,-1,-1
201443P008044,2,1,0,10,0,8,0,0,0,0,2,1,6,1,37,7,-1,-1,-1,2,1
201443P008054,1,9,0,9,0,6,0,0,0,0,3,1,6,2,25,5,1896,2,10,3,1
201443P008054,2,9,0,18,0,8,0,0,0,0,1,1,6,2,36,7,1390,1,16,8,3
201443P008084,1,19,0,9,0,6,0,0,0,0,4,1,6,1,30,6,2300,2,10,-1,-1
201443P008084,2,9,0,18,0,8,0,0,0,0,3,1,1,1,36,7,1242,1,12,2,1
201443P009034,1,9,0,17,0,0,2,0,0,0,1,1,6,1,56,9,1299,1,9,7,2
201443P010064,1,9,0,18,0,1,0,0,0,0,1,1,1,2,20,4,1149,1,7,5,1
201443P010094,1,9,0,18,0,0,0,0,0,0,1,1,6,2,36,7,1896,2,8,8,3
201443P010094,2,9,0,18,0,0,0,0,0,0,2,1,6,1,31,6,1896,2,13,5,1
201443P010124,1,9,0,18,0,0,0,0,0,0,1,1,6,2,51,8,1461,2,-1,7,3
201443P011014,1,9,0,18,0,0,2,0,1,0,4,1,6,2,21,5,1296,1,6,8,3
201443P011074,1,9,0,9,0,5,0,0,0,0,4,1,2,2,62,9,2148,2,6,9,3
201443P011074,2,1,0,15,4,8,0,0,0,0,1,1,6,2,23,5,-1,-1,-1,-1,-1
201443P011104,1,8,0,9,0,5,0,0,0,0,0,1,1,1,60,9,2148,2,6,3,1
201443P011104,2,5,0,15,0,1,0,0,0,0,0,1,6,1,54,8,1255,1,5,2,1
201443P012024,1,9,0,18,0,0,0,0,0,0,3,1,1,2,33,6,1997,2,2,9,2
201443P012024,2,19,0,18,0,0,0,0,0,0,3,1,6,3,-1,-1,-1,-1,-1,-1,-1
201443P012054,1,9,0,18,0,0,5,0,1,9,4,1,6,1,61,9,2967,1,7,6,3
201443P013014,1,5,0,18,0,4,1,0,0,0,0,1,6,1,64,9,798,1,7,9,3
201443P013044,1,9,0,5,0,4,0,0,0,0,1,1,2,2,51,8,1582,2,1,6,1
201443P013044,2,1,0,9,0,3,0,0,0,0,4,1,2,1,38,7,-1,-1,-1,-1,-1
201443P013054,1,9,0,9,0,5,0,0,0,0,1,1,6,1,-1,-1,1598,2,1,-1,-1
201443P013054,2,1,0,18,0,8,0,0,0,0,3,1,6,1,31,6,-1,-1,-1,6,1
201443P013094,1,8,0,18,0,8,0,0,0,0,1,1,1,1,-1,-1,-1,-1,-1,-1,-1
201443P013094,2,1,0,18,0,8,0,0,0,0,2,1,2,2,55,8,-1,-1,-1,3,1
201443P013114,1,9,0,18,0,4,0,0,0,0,1,1,6,3,-1,-1,1198,1,3,-1,-1
201443P013114,2,9,0,18,0,4,0,0,0,0,2,1,6,1,31,6,1995,1,4,-1,1
201443P014094,1,9,0,9,0,6,0,0,0,0,3,1,2,2,24,5,1390,1,8,6,1
201443P014114,1,8,0,5,0,4,0,0,0,0,1,1,1,1,51,8,1797,8,4,10,1
201443P014114,2,1,0,18,0,8,0,0,0,0,2,1,6,1,32,6,-1,-1,-1,9,1
201443P015024,1,9,0,18,0,0,0,0,4,6,1,1,1,1,29,6,-1,-1,-1,3,1
201443P015024,2,21,0,18,0,0,0,0,0,0,2,1,1,1,29,6,-1,-1,-1,3,1
201443P015054,1,9,0,18,0,0,1,0,5,6,1,1,6,1,29,6,1686,2,6,4,1
201443P015094,1,9,0,18,0,0,2,0,1,4,1,1,6,1,23,5,1598,1,9,6,3
201443P016024,1,1,0,9,0,8,0,0,0,0,1,1,6,1,-1,-1,-1,-1,-1,-1,-1
201443P016084,1,9,0,4,0,0,0,0,0,0,1,1,6,2,58,9,1388,1,2,-1,-1
201443P016084,2,9,0,3,0,0,0,0,0,0,2,1,6,1,47,8,1968,2,2,-1,-1
201443P016094,1,9,0,18,0,1,0,0,0,0,1,1,6,2,17,4,1193,1,1,7,3
201443P016094,2,9,0,17,0,2,1,0,7,0,1,1,6,1,75,10,1229,1,6,7,3
201443P017014,1,9,0,18,0,0,0,0,0,0,1,1,2,1,52,8,1995,2,5,10,1
201443P017014,2,19,0,18,0,0,0,0,0,0,3,1,1,1,18,4,2198,2,2,-1,2
201443P017014,3,9,0,18,0,0,0,0,0,0,1,1,2,1,26,6,1995,2,10,9,1
201443P017014,4,9,0,18,0,0,0,0,0,0,0,1,2,2,51,8,1461,2,2,8,3
201443P017024,1,9,0,9,0,4,0,0,0,0,1,1,6,3,-1,-1,-1,-1,-1,-1,-1
201443P017024,2,1,0,18,0,8,0,0,0,0,4,1,6,1,38,7,-1,-1,-1,4,1
201443P017034,1,9,0,9,0,8,0,0,0,0,4,1,6,2,81,11,1240,1,10,7,1
201443P017034,2,1,0,18,0,8,0,0,0,0,1,1,6,1,40,7,-1,-1,-1,5,1
201443P017084,1,9,0,2,0,0,0,0,0,0,3,1,6,2,40,7,1600,2,4,9,3
201443P017084,2,1,0,18,0,0,0,8,0,0,1,1,6,2,40,7,-1,-1,-1,10,3
201443P017094,1,9,0,9,0,5,0,0,0,0,1,1,2,1,25,5,1798,1,7,4,1
201443P017094,2,5,0,18,0,8,0,0,1,0,3,1,2,1,32,6,599,1,15,6,1
201443P017114,1,19,0,9,0,6,0,0,7,0,4,1,1,1,26,6,2198,2,2,9,1
201443P017114,2,9,0,7,0,5,0,0,1,0,1,1,2,1,68,10,2495,2,14,4,2
201443P017124,1,21,1,18,0,1,0,0,0,0,1,1,1,1,35,6,-1,-1,-1,-1,-1
201443P017124,2,9,0,18,0,1,1,0,0,0,4,1,6,1,78,11,1343,1,10,8,3
201443P018024,1,9,0,18,0,0,0,0,8,4,1,1,6,2,19,4,1598,2,1,7,3
201443P018054,1,9,0,1,0,0,0,0,0,0,0,1,6,2,30,6,-1,-1,-1,-1,-1
201443P018054,2,11,0,18,0,0,0,0,0,0,0,1,1,1,46,8,6370,2,11,6,3
201443P018054,3,11,0,18,0,0,0,0,0,0,0,1,1,1,30,6,6370,2,11,-1,-1
201443P018054,4,1,0,3,0,0,0,0,0,0,0,1,6,3,-1,-1,-1,-1,-1,-1,-1
201443P018114,1,11,0,18,2,0,0,0,0,0,3,1,6,1,59,9,4250,2,1,3,1
201443P018114,2,1,0,18,4,0,0,0,0,0,4,1,6,1,20,4,-1,-1,-1,5,1
201443P019014,1,9,0,18,0,0,2,0,2,1,4,1,6,2,24,5,-1,-1,-1,2,1