Accident_Index,Vehicle_Reference,Vehicle_Type,Towing_and_Articulation,Vehicle_Manoeuvre,Vehicle_Location-Restricted_Lane,Junction_Location,Skidding_and_Overturning,Hit_Object_in_Carriageway,Vehicle_Leaving_Carriageway,Hit_Object_off_Carriageway,1st_Point_of_Impact,Was_Vehicle_Left_Hand_Drive?,Journey_Purpose_of_Driver,Sex_of_Driver,Age_of_Driver,Age_Band_of_Driver,Engine_Capacity_(CC),Propulsion_Code,Age_of_Vehicle,Driver_IMD_Decile,Driver_Home_Area_Type
201443P019024,1,9,0,7,0,6,0,0,0,0,1,1,2,1,51,8,1968,2,8,9,1
201443P019024,2,1,0,18,9,8,0,0,0,0,3,1,2,1,31,6,-1,-1,-1,5,1
201443P019044,1,9,0,18,0,0,2,0,7,0,0,1,6,1,18,4,1149,1,7,9,3
201443P019074,1,9,0,16,0,0,0,0,0,0,1,1,2,2,27,6,1998,1,11,-1,3
201443P019074,2,98,1,17,0,0,0,0,0,0,1,1,1,1,48,8,10518,2,2,6,1
201443P019094,1,9,0,18,0,1,0,0,0,0,1,1,2,1,32,6,1995,2,-1,-1,3
201443P019094,2,1,0,18,0,1,0,0,0,0,4,1,6,1,7,2,-1,-1,-1,3,1
201443P020014,1,9,0,18,0,0,1,0,4,6,1,1,6,1,51,8,1587,1,13,6,1
201443P020064,1,19,0,18,0,2,0,0,0,0,4,1,1,1,26,6,1996,2,3,5,1
201443P020064,2,1,0,18,0,2,0,0,0,0,1,1,4,1,8,2,-1,-1,-1,5,1
201443P020074,1,1,0,18,5,1,0,0,0,0,3,1,6,1,-1,-1,-1,-1,-1,-1,-1
201443P020074,2,1,0,18,5,2,0,0,0,0,3,1,6,2,45,7,-1,-1,-1,-1,-1
201443P020084,1,11,0,6,0,0,0,0,0,0,1,1,1,1,44,7,2143,2,1,3,1
201443P020114,1,9,0,18,0,1,0,0,0,0,1,1,6,2,42,7,2179,2,4,9,3
201443P020114,2,9,0,5,0,1,0,0,0,0,2,1,2,2,60,9,1896,2,10,9,2
201443P021014,1,11,0,18,0,0,0,0,0,0,0,1,1,2,57,9,6370,2,6,4,2
201443P021104,1,19,0,18,0,1,0,0,0,0,1,1,1,1,22,5,1870,2,9,9,1
201443P021104,2,9,0,4,0,1,1,0,0,0,2,1,6,2,40,7,2387,2,9,8,2
201443P021114,1,9,0,9,0,5,0,0,0,0,1,1,2,1,51,8,2000,1,7,8,1
201443P021114,2,1,0,10,0,1,0,0,0,0,1,1,2,1,25,5,-1,-1,-1,8,1
201443P021124,1,9,0,18,0,0,0,0,1,2,1,1,6,2,89,11,998,1,18,8,3
201443P022014,1,9,0,18,0,8,0,0,0,0,1,1,6,2,24,5,1796,1,9,5,1
201443P022014,2,9,0,9,0,8,0,0,0,0,1,1,6,1,24,5,1364,1,7,-1,1
201443P022044,1,9,0,16,0,0,0,0,0,0,1,1,6,1,31,6,1598,2,1,4,1
201443P022044,2,21,1,17,0,0,0,0,0,0,1,1,1,1,61,9,12900,2,3,-1,-1
201443P022044,3,21,1,16,0,0,0,0,0,0,3,1,1,1,29,6,12777,2,4,7,2
201443P022054,1,9,0,18,0,0,1,0,0,0,1,1,6,1,49,8,1995,2,4,7,3
201443P022054,2,9,0,3,0,0,0,0,0,0,2,1,6,1,23,5,1360,1,11,3,1
201443P022054,3,9,0,3,0,0,0,0,0,0,2,1,6,1,28,6,1984,1,9,8,3
201443P022064,1,20,0,18,0,0,1,0,0,0,1,1,1,1,23,5,11300,2,19,5,1
201443P022064,2,9,0,18,0,0,0,0,0,0,2,1,6,2,36,7,-1,-1,-1,10,2
201443P023014,1,9,0,18,0,0,0,0,0,0,1,1,6,3,-1,-1,2497,1,12,-1,-1
201443P023014,2,9,0,2,0,0,0,0,0,0,2,1,6,2,26,6,1364,1,5,4,1
201443P023024,1,9,0,18,0,4,0,0,0,0,1,1,1,1,-1,-1,4601,1,9,9,1
201443P023024,2,1,0,9,0,8,0,0,0,0,4,1,2,1,25,5,-1,-1,-1,9,2
201443P023034,1,9,0,18,0,0,0,0,0,0,1,1,6,1,-1,-1,1995,2,1,3,3
201443P023034,2,9,0,3,0,0,0,0,0,0,1,1,1,1,30,6,1248,2,7,-1,-1
201443P023034,3,9,0,2,0,0,0,4,0,0,4,1,6,3,-1,-1,1497,1,11,5,1
201443P023044,1,9,0,18,0,4,0,0,0,0,1,1,2,2,50,8,1796,1,8,-1,-1
201443P023044,2,1,0,18,0,8,0,0,0,0,4,1,2,1,45,7,-1,-1,-1,6,1
201443P023054,1,9,0,18,0,0,2,0,1,9,2,1,6,1,28,6,1796,1,11,2,1
201443P023094,1,9,0,3,0,1,0,0,0,0,3,1,2,1,62,9,2179,2,6,9,1
201443P023094,2,1,0,18,0,1,0,0,0,0,1,1,2,1,23,5,-1,-1,-1,9,1
201443P023114,1,1,0,18,0,0,0,0,0,0,3,1,6,1,59,9,-1,-1,-1,8,1
201443P023114,2,3,0,13,0,0,0,0,0,0,4,1,6,1,17,4,125,1,8,9,1
201443P023124,1,9,0,17,0,0,0,0,7,0,1,1,6,1,67,10,1999,1,6,10,2
201443P024014,1,9,0,5,0,2,0,0,0,0,1,1,2,1,31,6,1398,1,14,-1,-1
201443P024034,1,9,0,9,0,5,0,0,0,0,3,1,6,1,74,10,-1,-1,-1,7,2
201443P024034,2,9,0,18,0,8,0,0,0,0,3,1,6,1,71,10,1995,2,3,7,1
201443P024054,1,1,0,5,0,0,0,0,0,0,1,1,6,1,15,3,-1,-1,-1,4,1
201443P024054,2,19,0,4,0,0,0,0,0,0,2,1,6,1,52,8,1896,2,13,5,1
201443P024074,1,9,0,18,0,8,0,0,0,0,1,1,6,1,21,5,-1,-1,-1,6,3
201443P024074,2,9,0,9,0,6,0,0,0,0,3,1,6,2,19,4,999,1,16,8,3
201443P024094,1,9,0,7,0,5,0,0,0,0,4,1,6,1,-1,-1,1997,2,6,9,3
201443P024094,2,1,0,18,2,1,0,0,0,0,1,1,6,1,50,8,-1,-1,-1,10,3
201443P024124,1,9,0,18,0,8,0,0,0,0,4,1,1,1,25,5,1248,2,2,-1,1
201443P024124,2,9,0,18,0,8,0,0,0,0,1,1,6,1,42,7,1360,1,15,5,1
201443P025054,1,11,0,6,0,8,0,0,0,0,0,1,6,1,-1,-1,9186,2,6,-1,-1
201443P025054,2,97,0,13,0,8,0,0,0,0,4,1,6,1,20,4,-1,-1,-1,6,2
201443P025054,3,9,0,5,0,8,0,0,0,0,1,1,6,2,-1,-1,-1,-1,-1,-1,-1
201443P025074,1,8,0,9,0,5,0,0,0,0,1,1,1,1,35,6,1968,2,8,5,1
201443P025074,2,1,0,17,0,8,0,0,0,0,1,1,2,1,29,6,-1,-1,-1,2,1
201443P025084,1,9,0,18,0,0,1,0,0,0,1,1,6,1,20,4,1992,2,8,10,2
201443P025114,1,9,0,9,0,5,0,0,0,0,3,1,6,1,50,8,998,1,10,8,2
201443P025124,1,9,0,16,0,0,2,0,7,9,1,1,6,1,52,8,-1,-1,-1,9,1
201443P026054,1,9,0,18,0,0,0,0,0,0,1,1,6,1,25,5,-1,-1,-1,-1,-1
201443P026054,2,9,0,3,0,0,0,0,0,0,2,1,6,2,29,6,1997,2,5,10,1
201443P026064,1,9,0,4,0,0,0,0,0,0,3,1,6,1,53,8,2477,2,8,6,1
201443P026074,1,9,0,18,0,0,0,0,0,0,1,1,6,2,70,10,1086,1,6,10,1
201443P026074,2,8,0,18,0,0,0,0,0,0,2,1,1,1,40,7,2987,2,3,8,3
201443P027014,1,9,0,18,0,0,0,0,0,0,1,1,6,2,25,5,1390,1,15,7,1
201443P027014,2,9,0,18,0,0,0,0,1,0,1,1,6,1,30,6,-1,-1,-1,7,3
201443P027024,1,9,0,18,0,0,1,0,1,9,1,1,6,2,51,8,1596,1,16,7,1
201443P027024,2,9,0,18,0,0,1,0,1,9,2,1,2,1,31,6,1997,2,14,5,1
201443P027044,1,9,0,18,0,1,0,0,0,0,1,1,1,1,22,5,1598,2,1,6,3
201443P027044,2,1,0,18,0,1,0,0,0,0,4,1,6,1,24,5,-1,-1,-1,6,1
201443P027054,1,9,0,18,0,0,0,0,0,0,0,1,6,1,30,6,-1,-1,-1,-1,-1
201443P027054,2,4,0,14,0,0,0,0,0,0,0,1,6,1,60,9,745,1,2,9,1
201443P027064,1,9,0,18,0,1,0,0,0,0,1,1,6,2,59,9,1299,1,12,10,3
201443P027064,2,9,0,4,0,1,0,0,0,0,2,1,6,2,34,6,1796,1,14,9,2
201443P027074,1,9,0,18,0,0,0,0,7,0,1,1,6,3,65,9,1329,1,2,6,2
201443P027074,2,9,0,18,0,0,1,0,0,0,3,1,6,2,41,7,1995,2,2,7,3
201443P027074,3,9,0,18,0,0,1,0,0,0,1,1,6,3,22,5,1124,1,12,10,1
201443P027104,1,9,0,13,0,0,0,0,0,0,1,1,6,1,35,6,1332,1,8,10,1
201443P027104,2,5,0,18,0,0,0,0,0,0,1,1,6,1,30,6,1299,1,9,-1,-1
201443P027104,3,1,0,18,0,0,0,0,0,0,2,1,6,1,46,8,-1,-1,-1,8,1
201443P027114,1,9,0,18,0,1,0,0,0,0,1,1,6,1,-1,-1,999,1,12,-1,-1
201443P027114,2,9,0,10,0,1,0,0,0,0,2,1,6,2,25,5,1398,1,1,6,3
201443P028094,1,9,0,9,0,5,0,0,0,0,4,1,2,1,50,8,1796,1,9,10,1
201443P028094,2,9,0,18,0,8,0,0,0,0,1,1,2,2,42,7,996,1,1,8,3
201443P028104,1,9,0,7,0,6,0,0,0,0,4,1,6,1,55,8,1798,1,6,10,1
201443P028104,2,1,0,18,5,8,0,0,0,0,1,1,6,2,36,7,-1,-1,-1,5,1
201443P028124,1,9,0,18,0,8,0,0,0,0,3,1,2,2,26,6,1598,1,11,2,1
201443P028124,2,9,0,9,0,8,0,0,0,0,4,1,1,1,44,7,1896,2,10,9,2
201443P029124,1,9,0,7,0,4,0,0,0,0,1,1,2,1,37,7,2700,1,10,10,1
201443P029124,2,1,0,5,0,4,0,0,0,0,1,1,2,1,56,9,-1,-1,-1,10,1
201443P030044,1,9,0,11,0,3,0,0,2,7,2,1,6,2,83,11,1398,2,12,9,2
201443P030044,2,98,1,16,0,3,0,0,0,0,4,1,1,1,36,7,-1,-1,-1,-1,-1
201443P030084,1,19,0,2,0,1,0,0,0,0,2,1,1,1,35,6,2198,2,1,9,1
201443P030084,2,1,0,18,0,1,0,0,0,0,1,1,6,1,44,7,-1,-1,-1,8,1
201443P030094,1,9,0,1,0,6,0,0,0,0,2,1,6,2,30,6,1497,1,11,6,1
201443P030094,2,1,0,18,0,1,0,0,0,0,1,1,6,1,51,8,-1,-1,-1,5,1
201443P030104,1,9,0,17,0,8,0,0,0,0,1,1,6,1,21,5,-1,-1,-1,10,3
201443P030104,2,9,0,7,0,4,0,0,0,0,3,1,6,2,21,5,1796,1,13,7,3
201443P030114,1,9,0,18,0,0,1,0,5,6,3,1,1,1,37,7,1299,1,12,-1,1
201443P030114,2,21,1,2,6,0,0,0,0,0,1,1,1,1,46,8,12777,2,6,5,2
201443P030114,3,21,0,2,6,0,0,0,0,0,2,1,1,1,65,9,9200,2,8,10,1
201443P031024,1,9,0,18,0,0,0,12,0,0,1,1,6,1,31,6,1968,2,1,9,2
201443P031024,2,9,0,18,0,0,0,12,0,0,1,1,6,2,54,8,1598,1,8,3,1
201443P031034,1,9,0,18,0,0,0,0,0,0,1,1,2,2,28,6,-1,-1,-1,10,1
201443P031034,2,9,0,4,0,0,0,0,0,0,2,1,2,1,28,6,1242,1,13,6,3
201443P031074,1,2,0,17,0,1,1,0,0,0,0,1,6,1,16,4,49,1,6,8,3
201443P031094,1,9,0,18,0,0,2,0,1,0,1,1,6,1,58,9,-1,-1,-1,6,1
201443P031104,1,9,5,9,0,2,0,0,0,0,0,1,6,3,20,4,1800,1,14,-1,-1
201443P031104,2,3,0,9,0,2,0,0,0,0,4,1,6,1,18,4,124,1,13,2,1
201443P031114,1,9,0,18,0,4,0,0,0,0,1,1,6,2,-1,-1,1796,1,13,-1,-1
201443P031114,2,19,0,18,0,4,0,0,0,0,2,1,6,1,22,5,1753,2,9,4,1
201443P032024,1,9,0,9,0,6,0,0,0,0,3,1,6,2,36,7,2183,2,2,6,3
201443P032024,2,9,0,18,0,8,0,0,7,0,1,1,6,1,23,5,1397,1,16,10,1
201443P032034,1,4,0,17,0,1,0,0,0,0,0,1,2,1,48,8,499,1,12,6,3
201443P032034,2,9,0,5,0,1,0,0,0,0,0,1,6,1,33,6,-1,-1,-1,1,1
201443P032054,1,9,0,18,0,4,0,0,0,0,1,1,6,1,21,5,1598,1,17,10,1
201443P032054,2,1,0,18,0,8,0,0,0,0,4,1,6,2,32,6,-1,-1,-1,9,1
201443P032094,1,4,0,17,0,3,1,10,0,0,1,1,6,1,20,4,400,1,25,10,1
201443P032114,1,9,0,18,0,0,0,0,0,0,4,1,6,3,-1,-1,-1,-1,-1,-1,-1
201443P032114,2,1,0,18,4,0,0,0,0,0,3,1,2,1,27,6,-1,-1,-1,6,3
201443P032124,1,21,1,11,0,0,0,0,0,0,4,1,1,1,23,5,10518,2,-1,6,2
201443P032124,2,9,0,18,0,0,0,0,2,4,3,1,2,2,22,5,1299,1,12,2,1
201443P033044,1,9,0,13,0,0,0,0,0,0,4,1,6,1,-1,-1,2231,2,1,-1,-1
201443P033044,2,1,0,18,0,0,0,0,0,0,3,1,6,2,40,7,-1,-1,-1,4,1
201443P033084,1,9,0,13,0,0,0,0,0,0,4,1,6,1,22,5,1296,1,7,6,1
201443P033084,2,1,0,18,0,0,0,0,0,0,3,1,6,2,22,5,-1,-1,-1,6,1
201443P033124,1,9,0,9,0,5,0,0,0,0,1,1,6,1,74,10,1998,1,11,7,3
201443P033124,2,1,0,18,4,8,0,0,0,0,1,1,6,2,23,5,-1,-1,-1,5,1
201443P034044,1,9,0,16,0,0,1,0,7,0,4,1,6,2,27,6,1596,1,12,5,1
201443P034044,2,9,0,17,0,0,0,0,0,0,1,1,6,2,47,8,1598,1,7,8,3
201443P034104,1,9,0,18,0,6,0,0,0,0,1,1,6,1,57,9,1596,1,7,10,3
201443P034104,2,9,0,18,0,8,0,0,0,0,3,1,6,1,52,8,1973,1,16,10,2
201443P034114,1,9,0,18,0,0,0,0,0,0,4,1,6,1,45,7,1951,2,12,6,1
201443P034124,1,9,0,17,0,0,1,0,1,4,1,1,6,1,29,6,1997,2,12,8,1
201443P035024,1,9,0,9,0,6,0,0,0,0,3,1,6,1,-1,-1,-1,-1,-1,6,1
201443P035024,2,1,0,18,4,8,0,0,0,0,1,1,6,1,21,5,-1,-1,-1,7,1
201443P035084,1,9,0,18,0,1,0,0,0,0,1,1,6,2,35,6,1998,1,9,6,1
201443P035084,2,8,0,3,0,1,0,0,0,0,2,1,6,1,46,8,2179,2,7,10,1
201443P036014,1,9,0,18,0,0,0,0,0,0,3,1,6,3,-1,-1,-1,-1,-1,-1,-1
201443P036034,1,11,0,9,0,2,0,0,0,0,1,1,1,1,51,8,4500,2,3,9,1
201443P036054,1,9,0,17,0,0,0,4,0,0,1,1,6,1,18,4,1422,2,13,9,2
201443P036054,2,9,0,2,0,0,0,0,0,0,2,1,6,2,34,6,1598,1,7,6,2
201443P036084,1,17,0,7,0,6,1,0,0,0,1,1,6,1,67,10,-1,-1,-1,7,3
201443P036084,2,9,0,18,0,1,0,0,0,0,1,1,6,1,33,6,1390,1,15,7,3
201443P036114,1,19,0,18,0,0,1,0,0,0,1,1,6,1,27,6,-1,-1,-1,5,1
201443P036114,2,9,0,18,0,0,0,0,0,0,2,1,6,2,64,9,-1,-1,-1,8,2
201443P037014,1,9,0,18,0,0,0,0,0,0,3,1,6,1,86,11,1299,1,11,6,2
201443P037014,2,9,0,18,0,0,0,0,0,0,3,1,6,1,28,6,-1,-1,-1,-1,1
201443P037034,1,9,0,5,0,4,0,0,0,0,1,1,6,2,35,6,1360,1,9,3,1
201443P037034,2,3,0,9,0,3,0,0,0,0,4,1,2,1,33,6,124,1,1,-1,-1
201443P037094,1,3,0,13,0,1,0,0,0,0,1,1,6,1,17,4,124,1,1,9,1
201443P037094,2,19,0,9,0,5,0,0,0,0,3,1,2,1,55,8,1753,2,11,10,1
201443P037104,1,9,0,9,0,6,0,0,3,4,3,1,6,2,67,10,1598,1,5,10,1
201443P037104,2,11,0,18,0,8,0,0,7,4,4,1,1,1,47,8,9000,2,4,9,1
201443P037114,1,1,0,18,0,8,0,0,0,0,4,1,6,2,20,4,-1,-1,-1,4,1
201443P037114,2,9,0,9,0,6,0,0,0,0,1,1,6,3,-1,-1,-1,-1,-1,-1,-1
201443P037124,1,9,0,18,0,0,0,0,1,7,1,1,6,1,25,5,-1,-1,-1,7,1
201443P038014,1,9,0,18,0,1,0,0,1,4,1,1,6,1,26,6,-1,-1,-1,6,1
201443P038014,2,9,0,3,0,1,0,0,0,0,2,1,6,1,67,10,1198,1,11,10,3
201443P038024,1,9,0,17,0,0,0,0,1,4,3,1,1,1,64,9,-1,-1,-1,7,3
201443P038024,2,9,0,16,0,0,0,0,0,0,3,1,6,1,18,4,-1,-1,-1,10,2
201443P038044,1,9,0,18,0,4,0,0,0,0,1,1,6,1,23,5,998,1,15,4,1
201443P038044,2,9,0,11,0,4,0,0,0,0,2,1,6,3,-1,-1,-1,-1,-1,-1,-1
201443P038124,1,9,0,9,0,5,0,0,0,0,4,1,1,2,19,4,998,1,2,9,1
201443P038124,2,1,0,18,4,8,0,0,0,0,1,1,2,1,29,6,-1,-1,-1,8,1
201443P039014,1,9,0,16,0,1,0,0,0,0,1,1,6,2,39,7,998,1,10,6,1
201443P039014,2,9,0,10,0,1,0,0,0,0,2,1,6,2,51,8,1796,1,13,10,2
201443P039024,1,9,0,9,0,1,0,0,0,0,1,1,6,2,22,5,2698,2,4,8,3
201443P039024,2,3,0,14,0,1,0,0,0,0,2,1,6,1,18,4,125,1,4,9,2
201443P039064,1,9,0,18,0,4,0,0,0,0,0,1,6,2,56,9,1398,2,6,10,1
201443P039064,2,5,0,18,0,8,0,0,0,0,0,1,6,1,58,9,1198,1,5,-1,1
201443P039074,1,9,0,18,0,8,0,0,0,0,4,1,2,1,52,8,1798,1,9,2,1
201443P039074,2,1,0,18,0,8,0,0,0,0,1,1,6,1,42,7,-1,-1,-1,4,1
201443P039084,1,90,0,18,0,0,0,0,0,0,1,1,6,1,-1,-1,-1,-1,-1,-1,-1
201443P039084,2,9,0,3,0,0,0,0,0,0,4,1,6,2,20,4,1461,2,7,7,3
201443P040014,1,9,0,4,0,1,1,0,0,0,1,1,6,1,22,5,1991,1,16,9,1
201443P040014,2,9,0,4,0,1,0,0,0,0,2,1,6,2,26,6,1199,1,12,5,1
201443P040024,1,9,0,18,0,2,0,0,0,0,1,1,6,2,25,5,998,1,-1,9,1
201443P040024,2,9,0,4,0,2,0,0,0,0,2,1,6,2,45,7,1991,2,8,10,1
201443P040064,1,9,0,17,0,0,0,0,0,0,1,1,6,2,25,5,1242,1,7,7,2
201443P040064,2,9,0,16,0,0,0,0,0,0,1,1,6,1,68,10,1198,1,-1,7,3
201443P040074,1,9,0,9,0,6,0,0,0,0,0,1,6,2,64,9,1587,1,7,2,1
201443P040074,2,9,0,18,0,1,1,0,7,4,1,1,6,1,29,6,1995,2,2,10,3
201443P040114,1,9,0,7,0,8,0,0,0,0,1,1,6,2,20,4,1390,1,16,-1,-1
201443P040114,2,1,0,18,5,8,0,0,0,0,1,1,6,1,36,7,-1,-1,-1,6,1
201443P040124,1,9,0,18,0,0,0,4,0,0,1,1,6,1,56,9,1400,2,10,8,3
201443P040124,2,9,0,2,0,0,0,0,0,0,2,1,6,3,-1,-1,1968,2,4,10,2
201443P041034,1,9,0,18,0,1,1,0,1,4,1,1,2,1,41,7,-1,-1,-1,9,3
201443P041054,1,9,0,13,0,1,0,0,0,0,4,1,6,1,40,7,-1,-1,-1,4,2
201443P041054,2,1,0,18,0,1,0,0,0,0,3,1,6,1,39,7,-1,-1,-1,6,1
201443P041074,1,9,0,18,0,1,0,0,0,0,1,1,6,2,41,7,1994,1,14,10,3
201443P041074,2,9,0,9,0,5,0,0,0,0,2,1,6,2,30,6,1796,1,11,8,1
201443P041104,1,90,5,18,0,1,0,4,0,0,4,1,6,2,42,7,-1,-1,-1,9,3
201443P041104,2,9,0,18,0,1,0,0,0,0,1,1,6,1,27,6,2967,2,7,10,1
201443P041104,3,9,0,2,0,1,0,0,0,0,3,1,6,3,-1,-1,1896,2,7,-1,1
201443P041104,4,9,0,2,0,1,0,0,0,0,4,1,6,3,-1,-1,1598,2,3,8,3
201443P041104,5,9,0,2,0,2,0,0,0,0,3,1,1,3,-1,-1,1870,2,4,9,1
201443P041114,1,9,0,18,0,2,0,0,0,0,1,1,6,1,42,7,1686,2,2,8,3
201443P042014,1,21,1,18,0,0,3,0,1,0,1,1,1,1,49,8,12777,2,2,6,1
201443P042014,2,9,4,3,0,0,0,0,1,0,2,1,1,1,63,9,-1,-1,-1,9,1
201443P042024,1,9,0,9,0,6,0,0,0,0,1,1,6,2,-1,-1,998,1,4,10,2
201443P042024,2,9,0,18,0,8,0,0,0,0,3,1,1,2,38,7,1598,1,10,10,1
201443P042044,1,9,0,5,0,4,0,0,0,0,1,1,1,2,-1,-1,1360,1,9,4,1
201443P042044,2,1,0,18,0,8,0,0,0,0,4,1,6,1,22,5,-1,-1,-1,5,1
201443P042054,1,9,0,18,0,0,0,0,0,0,0,1,6,1,19,4,1995,2,3,10,2
201443P042054,2,9,0,18,0,0,2,0,1,0,1,1,6,1,22,5,1596,1,13,6,3
201443P042074,1,9,0,18,0,4,0,0,0,0,3,1,6,1,78,11,1199,1,11,7,3
201443P042074,2,9,0,18,0,8,0,0,0,0,1,1,6,1,74,10,1598,1,-1,9,3
201443P042084,1,9,0,9,0,6,0,0,0,0,1,1,6,1,35,6,1998,1,7,9,1
201443P042084,2,9,0,18,0,8,0,0,0,0,1,1,6,2,31,6,1461,2,2,9,1
201443P042084,3,9,0,10,0,1,0,0,0,0,3,1,6,1,34,6,1995,2,-1,10,1
201443P042094,1,9,0,9,0,6,0,0,0,0,4,1,6,1,25,5,1199,1,13,8,1
201443P042094,2,90,0,18,0,8,1,0,0,0,1,1,1,2,21,5,2987,2,4,-1,-1
201443P042124,1,1,0,7,0,6,0,0,0,0,1,1,6,2,22,5,-1,-1,-1,5,1
201443P042124,2,9,0,18,0,8,0,0,0,0,1,1,2,1,37,7,1896,2,11,2,1
201443P043014,1,8,0,18,0,0,0,10,1,0,4,1,1,1,37,7,2148,2,8,3,1
201443P043024,1,9,0,18,0,0,0,0,0,0,1,1,1,2,37,7,-1,-1,-1,5,2
201443P043024,2,11,0,2,0,0,0,0,0,0,0,1,2,3,-1,-1,9000,2,3,-1,-1
201443P043044,1,19,0,9,0,4,0,0,0,0,3,1,6,1,40,7,2496,2,14,2,1
201443P043044,2,9,0,18,0,8,0,0,0,0,4,1,6,1,28,6,1956,2,-1,5,1
201443P043064,1,9,0,18,0,1,0,0,2,11,1,1,6,1,27,6,1598,1,10,6,1
201443P043084,1,8,0,9,0,1,0,0,0,0,1,1,6,1,59,9,1999,1,7,6,1
201443P043084,2,9,0,18,0,8,0,0,0,0,3,1,6,1,22,5,1997,2,13,9,2
201443P043094,1,9,0,9,0,6,0,0,0,0,1,1,1,1,28,6,1997,12,1,-1,-1
201443P043094,2,9,0,18,0,8,2,0,0,0,3,1,6,2,35,6,-1,-1,-1,10,1
201443P043094,3,9,0,18,0,1,0,0,0,0,1,1,1,1,55,8,2993,2,4,5,2
201443P044014,1,9,0,18,0,0,0,0,0,0,1,1,2,1,36,7,2497,1,3,5,1
201443P044014,2,9,0,4,0,0,0,0,0,0,2,1,6,2,43,7,1598,1,3,3,1
201443P044024,1,9,0,7,0,5,0,0,0,0,4,1,2,2,59,9,1242,1,2,8,3
201443P044064,1,1,0,9,0,1,0,0,0,0,1,1,6,1,57,9,-1,-1,-1,6,1
201443P044064,2,9,0,7,0,1,0,0,0,0,4,1,6,1,45,7,1910,2,8,2,1
201443P044074,1,1,0,18,0,0,0,0,0,0,1,1,6,2,32,6,-1,-1,-1,3,1
201443P044074,2,9,0,18,0,0,0,0,0,0,3,1,6,2,36,7,1896,2,12,10,2
201443P044074,3,1,0,18,0,0,0,0,0,0,2,1,6,1,34,6,-1,-1,-1,2,1
201443P044094,1,9,0,9,0,6,0,0,0,0,3,1,2,1,48,8,1198,1,-1,8,1
201443P044094,2,9,0,18,0,1,0,0,0,0,1,1,2,2,24,5,1299,1,9,9,3
201443P044104,1,5,0,13,0,1,0,0,0,0,1,1,6,1,49,8,885,1,14,10,1
201443P044104,2,17,4,9,0,5,0,0,0,0,3,1,6,1,36,7,6800,2,1,4,2
201443P045014,1,9,0,9,0,6,0,0,0,0,1,1,6,1,80,11,-1,-1,-1,7,3
201443P045014,2,1,0,14,0,8,1,0,0,0,1,1,2,1,31,6,-1,-1,-1,8,1
201443P045024,1,9,0,16,0,0,0,0,0,0,1,1,2,2,68,10,-1,-1,-1,6,2
201443P045024,2,19,0,18,0,0,1,0,1,0,1,1,2,1,27,6,1995,2,2,9,1
201443P045044,1,9,0,4,0,0,0,0,0,0,1,1,6,1,28,6,1968,2,1,2,2
201443P045044,2,9,0,4,0,0,0,0,0,0,2,1,6,1,76,11,1598,1,6,-1,1
201443P045064,1,9,0,14,0,1,0,0,0,0,4,1,6,1,31,6,1796,1,9,2,1
201443P046084,1,19,0,13,0,0,0,0,0,0,4,1,6,3,-1,-1,-1,-1,-1,-1,-1
201443P046084,2,1,0,17,0,0,0,0,0,0,3,1,2,1,28,6,-1,-1,-1,9,1
201443P046124,1,9,0,17,0,0,1,0,7,4,1,1,6,2,20,4,-1,-1,-1,9,2
201443P047014,1,9,0,18,0,0,0,0,0,0,1,1,6,2,57,9,1896,2,6,10,3
201443P047014,2,90,0,3,0,0,0,0,0,0,0,1,1,3,-1,-1,-1,-1,-1,-1,-1
201443P047024,1,9,0,17,0,0,1,0,1,9,1,1,6,1,25,5,-1,-1,-1,9,2
201443P047024,2,21,0,16,0,0,0,0,1,0,1,1,1,1,59,9,12130,2,11,8,2
201443P047054,1,19,0,18,0,0,1,0,0,0,1,1,1,1,37,7,1956,2,3,6,1
201443P047054,2,21,0,18,0,0,0,0,0,0,2,1,1,1,45,7,9200,2,5,5,1
201443P047104,1,8,0,15,0,8,0,0,0,0,0,1,6,3,-1,-1,-1,-1,-1,-1,-1
201443P047104,2,11,0,5,0,8,0,0,0,0,0,1,1,1,32,6,6700,2,-1,10,1
201443P047124,1,9,0,18,0,0,1,0,7,4,1,1,6,1,41,7,1560,2,-1,8,1
201443P048074,1,19,0,13,0,0,1,0,1,4,1,1,6,1,19,4,1461,2,3,7,3
201443P048074,2,9,0,17,0,0,1,0,1,4,2,1,6,2,59,9,1560,2,8,7,1
201443P048084,1,9,0,3,0,6,0,0,0,0,0,1,6,1,41,7,2979,1,13,2,1
201443P048084,2,1,0,18,0,1,0,0,0,0,0,1,2,2,11,3,-1,-1,-1,-1,-1
201443P048114,1,9,0,18,0,0,2,0,1,11,1,1,6,1,21,5,2402,2,6,6,2
201443P049054,1,8,0,9,0,5,0,0,0,0,1,1,1,1,49,8,1997,2,8,5,1
201443P049054,2,1,0,17,0,1,0,0,0,0,1,1,2,1,25,5,-1,-1,-1,7,1
201443P049064,1,9,0,18,0,0,0,0,0,0,1,1,6,2,48,8,1956,2,4,8,1