Accident_Index,Vehicle_Reference,Vehicle_Type,Towing_and_Articulation,Vehicle_Manoeuvre,Vehicle_Location-Restricted_Lane,Junction_Location,Skidding_and_Overturning,Hit_Object_in_Carriageway,Vehicle_Leaving_Carriageway,Hit_Object_off_Carriageway,1st_Point_of_Impact,Was_Vehicle_Left_Hand_Drive?,Journey_Purpose_of_Driver,Sex_of_Driver,Age_of_Driver,Age_Band_of_Driver,Engine_Capacity_(CC),Propulsion_Code,Age_of_Vehicle,Driver_IMD_Decile,Driver_Home_Area_Type
201443P049064,2,9,0,18,0,0,0,0,0,0,2,1,6,1,48,8,1956,2,4,6,1
201443P049064,3,9,0,18,0,0,0,0,0,0,2,1,6,2,50,8,1598,1,1,9,1
201443P049094,1,5,0,4,0,1,0,0,0,0,0,1,6,2,55,8,955,1,13,9,3
201443P049104,1,9,0,7,0,1,0,0,0,0,1,1,6,2,35,6,1783,1,12,3,1
201443P049104,2,9,0,18,0,1,0,0,0,0,3,1,6,1,26,6,1248,2,4,3,1
201443P049114,1,9,0,9,0,8,0,0,0,0,1,1,6,1,23,5,1360,1,8,8,1
201443P049114,2,9,0,18,0,8,0,0,0,0,1,1,6,2,44,7,2776,2,11,7,3
201443P050034,1,19,0,6,8,0,0,0,0,0,1,1,6,1,-1,-1,2148,2,4,-1,-1
201443P050034,2,19,0,18,0,0,0,0,0,0,4,1,1,1,35,6,-1,-1,-1,2,1
201443P050064,1,9,0,18,0,1,0,0,0,0,1,1,2,1,21,5,1242,1,13,-1,1
201443P050064,2,9,0,10,0,1,0,0,0,0,2,1,3,2,46,8,1149,1,13,10,2
201443P050114,1,5,0,18,0,0,1,0,0,0,4,1,6,1,27,6,955,1,13,9,1
201443P051014,1,9,0,9,0,6,0,0,0,0,3,1,6,1,86,11,1086,1,9,10,2
201443P051014,2,8,0,18,0,8,0,0,7,0,1,1,1,1,22,5,1896,2,7,3,1
201443P051064,1,9,0,9,0,8,0,0,0,0,4,1,6,3,-1,-1,2987,2,5,-1,-1
201443P051064,2,1,0,18,4,1,0,0,0,0,1,1,2,2,24,5,-1,-1,-1,8,3
201443P051084,1,9,0,5,0,0,0,0,0,0,1,1,2,1,33,6,1799,1,8,-1,-1
201443P051084,2,9,0,3,0,0,0,0,0,0,2,1,2,1,37,7,-1,-1,-1,10,1
201443P052054,1,9,0,6,0,8,0,0,0,0,4,1,2,1,25,5,1598,1,11,7,1
201443P052054,2,1,0,15,4,1,0,0,0,0,1,1,6,1,25,5,-1,-1,-1,5,1
201443P052054,3,11,0,3,0,1,0,0,0,0,0,1,1,3,-1,-1,-1,-1,-1,-1,-1
201443P052064,1,9,0,18,0,1,0,0,0,0,1,1,6,1,17,4,1598,1,14,7,3
201443P052064,2,9,0,3,0,1,0,0,0,0,2,1,2,1,50,8,1998,2,7,5,1
201443P052064,3,9,0,10,0,1,0,0,0,0,2,1,6,1,55,8,1956,2,3,2,1
201443P052074,1,9,0,18,0,4,0,0,0,0,1,1,6,2,38,7,1248,2,6,2,1
201443P052074,2,1,0,9,0,8,0,0,0,0,4,1,6,2,31,6,-1,-1,-1,3,1
201443P052124,1,11,0,18,0,1,0,0,0,0,1,1,1,1,41,7,6696,2,-1,1,1
201443P053014,1,9,0,9,0,8,0,0,0,0,1,1,2,1,57,9,1997,2,8,1,1
201443P053014,2,9,0,18,0,8,1,7,1,1,3,1,2,1,51,8,2500,1,15,7,3
201443P053064,1,3,0,14,0,8,0,0,0,0,4,1,6,1,22,5,124,1,9,10,1
201443P053064,2,9,0,9,0,6,0,0,0,0,1,1,6,2,54,8,2776,2,6,10,2
201443P053094,1,9,0,4,0,0,0,0,0,0,1,1,6,2,42,7,1598,1,13,9,1
201443P053094,2,9,0,3,0,0,0,0,0,0,2,1,6,2,59,9,1896,2,11,6,2
201443P053114,1,21,1,9,0,8,0,0,0,0,1,1,1,1,25,5,-1,-1,-1,-1,-1
201443P053114,2,9,0,7,0,3,0,0,0,0,2,1,6,1,80,11,2499,1,8,6,3
201443P053124,1,9,0,10,0,1,0,0,0,0,2,1,6,1,55,8,1997,2,2,8,3
201443P053124,2,9,0,18,0,1,0,0,0,0,1,1,2,2,22,5,1360,1,9,9,3
201443P054024,1,9,0,18,0,0,0,0,0,0,0,1,6,3,-1,-1,-1,-1,-1,-1,-1
201443P054024,2,3,0,18,0,0,1,0,0,0,0,1,6,1,16,4,-1,-1,-1,8,3
201443P054054,1,9,0,18,0,1,0,0,0,0,3,1,6,2,45,7,2148,2,11,3,1
201443P054064,1,9,0,7,0,5,2,0,8,10,1,1,6,2,21,5,1149,1,13,6,1
201443P054064,2,90,0,18,0,6,0,0,0,0,0,1,6,3,-1,-1,-1,-1,-1,-1,-1
201443P054084,1,19,0,18,0,0,0,0,0,0,4,1,1,1,-1,-1,2198,2,2,-1,1
201443P054084,2,19,0,2,0,0,0,0,0,0,3,1,1,1,54,8,1753,2,8,10,2
201443P055014,1,1,0,9,4,8,0,0,0,0,1,1,6,1,21,5,-1,-1,-1,3,1
201443P055014,2,9,0,18,4,8,0,0,0,0,4,1,6,2,59,9,998,1,7,9,2
201443P055014,3,9,0,9,0,6,0,0,0,0,0,1,6,3,-1,-1,-1,-1,-1,-1,-1
201443P055044,1,9,0,18,0,8,0,0,0,0,4,1,2,2,19,4,1598,2,4,9,1
201443P055044,2,9,0,7,0,4,0,0,0,0,3,1,2,2,63,9,1198,1,8,9,1
201443P055064,1,1,0,4,2,0,0,0,0,0,1,1,6,3,-1,-1,-1,-1,-1,-1,-1
201443P055064,2,11,0,18,2,0,0,0,0,0,2,1,6,1,59,9,6370,2,11,8,2
201443P055074,1,9,0,13,0,0,0,0,0,0,3,1,6,1,29,6,1461,2,9,-1,-1
201443P055074,2,9,0,18,0,0,0,0,0,0,3,1,6,2,41,7,1794,1,8,5,1
201443P055094,1,9,0,16,0,0,0,0,7,9,1,1,6,1,34,6,1686,2,11,8,3
201443P056014,1,9,0,18,0,1,0,0,0,0,1,1,6,2,25,5,-1,-1,-1,10,1
201443P056014,2,9,0,10,0,1,0,0,0,0,2,1,6,2,79,11,1299,1,15,7,1
201443P056014,3,9,0,10,0,1,0,0,0,0,2,1,6,2,36,7,1796,1,11,10,1
201443P056034,1,9,0,18,0,0,0,0,0,0,1,1,6,2,35,6,2204,2,8,-1,-1
201443P056034,2,9,0,18,0,0,0,0,0,0,2,1,6,1,33,6,-1,-1,-1,4,1
201443P056044,1,9,0,18,0,1,0,0,0,0,1,1,6,1,30,6,1995,2,9,5,1
201443P056044,2,9,0,3,0,1,0,0,0,0,2,1,6,1,26,6,1968,2,5,10,1
201443P056084,1,9,0,5,0,4,0,0,0,0,1,1,6,2,51,8,1560,2,2,9,1
201443P056084,2,1,0,18,0,8,0,0,0,0,1,1,6,1,16,4,-1,-1,-1,5,1
201443P056094,1,9,0,18,0,0,0,0,0,0,1,1,6,2,68,10,1995,1,4,9,2
201443P056094,2,9,0,18,0,0,0,0,0,0,1,1,1,1,44,7,-1,-1,-1,8,1
201443P057044,1,9,0,5,0,4,0,0,0,0,1,1,6,2,67,10,1753,2,8,10,1
201443P057044,2,1,0,3,0,1,0,0,1,0,2,1,2,1,44,7,-1,-1,-1,10,1
201443P057054,1,8,0,1,0,0,0,0,0,0,2,1,6,1,-1,-1,-1,-1,-1,-1,-1
201443P057054,2,9,0,2,0,0,0,0,0,0,1,1,6,1,37,7,-1,-1,-1,2,1
201443P057074,1,9,0,18,0,1,1,0,0,0,1,1,6,1,18,4,-1,-1,-1,10,1
201443P057074,2,9,0,9,0,5,0,0,0,0,3,1,6,1,18,4,1229,1,3,10,1
201443P057114,1,9,0,7,0,4,0,0,0,0,1,1,6,2,-1,-1,-1,-1,-1,-1,-1
201443P057114,2,1,0,9,0,8,0,0,0,0,2,1,6,1,44,7,-1,-1,-1,10,1
201443P057124,1,9,0,18,0,1,0,0,0,0,1,1,6,1,30,6,1149,1,6,-1,-1
201443P057124,2,19,0,3,0,1,0,0,0,0,2,1,6,1,53,8,1149,1,7,9,1
201443P058014,1,19,0,18,0,8,5,0,4,6,1,1,1,1,33,6,2143,2,2,8,3
201443P058024,1,9,0,16,0,0,2,0,1,0,1,1,6,1,76,11,1560,2,5,9,3
201443P058064,1,9,0,18,0,1,0,0,0,0,1,1,6,2,64,9,998,1,7,8,1
201443P058064,2,9,0,3,0,1,0,0,0,0,2,1,6,1,22,5,1199,1,13,7,1
201443P058084,1,9,0,18,0,0,0,0,0,0,1,1,6,1,31,6,1988,2,10,10,3
201443P058084,2,9,0,4,0,0,0,0,0,0,2,1,6,1,20,4,1242,1,12,10,1
201443P058084,3,9,0,18,0,0,0,0,0,0,1,1,6,2,17,4,998,1,5,10,1
201443P058104,1,1,0,9,0,5,0,0,0,0,3,1,6,1,33,6,-1,-1,-1,-1,-1
201443P058104,2,3,0,13,0,1,0,0,0,0,1,1,6,1,24,5,125,1,5,-1,1
201443P058124,1,9,0,14,0,2,0,0,0,0,1,1,6,2,55,8,1368,1,5,10,1
201443P058124,2,9,0,2,0,2,0,0,0,0,2,1,6,1,61,9,1973,1,13,10,1
201443P058124,3,9,0,2,0,2,0,0,0,0,1,1,6,3,42,7,1248,2,2,10,1
201443P059024,1,9,0,18,0,1,0,0,0,0,1,1,6,1,59,9,1997,2,7,10,1
201443P059024,2,9,0,8,0,1,0,0,0,0,2,1,6,2,35,6,1329,1,2,6,2
201443P059034,1,19,0,11,0,0,0,0,0,0,1,1,1,1,52,8,2198,2,1,6,3
201443P059034,2,3,0,18,0,0,0,0,0,0,2,1,6,1,19,4,124,1,7,8,3
201443P059044,1,9,0,2,0,0,0,0,0,0,3,1,6,1,39,7,2204,2,9,10,1
201443P059044,2,1,0,14,0,0,0,8,0,0,4,1,6,2,29,6,-1,-1,-1,-1,-1
201443P059064,1,19,0,18,0,1,0,0,0,0,4,1,2,1,31,6,1870,2,10,10,1
201443P059104,1,9,0,17,0,0,1,0,1,4,4,1,6,2,32,6,1390,1,7,9,3
201443P060084,1,9,0,18,0,6,0,0,0,0,1,1,2,1,52,8,1968,2,5,8,2
201443P060084,2,1,0,9,0,6,0,0,0,0,1,1,2,2,42,7,-1,-1,-1,5,1
201443P060104,1,9,0,9,0,6,0,0,0,0,0,1,6,1,21,5,1595,1,4,8,1
201443P060104,2,3,0,18,0,1,1,0,0,0,0,1,6,1,34,6,124,1,5,4,1
201443P060124,1,11,0,4,0,0,0,0,0,0,1,1,1,1,60,9,4760,2,1,6,1
201443P061044,1,19,4,18,0,1,0,0,0,0,1,1,1,1,57,9,2402,2,4,3,1
201443P061044,2,9,0,3,0,1,0,0,0,0,2,1,6,2,43,7,1896,2,14,-1,3
201443P061044,3,9,0,3,0,1,0,0,0,0,2,1,1,2,46,8,1248,2,5,7,1
201443P061044,4,9,0,3,0,1,0,0,0,0,2,1,6,1,43,7,1956,2,2,8,1
201443P061054,1,9,0,18,0,8,0,0,0,0,1,1,6,2,57,9,2000,2,8,5,1
201443P061054,2,9,0,4,0,8,0,0,0,0,2,1,6,2,24,5,1360,1,9,4,1
201443P061064,1,9,0,11,0,0,0,0,0,0,0,1,6,3,-1,-1,-1,-1,-1,-1,-1
201443P061064,2,9,0,18,0,0,0,0,5,6,3,1,1,2,28,6,998,1,5,9,1
201443P061084,1,9,0,18,0,0,0,0,0,0,1,1,1,1,29,6,-1,-1,-1,5,1
201443P061084,2,9,0,3,0,0,0,0,0,0,2,1,6,1,49,8,-1,-1,-1,8,1
201443P061084,3,9,0,3,0,0,0,0,0,0,2,1,1,1,46,8,-1,-1,-1,9,2
201443P061104,1,9,0,18,0,1,0,0,0,0,1,1,6,1,31,6,1781,1,14,9,2
201443P061104,2,9,0,10,0,1,0,0,0,0,2,1,6,2,51,8,1985,1,14,10,3
201443P062024,1,9,0,18,0,0,0,0,0,0,1,1,6,1,90,11,1797,8,4,7,3
201443P062034,1,9,0,5,0,0,0,0,0,0,1,1,6,2,38,7,1242,1,8,10,1
201443P062034,2,9,0,4,0,0,0,0,0,0,2,1,6,1,52,8,1560,2,8,9,3
201443P062084,1,9,0,17,0,0,1,0,7,10,1,1,2,1,58,9,-1,-1,-1,5,1
201443P062104,1,9,0,18,0,0,0,0,0,0,0,1,6,2,26,6,1240,1,8,2,1
201443P062104,2,9,0,11,0,0,5,0,1,11,1,1,6,2,21,5,1796,1,8,6,1
201443P062124,1,9,0,18,0,0,5,0,1,9,1,1,1,1,67,10,1968,2,4,-1,-1
201443P063014,1,21,0,18,0,2,0,0,0,0,1,1,1,1,56,9,-1,2,15,7,1
201443P063014,2,19,0,3,0,2,0,0,0,0,2,1,1,1,46,8,2198,2,1,8,1
201443P063014,3,9,0,3,0,2,0,0,0,0,2,1,2,2,52,8,3200,2,10,5,3
201443P063054,1,21,1,12,0,0,0,0,0,0,1,1,1,1,66,10,-1,-1,-1,-1,-1
201443P063054,2,9,0,18,0,0,1,0,1,9,2,1,6,2,36,7,1995,2,4,7,2
201443P063064,1,90,0,18,0,0,0,0,1,11,4,1,1,1,52,8,5880,2,9,5,1
201443P063074,1,9,0,7,0,8,0,0,0,0,4,1,6,1,20,4,-1,-1,-1,-1,-1
201443P063074,2,1,0,18,0,8,0,0,0,0,3,1,6,1,38,7,-1,-1,-1,4,1
201443P063114,1,9,0,9,0,6,0,0,0,0,3,1,2,1,47,8,1998,2,11,8,1
201443P063114,2,1,0,18,0,8,0,0,0,0,4,1,2,1,39,7,-1,-1,-1,5,1
201443P064044,1,1,0,18,0,0,0,0,0,0,3,1,6,1,33,6,-1,-1,-1,5,1
201443P064044,2,11,0,18,0,0,0,0,0,0,4,1,1,1,51,8,4500,2,4,7,2
201443P064094,1,9,5,11,0,0,0,0,0,0,2,1,6,1,77,11,1398,2,11,6,3
201443P064094,2,9,0,18,0,0,0,0,0,0,1,1,6,2,44,7,1590,1,20,2,1
201443P064124,1,1,0,18,0,1,0,0,0,0,0,1,6,1,54,8,-1,-1,-1,10,1
201443P065014,1,9,0,18,0,4,0,0,0,0,1,1,6,2,34,6,2000,2,8,2,1
201443P065014,2,1,0,18,0,8,0,0,0,0,4,1,1,2,24,5,-1,-1,-1,-1,-1
201443P065034,1,9,0,10,0,1,0,0,0,0,2,1,2,1,41,7,-1,-1,-1,9,3
201443P065034,2,9,0,18,0,1,0,0,0,0,1,1,6,2,66,10,1999,1,2,10,1
201443P065054,1,9,0,18,0,0,5,0,1,4,1,1,6,1,29,6,-1,-1,-1,8,3
201443P065074,1,9,0,18,0,1,0,0,0,0,1,1,6,2,39,7,1386,1,4,5,1
201443P065124,1,9,0,17,0,0,5,0,0,0,1,1,2,2,50,8,1400,2,7,6,3
201443P066014,1,9,0,16,0,1,2,0,1,3,1,1,6,1,17,4,1124,1,16,9,2
201443P066034,1,9,0,18,0,1,0,0,0,0,4,1,6,2,46,8,1360,1,4,7,1
201443P066054,1,21,0,9,0,6,0,0,0,0,1,1,1,1,-1,-1,6870,2,4,-1,-1
201443P066054,2,3,0,18,0,1,0,0,0,0,4,1,2,1,19,4,125,1,2,8,3
201443P066124,1,9,0,18,0,0,1,0,7,1,1,1,1,2,36,7,-1,-1,-1,9,1
201443P067014,1,9,0,18,0,0,0,0,1,4,4,1,6,1,76,11,1360,1,8,9,3
201443P067024,1,9,0,18,0,0,0,0,0,0,1,1,2,1,21,5,1199,1,11,5,1
201443P067024,2,2,0,18,0,0,0,0,0,0,2,1,2,1,22,5,49,1,6,9,2
201443P067034,1,9,0,4,0,0,0,0,0,0,1,1,2,1,33,6,1272,1,26,8,1
201443P067034,2,9,0,4,0,0,0,0,0,0,2,1,6,1,30,6,2979,1,11,9,1
201443P067064,1,9,0,17,0,0,1,0,1,3,3,1,6,1,19,4,1198,1,1,9,2
201443P067074,1,19,0,17,0,8,0,0,0,0,3,1,6,1,37,7,1910,2,8,10,1
201443P067074,2,1,0,18,0,1,0,0,0,0,3,1,6,2,41,7,-1,-1,-1,9,1
201443P067084,1,9,0,11,0,0,1,0,1,9,1,1,6,2,29,6,1587,1,13,3,1
201443P067094,1,9,0,18,0,1,0,0,0,0,1,1,6,2,65,9,1968,2,2,10,2
201443P067094,2,9,0,3,0,4,0,0,0,0,2,1,6,1,67,10,1248,2,-1,10,1
201443P067104,1,9,0,18,0,1,0,0,0,0,1,1,1,1,63,9,1560,2,3,7,1
201443P067104,2,9,0,3,0,1,0,0,0,0,2,1,6,1,26,6,-1,-1,-1,9,2
201443P067104,3,9,0,10,0,8,0,0,0,0,2,1,6,2,24,5,2231,2,6,10,2
201443P067114,1,9,0,18,0,0,2,0,1,4,4,1,6,1,31,6,1997,2,9,8,1
201443P068014,1,9,0,18,0,1,0,0,0,0,1,1,1,2,42,7,1332,1,16,9,1
201443P068014,2,19,0,2,0,1,0,0,0,0,2,1,1,1,31,6,-1,-1,-1,10,2
201443P068024,1,9,0,9,0,6,0,0,0,0,3,1,6,2,79,11,1390,1,4,10,3
201443P068024,2,9,0,18,0,8,0,0,0,0,1,1,2,2,34,6,1329,1,4,-1,1
201443P068044,1,5,0,4,0,1,1,0,0,0,3,1,6,1,32,6,600,1,12,5,1
201443P068064,1,8,0,2,0,0,0,0,0,0,3,1,6,1,40,7,1995,2,7,-1,-1
201443P068064,2,1,0,14,0,0,0,8,0,0,1,1,6,1,41,7,-1,-1,-1,6,1
201443P068084,1,4,0,18,0,0,0,0,0,0,4,1,6,3,-1,-1,-1,-1,-1,-1,-1
201443P068084,2,1,0,18,4,0,0,0,0,0,3,1,6,1,23,5,-1,-1,-1,5,1
201443P068094,1,9,0,2,0,0,0,0,0,0,3,1,6,2,47,8,1229,1,8,10,1
201443P068094,2,1,0,17,0,0,0,8,0,0,1,1,6,2,42,7,-1,-1,-1,4,1
201443P068104,1,9,0,18,0,0,0,0,0,0,1,1,6,2,47,8,1248,1,2,8,1
201443P069064,1,3,0,4,0,1,0,0,0,0,1,1,6,1,19,4,124,1,2,10,1
201443P069064,2,9,0,3,0,1,0,0,0,0,2,1,6,1,44,7,-1,-1,-1,10,2
201443P069064,3,9,0,3,0,1,0,0,0,0,2,1,6,1,54,8,1400,1,15,6,1
201443P069064,4,3,0,3,0,1,0,0,0,0,2,1,6,1,19,4,124,1,1,4,1
201443P069064,5,9,0,10,0,1,0,0,0,0,0,1,6,3,-1,-1,-1,-1,-1,-1,-1
201443P069084,1,9,0,18,0,6,1,0,0,0,3,1,6,2,70,10,1242,1,2,10,2
201443P069084,2,9,0,18,0,8,0,0,7,11,4,1,6,2,55,8,1461,2,4,6,2
201443P069094,1,9,0,18,0,8,5,10,0,11,3,1,6,1,19,4,1598,1,-1,6,1
201443P069104,1,8,0,18,0,0,0,0,0,0,4,1,1,1,64,9,1910,2,6,9,1
201443P070014,1,9,0,4,0,0,1,0,0,0,1,1,1,2,42,7,1991,2,8,8,3
201443P070014,2,9,0,5,0,0,0,0,0,0,2,1,6,1,66,10,998,1,4,6,1
201443P070014,3,9,0,5,0,0,0,0,0,0,2,1,6,2,63,9,1598,1,11,9,2
201443P070034,1,1,0,18,9,8,0,0,0,0,2,1,6,1,39,7,-1,-1,-1,4,1
201443P070034,2,9,0,18,0,6,0,0,0,0,1,1,6,2,46,8,-1,-1,-1,6,1
201443P070064,1,19,0,18,0,1,1,0,5,6,1,1,1,1,55,8,1997,2,14,8,1
201443P070074,1,11,0,9,0,5,0,0,0,0,4,1,1,1,24,5,6696,2,1,9,2
201443P070074,2,5,0,18,0,8,1,0,0,0,1,1,6,1,52,8,1450,1,9,10,1
201443P070084,1,5,0,18,0,0,0,0,7,0,1,1,2,1,47,8,1137,1,10,4,1
201443P070094,1,21,0,18,0,0,0,0,0,0,1,1,1,1,33,6,9290,2,3,1,1
201443P070094,2,5,0,18,0,0,0,0,4,6,2,1,2,1,50,8,748,1,12,10,2
201443P070094,3,21,0,5,8,0,0,0,0,0,0,1,1,3,-1,-1,-1,-1,-1,-1,-1
201443P071024,1,9,0,5,0,6,0,0,0,0,4,1,6,1,-1,-1,2400,2,4,8,3
201443P071024,2,9,0,18,0,8,0,0,0,0,3,1,6,1,57,9,-1,-1,-1,-1,-1
201443P071034,1,9,0,9,0,1,1,0,7,0,3,1,1,2,48,8,1368,1,4,5,1
201443P071034,2,9,0,13,0,1,1,0,7,0,4,1,2,2,61,9,998,1,1,8,1
201443P071054,1,9,0,2,0,0,0,0,0,0,3,1,6,1,55,8,2000,1,9,5,1
201443P071054,2,1,0,14,0,0,0,8,0,0,1,1,6,2,30,6,-1,-1,-1,3,1
201443P071064,1,9,4,18,0,0,4,0,4,6,4,1,1,1,58,9,1998,1,11,-1,1
201443P072024,1,19,0,16,0,1,1,0,7,1,1,1,6,1,26,6,1360,1,9,9,1
201443P072034,1,9,0,7,0,6,0,0,0,0,1,1,1,1,40,7,-1,-1,-1,-1,-1
201443P072034,2,1,0,18,0,8,0,0,0,0,4,1,6,2,59,9,-1,-1,-1,10,1
201443P072044,1,1,0,18,0,6,0,0,0,0,3,1,6,1,13,3,-1,-1,-1,9,2
201443P072044,2,9,0,18,0,8,0,0,0,0,1,1,6,1,64,9,1598,2,-1,7,1
201443P072084,1,21,1,7,0,8,0,0,0,0,1,1,1,1,47,8,9364,2,8,8,2
201443P072084,2,22,0,18,0,8,0,0,0,0,0,1,6,1,99,11,-1,-1,-1,7,1
201443P072104,1,19,0,18,0,1,0,0,0,0,1,1,2,1,33,6,1997,2,10,7,3
201443P072104,2,9,0,10,0,1,0,0,0,0,2,1,2,1,58,9,1199,1,14,6,3
201443P072104,3,9,0,18,0,1,0,0,0,0,3,1,2,2,46,8,2000,2,6,10,2
201443P073054,1,9,0,16,0,0,0,0,0,0,1,1,2,2,26,6,1248,2,1,4,1
201443P073054,2,9,0,4,0,0,0,0,0,0,2,1,2,2,48,8,1588,1,13,3,1
201443P073064,1,9,0,9,0,6,0,0,0,0,1,1,6,1,28,6,1198,1,6,-1,1
201443P073064,2,9,0,18,0,8,0,0,7,9,4,1,6,2,69,10,905,1,1,3,2
201443P073084,1,9,0,18,0,4,0,0,0,0,1,1,6,1,76,11,1490,1,9,7,1
201443P073084,2,1,0,18,0,8,0,0,0,0,4,1,2,1,33,6,-1,-1,-1,6,1
201443P074014,1,19,0,18,0,1,0,0,0,0,1,1,1,1,36,7,1968,2,3,-1,-1
201443P074014,2,9,0,3,0,1,0,0,0,0,2,1,3,2,38,7,1598,2,2,9,3
201443P074014,3,5,0,10,0,1,0,0,0,0,2,1,6,1,41,7,599,1,12,8,2
201443P074044,1,9,0,13,0,0,0,0,0,0,0,1,6,1,-1,-1,1598,1,1,-1,-1
201443P074044,2,9,0,18,0,0,0,0,0,0,1,1,1,1,36,7,1242,1,-1,2,1
201443P074044,3,9,0,18,0,0,0,0,1,0,2,1,1,2,19,4,1388,1,2,8,1
201443P074044,4,21,0,18,0,0,0,0,0,0,0,1,1,3,-1,-1,-1,-1,-1,-1,-1
201443P074054,1,9,0,18,0,0,5,0,0,0,1,1,6,2,55,8,1198,1,1,9,3
201443P074054,2,9,0,4,0,0,0,0,0,0,2,1,6,1,59,9,2188,2,12,10,2
201443P074064,1,9,0,17,0,0,0,0,1,9,1,1,6,2,77,11,1597,1,15,5,1
201443P074084,1,3,0,13,0,8,0,0,0,0,1,1,6,1,47,8,124,1,12,2,1
201443P074084,2,17,0,9,0,5,0,0,0,0,3,1,1,1,32,6,6728,2,-1,8,3
201443P074124,1,9,0,9,0,6,0,0,0,0,3,1,2,2,42,7,1422,2,10,-1,-1
201443P074124,2,9,0,18,0,8,0,0,0,0,1,1,6,2,72,10,1497,1,9,10,1
201443P074124,3,90,0,10,0,1,0,0,0,0,0,1,1,3,-1,-1,-1,-1,-1,-1,-1
201443P075104,1,9,0,17,0,0,2,0,1,4,2,1,1,2,25,5,-1,-1,-1,8,1
201443P075114,1,9,0,18,0,1,0,0,0,0,1,1,6,1,27,6,1968,2,8,5,1
201443P075114,2,9,0,10,0,1,0,0,7,0,2,1,6,1,39,7,1997,1,10,10,3
201443P075124,1,9,0,4,0,0,1,0,0,0,1,1,6,1,24,5,1390,1,4,10,1
201443P075124,2,9,0,4,0,0,0,0,0,0,2,1,6,1,48,8,1968,2,5,8,1
201443P076014,1,9,0,15,5,0,0,0,1,0,4,1,6,3,-1,-1,-1,-1,-1,-1,-1
201443P076014,2,1,0,18,5,0,0,0,0,0,3,1,2,1,35,6,-1,-1,-1,9,1
201443P076024,1,19,0,18,0,0,0,0,1,4,1,1,6,1,23,5,1870,2,8,4,1
201443P076054,1,9,0,18,0,8,0,7,7,10,1,1,6,1,34,6,1398,1,2,-1,1
201443P076054,2,9,0,9,0,8,1,0,0,0,3,1,6,2,64,9,1360,1,13,4,1
201443P076064,1,9,0,7,0,5,1,0,3,4,1,1,6,2,31,6,1299,1,12,6,1
201443P076084,1,1,0,4,0,0,0,0,0,0,1,1,6,1,32,6,-1,-1,-1,-1,-1
201443P076084,2,9,0,4,0,0,0,0,0,0,2,1,6,2,51,8,1332,1,15,10,2
201443P076094,1,19,0,14,0,0,0,0,0,0,0,1,6,3,-1,-1,-1,-1,-1,-1,-1
201443P076094,2,1,0,18,0,0,0,0,0,0,1,1,2,1,46,8,-1,-1,-1,6,2
201443P076114,1,9,0,1,0,6,0,0,0,0,2,1,1,1,35,6,-1,-1,-1,2,1
201443P077014,1,2,0,18,0,8,1,0,0,0,1,1,2,1,19,4,599,1,16,8,3
201443P077014,2,9,0,9,0,8,0,0,0,0,4,1,2,1,69,10,-1,-1,-1,10,1
201443P077034,1,9,0,17,0,0,1,0,1,4,1,1,6,1,25,5,1800,1,14,-1,-1
201443P077044,1,9,0,9,0,6,0,0,0,0,1,1,6,1,34,6,-1,-1,-1,8,3
201443P077044,2,1,0,18,0,8,0,0,0,0,1,1,6,1,57,9,-1,-1,-1,9,2
201443P077054,1,21,1,12,0,0,0,0,0,0,3,1,1,1,41,7,-1,-1,-1,-1,-1
201443P077054,2,9,0,18,0,0,1,0,5,6,4,1,6,2,40,7,1582,2,2,-1,2
201443P077064,1,9,0,18,0,0,0,0,1,9,1,1,6,2,51,8,1149,1,1,9,1
201443P077084,1,19,0,9,0,6,0,0,0,0,4,1,6,1,27,6,1997,2,8,9,3
201443P077084,2,1,0,18,0,1,1,0,0,0,1,1,6,1,24,5,-1,-1,-1,10,1
201443P078014,1,9,0,14,0,1,0,0,0,0,0,1,6,3,-1,-1,-1,-1,-1,-1,-1
201443P078014,2,2,0,3,0,2,0,0,1,1,2,1,6,1,16,4,49,1,15,-1,-1
201443P078014,3,3,0,4,0,2,1,0,1,10,1,1,6,1,17,4,124,1,3,9,2
201443P078044,1,19,0,18,0,1,0,0,0,0,3,1,6,1,45,7,2464,2,7,-1,-1
201443P078044,2,9,0,9,0,2,0,0,0,0,3,1,6,2,48,8,1560,2,-1,5,1
201443P078054,1,9,0,18,0,0,0,0,0,0,1,1,6,1,38,7,1997,2,-1,6,1
201443P078054,2,9,0,4,0,0,0,0,0,0,2,1,6,1,72,10,2231,2,7,5,1
201443P078054,3,9,0,3,0,0,0,0,0,0,2,1,6,2,22,5,1299,1,11,9,1
201443P078094,1,19,0,1,0,2,0,0,0,0,1,1,1,1,54,8,2148,2,6,4,1
201443P078104,1,3,0,4,0,4,1,0,0,0,0,1,2,1,30,6,125,1,-1,5,1
201443P078114,1,19,0,18,0,1,0,0,0,0,1,1,1,1,25,5,2143,2,-1,1,1
201443P078114,2,9,0,4,0,1,0,0,0,0,2,1,1,2,24,5,1299,1,11,10,2
201443P078114,3,9,0,10,0,8,0,0,0,0,2,1,3,2,47,8,1995,2,1,-1,-1