Accident_Index,Vehicle_Reference,Vehicle_Type,Towing_and_Articulation,Vehicle_Manoeuvre,Vehicle_Location-Restricted_Lane,Junction_Location,Skidding_and_Overturning,Hit_Object_in_Carriageway,Vehicle_Leaving_Carriageway,Hit_Object_off_Carriageway,1st_Point_of_Impact,Was_Vehicle_Left_Hand_Drive?,Journey_Purpose_of_Driver,Sex_of_Driver,Age_of_Driver,Age_Band_of_Driver,Engine_Capacity_(CC),Propulsion_Code,Age_of_Vehicle,Driver_IMD_Decile,Driver_Home_Area_Type
201443P111084,1,9,0,9,0,6,0,0,0,0,3,1,6,2,34,6,1591,1,2,9,2
201443P111104,1,9,0,7,0,6,0,0,0,0,3,1,6,1,57,9,1560,2,2,2,1
201443P111104,2,1,0,18,4,8,0,0,0,0,1,1,2,1,50,8,-1,-1,-1,4,1
201443P112024,1,9,0,18,0,0,0,0,0,0,1,1,6,3,39,7,-1,-1,-1,7,1
201443P112024,2,9,0,2,0,0,0,0,0,0,2,1,6,1,57,9,-1,-1,-1,5,1
201443P112074,1,9,0,18,0,1,0,0,0,0,1,1,6,1,28,6,1560,2,1,7,1
201443P112074,2,9,0,10,0,1,0,0,0,0,2,1,6,2,44,7,1986,2,5,10,3
201443P112084,1,19,0,2,0,0,0,0,0,0,3,1,6,1,26,6,-1,-1,-1,-1,-1
201443P112084,2,1,0,18,0,0,0,4,0,0,4,1,6,1,46,8,-1,-1,-1,10,1
201443P112094,1,5,0,18,0,0,0,0,1,0,4,1,2,1,24,5,599,1,12,-1,1
201443P112104,1,19,0,9,0,5,0,0,0,0,4,1,1,1,28,6,1995,2,1,5,1
201443P112104,2,1,0,14,4,1,0,0,0,0,1,1,2,2,53,8,-1,-1,-1,10,1
201443P112104,3,11,0,3,0,1,0,0,0,0,0,1,1,3,-1,-1,-1,-1,-1,-1,-1
201443P112114,1,11,0,13,0,0,0,0,0,0,4,1,1,3,-1,-1,-1,-1,-1,-1,-1
201443P112114,2,1,0,18,4,0,0,0,1,0,3,1,2,1,49,8,-1,-1,-1,6,1
201443P113024,1,21,1,5,0,0,0,0,0,0,1,1,1,1,31,6,-1,-1,-1,-1,-1
201443P113024,2,9,0,3,0,0,0,0,0,0,2,1,6,1,26,6,1895,1,15,6,1
201443P113054,1,5,0,18,0,0,0,12,0,0,1,1,6,1,59,9,599,1,1,8,1
201443P113084,1,9,5,13,0,0,3,0,0,0,4,1,6,1,59,9,2962,1,24,10,1
201443P113084,2,1,0,18,0,0,0,0,0,0,3,1,6,1,27,6,-1,-1,-1,8,3
201443P113084,3,1,0,18,0,0,0,0,0,0,0,1,6,1,-1,-1,-1,-1,-1,-1,-1
201443P114014,1,9,0,5,0,4,0,0,0,0,1,1,6,1,-1,-1,-1,-1,-1,5,2
201443P114014,2,1,0,11,0,3,0,0,0,0,2,1,6,1,42,7,-1,-1,-1,5,3
201443P114044,1,9,0,9,0,8,0,0,0,0,1,1,6,1,70,10,1398,2,8,8,2
201443P114044,2,3,0,9,0,5,1,0,0,0,3,1,2,1,19,4,124,1,6,9,1
201443P114054,1,19,0,18,0,1,0,0,1,1,1,1,6,1,26,6,-1,-1,-1,10,3
201443P114084,1,4,0,17,0,2,0,0,1,0,4,1,6,1,23,5,124,1,1,6,3
201443P114124,1,9,0,18,0,0,1,0,8,11,2,1,6,1,25,5,2496,2,10,-1,1
201443P115024,1,8,0,18,0,1,0,0,0,0,3,1,6,1,-1,-1,-1,-1,-1,-1,-1
201443P115034,1,9,0,16,0,0,0,0,0,0,3,1,6,1,-1,-1,-1,-1,-1,-1,-1
201443P115034,2,9,0,2,0,0,0,0,0,0,4,1,6,1,28,6,1299,1,14,2,1
201443P115044,1,9,0,17,0,0,2,0,2,4,1,1,6,1,33,6,2616,1,6,5,1
201443P115054,1,9,0,18,0,0,0,0,0,0,1,1,2,1,53,8,2597,1,11,9,1
201443P115054,2,19,0,18,0,0,1,0,0,0,2,1,1,1,25,5,1399,2,4,8,2
201443P115054,3,9,0,18,0,0,1,0,0,0,3,1,6,2,25,5,1199,1,10,-1,1
201443P115074,1,9,0,11,0,0,0,0,0,0,1,1,6,1,58,9,1791,8,3,8,1
201443P115074,2,9,0,3,0,0,0,0,0,0,2,1,3,2,26,6,1598,1,5,6,1
201443P115104,1,9,0,5,0,4,0,0,0,0,1,1,2,1,49,8,1896,2,20,5,1
201443P115104,2,1,0,18,0,8,0,0,0,0,4,1,6,1,39,7,-1,-1,-1,9,3
201443P115124,1,9,0,18,0,1,0,0,0,0,1,1,1,1,28,6,1999,1,-1,-1,-1
201443P116044,1,9,0,18,0,2,1,0,0,0,1,1,6,2,33,6,2295,1,14,9,2
201443P116044,2,9,0,5,0,2,0,0,0,0,2,1,2,2,26,6,1242,1,1,8,1
201443P117074,1,9,0,18,0,0,0,0,5,6,1,1,6,2,31,6,-1,-1,-1,6,1
201443P117094,1,2,0,14,0,1,0,0,0,0,1,1,6,1,17,4,49,1,14,6,1
201443P117094,2,9,0,9,0,5,0,0,0,0,3,1,6,1,35,6,1910,2,11,6,1
201443P117104,1,9,0,4,0,1,0,0,0,0,1,1,6,1,29,6,1360,1,9,8,1
201443P117104,2,9,0,4,0,1,0,0,0,0,2,1,6,1,29,6,1998,1,10,9,3
201443P117104,3,9,0,3,0,1,0,0,0,0,2,1,6,3,18,4,1198,1,12,6,1
201443P117114,1,9,0,17,0,0,0,0,0,0,1,1,6,2,32,6,1199,1,11,5,1
201443P118034,1,5,0,17,0,0,1,0,0,0,3,1,6,1,65,9,1050,1,3,7,1
201443P118044,1,9,0,18,0,0,0,0,0,0,1,1,2,1,52,8,1560,2,4,6,1
201443P118064,1,9,0,18,0,2,0,0,0,0,1,1,6,2,70,10,-1,-1,-1,-1,-1
201443P118064,2,1,0,9,0,2,0,0,0,0,3,1,4,1,15,3,-1,-1,-1,2,1
201443P118104,1,9,0,7,0,6,0,0,0,0,1,1,6,2,70,10,-1,-1,-1,8,3
201443P118104,2,9,0,8,0,6,0,0,0,0,2,1,6,1,19,4,1870,2,12,8,3
201443P118114,1,5,0,18,0,8,0,0,0,0,1,1,6,1,30,6,599,1,8,7,1
201443P118114,2,9,0,9,0,8,0,0,0,0,4,1,6,1,17,4,2776,2,9,4,1
201443P118124,1,9,0,9,0,8,0,0,0,0,1,1,6,1,20,4,2497,1,8,10,3
201443P119024,1,19,0,11,0,0,0,0,0,0,1,1,1,1,21,5,2198,2,6,5,1
201443P119024,2,21,0,18,0,0,0,0,0,0,2,1,1,1,42,7,6692,2,2,6,1
201443P119034,1,11,0,16,0,1,0,0,0,0,1,1,1,3,-1,-1,-1,-1,-1,-1,-1
201443P119034,2,20,0,3,0,2,0,0,0,0,3,1,1,1,51,8,4116,2,9,6,1
201443P119054,1,9,0,18,0,1,0,0,0,0,1,1,1,1,50,8,1598,1,6,10,1
201443P119054,2,9,0,10,0,1,0,0,0,0,2,1,1,2,53,8,-1,-1,-1,9,1
201443P119094,1,9,0,17,0,0,5,0,1,4,1,1,6,1,19,4,1461,2,-1,6,2
201443P119104,1,9,0,1,0,1,0,0,0,0,2,1,6,1,51,8,2993,2,2,7,3
201443P119104,2,9,0,3,0,1,0,0,0,0,1,1,6,2,34,6,1783,1,11,2,1
201443P119114,1,9,0,9,0,6,0,0,0,0,3,1,2,2,22,5,1299,1,13,-1,1
201443P119114,2,4,0,18,0,1,0,0,0,0,1,1,2,2,23,5,249,1,1,7,3
201443P120014,1,9,0,4,0,1,0,0,0,0,1,1,6,1,40,7,-1,-1,-1,-1,-1
201443P120074,1,5,0,5,0,4,1,9,3,4,1,1,6,1,49,8,1052,1,17,3,1
201443P120094,1,9,0,18,0,8,0,0,0,0,1,1,6,2,58,9,1951,2,8,7,1
201443P120094,2,9,0,3,0,8,0,0,0,0,2,1,6,2,50,8,3200,1,7,8,1
201443P120094,3,9,0,3,0,8,0,0,0,0,2,1,2,2,28,6,2996,1,9,6,2
201443P120094,4,9,0,3,0,8,0,0,0,0,2,1,6,2,44,7,1242,1,5,7,1
201443P120114,1,9,0,9,0,8,0,0,0,0,1,1,6,2,85,11,1339,1,9,7,3
201443P120114,2,1,0,18,0,4,0,0,0,0,2,1,6,1,69,10,-1,-1,-1,2,1
201443P120124,1,9,0,9,0,8,0,0,0,0,1,1,2,1,30,6,2000,2,5,2,1
201443P120124,2,1,0,18,0,1,0,0,0,0,1,1,6,2,30,6,-1,-1,-1,3,1
201443P121034,1,9,0,18,0,1,0,0,0,0,1,1,6,2,52,8,1299,1,9,5,1
201443P121044,1,3,0,18,0,0,1,0,7,0,1,1,6,1,17,4,124,1,2,10,3
201443P121044,2,9,0,5,0,0,0,0,0,0,1,1,6,2,42,7,2597,1,13,10,3
201443P121094,1,5,0,18,0,1,0,0,0,0,0,1,6,1,37,7,645,1,11,9,3
201443P121094,2,9,0,9,0,5,0,0,0,0,0,1,6,3,-1,-1,-1,-1,-1,-1,-1
201443P121114,1,9,0,2,6,0,0,0,0,0,3,1,6,1,68,10,-1,-1,-1,8,3
201443P121114,2,1,0,14,0,0,0,0,0,0,4,1,6,1,13,3,-1,-1,-1,10,1
201443P122054,1,9,0,9,0,6,0,0,0,0,1,1,2,2,63,9,998,1,1,6,2
201443P122054,2,8,0,18,0,1,0,0,0,0,3,1,1,1,26,6,2664,2,13,6,1
201443P123024,1,9,0,18,0,0,0,0,0,0,1,1,1,1,52,8,4196,1,12,3,1
201443P123024,2,21,0,18,0,0,0,0,0,0,0,1,1,3,-1,-1,-1,-1,-1,-1,-1
201443P124014,1,9,0,18,0,6,1,0,1,0,3,1,2,2,56,9,1968,2,5,8,3
201443P124014,2,9,0,18,0,8,1,0,0,0,1,1,3,2,23,5,1149,1,6,8,3
201443P124024,1,5,0,18,0,0,1,0,0,0,0,1,1,1,46,8,-1,-1,-1,10,1
201443P124034,1,9,0,18,0,0,5,0,2,10,4,1,6,1,31,6,-1,-1,-1,10,1
201443P124064,1,5,0,16,0,0,0,0,1,0,1,1,2,1,24,5,599,1,10,9,2
201443P124064,2,21,0,17,0,0,0,0,0,0,1,1,1,1,58,9,11705,2,6,10,2
201443P124094,1,9,0,9,0,5,0,0,0,0,1,1,6,2,36,7,1998,1,10,9,1
201443P124094,2,1,0,18,0,8,0,0,0,0,1,1,2,1,26,6,-1,-1,-1,9,1
201443P124104,1,9,0,18,0,8,0,0,0,0,0,1,6,3,-1,-1,-1,-1,-1,-1,-1
201443P124104,2,11,0,18,0,8,0,0,0,0,0,1,1,1,37,7,6370,2,9,10,1
201443P125024,1,19,0,3,0,0,0,0,0,0,0,1,6,1,-1,-1,-1,-1,-1,-1,-1
201443P125024,2,1,0,15,4,0,0,0,1,0,1,1,2,1,19,4,-1,-1,-1,8,1
201443P125024,3,9,0,2,0,0,0,0,0,0,2,1,1,2,41,7,1248,2,1,7,2
201443P125054,1,9,0,18,0,0,0,0,0,0,1,1,6,2,-1,-1,-1,-1,-1,-1,-1
201443P125054,2,9,0,4,0,0,0,0,1,10,2,1,6,2,62,9,1870,2,14,-1,-1
201443P125104,1,9,0,9,0,6,0,0,0,0,1,1,6,2,21,5,1390,1,10,4,1
201443P125104,2,1,0,18,0,1,0,0,1,0,3,1,6,1,26,6,-1,-1,-1,5,1
201443P125104,3,9,0,7,0,5,0,0,0,0,3,1,6,1,57,9,2199,2,1,-1,-1
201443P125124,1,9,0,18,0,0,0,0,0,0,1,1,2,1,50,8,1781,1,11,4,1
201443P125124,2,9,0,18,0,0,0,0,1,10,1,1,6,1,67,10,1798,1,6,10,2
201443P126034,1,9,0,9,0,6,0,0,0,0,3,1,6,1,29,6,1596,1,8,9,1
201443P126034,2,5,0,18,0,8,0,0,0,0,1,1,6,1,64,9,-1,-1,-1,9,1
201443P126044,1,11,0,18,2,1,0,0,0,0,1,1,1,1,60,9,-1,-1,-1,5,1
201443P126044,2,9,0,7,0,2,0,0,0,0,2,1,6,1,61,9,-1,-1,-1,5,1
201443P126064,1,9,0,18,0,4,0,0,0,0,3,1,6,2,25,5,1497,1,10,3,1
201443P126064,2,1,0,9,0,3,0,0,0,0,4,1,2,2,32,6,-1,-1,-1,2,1
201443P126074,1,19,0,18,0,4,5,10,0,0,1,1,6,3,-1,-1,1868,2,11,-1,-1
201443P127014,1,19,0,2,0,2,0,0,0,0,3,1,1,1,26,6,-1,-1,-1,3,1
201443P127014,2,1,0,14,0,2,0,8,0,0,1,1,2,2,49,8,-1,-1,-1,3,1
201443P127024,1,9,0,17,0,0,1,0,7,0,3,1,6,1,19,4,1998,1,14,9,1
201443P127024,2,9,0,18,0,0,1,0,1,0,3,1,1,1,72,10,998,1,1,10,3
201443P127044,1,9,0,18,0,4,0,0,0,0,1,1,6,2,41,7,1299,1,14,8,2
201443P127044,2,1,0,18,0,8,0,0,0,0,2,1,6,1,46,8,-1,-1,-1,6,3
201443P127054,1,9,0,13,0,0,0,0,0,0,4,1,6,3,-1,-1,-1,-1,-1,-1,-1
201443P127054,2,1,0,18,4,0,0,0,0,0,3,1,6,2,21,5,-1,-1,-1,3,1
201443P127114,1,9,0,17,0,0,2,0,1,4,1,1,6,1,17,4,1242,1,7,6,2
201443P128024,1,9,0,18,0,0,0,0,0,0,1,1,6,2,24,5,1994,1,22,10,1
201443P128024,2,9,0,4,0,0,0,0,0,0,2,1,6,1,73,10,1598,1,14,6,2
201443P128044,1,9,0,7,0,6,0,0,0,0,1,1,6,1,33,6,-1,-1,-1,-1,1
201443P128044,2,1,0,18,4,8,0,0,0,0,2,1,6,1,54,8,-1,-1,-1,7,1
201443P128064,1,19,0,18,0,0,1,0,0,0,4,1,6,1,22,5,1598,2,-1,-1,-1
201443P128094,1,9,0,9,0,6,1,0,0,0,3,1,6,2,93,11,1598,1,8,-1,-1
201443P128094,2,9,0,18,0,4,2,0,0,0,1,1,6,2,51,8,1242,1,6,7,3
201443P129024,1,9,0,18,0,0,0,0,5,6,3,1,6,2,26,6,1590,1,9,-1,1
201443P129044,1,8,0,18,0,4,0,0,0,0,1,1,1,1,37,7,-1,-1,-1,4,1
201443P129044,2,9,0,18,0,8,1,0,0,0,4,1,6,2,61,9,1598,1,6,6,1
201443P129084,1,9,0,7,0,4,0,0,0,0,3,1,6,2,31,6,1386,1,7,5,1
201443P129084,2,1,0,18,0,8,0,0,0,0,1,1,2,2,55,8,-1,-1,-1,5,1
201443P129094,1,90,0,7,0,6,0,0,0,0,1,1,1,1,-1,-1,-1,-1,-1,-1,-1
201443P129094,2,1,0,18,0,1,0,0,0,0,4,1,6,2,54,8,-1,-1,-1,3,1
201443P129104,1,9,0,5,0,0,0,0,0,0,0,1,2,1,48,8,1968,2,7,6,1
201443P129104,2,1,0,18,0,0,0,0,0,0,0,1,2,2,25,5,-1,-1,-1,-1,-1
201443P129114,1,21,1,17,0,2,5,0,4,6,3,1,1,1,54,8,10837,2,2,9,1
201443P129124,1,9,0,18,0,0,0,0,0,0,1,1,6,1,68,10,1598,1,9,9,3
201443P129124,2,9,0,3,0,0,0,0,0,0,1,1,6,1,45,7,1910,2,8,-1,-1
201443P130014,1,9,0,9,0,5,0,0,1,0,4,1,2,1,49,8,2494,2,3,-1,1
201443P130014,2,9,0,18,0,8,0,0,0,0,1,1,6,2,47,8,1560,2,8,8,3
201443P130024,1,9,0,18,0,1,0,0,0,0,1,1,6,1,31,6,1995,2,8,8,1
201443P130024,2,9,0,12,0,1,0,0,0,0,2,1,6,2,31,6,1124,1,11,10,1
201443P130044,1,1,0,18,0,8,1,0,0,0,0,1,6,1,45,7,-1,-1,-1,10,3
201443P130044,2,9,0,9,0,4,0,0,0,0,0,1,6,3,-1,-1,-1,-1,-1,-1,-1
201443P130054,1,9,0,5,0,0,0,0,0,0,0,1,6,1,-1,-1,1796,1,9,-1,-1
201443P130064,1,9,0,18,0,0,0,0,0,0,4,1,6,3,-1,-1,1994,2,12,-1,-1
201443P130064,2,21,1,12,0,0,0,0,0,0,3,1,6,3,-1,-1,-1,-1,-1,-1,-1
201443P130114,1,9,0,18,0,8,1,0,1,9,4,1,1,1,46,8,-1,-1,-1,2,1
201443P131054,1,9,0,5,0,6,1,10,0,0,3,1,1,2,19,4,1229,1,1,6,1
201443P131054,2,9,0,18,0,8,0,0,0,0,1,1,1,1,44,7,-1,-1,-1,9,3
201443P131064,1,9,0,9,0,6,0,0,0,0,1,1,1,1,71,10,1390,1,6,8,3
201443P131064,2,9,0,18,0,8,1,0,0,0,4,1,1,1,26,6,-1,-1,-1,-1,1
201443P131084,1,19,0,18,0,1,0,0,0,0,1,1,6,1,43,7,2987,2,4,6,3
201443P131084,2,9,0,3,0,1,0,0,0,0,2,1,6,1,60,9,2926,2,12,7,1
201443P131094,1,9,0,18,0,0,0,4,0,0,1,1,6,2,27,6,1896,2,6,4,1
201443P131094,2,9,0,2,0,0,0,0,0,0,2,1,6,1,46,8,1956,2,-1,-1,-1
201443P131104,1,21,1,18,0,0,1,0,1,0,1,1,1,1,44,7,11967,2,1,9,2
201443P131104,2,21,1,18,0,0,0,0,0,0,2,1,1,1,47,8,10518,2,5,3,1
201443P131124,1,9,0,6,2,8,0,0,0,0,3,1,6,1,82,11,1390,1,8,7,1
201443P131124,2,9,0,18,0,1,0,0,0,0,1,1,6,1,42,7,-1,-1,-1,5,1
201443P132074,1,9,0,9,0,6,0,0,0,0,4,1,6,2,34,6,1398,2,12,9,2
201443P132074,2,1,0,18,0,8,0,0,0,0,1,1,6,1,30,6,-1,-1,-1,10,1
201443P132084,1,9,0,9,0,5,0,0,0,0,1,1,1,1,29,6,1598,1,12,-1,-1
201443P132084,2,9,0,17,0,8,0,0,0,0,1,1,6,1,61,9,1781,1,11,9,1
201443P132094,1,20,0,6,0,0,0,0,0,0,2,1,1,1,26,6,2151,2,12,2,1
201443P132094,2,5,0,14,0,0,0,0,0,0,1,1,6,1,30,6,124,1,5,5,1
201443P132114,1,9,0,18,0,0,5,0,1,0,4,1,2,2,41,7,1997,2,10,9,3
201443P132114,2,19,0,18,0,0,5,0,0,0,4,1,6,1,34,6,1910,2,8,-1,1
201443P133024,1,11,0,18,0,0,0,0,0,0,0,1,1,1,-1,-1,-1,-1,-1,-1,-1
201443P133054,1,11,0,5,0,1,0,0,0,0,1,1,1,1,55,8,9000,2,4,-1,-1
201443P133054,2,1,0,13,0,1,0,0,0,0,3,1,6,1,38,7,-1,-1,-1,-1,-1
201443P133054,3,1,0,18,4,1,0,0,0,0,0,1,6,3,-1,-1,-1,-1,-1,-1,-1
201443P133064,1,9,0,18,0,0,1,0,7,11,1,1,6,1,23,5,1589,1,14,9,1
201443P133074,1,9,0,7,0,4,0,0,1,0,1,1,6,1,-1,-1,1596,1,-1,4,1
201443P133074,2,9,0,9,0,8,0,0,1,0,4,1,2,1,45,7,1199,1,11,10,1
201443P133084,1,9,0,18,0,8,0,0,0,0,4,1,2,1,32,6,1997,2,7,4,1
201443P133104,1,9,0,17,0,0,2,10,0,0,1,1,6,2,17,4,1198,1,12,10,2
201443P133114,1,9,0,2,0,0,0,0,0,0,3,1,6,2,58,9,2987,2,2,-1,1
201443P133114,2,1,0,14,0,0,0,8,0,0,1,1,6,1,23,5,-1,-1,-1,7,1
201443P134014,1,9,0,16,0,0,0,0,0,0,0,1,6,3,-1,-1,1396,1,9,-1,-1
201443P134014,2,1,0,18,0,0,0,0,0,0,0,1,6,2,34,6,-1,-1,-1,9,1
201443P134034,1,5,0,18,0,1,0,0,0,0,4,1,2,1,24,5,1690,1,1,9,1
201443P134034,2,10,0,9,0,5,0,0,0,0,3,1,6,2,37,7,-1,-1,-1,6,3
201443P134084,1,9,0,18,0,0,0,0,0,0,3,1,6,1,70,10,1598,1,4,3,1
201443P134084,2,9,0,18,0,0,1,0,0,0,3,1,6,1,19,4,2143,2,2,-1,-1
201443P134084,3,9,0,18,0,0,0,0,1,0,1,1,6,1,42,7,-1,-1,-1,-1,1
201443P134114,1,9,0,18,0,0,1,0,1,0,1,1,2,2,25,5,1299,1,17,10,1
201443P134124,1,21,1,18,0,0,1,0,7,11,3,1,1,1,61,9,15607,2,2,4,1
201443P134124,2,9,0,18,0,0,5,0,1,0,3,1,6,1,69,10,3200,2,2,10,3
201443P135074,1,9,0,16,0,1,2,0,1,4,3,1,6,2,22,5,1299,1,9,5,1
201443P135074,2,19,0,17,0,1,0,0,0,0,3,1,1,1,35,6,1870,2,8,9,1
201443P135094,1,9,0,17,0,0,0,0,0,0,1,1,6,1,43,7,-1,-1,-1,10,1
201443P135094,2,9,0,16,0,0,0,0,0,0,1,1,6,1,44,7,-1,-1,-1,10,2
201443P135094,3,9,0,16,0,0,0,0,0,0,1,1,6,2,28,6,-1,-1,-1,9,3
201443P136014,1,9,0,18,0,0,1,0,1,4,1,1,2,2,25,5,1388,1,10,10,1
201443P136034,1,9,0,16,0,1,1,0,0,0,1,1,1,2,24,5,1560,2,2,9,3
201443P136034,2,9,0,17,0,1,0,0,0,0,1,1,2,1,38,7,-1,-1,-1,10,1
201443P136054,1,9,0,18,0,0,0,0,0,0,1,1,1,1,21,5,2000,2,3,9,1
201443P136054,2,19,0,4,0,0,0,0,4,6,2,1,1,1,49,8,1753,2,9,7,3
201443P136054,3,9,0,4,0,0,0,0,0,0,2,1,1,1,31,6,1896,2,5,2,1
201443P136074,1,9,0,5,0,6,0,0,0,0,1,1,2,1,40,7,1998,2,9,8,3
201443P136074,2,9,0,9,0,5,0,0,0,0,3,1,3,2,33,6,1199,2,1,7,3
201443P137054,1,1,0,7,4,6,1,0,0,0,4,1,4,1,14,3,-1,-1,-1,6,1
201443P137064,1,19,0,5,0,8,0,0,0,0,1,1,6,3,-1,-1,-1,-1,-1,-1,-1
201443P137064,2,9,0,5,0,3,0,0,0,0,4,1,2,2,39,7,1598,1,-1,7,1
201443P137104,1,9,0,18,0,4,0,0,0,0,1,1,6,1,-1,-1,1598,1,8,2,1
201443P137104,2,9,0,18,0,8,0,0,0,0,1,1,6,1,-1,-1,1242,1,3,10,2
201443P137114,1,9,0,18,0,8,0,0,0,0,1,1,1,1,44,7,4367,2,-1,-1,-1
201443P137114,2,9,0,9,0,8,0,0,0,0,1,1,6,2,17,4,1398,2,1,-1,-1
201443P137114,3,19,0,10,0,1,0,0,0,0,1,1,1,1,47,8,2835,2,15,10,1
201443P138024,1,9,0,4,0,1,1,0,0,0,1,1,6,1,41,7,1587,1,14,9,3
201443P138024,2,9,0,4,0,1,0,0,0,0,2,1,6,3,-1,-1,-1,-1,-1,-1,-1
201443P138034,1,9,0,7,0,5,0,0,0,0,1,1,6,1,-1,-1,1360,1,10,-1,-1
201443P138034,2,1,0,18,4,1,0,0,0,0,2,1,2,2,30,6,-1,-1,-1,10,1
201443P138044,1,9,0,18,0,3,0,0,0,0,1,1,6,1,35,6,2616,1,10,2,1
201443P138044,2,1,0,18,0,8,0,0,0,0,4,1,6,1,26,6,-1,-1,-1,4,1
201443P138094,1,9,0,13,0,1,0,0,0,0,4,1,6,1,86,11,1796,1,13,8,3
201443P138094,2,9,0,9,0,5,0,0,0,0,3,1,2,2,23,5,1900,2,10,10,2
201443P138104,1,9,0,5,0,0,0,0,0,0,1,1,2,1,59,9,1968,2,2,5,1
201443P138114,1,9,0,9,0,5,0,0,0,0,3,1,6,1,18,4,1199,1,10,7,3
201443P139024,1,5,0,13,0,1,0,0,0,0,3,1,6,1,44,7,599,1,6,10,1
201443P139024,2,9,0,9,0,5,0,0,0,0,1,1,6,2,42,7,1360,1,11,7,2
201443P139104,1,9,0,6,0,0,0,0,0,0,3,1,6,3,-1,-1,1995,2,9,-1,2
201443P139104,2,1,0,14,0,0,0,0,0,0,1,1,6,1,18,4,-1,-1,-1,9,2
201443P139114,1,9,0,18,0,0,0,0,0,0,4,1,1,2,55,8,1598,2,3,8,3
201443P140034,1,9,0,18,0,1,0,0,0,0,4,1,6,1,30,6,1229,1,9,3,1
201443P140044,1,3,0,13,0,4,0,0,0,0,1,1,6,1,17,4,125,1,-1,10,3
201443P140044,2,9,0,9,0,4,0,0,0,0,1,1,6,1,67,10,1240,1,11,9,2
201443P140054,1,3,0,18,0,0,0,0,0,0,1,1,1,2,20,4,124,1,5,9,3
201443P140054,2,9,0,2,0,0,0,0,0,0,2,1,6,3,-1,-1,1995,2,11,-1,-1
201443P140124,1,21,1,18,0,0,3,0,0,0,1,1,1,1,34,6,12777,2,1,-1,1
201443P140124,2,11,0,2,0,0,0,0,1,9,2,1,1,1,38,7,10970,2,15,4,1
201443P141024,1,9,0,5,0,2,0,0,0,0,1,1,6,1,25,5,1800,1,15,6,1
201443P141024,2,9,0,5,0,2,0,0,0,0,2,1,6,1,35,6,2498,1,21,1,1
201443P141034,1,1,0,7,0,5,0,0,0,0,4,1,4,1,14,3,-1,-1,-1,-1,-1
201443P141034,2,1,0,18,0,8,0,0,0,0,1,1,6,1,76,11,-1,-1,-1,10,1
201443P141054,1,21,1,7,0,4,0,0,1,0,2,1,1,3,-1,-1,-1,-1,-1,-1,-1
201443P141054,2,1,0,3,5,1,0,0,0,0,3,1,6,3,-1,-1,-1,-1,-1,-1,-1
201443P141084,1,9,0,10,0,1,0,0,0,0,3,1,6,2,53,8,1242,1,4,4,1
201443P141084,2,19,0,18,0,1,0,0,0,0,3,1,1,1,39,7,1995,2,2,4,1
201443P141084,3,9,0,14,0,1,0,0,0,0,4,1,6,1,65,9,1796,1,10,4,1
201443P142044,1,9,0,11,0,0,0,0,0,0,0,1,6,3,-1,-1,-1,-1,-1,-1,-1
201443P142044,2,9,0,18,0,0,0,0,0,7,4,1,6,3,26,6,1299,1,12,-1,-1
201443P142084,1,19,0,18,0,0,0,0,0,0,4,1,6,1,49,8,2198,2,-1,9,3
201443P142114,1,19,0,18,0,3,0,0,0,0,1,1,1,1,56,9,1995,2,2,8,2
201443P142114,2,9,0,4,0,3,0,0,0,0,2,1,6,1,59,9,999,1,4,7,2
201443P143014,1,9,0,7,0,2,0,7,0,0,1,1,6,1,-1,-1,973,1,15,-1,-1
201443P143014,2,9,0,4,0,1,0,0,0,0,1,1,6,2,24,5,1753,2,13,3,1
201443P143024,1,21,1,18,0,0,0,0,0,0,1,1,1,1,63,9,-1,-1,-1,-1,2
201443P143024,2,9,0,4,0,0,0,0,0,0,2,1,6,1,44,7,1753,2,7,1,1
201443P143024,3,9,0,4,0,0,0,0,1,0,2,1,6,1,54,8,-1,-1,-1,4,1
201443P143024,4,9,0,4,0,0,0,0,0,0,2,1,6,1,24,5,1598,2,-1,10,3
201443P143034,1,11,0,18,0,8,0,0,0,0,0,1,1,1,57,9,6370,2,11,5,1
201443P143044,1,9,0,4,0,1,0,0,0,0,1,1,6,2,-1,-1,-1,-1,-1,-1,-1
201443P143044,2,2,0,10,0,1,0,0,0,0,2,1,6,1,37,7,599,1,2,8,3
201443P143054,1,9,0,9,0,8,0,0,0,0,1,1,2,2,23,5,1599,1,10,10,3
201443P143054,2,9,0,18,0,1,0,0,0,0,3,1,6,2,33,6,1598,1,13,7,2
201443P143074,1,19,0,13,0,0,1,0,1,4,2,1,6,1,31,6,-1,-1,-1,8,1
201443P143074,2,9,0,18,0,0,0,0,0,0,1,1,2,1,55,8,-1,-1,-1,6,3
201443P143094,1,11,0,17,0,2,0,0,0,0,1,1,1,1,32,6,12900,2,-1,2,1
201443P144024,1,9,0,17,0,0,1,0,8,11,1,1,6,1,26,6,1995,2,11,8,3
201443P144084,1,9,0,9,0,5,0,0,1,0,1,1,6,2,28,6,1497,8,7,3,1
201443P144084,2,9,0,18,0,8,0,0,0,0,1,1,6,1,47,8,2993,2,8,-1,1