Accident_Index,Vehicle_Reference,Vehicle_Type,Towing_and_Articulation,Vehicle_Manoeuvre,Vehicle_Location-Restricted_Lane,Junction_Location,Skidding_and_Overturning,Hit_Object_in_Carriageway,Vehicle_Leaving_Carriageway,Hit_Object_off_Carriageway,1st_Point_of_Impact,Was_Vehicle_Left_Hand_Drive?,Journey_Purpose_of_Driver,Sex_of_Driver,Age_of_Driver,Age_Band_of_Driver,Engine_Capacity_(CC),Propulsion_Code,Age_of_Vehicle,Driver_IMD_Decile,Driver_Home_Area_Type
201443P262034,1,9,0,14,0,8,0,0,0,0,1,1,6,1,84,11,1118,1,20,6,1
201443P262034,2,9,0,9,0,6,0,0,0,0,3,1,6,1,31,6,1951,2,13,9,1
201443P262064,1,9,0,18,0,0,0,4,0,0,1,1,2,1,37,7,1398,1,14,3,1
201443P262064,2,9,0,2,0,0,0,0,0,0,2,1,6,1,65,9,-1,-1,-1,-1,-1
201443P262094,1,9,0,7,0,8,0,0,0,0,3,1,6,2,-1,-1,-1,-1,-1,-1,-1
201443P262094,2,1,0,18,0,8,0,0,0,0,4,1,1,1,22,5,-1,-1,-1,5,1
201443P263024,1,9,0,18,0,0,1,0,4,2,3,1,1,1,19,4,-1,-1,-1,7,3
201443P263034,1,9,0,9,0,8,0,0,0,0,1,1,6,1,47,8,-1,-1,-1,9,2
201443P263034,2,1,0,9,0,8,0,0,0,0,1,1,6,1,27,6,-1,-1,-1,5,1
201443P263044,1,9,0,18,0,0,1,0,1,1,1,1,1,1,46,8,1995,2,6,10,3
201443P263054,1,9,0,18,0,0,2,0,5,6,3,1,2,2,23,5,1598,1,8,8,1
201443P263074,1,1,0,17,0,1,1,0,0,0,0,1,6,1,71,10,-1,-1,-1,5,1
201443P263104,1,9,0,9,0,8,0,0,1,1,2,1,2,1,21,5,1598,2,4,6,3
201443P263104,2,9,0,18,0,1,0,0,0,0,1,1,2,1,54,8,1995,2,1,9,3
201443P263114,1,9,0,17,0,0,1,0,1,10,2,1,6,2,40,7,1590,1,10,10,2
201443P263124,1,9,0,16,0,0,1,10,7,4,3,1,6,1,32,6,1596,1,10,7,3
201443P264014,1,9,0,18,0,4,0,0,0,0,4,1,6,2,-1,-1,1796,1,7,10,1
201443P264014,2,9,0,18,0,8,0,0,0,0,1,1,6,2,29,6,1198,1,3,4,2
201443P264034,1,3,0,13,0,2,0,0,7,0,4,1,1,1,20,4,125,1,11,8,1
201443P264034,2,11,0,9,0,5,0,0,0,0,3,1,1,1,36,7,4500,2,2,9,1
201443P264054,1,9,0,18,0,0,0,0,0,0,1,1,6,3,65,9,1598,1,3,10,2
201443P264074,1,9,0,9,0,5,0,0,0,0,4,1,6,1,35,6,1988,1,12,10,1
201443P264074,2,9,0,18,0,8,0,0,0,0,1,1,6,2,35,6,1997,2,10,9,1
201443P264084,1,9,0,7,0,5,0,0,0,0,4,1,6,2,69,10,1198,1,9,6,1
201443P264084,2,1,0,18,0,1,0,0,0,0,1,1,6,1,66,10,-1,-1,-1,10,1
201443P264124,1,9,0,9,0,5,0,0,0,0,1,1,6,2,20,4,1560,2,5,-1,1
201443P264124,2,9,0,18,0,8,0,0,0,0,1,1,6,1,67,10,1996,1,13,2,1
201443P265014,1,9,0,4,0,1,0,0,0,0,1,1,1,2,32,6,1986,2,7,7,1
201443P265014,2,9,0,10,0,1,0,0,0,0,2,1,1,1,27,6,-1,-1,-1,9,1
201443P265014,3,9,0,10,0,1,0,0,0,0,2,1,1,1,26,6,1998,2,8,9,1
201443P265034,1,19,0,7,0,2,0,0,0,0,0,1,6,1,-1,-1,-1,-1,-1,-1,-1
201443P265034,2,11,0,18,0,2,0,0,0,0,0,1,1,1,29,6,6370,2,9,7,1
201443P265054,1,9,0,18,0,1,1,0,0,0,1,1,6,1,44,7,-1,-1,-1,10,1
201443P265054,2,5,0,10,0,1,0,0,0,0,2,1,6,1,51,8,998,1,12,7,1
201443P265084,1,9,0,13,0,1,0,0,0,0,4,1,6,3,-1,-1,-1,-1,-1,-1,-1
201443P265084,2,9,0,18,0,1,0,0,0,0,3,1,6,1,35,6,1199,1,14,4,1
201443P265104,1,9,0,16,0,0,2,0,1,1,1,1,2,2,43,7,2198,1,9,10,1
201443P266014,1,9,0,18,0,1,0,0,0,0,1,1,6,1,22,5,1598,1,9,5,1
201443P266014,2,9,0,7,0,8,0,0,1,11,2,1,6,1,26,6,2987,2,7,9,1
201443P266024,1,9,0,7,0,6,0,0,0,0,1,1,6,2,29,6,1498,1,16,9,2
201443P266024,2,8,0,18,0,8,0,0,0,0,1,1,1,1,35,6,1598,2,4,7,1
201443P266064,1,9,0,11,0,3,0,0,0,0,4,1,6,1,69,10,3456,8,-1,9,1
201443P266064,2,9,0,18,0,3,0,0,0,0,3,1,6,1,54,8,1388,1,17,2,1
201443P266104,1,9,0,9,0,6,0,0,0,0,1,1,6,1,39,7,1995,2,10,10,1
201443P266104,2,4,0,18,0,8,0,0,0,0,4,1,1,2,32,6,125,1,-1,3,1
201443P266114,1,19,0,15,0,0,0,0,0,0,3,1,1,1,21,5,2143,2,2,10,3
201443P266114,2,9,0,18,0,0,0,0,1,7,4,1,6,2,44,7,1390,1,11,5,1
201443P266124,1,9,0,18,0,0,0,0,0,0,1,1,6,2,23,5,1400,2,7,9,3
201443P266124,2,9,0,4,0,0,0,0,0,0,2,1,6,2,46,8,1968,2,1,9,3
201443P266124,3,9,0,4,0,0,0,0,0,0,2,1,6,2,45,7,1560,2,2,3,1
201443P267014,1,9,0,4,0,0,0,0,0,0,1,1,6,1,66,10,2398,1,16,8,2
201443P267014,2,9,0,4,0,0,0,0,0,0,2,1,6,1,29,6,1968,2,6,-1,1
201443P267014,3,9,0,4,0,0,0,0,0,0,2,1,6,2,43,7,1598,1,6,8,2
201443P267034,1,9,0,9,0,5,0,0,0,0,1,1,6,1,56,9,4196,1,7,8,1
201443P267034,2,9,0,9,0,6,0,0,0,0,3,1,6,2,26,6,1997,1,9,8,2
201443P267054,1,9,0,9,0,5,0,0,0,0,1,1,1,1,38,7,-1,-1,-1,8,1
201443P267054,2,1,0,18,9,8,0,0,0,0,1,1,2,1,49,8,-1,-1,-1,10,1
201443P267104,1,9,0,16,0,0,0,0,0,0,1,1,6,1,30,6,1988,1,13,-1,-1
201443P267104,2,11,0,17,0,0,0,0,0,0,1,1,1,1,-1,-1,5900,2,7,-1,-1
201443P268014,1,9,0,14,0,0,1,0,7,2,1,1,6,1,21,5,1360,1,14,2,1
201443P268014,2,9,0,18,0,0,0,0,0,0,1,1,6,2,29,6,1587,1,8,2,1
201443P268054,1,21,1,9,0,8,5,0,0,0,4,1,1,1,49,8,11967,2,1,4,1
201443P268064,1,9,0,18,9,0,0,0,7,0,1,1,2,1,18,4,1587,1,8,10,3
201443P268084,1,9,0,18,9,6,0,0,0,0,4,1,1,1,56,9,-1,-1,-1,9,1
201443P268084,2,1,0,18,9,8,0,0,0,0,1,1,6,1,12,3,-1,-1,-1,6,1
201443P268094,1,9,0,18,0,6,0,0,0,0,3,1,2,1,24,5,1396,1,10,7,1
201443P268094,2,9,0,18,0,1,0,0,0,0,1,1,6,2,26,6,1896,2,6,7,1
201443P268104,1,11,0,17,0,1,1,0,0,0,1,1,1,1,39,7,2800,2,11,9,1
201443P268104,2,21,0,9,0,5,0,0,0,0,2,1,1,1,58,9,-1,-1,-1,8,3
201443P268114,1,9,0,18,0,0,5,0,1,9,1,1,6,1,30,6,1149,1,12,3,1
201443P268124,1,9,0,16,0,5,1,0,1,4,3,1,2,2,22,5,1896,2,8,9,1
201443P269014,1,9,0,9,0,5,0,0,0,0,1,1,2,1,25,5,1390,1,8,6,1
201443P269014,2,4,0,18,0,8,0,0,0,0,1,1,2,1,26,6,250,1,19,9,1
201443P269044,1,9,0,18,0,0,0,0,0,0,1,1,6,1,20,4,1800,1,15,-1,1
201443P269044,2,9,0,3,0,0,0,0,0,0,2,1,1,1,57,9,1685,2,2,10,1
201443P269104,1,9,0,16,0,0,2,0,7,2,3,1,6,1,23,5,1587,1,14,6,1
201443P270014,1,21,1,4,0,1,0,0,0,0,1,1,1,1,29,6,-1,-1,-1,-1,3
201443P270014,2,9,0,3,0,1,0,0,0,0,2,1,6,2,52,8,898,1,1,2,1
201443P270034,1,9,0,16,0,0,0,0,0,0,1,1,2,1,17,4,1289,1,15,8,3
201443P270034,2,19,0,17,0,0,0,0,1,10,2,1,1,1,32,6,-1,-1,-1,10,2
201443P270054,1,9,0,9,0,6,0,0,0,0,1,1,6,2,73,10,-1,-1,-1,9,3
201443P270054,2,9,0,18,0,8,0,0,0,0,1,1,6,2,48,8,875,1,2,10,1
201443P270064,1,9,0,9,0,6,0,0,0,0,3,1,6,1,-1,-1,2922,1,17,2,1
201443P270064,2,9,0,17,0,8,0,0,0,0,4,1,6,1,24,5,1997,2,12,3,1
201443P270114,1,9,0,18,0,8,0,0,1,10,1,1,1,2,35,6,-1,-1,-1,7,3
201443P270114,2,19,0,18,0,1,0,0,7,4,3,1,1,1,37,7,-1,-1,-1,10,3
201443P271024,1,9,0,9,0,6,0,0,1,9,4,1,1,1,35,6,2295,1,12,3,1
201443P271064,1,9,0,18,0,0,0,0,0,0,1,1,6,2,73,10,1396,1,11,9,1
201443P271064,2,9,0,18,0,0,0,0,0,0,1,1,6,2,43,7,2179,2,6,-1,1
201443P271084,1,9,0,7,0,2,0,0,0,0,3,1,6,1,20,4,2499,2,11,6,1
201443P271084,2,9,0,18,0,1,0,0,0,0,3,1,6,2,53,8,1591,1,-1,10,1
201443P272014,1,9,0,1,0,0,0,0,0,0,2,1,6,2,-1,-1,-1,-1,-1,-1,-1
201443P272034,1,9,0,5,0,0,0,0,0,0,3,1,6,2,-1,-1,2993,2,-1,-1,-1
201443P272034,2,1,0,3,0,0,0,0,0,0,4,1,6,1,39,7,-1,-1,-1,6,1
201443P272124,1,9,0,16,0,0,5,0,7,10,3,1,6,2,54,8,-1,-1,-1,9,3
201443P273014,1,19,0,1,0,8,0,0,0,0,2,1,2,1,51,8,-1,-1,-1,6,1
201443P273014,2,9,0,18,0,8,0,0,0,0,3,1,6,1,65,9,1968,2,1,7,1
201443P273024,1,9,0,12,0,0,0,0,0,0,3,1,6,2,-1,-1,1248,1,4,9,1
201443P273024,2,97,0,14,0,0,1,0,0,0,4,1,6,1,27,6,-1,-1,-1,7,1
201443P273084,1,9,0,5,0,8,0,0,0,0,1,1,6,1,62,9,998,1,-1,-1,-1
201443P273084,2,9,0,18,0,8,0,0,1,0,1,1,6,2,52,8,1364,1,5,9,1
201443P273114,1,9,0,17,0,0,1,0,0,0,1,1,6,1,32,6,1598,1,6,9,1
201443P273114,2,9,0,16,0,0,0,0,0,0,1,1,6,1,54,8,-1,-1,-1,7,1
201443P274014,1,9,0,9,0,5,0,0,0,0,1,1,6,1,52,8,-1,-1,-1,9,1
201443P274034,1,9,0,16,0,0,0,0,7,0,1,1,6,2,18,4,1299,1,10,9,3
201443P274044,1,9,0,18,0,0,0,0,0,0,1,1,6,3,65,9,1560,2,1,7,1
201443P274044,2,9,0,11,0,0,0,0,0,0,2,1,6,3,26,6,1339,1,3,-1,-1
201443P274054,1,9,0,9,0,6,0,0,0,0,3,1,6,2,18,4,1198,1,11,9,2
201443P274054,2,9,0,18,0,8,0,0,0,0,1,1,6,2,42,7,2720,2,6,9,3
201443P274084,1,9,0,9,0,5,0,0,0,0,3,1,6,1,55,8,-1,-1,-1,-1,-1
201443P274084,2,9,0,13,0,8,0,0,7,11,1,1,6,1,79,11,948,1,52,9,3
201443P274094,1,19,0,18,0,0,0,0,0,0,1,1,6,1,-1,-1,2298,2,-1,-1,-1
201443P274104,1,9,0,5,2,6,0,0,0,0,0,1,6,3,-1,-1,-1,-1,-1,-1,-1
201443P274104,2,11,0,18,2,8,0,0,0,0,0,1,1,1,56,9,6370,2,9,6,1
201443P274114,1,9,0,18,0,0,0,0,0,0,4,1,6,1,71,10,1560,2,6,7,3
201443P275044,1,9,0,9,0,5,0,0,0,0,1,1,6,1,71,10,-1,-1,-1,7,3
201443P275044,2,9,0,18,0,8,1,0,0,0,1,1,6,1,30,6,1796,1,14,9,1
201443P275064,1,9,0,9,0,5,0,0,0,0,1,1,2,1,29,6,1896,2,13,9,1
201443P275064,2,9,0,18,0,1,0,0,0,0,1,1,3,2,40,7,1598,1,5,9,3
201443P275064,3,21,0,10,0,1,0,0,0,0,3,1,1,1,30,6,10837,2,2,6,2
201443P275084,1,9,0,5,0,8,0,0,0,0,4,1,6,1,78,11,1242,1,16,2,1
201443P275084,2,1,0,18,0,1,0,0,0,0,1,1,6,1,74,10,-1,-1,-1,6,1
201443P275104,1,9,0,1,0,0,0,0,0,0,2,1,6,1,36,7,-1,-1,-1,4,1
201443P275104,2,1,0,3,0,0,0,0,0,0,1,1,6,1,83,11,-1,-1,-1,9,1
201443P275114,1,9,0,7,0,5,1,0,1,4,1,1,6,1,34,6,1588,1,13,-1,1
201443P275124,1,9,0,7,0,6,0,0,0,0,1,1,6,1,45,7,-1,-1,-1,10,1
201443P275124,2,1,0,18,0,8,0,0,0,0,4,1,6,2,67,10,-1,-1,-1,10,1
201443P276014,1,9,0,9,0,4,0,0,0,0,1,1,6,1,22,5,1799,1,9,2,1
201443P276014,2,1,0,18,0,8,0,0,0,0,1,1,6,1,37,7,-1,-1,-1,5,1
201443P276024,1,19,0,5,0,1,0,0,0,0,4,1,1,1,40,7,-1,-1,-1,-1,-1
201443P276024,2,9,0,3,0,1,0,0,0,0,0,1,6,1,27,6,1598,1,9,5,1
201443P276034,1,9,0,9,0,8,0,0,0,0,1,1,6,1,27,6,-1,-1,-1,7,3
201443P276034,2,9,0,18,0,8,0,0,0,0,1,1,1,1,27,6,1299,1,13,4,1
201443P276034,3,9,0,10,0,1,0,0,0,0,1,1,6,1,45,7,1753,2,4,8,3
201443P276084,1,9,0,7,0,6,0,0,0,0,1,1,1,1,28,6,998,1,14,4,1
201443P276084,2,1,0,18,0,8,0,0,0,0,4,1,6,2,61,9,-1,-1,-1,10,1
201443P276114,1,1,0,18,0,0,0,4,0,0,1,1,6,1,19,4,-1,-1,-1,-1,-1
201443P276114,2,9,0,2,0,0,0,0,0,0,2,1,6,1,47,8,2993,2,-1,-1,-1
201443P277064,1,9,0,18,0,1,0,0,0,0,1,1,6,1,-1,-1,-1,-1,-1,-1,-1
201443P277064,2,1,0,18,0,1,0,0,0,0,3,1,6,1,12,3,-1,-1,-1,2,1
201443P277074,1,9,0,18,0,1,1,0,0,0,1,1,6,2,50,8,1098,1,-1,7,2
201443P277074,2,9,0,4,0,1,0,0,0,0,2,1,6,1,28,6,1198,1,10,9,3
201443P277074,3,9,0,7,0,5,0,0,0,0,0,1,6,3,-1,-1,-1,-1,-1,-1,-1
201443P277084,1,11,0,5,0,0,0,0,0,0,4,1,1,1,-1,-1,-1,-1,-1,-1,-1
201443P277104,1,9,0,7,0,2,0,0,0,0,1,1,6,1,53,8,1910,2,7,6,1
201443P277104,2,1,0,18,4,2,0,0,0,0,3,1,6,1,54,8,-1,-1,-1,10,2
201443P277104,3,9,0,2,0,2,0,0,0,0,2,1,6,2,30,6,2494,2,5,4,1
201443P277114,1,9,0,9,0,6,0,0,0,0,1,1,1,1,40,7,1560,2,3,4,1
201443P277114,2,9,0,18,0,8,0,0,0,0,3,1,6,1,54,8,1968,2,-1,9,1
201443P278034,1,9,0,15,0,0,5,0,0,0,3,1,2,2,25,5,-1,-1,-1,5,1
201443P278034,2,21,1,18,0,0,0,0,0,0,3,1,1,1,50,8,12600,2,16,7,2
201443P278034,3,9,0,11,0,0,0,0,0,0,4,1,6,3,-1,-1,-1,-1,-1,-1,-1
201443P278044,1,9,0,16,0,0,1,0,7,11,3,1,6,1,23,5,1598,1,14,9,2
201443P278054,1,5,0,16,0,8,1,0,0,0,4,1,1,1,26,6,600,1,9,6,1
201443P278064,1,9,0,9,0,8,0,0,0,0,3,1,6,3,-1,-1,-1,-1,-1,-1,-1
201443P278064,2,5,0,9,0,8,0,0,0,0,4,1,6,1,35,6,600,1,10,10,1
201443P278074,1,9,0,9,0,6,0,0,1,0,4,1,6,1,91,11,1600,1,15,6,1
201443P278074,2,9,0,18,0,1,0,0,1,0,1,1,6,1,67,10,1560,2,4,7,3
201443P278084,1,9,0,18,0,0,0,0,0,0,1,1,6,1,78,11,1995,2,5,8,3
201443P278084,2,9,0,3,0,0,0,0,0,0,2,1,6,1,43,7,-1,-1,-1,6,2
201443P278084,3,9,0,3,0,0,0,0,0,0,2,1,6,2,36,7,1800,1,15,2,1
201443P278084,4,9,0,3,0,0,0,0,0,0,2,1,6,1,63,9,1560,2,1,3,1
201443P278114,1,9,0,18,0,0,0,12,0,0,1,1,2,2,50,8,1364,1,4,8,3
201443P278124,1,9,0,18,0,0,0,0,0,0,3,1,1,1,90,11,1560,2,2,-1,-1
201443P279034,1,9,0,1,0,0,0,0,0,0,4,1,3,1,51,8,1229,1,5,8,1
201443P279054,1,9,0,18,0,1,0,0,0,0,1,1,6,1,-1,-1,2616,1,10,3,1
201443P279054,2,9,0,3,0,1,0,0,0,0,2,1,6,2,47,8,1242,1,5,4,1
201443P279064,1,9,0,18,0,4,0,0,0,0,1,1,6,1,85,11,1988,1,14,9,1
201443P279064,2,90,0,9,0,8,0,0,0,0,3,1,1,1,32,6,6370,2,4,5,1
201443P279104,1,9,0,18,0,0,0,0,0,0,1,1,6,1,-1,-1,-1,-1,-1,-1,-1
201443P279104,2,9,0,3,0,0,0,0,0,0,2,1,6,2,36,7,1299,1,13,-1,1
201443P280014,1,9,0,7,0,5,0,0,0,0,4,1,6,2,50,8,-1,-1,-1,-1,-1
201443P280014,2,1,0,18,0,8,0,0,0,0,1,1,4,1,19,4,-1,-1,-1,8,1
201443P280024,1,9,0,1,0,0,0,0,0,0,2,1,6,1,82,11,3980,1,18,4,1
201443P280034,1,9,0,9,0,6,0,0,0,0,3,1,2,2,27,6,1582,2,3,9,2
201443P280034,2,9,0,18,0,8,0,0,0,0,1,1,2,1,26,6,1242,1,13,10,3
201443P280034,3,19,0,3,0,1,0,0,0,0,4,1,1,2,33,6,1753,2,2,7,1
201443P280104,1,19,0,7,0,1,0,0,0,0,4,1,6,1,50,8,-1,-1,-1,-1,-1
201443P280104,2,9,0,7,0,1,0,0,0,0,3,1,6,2,52,8,1910,2,9,6,2
201443P280114,1,97,0,7,0,3,1,0,0,0,0,1,6,1,19,4,124,1,2,3,1
201443P280124,1,9,4,16,0,0,0,0,0,0,3,1,6,1,-1,-1,3200,2,12,-1,-1
201443P280124,2,9,0,17,0,0,0,0,0,0,3,1,6,1,-1,-1,4266,1,15,-1,-1
201443P281064,1,9,0,9,0,5,0,0,0,0,4,1,2,1,42,7,1388,1,7,9,3
201443P281064,2,9,0,18,0,1,0,0,0,0,3,1,6,1,31,6,1298,1,15,9,3
201443P281114,1,3,0,13,0,1,0,10,7,0,1,1,6,1,24,5,124,1,3,9,2
201443P281114,2,19,0,9,0,5,0,0,0,0,3,1,1,1,49,8,2143,2,1,9,2
201443P282064,1,9,0,17,0,0,1,0,7,9,1,1,6,2,42,7,1299,1,15,8,3
201443P282084,1,9,0,14,0,0,1,0,0,0,4,1,6,2,54,8,1390,1,2,10,1
201443P282084,2,9,0,2,0,0,0,0,0,0,0,1,6,3,-1,-1,-1,-1,-1,-1,-1
201443P282094,1,8,0,18,0,3,0,0,0,0,1,1,1,1,58,9,1910,2,6,5,1
201443P282124,1,5,0,18,0,0,1,0,0,0,1,1,2,1,22,5,645,1,8,9,3
201443P282124,2,19,0,12,0,0,0,0,0,0,0,1,6,1,46,8,2198,2,-1,3,1
201443P283034,1,9,0,18,0,4,0,0,7,1,1,1,6,1,90,11,1299,1,9,10,2
201443P283044,1,9,0,16,0,1,0,0,0,0,1,1,6,2,65,9,1242,1,14,8,1
201443P283044,2,9,0,5,0,1,0,0,0,0,2,1,6,2,51,8,1388,1,8,10,1
201443P283064,1,5,0,13,0,1,0,0,7,0,4,1,6,2,33,6,645,1,1,9,3
201443P283064,2,21,0,9,0,1,0,0,0,0,3,1,1,1,34,6,11946,2,10,10,3
201443P283104,1,9,0,18,0,0,0,0,0,0,1,1,6,1,26,6,1248,2,-1,1,1
201443P283104,2,9,0,4,0,0,0,0,0,0,2,1,6,1,-1,-1,1796,1,5,2,1
201443P283114,1,9,0,18,0,0,0,0,2,4,1,1,6,1,25,5,3189,1,10,8,3
201443P283124,1,9,0,9,0,2,0,0,0,0,1,1,2,1,18,4,1390,1,11,10,1
201443P283124,2,9,0,18,0,1,0,0,0,0,1,1,2,1,35,6,1900,2,15,6,3
201443P284034,1,1,0,18,0,0,0,0,0,0,3,1,2,1,15,3,-1,-1,-1,9,1
201443P284034,2,9,0,18,0,0,0,0,0,0,1,1,2,1,36,7,998,1,2,5,1
201443P284064,1,97,0,14,0,1,1,0,0,0,1,1,6,1,-1,-1,984,1,11,10,1
201443P284064,2,9,0,9,0,6,0,0,0,0,4,1,6,2,19,4,1149,1,13,-1,2
201443P284094,1,9,0,2,4,0,0,0,0,0,4,1,6,1,20,4,1598,1,13,10,3
201443P284094,2,1,0,18,4,0,0,8,0,0,1,1,6,2,16,4,-1,-1,-1,-1,-1
201443P284104,1,9,0,18,0,0,0,0,4,6,1,1,6,1,39,7,-1,-1,-1,8,3
201443P284104,2,11,0,18,0,0,0,0,1,1,2,1,1,1,62,9,-1,-1,-1,-1,1
201443P284114,1,8,0,7,0,5,0,0,0,0,4,1,1,1,-1,-1,-1,-1,-1,4,1
201443P284114,2,1,0,18,0,1,0,0,0,0,1,1,2,2,31,6,-1,-1,-1,8,1
201443P284124,1,9,0,17,0,0,1,0,1,9,4,1,6,2,27,6,1389,1,13,7,1
201443P285014,1,9,0,18,0,0,1,0,1,0,1,1,6,1,20,4,2599,1,26,6,1
201443P285044,1,9,0,9,0,4,0,0,0,0,2,1,6,2,49,8,1598,1,10,-1,1
201443P285044,2,9,0,18,0,8,0,0,0,0,1,1,6,2,18,4,1299,1,14,9,1
201443P285054,1,9,0,17,0,0,1,0,1,9,1,1,6,2,25,5,1390,1,15,8,3
201443P285074,1,9,0,13,0,1,0,0,0,0,1,1,6,1,76,11,1598,1,5,3,1
201443P285074,2,9,0,10,0,1,0,0,0,0,2,1,6,1,-1,-1,-1,-1,-1,-1,-1
201443P285074,3,1,0,18,0,1,0,0,0,0,0,1,2,2,31,6,-1,-1,-1,4,1
201443P285114,1,1,0,18,0,2,0,0,0,0,0,1,2,2,31,6,-1,-1,-1,3,1
201443P285114,2,8,0,2,0,1,0,0,0,0,0,1,1,1,50,8,-1,-1,-1,-1,-1
201443P285124,1,9,0,13,0,0,0,0,1,9,3,1,1,1,60,9,-1,-1,-1,4,1
201443P285124,2,9,0,18,0,0,0,0,0,0,3,1,6,1,34,6,-1,-1,-1,7,1
201443P286014,1,9,0,9,0,5,0,0,0,0,1,1,2,2,50,8,1968,2,4,7,3
201443P286014,2,9,0,18,0,8,0,0,0,0,1,1,6,1,24,5,2000,1,7,9,2
201443P286014,3,9,0,8,0,2,0,0,0,0,2,1,2,1,50,8,2401,2,11,9,3
201443P286034,1,9,0,18,0,0,0,0,4,6,3,1,6,2,78,11,995,1,3,6,1
201443P286054,1,9,0,18,0,0,0,0,0,0,2,1,6,2,30,6,1349,1,14,2,1
201443P286054,2,20,0,18,0,0,0,0,0,0,1,1,1,1,26,6,-1,-1,-1,-1,-1
201443P286054,3,9,0,12,0,0,0,0,0,0,0,1,6,3,-1,-1,-1,-1,-1,-1,-1
201443P286074,1,19,0,18,0,0,0,0,0,0,1,1,1,1,56,9,2402,2,4,7,1
201443P286074,2,19,0,18,0,0,0,0,0,0,1,1,1,1,62,9,1995,2,2,4,1
201443P286104,1,9,0,16,0,0,0,0,1,9,4,1,2,2,31,6,1396,1,10,8,3
201443P286114,1,1,0,18,0,0,0,0,0,0,0,1,6,1,-1,-1,-1,-1,-1,-1,-1
201443P286124,1,9,0,18,0,1,1,0,0,0,1,1,1,1,54,8,-1,-1,-1,6,2
201443P286124,2,9,0,18,0,1,0,0,0,0,2,1,6,2,64,9,1753,2,6,10,1
201443P287034,1,9,0,17,0,0,0,0,0,0,1,1,6,1,20,4,999,1,16,10,1
201443P287034,2,9,0,17,0,0,0,0,0,0,2,1,6,2,27,6,1364,1,7,2,1
201443P287034,3,90,0,16,0,0,0,0,0,0,0,1,1,3,-1,-1,-1,-1,-1,-1,-1
201443P287054,1,9,0,16,0,0,1,0,1,2,3,1,6,2,26,6,1299,1,14,-1,1
201443P287064,1,9,0,5,0,4,0,0,7,2,3,1,2,2,18,4,1299,1,13,10,1
201443P287064,2,19,0,18,0,8,0,0,0,0,3,1,1,1,27,6,1998,2,10,6,1
201443P287074,1,9,0,18,0,8,0,0,0,0,3,1,1,2,43,7,1995,2,1,9,1
201443P287074,2,9,0,18,0,8,0,0,0,0,1,1,1,2,26,6,1499,2,1,8,1
201443P287084,1,9,0,6,0,0,0,0,0,0,3,1,6,1,41,7,1248,1,-1,-1,-1
201443P287084,2,1,0,13,0,0,0,0,0,0,1,1,6,1,26,6,-1,-1,-1,-1,-1
201443P288044,1,3,0,16,0,1,1,0,0,0,0,1,2,2,19,4,125,1,-1,4,1
201443P288054,1,9,0,18,0,0,1,0,0,0,1,1,2,1,36,7,-1,-1,-1,9,1
201443P288054,2,19,0,18,0,0,1,0,0,0,1,1,6,1,35,6,-1,-1,-1,7,1
201443P288094,1,9,0,17,0,0,2,0,2,4,1,1,6,2,43,7,1598,2,4,9,2
201443P288104,1,9,0,7,0,6,0,0,0,0,1,1,2,2,20,4,1600,1,10,10,2
201443P288104,2,10,0,18,0,8,0,0,0,0,1,1,1,1,71,10,-1,-1,-1,9,3
201443P289034,1,9,0,9,0,8,0,0,0,0,4,1,2,2,24,5,1242,1,12,9,1
201443P289034,2,1,0,18,0,1,0,0,0,0,1,1,2,2,27,6,-1,-1,-1,6,1
201443P289054,1,9,0,18,0,0,1,0,1,0,1,1,6,1,24,5,1596,1,7,7,1
201443P289064,1,9,0,18,0,8,0,0,0,0,4,1,6,3,-1,-1,-1,-1,-1,-1,-1
201443P289064,2,9,0,18,0,8,0,0,0,0,3,1,6,2,20,4,1242,1,-1,9,2
201443P289074,1,2,0,17,0,0,1,12,0,0,1,1,6,1,16,4,49,1,6,6,2
201443P289104,1,11,0,18,0,0,0,0,0,0,0,1,6,3,-1,-1,-1,-1,-1,-1,-1
201443P289104,2,1,0,18,0,0,1,10,0,0,4,1,6,2,50,8,-1,-1,-1,7,3
201443P290034,1,9,0,13,0,0,0,0,0,0,4,1,6,1,42,7,2993,2,8,10,1
201443P290074,1,1,0,18,0,6,0,0,0,0,1,1,6,2,54,8,-1,-1,-1,7,1
201443P290074,2,9,0,7,0,6,0,0,0,0,4,1,6,2,61,9,-1,-1,-1,6,3
201443P290104,1,9,0,18,0,1,0,0,0,0,1,1,6,2,19,4,-1,-1,-1,6,1
201443P290104,2,9,0,3,0,1,0,0,0,0,2,1,6,1,41,7,1242,1,4,7,1
201443P290104,3,9,0,3,0,1,0,0,0,0,2,1,6,1,48,8,2597,1,12,-1,-1
201443P290104,4,9,0,3,0,1,0,0,0,0,2,1,6,1,71,10,-1,-1,-1,9,2
201443P291084,1,9,0,9,0,6,0,0,0,0,3,1,6,2,34,6,1299,1,9,-1,1
201443P291084,2,2,0,18,0,8,0,0,0,0,1,1,6,2,18,4,49,1,8,8,3