Accident_Index,Vehicle_Reference,Vehicle_Type,Towing_and_Articulation,Vehicle_Manoeuvre,Vehicle_Location-Restricted_Lane,Junction_Location,Skidding_and_Overturning,Hit_Object_in_Carriageway,Vehicle_Leaving_Carriageway,Hit_Object_off_Carriageway,1st_Point_of_Impact,Was_Vehicle_Left_Hand_Drive?,Journey_Purpose_of_Driver,Sex_of_Driver,Age_of_Driver,Age_Band_of_Driver,Engine_Capacity_(CC),Propulsion_Code,Age_of_Vehicle,Driver_IMD_Decile,Driver_Home_Area_Type
201443P320074,1,1,0,9,0,0,0,0,0,0,4,1,6,1,20,4,-1,-1,-1,-1,-1
201443P320074,2,1,0,18,0,0,0,0,0,0,1,1,2,1,60,9,-1,-1,-1,7,1
201443P320084,1,9,0,18,0,1,0,0,0,0,1,1,6,1,-1,-1,1991,1,16,-1,-1
201443P320084,2,8,0,3,0,1,0,0,0,0,2,1,6,2,35,6,1995,2,-1,8,1
201443P320084,3,9,0,3,0,1,0,0,0,0,2,1,6,3,-1,-1,-1,-1,-1,-1,-1
201443P320094,1,9,0,18,0,8,0,0,0,0,1,1,6,1,25,5,6208,1,2,9,1
201443P320094,2,9,0,9,0,1,0,0,0,0,1,1,6,2,45,7,1998,2,12,-1,-1
201443P320104,1,9,0,18,0,8,0,0,0,0,3,1,6,1,23,5,1242,1,9,6,1
201443P320104,2,9,0,18,0,3,0,0,0,0,1,1,6,1,23,5,1124,1,9,10,2
201443P320114,1,9,0,14,0,0,0,11,0,0,1,1,2,2,51,8,-1,-1,-1,3,1
201443P320114,2,90,0,3,0,0,0,0,0,0,0,1,1,1,66,10,-1,-1,-1,4,2
201443P321034,1,9,0,1,0,8,0,0,0,0,2,1,6,1,-1,-1,1364,1,10,-1,-1
201443P321034,2,9,0,18,0,8,0,0,0,0,1,1,6,2,35,6,1149,1,12,10,1
201443P321074,1,9,0,6,0,0,0,0,0,0,4,1,6,1,38,7,1398,2,-1,6,1
201443P321074,2,9,0,18,0,0,1,0,0,0,1,1,6,1,76,11,1796,1,11,9,3
201443P321104,1,9,0,7,0,8,0,0,0,0,4,1,6,2,22,5,1360,1,7,9,3
201443P321104,2,1,0,18,0,1,0,0,0,0,3,1,6,1,27,6,-1,-1,-1,-1,-1
201443P322014,1,9,0,7,0,6,0,0,0,0,1,1,6,3,-1,-1,-1,-1,-1,-1,-1
201443P322014,2,1,0,18,0,8,0,0,0,0,4,1,6,2,28,6,-1,-1,-1,6,1
201443P322044,1,9,0,9,0,6,0,0,0,0,1,1,6,1,53,8,1398,2,12,10,2
201443P322044,2,9,0,18,0,1,0,0,0,0,1,1,6,2,26,6,1398,1,11,7,3
201443P322084,1,19,0,7,0,2,0,0,0,0,1,1,1,1,54,8,1753,2,8,9,2
201443P322084,2,1,0,18,0,1,0,0,0,0,3,1,6,2,37,7,-1,-1,-1,9,3
201443P322094,1,9,0,18,0,8,0,0,0,0,1,1,2,1,57,9,1968,2,1,8,1
201443P322094,2,9,0,9,0,8,0,0,0,0,1,1,2,1,47,8,-1,-1,-1,8,2
201443P323034,1,19,0,18,0,1,0,0,0,0,1,1,6,3,-1,-1,-1,-1,-1,-1,-1
201443P323034,2,9,0,4,0,1,0,0,0,0,2,1,6,2,23,5,1198,1,1,-1,1
201443P323034,3,9,0,4,0,1,0,0,0,0,1,1,2,1,21,5,1242,1,1,8,1
201443P323034,4,16,0,9,0,2,0,0,0,0,0,1,6,3,-1,-1,-1,-1,-1,-1,-1
201443P323054,1,3,0,18,0,3,0,10,1,0,1,1,1,1,24,5,125,1,12,-1,1
201443P323064,1,21,0,18,0,0,1,0,0,0,1,1,1,1,50,8,6692,2,2,3,1
201443P323064,2,19,0,3,0,0,0,0,1,7,2,1,1,1,51,8,2198,2,-1,9,1
201443P323064,3,9,0,3,0,0,0,0,0,0,2,1,1,1,49,8,1560,2,2,8,3
201443P323064,4,9,0,18,0,0,1,0,1,7,1,1,1,1,34,6,1598,2,-1,4,1
201443P323094,1,9,0,9,8,0,0,0,0,0,0,1,6,2,-1,-1,1998,2,11,9,2
201443P323094,2,3,0,18,0,0,1,0,0,0,0,1,6,2,25,5,125,1,3,10,2
201443P324014,1,9,0,18,0,0,0,0,0,0,1,1,6,1,80,11,-1,-1,-1,-1,-1
201443P324034,1,9,0,18,0,1,0,0,0,0,1,1,2,1,65,9,1896,2,13,10,1
201443P324034,2,9,0,3,0,1,0,0,0,0,2,1,2,2,23,5,998,1,3,5,1
201443P324034,3,9,0,3,0,1,0,0,0,0,2,1,2,2,23,5,1242,1,2,8,1
201443P324044,1,9,0,9,0,6,0,0,0,0,3,1,6,1,50,8,2143,2,2,5,1
201443P324044,2,11,0,18,0,8,0,0,0,0,1,1,1,1,27,6,-1,-1,-1,9,2
201443P324044,3,9,0,18,0,8,0,0,0,0,3,1,6,3,-1,-1,1339,1,12,10,2
201443P324064,1,9,0,18,0,0,5,0,1,4,1,1,6,2,49,8,1422,2,11,9,3
201443P324084,1,5,0,16,0,0,1,0,7,0,1,1,6,1,24,5,599,1,13,7,1
201443P324094,1,9,0,13,0,0,2,0,1,4,1,1,6,1,30,6,1360,1,12,9,2
201443P324124,1,21,1,18,0,0,0,4,0,0,1,1,1,1,62,9,12740,2,3,4,1
201443P324124,2,9,0,2,0,0,0,0,1,0,2,1,6,2,62,9,1598,1,15,4,1
201443P325054,1,9,0,4,0,1,0,0,0,0,0,1,6,3,-1,-1,-1,-1,-1,-1,-1
201443P325054,2,11,0,18,0,1,0,0,0,0,0,1,1,1,24,5,-1,-1,-1,2,1
201443P325074,1,9,0,6,0,0,0,0,0,0,4,1,6,1,-1,-1,1984,1,2,-1,-1
201443P325074,2,1,0,18,0,0,0,0,0,0,3,1,6,1,40,7,-1,-1,-1,5,1
201443P325084,1,9,0,18,0,0,0,0,0,0,4,1,6,3,-1,-1,-1,-1,-1,-1,-1
201443P325094,1,20,0,18,0,0,0,0,0,0,1,1,1,1,60,9,5880,2,10,9,3
201443P325104,1,9,0,4,0,1,0,0,0,0,1,1,6,1,90,11,1896,2,9,5,1
201443P325104,2,9,0,3,0,1,0,0,0,0,2,1,1,2,53,8,1400,1,9,8,3
201443P325104,3,9,0,3,0,1,0,0,0,0,2,1,6,2,39,7,1598,1,10,3,1
201443P326014,1,9,0,5,0,4,0,0,0,0,1,1,6,1,53,8,1598,1,4,9,1
201443P326014,2,1,0,18,0,8,0,0,0,0,4,1,6,1,63,9,-1,-1,-1,10,3
201443P326044,1,9,0,18,0,0,0,0,0,0,1,1,6,2,21,5,1242,1,1,5,1
201443P326044,2,9,0,18,0,0,0,0,0,0,2,1,6,1,25,5,1242,1,-1,4,1
201443P326074,1,1,0,18,5,0,0,0,0,0,0,1,6,1,46,8,-1,-1,-1,5,1
201443P326084,1,19,0,18,0,0,0,0,0,0,4,1,2,1,35,6,-1,-1,-1,-1,-1
201443P326114,1,9,0,18,0,0,0,0,0,0,1,1,2,1,61,9,998,1,-1,2,1
201443P327034,1,9,0,7,0,5,0,0,1,11,1,1,6,1,74,10,1984,1,13,9,3
201443P327054,1,5,0,18,0,0,0,0,0,0,4,1,6,1,31,6,636,1,9,10,1
201443P327064,1,9,0,18,0,1,0,0,0,0,1,1,6,2,-1,-1,-1,-1,-1,-1,-1
201443P327064,2,1,0,18,0,1,0,0,0,0,2,1,6,1,11,3,-1,-1,-1,5,1
201443P327094,1,9,0,18,0,1,0,0,0,0,0,1,6,1,-1,-1,-1,-1,-1,-1,-1
201443P327094,2,90,0,3,0,1,0,0,0,0,0,1,6,1,41,7,-1,-1,-1,9,2
201443P327104,1,1,0,2,0,0,0,0,0,0,1,1,6,1,26,6,-1,-1,-1,2,1
201443P327104,2,9,0,3,0,0,0,0,0,0,1,1,6,1,33,6,1998,2,9,6,1
201443P327114,1,9,0,17,0,0,0,0,0,0,3,1,6,1,30,6,1398,1,3,5,1
201443P327114,2,1,0,16,0,0,0,0,0,0,3,1,6,1,65,9,-1,-1,-1,5,1
201443P328044,1,9,4,18,0,0,0,0,0,0,1,1,6,3,-1,-1,-1,-1,-1,-1,-1
201443P328044,2,1,0,18,0,0,0,0,0,0,2,1,6,1,60,9,-1,-1,-1,9,3
201443P328054,1,9,0,14,0,8,0,0,0,0,1,1,6,2,85,11,1973,1,13,7,3
201443P328054,2,9,0,7,0,8,0,0,0,0,1,1,2,1,61,9,2987,2,5,10,3
201443P328054,3,9,0,3,0,1,0,0,0,0,0,1,6,3,-1,-1,-1,-1,-1,-1,-1
201443P328064,1,98,4,13,0,0,0,0,0,0,4,1,6,1,-1,-1,-1,-1,-1,-1,-1
201443P328064,2,1,0,18,0,0,0,0,0,0,3,1,6,1,41,7,-1,-1,-1,10,1
201443P328074,1,9,0,9,0,6,0,0,0,0,3,1,6,2,85,11,1149,1,10,6,3
201443P328074,2,9,0,18,0,8,1,0,0,0,1,1,1,1,55,8,1870,2,10,4,1
201443P328104,1,9,0,9,0,7,0,0,3,10,1,1,6,2,75,10,4196,1,12,8,3
201443P329034,1,9,0,18,0,4,0,0,3,10,1,1,6,2,56,9,-1,-1,-1,6,2
201443P329034,2,9,0,18,0,8,0,0,0,0,1,1,1,2,45,7,1242,1,2,9,2
201443P329044,1,9,0,18,0,1,0,0,0,0,1,1,6,2,22,5,1299,1,11,8,3
201443P329044,2,9,0,7,0,1,0,0,0,0,2,1,6,1,-1,-1,2967,2,4,8,3
201443P329054,1,8,0,2,0,0,0,0,0,0,2,1,1,1,47,8,1968,2,7,3,1
201443P329054,2,1,0,18,0,0,0,0,0,0,1,1,6,1,22,5,-1,-1,-1,9,2
201443P329054,3,11,0,3,0,0,0,0,0,0,0,1,1,3,-1,-1,-1,-1,-1,-1,-1
201443P329104,1,9,0,18,0,1,0,12,1,1,1,1,2,1,33,6,1587,1,11,10,1
201443P329114,1,3,0,18,0,2,0,0,0,0,1,1,6,1,22,5,102,1,10,6,1
201443P329114,2,1,0,18,0,2,0,0,0,0,2,1,6,2,81,11,-1,-1,-1,8,1
201443P330014,1,1,0,18,0,0,0,0,0,0,1,1,2,1,40,7,-1,-1,-1,9,2
201443P330034,1,9,0,17,0,0,2,0,1,3,1,1,6,1,24,5,1600,1,15,1,1
201443P330044,1,9,0,18,0,0,0,0,0,0,1,1,6,2,18,4,1149,1,16,8,2
201443P330064,1,9,0,17,0,0,0,0,1,4,3,1,6,1,31,6,1998,1,19,9,3
201443P330114,1,21,1,12,0,0,0,0,0,0,3,1,1,1,60,9,-1,-1,-1,-1,-1
201443P330114,2,9,0,18,0,0,0,0,1,7,4,1,1,1,53,8,-1,-1,-1,3,1
201443P331034,1,9,0,18,0,0,0,0,0,0,4,1,2,1,22,5,-1,-1,-1,10,1
201443P331054,1,9,0,11,0,1,0,0,0,0,4,1,6,1,21,5,1598,1,9,1,1
201443P331054,2,9,0,18,0,1,0,0,0,0,3,1,6,1,33,6,1995,2,8,4,1
201443P331064,1,21,1,17,0,8,0,0,0,0,1,1,1,1,35,6,-1,-1,-1,-1,-1
201443P331064,2,19,0,18,0,3,2,0,0,0,4,1,1,1,41,7,1968,2,1,7,3
201443P331074,1,9,0,18,0,0,0,0,0,0,4,1,6,2,51,8,1769,1,13,3,1
201443P331124,1,9,0,1,9,6,0,0,0,0,2,1,2,1,40,7,1998,5,20,2,1
201443P332014,1,9,0,9,0,6,0,0,0,0,1,1,6,1,50,8,2151,2,13,-1,-1
201443P332014,2,1,0,18,0,8,0,0,0,0,1,1,6,1,31,6,-1,-1,-1,5,1
201443P332064,1,1,0,12,0,1,0,0,0,0,3,1,6,1,42,7,-1,-1,-1,7,1
201443P332064,2,9,0,18,0,1,0,0,0,0,4,1,6,2,52,8,3456,8,4,8,1
201443P332104,1,19,0,6,0,1,0,0,0,0,3,1,1,1,64,9,-1,-1,-1,2,1
201443P332104,2,1,0,13,0,1,0,0,0,0,1,1,2,1,27,6,-1,-1,-1,-1,-1
201443P332114,1,11,0,18,0,4,0,0,0,0,0,1,1,1,50,8,-1,-1,-1,-1,-1
201443P332114,2,9,0,9,0,4,0,0,0,0,0,1,6,3,-1,-1,-1,-1,-1,-1,-1
201443P333094,1,9,0,9,0,5,0,0,0,0,2,1,3,2,41,7,1997,2,8,8,3
201443P333094,2,5,0,18,0,1,0,0,0,0,1,1,6,1,22,5,645,1,9,7,3
201443P333124,1,9,0,18,0,2,0,0,0,0,1,1,6,2,49,8,1984,1,5,10,1
201443P334064,1,9,0,5,0,0,0,0,0,0,3,1,2,1,41,7,-1,-1,-1,8,2
201443P334064,2,1,0,18,0,0,0,0,0,0,4,1,6,2,26,6,-1,-1,-1,-1,-1
201443P334094,1,9,0,18,0,0,0,0,0,0,2,1,6,2,37,7,1794,1,10,4,1
201443P334094,2,1,0,18,0,0,0,0,0,0,1,1,6,1,9,2,-1,-1,-1,2,1
201443P334124,1,9,0,18,0,0,0,0,0,0,1,1,2,2,39,7,1360,1,18,9,2
201443P334124,2,1,0,18,0,0,0,0,1,0,2,1,6,1,50,8,-1,-1,-1,9,2
201443P335054,1,9,0,9,0,8,0,0,0,0,0,1,2,1,55,8,1329,1,1,10,3
201443P335054,2,3,0,18,0,8,0,0,0,0,4,1,2,2,19,4,-1,-1,-1,6,1
201443P335064,1,9,0,18,0,8,5,0,1,0,1,1,6,1,42,7,-1,-1,-1,-1,3
201443P335064,2,9,0,9,0,5,5,0,7,0,1,1,6,2,20,4,-1,-1,-1,3,1
201443P335074,1,9,0,18,0,0,0,0,0,0,1,1,2,2,41,7,1968,2,7,10,1
201443P335074,2,9,0,18,0,0,0,0,0,0,2,1,2,1,72,10,1995,2,5,5,3
201443P336124,1,9,0,18,0,0,1,0,1,4,3,1,6,2,18,4,998,1,9,8,3
201443P337014,1,1,0,18,0,3,0,0,0,0,4,1,2,1,38,7,-1,-1,-1,-1,-1
201443P337014,2,9,0,9,0,4,0,0,0,0,1,1,6,1,39,7,1329,1,4,10,1
201443P337054,1,9,0,18,0,0,0,0,0,0,1,1,2,1,45,7,1497,1,11,7,1
201443P337054,2,9,0,18,0,0,0,0,0,0,2,1,6,2,39,7,1900,2,16,3,1
201443P337064,1,9,0,9,0,5,0,0,0,0,1,1,1,1,25,5,1598,2,5,3,1
201443P337064,2,1,0,18,0,1,1,0,0,0,1,1,6,2,32,6,-1,-1,-1,-1,3
201443P337074,1,21,0,18,0,0,0,0,0,0,3,1,1,1,31,6,11705,2,5,7,3
201443P337074,2,21,0,18,0,0,0,0,0,0,3,1,6,3,-1,-1,-1,-1,-1,-1,-1
201443P338054,1,9,0,18,0,0,0,0,0,0,1,1,6,2,20,4,1149,1,7,7,2
201443P338114,1,5,0,18,0,0,0,0,0,0,4,1,6,1,32,6,600,1,17,8,1
201443P339064,1,9,0,9,0,6,0,0,0,0,3,1,6,1,39,7,1968,2,2,6,1
201443P339064,2,9,0,18,0,1,0,0,0,0,1,1,6,1,52,8,1997,2,14,4,1
201443P339074,1,9,0,12,0,0,0,0,5,6,1,1,6,2,27,6,1598,2,-1,7,1
201443P339074,2,9,0,13,0,0,0,0,1,4,2,1,6,1,23,5,2496,2,9,3,1
201443P340064,1,9,0,3,0,1,0,0,0,0,0,1,6,1,37,7,1998,2,8,6,2
201443P340064,2,1,0,5,0,1,0,0,0,0,0,1,2,1,60,9,-1,-1,-1,10,1
201443P340074,1,11,0,16,0,8,0,0,0,0,4,1,1,1,68,10,-1,2,15,-1,-1
201443P340104,1,9,0,16,0,0,1,0,0,0,1,1,6,2,24,5,1390,1,8,9,3
201443P340104,2,9,0,17,0,0,0,0,0,0,1,1,6,1,47,8,1995,2,6,9,1
201443P340114,1,9,0,18,0,1,0,0,0,0,1,1,2,1,22,5,1086,1,10,8,3
201443P340114,2,9,0,4,0,1,0,0,0,0,2,1,2,2,56,9,1339,1,9,9,3
201443P341014,1,9,0,9,0,8,0,0,0,0,3,1,6,1,53,8,1998,2,11,8,3
201443P341014,2,5,0,18,0,8,1,0,0,0,4,1,2,1,48,8,647,1,11,6,3
201443P341074,1,10,0,18,0,0,0,0,0,0,1,1,2,1,24,5,-1,-1,-1,-1,-1
201443P341074,2,11,0,2,0,0,0,0,0,0,2,1,1,1,49,8,4500,2,4,5,1
201443P341104,1,9,0,18,0,4,0,0,0,0,1,1,6,2,58,9,1999,1,6,5,1
201443P341104,2,3,0,9,0,8,0,0,0,0,4,1,6,1,69,10,125,1,4,5,1
201443P342014,1,9,0,9,0,5,0,0,0,0,1,1,6,1,58,9,2401,2,10,7,1
201443P342014,2,1,0,10,0,1,0,0,0,0,1,1,2,1,54,8,-1,-1,-1,9,1
201443P342054,1,9,0,18,0,0,0,0,0,0,1,1,6,1,56,9,1995,2,1,10,2
201443P342054,2,9,0,18,0,0,1,0,0,0,2,1,6,1,28,6,3498,1,12,10,2
201443P342064,1,9,0,16,0,0,2,0,1,10,1,1,3,2,24,5,1598,1,6,9,1
201443P342074,1,9,0,9,0,8,0,0,0,0,1,1,6,2,18,4,1242,1,-1,-1,-1
201443P342074,2,9,0,18,0,1,0,0,0,0,3,1,6,1,30,6,1994,1,9,-1,-1
201443P343014,1,9,0,6,0,0,0,0,0,0,3,1,2,2,63,9,1229,1,2,8,1
201443P343014,2,5,0,14,0,0,0,0,0,0,1,1,2,1,42,7,650,1,13,10,1
201443P344014,1,9,0,14,0,0,0,4,0,0,1,1,6,1,30,6,1900,2,14,8,3
201443P344014,2,9,0,2,0,0,0,0,1,0,2,1,6,1,28,6,1997,1,15,7,1
201443P344014,3,9,0,18,0,0,0,0,0,0,1,1,6,2,22,5,1149,1,8,7,3
201443P344054,1,21,0,16,0,1,0,0,0,0,1,1,1,1,37,7,9200,2,10,3,1
201443P344054,2,9,0,17,0,1,0,0,0,0,3,1,6,2,34,6,1595,1,8,10,1
201443P344064,1,9,0,7,0,8,0,0,0,0,4,1,1,1,38,7,2400,2,1,10,1
201443P344064,2,1,0,18,4,8,0,0,0,0,3,1,6,1,30,6,-1,-1,-1,5,1
201443P344124,1,9,0,16,0,0,0,0,7,9,1,1,6,1,77,11,1398,1,2,6,3
201443P344124,2,9,0,17,0,0,0,0,0,0,1,1,6,2,41,7,1560,2,5,6,1
201443P345064,1,9,0,9,0,8,0,0,0,0,1,1,6,1,45,7,998,1,-1,-1,-1
201443P345064,2,9,0,18,0,8,0,0,0,0,2,1,6,1,45,7,1240,1,9,-1,-1
201443P345114,1,9,0,18,0,0,0,0,0,0,1,1,6,2,20,4,1299,1,7,7,1
201443P345114,2,9,0,18,0,0,0,0,0,0,2,1,6,1,40,7,2967,2,4,8,1
201443P345124,1,1,0,18,0,1,1,7,0,0,0,1,2,1,41,7,-1,-1,-1,10,2
201443P345124,2,10,0,7,0,1,0,0,0,0,0,1,6,3,-1,-1,-1,-1,-1,-1,-1
201443P346014,1,9,0,18,0,6,0,0,0,0,1,1,1,1,47,8,2000,2,10,9,1
201443P346014,2,9,0,18,0,8,0,0,0,0,1,1,6,1,63,9,1999,1,8,8,1
201443P346124,1,9,0,9,0,5,0,0,0,0,1,1,6,1,22,5,1242,1,14,10,1
201443P346124,2,9,0,18,0,8,0,0,0,0,1,1,6,2,55,8,1198,1,5,10,1
201443P348104,1,9,0,17,0,0,1,0,7,0,1,1,2,2,27,6,1149,1,5,9,3
201443P348104,2,9,0,16,0,0,0,0,1,4,1,1,2,1,52,8,1248,2,11,7,1
201443P348114,1,3,0,17,0,0,0,0,0,0,0,1,1,1,18,4,125,1,4,9,2
201443P349074,1,9,0,9,0,6,0,0,1,0,3,1,6,1,33,6,1248,2,-1,10,3
201443P349074,2,9,0,16,0,8,0,0,7,0,1,1,6,1,35,6,3059,2,19,9,3
201443P349114,1,9,0,9,0,6,0,0,0,0,1,1,2,2,32,6,1968,2,4,9,3
201443P350014,1,9,0,6,0,0,0,0,0,0,4,1,2,1,28,6,1595,1,2,3,1
201443P350014,2,4,0,14,0,0,0,0,0,0,1,1,6,1,58,9,499,1,17,10,1
201443P350074,1,9,0,11,0,0,5,0,1,4,4,1,6,2,33,6,1868,2,15,3,1
201443P350074,2,9,0,18,0,0,0,0,0,0,1,1,6,1,37,7,-1,-1,-1,1,1
201443P351054,1,19,0,18,0,0,0,0,0,0,1,1,1,1,25,5,2198,2,8,9,1
201443P351054,2,9,0,4,0,0,0,0,0,0,2,1,6,1,54,8,2987,2,6,6,1
201443P351074,1,9,0,13,0,1,0,0,0,0,0,1,6,2,23,5,1242,1,4,7,1
201443P351074,2,9,0,18,0,2,1,0,1,0,1,1,6,1,47,8,1149,1,13,10,2
201443P351074,3,9,0,18,0,1,1,0,1,0,1,1,6,1,30,6,2497,2,7,7,1
201443P351104,1,11,0,18,0,0,0,0,0,0,1,1,1,1,49,8,11000,2,10,5,1
201443P351114,1,9,0,7,0,1,0,0,0,0,1,1,2,1,46,8,1998,2,9,9,3
201443P352014,1,9,0,18,0,0,0,0,0,0,1,1,6,2,37,7,2179,2,3,7,3
201443P352014,2,9,0,18,0,0,0,0,0,0,1,1,6,1,70,10,1120,2,2,2,1
201443P352074,1,9,0,3,0,0,0,0,0,0,2,1,1,1,49,8,1997,2,5,-1,-1
201443P352074,2,1,0,4,0,0,0,0,0,0,1,1,6,1,24,5,-1,-1,-1,9,1
201443P352104,1,9,0,5,0,1,0,0,0,0,1,1,6,2,41,7,-1,-1,-1,10,2
201443P353074,1,11,0,13,0,8,0,0,0,0,0,1,1,1,37,7,4500,2,4,5,1
201443P353074,2,1,0,18,4,8,0,0,0,0,0,1,2,2,30,6,-1,-1,-1,-1,1
201443P353114,1,3,0,18,0,4,1,10,7,2,1,1,2,1,19,4,124,1,3,10,1
201443P354014,1,8,0,7,0,6,0,0,0,0,1,1,1,1,-1,-1,1896,2,6,-1,-1
201443P354074,1,19,0,18,0,0,0,0,0,0,4,1,1,1,29,6,-1,-1,-1,-1,-1
201443P354104,1,9,0,2,0,0,0,0,0,0,4,1,6,3,-1,-1,-1,-1,-1,-1,-1
201443P354104,2,1,0,18,0,0,0,8,0,0,1,1,6,2,60,9,-1,-1,-1,5,1
201443P357014,1,9,0,9,0,6,0,0,0,0,3,1,6,2,21,5,1781,1,14,-1,1
201443P357014,2,10,0,8,0,1,0,0,0,0,1,1,3,1,43,7,-1,-1,-1,9,3
201443P357074,1,19,0,18,0,0,0,0,7,10,1,1,1,1,44,7,-1,-1,-1,3,1
201443P357104,1,9,0,18,0,0,0,0,0,0,1,1,2,1,28,6,1896,2,12,-1,1
201443P357104,2,3,0,4,0,0,0,0,0,0,2,1,6,1,38,7,125,1,4,4,1
201443P357114,1,9,0,9,0,6,0,0,3,9,3,1,2,1,30,6,1364,1,9,9,2
201443P357114,2,9,0,18,0,8,0,0,0,0,1,1,2,1,47,8,1598,1,12,9,2
201443P358074,1,5,0,17,0,0,1,0,0,0,4,1,2,1,32,6,600,1,17,4,1
201443P358104,1,9,0,12,0,4,0,0,0,0,3,1,6,1,20,4,-1,-1,-1,7,2
201443P358104,2,9,0,18,0,8,0,0,0,0,4,1,6,2,20,4,1341,1,10,4,1
201443P359014,1,8,0,18,0,1,0,0,0,0,1,1,6,1,36,7,1797,8,4,4,1
201443P359014,2,9,0,3,0,1,0,0,0,0,2,1,6,1,23,5,1998,1,5,3,1
201443P359014,3,9,0,3,0,1,0,0,0,0,2,1,6,1,67,10,1598,1,17,10,1
201443P359054,1,21,1,5,0,0,0,0,0,0,1,1,1,1,57,9,-1,-1,-1,8,3
201443P359054,2,21,1,2,0,0,0,0,0,0,3,1,1,1,64,9,10837,2,3,9,1
201443P359114,1,9,0,2,0,0,0,0,0,0,3,1,6,1,37,7,1799,1,8,7,1
201443P359114,2,1,0,18,0,0,0,8,0,0,4,1,6,1,23,5,-1,-1,-1,-1,1
201443P360014,1,9,0,18,0,0,5,0,2,4,4,1,1,1,61,9,1995,2,1,7,1
201443P360014,2,9,0,11,0,0,0,0,0,0,0,1,6,1,45,7,1248,1,1,9,1
201443P360054,1,8,0,1,0,1,0,0,0,0,2,1,1,2,45,7,1753,2,7,4,1
201443P360074,1,9,0,18,0,0,0,0,0,0,1,1,6,2,21,5,1390,1,10,9,1
201443P360074,2,9,0,2,0,0,0,0,0,0,2,1,6,3,-1,-1,1797,8,2,5,1
201443P361054,1,21,1,18,0,0,0,0,0,0,0,1,1,1,37,7,12130,2,9,-1,-1
201443P361054,2,9,0,18,0,0,0,0,0,0,0,1,1,1,42,7,1997,2,6,4,1
201443P361054,3,9,0,18,0,0,0,0,0,0,0,1,1,1,33,6,-1,-1,-1,8,1
201443P361104,1,9,0,18,0,4,0,0,0,0,1,1,6,1,41,7,1995,2,10,3,1
201443P361104,2,9,0,3,0,4,0,0,0,0,2,1,6,1,35,6,1598,1,5,8,3
201443P362014,1,9,0,18,0,0,1,0,0,0,1,1,6,1,-1,-1,1299,1,15,-1,-1
201443P362014,2,9,0,1,0,0,0,0,0,0,2,1,6,2,46,8,999,1,2,10,2
201443P362104,1,9,0,18,0,4,0,0,0,0,1,1,6,1,34,6,1796,1,11,6,2
201443P362104,2,9,0,18,0,8,0,0,7,1,4,1,6,2,36,7,1596,1,14,6,2
201443P363014,1,9,0,11,0,0,1,0,1,0,4,1,6,1,30,6,1995,1,11,9,3
201443P363014,2,11,0,18,0,0,0,0,0,0,1,1,1,1,51,8,4500,2,2,8,1
201443P363114,1,9,0,9,0,5,0,0,0,0,4,1,6,1,84,11,1600,1,13,8,1
201443P363114,2,1,0,18,0,1,0,0,0,0,3,1,6,1,28,6,-1,-1,-1,-1,1
201443P364074,1,9,0,18,0,0,5,0,4,6,1,1,6,2,19,4,1124,1,9,9,3
201443P364104,1,19,0,9,0,6,0,0,0,0,1,1,1,1,37,7,-1,-1,-1,6,1
201443P364104,2,9,0,18,0,1,2,0,7,0,4,1,6,1,40,7,2494,2,8,9,1
201443P366074,1,9,0,18,0,1,0,0,0,0,1,1,6,2,70,10,2198,2,5,10,1
201443P366074,2,9,0,9,0,1,0,0,0,0,2,1,6,1,17,4,-1,-1,-1,8,3
201443P366114,1,9,0,18,0,0,0,0,0,0,1,1,6,1,40,7,1995,2,7,9,1
201443P366114,2,9,0,4,0,0,0,0,0,0,2,1,6,1,36,7,1997,2,5,9,1
201443P367014,1,9,0,13,0,0,0,0,0,0,4,1,6,3,-1,-1,-1,-1,-1,-1,-1
201443P367014,2,1,0,18,0,0,0,0,0,0,3,1,6,1,49,8,-1,-1,-1,5,1
201443P367074,1,9,0,5,0,6,0,0,0,0,4,1,6,2,28,6,1796,1,13,6,1
201443P367074,2,9,0,18,0,8,0,0,0,0,1,1,6,1,43,7,1968,2,2,9,3
201443P370074,1,9,0,1,0,1,0,0,0,0,2,1,6,1,-1,-1,1781,1,16,2,1
201443P370104,1,1,0,7,0,6,0,0,0,0,1,1,6,2,8,2,-1,-1,-1,7,3
201443P370104,2,9,0,18,0,1,0,0,0,0,1,1,6,1,43,7,1560,2,-1,7,3
201443P372074,1,9,0,5,0,6,0,0,0,0,1,1,1,2,25,5,1397,1,15,5,1
201443P372074,2,8,0,17,0,1,0,0,0,0,1,1,6,1,48,8,1896,2,4,2,1
201443P372104,1,5,0,16,0,1,1,0,0,0,3,1,6,1,48,8,998,1,12,10,1
201443P372114,1,11,0,18,2,0,0,0,0,0,4,1,1,2,-1,-1,9000,2,4,-1,-1
201443P373104,1,8,0,7,0,8,0,0,0,0,1,1,1,1,26,6,1388,1,8,2,1
201443P373114,1,1,0,18,0,0,0,4,0,0,1,1,6,1,49,8,-1,-1,-1,10,3
201443P373114,2,9,0,2,0,0,0,0,0,0,2,1,6,1,25,5,1587,1,14,8,1