Accident_Index,Vehicle_Reference,Vehicle_Type,Towing_and_Articulation,Vehicle_Manoeuvre,Vehicle_Location-Restricted_Lane,Junction_Location,Skidding_and_Overturning,Hit_Object_in_Carriageway,Vehicle_Leaving_Carriageway,Hit_Object_off_Carriageway,1st_Point_of_Impact,Was_Vehicle_Left_Hand_Drive?,Journey_Purpose_of_Driver,Sex_of_Driver,Age_of_Driver,Age_Band_of_Driver,Engine_Capacity_(CC),Propulsion_Code,Age_of_Vehicle,Driver_IMD_Decile,Driver_Home_Area_Type
201443R032124,2,9,0,9,0,8,0,0,0,0,1,1,2,2,44,7,1796,1,6,3,1
201443R032124,3,9,0,3,0,2,0,0,0,0,3,1,2,1,46,8,998,1,12,6,1
201443R033034,1,9,0,18,0,0,0,0,0,0,1,1,6,2,49,8,1299,1,17,8,3
201443R033034,2,9,0,18,0,0,0,0,0,0,2,1,3,2,36,7,998,1,15,10,1
201443R033074,1,9,0,5,0,1,0,0,3,10,1,1,6,1,63,9,1395,1,-1,10,1
201443R033074,2,9,0,18,0,1,0,0,7,10,1,1,6,1,49,8,1968,2,2,10,1
201443R033084,1,9,0,18,0,0,0,0,0,0,0,1,6,1,34,6,2969,2,7,3,1
201443R033084,2,9,0,3,0,0,0,0,0,0,2,1,6,1,38,7,1992,2,9,9,1
201443R033084,3,9,0,3,0,0,0,0,0,0,2,1,6,1,33,6,1762,1,15,8,1
201443R033084,4,19,0,3,0,0,0,0,0,0,1,1,6,1,-1,-1,2148,2,5,-1,2
201443R033094,1,1,0,18,9,1,0,0,0,0,1,1,4,1,13,3,-1,-1,-1,8,1
201443R033094,2,9,0,10,9,6,0,0,0,0,3,1,6,2,21,5,1368,1,6,8,1
201443R034074,1,10,0,18,0,0,0,0,0,0,1,1,6,1,54,8,2402,2,9,5,1
201443R034074,2,9,0,18,0,0,0,0,0,0,2,1,6,1,23,5,998,1,2,10,1
201443R034074,3,9,0,18,0,0,0,0,0,0,2,1,6,1,57,9,3246,1,12,5,1
201443R034074,4,9,0,18,0,0,0,0,0,0,3,1,6,2,38,7,1998,2,9,4,1
201443R034084,1,9,0,7,0,1,1,0,7,11,1,1,6,2,20,4,1598,1,8,3,1
201443R035024,1,20,0,18,0,0,0,0,0,0,4,1,1,1,42,7,2402,2,3,8,1
201443R035054,1,9,0,17,0,0,0,0,0,0,1,1,6,2,23,5,1988,1,12,6,1
201443R035084,1,11,0,14,0,0,0,4,0,0,1,1,1,1,60,9,4250,2,1,4,1
201443R035084,2,19,0,2,9,0,0,0,1,11,2,1,6,1,61,9,-1,-1,-1,-1,-1
201443R035104,1,9,0,5,0,1,0,0,0,0,3,1,6,1,22,5,1390,1,1,10,2
201443R035104,2,1,0,18,0,8,0,0,0,0,1,1,6,2,37,7,-1,-1,-1,10,1
201443R035114,1,9,0,3,0,8,0,0,0,0,2,1,6,1,36,7,1248,2,3,4,1
201443R035114,2,9,0,18,0,8,0,0,0,0,1,1,6,1,25,5,2143,2,3,5,1
201443R036014,1,9,0,17,0,0,1,0,1,4,1,1,6,1,67,10,1124,1,13,8,1
201443R036054,1,9,0,18,0,1,0,0,0,0,1,1,6,2,49,8,1796,1,7,5,1
201443R036084,1,9,0,5,0,2,0,0,0,0,1,1,6,2,30,6,1339,1,8,-1,-1
201443R036084,2,1,0,3,0,2,0,0,0,0,3,1,6,1,19,4,-1,-1,-1,-1,1
201443R036094,1,3,0,14,0,8,0,0,0,0,1,1,6,1,21,5,125,1,-1,3,1
201443R036094,2,9,0,9,0,6,0,0,0,0,3,1,2,1,36,7,2499,1,5,6,1
201443R037024,1,9,0,18,0,1,0,0,0,0,1,1,6,1,34,6,1560,2,9,6,1
201443R037024,2,9,0,4,0,1,0,0,0,0,2,1,6,2,41,7,1998,1,12,10,1
201443R037074,1,9,0,1,9,6,0,0,0,0,3,1,6,1,54,8,2435,1,11,5,1
201443R037074,2,22,0,18,9,1,0,0,0,0,1,1,6,2,60,9,-1,-1,-1,6,1
201443R038014,1,9,0,12,0,3,1,10,6,6,1,1,6,1,22,5,1348,1,13,3,1
201443R038034,1,9,0,18,0,8,0,0,0,0,1,1,6,2,85,11,1329,1,4,10,1
201443R038034,2,9,0,9,0,8,0,0,0,0,3,1,6,1,20,4,1124,1,14,-1,-1
201443R038064,1,9,0,14,0,1,0,0,0,0,3,1,2,2,21,5,1149,1,13,5,1
201443R038084,1,9,0,18,0,0,0,0,0,0,1,1,6,2,56,9,1560,2,8,2,1
201443R038094,1,9,0,4,0,1,1,0,0,0,1,1,1,1,20,4,1360,1,12,5,1
201443R038094,2,9,0,9,0,8,0,0,0,0,3,1,6,1,20,4,1368,1,5,3,1
201443R038104,1,9,0,9,0,4,0,0,0,0,1,1,6,1,44,7,1598,1,2,6,1
201443R038104,2,9,0,8,0,4,0,0,0,0,2,1,6,1,41,7,1995,2,10,10,1
201443R039014,1,9,0,13,0,0,0,0,0,0,1,1,6,3,-1,-1,-1,-1,-1,-1,-1
201443R039014,2,9,0,18,0,0,0,0,0,0,2,1,6,1,48,8,1560,2,2,10,1
201443R039064,1,1,0,18,0,6,0,0,0,0,3,1,6,1,32,6,-1,-1,-1,-1,-1
201443R039064,2,9,0,18,0,1,0,0,0,0,1,1,6,1,79,11,-1,-1,-1,9,3
201443R039074,1,19,0,1,9,8,0,0,0,0,2,1,6,1,-1,-1,1998,2,9,-1,-1
201443R039084,1,9,0,5,0,6,0,0,0,0,4,1,1,2,49,8,1390,1,12,3,1
201443R039084,2,4,0,18,0,1,0,0,0,0,1,1,6,1,19,4,278,1,3,8,1
201443R039124,1,9,0,18,0,1,0,0,0,0,1,1,6,2,25,5,1124,1,9,10,1
201443R039124,2,19,0,4,0,1,0,0,0,0,2,1,1,1,25,5,1598,2,-1,2,1
201443R039124,3,19,0,7,0,8,0,0,0,0,2,1,1,1,59,9,1968,2,3,2,1
201443R040024,1,9,0,18,0,4,0,0,0,0,3,1,6,1,41,7,1560,2,9,8,1
201443R040024,2,2,0,9,0,8,0,0,0,0,1,1,6,2,26,6,124,1,5,3,1
201443R040044,1,9,0,18,0,4,0,0,0,0,0,1,1,1,31,6,1248,2,3,-1,-1
201443R040044,2,9,0,4,0,8,0,0,0,0,1,1,6,1,68,10,2720,2,7,7,1
201443R040044,3,9,0,4,0,8,0,0,0,0,2,1,6,2,50,8,2000,1,18,10,1
201443R041014,1,9,0,18,0,0,1,0,1,3,3,1,1,1,31,6,1298,1,34,8,2
201443R041024,1,9,0,13,0,8,0,0,0,0,4,1,6,2,51,8,1587,1,17,2,1
201443R041024,2,2,0,9,0,8,0,0,0,0,3,1,1,1,29,6,49,1,1,-1,1
201443R041064,1,20,0,18,0,0,2,0,1,0,4,1,2,1,69,10,2488,2,7,6,2
201443R041084,1,5,0,18,0,1,0,0,0,0,4,1,6,1,38,7,988,1,10,10,1
201443R041084,2,9,0,9,0,1,0,0,0,0,3,1,6,2,32,6,1461,2,2,4,1
201443R042014,1,9,0,17,0,0,1,0,0,0,4,1,6,1,20,4,1396,1,12,8,1
201443R042014,2,9,0,18,0,0,0,0,0,0,1,1,2,1,34,6,1149,1,14,10,3
201443R042024,1,9,0,7,0,8,0,0,0,0,3,1,2,1,36,7,1598,1,1,10,1
201443R042024,2,3,0,18,0,8,0,0,0,0,1,1,2,1,26,6,125,1,4,4,1
201443R042044,1,9,0,18,0,0,0,0,0,0,1,1,6,2,29,6,1242,1,3,7,1
201443R042064,1,1,0,18,0,0,0,0,0,0,3,1,6,2,6,2,-1,-1,-1,10,1
201443R042064,2,9,0,18,0,0,0,0,0,0,1,1,6,2,63,9,1598,1,13,5,1
201443R042074,1,9,0,9,0,2,0,0,0,0,1,1,6,2,36,7,1396,1,14,3,1
201443R042074,2,1,0,18,0,2,0,0,0,0,3,1,6,1,56,9,-1,-1,-1,6,1
201443R042084,1,9,0,17,0,2,0,0,0,0,3,1,6,2,29,6,1796,1,10,10,1
201443R042084,2,1,0,18,0,1,0,0,0,0,1,1,6,1,62,9,-1,-1,-1,10,1
201443R042094,1,8,0,18,0,0,0,0,0,0,1,1,2,1,60,9,2987,2,7,2,1
201443R042124,1,9,0,18,0,0,0,0,0,0,1,1,2,1,30,6,1596,1,9,5,2
201443R042124,2,9,0,4,0,0,0,0,0,0,1,1,2,1,29,6,-1,-1,-1,8,1
201443R043014,1,9,0,18,0,1,1,0,0,0,1,1,1,1,27,6,-1,-1,-1,7,3
201443R043014,2,9,0,18,0,6,0,0,0,0,3,1,6,1,29,6,1995,2,9,4,1
201443R043044,1,9,0,9,0,8,0,0,0,0,3,1,6,2,30,6,-1,-1,-1,7,1
201443R043044,2,5,0,13,0,8,0,0,0,0,1,1,6,1,29,6,-1,-1,-1,8,1
201443R044024,1,9,0,18,0,0,0,4,1,0,1,1,6,1,30,6,1686,2,2,6,1
201443R044024,2,9,0,2,0,0,0,0,4,0,2,1,6,2,45,7,1560,2,3,10,1
201443R044034,1,19,0,12,0,0,0,0,0,0,4,1,1,1,58,9,2198,2,3,-1,-1
201443R044034,2,5,0,4,0,0,0,0,4,0,1,1,6,1,34,6,748,1,22,7,1
201443R044084,1,9,0,16,0,0,1,0,7,4,3,1,6,1,18,4,1598,1,15,10,1
201443R045014,1,9,0,18,0,0,0,0,0,0,1,1,6,1,20,4,998,1,4,10,1
201443R045014,2,9,0,18,0,0,0,0,0,0,1,1,6,1,34,6,1598,1,12,4,1
201443R045044,1,9,0,1,0,0,0,0,0,0,2,1,6,1,40,7,1339,1,12,6,1
201443R045074,1,9,0,9,0,8,0,0,0,0,4,1,6,3,-1,-1,4197,1,9,6,1
201443R045074,2,9,0,18,0,8,0,0,7,11,3,1,6,2,23,5,1968,2,8,2,1
201443R045124,1,9,0,18,0,0,0,0,0,0,2,1,6,1,45,7,1992,2,7,10,1
201443R046084,1,8,0,5,0,0,0,0,0,0,1,1,1,1,38,7,-1,-1,-1,8,1
201443R046114,1,9,0,17,0,8,0,0,1,10,4,1,6,1,23,5,1596,1,3,-1,1
201443R046124,1,19,0,18,0,1,1,0,0,0,1,1,1,1,38,7,-1,-1,-1,8,3
201443R046124,2,9,0,5,0,1,0,0,0,0,2,1,6,2,64,9,1896,2,11,-1,3
201443R047024,1,9,0,18,0,0,0,0,0,0,4,1,1,1,-1,-1,-1,-1,-1,-1,-1
201443R047024,2,9,0,12,0,0,0,0,0,0,3,1,6,2,72,10,-1,-1,-1,4,1
201443R047034,1,1,0,18,0,0,0,0,0,0,1,1,4,1,13,3,-1,-1,-1,2,1
201443R047034,2,9,0,18,0,0,0,0,0,0,4,1,2,1,18,4,-1,-1,-1,6,1
201443R047084,1,9,0,4,0,8,0,0,0,0,1,1,6,1,63,9,1800,1,14,4,1
201443R047084,2,19,0,4,0,1,0,0,0,0,2,1,6,2,41,7,2287,2,-1,10,1
201443R047094,1,8,0,18,0,0,0,0,1,2,1,1,1,1,31,6,1896,2,8,4,1
201443R048034,1,9,0,7,0,5,0,0,0,0,4,1,6,3,-1,-1,-1,-1,-1,-1,-1
201443R048054,1,8,0,5,0,3,0,0,0,0,1,1,1,1,57,9,1997,2,5,6,1
201443R048054,2,1,0,18,0,8,0,0,0,0,2,1,6,1,45,7,-1,-1,-1,9,1
201443R048084,1,2,0,17,0,0,0,4,0,0,1,1,6,1,17,4,49,1,12,8,1
201443R048084,2,9,0,16,0,0,0,0,0,0,1,1,6,2,82,11,1598,1,14,8,1
201443R048084,3,9,0,2,0,0,0,0,0,0,4,1,6,1,-1,-1,2143,2,4,-1,-1
201443R048094,1,9,0,4,0,0,0,0,0,0,1,1,6,1,47,8,1968,2,-1,2,1
201443R048094,2,9,0,4,0,0,0,0,0,0,2,1,6,1,43,7,-1,-1,-1,-1,-1
201443R048094,3,9,0,4,0,0,0,0,0,0,2,1,6,1,50,8,3980,1,19,6,1
201443R048094,4,9,0,4,0,0,0,0,0,0,2,1,6,1,38,7,998,1,11,-1,1
201443R048104,1,9,0,9,0,8,0,0,0,0,1,1,6,1,40,7,1299,1,11,-1,-1
201443R048104,2,9,0,18,0,8,0,0,0,0,4,1,6,2,31,6,-1,-1,-1,9,1
201443R049034,1,9,0,18,0,0,0,0,0,0,1,1,2,1,18,4,1968,2,11,6,1
201443R049034,2,9,0,18,0,0,0,0,0,0,2,1,2,2,49,8,1999,1,12,5,1
201443R049054,1,9,0,9,0,8,0,0,0,0,1,1,6,2,68,10,1596,1,14,8,1
201443R049054,2,9,0,18,0,8,0,0,1,2,3,1,2,2,32,6,1339,1,6,7,1
201443R049064,1,9,0,2,9,1,0,0,0,0,3,1,6,2,29,6,1596,1,13,1,1
201443R049064,2,1,0,18,9,1,0,0,0,0,1,1,6,1,53,8,-1,-1,-1,3,1
201443R049064,3,9,0,3,0,1,0,0,0,0,4,1,6,1,-1,-1,-1,-1,-1,-1,-1
201443R049074,1,9,0,12,0,8,0,0,0,0,1,1,6,2,31,6,998,1,14,2,1
201443R049074,2,9,0,18,0,8,0,0,0,0,2,1,6,2,58,9,1973,1,14,10,1
201443R049094,1,9,0,10,0,1,0,0,0,0,2,1,6,1,83,11,1910,2,11,6,1
201443R049094,2,9,0,18,0,1,1,0,0,0,1,1,6,2,21,5,1388,1,12,5,1
201443R049124,1,9,0,9,0,6,0,0,0,0,1,1,6,2,34,6,1995,2,6,4,1
201443R050014,1,9,0,1,0,5,0,0,0,0,2,2,6,1,24,5,-1,-1,-1,3,1
201443R050034,1,5,0,18,0,1,0,0,7,11,3,1,6,1,19,4,659,1,6,10,1
201443R050034,2,19,0,9,0,6,0,0,0,0,0,1,1,1,60,9,1598,2,4,10,1
201443R050064,1,9,0,1,0,6,0,0,0,0,2,1,6,2,-1,-1,1198,1,5,-1,-1
201443R050074,1,9,0,18,0,8,0,0,0,0,1,1,6,2,-1,-1,-1,-1,-1,-1,-1
201443R050074,2,9,0,18,0,8,0,0,0,0,2,1,6,2,26,6,1199,1,13,7,1
201443R050104,1,9,0,7,0,6,0,0,0,0,1,1,2,2,32,6,1798,1,2,10,1
201443R051014,1,9,0,9,0,6,0,0,0,0,1,1,6,1,31,6,2148,2,10,2,1
201443R051014,2,9,0,14,0,8,0,0,8,4,4,1,6,2,64,9,998,1,12,7,1
201443R051024,1,9,0,18,0,1,0,0,0,0,4,1,6,1,-1,-1,-1,-1,-1,-1,-1
201443R051034,1,9,0,4,0,1,0,0,0,0,1,1,6,2,82,11,1149,1,10,10,1
201443R051034,2,3,0,3,0,1,0,0,0,0,2,1,6,1,23,5,125,1,-1,7,3
201443R051064,1,9,0,4,0,0,0,0,0,0,2,1,1,2,24,5,1781,1,11,7,3
201443R051064,2,9,0,18,0,0,0,0,0,0,1,1,6,2,-1,-1,1560,2,1,7,1
201443R051074,1,9,0,18,0,3,0,0,0,0,3,1,2,2,26,6,1364,1,5,5,1
201443R051074,2,9,0,7,0,3,0,0,0,0,4,1,6,2,34,6,2497,2,8,-1,1
201443R051104,1,9,0,9,0,8,0,0,0,0,1,1,6,1,68,10,998,1,-1,9,1
201443R051104,2,9,0,18,0,8,0,0,0,0,1,1,2,1,26,6,1600,1,24,-1,-1
201443R052014,1,9,0,4,0,1,0,0,0,0,1,1,6,3,-1,-1,3246,1,11,-1,-1
201443R052014,2,9,0,4,0,1,0,0,0,0,2,1,6,1,18,4,1769,1,11,2,1
201443R052034,1,9,0,18,0,8,0,0,3,11,1,1,6,1,19,4,1995,2,4,10,1
201443R052054,1,9,0,5,0,1,0,0,0,0,1,1,6,1,30,6,-1,-1,-1,-1,-1
201443R052064,1,98,0,12,0,0,0,0,0,0,3,1,6,3,-1,-1,-1,-1,-1,-1,-1
201443R052064,2,9,0,13,0,0,0,0,0,0,4,1,6,3,40,7,1586,1,11,4,1
201443R052074,1,9,0,18,0,1,0,0,0,0,1,1,2,1,34,6,1998,1,9,6,1
201443R052074,2,9,0,4,0,5,0,0,0,0,2,1,6,2,39,7,1242,1,16,6,1
201443R053044,1,9,0,18,0,8,0,0,0,0,1,1,6,2,22,5,1896,2,12,5,1
201443R053044,2,9,0,18,0,8,0,0,0,0,1,1,6,1,50,8,1560,2,6,-1,-1
201443R053044,3,9,0,18,0,8,0,0,0,0,3,1,6,2,24,5,1364,1,5,9,1
201443R053054,1,9,0,9,0,8,0,0,0,0,4,1,6,1,26,6,998,1,1,5,1
201443R053054,2,9,0,18,0,8,0,0,0,0,1,1,6,1,21,5,1600,1,8,7,1
201443R053064,1,9,0,2,0,1,0,0,0,0,4,1,6,1,32,6,1956,2,-1,10,1
201443R053064,2,9,0,18,0,1,0,0,0,0,4,1,6,1,71,10,1299,1,15,4,1
201443R053074,1,9,0,9,0,8,0,0,0,0,4,1,6,2,38,7,1362,1,2,8,1
201443R053074,2,9,0,18,0,8,0,0,0,0,1,1,6,1,17,4,1229,1,7,5,1
201443R053124,1,9,0,18,0,0,1,4,0,0,1,1,6,2,41,7,1896,2,12,-1,-1
201443R053124,2,9,0,2,0,0,0,4,0,0,2,1,6,3,-1,-1,1799,1,9,-1,-1
201443R053124,3,9,0,2,0,0,0,0,0,0,2,1,6,3,23,5,-1,-1,-1,6,3
201443R055014,1,9,0,18,0,1,0,0,0,0,3,1,6,1,49,8,1200,1,1,4,3
201443R055014,2,9,0,9,0,8,0,0,0,0,4,1,6,2,31,6,1910,2,6,4,1
201443R055034,1,9,0,18,0,0,0,0,0,0,1,1,6,2,26,6,-1,-1,-1,9,2
201443R055114,1,8,0,9,0,8,0,0,0,0,4,1,1,3,58,9,1794,1,8,3,1
201443R055114,2,9,0,18,0,1,0,0,1,0,4,1,6,3,35,6,-1,-1,-1,3,1
201443R056024,1,9,0,18,0,0,1,0,0,0,1,1,2,2,25,5,1995,2,2,7,1
201443R056024,2,9,0,4,0,0,0,0,0,0,2,1,2,1,54,8,2000,2,3,7,1
201443R056024,3,9,0,4,0,0,0,0,0,0,2,1,6,1,54,8,1299,1,7,9,3
201443R056034,1,9,0,7,0,8,0,0,0,0,4,1,2,1,34,6,1896,2,8,4,1
201443R056034,2,9,0,18,0,8,0,0,0,0,1,1,2,1,63,9,1991,2,8,7,1
201443R056064,1,9,0,18,0,0,0,0,0,0,1,1,6,1,40,7,1242,1,16,-1,-1
201443R056064,2,9,0,18,0,0,0,0,0,0,2,1,2,2,59,9,1598,1,12,-1,3
201443R056064,3,9,0,18,0,0,0,0,0,0,2,1,6,1,60,9,1995,2,9,-1,-1
201443R056114,1,9,0,9,0,6,0,0,0,0,4,1,2,2,21,5,1995,2,3,3,1
201443R056114,2,1,0,17,0,8,0,0,0,0,1,1,6,1,51,8,-1,-1,-1,6,1
201443R057024,1,19,0,18,0,0,0,0,0,0,1,1,6,1,-1,-1,1968,2,10,10,1
201443R057064,1,9,0,18,0,1,0,10,4,7,1,1,6,1,72,10,1995,2,8,8,1
201443R058034,1,9,0,9,0,8,0,0,0,0,1,1,6,2,37,7,2967,2,4,5,1
201443R058034,2,9,0,9,0,8,0,0,0,0,2,1,6,2,-1,-1,1398,2,12,10,1
201443R058064,1,9,0,18,0,1,0,0,7,1,1,1,6,1,74,10,1461,2,3,10,1
201443R058064,2,9,0,2,6,1,0,0,0,0,3,1,6,2,46,8,1999,1,10,8,1
201443R058064,3,9,0,2,6,1,0,0,0,0,3,1,6,2,41,7,1598,1,7,8,1
201443R058064,4,9,0,2,6,1,0,0,0,0,3,1,6,1,37,7,-1,-1,-1,5,1
201443R058064,5,9,0,18,0,1,0,0,0,0,1,1,6,2,41,7,2401,2,9,8,1
201443R058064,6,9,0,18,0,1,0,0,0,0,1,1,6,2,27,6,1398,1,-1,10,1
201443R059014,1,9,0,18,0,1,0,0,0,0,1,1,6,1,-1,-1,1599,1,10,-1,-1
201443R059014,2,9,0,8,0,1,0,0,0,0,2,1,6,1,27,6,-1,-1,-1,7,1
201443R059024,1,9,0,18,0,0,0,7,0,1,1,1,6,2,67,10,1996,1,17,4,1
201443R059054,1,9,0,18,0,0,0,0,0,0,3,1,6,1,55,8,1589,1,19,6,1
201443R059054,2,9,0,18,0,0,0,0,0,0,3,1,6,1,27,6,1587,1,15,6,1
201443R060044,1,5,0,18,0,0,0,0,0,0,1,1,6,1,29,6,599,1,11,4,1
201443R060044,2,9,0,18,0,0,0,0,0,0,2,1,6,1,24,5,2148,2,10,6,1
201443R060094,1,9,0,7,0,8,0,0,0,0,3,1,6,2,55,8,2400,2,-1,5,1
201443R060094,2,2,0,18,0,8,0,0,0,0,1,1,6,1,17,4,49,1,2,10,1
201443R060114,1,1,0,18,0,8,0,0,0,0,4,1,4,1,16,4,-1,-1,-1,4,1
201443R060114,2,9,0,18,0,1,0,0,0,0,1,1,1,2,26,6,1995,2,4,4,1
201443R061024,1,21,1,11,0,0,0,0,0,0,4,1,1,1,60,9,12777,2,6,5,2
201443R061024,2,9,0,18,0,0,1,0,0,0,3,1,2,2,48,8,1995,1,6,7,1
201443R061034,1,9,0,7,0,5,0,0,0,0,4,1,2,2,27,6,1798,8,1,5,1
201443R061034,2,1,0,18,0,1,0,0,0,0,3,1,6,1,33,6,-1,-1,-1,5,1
201443R062074,1,9,0,18,0,0,0,0,1,7,1,1,6,1,36,7,1598,1,3,6,1
201443R062074,2,9,0,18,0,0,0,0,4,6,2,1,6,2,30,6,999,1,1,2,1
201443R062074,3,9,0,18,0,0,0,0,0,0,2,1,6,2,29,6,1685,2,-1,-1,1
201443R062074,4,9,0,18,0,0,0,0,0,0,2,1,6,1,28,6,1598,1,11,3,1
201443R062104,1,9,0,9,0,6,0,0,0,0,3,1,2,2,34,6,1995,2,1,4,1
201443R062104,2,1,0,17,0,1,0,0,0,0,1,1,2,1,33,6,-1,-1,-1,7,1
201443R062114,1,9,0,18,0,4,0,0,0,0,3,1,6,2,-1,-1,998,1,12,9,3
201443R062114,2,9,0,18,0,8,0,0,0,0,1,1,6,1,45,7,2979,1,11,10,1
201443R063034,1,9,0,18,0,1,0,0,0,0,1,1,6,1,-1,-1,1753,2,14,-1,-1
201443R063034,2,9,0,7,0,5,0,0,1,0,2,1,6,1,47,8,2976,1,13,2,1
201443R063104,1,9,0,9,0,2,0,0,0,0,1,1,2,2,52,8,2191,2,1,4,1
201443R064064,1,9,0,9,0,6,0,0,0,0,1,1,1,1,38,7,1868,2,13,5,1
201443R064104,1,9,0,18,0,4,0,0,0,0,3,1,1,1,39,7,-1,-1,-1,5,1
201443R064104,2,3,0,18,0,8,0,0,0,0,1,1,2,1,49,8,124,1,5,6,1
201443R064114,1,9,0,9,0,6,0,0,0,0,1,1,1,1,28,6,1498,1,9,8,1
201443R064114,2,9,0,18,0,8,0,0,0,0,4,1,2,2,50,8,-1,-1,-1,8,1
201443R065024,1,9,0,11,0,0,1,0,2,7,1,1,2,1,29,6,-1,-1,-1,7,1
201443R065024,2,9,0,18,0,0,1,0,2,7,2,1,6,1,21,5,1900,2,14,3,1
201443R065104,1,9,0,16,0,0,0,0,0,0,1,1,6,1,24,5,1124,1,6,7,1
201443R065104,2,19,0,2,0,0,0,0,0,0,2,1,6,1,48,8,1686,2,12,10,1
201443R065114,1,9,0,18,0,0,0,6,0,0,1,1,3,1,19,4,1910,2,8,10,1
201443R066014,1,9,0,18,0,8,0,0,0,0,1,1,2,2,59,9,1598,1,16,5,1
201443R066014,2,1,0,9,0,8,0,0,0,0,1,1,6,1,68,10,-1,-1,-1,2,1
201443R066024,1,9,0,18,0,0,0,0,0,0,1,1,6,1,28,6,1896,2,12,6,1
201443R066024,2,9,0,18,0,0,0,0,0,0,2,1,6,1,63,9,1332,1,15,4,1
201443R066034,1,9,0,11,0,0,0,0,0,0,0,1,6,2,53,8,1598,1,3,10,1
201443R066034,2,2,0,18,0,0,0,0,0,0,1,1,2,1,18,4,49,1,3,6,1
201443R066044,1,9,0,18,0,7,0,0,0,0,1,1,6,3,40,7,1968,2,2,10,1
201443R066044,2,9,0,18,0,7,0,0,0,0,2,1,6,1,45,7,-1,-1,-1,5,1
201443R066064,1,9,0,9,0,4,0,0,0,0,1,1,1,1,36,7,1248,2,3,10,3
201443R066064,2,1,0,18,0,8,0,0,0,0,1,1,6,1,56,9,-1,-1,-1,4,1
201443R066074,1,8,0,6,0,0,0,0,0,0,3,1,1,1,25,5,2143,2,5,3,1
201443R066074,2,1,0,13,0,0,0,0,7,9,1,1,2,1,22,5,-1,-1,-1,7,2
201443R067034,1,19,0,18,0,2,0,0,0,0,1,1,1,1,40,7,1870,2,8,9,2
201443R067074,1,9,0,9,0,5,0,0,0,0,1,1,6,2,67,10,1199,1,11,8,1
201443R067084,1,9,0,18,0,0,0,12,0,0,1,1,6,1,26,6,1796,1,9,8,1
201443R067094,1,19,0,18,0,0,0,0,0,0,1,1,1,1,27,6,2998,2,1,10,2
201443R067094,2,9,0,3,0,0,0,0,0,0,2,1,1,1,44,7,2993,2,4,10,1
201443R067094,3,21,1,3,0,0,0,0,0,0,2,1,1,1,41,7,-1,-1,-1,6,1
201443R067104,1,9,0,9,0,8,0,0,0,0,1,1,6,1,52,8,1995,1,5,5,1
201443R067104,2,9,0,7,0,8,0,0,0,0,3,1,6,2,42,7,1229,1,4,6,1
201443R068104,1,21,0,18,0,0,0,0,0,0,4,1,1,1,46,8,6370,2,4,10,1
201443R068104,2,1,0,18,0,0,0,0,0,0,3,1,2,1,29,6,-1,-1,-1,4,1
201443R068114,1,9,0,18,0,1,0,0,0,0,3,1,3,2,31,6,1598,1,13,4,2
201443R069014,1,9,0,18,0,0,2,0,1,9,1,1,6,1,44,7,1998,1,6,-1,1
201443R069034,1,9,0,4,0,0,0,0,0,0,1,1,2,2,40,7,2401,2,6,9,1
201443R069034,2,9,0,4,0,0,0,0,0,0,2,1,2,1,21,5,1199,1,10,8,1
201443R069034,3,9,0,4,0,0,0,0,0,0,2,1,6,1,70,10,1197,1,3,7,1
201443R069034,4,9,0,4,0,0,0,0,0,0,2,1,6,2,46,8,1560,2,4,9,1
201443R069064,1,9,0,18,0,0,0,0,0,0,1,1,6,3,-1,-1,-1,-1,-1,-1,-1
201443R069064,2,19,0,1,0,0,0,0,0,0,2,1,6,1,49,8,-1,-1,-1,3,1
201443R069074,1,9,0,18,0,4,0,0,0,0,1,1,6,1,29,6,1968,2,4,9,1
201443R069074,2,9,0,4,0,4,0,0,0,0,2,1,6,1,58,9,2993,2,2,-1,1
201443R070014,1,9,0,7,0,8,0,0,0,0,1,1,6,1,-1,-1,-1,-1,-1,-1,-1
201443R070054,1,8,0,9,0,8,0,0,0,0,3,1,1,1,25,5,1956,2,5,-1,1
201443R070054,2,1,0,13,0,8,0,0,0,0,1,1,2,1,29,6,-1,-1,-1,10,1
201443R070094,1,9,0,18,0,0,0,0,0,0,1,1,6,2,24,5,1198,1,1,-1,1
201443R070094,2,9,0,4,0,0,0,0,0,0,2,1,6,1,25,5,1582,2,-1,-1,-1
201443R070094,3,9,0,4,0,0,0,0,0,0,2,1,6,2,51,8,999,1,-1,-1,1
201443R070104,1,1,0,18,0,0,1,0,0,0,3,1,6,1,-1,-1,-1,-1,-1,-1,-1
201443R070104,2,3,0,13,0,0,1,0,0,0,4,1,6,1,20,4,124,1,3,10,2
201443R070114,1,9,0,4,0,0,0,0,0,0,2,1,6,2,49,8,2148,2,9,5,1
201443R070114,2,19,0,18,0,0,0,0,0,0,1,1,1,1,34,6,2463,2,10,8,1
201443R071034,1,1,0,18,0,1,0,0,0,0,1,1,2,1,29,6,-1,-1,-1,10,1