Accident_Index,Vehicle_Reference,Vehicle_Type,Towing_and_Articulation,Vehicle_Manoeuvre,Vehicle_Location-Restricted_Lane,Junction_Location,Skidding_and_Overturning,Hit_Object_in_Carriageway,Vehicle_Leaving_Carriageway,Hit_Object_off_Carriageway,1st_Point_of_Impact,Was_Vehicle_Left_Hand_Drive?,Journey_Purpose_of_Driver,Sex_of_Driver,Age_of_Driver,Age_Band_of_Driver,Engine_Capacity_(CC),Propulsion_Code,Age_of_Vehicle,Driver_IMD_Decile,Driver_Home_Area_Type
201443R071034,2,9,0,4,0,1,0,0,0,0,4,1,6,1,33,6,1598,2,-1,4,1
201443R071074,1,9,0,9,0,8,0,0,1,4,3,1,6,2,43,7,1124,1,17,5,1
201443R071074,2,9,0,17,0,8,0,0,0,0,4,1,6,2,52,8,1598,1,1,9,1
201443R071094,1,9,0,9,0,8,0,10,0,0,1,1,6,2,56,9,1388,1,4,4,1
201443R071094,2,9,0,18,0,8,0,0,7,11,4,1,6,1,31,6,2979,1,12,3,1
201443R071104,1,9,0,9,0,5,0,0,0,0,0,1,6,3,-1,-1,-1,-1,-1,-1,-1
201443R071104,2,3,0,13,0,1,1,0,0,0,0,1,3,1,17,4,125,1,-1,5,1
201443R072014,1,9,0,9,0,2,0,0,0,0,4,1,2,1,26,6,-1,-1,-1,6,1
201443R072034,1,9,0,9,0,6,0,0,0,0,1,1,6,1,57,9,1784,1,9,-1,1
201443R072034,2,3,0,18,0,1,0,0,0,0,4,1,6,1,17,4,124,1,6,10,1
201443R072034,3,9,0,18,0,1,0,0,0,0,3,1,6,2,44,7,-1,-1,-1,8,1
201443R072064,1,9,0,2,0,0,0,0,0,0,3,1,2,1,21,5,2488,1,8,7,3
201443R072064,2,1,0,14,0,0,0,8,0,0,1,1,6,2,60,9,-1,-1,-1,9,1
201443R073044,1,9,0,11,0,8,0,0,0,0,4,1,6,1,78,11,1159,1,-1,10,2
201443R073044,2,9,0,18,0,8,0,0,0,0,3,1,6,1,20,4,1368,1,6,2,1
201443R073054,1,21,0,18,0,8,0,0,0,0,1,1,1,1,43,7,6692,2,6,2,1
201443R073054,2,9,0,18,0,8,0,0,0,0,2,1,6,1,40,7,1360,1,12,8,1
201443R073074,1,9,0,18,0,0,0,0,0,0,1,1,6,1,29,6,1686,2,9,10,1
201443R073094,1,9,0,18,0,0,0,0,0,0,1,1,6,1,40,7,-1,-1,-1,-1,1
201443R073094,2,9,0,3,0,0,0,0,0,0,2,1,6,1,54,8,1799,1,6,6,1
201443R073104,1,9,0,12,0,0,0,0,0,0,1,1,6,1,19,4,1596,1,3,9,1
201443R073104,2,9,0,3,0,0,0,0,0,0,2,1,1,1,47,8,2995,1,3,5,1
201443R073104,3,9,0,3,0,0,0,0,0,0,2,1,6,1,41,7,2000,2,4,7,3
201443R074084,1,5,0,4,0,0,1,0,0,0,0,1,2,1,57,9,598,1,17,6,1
201443R074104,1,5,0,7,0,1,0,0,0,0,1,1,6,1,19,4,-1,-1,-1,9,1
201443R074104,2,9,0,8,0,1,0,0,0,0,2,1,6,1,35,6,1341,1,11,-1,1
201443R074124,1,1,0,18,0,8,0,0,0,0,1,1,6,1,8,2,-1,-1,-1,-1,-1
201443R074124,2,19,0,18,0,6,0,0,0,0,3,1,6,1,48,8,1686,2,3,-1,-1
201443R075024,1,9,0,9,0,1,0,0,0,0,1,1,6,2,35,6,1910,2,8,-1,-1
201443R075024,2,4,0,10,0,1,0,0,0,0,4,1,6,2,40,7,223,1,15,10,1
201443R075054,1,9,0,16,0,0,0,0,0,0,1,1,6,1,46,8,2231,2,8,3,1
201443R075054,2,1,0,18,0,0,1,0,0,0,1,1,6,1,17,4,-1,-1,-1,5,1
201443R075064,1,9,0,18,0,1,0,0,0,0,1,1,6,1,18,4,1560,2,5,6,1
201443R075064,2,9,0,18,0,4,0,0,0,0,2,1,2,2,61,9,1390,1,12,10,1
201443R075094,1,19,0,7,0,5,0,0,0,0,1,1,6,1,29,6,1998,2,13,4,1
201443R075094,2,9,0,3,0,2,0,0,0,0,2,1,6,1,36,7,998,1,14,9,1
201443R075104,1,9,0,7,0,6,0,0,0,0,1,1,1,2,61,9,1242,1,1,8,1
201443R075104,2,1,0,18,0,8,0,0,0,0,4,1,6,2,31,6,-1,-1,-1,8,1
201443R075114,1,9,0,18,0,0,0,0,0,0,1,1,6,2,48,8,1198,1,3,8,1
201443R075114,2,9,0,4,0,0,0,0,0,0,2,1,6,2,22,5,1248,2,7,2,1
201443R076024,1,9,0,18,0,8,0,0,7,1,1,1,1,1,58,9,1895,1,13,7,1
201443R076064,1,9,0,9,0,4,0,0,0,0,1,1,6,1,32,6,1396,1,12,9,3
201443R076064,2,9,0,18,0,8,0,0,0,0,2,1,6,1,18,4,1995,2,4,6,1
201443R076094,1,19,0,17,0,0,0,0,0,0,1,1,2,1,56,9,1896,2,19,4,1
201443R076094,2,9,0,16,0,0,0,0,0,0,1,1,2,2,23,5,1299,1,6,4,1
201443R076114,1,9,0,18,0,0,1,0,5,6,1,1,6,1,48,8,1986,2,8,6,1
201443R076114,2,9,0,4,0,0,0,0,0,0,2,1,3,2,37,7,1995,2,9,7,3
201443R076114,3,9,0,18,0,0,0,0,0,0,1,1,6,2,30,6,1600,2,3,-1,-1
201443R077024,1,9,0,7,9,6,0,0,0,0,4,1,2,2,46,8,1896,2,10,6,1
201443R077034,1,9,0,16,0,1,0,0,0,0,3,1,6,1,50,8,1242,1,12,5,1
201443R077034,2,9,0,18,0,1,0,0,0,0,4,1,6,1,42,7,1796,1,1,4,1
201443R077074,1,9,0,17,0,0,0,0,0,0,1,1,6,2,48,8,2438,1,17,10,3
201443R077074,2,9,0,16,0,0,0,0,0,0,1,2,6,1,-1,-1,2143,2,2,10,1
201443R078014,1,9,0,18,0,1,0,0,0,0,1,1,6,1,51,8,1596,1,14,1,1
201443R078014,2,9,0,3,0,1,0,0,0,0,2,1,6,1,58,9,1997,2,6,2,1
201443R078034,1,9,0,17,0,0,5,0,2,3,1,1,2,2,23,5,-1,-1,-1,5,1
201443R078084,1,9,0,18,0,1,0,0,0,0,1,1,6,1,-1,-1,-1,-1,-1,-1,-1
201443R078084,2,9,0,3,0,1,0,0,0,0,2,1,6,2,56,9,-1,-1,-1,2,1
201443R078114,1,9,0,17,0,0,0,0,0,0,1,1,1,1,32,6,1332,1,6,1,1
201443R078114,2,9,0,18,0,0,0,0,7,0,3,1,1,1,38,7,1956,2,5,8,1
201443R078114,3,9,0,18,0,0,0,0,0,0,1,1,1,2,33,6,2000,2,5,-1,-1
201443R079014,1,9,0,18,0,0,0,0,0,0,1,1,6,1,18,4,3246,1,10,4,1
201443R079014,2,9,0,18,0,0,1,0,1,0,1,1,2,2,30,6,998,1,18,-1,1
201443R079054,1,90,0,18,0,0,0,0,0,0,4,1,1,1,56,9,5890,2,2,6,1
201443R079074,1,9,0,12,0,0,2,0,1,0,1,1,6,1,25,5,-1,-1,-1,8,1
201443R079074,2,9,0,13,0,0,2,0,1,0,2,1,6,2,29,6,1388,1,8,6,1
201443R079074,3,9,0,18,0,0,0,0,0,0,1,1,2,1,47,8,1999,1,17,-1,1
201443R079084,1,19,0,17,0,0,1,10,0,0,4,1,6,2,40,7,1997,2,8,10,1
201443R079104,1,9,0,11,0,8,0,0,0,0,4,1,6,3,-1,-1,-1,-1,-1,-1,-1
201443R079104,2,9,0,18,0,8,0,0,0,0,3,1,6,2,37,7,1753,2,6,8,3
201443R079114,1,9,0,18,0,7,0,0,0,0,1,1,6,1,30,6,-1,-1,-1,-1,-1
201443R079114,2,1,0,18,4,8,0,0,0,0,4,1,2,1,50,8,-1,-1,-1,5,1
201443R080024,1,9,0,18,0,0,1,0,0,0,1,1,2,1,21,5,1198,1,7,3,1
201443R080024,2,8,0,18,0,0,0,0,0,0,2,1,1,1,32,6,1997,2,4,2,1
201443R080034,1,9,0,9,0,5,0,0,0,0,1,1,2,1,35,6,-1,-1,-1,8,1
201443R080064,1,19,0,4,0,1,0,0,0,0,1,1,1,1,31,6,-1,-1,-1,10,1
201443R080064,2,9,0,3,0,1,0,0,0,0,2,1,6,2,61,9,1995,2,2,10,1
201443R080084,1,9,0,18,0,4,0,0,0,0,1,1,6,2,-1,-1,1896,2,12,-1,-1
201443R080084,2,2,0,18,0,8,0,0,0,0,4,1,6,1,17,4,-1,-1,-1,8,1
201443R080094,1,4,0,18,0,1,1,0,0,0,4,1,6,1,33,6,296,1,-1,5,1
201443R080104,1,9,0,9,0,6,0,0,0,0,4,1,6,2,32,6,1596,1,11,9,1
201443R080104,2,97,0,13,0,8,0,0,0,0,1,1,6,1,47,8,250,1,2,5,1
201443R080114,1,9,0,9,0,6,0,0,0,0,1,1,6,1,70,10,1781,1,13,10,1
201443R080114,2,9,0,18,0,8,0,0,0,0,1,1,6,2,46,8,1360,1,12,2,1
201443R081024,1,9,0,7,0,3,0,0,0,0,1,1,3,1,65,9,1762,1,18,3,1
201443R081074,1,9,0,18,0,4,0,0,0,0,0,1,6,3,-1,-1,-1,-1,-1,-1,-1
201443R081074,2,3,0,18,0,3,1,0,0,0,1,1,6,1,22,5,124,1,3,4,1
201443R081094,1,9,0,13,0,0,0,0,0,0,1,1,6,1,48,8,1368,1,5,5,1
201443R081094,2,1,0,18,0,0,0,0,0,0,2,1,6,1,22,5,-1,-1,-1,10,1
201443R081114,1,9,0,18,0,0,0,0,0,0,1,1,6,3,-1,-1,-1,-1,-1,9,1
201443R081114,2,1,0,18,0,0,0,0,0,0,4,1,6,1,33,6,-1,-1,-1,4,1
201443R082014,1,4,0,17,0,0,1,0,0,0,3,1,2,1,56,9,781,1,16,8,1
201443R082044,1,9,0,18,0,0,0,0,0,0,1,1,6,2,-1,-1,998,1,3,-1,-1
201443R082044,2,9,0,3,0,0,0,0,0,0,2,1,6,2,33,6,1989,1,14,-1,1
201443R082094,1,19,0,4,0,0,0,0,0,0,1,1,1,1,34,6,1995,2,2,2,1
201443R082094,2,19,0,4,0,0,0,0,0,0,2,1,1,1,20,4,2400,2,5,7,1
201443R082094,3,9,0,4,0,0,0,0,0,0,2,1,1,2,42,7,-1,-1,-1,5,1
201443R082104,1,9,0,18,0,1,0,0,0,0,1,1,6,2,30,6,1360,1,12,5,1
201443R082114,1,9,0,18,0,2,0,0,0,0,3,1,6,2,-1,-1,-1,-1,-1,-1,-1
201443R082124,1,9,0,4,0,0,0,0,0,0,1,1,2,2,33,6,1240,1,8,6,1
201443R082124,2,5,0,16,0,0,1,0,0,0,2,1,6,1,31,6,600,1,14,10,1
201443R083024,1,9,0,17,0,0,0,0,0,0,3,1,6,1,53,8,2295,1,12,-1,-1
201443R083034,1,9,0,18,0,2,0,0,0,0,3,1,2,2,29,6,1968,2,9,8,1
201443R083074,1,9,0,18,0,2,2,0,7,11,1,1,6,1,22,5,1299,1,16,6,1
201443R083084,1,9,0,16,0,0,5,0,7,3,1,1,6,2,19,4,1598,1,6,10,1
201443R083124,1,9,0,18,0,0,0,0,0,0,1,1,6,1,-1,-1,-1,-1,-1,-1,-1
201443R083124,2,9,0,18,0,0,0,0,0,0,2,1,6,2,35,6,1396,1,12,7,1
201443R084054,1,9,0,18,0,2,0,0,7,1,1,1,6,1,22,5,1396,1,9,4,1
201443R084114,1,4,0,17,0,0,0,0,2,2,1,1,6,1,21,5,249,1,6,6,1
201443R085054,1,9,0,9,0,6,0,0,0,0,1,1,6,1,-1,-1,-1,-1,-1,-1,-1
201443R085054,2,1,0,18,0,8,0,0,0,0,3,1,6,1,29,6,-1,-1,-1,10,3
201443R085064,1,9,0,5,0,6,0,0,0,0,1,1,6,2,48,8,2401,2,12,9,1
201443R085064,2,1,0,18,9,1,0,0,0,0,1,1,6,1,13,3,-1,-1,-1,9,1
201443R085094,1,21,1,10,0,6,0,0,0,0,1,1,1,1,41,7,11946,2,4,4,2
201443R086014,1,9,0,18,0,0,1,0,0,0,1,1,2,1,25,5,1587,1,13,7,1
201443R086014,2,9,0,3,0,0,0,0,0,0,2,1,2,1,34,6,1995,1,9,7,1
201443R086014,3,9,0,3,0,0,0,0,0,0,2,1,2,1,48,8,1896,2,7,7,3
201443R086044,1,9,0,14,0,0,0,0,0,0,1,1,2,1,49,8,1794,1,11,4,1
201443R086044,2,5,0,14,0,0,1,0,0,0,1,1,6,1,28,6,599,1,14,4,1
201443R086074,1,1,0,18,0,1,0,0,0,0,1,1,6,1,44,7,-1,-1,-1,9,1
201443R086074,2,9,0,18,0,1,0,0,0,0,2,1,6,3,64,9,875,1,2,10,1
201443R087014,1,5,0,18,0,0,0,0,0,0,3,1,2,1,57,9,1170,1,1,10,2
201443R087024,1,9,0,18,0,0,0,0,0,0,1,1,6,2,47,8,1596,1,12,5,1
201443R087044,1,9,0,7,0,1,0,0,0,0,4,1,6,3,-1,-1,-1,-1,-1,-1,-1
201443R087044,2,1,0,5,0,1,0,0,1,11,1,1,6,2,45,7,-1,-1,-1,9,1
201443R087104,1,9,0,18,0,1,0,0,0,0,1,1,6,1,-1,-1,1968,2,4,8,1
201443R087104,2,9,0,8,0,1,0,0,0,0,2,1,3,1,37,7,1598,1,11,4,1
201443R087114,1,9,0,9,0,6,0,0,0,0,3,1,6,1,22,5,-1,-1,-1,4,1
201443R087114,2,5,0,18,0,8,0,0,0,0,1,1,2,1,38,7,599,1,6,-1,-1
201443R087124,1,9,0,7,0,6,0,0,0,0,1,1,6,1,36,7,1299,1,15,7,1
201443R087124,2,9,0,18,0,8,0,0,0,0,3,1,6,2,31,6,1198,1,1,-1,1
201443R088034,1,19,0,9,0,8,0,0,3,11,1,1,6,1,35,6,1868,2,10,6,1
201443R088064,1,9,0,7,0,8,0,0,0,0,4,1,6,3,-1,-1,-1,-1,-1,-1,-1
201443R088064,2,1,0,18,0,8,0,0,0,0,1,1,6,1,44,7,-1,-1,-1,3,1
201443R088114,1,21,4,18,0,0,0,0,0,0,3,1,1,1,55,8,12130,2,10,-1,-1
201443R088114,2,19,0,18,0,0,0,0,0,0,1,1,1,1,43,7,1995,2,-1,-1,1
201443R088114,3,9,0,18,0,0,0,0,0,0,2,1,1,1,44,7,1997,2,1,3,1
201443R088114,4,9,0,18,0,0,0,0,0,0,4,1,2,1,55,8,-1,-1,-1,8,1
201443R089014,1,9,0,18,0,8,0,0,0,0,1,1,6,1,47,8,-1,-1,-1,7,3
201443R089014,2,9,0,18,0,8,0,0,0,0,2,1,6,2,30,6,1560,2,1,9,1
201443R089044,1,11,0,4,0,0,0,0,0,0,0,1,1,1,-1,-1,-1,-1,-1,-1,-1
201443R090074,1,9,0,18,0,0,0,0,0,0,1,1,6,2,42,7,1198,1,7,2,1
201443R090074,2,9,0,4,0,0,0,0,0,0,2,1,6,1,23,5,1390,1,7,7,1
201443R090074,3,9,0,4,0,0,0,0,4,0,2,1,6,2,39,7,1995,2,4,-1,1
201443R090074,4,9,0,4,0,0,0,0,0,0,2,1,6,2,41,7,1995,1,6,7,1
201443R090104,1,19,0,7,0,4,0,0,0,0,3,1,6,1,43,7,1995,2,4,-1,-1
201443R090104,2,1,0,18,0,4,0,0,0,0,1,1,1,1,40,7,-1,-1,-1,6,1
201443R091014,1,9,0,4,0,0,0,0,0,0,1,1,2,1,25,5,998,1,13,5,1
201443R091014,2,9,0,5,0,0,0,0,0,0,2,1,2,2,29,6,998,1,13,2,1
201443R091034,1,9,0,9,0,4,0,0,0,0,3,1,2,2,32,6,-1,-1,-1,9,1
201443R091034,2,3,0,9,0,8,0,0,0,0,4,1,6,1,19,4,124,1,5,9,1
201443R091044,1,9,0,3,0,1,0,0,0,0,2,1,2,1,36,7,-1,-1,-1,2,1
201443R091044,2,9,0,3,0,1,0,0,0,0,2,1,6,2,38,7,2198,1,10,6,1
201443R091044,3,19,0,4,0,1,0,0,0,0,1,1,6,1,46,8,1686,2,10,6,1
201443R091054,1,9,0,18,0,1,0,0,0,0,1,1,6,3,-1,-1,1968,2,10,6,2
201443R091054,2,9,0,8,0,1,0,0,0,0,2,1,6,1,20,4,1390,1,3,10,1
201443R091074,1,9,0,18,0,1,0,0,0,0,1,1,6,2,85,11,1299,1,13,10,1
201443R091074,2,9,0,10,0,1,0,0,0,0,2,1,3,2,37,7,1598,1,7,10,1
201443R091094,1,9,0,7,9,6,0,0,0,0,3,1,6,1,27,6,1388,1,15,3,1
201443R092034,1,9,0,17,0,1,1,0,2,10,1,1,2,2,27,6,1124,1,9,8,1
201443R092054,1,9,0,18,0,8,0,0,0,0,1,1,2,1,40,7,4266,1,15,10,1
201443R092054,2,9,0,18,0,8,0,0,1,1,1,1,2,2,59,9,1998,2,8,5,1
201443R092064,1,9,0,4,0,8,0,0,0,0,1,1,6,1,33,6,1968,2,6,4,1
201443R092064,2,9,0,5,0,8,0,0,0,0,1,1,6,1,42,7,1995,2,10,10,1
201443R092074,1,1,0,7,0,1,0,0,0,0,1,1,6,1,22,5,-1,-1,-1,3,1
201443R092104,1,9,0,5,0,8,0,0,0,0,1,1,6,1,-1,-1,-1,-1,-1,-1,-1
201443R092104,2,9,0,18,0,6,0,0,0,0,4,1,1,1,20,4,1896,1,15,6,1
201443R093014,1,9,0,18,0,0,0,0,0,0,1,1,2,1,37,7,2494,1,11,5,1
201443R093024,1,9,0,9,0,8,0,0,0,0,1,1,6,2,40,7,1997,2,5,10,1
201443R093024,2,9,0,18,0,8,0,0,0,0,1,1,6,2,53,8,1368,1,8,10,1
201443R093034,1,19,0,5,0,1,0,0,0,0,1,1,1,1,28,6,1870,2,9,-1,1
201443R093034,2,9,0,16,0,1,0,0,0,0,1,1,6,1,21,5,1597,1,22,-1,-1
201443R093044,1,9,0,11,0,0,0,0,0,0,0,1,6,3,-1,-1,-1,-1,-1,-1,-1
201443R093044,2,9,0,12,0,0,2,0,1,9,1,1,6,2,31,6,1598,1,11,8,3
201443R094034,1,8,0,18,0,1,1,0,0,0,1,1,1,1,29,6,1797,8,4,-1,-1
201443R094034,2,9,0,3,0,1,0,0,0,0,2,1,6,2,64,9,1461,2,5,10,2
201443R094034,3,9,0,3,0,1,0,0,0,0,2,1,6,1,54,8,1986,2,9,7,3
201443R094034,4,9,0,3,0,1,0,0,0,0,2,1,6,1,31,6,1685,2,2,10,1
201443R094094,1,9,0,1,0,0,0,0,0,0,2,1,6,1,30,6,-1,-1,-1,-1,-1
201443R094094,2,9,0,2,0,0,0,0,0,0,1,1,1,1,40,7,1598,2,3,2,1
201443R095014,1,20,0,4,0,1,1,0,0,0,1,1,1,1,27,6,3920,2,1,2,1
201443R095014,2,9,0,4,0,1,0,0,0,0,2,1,6,1,63,9,2946,1,13,-1,1
201443R095034,1,9,0,18,0,1,0,0,0,0,4,1,6,2,28,6,1299,1,15,7,1
201443R095044,1,9,0,12,0,0,2,0,1,9,1,1,6,2,25,5,1388,1,9,7,1
201443R095054,1,9,0,16,0,0,0,0,0,0,0,1,6,2,50,8,1598,1,7,8,1
201443R095084,1,9,0,7,0,6,0,0,0,0,1,1,6,1,61,9,4197,1,9,9,3
201443R095084,2,8,0,17,0,8,0,0,0,0,3,1,1,1,46,8,1995,2,3,6,1
201443R095094,1,9,0,9,0,1,0,0,0,0,1,1,6,2,21,5,998,1,6,-1,-1
201443R095094,2,9,0,18,0,1,0,0,0,0,1,1,6,2,37,7,998,1,11,4,1
201443R095114,1,9,0,18,0,0,0,0,0,0,4,1,6,2,35,6,1360,1,7,-1,-1
201443R096034,1,9,0,3,6,0,0,0,1,6,1,1,6,1,23,5,1596,1,13,5,1
201443R096034,2,9,0,18,0,0,0,0,1,0,1,1,6,2,25,5,1587,1,12,10,1
201443R096034,3,9,0,18,0,0,0,0,0,0,4,1,6,3,58,9,1968,2,1,9,3
201443R096044,1,9,0,18,0,0,0,0,0,0,4,1,6,1,64,9,1896,2,7,4,1
201443R096064,1,9,0,18,0,0,0,0,0,0,1,1,1,1,24,5,-1,-1,-1,9,2
201443R096064,2,9,0,4,0,0,0,0,0,0,2,1,1,1,33,6,1398,1,12,4,1
201443R096064,3,9,0,4,0,0,0,0,0,0,2,1,1,1,28,6,1995,2,5,7,2
201443R096104,1,4,0,18,0,0,1,0,0,0,4,1,6,1,63,9,745,1,9,4,1
201443R097014,1,9,0,17,0,0,2,0,1,4,1,1,1,2,29,6,1349,1,5,10,1
201443R097044,1,5,0,18,0,1,0,0,0,0,1,1,2,1,35,6,599,1,7,10,1
201443R097044,2,9,0,10,0,1,0,0,0,0,2,1,6,1,23,5,1242,1,13,3,1
201443R097054,1,9,0,5,0,0,0,0,0,0,4,1,6,1,35,6,2148,2,6,5,1
201443R097054,2,1,0,15,0,0,0,0,1,0,3,1,6,1,25,5,-1,-1,-1,5,1
201443R097114,1,9,0,18,0,8,0,0,0,0,1,1,6,2,34,6,2204,2,7,4,1
201443R097114,2,9,0,18,0,8,0,0,0,0,1,1,6,1,32,6,1329,1,4,4,1
201443R097124,1,9,0,4,9,0,0,0,0,0,0,1,3,1,63,9,1769,1,10,4,1
201443R098044,1,19,0,18,0,2,0,0,0,0,3,1,6,3,-1,-1,-1,-1,-1,-1,-1
201443R098044,2,5,0,18,0,2,0,0,0,0,1,1,6,1,47,8,2294,1,9,5,1
201443R098054,1,9,0,9,0,8,0,0,0,0,1,1,6,1,32,6,1596,1,10,10,1
201443R098054,2,3,0,18,0,8,0,0,0,0,4,1,6,1,32,6,124,1,-1,-1,1
201443R098074,1,8,0,4,0,8,0,0,0,0,2,1,1,1,62,9,2149,2,7,5,1
201443R098074,2,19,0,18,0,6,0,0,0,0,1,1,6,1,-1,-1,-1,-1,-1,8,1
201443R098074,3,9,0,18,0,8,0,0,0,0,0,1,1,3,-1,-1,-1,-1,-1,-1,-1
201443R098084,1,9,0,5,0,1,0,0,0,0,4,1,6,1,40,7,-1,-1,-1,-1,-1
201443R098104,1,9,0,9,0,6,0,0,0,0,3,1,2,2,24,5,-1,-1,-1,9,1
201443R098104,2,9,0,18,0,1,0,0,0,0,1,1,2,1,22,5,1598,2,3,10,1
201443R098124,1,9,0,5,9,0,0,10,1,11,1,1,6,1,81,11,1596,1,3,4,1
201443R099044,1,21,1,18,0,0,0,0,0,0,1,2,1,1,54,8,-1,-1,-1,-1,-1
201443R099044,2,9,0,18,0,0,1,0,1,7,4,1,6,2,50,8,1329,1,4,7,1
201443R099054,1,9,0,18,0,8,0,0,0,0,1,1,6,1,43,7,1995,2,7,10,1
201443R099054,2,9,0,18,0,8,0,0,0,0,1,1,1,2,26,6,1679,1,14,4,1
201443R099054,3,9,0,12,0,8,0,0,0,0,2,1,6,1,24,5,998,1,2,-1,3
201443R099094,1,19,0,18,0,8,0,0,0,0,4,1,6,1,-1,-1,-1,-1,-1,-1,-1
201443R099094,2,9,0,18,0,8,0,0,0,0,3,1,6,2,45,7,-1,-1,-1,7,1
201443R099104,1,9,0,18,0,0,0,0,0,0,4,1,6,3,-1,-1,-1,-1,-1,-1,-1
201443R099104,2,1,0,18,0,0,0,0,0,0,3,1,6,1,18,4,-1,-1,-1,8,1
201443R100014,1,9,0,17,0,8,0,0,0,0,1,1,6,2,-1,-1,2993,2,3,-1,-1
201443R100014,2,1,0,16,0,8,0,0,0,0,1,1,1,1,57,9,-1,-1,-1,10,1
201443R100054,1,9,0,9,0,6,0,0,0,0,4,1,6,3,-1,-1,-1,-1,-1,-1,-1
201443R100124,1,9,0,9,0,8,0,0,0,0,1,1,6,2,28,6,1390,1,7,8,1
201443R101014,1,9,0,18,0,0,0,0,0,0,1,1,6,1,-1,-1,-1,-1,-1,-1,-1
201443R101054,1,9,0,4,0,0,0,0,0,0,1,1,6,1,52,8,2993,2,8,-1,1
201443R101054,2,9,0,4,0,0,0,0,0,0,1,1,6,2,31,6,1587,1,8,7,1
201443R101054,3,9,0,4,0,0,0,0,0,0,2,1,1,1,50,8,2987,2,1,-1,-1
201443R101054,4,9,0,4,0,0,0,0,0,0,2,1,6,1,37,7,1339,1,10,-1,-1
201443R101054,5,9,0,4,0,0,0,0,0,0,1,1,6,2,28,6,998,1,2,-1,-1
201443R101074,1,9,0,18,0,1,0,0,0,0,1,1,6,3,-1,-1,1360,1,11,-1,-1
201443R101074,2,9,0,3,0,1,0,0,0,0,2,1,6,2,41,7,998,1,20,4,1
201443R101094,1,9,0,9,0,4,0,0,0,0,1,1,6,1,34,6,1595,1,12,-1,1
201443R101094,2,3,0,18,0,8,0,0,0,0,4,1,6,1,22,5,124,1,12,-1,1
201443R102054,1,9,0,18,0,0,1,0,0,0,1,1,2,2,21,5,1596,1,8,8,1
201443R102054,2,8,0,4,0,0,0,0,0,0,2,1,6,1,41,7,1997,2,6,3,1
201443R102064,1,9,0,18,0,0,0,0,7,4,1,1,1,1,62,9,1968,2,3,6,3
201443R102124,1,9,0,18,0,2,1,0,0,0,1,1,6,1,20,4,1390,1,12,4,1
201443R103054,1,9,0,4,0,0,1,0,0,0,1,1,6,1,35,6,1598,1,13,6,1
201443R103054,2,9,0,4,0,0,0,0,0,0,2,1,6,2,37,7,2204,2,5,3,1
201443R103054,3,9,0,4,0,0,0,0,0,0,2,1,6,1,31,6,1995,2,5,-1,1
201443R103074,1,1,0,18,0,8,0,0,0,0,3,1,2,1,35,6,-1,-1,-1,3,1
201443R103074,2,9,0,7,0,1,0,0,0,0,1,1,2,2,40,7,1364,1,9,10,1
201443R103094,1,9,0,5,0,0,0,0,0,0,1,1,2,1,23,5,1390,1,10,3,1
201443R103094,2,9,0,5,0,0,0,0,0,0,2,1,6,1,26,6,1598,1,10,5,1
201443R103094,3,9,0,5,0,0,0,0,0,0,2,1,6,1,58,9,2685,2,10,4,1
201443R104014,1,9,0,5,0,8,0,0,0,0,1,1,2,2,50,8,-1,-1,-1,-1,-1
201443R104014,2,4,0,5,0,8,0,0,0,0,1,1,2,1,41,7,-1,-1,-1,2,1
201443R104024,1,9,0,9,0,8,0,0,0,0,3,1,6,2,28,6,1360,1,7,3,1
201443R104024,2,1,0,18,0,8,0,0,0,0,1,1,2,1,37,7,-1,-1,-1,5,1
201443R104124,1,9,0,18,0,0,1,0,1,10,1,1,6,1,23,5,2171,1,13,9,1
201443R105104,1,9,0,18,0,0,0,10,6,0,1,1,6,1,75,10,1596,1,5,10,1
201443R105104,2,9,0,18,0,0,0,0,0,0,1,1,6,2,67,10,1686,2,2,8,1
201443R105124,1,9,0,18,0,0,0,0,0,0,1,1,6,1,24,5,1998,1,11,3,1
201443R105124,2,9,0,18,0,0,0,0,0,0,2,1,6,2,47,8,1229,1,6,4,1
201443R106014,1,9,0,15,0,0,0,0,0,0,4,1,6,3,-1,-1,-1,-1,-1,-1,-1
201443R106014,2,19,0,18,0,0,0,0,0,0,3,1,6,1,65,9,2686,2,10,5,3
201443R106034,1,9,0,9,0,5,0,0,0,0,4,1,1,2,36,7,1599,1,10,6,1
201443R106034,2,9,0,17,0,8,0,0,0,0,1,1,1,2,41,7,1600,2,3,2,1
201443R106044,1,9,0,4,0,1,0,0,0,0,1,1,6,1,-1,-1,1896,2,16,-1,-1
201443R106044,2,9,0,4,0,1,0,0,0,0,2,1,6,2,45,7,2494,1,19,6,1
201443R106054,1,9,0,14,0,1,0,0,0,0,4,1,6,1,-1,-1,1870,2,11,-1,-1
201443R106054,2,9,0,3,0,1,0,0,0,0,3,1,6,2,46,8,1149,1,13,3,1
201443R106074,1,21,0,4,0,0,1,0,0,0,1,1,1,1,68,10,-1,-1,-1,7,1
201443R106074,2,9,0,4,0,0,0,0,1,7,2,1,1,2,37,7,998,1,2,7,1
201443R106074,3,9,0,4,0,0,0,0,1,7,2,1,6,1,71,10,1769,1,10,10,1