Accident_Index,Vehicle_Reference,Vehicle_Type,Towing_and_Articulation,Vehicle_Manoeuvre,Vehicle_Location-Restricted_Lane,Junction_Location,Skidding_and_Overturning,Hit_Object_in_Carriageway,Vehicle_Leaving_Carriageway,Hit_Object_off_Carriageway,1st_Point_of_Impact,Was_Vehicle_Left_Hand_Drive?,Journey_Purpose_of_Driver,Sex_of_Driver,Age_of_Driver,Age_Band_of_Driver,Engine_Capacity_(CC),Propulsion_Code,Age_of_Vehicle,Driver_IMD_Decile,Driver_Home_Area_Type
201443R106074,4,9,0,3,0,0,0,0,0,0,2,1,6,1,70,10,2179,2,2,5,3
201443R106094,1,19,0,18,0,0,0,0,0,0,3,1,2,1,55,8,2198,2,6,7,3
201443R106094,2,9,0,18,0,0,2,0,1,0,4,1,6,1,60,9,1998,2,9,-1,2
201443R107024,1,9,0,18,0,8,2,10,7,9,4,1,6,2,42,7,1198,1,9,9,2
201443R107064,1,8,0,1,0,8,0,0,0,0,2,1,6,1,32,6,2149,2,7,3,1
201443R107064,2,9,0,18,0,8,0,0,0,0,1,1,6,1,27,6,1900,2,16,5,1
201443R107074,1,9,0,17,0,0,0,10,7,10,1,1,6,2,22,5,1390,1,4,10,1
201443R107124,1,1,0,17,0,8,0,0,0,0,4,1,6,1,27,6,-1,-1,-1,5,1
201443R108034,1,9,0,18,0,6,0,0,0,0,3,1,6,1,50,8,1910,2,6,4,1
201443R108034,2,9,0,18,0,8,0,0,0,0,4,1,6,1,30,6,1799,1,7,4,1
201443R108044,1,9,0,9,0,6,0,0,0,0,3,1,6,2,19,4,1299,1,12,-1,1
201443R108044,2,9,0,18,0,1,0,0,7,10,4,1,6,2,67,10,1199,1,15,10,1
201443R108104,1,9,0,9,0,5,0,0,0,0,4,1,2,2,48,8,1598,1,4,3,1
201443R109044,1,9,0,12,0,0,0,0,1,1,3,1,6,2,58,9,1850,1,11,10,1
201443R109044,2,21,1,18,0,0,0,0,0,0,4,1,1,1,38,7,12900,2,5,-1,2
201443R109074,1,9,0,12,0,1,0,0,0,0,3,1,6,1,38,7,1596,1,7,10,2
201443R109074,2,9,0,18,0,1,0,0,0,0,4,1,6,2,85,11,-1,-1,-1,5,1
201443R109094,1,9,0,9,0,6,0,0,0,0,0,1,6,1,60,9,2995,1,1,-1,-1
201443R109094,2,1,0,18,0,8,0,10,1,0,4,1,6,1,43,7,-1,-1,-1,4,1
201443R109104,1,9,0,18,0,4,0,0,0,0,1,1,6,3,-1,-1,-1,-1,-1,-1,-1
201443R109104,2,5,0,18,0,8,0,0,0,0,4,1,6,1,49,8,1063,1,14,6,1
201443R109124,1,9,0,4,0,0,0,0,0,0,0,1,6,1,-1,-1,1995,1,6,-1,-1
201443R109124,2,9,0,18,0,0,0,0,2,7,4,1,6,2,24,5,1149,1,9,-1,1
201443R110074,1,9,0,9,0,8,0,0,0,0,0,1,2,1,31,6,1398,1,11,4,1
201443R110074,2,1,0,18,0,8,0,0,0,0,0,1,6,2,47,8,-1,-1,-1,4,1
201443R110084,1,9,0,6,0,0,0,0,0,0,3,1,6,2,38,7,1390,1,9,10,1
201443R110084,2,5,0,18,0,0,1,0,0,0,1,1,6,1,29,6,645,1,12,-1,1
201443R110094,1,1,0,18,0,4,0,0,0,0,1,1,6,2,43,7,-1,-1,-1,8,1
201443R110094,2,9,0,18,0,8,0,0,0,0,4,1,6,2,46,8,-1,-1,-1,5,1
201443R110104,1,19,0,18,0,0,1,0,0,0,1,1,1,1,26,6,2151,2,11,3,1
201443R110104,2,21,0,4,0,0,0,0,0,0,2,1,1,1,49,8,5193,2,1,2,1
201443R110114,1,9,0,18,0,0,0,0,0,0,1,1,6,1,26,6,2793,1,14,3,1
201443R110114,2,9,0,18,0,0,1,2,1,9,2,1,6,2,32,6,1360,1,15,5,1
201443R111044,1,9,0,4,0,0,0,0,0,0,1,1,1,1,71,10,1598,1,7,6,1
201443R111044,2,9,0,4,0,0,0,0,0,0,2,1,6,1,28,6,1299,1,12,9,3
201443R111044,3,9,0,4,0,0,0,0,0,0,2,1,6,1,58,9,2995,1,9,-1,1
201443R111044,4,9,0,4,0,0,0,0,0,0,2,1,6,1,38,7,1598,1,5,-1,-1
201443R111054,1,9,0,9,0,5,0,0,0,0,3,1,2,2,38,7,899,1,16,5,1
201443R111054,2,3,0,13,0,8,0,0,0,0,4,1,2,1,18,4,124,1,8,6,1
201443R111084,1,9,0,5,0,4,0,0,0,0,1,1,6,1,74,10,1242,1,13,8,1
201443R111084,2,19,0,3,0,4,0,0,0,0,2,1,6,1,57,9,1389,1,16,7,3
201443R112014,1,3,0,13,0,0,1,10,7,0,3,1,2,1,17,4,124,1,10,10,1
201443R112014,2,9,0,18,0,0,0,0,0,0,4,1,6,1,36,7,1753,2,7,10,1
201443R112064,1,9,0,18,0,1,0,0,0,0,3,1,6,1,54,8,2993,2,1,-1,1
201443R112064,2,9,0,9,0,2,0,0,0,0,1,1,6,2,70,10,999,1,4,-1,3
201443R112074,1,9,0,4,0,1,0,0,0,0,4,1,6,2,38,7,1762,1,16,4,1
201443R112074,2,1,0,18,0,1,0,0,0,0,1,1,6,1,15,3,-1,-1,-1,4,1
201443R112084,1,-1,0,18,0,1,0,0,0,0,1,1,6,3,-1,-1,-1,-1,-1,-1,-1
201443R112124,1,9,0,9,0,8,0,0,0,0,4,1,6,1,21,5,1124,1,9,3,1
201443R112124,2,2,0,18,0,8,0,0,0,0,1,1,1,1,21,5,49,1,1,3,1
201443R113054,1,9,0,18,0,0,0,0,0,0,1,1,6,1,35,6,1796,1,10,-1,-1
201443R113094,1,5,0,4,0,0,0,0,0,0,3,1,6,1,35,6,865,1,2,10,1
201443R113094,2,9,0,5,0,0,0,0,0,0,3,1,6,1,73,10,1896,2,9,10,1
201443R113124,1,9,0,18,0,0,0,0,0,0,1,1,6,1,47,8,1329,1,2,4,1
201443R113124,2,9,0,4,0,0,0,0,0,0,2,1,6,1,60,9,1995,2,1,9,1
201443R114014,1,9,0,18,0,0,0,0,0,0,1,1,6,1,30,6,-1,-1,-1,-1,-1
201443R114014,2,9,0,18,0,0,0,0,0,0,2,1,2,1,51,8,1242,1,12,9,2
201443R114064,1,9,0,16,0,0,0,0,7,4,1,1,6,1,54,8,2198,1,12,5,3
201443R114104,1,9,0,9,0,5,0,0,0,0,1,1,2,1,41,7,1998,1,8,5,1
201443R115014,1,9,0,16,0,2,0,0,8,2,4,1,6,2,24,5,-1,-1,-1,10,1
201443R115084,1,9,0,18,0,1,0,0,0,0,1,1,6,1,74,10,1360,1,14,3,1
201443R115084,2,9,0,18,0,8,0,0,0,1,4,1,1,1,49,8,2148,2,8,-1,1
201443R115094,1,21,1,4,0,0,0,0,0,0,0,1,1,3,-1,-1,12777,2,6,-1,-1
201443R115094,2,2,0,18,0,0,1,0,0,0,1,1,6,1,18,4,124,1,3,4,1
201443R116024,1,21,0,1,0,0,0,0,0,0,2,2,6,1,21,5,-1,-1,-1,-1,-1
201443R116024,2,9,0,3,0,0,0,0,0,0,1,1,1,1,23,5,2295,1,17,6,1
201443R116034,1,9,0,9,0,8,0,0,0,0,4,1,2,1,42,7,1968,2,1,-1,1
201443R116034,2,3,0,18,0,8,0,0,0,0,1,1,6,1,17,4,124,1,1,8,3
201443R116094,1,9,0,6,0,8,0,0,0,0,4,1,6,1,42,7,1598,1,8,2,1
201443R116104,1,9,0,3,0,1,0,0,0,0,2,1,1,1,26,6,1248,2,3,4,1
201443R116104,2,9,0,4,0,1,0,0,0,0,1,1,2,1,29,6,1390,1,12,9,1
201443R116114,1,19,0,14,0,2,0,0,0,0,1,1,1,1,29,6,1560,2,-1,10,1
201443R116114,2,9,0,14,0,2,0,0,0,0,2,1,6,1,46,8,1997,1,13,2,1
201443R116114,3,9,0,2,0,2,0,0,0,0,3,1,6,3,-1,-1,2987,2,6,-1,-1
201443R116124,1,9,0,18,0,0,0,0,0,0,1,1,6,2,21,5,2143,2,4,-1,-1
201443R116124,2,9,0,3,0,0,0,0,0,0,2,1,6,1,73,10,1997,2,12,9,1
201443R116124,3,9,0,3,0,0,0,0,0,0,2,1,6,1,27,6,1896,2,8,-1,-1
201443R116124,4,19,0,3,0,0,0,0,0,0,2,1,2,1,38,7,1995,2,7,-1,-1
201443R117054,1,19,0,18,0,1,1,0,0,0,1,1,1,1,40,7,1968,2,2,8,1
201443R117054,2,9,0,3,0,1,0,0,0,0,2,1,6,2,44,7,1997,1,5,10,1
201443R117084,1,9,0,4,0,1,0,0,0,0,1,1,6,2,25,5,1229,1,7,7,1
201443R117084,2,9,0,4,0,1,0,0,0,0,2,1,6,1,40,7,1997,2,6,6,1
201443R117084,3,9,0,3,0,1,0,0,0,0,2,1,6,2,47,8,1598,1,6,10,1
201443R118024,1,9,0,9,0,8,0,0,0,0,1,1,6,2,21,5,1390,1,13,6,1
201443R118024,2,9,0,18,0,8,0,0,0,0,1,1,6,2,30,6,1242,1,4,5,1
201443R118084,1,9,0,9,0,1,0,0,0,0,1,1,2,2,47,8,1996,1,14,-1,-1
201443R118084,2,9,0,18,0,1,0,0,0,0,1,1,2,1,44,7,1598,1,8,6,1
201443R118084,3,9,0,10,0,1,0,0,0,0,1,1,2,1,60,9,1986,2,8,10,1
201443R118094,1,9,0,12,0,0,0,0,0,0,0,1,6,1,-1,-1,-1,-1,-1,-1,-1
201443R118094,2,9,0,18,0,0,1,0,0,0,3,1,2,2,42,7,1598,1,5,1,1
201443R118094,3,8,0,18,0,0,1,0,4,6,4,1,1,1,51,8,1997,2,-1,1,1
201443R118094,4,9,0,18,0,0,1,0,0,0,0,1,2,2,22,5,1598,2,1,7,1
201443R118104,1,9,0,9,0,8,0,0,0,0,1,1,6,1,19,4,1596,1,13,6,2
201443R118104,2,9,0,17,0,8,0,0,0,0,1,1,6,2,31,6,1796,1,7,-1,1
201443R118124,1,19,0,11,0,3,0,0,0,0,4,1,6,1,48,8,2494,2,10,8,1
201443R118124,2,9,0,18,0,8,0,0,0,0,3,1,6,1,31,6,1299,1,12,6,1
201443R119034,1,9,0,18,0,0,1,0,0,0,1,1,6,1,40,7,1995,2,10,8,1
201443R119034,2,9,0,4,0,0,0,0,0,0,2,1,6,1,28,6,1598,2,3,3,1
201443R119054,1,9,0,18,0,1,0,0,0,0,1,1,1,1,61,9,2231,2,6,5,1
201443R119054,2,1,0,18,0,1,0,0,0,0,4,1,6,1,9,2,-1,-1,-1,2,1
201443R119084,1,21,1,4,0,0,0,0,0,0,1,1,1,1,29,6,10518,2,7,6,1
201443R119084,2,9,0,4,0,0,0,0,0,0,2,1,6,1,40,7,1596,1,13,4,1
201443R119084,3,9,0,4,0,0,0,0,0,0,2,1,2,1,23,5,1798,1,8,8,1
201443R119084,4,9,0,4,0,0,0,0,0,0,2,1,2,2,34,6,1086,1,8,4,1
201443R119114,1,4,0,16,0,0,1,0,1,2,4,1,2,1,58,9,-1,-1,-1,7,1
201443R120014,1,9,0,1,0,1,0,0,0,0,2,1,6,1,24,5,2987,2,6,-1,-1
201443R120044,1,9,0,18,0,0,0,0,0,0,1,1,3,2,41,7,2143,2,-1,-1,1
201443R120064,1,9,0,18,0,2,0,0,0,0,1,1,1,1,22,5,1242,1,9,10,1
201443R121024,1,9,0,18,0,0,0,0,2,11,1,1,6,1,30,6,1339,8,2,2,1
201443R121024,2,9,0,2,0,0,0,0,0,11,1,1,6,3,-1,-1,1242,1,13,-1,-1
201443R121054,1,9,0,4,0,0,0,0,0,0,1,1,6,2,46,8,1399,2,4,7,3
201443R121054,2,9,0,4,0,0,0,0,0,0,2,1,6,2,31,6,998,1,3,9,3
201443R121084,1,9,0,18,0,0,0,0,0,0,2,1,6,2,21,5,1388,1,12,6,1
201443R121084,2,9,0,18,0,0,0,0,1,0,1,1,6,1,53,8,1900,2,14,6,1
201443R121084,3,9,0,18,0,0,0,0,0,0,1,1,6,1,37,7,2143,2,-1,3,1
201443R121124,1,9,0,18,0,6,1,0,0,0,1,1,1,1,28,6,998,1,5,10,1
201443R121124,2,9,0,18,0,8,0,0,0,0,4,1,1,2,30,6,1598,1,8,3,1
201443R122044,1,9,0,9,0,8,0,0,0,0,1,1,1,2,60,9,1560,2,2,6,1
201443R122044,2,9,0,5,0,8,0,0,1,11,3,1,1,1,18,4,957,1,26,-1,-1
201443R122094,1,19,0,9,0,6,0,0,0,0,1,1,1,1,49,8,1968,2,3,8,2
201443R122094,2,9,0,18,0,1,1,0,1,4,1,1,1,1,20,4,1124,1,9,9,3
201443R122104,1,9,0,18,0,0,1,7,6,10,2,1,6,1,32,6,2494,1,20,5,1
201443R122104,2,9,0,18,0,0,0,0,0,0,3,1,6,1,50,8,4367,2,1,-1,1
201443R122124,1,9,0,2,0,0,0,0,0,0,3,1,6,3,-1,-1,2231,2,6,6,2
201443R122124,2,1,0,14,0,0,0,0,0,0,1,1,1,1,28,6,-1,-1,-1,-1,-1
201443R123034,1,9,0,13,0,0,0,0,0,0,4,1,6,3,-1,-1,-1,-1,-1,-1,-1
201443R123034,2,1,0,18,0,0,1,10,0,0,3,1,6,1,55,8,-1,-1,-1,9,1
201443R124084,1,9,0,18,0,1,0,0,1,11,1,1,6,2,26,6,1149,1,8,-1,1
201443R124104,1,9,0,7,0,8,0,0,0,0,1,1,2,1,44,7,1984,1,7,-1,-1
201443R124104,2,1,0,7,0,8,0,0,0,0,1,1,2,1,33,6,-1,-1,-1,-1,-1
201443R124114,1,9,0,18,0,4,0,0,0,0,1,1,6,1,62,9,1598,1,10,6,1
201443R124114,2,1,0,18,0,8,0,0,0,0,4,1,6,1,48,8,-1,-1,-1,10,1
201443R124124,1,9,0,18,0,1,0,0,0,0,1,1,6,3,-1,-1,-1,-1,-1,-1,-1
201443R124124,2,9,0,10,0,1,0,0,0,0,2,1,6,2,65,9,1390,1,5,10,1
201443R125024,1,19,0,17,0,8,0,0,0,0,1,1,1,1,49,8,1248,2,1,5,1
201443R125024,2,1,0,18,0,1,0,0,0,0,1,1,2,1,33,6,-1,-1,-1,-1,1
201443R125074,1,9,0,9,0,8,5,0,0,0,4,1,2,2,47,8,1598,2,1,6,1
201443R125074,2,9,0,18,0,8,0,0,0,0,1,1,2,1,53,8,2987,2,-1,9,3
201443R125084,1,9,0,18,0,0,0,0,0,0,1,1,6,1,54,8,1997,2,6,7,1
201443R125084,2,9,0,5,0,0,0,0,0,0,2,1,6,1,39,7,1598,1,11,7,1
201443R125084,3,9,0,5,0,0,0,0,0,0,2,1,6,2,40,7,1560,2,7,8,1
201443R125084,4,9,0,5,0,0,0,0,0,0,2,1,6,1,26,6,-1,-1,-1,6,1
201443R125084,5,9,0,5,0,0,0,0,0,0,2,1,6,1,-1,-1,1968,2,5,7,1
201443R125094,1,9,0,14,0,0,0,0,0,0,1,1,6,2,22,5,-1,-1,-1,4,1
201443R126034,1,9,0,18,0,2,0,0,0,0,4,1,6,1,40,7,1995,2,2,3,1
201443R126054,1,9,0,18,0,8,0,0,0,0,1,1,6,1,-1,-1,2148,2,6,-1,-1
201443R126054,2,9,0,18,0,8,0,0,0,0,3,1,1,2,35,6,1398,1,1,8,1
201443R126074,1,9,0,14,0,2,0,0,0,0,1,1,6,1,23,5,1800,1,15,8,1
201443R127024,1,9,0,18,0,0,0,0,0,0,4,1,2,1,35,6,1396,1,17,2,1
201443R127024,2,9,0,4,0,0,1,0,2,7,4,1,2,2,21,5,1362,1,-1,4,1
201443R127064,1,19,0,18,0,8,0,0,0,0,3,1,2,1,45,7,2198,2,2,2,1
201443R127064,2,9,0,18,0,8,0,0,0,0,1,1,1,2,44,7,999,1,12,3,1
201443R127074,1,9,0,18,0,1,0,0,0,0,1,1,2,1,44,7,1984,1,8,9,1
201443R127084,1,9,0,9,0,6,0,0,0,0,1,1,6,1,84,11,1986,2,7,7,3
201443R127084,2,5,0,18,0,8,0,0,0,0,1,1,6,1,27,6,599,1,3,10,1
201443R127094,1,9,0,7,0,8,0,0,0,0,4,1,2,1,45,7,1598,1,9,8,1
201443R127094,2,1,0,18,0,8,0,0,0,0,1,1,2,1,42,7,-1,-1,-1,2,1
201443R127104,1,9,0,9,0,8,0,0,0,0,3,1,6,1,20,4,-1,-1,-1,3,1
201443R127104,2,1,0,10,0,8,0,0,0,0,1,1,6,1,54,8,-1,-1,-1,4,1
201443R128054,1,21,1,18,0,0,0,0,0,0,1,1,1,1,59,9,-1,-1,-1,9,2
201443R128054,2,9,0,4,0,0,1,0,0,0,2,1,1,2,50,8,1995,2,3,-1,1
201443R128054,3,9,0,4,0,0,1,0,0,0,2,1,1,1,49,8,1560,2,1,9,1
201443R128054,4,9,0,4,0,0,0,0,0,0,2,1,6,1,67,10,2720,2,9,8,1
201443R128064,1,9,0,18,0,1,0,0,0,0,1,1,6,1,45,7,1796,1,7,6,1
201443R128064,2,9,0,10,0,1,0,0,0,0,2,1,6,1,18,4,1124,1,10,5,1
201443R128094,1,11,0,18,0,0,0,0,0,0,1,1,1,3,-1,-1,-1,-1,-1,-1,-1
201443R128114,1,5,0,17,0,0,0,0,1,0,4,1,6,1,60,9,1052,1,21,10,1
201443R129024,1,9,0,18,0,0,0,0,0,0,1,1,6,2,-1,-1,1596,1,9,7,1
201443R129024,2,9,0,4,0,0,0,0,0,0,2,1,6,2,-1,-1,2319,1,18,10,1
201443R129024,3,9,0,4,0,0,0,0,0,0,2,1,6,2,20,4,1596,1,7,6,1
201443R129064,1,5,0,16,0,8,1,0,0,0,1,1,6,1,34,6,645,1,1,6,2
201443R129064,2,9,0,9,0,8,0,0,0,0,3,1,6,1,77,11,1242,1,6,6,1
201443R129104,1,9,0,7,0,4,0,0,0,0,4,1,6,3,-1,-1,1781,1,9,-1,-1
201443R129104,2,9,0,18,0,4,0,0,0,0,3,1,6,2,40,7,1390,1,5,4,1
201443R130054,1,9,0,18,0,0,0,0,0,0,1,1,6,1,33,6,1598,1,1,10,1
201443R130054,2,9,0,4,0,0,0,0,0,0,2,1,6,1,19,4,1360,1,5,7,3
201443R130054,3,9,0,4,0,0,0,0,0,0,2,1,6,1,45,7,1596,1,13,7,1
201443R130054,4,9,0,4,0,0,0,0,0,0,2,1,6,2,32,6,1587,1,14,3,1
201443R130054,5,9,0,4,0,0,0,0,0,0,2,1,6,3,33,6,1598,1,1,10,1
201443R130084,1,9,0,3,0,3,0,0,0,0,2,1,6,1,50,8,1968,2,7,9,1
201443R130084,2,1,0,18,0,3,0,0,0,0,1,1,6,1,26,6,-1,-1,-1,6,1
201443R130124,1,9,0,18,0,1,0,0,0,0,1,1,6,1,35,6,2698,2,5,10,1
201443R130124,2,1,0,18,0,8,0,0,0,0,3,1,6,1,42,7,-1,-1,-1,2,1
201443R132044,1,9,0,18,0,1,0,0,0,0,1,1,6,3,-1,-1,1389,1,14,-1,-1
201443R132044,2,9,0,3,0,1,0,0,0,0,2,1,6,1,20,4,1600,1,8,7,1
201443R132064,1,9,0,18,0,4,0,0,0,0,1,1,6,1,18,4,1896,2,15,10,1
201443R132064,2,9,0,3,0,4,0,0,0,0,2,1,6,2,21,5,1199,1,13,9,1
201443R132084,1,9,0,11,0,0,1,4,1,0,1,1,6,1,28,6,1242,1,12,6,1
201443R132084,2,9,0,2,0,0,0,0,0,0,2,1,2,1,56,9,2671,1,13,10,1
201443R132104,1,9,0,17,0,0,1,0,1,9,4,1,2,1,61,9,-1,-1,-1,10,1
201443R132114,1,9,0,18,0,1,0,0,0,0,1,1,2,1,43,7,1598,1,4,4,1
201443R132124,1,9,0,18,0,2,0,0,0,0,1,1,6,1,19,4,1400,1,14,7,1
201443R132124,2,9,0,18,0,2,0,0,0,0,2,1,1,1,31,6,1560,2,1,10,1
201443R132124,3,9,0,18,0,2,0,0,0,0,2,1,6,1,41,7,2148,2,5,4,1
201443R133014,1,9,0,18,0,1,0,0,0,0,1,1,6,1,-1,-1,1998,1,11,-1,-1
201443R133014,2,9,0,9,0,5,0,0,0,0,2,1,6,1,45,7,1997,2,8,3,1
201443R133064,1,8,0,18,0,4,0,0,0,0,1,1,6,1,-1,-1,-1,-1,-1,-1,-1
201443R133064,2,5,0,9,0,8,0,0,0,0,4,1,1,1,40,7,1170,1,5,10,1
201443R133094,1,9,0,18,0,4,0,7,1,1,1,1,6,1,27,6,996,1,2,8,1
201443R133104,1,9,0,17,0,0,0,7,0,0,1,1,3,1,37,7,1587,1,9,2,1
201443R134014,1,21,0,18,0,0,0,0,0,0,1,1,1,1,55,8,12600,2,13,2,1
201443R134014,2,9,0,3,0,0,0,0,0,0,2,1,2,1,75,10,1994,2,6,-1,-1
201443R134014,3,21,1,3,0,0,0,0,0,0,2,2,1,1,28,6,-1,-1,-1,-1,-1
201443R134034,1,9,0,3,0,1,0,0,0,0,2,1,6,2,18,4,1400,1,8,-1,-1
201443R134034,2,9,0,18,0,1,0,0,0,0,1,1,6,3,-1,-1,2982,2,5,-1,-1
201443R134074,1,9,0,5,0,7,0,0,0,0,1,1,6,1,41,7,1973,1,13,4,1
201443R134074,2,9,0,3,0,7,0,0,4,6,2,1,6,2,71,10,1339,1,3,8,1
201443R134074,3,9,0,3,0,7,0,0,0,0,2,1,6,2,61,9,1299,1,11,9,1
201443R134094,1,9,0,18,0,0,0,0,1,10,1,1,6,2,68,10,2685,2,11,5,1
201443R134104,1,9,0,9,0,6,0,0,0,0,3,1,6,1,33,6,1598,1,1,5,1
201443R134104,2,9,0,18,0,1,0,0,0,0,1,1,6,2,36,7,1591,1,7,5,1
201443R135054,1,9,0,9,0,5,0,0,0,0,1,1,6,2,63,9,1995,2,14,5,1
201443R135054,2,9,0,18,0,8,0,0,0,0,1,1,6,1,77,11,1796,1,15,5,1
201443R135064,1,9,0,18,0,1,0,0,0,0,1,1,6,1,36,7,-1,-1,-1,3,1
201443R135064,2,9,0,3,0,1,0,0,0,0,2,1,6,1,32,6,2295,1,15,4,1
201443R135064,3,9,0,3,0,1,0,0,0,0,3,1,6,1,37,7,3697,1,12,9,1
201443R135104,1,9,0,7,0,6,0,0,0,0,3,1,3,2,30,6,1198,1,10,3,1
201443R135104,2,9,0,18,0,1,0,0,0,0,1,1,3,1,47,8,1590,1,13,6,1
201443R136014,1,9,0,9,0,2,0,0,2,7,2,1,1,2,59,9,1998,1,21,6,1
201443R136014,2,9,0,18,0,1,0,0,0,0,1,1,1,1,25,5,1598,1,1,5,1
201443R136034,1,9,0,18,0,0,5,0,1,4,3,1,6,1,56,9,2171,2,13,8,1
201443R136054,1,9,0,9,0,8,0,0,0,0,1,1,2,1,42,7,1997,2,9,4,1
201443R136054,2,1,0,18,0,8,0,0,0,0,4,1,2,2,51,8,-1,-1,-1,6,3
201443R136104,1,9,0,18,0,0,0,0,0,0,1,1,6,2,25,5,998,1,8,10,1
201443R136104,2,9,0,4,0,0,0,0,0,0,2,1,2,1,49,8,2979,1,13,5,1
201443R137074,1,9,0,18,0,1,0,0,0,0,1,1,6,2,26,6,1242,1,5,4,1
201443R137074,2,9,0,3,0,1,0,0,0,0,2,1,6,1,45,7,1797,1,16,6,2
201443R137094,1,19,0,4,0,0,1,0,0,0,1,1,1,1,54,8,1560,2,4,2,1
201443R137094,2,9,0,3,0,0,0,0,0,0,2,1,6,1,38,7,1560,2,5,9,1
201443R137124,1,9,0,9,0,6,0,0,6,0,1,1,6,1,19,4,1242,1,-1,10,1
201443R137124,2,9,0,18,0,1,0,0,0,0,2,1,6,1,41,7,1149,1,14,6,1
201443R137124,3,9,0,18,0,1,0,0,0,0,1,1,6,1,36,7,1560,2,5,4,1
201443R138034,1,9,0,5,0,8,0,0,0,0,1,1,6,1,17,4,1242,1,11,6,1
201443R138034,2,9,0,18,0,8,0,0,0,0,1,1,6,1,51,8,1396,1,16,9,1
201443R138054,1,9,0,18,0,1,0,0,0,0,4,1,6,2,35,6,-1,-1,-1,-1,-1
201443R138054,2,1,0,9,0,1,0,0,0,0,1,1,6,2,22,5,-1,-1,-1,4,1
201443R138074,1,9,0,18,0,2,0,0,0,0,1,1,6,1,51,8,1798,1,14,-1,-1
201443R138074,2,9,0,18,0,1,0,0,0,0,1,1,6,2,19,4,1598,1,8,9,2
201443R138084,1,9,0,11,0,0,0,0,0,0,4,1,2,1,35,6,-1,-1,-1,-1,-1
201443R138084,2,9,0,18,0,0,2,0,1,10,3,1,2,1,53,8,1596,1,11,3,1
201443R138104,1,9,0,9,0,5,0,0,0,0,3,1,6,2,30,6,1995,2,9,-1,-1
201443R139094,1,5,0,16,0,1,1,0,1,0,1,1,6,1,18,4,649,1,8,4,1
201443R139104,1,9,0,17,0,0,1,0,0,0,3,1,1,1,29,6,996,1,6,10,1
201443R139104,2,9,0,18,0,0,0,0,0,0,1,1,1,2,44,7,1396,2,2,7,1
201443R140054,1,9,0,18,0,1,0,0,0,0,1,1,6,3,-1,-1,-1,-1,-1,-1,-1
201443R140054,2,1,0,18,0,1,0,0,0,0,2,1,2,1,17,4,-1,-1,-1,2,1
201443R140074,1,9,0,18,0,8,1,0,1,0,3,1,6,1,37,7,1968,2,4,5,3
201443R140074,2,9,0,18,0,8,1,0,0,0,1,1,6,1,60,9,2495,2,21,10,1
201443R140094,1,3,0,15,0,1,1,0,1,0,1,1,6,1,23,5,124,1,9,4,1
201443R140094,2,9,0,7,0,1,0,0,0,0,4,1,6,1,57,9,2698,2,3,9,2
201443R140104,1,3,0,15,0,8,0,0,0,0,1,1,2,1,24,5,125,1,1,-1,-1
201443R140104,2,9,0,9,0,8,0,0,0,0,4,1,2,2,37,7,1796,1,7,-1,-1
201443R140104,3,9,0,9,0,8,0,0,0,0,0,1,2,2,38,7,1390,1,8,-1,-1
201443R140124,1,9,0,18,0,1,0,0,0,0,1,1,1,1,57,9,1560,2,6,2,1
201443R140124,2,9,0,18,0,1,0,0,0,0,2,1,6,2,18,4,1199,1,11,5,1
201443R141014,1,9,0,9,0,8,0,0,0,0,1,1,6,3,-1,-1,2494,1,16,-1,-1
201443R141014,2,9,0,9,0,8,0,0,0,0,3,1,1,1,17,4,1200,1,1,10,1
201443R141024,1,9,0,18,0,3,0,10,1,1,4,1,1,1,34,6,1248,2,1,4,1
201443R141024,2,9,0,18,0,4,0,0,0,0,1,1,6,1,27,6,2953,2,12,6,1
201443R141034,1,9,0,18,0,0,0,0,0,0,1,1,6,1,-1,-1,1796,1,14,2,1
201443R141034,2,9,0,4,0,0,0,0,0,0,2,1,6,2,45,7,1598,1,9,5,1
201443R141044,1,9,0,2,0,0,0,0,0,0,0,1,6,3,50,8,-1,-1,-1,10,1
201443R141044,2,9,0,18,0,0,0,0,0,0,1,1,6,1,30,6,1560,2,3,10,1
201443R141054,1,1,0,18,0,0,0,0,0,0,1,1,6,1,-1,-1,-1,-1,-1,-1,-1
201443R141054,2,1,0,18,0,0,0,0,0,0,2,1,6,2,60,9,-1,-1,-1,3,1
201443R141074,1,9,0,4,0,1,1,0,0,0,1,1,6,1,18,4,1242,1,12,10,1
201443R141074,2,9,0,3,0,1,0,0,0,0,2,1,6,1,18,4,1598,2,-1,1,1
201443R141074,3,9,0,3,0,1,0,0,0,0,2,1,6,1,40,7,-1,-1,-1,10,1
201443R141124,1,9,0,18,0,0,0,0,0,0,4,1,1,1,69,10,2776,2,10,3,1
201443R142014,1,9,0,9,0,1,0,0,0,0,1,1,2,2,32,6,1388,1,12,-1,1
201443R142014,2,9,0,18,0,1,0,0,0,0,1,1,2,2,23,5,1461,2,7,7,1