Accident_Index,Vehicle_Reference,Vehicle_Type,Towing_and_Articulation,Vehicle_Manoeuvre,Vehicle_Location-Restricted_Lane,Junction_Location,Skidding_and_Overturning,Hit_Object_in_Carriageway,Vehicle_Leaving_Carriageway,Hit_Object_off_Carriageway,1st_Point_of_Impact,Was_Vehicle_Left_Hand_Drive?,Journey_Purpose_of_Driver,Sex_of_Driver,Age_of_Driver,Age_Band_of_Driver,Engine_Capacity_(CC),Propulsion_Code,Age_of_Vehicle,Driver_IMD_Decile,Driver_Home_Area_Type
201443R142034,1,9,0,18,0,0,0,0,0,0,1,1,6,2,27,6,1560,2,4,4,1
201443R142034,2,9,0,18,0,0,0,0,0,0,1,1,6,2,28,6,1197,1,2,9,1
201443R142054,1,9,0,18,0,2,0,0,1,9,4,1,6,1,51,8,1896,2,13,8,3
201443R142064,1,9,0,9,0,8,0,0,0,0,1,1,6,1,55,8,1493,2,4,6,1
201443R142064,2,1,0,18,0,8,0,0,0,0,4,1,6,1,52,8,-1,-1,-1,8,1
201443R142074,1,9,0,18,0,2,0,0,0,0,1,1,2,2,37,7,1596,1,8,6,3
201443R143014,1,9,0,18,0,3,0,0,0,0,4,1,6,3,-1,-1,-1,-1,-1,-1,-1
201443R143084,1,9,0,18,0,0,0,0,0,0,1,1,1,1,34,6,1968,2,-1,10,1
201443R143084,2,9,0,18,0,0,0,0,0,0,1,1,1,1,61,9,1995,2,-1,-1,1
201443R143104,1,9,0,4,0,0,0,0,0,0,2,1,6,1,25,5,1598,1,12,8,1
201443R143104,2,9,0,18,0,0,0,0,0,0,1,1,6,1,44,7,1968,2,1,-1,1
201443R144024,1,9,0,9,0,5,0,0,0,0,1,1,6,2,29,6,1149,1,7,6,1
201443R144024,2,3,0,18,0,8,0,0,0,0,3,1,2,1,18,4,124,1,1,5,1
201443R144064,1,5,0,11,0,0,1,0,0,0,1,1,2,1,38,7,599,1,11,3,1
201443R144064,2,9,0,18,0,0,0,0,0,0,2,1,6,2,42,7,980,1,23,8,1
201443R144064,3,9,0,18,0,0,0,0,0,0,0,1,6,3,-1,-1,-1,-1,-1,-1,-1
201443R144074,1,9,0,18,0,8,0,0,0,0,3,1,6,1,34,6,2171,1,12,3,1
201443R144084,1,9,0,18,0,0,2,0,1,0,0,1,6,2,52,8,1124,1,18,4,1
201443R144094,1,21,0,18,0,1,0,0,0,0,1,1,1,1,53,8,12902,2,1,10,1
201443R144094,2,9,0,18,0,1,0,0,0,0,2,1,6,1,44,7,1598,1,13,5,1
201443R144094,3,9,0,4,0,1,0,0,0,0,2,1,6,1,36,7,1840,1,12,7,1
201443R144104,1,9,0,18,0,0,0,0,5,6,1,1,6,2,25,5,1595,1,14,7,3
201443R144114,1,9,0,18,0,1,0,0,0,0,1,1,6,1,25,5,1596,1,14,-1,-1
201443R144114,2,9,0,3,0,1,0,0,0,0,2,1,6,1,42,7,999,1,4,6,1
201443R145014,1,8,0,6,0,8,0,0,0,0,1,1,1,1,33,6,1968,2,6,3,1
201443R145034,1,9,0,9,0,8,0,0,0,0,1,1,6,2,42,7,1390,1,3,10,1
201443R145034,2,9,0,18,0,8,0,0,0,0,1,1,6,2,39,7,1396,1,16,8,1
201443R145044,1,8,0,9,0,8,1,0,7,2,3,1,1,1,44,7,1896,2,7,-1,1
201443R145044,2,9,0,18,0,8,1,0,0,0,1,1,6,1,30,6,1910,2,9,2,1
201443R145054,1,9,0,18,0,0,0,0,0,0,1,1,6,3,-1,-1,-1,-1,-1,-1,-1
201443R145054,2,9,0,18,0,0,0,0,0,0,2,1,6,2,48,8,1242,1,17,4,1
201443R145064,1,9,0,9,0,6,0,0,0,0,4,1,6,2,24,5,1618,1,2,-1,1
201443R145064,2,5,0,14,0,1,0,0,0,0,4,1,6,1,29,6,599,1,13,10,1
201443R145074,1,9,0,9,0,8,0,0,0,0,1,1,6,1,51,8,2200,1,53,6,1
201443R145074,2,1,0,18,0,8,0,0,0,0,1,1,6,1,37,7,-1,-1,-1,8,1
201443R145094,1,21,0,18,0,0,0,0,0,0,1,1,1,1,44,7,6692,2,2,10,1
201443R145094,2,9,0,3,0,0,0,0,0,0,2,1,6,2,33,6,1390,1,11,8,1
201443R145094,3,9,0,3,0,0,0,0,0,0,2,1,6,2,43,7,1596,1,6,5,1
201443R145094,4,9,0,3,0,0,0,0,0,0,2,1,6,2,59,9,1995,2,10,10,1
201443R145094,5,9,0,3,0,0,0,0,0,0,2,1,6,2,38,7,-1,-1,-1,5,1
201443R145104,1,9,0,18,0,1,0,0,0,0,4,1,6,3,-1,-1,-1,-1,-1,-1,-1
201443R146034,1,9,0,9,0,8,0,0,0,0,4,1,6,2,17,4,1248,2,5,4,1
201443R146034,2,9,0,18,0,8,0,0,0,0,1,1,6,1,23,5,1896,2,17,2,1
201443R146054,1,9,0,18,0,0,0,0,7,4,1,1,6,2,69,10,1598,1,8,10,1
201443R146064,1,1,0,18,0,1,0,0,0,0,4,1,4,1,12,3,-1,-1,-1,8,1
201443R146064,2,9,0,18,0,1,0,0,0,0,1,1,6,2,70,10,1998,1,18,10,1
201443R146084,1,8,0,17,0,8,0,0,0,0,3,1,6,1,54,8,1910,2,7,4,1
201443R147024,1,19,0,18,0,0,1,0,0,0,4,1,1,2,23,5,1248,2,3,10,1
201443R147024,2,9,0,4,0,0,0,0,0,0,3,1,6,2,23,5,1686,2,7,3,1
201443R147074,1,9,0,17,0,0,1,0,2,7,4,1,6,2,30,6,1587,1,8,6,1
201443R147124,1,98,0,18,0,4,0,0,0,0,0,1,6,3,-1,-1,-1,-1,-1,-1,-1
201443R147124,2,3,0,9,0,8,1,0,0,0,1,1,1,1,24,5,124,1,6,3,1
201443R148024,1,9,0,7,0,4,0,0,0,0,3,1,2,2,28,6,1368,1,6,8,1
201443R148024,2,9,0,9,0,8,0,0,0,10,1,1,2,1,22,5,1493,1,20,10,1
201443R148064,1,9,0,18,0,1,0,0,0,0,1,1,6,3,-1,-1,5998,1,8,-1,-1
201443R148064,2,9,0,3,0,1,0,0,0,0,2,1,6,2,63,9,-1,-1,-1,5,1
201443R148094,1,9,0,16,0,8,2,0,1,11,1,1,6,1,20,4,1124,1,13,10,1
201443R149054,1,9,0,18,0,1,0,0,0,0,1,1,6,2,21,5,1796,1,13,7,1
201443R149054,2,9,0,10,0,1,0,0,0,0,2,1,6,1,64,9,1999,1,12,9,1
201443R149064,1,9,0,18,0,0,0,0,7,11,1,1,6,2,41,7,1597,1,17,7,3
201443R149074,1,1,0,18,0,8,0,0,0,0,1,1,6,1,34,6,-1,-1,-1,10,1
201443R149074,2,9,0,18,0,8,0,0,0,0,4,1,6,1,46,8,4196,1,6,8,1
201443R149084,1,9,0,7,0,8,0,0,0,0,1,1,6,2,44,7,3456,8,8,10,1
201443R149084,2,3,0,18,0,8,1,0,0,0,4,1,6,1,34,6,124,1,3,6,1
201443R149094,1,9,0,7,0,8,0,0,0,0,3,1,6,2,23,5,973,1,12,3,1
201443R149094,2,1,0,18,0,8,0,0,0,0,1,1,6,2,19,4,-1,-1,-1,3,1
201443R149104,1,9,0,18,0,8,0,0,0,0,1,1,6,1,20,4,1124,1,11,9,1
201443R149104,2,9,0,18,0,6,0,0,0,0,4,1,6,1,46,8,-1,-1,-1,9,1
201443R150034,1,8,0,2,0,0,0,0,0,0,0,1,1,1,32,6,2149,2,7,6,1
201443R150034,2,1,0,14,0,0,0,0,0,0,1,1,4,1,15,3,-1,-1,-1,7,1
201443R150044,1,9,0,18,0,0,0,0,0,0,1,1,2,2,28,6,1242,1,2,6,1
201443R150044,2,9,0,4,0,0,0,0,0,0,2,1,1,2,34,6,1799,1,4,1,1
201443R150044,3,9,0,18,0,0,0,0,0,0,1,1,2,1,56,9,2290,1,14,-1,-1
201443R150054,1,9,0,9,0,5,0,0,0,0,1,1,6,1,20,4,1390,1,10,2,1
201443R150054,2,1,0,18,0,7,0,0,0,0,1,1,6,1,12,3,-1,-1,-1,4,1
201443R150064,1,1,0,18,0,0,0,0,0,0,1,1,6,1,19,4,-1,-1,-1,9,1
201443R150124,1,9,0,18,0,1,0,0,0,0,1,1,3,1,40,7,1910,2,8,10,1
201443R151044,1,9,0,14,0,0,0,0,0,0,1,1,6,1,42,7,1998,2,9,10,1
201443R151064,1,1,0,18,0,0,0,0,1,0,3,1,2,1,49,8,-1,-1,-1,10,1
201443R151064,2,21,0,18,0,0,0,0,0,0,1,1,6,3,-1,-1,-1,-1,-1,-1,-1
201443R151124,1,9,0,9,0,8,0,0,0,0,1,1,6,1,25,5,-1,-1,-1,8,3
201443R151124,2,9,0,18,0,4,0,0,0,0,1,1,2,2,55,8,1396,1,9,4,1
201443R152014,1,9,0,16,0,0,1,0,1,9,1,1,6,2,22,5,-1,-1,-1,-1,1
201443R152024,1,11,0,5,0,0,0,0,0,0,0,1,2,1,65,9,6700,2,2,5,1
201443R152034,1,9,0,18,0,6,0,0,0,0,1,1,6,1,41,7,2496,1,11,5,1
201443R152034,2,8,0,18,0,8,0,0,0,0,4,1,6,1,37,7,2148,2,5,3,1
201443R152034,3,9,0,18,0,1,0,0,0,0,1,1,6,1,42,7,2000,1,11,9,2
201443R152044,1,8,0,6,0,6,0,0,0,0,3,1,1,1,28,6,2148,2,5,2,1
201443R152044,2,9,0,18,0,8,0,0,0,0,1,1,6,2,37,7,1388,1,2,6,1
201443R152054,1,9,0,4,0,0,0,0,0,0,1,1,6,1,49,8,4511,1,11,-1,3
201443R152054,2,9,0,3,0,0,0,0,0,0,2,1,6,2,42,7,2967,2,7,10,2
201443R152064,1,9,0,18,0,4,0,0,0,0,0,1,6,2,32,6,998,1,4,3,1
201443R152104,1,9,0,9,0,6,1,4,7,11,1,1,6,2,76,11,1951,2,11,7,1
201443R152104,2,9,0,2,9,2,0,0,0,0,3,1,6,1,45,7,1968,2,-1,9,1
201443R152114,1,9,0,11,0,1,2,0,1,0,1,1,6,1,23,5,1598,1,2,6,1
201443R152114,2,9,0,11,0,1,2,0,1,0,2,1,6,1,17,4,1124,1,14,10,1
201443R152114,3,9,0,18,0,1,0,0,0,0,2,1,6,2,40,7,1896,2,10,-1,1
201443R153034,1,19,0,9,0,6,0,0,0,0,1,1,6,1,-1,-1,1910,2,6,10,1
201443R153034,2,1,0,18,0,8,0,0,0,0,3,1,6,1,44,7,-1,-1,-1,4,1
201443R153044,1,1,0,9,0,8,0,0,0,0,1,1,6,1,54,8,-1,-1,-1,10,1
201443R153044,2,9,0,18,0,8,0,0,0,0,1,1,6,1,43,7,2143,2,5,-1,-1
201443R153064,1,9,0,4,0,0,0,0,0,0,2,1,6,2,50,8,1598,1,7,9,3
201443R153064,2,9,0,4,0,0,0,0,0,0,1,1,6,2,50,8,2499,1,8,-1,-1
201443R153064,3,9,0,4,0,0,0,0,0,0,1,1,6,2,23,5,-1,-1,-1,10,1
201443R153064,4,9,0,4,0,0,0,0,0,0,0,1,6,1,50,8,-1,-1,-1,9,1
201443R153094,1,1,0,18,0,8,0,0,0,0,1,1,6,1,31,6,-1,-1,-1,2,1
201443R153094,2,9,0,10,0,8,0,0,0,0,3,1,6,1,45,7,1988,2,10,7,1
201443R153114,1,9,0,18,0,8,5,0,0,0,4,1,6,1,47,8,1595,1,-1,10,1
201443R153114,2,19,0,18,0,8,0,0,0,0,1,1,6,1,50,8,1870,2,9,10,3
201443R153114,3,9,0,3,0,1,0,0,0,0,1,1,6,1,65,9,1799,1,5,10,1
201443R154014,1,9,0,17,0,0,1,0,0,0,2,1,3,2,44,7,-1,-1,-1,5,1
201443R154014,2,9,0,17,0,0,1,0,0,0,1,1,3,2,46,8,1685,2,1,6,1
201443R154034,1,3,0,18,0,1,1,0,0,0,1,1,6,1,17,4,125,1,9,2,1
201443R154034,2,9,0,3,0,1,0,0,0,0,2,1,1,1,60,9,2401,2,7,5,1
201443R154064,1,2,0,18,0,6,0,0,0,0,1,1,6,2,28,6,125,1,1,5,1
201443R154064,2,9,0,18,0,1,0,0,0,0,3,1,6,3,-1,-1,-1,-1,-1,-1,-1
201443R155014,1,9,0,18,0,0,0,0,0,0,4,1,6,3,-1,-1,-1,-1,-1,-1,-1
201443R155014,2,1,0,18,0,0,0,0,0,0,3,1,1,1,55,8,-1,-1,-1,10,1
201443R155044,1,19,4,18,0,1,0,0,0,0,1,1,1,1,33,6,2198,2,2,10,1
201443R155044,2,9,0,3,0,1,0,9,0,10,2,1,2,2,57,9,1595,1,15,7,1
201443R155044,3,9,0,18,0,8,0,0,0,0,2,1,6,2,55,8,-1,-1,-1,10,1
201443R155064,1,5,0,18,0,0,0,0,0,0,1,1,1,2,44,7,584,1,14,7,1
201443R155064,2,9,0,4,0,0,0,0,0,0,2,1,6,2,29,6,-1,-1,-1,6,1
201443R155074,1,9,0,18,0,2,0,0,0,0,3,1,6,1,39,7,1591,1,2,4,1
201443R155084,1,2,0,4,0,1,1,0,0,0,0,1,6,2,19,4,125,1,4,5,1
201443R155114,1,9,0,18,0,1,1,0,0,0,1,1,6,2,36,7,-1,-1,-1,6,1
201443R155114,2,9,0,4,0,1,0,0,0,0,2,1,6,1,45,7,-1,-1,-1,8,2
201443R155114,3,9,0,10,0,1,0,0,0,0,2,1,6,1,38,7,-1,-1,-1,-1,1
201443R156024,1,20,0,1,0,8,0,0,0,0,0,1,1,1,54,8,2148,2,4,2,1
201443R156034,1,9,0,18,0,0,1,0,0,0,1,1,2,1,45,7,1396,1,14,4,1
201443R156034,2,9,0,4,0,0,0,0,0,0,2,1,2,2,23,5,1242,1,3,7,1
201443R156044,1,1,0,18,0,8,0,0,0,0,1,1,6,1,25,5,-1,-1,-1,5,1
201443R156044,2,9,0,7,0,8,0,0,0,0,4,1,6,1,30,6,1596,1,3,2,1
201443R156054,1,9,0,9,0,2,0,0,0,0,1,1,6,2,31,6,-1,-1,-1,4,1
201443R156074,1,9,0,9,0,8,0,0,0,0,1,1,6,2,85,11,1799,1,5,10,1
201443R156074,2,9,0,18,0,1,0,0,7,10,1,1,1,1,40,7,1997,2,2,10,1
201443R156094,1,9,0,12,0,0,0,0,0,0,0,1,6,3,-1,-1,1198,1,6,-1,-1
201443R156094,2,9,0,18,0,0,0,0,5,6,1,1,6,2,26,6,-1,-1,-1,-1,1
201443R156114,1,9,0,18,0,8,0,0,0,0,1,1,2,1,30,6,1995,1,13,10,1
201443R156114,2,9,0,18,0,8,0,0,0,0,1,1,2,1,38,7,1598,2,1,-1,-1
201443R156114,3,9,0,18,0,1,0,10,0,0,3,1,2,1,46,8,1799,1,6,-1,-1
201443R156114,4,9,0,18,0,1,0,0,0,0,3,1,2,1,22,5,1598,1,4,5,1
201443R156124,1,9,0,9,0,5,0,0,0,0,1,1,6,1,35,6,1997,2,4,-1,-1
201443R158064,1,9,0,18,0,0,0,0,7,11,1,1,3,2,46,8,1388,1,3,5,1
201443R158064,2,9,0,2,0,0,0,0,0,0,3,1,3,1,42,7,-1,-1,-1,3,1
201443R158084,1,20,0,18,0,0,0,0,0,0,2,1,6,1,-1,-1,8970,2,7,-1,-1
201443R158084,2,9,0,3,0,0,0,0,0,0,1,1,6,2,34,6,1995,2,12,6,1
201443R158124,1,9,0,5,0,0,0,0,0,0,3,1,6,2,46,8,1198,1,-1,7,3
201443R158124,2,9,0,18,0,0,0,0,0,0,4,1,6,2,76,11,1896,2,6,9,1
201443R158124,3,9,0,18,0,0,0,0,0,0,3,1,6,2,47,8,2993,2,9,10,1
201443R159084,1,9,0,4,0,1,0,0,0,0,1,1,6,1,80,11,1598,1,6,10,1
201443R159084,2,9,0,4,0,1,0,0,0,0,2,1,2,1,57,9,1398,2,7,10,3
201443R159084,3,9,0,4,0,1,0,0,0,0,2,1,2,1,18,4,1598,1,14,8,3
201443R160034,1,8,0,18,0,0,0,0,0,0,1,1,6,1,-1,-1,-1,-1,-1,-1,-1
201443R160054,1,1,0,18,0,1,0,0,0,0,3,1,2,1,33,6,-1,-1,-1,-1,-1
201443R160054,2,9,0,18,0,1,0,0,0,0,4,1,6,3,-1,-1,-1,-1,-1,-1,-1
201443R161034,1,9,0,18,0,0,0,0,0,0,1,1,2,1,40,7,-1,-1,-1,4,1
201443R161034,2,9,0,18,0,0,0,0,0,0,2,1,6,1,54,8,1582,2,2,-1,-1
201443R161034,3,9,0,18,0,0,0,0,0,0,2,1,6,1,48,8,1984,1,10,4,1
201443R161084,1,9,0,18,0,1,0,0,0,0,1,1,6,1,-1,-1,-1,-1,-1,-1,-1
201443R161084,2,9,0,7,0,1,0,0,0,0,2,1,1,2,25,5,1599,1,11,7,1
201443R161094,1,9,0,17,0,2,1,0,1,1,1,1,6,1,25,5,2143,2,-1,-1,1
201443R161124,1,9,0,18,0,0,0,0,0,0,1,1,6,3,-1,-1,-1,-1,-1,-1,-1
201443R161124,2,1,0,18,0,0,0,0,0,0,2,1,6,1,24,5,-1,-1,-1,2,1
201443R162054,1,19,0,14,0,0,0,0,0,0,0,1,2,1,40,7,2463,2,10,5,1
201443R162054,2,3,0,17,0,0,0,0,0,0,0,1,2,1,43,7,124,1,10,10,1
201443R162074,1,1,0,18,0,0,0,0,0,0,3,1,6,1,16,4,-1,-1,-1,10,1
201443R162074,2,9,0,18,0,0,0,0,0,0,1,1,2,2,48,8,2000,2,3,10,1
201443R162104,1,9,0,18,0,8,0,0,3,1,1,1,6,2,49,8,1248,2,11,8,1
201443R163024,1,9,0,18,0,4,0,0,0,0,1,1,6,1,29,6,1560,2,9,2,1
201443R163024,2,1,0,18,0,8,0,0,0,0,4,1,6,1,50,8,-1,-1,-1,5,1
201443R163044,1,9,0,18,0,0,0,0,0,0,1,1,6,1,45,7,1598,1,9,8,1
201443R163044,2,9,0,4,0,0,0,0,0,0,2,1,6,2,37,7,1753,2,11,6,2
201443R163044,3,9,0,4,0,0,0,0,0,0,1,1,6,1,59,9,1596,1,8,8,1
201443R163054,1,9,0,9,0,4,0,0,0,0,1,1,6,1,25,5,1596,1,9,6,1
201443R163054,2,5,0,9,0,8,0,0,0,0,2,1,6,1,52,8,955,1,14,5,1
201443R163074,1,9,0,18,0,0,0,0,0,0,4,1,6,1,59,9,1997,2,14,6,1
201443R163114,1,19,0,16,0,0,0,0,7,11,1,1,1,1,67,10,1560,2,1,10,1
201443R164014,1,2,0,18,0,1,0,10,4,1,4,1,6,1,30,6,49,1,4,-1,1
201443R164064,1,9,0,4,0,0,0,0,0,0,1,1,6,2,63,9,1598,1,7,-1,1
201443R164064,2,9,0,4,0,0,0,0,0,0,2,1,6,2,35,6,1360,1,8,6,1
201443R164074,1,9,0,7,0,8,0,0,0,0,3,1,6,2,33,6,1968,2,7,9,3
201443R165024,1,9,0,4,0,0,0,0,0,0,1,1,3,2,39,7,2499,2,12,4,1
201443R165024,2,1,0,18,0,0,0,0,0,0,4,1,4,1,12,3,-1,-1,-1,3,1
201443R165034,1,9,0,9,0,8,0,0,0,0,4,1,2,1,43,7,1229,1,3,3,1
201443R165034,2,9,0,18,0,8,0,0,1,11,1,1,2,1,61,9,2995,1,2,-1,-1
201443R165064,1,9,0,18,0,0,5,0,7,4,4,1,6,1,28,6,1868,2,15,5,1
201443R165074,1,9,0,7,0,4,0,0,0,0,1,1,6,2,38,7,1560,2,6,8,1
201443R165074,2,1,0,18,0,8,0,0,0,0,2,1,6,1,50,8,-1,-1,-1,10,1
201443R165084,1,9,0,17,0,0,2,0,7,4,1,1,6,2,39,7,1388,1,9,6,1
201443R165124,1,9,0,18,0,0,0,0,0,0,3,1,3,2,49,8,1997,2,13,10,1
201443R165124,2,9,0,18,0,0,0,0,0,0,3,1,3,2,38,7,1560,2,1,10,1
201443R166024,1,9,0,18,0,0,0,0,0,0,1,1,1,2,45,7,1240,1,10,4,1
201443R166024,2,9,0,18,0,0,0,0,0,0,2,1,1,2,34,6,-1,-1,-1,10,1
201443R166024,3,9,0,18,0,0,0,0,0,0,2,1,1,1,40,7,1242,1,3,-1,-1
201443R166034,1,19,0,6,0,8,1,0,0,0,3,1,2,1,24,5,2198,2,6,7,2
201443R166034,2,17,0,18,0,8,0,0,0,0,1,1,1,1,42,7,6800,2,4,6,3
201443R166044,1,9,0,1,0,8,0,0,0,0,2,1,6,2,46,8,1896,2,10,3,1
201443R166054,1,9,0,9,0,6,0,0,0,0,1,1,6,1,49,8,2776,2,9,10,1
201443R166054,2,9,0,17,0,1,0,0,0,0,4,1,1,1,70,10,-1,-1,-1,3,1
201443R166074,1,90,0,18,0,1,0,0,0,0,0,1,1,2,39,7,2987,2,4,-1,-1
201443R166074,2,9,0,18,0,8,0,0,0,0,1,1,2,1,43,7,1984,1,11,6,1
201443R166074,3,9,0,4,0,8,0,0,0,0,2,1,2,2,20,4,1598,1,12,9,1
201443R167024,1,9,0,18,0,0,0,0,0,0,1,1,6,1,30,6,1997,2,2,10,1
201443R167024,2,9,0,18,0,0,0,0,0,0,1,1,6,1,39,7,1995,2,4,3,1
201443R167024,3,9,0,18,0,0,0,0,0,0,2,1,6,1,49,8,1560,2,4,8,1
201443R167024,4,9,0,18,0,0,0,0,0,0,2,1,6,1,27,6,-1,-1,-1,8,1
201443R167024,5,8,0,18,0,0,0,0,0,0,1,1,6,1,55,8,2148,2,9,8,1
201443R167024,6,9,0,4,0,0,0,0,0,0,2,1,6,2,39,7,1968,2,6,5,1
201443R167024,7,9,0,4,0,0,0,0,0,0,2,1,6,1,54,8,1951,2,8,5,1
201443R167034,1,9,0,12,0,1,0,0,0,0,3,1,6,1,30,6,-1,-1,-1,3,1
201443R167034,2,9,0,18,0,2,0,0,0,0,3,1,3,2,33,6,-1,-1,-1,2,1
201443R167044,1,9,0,17,0,0,0,0,0,0,0,1,1,1,28,6,1248,2,1,-1,1
201443R167044,2,9,0,17,0,0,2,10,7,0,1,1,6,1,16,4,1598,1,11,3,1
201443R167044,3,9,0,2,0,0,0,0,0,0,2,1,6,3,-1,-1,1839,1,11,-1,-1
201443R167044,4,9,0,2,0,0,0,0,0,0,2,1,6,3,-1,-1,1598,1,5,-1,-1
201443R167044,5,9,0,2,0,0,0,0,0,0,2,1,6,3,-1,-1,2494,2,4,-1,-1
201443R167044,6,9,0,2,0,0,0,0,0,0,2,1,6,3,-1,-1,2720,2,6,-1,-1
201443R167044,7,9,0,2,0,0,0,0,0,0,2,1,6,3,-1,-1,1390,1,9,-1,-1
201443R167044,8,9,0,2,0,0,0,0,0,0,3,1,6,3,-1,-1,2499,2,13,-1,-1
201443R167054,1,9,0,11,0,0,0,0,6,11,4,1,6,2,26,6,-1,-1,-1,5,1
201443R167054,2,9,0,16,0,0,0,0,0,0,3,1,6,1,30,6,1596,1,11,6,1
201443R167074,1,9,0,5,0,1,0,0,0,0,1,1,2,1,29,6,1896,1,13,1,1
201443R167074,2,19,0,5,0,1,0,0,0,0,2,1,1,1,25,5,-1,-1,-1,8,1
201443R167114,1,9,0,18,0,1,0,0,0,0,1,1,6,1,73,10,1298,1,-1,9,1
201443R167114,2,9,0,10,0,1,0,0,0,0,2,1,6,2,64,9,1329,1,4,-1,1
201443R168054,1,9,0,9,0,6,0,0,0,0,1,1,6,2,29,6,1968,2,7,9,1
201443R168054,2,9,0,18,0,1,1,0,0,0,1,1,6,1,23,5,1124,1,12,5,1
201443R168124,1,9,0,18,0,0,0,0,0,0,1,1,6,3,-1,-1,-1,-1,-1,-1,-1
201443R168124,2,1,0,18,0,0,0,0,0,0,2,1,6,1,39,7,-1,-1,-1,9,1
201443R169084,1,9,0,18,0,0,0,0,0,0,1,1,6,1,21,5,1781,1,18,5,1
201443R169084,2,9,0,4,0,0,0,0,0,0,2,1,6,2,31,6,1951,2,11,9,1
201443R169084,3,9,0,4,0,0,0,0,0,0,2,1,6,1,37,7,1598,2,5,4,1
201443R169084,4,9,0,4,0,0,0,0,0,0,2,1,6,1,24,5,-1,-1,-1,10,3
201443R169114,1,19,0,18,0,8,0,0,0,0,3,1,6,1,38,7,2148,2,9,5,1
201443R169114,2,9,0,10,0,8,0,0,0,0,3,1,6,2,28,6,1364,1,10,4,1
201443R170014,1,9,0,18,0,1,1,0,0,0,1,1,6,2,42,7,1988,1,16,4,1
201443R170014,2,9,0,3,0,1,0,0,0,0,2,1,6,2,44,7,1299,1,7,9,3
201443R170034,1,9,0,17,0,0,0,0,0,0,1,1,6,1,18,4,1242,1,13,6,1
201443R170034,2,9,0,16,0,0,0,0,0,0,1,1,6,2,43,7,1998,2,6,10,1
201443R170114,1,9,0,9,0,8,0,0,0,0,4,1,2,2,23,5,1798,1,3,10,2
201443R170114,2,9,0,18,0,8,0,0,0,0,1,1,6,1,24,5,1390,1,4,4,1
201443R171014,1,9,0,9,0,6,0,0,0,0,3,1,1,1,44,7,2698,2,8,10,1
201443R171014,2,9,0,18,0,1,0,0,0,0,1,1,6,2,43,7,1998,1,7,4,1
201443R171054,1,9,0,18,0,0,0,7,0,10,1,1,6,1,25,5,1995,2,12,8,1
201443R171084,1,9,0,18,0,8,0,0,0,0,4,1,6,2,50,8,1198,1,9,5,1
201443R171114,1,9,0,1,0,6,0,0,0,0,2,1,6,1,31,6,1896,2,12,7,1
201443R172064,1,9,0,1,9,6,0,0,0,0,2,1,6,1,56,9,2400,7,14,-1,-1
201443R172074,1,9,0,18,0,0,0,0,0,0,0,1,6,2,33,6,1390,1,11,8,1
201443R172084,1,9,0,18,0,0,0,0,0,0,1,1,2,1,23,5,1896,2,15,4,1
201443R172084,2,9,0,18,0,0,0,0,0,0,2,1,6,1,39,7,2993,2,3,7,3
201443R172124,1,19,0,18,0,0,0,0,1,9,1,1,1,1,68,10,2198,2,6,5,1
201443R173014,1,9,0,18,0,0,2,0,1,6,3,1,6,1,32,6,1997,2,5,-1,1
201443R173014,2,9,0,18,0,0,1,0,0,0,3,1,6,2,49,8,1896,2,7,10,1
201443R173024,1,9,0,5,9,6,0,0,0,0,1,1,2,1,30,6,1998,1,9,2,1
201443R173024,2,1,0,18,9,8,0,0,0,0,3,1,4,1,15,3,-1,-1,-1,3,1
201443R173044,1,9,0,9,0,8,0,0,0,0,1,1,2,1,26,6,1686,2,11,10,3
201443R173044,2,5,0,9,0,8,1,0,7,0,1,1,2,1,40,7,1000,1,9,7,2
201443R173054,1,9,0,18,0,8,1,0,0,0,1,1,6,1,53,8,1896,2,11,3,1
201443R173054,2,9,0,18,0,8,0,0,0,0,3,1,1,1,44,7,1998,1,8,4,1
201443R173054,3,9,0,18,0,1,0,0,0,0,1,1,6,2,50,8,1149,1,14,3,1
201443R173064,1,9,0,7,9,8,0,0,0,0,4,1,6,3,-1,-1,-1,-1,-1,-1,-1
201443R173064,2,1,0,18,9,8,0,0,0,0,1,1,6,1,12,3,-1,-1,-1,6,1
201443R173074,1,9,0,18,0,8,0,0,0,0,1,1,6,2,33,6,1598,1,10,10,2
201443R173074,2,1,0,18,0,8,0,0,0,0,1,1,6,2,50,8,-1,-1,-1,10,1
201443R173084,1,9,0,18,0,0,1,0,0,0,1,1,2,1,31,6,-1,-1,-1,10,1
201443R173084,2,9,0,18,0,0,0,0,0,0,2,1,2,2,21,5,1242,1,6,9,3
201443R173084,3,9,0,18,0,0,0,0,0,0,2,1,2,2,25,5,2171,1,14,10,1
201443R173094,1,9,0,18,0,0,0,0,0,0,4,1,6,2,-1,-1,-1,-1,-1,-1,-1
201443R174014,1,9,0,9,0,8,0,0,0,0,1,1,1,1,42,7,1998,2,5,3,1
201443R174024,1,9,0,18,0,0,0,0,0,0,1,1,6,3,-1,-1,-1,-1,-1,-1,-1