Accident_Index,Vehicle_Reference,Vehicle_Type,Towing_and_Articulation,Vehicle_Manoeuvre,Vehicle_Location-Restricted_Lane,Junction_Location,Skidding_and_Overturning,Hit_Object_in_Carriageway,Vehicle_Leaving_Carriageway,Hit_Object_off_Carriageway,1st_Point_of_Impact,Was_Vehicle_Left_Hand_Drive?,Journey_Purpose_of_Driver,Sex_of_Driver,Age_of_Driver,Age_Band_of_Driver,Engine_Capacity_(CC),Propulsion_Code,Age_of_Vehicle,Driver_IMD_Decile,Driver_Home_Area_Type
201443R174024,2,9,0,18,0,0,0,0,0,0,2,1,6,1,37,7,1850,1,13,3,1
201443R174034,1,9,0,18,0,1,0,0,0,0,1,1,6,1,-1,-1,1242,1,13,5,1
201443R174034,2,9,0,8,0,1,0,0,0,0,2,1,2,1,60,9,-1,-1,-1,7,3
201443R174054,1,9,0,18,0,0,5,0,0,0,1,1,6,1,19,4,1299,1,17,10,1
201443R174064,1,9,0,7,0,8,0,0,0,0,3,1,6,2,60,9,3199,1,12,10,1
201443R174064,2,9,0,18,0,8,0,0,0,0,1,1,6,2,48,8,1796,2,1,10,1
201443R174084,1,9,0,18,0,0,0,0,0,0,1,1,6,1,41,7,2993,2,11,5,1
201443R174084,2,9,0,18,0,0,0,0,0,0,2,1,6,1,70,10,1248,2,3,5,1
201443R174094,1,9,0,16,0,0,0,0,0,0,1,1,6,2,28,6,1240,1,9,4,1
201443R174094,2,9,0,2,0,0,0,0,0,0,2,1,6,2,-1,-1,1586,1,10,4,1
201443R174104,1,9,0,18,0,0,0,0,0,0,4,1,6,1,64,9,1976,1,4,6,1
201443R175014,1,9,0,18,0,0,1,0,2,7,4,1,1,1,61,9,1461,2,5,4,1
201443R175014,2,9,0,18,0,0,0,0,0,0,0,1,6,1,46,8,1968,2,4,10,1
201443R175084,1,9,0,9,0,6,0,0,0,0,3,1,6,1,83,11,1598,1,4,4,1
201443R175084,2,90,0,18,0,1,0,0,0,0,1,1,1,1,29,6,2143,2,1,8,1
201443R175104,1,9,0,18,0,0,0,0,0,7,3,1,6,2,41,7,1339,1,9,3,1
201443R176044,1,9,0,9,0,1,0,0,0,0,1,1,6,1,32,6,1598,1,11,2,1
201443R176044,2,9,0,18,0,1,0,0,0,0,1,1,6,1,31,6,1560,2,7,4,1
201443R176064,1,9,0,18,0,2,0,0,0,0,3,1,6,2,40,7,1386,1,9,-1,-1
201443R176104,1,9,0,18,0,8,0,0,0,0,1,1,6,2,73,10,1870,2,8,6,1
201443R176104,2,9,0,18,0,4,0,9,7,1,3,1,6,2,48,8,1999,1,6,10,1
201443R177014,1,9,0,18,0,0,1,10,0,0,4,1,2,1,42,7,1968,2,2,10,1
201443R177014,2,9,0,18,0,0,0,0,0,0,1,1,2,2,58,9,1596,1,9,10,1
201443R177034,1,8,0,18,0,0,0,0,0,0,1,1,1,1,40,7,1997,2,4,-1,-1
201443R177034,2,9,0,2,0,0,0,0,0,0,2,1,6,2,44,7,1598,1,1,3,1
201443R177064,1,8,0,18,0,8,0,0,0,0,1,1,1,1,32,6,2149,2,7,5,1
201443R177064,2,9,0,5,0,8,0,0,1,11,4,1,6,1,34,6,1197,1,-1,5,1
201443R177084,1,9,0,9,0,4,0,0,0,0,3,1,6,1,24,5,-1,-1,-1,10,1
201443R177084,2,9,0,18,0,8,0,0,0,0,1,1,2,1,29,6,-1,-1,-1,4,1
201443R177104,1,9,0,18,0,0,0,0,0,0,1,1,2,1,31,6,1397,1,6,-1,-1
201443R177104,2,9,0,18,0,0,0,0,0,0,1,1,2,1,21,5,1896,2,13,-1,-1
201443R177104,3,9,0,4,0,0,0,0,0,0,2,1,2,1,26,6,1956,2,-1,2,1
201443R177114,1,9,0,7,0,1,0,0,0,0,1,1,6,1,32,6,1796,1,12,10,1
201443R178014,1,9,0,16,0,0,1,0,7,11,1,1,1,1,21,5,1984,1,13,5,1
201443R178024,1,9,0,3,0,0,0,0,0,0,2,1,6,1,38,7,1461,2,4,-1,3
201443R178024,2,9,0,4,0,0,0,0,0,0,1,1,6,2,33,6,1968,2,8,9,1
201443R178024,3,9,0,4,0,0,0,0,0,0,1,1,6,1,39,7,1769,1,13,10,1
201443R178034,1,9,0,4,0,1,0,0,0,0,1,1,6,1,-1,-1,1896,2,13,5,1
201443R178034,2,9,0,8,0,1,0,0,0,0,2,1,1,2,38,7,1686,2,3,4,1
201443R178064,1,9,0,4,0,0,1,0,0,0,1,1,6,2,23,5,1391,1,12,8,1
201443R178064,2,9,0,4,0,0,0,0,0,0,2,1,6,2,18,4,-1,-1,-1,8,1
201443R178064,3,9,0,4,0,0,0,0,0,0,2,1,6,2,52,8,1968,2,1,-1,1
201443R178074,1,9,0,5,0,2,0,0,0,0,4,1,6,2,28,6,1242,1,3,7,1
201443R178074,2,9,0,18,0,1,0,0,0,0,4,1,6,3,-1,-1,-1,-1,-1,-1,-1
201443R178094,1,5,0,18,0,1,1,0,3,1,1,1,6,1,41,7,636,1,10,3,1
201443R179014,1,9,0,7,0,8,0,0,0,0,3,1,6,2,29,6,1388,1,4,6,1
201443R179024,1,9,0,18,0,4,0,0,0,0,1,1,6,1,22,5,1910,2,7,7,1
201443R179024,2,9,0,4,0,4,0,0,0,0,2,1,6,2,20,4,1400,2,7,3,1
201443R179044,1,9,0,4,0,0,0,0,0,0,2,1,6,2,40,7,1991,2,7,4,1
201443R179044,2,9,0,18,0,0,0,0,0,0,1,1,6,1,76,11,1560,2,1,-1,-1
201443R179044,3,9,0,18,0,0,0,0,0,0,2,1,6,2,45,7,2967,2,3,10,2
201443R179044,4,9,0,4,0,0,0,0,0,0,1,1,6,1,23,5,1762,1,17,5,1
201443R179044,5,9,0,18,0,0,0,0,0,0,1,1,6,1,53,8,1968,2,1,4,1
201443R179044,6,9,0,18,0,0,0,0,0,0,1,1,6,1,-1,-1,1995,2,1,3,1
201443R179074,1,9,0,18,0,8,0,0,0,0,1,1,6,1,23,5,1598,1,6,10,1
201443R179074,2,9,0,10,0,8,0,0,0,0,2,1,6,1,31,6,1995,2,12,9,1
201443R179094,1,8,0,9,0,8,0,0,0,0,4,1,1,1,42,7,1910,2,8,9,1
201443R179094,2,2,0,18,0,1,0,0,0,0,1,1,6,1,26,6,49,1,16,8,1
201443R180014,1,9,0,4,0,0,1,0,0,0,1,1,6,2,36,7,-1,-1,-1,9,3
201443R180014,2,9,0,4,0,0,0,0,0,0,2,1,6,2,22,5,1299,1,6,7,3
201443R180014,3,8,0,4,0,0,0,0,0,0,2,1,1,1,53,8,2143,2,3,8,2
201443R180064,1,9,0,18,0,0,0,0,0,0,0,1,6,3,-1,-1,-1,-1,-1,-1,-1
201443R180064,2,5,0,18,0,0,1,7,2,7,1,1,6,1,33,6,598,1,17,5,1
201443R180094,1,9,0,9,0,8,0,0,0,0,1,1,2,1,53,8,998,1,6,-1,-1
201443R180094,2,9,0,18,0,8,0,0,0,0,3,1,2,1,25,5,1396,1,15,3,1
201443R181014,1,9,0,5,0,4,0,0,0,0,3,1,6,1,48,8,-1,-1,-1,7,2
201443R181014,2,1,0,18,0,8,0,0,0,0,1,1,6,1,24,5,-1,-1,-1,9,1
201443R181034,1,8,0,18,0,0,0,0,0,0,0,1,1,1,-1,-1,-1,-1,-1,-1,-1
201443R181044,1,8,0,18,0,2,0,0,0,0,4,1,1,1,42,7,2401,2,7,4,1
201443R181044,2,1,0,18,9,1,0,0,0,0,1,1,6,1,5,1,-1,-1,-1,3,1
201443R181074,1,9,0,18,0,4,0,0,0,0,1,1,6,2,-1,-1,1984,1,19,8,1
201443R181074,2,9,0,3,0,4,0,0,0,0,2,1,1,1,30,6,1598,2,2,9,1
201443R181104,1,9,0,18,0,1,0,0,0,0,1,1,1,1,40,7,-1,-1,-1,10,1
201443R181114,1,9,0,7,0,6,0,0,0,0,4,1,2,1,40,7,1198,1,1,6,3
201443R181124,1,9,0,13,0,1,0,0,0,0,4,1,6,1,25,5,1598,1,8,9,1
201443R181124,2,1,0,9,0,1,1,0,0,0,3,1,6,2,49,8,-1,-1,-1,7,3
201443R182014,1,9,0,18,0,0,1,0,0,0,1,1,2,1,42,7,1910,2,9,-1,1
201443R182014,2,9,0,4,0,0,0,0,0,0,2,1,6,1,64,9,2488,1,10,5,1
201443R182014,3,9,0,4,0,0,0,0,0,0,2,1,6,1,62,9,1388,1,9,-1,-1
201443R182014,4,9,0,4,0,0,0,0,0,0,2,1,6,2,36,7,2179,2,1,-1,1
201443R182074,1,5,0,13,0,0,0,0,0,0,3,1,6,1,43,7,918,1,15,10,1
201443R182074,2,9,0,18,0,0,1,0,0,0,4,1,6,1,53,8,1343,1,10,9,1
201443R182104,1,9,0,1,9,0,0,0,0,0,2,1,6,2,36,7,1896,2,8,3,1
201443R182114,1,9,0,18,0,0,0,0,0,0,1,1,6,3,-1,-1,-1,-1,-1,-1,-1
201443R183044,1,9,0,5,0,6,0,11,0,0,3,1,6,2,-1,-1,1229,1,2,5,1
201443R183054,1,9,0,18,0,0,5,0,7,0,0,1,6,1,23,5,1968,2,2,3,1
201443R183094,1,9,0,18,0,8,0,0,0,0,1,1,6,1,43,7,2987,2,3,4,1
201443R183094,2,9,0,18,0,2,0,0,0,0,2,1,6,1,32,6,1493,1,16,3,1
201443R183094,3,9,0,18,0,2,0,0,0,0,2,1,6,1,47,8,1229,1,6,5,1
201443R183104,1,9,0,18,0,2,5,0,0,0,1,1,2,2,22,5,1968,2,10,10,1
201443R183104,2,9,0,2,0,1,0,0,0,0,1,1,6,2,70,10,1796,2,2,9,1
201443R183114,1,9,0,18,0,4,0,0,0,0,3,1,6,1,28,6,1596,1,11,9,1
201443R183114,2,1,0,9,0,8,0,0,0,0,1,1,6,1,32,6,-1,-1,-1,9,1
201443R184034,1,9,0,5,9,0,0,0,0,0,1,1,3,2,35,6,1896,2,8,3,1
201443R184074,1,9,0,7,0,3,0,0,3,11,4,1,6,3,31,6,2143,2,5,8,1
201443R184074,2,9,0,7,0,3,0,0,0,0,3,1,6,2,24,5,1995,1,5,9,3
201443R184074,3,9,0,2,9,2,0,0,0,0,2,1,6,3,76,11,1796,1,11,-1,-1
201443R184074,4,9,0,2,9,2,0,0,0,0,2,1,6,3,76,11,1587,1,12,-1,-1
201443R184074,5,1,0,7,0,3,0,0,0,0,2,1,6,2,30,6,-1,-1,-1,4,1
201443R185014,1,21,0,18,0,1,0,0,0,0,1,1,1,1,36,7,4461,2,2,4,1
201443R185014,2,9,0,4,0,1,0,0,0,0,2,1,1,2,30,6,847,1,16,4,1
201443R185034,1,9,0,18,0,1,0,0,0,0,1,1,6,1,-1,-1,-1,-1,-1,-1,-1
201443R185034,2,9,0,3,0,1,0,0,0,0,2,1,6,2,30,6,-1,-1,-1,1,1
201443R185044,1,1,0,18,0,8,0,0,0,0,1,1,6,1,20,4,-1,-1,-1,-1,-1
201443R185054,1,9,0,4,0,1,0,0,0,0,1,1,6,3,-1,-1,-1,-1,-1,-1,-1
201443R185054,2,9,0,3,0,1,0,0,0,0,2,1,6,2,54,8,1242,1,13,6,1
201443R185084,1,9,0,9,0,0,0,0,0,0,3,1,6,1,19,4,2198,2,8,7,2
201443R185084,2,2,0,18,0,0,0,0,0,0,1,1,6,1,16,4,50,1,9,4,1
201443R185094,1,5,0,14,0,8,0,10,7,2,1,1,6,1,23,5,471,1,-1,10,1
201443R185094,2,9,0,9,0,8,0,0,0,0,3,1,6,2,32,6,1896,2,12,9,1
201443R185104,1,9,0,18,0,0,0,0,1,1,1,1,6,2,38,7,1198,1,-1,10,1
201443R186054,1,9,0,9,0,8,0,0,0,0,1,1,1,1,50,8,1686,2,6,5,1
201443R186084,1,5,0,13,0,1,0,0,8,11,1,1,6,1,28,6,897,1,1,7,1
201443R186084,2,17,0,9,0,5,0,0,0,0,3,1,1,1,50,8,4525,2,2,9,1
201443R186094,1,9,0,3,0,1,0,0,0,0,1,1,6,2,20,4,1995,2,1,-1,-1
201443R186094,2,9,0,4,0,1,0,0,0,0,2,1,2,2,30,6,1995,2,11,2,1
201443R187024,1,9,0,18,0,2,0,0,0,0,3,1,2,1,27,6,3999,1,4,7,1
201443R187024,2,9,0,18,0,1,0,0,1,0,3,1,2,2,60,9,998,1,4,5,1
201443R187034,1,9,0,18,0,0,0,0,0,0,1,1,6,1,25,5,2148,2,7,-1,-1
201443R187034,2,5,0,3,0,0,0,0,0,0,2,1,2,1,60,9,748,1,9,-1,1
201443R187034,3,9,0,3,0,0,0,0,0,0,2,1,6,2,54,8,1497,1,10,7,1
201443R187094,1,9,0,18,0,8,0,0,0,0,1,1,2,2,50,8,1968,2,1,10,2
201443R187094,2,9,0,18,0,8,0,0,0,0,2,1,6,1,28,6,1900,2,8,10,1
201443R187124,1,9,0,17,0,4,0,0,0,0,1,1,6,2,42,7,1998,1,12,10,1
201443R187124,2,19,0,18,0,3,0,0,0,0,1,1,1,1,25,5,1870,2,11,10,1
201443R188014,1,9,0,18,0,1,0,0,0,0,4,1,6,1,48,8,-1,-1,-1,3,1
201443R188014,2,9,0,7,0,1,0,0,0,0,3,1,6,2,40,7,1229,1,7,-1,1
201443R188024,1,1,0,18,0,8,0,0,0,0,0,1,1,1,36,7,-1,-1,-1,3,1
201443R188024,2,9,0,7,0,8,0,0,0,0,0,1,6,2,-1,-1,-1,-1,-1,-1,-1
201443R188054,1,9,0,18,0,1,0,0,0,0,1,1,6,2,79,11,3824,1,10,10,1
201443R188054,2,9,0,10,0,1,0,0,0,0,2,1,2,1,44,7,1360,1,11,10,3
201443R188064,1,9,0,18,0,0,0,0,1,9,1,1,2,1,30,6,1598,2,-1,2,1
201443R188064,2,9,0,12,0,0,0,0,0,0,2,1,6,2,90,11,-1,-1,-1,7,3
201443R188084,1,9,0,18,0,0,0,0,0,0,3,1,6,2,49,8,1560,2,-1,-1,-1
201443R188084,2,9,0,18,0,0,0,4,0,0,3,1,1,1,21,5,-1,-1,-1,10,2
201443R188084,3,98,0,2,9,0,0,0,0,0,1,1,1,1,42,7,2198,2,6,-1,-1
201443R188114,1,9,0,18,0,0,0,0,5,6,3,1,6,1,24,5,2993,2,9,7,1
201443R189084,1,97,0,4,0,1,1,0,0,0,4,1,6,2,26,6,124,1,13,10,1
201443R189104,1,9,0,18,0,0,0,4,0,0,1,1,6,3,-1,-1,1910,2,6,-1,-1
201443R189104,2,9,0,2,0,0,0,0,0,0,1,1,6,2,42,7,1598,1,12,3,1
201443R189124,1,9,0,9,0,6,0,0,0,0,1,1,2,1,38,7,2231,2,-1,5,1
201443R189124,2,1,0,18,0,8,0,0,0,0,4,1,6,2,24,5,-1,-1,-1,6,1
201443R190034,1,9,0,9,0,8,0,0,0,0,1,1,6,2,19,4,1242,1,1,9,1
201443R190034,2,9,0,18,0,8,0,0,0,0,1,1,6,1,52,8,1229,1,2,9,1
201443R190054,1,9,0,12,0,0,0,0,0,0,1,1,6,2,24,5,998,1,7,3,1
201443R190054,2,9,0,4,0,0,0,0,0,0,2,1,6,2,36,7,1275,1,16,2,1
201443R190064,1,9,0,18,0,8,0,0,0,0,1,1,2,2,59,9,998,1,1,10,1
201443R190064,2,9,0,9,0,5,0,0,0,0,4,1,2,2,26,6,2497,1,3,10,1
201443R191054,1,9,0,5,0,2,0,0,0,0,0,1,6,2,47,8,1298,1,11,10,1
201443R191054,2,1,0,18,0,1,0,0,0,0,0,1,6,1,49,8,-1,-1,-1,8,1
201443R191114,1,9,0,7,0,2,0,0,0,0,1,1,6,1,44,7,-1,-1,-1,10,1
201443R192014,1,9,0,18,0,0,1,0,1,1,1,1,6,2,59,9,1596,1,10,8,1
201443R192024,1,9,0,7,0,1,0,0,0,0,1,1,6,2,-1,-1,-1,-1,-1,-1,-1
201443R192024,2,9,0,8,0,1,0,0,0,0,2,1,2,1,21,5,1595,1,17,9,1
201443R192034,1,9,0,1,0,1,0,0,0,0,2,1,6,3,-1,-1,-1,-1,-1,-1,-1
201443R192074,1,19,0,18,0,0,0,5,0,0,1,1,1,1,31,6,2143,2,3,2,1
201443R192104,1,5,0,18,0,1,0,0,0,0,4,1,6,1,45,7,675,1,-1,4,1
201443R192114,1,9,0,3,0,0,0,0,0,0,2,1,6,1,24,5,1598,2,2,5,1
201443R192114,2,9,0,18,0,0,0,0,0,0,1,1,6,2,72,10,999,1,-1,5,1
201443R192124,1,9,0,18,0,0,0,0,5,6,1,1,2,1,63,9,2495,1,13,8,1
201443R193024,1,9,0,9,0,6,0,10,0,0,1,1,6,2,34,6,2000,2,9,8,3
201443R193024,2,21,0,18,0,8,0,0,0,0,4,1,1,1,54,8,-1,-1,-1,10,1
201443R193034,1,9,0,12,0,8,0,0,0,0,3,1,2,1,56,9,2967,2,3,10,1
201443R193034,2,21,1,18,0,8,0,0,0,0,1,1,1,1,65,9,12777,2,1,1,1
201443R193054,1,8,0,18,0,0,0,0,1,4,1,1,1,1,31,6,1896,2,9,4,1
201443R193074,1,9,0,9,0,8,0,0,0,0,3,1,6,1,46,8,1686,2,6,5,1
201443R193074,2,1,0,18,0,8,0,0,0,0,1,1,6,2,30,6,-1,-1,-1,9,1
201443R193094,1,9,0,9,0,5,0,0,0,0,1,1,6,1,35,6,1587,1,10,2,1
201443R193094,2,9,0,18,0,8,0,0,0,0,1,1,6,2,30,6,1199,1,11,-1,1
201443R193114,1,19,0,18,0,0,0,0,2,6,3,1,1,1,33,6,1998,2,12,5,1
201443R193114,2,21,1,18,0,0,0,0,0,0,4,1,1,1,62,9,12900,2,5,10,1
201443R194034,1,9,0,18,0,0,0,0,0,0,1,1,6,2,68,10,1388,1,3,9,3
201443R194034,2,9,0,3,0,0,0,0,0,0,2,1,6,1,41,7,1956,2,4,8,1
201443R194034,3,9,0,3,0,0,0,0,0,0,2,1,6,1,32,6,1995,1,9,9,1
201443R194034,4,9,0,3,0,0,0,0,0,0,2,1,6,2,68,10,1386,1,4,9,1
201443R194044,1,3,0,18,0,0,1,0,0,0,3,1,6,2,17,4,124,1,3,10,1
201443R194054,1,9,0,18,0,8,2,0,7,1,1,1,1,1,20,4,-1,-1,-1,8,1
201443R194104,1,9,0,5,0,4,0,0,0,0,2,1,6,2,33,6,1997,2,12,10,1
201443R194104,2,9,0,5,0,4,0,0,0,0,1,1,2,1,28,6,1968,2,1,5,1
201443R194104,3,9,0,5,0,4,0,0,0,0,1,1,2,1,31,6,2400,2,2,10,1
201443R194114,1,19,0,5,0,0,0,0,0,0,1,1,6,3,-1,-1,2198,2,-1,-1,-1
201443R194124,1,9,0,18,0,8,0,0,0,0,1,1,6,1,38,7,2993,2,10,6,1
201443R194124,2,1,0,9,0,6,0,0,0,0,4,1,6,1,16,4,-1,-1,-1,-1,-1
201443R195014,1,9,0,13,0,8,0,0,0,0,1,1,6,1,-1,-1,-1,-1,-1,-1,-1
201443R195014,2,1,0,18,0,8,0,0,0,0,2,1,6,1,32,6,-1,-1,-1,4,1
201443R195024,1,9,0,9,0,6,0,0,0,0,3,1,6,2,31,6,2979,1,10,5,1
201443R195024,2,9,0,18,0,8,0,0,0,0,1,1,6,2,41,7,1896,2,12,9,2
201443R195034,1,9,0,18,0,0,0,0,0,0,1,1,6,1,25,5,-1,-1,-1,-1,-1
201443R195034,2,11,0,3,0,0,0,0,0,0,2,1,1,1,28,6,-1,2,15,5,1
201443R195064,1,9,0,9,0,8,0,0,0,0,3,1,1,1,41,7,3960,1,17,9,1
201443R195064,2,4,0,13,0,8,0,0,0,0,4,1,6,2,52,8,223,1,15,10,1
201443R195074,1,1,0,18,0,1,0,0,0,0,3,1,6,1,27,6,-1,-1,-1,-1,-1
201443R195074,2,9,0,7,0,1,0,0,0,0,4,1,6,1,-1,-1,1596,1,11,-1,-1
201443R196024,1,9,0,18,0,8,0,0,0,0,3,1,6,1,79,11,1910,2,7,10,1
201443R196024,2,9,0,9,0,8,0,0,7,0,1,1,6,2,80,11,1339,1,6,9,1
201443R196034,1,9,0,3,0,1,0,0,0,0,3,1,6,1,55,8,-1,-1,-1,7,1
201443R196034,2,5,0,3,0,1,0,0,0,0,4,1,6,1,46,8,1450,1,15,10,2
201443R197034,1,9,0,18,0,2,2,0,1,9,4,1,2,2,31,6,1242,1,5,9,3
201443R197054,1,9,0,18,0,0,0,0,0,0,1,1,6,2,39,7,1598,1,4,10,1
201443R197054,2,1,0,18,0,0,0,0,0,0,1,1,6,1,39,7,-1,-1,-1,-1,1
201443R197124,1,9,0,9,0,6,0,0,0,0,3,1,6,1,85,11,1587,1,6,10,1
201443R197124,2,9,0,18,0,1,0,0,0,0,1,1,6,1,72,10,-1,-1,-1,7,3
201443R198024,1,21,1,18,0,0,0,0,0,0,3,1,1,1,42,7,-1,-1,-1,-1,-1
201443R198024,2,9,0,11,0,0,0,0,2,7,4,1,2,1,37,7,1596,1,9,4,1
201443R198034,1,9,0,9,0,8,0,0,0,0,4,1,6,2,59,9,1895,1,14,9,3
201443R198034,2,4,0,18,0,8,1,0,0,0,1,1,6,1,46,8,225,1,35,10,1
201443R198064,1,90,0,4,0,0,0,0,0,0,1,1,1,1,-1,-1,2148,2,7,-1,-1
201443R198064,2,19,0,3,0,0,0,0,0,0,2,1,2,2,27,6,1896,2,9,4,1
201443R198064,3,19,0,3,0,0,0,0,0,0,2,1,6,3,-1,-1,1870,2,8,-1,-1
201443R198074,1,9,0,18,0,6,0,0,0,0,1,1,6,2,-1,-1,1299,1,12,-1,-1
201443R198074,2,1,0,18,0,1,0,0,0,0,4,1,6,1,35,6,-1,-1,-1,3,1
201443R198104,1,9,0,9,0,6,0,0,0,0,1,1,6,2,59,9,1796,1,10,3,1
201443R198104,2,9,0,18,0,8,0,0,0,0,4,1,6,1,57,9,1229,1,8,-1,-1
201443R199034,1,3,0,4,0,1,0,0,0,0,1,1,6,1,21,5,124,1,4,9,3
201443R199034,2,9,0,4,0,1,0,0,0,0,2,1,6,1,37,7,1796,1,6,9,3
201443R199114,1,9,0,18,0,1,0,0,0,0,1,1,6,2,62,9,1400,1,8,10,1
201443R199114,2,20,0,2,0,8,0,0,0,0,4,1,1,1,24,5,4461,2,6,10,1
201443R199124,1,9,0,18,0,3,0,0,0,0,1,1,6,2,35,6,1896,2,10,7,1
201443R199124,2,1,0,18,0,8,0,0,0,0,4,1,6,1,48,8,-1,-1,-1,8,1
201443R200034,1,9,0,15,0,0,1,0,2,7,1,1,2,1,38,7,1598,1,15,3,1
201443R200034,2,9,0,11,0,0,0,0,0,0,2,1,6,2,43,7,1598,2,1,10,1
201443R200064,1,9,0,9,0,8,0,0,0,0,4,1,6,2,44,7,1242,1,1,10,1
201443R200064,2,9,0,18,0,8,0,0,0,0,1,1,6,2,73,10,1587,1,10,2,1
201443R200094,1,9,0,7,0,8,0,0,0,0,1,1,6,1,45,7,1389,1,13,4,1
201443R200094,2,9,0,9,0,8,0,0,0,0,3,1,6,1,44,7,1796,1,11,9,3
201443R200124,1,9,0,4,0,0,0,0,0,0,1,1,6,2,-1,-1,1596,1,8,6,1
201443R200124,2,9,0,3,0,0,0,0,0,0,2,1,6,2,24,5,1984,1,13,3,1
201443R201034,1,9,0,4,0,0,5,0,5,6,1,1,6,1,27,6,1397,1,6,-1,1
201443R201034,2,9,0,4,0,0,2,0,0,0,2,1,6,1,65,9,1598,1,2,7,1
201443R201034,3,9,0,4,0,0,2,0,0,0,2,1,6,1,38,7,1995,2,3,10,1
201443R201094,1,9,0,18,0,4,0,0,0,0,1,1,2,2,32,6,995,1,6,3,1
201443R201094,2,9,0,9,0,4,0,0,0,0,1,1,6,2,42,7,-1,-1,-1,7,1
201443R202054,1,9,0,18,0,1,0,0,0,0,1,1,6,3,-1,-1,1796,1,12,-1,-1
201443R202054,2,5,0,3,0,1,0,0,0,0,2,1,6,1,38,7,124,1,10,8,1
201443R202054,3,9,0,3,0,1,0,0,0,0,2,1,6,3,-1,-1,2000,1,8,-1,-1
201443R202114,1,3,0,18,0,1,1,0,0,0,1,1,6,1,18,4,124,1,3,9,1
201443R202114,2,8,0,10,0,1,0,0,0,0,1,1,1,1,35,6,2143,2,3,4,1
201443R203054,1,5,0,15,0,1,0,0,0,0,3,1,1,1,38,7,749,1,5,10,2
201443R203054,2,20,0,7,0,1,0,0,0,0,4,1,1,1,22,5,2402,2,5,9,1
201443R203084,1,9,0,4,0,4,0,0,0,0,1,1,6,1,-1,-1,-1,-1,-1,-1,-1
201443R203084,2,8,0,3,0,4,0,0,0,0,2,1,1,1,33,6,2987,2,7,3,1
201443R203114,1,9,0,9,0,2,0,0,0,0,1,1,2,1,60,9,1598,1,9,9,1
201443R204054,1,9,0,1,0,8,0,0,0,0,2,1,6,2,33,6,2967,2,6,6,1
201443R204054,2,9,0,18,0,1,0,0,0,0,3,1,6,2,80,11,796,1,15,2,1
201443R204064,1,11,0,18,0,0,0,0,0,0,1,1,1,1,58,9,5900,2,15,4,1
201443R204084,1,9,0,7,0,8,1,10,7,11,1,1,6,1,17,4,1364,1,6,10,1
201443R204094,1,9,0,18,0,0,0,0,0,0,1,1,6,1,45,7,1598,1,3,10,1
201443R204094,2,19,0,2,0,0,0,0,0,0,1,1,1,1,31,6,2198,2,5,6,1
201443R204094,3,19,0,2,0,0,0,0,0,0,2,1,1,1,43,7,2299,2,1,8,1
201443R204114,1,9,0,9,0,2,0,0,0,0,1,1,3,2,40,7,1998,1,11,6,1
201443R204114,2,1,0,18,0,8,0,0,0,0,4,1,6,1,14,3,-1,-1,-1,5,1
201443R204124,1,9,0,11,0,2,1,0,0,7,1,1,6,1,81,11,1997,1,21,10,1
201443R205094,1,9,0,18,0,0,0,0,0,0,0,1,6,1,41,7,1999,1,7,4,1
201443R205094,2,8,0,18,0,0,1,0,0,0,0,1,6,1,35,6,1997,2,9,-1,1
201443R205094,3,9,0,3,0,0,0,0,0,0,0,1,6,2,50,8,2496,2,14,5,1
201443R205094,4,9,0,3,0,0,0,0,0,0,0,1,6,2,31,6,1600,1,13,6,1
201443R205094,5,9,0,3,0,0,0,0,0,0,0,1,6,1,56,9,1124,1,11,10,1
201443R205124,1,21,1,9,0,8,0,0,0,0,4,1,1,1,37,7,12419,2,3,-1,-1
201443R205124,2,9,0,2,0,1,0,0,0,0,3,1,6,1,50,8,1600,1,16,8,2
201443R206014,1,9,0,9,0,5,0,0,0,0,1,1,6,1,30,6,-1,-1,-1,4,1
201443R206034,1,9,0,4,0,0,0,0,0,0,0,1,6,1,34,6,1686,2,4,-1,-1
201443R206034,2,1,0,18,4,0,0,0,0,0,0,1,6,1,25,5,-1,-1,-1,7,2
201443R206094,1,9,0,18,0,0,0,0,8,2,3,1,2,1,62,9,1988,1,14,10,1
201443R207044,1,9,0,18,0,2,5,0,0,0,1,1,6,1,24,5,1598,1,10,3,1
201443R207044,2,9,0,18,0,2,0,0,0,0,0,1,6,1,-1,-1,-1,-1,-1,8,1
201443R207044,3,9,0,2,0,2,0,0,0,0,3,1,6,1,-1,-1,1995,2,11,-1,-1
201443R208074,1,9,0,17,0,2,1,11,1,0,1,1,2,1,41,7,2500,1,14,10,1
201443R208084,1,9,0,4,0,0,0,0,0,0,1,1,6,2,24,5,2496,2,12,6,1
201443R208084,2,9,0,3,0,0,0,0,0,0,2,1,6,2,50,8,1599,1,9,9,1
201443R208084,3,9,0,3,0,0,0,0,0,0,2,1,6,1,68,10,1596,1,1,5,1
201443R208094,1,9,0,17,0,8,0,0,0,0,1,1,6,2,21,5,1229,1,1,-1,1