Accident_Index,Vehicle_Reference,Vehicle_Type,Towing_and_Articulation,Vehicle_Manoeuvre,Vehicle_Location-Restricted_Lane,Junction_Location,Skidding_and_Overturning,Hit_Object_in_Carriageway,Vehicle_Leaving_Carriageway,Hit_Object_off_Carriageway,1st_Point_of_Impact,Was_Vehicle_Left_Hand_Drive?,Journey_Purpose_of_Driver,Sex_of_Driver,Age_of_Driver,Age_Band_of_Driver,Engine_Capacity_(CC),Propulsion_Code,Age_of_Vehicle,Driver_IMD_Decile,Driver_Home_Area_Type
201443R208094,2,9,0,4,0,8,0,0,0,0,2,1,6,1,30,6,1560,2,2,5,1
201443R208104,1,19,0,18,0,8,0,0,0,0,1,1,6,1,24,5,2148,2,7,3,1
201443R209074,1,9,0,18,0,8,0,0,0,0,3,1,6,2,43,7,1497,1,12,3,1
201443R209074,2,1,0,9,0,8,0,0,0,0,1,1,6,1,12,3,-1,-1,-1,3,1
201443R209094,1,5,0,13,0,0,1,0,0,0,1,1,6,1,51,8,1200,1,16,9,1
201443R209094,2,9,0,18,0,0,0,0,0,0,1,1,6,2,49,8,1461,2,3,9,1
201443R209094,3,9,0,18,0,0,0,0,0,0,1,1,6,1,70,10,2179,2,6,10,1
201443R209114,1,9,0,18,0,2,0,0,0,0,1,1,6,1,29,6,1596,1,14,7,3
201443R209114,2,9,0,18,0,2,0,0,0,0,2,1,2,2,22,5,998,1,-1,5,1
201443R210064,1,19,0,18,0,0,0,0,0,0,1,1,2,1,-1,-1,2300,2,13,-1,-1
201443R210064,2,8,0,3,0,0,0,0,0,0,2,1,1,1,30,6,1896,2,9,9,1
201443R210094,1,9,0,1,0,2,0,0,0,0,2,1,6,1,31,6,3123,1,8,-1,-1
201443R210104,1,9,0,18,0,1,0,0,0,0,1,1,6,2,55,8,2198,1,10,4,1
201443R210104,2,9,0,3,0,1,0,0,0,0,2,1,6,1,48,8,1796,1,15,7,1
201443R210114,1,9,0,18,0,2,0,0,0,0,3,1,6,1,40,7,1587,1,9,-1,-1
201443R210114,2,9,0,18,0,1,0,0,0,0,3,1,6,1,29,6,1781,1,11,4,1
201443R210124,1,9,0,12,0,1,0,0,0,0,3,1,6,3,-1,-1,-1,-1,-1,10,1
201443R210124,2,9,0,18,0,1,0,0,0,0,4,1,6,1,32,6,1197,1,-1,3,1
201443R211014,1,9,0,9,0,8,0,0,0,0,1,1,1,1,68,10,-1,-1,-1,3,1
201443R211014,2,1,0,18,9,8,1,0,0,0,1,1,6,2,50,8,-1,-1,-1,8,1
201443R211044,1,9,0,18,0,1,0,0,0,0,1,1,6,2,26,6,1149,1,11,5,1
201443R211044,2,9,0,3,0,1,0,0,0,0,2,1,2,1,39,7,-1,-1,-1,3,1
201443R211044,3,9,0,3,0,1,0,0,0,0,2,1,2,2,40,7,1390,1,10,4,1
201443R211074,1,9,0,18,0,1,0,0,0,0,1,1,6,1,29,6,1984,1,12,5,1
201443R211074,2,9,0,3,0,1,0,0,0,0,2,1,6,2,31,6,1997,2,14,6,1
201443R211074,3,9,0,3,0,1,0,0,0,0,2,1,6,2,51,8,1242,1,16,5,1
201443R211094,1,4,0,16,0,1,1,0,7,0,0,1,6,1,29,6,499,1,12,9,3
201443R211104,1,9,0,9,0,8,0,0,0,0,1,1,2,1,25,5,1368,1,8,5,1
201443R211104,2,1,0,18,0,8,0,0,0,0,1,1,2,1,33,6,-1,-1,-1,5,1
201443R212014,1,9,0,5,0,0,0,0,0,0,1,1,6,1,19,4,1400,1,12,5,1
201443R212044,1,9,0,18,0,8,0,0,0,0,3,2,6,2,37,7,-1,-1,-1,10,1
201443R212044,2,19,0,18,0,1,0,0,7,9,1,1,1,1,42,7,2198,2,4,10,1
201443R212054,1,9,0,18,0,0,0,0,2,7,1,1,6,1,49,8,1587,1,11,3,1
201443R212074,1,9,0,9,0,8,0,0,0,0,3,1,6,2,36,7,1896,2,11,4,1
201443R212074,2,1,0,18,0,8,0,0,0,0,1,1,1,2,51,8,-1,-1,-1,3,1
201443R212084,1,9,0,9,0,8,0,0,0,0,1,1,1,1,33,6,1968,2,6,6,1
201443R212104,1,9,0,1,0,0,0,0,0,0,2,1,6,3,-1,-1,1956,2,-1,-1,-1
201443R213014,1,9,0,4,0,0,0,0,0,0,1,1,6,2,39,7,1598,1,6,10,2
201443R213014,2,9,0,4,0,0,0,0,0,0,2,1,6,2,24,5,1397,1,13,6,1
201443R213034,1,8,0,5,0,0,0,0,0,0,3,1,1,1,-1,-1,2401,2,6,-1,-1
201443R213054,1,21,1,18,0,0,0,0,0,0,1,1,1,1,45,7,-1,-1,-1,6,1
201443R213054,2,9,0,3,0,0,0,0,0,0,2,1,6,1,39,7,1796,1,7,9,1
201443R214014,1,9,0,18,0,1,0,0,0,0,1,1,6,2,37,7,1596,1,12,10,1
201443R214014,2,9,0,9,0,6,0,0,0,0,3,1,6,2,36,7,1198,1,7,4,1
201443R214044,1,9,0,18,0,1,0,0,0,0,0,1,1,1,-1,-1,-1,-1,-1,-1,-1
201443R214044,2,9,0,9,0,8,0,0,0,0,1,1,6,1,32,6,2969,2,10,4,1
201443R214044,3,9,0,9,0,8,0,0,0,0,2,1,6,2,44,7,973,1,15,6,2
201443R214054,1,9,0,9,0,1,0,0,0,0,1,1,2,1,65,9,1905,2,16,2,1
201443R214054,2,3,0,14,0,1,0,0,0,0,4,1,2,1,20,4,125,1,6,4,2
201443R214104,1,5,0,16,0,0,1,0,7,0,1,1,1,1,37,7,1198,1,-1,-1,-1
201443R214104,2,9,0,17,0,0,0,0,0,0,1,1,1,1,37,7,4973,1,22,-1,-1
201443R215044,1,21,5,7,0,6,0,0,0,0,4,1,1,1,38,7,10837,2,1,4,1
201443R215044,2,5,0,5,0,1,0,0,1,0,1,1,2,1,36,7,998,1,9,2,1
201443R215054,1,9,0,18,0,0,0,0,0,0,1,1,6,2,19,4,1560,2,9,7,1
201443R215054,2,9,0,18,0,0,0,0,0,0,2,2,6,1,63,9,-1,-1,-1,-1,-1
201443R215054,3,9,0,18,0,0,0,0,0,0,2,1,6,3,-1,-1,1275,1,32,-1,-1
201443R215074,1,9,0,18,0,0,0,0,0,0,1,1,6,2,23,5,2231,2,5,9,3
201443R215074,2,9,0,4,0,0,0,0,0,0,2,1,6,2,35,6,2179,2,3,8,1
201443R215074,3,9,0,11,0,0,0,0,0,0,0,1,6,3,-1,-1,-1,-1,-1,-1,-1
201443R215084,1,21,1,12,0,0,0,0,0,0,1,2,1,1,36,7,-1,-1,-1,-1,-1
201443R215084,2,9,0,12,0,0,1,0,1,4,2,1,2,1,55,8,1997,2,7,10,1
201443R216104,1,9,0,9,0,1,0,0,0,0,1,1,6,1,40,7,-1,-1,-1,-1,-1
201443R216104,2,1,0,3,0,1,0,0,0,0,1,1,6,1,30,6,-1,-1,-1,4,1
201443R216114,1,9,0,9,0,6,0,0,0,0,3,1,6,3,-1,-1,-1,-1,-1,9,3
201443R216114,2,1,0,17,0,8,0,0,0,0,1,1,6,1,48,8,-1,-1,-1,10,1
201443R216124,1,90,5,6,0,0,5,0,0,0,0,1,6,1,45,7,-1,-1,-1,-1,-1
201443R216124,2,20,0,18,0,0,0,0,0,0,0,1,1,1,53,8,3920,2,3,5,3
201443R217034,1,9,0,9,0,5,0,0,0,0,1,1,6,2,66,10,-1,-1,-1,5,1
201443R217034,2,5,0,18,0,8,0,0,0,0,3,1,2,1,30,6,-1,-1,-1,1,1
201443R217044,1,9,0,18,0,0,1,0,4,6,1,1,1,1,30,6,-1,-1,-1,8,1
201443R217044,2,9,0,18,0,0,1,0,4,6,2,1,6,1,48,8,2400,2,1,7,3
201443R217044,3,9,0,3,0,0,0,0,0,0,0,1,6,3,-1,-1,-1,-1,-1,-1,-1
201443R217054,1,9,0,18,0,0,5,0,0,0,1,1,2,1,46,8,1956,2,1,10,1
201443R217054,2,9,0,2,0,0,0,0,0,0,2,1,6,3,35,6,1598,1,8,-1,-1
201443R217074,1,9,0,16,0,0,2,0,1,2,3,1,6,1,19,4,1998,1,11,9,3
201443R217124,1,9,0,4,0,0,0,0,0,0,1,1,6,1,77,11,2597,1,10,-1,3
201443R217124,2,9,0,4,0,0,0,0,0,0,1,1,6,2,43,7,1998,1,10,10,1
201443R217124,3,9,0,4,0,0,0,0,0,0,1,1,6,2,20,4,1896,2,15,2,1
201443R217124,4,9,0,4,0,0,0,0,0,0,1,1,6,1,76,11,1390,1,-1,6,1
201443R217124,5,9,0,4,0,0,0,0,0,0,2,1,6,1,46,8,2720,2,8,4,3
201443R218044,1,9,0,7,0,6,0,0,0,0,1,1,1,1,26,6,1248,2,2,-1,-1
201443R218044,2,9,0,3,0,6,0,0,0,0,2,1,6,2,39,7,2295,1,15,5,1
201443R218084,1,19,0,18,0,0,5,0,1,7,1,1,6,1,62,9,2178,2,9,7,2
201443R218094,1,9,0,18,0,0,2,0,1,10,4,1,6,2,82,11,1299,1,10,8,3
201443R218094,2,20,1,18,0,0,0,0,0,0,3,1,1,1,58,9,-1,-1,-1,3,1
201443R218124,1,9,0,7,0,8,0,0,0,0,1,1,6,2,22,5,1360,1,11,4,1
201443R218124,2,9,0,9,0,8,0,0,0,0,3,1,6,2,46,8,1598,1,16,8,1
201443R219044,1,9,0,15,0,4,0,0,0,0,4,1,6,2,21,5,1390,1,4,10,1
201443R219044,2,1,0,18,0,4,0,0,0,0,2,1,6,1,27,6,-1,-1,-1,10,1
201443R219054,1,9,0,15,0,0,2,0,0,0,1,1,6,1,22,5,1984,1,18,7,1
201443R219054,2,9,0,18,0,0,0,0,0,0,4,1,6,1,44,7,1598,1,7,10,1
201443R219064,1,9,0,18,0,0,0,0,0,0,1,1,1,1,52,8,1686,2,2,10,1
201443R219084,1,9,0,18,0,8,0,0,0,0,1,1,6,1,39,7,1248,2,3,9,3
201443R219084,2,9,0,9,0,8,0,0,0,2,4,1,6,1,45,7,1341,1,12,3,1
201443R219124,1,9,0,18,0,0,0,0,0,0,1,1,6,2,48,8,1242,1,2,9,1
201443R219124,2,9,0,3,0,0,0,0,0,0,2,1,6,1,54,8,1398,2,4,7,3
201443R219124,3,9,0,3,0,0,0,0,0,0,2,1,6,2,28,6,1398,1,3,4,1
201443R220014,1,21,1,18,0,0,3,0,0,0,1,1,1,1,48,8,12777,2,1,8,1
201443R220014,2,9,0,18,0,0,0,0,0,0,3,1,2,1,24,5,1229,1,8,8,1
201443R220014,3,21,1,2,6,0,0,0,0,0,3,2,1,1,43,7,-1,-1,-1,-1,-1
201443R220064,1,9,0,9,0,8,0,0,0,0,1,1,6,2,43,7,1598,1,7,10,1
201443R220064,2,3,0,18,0,8,0,0,0,0,1,1,1,1,19,4,124,1,1,9,1
201443R220114,1,9,0,18,0,0,2,0,1,7,1,1,6,2,19,4,1360,1,7,10,1
201443R220114,2,9,0,18,0,0,0,0,0,0,4,1,6,1,26,6,1390,1,12,2,1
201443R220124,1,9,0,18,0,8,0,0,0,0,1,1,6,3,-1,-1,2987,2,-1,-1,-1
201443R220124,2,9,0,5,0,8,0,0,0,0,2,1,6,1,54,8,1686,2,10,3,1
201443R221014,1,9,0,18,0,0,0,0,0,0,4,1,6,3,-1,-1,-1,-1,-1,-1,-1
201443R221054,1,97,0,14,0,0,0,0,0,0,4,1,6,3,24,5,124,1,3,5,1
201443R221064,1,9,0,18,0,4,1,0,2,7,1,1,6,1,28,6,1895,1,14,8,1
201443R221084,1,98,0,9,0,1,0,0,0,0,3,1,6,1,-1,-1,-1,-1,-1,-1,-1
201443R221084,2,9,0,7,0,2,0,0,0,0,3,1,6,2,22,5,1398,2,7,8,3
201443R221114,1,9,0,9,0,6,0,0,0,0,1,1,6,1,69,10,1299,1,12,4,1
201443R221114,2,9,0,18,0,8,1,0,0,0,3,1,1,1,33,6,1686,2,9,10,1
201443R222014,1,9,0,9,0,8,0,0,0,0,1,1,1,1,60,9,1995,2,8,10,1
201443R222014,2,9,0,18,0,8,0,0,0,0,1,1,6,1,28,6,1587,1,12,10,1
201443R222044,1,9,0,18,0,0,0,0,0,0,2,1,6,2,21,5,2179,2,2,8,1
201443R222044,2,9,0,4,0,0,0,0,0,0,2,1,2,1,29,6,1248,2,-1,6,1
201443R222044,3,20,0,4,0,0,0,0,0,0,2,1,2,1,57,9,-1,-1,-1,6,2
201443R222044,4,9,0,4,0,0,0,0,0,0,1,1,6,2,23,5,-1,-1,-1,9,2
201443R222054,1,1,0,18,0,8,0,0,0,0,1,1,6,1,72,10,-1,-1,-1,6,1
201443R222054,2,9,0,7,0,4,0,0,0,0,3,1,2,1,45,7,1995,2,4,4,1
201443R222064,1,19,0,9,0,6,0,0,0,0,1,2,6,1,25,5,-1,-1,-1,-1,-1
201443R222064,2,1,0,18,0,8,0,0,0,0,3,1,2,2,18,4,-1,-1,-1,4,1
201443R222074,1,9,0,16,0,0,0,0,0,0,1,1,2,1,28,6,1995,2,4,-1,-1
201443R222074,2,1,0,18,0,0,0,0,0,0,3,1,6,1,12,3,-1,-1,-1,5,1
201443R222114,1,1,0,15,0,0,0,0,0,0,1,1,6,1,29,6,-1,-1,-1,5,1
201443R222114,2,8,0,2,0,0,0,0,0,0,4,1,1,1,61,9,-1,-1,-1,2,1
201443R222124,1,9,0,9,0,2,0,0,0,0,1,1,2,1,40,7,1299,1,11,8,1
201443R223094,1,9,0,5,0,0,0,0,0,0,1,1,3,2,37,7,1397,1,14,4,1
201443R223114,1,5,0,18,0,2,1,0,0,0,4,1,2,1,46,8,803,1,3,9,1
201443R224014,1,9,0,12,0,0,0,0,0,0,0,1,6,3,-1,-1,-1,-1,-1,-1,-1
201443R224014,2,9,0,18,0,0,0,0,0,0,1,1,6,1,34,6,2457,1,1,10,1
201443R224014,3,19,0,18,0,0,0,0,0,0,3,1,6,1,36,7,2198,2,3,10,1
201443R224054,1,9,0,18,0,6,1,10,7,10,1,1,6,1,68,10,1560,2,1,9,1
201443R224054,2,9,0,9,0,8,1,10,1,10,1,1,6,1,51,8,2987,2,2,9,1
201443R225064,1,9,0,17,0,0,0,0,1,11,1,1,6,1,79,11,973,1,14,5,1
201443R225114,1,9,0,18,0,0,1,0,5,6,1,1,6,1,27,6,1896,2,12,5,1
201443R225114,2,9,0,18,0,0,0,0,0,0,1,1,6,1,58,9,1997,2,3,6,1
201443R226064,1,9,0,18,0,4,0,0,0,0,1,1,2,1,25,5,1998,1,16,3,1
201443R226064,2,5,0,18,0,8,0,0,1,0,4,1,6,1,50,8,599,1,16,10,1
201443R226094,1,9,0,18,0,0,0,0,7,4,1,1,6,1,19,4,1198,1,10,-1,1
201443R226114,1,9,0,7,0,4,0,0,0,0,1,1,6,2,45,7,1995,1,8,8,1
201443R226114,2,1,0,18,0,8,0,0,0,0,4,1,6,1,51,8,-1,-1,-1,10,1
201443R227014,1,9,0,18,0,0,0,0,0,0,1,1,6,2,-1,-1,-1,-1,-1,-1,-1
201443R227034,1,9,0,18,0,6,0,0,0,0,1,1,1,1,46,8,1995,2,1,5,1
201443R227034,2,1,0,14,0,1,0,0,0,0,4,1,1,1,32,6,-1,-1,-1,10,3
201443R227064,1,9,0,18,0,0,1,0,2,7,1,1,6,2,37,7,1390,1,11,5,1
201443R227094,1,9,0,18,0,8,1,7,0,0,1,1,6,1,29,6,-1,-1,-1,3,1
201443R227094,2,9,0,9,0,8,1,7,0,0,4,1,1,1,32,6,1995,2,4,7,1
201443R227104,1,9,0,9,0,6,0,0,0,0,3,1,6,2,60,9,1197,1,2,9,1
201443R227104,2,9,0,18,0,8,0,0,0,0,1,1,6,1,62,9,1796,1,14,9,1
201443R228034,1,9,0,4,0,1,0,0,0,0,2,1,6,2,34,6,1390,1,7,3,1
201443R228034,2,9,0,18,0,1,0,0,0,0,1,1,6,1,49,8,1998,1,18,5,1
201443R228054,1,9,0,9,0,6,0,0,0,0,1,1,6,1,58,9,1910,2,7,3,1
201443R228054,2,9,0,18,0,8,0,0,0,0,4,1,6,2,53,8,1498,1,15,4,1
201443R228054,3,9,0,18,0,8,0,0,0,0,1,1,6,1,57,9,998,1,2,3,1
201443R228054,4,9,0,18,0,8,0,0,0,0,1,1,1,2,36,7,1560,2,1,4,1
201443R228064,1,9,0,18,0,8,0,0,0,0,3,1,6,2,21,5,1364,1,5,7,1
201443R228094,1,19,0,12,0,0,0,0,0,0,0,1,6,3,-1,-1,-1,-1,-1,-1,-1
201443R228094,2,9,0,18,0,0,1,0,5,7,1,1,2,1,34,6,1388,1,9,8,1
201443R228104,1,1,0,18,0,8,0,0,0,0,3,1,2,2,44,7,-1,-1,-1,-1,-1
201443R228104,2,9,0,9,0,8,0,0,0,0,1,1,6,1,52,8,1396,1,13,-1,-1
201443R228114,1,20,0,18,0,0,0,0,0,0,1,1,1,1,47,8,4461,2,4,-1,-1
201443R229054,1,9,0,18,0,0,0,0,0,0,0,1,6,1,57,9,1596,1,1,7,1
201443R229054,2,5,0,13,0,0,0,0,4,6,3,1,6,1,58,9,-1,-1,-1,5,1
201443R229074,1,9,0,5,0,4,0,0,0,0,3,1,6,1,54,8,1997,2,5,7,1
201443R229074,2,3,0,9,0,8,0,0,0,0,1,1,6,1,18,4,125,1,2,8,1
201443R230074,1,9,0,18,0,1,5,10,0,0,3,1,1,1,17,4,2143,2,-1,10,1
201443R230084,1,9,0,18,0,0,0,0,0,0,1,1,2,1,31,6,998,1,11,3,1
201443R230094,1,11,0,18,0,0,0,0,0,0,1,1,1,1,35,6,8268,2,12,8,1
201443R230114,1,9,0,9,0,6,0,0,0,0,1,1,6,2,18,4,998,1,7,10,1
201443R230114,2,9,0,18,0,8,0,0,0,0,4,1,6,1,39,7,1398,1,4,7,1
201443R231034,1,9,0,9,0,6,0,0,0,0,3,1,6,2,59,9,2204,2,8,5,1
201443R231034,2,5,0,13,0,1,1,0,1,0,4,1,1,1,21,5,599,1,11,10,1
201443R231054,1,21,1,4,0,0,0,0,0,0,2,1,1,1,50,8,12900,2,4,8,1
201443R231054,2,19,0,18,0,0,0,0,0,0,1,1,1,1,40,7,2143,2,1,6,1
201443R231074,1,9,0,4,0,0,0,0,0,0,1,1,6,2,23,5,1240,1,11,4,1
201443R231074,2,9,0,3,0,0,0,0,0,0,2,1,2,1,37,7,3200,1,6,10,1
201443R231084,1,9,0,18,0,8,0,0,0,0,3,1,6,2,56,9,1399,1,8,10,1
201443R231084,2,9,0,9,0,5,0,0,0,0,1,1,6,2,45,7,1461,2,-1,-1,-1
201443R232034,1,9,0,18,0,1,0,0,0,0,1,1,6,2,70,10,1149,1,5,7,1
201443R232034,2,9,0,2,0,1,0,0,0,0,3,1,3,2,25,5,1396,1,4,-1,1
201443R232124,1,9,0,9,0,6,0,0,0,0,3,1,6,2,31,6,1698,1,14,-1,1
201443R232124,2,3,0,18,0,8,1,0,0,0,1,1,6,1,22,5,124,1,2,7,1
201443R233084,1,9,0,18,0,1,0,0,0,0,0,1,1,2,28,6,1248,2,2,3,1
201443R233084,2,9,0,7,0,1,0,0,7,2,1,1,6,1,25,5,2793,1,15,3,1
201443R233084,3,9,0,2,0,2,0,0,0,0,0,1,6,3,37,7,1598,2,1,-1,-1
201443R233094,1,9,0,18,0,2,0,0,0,0,3,1,6,2,34,6,1896,2,11,10,1
201443R233094,2,5,0,18,0,1,1,0,0,0,1,1,6,1,34,6,865,1,1,9,1
201443R233104,1,9,0,7,0,6,0,0,0,0,3,1,6,1,42,7,-1,-1,-1,6,1
201443R233104,2,1,0,18,0,6,0,0,0,0,1,1,6,2,11,3,-1,-1,-1,-1,-1
201443R234014,1,9,0,4,0,0,0,0,0,0,1,1,6,1,21,5,-1,-1,-1,8,1
201443R234014,2,19,0,4,0,0,0,0,0,0,2,1,6,2,46,8,-1,-1,-1,5,1
201443R234104,1,9,0,9,0,8,0,0,0,0,3,1,2,2,35,6,1686,2,11,9,1
201443R234104,2,9,0,17,0,8,0,0,0,0,1,1,2,1,46,8,1598,1,11,10,1
201443R235014,1,21,1,16,0,0,5,0,7,7,3,1,1,1,28,6,11946,2,6,3,1
201443R235074,1,19,0,18,0,8,0,0,0,0,4,1,6,1,-1,-1,1998,1,20,-1,-1
201443R235074,2,9,0,18,0,8,0,0,0,0,3,1,1,1,62,9,1969,2,-1,3,1
201443R235084,1,9,0,18,0,8,0,0,0,0,1,1,6,3,-1,-1,-1,-1,-1,-1,-1
201443R235084,2,9,0,18,0,8,0,7,0,0,3,1,6,1,49,8,1493,1,16,3,1
201443R236084,1,19,0,11,0,0,0,0,0,0,1,1,1,1,32,6,2402,2,5,2,1
201443R236084,2,9,0,4,0,0,0,0,0,0,2,1,6,2,32,6,1796,1,11,9,1
201443R236084,3,9,0,4,0,0,0,0,0,0,2,1,6,1,52,8,1956,2,1,5,1
201443R236084,4,9,0,4,0,0,0,0,0,0,2,1,6,1,51,8,1598,1,9,6,1
201443R236094,1,9,0,18,0,8,0,0,0,0,1,1,6,3,-1,-1,1956,2,2,8,1
201443R236094,2,9,0,18,0,8,0,0,0,0,4,1,6,1,37,7,2143,2,4,6,1
201443R236114,1,9,0,18,0,0,0,0,0,0,1,1,6,1,29,6,-1,-1,-1,-1,-1
201443R236114,2,9,0,4,0,0,0,0,0,0,2,1,6,2,32,6,2688,2,11,4,1
201443R236114,3,9,0,11,0,0,0,0,0,0,2,1,6,1,37,7,1560,2,4,-1,2
201443R237074,1,9,0,18,0,8,0,0,0,0,1,1,6,1,25,5,-1,-1,-1,-1,-1
201443R238034,1,9,0,18,0,8,0,0,0,0,1,1,6,1,23,5,1242,1,9,6,1
201443R238034,2,9,0,18,0,8,0,0,0,0,2,1,6,1,23,5,973,1,11,7,2
201443R238064,1,9,0,18,0,0,0,0,0,0,1,1,2,1,49,8,-1,-1,-1,10,1
201443R238064,2,9,0,3,0,0,0,0,0,0,2,1,6,2,40,7,1668,1,12,10,1
201443R238064,3,9,0,3,0,0,0,0,0,0,2,1,2,1,49,8,1396,2,-1,5,1
201443R238114,1,9,0,6,0,0,0,0,0,0,0,1,1,2,24,5,1339,8,2,10,1
201443R238114,2,5,0,13,0,0,0,0,0,0,1,1,2,1,57,9,899,1,12,7,1
201443R239014,1,9,0,18,0,8,0,0,0,0,1,1,6,1,38,7,1796,1,13,4,1
201443R239014,2,9,0,18,0,8,0,0,0,0,1,1,6,2,59,9,998,1,4,7,1
201443R239084,1,9,0,16,0,0,5,0,8,4,1,1,6,2,42,7,1400,1,14,5,1
201443R239094,1,2,0,18,0,8,0,0,0,0,1,1,6,2,17,4,-1,-1,-1,-1,-1
201443R239094,2,9,0,3,0,8,0,0,0,0,2,1,2,2,-1,-1,1995,1,7,9,1
201443R239104,1,9,0,4,0,0,0,0,0,0,2,1,6,2,27,6,1242,1,2,3,1
201443R239104,2,9,0,18,0,0,0,0,0,0,1,1,6,1,-1,-1,1796,1,7,9,1
201443R239114,1,9,0,17,0,0,0,0,1,10,1,1,6,1,25,5,1995,2,2,10,1
201443R239124,1,9,0,13,0,2,0,0,0,0,0,1,6,3,-1,-1,-1,-1,-1,-1,-1
201443R239124,2,1,0,18,0,1,0,0,0,0,4,1,6,1,52,8,-1,-1,-1,-1,1
201443R240014,1,9,0,4,0,0,0,0,0,0,1,1,6,2,-1,-1,1595,1,1,4,1
201443R240014,2,9,0,4,0,0,0,0,0,0,2,1,6,2,42,7,1299,1,12,10,1
201443R240074,1,1,0,18,0,0,0,0,0,0,1,1,6,1,54,8,-1,-1,-1,-1,-1
201443R240084,1,8,0,7,0,8,0,0,0,0,2,1,1,1,43,7,2148,2,6,4,1
201443R240084,2,9,0,7,0,8,0,0,0,0,1,1,6,2,40,7,-1,-1,-1,6,1
201443R241064,1,9,0,6,0,0,0,0,0,0,3,1,2,1,54,8,-1,-1,-1,8,1
201443R241064,2,3,0,14,0,0,0,0,0,0,1,1,2,1,27,6,-1,-1,-1,8,1
201443R241084,1,9,0,18,0,4,0,0,0,0,1,1,2,1,61,9,2698,2,8,7,1
201443R241084,2,1,0,3,0,4,0,0,0,0,2,1,2,1,49,8,-1,-1,-1,9,3
201443R241094,1,9,0,18,0,0,1,0,0,0,4,1,1,1,34,6,-1,-1,-1,4,1
201443R241094,2,9,0,18,0,0,1,0,0,0,1,1,6,1,19,4,-1,-1,-1,4,1
201443R241094,3,9,0,2,0,0,0,0,0,0,1,1,6,1,-1,-1,1799,1,7,-1,-1
201443R241114,1,19,0,9,0,5,0,0,0,0,1,1,6,3,-1,-1,-1,-1,-1,-1,-1
201443R241114,2,9,0,2,0,2,0,0,0,0,2,1,6,1,-1,-1,1995,1,4,-1,-1
201443R241124,1,9,0,18,0,1,0,0,0,0,1,1,2,2,51,8,1598,1,2,5,1
201443R241124,2,22,0,18,0,7,0,0,0,0,3,1,6,2,26,6,-1,-1,-1,-1,-1
201443R242064,1,1,0,18,0,1,0,0,1,0,0,1,6,1,21,5,-1,-1,-1,3,1
201443R242064,2,9,0,18,0,4,0,0,0,0,0,1,6,3,-1,-1,-1,-1,-1,-1,-1
201443R242064,3,9,0,18,0,4,0,0,0,0,0,1,6,3,-1,-1,-1,-1,-1,-1,-1
201443R242084,1,5,0,17,0,0,1,0,0,0,1,1,6,1,19,4,645,1,8,8,3
201443R242084,2,9,0,16,0,0,0,0,0,0,1,1,6,2,49,8,1995,2,3,10,1
201443R242094,1,9,0,11,0,8,1,0,5,6,2,1,6,1,78,11,1461,2,11,-1,3
201443R242094,2,9,0,18,0,8,0,0,0,0,1,1,6,1,24,5,1596,1,8,3,1
201443R242114,1,9,0,17,0,1,0,0,0,0,1,1,6,1,19,4,1596,1,8,10,1
201443R243014,1,9,0,14,0,1,0,0,0,0,4,1,6,3,63,9,1299,1,10,10,1
201443R243014,2,2,0,9,0,1,0,0,0,0,3,1,6,1,18,4,49,1,5,4,1
201443R243074,1,9,0,3,0,0,0,0,0,0,3,1,6,2,42,7,1997,2,6,9,1
201443R243074,2,3,0,18,0,0,1,0,0,0,1,1,6,1,18,4,124,1,4,5,1
201443R243094,1,19,0,18,0,8,0,0,0,0,1,1,2,1,48,8,2463,2,8,5,3
201443R243094,2,9,0,4,0,8,0,0,0,0,2,1,6,1,80,11,1390,1,9,6,1
201443R243104,1,9,0,18,0,0,0,0,0,0,1,1,2,1,52,8,-1,-1,-1,-1,-1
201443R243104,2,9,0,18,0,0,0,0,0,0,2,1,2,1,55,8,1995,2,1,-1,-1
201443R243104,3,9,0,18,0,0,0,0,0,0,2,1,6,1,48,8,-1,-1,-1,-1,-1
201443R243114,1,9,0,9,0,5,0,0,0,0,4,1,6,2,20,4,1598,1,11,-1,2
201443R243114,2,9,0,18,0,8,0,0,0,0,1,1,6,2,40,7,1587,1,10,10,1
201443R243124,1,19,0,3,0,2,0,0,0,0,2,1,1,1,45,7,1248,2,7,6,1
201443R243124,2,9,0,3,0,2,0,0,0,0,2,1,6,1,42,7,1199,1,12,4,1
201443R243124,3,9,0,3,0,2,0,0,0,0,2,1,6,1,66,10,1242,1,16,-1,-1
201443R243124,4,9,0,7,0,2,0,0,0,0,1,1,6,3,-1,-1,-1,-1,-1,-1,-1
201443R244014,1,9,0,17,0,0,0,0,0,0,1,1,6,1,25,5,1299,1,17,1,1
201443R244114,1,5,0,14,0,2,0,0,0,0,1,1,2,1,51,8,1130,1,11,4,1
201443R244124,1,9,0,8,0,1,0,0,0,0,0,1,1,1,33,6,1364,2,2,6,1
201443R244124,2,9,0,7,0,8,0,0,0,0,3,1,6,1,23,5,1995,2,7,4,1
201443R244124,3,9,0,18,0,1,0,0,0,0,3,1,6,2,29,6,1968,2,-1,9,2