Accident_Index,Vehicle_Reference,Vehicle_Type,Towing_and_Articulation,Vehicle_Manoeuvre,Vehicle_Location-Restricted_Lane,Junction_Location,Skidding_and_Overturning,Hit_Object_in_Carriageway,Vehicle_Leaving_Carriageway,Hit_Object_off_Carriageway,1st_Point_of_Impact,Was_Vehicle_Left_Hand_Drive?,Journey_Purpose_of_Driver,Sex_of_Driver,Age_of_Driver,Age_Band_of_Driver,Engine_Capacity_(CC),Propulsion_Code,Age_of_Vehicle,Driver_IMD_Decile,Driver_Home_Area_Type
201443S120114,3,9,0,18,0,0,1,0,5,6,1,2,6,1,44,7,-1,-1,-1,-1,-1
201443S120114,4,9,0,18,0,0,0,0,0,0,2,1,6,2,44,7,1198,1,4,9,3
201443S120124,1,2,0,14,0,1,0,0,0,0,1,1,1,1,30,6,85,1,6,-1,-1
201443S120124,2,9,0,9,0,6,0,0,0,0,1,1,1,1,22,5,1364,1,8,8,1
201443S121034,1,8,0,1,0,0,0,0,0,0,2,1,1,1,27,6,1968,2,6,2,1
201443S121034,2,8,0,2,0,0,0,0,0,0,0,1,1,1,45,7,1896,2,9,-1,1
201443S121044,1,9,0,1,0,6,0,0,0,0,3,1,6,1,-1,-1,-1,-1,-1,-1,-1
201443S121044,2,5,0,18,0,1,0,0,1,10,1,1,6,1,51,8,806,1,1,4,1
201443S121054,1,9,0,18,0,1,0,0,0,0,1,1,6,2,43,7,1587,1,16,-1,1
201443S121054,2,9,0,9,0,6,0,0,0,0,3,1,6,1,-1,-1,-1,-1,-1,-1,-1
201443S121084,1,9,0,18,0,4,1,10,3,1,1,1,6,1,33,6,1596,1,14,5,1
201443S121114,1,2,0,9,0,8,1,0,1,0,3,1,6,1,41,7,49,1,3,2,1
201443S122014,1,9,0,9,0,8,0,0,1,0,4,1,6,1,24,5,1368,1,2,-1,-1
201443S122014,2,9,0,18,0,8,0,0,1,0,3,1,6,2,36,7,1587,1,15,-1,3
201443S122024,1,9,0,18,0,0,0,0,0,0,1,1,6,2,22,5,1598,1,12,7,1
201443S122024,2,9,0,3,0,0,0,0,0,0,2,1,6,2,24,5,1248,2,2,-1,1
201443S122024,3,9,0,3,0,0,0,0,0,0,2,1,2,1,39,7,1968,2,4,8,1
201443S122034,1,11,0,18,0,1,0,0,0,0,1,1,1,1,43,7,6700,2,5,9,2
201443S122034,2,9,0,8,0,1,0,0,0,0,2,1,6,2,64,9,1329,1,1,4,1
201443S122044,1,9,0,18,0,4,0,0,0,0,1,1,6,1,25,5,-1,-1,-1,-1,-1
201443S122044,2,1,0,18,0,8,0,0,0,0,4,1,1,1,23,5,-1,-1,-1,2,1
201443S122064,1,9,0,1,0,0,0,0,0,0,2,1,6,1,42,7,-1,-1,-1,-1,3
201443S122064,2,1,0,18,0,0,0,0,0,0,1,1,6,2,34,6,-1,-1,-1,3,1
201443S122094,1,9,0,18,0,0,1,0,0,0,4,1,6,1,25,5,2148,2,6,3,1
201443S122094,2,21,1,18,0,0,0,0,0,0,2,2,1,1,49,8,-1,-1,-1,-1,-1
201443S122114,1,9,0,18,0,3,0,0,7,7,1,1,6,1,43,7,1968,2,5,9,1
201443S122114,2,9,0,18,0,1,0,0,0,0,3,1,6,1,21,5,1968,2,5,9,1
201443S123034,1,8,0,9,0,8,0,0,0,0,4,1,1,1,37,7,1896,2,9,6,1
201443S123034,2,9,0,7,0,4,0,0,0,0,3,1,6,1,53,8,-1,-1,-1,-1,1
201443S123044,1,9,0,18,0,0,0,4,0,0,1,1,6,1,19,4,998,1,12,9,1
201443S123044,2,9,0,2,0,0,0,0,0,0,1,1,6,3,-1,-1,1995,2,5,8,1
201443S123064,1,9,0,9,0,6,0,0,0,0,3,1,6,2,32,6,1997,2,7,8,1
201443S123064,2,9,0,18,0,1,0,0,0,0,1,1,6,2,25,5,1390,1,8,9,1
201443S123104,1,9,0,7,0,2,0,0,0,0,3,1,6,3,30,6,-1,-1,-1,-1,-1
201443S123104,2,1,0,18,0,1,0,0,1,0,3,1,2,1,41,7,-1,-1,-1,6,1
201443S124014,1,9,0,18,0,0,0,0,0,0,4,1,3,2,45,7,1598,2,3,2,1
201443S124024,1,9,0,9,0,6,0,0,0,0,1,1,6,2,-1,-1,-1,-1,-1,-1,-1
201443S124024,2,1,0,18,0,8,0,0,0,0,4,1,6,1,45,7,-1,-1,-1,4,1
201443S124034,1,19,0,18,0,0,0,0,0,0,1,1,6,1,-1,-1,2402,2,9,-1,-1
201443S124034,2,9,0,13,0,0,0,0,0,0,4,1,2,2,38,7,1396,1,11,-1,1
201443S124054,1,9,0,4,0,1,0,0,0,0,1,1,6,2,25,5,1461,2,-1,6,2
201443S124054,2,9,0,3,0,1,0,0,0,0,2,1,6,2,44,7,1149,1,12,-1,-1
201443S124084,1,8,0,2,0,2,0,0,0,0,0,1,1,1,-1,-1,1686,2,7,2,1
201443S125024,1,9,0,5,0,4,0,0,0,0,1,1,2,2,37,7,1999,1,7,9,1
201443S125024,2,9,0,4,0,4,0,0,0,0,2,1,6,2,47,8,-1,-1,-1,2,1
201443S125044,1,17,4,9,0,8,0,0,0,0,3,1,1,1,-1,-1,6000,2,5,9,3
201443S125044,2,9,0,13,0,8,0,0,0,0,1,1,6,2,31,6,1749,1,12,4,1
201443S125104,1,9,0,4,0,1,0,0,0,0,1,1,6,2,-1,-1,-1,-1,-1,-1,-1
201443S125104,2,9,0,3,0,1,0,0,0,0,2,1,6,1,50,8,1794,1,10,3,1
201443S126014,1,9,0,4,0,0,1,0,0,0,1,1,1,1,25,5,998,1,10,7,2
201443S126014,2,20,0,3,0,0,0,0,0,0,2,1,1,1,53,8,-1,-1,-1,9,3
201443S126024,1,21,4,18,0,0,1,0,0,0,1,1,1,1,42,7,12580,2,8,4,1
201443S126024,2,9,0,4,0,0,0,0,0,0,2,1,2,1,55,8,1598,1,6,4,1
201443S126044,1,9,0,13,0,0,0,0,0,0,1,1,6,3,-1,-1,-1,-1,-1,-1,-1
201443S126044,2,5,0,18,0,0,1,10,7,9,2,1,6,1,28,6,599,1,13,5,1
201443S126074,1,9,0,5,0,1,0,0,0,0,1,1,6,2,22,5,1395,1,-1,5,1
201443S126074,2,9,0,3,0,1,0,0,0,0,2,1,6,2,53,8,1598,1,2,8,1
201443S126114,1,9,0,18,0,1,0,0,3,11,1,1,6,2,64,9,1798,1,1,8,1
201443S127024,1,9,0,18,0,0,0,0,0,0,1,1,6,1,76,11,1598,2,2,10,2
201443S127024,2,9,0,18,0,0,0,0,0,0,1,1,6,2,60,9,1242,1,3,6,1
201443S127044,1,9,0,3,0,0,0,0,0,0,0,1,1,1,39,7,1248,2,1,-1,1
201443S127044,2,3,0,14,0,0,1,0,0,0,1,1,6,1,31,6,124,1,10,4,1
201443S127064,1,9,0,18,0,1,0,0,0,0,1,1,6,1,-1,-1,2616,1,8,-1,-1
201443S127064,2,9,0,18,0,1,0,10,0,0,1,1,1,1,38,7,-1,-1,-1,5,1
201443S127084,1,9,0,8,0,1,0,0,0,0,2,1,6,1,71,10,1229,1,1,8,1
201443S127084,2,19,0,7,0,1,0,0,0,0,1,1,6,1,52,8,1560,2,6,9,1
201443S127104,1,9,0,9,0,1,0,0,0,0,1,1,6,1,39,7,1298,1,11,8,1
201443S128014,1,9,0,18,0,1,0,0,0,0,1,1,2,2,59,9,1388,1,13,5,1
201443S128014,2,9,0,18,0,8,0,0,0,0,1,1,2,1,29,6,1896,2,16,6,1
201443S128074,1,9,0,9,0,8,0,0,0,0,4,1,1,1,45,7,1798,1,7,1,1
201443S128074,2,9,0,18,0,1,2,0,0,0,3,1,1,1,48,8,1598,2,3,8,1
201443S128104,1,9,0,9,0,8,0,0,0,0,1,1,2,2,18,4,1386,1,7,8,1
201443S128104,2,9,0,18,0,1,0,0,0,0,1,1,2,2,30,6,1388,1,14,2,1
201443S128114,1,9,0,9,0,4,0,0,0,0,3,1,6,1,56,9,1896,2,9,9,3
201443S128114,2,3,0,18,0,4,1,0,0,0,1,1,6,1,18,4,124,1,4,2,1
201443S129024,1,9,0,4,0,1,0,0,0,0,2,1,6,1,57,9,1422,2,7,10,1
201443S129024,2,9,0,4,0,1,1,0,0,0,1,1,6,2,47,8,1598,1,4,7,1
201443S129024,3,9,0,9,0,8,0,0,0,0,0,1,6,1,22,5,-1,-1,-1,6,1
201443S129034,1,9,0,9,0,8,0,0,0,0,4,1,6,1,33,6,2354,7,10,3,1
201443S129034,2,9,0,18,0,8,0,0,0,0,1,1,6,2,28,6,1388,1,7,8,2
201443S129054,1,9,0,6,0,8,0,0,0,0,1,1,6,1,54,8,1769,1,11,-1,1
201443S129054,2,9,0,9,0,8,0,0,0,0,4,1,6,2,24,5,2204,2,7,-1,1
201443S129104,1,9,0,5,0,1,0,0,0,0,1,1,6,1,40,7,1796,1,12,8,1
201443S129104,2,9,0,8,0,1,0,0,0,0,2,1,6,2,46,8,1598,1,11,9,1
201443S130044,1,9,0,18,0,4,0,0,0,0,1,1,2,1,27,6,2200,1,13,10,1
201443S130044,2,1,0,9,0,3,0,0,0,0,2,1,2,1,46,8,-1,-1,-1,10,1
201443S130074,1,9,0,9,0,6,0,0,0,0,1,1,6,1,30,6,1896,2,10,2,1
201443S130074,2,19,0,9,0,8,0,0,0,0,3,1,6,1,48,8,2287,2,1,10,3
201443S130084,1,1,0,7,0,6,0,0,0,0,1,1,6,2,18,4,-1,-1,-1,5,1
201443S130084,2,9,0,18,0,1,0,0,0,0,4,1,6,1,40,7,2993,2,-1,9,3
201443S130094,1,9,0,9,0,6,0,0,0,0,1,1,1,1,32,6,1968,2,-1,-1,1
201443S130094,2,9,0,18,0,8,5,0,0,0,4,1,6,2,51,8,1242,1,4,8,2
201443S130094,3,9,0,18,0,1,0,0,0,0,1,1,2,1,31,6,1598,1,2,-1,1
201443S130104,1,9,0,9,0,8,0,0,0,0,1,1,2,1,21,5,1995,1,6,10,3
201443S130104,2,3,0,18,0,8,0,0,0,0,1,1,2,2,50,8,124,1,10,9,1
201443S130124,1,9,0,18,0,4,1,0,0,0,1,1,6,1,83,11,-1,-1,-1,5,1
201443S130124,2,9,0,18,0,8,1,0,0,0,4,1,2,2,45,7,1995,1,4,4,1
201443S131024,1,9,0,11,0,0,0,0,4,6,1,1,6,2,39,7,1229,1,7,-1,-1
201443S131054,1,9,0,7,0,4,0,0,0,0,1,1,6,1,19,4,1199,1,12,-1,-1
201443S131054,2,1,0,18,0,8,0,0,0,0,4,1,6,2,24,5,-1,-1,-1,7,1
201443S131074,1,21,0,18,0,0,1,0,0,0,1,1,1,1,29,6,9290,2,3,10,3
201443S131084,1,9,0,4,0,0,0,0,0,0,2,1,6,2,34,6,998,1,1,5,1
201443S131084,2,9,0,18,0,0,0,0,0,0,1,1,6,1,41,7,1910,2,8,-1,-1
201443S131094,1,9,0,7,9,8,0,0,0,0,4,1,6,1,30,6,1970,1,13,9,2
201443S131094,2,1,0,18,9,1,0,0,0,0,1,1,6,1,12,3,-1,-1,-1,9,3
201443S132034,1,9,0,18,0,0,0,0,0,0,1,1,6,2,48,8,1686,2,10,9,1
201443S132034,2,9,0,18,0,0,0,0,0,0,1,1,6,1,24,5,2184,2,5,9,1
201443S132034,3,9,0,4,0,0,0,0,0,0,2,1,6,1,53,8,1870,2,11,4,1
201443S132054,1,21,1,12,0,0,0,0,0,0,3,2,1,1,24,5,-1,-1,-1,-1,-1
201443S132054,2,9,0,18,0,0,0,0,2,7,4,1,6,2,54,8,1560,2,2,-1,-1
201443S132084,1,9,0,12,0,1,0,0,0,0,3,1,1,1,25,5,1598,1,2,3,1
201443S132084,2,9,0,18,0,1,0,0,0,0,2,1,1,2,26,6,1493,1,15,4,1
201443S132104,1,9,0,18,0,8,0,10,1,0,1,1,6,2,32,6,1598,1,1,9,2
201443S132104,2,9,0,5,0,4,5,0,0,0,3,1,6,1,40,7,2460,2,6,8,1
201443S132104,3,9,0,5,0,4,0,0,0,0,3,1,6,1,23,5,1968,2,1,9,2
201443S132114,1,3,0,18,0,0,1,0,0,0,0,1,1,1,18,4,125,1,-1,7,2
201443S133034,1,9,0,7,0,8,0,0,0,0,1,1,6,1,-1,-1,-1,-1,-1,-1,1
201443S133034,2,9,0,18,0,8,0,0,0,0,1,1,6,2,37,7,1956,2,3,8,1
201443S133084,1,9,0,9,0,8,0,0,0,0,1,1,1,1,44,7,1197,1,1,6,1
201443S133084,2,9,0,18,0,1,1,0,1,0,1,1,6,1,32,6,1896,2,12,3,1
201443S133104,1,9,0,18,0,0,0,0,7,4,1,1,6,1,62,9,1753,2,11,4,1
201443S134014,1,9,0,18,0,0,0,0,0,0,3,1,6,3,-1,-1,-1,-1,-1,-1,-1
201443S134014,2,1,0,2,0,0,0,0,0,0,2,1,4,1,11,3,-1,-1,-1,-1,3
201443S134034,1,5,0,18,0,0,0,0,0,0,1,1,2,1,27,6,599,1,11,9,3
201443S134044,1,9,0,9,0,8,0,0,0,0,1,1,1,1,30,6,1248,2,1,10,1
201443S134044,2,9,0,18,0,8,0,0,0,0,3,1,6,2,46,8,1598,1,11,10,2
201443S134054,1,9,0,18,0,7,0,0,0,0,1,1,2,1,20,4,1896,2,12,8,1
201443S134054,2,9,0,18,0,1,1,0,3,0,1,1,6,2,44,7,1560,2,2,8,2
201443S134064,1,9,0,9,0,8,0,0,0,0,3,1,6,1,49,8,2179,2,2,6,1
201443S134064,2,5,0,18,0,1,1,0,0,0,1,1,6,1,39,7,748,1,10,5,1
201443S134074,1,11,0,5,0,1,0,0,0,0,1,1,1,1,35,6,9400,2,9,8,1
201443S134074,2,9,0,5,0,1,0,0,0,0,2,1,6,1,33,6,1997,2,6,6,1
201443S134084,1,9,0,9,0,6,0,0,0,0,1,1,6,2,56,9,1197,1,4,8,1
201443S134084,2,9,0,18,0,1,0,0,0,0,1,1,6,2,47,8,1388,1,6,-1,1
201443S135014,1,9,0,18,0,0,0,0,0,0,1,1,1,1,50,8,-1,-1,-1,-1,-1
201443S135014,2,9,0,18,0,0,0,0,0,0,2,1,6,1,-1,-1,-1,-1,-1,-1,-1
201443S135034,1,9,0,18,0,0,0,0,0,0,1,1,2,1,62,9,-1,-1,-1,5,1
201443S135034,2,19,0,18,0,0,0,0,0,0,2,1,6,2,33,6,-1,-1,-1,4,1
201443S135044,1,9,0,6,0,0,0,0,0,0,1,1,6,2,70,10,1242,1,6,5,1
201443S135044,2,8,0,18,0,0,0,0,1,9,1,1,1,1,46,8,1968,2,6,9,1
201443S135104,1,9,0,10,9,6,0,0,0,0,1,1,2,2,51,8,1242,1,7,7,1
201443S136054,1,9,0,9,0,6,0,0,0,0,1,1,6,1,21,5,-1,-1,-1,10,2
201443S136054,2,9,0,18,0,8,0,0,7,0,4,1,6,1,45,7,1997,2,2,9,1
201443S136104,1,9,0,18,0,0,0,0,0,0,1,1,6,1,27,6,1998,1,12,3,2
201443S136124,1,9,0,18,0,2,0,0,0,0,1,1,6,2,33,6,1596,1,13,4,1
201443S136124,2,9,0,4,0,2,0,0,0,0,2,1,6,1,45,7,2967,2,2,7,3
201443S136124,3,9,0,4,0,2,0,0,0,0,2,1,6,1,56,9,2148,2,5,-1,3
201443S137034,1,9,0,18,0,0,0,0,0,0,1,1,6,1,23,5,1364,1,9,2,1
201443S137034,2,19,0,18,0,0,5,0,0,0,2,1,1,1,45,7,1968,2,3,-1,1
201443S137074,1,9,0,9,0,8,0,0,0,0,1,1,6,1,40,7,-1,-1,-1,-1,-1
201443S137074,2,5,0,18,0,1,0,0,0,0,1,1,6,1,42,7,600,1,10,-1,-1
201443S137104,1,9,0,5,0,1,0,0,0,0,1,1,6,1,48,8,1995,2,2,9,1
201443S137104,2,9,0,4,0,1,0,0,0,0,2,1,6,2,22,5,1870,2,7,9,1
201443S138044,1,5,0,16,0,0,1,0,0,0,1,1,6,1,22,5,124,1,8,2,1
201443S138044,2,9,0,18,0,0,0,0,0,0,1,1,1,1,37,7,1598,2,1,10,2
201443S138054,1,9,0,18,0,8,0,0,0,0,3,1,6,1,58,9,1388,1,5,8,1
201443S138054,2,9,0,18,0,8,1,0,0,0,4,1,6,2,21,5,1299,1,8,10,1
201443S138084,1,9,0,17,0,0,0,0,0,0,4,1,6,1,25,5,1598,2,4,-1,-1
201443S138104,1,9,0,9,0,6,0,0,0,0,1,1,6,2,67,10,2179,2,1,6,1
201443S138104,2,9,0,17,0,1,0,0,0,0,1,1,6,2,31,6,1984,1,9,10,1
201443S138124,1,9,0,9,0,8,0,0,0,0,3,1,6,1,28,6,1390,1,4,9,1
201443S139014,1,9,0,18,0,8,0,0,0,0,4,1,6,2,24,5,1598,1,2,9,1
201443S139014,2,9,0,18,0,1,0,0,0,0,1,1,6,1,56,9,1388,1,9,9,1
201443S139054,1,19,0,9,0,6,0,0,0,0,0,1,6,1,48,8,1248,2,4,8,1
201443S139054,2,11,0,18,0,1,0,0,0,0,0,1,1,1,55,8,4250,2,11,6,1
201443S139074,1,9,0,18,0,4,0,0,0,0,1,1,6,2,49,8,1399,2,2,10,2
201443S139074,2,1,0,18,0,8,0,0,0,0,4,1,6,1,55,8,-1,-1,-1,6,1
201443S139104,1,9,0,5,0,1,0,0,0,0,1,1,6,2,56,9,1596,1,13,4,1
201443S139104,2,9,0,3,0,1,0,0,0,0,2,1,6,2,42,7,1328,1,12,9,3
201443S139124,1,9,0,13,0,0,0,0,0,0,4,1,6,2,41,7,1598,1,6,3,1
201443S139124,2,9,0,6,0,0,0,0,0,0,3,1,6,2,29,6,1686,2,9,7,1
201443S140014,1,3,0,14,0,0,0,0,0,0,1,1,6,1,19,4,124,1,1,-1,-1
201443S140014,2,9,0,5,0,0,0,0,0,0,1,1,6,1,33,6,1199,2,2,-1,-1
201443S140064,1,9,0,9,0,8,0,0,0,0,4,1,6,1,18,4,1598,1,2,-1,3
201443S140064,2,9,0,18,0,1,1,0,0,0,1,1,6,2,37,7,1388,1,10,9,1
201443S140064,3,9,0,10,0,1,0,0,0,0,3,1,6,2,37,7,1461,2,-1,9,1
201443S140114,1,9,0,13,0,1,0,0,0,0,3,2,6,2,-1,-1,-1,-1,-1,-1,-1
201443S140114,2,1,0,18,0,1,0,0,0,0,4,1,6,1,38,7,-1,-1,-1,8,2
201443S141054,1,9,0,18,0,0,0,0,0,0,0,1,1,1,35,6,2319,2,2,1,1
201443S141054,2,9,0,18,0,0,0,0,1,10,1,1,6,1,30,6,-1,-1,-1,-1,-1
201443S141074,1,9,0,18,0,8,1,10,2,2,1,1,6,1,92,11,1299,1,18,7,1
201443S141124,1,19,0,9,0,6,0,0,0,0,1,1,6,1,28,6,2198,2,-1,6,1
201443S141124,2,9,0,9,0,1,0,0,0,0,3,1,6,1,45,7,998,1,1,8,1
201443S142054,1,9,0,4,0,0,0,0,0,0,2,1,1,2,40,7,999,1,5,10,1
201443S142054,2,9,0,4,0,0,0,0,0,0,1,1,1,1,53,8,-1,-1,-1,-1,-1
201443S142124,1,9,0,18,0,0,0,0,0,0,1,1,6,1,47,8,1596,1,10,8,1
201443S142124,2,9,0,4,0,0,0,0,1,2,2,1,6,2,59,9,1329,1,3,-1,1
201443S143014,1,5,0,18,0,1,1,0,0,0,0,1,1,1,24,5,645,1,8,2,1
201443S143054,1,9,0,9,0,6,0,0,0,0,1,1,2,1,24,5,1229,1,7,10,2
201443S143054,2,9,0,18,0,1,0,0,7,0,1,1,2,1,53,8,1985,1,16,9,1
201443S143074,1,9,0,9,0,8,0,0,0,0,4,1,1,1,42,7,2400,2,3,5,1
201443S143074,2,9,0,18,0,1,0,0,0,0,1,1,6,1,51,8,1086,1,4,5,2
201443S143114,1,9,0,18,0,0,0,4,0,0,1,1,6,1,77,11,1598,1,4,8,1
201443S143114,2,19,0,2,0,0,0,0,0,0,2,1,1,1,67,10,2494,2,9,5,1
201443S143124,1,9,0,18,0,1,2,10,0,0,1,1,6,2,40,7,1798,1,11,9,1
201443S144014,1,9,0,1,0,2,0,0,0,0,2,1,1,2,66,10,1796,1,10,2,1
201443S144014,2,1,0,18,0,2,0,0,0,0,1,1,6,1,6,2,-1,-1,-1,4,1
201443S144054,1,5,0,4,0,0,0,0,0,0,4,1,2,1,43,7,656,1,3,7,1
201443S144054,2,9,0,12,0,0,0,0,0,0,3,1,6,3,-1,-1,-1,-1,-1,-1,-1
201443S144114,1,9,0,18,0,0,1,0,0,0,1,1,6,1,21,5,1995,1,13,1,1
201443S144114,2,9,0,18,0,0,0,0,0,0,1,1,6,1,34,6,2148,2,9,6,1
201443S144124,1,9,0,18,0,8,0,0,6,0,3,1,6,1,76,11,1910,2,8,8,3
201443S144124,2,21,1,18,0,8,0,0,0,0,1,1,1,1,53,8,-1,-1,-1,7,3
201443S145014,1,19,0,9,0,8,0,0,0,0,0,1,1,1,31,6,2198,2,1,4,1
201443S145014,2,5,0,18,0,1,1,0,0,0,0,1,1,1,44,7,996,1,16,10,2
201443S145064,1,9,0,18,0,0,0,0,0,0,1,1,2,2,28,6,1229,1,5,10,1
201443S145064,2,9,0,18,0,0,0,0,0,0,2,1,2,1,43,7,1686,2,7,9,2
201443S145064,3,19,0,18,0,0,0,0,0,0,2,1,1,1,45,7,1598,2,2,-1,-1
201443S145064,4,19,0,18,0,0,0,0,0,0,2,1,1,1,39,7,1998,2,9,-1,-1
201443S146104,1,9,0,11,0,0,0,0,0,0,1,1,2,1,38,7,-1,-1,-1,7,3
201443S146104,2,9,0,4,0,0,0,0,0,0,2,1,2,1,54,8,1149,1,4,-1,-1
201443S146104,3,9,0,4,0,0,0,0,0,0,2,1,2,1,33,6,-1,-1,-1,10,1
201443S146114,1,9,0,4,0,1,0,0,0,0,1,1,6,1,-1,-1,-1,-1,-1,6,3
201443S146114,2,9,0,3,0,1,0,0,0,0,2,1,2,2,22,5,1242,1,4,9,2
201443S146124,1,9,0,18,0,0,0,0,1,11,1,1,6,2,63,9,1368,1,7,4,1
201443S146124,2,9,0,2,9,0,0,0,0,0,3,1,6,1,-1,-1,1339,1,3,4,1
201443S147014,1,5,0,4,0,0,1,7,0,0,1,1,6,1,37,7,750,1,15,9,3
201443S147064,1,9,0,18,0,1,0,0,0,0,1,1,6,2,22,5,1061,1,10,6,1
201443S147074,1,9,0,18,0,0,0,0,0,0,4,1,1,1,26,6,-1,-1,-1,-1,1
201443S147074,2,9,0,12,0,0,0,0,0,0,3,1,2,2,27,6,1229,1,1,2,1
201443S147104,1,9,0,4,0,1,0,0,0,0,1,1,6,2,-1,-1,1498,1,5,-1,-1
201443S147104,2,9,0,3,0,1,0,0,0,0,2,1,6,1,33,6,2198,2,9,8,1
201443S148074,1,21,0,4,0,0,1,0,0,0,1,1,1,1,58,9,7146,2,6,1,1
201443S148074,2,9,0,4,0,0,0,0,0,0,2,1,6,2,46,8,1870,2,16,8,1
201443S148074,3,21,1,4,0,0,0,0,0,0,2,1,1,1,37,7,-1,-1,-1,2,1
201443S148124,1,9,0,5,0,1,0,0,0,0,1,1,6,2,38,7,2204,2,7,3,1
201443S148124,2,9,0,3,0,1,0,0,0,0,2,1,6,2,37,7,1560,2,1,2,1
201443S149014,1,9,0,7,0,1,1,0,0,0,1,2,2,2,24,5,1839,1,16,10,1
201443S149014,2,9,0,3,0,1,0,0,0,0,2,1,6,1,70,10,-1,-1,-1,10,1
201443S149074,1,9,0,9,0,6,0,0,0,0,3,1,6,2,39,7,1840,1,15,9,1
201443S149074,2,5,0,18,0,1,0,0,0,0,1,1,1,1,45,7,1170,1,-1,8,3
201443S149114,1,9,0,16,0,0,1,0,7,4,1,1,6,1,29,6,1199,1,15,6,1
201443S149114,2,9,0,18,0,0,0,0,0,0,1,1,6,2,35,6,1798,1,10,-1,1
201443S149114,3,9,0,18,0,0,0,0,0,0,2,1,6,2,55,8,1242,1,6,6,1
201443S149124,1,9,0,18,0,4,0,0,0,0,1,1,6,1,44,7,2435,1,13,8,1
201443S149124,2,9,0,9,0,8,0,7,0,2,1,1,6,2,30,6,1598,1,9,8,1
201443S150014,1,9,0,16,0,0,1,10,1,4,1,1,6,1,33,6,1995,2,13,1,1
201443S150064,1,9,0,13,0,0,0,0,0,0,4,1,6,1,71,10,1560,2,9,3,1
201443S150064,2,1,0,18,0,0,0,0,0,0,3,1,6,1,41,7,-1,-1,-1,9,3
201443S150074,1,9,0,18,0,1,0,0,0,0,1,1,6,1,23,5,1895,1,14,5,1
201443S150074,2,9,0,10,0,8,0,0,0,0,2,1,6,2,46,8,1868,2,14,1,1
201443S150124,1,10,0,9,0,6,0,0,0,0,1,1,1,1,49,8,-1,-1,-1,-1,1
201443S150124,2,9,0,18,0,1,1,0,0,0,3,1,6,1,19,4,1360,1,13,4,1
201443S151064,1,1,0,18,0,0,0,0,0,0,3,1,6,1,36,7,-1,-1,-1,1,1
201443S151064,2,9,0,18,0,0,0,0,0,0,1,1,6,1,29,6,1390,1,13,4,1
201443S151074,1,9,0,9,0,6,0,0,0,0,1,1,6,2,32,6,1997,1,11,5,1
201443S151074,2,9,0,18,0,1,0,0,0,0,1,1,6,1,36,7,2979,1,11,9,3
201443S151124,1,9,0,18,0,0,0,0,0,0,4,1,6,2,77,11,1149,1,14,8,3
201443S151124,2,1,0,18,0,0,0,0,0,0,3,1,6,1,39,7,-1,-1,-1,9,2
201443S152064,1,9,0,16,0,0,1,0,1,9,1,1,6,2,19,4,1199,1,11,10,3
201443S152074,1,9,0,18,0,3,0,0,0,0,1,1,6,2,46,8,1242,1,12,5,1
201443S152074,2,9,0,18,0,1,0,0,0,0,1,1,6,1,25,5,1390,1,1,6,1
201443S152114,1,9,0,18,0,1,0,0,0,0,1,1,3,2,50,8,-1,-1,-1,5,1
201443S152114,2,9,0,3,0,1,0,0,0,0,2,1,1,1,35,6,1797,8,3,4,1
201443S152114,3,9,0,10,0,8,0,0,0,0,2,1,6,2,34,6,1598,1,7,7,1
201443S153014,1,9,0,16,0,0,0,0,7,11,1,1,6,1,17,4,1388,1,16,9,3
201443S154014,1,9,0,2,0,8,0,0,0,0,2,1,1,2,30,6,1248,2,1,-1,-1
201443S154014,2,9,0,18,0,8,0,0,0,0,1,1,6,2,36,7,1769,1,13,9,1
201443S154074,1,9,0,9,0,8,0,0,1,7,3,1,6,2,73,10,1390,1,4,6,1
201443S154074,2,9,0,18,0,1,1,0,0,0,3,1,6,1,56,9,3200,2,11,7,1
201443S155074,1,9,0,18,0,8,0,0,0,0,1,1,6,2,24,5,1242,1,9,-1,1
201443S155074,2,5,0,18,0,8,0,0,1,10,3,1,6,1,48,8,599,1,16,2,1
201443S156014,1,9,0,17,0,0,1,0,8,9,4,1,6,2,47,8,1198,1,10,10,3
201443S156074,1,9,0,18,0,0,0,0,0,0,1,1,6,1,64,9,1995,2,4,9,1
201443S156114,1,9,0,18,0,0,0,0,0,0,1,1,6,2,38,7,1396,1,14,8,1
201443S156114,2,9,0,18,0,0,0,0,0,0,1,1,6,1,49,8,1781,1,18,2,1
201443S157104,1,9,0,18,0,0,0,0,0,0,1,1,6,2,31,6,1896,2,16,2,1
201443S157114,1,9,0,4,0,1,0,0,0,0,1,1,6,2,44,7,1248,2,-1,10,2
201443S157114,2,5,0,3,0,1,0,0,1,0,2,1,6,1,47,8,781,1,16,4,1
201443S159074,1,9,0,18,0,0,0,0,0,0,3,1,1,2,33,6,2198,2,10,4,1
201443S159074,2,9,0,18,0,0,0,0,0,0,3,1,1,1,49,8,-1,-1,-1,9,3
201443S159104,1,9,0,18,0,0,0,0,0,0,1,1,6,1,42,7,998,1,17,-1,1