Accident_Index,Vehicle_Reference,Vehicle_Type,Towing_and_Articulation,Vehicle_Manoeuvre,Vehicle_Location-Restricted_Lane,Junction_Location,Skidding_and_Overturning,Hit_Object_in_Carriageway,Vehicle_Leaving_Carriageway,Hit_Object_off_Carriageway,1st_Point_of_Impact,Was_Vehicle_Left_Hand_Drive?,Journey_Purpose_of_Driver,Sex_of_Driver,Age_of_Driver,Age_Band_of_Driver,Engine_Capacity_(CC),Propulsion_Code,Age_of_Vehicle,Driver_IMD_Decile,Driver_Home_Area_Type
201443S159104,2,8,0,12,0,0,0,0,0,0,2,1,1,1,29,6,1896,2,6,3,1
201443S159124,1,9,0,18,0,0,0,0,0,0,1,1,6,2,78,11,1587,1,12,10,3
201443S159124,2,9,0,18,0,0,0,0,0,0,1,1,6,1,76,11,1560,2,1,10,2
201443S162114,1,1,0,18,0,0,1,0,0,0,1,1,2,1,35,6,-1,-1,-1,-1,-1
201443S162114,2,9,0,18,0,0,0,0,0,0,4,1,2,2,36,7,1120,2,2,-1,-1
201443S164104,1,3,0,18,0,8,0,0,0,0,4,1,6,1,23,5,124,1,9,1,1
201443S165104,1,19,0,18,0,0,0,0,0,0,1,1,1,1,62,9,2463,2,8,7,1
201443S165104,2,9,0,18,0,0,0,0,0,0,2,1,1,1,49,8,-1,-1,-1,2,1
201443S166104,1,9,0,17,0,1,0,0,0,0,1,1,6,1,66,10,1794,1,14,4,1
201443S166104,2,9,0,16,0,1,0,0,0,0,1,1,6,1,34,6,2143,2,1,9,3
201443S168104,1,9,0,5,0,4,0,0,0,0,1,1,6,2,45,7,1598,1,8,7,1
201443S168104,2,9,0,18,0,8,0,0,0,0,4,1,6,1,26,6,999,1,1,5,1
201443S176114,1,9,0,6,0,0,0,0,0,0,1,1,6,2,43,7,1596,1,14,9,1
201443S176114,2,9,0,18,0,0,0,0,7,1,3,1,6,1,52,8,1968,2,5,9,1
201443S177114,1,9,0,7,0,8,0,0,4,0,2,1,6,1,76,11,1998,2,4,9,3
201443S177114,2,9,0,18,0,1,0,0,4,0,1,1,6,2,53,8,1596,1,12,8,2
201443S179114,1,9,0,5,0,1,0,0,0,0,4,1,6,1,65,9,-1,-1,-1,9,1
201443S180114,1,9,0,16,0,0,2,0,7,9,1,1,6,2,50,8,1461,2,10,9,3
201443S182114,1,9,0,18,0,0,0,0,0,0,1,1,6,1,35,6,1560,2,2,1,1
201443S182114,2,9,0,18,0,0,0,0,0,0,2,1,6,2,34,6,1783,1,12,7,1
201443S184114,1,9,0,18,0,4,0,0,0,0,1,1,6,3,-1,-1,-1,-1,-1,-1,-1
201443S184114,2,9,0,18,0,8,0,0,1,2,4,1,6,2,48,8,998,1,15,5,1
201443S185114,1,9,0,18,0,0,0,0,0,0,1,1,6,1,27,6,1598,2,3,10,1
201443S185114,2,9,0,4,0,0,0,0,0,0,2,1,6,2,49,8,1598,1,5,9,3
201443S188114,1,9,0,18,0,0,0,0,0,0,1,1,2,1,53,8,1598,1,15,9,3
201443S189114,1,1,0,18,0,0,0,0,0,0,3,1,2,1,65,9,-1,-1,-1,3,2
201443S189114,2,9,0,18,0,0,0,0,0,0,1,1,6,3,-1,-1,-1,-1,-1,-1,-1
201443S190114,1,9,0,4,0,0,0,0,0,0,1,1,6,1,24,5,1995,2,3,10,1
201443S190114,2,9,0,4,0,0,0,0,0,0,2,1,6,1,57,9,1364,1,-1,2,1
201443W001014,1,8,0,3,0,2,0,0,0,0,1,1,1,1,55,8,-1,-1,-1,-1,1
201443W001014,2,9,0,18,0,2,0,0,0,0,2,1,6,1,22,5,1242,1,1,4,1
201443W001034,1,9,0,18,0,0,0,0,0,0,1,1,6,1,-1,-1,-1,-1,-1,-1,-1
201443W001054,1,9,0,14,0,0,1,0,0,0,1,1,6,1,19,4,1989,1,14,8,1
201443W001054,2,9,0,18,0,0,0,0,0,0,3,1,6,1,38,7,-1,-1,-1,6,1
201443W001054,3,9,0,2,0,0,0,0,0,0,2,1,6,2,-1,-1,1896,2,16,-1,-1
201443W001084,1,9,0,18,0,0,1,0,8,4,3,1,6,1,16,4,1796,1,7,9,3
201443W002044,1,9,0,18,0,1,0,0,0,0,1,1,6,1,53,8,1840,1,12,10,2
201443W002044,2,9,0,18,0,1,0,0,0,0,2,1,6,1,83,11,1242,1,13,7,3
201443W002094,1,9,0,9,0,1,0,0,0,0,1,1,6,2,-1,-1,1497,1,11,-1,-1
201443W003034,1,9,0,18,0,0,1,0,0,6,1,1,2,2,23,5,1598,1,12,9,1
201443W003034,2,9,0,18,0,0,0,0,0,0,0,1,6,1,44,7,1560,2,4,9,3
201443W004054,1,9,0,18,0,8,0,0,0,0,3,1,6,1,66,10,1896,2,18,4,1
201443W004054,2,9,0,18,0,8,0,0,0,0,4,1,6,2,53,8,1586,1,8,10,2
201443W004104,1,9,0,9,0,6,0,0,0,0,1,1,6,1,34,6,1598,1,11,3,1
201443W004104,2,1,0,13,0,1,0,0,0,0,1,1,6,1,28,6,-1,-1,-1,10,1
201443W004114,1,9,0,14,0,1,0,0,0,0,4,1,6,1,55,8,-1,-1,-1,9,2
201443W005014,1,19,0,13,0,8,0,0,0,0,1,1,2,1,32,6,1998,2,10,4,1
201443W005014,2,9,0,18,0,8,1,0,6,1,2,1,1,1,70,10,1560,2,4,9,2
201443W005094,1,9,0,18,0,0,1,0,0,0,1,1,1,1,21,5,1124,1,14,10,1
201443W005094,2,9,0,18,0,0,0,0,0,0,2,1,1,1,30,6,599,1,12,10,1
201443W006094,1,9,0,12,0,0,1,0,0,6,1,1,1,1,27,6,1796,1,10,9,3
201443W006104,1,9,0,7,0,6,0,0,1,0,3,1,3,1,39,7,1587,1,12,4,1
201443W006104,2,9,0,18,0,1,0,0,0,0,1,1,3,2,44,7,1598,1,1,9,1
201443W006114,1,9,0,18,0,8,0,0,0,0,1,1,6,1,65,9,1398,1,3,2,1
201443W006114,2,4,0,3,0,8,0,0,0,0,2,1,6,1,50,8,748,1,33,8,1
201443W007084,1,21,1,2,0,0,0,0,0,0,2,1,1,1,40,7,12777,2,6,3,1
201443W007084,2,1,0,17,0,0,0,0,1,0,1,1,6,2,50,8,-1,-1,-1,8,1
201443W007094,1,9,0,17,0,0,5,10,0,0,4,1,2,2,22,5,1242,1,9,2,2
201443W007114,1,8,0,7,0,6,0,0,0,0,1,1,1,1,-1,-1,-1,-1,-1,-1,-1
201443W007114,2,1,0,18,0,8,0,0,0,0,4,1,1,1,32,6,-1,-1,-1,3,1
201443W008074,1,9,0,18,0,2,0,0,0,0,1,1,6,2,34,6,1560,2,8,8,3
201443W008074,2,20,0,4,0,2,0,0,0,0,2,1,1,1,35,6,4461,2,4,4,1
201443W008084,1,9,0,5,0,4,0,0,0,0,1,1,6,1,80,11,1398,1,-1,8,2
201443W008084,2,1,0,18,0,8,0,0,0,0,4,1,6,2,52,8,-1,-1,-1,8,2
201443W009034,1,9,0,12,0,0,5,0,1,7,1,1,6,1,22,5,1360,1,14,2,1
201443W009074,1,9,0,12,0,8,0,0,0,0,3,1,1,1,42,7,1598,1,10,6,1
201443W009074,2,5,0,18,0,8,0,0,0,0,4,1,1,1,49,8,999,1,3,8,1
201443W009104,1,9,0,1,9,0,0,0,0,0,2,1,6,1,40,7,-1,-1,-1,-1,-1
201443W010104,1,21,1,18,0,2,0,0,0,0,1,1,1,1,59,9,12777,2,5,5,1
201443W010104,2,5,0,11,0,2,0,0,0,0,2,1,6,1,45,7,1200,1,11,8,1
201443W011054,1,9,0,18,0,1,1,0,0,0,1,1,2,1,34,6,1896,2,13,3,1
201443W011054,2,2,0,4,0,1,0,0,0,0,2,1,1,1,29,6,49,1,2,5,1
201443W011104,1,9,0,2,0,0,0,0,0,0,0,1,6,1,-1,-1,-1,-1,-1,-1,-1
201443W011104,2,1,0,18,0,0,0,8,0,0,0,1,6,1,52,8,-1,-1,-1,10,1
201443W011114,1,21,1,12,0,0,0,0,0,0,3,1,1,1,25,5,-1,-1,-1,-1,-1
201443W011114,2,9,0,18,0,0,0,0,0,0,4,1,6,2,50,8,2295,1,14,9,2
201443W012034,1,9,0,18,0,1,0,0,0,2,1,1,6,1,52,8,1781,1,13,10,3
201443W012094,1,19,0,18,0,0,0,0,7,9,1,1,1,1,34,6,1598,2,6,3,1
201443W012094,2,9,0,18,0,0,0,0,0,0,1,1,6,2,67,10,1998,1,9,6,1
201443W013064,1,19,0,9,0,8,0,0,1,0,4,1,1,1,61,9,1968,2,3,10,3
201443W013064,2,9,0,18,0,8,0,0,0,0,1,1,2,2,18,4,1398,1,10,10,2
201443W013114,1,9,0,16,0,0,0,0,7,0,1,1,6,1,26,6,-1,-1,-1,10,1
201443W014014,1,9,0,4,0,0,1,0,0,0,1,1,2,2,34,6,2143,2,2,4,1
201443W014014,2,9,0,3,0,0,0,0,0,0,2,1,2,2,29,6,1368,1,4,9,3
201443W014014,3,9,0,3,0,0,0,0,0,0,2,1,2,2,23,5,1197,1,2,8,3
201443W014014,4,9,0,3,0,0,0,0,0,0,2,1,2,2,43,7,1997,2,10,7,3
201443W014044,1,9,0,7,0,1,0,0,0,0,1,1,6,2,30,6,1796,1,14,-1,-1
201443W014044,2,9,0,10,0,1,0,0,0,0,1,1,6,1,20,4,1364,1,11,6,1
201443W014094,1,9,0,9,0,8,0,0,0,0,4,1,3,1,55,8,2902,2,8,9,1
201443W014094,2,1,0,18,0,8,0,0,0,0,1,1,2,1,50,8,-1,-1,-1,10,1
201443W014104,1,9,0,18,0,1,5,0,1,0,1,1,2,2,25,5,1390,1,-1,9,3
201443W014104,2,9,0,10,0,6,0,0,0,0,1,1,6,1,69,10,2290,1,12,5,1
201443W015074,1,9,0,18,0,0,0,0,0,0,1,1,2,2,49,8,1995,2,3,10,2
201443W015124,1,9,0,10,0,0,0,0,0,0,1,1,6,1,33,6,2143,2,1,5,1
201443W015124,2,9,0,4,0,0,0,0,0,0,2,1,6,1,35,6,1896,2,11,8,1
201443W015124,3,9,0,4,0,0,0,0,0,0,2,1,6,1,62,9,1969,2,-1,10,1
201443W016044,1,19,0,9,0,8,0,0,0,0,4,1,1,1,-1,-1,2143,2,5,4,1
201443W016044,2,9,0,18,0,8,0,0,0,0,1,1,6,1,52,8,1840,1,15,6,1
201443W016064,1,9,0,18,0,0,0,0,2,7,4,1,2,1,19,4,1248,2,1,-1,2
201443W017034,1,9,0,18,0,0,0,0,0,0,1,1,6,1,-1,-1,2996,1,6,10,1
201443W017034,2,9,0,3,0,0,0,0,0,0,2,1,2,2,41,7,1910,2,7,9,3
201443W017104,1,9,0,9,0,8,0,0,0,0,1,1,6,1,-1,-1,1998,1,7,10,2
201443W017104,2,1,0,18,4,8,0,0,0,0,1,1,2,1,42,7,-1,-1,-1,10,1
201443W018044,1,9,0,18,0,0,0,0,0,0,4,1,6,1,30,6,1598,1,9,-1,1
201443W018084,1,9,0,18,0,1,0,0,0,0,1,1,6,1,19,4,-1,-1,-1,-1,-1
201443W018084,2,9,0,3,0,1,0,0,0,0,2,1,6,2,38,7,1398,1,14,8,1
201443W018114,1,19,0,9,0,4,0,0,7,0,3,1,1,1,62,9,1399,2,6,9,3
201443W018114,2,9,0,18,0,8,0,0,7,1,4,1,6,2,29,6,1198,1,4,9,1
201443W019014,1,8,0,9,2,1,0,0,0,0,4,1,1,1,43,7,1910,2,4,4,1
201443W019014,2,1,0,18,2,1,0,0,0,0,1,1,6,1,33,6,-1,-1,-1,8,1
201443W019034,1,9,0,7,0,6,0,0,0,0,1,1,6,1,-1,-1,-1,-1,-1,-1,-1
201443W019044,1,1,0,9,0,6,1,0,0,0,3,1,6,1,73,10,-1,-1,-1,4,1
201443W019044,2,9,0,18,0,8,1,0,0,0,1,1,6,2,39,7,1995,2,2,8,2
201443W019114,1,9,0,9,0,6,0,0,0,0,1,1,2,1,32,6,1896,2,10,4,1
201443W019114,2,9,0,18,0,1,0,0,0,0,3,1,2,1,28,6,-1,-1,-1,-1,1
201443W019124,1,9,0,18,0,4,0,0,0,0,1,1,6,1,73,10,-1,-1,-1,7,1
201443W019124,2,1,0,9,0,8,0,0,0,0,4,1,1,1,33,6,-1,-1,-1,10,1
201443W020044,1,90,0,18,9,6,0,0,0,0,1,1,6,1,19,4,-1,-1,-1,10,1
201443W020044,2,9,0,8,0,6,0,0,0,0,4,2,6,1,29,6,-1,-1,-1,10,1
201443W020084,1,9,0,16,0,0,2,0,7,1,3,1,6,1,18,4,1388,1,11,9,3
201443W021014,1,9,0,17,0,0,1,0,7,9,3,1,2,1,35,6,-1,-1,-1,7,1
201443W021034,1,9,0,18,0,0,0,0,1,0,1,2,6,1,29,6,-1,-1,-1,3,1
201443W021034,2,21,0,18,0,0,0,0,0,0,2,1,1,1,57,9,10518,2,1,9,1
201443W021044,1,9,0,18,0,8,0,0,0,0,4,1,6,3,-1,-1,1598,1,5,5,3
201443W021044,2,9,0,18,0,8,0,0,0,0,3,1,6,1,64,9,1364,1,1,8,1
201443W022044,1,9,0,18,0,0,1,0,1,7,1,1,6,1,25,5,1398,1,1,-1,1
201443W022044,2,9,3,18,0,0,1,0,0,0,2,1,6,1,34,6,1998,2,10,10,2
201443W022054,1,2,0,18,0,0,0,0,0,0,0,1,6,1,55,8,-1,-1,-1,7,1
201443W022074,1,9,0,5,0,6,0,0,0,0,1,1,6,1,70,10,-1,-1,-1,-1,-1
201443W022084,1,9,0,4,0,0,0,0,0,0,1,1,6,1,27,6,1360,1,12,4,1
201443W022084,2,9,0,4,0,0,0,0,0,0,2,1,6,2,33,6,998,1,16,3,1
201443W022084,3,9,0,4,0,0,0,0,0,0,2,1,6,2,47,8,1560,2,7,3,1
201443W023034,1,9,0,18,0,4,0,0,0,0,1,1,6,1,-1,-1,1360,1,11,-1,-1
201443W023034,2,1,0,18,0,8,0,0,0,0,4,1,2,1,41,7,-1,-1,-1,10,1
201443W023044,1,9,0,18,0,8,0,0,1,0,1,1,6,1,76,11,1368,1,5,4,1
201443W023044,2,9,0,18,0,8,0,0,1,0,2,1,2,2,20,4,1229,1,1,-1,1
201443W023054,1,9,0,18,0,4,0,0,0,0,1,1,2,2,40,7,1984,1,8,10,2
201443W023054,2,9,0,3,0,4,0,0,0,0,2,1,3,2,49,8,1997,2,2,-1,1
201443W023084,1,9,0,18,0,1,0,0,0,0,1,1,6,1,-1,-1,1995,2,1,-1,1
201443W023084,2,3,0,10,0,1,0,0,0,0,2,1,6,1,46,8,124,1,11,10,1
201443W023124,1,9,0,7,0,5,0,0,0,0,0,1,6,3,-1,-1,-1,-1,-1,-1,-1
201443W023124,2,11,0,18,2,1,0,0,0,0,0,1,1,1,49,8,9000,5,-1,2,1
201443W024014,1,9,0,17,0,1,1,10,0,7,1,1,1,1,22,5,1896,2,11,3,1
201443W024024,1,9,0,6,0,0,0,0,0,0,3,1,6,1,40,7,1596,1,7,2,1
201443W024024,2,1,0,13,0,0,0,0,0,0,4,1,6,1,38,7,-1,-1,-1,6,1
201443W024044,1,9,0,18,0,1,0,0,0,0,1,1,2,1,30,6,1390,1,8,-1,1
201443W024044,2,9,0,3,0,1,0,0,0,0,2,1,2,1,20,4,1149,1,11,8,1
201443W024044,3,9,0,10,0,1,0,0,0,0,2,1,2,2,20,4,999,1,1,10,1
201443W024094,1,9,0,18,0,1,0,0,0,0,4,1,6,1,60,9,2959,1,22,-1,-1
201443W025024,1,9,0,18,0,0,0,0,0,0,1,1,6,1,-1,-1,-1,-1,-1,-1,-1
201443W025024,2,9,0,4,0,0,0,0,0,0,2,1,6,2,29,6,1997,2,9,6,1
201443W025024,3,9,0,3,0,0,0,0,0,0,2,1,6,1,-1,-1,-1,-1,-1,-1,-1
201443W025064,1,9,0,18,0,0,0,0,0,0,1,1,6,1,43,7,1995,2,-1,7,1
201443W025064,2,21,1,11,0,0,0,0,0,0,2,1,1,1,44,7,10518,2,1,8,1
201443W025064,3,21,1,18,0,0,0,0,0,0,3,1,1,1,39,7,11967,2,1,10,1
201443W025114,1,9,0,18,0,0,0,0,1,7,1,1,6,3,38,7,1999,1,10,6,1
201443W025124,1,9,0,9,0,6,0,0,0,0,1,1,6,1,23,5,1988,1,12,3,1
201443W025124,2,19,0,18,0,8,0,0,0,0,4,1,6,1,52,8,2402,2,6,9,3
201443W026014,1,3,0,14,0,0,0,0,0,0,3,1,2,1,19,4,125,1,2,8,2
201443W026044,1,9,0,18,5,5,0,0,0,0,4,1,6,2,60,9,998,1,5,10,1
201443W026044,2,1,0,18,5,1,0,0,0,0,1,1,6,1,55,8,-1,-1,-1,9,1
201443W026054,1,9,0,9,0,8,0,0,0,0,1,1,2,1,44,7,1997,7,6,9,1
201443W026084,1,9,0,18,0,1,1,0,0,0,1,1,6,2,38,7,1199,1,12,-1,3
201443W026084,2,19,0,10,0,1,0,0,0,0,2,1,1,1,26,6,2402,2,6,7,1
201443W026124,1,9,0,5,0,0,0,0,0,0,3,1,2,2,33,6,1388,1,10,5,1
201443W026124,2,1,0,18,0,0,0,0,0,0,4,1,2,1,41,7,-1,-1,-1,3,1
201443W027014,1,9,0,18,0,0,0,0,0,0,1,1,6,2,22,5,1850,1,12,-1,-1
201443W027014,2,9,0,2,0,0,0,0,1,0,2,1,6,1,29,6,1796,1,14,8,1
201443W027034,1,9,0,13,0,0,0,0,0,0,4,1,6,1,-1,-1,-1,-1,-1,-1,-1
201443W027034,2,1,0,18,0,0,0,0,0,0,3,1,2,1,35,6,-1,-1,-1,10,1
201443W027064,1,9,0,9,0,5,0,0,0,0,1,1,2,2,52,8,1951,2,12,8,1
201443W027064,2,1,0,18,0,6,0,0,0,0,1,1,4,1,18,4,-1,-1,-1,6,1
201443W027124,1,9,0,18,0,3,0,0,1,2,4,1,6,1,28,6,1560,2,10,10,3
201443W027124,2,9,0,9,0,8,0,0,0,0,1,1,1,1,34,6,1997,2,1,5,3
201443W028034,1,9,0,16,0,0,0,0,0,0,1,1,6,1,74,10,2319,1,13,4,1
201443W028034,2,9,0,17,0,0,0,0,0,0,3,1,1,2,47,8,1988,1,11,5,1
201443W028054,1,9,0,18,0,0,0,0,1,9,3,1,6,2,18,4,-1,-1,-1,-1,3
201443W028054,2,19,0,18,0,0,0,0,0,0,3,1,6,1,48,8,-1,-1,-1,8,2
201443W028104,1,9,0,9,0,8,0,0,0,0,1,1,6,1,21,5,3199,1,21,10,1
201443W028104,2,2,0,18,0,1,0,0,0,0,1,1,6,1,18,4,49,1,3,9,3
201443W029084,1,9,4,9,0,4,0,0,0,0,3,1,6,1,53,8,1998,1,16,10,1
201443W029084,2,9,0,18,0,8,0,0,0,0,4,1,6,2,53,8,1339,1,12,5,1
201443W030034,1,9,0,5,0,1,0,0,0,0,1,1,6,1,40,7,1598,2,4,7,3
201443W030034,2,9,0,18,0,8,0,0,0,0,4,1,6,1,22,5,1242,1,6,9,3
201443W030044,1,9,0,9,0,8,0,0,0,0,3,1,6,1,49,8,1870,2,7,9,1
201443W030044,2,97,0,18,0,8,0,0,0,0,1,1,6,1,18,4,125,1,2,4,1
201443W030064,1,9,0,18,0,0,0,0,0,0,0,1,6,3,-1,-1,-1,-1,-1,-1,-1
201443W030064,2,9,0,18,0,0,0,0,0,0,0,1,6,1,-1,-1,1997,1,8,3,1
201443W030074,1,9,0,4,0,0,0,0,0,0,4,1,2,1,20,4,-1,-1,-1,2,1
201443W030074,2,1,0,18,0,0,0,0,0,0,1,1,6,1,7,2,-1,-1,-1,2,1
201443W030124,1,9,0,3,0,3,0,0,0,0,2,1,6,2,34,6,1753,2,8,10,1
201443W030124,2,9,0,3,0,8,0,0,0,0,2,1,1,2,26,6,1242,1,3,10,1
201443W030124,3,9,0,18,0,4,0,0,0,0,1,1,6,2,39,7,1242,1,10,9,1
201443W031024,1,9,0,18,0,1,0,0,0,0,1,1,2,2,28,6,1242,1,14,3,1
201443W031054,1,9,0,18,0,3,0,0,0,0,1,1,6,2,45,7,-1,-1,-1,-1,-1
201443W031084,1,9,0,9,0,4,0,0,0,0,4,1,6,1,34,6,1796,1,5,4,1
201443W031084,2,1,0,18,0,4,0,0,0,0,1,1,6,1,31,6,-1,-1,-1,5,1
201443W031094,1,9,0,13,0,1,0,0,0,0,1,1,6,3,-1,-1,-1,-1,-1,-1,-1
201443W031094,2,1,0,18,0,1,0,0,0,0,2,1,6,1,62,9,-1,-1,-1,6,1
201443W031114,1,9,0,18,0,0,0,0,0,0,3,1,6,3,-1,-1,-1,-1,-1,-1,-1
201443W032024,1,19,0,18,0,1,1,0,1,7,1,1,6,1,38,7,1995,2,1,-1,1
201443W032024,2,9,0,11,0,1,0,0,0,0,2,1,2,1,29,6,1796,1,14,1,1
201443W032024,3,19,0,18,0,1,0,0,0,0,1,1,2,1,61,9,2494,2,7,2,1
201443W032124,1,9,0,18,0,0,1,0,1,0,1,1,6,1,22,5,1388,1,10,-1,-1
201443W032124,2,9,0,3,0,0,0,0,0,0,2,1,6,2,56,9,2967,2,3,9,3
201443W032124,3,9,0,18,0,0,0,0,0,0,4,1,6,1,34,6,1968,2,10,10,1
201443W032124,4,9,0,18,0,0,0,0,0,0,3,1,6,2,34,6,1895,1,13,8,1
201443W033014,1,1,0,9,0,6,0,0,0,0,1,1,6,1,15,3,-1,-1,-1,8,3
201443W033014,2,19,0,18,0,1,0,0,0,0,4,1,1,1,30,6,-1,-1,-1,8,3
201443W033034,1,9,0,18,0,1,1,0,0,1,1,1,6,1,33,6,1870,2,7,2,1
201443W033054,1,9,0,7,9,6,0,0,0,0,1,1,6,1,40,7,-1,-1,-1,-1,-1
201443W033054,2,1,0,18,9,8,1,0,0,0,3,1,3,1,15,3,-1,-1,-1,2,1
201443W033074,1,9,0,5,0,8,0,0,0,0,1,1,6,1,56,9,1598,1,14,2,1
201443W033074,2,1,0,18,0,8,0,0,0,0,4,1,2,1,41,7,-1,-1,-1,-1,-1
201443W033084,1,20,0,18,0,2,0,0,0,0,1,1,1,1,23,5,2287,2,3,10,1
201443W033084,2,1,0,18,0,2,0,0,0,0,2,1,6,1,53,8,-1,-1,-1,7,1
201443W033094,1,9,0,3,0,0,0,0,0,0,1,1,2,2,19,4,1197,1,-1,-1,1
201443W033094,2,9,0,4,0,0,0,0,0,0,2,1,2,1,37,7,1995,2,3,10,1
201443W034014,1,20,0,18,0,0,0,0,7,4,1,1,1,1,50,8,-1,-1,-1,9,1
201443W034044,1,9,0,14,0,2,0,0,0,0,1,1,6,1,27,6,1587,1,9,5,1
201443W034044,2,9,0,18,0,1,0,0,0,0,1,1,6,2,29,6,1388,1,5,10,1
201443W034094,1,9,0,7,0,8,0,0,0,0,1,1,6,1,45,7,1596,1,7,5,1
201443W034094,2,1,0,18,0,8,0,0,0,0,1,1,6,1,59,9,-1,-1,-1,9,3
201443W034124,1,9,0,18,0,0,0,0,0,0,1,1,6,2,55,8,1396,1,11,7,1
201443W034124,2,9,0,4,0,0,0,0,0,0,2,1,6,2,61,9,1242,1,-1,10,1
201443W034124,3,9,0,4,0,0,0,0,0,0,2,1,6,1,55,8,-1,-1,-1,9,1
201443W035024,1,9,0,18,0,1,0,0,0,0,1,1,6,2,22,5,1598,2,2,5,1
201443W035024,2,9,0,18,0,1,0,0,0,0,2,1,6,1,47,8,1461,2,3,5,1
201443W035024,3,9,0,18,0,1,0,0,0,0,2,1,6,1,47,8,2400,2,4,10,1
201443W035044,1,9,0,9,0,4,0,0,0,0,1,1,6,2,-1,-1,2204,2,7,-1,-1
201443W035044,2,1,0,9,0,8,0,0,0,0,4,1,6,2,54,8,-1,-1,-1,9,1
201443W035074,1,9,0,18,0,0,0,0,0,0,4,1,1,1,46,8,2199,2,4,8,3
201443W035074,2,19,0,2,9,0,0,0,0,0,0,1,1,1,48,8,2198,2,4,2,1
201443W036014,1,9,0,9,0,8,0,0,0,0,1,1,6,1,50,8,-1,-1,-1,-1,-1
201443W036014,2,1,0,18,0,8,0,0,0,0,1,1,1,1,23,5,-1,-1,-1,8,1
201443W036024,1,9,0,4,0,8,0,0,0,0,1,1,1,2,56,9,1998,1,9,9,3
201443W036024,2,4,0,18,0,8,0,0,0,0,1,1,1,1,19,4,124,1,5,5,3
201443W036054,1,9,0,18,9,6,0,0,0,0,1,1,6,1,36,7,1968,2,1,6,1
201443W036074,1,5,0,4,0,5,1,0,0,0,0,1,6,1,48,8,1130,1,10,9,3
201443W036094,1,9,0,18,0,8,0,0,0,0,3,1,6,1,90,11,1197,1,1,9,1
201443W036094,2,2,0,18,0,8,0,0,0,0,1,1,4,2,17,4,49,1,5,8,1
201443W036104,1,9,0,4,0,4,0,0,0,0,1,1,6,2,19,4,1390,1,10,9,1
201443W036104,2,9,0,3,0,4,0,0,0,0,2,1,2,2,46,8,1242,1,16,10,1
201443W037044,1,5,4,18,0,0,1,0,1,0,1,1,6,1,64,9,1584,1,7,3,1
201443W037074,1,9,0,9,0,8,0,0,0,0,4,1,6,2,22,5,-1,-1,-1,10,2
201443W037074,2,9,0,18,0,8,0,0,1,1,1,1,6,2,22,5,-1,-1,-1,6,1
201443W037104,1,9,0,18,0,1,0,0,0,0,2,1,6,1,18,4,-1,-1,-1,-1,-1
201443W037104,2,9,0,18,0,1,0,0,0,0,1,1,1,2,35,6,1360,1,8,10,2
201443W037114,1,9,0,12,0,1,0,0,1,0,1,1,2,2,33,6,1995,2,2,5,1
201443W037114,2,9,0,4,0,1,1,0,1,0,2,1,6,2,49,8,1197,1,-1,10,1
201443W038044,1,9,0,18,0,2,0,0,0,0,3,1,6,1,76,11,1997,2,5,10,1
201443W038054,1,9,0,4,0,0,1,0,0,0,1,1,1,2,28,6,1598,1,12,10,1
201443W038054,2,9,0,4,0,0,0,0,0,0,2,1,6,2,48,8,1984,1,11,10,1
201443W038074,1,9,0,18,8,0,0,0,7,4,1,1,6,2,24,5,1598,1,5,8,3
201443W038094,1,9,0,13,0,1,0,0,0,0,1,1,6,1,65,9,5000,1,4,6,1
201443W038094,2,19,0,9,0,1,0,0,1,10,2,1,6,1,59,9,1868,2,15,7,1
201443W038094,3,9,0,18,0,1,0,0,0,0,0,1,6,3,-1,-1,-1,-1,-1,-1,-1
201443W039034,1,9,0,12,0,4,0,0,0,0,0,1,6,1,23,5,1956,2,-1,-1,-1
201443W039034,2,9,0,18,0,8,0,0,0,0,0,1,6,1,36,7,1598,1,8,10,1
201443W039044,1,9,0,9,0,8,0,0,0,0,4,1,6,1,61,9,2698,2,6,2,1
201443W039044,2,3,0,18,0,1,1,0,0,0,1,1,6,1,21,5,124,1,1,8,1
201443W039054,1,9,0,18,0,0,1,4,0,0,1,1,1,2,50,8,998,1,2,2,1
201443W039054,2,9,0,2,0,0,0,0,0,0,2,1,6,3,-1,-1,1587,1,7,-1,-1
201443W039074,1,9,0,4,0,8,0,0,0,0,1,1,6,1,19,4,1390,1,16,10,1
201443W039074,2,9,0,9,0,8,0,0,0,0,3,1,6,2,22,5,1560,2,1,6,1
201443W039094,1,9,0,4,0,1,0,0,0,0,1,1,6,2,20,4,-1,-1,-1,-1,-1
201443W039094,2,9,0,3,0,1,0,0,0,0,2,1,1,1,37,7,2000,1,10,9,1
201443W040024,1,9,0,4,0,1,0,0,0,0,1,1,2,2,26,6,1598,1,15,9,2
201443W040024,2,9,0,4,0,1,0,0,0,0,2,1,2,1,32,6,1798,1,11,10,1
201443W040064,1,9,0,18,0,0,1,0,1,1,4,1,2,2,40,7,1229,1,7,4,1
201443W040094,1,5,0,16,0,0,1,0,4,10,1,1,6,1,38,7,599,1,7,2,1