Accident_Index,Vehicle_Reference,Vehicle_Type,Towing_and_Articulation,Vehicle_Manoeuvre,Vehicle_Location-Restricted_Lane,Junction_Location,Skidding_and_Overturning,Hit_Object_in_Carriageway,Vehicle_Leaving_Carriageway,Hit_Object_off_Carriageway,1st_Point_of_Impact,Was_Vehicle_Left_Hand_Drive?,Journey_Purpose_of_Driver,Sex_of_Driver,Age_of_Driver,Age_Band_of_Driver,Engine_Capacity_(CC),Propulsion_Code,Age_of_Vehicle,Driver_IMD_Decile,Driver_Home_Area_Type
201443W040104,1,9,0,18,0,8,1,0,0,0,1,1,1,1,28,6,1248,2,3,-1,-1
201443W040104,2,9,0,9,0,8,0,0,0,0,3,1,6,2,64,9,1329,1,5,-1,1
201443W040114,1,9,0,18,0,4,0,0,0,0,1,1,2,1,25,5,1956,2,4,3,1
201443W040114,2,1,0,9,0,8,0,0,0,0,4,1,6,1,27,6,-1,-1,-1,8,1
201443W041044,1,9,0,18,0,0,0,0,4,6,4,1,6,2,43,7,1997,2,7,-1,1
201443W041044,2,21,1,18,0,0,0,0,0,0,3,1,1,1,38,7,15607,2,5,-1,-1
201443W041044,3,9,0,18,0,0,0,0,4,6,1,1,6,2,48,8,2967,2,3,10,1
201443W041054,1,9,0,4,0,2,0,0,0,0,1,1,6,2,35,6,-1,-1,-1,-1,-1
201443W041054,2,9,0,3,0,2,0,0,0,0,2,1,2,2,52,8,1124,1,13,5,1
201443W041124,1,9,0,7,0,8,0,0,0,0,4,1,2,2,35,6,1598,1,7,6,1
201443W041124,2,1,0,18,0,8,0,0,0,0,1,1,6,2,61,9,-1,-1,-1,4,1
201443W042044,1,19,0,5,8,0,0,0,0,0,1,1,1,1,28,6,2143,2,4,-1,-1
201443W042044,2,9,0,18,0,0,0,7,7,1,4,1,1,2,20,4,1598,1,13,4,1
201443W042084,1,21,1,18,0,0,1,0,1,0,1,1,1,1,63,9,12900,2,6,-1,1
201443W042084,2,9,0,18,0,0,1,0,1,0,4,1,6,1,48,8,1299,1,12,9,3
201443W042104,1,21,0,18,0,0,0,0,0,0,1,1,6,1,36,7,6370,2,9,-1,2
201443W042104,2,9,0,4,0,0,0,0,0,0,2,1,6,2,58,9,1796,1,11,7,1
201443W042104,3,9,0,4,0,0,0,0,0,0,2,1,6,1,46,8,1910,2,8,8,1
201443W042104,4,9,0,4,0,0,0,0,0,0,2,1,6,1,45,7,998,1,18,10,3
201443W042104,5,9,0,4,0,0,0,0,0,0,1,1,6,2,25,5,1598,1,12,5,1
201443W043034,1,9,0,4,0,2,0,0,0,0,1,1,6,1,40,7,-1,-1,-1,-1,-1
201443W043034,2,3,0,3,0,2,0,0,0,0,2,1,2,1,33,6,124,1,13,8,1
201443W043064,1,9,0,18,9,6,0,0,0,0,2,1,2,1,18,4,1242,1,7,9,1
201443W043084,1,9,0,3,0,1,0,0,0,0,4,1,2,2,22,5,1299,1,7,3,1
201443W043084,2,1,0,4,0,1,0,0,0,0,1,1,6,1,40,7,-1,-1,-1,-1,-1
201443W043114,1,19,0,18,0,0,0,0,0,0,1,1,1,1,25,5,2287,2,6,9,1
201443W043114,2,9,0,4,0,0,0,0,0,0,2,1,1,2,48,8,1995,2,4,9,3
201443W043114,3,9,0,4,0,0,0,0,0,0,2,1,1,2,37,7,2000,2,9,8,2
201443W044034,1,9,0,5,0,4,0,0,0,0,3,1,6,1,80,11,1796,1,10,8,3
201443W044034,2,5,0,9,0,8,1,0,0,0,1,1,6,1,29,6,999,1,9,8,1
201443W045014,1,9,0,9,0,6,0,0,0,0,1,1,6,1,52,8,2499,2,11,4,1
201443W045014,2,1,0,18,0,8,0,0,0,0,1,1,6,1,44,7,-1,-1,-1,-1,-1
201443W045024,1,19,0,3,0,1,0,0,0,0,3,1,3,1,43,7,-1,-1,-1,8,1
201443W045024,2,1,0,13,0,1,0,0,0,0,4,1,6,1,52,8,-1,-1,-1,5,1
201443W045044,1,9,0,3,9,1,0,0,0,0,4,1,1,2,18,4,1328,1,11,10,2
201443W045044,2,1,0,18,9,1,0,0,0,0,1,1,6,1,5,1,-1,-1,-1,-1,-1
201443W045054,1,9,0,18,0,2,0,0,0,0,1,1,6,1,50,8,1994,1,16,7,3
201443W045054,2,9,0,18,0,2,0,0,0,0,2,1,6,1,44,7,-1,-1,-1,8,3
201443W045094,1,9,0,18,0,0,2,0,1,7,3,1,1,2,20,4,1229,1,-1,-1,-1
201443W045094,2,9,0,18,0,0,0,0,1,7,4,1,1,2,40,7,-1,-1,-1,8,1
201443W045124,1,9,0,18,0,0,0,0,0,0,0,1,6,3,-1,-1,999,1,-1,-1,-1
201443W046024,1,9,0,9,0,4,0,0,0,0,1,1,1,1,68,10,-1,-1,-1,2,1
201443W046024,2,1,0,18,0,8,0,0,0,0,4,1,2,2,48,8,-1,-1,-1,10,1
201443W046074,1,3,0,9,0,4,0,0,0,0,0,1,6,2,45,7,124,1,9,6,1
201443W046104,1,9,0,9,0,5,0,0,0,0,1,1,6,1,34,6,875,1,2,10,1
201443W046104,2,1,0,18,0,8,0,0,0,0,1,1,6,1,45,7,-1,-1,-1,10,1
201443W046114,1,9,0,18,0,0,0,0,0,0,4,1,6,3,-1,-1,-1,-1,-1,-1,-1
201443W046114,2,1,0,18,0,0,0,0,0,0,3,1,6,2,52,8,-1,-1,-1,10,1
201443W047034,1,9,0,11,0,8,0,0,0,0,4,1,2,1,25,5,-1,-1,-1,9,3
201443W047034,2,3,0,18,0,8,0,0,0,0,3,1,6,1,18,4,125,1,1,8,3
201443W047044,1,9,0,18,0,0,0,4,7,0,1,1,6,1,53,8,1598,1,13,10,1
201443W047044,2,9,0,2,0,0,0,0,0,0,3,1,6,3,70,10,1796,1,9,6,1
201443W047044,3,9,0,2,0,0,0,0,7,0,3,1,6,3,35,6,-1,-1,-1,6,1
201443W047054,1,9,0,18,0,4,0,0,0,0,1,1,2,1,39,7,-1,-1,-1,8,3
201443W047054,2,9,0,6,0,3,0,0,0,0,3,1,3,1,44,7,1998,1,7,3,1
201443W047064,1,19,0,18,0,0,0,0,0,0,1,1,6,3,-1,-1,-1,-1,-1,-1,-1
201443W047064,2,9,0,18,0,0,0,0,1,0,2,1,6,2,63,9,1598,2,2,2,1
201443W047114,1,9,0,18,0,0,0,0,0,0,1,1,6,1,-1,-1,-1,-1,-1,-1,-1
201443W047114,2,1,0,9,0,0,0,0,0,0,4,1,6,1,27,6,-1,-1,-1,6,1
201443W048014,1,9,0,18,0,4,0,0,0,0,1,1,6,1,49,8,2143,2,-1,9,3
201443W048014,2,9,0,9,0,8,0,0,0,0,4,1,6,2,47,8,1951,2,10,8,3
201443W048044,1,9,0,18,0,2,0,0,0,0,1,1,1,1,35,6,4398,6,18,5,1
201443W048044,2,9,0,3,0,2,0,0,0,0,2,1,1,2,30,6,1197,1,-1,9,1
201443W049014,1,9,0,11,0,2,0,0,0,6,4,1,1,1,37,7,-1,-1,-1,4,1
201443W049014,2,9,0,15,0,2,0,0,0,6,3,1,6,1,30,6,899,1,1,8,1
201443W049034,1,9,0,18,0,0,0,0,0,0,4,1,6,1,30,6,1995,2,3,7,3
201443W049034,2,9,0,18,0,0,1,0,0,0,3,1,6,1,53,8,1560,2,1,7,3
201443W049104,1,9,0,4,0,8,0,0,0,0,1,1,6,1,20,4,2000,2,9,-1,-1
201443W049104,2,9,0,3,0,8,0,0,0,0,2,1,6,1,25,5,2204,2,8,2,1
201443W050104,1,9,0,9,0,8,0,0,7,10,4,1,3,1,49,8,2494,1,14,3,1
201443W050104,2,11,0,18,0,8,0,0,0,0,3,1,1,1,64,9,9000,5,-1,8,1
201443W050114,1,9,0,18,0,0,0,0,0,0,1,1,1,1,69,10,2987,2,6,10,1
201443W050124,1,3,0,13,0,8,0,0,0,0,1,1,1,1,20,4,125,1,4,5,1
201443W050124,2,21,0,9,0,5,0,0,0,0,2,1,1,1,69,10,6370,2,7,9,1
201443W051024,1,9,0,18,0,7,1,0,1,2,1,1,2,1,40,7,1598,1,7,-1,1
201443W051104,1,21,0,18,0,0,0,0,0,0,1,1,1,1,49,8,6692,2,6,10,1
201443W051104,2,9,0,11,0,0,0,0,0,0,2,1,2,2,30,6,1229,1,3,9,1
201443W051104,3,9,0,18,0,0,0,0,0,0,2,1,2,2,42,7,2204,2,6,10,3
201443W051114,1,9,0,18,0,0,0,0,0,0,1,1,6,2,-1,-1,-1,-1,-1,-1,-1
201443W052024,1,9,0,18,0,3,5,0,1,9,1,1,6,2,66,10,2295,1,10,10,1
201443W052084,1,9,0,12,0,0,0,0,0,0,3,1,6,3,-1,-1,-1,-1,-1,-1,-1
201443W052084,2,9,0,18,0,0,0,0,0,0,4,1,6,2,51,8,1997,1,-1,10,1
201443W052114,1,9,0,9,0,6,0,0,0,0,4,1,6,2,-1,-1,1461,2,-1,-1,-1
201443W052114,2,9,0,10,0,1,0,0,0,0,1,1,6,2,23,5,1124,1,12,4,1
201443W052114,3,9,0,18,0,8,0,0,0,0,3,1,6,2,-1,-1,1329,1,3,-1,-1
201443W052124,1,9,0,18,0,0,0,0,1,0,1,1,6,2,82,11,1781,1,17,10,2
201443W052124,2,9,0,18,0,0,0,0,0,0,1,1,3,2,71,10,1598,1,11,10,1
201443W053044,1,9,0,18,0,0,0,4,0,0,1,1,6,2,46,8,1560,2,-1,-1,-1
201443W053044,2,9,0,2,0,0,0,0,0,0,1,1,6,3,-1,-1,1229,1,6,-1,-1
201443W053074,1,9,0,18,0,0,0,0,0,0,3,1,6,1,50,8,1360,1,2,3,1
201443W053074,2,1,0,18,0,0,1,0,0,0,3,1,6,1,7,2,-1,-1,-1,3,1
201443W053094,1,9,0,18,0,1,0,0,0,0,1,1,6,2,80,11,-1,-1,-1,-1,-1
201443W053124,1,9,0,13,0,0,0,0,0,0,4,1,6,1,-1,-1,1240,1,11,-1,-1
201443W053124,2,1,0,18,0,0,0,0,0,0,3,1,6,1,35,6,-1,-1,-1,4,1
201443W054014,1,9,0,4,0,4,0,0,0,0,1,1,6,1,43,7,2793,1,14,9,1
201443W054014,2,9,0,4,0,4,0,0,0,0,2,1,6,1,30,6,1560,2,4,10,1
201443W054034,1,9,0,4,0,1,0,0,0,0,1,1,6,1,40,7,1242,1,17,2,1
201443W054034,2,9,0,3,0,1,0,0,0,0,2,1,6,1,55,8,3600,1,23,10,3
201443W054054,1,1,0,9,0,0,0,0,0,0,1,1,6,1,20,4,-1,-1,-1,10,1
201443W054054,2,9,0,18,0,0,0,0,0,0,3,1,6,1,80,11,1995,2,6,8,1
201443W054074,1,9,0,18,0,8,0,0,0,0,1,1,6,3,-1,-1,-1,-1,-1,-1,-1
201443W054074,2,1,0,18,0,8,0,0,0,0,2,1,6,1,39,7,-1,-1,-1,4,1
201443W054084,1,9,0,18,0,8,0,0,0,0,3,1,6,3,-1,-1,1596,1,8,7,1
201443W054084,2,9,0,18,0,3,0,0,0,0,1,1,6,2,37,7,1296,1,7,6,1
201443W054124,1,19,0,18,0,0,0,0,0,0,4,1,6,3,-1,-1,-1,-1,-1,-1,-1
201443W055014,1,98,0,18,0,0,0,0,0,0,1,1,1,1,-1,-1,9200,2,5,-1,-1
201443W055014,2,9,0,3,0,0,0,0,0,0,2,1,6,2,24,5,1086,1,7,2,1
201443W055024,1,9,0,18,0,0,0,0,0,0,1,1,6,2,47,8,1769,1,12,10,2
201443W055024,2,9,0,3,0,0,0,0,0,0,2,1,6,1,25,5,1598,1,10,10,3
201443W055024,3,8,0,10,0,0,0,0,0,0,2,1,1,1,26,6,2148,2,6,4,1
201443W055034,1,9,0,4,0,1,0,0,0,0,1,1,6,2,57,9,1242,1,13,10,1
201443W055034,2,9,0,3,0,1,0,0,0,0,2,1,6,2,43,7,2401,2,7,10,3
201443W055084,1,9,0,18,0,0,0,0,0,0,4,1,6,3,-1,-1,-1,-1,-1,-1,-1
201443W055114,1,19,0,18,0,0,0,0,0,0,4,1,6,3,-1,-1,-1,-1,-1,-1,-1
201443W055124,1,11,0,18,2,0,0,0,0,0,1,1,1,1,41,7,9600,2,15,6,1
201443W056034,1,9,0,18,0,0,1,0,4,7,4,1,6,1,19,4,1398,1,1,5,1
201443W056034,2,9,0,12,0,0,0,0,0,0,0,1,6,1,19,4,1149,1,2,-1,-1
201443W056044,1,9,0,7,0,8,0,0,0,0,0,1,6,1,82,11,1360,1,15,10,1
201443W056044,2,9,0,9,0,8,0,0,0,0,0,1,6,2,58,9,3956,1,14,10,2
201443W056054,1,9,0,18,0,4,0,0,0,0,1,1,6,2,65,9,1399,2,5,10,1
201443W056054,2,1,0,18,0,4,0,0,0,0,2,1,6,1,34,6,-1,-1,-1,9,1
201443W056104,1,9,0,9,0,8,0,0,0,0,1,1,6,1,55,8,-1,-1,-1,-1,-1
201443W056104,2,1,0,18,0,8,1,0,0,0,4,1,1,1,45,7,-1,-1,-1,5,1
201443W057014,1,9,0,9,0,4,0,0,0,0,1,1,2,1,23,5,-1,-1,-1,5,1
201443W057014,2,9,0,10,0,4,0,0,0,0,2,1,2,1,41,7,-1,-1,-1,2,1
201443W057054,1,19,0,7,0,1,0,0,0,0,4,1,6,3,-1,-1,-1,-1,-1,-1,-1
201443W057054,2,11,0,18,2,1,0,0,0,0,1,1,1,1,27,6,4500,2,3,2,1
201443W057084,1,9,0,18,0,0,1,0,0,0,1,1,6,1,82,11,2198,1,8,5,1
201443W057084,2,9,0,18,0,0,0,0,0,0,2,1,6,1,43,7,1587,1,9,5,1
201443W057114,1,9,0,9,0,5,0,0,0,0,1,1,6,2,85,11,1390,1,10,10,2
201443W057114,2,19,0,18,0,8,0,0,1,0,1,1,6,1,51,8,1995,2,2,9,1
201443W058024,1,9,0,18,0,1,0,0,0,0,1,1,6,1,21,5,973,1,11,2,1
201443W058024,2,9,0,18,0,1,0,0,0,0,2,1,6,1,26,6,2967,1,15,3,1
201443W058044,1,9,0,18,0,8,0,0,0,0,1,1,6,2,54,8,1998,1,11,10,3
201443W058044,2,9,4,9,0,6,0,0,0,0,3,1,6,1,47,8,3628,2,6,7,1
201443W058054,1,2,0,18,0,1,0,0,0,0,1,1,4,1,16,4,49,1,7,7,3
201443W058054,2,9,0,18,0,1,0,0,0,0,2,1,6,1,36,7,1390,1,5,9,1
201443W058074,1,9,0,18,0,0,1,0,1,0,0,1,6,1,28,6,-1,-1,-1,6,1
201443W058074,2,9,0,12,0,0,0,0,0,0,0,1,6,3,-1,-1,-1,-1,-1,-1,-1
201443W058084,1,9,0,18,0,8,0,0,0,0,4,1,6,1,43,7,1360,1,14,10,1
201443W058084,2,1,0,18,0,8,0,0,0,0,3,1,6,1,81,11,-1,-1,-1,3,1
201443W058114,1,9,0,18,0,1,0,0,0,0,1,1,1,1,72,10,-1,-1,-1,8,1
201443W058114,2,1,0,10,0,1,0,0,0,0,2,1,2,2,40,7,-1,-1,-1,2,1
201443W058124,1,9,0,18,0,0,0,0,0,0,4,1,6,1,50,8,4198,1,11,9,3
201443W060014,1,9,0,18,0,0,0,0,0,0,4,1,6,3,-1,-1,-1,-1,-1,-1,-1
201443W060024,1,9,0,18,0,1,0,0,0,0,4,1,6,2,35,6,1248,2,1,-1,-1
201443W060024,2,9,0,5,0,1,0,0,0,0,3,1,6,2,25,5,1598,1,6,-1,-1
201443W060054,1,9,0,18,0,0,0,0,1,7,1,1,6,1,24,5,998,1,14,9,3
201443W060064,1,9,0,18,0,1,0,0,0,0,1,1,1,1,50,8,-1,-1,-1,-1,-1
201443W060074,1,9,0,18,0,1,0,0,0,0,1,1,6,1,18,4,1596,1,8,10,1
201443W060074,2,9,0,8,0,1,0,0,0,0,2,1,6,2,31,6,2000,2,9,7,1
201443W060084,1,9,0,18,0,0,0,0,0,0,1,1,2,1,32,6,1600,1,12,4,1
201443W060104,1,9,0,18,0,4,0,0,0,0,3,1,3,2,39,7,2435,1,14,9,2
201443W060104,2,1,0,9,0,4,0,0,0,0,4,1,6,1,39,7,-1,-1,-1,6,1
201443W061024,1,9,0,7,0,6,0,0,0,0,3,1,6,2,21,5,1299,1,10,10,1
201443W061024,2,9,0,18,0,1,0,0,0,0,1,1,6,2,20,4,998,1,14,8,2
201443W061064,1,11,0,4,0,1,0,0,0,0,1,1,1,1,44,7,-1,-1,-1,-1,1
201443W061064,2,11,0,4,0,1,0,0,0,0,2,1,1,1,28,6,10900,2,12,-1,1
201443W061074,1,9,0,7,0,2,0,0,0,0,1,1,6,2,33,6,1598,1,14,8,1
201443W061074,2,9,0,4,0,1,0,0,0,0,1,2,6,1,60,9,-1,-1,-1,-1,-1
201443W061104,1,9,0,18,0,1,1,0,0,0,1,1,6,1,18,4,1598,1,9,10,1
201443W061104,2,9,0,4,0,1,0,0,0,0,2,1,6,2,22,5,1199,1,12,10,1
201443W062024,1,9,0,18,0,1,0,0,1,4,1,1,6,1,38,7,-1,-1,-1,10,1
201443W062034,1,9,0,18,0,1,0,0,0,0,1,1,6,1,40,7,2967,1,12,-1,-1
201443W062034,2,9,0,18,0,1,0,0,0,0,3,1,6,2,21,5,-1,-1,-1,9,1
201443W062064,1,3,0,13,0,0,0,0,7,10,1,1,2,1,21,5,124,1,4,7,1
201443W062074,1,9,0,9,0,8,0,0,0,0,1,1,2,2,21,5,1242,1,1,7,3
201443W062074,2,9,0,18,0,8,2,0,1,0,4,1,2,2,25,5,1799,1,5,7,3
201443W062094,1,11,0,9,0,8,0,0,0,0,3,1,1,1,32,6,6700,2,2,6,3
201443W062094,2,1,0,17,0,8,0,0,0,0,1,1,6,1,43,7,-1,-1,-1,9,1
201443W062114,1,9,0,18,0,0,0,0,0,0,1,1,6,2,66,10,2494,1,10,10,1
201443W063014,1,9,0,18,0,0,1,0,5,6,3,1,6,1,61,9,-1,-1,-1,9,1
201443W063014,2,9,0,18,0,0,0,0,0,0,1,1,6,1,53,8,2993,2,8,10,3
201443W063064,1,1,0,14,0,1,0,0,0,0,1,1,2,1,49,8,-1,-1,-1,8,1
201443W063064,2,9,0,9,0,8,0,0,0,0,3,1,2,1,59,9,-1,-1,-1,10,1
201443W064044,1,19,0,17,0,3,0,0,1,9,1,1,6,1,77,11,1968,2,2,10,1
201443W064064,1,9,0,9,0,8,0,0,0,0,1,1,6,1,23,5,-1,-1,-1,10,1
201443W064064,2,9,0,18,0,8,0,0,0,0,1,1,6,1,27,6,1956,2,2,7,2
201443W065024,1,5,0,18,0,8,0,0,0,0,1,1,6,1,32,6,781,1,13,10,1
201443W065024,2,1,0,18,0,6,0,0,0,0,3,1,6,1,27,6,-1,-1,-1,4,1
201443W065044,1,4,0,18,0,1,0,0,0,0,1,1,6,1,21,5,-1,-1,-1,7,3
201443W065044,2,9,0,4,0,1,0,0,0,0,2,1,6,1,32,6,1587,1,7,5,1
201443W065054,1,19,0,13,0,8,0,0,0,0,0,1,6,1,40,7,1560,2,1,9,2
201443W065054,2,1,0,18,0,8,0,0,1,0,4,1,6,1,40,7,-1,-1,-1,10,1
201443W065064,1,9,0,18,0,0,1,0,4,6,1,1,6,1,80,11,1389,1,17,8,1
201443W065084,1,21,1,18,0,0,1,0,0,0,1,1,1,1,46,8,-1,-1,-1,-1,-1
201443W065084,2,9,0,18,0,0,0,0,0,0,2,1,6,1,43,7,1461,2,7,-1,1
201443W065104,1,9,0,18,0,5,0,0,8,7,1,1,6,1,32,6,1596,1,10,-1,1
201443W066064,1,9,0,17,0,1,1,0,1,4,1,1,6,1,24,5,1299,1,10,3,1
201443W066084,1,9,0,16,0,0,0,0,2,4,1,1,6,2,22,5,1598,1,11,10,3
201443W067044,1,1,0,18,0,0,0,0,0,0,1,1,6,1,65,9,-1,-1,-1,-1,-1
201443W067044,2,11,0,18,0,0,0,0,0,0,1,1,1,1,64,9,9000,5,1,-1,-1
201443W067104,1,9,0,9,0,8,0,0,0,0,4,1,6,2,50,8,2179,2,7,10,3
201443W067104,2,9,0,18,0,8,0,0,0,0,1,1,6,1,43,7,1598,1,1,6,1
201443W067114,1,9,0,18,0,0,5,0,7,10,1,1,6,2,35,6,1998,1,20,8,1
201443W068064,1,9,0,18,0,0,0,0,0,7,4,1,6,1,20,4,1560,2,7,6,1
201443W068064,2,19,0,18,0,0,0,0,0,6,3,1,6,1,42,7,-1,-1,-1,-1,1
201443W069034,1,9,0,18,0,4,0,0,0,0,1,1,6,2,88,11,1598,1,10,9,3
201443W069034,2,9,0,9,0,8,0,0,0,0,1,1,6,1,52,8,1997,2,2,10,3
201443W069064,1,9,0,18,0,8,0,0,0,0,1,1,6,2,30,6,1591,1,4,4,1
201443W069064,2,1,0,9,0,8,0,0,0,0,1,1,6,2,47,8,-1,-1,-1,3,1
201443W069094,1,5,0,18,0,0,0,0,1,11,1,1,6,1,26,6,599,1,8,7,1
201443W069104,1,9,0,5,0,8,0,0,0,0,1,1,6,1,92,11,1598,1,3,10,1
201443W069104,2,1,0,18,0,8,0,0,0,0,3,1,6,1,39,7,-1,-1,-1,10,1
201443W070014,1,20,0,18,0,0,0,0,0,0,1,1,1,1,33,6,2402,2,9,8,1
201443W070034,1,9,0,5,0,4,0,0,0,0,3,1,6,1,73,10,1797,8,4,2,1
201443W070034,2,5,0,9,0,8,0,0,0,0,1,1,6,1,44,7,599,1,6,5,1
201443W070054,1,9,0,14,0,0,0,0,0,0,3,1,6,1,28,6,2499,1,9,2,1
201443W070054,2,1,0,13,0,0,0,0,0,0,4,1,6,1,59,9,-1,-1,-1,10,1
201443W070054,3,11,0,3,0,0,0,0,0,0,0,1,1,3,-1,-1,-1,-1,-1,-1,-1
201443W070064,1,21,1,18,0,0,0,0,0,0,1,2,1,1,39,7,-1,-1,-1,-1,-1
201443W070064,2,9,0,18,0,0,0,0,0,0,2,1,6,1,65,9,1598,2,3,7,1
201443W070094,1,1,0,9,0,6,0,0,0,0,4,1,6,1,14,3,-1,-1,-1,2,1
201443W070094,2,9,0,16,0,8,0,0,0,0,1,1,6,2,33,6,1560,2,8,2,1
201443W071054,1,9,0,18,0,6,0,0,0,0,3,1,6,1,79,11,1396,1,2,7,3
201443W071054,2,5,0,18,0,8,0,0,0,0,4,1,1,1,56,9,1171,1,9,9,1
201443W071064,1,9,0,9,0,3,0,0,1,11,1,1,6,2,55,8,1591,1,4,10,1
201443W071074,1,9,0,16,0,0,1,0,1,7,1,1,6,2,17,4,998,1,8,10,1
201443W071094,1,9,0,18,0,0,0,0,0,0,1,1,1,2,49,8,1984,1,13,10,1
201443W072054,1,9,0,5,0,1,0,0,0,0,1,1,6,1,-1,-1,-1,-1,-1,-1,-1
201443W072054,2,9,0,3,0,1,0,0,0,0,2,1,1,2,20,4,1997,2,9,10,1
201443W072064,1,9,0,6,0,1,0,0,0,0,1,1,6,3,-1,-1,-1,-1,-1,-1,-1
201443W073054,1,9,0,18,0,0,0,0,0,0,1,1,6,1,-1,-1,1229,1,3,-1,-1
201443W073054,2,9,0,3,0,0,0,0,0,0,2,1,6,2,42,7,1796,1,12,4,1
201443W073094,1,9,0,18,0,2,0,0,0,0,1,1,2,1,46,8,2993,2,4,7,1
201443W073094,2,9,0,18,0,1,0,0,1,11,1,1,2,2,30,6,1598,1,4,10,1
201443W073104,1,1,0,18,0,0,0,0,0,0,1,1,6,1,-1,-1,-1,-1,-1,-1,-1
201443W074014,1,9,0,3,0,1,0,0,0,0,2,1,2,2,28,6,1364,1,8,10,1
201443W074014,2,9,0,3,0,1,0,0,0,0,2,1,2,1,60,9,1910,2,5,-1,-1
201443W074014,3,19,0,4,0,1,0,0,0,0,1,1,2,1,55,8,1995,2,2,9,3
201443W075014,1,9,0,18,0,4,0,0,0,0,4,1,2,2,57,9,1596,1,9,9,1
201443W075014,2,1,0,18,0,4,0,0,0,0,3,1,2,1,55,8,-1,-1,-1,9,1
201443W075084,1,9,0,4,0,1,1,0,0,0,1,1,2,2,21,5,1995,2,8,10,1
201443W075084,2,9,0,3,0,1,0,0,0,0,2,1,2,1,27,6,1396,1,16,4,1
201443W075104,1,9,0,18,0,0,0,0,0,0,1,1,6,3,-1,-1,1149,1,13,-1,-1
201443W075104,2,9,0,18,0,0,0,0,0,0,2,1,6,2,46,8,-1,-1,-1,9,1
201443W075114,1,9,0,9,0,8,0,0,0,0,4,1,1,1,45,7,1998,1,12,10,1
201443W075114,2,4,0,16,0,8,1,0,0,0,1,1,1,1,24,5,125,1,8,9,3
201443W075124,1,9,0,18,0,8,0,0,0,0,0,1,6,3,-1,-1,-1,-1,-1,-1,-1
201443W075124,2,9,0,18,0,8,0,0,0,0,2,1,6,1,-1,-1,1198,1,1,-1,-1
201443W075124,3,9,0,9,0,8,0,0,0,0,1,1,6,2,60,9,1997,2,12,-1,-1
201443W076014,1,9,0,7,0,8,0,0,0,0,1,1,1,2,30,6,1399,1,8,4,1
201443W076014,2,9,0,18,0,8,0,0,0,0,4,1,6,2,52,8,1598,1,9,4,1
201443W076024,1,11,0,18,2,3,0,10,1,0,1,1,1,1,67,10,7300,2,9,9,2
201443W076024,2,11,0,18,2,3,0,0,0,0,1,1,1,1,58,9,9000,2,6,10,1
201443W076094,1,19,0,18,0,0,5,0,1,0,1,1,2,1,22,5,1686,2,10,9,2
201443W076114,1,9,0,18,0,0,0,0,0,0,1,1,6,2,78,11,-1,-1,-1,10,1
201443W076114,2,9,0,2,0,0,0,0,0,0,1,1,6,2,54,8,-1,-1,-1,10,1
201443W077024,1,9,0,18,0,1,0,0,0,0,1,1,6,2,60,9,-1,-1,-1,10,1
201443W077034,1,9,0,18,0,3,0,0,0,0,3,1,6,1,40,7,-1,-1,-1,-1,-1
201443W077044,1,1,0,4,0,0,0,0,0,0,2,1,6,1,43,7,-1,-1,-1,9,1
201443W077044,2,1,0,4,0,0,0,0,0,0,1,1,6,1,43,7,-1,-1,-1,10,1
201443W077054,1,9,0,5,0,0,0,0,0,0,3,1,6,2,38,7,1991,2,3,4,1
201443W077114,1,3,0,4,0,0,1,0,0,0,0,1,2,1,35,6,124,1,6,10,1
201443W078034,1,8,0,18,2,0,0,0,0,0,1,1,6,1,40,7,2148,2,9,6,1
201443W078064,1,1,0,9,0,2,0,0,0,0,1,1,2,2,36,7,-1,-1,-1,4,1
201443W078064,2,19,0,9,0,2,0,0,0,0,3,1,2,1,32,6,1910,2,10,8,3
201443W078094,1,9,0,6,0,6,0,0,0,0,3,1,1,1,55,8,-1,-1,-1,4,1
201443W078094,2,9,0,18,0,8,0,0,0,0,1,1,6,1,26,6,-1,-1,-1,4,1
201443W078114,1,9,0,16,0,1,0,0,0,0,3,1,6,1,27,6,2143,2,1,10,2
201443W078114,2,9,0,17,0,2,0,0,0,0,3,1,6,1,48,8,1598,2,3,2,1
201443W078124,1,21,1,7,0,5,0,0,0,0,1,1,1,1,64,9,9200,2,3,-1,-1
201443W079024,1,19,0,18,0,1,0,0,0,0,1,1,6,1,49,8,1995,2,3,8,3
201443W079024,2,9,0,18,0,1,0,0,0,0,2,1,6,1,74,10,2664,2,13,8,3
201443W079034,1,19,0,17,0,0,5,0,2,10,4,1,6,1,23,5,1753,2,5,8,1
201443W079054,1,9,0,4,0,0,0,0,0,0,1,1,6,2,32,6,1299,1,6,9,1
201443W079054,2,9,0,18,0,0,0,12,0,0,1,1,6,2,38,7,1968,2,9,9,1
201443W079064,1,9,0,9,0,8,0,0,0,0,1,1,1,1,29,6,1896,2,11,-1,1
201443W079064,2,1,0,18,0,8,0,0,0,0,3,1,2,1,44,7,-1,-1,-1,5,1
201443W079094,1,5,0,18,0,8,0,0,7,0,3,1,1,1,47,8,1441,1,2,9,1
201443W079094,2,9,0,18,0,8,0,0,0,0,3,1,1,1,33,6,2143,2,4,9,1