Accident_Index,Vehicle_Reference,Vehicle_Type,Towing_and_Articulation,Vehicle_Manoeuvre,Vehicle_Location-Restricted_Lane,Junction_Location,Skidding_and_Overturning,Hit_Object_in_Carriageway,Vehicle_Leaving_Carriageway,Hit_Object_off_Carriageway,1st_Point_of_Impact,Was_Vehicle_Left_Hand_Drive?,Journey_Purpose_of_Driver,Sex_of_Driver,Age_of_Driver,Age_Band_of_Driver,Engine_Capacity_(CC),Propulsion_Code,Age_of_Vehicle,Driver_IMD_Decile,Driver_Home_Area_Type
201443W079114,1,9,0,18,0,0,0,0,4,6,1,1,2,1,32,6,1388,1,7,-1,-1
201443W079114,2,9,0,4,0,0,0,0,4,6,2,1,2,2,24,5,-1,-1,-1,-1,-1
201443W079114,3,9,0,4,0,0,0,0,0,0,2,1,2,1,51,8,2987,2,-1,-1,-1
201443W080034,1,9,0,7,9,6,0,0,0,0,3,1,6,1,25,5,-1,-1,-1,-1,-1
201443W080034,2,1,0,18,0,1,0,0,0,0,4,1,6,1,19,4,-1,-1,-1,4,1
201443W080084,1,9,0,18,0,0,1,0,1,4,1,1,2,1,32,6,1995,2,6,-1,1
201443W080094,1,9,0,7,0,5,0,0,0,0,4,1,6,2,38,7,-1,-1,-1,10,2
201443W080094,2,1,0,18,0,8,0,0,0,0,1,1,6,1,34,6,-1,-1,-1,10,1
201443W081024,1,9,0,5,0,0,0,0,0,0,1,1,6,1,-1,-1,-1,-1,-1,-1,-1
201443W081034,1,9,0,12,0,0,1,0,5,7,1,1,3,2,40,7,1995,2,-1,2,1
201443W081064,1,9,0,9,0,8,0,0,0,0,1,1,6,1,-1,-1,1398,1,1,-1,-1
201443W081064,2,1,0,18,0,8,0,0,0,0,1,1,1,2,42,7,-1,-1,-1,4,1
201443W082024,1,9,0,18,0,0,0,0,0,0,3,1,6,1,-1,-1,-1,-1,-1,-1,-1
201443W082094,1,11,0,5,2,1,0,0,0,0,3,1,1,1,-1,-1,-1,-1,-1,-1,-1
201443W082094,2,1,0,18,2,1,0,0,0,0,4,1,6,1,50,8,-1,-1,-1,-1,1
201443W082114,1,9,0,9,0,8,0,0,0,0,1,1,6,1,59,9,1968,2,-1,10,1
201443W082114,2,1,0,13,0,8,0,0,0,0,3,1,2,1,24,5,-1,-1,-1,10,1
201443W083024,1,9,0,11,0,0,0,4,0,0,1,1,6,1,23,5,1560,2,2,7,1
201443W083024,2,9,0,2,0,0,0,0,0,0,2,1,6,2,33,6,599,1,12,3,1
201443W083094,1,1,0,18,0,2,0,0,0,0,1,1,6,1,9,2,-1,-1,-1,7,1
201443W083094,2,9,0,18,0,1,0,0,0,0,4,1,6,2,59,9,-1,-1,-1,10,2
201443W083124,1,9,0,13,0,0,2,7,0,0,1,1,6,1,17,4,1198,1,11,-1,-1
201443W083124,2,9,0,15,0,0,0,0,0,0,0,1,6,1,17,4,1229,1,9,9,1
201443W084024,1,9,0,18,0,1,0,0,0,0,1,1,6,2,69,10,1390,1,9,6,1
201443W084024,2,9,0,3,0,1,0,0,0,0,2,1,1,1,40,7,1968,2,1,4,1
201443W084074,1,9,0,18,0,0,0,0,0,0,1,1,2,2,27,6,1596,1,21,10,1
201443W084074,2,9,0,18,0,0,0,0,1,0,1,2,1,1,56,9,2982,2,1,-1,2
201443W084104,1,8,0,18,0,1,0,0,0,0,1,1,1,1,36,7,1968,2,6,-1,1
201443W084104,2,9,0,18,0,1,0,0,0,0,2,1,6,1,35,6,1995,2,8,3,1
201443W085014,1,9,0,7,0,6,0,0,0,0,1,1,6,1,27,6,-1,-1,-1,5,1
201443W085014,2,5,0,18,2,8,0,0,0,0,4,1,6,1,42,7,999,1,13,9,3
201443W085054,1,1,0,18,4,0,0,0,0,0,1,1,6,1,65,9,-1,-1,-1,10,1
201443W085054,2,9,0,2,4,0,0,0,0,0,2,1,6,3,-1,-1,-1,-1,-1,-1,-1
201443W085064,1,1,0,18,0,8,0,0,0,0,3,1,6,1,35,6,-1,-1,-1,2,1
201443W085064,2,9,0,18,0,8,0,0,0,0,1,1,6,1,63,9,1360,1,11,2,1
201443W085104,1,9,0,9,0,8,0,0,7,0,4,1,6,2,27,6,1968,2,4,10,1
201443W085104,2,9,0,18,0,8,0,0,0,0,1,1,2,1,36,7,1798,8,-1,8,3
201443W085124,1,9,0,9,0,8,0,0,1,10,1,1,6,1,82,11,1896,2,12,7,3
201443W086014,1,9,0,18,0,2,0,4,0,0,1,1,3,2,50,8,3199,1,15,10,1
201443W086014,2,9,0,2,0,2,0,4,0,0,2,1,3,3,33,6,1587,1,5,6,1
201443W086014,3,9,0,2,0,2,0,0,0,0,2,1,3,2,49,8,1364,1,7,10,1
201443W086074,1,9,0,18,0,0,0,0,0,0,1,1,6,1,26,6,1242,1,9,5,1
201443W086074,2,11,0,2,0,0,0,0,0,0,2,1,6,1,-1,-1,9400,2,9,9,3
201443W087104,1,20,0,9,0,5,0,0,0,0,4,1,1,1,28,6,2402,2,5,9,1
201443W087104,2,9,0,18,0,8,1,0,0,0,1,1,2,1,47,8,2000,1,18,7,2
201443W087124,1,9,0,18,0,0,1,0,0,0,1,1,6,1,75,10,-1,-1,-1,10,1
201443W087124,2,9,0,18,0,0,0,0,0,0,2,1,6,1,63,9,1988,2,7,10,1
201443W087124,3,9,0,18,0,0,0,0,0,0,2,1,6,1,64,9,2688,2,14,-1,-1
201443W088044,1,9,0,18,0,4,0,0,0,0,1,1,6,1,-1,-1,1560,2,6,3,1
201443W088044,2,9,0,18,0,4,0,0,0,0,2,1,1,1,42,7,1995,1,6,10,1
201443W089014,1,3,0,17,0,0,1,0,7,0,3,1,2,1,20,4,-1,-1,-1,8,3
201443W089024,1,9,0,18,0,0,0,0,0,0,1,1,6,2,30,6,1596,1,6,2,1
201443W089024,2,9,0,18,0,0,0,0,0,0,1,1,6,1,87,11,1997,2,15,8,2
201443W089044,1,9,0,9,0,3,0,7,0,0,1,1,6,2,40,7,1968,2,8,3,1
201443W089104,1,9,0,18,0,0,0,0,0,0,1,1,6,1,19,4,-1,-1,-1,5,1
201443W089114,1,9,0,9,0,1,0,0,0,0,1,1,6,1,-1,-1,-1,-1,-1,-1,-1
201443W090024,1,19,0,1,0,2,0,0,0,0,2,1,1,1,50,8,2198,2,6,10,3
201443W090034,1,9,0,18,0,0,0,0,0,0,1,1,6,1,20,4,1998,2,11,8,3
201443W090034,2,9,0,3,0,0,0,0,0,0,2,1,6,2,74,10,1197,1,1,7,3
201443W090034,3,9,0,3,0,0,0,0,0,0,2,1,6,2,25,5,1498,1,6,7,2
201443W090034,4,9,0,3,0,0,0,0,0,0,2,1,6,1,35,6,1612,1,2,10,1
201443W090054,1,9,0,18,0,0,0,0,4,6,1,1,6,1,81,11,1968,2,1,8,1
201443W090054,2,21,1,18,0,0,0,0,0,0,2,1,1,1,49,8,12777,2,3,9,1
201443W090064,1,21,4,2,0,0,0,0,0,0,3,1,1,1,34,6,11946,2,9,5,3
201443W090064,2,9,0,14,0,0,0,4,0,0,4,1,6,1,76,11,2521,1,9,10,1
201443W090074,1,9,0,9,0,5,0,0,0,0,0,1,6,1,56,9,-1,-1,-1,6,1
201443W090074,2,5,0,18,0,1,1,0,0,0,0,1,6,1,45,7,-1,-1,-1,9,1
201443W090084,1,90,0,18,0,6,0,0,0,0,1,1,6,1,12,3,-1,-1,-1,7,3
201443W090084,2,9,0,18,0,8,0,0,0,0,4,1,6,1,52,8,1364,1,1,-1,-1
201443W091014,1,9,0,18,0,6,0,0,0,0,1,1,6,1,53,8,1299,1,9,9,2
201443W091014,2,9,0,3,0,6,0,0,0,0,2,1,6,2,40,7,998,1,11,9,2
201443W091064,1,9,0,18,0,0,1,0,5,6,3,1,1,1,31,6,1686,2,-1,1,1
201443W091064,2,9,0,18,0,0,0,0,0,0,0,1,6,2,29,6,1560,2,1,9,2
201443W091084,1,9,0,13,0,1,0,0,7,0,4,1,6,1,47,8,1896,2,11,8,2
201443W091084,2,17,4,9,0,5,0,0,0,0,3,1,1,1,24,5,-1,2,4,8,3
201443W091124,1,9,0,18,0,0,0,0,0,0,1,1,6,2,47,8,1339,1,4,3,1
201443W092084,1,9,0,18,0,0,1,0,7,4,1,1,6,2,17,4,1390,1,10,10,1
201443W092094,1,19,0,9,0,1,0,0,0,0,4,1,6,1,26,6,2402,2,7,9,1
201443W092094,2,9,0,18,0,1,0,0,0,0,1,1,6,1,18,4,1150,1,10,6,3
201443W092094,3,9,0,18,0,1,0,0,0,0,1,1,6,3,-1,-1,3628,2,5,10,3
201443W092104,1,21,1,18,0,0,5,0,1,7,1,1,1,1,64,9,11967,2,-1,1,1
201443W092114,1,9,0,16,0,0,1,0,1,2,3,1,3,2,30,6,2198,1,8,9,3
201443W093034,1,21,0,3,0,0,0,0,0,0,4,1,1,1,51,8,6370,2,10,3,1
201443W093034,2,9,0,3,0,0,0,0,0,0,3,1,6,2,85,11,1390,1,10,9,1
201443W093034,3,11,0,14,0,0,0,0,0,0,2,1,1,1,-1,-1,4580,2,6,6,2
201443W093054,1,9,0,9,0,6,1,0,0,0,3,1,1,2,29,6,1332,1,16,10,1
201443W093054,2,9,0,18,0,1,1,0,0,0,1,1,6,2,37,7,1390,1,12,7,1
201443W093064,1,9,0,18,0,0,0,0,0,0,1,1,1,1,40,7,1995,2,-1,7,1
201443W093064,2,9,0,18,0,0,0,0,0,0,2,1,6,1,25,5,1597,2,1,5,1
201443W093064,3,9,0,18,0,0,0,0,0,0,2,1,2,1,43,7,2143,2,1,-1,2
201443W093094,1,9,0,18,0,4,0,0,0,0,1,1,6,2,53,8,2143,2,-1,9,3
201443W093094,2,9,0,3,0,3,0,0,0,0,2,1,6,1,24,5,1199,1,10,8,1
201443W093104,1,9,0,18,0,1,5,0,1,9,3,1,6,1,37,7,1994,1,14,5,1
201443W094034,1,1,0,18,0,1,0,0,0,0,1,1,4,1,16,4,-1,-1,-1,6,1
201443W094034,2,9,0,3,0,1,0,0,0,0,4,1,2,2,50,8,1390,1,6,6,1
201443W094104,1,9,0,17,0,8,0,0,0,0,1,1,6,2,41,7,1560,2,3,10,1
201443W094104,2,9,0,18,0,8,0,0,0,0,3,1,1,2,33,6,1799,1,7,4,1
201443W095014,1,21,0,9,0,4,0,0,0,0,1,1,1,1,45,7,3920,2,8,9,1
201443W095014,2,1,0,18,0,8,0,0,0,0,4,1,6,1,33,6,-1,-1,-1,8,1
201443W095104,1,9,0,4,0,8,0,0,0,0,1,1,6,2,62,9,2995,1,10,6,1
201443W095104,2,8,0,4,0,8,0,0,0,0,2,1,1,1,52,8,-1,-1,-1,3,1
201443W095114,1,9,0,18,0,0,0,0,0,0,1,1,6,1,-1,-1,1984,1,5,-1,-1
201443W095114,2,9,0,18,0,0,0,0,0,0,2,1,2,2,52,8,1796,1,10,6,1
201443W096014,1,9,0,9,0,1,0,0,0,0,1,1,6,1,51,8,-1,-1,-1,-1,1
201443W096014,2,1,0,9,0,5,0,0,0,0,2,1,1,2,23,5,-1,-1,-1,10,1
201443W096024,1,9,0,9,0,8,0,0,0,0,1,1,1,1,26,6,1797,8,5,5,1
201443W096024,2,1,0,18,0,8,0,0,0,0,4,1,6,1,58,9,-1,-1,-1,8,1
201443W096034,1,9,0,9,0,2,0,0,0,0,1,1,1,1,59,9,1956,2,3,10,1
201443W096054,1,9,0,7,0,5,0,0,0,0,4,1,1,2,35,6,1598,1,2,4,1
201443W096054,2,1,0,18,0,8,0,0,0,0,3,1,2,1,44,7,-1,-1,-1,3,1
201443W096084,1,9,0,9,0,8,0,0,0,0,3,1,6,1,20,4,1598,1,8,3,1
201443W096084,2,9,0,18,0,1,0,0,0,0,1,1,6,1,22,5,1390,1,6,10,1
201443W096094,1,9,0,7,0,1,0,0,0,0,1,1,6,1,70,10,1389,1,14,5,1
201443W096094,2,1,0,18,2,1,0,0,0,0,4,1,6,1,32,6,-1,-1,-1,3,1
201443W096124,1,9,0,18,0,0,0,0,0,0,0,1,2,1,41,7,1560,2,5,9,3
201443W096124,2,9,0,4,0,0,0,0,4,6,0,1,6,1,32,6,1686,2,12,-1,1
201443W096124,3,9,0,4,0,0,0,0,0,0,0,1,6,1,46,8,-1,-1,-1,-1,-1
201443W097034,1,20,0,18,0,0,0,0,0,0,0,1,1,1,30,6,-1,-1,-1,-1,-1
201443W097034,2,16,0,18,0,0,0,0,0,0,0,1,6,2,50,8,-1,-1,-1,10,2
201443W097084,1,5,0,18,0,4,0,0,1,11,1,1,1,1,38,7,998,1,-1,2,1
201443W097094,1,9,0,18,0,0,0,0,0,0,1,1,6,2,94,11,1596,1,14,10,1
201443W097094,2,9,0,18,0,0,0,0,0,0,1,1,6,2,74,10,2199,2,-1,9,3
201443W097094,3,9,0,18,0,0,0,0,0,0,1,1,6,1,50,8,1984,1,12,10,1
201443W097124,1,9,0,9,0,5,0,0,0,0,1,1,6,2,70,10,1970,1,11,10,1
201443W097124,2,1,0,18,0,8,0,0,0,0,1,1,2,1,37,7,-1,-1,-1,4,1
201443W098014,1,9,0,9,0,6,0,0,0,0,1,1,6,2,38,7,998,1,7,2,2
201443W098014,2,1,0,18,0,8,0,0,0,0,4,1,6,1,36,7,-1,-1,-1,8,1
201443W098044,1,19,0,18,0,0,0,0,0,0,1,1,1,1,45,7,1995,2,2,6,3
201443W098044,2,9,0,18,0,0,0,0,0,6,2,1,6,1,71,10,1686,2,20,8,3
201443W098074,1,4,0,16,0,1,0,0,0,0,1,1,6,1,22,5,-1,-1,-1,10,1
201443W098094,1,9,0,4,0,1,0,0,0,0,1,1,6,1,41,7,1997,1,7,8,1
201443W098094,2,9,0,4,0,1,0,0,0,0,2,1,6,2,46,8,1587,1,11,2,1
201443W098124,1,9,0,18,0,0,0,0,0,0,1,1,6,1,-1,-1,-1,-1,-1,-1,-1
201443W099074,1,9,0,18,0,0,0,0,0,0,1,1,2,1,51,8,3628,2,7,7,3
201443W099074,2,21,1,18,0,0,1,0,0,0,1,1,1,1,53,8,12900,2,2,9,1
201443W099104,1,9,0,2,0,0,0,0,0,0,4,1,6,1,-1,-1,1995,2,10,-1,-1
201443W099114,1,9,0,5,0,8,0,0,0,0,0,1,6,1,41,7,-1,-1,-1,5,2
201443W099114,2,9,0,18,0,8,0,0,0,0,0,1,1,2,76,11,-1,-1,-1,5,2
201443W100024,1,9,0,18,0,0,0,0,0,4,1,1,6,1,24,5,1781,1,11,10,1
201443W100024,2,9,0,18,0,0,0,0,0,0,2,1,6,1,17,4,1461,2,-1,10,2
201443W100044,1,9,0,7,0,8,1,0,0,0,3,1,6,2,30,6,1598,1,5,3,1
201443W100044,2,1,0,18,0,8,1,0,1,0,1,1,6,1,20,4,-1,-1,-1,4,1
201443W100064,1,1,0,18,5,0,0,0,0,0,1,1,6,2,24,5,-1,-1,-1,9,1
201443W100064,2,9,0,18,0,0,0,0,0,0,4,1,1,2,27,6,1229,1,-1,9,3
201443W100094,1,19,0,18,0,1,0,0,0,0,3,1,1,1,24,5,2198,2,-1,3,1
201443W100104,1,9,0,9,0,6,0,0,0,0,1,1,6,2,-1,-1,1596,1,7,-1,-1
201443W100104,2,1,0,18,0,8,0,0,0,0,4,1,2,1,39,7,-1,-1,-1,-1,-1
201443W100114,1,9,0,18,0,8,0,0,0,0,4,1,2,1,34,6,2143,2,1,4,1
201443W100114,2,9,0,9,0,6,0,0,0,0,1,1,2,2,54,8,2495,2,9,10,1
201443W101084,1,9,0,7,9,6,0,0,0,0,1,1,6,1,67,10,1395,1,-1,9,1
201443W101084,2,1,0,18,9,1,0,0,0,0,3,1,6,1,11,3,-1,-1,-1,-1,-1
201443W102014,1,9,0,18,0,0,0,0,0,0,1,1,1,1,32,6,1998,1,15,8,1
201443W102054,1,8,0,18,0,0,0,0,0,0,1,1,1,1,-1,-1,1998,2,4,-1,-1
201443W102054,2,9,0,3,0,0,0,0,0,0,2,1,2,2,39,7,1242,1,5,10,1
201443W102054,3,8,0,3,0,0,0,0,0,0,2,1,1,1,-1,-1,1910,2,8,-1,-1
201443W102094,1,5,0,14,0,1,0,0,0,0,1,1,6,1,49,8,996,1,9,9,3
201443W102094,2,9,0,9,0,1,0,0,0,0,2,1,6,1,32,6,998,1,14,2,1
201443W102114,1,3,0,13,0,8,0,0,3,0,1,1,6,1,21,5,124,1,10,10,2
201443W102114,2,9,0,9,0,5,0,0,0,0,3,1,6,2,62,9,3996,1,16,10,3
201443W103024,1,21,0,18,0,0,0,0,0,0,1,1,1,1,65,9,10308,2,12,8,1
201443W103024,2,9,0,18,0,0,0,0,0,0,2,1,6,2,29,6,1991,1,1,10,1
201443W103034,1,3,0,18,0,0,0,0,0,0,1,1,6,1,25,5,-1,-1,-1,-1,-1
201443W103054,1,9,0,18,0,1,0,0,0,0,1,1,1,1,45,7,-1,-1,-1,9,1
201443W103054,2,9,0,4,0,1,0,0,0,0,2,1,6,1,53,8,2354,1,5,6,1
201443W103094,1,9,0,18,0,1,1,0,1,0,1,1,6,1,46,8,-1,-1,-1,9,1
201443W103094,2,9,0,7,0,1,1,0,1,0,2,1,6,2,40,7,1995,2,9,10,2
201443W103114,1,9,0,16,0,0,1,0,7,9,1,1,2,2,38,7,1390,1,15,7,3
201443W104024,1,9,0,4,0,0,0,0,0,0,1,1,6,2,41,7,1339,1,3,9,1
201443W104024,2,9,0,4,0,0,0,0,0,0,2,1,6,2,25,5,1388,1,3,5,1
201443W104034,1,9,0,18,6,0,0,0,1,11,1,1,6,2,85,11,1997,2,5,-1,3
201443W104054,1,9,0,7,0,6,0,0,0,0,1,1,6,2,23,5,1242,1,7,4,1
201443W104054,2,9,0,7,0,6,0,0,0,0,2,1,6,1,40,7,1560,2,2,6,1
201443W104074,1,9,0,18,0,0,0,0,0,0,1,1,1,1,22,5,1198,1,6,9,1
201443W104074,2,8,0,18,0,0,0,0,0,0,2,1,6,1,65,9,1968,2,-1,2,1
201443W104114,1,21,0,18,0,1,0,0,0,0,1,1,1,1,31,6,7146,2,2,9,3
201443W104114,2,9,0,7,0,1,0,0,0,0,4,1,6,2,28,6,1242,1,10,10,1
201443W105044,1,9,0,5,0,1,0,0,0,0,1,1,6,2,48,8,3311,8,6,3,1
201443W105044,2,9,0,5,0,1,0,0,0,0,2,1,6,1,30,6,1997,2,7,7,1
201443W105054,1,9,0,18,0,1,0,0,0,0,1,2,6,2,22,5,1598,2,-1,3,1
201443W105054,2,9,0,10,0,1,0,0,0,0,2,2,6,2,40,7,1242,1,15,2,1
201443W105114,1,1,0,18,4,0,0,0,1,0,1,1,2,1,25,5,-1,-1,-1,6,1
201443W105124,1,9,0,18,0,0,1,0,4,0,1,1,1,2,27,6,998,1,6,10,1
201443W106034,1,9,0,18,0,5,5,0,1,9,4,1,1,1,32,6,-1,-1,-1,7,1
201443W106034,2,9,0,18,0,5,0,0,0,0,1,1,1,1,35,6,1560,2,9,10,1
201443W106044,1,9,0,6,0,2,0,0,0,0,3,1,6,3,-1,-1,-1,-1,-1,-1,-1
201443W106044,2,1,0,18,0,2,0,0,0,0,1,1,6,1,21,5,-1,-1,-1,9,3
201443W106064,1,1,0,18,9,0,0,0,0,0,1,1,6,3,22,5,-1,-1,-1,-1,-1
201443W106074,1,9,0,18,0,8,0,0,0,11,1,1,6,1,18,4,1199,1,10,9,1
201443W106074,2,9,0,18,0,8,0,0,0,0,1,1,6,1,24,5,2149,2,6,10,1
201443W107024,1,19,0,18,0,0,1,4,4,0,4,1,1,1,30,6,2148,2,6,2,1
201443W107024,2,20,0,2,0,0,0,0,0,0,2,1,1,1,50,8,-1,-1,-1,-1,-1
201443W107024,3,9,0,2,0,0,0,0,0,0,2,1,6,1,30,6,2993,2,7,6,1
201443W107034,1,9,0,17,0,0,5,0,2,10,4,1,6,1,18,4,1229,1,1,5,1
201443W107114,1,9,0,9,0,4,0,0,0,0,1,1,6,2,25,5,1984,1,4,7,2
201443W107114,2,5,0,18,0,8,0,0,0,0,4,1,2,1,56,9,-1,-1,-1,10,1
201443W108064,1,9,0,18,0,1,0,0,0,0,1,1,2,2,32,6,1596,1,10,5,1
201443W108064,2,9,0,18,0,1,0,0,0,0,2,1,2,1,30,6,1798,1,4,5,1
201443W108114,1,9,0,18,0,1,0,0,0,0,1,1,6,2,-1,-1,1896,2,11,-1,-1
201443W108114,2,9,0,8,0,1,0,0,0,0,2,1,6,2,51,8,1360,1,12,3,1
201443W109014,1,9,0,9,0,4,0,0,0,0,1,1,6,1,45,7,1461,2,3,-1,-1
201443W109014,2,9,0,5,0,4,0,0,0,0,3,1,1,2,43,7,1229,1,1,7,1
201443W109034,1,9,0,9,0,6,0,0,0,0,1,1,6,1,72,10,1997,1,8,10,1
201443W109034,2,1,0,18,0,8,0,0,0,0,4,1,2,1,27,6,-1,-1,-1,-1,1
201443W109044,1,9,0,9,0,8,0,0,0,0,1,1,6,3,-1,-1,-1,-1,-1,-1,-1
201443W109044,2,1,0,18,0,8,0,0,0,0,2,1,2,2,19,4,-1,-1,-1,5,1
201443W109074,1,19,0,18,0,0,0,0,0,0,1,1,1,1,51,8,1560,2,3,2,1
201443W109074,2,9,4,18,0,0,0,0,0,0,2,1,6,1,47,8,-1,-1,-1,10,2
201443W109074,3,9,0,4,0,0,0,0,0,0,2,1,6,2,42,7,1997,1,1,10,1
201443W109074,4,9,0,4,0,0,0,0,0,0,2,1,1,1,57,9,1997,2,-1,8,3
201443W109094,1,9,0,1,0,0,0,0,0,0,2,1,6,3,26,6,1396,1,11,2,1
201443W109104,1,9,0,11,0,2,1,0,4,0,3,1,2,2,23,5,1527,2,18,4,1
201443W109104,2,21,1,18,0,7,0,0,0,0,2,1,1,1,46,8,10518,2,6,2,1
201443W109114,1,9,0,1,9,0,0,0,0,0,2,1,6,1,63,9,1796,1,11,4,1
201443W110014,1,19,0,18,0,2,0,12,0,0,1,1,1,1,51,8,1995,2,2,5,1
201443W110014,2,19,0,18,0,2,5,11,0,0,1,1,1,1,47,8,1461,2,2,7,1
201443W110014,3,9,0,18,0,2,5,11,0,0,1,1,6,1,40,7,1390,1,8,-1,1
201443W110014,4,19,0,18,0,2,0,11,0,0,1,1,1,1,44,7,2148,2,7,5,1
201443W110014,5,98,0,18,0,2,0,11,0,0,1,1,6,2,44,7,2287,2,3,9,2
201443W110014,6,9,0,18,0,2,0,11,0,0,1,1,6,2,26,6,1299,1,9,10,1
201443W110014,7,9,0,18,0,2,0,11,0,0,1,1,6,2,44,7,1968,2,3,10,1
201443W110014,8,9,0,18,0,2,5,11,0,0,1,1,6,1,50,8,1968,2,4,9,1
201443W110024,1,21,0,9,0,8,5,0,1,2,4,1,1,1,61,9,-1,-1,-1,9,1
201443W110034,1,9,0,17,0,0,0,0,0,0,0,1,3,2,30,6,1397,1,6,2,1
201443W110034,2,9,0,18,0,0,0,0,0,0,0,1,2,2,22,5,1299,1,11,8,1
201443W110044,1,8,0,18,0,0,0,0,0,0,1,1,1,1,65,9,2499,2,4,4,1
201443W110084,1,11,0,18,0,0,0,0,0,0,1,1,1,3,-1,-1,-1,-1,-1,-1,-1
201443W111034,1,9,0,7,0,2,0,0,0,0,2,1,1,1,36,7,1391,1,13,5,1
201443W111034,2,5,0,18,0,1,0,0,0,0,1,1,1,1,35,6,599,1,14,-1,-1
201443W111054,1,3,0,18,0,1,0,0,0,0,1,1,6,1,17,4,125,1,2,10,1
201443W111054,2,9,0,4,0,1,0,0,0,0,2,1,6,2,39,7,1896,2,5,6,1
201443W111124,1,21,0,11,0,0,0,0,0,0,4,1,6,1,-1,-1,4580,2,2,-1,-1
201443W111124,2,9,0,18,0,0,0,0,0,0,3,1,6,1,31,6,-1,-1,-1,4,1
201443W112024,1,9,0,13,0,0,0,0,0,0,4,1,6,2,51,8,1995,2,11,10,2
201443W112024,2,9,0,18,0,0,0,0,1,4,3,1,6,2,41,7,1995,2,10,10,1
201443W112124,1,9,0,6,0,8,0,0,0,0,1,1,1,2,48,8,998,1,-1,2,1
201443W112124,2,9,0,18,0,8,0,0,0,0,3,1,6,1,30,6,1242,1,9,-1,1
201443W113014,1,9,0,18,0,1,0,7,0,1,1,1,6,1,90,11,1339,1,10,3,1
201443W113024,1,9,0,7,0,5,0,0,0,0,1,1,6,1,68,10,1798,1,6,7,1
201443W113024,2,1,0,18,0,6,1,10,1,11,4,1,6,1,18,4,-1,-1,-1,-1,1
201443W113044,1,1,0,18,0,1,0,0,0,0,3,1,6,1,17,4,-1,-1,-1,2,1
201443W113044,2,9,0,18,0,1,0,0,0,0,1,1,1,1,67,10,2995,1,13,-1,-1
201443W113064,1,9,0,18,0,0,0,0,0,0,1,1,6,1,35,6,1995,2,5,9,1
201443W113064,2,21,1,18,0,0,0,0,0,0,3,1,1,1,43,7,-1,-1,-1,3,1
201443W113084,1,9,0,18,0,0,0,0,0,0,1,1,6,3,-1,-1,-1,-1,-1,-1,-1
201443W113104,1,9,0,18,0,0,1,0,1,4,3,1,2,1,51,8,2993,2,2,-1,3
201443W113114,1,9,0,17,0,0,0,0,7,4,1,1,6,2,36,7,1997,2,11,4,1
201443W114014,1,11,0,18,0,0,0,0,0,0,4,1,1,1,48,8,9000,2,6,9,2
201443W114044,1,2,0,17,0,0,0,10,1,11,4,1,6,1,21,5,-1,-1,-1,8,1
201443W114054,1,5,0,18,0,1,1,10,0,0,4,1,6,1,45,7,1050,1,9,-1,1
201443W114054,2,9,0,3,0,1,0,0,0,0,4,1,6,1,65,9,2199,2,2,10,2
201443W114084,1,19,0,9,0,5,0,0,0,0,4,1,6,1,56,9,1997,2,14,4,1
201443W114084,2,1,0,18,4,1,0,0,1,0,1,1,6,1,32,6,-1,-1,-1,5,1
201443W114114,1,19,0,18,0,4,0,0,0,0,3,1,6,1,49,8,1998,2,10,-1,-1
201443W114114,2,3,0,9,0,8,0,0,0,0,4,1,6,1,29,6,125,1,3,2,1
201443W115024,1,9,0,18,0,1,0,0,0,0,1,1,1,1,67,10,2198,2,7,10,1
201443W115044,1,9,0,4,0,0,0,0,0,0,2,1,6,1,62,9,1560,2,-1,-1,-1
201443W115044,2,9,0,18,0,0,0,0,0,0,1,1,1,1,48,8,1798,1,7,9,1
201443W115084,1,9,0,16,0,0,1,0,0,0,1,1,1,1,19,4,-1,-1,-1,6,1
201443W115084,2,9,0,17,0,0,0,0,0,0,1,1,6,2,54,8,1599,1,10,8,3
201443W115124,1,9,0,9,0,8,0,0,0,0,3,1,6,1,35,6,1796,7,9,3,1
201443W115124,2,5,0,13,0,8,1,0,0,0,1,1,6,1,49,8,1151,1,5,4,1
201443W116024,1,9,0,9,0,1,0,7,1,1,1,1,6,2,18,4,1397,1,7,8,1
201443W116034,1,8,0,4,0,0,0,0,0,0,1,1,6,1,52,8,2993,2,2,-1,-1
201443W116034,2,9,0,4,0,0,0,0,0,0,2,1,6,2,25,5,1968,2,7,9,3
201443W116034,3,9,0,3,0,0,0,0,0,0,2,1,6,1,25,5,2993,2,2,9,1
201443W116044,1,1,0,18,0,1,0,0,0,0,1,1,6,1,48,8,-1,-1,-1,10,2
201443W116124,1,9,0,9,0,8,0,0,0,0,4,1,6,2,43,7,1560,2,8,10,1
201443W116124,2,1,0,18,4,8,0,0,0,0,1,1,1,1,38,7,-1,-1,-1,4,1
201443W117014,1,9,0,18,0,0,0,0,0,0,1,1,2,2,26,6,1598,1,11,-1,-1
201443W117014,2,9,0,4,0,0,0,0,0,0,2,1,2,1,19,4,1149,1,7,9,1