Accident_Index,Vehicle_Reference,Vehicle_Type,Towing_and_Articulation,Vehicle_Manoeuvre,Vehicle_Location-Restricted_Lane,Junction_Location,Skidding_and_Overturning,Hit_Object_in_Carriageway,Vehicle_Leaving_Carriageway,Hit_Object_off_Carriageway,1st_Point_of_Impact,Was_Vehicle_Left_Hand_Drive?,Journey_Purpose_of_Driver,Sex_of_Driver,Age_of_Driver,Age_Band_of_Driver,Engine_Capacity_(CC),Propulsion_Code,Age_of_Vehicle,Driver_IMD_Decile,Driver_Home_Area_Type
201443W117014,3,9,0,4,0,0,0,0,0,0,2,1,1,1,62,9,-1,-1,-1,9,1
201443W117044,1,5,0,9,0,6,0,0,0,0,1,1,6,2,39,7,675,1,3,9,3
201443W117044,2,9,0,18,0,8,0,0,0,0,3,1,6,1,51,8,5000,1,4,-1,-1
201443W117064,1,9,0,9,0,8,0,0,0,0,3,1,6,1,25,5,1598,2,2,-1,1
201443W117064,2,9,0,18,0,8,0,0,0,0,1,1,6,2,17,4,1229,1,4,4,1
201443W117074,1,9,0,18,0,0,0,0,2,7,4,1,1,1,39,7,1499,1,-1,5,1
201443W117084,1,20,4,18,0,0,0,0,0,1,3,1,1,1,60,9,-1,-1,-1,-1,1
201443W118064,1,9,0,9,0,8,0,0,0,0,1,1,1,1,40,7,1598,1,3,9,1
201443W118064,2,9,0,18,0,8,0,0,0,0,1,1,6,1,70,10,1587,1,13,7,2
201443W118084,1,9,0,18,0,1,1,0,1,0,1,1,6,1,19,4,1998,1,11,9,1
201443W118084,2,9,0,18,0,2,1,0,1,0,3,1,2,2,31,6,1598,1,8,10,1
201443W118084,3,9,0,18,0,1,1,0,7,0,1,1,6,1,48,8,1997,2,2,-1,1
201443W118104,1,9,0,18,0,0,0,0,0,0,1,1,6,1,42,7,-1,-1,-1,3,1
201443W118104,2,9,0,12,0,0,0,0,0,0,2,1,6,3,-1,-1,1995,2,1,-1,-1
201443W118104,3,9,0,18,0,0,0,0,0,0,1,1,6,3,-1,-1,2993,2,1,-1,-1
201443W118114,1,9,0,9,0,6,1,0,1,1,3,1,6,1,17,4,1598,1,10,9,3
201443W118114,2,9,0,18,0,2,0,0,0,0,4,1,6,2,-1,-1,1299,1,12,8,2
201443W119044,1,9,0,9,0,1,0,0,0,0,1,1,6,1,48,8,1997,1,7,-1,-1
201443W119044,2,5,0,18,0,1,0,0,1,11,1,1,6,1,55,8,650,1,54,10,1
201443W119064,1,9,0,16,0,0,0,0,7,9,1,1,2,1,33,6,1461,2,-1,10,1
201443W119064,2,5,0,17,0,0,0,0,1,9,1,1,2,1,26,6,599,1,16,8,1
201443W119074,1,1,0,9,0,8,0,0,0,0,2,1,1,1,33,6,-1,-1,-1,-1,1
201443W119074,2,9,0,18,0,8,0,0,0,0,4,1,6,2,34,6,1796,1,13,4,1
201443W120044,1,9,0,18,0,0,0,0,2,7,1,1,6,2,38,7,-1,-1,-1,10,1
201443W120064,1,9,0,7,0,8,0,0,0,0,4,1,6,1,-1,-1,-1,-1,-1,1,1
201443W120064,2,1,0,7,0,8,0,0,0,0,3,1,6,1,66,10,-1,-1,-1,5,1
201443W120074,1,9,0,18,0,1,0,0,0,0,1,1,6,1,20,4,1149,1,7,10,3
201443W120074,2,9,0,10,0,1,0,0,0,0,2,1,6,2,43,7,1399,2,4,10,3
201443W120124,1,19,0,18,0,1,0,0,0,0,1,1,6,1,-1,-1,1686,2,13,-1,-1
201443W120124,2,9,0,8,0,1,0,0,0,0,2,1,6,2,38,7,1992,2,8,10,1
201443W121014,1,9,0,4,0,0,0,0,0,0,1,1,6,1,48,8,1749,1,13,9,2
201443W121014,2,9,0,4,0,0,0,0,0,0,2,1,6,1,43,7,1395,1,1,5,1
201443W121044,1,9,0,17,0,0,1,0,7,9,1,1,6,2,38,7,1240,1,8,6,1
201443W121064,1,9,0,18,0,0,0,0,0,0,4,1,6,1,47,8,1598,2,-1,8,1
201443W121064,2,21,0,18,0,0,0,0,0,0,3,1,1,1,41,7,10837,2,1,8,1
201443W121114,1,9,0,1,6,2,0,0,0,0,2,1,6,1,-1,-1,1595,1,6,-1,-1
201443W121114,2,9,0,2,6,2,0,0,0,0,2,1,6,2,44,7,1332,1,16,8,1
201443W121124,1,9,0,16,0,1,1,0,0,0,1,1,6,2,26,6,1968,2,4,9,1
201443W121124,2,9,0,17,0,2,0,0,0,0,1,1,6,1,53,8,2204,2,6,9,3
201443W122014,1,9,0,9,0,8,0,0,0,0,0,1,6,2,40,7,1834,1,11,10,1
201443W122014,2,1,0,16,0,8,0,0,0,0,0,1,6,1,67,10,-1,-1,-1,8,1
201443W122044,1,9,0,18,0,4,0,0,0,0,1,1,2,1,32,6,1390,2,13,5,1
201443W122044,2,5,0,18,0,8,0,0,0,0,4,1,6,1,31,6,599,1,13,4,1
201443W122074,1,9,0,9,0,5,1,0,0,0,4,1,2,2,22,5,1360,1,7,4,1
201443W122074,2,9,0,18,0,1,1,0,0,0,1,1,2,1,32,6,1910,2,7,4,1
201443W122074,3,9,0,18,0,1,0,0,0,0,1,1,2,1,33,6,1560,2,10,2,1
201443W122104,1,9,0,18,0,8,0,0,0,0,4,1,6,1,-1,-1,1798,1,3,-1,2
201443W122104,2,9,0,18,0,8,0,0,0,0,1,1,6,2,45,7,-1,-1,-1,10,3
201443W122124,1,9,0,18,0,0,0,0,0,0,1,1,6,1,42,7,-1,-1,-1,9,1
201443W123014,1,9,0,4,0,0,0,0,0,0,1,1,6,2,20,4,1198,1,1,8,3
201443W123014,2,9,0,4,0,0,0,0,0,0,2,1,6,1,33,6,1390,1,8,4,1
201443W123014,3,9,0,4,0,0,0,0,0,0,2,1,6,1,45,7,2000,1,9,6,1
201443W123044,1,9,0,4,0,0,0,0,0,0,1,1,6,1,36,7,1997,1,6,9,1
201443W123044,2,9,0,4,0,0,0,0,0,0,2,1,6,1,60,9,1248,2,3,7,1
201443W123044,3,9,0,4,0,0,0,0,0,0,2,1,6,1,62,9,1596,1,9,6,1
201443W123044,4,9,0,4,0,0,0,0,0,0,2,1,6,1,35,6,2497,1,7,8,1
201443W123064,1,9,0,18,0,0,0,0,0,0,1,1,6,1,65,9,1461,2,5,5,1
201443W123064,2,9,0,3,0,0,0,0,0,0,2,1,6,1,34,6,1999,1,7,8,1
201443W123064,3,9,0,3,0,0,0,0,0,0,2,1,6,1,-1,-1,1998,1,7,-1,-1
201443W123094,1,9,0,18,0,4,0,0,0,0,3,1,2,1,63,9,1995,2,-1,8,1
201443W123094,2,1,0,18,0,8,0,0,0,0,1,1,2,1,38,7,-1,-1,-1,-1,-1
201443W124044,1,10,0,18,0,0,0,0,0,0,4,1,1,1,59,9,2402,2,12,5,2
201443W124054,1,9,0,9,0,8,0,0,0,0,1,1,6,1,69,10,1998,1,18,9,3
201443W124054,2,9,0,18,0,8,0,0,0,0,1,1,6,2,29,6,1299,1,14,4,1
201443W124074,1,20,0,18,0,1,0,0,0,0,1,1,1,1,51,8,-1,2,18,8,2
201443W124074,2,9,0,9,0,8,0,0,0,0,2,1,6,1,21,5,1149,1,15,8,2
201443W124094,1,9,0,17,0,8,0,0,0,0,1,1,1,1,20,4,1596,1,20,10,1
201443W124094,2,9,0,16,0,8,0,0,0,0,1,1,6,1,46,8,1797,1,-1,10,1
201443W125014,1,9,0,5,0,4,0,0,0,0,1,1,6,1,68,10,1397,1,11,10,1
201443W125064,1,9,0,18,0,5,0,0,0,0,1,1,6,2,40,7,2993,2,1,-1,-1
201443W125064,2,9,0,4,0,5,0,0,0,0,2,1,6,1,27,6,1995,2,7,10,1
201443W125064,3,9,0,4,0,5,0,0,0,0,2,1,6,1,59,9,1390,1,14,10,1
201443W125104,1,9,0,18,0,8,0,0,0,0,4,1,6,1,55,8,1596,1,11,5,1
201443W125104,2,1,0,7,0,8,0,0,0,0,1,1,6,1,14,3,-1,-1,-1,9,3
201443W126014,1,9,0,18,0,4,0,0,0,0,3,1,6,1,53,8,1612,1,1,8,3
201443W126014,2,9,0,11,0,3,0,0,0,0,1,1,6,2,73,10,1199,1,14,8,1
201443W126064,1,9,0,18,0,0,0,0,1,0,1,1,6,1,31,6,1900,2,15,6,3
201443W126064,2,9,0,18,0,0,0,0,1,0,2,1,6,1,70,10,1598,1,13,5,1
201443W126094,1,9,0,12,0,0,0,0,0,0,2,1,6,2,29,6,-1,-1,-1,5,1
201443W126094,2,1,0,18,0,0,0,0,0,0,1,1,6,1,42,7,-1,-1,-1,5,1
201443W126104,1,9,0,16,0,0,1,0,0,0,1,1,1,1,18,4,1997,2,13,8,1
201443W126104,2,9,0,17,0,0,0,0,0,0,1,1,6,1,67,10,1598,1,4,9,2
201443W126124,1,8,0,5,0,0,0,0,0,0,0,1,1,1,35,6,2987,2,7,3,1
201443W127124,1,9,0,18,0,0,0,0,0,0,1,1,6,2,30,6,1398,1,3,5,1
201443W128044,1,9,0,18,0,0,1,0,7,11,3,1,6,1,25,5,1796,1,13,9,3
201443W128094,1,9,0,18,0,0,0,0,2,4,4,1,1,1,47,8,1398,1,3,9,1
201443W128114,1,9,0,7,0,4,0,0,0,0,1,1,6,1,78,11,1999,1,12,10,3
201443W128114,2,9,0,9,0,8,0,0,0,0,4,1,6,1,26,6,1598,1,8,7,1
201443W129024,1,5,0,18,0,3,1,0,0,0,3,1,6,1,51,8,645,1,14,8,3
201443W129024,2,9,0,18,0,3,0,0,0,0,0,1,6,3,-1,-1,-1,-1,-1,-1,-1
201443W129054,1,9,0,18,0,8,0,0,0,0,1,1,6,2,23,5,1798,1,5,2,1
201443W129054,2,9,0,3,0,8,0,0,0,0,2,1,6,1,25,5,2656,1,10,5,1
201443W129124,1,9,0,11,0,0,0,0,0,0,1,1,1,1,64,9,1956,2,3,-1,-1
201443W129124,2,21,1,18,0,0,0,0,0,0,2,1,1,1,73,10,11116,2,9,5,3
201443W129124,3,21,1,18,0,0,0,0,0,0,1,2,1,1,50,8,-1,-1,-1,-1,-1
201443W130024,1,9,0,16,0,0,0,10,1,9,1,1,6,2,18,4,1299,1,12,10,2
201443W130064,1,9,0,9,0,8,0,0,0,0,3,1,6,2,-1,-1,1596,1,8,8,2
201443W130064,2,1,0,14,0,8,0,0,0,0,1,1,6,1,33,6,-1,-1,-1,9,1
201443W130094,1,9,0,4,0,5,0,0,0,0,1,1,6,2,30,6,1196,1,18,-1,-1
201443W130094,2,9,0,18,0,5,0,0,0,0,2,1,6,1,42,7,1597,1,18,3,1
201443W131024,1,9,0,18,0,0,0,4,1,0,1,1,6,2,81,11,1149,1,13,9,3
201443W131024,2,19,0,2,0,0,0,0,0,0,2,1,6,3,-1,-1,-1,-1,-1,9,2
201443W131084,1,1,0,18,0,0,0,0,0,0,3,1,6,1,22,5,-1,-1,-1,5,1
201443W131084,2,5,0,18,0,0,0,0,0,0,1,1,2,1,28,6,1137,1,15,9,1
201443W131094,1,9,0,18,0,0,0,0,0,0,1,1,6,2,63,9,1398,2,3,5,1
201443W131094,2,9,0,18,0,0,0,0,0,0,1,1,6,2,47,8,1461,2,2,5,3
201443W131114,1,9,0,18,0,8,0,0,0,0,1,1,1,1,42,7,1396,1,13,4,1
201443W132024,1,9,0,18,0,0,1,0,0,0,1,1,6,2,29,6,1598,1,9,3,1
201443W132024,2,9,0,18,0,0,0,0,1,0,2,1,6,1,29,6,1794,1,12,10,2
201443W132024,3,9,0,18,0,0,0,0,0,0,3,1,6,1,68,10,1560,2,2,10,1
201443W132084,1,9,0,13,0,0,0,0,0,0,4,1,6,3,-1,-1,-1,-1,-1,-1,-1
201443W132084,2,1,0,18,0,0,0,0,0,0,3,1,6,1,36,7,-1,-1,-1,10,1
201443W132114,1,9,0,18,0,0,1,0,4,6,3,1,1,1,38,7,1598,1,2,-1,1
201443W132124,1,9,0,12,0,0,0,0,0,0,2,1,2,1,30,6,1956,2,4,8,3
201443W132124,2,5,0,18,0,0,1,0,0,0,1,1,2,1,29,6,599,1,6,7,1
201443W133014,1,9,0,9,0,8,0,0,0,0,3,1,6,1,55,8,-1,-1,-1,-1,3
201443W133014,2,9,0,18,0,8,1,0,0,0,1,1,6,1,28,6,-1,-1,-1,9,3
201443W133114,1,9,0,7,0,4,0,0,0,0,1,1,1,1,59,9,-1,-1,-1,8,1
201443W133114,2,1,0,18,0,8,0,0,0,0,2,1,1,1,50,8,-1,-1,-1,4,1
201443W134024,1,9,0,18,0,0,1,0,5,6,3,1,6,1,26,6,1299,1,14,10,3
201443W134034,1,9,0,18,0,8,0,0,0,0,4,1,6,1,62,9,1956,2,2,6,1
201443W134034,2,11,0,5,0,8,0,0,0,0,1,1,1,1,53,8,6871,2,7,5,1
201443W134114,1,9,0,18,0,0,0,0,0,0,1,1,6,2,19,4,1229,1,2,10,1
201443W134124,1,9,0,18,0,0,0,0,0,0,1,1,6,1,22,5,1686,2,10,9,1
201443W135024,1,9,0,9,0,8,0,0,0,0,1,1,6,2,42,7,1998,1,12,8,1
201443W135024,2,9,0,18,0,8,0,0,0,0,4,1,6,1,56,9,-1,-1,-1,2,1
201443W135094,1,9,0,18,0,0,0,0,0,0,1,1,1,1,43,7,1910,2,6,9,1
201443W135094,2,9,0,18,0,0,1,7,5,6,2,1,1,1,33,6,2993,2,8,5,1
201443W135104,1,1,0,18,0,1,0,0,0,0,3,1,1,1,30,6,-1,-1,-1,-1,-1
201443W135104,2,9,0,13,0,1,0,0,0,0,2,1,6,1,30,6,2000,2,3,4,1
201443W137034,1,9,0,3,0,1,0,0,0,0,1,1,6,2,24,5,2495,2,15,6,1
201443W137034,2,1,0,18,0,1,0,0,0,0,2,1,6,1,48,8,-1,-1,-1,8,1
201443W137114,1,11,0,18,0,0,0,0,0,0,4,1,1,1,-1,-1,9000,5,-1,-1,-1
201443W138014,1,19,0,18,0,4,0,0,0,0,1,1,1,1,45,7,1461,2,1,-1,-1
201443W138014,2,9,0,3,0,4,0,0,0,0,2,1,6,2,33,6,1753,2,10,10,1
201443W138034,1,21,1,18,0,0,5,0,5,7,4,1,1,1,66,10,11946,2,2,10,3
201443W138064,1,3,0,17,0,0,1,0,0,0,3,1,6,1,20,4,125,1,5,10,1
201443W138094,1,9,0,18,0,0,0,0,0,0,1,1,6,1,29,6,-1,-1,-1,2,1
201443W138094,2,9,0,18,0,0,0,0,0,0,3,1,6,2,-1,-1,-1,-1,-1,9,1
201443W138124,1,9,0,18,0,0,0,0,0,0,1,1,6,3,-1,-1,-1,-1,-1,-1,-1
201443W138124,2,9,0,4,0,0,1,0,5,6,2,1,1,1,31,6,-1,-1,-1,3,1
201443W139114,1,9,0,18,0,0,0,0,0,0,1,1,6,2,86,11,1390,1,11,10,3
201443W139114,2,9,0,18,0,0,0,0,0,0,2,1,6,1,52,8,-1,-1,-1,-1,-1
201443W139114,3,9,0,18,0,0,0,0,0,0,2,1,6,1,56,9,1242,1,8,8,2
201443W139124,1,21,0,4,0,0,0,0,0,0,1,1,1,1,63,9,6700,2,-1,10,1
201443W139124,2,9,0,3,0,0,0,0,0,0,2,1,6,1,20,4,1229,1,5,4,1
201443W140034,1,9,0,18,0,0,0,0,7,1,1,1,1,1,36,7,1587,1,8,9,1
201443W140044,1,9,0,9,0,2,1,0,0,0,1,1,6,1,33,6,1598,1,9,-1,-1
201443W140044,2,9,0,18,0,1,0,0,0,0,1,1,6,1,37,7,-1,-1,-1,-1,-1
201443W140094,1,9,0,15,0,8,0,0,0,0,4,1,2,1,29,6,1998,1,11,5,1
201443W140094,2,9,0,18,0,4,1,0,0,0,1,1,6,2,25,5,1598,1,10,5,1
201443W140104,1,19,0,18,0,1,0,0,0,0,1,1,6,1,28,6,-1,-1,-1,-1,-1
201443W141054,1,1,0,15,0,8,0,0,0,0,1,1,1,1,32,6,-1,-1,-1,8,2
201443W141054,2,9,0,7,0,8,0,0,0,0,3,1,1,2,60,9,1598,1,12,5,1
201443W141114,1,9,0,18,0,2,1,0,0,0,1,1,6,2,47,8,1598,1,13,2,1
201443W141114,2,9,0,3,0,2,0,0,0,0,2,1,6,2,27,6,2295,1,16,4,1
201443W142024,1,9,0,18,0,0,0,0,0,0,1,1,2,2,25,5,2231,2,8,2,1
201443W142024,2,9,0,4,0,0,0,0,0,0,2,1,2,2,29,6,1248,2,6,7,1
201443W142024,3,9,0,4,0,0,0,0,0,0,2,1,2,1,-1,-1,1199,1,12,6,1
201443W142024,4,9,0,4,0,0,0,0,0,0,2,1,2,1,-1,-1,1781,1,13,10,1
201443W142024,5,9,0,4,0,0,0,0,0,0,2,1,6,3,-1,-1,-1,-1,-1,-1,-1
201443W142044,1,19,0,17,0,0,1,0,7,4,1,1,2,1,28,6,1560,2,5,7,2
201443W142064,1,9,0,18,0,0,0,0,0,0,1,1,6,1,49,8,1596,1,12,4,1
201443W142064,2,9,0,3,0,0,0,0,0,0,2,1,6,1,31,6,1896,2,17,6,1
201443W142064,3,9,0,3,0,0,0,0,0,0,2,1,6,1,44,7,1598,1,3,8,1
201443W142094,1,9,0,18,0,0,0,0,0,0,1,1,6,1,30,6,1985,1,10,10,3
201443W142094,2,9,0,18,0,0,0,0,0,0,1,1,6,1,22,5,1956,2,5,9,3
201443W142104,1,9,0,18,0,8,0,0,0,0,1,1,6,1,70,10,-1,-1,-1,10,1
201443W142104,2,1,0,9,0,8,1,0,0,0,2,1,6,2,41,7,-1,-1,-1,9,1
201443W142114,1,9,0,18,0,2,0,0,0,0,3,1,6,2,59,9,1198,1,11,10,1
201443W142114,2,9,0,9,0,6,0,0,0,0,1,1,6,2,26,6,1199,1,11,3,1
201443W144014,1,9,0,18,0,0,5,0,7,9,4,1,2,2,19,4,1242,1,1,8,1
201443W144044,1,9,0,9,0,8,0,0,0,0,1,1,6,2,29,6,1685,2,2,-1,1
201443W144044,2,9,0,18,0,8,0,0,0,0,1,1,6,2,63,9,1598,1,1,9,1
201443W144054,1,9,0,6,0,8,0,0,0,0,3,1,1,1,43,7,1995,2,9,9,1
201443W144054,2,5,0,14,0,8,0,0,0,0,1,1,6,1,30,6,1255,1,7,3,1
201443W144064,1,9,0,18,0,0,0,10,0,0,1,1,1,1,45,7,1985,1,12,8,2
201443W144064,2,1,0,18,0,0,1,10,0,0,2,1,1,1,38,7,-1,-1,-1,4,1
201443W144114,1,9,0,9,0,6,0,10,0,0,3,1,6,1,21,5,1998,1,15,9,2
201443W144114,2,9,0,18,0,8,0,0,0,0,1,1,6,2,24,5,1598,2,2,10,3
201443W145014,1,9,0,18,0,0,0,4,0,0,1,1,2,1,31,6,1975,1,9,9,1
201443W145014,2,9,0,2,0,0,0,0,0,0,2,1,6,2,19,4,1299,1,7,10,1
201443W145044,1,9,0,16,0,0,2,0,0,0,1,1,6,1,49,8,2598,1,18,9,3
201443W145044,2,9,0,17,0,0,0,0,0,0,1,1,6,2,27,6,2995,1,10,-1,1
201443W145124,1,8,0,18,0,8,0,0,0,0,1,1,1,1,39,7,2987,2,7,9,1
201443W146044,1,90,0,18,0,0,0,0,0,0,1,1,6,1,-1,-1,-1,-1,-1,-1,-1
201443W146044,2,9,0,3,0,0,0,0,0,0,2,1,6,1,45,7,1398,1,6,5,1
201443W146114,1,19,0,9,0,8,0,0,0,0,1,1,1,1,44,7,-1,-1,-1,7,1
201443W146114,2,9,0,18,0,8,0,0,0,0,1,1,6,1,34,6,1360,1,11,10,1
201443W147044,1,9,0,18,0,3,0,0,0,0,1,1,6,2,-1,-1,1362,1,1,-1,-1
201443W147064,1,11,0,7,2,8,0,0,0,0,4,1,1,1,61,9,4580,2,6,8,1
201443W147074,1,9,0,9,0,6,0,0,0,0,3,1,1,1,37,7,2967,2,8,10,1
201443W147074,2,9,0,18,0,8,0,0,0,0,1,1,3,2,42,7,1896,2,11,8,1
201443W147104,1,9,0,7,0,5,2,0,3,7,1,1,6,1,40,7,1598,1,16,-1,1
201443W148014,1,9,0,6,0,2,0,0,0,0,3,1,2,2,38,7,1995,2,10,5,1
201443W148014,2,1,0,18,0,2,0,0,0,0,1,1,2,2,36,7,-1,-1,-1,2,1
201443W148054,1,9,0,18,0,0,0,0,0,0,1,1,1,1,28,6,-1,-1,-1,5,1
201443W148054,2,9,0,4,0,0,0,0,0,0,2,1,2,2,23,5,1596,1,7,8,3
201443W148054,3,9,0,4,0,0,0,0,0,0,2,1,2,2,33,6,1598,1,8,6,1
201443W149014,1,9,0,18,0,4,0,0,0,0,1,1,6,1,-1,-1,1995,2,6,-1,-1
201443W149014,2,1,0,18,0,8,0,0,0,0,2,1,1,1,29,6,-1,-1,-1,3,1
201443W149024,1,9,0,18,0,0,0,0,0,0,4,1,6,1,72,10,-1,-1,-1,10,2
201443W149044,1,1,0,18,0,6,0,0,0,0,1,1,6,1,32,6,-1,-1,-1,4,1
201443W149044,2,9,0,3,0,1,0,0,0,0,4,1,1,1,69,10,1598,2,-1,7,1
201443W149074,1,9,0,13,0,0,0,0,0,0,4,1,6,3,-1,-1,-1,-1,-1,-1,-1
201443W149074,2,1,0,18,0,0,0,0,0,0,1,1,6,1,20,4,-1,-1,-1,10,1
201443W150064,1,9,0,9,0,8,0,0,0,0,1,1,6,2,46,8,-1,-1,-1,4,1
201443W150064,2,1,0,18,0,8,0,0,0,0,1,1,6,1,31,6,-1,-1,-1,5,1
201443W151014,1,19,4,9,0,2,0,0,0,0,3,1,6,1,-1,-1,-1,-1,-1,-1,-1
201443W151014,2,9,0,18,0,1,0,0,0,0,3,1,6,2,40,7,1997,2,4,9,3
201443W151074,1,9,0,18,0,1,0,0,0,0,1,1,6,3,-1,-1,-1,-1,-1,-1,-1
201443W151074,2,22,0,18,0,1,0,0,0,0,3,1,6,1,52,8,-1,-1,-1,4,1
201443W151084,1,9,0,4,0,1,0,0,0,0,1,1,6,1,-1,-1,3222,2,10,1,1
201443W151084,2,9,0,3,0,1,0,0,0,0,2,1,6,1,56,9,998,1,7,9,1
201443W152024,1,8,0,12,0,0,0,0,0,0,1,1,6,1,-1,-1,-1,-1,-1,-1,-1
201443W152024,2,9,0,18,0,0,0,0,0,0,2,1,6,2,34,6,1360,1,4,2,1
201443W152054,1,9,0,18,0,0,0,0,0,0,1,1,6,2,-1,-1,1685,2,2,-1,-1
201443W152054,2,1,0,18,0,0,0,0,0,0,3,1,6,2,25,5,-1,-1,-1,8,1
201443W152064,1,9,0,11,0,0,0,0,0,0,4,1,3,2,43,7,1968,2,6,10,1
201443W152064,2,1,0,18,0,0,0,0,0,0,3,1,6,1,40,7,-1,-1,-1,-1,-1
201443W152114,1,9,0,9,0,0,2,10,8,10,3,1,6,1,17,4,1242,1,8,9,1
201443W153014,1,9,0,18,0,3,0,0,1,11,1,1,6,1,76,11,2268,2,1,10,1
201443W153014,2,9,0,18,0,3,0,0,0,0,2,1,6,2,50,8,2494,1,14,10,1
201443W153104,1,9,0,18,0,0,0,0,0,0,4,1,6,3,-1,-1,-1,-1,-1,-1,-1
201443W153104,2,9,0,18,0,0,0,0,0,0,3,1,6,1,35,6,1596,1,9,7,1
201443W154024,1,9,0,4,0,1,0,0,0,0,1,1,6,1,-1,-1,-1,-1,-1,1,1
201443W154024,2,19,0,3,0,1,0,0,0,0,2,1,1,1,46,8,1968,2,2,4,1
201443W154064,1,9,0,18,0,0,2,0,1,7,1,1,6,2,24,5,1242,1,9,-1,1
201443W154084,1,9,0,18,0,1,1,0,0,0,1,1,6,1,27,6,1360,1,8,10,2
201443W154084,2,9,0,10,0,1,0,0,0,0,2,1,6,1,23,5,1896,2,13,10,2
201443W154084,3,9,0,10,0,1,0,0,0,0,2,1,6,1,-1,-1,2922,1,18,10,1
201443W156014,1,9,0,3,0,1,0,0,0,0,1,1,6,2,28,6,2171,1,10,10,1
201443W156014,2,9,0,3,0,1,0,0,0,0,2,1,2,1,61,9,-1,-1,-1,9,1
201443W156014,3,9,0,3,0,1,0,0,0,0,2,1,6,1,-1,-1,1968,2,3,7,1
201443W156044,1,9,0,10,0,5,0,0,1,0,2,1,1,2,30,6,1229,1,8,9,1
201443W156044,2,9,0,18,0,1,0,0,1,0,1,1,6,1,27,6,-1,-1,-1,10,1
201443W157014,1,9,0,1,0,6,0,0,0,0,3,1,6,1,32,6,1970,1,10,4,1
201443W157014,2,3,0,18,0,8,0,0,0,0,1,1,6,1,21,5,125,1,1,-1,1
201443W157034,1,9,0,9,0,6,0,0,0,0,3,1,6,1,23,5,1242,1,6,4,1
201443W157034,2,9,0,18,0,1,0,0,0,0,4,1,6,2,42,7,1229,1,2,-1,1
201443W157044,1,9,0,18,0,4,1,0,2,2,3,1,6,1,18,4,1364,1,10,9,1
201443W157094,1,9,0,18,0,8,0,0,0,0,3,1,6,1,23,5,1242,1,3,10,1
201443W158034,1,9,0,18,0,1,0,0,0,0,1,1,6,1,63,9,1240,1,9,-1,-1
201443W158054,1,9,0,18,0,0,0,0,0,0,4,1,6,2,48,8,1390,1,16,10,1
201443W158054,2,1,0,18,0,0,0,0,0,0,1,1,6,1,14,3,-1,-1,-1,10,1
201443W158084,1,17,4,18,0,0,0,11,0,0,1,1,1,1,56,9,4525,2,3,-1,1
201443W158084,2,1,0,18,0,0,0,0,0,0,3,1,6,1,33,6,-1,-1,-1,9,1
201443W158124,1,9,0,18,0,0,0,0,0,0,1,1,6,2,-1,-1,998,1,7,-1,-1
201443W158124,2,9,0,3,0,0,0,0,0,0,2,1,6,2,17,4,998,1,4,7,3
201443W159014,1,9,0,1,0,6,0,0,3,11,2,1,6,2,86,11,1595,1,12,10,1
201443W159044,1,9,0,18,0,8,0,0,1,1,1,1,6,2,35,6,1984,1,13,10,1
201443W159044,2,9,0,18,0,8,0,0,1,0,3,1,6,1,65,9,1461,2,4,6,3
201443W159084,1,9,0,9,0,6,0,0,0,0,3,1,6,2,23,5,1240,1,11,4,1
201443W159084,2,11,0,18,0,1,0,0,0,0,1,1,1,1,51,8,4500,2,3,10,3
201443W160014,1,20,0,1,0,1,0,4,0,0,2,1,1,1,43,7,4461,2,3,3,1
201443W160014,2,9,0,2,0,1,0,0,0,0,1,1,6,2,57,9,1769,1,12,6,1
201443W160044,1,9,0,16,0,0,0,0,2,4,3,1,6,1,34,6,1598,1,11,7,2
201443W160084,1,9,0,18,0,0,0,0,1,1,1,1,2,1,53,8,1598,2,-1,5,1
201443W160094,1,19,0,4,0,1,1,0,0,0,1,1,2,1,20,4,2198,2,5,-1,-1
201443W160094,2,9,0,8,0,1,0,0,0,0,2,1,2,2,19,4,1124,1,13,10,3
201443W160104,1,9,0,18,0,1,0,0,0,0,1,1,2,1,28,6,1598,2,2,6,1
201443W160104,2,9,0,3,0,1,0,0,0,0,2,1,2,1,34,6,1700,2,16,-1,-1
201443W160104,3,9,0,10,0,1,0,0,0,0,2,1,2,1,26,6,1360,1,8,9,3
201443W160114,1,9,0,16,0,4,0,0,0,0,1,1,1,1,47,8,1198,1,1,8,3
201443W160114,2,1,0,18,0,8,0,0,0,0,4,1,1,1,29,6,-1,-1,-1,9,2
201443W161034,1,9,0,18,0,1,0,0,0,0,1,1,6,1,-1,-1,2995,1,1,-1,-1
201443W161034,2,9,0,3,0,1,0,0,0,0,2,1,6,1,28,6,1240,1,10,5,1
201443W161034,3,8,0,3,0,1,0,0,0,0,2,1,6,1,-1,-1,2499,2,7,-1,-1
201443W161054,1,9,0,18,0,0,0,0,0,0,1,1,6,2,-1,-1,-1,-1,-1,-1,-1
201443W161084,1,9,0,18,0,0,0,0,0,0,1,1,6,3,-1,-1,-1,-1,-1,-1,-1