Accident_Index,Vehicle_Reference,Vehicle_Type,Towing_and_Articulation,Vehicle_Manoeuvre,Vehicle_Location-Restricted_Lane,Junction_Location,Skidding_and_Overturning,Hit_Object_in_Carriageway,Vehicle_Leaving_Carriageway,Hit_Object_off_Carriageway,1st_Point_of_Impact,Was_Vehicle_Left_Hand_Drive?,Journey_Purpose_of_Driver,Sex_of_Driver,Age_of_Driver,Age_Band_of_Driver,Engine_Capacity_(CC),Propulsion_Code,Age_of_Vehicle,Driver_IMD_Decile,Driver_Home_Area_Type
201443W201084,2,9,0,18,0,0,2,0,1,0,2,1,6,1,69,10,1998,1,13,2,1
201443W201114,1,9,0,18,0,6,0,0,0,0,3,1,6,2,84,11,1390,1,6,10,1
201443W201114,2,9,0,18,0,8,0,0,0,0,1,1,6,2,49,8,1973,1,13,9,3
201443W202054,1,9,0,18,0,0,0,0,7,11,1,1,6,2,75,10,1229,1,9,10,1
201443W202064,1,21,1,18,0,0,1,0,0,0,1,1,1,1,39,7,7201,2,3,8,1
201443W202064,2,21,5,2,0,0,0,0,0,0,2,1,1,1,45,7,12600,2,16,3,1
201443W203024,1,9,0,9,0,1,0,0,0,0,1,1,6,1,23,5,973,1,12,3,1
201443W203024,2,9,0,18,0,1,0,0,0,0,1,1,6,2,41,7,1781,1,23,-1,1
201443W203054,1,9,0,5,0,6,0,0,0,0,1,1,6,1,45,7,1360,1,16,8,1
201443W203074,1,9,0,18,0,1,0,0,0,0,1,1,6,2,-1,-1,1753,2,13,-1,-1
201443W203074,2,9,0,3,0,1,0,0,0,0,2,1,6,1,35,6,1590,1,10,4,1
201443W203084,1,9,0,18,0,0,5,0,0,0,1,1,6,2,81,11,1339,1,6,7,1
201443W203084,2,9,0,2,0,0,0,0,0,0,2,1,6,1,-1,-1,1398,1,1,6,3
201443W203104,1,9,0,18,0,0,0,0,0,0,1,1,6,2,46,8,1968,2,9,6,1
201443W204024,1,9,0,18,0,0,0,0,7,10,1,1,6,2,23,5,1896,2,16,4,1
201443W204024,2,9,0,18,0,0,0,0,1,10,1,1,6,2,69,10,998,1,7,10,1
201443W204054,1,21,1,11,0,0,0,0,0,0,4,1,1,1,66,10,-1,-1,-1,7,1
201443W204054,2,9,0,18,0,0,1,0,4,6,3,1,6,1,45,7,1998,2,2,3,1
201443W205014,1,9,0,9,0,2,0,0,0,0,3,1,2,1,20,4,1199,2,1,10,1
201443W205024,1,9,0,18,0,1,0,0,0,0,1,1,2,2,22,5,996,1,2,8,1
201443W205054,1,9,0,18,0,0,0,0,0,0,1,1,6,1,23,5,1896,2,12,-1,-1
201443W205054,2,9,0,4,0,0,0,0,0,0,2,1,6,1,-1,-1,1598,1,13,10,1
201443W205074,1,1,0,18,0,2,0,0,0,0,1,1,1,1,34,6,-1,-1,-1,5,1
201443W205074,2,9,0,18,0,2,0,0,0,0,2,1,1,1,27,6,973,1,16,2,1
201443W205104,1,9,0,18,0,0,0,0,0,0,1,1,6,3,-1,-1,-1,-1,-1,-1,-1
201443W205104,2,1,0,18,0,0,0,0,0,0,2,1,6,1,29,6,-1,-1,-1,5,1
201443W206054,1,9,0,18,0,0,1,0,4,6,1,1,6,2,22,5,1229,1,-1,10,1
201443W206054,2,9,0,12,0,0,1,0,4,6,3,1,6,1,53,8,1796,1,10,8,1
201443W206074,1,9,0,18,0,0,0,0,0,0,1,1,2,1,30,6,1968,2,4,-1,-1
201443W206074,2,9,0,3,0,0,0,0,0,0,2,1,6,2,70,10,-1,-1,-1,10,1
201443W206074,3,9,0,9,0,0,0,0,0,0,2,1,6,2,48,8,1149,1,3,10,1
201443W206124,1,9,0,18,0,0,0,4,0,0,1,1,6,2,43,7,1582,2,2,10,1
201443W206124,2,9,0,2,0,0,0,0,0,0,1,1,6,2,49,8,1998,1,11,9,3
201443W207014,1,9,0,18,0,4,0,0,0,0,1,1,6,2,-1,-1,1390,1,7,-1,-1
201443W207014,2,9,0,18,0,4,0,0,0,0,3,2,6,1,34,6,-1,-1,-1,-1,-1
201443W207054,1,9,0,9,0,1,0,0,0,0,1,1,6,1,77,11,1560,2,2,4,1
201443W207054,2,3,0,18,2,1,0,0,0,0,3,1,2,1,18,4,125,1,8,7,1
201443W207064,1,9,0,3,0,1,0,0,0,0,2,1,6,1,-1,-1,5000,1,5,-1,-1
201443W207064,2,9,0,3,0,1,0,0,0,0,2,1,6,2,34,6,1598,1,11,10,1
201443W207064,3,9,0,18,0,1,0,0,0,0,1,1,6,1,-1,-1,1229,1,6,-1,-1
201443W207104,1,9,0,18,0,1,1,0,0,0,1,1,1,1,23,5,1242,1,12,5,1
201443W207104,2,9,0,4,0,1,0,0,0,0,2,1,1,2,38,7,1108,1,11,10,2
201443W207114,1,9,0,16,0,0,0,0,0,0,1,1,6,3,-1,-1,1560,2,7,-1,-1
201443W207114,2,9,0,3,0,0,0,0,0,0,2,1,6,2,27,6,1360,1,14,4,1
201443W208014,1,9,0,18,0,0,0,0,0,0,1,1,2,2,34,6,1781,1,12,9,3
201443W208014,2,9,0,18,0,0,0,0,0,0,2,1,2,1,52,8,2143,2,2,7,1
201443W208054,1,9,0,18,0,0,1,0,5,6,3,1,1,2,-1,-1,1598,1,11,5,1
201443W208064,1,9,0,18,0,8,0,0,0,0,4,1,6,2,20,4,1596,1,8,10,1
201443W208064,2,9,0,18,0,8,0,0,0,0,1,1,6,2,74,10,1998,1,15,9,2
201443W208124,1,98,0,9,0,6,0,0,0,0,3,1,6,1,67,10,2982,2,-1,7,3
201443W208124,2,9,0,18,0,8,0,0,0,0,1,1,6,2,76,11,2184,2,11,5,1
201443W209014,1,9,0,18,0,1,0,0,0,0,1,1,6,2,18,4,1242,1,13,9,1
201443W209014,2,9,0,3,0,1,0,0,0,0,2,1,6,2,43,7,1995,2,13,9,2
201443W209044,1,9,0,18,0,1,0,0,0,0,1,1,1,1,28,6,2400,2,2,-1,-1
201443W209044,2,9,0,9,0,1,0,0,0,0,2,1,1,1,36,7,3500,2,2,-1,-1
201443W209054,1,9,0,18,0,2,0,10,0,0,1,1,6,1,21,5,1242,1,7,3,1
201443W209054,2,9,0,2,0,1,0,0,0,0,1,1,6,1,21,5,1149,1,10,3,1
201443W209074,1,9,0,18,0,0,0,0,0,0,1,1,6,1,19,4,1390,1,13,7,3
201443W209074,2,8,0,18,0,0,0,0,0,0,2,1,6,1,-1,-1,2987,2,7,7,3
201443W209084,1,9,0,3,0,1,0,0,0,0,2,1,6,2,40,7,1598,1,13,10,1
201443W209084,2,9,0,18,0,1,0,0,0,0,1,1,6,1,45,7,1968,2,3,10,1
201443W209124,1,9,0,18,0,0,0,0,0,0,1,1,2,1,51,8,2720,2,8,8,3
201443W209124,2,9,0,18,0,0,1,0,1,0,1,1,6,2,45,7,1339,8,3,5,3
201443W210054,1,9,0,17,0,0,1,0,1,0,1,1,2,2,19,4,1149,1,16,5,1
201443W210054,2,9,0,18,0,0,0,0,1,0,1,1,2,1,20,4,1580,1,19,9,2
201443W211024,1,20,0,18,0,1,1,0,0,0,1,1,1,1,44,7,-1,-1,-1,3,1
201443W211024,2,9,0,7,0,5,0,0,1,11,2,1,6,2,42,7,1390,1,3,10,3
201443W211024,3,9,0,18,0,1,1,0,0,0,2,1,6,2,33,6,1896,2,11,-1,2
201443W211034,1,9,0,18,0,1,0,0,0,0,1,1,2,2,18,4,1242,1,13,7,1
201443W211034,2,9,0,3,0,1,0,0,0,0,2,1,6,1,23,5,1364,1,10,7,1
201443W211044,1,9,0,18,0,0,0,0,0,0,4,1,6,3,-1,-1,-1,-1,-1,-1,-1
201443W211054,1,9,0,17,0,0,0,0,0,0,1,1,2,1,33,6,1995,2,6,10,1
201443W211054,2,9,0,18,0,0,0,0,0,0,1,1,2,2,45,7,998,1,20,7,3
201443W211064,1,9,0,18,0,1,0,0,0,0,3,1,1,1,28,6,1968,2,8,10,1
201443W211064,2,1,0,18,9,8,0,0,0,0,1,1,2,2,26,6,-1,-1,-1,3,1
201443W211084,1,9,0,18,0,0,0,0,0,0,1,1,1,1,40,7,2400,2,2,-1,-1
201443W211124,1,8,0,9,0,2,0,0,0,0,1,1,6,1,-1,-1,1896,2,8,5,1
201443W212024,1,9,0,9,0,8,0,0,0,0,1,1,1,1,25,5,1598,1,7,2,1
201443W212024,2,1,0,18,0,1,0,0,0,0,3,1,1,2,47,8,-1,-1,-1,5,1
201443W212044,1,9,0,4,0,2,0,0,0,0,2,1,1,1,46,8,2319,2,2,4,1
201443W212044,2,9,0,18,0,8,1,0,0,0,1,1,6,1,25,5,1596,1,12,8,1
201443W212044,3,8,0,8,0,1,0,0,0,0,0,1,1,1,64,9,2151,2,12,3,1
201443W212064,1,5,0,18,0,1,0,0,0,0,3,1,6,1,49,8,645,1,2,-1,1
201443W212064,2,8,0,2,0,1,0,0,0,0,4,1,6,1,34,6,1560,2,3,6,1
201443W212104,1,9,0,5,0,1,0,0,0,0,1,1,1,2,58,9,2987,2,8,-1,-1
201443W212104,2,1,0,18,0,8,0,0,0,0,2,1,4,1,13,3,-1,-1,-1,10,1
201443W213024,1,9,0,14,0,1,0,0,0,0,1,1,6,1,27,6,1242,1,11,10,1
201443W213024,2,9,0,18,0,1,0,0,0,0,1,1,6,2,72,10,1299,1,15,10,1
201443W213024,3,9,0,3,0,1,0,0,0,0,2,1,6,2,46,8,1796,1,9,10,1
201443W213024,4,9,0,10,0,1,0,0,0,0,0,1,6,2,38,7,1560,2,8,10,1
201443W213064,1,9,0,11,0,0,0,0,0,0,4,1,1,1,39,7,1896,2,8,-1,1
201443W213064,2,21,1,18,0,0,0,0,0,0,1,1,1,1,58,9,12900,2,3,4,1
201443W214014,1,9,0,18,0,0,1,0,2,7,1,1,6,1,60,9,2720,2,6,3,1
201443W214024,1,19,0,9,0,3,0,0,0,0,1,1,2,1,26,6,2148,2,6,9,1
201443W214024,2,9,0,4,0,3,0,0,0,0,2,1,2,1,30,6,1364,1,5,2,1
201443W214034,1,9,0,4,0,1,0,0,0,0,1,1,6,1,21,5,1598,1,9,10,1
201443W214034,2,9,0,3,0,1,0,0,0,0,2,1,2,2,32,6,1753,2,11,9,1
201443W214034,3,9,0,3,0,1,0,0,0,0,2,1,2,1,38,7,1997,2,9,6,1
201443W214044,1,19,0,18,0,0,0,0,0,0,4,1,2,1,28,6,2198,2,7,10,1
201443W214054,1,9,0,18,0,2,0,0,0,0,4,1,1,1,45,7,1598,2,1,9,1
201443W215014,1,9,0,9,0,6,0,0,0,0,3,1,1,1,44,7,1598,2,1,4,1
201443W215014,2,5,0,18,0,1,0,0,0,0,1,1,6,1,48,8,798,1,8,8,1
201443W215024,1,9,0,7,0,8,0,0,0,0,1,1,1,1,61,9,-1,-1,-1,7,2
201443W215024,2,1,0,18,0,8,0,0,0,0,2,1,6,1,40,7,-1,-1,-1,-1,-1
201443W215054,1,5,0,18,2,0,0,0,0,0,1,1,2,1,58,9,1170,1,1,10,2
201443W215074,1,9,0,12,0,0,2,0,1,9,0,1,6,1,25,5,1360,1,7,7,3
201443W215124,1,9,0,5,0,0,0,0,0,0,3,1,6,2,41,7,1783,1,15,3,1
201443W215124,2,1,0,18,0,0,0,0,0,0,4,1,1,1,61,9,-1,-1,-1,10,1
201443W216024,1,9,0,13,0,8,0,0,0,0,4,1,6,1,43,7,1796,1,5,4,1
201443W216024,2,11,0,9,0,5,0,0,0,0,3,1,1,2,38,7,9000,2,6,10,1
201443W217124,1,9,0,9,0,6,0,0,0,0,3,1,6,2,27,6,1900,2,10,8,1
201443W217124,2,9,0,18,0,8,0,0,0,0,1,1,1,1,25,5,1405,1,10,7,1
201443W218024,1,9,0,1,0,0,0,0,0,0,2,1,6,1,-1,-1,-1,-1,-1,-1,-1
201443W218024,2,9,0,18,0,0,0,0,0,0,3,1,6,2,27,6,1199,1,10,9,1
201443W218044,1,9,0,13,0,0,0,0,7,9,1,1,2,1,26,6,-1,-1,-1,-1,1
201443W218044,2,9,0,17,0,0,0,0,1,0,3,1,2,1,50,8,1497,8,8,10,3
201443W219014,1,9,0,9,0,8,0,0,0,0,1,1,6,1,43,7,2179,2,3,7,3
201443W219014,2,9,0,18,0,8,0,0,7,4,1,1,6,1,42,7,1598,1,2,9,1
201443W219074,1,5,0,13,0,0,1,0,0,0,1,1,6,1,40,7,1441,1,1,-1,1
201443W219074,2,9,0,18,0,0,0,0,0,0,2,1,6,1,69,10,-1,-1,-1,-1,3
201443W219114,1,9,0,18,0,4,0,0,0,0,1,1,2,1,62,9,1498,1,6,10,1
201443W220064,1,9,0,9,0,5,0,0,0,0,1,1,6,1,50,8,1587,1,10,8,1
201443W220104,1,9,0,5,0,2,0,0,0,0,1,1,2,1,48,8,-1,-1,-1,6,1
201443W220104,2,1,0,18,0,1,0,0,0,0,1,1,6,1,25,5,-1,-1,-1,-1,1
201443W221024,1,9,0,18,0,2,1,0,0,0,1,1,6,1,23,5,1360,1,12,8,2
201443W221024,2,9,0,4,0,2,0,0,0,0,2,1,6,1,53,8,1900,2,13,8,2
201443W221104,1,3,0,17,0,2,0,10,1,2,4,1,6,1,20,4,124,1,1,4,1
201443W221114,1,9,0,18,0,5,0,0,0,0,4,1,1,2,-1,-1,1595,2,4,9,1
201443W221114,2,1,0,18,0,8,0,0,0,0,1,1,6,2,31,6,-1,-1,-1,10,1
201443W223014,1,9,0,18,0,0,1,0,0,0,1,1,1,1,23,5,-1,-1,-1,10,1
201443W223014,2,9,0,3,0,0,0,0,0,0,2,1,1,1,63,9,998,1,8,9,3
201443W223014,3,9,0,3,0,0,0,0,0,0,2,1,1,1,31,6,2494,2,4,6,1
201443W223034,1,9,0,12,0,0,1,0,1,4,1,1,6,1,24,5,1998,1,9,3,1
201443W223034,2,9,0,12,0,0,1,0,1,1,2,1,6,2,59,9,1598,1,9,9,1
201443W224024,1,9,0,18,0,1,0,0,0,0,1,1,1,2,25,5,998,1,8,10,1
201443W224034,1,2,0,18,0,1,0,0,0,0,1,1,2,1,19,4,49,1,10,3,1
201443W224034,2,9,0,18,0,1,0,0,0,0,2,1,2,1,51,8,1995,2,-1,9,2
201443W224064,1,9,0,18,0,0,0,0,0,0,1,1,6,2,-1,-1,1598,1,5,6,1
201443W224064,2,9,0,3,0,0,0,0,0,0,2,1,6,2,41,7,2494,1,13,4,1
201443W224074,1,9,0,5,0,0,0,0,0,0,3,1,6,3,-1,-1,1598,1,13,-1,-1
201443W224074,2,1,0,18,0,0,0,0,0,0,1,1,6,2,25,5,-1,-1,-1,9,3
201443W224104,1,9,0,18,0,0,2,0,1,0,3,1,1,1,29,6,1199,1,12,2,1
201443W224104,2,19,0,18,0,0,0,0,0,0,0,1,1,1,44,7,2402,2,5,5,1
201443W225034,1,9,0,7,0,6,0,0,0,0,1,1,2,1,33,6,1590,1,13,3,1
201443W225034,2,1,0,18,0,8,0,0,0,0,3,1,6,2,21,5,-1,-1,-1,5,1
201443W225104,1,9,0,18,0,0,0,0,0,0,1,1,6,2,59,9,998,1,3,6,1
201443W225104,2,9,0,18,0,0,0,0,0,0,1,1,6,1,54,8,2000,2,3,1,1
201443W227024,1,9,0,18,0,6,0,0,0,0,2,1,6,1,25,5,-1,-1,-1,-1,-1
201443W227024,2,9,0,3,0,6,0,0,0,0,1,1,6,2,28,6,1598,1,9,8,1
201443W228024,1,9,0,9,0,1,0,0,0,0,1,1,6,1,88,11,1199,1,11,10,3
201443W228024,2,9,0,3,0,2,0,0,0,0,0,1,6,1,64,9,1968,2,4,8,1
201443W228074,1,9,0,7,0,8,0,0,0,0,4,1,6,3,-1,-1,-1,-1,-1,-1,-1
201443W228074,2,1,0,18,0,8,0,0,0,0,3,1,6,2,28,6,-1,-1,-1,2,1
201443W229014,1,19,0,18,0,1,0,0,0,0,4,1,1,1,30,6,-1,-1,-1,-1,-1
201443W230014,1,9,0,13,0,0,0,0,0,0,4,1,2,1,52,8,1998,1,14,9,1
201443W230014,2,1,0,18,0,0,0,0,0,0,3,1,2,1,39,7,-1,-1,-1,3,1
201443W230034,1,19,0,18,0,1,2,0,0,0,1,1,1,1,26,6,1299,1,12,10,3
201443W230034,2,9,0,3,0,1,0,0,0,0,2,1,1,3,42,7,1390,1,12,10,1
201443W230124,1,9,0,18,0,0,1,0,2,7,1,1,6,2,22,5,1299,1,6,9,3
201443W232064,1,9,0,7,0,8,0,0,1,1,1,1,6,2,54,8,1388,1,12,10,1
201443W232124,1,19,0,7,0,5,0,0,0,0,4,1,6,1,-1,-1,1560,2,7,-1,-1
201443W232124,2,1,0,18,0,8,0,0,0,0,1,1,6,2,37,7,-1,-1,-1,6,1
201443W233014,1,19,0,7,0,8,2,0,0,0,1,1,1,2,21,5,2287,2,2,5,1
201443W234024,1,9,0,18,0,0,0,0,0,0,1,1,6,1,17,4,1390,1,11,9,1
201443W234024,2,9,0,4,0,0,0,0,0,0,2,1,6,2,52,8,1389,1,16,4,1
201443W234064,1,9,0,9,0,4,0,0,1,0,3,1,6,1,44,7,1560,2,-1,-1,1
201443W234064,2,9,0,18,0,8,0,0,0,0,1,1,6,2,23,5,1796,1,14,10,1
201443W234104,1,9,0,18,0,8,0,0,0,0,1,1,6,1,-1,-1,-1,-1,-1,-1,-1
201443W234104,2,9,0,3,0,8,0,0,0,0,2,1,1,2,58,9,-1,-1,-1,8,1
201443W235024,1,9,0,18,0,0,0,0,1,10,1,1,6,2,28,6,1951,2,15,-1,1
201443W235024,2,9,0,3,0,0,0,0,0,0,2,1,1,1,29,6,-1,-1,-1,7,3
201443W235034,1,9,0,18,0,0,1,0,2,7,1,1,6,2,33,6,1598,1,12,-1,-1
201443W235124,1,9,0,18,0,0,0,0,1,7,1,1,6,2,22,5,1598,1,16,6,1
201443W236124,1,9,0,18,0,0,0,0,0,0,1,1,6,2,75,10,1388,1,2,4,1
201443W236124,2,9,0,2,0,0,0,0,0,0,2,1,6,2,22,5,-1,-1,-1,-1,1
201443W237114,1,9,0,9,0,8,0,0,0,0,1,1,3,1,54,8,999,1,6,10,1
201443W238014,1,9,0,18,0,1,0,0,0,0,1,1,6,2,18,4,1390,1,4,10,1
201443W238024,1,9,0,9,0,2,0,0,0,0,1,1,6,1,48,8,1984,1,14,3,1
201443W238024,2,2,0,3,0,1,0,0,0,0,4,1,2,1,51,8,49,1,2,4,1
201443W239024,1,5,0,18,0,0,0,0,0,0,4,1,6,1,40,7,1237,1,1,10,1
201443W239034,1,90,0,18,0,1,0,0,1,0,1,1,6,1,24,5,-1,-1,-1,3,1
201443W239034,2,9,0,18,0,2,0,0,0,0,4,1,6,3,-1,-1,1796,1,10,-1,-1
201443W239074,1,9,0,18,0,0,0,0,0,0,1,1,6,1,-1,-1,1798,1,6,10,1
201443W240014,1,9,0,16,0,0,2,0,1,11,1,1,6,1,33,6,1392,1,25,10,1
201443W240034,1,9,0,13,0,0,0,0,0,0,4,1,6,2,-1,-1,1988,2,10,-1,-1
201443W240034,2,1,0,18,0,0,0,0,0,0,3,1,6,1,26,6,-1,-1,-1,5,1
201443W240064,1,9,0,9,0,6,0,0,0,0,1,1,2,2,37,7,1242,1,1,5,1
201443W240064,2,5,0,18,0,8,0,0,0,0,4,1,6,1,43,7,999,1,9,10,2
201443W240114,1,21,1,18,7,0,0,0,0,0,1,1,1,1,39,7,12900,2,4,-1,-1
201443W240114,2,19,0,5,6,0,0,0,0,0,2,1,1,1,25,5,2198,2,1,3,1
201443W241024,1,9,0,18,0,8,2,0,7,0,1,1,6,1,29,6,1896,1,18,10,1
201443W241024,2,9,0,2,0,1,0,0,0,0,2,1,6,3,-1,-1,1598,1,13,-1,-1
201443W241024,3,9,0,2,0,1,0,0,0,0,2,1,6,3,-1,-1,1598,1,11,-1,-1
201443W241024,4,19,0,2,0,1,0,0,0,0,2,1,6,3,-1,-1,1998,2,10,-1,-1
201443W241074,1,9,0,5,0,4,0,0,0,0,1,1,2,1,25,5,1998,2,10,-1,1
201443W241074,2,1,0,3,0,4,0,0,0,0,2,1,2,1,27,6,-1,-1,-1,-1,1
201443W242024,1,9,0,17,0,1,2,6,1,7,1,1,6,1,31,6,2993,2,10,-1,-1
201443W242064,1,9,0,16,0,2,0,0,0,0,3,1,6,1,30,6,1360,1,5,10,1
201443W242064,2,9,0,17,0,1,0,0,0,0,3,1,6,2,40,7,1242,1,7,10,3
201443W242074,1,9,0,18,0,4,0,0,0,0,1,1,6,2,-1,-1,-1,-1,-1,-1,-1
201443W242074,2,4,0,9,0,8,0,0,0,0,4,1,2,1,48,8,-1,-1,-1,2,1
201443W242114,1,9,0,18,0,1,0,0,0,0,1,1,6,1,30,6,-1,-1,-1,10,1
201443W242114,2,9,0,10,0,1,0,0,0,0,2,1,6,2,48,8,1796,1,11,10,1
201443W243024,1,9,0,18,0,0,0,0,0,0,3,1,6,2,-1,-1,-1,-1,-1,-1,-1
201443W243024,2,9,0,18,0,0,0,0,0,0,1,1,6,1,71,10,1598,1,14,10,1
201443W243104,1,9,0,9,0,6,0,0,0,0,1,1,6,2,-1,-1,-1,-1,-1,-1,-1
201443W243104,2,1,0,18,0,8,0,0,0,0,4,1,1,2,34,6,-1,-1,-1,10,1
201443W243124,1,9,0,9,0,4,0,0,0,0,3,1,6,2,26,6,-1,-1,-1,-1,-1
201443W243124,2,9,0,18,0,4,0,0,0,0,1,1,6,1,33,6,1995,2,-1,9,1
201443W244014,1,1,0,18,0,0,0,0,0,0,1,1,6,1,-1,-1,-1,-1,-1,-1,-1
201443W244074,1,9,0,18,0,0,0,0,0,0,1,1,6,1,49,8,2204,2,7,8,1
201443W244124,1,9,0,18,0,1,0,0,0,0,4,1,6,2,75,10,1242,1,15,8,1
201443W244124,2,1,0,18,0,1,0,0,0,0,3,1,6,1,18,4,-1,-1,-1,-1,-1
201443W245074,1,9,0,16,0,0,1,0,0,0,1,1,6,1,64,9,1796,1,16,7,1
201443W245074,2,9,0,17,0,0,1,0,0,0,1,1,6,1,68,10,1590,1,9,8,1
201443W245114,1,9,0,18,0,0,0,0,0,0,4,1,6,2,55,8,1995,2,2,5,1
201443W245114,2,9,0,18,0,0,0,0,0,0,3,1,6,1,71,10,1995,2,-1,9,3
201443W245114,3,9,0,18,0,0,0,0,0,0,2,1,6,1,28,6,1364,1,9,8,1
201443W245114,4,9,0,18,0,0,0,0,0,0,2,1,6,1,71,10,1388,1,8,8,1
201443W245114,5,9,0,18,0,0,0,0,0,0,2,1,6,1,62,9,2204,2,5,8,3
201443W245114,6,9,0,18,0,0,0,0,0,0,2,1,6,1,64,9,1995,1,3,-1,-1
201443W245114,7,9,0,18,0,0,0,0,0,0,2,1,6,1,67,10,-1,-1,-1,-1,-1
201443W246014,1,9,0,9,0,8,0,0,0,0,1,1,1,1,29,6,1248,2,2,7,1
201443W246014,2,9,0,9,0,8,0,0,0,0,1,1,6,1,36,7,3189,1,10,9,2
201443W246014,3,19,0,9,0,8,0,0,1,3,2,1,1,1,58,9,2198,2,4,4,2
201443W246024,1,9,0,18,0,0,0,0,0,0,1,1,1,2,43,7,1242,1,9,3,1
201443W246104,1,9,0,9,0,1,0,0,0,0,1,1,6,1,-1,-1,-1,-1,-1,-1,-1
201443W246104,2,9,0,9,0,1,0,0,0,0,2,1,2,2,55,8,-1,-1,-1,4,1
201443W246114,1,9,0,13,0,0,0,0,0,0,4,1,6,3,-1,-1,-1,-1,-1,-1,-1
201443W246114,2,1,0,18,0,0,0,0,0,0,3,1,6,1,25,5,-1,-1,-1,2,1
201443W247014,1,9,0,9,0,6,0,0,0,0,4,1,2,2,43,7,1998,2,5,10,1
201443W247014,2,5,0,18,0,8,0,0,0,0,1,1,2,1,33,6,599,1,9,10,1
201443W247074,1,9,0,17,0,0,2,0,7,11,0,1,6,1,17,4,1360,1,12,4,1
201443W248064,1,3,0,15,0,8,1,0,1,1,1,1,6,1,28,6,124,1,1,6,1
201443W248064,2,9,0,7,0,5,0,0,0,0,4,1,2,1,48,8,1598,2,5,8,1
201443W248074,1,9,0,18,0,1,0,0,0,0,1,1,6,1,45,7,2435,1,16,-1,-1
201443W248074,2,9,0,3,0,1,0,0,0,0,2,1,2,1,50,8,2496,2,9,9,1
201443W248104,1,9,0,16,0,8,2,0,1,3,1,1,6,2,36,7,1360,1,13,5,1
201443W249014,1,9,0,3,0,0,0,0,0,0,2,1,1,2,27,6,1200,1,1,2,1
201443W249014,2,19,0,4,0,0,0,0,0,0,1,1,6,1,-1,-1,1996,2,3,5,1
201443W249064,1,9,0,18,0,0,0,0,0,0,1,1,6,3,-1,-1,1389,1,17,8,1
201443W249064,2,9,0,3,0,0,0,0,0,0,2,1,6,2,38,7,1781,1,18,4,1
201443W249074,1,1,0,18,2,8,0,0,0,0,1,1,2,1,27,6,-1,-1,-1,4,1
201443W249074,2,1,0,9,0,8,0,0,0,0,3,1,2,2,57,9,-1,-1,-1,7,1
201443W250064,1,9,0,9,0,5,0,0,0,0,3,1,6,1,79,11,1596,1,3,10,1
201443W250064,2,3,0,18,0,8,0,0,0,0,4,1,6,2,19,4,124,1,2,10,1
201443W250104,1,9,0,18,0,0,0,0,0,0,1,1,2,1,20,4,1590,1,9,10,1
201443W250104,2,9,0,4,0,0,0,0,0,0,2,1,2,1,48,8,1951,2,13,8,1
201443W250104,3,9,0,4,0,0,0,0,0,0,2,1,2,1,35,6,1995,2,2,8,1
201443W250114,1,9,0,9,0,5,0,0,0,0,4,1,1,2,46,8,1229,1,-1,10,1
201443W250114,2,1,0,15,0,8,0,0,0,0,1,1,6,1,51,8,-1,-1,-1,10,1
201443W251064,1,9,0,2,0,2,0,0,0,0,1,1,6,1,40,7,1995,1,12,4,1
201443W251064,2,19,0,1,0,2,0,0,0,0,2,1,6,1,60,9,2461,2,4,3,1
201443W251074,1,5,0,18,0,1,1,0,0,0,1,1,6,1,67,10,1064,1,9,-1,-1
201443W251074,2,5,0,4,0,1,0,0,4,0,2,1,6,1,61,9,897,1,5,10,1
201443W251124,1,9,0,9,0,4,0,0,7,1,3,1,6,1,31,6,1968,2,9,9,3
201443W251124,2,9,0,18,0,8,0,0,0,0,1,1,1,1,47,8,1997,2,-1,6,3
201443W252014,1,9,0,5,0,0,0,0,0,0,1,1,6,1,65,9,1798,8,2,4,1
201443W252064,1,9,0,9,0,8,0,0,0,0,4,1,6,2,23,5,1587,1,12,8,1
201443W252064,2,1,0,18,0,8,0,0,0,0,1,1,6,1,57,9,-1,-1,-1,6,2
201443W252074,1,5,0,14,0,8,0,0,0,0,1,1,6,1,21,5,645,1,10,5,1
201443W252074,2,1,0,18,0,8,0,0,0,0,3,1,6,1,11,3,-1,-1,-1,7,3
201443W253104,1,9,0,9,0,6,0,0,0,0,4,1,6,1,23,5,1781,1,12,4,1
201443W253104,2,9,0,18,0,1,0,0,1,3,3,1,6,2,21,5,1199,2,3,9,1
201443W254064,1,97,0,15,0,0,0,0,1,0,1,1,6,1,23,5,-1,-1,-1,8,3
201443W254064,2,19,0,7,0,0,0,0,0,0,4,1,6,1,63,9,2464,2,6,6,1
201443W254124,1,9,0,9,0,8,0,0,0,0,1,1,6,1,37,7,1398,2,1,-1,1
201443W254124,2,9,0,18,0,8,0,0,0,0,1,1,6,1,69,10,1991,2,11,10,1
201443W255064,1,9,0,9,0,8,0,0,0,0,1,1,6,2,77,11,-1,-1,-1,8,2
201443W255064,2,5,0,18,0,8,0,0,7,11,1,1,6,1,44,7,675,1,5,8,2