Accident_Index,Vehicle_Reference,Vehicle_Type,Towing_and_Articulation,Vehicle_Manoeuvre,Vehicle_Location-Restricted_Lane,Junction_Location,Skidding_and_Overturning,Hit_Object_in_Carriageway,Vehicle_Leaving_Carriageway,Hit_Object_off_Carriageway,1st_Point_of_Impact,Was_Vehicle_Left_Hand_Drive?,Journey_Purpose_of_Driver,Sex_of_Driver,Age_of_Driver,Age_Band_of_Driver,Engine_Capacity_(CC),Propulsion_Code,Age_of_Vehicle,Driver_IMD_Decile,Driver_Home_Area_Type
201443W255074,1,9,0,12,0,0,0,0,0,0,1,1,6,1,34,6,1560,2,6,-1,1
201443W255074,2,9,0,18,0,0,0,0,0,0,2,1,6,1,51,8,1991,1,14,8,1
201443W255114,1,9,0,9,0,6,0,0,0,0,1,1,2,1,34,6,1995,2,6,-1,1
201443W255114,2,98,0,18,0,8,0,0,0,0,4,1,1,1,37,7,1560,2,2,7,1
201443W256074,1,9,0,18,0,0,0,0,7,9,1,1,6,2,51,8,1992,2,7,10,1
201443W256074,2,9,0,18,0,0,0,0,0,0,3,1,6,1,61,9,-1,-1,-1,10,1
201443W256104,1,9,0,18,0,0,0,0,0,0,1,1,6,1,39,7,1349,1,2,5,1
201443W256104,2,1,4,18,0,0,0,0,0,0,2,1,6,1,35,6,-1,-1,-1,5,3
201443W256124,1,9,0,18,0,1,0,0,0,0,1,1,6,1,34,6,1597,1,15,5,1
201443W257014,1,9,0,7,0,8,0,0,0,0,1,1,6,3,-1,-1,1275,1,15,5,1
201443W257074,1,11,0,18,0,0,0,0,0,0,1,1,1,2,41,7,9000,2,10,2,1
201443W257074,2,19,0,3,0,0,0,0,0,0,2,1,1,1,27,6,-1,-1,-1,6,3
201443W258114,1,9,0,18,0,4,0,0,0,0,1,1,2,2,43,7,1984,1,10,5,1
201443W258114,2,9,0,9,0,8,0,0,0,0,3,1,2,1,54,8,1587,1,10,3,1
201443W258124,1,9,0,18,0,4,0,7,8,10,1,1,6,1,47,8,1596,1,-1,10,1
201443W259104,1,9,0,9,0,5,0,0,0,0,1,1,2,1,33,6,1988,2,6,4,1
201443W259104,2,1,0,18,0,8,0,0,0,0,3,1,2,2,35,6,-1,-1,-1,6,1
201443W260074,1,9,0,18,0,1,0,0,0,0,1,1,1,1,24,5,1896,2,12,5,1
201443W260074,2,19,0,10,0,1,0,0,0,0,2,1,1,1,39,7,1248,2,2,10,1
201443W260104,1,9,0,18,0,1,0,0,0,0,1,1,6,1,60,9,2688,2,14,6,3
201443W260104,2,9,0,4,0,1,0,0,4,6,2,1,6,2,20,4,1242,1,-1,10,1
201443W260114,1,9,0,18,0,0,1,0,0,0,1,1,6,1,23,5,1560,2,7,6,1
201443W260114,2,9,0,4,0,0,0,0,0,0,2,1,6,2,37,7,1390,1,8,10,1
201443W260114,3,9,0,4,0,0,0,0,0,0,2,1,6,1,58,9,1796,1,2,10,1
201443W260124,1,9,0,11,0,0,0,0,0,0,2,1,6,1,28,6,1796,1,15,8,1
201443W260124,2,8,0,18,0,0,0,0,0,0,1,1,1,1,34,6,-1,-1,-1,4,1
201443W261104,1,1,0,17,0,2,0,0,0,0,1,1,6,1,45,7,-1,-1,-1,-1,-1
201443W261104,2,9,0,16,0,1,0,0,0,0,1,1,6,1,79,11,1753,2,11,7,3
201443W261114,1,19,0,5,0,4,0,0,0,0,1,1,6,1,43,7,2198,2,6,10,1
201443W261114,2,1,0,18,0,8,0,0,0,0,1,1,6,1,19,4,-1,-1,-1,5,1
201443W262124,1,9,0,12,0,7,0,0,0,0,1,1,6,1,74,10,1461,2,4,10,1
201443W263014,1,8,0,5,0,0,0,0,0,0,0,1,6,1,-1,-1,-1,-1,-1,-1,-1
201443W263074,1,9,0,7,0,8,0,0,0,0,3,1,6,2,54,8,1560,2,8,10,1
201443W263074,2,9,0,10,0,8,0,0,0,0,3,1,6,1,42,7,1598,1,11,8,3
201443W264104,1,9,0,17,0,0,2,0,1,0,4,1,2,1,52,8,1910,2,7,9,3
201443W265074,1,9,0,4,0,1,0,0,0,0,1,1,6,2,49,8,1229,1,9,8,3
201443W265074,2,9,0,3,0,1,0,0,0,0,2,1,6,1,55,8,1997,2,8,8,1
201443W265104,1,4,0,18,2,0,0,0,0,0,1,1,6,3,-1,-1,-1,-1,-1,-1,-1
201443W266074,1,9,0,18,0,1,0,0,0,0,1,1,6,2,79,11,1240,1,9,10,1
201443W266074,2,9,0,4,0,1,0,0,0,0,2,1,6,1,71,10,1598,1,7,10,1
201443W266074,3,9,0,5,0,1,0,0,0,0,2,1,6,2,-1,-1,1360,1,8,9,1
201443W267074,1,3,0,16,0,0,0,0,0,0,3,1,6,1,21,5,124,1,-1,9,2
201443W267114,1,9,0,18,0,4,0,0,0,0,1,1,1,1,32,6,1796,1,8,10,1
201443W267114,2,1,0,18,0,8,0,0,0,0,4,1,6,2,24,5,-1,-1,-1,10,1
201443W267124,1,9,0,18,0,1,0,0,0,0,1,1,6,2,67,10,1299,1,12,9,3
201443W267124,2,9,0,18,0,1,0,0,0,0,2,1,6,2,35,6,1560,2,-1,9,1
201443W268124,1,9,0,18,0,0,0,0,0,0,1,1,6,1,29,6,-1,-1,-1,3,1
201443W268124,2,9,0,13,0,0,1,0,0,0,1,1,1,1,27,6,1582,2,5,4,1
201443W269104,1,9,0,18,0,4,0,0,0,0,3,1,6,2,75,10,1388,1,12,-1,-1
201443W269104,2,1,0,9,0,8,0,0,0,0,1,1,6,2,33,6,-1,-1,-1,10,2
201443W270104,1,9,0,9,0,4,0,0,0,0,1,1,2,2,79,11,1400,1,8,10,1
201443W270104,2,1,0,18,0,8,0,0,0,0,4,1,2,1,31,6,-1,-1,-1,3,1
201443W272074,1,9,0,5,0,8,0,0,0,0,1,1,6,1,84,11,1796,1,6,10,1
201443W272074,2,5,0,9,0,8,0,0,0,0,2,1,6,1,44,7,649,1,37,9,3
201443W272104,1,9,0,9,0,6,0,0,0,0,1,1,6,1,35,6,1896,2,11,2,1
201443W272104,2,1,0,18,0,1,0,0,0,0,1,1,6,1,64,9,-1,-1,-1,-1,1
201443W272124,1,9,0,17,0,2,1,0,2,7,1,1,2,2,21,5,1598,1,13,5,1
201443W272124,2,9,0,17,0,2,1,2,0,0,1,1,2,1,28,6,1198,1,9,2,1
201443W273124,1,9,0,18,0,0,0,1,0,0,1,1,6,2,44,7,1596,1,4,8,1
201443W273124,2,9,0,3,0,0,0,1,0,0,2,1,6,1,45,7,1870,2,17,2,1
201443W274074,1,9,0,18,0,0,0,0,0,0,1,1,1,1,48,8,2143,2,3,8,3
201443W274074,2,21,0,18,0,0,0,0,0,0,2,1,6,1,57,9,10308,2,2,-1,1
201443W274124,1,9,0,18,0,1,1,0,2,7,4,1,1,2,34,6,1560,2,11,10,1
201443W274124,2,20,0,18,0,1,1,0,0,0,1,1,1,1,55,8,-1,-1,-1,1,1
201443W274124,3,9,0,18,0,1,1,0,0,0,1,2,1,1,32,6,-1,-1,-1,8,1
201443W274124,4,9,0,18,0,1,1,0,0,0,1,1,1,1,40,7,3311,8,10,10,1
201443W276104,1,9,0,18,0,1,0,0,0,0,1,1,6,1,-1,-1,2496,1,13,6,1
201443W276104,2,9,0,18,0,1,0,0,0,0,3,1,6,2,41,7,1086,1,9,10,1
201443W276104,3,9,0,18,0,1,0,0,0,0,2,1,6,3,55,8,1390,1,7,-1,-1
201443W276114,1,9,0,18,0,1,0,0,0,0,1,1,6,3,-1,-1,-1,-1,-1,-1,-1
201443W276114,2,9,0,8,0,1,0,0,0,0,2,1,6,2,23,5,1360,1,12,8,1
201443W277124,1,9,0,4,0,0,0,0,0,0,4,1,6,3,-1,-1,-1,-1,-1,-1,-1
201443W277124,2,1,0,15,0,0,0,0,0,0,1,1,6,2,57,9,-1,-1,-1,3,1
201443W278124,1,9,0,18,0,8,0,0,0,0,1,1,6,1,49,8,1968,2,4,10,1
201443W278124,2,3,0,18,0,8,0,0,7,7,3,1,2,1,23,5,124,1,5,4,1
201443W279074,1,9,0,18,0,2,0,0,0,0,1,1,6,1,26,6,1798,1,5,9,1
201443W279074,2,9,0,18,0,2,0,0,0,0,2,1,6,2,34,6,2688,2,12,3,1
201443W279104,1,9,0,18,0,4,0,0,0,0,1,1,6,3,-1,-1,-1,-1,-1,-1,-1
201443W279104,2,1,0,9,0,8,0,0,0,0,4,1,6,1,19,4,-1,-1,-1,4,1
201443W280104,1,9,0,18,0,4,0,0,0,0,3,1,1,1,58,9,998,1,4,4,1
201443W280104,2,1,0,18,0,8,0,0,0,0,4,1,1,1,48,8,-1,-1,-1,8,1
201443W281114,1,9,0,18,0,1,0,0,0,0,1,1,6,3,56,9,1527,2,18,8,2
201443W281114,2,9,0,9,0,5,0,0,0,0,2,1,6,2,23,5,1598,1,1,10,2
201443W281124,1,9,0,18,0,2,0,0,0,0,4,1,6,1,70,10,1997,1,13,1,1
201443W281124,2,9,0,2,0,2,0,0,0,0,3,1,6,2,39,7,1900,2,8,-1,1
201443W282114,1,19,0,9,0,1,0,0,0,0,3,1,2,1,33,6,1753,2,8,9,3
201443W282114,2,5,0,13,0,1,0,0,0,0,4,1,2,1,40,7,600,1,9,4,1
201443W283114,1,9,0,9,0,6,0,0,0,0,3,1,6,1,37,7,1560,2,2,-1,-1
201443W283114,2,3,0,18,0,1,0,0,0,0,1,1,6,1,23,5,124,1,8,10,1
201443W283124,1,9,0,18,0,0,0,0,0,0,1,1,6,1,55,8,1560,2,4,10,1
201443W283124,2,9,0,18,0,0,0,0,0,0,1,1,1,2,30,6,1388,1,9,10,1
201443W284114,1,9,0,18,0,1,0,0,0,0,1,1,6,1,82,11,1199,1,13,-1,-1
201443W284114,2,19,0,3,0,1,0,0,0,0,1,1,6,1,47,8,2500,2,8,5,1
201443W285114,1,9,0,17,0,0,2,0,4,6,1,1,6,2,26,6,1598,1,9,10,1
201443W286104,1,9,0,16,0,1,0,0,0,0,1,1,2,1,47,8,-1,-1,-1,7,3
201443W286104,2,9,0,7,0,1,0,0,0,0,2,1,6,2,56,9,1587,1,21,10,2
201443W287104,1,9,0,16,0,0,1,0,0,0,1,1,6,3,-1,-1,1984,1,18,-1,-1
201443W287104,2,9,0,17,0,0,0,0,0,0,3,1,6,2,56,9,-1,-1,-1,7,3
201443W287104,3,9,0,17,0,0,0,0,0,0,1,1,6,1,52,8,2720,2,6,8,3
201443W287104,4,9,0,17,0,0,0,0,0,0,2,1,6,1,50,8,1995,2,-1,8,3
201443W287104,5,9,0,17,0,0,0,0,0,0,1,1,6,3,-1,-1,1149,1,10,-1,-1
201443W288114,1,9,0,17,0,0,5,0,0,0,3,1,6,1,18,4,1149,1,14,10,3
201443W288114,2,9,0,18,0,0,0,0,1,0,3,1,6,2,42,7,1598,1,14,9,2
201443W288124,1,9,0,18,0,0,1,0,0,0,1,1,2,2,32,6,1398,2,5,6,1
201443W288124,2,19,0,18,0,0,1,0,0,0,1,1,2,1,24,5,1753,2,11,10,1
201443W292114,1,21,0,2,0,0,0,0,0,0,3,1,2,1,57,9,2998,2,2,2,1
201443W292114,2,1,0,14,0,0,0,8,0,0,4,1,6,1,76,11,-1,-1,-1,7,1
201443W292124,1,9,0,11,0,5,0,10,1,10,1,1,1,1,62,9,1686,2,9,10,1
201443W293114,1,19,0,18,0,0,1,0,0,0,1,1,1,1,57,9,5900,1,10,10,1
201443W293114,2,9,0,18,0,0,0,0,0,0,2,1,1,1,40,7,1956,2,3,-1,-1
201443W294124,1,9,0,18,0,0,0,0,1,0,2,1,6,1,63,9,2496,2,8,1,1
201443W296124,1,9,0,18,0,8,0,0,0,0,1,1,6,3,-1,-1,-1,-1,-1,-1,-1
201443W297124,1,9,0,18,0,0,1,0,1,11,1,1,6,1,23,5,1796,1,12,10,1
201443W297124,2,9,0,18,0,0,0,0,0,0,0,1,6,1,34,6,1781,1,12,6,1
201443W297124,3,9,0,2,0,0,0,0,0,0,3,1,6,1,29,6,1596,1,12,10,1
201443W298114,1,9,0,6,0,0,0,0,0,0,3,1,6,2,50,8,1229,1,5,9,1
201443W298114,2,3,0,13,0,0,0,0,0,0,1,1,6,1,20,4,124,1,8,5,1
201443W300124,1,9,0,18,0,8,1,0,0,0,1,1,6,1,30,6,1360,1,13,6,1
201443W300124,2,9,0,3,0,8,0,0,0,0,2,1,6,1,40,7,-1,-1,-1,-1,-1
201443W300124,3,9,0,3,0,8,0,0,0,0,2,1,6,1,40,7,1598,1,12,9,3
201443W301114,1,9,0,7,0,6,0,0,0,0,4,1,2,1,34,6,1800,1,14,10,1
201443W301114,2,1,0,18,0,8,0,0,0,0,1,1,1,1,45,7,-1,-1,-1,10,1
201443W301124,1,9,0,18,0,0,0,0,1,1,1,1,6,2,63,9,1329,1,4,6,1
201443W301124,2,9,0,4,0,0,0,0,0,0,4,1,2,1,26,6,-1,-1,-1,5,1
201443W302114,1,9,0,18,0,1,0,0,0,0,1,1,6,1,51,8,1968,2,9,9,1
201443W302114,2,9,0,3,0,1,0,0,0,0,2,1,6,2,30,6,1598,1,10,10,1
201443W302114,3,9,0,3,0,1,0,0,0,0,3,1,6,3,40,7,-1,-1,-1,10,1
201443W303124,1,9,0,18,0,0,0,0,0,0,1,1,6,1,73,10,1989,1,15,10,1
201443W303124,2,9,0,2,0,0,0,0,0,0,2,1,6,2,75,10,1339,1,11,10,1
201443W305114,1,9,0,18,0,0,1,0,0,0,1,1,2,1,26,6,2171,1,10,8,1
201443W305114,2,19,0,18,0,0,0,0,0,0,1,1,2,1,29,6,1968,2,1,10,1
201443W306114,1,9,0,2,0,2,0,0,0,0,2,1,1,1,46,8,-1,-1,-1,6,1
201443W306114,2,9,0,18,0,2,0,0,0,0,1,1,6,2,37,7,-1,-1,-1,9,1
201443W307124,1,9,0,18,0,0,0,0,0,0,1,1,1,1,41,7,-1,-1,-1,10,1
201443W307124,2,9,0,3,0,0,0,0,0,0,2,1,1,2,51,8,1984,1,12,-1,1
201443W310114,1,9,0,9,0,8,0,0,0,0,1,1,6,1,46,8,2400,2,3,10,1
201443W310114,2,9,0,18,0,8,0,0,0,0,3,1,6,1,63,9,1796,1,17,9,1
201443W310114,3,9,0,18,0,8,0,0,0,0,0,1,6,1,45,7,-1,-1,-1,10,1
2014440000129,1,9,0,18,0,8,0,0,0,0,4,1,6,2,60,9,998,1,13,2,1
2014440000129,2,9,0,18,0,8,0,0,0,0,1,1,6,2,59,9,1398,1,2,7,2
2014440000209,1,9,0,18,0,2,0,0,0,0,4,1,6,2,21,5,1248,1,5,9,1
2014440000209,2,19,0,11,0,2,0,0,0,0,3,1,6,1,38,7,1398,2,10,5,1
2014440000391,1,8,0,18,0,2,0,0,0,0,1,1,1,1,53,8,2402,2,8,5,1
2014440000519,1,9,0,18,0,0,0,0,0,0,1,1,6,2,57,9,1796,1,6,10,1
2014440000526,1,9,0,5,0,8,0,0,0,0,3,1,6,1,26,6,1753,2,8,5,1
2014440000526,2,9,0,18,0,8,0,0,0,0,1,1,6,3,-1,-1,-1,-1,-1,-1,-1
2014440000647,1,9,0,18,0,0,1,0,2,4,1,1,6,1,54,8,1198,1,9,9,1
2014440000939,1,9,0,9,0,8,0,0,0,0,1,1,6,2,63,9,1389,1,8,7,1
2014440000939,2,1,0,18,0,8,0,0,0,0,1,1,6,2,20,4,-1,-1,-1,7,1
2014440001002,1,9,0,18,0,0,1,0,2,7,1,1,2,1,49,8,-1,-1,-1,1,1
2014440001125,1,9,0,18,0,0,5,0,1,3,1,1,2,1,32,6,1753,2,10,9,1
2014440001172,1,9,0,6,0,0,0,0,0,0,2,1,6,1,51,8,-1,-1,-1,2,1
2014440001179,1,19,0,1,0,6,0,0,0,0,4,1,6,1,35,6,2402,2,9,2,1
2014440001179,2,9,0,18,0,1,0,0,0,0,1,1,2,1,50,8,-1,-1,-1,4,1
2014440001211,1,9,0,7,0,8,0,0,0,0,3,1,6,2,58,9,1598,1,9,9,2
2014440001211,2,1,0,18,0,1,0,0,0,0,1,1,6,2,67,10,-1,-1,-1,9,2
2014440001279,1,1,0,18,0,8,0,0,0,0,4,1,6,2,62,9,-1,-1,-1,6,1
2014440001279,2,9,0,5,0,4,0,0,0,0,1,1,6,3,-1,-1,1968,2,7,-1,-1
2014440001382,1,9,0,9,0,6,0,0,0,0,1,1,1,1,34,6,1598,1,11,8,1
2014440001382,2,9,0,9,0,5,0,0,0,0,3,1,6,1,72,10,973,1,14,-1,-1
2014440001429,1,9,0,16,0,0,0,0,0,0,3,1,1,1,33,6,1598,2,3,4,1
2014440001429,2,9,0,17,0,0,0,0,0,0,3,1,1,1,48,8,-1,-1,-1,9,1
2014440001753,1,9,0,3,0,1,0,0,0,0,2,1,6,2,32,6,1968,2,4,3,1
2014440001753,2,9,0,5,0,1,0,0,0,0,1,1,1,2,39,7,-1,-1,-1,4,1
2014440001838,1,9,0,9,0,8,0,0,0,0,4,1,6,2,23,5,1997,1,13,10,2
2014440001838,2,5,0,18,0,8,0,0,1,4,1,1,6,1,41,7,988,1,10,5,1
2014440001881,1,9,0,17,0,0,1,0,0,0,4,1,6,1,18,4,1149,1,11,3,1
2014440001881,2,9,0,18,0,0,0,0,0,0,4,1,6,1,67,10,1598,1,11,5,3
2014440002131,1,9,0,3,0,1,0,0,0,0,2,1,6,1,52,8,2497,2,16,5,1
2014440002131,2,9,0,18,0,1,0,0,0,0,1,1,6,3,-1,-1,1988,1,13,-1,-1
2014440002293,1,9,0,18,0,0,0,0,2,4,1,1,2,2,44,7,-1,-1,-1,10,1
2014440002859,1,9,0,7,0,8,0,0,0,0,1,1,2,2,44,7,1493,1,14,7,1
2014440002859,2,1,0,18,0,8,0,0,0,0,4,1,6,1,26,6,-1,-1,-1,4,1
2014440002895,1,9,0,18,0,0,0,0,0,0,2,1,6,2,37,7,1896,2,11,9,3
2014440002895,2,9,0,18,0,0,1,0,0,0,1,1,6,1,22,5,1589,1,14,9,1
2014440002995,1,1,0,17,0,8,0,0,0,0,3,1,6,1,23,5,-1,-1,-1,2,1
2014440002995,2,9,0,17,0,8,0,0,0,0,4,1,6,1,30,6,998,1,6,2,1
2014440003009,1,9,0,4,0,8,1,0,0,0,1,1,2,2,32,6,1596,1,12,10,2
2014440003009,2,9,0,7,0,8,0,0,0,0,0,1,6,3,-1,-1,-1,-1,-1,-1,-1
2014440003195,1,9,0,13,0,0,5,0,4,0,1,1,6,1,18,4,1149,1,9,8,1
2014440003482,1,9,0,18,0,0,1,0,1,7,2,1,6,1,27,6,2143,2,2,9,1
2014440003811,1,9,0,18,0,8,0,0,1,4,0,1,6,2,27,6,1461,2,4,-1,1
2014440003878,1,9,0,18,0,8,0,0,0,0,1,1,6,1,49,8,1999,1,7,2,1
2014440003878,2,9,0,18,0,8,0,0,0,0,3,1,6,1,40,7,2494,1,9,4,1
2014440003977,1,20,0,12,0,0,0,0,4,6,1,1,1,1,60,9,4250,2,2,6,1
2014440003989,1,9,0,18,0,0,0,4,0,0,1,1,2,1,32,6,2494,1,16,-1,-1
2014440003989,2,8,0,18,0,0,0,0,0,0,0,1,1,3,-1,-1,-1,-1,-1,-1,-1
2014440003989,3,9,0,2,0,0,0,0,0,0,2,1,6,2,63,9,1248,1,3,10,1
2014440004019,1,9,0,18,0,0,0,0,0,0,1,1,6,1,48,8,-1,-1,-1,10,2
2014440004019,2,9,0,18,0,0,0,0,1,0,1,1,6,2,35,6,1998,2,4,9,1
2014440004019,3,9,0,18,0,0,0,0,0,0,3,1,6,1,57,9,1339,1,10,5,1
2014440004020,1,9,0,16,0,0,0,0,0,0,2,1,6,2,66,10,1149,1,12,9,1
2014440004020,2,9,0,16,0,0,0,0,0,0,1,1,6,3,-1,-1,1396,1,8,-1,-1
2014440004345,1,9,0,18,0,8,1,7,0,0,4,1,6,2,34,6,1398,1,1,2,1
2014440004407,1,3,0,4,0,8,0,0,0,0,0,1,2,1,18,4,124,1,1,-1,1
2014440004564,1,9,0,18,0,8,0,0,3,2,1,1,6,2,76,11,1246,1,7,10,1
2014440004672,1,9,0,7,0,8,0,0,0,0,3,1,6,1,33,6,1341,1,14,5,1
2014440004672,2,9,0,18,0,8,0,0,0,0,1,1,6,2,51,8,1998,1,12,10,1
2014440004715,1,9,0,18,0,8,0,0,0,0,1,1,6,1,22,5,1968,2,4,-1,1
2014440004715,2,1,0,5,0,8,0,0,0,0,1,1,6,1,74,10,-1,-1,-1,2,1
2014440004918,1,9,0,18,0,8,0,0,0,0,1,1,6,1,48,8,1910,2,10,5,1
2014440004918,2,9,0,9,0,8,0,0,0,0,3,1,6,1,27,6,1956,2,5,8,2
2014440004932,1,9,0,18,0,0,1,0,1,4,3,1,6,2,27,6,1240,1,11,10,2
2014440004992,1,9,0,9,0,8,0,0,0,0,1,1,6,2,23,5,-1,-1,-1,2,1
2014440004992,2,9,0,18,0,8,0,0,0,0,4,1,6,1,23,5,-1,-1,-1,6,1
2014440004993,1,9,0,18,0,0,2,0,2,10,1,1,6,1,49,8,-1,-1,-1,10,1
2014440005005,1,9,0,18,0,2,0,0,0,0,1,1,6,1,60,9,1796,1,16,8,1
2014440005012,1,9,0,17,0,0,0,0,2,11,4,1,6,2,21,5,1242,1,6,2,1
2014440005253,1,9,0,18,0,0,0,11,0,0,2,1,1,1,57,9,-1,-1,-1,5,3
2014440005253,2,9,0,18,0,0,0,11,0,0,1,1,2,2,18,4,999,1,2,10,2
2014440005261,1,9,0,16,0,0,0,0,7,7,1,1,6,2,84,11,1240,1,7,10,1
2014440005531,1,9,0,10,0,1,0,0,0,0,2,1,6,1,67,10,3824,1,8,10,2
2014440005531,2,9,0,18,0,1,0,0,0,0,1,1,6,2,69,10,1389,1,13,10,1
2014440005636,1,9,0,18,0,3,0,0,0,0,1,1,6,2,29,6,1995,2,7,9,1
2014440005636,2,9,0,17,0,8,0,0,0,0,3,1,1,1,49,8,1396,1,1,2,1
2014440005838,1,9,0,18,0,1,5,0,7,9,1,1,6,1,52,8,1796,1,10,9,2
2014440005879,1,9,0,5,0,1,0,0,0,0,1,1,2,2,27,6,1598,1,17,10,1
2014440005879,2,1,0,18,0,1,0,0,0,0,3,1,6,1,23,5,-1,-1,-1,4,1
2014440005884,1,9,0,10,0,1,0,0,0,0,2,1,6,1,41,7,1242,1,1,6,1
2014440005884,2,9,0,3,0,1,0,0,0,0,2,1,6,2,39,7,1796,1,9,5,1
2014440005884,3,9,0,18,0,1,1,0,0,0,1,1,6,1,20,4,1242,1,7,7,1
2014440005926,1,9,0,4,0,0,0,0,0,0,2,1,6,1,52,8,1360,1,7,7,1
2014440005926,2,9,0,18,0,0,1,0,0,0,1,1,6,1,44,7,-1,-1,-1,9,1
2014440006001,1,9,0,1,0,0,0,0,0,0,2,1,6,1,25,5,1850,1,13,10,1
2014440006028,1,19,0,18,0,0,0,0,0,0,1,1,1,1,46,8,1461,2,3,8,2
2014440006028,2,9,0,18,0,0,0,0,1,0,3,1,2,1,42,7,-1,-1,-1,8,3
2014440006028,3,9,0,18,0,0,0,0,1,0,1,1,2,1,32,6,1299,1,15,9,3
2014440006144,1,9,0,9,0,8,0,0,0,0,4,1,6,2,20,4,1796,1,10,5,1
2014440006144,2,9,0,18,0,8,0,0,3,0,1,1,6,2,45,7,1398,1,3,5,1
2014440006414,1,11,0,18,0,0,0,0,0,0,0,1,1,1,58,9,-1,-1,-1,2,1
2014440006435,1,19,0,18,0,1,0,0,0,0,1,1,1,1,48,8,1686,2,6,9,1
2014440006435,2,19,0,7,0,1,0,0,0,0,2,1,1,1,28,6,1248,2,3,3,1
2014440006783,1,9,0,18,0,0,0,0,0,0,1,1,6,1,79,11,1360,1,25,10,3
2014440006783,2,16,0,18,0,0,0,0,0,0,2,1,6,2,23,5,-1,-1,-1,10,3
2014440007055,1,9,0,18,0,1,0,0,0,0,1,1,6,1,23,5,1998,1,12,5,1
2014440007055,2,9,0,8,0,1,0,0,0,0,2,1,6,3,-1,-1,1686,2,4,9,1
2014440007090,1,9,0,18,0,8,0,0,0,0,1,1,6,3,-1,-1,-1,-1,-1,-1,-1
2014440007090,2,1,0,18,0,8,0,0,0,0,1,1,6,1,46,8,-1,-1,-1,3,1
2014440007112,1,9,0,5,0,4,0,0,0,0,1,1,6,1,24,5,1364,1,8,-1,1
2014440007112,2,1,0,9,0,8,0,0,0,0,4,1,6,2,50,8,-1,-1,-1,5,1
2014440007115,1,1,0,12,0,8,0,0,0,0,1,1,6,1,21,5,-1,-1,-1,2,1
2014440007115,2,9,0,3,0,8,0,0,0,0,3,1,6,1,26,6,1198,1,9,9,1
2014440007189,1,9,0,18,0,2,0,0,0,0,1,1,6,1,24,5,1910,2,8,8,1
2014440007208,1,9,0,18,0,0,2,0,1,0,1,2,6,2,24,5,-1,-1,-1,-1,-1
2014440007423,1,9,0,18,0,0,0,12,0,0,1,1,2,1,55,8,-1,-1,-1,-1,2
2014440007525,1,9,0,5,0,8,0,0,0,0,1,1,6,2,17,4,1595,1,10,5,1
2014440007525,2,2,0,18,0,8,0,0,0,0,4,1,6,3,-1,-1,49,1,2,-1,-1
2014440007617,1,9,0,10,0,8,0,0,0,0,2,1,1,2,41,7,1995,2,9,9,1
2014440007617,2,9,0,18,0,8,0,0,1,0,1,1,1,2,31,6,1364,1,7,5,1
2014440007617,3,19,0,18,0,8,0,0,0,0,1,1,1,2,46,8,-1,-1,-1,8,3
2014440007963,1,9,0,18,0,8,1,0,5,6,1,1,6,2,65,9,1988,1,10,10,1
2014440007963,2,9,0,12,0,8,0,0,0,0,0,1,6,3,-1,-1,-1,-1,-1,-1,-1
2014440008086,1,1,0,18,0,8,0,0,0,0,4,1,6,1,23,5,-1,-1,-1,9,1
2014440008086,2,9,0,7,0,8,0,0,0,0,1,1,6,3,-1,-1,-1,-1,-1,-1,-1
2014440008204,1,2,0,18,0,1,0,0,0,0,1,1,2,1,16,4,49,1,1,3,1
2014440008204,2,9,0,7,0,6,0,0,0,0,3,1,6,3,-1,-1,-1,-1,-1,-1,-1
2014440008261,1,9,0,3,0,1,0,0,0,0,2,1,6,2,23,5,-1,-1,-1,4,1
2014440008261,2,9,0,18,0,1,0,0,1,0,3,1,6,1,23,5,2697,2,9,4,1
2014440008350,1,9,0,18,0,8,0,0,0,0,1,1,6,1,69,10,993,1,14,4,1
2014440008350,2,9,0,18,0,8,0,0,0,0,4,1,6,1,26,6,1242,1,15,9,1
2014440008528,1,1,0,10,0,7,0,0,0,0,2,1,6,1,25,5,-1,-1,-1,10,3
2014440008528,2,9,0,18,0,8,0,0,0,0,1,1,6,1,87,11,1299,1,13,5,1
2014440008717,1,11,0,18,0,0,0,0,0,0,4,1,1,1,45,7,4461,2,1,5,1
2014440008762,1,1,0,9,0,8,0,0,0,0,4,1,1,2,40,7,-1,-1,-1,4,1
2014440008762,2,9,0,5,0,4,0,0,0,0,1,1,6,3,-1,-1,-1,-1,-1,-1,-1
2014440008843,1,9,0,18,0,0,0,0,7,9,1,1,1,1,51,8,1769,1,11,6,1
2014440008843,2,9,0,18,0,0,0,0,7,10,3,1,2,2,32,6,-1,-1,-1,-1,-1
2014440008872,1,9,0,4,0,0,0,0,0,0,2,1,2,2,18,4,1149,1,9,5,1
2014440008872,2,19,0,4,0,0,0,0,0,0,1,1,1,1,52,8,2402,2,9,8,1
2014440009127,1,9,0,2,0,0,0,0,0,0,4,1,6,2,30,6,1240,1,10,4,1
2014440009127,2,9,0,18,0,0,0,0,0,0,1,1,6,2,90,11,1461,2,4,7,1