Accident_Index,Vehicle_Reference,Vehicle_Type,Towing_and_Articulation,Vehicle_Manoeuvre,Vehicle_Location-Restricted_Lane,Junction_Location,Skidding_and_Overturning,Hit_Object_in_Carriageway,Vehicle_Leaving_Carriageway,Hit_Object_off_Carriageway,1st_Point_of_Impact,Was_Vehicle_Left_Hand_Drive?,Journey_Purpose_of_Driver,Sex_of_Driver,Age_of_Driver,Age_Band_of_Driver,Engine_Capacity_(CC),Propulsion_Code,Age_of_Vehicle,Driver_IMD_Decile,Driver_Home_Area_Type
2014440009250,1,9,0,5,0,8,0,0,0,0,3,1,2,1,57,9,1461,2,1,4,1
2014440009250,2,90,0,18,0,8,0,0,0,0,1,1,1,1,49,8,7146,2,2,-1,-1
2014440009293,1,9,0,18,0,8,0,0,0,0,4,1,6,3,-1,-1,1896,2,11,-1,-1
2014440009293,2,1,0,18,0,8,0,0,0,0,3,1,6,2,40,7,-1,-1,-1,5,1
2014440009295,1,9,0,7,0,8,0,0,0,0,3,1,6,2,43,7,1299,1,15,5,1
2014440009295,2,90,0,3,0,2,0,0,0,0,0,1,1,3,-1,-1,-1,-1,-1,-1,-1
2014440009426,1,9,0,9,0,8,0,0,0,0,1,1,6,1,-1,-1,1389,1,17,-1,-1
2014440009426,2,1,0,18,0,8,0,0,0,0,1,1,6,1,36,7,-1,-1,-1,10,1
2014440009482,1,9,0,18,0,0,0,0,0,0,4,1,6,3,-1,-1,-1,-1,-1,-1,-1
2014440009482,2,1,0,18,0,0,0,0,0,0,3,1,6,1,22,5,-1,-1,-1,6,3
2014440009816,1,19,0,2,0,2,0,0,0,0,1,1,6,1,46,8,2198,2,6,4,1
2014440009816,2,9,0,18,0,2,0,0,0,0,1,1,6,2,33,6,1997,2,9,3,1
2014440009818,1,9,0,17,0,8,0,0,0,0,3,1,2,2,25,5,1242,1,13,8,1
2014440009818,2,9,0,17,0,8,0,0,0,0,4,1,6,1,18,4,1198,1,11,5,1
2014440009845,1,9,0,9,0,8,0,0,0,0,3,1,6,2,61,9,1339,8,3,9,3
2014440010009,1,21,0,2,0,0,0,0,0,0,1,1,6,1,24,5,5880,2,7,-1,1
2014440010009,2,9,0,18,0,0,1,0,0,0,1,1,6,2,41,7,1596,1,12,3,1
2014440010130,1,9,0,9,0,8,0,0,0,0,3,1,2,1,55,8,3222,2,10,7,3
2014440010130,2,1,0,18,0,8,0,0,0,0,1,1,6,1,31,6,-1,-1,-1,6,1
2014440010203,1,9,0,18,0,0,1,0,0,0,1,1,6,1,25,5,-1,-1,-1,5,3
2014440010203,2,9,0,18,0,0,0,0,0,0,2,1,6,1,30,6,998,1,2,8,1
2014440010203,3,9,0,18,0,0,0,0,0,0,2,1,6,1,47,8,1997,2,3,10,1
2014440010203,4,9,0,18,0,0,0,0,0,0,2,1,1,1,60,9,2400,2,4,5,1
2014440010203,5,9,0,18,0,0,0,0,0,0,2,1,6,1,34,6,1956,2,3,8,1
2014440010253,1,9,0,18,0,8,1,0,0,0,1,1,1,2,23,5,1242,1,6,5,1
2014440010253,2,21,0,18,0,8,0,0,0,0,2,1,1,3,-1,-1,-1,-1,-1,-1,-1
2014440010315,1,9,0,18,0,0,0,7,0,0,1,1,2,2,36,7,1896,2,11,3,1
2014440010344,1,9,0,7,0,8,0,0,0,0,2,1,1,2,29,6,1360,1,16,-1,-1
2014440010344,2,9,0,13,0,8,0,0,0,0,1,1,1,1,-1,-1,1997,2,14,-1,-1
2014440010348,1,9,0,6,0,0,0,0,0,0,3,1,6,1,81,11,1198,1,11,5,1
2014440010348,2,19,0,18,0,0,0,0,0,0,4,1,6,1,18,4,2198,2,5,10,3
2014440010444,1,9,0,9,0,8,0,0,0,0,1,1,6,3,-1,-1,-1,-1,-1,-1,-1
2014440010444,2,1,0,18,0,8,0,0,0,0,1,1,6,1,24,5,-1,-1,-1,3,1
2014440010516,1,9,0,6,0,8,0,0,0,0,3,1,6,1,35,6,2000,1,15,4,1
2014440010516,2,1,0,18,0,8,0,0,0,0,1,1,2,1,56,9,-1,-1,-1,-1,1
2014440010593,1,9,0,18,0,0,0,0,0,0,1,1,6,1,31,6,1896,2,13,8,1
2014440010593,2,9,0,3,0,0,0,0,0,0,2,1,6,1,74,10,1598,1,6,9,1
2014440010606,1,9,0,5,0,0,0,0,0,0,1,1,6,1,25,5,2198,1,11,1,1
2014440010606,2,2,0,18,0,0,1,0,0,0,1,1,6,2,19,4,49,1,15,2,1
2014440010900,1,9,0,9,0,8,0,0,0,0,1,1,6,1,83,11,1598,1,20,3,1
2014440010900,2,1,0,18,0,8,0,0,0,0,1,1,6,1,51,8,-1,-1,-1,4,1
2014440010943,1,5,0,18,0,8,0,0,0,0,1,1,2,1,44,7,400,1,14,6,1
2014440010943,2,9,0,9,0,8,0,0,0,0,4,1,1,1,37,7,-1,-1,-1,5,1
2014440011034,1,5,0,18,0,0,1,11,0,0,1,1,6,1,44,7,599,1,4,8,1
2014440011193,1,9,0,18,0,0,0,0,0,0,3,1,6,1,38,7,1900,2,14,8,1
2014440011272,1,9,0,18,0,8,0,0,0,0,1,1,6,1,23,5,3246,1,9,7,1
2014440011272,2,9,0,9,0,8,0,0,0,0,3,1,6,2,18,4,1360,1,15,10,1
2014440011307,1,9,0,12,0,0,0,0,0,0,3,1,6,2,20,4,998,1,7,10,1
2014440011307,2,9,0,18,0,0,0,0,0,0,4,1,6,1,24,5,1598,1,13,9,1
2014440011313,1,9,0,18,0,0,2,0,1,4,1,1,2,1,46,8,1597,1,14,4,1
2014440011320,1,9,0,18,0,8,0,0,0,0,3,1,6,3,-1,-1,-1,-1,-1,-1,-1
2014440011429,1,9,0,8,0,1,0,0,0,0,2,1,6,2,57,9,1995,1,8,10,2
2014440011429,2,9,0,5,0,1,0,0,0,0,1,1,6,1,53,8,2198,2,8,9,3
2014440011660,1,9,0,17,0,0,5,0,7,0,2,1,6,1,19,4,-1,-1,-1,-1,2
2014440011810,1,9,0,13,0,0,0,0,0,0,1,1,1,1,26,6,1560,2,1,-1,1
2014440011810,2,1,0,18,0,0,0,0,0,0,2,1,6,1,42,7,-1,-1,-1,10,1
2014440011862,1,9,0,18,0,0,1,0,4,6,4,1,6,2,24,5,1796,1,12,4,1
2014440011899,1,9,0,18,0,8,0,0,0,0,1,1,6,3,-1,-1,1995,1,10,-1,-1
2014440011899,2,9,0,9,0,8,0,0,0,0,3,1,6,1,31,6,1998,1,11,3,1
2014440011929,1,9,0,18,0,1,1,0,0,0,1,1,6,1,24,5,-1,-1,-1,8,3
2014440011929,2,9,0,4,0,1,0,0,0,0,2,1,6,2,32,6,1997,2,6,10,3
2014440012013,1,20,0,2,0,0,0,0,0,0,2,1,1,1,41,7,3920,2,10,-1,-1
2014440012013,2,9,0,18,0,0,0,4,0,0,1,1,1,1,49,8,2993,2,1,9,1
2014440012016,1,9,0,9,0,6,0,0,0,0,3,1,1,1,47,8,1796,1,14,3,1
2014440012016,2,1,0,18,0,1,0,0,0,0,1,1,6,2,18,4,-1,-1,-1,3,1
2014440012034,1,9,0,18,0,8,0,0,0,0,3,1,6,1,79,11,1390,1,14,5,3
2014440012034,2,9,0,18,0,8,0,0,0,0,1,1,6,2,58,9,1328,1,10,5,3
2014440012335,1,9,0,18,0,3,0,0,0,0,4,1,6,1,22,5,1998,1,12,9,1
2014440012335,2,19,0,17,0,8,0,0,0,0,3,1,6,1,54,8,-1,-1,-1,-1,-1
2014440012351,1,9,0,9,0,6,0,0,0,0,3,1,6,1,22,5,2793,1,16,9,1
2014440012351,2,3,0,18,0,1,0,0,0,0,1,1,6,1,18,4,-1,-1,-1,9,1
2014440012371,1,9,0,5,0,4,0,0,0,0,3,1,6,1,41,7,1199,1,11,7,1
2014440012371,2,1,0,18,0,8,0,0,0,0,1,1,6,1,47,8,-1,-1,-1,7,1
2014440012613,1,9,0,18,0,0,0,0,1,4,1,1,6,1,35,6,1598,1,11,6,1
2014440012633,1,3,0,18,0,1,1,0,0,0,3,1,6,1,20,4,124,1,1,10,1
2014440013318,1,9,0,18,0,1,0,0,0,0,1,1,6,1,42,7,1598,1,6,5,1
2014440013318,2,1,0,18,0,2,0,0,0,0,1,1,6,1,14,3,-1,-1,-1,6,3
2014440013456,1,9,0,18,0,0,0,0,0,0,3,1,2,2,29,6,1398,2,9,10,1
2014440013456,2,9,0,18,0,0,0,0,0,0,3,1,2,2,39,7,1242,1,13,5,1
2014440013477,1,9,0,17,0,2,0,0,0,0,1,1,6,1,25,5,1896,2,6,3,1
2014440013513,1,9,0,2,0,0,0,0,0,0,3,1,6,3,-1,-1,1360,1,9,-1,-1
2014440013513,2,1,0,18,0,0,0,0,0,0,1,1,6,2,44,7,-1,-1,-1,1,1
2014440013515,1,9,0,9,0,8,0,0,0,0,1,1,6,1,-1,-1,1999,1,12,9,1
2014440013515,2,1,0,18,0,8,0,0,0,0,1,1,1,1,49,8,-1,-1,-1,7,1
2014440013774,1,9,0,4,0,0,0,0,0,0,2,1,2,1,33,6,1560,2,1,2,1
2014440013774,2,9,0,4,0,0,0,0,0,0,1,1,2,3,-1,-1,1798,1,5,-1,-1
2014440013774,3,9,0,4,0,0,0,0,0,0,1,1,2,3,-1,-1,1248,2,5,-1,-1
2014440013774,4,9,0,4,0,0,0,0,0,0,1,1,2,3,-1,-1,1598,2,2,-1,-1
2014440013823,1,9,0,18,0,0,0,0,0,0,2,1,2,1,62,9,1596,1,8,10,1
2014440013823,2,9,0,18,0,0,0,0,0,0,2,1,2,1,55,8,1995,2,2,8,3
2014440013823,3,9,0,4,0,0,0,0,0,0,2,1,2,1,34,6,1896,2,12,3,1
2014440013823,4,9,0,18,0,0,0,0,0,0,1,1,2,1,19,4,1198,1,11,4,1
2014440013824,1,9,0,4,0,0,0,0,0,0,2,1,2,1,49,8,1968,2,4,8,3
2014440013824,2,19,0,18,0,0,0,0,0,0,1,1,2,1,29,6,2298,2,4,5,1
2014440013824,3,9,0,18,0,0,0,0,0,0,1,1,2,1,37,7,847,1,14,10,1
2014440013858,1,9,0,3,0,0,0,0,0,0,2,1,6,1,34,6,1796,1,11,10,1
2014440013858,2,9,0,4,0,0,0,0,0,0,1,1,6,3,-1,-1,1598,1,11,-1,-1
2014440013942,1,9,0,18,0,0,0,0,0,0,1,1,1,1,28,6,1598,2,2,10,3
2014440013942,2,9,0,3,0,0,0,0,0,0,2,1,1,1,27,6,1149,1,12,3,1
2014440013942,3,9,0,3,0,0,0,0,0,0,2,1,1,2,32,6,1968,2,1,8,1
2014440013990,1,21,0,18,0,0,0,0,0,0,1,2,1,1,33,6,-1,-1,-1,-1,-1
2014440013990,2,9,0,2,0,0,0,0,0,0,2,1,6,2,21,5,1587,1,12,1,1
2014440014004,1,9,0,5,0,4,0,0,0,0,1,1,6,2,79,11,1199,1,14,2,1
2014440014004,2,1,0,18,0,8,0,0,0,0,4,1,6,1,55,8,-1,-1,-1,6,1
2014440014169,1,9,0,18,0,1,0,0,0,0,1,1,2,2,48,8,1388,1,1,4,1
2014440014169,2,9,0,3,0,2,0,0,0,0,2,1,6,2,18,4,1461,2,1,10,1
2014440014169,3,9,0,3,0,2,0,0,0,0,2,1,6,1,23,5,1995,1,8,-1,1
2014440014256,1,9,0,16,0,0,0,0,0,0,1,1,6,2,20,4,998,1,11,4,1
2014440014256,2,17,0,18,0,0,0,0,0,0,1,1,6,1,25,5,-1,2,7,7,3
2014440014466,1,19,0,3,0,1,0,0,0,0,2,1,2,1,50,8,2198,2,4,5,1
2014440014466,2,8,0,18,0,1,0,0,0,0,1,1,1,1,36,7,1896,2,4,-1,1
2014440014567,1,9,0,18,0,0,1,0,0,0,1,1,2,1,32,6,1797,8,1,3,1
2014440014567,2,9,0,4,0,0,0,0,0,0,2,1,2,2,44,7,1968,2,2,10,2
2014440014567,3,9,0,4,0,0,0,0,0,0,2,1,2,2,32,6,1597,2,1,3,1
2014440014714,1,9,0,10,0,1,0,0,0,0,2,1,6,2,44,7,998,1,8,-1,1
2014440014714,2,9,0,18,0,1,0,0,0,0,1,1,6,2,18,4,1397,1,6,10,1
2014440014743,1,1,0,18,0,8,0,0,0,0,0,1,2,1,69,10,-1,-1,-1,7,3
2014440014744,1,8,0,9,0,5,0,0,0,0,3,1,6,3,-1,-1,-1,-1,-1,-1,-1
2014440014786,1,19,0,18,0,0,2,0,1,0,0,1,6,1,43,7,2402,2,12,7,2
2014440014844,1,9,0,18,0,2,2,0,1,7,1,1,6,1,25,5,2926,2,14,5,1
2014440014993,1,9,0,16,0,0,1,0,0,0,3,1,2,1,39,7,1997,1,10,2,1
2014440014993,2,9,0,17,0,0,1,0,0,0,3,1,2,1,34,6,1391,1,14,6,1
2014440015021,1,9,0,17,0,2,2,0,1,0,1,1,1,1,24,5,-1,-1,-1,7,1
2014440015022,1,9,0,18,0,0,2,0,1,0,4,1,2,2,49,8,1998,1,11,3,1
2014440015035,1,9,0,9,0,8,0,0,0,0,1,1,1,2,62,9,2495,2,11,7,2
2014440015035,2,9,0,18,0,8,0,0,0,0,3,1,6,1,48,8,1560,2,2,8,3
2014440015054,1,9,0,9,0,5,0,0,0,0,1,1,2,2,41,7,-1,-1,-1,8,3
2014440015054,2,1,0,18,0,1,0,0,0,0,3,1,6,1,18,4,-1,-1,-1,10,1
2014440015066,1,9,0,16,0,8,0,0,0,0,3,1,6,1,71,10,1198,1,6,4,1
2014440015066,2,9,0,17,0,8,0,0,0,0,3,1,6,2,39,7,1360,1,12,4,1
2014440015097,1,9,0,17,0,0,2,0,1,11,1,1,6,2,53,8,1997,1,11,6,3
2014440015174,1,9,0,16,0,0,2,0,7,0,1,1,6,2,38,7,998,1,12,5,3
2014440015176,1,9,0,18,0,2,2,0,1,0,1,1,6,2,25,5,1599,1,6,10,1
2014440015211,1,9,0,17,0,0,0,7,0,0,1,1,3,1,64,9,1124,1,9,8,1
2014440015226,1,9,0,18,0,8,0,0,0,0,4,1,3,2,42,7,1598,1,13,10,1
2014440015226,2,9,0,18,0,8,0,0,0,0,1,1,6,2,78,11,1499,1,10,9,1
2014440015469,1,9,0,4,0,1,0,0,0,0,0,1,1,1,35,6,1560,2,1,2,1
2014440015541,1,9,0,18,0,8,0,0,0,0,1,1,6,1,64,9,-1,-1,-1,10,1
2014440015541,2,9,0,4,0,8,0,0,0,0,2,1,6,2,40,7,1386,1,11,2,1
2014440015685,1,9,0,18,0,8,0,0,0,0,1,1,1,1,27,6,1956,2,1,2,1
2014440015685,2,1,0,17,0,8,0,0,0,0,4,1,6,1,25,5,-1,-1,-1,4,1
2014440015718,1,9,0,12,0,8,0,0,0,0,1,1,6,1,23,5,1341,1,9,7,1
2014440015718,2,9,0,10,0,8,0,0,0,0,2,1,6,2,21,5,1360,1,11,10,1
2014440015718,3,9,0,10,0,8,0,0,0,0,2,1,6,2,54,8,1997,2,4,10,1
2014440015749,1,21,0,18,0,0,0,0,0,0,0,1,1,3,-1,-1,4500,2,7,-1,-1
2014440015773,1,9,0,5,0,8,0,0,0,0,1,1,6,1,64,9,2401,2,9,10,1
2014440015792,1,9,0,9,0,8,0,0,0,0,1,1,2,1,65,9,1364,1,7,10,2
2014440015792,2,5,0,18,0,8,0,0,0,0,1,1,6,1,52,8,1052,1,22,10,1
2014440015792,3,9,0,3,0,8,0,0,0,0,3,1,6,2,33,6,1229,1,5,4,1
2014440015808,1,9,0,18,0,0,0,0,0,0,1,1,6,3,-1,-1,-1,-1,-1,-1,-1
2014440015853,1,9,0,18,0,0,0,0,0,0,3,1,6,2,63,9,3999,1,2,9,3
2014440015853,2,9,0,18,0,0,0,0,0,0,3,1,6,2,-1,-1,1596,1,11,9,3
2014440015870,1,9,0,15,0,0,0,0,0,0,1,1,6,1,73,10,1896,2,10,10,1
2014440015870,2,9,0,18,0,0,0,0,0,0,1,1,2,1,63,9,-1,-1,-1,8,1
2014440015873,1,19,0,9,0,8,0,0,0,0,3,1,1,1,58,9,2299,2,1,2,1
2014440015873,2,9,0,13,0,8,1,0,8,4,4,1,6,1,77,11,1796,1,12,5,1
2014440015912,1,9,0,17,0,0,0,0,0,0,1,1,6,2,18,4,998,1,4,10,1
2014440015912,2,9,0,16,0,0,0,0,0,0,1,1,2,1,39,7,1396,1,18,10,1
2014440015982,1,9,0,9,0,8,0,0,0,0,1,1,6,2,64,9,1086,1,8,4,1
2014440015990,1,9,0,5,0,1,0,0,0,0,2,1,6,2,32,6,1395,1,1,-1,1
2014440015990,2,9,0,5,0,1,0,0,0,0,1,1,6,3,-1,-1,-1,-1,-1,-1,-1
2014440015998,1,9,0,18,0,0,1,11,7,4,0,1,6,2,45,7,1390,1,9,8,3
2014440016230,1,9,0,18,0,8,0,0,0,0,4,1,6,2,58,9,2000,2,7,8,1
2014440016230,2,19,0,12,0,8,0,0,0,0,3,1,6,1,31,6,1298,1,12,6,1
2014440016231,1,90,0,7,0,2,0,0,0,0,1,1,1,1,42,7,7146,2,3,3,1
2014440016231,2,1,0,18,0,2,1,0,0,0,3,1,2,1,42,7,-1,-1,-1,4,1
2014440016346,1,9,0,18,0,0,0,0,0,0,2,1,1,1,30,6,1560,2,4,4,1
2014440016346,2,9,0,11,0,0,1,0,0,0,1,1,2,1,48,8,1598,1,15,5,1
2014440016353,1,21,1,12,0,0,0,0,0,0,3,1,1,3,-1,-1,-1,-1,-1,-1,-1
2014440016353,2,9,0,18,0,0,0,0,0,0,4,1,1,2,38,7,1781,1,9,7,1
2014440016910,1,4,0,18,0,1,1,0,0,0,1,1,6,1,61,9,385,1,12,2,1
2014440016910,2,9,0,10,0,1,0,0,0,0,2,1,6,2,46,8,2494,1,14,8,1
2014440016958,1,9,0,9,0,8,0,0,0,0,1,1,6,2,-1,-1,-1,-1,-1,-1,-1
2014440016958,2,9,0,18,0,8,0,0,1,0,3,1,6,2,26,6,1798,1,5,7,1
2014440017020,1,11,0,18,0,0,0,0,1,10,4,1,1,2,32,6,6696,2,1,5,2
2014440017041,1,9,0,9,0,8,0,0,0,0,1,1,1,1,39,7,1998,2,10,10,1
2014440017041,2,1,0,18,0,8,0,0,0,0,3,1,6,1,58,9,-1,-1,-1,3,1
2014440017064,1,9,0,18,0,8,0,0,0,0,3,1,2,1,60,9,1781,1,17,5,1
2014440017064,2,1,0,9,0,8,0,0,0,0,1,1,6,2,16,4,-1,-1,-1,8,1
2014440017078,1,9,0,18,0,0,0,0,0,0,1,1,6,1,53,8,1399,1,5,-1,-1
2014440017078,2,9,0,4,0,0,0,0,0,0,2,1,6,1,22,5,1390,1,17,7,1
2014440017078,3,9,0,4,0,0,0,0,0,0,2,1,6,2,39,7,2143,2,1,6,1
2014440017078,4,9,0,4,0,0,0,0,0,0,2,1,6,3,-1,-1,-1,-1,-1,-1,-1
2014440017295,1,9,0,9,0,8,0,0,0,0,3,1,6,1,33,6,1997,1,10,4,1
2014440017392,1,9,0,9,0,8,0,0,0,0,1,1,2,2,21,5,1839,1,20,5,3
2014440017392,2,9,0,18,0,8,0,0,0,0,1,1,2,2,-1,-1,1598,1,3,-1,-1
2014440017586,1,9,0,18,0,8,0,0,0,0,1,1,1,2,28,6,1598,1,8,10,2
2014440017586,2,9,0,9,0,8,0,0,0,0,1,1,1,2,33,6,1124,1,10,10,1
2014440017607,1,9,0,11,0,8,0,0,4,6,3,1,2,1,35,6,1986,2,7,10,1
2014440017607,2,9,0,18,0,8,0,0,4,6,2,1,2,1,38,7,-1,-1,-1,-1,-1
2014440017732,1,9,0,18,0,8,1,0,0,0,1,1,2,2,27,6,1968,2,7,5,1
2014440017732,2,9,0,7,0,8,0,0,0,0,1,1,2,2,29,6,1560,2,8,2,1
2014440017792,1,1,0,18,0,8,0,0,0,0,4,1,6,1,32,6,-1,-1,-1,2,1
2014440017792,2,9,0,7,0,8,0,0,0,0,1,1,6,3,-1,-1,1560,2,7,-1,-1
2014440017941,1,5,0,16,0,0,1,0,4,6,3,1,6,1,65,9,647,1,15,8,1
2014440018009,1,9,0,18,0,8,0,0,0,0,1,1,6,2,53,8,1999,1,7,10,1
2014440018009,2,9,0,18,0,8,0,0,1,11,1,1,6,2,51,8,1299,1,12,7,1
2014440018240,1,21,0,7,0,8,0,0,0,0,3,1,1,1,39,7,5193,2,1,3,1
2014440018240,2,9,0,3,0,1,0,0,0,0,3,1,6,2,37,7,2171,1,10,2,1
2014440018257,1,2,0,13,0,8,0,0,0,0,1,1,6,1,17,4,124,1,12,6,1
2014440018257,2,9,0,9,0,8,0,0,0,0,3,1,6,2,34,6,1968,2,3,6,1
2014440018258,1,2,0,18,0,8,1,0,0,0,4,1,6,1,16,4,49,1,6,6,2
2014440018258,2,9,0,7,0,8,0,0,0,0,1,1,6,3,-1,-1,1229,1,-1,-1,-1
2014440018273,1,9,0,9,0,8,0,0,0,0,1,1,6,1,-1,-1,2188,2,8,-1,-1
2014440018338,1,9,0,18,0,8,0,0,0,0,1,1,6,1,24,5,1596,1,8,4,1
2014440018338,2,9,0,18,0,8,0,0,0,0,2,1,6,1,37,7,2198,1,13,5,1
2014440018338,3,9,0,2,0,2,0,0,0,0,2,1,6,1,51,8,1360,1,17,-1,1
2014440018339,1,9,0,18,0,2,0,0,0,0,1,1,6,2,18,4,1299,1,17,10,1
2014440018339,2,9,0,3,0,2,0,0,0,0,2,1,1,2,36,7,1598,2,1,10,1
2014440018339,3,9,0,3,0,2,0,0,0,0,3,1,1,1,50,8,1796,1,14,4,1
2014440018380,1,9,0,18,0,8,0,0,7,10,1,1,6,2,27,6,1598,2,3,2,1
2014440018380,2,9,0,18,0,8,0,0,1,10,1,1,6,1,26,6,1242,1,14,5,1
2014440018402,1,9,0,1,0,0,0,0,0,0,2,1,6,2,46,8,2180,2,20,5,1
2014440018402,2,9,0,18,0,0,0,0,0,0,1,1,6,2,20,4,1397,1,13,4,1
2014440018422,1,9,0,18,0,0,2,0,0,0,1,1,1,1,29,6,1560,2,2,-1,1
2014440018422,2,9,0,18,0,0,0,0,0,0,1,1,6,3,-1,-1,1997,2,12,-1,-1
2014440018428,1,9,0,18,0,0,0,0,0,0,1,1,2,2,27,6,998,1,1,10,1
2014440018428,2,9,0,2,0,0,0,0,0,0,2,1,6,2,-1,-1,1797,8,3,-1,-1
2014440018448,1,9,0,7,0,0,0,0,0,0,1,1,6,1,35,6,3200,1,6,9,3
2014440018545,1,9,0,7,0,8,0,0,0,0,1,1,6,3,-1,-1,-1,-1,-1,-1,-1
2014440018635,1,2,0,7,0,8,1,0,0,0,0,1,6,1,18,4,125,1,2,10,3
2014440018670,1,9,0,18,0,8,0,0,7,1,4,1,2,1,57,9,1794,1,12,10,1
2014440018670,2,19,0,18,0,8,0,0,0,0,1,1,2,1,53,8,2402,2,14,5,1
2014440018691,1,9,0,18,0,0,0,0,0,0,0,1,6,3,-1,-1,-1,-1,-1,-1,-1
2014440018732,1,9,0,9,0,8,0,0,0,0,3,1,2,1,23,5,1124,1,12,1,1
2014440018732,2,3,0,7,0,8,0,0,0,0,2,1,2,1,18,4,124,1,12,10,2
2014440018773,1,9,0,18,0,8,0,0,0,0,1,1,6,1,28,6,1596,1,12,10,1
2014440018773,2,1,0,9,0,8,0,0,0,0,3,1,4,1,12,3,-1,-1,-1,-1,-1
2014440018819,1,1,0,18,0,0,0,0,0,0,1,1,2,1,34,6,-1,-1,-1,10,1
2014440018819,2,9,0,13,0,0,0,0,0,0,2,1,6,3,-1,-1,-1,-1,-1,-1,-1
2014440018854,1,21,1,9,0,8,0,0,0,0,4,1,1,1,32,6,7146,2,6,3,1
2014440018854,2,9,0,18,0,1,0,0,0,0,3,1,6,2,31,6,1598,1,7,10,2
2014440018913,1,9,0,13,0,1,0,0,0,0,4,1,6,3,-1,-1,1242,1,3,-1,-1
2014440018913,2,9,0,5,0,1,0,0,0,0,3,1,6,1,54,8,1796,1,19,3,1
2014440018925,1,11,0,5,0,0,0,0,0,0,1,1,1,1,39,7,-1,-1,-1,6,1
2014440019125,1,9,0,4,0,8,0,0,0,0,2,1,6,3,-1,-1,-1,-1,-1,-1,-1
2014440019125,2,9,0,5,0,8,0,0,0,0,1,1,6,2,40,7,1198,1,3,8,3
2014440019125,3,9,0,5,0,8,0,0,0,0,1,1,6,3,-1,-1,1248,2,10,-1,-1
2014440019182,1,9,0,4,0,0,0,0,0,0,2,1,6,1,-1,-1,2771,1,17,-1,-1
2014440019182,2,9,0,18,0,0,0,0,0,0,1,1,6,1,-1,-1,1984,1,8,10,1
2014440019182,3,9,0,18,0,0,0,0,0,0,1,1,6,2,32,6,1560,2,6,6,1
2014440019194,1,9,0,4,0,8,0,0,0,0,2,1,2,2,24,5,998,1,14,2,1
2014440019194,2,9,0,4,0,8,0,0,0,0,1,1,6,3,-1,-1,-1,-1,-1,-1,-1
2014440019385,1,9,0,14,0,0,0,0,0,0,4,1,6,3,-1,-1,2500,2,11,-1,-1
2014440019432,1,9,0,8,0,1,0,0,0,0,1,1,6,2,22,5,1596,1,26,3,1
2014440019432,2,9,0,1,0,8,0,0,0,0,2,1,6,3,-1,-1,-1,-1,-1,-1,-1
2014440019443,1,9,0,9,0,8,0,0,0,0,3,1,6,1,28,6,1587,1,13,4,1
2014440019443,2,9,0,17,0,8,0,0,0,0,1,1,6,2,32,6,1398,1,1,5,1
2014440019512,1,97,0,18,0,0,1,0,0,0,0,1,6,1,31,6,-1,-1,-1,4,1
2014440019512,2,9,0,18,0,0,0,0,0,0,0,1,6,3,-1,-1,-1,-1,-1,-1,-1
2014440019573,1,9,0,18,0,0,0,0,0,0,2,1,6,2,50,8,1390,1,8,7,1
2014440019573,2,9,0,18,0,0,0,0,0,0,2,1,6,1,45,7,1171,1,14,6,1
2014440019573,3,9,0,18,0,0,0,0,0,0,1,1,6,1,35,6,1685,2,1,6,1
2014440019602,1,9,0,4,0,0,0,0,0,0,2,1,6,2,53,8,1896,2,12,9,3
2014440019602,2,9,0,4,0,0,0,0,0,0,2,1,6,1,66,10,1598,1,7,9,3
2014440019602,3,9,0,4,0,0,0,0,0,0,2,1,6,1,31,6,1596,1,7,10,2
2014440019602,4,9,0,18,0,0,0,0,0,0,1,1,6,1,39,7,-1,-1,-1,9,3
2014440019740,1,9,0,7,0,8,0,0,0,0,1,1,6,1,61,9,1598,1,14,2,1
2014440019740,2,1,0,9,0,8,0,0,0,0,2,1,6,2,39,7,-1,-1,-1,4,1
2014440019838,1,9,0,18,0,2,0,0,1,10,4,1,6,2,28,6,2993,2,-1,8,1
2014440019842,1,9,0,6,0,0,0,0,0,0,3,1,6,2,36,7,1968,2,2,3,1
2014440019842,2,3,0,18,0,0,0,0,0,0,1,1,6,1,19,4,124,1,14,5,1
2014440019852,1,9,0,13,0,0,1,0,2,4,1,1,6,2,28,6,1900,2,13,10,1
2014440020557,1,9,0,3,0,8,0,0,0,0,2,1,6,1,40,7,-1,-1,-1,8,2
2014440020557,2,9,0,4,0,8,0,0,0,0,1,1,6,1,59,9,1973,1,16,7,1
2014440020623,1,9,0,18,0,0,0,0,0,0,1,1,2,2,31,6,1560,2,7,-1,1
2014440020623,2,9,0,4,0,0,0,0,0,0,2,1,6,1,-1,-1,1997,1,15,8,1
2014440020774,1,9,0,9,0,8,0,0,0,0,1,1,6,1,68,10,1997,2,3,10,1
2014440020774,2,9,0,9,0,8,0,0,0,0,4,1,6,2,18,4,1360,1,9,10,1
2014440020785,1,1,0,5,0,8,0,0,0,0,1,1,6,2,9,2,-1,-1,-1,9,1