Accident_Index,Vehicle_Reference,Vehicle_Type,Towing_and_Articulation,Vehicle_Manoeuvre,Vehicle_Location-Restricted_Lane,Junction_Location,Skidding_and_Overturning,Hit_Object_in_Carriageway,Vehicle_Leaving_Carriageway,Hit_Object_off_Carriageway,1st_Point_of_Impact,Was_Vehicle_Left_Hand_Drive?,Journey_Purpose_of_Driver,Sex_of_Driver,Age_of_Driver,Age_Band_of_Driver,Engine_Capacity_(CC),Propulsion_Code,Age_of_Vehicle,Driver_IMD_Decile,Driver_Home_Area_Type
2014440020785,2,9,0,18,0,8,0,0,0,0,1,1,6,2,26,6,1596,1,10,10,1
2014440020834,1,19,0,5,0,8,0,0,0,0,1,1,6,2,31,6,1997,2,3,2,1
2014440020834,2,9,0,17,0,8,0,0,0,0,4,1,6,1,45,7,1896,2,16,7,1
2014440020909,1,9,0,9,0,8,0,0,0,0,4,1,6,2,33,6,-1,-1,-1,9,1
2014440020909,2,3,0,18,0,8,0,0,0,0,1,1,1,1,17,4,124,1,2,-1,-1
2014440020921,1,9,0,4,0,1,0,0,0,0,2,1,6,2,24,5,2198,1,10,-1,1
2014440020921,2,9,0,4,0,1,0,0,0,0,1,1,6,3,-1,-1,-1,-1,-1,-1,-1
2014440020947,1,9,0,9,0,8,0,0,0,0,3,2,6,1,25,5,-1,-1,-1,6,1
2014440020947,2,3,0,18,0,8,1,0,0,0,1,1,2,1,27,6,124,1,2,4,1
2014440021004,1,9,0,18,0,0,0,0,0,0,1,1,6,1,-1,-1,-1,-1,-1,-1,-1
2014440021054,1,9,0,18,0,0,1,0,2,7,4,1,1,1,45,7,1598,1,4,7,1
2014440021249,1,9,0,18,0,8,0,0,0,0,1,1,6,2,21,5,998,1,8,2,1
2014440021249,2,9,0,2,0,8,0,0,0,0,1,1,6,3,-1,-1,2490,2,19,-1,-1
2014440021249,3,19,0,2,0,8,0,0,0,0,1,1,6,3,-1,-1,2198,2,8,-1,-1
2014440021516,1,9,0,18,0,0,0,0,0,0,1,1,6,2,66,10,1242,1,12,-1,3
2014440021516,2,1,0,18,0,0,0,0,0,0,2,1,6,1,69,10,-1,-1,-1,6,1
2014440021771,1,5,0,18,0,1,1,0,0,0,1,1,6,1,25,5,599,1,10,10,1
2014440021771,2,97,0,4,0,1,0,0,0,0,2,1,6,1,21,5,749,1,17,10,2
2014440021771,3,5,0,4,0,1,0,0,0,0,2,1,6,1,22,5,645,1,9,8,1
2014440021771,4,5,0,4,0,1,0,0,0,0,2,1,6,1,22,5,599,1,23,-1,1
2014440021771,5,9,0,4,0,1,0,0,0,0,2,1,6,1,61,9,-1,-1,-1,8,1
2014440021824,1,9,0,3,0,1,0,0,0,0,2,1,6,2,46,8,1798,1,9,2,1
2014440021824,2,9,0,18,0,1,0,0,0,0,1,1,6,1,20,4,1360,1,9,5,1
2014440021952,1,9,0,18,0,0,1,0,7,11,1,1,2,2,21,5,1242,1,2,7,1
2014440021952,2,9,0,18,0,0,0,0,0,0,1,1,2,1,38,7,1896,2,9,10,1
2014440021958,1,9,0,4,0,0,0,0,0,0,2,1,6,3,-1,-1,-1,-1,-1,-1,-1
2014440021958,2,1,0,18,0,0,0,0,0,0,1,1,6,1,36,7,-1,-1,-1,6,3
2014440022056,1,9,0,18,0,0,2,0,1,4,4,1,6,1,56,9,1560,2,7,9,1
2014440022056,2,9,0,15,0,0,0,0,0,0,0,1,6,3,-1,-1,-1,-1,-1,-1,-1
2014440022113,1,9,0,9,0,5,0,0,0,0,1,1,6,2,40,7,1590,1,19,7,1
2014440022113,2,9,0,18,0,1,0,0,0,0,3,1,6,2,24,5,998,1,2,6,1
2014440022151,1,9,0,2,0,0,0,0,0,0,1,1,1,1,53,8,1598,1,15,3,1
2014440022151,2,9,0,18,0,0,0,0,0,0,1,1,6,2,47,8,1598,1,10,7,1
2014440022353,1,1,0,9,0,1,0,0,0,0,3,1,2,1,39,7,-1,-1,-1,-1,-1
2014440022353,2,9,0,18,0,1,0,0,0,0,1,1,2,1,28,6,1686,2,9,3,1
2014440022384,1,5,0,18,0,1,1,0,0,0,1,1,1,1,32,6,498,1,11,3,1
2014440022384,2,9,0,9,0,6,0,0,0,0,3,1,1,2,47,8,1299,1,10,6,1
2014440022471,1,9,0,16,0,1,1,0,7,4,1,1,2,2,40,7,1360,1,9,10,3
2014440022565,1,9,0,18,0,0,0,12,0,0,1,1,1,1,57,9,2198,2,6,8,2
2014440022583,1,9,0,18,0,0,1,0,0,0,1,1,2,2,32,6,1839,1,11,10,1
2014440022583,2,9,0,18,0,0,0,0,7,9,0,1,2,2,42,7,2401,2,7,10,1
2014440022583,3,9,0,18,0,0,0,0,0,0,1,1,2,2,47,8,2720,2,7,10,3
2014440022735,1,9,0,4,0,1,0,0,0,0,2,1,6,2,31,6,1596,1,6,7,1
2014440022735,2,19,0,4,0,1,0,0,0,0,1,1,6,3,-1,-1,1956,2,4,-1,-1
2014440022791,1,9,0,18,0,0,0,0,0,0,1,1,2,2,18,4,1299,1,13,-1,-1
2014440022791,2,2,0,5,0,0,0,0,0,0,3,1,6,1,17,4,49,1,2,8,1
2014440022861,1,97,0,18,0,8,0,0,0,0,1,1,6,1,14,3,-1,-1,-1,2,1
2014440022861,2,9,0,9,0,8,0,0,0,0,1,1,1,2,25,5,1299,1,11,2,1
2014440022975,1,21,0,9,0,8,0,0,0,0,1,1,1,1,48,8,-1,-1,-1,10,1
2014440022975,2,19,0,18,0,8,0,6,0,0,4,1,1,1,36,7,1968,2,5,7,1
2014440023029,1,9,0,4,0,0,0,0,0,0,2,1,6,2,23,5,1400,1,14,4,1
2014440023029,2,9,0,18,0,0,0,0,0,0,1,1,6,1,80,11,1468,1,20,5,2
2014440023129,1,9,0,18,0,0,0,0,0,0,1,1,6,1,80,11,1800,1,14,10,1
2014440023129,2,9,0,18,0,0,0,0,0,0,2,1,6,1,66,10,-1,-1,-1,10,1
2014440023142,1,9,0,4,0,8,0,0,0,0,2,1,1,2,47,8,1396,1,3,3,1
2014440023142,2,9,0,18,0,8,0,0,0,0,1,1,6,1,47,8,-1,-1,-1,7,1
2014440023146,1,19,0,17,0,0,0,0,1,0,0,1,6,1,77,11,2499,2,13,7,2
2014440023230,1,9,0,18,0,0,0,0,0,0,1,1,6,2,46,8,1399,2,7,9,1
2014440023428,1,9,0,18,0,1,0,0,0,0,1,1,6,1,91,11,1248,1,2,-1,1
2014440023428,2,1,0,2,0,1,0,0,0,0,2,1,6,1,20,4,-1,-1,-1,-1,1
2014440023577,1,1,0,18,0,0,1,0,0,0,0,1,2,1,25,5,-1,-1,-1,5,2
2014440023973,1,3,0,9,0,1,1,0,0,0,4,1,6,1,50,8,125,1,3,8,3
2014440023973,2,9,0,18,0,1,0,0,0,0,1,1,6,1,78,11,1997,2,3,5,1
2014440023974,1,9,0,18,0,0,0,0,0,0,1,1,2,1,49,8,1596,1,7,7,1
2014440024109,1,9,0,9,0,8,0,0,0,0,3,1,6,1,19,4,-1,-1,-1,4,1
2014440024109,2,9,0,18,0,8,0,0,0,0,1,1,2,2,52,8,1360,1,8,4,1
2014440024177,1,9,0,16,0,0,1,0,0,0,1,1,1,1,-1,-1,-1,-1,-1,8,3
2014440024177,2,9,0,17,0,0,1,0,0,0,1,1,6,2,30,6,1896,2,7,6,3
2014440024376,1,9,0,13,0,8,0,0,0,0,4,1,6,3,-1,-1,-1,-1,-1,-1,-1
2014440024376,2,1,0,18,0,8,0,0,0,0,3,1,6,2,27,6,-1,-1,-1,9,1
2014440024411,1,9,0,5,0,8,0,0,0,0,3,1,2,1,39,7,1796,1,8,7,1
2014440024411,2,2,0,14,0,8,1,0,0,0,1,1,6,1,20,4,49,1,15,2,1
2014440024423,1,9,0,3,0,8,0,0,0,0,2,1,6,1,35,6,2597,1,12,9,1
2014440024423,2,9,0,4,0,8,0,0,0,0,1,1,6,2,27,6,1995,1,12,9,1
2014440024423,3,9,0,11,0,8,0,0,0,0,0,1,6,2,53,8,1396,2,3,10,1
2014440024494,1,9,0,18,0,0,0,0,0,0,2,1,2,2,34,6,1390,1,13,-1,1
2014440024494,2,9,0,18,0,0,0,0,0,0,1,1,2,1,62,9,1991,2,2,5,1
2014440024539,1,9,0,10,0,8,0,0,0,0,2,1,6,1,57,9,1998,1,13,8,1
2014440024539,2,9,0,3,0,8,0,0,0,0,1,1,6,1,54,8,1870,2,8,5,1
2014440024546,1,9,0,5,0,8,0,0,0,0,3,1,2,1,21,5,1242,1,14,-1,1
2014440024546,2,9,0,17,0,8,0,0,0,0,1,1,6,1,47,8,1988,1,12,9,2
2014440024592,1,9,0,2,0,1,0,0,1,10,2,1,6,1,51,8,1289,1,15,-1,2
2014440024592,2,9,0,18,0,1,0,0,1,10,1,1,1,2,34,6,998,1,8,-1,-1
2014440024623,1,9,0,18,0,1,0,0,7,11,1,1,6,2,18,4,1229,1,3,10,2
2014440024623,2,1,0,9,0,5,0,0,0,0,0,1,6,3,-1,-1,-1,-1,-1,-1,-1
2014440024646,1,9,0,1,0,8,0,0,0,0,4,1,6,2,41,7,998,1,2,-1,1
2014440024646,2,5,0,15,0,8,1,0,0,0,1,1,6,1,27,6,599,1,18,4,1
2014440024662,1,9,0,18,0,2,1,0,0,0,1,1,1,1,63,9,-1,-1,-1,2,1
2014440024662,2,9,0,3,0,2,0,0,0,0,2,1,6,1,24,5,1796,1,16,7,1
2014440024662,3,9,0,3,0,2,0,0,0,0,2,1,6,1,41,7,1461,2,8,8,1
2014440024758,1,8,0,18,0,1,0,0,0,0,1,1,1,1,32,6,1896,2,6,-1,1
2014440024821,1,9,0,18,0,1,0,0,0,0,1,1,6,1,32,6,2521,1,8,2,1
2014440024821,2,9,0,18,0,1,0,0,0,0,1,1,6,1,45,7,1796,1,14,-1,1
2014440024874,1,9,0,9,0,5,0,0,0,0,4,1,2,1,26,6,-1,-1,-1,7,1
2014440024874,2,1,0,18,0,1,0,0,0,0,1,1,6,1,42,7,-1,-1,-1,-1,1
2014440025109,1,20,0,3,0,1,0,0,0,0,2,1,1,1,44,7,8970,2,7,10,1
2014440025109,2,9,0,3,0,1,0,0,0,0,2,1,6,2,48,8,-1,-1,-1,3,1
2014440025109,3,9,0,18,0,1,0,0,0,0,1,1,6,2,43,7,1598,1,6,9,1
2014440025175,1,9,0,18,0,0,0,0,0,0,2,1,2,2,35,6,1598,2,3,3,1
2014440025175,2,8,0,18,0,0,0,0,0,0,1,1,1,1,-1,-1,-1,-1,-1,-1,-1
2014440025211,1,9,0,18,0,0,1,0,0,0,4,1,6,1,50,8,1896,2,11,8,3
2014440025239,1,19,0,18,0,8,0,0,0,0,1,1,1,1,40,7,1995,2,7,10,1
2014440025239,2,9,0,18,0,8,0,0,0,0,3,1,6,2,47,8,-1,-1,-1,10,1
2014440025294,1,9,0,3,0,2,0,0,0,0,2,1,6,2,24,5,1390,1,13,3,1
2014440025294,2,9,0,18,0,2,0,0,0,0,1,1,6,1,-1,-1,-1,-1,-1,10,1
2014440025323,1,9,0,18,0,0,1,0,0,0,3,1,6,1,19,4,1149,1,12,10,2
2014440025323,2,9,0,18,0,0,0,0,0,0,3,1,6,2,57,9,1197,1,-1,5,2
2014440025403,1,9,0,9,0,6,0,0,0,0,4,1,6,1,-1,-1,1975,1,5,-1,-1
2014440025403,2,1,0,18,0,1,0,0,0,0,1,1,6,1,41,7,-1,-1,-1,4,1
2014440025489,1,9,0,4,0,1,0,0,0,0,1,1,6,1,-1,-1,-1,-1,-1,-1,-1
2014440025489,2,9,0,4,0,1,0,0,0,0,2,1,6,2,19,4,-1,-1,-1,10,1
2014440025544,1,5,0,4,0,1,1,0,4,2,1,1,6,1,27,6,600,1,15,8,1
2014440025582,1,3,0,3,0,2,0,0,0,0,2,1,6,1,56,9,125,1,2,8,1
2014440025582,2,9,0,18,0,2,0,0,0,0,1,1,6,2,55,8,1422,2,7,-1,-1
2014440025583,1,9,0,18,0,0,0,0,0,0,1,1,6,2,46,8,1390,1,12,4,1
2014440025634,1,9,0,17,0,0,0,0,0,0,1,1,6,1,-1,-1,1229,1,8,4,1
2014440025636,1,19,0,18,0,0,0,0,0,0,1,1,6,2,44,7,-1,-1,-1,4,1
2014440025644,1,9,0,18,0,1,0,0,0,0,0,1,6,1,36,7,1587,1,8,4,1
2014440025644,2,1,0,18,0,1,0,0,0,0,0,1,6,1,42,7,-1,-1,-1,3,1
2014440025792,1,1,0,9,0,8,0,0,0,0,3,1,2,1,49,8,-1,-1,-1,4,1
2014440025792,2,9,0,9,0,8,0,0,0,0,1,1,6,1,45,7,1686,2,2,4,1
2014440025861,1,9,0,5,0,4,0,0,0,0,3,1,2,2,34,6,1968,2,2,9,1
2014440025861,2,1,0,18,0,8,0,0,0,0,1,1,2,1,56,9,-1,-1,-1,4,1
2014440025978,1,9,0,18,0,0,0,0,0,0,4,1,6,3,-1,-1,-1,-1,-1,-1,-1
2014440026029,1,9,0,18,0,0,0,0,0,0,4,1,6,3,-1,-1,1461,2,2,-1,-1
2014440026201,1,5,0,18,0,0,1,12,0,0,1,1,2,1,31,6,599,1,12,5,1
2014440026201,2,5,0,18,0,0,1,12,1,1,1,1,6,1,47,8,599,1,16,10,1
2014440026252,1,9,0,7,0,6,0,0,0,0,3,1,2,1,38,7,1199,2,3,4,1
2014440026252,2,1,0,18,0,1,0,0,0,0,1,1,6,1,28,6,-1,-1,-1,5,1
2014440026287,1,9,0,18,0,8,0,0,0,0,1,1,6,3,-1,-1,-1,-1,-1,-1,-1
2014440026287,2,1,0,18,0,8,0,0,0,0,2,1,6,1,30,6,-1,-1,-1,4,1
2014440026309,1,9,0,7,0,5,0,0,0,0,3,1,6,2,64,9,1587,1,14,6,1
2014440026441,1,9,0,17,0,0,0,0,0,0,4,1,6,2,34,6,-1,-1,-1,7,1
2014440026694,1,8,0,5,0,0,0,0,0,0,0,1,1,1,-1,-1,-1,-1,-1,-1,-1
2014440026739,1,9,0,18,0,8,0,0,0,0,1,1,6,2,17,4,1199,1,10,10,1
2014440026739,2,9,0,10,0,8,0,0,0,0,2,1,6,1,56,9,2993,2,2,-1,1
2014440026845,1,3,0,16,0,8,0,0,0,0,1,1,2,1,22,5,125,1,3,4,1
2014440026845,2,9,0,7,0,8,0,0,0,0,2,1,2,1,43,7,-1,-1,-1,8,1
2014440026972,1,1,0,18,0,8,0,0,0,0,1,1,4,1,14,3,-1,-1,-1,2,1
2014440026972,2,9,0,18,0,8,0,0,0,0,4,1,3,1,26,6,1360,1,13,2,1
2014440027159,1,9,0,18,0,0,1,0,1,7,1,1,2,1,65,9,1896,2,9,-1,-1
2014440027159,2,21,0,18,0,0,0,0,0,0,2,1,1,1,49,8,10837,2,7,3,1
2014440027164,1,9,0,18,0,0,0,0,0,0,1,1,2,2,51,8,1598,1,3,10,1
2014440027164,2,9,0,18,0,0,0,0,0,0,2,1,6,1,36,7,2148,2,9,8,3
2014440027164,3,9,0,18,0,0,0,0,0,0,3,1,1,2,46,8,1560,2,2,10,1
2014440027256,1,9,0,18,0,0,0,0,0,0,1,1,6,1,19,4,1360,1,22,6,1
2014440027470,1,9,0,18,0,0,0,0,0,0,1,1,6,1,39,7,1242,1,10,10,1
2014440027828,1,9,0,18,0,8,5,0,0,0,1,1,2,2,22,5,1299,1,12,9,3
2014440027828,2,19,0,9,0,8,0,0,0,0,4,1,1,1,33,6,2198,2,1,-1,1
2014440027883,1,8,0,1,0,0,0,0,0,0,2,1,1,1,31,6,1329,1,1,7,1
2014440027942,1,9,0,4,0,0,0,0,0,0,3,1,6,1,-1,-1,-1,-1,-1,-1,-1
2014440028219,1,9,0,5,0,0,0,0,0,0,3,1,6,2,71,10,1242,1,4,5,2
2014440028219,2,9,0,2,0,0,0,0,0,0,3,1,6,3,-1,-1,1896,2,12,-1,-1
2014440028357,1,9,0,9,0,8,0,0,0,0,3,1,6,2,24,5,1596,1,4,1,1
2014440028357,2,9,0,18,0,8,0,0,0,0,1,1,6,3,-1,-1,1998,2,11,-1,-1
2014440028430,1,9,0,4,0,0,1,0,1,4,3,1,6,1,27,6,1597,1,10,2,1
2014440028507,1,1,0,17,0,8,0,0,0,0,3,1,2,2,28,6,-1,-1,-1,7,1
2014440028507,2,9,0,9,0,8,0,0,0,0,4,1,2,1,41,7,1968,2,5,4,1
2014440028569,1,9,0,18,0,0,0,0,0,0,3,1,1,1,47,8,2387,2,6,-1,-1
2014440028569,2,9,0,18,0,0,0,0,0,0,2,1,6,1,47,8,-1,-1,-1,9,1
2014440028569,3,9,0,18,0,0,0,0,0,0,1,1,6,2,73,10,1870,2,12,10,2
2014440028577,1,9,0,9,0,8,0,0,0,0,1,1,6,1,38,7,2204,2,9,10,1
2014440028879,1,9,0,7,0,8,0,0,0,0,1,1,6,1,17,4,1199,1,13,5,1
2014440029150,1,9,0,5,0,8,0,0,0,0,1,1,2,1,66,10,-1,-1,-1,4,1
2014440029150,2,1,0,17,0,8,0,0,0,0,4,1,2,1,42,7,-1,-1,-1,3,1
2014440029236,1,9,0,16,0,0,0,0,0,0,1,1,6,2,24,5,1360,1,14,2,1
2014440029236,2,9,0,17,0,0,0,0,0,0,3,1,6,1,42,7,1968,2,5,5,1
2014440029259,1,9,0,18,0,0,2,0,2,10,4,1,6,1,23,5,-1,-1,-1,7,1
2014440029289,1,9,0,18,0,0,2,0,6,6,1,1,1,1,27,6,-1,-1,-1,-1,-1
2014440029289,2,9,0,18,0,0,0,0,0,0,0,1,6,1,19,4,1598,1,5,6,1
2014440029318,1,19,0,10,0,8,0,0,0,0,2,1,1,1,59,9,1398,2,7,1,1
2014440029318,2,21,0,4,0,8,0,0,0,0,1,1,1,1,45,7,12809,2,-1,6,1
2014440029427,1,1,0,18,0,8,0,0,0,0,1,1,6,2,22,5,-1,-1,-1,6,1
2014440029427,2,8,0,18,0,8,0,0,0,0,1,1,1,1,-1,-1,2179,2,10,-1,-1
2014440029487,1,9,0,18,0,1,0,0,0,0,1,1,6,3,-1,-1,-1,-1,-1,-1,-1
2014440029487,2,9,0,3,0,1,0,0,0,0,2,1,6,1,65,9,1461,2,7,5,1
2014440029504,1,9,0,7,0,8,0,0,0,0,1,1,1,1,-1,-1,1390,1,14,-1,-1
2014440029534,1,9,0,9,0,8,0,0,0,0,4,1,6,1,46,8,1598,1,6,7,3
2014440029534,2,9,0,18,0,8,5,0,0,0,1,1,6,1,59,9,1753,2,13,9,1
2014440029573,1,9,0,18,0,0,0,0,0,0,1,1,6,2,39,7,3189,1,7,4,1
2014440029573,2,20,0,4,0,0,0,0,0,0,2,1,6,1,34,6,-1,-1,-1,6,1
2014440029573,3,9,0,4,0,0,0,0,0,0,2,1,6,1,31,6,1598,1,10,9,1
2014440029573,4,9,0,4,0,0,0,0,0,0,2,1,6,2,38,7,1598,1,9,10,1
2014440029680,1,5,0,13,0,8,0,0,0,0,3,1,6,1,52,8,892,1,-1,-1,2
2014440029680,2,9,0,18,0,8,0,0,0,0,4,1,6,1,65,9,1910,2,7,7,1
2014440029987,1,9,0,15,0,8,0,0,0,0,0,1,6,1,31,6,1240,1,7,4,1
2014440029987,2,9,0,18,0,8,1,0,0,2,4,1,6,1,58,9,1275,1,14,5,1
2014440030231,1,8,0,5,0,0,0,0,0,0,4,1,1,3,-1,-1,-1,-1,-1,-1,-1
2014440030485,1,9,0,4,0,8,0,0,0,0,1,1,6,1,47,8,1685,2,1,7,1
2014440030485,2,9,0,3,0,8,0,0,0,0,2,1,6,1,53,8,1588,1,12,7,1
2014440030523,1,9,0,17,0,0,2,0,5,1,1,1,6,2,22,5,-1,-1,-1,7,3
2014440030974,1,9,0,18,0,0,0,0,1,4,1,1,6,1,29,6,998,1,24,2,1
2014440031248,1,5,0,13,0,0,0,0,0,0,0,1,2,1,37,7,738,1,10,8,1
2014440031323,1,19,0,4,0,0,0,0,0,0,1,1,1,1,23,5,1560,2,3,4,1
2014440031323,2,9,0,4,0,0,0,0,0,0,2,1,2,1,63,9,1900,2,12,-1,-1
2014440031323,3,9,0,4,0,0,0,0,0,0,2,1,6,3,-1,-1,-1,-1,-1,-1,-1
2014440031323,4,9,0,4,0,0,0,0,0,0,2,1,6,3,-1,-1,-1,-1,-1,-1,-1
2014440031341,1,9,0,9,0,8,0,0,0,0,4,1,6,2,40,7,1997,2,14,2,1
2014440031341,2,3,0,13,0,8,0,0,0,0,1,1,6,1,49,8,85,1,13,2,1
2014440031573,1,9,0,3,0,8,0,0,0,0,2,1,6,1,67,10,1598,1,5,8,2
2014440031573,2,9,0,4,0,8,0,0,0,0,1,1,6,1,25,5,1994,1,15,3,1
2014440031600,1,9,0,7,0,8,0,0,0,0,1,1,6,2,20,4,1988,1,11,4,1
2014440031600,2,1,0,18,0,8,0,0,0,0,4,1,6,1,53,8,-1,-1,-1,-1,1
2014440031777,1,9,0,16,0,8,0,0,0,0,3,1,6,1,73,10,998,1,1,6,1
2014440031777,2,9,0,17,0,8,0,0,0,0,3,1,6,1,20,4,1242,1,11,10,1
2014440031922,1,3,0,18,0,8,0,0,0,0,1,1,6,1,18,4,125,1,2,10,3
2014440031922,2,9,0,18,0,8,0,0,0,0,3,1,6,1,66,10,2435,1,12,4,1
2014440032020,1,9,0,18,0,8,0,0,0,0,1,1,6,1,-1,-1,-1,-1,-1,-1,-1
2014440032020,2,1,0,18,0,8,0,0,0,0,2,1,4,1,11,3,-1,-1,-1,6,1
2014440032139,1,9,0,15,0,0,0,0,0,0,4,1,6,1,28,6,1988,1,13,2,1
2014440032139,2,1,0,18,0,0,0,0,0,0,3,1,6,1,28,6,-1,-1,-1,10,2
2014440032144,1,9,0,2,0,0,0,0,0,0,2,1,6,1,23,5,1596,1,8,9,1
2014440032144,2,9,0,14,0,0,1,0,0,0,1,1,6,2,55,8,1396,1,14,-1,1
2014440032159,1,9,0,10,0,8,0,0,0,0,2,1,6,1,29,6,998,1,8,1,1
2014440032159,2,9,0,18,0,8,0,0,0,0,1,1,6,1,19,4,1390,1,9,6,1
2014440032217,1,9,0,5,0,1,0,0,0,0,3,1,2,3,-1,-1,1299,1,15,-1,-1
2014440032217,2,9,0,18,0,1,0,0,0,0,4,1,6,2,23,5,1398,2,7,10,1
2014440032224,1,9,0,9,0,8,0,0,0,0,3,1,2,1,33,6,998,1,4,8,1
2014440032224,2,3,0,14,0,8,0,0,0,0,1,1,6,1,21,5,125,1,7,8,1
2014440032324,1,9,0,18,0,0,1,0,7,10,1,1,2,1,19,4,1590,1,11,10,1
2014440032664,1,9,0,18,0,8,0,0,3,11,3,1,6,2,38,7,1461,2,4,7,1
2014440032664,2,9,0,18,0,8,0,0,3,11,1,1,6,1,71,10,1896,2,4,8,1
2014440032832,1,9,0,18,0,1,0,0,0,0,1,1,6,2,63,9,1598,1,14,2,1
2014440033023,1,9,0,18,0,0,0,0,0,0,3,1,6,1,69,10,1390,1,3,9,1
2014440033255,1,9,0,1,0,1,0,0,0,0,2,1,6,2,46,8,1796,1,13,4,1
2014440033279,1,19,0,18,0,0,0,0,0,0,1,1,6,1,29,6,2402,2,6,3,1
2014440033279,2,9,0,3,0,0,0,0,0,0,2,1,6,1,20,4,-1,-1,-1,10,1
2014440033279,3,9,0,3,0,0,0,0,0,0,2,1,6,2,51,8,1086,1,6,10,1
2014440033294,1,19,0,18,0,1,0,0,0,0,1,1,6,1,18,4,1995,2,7,9,1
2014440033294,2,1,0,9,0,5,0,0,0,0,4,1,6,2,29,6,-1,-1,-1,5,1
2014440033319,1,19,0,6,0,0,0,0,0,0,3,1,1,1,39,7,2143,2,4,8,2
2014440033319,2,3,0,13,0,0,1,0,0,0,1,1,6,1,18,4,124,1,9,10,2
2014440033457,1,9,0,9,0,8,0,0,0,0,3,1,2,1,57,9,1598,1,1,10,3
2014440033457,2,4,0,18,0,8,0,0,0,0,1,1,2,1,38,7,249,1,3,10,1
2014440033533,1,9,0,18,0,0,0,0,0,0,3,1,2,2,21,5,1598,2,4,5,1
2014440033533,2,9,0,13,0,0,0,0,1,0,4,1,2,2,42,7,1796,1,12,5,1
2014440033598,1,9,0,18,0,0,0,0,2,4,1,1,6,1,43,7,2987,2,8,8,1
2014440033598,2,9,0,18,0,0,5,0,2,4,2,1,6,1,62,9,1896,2,7,10,3
2014440033757,1,3,0,18,0,8,0,0,0,0,1,1,6,1,17,4,125,1,22,3,1
2014440033757,2,9,0,9,0,8,0,0,0,0,4,1,6,1,65,9,-1,-1,-1,-1,-1
2014440033787,1,9,0,18,0,8,0,0,0,0,4,1,6,2,80,11,1240,1,6,3,1
2014440033805,1,19,0,9,0,8,0,0,0,0,1,1,1,1,39,7,1968,2,4,5,1
2014440033805,2,1,0,18,0,8,0,0,0,0,4,1,4,1,17,4,-1,-1,-1,5,1
2014440033891,1,9,0,9,0,8,1,0,0,0,1,1,6,2,19,4,1149,1,16,8,1
2014440033891,2,9,0,4,0,8,0,0,0,0,1,1,6,2,53,8,1984,1,9,10,1
2014440033954,1,9,0,17,0,0,0,0,1,4,1,1,6,2,35,6,1390,1,14,7,3
2014440034129,1,9,0,17,0,0,2,0,1,4,1,1,6,1,32,6,1975,1,9,4,1
2014440034160,1,9,0,5,0,8,0,0,0,0,3,1,6,2,69,10,1388,1,5,5,1
2014440034160,2,1,0,18,0,8,0,0,0,0,1,1,6,1,25,5,-1,-1,-1,-1,-1
2014440034238,1,9,0,3,0,0,0,0,0,0,2,1,6,2,25,5,1598,1,7,7,1
2014440034238,2,9,0,4,0,0,0,0,0,0,1,1,6,3,-1,-1,-1,-1,-1,-1,-1
2014440034557,1,9,0,12,0,0,0,0,4,6,1,1,1,1,54,8,1995,1,12,10,1
2014440034557,2,9,0,18,0,0,0,0,0,0,2,1,1,2,50,8,1339,1,8,3,1
2014440034576,1,9,0,18,0,8,0,0,0,0,1,1,6,2,54,8,973,1,12,4,1
2014440034613,1,2,0,18,0,8,1,0,0,0,0,1,2,2,17,4,49,1,10,10,3
2014440034613,2,19,0,7,0,8,0,0,0,0,0,1,6,3,-1,-1,-1,-1,-1,-1,-1
2014440034650,1,9,0,7,0,6,0,0,0,0,1,1,6,2,25,5,1896,2,6,10,2
2014440034650,2,1,0,18,0,8,0,0,0,0,4,1,6,1,23,5,-1,-1,-1,4,1
2014440034694,1,9,0,18,0,1,0,0,0,0,4,1,6,3,-1,-1,-1,-1,-1,-1,-1
2014440034722,1,9,0,9,0,6,0,0,0,0,3,1,1,2,43,7,1582,2,3,9,1
2014440034722,2,3,0,18,0,1,1,0,0,0,1,1,6,1,44,7,125,1,2,4,1
2014440034781,1,9,0,18,0,0,0,0,1,7,1,1,1,1,64,9,-1,-1,-1,5,1
2014440034835,1,9,0,18,0,8,0,0,0,0,1,1,6,1,45,7,1388,1,6,8,3
2014440034835,2,1,0,18,0,4,0,0,0,0,3,1,6,1,19,4,-1,-1,-1,-1,1
2014440034870,1,9,0,5,0,1,0,0,0,0,1,1,6,3,-1,-1,-1,-1,-1,-1,-1
2014440034870,2,1,0,9,0,1,0,0,0,0,3,1,6,1,14,3,-1,-1,-1,7,1
2014440034941,1,9,0,9,0,5,0,0,0,0,1,1,2,1,32,6,1984,1,14,2,1
2014440034941,2,1,0,10,0,1,0,0,0,0,1,1,2,1,42,7,-1,-1,-1,2,1
2014440034976,1,9,0,18,0,0,0,4,0,0,1,1,2,2,21,5,1149,1,12,3,1
2014440034976,2,9,0,2,0,0,0,0,0,0,2,1,6,1,43,7,1896,2,19,-1,-1
2014440034976,3,9,0,2,0,0,0,0,0,0,2,1,6,2,32,6,1489,1,16,-1,-1
2014440035000,1,9,0,18,0,8,0,0,0,0,1,1,6,2,49,8,1995,2,3,5,1