Accident_Index,Vehicle_Reference,Vehicle_Type,Towing_and_Articulation,Vehicle_Manoeuvre,Vehicle_Location-Restricted_Lane,Junction_Location,Skidding_and_Overturning,Hit_Object_in_Carriageway,Vehicle_Leaving_Carriageway,Hit_Object_off_Carriageway,1st_Point_of_Impact,Was_Vehicle_Left_Hand_Drive?,Journey_Purpose_of_Driver,Sex_of_Driver,Age_of_Driver,Age_Band_of_Driver,Engine_Capacity_(CC),Propulsion_Code,Age_of_Vehicle,Driver_IMD_Decile,Driver_Home_Area_Type
2014440035000,2,1,0,18,0,8,0,0,0,0,4,1,6,1,27,6,-1,-1,-1,5,1
2014440035188,1,11,0,18,0,1,0,0,0,0,0,1,1,1,66,10,-1,-1,-1,3,1
2014440035303,1,9,0,9,0,8,0,0,0,0,1,1,6,1,55,8,1994,1,8,9,1
2014440035303,2,3,0,18,0,8,0,0,0,0,3,1,6,2,17,4,125,1,1,8,1
2014440035359,1,19,0,18,0,0,0,0,0,0,1,1,6,3,-1,-1,-1,-1,-1,-1,-1
2014440035359,2,9,0,18,0,0,0,0,0,0,2,1,6,2,47,8,1461,2,4,5,1
2014440035421,1,9,0,16,0,0,0,0,0,0,1,1,6,2,43,7,1598,1,5,-1,1
2014440035421,2,21,1,17,0,0,1,0,0,0,3,1,1,1,54,8,11705,2,2,10,1
2014440035655,1,9,0,5,0,1,0,0,0,0,1,1,1,2,44,7,1796,1,14,5,1
2014440035655,2,9,0,3,0,1,0,0,0,0,2,1,1,1,48,8,-1,-1,-1,7,1
2014440035662,1,9,0,18,0,0,0,7,0,0,1,1,6,1,88,11,1493,1,15,8,1
2014440035683,1,9,0,3,0,0,0,0,0,0,2,1,2,1,53,8,1299,1,8,6,1
2014440035683,2,9,0,4,0,0,0,0,0,0,1,1,2,2,22,5,1388,1,7,-1,-1
2014440035786,1,9,0,9,0,6,0,0,0,0,1,1,3,1,52,8,1240,1,9,7,1
2014440035786,2,5,0,18,0,1,0,0,0,0,4,1,2,1,24,5,644,1,12,6,1
2014440035795,1,5,0,18,0,7,0,0,0,0,1,1,6,1,57,9,1690,1,3,5,1
2014440035795,2,9,0,18,0,7,0,0,0,0,2,1,6,1,63,9,998,1,1,8,1
2014440035795,3,9,0,18,0,7,0,0,0,0,4,1,6,1,55,8,1999,1,10,1,1
2014440036103,1,8,0,9,0,8,0,0,0,0,3,1,1,1,36,7,1995,2,7,7,1
2014440036103,2,1,0,18,0,1,0,0,0,0,1,1,6,1,62,9,-1,-1,-1,10,1
2014440036296,1,2,0,9,0,8,1,0,0,0,3,1,1,1,22,5,49,1,13,5,1
2014440036373,1,21,0,18,0,0,0,0,0,0,1,1,1,2,60,9,12740,2,1,3,1
2014440036373,2,21,4,18,0,0,0,0,0,0,2,1,1,1,19,4,-1,-1,-1,10,1
2014440036392,1,9,0,18,0,8,0,0,0,0,1,1,2,2,43,7,1596,1,4,5,1
2014440036409,1,9,0,18,0,0,1,0,7,0,3,1,2,2,30,6,1124,1,11,2,1
2014440036409,2,9,0,18,0,0,0,0,0,0,1,1,2,2,31,6,998,1,6,3,1
2014440036471,1,2,0,18,0,0,0,0,0,0,0,1,6,2,21,5,49,1,1,6,1
2014440036471,2,9,0,18,0,0,0,0,0,0,0,1,6,3,-1,-1,-1,-1,-1,-1,-1
2014440036635,1,11,0,7,0,8,0,0,0,0,1,1,1,3,-1,-1,3900,2,10,-1,-1
2014440036673,1,1,0,9,0,8,0,0,0,0,0,1,6,1,44,7,-1,-1,-1,10,1
2014440036750,1,9,0,3,0,8,0,0,0,0,2,1,6,2,44,7,2143,2,3,7,2
2014440036750,2,9,0,4,0,8,0,0,0,0,1,1,6,1,-1,-1,1995,2,6,6,1
2014440036792,1,9,0,3,0,1,0,0,0,0,2,1,6,1,75,10,1731,1,16,2,1
2014440036792,2,9,0,4,0,1,0,0,0,0,1,1,6,1,24,5,1299,1,11,8,1
2014440036936,1,9,0,18,0,0,2,0,0,0,4,1,6,2,23,5,1240,1,6,8,3
2014440037104,1,9,0,18,0,8,0,0,0,0,4,1,6,2,-1,-1,1299,1,12,10,1
2014440037104,2,1,0,18,0,8,0,0,0,0,3,1,6,1,40,7,-1,-1,-1,8,2
2014440037151,1,19,0,16,0,8,2,0,1,10,3,1,2,1,43,7,1868,2,9,6,1
2014440037151,2,19,0,5,0,8,0,0,0,0,0,1,6,3,-1,-1,-1,-1,-1,-1,-1
2014440037163,1,9,0,5,0,8,0,0,0,0,2,1,6,1,58,9,1896,2,13,5,1
2014440037163,2,9,0,5,0,8,0,0,0,0,1,1,6,2,31,6,1995,2,7,4,1
2014440037300,1,9,0,7,0,8,0,0,0,0,1,1,6,1,20,4,1324,1,16,4,1
2014440037300,2,9,0,18,0,8,0,0,1,0,4,1,6,1,23,5,1360,1,8,3,1
2014440037303,1,8,0,18,0,8,0,0,0,0,1,1,1,1,36,7,1991,2,4,2,1
2014440037303,2,19,0,9,0,8,0,0,0,0,3,1,1,1,36,7,1995,2,6,10,1
2014440037326,1,2,0,18,0,8,1,0,0,0,0,1,6,2,16,4,49,1,6,7,1
2014440037326,2,8,0,7,0,8,0,0,0,0,0,1,1,3,-1,-1,-1,-1,-1,-1,-1
2014440037588,1,9,0,18,0,1,0,0,0,0,3,1,2,2,49,8,1991,1,13,4,1
2014440037626,1,5,0,18,0,0,1,0,0,0,0,1,6,1,19,4,599,1,10,3,1
2014440037653,1,9,0,18,0,1,0,0,0,0,1,1,2,1,64,9,998,1,7,9,1
2014440037660,1,9,0,18,0,8,0,0,0,0,1,1,2,2,30,6,1896,2,13,10,2
2014440037720,1,9,0,17,0,1,0,0,0,0,3,1,2,2,46,8,1598,1,3,2,1
2014440037720,2,11,0,16,0,1,0,0,0,0,3,1,1,1,39,7,4250,2,9,5,1
2014440037807,1,9,0,1,0,8,0,0,0,0,2,1,6,3,-1,-1,1364,1,1,-1,-1
2014440037838,1,3,0,16,0,0,1,0,7,11,4,1,6,1,24,5,124,1,13,4,1
2014440037838,2,9,0,17,0,0,0,0,0,0,1,1,6,2,38,7,2401,2,9,9,1
2014440037925,1,19,0,13,0,8,0,0,0,0,0,1,2,1,72,10,1753,2,4,4,1
2014440037925,2,1,0,18,0,8,0,0,0,0,0,1,2,1,40,7,-1,-1,-1,9,1
2014440037926,1,9,0,18,0,0,1,0,1,9,1,1,6,1,21,5,1398,2,11,7,1
2014440037928,1,9,0,9,0,5,0,0,0,0,4,1,6,1,18,4,-1,-1,-1,10,2
2014440037928,2,9,0,18,0,1,0,0,0,0,1,1,6,1,20,4,1149,1,11,7,1
2014440037975,1,19,0,9,0,6,0,0,0,0,1,1,6,1,44,7,1995,2,6,9,3
2014440037975,2,19,0,18,0,1,0,0,0,0,4,1,6,1,66,10,-1,-1,-1,-1,1
2014440038320,1,9,0,9,0,8,0,0,0,0,1,1,6,1,-1,-1,-1,-1,-1,-1,-1
2014440038320,2,1,0,7,0,8,0,0,0,0,2,1,1,1,31,6,-1,-1,-1,3,1
2014440038681,1,9,0,16,0,0,0,0,0,0,1,1,6,3,-1,-1,-1,-1,-1,-1,-1
2014440038947,1,9,0,18,0,0,0,0,0,0,3,1,6,2,42,7,1870,2,11,8,1
2014440038947,2,1,0,18,0,0,0,0,0,0,1,1,6,2,46,8,-1,-1,-1,8,1
2014440039115,1,9,0,17,0,8,0,0,7,2,1,1,6,1,38,7,1242,1,11,10,1
2014440039115,2,9,0,5,0,8,0,0,0,0,0,1,6,3,-1,-1,-1,-1,-1,-1,-1
2014440039323,1,4,0,18,0,8,1,0,0,0,3,1,6,1,33,6,125,1,46,7,1
2014440039489,1,19,0,18,0,0,0,12,7,4,1,1,6,1,36,7,2148,2,9,5,1
2014440039829,1,9,0,18,0,0,0,0,0,0,1,1,2,2,36,7,1988,1,11,7,1
2014440039862,1,9,0,7,0,2,0,0,0,0,1,1,2,2,34,6,1798,1,5,6,1
2014440040069,1,9,0,2,0,0,0,0,0,0,3,1,6,1,-1,-1,-1,-1,-1,-1,-1
2014440040069,2,1,0,14,0,0,0,0,0,0,1,1,6,2,48,8,-1,-1,-1,6,1
2014440040081,1,3,0,17,0,8,0,0,0,0,1,1,2,1,19,4,125,1,7,5,1
2014440040081,2,9,0,5,0,4,0,0,0,0,3,1,2,2,69,10,1796,1,6,-1,-1
2014440040312,1,9,0,18,0,0,5,0,0,0,1,1,6,2,86,11,1329,1,2,10,1
2014440040312,2,9,0,2,0,0,0,0,0,0,1,1,1,2,47,8,1781,1,12,-1,-1
2014440040347,1,19,0,18,0,8,0,0,0,0,3,1,1,1,52,8,1868,2,9,5,1
2014440040391,1,9,0,2,0,0,0,0,0,0,3,1,1,1,59,9,1997,2,5,5,1
2014440040391,2,1,0,18,0,0,0,8,0,0,1,1,6,2,56,9,-1,-1,-1,-1,1
2014440040421,1,9,0,5,0,4,0,0,0,0,1,1,1,1,60,9,-1,-1,-1,9,1
2014440040421,2,1,0,18,0,8,0,0,0,0,4,1,6,1,43,7,-1,-1,-1,9,1
2014440040547,1,3,0,14,0,1,0,0,0,0,1,1,6,1,20,4,124,1,2,7,1
2014440040547,2,9,0,9,0,6,0,0,0,0,3,1,6,2,40,7,1598,1,7,7,1
2014440040564,1,9,0,5,0,8,0,0,0,0,1,1,2,1,30,6,1364,1,5,10,1
2014440040564,2,1,0,17,0,8,0,0,0,0,4,1,6,1,33,6,-1,-1,-1,10,1
2014440040568,1,9,0,3,0,1,0,0,0,0,2,1,6,3,-1,-1,-1,-1,-1,-1,-1
2014440040568,2,9,0,3,0,1,0,0,0,0,2,1,6,2,25,5,1596,1,12,10,2
2014440040568,3,9,0,4,0,1,0,0,0,0,1,1,6,3,-1,-1,1796,1,15,-1,-1
2014440040600,1,1,0,18,0,2,0,0,0,0,3,1,2,1,50,8,-1,-1,-1,7,1
2014440040600,2,19,0,7,0,5,0,0,0,0,1,1,1,3,-1,-1,-1,-1,-1,-1,-1
2014440040757,1,9,0,18,0,2,0,0,0,0,1,1,6,2,-1,-1,-1,-1,-1,-1,-1
2014440040796,1,8,0,1,0,8,0,0,0,0,2,1,1,1,-1,-1,1796,1,6,-1,-1
2014440040796,2,9,0,2,0,8,0,0,0,0,1,1,6,3,-1,-1,-1,-1,-1,-1,-1
2014440040826,1,19,0,1,0,5,0,0,0,0,3,1,6,1,63,9,2198,2,7,10,1
2014440040826,2,1,0,18,0,1,0,0,0,0,1,1,6,1,36,7,-1,-1,-1,8,1
2014440040956,1,9,0,9,0,6,0,0,0,0,3,1,2,2,49,8,1560,2,3,6,1
2014440040956,2,1,0,18,0,1,0,0,0,0,1,1,2,1,22,5,-1,-1,-1,1,1
2014440041143,1,9,0,9,0,8,0,0,0,0,1,1,6,1,37,7,2143,2,2,5,1
2014440041143,2,9,0,13,0,8,0,0,0,0,1,1,6,1,20,4,-1,-1,-1,4,1
2014440041351,1,19,4,18,0,0,0,0,0,0,1,1,6,1,43,7,2488,2,7,9,3
2014440041351,2,1,0,18,0,0,0,0,0,0,2,1,6,1,52,8,-1,-1,-1,5,3
2014440041367,1,9,0,18,0,0,0,0,0,0,2,1,2,2,53,8,1248,1,1,10,1
2014440041367,2,9,0,18,0,0,1,0,0,0,1,1,2,3,-1,-1,-1,-1,-1,-1,-1
2014440041383,1,9,0,18,0,1,0,0,3,9,1,1,6,2,74,10,1240,1,8,9,3
2014440041383,2,9,0,5,0,8,0,0,0,0,0,1,6,2,47,8,-1,-1,-1,8,3
2014440041559,1,9,0,18,0,8,0,0,0,0,1,1,6,2,32,6,1834,1,15,3,1
2014440041559,2,9,0,4,0,8,0,0,0,0,2,1,6,2,30,6,1753,2,11,2,1
2014440041559,3,9,0,4,0,8,0,0,0,0,2,1,6,2,64,9,1299,1,7,9,1
2014440041628,1,9,0,2,0,0,0,0,0,0,2,1,6,2,27,6,1781,1,11,4,1
2014440041628,2,9,0,18,0,0,0,0,0,0,1,1,6,1,56,9,3059,2,20,5,1
2014440041770,1,9,0,7,0,8,0,0,0,0,3,1,6,1,76,11,1799,1,6,10,1
2014440041770,2,9,0,18,0,8,0,0,0,0,1,1,6,2,23,5,1796,1,13,7,1
2014440041778,1,9,0,18,0,0,0,0,0,0,1,1,6,2,70,10,1900,2,9,6,1
2014440041823,1,19,0,7,0,8,0,0,0,0,1,1,1,1,48,8,1248,2,6,-1,-1
2014440041823,2,1,0,18,0,8,0,0,0,0,4,1,6,2,54,8,-1,-1,-1,6,1
2014440041833,1,8,0,9,0,8,0,0,0,0,1,1,1,1,44,7,1896,2,4,6,1
2014440041833,2,5,0,18,0,8,0,0,0,0,3,1,2,1,33,6,599,1,12,6,1
2014440041858,1,3,0,18,0,8,1,11,0,0,1,1,6,1,18,4,124,1,2,5,2
2014440041894,1,3,0,18,0,1,1,0,0,0,4,1,6,1,24,5,125,1,-1,7,1
2014440042015,1,9,0,18,0,0,0,11,0,0,2,1,6,1,51,8,1896,2,10,10,3
2014440042015,2,9,0,18,0,0,0,0,0,0,1,1,6,3,-1,-1,1328,1,13,-1,-1
2014440042062,1,9,0,18,0,8,0,0,0,0,1,1,6,3,-1,-1,3189,1,8,-1,-1
2014440042062,2,9,0,18,0,8,0,0,0,0,2,1,2,1,24,5,1910,2,5,8,1
2014440042062,3,9,0,18,0,8,0,0,0,0,2,1,6,3,-1,-1,1400,1,6,-1,-1
2014440042146,1,9,0,12,0,0,2,0,4,0,0,1,6,2,34,6,1995,1,4,-1,-1
2014440042212,1,19,0,18,0,0,0,0,0,0,0,1,1,1,31,6,2198,2,1,3,1
2014440042212,2,9,0,18,0,0,0,11,0,0,1,1,6,1,43,7,2967,2,2,10,2
2014440042212,3,9,0,18,0,0,0,0,0,0,3,1,6,1,39,7,2000,2,4,8,1
2014440042290,1,9,0,18,0,8,0,0,0,0,1,1,6,1,-1,-1,998,1,1,9,3
2014440042315,1,9,0,5,0,8,0,0,0,0,1,1,6,1,-1,-1,-1,-1,-1,9,2
2014440042315,2,1,0,18,0,8,0,0,0,0,4,1,6,1,31,6,-1,-1,-1,5,1
2014440042516,1,9,0,4,0,1,0,0,0,0,2,1,6,2,42,7,1242,1,4,5,1
2014440042516,2,9,0,18,0,1,0,0,0,0,1,1,6,2,24,5,1364,1,7,9,1
2014440042571,1,9,0,18,0,0,0,0,0,0,1,1,6,1,83,11,1396,1,6,5,3
2014440042597,1,9,0,9,0,8,0,0,0,0,3,1,6,2,73,10,1339,1,1,8,3
2014440042597,2,9,0,18,0,8,0,0,0,0,1,1,6,1,17,4,1242,1,9,4,1
2014440042719,1,9,0,4,0,2,0,0,0,0,2,1,6,1,41,7,1998,1,14,5,1
2014440042719,2,20,0,18,0,2,0,0,0,0,1,1,6,1,-1,-1,4500,2,7,-1,-1
2014440042834,1,9,0,18,0,0,0,0,0,0,1,1,1,1,65,9,1560,2,7,3,1
2014440042947,1,19,0,4,0,1,0,0,0,0,3,1,6,1,53,8,1995,2,7,-1,-1
2014440042947,2,19,0,18,0,8,0,0,0,0,1,1,6,1,49,8,1868,2,14,5,1
2014440042948,1,9,0,9,0,8,0,0,0,0,1,1,6,1,75,10,1796,1,7,5,3
2014440042948,2,2,0,18,0,8,0,0,0,0,3,1,6,1,17,4,49,1,1,9,3
2014440042958,1,9,0,5,0,1,0,0,0,0,0,1,6,1,55,8,1597,1,14,7,1
2014440042958,2,5,0,14,0,1,0,0,0,0,0,1,2,1,48,8,885,1,16,5,1
2014440043109,1,9,0,18,0,2,0,0,0,0,1,1,6,1,22,5,2799,1,17,1,1
2014440043125,1,9,0,4,0,0,0,0,0,0,1,1,6,1,22,5,2000,2,3,8,1
2014440043125,2,9,0,4,0,0,0,0,0,0,2,1,6,2,21,5,1995,1,6,6,1
2014440043518,1,19,0,18,0,0,0,0,1,4,1,1,1,1,64,9,1753,2,19,9,2
2014440043518,2,9,0,18,0,0,0,0,0,0,1,1,1,1,22,5,1397,1,13,4,1
2014440043572,1,9,0,7,0,8,0,0,0,0,3,1,6,2,26,6,1595,1,14,9,1
2014440043572,2,9,0,18,0,8,1,0,0,0,1,1,6,1,45,7,1242,1,11,7,1
2014440043806,1,9,0,18,0,0,0,11,1,9,1,1,6,2,20,4,-1,-1,-1,7,1
2014440043862,1,9,0,18,0,0,0,0,0,0,3,1,6,1,23,5,1753,2,12,3,1
2014440043862,2,9,0,14,0,0,0,0,0,0,3,1,6,3,-1,-1,-1,-1,-1,-1,-1
2014440043926,1,11,0,18,0,0,0,0,0,0,0,1,1,3,-1,-1,-1,2,16,-1,-1
2014440043926,2,9,0,5,0,0,0,0,0,0,0,1,2,1,30,6,1998,2,13,2,1
2014440044008,1,1,0,18,0,0,0,0,0,0,1,1,6,2,60,9,-1,-1,-1,5,1
2014440044008,2,9,0,2,0,0,0,0,0,0,4,1,6,3,-1,-1,1753,2,7,-1,-1
2014440044066,1,9,0,9,0,8,0,0,0,0,1,1,1,1,29,6,1248,2,7,5,1
2014440044066,2,1,0,18,0,8,0,0,0,0,1,1,6,2,23,5,-1,-1,-1,4,1
2014440044195,1,9,0,18,0,0,0,0,0,0,1,1,2,2,48,8,1598,2,1,5,1
2014440044238,1,9,0,18,0,1,0,0,0,0,1,1,2,1,23,5,1598,1,9,9,1
2014440044238,2,9,0,8,0,1,0,0,0,0,2,1,2,1,27,6,2793,1,17,-1,1
2014440044316,1,9,0,3,0,1,0,0,0,0,2,1,6,1,18,4,1229,1,6,7,1
2014440044316,2,9,0,18,0,1,0,0,0,0,1,1,6,3,-1,-1,-1,-1,-1,-1,-1
2014440044405,1,9,0,18,0,0,1,0,4,6,1,1,6,1,24,5,1598,1,11,7,1
2014440044603,1,9,0,18,0,0,1,10,7,7,1,1,2,1,19,4,1360,1,15,8,3
2014440044728,1,9,0,18,0,1,0,0,0,0,1,1,2,2,27,6,998,1,14,10,1
2014440044728,2,9,0,9,0,1,0,0,0,0,4,1,2,2,23,5,1198,1,7,-1,1
2014440044914,1,11,0,2,0,0,0,0,0,0,2,1,1,1,59,9,12000,2,12,5,2
2014440044914,2,9,0,18,0,0,0,4,0,0,1,1,6,1,89,11,1390,1,10,-1,3
2014440044918,1,1,0,14,0,8,0,0,0,0,1,1,2,1,26,6,-1,-1,-1,-1,1
2014440044918,2,9,0,9,0,8,0,0,0,0,1,1,2,1,32,6,-1,-1,-1,-1,1
2014440045033,1,9,0,9,0,5,0,0,0,0,0,1,6,2,67,10,1498,1,1,5,1
2014440045033,2,1,0,18,0,1,0,10,0,0,4,1,6,2,20,4,-1,-1,-1,2,1
2014440045072,1,9,0,9,0,6,0,0,0,0,3,1,6,1,58,9,2720,2,7,10,1
2014440045072,2,9,0,18,0,1,0,0,0,0,1,1,6,2,59,9,996,1,5,9,1
2014440045175,1,9,0,17,0,0,2,0,1,0,4,1,6,2,24,5,1560,2,7,9,1
2014440045237,1,9,0,18,0,0,1,0,1,0,3,1,6,1,41,7,-1,-1,-1,7,1
2014440045281,1,9,0,18,0,0,0,0,7,0,3,1,6,1,68,10,1997,1,7,5,2
2014440045281,2,9,0,18,0,0,0,0,0,0,3,1,6,1,59,9,1686,2,9,9,1
2014440045281,3,9,0,18,0,0,0,0,1,0,3,1,6,2,31,6,1461,2,4,10,1
2014440045381,1,9,0,9,0,8,0,0,0,0,3,1,6,2,68,10,-1,-1,-1,9,3
2014440045381,2,1,0,18,0,8,0,0,0,0,1,1,6,1,53,8,-1,-1,-1,10,1
2014440045406,1,9,0,4,0,0,0,0,0,0,2,1,6,1,24,5,1398,1,1,2,1
2014440045406,2,5,0,18,0,0,0,0,0,0,1,1,1,1,24,5,670,1,2,8,3
2014440045416,1,20,0,2,0,0,0,0,0,0,2,1,1,1,52,8,2198,2,2,9,1
2014440045416,2,9,0,18,0,0,0,0,0,0,1,1,3,2,24,5,1149,1,9,4,1
2014440045505,1,11,0,18,0,2,0,0,0,0,4,1,1,1,25,5,-1,-1,-1,4,1
2014440045549,1,9,0,5,0,8,0,0,0,0,1,1,6,1,67,10,2497,1,12,10,1
2014440045549,2,1,0,18,0,8,0,0,0,0,2,1,6,1,22,5,-1,-1,-1,4,1
2014440045615,1,9,0,5,0,8,0,0,0,0,1,1,2,1,60,9,1587,1,12,3,1
2014440045615,2,1,0,18,0,8,0,0,0,0,4,1,6,1,53,8,-1,-1,-1,-1,-1
2014440045724,1,9,0,16,0,0,5,0,1,1,1,1,6,1,21,5,1360,1,12,6,1
2014440045831,1,8,0,17,0,0,0,0,0,0,3,1,1,1,48,8,1910,2,7,4,1
2014440046066,1,9,0,18,0,8,0,0,0,0,1,1,6,1,41,7,1275,1,21,7,1
2014440046066,2,9,0,18,0,8,0,0,7,11,4,1,2,1,37,7,1399,2,3,1,1
2014440046204,1,9,0,18,0,0,1,0,4,6,3,1,6,2,41,7,1600,1,3,6,3
2014440046278,1,3,0,4,0,0,0,0,0,0,0,1,6,2,20,4,124,1,2,7,1
2014440046306,1,9,0,18,0,0,0,0,0,0,1,1,6,1,62,9,1997,2,3,8,1
2014440046306,2,9,0,18,0,0,0,0,0,0,2,1,6,2,50,8,2143,2,2,-1,1
2014440046326,1,9,0,7,0,8,0,0,0,0,2,1,6,1,47,8,1761,1,16,7,1
2014440046326,2,9,0,7,0,8,0,0,0,0,1,1,6,1,42,7,-1,-1,-1,-1,-1
2014440046326,3,90,0,3,0,8,0,0,0,0,0,1,1,3,-1,-1,2686,2,9,-1,-1
2014440046353,1,9,0,18,0,8,0,0,0,0,1,1,6,1,22,5,1590,1,12,2,1
2014440046395,1,9,0,18,0,8,0,0,0,0,1,1,6,1,36,7,1995,2,7,7,3
2014440046395,2,9,0,10,0,8,0,0,0,0,2,1,6,1,34,6,1799,1,8,9,3
2014440046395,3,9,0,10,0,8,0,0,0,0,2,1,6,1,47,8,2179,2,-1,8,3
2014440046461,1,9,0,4,0,0,0,0,0,0,2,1,6,2,42,7,1598,2,1,9,1
2014440046461,2,9,0,18,0,0,0,0,0,0,1,1,6,1,30,6,1124,1,14,4,2
2014440046476,1,9,0,5,0,0,0,10,1,10,1,1,6,2,51,8,1596,1,5,5,1
2014440046608,1,9,0,18,0,0,5,0,1,9,1,1,6,2,20,4,1229,1,9,2,1
2014440046631,1,9,0,18,0,0,0,0,6,0,1,1,6,1,37,7,-1,-1,-1,5,1
2014440046631,2,9,0,18,0,0,1,0,0,0,2,1,6,2,55,8,1560,2,2,9,1
2014440046631,3,9,0,18,0,0,0,0,0,0,2,1,6,1,52,8,1584,1,6,9,1
2014440046631,4,9,0,18,0,0,0,0,0,0,3,1,6,2,21,5,1598,1,11,9,1
2014440046641,1,9,0,17,0,8,0,0,0,0,4,1,6,2,31,6,1994,2,16,2,1
2014440046641,2,9,0,5,0,8,0,0,0,0,1,1,6,2,24,5,1796,1,15,5,1
2014440046669,1,9,0,18,0,8,0,0,0,0,1,1,6,2,-1,-1,-1,-1,-1,-1,-1
2014440046669,2,1,0,18,0,8,0,0,0,0,4,1,6,1,51,8,-1,-1,-1,6,1
2014440046671,1,9,0,3,0,1,0,0,0,0,2,1,6,1,47,8,1997,2,5,6,1
2014440046671,2,9,0,4,0,1,0,0,0,0,1,1,6,1,39,7,1598,1,12,5,1
2014440046701,1,9,0,18,0,0,5,0,1,4,2,1,6,1,37,7,4297,1,5,5,1
2014440046891,1,9,0,18,0,8,1,0,0,0,1,1,2,2,53,8,1299,1,8,10,1
2014440046891,2,9,0,18,0,8,0,0,0,0,1,1,6,1,45,7,998,1,19,10,1
2014440046891,3,9,0,7,0,8,0,0,0,0,0,1,6,3,-1,-1,-1,-1,-1,-1,-1
2014440047121,1,9,0,16,0,3,1,0,4,6,1,1,6,1,18,4,998,1,10,5,1
2014440047216,1,9,0,18,0,0,0,11,0,0,1,1,1,2,66,10,1998,1,11,8,1
2014440047424,1,9,0,12,0,8,0,0,0,0,3,1,6,2,41,7,1598,1,8,8,1
2014440047424,2,9,0,17,0,8,0,0,0,0,1,1,6,2,32,6,1598,1,5,3,1
2014440047488,1,8,0,4,0,1,0,0,0,0,2,1,1,3,-1,-1,-1,-1,-1,-1,-1
2014440047488,2,9,0,18,0,1,0,0,0,0,1,1,6,3,-1,-1,-1,-1,-1,-1,-1
2014440047495,1,9,0,18,0,0,2,0,1,9,4,1,6,2,22,5,1124,1,14,8,1
2014440047591,1,3,0,4,0,0,0,0,0,0,1,1,6,1,46,8,-1,-1,-1,6,1
2014440047591,2,9,0,4,0,0,0,0,0,0,2,1,6,2,34,6,1364,1,8,6,1
2014440047702,1,9,0,18,0,0,0,0,4,6,2,1,6,1,37,7,1360,1,9,2,1
2014440047702,2,19,5,18,0,0,3,0,0,0,1,1,6,1,23,5,-1,-1,-1,1,1
2014440048728,1,9,0,4,0,0,0,0,0,0,1,1,6,2,28,6,1997,2,10,8,1
2014440048728,2,9,0,4,0,0,0,0,0,0,2,1,1,1,35,6,1398,1,1,6,1
2014440048988,1,9,0,3,0,0,0,0,0,0,2,1,6,2,40,7,2143,2,1,9,1
2014440048988,2,9,0,18,0,0,0,0,0,0,1,1,6,2,60,9,1299,1,7,4,2
2014440049034,1,9,0,18,0,0,0,0,0,0,1,1,6,2,49,8,1598,1,11,3,1
2014440049034,2,9,0,5,0,0,0,0,0,0,1,1,6,2,20,4,1596,1,10,10,2
2014440049034,3,9,0,18,0,0,0,0,0,0,3,1,6,3,-1,-1,2664,2,12,-1,-1
2014440049925,1,9,0,18,0,0,0,0,0,0,1,1,6,2,40,7,1108,1,11,5,1
2014440049925,2,9,0,10,0,0,0,0,0,0,2,1,2,1,45,7,1995,2,10,4,1
2014440049994,1,19,0,18,0,1,0,0,1,4,3,1,1,1,32,6,2143,2,1,6,1
2014440049994,2,8,0,9,0,6,0,0,0,0,1,1,1,1,44,7,1997,2,4,3,1
2014440050010,1,9,0,1,0,2,0,0,0,0,2,1,6,2,45,7,1956,2,1,7,3
2014440050128,1,9,0,18,0,0,0,0,0,0,3,1,6,1,77,11,2987,2,2,5,1
2014440050128,2,9,0,18,0,0,0,0,0,0,3,1,6,1,61,9,1796,1,10,10,2
2014440050128,3,20,0,18,0,0,0,0,0,0,1,1,1,1,62,9,6871,2,2,4,1
2014440050350,1,9,0,18,0,1,0,0,0,0,1,1,6,2,69,10,698,1,8,10,1
2014440050350,2,9,0,9,0,6,0,0,0,0,4,1,6,1,75,10,1398,2,8,10,1
2014440050673,1,9,0,13,0,0,0,0,5,6,3,1,6,2,46,8,1248,2,10,8,1
2014440050995,1,1,0,18,0,0,0,0,0,0,3,1,2,1,19,4,-1,-1,-1,-1,1
2014440050995,2,11,0,18,0,0,0,0,0,0,4,1,1,1,50,8,4461,2,1,3,1
2014440051182,1,9,0,9,0,8,0,0,0,0,1,1,6,1,89,11,1242,1,16,10,1
2014440051182,2,3,0,18,0,8,0,0,0,0,1,1,2,1,18,4,125,1,9,7,1
2014440051405,1,9,0,4,0,0,0,0,0,0,2,1,6,2,50,8,1560,2,2,8,3
2014440051405,2,9,0,18,0,0,0,0,0,0,1,1,6,3,-1,-1,1596,1,13,-1,-1
2014440051594,1,9,0,11,0,8,0,0,0,0,4,1,6,2,18,4,1124,1,13,5,1
2014440051594,2,9,0,18,0,8,0,0,0,0,3,1,2,2,55,8,1796,1,11,10,2
2014440051693,1,9,0,18,0,1,0,0,0,0,4,1,6,2,33,6,1461,2,5,6,1
2014440051730,1,9,0,3,0,1,0,0,0,0,2,1,2,2,31,6,1560,2,4,5,1
2014440051730,2,9,0,4,0,1,0,0,0,0,1,1,2,1,30,6,1461,2,11,3,1