Accident_Index,Vehicle_Reference,Vehicle_Type,Towing_and_Articulation,Vehicle_Manoeuvre,Vehicle_Location-Restricted_Lane,Junction_Location,Skidding_and_Overturning,Hit_Object_in_Carriageway,Vehicle_Leaving_Carriageway,Hit_Object_off_Carriageway,1st_Point_of_Impact,Was_Vehicle_Left_Hand_Drive?,Journey_Purpose_of_Driver,Sex_of_Driver,Age_of_Driver,Age_Band_of_Driver,Engine_Capacity_(CC),Propulsion_Code,Age_of_Vehicle,Driver_IMD_Decile,Driver_Home_Area_Type
2014440051820,1,5,0,18,0,0,0,12,0,0,1,1,6,1,52,8,996,1,5,9,1
2014440051875,1,9,0,18,0,8,0,0,0,0,0,1,6,3,-1,-1,-1,-1,-1,-1,-1
2014440052045,1,9,0,17,0,0,0,0,1,1,1,1,6,1,18,4,1149,1,11,10,3
2014440052074,1,9,0,18,0,0,0,0,7,0,1,1,6,1,20,4,-1,-1,-1,4,1
2014440052074,2,19,0,2,0,0,0,0,0,0,3,1,6,1,49,8,1998,2,10,1,1
2014440052074,3,9,0,2,0,0,0,0,0,0,4,1,6,1,52,8,2283,2,14,1,1
2014440052273,1,19,0,5,0,8,0,0,0,0,1,1,1,1,50,8,2198,2,1,10,3
2014440052273,2,1,0,9,0,8,0,0,0,0,3,1,2,1,23,5,-1,-1,-1,5,1
2014440052370,1,9,0,18,0,0,0,0,0,0,4,1,6,1,39,7,1598,1,8,10,2
2014440052370,2,9,0,18,0,0,0,0,0,0,3,1,6,3,-1,-1,1598,1,6,-1,-1
2014440052584,1,9,0,18,0,8,0,0,0,0,1,1,6,2,79,11,1386,1,10,9,1
2014440052584,2,9,0,2,0,8,0,0,0,0,2,1,6,2,23,5,999,1,14,3,1
2014440052781,1,9,0,7,0,8,0,0,0,0,1,1,6,2,38,7,1396,2,2,5,1
2014440052781,2,1,0,18,0,8,0,0,0,0,4,1,6,2,43,7,-1,-1,-1,8,1
2014440052911,1,5,0,3,0,8,0,0,0,0,1,1,6,1,36,7,599,1,13,4,1
2014440052911,2,9,0,3,0,8,0,0,0,0,2,1,6,1,42,7,1995,2,3,8,3
2014440052952,1,9,0,4,0,0,0,0,0,0,2,1,1,2,30,6,1242,1,9,8,1
2014440052952,2,9,0,4,0,0,0,0,0,0,1,1,6,1,-1,-1,1896,2,7,1,1
2014440052984,1,9,0,18,0,8,0,0,3,0,3,1,6,2,59,9,998,1,9,8,1
2014440052984,2,19,0,17,0,8,0,0,7,0,1,1,1,2,45,7,2287,2,2,3,1
2014440052987,1,9,0,5,0,8,0,0,0,0,1,1,6,2,65,9,1598,1,5,4,1
2014440053022,1,9,0,4,0,0,0,0,0,0,3,1,6,2,20,4,1248,1,3,3,1
2014440053022,2,9,0,4,0,0,0,0,0,0,2,1,6,2,67,10,1598,1,2,8,3
2014440053022,3,9,0,4,0,0,0,0,0,0,2,1,6,1,35,6,1124,1,14,5,1
2014440053093,1,9,0,18,0,0,0,0,0,0,0,1,6,1,22,5,-1,-1,-1,10,1
2014440053117,1,1,0,18,0,0,0,0,0,0,2,1,6,1,62,9,-1,-1,-1,10,3
2014440053117,2,9,0,18,0,0,0,0,0,0,1,1,6,1,20,4,1598,1,6,10,1
2014440053168,1,9,0,7,0,8,0,0,0,0,3,1,6,1,25,5,1910,2,9,10,3
2014440053168,2,9,0,18,0,8,0,0,0,0,4,1,6,1,23,5,1781,1,13,8,3
2014440053482,1,9,0,5,0,8,0,0,0,0,4,1,2,2,26,6,1595,2,4,5,1
2014440053482,2,9,0,12,0,8,0,0,0,0,3,1,6,3,-1,-1,-1,-1,-1,-1,-1
2014440053511,1,20,0,2,0,2,0,0,0,0,3,1,1,1,42,7,6370,2,3,1,1
2014440053511,2,1,0,14,0,2,0,0,0,0,1,1,6,2,19,4,-1,-1,-1,4,1
2014440053555,1,9,0,4,0,1,0,0,0,0,1,1,6,2,31,6,1461,2,9,2,1
2014440053555,2,9,0,3,0,1,0,0,0,0,2,1,6,1,52,8,1896,2,4,4,1
2014440053555,3,9,0,3,0,1,0,0,0,0,2,1,6,1,45,7,1587,1,11,3,1
2014440053573,1,9,0,18,0,0,1,0,5,6,3,1,2,1,40,7,4941,1,13,10,1
2014440053608,1,9,0,18,0,0,0,0,0,0,1,1,6,1,86,11,1968,2,4,8,1
2014440053670,1,1,0,14,0,1,0,0,0,0,2,1,1,1,52,8,-1,-1,-1,7,1
2014440053670,2,9,0,13,0,1,0,0,0,0,1,1,6,3,-1,-1,-1,-1,-1,-1,-1
2014440053710,1,9,0,14,0,0,0,0,0,0,1,1,6,2,59,9,1390,1,3,8,3
2014440053826,1,19,0,6,0,1,0,0,0,0,1,1,1,1,49,8,-1,-1,-1,-1,-1
2014440053826,2,9,0,18,0,1,1,0,0,0,3,1,6,1,52,8,1997,2,9,5,1
2014440054004,1,9,0,18,0,8,0,0,0,0,3,1,6,2,32,6,1497,1,10,2,1
2014440054004,2,9,0,9,0,8,0,0,0,0,1,1,6,1,46,8,1896,2,13,5,2
2014440054115,1,9,0,18,0,0,0,0,0,0,4,1,6,3,-1,-1,2495,2,17,-1,-1
2014440054242,1,9,0,18,0,0,0,0,0,0,2,1,6,1,33,6,2000,1,9,7,1
2014440054248,1,9,0,7,0,8,0,0,0,0,4,1,6,1,70,10,1796,1,14,10,1
2014440054349,1,9,0,18,0,8,0,0,0,0,3,1,6,3,-1,-1,-1,-1,-1,-1,-1
2014440054353,1,9,0,18,0,0,2,0,7,0,1,1,6,1,25,5,1360,1,5,8,1
2014440054392,1,9,0,4,0,0,0,0,0,0,2,1,6,2,23,5,1242,1,13,1,1
2014440054392,2,9,0,18,0,0,0,0,0,0,1,1,6,3,-1,-1,1199,1,11,-1,-1
2014440054688,1,9,0,18,0,0,1,11,5,4,1,1,6,1,53,8,998,1,14,5,1
2014440054688,2,9,0,18,0,0,0,11,0,0,1,1,6,1,39,7,1598,1,8,8,2
2014440054720,1,1,0,18,0,0,0,0,0,0,0,1,6,1,19,4,-1,-1,-1,-1,-1
2014440054857,1,9,0,18,0,1,0,0,0,0,1,1,6,2,75,10,1997,1,5,-1,1
2014440054887,1,9,0,18,0,0,0,11,1,0,1,1,6,1,23,5,1124,1,7,9,2
2014440054937,1,9,0,3,0,8,0,0,0,0,1,1,6,2,78,11,1490,1,7,10,1
2014440055004,1,9,0,3,0,0,0,0,0,0,3,1,6,1,25,5,1596,1,10,4,1
2014440055004,2,5,0,14,0,0,1,4,0,0,1,1,6,1,30,6,599,1,11,6,1
2014440055004,3,9,0,2,0,0,0,0,0,0,2,1,6,3,-1,-1,1229,1,4,-1,-1
2014440055282,1,3,0,4,0,1,0,0,0,0,2,1,6,2,56,9,124,1,11,4,1
2014440055282,2,9,0,18,0,1,0,0,0,0,1,1,6,3,-1,-1,-1,-1,-1,-1,-1
2014440055301,1,9,0,9,0,8,0,0,0,0,4,1,6,1,28,6,1461,2,4,3,1
2014440055301,2,9,0,18,0,8,0,0,0,0,1,1,6,2,-1,-1,1598,1,14,4,1
2014440055441,1,9,0,18,0,8,0,0,0,0,4,1,6,2,36,7,1998,1,8,8,3
2014440055441,2,9,0,18,0,8,0,0,7,0,1,1,2,1,64,9,1598,1,11,7,1
2014440055869,1,9,0,17,0,2,2,0,1,11,1,1,2,2,21,5,1299,1,13,3,1
2014440055932,1,22,0,18,0,8,0,0,0,0,3,1,6,1,81,11,-1,-1,-1,1,1
2014440055932,2,9,0,5,0,8,0,0,0,0,0,1,6,2,51,8,1124,1,10,6,1
2014440055940,1,19,0,18,0,8,0,7,1,0,1,1,1,1,27,6,1995,2,6,7,3
2014440055940,2,9,0,9,0,8,0,0,0,0,4,1,6,2,28,6,1086,1,7,-1,3
2014440055947,1,9,0,18,0,0,2,0,7,0,2,1,2,1,25,5,1390,1,13,9,3
2014440055947,2,9,0,18,0,0,0,0,0,0,1,1,6,1,48,8,3199,1,9,7,1
2014440055959,1,9,0,16,0,0,2,0,7,9,1,1,6,1,50,8,1590,1,12,10,1
2014440055998,1,9,0,9,0,8,0,0,0,0,1,1,6,2,41,7,1598,1,10,6,3
2014440055998,2,1,0,18,0,8,0,0,0,0,3,1,6,1,29,6,-1,-1,-1,7,1
2014440056134,1,9,0,4,0,1,0,0,0,0,2,1,6,2,-1,-1,1896,2,10,2,1
2014440056134,2,5,0,18,0,1,0,0,0,0,1,1,6,1,75,10,955,1,10,7,1
2014440056148,1,9,0,9,0,8,0,0,0,0,2,1,6,1,46,8,1390,1,16,9,3
2014440056148,2,4,0,18,0,8,0,0,0,0,1,1,6,1,42,7,-1,-1,-1,2,1
2014440056158,1,9,0,5,0,8,0,0,0,0,1,1,6,2,54,8,1229,1,1,-1,-1
2014440056158,2,1,0,18,0,8,0,0,0,0,4,1,6,1,20,4,-1,-1,-1,-1,-1
2014440056488,1,9,0,18,0,1,0,0,0,0,4,1,6,1,23,5,1595,1,14,1,1
2014440056810,1,9,0,5,0,8,0,0,0,0,3,1,1,2,27,6,998,1,1,9,1
2014440056810,2,1,0,18,0,8,0,0,0,0,1,1,1,1,27,6,-1,-1,-1,10,1
2014440056910,1,9,0,5,0,8,0,0,0,0,3,1,6,2,42,7,1461,2,8,10,1
2014440056910,2,19,0,16,0,8,0,0,0,0,1,1,1,1,43,7,1998,2,8,4,1
2014440056942,1,9,0,1,0,8,0,0,0,0,2,1,6,1,31,6,1796,1,8,3,1
2014440057204,1,19,0,9,0,1,0,0,0,0,3,1,1,1,25,5,2298,2,1,7,1
2014440057204,2,9,0,18,0,1,0,0,0,0,1,1,6,3,-1,-1,1598,1,1,-1,-1
2014440057207,1,19,0,10,0,1,0,0,0,0,2,1,1,1,52,8,1248,2,6,6,1
2014440057207,2,9,0,18,0,1,1,10,0,0,1,1,6,1,19,4,1995,1,10,10,1
2014440057255,1,9,0,4,0,8,0,0,0,0,2,1,6,2,42,7,1896,2,6,9,1
2014440057255,2,9,0,4,0,8,0,0,0,0,1,1,6,3,-1,-1,-1,-1,-1,-1,-1
2014440057366,1,9,0,16,0,2,0,0,0,0,1,1,6,2,75,10,1598,1,10,9,3
2014440057366,2,90,0,17,0,1,0,0,0,0,1,1,1,1,32,6,7142,2,5,7,1
2014440057457,1,9,0,7,0,8,0,0,0,0,4,1,6,1,74,10,1598,1,7,9,1
2014440057457,2,1,0,4,0,1,0,0,0,0,1,1,6,1,14,3,-1,-1,-1,5,3
2014440057562,1,9,0,5,0,1,0,0,0,0,1,1,6,1,47,8,1997,2,11,6,1
2014440057562,2,9,0,9,0,8,0,0,0,0,3,1,6,2,39,7,1199,2,1,5,3
2014440057650,1,9,0,5,0,6,0,0,0,0,3,1,6,3,-1,-1,-1,-1,-1,-1,-1
2014440057650,2,1,0,18,0,1,0,0,0,0,1,1,6,1,17,4,-1,-1,-1,2,1
2014440057716,1,9,0,2,0,0,0,0,0,0,2,1,6,1,35,6,1598,1,9,6,1
2014440057716,2,9,0,4,0,0,0,0,0,0,1,1,6,2,17,4,1242,1,7,9,1
2014440057875,1,9,0,18,0,0,0,0,2,4,1,1,6,1,30,6,1390,1,2,9,3
2014440058125,1,9,0,18,0,1,5,0,1,7,1,1,2,1,45,7,2597,1,13,-1,1
2014440058149,1,19,0,4,0,0,0,0,0,0,1,1,6,1,34,6,2198,2,1,3,1
2014440058149,2,9,0,4,0,0,0,0,0,0,2,1,6,2,39,7,-1,-1,-1,10,1
2014440058149,3,19,0,4,0,0,0,0,0,0,2,1,6,1,29,6,2402,2,3,8,3
2014440058470,1,9,0,18,0,0,0,0,0,0,1,1,2,1,19,4,1229,1,6,10,1
2014440058470,2,9,0,4,0,0,0,0,0,0,3,1,1,2,59,9,1560,2,2,9,1
2014440058470,3,9,0,18,0,0,0,0,0,0,1,1,6,2,62,9,1998,1,14,10,1
2014440058526,1,9,0,9,0,8,0,0,0,0,1,1,1,1,33,6,1956,2,3,7,1
2014440058526,2,5,0,18,0,8,0,0,0,0,1,1,1,2,50,8,891,1,33,2,1
2014440058636,1,9,0,4,0,1,0,0,0,0,2,1,6,3,-1,-1,1910,2,6,-1,-1
2014440058636,2,9,0,4,0,1,0,0,0,0,2,1,6,1,57,9,1242,1,17,4,1
2014440058636,3,9,0,4,0,1,0,0,0,0,2,1,6,2,32,6,1595,2,4,8,3
2014440058636,4,9,0,18,0,1,0,0,0,0,1,1,6,1,42,7,2902,2,10,-1,-1
2014440058704,1,9,0,4,0,0,0,0,0,0,1,1,6,1,56,9,1968,2,5,-1,2
2014440058704,2,9,0,4,0,0,0,0,0,0,2,1,6,2,54,8,1910,2,8,-1,1
2014440058704,3,9,0,4,0,0,0,0,0,0,2,1,6,2,20,4,1240,1,8,-1,1
2014440058760,1,9,0,18,0,0,0,0,0,0,2,1,6,1,-1,-1,-1,-1,-1,-1,-1
2014440058760,2,3,0,18,0,0,0,0,0,0,1,1,1,2,25,5,276,1,3,6,1
2014440058801,1,9,0,4,0,0,0,0,0,0,2,1,6,2,61,9,1796,1,11,8,3
2014440058801,2,9,0,4,0,0,0,0,4,0,2,1,6,1,68,10,1490,1,10,10,1
2014440058801,3,9,0,4,0,0,0,0,0,0,1,1,6,1,40,7,1396,1,15,5,1
2014440058822,1,9,0,5,0,8,0,0,0,0,1,1,6,2,31,6,1390,1,15,4,1
2014440058822,2,9,0,5,0,8,0,0,0,0,1,1,6,2,41,7,2148,2,7,9,1
2014440058878,1,9,0,18,0,0,0,0,4,6,1,1,2,2,22,5,1124,1,15,8,1
2014440058878,2,9,0,18,0,0,0,0,0,0,2,1,2,1,51,8,1797,8,4,5,1
2014440058960,1,21,0,11,0,0,0,0,0,0,4,1,1,1,48,8,10308,2,8,5,1
2014440058960,2,9,0,18,0,0,0,0,0,0,3,1,6,2,69,10,1242,1,8,10,2
2014440059030,1,9,0,7,0,8,0,0,0,0,2,1,2,1,26,6,-1,-1,-1,10,1
2014440059030,2,9,0,17,0,8,0,0,0,0,1,1,6,1,41,7,2698,2,8,10,1
2014440059135,1,9,0,18,0,0,0,0,0,0,4,1,6,3,-1,-1,-1,-1,-1,-1,-1
2014440059344,1,9,0,9,0,8,0,0,0,0,1,1,2,1,45,7,1796,1,15,5,1
2014440059344,2,3,0,18,0,8,0,0,0,0,4,1,2,1,31,6,124,1,5,2,1
2014440059397,1,9,0,5,0,8,0,0,0,0,1,1,1,2,60,9,2393,1,5,9,1
2014440059397,2,1,0,18,0,8,0,0,0,0,4,1,6,1,37,7,-1,-1,-1,-1,-1
2014440059540,1,19,0,18,0,8,0,0,0,0,1,1,1,1,29,6,2198,2,7,9,3
2014440059540,2,9,0,18,0,8,0,0,0,0,2,1,6,2,42,7,1149,1,6,5,3
2014440059619,1,3,0,4,0,1,0,0,0,0,0,1,6,1,35,6,124,1,8,9,1
2014440059681,1,9,0,9,0,8,0,0,0,0,4,1,1,1,43,7,1598,2,-1,-1,1
2014440059681,2,9,0,18,0,1,0,0,0,0,1,1,1,3,-1,-1,2199,2,5,-1,-1
2014440059696,1,9,0,17,0,0,0,0,0,0,1,1,6,2,40,7,2993,2,10,7,1
2014440059696,2,9,0,17,0,0,0,0,0,0,2,1,2,1,45,7,1598,1,13,4,1
2014440059737,1,9,0,4,0,1,0,0,0,0,2,1,6,2,43,7,2496,2,13,6,3
2014440059737,2,9,0,4,0,1,0,0,0,0,1,1,6,2,-1,-1,1124,1,12,8,1
2014440059794,1,9,0,1,0,8,0,0,0,0,2,1,6,2,82,11,1248,1,4,-1,-1
2014440059908,1,9,0,18,0,0,0,0,0,0,4,1,6,2,56,9,1997,2,13,9,3
2014440060067,1,9,0,17,0,0,0,0,0,0,4,1,2,2,41,7,1598,2,2,9,3
2014440060067,2,1,0,17,0,0,0,0,0,0,3,1,6,1,70,10,-1,-1,-1,9,3
2014440060214,1,9,0,18,0,0,0,0,0,0,2,1,6,1,33,6,1968,2,6,10,1
2014440060214,2,9,0,18,0,0,0,0,0,0,1,1,6,1,34,6,2495,2,20,7,1
2014440060235,1,9,0,18,0,8,1,0,0,0,1,1,6,1,17,4,899,1,21,6,1
2014440060235,2,9,0,5,0,8,0,0,0,0,2,1,6,1,47,8,1769,1,14,2,1
2014440060292,1,3,0,18,0,0,0,0,0,0,3,1,2,1,23,5,124,1,10,6,1
2014440060292,2,9,0,12,0,0,0,0,0,0,4,1,6,2,50,8,1587,1,16,5,3
2014440060339,1,3,0,18,0,0,0,0,0,0,1,1,6,1,20,4,124,1,1,9,1
2014440060339,2,9,0,5,0,0,0,0,0,0,4,1,6,1,54,8,1560,2,2,-1,-1
2014440060339,3,9,0,2,0,0,0,0,0,0,2,1,6,3,-1,-1,2000,2,3,-1,-1
2014440060381,1,9,0,5,0,8,0,0,0,0,1,1,6,1,48,8,1896,2,8,10,3
2014440060381,2,3,0,17,0,8,0,0,0,0,2,1,2,1,41,7,124,1,8,8,2
2014440060413,1,9,0,17,0,2,0,0,1,10,1,1,2,2,18,4,973,1,11,6,1
2014440060459,1,9,0,18,0,8,0,0,0,0,3,1,6,1,35,6,1686,2,13,2,1
2014440060459,2,1,0,18,0,8,0,0,0,0,1,1,6,1,45,7,-1,-1,-1,4,1
2014440060461,1,9,0,16,0,0,0,0,7,2,1,1,1,1,35,6,1896,2,11,-1,1
2014440060504,1,9,0,18,0,0,0,0,0,0,1,1,6,1,18,4,1149,1,11,10,1
2014440060504,2,19,0,4,0,0,0,0,0,0,2,1,1,1,33,6,2143,2,3,2,1
2014440060682,1,9,0,4,0,8,0,0,0,0,4,1,1,1,55,8,1598,1,8,9,1
2014440060745,1,9,0,10,0,8,0,0,0,0,3,1,6,1,42,7,1461,2,7,5,3
2014440060745,2,9,0,18,0,1,0,0,0,0,1,1,6,2,30,6,998,1,10,10,1
2014440060745,3,9,0,18,0,1,0,0,0,0,1,1,6,2,30,6,1598,2,2,10,1
2014440060745,4,9,0,18,0,1,0,0,0,0,1,1,6,2,50,8,1299,1,13,9,2
2014440060834,1,9,0,18,0,0,1,0,1,4,1,1,2,2,29,6,1461,2,12,4,1
2014440060834,2,19,0,18,0,0,0,0,0,0,2,1,1,1,61,9,1995,2,2,4,1
2014440060938,1,9,0,2,0,0,0,0,0,0,2,1,6,1,21,5,1796,1,10,4,1
2014440060938,2,21,0,18,0,0,0,0,0,0,4,1,1,3,-1,-1,4461,2,4,-1,-1
2014440060993,1,9,0,17,0,8,0,0,0,0,4,1,2,1,33,6,1968,1,8,8,1
2014440060993,2,9,0,5,0,4,0,0,0,0,1,1,6,1,70,10,1998,1,15,10,1
2014440061214,1,19,4,1,0,2,0,0,0,0,2,1,1,1,29,6,2402,2,3,8,1
2014440061282,1,3,0,18,0,1,0,0,0,0,1,1,6,1,30,6,125,1,7,1,1
2014440061282,2,9,0,9,0,6,0,0,0,0,3,1,2,1,45,7,1997,2,7,9,1
2014440061378,1,9,0,18,0,1,0,0,1,1,1,1,6,2,20,4,1796,1,13,9,1
2014440061511,1,9,0,9,0,8,0,0,0,0,1,1,6,1,20,4,1360,1,14,10,1
2014440061511,2,5,0,18,0,8,1,0,0,0,1,1,6,1,42,7,748,1,7,8,2
2014440061539,1,9,0,5,0,8,0,0,0,0,3,1,6,2,17,4,1560,2,4,-1,1
2014440061539,2,21,0,7,0,8,0,0,0,0,4,1,1,3,-1,-1,-1,-1,-1,-1,-1
2014440061864,1,9,0,16,0,0,2,10,0,0,3,1,6,1,19,4,1360,1,12,10,3
2014440062486,1,11,0,4,0,8,0,0,0,0,0,1,1,1,54,8,7300,2,12,-1,3
2014440062486,2,9,0,13,0,8,0,0,0,0,0,1,1,1,26,6,1968,2,1,3,1
2014440062768,1,19,0,1,0,8,0,0,0,0,2,1,6,1,-1,-1,2460,2,6,-1,-1
2014440062778,1,9,0,4,0,8,0,0,0,0,2,1,6,2,36,7,1598,1,10,10,1
2014440062778,2,9,0,4,0,8,0,0,0,0,1,1,6,2,40,7,2000,1,9,9,3
2014440062778,3,9,0,4,0,8,0,0,0,0,1,1,6,2,31,6,1388,1,5,10,1
2014440062778,4,9,0,4,0,8,0,0,0,0,1,1,6,2,44,7,1587,1,7,8,2
2014440062909,1,9,0,3,0,0,0,0,0,0,2,1,6,2,35,6,998,1,14,10,1
2014440062909,2,9,0,18,0,0,0,0,0,0,1,1,6,1,30,6,2616,1,9,7,1
2014440062909,3,9,0,18,0,0,0,0,0,0,1,1,6,2,20,4,1781,1,13,-1,1
2014440063175,1,9,0,18,0,2,0,0,0,0,1,1,6,2,41,7,1597,1,5,6,1
2014440063187,1,8,0,18,0,8,0,0,0,11,1,1,1,1,36,7,1598,2,4,7,1
2014440063187,2,9,0,18,0,8,0,0,0,11,1,1,6,2,21,5,1242,1,12,1,1
2014440063187,3,9,0,2,0,8,0,0,0,0,3,1,6,1,48,8,2198,1,11,5,1
2014440063383,1,9,0,9,0,8,0,0,0,0,4,1,6,1,75,10,1398,2,12,10,1
2014440063383,2,9,0,18,0,8,0,0,0,0,1,1,6,1,-1,-1,1598,1,11,4,1
2014440063584,1,9,0,9,0,8,0,0,0,0,1,1,6,1,53,8,1968,2,1,5,1
2014440063688,1,9,0,18,0,1,0,0,0,0,4,1,1,1,52,8,-1,-1,-1,7,1
2014440063689,1,9,0,4,0,8,0,0,0,0,4,1,6,2,62,9,1248,1,1,7,3
2014440063689,2,1,0,18,0,8,0,0,0,0,3,1,6,1,66,10,-1,-1,-1,9,3
2014440063779,1,9,0,18,0,0,0,0,0,0,1,1,6,2,61,9,1968,2,4,9,1
2014440063779,2,9,0,18,0,0,0,0,0,0,2,1,6,2,39,7,1560,2,3,9,1
2014440063779,3,9,0,18,0,0,0,0,0,0,2,1,6,1,42,7,1398,1,2,3,1
2014440063779,4,9,0,18,0,0,0,0,0,0,2,1,6,2,50,8,1388,1,8,9,1
2014440063812,1,9,0,18,0,0,0,0,0,0,4,1,6,3,-1,-1,-1,-1,-1,-1,-1
2014440063812,2,1,0,18,0,0,0,0,0,0,3,1,6,1,37,7,-1,-1,-1,-1,-1
2014440063851,1,9,0,1,0,8,0,0,0,0,2,1,6,1,27,6,1668,1,12,6,1
2014440063949,1,9,0,4,0,0,1,0,0,0,1,1,6,1,70,10,1905,2,14,10,1
2014440063949,2,9,0,3,0,0,0,0,0,0,2,1,6,2,25,5,1398,1,4,9,1
2014440063949,3,9,0,3,0,0,0,0,0,0,2,1,6,2,29,6,1086,1,9,-1,1
2014440063969,1,19,0,18,0,0,0,0,0,0,0,1,6,3,-1,-1,1998,2,12,-1,-1
2014440063969,2,1,0,18,0,0,0,0,0,0,0,1,6,1,22,5,-1,-1,-1,2,1
2014440064031,1,9,0,9,0,6,0,0,0,0,1,1,6,2,84,11,1120,1,17,5,2
2014440064031,2,11,0,7,0,1,0,0,0,0,3,1,1,2,44,7,9000,2,6,3,1
2014440064234,1,3,0,18,0,0,0,0,0,0,0,1,6,1,37,7,124,1,-1,3,1
2014440064293,1,9,0,9,0,6,0,0,0,0,3,1,6,1,52,8,1360,1,9,2,1
2014440064293,2,9,0,18,0,1,0,0,0,0,1,1,6,1,29,6,1389,1,21,5,1
2014440064372,1,9,0,9,0,5,0,0,0,0,3,1,6,1,23,5,1598,1,8,8,1
2014440064616,1,9,0,18,0,0,0,0,0,0,1,1,6,3,-1,-1,-1,-1,-1,-1,-1
2014440064616,2,1,0,18,0,0,0,0,0,0,2,1,6,1,24,5,-1,-1,-1,10,1
2014440065104,1,9,0,3,0,1,0,0,0,0,2,1,6,2,69,10,1396,2,1,-1,1
2014440065104,2,9,0,18,0,1,0,0,0,0,1,1,6,2,-1,-1,1997,2,7,-1,-1
2014440065471,1,9,0,9,0,6,0,0,0,0,1,1,6,1,38,7,1896,2,15,-1,-1
2014440065471,2,9,0,18,0,1,0,0,0,0,4,1,6,1,27,6,1390,1,17,2,1
2014440065727,1,5,0,14,0,1,0,0,0,0,1,1,6,1,25,5,499,1,10,6,1
2014440065727,2,9,0,9,0,6,0,0,0,0,3,1,6,2,35,6,1997,2,7,9,1
2014440065745,1,9,0,9,0,6,0,0,0,0,3,1,1,1,27,6,-1,-1,-1,-1,-1
2014440065745,2,1,0,18,0,1,0,0,0,0,1,1,6,1,13,3,-1,-1,-1,7,1
2014440065775,1,19,0,2,0,0,0,0,0,0,2,1,6,3,-1,-1,-1,-1,-1,-1,-1
2014440065775,2,9,0,18,0,0,0,0,0,0,1,1,3,2,46,8,2000,2,9,7,1
2014440065817,1,9,0,18,0,0,0,0,1,5,1,1,6,2,33,6,1997,2,4,1,1
2014440065834,1,9,0,9,0,6,0,0,0,0,3,1,6,1,70,10,2151,2,14,7,1
2014440065834,2,3,0,18,0,1,0,0,0,0,1,1,6,1,18,4,124,1,12,7,1
2014440065871,1,20,0,3,0,2,0,0,0,0,2,1,1,1,51,8,6692,2,3,7,2
2014440065871,2,9,0,3,0,2,0,0,0,0,2,1,1,2,20,4,1388,1,8,5,1
2014440065871,3,19,0,18,0,2,1,0,0,0,1,1,1,1,44,7,2151,2,11,8,1
2014440066077,1,20,0,18,0,0,0,0,0,0,1,1,1,1,55,8,4461,2,5,5,1
2014440066077,2,9,0,4,0,0,0,0,0,0,2,1,1,1,44,7,-1,-1,-1,5,1
2014440066077,3,21,0,18,0,0,0,0,0,0,1,1,1,1,34,6,12777,2,1,5,1
2014440066136,1,11,0,4,0,8,0,0,0,0,0,1,1,1,51,8,9000,2,6,5,1
2014440066248,1,9,0,3,0,8,0,0,0,0,2,1,3,2,52,8,1910,2,11,5,1
2014440066248,2,9,0,18,0,8,0,0,0,0,1,1,6,1,-1,-1,1997,2,12,-1,-1
2014440066267,1,9,0,18,0,8,0,0,0,0,1,1,2,2,18,4,1242,1,13,8,1
2014440066267,2,19,0,9,0,8,0,0,0,0,3,1,1,3,-1,-1,1870,2,8,-1,-1
2014440066486,1,9,0,3,0,8,0,0,0,0,2,1,2,1,24,5,1596,1,8,10,1
2014440066486,2,9,0,18,0,8,0,0,0,0,1,1,6,2,-1,-1,1242,1,13,10,1
2014440066655,1,19,0,18,0,0,0,0,0,0,1,1,6,3,-1,-1,2148,2,6,-1,-1
2014440066655,2,9,0,18,0,0,0,0,0,0,1,1,6,2,46,8,1794,1,12,10,1
2014440066689,1,9,0,4,0,8,0,0,0,0,2,1,2,1,35,6,1397,1,15,1,1
2014440066689,2,9,0,4,0,8,0,0,0,0,1,1,6,2,33,6,1905,2,18,-1,-1
2014440066706,1,2,0,18,0,8,0,0,0,0,0,1,6,1,19,4,48,1,8,6,1
2014440066706,2,9,0,9,0,8,0,0,0,0,0,1,6,1,52,8,973,1,11,-1,1
2014440066786,1,9,0,16,0,0,5,0,1,4,1,1,6,1,70,10,1560,2,7,9,1
2014440066841,1,9,0,18,0,8,0,0,0,0,1,1,6,1,46,8,1997,1,15,-1,1
2014440066841,2,9,0,4,0,8,0,0,0,0,4,1,6,2,19,4,998,1,-1,8,1
2014440067036,1,9,0,18,0,0,0,0,0,0,1,1,2,1,34,6,1596,1,13,7,2
2014440067036,2,9,0,18,0,0,0,0,0,0,2,1,2,2,43,7,2598,1,16,8,2
2014440067041,1,9,0,4,0,8,0,0,0,0,2,1,1,1,28,6,1240,1,11,8,1
2014440067041,2,9,0,4,0,8,0,0,0,0,1,1,1,1,37,7,1360,1,8,7,3
2014440067075,1,1,0,9,0,8,0,0,0,0,2,1,6,1,13,3,-1,-1,-1,8,1
2014440067075,2,9,0,9,0,8,0,0,0,0,1,1,6,3,-1,-1,-1,-1,-1,-1,-1