Accident_Index,Vehicle_Reference,Vehicle_Type,Towing_and_Articulation,Vehicle_Manoeuvre,Vehicle_Location-Restricted_Lane,Junction_Location,Skidding_and_Overturning,Hit_Object_in_Carriageway,Vehicle_Leaving_Carriageway,Hit_Object_off_Carriageway,1st_Point_of_Impact,Was_Vehicle_Left_Hand_Drive?,Journey_Purpose_of_Driver,Sex_of_Driver,Age_of_Driver,Age_Band_of_Driver,Engine_Capacity_(CC),Propulsion_Code,Age_of_Vehicle,Driver_IMD_Decile,Driver_Home_Area_Type
2014440067127,1,9,0,18,0,0,0,0,0,0,1,1,1,1,42,7,1587,1,9,8,1
2014440067127,2,9,0,18,0,0,0,0,0,0,1,1,1,1,30,6,1560,2,1,-1,1
2014440067127,3,9,0,4,0,0,0,0,0,0,2,1,1,1,44,7,1598,2,1,10,1
2014440067344,1,9,0,18,0,8,0,0,0,0,4,1,6,1,50,8,1587,1,8,7,2
2014440067344,2,9,0,7,0,8,0,0,1,11,3,1,6,2,30,6,1596,1,5,9,1
2014440067366,1,9,0,18,0,0,1,0,0,0,4,1,6,1,77,11,1591,1,4,4,1
2014440067366,2,9,0,4,0,0,0,0,0,0,3,1,6,2,36,7,1398,2,1,6,1
2014440067366,3,20,0,18,0,0,0,0,0,0,3,1,1,1,37,7,-1,-1,-1,2,1
2014440067389,1,9,0,18,0,0,1,10,1,4,1,1,1,2,50,8,1598,2,4,4,2
2014440067528,1,9,0,16,0,0,5,0,4,2,1,1,6,2,46,8,1999,1,8,1,1
2014440067567,1,9,0,18,0,1,1,0,1,7,4,1,1,1,31,6,2179,2,3,-1,1
2014440067567,2,9,0,18,0,1,0,0,1,0,0,1,6,2,38,7,1598,2,3,9,2
2014440067620,1,2,0,18,0,0,1,12,0,0,1,1,6,1,17,4,125,1,7,10,3
2014440067778,1,5,0,4,0,8,0,0,0,0,3,1,6,1,35,6,652,1,11,9,2
2014440068191,1,9,0,16,0,8,1,2,1,1,1,1,6,1,28,6,1596,1,10,4,1
2014440068239,1,19,0,18,0,1,0,0,7,4,1,1,1,1,28,6,2299,2,1,1,1
2014440068269,1,20,0,18,0,0,0,0,0,0,3,1,1,1,57,9,3920,2,9,10,1
2014440068269,2,20,0,18,0,0,0,0,0,0,3,1,1,3,-1,-1,-1,-1,-1,-1,-1
2014440068269,3,9,0,18,0,0,0,0,0,0,1,1,6,1,50,8,-1,-1,-1,5,1
2014440068345,1,9,0,18,0,1,0,0,0,0,1,1,2,2,22,5,1587,1,8,5,1
2014440068345,2,9,0,4,0,1,0,0,0,0,2,1,2,2,23,5,1984,1,14,9,3
2014440068375,1,9,0,7,0,1,0,0,0,0,4,1,6,3,-1,-1,2987,2,3,-1,-1
2014440068375,2,1,0,18,0,1,0,0,0,0,1,1,6,1,44,7,-1,-1,-1,6,1
2014440068411,1,9,0,18,0,1,0,0,0,0,1,1,6,2,68,10,1991,2,2,5,1
2014440068587,1,3,0,18,0,8,0,0,0,0,1,1,6,1,17,4,124,1,8,8,1
2014440068587,2,9,0,5,0,8,0,0,0,0,2,1,1,1,-1,-1,-1,-1,-1,-1,-1
2014440068601,1,9,0,4,0,0,0,0,0,0,2,1,6,2,45,7,1968,2,1,10,1
2014440068601,2,9,0,4,0,0,0,0,0,0,1,1,6,1,71,10,1995,2,6,10,1
2014440068601,3,19,0,4,0,0,0,0,0,0,2,1,6,1,52,8,2148,2,4,10,1
2014440068613,1,9,0,9,0,8,0,0,0,0,2,1,6,1,55,8,1951,2,9,10,2
2014440068613,2,9,0,18,0,8,0,0,0,0,1,1,6,1,32,6,2179,2,2,6,3
2014440068665,1,9,0,17,0,8,0,0,0,0,1,1,6,1,40,7,1986,2,9,-1,3
2014440068665,2,9,0,7,0,8,0,0,0,0,1,1,6,1,70,10,1595,1,5,-1,-1
2014440068898,1,9,0,18,0,0,1,0,4,6,4,1,1,2,52,8,1364,1,6,10,1
2014440068962,1,9,0,4,0,8,0,0,0,0,1,1,1,1,26,6,1686,2,1,10,1
2014440068962,2,9,0,18,0,8,0,0,0,0,2,1,6,2,89,11,1341,1,9,6,1
2014440068998,1,9,0,18,0,8,0,0,0,0,3,1,6,2,27,6,1461,2,4,3,1
2014440068998,2,9,0,9,0,8,0,0,0,0,1,1,6,1,-1,-1,1560,2,8,-1,1
2014440069120,1,9,0,3,0,8,0,0,0,0,2,1,6,2,40,7,1235,1,23,10,1
2014440069120,2,9,0,4,0,8,0,0,0,0,1,1,6,2,46,8,1598,1,8,1,1
2014440069189,1,9,0,4,0,8,0,0,0,0,2,1,6,2,63,9,1598,1,4,10,1
2014440069189,2,9,0,4,0,8,0,0,0,0,1,1,6,2,43,7,1796,1,17,4,2
2014440069200,1,9,0,18,0,0,0,0,0,0,1,1,6,1,19,4,1242,1,6,3,1
2014440069200,2,9,0,18,0,0,0,0,0,0,2,1,6,1,58,9,-1,-1,-1,8,1
2014440069278,1,9,0,8,0,8,0,0,0,0,2,1,6,2,36,7,1984,1,8,10,1
2014440069278,2,9,0,4,0,8,0,0,0,0,1,1,6,3,-1,-1,1984,1,8,-1,-1
2014440069444,1,9,0,18,0,8,1,0,7,9,1,1,6,2,20,4,1390,1,4,5,1
2014440069604,1,5,0,18,0,8,0,0,0,0,1,1,2,1,47,8,498,1,13,6,1
2014440069604,2,9,0,9,0,8,0,0,0,0,4,1,2,2,29,6,1299,1,15,-1,1
2014440069621,1,1,0,18,0,8,0,0,0,0,4,1,2,1,50,8,-1,-1,-1,6,1
2014440069621,2,9,0,18,0,8,0,0,0,0,1,1,2,3,-1,-1,1999,1,13,-1,-1
2014440069738,1,5,0,18,0,8,0,0,0,0,4,1,2,1,36,7,1171,1,17,10,1
2014440069738,2,9,0,9,0,8,0,0,0,0,1,1,6,3,-1,-1,-1,-1,-1,-1,-1
2014440069748,1,9,0,18,0,0,5,0,0,0,1,1,2,2,27,6,1461,2,10,-1,-1
2014440069872,1,9,0,9,0,6,0,0,3,0,3,1,6,1,21,5,1242,1,14,10,3
2014440069872,2,9,0,18,0,1,0,0,0,0,1,1,1,1,42,7,1686,2,3,7,1
2014440069876,1,9,0,10,0,1,0,0,0,0,2,1,6,2,31,6,1388,1,5,6,1
2014440069876,2,19,0,18,0,1,0,0,0,0,1,1,6,3,-1,-1,2148,2,5,-1,-1
2014440069964,1,90,0,13,0,0,2,0,1,0,1,1,1,1,34,6,2464,2,6,6,1
2014440070070,1,1,0,18,0,8,0,0,0,0,1,1,2,1,47,8,-1,-1,-1,9,1
2014440070070,2,9,0,7,0,8,0,0,0,0,3,1,6,1,47,8,1587,1,14,9,1
2014440070290,1,19,0,18,0,0,2,0,4,0,1,1,1,1,63,9,1560,2,5,10,2
2014440070290,2,9,0,4,0,0,0,0,0,0,2,1,6,1,63,9,1796,1,10,-1,-1
2014440070313,1,9,0,1,9,8,0,0,0,0,2,1,6,1,-1,-1,1598,1,12,-1,-1
2014440070363,1,9,0,7,0,4,0,0,0,0,3,1,2,2,33,6,1396,1,7,9,1
2014440070363,2,1,0,18,0,8,0,0,0,0,1,1,6,1,57,9,-1,-1,-1,10,1
2014440070427,1,9,0,3,0,1,0,0,0,0,2,1,6,2,26,6,1242,1,9,5,1
2014440070427,2,9,0,3,0,1,0,0,0,0,2,1,6,2,34,6,1124,1,12,5,3
2014440070427,3,9,0,18,0,1,0,0,0,0,1,1,2,1,38,7,1769,2,20,4,1
2014440070490,1,9,0,9,0,5,0,0,0,0,4,1,6,2,74,10,1870,2,8,10,1
2014440070490,2,1,0,15,0,1,0,0,0,0,1,1,6,1,22,5,-1,-1,-1,4,1
2014440070555,1,5,0,18,0,8,1,0,0,0,1,1,1,1,24,5,499,1,7,8,1
2014440070555,2,9,0,3,0,8,0,0,0,0,2,1,1,1,55,8,1968,2,1,4,1
2014440070747,1,9,0,9,0,1,0,0,0,0,1,1,6,1,47,8,-1,-1,-1,-1,-1
2014440070747,2,9,0,18,0,1,0,0,0,0,4,1,6,2,43,7,1997,2,14,7,2
2014440070989,1,19,0,18,0,1,0,0,0,0,1,1,1,1,25,5,2496,2,14,9,1
2014440070989,2,9,0,9,0,8,0,0,0,0,1,1,2,1,57,9,1975,1,6,2,1
2014440071024,1,5,0,18,0,8,1,10,1,0,1,1,2,1,18,4,645,1,14,7,1
2014440071024,2,90,0,9,0,8,0,0,0,0,4,1,1,1,60,9,7146,2,2,3,1
2014440071048,1,21,0,18,0,0,1,0,0,0,1,1,1,1,39,7,12777,2,3,-1,3
2014440071048,2,9,0,3,0,0,0,0,0,0,2,1,1,2,45,7,-1,-1,-1,1,1
2014440071069,1,9,0,4,0,0,0,0,0,0,2,1,2,3,-1,-1,1968,2,5,-1,-1
2014440071069,2,9,0,4,0,0,0,0,0,0,1,1,2,3,-1,-1,1600,2,3,-1,-1
2014440071069,3,9,0,4,0,0,0,0,0,0,2,1,2,3,-1,-1,1298,1,12,-1,-1
2014440071069,4,9,0,4,0,0,0,0,0,0,1,1,2,1,47,8,998,1,14,-1,3
2014440071069,5,9,0,18,0,0,0,0,1,0,0,1,6,3,-1,-1,1390,1,2,-1,-1
2014440071069,6,9,0,4,0,0,0,0,0,0,2,1,6,3,-1,-1,1248,2,9,-1,-1
2014440071069,7,9,0,4,0,0,0,0,0,0,1,1,6,3,-1,-1,1968,2,8,-1,-1
2014440071089,1,9,0,16,0,0,1,0,0,0,1,1,1,1,51,8,1390,1,16,3,1
2014440071089,2,19,0,17,0,0,0,0,0,0,3,1,1,1,19,4,2143,2,3,3,1
2014440071206,1,9,0,10,0,1,0,0,0,0,2,1,2,1,30,6,973,1,13,2,1
2014440071206,2,9,0,3,0,1,0,0,0,0,2,1,2,1,44,7,1598,2,4,7,1
2014440071206,3,9,0,18,0,1,0,0,0,0,1,1,2,1,29,6,1951,2,12,8,1
2014440071206,4,9,0,18,0,1,0,0,0,0,1,1,2,1,56,9,1242,1,8,9,1
2014440071305,1,9,0,7,0,5,0,0,0,0,1,1,6,3,-1,-1,-1,-1,-1,-1,-1
2014440071516,1,9,0,4,0,1,0,0,0,0,2,1,6,2,46,8,998,1,2,7,1
2014440071516,2,9,0,18,0,1,0,0,0,0,1,1,1,1,38,7,-1,-1,-1,4,1
2014440071704,1,4,0,18,0,8,1,0,0,0,1,1,6,1,59,9,487,1,15,7,1
2014440071704,2,9,0,18,0,8,0,0,0,0,2,1,6,1,60,9,1997,2,13,7,1
2014440071829,1,9,0,18,0,8,1,0,0,0,1,1,6,2,27,6,2000,1,19,10,1
2014440071829,2,9,0,10,0,8,0,0,0,0,2,1,6,2,47,8,1598,1,11,10,1
2014440071947,1,9,0,18,0,0,0,0,0,0,1,1,2,1,78,11,-1,-1,-1,10,1
2014440071947,2,9,0,18,0,0,0,0,0,0,1,1,6,1,45,7,-1,-1,-1,9,1
2014440072001,1,9,0,3,0,8,0,0,0,0,1,1,6,1,-1,-1,1996,1,12,9,2
2014440072001,2,9,0,18,0,8,0,0,0,0,2,1,6,2,17,4,1390,1,1,9,2
2014440072020,1,9,0,5,0,8,0,0,0,0,1,1,1,1,41,7,1840,1,13,10,1
2014440072020,2,9,0,3,0,8,0,0,0,0,2,1,6,2,47,8,2500,2,21,10,1
2014440072020,3,9,0,3,0,8,0,0,0,0,3,1,6,3,-1,-1,1598,1,10,-1,-1
2014440072066,1,9,0,7,0,8,0,0,0,0,3,1,6,1,45,7,2987,2,8,10,3
2014440072066,2,9,0,2,0,8,0,0,0,0,2,1,6,2,-1,-1,-1,-1,-1,-1,1
2014440072066,3,9,0,18,0,8,0,0,0,0,1,1,6,1,23,5,1596,1,15,7,1
2014440072191,1,9,0,9,0,8,0,0,0,0,1,1,6,1,23,5,2324,1,13,8,1
2014440072191,2,9,0,18,0,8,0,0,7,4,2,1,6,2,78,11,1896,2,13,10,2
2014440072231,1,9,0,18,0,8,0,0,0,0,1,1,6,1,18,4,1388,1,11,8,1
2014440072231,2,90,0,17,0,8,0,0,0,0,1,1,6,1,49,8,3920,2,10,-1,-1
2014440072527,1,8,0,10,0,1,0,0,0,0,2,1,1,1,30,6,1910,2,3,-1,1
2014440072527,2,9,0,16,0,1,0,0,0,0,1,1,6,1,28,6,-1,-1,-1,3,1
2014440072706,1,9,0,17,0,0,1,0,0,0,4,1,6,1,31,6,1686,2,12,9,1
2014440072706,2,19,0,16,0,0,0,0,0,0,1,1,2,1,62,9,2143,2,2,-1,3
2014440072777,1,9,0,9,0,8,0,0,0,0,3,1,6,1,27,6,1490,1,8,4,1
2014440072777,2,1,0,18,0,8,0,0,0,0,1,1,6,1,24,5,-1,-1,-1,6,1
2014440072825,1,9,0,18,0,8,0,0,7,11,1,1,6,2,35,6,1398,2,6,10,1
2014440072825,2,9,0,18,0,8,0,0,0,0,3,1,6,2,55,8,1600,1,6,10,1
2014440072830,1,9,0,18,0,0,0,0,0,0,1,1,6,2,32,6,1390,1,11,1,1
2014440072833,1,1,0,18,0,2,0,0,0,0,1,1,2,1,41,7,-1,-1,-1,6,1
2014440072833,2,5,0,4,0,2,0,0,0,0,2,1,2,1,19,4,998,1,13,8,1
2014440072839,1,9,0,9,0,8,0,0,0,0,1,1,2,1,29,6,-1,-1,-1,-1,-1
2014440072839,2,9,0,10,0,8,0,0,0,0,2,1,6,2,48,8,1299,1,14,10,1
2014440072850,1,9,0,17,0,0,1,0,0,0,1,1,1,1,20,4,1595,1,13,10,3
2014440072850,2,9,0,3,0,0,0,0,0,0,1,1,6,3,-1,-1,3311,8,5,-1,-1
2014440072910,1,9,0,3,0,0,0,0,0,0,2,1,6,2,22,5,1248,2,7,10,1
2014440072910,2,9,0,3,0,0,0,0,0,0,2,1,6,1,49,8,1796,1,10,10,1
2014440072910,3,9,0,18,0,0,0,0,0,0,1,1,6,1,53,8,2295,1,15,10,1
2014440072932,1,9,0,9,0,8,0,0,0,0,3,1,1,1,37,7,1997,2,5,10,1
2014440072932,2,9,0,18,0,1,0,0,0,0,1,1,6,2,69,10,1298,1,9,9,1
2014440073003,1,9,0,9,0,1,0,0,0,0,4,1,6,1,59,9,2497,1,12,10,1
2014440073003,2,9,0,18,0,1,0,0,0,0,1,1,6,2,28,6,1997,1,13,9,1
2014440073113,1,3,0,5,0,4,0,0,0,0,1,1,6,1,26,6,124,1,23,4,1
2014440073113,2,9,0,5,0,4,0,0,0,0,2,1,6,2,45,7,3199,1,9,6,1
2014440073116,1,9,0,18,0,0,0,0,7,4,1,1,6,1,39,7,1587,1,7,10,1
2014440073368,1,9,0,18,0,0,0,0,0,0,1,1,6,1,75,10,1396,1,14,6,1
2014440073368,2,9,0,18,0,0,0,0,0,0,1,1,6,2,19,4,1149,1,12,4,1
2014440073556,1,3,0,18,0,1,1,0,0,0,0,1,6,1,17,4,125,1,5,8,3
2014440073998,1,19,0,18,0,0,0,0,0,0,1,1,6,1,40,7,-1,-1,-1,8,2
2014440073998,2,19,0,2,0,0,0,0,0,0,2,1,6,3,-1,-1,-1,-1,-1,-1,-1
2014440073998,3,19,0,2,0,0,0,0,0,0,3,1,6,3,-1,-1,2198,2,6,-1,-1
2014440073998,4,9,0,2,0,0,0,0,0,0,4,1,6,3,-1,-1,1198,1,11,-1,-1
2014440073998,5,9,0,2,0,0,0,0,0,0,4,1,6,3,-1,-1,1242,1,2,-1,-1
2014440073998,6,9,0,2,0,0,0,0,0,0,1,1,6,3,-1,-1,1388,1,3,-1,-1
2014440074085,1,9,0,4,0,1,0,0,0,0,2,1,6,1,42,7,1587,1,5,8,1
2014440074085,2,9,0,18,0,1,0,0,0,0,1,1,6,2,36,7,1248,1,4,7,3
2014440074255,1,9,0,7,0,8,0,0,0,0,3,1,6,1,54,8,1998,1,17,2,1
2014440074255,2,19,0,17,0,8,0,0,0,0,1,1,6,1,53,8,1995,2,-1,8,3
2014440074301,1,9,0,18,0,1,0,0,0,0,1,1,6,1,46,8,848,1,16,8,3
2014440074301,2,9,0,10,0,1,0,0,0,0,2,1,6,2,49,8,1149,1,9,7,1
2014440074463,1,9,0,18,0,0,2,0,0,0,1,1,6,1,22,5,-1,-1,-1,9,1
2014440074463,2,9,0,18,0,0,1,0,0,0,1,1,6,2,85,11,-1,-1,-1,10,1
2014440074486,1,19,0,9,0,8,0,0,0,0,1,1,6,1,27,6,1753,2,8,6,2
2014440074550,1,9,0,14,0,8,0,0,0,0,1,1,6,1,19,4,2440,2,21,9,1
2014440074550,2,9,0,3,0,8,0,0,0,0,2,1,6,1,49,8,1248,2,6,8,1
2014440074668,1,9,0,2,0,0,0,0,3,11,1,1,1,1,59,9,1598,1,7,8,1
2014440074918,1,9,0,18,0,8,0,4,0,0,1,1,6,2,68,10,1596,1,7,8,3
2014440074918,2,9,0,5,0,8,0,4,0,0,3,1,6,2,24,5,1388,1,9,5,1
2014440074918,3,9,0,2,0,8,0,0,0,0,4,1,6,1,77,11,1896,1,16,5,1
2014440074918,4,90,0,2,0,8,0,0,0,0,2,1,6,1,46,8,2286,2,10,5,1
2014440074938,1,20,0,16,0,8,1,0,1,11,1,1,1,1,45,7,2198,2,1,5,2
2014440074938,2,9,0,9,0,8,0,0,0,0,2,1,1,1,45,7,-1,-1,-1,6,1
2014440075204,1,9,0,18,0,0,1,0,0,0,3,1,6,2,26,6,1360,1,11,9,1
2014440075204,2,9,0,18,0,0,0,0,0,0,2,1,6,2,18,4,1198,1,7,10,1
2014440075204,3,19,0,18,0,0,0,0,0,0,2,1,6,1,33,6,1900,2,16,4,1
2014440075240,1,9,0,3,0,8,0,0,0,0,2,1,6,2,41,7,1149,1,13,1,1
2014440075240,2,9,0,18,0,8,0,0,0,0,1,1,6,3,-1,-1,-1,-1,-1,-1,-1
2014440075298,1,9,0,9,0,8,0,0,0,0,4,1,6,3,-1,-1,-1,-1,-1,-1,-1
2014440075298,2,1,0,9,0,8,0,0,0,0,3,1,6,2,33,6,-1,-1,-1,3,1
2014440075312,1,9,0,18,0,0,1,0,4,6,3,1,6,2,33,6,995,1,6,2,1
2014440075336,1,19,0,17,0,0,1,0,0,0,1,1,1,1,18,4,1870,2,12,10,2
2014440075336,2,9,0,16,0,0,0,0,1,0,1,1,6,1,66,10,1598,1,8,7,1
2014440075336,3,9,0,17,0,0,0,0,0,0,2,1,6,2,65,9,1240,1,10,10,1
2014440075388,1,21,0,18,0,0,1,0,0,0,4,1,1,1,32,6,7146,2,5,5,1
2014440075509,1,9,0,4,0,0,0,0,0,0,2,1,2,2,25,5,1796,1,8,4,1
2014440075509,2,19,0,18,0,0,0,0,0,0,1,1,2,1,-1,-1,2198,2,6,-1,-1
2014440075527,1,3,0,18,0,8,0,0,0,0,4,1,1,2,54,8,124,1,3,2,1
2014440075527,2,90,0,5,0,8,0,0,0,0,1,1,1,1,61,9,-1,-1,-1,4,1
2014440075558,1,1,0,18,0,8,0,0,0,0,2,1,2,1,36,7,-1,-1,-1,2,1
2014440075558,2,9,0,5,0,8,0,0,0,0,1,1,2,2,67,10,1984,1,12,7,1
2014440075563,1,9,0,4,0,0,1,0,0,0,1,1,6,1,26,6,1997,2,8,10,1
2014440075563,2,9,0,4,0,0,0,0,0,0,2,1,6,1,24,5,1390,1,5,10,3
2014440075563,3,9,0,4,0,0,0,0,0,0,2,1,6,2,32,6,1242,1,2,9,2
2014440075878,1,1,0,18,0,8,0,0,0,0,2,1,6,1,35,6,-1,-1,-1,4,1
2014440075878,2,9,0,18,0,8,0,0,0,0,4,1,6,3,-1,-1,-1,-1,-1,-1,-1
2014440075976,1,19,0,18,0,0,0,0,0,0,1,1,1,1,49,8,2198,2,2,1,1
2014440075976,2,9,0,2,0,0,0,0,0,0,2,1,6,3,-1,-1,1598,1,15,-1,-1
2014440076000,1,19,0,3,0,8,0,0,0,0,2,1,1,1,35,6,2198,2,3,10,1
2014440076000,2,9,0,18,0,8,0,0,0,0,1,1,6,3,-1,-1,-1,-1,-1,-1,-1
2014440076007,1,9,0,18,0,0,2,0,0,0,1,1,2,1,18,4,-1,-1,-1,10,2
2014440076019,1,9,0,16,0,0,2,0,0,0,4,1,2,2,49,8,2402,2,6,8,3
2014440076026,1,9,0,16,0,0,2,0,1,0,3,1,2,2,42,7,1560,2,10,6,1
2014440076052,1,9,0,18,0,0,5,0,0,6,3,1,1,2,18,4,1343,1,11,2,1
2014440076054,1,9,0,2,0,0,0,0,1,10,2,1,1,2,43,7,1998,1,12,3,1
2014440076054,2,9,0,17,0,0,0,0,1,0,1,1,1,2,24,5,1896,2,11,5,1
2014440076147,1,9,0,16,0,0,1,0,8,3,1,1,1,2,21,5,1149,1,15,8,1
2014440076183,1,9,0,18,0,0,2,0,1,9,1,1,2,1,55,8,-1,-1,-1,5,1
2014440076399,1,9,0,6,0,8,0,0,0,0,1,1,6,1,82,11,-1,-1,-1,9,2
2014440076399,2,19,0,18,0,8,0,0,0,0,4,1,1,1,29,6,-1,-1,-1,-1,-1
2014440076504,1,9,0,18,0,8,0,0,0,0,3,1,2,1,58,9,1870,2,9,3,1
2014440076504,2,1,0,17,0,8,0,0,0,0,1,1,6,1,28,6,-1,-1,-1,8,1
2014440076564,1,9,0,18,0,0,0,0,0,0,1,1,2,1,47,8,1598,2,1,10,1
2014440076564,2,19,0,18,0,0,0,0,0,0,2,1,2,1,37,7,1896,2,7,6,3
2014440076571,1,9,0,18,0,8,0,0,0,0,1,1,6,2,49,8,1798,1,7,6,1
2014440076571,2,9,0,18,0,8,0,0,0,0,3,1,6,1,73,10,1398,1,14,5,2
2014440076787,1,9,0,4,0,0,0,0,0,0,1,1,2,1,29,6,1997,2,14,9,1
2014440076787,2,9,0,4,0,0,0,0,0,0,2,1,2,1,22,5,1360,1,8,-1,1
2014440077065,1,21,0,17,0,0,2,0,0,0,1,1,1,1,41,7,12900,2,8,6,3
2014440077065,2,19,0,2,0,0,0,0,0,0,3,1,6,3,-1,-1,3964,2,19,-1,-1
2014440077257,1,9,0,5,0,8,0,0,0,0,1,1,2,1,33,6,1998,2,13,4,1
2014440077257,2,9,0,5,0,8,0,0,0,0,1,1,2,1,57,9,1598,2,-1,2,1
2014440077369,1,9,0,18,0,0,0,0,0,0,1,1,3,3,-1,-1,1242,1,9,-1,-1
2014440077452,1,5,0,18,0,1,0,0,0,0,1,1,2,1,27,6,645,1,9,6,1
2014440077452,2,9,0,7,0,6,0,0,0,0,2,1,2,1,68,10,2231,2,1,9,1
2014440077505,1,9,0,9,0,2,0,0,0,0,1,1,6,2,70,10,1390,1,8,6,1
2014440078075,1,9,0,18,0,5,0,0,0,0,1,1,6,1,25,5,1794,1,13,4,1
2014440078075,2,2,0,18,0,1,0,0,0,0,3,1,2,1,16,4,49,1,1,7,1
2014440078086,1,9,0,9,0,8,0,0,0,0,1,1,6,2,20,4,998,1,9,-1,1
2014440078086,2,9,0,18,0,8,0,0,0,0,3,1,3,1,35,6,1896,2,9,9,1
2014440078112,1,19,0,17,0,0,0,0,0,0,3,1,1,1,52,8,1896,2,16,10,1
2014440078112,2,9,0,16,0,0,0,0,0,0,3,1,6,1,17,4,1229,1,9,5,1
2014440078118,1,2,0,16,0,0,1,0,0,0,3,1,4,1,16,4,49,1,5,2,1
2014440078118,2,11,0,17,0,0,0,0,0,0,3,1,1,1,29,6,-1,2,18,10,2
2014440078219,1,19,0,2,0,0,0,0,0,0,2,1,2,1,62,9,1995,2,4,10,1
2014440078219,2,9,0,18,0,0,0,4,0,0,1,1,6,1,78,11,1796,1,3,9,3
2014440078262,1,9,0,4,0,1,0,0,0,0,1,1,6,1,37,7,2926,2,11,4,1
2014440078262,2,9,0,3,0,1,0,0,0,0,2,1,6,3,-1,-1,1397,1,13,-1,-1
2014440078262,3,9,0,3,0,1,0,0,0,0,2,1,6,3,-1,-1,-1,-1,-1,-1,-1
2014440078407,1,9,0,9,0,8,0,0,0,0,3,1,6,1,21,5,1242,1,1,7,1
2014440078407,2,2,0,18,0,8,0,0,0,0,1,1,6,1,18,4,49,1,9,8,1
2014440078532,1,9,0,16,0,0,1,0,1,4,3,1,6,1,34,6,1997,1,9,9,1
2014440078540,1,9,0,18,0,0,5,4,0,0,1,1,2,2,21,5,1198,1,10,3,1
2014440078540,2,9,0,2,0,0,0,0,0,0,3,1,6,1,58,9,1560,2,4,6,1
2014440078739,1,9,0,9,0,8,0,0,0,0,1,1,2,2,29,6,1242,1,2,9,1
2014440078739,2,9,0,18,0,8,0,0,0,0,1,1,2,1,26,6,1364,2,6,5,1
2014440078749,1,9,0,17,0,0,0,0,0,0,1,1,3,1,31,6,1796,1,14,4,1
2014440078749,2,9,0,16,0,0,0,0,0,0,1,1,6,2,31,6,1560,2,7,4,1
2014440078817,1,9,0,18,0,8,0,0,0,0,1,1,2,2,26,6,1043,1,25,4,1
2014440078817,2,19,0,7,0,8,0,0,0,0,2,1,2,1,27,6,2402,2,11,5,1
2014440078870,1,9,0,7,0,8,1,0,0,0,1,1,6,1,26,6,1390,1,11,5,1
2014440078870,2,19,0,3,0,8,0,0,0,0,1,1,1,1,24,5,1870,2,8,9,1
2014440078870,3,8,0,3,0,8,0,0,0,0,1,1,1,1,37,7,1753,2,7,2,1
2014440078965,1,11,0,18,0,8,0,0,0,0,0,1,1,3,-1,-1,-1,-1,-1,-1,-1
2014440079009,1,9,0,17,0,8,0,0,0,0,1,1,6,2,59,9,2993,2,4,10,1
2014440079009,2,1,0,17,0,8,0,0,0,0,1,1,6,1,43,7,-1,-1,-1,6,1
2014440079217,1,5,0,18,0,8,0,0,0,0,1,1,6,1,58,9,746,1,39,7,1
2014440079217,2,10,0,9,0,8,0,0,0,0,4,1,1,1,42,7,2198,2,2,5,1
2014440079602,1,9,0,5,0,8,0,0,1,0,3,1,6,2,85,11,1299,1,7,7,2
2014440079602,2,19,0,18,0,8,0,0,0,0,1,1,2,1,52,8,1753,2,11,5,1
2014440079610,1,9,0,9,0,8,0,0,0,0,4,1,6,1,56,9,1589,1,17,2,1
2014440079610,2,9,0,18,0,8,0,0,0,0,1,1,1,2,31,6,1248,1,1,9,1
2014440079612,1,19,0,18,0,0,0,0,0,0,1,1,1,1,54,8,2198,2,1,8,1
2014440079612,2,9,0,4,0,0,0,0,0,0,2,1,6,1,52,8,1461,2,8,8,1
2014440079681,1,9,0,18,0,2,0,0,0,0,1,1,6,2,44,7,1796,1,16,5,1
2014440079681,2,19,0,18,0,1,0,0,0,0,1,1,1,1,51,8,1753,2,10,3,1
2014440079683,1,1,0,18,4,8,0,0,0,0,3,1,6,1,34,6,-1,-1,-1,10,1
2014440079683,2,9,0,7,0,8,0,0,0,0,4,1,6,1,-1,-1,1590,1,3,7,1
2014440079792,1,9,0,18,0,0,1,0,7,11,1,1,6,2,36,7,1796,1,8,6,3
2014440079792,2,9,0,2,0,0,0,0,0,0,4,1,6,1,46,8,1997,2,-1,-1,-1
2014440079875,1,5,0,18,0,8,0,0,0,0,1,1,6,1,37,7,599,1,6,3,1
2014440079875,2,8,0,9,0,8,0,0,0,0,4,1,1,1,33,6,1598,2,-1,2,1
2014440079922,1,9,0,18,0,1,0,0,7,0,1,1,6,2,69,10,998,1,16,4,1
2014440079922,2,9,0,18,0,8,0,7,1,0,3,1,6,1,20,4,1598,1,9,7,1
2014440079942,1,9,0,16,0,0,5,0,1,0,4,1,6,1,26,6,1598,1,7,6,1
2014440079949,1,19,0,16,0,0,2,0,0,0,1,1,2,1,19,4,1753,2,8,5,1