Accident_Index,Vehicle_Reference,Vehicle_Type,Towing_and_Articulation,Vehicle_Manoeuvre,Vehicle_Location-Restricted_Lane,Junction_Location,Skidding_and_Overturning,Hit_Object_in_Carriageway,Vehicle_Leaving_Carriageway,Hit_Object_off_Carriageway,1st_Point_of_Impact,Was_Vehicle_Left_Hand_Drive?,Journey_Purpose_of_Driver,Sex_of_Driver,Age_of_Driver,Age_Band_of_Driver,Engine_Capacity_(CC),Propulsion_Code,Age_of_Vehicle,Driver_IMD_Decile,Driver_Home_Area_Type
2014440109660,1,9,0,13,0,0,0,0,0,0,1,1,6,3,-1,-1,1597,1,18,-1,-1
2014440109660,2,3,0,18,0,0,0,0,0,0,1,1,6,1,23,5,125,1,1,7,1
2014440109805,1,9,0,11,0,1,0,0,0,0,1,1,6,1,72,10,1598,1,3,-1,1
2014440109805,2,9,0,18,0,1,0,0,0,0,2,1,6,1,60,9,1390,1,3,5,1
2014440109823,1,9,0,1,0,0,0,0,0,0,2,1,6,1,20,4,1299,1,9,2,1
2014440109823,2,9,0,2,0,0,0,0,0,0,2,1,6,3,-1,-1,1560,2,10,-1,-1
2014440109823,3,9,0,2,0,0,0,0,0,0,1,1,6,3,-1,-1,1595,1,15,-1,-1
2014440109881,1,9,0,9,0,2,0,0,0,0,3,1,6,2,29,6,1596,1,12,9,1
2014440109881,2,9,0,18,0,1,0,0,0,0,3,1,6,2,57,9,1596,1,12,1,1
2014440110605,1,9,0,9,0,6,0,0,0,0,1,1,2,1,35,6,1956,2,1,3,3
2014440110691,1,9,0,18,0,8,0,0,0,0,4,1,6,2,51,8,1199,1,12,6,1
2014440110691,2,9,0,18,0,1,0,0,0,0,1,1,6,1,42,7,1798,1,7,10,1
2014440110715,1,9,0,9,0,6,0,0,0,0,1,1,6,1,40,7,1461,2,3,1,1
2014440110715,2,9,0,18,0,1,0,0,0,0,4,1,6,1,20,4,1998,1,15,9,1
2014440111259,1,9,0,18,0,0,0,0,0,0,4,1,6,1,36,7,1398,2,11,9,1
2014440111259,2,9,0,2,0,0,0,0,0,0,1,1,6,1,70,10,1600,1,12,10,1
2014440111347,1,9,0,5,0,4,0,0,0,0,3,1,1,1,34,6,1910,2,10,-1,-1
2014440111347,2,1,0,18,0,8,0,0,0,0,1,1,6,1,42,7,-1,-1,-1,4,1
2014440111421,1,9,0,18,0,1,0,0,0,0,1,1,2,1,56,9,-1,-1,-1,3,1
2014440111459,1,9,0,9,0,6,0,0,0,0,3,1,3,2,37,7,1299,1,10,10,1
2014440111459,2,5,0,13,0,1,0,0,0,0,1,1,2,1,41,7,-1,-1,-1,9,3
2014440111480,1,9,0,18,0,1,0,0,0,0,1,1,6,2,-1,-1,1968,2,5,7,1
2014440111592,1,9,0,18,0,1,0,0,0,0,4,1,1,2,27,6,1248,1,3,-1,1
2014440111632,1,9,0,18,0,0,0,0,0,0,1,1,6,2,65,9,-1,-1,-1,5,3
2014440111632,2,9,0,3,0,0,0,0,0,0,2,1,6,2,47,8,1396,1,14,7,3
2014440111632,3,9,0,18,0,0,0,0,0,0,1,1,6,2,50,8,1896,2,11,4,1
2014440111723,1,9,0,9,0,6,0,0,0,0,4,1,6,2,-1,-1,1834,1,12,10,2
2014440111723,2,9,0,18,0,1,0,0,0,0,1,1,6,2,26,6,1242,1,8,5,1
2014440111729,1,9,0,1,0,2,0,0,0,0,2,1,6,1,56,9,-1,-1,-1,3,1
2014440111729,2,1,0,4,0,2,0,0,0,0,1,1,2,2,49,8,-1,-1,-1,2,1
2014440111818,1,9,0,18,0,1,2,10,1,4,1,1,6,2,51,8,-1,-1,-1,1,1
2014440111818,2,9,0,9,0,5,0,0,0,0,4,1,6,2,22,5,1124,1,12,3,1
2014440111841,1,5,0,18,0,1,0,0,0,0,1,1,6,1,58,9,998,1,4,10,1
2014440111841,2,9,0,9,0,5,0,0,0,0,4,1,6,1,27,6,1364,1,9,9,2
2014440112053,1,9,0,18,0,8,0,0,0,0,4,1,6,3,-1,-1,-1,-1,-1,-1,-1
2014440112053,2,1,0,18,0,8,0,0,0,0,2,1,6,1,22,5,-1,-1,-1,7,1
2014440112094,1,3,0,18,0,8,0,0,0,0,1,1,2,2,18,4,125,1,2,10,1
2014440112094,2,9,0,5,0,8,0,0,0,0,1,1,6,1,37,7,1998,1,12,10,1
2014440112222,1,9,0,2,0,0,0,0,0,0,3,1,2,1,18,4,1600,1,15,9,1
2014440112222,2,1,0,14,0,0,0,0,0,0,1,1,2,2,48,8,-1,-1,-1,4,1
2014440112250,1,9,0,17,0,0,5,0,1,1,1,1,6,1,66,10,1998,1,9,10,1
2014440112271,1,9,0,9,0,8,0,0,0,0,1,1,6,2,19,4,1198,1,12,8,1
2014440112271,2,1,0,18,0,8,0,0,0,0,2,1,6,1,52,8,-1,-1,-1,6,3
2014440112531,1,9,0,18,0,8,0,0,0,0,4,1,6,2,68,10,1498,1,7,9,3
2014440112531,2,1,0,10,0,8,0,0,0,0,3,1,6,1,83,11,-1,-1,-1,9,1
2014440112584,1,9,0,9,0,8,0,0,0,0,4,1,6,2,27,6,1198,1,10,4,1
2014440112584,2,9,0,18,0,8,0,0,0,0,1,1,2,2,51,8,1396,1,12,10,1
2014440112587,1,9,0,18,0,8,1,0,0,0,3,1,1,1,62,9,1956,2,4,10,1
2014440112587,2,9,0,18,0,8,1,0,0,0,1,1,4,1,18,4,1198,1,12,10,1
2014440112604,1,9,0,16,0,0,0,4,0,0,1,1,6,1,17,4,1242,1,10,3,1
2014440112604,2,21,0,2,0,0,0,0,0,0,1,1,6,1,62,9,12777,2,7,1,1
2014440112724,1,3,0,4,0,0,0,12,0,0,0,1,2,2,52,8,124,1,1,5,1
2014440112729,1,9,0,18,0,1,0,0,0,0,1,1,6,1,35,6,1242,1,13,10,1
2014440112864,1,1,0,10,0,8,0,0,0,0,1,1,6,1,39,7,-1,-1,-1,7,1
2014440112864,2,9,0,9,0,8,0,0,0,0,1,1,6,1,-1,-1,1984,2,-1,-1,-1
2014440112989,1,9,0,17,0,0,1,0,0,0,1,1,2,2,41,7,1275,1,17,6,1
2014440112989,2,20,0,16,0,0,0,0,0,0,3,1,1,1,47,8,6850,2,6,9,1
2014440113337,1,21,0,18,0,0,0,0,0,0,1,1,1,3,-1,-1,-1,-1,-1,-1,-1
2014440113366,1,9,0,18,0,0,0,0,0,0,2,1,6,2,27,6,3222,2,10,10,3
2014440113366,2,2,0,18,0,0,0,0,0,0,1,1,6,1,29,6,124,1,1,9,1
2014440113511,1,1,0,18,0,0,0,0,0,0,3,1,6,1,9,2,-1,-1,-1,2,1
2014440113511,2,9,0,18,0,0,0,0,0,0,1,1,6,1,31,6,1229,1,-1,4,1
2014440113527,1,9,0,3,0,1,0,0,0,0,2,1,6,1,45,7,1124,1,3,3,1
2014440113527,2,9,0,5,0,1,0,0,0,0,1,1,6,1,69,10,1598,1,14,5,1
2014440113532,1,9,0,1,0,0,0,0,0,0,2,1,6,2,47,8,1596,1,13,6,1
2014440113532,2,10,0,3,0,0,0,0,0,0,2,1,1,1,79,11,2496,2,14,4,1
2014440113729,1,19,0,5,0,4,0,0,0,0,3,1,1,3,-1,-1,2198,2,1,-1,-1
2014440113729,2,1,0,18,0,8,0,0,0,0,1,1,6,1,50,8,-1,-1,-1,8,1
2014440113829,1,9,0,18,0,0,0,0,0,0,4,1,6,2,34,6,1796,1,6,10,1
2014440113829,2,1,0,18,0,0,0,0,0,0,1,1,6,1,14,3,-1,-1,-1,10,1
2014440113991,1,9,0,18,0,1,0,0,0,0,1,1,1,1,-1,-1,1968,2,4,3,1
2014440114194,1,3,0,18,0,8,0,12,0,0,1,1,1,1,19,4,124,1,13,10,1
2014440114332,1,9,0,17,0,0,0,0,0,0,3,1,1,2,24,5,996,1,2,8,1
2014440114332,2,1,0,18,0,0,0,0,0,0,1,1,6,1,13,3,-1,-1,-1,6,1
2014440114382,1,9,0,18,0,0,2,0,5,6,1,1,2,1,37,7,1422,2,4,8,3
2014440114633,1,9,0,14,0,0,0,0,0,0,4,1,6,3,-1,-1,-1,-1,-1,-1,-1
2014440114680,1,9,0,8,0,8,0,0,0,0,3,1,6,2,30,6,2993,2,1,10,1
2014440114680,2,9,0,18,0,8,0,0,0,0,4,1,6,2,39,7,1149,1,7,6,1
2014440114931,1,9,0,4,0,0,0,0,0,0,2,1,1,1,24,5,1229,1,1,8,1
2014440114931,2,9,0,18,0,0,0,0,0,0,1,1,6,1,-1,-1,1149,1,13,10,1
2014440114951,1,9,0,6,0,1,0,0,0,0,4,1,6,2,42,7,1396,1,16,5,1
2014440114951,2,8,0,18,0,1,0,0,0,0,1,1,1,1,41,7,1896,2,5,4,1
2014440114977,1,9,0,18,0,1,0,0,0,0,1,1,6,2,53,8,1598,1,4,10,1
2014440114977,2,21,0,4,0,1,0,0,0,0,2,1,1,1,34,6,6692,2,4,8,1
2014440115032,1,9,0,18,0,1,0,0,0,0,1,1,6,1,21,5,-1,-1,-1,2,1
2014440115032,2,1,0,4,0,1,0,0,0,0,2,1,6,1,20,4,-1,-1,-1,4,1
2014440115150,1,90,0,18,0,1,0,0,0,0,0,1,6,1,34,6,-1,-1,-1,9,1
2014440115150,2,9,0,3,0,2,0,0,0,0,2,1,6,1,70,10,1591,1,-1,7,1
2014440115150,3,9,0,3,0,2,0,0,0,0,2,1,6,1,45,7,1598,1,19,10,1
2014440115150,4,19,0,18,0,2,0,0,0,0,1,1,2,1,57,9,2402,2,4,5,1
2014440115156,1,5,0,11,0,0,1,10,1,0,4,1,6,1,31,6,865,1,1,9,1
2014440115197,1,9,0,18,0,1,0,0,7,4,1,1,6,1,71,10,3999,1,14,9,3
2014440115256,1,9,0,4,0,8,0,0,0,0,2,1,2,2,44,7,996,1,1,2,1
2014440115256,2,19,0,17,0,8,0,0,0,0,1,1,1,1,44,7,2143,2,-1,7,1
2014440115338,1,9,0,9,0,6,0,0,0,0,3,1,6,1,72,10,1596,1,4,2,1
2014440115338,2,1,0,18,0,1,0,0,0,0,1,1,6,1,64,9,-1,-1,-1,7,1
2014440115629,1,21,1,18,0,0,0,0,0,0,4,1,1,1,49,8,12777,2,1,8,2
2014440115629,2,20,0,18,0,0,0,0,0,0,1,1,1,1,58,9,4249,2,1,6,2
2014440115666,1,5,0,7,0,8,0,0,0,0,3,1,2,1,46,8,996,1,16,10,1
2014440115707,1,9,0,4,0,1,0,0,0,0,4,1,2,2,60,9,2987,2,-1,7,1
2014440115746,1,9,0,18,0,0,1,0,4,6,1,1,1,1,23,5,1398,1,16,10,2
2014440115746,2,9,0,4,0,0,0,0,0,0,0,1,6,3,-1,-1,-1,-1,-1,-1,-1
2014440115826,1,9,0,3,0,0,0,0,0,0,4,1,3,2,38,7,1998,1,14,10,1
2014440115826,2,1,0,15,0,0,0,0,0,0,1,1,6,2,48,8,-1,-1,-1,10,1
2014440116019,1,19,0,10,0,1,0,0,0,0,2,1,1,1,38,7,2402,2,11,5,1
2014440116019,2,3,0,18,0,1,0,0,0,0,1,1,6,1,18,4,125,1,9,5,1
2014440116045,1,19,0,9,0,6,0,0,0,0,3,1,1,1,30,6,2402,2,3,5,1
2014440116045,2,9,0,18,0,1,0,0,0,0,1,1,6,2,77,11,1796,1,17,9,1
2014440116094,1,9,0,9,0,6,0,0,1,0,3,1,6,1,25,5,1360,1,12,-1,1
2014440116094,2,9,0,18,0,1,0,0,0,0,1,1,6,2,37,7,1686,2,1,-1,1
2014440116105,1,9,0,4,0,0,0,0,0,0,2,1,6,2,56,9,1240,1,10,4,1
2014440116105,2,9,0,18,0,0,0,0,0,0,1,1,6,1,72,10,1248,1,1,-1,1
2014440116258,1,9,0,18,0,1,0,0,0,0,1,1,6,2,78,11,998,1,1,8,2
2014440116258,2,9,0,10,0,1,0,0,0,0,2,1,1,1,41,7,1968,2,5,8,1
2014440116308,1,9,0,9,0,5,0,0,0,0,1,1,6,2,82,11,1248,1,4,5,1
2014440116308,2,1,0,18,0,1,0,0,1,0,3,1,2,1,27,6,-1,-1,-1,2,1
2014440116440,1,90,0,18,0,0,0,0,0,0,1,1,6,1,69,10,-1,-1,-1,5,1
2014440116440,2,19,0,2,0,0,0,0,0,0,1,1,6,3,-1,-1,2496,2,16,-1,-1
2014440116451,1,9,0,5,0,4,0,0,0,0,3,1,6,1,54,8,1360,1,9,1,1
2014440116451,2,3,0,17,0,8,0,0,0,0,1,1,2,1,56,9,125,1,8,9,1
2014440116897,1,3,0,18,0,8,1,0,0,0,3,1,6,1,20,4,124,1,3,8,1
2014440116897,2,9,0,2,0,8,0,0,0,0,2,1,6,1,23,5,1198,1,10,10,1
2014440117028,1,1,0,18,0,8,1,0,0,0,1,1,6,1,52,8,-1,-1,-1,9,1
2014440117127,1,9,0,17,0,0,2,0,1,4,1,1,6,1,50,8,1686,2,1,6,3
2014440117190,1,9,0,18,0,8,0,0,0,0,1,1,6,2,47,8,1396,1,17,5,1
2014440117190,2,1,0,9,0,8,0,0,0,0,3,1,2,1,16,4,-1,-1,-1,6,1
2014440117234,1,9,0,17,0,8,0,0,0,0,1,1,2,1,21,5,1781,1,14,10,1
2014440117254,1,8,0,18,0,8,0,0,0,0,1,1,1,1,60,9,1910,2,6,8,1
2014440117332,1,9,0,18,0,0,0,0,0,0,1,1,2,1,26,6,1596,1,11,6,1
2014440117332,2,9,0,18,0,0,0,11,0,0,0,1,6,3,-1,-1,-1,-1,-1,-1,-1
2014440117584,1,9,0,3,0,0,0,0,0,0,2,1,6,2,-1,-1,1198,1,10,-1,-1
2014440117584,2,97,0,18,0,0,0,0,0,0,1,1,6,1,17,4,-1,-1,-1,8,3
2014440117660,1,9,0,18,0,0,0,0,0,0,3,1,6,2,35,6,1461,2,6,5,1
2014440117660,2,9,0,18,0,0,0,0,0,0,3,1,6,2,32,6,2143,2,1,9,1
2014440117660,3,9,0,18,0,0,0,0,0,0,0,1,6,1,62,9,1994,2,13,5,1
2014440117668,1,5,0,16,0,0,0,0,0,0,3,1,6,1,31,6,599,1,22,2,1
2014440117668,2,9,0,17,0,0,0,0,0,0,3,1,6,2,-1,-1,-1,-1,-1,-1,-1
2014440117696,1,9,0,18,0,8,0,0,0,0,3,1,6,3,-1,-1,-1,-1,-1,-1,-1
2014440117941,1,9,0,18,0,8,0,0,0,0,1,1,6,1,24,5,2494,1,14,7,1
2014440117966,1,9,0,5,0,8,0,0,0,0,1,1,6,3,-1,-1,1968,2,4,-1,-1
2014440117966,2,1,0,18,0,8,0,0,0,0,3,1,6,1,35,6,-1,-1,-1,6,1
2014440118061,1,19,0,9,0,8,0,0,0,0,4,1,6,1,58,9,1753,2,7,9,1
2014440118061,2,9,0,18,0,8,0,0,0,0,1,1,6,1,42,7,1968,2,3,10,1
2014440118061,3,19,0,3,0,8,0,0,0,0,3,1,6,1,30,6,1995,2,7,9,1
2014440118085,1,9,0,11,0,0,0,0,0,0,4,1,1,1,27,6,1368,1,7,9,1
2014440118085,2,2,0,18,0,0,0,0,0,0,3,1,2,1,61,9,49,1,2,-1,1
2014440118085,3,9,0,4,0,0,0,0,0,0,2,1,6,1,63,9,2148,2,8,6,2
2014440118119,1,9,0,16,0,8,0,0,0,0,1,1,6,1,19,4,1229,1,1,5,1
2014440118119,2,9,0,17,0,8,0,0,0,0,1,1,6,2,59,9,2494,1,8,7,1
2014440118148,1,9,0,7,0,8,0,0,0,0,1,1,6,2,27,6,1299,1,16,5,2
2014440118148,2,1,0,17,0,8,0,0,0,0,1,1,6,2,45,7,-1,-1,-1,-1,1
2014440118164,1,5,0,9,0,8,0,0,0,0,0,1,6,1,49,8,988,1,8,6,1
2014440118251,1,9,0,18,0,0,1,0,1,4,3,1,6,2,18,4,1598,1,10,9,3
2014440118296,1,9,0,4,0,8,0,0,0,0,3,1,6,1,77,11,2000,1,11,-1,3
2014440118296,2,9,0,18,0,8,0,0,0,0,1,1,6,1,51,8,4164,2,17,3,1
2014440118345,1,19,0,18,0,8,0,0,0,0,1,1,6,1,30,6,1868,2,11,8,1
2014440118345,2,9,0,10,0,8,0,0,0,0,2,1,1,1,51,8,1998,1,9,8,1
2014440118380,1,9,0,8,0,8,0,0,0,0,1,1,6,1,17,4,1198,1,8,10,1
2014440118380,2,9,0,18,0,8,0,0,0,0,1,1,6,1,24,5,1242,1,13,10,2
2014440118744,1,9,0,18,0,8,1,0,1,7,4,1,2,2,20,4,1299,1,10,7,1
2014440119012,1,9,0,5,0,8,0,0,0,0,1,1,6,1,41,7,1396,1,15,3,1
2014440119012,2,9,0,18,0,8,0,0,0,0,1,1,6,2,45,7,1589,1,16,3,1
2014440119012,3,9,0,2,0,8,0,0,0,0,1,1,6,1,83,11,1298,1,14,6,3
2014440119137,1,9,0,9,0,8,0,0,0,0,3,1,2,1,72,10,1896,2,5,7,1
2014440119137,2,1,0,9,0,8,0,0,0,0,1,1,2,1,45,7,-1,-1,-1,6,1
2014440119243,1,8,0,18,0,8,0,0,0,0,1,1,1,1,-1,-1,-1,-1,-1,-1,-1
2014440119243,2,9,0,18,0,8,0,0,0,0,2,1,6,3,-1,-1,-1,-1,-1,-1,-1
2014440119268,1,3,0,18,0,0,1,0,0,0,4,1,6,1,42,7,125,1,9,9,1
2014440119283,1,19,0,18,0,0,0,0,1,2,1,1,6,1,64,9,1997,2,10,4,1
2014440120091,1,9,0,7,0,8,0,0,7,11,1,1,6,1,19,4,1200,1,1,3,1
2014440120246,1,11,0,18,0,0,0,0,0,0,1,1,1,1,-1,-1,-1,-1,-1,-1,-1
2014440120274,1,9,0,9,0,8,0,0,0,0,3,1,6,1,50,8,1997,2,13,4,1
2014440120274,2,9,0,18,0,8,0,7,0,0,4,1,6,1,24,5,1199,1,13,4,2
2014440120323,1,9,0,5,0,8,0,0,0,0,1,1,6,1,-1,-1,998,1,-1,-1,-1
2014440120323,2,1,0,18,0,8,0,0,0,0,4,1,6,1,24,5,-1,-1,-1,4,1
2014440120451,1,97,0,18,0,8,1,0,0,0,1,1,6,1,45,7,-1,-1,-1,4,1
2014440120451,2,9,0,9,0,8,0,0,0,0,2,1,6,3,-1,-1,-1,-1,-1,-1,-1
2014440120579,1,9,0,16,0,0,1,0,0,0,3,1,6,1,20,4,1490,1,10,10,2
2014440120579,2,21,0,17,0,0,0,0,0,0,4,2,1,1,-1,-1,-1,-1,-1,-1,-1
2014440120744,1,21,0,9,0,8,0,0,0,0,4,1,1,1,57,9,12777,2,4,-1,-1
2014440120744,2,9,0,18,0,8,0,0,1,5,3,1,2,1,61,9,1686,2,3,8,2
2014440120746,1,2,0,4,0,8,0,0,0,0,0,1,6,2,17,4,50,1,2,2,1
2014440120803,1,9,0,18,0,0,0,0,0,0,1,1,6,1,26,6,1388,1,5,4,1
2014440120803,2,9,0,2,0,0,0,0,0,0,2,1,6,2,24,5,998,1,7,10,2
2014440120841,1,9,0,6,0,1,0,0,0,0,0,1,1,1,28,6,1248,2,10,-1,1
2014440120841,2,5,0,18,0,8,0,0,0,0,0,1,6,1,20,4,599,1,2,6,1
2014440121354,1,5,0,7,0,8,1,0,0,0,4,1,1,1,56,9,-1,-1,-1,3,1
2014440121382,1,9,0,12,0,8,0,0,0,0,3,1,6,1,64,9,3947,1,16,7,3
2014440121382,2,21,0,18,0,8,0,0,0,0,1,1,1,1,54,8,12580,2,8,9,1
2014440121382,3,19,0,18,0,8,0,0,4,6,4,1,1,1,32,6,2198,2,1,3,1
2014440121435,1,9,0,18,0,8,0,0,0,0,3,1,6,2,39,7,1461,2,4,10,1
2014440121435,2,9,0,9,0,8,0,0,0,0,4,1,6,1,-1,-1,1794,1,11,10,1
2014440121770,1,5,0,17,0,8,1,0,0,0,0,1,2,1,45,7,498,1,9,2,1
2014440121770,2,9,0,5,0,8,0,0,0,0,0,1,1,1,39,7,998,1,1,-1,1
2014440121811,1,9,0,13,0,0,0,0,0,0,0,1,2,1,54,8,1396,1,11,10,1
2014440121811,2,9,0,13,0,0,0,0,1,4,1,1,2,2,32,6,1997,2,11,-1,1
2014440122286,1,3,0,18,0,8,0,0,0,0,2,1,6,1,59,9,124,1,1,8,1
2014440122286,2,9,0,5,0,8,0,0,0,0,1,1,6,2,24,5,1596,1,5,9,1
2014440122394,1,9,0,5,0,8,0,0,0,0,1,1,1,1,47,8,-1,-1,-1,10,1
2014440122394,2,1,0,18,0,8,0,0,0,0,1,1,6,1,38,7,-1,-1,-1,7,1
2014440122574,1,9,0,18,0,8,0,0,0,0,1,1,6,2,48,8,2477,2,14,7,2
2014440122574,2,9,0,3,0,8,0,0,0,0,2,1,6,2,53,8,1242,1,3,10,1
2014440122937,1,9,0,7,0,8,0,0,0,0,4,1,6,1,72,10,1598,1,4,7,1
2014440123025,1,19,0,13,0,0,0,0,0,0,4,1,6,3,-1,-1,-1,-1,-1,-1,-1
2014440123025,2,1,0,18,0,0,0,0,0,0,3,1,6,1,42,7,-1,-1,-1,7,1
2014440123177,1,9,0,18,0,2,0,0,0,0,3,1,1,1,36,7,998,1,13,2,1
2014440123177,2,9,0,18,0,2,0,0,0,0,1,1,6,1,-1,-1,-1,-1,-1,-1,-1
2014440123238,1,9,0,18,0,0,0,0,0,0,1,1,6,1,95,11,1149,1,11,6,1
2014440123238,2,9,0,2,0,0,0,0,1,0,2,1,6,3,-1,-1,1149,1,11,-1,-1
2014440123238,3,19,0,18,0,0,0,0,0,0,3,1,6,1,38,7,1360,1,7,3,1
2014440123241,1,1,0,15,0,2,0,0,0,0,1,1,6,1,16,4,-1,-1,-1,3,1
2014440123241,2,11,0,18,0,2,0,0,0,0,4,1,1,1,49,8,4461,2,1,1,1
2014440123333,1,9,0,16,0,0,5,0,1,4,3,1,2,1,37,7,1900,2,15,4,1
2014440123366,1,9,0,5,0,2,0,0,0,0,0,1,1,1,35,6,1896,2,6,-1,1
2014440123366,2,9,0,18,0,2,0,0,0,0,2,1,6,1,22,5,1598,1,10,7,1
2014440123366,3,1,0,18,0,2,0,0,0,0,1,1,6,1,22,5,-1,-1,-1,7,1
2014440123920,1,1,0,15,0,8,0,0,0,0,1,1,2,1,32,6,-1,-1,-1,10,1
2014440123920,2,9,0,7,0,8,0,0,0,0,4,1,2,2,21,5,-1,-1,-1,10,1
2014440124695,1,9,0,18,0,0,0,0,0,0,1,1,6,1,27,6,1149,1,13,3,1
2014440124738,1,9,0,12,0,0,0,0,7,11,3,1,1,1,34,6,1389,1,9,4,1
2014440124738,2,9,0,18,0,0,0,0,0,0,4,1,2,1,42,7,2993,2,8,5,1
2014440124946,1,2,0,18,0,8,1,0,0,0,3,1,2,1,16,4,49,1,3,9,1
2014440124946,2,9,0,9,0,8,0,0,0,0,1,1,6,3,-1,-1,-1,-1,-1,-1,-1
2014440124995,1,9,0,17,0,0,2,0,1,9,1,1,6,1,42,7,3456,8,1,10,2
2014440125225,1,3,0,18,0,8,0,0,0,0,1,1,6,2,47,8,124,1,-1,3,1
2014440125225,2,20,0,5,0,8,0,0,0,0,3,1,6,1,60,9,3920,2,4,9,1
2014440125452,1,1,0,5,0,1,0,0,0,0,2,1,1,1,37,7,-1,-1,-1,9,1
2014440125452,2,9,0,5,0,1,0,0,0,0,1,1,6,1,60,9,1896,2,6,1,1
2014440125506,1,9,0,18,0,1,0,0,1,0,1,1,6,2,80,11,1396,1,21,10,1
2014440125506,2,9,0,3,0,1,0,0,0,0,2,1,1,1,50,8,1968,2,5,8,1
2014440125631,1,9,0,10,0,1,0,0,0,0,2,1,6,2,90,11,1328,1,10,9,2
2014440125631,2,9,0,18,0,1,0,0,0,0,1,1,6,2,62,9,1388,1,5,7,1
2014440125817,1,9,0,18,0,8,0,0,7,11,1,1,6,2,20,4,1198,1,6,9,3
2014440125817,2,9,0,9,0,8,0,0,0,0,1,1,6,2,45,7,1896,2,10,10,1
2014440125895,1,9,0,17,0,0,5,0,8,1,1,1,6,1,17,4,1388,1,7,3,1
2014440126046,1,9,0,9,0,8,0,0,0,0,1,2,2,1,34,6,-1,-1,-1,4,1
2014440126046,2,9,0,18,0,8,0,0,0,0,1,1,2,1,47,8,2298,1,16,4,1
2014440126057,1,19,0,18,0,8,0,0,0,0,1,1,6,1,34,6,2464,2,6,3,1
2014440126057,2,19,0,18,0,8,0,0,0,0,3,1,6,1,42,7,2402,2,4,8,2
2014440126077,1,2,0,5,0,8,0,0,0,0,3,1,6,1,16,4,49,1,-1,3,1
2014440126077,2,9,0,18,0,8,0,0,0,0,1,1,6,1,40,7,1995,2,7,10,1
2014440126335,1,9,0,13,0,0,0,0,4,6,1,1,6,1,20,4,1364,1,8,6,1
2014440126335,2,21,1,18,0,0,0,0,0,0,3,1,1,1,56,9,12900,2,2,5,3
2014440126478,1,9,0,18,0,0,0,12,0,0,1,1,6,1,61,9,1390,1,14,10,1
2014440126510,1,9,0,4,0,1,0,7,0,0,1,1,6,1,40,7,1973,1,14,10,1
2014440126598,1,9,0,9,0,8,0,0,0,0,2,1,6,2,-1,-1,1596,1,9,8,1
2014440126598,2,1,0,18,0,8,0,0,0,0,1,1,6,1,29,6,-1,-1,-1,7,1
2014440126967,1,9,0,9,0,8,0,0,0,0,4,1,6,2,45,7,1984,1,6,3,1
2014440126967,2,9,0,18,0,8,0,0,0,0,1,1,6,1,40,7,1242,1,7,10,1
2014440127021,1,9,0,18,0,1,0,0,0,0,4,1,6,1,52,8,1388,1,2,-1,-1
2014440127097,1,1,0,18,0,1,0,0,0,0,1,1,1,1,62,9,-1,-1,-1,-1,1
2014440127097,2,9,0,18,0,5,0,0,0,0,4,1,6,3,-1,-1,1199,1,12,-1,-1
2014440127272,1,9,0,11,0,2,5,0,7,11,3,1,6,2,83,11,1339,1,6,8,1
2014440127301,1,9,0,18,0,1,0,0,0,0,4,1,6,2,45,7,1596,1,6,4,1
2014440127301,2,1,0,15,0,1,0,0,0,0,3,1,6,2,23,5,-1,-1,-1,7,1
2014440127330,1,19,0,4,0,0,1,0,0,0,2,1,6,1,31,6,1248,2,8,4,1
2014440127330,2,9,0,18,0,0,1,0,0,0,1,1,6,1,23,5,1598,1,2,8,1
2014440127330,3,9,0,18,0,0,1,0,0,0,1,1,6,2,33,6,2290,1,11,7,1
2014440127337,1,5,0,18,0,0,1,10,0,0,4,1,6,1,24,5,599,1,4,9,1
2014440127337,2,9,0,18,0,0,0,0,0,0,0,1,6,3,-1,-1,1390,1,11,-1,-1
2014440127381,1,9,0,18,0,0,0,0,0,0,4,1,6,3,-1,-1,-1,-1,-1,-1,-1
2014440127400,1,9,0,12,0,0,0,0,0,0,3,1,2,1,18,4,1199,1,14,-1,-1
2014440127400,2,19,0,18,0,0,0,0,0,0,4,1,1,1,26,6,1996,2,4,6,3
2014440127400,3,9,0,18,0,0,0,0,0,0,4,1,6,1,49,8,1896,2,11,2,1
2014440127439,1,9,0,9,0,8,0,0,0,0,0,1,1,2,28,6,1999,1,7,5,1
2014440127439,2,3,0,18,0,1,1,0,0,0,0,1,6,1,67,10,-1,-1,-1,10,1
2014440127679,1,8,0,2,0,0,0,0,0,0,3,1,1,3,-1,-1,-1,-1,-1,-1,-1
2014440127679,2,1,0,18,0,0,0,0,0,0,1,1,6,2,18,4,-1,-1,-1,3,1
2014440127792,1,9,0,18,0,0,1,0,7,0,3,1,6,2,54,8,1388,1,10,10,1
2014440127792,2,9,0,18,0,0,1,0,0,0,3,1,6,2,53,8,1984,2,3,9,3
2014440127792,3,9,0,18,0,0,0,0,0,0,1,1,6,1,44,7,1995,2,3,8,3