Accident_Index,Vehicle_Reference,Vehicle_Type,Towing_and_Articulation,Vehicle_Manoeuvre,Vehicle_Location-Restricted_Lane,Junction_Location,Skidding_and_Overturning,Hit_Object_in_Carriageway,Vehicle_Leaving_Carriageway,Hit_Object_off_Carriageway,1st_Point_of_Impact,Was_Vehicle_Left_Hand_Drive?,Journey_Purpose_of_Driver,Sex_of_Driver,Age_of_Driver,Age_Band_of_Driver,Engine_Capacity_(CC),Propulsion_Code,Age_of_Vehicle,Driver_IMD_Decile,Driver_Home_Area_Type
2014440144346,2,9,0,7,0,8,0,0,0,0,1,1,6,2,38,7,1989,1,14,8,1
2014440144380,1,9,0,2,0,0,0,0,0,0,3,1,1,1,32,6,1596,1,10,9,1
2014440144380,2,1,0,18,0,0,0,0,0,0,1,1,6,2,76,11,-1,-1,-1,9,1
2014440144390,1,11,0,5,0,2,0,0,0,0,0,1,1,1,-1,-1,-1,-1,-1,5,1
2014440144414,1,9,0,17,0,0,1,0,2,4,1,1,6,2,25,5,1796,1,14,9,3
2014440144453,1,20,0,13,0,1,0,0,0,0,1,1,1,1,49,8,6692,2,3,10,1
2014440144453,2,9,0,18,0,1,1,0,0,0,4,1,2,1,54,8,1389,1,17,7,2
2014440144517,1,2,0,17,0,8,1,0,0,0,3,1,6,1,16,4,49,1,2,4,1
2014440144592,1,19,0,5,0,4,0,0,0,0,1,1,1,1,41,7,1968,2,2,6,1
2014440144592,2,2,0,9,0,8,0,0,0,0,4,1,6,1,18,4,49,1,3,2,1
2014440144680,1,5,0,14,0,1,0,0,0,0,1,1,2,1,27,6,599,1,11,-1,1
2014440144680,2,9,0,9,0,2,0,0,0,0,1,1,3,1,50,8,1560,2,5,-1,-1
2014440144685,1,9,0,1,0,6,0,0,0,0,2,1,6,2,64,9,848,1,29,6,3
2014440144705,1,9,0,3,0,1,0,0,0,0,2,1,2,1,54,8,1870,2,9,2,1
2014440144705,2,19,0,18,0,1,0,0,0,0,1,1,1,1,55,8,5900,2,13,3,1
2014440144766,1,9,0,9,0,6,0,0,0,0,1,1,6,3,-1,-1,-1,-1,-1,-1,-1
2014440144769,1,9,0,4,0,0,1,0,0,0,0,1,6,1,20,4,-1,-1,-1,9,1
2014440144771,1,3,0,16,0,0,1,0,0,0,1,1,2,2,18,4,125,1,3,9,2
2014440144771,2,9,0,2,0,0,0,0,0,0,2,1,6,3,-1,-1,1596,1,1,-1,-1
2014440144791,1,20,0,5,0,1,0,0,0,0,1,1,1,1,44,7,-1,-1,-1,6,1
2014440144791,2,9,0,3,0,1,0,0,0,0,2,1,6,1,45,7,1390,1,10,3,1
2014440144912,1,9,0,17,0,0,1,0,7,0,2,1,1,2,23,5,1248,1,5,3,1
2014440144912,2,9,0,16,0,0,0,0,1,0,1,1,6,2,69,10,1061,1,10,8,1
2014440145183,1,9,0,9,0,5,0,0,0,0,1,1,2,1,51,8,1598,1,11,2,1
2014440145183,2,1,0,18,0,1,0,0,0,0,3,1,6,1,37,7,-1,-1,-1,4,1
2014440145403,1,9,0,18,0,0,2,0,1,0,1,1,6,1,28,6,2993,2,3,4,1
2014440145636,1,19,0,17,0,0,0,0,0,0,1,1,1,1,48,8,-1,-1,-1,-1,-1
2014440145636,2,9,0,16,0,0,0,0,1,0,1,1,6,2,42,7,2967,2,3,9,3
2014440145701,1,5,0,18,0,1,0,0,0,0,1,1,6,1,27,6,649,1,3,8,1
2014440145701,2,9,0,9,0,6,0,0,0,0,3,1,1,1,36,7,2402,2,7,10,1
2014440145971,1,9,0,7,0,6,0,0,0,0,2,1,6,1,57,9,1794,1,11,2,1
2014440145971,2,9,0,18,0,1,0,0,0,0,1,1,6,1,52,8,1242,1,7,7,1
2014440146115,1,9,0,9,0,5,0,0,0,0,4,1,6,2,45,7,1596,1,11,1,1
2014440146115,2,97,0,18,0,1,0,0,0,0,1,1,6,1,19,4,599,1,12,7,1
2014440146299,1,9,0,9,0,6,0,0,0,0,1,1,6,2,21,5,1229,1,10,2,1
2014440146299,2,3,0,18,0,1,0,0,0,0,3,1,6,1,25,5,124,1,11,3,1
2014440146711,1,3,0,18,0,0,1,0,0,0,1,1,1,1,18,4,-1,-1,-1,10,1
2014440146780,1,9,0,18,0,8,0,0,0,0,1,1,6,2,80,11,1363,2,11,10,1
2014440146780,2,9,0,9,0,6,0,0,0,0,3,1,6,1,25,5,1596,1,2,5,1
2014440146806,1,3,0,18,0,1,0,0,0,0,1,1,6,1,32,6,125,1,4,2,1
2014440146806,2,9,0,9,0,6,0,0,0,0,3,1,6,1,69,10,1206,1,3,6,1
2014440146901,1,9,0,4,0,0,0,0,0,0,4,1,6,2,42,7,2500,2,22,-1,-1
2014440146901,2,1,0,4,0,0,0,0,0,0,3,1,6,1,41,7,-1,-1,-1,5,1
2014440147018,1,9,0,18,0,1,0,0,0,0,1,1,6,2,-1,-1,-1,-1,-1,-1,-1
2014440147018,2,1,0,18,0,2,0,0,0,0,4,1,6,1,16,4,-1,-1,-1,7,1
2014440147030,1,9,0,18,0,2,0,0,0,0,4,1,6,1,54,8,1998,2,4,9,2
2014440147245,1,9,0,18,0,0,1,0,0,0,1,1,6,1,62,9,4196,1,7,10,1
2014440147245,2,9,0,18,0,0,0,0,5,6,2,1,1,1,74,10,1991,2,6,3,1
2014440147267,1,9,0,5,0,0,0,0,0,0,4,1,6,2,31,6,1587,1,12,8,1
2014440147281,1,9,0,18,0,0,2,0,1,4,4,1,6,1,60,9,-1,-1,-1,-1,1
2014440147325,1,9,0,5,0,1,0,0,0,0,1,1,6,2,-1,-1,1596,1,9,6,1
2014440147325,2,9,0,18,0,1,0,0,0,0,1,1,6,1,29,6,1197,1,-1,5,1
2014440147367,1,9,0,1,0,2,0,0,0,0,3,1,6,3,-1,-1,1560,2,5,-1,-1
2014440147369,1,9,0,18,0,0,1,0,1,10,4,1,6,1,24,5,1596,1,9,-1,1
2014440147528,1,9,0,16,0,0,1,0,7,4,1,1,2,1,19,4,1461,2,4,9,2
2014440147662,1,9,0,18,0,0,0,0,7,9,1,1,6,2,51,8,1248,1,4,10,3
2014440147911,1,9,0,17,0,0,2,0,7,10,1,1,2,2,25,5,1396,1,15,7,1
2014440147948,1,9,0,18,0,0,0,0,0,0,1,1,6,1,75,10,1124,1,23,10,2
2014440147948,2,9,0,18,0,0,0,0,0,0,1,1,6,1,56,9,599,1,11,6,3
2014440148064,1,5,0,18,0,8,0,0,0,0,3,1,6,1,57,9,599,1,18,-1,-1
2014440148064,2,19,0,7,0,8,0,0,0,0,1,1,1,1,-1,-1,2402,2,11,-1,-1
2014440148158,1,9,0,5,0,8,0,0,0,0,1,1,6,2,24,5,1896,2,10,6,1
2014440148158,2,1,0,18,0,8,1,0,1,0,3,1,6,1,70,10,-1,-1,-1,4,1
2014440148265,1,9,0,4,0,0,0,0,0,0,1,1,6,3,-1,-1,-1,-1,-1,-1,-1
2014440148265,2,9,0,3,0,0,0,0,0,0,2,1,6,2,48,8,1598,2,-1,9,2
2014440148315,1,19,0,8,0,1,0,0,0,0,2,1,1,1,42,7,1248,2,1,9,1
2014440148315,2,19,0,18,0,1,0,0,0,0,1,1,6,2,41,7,-1,-1,-1,9,1
2014440148328,1,9,0,9,0,6,0,0,0,0,0,1,6,1,20,4,1895,1,13,10,2
2014440148328,2,97,0,18,0,1,1,0,0,0,0,1,6,2,38,7,-1,-1,-1,7,3
2014440148560,1,9,0,17,0,0,2,0,7,11,1,1,2,1,28,6,1900,2,15,3,1
2014440148633,1,9,0,18,0,0,2,0,1,4,3,1,2,1,41,7,1995,2,7,8,1
2014440148924,1,9,0,16,0,0,0,0,0,0,1,1,6,1,18,4,1242,1,14,8,3
2014440148924,2,9,0,17,0,0,0,0,0,0,1,1,6,2,20,4,1242,1,14,8,3
2014440149092,1,9,0,18,0,0,0,0,0,0,4,1,6,3,-1,-1,-1,-1,-1,-1,-1
2014440149123,1,19,0,18,0,1,0,0,0,0,1,1,1,1,32,6,1560,2,6,7,1
2014440149123,2,9,0,3,0,1,0,0,0,0,2,1,1,3,-1,-1,1686,2,1,-1,-1
2014440149377,1,9,0,4,0,0,0,0,0,0,2,1,6,2,74,10,1968,2,3,3,1
2014440149377,2,9,0,4,0,0,0,0,0,0,2,1,6,1,24,5,999,1,8,10,1
2014440149377,3,9,0,18,0,0,0,0,0,0,1,1,6,2,31,6,1998,1,7,3,1
2014440149415,1,9,0,18,0,1,1,0,0,0,4,1,6,2,40,7,1968,2,6,7,1
2014440149415,2,9,0,5,0,6,0,0,0,0,1,1,6,2,39,7,1948,1,11,10,1
2014440149471,1,1,0,13,0,1,0,0,0,0,4,1,3,1,16,4,-1,-1,-1,1,1
2014440149471,2,19,0,5,0,1,0,0,0,0,3,1,1,3,-1,-1,-1,-1,-1,-1,-1
2014440149556,1,9,0,18,0,0,0,0,0,0,3,1,6,2,71,10,1399,1,3,10,3
2014440149556,2,9,0,18,0,0,0,0,0,0,3,1,6,1,90,11,1598,1,4,4,1
2014440149681,1,8,0,1,0,0,0,0,0,0,2,1,6,1,35,6,-1,-1,-1,2,1
2014440149681,2,1,0,18,0,0,0,0,0,0,1,1,6,1,39,7,-1,-1,-1,-1,1
2014440149692,1,9,0,18,0,0,0,0,0,0,1,1,6,1,46,8,1598,1,2,7,1
2014440149772,1,9,0,18,0,0,0,0,0,0,2,1,2,2,27,6,1999,1,7,4,1
2014440149772,2,9,0,18,0,0,0,0,0,0,1,1,2,2,32,6,1242,1,15,3,1
2014440149772,3,9,0,18,0,0,0,0,0,0,2,1,2,1,43,7,1781,1,14,6,1
2014440149772,4,9,0,18,0,0,0,0,0,0,1,1,2,1,55,8,1396,1,9,-1,-1
2014440149772,5,9,0,18,0,0,0,0,0,0,3,1,2,1,28,6,1686,2,14,8,1
2014440149772,6,21,0,18,0,0,0,0,0,0,1,1,1,1,38,7,-1,-1,-1,-1,-1
2014440149858,1,9,0,18,0,0,0,0,0,0,2,1,6,1,67,10,2685,2,10,9,3
2014440149858,2,9,0,18,0,0,0,0,0,0,1,1,6,1,39,7,1956,2,2,2,1
2014440149895,1,17,4,1,0,0,0,0,0,0,2,1,1,3,-1,-1,-1,-1,-1,-1,-1
2014440149895,2,19,0,3,0,0,0,0,0,0,2,1,1,2,50,8,1248,2,4,7,3
2014440149900,1,1,0,18,0,0,0,0,0,0,1,1,6,1,27,6,-1,-1,-1,5,1
2014440149900,2,9,0,18,0,0,0,0,0,0,3,1,2,2,27,6,2393,1,10,9,1
2014440149999,1,9,0,18,0,0,0,0,0,0,1,1,6,1,22,5,1390,1,17,6,1
2014440149999,2,9,0,18,0,0,0,0,4,6,2,1,6,1,63,9,1248,2,7,8,1
2014440149999,3,9,0,18,0,0,0,0,0,0,2,1,2,1,60,9,1995,2,2,6,1
2014440149999,4,9,0,18,0,0,0,0,0,0,2,1,6,1,40,7,1242,1,5,10,1
2014440150429,1,9,0,18,0,8,0,0,3,0,1,1,2,2,29,6,1896,2,8,4,1
2014440150429,2,9,0,18,0,8,0,0,7,1,1,1,2,2,28,6,1349,1,10,4,1
2014440150941,1,9,0,18,0,8,0,0,0,0,4,1,6,2,43,7,1348,1,7,9,1
2014440151037,1,9,0,10,0,1,0,0,0,0,2,1,6,3,-1,-1,1769,2,23,-1,-1
2014440151037,2,20,0,18,0,1,0,0,0,0,1,1,1,1,63,9,5880,2,9,7,1
2014440151099,1,1,0,18,0,0,0,0,0,0,1,1,6,1,44,7,-1,-1,-1,10,1
2014440151099,2,1,0,18,0,0,0,0,0,0,3,1,6,2,15,3,-1,-1,-1,9,1
2014440151106,1,9,0,18,0,8,5,0,0,0,4,1,6,2,18,4,1360,1,3,9,1
2014440151106,2,19,0,2,0,8,0,0,0,0,4,1,6,1,63,9,1248,2,9,8,1
2014440151396,1,9,0,18,0,0,0,0,0,0,4,1,6,3,-1,-1,-1,-1,-1,-1,-1
2014440151417,1,9,0,17,0,0,2,0,1,10,1,1,2,1,20,4,-1,-1,-1,6,3
2014440151417,2,9,0,16,0,0,0,0,0,0,0,1,2,2,53,8,1398,2,4,6,1
2014440151556,1,9,0,18,0,8,1,0,0,0,1,1,6,2,26,6,1587,1,14,6,1
2014440151556,2,9,0,9,0,8,0,0,0,0,2,1,6,2,32,6,2179,2,6,2,1
2014440151577,1,90,0,18,0,8,0,0,0,0,0,1,1,2,35,6,2686,2,9,3,1
2014440151577,2,8,0,4,0,8,0,0,0,0,2,1,6,1,55,8,1896,2,10,2,1
2014440151577,3,21,0,4,0,8,0,0,0,0,1,1,1,1,33,6,11705,2,8,-1,1
2014440151640,1,3,0,18,0,8,0,0,0,0,0,1,6,1,19,4,124,1,2,4,2
2014440151882,1,19,0,1,0,1,0,0,0,0,2,1,1,1,61,9,1298,1,10,9,1
2014440151882,2,9,0,18,0,2,0,0,0,0,1,1,6,3,-1,-1,1895,1,15,-1,-1
2014440151905,1,9,0,18,0,8,0,0,0,0,1,1,6,3,-1,-1,-1,-1,-1,-1,-1
2014440151905,2,1,0,17,0,8,0,0,0,0,2,1,6,1,66,10,-1,-1,-1,8,3
2014440151942,1,9,0,5,0,8,0,0,0,0,3,1,6,1,85,11,1248,1,3,9,1
2014440151942,2,3,0,18,0,8,1,0,0,0,1,1,6,1,18,4,124,1,5,7,1
2014440152175,1,9,0,18,0,0,0,0,0,0,2,1,6,2,32,6,1388,1,7,2,1
2014440152175,2,2,0,18,0,0,1,0,0,0,1,1,6,2,27,6,49,1,12,6,1
2014440152363,1,9,0,4,0,8,0,0,0,0,2,1,3,1,40,7,2597,1,11,5,1
2014440152363,2,9,0,4,0,8,0,0,0,0,1,1,2,1,22,5,2099,1,11,9,1
2014440152445,1,9,0,7,0,0,0,0,0,0,4,1,6,1,32,6,1399,1,11,4,1
2014440152445,2,1,0,18,0,0,0,0,0,0,1,1,6,1,47,8,-1,-1,-1,5,1
2014440152522,1,19,0,3,0,0,0,0,0,0,2,1,2,1,47,8,2800,2,13,10,1
2014440152522,2,8,0,3,0,0,0,0,0,0,2,1,2,1,56,9,1598,2,1,3,1
2014440152522,3,9,0,4,0,0,0,0,0,0,1,1,2,2,35,6,1798,1,3,8,1
2014440152707,1,9,0,9,0,8,0,0,0,0,4,1,6,2,22,5,1597,1,16,7,1
2014440152707,2,9,0,18,0,8,0,0,0,0,1,1,6,1,63,9,1991,2,9,4,1
2014440152987,1,9,0,7,0,8,0,0,0,0,4,1,6,2,38,7,1299,1,17,2,1
2014440152987,2,1,0,18,0,8,0,0,0,0,1,1,6,1,48,8,-1,-1,-1,1,1
2014440153011,1,97,0,18,0,0,0,0,0,0,1,1,1,1,49,8,398,1,12,4,1
2014440153328,1,9,0,18,0,0,0,0,0,0,1,1,6,2,60,9,1968,2,1,9,1
2014440153328,2,9,0,4,0,0,0,0,0,0,1,1,6,2,-1,-1,1598,2,3,-1,-1
2014440153374,1,10,0,4,0,1,0,0,0,0,0,1,6,2,66,10,-1,-1,-1,10,1
2014440153483,1,19,0,18,0,0,0,0,0,0,1,1,1,2,60,9,-1,-1,-1,8,3
2014440153483,2,9,0,3,0,0,0,0,0,0,2,1,6,1,60,9,1991,2,7,8,3
2014440153483,3,11,0,3,0,0,0,0,0,0,2,1,1,1,30,6,7300,2,12,2,1
2014440153580,1,9,0,18,0,0,0,0,0,0,1,1,1,1,45,7,-1,-1,-1,3,1
2014440153580,2,19,0,4,0,0,0,0,0,0,2,1,6,2,44,7,-1,-1,-1,8,3
2014440153607,1,9,0,18,0,8,0,0,0,0,3,1,6,2,36,7,1997,2,11,8,1
2014440153607,2,19,0,9,0,8,0,0,0,0,1,1,2,3,-1,-1,-1,-1,-1,-1,-1
2014440153621,1,9,0,18,0,0,0,0,0,0,2,1,6,1,22,5,1995,2,-1,-1,1
2014440153621,2,9,0,18,0,0,0,0,0,0,1,1,6,2,17,4,1598,1,-1,4,1
2014440153643,1,9,0,11,0,1,0,0,0,0,2,1,2,1,21,5,1896,2,18,3,1
2014440153643,2,3,0,18,0,1,0,0,0,0,1,1,6,1,22,5,124,1,12,9,2
2014440153653,1,9,0,10,0,8,0,0,0,0,2,1,6,1,18,4,1242,1,7,8,3
2014440153653,2,9,0,18,0,8,0,0,0,0,1,1,6,1,80,11,1242,1,12,9,3
2014440153850,1,9,0,18,0,2,0,0,0,0,1,1,6,2,68,10,-1,-1,-1,3,1
2014440154021,1,9,0,18,0,0,0,0,0,0,1,1,6,1,23,5,1998,1,13,10,1
2014440154021,2,9,0,14,0,0,0,0,0,0,1,1,6,2,41,7,1360,1,14,5,1
2014440154495,1,9,0,9,0,8,1,0,0,0,1,1,6,1,19,4,1248,2,-1,7,3
2014440154495,2,19,0,18,0,1,0,0,0,0,3,1,6,2,28,6,-1,-1,-1,-1,-1
2014440154636,1,9,0,5,0,1,0,0,0,0,3,1,6,1,62,9,1995,1,12,7,2
2014440154636,2,1,0,18,0,8,0,0,0,0,1,1,6,2,43,7,-1,-1,-1,6,1
2014440154659,1,9,0,9,0,8,0,0,0,0,4,1,6,2,78,11,999,1,12,-1,-1
2014440154659,2,5,0,18,0,8,0,0,0,0,1,1,6,2,32,6,649,1,12,-1,1
2014440154671,1,2,0,18,0,8,0,0,0,0,1,1,2,2,17,4,49,1,4,2,1
2014440154671,2,9,0,3,0,8,0,0,0,0,2,1,6,1,84,11,1598,1,8,10,1
2014440154711,1,9,0,9,0,8,0,0,0,0,1,1,6,1,55,8,1560,2,2,6,1
2014440154711,2,1,0,18,0,8,0,0,0,0,4,1,6,1,23,5,-1,-1,-1,4,1
2014440154713,1,9,0,9,0,8,0,0,0,0,3,1,6,1,71,10,989,1,11,-1,-1
2014440154713,2,1,0,18,0,8,0,0,0,0,1,1,6,2,40,7,-1,-1,-1,1,1
2014440154716,1,9,0,1,0,8,0,0,0,0,2,1,6,1,-1,-1,2000,1,7,-1,-1
2014440154720,1,9,0,18,0,8,0,0,2,11,3,1,6,2,58,9,1586,1,8,6,3
2014440154720,2,9,0,18,0,8,0,0,0,0,1,1,6,2,34,6,973,1,13,-1,-1
2014440154745,1,9,0,10,0,8,0,0,0,0,2,1,6,1,-1,-1,1598,1,4,8,1
2014440154745,2,9,0,3,0,8,0,0,0,0,2,1,6,2,-1,-1,1150,1,8,10,1
2014440154745,3,9,0,18,0,8,0,0,0,0,1,1,6,1,20,4,1368,1,7,10,1
2014440154782,1,9,0,18,0,2,0,11,0,0,1,1,1,1,48,8,1248,1,5,2,1
2014440154858,1,9,0,10,0,1,0,0,0,0,2,1,6,2,55,8,2746,1,27,4,1
2014440154858,2,9,0,10,0,1,0,0,0,0,2,1,6,2,43,7,1061,1,9,3,1
2014440154858,3,9,0,4,0,1,0,0,0,0,1,1,6,1,59,9,1332,1,2,3,1
2014440154894,1,9,0,1,0,8,0,0,0,0,2,1,6,1,-1,-1,1968,2,5,-1,-1
2014440155160,1,5,0,18,0,8,0,0,0,0,1,1,2,1,56,9,883,1,6,4,1
2014440155160,2,9,0,6,0,8,0,0,0,0,3,1,2,1,31,6,1242,1,14,4,1
2014440155317,1,9,0,18,0,8,0,0,0,0,2,1,6,2,45,7,1598,1,10,7,1
2014440155317,2,9,0,7,0,8,0,0,0,0,1,1,6,1,-1,-1,2198,1,14,-1,-1
2014440155366,1,9,0,1,0,8,0,0,0,0,4,1,6,2,27,6,1796,1,14,2,1
2014440155757,1,9,0,9,0,8,0,0,0,0,1,1,6,1,25,5,1360,1,14,-1,-1
2014440155757,2,9,0,7,0,8,0,0,0,0,1,1,1,1,38,7,1968,2,3,7,1
2014440155969,1,9,0,16,0,0,0,0,0,0,1,1,6,2,49,8,2720,2,6,10,1
2014440155969,2,9,0,17,0,0,0,0,0,0,1,1,6,1,21,5,1299,1,15,9,3
2014440156061,1,9,0,13,0,0,0,0,5,6,1,1,6,1,29,6,1999,1,6,5,1
2014440156061,2,9,0,18,0,0,0,0,1,9,2,1,6,2,59,9,1560,2,7,9,1
2014440156154,1,9,0,18,0,8,0,0,0,0,4,1,6,1,-1,-1,2697,1,11,-1,-1
2014440156183,1,9,0,8,0,1,0,0,0,0,2,1,6,1,59,9,1995,2,3,9,3
2014440156183,2,9,0,18,0,1,0,0,0,0,1,1,6,1,29,6,1329,1,-1,3,1
2014440156238,1,9,0,9,0,8,0,0,0,0,3,1,6,2,38,7,1968,2,10,-1,-1
2014440156238,2,1,0,13,0,8,0,0,0,0,4,1,6,1,50,8,-1,-1,-1,7,3
2014440156289,1,9,0,9,0,8,0,0,0,0,4,1,6,1,53,8,2967,2,1,10,1
2014440156289,2,3,0,18,0,8,0,0,0,0,1,1,2,2,42,7,108,1,2,2,1
2014440156388,1,9,0,18,0,0,0,0,0,0,2,1,6,1,48,8,1900,2,15,7,3
2014440156388,2,1,0,18,0,0,0,0,0,0,1,1,6,1,56,9,-1,-1,-1,7,3
2014440156427,1,5,0,13,0,8,1,0,0,0,1,1,6,1,49,8,1100,1,14,3,1
2014440156427,2,9,0,9,0,8,0,0,0,0,3,1,6,2,38,7,1896,2,12,6,2
2014440156440,1,9,0,9,0,8,0,0,0,0,4,1,6,1,25,5,1850,1,13,4,1
2014440156440,2,5,0,18,0,8,1,0,0,0,1,1,6,1,41,7,1170,1,7,4,1
2014440156865,1,9,0,17,0,0,2,0,1,4,3,1,6,1,39,7,2979,1,4,7,3
2014440156969,1,9,0,18,0,0,2,0,1,10,1,1,1,2,48,8,1299,1,12,2,1
2014440157052,1,9,0,2,0,1,0,0,0,0,3,1,6,1,43,7,1398,2,11,5,1
2014440157052,2,1,0,14,0,1,0,0,0,0,1,1,6,1,62,9,-1,-1,-1,-1,-1
2014440157096,1,9,0,18,0,0,0,0,0,0,4,1,6,1,59,9,2199,2,1,9,1
2014440157096,2,1,0,18,0,0,0,0,0,0,1,1,6,1,22,5,-1,-1,-1,7,1
2014440157104,1,9,0,4,0,1,0,0,0,0,2,1,1,1,61,9,1968,2,3,9,1
2014440157104,2,9,0,18,0,1,0,0,0,0,1,1,6,2,66,10,-1,-1,-1,4,1
2014440157190,1,9,0,4,0,1,0,0,0,0,2,1,6,2,64,9,1984,2,1,7,1
2014440157190,2,9,0,4,0,1,0,0,0,0,2,1,6,2,25,5,1299,1,11,5,1
2014440157190,3,9,0,18,0,1,0,0,0,0,1,1,6,1,31,6,1389,1,13,3,1
2014440157491,1,9,0,18,0,0,0,0,0,0,1,1,6,1,38,7,1896,2,13,2,1
2014440157541,1,5,0,18,0,1,0,10,0,0,1,1,6,1,56,9,1100,1,16,10,3
2014440157746,1,9,0,8,0,1,0,0,0,0,2,1,6,1,44,7,1998,1,14,10,1
2014440157746,2,19,0,18,0,1,0,0,0,0,1,1,6,3,-1,-1,2299,2,1,-1,-1
2014440157962,1,9,0,7,0,6,0,0,0,0,1,1,3,1,30,6,1248,2,10,1,1
2014440157962,2,1,0,18,0,1,0,0,0,0,4,1,6,2,24,5,-1,-1,-1,9,1
2014440157978,1,9,0,18,0,0,0,0,0,0,1,1,6,2,31,6,1248,1,4,4,1
2014440157978,2,9,0,3,0,0,0,0,0,0,2,1,6,2,28,6,1796,1,12,5,1
2014440158056,1,9,0,1,0,8,0,0,0,0,2,1,6,3,-1,-1,-1,-1,-1,-1,-1
2014440158130,1,19,0,9,0,6,0,0,0,0,3,1,6,1,27,6,1753,2,10,8,1
2014440158130,2,9,0,18,0,1,0,0,0,0,1,1,6,1,58,9,2204,2,6,8,3
2014440158241,1,9,0,18,0,0,5,0,1,0,1,1,2,2,27,6,1242,1,7,5,1
2014440158284,1,3,0,18,0,8,0,0,0,0,1,1,2,1,49,8,125,1,2,10,1
2014440158284,2,9,0,9,0,8,0,0,0,0,1,1,2,1,31,6,1995,2,1,10,1
2014440158286,1,5,0,4,0,1,0,0,0,0,2,1,6,1,23,5,675,1,-1,-1,-1
2014440158286,2,9,0,18,0,1,0,0,0,0,1,1,6,2,-1,-1,-1,-1,-1,-1,-1
2014440158474,1,20,0,9,0,8,0,0,0,0,4,1,1,1,51,8,-1,-1,-1,10,1
2014440158474,2,3,0,18,0,8,1,0,0,0,1,1,6,2,47,8,114,1,1,8,1
2014440158481,1,9,0,5,0,8,0,0,0,0,1,1,6,2,38,7,-1,-1,-1,-1,1
2014440158481,2,1,0,18,0,8,0,0,0,0,1,1,6,1,34,6,-1,-1,-1,8,1
2014440158507,1,9,0,5,0,0,0,0,0,0,1,1,6,2,21,5,1299,1,11,6,1
2014440158507,2,9,0,3,0,0,0,0,0,0,2,1,6,1,-1,-1,1299,1,12,6,1
2014440158633,1,9,0,9,0,8,0,0,0,0,1,1,2,2,25,5,1299,1,11,3,1
2014440158633,2,3,0,18,0,8,0,0,0,0,3,1,6,2,43,7,125,1,-1,10,1
2014440158669,1,9,0,18,0,0,1,0,1,4,1,1,6,2,19,4,1299,1,11,4,1
2014440158715,1,9,0,18,0,8,0,0,0,0,1,1,6,3,-1,-1,-1,-1,-1,-1,-1
2014440158715,2,3,0,18,0,8,0,0,0,0,3,1,6,2,38,7,125,1,1,4,1
2014440158719,1,9,0,18,0,0,0,0,0,0,1,1,6,1,-1,-1,-1,-1,-1,-1,-1
2014440158849,1,2,0,15,0,0,0,0,0,0,3,1,6,1,20,4,49,1,11,2,1
2014440158849,2,5,0,4,0,0,0,0,0,0,4,1,6,1,51,8,899,1,20,5,1
2014440158919,1,1,0,18,0,0,1,0,0,0,3,1,6,1,13,3,-1,-1,-1,1,1
2014440158919,2,1,0,18,0,0,1,0,0,0,4,1,6,1,14,3,-1,-1,-1,1,1
2014440158919,3,9,0,13,0,0,0,0,0,0,0,1,6,3,-1,-1,-1,-1,-1,-1,-1
2014440159123,1,3,0,18,0,0,1,0,0,0,4,1,2,2,21,5,125,1,1,7,1
2014440159135,1,9,0,9,0,8,0,0,0,0,3,1,1,1,52,8,1399,2,6,4,1
2014440159135,2,3,0,13,0,8,0,0,0,0,1,1,1,1,27,6,124,1,19,1,1
2014440159225,1,9,0,4,0,1,0,0,0,0,4,1,1,2,28,6,1998,2,6,3,1
2014440159225,2,1,0,18,0,1,0,0,0,0,1,1,6,1,14,3,-1,-1,-1,1,1
2014440159774,1,9,0,9,0,8,0,0,0,0,1,1,6,2,37,7,1299,1,17,4,1
2014440159774,2,9,0,17,0,8,0,0,0,0,1,1,6,2,44,7,1248,1,3,4,1
2014440159822,1,9,0,18,0,1,0,0,0,0,1,1,6,2,42,7,2993,2,2,9,3
2014440159822,2,9,0,3,0,1,0,0,0,0,2,1,6,1,28,6,1995,2,1,10,1
2014440160072,1,9,0,4,0,8,0,0,0,0,2,1,2,2,24,5,1242,1,13,3,1
2014440160072,2,9,0,4,0,8,1,6,0,0,1,1,6,1,-1,-1,1598,1,10,9,1
2014440160072,3,9,0,3,0,8,0,0,0,0,3,1,6,2,66,10,1395,1,1,4,1
2014440160102,1,9,0,9,0,8,0,0,0,0,1,1,6,1,63,9,1598,2,2,-1,1
2014440160102,2,1,0,18,0,8,0,0,0,0,1,1,6,1,43,7,-1,-1,-1,7,1
2014440160195,1,19,4,18,0,0,4,0,4,0,4,1,1,1,55,8,2477,2,-1,10,1
2014440160556,1,2,0,5,0,0,0,0,0,0,1,1,4,1,17,4,49,1,3,4,1
2014440160556,2,9,0,4,0,0,0,0,0,0,3,1,1,2,53,8,1242,1,13,7,1
2014440160655,1,3,0,4,0,0,1,0,0,0,0,1,2,2,35,6,124,1,5,5,1
2014440160864,1,9,0,4,0,1,0,0,3,11,1,1,6,2,63,9,1598,1,4,2,1