Accident_Index,Vehicle_Reference,Vehicle_Type,Towing_and_Articulation,Vehicle_Manoeuvre,Vehicle_Location-Restricted_Lane,Junction_Location,Skidding_and_Overturning,Hit_Object_in_Carriageway,Vehicle_Leaving_Carriageway,Hit_Object_off_Carriageway,1st_Point_of_Impact,Was_Vehicle_Left_Hand_Drive?,Journey_Purpose_of_Driver,Sex_of_Driver,Age_of_Driver,Age_Band_of_Driver,Engine_Capacity_(CC),Propulsion_Code,Age_of_Vehicle,Driver_IMD_Decile,Driver_Home_Area_Type
2014440161043,1,19,0,3,0,0,0,0,0,0,2,1,1,1,60,9,2402,2,12,7,2
2014440161043,2,9,0,3,0,0,0,0,0,0,2,1,6,2,83,11,1197,1,3,5,2
2014440161043,3,9,0,16,0,0,0,0,0,0,1,1,2,1,59,9,-1,-1,-1,5,3
2014440161070,1,9,0,18,0,8,0,0,0,0,1,1,6,1,25,5,1998,1,15,7,2
2014440161070,2,9,0,9,0,8,0,0,0,0,1,1,6,1,84,11,1560,2,2,10,2
2014440161175,1,9,0,14,0,0,0,0,0,0,4,1,6,1,46,8,1242,1,15,2,2
2014440161215,1,21,0,18,0,8,1,0,0,0,1,1,1,1,48,8,9364,2,10,4,1
2014440161215,2,9,0,3,0,8,0,0,0,0,2,1,6,2,66,10,1396,2,-1,4,1
2014440161215,3,9,0,3,0,8,0,0,0,0,2,1,6,1,-1,-1,1998,1,11,-1,-1
2014440161233,1,9,0,18,0,8,0,0,0,0,1,1,1,1,57,9,1905,2,17,6,1
2014440161440,1,9,0,8,0,8,0,0,0,0,1,1,3,1,39,7,1850,1,13,5,1
2014440161440,2,2,0,18,0,8,0,0,0,0,1,1,1,1,25,5,-1,-1,-1,4,1
2014440161477,1,19,0,9,0,8,0,0,0,0,3,1,1,1,47,8,2198,2,7,-1,-1
2014440161477,2,5,0,18,0,8,1,0,0,0,1,1,2,1,21,5,645,1,7,10,1
2014440161740,1,9,0,18,0,0,5,0,1,7,4,1,6,2,51,8,1086,1,9,7,1
2014440161955,1,9,0,7,9,2,0,0,0,0,3,1,2,1,60,9,1390,1,14,2,1
2014440161987,1,19,0,13,0,0,0,0,0,0,4,1,6,3,-1,-1,-1,-1,-1,-1,-1
2014440161987,2,1,0,18,0,0,0,0,0,0,3,1,2,1,38,7,-1,-1,-1,8,1
2014440162143,1,5,0,5,0,8,0,0,0,0,4,1,6,1,78,11,499,1,1,8,1
2014440162143,2,9,0,9,0,8,0,0,0,0,1,1,6,1,61,9,1398,2,1,8,1
2014440162287,1,11,0,18,0,2,0,0,0,0,4,1,1,1,49,8,7300,2,2,4,1
2014440162287,2,1,0,18,0,2,0,0,0,0,3,1,6,1,52,8,-1,-1,-1,2,1
2014440162395,1,19,0,18,0,0,0,0,0,0,0,1,1,1,35,6,2402,2,12,9,1
2014440162395,2,9,0,18,0,0,2,0,1,4,1,1,6,1,64,9,1199,1,14,6,1
2014440162483,1,9,0,18,0,0,0,4,1,1,1,1,6,2,58,9,1388,1,9,1,1
2014440162483,2,9,0,2,0,0,0,0,0,0,4,1,6,3,-1,-1,1493,2,9,-1,-1
2014440162484,1,19,0,7,0,8,0,0,0,0,4,1,1,1,37,7,2143,2,2,4,1
2014440162490,1,9,0,7,0,8,0,0,0,0,2,1,6,2,44,7,1598,1,13,4,1
2014440162490,2,3,0,18,0,8,0,0,0,0,1,1,6,1,41,7,125,1,2,7,1
2014440162625,1,9,0,14,0,0,0,0,0,0,1,1,6,1,33,6,1598,1,2,3,1
2014440162625,2,1,0,18,0,0,0,0,0,0,0,1,6,2,39,7,-1,-1,-1,3,1
2014440162827,1,9,0,18,0,8,0,0,1,4,4,1,6,2,29,6,1896,2,7,7,2
2014440162827,2,9,0,18,0,8,0,0,0,0,1,1,6,1,57,9,2401,2,6,4,3
2014440162916,1,9,0,18,0,0,1,0,0,0,1,1,2,2,50,8,1242,1,11,10,1
2014440162929,1,5,0,18,0,0,1,0,0,0,0,1,6,1,23,5,599,1,11,5,3
2014440162960,1,5,0,18,0,8,1,0,0,0,1,1,6,1,28,6,498,1,15,1,1
2014440162960,2,9,0,10,0,8,0,0,0,0,2,1,6,2,-1,-1,998,1,1,-1,2
2014440163463,1,9,0,17,0,0,2,0,7,4,1,1,1,2,19,4,1198,1,10,9,3
2014440163595,1,90,0,18,0,8,0,0,0,0,0,1,1,1,26,6,2686,2,9,10,1
2014440163595,2,9,0,18,0,8,0,0,0,0,2,1,6,3,-1,-1,1560,2,1,-1,-1
2014440163595,3,9,0,18,0,8,0,0,0,0,1,1,6,2,52,8,1598,2,3,2,1
2014440163629,1,9,0,5,0,8,0,0,0,0,3,1,6,1,74,10,2494,1,11,8,1
2014440163629,2,3,0,18,0,8,0,0,0,0,1,1,6,1,20,4,125,1,-1,3,1
2014440163733,1,9,0,18,0,8,0,0,0,0,1,1,6,2,35,6,1124,1,13,7,1
2014440163733,2,9,0,9,0,8,0,0,0,0,1,1,6,2,45,7,2830,2,17,7,1
2014440163750,1,19,0,18,0,8,0,0,1,2,1,1,2,1,31,6,1997,2,6,1,1
2014440163760,1,5,0,5,0,1,0,0,0,0,3,1,6,1,46,8,1130,1,12,10,1
2014440163760,2,9,0,5,0,1,0,0,0,0,4,1,6,1,54,8,1560,2,5,10,1
2014440163782,1,9,0,18,0,8,0,0,0,0,1,1,6,1,25,5,1753,2,12,2,1
2014440163782,2,9,0,9,0,8,0,0,0,0,4,1,3,1,47,8,1995,2,5,8,2
2014440163804,1,9,0,18,0,0,1,0,2,4,4,1,6,1,26,6,3496,1,19,3,1
2014440163910,1,9,0,9,0,8,0,0,0,0,3,1,6,2,24,5,1390,1,11,7,1
2014440163910,2,9,0,13,0,8,0,0,0,0,1,1,6,1,-1,-1,1390,1,11,7,1
2014440163995,1,9,0,2,0,2,0,0,0,0,1,1,2,3,-1,-1,1686,2,3,-1,-1
2014440163995,2,9,0,18,0,1,0,0,0,0,1,1,2,2,19,4,1149,1,13,3,1
2014440164003,1,9,0,18,0,0,0,0,0,0,1,1,6,1,22,5,1149,1,6,8,3
2014440164003,2,9,0,18,0,0,0,0,0,0,1,1,6,1,58,9,1149,1,7,10,1
2014440164256,1,9,0,17,0,0,1,0,7,4,1,1,2,1,36,7,-1,-1,-1,9,1
2014440164758,1,9,0,18,0,1,0,0,0,0,1,1,6,1,67,10,1598,2,-1,5,1
2014440164758,2,9,0,18,0,1,1,0,0,0,2,1,6,1,19,4,1124,1,12,5,1
2014440164904,1,9,0,18,0,0,0,0,0,0,1,1,6,2,22,5,1390,1,16,5,1
2014440164916,1,9,0,4,0,2,0,0,0,0,2,1,1,1,45,7,1968,2,7,-1,1
2014440164916,2,9,0,18,0,2,0,0,0,0,1,1,6,1,29,6,1994,1,18,5,1
2014440164945,1,9,0,9,0,5,0,0,0,0,1,1,6,1,34,6,2199,2,2,3,1
2014440164945,2,1,0,13,0,1,0,0,0,0,4,1,6,1,29,6,-1,-1,-1,3,1
2014440164954,1,8,0,4,0,0,0,0,0,0,4,1,1,1,46,8,1997,2,3,6,1
2014440164954,2,1,0,18,0,0,0,0,0,0,3,1,6,1,55,8,-1,-1,-1,8,1
2014440164984,1,9,0,9,0,8,0,0,0,0,4,1,6,1,18,4,1124,1,14,6,3
2014440164984,2,9,0,7,0,8,1,0,0,0,1,1,6,1,28,6,1798,1,12,4,1
2014440164984,3,9,0,2,0,2,0,0,0,0,3,1,6,3,-1,-1,1362,1,2,-1,-1
2014440164984,4,9,0,2,0,2,0,0,0,0,3,1,6,3,-1,-1,1248,2,7,-1,-1
2014440165051,1,9,0,9,0,8,0,0,0,0,1,1,6,1,24,5,1598,1,13,7,1
2014440165051,2,9,0,18,0,8,0,0,0,0,1,1,1,1,34,6,1910,2,6,3,1
2014440165077,1,5,0,18,0,0,1,0,1,0,1,1,6,1,21,5,645,1,12,3,1
2014440165356,1,9,0,9,0,8,0,0,0,0,2,1,6,3,-1,-1,1753,2,11,-1,-1
2014440165356,2,5,0,18,0,8,0,0,0,0,1,1,2,1,53,8,750,1,1,2,1
2014440165452,1,9,0,18,0,0,0,0,0,0,1,1,2,1,27,6,1995,2,9,10,3
2014440165452,2,9,0,18,0,0,2,0,5,6,2,1,1,1,53,8,1896,2,6,5,1
2014440165477,1,9,0,18,0,4,0,0,0,0,1,1,1,1,39,7,1229,1,7,9,1
2014440165477,2,1,0,18,0,8,0,0,0,0,4,1,2,1,39,7,-1,-1,-1,9,1
2014440165494,1,9,0,18,0,0,0,0,0,0,1,1,6,1,43,7,1388,1,10,6,1
2014440165494,2,17,0,18,0,0,0,0,0,0,2,1,1,1,35,6,-1,2,8,4,1
2014440165505,1,9,0,9,0,6,0,0,0,0,3,1,6,2,22,5,1390,1,9,1,1
2014440165505,2,1,0,18,0,1,0,0,0,0,1,1,2,2,61,9,-1,-1,-1,8,1
2014440165540,1,5,0,4,0,0,1,0,0,0,1,1,2,1,46,8,1137,1,9,6,1
2014440165540,2,9,0,18,0,0,0,0,0,0,3,1,6,1,60,9,1597,1,16,2,1
2014440165591,1,9,0,14,0,1,0,0,0,0,3,1,6,1,46,8,1206,1,3,6,1
2014440165591,2,1,0,14,0,1,0,0,0,0,1,1,6,2,28,6,-1,-1,-1,5,1
2014440165595,1,3,0,9,0,6,0,0,0,0,2,1,1,1,54,8,125,1,9,1,1
2014440165595,2,9,0,5,0,8,0,0,0,0,1,1,1,1,54,8,1753,2,5,10,2
2014440165769,1,9,0,18,0,1,0,0,1,0,1,1,1,2,42,7,1991,2,9,7,1
2014440165769,2,19,0,3,0,1,0,0,0,0,2,1,1,1,41,7,-1,-1,-1,6,1
2014440165849,1,9,0,9,0,1,0,0,0,0,3,1,6,1,78,11,1595,1,13,10,1
2014440165849,2,3,0,13,0,1,0,0,0,0,1,1,6,1,18,4,125,1,9,1,1
2014440165969,1,9,0,18,0,8,1,0,1,2,3,1,6,2,82,11,-1,-1,-1,10,3
2014440165969,2,9,0,18,0,8,0,0,0,0,4,1,1,1,62,9,-1,-1,-1,3,1
2014440166117,1,9,0,5,0,8,0,0,0,0,1,1,6,1,74,10,1364,2,9,3,3
2014440166117,2,19,0,3,0,8,0,0,0,0,2,1,6,1,54,8,2283,2,18,-1,3
2014440166212,1,3,0,3,0,8,0,0,0,0,2,1,2,1,24,5,124,1,2,5,1
2014440166212,2,9,0,3,0,8,0,0,0,0,1,1,2,2,21,5,1149,1,12,4,1
2014440166217,1,9,0,18,0,8,0,0,0,0,1,1,1,1,22,5,2000,2,7,9,1
2014440166217,2,9,0,18,0,8,0,0,0,0,2,1,1,1,-1,-1,998,1,13,-1,-1
2014440166217,3,9,0,7,0,8,0,0,0,0,0,1,6,3,-1,-1,-1,-1,-1,-1,-1
2014440166217,4,9,0,7,0,8,0,0,0,0,0,1,6,3,-1,-1,-1,-1,-1,-1,-1
2014440166244,1,9,0,9,0,8,0,0,0,0,1,1,6,1,23,5,1199,1,10,5,1
2014440166244,2,1,0,9,0,8,0,0,0,0,3,1,6,1,38,7,-1,-1,-1,2,1
2014440166246,1,11,0,18,0,2,0,11,0,0,4,1,1,1,47,8,6700,2,2,5,1
2014440166281,1,9,0,9,0,8,1,0,1,10,1,1,2,2,31,6,1332,1,16,9,1
2014440166585,1,9,0,18,0,0,0,0,2,7,4,1,2,2,22,5,1896,2,11,7,3
2014440166685,1,9,0,9,0,8,0,0,0,0,3,1,6,2,51,8,1686,2,1,4,1
2014440166685,2,9,0,18,0,8,0,0,0,0,1,1,6,2,29,6,1388,1,10,4,1
2014440166685,3,9,0,9,0,8,0,0,0,0,1,1,6,1,19,4,1199,1,11,4,1
2014440166768,1,2,0,9,0,8,1,0,0,0,0,1,6,1,32,6,124,1,5,2,1
2014440166964,1,9,0,4,0,1,0,0,0,0,2,1,3,2,42,7,2688,2,9,10,1
2014440166964,2,9,0,4,0,1,0,0,0,0,1,1,3,1,47,8,1998,2,8,10,1
2014440167066,1,11,0,3,0,0,0,0,0,0,0,1,1,3,-1,-1,-1,-1,-1,-1,-1
2014440167166,1,8,0,7,0,8,0,0,0,0,3,1,1,1,63,9,1560,2,2,6,1
2014440167166,2,2,0,18,0,8,0,0,0,0,4,1,6,1,16,4,49,1,8,2,1
2014440167217,1,19,0,18,0,0,0,0,0,0,4,1,6,1,46,8,970,1,23,8,1
2014440167217,2,20,0,4,0,0,0,0,0,0,3,1,2,1,19,4,2300,2,9,4,2
2014440167217,3,9,0,18,0,0,1,0,7,4,1,1,1,2,54,8,1839,1,18,5,1
2014440167386,1,9,0,10,0,1,0,0,0,0,2,1,6,2,50,8,2979,1,13,7,1
2014440167386,2,9,0,4,0,1,0,0,0,0,1,1,6,2,84,11,1796,1,12,7,1
2014440167531,1,1,0,18,0,0,0,0,0,0,0,1,6,1,18,4,-1,-1,-1,2,1
2014440167540,1,20,0,18,0,1,0,0,0,0,4,1,1,3,-1,-1,-1,-1,-1,-1,-1
2014440167685,1,9,0,12,0,0,0,0,0,0,1,1,6,2,23,5,1368,1,7,7,1
2014440167685,2,1,0,18,0,0,0,0,0,0,1,1,6,1,45,7,-1,-1,-1,10,1
2014440167736,1,1,0,18,0,0,0,0,0,0,3,1,6,1,76,11,-1,-1,-1,5,1
2014440167736,2,9,0,13,0,0,0,0,0,0,4,1,6,3,-1,-1,-1,-1,-1,-1,-1
2014440167736,3,9,0,2,0,0,0,0,0,0,3,1,6,3,-1,-1,1360,1,2,-1,-1
2014440167736,4,9,0,2,0,0,0,0,0,0,3,1,6,3,-1,-1,1332,1,7,-1,-1
2014440167775,1,9,0,9,0,8,0,0,0,0,1,1,2,1,42,7,1956,2,1,2,1
2014440167844,1,8,0,4,0,0,0,0,0,0,0,1,6,1,40,7,1997,2,3,10,1
2014440168063,1,9,0,16,0,0,0,0,7,11,1,1,6,1,21,5,1587,1,13,4,1
2014440168289,1,9,0,3,0,8,0,0,0,0,2,1,6,1,49,8,-1,-1,-1,5,1
2014440168289,2,9,0,18,0,8,0,0,0,0,1,1,2,1,41,7,-1,-1,-1,7,1
2014440168336,1,9,0,18,0,8,0,0,0,0,3,1,6,2,46,8,1598,1,6,5,1
2014440168336,2,9,0,18,0,8,0,0,0,0,1,1,6,1,32,6,1364,2,7,6,1
2014440168462,1,9,0,16,0,0,0,0,0,0,1,1,6,1,78,11,1896,2,12,5,3
2014440168462,2,9,0,3,0,0,0,0,0,0,2,1,6,2,47,8,1242,1,6,9,3
2014440168462,3,9,0,3,0,0,0,0,0,0,2,1,6,2,66,10,1339,1,9,9,2
2014440168535,1,9,0,18,0,0,0,0,0,0,1,1,6,2,30,6,1896,2,12,9,1
2014440168535,2,9,0,18,0,0,0,0,0,0,2,1,6,2,18,4,998,1,9,7,1
2014440168783,1,9,0,18,0,8,5,0,0,0,1,1,6,1,85,11,1388,1,6,5,1
2014440168783,2,19,0,2,0,8,0,0,0,0,2,1,6,3,-1,-1,1560,2,7,-1,-1
2014440168788,1,9,0,4,0,8,0,0,0,0,0,1,6,3,-1,-1,-1,-1,-1,-1,-1
2014440168788,2,2,0,18,0,8,1,0,0,0,0,1,6,2,24,5,49,1,3,3,1
2014440168911,1,9,0,18,0,8,0,0,0,0,1,1,6,2,48,8,2316,1,17,5,1
2014440168911,2,9,0,18,0,8,0,0,0,0,3,1,6,1,51,8,1995,2,11,9,1
2014440168992,1,21,0,18,0,0,0,0,0,0,1,1,1,1,60,9,-1,-1,-1,-1,1
2014440168992,2,9,0,18,0,0,0,0,0,0,4,1,6,1,54,8,1984,1,6,9,3
2014440168992,3,9,0,18,0,0,0,0,0,0,3,1,6,2,30,6,1149,1,10,10,3
2014440169054,1,9,0,4,0,8,1,0,0,0,2,1,6,2,19,4,1299,1,9,9,3
2014440169054,2,9,0,16,0,8,1,0,1,4,0,1,6,1,19,4,1781,1,16,10,1
2014440169075,1,9,0,18,0,8,0,0,5,4,1,1,6,1,79,11,1398,1,12,10,1
2014440169483,1,1,0,17,0,0,0,0,0,0,2,1,6,1,28,6,-1,-1,-1,5,1
2014440169483,2,9,0,17,0,0,0,0,0,0,1,1,6,2,70,10,1198,1,9,4,1
2014440169561,1,19,0,18,0,0,1,0,0,0,1,1,2,1,60,9,2402,2,13,8,1
2014440169561,2,9,0,5,0,0,0,0,0,0,1,1,2,2,51,8,875,1,1,9,1
2014440169561,3,9,0,4,0,0,0,0,0,0,2,1,2,2,22,5,1364,1,9,4,1
2014440169712,1,9,0,18,0,1,0,0,0,0,1,1,1,1,55,8,1399,2,7,6,1
2014440169712,2,9,0,3,0,1,0,0,0,0,2,1,1,1,49,8,1560,2,4,3,1
2014440169728,1,9,0,3,0,8,0,0,3,0,3,1,6,1,82,11,1596,1,5,10,2
2014440169728,2,9,0,18,0,8,0,0,0,0,4,1,2,1,43,7,4196,1,9,10,2
2014440169840,1,9,0,4,0,8,0,0,0,0,2,1,6,1,25,5,1124,1,6,4,1
2014440169840,2,11,0,18,0,8,0,0,0,0,1,1,1,1,59,9,-1,2,17,6,1
2014440169878,1,9,0,18,0,8,0,0,0,0,2,1,2,1,45,7,3000,1,9,-1,1
2014440169878,2,9,0,18,0,8,0,0,0,0,1,1,2,2,30,6,1679,1,12,5,1
2014440169889,1,9,0,7,0,8,0,0,0,0,3,1,3,1,17,4,2967,2,3,6,1
2014440169889,2,4,0,18,0,8,0,0,0,0,4,1,6,1,58,9,1206,1,37,6,1
2014440169944,1,19,0,18,0,0,0,0,0,0,1,1,1,1,39,7,1968,2,1,5,1
2014440169964,1,9,0,16,0,1,0,0,0,0,1,1,6,1,66,10,1390,1,8,10,1
2014440169964,2,19,0,3,0,1,0,0,0,0,2,1,6,1,47,8,-1,-1,-1,7,3
2014440169964,3,9,0,10,0,1,0,0,0,0,2,1,1,1,49,8,1686,2,16,-1,1
2014440170051,1,9,0,9,0,8,0,0,0,0,3,1,6,1,18,4,1388,1,9,9,1
2014440170051,2,5,0,18,0,8,0,0,0,0,4,1,6,1,26,6,675,1,2,3,1
2014440170181,1,1,0,18,0,8,0,0,0,0,4,1,6,1,52,8,-1,-1,-1,6,1
2014440170181,2,9,0,9,0,8,0,0,0,0,1,1,3,2,33,6,1975,1,14,3,1
2014440170239,1,9,0,18,0,1,0,0,1,0,1,1,6,1,67,10,2143,2,2,9,1
2014440170256,1,9,0,7,0,8,0,0,0,0,0,1,6,1,53,8,-1,-1,-1,5,1
2014440170256,2,1,0,18,0,8,1,0,0,0,4,1,6,1,24,5,-1,-1,-1,3,1
2014440170318,1,9,0,9,0,8,0,0,0,0,1,1,6,1,36,7,1840,1,14,5,1
2014440170378,1,9,0,18,0,8,0,0,4,0,4,1,6,1,20,4,998,1,8,4,1
2014440170378,2,9,0,9,0,8,0,0,0,0,3,1,1,1,-1,-1,-1,-1,-1,-1,-1
2014440170422,1,2,0,18,0,2,0,7,0,0,1,1,2,2,43,7,49,1,7,10,1
2014440170541,1,9,0,18,0,0,0,10,0,0,1,1,6,1,56,9,5000,1,80,7,1
2014440170558,1,9,0,3,0,1,0,0,0,0,2,1,1,1,58,9,1598,1,3,8,3
2014440170558,2,9,0,18,0,1,0,0,0,0,1,1,1,1,61,9,-1,-1,-1,8,1
2014440170585,1,1,0,18,9,8,0,0,0,0,3,1,6,2,19,4,-1,-1,-1,9,1
2014440170585,2,19,0,9,9,8,0,0,0,0,1,1,6,3,-1,-1,2300,2,8,-1,-1
2014440170685,1,9,0,18,0,0,0,0,1,4,1,1,6,2,31,6,1995,2,5,8,1
2014440170685,2,9,0,18,0,0,0,0,0,0,3,1,6,2,38,7,1598,1,10,8,1
2014440170716,1,9,0,18,0,0,0,0,0,0,3,1,6,2,46,8,1896,2,12,3,2
2014440170716,2,20,0,18,0,0,0,0,1,11,4,1,6,3,-1,-1,-1,-1,-1,-1,-1
2014440171108,1,20,0,9,0,1,0,0,0,0,2,1,1,1,44,7,4249,2,1,-1,-1
2014440171108,2,9,0,4,0,1,0,0,0,0,2,1,1,1,49,8,1598,1,7,9,1
2014440171108,3,19,0,18,0,1,0,0,0,0,1,1,1,1,41,7,-1,-1,-1,-1,-1
2014440171129,1,9,0,10,0,1,0,0,0,0,2,1,3,1,50,8,1686,2,9,4,1
2014440171129,2,9,0,18,0,1,0,0,0,0,1,1,6,1,23,5,1124,1,8,8,1
2014440171329,1,9,0,3,0,1,0,0,0,0,2,1,6,2,34,6,1398,1,14,9,1
2014440171329,2,9,0,5,0,1,0,0,0,0,1,1,6,3,-1,-1,1242,1,11,-1,-1
2014440171341,1,9,0,3,0,2,0,0,0,0,2,1,6,1,34,6,1596,1,8,6,1
2014440171341,2,3,0,18,0,2,0,0,0,0,1,1,6,1,20,4,125,1,2,6,1
2014440171680,1,9,0,18,0,8,0,0,0,0,3,1,6,1,43,7,1560,2,3,1,1
2014440171680,2,9,0,7,0,8,0,0,0,0,4,1,6,2,56,9,1598,1,2,6,1
2014440171817,1,3,0,13,0,8,0,0,0,0,1,1,6,1,20,4,125,1,4,8,3
2014440171817,2,9,0,9,0,8,0,0,0,0,3,1,6,1,-1,-1,1368,1,3,10,3
2014440171851,1,20,0,11,0,0,0,0,0,0,1,1,2,1,58,9,-1,-1,-1,5,1
2014440171851,2,9,0,18,0,0,1,0,5,6,2,1,6,2,26,6,1248,2,9,10,1
2014440171851,3,5,0,18,0,0,1,0,0,0,1,1,2,1,50,8,-1,-1,-1,5,3
2014440171851,4,9,0,18,0,0,0,0,0,0,2,1,2,1,62,9,1368,1,4,-1,-1
2014440171851,5,9,0,18,0,0,0,0,0,0,1,1,6,1,57,9,2993,2,4,7,1
2014440172159,1,1,0,18,0,0,0,0,0,0,2,1,6,1,55,8,-1,-1,-1,7,1
2014440172159,2,9,0,18,0,0,0,0,0,0,1,1,6,3,-1,-1,-1,-1,-1,-1,-1
2014440172187,1,9,0,18,0,8,0,0,4,6,1,1,2,1,48,8,-1,-1,-1,6,3
2014440172289,1,9,0,18,0,1,0,0,0,0,4,1,6,1,23,5,1598,1,7,2,1
2014440172396,1,9,0,18,0,0,5,0,2,1,1,1,6,1,21,5,1600,1,8,5,1
2014440172490,1,9,0,18,0,1,1,12,2,7,2,1,2,2,24,5,1599,1,11,8,1
2014440172526,1,9,0,17,0,0,0,0,0,0,1,1,2,1,50,8,1796,1,6,6,1
2014440172526,2,19,0,16,0,0,0,0,1,0,1,1,2,1,28,6,1753,2,11,10,1
2014440172693,1,9,0,4,0,1,0,0,0,0,2,1,6,1,45,7,2400,2,1,7,1
2014440172693,2,9,0,18,0,1,0,0,0,0,1,1,6,1,25,5,1389,1,11,2,1
2014440172774,1,9,0,3,0,0,0,0,0,0,2,1,6,1,24,5,-1,-1,-1,8,1
2014440172774,2,9,0,3,0,0,0,0,0,0,2,1,6,1,27,6,1396,1,11,-1,1
2014440172774,3,9,0,18,0,0,0,0,0,0,1,1,6,2,20,4,998,1,1,10,1
2014440172783,1,9,0,2,0,0,0,0,0,0,3,1,6,1,22,5,1596,1,8,-1,-1
2014440172783,2,1,0,18,0,0,0,0,0,0,1,1,6,1,37,7,-1,-1,-1,2,1
2014440172975,1,9,0,9,0,8,0,0,1,1,1,1,6,2,22,5,-1,-1,-1,9,1
2014440173063,1,9,0,9,0,8,0,0,0,0,1,1,2,2,44,7,1956,2,2,8,1
2014440173063,2,9,0,18,0,8,0,0,0,0,1,1,6,1,45,7,1587,1,10,4,2
2014440173134,1,11,0,18,0,0,0,0,0,0,4,1,1,3,-1,-1,-1,-1,-1,-1,-1
2014440173135,1,5,0,15,0,0,1,0,7,0,1,1,6,2,54,8,1450,1,11,10,1
2014440173135,2,9,0,9,0,0,1,0,0,0,3,1,6,1,26,6,-1,-1,-1,7,3
2014440173193,1,9,0,18,0,8,0,0,0,0,1,1,6,2,55,8,1242,1,1,3,1
2014440173193,2,9,0,9,0,8,0,0,0,0,4,1,6,1,64,9,1248,1,2,4,1
2014440173428,1,9,0,18,0,0,0,0,0,0,1,1,6,3,-1,-1,-1,-1,-1,-1,-1
2014440173975,1,9,0,5,0,1,0,0,0,0,3,1,6,2,57,9,1229,1,2,9,1
2014440173981,1,19,0,5,0,8,0,0,0,0,3,1,6,1,62,9,-1,-1,-1,7,3
2014440173981,2,1,0,18,0,8,0,0,0,0,1,1,6,1,53,8,-1,-1,-1,7,3
2014440173988,1,9,0,18,0,0,0,0,0,0,2,1,6,1,28,6,1796,1,11,1,1
2014440173988,2,9,0,18,0,0,1,0,0,0,1,1,6,2,34,6,1299,1,15,5,1
2014440174045,1,9,0,4,0,0,0,0,0,0,2,1,6,2,48,8,1998,2,6,6,1
2014440174045,2,9,0,18,0,0,0,0,0,0,1,1,6,1,28,6,1396,1,2,6,1
2014440174051,1,9,0,18,0,0,0,0,7,2,1,1,6,1,69,10,1388,1,10,7,2
2014440174154,1,8,0,1,0,0,0,0,0,0,2,1,1,1,30,6,1968,2,5,2,1
2014440174154,2,9,0,3,0,0,0,0,0,0,1,1,6,2,23,5,1968,2,5,4,1
2014440174212,1,9,0,5,0,8,0,0,0,0,1,1,6,1,19,4,2496,2,9,8,1
2014440174212,2,2,0,18,0,8,0,0,0,0,4,1,1,1,30,6,1352,1,6,7,1
2014440174296,1,5,0,18,0,1,1,0,0,0,0,1,2,1,49,8,998,1,9,7,1
2014440174296,2,19,0,7,0,6,0,0,0,0,0,1,2,3,-1,-1,1896,2,11,-1,-1
2014440174362,1,3,0,16,0,8,0,0,0,0,1,1,6,1,18,4,-1,-1,-1,2,1
2014440174404,1,9,0,18,0,0,5,0,4,0,1,1,6,2,23,5,1490,1,4,8,1
2014440174427,1,9,0,18,0,0,0,0,7,4,1,1,6,2,77,11,2597,1,13,6,1
2014440174490,1,1,0,18,0,2,0,0,0,0,1,1,2,2,23,5,-1,-1,-1,4,1
2014440174490,2,9,0,2,0,2,0,0,0,0,2,1,6,3,-1,-1,1796,1,14,-1,-1
2014440174539,1,5,0,18,0,0,0,0,2,10,1,1,6,1,40,7,996,1,15,3,1
2014440174592,1,9,0,18,0,1,0,0,0,0,1,1,6,2,20,4,1299,1,13,9,1
2014440174592,2,9,0,18,0,8,0,0,0,0,4,1,6,1,33,6,1242,1,10,3,1
2014440174814,1,9,0,18,0,0,0,0,0,0,1,1,6,2,33,6,1596,1,13,8,1
2014440174814,2,9,0,2,0,0,0,0,0,0,1,1,6,3,-1,-1,1388,1,4,-1,-1
2014440174814,3,9,0,2,0,0,0,0,0,0,2,1,6,3,-1,-1,1905,2,17,-1,-1
2014440174820,1,9,0,18,0,0,0,11,0,0,1,1,2,1,65,9,2987,2,3,10,1
2014440174978,1,9,0,18,0,1,0,0,0,0,1,1,1,2,59,9,1275,1,21,3,1
2014440174978,2,9,0,9,0,6,0,0,0,0,3,1,1,2,33,6,1956,2,3,7,3
2014440175096,1,1,0,18,0,0,0,0,1,7,1,1,2,1,63,9,-1,-1,-1,-1,1
2014440175111,1,9,0,9,0,8,0,0,0,0,0,1,6,2,44,7,1896,2,9,-1,1
2014440175111,2,9,0,18,0,8,0,0,0,0,1,1,2,1,43,7,1995,1,12,7,2
2014440175111,3,9,0,8,0,8,0,0,0,0,3,1,6,2,26,6,1390,1,10,9,1
2014440175134,1,9,0,3,0,1,0,0,0,0,2,1,6,1,74,10,1386,1,4,5,1
2014440175134,2,9,0,3,0,1,0,0,0,0,2,1,6,1,48,8,1998,2,7,3,1
2014440175134,3,9,0,18,0,1,0,0,0,0,1,1,6,1,75,10,3301,1,11,9,1
2014440175276,1,9,0,18,0,0,0,0,0,0,1,1,6,2,18,4,1240,1,9,8,3