Accident_Index,Vehicle_Reference,Vehicle_Type,Towing_and_Articulation,Vehicle_Manoeuvre,Vehicle_Location-Restricted_Lane,Junction_Location,Skidding_and_Overturning,Hit_Object_in_Carriageway,Vehicle_Leaving_Carriageway,Hit_Object_off_Carriageway,1st_Point_of_Impact,Was_Vehicle_Left_Hand_Drive?,Journey_Purpose_of_Driver,Sex_of_Driver,Age_of_Driver,Age_Band_of_Driver,Engine_Capacity_(CC),Propulsion_Code,Age_of_Vehicle,Driver_IMD_Decile,Driver_Home_Area_Type
2014440175276,2,3,0,18,0,0,0,0,0,0,1,1,6,1,18,4,124,1,6,8,3
2014440175284,1,9,0,1,0,0,0,0,0,0,2,1,6,1,76,11,3311,8,7,9,2
2014440175386,1,9,0,8,0,1,0,0,0,0,1,1,6,2,23,5,1299,1,16,-1,-1
2014440175386,2,1,0,18,0,1,0,0,0,0,1,1,6,1,26,6,-1,-1,-1,2,1
2014440175405,1,9,0,18,0,0,0,4,0,0,1,1,6,1,23,5,1599,1,10,8,3
2014440175405,2,19,0,2,0,0,0,0,0,0,2,1,6,1,49,8,1968,2,4,-1,-1
2014440175478,1,9,0,9,0,6,0,0,0,0,3,1,6,2,24,5,1995,2,9,-1,-1
2014440175478,2,9,0,18,0,1,0,0,0,0,1,1,6,1,34,6,1405,1,9,6,2
2014440175880,1,9,0,9,0,6,0,0,0,0,1,1,6,1,28,6,998,1,19,9,1
2014440175880,2,3,0,14,0,1,0,0,0,0,4,1,2,1,20,4,124,1,2,3,1
2014440175924,1,9,0,18,0,0,0,0,0,0,1,1,6,2,52,8,1970,1,9,7,1
2014440175924,2,9,0,18,0,0,0,0,1,0,1,1,6,1,51,8,2179,2,4,10,1
2014440175924,3,9,0,18,0,0,0,0,0,0,1,1,6,3,-1,-1,1998,2,6,5,1
2014440175942,1,9,0,18,0,1,0,0,0,0,1,1,6,2,28,6,1242,1,9,4,1
2014440175942,2,9,0,11,0,1,0,0,0,0,0,1,6,3,-1,-1,-1,-1,-1,-1,-1
2014440176070,1,4,0,13,0,0,1,12,0,0,1,1,6,1,21,5,398,1,20,1,1
2014440176100,1,9,0,13,0,0,0,0,0,0,4,1,6,1,-1,-1,-1,-1,-1,-1,-1
2014440176100,2,1,0,18,0,0,0,0,0,0,1,1,6,1,20,4,-1,-1,-1,4,1
2014440176301,1,9,0,18,0,1,1,0,7,4,1,1,1,1,62,9,1560,2,3,9,1
2014440176318,1,9,0,12,0,8,1,0,0,0,3,1,6,2,41,7,1596,1,11,8,3
2014440176318,2,9,0,18,0,8,0,0,0,0,4,1,6,1,31,6,1896,2,8,8,2
2014440176458,1,9,0,9,0,8,0,0,0,0,3,1,2,1,31,6,2393,1,14,9,1
2014440176458,2,5,0,14,0,8,1,0,0,0,1,1,2,1,47,8,1084,1,12,1,1
2014440176525,1,19,0,18,0,0,1,0,0,0,1,1,1,1,25,5,1995,2,1,5,1
2014440176525,2,19,0,18,0,0,0,0,0,0,2,1,1,1,53,8,1753,2,2,4,1
2014440176525,3,9,0,18,0,0,0,0,0,0,2,1,2,1,42,7,2979,1,4,10,1
2014440176580,1,9,0,18,0,0,0,12,7,4,1,1,6,2,38,7,2688,2,11,10,3
2014440176586,1,21,0,18,0,0,0,0,0,0,4,1,1,3,-1,-1,-1,-1,-1,-1,-1
2014440176650,1,19,0,9,0,8,0,0,0,0,3,1,1,1,51,8,2402,2,6,9,1
2014440176650,2,9,0,18,0,8,0,0,0,0,1,1,6,1,17,4,1124,1,17,10,1
2014440176982,1,9,0,3,0,8,0,0,0,0,2,1,6,2,51,8,1199,1,13,2,1
2014440176982,2,9,0,4,0,8,0,0,0,0,1,1,6,2,33,6,-1,-1,-1,-1,-1
2014440177030,1,9,0,18,0,0,0,0,0,0,4,1,6,2,76,11,1298,1,14,8,1
2014440177081,1,9,0,18,0,0,0,0,0,0,1,1,2,1,21,5,1390,1,19,9,1
2014440177081,2,1,0,18,0,0,0,0,0,0,1,1,6,1,19,4,-1,-1,-1,7,1
2014440177256,1,9,0,18,0,0,0,0,0,0,2,1,6,2,42,7,2993,2,2,-1,-1
2014440177256,2,9,0,18,0,0,0,0,0,0,2,1,6,2,29,6,1397,1,7,4,1
2014440177256,3,19,0,18,0,0,0,0,0,0,2,1,6,1,44,7,1998,2,12,10,2
2014440177256,4,9,0,18,0,0,0,0,0,0,4,1,6,2,24,5,-1,-1,-1,10,1
2014440177256,5,21,0,18,0,0,0,0,0,0,1,1,6,1,47,8,-1,-1,-1,7,1
2014440177543,1,9,0,16,0,0,1,0,8,4,1,1,6,1,19,4,1199,1,15,5,1
2014440177741,1,20,0,2,0,0,0,0,0,0,2,1,1,1,48,8,-1,-1,-1,5,1
2014440177741,2,1,0,18,0,0,0,4,0,0,1,1,6,1,43,7,-1,-1,-1,9,1
2014440177758,1,9,0,18,0,1,0,0,0,0,1,1,2,1,38,7,1242,1,12,4,2
2014440177758,2,9,0,4,0,1,0,0,0,0,2,1,6,1,57,9,1839,1,16,10,1
2014440177758,3,9,0,4,0,1,0,0,0,0,2,1,6,1,43,7,2295,1,13,6,1
2014440177787,1,9,0,18,0,0,0,0,0,0,1,1,6,1,74,10,998,1,-1,8,3
2014440177800,1,9,0,18,0,4,0,0,0,0,1,1,2,1,60,9,1686,2,3,3,1
2014440177800,2,3,0,9,0,8,0,0,0,0,2,1,2,1,45,7,123,1,28,5,2
2014440177820,1,8,0,18,0,0,0,0,0,0,1,1,6,3,-1,-1,1910,2,7,-1,-1
2014440177820,2,9,0,18,0,0,0,0,0,0,2,1,6,2,32,6,1997,2,13,3,1
2014440177936,1,9,0,18,0,0,1,0,0,0,1,1,6,1,43,7,998,1,-1,8,2
2014440177936,2,9,0,18,0,0,0,0,0,0,4,1,6,1,43,7,2179,2,1,8,2
2014440177936,3,21,0,18,0,0,0,0,0,0,3,1,6,1,46,8,10518,2,7,4,3
2014440177993,1,9,0,3,0,0,0,0,0,0,2,1,6,2,43,7,1896,2,8,10,1
2014440177993,2,19,0,18,0,0,0,0,0,0,1,1,6,3,-1,-1,2198,2,4,-1,-1
2014440178000,1,9,0,18,0,0,1,0,0,0,1,1,6,1,19,4,1199,1,11,-1,1
2014440178000,2,22,0,18,0,0,0,0,0,0,3,1,6,1,69,10,-1,-1,-1,9,2
2014440178026,1,9,0,6,0,2,0,0,0,0,0,1,6,1,25,5,1248,2,10,-1,1
2014440178026,2,9,0,5,0,1,0,0,0,0,0,1,6,1,30,6,1596,1,13,1,1
2014440178181,1,9,0,3,0,1,0,0,0,0,2,1,6,2,60,9,1995,2,10,9,3
2014440178181,2,9,0,3,0,1,0,0,0,0,2,1,6,2,61,9,1339,1,7,9,1
2014440178181,3,20,0,18,0,1,0,0,0,0,1,1,6,1,48,8,-1,2,11,10,2
2014440178249,1,19,0,18,0,1,0,0,0,0,1,1,1,2,25,5,2464,2,10,5,1
2014440178249,2,9,0,3,0,1,0,0,0,0,2,1,6,1,62,9,1598,1,12,9,1
2014440178291,1,9,0,18,0,0,0,4,0,0,3,1,1,1,53,8,1895,1,15,10,1
2014440178291,2,9,0,2,0,0,0,0,0,0,3,1,6,3,-1,-1,1984,1,8,-1,-1
2014440178291,3,9,0,2,0,0,0,0,0,0,3,1,6,3,-1,-1,1328,1,10,-1,-1
2014440178291,4,9,0,2,0,0,0,0,0,0,4,1,6,3,-1,-1,1995,2,3,-1,-1
2014440178291,5,19,0,2,0,0,0,0,0,0,4,1,6,3,-1,-1,1868,2,12,-1,-1
2014440178291,6,9,0,2,0,0,0,0,0,0,3,1,6,3,-1,-1,1199,1,13,-1,-1
2014440178421,1,9,0,9,0,6,0,0,0,0,3,1,6,2,76,11,1339,1,10,8,1
2014440178421,2,11,0,18,0,1,0,0,0,0,1,1,1,1,55,8,6696,2,1,-1,3
2014440178648,1,9,0,18,0,2,0,0,0,0,1,1,6,3,-1,-1,-1,-1,-1,-1,-1
2014440178695,1,3,0,13,0,0,0,0,0,0,3,1,2,1,18,4,124,1,14,7,1
2014440178775,1,11,0,3,0,0,0,0,0,0,0,1,1,2,43,7,-1,-1,-1,6,1
2014440179028,1,5,0,18,0,1,0,0,0,0,1,1,6,1,27,6,749,1,27,7,1
2014440179065,1,9,0,4,0,8,0,0,0,0,1,1,6,1,23,5,1798,1,10,3,1
2014440179065,2,9,0,18,0,8,0,0,0,0,1,1,6,3,-1,-1,1598,1,11,-1,-1
2014440179241,1,9,0,18,0,8,0,0,0,0,4,1,6,1,45,7,1999,1,9,10,1
2014440179241,2,9,0,9,0,8,0,0,0,0,1,1,6,2,43,7,2967,2,-1,10,3
2014440179251,1,1,0,18,0,8,0,0,0,0,4,1,6,1,30,6,-1,-1,-1,-1,3
2014440179251,2,9,0,7,0,8,0,0,0,0,1,1,6,3,-1,-1,-1,-1,-1,-1,-1
2014440179274,1,3,0,18,0,0,1,0,7,0,0,1,2,1,23,5,125,1,4,7,1
2014440179290,1,9,0,9,0,8,0,0,0,0,1,1,6,1,64,9,1360,1,9,8,1
2014440179290,2,1,0,18,0,8,0,0,0,0,3,1,6,2,59,9,-1,-1,-1,8,1
2014440179300,1,9,0,9,0,8,0,0,0,0,1,1,6,2,72,10,1248,1,2,8,1
2014440179300,2,1,0,3,0,8,0,0,0,0,1,1,2,1,48,8,-1,-1,-1,9,2
2014440179339,1,9,0,9,0,8,0,0,0,0,1,1,3,2,42,7,2494,1,14,7,1
2014440179339,2,9,0,18,0,8,0,0,0,0,4,1,3,1,46,8,1560,2,8,7,1
2014440179419,1,11,0,7,0,8,0,0,0,0,4,1,1,1,-1,-1,9600,2,14,-1,-1
2014440179700,1,9,0,5,0,8,0,0,0,0,1,1,6,1,83,11,599,2,3,9,1
2014440179700,2,9,0,18,0,8,0,0,0,0,3,1,2,2,48,8,1242,1,10,-1,-1
2014440179755,1,9,0,9,0,8,0,0,0,0,4,1,6,2,81,11,1339,1,12,9,3
2014440179854,1,9,0,18,0,8,0,0,0,0,2,1,6,2,23,5,1995,2,13,1,1
2014440179854,2,9,0,18,0,8,0,0,0,0,1,1,6,1,44,7,998,1,3,6,1
2014440179854,3,9,0,18,0,8,0,0,0,0,1,1,6,1,21,5,1596,1,11,-1,-1
2014440179909,1,19,0,18,0,0,0,0,0,0,1,1,2,1,61,9,1560,2,4,9,1
2014440180035,1,9,0,9,0,8,0,0,0,0,1,1,6,2,64,9,1339,1,3,8,1
2014440180035,2,2,0,18,0,8,0,0,0,0,3,1,2,1,25,5,49,1,4,8,1
2014440180093,1,9,0,1,0,8,0,0,7,1,3,1,6,1,76,11,1596,1,1,9,1
2014440180220,1,9,0,9,0,7,0,0,0,0,1,1,2,3,-1,-1,1395,1,1,-1,-1
2014440180220,2,1,0,18,9,8,0,0,0,0,1,1,6,1,20,4,-1,-1,-1,6,1
2014440180379,1,2,0,17,0,3,0,0,0,0,0,1,6,1,16,4,50,1,11,7,3
2014440180379,2,9,0,16,0,1,0,0,0,0,0,1,6,2,34,6,1753,2,14,9,2
2014440180404,1,9,0,18,0,0,0,0,0,0,3,1,6,1,57,9,1951,2,11,10,3
2014440180404,2,9,0,13,0,0,0,0,0,0,4,1,6,2,45,7,1198,1,4,10,1
2014440180478,1,9,0,9,0,8,0,0,0,0,3,1,6,2,48,8,1997,2,9,5,1
2014440180478,2,9,0,18,0,1,0,0,0,0,1,1,6,2,22,5,1197,1,2,-1,1
2014440180610,1,19,0,18,0,0,5,0,1,9,4,1,6,1,36,7,5861,2,20,7,3
2014440180610,2,9,0,18,0,0,0,0,0,0,0,1,6,3,-1,-1,-1,-1,-1,-1,-1
2014440180734,1,11,0,18,0,8,0,0,0,0,1,1,1,1,51,8,4461,2,1,1,1
2014440180789,1,9,0,1,0,6,0,0,0,0,2,1,6,1,30,6,1600,1,15,8,1
2014440180789,2,9,0,1,0,6,0,0,0,0,2,1,6,3,-1,-1,1951,2,9,-1,-1
2014440180833,1,9,0,18,0,0,1,0,7,4,1,1,6,2,45,7,-1,-1,-1,5,1
2014440180953,1,11,0,18,0,1,0,0,0,0,1,1,1,1,39,7,-1,2,19,2,1
2014440180953,2,9,0,18,0,8,0,0,0,0,0,1,6,3,-1,-1,1598,1,13,-1,-1
2014440180955,1,9,0,1,0,0,0,0,0,0,2,1,6,2,66,10,1896,2,8,7,2
2014440180978,1,9,0,11,0,8,1,0,4,6,1,1,6,2,32,6,1994,2,9,2,1
2014440181079,1,9,0,18,0,0,1,0,0,0,1,1,6,1,31,6,1905,2,15,2,1
2014440181216,1,9,0,18,0,8,0,0,0,0,4,1,6,2,32,6,2184,2,12,4,1
2014440181216,2,1,0,18,0,1,0,0,0,0,1,1,4,1,18,4,-1,-1,-1,2,1
2014440181295,1,9,0,9,0,8,0,0,0,0,1,1,6,1,-1,-1,1992,2,6,-1,-1
2014440181295,2,9,0,18,0,8,0,0,0,0,3,1,6,2,72,10,1797,8,4,5,3
2014440181357,1,9,0,9,0,6,0,0,0,0,3,1,6,2,40,7,1968,2,1,8,3
2014440181357,2,5,0,18,0,1,0,0,0,0,1,1,2,1,58,9,773,1,3,7,1
2014440181491,1,3,0,4,0,0,0,7,0,0,1,1,6,1,18,4,124,1,2,5,1
2014440181537,1,9,0,18,0,0,0,0,0,0,1,1,6,1,24,5,1984,1,7,10,1
2014440181537,2,19,0,18,0,0,0,0,0,0,1,1,1,1,51,8,2143,2,1,5,1
2014440181743,1,9,0,12,0,0,0,0,0,0,1,1,6,1,18,4,1951,2,12,10,2
2014440181743,2,3,0,18,0,0,0,0,0,0,1,1,6,1,18,4,124,1,33,4,1
2014440182066,1,9,0,17,0,0,1,0,7,4,2,1,6,1,27,6,1587,1,9,7,1
2014440182242,1,9,0,18,0,0,0,0,0,0,1,1,6,1,37,7,1794,1,10,10,1
2014440182266,1,9,0,5,0,8,0,0,0,0,1,1,6,1,21,5,1360,1,14,4,1
2014440182266,2,2,0,18,0,8,0,0,0,0,3,1,6,1,16,4,1170,1,4,5,1
2014440182447,1,1,0,18,0,1,0,0,0,0,3,1,6,1,27,6,-1,-1,-1,6,1
2014440182447,2,9,0,13,0,1,0,0,0,0,4,1,6,3,-1,-1,1248,2,1,-1,-1
2014440182623,1,9,0,18,0,0,0,0,0,0,4,1,6,1,26,6,1590,1,11,7,1
2014440182637,1,9,0,18,0,0,0,10,1,0,1,1,6,1,28,6,1598,1,7,3,1
2014440182637,2,9,0,14,0,0,0,0,0,0,1,1,6,1,38,7,1951,2,13,10,3
2014440182637,3,19,0,2,0,0,0,0,0,0,4,1,6,3,-1,-1,2198,2,1,-1,-1
2014440182645,1,11,0,18,0,8,0,0,0,0,1,1,1,1,60,9,4461,2,1,3,1
2014440182645,2,9,0,7,0,8,0,0,0,0,3,1,6,2,59,9,998,1,12,5,1
2014440182776,1,9,0,18,0,8,0,0,0,0,1,1,6,3,-1,-1,1995,2,13,-1,-1
2014440182776,2,2,0,7,0,8,0,0,0,0,1,1,6,1,16,4,49,1,5,3,1
2014440183194,1,9,0,9,0,8,1,0,3,11,1,1,6,1,31,6,1761,1,14,3,1
2014440183315,1,9,0,11,0,0,0,0,0,0,1,1,6,1,75,10,1596,1,11,-1,-1
2014440183315,2,9,0,18,0,0,0,0,0,0,0,1,6,3,-1,-1,-1,-1,-1,-1,-1
2014440183315,3,1,0,18,0,0,0,0,0,0,2,1,6,1,81,11,-1,-1,-1,9,1
2014440183567,1,9,0,16,0,0,1,0,4,2,4,1,6,1,21,5,1998,1,11,10,1
2014440183617,1,11,0,5,0,1,0,0,0,0,0,1,1,1,59,9,6696,2,1,9,1
2014440183668,1,5,0,17,0,0,1,0,2,10,1,1,6,1,26,6,599,1,17,4,1
2014440183687,1,9,0,4,0,0,0,0,0,0,2,1,6,1,38,7,1596,1,3,10,2
2014440183687,2,9,0,4,0,0,0,0,0,0,1,1,6,1,24,5,1229,1,2,8,2
2014440183861,1,9,0,9,0,8,0,0,0,0,1,1,6,3,-1,-1,1199,1,15,-1,-1
2014440183861,2,9,0,18,0,8,0,0,0,0,1,1,1,2,44,7,1587,1,8,10,1
2014440184062,1,9,0,16,0,2,0,0,0,0,1,1,6,2,31,6,1242,1,1,-1,-1
2014440184341,1,1,0,14,0,0,0,0,0,0,1,1,6,1,77,11,-1,-1,-1,2,1
2014440184341,2,9,0,2,0,0,0,0,0,0,3,1,6,3,-1,-1,-1,-1,-1,-1,-1
2014440184347,1,9,0,18,0,0,0,0,2,4,1,1,6,1,70,10,-1,-1,-1,7,1
2014440184356,1,9,0,18,0,8,1,0,7,0,1,1,6,1,48,8,-1,-1,-1,10,2
2014440184356,2,9,0,9,0,8,1,0,0,0,1,1,6,1,30,6,1896,2,12,4,1
2014440184397,1,1,0,9,9,8,0,0,0,0,1,1,6,3,-1,-1,-1,-1,-1,-1,-1
2014440184613,1,9,0,7,0,8,0,0,1,10,1,1,6,2,21,5,1242,1,4,3,1
2014440184861,1,9,0,18,0,2,1,0,0,0,1,1,6,1,27,6,2685,2,10,6,3
2014440184861,2,9,0,2,0,2,0,0,0,0,1,1,6,3,-1,-1,1968,2,2,-1,-1
2014440184861,3,9,0,2,0,2,0,0,0,0,1,1,6,3,-1,-1,1591,1,1,-1,-1
2014440184861,4,9,0,2,0,2,0,0,0,0,2,1,6,3,-1,-1,1299,1,11,-1,-1
2014440184861,5,9,0,2,0,2,0,0,0,0,1,1,6,3,-1,-1,1242,1,8,-1,-1
2014440184861,6,9,0,2,0,2,0,0,0,0,1,1,6,3,-1,-1,1997,2,12,-1,-1
2014440184861,7,9,0,2,0,2,0,0,0,0,1,1,6,3,-1,-1,1124,1,12,-1,-1
2014440184912,1,9,0,18,0,2,1,6,0,0,1,1,6,1,37,7,1997,1,15,8,1
2014440185408,1,9,0,16,0,0,5,0,7,4,1,1,6,2,17,4,1124,1,14,3,1
2014440185549,1,9,0,9,0,8,0,0,0,0,3,1,6,1,49,8,2720,2,6,-1,-1
2014440185549,2,5,0,13,0,8,0,0,0,0,2,1,6,1,22,5,806,1,1,9,1
2014440185865,1,9,0,3,0,8,0,0,0,0,2,1,6,2,43,7,1997,1,16,4,1
2014440185865,2,9,0,18,0,8,0,0,0,0,1,1,6,1,-1,-1,-1,-1,-1,-1,-1
2014440185961,1,9,0,4,0,0,0,0,0,0,2,1,2,1,27,6,1988,1,14,9,1
2014440185961,2,9,0,4,0,0,0,0,0,0,2,1,6,2,30,6,1242,1,10,6,1
2014440185961,3,9,0,18,0,0,1,0,0,0,1,1,6,2,36,7,1560,2,3,-1,-1
2014440186159,1,9,0,5,0,8,0,0,0,0,1,1,2,1,44,7,-1,-1,-1,1,1
2014440186159,2,9,0,18,0,8,0,0,0,0,1,1,6,2,33,6,1870,2,12,7,1
2014440186256,1,9,0,18,0,8,0,0,7,4,4,1,6,1,19,4,1364,1,11,-1,-1
2014440186272,1,9,0,5,0,8,1,0,0,0,1,1,1,1,42,7,1598,2,4,3,1
2014440186272,2,1,0,18,0,8,0,0,0,0,2,1,6,1,34,6,-1,-1,-1,-1,1
2014440186817,1,9,0,3,0,8,0,0,0,0,2,1,6,1,31,6,1796,1,15,1,1
2014440186817,2,9,0,4,0,8,0,0,0,0,1,1,6,3,-1,-1,1299,1,7,-1,-1
2014440186872,1,9,0,18,0,0,1,0,0,0,1,1,6,1,25,5,1596,1,13,7,1
2014440186872,2,9,0,15,0,0,0,0,0,0,0,1,6,3,-1,-1,-1,-1,-1,-1,-1
2014440186872,3,9,0,4,0,0,0,0,0,0,2,1,6,2,33,6,1248,2,4,2,1
2014440186973,1,1,0,18,0,0,0,0,0,0,0,1,6,1,19,4,-1,-1,-1,9,3
2014440187175,1,9,0,18,0,8,0,0,0,0,4,1,2,1,43,7,2685,2,9,2,1
2014440187175,2,1,0,12,0,8,0,0,0,0,3,1,6,1,27,6,-1,-1,-1,5,1
2014440187189,1,9,0,4,0,8,0,0,0,0,1,1,6,2,21,5,1364,1,5,10,1
2014440187189,2,9,0,4,0,8,0,0,0,0,2,1,6,2,34,6,-1,-1,-1,5,1
2014440187189,3,9,0,4,0,8,0,0,0,0,3,1,6,1,-1,-1,2993,2,3,-1,-1
2014440187268,1,9,0,9,0,8,0,0,0,0,4,1,6,1,-1,-1,998,1,5,-1,-1
2014440187268,2,1,0,18,0,8,0,0,0,0,1,1,6,1,55,8,-1,-1,-1,7,1
2014440187443,1,4,0,18,0,8,1,0,3,1,1,1,6,1,52,8,408,1,39,2,1
2014440187520,1,9,0,17,0,0,2,0,2,10,4,1,2,2,24,5,1896,2,8,6,1
2014440187588,1,9,0,17,0,0,1,0,1,4,1,1,6,1,29,6,1560,2,4,10,2
2014440187724,1,3,0,18,0,8,0,0,0,0,3,1,6,1,45,7,125,1,7,7,1
2014440187724,2,9,0,9,0,8,0,0,0,0,3,1,6,1,33,6,1796,1,8,4,1
2014440187913,1,9,0,18,0,8,0,0,1,4,3,1,6,2,65,9,1975,1,9,6,3
2014440187913,2,9,0,9,0,8,0,0,0,0,1,1,2,2,19,4,1360,1,8,5,3
2014440188360,1,9,0,17,0,8,0,0,1,0,1,1,6,1,18,4,973,1,13,-1,1
2014440188360,2,21,0,6,0,8,0,0,0,0,4,1,1,1,46,8,6370,2,8,7,1
2014440188456,1,9,0,18,0,8,0,0,0,0,4,1,6,2,56,9,1390,1,14,-1,1
2014440188456,2,21,1,18,0,8,0,0,0,0,3,2,1,1,64,9,-1,-1,-1,-1,-1
2014440188999,1,8,0,18,0,0,0,0,0,0,4,1,1,1,53,8,1997,2,7,2,1
2014440189253,1,9,0,11,0,8,5,0,5,6,1,1,6,2,21,5,1390,1,11,2,1
2014440189253,2,9,0,12,0,8,0,0,0,0,3,1,6,1,54,8,1582,2,1,5,1
2014440189381,1,19,0,18,0,0,0,0,0,0,4,1,1,1,60,9,-1,-1,-1,2,1
2014440189633,1,9,0,5,0,8,0,0,0,0,1,1,6,2,35,6,5461,1,-1,6,1
2014440189633,2,9,0,18,0,8,0,0,0,0,1,1,6,1,33,6,1461,2,-1,5,1
2014440189644,1,3,0,16,0,0,1,0,1,0,4,1,6,1,40,7,124,1,17,5,1
2014440189733,1,9,0,9,0,8,0,0,0,0,3,1,6,2,21,5,1388,1,9,8,1
2014440189733,2,19,0,12,0,8,1,0,0,0,1,1,1,1,25,5,1248,2,1,8,1
2014440189829,1,9,0,18,0,8,0,0,0,0,1,1,2,1,32,6,1490,1,7,5,1
2014440189829,2,9,0,9,0,8,0,0,0,0,2,1,6,2,34,6,1598,1,15,-1,-1
2014440189924,1,5,0,13,0,0,0,0,0,0,0,1,6,1,37,7,599,1,6,9,1
2014440190373,1,9,0,3,0,0,0,0,0,0,2,1,6,1,21,5,1753,2,14,5,1
2014440190373,2,9,0,18,0,0,0,4,0,0,1,1,6,1,36,7,1796,1,11,-1,1
2014440190834,1,9,0,18,0,8,0,7,0,0,1,1,6,1,55,8,-1,-1,-1,2,1
2014440190874,1,9,0,18,0,0,2,4,0,0,1,1,6,2,17,4,1124,1,6,8,1
2014440190874,2,9,0,2,0,0,0,0,0,0,2,1,6,1,-1,-1,1596,1,17,-1,-1
2014440190914,1,9,0,18,0,0,0,0,0,0,4,1,6,2,35,6,1461,2,2,10,1
2014440190914,2,9,0,18,0,0,0,0,0,0,2,1,6,1,25,5,998,1,13,10,3
2014440190914,3,9,0,18,0,0,0,0,4,6,4,1,6,2,29,6,1598,1,1,9,1
2014440190914,4,21,0,18,0,0,0,0,0,0,3,1,1,1,56,9,-1,-1,-1,2,1
2014440190914,5,9,0,2,0,0,0,0,0,7,2,1,6,2,33,6,1598,1,1,7,1
2014440190962,1,9,0,18,0,8,0,0,0,0,1,1,6,2,44,7,1396,1,1,4,1
2014440190962,2,9,0,3,0,8,0,0,0,0,2,1,6,2,39,7,998,1,10,4,1
2014440191016,1,9,0,18,0,8,0,0,0,0,4,1,6,1,74,10,1360,1,15,8,3
2014440191019,1,9,0,18,0,0,1,0,2,10,1,1,6,2,61,9,1560,2,1,10,1
2014440191097,1,9,0,16,0,0,5,0,0,0,0,1,6,1,78,11,1248,1,2,2,1
2014440191325,1,9,0,9,0,8,0,0,0,0,2,1,6,1,17,4,-1,-1,-1,8,2
2014440191325,2,5,0,18,0,8,0,0,0,0,1,1,6,1,26,6,600,2,13,8,1
2014440191679,1,9,0,18,0,2,1,0,0,0,1,1,6,1,22,5,2171,1,13,8,1
2014440191679,2,9,0,18,0,1,1,0,0,0,1,1,6,2,44,7,-1,-1,-1,8,3
2014440191738,1,9,0,18,0,0,1,0,7,4,4,1,6,1,43,7,1588,1,13,-1,3
2014440191769,1,9,0,18,0,1,0,0,0,0,1,1,6,1,52,8,1998,1,11,9,1
2014440191769,2,9,0,7,0,6,0,0,0,0,3,1,6,1,45,7,1799,1,6,8,1
2014440192273,1,2,0,18,0,0,0,0,0,0,3,1,6,1,55,8,124,1,8,-1,1
2014440192273,2,2,0,18,0,0,0,0,0,0,4,1,6,1,51,8,198,1,15,7,1
2014440192273,3,9,0,18,0,0,0,0,0,0,2,1,6,2,26,6,2400,2,3,10,1
2014440192273,4,19,0,18,0,0,0,0,0,0,1,1,6,1,42,7,1753,2,11,1,1
2014440192333,1,9,0,9,0,8,0,0,0,0,3,1,6,1,83,11,1995,2,12,10,1
2014440192333,2,1,0,18,0,8,0,0,0,0,1,1,6,1,32,6,-1,-1,-1,6,1
2014440192341,1,9,0,9,0,8,0,0,0,0,1,1,6,1,53,8,1997,12,2,7,1
2014440192341,2,5,0,18,0,8,0,0,0,0,1,1,6,1,53,8,-1,-1,-1,7,1
2014440192402,1,9,0,16,0,0,1,0,7,4,1,1,6,2,18,4,1149,1,14,8,1
2014440192423,1,9,0,17,0,0,0,0,0,0,1,1,6,1,51,8,1686,2,1,7,1
2014440192423,2,9,0,16,0,0,0,0,0,0,1,1,6,2,49,8,1781,1,15,10,1
2014440192453,1,9,0,9,0,5,0,0,0,0,3,1,6,1,35,6,1598,1,7,8,1
2014440192453,2,5,0,18,0,1,0,0,0,0,1,1,6,1,21,5,998,1,4,10,1
2014440192537,1,9,0,9,0,8,0,0,0,0,1,1,6,3,-1,-1,-1,-1,-1,-1,-1
2014440192627,1,9,0,18,0,0,0,0,0,0,3,1,6,3,-1,-1,1956,2,4,-1,-1
2014440192627,2,9,0,18,0,0,0,0,0,0,4,1,6,2,48,8,1685,2,-1,4,1
2014440192679,1,9,0,9,0,1,0,0,0,0,2,1,6,1,20,4,1900,2,10,2,1
2014440192679,2,5,0,18,0,1,1,0,0,0,1,1,6,1,53,8,865,1,5,6,1
2014440192994,1,1,0,18,3,0,0,0,1,7,1,1,2,2,60,9,-1,-1,-1,4,1
2014440193128,1,9,0,18,0,1,1,0,0,0,1,1,2,2,29,6,1598,1,10,6,1
2014440193128,2,9,0,3,0,1,0,0,0,0,2,1,2,2,20,4,1198,1,11,3,1
2014440193150,1,2,0,18,0,8,0,0,0,0,1,1,6,2,47,8,49,1,15,4,1
2014440193150,2,9,0,9,0,8,0,0,0,0,1,1,6,3,-1,-1,1968,2,7,-1,-1
2014440193360,1,9,0,1,0,6,0,0,3,11,2,1,6,1,87,11,1598,1,13,-1,1
2014440193440,1,9,0,1,0,6,0,0,0,0,2,1,6,2,38,7,1339,1,9,9,1
2014440193532,1,9,0,16,0,0,1,0,0,0,1,1,6,1,44,7,1781,1,24,8,2
2014440193532,2,21,1,16,0,0,1,0,0,0,1,2,1,1,44,7,-1,-1,-1,-1,-1