Accident_Index,Vehicle_Reference,Vehicle_Type,Towing_and_Articulation,Vehicle_Manoeuvre,Vehicle_Location-Restricted_Lane,Junction_Location,Skidding_and_Overturning,Hit_Object_in_Carriageway,Vehicle_Leaving_Carriageway,Hit_Object_off_Carriageway,1st_Point_of_Impact,Was_Vehicle_Left_Hand_Drive?,Journey_Purpose_of_Driver,Sex_of_Driver,Age_of_Driver,Age_Band_of_Driver,Engine_Capacity_(CC),Propulsion_Code,Age_of_Vehicle,Driver_IMD_Decile,Driver_Home_Area_Type
2014440209862,1,9,0,7,0,8,0,0,0,0,1,1,6,2,49,8,1390,1,10,6,1
2014440209862,2,9,0,18,0,8,0,0,0,0,1,1,6,2,74,10,1329,1,2,10,3
2014440209907,1,9,0,18,0,8,5,0,0,0,4,1,6,2,36,7,1910,2,9,3,1
2014440209931,1,2,0,5,0,8,0,0,0,0,2,1,6,2,44,7,124,1,8,2,1
2014440209931,2,9,0,5,0,8,0,0,0,0,2,1,1,2,47,8,1598,1,13,2,1
2014440210071,1,3,0,16,0,0,0,0,0,0,0,1,6,1,22,5,124,1,1,-1,1
2014440210281,1,3,0,18,0,8,1,0,0,0,4,1,6,1,17,4,124,1,18,-1,-1
2014440210281,2,9,0,5,0,8,0,0,0,0,1,1,6,3,-1,-1,-1,-1,-1,-1,-1
2014440210284,1,9,0,5,0,0,0,0,0,0,1,1,6,1,34,6,1598,2,3,-1,1
2014440210284,2,9,0,4,0,0,0,0,0,0,2,1,6,1,43,7,1560,2,6,-1,1
2014440210368,1,9,0,18,0,0,2,0,7,4,1,1,6,2,83,11,1299,1,9,7,3
2014440210368,2,9,0,18,0,0,0,0,0,0,0,1,6,3,-1,-1,-1,-1,-1,-1,-1
2014440210414,1,9,0,17,0,0,0,0,1,11,1,1,6,2,23,5,1390,1,3,5,1
2014440210414,2,9,0,2,0,0,0,0,0,0,2,1,6,3,-1,-1,1560,2,1,-1,-1
2014440210452,1,9,0,17,0,0,0,0,1,4,1,1,6,2,19,4,1398,2,10,10,1
2014440210709,1,9,0,18,0,0,0,0,1,1,1,1,6,2,50,8,1598,1,3,4,1
2014440210879,1,8,0,18,0,8,0,0,0,0,0,1,1,3,-1,-1,-1,-1,-1,-1,-1
2014440210942,1,9,0,18,0,8,0,0,0,0,1,1,6,1,17,4,1242,1,9,10,1
2014440210942,2,8,0,18,0,8,0,0,0,0,1,1,1,1,32,6,1968,2,4,-1,1
2014440211083,1,3,0,18,0,8,0,0,0,0,1,1,6,1,18,4,124,1,7,5,1
2014440211083,2,9,0,9,0,8,0,0,0,0,3,1,6,1,-1,-1,1124,1,12,3,1
2014440211150,1,1,0,18,0,8,0,0,0,0,2,1,6,2,65,9,-1,-1,-1,-1,-1
2014440211150,2,9,0,5,0,4,0,0,0,0,1,1,6,2,39,7,1910,2,6,3,1
2014440211163,1,9,0,9,0,8,0,0,0,0,1,1,6,1,25,5,1984,1,20,3,1
2014440211163,2,9,0,18,0,8,0,0,0,0,3,1,6,1,19,4,1390,1,13,2,1
2014440211344,1,9,0,18,0,0,0,0,0,11,4,1,1,1,53,8,1896,2,5,8,1
2014440211344,2,9,0,18,0,0,0,0,0,0,1,1,6,2,52,8,2179,2,1,9,1
2014440211367,1,1,0,14,0,0,0,0,0,0,2,1,6,1,19,4,-1,-1,-1,5,3
2014440211367,2,9,0,14,0,0,0,0,0,0,1,1,6,1,59,9,2967,1,10,4,1
2014440211498,1,9,0,18,0,8,0,0,0,0,3,1,6,1,22,5,1242,1,8,8,1
2014440211498,2,9,0,6,0,8,0,0,0,0,4,1,6,2,18,4,1246,1,9,3,1
2014440211645,1,9,0,18,0,1,0,0,0,0,2,1,6,1,51,8,1364,1,7,6,1
2014440211645,2,9,0,18,0,1,0,0,0,0,2,1,6,2,60,9,1242,1,4,4,1
2014440211645,3,9,0,18,0,1,0,0,0,0,2,1,6,1,59,9,1560,2,3,8,1
2014440211645,4,19,0,18,0,1,0,0,0,0,1,1,6,1,58,9,-1,-1,-1,2,1
2014440211735,1,2,0,18,0,0,0,0,1,10,1,1,2,1,59,9,49,1,1,8,1
2014440211774,1,9,0,18,0,0,0,0,0,0,3,1,6,1,53,8,2143,2,4,10,1
2014440211774,2,9,0,18,0,0,0,0,0,0,3,1,6,1,35,6,1595,1,13,9,2
2014440211799,1,9,0,18,0,0,0,0,0,0,4,1,6,1,25,5,-1,-1,-1,10,1
2014440212091,1,9,0,18,0,0,0,0,4,6,3,1,6,1,19,4,1389,1,19,-1,-1
2014440212205,1,9,0,2,0,8,0,0,0,0,3,1,3,1,-1,-1,-1,-1,-1,-1,-1
2014440212205,2,9,0,18,0,8,0,0,0,0,4,1,6,1,-1,-1,-1,-1,-1,8,1
2014440212241,1,9,0,17,0,8,0,0,0,0,4,1,6,1,57,9,1995,2,10,4,1
2014440212241,2,9,0,17,0,8,0,0,0,0,3,1,6,2,36,7,1998,1,11,1,1
2014440212282,1,9,0,16,0,8,0,0,7,2,1,1,2,2,61,9,1360,1,9,5,1
2014440212282,2,9,0,17,0,8,0,0,0,0,3,1,2,2,51,8,2499,1,7,10,2
2014440212294,1,5,0,18,0,8,0,0,0,0,1,1,2,1,34,6,996,1,15,8,1
2014440212294,2,9,0,9,0,8,0,0,0,0,3,1,2,1,27,6,1794,1,14,9,1
2014440212323,1,9,0,2,0,8,0,0,0,0,3,1,1,2,55,8,1242,1,1,-1,-1
2014440212323,2,1,0,18,0,8,0,0,0,0,1,1,1,1,42,7,-1,-1,-1,4,1
2014440212353,1,9,0,18,0,0,0,0,1,4,1,1,3,2,59,9,2184,2,8,10,1
2014440212379,1,19,0,18,0,8,0,0,0,0,3,1,6,1,53,8,1998,2,9,5,3
2014440212379,2,9,0,7,0,8,0,0,0,0,4,1,6,1,19,4,1229,1,-1,8,1
2014440212414,1,2,0,17,0,8,0,0,0,0,1,1,6,1,16,4,49,1,1,8,1
2014440212414,2,9,0,16,0,8,0,0,0,0,1,1,6,1,31,6,1686,2,11,8,1
2014440212589,1,9,0,16,0,1,1,0,0,0,0,1,6,1,66,10,1991,2,11,5,1
2014440212589,2,11,0,17,0,1,0,0,0,0,0,1,1,3,-1,-1,12902,2,5,-1,-1
2014440212985,1,9,0,9,0,8,0,0,0,0,1,1,6,2,36,7,1560,2,7,5,1
2014440212985,2,9,0,18,0,8,0,0,1,10,1,1,6,2,45,7,1229,1,1,8,1
2014440213205,1,17,0,7,0,8,0,0,0,0,4,1,1,1,16,4,-1,2,3,8,3
2014440213205,2,1,0,15,0,8,0,0,0,0,1,1,6,1,45,7,-1,-1,-1,6,1
2014440213211,1,9,0,18,0,0,0,0,0,0,1,1,6,2,60,9,1399,1,10,10,1
2014440213561,1,9,0,18,0,8,0,0,0,0,1,1,3,1,39,7,-1,-1,-1,7,2
2014440213593,1,2,0,18,0,0,0,0,0,0,1,1,2,2,22,5,50,1,7,8,1
2014440213631,1,9,0,1,0,8,0,0,0,0,2,1,3,1,28,6,1242,1,13,3,1
2014440213631,2,9,0,3,0,8,0,0,0,0,1,1,3,1,44,7,1598,1,5,7,1
2014440214030,1,9,0,5,0,8,0,0,0,0,1,1,6,1,75,10,1598,1,13,4,1
2014440214030,2,9,0,7,0,8,0,0,0,0,0,1,6,1,39,7,1199,1,10,8,1
2014440214088,1,11,0,17,0,0,0,0,0,0,0,1,1,1,38,7,6700,2,2,8,1
2014440214088,2,9,0,16,0,0,0,0,0,0,0,1,6,3,-1,-1,-1,-1,-1,-1,-1
2014440214106,1,11,0,6,0,8,0,0,0,0,0,1,1,1,38,7,9000,2,6,8,1
2014440214106,2,9,0,9,0,8,0,0,0,0,0,1,6,1,-1,-1,-1,-1,-1,-1,-1
2014440214176,1,9,0,18,0,2,0,0,0,0,1,1,3,2,32,6,1598,1,5,10,2
2014440214213,1,3,0,18,0,1,1,0,0,0,1,1,6,1,19,4,125,1,2,10,1
2014440214213,2,9,0,3,0,1,0,0,0,0,2,1,3,2,43,7,1598,1,9,10,1
2014440214388,1,9,0,5,0,4,0,0,0,0,1,1,6,2,17,4,996,1,4,6,1
2014440214388,2,1,0,18,0,8,0,0,0,0,4,1,6,1,61,9,-1,-1,-1,6,1
2014440214543,1,9,0,18,0,0,0,2,1,10,1,1,6,1,82,11,1390,1,9,9,2
2014440214573,1,1,0,18,0,8,0,0,0,0,4,1,6,1,26,6,-1,-1,-1,10,1
2014440214573,2,9,0,7,0,4,0,0,0,0,1,1,6,3,-1,-1,1794,1,9,-1,-1
2014440214706,1,9,0,9,0,8,0,0,0,0,1,1,6,3,-1,-1,-1,-1,-1,-1,-1
2014440214706,2,1,0,18,0,8,0,0,0,0,1,1,6,2,19,4,-1,-1,-1,4,1
2014440214840,1,5,0,16,0,0,1,12,0,0,1,1,2,1,38,7,599,1,13,4,1
2014440214845,1,1,0,9,0,8,0,0,0,0,1,1,6,1,29,6,-1,-1,-1,-1,1
2014440214845,2,9,0,18,0,8,0,0,0,0,1,1,6,3,-1,-1,-1,-1,-1,-1,-1
2014440214923,1,1,0,18,0,1,0,0,0,0,4,1,2,1,28,6,-1,-1,-1,7,1
2014440214923,2,9,0,7,0,6,0,0,0,0,1,1,2,1,63,9,1973,1,16,1,1
2014440214971,1,19,0,18,0,1,0,0,0,0,1,1,6,1,53,8,1753,2,5,5,1
2014440214971,2,1,0,18,0,8,0,0,0,0,3,1,4,1,15,3,-1,-1,-1,4,1
2014440215121,1,9,0,18,0,0,1,0,2,10,1,1,2,1,29,6,1895,1,14,9,3
2014440215131,1,9,0,18,0,0,0,0,0,0,1,1,2,2,33,6,1296,1,17,3,1
2014440215156,1,1,0,18,0,0,0,0,0,0,3,1,6,2,16,4,-1,-1,-1,10,3
2014440215156,2,9,0,13,0,0,0,0,0,0,4,1,6,3,-1,-1,-1,-1,-1,-1,-1
2014440215508,1,1,0,18,0,8,1,0,0,0,3,1,6,1,54,8,-1,-1,-1,8,1
2014440215508,2,9,0,13,0,8,0,0,0,0,4,1,6,1,-1,-1,2996,1,16,-1,-1
2014440215634,1,11,0,13,0,0,0,0,0,0,4,1,1,3,-1,-1,6696,2,1,-1,-1
2014440215634,2,1,0,18,0,0,0,0,0,0,3,1,6,2,43,7,-1,-1,-1,8,1
2014440215738,1,9,0,18,0,0,0,0,0,0,1,1,6,2,67,10,1086,1,6,9,1
2014440215738,2,1,0,18,0,0,0,0,0,0,1,1,6,1,10,2,-1,-1,-1,3,1
2014440215774,1,1,0,18,0,8,1,0,0,0,1,1,2,1,53,8,-1,-1,-1,3,1
2014440215774,2,9,0,5,0,8,0,0,0,0,4,1,1,1,50,8,-1,-1,-1,10,2
2014440215845,1,9,0,18,0,8,0,0,0,0,3,1,2,1,27,6,998,1,4,2,1
2014440215845,2,9,0,18,0,8,0,0,0,0,1,1,2,2,40,7,1781,1,13,10,1
2014440215865,1,9,0,18,0,8,0,0,0,0,1,1,6,1,20,4,1198,1,2,10,1
2014440215865,2,9,0,10,0,8,0,0,0,0,3,1,6,2,71,10,1997,2,10,10,1
2014440216001,1,9,0,18,0,8,0,0,0,0,1,1,6,1,57,9,1753,2,5,10,1
2014440216001,2,9,0,18,0,8,0,0,0,0,3,1,6,1,23,5,2995,1,11,10,1
2014440216001,3,9,0,18,0,8,0,0,0,0,3,1,6,2,43,7,2996,1,7,10,1
2014440216001,4,9,0,18,0,8,0,0,0,0,1,1,6,1,65,9,1898,2,9,10,1
2014440216019,1,9,0,18,0,8,0,0,0,0,1,1,6,1,-1,-1,-1,-1,-1,-1,-1
2014440216050,1,9,0,13,0,0,0,0,0,0,4,1,6,1,-1,-1,-1,-1,-1,-1,-1
2014440216050,2,1,0,18,0,0,0,0,0,0,3,1,6,1,12,3,-1,-1,-1,-1,1
2014440216141,1,9,0,5,0,8,0,0,0,0,1,1,6,2,63,9,1390,1,6,10,1
2014440216141,2,4,0,18,0,8,0,0,0,0,1,1,6,1,34,6,124,1,-1,-1,-1
2014440216181,1,9,0,18,0,8,0,0,0,0,1,1,6,2,20,4,1149,1,10,-1,-1
2014440216181,2,5,0,3,0,8,0,0,0,0,2,1,6,1,50,8,1255,1,6,10,1
2014440216228,1,9,0,18,0,0,0,0,1,0,1,1,6,2,24,5,1800,1,15,-1,-1
2014440216339,1,5,0,11,0,8,0,0,0,0,4,1,2,1,46,8,648,1,17,-1,3
2014440216339,2,9,0,18,0,8,0,0,0,0,1,1,1,1,51,8,-1,-1,-1,6,1
2014440216409,1,9,0,9,0,8,0,0,0,0,3,1,2,2,47,8,1998,1,10,4,1
2014440216409,2,1,0,18,0,1,0,0,0,0,1,1,4,1,12,3,-1,-1,-1,1,1
2014440216761,1,97,0,4,0,0,1,0,0,0,0,1,6,1,24,5,125,1,7,3,1
2014440216761,2,1,0,4,0,0,1,0,0,0,0,1,6,1,53,8,-1,-1,-1,6,3
2014440216776,1,9,0,5,0,0,1,0,0,0,1,1,6,1,88,11,1396,1,15,10,1
2014440216776,2,9,0,18,0,0,1,0,0,0,3,1,6,2,82,11,1870,2,12,10,1
2014440216776,3,9,0,2,0,0,0,0,0,0,3,1,6,3,-1,-1,1560,2,3,-1,-1
2014440217073,1,9,0,9,0,8,0,0,0,0,3,1,6,2,21,5,1598,1,8,10,2
2014440217073,2,9,0,18,0,8,0,0,0,0,4,1,6,2,39,7,1598,1,14,10,1
2014440217191,1,9,0,7,0,8,0,0,0,0,1,1,2,2,19,4,1388,1,9,7,2
2014440217191,2,9,0,18,0,8,0,0,0,0,1,1,6,1,68,10,1396,2,2,7,1
2014440217209,1,9,0,18,0,0,0,0,0,0,1,1,6,1,21,5,1586,1,2,9,1
2014440217209,2,9,0,4,0,0,0,0,0,0,2,1,6,1,55,8,1896,2,13,8,1
2014440217209,3,9,0,4,0,0,0,0,0,0,2,1,6,2,40,7,1995,2,1,4,1
2014440217303,1,9,0,9,4,8,0,0,0,0,1,1,6,2,29,6,1596,1,7,10,1
2014440217303,2,1,0,18,4,8,0,0,0,0,1,1,6,1,18,4,-1,-1,-1,3,1
2014440217305,1,1,0,18,0,2,0,0,0,0,3,1,6,2,44,7,-1,-1,-1,4,1
2014440217305,2,9,0,13,0,2,0,0,0,0,4,1,6,3,-1,-1,-1,-1,-1,-1,-1
2014440217317,1,9,0,3,0,8,0,0,0,0,2,1,6,2,25,5,1598,1,14,4,3
2014440217317,2,9,0,4,0,8,0,0,0,0,1,1,6,3,-1,-1,1840,1,13,-1,-1
2014440217438,1,9,0,7,0,8,0,0,0,0,4,1,6,2,27,6,1984,1,13,-1,1
2014440217438,2,9,0,18,0,8,0,0,0,0,3,1,6,1,65,9,1796,1,2,3,1
2014440217547,1,2,0,7,0,8,0,0,0,0,4,1,6,1,17,4,49,1,9,6,1
2014440217597,1,9,0,16,0,0,1,0,7,11,4,1,6,1,18,4,1149,1,11,-1,-1
2014440217778,1,9,0,13,0,1,0,0,0,0,4,1,2,1,63,9,1796,1,9,8,1
2014440217778,2,1,0,18,0,1,0,0,0,0,3,1,4,1,15,3,-1,-1,-1,9,1
2014440217977,1,9,0,18,0,8,0,0,0,0,0,1,6,1,30,6,-1,-1,-1,2,1
2014440217977,2,1,0,9,0,8,0,0,0,0,0,1,6,3,-1,-1,-1,-1,-1,-1,-1
2014440217987,1,8,0,7,9,8,0,0,0,0,4,1,6,1,64,9,2143,2,3,8,2
2014440217987,2,1,0,18,9,8,0,0,0,0,3,1,6,2,23,5,-1,-1,-1,-1,1
2014440218061,1,9,0,18,0,1,0,0,0,0,1,1,6,2,52,8,2793,1,15,8,1
2014440218061,2,9,0,4,0,1,0,0,0,0,2,1,6,2,63,9,1598,1,7,9,1
2014440218061,3,9,0,4,0,1,0,0,0,0,2,1,6,1,-1,-1,1997,2,3,5,1
2014440218061,4,9,0,4,0,1,0,0,0,0,2,1,6,2,37,7,1199,1,10,6,1
2014440218065,1,22,0,18,0,0,0,0,0,0,4,1,6,1,76,11,-1,-1,-1,2,1
2014440218065,2,9,0,1,0,0,0,0,0,0,2,1,6,3,-1,-1,-1,-1,-1,-1,-1
2014440218132,1,9,0,5,0,2,0,0,0,0,1,1,6,3,-1,-1,1998,2,8,-1,-1
2014440218132,2,1,0,13,0,2,0,0,0,0,2,1,2,2,39,7,-1,-1,-1,-1,1
2014440218190,1,19,0,13,0,8,0,0,0,0,4,1,6,3,-1,-1,-1,-1,-1,-1,-1
2014440218190,2,1,0,18,0,8,0,0,0,0,3,1,6,2,27,6,-1,-1,-1,8,1
2014440218378,1,9,0,4,0,0,0,0,0,0,2,1,1,2,54,8,2295,1,13,10,1
2014440218378,2,9,0,18,0,0,0,0,0,0,1,1,6,2,67,10,1364,1,8,9,1
2014440218378,3,9,0,18,0,0,0,0,0,0,1,1,6,1,23,5,1984,1,10,10,1
2014440218438,1,3,0,17,0,0,0,0,1,11,1,1,6,1,25,5,124,1,3,3,1
2014440218449,1,9,0,18,0,0,0,0,0,0,4,1,6,2,60,9,1988,1,12,8,1
2014440218481,1,1,0,18,0,1,1,0,0,0,0,1,6,1,56,9,-1,-1,-1,10,1
2014440218518,1,9,0,9,0,8,0,0,0,0,3,1,6,2,59,9,1198,1,-1,4,1
2014440218518,2,9,0,17,0,8,0,0,0,0,1,1,2,1,29,6,-1,-1,-1,9,1
2014440218522,1,9,0,4,0,0,0,0,0,0,2,1,6,1,57,9,1598,1,2,3,1
2014440218522,2,9,0,4,0,0,0,0,0,0,1,1,6,1,42,7,1598,1,5,4,1
2014440218522,3,9,0,4,0,0,0,0,0,0,1,1,6,1,51,8,998,1,6,10,1
2014440218522,4,9,0,4,0,0,0,0,0,0,1,1,6,1,23,5,-1,-1,-1,10,3
2014440218569,1,9,0,18,0,1,0,0,0,0,1,1,6,2,75,10,1240,1,4,8,1
2014440218569,2,9,0,18,0,1,0,0,0,0,1,1,2,1,56,9,1910,2,6,8,1
2014440218569,3,9,0,18,0,1,0,0,0,0,1,1,2,1,31,6,1461,2,4,-1,1
2014440218619,1,5,0,18,0,0,1,0,0,0,1,1,6,2,21,5,583,1,16,8,3
2014440218619,2,9,0,4,0,0,0,0,0,0,2,1,2,2,28,6,1399,1,5,8,3
2014440218669,1,19,0,9,0,6,0,0,0,0,3,1,2,1,30,6,1896,2,12,5,1
2014440218669,2,2,0,18,0,1,0,0,0,0,1,1,1,1,35,6,-1,-1,-1,4,1
2014440218707,1,9,0,18,0,0,0,0,5,6,1,1,6,2,30,6,1560,2,5,10,1
2014440218719,1,9,0,7,0,4,0,0,0,0,3,1,6,2,23,5,1248,2,6,10,1
2014440218719,2,3,0,18,0,8,0,0,0,0,1,1,2,1,20,4,124,1,5,3,1
2014440218730,1,9,0,5,0,8,0,0,0,0,1,1,6,2,55,8,1229,1,8,4,1
2014440218730,2,9,0,18,0,8,0,0,0,0,3,1,6,1,34,6,-1,-1,-1,5,3
2014440218827,1,9,0,4,0,0,0,0,0,0,2,1,1,1,41,7,1323,1,12,3,1
2014440218827,2,9,0,18,0,0,1,0,0,0,1,1,6,3,-1,-1,-1,-1,-1,-1,-1
2014440218954,1,9,0,3,0,1,0,0,0,0,2,1,6,1,22,5,1149,1,13,4,1
2014440218954,2,3,0,18,0,1,1,0,0,0,1,1,6,1,21,5,125,1,13,3,1
2014440219280,1,9,0,18,0,0,0,4,0,0,1,1,6,2,19,4,1299,1,15,4,1
2014440219280,2,9,0,2,0,0,0,0,0,0,2,1,6,2,47,8,-1,-1,-1,-1,-1
2014440219440,1,9,0,5,0,8,0,0,0,0,1,1,6,2,64,9,998,1,-1,3,1
2014440219440,2,9,0,5,0,8,0,0,0,0,2,1,6,1,-1,-1,998,1,-1,-1,-1
2014440219446,1,9,0,18,0,0,0,0,0,0,3,1,6,2,47,8,1598,1,4,1,1
2014440219446,2,9,0,18,0,0,0,0,0,0,3,1,6,2,38,7,1796,1,4,8,1
2014440219582,1,9,0,9,0,8,0,0,0,0,3,1,6,3,-1,-1,-1,-1,-1,-1,-1
2014440219599,1,5,0,1,0,8,1,0,0,0,1,1,6,1,66,10,650,1,46,-1,-1
2014440219599,2,9,0,3,0,8,0,0,0,0,1,1,6,1,30,6,4163,1,1,4,1
2014440219640,1,9,0,17,0,8,0,0,0,0,4,1,6,2,27,6,1781,1,9,7,1
2014440219640,2,9,0,7,0,8,0,0,0,0,3,1,6,2,77,11,1781,1,9,9,3
2014440219741,1,9,0,10,0,8,0,0,0,0,2,1,6,2,57,9,1229,1,9,9,3
2014440219741,2,5,0,4,0,1,1,0,1,9,1,1,6,1,32,6,645,1,10,8,2
2014440220004,1,19,0,2,0,0,0,0,0,0,3,1,6,1,-1,-1,-1,-1,-1,-1,-1
2014440220004,2,1,0,18,0,0,0,0,0,0,4,1,6,1,41,7,-1,-1,-1,4,1
2014440220318,1,9,0,16,0,0,1,0,1,4,1,1,6,2,19,4,1242,1,14,9,1
2014440220463,1,19,0,18,0,0,0,0,0,0,0,1,6,3,-1,-1,-1,-1,-1,-1,-1
2014440220575,1,9,0,18,0,1,0,0,0,0,3,1,6,3,-1,-1,-1,-1,-1,-1,-1
2014440220575,2,1,0,18,0,1,0,0,0,0,1,1,6,1,26,6,-1,-1,-1,9,1
2014440220673,1,9,0,7,0,8,0,0,0,0,3,1,6,1,33,6,1598,1,4,10,1
2014440220673,2,1,0,18,0,8,0,0,0,0,1,1,6,2,54,8,-1,-1,-1,6,1
2014440220880,1,9,0,9,0,8,0,0,0,0,3,1,6,1,73,10,2231,2,7,10,3
2014440220880,2,1,0,18,0,8,0,0,0,0,1,1,6,1,52,8,-1,-1,-1,10,1
2014440220881,1,9,0,5,0,1,0,0,0,0,1,1,6,1,52,8,4806,1,6,10,1
2014440220881,2,9,0,5,0,1,0,0,0,0,2,1,6,2,20,4,1242,1,10,-1,1
2014440220929,1,9,0,18,0,0,2,0,2,10,0,1,6,2,21,5,998,1,11,-1,-1
2014440221675,1,9,0,18,0,0,0,0,0,0,2,1,6,1,-1,-1,4663,1,1,-1,-1
2014440221675,2,9,0,18,0,0,0,0,0,0,1,1,6,2,19,4,1988,2,8,9,3
2014440221689,1,19,0,18,0,0,0,0,0,0,1,1,2,1,53,8,1560,2,1,6,1
2014440221689,2,9,0,18,0,0,0,0,0,0,1,1,2,2,40,7,1997,2,12,-1,-1
2014440221737,1,9,0,9,0,8,0,0,0,0,3,1,6,2,76,11,1584,1,8,-1,1
2014440221737,2,11,0,9,0,8,0,0,0,0,4,1,1,1,49,8,6370,2,7,2,1
2014440221875,1,9,0,9,0,8,0,0,0,0,1,1,6,1,25,5,1596,1,23,2,1
2014440221971,1,9,0,3,0,1,0,0,0,0,2,1,1,2,44,7,998,1,10,5,1
2014440221971,2,19,0,5,0,1,0,0,0,0,1,1,1,1,-1,-1,1560,2,-1,9,3
2014440221971,3,9,0,3,0,1,0,0,0,0,1,1,6,2,-1,-1,1598,1,4,9,1
2014440222052,1,1,0,17,0,0,0,10,0,0,1,1,6,1,52,8,-1,-1,-1,-1,-1
2014440222081,1,9,0,18,0,8,0,0,0,0,2,1,1,2,-1,-1,1598,2,1,10,1
2014440222081,2,3,0,18,0,8,0,0,0,0,1,1,4,1,17,4,125,1,-1,10,1
2014440222130,1,9,0,18,0,0,0,0,0,0,0,1,6,3,-1,-1,-1,-1,-1,-1,-1
2014440222130,2,2,0,18,0,0,0,0,0,0,0,1,6,1,16,4,49,1,1,5,1
2014440222176,1,5,0,18,0,8,0,0,0,0,1,1,6,1,73,10,750,1,22,6,1
2014440222176,2,21,1,9,0,8,0,0,0,0,3,1,6,1,-1,-1,12900,2,7,-1,-1
2014440222194,1,9,0,2,0,1,0,0,0,0,3,1,6,2,49,8,1796,1,-1,8,1
2014440222194,2,1,0,14,0,1,1,0,0,0,1,1,6,2,52,8,-1,-1,-1,6,1
2014440222222,1,9,0,5,0,0,0,0,0,0,4,1,3,1,30,6,1398,2,4,8,1
2014440222866,1,9,0,18,0,8,5,0,5,6,3,1,6,1,44,7,1598,1,14,7,2
2014440222878,1,19,0,18,0,0,2,0,7,4,1,1,1,1,45,7,2151,2,10,9,1
2014440222927,1,19,0,10,0,8,0,0,0,0,2,1,2,1,42,7,2198,2,1,4,1
2014440222927,2,3,0,18,0,8,0,0,0,0,1,1,2,1,20,4,124,1,5,10,1
2014440222934,1,9,0,18,0,1,0,0,0,0,1,1,2,2,18,4,1199,1,11,4,1
2014440222984,1,9,0,18,0,8,0,0,0,0,1,1,1,2,23,5,989,1,13,7,1
2014440222984,2,9,0,7,0,8,0,0,0,0,3,1,2,2,33,6,1364,1,5,5,1
2014440223019,1,9,0,5,0,1,0,0,0,0,1,1,2,2,22,5,1596,1,6,8,3
2014440223019,2,9,0,5,0,1,0,0,0,0,2,1,6,1,32,6,2987,2,5,5,1
2014440223036,1,9,0,18,0,0,1,0,0,0,1,1,2,2,27,6,1299,1,12,5,1
2014440223161,1,9,0,16,0,0,1,0,0,0,1,1,6,1,44,7,998,1,14,-1,3
2014440223161,2,90,0,17,0,0,0,0,0,0,1,1,1,1,37,7,6370,2,10,8,1
2014440223370,1,9,0,9,0,8,0,0,0,0,4,1,6,2,21,5,-1,-1,-1,-1,1
2014440223370,2,11,0,18,0,8,0,0,0,0,3,1,1,3,-1,-1,6696,2,1,-1,-1
2014440223677,1,9,0,18,0,2,0,0,0,0,1,1,6,1,24,5,1364,1,10,2,1
2014440223712,1,1,0,9,0,8,0,0,0,0,1,1,6,2,59,9,-1,-1,-1,6,1
2014440223712,2,9,0,5,0,8,0,0,0,0,1,1,6,2,-1,-1,-1,-1,-1,10,3
2014440223756,1,1,0,18,0,8,0,0,0,0,2,1,2,1,29,6,-1,-1,-1,4,1
2014440223756,2,9,0,18,0,8,0,0,0,0,4,1,6,3,-1,-1,1595,1,8,-1,-1
2014440223831,1,9,0,9,0,8,0,7,0,0,4,1,6,1,17,4,1242,1,12,8,1
2014440223831,2,9,0,18,0,8,0,0,0,0,1,1,6,1,25,5,1149,1,11,2,1
2014440223889,1,9,0,18,0,0,0,0,2,4,1,1,1,1,61,9,1995,2,1,7,1
2014440224027,1,3,0,18,0,8,0,0,1,0,2,1,6,1,21,5,125,1,7,3,1
2014440224027,2,9,0,18,0,8,0,0,0,0,1,1,6,1,21,5,1600,1,10,2,1
2014440224150,1,9,0,18,0,0,0,0,0,0,1,1,2,2,17,4,999,1,9,2,1
2014440224150,2,1,0,18,0,0,0,0,0,0,2,1,6,1,17,4,-1,-1,-1,7,1
2014440224232,1,9,0,18,0,0,5,0,1,3,4,1,6,1,50,8,1896,2,12,7,1
2014440224358,1,9,0,7,0,8,0,0,0,0,1,1,2,1,36,7,1995,2,-1,10,1
2014440224358,2,9,0,9,0,8,0,0,0,0,3,1,6,2,57,9,1749,1,12,9,3
2014440224379,1,9,0,18,0,0,0,0,0,0,1,1,2,1,62,9,1560,2,1,10,1
2014440224420,1,19,0,18,0,1,0,0,0,0,1,1,1,1,25,5,1995,2,4,9,1
2014440224420,2,19,0,4,0,1,0,0,0,0,2,1,1,1,30,6,1248,2,7,10,1
2014440224420,3,9,0,4,0,1,0,0,0,0,2,1,6,3,-1,-1,-1,-1,-1,-1,-1
2014440224540,1,1,0,18,0,0,0,0,1,0,1,1,6,2,16,4,-1,-1,-1,10,2
2014440224540,2,9,0,2,0,0,0,0,0,0,2,1,6,2,53,8,1461,2,2,10,2
2014440224565,1,9,0,8,0,8,0,0,0,0,2,1,2,2,26,6,1596,1,12,4,1
2014440224565,2,9,0,18,0,8,0,0,0,0,1,1,6,1,74,10,-1,-1,-1,2,1