Accident_Index,Vehicle_Reference,Vehicle_Type,Towing_and_Articulation,Vehicle_Manoeuvre,Vehicle_Location-Restricted_Lane,Junction_Location,Skidding_and_Overturning,Hit_Object_in_Carriageway,Vehicle_Leaving_Carriageway,Hit_Object_off_Carriageway,1st_Point_of_Impact,Was_Vehicle_Left_Hand_Drive?,Journey_Purpose_of_Driver,Sex_of_Driver,Age_of_Driver,Age_Band_of_Driver,Engine_Capacity_(CC),Propulsion_Code,Age_of_Vehicle,Driver_IMD_Decile,Driver_Home_Area_Type
2014440256951,1,2,0,17,0,1,0,0,0,0,4,1,6,1,16,4,49,1,15,4,1
2014440257163,1,9,0,18,0,0,0,0,2,10,4,1,6,1,21,5,1149,1,10,9,1
2014440257252,1,9,0,18,0,0,0,4,0,0,1,1,6,2,22,5,1595,1,14,5,2
2014440257252,2,9,0,2,0,0,0,0,0,0,4,1,6,2,50,8,-1,-1,-1,8,1
2014440257305,1,9,0,18,0,1,1,0,0,0,1,1,6,1,19,4,1198,1,12,10,2
2014440257305,2,9,0,2,0,1,0,10,0,0,2,1,6,3,-1,-1,1598,1,7,-1,-1
2014440257559,1,11,0,3,0,2,0,0,0,0,2,1,1,1,58,9,6696,2,1,6,2
2014440257559,2,19,0,7,0,2,0,0,1,0,1,1,1,1,39,7,2148,2,7,5,1
2014440257622,1,9,0,18,0,0,1,0,1,0,1,1,6,1,82,11,1791,8,2,7,1
2014440257622,2,9,0,3,0,0,0,0,0,0,2,1,6,2,31,6,1988,1,12,4,1
2014440257622,3,9,0,3,0,0,0,0,0,0,2,1,6,1,81,11,1388,1,7,10,1
2014440257636,1,9,0,18,0,8,0,0,0,0,1,1,6,1,29,6,2993,2,10,4,1
2014440257636,2,9,0,7,0,6,0,0,0,0,4,1,6,1,26,6,2967,2,5,9,3
2014440257669,1,90,0,18,0,1,0,0,0,0,4,1,6,2,17,4,-1,-1,-1,5,1
2014440257669,2,9,0,7,0,8,0,0,0,0,1,1,6,1,51,8,1686,2,9,1,1
2014440257799,1,9,0,17,0,0,0,0,0,0,1,1,6,1,31,6,1796,1,11,7,1
2014440257894,1,9,0,18,0,1,0,0,0,0,1,1,6,2,35,6,1596,1,12,4,1
2014440258027,1,9,0,18,0,2,0,0,0,0,4,1,6,2,62,9,1560,2,4,5,1
2014440258027,2,2,0,18,0,2,0,0,0,0,3,1,6,2,51,8,49,1,10,5,1
2014440258140,1,9,0,18,0,0,0,0,0,0,1,1,6,1,26,6,1390,1,11,10,1
2014440258411,1,8,0,18,0,8,0,0,0,0,1,1,1,1,43,7,1753,2,6,2,1
2014440258411,2,9,0,9,0,8,0,0,0,0,3,1,6,1,71,10,1242,1,2,8,1
2014440258862,1,3,0,18,0,8,0,0,0,0,1,1,6,1,20,4,124,1,3,10,2
2014440258862,2,9,0,10,0,8,0,0,0,0,2,1,6,1,47,8,1968,1,9,9,1
2014440258918,1,9,0,18,0,8,0,0,0,0,1,1,6,1,33,6,1968,2,6,1,1
2014440258918,2,1,0,18,0,4,0,0,0,0,3,1,6,1,50,8,-1,-1,-1,-1,-1
2014440259008,1,9,0,9,0,2,0,0,0,0,0,1,6,2,28,6,1582,2,5,7,1
2014440259008,2,1,0,9,0,2,0,0,0,0,0,1,1,1,21,5,-1,-1,-1,-1,1
2014440259096,1,9,0,4,0,0,0,0,0,0,2,1,6,2,19,4,998,1,22,8,2
2014440259096,2,9,0,18,0,0,0,0,0,0,1,1,6,3,-1,-1,-1,-1,-1,-1,-1
2014440259191,1,9,0,5,0,0,0,0,0,0,1,1,6,3,-1,-1,-1,-1,-1,-1,-1
2014440259191,2,1,0,18,0,0,0,0,0,0,3,1,6,1,11,3,-1,-1,-1,2,1
2014440259255,1,9,0,6,0,2,0,0,0,0,3,1,6,1,28,6,2000,1,5,10,1
2014440259255,2,5,0,13,0,2,0,0,0,0,1,1,1,1,41,7,1170,1,-1,2,1
2014440259384,1,9,0,18,0,2,0,0,0,0,4,1,6,3,-1,-1,-1,-1,-1,-1,-1
2014440259459,1,9,0,18,0,0,2,10,1,11,1,1,6,2,25,5,1300,1,15,8,1
2014440259541,1,9,0,16,0,0,0,0,0,0,1,1,6,1,27,6,1598,1,8,10,1
2014440259541,2,9,0,17,0,0,0,0,0,0,1,1,6,2,28,6,1124,1,14,10,1
2014440259556,1,5,0,5,0,6,0,0,0,0,0,1,6,2,22,5,645,1,1,9,1
2014440259883,1,9,0,18,0,1,0,0,0,0,1,1,2,2,19,4,1086,1,8,5,1
2014440259883,2,9,0,9,0,6,0,0,0,0,3,1,6,1,23,5,1799,1,4,2,1
2014440260033,1,19,0,3,0,1,0,0,0,0,2,1,1,1,43,7,2148,2,3,2,1
2014440260033,2,9,0,5,0,1,0,0,0,0,1,1,1,2,40,7,2231,2,6,8,2
2014440260134,1,9,0,3,0,0,0,0,0,0,2,1,6,2,23,5,1360,1,14,1,1
2014440260134,2,9,0,18,0,0,0,0,0,0,1,1,6,3,-1,-1,1988,1,13,-1,-1
2014440260257,1,21,0,17,0,8,0,0,0,0,1,1,1,1,63,9,-1,2,6,4,1
2014440260257,2,9,0,10,0,8,0,0,0,0,2,1,6,2,56,9,1398,2,1,-1,-1
2014440260280,1,1,0,6,0,0,0,0,0,0,3,1,6,1,34,6,-1,-1,-1,10,3
2014440260280,2,1,0,13,0,0,0,0,0,0,1,1,6,1,66,10,-1,-1,-1,10,1
2014440260441,1,9,0,9,0,8,0,0,0,0,3,1,6,2,28,6,1398,1,2,-1,1
2014440260441,2,9,0,18,0,8,0,0,1,0,3,1,6,2,46,8,1997,1,13,6,1
2014440260441,3,9,0,10,0,8,0,0,0,0,3,1,6,2,57,9,1598,1,12,9,1
2014440260585,1,4,0,18,0,8,0,0,0,0,1,1,6,1,81,11,249,1,9,5,3
2014440260585,2,9,0,9,0,8,0,0,0,0,1,1,6,1,82,11,1596,1,4,5,3
2014440260708,1,9,0,10,0,8,0,0,0,0,2,1,6,2,-1,-1,1560,2,3,-1,-1
2014440260708,2,1,0,18,0,8,0,0,0,0,1,1,6,1,29,6,-1,-1,-1,-1,1
2014440260753,1,9,0,2,0,8,0,0,0,0,3,1,6,2,36,7,1995,2,11,5,1
2014440260753,2,1,0,18,0,8,0,0,0,0,1,1,6,2,28,6,-1,-1,-1,6,1
2014440260803,1,9,0,4,0,1,0,0,0,0,1,1,6,2,26,6,1360,1,14,2,1
2014440260803,2,1,0,7,0,8,0,0,0,0,1,1,6,1,11,3,-1,-1,-1,5,1
2014440260876,1,9,0,4,0,8,0,0,0,0,2,1,6,2,20,4,-1,-1,-1,3,1
2014440260876,2,9,0,4,0,8,0,0,0,0,1,1,6,3,-1,-1,1461,2,6,-1,-1
2014440260919,1,1,0,18,0,0,0,0,0,0,1,1,2,1,46,8,-1,-1,-1,5,1
2014440260919,2,11,0,18,0,0,0,0,0,0,1,1,1,1,37,7,5900,2,16,1,1
2014440261404,1,8,0,18,0,8,0,0,0,0,1,1,1,1,-1,-1,-1,-1,-1,-1,-1
2014440261406,1,9,0,11,0,0,0,0,0,0,1,1,2,1,22,5,1995,2,7,6,3
2014440261406,2,9,0,4,0,0,0,0,0,0,2,1,6,2,43,7,-1,-1,-1,-1,1
2014440261465,1,9,0,18,0,0,0,0,0,0,1,1,1,1,29,6,1998,2,11,9,3
2014440261465,2,9,0,4,0,0,0,0,0,0,2,1,1,1,45,7,1461,2,2,8,1
2014440261465,3,9,0,4,0,0,0,0,0,0,2,1,1,1,40,7,1796,2,1,4,1
2014440261465,4,9,0,4,0,0,0,0,0,0,2,1,1,1,27,6,1686,2,4,10,1
2014440261515,1,9,0,9,0,8,0,0,0,0,1,1,6,1,65,9,-1,-1,-1,5,3
2014440261515,2,5,0,18,0,1,0,0,0,0,4,1,6,1,60,9,849,1,18,3,1
2014440261634,1,9,0,18,0,0,0,0,0,0,4,1,6,1,-1,-1,1242,1,13,-1,-1
2014440261689,1,9,0,18,0,0,0,0,0,0,4,1,6,2,85,11,1339,1,10,6,1
2014440261704,1,9,0,18,0,0,2,0,1,10,4,1,6,2,63,9,1364,1,7,9,2
2014440261732,1,8,0,9,0,8,0,0,0,0,2,1,6,1,46,8,2204,2,7,7,1
2014440261732,2,9,0,16,0,8,0,0,0,0,1,1,6,1,24,5,-1,-1,-1,5,1
2014440261852,1,9,0,6,0,0,1,0,4,0,3,1,6,2,54,8,1895,1,16,10,1
2014440261852,2,19,0,13,0,0,1,0,4,0,4,1,1,1,56,9,1248,2,-1,10,1
2014440262219,1,9,0,2,0,0,0,0,0,0,2,1,6,3,-1,-1,1996,1,14,-1,-1
2014440262219,2,9,0,18,0,0,0,0,0,0,1,1,2,1,39,7,1896,2,9,10,1
2014440262232,1,19,0,18,0,0,0,0,0,0,1,1,6,1,-1,-1,2151,2,12,-1,-1
2014440262232,2,9,0,3,0,0,0,0,0,0,2,1,6,1,72,10,998,1,3,10,1
2014440262232,3,9,0,3,0,0,0,0,0,0,2,1,6,1,30,6,1591,1,2,4,1
2014440262245,1,1,0,18,0,0,0,0,0,0,0,1,2,1,32,6,-1,-1,-1,10,1
2014440262269,1,9,0,2,0,1,0,0,0,0,3,1,6,1,54,8,1968,2,8,4,1
2014440262269,2,1,0,14,0,1,0,0,0,0,1,1,6,1,70,10,-1,-1,-1,9,1
2014440262362,1,9,0,18,0,0,0,0,0,0,1,1,6,2,25,5,1242,1,9,8,1
2014440262362,2,9,0,4,0,0,0,0,0,0,2,1,6,2,24,5,1587,1,7,6,1
2014440262458,1,9,0,18,0,0,1,0,0,0,4,1,6,1,63,9,1398,1,-1,-1,-1
2014440262458,2,19,0,18,0,0,2,0,2,7,3,1,1,1,44,7,1995,2,4,5,1
2014440262719,1,5,0,18,0,0,0,12,1,0,1,1,2,1,37,7,1312,1,1,9,1
2014440262804,1,9,0,18,0,8,0,0,0,0,2,1,2,1,18,4,1390,1,11,8,3
2014440262804,2,4,0,18,0,8,0,0,0,0,1,1,2,2,26,6,249,1,5,8,1
2014440262863,1,1,0,18,0,8,0,0,0,0,1,1,6,1,38,7,-1,-1,-1,-1,1
2014440262863,2,9,0,7,0,8,0,0,0,0,3,1,6,3,-1,-1,1242,1,7,-1,-1
2014440263251,1,9,0,2,0,8,0,0,0,0,3,1,6,1,52,8,1598,1,6,2,1
2014440263251,2,1,0,18,0,8,0,0,0,0,1,1,6,1,39,7,-1,-1,-1,5,1
2014440263295,1,9,0,9,0,8,0,0,7,11,1,1,6,2,93,11,1339,1,12,10,1
2014440263369,1,10,0,18,0,8,0,0,0,0,1,1,1,3,-1,-1,-1,-1,-1,-1,-1
2014440263373,1,9,0,18,0,8,0,0,0,0,1,1,6,1,62,9,1560,2,3,8,3
2014440263373,2,9,0,12,0,8,0,0,0,0,3,1,2,1,30,6,1994,2,11,6,3
2014440263525,1,9,0,18,0,0,0,0,0,0,3,1,6,2,84,11,1994,2,13,10,1
2014440263525,2,9,0,18,0,0,0,0,0,0,3,1,6,3,-1,-1,-1,-1,-1,-1,-1
2014440263646,1,19,0,1,0,8,0,0,0,0,4,1,1,1,-1,-1,-1,-1,-1,-1,-1
2014440263646,2,1,0,18,0,8,0,0,0,0,3,1,6,2,66,10,-1,-1,-1,5,1
2014440263732,1,9,0,7,0,8,0,0,0,0,1,1,6,2,47,8,1248,2,4,5,3
2014440263732,2,1,0,18,0,1,0,0,0,0,1,1,6,1,6,2,-1,-1,-1,5,3
2014440263819,1,9,0,12,0,8,0,0,0,0,2,1,6,2,35,6,1998,2,8,-1,-1
2014440263819,2,9,0,12,0,8,0,0,0,0,1,1,6,2,30,6,1968,2,2,-1,1
2014440263819,3,9,0,18,0,8,0,0,0,0,3,1,6,1,41,7,999,1,2,10,1
2014440263819,4,9,0,18,0,8,0,0,0,0,3,1,6,1,46,8,1461,2,-1,5,2
2014440263877,1,19,0,9,0,1,0,0,3,1,1,1,6,1,75,10,1461,2,4,10,2
2014440263974,1,9,0,9,0,8,0,0,0,0,4,1,6,1,21,5,1686,2,8,3,1
2014440263974,2,9,0,18,0,4,0,0,0,0,1,1,6,2,27,6,1229,1,4,8,1
2014440264000,1,9,0,9,0,8,0,0,0,0,4,1,2,1,41,7,1796,1,12,10,1
2014440264000,2,97,0,18,0,1,0,0,0,0,1,1,2,1,57,9,-1,-1,-1,10,1
2014440264078,1,9,0,7,0,1,0,0,3,1,1,1,6,2,24,5,1360,1,13,8,1
2014440264321,1,9,0,5,0,8,0,0,0,0,1,1,6,3,-1,-1,1397,1,14,-1,-1
2014440264321,2,1,0,18,0,8,0,0,0,0,1,1,6,1,26,6,-1,-1,-1,3,1
2014440264458,1,9,0,7,0,8,0,0,0,0,3,1,2,2,44,7,1364,2,6,6,2
2014440264458,2,1,0,18,0,8,0,0,0,0,1,1,2,1,39,7,-1,-1,-1,7,1
2014440264477,1,19,0,18,0,1,0,0,0,0,1,1,1,1,30,6,2402,2,9,8,2
2014440264477,2,9,0,4,0,8,0,0,0,0,2,1,6,1,60,9,1598,1,6,8,3
2014440264768,1,5,0,13,0,8,0,0,0,0,1,1,2,1,58,9,647,1,13,4,1
2014440264768,2,9,0,9,0,8,0,0,0,0,3,1,2,2,40,7,1198,1,4,5,3
2014440264774,1,5,0,18,0,1,1,0,7,2,1,1,2,1,43,7,899,1,16,5,1
2014440264840,1,9,0,12,0,0,0,0,0,0,1,1,6,1,25,5,3246,1,13,9,1
2014440264848,1,5,0,18,0,0,1,0,0,0,0,1,6,1,19,4,600,1,8,5,1
2014440265027,1,19,0,7,4,8,0,0,0,0,0,1,6,1,-1,-1,-1,-1,-1,-1,-1
2014440265027,2,1,0,18,4,8,0,0,0,0,3,1,6,2,45,7,-1,-1,-1,5,1
2014440265079,1,9,0,9,0,8,0,0,0,0,1,1,6,1,34,6,1999,1,10,3,1
2014440265079,2,9,0,18,0,8,0,0,0,0,1,1,6,1,23,5,1870,2,11,3,1
2014440265140,1,19,0,16,0,0,0,0,1,9,1,1,1,1,21,5,2198,2,1,4,1
2014440265140,2,9,0,17,0,0,0,0,0,0,1,1,2,1,52,8,1422,2,5,10,3
2014440265211,1,9,0,2,0,0,0,0,0,0,3,1,3,2,56,9,1997,2,8,3,1
2014440265211,2,9,0,14,0,0,0,0,0,0,1,1,6,2,24,5,1560,2,3,2,1
2014440265248,1,19,0,3,0,0,0,0,0,0,2,1,1,1,42,7,1896,2,4,7,1
2014440265248,2,9,0,3,0,0,0,0,0,0,2,1,6,1,61,9,1339,1,10,10,1
2014440265248,3,9,0,18,0,0,1,0,0,0,1,1,6,1,35,6,2495,2,18,10,2
2014440265262,1,9,0,9,0,8,0,0,0,0,3,1,2,2,42,7,1362,1,1,10,1
2014440265262,2,9,0,18,0,8,0,0,0,0,1,1,2,2,51,8,1398,1,2,10,1
2014440265270,1,3,0,17,0,8,0,0,0,0,2,1,6,1,59,9,85,1,20,7,1
2014440265270,2,19,0,12,0,8,0,0,0,0,1,1,6,1,26,6,1896,2,5,10,1
2014440265382,1,19,0,3,0,1,0,0,0,0,2,1,1,1,50,8,1998,2,13,5,1
2014440265382,2,9,0,10,0,8,0,0,0,0,2,1,6,1,44,7,1598,1,3,10,3
2014440265382,3,11,0,18,0,1,0,0,0,0,1,1,1,1,65,9,9186,2,3,5,1
2014440265388,1,1,0,18,0,0,0,0,0,0,1,1,6,1,14,3,-1,-1,-1,5,1
2014440265723,1,3,0,18,0,8,1,0,0,0,1,1,6,1,17,4,124,1,16,5,1
2014440265723,2,3,0,18,0,8,0,0,0,0,2,1,6,1,20,4,124,1,15,6,1
2014440265732,1,9,0,17,0,8,0,10,3,2,1,1,6,2,24,5,1399,2,9,9,1
2014440265801,1,8,0,5,0,1,0,0,0,0,3,1,1,1,44,7,1685,2,1,4,1
2014440265801,2,1,0,18,0,1,0,0,0,0,4,1,6,1,25,5,-1,-1,-1,5,1
2014440265903,1,19,0,18,0,0,2,0,1,4,4,1,1,1,32,6,1461,2,4,2,1
2014440266119,1,9,0,18,0,0,0,0,0,0,4,1,6,3,-1,-1,-1,-1,-1,-1,-1
2014440266261,1,17,0,3,0,8,0,0,0,0,1,1,1,1,31,6,4800,2,-1,8,3
2014440266261,2,11,0,18,0,8,0,0,0,0,1,1,1,1,55,8,8268,2,8,10,1
2014440266434,1,9,0,18,0,8,0,0,0,0,1,1,6,2,51,8,1679,1,12,10,1
2014440266434,2,9,0,9,0,8,0,0,0,0,1,1,6,1,67,10,1781,1,11,6,1
2014440266499,1,9,0,2,0,0,0,0,0,0,3,1,6,1,39,7,1998,2,12,1,1
2014440266499,2,1,0,18,0,0,0,0,0,0,1,1,6,1,53,8,-1,-1,-1,1,1
2014440266542,1,10,0,18,0,8,0,0,0,0,1,1,1,1,33,6,4249,2,1,5,1
2014440266542,2,9,0,10,0,8,0,0,0,0,2,1,1,1,61,9,2188,2,17,10,1
2014440266670,1,9,0,18,0,8,0,0,0,0,1,1,6,2,55,8,1896,2,11,6,3
2014440266670,2,1,0,9,0,8,0,0,0,0,3,1,6,1,16,4,-1,-1,-1,8,1
2014440266678,1,9,0,4,0,8,0,0,0,0,2,1,6,1,44,7,1461,2,4,8,3
2014440266678,2,9,0,18,0,1,1,0,0,0,1,1,6,1,26,6,1560,2,2,7,1
2014440266744,1,2,0,18,0,1,0,0,0,0,1,1,4,1,16,4,49,1,13,3,1
2014440266744,2,9,0,18,0,2,0,0,0,0,1,1,6,1,75,10,1597,1,9,-1,-1
2014440266760,1,9,0,3,0,0,0,0,0,0,2,1,1,2,56,9,1199,1,14,5,1
2014440266760,2,9,0,18,0,0,1,0,0,0,1,1,6,1,18,4,1896,2,9,9,1
2014440266765,1,9,0,4,0,1,0,0,0,0,2,1,6,2,28,6,1390,1,10,5,1
2014440266765,2,9,0,18,0,1,0,0,0,0,1,1,6,1,71,10,1598,1,8,9,1
2014440266770,1,9,0,13,0,0,0,0,1,0,3,1,6,1,32,6,1391,1,18,8,1
2014440266770,2,9,0,18,0,0,1,0,0,0,3,1,6,1,58,9,-1,-1,-1,7,3
2014440266854,1,9,0,18,0,2,0,0,0,0,3,1,6,2,44,7,1596,1,14,3,1
2014440266856,1,9,0,9,0,8,0,0,0,0,3,1,6,1,46,8,1598,1,1,10,1
2014440266856,2,9,0,13,0,8,2,0,1,0,1,1,2,1,44,7,1598,1,-1,6,3
2014440266883,1,9,0,18,0,0,0,0,0,0,4,1,2,1,25,5,1686,2,8,4,1
2014440266911,1,9,0,5,0,8,0,0,0,0,3,1,6,1,71,10,1364,1,7,10,1
2014440266911,2,1,0,18,0,8,0,0,0,0,1,1,6,2,11,3,-1,-1,-1,10,1
2014440267127,1,9,0,18,0,1,0,0,0,0,1,1,6,1,19,4,973,1,11,7,1
2014440267467,1,9,0,10,0,8,0,0,0,0,0,1,6,1,72,10,1797,8,5,10,1
2014440267467,2,9,0,3,0,8,0,0,0,0,2,1,6,1,64,9,1398,1,11,3,1
2014440267467,3,3,0,18,0,8,0,0,0,0,1,1,2,1,35,6,100,1,14,5,1
2014440267481,1,9,0,7,0,8,0,0,0,0,4,1,6,3,-1,-1,-1,-1,-1,-1,-1
2014440267481,2,1,0,17,0,8,0,0,0,0,2,1,6,1,22,5,-1,-1,-1,1,1
2014440267533,1,19,0,9,0,8,0,0,0,0,1,1,1,1,34,6,2198,2,2,10,1
2014440267533,2,9,0,18,0,1,0,0,0,0,1,1,6,1,34,6,1796,1,13,10,1
2014440267557,1,1,0,18,8,8,0,0,0,0,3,1,6,1,24,5,-1,-1,-1,2,1
2014440267557,2,9,0,15,0,8,0,0,0,0,4,1,6,3,-1,-1,-1,-1,-1,-1,-1
2014440267578,1,90,0,4,0,8,0,0,0,0,1,1,1,2,45,7,2464,2,5,5,1
2014440267578,2,9,0,3,0,8,0,0,0,0,2,1,6,2,45,7,1598,1,2,3,1
2014440267676,1,9,0,1,0,0,0,0,0,0,2,1,6,2,43,7,2231,2,3,9,3
2014440267676,2,9,0,2,0,0,0,0,0,0,3,1,6,3,-1,-1,-1,-1,-1,-1,-1
2014440267678,1,1,0,18,0,2,0,0,0,0,1,1,6,1,41,7,-1,-1,-1,2,1
2014440267720,1,9,0,3,0,0,0,0,0,0,0,1,6,2,-1,-1,1984,1,17,7,3
2014440267720,2,9,0,3,0,0,0,0,0,0,3,1,6,1,-1,-1,-1,-1,-1,-1,-1
2014440267723,1,9,0,18,0,8,0,0,3,10,3,1,6,2,51,8,1229,1,7,2,1
2014440267723,2,9,0,18,0,8,0,0,7,10,1,1,6,1,74,10,1364,1,7,7,1
2014440267723,3,9,0,18,0,8,0,0,1,0,1,1,6,2,33,6,1798,1,3,6,1
2014440267762,1,9,0,17,0,0,0,0,0,0,3,1,6,1,50,8,2088,2,16,8,1
2014440267762,2,4,0,16,0,0,0,0,0,0,3,1,6,1,57,9,-1,-1,-1,5,2
2014440267778,1,9,3,13,0,0,0,0,0,0,4,1,6,1,37,7,1956,2,3,-1,1
2014440267778,2,1,0,18,0,0,0,0,0,0,3,1,6,2,29,6,-1,-1,-1,8,1
2014440267793,1,9,0,18,0,8,1,0,7,7,1,1,6,1,35,6,1796,1,13,2,1
2014440268044,1,9,0,9,0,8,0,0,2,10,1,1,6,1,72,10,1984,1,13,9,3
2014440268301,1,9,0,18,0,0,0,0,1,4,1,1,6,1,19,4,1199,1,11,10,1
2014440268357,1,5,0,18,0,8,0,0,0,0,1,1,6,1,20,4,599,1,13,10,1
2014440268357,2,9,0,5,0,8,0,0,0,0,3,1,6,2,53,8,2199,2,1,10,1
2014440268832,1,9,0,9,0,8,0,0,0,0,3,1,2,2,34,6,1389,1,11,5,1
2014440268832,2,1,0,18,0,8,0,0,0,0,1,1,6,1,27,6,-1,-1,-1,3,1
2014440268927,1,9,0,5,0,8,0,0,0,0,1,1,2,2,21,5,1398,1,4,-1,-1
2014440268963,1,9,0,18,0,0,0,0,0,0,3,1,6,3,-1,-1,-1,-1,-1,-1,-1
2014440268963,2,9,0,18,0,0,0,0,0,0,3,1,6,2,81,11,1598,1,15,9,3
2014440269027,1,1,0,18,0,0,0,0,1,0,3,1,6,1,49,8,-1,-1,-1,3,1
2014440269027,2,9,0,13,0,0,0,0,0,0,4,1,6,3,-1,-1,-1,-1,-1,-1,-1
2014440269068,1,1,0,18,0,8,0,0,0,0,2,1,6,1,33,6,-1,-1,-1,7,1
2014440269068,2,9,0,18,0,8,0,0,0,0,4,1,6,2,45,7,1686,2,6,-1,-1
2014440269117,1,9,0,17,0,8,0,0,0,0,1,1,6,1,21,5,1998,1,9,10,2
2014440269117,2,9,0,10,0,8,0,0,0,0,2,1,6,1,22,5,998,1,10,8,2
2014440269229,1,9,0,10,0,8,0,0,0,0,2,1,6,1,59,9,1242,1,2,7,2
2014440269229,2,9,0,18,0,8,0,0,0,0,2,1,6,1,43,7,3996,1,16,8,1
2014440269229,3,9,0,18,0,8,0,0,0,0,1,1,6,2,28,6,1997,1,17,9,2
2014440269269,1,19,0,15,0,1,1,0,0,0,1,1,6,1,38,7,1868,2,15,2,1
2014440269269,2,9,0,10,0,1,0,0,0,0,2,1,6,2,46,8,1991,2,2,4,1
2014440269324,1,9,0,18,0,0,0,0,0,0,4,1,6,1,54,8,2179,2,3,8,1
2014440269324,2,9,5,18,0,0,4,0,0,0,3,1,6,1,47,8,2982,2,16,10,1
2014440269515,1,5,0,18,0,0,0,0,4,0,3,1,6,1,25,5,636,1,11,8,1
2014440269629,1,9,0,17,0,0,2,0,0,0,1,1,6,1,24,5,1117,1,24,-1,-1
2014440269881,1,9,0,17,0,2,0,0,1,10,4,1,1,2,26,6,-1,-1,-1,5,1
2014440269932,1,8,0,18,0,8,0,0,0,0,1,1,1,1,48,8,1896,2,6,7,1
2014440269932,2,1,0,9,0,8,0,0,0,0,2,1,2,1,22,5,-1,-1,-1,7,1
2014440269989,1,3,0,3,0,0,0,0,0,0,2,1,1,2,48,8,-1,-1,-1,10,1
2014440269989,2,9,0,18,0,0,0,0,0,0,1,1,1,1,37,7,1124,1,18,10,1
2014440270158,1,19,0,18,0,1,0,0,0,0,1,1,1,1,58,9,-1,-1,-1,-1,1
2014440270158,2,9,0,8,0,1,0,0,0,0,2,1,6,2,48,8,1598,1,4,6,3
2014440270162,1,20,0,5,0,1,0,0,0,0,1,1,1,1,22,5,4462,2,1,4,1
2014440270162,2,9,0,3,0,1,0,0,0,0,2,1,6,2,38,7,3628,2,6,8,1
2014440270183,1,9,0,9,0,6,0,0,0,0,3,1,6,1,76,11,2143,2,-1,9,3
2014440270183,2,9,0,18,0,1,0,0,0,0,1,1,6,1,58,9,1896,2,14,3,1
2014440270188,1,1,0,18,0,0,0,0,0,0,3,1,6,1,54,8,-1,-1,-1,7,1
2014440270188,2,9,3,13,0,0,0,0,0,0,4,1,6,3,-1,-1,-1,-1,-1,-1,-1
2014440270240,1,90,0,17,0,0,0,0,0,0,1,1,1,1,65,9,-1,-1,-1,9,3
2014440270240,2,21,0,18,0,0,0,0,0,0,0,1,1,1,68,10,-1,-1,-1,10,1
2014440270240,3,9,0,18,0,0,0,0,0,0,3,1,6,3,-1,-1,-1,-1,-1,-1,-1
2014440270240,4,19,0,18,0,0,0,0,0,0,1,1,1,1,44,7,1968,2,1,8,1
2014440270357,1,9,0,18,0,1,0,0,0,0,4,1,6,2,77,11,1242,1,14,10,1
2014440270357,2,1,0,18,0,6,0,0,0,0,1,1,6,1,11,3,-1,-1,-1,10,1
2014440270406,1,9,0,9,0,5,0,0,0,0,4,1,2,2,22,5,1598,1,10,1,1
2014440270406,2,3,0,18,0,1,0,0,0,0,1,1,6,1,24,5,124,1,4,1,1
2014440270437,1,9,0,4,0,1,0,0,0,0,2,1,1,2,-1,-1,1240,1,7,8,1
2014440270437,2,5,0,18,0,1,1,0,0,0,1,1,6,1,65,9,773,1,3,5,1
2014440270635,1,9,0,3,0,1,0,0,0,0,2,1,6,1,41,7,1242,1,1,4,1
2014440270635,2,8,0,18,0,1,0,0,0,0,1,1,1,3,-1,-1,2143,2,4,-1,-1
2014440270717,1,9,0,14,0,8,0,0,0,0,4,1,6,1,25,5,1396,1,14,6,1
2014440270717,2,9,0,7,0,8,0,0,0,0,3,1,6,2,36,7,1242,1,14,6,1
2014440270734,1,9,0,18,0,0,0,0,0,0,1,1,6,1,23,5,998,1,16,2,1
2014440270734,2,9,0,3,0,0,0,0,0,0,2,1,6,2,20,4,1229,1,2,10,1
2014440270734,3,9,0,3,0,0,0,0,0,0,2,1,6,1,56,9,1910,2,8,8,1
2014440270809,1,19,0,11,0,0,0,0,0,0,0,1,6,3,-1,-1,-1,-1,-1,-1,-1
2014440270809,2,9,0,4,0,0,0,0,4,6,1,1,2,1,33,6,1895,1,14,9,1
2014440271012,1,3,0,18,0,8,0,0,0,0,4,1,6,1,28,6,124,1,16,5,1
2014440271012,2,9,0,12,0,1,0,0,0,0,3,1,6,3,-1,-1,1798,1,12,-1,-1
2014440271519,1,9,0,12,0,8,0,0,0,0,3,1,2,2,38,7,1968,2,2,10,1
2014440271519,2,9,0,18,0,8,5,0,0,0,4,1,2,2,25,5,1242,1,13,4,1
2014440271542,1,1,0,9,0,8,0,0,0,0,3,1,6,1,53,8,-1,-1,-1,6,1
2014440271542,2,9,0,9,0,8,0,0,0,0,1,1,6,2,-1,-1,-1,-1,-1,-1,-1
2014440271598,1,9,0,4,0,8,0,0,0,0,2,1,6,1,54,8,1461,2,4,10,1
2014440271598,2,9,0,4,0,8,0,0,0,0,1,1,6,1,45,7,1461,2,5,10,1