Accident_Index,Vehicle_Reference,Vehicle_Type,Towing_and_Articulation,Vehicle_Manoeuvre,Vehicle_Location-Restricted_Lane,Junction_Location,Skidding_and_Overturning,Hit_Object_in_Carriageway,Vehicle_Leaving_Carriageway,Hit_Object_off_Carriageway,1st_Point_of_Impact,Was_Vehicle_Left_Hand_Drive?,Journey_Purpose_of_Driver,Sex_of_Driver,Age_of_Driver,Age_Band_of_Driver,Engine_Capacity_(CC),Propulsion_Code,Age_of_Vehicle,Driver_IMD_Decile,Driver_Home_Area_Type
2014440272140,1,9,0,9,0,8,0,0,0,0,1,1,6,1,81,11,2435,1,15,10,1
2014440272140,2,1,0,18,0,8,0,0,0,0,1,1,2,1,44,7,-1,-1,-1,7,1
2014440272179,1,9,0,3,0,8,0,0,0,0,1,1,6,1,46,8,1461,2,1,1,1
2014440272179,2,9,0,1,0,8,0,0,0,0,2,1,6,3,-1,-1,1198,1,9,-1,-1
2014440272271,1,9,0,9,0,8,0,0,0,0,1,1,6,1,19,4,-1,-1,-1,10,1
2014440272271,2,9,0,18,0,8,0,0,0,0,1,1,6,2,43,7,1461,2,-1,-1,-1
2014440272279,1,9,0,18,0,8,0,0,0,0,1,1,1,2,40,7,1598,1,10,7,1
2014440272279,2,1,0,9,0,8,0,0,0,0,4,1,2,1,29,6,-1,-1,-1,6,1
2014440272292,1,9,0,17,0,8,0,0,0,0,1,1,2,1,27,6,1998,1,10,-1,-1
2014440272292,2,9,0,18,0,8,0,0,0,0,3,1,2,2,64,9,1999,1,5,3,1
2014440272292,3,9,0,16,0,8,0,0,0,0,3,1,6,2,30,6,1896,2,8,2,1
2014440272306,1,9,0,9,0,8,0,0,0,0,1,1,6,1,18,4,1124,1,16,1,1
2014440272306,2,1,0,18,0,7,0,0,0,0,4,1,6,1,34,6,-1,-1,-1,5,1
2014440272443,1,9,0,18,0,8,0,0,0,0,4,1,6,2,41,7,1389,1,16,3,1
2014440272443,2,9,0,18,0,8,0,0,0,0,1,1,6,1,25,5,-1,-1,-1,3,1
2014440272605,1,10,0,18,0,0,0,4,0,0,1,1,1,1,54,8,1998,2,10,3,1
2014440272605,2,9,0,2,0,0,0,11,1,0,2,1,6,2,48,8,998,1,7,5,1
2014440272692,1,11,0,18,0,0,0,0,0,0,4,1,1,3,-1,-1,-1,-1,-1,-1,-1
2014440272692,2,1,0,18,0,0,0,0,0,0,3,1,6,2,28,6,-1,-1,-1,8,1
2014440272798,1,9,0,8,0,8,0,0,0,0,4,1,1,1,62,9,-1,-1,-1,10,1
2014440272798,2,1,0,18,0,8,0,0,0,0,1,1,6,1,39,7,-1,-1,-1,6,1
2014440272844,1,9,0,6,0,0,0,0,0,0,3,1,1,1,36,7,1461,2,6,6,1
2014440272844,2,3,0,13,0,0,0,0,0,0,1,1,1,1,30,6,124,1,6,9,1
2014440272887,1,19,0,18,0,8,0,0,0,0,4,1,1,1,-1,-1,2198,2,8,-1,-1
2014440272887,2,9,0,18,0,8,0,0,0,0,1,1,1,2,29,6,1596,1,12,9,1
2014440273212,1,9,0,3,0,1,0,0,0,0,2,1,1,2,45,7,1560,2,3,9,1
2014440273212,2,9,0,4,0,1,0,0,0,0,1,1,1,1,19,4,-1,-1,-1,10,1
2014440273350,1,9,0,16,0,0,2,0,8,10,1,1,6,2,82,11,1332,1,16,10,1
2014440273353,1,9,0,18,0,1,0,0,0,0,4,1,6,2,43,7,1598,1,6,3,1
2014440273408,1,9,0,18,0,0,0,0,7,11,1,1,6,2,48,8,1343,1,9,7,1
2014440273492,1,1,0,15,0,8,1,0,0,0,1,1,2,1,25,5,-1,-1,-1,9,1
2014440273492,2,19,0,7,0,8,0,0,0,0,4,1,6,1,-1,-1,-1,-1,-1,-1,-1
2014440273516,1,9,0,7,0,8,0,0,0,0,2,1,1,2,68,10,996,1,3,6,1
2014440273516,2,3,0,18,0,1,0,0,0,0,1,1,1,1,19,4,124,1,-1,3,1
2014440273771,1,19,0,18,0,0,0,0,0,0,3,1,6,1,26,6,1248,2,4,9,1
2014440273771,2,9,0,18,0,0,0,0,0,0,3,1,1,2,43,7,998,1,3,3,1
2014440273793,1,9,0,4,0,1,0,0,0,0,2,1,6,2,41,7,1493,1,17,10,1
2014440273793,2,9,0,18,0,1,0,0,0,0,1,1,6,1,27,6,3980,1,20,4,1
2014440273802,1,9,0,9,0,8,0,0,0,0,1,1,2,1,38,7,1796,1,12,2,1
2014440273802,2,1,0,18,0,8,0,0,0,0,3,1,6,1,39,7,-1,-1,-1,6,1
2014440273823,1,9,0,4,0,2,0,0,0,0,1,1,6,1,43,7,1951,2,11,4,1
2014440273823,2,9,0,18,0,1,0,0,0,0,1,1,6,1,30,6,1753,2,10,4,1
2014440273844,1,11,0,4,0,0,0,0,0,0,0,1,1,1,21,5,6370,2,8,9,1
2014440273844,2,9,0,18,0,0,0,0,0,0,0,1,6,1,26,6,2979,1,12,7,1
2014440273874,1,9,0,4,0,0,1,0,0,0,1,1,6,3,-1,-1,2393,1,14,-1,-1
2014440273874,2,9,0,4,0,0,0,0,0,0,1,1,6,1,18,4,1999,1,12,-1,1
2014440274014,1,9,0,7,0,8,0,0,0,0,4,1,6,1,20,4,-1,-1,-1,5,1
2014440274371,1,1,0,18,0,8,0,0,0,0,1,1,6,2,45,7,-1,-1,-1,4,1
2014440274371,2,9,0,7,0,8,0,0,0,0,2,1,2,2,23,5,1229,1,7,5,1
2014440274610,1,9,0,18,0,2,0,0,0,0,4,1,6,2,82,11,1596,1,12,10,1
2014440274693,1,9,0,18,0,0,1,0,1,4,1,1,1,1,23,5,-1,-1,-1,10,1
2014440274693,2,9,0,4,0,0,0,0,0,0,2,1,6,2,40,7,2179,2,1,8,3
2014440274830,1,9,0,4,0,1,0,0,0,0,1,1,6,2,58,9,2972,1,16,5,1
2014440274830,2,8,0,3,0,1,0,0,0,0,2,1,1,1,29,6,1685,2,1,3,1
2014440274884,1,9,0,18,0,0,0,0,0,0,1,1,6,2,30,6,1299,1,15,-1,1
2014440274884,2,1,0,18,0,0,0,0,0,0,2,1,6,2,11,3,-1,-1,-1,4,1
2014440275033,1,9,0,9,9,8,0,0,0,0,3,1,6,1,53,8,2494,1,13,-1,1
2014440275033,2,1,0,17,9,8,0,0,0,0,1,1,6,2,47,8,-1,-1,-1,-1,1
2014440275080,1,9,0,18,0,8,0,0,0,0,3,1,6,1,40,7,1199,1,14,2,1
2014440275080,2,5,0,18,0,8,0,0,0,0,1,1,2,1,43,7,998,1,8,4,1
2014440275209,1,19,0,18,0,0,0,0,0,0,1,1,1,1,27,6,-1,-1,-1,8,1
2014440275209,2,9,0,18,0,0,0,0,0,0,2,1,6,1,59,9,2997,1,16,7,2
2014440275703,1,3,0,17,0,2,0,0,1,11,4,1,6,1,19,4,124,1,-1,7,1
2014440275749,1,5,0,7,0,5,1,0,0,0,4,1,6,1,29,6,1200,1,15,5,1
2014440275995,1,1,0,16,0,0,0,0,0,0,1,1,6,1,43,7,-1,-1,-1,10,3
2014440275995,2,9,0,17,0,0,0,0,0,0,1,1,6,3,-1,-1,1995,2,4,-1,-1
2014440276121,1,19,0,18,0,2,0,0,0,0,1,1,6,1,26,6,2187,2,14,-1,1
2014440276121,2,9,0,4,0,2,0,0,1,0,2,1,6,1,67,10,3960,1,18,10,1
2014440276121,3,9,0,2,0,2,0,0,0,0,3,1,6,2,49,8,1598,1,12,-1,-1
2014440276121,4,9,0,2,0,2,0,0,0,0,3,1,6,3,-1,-1,998,1,4,-1,-1
2014440276121,5,9,0,2,0,2,0,0,0,0,3,1,6,2,37,7,1389,1,17,-1,-1
2014440276179,1,9,0,12,0,0,0,0,0,0,2,1,6,2,36,7,2495,2,11,9,2
2014440276179,2,9,0,18,0,0,0,0,0,0,1,1,6,1,37,7,2000,2,3,6,1
2014440276312,1,9,0,3,0,1,0,0,0,0,2,1,6,2,46,8,2295,1,10,9,1
2014440276312,2,9,0,3,0,1,0,0,0,0,2,1,6,1,21,5,1389,1,13,7,3
2014440276312,3,9,0,18,0,1,0,0,0,0,1,1,6,1,77,11,1991,2,6,9,1
2014440276403,1,5,0,9,0,6,0,0,0,0,2,1,6,1,73,10,-1,-1,-1,-1,-1
2014440276403,2,9,0,18,0,1,1,0,0,0,1,1,6,1,21,5,1242,1,18,9,1
2014440276444,1,9,0,18,0,0,2,0,0,0,1,1,6,1,80,11,1388,1,10,9,1
2014440276444,2,9,0,18,0,0,1,0,0,0,1,1,1,1,21,5,-1,-1,-1,9,1
2014440276465,1,9,0,9,0,8,0,0,0,0,1,1,2,1,24,5,2143,2,2,5,1
2014440276465,2,1,0,18,0,1,0,0,0,0,4,1,6,1,45,7,-1,-1,-1,2,1
2014440276565,1,9,0,5,0,6,0,0,0,0,3,1,6,1,57,9,2720,2,8,10,1
2014440276565,2,1,0,18,0,1,0,0,0,0,1,1,6,2,7,2,-1,-1,-1,4,1
2014440277117,1,9,0,13,0,0,1,0,1,2,4,1,6,1,23,5,3246,1,12,10,1
2014440277161,1,9,0,18,0,0,0,0,0,0,3,1,6,1,18,4,1199,1,10,5,2
2014440277423,1,9,0,4,0,0,1,0,0,0,0,1,2,1,28,6,-1,-1,-1,3,1
2014440277447,1,9,0,9,0,5,0,0,0,0,1,1,6,1,69,10,999,1,2,7,1
2014440277498,1,9,0,5,0,8,0,0,0,0,3,1,6,1,69,10,2967,2,2,9,2
2014440277498,2,9,0,18,0,1,1,0,0,0,1,1,1,2,53,8,1769,2,20,6,1
2014440277524,1,9,0,5,0,8,1,0,7,1,1,1,6,1,29,6,1598,1,10,2,1
2014440277524,2,9,0,18,0,8,0,0,0,0,1,1,6,1,-1,-1,1396,1,12,-1,-1
2014440277524,3,9,0,8,0,8,0,0,0,0,1,1,6,2,53,8,999,1,5,-1,-1
2014440277557,1,9,0,18,0,8,0,0,0,0,1,1,6,2,65,9,998,1,3,10,2
2014440277557,2,11,0,9,0,8,0,0,0,0,4,1,1,1,31,6,4146,2,7,5,1
2014440277641,1,9,0,18,0,8,0,0,0,0,1,1,6,1,51,8,2495,2,25,5,1
2014440277641,2,20,0,18,0,8,0,0,0,0,2,1,1,1,54,8,-1,-1,-1,5,1
2014440277666,1,9,0,10,0,8,0,0,0,0,2,1,6,2,28,6,1299,1,9,3,2
2014440277666,2,9,0,18,0,8,0,0,0,0,1,1,6,1,25,5,-1,-1,-1,7,3
2014440277682,1,9,0,18,0,1,1,0,3,2,1,1,6,2,57,9,1840,1,11,9,3
2014440277691,1,9,0,18,0,0,0,0,0,0,1,1,6,1,24,5,1198,1,9,9,1
2014440277691,2,9,0,4,0,0,0,0,0,0,2,1,6,2,44,7,1598,1,-1,3,1
2014440277763,1,9,0,18,0,8,0,0,0,0,1,1,6,2,19,4,1461,2,7,4,2
2014440277763,2,9,0,18,0,8,0,0,0,0,3,1,6,1,50,8,1598,1,12,5,1
2014440277798,1,1,0,18,0,1,0,0,4,0,4,1,2,1,36,7,-1,-1,-1,10,1
2014440277798,2,19,0,15,0,1,0,0,0,0,3,1,6,3,-1,-1,-1,-1,-1,-1,-1
2014440277936,1,19,0,5,0,8,0,0,0,0,1,1,6,1,39,7,1560,2,6,3,1
2014440277936,2,1,0,18,0,1,0,0,0,0,4,1,6,1,28,6,-1,-1,-1,2,1
2014440278267,1,9,0,18,0,0,0,0,0,0,1,1,6,2,28,6,1299,1,7,4,1
2014440278267,2,19,0,2,0,0,0,0,0,0,3,1,6,3,-1,-1,-1,-1,-1,-1,-1
2014440278690,1,9,0,5,0,1,0,0,0,0,1,1,6,2,68,10,1587,1,11,-1,-1
2014440278762,1,22,0,5,0,8,5,0,0,0,4,1,6,2,76,11,-1,-1,-1,10,1
2014440278762,2,9,0,18,0,1,1,0,0,0,1,1,6,1,21,5,1242,1,16,10,1
2014440278795,1,19,0,13,0,1,0,0,0,0,4,1,6,1,53,8,4764,2,6,2,1
2014440278795,2,1,0,18,0,1,0,0,0,0,3,1,6,1,48,8,-1,-1,-1,6,1
2014440278800,1,9,0,9,0,8,0,0,0,0,3,1,6,1,69,10,1986,2,9,10,1
2014440278800,2,8,0,18,0,8,0,0,0,0,3,1,1,1,52,8,1968,2,5,4,1
2014440278832,1,5,0,18,0,0,0,0,0,0,3,1,6,2,44,7,-1,-1,-1,-1,-1
2014440278843,1,9,0,5,0,8,0,0,0,0,1,1,6,2,64,9,1386,1,8,4,1
2014440278915,1,3,0,4,0,8,0,0,0,0,2,1,2,1,18,4,124,1,9,4,1
2014440278915,2,9,0,5,0,8,0,0,0,0,1,1,6,2,62,9,1598,2,3,8,3
2014440279040,1,9,0,3,0,0,0,0,0,0,2,1,6,1,26,6,1997,2,12,4,1
2014440279040,2,9,0,18,0,0,0,0,0,0,1,1,6,2,54,8,1598,1,11,3,1
2014440279061,1,9,0,18,0,0,0,0,4,6,3,1,6,2,49,8,1910,2,5,7,1
2014440279159,1,9,0,7,0,5,0,0,0,0,4,1,6,2,52,8,2499,2,11,5,1
2014440279159,2,1,0,18,0,1,0,0,0,0,1,1,6,1,15,3,-1,-1,-1,5,1
2014440279254,1,9,0,13,0,8,0,0,0,0,4,1,6,1,-1,-1,1248,1,1,-1,-1
2014440279254,2,1,0,18,0,8,0,0,0,0,3,1,6,1,49,8,-1,-1,-1,10,3
2014440279254,3,1,0,18,0,8,0,0,0,0,3,1,6,1,45,7,-1,-1,-1,9,2
2014440279259,1,9,0,1,0,6,0,0,0,0,4,1,6,1,49,8,2664,2,15,4,2
2014440279259,2,5,0,18,0,1,0,0,0,0,1,1,6,1,66,10,650,1,23,5,2
2014440279500,1,90,0,9,0,8,0,0,0,0,0,1,1,1,-1,-1,-1,-1,-1,3,1
2014440279535,1,9,0,13,0,0,1,0,0,0,1,1,6,1,23,5,2967,2,4,9,3
2014440279535,2,9,0,18,0,0,2,0,1,9,2,1,6,1,40,7,1956,2,-1,-1,1
2014440279656,1,9,0,16,0,8,1,0,8,7,2,1,2,1,43,7,1781,1,2,10,1
2014440279772,1,11,0,4,0,1,0,0,0,0,0,1,1,1,18,4,6700,2,2,10,1
2014440279808,1,3,0,18,0,0,0,0,0,0,1,1,6,1,17,4,125,1,20,5,2
2014440279808,2,9,0,4,0,0,0,0,0,0,2,1,6,1,49,8,-1,-1,-1,3,1
2014440279837,1,19,0,18,0,0,0,0,0,0,1,1,1,1,44,7,2461,2,4,10,1
2014440279837,2,9,0,3,0,0,0,0,0,0,2,1,6,1,48,8,1968,2,3,10,1
2014440279993,1,1,0,18,0,8,0,0,0,0,0,1,6,1,17,4,-1,-1,-1,1,1
2014440279993,2,9,0,5,0,8,0,0,0,0,4,1,6,1,53,8,1685,2,1,7,1
2014440280056,1,9,0,18,0,1,0,0,0,0,1,1,6,1,51,8,1995,2,3,5,1
2014440280056,2,9,0,3,0,1,0,0,0,0,2,1,6,2,20,4,1598,1,7,5,2
2014440280106,1,9,0,7,0,8,0,0,0,0,3,1,6,1,-1,-1,1199,1,11,-1,-1
2014440280106,2,1,0,18,0,8,0,0,0,0,1,1,6,1,49,8,-1,-1,-1,6,1
2014440280202,1,9,0,18,0,0,0,0,0,0,1,1,6,2,41,7,1389,1,18,5,1
2014440280310,1,9,0,17,0,2,0,0,1,9,1,1,2,1,32,6,1796,1,14,4,1
2014440280310,2,19,0,18,0,1,0,0,0,0,1,1,1,1,42,7,2402,2,10,-1,-1
2014440280402,1,3,0,9,0,5,0,0,0,0,1,1,6,2,19,4,124,1,16,1,1
2014440280402,2,19,0,18,0,8,0,0,0,0,3,1,6,2,19,4,1995,2,-1,1,1
2014440280408,1,9,0,16,0,2,1,0,4,6,1,1,6,1,18,4,-1,-1,-1,8,1
2014440281074,1,9,0,9,0,8,0,0,0,0,4,1,2,1,50,8,1798,1,1,5,2
2014440281074,2,9,0,18,0,8,0,0,1,2,1,1,2,1,23,5,1986,2,7,3,1
2014440281074,3,9,0,8,0,1,0,0,0,0,1,1,6,1,39,7,1399,2,6,5,2
2014440281167,1,9,0,18,0,0,0,0,0,0,0,1,1,2,-1,-1,1997,2,2,7,1
2014440281326,1,11,0,5,0,8,0,0,0,0,0,1,1,3,-1,-1,-1,-1,-1,-1,-1
2014440281329,1,3,0,17,0,8,0,0,0,0,3,1,6,1,42,7,124,1,15,-1,1
2014440281329,2,9,0,17,0,8,0,0,0,0,1,1,6,2,37,7,1422,2,5,3,1
2014440281390,1,11,0,17,0,0,0,0,0,0,0,1,1,1,63,9,6370,2,8,10,1
2014440281390,2,20,0,16,0,0,0,0,0,0,0,1,6,3,-1,-1,-1,-1,-1,-1,-1
2014440281479,1,9,0,18,0,0,0,0,0,0,1,1,6,1,83,11,1392,1,16,5,1
2014440281479,2,9,0,3,0,0,0,0,0,0,2,1,6,2,41,7,1560,2,4,9,2
2014440281479,3,9,0,3,0,0,0,0,0,0,2,1,6,2,67,10,996,1,2,8,3
2014440281627,1,9,0,18,0,8,0,0,0,0,4,1,6,1,68,10,2987,2,5,1,1
2014440281627,2,9,0,18,0,8,0,0,0,0,1,1,6,2,52,8,1896,2,14,-1,-1
2014440281640,1,9,0,18,0,0,0,0,0,0,0,1,6,2,28,6,1242,1,7,-1,1
2014440281692,1,19,0,4,0,0,0,0,0,0,2,1,2,1,58,9,1995,2,5,8,1
2014440281692,2,9,0,18,0,0,1,0,0,0,1,1,2,2,53,8,1289,1,15,3,1
2014440281722,1,9,0,5,0,2,0,0,0,0,3,1,6,2,26,6,1149,1,11,6,1
2014440281801,1,9,0,4,0,0,0,0,0,0,0,1,1,1,30,6,1896,2,7,5,1
2014440281801,2,2,0,18,0,0,0,0,0,0,0,1,6,1,24,5,49,1,3,2,1
2014440281864,1,9,0,4,0,0,0,0,0,0,2,1,6,1,66,10,1910,2,4,7,1
2014440281864,2,9,0,18,0,0,0,0,0,0,1,1,6,1,35,6,1910,2,9,3,1
2014440282201,1,9,0,18,0,1,0,0,0,0,1,1,6,1,18,4,-1,-1,-1,4,3
2014440282278,1,9,0,7,0,8,0,0,0,0,1,1,1,1,38,7,-1,-1,-1,5,1
2014440282278,2,1,0,18,0,8,0,0,0,0,2,1,6,2,32,6,-1,-1,-1,8,1
2014440282344,1,1,0,18,0,8,0,0,0,0,4,1,1,1,14,3,-1,-1,-1,7,1
2014440282344,2,9,0,7,0,8,0,0,0,0,1,1,1,2,32,6,1800,7,12,-1,1
2014440282452,1,9,0,16,0,0,2,0,7,0,1,1,2,2,27,6,1839,1,9,6,1
2014440282473,1,9,0,2,0,0,0,0,0,0,3,1,6,2,40,7,2776,2,8,7,1
2014440282473,2,1,0,18,0,0,0,4,0,0,1,1,6,1,37,7,-1,-1,-1,-1,-1
2014440282483,1,9,0,3,0,1,0,0,1,1,2,1,1,2,29,6,1598,1,4,2,1
2014440282483,2,19,0,18,0,1,1,0,0,0,1,1,6,1,-1,-1,1870,2,13,-1,-1
2014440282544,1,2,0,18,0,1,0,0,0,0,2,1,6,2,19,4,124,1,1,5,1
2014440282544,2,9,0,18,0,1,0,0,0,0,1,1,6,3,-1,-1,-1,-1,-1,-1,-1
2014440282618,1,9,0,18,0,0,0,0,0,0,1,1,6,1,66,10,1497,8,8,10,1
2014440282618,2,9,0,4,0,0,0,0,0,0,2,1,6,1,35,6,1798,1,2,3,1
2014440282685,1,9,0,9,0,8,0,0,0,0,3,1,6,1,65,9,1598,1,-1,-1,-1
2014440282685,2,9,0,18,0,8,0,0,0,0,1,1,6,2,44,7,2495,2,8,6,3
2014440282851,1,9,0,16,0,0,0,0,0,0,3,1,6,1,78,11,1329,1,-1,7,1
2014440282851,2,9,0,17,0,0,0,0,0,3,3,1,6,2,25,5,1242,1,15,10,1
2014440283200,1,9,0,3,0,8,0,0,0,0,2,1,6,1,56,9,1995,2,5,8,1
2014440283200,2,9,0,3,0,8,0,0,0,0,2,1,2,1,23,5,1242,1,11,8,2
2014440283200,3,9,0,18,0,8,0,0,0,0,1,1,6,2,34,6,1997,2,7,9,1
2014440283252,1,9,0,13,0,8,0,0,0,0,4,1,6,2,32,6,1398,2,7,-1,-1
2014440283252,2,1,0,9,0,8,0,0,0,0,2,1,6,1,43,7,-1,-1,-1,4,1
2014440283272,1,9,0,4,0,8,0,0,0,0,1,1,6,1,25,5,2497,1,7,-1,1
2014440283272,2,9,0,4,0,8,0,0,0,0,2,1,6,1,31,6,4163,1,7,2,1
2014440283294,1,9,0,18,0,0,1,0,0,0,1,1,6,1,40,7,1910,2,8,9,1
2014440283294,2,9,0,2,0,0,0,0,0,0,2,1,6,3,-1,-1,1198,1,2,-1,-1
2014440283294,3,9,0,2,0,0,0,0,0,0,2,1,6,3,-1,-1,1248,2,3,-1,-1
2014440283402,1,9,0,4,0,0,0,0,0,0,2,1,6,2,58,9,1783,1,11,8,3
2014440283402,2,9,0,18,0,0,0,0,0,0,1,1,6,1,19,4,999,1,15,8,2
2014440283820,1,19,0,7,5,8,0,0,0,0,4,1,1,1,57,9,1997,2,-1,6,3
2014440283820,2,1,0,18,5,8,0,0,0,0,1,1,6,2,29,6,-1,-1,-1,4,1
2014440283949,1,9,0,11,0,0,0,0,0,0,0,1,6,2,21,5,1229,1,8,8,1
2014440283949,2,11,0,18,0,0,0,0,0,0,0,1,1,1,52,8,6696,2,1,3,1
2014440284016,1,9,0,18,0,8,0,0,0,0,1,1,6,1,39,7,2926,2,11,9,1
2014440284016,2,9,0,4,0,8,0,0,0,0,2,1,6,1,83,11,1248,1,1,7,3
2014440284016,3,9,0,18,0,8,0,0,0,0,1,1,6,1,55,8,2191,2,-1,6,1
2014440284079,1,9,0,13,0,0,0,0,0,0,4,1,6,1,79,11,1999,1,12,7,1
2014440284079,2,1,0,18,0,0,0,0,0,0,3,1,6,2,81,11,-1,-1,-1,10,1
2014440284079,3,1,0,18,0,0,0,0,0,0,1,1,6,2,70,10,-1,-1,-1,10,1
2014440284133,1,9,0,9,0,8,0,0,0,0,1,1,6,2,48,8,505,1,6,4,1
2014440284133,2,9,0,18,0,8,0,0,0,0,4,1,6,2,63,9,1560,2,3,2,1
2014440284145,1,9,0,18,0,0,0,0,0,0,1,1,1,2,20,4,1124,1,13,8,1
2014440284145,2,9,0,18,0,0,0,0,0,0,1,1,6,1,52,8,1124,1,13,-1,1
2014440284285,1,9,0,18,0,8,0,0,0,0,1,1,6,1,79,11,1388,1,9,7,1
2014440284285,2,19,0,18,0,8,0,0,0,0,1,1,6,1,50,8,2464,2,6,10,1
2014440284447,1,9,0,18,0,0,0,0,0,0,4,1,6,3,-1,-1,-1,-1,-1,-1,-1
2014440284498,1,9,0,13,0,8,0,0,0,0,4,1,2,1,27,6,1596,1,10,8,1
2014440284498,2,5,0,15,0,8,0,0,0,0,1,1,2,1,21,5,599,1,14,4,1
2014440284567,1,1,0,18,0,8,0,0,0,0,3,1,6,1,35,6,-1,-1,-1,2,1
2014440284567,2,19,0,18,0,8,0,0,0,0,4,1,6,1,21,5,-1,-1,-1,10,1
2014440284581,1,9,0,18,0,0,0,0,0,0,1,1,6,1,52,8,1598,1,-1,2,1
2014440284644,1,9,0,6,0,0,0,0,7,0,3,1,6,2,77,11,1248,1,1,5,1
2014440284644,2,5,0,18,0,0,0,0,0,0,1,1,6,1,79,11,1195,1,1,5,1
2014440284662,1,3,0,9,0,8,0,0,0,0,4,1,6,1,20,4,125,1,-1,5,3
2014440284662,2,9,0,18,0,4,0,0,0,0,1,1,6,2,41,7,1798,1,7,10,1
2014440284671,1,1,0,16,0,8,1,0,0,0,1,1,6,1,53,8,-1,-1,-1,6,1
2014440284671,2,9,0,3,0,8,0,0,0,0,2,1,6,2,22,5,1242,1,1,2,1
2014440284685,1,9,0,13,0,8,0,0,0,0,4,1,6,3,-1,-1,-1,-1,-1,-1,-1
2014440284685,2,1,0,18,0,8,0,0,0,0,3,1,6,2,16,4,-1,-1,-1,4,1
2014440284701,1,9,0,4,0,0,0,0,0,0,1,1,6,2,51,8,698,1,10,4,1
2014440284701,2,9,0,4,0,0,0,0,0,0,2,1,6,2,38,7,1360,1,10,10,1
2014440284701,3,9,0,4,0,0,0,0,0,0,1,1,6,1,30,6,998,1,-1,5,1
2014440284701,4,9,0,4,0,0,0,0,0,0,2,1,6,2,21,5,1242,1,5,-1,1
2014440284714,1,9,0,18,0,8,0,0,0,0,1,1,6,2,20,4,1390,1,10,10,1
2014440284714,2,9,0,9,0,8,0,0,0,0,1,1,6,2,33,6,1984,1,12,-1,1
2014440284726,1,9,0,4,0,0,0,0,0,0,2,1,6,2,33,6,1598,1,11,2,1
2014440284726,2,9,0,4,0,0,0,0,0,0,1,1,6,1,82,11,1598,1,2,4,1
2014440284726,3,9,0,4,0,0,0,0,0,0,1,1,1,1,45,7,1896,2,9,3,1
2014440284830,1,9,0,15,0,8,0,0,0,0,1,1,6,3,-1,-1,-1,-1,-1,-1,-1
2014440284830,2,1,0,15,0,8,0,0,0,0,2,1,6,1,13,3,-1,-1,-1,8,1
2014440284838,1,9,0,4,0,8,0,0,0,0,3,1,6,1,57,9,1498,1,7,-1,-1
2014440284838,2,9,0,16,0,8,0,0,0,0,1,1,2,1,25,5,1560,2,1,4,1
2014440284838,3,9,0,17,0,8,0,0,0,0,3,1,6,1,59,9,1560,2,1,9,3
2014440284986,1,9,0,4,0,0,0,0,0,0,2,1,1,2,29,6,1596,1,9,5,1
2014440284986,2,9,0,4,0,0,0,0,0,0,2,1,1,2,46,8,1796,1,10,10,1
2014440284986,3,9,0,18,0,0,0,0,0,0,1,1,6,2,31,6,1360,1,15,1,1
2014440285001,1,9,0,12,0,8,0,0,0,0,3,1,6,1,-1,-1,-1,-1,-1,-1,-1
2014440285001,2,1,0,18,0,8,0,0,0,0,4,1,2,1,44,7,-1,-1,-1,6,1
2014440285133,1,9,0,18,0,0,5,0,1,1,1,1,6,1,18,4,1242,1,10,7,1
2014440285462,1,9,0,18,0,0,1,0,1,0,1,1,6,1,36,7,1896,2,8,9,1
2014440285462,2,9,0,18,0,0,0,0,1,0,1,1,1,1,53,8,1598,2,3,7,1
2014440285782,1,9,0,10,0,1,0,0,0,0,2,1,6,1,33,6,1995,1,11,-1,-1
2014440285782,2,9,0,18,0,1,1,0,0,0,1,1,6,2,45,7,1984,1,11,8,1
2014440285831,1,9,0,4,0,0,1,0,0,0,1,1,6,1,29,6,998,1,2,7,1
2014440285831,2,9,0,4,0,0,0,0,0,0,2,1,6,1,24,5,1388,1,14,5,1
2014440285861,1,19,0,2,0,2,0,0,0,0,2,1,6,1,44,7,1753,2,2,10,1
2014440285861,2,1,0,18,0,2,0,0,0,0,1,1,6,1,18,4,-1,-1,-1,2,1
2014440285898,1,9,0,5,0,1,0,0,0,0,2,1,6,2,44,7,1686,2,3,7,1
2014440285898,2,11,0,5,0,1,0,0,0,0,1,1,1,1,34,6,4500,2,7,8,1
2014440286155,1,9,0,9,0,6,0,0,0,0,1,1,6,2,54,8,1596,1,1,2,1
2014440286155,2,1,0,18,0,8,0,0,0,0,3,1,6,1,38,7,-1,-1,-1,4,1
2014440286235,1,9,0,18,0,1,0,0,0,0,1,1,6,2,36,7,1242,1,11,7,1
2014440286235,2,9,0,3,0,1,0,0,0,0,2,1,6,2,60,9,1976,1,4,6,1
2014440286269,1,9,0,3,0,1,0,0,0,0,2,1,2,1,42,7,1956,2,3,10,1
2014440286269,2,3,0,4,0,1,1,0,0,0,1,1,6,1,17,4,124,1,13,10,1
2014440286399,1,5,0,18,0,0,1,0,0,0,4,1,6,1,44,7,929,1,13,4,1