Accident_Index,Vehicle_Reference,Vehicle_Type,Towing_and_Articulation,Vehicle_Manoeuvre,Vehicle_Location-Restricted_Lane,Junction_Location,Skidding_and_Overturning,Hit_Object_in_Carriageway,Vehicle_Leaving_Carriageway,Hit_Object_off_Carriageway,1st_Point_of_Impact,Was_Vehicle_Left_Hand_Drive?,Journey_Purpose_of_Driver,Sex_of_Driver,Age_of_Driver,Age_Band_of_Driver,Engine_Capacity_(CC),Propulsion_Code,Age_of_Vehicle,Driver_IMD_Decile,Driver_Home_Area_Type
2014440301944,2,9,0,18,0,8,0,0,0,0,1,1,6,1,30,6,-1,-1,-1,4,1
2014440301978,1,9,3,18,0,0,4,0,6,0,1,1,6,2,30,6,2295,1,14,6,3
2014440301978,2,9,0,18,0,0,0,0,0,0,3,1,6,1,67,10,1968,2,6,8,2
2014440301978,3,9,0,18,0,0,0,0,0,0,3,1,6,1,76,11,1686,2,3,10,3
2014440301984,1,9,0,7,0,5,0,0,0,0,4,1,6,2,46,8,1560,2,7,8,1
2014440301984,2,9,0,15,0,1,0,0,0,0,1,1,6,1,49,8,2698,2,6,8,1
2014440302343,1,9,0,16,0,8,0,0,7,10,1,1,6,1,30,6,1984,1,8,9,1
2014440302359,1,9,0,16,0,0,1,0,1,11,1,1,6,3,-1,-1,1994,1,15,-1,-1
2014440302630,1,9,0,4,0,1,0,0,0,0,2,1,1,2,20,4,1240,1,6,5,1
2014440302630,2,9,0,18,0,1,0,0,0,0,1,1,2,1,40,7,1968,2,6,8,1
2014440302689,1,9,0,1,0,1,0,0,0,0,2,1,1,1,47,8,1988,2,10,6,1
2014440302761,1,9,0,4,0,0,0,0,0,0,4,1,2,1,34,6,1598,1,15,3,1
2014440302761,2,1,0,18,0,0,0,0,0,0,1,1,6,1,27,6,-1,-1,-1,3,1
2014440302770,1,9,0,15,0,8,0,0,0,0,4,1,6,2,53,8,-1,-1,-1,2,1
2014440302770,2,19,0,2,0,8,0,0,0,0,0,1,1,1,54,8,-1,-1,-1,2,1
2014440302774,1,9,0,9,0,5,0,0,0,0,4,1,6,2,36,7,1598,1,1,1,1
2014440302774,2,19,0,18,0,1,0,0,0,0,1,1,1,1,51,8,-1,-1,-1,4,1
2014440302774,3,9,0,10,0,1,0,0,0,0,1,1,6,1,-1,-1,2849,1,24,-1,3
2014440302783,1,9,0,9,0,8,0,0,0,0,1,1,6,2,75,10,1360,1,7,4,1
2014440302783,2,9,0,18,0,1,0,0,0,0,1,1,2,1,32,6,1798,1,12,5,2
2014440302828,1,9,0,13,0,8,0,0,7,4,1,1,6,2,67,10,998,1,7,8,3
2014440302828,2,90,0,9,0,8,0,0,0,0,0,1,1,1,44,7,290,1,-1,9,1
2014440302830,1,21,0,9,0,8,0,0,0,0,1,1,1,1,60,9,12130,2,10,8,3
2014440302830,2,9,0,18,0,8,0,0,0,0,4,1,6,1,67,10,1560,2,1,5,3
2014440303121,1,9,0,5,0,8,0,0,0,0,3,1,2,1,60,9,1399,2,5,7,1
2014440303121,2,1,0,17,0,8,0,0,0,0,1,1,2,1,18,4,-1,-1,-1,6,1
2014440303162,1,9,0,18,0,8,0,0,0,0,1,1,6,2,56,9,1229,1,4,8,1
2014440303162,2,9,0,10,0,8,0,0,0,0,2,1,6,2,36,7,-1,-1,-1,10,1
2014440303231,1,9,0,18,0,8,0,0,0,0,2,1,2,1,46,8,1685,2,1,2,1
2014440303231,2,9,0,18,0,8,0,0,0,0,1,1,2,1,27,6,1388,1,10,6,1
2014440303792,1,5,0,9,0,8,0,0,0,0,3,1,6,1,29,6,-1,-1,-1,10,1
2014440303792,2,9,0,17,0,8,0,0,0,0,4,1,6,1,35,6,2000,2,10,10,1
2014440303821,1,9,0,16,0,0,0,0,0,0,1,1,6,1,19,4,1229,1,8,9,3
2014440303821,2,21,1,17,0,0,0,0,1,4,1,1,1,1,52,8,11705,2,2,2,1
2014440303921,1,21,0,18,0,0,0,0,0,0,2,1,1,1,-1,-1,12900,2,3,10,1
2014440303921,2,9,0,18,0,0,0,0,0,0,1,1,6,1,50,8,996,1,3,3,1
2014440303976,1,9,0,16,0,0,0,0,0,0,1,1,2,1,28,6,998,1,15,9,3
2014440303976,2,21,0,17,0,0,0,0,0,0,1,1,1,1,28,6,7284,2,13,-1,-1
2014440304115,1,9,0,17,0,8,0,0,0,0,1,1,6,2,24,5,1595,1,14,3,1
2014440304222,1,9,0,18,0,0,0,0,0,0,0,1,6,2,19,4,998,1,11,10,2
2014440304222,2,9,0,18,0,0,0,0,0,0,1,1,1,1,23,5,1995,2,3,9,1
2014440304297,1,9,0,9,0,8,0,0,0,0,0,1,6,3,-1,-1,-1,-1,-1,-1,-1
2014440304297,2,9,0,18,0,8,0,0,0,0,2,1,2,1,25,5,-1,-1,-1,6,1
2014440304297,3,9,0,18,0,8,0,0,0,0,1,1,2,1,26,6,2800,2,9,5,1
2014440304585,1,19,0,18,0,8,0,0,0,0,1,1,1,1,26,6,1686,2,12,4,1
2014440304585,2,9,0,18,0,8,0,0,0,0,2,1,2,2,40,7,1390,1,5,7,1
2014440304585,3,19,0,18,0,8,0,0,0,0,2,1,6,1,28,6,-1,-1,-1,6,1
2014440304643,1,9,0,16,0,0,1,0,0,0,1,1,6,1,30,6,1388,1,4,2,1
2014440304643,2,9,0,17,0,0,1,0,0,0,3,1,6,1,66,10,1499,2,1,7,3
2014440304696,1,9,0,7,0,5,0,0,0,0,2,1,6,2,62,9,1998,1,12,9,1
2014440304696,2,1,0,18,0,1,0,0,0,0,1,1,6,1,38,7,-1,-1,-1,9,1
2014440304737,1,9,0,18,0,8,0,0,0,0,1,1,6,1,30,6,1686,2,9,1,1
2014440304737,2,9,0,7,0,8,0,0,0,0,3,1,6,1,49,8,-1,-1,-1,8,1
2014440304753,1,9,0,9,0,8,0,0,0,0,3,1,6,1,80,11,1587,1,6,4,1
2014440304753,2,5,0,18,0,8,0,0,0,0,1,1,6,1,44,7,998,1,8,9,1
2014440304993,1,9,0,18,0,0,0,0,0,0,1,1,6,2,25,5,1796,1,4,9,3
2014440304993,2,9,0,2,0,0,0,0,0,0,2,1,6,2,-1,-1,2000,2,9,-1,-1
2014440305446,1,9,0,9,0,8,0,0,0,0,1,1,6,2,46,8,1240,1,11,1,1
2014440305446,2,9,0,9,0,8,0,0,0,0,3,1,1,2,58,9,1248,2,3,5,1
2014440305460,1,20,0,5,0,8,0,0,0,0,4,1,1,1,-1,-1,-1,-1,-1,-1,-1
2014440305466,1,19,0,18,0,1,0,0,0,0,1,1,1,1,58,9,2400,2,9,7,1
2014440305466,2,9,0,9,0,6,0,0,0,0,3,1,6,1,26,6,2295,1,13,5,1
2014440305469,1,5,0,18,0,0,0,10,0,0,4,1,6,1,44,7,998,1,7,10,1
2014440305495,1,3,0,9,0,6,0,0,1,0,1,1,6,2,24,5,124,1,7,4,3
2014440305552,1,9,0,14,0,2,0,0,0,0,1,1,6,1,26,6,1598,1,8,6,1
2014440305552,2,9,0,2,0,2,0,0,0,0,4,1,6,3,-1,-1,1896,2,9,-1,-1
2014440305552,3,9,0,2,0,2,0,0,0,0,4,1,6,3,-1,-1,1896,2,8,-1,-1
2014440305572,1,9,0,7,0,8,1,0,0,0,4,1,1,2,25,5,-1,-1,-1,4,1
2014440305621,1,1,0,18,0,0,0,0,0,0,1,1,6,1,23,5,-1,-1,-1,10,1
2014440305621,2,1,0,18,0,0,0,0,0,0,1,1,6,1,45,7,-1,-1,-1,10,1
2014440305648,1,9,0,18,0,8,0,0,0,0,1,1,6,1,-1,-1,1685,2,-1,-1,-1
2014440305648,2,1,0,17,0,8,0,0,0,0,4,1,6,2,29,6,-1,-1,-1,4,1
2014440305653,1,9,0,4,0,1,0,0,0,0,2,1,6,2,29,6,1197,1,-1,10,3
2014440305653,2,9,0,18,0,1,0,0,0,0,1,1,6,1,34,6,1590,1,9,-1,-1
2014440305963,1,9,0,18,0,1,0,0,0,0,1,1,6,1,18,4,1124,1,12,-1,-1
2014440305963,2,9,0,9,0,6,0,0,0,0,3,1,6,2,31,6,1597,1,18,7,3
2014440306028,1,1,0,18,0,2,0,0,0,0,4,1,6,1,21,5,-1,-1,-1,2,1
2014440306188,1,9,0,18,0,0,0,0,0,0,4,1,6,3,-1,-1,-1,-1,-1,-1,-1
2014440306479,1,9,0,17,0,1,0,0,0,0,3,1,2,1,60,9,1598,1,-1,2,1
2014440306479,2,9,0,18,0,1,0,0,0,0,1,1,6,1,35,6,1197,1,-1,2,1
2014440306485,1,9,0,18,0,0,2,0,1,4,1,1,6,1,25,5,1196,1,19,10,1
2014440306534,1,9,0,13,0,0,0,10,1,10,3,1,6,1,27,6,2198,1,11,9,1
2014440306644,1,9,0,3,0,1,0,0,0,0,2,1,6,1,35,6,1598,1,7,9,1
2014440306644,2,9,0,18,0,1,0,0,0,0,1,1,6,1,87,11,1399,1,9,4,1
2014440306649,1,3,0,18,9,2,0,0,0,0,1,1,6,1,18,4,-1,-1,-1,5,3
2014440306654,1,3,0,16,0,8,1,0,7,7,3,1,2,1,17,4,124,1,7,9,1
2014440306673,1,9,0,3,0,8,0,0,0,0,2,1,2,1,42,7,-1,-1,-1,-1,-1
2014440306673,2,9,0,3,0,8,0,0,0,0,2,1,6,1,45,7,2324,1,15,9,1
2014440306673,3,9,0,18,0,8,0,0,0,0,1,1,2,1,35,6,-1,-1,-1,6,1
2014440306725,1,9,0,17,0,0,0,0,0,0,4,1,6,1,84,11,1339,1,3,8,3
2014440306725,2,1,0,17,0,0,0,0,0,0,3,1,6,1,56,9,-1,-1,-1,5,1
2014440306733,1,9,0,11,0,0,0,0,0,0,1,1,1,1,53,8,1598,1,9,2,1
2014440306733,2,9,0,4,0,0,0,0,0,0,2,1,6,2,25,5,1560,2,1,4,1
2014440306762,1,9,0,3,0,1,0,0,0,0,2,1,2,1,22,5,1199,1,12,9,1
2014440306762,2,9,0,4,0,1,0,0,0,0,1,1,6,2,-1,-1,1596,1,13,-1,-1
2014440306813,1,9,0,18,0,1,0,0,0,0,4,1,6,2,47,8,1997,1,4,10,1
2014440306969,1,9,0,14,0,0,0,0,0,0,4,1,6,3,-1,-1,-1,-1,-1,-1,-1
2014440306969,2,9,0,14,0,0,0,0,0,0,4,1,6,1,21,5,1388,1,14,5,1
2014440306969,3,9,0,2,0,0,0,0,0,0,3,1,6,1,-1,-1,1390,1,13,-1,-1
2014440307544,1,9,0,18,0,0,1,0,5,6,1,1,2,1,32,6,1796,1,11,9,1
2014440307544,2,9,0,18,0,0,1,0,5,6,1,1,6,1,30,6,1900,2,15,8,1
2014440307544,3,21,0,12,0,0,0,0,0,0,2,1,1,1,59,9,12777,2,2,-1,-1
2014440307570,1,11,0,18,0,1,0,0,0,0,0,1,1,3,-1,-1,-1,-1,-1,-1,-1
2014440307714,1,2,0,17,0,8,0,0,0,0,0,1,2,2,18,4,49,1,1,5,1
2014440307913,1,9,0,18,0,0,0,0,0,0,1,1,6,1,38,7,1598,1,5,7,1
2014440307913,2,9,0,4,0,0,0,0,0,0,2,1,6,1,34,6,1781,1,13,7,2
2014440308041,1,9,0,18,0,1,0,0,0,0,1,1,6,1,64,9,1685,2,-1,-1,-1
2014440308041,2,9,0,9,0,8,0,0,0,0,4,1,6,1,19,4,1198,1,2,9,3
2014440308051,1,9,0,17,0,0,1,0,0,0,3,1,2,1,27,6,1895,1,15,2,1
2014440308174,1,19,0,7,0,8,1,0,1,11,1,1,6,1,47,8,1896,2,14,7,1
2014440308213,1,9,0,18,0,0,0,0,0,0,1,1,6,1,28,6,-1,-1,-1,9,1
2014440308340,1,8,0,14,0,1,0,0,0,0,3,1,1,1,59,9,-1,-1,-1,1,1
2014440308340,2,1,0,7,0,6,0,0,0,0,1,1,6,2,31,6,-1,-1,-1,8,1
2014440308385,1,9,0,7,0,1,0,0,0,0,2,1,1,2,19,4,1199,1,13,5,1
2014440308385,2,9,0,18,0,1,0,0,0,0,1,1,6,1,37,7,1392,1,15,2,1
2014440308385,3,9,0,2,0,1,0,0,0,0,2,1,1,1,36,7,1396,1,13,8,2
2014440308468,1,9,0,7,0,8,0,0,0,0,1,1,6,1,45,7,1968,2,9,5,1
2014440308468,2,4,0,18,0,8,0,0,0,0,4,1,6,1,21,5,249,1,5,4,1
2014440308487,1,90,0,18,0,8,0,0,1,7,3,1,1,1,32,6,5480,2,10,7,2
2014440308487,2,9,0,9,0,8,0,0,7,0,4,1,6,1,92,11,1364,1,6,10,1
2014440308668,1,9,0,18,0,0,0,0,0,0,2,1,6,1,29,6,1995,2,9,9,3
2014440308668,2,9,0,18,0,0,0,0,0,0,1,1,6,2,25,5,-1,-1,-1,9,3
2014440308668,3,9,0,13,0,0,0,0,0,0,0,1,6,1,38,7,1200,1,-1,8,1
2014440308730,1,9,0,18,0,2,0,0,0,0,3,1,6,2,63,9,1461,2,6,3,1
2014440308730,2,9,0,17,0,1,1,0,0,0,1,1,6,2,35,6,1390,1,9,7,2
2014440308738,1,9,0,4,0,1,0,0,1,2,4,1,6,2,24,5,1686,2,2,8,1
2014440308834,1,9,0,4,0,0,0,0,0,0,1,1,6,1,88,11,1587,1,10,5,1
2014440308834,2,9,0,4,0,0,0,0,0,0,2,1,6,1,34,6,1596,1,3,4,1
2014440308861,1,9,0,4,0,0,0,0,0,0,2,1,6,1,25,5,1229,1,1,4,1
2014440308861,2,9,0,4,0,0,1,0,0,0,1,1,6,1,17,4,1390,1,14,10,1
2014440308861,3,19,0,4,0,0,0,0,0,0,3,1,1,1,36,7,1995,2,2,10,1
2014440308861,4,9,0,4,0,0,0,0,0,0,2,1,6,2,42,7,2362,1,14,10,1
2014440308861,5,19,0,4,0,0,1,0,0,0,1,1,1,1,25,5,2295,1,8,4,1
2014440308869,1,9,0,17,0,1,1,0,1,0,0,1,6,2,30,6,1149,1,11,-1,1
2014440309013,1,19,0,5,0,8,0,0,0,0,2,1,1,1,45,7,1686,2,11,7,3
2014440309013,2,19,0,5,0,8,0,0,0,0,1,1,1,1,23,5,1560,2,4,10,3
2014440309044,1,9,0,18,0,0,0,0,0,0,1,1,1,1,60,9,1250,1,16,10,1
2014440309044,2,9,0,18,0,0,1,0,0,0,2,1,1,2,60,9,1997,2,1,10,2
2014440309190,1,9,0,9,0,8,0,0,0,0,1,1,6,2,40,7,2148,2,12,3,1
2014440309190,2,9,0,18,0,8,0,0,0,0,1,1,6,1,66,10,2597,1,13,-1,1
2014440309343,1,3,0,18,0,1,1,12,0,0,1,1,2,1,24,5,124,1,7,7,2
2014440309407,1,19,0,9,0,1,0,0,0,0,3,1,2,1,53,8,1560,2,3,5,1
2014440309407,2,4,0,18,0,1,0,0,0,0,1,1,2,1,35,6,599,1,20,2,1
2014440309440,1,3,0,18,0,1,0,0,0,0,1,1,6,1,24,5,124,1,-1,2,1
2014440309440,2,9,0,7,0,8,0,0,0,0,3,1,6,1,-1,-1,1998,1,19,-1,-1
2014440309488,1,9,0,4,0,1,0,0,0,0,2,1,6,2,49,8,1360,1,10,10,2
2014440309488,2,9,0,18,0,1,0,0,0,0,1,1,2,1,46,8,1997,2,3,10,3
2014440309517,1,3,0,18,0,1,0,0,0,0,1,1,2,1,31,6,125,1,5,10,1
2014440309517,2,9,0,7,0,6,0,0,0,0,3,1,2,3,-1,-1,1493,1,18,-1,-1
2014440309539,1,9,0,17,0,0,0,0,0,0,1,1,6,2,70,10,1240,1,10,4,1
2014440309803,1,1,0,18,0,8,0,0,0,0,1,1,6,2,44,7,-1,-1,-1,7,1
2014440309803,2,9,0,7,0,8,0,0,0,0,4,1,6,3,-1,-1,-1,-1,-1,-1,-1
2014440309967,1,9,0,18,0,0,1,0,0,0,1,1,6,1,21,5,-1,-1,-1,6,3
2014440309967,2,9,0,6,0,0,0,0,0,0,2,1,6,1,63,9,1596,1,11,6,1
2014440310221,1,9,0,18,0,4,0,0,0,0,3,1,1,2,41,7,1598,2,-1,6,1
2014440310221,2,1,0,18,0,8,0,0,0,0,1,1,1,1,31,6,-1,-1,-1,6,1
2014440310246,1,9,0,18,0,0,2,0,0,6,1,1,1,1,22,5,-1,-1,-1,9,1
2014440310414,1,9,0,18,0,0,0,0,0,0,4,1,6,3,-1,-1,-1,-1,-1,-1,-1
2014440310643,1,2,0,18,0,8,0,0,0,0,2,1,6,1,16,4,50,1,7,5,1
2014440310643,2,9,0,13,0,8,0,0,0,0,1,1,6,1,21,5,1799,1,4,9,1
2014440310686,1,9,0,5,0,6,0,0,0,0,1,1,2,1,62,9,1198,1,2,8,3
2014440310686,2,1,0,18,0,1,0,0,0,0,4,1,6,1,45,7,-1,-1,-1,7,1
2014440310733,1,5,0,18,0,8,1,0,0,0,0,1,2,1,25,5,600,1,8,10,1
2014440310780,1,9,0,3,0,8,0,0,0,0,2,1,6,2,30,6,1242,1,14,8,1
2014440310780,2,9,0,4,0,8,0,0,0,0,1,1,6,2,52,8,1598,1,7,-1,-1
2014440310937,1,9,0,17,0,1,0,0,0,0,2,1,6,2,62,9,1328,1,6,4,1
2014440310937,2,9,0,17,0,1,0,0,0,0,1,1,6,1,42,7,1598,1,2,3,1
2014440310953,1,9,0,11,0,1,0,0,0,0,4,1,6,1,18,4,1124,1,10,10,1
2014440310953,2,9,0,18,0,1,0,0,0,0,3,1,6,2,42,7,1679,1,13,2,1
2014440311238,1,9,0,18,0,2,0,0,0,0,1,1,6,1,67,10,1598,1,12,6,1
2014440311322,1,19,0,9,0,1,0,0,0,0,2,1,1,1,26,6,1968,2,-1,5,2
2014440311322,2,9,0,18,0,1,0,0,0,0,1,1,2,2,24,5,1229,1,1,6,1
2014440311330,1,9,0,16,0,0,0,0,0,0,1,1,6,1,48,8,2477,2,9,4,1
2014440311330,2,1,0,18,0,0,0,0,0,0,3,1,6,1,37,7,-1,-1,-1,5,1
2014440311487,1,9,0,9,0,5,0,0,0,0,4,1,6,1,25,5,1242,1,14,1,1
2014440311487,2,1,0,18,0,1,0,0,0,0,1,1,6,2,20,4,-1,-1,-1,-1,1
2014440311487,3,1,0,18,0,1,0,0,0,0,1,1,6,2,20,4,-1,-1,-1,4,1
2014440311582,1,9,0,11,0,2,0,0,0,0,1,1,6,1,25,5,-1,-1,-1,-1,1
2014440311677,1,9,0,3,0,1,0,0,0,0,2,1,6,1,22,5,1560,2,1,8,1
2014440311677,2,9,0,18,0,1,0,0,0,0,1,1,6,3,-1,-1,1461,2,6,-1,-1
2014440311802,1,1,0,18,0,8,0,0,0,0,1,1,6,1,31,6,-1,-1,-1,6,1
2014440311802,2,19,0,7,0,8,0,0,0,0,3,1,6,3,-1,-1,-1,-1,-1,-1,-1
2014440311944,1,19,0,9,0,6,0,0,0,0,1,1,6,3,-1,-1,-1,-1,-1,-1,-1
2014440311944,2,90,0,18,0,1,0,0,0,0,4,1,6,2,51,8,-1,-1,-1,5,1
2014440312096,1,9,0,3,0,1,0,0,0,0,2,1,2,2,22,5,1298,1,3,5,1
2014440312096,2,9,0,18,0,1,0,0,0,0,1,1,1,1,63,9,-1,-1,-1,6,1
2014440312109,1,9,0,18,0,1,0,0,0,0,3,1,2,2,51,8,1398,1,1,10,1
2014440312109,2,1,0,18,0,8,0,0,0,0,4,1,6,1,57,9,-1,-1,-1,10,1
2014440312150,1,9,0,18,0,0,0,0,0,0,1,1,6,2,51,8,998,1,-1,5,1
2014440312507,1,9,0,18,0,0,0,0,0,0,1,1,6,1,75,10,1742,1,5,9,1
2014440312507,2,9,0,18,0,0,0,0,0,0,2,1,6,1,30,6,1797,8,5,7,3
2014440312507,3,9,0,18,0,0,0,0,0,0,2,1,6,2,-1,-1,1995,2,2,-1,-1
2014440312507,4,9,0,18,0,0,0,0,0,0,2,1,6,1,56,9,2199,2,-1,10,1
2014440312545,1,9,0,18,0,8,0,0,0,0,1,1,6,1,67,10,1796,1,12,8,3
2014440312545,2,19,0,18,0,8,0,0,0,0,3,1,2,1,22,5,1598,2,1,-1,1
2014440312698,1,11,0,9,0,8,0,0,0,0,0,1,6,2,46,8,-1,-1,-1,4,1
2014440312752,1,1,0,18,0,8,0,0,0,0,1,1,2,1,46,8,-1,-1,-1,10,1
2014440312752,2,9,0,9,0,8,0,0,0,0,4,1,6,2,26,6,1149,1,7,10,1
2014440312844,1,9,0,18,0,8,0,0,0,0,1,1,6,2,45,7,998,1,13,-1,1
2014440312893,1,9,0,9,0,8,0,0,0,0,1,1,2,2,43,7,1360,1,5,3,1
2014440312893,2,9,0,18,0,8,0,0,0,0,1,1,6,1,35,6,1753,2,12,4,1
2014440313413,1,9,0,16,0,8,2,0,7,10,1,1,1,2,48,8,1753,2,9,4,1
2014440313438,1,19,0,7,0,8,2,0,0,0,4,1,1,2,54,8,1298,1,9,10,1
2014440313438,2,9,0,17,0,8,0,0,0,0,0,1,6,3,-1,-1,-1,-1,-1,-1,-1
2014440313615,1,21,0,15,0,0,0,0,0,0,4,1,1,1,55,8,-1,-1,-1,1,1
2014440313615,2,1,0,18,0,0,0,0,0,0,3,1,6,1,30,6,-1,-1,-1,7,1
2014440313636,1,9,0,9,0,8,0,0,0,0,3,1,6,1,43,7,-1,-1,-1,3,1
2014440313636,2,3,0,13,0,8,0,0,0,0,1,1,6,1,50,8,-1,-1,-1,6,1
2014440313668,1,11,0,18,0,8,0,0,0,0,0,1,1,2,56,9,7300,2,9,6,1
2014440313668,2,9,0,9,0,8,0,0,0,0,0,1,6,1,21,5,1199,1,13,-1,-1
2014440313705,1,3,0,1,0,8,0,0,0,0,4,1,6,1,18,4,100,1,8,7,1
2014440313705,2,9,0,9,0,8,0,0,0,0,3,1,6,2,67,10,1497,1,13,7,1
2014440313966,1,9,0,18,0,8,0,0,0,0,4,1,6,1,21,5,-1,-1,-1,-1,1
2014440313966,2,9,0,18,0,8,0,0,0,0,3,1,6,1,-1,-1,-1,-1,-1,8,2
2014440314242,1,9,0,18,0,0,5,0,1,0,4,1,6,2,23,5,995,1,10,1,1
2014440314473,1,9,0,4,0,0,0,0,0,0,1,1,1,1,43,7,1560,2,1,-1,1
2014440314680,1,5,0,13,0,8,0,0,7,0,1,1,6,1,67,10,1300,1,13,-1,1
2014440314680,2,9,0,9,0,8,0,0,0,0,1,1,6,2,29,6,1242,1,5,5,1
2014440314696,1,9,0,18,0,0,5,7,0,0,1,1,6,1,90,11,-1,-1,-1,10,1
2014440314717,1,9,0,9,0,8,0,0,0,0,4,1,6,1,73,10,1596,1,10,9,1
2014440314717,2,1,0,18,0,8,0,0,0,0,1,1,6,1,27,6,-1,-1,-1,5,1
2014440314738,1,9,0,18,0,0,0,0,0,0,1,1,6,1,35,6,1956,2,1,3,1
2014440314738,2,5,0,18,0,0,0,0,0,0,1,1,6,1,54,8,1050,1,4,2,1
2014440314792,1,1,0,18,0,8,0,0,0,0,3,1,6,1,21,5,-1,-1,-1,1,1
2014440314792,2,8,0,9,0,8,0,0,0,0,1,1,1,3,-1,-1,-1,-1,-1,-1,-1
2014440314859,1,5,0,16,0,0,0,0,7,4,1,1,6,1,21,5,645,1,9,5,1
2014440314882,1,90,0,18,0,0,2,0,0,0,0,1,6,1,58,9,-1,-1,-1,5,1
2014440314951,1,9,0,4,0,8,0,0,0,0,4,1,6,1,46,8,1995,2,9,1,1
2014440314951,2,9,0,18,0,8,0,0,0,0,1,1,6,1,49,8,1598,1,15,1,1
2014440315022,1,9,0,7,0,8,0,0,0,0,1,1,6,1,66,10,1560,2,5,10,1
2014440315022,2,1,0,17,0,8,0,0,0,0,1,1,6,1,58,9,-1,-1,-1,10,1
2014440315052,1,5,0,17,0,0,1,0,7,0,0,1,6,1,34,6,998,1,13,5,1
2014440315269,1,5,0,16,0,0,1,0,8,7,3,1,6,1,20,4,649,1,3,8,1
2014440315336,1,9,0,17,0,8,0,0,7,11,1,1,6,1,42,7,1718,1,11,5,1
2014440315336,2,9,0,18,0,8,0,0,0,0,3,1,6,1,69,10,1586,1,3,10,1
2014440315364,1,9,0,4,0,8,0,0,0,0,2,1,6,1,36,7,1896,2,10,6,1
2014440315364,2,9,0,18,0,8,0,0,0,0,1,1,6,1,17,4,1360,1,13,3,1
2014440315542,1,2,0,16,0,8,0,12,0,0,1,1,2,1,27,6,124,1,28,6,1
2014440315616,1,9,0,18,0,1,0,0,0,0,1,1,6,3,-1,-1,1240,1,5,-1,-1
2014440315616,2,9,0,3,0,1,0,0,0,0,2,1,6,2,32,6,1995,2,1,8,1
2014440315687,1,9,0,9,0,8,0,0,0,0,1,1,6,2,23,5,1796,1,13,4,1
2014440315687,2,3,0,18,0,8,0,0,0,0,4,1,2,1,23,5,124,1,2,4,1
2014440315704,1,9,0,7,0,8,0,0,0,0,3,1,6,2,58,9,1242,1,8,4,1
2014440315704,2,1,0,18,0,1,0,0,0,0,1,1,6,1,49,8,-1,-1,-1,3,1
2014440315834,1,9,0,18,0,1,0,0,0,0,3,1,6,2,45,7,1799,1,6,9,3
2014440315834,2,9,0,5,0,8,0,0,0,0,3,1,6,2,75,10,1998,1,6,9,3
2014440315896,1,90,0,18,0,1,0,0,0,0,1,1,1,1,55,8,2987,2,4,6,1
2014440315896,2,9,0,3,0,1,0,0,0,0,2,1,6,1,67,10,1461,2,2,10,2
2014440315896,3,9,0,3,0,1,0,0,0,0,2,1,6,1,22,5,1299,1,13,10,2
2014440315982,1,9,0,10,0,1,0,0,0,0,2,1,6,2,37,7,1400,2,14,9,3
2014440315982,2,20,0,18,0,1,0,0,0,0,1,1,6,1,34,6,5880,2,9,4,1
2014440316083,1,11,0,18,0,0,0,0,0,0,1,1,1,3,-1,-1,865,2,14,-1,-1
2014440316118,1,9,0,3,0,1,0,0,0,0,2,1,6,2,32,6,1461,2,8,7,1
2014440316118,2,9,0,5,0,1,0,0,0,0,1,1,6,2,-1,-1,-1,-1,-1,7,2
2014440316165,1,1,0,18,0,1,0,0,0,0,4,1,6,1,62,9,-1,-1,-1,1,1
2014440316194,1,9,0,17,0,0,0,0,1,9,4,1,6,1,33,6,-1,-1,-1,10,1
2014440316276,1,19,0,18,0,0,0,0,1,4,1,1,1,1,55,8,2198,2,4,-1,2
2014440316291,1,9,0,9,0,2,0,0,0,0,4,1,6,2,34,6,1598,1,9,4,1
2014440316291,2,9,0,4,0,1,0,0,0,0,1,1,6,1,38,7,1560,2,1,9,1
2014440316361,1,9,0,18,0,8,0,0,0,0,1,1,6,2,52,8,1968,2,1,10,1
2014440316361,2,9,0,9,0,8,0,0,0,0,4,1,6,2,19,4,998,1,15,10,1
2014440316396,1,9,0,18,0,0,0,0,4,6,3,1,6,1,53,8,1461,2,1,8,1
2014440316512,1,9,0,9,0,6,0,0,0,0,1,1,6,2,70,10,1242,1,5,4,1
2014440316512,2,9,0,18,0,1,0,0,0,0,4,1,6,1,22,5,998,1,-1,3,1
2014440316562,1,3,0,4,0,1,0,0,0,0,2,1,6,1,19,4,125,1,1,9,1
2014440316562,2,9,0,18,0,1,0,0,0,0,1,1,6,3,-1,-1,-1,-1,-1,-1,-1
2014440316713,1,9,0,13,0,0,0,0,0,0,1,1,6,2,28,6,1390,1,6,6,1
2014440316713,2,9,0,16,0,0,0,0,1,4,1,1,1,1,48,8,1362,1,-1,9,1
2014440316713,3,11,0,17,0,0,0,0,0,0,0,1,1,1,42,7,2800,2,10,10,1
2014440316765,1,17,0,18,0,0,0,0,0,0,3,1,1,1,69,10,3387,2,1,6,3
2014440316765,2,9,0,13,0,0,0,0,7,0,4,1,1,2,53,8,1242,1,3,6,3