Accident_Index,Vehicle_Reference,Vehicle_Type,Towing_and_Articulation,Vehicle_Manoeuvre,Vehicle_Location-Restricted_Lane,Junction_Location,Skidding_and_Overturning,Hit_Object_in_Carriageway,Vehicle_Leaving_Carriageway,Hit_Object_off_Carriageway,1st_Point_of_Impact,Was_Vehicle_Left_Hand_Drive?,Journey_Purpose_of_Driver,Sex_of_Driver,Age_of_Driver,Age_Band_of_Driver,Engine_Capacity_(CC),Propulsion_Code,Age_of_Vehicle,Driver_IMD_Decile,Driver_Home_Area_Type
2014440316839,1,9,0,5,0,6,0,0,0,0,3,1,6,1,52,8,1997,2,10,2,1
2014440316839,2,1,0,18,0,1,0,0,0,0,1,1,6,1,25,5,-1,-1,-1,6,1
2014440316850,1,11,0,18,0,8,0,0,0,0,4,1,1,1,63,9,6370,2,8,2,1
2014440317097,1,9,0,5,0,6,0,0,0,0,3,1,6,1,64,9,2198,1,9,6,1
2014440317097,2,9,0,18,0,1,0,0,0,0,1,1,6,2,20,4,-1,-1,-1,7,1
2014440317295,1,9,0,13,0,0,0,0,0,0,3,1,6,2,42,7,1997,2,12,6,1
2014440317295,2,1,0,12,0,0,1,0,0,0,2,1,6,2,27,6,-1,-1,-1,7,1
2014440317458,1,9,0,3,0,1,0,0,0,0,2,1,6,1,56,9,1968,2,6,9,2
2014440317458,2,9,0,3,0,1,0,0,0,0,2,1,6,2,46,8,1995,1,13,4,2
2014440317458,3,19,0,18,0,1,0,0,0,0,1,1,2,1,44,7,2198,2,5,4,1
2014440317458,4,9,0,18,0,1,0,0,0,0,1,1,2,1,20,4,1560,2,4,10,2
2014440317459,1,9,0,9,0,5,0,0,0,0,4,1,1,1,25,5,1995,2,-1,10,1
2014440317459,2,9,0,18,0,1,0,0,0,0,1,1,1,2,55,8,1560,2,7,6,1
2014440317459,3,9,0,10,0,1,0,0,0,0,3,1,1,2,32,6,1242,1,15,-1,3
2014440317480,1,9,0,18,0,0,0,0,0,0,1,1,6,2,58,9,1598,2,-1,10,1
2014440317480,2,9,0,4,0,0,0,0,0,0,2,1,6,1,29,6,1390,1,2,10,1
2014440317742,1,3,0,18,0,8,1,0,0,0,3,1,6,1,17,4,125,1,-1,5,1
2014440317742,2,9,0,11,0,8,0,0,0,0,0,1,6,3,-1,-1,-1,-1,-1,-1,-1
2014440318016,1,9,0,4,0,1,0,0,0,0,2,1,6,2,56,9,1388,1,4,4,1
2014440318016,2,9,0,4,0,1,0,0,0,0,1,1,6,2,25,5,1390,1,1,4,1
2014440318061,1,9,0,18,0,8,0,0,0,0,1,1,2,2,49,8,1248,2,6,9,1
2014440318061,2,1,0,9,0,8,0,0,0,0,4,1,6,1,33,6,-1,-1,-1,4,1
2014440318147,1,19,0,14,0,0,0,0,0,0,3,1,6,3,-1,-1,-1,-1,-1,-1,-1
2014440318149,1,3,0,18,0,1,1,0,0,0,4,1,1,1,36,7,-1,-1,-1,6,1
2014440318253,1,5,0,18,0,0,1,0,0,0,3,1,6,1,56,9,955,1,9,7,2
2014440318735,1,9,0,12,0,0,0,0,0,0,2,1,2,1,29,6,1995,2,1,9,2
2014440318735,2,3,0,18,0,0,0,0,0,0,1,1,2,1,23,5,124,1,-1,2,1
2014440318750,1,9,0,9,0,8,0,0,0,0,3,1,6,1,22,5,1998,2,9,3,1
2014440318750,2,9,0,18,0,1,0,0,0,0,1,1,6,1,63,9,998,1,1,4,1
2014440318854,1,9,0,18,0,8,0,0,0,0,1,1,6,1,34,6,1997,2,2,7,1
2014440318854,2,3,0,18,0,1,0,0,0,0,3,1,6,2,49,8,-1,-1,-1,1,1
2014440318854,3,10,0,2,0,1,0,0,0,0,1,1,6,3,-1,-1,-1,-1,-1,-1,-1
2014440318854,4,9,0,2,0,1,0,0,0,0,1,1,6,3,-1,-1,-1,-1,-1,-1,-1
2014440318854,5,9,0,2,0,1,0,0,0,0,1,1,6,3,-1,-1,1587,1,8,-1,-1
2014440318874,1,9,0,14,0,0,0,0,0,0,3,1,6,1,52,8,1995,2,4,6,1
2014440318874,2,1,0,18,0,0,0,0,1,9,3,1,6,1,26,6,-1,-1,-1,8,1
2014440318874,3,1,0,18,0,0,0,0,1,9,4,1,6,1,50,8,-1,-1,-1,10,1
2014440318876,1,19,0,9,0,8,0,0,7,4,3,1,1,1,39,7,-1,-1,-1,4,1
2014440318876,2,90,0,13,0,1,0,0,7,0,4,1,2,1,36,7,2998,2,6,-1,-1
2014440319344,1,9,0,9,0,6,0,0,0,0,3,1,3,1,55,8,1560,2,1,4,1
2014440319344,2,3,0,18,0,1,1,0,0,0,1,1,2,2,17,4,124,1,2,9,2
2014440319420,1,9,0,18,0,8,0,0,0,0,4,1,6,2,53,8,1296,1,6,3,1
2014440319420,2,1,0,18,0,8,0,0,0,0,1,1,6,1,41,7,-1,-1,-1,4,1
2014440319840,1,9,0,5,0,6,0,0,0,0,3,1,6,1,72,10,1988,1,10,-1,2
2014440319840,2,9,0,18,0,1,0,0,0,0,1,1,6,1,21,5,1242,1,1,3,2
2014440320032,1,19,4,18,0,0,0,0,0,0,1,1,1,1,27,6,2977,2,10,5,1
2014440320032,2,19,0,18,0,0,0,0,0,0,1,1,1,1,47,8,2143,2,-1,2,1
2014440320109,1,9,0,3,0,1,0,0,0,0,2,1,2,1,28,6,1349,1,5,6,1
2014440320109,2,9,0,18,0,1,0,0,0,0,1,1,2,1,21,5,1242,1,4,4,1
2014440320498,1,21,0,5,0,8,0,0,0,0,1,1,1,1,51,8,9290,2,4,10,1
2014440320498,2,5,0,13,0,8,0,0,0,0,4,1,6,1,19,4,599,1,17,10,1
2014440320712,1,9,0,5,0,1,0,0,0,0,1,1,2,1,31,6,1248,1,3,1,1
2014440320712,2,1,0,17,0,8,0,0,0,0,4,1,6,1,42,7,-1,-1,-1,-1,1
2014440320943,1,9,0,7,0,5,0,0,0,0,4,1,6,3,-1,-1,-1,-1,-1,-1,-1
2014440320943,2,1,0,18,0,1,0,0,0,0,1,1,6,2,48,8,-1,-1,-1,2,1
2014440320977,1,9,0,18,0,1,0,0,0,0,1,1,1,1,24,5,1995,2,12,-1,-1
2014440321091,1,9,0,5,0,8,0,0,0,0,3,1,6,2,76,11,1229,1,6,4,1
2014440321091,2,9,0,18,0,1,0,0,0,0,4,1,6,1,33,6,-1,-1,-1,3,1
2014440321154,1,19,0,18,0,0,0,0,0,0,4,1,6,1,49,8,-1,-1,-1,5,1
2014440321187,1,9,0,18,0,1,0,0,0,0,1,1,6,2,42,7,-1,-1,-1,10,1
2014440321187,2,9,0,5,0,8,0,0,0,0,4,1,1,1,31,6,-1,-1,-1,2,1
2014440321285,1,1,0,18,0,0,0,0,7,0,0,1,6,2,27,6,-1,-1,-1,9,1
2014440321370,1,9,0,18,0,8,1,0,1,7,3,1,6,2,25,5,-1,-1,-1,8,1
2014440321376,1,9,0,5,0,8,0,0,0,0,3,1,6,1,-1,-1,-1,-1,-1,-1,-1
2014440321376,2,1,0,14,0,8,0,0,0,0,1,1,6,1,41,7,-1,-1,-1,2,1
2014440321442,1,9,0,5,0,8,5,0,0,0,3,1,6,2,68,10,1461,2,3,4,1
2014440321442,2,9,0,18,0,8,0,0,0,0,1,1,6,1,28,6,1968,2,4,4,1
2014440321764,1,1,0,18,0,1,0,0,0,0,1,1,6,2,35,6,-1,-1,-1,2,1
2014440321764,2,9,0,4,0,1,0,0,0,0,4,1,6,1,66,10,1360,1,16,5,1
2014440322698,1,9,0,1,0,8,0,0,0,0,2,1,6,1,67,10,1388,1,12,7,3
2014440322812,1,9,0,18,0,8,0,0,0,0,4,1,6,2,-1,-1,1598,1,1,8,1
2014440322812,2,9,0,18,0,1,0,0,0,0,1,1,6,2,49,8,2143,2,-1,7,1
2014440323150,1,9,0,9,0,8,0,0,0,0,1,1,6,3,-1,-1,-1,-1,-1,-1,-1
2014440323150,2,1,0,18,0,8,0,0,0,0,2,1,6,1,7,2,-1,-1,-1,4,1
2014440323157,1,9,0,13,0,0,0,0,0,0,4,1,6,1,66,10,1796,1,14,3,1
2014440323157,2,1,0,18,0,0,0,0,0,0,1,1,6,1,25,5,-1,-1,-1,2,1
2014440323268,1,3,0,18,0,8,0,0,0,0,1,1,1,1,46,8,125,1,-1,6,1
2014440323268,2,9,0,7,0,8,0,0,0,0,2,1,6,1,52,8,1800,1,15,5,1
2014440323635,1,9,0,18,0,0,2,0,7,11,4,1,6,1,18,4,1598,1,14,2,1
2014440323635,2,9,0,2,0,0,0,0,0,0,2,1,6,3,-1,-1,998,1,16,-1,-1
2014440323635,3,9,0,2,0,0,0,0,0,0,1,1,6,3,-1,-1,1399,2,6,-1,-1
2014440323635,4,9,0,2,0,0,0,0,0,0,1,1,6,3,-1,-1,1999,1,9,-1,-1
2014440323889,1,9,0,9,0,8,0,0,0,0,3,1,2,1,40,7,1997,2,14,1,1
2014440323889,2,5,0,13,0,8,0,0,0,0,4,1,2,1,39,7,779,1,3,6,2
2014440324099,1,9,0,16,0,0,1,0,0,0,1,1,2,1,30,6,1598,1,15,5,1
2014440324099,2,9,0,17,0,0,0,0,0,0,1,1,6,2,64,9,1598,1,15,9,3
2014440324172,1,9,0,6,0,0,0,0,0,0,2,1,6,2,41,7,1968,2,7,10,1
2014440324172,2,9,0,18,0,0,0,0,0,0,1,1,6,2,-1,-1,2179,2,3,10,1
2014440324343,1,9,0,17,0,0,0,0,0,0,1,1,6,1,23,5,1598,1,11,1,1
2014440324343,2,9,0,16,0,0,0,0,0,0,1,1,6,2,37,7,2000,1,8,2,1
2014440324343,3,9,0,2,0,0,0,0,0,0,3,1,6,3,-1,-1,1686,2,9,-1,-1
2014440324364,1,9,0,13,0,0,0,0,0,0,0,1,6,3,-1,-1,1598,1,4,-1,-1
2014440324364,2,1,0,18,0,0,0,0,0,0,0,1,6,2,52,8,-1,-1,-1,8,1
2014440324409,1,9,0,13,0,0,2,0,6,6,3,1,6,1,18,4,1360,1,11,8,3
2014440324480,1,9,0,18,0,2,5,0,1,2,1,1,6,1,61,9,1994,2,14,5,1
2014440324497,1,5,0,18,0,8,0,10,0,0,4,1,6,1,71,10,650,1,25,6,1
2014440324717,1,9,0,5,0,8,0,0,0,0,4,1,6,2,31,6,1299,1,9,9,1
2014440324717,2,3,0,18,0,1,1,0,0,0,1,1,6,1,24,5,124,1,11,-1,1
2014440324943,1,9,0,18,0,2,0,0,0,0,4,1,1,1,72,10,2184,2,9,6,1
2014440325026,1,21,1,11,0,0,0,0,0,0,4,1,6,1,66,10,12900,2,7,-1,1
2014440325026,2,9,0,18,0,0,5,0,0,0,3,1,6,2,53,8,1242,1,5,10,2
2014440325308,1,9,0,9,0,6,0,0,0,0,3,1,6,1,58,9,1910,2,10,1,1
2014440325308,2,5,0,18,0,1,0,0,0,0,1,1,1,1,33,6,996,1,17,2,1
2014440325339,1,9,0,18,0,2,0,0,0,0,2,1,3,2,48,8,1598,1,7,8,1
2014440325339,2,9,0,18,0,2,0,0,0,0,1,1,6,2,47,8,1388,1,7,3,1
2014440325339,3,9,0,18,0,2,0,0,0,0,1,1,3,1,31,6,1598,2,1,-1,1
2014440325371,1,1,0,18,0,1,0,0,0,0,4,1,4,1,18,4,-1,-1,-1,2,1
2014440325371,2,9,0,9,0,6,0,0,0,0,1,1,6,3,-1,-1,-1,-1,-1,-1,-1
2014440325444,1,1,0,18,0,1,0,0,0,0,3,1,6,1,28,6,-1,-1,-1,2,1
2014440325444,2,9,0,16,0,2,0,0,0,0,1,1,1,3,-1,-1,-1,-1,-1,-1,-1
2014440325646,1,9,0,7,0,5,0,0,0,0,4,1,6,2,44,7,1242,1,11,7,1
2014440325646,2,1,0,18,0,1,0,0,0,0,1,1,6,2,46,8,-1,-1,-1,4,1
2014440325707,1,9,0,9,0,5,0,0,0,0,4,1,6,1,82,11,999,1,-1,7,3
2014440325707,2,3,0,18,0,1,1,0,0,0,1,1,6,1,18,4,125,1,2,10,2
2014440325772,1,1,0,18,0,6,0,0,0,0,1,1,6,1,13,3,-1,-1,-1,9,2
2014440325772,2,9,0,18,0,1,0,0,0,0,4,1,2,2,49,8,996,1,4,10,2
2014440325829,1,1,0,12,0,2,0,0,0,0,2,1,6,1,26,6,-1,-1,-1,6,1
2014440325829,2,5,0,18,0,1,0,0,0,0,1,1,6,1,32,6,599,1,16,4,1
2014440325862,1,9,0,13,0,0,1,0,0,0,1,1,6,1,52,8,-1,-1,-1,9,1
2014440325862,2,17,0,9,0,0,5,0,0,0,3,1,1,1,-1,-1,-1,2,-1,8,3
2014440325950,1,9,0,18,0,0,0,0,0,0,1,1,2,1,33,6,1995,2,4,10,1
2014440326069,1,8,0,18,0,8,0,0,0,0,3,1,1,1,31,6,1896,2,7,5,1
2014440326069,2,1,0,18,0,4,0,0,0,0,1,1,6,1,36,7,-1,-1,-1,7,1
2014440326322,1,9,0,5,0,4,0,0,0,0,3,1,6,1,26,6,1397,1,6,9,1
2014440326322,2,1,0,17,0,8,0,0,0,0,1,1,6,1,32,6,-1,-1,-1,10,1
2014440326328,1,2,0,18,0,0,0,0,0,0,1,1,1,1,16,4,50,1,11,7,3
2014440326328,2,9,0,4,0,0,0,0,0,0,2,1,6,3,-1,-1,-1,-1,-1,-1,-1
2014440326538,1,9,0,9,0,8,0,0,0,0,2,1,3,2,72,10,999,1,2,6,1
2014440326538,2,20,0,18,0,1,0,0,0,0,1,1,1,1,25,5,2800,2,12,4,1
2014440326771,1,2,0,18,0,2,0,0,0,0,1,1,6,1,16,4,49,1,7,10,1
2014440326771,2,1,0,18,0,2,0,0,0,0,3,1,6,1,67,10,-1,-1,-1,4,1
2014440326910,1,9,0,18,0,0,0,0,0,0,1,1,6,1,82,11,1389,1,19,5,1
2014440326937,1,19,0,18,0,8,0,0,0,0,0,1,1,1,-1,-1,2198,2,5,5,1
2014440326989,1,19,0,18,0,1,0,0,0,0,4,1,1,1,50,8,1560,2,2,10,1
2014440327001,1,9,0,1,0,8,0,0,0,0,3,1,6,1,23,5,1388,1,11,4,1
2014440327062,1,9,0,18,0,8,0,0,0,0,3,1,6,2,47,8,1229,1,10,5,1
2014440327062,2,1,0,18,0,8,0,0,0,0,4,1,6,2,39,7,-1,-1,-1,5,1
2014440327121,1,9,0,18,0,1,0,0,1,10,3,1,6,1,58,9,1197,1,-1,8,1
2014440327121,2,9,0,18,0,8,0,0,0,0,3,1,6,1,63,9,1598,1,9,8,1
2014440327205,1,9,0,18,0,0,0,0,0,0,1,1,6,1,64,9,-1,-1,-1,6,1
2014440327211,1,9,0,17,0,0,2,0,7,0,1,1,2,1,37,7,1796,1,14,10,2
2014440327216,1,9,0,2,0,0,0,0,0,0,3,1,2,1,46,8,1195,1,16,10,2
2014440327216,2,9,0,18,0,0,0,0,0,0,4,1,6,3,-1,-1,-1,-1,-1,-1,-1
2014440327263,1,9,0,18,0,0,0,0,0,0,1,1,6,2,34,6,998,1,2,9,1
2014440327263,2,9,0,18,0,0,0,0,0,0,2,1,6,2,62,9,-1,-1,-1,7,1
2014440327273,1,9,4,18,0,8,0,0,0,0,3,1,6,1,-1,-1,-1,-1,-1,-1,-1
2014440327273,2,9,0,7,0,8,0,0,0,0,1,1,6,2,37,7,1896,2,15,9,3
2014440327320,1,1,0,18,4,0,1,0,0,0,0,1,6,1,60,9,-1,-1,-1,9,1
2014440327320,2,19,0,13,0,0,0,0,0,0,0,1,6,1,-1,-1,1686,2,11,-1,-1
2014440327620,1,1,0,18,0,1,1,0,0,0,1,1,6,1,28,6,-1,-1,-1,10,2
2014440327620,2,9,0,2,0,1,0,0,0,0,2,1,6,3,-1,-1,-1,-1,-1,-1,-1
2014440327802,1,19,4,18,0,0,0,0,0,0,0,1,1,1,38,7,2148,2,6,9,1
2014440327802,2,1,0,18,0,0,0,0,0,0,1,1,6,1,63,9,-1,-1,-1,10,1
2014440327847,1,9,0,3,0,1,0,0,0,0,2,1,6,2,60,9,1769,1,9,9,1
2014440327847,2,9,0,4,0,1,0,0,0,0,1,1,6,3,-1,-1,1995,2,6,-1,-1
2014440327857,1,9,0,18,0,0,0,0,0,0,3,1,6,1,-1,-1,-1,-1,-1,-1,-1
2014440327896,1,19,0,18,0,0,1,0,1,1,4,1,1,1,19,4,1461,2,6,5,1
2014440328050,1,9,0,18,0,0,2,0,0,0,4,1,6,1,35,6,1905,2,19,7,2
2014440328050,2,21,0,18,0,0,0,0,0,0,3,1,1,1,57,9,11946,2,12,-1,-1
2014440328065,1,9,0,10,0,8,0,0,0,0,3,1,6,1,44,7,2967,2,7,10,1
2014440328065,2,9,0,9,0,8,0,0,0,0,1,1,6,3,-1,-1,1968,2,5,-1,-1
2014440328087,1,1,0,18,0,0,0,0,0,0,1,1,6,1,28,6,-1,-1,-1,4,1
2014440328087,2,9,0,18,0,0,0,0,0,0,2,1,6,2,31,6,1598,1,9,4,1
2014440328091,1,9,0,5,0,8,0,0,0,0,3,1,6,2,78,11,1399,2,10,9,1
2014440328091,2,1,0,18,0,8,0,0,0,0,1,1,6,1,34,6,-1,-1,-1,3,1
2014440328240,1,9,0,1,9,8,0,0,0,0,2,1,3,2,40,7,1973,1,12,10,1
2014440328309,1,19,0,9,0,8,0,0,0,0,1,1,6,1,53,8,2402,2,3,-1,-1
2014440328309,2,4,0,18,0,8,0,0,0,0,3,1,6,1,62,9,248,1,1,8,3
2014440328322,1,9,0,13,0,8,0,0,0,0,4,1,6,1,42,7,1598,1,9,4,1
2014440328322,2,1,0,9,0,8,0,0,0,0,3,1,6,1,21,5,-1,-1,-1,4,1
2014440328392,1,9,0,16,0,8,1,0,2,10,1,1,6,1,20,4,1998,1,18,6,1
2014440328544,1,9,0,9,0,8,0,0,0,0,1,1,6,1,20,4,1124,1,14,5,1
2014440328544,2,1,0,18,0,8,0,0,0,0,1,1,6,2,42,7,-1,-1,-1,6,1
2014440328580,1,9,0,18,0,8,1,0,0,0,1,1,6,1,23,5,1390,1,17,9,1
2014440328580,2,9,0,7,0,8,0,0,0,0,2,1,6,2,49,8,1400,1,14,7,1
2014440328807,1,3,0,7,0,8,0,0,0,0,3,1,2,1,30,6,124,1,-1,6,1
2014440328857,1,21,0,18,0,0,0,0,0,0,3,1,1,3,-1,-1,3920,2,6,-1,-1
2014440328857,2,9,0,18,0,0,0,0,0,0,3,1,3,2,18,4,1149,1,6,9,3
2014440328889,1,21,1,4,0,0,0,0,0,0,1,1,1,1,42,7,12419,2,7,3,1
2014440328889,2,9,0,4,0,0,0,0,0,0,2,1,2,2,40,7,1598,1,11,6,1
2014440328889,3,9,0,4,0,0,0,0,0,0,0,1,6,3,-1,-1,-1,-1,-1,-1,-1
2014440328951,1,9,0,3,0,1,0,0,0,0,4,1,1,1,48,8,1896,2,11,-1,-1
2014440328951,2,1,0,15,0,1,0,0,0,0,3,1,6,1,17,4,-1,-1,-1,4,1
2014440329126,1,9,0,18,0,1,0,0,0,0,1,1,6,2,41,7,-1,-1,-1,7,3
2014440329126,2,9,0,9,0,8,0,0,0,0,3,1,6,1,62,9,1598,1,2,8,1
2014440329163,1,11,0,18,0,0,1,0,0,0,1,1,1,2,41,7,3900,2,11,9,1
2014440329202,1,9,0,18,0,0,0,0,0,0,1,1,6,1,-1,-1,-1,-1,-1,-1,-1
2014440329202,2,9,0,4,0,0,0,0,0,0,2,1,6,2,27,6,1999,1,4,5,1
2014440329403,1,9,0,18,0,1,1,0,0,0,1,1,3,2,31,6,-1,-1,-1,1,1
2014440329554,1,9,0,18,0,0,0,0,7,1,1,1,6,2,27,6,1360,1,11,10,1
2014440329605,1,9,0,7,0,6,0,0,0,0,3,1,6,2,71,10,1398,2,-1,5,1
2014440329605,2,9,0,18,0,1,0,0,0,0,1,1,6,2,89,11,1360,1,11,-1,3
2014440329736,1,9,0,4,0,1,0,0,0,0,2,1,6,1,66,10,1997,1,2,7,1
2014440329736,2,9,0,18,0,1,0,0,0,0,1,1,6,1,39,7,1870,2,11,8,1
2014440329765,1,8,0,1,0,0,0,0,0,0,0,1,6,1,-1,-1,1896,2,5,-1,-1
2014440329903,1,9,0,18,0,1,0,0,0,0,1,1,6,2,22,5,1149,1,6,10,1
2014440329903,2,9,0,3,0,1,0,0,0,0,2,1,6,3,-1,-1,1360,1,7,-1,-1
2014440330067,1,9,0,18,0,0,0,0,0,0,1,1,2,1,37,7,1389,1,17,6,1
2014440330078,1,5,0,13,0,8,0,0,0,0,1,1,2,1,51,8,1352,1,3,4,2
2014440330078,2,9,0,9,0,8,0,0,0,0,3,1,2,2,33,6,2400,2,2,9,1
2014440330095,1,9,0,18,0,0,0,0,0,0,1,1,1,1,56,9,1587,1,8,7,1
2014440330121,1,9,0,9,0,6,0,0,0,0,3,1,6,1,56,9,1598,1,8,9,1
2014440330121,2,5,0,18,0,1,0,0,0,0,1,1,6,1,65,9,782,1,2,6,1
2014440330635,1,9,0,9,0,6,0,0,0,0,4,1,6,1,65,9,1984,1,12,8,3
2014440330635,2,1,0,18,0,1,0,0,0,0,1,1,6,1,41,7,-1,-1,-1,7,1
2014440330697,1,9,0,18,0,0,1,0,0,0,4,1,6,2,52,8,2179,2,5,-1,-1
2014440330697,2,9,0,18,0,0,0,0,0,0,1,1,6,1,74,10,1596,1,8,6,2
2014440330782,1,11,0,4,0,0,0,0,0,0,4,1,1,1,40,7,4461,2,1,3,1
2014440330783,1,9,0,1,0,1,0,0,0,11,2,1,6,1,62,9,1299,1,11,9,1
2014440330783,2,9,0,18,0,1,0,0,0,0,1,1,6,1,38,7,1299,1,9,7,1
2014440331686,1,9,0,5,0,4,0,0,0,0,3,1,6,2,41,7,1560,2,-1,6,1
2014440331686,2,1,0,17,0,8,0,0,0,0,1,1,6,1,55,8,-1,-1,-1,9,1
2014440331734,1,3,0,18,0,0,0,0,0,0,2,1,6,1,30,6,108,1,6,4,1
2014440331734,2,9,0,13,0,0,1,0,0,0,1,1,6,2,18,4,1242,1,13,8,3
2014440331761,1,9,0,18,0,0,0,0,0,0,4,1,6,3,-1,-1,2982,2,5,-1,-1
2014440331919,1,2,0,9,0,8,0,0,0,0,4,1,6,1,83,11,49,1,15,4,1
2014440331919,2,1,0,18,0,1,0,0,0,0,1,1,6,1,51,8,-1,-1,-1,9,1
2014440331919,3,1,0,18,0,1,0,0,0,0,1,1,6,1,17,4,-1,-1,-1,9,1
2014440331934,1,9,0,18,0,0,0,0,0,0,1,1,6,1,49,8,1388,1,11,2,1
2014440332005,1,9,0,4,0,1,0,0,0,0,4,1,6,1,34,6,-1,-1,-1,5,1
2014440332005,2,1,0,18,0,8,0,0,0,0,1,1,6,1,18,4,-1,-1,-1,2,1
2014440332117,1,9,0,18,0,0,2,0,1,4,4,1,6,2,34,6,1997,2,6,5,3
2014440332521,1,3,0,17,0,0,0,0,1,0,4,1,1,1,26,6,125,1,8,6,1
2014440332554,1,19,0,18,0,0,0,0,0,0,4,1,6,3,-1,-1,-1,-1,-1,-1,-1
2014440332688,1,9,0,18,0,8,0,0,7,0,1,1,6,1,19,4,1796,1,8,7,1
2014440332688,2,9,0,18,0,8,0,0,7,0,4,1,1,1,34,6,-1,-1,-1,4,1
2014440332904,1,1,0,7,0,6,0,0,0,0,3,1,6,1,47,8,-1,-1,-1,10,2
2014440332904,2,9,0,18,0,1,0,0,0,0,1,1,6,1,40,7,-1,-1,-1,7,3
2014440332951,1,9,0,4,0,0,0,0,0,0,2,1,6,1,27,6,2993,2,7,2,1
2014440332951,2,9,0,4,0,0,1,0,0,0,1,1,6,2,24,5,1686,2,10,6,1
2014440332979,1,1,0,18,0,0,0,0,0,0,4,1,6,2,44,7,-1,-1,-1,10,2
2014440332979,2,9,0,13,0,0,0,0,0,0,0,1,6,3,-1,-1,-1,-1,-1,-1,-1
2014440332979,3,11,0,18,2,0,0,0,0,0,3,1,1,1,-1,-1,6871,2,5,-1,-1
2014440332996,1,1,0,18,0,0,0,0,0,0,3,1,6,1,63,9,-1,-1,-1,7,2
2014440332996,2,9,0,13,0,0,0,0,0,0,4,1,6,3,-1,-1,-1,-1,-1,-1,-1
2014440333122,1,9,0,16,0,1,0,0,0,0,1,1,6,2,36,7,2204,2,9,3,1
2014440333122,2,9,0,17,0,1,0,0,0,0,1,2,6,1,22,5,-1,-1,-1,-1,-1
2014440333122,3,9,0,2,0,2,0,0,0,0,0,1,6,3,-1,-1,1598,1,-1,-1,-1
2014440333142,1,9,0,3,0,0,0,0,0,0,0,1,6,1,41,7,1995,2,1,9,2
2014440333142,2,5,0,18,0,0,1,0,1,0,0,1,6,1,41,7,749,1,20,9,1
2014440333199,1,5,0,16,0,8,0,0,0,0,4,1,6,1,19,4,599,1,7,10,2
2014440333277,1,9,0,16,0,8,0,0,0,0,0,1,6,3,-1,-1,-1,-1,-1,-1,-1
2014440333277,2,5,0,17,0,8,0,0,1,10,1,1,6,1,58,9,1300,1,12,9,2
2014440333468,1,2,0,13,0,0,0,0,0,0,1,1,6,1,16,4,-1,-1,-1,9,3
2014440333468,2,9,0,18,0,0,0,0,0,0,3,1,6,3,-1,-1,1364,1,6,-1,-1
2014440333514,1,9,0,18,0,0,2,0,8,4,1,1,6,1,17,4,1388,1,10,5,1
2014440333610,1,8,0,9,0,8,0,0,0,0,1,1,1,1,50,8,1686,2,2,4,1
2014440333861,1,9,0,18,0,1,0,0,0,0,3,1,6,2,60,9,998,1,4,10,2
2014440333861,2,19,0,9,0,6,0,0,0,0,1,1,6,1,41,7,-1,-1,-1,9,3
2014440334080,1,9,0,5,0,8,0,0,0,0,0,1,6,2,67,10,1349,1,7,8,1
2014440334080,2,9,0,18,0,8,0,0,3,11,1,1,6,1,20,4,1781,1,20,7,1
2014440334110,1,19,0,18,0,0,0,0,0,0,1,1,1,1,55,8,1560,2,-1,4,1
2014440334110,2,9,0,18,0,0,0,0,0,0,1,1,6,2,28,6,1388,1,12,8,1
2014440334208,1,9,0,3,0,1,0,0,0,0,2,1,1,1,45,7,1560,2,4,2,1
2014440334208,2,9,0,18,0,1,0,0,0,0,1,1,2,1,73,10,1870,2,9,3,1
2014440334620,1,11,0,5,0,1,0,0,0,0,0,1,1,1,38,7,-1,-1,-1,4,2
2014440334696,1,9,0,18,0,0,0,7,0,0,1,1,6,1,17,4,1299,1,9,6,1
2014440334953,1,9,0,18,0,1,0,0,0,0,1,1,2,3,-1,-1,1798,1,9,5,1
2014440334953,2,1,0,18,0,8,0,0,0,0,4,1,6,1,22,5,-1,-1,-1,5,1
2014440335008,1,9,0,3,0,0,0,0,0,0,2,1,6,1,43,7,1364,1,5,9,1
2014440335008,2,19,0,18,0,0,0,0,0,0,1,1,6,3,-1,-1,2143,2,1,-1,-1
2014440335014,1,9,0,9,0,4,0,0,0,0,3,1,2,2,39,7,2000,1,9,9,1
2014440335014,2,1,0,18,0,8,0,0,0,0,1,1,2,1,42,7,-1,-1,-1,8,2
2014440335063,1,3,0,18,0,1,1,0,1,0,4,1,1,1,22,5,124,1,3,9,1
2014440335063,2,9,0,10,0,1,0,0,0,0,0,1,6,2,27,6,-1,-1,-1,8,1
2014440335132,1,9,0,3,0,1,0,0,0,0,2,1,6,1,20,4,1390,1,-1,8,1
2014440335132,2,9,0,5,0,1,0,0,0,0,1,1,6,3,-1,-1,-1,-1,-1,-1,-1
2014440335240,1,9,0,3,0,1,0,0,0,0,2,1,2,1,56,9,1560,2,1,10,1
2014440335240,2,9,0,4,0,1,0,0,0,0,1,1,2,1,85,11,1596,1,11,10,1
2014440335291,1,20,4,5,0,0,0,0,0,0,4,1,6,1,-1,-1,-1,-1,-1,-1,-1
2014440335317,1,1,0,18,0,1,0,0,0,0,1,1,6,1,59,9,-1,-1,-1,7,1