Accident_Index,Vehicle_Reference,Vehicle_Type,Towing_and_Articulation,Vehicle_Manoeuvre,Vehicle_Location-Restricted_Lane,Junction_Location,Skidding_and_Overturning,Hit_Object_in_Carriageway,Vehicle_Leaving_Carriageway,Hit_Object_off_Carriageway,1st_Point_of_Impact,Was_Vehicle_Left_Hand_Drive?,Journey_Purpose_of_Driver,Sex_of_Driver,Age_of_Driver,Age_Band_of_Driver,Engine_Capacity_(CC),Propulsion_Code,Age_of_Vehicle,Driver_IMD_Decile,Driver_Home_Area_Type
2014440363359,2,9,0,18,0,8,0,0,1,0,3,1,3,2,33,6,-1,-1,-1,2,1
2014440363640,1,9,0,5,0,1,0,0,0,0,1,1,6,1,72,10,1796,1,13,7,1
2014440363646,1,3,0,16,0,0,1,0,1,1,1,1,2,1,21,5,125,1,2,3,1
2014440363730,1,19,0,18,0,0,0,0,0,0,4,1,1,1,34,6,2402,2,8,2,1
2014440363735,1,9,0,13,0,8,2,0,7,0,4,1,6,1,62,9,1198,1,2,5,3
2014440363735,2,9,0,9,0,8,1,0,0,0,3,1,1,2,29,6,1388,1,5,-1,1
2014440363827,1,9,0,4,0,0,0,0,0,0,1,1,6,3,-1,-1,-1,-1,-1,-1,-1
2014440363827,2,9,0,4,0,0,0,0,0,0,2,1,6,2,50,8,1596,1,-1,5,1
2014440363827,3,9,0,4,0,0,0,0,0,0,2,1,6,3,-1,-1,1390,1,8,-1,-1
2014440363838,1,19,0,4,0,8,0,0,0,0,2,1,2,1,29,6,1248,2,1,3,1
2014440363838,2,19,0,4,0,8,0,0,0,0,2,1,6,2,41,7,-1,-1,-1,5,1
2014440363838,3,9,0,4,0,8,0,0,0,0,2,1,6,1,46,8,1798,1,9,6,1
2014440363838,4,19,0,18,0,8,0,0,0,0,1,1,2,1,27,6,2198,2,2,4,1
2014440363962,1,1,0,18,0,8,0,0,0,0,4,1,6,2,38,7,-1,-1,-1,-1,3
2014440363962,2,19,0,5,0,8,0,0,0,0,1,1,6,3,-1,-1,-1,-1,-1,-1,-1
2014440363972,1,9,0,18,0,8,0,0,0,0,2,1,6,2,21,5,1598,1,11,10,1
2014440363972,2,9,0,18,0,8,0,0,0,0,1,1,6,2,-1,-1,1587,1,9,3,1
2014440363985,1,9,0,5,0,8,0,0,0,0,1,1,6,1,60,9,1242,1,10,4,1
2014440363985,2,5,0,17,0,6,0,0,0,0,4,1,6,1,60,9,1002,1,23,5,1
2014440364000,1,9,0,13,0,0,1,0,4,6,1,1,2,2,28,6,-1,-1,-1,6,1
2014440364037,1,9,0,18,0,0,1,0,0,0,1,1,6,2,20,4,1124,1,14,4,1
2014440364037,2,9,0,4,0,0,0,0,0,0,2,1,6,1,27,6,1686,2,3,4,1
2014440364037,3,9,0,4,0,0,0,0,0,0,2,1,6,1,26,6,1999,1,8,10,1
2014440364119,1,5,0,18,0,1,0,0,0,0,4,1,2,1,47,8,1585,1,4,7,1
2014440364214,1,9,0,13,0,1,0,0,0,0,1,1,6,2,28,6,1587,1,13,-1,1
2014440364214,2,9,0,18,0,1,0,0,1,2,2,1,6,1,-1,-1,1498,1,18,3,1
2014440364581,1,9,0,18,0,0,0,0,0,0,1,1,6,2,32,6,998,1,2,3,1
2014440364581,2,9,0,3,0,0,0,0,0,0,2,1,6,2,48,8,2495,2,19,7,2
2014440364617,1,9,0,7,0,8,0,0,0,0,4,1,6,1,-1,-1,1769,1,13,-1,-1
2014440364617,2,1,0,18,0,1,0,0,0,0,1,1,6,1,23,5,-1,-1,-1,4,1
2014440364791,1,9,0,10,0,1,0,0,0,0,2,1,6,1,56,9,1900,2,16,9,3
2014440364791,2,9,0,18,0,1,0,0,0,0,1,1,6,2,70,10,998,1,6,8,3
2014440364855,1,9,0,9,0,6,0,0,0,0,3,1,6,1,43,7,1999,1,7,3,1
2014440364855,2,19,0,18,0,1,0,0,0,0,1,1,1,1,43,7,-1,-1,-1,3,1
2014440364884,1,3,0,9,0,5,0,0,1,1,1,1,6,1,25,5,50,1,-1,5,2
2014440365038,1,9,0,18,0,0,2,10,5,6,4,1,6,1,39,7,-1,-1,-1,2,1
2014440365105,1,9,0,9,0,8,0,0,0,0,1,1,6,1,56,9,1390,1,9,2,1
2014440365105,2,2,0,10,0,8,0,0,0,0,2,1,6,2,17,4,49,1,16,3,1
2014440365134,1,9,0,18,0,1,0,0,7,9,4,1,6,2,18,4,1997,1,10,8,1
2014440365134,2,9,0,9,0,8,0,0,0,0,1,1,6,2,19,4,1199,1,11,8,3
2014440365185,1,9,0,9,0,6,0,0,0,0,1,1,6,2,37,7,1598,1,17,5,1
2014440365185,2,9,0,18,0,1,0,0,0,0,3,1,6,2,56,9,1360,1,11,10,2
2014440365286,1,9,0,18,0,0,0,0,0,0,4,1,6,1,49,8,1390,1,1,2,1
2014440365286,2,19,0,15,0,0,0,0,0,0,3,1,6,3,-1,-1,-1,-1,-1,-1,-1
2014440365440,1,9,0,18,0,1,0,0,0,0,1,1,6,1,54,8,1951,2,10,8,1
2014440365440,2,9,0,9,0,8,0,0,0,0,3,1,1,1,30,6,1368,1,6,5,3
2014440365498,1,9,0,18,0,0,2,0,0,0,0,1,2,1,55,8,1997,2,7,7,3
2014440365682,1,9,0,5,0,8,0,0,0,0,1,1,6,1,-1,-1,1086,1,5,5,1
2014440365682,2,2,0,18,0,8,0,0,0,0,1,1,6,2,19,4,49,1,2,5,1
2014440365725,1,9,0,5,0,8,0,0,0,0,1,1,6,1,59,9,2199,2,4,2,1
2014440365725,2,1,0,17,0,1,0,0,0,0,4,1,6,1,33,6,-1,-1,-1,3,1
2014440365782,1,9,0,3,0,1,0,0,0,0,2,1,2,2,23,5,1242,1,8,3,1
2014440365782,2,1,0,18,0,1,0,0,0,0,1,1,6,1,19,4,-1,-1,-1,-1,2
2014440365801,1,3,0,18,0,0,1,0,0,0,3,1,2,2,21,5,114,1,-1,8,1
2014440365849,1,9,0,5,0,8,0,0,0,0,1,1,6,1,72,10,1968,2,1,8,3
2014440365849,2,9,0,18,0,8,1,0,1,0,4,1,2,1,49,8,1596,1,8,10,1
2014440366014,1,9,0,16,0,0,2,0,7,0,0,1,6,2,29,6,1598,1,14,7,3
2014440366058,1,9,0,18,0,2,0,0,0,0,2,1,6,2,66,10,1242,1,9,4,1
2014440366058,2,9,0,18,0,2,0,0,0,0,1,1,6,2,44,7,3200,2,8,5,1
2014440366111,1,9,0,9,0,8,0,0,0,0,1,1,6,1,72,10,4461,2,2,9,3
2014440366111,2,1,0,18,0,8,0,0,0,0,4,1,6,1,43,7,-1,-1,-1,10,2
2014440366199,1,9,0,18,0,8,0,0,0,0,2,1,1,2,41,7,-1,-1,-1,7,3
2014440366199,2,9,0,18,0,8,0,0,0,0,1,1,6,1,24,5,1998,1,14,5,1
2014440366312,1,21,0,18,0,0,0,0,0,0,1,1,1,1,62,9,10837,2,2,8,3
2014440366312,2,9,0,2,0,0,0,0,1,0,2,1,6,2,75,10,1896,2,15,8,3
2014440366366,1,9,0,4,0,1,0,0,0,0,2,1,6,1,20,4,1198,1,10,6,3
2014440366366,2,9,0,4,0,1,0,0,0,0,1,1,6,1,67,10,1598,1,2,6,3
2014440366387,1,9,0,18,0,1,0,0,0,0,1,1,3,2,31,6,1995,2,9,2,1
2014440366388,1,9,0,18,0,0,1,0,0,0,1,1,6,1,-1,-1,1995,2,-1,-1,-1
2014440366388,2,9,0,4,0,0,0,0,0,0,2,1,1,1,33,6,1598,2,2,7,1
2014440366807,1,9,0,18,0,0,2,0,2,4,1,1,6,1,29,6,1796,1,14,2,1
2014440367273,1,9,0,18,0,8,0,0,0,0,3,1,6,1,47,8,1753,2,7,6,1
2014440367273,2,5,0,9,0,8,0,0,0,0,1,1,6,1,50,8,1255,1,5,3,1
2014440367290,1,3,0,4,0,1,1,0,0,0,0,1,6,1,27,6,124,1,13,2,1
2014440367323,1,5,0,3,0,1,0,0,0,0,2,1,2,2,23,5,599,1,17,2,1
2014440367323,2,20,0,4,0,1,0,0,0,0,1,1,1,3,-1,-1,2287,2,4,-1,-1
2014440367351,1,9,0,4,0,1,0,0,0,0,2,1,6,1,32,6,1900,2,8,4,1
2014440367351,2,9,0,4,0,1,0,0,0,0,1,1,6,1,20,4,-1,-1,-1,4,1
2014440367392,1,9,0,5,0,0,0,0,0,0,1,1,6,1,23,5,2993,2,7,-1,1
2014440367392,2,1,0,18,0,0,0,0,0,0,1,1,6,2,21,5,-1,-1,-1,7,1
2014440367399,1,9,0,18,0,1,0,0,0,0,1,1,6,1,38,7,1995,2,12,8,1
2014440367427,1,9,0,11,0,0,0,0,0,0,1,1,6,2,18,4,1240,1,7,4,1
2014440367427,2,9,0,18,0,0,0,0,0,0,2,1,6,1,43,7,1997,2,-1,9,2
2014440367427,3,19,0,18,0,0,0,0,0,0,2,1,6,1,26,6,1248,2,1,4,1
2014440367507,1,9,0,12,0,0,0,0,0,0,0,1,6,2,67,10,1596,1,4,10,3
2014440367507,2,9,0,18,0,0,1,0,4,6,1,1,6,1,45,7,1948,1,12,8,1
2014440367507,3,9,0,18,0,0,1,0,5,6,2,1,6,2,25,5,1794,1,12,9,1
2014440367507,4,9,0,18,0,0,1,0,0,0,1,1,6,1,46,8,5439,1,16,8,1
2014440367522,1,9,0,18,0,0,0,0,0,0,1,1,6,1,55,8,2982,2,11,9,3
2014440367580,1,9,0,10,0,1,0,0,0,0,2,1,6,1,74,10,1388,1,6,10,1
2014440367580,2,9,0,18,0,1,0,0,0,0,1,1,6,1,20,4,1360,1,14,9,3
2014440367695,1,9,0,5,0,1,0,0,0,0,1,1,6,1,58,9,1968,2,3,-1,1
2014440367695,2,9,0,3,0,1,0,0,0,0,2,1,6,2,26,6,1242,1,2,8,1
2014440367695,3,9,0,3,0,1,0,0,0,0,2,1,6,2,51,8,1108,1,4,7,1
2014440367850,1,9,0,9,0,8,0,0,0,0,3,1,6,1,19,4,1388,1,17,8,3
2014440367850,2,9,0,18,0,8,0,0,0,0,1,1,2,1,37,7,1686,2,-1,3,1
2014440367913,1,9,0,18,0,8,0,0,0,0,4,1,6,3,-1,-1,-1,-1,-1,-1,-1
2014440367913,2,1,0,18,0,8,0,0,0,0,3,1,6,1,37,7,-1,-1,-1,7,1
2014440367969,1,9,0,17,0,0,2,0,1,9,1,1,6,1,22,5,1587,1,13,7,3
2014440367972,1,9,0,18,0,0,2,0,1,11,1,1,6,1,22,5,-1,-1,-1,4,1
2014440368290,1,9,0,18,0,8,5,0,0,0,1,1,6,2,22,5,1149,1,11,6,1
2014440368290,2,9,0,2,0,8,0,0,0,0,1,1,6,1,66,10,1781,1,13,4,1
2014440368290,3,90,0,2,0,8,0,0,0,0,1,1,6,3,-1,-1,-1,-1,-1,-1,-1
2014440368290,4,19,0,2,0,8,0,0,0,0,1,1,6,3,-1,-1,1461,2,11,-1,-1
2014440368290,5,19,0,2,0,8,0,0,0,0,1,1,6,3,-1,-1,2461,2,15,-1,-1
2014440368523,1,9,0,9,0,8,0,0,0,0,3,1,6,1,59,9,1796,1,9,10,1
2014440368523,2,3,0,18,0,8,0,0,0,0,4,1,6,1,18,4,124,1,1,10,1
2014440368541,1,11,0,4,0,0,0,0,0,0,4,1,1,1,28,6,4461,2,1,1,1
2014440368553,1,11,0,18,0,0,0,0,0,0,4,1,1,3,-1,-1,-1,-1,-1,-1,-1
2014440368616,1,3,0,17,0,8,1,10,0,0,4,1,6,1,17,4,124,1,11,8,1
2014440368712,1,5,0,17,0,8,0,0,0,0,3,1,6,1,31,6,999,1,9,5,1
2014440368752,1,9,0,18,0,8,1,0,0,0,1,1,6,2,66,10,1108,1,11,2,1
2014440368752,2,9,0,18,0,8,5,0,1,11,4,1,6,2,62,9,2953,2,14,2,1
2014440368785,1,9,0,18,0,0,0,0,0,0,1,1,6,1,80,11,1796,1,3,10,1
2014440368793,1,9,0,7,0,8,0,0,0,0,1,1,6,1,68,10,1968,2,3,5,1
2014440368793,2,9,0,17,0,8,0,0,1,4,1,1,6,1,51,8,1796,1,-1,4,1
2014440368798,1,9,0,17,0,8,0,0,0,0,1,1,6,2,50,8,1339,1,5,8,1
2014440368798,2,5,0,16,0,8,0,0,0,0,1,1,6,1,47,8,675,1,-1,3,1
2014440368798,3,9,0,8,0,8,0,0,0,0,1,1,6,2,56,9,1598,1,19,2,1
2014440368862,1,9,0,18,0,0,1,0,5,7,3,1,2,1,43,7,1242,1,7,2,1
2014440369066,1,2,0,17,0,8,0,0,0,0,4,1,2,1,57,9,125,1,7,1,1
2014440369066,2,9,0,9,0,8,0,0,0,0,3,1,6,1,43,7,1798,1,11,2,1
2014440369108,1,9,0,16,0,0,2,0,1,10,1,1,2,2,19,4,998,1,10,9,1
2014440369161,1,9,0,18,0,0,1,0,5,6,1,1,6,1,55,8,1998,1,12,2,1
2014440369161,2,9,0,18,0,0,2,0,0,0,1,1,2,1,39,7,1242,1,-1,7,1
2014440369316,1,9,0,4,0,0,0,0,0,0,2,1,6,2,24,5,1229,1,5,6,1
2014440369316,2,19,0,4,0,0,0,0,0,0,2,1,6,1,59,9,1997,2,13,5,2
2014440369316,3,9,0,18,0,0,2,0,0,0,1,1,6,1,18,4,1242,1,10,10,1
2014440369316,4,9,0,18,0,0,1,0,0,0,1,1,6,2,60,9,1390,1,14,4,1
2014440369588,1,9,0,18,0,8,0,0,0,0,1,1,6,3,-1,-1,-1,-1,-1,-1,-1
2014440369588,2,1,0,18,0,8,0,0,0,0,3,1,6,1,53,8,-1,-1,-1,8,1
2014440369612,1,9,0,9,0,5,0,0,0,0,4,1,6,1,79,11,1769,1,10,7,1
2014440369612,2,9,0,18,0,1,1,0,0,0,1,1,6,1,46,8,1391,1,21,9,3
2014440369812,1,9,0,3,0,1,0,0,0,0,2,1,6,2,54,8,1461,2,7,9,1
2014440369812,2,9,0,4,0,1,0,0,0,0,1,1,6,3,-1,-1,1685,2,-1,-1,-1
2014440369828,1,9,0,3,0,1,0,0,0,0,2,1,6,2,19,4,1598,1,11,4,1
2014440369828,2,19,0,18,0,1,0,0,0,0,1,1,6,1,66,10,-1,-1,-1,3,1
2014440369915,1,9,0,3,0,1,0,0,0,0,2,1,1,2,61,9,1997,2,10,6,1
2014440369915,2,9,0,18,0,1,0,0,0,0,1,1,2,1,41,7,1896,2,15,4,1
2014440369965,1,9,0,9,0,6,0,0,0,0,1,1,6,2,23,5,1390,1,13,2,1
2014440369965,2,9,0,13,0,1,0,0,0,0,4,1,6,1,62,9,1339,1,1,2,1
2014440370081,1,9,0,16,0,0,1,0,0,0,1,1,6,2,42,7,1598,1,15,3,1
2014440370081,2,11,0,17,0,0,0,0,0,0,1,1,1,1,36,7,3900,2,10,2,1
2014440370100,1,9,0,18,0,0,1,0,1,1,2,1,6,1,23,5,2494,1,25,3,1
2014440370159,1,5,0,18,2,1,0,0,0,0,3,1,6,1,25,5,649,1,4,-1,1
2014440370159,2,9,0,11,0,1,0,0,0,0,4,1,6,3,-1,-1,1560,2,-1,-1,-1
2014440370219,1,19,0,2,0,0,0,0,1,0,2,1,6,2,58,9,2165,1,17,3,1
2014440370219,2,20,0,18,0,0,0,0,0,0,1,1,1,1,44,7,-1,-1,-1,5,1
2014440370464,1,5,0,18,0,1,1,0,4,0,0,1,1,1,43,7,897,1,6,7,3
2014440370481,1,20,0,18,0,0,0,0,0,0,1,1,2,1,48,8,4764,2,2,4,1
2014440370481,2,9,0,4,0,0,0,0,0,0,2,1,2,1,21,5,1388,1,10,10,1
2014440370596,1,9,0,2,0,0,0,0,0,0,3,1,6,1,49,8,-1,-1,-1,6,1
2014440370596,2,1,0,14,0,0,0,0,0,0,4,1,6,1,39,7,-1,-1,-1,7,1
2014440370654,1,9,0,18,0,1,0,0,0,0,1,1,3,1,57,9,1968,2,7,6,1
2014440370654,2,90,0,18,0,2,0,0,0,0,1,1,2,1,48,8,2500,2,19,8,1
2014440371158,1,19,0,7,0,6,0,0,0,0,3,1,1,2,52,8,-1,-1,-1,8,3
2014440371158,2,1,0,18,0,1,0,0,0,0,1,1,6,1,35,6,-1,-1,-1,3,1
2014440371194,1,2,0,18,0,1,1,0,0,0,4,1,1,1,25,5,49,1,7,8,1
2014440371208,1,9,0,12,0,2,0,0,0,0,3,1,2,2,58,9,1588,1,13,6,1
2014440371208,2,5,0,18,0,2,0,0,0,0,4,1,2,1,19,4,1200,1,5,8,1
2014440371225,1,9,0,7,0,6,0,0,0,0,1,1,6,1,75,10,1398,1,4,5,1
2014440371225,2,1,0,18,0,1,0,0,0,0,4,1,6,1,33,6,-1,-1,-1,3,1
2014440371242,1,11,0,18,0,1,0,0,0,0,1,1,1,2,44,7,8300,2,9,-1,-1
2014440371242,2,9,0,9,0,6,0,0,0,0,3,1,2,1,20,4,-1,-1,-1,5,2
2014440371288,1,9,0,18,0,0,0,0,0,0,4,1,6,1,56,9,-1,-1,-1,5,3
2014440371293,1,5,0,18,0,1,0,0,0,0,4,1,6,1,74,10,892,1,18,-1,-1
2014440371305,1,9,0,16,0,1,1,0,0,0,1,1,1,1,17,4,999,1,13,6,2
2014440371305,2,9,0,10,0,1,0,0,0,0,2,1,6,1,71,10,1798,1,3,7,2
2014440371328,1,9,0,10,0,5,0,0,0,0,1,1,6,1,68,10,1242,1,14,5,1
2014440371328,2,1,0,18,0,1,0,0,0,0,3,1,6,1,39,7,-1,-1,-1,-1,1
2014440371335,1,9,0,18,0,0,5,0,1,0,1,1,6,1,22,5,1248,2,3,8,1
2014440371335,2,9,0,2,0,0,0,0,1,0,2,1,6,2,40,7,1248,1,-1,-1,-1
2014440371348,1,9,0,18,0,0,2,0,1,0,1,1,6,1,21,5,1390,1,7,10,1
2014440371463,1,1,0,18,0,0,0,0,0,0,1,1,2,1,36,7,-1,-1,-1,9,1
2014440371463,2,11,0,4,0,0,0,0,0,0,2,1,1,1,48,8,4500,2,5,7,1
2014440371497,1,9,0,7,0,8,0,0,0,0,4,1,1,3,-1,-1,1598,2,2,-1,-1
2014440371497,2,1,0,18,0,8,0,0,0,0,3,1,6,1,23,5,-1,-1,-1,3,1
2014440371699,1,9,0,4,0,0,0,0,0,0,2,1,2,1,57,9,998,1,2,6,1
2014440371699,2,9,0,4,0,0,0,0,0,0,2,1,2,1,27,6,1997,2,7,4,1
2014440371699,3,9,0,4,0,0,0,0,0,0,1,1,2,1,26,6,-1,-1,-1,1,1
2014440371814,1,9,0,9,0,6,0,0,0,0,3,1,1,3,-1,-1,1248,1,-1,10,1
2014440371814,2,4,0,18,0,1,0,0,0,0,1,1,1,1,20,4,125,1,9,7,2
2014440372490,1,1,0,9,0,8,0,0,0,0,4,1,6,1,30,6,-1,-1,-1,9,1
2014440372490,2,9,0,5,0,1,0,0,0,0,1,1,6,3,-1,-1,-1,-1,-1,-1,-1
2014440372528,1,9,0,3,0,0,0,0,0,0,2,1,6,2,35,6,1896,2,10,2,1
2014440372528,2,9,0,18,0,0,0,0,0,0,1,1,6,3,-1,-1,1299,1,12,-1,-1
2014440372598,1,9,0,18,0,8,0,0,0,0,1,1,6,1,73,10,1560,2,2,5,1
2014440372598,2,9,0,18,0,8,0,0,0,0,1,1,6,1,54,8,2184,2,7,7,3
2014440372908,1,9,0,18,0,1,0,0,0,0,1,1,6,3,-1,-1,-1,-1,-1,-1,-1
2014440372908,2,1,0,18,0,1,0,0,0,0,2,1,2,1,61,9,-1,-1,-1,9,2
2014440372964,1,9,0,18,0,8,0,0,0,0,1,1,3,2,28,6,1598,1,8,9,1
2014440372964,2,9,0,9,0,8,0,0,0,0,3,1,6,2,76,11,1590,1,10,8,1
2014440372972,1,9,0,18,0,0,0,0,0,0,1,1,2,2,33,6,1598,1,10,9,1
2014440373015,1,9,0,18,0,1,0,0,0,0,1,1,6,2,45,7,1388,1,10,6,1
2014440373015,2,9,0,4,0,1,0,0,0,0,2,1,1,1,47,8,1984,1,1,3,1
2014440373102,1,9,0,16,0,0,1,0,0,0,1,1,6,1,19,4,1299,1,13,4,1
2014440373102,2,9,0,17,0,0,0,0,1,0,1,1,6,2,49,8,998,1,5,6,3
2014440373111,1,9,0,9,0,8,0,0,0,0,1,1,6,2,59,9,1198,1,10,2,1
2014440373111,2,1,0,18,0,8,0,0,0,0,3,1,6,1,18,4,-1,-1,-1,2,1
2014440373244,1,9,0,18,0,0,0,0,0,0,1,1,6,1,61,9,1598,2,2,10,1
2014440373292,1,9,0,7,0,8,0,0,0,0,1,1,6,1,74,10,1086,1,9,9,2
2014440373316,1,3,0,16,0,0,1,0,0,0,2,1,6,1,20,4,-1,-1,-1,5,1
2014440373316,2,9,0,17,0,0,0,0,0,0,3,1,6,1,55,8,1896,2,9,7,2
2014440373491,1,9,0,18,0,0,0,0,0,0,1,1,6,2,22,5,999,1,5,3,1
2014440373491,2,9,0,3,0,0,0,0,0,0,2,1,1,1,33,6,1998,1,15,5,1
2014440373491,3,9,0,3,0,0,0,0,0,0,2,1,6,2,35,6,1339,1,10,9,1
2014440373491,4,19,0,3,0,0,0,0,0,0,2,1,1,1,49,8,1598,2,7,2,1
2014440373534,1,9,0,18,0,0,0,0,0,0,1,1,6,1,57,9,1339,1,8,2,1
2014440373534,2,1,0,18,0,0,0,0,0,0,2,1,4,1,21,5,-1,-1,-1,10,1
2014440373575,1,9,0,10,0,8,0,0,0,0,2,1,2,2,25,5,1596,1,3,5,1
2014440373575,2,19,0,18,0,8,0,0,0,0,1,1,1,1,-1,-1,-1,-1,-1,-1,-1
2014440373620,1,9,0,16,0,0,1,0,1,11,1,1,1,1,30,6,1198,1,2,9,1
2014440373914,1,9,0,18,0,8,0,0,0,0,3,1,2,2,50,8,1796,1,7,9,3
2014440373914,2,9,0,9,0,8,0,0,0,0,1,1,2,1,47,8,1598,2,2,7,2
2014440373914,3,19,0,17,0,1,0,0,0,0,3,1,2,1,25,5,1998,2,10,5,1
2014440373954,1,11,0,15,0,8,0,0,0,0,4,1,1,2,27,6,6370,2,8,-1,-1
2014440373954,2,1,0,18,0,8,0,0,0,0,2,1,6,1,51,8,-1,-1,-1,2,1
2014440374067,1,9,0,5,0,8,0,0,0,0,3,1,2,2,51,8,1598,1,12,9,1
2014440374067,2,1,0,9,0,8,0,0,0,0,1,1,2,2,30,6,-1,-1,-1,8,1
2014440374267,1,9,0,18,0,0,2,0,1,11,1,1,6,1,19,4,998,1,3,8,3
2014440374415,1,9,0,18,0,8,0,0,0,0,3,1,3,2,39,7,1995,2,-1,10,1
2014440374415,2,9,0,5,0,8,0,0,0,0,1,1,2,2,36,7,1598,1,11,7,1
2014440374507,1,9,0,18,0,0,0,0,0,0,4,1,6,1,-1,-1,-1,-1,-1,-1,-1
2014440374580,1,1,0,18,4,8,0,0,0,0,3,1,2,1,38,7,-1,-1,-1,10,1
2014440374580,2,19,0,7,0,8,0,0,0,0,4,1,2,1,-1,-1,1248,2,8,-1,-1
2014440374617,1,1,0,18,0,0,0,0,0,0,1,1,6,2,43,7,-1,-1,-1,2,1
2014440374617,2,9,0,2,0,0,0,0,0,0,3,1,6,1,-1,-1,1798,1,13,-1,-1
2014440374863,1,9,0,9,0,8,0,0,0,2,1,1,6,1,21,5,1589,1,15,6,1
2014440374942,1,9,0,18,0,0,0,0,0,0,3,1,6,1,34,6,1596,1,10,8,3
2014440374942,2,9,0,11,0,0,0,0,0,0,4,1,6,1,48,8,1984,1,10,-1,-1
2014440375119,1,9,0,18,0,8,0,0,0,0,1,1,1,1,46,8,-1,-1,-1,6,1
2014440375119,2,9,0,9,0,8,0,0,0,0,1,1,6,2,48,8,1198,1,6,10,1
2014440375126,1,9,0,7,0,2,0,0,0,0,4,1,6,1,59,9,1799,1,5,5,2
2014440375359,1,9,0,9,0,8,0,0,0,0,1,1,6,1,57,9,2967,2,5,10,2
2014440375720,1,9,0,16,0,0,2,0,2,4,1,1,6,3,-1,-1,1598,1,16,-1,-1
2014440375741,1,9,0,16,0,0,0,0,1,0,1,1,6,2,18,4,1199,1,14,4,1
2014440375859,1,9,0,9,0,8,0,0,0,0,4,1,6,3,-1,-1,1364,1,8,-1,-1
2014440375859,2,3,0,13,0,8,0,0,0,0,1,1,6,1,19,4,124,1,-1,7,1
2014440376066,1,9,0,4,0,1,0,0,0,0,1,1,6,1,82,11,998,1,-1,9,1
2014440376066,2,9,0,4,0,1,0,0,1,0,2,1,6,1,31,6,1896,2,9,10,1
2014440376066,3,9,0,4,0,1,0,0,0,0,2,1,6,2,43,7,1341,1,12,10,1
2014440376066,4,9,0,18,0,2,0,0,1,0,1,1,6,1,53,8,1968,2,-1,10,1
2014440376091,1,9,0,18,0,2,0,0,0,0,4,1,6,1,58,9,1086,1,9,5,1
2014440376333,1,9,0,9,0,8,0,0,0,0,4,1,6,2,18,4,1596,1,12,-1,1
2014440376333,2,9,0,18,0,8,0,0,0,0,1,1,2,1,24,5,1598,1,10,5,1
2014440376679,1,9,0,7,0,8,0,0,0,0,1,1,6,1,81,11,1870,2,11,4,1
2014440376679,2,9,0,18,0,8,0,0,0,0,1,1,6,2,18,4,1360,1,9,10,1
2014440376915,1,9,0,9,0,6,0,0,0,0,3,1,2,2,33,6,1998,2,4,5,1
2014440376915,2,1,0,18,0,1,0,0,0,0,1,1,6,1,26,6,-1,-1,-1,8,3
2014440376927,1,1,0,18,0,1,0,0,0,0,3,1,6,1,33,6,-1,-1,-1,5,2
2014440376927,2,9,0,13,0,1,0,0,0,0,4,1,6,1,66,10,1796,1,6,5,1
2014440377219,1,8,0,18,0,0,0,0,0,0,1,1,6,1,-1,-1,-1,-1,-1,-1,-1
2014440377264,1,9,0,9,0,1,0,0,0,0,1,1,6,2,52,8,-1,-1,-1,9,1
2014440377264,2,2,0,18,0,1,1,0,0,0,4,1,2,1,53,8,49,1,15,7,1
2014440377344,1,5,0,18,0,0,0,0,0,0,1,1,6,1,50,8,1170,1,9,4,1
2014440377344,2,9,0,18,0,0,0,0,0,0,2,1,6,2,45,7,1328,1,9,9,1
2014440377433,1,9,0,18,0,4,0,0,0,0,1,1,6,1,33,6,1390,1,13,8,1
2014440377433,2,1,0,8,0,1,0,0,0,0,2,1,6,1,44,7,-1,-1,-1,7,1
2014440377455,1,9,0,9,0,8,0,0,0,0,3,1,6,2,42,7,1242,1,-1,7,1
2014440377455,2,9,0,18,0,1,0,0,0,0,1,1,6,1,41,7,1390,1,15,9,3
2014440377463,1,9,0,18,0,0,0,0,1,4,1,1,6,1,60,9,1597,2,-1,10,3
2014440377564,1,5,0,18,0,0,1,0,0,0,0,1,6,1,25,5,599,1,16,7,1
2014440377585,1,9,0,18,0,0,0,0,0,0,1,1,6,1,69,10,998,1,2,8,3
2014440377585,2,9,0,4,0,0,0,0,0,0,2,1,6,1,30,6,998,1,-1,5,1
2014440377585,3,9,0,3,0,0,0,0,0,0,2,1,6,2,42,7,1198,1,3,8,3
2014440377585,4,9,0,3,0,0,0,0,0,0,2,1,6,1,38,7,1997,2,6,5,3
2014440377698,1,9,0,18,0,0,1,0,0,0,1,1,6,1,27,6,2497,1,9,4,1
2014440377698,2,9,0,4,0,0,0,0,0,0,2,1,6,1,40,7,1461,2,7,3,1
2014440377715,1,19,0,14,0,0,0,0,0,0,4,1,6,1,37,7,1870,2,9,7,2
2014440377715,2,9,0,2,0,0,0,0,0,0,3,1,6,1,19,4,-1,-1,-1,4,2
2014440377870,1,9,0,9,0,6,0,0,0,0,1,1,3,2,40,7,1398,1,11,10,1