Accident_Index,Vehicle_Reference,Vehicle_Type,Towing_and_Articulation,Vehicle_Manoeuvre,Vehicle_Location-Restricted_Lane,Junction_Location,Skidding_and_Overturning,Hit_Object_in_Carriageway,Vehicle_Leaving_Carriageway,Hit_Object_off_Carriageway,1st_Point_of_Impact,Was_Vehicle_Left_Hand_Drive?,Journey_Purpose_of_Driver,Sex_of_Driver,Age_of_Driver,Age_Band_of_Driver,Engine_Capacity_(CC),Propulsion_Code,Age_of_Vehicle,Driver_IMD_Decile,Driver_Home_Area_Type
2014440420762,1,9,0,17,0,0,2,0,8,10,1,1,6,2,26,6,1242,1,13,2,1
2014440421143,1,9,0,4,0,8,1,0,0,0,1,1,3,1,49,8,1997,2,6,2,1
2014440421143,2,1,0,18,0,1,0,0,0,0,4,1,6,2,23,5,-1,-1,-1,-1,1
2014440421182,1,9,0,9,0,5,0,0,0,0,2,1,2,2,50,8,2993,2,2,5,1
2014440421182,2,19,0,18,0,1,0,0,0,0,1,1,1,1,57,9,2463,2,9,8,1
2014440421184,1,9,0,9,0,6,0,0,0,0,3,1,6,3,-1,-1,-1,-1,-1,-1,-1
2014440421184,2,3,0,18,0,1,0,0,0,0,1,1,6,2,28,6,124,1,5,5,1
2014440421323,1,9,0,9,0,1,0,0,0,0,1,1,6,2,49,8,1998,2,6,7,1
2014440421893,1,1,0,18,0,8,0,0,0,0,0,1,2,2,28,6,-1,-1,-1,4,1
2014440421896,1,9,0,4,0,0,0,0,0,0,2,1,2,1,56,9,1968,2,5,10,1
2014440421896,2,9,0,4,0,0,0,0,0,0,2,1,2,1,27,6,1390,1,13,5,1
2014440421896,3,9,0,18,0,0,0,0,0,0,1,1,2,1,36,7,1396,1,13,4,1
2014440421946,1,2,0,18,0,2,0,0,0,0,1,1,6,1,20,4,49,1,-1,8,2
2014440421946,2,9,0,4,0,2,0,0,0,0,2,1,6,2,50,8,-1,-1,-1,8,3
2014440421982,1,9,0,5,0,0,0,0,0,0,1,1,2,2,51,8,1364,1,6,5,1
2014440421982,2,9,0,4,0,0,0,0,0,0,2,1,6,2,46,8,1560,2,2,8,1
2014440422004,1,1,0,18,0,8,0,0,0,0,1,1,6,2,20,4,-1,-1,-1,6,1
2014440422004,2,9,0,9,0,8,0,0,0,0,4,1,6,1,-1,-1,973,1,11,-1,-1
2014440422028,1,9,0,3,0,8,0,0,0,0,2,1,2,1,48,8,2477,2,9,10,1
2014440422028,2,9,0,3,0,8,0,0,0,0,2,1,2,1,44,7,1560,2,5,10,1
2014440422028,3,9,0,3,0,8,0,0,0,0,2,1,2,2,33,6,-1,-1,-1,9,1
2014440422028,4,20,0,4,0,8,0,0,0,0,1,1,1,1,34,6,2998,2,3,7,1
2014440422041,1,9,0,4,0,0,0,0,0,0,2,1,6,2,23,5,998,1,1,8,1
2014440422041,2,19,0,18,0,0,0,0,0,0,1,1,6,1,36,7,1896,2,6,10,1
2014440422179,1,9,0,5,0,1,0,0,0,0,3,1,6,1,32,6,1798,1,6,3,1
2014440422225,1,9,0,18,0,0,1,10,4,4,1,1,6,1,53,8,1998,2,11,7,1
2014440422357,1,9,0,17,0,0,1,0,0,0,1,1,6,1,19,4,1596,1,24,7,1
2014440422357,2,9,0,18,0,0,0,0,0,0,1,1,3,2,40,7,1388,1,8,4,1
2014440422417,1,3,0,14,0,8,1,0,0,0,1,1,2,1,19,4,124,1,6,8,1
2014440422417,2,9,0,9,0,8,0,0,0,0,3,1,3,2,39,7,1595,1,-1,6,3
2014440422431,1,2,0,18,0,1,0,0,0,0,1,1,6,1,27,6,49,1,2,9,3
2014440422431,2,9,0,9,0,6,0,0,0,0,3,1,6,1,18,4,1198,1,11,-1,3
2014440422450,1,11,0,5,0,0,0,0,0,0,0,1,1,1,57,9,-1,-1,-1,4,1
2014440422462,1,20,0,1,0,0,0,0,0,0,2,1,1,3,-1,-1,-1,-1,-1,-1,-1
2014440422462,2,9,0,2,0,0,0,0,0,0,1,1,6,3,-1,-1,1997,2,3,-1,-1
2014440422470,1,9,0,3,0,0,0,0,0,0,2,1,6,1,45,7,1339,1,10,-1,1
2014440422470,2,9,0,3,0,0,0,0,0,0,2,1,6,2,45,7,1242,1,1,9,1
2014440422470,3,9,0,3,0,0,0,0,0,0,2,1,6,1,34,6,1753,2,6,3,1
2014440422470,4,9,0,18,0,0,0,0,0,0,1,1,6,3,-1,-1,-1,-1,-1,-1,-1
2014440422540,1,9,0,4,0,1,0,0,0,0,2,1,6,1,70,10,1560,2,3,-1,-1
2014440422540,2,9,0,18,0,1,1,0,0,0,1,1,6,2,51,8,1248,1,2,8,3
2014440422540,3,9,0,18,0,1,1,0,0,0,1,1,6,1,20,4,1242,1,11,4,1
2014440422540,4,9,0,18,0,1,1,0,0,0,1,1,6,2,79,11,1198,1,7,2,1
2014440422549,1,20,0,9,0,8,0,0,0,0,1,1,1,1,55,8,4461,2,6,4,1
2014440422549,2,9,0,18,0,8,0,0,0,0,3,1,6,1,22,5,1242,1,6,8,2
2014440422549,3,9,0,18,0,1,0,0,0,0,1,1,6,1,72,10,1997,2,4,-1,3
2014440422630,1,9,0,3,0,1,0,0,0,0,2,1,6,1,62,9,1896,2,15,4,1
2014440422630,2,9,0,18,0,1,0,0,0,0,1,1,6,1,58,9,1991,1,14,7,1
2014440422763,1,9,0,18,0,8,0,0,0,0,3,1,6,3,-1,-1,1149,1,17,-1,-1
2014440422763,2,3,0,9,0,8,0,0,0,0,1,1,6,1,18,4,125,1,4,3,1
2014440422816,1,97,0,18,0,0,0,0,0,0,0,1,6,1,23,5,-1,-1,-1,10,2
2014440423112,1,9,0,18,0,8,0,0,0,0,1,1,6,3,-1,-1,-1,-1,-1,-1,-1
2014440423165,1,9,0,18,0,0,1,0,0,0,1,1,6,1,23,5,1461,2,7,10,1
2014440423165,2,9,0,3,0,0,0,0,0,0,2,1,6,2,28,6,1149,1,11,3,1
2014440423165,3,9,0,3,0,0,0,0,0,0,2,1,6,2,54,8,1248,2,3,3,1
2014440423165,4,19,0,3,0,0,0,0,0,0,3,1,6,1,36,7,1686,2,11,4,1
2014440423172,1,1,0,18,0,8,0,0,0,0,4,1,6,1,30,6,-1,-1,-1,6,1
2014440423172,2,8,0,5,0,8,0,0,0,0,1,1,1,1,-1,-1,-1,-1,-1,-1,-1
2014440423177,1,9,0,18,0,0,0,0,1,4,1,1,6,1,56,9,1796,1,6,10,1
2014440423268,1,9,0,18,0,1,1,0,0,0,1,1,6,2,36,7,1149,1,12,5,1
2014440423268,2,9,0,18,0,2,0,0,0,0,1,1,2,1,45,7,1332,1,17,2,1
2014440423282,1,9,0,5,0,4,0,0,0,0,3,1,6,1,81,11,2435,1,9,7,1
2014440423282,2,2,0,18,0,8,0,0,0,0,1,1,6,1,16,4,49,1,3,8,3
2014440423328,1,9,0,18,0,8,1,0,5,6,4,1,6,1,38,7,2993,2,4,8,1
2014440423328,2,9,0,18,0,8,1,0,0,0,3,1,6,1,-1,-1,1364,1,9,-1,-1
2014440423328,3,9,0,18,0,8,1,0,0,0,3,1,6,2,46,8,2204,2,7,-1,-1
2014440423328,4,9,0,18,0,8,1,0,0,0,3,1,6,1,44,7,1598,2,1,10,2
2014440423328,5,9,0,18,0,8,1,0,0,0,3,1,6,2,24,5,1124,1,7,9,3
2014440423328,6,9,0,18,0,8,1,0,0,0,3,1,6,1,55,8,2231,2,1,6,2
2014440423328,7,9,0,18,0,8,1,0,0,0,1,1,6,2,50,8,1997,2,9,7,2
2014440423337,1,19,0,18,0,0,2,0,1,4,1,1,1,1,48,8,1870,2,8,3,1
2014440423337,2,9,0,18,0,0,0,0,0,0,3,1,6,2,39,7,1598,1,12,5,1
2014440423458,1,20,0,9,0,8,0,0,0,0,1,1,1,1,57,9,-1,-1,-1,3,1
2014440423458,2,9,0,18,0,8,0,0,0,0,4,1,2,1,55,8,1995,2,2,10,1
2014440423517,1,9,0,18,0,0,0,0,0,0,1,1,2,1,51,8,1461,2,4,10,1
2014440423705,1,9,0,18,0,0,0,0,0,0,1,1,6,1,48,8,1991,2,9,10,1
2014440423705,2,9,0,18,0,0,0,0,0,0,2,1,6,1,74,10,1769,1,23,6,1
2014440424105,1,9,0,18,0,0,0,0,0,0,4,1,3,2,30,6,1598,1,9,4,1
2014440424216,1,9,0,10,0,8,0,0,0,0,2,1,2,2,43,7,1229,1,8,7,2
2014440424216,2,3,0,18,0,1,1,0,0,0,1,1,6,1,22,5,124,1,7,2,1
2014440424326,1,1,0,18,0,8,0,0,0,0,1,1,2,1,41,7,-1,-1,-1,7,1
2014440424326,2,9,0,9,0,8,0,0,0,0,4,1,6,1,-1,-1,1598,1,14,-1,-1
2014440424336,1,9,0,11,0,0,0,0,0,0,1,1,6,1,28,6,2435,1,14,10,1
2014440424336,2,9,0,11,0,0,0,0,0,0,2,1,6,1,54,8,1896,2,6,10,1
2014440424343,1,9,0,18,0,2,0,0,0,0,1,1,6,2,20,4,1461,2,12,5,1
2014440424343,2,9,0,3,0,2,0,0,0,0,2,1,2,1,25,5,1753,2,11,1,1
2014440424343,3,9,0,3,0,2,0,0,0,0,2,1,3,2,31,6,1749,1,13,5,1
2014440424361,1,9,0,14,0,2,0,0,0,0,1,1,6,3,-1,-1,5998,1,-1,-1,-1
2014440424617,1,8,0,18,0,0,0,0,2,4,3,1,1,1,50,8,-1,-1,-1,4,1
2014440424617,2,8,0,13,0,0,0,0,6,1,4,1,1,1,36,7,1598,2,2,7,1
2014440424648,1,9,0,16,0,2,0,0,1,10,3,1,6,1,19,4,2793,1,18,8,1
2014440424654,1,9,0,16,0,2,0,0,5,4,1,1,2,2,34,6,1360,1,12,3,1
2014440424719,1,21,0,12,0,8,0,0,0,0,1,1,1,1,35,6,10837,2,4,-1,3
2014440424719,2,19,0,18,0,8,0,0,0,0,2,1,1,1,33,6,2198,2,1,5,1
2014440424765,1,9,0,3,0,1,0,0,0,0,3,1,6,3,-1,-1,-1,-1,-1,-1,-1
2014440424765,2,1,0,18,0,1,0,0,0,0,1,1,6,1,11,3,-1,-1,-1,9,1
2014440424789,1,9,0,18,0,1,0,0,0,0,0,1,2,2,21,5,1248,2,6,-1,1
2014440424789,2,9,0,18,0,1,0,0,0,0,2,1,2,2,45,7,1461,2,8,1,1
2014440424794,1,9,0,18,0,2,0,0,0,0,1,1,3,2,29,6,1796,1,13,1,1
2014440424954,1,9,0,18,0,0,0,0,0,0,1,1,6,3,-1,-1,-1,-1,-1,-1,-1
2014440425072,1,1,0,18,0,0,0,0,0,0,3,1,6,1,22,5,-1,-1,-1,4,1
2014440425072,2,9,0,18,0,0,0,0,0,0,4,1,6,3,-1,-1,-1,-1,-1,-1,-1
2014440425094,1,9,0,9,0,8,0,0,0,0,2,1,6,2,47,8,2295,1,11,-1,-1
2014440425094,2,5,0,14,0,8,1,0,0,0,3,1,6,1,37,7,1298,1,10,5,1
2014440425310,1,9,0,12,0,0,5,0,1,11,1,1,6,2,32,6,1396,1,14,8,2
2014440425476,1,9,0,18,0,8,0,0,0,0,1,1,6,1,49,8,2967,1,10,4,1
2014440425547,1,9,0,18,0,8,0,0,0,0,4,1,6,2,28,6,1086,1,5,10,1
2014440425558,1,9,0,1,0,0,0,0,0,0,3,1,2,1,22,5,1598,1,8,5,1
2014440425558,2,9,0,4,0,0,0,0,0,0,1,1,2,2,30,6,1461,2,1,10,1
2014440425761,1,9,0,18,0,0,0,0,0,0,3,1,6,1,52,8,1296,1,7,10,3
2014440425761,2,9,0,18,0,0,0,0,0,0,1,1,6,1,47,8,-1,-1,-1,10,1
2014440425790,1,9,0,9,0,8,0,0,0,0,4,1,6,1,33,6,1587,1,8,5,1
2014440425790,2,9,0,18,0,8,0,0,0,0,1,1,6,1,19,4,1590,1,9,2,1
2014440425838,1,9,0,17,0,0,0,0,1,0,0,1,6,2,26,6,1798,1,9,10,1
2014440425930,1,9,0,9,0,8,0,0,0,0,1,1,1,1,56,9,1229,1,6,10,1
2014440425930,2,4,0,17,0,8,0,0,0,0,1,1,1,1,28,6,400,1,26,6,1
2014440426007,1,1,0,18,0,8,0,0,0,0,4,1,2,1,49,8,-1,-1,-1,9,1
2014440426007,2,9,0,7,0,8,0,0,0,0,1,1,2,1,-1,-1,1799,1,7,7,1
2014440426038,1,9,0,9,0,8,0,0,0,10,1,1,2,1,25,5,1598,2,2,8,3
2014440426038,2,9,0,18,0,8,0,0,0,0,1,1,2,2,46,8,1984,1,6,10,3
2014440426098,1,19,0,9,0,8,0,0,0,0,4,1,1,1,46,8,2198,2,2,10,1
2014440426098,2,4,0,18,0,1,0,0,0,0,1,1,2,1,23,5,498,1,12,7,1
2014440426402,1,9,0,18,0,8,0,0,0,0,1,1,6,2,20,4,1124,1,9,6,1
2014440426402,2,3,0,18,0,8,0,0,0,0,1,1,6,1,44,7,385,1,12,7,1
2014440426405,1,9,0,18,0,0,1,0,8,10,3,1,6,1,19,4,-1,-1,-1,2,1
2014440426730,1,1,0,18,0,1,0,0,0,0,4,1,4,1,11,3,-1,-1,-1,5,1
2014440426730,2,9,0,18,0,1,0,0,0,0,4,1,6,1,-1,-1,-1,-1,-1,-1,-1
2014440426831,1,9,0,4,0,0,0,0,0,0,1,1,6,2,28,6,1299,1,11,2,1
2014440426831,2,9,0,4,0,0,0,0,0,0,2,1,6,2,49,8,1329,1,5,10,1
2014440426885,1,9,0,9,0,8,0,0,0,0,1,1,6,1,50,8,2398,1,17,5,1
2014440426885,2,3,0,18,0,8,0,0,0,0,4,1,2,1,26,6,125,1,10,5,1
2014440426909,1,9,0,4,0,0,0,0,0,0,1,1,6,2,59,9,1598,1,13,10,1
2014440426909,2,9,0,4,0,0,0,0,0,0,2,1,6,2,49,8,2231,2,5,9,1
2014440426935,1,9,0,18,0,0,0,0,0,0,1,1,6,2,51,8,1988,1,13,2,1
2014440426935,2,9,0,18,0,0,0,0,0,0,1,1,6,1,23,5,1598,1,4,9,1
2014440426950,1,9,0,16,0,2,0,0,7,0,1,1,6,1,22,5,1910,2,11,8,1
2014440426950,2,9,0,17,0,2,0,0,1,11,1,1,6,1,18,4,1229,1,7,10,2
2014440427037,1,1,0,14,0,1,0,0,0,0,1,1,6,3,-1,-1,-1,-1,-1,-1,-1
2014440427164,1,9,0,18,0,8,0,0,0,0,1,1,6,3,-1,-1,-1,-1,-1,-1,-1
2014440427385,1,9,0,18,0,0,5,0,7,4,1,1,6,1,21,5,1781,1,12,4,1
2014440427436,1,9,0,18,0,0,5,0,1,4,1,1,1,1,49,8,1997,2,4,5,1
2014440427480,1,9,0,11,0,0,0,0,0,0,0,1,6,1,26,6,1124,1,8,10,1
2014440427480,2,11,0,18,0,0,0,0,0,0,0,1,1,1,64,9,6696,2,-1,10,1
2014440427571,1,9,0,9,0,5,0,0,0,0,3,1,6,2,41,7,1598,1,9,5,1
2014440427571,2,9,0,13,0,1,0,0,0,0,1,1,6,2,21,5,1149,1,10,8,1
2014440427601,1,5,0,16,0,1,0,0,0,0,1,1,6,1,53,8,800,1,-1,5,2
2014440427601,2,9,0,9,0,8,0,0,0,0,4,1,6,1,44,7,1997,2,10,10,1
2014440427726,1,9,0,3,0,1,0,0,0,0,1,1,6,1,39,7,1956,2,1,5,1
2014440427726,2,9,0,3,0,1,0,0,0,0,2,1,6,1,42,7,2290,1,12,2,1
2014440427780,1,9,0,18,0,1,0,0,0,0,1,1,6,2,65,9,1399,2,5,7,1
2014440427780,2,9,0,3,0,1,0,0,0,0,2,1,6,1,25,5,1560,2,1,9,1
2014440427780,3,9,0,3,0,1,0,0,0,0,2,1,6,1,54,8,1910,2,8,3,1
2014440427899,1,9,0,5,0,4,0,0,0,0,1,1,6,1,89,11,1984,1,22,8,1
2014440427899,2,9,0,9,0,4,0,0,0,0,4,1,6,1,32,6,998,1,14,10,1
2014440427934,1,9,0,18,0,2,0,0,0,0,4,1,6,1,71,10,1198,1,5,6,1
2014440427934,2,1,0,18,0,2,0,0,0,0,3,1,6,1,23,5,-1,-1,-1,8,3
2014440428218,1,9,0,9,0,8,0,0,0,0,1,1,6,1,47,8,-1,-1,-1,10,1
2014440428218,2,3,0,18,0,8,0,0,0,0,4,1,6,1,19,4,125,1,-1,5,3
2014440428327,1,9,0,4,0,1,0,0,0,0,1,1,6,1,41,7,1360,1,11,2,1
2014440428356,1,1,0,18,0,6,0,0,0,0,1,1,6,1,37,7,-1,-1,-1,6,1
2014440428356,2,9,0,18,0,1,0,0,0,0,4,1,6,2,23,5,-1,-1,-1,1,1
2014440428390,1,97,0,4,0,1,1,0,0,0,4,1,6,1,27,6,125,1,1,2,1
2014440428496,1,9,0,18,0,0,1,0,1,11,1,1,6,1,23,5,1596,1,13,10,2
2014440428565,1,19,0,18,0,4,0,0,0,0,1,1,6,1,29,6,-1,-1,-1,3,1
2014440428565,2,1,0,18,0,8,0,0,0,0,4,1,6,1,46,8,-1,-1,-1,4,1
2014440428586,1,9,0,18,0,0,5,0,1,4,3,1,6,2,24,5,1124,1,13,8,3
2014440428636,1,9,0,1,0,0,0,0,0,0,3,1,6,1,48,8,1997,2,3,10,2
2014440428771,1,9,0,18,0,1,0,0,0,0,1,1,6,1,28,6,1349,1,2,7,1
2014440428771,2,9,0,9,0,5,0,0,0,0,4,1,6,2,69,10,1360,1,10,10,1
2014440428853,1,8,0,9,0,5,0,0,0,0,3,1,6,1,48,8,1910,2,6,5,3
2014440428853,2,3,0,13,0,1,0,0,0,0,1,1,6,1,53,8,1052,1,18,10,1
2014440428953,1,19,0,18,0,0,0,0,0,0,1,1,1,1,37,7,-1,-1,-1,4,1
2014440429010,1,19,0,1,0,2,0,0,0,0,2,1,6,3,-1,-1,-1,-1,-1,-1,-1
2014440429168,1,9,0,16,0,0,1,0,1,4,1,1,6,1,69,10,1896,2,9,9,3
2014440429362,1,5,0,13,0,1,0,0,0,0,1,1,2,1,60,9,1170,1,3,10,1
2014440429362,2,19,0,9,0,6,0,0,0,0,3,1,2,1,32,6,2198,2,7,10,1
2014440429684,1,3,0,18,0,1,0,0,0,0,1,1,6,1,19,4,125,1,15,2,1
2014440429684,2,9,0,18,0,8,0,0,0,0,3,1,6,2,34,6,1596,1,7,4,1
2014440429982,1,9,0,5,0,8,0,0,0,0,0,1,6,2,-1,-1,-1,-1,-1,-1,-1
2014440429982,2,11,0,4,0,8,0,0,0,0,0,1,1,1,23,5,-1,-1,-1,5,1
2014440430144,1,9,0,18,0,0,0,0,0,0,1,1,6,2,33,6,1248,2,-1,1,1
2014440430144,2,9,0,18,0,0,0,0,0,0,2,1,6,2,42,7,1598,1,6,9,1
2014440430149,1,9,0,9,0,8,0,0,0,0,4,1,6,1,55,8,1975,1,6,10,1
2014440430149,2,9,0,9,0,4,0,0,0,0,1,1,2,2,34,6,1596,1,9,1,1
2014440430165,1,3,0,18,0,8,0,0,0,0,1,1,2,1,46,8,124,1,9,2,1
2014440430165,2,9,0,9,0,8,0,0,0,0,1,1,6,2,64,9,1422,2,10,7,3
2014440430268,1,9,0,10,0,8,0,0,0,0,2,1,2,1,20,4,1910,2,8,10,1
2014440430268,2,9,0,3,0,8,0,0,0,0,2,1,1,1,41,7,1386,1,4,10,2
2014440430268,3,9,0,18,0,8,0,0,0,0,1,1,2,1,37,7,2792,1,13,7,3
2014440430279,1,9,0,17,0,0,0,0,0,0,1,1,1,1,25,5,998,1,11,8,1
2014440430301,1,9,0,18,0,8,0,0,0,0,1,1,2,1,37,7,1995,2,1,-1,1
2014440430301,2,9,0,3,0,8,0,0,0,0,2,1,2,1,22,5,1995,2,1,8,1
2014440430301,3,9,0,3,0,8,0,0,0,0,2,1,2,1,63,9,-1,-1,-1,9,1
2014440430301,4,9,0,3,0,8,0,0,0,0,2,1,2,1,72,10,2982,2,4,10,3
2014440430392,1,5,0,18,0,0,0,0,1,3,1,1,6,1,20,4,645,1,11,3,1
2014440430585,1,9,0,5,0,4,0,0,0,0,1,1,2,1,49,8,1998,2,13,7,1
2014440430585,2,1,0,18,0,8,0,0,0,0,4,1,6,1,39,7,-1,-1,-1,4,1
2014440430592,1,1,0,18,0,8,0,0,0,0,4,1,6,1,61,9,-1,-1,-1,9,1
2014440430592,2,8,0,5,0,8,0,0,0,0,1,1,1,2,45,7,-1,-1,-1,3,1
2014440430601,1,9,0,3,0,1,0,0,0,0,2,1,2,1,55,8,998,1,19,3,1
2014440430601,2,9,0,18,0,1,0,0,0,0,1,1,2,1,32,6,2470,2,22,3,1
2014440430632,1,9,0,9,0,5,0,0,0,0,1,1,3,2,30,6,1368,1,10,9,1
2014440430632,2,9,0,7,0,6,0,0,0,0,1,1,3,1,34,6,1995,2,4,10,1
2014440430702,1,9,0,18,0,0,0,0,0,0,1,1,6,1,48,8,2179,2,-1,8,3
2014440430702,2,19,0,3,0,0,0,0,0,0,2,1,1,1,25,5,1560,2,2,5,1
2014440430702,3,19,0,3,0,0,0,0,0,0,2,1,1,1,52,8,1753,2,10,4,1
2014440430702,4,9,0,3,0,0,0,0,0,0,2,1,2,2,30,6,998,1,12,6,2
2014440430708,1,9,0,4,0,0,1,0,4,6,1,1,2,2,53,8,1797,8,4,8,3
2014440430708,2,9,0,4,0,0,0,0,4,6,3,1,2,1,22,5,1229,1,6,5,1
2014440430708,3,9,0,4,0,0,0,0,0,0,2,1,2,1,40,7,2400,2,-1,6,1
2014440430708,4,9,0,4,0,0,0,0,0,0,1,1,2,1,33,6,1582,2,6,5,1
2014440430708,5,19,0,4,0,0,0,0,0,0,1,1,2,2,30,6,1998,2,12,7,1
2014440430708,6,9,0,4,0,0,0,0,0,0,2,1,2,1,48,8,1199,2,2,3,1
2014440430708,7,9,0,4,0,0,0,0,0,0,1,1,2,1,56,9,-1,-1,-1,5,1
2014440430797,1,9,0,18,0,0,2,11,2,10,0,1,2,1,33,6,1995,1,7,8,1
2014440430797,2,19,0,18,0,0,0,0,0,0,0,1,6,3,-1,-1,-1,-1,-1,-1,-1
2014440430846,1,9,0,18,0,0,0,0,0,0,2,1,6,1,38,7,1896,2,16,10,1
2014440430846,2,9,0,18,0,0,0,0,4,6,2,1,6,2,22,5,1388,1,5,5,1
2014440430846,3,9,0,18,0,0,0,0,0,0,1,1,6,2,38,7,2499,1,4,6,3
2014440430927,1,9,0,14,0,0,0,0,0,0,1,1,2,2,28,6,1388,1,10,10,2
2014440430927,2,9,0,18,0,0,0,0,0,0,1,1,6,1,73,10,-1,-1,-1,9,1
2014440431080,1,1,0,18,0,0,0,0,0,0,2,1,6,1,38,7,-1,-1,-1,9,1
2014440431080,2,9,0,18,0,0,0,0,0,0,1,1,6,3,-1,-1,-1,-1,-1,-1,-1
2014440431369,1,5,0,18,0,8,0,0,0,0,1,1,2,1,59,9,-1,-1,-1,7,1
2014440431369,2,9,0,9,0,8,0,0,0,0,1,1,2,1,28,6,-1,-1,-1,3,1
2014440431386,1,9,0,10,0,1,0,0,0,0,2,1,6,1,45,7,1686,2,10,3,1
2014440431386,2,9,0,18,0,1,0,0,0,0,1,1,6,1,53,8,2495,2,30,10,1
2014440431402,1,9,0,18,0,1,0,0,0,0,1,1,2,1,49,8,1560,2,10,10,2
2014440431402,2,9,0,10,0,8,0,0,0,0,2,1,2,1,33,6,1499,1,8,3,1
2014440431402,3,9,0,18,0,8,0,0,0,0,1,1,3,1,42,7,1995,2,1,10,2
2014440431446,1,9,0,4,0,0,0,0,0,0,2,1,6,1,26,6,1396,1,5,5,3
2014440431446,2,9,0,18,0,0,0,0,0,0,1,1,6,2,26,6,1120,2,-1,5,3
2014440431446,3,9,0,18,0,0,0,0,0,0,1,1,6,1,28,6,1686,2,1,2,1
2014440431446,4,19,0,18,0,0,0,0,0,0,1,1,6,1,38,7,1997,2,8,7,1
2014440431446,5,9,0,18,0,0,0,0,0,0,1,1,6,1,36,7,1796,1,11,3,1
2014440431484,1,9,0,18,0,0,0,0,0,0,4,1,3,1,43,7,1997,1,6,3,1
2014440431551,1,9,0,17,0,8,0,0,0,0,2,1,2,2,53,8,1368,1,-1,-1,3
2014440431551,2,9,0,17,0,8,0,0,0,0,1,1,6,3,-1,-1,1199,1,10,-1,-1
2014440431636,1,9,0,17,0,2,0,12,0,0,1,1,6,1,81,11,1995,2,10,9,1
2014440431838,1,9,0,5,0,6,0,0,0,0,1,1,2,2,46,8,1956,2,-1,-1,-1
2014440431838,2,9,0,18,0,1,2,0,1,4,4,1,2,1,24,5,2967,1,8,10,1
2014440431838,3,9,0,18,0,1,0,0,0,0,3,1,2,1,52,8,2967,2,3,9,1
2014440431861,1,9,0,3,0,1,0,0,0,0,2,1,6,1,39,7,1798,1,6,9,2
2014440431861,2,9,0,18,0,1,0,0,0,0,1,1,6,1,32,6,2143,2,1,5,3
2014440431880,1,9,0,18,0,1,0,0,0,0,1,1,3,2,41,7,1360,1,3,5,1
2014440431880,2,9,0,1,0,1,0,0,0,0,2,1,3,2,-1,-1,1390,1,1,10,1
2014440431906,1,1,0,18,0,2,1,0,0,0,1,1,2,1,34,6,-1,-1,-1,7,1
2014440432031,1,9,0,16,0,0,1,0,0,0,1,1,1,1,25,5,1598,1,12,2,1
2014440432031,2,9,0,18,0,0,0,0,0,0,1,1,3,1,52,8,1994,2,11,3,1
2014440432038,1,1,0,18,0,8,1,0,0,0,4,1,1,1,44,7,-1,-1,-1,1,1
2014440432038,2,8,0,7,0,8,0,0,0,0,1,1,1,1,-1,-1,-1,-1,-1,-1,-1
2014440432060,1,9,0,18,0,0,0,0,4,6,1,1,6,2,67,10,1197,1,3,8,1
2014440432060,2,9,0,4,0,0,0,0,0,0,2,1,6,2,42,7,2993,2,10,9,1
2014440432104,1,11,0,18,0,0,0,0,0,0,4,1,1,3,-1,-1,-1,-1,-1,-1,-1
2014440432398,1,9,0,18,0,8,0,0,0,0,4,1,6,1,46,8,1248,2,8,4,1
2014440432398,2,9,0,18,0,8,0,0,0,0,1,1,1,1,29,6,1968,2,3,4,1
2014440432426,1,9,0,18,0,8,0,0,7,2,4,1,6,2,36,7,1390,1,14,9,3
2014440432453,1,9,0,18,0,8,0,0,0,0,1,1,6,1,24,5,1398,1,4,2,1
2014440432453,2,9,0,18,0,8,0,0,0,0,3,1,6,1,48,8,-1,-1,-1,-1,-1
2014440432513,1,9,0,2,0,0,0,0,0,0,3,1,6,1,34,6,-1,-1,-1,-1,3
2014440432513,2,9,0,18,0,0,0,0,0,0,4,1,6,1,73,10,-1,-1,-1,9,3
2014440432618,1,9,0,5,0,4,0,0,0,0,3,1,6,1,21,5,1242,1,1,3,1
2014440432618,2,9,0,18,0,8,0,0,0,0,1,1,6,1,26,6,1587,1,13,5,1
2014440432620,1,9,0,9,0,8,0,0,0,0,1,1,6,2,75,10,998,1,-1,1,1
2014440432620,2,1,0,9,0,8,0,0,0,0,4,1,6,2,35,6,-1,-1,-1,7,1
2014440432702,1,19,0,13,0,0,0,0,0,0,3,1,2,1,44,7,-1,-1,-1,10,1
2014440432702,2,5,0,13,0,0,0,0,7,0,4,1,2,1,53,8,1340,1,15,1,1
2014440432769,1,9,0,9,0,8,0,0,0,0,1,1,6,1,-1,-1,-1,-1,-1,-1,-1
2014440432769,2,1,0,18,0,8,0,0,0,0,1,1,6,1,16,4,-1,-1,-1,4,1
2014440432803,1,9,0,18,0,2,0,7,0,0,1,1,6,1,40,7,1360,1,15,2,1
2014440432997,1,9,0,16,0,0,0,0,1,4,3,1,6,1,33,6,1587,1,12,5,1