Accident_Index,Vehicle_Reference,Vehicle_Type,Towing_and_Articulation,Vehicle_Manoeuvre,Vehicle_Location-Restricted_Lane,Junction_Location,Skidding_and_Overturning,Hit_Object_in_Carriageway,Vehicle_Leaving_Carriageway,Hit_Object_off_Carriageway,1st_Point_of_Impact,Was_Vehicle_Left_Hand_Drive?,Journey_Purpose_of_Driver,Sex_of_Driver,Age_of_Driver,Age_Band_of_Driver,Engine_Capacity_(CC),Propulsion_Code,Age_of_Vehicle,Driver_IMD_Decile,Driver_Home_Area_Type
2014440433156,1,9,0,18,0,1,0,0,0,0,4,1,2,1,37,7,2400,2,5,10,1
2014440433165,1,9,0,9,0,6,0,0,0,0,1,1,2,1,51,8,1998,2,10,10,1
2014440433165,2,5,0,13,0,1,0,0,0,0,1,1,2,1,50,8,696,1,1,7,1
2014440433192,1,9,0,7,0,8,0,0,0,0,1,1,6,2,30,6,1461,2,6,8,1
2014440433192,2,5,0,13,0,8,0,0,0,0,1,1,4,1,18,4,656,1,7,10,2
2014440433457,1,9,0,3,0,1,0,0,0,0,2,1,6,2,33,6,1360,1,7,4,1
2014440433457,2,9,0,3,0,1,0,0,0,0,2,1,6,1,81,11,1560,2,7,10,2
2014440433457,3,9,0,4,0,1,0,0,0,0,1,1,6,2,89,11,1364,1,6,10,1
2014440433687,1,9,0,18,0,0,0,0,0,0,1,1,6,2,54,8,1461,2,3,4,1
2014440433782,1,9,0,5,0,8,0,0,0,0,4,1,2,2,27,6,1991,2,7,5,1
2014440433782,2,5,0,5,0,8,0,0,0,0,3,1,2,1,25,5,782,1,11,1,1
2014440433793,1,9,0,7,0,1,0,0,0,0,1,1,2,2,22,5,1242,1,-1,5,1
2014440433860,1,9,0,18,0,0,0,0,0,0,1,1,6,1,61,9,1956,2,4,10,1
2014440433860,2,1,0,18,0,0,0,0,0,0,3,1,2,1,40,7,-1,-1,-1,10,1
2014440433871,1,9,0,5,0,1,0,0,0,0,0,1,6,1,51,8,1749,1,13,4,1
2014440433871,2,9,0,18,0,1,0,0,0,0,2,1,6,2,40,7,1299,1,7,3,1
2014440433901,1,9,0,9,0,8,0,0,0,0,1,1,2,2,57,9,2000,1,9,7,1
2014440433901,2,1,0,18,0,8,0,0,0,0,4,1,2,1,35,6,-1,-1,-1,5,1
2014440433958,1,9,0,17,0,0,5,0,0,0,1,1,6,2,46,8,1997,1,5,9,1
2014440433958,2,9,0,18,0,0,0,0,1,0,1,1,1,1,23,5,2500,2,15,4,1
2014440433972,1,9,0,18,0,8,0,0,0,0,1,1,6,1,19,4,1396,1,3,8,1
2014440433972,2,9,0,9,0,8,0,0,0,0,1,1,6,1,39,7,1997,2,2,10,1
2014440434078,1,9,0,9,0,8,0,0,0,0,1,1,6,2,32,6,1995,1,12,2,1
2014440434078,2,3,0,18,0,8,0,0,0,0,3,1,6,1,17,4,125,1,7,10,1
2014440434102,1,9,0,18,0,8,0,0,0,0,1,1,6,2,66,10,1560,2,9,8,1
2014440434102,2,1,0,17,0,8,0,0,0,0,4,1,6,1,44,7,-1,-1,-1,9,3
2014440434180,1,9,0,18,0,4,0,0,0,0,1,1,6,1,36,7,1769,1,12,2,1
2014440434180,2,3,0,18,0,8,0,0,0,0,4,1,6,1,42,7,-1,-1,-1,4,1
2014440434458,1,9,0,18,0,0,0,0,0,0,2,1,6,2,27,6,1388,1,6,10,1
2014440434458,2,19,0,11,0,0,0,0,0,0,1,1,6,1,29,6,2488,2,1,10,1
2014440434458,3,9,0,18,0,0,0,0,0,0,2,1,6,2,50,8,1595,1,-1,10,1
2014440434458,4,9,0,18,0,0,0,0,0,0,1,1,6,2,28,6,1910,2,9,7,1
2014440434566,1,9,0,13,0,0,0,0,0,0,4,1,6,3,-1,-1,1399,2,11,-1,-1
2014440434566,2,1,0,18,0,0,0,0,0,0,3,1,6,1,13,3,-1,-1,-1,5,1
2014440434880,1,9,0,5,0,1,0,0,0,0,1,1,6,2,60,9,1896,2,6,10,1
2014440434880,2,3,0,3,0,1,0,0,0,0,2,1,6,1,30,6,124,1,-1,8,1
2014440434967,1,1,0,18,0,0,0,0,0,0,3,1,6,1,20,4,-1,-1,-1,-1,1
2014440434967,2,9,0,18,0,0,0,0,0,0,3,1,6,3,-1,-1,-1,-1,-1,-1,-1
2014440435030,1,2,0,18,0,0,1,0,0,0,1,1,6,1,17,4,49,1,5,10,1
2014440435030,2,9,0,18,0,0,1,0,0,0,1,1,6,1,36,7,1984,1,-1,-1,3
2014440435034,1,9,0,18,0,0,0,0,0,0,1,1,6,1,37,7,1781,1,12,4,1
2014440435059,1,19,0,9,0,6,0,0,0,0,1,1,6,2,38,7,1298,1,10,4,1
2014440435059,2,1,0,5,0,5,0,0,0,0,1,1,6,2,36,7,-1,-1,-1,4,1
2014440435070,1,9,0,18,0,0,0,0,0,0,1,1,6,1,49,8,1299,1,14,9,1
2014440435070,2,9,0,4,0,0,1,0,0,0,2,1,6,2,22,5,1596,1,8,10,1
2014440435070,3,9,0,3,0,0,0,0,0,0,2,1,6,1,50,8,2720,2,6,10,1
2014440435185,1,9,0,18,0,8,0,0,0,0,1,1,6,1,26,6,1596,1,13,5,1
2014440435250,1,9,0,18,0,1,0,10,0,0,3,1,1,2,20,4,1199,1,12,10,1
2014440435289,1,9,0,17,0,0,5,0,2,10,4,1,6,1,25,5,1242,1,15,8,3
2014440435342,1,3,0,18,0,1,0,0,0,0,1,1,6,1,54,8,-1,-1,-1,7,1
2014440435342,2,9,0,9,0,6,0,0,0,0,0,1,6,1,85,11,1895,1,14,6,1
2014440435354,1,9,0,4,0,8,0,0,0,0,2,1,6,2,19,4,1242,1,7,8,1
2014440435354,2,9,0,18,0,8,0,0,0,0,1,1,6,1,22,5,2500,2,28,10,1
2014440435491,1,9,0,2,0,0,0,0,5,1,3,1,6,1,46,8,1598,1,9,6,1
2014440435491,2,9,0,18,0,0,0,0,0,0,3,1,6,1,57,9,1560,2,2,10,1
2014440435491,3,9,0,18,0,0,0,0,0,0,3,1,6,1,51,8,-1,-1,-1,10,1
2014440435508,1,8,0,18,0,8,0,0,0,0,3,1,1,1,-1,-1,2499,2,4,-1,-1
2014440435607,1,9,0,17,0,0,0,4,1,10,1,1,6,1,25,5,1199,1,12,5,1
2014440435607,2,9,0,2,0,0,0,0,0,0,1,1,6,3,-1,-1,1242,1,1,-1,-1
2014440435607,3,9,0,2,0,0,0,0,0,0,1,1,6,3,-1,-1,996,1,-1,-1,-1
2014440435647,1,9,0,18,0,0,1,0,0,0,1,1,6,2,29,6,998,1,-1,4,1
2014440435702,1,19,0,18,0,0,2,10,7,0,4,1,6,1,23,5,1870,2,8,5,1
2014440435712,1,19,0,4,0,0,0,0,0,0,2,1,2,1,49,8,1870,2,9,9,3
2014440435712,2,9,0,18,0,0,0,0,0,0,1,1,2,1,18,4,2495,2,16,10,1
2014440435729,1,3,0,18,0,2,1,4,0,0,1,1,2,1,33,6,124,1,4,6,1
2014440435729,2,19,0,2,0,2,0,0,0,0,2,1,6,3,-1,-1,2151,2,12,-1,-1
2014440435743,1,9,0,17,0,0,0,0,0,0,1,1,6,2,69,10,-1,-1,-1,5,1
2014440435743,2,19,0,18,0,0,0,0,0,0,1,1,6,1,42,7,2198,2,2,-1,-1
2014440435795,1,9,0,8,0,1,0,0,0,0,2,1,6,2,28,6,1560,2,9,-1,3
2014440435795,2,9,0,4,0,1,0,0,0,0,1,1,6,3,-1,-1,998,1,12,-1,-1
2014440435878,1,9,0,18,0,1,0,0,0,0,1,1,6,1,75,10,1796,2,1,7,2
2014440435878,2,9,0,18,0,1,0,0,0,0,2,1,6,2,29,6,2996,1,7,8,1
2014440435919,1,9,0,11,0,8,0,0,0,0,0,1,6,3,-1,-1,-1,-1,-1,-1,-1
2014440435919,2,9,0,18,0,8,0,0,1,7,3,1,6,2,35,6,1598,1,5,6,1
2014440435993,1,9,0,5,0,8,0,0,0,0,1,1,6,3,-1,-1,1598,1,9,-1,-1
2014440435993,2,1,0,17,0,8,0,0,0,0,1,1,6,2,60,9,-1,-1,-1,5,1
2014440436138,1,1,0,18,0,1,0,0,0,0,3,1,6,1,46,8,-1,-1,-1,10,1
2014440436138,2,9,0,18,0,1,0,0,0,0,4,1,6,1,46,8,1995,2,-1,10,1
2014440436255,1,9,0,9,0,8,0,0,0,0,1,1,2,2,19,4,1599,1,9,7,2
2014440436320,1,9,0,15,0,0,0,0,0,0,2,1,6,1,56,9,-1,-1,-1,-1,-1
2014440436339,1,19,0,4,0,0,0,0,0,0,2,1,6,3,-1,-1,2460,2,10,-1,-1
2014440436339,2,1,0,18,0,0,0,4,0,0,1,1,6,1,17,4,-1,-1,-1,3,1
2014440436381,1,9,0,18,0,8,0,0,0,0,1,1,6,1,28,6,1896,2,12,7,1
2014440436381,2,1,0,17,0,8,0,0,0,0,1,1,6,1,71,10,-1,-1,-1,3,1
2014440436489,1,19,0,16,0,1,0,0,1,2,1,1,6,1,43,7,1870,2,15,4,1
2014440436627,1,8,0,5,0,2,0,0,0,0,1,1,1,1,64,9,1685,2,1,2,1
2014440436668,1,9,0,9,0,8,0,0,0,0,4,1,6,3,-1,-1,-1,-1,-1,-1,-1
2014440436713,1,1,0,9,0,8,0,0,0,0,3,1,2,2,59,9,-1,-1,-1,4,1
2014440436713,2,3,0,13,0,8,0,0,0,0,4,1,2,1,50,8,124,1,5,4,1
2014440436858,1,9,0,9,0,8,0,0,0,0,1,1,6,2,77,11,1124,1,11,9,1
2014440436890,1,9,0,12,0,0,0,0,0,0,0,1,6,1,74,10,1997,2,14,1,1
2014440436890,2,9,0,18,0,0,0,0,0,0,3,1,6,3,23,5,1598,1,5,2,1
2014440437023,1,9,0,9,0,8,0,0,0,0,1,1,6,3,-1,-1,1360,1,2,-1,-1
2014440437023,2,9,0,18,0,8,0,0,0,0,1,1,6,2,20,4,1242,1,14,5,1
2014440437023,3,9,0,8,0,1,0,0,0,0,3,1,6,1,26,6,1461,2,7,10,1
2014440437043,1,9,0,18,0,0,0,0,0,0,1,1,6,1,24,5,1997,2,7,-1,1
2014440437106,1,9,0,3,0,1,0,0,0,0,2,1,6,1,51,8,2688,2,13,2,1
2014440437106,2,9,0,18,0,1,0,0,0,0,1,1,6,1,44,7,1968,2,7,9,1
2014440437319,1,9,0,13,0,1,0,0,0,0,1,1,6,1,34,6,1796,1,5,4,1
2014440437319,2,1,0,9,0,1,0,0,0,0,2,1,6,1,14,3,-1,-1,-1,1,1
2014440437608,1,9,0,18,0,0,1,0,0,0,3,1,1,1,22,5,-1,-1,-1,8,3
2014440437617,1,9,0,18,0,1,0,7,0,0,1,1,2,1,47,8,1600,1,13,7,1
2014440437631,1,9,0,18,0,8,0,0,0,0,1,1,1,1,24,5,-1,-1,-1,5,1
2014440437631,2,9,0,18,0,8,0,0,1,11,3,1,2,1,43,7,1896,2,10,10,2
2014440437632,1,1,0,5,0,4,0,0,0,0,3,1,6,2,47,8,-1,-1,-1,2,1
2014440437632,2,9,0,18,0,8,0,0,0,0,1,1,1,1,-1,-1,-1,-1,-1,-1,-1
2014440437682,1,1,0,18,0,1,0,0,0,0,1,1,1,1,21,5,-1,-1,-1,10,1
2014440437682,2,9,0,9,0,6,0,0,0,0,3,1,1,2,24,5,-1,-1,-1,3,1
2014440437687,1,9,0,18,0,0,0,0,0,0,1,1,2,1,51,8,2500,2,22,9,1
2014440437687,2,9,0,4,0,0,0,0,0,0,2,1,2,1,33,6,998,1,7,9,1
2014440437698,1,3,0,17,0,0,1,10,1,0,4,1,6,1,22,5,124,1,-1,5,1
2014440437700,1,9,0,16,0,0,1,0,1,10,1,1,6,1,24,5,1360,1,12,10,1
2014440437706,1,19,0,9,0,8,0,0,0,0,1,1,1,1,42,7,2143,2,2,7,1
2014440437751,1,9,0,7,0,6,0,0,0,0,3,1,6,1,-1,-1,1997,2,14,3,1
2014440437751,2,2,0,18,0,1,0,0,0,0,1,1,2,1,37,7,124,1,6,5,1
2014440437806,1,9,0,16,0,0,0,0,1,11,1,1,1,1,26,6,-1,-1,-1,2,1
2014440437853,1,9,0,18,0,0,0,4,0,0,1,1,6,1,86,11,1596,1,10,6,1
2014440437853,2,19,0,2,0,0,0,0,0,0,2,1,1,1,36,7,2287,2,4,7,1
2014440437882,1,9,0,13,0,0,0,0,0,0,4,1,6,2,71,10,1248,1,3,6,1
2014440437882,2,1,0,18,0,0,0,0,0,0,3,1,6,2,43,7,-1,-1,-1,2,1
2014440437913,1,9,0,7,0,8,0,0,0,0,1,1,2,1,19,4,1242,1,10,6,3
2014440437913,2,19,0,18,0,8,5,0,5,1,3,1,2,1,28,6,1248,2,10,5,2
2014440437913,3,19,0,18,0,8,0,11,0,0,0,1,1,1,44,7,2198,2,1,4,1
2014440437913,4,9,0,18,0,8,0,11,0,0,0,1,6,1,51,8,1984,2,2,-1,-1
2014440437924,1,9,0,9,0,6,0,0,0,0,3,1,6,2,76,11,1799,1,7,10,1
2014440437924,2,3,0,18,0,1,0,0,0,0,1,1,6,1,20,4,124,1,18,8,1
2014440438088,1,9,0,18,0,1,0,0,0,0,1,1,6,2,55,8,-1,-1,-1,9,1
2014440438095,1,9,0,9,0,8,0,0,0,0,3,1,6,2,53,8,1598,1,5,8,2
2014440438095,2,19,0,18,0,8,0,0,0,0,1,1,1,2,26,6,1560,2,2,9,1
2014440438120,1,9,0,18,0,2,0,4,0,0,1,1,1,2,23,5,1329,1,1,10,1
2014440438120,2,19,0,2,0,2,0,0,0,0,2,1,6,1,61,9,2402,2,11,10,1
2014440438321,1,9,0,9,0,6,0,0,0,0,3,1,2,1,56,9,-1,-1,-1,4,1
2014440438321,2,1,0,18,0,1,0,0,0,0,1,1,6,1,67,10,-1,-1,-1,-1,1
2014440438393,1,9,0,18,0,0,0,0,0,0,1,1,2,1,46,8,1781,1,10,10,1
2014440438393,2,19,0,18,0,0,0,0,0,0,2,1,1,1,29,6,2198,2,1,8,1
2014440438427,1,4,0,13,0,1,0,0,0,0,1,1,2,1,45,7,85,1,22,7,1
2014440438427,2,9,0,9,0,6,0,0,0,0,3,1,2,1,-1,-1,1242,1,14,2,1
2014440438532,1,9,0,9,0,8,0,0,0,0,4,1,2,2,23,5,1200,1,2,8,1
2014440438532,2,9,0,18,0,8,0,0,0,0,1,1,2,1,26,6,1124,1,16,4,1
2014440438608,1,2,0,17,0,0,0,0,0,0,3,1,6,1,16,4,49,1,4,2,1
2014440438809,1,4,0,18,0,1,1,0,0,0,0,1,1,1,49,8,399,1,23,10,1
2014440438809,2,9,0,10,0,1,0,0,0,0,0,1,1,1,39,7,2776,2,6,10,1
2014440438864,1,3,0,4,0,1,1,0,0,0,0,1,2,2,59,9,124,1,3,1,1
2014440438864,2,9,0,5,0,8,0,0,0,0,0,1,2,1,21,5,1329,1,2,3,1
2014440438865,1,9,0,2,0,0,0,0,0,0,1,1,6,3,-1,-1,1248,2,9,-1,-1
2014440438865,2,9,0,18,0,0,1,4,7,11,3,1,1,1,41,7,1598,1,1,8,1
2014440438897,1,9,0,16,0,0,0,0,0,0,3,1,6,1,21,5,1968,2,9,10,1
2014440438897,2,9,0,17,0,0,0,0,0,0,3,1,3,1,-1,-1,1587,1,8,-1,-1
2014440438920,1,9,0,17,0,0,0,0,0,0,1,1,2,2,29,6,-1,-1,-1,4,1
2014440438920,2,1,0,17,0,0,0,0,0,0,2,1,2,1,29,6,-1,-1,-1,9,1
2014440438967,1,11,0,18,0,0,0,4,0,0,1,1,1,1,70,10,9600,2,17,-1,-1
2014440438967,2,19,0,2,0,0,0,0,0,0,2,1,6,3,-1,-1,1994,1,22,-1,-1
2014440438967,3,9,0,2,0,0,0,0,0,0,2,1,6,3,-1,-1,1997,1,7,-1,-1
2014440438967,4,9,0,18,0,0,0,0,0,0,2,1,6,3,-1,-1,1998,2,7,-1,-1
2014440438967,5,9,0,2,0,0,0,0,0,0,2,1,6,3,-1,-1,1997,2,6,-1,-1
2014440439036,1,3,0,17,0,8,0,0,0,0,0,1,6,1,18,4,-1,-1,-1,5,1
2014440439066,1,9,0,4,0,0,0,0,0,0,1,1,6,1,71,10,1998,2,9,5,1
2014440439066,2,9,0,4,0,0,0,0,0,0,2,1,6,1,67,10,1968,2,6,4,1
2014440439391,1,1,0,18,2,8,0,0,0,0,1,1,6,1,32,6,-1,-1,-1,5,1
2014440439391,2,9,0,3,0,8,0,0,0,0,4,1,6,3,-1,-1,-1,-1,-1,-1,-1
2014440439508,1,9,0,18,0,8,0,0,7,0,4,1,6,2,75,10,1360,1,12,7,1
2014440439508,2,9,0,9,0,8,0,0,0,0,1,1,6,2,39,7,2993,2,3,10,2
2014440439571,1,9,0,18,0,2,0,0,0,0,1,1,6,2,58,9,1598,1,4,9,2
2014440439614,1,9,0,18,0,1,0,0,0,0,1,1,6,2,49,8,1948,1,15,-1,-1
2014440439617,1,9,0,18,0,1,0,0,0,0,2,1,2,2,49,8,-1,-1,-1,-1,1
2014440439617,2,9,0,18,0,1,0,0,0,0,1,1,2,2,58,9,1590,1,11,6,1
2014440439668,1,9,0,7,0,8,0,0,0,0,3,1,6,2,67,10,1896,2,8,9,3
2014440439668,2,9,0,18,0,8,0,0,0,0,1,1,6,1,-1,-1,1968,2,4,-1,-1
2014440439672,1,5,0,18,0,0,0,0,0,0,1,1,2,1,25,5,998,1,9,5,1
2014440439672,2,19,0,18,0,0,0,0,0,0,2,1,1,1,27,6,1560,2,1,2,1
2014440439760,1,9,0,4,0,0,0,0,0,0,1,1,2,1,-1,-1,1199,1,11,6,1
2014440439760,2,9,0,18,0,0,0,0,0,0,2,1,6,1,53,8,-1,-1,-1,4,1
2014440440162,1,9,0,7,0,8,0,0,0,0,3,1,6,3,-1,-1,-1,-1,-1,-1,-1
2014440440163,1,1,0,18,0,8,0,0,0,0,3,1,2,1,32,6,-1,-1,-1,6,1
2014440440163,2,8,0,9,0,8,0,0,0,0,1,1,1,3,-1,-1,1991,2,4,-1,-1
2014440440179,1,9,0,12,0,0,0,0,0,0,0,1,6,3,-1,-1,998,1,7,-1,-1
2014440440179,2,11,0,18,0,0,0,0,0,0,0,1,1,1,44,7,5883,2,13,5,1
2014440440191,1,19,0,18,0,8,0,0,4,1,3,1,1,1,72,10,1560,2,7,6,3
2014440440191,2,20,0,18,0,8,0,0,0,0,1,1,1,1,-1,-1,-1,-1,-1,7,1
2014440440296,1,9,0,8,0,1,0,0,0,0,1,1,6,1,72,10,1329,1,5,8,3
2014440440296,2,9,0,8,0,1,0,0,0,0,2,1,6,2,46,8,1242,1,2,10,1
2014440440316,1,17,0,3,0,1,0,0,0,0,2,1,1,1,37,7,2900,2,13,8,1
2014440440316,2,9,0,4,0,1,0,0,0,0,1,1,6,1,75,10,1120,1,15,5,2
2014440440470,1,9,0,14,0,1,5,0,0,0,1,1,6,2,71,10,2231,2,1,-1,-1
2014440440470,2,9,0,2,0,1,0,0,0,0,1,1,6,3,-1,-1,1149,1,13,-1,-1
2014440440527,1,21,0,4,0,0,0,0,0,0,2,1,1,1,34,6,12419,2,3,9,3
2014440440527,2,21,0,18,0,0,1,0,0,0,1,1,6,1,24,5,3920,2,5,7,1
2014440440648,1,9,0,3,0,1,0,0,0,0,4,1,1,1,46,8,1086,1,6,5,1
2014440440648,2,1,0,18,0,1,0,0,0,0,1,1,6,1,30,6,-1,-1,-1,6,1
2014440440775,1,9,0,3,0,1,0,0,0,0,2,1,6,2,18,4,1299,1,8,8,1
2014440440775,2,9,0,18,0,1,0,0,0,0,1,1,6,1,-1,-1,1598,1,13,-1,-1
2014440440809,1,21,0,18,0,1,0,0,0,0,1,1,2,1,33,6,-1,-1,-1,4,1
2014440440809,2,9,0,8,0,1,0,0,0,0,2,1,2,2,45,7,1199,1,12,10,1
2014440440850,1,9,0,17,0,0,0,0,1,9,1,1,3,1,69,10,1560,2,2,8,2
2014440440852,1,9,0,18,0,1,0,0,0,0,1,1,6,2,-1,-1,-1,-1,-1,-1,-1
2014440440900,1,9,0,16,0,0,2,0,1,0,1,1,2,1,27,6,1598,1,12,6,1
2014440440924,1,20,0,18,0,0,0,0,0,0,4,1,6,3,-1,-1,-1,-1,-1,-1,-1
2014440441013,1,9,0,9,0,8,0,0,0,0,1,1,6,3,-1,-1,1598,1,8,-1,-1
2014440441013,2,1,0,18,0,8,0,0,0,0,1,1,6,1,35,6,-1,-1,-1,10,1
2014440441085,1,9,0,9,0,8,0,0,0,0,3,1,6,1,34,6,1360,1,13,3,1
2014440441094,1,2,0,18,0,2,1,0,0,0,0,1,6,1,16,4,-1,-1,-1,-1,1
2014440441327,1,9,0,18,0,0,0,0,0,0,4,1,6,1,-1,-1,1753,2,8,5,1
2014440441327,2,1,0,18,0,0,0,0,0,0,3,1,6,1,31,6,-1,-1,-1,-1,1
2014440441374,1,9,0,4,0,0,0,0,0,0,1,1,6,1,69,10,-1,-1,-1,-1,1
2014440441374,2,9,0,4,0,0,0,0,0,0,2,1,6,1,61,9,1461,2,9,9,1
2014440441374,3,9,0,4,0,0,0,0,0,0,2,1,6,1,35,6,-1,-1,-1,8,1
2014440441374,4,9,0,4,0,0,0,0,0,0,2,1,6,2,31,6,1896,2,13,-1,1
2014440441374,5,9,0,4,0,0,0,0,0,0,2,1,6,2,39,7,1910,2,7,10,1
2014440441408,1,9,0,17,0,0,0,6,1,11,1,1,6,1,35,6,1991,1,14,4,1
2014440441557,1,9,0,9,0,8,0,0,0,0,1,1,2,1,65,9,1587,1,7,5,1
2014440441557,2,1,0,10,0,1,0,0,0,0,1,1,6,1,32,6,-1,-1,-1,5,1
2014440441770,1,9,0,18,0,1,1,0,1,0,1,1,6,2,89,11,1998,1,7,10,1
2014440441770,2,9,0,2,0,1,0,0,0,0,2,1,1,3,-1,-1,1461,2,1,-1,-1
2014440441770,3,9,0,2,0,1,0,0,1,0,3,1,6,2,35,6,1968,2,10,8,3
2014440441782,1,9,0,7,0,8,0,0,0,0,1,1,6,1,91,11,1086,1,8,10,1
2014440441782,2,1,0,18,0,8,0,0,0,0,3,1,6,1,53,8,-1,-1,-1,10,1
2014440441995,1,19,0,4,0,2,0,0,0,0,2,1,1,1,37,7,2299,2,1,-1,1
2014440441995,2,9,0,18,0,2,0,0,0,0,1,1,6,3,-1,-1,-1,-1,-1,-1,-1
2014440442017,1,19,0,5,0,8,0,0,0,0,3,1,1,1,52,8,2143,2,-1,6,1
2014440442017,2,9,0,18,0,8,0,0,0,0,1,1,6,2,34,6,1796,1,12,5,1
2014440442043,1,9,0,17,0,2,0,7,0,0,1,1,6,1,82,11,1124,1,16,10,1
2014440442116,1,1,0,18,0,8,1,0,0,0,1,1,2,1,60,9,-1,-1,-1,9,1
2014440442116,2,9,0,9,0,8,0,0,0,0,1,1,2,1,49,8,1600,2,5,1,1
2014440442123,1,1,0,18,0,8,0,0,0,0,1,1,6,2,21,5,-1,-1,-1,1,1
2014440442123,2,9,0,9,0,8,0,0,0,0,1,1,6,1,55,8,-1,-1,-1,1,1
2014440442196,1,9,0,1,0,0,0,0,0,0,2,1,6,3,-1,-1,-1,-1,-1,-1,-1
2014440442211,1,9,0,9,0,8,0,0,0,0,4,1,6,2,17,4,998,1,13,10,1
2014440442211,2,1,0,7,0,8,0,0,0,0,1,1,6,1,49,8,-1,-1,-1,3,1
2014440442297,1,9,0,17,0,0,2,0,2,10,1,1,6,1,20,4,1360,1,13,6,3
2014440442425,1,9,0,13,0,0,2,0,8,10,1,1,6,1,35,6,1998,1,10,6,1
2014440442425,2,9,0,13,0,0,0,0,0,0,2,1,6,1,-1,-1,1995,1,7,8,3
2014440442425,3,19,0,18,0,0,0,0,0,0,0,1,1,1,30,6,2198,2,-1,3,1
2014440442522,1,9,0,18,0,0,1,0,7,4,1,1,6,1,29,6,1995,2,9,8,3
2014440442563,1,9,0,7,0,8,0,0,0,0,3,1,1,1,34,6,2616,1,7,8,1
2014440442563,2,1,0,18,0,8,0,0,0,0,4,1,6,1,45,7,-1,-1,-1,4,1
2014440442575,1,1,0,17,0,8,0,0,0,0,4,1,2,1,32,6,-1,-1,-1,5,1
2014440442575,2,9,0,7,0,8,0,0,0,0,3,1,2,1,35,6,998,1,2,7,1
2014440442576,1,9,0,10,0,1,0,0,0,0,2,1,1,1,43,7,2495,2,17,7,3
2014440442576,2,9,0,18,0,1,0,0,0,0,2,1,1,2,35,6,1598,1,11,7,3
2014440442576,3,9,0,18,0,1,0,0,0,0,1,1,6,1,34,6,1753,2,4,7,3
2014440442578,1,9,0,18,0,8,0,0,0,0,1,1,1,2,46,8,796,1,14,1,1
2014440442578,2,1,0,18,0,8,0,0,0,0,4,1,6,2,45,7,-1,-1,-1,2,1
2014440442642,1,9,0,9,0,8,0,0,0,0,3,1,2,2,42,7,1598,1,8,10,3
2014440442642,2,3,0,18,0,8,0,0,0,0,1,1,2,1,25,5,125,1,2,6,1
2014440442642,3,9,0,18,0,8,0,0,0,0,1,1,2,1,34,6,1910,2,8,10,1
2014440442681,1,9,0,18,0,8,0,0,0,0,4,1,2,1,42,7,2400,2,4,10,1
2014440442681,2,9,0,9,0,8,0,0,0,0,1,1,6,1,69,10,1984,2,3,10,2
2014440442759,1,11,0,18,0,2,0,0,0,0,0,1,1,1,50,8,9000,2,5,5,1
2014440442828,1,9,0,18,0,0,0,0,0,0,2,1,6,2,45,7,1364,1,9,3,1
2014440442828,2,9,0,18,0,0,0,0,0,0,1,1,6,1,44,7,1198,1,4,3,1
2014440442870,1,9,0,4,0,8,0,0,0,0,2,1,1,2,61,9,1422,2,5,8,1
2014440442870,2,9,0,18,0,8,0,0,0,0,1,1,1,2,28,6,1360,1,15,5,1
2014440442906,1,9,0,14,0,0,0,0,0,0,4,1,6,1,80,11,-1,-1,-1,-1,-1
2014440443044,1,19,0,11,0,8,0,0,0,0,2,1,1,1,61,9,2198,2,8,6,1
2014440443044,2,21,1,18,0,8,0,0,0,0,1,1,1,1,42,7,11967,2,3,10,2
2014440443159,1,1,0,14,0,0,0,0,0,0,1,1,2,2,26,6,-1,-1,-1,3,1
2014440443159,2,8,0,2,0,0,0,0,0,0,3,1,1,3,-1,-1,-1,-1,-1,-1,-1
2014440443252,1,9,0,18,0,0,0,0,0,0,1,1,3,2,51,8,1984,1,3,10,1
2014440443274,1,9,0,9,0,8,0,0,0,0,4,1,6,1,54,8,1749,1,13,7,3
2014440443274,2,9,0,18,0,1,0,0,0,0,1,1,6,2,59,9,1995,2,6,8,2
2014440443336,1,9,0,18,0,0,0,0,0,0,2,1,2,2,20,4,1242,1,17,3,1
2014440443336,2,9,0,18,0,0,0,0,0,0,2,1,2,3,-1,-1,1998,1,14,-1,-1
2014440443336,3,9,0,18,0,0,0,0,0,0,1,1,2,3,-1,-1,1248,1,1,-1,-1
2014440443372,1,9,0,9,0,6,0,0,0,0,3,1,6,1,34,6,1598,2,3,9,1
2014440443372,2,9,0,18,0,1,0,0,0,0,1,1,6,1,71,10,1984,1,14,10,2
2014440443467,1,9,0,12,0,2,0,0,0,0,2,1,6,1,22,5,998,1,18,8,1
2014440443467,2,9,0,18,0,2,0,0,0,0,1,1,2,3,-1,-1,1686,2,1,-1,-1
2014440443467,3,9,0,18,0,2,0,0,0,0,3,1,6,2,19,4,-1,-1,-1,9,1
2014440443870,1,9,0,18,0,0,2,0,1,11,4,1,6,1,21,5,2616,1,10,9,3
2014440444214,1,9,0,18,0,1,0,0,0,0,3,1,6,1,32,6,1995,2,9,5,1
2014440444228,1,9,0,18,0,0,0,0,0,0,1,1,6,2,70,10,1587,1,9,5,1