Accident_Index,Vehicle_Reference,Vehicle_Type,Towing_and_Articulation,Vehicle_Manoeuvre,Vehicle_Location-Restricted_Lane,Junction_Location,Skidding_and_Overturning,Hit_Object_in_Carriageway,Vehicle_Leaving_Carriageway,Hit_Object_off_Carriageway,1st_Point_of_Impact,Was_Vehicle_Left_Hand_Drive?,Journey_Purpose_of_Driver,Sex_of_Driver,Age_of_Driver,Age_Band_of_Driver,Engine_Capacity_(CC),Propulsion_Code,Age_of_Vehicle,Driver_IMD_Decile,Driver_Home_Area_Type
2014440458406,2,9,0,18,0,0,0,0,0,0,2,1,6,1,56,9,2494,1,14,10,1
2014440458406,3,9,0,18,0,0,1,0,0,0,1,1,6,1,85,11,1997,1,10,7,1
2014440458511,1,9,0,18,0,8,0,0,0,0,1,1,6,1,33,6,973,1,12,-1,-1
2014440458511,2,9,0,10,0,8,0,0,0,0,2,1,6,2,19,4,2656,1,12,7,1
2014440458685,1,9,0,18,0,8,1,10,0,0,4,1,1,1,37,7,1997,2,2,8,1
2014440458685,2,9,0,18,0,8,0,0,0,0,1,1,6,1,25,5,1396,1,12,6,1
2014440459020,1,9,0,18,0,0,5,0,8,4,4,1,6,1,32,6,1686,2,8,10,2
2014440459062,1,9,0,1,0,0,0,0,0,0,2,1,6,1,48,8,1197,1,-1,9,1
2014440459081,1,9,0,4,0,1,0,0,0,0,1,1,6,1,73,10,1390,1,4,-1,-1
2014440459081,2,9,0,8,0,1,0,0,0,0,2,1,6,1,20,4,2143,2,1,2,1
2014440459081,3,9,0,8,0,1,0,0,0,0,2,1,6,2,45,7,1198,1,-1,7,1
2014440459081,4,9,0,8,0,1,0,0,0,0,2,1,6,2,57,9,1198,1,4,10,2
2014440459115,1,9,0,18,0,0,0,0,0,0,1,1,6,1,54,8,1598,2,3,10,1
2014440459115,2,9,0,4,0,0,0,0,0,0,2,1,6,2,30,6,1910,2,8,10,1
2014440459115,3,9,0,4,0,0,0,0,0,0,2,1,6,2,21,5,1242,1,3,8,3
2014440459115,4,9,0,4,0,0,0,0,0,0,2,1,6,1,62,9,1910,2,6,10,1
2014440459253,1,9,0,18,0,0,1,0,1,11,1,1,6,2,58,9,2171,2,13,5,3
2014440459296,1,9,0,7,0,2,0,0,0,0,4,1,6,1,21,5,1398,1,1,7,1
2014440459717,1,9,0,9,0,8,0,0,0,0,3,1,6,1,65,9,1560,2,4,9,1
2014440459717,2,1,0,9,0,8,0,0,0,0,1,1,6,1,48,8,-1,-1,-1,9,1
2014440459725,1,97,0,18,0,0,1,0,1,0,1,1,6,2,21,5,124,1,2,7,3
2014440459795,1,5,0,18,0,0,1,0,0,0,4,1,6,1,32,6,510,1,1,9,1
2014440459875,1,9,0,9,0,8,0,0,0,0,1,1,1,2,28,6,1461,2,1,5,1
2014440459885,1,9,0,1,0,1,0,0,0,0,2,1,1,1,34,6,1686,2,3,2,1
2014440459939,1,9,0,9,0,8,0,0,0,0,0,1,6,3,-1,-1,-1,-1,-1,-1,-1
2014440459939,2,3,0,18,0,8,0,0,0,0,1,1,6,1,54,8,124,1,4,4,1
2014440459939,3,3,0,18,0,8,1,0,0,0,1,1,6,2,52,8,114,1,-1,4,1
2014440459974,1,1,0,18,0,8,0,0,0,0,1,1,6,2,47,8,-1,-1,-1,7,1
2014440459974,2,9,0,9,0,8,0,0,0,0,3,1,1,1,25,5,1296,1,31,8,1
2014440460019,1,9,0,4,0,1,0,0,0,0,1,1,6,2,60,9,2184,2,7,3,1
2014440460019,2,19,0,1,0,2,0,0,0,0,2,1,6,1,-1,-1,2198,2,8,-1,-1
2014440460189,1,3,0,18,0,0,0,0,0,0,1,1,1,1,17,4,125,1,-1,5,1
2014440460189,2,9,0,18,0,0,0,4,0,0,1,1,1,2,26,6,1299,1,13,2,1
2014440460189,3,9,0,2,0,0,0,0,0,0,3,1,6,3,-1,-1,1461,2,11,-1,-1
2014440460189,4,19,0,2,0,0,0,0,0,0,3,1,6,3,-1,-1,-1,-1,-1,-1,-1
2014440460366,1,9,0,16,0,0,5,0,8,10,1,1,6,1,20,4,1598,1,8,9,1
2014440460509,1,90,0,4,0,1,0,0,0,0,1,1,6,1,-1,-1,2490,2,19,-1,-1
2014440460509,2,9,0,3,0,1,0,0,0,0,2,1,6,2,28,6,1242,1,13,3,1
2014440460690,1,11,0,5,0,8,0,0,0,0,0,1,1,1,25,5,9000,2,5,5,1
2014440460851,1,9,0,17,0,2,1,0,7,4,1,1,1,2,53,8,1248,2,11,7,1
2014440460863,1,9,0,17,0,0,2,0,0,10,3,1,1,1,57,9,1598,1,15,-1,3
2014440460915,1,9,0,4,0,0,0,0,0,0,2,1,6,2,49,8,1686,2,3,10,3
2014440460915,2,9,0,18,0,0,0,0,0,0,1,1,6,1,69,10,1798,1,5,4,1
2014440460915,3,9,0,18,0,0,0,0,0,0,1,1,6,1,51,8,2000,1,13,7,1
2014440460915,4,9,0,18,0,0,0,0,0,0,1,1,6,1,61,9,1834,1,13,5,1
2014440461079,1,9,0,3,0,8,0,0,0,0,2,1,6,2,37,7,1248,1,5,7,3
2014440461079,2,21,1,4,0,8,0,0,0,0,1,1,1,1,42,7,10677,2,-1,4,1
2014440461133,1,9,0,18,0,1,0,0,0,0,1,1,6,2,53,8,-1,-1,-1,8,3
2014440461327,1,9,0,18,0,8,2,0,0,0,3,1,6,1,33,6,2000,1,17,5,1
2014440461327,2,9,0,9,0,8,0,0,0,0,1,1,6,1,42,7,1390,1,6,3,1
2014440461327,3,9,0,2,0,2,0,0,0,0,2,1,6,2,60,9,998,1,-1,-1,-1
2014440461327,4,9,0,2,0,2,0,0,0,0,2,1,6,2,50,8,1560,2,4,-1,-1
2014440461409,1,9,0,18,0,8,1,0,1,0,4,1,6,2,20,4,1388,1,5,5,1
2014440461477,1,9,0,18,0,1,1,0,2,10,4,1,2,2,66,10,1598,1,8,7,1
2014440461502,1,3,0,18,0,0,1,0,0,0,3,1,1,1,30,6,125,1,8,10,1
2014440461564,1,9,0,18,0,0,1,0,0,0,0,1,6,2,31,6,1200,1,14,9,3
2014440461565,1,9,0,18,0,1,0,0,1,0,4,1,1,1,55,8,1398,2,5,10,1
2014440461610,1,9,0,13,0,0,1,0,0,0,4,1,2,1,51,8,1895,1,17,4,1
2014440461610,2,19,0,18,0,0,2,0,0,0,3,1,1,1,60,9,2298,2,-1,5,1
2014440461786,1,3,0,18,0,2,1,0,0,0,1,1,6,2,38,7,125,1,-1,10,1
2014440461786,2,9,0,3,0,2,0,0,0,0,2,1,6,1,19,4,1497,8,1,9,1
2014440461868,1,3,0,18,0,1,1,0,0,0,1,1,2,1,42,7,123,1,35,2,1
2014440461868,2,9,0,4,0,1,0,0,0,0,2,1,2,2,42,7,1988,1,12,5,1
2014440461868,3,19,0,18,0,1,0,0,0,0,1,1,2,1,57,9,-1,-1,-1,5,1
2014440461929,1,9,0,9,0,4,0,0,0,0,3,1,1,2,31,6,1360,1,9,4,1
2014440461929,2,1,0,18,0,4,0,0,0,0,1,1,6,2,29,6,-1,-1,-1,4,1
2014440461932,1,9,0,18,0,0,0,0,0,0,3,1,6,1,43,7,1896,2,9,2,1
2014440462072,1,2,0,7,0,8,1,0,0,0,1,1,4,1,16,4,49,1,9,5,1
2014440462072,2,9,0,18,0,1,0,0,0,0,1,1,6,3,-1,-1,-1,-1,-1,-1,-1
2014440462270,1,3,0,17,0,0,1,0,0,0,0,1,6,1,53,8,124,1,5,3,1
2014440462350,1,9,0,4,0,0,0,0,0,0,1,1,6,2,61,9,1798,1,11,2,1
2014440462493,1,9,0,17,0,0,5,0,1,11,4,1,6,1,34,6,2148,2,8,-1,-1
2014440462507,1,19,0,18,0,8,0,0,0,0,3,1,1,1,41,7,1560,2,3,3,1
2014440462507,2,1,0,18,0,8,0,0,0,0,4,1,1,2,56,9,-1,-1,-1,4,1
2014440462509,1,19,0,7,0,8,0,0,0,0,1,1,2,1,24,5,1868,2,10,10,1
2014440462509,2,1,0,18,0,8,0,0,0,0,1,1,2,1,23,5,-1,-1,-1,9,1
2014440462579,1,9,0,5,0,8,0,0,0,0,1,1,6,2,42,7,-1,-1,-1,9,1
2014440462579,2,1,0,18,0,8,0,0,0,0,1,1,6,1,23,5,-1,-1,-1,8,2
2014440462618,1,9,0,16,0,0,0,0,1,1,1,1,2,1,56,9,1590,1,15,-1,-1
2014440462693,1,19,0,2,0,0,0,0,0,0,4,1,1,3,-1,-1,5193,2,6,-1,-1
2014440462693,2,21,1,16,0,0,0,0,0,0,3,1,1,1,48,8,12900,2,3,4,3
2014440463164,1,9,0,18,0,0,5,0,1,9,1,1,1,2,56,9,-1,-1,-1,4,1
2014450011749,1,9,0,17,0,0,0,11,0,0,1,1,6,1,75,10,1339,1,3,10,1
2014450011803,1,9,0,18,0,0,1,7,0,0,3,1,6,1,27,6,2997,1,11,2,1
2014450011803,2,21,1,18,0,0,0,0,0,0,1,1,1,1,60,9,11967,2,2,3,1
2014450011807,1,9,0,18,0,8,1,0,0,0,1,1,6,2,54,8,698,1,11,9,1
2014450011807,2,3,0,18,0,8,1,0,0,0,4,1,6,1,55,8,125,1,1,5,3
2014450011808,1,9,0,10,0,5,0,0,0,0,4,1,6,2,70,10,1199,1,15,9,1
2014450011808,2,9,0,14,0,1,0,0,8,2,1,1,6,1,23,5,1364,1,6,4,1
2014450011822,1,9,0,18,0,0,0,0,0,0,1,1,1,2,24,5,1400,1,15,8,1
2014450011822,2,9,0,2,0,0,0,0,0,0,2,1,6,1,29,6,1998,1,9,7,1
2014450011825,1,9,0,18,0,0,0,0,0,0,2,1,2,2,41,7,2521,1,7,8,1
2014450011825,2,9,0,18,0,0,0,0,0,0,1,1,2,2,40,7,1229,1,1,4,1
2014450011825,3,9,0,18,0,0,0,0,0,0,2,1,1,1,56,9,1275,1,-1,-1,3
2014450011855,1,19,0,9,0,6,0,0,0,0,3,1,2,1,31,6,1905,2,14,6,1
2014450011855,2,1,0,17,0,1,5,0,0,0,1,1,2,1,56,9,-1,-1,-1,10,1
2014450011875,1,9,0,18,0,4,0,0,0,0,1,1,2,1,20,4,1390,1,11,9,1
2014450011875,2,1,0,9,0,3,0,0,0,0,4,1,6,1,12,3,-1,-1,-1,10,1
2014450011881,1,9,0,18,0,0,1,11,2,7,1,1,6,1,28,6,1995,2,8,-1,1
2014450011881,2,9,0,2,0,0,0,0,0,0,0,1,6,1,45,7,-1,-1,-1,5,2
2014450011881,3,9,0,18,0,0,0,4,4,7,1,1,6,1,62,9,2967,2,4,8,3
2014450011882,1,9,0,16,0,0,1,0,7,4,1,1,6,2,43,7,1896,2,15,9,1
2014450011886,1,9,0,5,0,4,0,0,0,0,1,1,6,2,48,8,1242,1,2,9,1
2014450011886,2,1,0,9,0,3,0,0,0,0,1,1,1,1,53,8,-1,-1,-1,5,1
2014450011889,1,9,0,18,0,0,0,0,0,0,4,1,6,2,48,8,1388,1,9,9,1
2014450011889,2,19,0,18,0,0,0,0,0,0,1,1,6,3,-1,-1,-1,-1,-1,-1,-1
2014450011891,1,9,0,18,0,0,0,0,0,0,1,1,6,1,31,6,1598,1,7,10,1
2014450011896,1,5,0,18,0,0,2,0,7,4,3,1,2,1,58,9,1215,1,2,9,1
2014450011903,1,9,0,18,0,1,0,0,0,0,1,1,6,1,54,8,2995,1,11,10,1
2014450011903,2,9,0,10,0,5,0,0,0,0,2,1,6,2,45,7,1992,2,8,10,3
2014450011903,3,9,0,18,0,1,0,0,0,0,3,1,6,2,41,7,1598,1,6,10,1
2014450011904,1,9,0,10,0,5,0,0,0,0,2,1,6,2,20,4,1984,1,13,10,1
2014450011904,2,9,0,18,0,1,1,0,0,0,1,1,6,1,-1,-1,-1,-1,-1,-1,-1
2014450011918,1,9,0,3,0,0,0,0,0,0,0,1,6,1,49,8,-1,-1,-1,9,1
2014450011918,2,3,0,18,0,0,0,8,0,0,4,1,2,1,44,7,125,1,1,8,2
2014450011918,3,9,0,3,0,0,0,0,0,0,3,1,1,1,24,5,1497,8,7,4,1
2014450011940,1,9,0,18,0,0,0,0,0,0,1,1,2,1,29,6,1896,2,8,-1,1
2014450011940,2,9,0,4,0,0,0,0,0,0,2,1,6,1,46,8,1991,1,16,10,1
2014450011941,1,9,0,1,0,1,0,0,0,0,2,1,6,2,75,10,1389,1,18,3,1
2014450011942,1,90,0,18,0,1,0,0,0,0,1,1,6,1,53,8,-1,-1,-1,5,3
2014450011942,2,9,0,2,0,8,0,0,0,0,1,1,6,1,49,8,2993,2,8,8,1
2014450011946,1,9,0,18,0,1,0,0,0,0,1,1,6,1,51,8,1796,1,10,10,1
2014450011947,1,9,0,18,0,0,1,0,0,0,1,1,6,1,23,5,1598,1,5,5,1
2014450011947,2,9,0,18,0,0,1,0,0,0,3,1,6,1,51,8,1398,2,3,5,1
2014450011948,1,9,0,18,0,2,0,0,0,0,1,1,2,2,48,8,-1,-1,-1,7,1
2014450011948,2,9,0,4,0,2,0,0,0,0,2,1,2,2,40,7,1798,1,6,8,1
2014450011948,3,9,0,4,0,2,0,0,0,0,2,1,2,2,42,7,-1,-1,-1,9,1
2014450011952,1,9,0,18,0,0,0,0,0,0,1,1,6,1,21,5,1229,1,9,9,1
2014450011952,2,9,0,6,0,0,0,0,0,0,3,1,6,1,73,10,1396,1,13,9,1
2014450012010,1,9,0,18,0,1,5,10,7,0,1,1,6,2,53,8,1248,1,3,8,3
2014450012013,1,9,0,18,0,0,0,0,0,0,1,1,6,2,93,11,1332,1,15,10,3
2014450012013,2,9,0,10,0,0,0,0,0,0,1,1,6,1,44,7,1390,1,5,7,1
2014450012013,3,9,0,18,0,0,0,0,0,0,1,1,6,1,26,6,1368,1,6,6,3
2014450012013,4,9,0,18,0,0,0,0,0,0,2,1,6,1,71,10,-1,-1,-1,8,3
2014450012013,5,9,0,18,0,0,0,0,0,0,2,1,6,2,47,8,1398,2,12,7,2
2014450012016,1,9,0,18,0,1,1,0,0,0,1,1,1,1,44,7,1968,2,8,10,1
2014450012016,2,9,0,9,0,6,0,0,0,0,3,1,3,1,20,4,973,1,13,10,1
2014450012018,1,9,0,7,0,5,0,0,0,0,4,1,3,2,48,8,1796,1,7,10,1
2014450012019,1,9,0,7,0,5,0,0,0,0,2,1,6,2,33,6,1596,1,14,8,1
2014450012019,2,19,0,4,0,1,0,0,0,0,1,1,1,1,37,7,2287,2,4,3,1
2014450012022,1,9,0,18,0,0,0,0,1,1,3,1,6,2,33,6,-1,-1,-1,7,1
2014450012022,2,9,0,3,0,0,0,0,0,0,3,1,6,2,23,5,1390,1,10,6,1
2014450012031,1,9,0,3,0,8,0,0,0,0,2,1,6,1,18,4,1995,2,9,6,1
2014450012031,2,9,0,4,0,8,0,0,0,0,1,1,6,1,-1,-1,2496,1,11,8,1
2014450012061,1,9,0,9,0,6,0,0,0,0,1,1,6,1,68,10,1995,2,2,9,1
2014450012061,2,1,0,18,0,8,5,0,0,0,3,1,6,1,41,7,-1,-1,-1,9,1
2014450012067,1,9,0,5,0,6,0,0,0,0,3,1,6,1,29,6,1598,2,1,2,1
2014450012067,2,9,0,18,0,1,0,0,0,0,1,1,6,1,45,7,1989,1,15,7,3
2014450012068,1,1,0,18,0,0,0,0,0,0,2,1,2,1,47,8,-1,-1,-1,8,3
2014450012068,2,9,0,18,0,0,0,0,0,0,1,1,6,1,83,11,1689,2,11,10,1
2014450012070,1,1,0,9,0,8,0,0,0,0,4,1,6,1,45,7,-1,-1,-1,10,1
2014450012070,2,9,0,18,0,8,0,0,0,0,3,1,6,1,67,10,1796,1,3,10,1
2014450012075,1,9,0,18,0,8,0,0,0,0,1,1,3,1,51,8,-1,-1,-1,10,1
2014450012075,2,9,0,18,0,8,0,10,0,0,4,1,2,2,52,8,2253,1,14,8,1
2014450012083,1,9,0,18,0,0,0,0,1,0,1,1,6,2,63,9,1968,2,4,8,2
2014450012092,1,9,0,18,0,0,0,0,0,0,1,1,6,2,19,4,1299,1,9,8,1
2014450012093,1,9,0,11,0,0,1,0,5,6,4,1,6,1,-1,-1,2179,2,2,9,3
2014450012093,2,9,0,18,0,0,1,0,5,6,1,1,6,2,25,5,1461,2,3,1,1
2014450012095,1,9,0,18,0,6,0,0,0,0,1,1,6,2,41,7,1896,2,7,10,1
2014450012095,2,9,0,18,0,1,0,0,1,0,1,1,6,1,33,6,1598,1,4,4,1
2014450012095,3,9,0,18,6,1,0,0,0,0,0,1,6,1,47,8,2148,2,13,4,1
2014450012098,1,9,0,18,0,3,0,0,0,0,0,1,6,1,44,7,1598,1,9,10,1
2014450012098,2,1,0,18,0,3,0,0,0,0,0,1,6,2,59,9,-1,-1,-1,10,1
2014450012101,1,9,0,18,0,0,0,11,0,0,1,1,6,1,42,7,1995,2,4,10,1
2014450012103,1,9,0,18,0,0,0,0,0,0,1,1,2,1,52,8,1598,1,11,4,1
2014450012115,1,9,0,4,0,8,0,0,0,0,4,1,6,2,24,5,1388,1,11,9,1
2014450012115,2,9,0,7,0,8,0,0,0,0,1,1,6,1,21,5,1364,1,5,10,1
2014450012120,1,9,0,17,0,0,2,0,0,0,1,1,6,1,18,4,-1,-1,-1,8,3
2014450012122,1,9,0,18,0,0,2,0,1,0,1,1,6,2,33,6,-1,-1,-1,4,1
2014450012122,2,9,0,18,0,0,1,0,1,4,1,1,2,2,36,7,1984,1,8,9,1
2014450012123,1,9,0,8,0,8,0,0,0,0,2,1,2,2,29,6,1086,1,9,7,1
2014450012123,2,9,0,8,0,8,0,0,0,0,1,1,2,1,40,7,1398,1,9,-1,1
2014450012124,1,1,0,18,0,1,1,0,0,0,0,1,6,1,22,5,-1,-1,-1,8,1
2014450012124,2,9,0,7,0,2,0,0,0,0,1,1,6,2,-1,-1,1299,1,13,6,1
2014450012125,1,9,0,12,0,0,1,0,1,4,2,1,1,1,26,6,1149,1,8,6,1
2014450012125,2,9,0,12,0,0,0,0,0,0,0,1,6,1,-1,-1,-1,-1,-1,-1,-1
2014450012126,1,9,0,16,0,0,1,0,4,6,1,1,6,2,33,6,1596,1,13,10,1
2014450012127,1,9,0,16,0,8,0,0,0,0,1,1,6,1,84,11,1339,1,10,9,1
2014450012127,2,9,0,17,0,8,0,0,0,0,1,1,1,1,32,6,-1,-1,-1,9,1
2014450012131,1,19,0,5,0,8,0,0,0,0,1,1,1,1,55,8,1753,2,6,7,1
2014450012131,2,9,0,9,0,5,0,0,0,0,4,1,6,1,47,8,988,1,23,10,1
2014450012134,1,9,0,18,0,0,0,0,2,0,1,1,6,1,23,5,-1,-1,-1,10,2
2014450012142,1,9,0,18,0,8,0,0,0,0,4,1,6,2,-1,-1,1998,1,13,9,3
2014450012142,2,1,0,18,0,8,0,0,0,0,3,1,6,1,30,6,-1,-1,-1,8,1
2014450012146,1,9,0,18,0,0,1,0,1,7,3,1,6,1,23,5,-1,-1,-1,7,3
2014450012148,1,9,0,17,0,0,2,10,1,9,1,1,6,1,30,6,-1,-1,-1,7,3
2014450012149,1,9,0,18,0,0,5,0,1,6,3,1,6,2,71,10,-1,-1,-1,9,1
2014450012150,1,19,0,7,0,5,0,0,0,0,0,1,6,1,40,7,2402,2,10,3,1
2014450012150,2,22,0,18,9,1,0,0,0,0,1,1,6,1,100,11,-1,-1,-1,9,1
2014450012154,1,9,0,17,0,0,2,0,2,4,1,1,6,2,19,4,1199,1,11,8,2
2014450012155,1,3,0,16,0,0,2,0,0,0,4,1,6,1,51,8,123,1,1,10,1
2014450012157,1,9,0,18,0,0,1,0,5,6,1,1,6,2,28,6,1968,2,4,5,1
2014450012159,1,9,0,18,0,0,0,0,0,0,1,1,6,2,63,9,1360,1,12,7,1
2014450012161,1,21,0,18,0,1,0,0,0,0,1,1,1,1,37,7,12900,2,6,5,2
2014450012161,2,9,0,4,0,5,0,0,0,0,2,1,6,2,38,7,1951,2,11,7,3
2014450012162,1,9,0,18,0,0,0,0,0,0,1,1,6,1,66,10,1968,2,4,10,2
2014450012162,2,9,0,18,0,0,1,0,0,0,4,1,6,2,26,6,-1,-1,-1,4,1
2014450012163,1,9,0,18,0,0,1,0,1,0,4,1,6,2,25,5,1299,1,14,10,1
2014450012164,1,9,0,4,0,1,0,0,0,0,1,1,6,2,23,5,1397,1,6,10,1
2014450012172,1,5,0,18,0,4,0,0,0,0,4,1,6,1,24,5,599,1,1,4,1
2014450012172,2,9,0,18,0,3,0,0,0,0,1,1,6,3,17,4,973,1,11,8,2
2014450012173,1,9,0,4,0,0,0,0,0,0,1,1,6,1,53,8,1896,2,11,10,1
2014450012173,2,9,0,5,0,0,0,0,0,0,2,1,2,1,38,7,1995,2,2,5,1
2014450012173,3,9,0,5,0,0,0,0,0,0,2,1,1,1,40,7,1896,2,6,2,1
2014450012179,1,9,0,16,0,0,0,0,1,0,1,1,6,1,57,9,-1,-1,-1,5,1
2014450012179,2,9,0,17,0,0,0,0,0,0,1,1,6,2,41,7,-1,-1,-1,8,3
2014450012181,1,9,0,15,0,0,0,0,0,0,3,1,6,1,47,8,-1,-1,-1,9,1
2014450012181,2,9,0,12,0,0,0,0,0,0,4,1,6,1,41,7,1781,2,10,9,2
2014450012184,1,9,0,18,0,0,0,0,0,0,4,1,6,3,-1,-1,-1,-1,-1,-1,-1
2014450012185,1,9,0,18,0,0,1,0,0,0,1,1,2,1,47,8,954,1,18,4,1
2014450012185,2,9,0,2,0,0,0,0,0,0,1,1,1,2,50,8,2993,2,2,6,1
2014450012192,1,9,0,18,0,3,0,0,0,0,1,1,6,1,23,5,-1,-1,-1,10,1
2014450012192,2,9,0,18,0,3,0,0,0,0,1,1,6,1,51,8,1329,1,5,10,1
2014450012198,1,9,0,16,0,0,0,0,5,0,1,1,1,2,53,8,1360,1,10,5,1
2014450012202,1,9,0,4,0,1,0,0,0,0,1,1,1,2,27,6,1390,1,10,8,1
2014450012202,2,9,0,5,0,1,0,0,0,0,3,1,6,1,85,11,1392,1,24,9,1
2014450012210,1,9,0,1,0,0,0,0,0,0,3,1,6,1,79,11,1560,2,7,10,1
2014450012211,1,9,0,9,0,1,0,0,0,0,1,1,6,2,49,8,1798,1,5,10,1
2014450012214,1,19,0,5,0,4,0,0,0,0,1,1,1,1,30,6,1560,2,2,9,1
2014450012214,2,1,0,18,0,8,0,0,0,0,4,1,6,1,28,6,-1,-1,-1,10,1
2014450012217,1,19,0,16,0,1,0,0,0,0,1,1,1,1,26,6,2198,2,2,-1,1
2014450012217,2,1,0,16,0,1,0,0,0,0,2,1,2,2,63,9,-1,-1,-1,8,1
2014450012220,1,9,0,18,0,1,0,0,0,0,1,1,6,1,69,10,1910,2,8,8,1
2014450012220,2,1,0,9,0,6,5,0,0,0,3,1,6,2,30,6,-1,-1,-1,7,1
2014450012221,1,9,0,18,0,4,0,0,0,0,1,1,1,1,50,8,4394,1,8,10,1
2014450012221,2,1,0,18,0,8,0,0,0,0,1,1,1,1,46,8,-1,-1,-1,4,1
2014450012223,1,9,0,18,0,1,0,0,0,0,1,1,6,1,28,6,1598,1,12,8,1
2014450012224,1,9,0,4,0,0,0,0,0,0,2,1,6,1,39,7,1995,2,4,10,1
2014450012224,2,9,0,18,0,0,0,0,0,0,2,1,6,2,42,7,1235,1,22,6,1
2014450012224,3,9,0,18,0,0,0,0,0,0,2,1,6,2,19,4,1149,1,10,10,1
2014450012224,4,9,0,18,0,0,0,0,0,0,2,1,6,2,25,5,998,1,13,10,1
2014450012232,1,1,0,18,0,0,0,0,0,0,1,1,6,1,53,8,-1,-1,-1,10,1
2014450012232,2,1,0,18,0,0,0,0,0,0,1,1,6,1,46,8,-1,-1,-1,9,1
2014450012232,3,1,0,18,0,0,0,0,0,0,3,1,6,1,42,7,-1,-1,-1,7,1
2014450012232,4,1,0,18,0,0,0,0,0,0,3,1,6,1,44,7,-1,-1,-1,10,1
2014450012234,1,9,0,16,0,0,2,0,1,0,3,1,6,2,35,6,1391,1,18,6,3
2014450012236,1,9,0,4,0,1,0,0,0,0,2,1,6,2,39,7,1461,2,2,8,3
2014450012236,2,9,0,18,0,1,0,0,0,0,1,1,6,1,57,9,1124,1,17,10,2
2014450012239,1,9,0,18,0,1,1,0,0,0,2,1,6,2,48,8,-1,-1,-1,8,1
2014450012239,2,9,0,18,0,1,0,0,0,0,1,1,1,2,25,5,1328,1,12,8,3
2014450012239,3,9,0,9,0,1,0,0,0,0,0,1,4,1,65,9,2720,2,8,7,3
2014450012245,1,9,0,3,0,0,0,0,0,0,2,1,2,2,52,8,2993,2,3,9,3
2014450012245,2,9,0,3,0,0,0,0,0,0,2,1,2,2,53,8,1596,1,5,10,1
2014450012245,3,9,0,3,0,0,0,0,0,0,1,1,2,2,53,8,1998,1,10,7,1
2014450012249,1,9,0,3,0,1,0,10,0,0,4,1,1,1,27,6,1910,2,7,8,1
2014450012249,2,9,0,18,0,1,0,0,0,0,2,1,6,3,-1,-1,1685,2,1,10,1
2014450012251,1,9,0,16,0,0,0,0,0,0,1,1,6,1,34,6,1461,2,12,8,3
2014450012251,2,9,0,18,0,0,0,0,1,0,1,1,6,2,52,8,1339,1,4,10,1
2014450012253,1,9,0,18,0,0,0,0,0,0,0,1,1,1,43,7,-1,-1,-1,8,1
2014450012253,2,9,0,18,0,0,0,0,0,0,0,1,6,1,37,7,998,1,10,7,1
2014450012253,3,9,0,18,0,0,0,0,0,0,0,1,6,2,26,6,-1,-1,-1,7,1
2014450012253,4,9,0,2,0,0,0,0,0,0,0,1,6,1,65,9,1986,1,27,10,3
2014450012256,1,9,0,3,0,1,0,0,0,0,2,1,6,2,21,5,1896,2,12,10,1
2014450012256,2,19,0,7,0,6,0,0,0,0,1,1,6,1,-1,-1,2198,2,7,10,1
2014450012257,1,19,0,9,0,5,0,0,8,0,4,1,6,1,29,6,2402,2,6,10,1
2014450012257,2,4,0,18,0,1,0,0,8,0,1,1,6,1,46,8,500,1,23,6,2
2014450012259,1,9,0,17,0,1,0,0,0,0,1,1,6,2,23,5,1360,1,14,6,1
2014450012259,2,9,0,17,0,1,0,0,0,0,1,1,6,1,76,11,2000,1,5,10,1
2014450012259,3,9,0,17,0,1,0,0,0,0,0,1,6,1,25,5,-1,-1,-1,6,1
2014450012259,4,9,0,4,0,1,0,0,0,0,2,1,6,1,-1,-1,2143,2,1,3,1
2014450012259,5,9,0,18,0,1,0,0,0,0,1,1,6,2,90,11,1796,1,17,9,1
2014450012260,1,9,0,10,0,5,0,0,0,0,2,1,6,1,52,8,2993,2,7,10,3
2014450012260,2,9,0,18,0,1,0,0,0,0,1,1,6,1,84,11,2387,2,13,7,1
2014450012263,1,9,0,1,0,0,0,0,0,0,0,1,6,2,66,10,995,1,7,3,1
2014450012270,1,11,0,18,0,1,0,0,0,0,1,1,1,1,-1,-1,-1,-1,-1,9,1
2014450012270,2,9,0,10,0,1,0,0,0,0,2,1,6,2,21,5,1299,1,16,4,1
2014450012271,1,9,0,3,0,0,0,0,0,0,2,1,2,2,29,6,1596,1,12,8,1
2014450012271,2,19,0,18,0,0,1,0,0,0,1,1,2,1,39,7,1753,2,7,6,1
2014450012274,1,9,0,17,0,0,0,0,0,0,2,1,6,1,39,7,6208,1,4,10,1
2014450012274,2,9,0,17,0,0,0,0,0,0,1,1,6,2,18,4,1299,1,9,6,1
2014450012279,1,9,0,18,0,4,0,0,0,0,4,1,6,2,24,5,1388,1,2,9,1
2014450012279,2,9,0,18,0,6,0,0,0,0,1,1,6,1,80,11,1685,2,1,10,1