Accident_Index,Vehicle_Reference,Vehicle_Type,Towing_and_Articulation,Vehicle_Manoeuvre,Vehicle_Location-Restricted_Lane,Junction_Location,Skidding_and_Overturning,Hit_Object_in_Carriageway,Vehicle_Leaving_Carriageway,Hit_Object_off_Carriageway,1st_Point_of_Impact,Was_Vehicle_Left_Hand_Drive?,Journey_Purpose_of_Driver,Sex_of_Driver,Age_of_Driver,Age_Band_of_Driver,Engine_Capacity_(CC),Propulsion_Code,Age_of_Vehicle,Driver_IMD_Decile,Driver_Home_Area_Type
2014450012282,1,9,0,9,0,2,0,0,3,0,3,1,6,1,53,8,1999,1,8,9,1
2014450012282,2,9,0,18,0,1,0,0,3,0,1,1,6,2,40,7,-1,-1,-1,4,1
2014450012285,1,9,0,18,0,8,0,0,1,0,4,1,1,1,43,7,-1,-1,-1,7,1
2014450012285,2,9,0,18,0,1,0,0,0,0,1,1,6,2,66,10,999,1,1,10,1
2014450012286,1,9,0,18,0,1,0,0,0,0,1,1,1,1,45,7,1956,2,3,10,1
2014450012286,2,3,0,18,0,1,0,0,0,0,1,1,1,1,44,7,124,1,5,7,1
2014450012290,1,9,0,18,9,0,0,0,1,0,1,1,6,2,90,11,1598,1,7,10,1
2014450012292,1,19,0,18,0,0,0,0,0,0,0,1,6,3,-1,-1,-1,-1,-1,-1,-1
2014450012292,2,9,0,18,0,0,0,0,0,0,0,1,6,2,34,6,1968,2,4,7,1
2014450012292,3,9,0,18,0,0,0,0,0,0,0,1,6,1,50,8,1395,1,1,6,1
2014450012292,4,9,0,18,0,0,0,0,0,0,2,1,6,1,43,7,2401,2,10,6,1
2014450012292,5,9,0,18,0,0,1,0,0,0,1,1,6,1,38,7,-1,-1,-1,9,1
2014450012305,1,9,0,6,0,2,0,0,0,0,3,1,6,1,43,7,1997,2,1,10,1
2014450012305,2,1,0,18,0,2,0,0,0,0,1,1,2,1,27,6,-1,-1,-1,4,1
2014450012314,1,1,0,18,0,0,1,0,0,0,0,1,6,1,76,11,-1,-1,-1,8,3
2014450012317,1,9,0,18,0,0,1,0,1,0,1,1,6,2,19,4,1364,1,5,10,1
2014450012317,2,9,0,15,0,0,0,0,0,0,0,1,6,3,-1,-1,-1,-1,-1,-1,-1
2014450012319,1,9,0,18,0,0,0,0,0,0,0,1,6,3,-1,-1,-1,-1,-1,-1,-1
2014450012323,1,9,0,16,0,0,5,0,7,11,1,1,1,2,36,7,-1,-1,-1,5,1
2014450012326,1,1,0,18,0,0,0,10,0,0,0,1,6,1,61,9,-1,-1,-1,10,1
2014450012327,1,9,0,18,0,1,1,0,1,5,1,1,2,1,49,8,1896,2,11,6,3
2014450012328,1,9,0,16,0,0,0,0,7,1,1,1,6,2,63,9,2967,1,12,9,1
2014450012330,1,9,0,18,0,0,2,0,2,0,0,1,6,1,39,7,1242,1,8,8,1
2014450012336,1,2,0,18,0,0,2,0,0,0,1,1,2,1,16,4,49,1,4,7,1
2014450012337,1,3,0,4,0,4,2,0,0,0,0,1,6,1,18,4,125,1,5,-1,1
2014450012338,1,3,0,5,0,0,1,0,0,0,3,1,2,2,26,6,124,1,4,7,1
2014450012339,1,2,0,18,0,0,1,0,0,0,4,1,2,2,55,8,49,1,29,5,1
2014450012342,1,9,0,4,0,0,2,0,0,0,1,1,2,1,28,6,-1,-1,-1,7,3
2014450012343,1,9,0,18,0,0,1,6,0,0,1,1,6,2,75,10,1399,1,6,10,1
2014450012345,1,3,0,9,0,6,1,0,0,0,0,1,1,1,50,8,85,1,15,7,1
2014450012348,1,1,0,18,0,0,0,0,0,0,3,1,6,1,74,10,-1,-1,-1,8,1
2014450012348,2,9,0,18,0,0,0,0,0,0,4,1,6,1,-1,-1,2497,1,10,8,1
2014450012350,1,9,0,17,0,1,0,0,0,0,1,1,6,2,57,9,2000,2,3,10,1
2014450012350,2,9,0,16,0,1,1,0,0,0,1,1,6,1,18,4,998,1,9,9,1
2014450012352,1,5,0,18,0,0,5,0,0,0,1,1,6,1,21,5,955,1,14,10,1
2014450012352,2,9,0,6,0,0,0,0,0,0,3,1,6,1,30,6,-1,-1,-1,5,1
2014450012354,1,9,0,6,0,0,0,0,0,0,3,1,6,2,54,8,1299,1,13,10,2
2014450012354,2,5,0,14,0,0,2,0,0,0,3,1,6,1,61,9,600,1,11,7,1
2014450012357,1,9,0,16,0,0,1,0,0,0,1,1,2,2,33,6,1198,1,11,9,1
2014450012357,2,21,0,17,0,0,0,0,0,0,3,1,1,1,41,7,12740,2,3,5,1
2014450012358,1,9,0,12,0,0,1,0,5,0,4,1,2,2,40,7,2204,2,6,6,2
2014450012358,2,9,0,15,0,0,0,0,0,0,3,1,2,1,53,8,1984,2,3,9,1
2014450012359,1,3,0,18,0,0,0,0,0,0,1,1,6,1,24,5,124,1,16,9,1
2014450012361,1,9,0,18,0,8,0,0,0,0,1,1,6,1,40,7,1988,1,11,6,1
2014450012362,1,9,0,18,0,1,0,0,0,0,1,1,6,1,69,10,1794,1,9,-1,3
2014450012362,2,9,0,9,0,6,0,0,0,0,1,1,1,1,74,10,1968,2,8,2,1
2014450012378,1,3,0,13,0,1,0,0,0,0,1,1,2,1,39,7,124,1,8,9,1
2014450012378,2,9,0,9,0,5,0,0,0,0,3,1,6,2,36,7,1598,1,10,8,1
2014450012381,1,9,0,9,0,6,0,0,0,0,3,1,2,2,31,6,1870,2,10,10,1
2014450012381,2,1,0,18,0,8,0,0,0,0,1,1,2,1,23,5,-1,-1,-1,-1,1
2014450012384,1,9,0,9,0,1,0,0,0,0,1,1,6,1,55,8,973,1,11,9,1
2014450012384,2,9,0,10,0,8,0,0,0,0,3,1,1,1,50,8,-1,-1,-1,10,1
2014450012389,1,9,0,11,0,0,2,0,1,9,1,1,6,1,26,6,2926,2,12,4,1
2014450012392,1,9,0,16,0,3,5,0,1,0,3,1,2,1,46,8,3996,1,13,10,3
2014450012404,1,9,0,18,0,1,0,0,0,0,4,1,3,2,25,5,1587,1,11,9,1
2014450012404,2,9,0,9,0,2,0,0,0,0,3,1,2,2,38,7,2979,1,10,8,1
2014450012405,1,9,0,3,0,1,0,0,0,0,2,1,6,2,27,6,1997,2,9,10,1
2014450012405,2,9,0,18,0,1,0,0,0,0,1,1,6,1,73,10,-1,-1,-1,9,1
2014450012406,1,9,0,18,0,1,1,0,7,0,1,1,6,1,24,5,1998,2,12,9,1
2014450012406,2,19,0,18,0,1,0,0,0,0,1,1,1,1,39,7,2463,2,9,6,3
2014450012406,3,9,0,3,0,1,0,0,0,0,2,1,6,1,22,5,1388,1,5,10,1
2014450012418,1,9,0,18,0,1,0,0,7,0,1,1,6,1,28,6,1997,2,1,10,1
2014450012418,2,9,0,9,0,6,0,0,0,0,1,1,6,1,28,6,1124,1,9,7,1
2014450012423,1,9,0,18,0,6,0,0,0,0,3,1,6,1,38,7,1956,2,3,9,1
2014450012423,2,9,0,18,0,1,0,0,0,0,1,1,6,1,74,10,2171,2,15,10,2
2014450012425,1,9,0,12,0,7,0,0,0,0,2,1,6,1,42,7,1398,1,8,9,1
2014450012425,2,9,0,12,0,7,0,0,0,0,1,1,6,2,27,6,1124,1,9,3,1
2014450012427,1,1,0,17,0,8,0,0,0,0,0,1,6,1,47,8,-1,-1,-1,10,1
2014450012432,1,9,0,18,0,8,0,0,0,0,1,1,6,2,53,8,1360,1,10,-1,1
2014450012432,2,9,0,10,0,1,0,0,0,0,2,1,1,1,50,8,1600,2,3,10,1
2014450012436,1,9,0,11,0,1,0,0,0,0,1,1,1,1,-1,-1,-1,-1,-1,2,1
2014450012436,2,9,0,3,0,1,0,0,1,0,2,1,6,1,65,9,1796,1,8,10,1
2014450012436,3,21,0,3,0,1,0,0,0,0,2,1,1,1,55,8,4461,2,2,9,2
2014450012438,1,9,0,4,0,0,1,0,0,0,1,1,2,1,27,6,-1,-1,-1,9,1
2014450012438,2,9,0,3,0,0,0,0,0,0,2,1,1,1,28,6,998,1,1,9,1
2014450012439,1,9,0,3,0,0,0,0,0,0,2,1,6,1,43,7,1124,1,7,3,1
2014450012439,2,9,0,3,0,0,0,0,0,0,2,1,6,1,48,8,1968,2,2,10,1
2014450012439,3,9,0,3,0,0,0,0,0,0,2,1,6,2,19,4,1299,1,13,7,1
2014450012439,4,9,0,3,0,0,0,0,0,0,2,1,6,1,56,9,1956,2,2,9,3
2014450012439,5,9,0,18,0,0,0,0,0,0,1,2,2,2,30,6,-1,-1,-1,4,1
2014450012441,1,9,0,8,0,7,0,0,0,0,1,1,1,1,26,6,973,1,14,4,1
2014450012441,2,9,0,8,0,7,0,0,0,0,2,1,6,2,37,7,2987,2,3,6,1
2014450012442,1,9,0,18,0,0,0,4,0,0,1,1,6,2,30,6,1242,1,9,4,1
2014450012442,2,9,0,2,0,0,0,0,0,0,2,1,6,1,-1,-1,1388,1,15,-1,-1
2014450012443,1,9,0,17,0,8,0,0,7,0,1,1,6,1,18,4,1396,1,9,9,1
2014450012443,2,9,0,9,0,8,0,0,0,0,1,1,6,1,20,4,1596,1,13,8,3
2014450012445,1,9,0,5,0,0,0,0,0,0,4,1,6,1,-1,-1,1995,2,4,-1,-1
2014450012446,1,5,0,3,0,1,0,0,0,0,2,1,6,1,30,6,636,1,11,10,1
2014450012446,2,9,0,18,0,1,0,0,0,0,1,1,6,1,-1,-1,1995,2,1,10,1
2014450012448,1,9,0,17,0,0,1,0,7,4,1,1,1,1,30,6,-1,-1,-1,9,1
2014450012449,1,9,0,18,0,0,0,0,0,0,1,1,6,1,37,7,1896,2,11,9,1
2014450012449,2,9,0,4,0,0,0,0,0,0,1,1,6,1,50,8,-1,-1,-1,10,1
2014450012450,1,9,0,9,0,6,0,0,0,0,4,1,2,1,45,7,1997,2,2,-1,-1
2014450012450,2,19,0,18,0,1,0,0,0,0,1,1,1,1,26,6,2148,2,6,7,1
2014450012450,3,9,0,18,0,1,0,0,0,0,3,1,6,2,34,6,1896,2,9,8,1
2014450012456,1,9,0,9,0,6,0,0,0,0,1,1,6,2,25,5,1124,1,12,5,1
2014450012456,2,5,0,18,0,1,2,0,0,0,3,1,6,1,41,7,900,1,14,3,1
2014450012457,1,9,0,18,0,8,1,4,2,0,2,1,6,1,35,6,-1,-1,-1,9,2
2014450012457,2,9,0,2,0,8,0,0,0,0,2,1,6,1,37,7,-1,-1,-1,3,1
2014450012463,1,9,0,5,0,4,1,0,0,0,3,1,2,2,71,10,999,1,5,8,3
2014450012463,2,9,0,9,0,8,0,0,0,0,1,1,2,1,32,6,1598,2,2,6,1
2014450012471,1,9,0,9,0,6,0,0,2,11,1,1,6,2,91,11,1199,1,14,10,1
2014450012471,2,9,0,18,0,1,0,0,0,0,1,1,1,1,29,6,-1,-1,-1,7,1
2014450012471,3,9,0,2,0,1,0,0,0,0,4,1,6,1,53,8,-1,-1,-1,10,1
2014450012477,1,9,0,18,0,0,0,0,0,0,2,1,6,2,39,7,1364,1,1,6,1
2014450012477,2,9,0,18,0,0,0,0,0,0,1,1,6,1,32,6,1348,1,12,5,1
2014450012477,3,9,0,18,0,0,0,0,0,0,1,1,6,1,18,4,1242,1,14,5,1
2014450012478,1,9,0,4,0,1,0,0,0,0,2,1,6,1,52,8,1598,1,9,10,1
2014450012478,2,9,0,4,0,1,0,0,0,0,2,1,6,1,51,8,-1,-1,-1,8,1
2014450012478,3,9,0,4,0,1,0,0,0,0,2,1,6,1,54,8,2231,2,2,6,2
2014450012478,4,9,0,18,0,1,0,0,0,0,1,1,6,1,48,8,-1,-1,-1,10,1
2014450012479,1,3,0,18,0,1,0,0,0,0,1,1,2,1,63,9,647,1,9,10,1
2014450012479,2,9,0,9,0,1,0,0,0,0,1,1,6,1,32,6,1896,2,12,7,1
2014450012480,1,9,0,4,0,0,0,0,0,0,1,1,6,2,50,8,1368,1,7,6,1
2014450012480,2,9,0,3,0,0,0,0,0,0,2,1,6,1,30,6,1560,2,3,5,1
2014450012481,1,9,0,18,0,0,0,0,0,0,1,1,6,1,37,7,1590,1,17,7,1
2014450012481,2,2,0,18,0,0,5,0,0,0,3,1,6,1,18,4,50,1,3,10,1
2014450012481,3,9,0,18,0,0,0,0,0,0,1,1,6,2,25,5,995,1,8,4,1
2014450012482,1,9,0,18,0,0,1,0,0,0,1,1,2,1,34,6,1299,1,6,10,1
2014450012482,2,9,0,18,0,0,0,0,0,0,1,1,2,1,61,9,1242,1,3,6,1
2014450012484,1,1,0,18,0,8,0,0,0,0,4,1,6,2,57,9,-1,-1,-1,7,1
2014450012484,2,9,0,5,0,6,0,0,0,0,1,1,6,1,66,10,1997,1,1,8,1
2014450012485,1,9,0,1,0,2,0,0,0,0,2,1,6,1,56,9,-1,-1,-1,6,1
2014450012485,2,9,0,9,0,1,0,0,0,0,3,1,1,1,44,7,1229,1,7,9,1
2014450012486,1,9,0,18,0,0,0,0,0,0,0,1,6,1,21,5,1968,2,9,7,3
2014450012486,2,1,0,18,0,0,2,0,0,0,0,1,6,1,63,9,-1,-1,-1,9,3
2014450012487,1,9,0,18,0,0,0,0,0,0,3,1,2,1,36,7,1560,2,7,10,1
2014450012487,2,9,0,18,0,0,1,0,0,0,2,1,2,1,67,10,1794,1,13,5,1
2014450012489,1,9,0,18,0,0,0,0,0,0,3,1,1,1,38,7,1995,2,1,2,1
2014450012489,2,21,1,11,0,0,1,0,0,0,1,1,1,1,50,8,12900,2,7,2,1
2014450012490,1,9,0,9,0,5,0,0,0,0,1,1,6,2,41,7,1997,2,4,10,1
2014450012493,1,9,0,18,0,1,0,0,0,0,4,1,1,1,34,6,-1,-1,-1,6,1
2014450012493,2,9,0,18,0,1,0,0,0,0,1,1,1,1,31,6,1797,8,5,4,1
2014450012494,1,9,0,18,0,0,0,0,0,0,3,1,1,1,68,10,-1,-1,-1,9,1
2014450012494,2,9,0,18,0,0,0,0,0,0,3,1,6,1,54,8,1910,2,6,10,1
2014450012494,3,9,0,18,0,0,0,0,0,0,1,1,6,2,49,8,-1,-1,-1,8,3
2014450012495,1,9,0,18,0,0,1,0,5,7,1,1,2,1,22,5,1242,1,9,2,1
2014450012496,1,9,0,9,0,1,0,0,0,0,3,1,6,2,18,4,1299,1,14,6,3
2014450012496,2,9,0,18,0,1,0,0,0,0,4,1,6,2,38,7,1598,1,9,6,1
2014450012500,1,9,0,9,0,1,0,0,0,0,2,1,6,1,37,7,2993,2,11,7,1
2014450012500,2,9,0,3,0,1,0,0,0,0,1,1,6,1,28,6,2993,2,1,4,1
2014450012501,1,9,0,18,0,0,0,11,0,0,1,1,6,1,35,6,1560,2,9,10,3
2014450012503,1,21,1,11,0,0,0,0,0,0,4,1,6,3,-1,-1,-1,-1,-1,-1,-1
2014450012503,2,9,0,18,0,0,2,0,0,0,3,1,6,1,44,7,1339,1,1,-1,-1
2014450012503,3,9,0,18,0,0,0,0,0,0,0,1,1,1,55,8,-1,-1,-1,7,1
2014450012504,1,1,0,18,0,3,0,0,0,0,2,1,6,1,36,7,-1,-1,-1,10,1
2014450012504,2,9,0,7,0,4,0,0,0,0,1,1,1,1,32,6,1968,2,6,5,1
2014450012505,1,9,0,18,0,0,0,0,0,0,3,1,6,1,39,7,2993,2,5,10,1
2014450012505,2,9,0,2,0,0,0,0,0,0,4,1,6,1,38,7,-1,-1,-1,9,1
2014450012508,1,9,0,4,0,1,0,0,0,0,2,1,2,1,66,10,1598,1,11,3,1
2014450012508,2,19,0,4,0,1,1,0,0,0,1,1,6,1,39,7,4250,2,8,4,1
2014450012509,1,1,0,18,0,0,1,0,0,0,0,1,1,1,45,7,-1,-1,-1,9,1
2014450012509,2,1,0,18,0,0,1,0,0,0,0,1,1,1,46,8,-1,-1,-1,10,1
2014450012511,1,21,1,12,0,1,0,0,0,0,3,2,1,1,22,5,-1,-1,-1,-1,-1
2014450012511,2,9,0,18,0,1,0,0,0,0,4,1,6,1,37,7,-1,-1,-1,4,1
2014450012512,1,21,1,12,0,0,0,0,0,0,1,2,1,1,25,5,-1,-1,-1,-1,-1
2014450012512,2,9,0,18,0,0,1,0,2,7,4,1,2,1,34,6,-1,-1,-1,5,1
2014450012513,1,9,0,4,0,3,0,0,0,0,2,1,2,2,37,7,1198,1,1,10,2
2014450012513,2,9,0,4,0,3,0,0,0,0,1,1,1,1,50,8,2148,2,5,8,3
2014450012514,1,1,0,18,0,1,0,0,0,0,3,1,1,1,42,7,-1,-1,-1,6,1
2014450012515,1,9,0,18,0,0,0,0,2,7,4,1,6,1,23,5,1386,1,9,-1,1
2014450012515,2,21,1,12,0,0,0,0,0,0,3,2,1,1,51,8,-1,-1,-1,-1,-1
2014450012516,1,9,0,14,0,1,0,0,0,0,3,1,6,2,33,6,1397,1,13,9,1
2014450012516,2,9,0,14,0,1,0,0,0,0,4,1,6,2,-1,-1,1360,1,14,6,1
2014450012517,1,9,0,18,0,8,0,0,0,0,3,1,6,2,59,9,1360,1,13,6,1
2014450012517,2,9,0,9,0,8,0,0,0,0,3,1,6,2,26,6,1995,2,4,10,1
2014450012520,1,9,0,18,0,4,0,0,0,0,0,1,6,1,31,6,1229,1,7,7,1
2014450012528,1,11,0,4,0,1,0,0,0,0,0,1,1,1,30,6,3900,2,11,9,1
2014450012531,1,9,0,18,0,0,0,0,0,0,1,1,6,2,43,7,1399,2,4,10,1
2014450012531,2,9,0,3,0,0,0,0,0,0,2,1,1,1,29,6,2435,1,15,3,3
2014450012533,1,9,0,18,0,4,0,0,0,0,1,1,6,1,66,10,1124,1,7,6,1
2014450012534,1,9,0,18,0,0,0,0,0,0,3,1,1,1,82,11,1796,1,13,9,1
2014450012535,1,9,0,9,0,6,0,0,0,0,1,1,6,1,47,8,1968,2,2,6,2
2014450012535,2,9,0,9,0,8,0,0,0,0,3,1,6,2,20,4,1299,1,12,8,1
2014450012539,1,9,0,16,0,0,0,0,0,0,1,1,2,1,35,6,1124,1,13,3,1
2014450012539,2,9,0,17,0,0,0,0,1,0,1,1,6,1,65,9,1395,1,1,10,1
2014450012539,3,9,0,16,0,0,0,0,0,0,1,1,2,1,61,9,-1,-1,-1,10,1
2014450012540,1,9,0,18,0,0,2,0,1,9,1,1,2,1,42,7,-1,-1,-1,8,1
2014450012540,2,9,0,18,0,0,0,0,0,0,2,1,6,1,44,7,-1,-1,-1,9,1
2014450012541,1,11,0,18,0,0,0,0,0,0,0,1,1,1,43,7,4500,2,5,7,1
2014450012542,1,1,0,18,0,1,2,0,0,0,0,1,1,1,61,9,-1,-1,-1,-1,3
2014450012542,2,9,0,18,0,4,0,0,0,0,0,1,6,1,63,9,1396,1,11,6,1
2014450012547,1,9,0,9,0,5,0,0,0,0,4,1,6,1,53,8,3189,1,6,10,1
2014450012547,2,1,0,18,0,8,0,0,0,0,1,1,6,2,30,6,-1,-1,-1,6,1
2014450012550,1,9,0,18,0,0,0,0,0,0,1,1,6,1,-1,-1,1781,1,11,8,3
2014450012550,2,9,0,18,0,0,0,0,0,0,1,1,6,2,27,6,1595,1,4,8,3
2014450012553,1,9,0,17,0,0,2,0,1,0,1,1,1,2,22,5,1124,1,10,8,3
2014450012554,1,9,0,18,0,8,5,0,0,0,1,1,6,2,48,8,-1,-1,-1,8,1
2014450012555,1,1,0,18,0,1,0,0,0,0,1,1,6,1,48,8,-1,-1,-1,7,1
2014450012555,2,9,0,18,0,1,0,0,0,0,4,1,6,1,54,8,3628,2,7,10,1
2014450012556,1,1,0,18,0,3,0,0,0,0,4,1,6,1,29,6,-1,-1,-1,9,1
2014450012558,1,9,0,18,0,2,0,0,0,0,2,1,6,2,51,8,1590,1,10,8,1
2014450012560,1,9,0,18,0,1,0,0,0,0,1,1,6,1,22,5,-1,-1,-1,8,1
2014450012560,2,9,0,3,0,1,0,0,0,0,2,1,6,1,41,7,1968,2,5,8,2
2014450012562,1,9,0,18,9,0,0,10,0,0,4,1,6,3,-1,-1,1900,2,15,-1,-1
2014450012563,1,9,0,18,0,1,0,0,0,0,1,1,6,1,24,5,1598,1,7,9,1
2014450012563,2,9,0,7,0,5,0,0,0,0,4,1,6,2,63,9,1390,1,8,10,1
2014450012570,1,9,0,18,0,0,0,0,0,0,1,1,6,1,65,9,1796,1,11,7,3
2014450012570,2,21,0,18,0,0,0,0,0,0,2,1,1,1,43,7,12900,2,7,6,1
2014450012571,1,9,0,18,0,0,1,0,7,4,1,1,1,2,28,6,1360,1,12,9,1
2014450012572,1,9,0,18,0,0,1,0,5,0,1,1,6,2,32,6,1794,1,14,10,1
2014450012572,3,9,0,18,0,0,1,0,0,0,1,1,5,1,26,6,1968,2,5,10,1
2014450012573,1,20,0,17,0,1,0,0,0,0,4,1,1,1,34,6,12777,2,2,6,3
2014450012579,1,9,0,6,0,0,0,0,0,0,3,1,1,1,65,9,1968,2,8,10,1
2014450012579,2,5,0,18,0,0,0,0,0,0,1,1,1,1,39,7,1237,1,4,7,3
2014450012580,1,9,0,18,0,0,1,0,0,0,1,1,6,1,32,6,599,1,12,6,2
2014450012581,1,9,0,9,0,8,0,0,0,0,3,1,2,2,36,7,1299,1,12,6,1
2014450012581,2,5,0,18,0,8,0,0,0,0,1,1,2,1,19,4,599,1,15,6,1
2014450012584,1,9,0,8,0,6,0,0,0,0,1,1,6,1,80,11,2967,1,15,10,3
2014450012584,2,9,0,7,0,5,0,0,0,0,1,1,6,2,55,8,1388,1,5,7,3
2014450012587,1,9,0,1,0,1,0,0,0,0,1,1,2,1,60,9,3311,8,9,7,1
2014450012587,2,1,0,18,0,1,0,0,0,0,1,1,2,1,45,7,-1,-1,-1,8,1
2014450012588,1,9,0,9,0,8,0,0,0,0,2,1,6,2,41,7,1299,1,13,6,1
2014450012588,2,2,0,18,2,8,0,0,0,0,1,1,6,2,17,4,49,1,1,9,1
2014450012591,1,9,0,18,0,1,5,0,5,0,4,1,6,1,25,5,1299,1,12,6,1
2014450012591,2,9,0,18,0,1,0,0,0,0,1,1,2,2,22,5,1360,1,3,9,1
2014450012594,1,9,0,2,0,1,0,0,0,0,2,1,6,2,49,8,1951,2,8,10,2
2014450012594,2,9,0,6,0,1,0,0,0,0,1,1,6,1,27,6,-1,-1,-1,5,1
2014450012595,1,9,0,16,0,0,5,0,1,0,1,1,6,1,43,7,1598,1,6,4,1
2014450012597,1,1,0,18,0,0,0,0,0,0,3,1,6,2,48,8,-1,-1,-1,9,3
2014450012597,2,1,0,18,0,0,0,0,0,0,3,1,6,1,50,8,-1,-1,-1,9,3
2014450012597,3,9,0,18,0,0,0,0,0,0,4,1,6,3,-1,-1,-1,-1,-1,-1,-1
2014450012598,1,9,0,9,0,8,0,0,0,0,1,1,6,2,18,4,1086,1,6,4,1
2014450012598,2,9,0,18,0,1,0,0,0,0,1,1,6,1,43,7,1689,2,11,6,1
2014450012604,1,9,0,18,0,0,0,0,0,0,3,1,6,2,46,8,1390,1,8,10,1
2014450012609,1,9,0,16,0,0,1,0,7,0,4,1,6,1,21,5,1994,1,9,8,1
2014450012609,2,19,0,18,0,0,1,0,0,0,1,1,1,1,60,9,2198,2,1,-1,-1
2014450012610,1,9,0,18,0,0,0,0,0,0,0,1,6,3,-1,-1,-1,-1,-1,-1,-1
2014450012610,2,9,0,18,0,0,0,0,0,0,2,1,6,2,57,9,1360,1,9,10,1
2014450012610,3,9,0,18,0,0,0,0,0,0,1,1,6,1,23,5,1992,2,9,4,1
2014450012611,1,19,0,18,0,4,0,0,0,0,2,1,1,2,38,7,2461,2,4,6,1
2014450012611,2,9,0,18,0,4,0,0,0,0,1,1,6,1,-1,-1,-1,-1,-1,-1,-1
2014450012613,1,9,0,16,0,0,1,0,0,0,1,1,6,1,27,6,1995,2,5,7,2
2014450012613,2,9,0,16,0,0,0,0,0,0,2,1,6,2,54,8,1998,1,9,9,1
2014450012614,1,3,0,7,0,5,1,0,0,0,4,1,2,1,20,4,-1,-1,-1,6,1
2014450012618,1,9,0,1,0,1,0,0,0,0,1,1,6,2,48,8,1598,1,3,6,1
2014450012620,1,9,0,18,0,0,0,0,0,0,2,1,6,2,17,4,1199,1,12,7,1
2014450012620,2,9,0,18,0,0,0,0,0,0,1,1,6,2,19,4,1248,1,2,10,1
2014450012620,3,9,0,18,0,0,0,0,0,0,2,1,6,1,71,10,1896,2,13,10,1
2014450012621,1,9,0,18,0,0,0,0,0,0,1,1,6,1,80,11,1999,1,13,8,1
2014450012621,2,9,0,18,0,0,1,0,1,0,3,1,6,2,20,4,1388,1,3,7,1
2014450012626,1,1,0,18,0,8,0,0,0,0,0,1,6,1,20,4,-1,-1,-1,10,1
2014450012628,1,9,0,17,0,0,0,0,1,0,0,1,6,1,18,4,-1,-1,-1,9,1
2014450012628,2,9,0,16,0,0,0,0,0,0,3,1,6,1,30,6,-1,-1,-1,9,3
2014450012629,1,2,0,18,0,1,0,0,0,0,1,1,6,1,-1,-1,-1,-1,-1,-1,-1
2014450012630,1,9,0,18,0,0,0,10,7,10,1,1,6,2,40,7,1240,1,7,8,3
2014450012631,1,9,0,3,0,4,0,0,0,0,2,1,6,1,36,7,1229,1,2,10,1
2014450012631,2,9,0,4,0,4,0,0,0,0,2,1,6,1,40,7,2493,1,15,7,1
2014450012633,1,20,0,7,0,8,0,0,0,0,1,1,1,1,49,8,12900,2,1,3,1
2014450012636,1,2,0,4,0,1,0,0,0,0,4,1,1,2,18,4,49,1,6,2,1
2014450012637,1,3,0,16,0,0,1,0,0,0,0,1,2,1,21,5,125,1,1,7,1
2014450012639,1,9,0,4,0,1,1,0,0,0,2,1,6,1,63,9,-1,-1,-1,3,1
2014450012639,2,9,0,4,0,1,1,0,0,0,2,1,6,1,64,9,-1,-1,-1,8,3
2014450012639,3,9,0,4,0,1,1,0,0,0,1,1,6,1,56,9,1796,1,13,9,1
2014450012642,1,9,0,18,0,0,0,0,0,0,4,1,6,1,44,7,1984,1,16,6,1
2014450012642,2,9,0,1,0,0,0,0,0,0,2,1,1,1,-1,-1,1798,1,13,4,1
2014450012643,1,9,0,18,0,1,0,0,0,0,2,1,6,1,60,9,1598,1,1,8,3
2014450012643,2,9,0,5,0,1,0,0,0,0,1,1,6,2,73,10,1400,1,9,8,3
2014450012647,1,9,0,18,0,8,0,0,0,0,1,1,6,1,18,4,1199,1,13,10,1
2014450012647,2,9,0,18,0,8,0,0,0,0,3,1,6,2,35,6,1386,1,6,6,1
2014450012649,1,19,0,18,0,1,0,0,0,0,4,1,1,1,24,5,1686,2,6,6,3
2014450012649,2,9,0,18,0,2,0,0,0,0,3,1,1,3,-1,-1,-1,-1,-1,-1,-1
2014450012653,1,9,0,9,0,0,0,0,0,0,4,1,6,1,45,7,-1,-1,-1,-1,-1
2014450012653,2,9,0,18,0,0,0,0,0,0,1,1,6,1,66,10,1796,1,3,6,3
2014450012655,1,3,0,16,0,0,0,10,7,0,1,1,6,2,23,5,125,1,2,10,1
2014450012655,2,9,0,18,0,0,0,0,0,0,1,1,2,2,52,8,1968,2,4,6,2
2014450012661,1,1,0,18,0,8,0,0,0,0,2,1,6,1,75,10,-1,-1,-1,8,1
2014450012661,2,9,0,7,0,8,0,0,0,0,1,1,1,2,22,5,993,1,16,8,1
2014450012662,1,9,0,4,0,0,0,0,0,0,2,1,1,2,25,5,1149,1,8,4,1
2014450012662,2,9,0,18,0,0,0,0,0,0,1,1,1,2,42,7,1587,1,9,4,1
2014450012663,1,9,0,18,0,0,0,0,0,0,4,1,6,2,33,6,1997,2,8,8,1
2014450012664,1,1,0,18,0,8,0,0,0,0,4,1,2,1,34,6,-1,-1,-1,6,1