Accident_Index,Vehicle_Reference,Vehicle_Type,Towing_and_Articulation,Vehicle_Manoeuvre,Vehicle_Location-Restricted_Lane,Junction_Location,Skidding_and_Overturning,Hit_Object_in_Carriageway,Vehicle_Leaving_Carriageway,Hit_Object_off_Carriageway,1st_Point_of_Impact,Was_Vehicle_Left_Hand_Drive?,Journey_Purpose_of_Driver,Sex_of_Driver,Age_of_Driver,Age_Band_of_Driver,Engine_Capacity_(CC),Propulsion_Code,Age_of_Vehicle,Driver_IMD_Decile,Driver_Home_Area_Type
2014450013368,2,9,0,2,0,0,0,0,7,0,1,1,6,1,81,11,1598,1,1,10,1
2014450013371,1,19,0,18,0,1,0,0,0,0,1,1,6,1,48,8,2198,2,2,10,1
2014450013371,2,9,0,3,0,1,0,0,0,0,2,1,6,1,53,8,1461,2,1,7,2
2014450013371,3,9,0,3,0,1,0,0,0,0,2,1,6,2,28,6,1598,1,4,10,1
2014450013372,1,9,0,18,0,0,0,11,1,0,1,1,6,1,21,5,1242,1,17,7,2
2014450013373,1,9,0,18,0,0,0,0,0,0,3,1,6,1,50,8,4999,1,4,10,1
2014450013373,2,19,0,18,0,0,0,0,0,0,4,1,6,1,-1,-1,2198,2,-1,9,3
2014450013374,1,9,0,7,0,8,0,0,0,0,4,1,6,1,19,4,1198,1,10,5,1
2014450013374,2,9,0,9,0,8,0,0,0,0,3,1,6,2,33,6,1560,2,1,8,2
2014450013375,1,9,0,18,0,0,1,0,4,0,3,1,2,1,41,7,1364,1,10,10,1
2014450013377,1,9,0,18,0,2,0,0,0,0,1,1,6,1,48,8,1781,1,19,9,1
2014450013377,2,9,0,4,0,2,0,0,0,0,2,1,6,2,48,8,1896,2,10,10,1
2014450013377,3,9,0,4,0,2,0,0,0,0,2,1,6,2,52,8,1360,1,11,9,1
2014450013378,1,9,0,17,0,0,1,0,7,11,1,1,2,2,42,7,1248,1,2,6,3
2014450013379,1,1,0,16,0,0,2,0,0,0,1,1,6,1,40,7,-1,-1,-1,6,2
2014450013380,1,9,0,18,0,0,1,0,0,0,3,1,2,1,24,5,1896,2,14,10,1
2014450013381,1,9,0,4,0,0,0,0,0,0,2,1,6,1,19,4,1799,1,7,2,1
2014450013381,2,9,0,18,0,0,0,0,0,0,1,1,6,2,42,7,1968,2,7,7,3
2014450013382,1,9,0,4,0,0,0,0,0,0,2,1,6,1,56,9,2544,1,14,3,1
2014450013382,2,9,0,4,0,0,0,0,0,0,2,1,6,1,58,9,2148,2,5,7,1
2014450013382,3,9,0,18,0,0,0,0,0,0,1,1,6,1,45,7,1598,1,3,6,1
2014450013390,1,9,0,18,0,1,0,0,0,0,1,1,6,1,18,4,973,1,14,8,1
2014450013390,2,9,0,2,0,1,0,0,0,0,2,1,6,2,22,5,1124,1,10,2,1
2014450013392,1,9,0,10,0,1,0,0,0,0,2,1,6,1,55,8,1299,1,13,10,1
2014450013392,2,9,0,18,0,1,0,0,0,0,2,1,6,1,21,5,1896,2,7,10,1
2014450013392,3,9,0,18,0,1,0,0,0,0,2,1,6,1,25,5,-1,-1,-1,6,3
2014450013392,4,19,0,18,0,1,0,0,0,0,2,1,6,1,56,9,1753,2,8,7,1
2014450013392,5,9,0,18,0,1,0,0,0,0,1,1,6,1,42,7,-1,-1,-1,5,1
2014450013393,1,9,0,16,0,0,1,0,1,0,1,1,6,1,18,4,1396,1,11,8,3
2014450013393,2,9,0,17,0,0,0,0,0,0,1,1,6,1,24,5,1560,2,6,10,1
2014450013395,1,9,0,18,0,3,0,0,0,0,1,1,6,1,83,11,1398,1,10,9,1
2014450013397,1,9,0,18,0,0,0,0,0,0,4,1,3,2,40,7,1799,1,16,6,1
2014450013398,1,20,0,18,0,1,0,0,0,0,1,1,1,1,36,7,2446,2,13,5,1
2014450013398,2,9,0,10,0,6,0,0,0,0,3,1,6,2,40,7,1956,2,2,9,1
2014450013399,1,9,0,18,0,0,0,0,0,0,2,1,6,2,46,8,1968,2,4,5,3
2014450013399,2,9,0,18,0,0,0,0,0,0,1,1,6,1,29,6,1995,1,9,3,1
2014450013399,3,9,0,18,0,0,0,0,0,0,1,1,6,1,61,9,2995,1,-1,8,3
2014450013401,1,9,0,3,0,0,0,0,0,0,2,1,6,2,55,8,1124,1,12,8,1
2014450013401,2,9,0,18,0,0,0,0,0,0,1,1,6,2,36,7,1598,1,2,5,1
2014450013408,1,9,0,18,0,0,0,0,0,0,1,1,1,2,23,5,-1,-1,-1,7,1
2014450013410,1,3,0,18,0,0,0,0,0,0,1,1,6,1,49,8,124,1,2,7,1
2014450013412,1,21,0,12,0,0,0,0,0,0,2,1,1,1,59,9,11021,2,11,10,1
2014450013412,2,21,1,12,0,0,0,0,0,0,1,1,1,1,39,7,12900,2,2,2,1
2014450013412,3,9,0,11,0,0,0,0,0,0,0,1,6,3,-1,-1,-1,-1,-1,-1,-1
2014450013418,1,2,0,18,0,0,0,0,0,0,1,1,6,1,19,4,-1,-1,-1,6,1
2014450013418,2,9,0,9,0,0,0,0,0,0,4,1,6,2,25,5,998,1,6,9,1
2014450013419,1,9,0,18,0,7,2,0,7,9,3,1,1,1,61,9,2148,2,11,10,3
2014450013419,2,9,0,17,0,6,0,0,0,0,1,1,1,1,23,5,1600,2,5,8,3
2014450013421,1,19,0,7,0,1,0,0,0,0,4,1,1,1,58,9,1560,2,3,8,1
2014450013421,2,1,0,17,4,1,0,0,0,0,3,1,6,1,54,8,-1,-1,-1,7,1
2014450013424,1,9,0,18,0,0,0,0,0,0,3,1,2,1,48,8,1995,2,5,9,3
2014450013424,2,3,0,18,0,0,5,0,0,0,1,1,2,1,28,6,125,1,6,8,1
2014450013425,1,9,0,17,0,0,0,0,1,3,1,1,6,2,84,11,1390,1,11,9,1
2014450013428,1,9,0,10,0,1,0,0,0,0,1,1,2,2,21,5,1398,2,1,8,1
2014450013428,2,5,0,14,0,1,2,0,7,0,1,1,2,1,33,6,599,1,4,8,1
2014450013432,1,9,0,8,0,6,0,0,0,0,3,1,6,1,51,8,1461,2,8,6,1
2014450013434,1,9,0,11,0,3,0,0,0,0,4,1,6,2,27,6,1397,1,6,7,3
2014450013434,2,9,0,12,0,4,0,0,0,0,1,1,6,1,49,8,1390,1,4,5,1
2014450013438,1,9,0,9,0,5,0,0,0,0,1,1,2,1,48,8,1461,2,7,10,1
2014450013438,2,9,0,5,0,1,0,0,1,0,3,1,6,2,62,9,1598,1,2,8,3
2014450013446,1,9,0,18,0,0,0,0,0,0,3,1,6,1,47,8,2495,2,17,10,3
2014450013446,2,17,4,18,0,0,0,0,0,0,4,1,6,1,-1,-1,-1,-1,-1,8,3
2014450013447,1,9,0,8,0,1,0,0,0,0,2,1,6,1,37,7,1493,1,17,6,2
2014450013447,2,9,0,18,0,1,0,0,0,0,1,1,6,1,21,5,1984,1,3,9,1
2014450013449,1,9,0,16,0,1,1,0,8,0,3,1,6,1,30,6,1598,1,14,6,1
2014450013450,1,9,0,15,0,1,0,0,1,0,1,1,6,1,20,4,998,1,19,7,1
2014450013450,2,9,0,10,0,1,0,0,0,0,4,1,6,2,71,10,2149,2,7,10,1
2014450013452,1,9,0,18,0,1,0,0,0,0,1,1,2,1,18,4,1461,2,8,7,3
2014450013452,2,9,0,4,0,1,0,0,0,0,2,1,1,1,55,8,2148,2,9,5,1
2014450013452,3,9,0,3,0,1,0,0,0,0,2,1,6,1,23,5,1368,1,7,-1,1
2014450013453,1,5,0,18,0,0,0,0,0,0,3,1,6,1,51,8,918,1,17,6,1
2014450013453,2,9,0,18,0,0,0,0,0,0,3,1,6,1,-1,-1,1598,1,1,10,1
2014450013455,1,9,0,18,0,1,1,0,0,0,0,1,6,2,67,10,998,1,4,9,1
2014450013455,2,9,0,1,0,6,0,0,0,0,0,1,6,3,-1,-1,1390,1,14,-1,-1
2014450013456,1,9,0,18,0,1,0,0,0,0,1,1,6,2,48,8,1968,2,-1,10,1
2014450013456,2,9,0,3,0,2,0,0,0,0,2,1,1,1,48,8,1997,2,5,7,1
2014450013459,1,9,0,18,0,6,0,0,0,0,1,1,6,2,67,10,1329,1,4,2,1
2014450013459,2,9,0,9,0,6,0,0,1,0,4,1,6,2,40,7,4398,1,10,8,2
2014450013460,1,9,0,18,0,0,2,0,0,0,4,1,1,2,17,4,1229,1,8,7,1
2014450013465,1,9,0,7,0,5,0,0,0,0,3,1,1,2,25,5,1600,2,2,8,3
2014450013465,2,1,0,17,0,8,0,0,0,0,4,1,6,1,47,8,-1,-1,-1,10,3
2014450013468,1,9,0,16,0,1,0,0,0,0,0,1,6,3,-1,-1,-1,-1,-1,-1,-1
2014450013468,2,9,0,17,0,1,0,0,0,0,1,1,6,1,17,4,1229,1,9,6,3
2014450013470,1,9,0,4,0,1,0,0,0,0,1,1,6,2,54,8,2993,2,2,10,1
2014450013470,2,9,0,9,0,5,1,0,0,0,1,1,6,2,31,6,1600,1,15,10,3
2014450013471,1,21,1,18,0,0,0,0,0,0,1,1,1,1,44,7,6870,2,4,-1,3
2014450013471,2,9,0,18,0,0,0,0,0,0,2,1,1,2,32,6,1598,1,14,7,1
2014450013471,3,9,0,18,0,0,0,0,0,0,2,1,1,1,60,9,1995,2,5,9,1
2014450013471,4,9,0,18,0,0,0,0,0,0,2,1,1,1,29,6,1896,2,8,6,1
2014450013471,5,9,0,18,0,0,0,0,0,0,2,1,1,2,31,6,1198,1,1,5,1
2014450013471,6,9,0,18,0,0,0,0,0,0,2,1,1,2,37,7,1560,2,1,3,1
2014450013472,1,21,1,12,0,0,0,0,0,0,3,1,1,1,54,8,-1,-1,-1,-1,-1
2014450013472,2,9,0,18,0,0,0,0,5,0,4,1,6,2,36,7,998,1,13,6,1
2014450013472,3,19,0,18,0,0,0,0,0,0,3,1,1,1,47,8,-1,-1,-1,6,2
2014450013473,1,9,0,3,0,0,0,0,0,0,2,1,6,1,29,6,1997,2,6,3,1
2014450013473,2,19,0,18,0,0,0,0,0,0,2,1,6,1,46,8,-1,-1,-1,3,1
2014450013473,3,9,0,18,0,0,0,0,5,0,3,1,6,2,23,5,1360,1,9,10,1
2014450013478,1,9,0,15,0,0,0,0,0,0,0,1,6,2,56,9,1998,1,6,5,1
2014450013478,2,1,0,18,4,0,0,0,0,0,0,1,6,2,33,6,-1,-1,-1,10,1
2014450013481,1,9,0,18,0,0,0,0,5,6,1,1,6,1,54,8,1997,2,11,10,1
2014450013481,2,9,0,12,0,0,0,0,0,0,0,1,6,3,-1,-1,-1,-1,-1,-1,-1
2014450013482,1,9,0,16,0,0,0,11,0,0,1,1,6,1,19,4,-1,-1,-1,10,1
2014450013485,1,9,0,18,0,0,0,0,1,2,1,1,1,1,46,8,1400,1,14,5,1
2014450013487,1,9,0,18,0,0,0,0,0,0,2,1,6,2,30,6,1242,1,1,7,1
2014450013487,2,9,0,18,0,0,0,0,0,0,1,1,6,1,40,7,-1,-1,-1,8,1
2014450013490,1,9,0,18,0,0,0,0,0,0,2,1,6,2,29,6,1968,2,3,6,1
2014450013490,2,9,0,18,0,0,0,0,0,0,1,1,6,1,61,9,1598,1,14,7,1
2014450013490,3,9,0,18,0,0,0,0,0,0,1,1,1,1,63,9,-1,-1,-1,7,3
2014450013494,1,9,0,18,0,8,0,9,3,1,1,1,6,1,60,9,1598,1,12,5,1
2014450013496,1,9,0,18,0,1,0,0,0,0,2,1,1,1,40,7,1791,8,3,10,1
2014450013496,2,9,0,18,0,1,0,0,0,0,1,1,2,2,21,5,1198,1,8,8,1
2014450013500,1,9,0,4,0,0,0,0,0,0,4,1,6,2,57,9,2993,2,-1,9,1
2014450013504,1,9,0,18,0,0,1,0,0,0,1,1,6,1,46,8,-1,-1,-1,8,1
2014450013504,2,11,0,3,0,0,0,0,0,0,0,1,1,1,45,7,-1,-1,-1,4,1
2014450013505,1,9,0,18,0,8,0,0,0,0,0,1,6,3,-1,-1,-1,-1,-1,-1,-1
2014450013505,2,9,0,18,0,8,0,0,0,0,2,1,2,1,50,8,-1,-1,-1,7,2
2014450013505,3,9,0,18,0,8,0,0,0,0,1,1,2,1,20,4,-1,-1,-1,7,2
2014450013510,1,9,0,18,0,8,0,0,0,0,2,1,6,2,24,5,1796,1,11,4,1
2014450013510,2,9,0,18,0,8,0,0,0,0,3,1,6,2,46,8,1398,2,10,7,1
2014450013510,3,9,0,18,0,8,0,0,0,0,2,1,6,1,28,6,1598,1,14,5,3
2014450013514,1,20,4,18,0,7,0,0,0,0,1,1,1,1,44,7,2400,2,10,6,1
2014450013514,2,21,1,18,0,7,0,0,0,0,2,1,1,1,64,9,11946,2,11,2,1
2014450013515,1,2,0,18,0,0,2,0,0,0,3,1,6,1,16,4,49,1,-1,4,1
2014450013515,2,9,0,18,0,0,0,0,0,0,4,1,6,2,49,8,-1,-1,-1,4,1
2014450013517,1,9,0,13,0,0,0,0,0,0,1,1,6,1,28,6,1994,1,10,9,1
2014450013517,2,9,0,18,0,0,0,0,0,0,1,1,6,1,61,9,1596,1,7,9,1
2014450013521,1,9,0,18,0,0,0,0,0,0,1,1,6,1,36,7,1199,1,13,4,1
2014450013521,2,9,0,4,0,0,0,0,0,0,2,1,2,1,31,6,-1,-1,-1,5,1
2014450013522,1,1,0,18,5,8,0,0,0,0,1,1,2,1,25,5,-1,-1,-1,3,1
2014450013522,2,19,0,7,9,4,0,0,0,0,3,1,1,1,52,8,1753,2,8,7,2
2014450013523,1,9,0,18,0,0,0,0,0,0,1,1,6,1,51,8,1298,1,11,-1,3
2014450013523,2,9,0,18,0,0,0,0,0,0,2,1,6,2,63,9,1461,2,6,10,1
2014450013523,3,9,0,18,0,0,0,0,0,0,2,1,6,1,41,7,-1,-1,-1,8,1
2014450013523,4,9,0,18,0,0,0,0,0,0,2,1,6,2,47,8,2179,2,6,9,1
2014450013527,1,9,0,2,0,0,0,0,0,0,2,1,6,1,47,8,1995,2,3,10,1
2014450013527,2,9,0,4,0,0,0,0,0,0,1,1,6,1,-1,-1,2800,2,21,9,3
2014450013531,1,9,0,9,0,0,0,0,0,0,4,1,1,1,25,5,-1,-1,-1,10,3
2014450013531,2,3,0,18,0,0,0,0,0,0,1,1,2,1,28,6,125,1,2,6,1
2014450013537,1,9,0,17,0,8,0,0,0,0,4,1,6,1,34,6,1686,2,1,1,1
2014450013537,2,19,0,17,0,8,0,0,0,0,3,1,1,1,31,6,2287,2,3,5,1
2014450013545,1,9,0,18,0,1,0,0,0,0,1,1,6,1,73,10,1598,1,10,8,1
2014450013545,2,9,0,9,0,1,0,0,0,0,1,1,1,2,31,6,999,1,1,5,1
2014450013550,1,3,0,18,0,1,0,0,0,0,1,1,1,1,34,6,125,1,1,4,1
2014450013550,2,9,0,5,0,6,0,0,0,0,4,1,1,2,62,9,1240,1,4,3,1
2014450013551,1,9,0,7,0,7,0,0,0,0,3,1,2,1,80,11,1598,1,10,7,1
2014450013551,2,9,0,18,0,8,0,0,0,0,1,1,6,2,53,8,1388,1,10,10,1
2014450013552,1,8,0,18,0,0,1,7,4,10,1,1,1,1,55,8,1896,2,10,7,1
2014450013556,1,9,0,18,0,0,0,0,0,0,3,1,1,1,30,6,-1,-1,-1,10,2
2014450013556,2,9,0,18,0,0,0,0,0,0,3,1,6,2,40,7,1598,1,6,10,3
2014450013557,1,9,0,16,0,8,5,0,0,0,3,1,6,1,17,4,1242,1,3,9,1
2014450013559,1,9,0,1,9,6,0,0,0,0,2,1,6,1,55,8,1598,2,1,3,1
2014450013562,1,9,0,5,0,1,0,0,0,0,1,1,6,1,48,8,2198,2,8,10,1
2014450013562,2,5,0,10,0,2,0,0,0,0,2,1,6,1,47,8,998,1,7,9,3
2014450013564,1,9,0,3,0,0,0,0,0,0,2,1,6,2,18,4,1149,1,9,9,3
2014450013564,2,9,0,18,0,0,0,0,0,0,1,1,6,2,20,4,1229,1,2,8,1
2014450013574,1,9,0,12,0,7,0,0,0,0,2,1,1,2,53,8,1596,1,13,10,1
2014450013574,2,21,1,18,0,1,0,0,0,0,1,1,6,1,55,8,12777,2,3,-1,1
2014450013574,3,9,0,18,0,1,0,0,0,0,1,1,6,2,40,7,2967,2,2,8,3
2014450013577,1,9,0,18,0,1,1,0,0,0,1,1,6,1,34,6,1781,1,13,10,1
2014450013577,2,9,0,4,0,1,0,0,0,0,2,1,6,1,42,7,2993,2,9,10,1
2014450013579,1,9,0,9,0,6,0,0,0,0,1,1,1,2,41,7,1598,1,11,7,1
2014450013579,2,9,0,17,0,8,0,0,0,0,1,1,1,2,41,7,973,1,12,4,1
2014450013580,1,9,0,18,0,1,0,0,7,0,1,1,2,1,26,6,1598,1,7,9,1
2014450013580,2,9,0,2,0,1,0,0,0,0,2,1,2,1,70,10,1769,1,9,9,2
2014450013582,1,9,0,3,0,3,0,0,0,0,2,1,6,2,57,9,1360,1,3,10,3
2014450013582,2,9,0,7,0,3,0,0,0,0,1,1,6,1,-1,-1,3400,6,15,2,1
2014450013586,1,9,0,5,0,4,0,0,0,0,1,1,6,2,56,9,1999,1,9,8,3
2014450013586,2,1,0,18,0,4,0,0,0,0,4,1,6,1,48,8,-1,-1,-1,10,1
2014450013588,1,9,0,3,0,0,0,0,0,0,2,1,1,1,53,8,1560,2,2,10,1
2014450013588,2,9,0,3,0,0,0,0,0,0,2,1,1,1,27,6,1895,1,14,9,3
2014450013588,3,9,0,3,0,0,0,0,0,0,2,1,1,2,29,6,998,1,8,10,1
2014450013588,4,19,0,18,0,0,0,0,0,0,1,1,1,1,66,10,2402,2,3,5,3
2014450013597,1,9,0,18,0,2,1,0,0,0,1,1,6,2,19,4,1390,1,12,9,1
2014450013597,2,9,0,4,0,2,0,0,0,0,2,1,6,2,43,7,1997,2,2,9,3
2014450013597,3,9,0,4,0,2,0,0,0,0,2,1,6,2,39,7,2204,2,8,7,1
2014450013597,4,9,0,4,0,2,0,0,0,0,2,1,6,2,62,9,1988,1,12,10,1
2014450013601,1,9,0,18,0,1,0,0,0,0,1,1,6,2,42,7,1762,1,17,5,1
2014450013601,2,1,0,9,0,2,0,0,0,0,3,1,6,1,20,4,-1,-1,-1,10,1
2014450013606,1,90,0,9,0,6,0,0,0,0,4,1,1,1,58,9,2987,2,3,10,2
2014450013607,1,9,0,7,0,1,0,0,0,0,4,1,6,1,29,6,1397,1,11,6,1
2014450013607,2,4,0,15,0,1,0,0,0,0,3,1,6,1,53,8,124,1,31,4,1
2014450013608,1,9,0,4,0,0,0,0,0,0,2,1,6,2,65,9,1389,1,17,10,1
2014450013608,2,9,0,4,0,0,0,0,0,0,1,1,6,1,40,7,1598,1,6,6,3
2014450013609,1,9,0,18,0,0,0,0,0,0,4,1,6,2,-1,-1,-1,-1,-1,-1,-1
2014450013610,1,9,0,17,0,0,2,0,1,0,4,1,2,2,22,5,1124,1,7,10,1
2014450013611,1,9,0,18,0,1,0,0,0,0,3,1,3,1,19,4,1596,1,9,4,1
2014450013611,2,9,0,18,0,1,0,0,0,0,3,1,6,2,-1,-1,1339,1,4,8,3
2014450013612,1,5,0,18,0,0,1,0,0,0,4,1,6,1,42,7,599,1,16,2,1
2014450013612,2,19,0,5,8,0,0,0,0,0,0,1,6,3,-1,-1,-1,-1,-1,-1,-1
2014450013613,1,9,0,13,0,0,0,0,0,0,0,1,6,1,47,8,2497,2,4,7,3
2014450013613,2,1,0,18,0,0,0,0,0,0,0,1,6,1,55,8,-1,-1,-1,6,1
2014450013615,1,9,0,9,0,8,0,0,0,0,3,1,2,1,67,10,1598,1,7,10,1
2014450013615,2,5,0,14,0,1,0,0,0,0,1,1,6,1,33,6,-1,-1,-1,6,1
2014450013618,1,2,0,18,0,0,0,0,0,0,4,1,2,2,33,6,49,1,1,9,1
2014450013618,2,9,0,3,0,0,0,0,0,0,0,1,2,1,58,9,1798,1,5,6,1
2014450013620,1,5,0,14,0,1,0,0,0,0,1,1,6,1,60,9,675,1,5,6,2
2014450013620,2,9,0,10,0,1,0,0,0,0,2,1,6,2,35,6,1388,1,6,7,1
2014450013621,1,9,0,9,0,5,0,0,0,0,1,1,3,2,36,7,1360,1,12,6,1
2014450013624,1,9,0,4,0,1,0,0,0,0,1,1,6,1,44,7,-1,-1,-1,8,2
2014450013624,2,9,0,4,0,1,0,0,0,0,2,1,6,2,28,6,-1,-1,-1,10,1
2014450013624,3,9,0,10,0,1,0,0,0,0,2,1,6,2,44,7,1995,2,7,6,1
2014450013627,1,9,0,18,0,0,1,0,0,0,3,1,6,2,53,8,1299,1,11,5,1
2014450013627,2,9,0,11,0,0,1,0,1,0,4,1,2,2,19,4,1600,2,4,9,2
2014450013630,1,9,0,16,0,1,0,0,0,0,1,1,6,1,59,9,998,1,-1,7,1
2014450013630,2,9,0,3,0,1,0,0,0,0,3,1,6,2,47,8,1199,1,12,5,1
2014450013633,1,9,0,1,0,0,0,0,0,0,2,1,6,2,27,6,1199,1,12,4,1
2014450013637,1,9,0,18,0,3,0,0,0,0,4,1,6,2,81,11,1896,2,9,10,1
2014450013637,2,9,0,18,0,3,0,0,0,0,3,1,6,1,38,7,2435,1,12,8,1
2014450013638,1,1,0,4,9,1,0,0,0,0,1,1,6,2,21,5,-1,-1,-1,10,1
2014450013638,2,9,0,9,0,8,0,0,0,0,1,1,6,1,-1,-1,-1,-1,-1,-1,-1
2014450013640,1,9,0,18,0,1,0,0,0,0,1,1,1,1,28,6,1984,1,12,8,1
2014450013643,1,9,0,17,0,1,0,0,0,0,1,1,6,1,20,4,1360,1,11,10,1
2014450013645,1,9,0,10,0,6,0,0,0,0,4,1,6,2,45,7,1461,2,-1,10,1
2014450013645,2,1,0,18,9,1,0,0,0,0,1,1,6,1,-1,-1,-1,-1,-1,9,1
2014450013647,1,21,1,12,0,0,0,0,0,0,3,2,1,1,47,8,-1,-1,-1,-1,-1
2014450013647,2,9,0,13,0,0,1,0,2,0,4,1,6,2,75,10,1796,1,9,10,2
2014450013652,1,9,0,18,0,0,0,0,0,0,2,1,2,2,33,6,1598,1,6,10,1
2014450013652,2,3,0,13,0,0,0,0,0,0,1,1,2,1,28,6,124,1,-1,5,1
2014450013654,1,1,0,18,0,1,0,0,0,0,1,1,6,1,19,4,-1,-1,-1,8,1
2014450013654,2,9,0,18,0,1,0,0,0,0,4,1,6,3,-1,-1,-1,-1,-1,-1,-1
2014450013655,1,3,0,16,0,0,1,0,0,0,3,1,1,1,46,8,647,1,13,10,1
2014450013656,1,9,0,18,0,0,1,0,0,0,4,1,6,2,56,9,2599,1,24,9,1
2014450013658,1,1,0,9,0,8,1,11,0,0,3,1,6,1,57,9,-1,-1,-1,10,1
2014450013661,1,3,0,17,0,0,1,0,0,0,0,1,1,1,21,5,124,1,2,7,1
2014450013664,1,3,0,18,0,3,1,0,0,0,0,1,6,1,18,4,124,1,2,3,1
2014450013668,1,9,0,17,0,0,1,0,1,0,1,1,6,1,17,4,1124,1,13,7,3
2014450013672,1,2,0,13,0,0,2,0,0,0,0,1,3,1,16,4,49,1,2,10,1
2014450013674,1,9,0,18,0,2,0,0,0,0,1,1,6,2,37,7,1781,1,13,8,1
2014450013674,2,9,0,18,0,1,0,0,0,0,4,1,6,1,50,8,2401,2,8,10,1
2014450013678,1,9,0,3,0,1,0,0,0,0,2,1,6,2,33,6,1598,1,7,6,1
2014450013678,2,9,0,3,0,1,0,0,0,0,1,1,6,1,44,7,1910,2,8,5,1
2014450013681,1,9,0,3,0,0,0,0,0,0,2,1,6,1,44,7,1598,1,1,9,1
2014450013681,2,21,0,4,0,0,0,0,0,0,1,1,6,1,31,6,-1,-1,-1,7,1
2014450013686,1,5,0,18,0,8,0,0,0,0,1,1,6,1,49,8,749,1,5,6,1
2014450013686,2,9,0,9,0,8,0,0,0,0,3,1,6,2,31,6,1242,1,13,10,1
2014450013687,1,9,0,9,0,8,0,0,0,0,4,1,6,2,24,5,1299,1,6,5,1
2014450013687,2,9,0,18,0,8,0,0,0,0,1,1,6,1,50,8,1984,1,11,10,2
2014450013688,1,1,0,18,0,0,0,0,0,0,1,1,2,1,39,7,-1,-1,-1,9,1
2014450013688,2,9,0,2,0,0,0,0,0,0,1,1,6,1,35,6,999,1,1,9,1
2014450013691,1,5,0,12,0,0,1,0,0,0,0,1,2,1,36,7,599,1,14,9,1
2014450013691,2,9,0,12,0,0,0,0,0,0,0,1,2,1,47,8,4367,2,3,8,3
2014450013696,1,9,0,10,0,1,0,0,0,0,2,1,6,1,60,9,1984,1,18,9,1
2014450013696,2,9,0,18,0,1,0,0,0,0,1,1,1,1,27,6,1399,2,6,7,1
2014450013697,1,21,1,18,0,0,1,0,0,0,1,2,1,1,66,10,-1,-1,-1,-1,-1
2014450013697,2,9,0,18,0,0,0,0,0,0,2,1,6,1,74,10,1968,2,3,9,2
2014450013697,3,9,0,18,0,0,0,0,0,0,2,1,2,1,49,8,-1,-1,-1,5,2
2014450013698,1,9,0,12,0,0,0,0,0,0,0,1,6,3,-1,-1,-1,-1,-1,-1,-1
2014450013698,2,19,0,18,0,0,0,0,0,0,1,1,1,1,28,6,1868,2,11,9,1
2014450013698,3,9,0,18,0,0,0,0,0,0,1,1,1,1,17,4,1399,2,8,6,1
2014450013699,1,21,1,7,0,1,0,0,0,0,1,1,1,1,38,7,12777,2,3,2,1
2014450013699,2,9,0,18,0,1,1,0,1,0,1,1,6,2,52,8,1360,1,14,6,1
2014450013700,1,9,0,18,0,0,0,0,0,0,1,1,6,1,75,10,1596,1,8,8,1
2014450013700,2,9,0,4,0,0,0,0,0,0,2,1,6,1,48,8,998,1,2,10,1
2014450013701,1,11,0,18,0,0,0,0,0,0,1,1,6,1,47,8,9600,2,18,3,1
2014450013701,2,9,0,18,0,0,0,0,0,0,2,1,6,1,52,8,1995,1,6,8,1
2014450013702,1,9,0,18,0,0,1,0,0,0,1,1,6,1,44,7,-1,-1,-1,5,1
2014450013702,2,19,0,4,0,0,0,0,0,0,2,1,1,1,24,5,2402,2,4,8,1
2014450013703,1,9,0,9,0,6,0,0,0,0,1,1,6,2,41,7,1242,1,11,6,1
2014450013704,1,9,0,18,0,1,0,0,0,0,1,1,6,2,51,8,1910,2,6,10,1
2014450013704,2,9,0,9,0,1,0,0,0,0,1,1,6,2,48,8,4999,1,1,10,1
2014450013706,1,9,0,18,0,0,0,0,0,0,4,1,6,2,-1,-1,-1,-1,-1,-1,-1
2014450013707,1,1,0,18,0,0,0,0,0,0,0,1,6,1,25,5,-1,-1,-1,10,2
2014450013707,2,9,0,18,0,0,0,0,0,0,4,1,6,3,-1,-1,-1,-1,-1,-1,-1
2014450013709,1,3,0,18,0,0,0,0,0,0,1,1,1,2,37,7,124,1,9,8,1
2014450013710,1,9,0,18,0,0,0,0,0,0,1,1,6,2,22,5,1390,1,7,9,1
2014450013710,2,21,0,2,0,0,0,0,0,0,2,1,1,1,55,8,12740,2,1,2,1
2014450013711,1,9,0,5,0,2,0,0,0,0,2,1,3,2,34,6,2204,2,6,8,3
2014450013711,2,9,0,3,0,1,0,0,0,0,2,1,6,2,40,7,4414,1,7,10,1
2014450013711,3,9,0,18,0,1,0,0,0,0,1,1,3,2,66,10,1998,1,9,10,2
2014450013716,1,9,0,7,0,2,0,0,0,0,4,1,6,3,-1,-1,-1,-1,-1,-1,-1
2014450013717,1,9,0,12,0,0,0,4,1,0,3,1,1,2,34,6,1799,1,6,2,1
2014450013717,2,20,1,18,0,0,0,0,0,0,4,2,1,1,21,5,-1,-1,-1,-1,-1