Accident_Index,Vehicle_Reference,Vehicle_Type,Towing_and_Articulation,Vehicle_Manoeuvre,Vehicle_Location-Restricted_Lane,Junction_Location,Skidding_and_Overturning,Hit_Object_in_Carriageway,Vehicle_Leaving_Carriageway,Hit_Object_off_Carriageway,1st_Point_of_Impact,Was_Vehicle_Left_Hand_Drive?,Journey_Purpose_of_Driver,Sex_of_Driver,Age_of_Driver,Age_Band_of_Driver,Engine_Capacity_(CC),Propulsion_Code,Age_of_Vehicle,Driver_IMD_Decile,Driver_Home_Area_Type
2014450014053,3,9,0,18,0,0,0,0,0,0,1,1,1,2,26,6,1149,1,7,10,1
2014450014055,1,1,0,18,0,0,2,0,0,0,1,1,1,1,41,7,-1,-1,-1,6,1
2014450014055,2,9,0,18,0,0,0,0,0,0,0,1,6,3,-1,-1,-1,-1,-1,-1,-1
2014450014056,1,9,0,18,0,1,0,0,0,0,1,1,2,2,47,8,1968,2,2,8,1
2014450014056,2,9,0,3,0,1,0,0,0,0,2,1,1,1,38,7,1997,2,7,6,1
2014450014057,1,9,0,17,0,0,1,0,1,0,1,1,6,2,20,4,1198,1,8,9,1
2014450014057,2,9,0,16,0,0,0,0,0,0,1,1,6,2,33,6,1896,2,13,10,1
2014450014057,3,9,0,16,0,0,0,0,0,0,2,1,6,2,78,11,1590,1,9,10,1
2014450014059,1,19,0,18,0,1,0,0,0,0,1,1,1,1,57,9,3908,2,10,5,1
2014450014059,2,9,0,10,0,1,0,0,0,0,2,1,6,2,72,10,998,1,2,9,1
2014450014061,1,9,0,4,0,0,0,0,0,0,2,1,6,2,33,6,1968,2,8,9,1
2014450014061,2,9,0,4,0,0,0,0,0,0,1,1,6,2,25,5,1360,1,14,7,1
2014450014062,1,1,0,16,0,1,2,0,0,0,2,1,6,2,33,6,-1,-1,-1,5,1
2014450014063,1,9,0,5,0,4,0,0,0,0,1,1,6,1,-1,-1,1242,1,8,-1,-1
2014450014066,1,9,0,18,0,8,0,0,0,0,1,1,6,1,39,7,1796,1,8,7,2
2014450014067,1,9,0,18,0,0,1,0,1,4,3,1,6,2,22,5,1242,1,6,5,1
2014450014068,1,9,0,9,0,6,0,0,0,0,3,1,6,2,71,10,2435,1,9,10,1
2014450014068,2,1,0,18,0,1,2,0,0,0,1,1,6,2,31,6,-1,-1,-1,10,1
2014450014070,1,9,0,18,0,0,0,0,0,0,1,1,6,1,25,5,1781,1,14,10,3
2014450014070,2,9,0,2,0,0,0,0,0,0,2,1,6,1,61,9,1988,1,16,9,1
2014450014073,1,9,0,18,0,1,0,0,0,0,4,1,6,1,25,5,993,1,12,6,1
2014450014073,2,9,0,18,0,1,0,0,0,0,1,1,6,1,37,7,1999,1,9,6,1
2014450014074,1,9,0,18,0,0,1,4,2,0,1,1,6,1,19,4,1468,1,10,4,1
2014450014074,2,9,0,2,0,0,0,0,0,0,0,1,6,1,38,7,1600,2,4,5,1
2014450014075,1,9,0,5,0,0,0,0,0,0,1,1,6,1,43,7,1991,2,3,4,1
2014450014079,1,9,0,8,0,6,0,0,0,0,2,1,6,1,18,4,1242,1,14,8,1
2014450014079,2,19,0,8,0,6,0,0,0,0,1,1,6,1,57,9,1753,2,12,-1,-1
2014450014082,1,9,0,9,0,5,0,0,0,0,1,1,2,1,42,7,1396,1,5,6,1
2014450014082,2,9,0,18,0,1,0,0,0,0,1,1,6,1,38,7,1364,1,8,9,1
2014450014086,1,9,0,9,0,6,0,0,0,0,1,1,6,2,61,9,1998,1,12,6,3
2014450014086,2,9,0,18,0,1,0,0,0,0,1,1,6,2,52,8,1598,1,16,9,3
2014450014090,1,20,0,12,0,0,0,0,0,0,1,1,1,1,32,6,11946,2,6,5,1
2014450014090,2,9,0,18,0,0,0,0,5,0,4,1,6,2,64,9,1799,1,8,10,3
2014450014091,1,9,0,5,0,1,0,0,0,0,1,1,6,3,-1,-1,-1,-1,-1,-1,-1
2014450014095,1,9,0,16,0,0,2,0,1,0,1,1,6,2,20,4,1124,1,13,4,1
2014450014095,2,9,0,17,0,0,1,0,1,0,1,1,6,1,31,6,2979,1,-1,9,1
2014450014096,1,9,0,10,0,5,0,0,0,0,2,1,6,1,64,9,1198,1,9,10,1
2014450014096,2,19,0,18,0,1,0,0,0,0,1,1,1,1,-1,-1,2198,2,1,5,1
2014450014098,1,9,0,18,0,1,0,0,0,0,1,1,6,2,18,4,1198,1,7,3,1
2014450014098,2,9,0,18,0,1,0,0,0,0,3,1,2,2,33,6,1390,1,10,9,1
2014450014099,1,9,0,5,0,1,0,0,1,0,2,1,1,2,39,7,1299,1,9,7,1
2014450014099,2,9,0,5,0,1,0,0,0,0,1,1,1,1,28,6,1896,2,5,6,1
2014450014100,1,9,0,18,0,0,0,0,1,0,1,1,6,1,83,11,1527,2,13,10,1
2014450014100,2,9,0,2,0,0,0,4,0,0,2,1,2,1,44,7,1497,1,9,6,1
2014450014103,1,9,0,4,0,0,1,0,0,0,1,1,1,1,60,9,1968,2,5,2,1
2014450014103,2,9,0,4,0,0,0,0,0,0,2,1,6,2,44,7,1461,2,1,2,1
2014450014103,3,9,0,4,0,0,0,0,0,0,2,1,6,1,28,6,1910,2,11,8,1
2014450014104,1,9,0,1,9,0,0,0,0,0,4,1,2,1,25,5,1598,1,4,9,1
2014450014104,2,1,0,18,0,0,0,0,0,0,1,1,2,1,50,8,-1,-1,-1,9,1
2014450014105,1,9,0,18,0,0,0,0,0,0,1,1,6,2,35,6,1796,1,10,8,1
2014450014107,1,9,0,18,0,0,0,0,0,0,1,1,6,1,39,7,1587,1,12,10,1
2014450014107,2,9,0,18,0,0,0,0,0,0,2,1,6,1,67,10,1994,1,18,9,1
2014450014108,1,9,0,4,0,1,0,0,0,0,1,1,1,2,23,5,-1,-1,-1,6,3
2014450014108,2,9,0,3,0,1,0,0,0,0,2,1,1,1,21,5,1199,1,11,3,1
2014450014110,1,9,0,3,0,1,0,0,0,0,2,1,6,2,48,8,1560,2,2,9,1
2014450014110,2,9,0,18,0,1,0,0,0,0,1,1,6,2,20,4,1390,1,8,10,1
2014450014117,1,10,0,18,0,0,0,0,0,0,4,1,6,3,-1,-1,-1,-1,-1,-1,-1
2014450014120,1,2,0,18,0,0,0,0,0,0,1,1,6,1,-1,-1,-1,-1,-1,-1,-1
2014450014121,1,9,0,7,0,1,0,0,0,0,4,1,6,2,32,6,1799,1,7,10,1
2014450014121,2,1,0,18,0,1,0,0,0,0,3,1,6,2,37,7,-1,-1,-1,9,1
2014450014123,1,5,0,18,0,0,5,0,0,0,1,1,6,1,30,6,997,1,10,-1,3
2014450014123,2,9,0,4,0,0,0,0,0,0,2,1,6,1,51,8,1598,1,6,9,1
2014450014128,1,1,0,16,0,0,0,0,0,0,3,1,6,1,33,6,-1,-1,-1,6,1
2014450014130,1,1,0,18,0,1,0,0,0,0,0,1,6,1,34,6,-1,-1,-1,8,1
2014450014131,1,9,0,13,0,1,0,0,0,0,4,1,6,1,67,10,-1,-1,-1,7,1
2014450014131,2,9,0,9,0,6,0,0,0,0,1,1,6,2,17,4,1242,1,4,10,1
2014450014132,1,4,0,14,0,0,1,0,0,0,1,1,6,1,67,10,1170,1,1,10,1
2014450014138,1,9,0,18,0,0,0,0,0,0,1,1,6,2,58,9,998,1,3,10,1
2014450014138,2,9,0,4,0,0,0,0,0,0,2,1,6,1,40,7,1998,2,10,5,1
2014450014138,3,9,0,3,0,0,0,0,0,0,2,1,6,1,52,8,1995,2,-1,2,1
2014450014141,1,9,0,17,0,0,0,0,0,0,1,1,6,1,32,6,1896,2,11,10,3
2014450014141,2,9,0,16,0,0,1,0,0,0,1,1,6,2,29,6,1975,1,15,8,1
2014450014148,1,9,0,18,0,6,0,0,0,0,0,1,6,1,62,9,4196,1,9,9,1
2014450014151,1,21,1,12,0,0,0,0,0,0,1,2,1,1,22,5,-1,-1,-1,-1,-1
2014450014151,2,9,0,18,0,0,1,0,0,0,4,1,2,2,41,7,973,1,14,9,1
2014450014153,1,9,0,18,0,8,0,0,0,0,1,1,1,1,34,6,-1,-1,-1,8,1
2014450014153,2,9,0,18,0,8,0,0,0,0,2,1,6,1,55,8,-1,-1,-1,9,3
2014450014163,1,9,0,18,0,1,0,0,0,0,0,1,6,2,51,8,1997,2,11,8,2
2014450014163,2,9,0,5,0,6,0,0,0,0,0,1,6,2,-1,-1,3200,2,13,-1,-1
2014450014165,1,1,0,7,0,4,5,0,0,0,4,1,1,1,51,8,-1,-1,-1,8,1
2014450014165,2,9,0,7,0,4,0,0,0,0,3,1,6,2,34,6,1997,1,4,8,1
2014450014166,1,9,0,12,0,1,0,0,0,0,3,1,6,1,41,7,1560,2,4,10,1
2014450014166,2,5,0,18,0,1,2,0,0,0,1,1,2,1,34,6,892,1,16,9,1
2014450014167,1,9,0,2,0,1,0,0,0,0,2,1,6,1,45,7,1910,2,7,8,1
2014450014167,2,9,0,18,0,1,0,0,0,0,1,1,6,1,-1,-1,2148,2,12,-1,-1
2014450014171,1,9,0,5,0,8,0,0,0,0,1,1,6,2,58,9,1968,2,9,10,3
2014450014171,2,1,0,18,0,8,5,0,0,0,4,1,6,1,31,6,-1,-1,-1,8,3
2014450014173,1,9,0,9,0,6,0,0,0,0,1,1,2,1,26,6,1796,1,10,6,1
2014450014173,2,9,0,18,0,8,1,0,1,2,4,1,2,1,62,9,1997,1,5,10,1
2014450014174,1,9,0,18,0,0,0,4,0,0,1,1,6,1,18,4,1598,1,12,7,1
2014450014174,2,9,0,2,0,0,0,0,0,0,1,1,6,2,43,7,973,1,12,7,1
2014450014175,1,9,0,9,0,6,0,0,0,0,4,1,6,1,81,11,796,1,8,6,1
2014450014175,2,9,0,18,0,8,0,0,0,0,1,1,6,2,24,5,1199,1,13,3,1
2014450014176,1,1,0,9,0,4,0,0,0,0,1,1,2,1,26,6,-1,-1,-1,5,1
2014450014176,2,9,0,10,0,3,0,0,0,0,3,1,6,2,64,9,1998,1,15,8,1
2014450014179,1,1,0,18,0,0,0,0,0,0,1,1,6,1,82,11,-1,-1,-1,9,1
2014450014183,1,9,0,17,0,0,0,0,0,0,1,1,6,1,28,6,-1,-1,-1,4,1
2014450014186,1,1,0,5,0,0,0,0,0,0,2,1,6,2,72,10,-1,-1,-1,8,1
2014450014190,1,9,0,4,0,0,5,0,0,0,2,1,6,1,39,7,1560,2,4,4,1
2014450014190,2,19,0,18,0,0,0,0,0,0,1,1,1,1,25,5,2295,1,9,8,1
2014450014191,1,9,0,9,5,1,0,0,0,0,4,1,6,1,18,4,1360,1,6,9,1
2014450014191,2,1,0,18,5,1,0,0,0,0,1,1,4,1,13,3,-1,-1,-1,10,1
2014450014193,1,9,0,18,0,1,0,0,0,0,1,1,1,1,36,7,-1,-1,-1,8,1
2014450014195,1,9,0,18,0,0,0,0,1,4,1,1,6,1,61,9,1798,1,13,6,1
2014450014197,1,9,0,18,0,2,5,0,3,1,1,1,6,1,19,4,998,1,9,6,1
2014450014198,1,9,0,17,0,0,0,10,2,0,1,1,6,1,81,11,1399,2,2,10,1
2014450014198,2,9,0,16,0,0,0,0,0,0,1,1,2,2,45,7,-1,-1,-1,8,1
2014450014199,1,23,0,18,0,0,0,0,1,0,3,1,6,1,19,4,-1,-1,-1,4,1
2014450014202,1,9,0,5,0,0,0,0,0,0,1,1,6,1,-1,-1,-1,-1,-1,10,1
2014450014202,2,9,0,18,0,0,0,0,0,0,2,1,6,2,19,4,1796,1,15,10,1
2014450014204,1,19,0,18,0,0,0,0,0,0,1,1,1,1,27,6,2198,2,4,8,1
2014450014204,2,9,0,18,0,0,0,0,0,0,2,1,1,1,41,7,1896,2,11,5,1
2014450014204,3,9,0,18,0,0,0,0,0,0,1,1,1,1,25,5,1242,1,7,10,1
2014450014204,4,9,0,18,0,0,0,0,0,0,2,1,1,1,58,9,2184,2,8,6,1
2014450014205,1,9,0,2,0,0,0,0,0,0,3,1,6,2,50,8,1753,2,13,7,1
2014450014205,2,9,0,17,0,0,0,0,0,0,2,1,6,1,-1,-1,1124,1,13,5,1
2014450014206,1,9,0,16,0,0,0,0,7,4,1,1,6,1,17,4,1598,1,13,8,1
2014450014207,1,1,0,17,0,2,1,0,0,4,1,1,6,1,50,8,-1,-1,-1,8,3
2014450014208,1,9,0,17,0,1,0,0,0,0,0,1,6,3,-1,-1,-1,-1,-1,-1,-1
2014450014208,2,5,0,17,0,1,2,10,1,1,1,1,6,1,22,5,599,1,14,4,1
2014450014210,1,9,0,1,9,0,0,0,0,0,2,1,6,1,83,11,1086,1,4,9,1
2014450014212,1,1,0,17,0,0,5,0,0,0,0,1,6,2,37,7,-1,-1,-1,7,1
2014450014216,1,9,0,18,0,4,0,0,0,0,4,1,6,1,71,10,1598,2,3,9,2
2014450014218,1,9,0,18,0,0,0,0,0,0,1,1,6,3,-1,-1,1229,1,8,-1,-1
2014450014221,1,9,0,18,0,0,0,0,0,0,1,1,6,1,59,9,-1,-1,-1,3,1
2014450014221,2,9,0,18,0,0,0,0,1,0,3,1,6,2,26,6,1975,1,11,6,1
2014450014221,3,19,0,18,0,0,0,0,0,0,3,1,1,1,43,7,2143,2,2,6,1
2014450014221,4,9,0,18,0,0,0,0,0,0,3,1,2,2,54,8,1984,1,3,10,1
2014450014222,1,9,0,18,0,0,0,0,0,0,4,1,6,2,26,6,2179,2,6,-1,-1
2014450014224,1,9,0,18,0,0,0,0,0,0,2,1,6,2,83,11,1390,1,-1,10,1
2014450014224,2,9,0,18,0,0,0,0,0,0,1,1,2,2,26,6,1388,1,5,10,1
2014450014226,1,9,0,4,0,0,0,0,0,0,0,1,6,2,60,9,998,1,12,10,1
2014450014226,2,9,0,4,0,0,0,0,0,0,1,1,6,1,42,7,-1,-1,-1,4,1
2014450014226,3,9,0,4,0,0,0,0,0,0,2,1,6,2,48,8,2688,2,14,10,1
2014450014226,4,9,0,4,0,0,0,0,0,0,1,1,6,2,75,10,1596,1,7,10,1
2014450014229,1,9,0,18,0,8,0,0,0,0,1,1,6,1,30,6,2998,2,29,9,1
2014450014229,2,19,0,9,0,6,0,0,0,0,1,1,1,1,64,9,-1,-1,-1,8,1
2014450014230,1,9,0,18,0,0,0,0,0,0,2,1,6,2,18,4,1299,1,12,5,1
2014450014230,2,9,0,18,0,0,0,0,0,0,2,1,6,2,52,8,2987,2,9,8,1
2014450014230,3,19,0,18,0,0,0,0,0,0,1,1,6,1,46,8,2494,2,6,7,1
2014450014230,4,9,0,2,6,0,0,0,0,0,0,1,1,1,-1,-1,1560,2,2,7,1
2014450014231,1,9,0,18,0,1,0,0,0,0,1,1,2,2,51,8,1339,1,-1,10,1
2014450014231,2,9,0,18,0,1,0,0,0,0,4,1,6,2,35,6,1299,1,10,2,1
2014450014233,1,3,0,13,0,1,0,0,0,0,4,1,6,1,17,4,125,1,5,3,1
2014450014233,2,9,0,9,0,5,0,0,0,0,3,1,1,1,54,8,1596,1,12,3,1
2014450014234,1,19,0,9,0,6,0,0,0,0,3,1,1,1,50,8,2143,2,2,4,1
2014450014234,2,9,0,18,0,1,0,0,7,0,1,1,6,2,17,4,998,1,7,7,1
2014450014235,1,9,0,17,0,1,0,0,0,0,1,1,1,2,52,8,1597,1,15,10,1
2014450014236,1,9,0,18,0,0,2,0,7,0,1,1,6,1,30,6,1598,1,8,7,2
2014450014237,1,9,0,18,0,4,0,0,0,0,1,1,6,2,67,10,1398,1,8,8,1
2014450014237,2,19,0,10,0,4,0,0,0,0,2,1,1,1,39,7,1753,2,10,4,1
2014450014237,3,9,0,3,0,4,0,0,0,0,0,1,1,1,30,6,1560,2,1,7,1
2014450014238,1,9,0,9,0,5,0,0,0,0,4,1,6,1,17,4,1124,1,9,10,1
2014450014238,2,1,0,18,4,8,0,0,0,0,1,1,2,1,20,4,-1,-1,-1,7,1
2014450014239,1,9,0,17,0,0,2,0,1,11,1,1,1,1,28,6,973,1,13,5,1
2014450014240,1,19,0,18,0,0,0,0,1,4,4,1,6,1,-1,-1,2198,2,-1,2,1
2014450014241,1,9,0,18,0,0,0,0,0,0,4,1,6,3,-1,-1,-1,-1,-1,-1,-1
2014450014242,1,3,0,16,0,2,0,11,1,0,4,1,6,1,24,5,883,1,-1,8,3
2014450014244,1,9,0,18,0,1,2,0,0,0,1,1,6,1,26,6,2979,1,-1,10,1
2014450014245,1,9,0,10,0,1,0,0,0,0,3,1,6,2,31,6,2793,1,16,4,1
2014450014245,2,19,0,7,0,1,0,0,0,0,1,1,6,1,37,7,2198,2,7,8,1
2014450014250,1,19,0,18,0,0,0,0,0,0,1,1,6,1,26,6,2198,2,1,7,1
2014450014250,2,9,0,18,0,0,0,0,2,0,2,1,6,2,22,5,1994,2,12,6,3
2014450014253,1,9,0,5,0,1,0,0,0,0,3,1,1,1,38,7,1560,2,2,-1,-1
2014450014253,2,9,0,9,0,1,0,0,0,0,3,1,6,1,37,7,1299,1,17,3,1
2014450014256,1,9,0,18,0,0,1,0,1,11,1,1,6,1,19,4,1199,1,12,10,1
2014450014261,1,1,0,18,0,0,0,0,0,0,3,1,6,2,41,7,-1,-1,-1,9,1
2014450014261,2,9,0,13,0,0,0,0,0,0,4,1,6,1,94,11,1240,1,4,10,1
2014450014264,1,9,0,16,0,1,0,0,0,0,1,1,6,1,82,11,2720,2,8,8,3
2014450014264,2,9,0,2,0,1,0,0,0,0,2,1,6,2,17,4,1242,1,11,8,1
2014450014264,3,9,0,2,0,1,0,0,0,0,2,1,6,1,41,7,1896,2,13,10,1
2014450014264,4,9,0,2,0,1,0,0,0,0,2,1,6,2,41,7,998,1,7,6,1
2014450014264,5,9,0,2,0,1,0,0,0,0,2,1,6,1,57,9,-1,-1,-1,10,1
2014450014268,1,1,0,12,0,0,0,0,0,0,1,1,6,1,46,8,-1,-1,-1,-1,1
2014450014268,2,9,0,11,0,0,0,0,0,0,2,1,1,1,20,4,998,1,7,10,1
2014450014269,1,3,0,18,0,1,0,0,0,0,1,1,6,2,46,8,124,1,2,5,1
2014450014269,2,9,0,5,0,8,0,0,0,0,1,1,2,1,77,11,1397,1,11,5,1
2014450014272,1,9,0,1,0,0,0,0,1,11,2,1,6,2,56,9,2354,1,10,10,1
2014450014272,2,9,0,2,0,0,0,0,0,0,2,1,6,2,19,4,1149,1,6,10,3
2014450014272,3,9,0,2,0,0,0,0,0,0,1,1,6,2,53,8,1598,2,4,10,3
2014450014272,4,9,0,2,0,0,0,0,0,0,1,1,6,2,18,4,1229,1,2,10,1
2014450014281,1,9,0,18,0,8,0,0,0,0,1,1,1,1,53,8,-1,-1,-1,9,1
2014450014287,1,9,0,9,0,5,0,0,0,0,4,1,2,2,59,9,1797,8,1,7,1
2014450014287,2,9,0,18,0,1,0,0,0,0,1,1,6,1,58,9,2958,2,11,9,1
2014450014287,3,9,0,4,0,6,0,0,0,0,1,1,2,1,35,6,1968,2,3,10,1
2014450014290,1,9,0,18,0,8,0,0,0,0,3,1,6,3,22,5,1896,2,10,6,1
2014450014290,2,9,0,18,0,8,0,0,0,0,1,1,6,3,-1,-1,-1,-1,-1,-1,-1
2014450014299,1,1,0,18,0,1,0,0,0,0,1,1,6,1,44,7,-1,-1,-1,9,1
2014450014299,2,9,0,3,0,1,0,0,0,0,1,1,6,1,81,11,2000,1,5,10,1
2014450014300,1,9,0,6,0,1,0,0,0,0,3,1,2,1,23,5,1198,1,6,10,1
2014450014300,2,5,0,14,0,1,0,0,0,0,1,1,2,1,30,6,654,1,7,6,1
2014450014304,1,9,0,3,0,0,0,0,0,0,2,1,6,1,43,7,1299,1,11,6,1
2014450014304,2,9,0,3,0,0,0,0,0,0,1,1,6,1,29,6,2494,1,13,8,3
2014450014305,1,9,0,10,0,1,0,0,0,0,3,1,6,2,33,6,1299,1,8,4,2
2014450014305,2,5,0,7,0,2,0,0,0,0,4,1,6,2,26,6,599,1,1,5,1
2014450014311,1,9,0,18,0,0,1,0,4,6,4,1,6,2,19,4,1242,1,13,7,1
2014450014311,2,9,0,18,0,0,0,0,0,0,3,1,1,1,36,7,1968,2,5,6,1
2014450014312,1,9,0,18,0,3,0,0,0,0,1,1,6,1,44,7,2499,1,5,10,1
2014450014312,2,9,0,17,0,4,0,0,0,0,3,1,6,2,52,8,1598,2,1,10,1
2014450014313,1,9,0,5,0,8,0,0,7,0,0,1,6,2,27,6,1769,1,12,2,1
2014450014313,2,1,0,18,0,1,1,0,0,0,0,1,6,1,42,7,-1,-1,-1,8,1
2014450014314,1,1,0,18,9,8,0,0,0,0,2,1,6,1,12,3,-1,-1,-1,9,1
2014450014314,2,19,0,7,0,5,0,0,0,0,4,1,1,1,-1,-1,1248,2,5,9,1
2014450014316,1,9,0,9,0,8,0,0,0,0,4,1,2,1,26,6,1299,1,11,7,1
2014450014316,2,9,0,18,0,1,0,0,0,0,4,1,2,2,35,6,2198,2,7,5,2
2014450014318,1,9,0,1,9,0,0,0,0,0,2,1,1,1,31,6,998,1,11,6,1
2014450014318,2,9,0,2,0,0,0,0,0,0,3,1,1,1,47,8,1896,2,7,5,1
2014450014319,1,19,0,9,0,1,0,0,0,0,1,1,6,1,18,4,1753,2,8,5,3
2014450014319,2,9,0,18,0,1,0,0,0,0,1,1,6,1,51,8,1999,1,6,8,2
2014450014320,1,8,0,9,0,8,0,0,4,0,3,1,1,1,48,8,1968,2,6,4,1
2014450014320,2,9,0,18,0,8,0,0,0,0,1,1,2,1,31,6,4197,1,8,10,1
2014450014323,1,9,0,18,0,0,0,0,1,7,1,1,6,1,56,9,1997,1,-1,10,2
2014450014323,2,9,0,18,0,0,0,0,0,0,2,1,6,1,42,7,3311,8,5,10,1
2014450014328,1,9,0,18,0,4,0,0,0,0,1,1,6,2,47,8,1368,1,5,10,3
2014450014328,2,1,0,18,0,8,5,0,0,0,4,1,6,1,55,8,-1,-1,-1,10,3
2014450014331,1,9,0,18,0,0,0,0,0,0,1,1,1,2,27,6,1598,1,8,10,1
2014450014331,2,9,0,3,0,0,0,0,0,0,2,1,1,1,56,9,3498,1,1,8,1
2014450014333,1,9,0,18,0,0,0,0,0,0,3,1,6,1,21,5,1248,2,9,3,1
2014450014333,2,9,0,18,0,0,0,0,0,0,2,1,2,1,45,7,1997,2,11,8,1
2014450014333,3,9,0,12,0,0,0,0,0,0,0,1,6,3,-1,-1,-1,-1,-1,-1,-1
2014450014336,1,9,0,18,0,4,0,0,0,0,1,1,1,1,42,7,2499,1,7,5,1
2014450014336,2,9,0,18,0,4,5,10,0,0,4,1,6,1,48,8,2280,2,-1,6,1
2014450014337,1,9,0,18,0,1,1,0,0,0,1,1,6,2,29,6,1598,1,19,5,3
2014450014337,2,9,0,4,0,1,0,0,0,0,2,1,1,1,34,6,1598,2,3,8,1
2014450014338,1,9,0,9,0,6,0,0,0,0,1,1,6,2,30,6,1992,2,8,10,1
2014450014338,2,9,0,18,0,8,1,0,7,0,4,1,6,2,22,5,1364,1,7,7,1
2014450014339,1,9,0,18,0,2,0,0,0,0,1,1,6,1,63,9,-1,-1,-1,4,2
2014450014339,2,9,0,18,0,1,0,0,0,0,1,1,6,2,46,8,1360,1,9,6,1
2014450014340,1,9,0,18,0,0,0,0,0,0,1,1,6,1,18,4,1198,1,5,10,1
2014450014342,1,9,0,4,0,0,0,0,0,0,2,1,6,2,70,10,1339,1,10,9,3
2014450014342,2,9,0,18,0,0,0,0,0,0,1,1,6,1,87,11,1229,1,9,9,3
2014450014347,1,9,0,18,0,0,1,0,2,0,4,1,6,1,49,8,1596,1,12,10,1
2014450014351,1,9,0,18,0,0,0,0,0,0,1,1,6,2,42,7,1794,1,13,10,1
2014450014351,2,9,0,3,0,0,0,0,0,0,1,1,6,1,62,9,2967,2,1,9,1
2014450014352,1,19,0,1,2,1,0,0,0,0,2,1,1,1,46,8,2143,2,1,10,1
2014450014353,1,9,0,18,0,0,0,0,0,0,1,1,6,2,18,4,1124,1,10,6,1
2014450014353,2,9,0,4,0,0,0,0,0,0,2,1,2,1,20,4,998,1,10,10,1
2014450014353,3,9,0,4,0,0,0,0,0,0,2,1,6,2,44,7,2000,1,4,10,1
2014450014356,1,9,0,18,0,8,0,0,1,4,1,1,1,1,44,7,2199,2,4,5,1
2014450014356,2,9,0,9,0,5,0,0,7,4,4,1,6,1,41,7,1968,2,5,8,3
2014450014360,1,9,0,16,0,0,1,0,5,6,1,1,6,1,54,8,1796,1,6,3,1
2014450014362,1,9,0,18,0,0,0,0,0,0,1,1,6,1,30,6,998,1,16,3,1
2014450014363,1,9,0,4,0,0,1,0,0,0,1,1,6,1,28,6,1242,1,6,6,2
2014450014363,2,9,0,4,0,0,0,0,0,0,2,1,6,1,21,5,1598,1,6,8,1
2014450014363,3,19,0,4,0,0,0,0,0,0,2,1,2,1,36,7,1461,2,2,6,1
2014450014363,4,9,0,4,0,0,0,0,0,0,2,1,6,1,50,8,1596,1,5,4,1
2014450014363,5,9,0,4,0,0,0,0,0,0,2,1,6,2,43,7,1598,1,7,7,1
2014450014363,6,9,0,4,0,0,0,0,0,0,0,1,6,1,-1,-1,1968,2,2,8,1
2014450014369,1,9,0,18,0,1,0,0,0,0,3,1,2,1,20,4,1197,1,3,10,1
2014450014369,2,19,0,4,0,2,0,0,0,0,3,1,6,1,42,7,1996,2,4,10,1
2014450014370,1,9,0,1,0,0,0,0,0,0,2,1,6,3,-1,-1,-1,-1,-1,-1,-1
2014450014372,1,9,0,18,0,1,1,0,0,0,1,1,2,1,33,6,3222,2,14,10,1
2014450014372,2,9,0,3,0,1,0,0,0,0,2,1,2,1,58,9,1596,1,8,10,1
2014450014372,3,9,0,10,0,1,0,0,0,0,2,1,2,2,56,9,996,1,4,7,1
2014450014373,1,5,0,18,0,1,5,0,0,0,3,1,6,1,23,5,600,1,2,7,1
2014450014373,2,9,0,7,0,6,0,0,0,0,1,1,6,2,36,7,1397,1,7,10,1
2014450014376,1,9,0,9,0,5,0,0,0,0,1,1,6,1,73,10,2685,2,12,10,1
2014450014376,2,9,0,18,0,1,0,0,0,0,1,1,6,1,33,6,2967,1,10,10,1
2014450014377,1,9,0,18,0,0,1,0,0,0,1,1,6,1,57,9,1296,1,7,9,1
2014450014377,2,19,0,18,0,0,0,0,0,0,2,1,6,1,18,4,2477,2,1,8,1
2014450014378,1,9,0,18,0,0,0,0,0,0,4,1,1,2,19,4,1299,1,11,4,1
2014450014378,2,9,0,18,0,0,0,0,0,0,3,1,6,1,65,9,2183,2,3,7,1
2014450014378,3,9,0,11,0,0,0,0,0,0,4,1,6,3,-1,-1,-1,-1,-1,-1,-1
2014450014379,1,9,0,16,0,0,0,0,0,0,1,1,6,1,47,8,1600,1,3,10,1
2014450014379,2,9,0,17,0,0,0,0,0,0,3,1,1,1,44,7,-1,-1,-1,6,1
2014450014381,1,9,0,2,0,0,0,0,0,0,3,1,6,1,23,5,1796,1,12,3,1
2014450014381,2,1,0,18,0,0,5,0,0,0,4,1,1,1,31,6,-1,-1,-1,6,1
2014450014384,1,9,0,4,0,0,0,0,0,0,2,1,1,1,41,7,1910,2,5,-1,1
2014450014384,2,21,1,18,0,0,1,0,0,0,1,1,1,1,53,8,11946,2,8,7,1
2014450014386,1,1,0,18,9,8,0,0,0,0,1,1,6,1,14,3,-1,-1,-1,6,1
2014450014386,2,9,0,7,0,8,0,0,0,0,4,1,6,1,44,7,-1,-1,-1,7,1