Accident_Index,Vehicle_Reference,Vehicle_Type,Towing_and_Articulation,Vehicle_Manoeuvre,Vehicle_Location-Restricted_Lane,Junction_Location,Skidding_and_Overturning,Hit_Object_in_Carriageway,Vehicle_Leaving_Carriageway,Hit_Object_off_Carriageway,1st_Point_of_Impact,Was_Vehicle_Left_Hand_Drive?,Journey_Purpose_of_Driver,Sex_of_Driver,Age_of_Driver,Age_Band_of_Driver,Engine_Capacity_(CC),Propulsion_Code,Age_of_Vehicle,Driver_IMD_Decile,Driver_Home_Area_Type
2014450014391,1,9,0,9,9,0,5,0,1,4,3,1,6,1,24,5,1596,1,10,10,1
2014450014393,1,9,0,5,0,0,0,0,0,0,3,1,6,2,55,8,1596,1,4,9,1
2014450014393,2,2,0,18,0,0,0,0,0,0,1,1,2,1,43,7,-1,-1,-1,10,1
2014450014395,1,9,0,9,0,1,0,7,0,0,1,1,6,2,48,8,1998,1,9,10,1
2014450014395,2,9,0,18,0,1,0,0,0,0,4,1,6,1,37,7,1799,1,6,4,1
2014450014396,1,9,0,10,0,1,0,0,0,0,2,1,6,1,62,9,2295,1,10,6,3
2014450014396,2,3,0,18,0,1,0,0,0,0,1,1,6,1,22,5,-1,-1,-1,3,1
2014450014399,1,9,0,18,0,0,0,0,0,0,1,1,6,2,47,8,996,1,4,6,1
2014450014399,2,9,0,18,0,0,0,0,1,0,0,1,6,3,-1,-1,-1,-1,-1,-1,-1
2014450014399,3,9,0,18,0,0,0,0,7,0,0,1,6,3,-1,-1,1242,1,1,-1,-1
2014450014406,1,9,0,10,0,1,0,0,0,0,2,1,6,1,22,5,1364,1,7,10,1
2014450014406,2,9,0,18,0,1,1,0,0,0,1,1,6,1,-1,-1,1796,1,14,8,2
2014450014411,1,9,0,18,0,0,0,0,0,0,2,1,1,1,24,5,1299,1,13,8,1
2014450014411,2,9,0,18,0,0,0,0,0,0,1,1,6,3,-1,-1,1968,2,3,-1,-1
2014450014412,1,9,0,9,0,1,0,0,0,0,3,1,2,1,50,8,1781,1,8,8,1
2014450014412,2,1,0,18,0,1,0,0,0,0,1,1,6,1,29,6,-1,-1,-1,9,1
2014450014413,1,3,0,16,0,1,0,0,0,0,1,1,2,1,47,8,124,1,9,9,1
2014450014420,1,3,0,3,0,1,0,0,0,0,2,1,6,1,70,10,645,1,4,10,1
2014450014420,2,9,0,18,0,8,0,0,0,0,0,1,1,1,48,8,-1,-1,-1,-1,-1
2014450014420,3,9,0,3,0,1,0,0,0,0,1,1,1,1,29,6,1339,8,6,4,1
2014450014433,1,9,0,4,0,0,0,0,0,0,1,1,2,1,44,7,1390,1,8,10,1
2014450014433,2,19,0,4,0,0,0,0,0,0,2,1,1,1,51,8,2402,2,11,10,3
2014450014437,1,9,0,3,0,0,0,0,0,0,2,1,6,2,76,11,1595,1,1,10,1
2014450014437,2,9,0,18,0,0,0,0,0,0,1,1,6,2,34,6,2438,1,19,6,1
2014450014437,3,9,0,2,6,0,0,0,0,0,0,1,6,1,33,6,1560,2,2,-1,-1
2014450014437,4,9,0,2,6,0,0,0,0,0,0,1,6,1,32,6,1560,2,2,-1,-1
2014450014439,1,9,0,18,0,0,0,0,0,0,3,1,6,2,47,8,2283,2,19,4,1
2014450014439,2,19,0,18,0,0,0,0,0,0,3,1,6,3,-1,-1,-1,-1,-1,-1,-1
2014450014440,1,9,0,18,0,1,0,0,0,0,1,1,6,1,22,5,1686,2,3,4,1
2014450014440,2,9,0,9,0,6,0,0,0,0,3,1,6,1,43,7,1598,2,4,8,3
2014450014441,1,9,0,9,0,0,0,0,0,0,4,1,6,1,53,8,998,1,4,7,3
2014450014441,2,5,0,16,0,0,1,0,0,0,1,1,6,1,54,8,955,1,12,10,1
2014450014447,1,9,0,18,0,0,0,0,0,0,1,1,6,2,19,4,1240,1,11,5,1
2014450014447,2,9,0,3,0,0,0,0,0,0,2,1,6,1,20,4,-1,-1,-1,7,3
2014450014447,3,9,0,1,0,0,0,0,0,0,2,1,6,1,62,9,2401,2,12,7,1
2014450014448,1,1,0,18,0,0,0,0,0,0,1,1,6,1,39,7,-1,-1,-1,-1,-1
2014450014448,2,9,5,18,0,0,0,0,0,0,0,1,6,3,-1,-1,-1,-1,-1,-1,-1
2014450014452,1,9,0,18,0,0,2,0,8,0,1,1,6,1,32,6,1800,1,15,10,1
2014450014456,1,2,0,18,0,1,0,0,1,0,3,1,6,1,16,4,49,1,14,4,1
2014450014456,2,9,0,9,0,5,0,0,0,0,1,1,6,1,61,9,1988,1,16,4,1
2014450014459,1,11,0,18,9,0,0,0,1,0,4,1,6,2,48,8,3900,2,10,6,1
2014450014464,1,9,0,3,0,1,0,0,0,0,4,1,6,1,33,6,-1,-1,-1,10,1
2014450014464,2,1,0,15,0,1,0,0,0,0,1,1,6,1,36,7,-1,-1,-1,10,1
2014450014467,1,9,0,17,0,0,0,0,0,0,1,1,6,1,31,6,999,1,5,8,1
2014450014467,2,9,0,16,0,0,1,0,0,0,1,1,6,1,30,6,1984,1,13,8,1
2014450014468,1,9,0,5,0,0,0,0,0,0,3,1,6,2,44,7,1997,2,2,8,1
2014450014468,2,9,0,18,0,0,0,0,0,0,4,1,6,1,43,7,2498,1,-1,10,1
2014450014471,1,9,0,18,0,0,0,10,0,0,4,1,6,1,32,6,1560,2,1,5,1
2014450014471,2,20,0,18,0,0,0,0,0,0,0,1,6,3,-1,-1,-1,-1,-1,-1,-1
2014450014472,1,9,0,3,0,2,0,0,0,0,0,1,6,1,54,8,973,1,13,9,1
2014450014472,2,9,0,3,0,1,0,0,0,0,0,1,6,1,17,4,998,1,5,9,1
2014450014475,1,9,0,18,0,0,0,0,0,0,1,1,6,1,19,4,-1,-1,-1,-1,1
2014450014475,2,11,0,18,0,0,0,0,0,0,4,1,6,1,49,8,9360,2,2,1,1
2014450014480,1,2,0,5,0,8,0,0,0,0,1,1,6,1,18,4,49,1,3,10,2
2014450014480,2,9,0,9,0,8,0,0,0,0,2,1,6,2,36,7,1995,2,1,7,2
2014450014483,1,9,0,18,0,1,0,7,0,0,4,1,6,1,47,8,-1,-1,-1,6,1
2014450014483,2,9,0,18,0,1,0,7,0,0,1,1,6,2,40,7,2993,2,3,10,1
2014450014483,3,9,0,3,0,1,0,0,0,0,1,1,6,1,49,8,1896,2,11,10,1
2014450014484,1,9,0,18,0,0,0,0,0,0,1,1,6,1,58,9,2993,2,1,1,1
2014450014484,2,9,0,18,0,0,1,0,2,0,2,1,6,1,35,6,1598,1,12,2,1
2014450014486,1,19,0,9,0,8,0,0,0,0,3,1,1,1,24,5,1753,2,9,5,1
2014450014486,2,22,0,18,0,1,0,0,0,0,3,1,6,2,85,11,-1,-1,-1,2,1
2014450014490,1,9,0,3,0,0,0,0,0,0,2,1,6,1,40,7,1360,1,11,6,1
2014450014490,2,9,0,3,0,0,0,0,0,0,2,1,1,1,46,8,1997,2,1,3,1
2014450014490,3,9,0,18,0,0,0,0,0,0,1,1,2,1,60,9,1242,1,10,7,1
2014450014491,1,9,0,18,0,0,0,0,0,0,1,1,6,1,74,10,-1,-1,-1,10,3
2014450014491,2,9,0,13,0,0,0,0,0,0,0,1,6,3,-1,-1,-1,-1,-1,-1,-1
2014450014491,3,9,0,2,0,0,0,0,0,0,1,1,6,2,19,4,1149,1,10,8,3
2014450014491,4,9,0,2,0,0,0,0,0,0,1,1,6,2,19,4,1390,1,12,9,1
2014450014492,1,1,0,18,0,0,1,0,0,0,2,1,6,1,49,8,-1,-1,-1,9,1
2014450014495,1,19,0,3,0,0,0,0,0,0,1,1,6,1,34,6,1995,2,7,8,1
2014450014495,2,9,0,3,0,0,0,0,0,0,2,1,3,2,34,6,1796,1,13,5,1
2014450014495,3,9,0,18,0,0,0,0,0,0,2,1,6,1,19,4,1199,1,10,7,1
2014450014496,1,19,0,18,0,2,0,0,0,0,4,1,2,1,34,6,-1,-1,-1,8,3
2014450014496,2,1,0,18,0,2,5,0,0,0,3,1,2,1,40,7,-1,-1,-1,7,3
2014450014499,1,9,0,18,0,0,0,0,0,0,1,1,6,2,18,4,1341,1,10,9,2
2014450014499,2,9,0,18,0,0,0,0,0,0,2,1,6,2,48,8,1968,2,4,10,2
2014450014499,3,9,0,18,0,0,0,0,0,0,2,1,6,2,63,9,1398,1,14,10,1
2014450014499,4,9,0,18,0,0,0,0,0,0,2,1,6,1,58,9,1968,2,2,8,2
2014450014500,1,9,0,9,0,1,0,0,0,0,3,1,6,1,35,6,1396,1,16,4,1
2014450014500,2,1,0,18,0,8,0,0,0,0,1,1,6,1,32,6,-1,-1,-1,9,1
2014450014505,1,9,0,18,0,1,0,0,0,0,1,1,6,1,33,6,1896,2,9,4,1
2014450014505,2,9,0,3,0,1,0,0,0,0,2,1,3,2,36,7,1896,2,10,9,1
2014450014505,3,9,0,10,0,1,0,0,0,0,2,1,6,2,34,6,1590,1,10,4,1
2014450014506,1,9,0,17,0,0,1,0,0,0,4,1,6,1,17,4,973,1,11,9,1
2014450014508,1,9,0,9,0,1,0,7,0,0,1,1,6,2,62,9,2198,1,12,10,1
2014450014508,2,9,0,18,0,1,0,0,0,0,1,1,1,1,53,8,2179,2,2,10,1
2014450014508,3,9,0,3,0,1,0,0,0,0,1,1,6,1,67,10,1796,1,10,6,1
2014450014509,1,9,0,18,0,0,0,0,7,0,1,1,6,1,19,4,1797,8,5,5,1
2014450014512,1,9,0,18,0,0,0,7,0,0,1,1,6,1,26,6,1598,1,11,4,1
2014450014513,1,9,0,18,0,0,1,0,1,0,4,1,6,2,21,5,1124,1,10,7,1
2014450014513,2,9,0,18,0,0,2,0,5,0,3,1,1,1,34,6,-1,-1,-1,6,1
2014450014520,1,3,0,18,0,1,0,0,0,0,1,1,6,1,19,4,124,1,14,3,1
2014450014520,2,9,0,9,0,6,0,0,0,0,4,1,2,2,33,6,1985,1,11,3,1
2014450014523,1,9,0,3,0,1,0,0,0,0,2,1,6,1,26,6,1995,2,2,3,1
2014450014523,2,9,0,3,0,1,0,0,0,0,1,1,6,2,52,8,1493,2,7,8,1
2014450014524,1,21,1,11,0,0,0,0,0,0,4,1,1,1,56,9,12900,2,5,8,2
2014450014524,2,9,0,18,0,0,1,0,0,0,3,1,6,1,67,10,1560,2,2,9,1
2014450014524,3,9,0,18,0,0,0,0,0,0,1,1,6,1,70,10,2926,2,8,-1,3
2014450014524,4,9,0,18,0,0,0,0,0,0,1,1,6,1,52,8,1300,1,42,3,1
2014450014531,1,9,0,9,0,6,0,0,0,0,1,1,6,1,80,11,1598,1,14,10,1
2014450014531,2,9,0,18,0,1,0,0,0,0,1,1,2,1,20,4,1997,2,6,6,1
2014450014532,1,9,0,18,0,1,0,0,0,0,0,1,6,3,-1,-1,-1,-1,-1,-1,-1
2014450014532,2,1,0,7,0,1,0,0,0,0,0,1,2,1,63,9,-1,-1,-1,6,1
2014450014535,1,21,1,18,0,1,0,0,0,0,1,2,1,1,54,8,-1,-1,-1,-1,-1
2014450014535,2,9,0,18,0,1,0,0,0,0,2,1,2,2,41,7,1998,1,12,10,1
2014450014539,1,1,0,18,5,1,0,0,0,0,1,1,6,2,33,6,-1,-1,-1,10,1
2014450014539,2,9,0,18,0,1,0,0,0,0,4,1,6,3,-1,-1,-1,-1,-1,-1,-1
2014450014543,1,19,0,4,0,1,0,0,0,0,1,1,1,1,29,6,1870,2,10,10,1
2014450014543,2,9,0,3,0,1,0,0,0,0,2,1,6,2,34,6,1796,1,12,5,1
2014450014543,3,19,0,10,0,1,0,0,0,0,2,1,1,1,35,6,-1,-1,-1,8,1
2014450014544,1,9,0,7,0,1,0,0,0,0,2,1,6,2,57,9,1397,1,13,6,1
2014450014544,2,9,0,18,0,1,0,0,0,0,1,1,6,1,56,9,1781,1,11,6,1
2014450014545,1,21,1,11,0,0,0,0,0,0,4,1,1,1,56,9,12419,2,2,7,1
2014450014545,2,9,0,18,0,0,0,0,5,0,3,1,6,1,49,8,1896,2,12,1,1
2014450014548,1,9,0,9,0,6,0,0,0,0,1,1,6,1,69,10,-1,-1,-1,10,1
2014450014548,2,9,0,18,0,1,0,0,0,0,1,1,6,2,54,8,1560,2,1,10,1
2014450014550,1,9,0,17,0,0,2,0,7,0,4,1,6,1,23,5,1299,1,12,2,1
2014450014550,2,20,0,16,0,0,0,0,0,0,0,1,6,3,-1,-1,-1,-1,-1,-1,-1
2014450014554,1,9,0,2,0,0,0,0,0,0,1,1,6,2,29,6,1598,1,10,10,2
2014450014554,2,9,0,18,0,0,0,4,0,0,3,1,6,3,-1,-1,-1,-1,-1,-1,-1
2014450014556,1,21,1,12,0,0,0,0,0,0,3,1,1,1,52,8,10837,2,1,4,3
2014450014556,2,3,0,18,0,0,2,0,0,0,4,1,6,1,18,4,125,1,6,8,1
2014450014557,1,19,0,18,0,1,1,0,1,0,3,1,1,1,27,6,-1,-1,-1,6,1
2014450014557,2,9,0,10,0,1,1,0,0,0,4,1,6,1,40,7,1896,2,12,10,1
2014450014557,3,9,0,18,0,1,1,0,1,0,3,1,2,1,26,6,1248,2,8,3,1
2014450014558,1,1,0,9,0,1,0,0,0,0,4,1,6,1,19,4,-1,-1,-1,3,1
2014450014558,2,9,0,18,0,1,0,0,0,0,1,1,6,1,80,11,2204,2,7,10,1
2014450014562,1,9,0,18,0,0,0,0,0,0,1,1,6,1,19,4,2793,1,17,9,1
2014450014562,2,9,0,9,0,0,0,0,7,0,4,1,6,1,51,8,1999,1,7,9,1
2014450014564,1,9,0,9,0,1,0,0,0,0,4,1,3,2,42,7,1995,2,-1,7,1
2014450014564,2,3,0,18,0,1,1,0,0,0,1,1,6,1,45,7,125,1,2,8,1
2014450014565,1,9,0,11,0,0,1,0,0,0,4,1,2,1,51,8,1997,2,5,8,3
2014450014565,2,21,1,18,0,0,0,0,0,0,3,1,1,1,32,6,-1,-1,-1,-1,-1
2014450014565,3,21,0,18,0,0,0,0,0,0,4,1,1,1,55,8,10518,2,2,5,1
2014450014567,1,9,0,18,0,0,0,0,1,0,1,1,6,2,87,11,1360,1,11,10,1
2014450014567,2,9,0,4,0,0,0,0,0,0,2,1,6,2,48,8,4999,1,5,10,1
2014450014567,3,9,0,2,0,0,0,0,0,0,2,1,6,2,54,8,1229,1,8,6,1
2014450014567,4,9,0,2,0,0,0,0,0,0,2,1,6,2,45,7,1598,1,10,8,1
2014450014567,5,9,0,2,0,0,0,0,0,0,2,1,6,1,34,6,1242,1,1,9,1
2014450014567,6,9,0,2,0,0,0,0,0,0,2,1,6,2,30,6,1596,1,3,9,1
2014450014567,7,9,0,2,0,0,0,0,0,0,2,1,6,1,48,8,2985,2,7,10,1
2014450014567,8,9,0,2,0,0,0,0,0,0,1,1,6,1,-1,-1,998,1,2,9,1
2014450014568,1,9,0,7,0,4,0,0,0,0,3,1,1,1,58,9,-1,-1,-1,7,1
2014450014568,2,1,0,18,0,8,5,0,0,0,3,1,2,2,59,9,-1,-1,-1,9,1
2014450014569,1,9,0,10,0,1,0,0,0,0,2,1,6,2,37,7,1598,1,17,7,1
2014450014569,2,9,0,3,0,1,0,0,0,0,2,1,6,2,47,8,998,1,1,4,1
2014450014569,3,9,0,18,0,1,0,0,0,0,1,1,6,1,20,4,-1,-1,-1,5,1
2014450014570,1,9,0,18,0,8,5,4,0,0,4,1,6,1,39,7,1997,2,13,9,1
2014450014570,2,9,0,2,0,8,0,0,0,0,3,1,6,1,36,7,2084,1,12,9,1
2014450014571,1,9,0,7,0,1,0,0,0,0,4,1,3,2,41,7,1388,1,6,9,1
2014450014573,1,9,0,11,0,1,0,0,0,0,4,1,6,1,40,7,1753,2,14,9,1
2014450014573,2,9,0,18,0,1,0,0,0,0,3,1,6,2,39,7,1149,1,11,7,1
2014450014575,1,9,0,5,0,1,0,0,0,0,1,1,6,1,26,6,1364,1,8,9,1
2014450014575,2,1,0,18,0,8,0,0,0,0,1,1,6,1,50,8,-1,-1,-1,7,3
2014450014576,1,9,0,9,0,6,0,0,0,0,3,1,2,2,41,7,1390,1,9,10,1
2014450014576,2,1,0,18,0,1,0,0,0,0,1,1,6,2,31,6,-1,-1,-1,6,1
2014450014577,1,9,0,18,0,0,0,0,0,0,4,1,6,1,45,7,1598,2,3,4,1
2014450014577,2,5,0,18,0,0,0,0,0,0,3,1,6,1,37,7,656,1,6,8,1
2014450014578,1,9,0,10,0,5,0,0,0,0,2,1,6,2,41,7,1896,2,5,6,1
2014450014578,2,5,0,18,0,1,1,0,0,0,1,1,6,1,36,7,600,1,15,5,1
2014450014580,1,9,0,18,0,0,0,0,0,0,4,1,6,1,60,9,1896,2,12,9,1
2014450014580,2,9,0,18,0,0,0,0,0,0,3,1,6,1,24,5,-1,-1,-1,9,1
2014450014580,3,9,0,18,0,0,0,0,0,0,1,1,6,1,34,6,-1,-1,-1,4,1
2014450014583,1,9,0,18,0,0,0,0,0,0,1,1,1,1,69,10,973,1,15,8,1
2014450014592,1,9,0,4,0,0,0,0,0,0,1,1,6,1,25,5,1796,1,10,9,2
2014450014592,2,9,0,4,0,0,0,0,0,0,2,1,6,1,29,6,998,1,10,10,1
2014450014592,3,9,0,18,0,0,0,0,0,0,2,1,6,1,30,6,1896,2,11,9,1
2014450014596,1,9,0,16,0,0,1,0,0,0,3,1,6,2,20,4,1598,1,11,8,1
2014450014596,2,9,0,17,0,0,0,0,0,0,1,1,6,2,75,10,2980,2,14,8,3
2014450014599,1,9,0,2,0,0,0,0,0,0,1,1,6,2,21,5,1349,1,3,10,1
2014450014599,2,9,0,1,0,0,0,0,0,0,2,1,6,2,59,9,1299,1,13,4,1
2014450014608,1,9,0,18,0,1,0,0,0,0,1,1,1,1,23,5,1242,1,11,5,1
2014450014608,2,9,0,18,0,1,0,0,0,0,1,1,6,2,52,8,2148,2,7,10,1
2014450014609,1,1,0,18,0,0,0,0,0,0,0,1,6,1,22,5,-1,-1,-1,5,1
2014450014610,1,9,0,16,0,0,0,0,0,0,1,1,6,1,28,6,-1,-1,-1,8,1
2014450014612,1,1,0,18,0,8,0,0,0,0,1,1,2,1,53,8,-1,-1,-1,7,1
2014450014612,2,9,0,9,0,6,0,0,0,0,1,1,6,2,33,6,2985,2,9,9,1
2014450014615,1,9,0,18,0,0,0,0,7,0,1,1,2,2,42,7,-1,-1,-1,9,3
2014450014615,2,9,5,18,0,0,0,0,1,0,1,1,6,1,30,6,1275,1,17,8,1
2014450014615,3,9,5,18,0,0,0,0,0,0,1,1,6,1,17,4,1043,1,28,9,3
2014450014616,1,9,0,18,0,1,0,0,0,0,1,1,6,1,28,6,1998,2,8,9,3
2014450014616,2,1,0,18,0,1,0,0,0,0,1,1,6,1,-1,-1,-1,-1,-1,-1,-1
2014450014617,1,3,0,16,0,8,2,0,0,0,3,1,6,2,21,5,124,1,4,2,1
2014450014618,1,3,0,18,0,8,5,0,0,0,1,1,2,1,27,6,102,1,-1,3,1
2014450014618,2,9,0,5,0,6,0,0,0,0,3,1,1,1,50,8,1796,1,12,7,1
2014450014620,1,9,0,4,0,1,0,0,0,0,2,1,6,2,23,5,1598,1,5,6,1
2014450014620,2,9,0,4,0,1,0,0,0,0,1,1,6,2,17,4,1198,1,7,10,1
2014450014621,1,9,0,9,0,0,0,0,0,0,3,1,6,2,57,9,1197,1,-1,10,1
2014450014621,2,19,0,18,0,0,0,0,0,0,1,1,1,1,59,9,1753,2,1,6,2
2014450014627,1,9,0,18,0,1,0,0,0,0,1,1,1,1,30,6,1995,2,2,10,1
2014450014627,2,9,0,18,0,6,0,0,7,0,4,1,3,2,40,7,999,1,6,5,1
2014450014629,1,9,0,18,0,1,0,0,0,0,2,1,6,2,52,8,1896,2,12,7,1
2014450014629,2,9,0,18,0,1,1,0,0,0,1,1,6,3,-1,-1,1598,1,12,10,1
2014450014630,1,9,0,9,0,6,0,0,0,0,1,1,6,2,70,10,1199,1,13,10,1
2014450014630,2,9,0,18,0,1,0,0,1,0,3,1,6,2,46,8,1360,1,10,10,1
2014450014632,1,9,0,4,0,0,0,0,0,0,2,1,6,2,48,8,3222,2,9,7,2
2014450014632,2,9,0,18,0,0,0,0,0,0,2,1,6,1,29,6,1197,1,4,5,1
2014450014632,3,9,0,18,0,0,0,0,0,0,1,1,6,1,67,10,2488,1,4,10,1
2014450014635,1,9,0,9,0,6,0,0,0,0,3,1,6,1,39,7,-1,-1,-1,10,1
2014450014635,2,1,0,18,0,1,5,0,0,0,1,1,6,2,39,7,-1,-1,-1,10,2
2014450014637,1,9,0,16,0,0,2,0,7,0,3,1,2,2,39,7,1198,1,11,9,1
2014450014645,1,9,0,18,0,1,0,0,0,0,3,1,6,2,19,4,1598,1,9,10,1
2014450014645,2,9,0,18,0,1,0,0,0,0,1,1,6,1,51,8,1968,2,4,10,3
2014450014649,1,9,0,18,0,0,1,0,0,0,1,1,6,1,69,10,1600,1,8,10,1
2014450014652,1,9,0,18,0,1,0,0,0,0,1,1,6,3,-1,-1,-1,-1,-1,-1,-1
2014450014656,1,9,0,17,0,2,1,0,0,0,3,1,6,1,23,5,1242,1,6,9,1
2014450014656,2,9,0,16,0,1,0,0,0,0,3,1,6,1,62,9,-1,-1,-1,10,1
2014450014660,1,9,0,16,0,0,0,0,0,0,3,1,2,1,47,8,1984,1,2,2,1
2014450014660,2,9,0,16,0,0,1,0,5,0,1,1,2,2,39,7,1598,1,8,5,1
2014450014662,1,9,0,18,0,8,0,0,0,0,1,1,6,1,80,11,1242,1,11,7,3
2014450014662,2,9,0,9,0,6,0,0,0,0,1,1,6,1,38,7,1560,2,9,4,1
2014450014664,1,9,0,9,0,6,0,10,0,0,1,1,6,1,27,6,2830,2,21,7,1
2014450014664,2,9,0,3,0,1,0,0,0,0,3,1,3,2,47,8,998,1,-1,8,1
2014450014664,3,9,0,4,0,1,0,0,0,0,1,1,3,1,55,8,1998,1,10,7,1
2014450014666,1,9,0,4,0,1,0,0,0,0,1,1,6,1,39,7,1997,2,4,7,1
2014450014666,2,9,0,18,0,1,0,0,0,0,2,1,6,2,18,4,1299,1,13,4,1
2014450014667,1,19,0,9,0,1,0,0,0,0,3,1,6,1,38,7,1870,2,10,10,1
2014450014667,2,9,0,18,0,1,0,0,0,0,1,1,6,1,44,7,1149,1,14,5,1
2014450014668,1,9,0,7,0,6,0,0,0,0,4,1,6,1,65,9,1598,1,4,10,1
2014450014668,2,4,0,18,0,1,5,0,0,0,1,1,6,1,69,10,175,1,35,8,1
2014450014669,1,9,0,9,0,1,0,0,0,0,4,1,6,1,64,9,1968,2,4,6,1
2014450014669,2,1,0,9,0,1,0,0,0,0,1,1,2,2,56,9,-1,-1,-1,7,1
2014450014671,1,9,0,17,0,0,0,0,0,0,1,1,6,2,53,8,1968,2,1,10,1
2014450014672,1,9,0,18,6,0,1,0,0,0,1,1,2,1,58,9,1896,2,6,10,1
2014450014672,2,9,0,18,6,0,0,0,0,0,2,1,2,2,48,8,1596,1,8,10,1
2014450014673,1,1,0,18,0,0,2,0,0,0,3,1,6,2,53,8,-1,-1,-1,10,1
2014450014673,2,9,0,13,0,0,0,0,0,0,4,1,6,1,36,7,1598,1,9,8,1
2014450014674,1,5,0,18,0,4,5,0,0,0,1,1,6,1,32,6,1050,1,7,9,2
2014450014674,2,9,0,17,0,3,0,0,0,0,3,1,6,2,35,6,1149,1,12,9,1
2014450014675,1,9,0,16,0,0,2,0,8,0,1,1,6,1,16,4,1360,1,8,9,1
2014450014676,1,9,0,18,0,0,0,0,0,0,4,1,6,2,67,10,1299,1,9,6,3
2014450014676,2,5,0,18,0,0,2,0,0,0,2,1,6,1,31,6,-1,-1,-1,7,1
2014450014677,1,9,0,18,0,0,2,0,1,0,1,1,6,1,44,7,1229,1,-1,2,1
2014450014678,1,9,0,16,0,0,0,0,0,0,1,1,6,2,68,10,1598,1,15,6,2
2014450014679,1,9,0,3,0,1,0,0,0,0,2,1,6,1,18,4,1149,1,11,8,1
2014450014679,2,9,0,18,0,1,0,0,0,0,1,1,6,1,19,4,1149,1,5,6,1
2014450014682,1,9,0,18,0,3,0,0,0,0,1,1,6,2,26,6,1368,1,3,8,1
2014450014682,2,9,0,3,0,3,0,0,0,0,2,1,2,2,43,7,1560,2,4,3,1
2014450014689,1,4,0,18,0,1,1,0,1,0,1,1,6,1,44,7,599,1,13,8,1
2014450014689,2,9,0,9,0,6,0,0,0,0,3,1,6,1,54,8,1596,1,8,7,1
2014450014689,3,9,0,10,0,1,0,0,0,0,1,1,6,2,42,7,1871,2,11,8,1
2014450014692,1,1,0,18,5,1,0,11,0,0,1,1,2,2,18,4,-1,-1,-1,10,1
2014450014694,1,9,0,4,0,0,0,0,0,0,2,1,6,1,30,6,1769,1,9,5,1
2014450014694,2,9,0,18,0,0,0,0,0,0,1,1,6,2,-1,-1,-1,-1,-1,-1,-1
2014450014698,1,3,0,16,0,0,0,0,7,0,1,1,6,1,17,4,124,1,6,10,1
2014450014700,1,9,0,2,0,0,0,0,0,0,3,1,6,1,18,4,1000,1,30,7,1
2014450014700,2,9,0,5,0,0,0,0,0,0,1,1,6,1,17,4,973,1,12,10,2
2014450014705,1,9,0,9,0,6,0,0,0,0,3,1,6,2,21,5,998,1,2,10,1
2014450014705,2,5,0,18,0,8,0,0,0,0,1,1,6,1,21,5,599,1,11,5,1
2014450014706,1,90,0,17,0,1,0,0,0,0,0,1,6,1,72,10,2148,2,5,9,1
2014450014709,1,9,0,6,0,0,0,0,0,0,1,1,1,1,50,8,2401,2,6,9,1
2014450014709,2,9,0,18,0,0,0,0,1,0,1,1,1,1,24,5,-1,-1,-1,9,1
2014450014711,1,9,0,18,0,6,0,0,0,0,1,1,6,1,70,10,1242,1,17,6,1
2014450014711,2,11,0,18,0,1,0,0,0,0,4,1,1,1,39,7,9000,2,6,5,1
2014450014714,1,9,0,9,0,6,0,0,0,0,3,1,6,2,25,5,1598,1,11,9,1
2014450014714,2,5,0,18,0,8,0,0,0,0,1,1,6,1,21,5,998,1,8,9,3
2014450014721,1,9,0,18,0,1,0,0,0,0,2,1,6,1,51,8,1997,2,6,6,1
2014450014721,2,9,0,18,0,1,0,0,0,0,1,1,1,1,58,9,-1,-1,-1,3,1
2014450014721,3,9,0,18,0,1,0,0,0,0,1,1,1,1,48,8,-1,-1,-1,6,1
2014450014723,1,9,0,9,0,2,0,0,0,0,4,1,6,1,18,4,1299,1,12,4,1
2014450014723,2,9,0,18,0,1,0,0,0,0,1,1,6,2,43,7,-1,-1,-1,7,1
2014450014724,1,9,0,18,0,1,0,0,0,0,4,1,6,1,73,10,1896,2,4,10,1
2014450014724,2,1,0,18,0,1,0,0,0,0,2,1,6,1,20,4,-1,-1,-1,6,1
2014450014726,1,9,0,18,0,4,0,0,0,0,2,1,6,2,37,7,1598,1,11,5,1
2014450014726,2,9,0,18,0,4,0,0,0,0,1,1,6,1,-1,-1,-1,-1,-1,7,1
2014450014726,3,9,0,18,0,4,0,0,0,0,2,1,6,3,-1,-1,-1,-1,-1,-1,-1
2014450014727,1,9,0,3,0,4,0,0,0,0,2,1,6,2,25,5,1390,1,6,5,3
2014450014727,2,20,0,3,0,4,0,0,0,0,1,1,1,1,63,9,5900,2,7,8,1
2014450014731,1,1,0,18,0,1,2,0,0,0,0,1,6,1,60,9,-1,-1,-1,9,3
2014450014731,2,9,0,13,0,1,0,0,0,0,0,1,6,3,-1,-1,-1,-1,-1,-1,-1
2014450014733,1,9,0,3,0,0,0,0,0,0,1,1,2,1,44,7,1598,2,2,5,1