Accident_Index,Vehicle_Reference,Vehicle_Type,Towing_and_Articulation,Vehicle_Manoeuvre,Vehicle_Location-Restricted_Lane,Junction_Location,Skidding_and_Overturning,Hit_Object_in_Carriageway,Vehicle_Leaving_Carriageway,Hit_Object_off_Carriageway,1st_Point_of_Impact,Was_Vehicle_Left_Hand_Drive?,Journey_Purpose_of_Driver,Sex_of_Driver,Age_of_Driver,Age_Band_of_Driver,Engine_Capacity_(CC),Propulsion_Code,Age_of_Vehicle,Driver_IMD_Decile,Driver_Home_Area_Type
2014450014733,2,9,0,3,0,0,0,0,0,0,2,1,2,2,26,6,1461,2,3,4,1
2014450014733,3,9,0,3,0,0,0,0,0,0,2,1,2,1,34,6,1596,1,12,2,1
2014450014733,4,9,0,4,0,0,0,0,0,0,1,1,6,1,38,7,1995,1,10,2,1
2014450014734,1,9,0,18,0,0,5,0,2,0,4,1,1,1,46,8,1348,1,12,2,1
2014450014734,2,9,0,18,0,0,0,0,0,0,0,1,6,3,-1,-1,-1,-1,-1,-1,-1
2014450014735,1,11,0,2,2,1,0,0,0,0,0,1,1,1,52,8,4500,2,3,9,1
2014450014736,1,9,0,18,0,0,0,0,0,0,4,1,6,3,-1,-1,-1,-1,-1,-1,-1
2014450014736,2,1,0,18,0,0,0,0,1,0,1,1,6,1,54,8,-1,-1,-1,10,3
2014450014738,1,9,0,1,0,6,0,0,0,0,2,1,6,2,20,4,1299,1,14,10,1
2014450014738,2,22,0,18,9,1,0,0,0,0,3,1,6,1,94,11,-1,-1,-1,10,1
2014450014739,1,3,0,18,0,8,5,0,0,0,4,1,2,1,19,4,124,1,11,10,1
2014450014739,2,9,0,18,0,4,0,0,0,0,1,1,2,1,21,5,1198,1,6,10,2
2014450014742,1,1,0,5,0,0,0,0,0,0,0,1,2,2,61,9,-1,-1,-1,5,1
2014450014745,1,1,0,4,9,1,0,0,0,0,0,1,6,1,68,10,-1,-1,-1,10,1
2014450014747,1,4,0,9,0,4,0,0,0,0,3,1,6,1,79,11,330,1,2,10,1
2014450014749,1,5,0,18,0,0,1,0,0,0,2,1,6,1,31,6,-1,-1,-1,7,1
2014450014749,2,5,0,18,0,0,0,0,0,0,1,1,6,1,31,6,1000,1,7,10,1
2014450014751,1,9,0,11,0,0,2,0,1,11,1,1,6,1,35,6,1360,1,6,6,1
2014450014752,1,1,0,18,0,1,0,0,0,0,0,1,6,1,44,7,-1,-1,-1,9,1
2014450014752,2,9,0,1,0,6,0,0,0,0,0,1,6,1,37,7,1598,2,1,4,1
2014450014756,1,2,0,17,0,2,0,0,1,9,3,1,6,1,16,4,49,1,10,8,1
2014450014761,1,9,0,18,0,0,1,0,2,7,1,1,1,1,39,7,1686,2,1,5,1
2014450014761,2,19,0,18,0,0,0,0,0,0,2,1,1,1,24,5,1896,2,10,10,1
2014450014762,1,5,0,18,0,0,0,0,0,0,3,1,6,1,40,7,742,1,22,10,1
2014450014762,2,9,0,6,0,0,0,0,0,0,1,1,6,2,54,8,1390,1,5,9,1
2014450014769,1,9,0,18,0,0,1,0,0,0,1,1,6,2,17,4,1149,1,8,10,1
2014450014770,1,1,0,7,0,6,0,10,0,0,0,1,6,1,13,3,-1,-1,-1,10,1
2014450014770,2,9,0,9,0,5,0,0,0,0,0,1,6,3,-1,-1,-1,-1,-1,-1,-1
2014450014774,1,9,0,18,0,0,0,0,0,0,4,1,6,3,-1,-1,-1,-1,-1,-1,-1
2014450014777,1,9,0,5,0,6,0,0,0,0,1,1,6,2,75,10,1339,1,8,8,1
2014450014780,1,5,0,18,0,0,1,0,0,0,0,1,2,1,28,6,600,1,9,4,1
2014450014782,1,9,0,10,0,1,0,0,0,0,1,1,6,2,69,10,1388,1,11,8,1
2014450014782,2,1,0,18,0,8,0,0,0,0,1,1,6,1,29,6,-1,-1,-1,6,1
2014450014785,1,1,0,17,0,0,0,0,0,0,1,1,6,1,31,6,-1,-1,-1,-1,1
2014450014786,1,1,0,18,0,8,0,0,0,0,1,1,6,1,5,1,-1,-1,-1,2,1
2014450014786,2,9,0,9,0,6,0,0,0,0,1,1,6,2,34,6,1299,1,10,4,1
2014450014791,1,1,0,18,0,0,0,0,0,0,0,1,6,1,51,8,-1,-1,-1,4,1
2014450014792,1,19,0,7,0,5,0,0,0,0,3,1,6,1,26,6,2477,2,14,4,1
2014450014792,2,9,0,18,0,1,0,0,1,0,1,1,6,1,51,8,3980,1,17,7,1
2014450014793,1,9,0,4,0,0,0,0,0,0,0,1,6,3,-1,-1,-1,-1,-1,-1,-1
2014450014794,1,1,0,13,0,1,0,0,0,0,3,1,6,1,25,5,-1,-1,-1,7,1
2014450014794,2,9,0,13,0,1,0,0,0,0,4,1,1,1,48,8,-1,-1,-1,9,1
2014450014795,1,1,0,18,0,0,0,10,1,0,4,1,6,1,22,5,-1,-1,-1,5,1
2014450014798,1,5,0,18,0,0,0,0,0,0,1,1,6,1,49,8,-1,-1,-1,3,1
2014450014798,2,9,0,4,0,0,0,0,0,0,2,1,6,1,29,6,1299,1,12,10,1
2014450014798,3,9,0,4,0,0,0,0,0,0,2,1,6,2,33,6,1686,2,12,5,1
2014450014799,1,9,0,9,0,8,0,0,0,0,1,1,6,2,48,8,2495,2,12,8,1
2014450014799,2,5,0,18,0,8,0,0,0,0,1,1,6,1,25,5,998,1,3,3,1
2014450014800,1,9,0,18,0,0,1,0,0,0,1,1,6,1,38,7,1596,1,13,8,1
2014450014800,2,9,0,18,0,0,0,0,0,0,2,1,6,2,54,8,2400,2,2,7,1
2014450014800,3,9,0,18,0,0,0,0,0,0,2,1,6,2,24,5,1388,1,11,7,3
2014450014800,4,9,0,18,0,0,0,0,1,0,2,1,6,1,40,7,3301,7,12,3,1
2014450014801,1,9,0,18,0,1,0,0,0,0,1,1,6,3,-1,-1,-1,-1,-1,-1,-1
2014450014802,1,9,0,3,0,1,0,0,0,0,2,1,6,3,-1,-1,-1,-1,-1,-1,-1
2014450014802,2,19,0,4,0,1,0,0,0,0,2,1,6,1,35,6,2402,2,9,6,2
2014450014802,3,9,0,4,0,1,0,0,0,0,1,1,6,1,35,6,2967,2,4,10,1
2014450014805,1,3,0,18,0,0,2,0,0,0,1,1,6,1,23,5,124,1,11,7,1
2014450014805,2,9,0,2,0,0,0,0,0,0,4,1,6,3,-1,-1,-1,-1,-1,-1,-1
2014450014806,1,9,0,3,0,1,0,0,0,0,1,1,2,2,35,6,1598,1,6,9,1
2014450014806,2,9,0,3,0,1,0,0,0,0,2,1,2,1,43,7,1895,1,13,1,1
2014450014807,1,3,0,4,0,4,1,0,0,0,0,1,2,1,51,8,123,1,1,2,1
2014450014807,2,9,0,18,0,8,0,0,0,0,0,1,6,3,30,6,-1,-1,-1,-1,-1
2014450014810,1,9,0,17,0,0,5,0,1,0,1,1,6,1,32,6,1975,1,11,4,1
2014450014813,1,1,0,18,0,0,0,0,0,0,0,1,6,1,37,7,-1,-1,-1,4,1
2014450014814,1,9,0,11,0,0,0,0,0,0,3,1,1,1,34,6,1598,2,2,6,1
2014450014814,2,9,0,18,0,0,0,0,4,0,4,1,6,1,24,5,-1,-1,-1,8,1
2014450014815,1,9,0,18,0,0,0,0,0,0,2,1,6,1,39,7,-1,-1,-1,5,1
2014450014815,2,9,0,18,0,0,0,0,0,0,1,1,6,3,-1,-1,-1,-1,-1,-1,-1
2014450014818,1,2,0,18,0,0,2,0,0,0,1,1,4,1,17,4,126,1,-1,10,1
2014450014818,2,9,0,18,0,0,0,0,0,0,1,1,6,2,43,7,2199,2,-1,9,1
2014450014818,3,19,0,18,0,0,0,0,0,0,1,1,6,1,60,9,2402,2,7,5,1
2014450014819,1,9,0,18,0,0,0,0,0,0,1,1,6,1,39,7,1997,2,7,7,1
2014450014820,1,9,0,1,0,0,0,0,0,0,0,1,6,1,38,7,875,1,-1,10,3
2014450014820,2,9,0,4,0,0,0,0,0,0,2,1,6,2,55,8,4367,2,-1,8,3
2014450014820,3,9,0,18,0,0,1,0,0,0,1,1,6,1,17,4,-1,-1,-1,10,3
2014450014822,1,9,0,18,0,0,0,0,0,0,1,1,6,2,23,5,1248,2,5,10,1
2014450014823,1,1,0,18,9,1,5,0,0,0,0,1,6,2,77,11,-1,-1,-1,8,1
2014450014823,2,19,0,9,0,1,0,0,0,0,0,1,1,1,41,7,2148,2,7,9,1
2014450014825,1,9,0,17,0,1,1,0,8,0,4,1,2,2,30,6,1490,1,7,8,1
2014450014826,1,3,0,13,0,8,2,7,7,0,1,1,6,2,18,4,125,1,6,6,1
2014450014826,2,9,0,18,0,8,0,0,0,0,0,1,6,1,24,5,1587,1,14,4,1
2014450014827,1,9,0,18,0,8,0,0,0,0,1,1,6,1,32,6,1360,1,13,7,2
2014450014829,1,5,0,16,0,8,2,0,0,0,1,1,6,1,28,6,599,1,14,4,1
2014450014829,2,9,0,18,0,8,0,0,0,0,1,1,6,1,23,5,-1,-1,-1,7,1
2014450014832,1,9,0,18,0,8,0,0,0,0,1,1,6,1,62,9,1242,1,7,9,1
2014450014833,1,9,0,9,0,8,0,0,0,0,1,1,1,1,50,8,2987,2,6,9,1
2014450014835,1,9,0,5,0,0,0,0,0,0,3,1,6,1,19,4,1250,1,15,5,1
2014450014835,2,1,0,18,0,0,0,0,0,0,3,1,4,1,9,2,-1,-1,-1,-1,-1
2014450014836,1,9,0,5,0,6,0,0,0,0,1,1,6,1,19,4,1199,1,14,6,1
2014450014836,2,1,0,18,0,1,0,0,0,0,2,1,1,1,28,6,-1,-1,-1,6,1
2014450014837,1,5,0,18,0,0,0,0,0,0,0,1,6,1,24,5,-1,-1,-1,5,1
2014450014843,1,9,0,4,0,0,0,0,0,0,1,1,6,1,36,7,1850,1,14,1,1
2014450014843,2,9,0,4,0,0,0,0,0,0,2,1,6,1,57,9,1560,2,4,6,2
2014450014846,1,9,0,16,0,0,0,0,7,0,1,1,6,1,81,11,1299,1,12,7,3
2014450014848,1,9,0,2,0,1,0,0,0,0,4,1,6,2,58,9,1910,2,8,10,1
2014450014848,2,19,0,1,0,6,0,0,0,0,0,1,6,1,24,5,2402,2,8,4,1
2014450014848,3,1,0,4,0,1,0,0,0,0,4,1,6,1,56,9,-1,-1,-1,2,1
2014450014850,1,9,0,10,0,6,0,0,0,0,1,1,6,1,34,6,1390,1,3,10,1
2014450014850,2,9,0,18,0,1,1,0,0,0,1,1,6,1,26,6,1598,1,14,7,1
2014450014852,1,9,0,18,0,1,0,0,0,0,1,1,6,1,53,8,1997,2,5,8,1
2014450014852,2,9,0,5,0,1,0,0,0,0,1,1,6,2,82,11,-1,-1,-1,10,1
2014450014853,1,9,0,18,0,0,0,0,0,0,2,1,6,1,30,6,1988,2,10,8,1
2014450014853,2,9,0,18,0,0,0,0,0,0,1,1,6,1,51,8,1956,2,5,8,3
2014450014854,1,9,0,3,0,2,0,0,1,0,3,1,6,2,70,10,1240,1,5,10,1
2014450014854,2,1,0,14,0,2,0,0,0,0,4,1,6,1,40,7,-1,-1,-1,9,1
2014450014855,1,9,0,18,0,0,0,0,0,0,1,1,2,1,20,4,-1,-1,-1,10,1
2014450014856,1,9,0,18,0,1,0,0,0,0,4,1,6,2,51,8,2143,2,1,10,3
2014450014858,1,1,0,9,0,6,0,0,0,0,4,1,6,2,14,3,-1,-1,-1,10,1
2014450014858,2,9,0,5,0,8,0,0,0,0,1,1,6,2,58,9,1590,1,10,10,1
2014450014861,1,19,0,18,0,1,0,0,0,0,2,1,1,1,64,9,-1,-1,-1,2,1
2014450014862,1,9,0,18,0,0,0,0,1,4,1,1,6,1,19,4,-1,-1,-1,10,1
2014450014864,1,9,0,17,0,2,1,0,1,0,1,1,6,2,28,6,1149,1,10,8,1
2014450014865,1,9,0,6,0,0,0,0,0,0,1,1,1,1,42,7,1910,2,6,4,1
2014450014865,2,3,0,18,0,0,0,0,0,0,1,1,6,1,19,4,124,1,-1,10,1
2014450014867,1,1,0,18,0,3,0,0,0,0,1,1,6,1,40,7,-1,-1,-1,7,1
2014450014868,1,9,0,16,0,0,0,0,0,0,2,1,6,2,48,8,2987,2,2,10,3
2014450014868,2,9,0,16,0,0,0,0,0,0,1,1,1,1,43,7,1229,1,4,10,3
2014450014873,1,9,0,7,0,8,0,0,0,0,1,1,6,2,44,7,1910,2,4,8,1
2014450014873,2,1,0,18,0,8,0,0,0,0,2,1,2,2,41,7,-1,-1,-1,6,1
2014450014875,1,9,0,18,0,1,0,0,0,0,3,1,6,2,53,8,1997,1,4,10,1
2014450014875,2,1,0,7,0,6,0,0,0,0,1,1,6,1,17,4,-1,-1,-1,-1,-1
2014450014876,1,9,0,2,0,2,0,0,0,0,3,1,6,2,47,8,1995,1,7,8,1
2014450014876,2,9,0,14,0,2,0,8,0,0,4,1,6,2,73,10,1798,1,12,5,3
2014450014877,1,9,0,18,0,0,0,0,0,0,1,1,6,1,-1,-1,-1,-1,-1,-1,-1
2014450014878,1,9,0,4,0,0,0,0,0,0,1,1,6,1,27,6,1390,1,1,10,2
2014450014878,2,9,0,4,0,0,0,0,0,0,2,1,6,1,47,8,1896,2,9,10,2
2014450014878,3,9,0,18,0,0,0,0,0,0,0,1,6,3,-1,-1,-1,-1,-1,-1,-1
2014450014879,1,9,0,4,0,1,0,0,0,0,1,1,1,1,32,6,-1,-1,-1,8,3
2014450014879,2,9,0,4,0,1,0,0,0,0,2,1,1,2,39,7,1360,1,15,9,1
2014450014881,1,9,0,3,0,0,0,0,0,0,1,1,6,2,20,4,1149,1,11,4,1
2014450014881,2,9,0,3,0,0,0,0,0,0,2,1,6,1,71,10,1198,1,8,9,1
2014450014882,1,9,0,18,0,1,0,10,1,0,1,1,6,1,64,9,1597,1,18,9,1
2014450014882,2,9,0,9,0,6,0,0,0,0,0,1,6,3,-1,-1,-1,-1,-1,-1,-1
2014450014883,1,9,0,5,0,1,0,0,0,0,1,1,6,1,48,8,3628,2,6,6,3
2014450014888,1,9,0,18,0,0,0,0,0,0,1,1,2,2,27,6,998,1,15,6,1
2014450014888,2,9,0,18,0,0,0,0,0,0,2,1,2,2,30,6,1364,1,5,5,1
2014450014891,1,9,0,9,0,1,0,0,0,0,1,1,6,1,59,9,4196,1,12,9,1
2014450014891,2,4,0,18,0,8,0,0,0,0,4,1,6,1,19,4,499,1,15,8,1
2014450014892,1,20,0,5,8,0,0,0,0,0,0,1,2,1,43,7,-1,-1,-1,3,3
2014450014892,2,9,0,4,0,0,0,0,0,0,2,1,2,1,25,5,1598,1,1,9,1
2014450014892,3,9,0,18,0,0,0,0,0,0,1,1,2,2,26,6,-1,-1,-1,9,1
2014450014893,1,9,0,18,0,0,0,0,0,0,1,1,6,2,31,6,1368,1,7,-1,1
2014450014893,2,9,0,18,0,0,0,0,0,0,2,1,6,1,22,5,1360,1,7,5,1
2014450014894,1,9,0,4,0,1,0,0,0,0,1,1,6,1,-1,-1,-1,-1,-1,-1,-1
2014450014894,2,9,0,3,0,1,0,0,0,0,2,1,6,1,28,6,1998,1,20,6,1
2014450014896,1,9,0,17,0,0,0,0,2,0,1,1,6,2,18,4,1149,1,10,8,3
2014450014897,1,3,0,4,0,0,0,0,0,0,3,1,2,2,22,5,124,1,5,9,1
2014450014898,1,9,0,5,0,4,0,0,0,0,1,1,2,1,26,6,1596,1,9,10,1
2014450014898,2,9,0,3,0,4,0,0,0,0,2,1,2,2,33,6,1229,1,2,4,1
2014450014899,1,9,0,9,0,4,0,0,0,0,1,1,6,1,81,11,3199,1,11,10,1
2014450014899,2,1,0,18,0,8,0,0,0,0,4,1,6,1,-1,-1,-1,-1,-1,5,1
2014450014901,1,19,0,1,0,0,0,0,0,0,0,1,6,1,18,4,2143,2,2,9,1
2014450014901,2,9,0,4,0,0,1,0,0,0,1,1,6,1,61,9,2800,2,19,8,1
2014450014901,3,9,0,4,0,0,0,0,0,0,2,1,6,2,28,6,1396,1,10,10,1
2014450014902,1,1,0,18,0,1,0,0,0,0,4,1,6,1,29,6,-1,-1,-1,3,1
2014450014902,2,9,0,5,0,4,0,0,0,0,1,1,6,3,-1,-1,-1,-1,-1,-1,-1
2014450014907,1,5,0,15,0,0,1,0,0,0,1,1,6,1,30,6,942,1,8,6,1
2014450014909,1,9,0,7,0,8,0,0,0,0,1,1,6,3,27,6,2494,1,14,-1,-1
2014450014909,2,1,0,18,0,8,0,0,0,0,4,1,6,2,47,8,-1,-1,-1,9,1
2014450014910,1,9,0,17,0,1,0,0,1,1,1,1,6,1,18,4,1390,1,16,6,3
2014450014918,1,9,0,10,0,1,0,0,0,0,2,1,6,2,27,6,1595,2,4,9,1
2014450014918,2,19,0,18,0,1,0,0,0,0,1,1,6,1,65,9,2198,2,1,8,1
2014450014920,1,9,0,9,0,0,0,0,0,0,0,1,6,2,34,6,1998,2,2,1,1
2014450014920,2,5,0,18,0,0,1,0,0,0,0,1,6,1,34,6,865,1,1,7,2
2014450014924,1,9,0,18,0,0,1,0,2,7,1,1,6,2,41,7,1493,2,8,5,1
2014450014924,2,9,0,18,0,0,0,0,0,0,3,1,6,1,39,7,1984,1,8,10,1
2014450014929,1,9,0,9,0,8,0,0,0,0,4,1,6,1,30,6,1997,2,4,9,1
2014450014929,2,9,0,5,0,8,0,0,0,0,1,1,6,2,30,6,1995,2,6,9,1
2014450014930,1,9,0,6,0,2,0,0,0,0,1,1,6,1,24,5,998,1,15,3,1
2014450014930,2,9,0,18,0,2,0,0,0,0,1,1,6,1,25,5,1560,2,8,6,1
2014450014931,1,9,0,6,0,0,0,0,0,0,3,1,1,1,53,8,1995,2,1,10,3
2014450014931,2,1,0,14,0,0,0,0,0,0,1,1,2,1,45,7,-1,-1,-1,10,1
2014450014932,1,9,0,4,0,1,1,0,0,0,1,1,6,2,30,6,973,1,14,9,3
2014450014932,2,9,0,3,0,1,0,0,0,0,2,1,6,1,52,8,1753,2,7,7,1
2014450014933,1,9,0,18,0,6,0,0,0,0,1,1,6,1,-1,-1,-1,-1,-1,-1,-1
2014450014933,2,1,0,10,0,1,0,0,0,0,1,1,1,2,61,9,-1,-1,-1,10,2
2014450014934,1,1,0,18,0,0,5,0,0,0,1,1,6,1,-1,-1,-1,-1,-1,5,1
2014450014935,1,19,0,13,0,0,0,0,0,0,3,1,6,1,-1,-1,-1,-1,-1,-1,-1
2014450014935,2,1,0,7,0,0,0,0,0,0,4,1,6,1,46,8,-1,-1,-1,2,1
2014450014937,1,9,0,16,0,0,0,0,0,0,1,1,6,2,52,8,1796,1,8,10,1
2014450014937,2,9,0,17,0,0,0,0,0,0,1,1,6,2,51,8,2143,2,-1,10,1
2014450014938,1,9,0,3,0,0,0,0,0,0,0,1,6,2,51,8,1390,1,3,9,1
2014450014938,2,8,0,4,0,0,1,0,0,0,1,1,6,1,31,6,1968,2,3,4,1
2014450014941,1,21,1,12,0,0,0,0,0,0,1,1,1,1,54,8,-1,-1,-1,-1,-1
2014450014941,2,9,0,18,0,0,0,0,0,0,4,1,1,1,70,10,1797,8,2,7,2
2014450014943,1,9,0,16,0,0,2,0,1,0,1,1,6,2,23,5,1229,1,8,8,3
2014450014944,1,5,0,18,0,1,5,0,0,0,1,1,6,2,42,7,652,1,12,10,2
2014450014944,2,9,0,5,0,4,0,0,0,0,0,1,2,1,24,5,1360,1,12,6,1
2014450014945,1,9,0,17,0,0,0,0,0,0,1,1,6,1,45,7,1390,1,10,7,1
2014450014946,1,9,0,17,0,0,1,0,2,0,1,1,6,2,38,7,2495,2,12,9,2
2014450014947,1,9,0,9,0,5,0,0,0,0,4,1,3,2,53,8,1560,2,3,10,1
2014450014947,2,1,0,18,0,1,0,0,0,0,1,1,2,1,42,7,-1,-1,-1,10,1
2014450014953,1,5,0,14,0,1,0,0,0,0,1,1,6,1,42,7,954,1,12,6,1
2014450014953,2,9,0,9,0,1,0,0,0,0,2,1,6,1,60,9,1999,1,4,10,1
2014450014955,1,9,0,18,0,2,0,0,0,0,1,1,6,1,26,6,1596,1,1,5,1
2014450014955,2,9,0,9,0,6,0,0,0,0,2,1,6,1,70,10,1461,2,8,-1,-1
2014450014955,3,9,0,18,0,1,0,0,0,0,3,1,6,1,50,8,1598,2,-1,10,1
2014450014957,1,9,0,9,0,3,0,0,0,0,2,1,6,2,55,8,1339,1,2,9,1
2014450014957,2,9,0,18,0,3,0,0,0,0,1,1,6,2,17,4,1199,1,12,8,1
2014450014959,1,9,0,18,0,1,5,0,1,0,1,1,2,1,43,7,-1,-1,-1,-1,2
2014450014959,2,11,0,18,0,1,0,0,0,0,4,1,1,1,53,8,4461,2,1,2,1
2014450014960,1,9,0,18,0,0,0,0,0,0,4,1,2,1,62,9,-1,-1,-1,8,1
2014450014960,2,9,0,18,0,0,1,0,0,0,3,1,2,2,28,6,1984,1,15,1,1
2014450014961,1,9,0,3,0,0,0,0,0,0,2,1,6,1,28,6,1968,2,1,10,1
2014450014961,2,9,0,3,0,0,0,0,0,0,2,1,6,1,45,7,1968,2,4,10,3
2014450014963,1,9,0,3,0,0,0,0,0,0,1,1,1,2,47,8,2290,1,10,4,1
2014450014963,2,9,0,3,0,0,0,0,0,0,2,1,1,2,47,8,1296,1,5,9,1
2014450014963,3,9,0,3,0,0,0,0,0,0,2,1,4,2,20,4,1598,1,5,4,1
2014450014964,1,9,0,17,0,0,0,0,1,0,1,1,6,1,57,9,2295,1,12,10,2
2014450014964,2,9,0,16,0,0,0,0,7,0,1,1,6,1,47,8,1951,2,11,10,1
2014450014966,1,9,0,9,0,8,0,0,0,0,1,1,6,1,18,4,1390,1,15,6,1
2014450014966,2,9,0,17,0,8,0,0,0,0,1,1,6,2,42,7,1999,1,8,9,1
2014450014969,1,20,0,18,0,1,0,0,0,0,0,1,6,1,55,8,6780,2,3,10,1
2014450014969,2,9,0,18,0,6,0,0,0,0,0,1,1,2,33,6,1995,2,2,7,3
2014450014970,1,9,0,17,0,1,1,0,2,0,2,1,2,2,24,5,1242,1,5,6,1
2014450014970,2,9,0,17,0,1,1,0,7,0,1,1,2,2,30,6,1339,1,8,2,1
2014450014971,1,9,0,1,0,0,0,0,0,0,2,1,6,3,-1,-1,3200,2,8,-1,-1
2014450014971,2,9,0,2,0,0,0,0,0,0,3,1,1,1,-1,-1,1997,2,-1,-1,-1
2014450014973,1,1,0,14,4,8,0,0,0,0,1,1,1,1,40,7,-1,-1,-1,7,1
2014450014973,2,9,0,7,0,8,0,0,0,0,4,1,6,1,19,4,-1,-1,-1,10,1
2014450014975,1,5,0,18,0,2,0,0,0,0,4,1,2,1,59,9,535,1,16,10,3
2014450014978,1,9,0,2,0,2,0,0,0,0,2,1,3,2,42,7,-1,-1,-1,10,1
2014450014980,1,9,0,18,0,0,1,0,7,4,4,1,1,1,28,6,1299,1,13,7,2
2014450014981,1,21,1,14,0,0,0,4,0,0,4,1,1,1,38,7,11705,2,6,10,2
2014450014981,2,1,0,18,0,0,5,0,0,0,3,1,6,1,74,10,-1,-1,-1,7,1
2014450014982,1,9,0,10,0,1,0,0,0,0,2,1,6,2,30,6,1896,2,10,10,1
2014450014982,2,9,0,18,0,1,0,0,0,0,1,1,6,3,-1,-1,-1,-1,-1,-1,-1
2014450014983,1,21,0,4,0,0,0,0,0,0,1,1,1,1,42,7,12902,2,-1,4,1
2014450014983,2,9,0,4,0,0,0,0,0,0,2,1,2,2,24,5,1391,1,14,8,3
2014450014985,1,9,0,9,0,8,0,0,0,0,1,1,6,1,30,6,1400,1,7,9,1
2014450014985,2,1,0,18,0,8,0,0,0,0,2,1,2,1,29,6,-1,-1,-1,5,1
2014450014986,1,2,0,5,0,4,0,0,0,0,2,1,2,1,16,4,49,1,5,8,1
2014450014986,2,9,0,5,0,4,0,0,0,0,1,1,6,1,-1,-1,-1,-1,-1,-1,-1
2014450014987,1,9,0,4,0,1,0,0,0,0,1,1,6,2,76,11,1498,1,8,10,1
2014450014987,2,9,0,4,0,1,0,0,0,0,2,1,6,1,43,7,1598,1,9,6,1
2014450014988,1,3,0,4,0,4,2,0,0,0,3,1,6,1,19,4,124,1,13,9,1
2014450014993,1,2,0,14,0,1,0,0,0,0,1,1,4,1,17,4,49,1,10,10,1
2014450014993,2,9,0,9,0,6,0,0,0,0,3,1,2,2,41,7,1598,1,11,7,1
2014450014994,1,9,0,18,0,0,2,0,0,0,1,1,1,1,58,9,-1,-1,-1,9,3
2014450014994,2,9,0,18,0,0,0,0,0,0,4,1,1,1,42,7,-1,-1,-1,10,1
2014450014994,3,9,0,18,0,0,0,0,0,0,3,1,1,2,48,8,1995,2,2,10,1
2014450014997,1,9,0,4,0,0,0,0,0,0,1,1,6,2,20,4,1598,1,11,8,1
2014450014997,2,9,0,4,0,0,0,0,0,0,2,1,1,2,50,8,1582,2,3,2,1
2014450014999,1,9,0,17,0,0,1,0,1,7,1,1,6,1,41,7,2170,2,11,10,3
2014450015002,1,9,0,5,0,1,0,0,0,0,1,1,6,1,90,11,1490,1,9,5,2
2014450015002,2,9,0,18,0,1,0,0,0,0,2,1,6,2,27,6,1753,2,7,5,2
2014450015003,1,9,0,3,0,8,0,0,0,0,2,1,6,2,66,10,1390,1,13,5,1
2014450015003,2,9,0,4,0,8,0,0,0,0,1,1,6,2,38,7,1999,1,8,10,1
2014450015004,1,21,1,12,0,0,0,0,0,0,1,1,1,1,36,7,-1,-1,-1,-1,-1
2014450015004,2,9,0,18,0,0,1,0,0,0,3,1,6,1,54,8,2521,1,5,9,2
2014450015005,1,9,0,12,0,0,0,0,0,0,1,1,6,1,-1,-1,-1,-1,-1,-1,-1
2014450015005,2,9,0,18,0,0,0,0,0,0,1,1,6,2,27,6,1461,2,4,9,1
2014450015007,1,9,0,4,0,0,0,0,0,0,1,1,1,1,70,10,-1,-1,-1,6,1
2014450015007,2,21,1,4,0,0,0,0,0,0,2,1,1,1,36,7,12740,2,-1,7,1
2014450015012,1,9,0,2,0,0,0,0,0,0,3,1,6,2,78,11,1390,1,13,10,1
2014450015014,1,9,0,9,0,8,0,0,0,0,3,1,1,1,40,7,2435,1,12,9,1
2014450015016,1,9,0,6,0,0,1,0,0,0,0,1,6,3,-1,-1,2993,2,-1,-1,-1
2014450015016,2,9,0,5,0,0,0,0,0,0,1,1,6,2,36,7,1995,1,14,6,3
2014450015016,3,9,0,5,0,0,0,0,0,0,2,1,6,1,73,10,1596,1,10,6,1
2014450015017,1,9,0,5,0,7,0,0,0,0,0,1,6,1,63,9,4806,1,3,10,3
2014450015017,2,1,0,18,0,8,5,0,0,0,4,1,6,1,61,9,-1,-1,-1,8,1
2014450015023,1,9,0,4,0,0,1,0,0,0,1,1,6,2,23,5,1794,1,13,2,1
2014450015023,2,9,0,4,0,0,1,0,0,0,2,1,6,2,29,6,1364,1,5,7,1
2014450015023,3,9,0,4,0,0,0,0,0,0,2,1,6,2,38,7,1984,1,2,3,1
2014450015025,1,9,0,18,0,1,0,0,0,0,1,1,6,1,43,7,1905,2,16,9,3
2014450015025,2,9,0,18,0,1,0,0,0,0,2,1,6,2,19,4,998,1,3,8,1
2014450015027,1,21,1,12,0,0,0,0,0,0,1,1,6,1,36,7,-1,-1,-1,-1,-1
2014450015027,2,9,0,18,0,0,1,0,2,7,1,1,6,1,36,7,1395,1,1,6,1
2014450015029,1,9,0,9,0,6,1,0,0,0,1,1,2,2,77,11,1389,1,17,9,1
2014450015029,2,9,0,18,0,8,0,0,0,0,3,1,6,1,25,5,1299,1,14,6,1
2014450015031,1,5,0,16,0,3,0,0,0,0,1,1,6,1,56,9,790,1,11,9,1