Accident_Index,Vehicle_Reference,Vehicle_Type,Towing_and_Articulation,Vehicle_Manoeuvre,Vehicle_Location-Restricted_Lane,Junction_Location,Skidding_and_Overturning,Hit_Object_in_Carriageway,Vehicle_Leaving_Carriageway,Hit_Object_off_Carriageway,1st_Point_of_Impact,Was_Vehicle_Left_Hand_Drive?,Journey_Purpose_of_Driver,Sex_of_Driver,Age_of_Driver,Age_Band_of_Driver,Engine_Capacity_(CC),Propulsion_Code,Age_of_Vehicle,Driver_IMD_Decile,Driver_Home_Area_Type
2014450015031,2,19,0,18,0,3,0,0,0,0,2,1,1,1,37,7,-1,-1,-1,9,1
2014450015033,1,3,0,13,0,0,1,0,0,0,1,1,4,1,20,4,599,1,14,10,3
2014450015033,2,9,0,4,0,0,0,0,0,0,1,1,6,2,53,8,998,1,12,10,1
2014450015034,1,9,0,18,0,0,1,10,0,0,4,1,6,1,24,5,1598,1,12,8,1
2014450015036,1,9,0,17,0,0,0,4,0,0,1,1,1,2,26,6,1995,1,9,10,1
2014450015036,2,9,0,2,0,0,0,0,0,0,2,1,6,2,21,5,1149,1,9,9,1
2014450015037,1,9,0,16,0,0,0,0,0,0,1,1,6,1,85,11,1991,2,5,10,1
2014450015038,1,9,0,18,0,0,0,0,0,0,1,1,6,1,62,9,2494,1,24,6,1
2014450015038,2,19,0,4,0,0,0,0,0,0,2,1,6,1,55,8,-1,-1,-1,8,1
2014450015039,1,9,0,16,0,0,0,0,0,0,1,1,1,1,45,7,2720,2,8,9,1
2014450015039,2,9,0,17,0,0,0,0,0,0,1,1,1,2,64,9,1242,1,3,10,3
2014450015041,1,19,0,18,0,0,0,0,0,0,1,1,1,1,69,10,-1,-1,-1,-1,-1
2014450015041,2,9,0,18,0,0,0,5,0,0,1,1,6,1,52,8,1360,1,14,6,1
2014450015044,1,9,0,7,0,1,0,0,0,0,1,1,6,1,60,9,1582,2,2,8,2
2014450015044,2,1,0,18,0,1,0,0,0,0,1,1,6,1,36,7,-1,-1,-1,6,1
2014450015045,1,9,0,16,0,0,0,0,0,0,3,1,2,1,28,6,2198,1,10,9,1
2014450015045,2,9,0,17,0,0,0,0,0,0,4,1,6,3,-1,-1,-1,-1,-1,-1,-1
2014450015046,1,9,0,18,0,0,0,0,2,0,1,1,6,1,24,5,1896,2,14,6,1
2014450015049,1,1,0,18,0,1,2,0,1,0,1,1,6,2,27,6,-1,-1,-1,4,1
2014450015050,1,9,0,18,0,0,0,0,0,0,0,1,6,3,-1,-1,-1,-1,-1,-1,-1
2014450015064,1,1,0,18,0,0,0,0,0,0,1,1,6,2,29,6,-1,-1,-1,8,1
2014450015064,2,9,0,18,0,0,0,0,0,0,1,1,6,1,62,9,-1,-1,-1,10,1
2014450015065,1,9,0,1,0,1,0,0,0,0,2,1,6,1,61,9,2362,1,8,9,3
2014450015066,1,9,0,4,0,0,0,0,0,0,1,1,1,1,60,9,1896,2,7,3,1
2014450015066,2,9,0,3,0,0,0,0,0,0,2,1,2,2,27,6,1390,1,13,10,1
2014450015066,3,9,0,3,0,0,0,0,0,0,2,1,6,1,59,9,1975,1,5,10,1
2014450015067,1,9,0,5,0,4,0,0,0,0,1,1,6,1,23,5,1781,1,13,10,1
2014450015067,2,1,0,18,0,8,0,0,0,0,1,1,6,1,35,6,-1,-1,-1,10,1
2014450015068,1,9,0,2,0,0,0,0,0,0,3,1,4,2,17,4,1796,1,12,10,1
2014450015068,2,9,0,18,0,0,0,0,0,0,1,1,6,1,-1,-1,2993,2,-1,7,3
2014450015072,1,9,0,18,0,8,0,0,0,0,1,1,6,2,66,10,1198,1,7,8,1
2014450015075,1,9,0,7,0,0,0,0,0,0,1,1,6,2,21,5,1339,1,8,10,1
2014450015075,2,11,0,3,0,0,0,0,0,0,0,1,1,1,50,8,-1,-1,-1,6,1
2014450015075,3,9,0,13,0,0,0,0,0,0,3,1,6,2,33,6,1995,2,7,8,1
2014450015079,1,5,0,5,0,8,2,0,0,0,0,1,6,1,37,7,749,1,6,8,1
2014450015081,1,9,0,4,0,8,0,0,0,0,2,1,6,1,63,9,1596,1,4,10,1
2014450015081,2,20,0,18,0,8,0,0,0,0,1,1,1,1,39,7,8970,2,8,6,1
2014450015083,1,9,0,7,0,6,0,0,1,0,3,1,6,2,76,11,1061,1,10,7,1
2014450015083,2,19,0,18,0,1,0,0,0,0,1,1,1,2,25,5,-1,-1,-1,10,2
2014450015084,1,1,0,18,0,0,0,0,0,0,0,1,6,1,37,7,-1,-1,-1,8,1
2014450015084,2,5,0,18,0,0,0,0,0,0,0,1,6,3,-1,-1,-1,-1,-1,-1,-1
2014450015088,1,9,0,12,0,1,0,0,7,0,3,1,6,2,80,11,1339,1,7,10,1
2014450015088,2,9,0,18,0,1,0,0,7,0,4,1,6,1,55,8,1998,1,8,10,1
2014450015090,1,1,0,18,5,0,5,0,0,0,1,1,6,1,56,9,-1,-1,-1,9,1
2014450015090,2,1,0,18,5,0,5,0,0,0,1,1,6,2,6,2,-1,-1,-1,9,1
2014450015091,1,5,0,16,0,0,0,10,0,0,1,1,6,1,29,6,125,1,10,3,1
2014450015094,1,5,0,17,0,0,1,0,0,0,3,1,6,1,25,5,675,1,5,9,3
2014450015096,1,90,0,18,0,0,0,0,0,0,4,1,1,1,30,6,2987,2,3,9,1
2014450015096,2,9,0,9,0,0,0,0,0,0,3,1,6,2,36,7,1299,1,8,9,3
2014450015100,1,9,0,9,0,8,0,0,0,0,1,1,6,1,70,10,1242,1,5,10,1
2014450015100,3,1,0,18,0,8,0,0,0,0,2,1,5,2,37,7,-1,-1,-1,4,1
2014450015103,1,9,0,18,0,8,0,0,0,0,4,1,6,1,-1,-1,2958,2,12,-1,-1
2014450015103,2,1,0,18,0,8,0,0,0,0,3,1,2,2,48,8,-1,-1,-1,4,1
2014450015107,1,5,0,18,0,0,0,0,0,0,1,1,6,1,24,5,-1,-1,-1,6,1
2014450015107,2,9,0,6,0,0,0,0,0,0,3,1,6,1,38,7,1800,1,15,10,1
2014450015108,1,9,0,4,0,0,0,0,0,0,2,1,6,1,54,8,3628,2,6,4,1
2014450015108,2,9,0,18,0,0,0,0,0,0,1,1,6,1,75,10,-1,-1,-1,10,1
2014450015108,3,9,0,18,0,0,0,0,0,0,3,1,6,2,44,7,1596,1,8,5,1
2014450015108,4,9,0,18,0,0,0,0,4,0,4,1,6,1,51,8,1398,1,16,6,1
2014450015110,1,1,0,18,9,1,0,0,0,0,2,1,2,1,22,5,-1,-1,-1,5,1
2014450015110,2,9,0,9,0,6,0,0,0,0,1,1,6,2,30,6,1598,1,14,5,1
2014450015115,1,9,0,18,0,0,0,0,0,0,3,1,6,3,-1,-1,-1,-1,-1,-1,-1
2014450015115,2,1,0,18,0,0,0,0,0,0,4,1,6,1,41,7,-1,-1,-1,9,1
2014450015118,1,9,0,18,0,1,0,0,0,0,1,1,2,1,35,6,1997,2,11,7,2
2014450015118,2,9,0,1,0,6,0,0,0,0,2,1,2,1,32,6,-1,-1,-1,6,1
2014450015119,1,9,0,18,0,1,1,0,5,0,1,1,6,1,21,5,1999,1,9,4,1
2014450015124,1,9,0,18,0,0,1,0,5,0,1,1,6,2,51,8,1598,1,-1,10,1
2014450015124,2,9,0,18,0,0,0,0,0,0,4,1,6,1,53,8,1896,2,6,9,1
2014450015125,1,9,0,3,0,0,0,0,0,0,2,1,1,2,37,7,-1,-1,-1,9,1
2014450015125,2,9,0,3,0,0,0,0,0,0,2,1,1,2,40,7,1896,2,12,10,2
2014450015125,3,9,0,4,0,0,0,0,0,0,1,1,3,1,59,9,1995,2,2,7,1
2014450015126,1,9,0,16,0,0,0,0,0,0,1,1,6,2,83,11,1296,1,8,10,2
2014450015126,2,11,0,17,0,0,0,0,0,0,1,1,1,1,61,9,4500,2,5,7,1
2014450015127,1,9,0,9,0,5,0,0,0,0,1,1,1,2,36,7,998,1,5,10,1
2014450015127,2,1,0,18,0,8,0,0,0,0,1,1,6,1,-1,-1,-1,-1,-1,-1,-1
2014450015128,1,9,0,16,0,1,1,6,4,0,1,1,6,1,41,7,1596,1,7,4,1
2014450015129,1,3,0,18,0,0,0,0,0,0,0,1,6,1,18,4,125,1,4,7,2
2014450015130,1,9,0,17,0,0,1,0,1,0,1,1,6,1,19,4,1242,1,8,10,1
2014450015136,1,1,0,18,5,0,0,0,0,0,0,1,6,1,30,6,-1,-1,-1,10,1
2014450015138,1,9,0,18,0,1,0,0,0,0,3,1,6,1,27,6,-1,-1,-1,9,3
2014450015149,1,9,0,3,0,1,0,0,0,0,2,1,2,1,35,6,-1,-1,-1,9,1
2014450015149,2,9,0,3,0,1,0,0,0,0,2,1,2,2,23,5,1390,1,1,10,1
2014450015149,3,9,0,4,0,1,1,0,0,0,1,1,6,2,23,5,1984,1,3,10,1
2014450015157,1,9,0,3,0,0,0,0,0,0,4,1,2,1,-1,-1,2792,1,27,6,1
2014450015157,2,1,0,15,0,0,0,0,0,0,3,1,2,1,47,8,-1,-1,-1,6,1
2014450015160,1,19,0,5,0,0,0,0,0,0,1,1,6,1,44,7,1995,2,7,10,1
2014450015160,2,9,0,18,0,0,1,0,0,0,1,1,1,2,20,4,1120,1,16,5,1
2014450015160,3,9,0,2,0,0,0,0,0,0,0,1,6,3,-1,-1,-1,-1,-1,-1,-1
2014450015161,1,9,0,9,0,3,0,0,0,0,3,1,6,2,43,7,1598,1,12,10,1
2014450015161,2,5,0,13,0,3,1,0,0,0,1,1,6,1,51,8,1050,1,7,8,1
2014450015163,1,1,0,18,0,0,0,0,0,0,1,1,1,1,26,6,-1,-1,-1,9,1
2014450015164,1,9,0,9,0,5,0,0,0,0,0,1,6,1,21,5,1242,1,16,10,1
2014450015164,2,1,0,18,0,1,0,0,0,0,0,1,6,1,38,7,-1,-1,-1,9,3
2014450015165,1,9,0,9,0,6,0,0,0,0,3,1,6,2,20,4,1398,1,4,8,1
2014450015165,2,9,0,18,0,1,1,0,0,0,1,1,6,1,29,6,1896,2,11,4,1
2014450015166,1,9,0,18,0,0,0,0,0,0,1,1,6,2,53,8,1229,1,2,7,1
2014450015166,2,9,0,18,0,0,0,0,0,0,1,1,6,3,-1,-1,-1,-1,-1,-1,-1
2014450015167,1,9,0,4,0,0,1,0,0,0,1,1,2,1,67,10,-1,-1,-1,10,1
2014450015167,2,9,0,4,0,0,0,0,0,0,1,1,1,2,35,6,1995,2,8,6,1
2014450015168,1,3,0,4,0,8,2,0,0,0,4,1,2,2,26,6,125,1,7,4,1
2014450015176,1,9,0,18,0,8,0,0,0,0,0,1,6,2,36,7,1598,2,-1,10,1
2014450015176,2,19,0,7,0,4,0,0,0,0,0,1,6,3,-1,-1,1560,2,4,-1,-1
2014450015177,1,9,0,16,0,0,0,0,0,0,1,1,6,1,82,11,1120,1,19,3,1
2014450015177,2,9,0,17,0,0,0,0,0,0,3,1,6,2,69,10,2204,2,9,10,1
2014450015179,1,9,0,18,0,6,0,0,0,0,1,1,2,2,28,6,1968,2,8,10,1
2014450015179,2,9,0,18,0,6,0,0,0,0,2,1,2,1,48,8,1598,1,15,10,1
2014450015181,1,9,0,4,0,1,1,0,0,0,1,1,6,1,64,9,4000,1,9,7,1
2014450015181,2,9,0,3,0,1,0,0,0,0,2,1,6,2,27,6,1399,2,3,6,3
2014450015181,3,19,0,3,0,1,0,0,0,0,2,1,6,1,64,9,1995,2,3,6,1
2014450015182,1,9,0,18,0,0,1,0,0,0,1,1,6,1,25,5,998,1,14,6,1
2014450015183,1,9,0,3,0,0,0,0,0,0,1,1,6,2,60,9,1910,2,6,9,1
2014450015187,1,9,0,18,0,0,1,0,0,0,1,1,2,2,21,5,1360,1,12,10,1
2014450015187,2,9,0,4,0,0,0,0,0,0,2,1,3,1,45,7,1798,1,3,10,3
2014450015188,1,5,0,18,0,0,5,0,0,0,2,1,6,1,22,5,996,1,17,8,3
2014450015188,2,5,0,18,0,0,5,0,0,0,1,1,6,1,25,5,1157,1,8,7,3
2014450015189,1,9,0,18,0,8,0,0,0,0,1,1,6,1,30,6,1796,1,13,9,1
2014450015189,2,9,0,9,0,4,0,0,0,0,3,1,6,2,51,8,1781,1,11,6,3
2014450015195,1,9,0,12,0,0,0,0,0,0,3,1,6,2,27,6,1753,2,9,5,1
2014450015195,2,21,1,18,0,0,0,0,0,0,1,1,1,1,52,8,10837,2,1,2,1
2014450015195,3,9,0,18,0,0,0,0,0,0,1,1,6,2,58,9,1598,1,8,7,1
2014450015199,1,9,0,7,0,6,0,0,0,0,1,1,6,2,89,11,796,1,14,7,1
2014450015199,2,9,0,18,0,8,0,0,0,0,1,1,6,2,77,11,1973,1,16,8,1
2014450015201,1,9,0,18,0,0,2,0,1,0,3,1,1,2,31,6,1242,1,6,5,3
2014450015201,2,9,0,18,0,0,0,0,0,0,3,1,2,1,26,6,-1,-1,-1,9,1
2014450015202,1,9,0,7,0,5,0,0,1,0,1,1,6,1,62,9,2400,2,3,10,2
2014450015204,1,9,0,5,0,4,0,0,0,0,0,1,1,1,57,9,-1,-1,-1,9,1
2014450015204,2,1,0,18,0,8,0,0,0,0,0,1,2,1,43,7,-1,-1,-1,9,1
2014450015205,1,9,0,4,0,0,0,0,0,0,2,1,6,1,36,7,1995,2,8,10,1
2014450015205,2,9,0,4,0,0,0,0,0,0,1,1,6,1,22,5,-1,-1,-1,-1,1
2014450015208,1,1,0,18,5,0,0,0,0,0,1,1,6,1,35,6,-1,-1,-1,5,1
2014450015209,1,1,0,18,0,0,0,0,0,0,4,1,6,1,25,5,-1,-1,-1,9,2
2014450015213,1,1,0,18,0,0,0,0,0,0,3,1,6,1,44,7,-1,-1,-1,10,2
2014450015213,2,9,0,13,0,0,0,0,0,0,4,1,6,1,80,11,1791,8,2,10,2
2014450015216,1,9,0,18,0,1,0,0,0,0,1,1,6,2,66,10,1390,1,16,7,3
2014450015216,2,9,0,10,0,1,0,0,0,0,2,1,6,1,18,4,1198,1,4,10,3
2014450015218,1,9,0,9,0,8,0,0,0,0,3,1,6,2,40,7,1149,1,10,10,1
2014450015218,2,9,0,18,0,1,0,0,0,0,1,1,6,1,-1,-1,-1,-1,-1,-1,-1
2014450015219,1,9,0,5,0,6,0,0,0,0,1,1,6,1,19,4,1200,1,11,8,1
2014450015219,2,9,0,18,0,1,0,0,0,0,1,1,6,1,27,6,1596,1,5,10,1
2014450015220,1,1,0,18,0,0,0,0,0,0,0,1,6,1,42,7,-1,-1,-1,10,3
2014450015221,1,1,0,18,0,0,0,4,0,0,1,1,1,1,44,7,-1,-1,-1,9,1
2014450015221,2,9,0,2,0,0,0,0,0,0,2,1,6,1,30,6,1242,1,14,10,2
2014450015225,1,11,0,4,0,0,0,0,0,0,0,1,1,1,58,9,-1,-1,-1,4,1
2014450015225,2,9,0,4,0,0,0,0,0,0,0,1,6,3,-1,-1,-1,-1,-1,-1,-1
2014450015228,1,11,0,4,0,1,0,0,0,0,0,1,1,1,61,9,3900,2,10,3,1
2014450015229,1,9,0,17,0,0,0,10,1,0,0,1,1,1,33,6,-1,-1,-1,5,1
2014450015230,1,1,0,18,0,8,1,0,0,0,0,1,6,1,47,8,-1,-1,-1,5,1
2014450015231,1,1,0,9,0,1,5,0,0,0,0,1,6,1,21,5,-1,-1,-1,9,1
2014450015233,1,21,1,18,0,0,0,0,0,0,3,1,1,1,43,7,-1,-1,-1,-1,-1
2014450015233,2,9,0,18,0,0,0,0,0,0,4,1,6,1,40,7,1998,1,14,6,1
2014450015236,1,9,0,18,0,6,0,0,1,4,1,1,6,2,24,5,1242,1,16,6,3
2014450015240,1,9,0,18,0,1,0,0,0,0,1,1,6,2,92,11,1895,1,14,10,1
2014450015240,2,9,0,2,0,1,0,0,0,0,2,1,6,1,44,7,1995,2,10,10,1
2014450015240,3,9,0,2,0,1,0,0,0,0,2,1,2,1,48,8,-1,-1,-1,10,2
2014450015243,1,21,1,18,0,0,0,0,0,0,1,1,1,1,43,7,9365,2,7,7,1
2014450015243,2,9,0,18,0,0,0,0,0,0,2,1,6,2,40,7,1997,2,11,3,1
2014450015244,1,9,0,18,0,0,0,0,0,0,1,1,6,1,-1,-1,-1,-1,-1,-1,-1
2014450015247,1,9,0,18,0,5,0,0,0,0,0,1,6,2,46,8,2720,2,10,10,2
2014450015247,2,1,0,18,0,1,1,0,0,0,0,1,6,1,-1,-1,-1,-1,-1,-1,-1
2014450015248,1,5,0,18,0,1,2,0,0,0,1,1,6,1,66,10,790,1,11,10,1
2014450015248,2,9,0,5,0,6,0,0,0,0,1,1,6,1,48,8,1968,2,3,5,1
2014450015250,1,9,0,18,0,0,0,0,0,0,1,1,6,2,67,10,1199,2,4,8,3
2014450015250,2,1,0,18,0,0,0,0,0,0,3,1,1,1,21,5,-1,-1,-1,6,1
2014450015251,1,9,0,9,0,5,0,0,0,0,4,1,6,2,44,7,2000,1,15,10,3
2014450015251,2,5,0,18,0,1,1,0,0,0,1,1,6,1,49,8,599,1,18,9,1
2014450015252,1,9,0,18,0,0,0,0,1,0,1,1,6,1,21,5,1753,2,10,2,1
2014450015253,1,9,0,9,0,6,0,0,0,0,3,1,1,2,46,8,1997,2,8,9,1
2014450015253,2,5,0,18,0,8,5,0,0,0,1,1,1,1,31,6,599,1,11,7,3
2014450015255,1,9,0,9,0,6,0,0,0,0,1,1,6,1,25,5,2926,2,9,8,3
2014450015255,2,9,0,18,0,8,0,0,0,0,4,1,6,2,56,9,1796,1,12,10,1
2014450015257,1,9,0,7,0,1,0,0,0,0,1,1,6,1,23,5,-1,-1,-1,7,1
2014450015257,2,9,0,8,0,1,0,0,0,0,2,1,1,1,29,6,1997,1,14,8,1
2014450015258,1,9,0,18,0,0,0,0,5,0,1,1,2,1,41,7,1390,2,10,3,1
2014450015259,1,21,1,17,0,0,3,10,0,0,1,1,1,1,43,7,5900,2,7,-1,-1
2014450015260,1,9,0,18,0,0,0,0,7,1,1,1,6,1,34,6,1997,2,-1,3,1
2014450015265,1,4,0,18,0,3,2,0,0,0,0,1,1,1,32,6,124,1,6,9,1
2014450015265,2,9,0,5,0,1,0,0,0,0,0,1,6,1,61,9,3498,1,6,10,3
2014450015265,3,19,0,2,0,1,0,0,0,0,0,1,6,3,-1,-1,2198,2,7,-1,-1
2014450015269,1,9,0,16,0,0,1,0,7,3,1,1,6,1,18,4,1199,1,14,6,1
2014450015270,1,9,0,18,0,1,1,0,0,0,3,1,6,1,70,10,1598,1,11,9,1
2014450015270,2,9,0,18,0,1,0,0,0,0,3,1,6,2,51,8,1248,1,1,8,1
2014450015274,1,9,0,4,0,1,0,0,0,0,1,1,6,2,36,7,1493,1,19,10,1
2014450015274,2,9,0,4,0,1,0,0,0,0,2,1,6,2,43,7,1995,2,1,10,3
2014450015277,1,9,0,5,0,2,0,0,0,0,1,1,1,1,35,6,1360,1,10,7,1
2014450015277,2,4,0,3,0,2,5,0,0,0,2,1,1,2,48,8,249,1,14,10,1
2014450015277,3,9,0,3,0,2,0,0,0,0,2,1,1,1,54,8,1598,2,2,10,1
2014450015278,1,3,0,13,0,1,1,9,4,6,3,1,6,1,53,8,125,1,9,4,1
2014450015278,2,8,0,12,0,1,0,0,0,0,0,1,6,1,-1,-1,1997,2,7,4,1
2014450015281,1,9,0,17,0,1,1,0,7,9,1,1,6,1,18,4,998,1,8,9,2
2014450015282,1,9,0,3,0,0,0,0,0,0,2,1,6,1,26,6,-1,-1,-1,5,1
2014450015282,2,9,0,4,0,0,0,0,0,0,1,1,6,2,42,7,1560,2,5,9,1
2014450015283,1,9,0,18,0,1,0,0,0,0,1,1,6,1,34,6,1896,2,8,4,1
2014450015283,2,9,0,18,0,1,5,0,1,7,2,1,6,1,64,9,2035,1,9,8,1
2014450015284,1,1,0,7,0,1,0,0,0,0,0,1,2,1,49,8,-1,-1,-1,8,3
2014450015285,1,9,0,9,0,8,0,0,0,0,3,1,1,1,38,7,1791,8,2,1,1
2014450015285,2,9,0,18,0,1,0,0,0,0,1,1,6,2,24,5,998,1,15,8,1
2014450015286,1,9,0,18,0,4,0,0,0,0,1,1,6,1,71,10,1995,1,14,10,1
2014450015292,1,19,0,9,0,5,0,0,0,0,3,1,1,1,37,7,1998,2,9,5,1
2014450015292,2,5,0,18,0,1,0,0,0,0,3,1,1,1,50,8,1137,1,12,7,1
2014450015293,1,9,0,18,9,0,0,0,7,0,3,1,6,1,60,9,1984,2,1,8,1
2014450015294,1,5,0,4,0,0,0,0,0,0,1,1,2,1,40,7,929,1,13,8,1
2014450015294,2,19,0,4,0,0,0,0,0,0,2,1,2,1,48,8,1968,2,1,10,1
2014450015297,1,9,0,5,0,4,0,0,0,0,3,1,1,2,55,8,1598,2,5,-1,2
2014450015297,2,1,0,16,0,8,0,0,0,0,2,1,1,1,19,4,-1,-1,-1,10,1
2014450015299,1,17,0,5,0,0,0,0,0,0,1,1,6,1,47,8,-1,-1,-1,6,1
2014450015299,2,9,0,17,0,0,0,0,0,0,1,1,6,1,56,9,2993,2,3,10,1
2014450015301,1,9,0,17,0,0,5,0,2,3,1,1,6,2,27,6,1598,2,1,4,1
2014450015302,1,9,0,9,0,5,0,0,0,0,3,1,6,2,18,4,1199,1,11,10,1
2014450015302,2,1,0,18,0,8,0,0,0,0,1,1,2,1,-1,-1,-1,-1,-1,10,1
2014450015303,1,9,0,18,0,8,0,0,0,0,1,1,6,1,21,5,1149,1,12,10,1
2014450015303,2,9,0,9,0,8,0,0,0,0,4,1,6,1,56,9,1910,2,6,9,1
2014450015306,1,4,0,18,0,0,0,0,0,0,3,1,2,1,62,9,249,1,5,9,1
2014450015306,2,9,0,13,0,0,0,0,0,0,4,1,6,1,-1,-1,1595,1,10,9,1
2014450015308,1,1,0,4,0,0,0,0,0,0,1,1,6,1,28,6,-1,-1,-1,3,1
2014450015308,2,9,0,2,0,0,0,0,0,0,3,1,6,1,-1,-1,1389,1,12,4,1
2014450015316,1,1,0,18,0,0,0,0,0,0,0,1,6,1,38,7,-1,-1,-1,10,1
2014450015316,2,9,0,18,0,0,0,0,0,0,0,1,6,2,-1,-1,1896,2,10,10,2
2014450015317,1,9,0,12,0,1,0,0,0,0,3,1,1,1,29,6,1995,2,8,8,1
2014450015317,2,5,0,18,0,1,5,0,0,0,4,1,6,2,51,8,865,1,7,5,1
2014450015320,1,5,0,16,0,0,1,0,0,0,1,1,6,1,25,5,599,1,16,10,1
2014450015320,2,5,0,2,6,0,0,0,0,0,1,1,6,1,-1,-1,-1,-1,-1,7,2
2014450015320,3,5,0,2,6,0,0,0,0,0,1,1,6,1,-1,-1,-1,-1,-1,4,1
2014450015322,1,9,0,17,0,1,1,0,0,0,1,1,6,1,18,4,1360,1,10,10,1
2014450015322,2,9,0,17,0,1,1,0,0,0,1,1,6,1,20,4,1299,1,12,6,3
2014450015322,3,9,0,16,0,1,0,0,0,0,4,1,6,1,64,9,1598,1,14,9,1
2014450015323,1,9,0,18,0,0,0,4,0,0,1,1,6,1,56,9,1598,1,8,4,1
2014450015323,2,9,0,18,0,0,0,0,0,0,1,1,6,2,71,10,998,1,12,7,1
2014450015323,3,9,0,2,0,0,0,0,0,0,2,1,6,1,57,9,1491,1,37,9,1
2014450015324,1,9,0,15,0,0,1,0,1,10,4,1,1,1,54,8,-1,-1,-1,8,1
2014450015324,2,9,0,18,0,0,0,0,0,0,1,1,1,1,42,7,1973,1,16,8,1
2014450015327,1,9,0,18,0,0,0,0,0,0,1,1,6,1,47,8,2198,2,8,5,1
2014450015327,2,1,0,5,0,0,0,0,0,0,1,1,6,1,13,3,-1,-1,-1,7,1
2014450015330,1,9,0,12,0,0,0,0,0,0,3,1,6,2,46,8,1242,1,1,10,3
2014450015330,2,9,0,18,0,0,0,0,0,0,1,1,6,1,58,9,1956,2,1,10,1
2014450015332,1,9,0,9,0,0,0,0,0,0,1,1,2,1,35,6,1984,1,13,10,1
2014450015332,2,1,0,18,0,0,5,0,0,0,1,1,6,1,38,7,-1,-1,-1,3,1
2014450015336,1,3,0,18,0,8,0,0,0,0,1,1,6,1,17,4,125,1,9,10,1
2014450015336,2,9,0,9,0,6,0,0,0,0,4,1,6,1,52,8,1199,1,14,10,1
2014450015338,1,9,0,18,0,7,0,0,0,0,3,1,6,2,58,9,1753,2,5,6,1
2014450015338,2,9,0,18,0,1,0,0,0,0,4,1,6,1,-1,-1,1598,1,-1,2,1
2014450015339,1,9,0,4,0,1,0,0,0,0,1,1,2,1,49,8,-1,-1,-1,4,1
2014450015339,2,9,0,9,0,6,0,0,0,0,3,1,2,1,32,6,1598,1,14,-1,1
2014450015342,1,19,0,17,0,8,5,10,3,0,1,1,1,1,28,6,2461,2,9,1,1
2014450015342,2,9,0,3,0,1,5,0,1,0,3,1,1,1,23,5,-1,-1,-1,4,1
2014450015343,1,9,0,9,0,6,0,0,0,0,1,1,6,2,35,6,1248,1,4,9,1
2014450015343,2,9,0,18,0,1,0,0,0,0,1,1,2,1,70,10,3996,1,14,9,1
2014450015344,1,9,0,17,0,0,0,0,0,0,1,1,6,1,20,4,1560,2,3,4,1
2014450015344,2,9,0,16,0,0,0,0,0,0,1,1,6,2,72,10,1598,1,3,9,3
2014450015346,1,9,0,18,0,0,0,0,0,0,1,1,6,1,-1,-1,1598,1,8,8,1
2014450015346,2,9,0,18,0,0,0,0,0,0,2,1,6,2,36,7,1968,2,4,6,3
2014450015347,1,19,0,18,0,0,0,0,0,0,2,1,1,1,30,6,1753,2,8,3,1
2014450015347,2,9,0,18,0,0,0,0,0,0,1,1,1,2,24,5,1968,2,2,1,1
2014450015348,1,9,0,18,0,8,0,0,0,0,1,1,2,2,20,4,999,1,2,9,1
2014450015348,2,9,0,9,0,6,0,0,0,0,4,1,6,2,21,5,1198,1,3,10,1
2014450015358,1,9,0,18,0,0,0,0,0,0,0,1,6,1,44,7,1997,1,6,8,1
2014450015361,1,9,0,9,0,1,1,0,0,0,1,1,6,1,23,5,1386,1,7,10,1
2014450015361,2,9,0,18,0,1,0,0,0,0,1,1,6,1,48,8,-1,-1,-1,9,1
2014450015361,3,9,0,8,0,1,0,0,0,0,3,1,6,2,18,4,1242,1,9,10,1
2014450015363,1,9,0,18,0,0,1,0,0,0,1,1,1,1,29,6,-1,-1,-1,2,1
2014450015364,1,9,0,10,0,1,0,0,0,0,1,1,6,2,28,6,1991,1,12,7,1
2014450015364,2,9,0,18,0,5,0,0,0,0,1,1,6,1,61,9,1998,1,13,9,1
2014450015365,1,1,0,18,0,1,0,0,0,0,1,1,2,1,40,7,-1,-1,-1,6,1
2014450015365,2,9,0,7,0,5,0,0,0,0,4,1,6,2,69,10,1248,1,4,8,1
2014450015366,1,9,0,4,0,2,0,0,0,0,2,1,6,2,54,8,2987,2,7,6,3
2014450015366,2,9,0,18,0,1,0,0,0,0,1,1,6,2,50,8,1598,1,10,7,3
2014450015367,1,9,0,18,0,1,0,0,0,0,1,1,6,1,54,8,1587,1,9,2,1
2014450015368,1,9,0,9,0,5,0,0,0,0,3,1,6,1,49,8,1493,2,9,1,1
2014450015368,2,3,0,13,0,1,0,0,0,0,1,1,2,1,24,5,124,1,1,8,1
2014450015369,1,9,0,4,0,0,0,0,0,0,2,1,6,1,-1,-1,1043,1,22,1,1
2014450015369,2,5,0,18,0,0,2,0,0,0,1,1,6,1,35,6,998,1,1,9,3
2014450015370,1,3,0,18,0,4,0,0,0,0,1,1,1,2,23,5,125,1,7,5,1
2014450015371,1,19,0,3,0,4,0,0,0,0,1,1,2,1,50,8,2198,2,1,9,1