Accident_Index,Vehicle_Reference,Vehicle_Type,Towing_and_Articulation,Vehicle_Manoeuvre,Vehicle_Location-Restricted_Lane,Junction_Location,Skidding_and_Overturning,Hit_Object_in_Carriageway,Vehicle_Leaving_Carriageway,Hit_Object_off_Carriageway,1st_Point_of_Impact,Was_Vehicle_Left_Hand_Drive?,Journey_Purpose_of_Driver,Sex_of_Driver,Age_of_Driver,Age_Band_of_Driver,Engine_Capacity_(CC),Propulsion_Code,Age_of_Vehicle,Driver_IMD_Decile,Driver_Home_Area_Type
2014450015371,2,9,0,4,0,1,0,0,0,0,2,1,1,1,36,7,1360,1,6,6,1
2014450015374,1,9,0,4,0,1,0,0,0,0,2,1,1,1,38,7,1796,1,5,9,1
2014450015374,2,9,0,18,0,1,0,0,0,0,1,1,6,1,52,8,1248,2,10,7,1
2014450015375,1,9,0,9,0,4,0,0,0,0,2,1,6,1,51,8,1582,2,1,10,1
2014450015375,2,1,0,18,0,8,0,0,0,0,1,1,6,1,20,4,-1,-1,-1,10,1
2014450015376,1,9,0,7,0,6,0,0,0,0,1,1,6,2,32,6,1368,1,7,10,1
2014450015376,2,1,0,18,0,8,0,0,0,0,3,1,6,2,24,5,-1,-1,-1,8,1
2014450015377,1,9,0,5,0,6,0,0,0,0,1,1,1,1,42,7,2199,2,2,4,1
2014450015377,2,4,0,18,0,1,0,0,0,0,4,1,2,1,32,6,535,1,23,3,1
2014450015378,1,9,0,5,0,0,0,0,0,0,0,1,1,1,64,9,1797,8,4,8,1
2014450015380,1,9,0,13,0,0,0,0,0,0,0,1,6,1,-1,-1,2183,2,4,10,1
2014450015380,2,9,0,18,0,0,0,0,0,0,0,1,6,1,19,4,1991,2,7,10,1
2014450015381,1,9,0,18,0,4,0,0,0,0,1,1,6,1,36,7,1390,1,11,8,1
2014450015381,2,9,0,18,0,8,0,0,0,0,4,1,6,2,33,6,1997,1,11,3,1
2014450015386,1,9,0,18,0,3,0,0,0,0,2,1,6,1,-1,-1,1896,2,6,10,1
2014450015386,2,9,0,18,0,3,0,0,0,0,1,1,6,1,23,5,973,1,11,4,1
2014450015386,3,9,0,18,0,3,0,0,0,0,1,1,6,1,25,5,1388,1,3,9,1
2014450015386,4,9,0,18,0,3,0,0,0,0,1,1,6,1,21,5,1796,1,9,4,1
2014450015387,1,9,0,12,0,0,2,0,1,0,0,1,2,2,24,5,998,1,6,9,1
2014450015387,2,9,0,18,0,0,0,0,0,0,0,1,6,1,32,6,2990,1,20,3,1
2014450015396,1,1,0,18,0,8,0,0,0,0,1,1,2,1,33,6,-1,-1,-1,8,1
2014450015396,2,9,0,9,0,5,0,0,0,0,1,1,2,1,34,6,1598,1,10,5,1
2014450015397,1,19,0,18,0,1,0,0,0,0,1,1,6,1,45,7,1870,2,8,8,1
2014450015397,2,3,0,18,0,1,0,0,0,0,2,1,6,1,29,6,124,1,4,4,1
2014450015398,1,1,0,18,0,8,0,0,0,0,0,1,6,1,25,5,-1,-1,-1,9,1
2014450015399,1,9,4,2,0,1,0,0,0,0,1,1,1,1,41,7,-1,-1,-1,1,1
2014450015399,2,20,1,18,0,1,0,0,0,0,1,1,1,1,63,9,-1,-1,-1,10,1
2014450015400,1,1,0,18,0,6,0,0,0,0,3,1,4,1,15,3,-1,-1,-1,10,1
2014450015400,2,9,0,13,0,1,0,0,0,0,1,1,1,2,44,7,2171,1,13,9,1
2014450015403,1,5,0,2,9,0,0,0,1,0,3,1,2,1,54,8,1092,1,21,9,1
2014450015409,1,19,0,4,0,0,0,0,0,0,1,1,1,1,41,7,2402,2,7,6,1
2014450015409,2,9,0,18,0,0,0,0,0,0,1,1,1,2,24,5,2198,1,12,10,1
2014450015411,1,9,0,18,0,0,0,0,0,0,4,1,2,2,20,4,1242,1,2,6,1
2014450015411,2,9,0,13,0,0,0,0,0,0,3,1,6,2,-1,-1,1199,1,12,-1,-1
2014450015412,1,9,0,18,0,1,0,0,0,0,2,1,2,1,29,6,2979,1,8,4,1
2014450015412,2,9,0,4,0,1,0,0,0,0,1,1,6,2,49,8,1598,1,5,6,1
2014450015414,1,9,0,18,0,0,1,0,0,0,2,1,6,1,18,4,1199,1,15,9,1
2014450015414,2,9,0,18,0,0,0,0,0,0,1,1,6,1,34,6,1686,2,3,10,2
2014450015415,1,1,0,9,0,5,0,0,0,0,3,1,1,1,39,7,-1,-1,-1,8,1
2014450015415,2,9,0,18,0,1,0,0,0,0,1,1,6,2,67,10,1339,1,9,10,1
2014450015416,1,1,0,5,0,1,0,0,0,0,2,1,6,1,67,10,-1,-1,-1,10,1
2014450015416,2,9,0,5,0,1,0,0,0,0,0,1,6,1,62,9,1598,1,17,9,1
2014450015417,1,1,0,18,9,8,0,0,0,0,1,1,6,1,14,3,-1,-1,-1,10,1
2014450015418,1,9,0,4,0,0,0,0,0,0,2,1,6,2,30,6,1896,2,9,9,1
2014450015418,2,9,0,4,0,0,0,0,0,0,1,1,6,2,80,11,1590,1,9,6,1
2014450015418,3,9,0,3,0,0,0,0,0,0,2,1,6,2,41,7,1968,2,-1,10,1
2014450015419,1,9,0,18,0,0,0,0,1,0,1,1,6,1,26,6,1240,1,11,4,1
2014450015419,2,9,0,2,0,0,0,0,0,0,2,1,6,2,34,6,-1,-1,-1,6,3
2014450015420,1,1,0,18,0,8,0,0,0,0,4,1,6,1,42,7,-1,-1,-1,4,1
2014450015420,2,9,0,10,0,6,0,0,0,0,1,1,6,1,52,8,2496,2,11,10,1
2014450015423,1,1,0,18,0,4,2,0,0,0,3,1,1,1,40,7,-1,-1,-1,4,1
2014450015423,2,9,0,9,0,4,0,0,0,0,4,1,6,1,-1,-1,-1,-1,-1,-1,-1
2014450015426,1,9,0,18,0,1,1,0,1,0,4,1,6,2,51,8,1991,2,6,10,1
2014450015426,2,9,0,9,0,6,0,0,0,0,1,1,3,1,37,7,3199,1,16,5,1
2014450015428,1,9,0,18,0,1,0,0,0,0,1,1,6,1,29,6,1796,1,11,9,1
2014450015428,2,9,0,9,0,1,0,0,0,0,1,1,6,2,23,5,1171,1,19,6,1
2014450015429,1,9,0,3,0,0,0,0,0,0,2,1,6,1,52,8,1992,2,8,5,1
2014450015429,2,9,0,3,0,0,0,0,0,0,2,1,2,2,31,6,1596,1,13,10,1
2014450015429,3,9,0,4,0,0,0,0,0,0,1,1,6,1,35,6,1595,1,7,5,1
2014450015431,1,1,0,18,0,0,0,0,0,0,0,1,1,1,31,6,-1,-1,-1,5,1
2014450015431,2,9,0,18,0,0,0,0,0,0,0,1,6,2,52,8,1984,2,4,9,1
2014450015436,1,9,0,13,0,4,2,9,5,0,4,1,6,1,23,5,1596,1,8,5,1
2014450015436,2,9,0,12,0,4,0,0,0,0,3,1,6,1,20,4,1988,1,10,6,3
2014450015436,3,19,0,17,0,4,0,0,0,0,3,1,1,1,31,6,1968,2,1,5,1
2014450015438,1,9,0,4,0,0,0,0,0,0,2,1,2,2,41,7,1998,2,13,2,1
2014450015438,2,9,0,18,0,0,0,0,0,0,1,1,6,1,25,5,1360,1,16,7,3
2014450015440,1,9,0,18,0,1,0,0,0,0,1,1,6,2,31,6,1968,2,1,6,1
2014450015440,2,9,0,9,0,1,0,0,0,0,1,1,6,1,26,6,1968,2,9,6,1
2014450015443,1,1,0,17,9,0,1,0,0,0,0,1,6,1,19,4,-1,-1,-1,4,1
2014450015447,1,9,0,9,0,6,0,0,0,0,3,1,2,1,44,7,1968,2,6,10,1
2014450015447,2,9,0,18,0,8,0,0,0,0,1,1,2,1,36,7,-1,-1,-1,9,1
2014450015450,1,21,0,17,0,0,0,0,1,0,1,1,1,1,24,5,-1,-1,-1,7,3
2014450015450,2,9,0,16,0,0,0,0,0,0,0,1,6,3,-1,-1,-1,-1,-1,-1,-1
2014450015451,1,1,0,18,0,0,2,10,1,0,4,1,6,1,22,5,-1,-1,-1,-1,1
2014450015453,1,9,0,17,0,0,0,0,2,0,4,1,6,1,64,9,1598,1,10,10,1
2014450015454,1,9,0,18,0,1,0,0,0,0,1,1,2,1,18,4,1242,1,14,8,2
2014450015454,2,9,0,18,0,1,0,0,0,0,1,1,2,2,19,4,1896,2,10,-1,1
2014450015454,3,9,0,2,0,1,0,0,0,0,3,1,6,2,68,10,1997,2,1,10,1
2014450015454,4,9,0,2,0,1,0,0,0,0,2,1,6,2,38,7,1896,2,16,10,1
2014450015455,1,19,0,3,0,0,0,0,0,0,1,1,1,1,56,9,2143,2,1,4,1
2014450015455,2,9,0,3,0,0,0,0,0,0,2,1,1,1,47,8,1560,2,1,4,1
2014450015455,3,9,0,3,0,0,0,0,0,0,1,1,6,2,42,7,1685,2,-1,10,1
2014450015455,4,9,0,3,0,0,0,0,0,0,2,1,1,2,25,5,1598,2,-1,10,1
2014450015456,1,1,0,18,9,0,0,0,0,0,0,1,6,1,36,7,-1,-1,-1,9,1
2014450015459,1,9,0,18,0,1,0,0,0,0,0,1,2,2,21,5,1598,1,7,10,1
2014450015459,2,1,0,18,0,1,0,0,1,0,0,1,2,2,26,6,-1,-1,-1,10,1
2014450015461,1,9,0,16,0,1,0,0,0,0,1,1,1,2,27,6,1390,1,10,10,1
2014450015462,1,9,0,18,0,0,0,0,0,0,1,1,6,2,31,6,1149,1,11,9,3
2014450015464,1,9,0,4,0,0,0,0,0,0,1,1,1,2,24,5,1149,1,7,10,1
2014450015466,1,9,0,9,0,1,0,0,0,0,3,1,6,1,73,10,1991,1,13,9,1
2014450015467,1,8,0,18,0,8,0,0,0,0,0,1,1,1,46,8,1797,8,3,8,1
2014450015467,2,9,0,4,0,8,0,0,0,0,0,1,6,3,-1,-1,-1,-1,-1,-1,-1
2014450015467,3,9,0,4,0,8,0,0,0,0,0,1,6,3,-1,-1,-1,-1,-1,-1,-1
2014450015468,1,9,0,18,0,0,0,0,0,0,1,1,2,1,24,5,1796,1,13,9,1
2014450015468,2,9,0,3,0,0,0,0,0,0,2,1,2,1,35,6,2993,2,5,10,1
2014450015468,3,9,0,3,0,0,0,0,0,0,3,1,6,2,-1,-1,1497,8,9,10,1
2014450015469,1,9,0,1,0,0,0,0,0,0,2,1,1,1,32,6,1560,2,1,7,1
2014450015469,2,9,0,18,0,0,0,0,0,0,1,1,2,1,65,9,-1,-1,-1,9,1
2014450015470,1,3,0,5,0,6,0,0,0,0,1,1,1,2,18,4,124,1,1,8,1
2014450015470,2,9,0,18,0,1,1,0,0,0,1,1,6,1,32,6,1896,2,6,-1,-1
2014450015472,1,9,0,18,0,8,0,0,0,0,4,1,6,1,44,7,1896,2,17,5,1
2014450015472,2,9,0,9,0,6,0,0,0,0,1,1,6,2,56,9,1796,1,7,9,1
2014450015473,1,9,0,18,0,1,0,0,0,0,3,1,6,2,33,6,1329,1,-1,8,1
2014450015473,2,9,0,18,0,1,0,0,0,0,3,1,6,2,28,6,1896,2,10,9,1
2014450015473,3,9,0,18,0,1,0,0,0,0,4,1,6,2,22,5,1242,1,2,7,1
2014450015474,1,9,0,18,0,0,0,0,0,0,2,1,6,1,45,7,1595,1,14,6,1
2014450015474,2,9,0,18,0,0,0,0,0,0,1,1,6,1,63,9,1870,2,11,6,1
2014450015474,3,21,1,9,0,0,0,0,0,0,0,1,6,3,-1,-1,-1,-1,-1,-1,-1
2014450015477,1,1,0,13,0,3,0,0,0,0,1,1,6,1,32,6,-1,-1,-1,9,3
2014450015477,2,9,0,18,0,3,0,0,0,0,3,1,6,2,25,5,1199,1,13,4,1
2014450015478,1,9,0,18,0,1,0,0,0,0,1,1,6,2,75,10,1086,1,6,10,1
2014450015478,2,9,0,7,0,5,0,0,1,0,2,1,6,1,31,6,3000,2,10,10,1
2014450015481,1,9,0,18,0,0,0,0,0,0,1,1,6,2,35,6,1200,1,-1,10,1
2014450015481,2,9,0,18,0,0,0,0,0,0,2,1,6,2,56,9,1149,1,7,9,1
2014450015483,1,9,0,4,0,0,0,0,0,0,1,1,6,1,65,9,-1,-1,-1,3,1
2014450015483,2,19,0,4,0,0,0,0,0,0,2,1,1,1,52,8,2198,2,4,3,1
2014450015483,3,9,0,4,0,0,0,0,0,0,2,1,1,1,27,6,1998,1,15,3,1
2014450015488,1,5,0,18,0,0,0,0,0,0,0,1,6,1,64,9,1200,1,6,9,1
2014450015489,1,9,0,13,0,1,1,0,0,0,1,1,2,1,63,9,1596,1,13,3,1
2014450015489,2,9,0,9,0,5,0,0,7,0,3,1,6,2,22,5,599,1,12,9,1
2014450015492,1,9,0,12,0,3,0,0,0,0,2,1,6,3,-1,-1,-1,-1,-1,-1,-1
2014450015492,2,2,0,18,0,3,0,0,0,0,1,1,6,1,21,5,-1,-1,-1,6,1
2014450015495,1,1,0,7,0,6,0,0,0,0,1,1,6,1,50,8,-1,-1,-1,10,1
2014450015495,2,9,0,18,0,1,0,0,0,0,4,1,6,3,-1,-1,-1,-1,-1,-1,-1
2014450015496,1,9,0,9,0,5,0,0,0,0,2,1,6,1,41,7,1781,1,18,8,1
2014450015496,2,19,0,3,0,1,0,0,0,0,2,1,6,1,48,8,1461,2,1,4,1
2014450015496,3,9,0,18,0,1,0,0,0,0,1,1,6,3,-1,-1,-1,-1,-1,-1,-1
2014450015497,1,9,0,18,0,0,0,0,0,0,1,1,6,2,40,7,1598,1,9,6,1
2014450015497,2,9,0,18,0,0,0,0,0,0,1,1,6,1,23,5,1560,2,6,9,3
2014450015502,1,9,0,18,0,0,0,0,0,0,1,1,6,2,52,8,1998,1,6,5,3
2014450015503,1,2,0,18,0,0,5,0,0,0,4,1,2,2,45,7,244,1,9,10,1
2014450015503,2,9,0,4,0,0,0,0,0,0,0,1,6,3,-1,-1,-1,-1,-1,-1,-1
2014450015505,1,9,0,5,0,0,0,0,0,0,3,1,6,1,60,9,1560,2,5,6,2
2014450015505,2,9,0,14,0,0,0,0,0,0,4,1,6,2,29,6,1968,2,3,6,1
2014450015507,1,9,0,9,0,6,0,0,0,0,1,1,6,1,59,9,1896,2,14,6,2
2014450015507,2,9,0,18,0,1,0,0,0,0,1,1,6,2,40,7,1999,1,8,9,1
2014450015519,1,9,0,12,0,0,0,0,0,0,3,1,6,1,53,8,1489,1,16,7,3
2014450015519,2,5,0,13,0,0,5,0,0,0,4,1,2,1,50,8,955,1,8,9,1
2014450015520,1,9,0,9,0,8,0,0,0,0,3,1,6,2,30,6,1796,1,4,9,1
2014450015520,2,1,0,17,0,8,5,0,0,0,1,1,6,1,47,8,-1,-1,-1,10,1
2014450015522,1,9,0,5,0,4,0,0,0,0,3,1,6,2,49,8,1995,2,1,10,1
2014450015522,2,2,0,9,0,8,0,0,0,0,4,1,1,1,42,7,-1,-1,-1,6,3
2014450015528,1,9,0,13,0,0,0,0,1,4,3,1,1,1,40,7,4244,1,11,9,1
2014450015532,1,9,0,17,0,8,0,0,0,0,1,1,6,1,68,10,1761,1,14,9,1
2014450015532,2,9,0,9,0,5,0,0,0,0,1,1,6,2,19,4,1397,1,7,8,3
2014450015533,1,5,0,5,0,1,5,0,0,0,2,1,6,1,22,5,599,1,-1,10,1
2014450015533,2,9,0,4,0,1,0,0,0,0,1,1,6,1,29,6,2962,1,27,3,1
2014450015534,1,9,0,18,0,0,0,7,0,0,1,1,6,1,34,6,1988,1,14,7,2
2014450015535,1,9,0,18,0,1,0,0,0,0,1,1,2,1,30,6,1995,2,2,9,1
2014450015536,1,9,0,18,0,1,0,0,0,0,3,1,6,2,26,6,1368,1,6,9,1
2014450015536,2,9,0,18,0,1,0,0,0,0,4,1,6,2,29,6,1360,1,4,8,1
2014450015537,1,9,0,7,0,8,0,0,0,0,1,1,6,1,38,7,2688,2,10,7,3
2014450015537,2,1,0,18,0,8,0,0,0,0,1,1,6,1,67,10,-1,-1,-1,10,1
2014450015538,1,9,0,16,0,7,0,0,7,0,1,1,6,2,18,4,1242,1,8,10,1
2014450015541,1,9,0,18,0,0,2,0,7,0,1,1,2,1,26,6,1391,1,19,8,1
2014450015543,1,5,0,17,0,4,2,0,0,0,3,1,6,1,53,8,919,1,12,2,1
2014450015546,1,2,0,18,0,1,0,0,0,0,0,1,2,1,18,4,-1,-1,-1,10,1
2014450015546,2,9,0,9,0,6,0,0,0,0,4,1,6,2,-1,-1,-1,-1,-1,-1,-1
2014450015548,1,1,0,18,0,0,0,0,0,0,0,1,6,1,70,10,-1,-1,-1,9,1
2014450015549,1,9,0,18,0,0,1,0,1,0,1,1,6,2,24,5,1149,1,7,5,1
2014450015552,1,9,0,18,0,0,0,0,0,0,1,1,1,1,52,8,1995,2,9,4,1
2014450015552,2,9,0,6,0,0,5,0,0,0,3,1,1,1,50,8,-1,-1,-1,4,1
2014450015553,1,9,0,18,0,8,0,0,0,0,1,1,6,2,26,6,1390,1,16,4,1
2014450015553,2,9,0,9,0,6,0,0,0,0,1,1,2,1,28,6,-1,-1,-1,8,1
2014450015554,1,9,0,18,0,0,0,0,0,0,1,1,6,1,88,11,1339,1,8,10,1
2014450015554,2,9,0,18,0,0,0,0,0,0,1,1,6,1,43,7,2479,1,29,9,3
2014450015554,3,9,0,2,0,0,0,0,0,0,4,1,6,3,-1,-1,1596,1,9,-1,-1
2014450015555,1,9,0,18,0,4,0,0,0,0,1,1,6,1,79,11,1395,1,1,10,3
2014450015555,2,9,0,18,0,8,0,0,0,0,1,1,6,1,20,4,-1,-1,-1,10,1
2014450015556,1,21,1,18,0,1,0,0,0,0,0,1,6,3,-1,-1,-1,-1,-1,-1,-1
2014450015556,2,9,0,18,0,1,0,0,0,0,1,1,6,1,21,5,1124,1,19,7,1
2014450015557,1,90,0,18,0,0,0,0,0,0,1,2,1,1,34,6,9290,2,4,3,1
2014450015557,2,9,0,18,0,0,0,0,0,0,3,1,2,2,57,9,2143,2,3,8,1
2014450015557,3,19,0,18,0,0,0,6,0,0,4,1,2,1,42,7,-1,-1,-1,6,1
2014450015559,1,9,0,16,0,0,1,0,0,0,1,1,6,1,40,7,1796,1,10,4,1
2014450015559,2,9,0,17,0,0,0,0,0,0,1,1,6,2,20,4,1242,1,14,10,3
2014450015564,1,9,0,18,0,3,0,0,0,0,1,1,6,1,21,5,1242,1,13,4,1
2014450015564,2,9,0,18,0,4,0,0,0,0,1,1,6,2,38,7,1995,2,1,10,3
2014450015565,1,9,0,3,0,0,0,0,0,0,2,1,6,2,29,6,875,1,2,8,1
2014450015565,2,9,0,3,0,0,0,0,0,0,2,1,6,2,50,8,1149,1,12,7,1
2014450015565,3,9,0,18,0,0,0,0,0,0,1,1,6,1,61,9,1686,2,10,3,1
2014450015566,1,9,0,9,0,4,0,0,0,0,3,1,1,2,23,5,973,1,14,4,1
2014450015566,2,3,0,18,0,4,0,0,0,0,1,1,1,1,61,9,125,1,9,10,1
2014450015567,1,9,0,16,0,1,0,0,0,0,1,1,6,1,40,7,1998,1,10,4,1
2014450015567,2,9,0,17,0,1,0,0,0,0,1,1,6,2,41,7,1968,2,6,10,1
2014450015568,1,9,0,18,0,0,0,0,0,0,1,1,6,2,18,4,973,1,11,10,3
2014450015570,1,9,0,16,0,7,1,0,0,0,1,1,6,1,79,11,1598,1,11,6,3
2014450015570,2,9,0,18,0,1,0,0,0,0,1,1,6,1,28,6,1997,1,11,9,1
2014450015572,1,9,0,18,0,0,0,0,1,0,1,1,6,1,19,4,-1,-1,-1,7,1
2014450015575,1,9,0,18,0,0,0,0,0,0,1,1,6,1,50,8,1598,1,7,9,2
2014450015575,2,9,0,3,0,0,0,0,0,0,2,1,6,2,23,5,1229,1,2,6,1
2014450015575,3,9,0,4,0,0,0,0,0,0,0,1,6,1,65,9,1998,2,12,3,1
2014450015576,1,9,0,4,0,0,1,0,4,0,2,1,6,1,24,5,1400,1,11,5,1
2014450015577,1,3,0,16,0,0,1,0,0,0,4,1,6,1,17,4,102,1,-1,6,1
2014450015580,1,5,0,13,0,1,5,0,0,0,1,1,6,1,26,6,800,1,1,7,1
2014450015580,2,9,0,9,0,5,0,0,0,0,1,1,6,1,59,9,1686,2,3,10,1
2014450015581,1,9,0,16,0,8,1,0,2,0,1,1,2,1,20,4,1242,1,6,10,1
2014450015582,1,5,0,18,0,1,0,0,0,0,1,1,2,1,44,7,929,1,14,7,1
2014450015582,2,1,0,18,0,1,0,0,0,0,1,1,6,1,22,5,-1,-1,-1,4,1
2014450015584,1,1,0,18,0,0,0,0,0,0,0,1,6,1,49,8,-1,-1,-1,10,3
2014450015585,1,9,0,17,0,0,1,10,1,0,1,1,6,2,20,4,1388,1,12,9,1
2014450015589,1,9,0,5,0,1,0,0,0,0,1,1,6,2,54,8,1248,2,7,7,3
2014450015589,2,9,0,3,0,1,0,0,0,0,2,1,6,3,-1,-1,-1,-1,-1,-1,-1
2014450015589,3,9,0,3,0,1,0,0,0,0,2,1,6,3,-1,-1,-1,-1,-1,-1,-1
2014450015592,1,9,0,5,0,0,0,0,0,0,1,1,6,1,59,9,1598,1,9,6,1
2014450015592,2,9,0,18,0,0,0,0,0,0,1,1,6,1,25,5,999,1,14,6,1
2014450015599,1,9,0,18,9,8,0,0,0,0,1,1,6,1,-1,-1,1996,1,17,10,1
2014450015600,1,5,0,13,0,0,0,0,7,0,1,1,2,1,30,6,599,1,9,7,3
2014450015600,2,9,0,9,0,0,0,0,0,0,3,1,2,2,24,5,1299,1,13,4,1
2014450015601,1,9,0,16,0,1,0,0,0,0,1,1,6,1,56,9,2268,2,-1,9,1
2014450015601,2,9,0,14,0,1,0,0,0,0,1,1,6,2,45,7,1299,1,10,9,1
2014450015607,1,9,0,9,0,6,0,0,0,0,1,1,6,1,69,10,2401,2,8,8,1
2014450015607,2,1,0,18,0,8,0,0,0,0,1,1,6,2,51,8,-1,-1,-1,9,1
2014450015618,1,9,0,18,0,0,0,0,0,0,2,1,6,2,44,7,2179,2,7,10,1
2014450015618,2,9,0,18,0,0,0,0,0,0,2,1,6,2,49,8,998,1,4,2,1
2014450015618,3,9,0,18,0,0,0,0,0,0,1,1,6,2,53,8,2295,1,13,6,1
2014450015621,1,9,0,3,0,0,0,0,0,0,2,1,6,2,51,8,1598,2,2,10,1
2014450015621,2,9,0,4,0,0,0,0,0,0,1,1,2,1,74,10,1339,1,12,5,1
2014450015622,1,5,0,16,0,0,0,0,0,0,1,1,6,1,38,7,883,1,-1,8,3
2014450015625,1,9,0,18,0,2,0,0,0,0,2,1,6,1,-1,-1,1422,2,13,9,1
2014450015625,2,9,0,18,0,2,0,0,0,0,1,1,6,2,39,7,1910,2,10,9,1
2014450015629,1,1,0,18,0,0,2,0,0,0,0,1,6,1,51,8,-1,-1,-1,10,1
2014450015631,1,9,0,17,0,0,2,0,8,0,1,1,2,1,59,9,1388,1,5,7,1
2014450015633,1,9,0,9,0,0,0,0,0,0,0,1,6,3,-1,-1,-1,-1,-1,-1,-1
2014450015634,1,9,0,18,0,8,0,0,0,0,1,1,6,2,-1,-1,-1,-1,-1,-1,-1
2014450015642,1,9,0,3,0,4,0,0,0,0,2,1,6,2,31,6,1995,2,8,8,1
2014450015642,2,19,0,18,0,4,0,0,0,0,1,1,6,1,41,7,2402,2,11,8,1
2014450015642,3,90,0,18,0,8,0,0,0,0,0,1,1,3,-1,-1,-1,-1,-1,-1,-1
2014450015646,1,9,0,2,0,0,0,0,0,0,4,1,6,2,45,7,2179,2,2,10,3
2014450015646,2,9,0,18,0,0,0,0,0,0,3,1,6,3,-1,-1,1596,1,11,-1,-1
2014450015647,1,1,0,17,0,0,0,0,1,0,1,1,6,2,45,7,-1,-1,-1,9,1
2014450015649,1,9,0,18,0,0,1,0,1,7,1,1,6,2,21,5,1149,1,10,10,1
2014450015651,1,20,0,18,0,0,0,5,0,0,1,1,1,1,56,9,4764,2,1,1,1
2014450015653,1,9,0,18,0,1,0,0,0,0,3,1,6,2,27,6,1998,1,8,4,1
2014450015654,1,9,0,4,0,0,0,0,0,0,1,1,6,1,25,5,1298,1,15,4,1
2014450015654,2,9,0,4,0,0,0,0,0,0,2,1,6,2,51,8,1896,2,6,9,1
2014450015655,1,9,0,18,0,0,0,4,0,0,1,1,6,2,34,6,1598,1,11,6,1
2014450015655,2,9,0,2,0,0,0,0,0,0,2,1,6,2,-1,-1,2720,2,7,10,1
2014450015658,1,9,0,18,0,0,2,0,1,0,3,1,6,1,45,7,1796,1,10,4,1
2014450015659,1,9,0,18,0,0,0,0,1,2,4,1,1,2,49,8,1560,2,1,3,1
2014450015659,2,9,0,6,0,0,0,0,0,0,1,1,6,1,22,5,999,1,15,10,1
2014450015660,1,9,0,18,0,8,5,0,0,0,1,1,6,1,61,9,1198,1,5,10,1
2014450015660,2,9,0,18,0,8,5,0,0,0,1,1,6,1,32,6,1124,1,12,9,1
2014450015660,3,9,0,18,0,8,0,0,0,0,2,1,6,1,21,5,1598,1,11,4,1
2014450015661,1,9,0,17,0,0,1,0,1,0,1,1,6,2,18,4,973,1,13,7,1
2014450015661,2,9,0,16,0,0,0,0,1,0,1,1,2,1,34,6,1870,2,10,7,1
2014450015662,1,9,0,9,0,5,0,0,1,0,2,1,6,2,33,6,1560,2,9,8,1
2014450015662,2,9,0,4,0,1,0,0,1,0,1,1,6,2,36,7,1599,1,11,10,1
2014450015663,1,9,0,18,0,3,1,0,1,0,1,1,6,1,17,4,1229,1,9,10,1
2014450015664,1,9,0,16,0,0,0,0,7,11,1,1,6,1,21,5,998,1,2,-1,3
2014450015665,1,9,0,18,0,0,0,0,5,0,1,1,6,1,31,6,2435,1,9,-1,1
2014450015665,2,9,0,4,0,0,0,0,0,0,2,1,6,2,66,10,998,1,2,5,1
2014450015666,1,9,0,12,0,0,0,0,0,0,3,1,6,2,31,6,1299,1,11,10,2
2014450015666,2,21,1,5,0,0,0,0,0,0,4,1,1,1,49,8,-1,-1,-1,10,1
2014450015668,1,1,0,18,0,8,0,0,0,0,1,1,6,1,53,8,-1,-1,-1,10,1
2014450015668,2,9,0,9,0,8,0,0,0,0,3,1,6,2,70,10,1240,1,9,7,1
2014450015672,1,1,0,18,0,2,0,0,0,0,2,1,1,1,32,6,-1,-1,-1,4,1
2014450015672,2,9,0,5,0,6,0,0,0,0,1,1,1,1,54,8,1995,2,5,6,1
2014450015677,1,1,0,14,0,0,0,0,0,0,1,1,2,2,63,9,-1,-1,-1,8,1
2014450015677,2,9,0,5,0,0,0,0,0,0,3,1,6,2,20,4,1589,1,8,9,1
2014450015682,1,9,0,17,0,0,1,0,0,0,3,1,1,1,30,6,1598,1,15,7,1
2014450015682,2,9,0,16,0,0,0,0,1,0,3,1,1,1,25,5,-1,-1,-1,-1,2
2014450015684,1,9,0,3,0,1,0,0,0,0,0,1,6,1,57,9,2979,1,1,9,1
2014450015684,2,9,0,3,0,1,0,0,0,0,2,1,6,1,20,4,973,1,13,10,1
2014450015684,3,9,0,18,0,1,0,0,0,0,1,1,6,2,-1,-1,2993,2,2,8,3
2014450015686,1,1,0,18,0,0,0,0,0,0,3,1,6,1,42,7,-1,-1,-1,9,1
2014450015686,2,9,0,13,0,0,0,0,0,0,4,1,6,1,34,6,1896,2,12,8,1
2014450015689,1,9,0,1,0,0,0,0,0,0,1,1,6,2,79,11,1600,1,9,10,1
2014450015689,2,9,0,1,0,0,0,0,0,0,2,1,6,2,29,6,1598,1,7,9,1
2014450015690,1,9,0,18,0,0,0,0,0,0,1,1,6,1,44,7,1989,1,15,8,3
2014450015690,2,9,0,18,0,0,0,0,0,0,2,1,6,1,33,6,2198,2,7,10,1
2014450015691,1,9,0,18,0,1,0,0,0,0,1,1,6,2,39,7,999,1,2,9,3