Accident_Index,Vehicle_Reference,Vehicle_Type,Towing_and_Articulation,Vehicle_Manoeuvre,Vehicle_Location-Restricted_Lane,Junction_Location,Skidding_and_Overturning,Hit_Object_in_Carriageway,Vehicle_Leaving_Carriageway,Hit_Object_off_Carriageway,1st_Point_of_Impact,Was_Vehicle_Left_Hand_Drive?,Journey_Purpose_of_Driver,Sex_of_Driver,Age_of_Driver,Age_Band_of_Driver,Engine_Capacity_(CC),Propulsion_Code,Age_of_Vehicle,Driver_IMD_Decile,Driver_Home_Area_Type
2014450016640,2,9,0,18,0,0,0,0,0,0,0,1,6,3,-1,-1,-1,-1,-1,-1,-1
2014450016640,3,9,0,2,0,0,0,0,1,0,0,1,6,1,23,5,1598,1,9,7,1
2014450016641,1,9,0,16,0,0,0,0,0,0,1,1,6,2,41,7,1198,1,2,9,1
2014450016641,2,9,0,17,0,0,1,0,0,0,1,1,6,1,43,7,1598,1,8,10,1
2014450016641,3,9,0,16,0,0,0,0,0,0,3,1,6,2,45,7,1796,1,14,7,1
2014450016641,4,9,0,16,0,0,0,0,0,0,1,1,6,2,49,8,1197,1,2,8,2
2014450016642,1,9,0,9,0,6,0,0,0,0,3,1,6,1,82,11,1339,1,5,10,1
2014450016642,2,9,0,18,0,1,0,0,0,0,0,1,6,1,69,10,1360,1,10,10,1
2014450016643,1,1,0,18,0,0,5,0,0,0,4,1,6,1,-1,-1,-1,-1,-1,10,1
2014450016644,1,1,0,4,0,0,5,0,1,0,1,1,6,1,21,5,-1,-1,-1,3,1
2014450016646,1,9,0,18,0,0,0,0,1,0,3,1,6,1,22,5,2495,2,20,5,1
2014450016647,1,9,0,18,0,1,0,0,0,0,1,1,6,1,55,8,1197,1,4,10,2
2014450016647,2,1,0,9,0,6,0,0,0,0,3,1,6,1,-1,-1,-1,-1,-1,-1,-1
2014450016655,1,9,0,18,0,0,0,0,0,0,1,1,6,1,-1,-1,-1,-1,-1,10,1
2014450016655,2,9,0,18,0,0,0,0,0,0,2,1,6,1,30,6,1596,1,11,5,1
2014450016661,1,9,0,3,0,1,0,0,0,0,2,1,6,2,39,7,1299,1,12,6,1
2014450016661,2,9,0,3,0,1,0,0,0,0,1,1,6,2,26,6,998,1,12,10,1
2014450016661,3,9,0,4,0,1,0,0,0,0,1,1,6,2,23,5,1360,1,11,10,1
2014450016663,1,9,0,10,0,1,0,0,0,0,1,1,1,1,22,5,973,1,11,7,1
2014450016663,2,1,0,18,4,1,0,0,0,0,1,1,1,1,40,7,-1,-1,-1,6,1
2014450016663,3,9,0,18,0,1,0,0,0,0,0,1,6,1,-1,-1,-1,-1,-1,-1,-1
2014450016667,1,1,0,18,0,0,0,0,0,0,0,1,6,1,50,8,-1,-1,-1,8,1
2014450016669,1,3,0,4,0,1,2,0,0,0,3,1,6,1,42,7,124,1,5,10,1
2014450016670,1,9,0,5,0,0,0,0,0,0,1,1,6,1,26,6,1596,1,11,9,1
2014450016677,1,1,0,18,4,8,0,0,0,0,3,1,6,1,10,2,-1,-1,-1,9,3
2014450016677,2,9,0,8,4,8,0,0,0,0,1,1,6,2,-1,-1,1995,1,3,9,1
2014450016683,1,8,0,5,0,0,0,0,0,0,4,1,1,1,49,8,1968,2,4,3,1
2014450016683,2,1,0,18,0,0,5,0,0,0,1,1,6,1,36,7,-1,-1,-1,4,1
2014450016689,1,19,0,9,0,8,0,0,0,0,3,1,6,1,27,6,2402,2,13,6,1
2014450016689,2,4,0,18,0,8,5,0,1,0,4,1,2,2,38,7,249,1,4,6,1
2014450016691,1,5,0,18,0,1,0,0,0,0,1,1,6,1,50,8,599,1,9,6,1
2014450016691,2,9,0,9,9,6,0,0,1,0,1,1,6,2,79,11,2198,1,14,6,2
2014450016692,1,9,0,18,0,0,0,0,0,0,1,1,6,2,54,8,1762,1,16,5,1
2014450016692,2,9,0,18,0,0,0,0,1,0,1,1,6,1,63,9,1399,2,5,8,1
2014450016694,1,9,0,16,0,8,1,7,8,9,1,1,6,2,21,5,998,1,-1,10,1
2014450016695,1,9,0,18,0,1,0,0,0,0,1,1,6,2,48,8,1396,1,18,8,2
2014450016695,2,9,0,18,0,1,0,0,0,0,2,1,6,1,52,8,-1,-1,-1,10,1
2014450016695,3,9,0,18,0,1,0,0,0,0,2,1,6,1,19,4,973,1,14,7,3
2014450016699,1,9,0,5,0,2,0,0,0,0,1,1,6,2,30,6,1995,2,4,10,1
2014450016699,2,1,0,18,0,1,0,0,0,0,4,1,1,2,27,6,-1,-1,-1,8,1
2014450016700,1,9,0,15,0,2,0,0,0,0,1,1,6,2,31,6,1390,1,14,8,1
2014450016700,2,1,0,18,0,2,0,0,0,0,4,1,6,1,9,2,-1,-1,-1,8,1
2014450016702,1,5,0,6,0,1,0,0,0,0,4,1,6,1,42,7,-1,-1,-1,10,1
2014450016702,2,9,0,18,0,1,0,0,0,0,1,1,2,2,51,8,1586,1,1,6,3
2014450016704,1,3,0,18,0,1,5,0,0,0,1,1,6,1,17,4,124,1,16,6,1
2014450016708,1,9,0,5,0,1,0,0,0,0,3,1,3,2,28,6,1995,2,7,6,1
2014450016708,2,1,0,11,0,8,0,0,0,0,1,1,6,2,18,4,-1,-1,-1,10,1
2014450016710,1,1,0,18,0,0,0,0,0,0,2,1,6,1,58,9,-1,-1,-1,-1,-1
2014450016710,2,9,0,18,0,0,0,0,0,0,1,1,6,1,22,5,1995,2,10,1,1
2014450016710,3,9,0,18,0,0,0,0,0,0,1,1,6,1,40,7,1198,1,5,10,1
2014450016710,4,9,0,18,0,0,0,0,0,0,1,1,6,1,41,7,1560,2,8,8,1
2014450016710,5,9,0,18,0,0,0,0,0,0,1,1,6,2,37,7,1968,2,3,3,1
2014450016710,6,9,0,18,0,0,0,0,0,0,1,1,6,1,33,6,1998,2,7,5,1
2014450016710,7,9,0,18,0,0,0,0,0,0,1,1,6,2,33,6,1461,2,-1,9,1
2014450016710,8,9,0,18,0,0,0,0,0,0,1,1,6,1,40,7,1794,1,8,9,1
2014450016711,1,9,0,11,0,3,0,10,1,0,2,1,6,1,-1,-1,2084,1,12,10,1
2014450016711,2,9,0,18,0,4,0,0,0,0,1,1,6,2,26,6,1596,1,5,3,1
2014450016714,1,19,0,4,0,0,0,0,0,0,1,1,6,3,26,6,2198,2,1,8,1
2014450016714,2,9,0,4,0,0,0,0,0,0,2,1,1,1,27,6,-1,-1,-1,6,1
2014450016715,1,9,0,9,0,6,0,0,0,0,1,1,3,2,39,7,1956,2,1,-1,-1
2014450016715,2,19,0,18,0,1,0,0,1,0,4,1,1,1,33,6,2198,2,5,8,1
2014450016717,1,9,0,4,0,0,0,0,0,0,1,1,6,1,20,4,1242,1,13,10,1
2014450016717,2,9,0,4,0,0,0,0,0,0,2,1,6,1,30,6,1796,1,11,-1,1
2014450016718,1,9,0,10,0,1,0,0,0,0,2,1,6,1,64,9,1596,1,1,6,1
2014450016718,2,9,0,18,0,1,0,10,1,2,1,1,6,1,24,5,-1,-1,-1,8,1
2014450016724,1,3,0,7,9,1,1,0,0,0,4,1,6,1,84,11,124,1,14,5,1
2014450016726,1,1,0,18,0,0,0,0,0,0,0,1,6,2,36,7,-1,-1,-1,7,2
2014450016728,1,1,0,7,0,0,0,0,1,0,1,1,6,1,20,4,-1,-1,-1,9,1
2014450016735,1,1,0,18,0,0,0,0,0,0,1,1,6,1,44,7,-1,-1,-1,9,1
2014450016738,1,9,0,18,0,0,5,0,1,0,1,1,6,1,16,4,1299,1,15,6,1
2014450016742,1,9,0,18,0,1,0,0,0,0,2,1,2,2,44,7,1386,1,7,10,1
2014450016742,2,9,0,18,0,1,0,0,0,0,1,1,6,2,38,7,1995,2,3,10,1
2014450016742,3,9,0,18,0,1,0,0,0,0,2,1,6,2,40,7,1400,1,14,10,1
2014450016745,1,9,0,7,0,7,0,0,0,0,4,1,6,1,-1,-1,-1,-1,-1,10,1
2014450016745,2,9,0,16,0,7,0,0,0,0,3,1,6,2,29,6,1986,2,8,6,1
2014450016746,1,9,0,5,0,6,0,0,0,0,1,1,3,2,42,7,1390,1,5,10,1
2014450016746,2,9,0,18,0,1,0,0,0,0,1,1,3,2,39,7,1995,2,4,10,1
2014450016748,1,9,0,9,0,8,0,0,0,0,3,1,6,2,52,8,1248,1,1,10,1
2014450016748,2,11,0,18,0,8,0,0,0,0,1,1,1,1,57,9,8300,2,17,6,1
2014450016749,1,11,0,14,0,2,0,0,0,0,1,1,1,1,35,6,5883,2,13,5,1
2014450016749,2,1,0,14,0,2,0,0,0,0,2,1,6,1,29,6,-1,-1,-1,7,1
2014450016752,1,19,0,9,0,8,0,0,0,0,3,1,1,1,44,7,-1,-1,-1,6,2
2014450016752,2,9,0,7,0,8,0,0,0,0,4,1,2,2,22,5,1390,1,11,6,1
2014450016762,1,9,0,16,0,1,0,0,0,0,1,1,6,1,57,9,1968,2,5,6,1
2014450016762,2,8,0,17,0,1,0,0,0,0,2,1,6,1,34,6,1997,2,7,4,1
2014450016764,1,9,0,18,0,1,0,0,0,0,1,1,6,1,43,7,-1,-1,-1,5,1
2014450016764,2,9,0,4,0,1,0,0,0,0,2,1,1,1,45,7,-1,-1,-1,8,1
2014450016764,3,9,0,10,0,1,0,0,0,0,2,1,6,2,38,7,2698,2,5,10,1
2014450016765,1,9,0,4,0,0,0,0,0,0,2,1,6,2,60,9,1197,1,1,10,1
2014450016765,2,9,0,4,0,0,0,0,0,0,2,1,6,1,34,6,1968,2,6,5,1
2014450016765,3,9,0,4,0,0,0,0,0,0,2,1,6,1,49,8,1560,2,7,8,3
2014450016765,4,9,0,4,0,0,0,0,0,0,1,1,6,1,26,6,1242,1,2,5,1
2014450016767,1,9,0,12,0,1,0,0,0,0,2,1,6,1,56,9,2987,2,6,8,3
2014450016767,2,9,0,18,0,8,0,0,0,0,1,1,6,1,20,4,1061,1,11,10,1
2014450016769,1,9,0,9,0,6,0,0,0,0,1,1,6,2,-1,-1,-1,-1,-1,10,1
2014450016769,2,1,0,18,0,2,5,0,0,0,3,1,1,2,23,5,-1,-1,-1,9,1
2014450016770,1,1,0,18,0,1,5,0,0,0,0,1,6,1,19,4,-1,-1,-1,9,1
2014450016775,1,21,1,5,0,0,0,0,0,0,2,1,1,1,25,5,6692,2,2,6,1
2014450016775,2,9,0,4,0,0,0,0,0,0,1,1,1,1,44,7,2179,2,2,9,1
2014450016775,3,21,1,4,0,0,0,0,0,0,2,1,1,1,43,7,4461,2,6,2,1
2014450016776,1,9,0,3,0,1,0,0,0,0,2,1,6,2,29,6,1560,2,9,6,1
2014450016776,2,9,0,4,0,1,1,0,0,0,1,1,6,1,21,5,-1,-1,-1,5,1
2014450016777,1,9,0,18,0,1,0,0,7,0,1,1,1,1,33,6,-1,-1,-1,8,1
2014450016777,2,21,0,18,0,1,0,0,0,0,2,1,1,1,54,8,10518,2,3,10,1
2014450016777,3,9,0,18,0,1,0,0,1,0,1,1,6,1,50,8,-1,-1,-1,7,3
2014450016778,1,1,0,7,0,0,0,0,0,0,0,1,6,1,44,7,-1,-1,-1,10,1
2014450016778,2,1,0,7,0,0,0,0,0,0,0,1,6,1,30,6,-1,-1,-1,9,1
2014450016779,1,9,0,1,0,0,0,0,0,0,2,1,6,2,35,6,1997,2,1,10,1
2014450016779,2,1,0,18,0,0,0,0,0,0,4,1,6,2,69,10,-1,-1,-1,10,1
2014450016788,1,9,0,18,0,0,0,0,0,0,4,1,6,3,-1,-1,998,1,18,-1,-1
2014450016788,2,9,0,18,0,0,0,0,0,0,3,1,6,1,37,7,1397,1,13,8,1
2014450016789,1,1,0,9,0,8,0,0,0,0,2,1,6,2,25,5,-1,-1,-1,10,1
2014450016789,2,9,0,18,0,4,0,0,0,0,1,1,6,3,-1,-1,1198,1,7,-1,-1
2014450016798,1,19,0,18,0,8,0,0,0,0,1,1,6,1,51,8,1996,2,-1,2,1
2014450016798,2,9,0,18,0,8,1,0,7,0,4,1,6,2,60,9,1596,1,7,5,1
2014450016800,1,9,0,18,0,2,0,0,0,0,1,1,6,1,41,7,2198,1,10,6,1
2014450016800,2,9,0,4,0,2,0,0,0,0,2,1,6,1,54,8,2993,2,1,9,3
2014450016805,1,9,0,9,0,5,5,0,0,0,4,1,1,2,24,5,1461,2,3,10,1
2014450016805,2,9,0,18,0,8,0,0,0,0,1,1,2,1,32,6,1598,1,7,10,1
2014450016806,1,9,0,16,0,0,2,10,5,4,3,1,6,1,39,7,1796,1,10,8,1
2014450016807,1,3,0,13,0,0,0,0,0,0,4,1,6,1,17,4,124,1,3,10,1
2014450016807,2,9,0,12,0,0,0,0,0,0,3,1,6,2,40,7,2000,2,9,6,1
2014450016808,1,19,0,4,0,0,0,0,0,0,1,1,1,1,23,5,1998,2,11,9,1
2014450016808,2,9,0,4,0,0,0,0,0,0,2,1,1,1,37,7,2362,1,4,5,1
2014450016809,1,9,0,18,0,8,0,0,0,0,1,1,1,1,28,6,1988,1,15,8,1
2014450016809,2,9,0,9,0,8,0,0,0,0,4,1,1,2,34,6,1587,1,8,10,1
2014450016810,1,9,0,9,0,6,1,0,0,0,3,1,2,2,51,8,1200,1,1,9,3
2014450016810,2,9,0,18,0,1,0,0,0,0,1,1,2,2,34,6,2000,1,9,-1,3
2014450016812,1,4,0,17,0,1,2,0,0,0,0,1,4,1,23,5,645,1,14,8,3
2014450016813,1,9,0,9,0,8,0,0,0,0,3,1,6,2,35,6,-1,-1,-1,9,3
2014450016813,2,9,0,18,0,8,0,0,0,0,3,1,2,2,71,10,1299,1,7,5,1
2014450016814,1,9,0,18,0,1,0,0,0,0,1,1,6,1,48,8,1596,1,8,10,1
2014450016814,2,9,0,18,0,1,0,0,0,0,2,1,6,1,22,5,1364,1,5,6,1
2014450016815,1,9,0,4,0,0,0,0,0,0,1,1,6,1,36,7,999,1,8,10,1
2014450016815,2,9,0,3,0,0,0,0,0,0,2,1,1,1,36,7,1582,2,3,10,2
2014450016816,91,20,0,18,0,2,0,0,0,0,1,1,1,1,43,7,4461,2,6,3,1
2014450016817,1,9,0,18,0,1,0,0,0,0,1,1,6,2,61,9,1398,1,3,-1,3
2014450016817,2,90,0,18,0,1,0,0,0,0,2,1,1,1,28,6,-1,-1,-1,8,1
2014450016820,1,9,0,18,0,1,1,0,2,2,1,1,3,1,42,7,1398,1,2,10,1
2014450016823,1,9,0,4,0,0,0,0,0,0,1,1,6,2,-1,-1,-1,-1,-1,-1,-1
2014450016823,2,9,0,3,0,0,0,0,0,0,2,1,6,2,48,8,2149,2,7,6,1
2014450016824,1,9,0,18,0,0,0,0,0,0,1,1,2,1,18,4,998,1,9,9,1
2014450016825,1,9,0,4,0,1,0,0,1,4,1,1,6,2,77,11,1769,1,10,9,1
2014450016826,1,5,0,16,0,8,0,0,0,0,3,1,6,1,47,8,899,1,16,6,1
2014450016826,2,9,0,9,0,6,0,0,0,0,4,1,2,2,23,5,1596,1,11,9,1
2014450016827,1,9,0,9,0,8,0,0,0,0,1,1,6,2,55,8,1596,1,10,9,1
2014450016827,2,9,0,9,0,8,0,0,0,0,2,1,6,1,53,8,998,1,-1,9,1
2014450016829,1,9,0,17,0,8,0,0,0,0,1,1,6,2,65,9,1498,1,4,9,1
2014450016831,1,9,0,18,0,7,0,0,0,0,2,1,6,1,19,4,1242,1,14,6,1
2014450016831,2,9,0,18,0,7,0,0,0,0,1,1,6,2,32,6,1997,1,7,9,1
2014450016834,1,9,0,18,0,4,0,0,0,0,1,1,1,1,34,6,1997,2,6,8,1
2014450016834,2,3,0,18,0,1,0,0,0,0,2,1,6,1,24,5,124,1,6,9,1
2014450016834,3,9,0,18,0,1,0,0,0,0,2,1,6,1,-1,-1,-1,-1,-1,-1,-1
2014450016835,1,9,0,9,0,4,0,0,0,0,1,1,6,1,73,10,1796,1,7,10,1
2014450016835,2,9,0,18,0,8,0,0,0,0,4,1,6,2,43,7,2000,2,3,8,1
2014450016838,1,9,0,9,0,6,0,0,0,0,3,1,6,2,18,4,1390,1,11,6,1
2014450016838,2,1,0,18,0,1,0,0,0,0,1,1,6,1,31,6,-1,-1,-1,3,1
2014450016840,1,9,0,17,0,0,0,0,1,0,1,1,6,2,69,10,1598,1,2,10,3
2014450016841,1,9,0,5,0,0,0,0,0,0,4,1,6,1,63,9,2184,2,9,9,1
2014450016842,1,9,0,6,0,0,0,0,0,0,3,1,6,1,21,5,1368,1,5,8,1
2014450016842,2,5,0,18,0,0,5,0,0,0,1,1,6,1,23,5,599,1,9,7,1
2014450016843,1,9,0,16,0,0,5,0,1,0,4,1,6,1,44,7,2720,2,9,6,2
2014450016844,1,9,0,3,0,1,0,0,0,0,2,1,6,1,31,6,2979,1,5,10,1
2014450016844,2,9,0,4,0,1,0,0,0,0,1,1,6,1,23,5,1364,1,4,10,1
2014450016845,1,5,0,16,0,0,1,0,0,0,0,1,6,1,54,8,1284,1,10,6,3
2014450016846,1,19,0,9,0,6,0,0,0,0,1,1,6,1,26,6,2402,2,9,3,1
2014450016846,2,1,0,18,0,8,0,0,0,0,1,1,6,1,36,7,-1,-1,-1,8,1
2014450016849,1,9,0,18,0,0,0,0,1,0,1,1,2,1,24,5,1390,1,13,9,1
2014450016850,1,9,0,18,0,0,0,0,0,0,1,1,6,1,26,6,1390,1,8,3,1
2014450016850,2,9,0,18,0,0,1,0,1,0,2,1,6,2,39,7,2687,1,6,9,1
2014450016852,1,9,0,7,0,1,0,0,0,0,4,1,1,1,39,7,1560,2,2,-1,-1
2014450016852,2,9,0,18,0,6,0,0,0,0,1,1,6,1,65,9,2496,1,9,8,3
2014450016854,1,1,0,9,5,0,1,0,1,0,0,1,6,1,56,9,-1,-1,-1,10,1
2014450016855,1,9,0,18,0,1,0,0,0,0,1,1,2,1,21,5,1299,1,13,5,1
2014450016855,2,9,0,10,0,5,0,0,7,0,2,1,6,1,54,8,1798,1,11,10,1
2014450016858,1,9,0,18,0,0,0,0,0,0,1,1,6,1,27,6,1391,1,12,8,1
2014450016858,2,9,0,18,0,0,0,0,0,0,2,1,6,1,41,7,-1,-1,-1,6,1
2014450016859,1,9,0,9,0,6,0,0,0,0,3,1,6,1,19,4,1781,1,17,10,2
2014450016859,2,9,0,18,0,8,0,0,0,0,1,1,1,1,35,6,-1,-1,-1,2,1
2014450016860,1,9,0,18,0,0,0,0,0,0,1,1,6,2,43,7,1840,1,15,7,1
2014450016861,1,90,4,18,0,0,1,0,3,0,1,1,6,1,48,8,-1,-1,-1,6,3
2014450016861,2,9,0,8,0,0,0,0,0,0,1,1,6,1,45,7,2179,2,4,6,3
2014450016862,1,9,0,16,0,0,0,0,2,0,1,1,6,1,19,4,1598,1,9,8,1
2014450016863,1,3,0,15,0,0,2,0,0,0,1,1,1,1,21,5,124,1,1,10,1
2014450016863,2,20,0,4,0,0,0,0,0,0,2,1,1,1,36,7,-1,-1,-1,10,1
2014450016863,3,20,0,4,0,0,0,0,0,0,0,1,1,1,38,7,-1,-1,-1,6,1
2014450016864,1,1,0,9,0,1,0,0,0,0,2,1,6,1,12,3,-1,-1,-1,10,1
2014450016864,2,11,0,5,0,1,0,0,0,0,1,1,1,1,30,6,4500,2,6,4,1
2014450016865,1,9,0,18,0,0,0,0,0,0,0,1,6,3,-1,-1,-1,-1,-1,-1,-1
2014450016865,2,5,0,14,0,0,5,0,0,0,0,1,6,1,29,6,-1,-1,-1,9,1
2014450016865,3,9,0,18,0,0,0,0,0,0,1,1,6,2,54,8,1598,1,8,5,1
2014450016866,1,1,0,18,0,1,0,0,0,0,0,1,6,1,39,7,-1,-1,-1,10,1
2014450016866,2,9,0,18,0,1,0,0,0,0,0,1,6,1,41,7,2148,2,9,10,1
2014450016867,1,9,0,18,0,0,1,0,5,0,1,1,6,2,33,6,1395,1,-1,4,1
2014450016868,1,9,0,9,0,6,0,0,0,0,3,1,6,1,42,7,1997,2,5,5,1
2014450016868,2,1,0,18,0,1,5,0,0,0,1,1,1,1,42,7,-1,-1,-1,9,1
2014450016869,1,9,0,14,0,0,5,0,2,0,1,1,6,2,20,4,1124,1,8,10,2
2014450016869,2,9,0,2,0,0,0,0,0,0,2,1,6,2,-1,-1,999,1,2,8,3
2014450016870,1,9,0,18,0,0,0,0,0,0,1,1,6,2,37,7,2995,1,12,9,1
2014450016870,2,9,0,18,0,0,0,0,0,0,2,1,6,1,32,6,2143,2,2,9,1
2014450016872,1,9,0,9,0,4,0,0,0,0,0,1,3,2,53,8,1992,2,8,10,1
2014450016872,2,3,0,18,0,4,1,0,0,0,0,1,2,1,44,7,1731,1,2,6,1
2014450016873,1,9,0,9,0,5,0,0,0,0,4,1,6,1,18,4,1199,1,13,9,1
2014450016873,2,9,0,18,0,1,0,0,0,0,1,1,6,1,37,7,1461,2,6,5,1
2014450016874,1,21,1,18,0,0,0,0,0,0,3,1,1,1,41,7,-1,-1,-1,-1,-1
2014450016874,2,9,0,18,0,0,0,0,0,0,4,1,1,1,57,9,1598,2,1,7,1
2014450016875,1,1,0,16,0,0,1,0,0,0,1,1,6,1,28,6,-1,-1,-1,3,1
2014450016875,2,9,0,17,0,0,0,0,0,0,1,1,6,1,41,7,-1,-1,-1,10,3
2014450016881,1,9,0,9,0,1,0,0,0,0,1,1,6,2,60,9,2362,1,9,10,1
2014450016881,2,1,0,18,0,8,5,0,0,0,1,1,6,1,17,4,-1,-1,-1,8,1
2014450016883,1,1,0,18,0,8,0,0,0,0,1,1,6,2,51,8,-1,-1,-1,4,1
2014450016883,2,9,0,5,0,8,0,0,0,0,1,1,2,1,33,6,1896,2,12,-1,1
2014450016887,1,9,0,16,0,1,1,0,1,0,4,1,6,2,72,10,1587,1,17,10,1
2014450016889,1,9,0,18,0,2,0,10,1,0,1,1,6,1,24,5,1598,1,9,8,1
2014450016889,2,1,0,3,0,1,0,0,0,0,3,1,6,3,-1,-1,-1,-1,-1,-1,-1
2014450016890,1,21,1,12,0,4,0,0,0,0,1,2,1,1,48,8,-1,-1,-1,-1,-1
2014450016890,2,9,0,18,0,4,1,0,0,0,4,1,6,1,55,8,2987,2,7,3,1
2014450016891,1,9,0,18,0,1,1,0,0,0,1,1,6,2,23,5,1299,1,13,10,3
2014450016891,2,9,0,18,0,8,0,0,0,0,1,1,6,2,43,7,1598,1,1,10,1
2014450016892,1,9,0,18,0,8,0,7,1,0,2,1,6,1,63,9,1124,1,11,8,1
2014450016892,2,21,1,18,0,8,0,0,0,0,1,2,1,1,29,6,-1,-1,-1,-1,-1
2014450016892,3,21,1,18,0,8,0,0,0,0,0,1,1,3,-1,-1,-1,-1,-1,-1,-1
2014450016893,1,9,0,18,0,1,0,0,0,0,1,1,6,2,37,7,1598,1,12,8,1
2014450016893,2,9,0,18,0,1,0,0,0,0,2,1,6,2,23,5,1598,1,8,9,1
2014450016893,3,9,0,18,0,1,0,0,0,0,1,1,6,1,44,7,1796,1,8,3,1
2014450016893,4,9,0,9,0,5,0,0,0,0,2,1,6,2,31,6,1360,1,9,9,1
2014450016894,1,9,0,3,0,0,0,0,0,0,2,1,6,1,23,5,1397,1,3,7,1
2014450016894,2,9,0,4,0,0,0,0,0,0,1,1,6,1,84,11,1360,1,11,7,1
2014450016899,1,9,0,4,0,2,0,0,0,0,2,1,1,1,49,8,1968,2,1,4,1
2014450016899,2,9,0,4,0,2,1,0,0,0,1,1,1,2,47,8,1598,1,12,9,1
2014450016900,1,9,0,5,0,4,0,0,0,0,1,1,6,1,68,10,3199,1,11,10,2
2014450016900,2,1,0,18,0,8,0,0,0,0,4,1,6,1,48,8,-1,-1,-1,9,2
2014450016901,1,1,0,18,0,0,0,0,0,0,1,1,1,1,47,8,-1,-1,-1,9,3
2014450016901,2,9,0,3,0,0,0,0,0,0,0,1,6,3,-1,-1,-1,-1,-1,-1,-1
2014450016903,1,9,0,18,0,1,0,0,0,0,1,1,6,1,42,7,1587,1,12,6,1
2014450016903,2,9,0,18,0,1,0,0,0,0,2,1,6,1,65,9,2148,2,9,9,1
2014450016903,3,9,0,18,0,1,0,0,0,0,2,1,6,2,37,7,1598,1,2,6,1
2014450016904,1,9,0,5,0,0,0,4,0,0,1,1,6,3,-1,-1,-1,-1,-1,-1,-1
2014450016904,2,9,0,3,0,0,0,0,0,0,4,1,1,1,29,6,1560,2,1,6,1
2014450016904,3,9,0,3,0,0,0,0,0,0,2,1,1,1,34,6,2993,2,1,10,1
2014450016905,1,19,0,13,0,8,0,0,0,0,4,1,6,3,-1,-1,-1,-1,-1,-1,-1
2014450016905,2,1,0,16,0,8,1,0,0,0,3,1,6,2,35,6,-1,-1,-1,10,1
2014450016905,3,9,0,17,0,8,1,0,0,0,3,1,6,3,-1,-1,-1,-1,-1,-1,-1
2014450016907,1,9,0,18,0,1,0,0,0,0,4,1,6,2,69,10,1796,1,15,5,1
2014450016907,2,1,0,18,0,1,0,0,0,0,1,1,6,1,14,3,-1,-1,-1,5,1
2014450016908,1,9,0,17,0,0,1,0,7,0,1,1,2,1,46,8,1796,1,14,5,1
2014450016910,1,9,0,18,0,5,0,0,7,0,2,1,6,2,74,10,1390,1,-1,4,1
2014450016910,2,9,0,18,0,1,0,0,0,0,0,1,6,3,-1,-1,-1,-1,-1,-1,-1
2014450016913,1,1,0,18,0,8,0,0,0,0,4,1,1,2,47,8,-1,-1,-1,4,1
2014450016913,2,9,0,18,0,4,0,0,0,0,3,1,1,2,39,7,2993,2,3,10,2
2014450016916,1,3,0,3,0,4,0,0,0,0,2,1,2,1,32,6,599,1,14,8,1
2014450016916,2,9,0,3,0,4,0,0,0,0,1,1,2,2,23,5,1242,1,4,8,1
2014450016918,1,9,0,18,0,8,5,0,0,0,4,1,1,1,40,7,-1,-1,-1,8,1
2014450016918,2,9,0,7,0,6,0,0,0,0,1,1,6,2,79,11,1598,2,2,10,1
2014450016919,1,9,0,18,0,0,0,0,0,0,1,1,6,1,43,7,1999,1,5,3,1
2014450016919,2,9,0,18,0,0,0,0,0,0,2,1,6,1,36,7,-1,-1,-1,10,1
2014450016921,1,1,0,18,0,1,0,0,0,0,2,1,6,1,50,8,-1,-1,-1,10,1
2014450016921,2,9,0,18,0,1,0,0,0,0,1,1,2,1,67,10,2922,1,21,9,1
2014450016922,1,9,0,8,9,0,0,0,0,0,0,1,6,2,39,7,1598,1,6,10,1
2014450016923,1,9,0,18,0,0,0,0,0,0,4,1,6,1,90,11,1595,1,11,10,2
2014450016923,2,1,0,18,0,0,0,0,0,0,3,1,6,1,56,9,-1,-1,-1,-1,1
2014450016924,1,9,0,18,0,0,0,0,0,0,1,1,6,3,-1,-1,-1,-1,-1,-1,-1
2014450016926,1,9,0,18,0,0,0,0,0,0,4,1,6,1,55,8,1905,2,16,3,1
2014450016926,2,21,4,12,0,0,0,0,0,0,3,1,1,1,54,8,-1,-1,-1,-1,-1
2014450016928,1,1,0,18,9,8,1,0,0,0,3,1,6,1,31,6,-1,-1,-1,10,1
2014450016929,1,9,0,18,0,0,2,0,4,0,1,1,1,1,28,6,-1,-1,-1,4,1
2014450016930,1,1,0,18,9,1,0,0,0,0,0,1,6,1,34,6,-1,-1,-1,9,1
2014450016934,1,9,0,14,0,1,0,0,0,0,1,1,2,1,-1,-1,1896,2,11,8,1
2014450016934,2,9,0,3,0,1,0,0,0,0,2,1,6,1,38,7,1124,1,12,8,1
2014450016939,1,3,0,5,0,2,0,0,0,0,0,1,6,1,34,6,124,1,2,7,3
2014450016939,2,19,0,5,0,2,0,0,0,0,0,1,6,1,-1,-1,2148,2,10,-1,-1
2014450016942,1,5,0,18,0,0,0,0,0,0,3,1,6,1,24,5,599,1,10,2,1