Accident_Index,Vehicle_Reference,Vehicle_Type,Towing_and_Articulation,Vehicle_Manoeuvre,Vehicle_Location-Restricted_Lane,Junction_Location,Skidding_and_Overturning,Hit_Object_in_Carriageway,Vehicle_Leaving_Carriageway,Hit_Object_off_Carriageway,1st_Point_of_Impact,Was_Vehicle_Left_Hand_Drive?,Journey_Purpose_of_Driver,Sex_of_Driver,Age_of_Driver,Age_Band_of_Driver,Engine_Capacity_(CC),Propulsion_Code,Age_of_Vehicle,Driver_IMD_Decile,Driver_Home_Area_Type
2014450016942,2,9,0,11,0,0,0,0,0,0,4,1,6,1,72,10,1956,2,3,6,3
2014450016942,3,9,0,18,0,0,0,0,0,0,3,1,1,1,55,8,2979,1,-1,7,2
2014450016948,1,9,0,9,0,1,0,0,0,0,3,1,6,2,24,5,1596,1,8,7,1
2014450016948,2,4,0,14,0,1,0,0,0,0,1,1,6,1,23,5,471,1,-1,7,1
2014450016951,1,9,0,3,0,4,0,0,0,0,2,1,6,1,35,6,3200,2,13,2,1
2014450016951,2,9,0,3,0,1,0,0,0,0,1,1,6,1,31,6,1596,1,2,4,1
2014450016956,1,9,0,18,0,0,0,0,0,0,1,1,6,2,38,7,2429,1,13,-1,3
2014450016956,2,19,0,18,0,0,0,0,0,0,1,1,1,1,46,8,1968,2,-1,4,1
2014450016957,1,21,1,11,0,0,0,0,0,0,2,1,1,1,63,9,11946,2,3,1,1
2014450016957,2,9,0,18,0,0,0,0,0,0,1,2,6,2,52,8,-1,-1,-1,10,1
2014450016961,1,19,0,18,0,0,1,0,1,0,1,1,6,1,19,4,-1,-1,-1,9,1
2014450016965,1,9,0,7,9,5,0,0,0,0,4,1,6,2,-1,-1,1598,1,4,10,1
2014450016966,1,9,0,13,0,1,0,0,7,0,4,1,6,1,44,7,1781,6,13,-1,1
2014450016966,2,9,0,9,0,5,0,0,0,0,3,1,6,1,40,7,4196,1,10,9,1
2014450016966,3,9,0,2,9,1,0,0,0,0,4,1,6,1,47,8,1998,1,6,10,1
2014450016968,1,1,0,16,0,1,0,0,0,0,3,1,1,1,50,8,-1,-1,-1,7,1
2014450016968,2,9,0,16,0,1,0,0,0,0,4,1,6,3,-1,-1,-1,-1,-1,-1,-1
2014450016969,1,9,0,4,0,0,0,0,0,0,1,1,6,1,38,7,1339,8,6,10,3
2014450016969,2,9,0,4,0,0,0,0,0,0,2,1,1,1,39,7,1997,2,-1,5,1
2014450016970,1,9,0,18,0,1,0,7,1,1,3,1,6,1,79,11,1991,1,16,9,1
2014450016970,2,9,0,4,0,1,0,0,0,0,4,1,6,1,59,9,1587,1,11,3,1
2014450016970,3,9,0,2,6,2,0,0,1,0,2,1,6,1,34,6,1855,1,17,8,1
2014450016971,1,1,0,18,0,1,0,0,0,0,1,1,6,1,42,7,-1,-1,-1,10,1
2014450016971,2,9,0,9,0,1,0,0,0,0,1,1,6,2,33,6,1590,1,15,10,3
2014450016972,1,9,0,18,0,0,0,0,0,0,1,1,6,1,27,6,1781,1,13,10,1
2014450016972,2,9,0,18,0,0,0,0,0,0,2,1,6,1,36,7,-1,-1,-1,7,2
2014450016973,1,9,0,18,0,1,1,0,1,0,1,1,6,1,36,7,-1,-1,-1,5,1
2014450016973,2,9,0,4,0,1,0,0,0,0,0,1,6,3,50,8,-1,-1,-1,9,1
2014450016974,1,9,0,18,0,0,0,0,0,0,3,1,6,1,30,6,1800,1,16,6,1
2014450016974,2,9,0,12,0,0,0,0,1,0,1,1,2,2,54,8,999,1,1,9,1
2014450016978,1,9,0,17,0,0,0,0,7,0,1,1,6,1,35,6,2496,1,7,10,1
2014450016981,1,9,0,2,0,1,0,0,0,0,0,1,6,2,31,6,1598,1,9,9,1
2014450016981,2,9,0,18,0,1,0,0,0,0,4,1,6,2,-1,-1,1560,2,3,9,1
2014450016983,1,9,0,18,0,0,5,0,1,0,1,1,6,1,21,5,1968,2,1,7,3
2014450016983,2,9,0,18,0,0,0,0,1,0,3,1,6,1,59,9,1598,2,1,10,1
2014450016984,1,9,0,9,0,6,0,0,0,0,1,1,6,2,55,8,1390,1,9,2,1
2014450016984,2,9,0,18,0,1,0,0,7,0,1,1,2,1,18,4,1124,1,15,9,2
2014450016986,1,9,0,18,0,1,0,0,0,0,1,1,6,1,19,4,998,1,-1,9,3
2014450016986,2,1,0,9,0,1,0,0,0,0,3,1,6,1,15,3,-1,-1,-1,10,1
2014450016992,1,9,0,3,0,1,0,0,0,0,2,1,1,2,24,5,1149,1,5,9,1
2014450016992,2,20,0,4,0,1,0,0,0,0,1,1,1,1,60,9,5900,2,7,5,1
2014450016994,1,9,0,7,0,5,0,0,0,0,4,1,6,1,40,7,1995,1,3,6,1
2014450016994,2,9,0,7,0,6,0,0,0,0,1,1,1,1,36,7,2993,2,4,5,2
2014450016997,1,9,0,18,0,8,1,0,0,0,1,1,6,1,62,9,1995,2,6,7,1
2014450016997,2,9,0,9,0,5,0,0,0,0,4,1,6,2,50,8,2720,2,5,-1,2
2014450016998,1,21,0,7,0,3,0,0,0,0,1,1,1,1,54,8,6870,2,3,8,1
2014450017001,1,1,0,10,0,4,0,0,0,0,1,1,6,2,25,5,-1,-1,-1,9,2
2014450017001,2,9,0,10,0,4,0,0,0,0,2,1,1,1,25,5,-1,-1,-1,3,1
2014450017003,1,9,0,18,0,1,0,0,0,0,1,1,6,2,27,6,1388,1,5,2,1
2014450017003,2,9,0,18,0,1,0,0,0,0,2,1,6,1,52,8,2996,1,8,8,1
2014450017003,3,9,0,18,0,1,0,0,0,0,2,1,6,2,34,6,1781,1,17,9,1
2014450017005,1,9,0,18,0,0,1,0,4,0,1,1,6,2,42,7,1796,1,10,5,1
2014450017006,1,9,0,18,0,6,0,4,0,0,1,1,6,1,51,8,1390,1,17,9,1
2014450017006,2,9,0,2,0,8,0,0,0,0,2,1,6,1,48,8,2776,2,7,9,1
2014450017007,1,9,0,4,0,0,0,0,0,0,2,1,2,1,53,8,2179,2,1,10,3
2014450017007,2,9,0,18,0,0,0,0,0,0,1,1,2,1,30,6,1753,2,9,8,1
2014450017008,1,9,0,18,0,8,0,0,0,0,1,1,6,1,19,4,3980,1,22,9,3
2014450017008,2,9,0,4,0,8,0,0,0,0,2,1,6,1,40,7,1995,2,2,5,1
2014450017008,3,11,0,4,0,8,0,0,0,0,0,1,1,3,-1,-1,-1,-1,-1,-1,-1
2014450017009,1,1,0,18,0,8,0,0,0,0,3,1,6,1,33,6,-1,-1,-1,10,1
2014450017009,2,9,0,7,0,5,0,0,0,0,1,1,1,1,55,8,2461,2,7,6,2
2014450017010,1,9,0,9,0,1,0,0,0,0,2,1,6,1,-1,-1,1997,2,2,-1,1
2014450017010,2,9,0,9,0,6,0,0,0,0,1,1,6,1,-1,-1,1986,2,9,10,1
2014450017011,1,9,0,1,0,0,0,0,0,0,2,1,6,2,53,8,1242,1,6,4,1
2014450017012,1,19,0,5,9,0,0,0,0,0,1,1,1,2,53,8,-1,-1,-1,7,3
2014450017013,1,1,0,4,0,0,0,0,1,0,0,1,6,1,60,9,-1,-1,-1,9,1
2014450017014,1,1,0,18,0,0,0,0,0,0,1,1,6,1,74,10,-1,-1,-1,9,1
2014450017014,2,1,0,18,0,0,0,0,0,0,2,1,6,3,-1,-1,-1,-1,-1,-1,-1
2014450017016,1,1,0,18,0,1,0,0,0,0,0,1,6,1,75,10,-1,-1,-1,6,3
2014450017025,1,9,0,9,0,5,0,0,0,0,3,1,6,1,67,10,2987,2,3,9,1
2014450017027,1,9,0,18,0,1,0,0,0,0,3,1,6,1,29,6,1686,2,2,6,3
2014450017027,2,1,0,18,0,1,0,0,0,0,1,1,6,1,-1,-1,-1,-1,-1,-1,-1
2014450017030,1,9,0,9,0,1,0,0,0,0,1,1,6,1,50,8,2979,1,10,10,1
2014450017030,2,1,0,18,0,8,0,0,0,0,3,1,6,1,44,7,-1,-1,-1,9,1
2014450017033,1,90,0,18,0,7,0,0,0,0,2,1,1,1,43,7,-1,3,-1,5,1
2014450017033,2,5,0,15,0,7,0,0,0,0,1,1,1,1,32,6,999,1,7,9,1
2014450017036,1,9,0,18,0,0,0,0,0,0,1,1,1,1,32,6,-1,-1,-1,3,1
2014450017036,2,9,0,10,0,0,0,0,0,0,2,1,6,2,41,7,1896,2,9,9,1
2014450017037,1,9,0,9,0,5,5,0,0,0,4,1,6,1,27,6,1698,2,18,5,1
2014450017037,2,9,0,18,0,1,0,0,0,0,1,1,6,2,47,8,3960,1,14,9,1
2014450017038,1,9,0,16,0,2,1,7,1,9,3,1,6,1,43,7,1986,2,9,10,1
2014450017038,2,9,0,17,0,1,1,0,1,10,3,1,6,2,52,8,2996,2,5,10,1
2014450017040,1,9,0,6,0,2,0,0,0,0,3,1,6,2,25,5,1560,2,3,8,1
2014450017040,2,5,0,13,0,5,0,0,0,0,1,1,6,1,25,5,599,1,4,9,1
2014450017041,1,9,0,18,0,0,0,0,0,0,1,1,6,1,43,7,1560,2,6,2,1
2014450017041,2,9,0,18,0,0,0,0,0,0,2,1,6,2,28,6,973,1,13,5,3
2014450017045,1,9,0,4,0,1,0,0,0,0,0,1,1,1,43,7,2993,2,1,-1,-1
2014450017045,2,9,0,4,0,1,0,0,0,0,2,1,6,1,44,7,1769,1,11,9,1
2014450017045,3,9,0,4,0,1,0,0,0,0,1,1,6,1,39,7,1997,2,3,7,3
2014450017045,4,9,0,2,0,1,0,0,0,0,0,1,1,3,-1,-1,1560,2,1,-1,-1
2014450017047,1,9,0,18,0,0,0,0,0,0,2,1,6,1,41,7,-1,-1,-1,5,1
2014450017047,2,9,0,18,0,0,0,0,0,0,1,1,6,1,-1,-1,1999,1,11,2,1
2014450017049,1,9,0,18,0,0,0,0,0,0,1,1,6,1,-1,-1,1086,1,9,10,1
2014450017049,2,9,0,18,0,0,0,0,0,0,2,1,6,2,37,7,1900,2,10,9,1
2014450017052,1,9,0,9,0,8,0,0,0,0,3,1,1,1,71,10,1998,1,7,8,3
2014450017052,2,9,0,18,0,1,0,0,0,0,1,1,1,1,20,4,973,1,13,8,1
2014450017053,1,9,0,2,0,2,0,0,0,0,2,1,6,1,66,10,2184,2,10,5,1
2014450017053,2,9,0,14,0,1,0,4,0,0,1,1,6,1,71,10,1229,1,9,5,1
2014450017054,1,9,0,18,0,1,1,0,0,0,3,1,6,1,-1,-1,2290,1,13,5,1
2014450017054,2,9,0,18,0,8,0,0,0,0,1,1,6,1,21,5,1596,1,7,9,1
2014450017056,1,9,0,18,0,1,0,0,0,0,1,1,6,1,33,6,1988,1,12,6,1
2014450017056,2,1,0,18,0,8,5,0,0,0,0,1,6,1,9,2,-1,-1,-1,6,1
2014450017059,1,9,0,9,0,4,0,0,0,0,1,1,6,1,51,8,1598,2,2,9,1
2014450017059,2,1,0,18,0,8,0,0,0,0,1,1,1,1,39,7,-1,-1,-1,10,1
2014450017063,1,9,0,3,0,0,0,0,0,0,1,1,6,2,19,4,1598,1,12,9,1
2014450017063,2,9,0,3,0,0,0,0,0,0,1,1,1,1,40,7,1797,8,3,5,1
2014450017063,3,9,0,4,0,0,0,0,0,0,0,1,6,1,41,7,1794,1,14,7,1
2014450017064,1,11,0,4,0,1,0,0,0,0,1,1,1,1,43,7,6700,2,7,4,1
2014450017064,2,9,0,4,0,1,0,0,0,0,2,1,6,1,59,9,1368,1,6,10,1
2014450017065,1,9,0,18,0,1,0,0,0,0,4,1,6,1,85,11,899,1,15,10,1
2014450017065,2,9,0,5,0,6,0,0,0,0,1,1,6,1,82,11,1390,1,2,10,1
2014450017066,1,9,0,18,0,0,0,0,0,0,2,1,6,1,21,5,1299,1,13,10,1
2014450017066,2,9,0,18,0,0,0,4,5,0,1,1,6,1,76,11,1999,1,12,7,1
2014450017066,3,9,0,18,0,0,0,0,0,0,4,1,6,2,25,5,998,1,-1,2,1
2014450017070,1,1,0,18,4,0,0,0,0,0,0,1,6,2,59,9,-1,-1,-1,6,1
2014450017070,2,9,0,18,0,0,0,0,0,0,0,1,6,3,-1,-1,-1,-1,-1,-1,-1
2014450017071,1,5,0,18,0,0,1,0,0,0,0,1,6,1,25,5,599,1,8,8,1
2014450017071,2,9,0,12,0,0,0,0,0,0,0,1,6,3,-1,-1,-1,-1,-1,-1,-1
2014450017072,1,9,0,9,0,2,0,7,7,0,3,1,6,1,88,11,1341,1,14,6,1
2014450017073,1,1,0,18,0,1,0,0,0,0,3,1,6,1,19,4,-1,-1,-1,10,1
2014450017073,2,9,0,18,0,1,0,0,0,0,4,1,6,3,-1,-1,1595,1,7,-1,-1
2014450017081,1,9,0,9,0,8,0,0,0,0,3,1,6,1,27,6,1870,2,12,10,3
2014450017081,2,9,0,18,0,8,0,0,0,0,1,1,6,2,80,11,1389,1,16,10,3
2014450017083,1,9,0,4,0,0,0,0,0,0,2,1,6,2,37,7,1968,2,1,7,1
2014450017083,2,9,0,18,0,0,0,0,0,0,1,1,6,2,82,11,1988,1,11,10,1
2014450017084,1,9,0,18,0,0,0,0,0,0,1,1,2,1,26,6,1910,2,6,6,1
2014450017084,2,9,0,18,0,0,0,0,0,0,3,1,2,2,33,6,2099,2,9,10,1
2014450017084,3,9,0,18,0,0,0,0,0,0,0,1,6,1,47,8,1968,2,8,10,1
2014450017089,1,9,0,7,0,3,0,0,0,0,4,1,6,1,27,6,1368,1,4,9,1
2014450017089,2,1,0,5,0,3,0,0,0,0,3,1,6,2,50,8,-1,-1,-1,1,1
2014450017094,1,9,0,5,0,1,0,0,0,0,1,1,6,1,59,9,1910,2,8,7,1
2014450017094,2,9,0,10,0,6,0,0,0,0,1,1,6,2,47,8,1968,1,10,10,1
2014450017095,1,9,0,18,0,2,0,4,0,0,1,1,6,1,38,7,1796,1,11,10,1
2014450017095,2,9,0,2,0,2,1,0,0,0,2,1,6,1,76,11,1560,2,2,9,1
2014450017096,1,19,0,18,0,0,0,0,0,0,2,1,6,1,31,6,2198,2,4,7,1
2014450017096,2,9,0,18,0,0,0,0,0,0,2,1,6,1,33,6,1390,1,2,8,1
2014450017096,3,9,0,18,0,0,1,0,0,0,1,1,6,2,44,7,2261,1,5,10,2
2014450017096,4,9,0,18,0,0,1,0,0,0,1,1,6,2,43,7,-1,-1,-1,6,1
2014450017097,1,9,0,2,6,0,0,0,0,0,2,1,6,3,-1,-1,1360,1,11,-1,-1
2014450017097,2,9,0,18,0,0,0,0,2,0,1,1,6,1,21,5,1984,1,2,1,1
2014450017098,1,3,0,18,0,0,0,0,0,0,3,1,1,1,42,7,124,1,5,10,1
2014450017098,2,9,0,6,0,0,0,0,0,0,1,1,1,1,30,6,1798,1,3,10,1
2014450017100,1,9,0,4,0,1,0,0,0,0,1,1,2,2,66,10,1595,1,14,10,1
2014450017100,2,9,0,4,0,1,0,0,0,0,2,1,2,2,25,5,2143,2,-1,10,1
2014450017100,3,9,0,4,0,1,0,0,0,0,0,1,6,2,54,8,-1,-1,-1,9,3
2014450017102,1,9,0,18,0,2,0,0,0,0,1,1,6,3,-1,-1,-1,-1,-1,-1,-1
2014450017103,1,9,0,18,0,0,0,0,0,0,0,1,6,3,-1,-1,-1,-1,-1,-1,-1
2014450017103,2,9,0,18,0,0,0,0,0,0,0,1,6,1,36,7,1229,1,7,4,1
2014450017108,1,9,0,12,0,0,0,0,0,0,3,1,6,3,-1,-1,-1,-1,-1,-1,-1
2014450017108,2,9,0,18,0,0,0,0,0,0,4,1,6,2,27,6,1497,8,1,3,1
2014450017110,1,9,0,1,0,0,0,0,0,0,2,1,6,2,75,10,1329,1,1,7,1
2014450017112,1,5,0,14,0,0,5,0,0,0,4,1,6,1,53,8,1085,1,19,9,1
2014450017112,2,9,0,6,0,0,0,0,0,0,3,1,6,1,-1,-1,1996,1,18,5,1
2014450017113,1,9,0,3,0,2,0,0,2,0,1,1,6,1,24,5,998,1,2,5,1
2014450017113,2,9,0,4,0,1,0,0,1,0,4,1,6,2,85,11,1360,1,8,10,1
2014450017114,1,9,0,18,0,1,1,0,0,0,3,1,6,2,35,6,1753,2,12,4,1
2014450017114,2,1,0,18,0,6,0,0,0,0,1,1,6,1,10,2,-1,-1,-1,4,1
2014450017115,1,9,0,18,0,1,0,0,0,0,1,1,6,2,38,7,2000,2,4,10,1
2014450017115,2,19,0,9,0,1,0,0,0,0,4,1,6,1,25,5,1968,2,2,2,1
2014450017117,1,9,0,18,0,0,0,0,0,0,1,1,2,1,25,5,1896,2,5,6,2
2014450017117,2,9,0,18,0,0,0,0,0,0,2,1,2,1,37,7,1796,1,14,10,2
2014450017118,1,9,0,18,0,0,0,0,2,0,1,1,6,1,26,6,-1,-1,-1,8,1
2014450017119,1,5,0,7,0,3,5,0,0,0,4,1,6,1,26,6,660,1,7,10,1
2014450017122,1,9,0,9,0,1,0,0,0,0,1,1,1,2,21,5,1242,1,12,9,1
2014450017122,2,9,0,18,0,1,0,0,0,0,1,1,2,2,49,8,1799,1,7,10,1
2014450017123,1,9,0,18,0,0,0,0,0,0,1,1,6,2,72,10,1339,1,2,7,1
2014450017123,2,21,1,18,0,0,0,0,0,0,2,1,1,1,54,8,12809,2,1,1,1
2014450017125,1,9,0,3,0,0,0,0,0,0,2,1,6,2,26,6,1390,1,13,10,1
2014450017125,2,9,0,3,0,0,0,0,0,0,2,1,6,2,56,9,1999,1,8,10,1
2014450017125,3,9,0,3,0,0,0,0,0,0,1,1,6,1,59,9,1995,2,2,9,3
2014450017126,1,9,0,9,0,1,0,0,0,0,1,1,6,1,28,6,1999,1,7,3,1
2014450017126,2,9,0,18,0,1,0,0,0,0,1,1,6,2,65,9,1598,1,5,9,1
2014450017128,1,21,1,4,0,0,0,0,0,0,1,1,1,1,50,8,12900,2,5,1,1
2014450017128,2,9,0,4,0,0,0,0,0,0,2,1,6,1,46,8,1999,1,12,9,1
2014450017128,3,9,0,4,0,0,0,0,1,0,2,1,6,1,19,4,998,1,-1,6,1
2014450017128,4,9,0,4,0,0,0,0,0,0,2,1,6,2,37,7,1798,1,7,-1,1
2014450017130,1,5,0,7,0,6,5,0,0,0,4,1,6,1,46,8,649,1,8,8,1
2014450017134,1,1,0,18,0,0,0,0,0,0,1,1,6,2,23,5,-1,-1,-1,7,3
2014450017134,2,9,0,18,0,0,0,0,0,0,1,1,6,3,-1,-1,-1,-1,-1,-1,-1
2014450017138,1,9,0,9,0,1,0,0,0,0,1,1,2,1,32,6,2987,2,1,6,2
2014450017138,2,9,0,18,0,1,1,0,0,0,1,1,2,1,35,6,998,1,18,7,1
2014450017139,1,9,0,18,0,1,0,0,1,0,1,1,6,1,75,10,1560,2,2,10,1
2014450017140,1,1,0,18,0,1,5,0,7,0,1,1,6,1,32,6,-1,-1,-1,10,1
2014450017140,2,9,0,9,0,6,0,0,0,0,1,1,6,2,48,8,2993,2,-1,10,1
2014450017142,1,1,0,18,0,8,0,0,0,0,1,1,6,1,35,6,-1,-1,-1,10,1
2014450017142,2,9,0,18,0,4,0,0,0,0,1,1,6,1,-1,-1,1997,2,2,8,1
2014450017143,1,9,0,13,0,0,0,0,0,0,1,1,1,1,31,6,1762,1,17,6,3
2014450017143,2,9,0,18,0,0,0,0,0,0,1,1,1,1,48,8,1799,1,16,5,1
2014450017145,1,9,0,7,0,5,0,0,0,0,4,1,4,1,36,7,1997,2,11,9,1
2014450017145,2,19,0,18,0,8,0,0,0,0,1,1,1,1,37,7,1968,2,1,9,1
2014450017148,1,9,0,1,0,0,0,0,0,0,2,1,6,1,44,7,1498,1,2,6,1
2014450017150,1,21,0,9,0,5,0,0,0,0,3,1,1,1,52,8,6370,2,3,5,1
2014450017150,2,9,0,17,0,8,0,0,0,0,3,1,2,1,64,9,2495,2,15,8,3
2014450017155,1,9,0,3,0,0,0,0,0,0,2,1,6,2,46,8,1990,1,8,6,1
2014450017155,2,9,0,4,0,0,0,0,0,0,1,1,6,1,56,9,1461,2,4,10,1
2014450017156,1,9,0,18,0,1,0,0,0,0,2,1,6,1,18,4,1242,1,11,7,3
2014450017156,2,9,0,18,0,1,0,0,0,0,1,1,6,2,36,7,2000,1,9,9,1
2014450017158,1,9,0,18,0,0,0,0,0,0,0,1,6,3,-1,-1,-1,-1,-1,-1,-1
2014450017158,2,3,0,18,0,0,1,0,0,0,0,1,6,1,17,4,124,1,6,9,1
2014450017161,1,9,0,7,0,5,0,0,0,0,4,1,2,1,51,8,1389,1,12,8,1
2014450017161,2,9,0,3,0,1,1,0,1,0,1,1,2,1,43,7,1998,2,10,6,1
2014450017161,3,9,0,4,0,1,0,0,0,0,0,1,6,2,77,11,998,1,4,5,2
2014450017163,1,9,0,18,0,0,0,4,0,0,1,1,6,1,79,11,1896,2,10,7,3
2014450017163,2,9,0,2,0,0,0,0,0,0,1,1,6,2,-1,-1,1598,2,1,9,1
2014450017167,1,9,0,18,0,1,0,0,0,0,1,1,6,2,56,9,1596,1,2,4,1
2014450017167,2,9,0,9,0,6,0,0,0,0,0,1,6,1,73,10,1999,1,13,10,1
2014450017170,1,9,0,17,0,3,1,0,1,0,1,1,6,1,20,4,1299,1,15,10,1
2014450017180,1,9,0,18,0,1,0,0,0,0,2,1,2,2,34,6,1598,1,12,6,1
2014450017180,2,21,1,18,0,1,0,0,0,0,1,1,1,1,-1,-1,12902,2,-1,5,3
2014450017181,1,9,0,18,0,8,0,0,0,0,1,1,6,1,40,7,1598,1,4,-1,1
2014450017187,1,3,0,16,0,0,2,0,0,0,4,1,6,1,24,5,124,1,9,7,3
2014450017187,2,9,0,17,0,0,0,0,0,0,0,1,6,1,36,7,1796,1,11,7,2
2014450017189,1,5,0,18,0,0,0,0,0,0,0,1,6,1,52,8,1170,1,9,10,1
2014450017192,1,9,0,7,0,6,0,0,0,0,4,1,6,2,46,8,1798,1,5,8,2
2014450017192,2,1,0,18,9,1,0,0,0,0,1,1,6,1,-1,-1,-1,-1,-1,6,2
2014450017196,1,1,0,18,4,6,0,0,0,0,1,1,6,2,66,10,-1,-1,-1,8,1
2014450017196,2,9,0,18,0,2,0,0,0,0,4,1,6,2,45,7,1339,1,6,7,1
2014450017199,1,9,0,3,0,0,0,0,0,0,2,1,6,1,22,5,1598,1,7,9,1
2014450017199,2,9,0,4,0,0,0,0,0,0,1,1,6,1,32,6,1781,1,10,8,1
2014450017203,1,1,0,18,9,0,0,0,1,4,1,1,6,1,49,8,-1,-1,-1,5,1
2014450017206,1,9,0,18,0,0,1,0,2,0,1,1,1,1,47,8,-1,-1,-1,9,1
2014450017210,1,1,0,17,0,0,0,0,1,0,4,1,6,1,40,7,-1,-1,-1,-1,1
2014450017211,1,1,0,18,9,6,0,0,0,0,0,1,6,1,19,4,-1,-1,-1,4,1
2014450017211,2,9,0,7,0,5,0,0,0,0,0,1,6,3,-1,-1,-1,-1,-1,-1,-1
2014450017212,1,9,0,18,0,1,0,0,0,0,1,1,6,1,45,7,1896,2,9,10,1
2014450017212,2,9,0,4,0,1,0,0,0,0,2,1,6,1,45,7,3956,1,12,6,1
2014450017214,1,1,0,17,0,0,0,0,0,0,0,1,6,1,48,8,-1,-1,-1,10,1
2014450017215,1,1,0,18,0,0,0,4,0,0,1,1,6,1,45,7,-1,-1,-1,7,1
2014450017215,2,9,0,2,0,0,0,0,0,0,0,1,6,1,29,6,1598,1,6,10,1
2014450017217,1,1,0,18,0,0,0,0,0,0,0,1,6,1,33,6,-1,-1,-1,7,1
2014450017218,1,9,0,16,0,0,1,0,0,0,1,1,6,1,29,6,1596,1,10,10,1
2014450017218,2,9,0,16,0,0,0,0,0,0,2,1,6,2,74,10,1229,1,6,9,2
2014450017221,1,3,0,18,0,0,5,12,0,0,1,1,6,1,17,4,124,1,8,9,3
2014450017222,1,9,0,17,0,0,0,0,0,0,1,1,1,1,21,5,1461,2,2,9,1
2014450017224,1,9,0,1,0,0,0,0,0,0,2,1,6,2,51,8,1997,2,5,6,1
2014450017225,1,9,0,18,0,0,0,0,0,0,3,1,1,1,37,7,-1,-1,-1,3,1
2014450017225,2,9,0,18,0,0,0,0,0,0,4,1,6,1,21,5,1995,2,4,9,1
2014450017228,1,9,0,11,0,0,0,0,0,0,2,1,1,2,47,8,1996,2,5,6,1
2014450017228,2,21,1,2,0,0,0,0,0,0,1,1,1,1,42,7,4500,2,7,-1,1
2014450017230,1,9,0,18,0,0,0,0,0,0,3,1,6,1,50,8,2987,2,3,10,1
2014450017230,2,19,0,18,0,0,0,0,0,0,4,1,6,1,-1,-1,2402,2,7,4,1
2014450017237,1,9,0,16,0,0,1,0,1,0,1,1,6,1,22,5,1798,1,12,8,1
2014450017238,1,5,0,14,0,0,1,0,0,0,0,1,6,1,45,7,599,1,11,7,1
2014450017239,1,9,0,18,0,0,0,11,0,0,1,1,6,2,33,6,1598,2,2,7,1
2014450017239,2,9,0,18,0,0,0,11,0,0,1,1,6,1,70,10,1998,2,11,8,2
2014450017239,3,9,0,18,0,0,0,11,0,0,1,1,1,1,33,6,2148,2,5,4,1
2014450017239,4,19,0,18,0,0,0,0,0,0,0,1,6,3,-1,-1,-1,-1,-1,-1,-1
2014450017240,1,5,0,18,0,3,0,0,0,0,0,1,6,1,27,6,659,1,9,9,3
2014450017242,1,90,0,18,0,0,0,0,0,0,3,2,6,1,59,9,10400,2,24,9,3
2014450017242,2,19,0,18,0,0,0,0,0,0,3,1,1,1,47,8,3920,2,7,9,1
2014450017244,1,1,0,16,0,0,2,0,0,0,1,1,6,1,56,9,-1,-1,-1,5,1
2014450017245,1,9,0,1,0,0,0,0,0,0,2,1,6,1,78,11,1998,1,1,8,3
2014450017245,2,5,0,3,0,0,5,0,0,0,1,1,6,1,-1,-1,999,1,4,7,1
2014450017247,1,9,0,18,0,8,1,0,0,0,0,1,6,3,-1,-1,-1,-1,-1,-1,-1
2014450017247,2,9,0,18,0,4,0,0,0,0,0,1,6,2,20,4,1299,1,12,8,1
2014450017248,1,1,0,4,0,0,1,0,0,0,0,1,6,2,39,7,-1,-1,-1,7,1
2014450017252,1,9,0,18,0,1,0,0,0,0,4,1,6,2,51,8,1598,2,3,10,1
2014450017252,2,9,0,9,0,1,0,0,0,0,1,1,6,2,84,11,-1,-1,-1,10,3
2014450017253,1,9,0,9,0,1,0,0,0,0,4,1,6,1,38,7,1396,1,2,7,1
2014450017253,2,1,0,18,0,1,0,0,0,0,1,1,6,1,39,7,-1,-1,-1,9,1
2014450017253,3,1,0,18,0,1,0,0,0,0,1,1,6,1,37,7,-1,-1,-1,7,1
2014450017259,1,1,0,18,0,3,0,0,0,0,4,1,1,1,39,7,-1,-1,-1,10,1
2014450017259,2,9,0,18,0,4,0,0,0,0,0,1,6,1,27,6,1998,1,9,3,1
2014450017262,1,9,0,3,0,0,0,0,0,0,1,1,6,1,31,6,-1,-1,-1,10,1
2014450017262,2,9,0,10,0,0,0,0,0,0,2,1,1,2,42,7,1598,2,3,10,1
2014450017264,1,9,0,18,0,3,0,0,0,0,0,1,6,1,43,7,2435,1,13,6,3
2014450017264,2,9,0,18,0,3,0,0,0,0,0,1,6,1,58,9,1991,1,18,5,2
2014450017265,1,19,0,18,0,0,2,0,1,0,3,1,1,2,49,8,-1,-1,-1,3,1
2014450017266,1,5,0,18,0,1,2,0,0,0,3,1,6,2,19,4,124,1,-1,4,1
2014450017266,2,9,0,12,0,6,0,0,0,0,3,1,6,3,-1,-1,2143,2,2,-1,-1
2014450017267,1,1,0,18,0,0,1,0,0,0,0,1,6,1,47,8,-1,-1,-1,10,1