Accident_Index,Vehicle_Reference,Vehicle_Type,Towing_and_Articulation,Vehicle_Manoeuvre,Vehicle_Location-Restricted_Lane,Junction_Location,Skidding_and_Overturning,Hit_Object_in_Carriageway,Vehicle_Leaving_Carriageway,Hit_Object_off_Carriageway,1st_Point_of_Impact,Was_Vehicle_Left_Hand_Drive?,Journey_Purpose_of_Driver,Sex_of_Driver,Age_of_Driver,Age_Band_of_Driver,Engine_Capacity_(CC),Propulsion_Code,Age_of_Vehicle,Driver_IMD_Decile,Driver_Home_Area_Type
2014450017549,2,9,0,9,0,6,0,0,0,0,1,1,6,1,51,8,1299,1,15,10,1
2014450017551,1,9,0,7,0,8,0,0,0,0,4,1,2,2,21,5,1398,1,3,9,1
2014450017551,2,5,0,18,0,8,0,0,0,0,1,1,6,1,31,6,999,1,17,7,3
2014450017554,1,9,0,8,0,1,0,0,0,0,2,1,6,1,70,10,2400,2,-1,7,3
2014450017554,2,9,0,8,0,1,0,0,0,0,1,1,1,1,44,7,1781,1,6,7,3
2014450017562,1,1,0,18,0,1,0,0,0,0,3,1,2,1,33,6,-1,-1,-1,7,2
2014450017562,2,9,0,5,0,1,0,0,0,0,1,1,6,3,-1,-1,-1,-1,-1,-1,-1
2014450017564,1,19,0,18,0,1,0,0,0,0,1,1,6,3,-1,-1,1998,2,11,-1,-1
2014450017564,2,9,0,3,0,1,0,0,0,0,2,1,6,1,38,7,-1,-1,-1,10,1
2014450017564,3,9,0,18,0,1,0,0,0,0,4,1,6,2,51,8,1998,1,11,9,2
2014450017565,1,9,0,18,0,1,0,0,0,0,1,1,6,1,31,6,2495,2,18,10,1
2014450017565,2,9,0,18,0,1,0,0,0,0,1,1,6,1,74,10,1796,1,4,8,1
2014450017567,1,5,0,13,0,0,1,7,0,0,1,1,6,1,20,4,1002,1,16,8,1
2014450017570,1,9,0,17,0,1,2,0,2,0,1,1,6,1,27,6,1999,1,9,8,1
2014450017575,1,1,0,18,4,0,0,0,0,0,1,1,6,1,-1,-1,-1,-1,-1,8,1
2014450017579,1,9,0,17,0,0,0,0,0,0,1,1,6,2,29,6,1398,1,4,4,1
2014450017579,2,9,0,16,0,0,0,0,0,0,1,1,6,2,21,5,-1,-1,-1,9,1
2014450017582,1,9,0,18,0,8,0,0,0,0,1,1,1,1,27,6,1124,1,11,9,1
2014450017582,2,19,0,9,0,8,0,0,0,0,4,1,6,1,56,9,-1,-1,-1,10,1
2014450017585,1,9,0,4,0,1,0,0,0,0,1,1,1,1,53,8,-1,-1,-1,8,1
2014450017585,2,1,0,18,0,1,0,0,0,0,3,1,6,1,9,2,-1,-1,-1,6,1
2014450017586,1,9,0,16,0,3,1,0,7,2,1,1,6,1,45,7,1796,1,-1,8,1
2014450017586,2,9,0,18,0,1,0,0,0,0,3,1,6,3,-1,-1,-1,-1,-1,-1,-1
2014450017589,1,9,0,4,0,1,0,0,0,0,4,1,6,3,-1,-1,-1,-1,-1,-1,-1
2014450017596,1,3,0,18,0,0,0,0,0,0,3,1,6,1,20,4,124,1,3,7,1
2014450017596,2,9,0,12,0,0,0,0,0,0,4,1,6,2,19,4,1299,1,13,6,1
2014450017597,1,9,0,18,0,0,2,0,1,0,1,1,6,1,53,8,1240,1,10,5,1
2014450017604,1,9,0,9,0,1,0,0,0,0,4,1,1,1,57,9,1596,1,5,9,1
2014450017604,2,5,0,18,0,1,5,0,0,0,1,1,6,1,49,8,1074,1,17,10,1
2014450017608,1,9,0,18,0,0,0,0,0,0,2,1,6,1,40,7,-1,-1,-1,5,1
2014450017608,2,9,0,18,0,0,0,0,0,0,1,1,6,2,26,6,1390,1,4,5,1
2014450017610,1,9,0,18,0,1,0,0,0,0,1,1,6,2,33,6,1390,1,7,6,1
2014450017610,2,9,0,3,0,1,0,0,0,0,2,1,6,2,26,6,1597,1,4,10,1
2014450017616,1,9,0,18,0,1,0,0,0,0,1,1,6,1,90,11,1796,1,5,10,1
2014450017616,2,9,0,9,0,8,0,0,0,0,1,1,6,2,45,7,1850,1,14,8,1
2014450017617,1,9,0,6,0,1,0,0,0,0,1,1,6,1,40,7,1968,2,2,8,1
2014450017617,2,9,0,18,0,2,5,0,0,0,3,1,6,1,20,4,-1,-1,-1,10,1
2014450017618,1,9,0,4,0,0,0,0,0,0,1,1,1,1,32,6,-1,-1,-1,8,1
2014450017618,2,9,0,4,0,0,0,0,0,0,2,1,1,1,61,9,-1,-1,-1,7,1
2014450017618,3,9,0,4,0,0,0,0,0,0,2,1,6,1,63,9,1995,2,7,-1,1
2014450017618,4,9,0,18,0,0,0,0,0,0,2,1,2,2,19,4,1975,1,8,6,1
2014450017622,1,9,0,7,0,1,0,0,0,0,4,1,1,1,44,7,1997,2,6,5,1
2014450017622,2,1,0,17,0,1,0,0,0,0,1,1,2,2,27,6,-1,-1,-1,9,1
2014450017623,1,9,0,17,0,0,1,0,0,0,1,1,1,2,35,6,1951,2,12,10,1
2014450017624,1,9,0,5,0,6,0,0,0,0,1,1,6,2,73,10,1386,1,11,9,1
2014450017624,2,1,0,18,0,8,0,0,0,0,1,1,6,2,53,8,-1,-1,-1,8,1
2014450017625,1,2,0,18,0,8,0,0,0,0,2,1,2,1,29,6,49,1,11,7,1
2014450017625,2,9,0,18,0,8,0,0,0,0,1,1,6,1,44,7,1900,2,14,3,1
2014450017626,1,9,0,9,0,8,0,0,0,0,3,1,6,1,48,8,1896,2,8,1,1
2014450017626,2,5,0,9,0,8,0,0,0,0,1,1,6,1,26,6,599,1,15,7,1
2014450017629,1,9,0,5,0,0,0,0,0,0,2,1,1,2,21,5,1299,1,14,3,1
2014450017629,2,9,0,5,0,0,0,0,0,0,0,1,6,3,-1,-1,-1,-1,-1,-1,-1
2014450017630,1,9,0,18,0,8,0,0,0,0,1,1,2,2,49,8,1339,1,3,7,1
2014450017630,2,1,0,18,0,8,0,0,0,0,1,1,2,1,52,8,-1,-1,-1,8,1
2014450017632,1,9,0,3,0,0,0,0,0,0,2,1,1,2,35,6,1198,1,8,8,1
2014450017632,2,9,0,5,0,0,0,0,0,0,1,1,1,1,20,4,-1,-1,-1,9,1
2014450017633,1,11,0,18,0,4,0,0,0,0,3,1,1,1,46,8,4461,2,1,10,2
2014450017633,2,3,0,16,0,8,0,0,0,0,1,1,2,1,31,6,125,1,7,-1,1
2014450017635,1,9,0,4,0,4,0,0,0,0,1,1,2,1,67,10,1995,1,8,9,1
2014450017635,2,1,0,16,0,3,1,0,0,0,4,1,6,1,53,8,-1,-1,-1,10,1
2014450017636,1,1,0,18,0,4,0,0,0,0,0,1,6,1,36,7,-1,-1,-1,9,1
2014450017636,2,9,0,4,0,1,0,0,0,0,0,1,6,1,79,11,1195,1,17,9,1
2014450017639,1,9,0,4,0,0,0,0,0,0,1,1,6,1,44,7,1870,2,11,9,1
2014450017639,2,9,0,4,0,0,0,0,0,0,2,1,6,1,57,9,1870,2,10,10,2
2014450017639,3,9,0,4,0,0,0,0,0,0,1,1,1,1,53,8,1995,2,3,6,1
2014450017639,4,9,0,4,0,0,0,0,0,0,2,1,6,1,19,4,1968,2,5,10,1
2014450017640,1,9,0,18,0,0,0,0,0,0,1,1,1,1,54,8,-1,-1,-1,4,1
2014450017640,2,9,0,4,0,0,0,0,0,0,2,1,6,1,53,8,-1,-1,-1,-1,-1
2014450017642,1,9,0,18,0,0,1,0,4,0,1,1,6,1,22,5,2494,1,11,8,3
2014450017643,1,9,0,18,0,0,2,0,7,0,1,1,6,1,33,6,3999,1,6,7,1
2014450017644,1,9,0,18,0,2,1,10,3,0,1,1,2,1,42,7,1461,2,1,3,1
2014450017646,1,1,0,18,0,8,5,0,0,0,0,1,6,2,56,9,-1,-1,-1,9,1
2014450017647,1,9,0,18,0,0,0,0,4,0,1,1,6,2,49,8,2400,2,1,10,1
2014450017648,1,9,0,1,0,0,0,0,0,0,2,1,1,1,55,8,-1,-1,-1,-1,-1
2014450017649,1,9,0,4,0,0,0,0,0,0,2,1,6,2,37,7,1461,2,8,5,1
2014450017649,2,9,0,4,0,0,0,0,0,0,1,1,6,1,42,7,1995,2,11,2,1
2014450017650,1,21,1,16,0,1,0,0,0,0,3,1,1,1,52,8,9200,2,2,6,1
2014450017650,2,5,0,17,0,1,5,0,0,0,1,1,6,1,20,4,599,1,4,5,1
2014450017651,1,9,0,18,0,1,0,0,0,0,2,1,6,2,19,4,-1,-1,-1,9,3
2014450017651,2,9,0,18,0,1,0,0,0,0,1,1,6,2,31,6,1368,1,1,8,1
2014450017651,3,9,0,18,0,1,0,0,0,0,2,1,6,2,80,11,1248,1,1,9,1
2014450017651,4,9,0,18,0,1,0,0,0,0,1,1,6,2,34,6,1360,1,7,6,1
2014450017652,1,1,0,18,0,0,2,0,0,0,1,1,6,1,13,3,-1,-1,-1,10,1
2014450017652,2,9,0,18,0,0,0,0,0,0,4,1,6,2,-1,-1,1598,2,2,9,1
2014450017654,1,9,0,18,0,0,1,0,1,0,2,1,2,1,39,7,1360,1,13,5,1
2014450017654,2,9,0,18,0,0,0,0,0,0,0,1,6,1,45,7,1781,1,10,8,3
2014450017655,1,9,0,18,0,0,0,0,0,0,1,1,6,1,58,9,1870,2,8,1,1
2014450017655,2,19,0,18,0,0,0,0,0,0,2,1,6,1,-1,-1,1968,2,2,9,1
2014450017655,3,9,0,18,0,0,0,0,0,0,2,1,6,1,-1,-1,1248,1,2,10,2
2014450017656,1,9,0,18,0,0,0,0,0,0,2,1,6,1,21,5,1598,1,4,9,2
2014450017656,2,9,0,18,0,0,0,0,0,0,2,1,6,1,40,7,1598,1,4,7,1
2014450017656,3,9,0,18,0,0,0,0,0,0,1,1,6,2,21,5,1242,1,16,8,1
2014450017657,1,9,0,7,0,6,0,0,1,0,1,1,2,2,20,4,1461,2,11,10,1
2014450017657,2,1,0,17,0,2,0,0,0,0,1,1,2,1,41,7,-1,-1,-1,9,3
2014450017659,1,9,0,17,0,6,0,0,0,0,1,1,6,1,29,6,1997,2,6,3,1
2014450017659,2,9,0,9,0,1,0,0,0,0,3,1,6,1,29,6,-1,-1,-1,9,1
2014450017661,1,1,0,4,0,2,0,0,0,0,1,1,1,1,57,9,-1,-1,-1,8,1
2014450017661,2,19,0,3,0,2,0,0,0,0,2,1,1,1,22,5,2300,2,10,4,1
2014450017662,1,9,0,4,0,1,1,0,4,6,1,1,6,2,25,5,1360,1,16,5,1
2014450017665,1,1,0,18,0,0,0,0,0,0,1,1,6,2,69,10,-1,-1,-1,8,3
2014450017666,1,9,0,16,0,0,1,0,1,0,2,1,6,1,43,7,1796,1,7,2,1
2014450017667,1,1,0,18,0,0,0,0,0,0,1,1,2,1,28,6,-1,-1,-1,8,1
2014450017668,1,9,0,18,0,0,0,0,0,0,1,1,6,1,33,6,2231,2,7,4,1
2014450017668,2,9,0,4,0,0,0,0,0,0,2,1,1,1,38,7,1910,2,8,1,1
2014450017668,3,9,0,4,0,0,0,0,0,0,4,1,1,1,59,9,1896,2,8,5,1
2014450017669,1,9,0,17,0,0,5,0,7,0,1,1,2,1,32,6,1199,1,11,4,1
2014450017674,1,9,0,3,9,0,0,0,0,0,1,1,2,2,49,8,998,1,4,10,3
2014450017675,1,9,0,18,0,0,0,0,7,0,1,1,6,1,20,4,-1,-1,-1,10,1
2014450017676,1,9,0,16,0,0,5,0,0,0,3,1,1,1,22,5,1149,1,13,7,2
2014450017677,1,19,0,17,0,0,1,0,1,0,4,1,1,1,44,7,2000,2,12,7,1
2014450017677,2,9,0,16,0,0,0,0,0,0,0,1,6,3,-1,-1,-1,-1,-1,-1,-1
2014450017679,1,9,0,17,0,0,1,0,1,0,3,1,2,2,18,4,1299,1,14,8,3
2014450017681,1,9,0,18,0,0,0,0,1,0,1,1,6,2,51,8,-1,-1,-1,3,1
2014450017685,1,20,0,18,0,0,0,0,0,0,1,1,1,1,25,5,-1,-1,-1,4,2
2014450017687,1,9,0,18,0,0,0,0,2,0,1,1,6,1,49,8,1984,1,8,8,1
2014450017689,1,3,0,16,0,0,1,0,0,0,4,1,2,1,38,7,125,1,12,-1,-1
2014450017689,2,9,0,2,9,0,0,0,0,0,4,1,6,1,30,6,1998,2,4,10,1
2014450017690,1,9,0,17,0,2,1,0,1,4,1,1,6,1,22,5,1229,1,7,10,1
2014450017691,1,9,0,18,0,0,0,0,0,0,2,1,1,2,56,9,1329,1,3,9,1
2014450017691,2,9,0,18,0,0,0,0,0,0,1,1,6,1,35,6,2143,2,1,8,1
2014450017692,1,9,0,18,0,0,0,0,0,0,1,1,6,1,28,6,1968,2,4,10,1
2014450017692,2,9,0,18,0,0,0,0,0,0,2,1,6,1,55,8,1229,1,9,5,1
2014450017692,3,9,0,18,0,0,0,0,0,0,0,1,6,2,22,5,998,1,6,9,1
2014450017693,1,1,0,18,0,0,0,0,0,0,1,1,6,1,62,9,-1,-1,-1,9,1
2014450017694,1,9,0,18,0,0,0,0,0,0,1,1,6,1,24,5,1997,2,4,6,3
2014450017694,2,9,0,4,0,0,0,0,0,0,2,1,1,1,62,9,2143,2,3,9,2
2014450017694,3,9,0,4,0,0,0,0,0,0,2,1,1,1,32,6,1968,2,3,2,1
2014450017697,1,9,0,18,0,0,0,0,0,0,1,1,6,1,71,10,1198,1,-1,6,1
2014450017698,1,9,0,17,0,0,5,0,2,0,1,1,2,2,19,4,1299,1,12,8,3
2014450017700,1,19,0,16,0,0,1,0,7,0,3,1,2,1,25,5,1753,2,7,8,1
2014450017704,1,9,0,18,0,1,0,0,0,0,1,1,1,1,27,6,-1,-1,-1,10,1
2014450017704,2,9,0,18,0,1,0,0,0,0,2,1,1,1,43,7,1797,8,4,2,1
2014450017704,3,9,0,10,0,1,0,0,0,0,2,1,6,1,17,4,1796,1,10,6,1
2014450017705,1,9,0,3,0,0,0,0,0,0,1,1,6,1,53,8,1598,1,1,7,1
2014450017705,2,9,0,3,0,0,0,0,0,0,2,1,6,1,56,9,1968,2,3,10,1
2014450017705,3,9,0,4,0,0,0,0,0,0,2,1,6,2,26,6,1896,2,9,6,3
2014450017706,1,9,0,18,0,0,0,0,0,0,3,1,6,2,18,4,1149,1,9,5,1
2014450017706,2,9,0,13,0,0,0,0,0,0,4,1,6,2,18,4,998,1,3,10,1
2014450017709,1,9,0,18,0,1,0,0,0,0,1,1,6,2,35,6,1497,8,-1,10,1
2014450017710,1,9,0,7,0,5,0,0,1,0,2,1,6,2,52,8,1969,2,-1,10,1
2014450017710,2,9,0,18,0,1,0,0,0,0,1,1,6,1,28,6,1997,2,4,8,1
2014450017711,1,9,0,18,0,0,1,4,7,0,3,1,6,1,46,8,1998,1,11,10,1
2014450017711,2,9,0,2,0,0,0,0,1,0,4,1,6,2,41,7,1461,2,2,10,1
2014450017712,1,9,0,18,0,0,0,0,1,0,1,1,6,1,21,5,1196,1,21,10,3
2014450017713,1,9,0,18,0,2,0,0,0,0,1,1,6,1,25,5,2143,2,4,9,1
2014450017714,1,9,0,5,0,1,0,0,0,0,4,1,1,2,22,5,1997,2,6,8,1
2014450017715,1,9,0,18,0,2,0,0,0,0,2,1,1,1,48,8,1398,1,-1,7,1
2014450017715,2,9,0,18,0,2,0,0,0,0,1,1,1,2,34,6,998,1,3,10,1
2014450017716,1,9,0,18,0,0,0,0,0,0,1,1,2,1,47,8,-1,-1,-1,6,1
2014450017717,1,9,0,18,0,1,0,0,0,0,1,1,6,1,60,9,1998,1,11,10,1
2014450017717,2,1,0,18,0,1,0,0,0,0,4,1,6,1,21,5,-1,-1,-1,3,1
2014450017719,1,9,0,8,0,1,0,0,0,0,3,1,2,2,42,7,1796,1,15,4,1
2014450017719,2,9,0,18,0,1,0,0,0,0,3,1,2,1,36,7,1781,1,10,7,1
2014450017722,1,21,1,18,0,3,5,0,0,0,4,1,1,1,32,6,11946,2,2,6,1
2014450017725,1,9,0,18,0,1,0,0,0,0,1,1,6,1,23,5,1598,1,6,8,1
2014450017725,2,9,0,9,0,6,0,0,0,0,1,1,1,1,45,7,-1,-1,-1,10,1
2014450017726,1,9,0,18,0,2,0,0,0,0,3,1,6,2,40,7,1999,1,8,7,1
2014450017726,2,9,0,9,0,2,0,0,0,0,4,1,6,1,63,9,1360,1,7,4,1
2014450017731,1,9,0,18,0,8,0,0,0,0,4,1,2,1,65,9,1797,8,4,9,1
2014450017731,2,1,0,18,0,8,0,0,0,0,1,1,6,1,65,9,-1,-1,-1,7,1
2014450017732,1,9,0,7,0,3,0,0,1,4,3,1,6,2,56,9,1590,1,9,9,1
2014450017734,1,1,0,18,0,0,5,0,0,0,1,1,6,1,16,4,-1,-1,-1,7,1
2014450017736,1,9,0,9,0,1,0,0,0,0,4,1,6,1,26,6,1560,2,8,9,1
2014450017736,2,9,0,18,0,1,0,0,0,0,1,1,6,1,71,10,1998,1,16,8,1
2014450017737,1,9,0,18,0,6,0,10,7,11,1,1,6,2,66,10,2995,1,10,8,1
2014450017738,1,9,0,17,0,0,1,11,0,0,4,1,6,1,17,4,1596,1,10,10,1
2014450017739,1,9,0,18,0,1,0,0,0,0,1,1,6,2,18,4,1997,1,13,9,1
2014450017739,2,9,0,5,0,1,0,0,0,0,3,1,6,1,62,9,1461,2,2,6,1
2014450017744,1,9,0,18,0,0,0,0,0,0,1,1,2,1,50,8,-1,-1,-1,6,1
2014450017744,2,9,0,18,0,0,0,0,0,0,2,1,1,1,52,8,1686,2,4,-1,1
2014450017745,1,9,0,5,0,1,0,0,0,0,1,1,6,2,85,11,1149,1,15,7,1
2014450017745,2,3,0,18,0,8,0,0,0,0,4,1,2,1,24,5,-1,-1,-1,9,1
2014450017746,1,9,0,5,0,0,0,0,0,0,0,1,1,1,39,7,2204,2,7,1,1
2014450017747,1,9,0,9,0,5,0,0,0,0,3,1,2,1,35,6,-1,-1,-1,7,3
2014450017747,2,9,0,7,0,6,0,0,0,0,3,1,2,2,31,6,1360,1,7,9,1
2014450017749,1,9,0,5,0,4,0,0,0,0,1,1,6,2,42,7,1596,1,7,4,1
2014450017749,2,3,0,9,0,3,0,0,0,0,4,1,6,1,24,5,125,1,3,9,1
2014450017752,1,9,0,12,0,1,0,0,0,0,3,1,6,2,23,5,1896,2,7,8,1
2014450017752,2,3,0,18,0,1,0,0,0,0,4,1,6,1,30,6,-1,-1,-1,3,1
2014450017755,1,9,0,18,0,1,1,0,0,0,1,1,2,1,34,6,1242,1,13,6,1
2014450017755,2,9,0,10,0,1,0,0,0,0,2,1,2,2,27,6,1598,1,4,6,1
2014450017756,1,1,0,18,0,8,5,0,0,0,2,1,6,1,67,10,-1,-1,-1,-1,-1
2014450017756,2,19,0,18,0,8,0,0,0,0,1,1,6,1,40,7,2148,2,10,6,1
2014450017777,1,9,0,18,0,0,1,0,1,0,3,1,6,2,20,4,1398,1,2,8,2
2014450017777,2,17,5,3,0,0,0,0,0,0,3,1,6,1,82,11,6728,2,3,8,3
2014450017778,1,9,0,9,0,5,0,0,0,0,3,1,6,2,41,7,999,1,4,6,1
2014450017778,2,5,0,14,0,1,5,0,7,0,1,1,6,1,28,6,599,1,5,9,1
2014450017785,1,9,0,14,0,0,0,4,0,0,1,1,6,1,62,9,1997,2,2,4,1
2014450017785,2,9,0,2,0,0,0,0,0,0,2,1,6,3,-1,-1,-1,-1,-1,-1,-1
2014450017786,1,9,0,9,0,5,0,0,0,0,4,1,6,1,74,10,2324,1,15,4,1
2014450017786,2,9,0,18,0,1,0,0,0,0,1,1,6,1,19,4,1198,1,4,6,1
2014450017788,1,9,0,18,6,0,0,0,0,0,1,1,6,1,64,9,1796,1,16,10,1
2014450017788,2,1,0,18,9,0,0,0,0,0,4,1,6,1,-1,-1,-1,-1,-1,-1,-1
2014450017791,1,9,0,18,0,1,0,0,0,0,1,1,6,2,27,6,1198,1,10,3,1
2014450017791,2,5,0,4,0,1,0,0,0,0,2,1,6,1,30,6,108,1,6,-1,1
2014450017798,1,9,0,9,0,2,0,0,0,0,1,1,6,2,70,10,2500,2,16,7,1
2014450017799,1,9,0,18,0,0,1,0,1,1,1,1,1,1,76,11,1997,2,5,7,1
2014450017800,1,19,0,18,0,1,0,0,6,0,1,1,1,1,22,5,1995,2,4,8,2
2014450017800,2,9,0,9,0,1,0,0,6,0,3,1,6,2,43,7,2664,2,12,4,1
2014450017800,3,9,0,18,0,1,0,0,0,0,2,1,6,1,31,6,1149,1,9,4,1
2014450017801,1,9,0,17,0,0,0,0,1,0,1,1,6,1,81,11,1149,1,7,8,1
2014450017802,1,9,0,18,0,8,0,0,3,1,1,1,6,2,42,7,1995,2,1,-1,3
2014450017804,1,9,0,2,0,0,0,0,0,0,2,1,6,2,39,7,1997,2,5,10,1
2014450017804,2,9,0,18,0,0,0,4,0,0,1,1,1,1,34,6,-1,-1,-1,5,1
2014450017805,1,9,0,18,0,0,0,0,1,3,1,1,6,1,37,7,599,1,14,4,1
2014450017806,1,9,0,5,0,0,0,0,1,0,3,1,2,2,49,8,1490,1,8,8,1
2014450017806,2,2,0,3,0,0,0,0,1,0,4,1,2,1,44,7,49,1,4,9,1
2014450017810,1,9,0,11,0,0,0,0,0,0,4,1,2,1,41,7,1753,2,8,7,1
2014450017810,2,9,0,18,0,0,0,0,0,0,3,1,1,1,71,10,1598,2,2,10,1
2014450017810,3,9,0,4,0,0,0,0,0,0,4,1,1,1,51,8,1998,2,7,6,1
2014450017813,1,9,0,18,0,0,0,0,0,0,2,1,6,2,48,8,2499,1,6,6,1
2014450017813,2,9,0,18,0,0,0,0,0,0,1,1,6,1,-1,-1,2171,1,13,7,2
2014450017814,1,9,0,17,0,0,0,0,2,0,1,1,2,2,32,6,1199,1,10,-1,1
2014450017815,1,9,0,18,0,8,0,0,0,0,1,1,6,2,34,6,1796,1,13,5,1
2014450017815,2,3,0,3,0,8,5,0,0,0,2,1,6,1,30,6,96,1,7,2,1
2014450017815,3,90,0,5,0,1,0,0,0,0,0,1,1,2,38,7,2987,2,1,9,1
2014450017816,1,9,0,18,0,0,0,0,0,0,1,1,6,2,24,5,1242,1,13,9,1
2014450017816,2,9,0,18,0,0,0,0,0,0,2,1,6,3,-1,-1,-1,-1,-1,-1,-1
2014450017818,1,9,0,18,9,0,0,0,7,11,1,1,6,1,25,5,-1,-1,-1,8,1
2014450017818,2,9,0,12,0,0,0,0,0,0,3,1,6,1,59,9,1560,2,2,8,1
2014450017819,1,9,0,7,0,4,1,0,7,10,1,1,6,1,18,4,1328,1,4,8,1
2014450017820,1,9,0,5,0,0,0,0,0,0,3,1,6,2,28,6,1396,1,10,9,1
2014450017820,2,1,0,18,0,0,5,0,0,0,1,1,6,1,32,6,-1,-1,-1,4,1
2014450017821,1,9,0,9,0,5,0,0,0,0,4,1,6,1,29,6,1598,2,1,8,3
2014450017821,2,5,0,16,0,1,0,0,0,0,1,1,6,1,54,8,1043,1,1,10,1
2014450017822,1,9,0,9,0,1,0,0,6,0,3,1,6,2,23,5,1598,1,8,7,3
2014450017822,2,9,0,18,0,1,1,0,4,0,1,1,6,1,36,7,-1,-1,-1,9,3
2014450017823,1,9,0,8,0,1,0,0,0,0,1,1,6,2,33,6,2494,1,10,9,1
2014450017823,2,9,0,5,0,1,0,0,0,0,2,1,6,2,26,6,1796,1,14,5,1
2014450017826,1,9,0,5,0,4,0,0,0,0,2,1,1,1,35,6,1797,8,4,6,1
2014450017826,2,9,0,5,0,5,0,0,0,0,0,1,6,2,24,5,1149,1,10,10,1
2014450017828,1,2,0,18,0,0,0,0,0,0,3,1,6,1,18,4,49,1,5,10,1
2014450017829,1,9,0,18,0,1,0,0,0,0,2,1,6,1,32,6,1061,1,10,7,1
2014450017829,2,9,0,10,0,1,0,0,0,0,2,1,2,2,60,9,998,1,-1,5,3
2014450017836,1,9,0,9,0,8,0,0,0,0,1,1,6,2,30,6,1242,1,4,7,1
2014450017836,2,9,0,5,0,8,0,0,0,0,1,1,1,2,47,8,1995,2,2,7,1
2014450017841,1,9,0,11,0,8,0,0,0,0,0,1,6,1,61,9,1997,2,4,10,1
2014450017841,2,5,0,17,0,8,5,0,0,0,1,1,6,1,42,7,599,1,3,4,1
2014450017842,1,9,0,18,0,0,0,0,0,0,4,1,6,3,-1,-1,-1,-1,-1,-1,-1
2014450017842,2,21,1,12,0,0,0,0,0,0,4,1,1,1,41,7,-1,-1,-1,-1,-1
2014450017842,3,9,0,18,0,0,0,0,0,0,1,1,6,1,63,9,1598,2,2,10,1
2014450017842,4,9,0,18,0,0,0,0,0,0,1,1,6,1,53,8,-1,-1,-1,10,1
2014450017844,1,9,0,18,0,4,0,0,0,0,1,1,1,1,33,6,1686,2,4,9,3
2014450017844,2,9,0,4,0,4,0,0,0,0,2,1,1,1,33,6,-1,-1,-1,9,1
2014450017846,1,9,0,18,0,1,0,0,0,0,1,1,2,1,40,7,1997,2,11,9,3
2014450017846,2,9,0,9,0,1,0,0,0,0,1,1,2,1,57,9,1896,2,10,9,1
2014450017849,1,9,0,4,0,4,0,0,0,0,0,1,2,1,52,8,-1,-1,-1,9,2
2014450017849,2,9,0,18,0,4,0,0,0,0,1,1,6,2,19,4,1229,1,7,8,1
2014450017850,1,9,0,18,0,0,0,0,0,0,0,1,6,1,86,11,1998,1,8,8,1
2014450017851,1,9,0,1,0,0,1,4,0,0,2,1,6,1,86,11,1497,8,1,9,1
2014450017851,2,9,0,2,0,0,0,0,0,0,2,1,6,3,-1,-1,1598,1,9,-1,-1
2014450017853,1,9,0,18,0,0,0,0,0,0,1,1,6,1,32,6,-1,-1,-1,10,1
2014450017853,2,9,0,18,0,0,0,0,0,0,2,1,6,2,30,6,1598,1,3,10,1
2014450017854,1,9,0,4,0,0,0,0,0,0,1,1,2,1,28,6,1398,2,13,5,1
2014450017854,2,9,0,4,0,0,0,0,0,0,2,1,6,1,35,6,1896,2,6,3,1
2014450017854,3,9,0,4,0,0,0,0,0,0,2,1,6,1,34,6,1984,1,7,4,1
2014450017855,1,5,0,18,0,0,1,0,0,0,4,1,6,1,33,6,599,1,12,6,1
2014450017856,1,9,0,18,0,0,0,0,0,0,1,1,6,1,27,6,1399,1,2,10,1
2014450017856,2,9,0,18,0,0,0,0,0,0,1,1,6,1,61,9,1591,1,5,8,1
2014450017857,2,22,0,18,0,8,0,0,0,0,4,1,6,2,48,8,-1,-1,-1,10,1
2014450017858,1,9,0,18,0,0,0,0,0,0,1,1,6,2,27,6,1799,1,7,4,1
2014450017858,2,9,0,18,0,0,0,0,0,0,2,1,6,2,46,8,998,1,2,8,1
2014450017859,1,9,0,18,0,0,0,0,0,0,1,1,6,3,-1,-1,-1,-1,-1,-1,-1
2014450017861,1,19,0,3,0,0,0,0,0,0,2,1,6,3,30,6,2148,2,7,-1,-1
2014450017861,2,9,0,3,0,0,0,0,0,0,1,1,6,2,24,5,1364,1,6,1,1
2014450017862,1,9,0,18,0,0,0,0,1,0,0,1,6,3,-1,-1,-1,-1,-1,-1,-1
2014450017862,2,9,0,18,0,0,0,0,0,0,0,1,6,2,26,6,1364,1,6,9,1
2014450017867,1,9,0,4,0,0,0,0,0,0,2,1,6,2,25,5,1598,1,9,10,1
2014450017867,2,19,0,4,0,0,0,0,0,0,2,1,6,1,67,10,1868,2,13,-1,1
2014450017867,3,9,0,4,0,0,0,0,0,0,2,1,6,1,50,8,1997,2,9,9,1
2014450017867,4,9,0,18,0,0,0,0,0,0,1,1,6,2,34,6,1997,2,10,10,1
2014450017869,1,9,0,18,0,0,0,0,0,0,1,1,6,2,34,6,1596,1,9,3,1