Accident_Index,Vehicle_Reference,Vehicle_Type,Towing_and_Articulation,Vehicle_Manoeuvre,Vehicle_Location-Restricted_Lane,Junction_Location,Skidding_and_Overturning,Hit_Object_in_Carriageway,Vehicle_Leaving_Carriageway,Hit_Object_off_Carriageway,1st_Point_of_Impact,Was_Vehicle_Left_Hand_Drive?,Journey_Purpose_of_Driver,Sex_of_Driver,Age_of_Driver,Age_Band_of_Driver,Engine_Capacity_(CC),Propulsion_Code,Age_of_Vehicle,Driver_IMD_Decile,Driver_Home_Area_Type
2014450017869,2,9,0,18,0,0,0,0,0,0,2,1,6,1,26,6,998,1,1,6,1
2014450017869,3,9,0,18,0,0,0,0,0,0,2,1,6,2,21,5,1493,1,11,-1,1
2014450017873,1,9,0,18,0,1,0,0,0,0,4,1,6,1,64,9,1598,2,1,8,2
2014450017873,2,9,0,18,0,1,0,0,0,0,0,1,6,3,-1,-1,-1,-1,-1,-1,-1
2014450017876,1,9,0,18,0,0,0,0,0,0,1,1,6,1,22,5,3960,1,17,10,1
2014450017880,1,9,0,7,0,3,0,0,0,0,4,1,1,1,24,5,1598,2,2,8,1
2014450017880,2,9,0,7,0,3,0,0,0,0,3,1,6,3,-1,-1,-1,-1,-1,-1,-1
2014450017882,1,9,0,18,0,2,0,11,1,0,3,1,6,1,18,4,1199,1,11,10,1
2014450017883,1,9,0,18,0,0,1,0,0,0,1,1,6,2,26,6,1598,1,9,9,1
2014450017891,1,5,0,4,0,0,0,0,0,0,3,1,2,1,55,8,744,1,3,7,1
2014450017895,1,9,0,16,0,0,1,0,0,0,4,1,6,1,36,7,1995,1,12,9,1
2014450017897,1,9,0,16,0,0,5,0,1,0,4,1,2,1,27,6,1598,1,2,9,1
2014450017901,1,9,0,3,0,1,0,0,0,0,1,1,6,1,58,9,1956,2,2,10,1
2014450017901,2,19,0,3,0,1,0,0,0,0,2,1,1,1,41,7,2496,2,14,8,1
2014450017903,1,1,0,3,0,0,0,0,0,0,3,1,6,1,42,7,-1,-1,-1,8,1
2014450017903,2,9,0,18,0,0,0,0,0,0,1,1,6,1,58,9,1596,1,13,9,1
2014450017904,1,9,0,16,0,0,1,0,7,0,2,1,2,2,66,10,1596,1,11,10,1
2014450017904,2,9,0,16,0,0,1,0,7,0,1,1,6,2,26,6,1598,1,11,9,1
2014450017905,1,9,0,18,9,0,0,0,7,0,1,1,6,2,92,11,1086,1,5,10,1
2014450017906,1,9,0,9,0,2,0,0,0,0,2,1,6,2,41,7,1598,2,2,9,1
2014450017906,2,3,0,18,0,1,1,0,0,0,1,1,6,1,19,4,124,1,6,8,1
2014450017907,1,9,0,18,0,1,0,0,0,0,4,1,6,2,74,10,1390,1,16,10,3
2014450017907,2,9,0,18,0,1,0,0,0,0,1,1,6,1,24,5,1796,1,7,6,1
2014450017907,3,19,0,18,0,1,0,0,1,0,3,1,6,1,53,8,-1,-1,-1,-1,-1
2014450017911,1,9,0,18,0,2,1,0,0,0,1,1,6,2,46,8,1560,2,3,10,3
2014450017911,2,9,0,18,0,1,0,0,0,0,3,1,6,2,56,9,1389,1,12,7,1
2014450017915,1,9,0,18,0,1,0,0,0,0,1,1,6,1,54,8,2967,1,10,6,1
2014450017915,2,19,0,10,0,8,0,0,0,0,1,1,1,1,67,10,1995,2,6,10,3
2014450017917,1,3,0,18,0,0,0,0,0,0,2,1,1,1,24,5,96,1,6,3,1
2014450017917,2,8,0,18,0,0,0,0,0,0,1,1,6,1,46,8,1896,2,6,5,1
2014450017919,1,9,0,18,0,0,0,0,0,0,1,1,6,1,47,8,-1,-1,-1,-1,-1
2014450017919,2,9,0,18,0,0,0,0,0,0,1,1,6,1,61,9,1298,1,10,7,1
2014450017921,1,21,1,18,0,0,0,0,0,0,4,1,1,1,44,7,-1,-1,-1,-1,-1
2014450017921,2,9,0,18,0,0,0,0,5,6,1,1,6,1,19,4,1198,1,10,9,1
2014450017922,1,9,0,18,0,0,0,0,0,0,0,1,6,2,30,6,1364,2,7,9,1
2014450017923,1,9,0,13,0,1,1,0,0,0,3,1,2,1,41,7,2497,2,7,10,1
2014450017923,2,19,0,18,0,1,0,0,0,0,3,1,2,1,64,9,-1,-1,-1,7,1
2014450017923,3,9,0,5,0,1,0,0,0,0,0,1,6,3,-1,-1,-1,-1,-1,-1,-1
2014450017926,1,9,0,18,0,0,0,0,0,0,1,1,6,1,84,11,1999,1,9,8,1
2014450017926,2,9,0,4,0,0,0,0,0,0,2,1,6,1,51,8,2967,1,10,10,1
2014450017926,3,9,0,3,0,0,0,0,0,0,2,1,6,2,-1,-1,1390,1,2,10,3
2014450017931,1,9,0,5,0,6,0,0,0,0,3,1,6,2,43,7,1598,1,13,6,1
2014450017931,2,1,0,18,0,8,0,0,0,0,1,1,6,1,39,7,-1,-1,-1,9,1
2014450017934,1,9,0,4,0,0,0,0,0,0,1,1,2,1,19,4,2495,2,12,9,3
2014450017934,2,9,0,3,0,0,0,0,0,0,2,1,2,2,46,8,1685,2,3,5,3
2014450017934,3,9,0,3,0,0,0,0,0,0,2,1,2,1,30,6,1686,2,1,1,1
2014450017934,4,9,0,3,0,0,0,0,0,0,2,1,2,1,58,9,-1,-1,-1,8,3
2014450017934,5,9,0,3,0,0,0,0,0,0,2,1,2,2,58,9,1799,1,5,8,2
2014450017946,1,1,0,18,0,1,0,0,0,0,3,1,2,2,24,5,-1,-1,-1,8,1
2014450017946,2,11,0,18,0,1,0,0,0,0,4,1,6,3,-1,-1,-1,-1,-1,-1,-1
2014450017949,1,9,0,18,0,0,0,0,0,0,2,1,6,1,26,6,1242,1,6,7,1
2014450017949,2,9,0,4,0,0,1,0,0,0,1,1,6,2,37,7,1956,2,3,7,1
2014450017950,1,9,0,9,0,6,0,0,0,0,1,1,6,2,72,10,-1,-1,-1,10,1
2014450017950,2,1,0,9,0,5,0,0,0,0,1,1,6,2,58,9,-1,-1,-1,9,1
2014450017951,1,9,0,18,0,1,5,0,0,0,1,1,6,1,67,10,-1,-1,-1,10,1
2014450017951,2,19,0,2,0,1,0,0,0,0,2,1,6,1,62,9,1598,2,-1,6,1
2014450017955,1,5,0,4,0,0,1,0,0,0,4,1,6,1,56,9,800,1,2,10,1
2014450017956,1,9,2,4,0,0,0,0,0,0,3,1,6,2,45,7,1991,2,9,10,3
2014450017956,2,9,0,4,0,0,1,0,0,0,1,1,6,2,-1,-1,2000,1,19,7,1
2014450017957,1,9,0,4,0,4,0,0,0,0,2,1,1,1,38,7,-1,-1,-1,2,1
2014450017957,2,9,0,4,0,4,0,0,0,0,1,1,1,1,38,7,-1,-1,-1,4,1
2014450017957,3,9,0,16,0,8,0,0,0,0,0,1,6,3,-1,-1,-1,-1,-1,-1,-1
2014450017958,1,1,0,18,0,0,5,0,0,0,1,1,6,1,28,6,-1,-1,-1,8,3
2014450017959,1,9,0,18,0,0,1,0,1,0,1,1,6,2,18,4,1598,1,11,6,1
2014450017962,1,9,0,15,0,0,0,0,0,0,0,1,2,1,42,7,1686,2,7,6,1
2014450017962,2,9,0,12,0,0,0,0,0,0,1,1,2,1,50,8,1995,2,-1,-1,3
2014450017962,3,9,0,18,0,0,5,0,0,0,4,1,6,2,46,8,-1,-1,-1,4,1
2014450017968,1,1,0,18,0,6,5,0,1,0,1,1,6,1,71,10,-1,-1,-1,6,1
2014450017968,2,9,0,9,0,6,0,0,0,0,1,1,6,1,48,8,1598,1,10,9,1
2014450017972,1,1,0,18,9,0,2,0,0,0,1,1,6,1,12,3,-1,-1,-1,-1,1
2014450017975,1,3,0,18,0,0,5,10,1,4,4,1,6,1,17,4,124,1,14,5,1
2014450017976,1,9,0,18,0,0,0,0,1,11,1,1,6,2,81,11,-1,-1,-1,7,3
2014450017977,1,9,0,18,0,0,0,0,0,0,1,1,6,2,29,6,796,1,6,7,1
2014450017977,2,8,0,18,0,0,0,0,0,0,1,1,1,1,42,7,1968,2,4,4,1
2014450017978,1,9,0,18,0,8,2,0,1,0,3,1,6,2,25,5,1390,1,12,10,1
2014450017978,2,9,0,9,0,6,0,0,0,0,1,1,6,1,27,6,1796,1,6,5,1
2014450017981,1,4,0,18,0,2,0,0,0,0,1,1,6,3,-1,-1,-1,-1,-1,-1,-1
2014450017983,1,9,0,9,0,1,0,0,7,11,2,1,6,2,28,6,1781,1,13,10,1
2014450017983,2,9,0,18,0,1,0,0,0,0,1,1,6,2,-1,-1,1461,2,7,4,1
2014450017984,1,3,0,17,0,0,1,0,1,0,0,1,6,1,21,5,125,1,2,9,1
2014450017985,1,9,0,17,0,0,0,0,0,0,1,1,6,1,24,5,1242,1,14,9,1
2014450017986,1,9,0,17,0,0,0,0,1,0,1,1,6,2,21,5,998,1,9,8,1
2014450017989,1,2,0,18,0,0,5,0,0,0,4,1,6,1,24,5,49,1,-1,9,3
2014450017989,2,9,0,18,0,0,0,0,0,0,1,1,6,1,31,6,1388,1,7,8,2
2014450017989,3,9,0,18,0,0,0,0,0,0,0,1,6,3,-1,-1,-1,-1,-1,-1,-1
2014450017991,1,21,1,1,0,4,0,0,0,0,2,1,1,1,44,7,12777,2,2,10,1
2014450017991,2,3,0,18,0,1,0,0,0,0,1,1,6,2,18,4,124,1,17,10,1
2014450017993,1,9,0,17,0,4,0,0,0,0,1,1,2,2,33,6,1799,1,6,9,1
2014450017993,2,2,0,17,0,8,0,0,0,0,4,1,6,2,59,9,49,1,4,10,1
2014450017995,1,9,0,18,0,0,1,0,0,0,1,1,1,1,49,8,-1,-1,-1,10,1
2014450017995,2,9,0,18,0,0,0,0,0,0,2,1,1,1,26,6,1560,2,2,6,1
2014450017995,3,9,0,18,0,0,0,0,0,0,0,1,1,2,29,6,1799,1,7,10,1
2014450018000,1,1,0,18,9,0,0,0,0,0,1,1,6,1,27,6,-1,-1,-1,7,1
2014450018000,2,9,0,2,0,0,0,0,0,0,4,1,1,1,28,6,-1,-1,-1,-1,-1
2014450018005,1,20,0,5,0,2,0,0,0,0,0,1,1,1,54,8,10837,2,1,9,1
2014450018007,1,3,0,7,0,5,1,0,0,0,4,1,6,1,31,6,-1,-1,-1,9,1
2014450018008,1,9,0,7,0,6,0,0,0,0,1,1,6,2,51,8,1299,1,11,10,1
2014450018008,2,9,0,18,0,1,0,0,7,0,4,1,6,1,35,6,1497,8,7,8,1
2014450018015,1,1,0,18,0,1,0,0,0,0,4,1,6,1,45,7,-1,-1,-1,9,1
2014450018015,2,8,0,18,0,1,0,0,0,0,3,1,6,1,-1,-1,1798,1,3,3,1
2014450018019,1,1,0,18,0,0,5,0,0,0,0,1,6,1,2,1,-1,-1,-1,10,1
2014450018019,2,9,0,2,0,0,0,0,0,0,0,1,1,3,-1,-1,-1,-1,-1,-1,-1
2014450018022,1,1,0,18,0,1,0,0,0,0,4,1,6,1,24,5,-1,-1,-1,4,1
2014450018022,2,9,0,18,0,1,0,0,0,0,1,1,6,3,-1,-1,-1,-1,-1,-1,-1
2014450018027,1,9,0,18,0,0,0,0,0,0,1,1,6,1,40,7,1242,1,12,9,1
2014450018027,2,9,0,3,0,0,0,0,0,0,2,1,6,1,18,4,1242,1,10,10,1
2014450018030,1,9,0,18,0,1,0,0,0,0,1,1,1,1,45,7,5998,1,6,8,1
2014450018030,2,9,0,4,0,1,0,0,7,0,2,1,3,1,41,7,2362,7,13,5,1
2014450018031,1,9,0,5,0,8,0,0,0,0,1,1,6,1,-1,-1,2987,2,4,3,1
2014450018040,1,9,0,5,0,6,0,0,0,0,1,1,6,1,59,9,1997,1,13,10,1
2014450018040,2,2,0,18,0,8,0,0,0,0,4,1,6,1,16,4,49,1,14,3,1
2014450018044,1,9,0,17,0,0,0,0,0,0,4,1,6,2,62,9,1896,2,6,9,3
2014450018049,1,21,1,4,0,0,1,0,0,0,1,1,1,1,64,9,12777,2,6,6,3
2014450018049,2,9,0,3,0,0,0,0,0,0,2,1,2,1,23,5,1299,1,9,9,1
2014450018049,3,19,0,3,0,0,0,0,1,0,2,1,1,1,33,6,1870,2,9,10,1
2014450018049,4,19,0,3,0,0,0,0,0,0,2,1,1,1,44,7,4462,2,-1,3,1
2014450018049,5,9,0,3,0,0,0,0,0,0,2,1,1,1,36,7,-1,-1,-1,9,1
2014450018049,6,9,0,3,0,0,0,0,0,0,2,1,2,2,19,4,1198,1,4,7,1
2014450018049,7,9,0,3,0,0,0,0,0,0,2,1,2,1,24,5,1600,1,10,10,1
2014450018052,1,9,0,3,0,1,0,0,0,0,2,1,6,2,27,6,1124,1,12,8,3
2014450018052,2,9,0,4,0,1,0,0,0,0,1,1,2,1,43,7,1896,2,16,10,1
2014450018054,1,9,0,18,0,0,1,0,0,0,1,1,1,1,48,8,-1,-1,-1,8,1
2014450018055,1,1,0,18,0,0,0,0,0,0,1,1,6,1,17,4,-1,-1,-1,10,1
2014450018055,2,1,0,18,0,0,0,0,0,0,1,1,6,1,29,6,-1,-1,-1,5,1
2014450018057,1,21,0,3,0,2,0,0,0,0,3,1,1,1,54,8,12777,2,2,-1,1
2014450018057,2,9,0,9,0,6,0,0,0,0,1,1,6,2,45,7,1968,1,8,9,1
2014450018057,3,9,0,18,0,8,0,0,0,0,3,1,1,1,30,6,-1,-1,-1,9,3
2014450018060,1,9,0,3,0,1,0,0,0,0,2,1,6,1,63,9,998,1,2,10,1
2014450018060,2,9,0,3,0,1,0,0,0,0,1,1,6,2,32,6,1998,1,16,7,1
2014450018062,1,9,0,17,0,0,5,0,1,0,4,1,6,1,22,5,1839,1,17,8,2
2014450018063,1,9,0,18,0,1,5,0,0,0,1,1,6,2,38,7,1390,1,12,9,1
2014450018063,2,9,0,2,0,1,0,0,0,0,3,1,6,1,-1,-1,-1,-1,-1,8,1
2014450018063,3,9,0,2,0,1,0,0,0,0,3,1,6,1,-1,-1,1461,2,4,8,1
2014450018063,4,9,0,2,0,1,0,0,0,0,3,1,6,1,-1,-1,2179,2,-1,8,1
2014450018064,1,1,0,18,0,0,5,0,0,0,1,1,6,1,66,10,-1,-1,-1,10,1
2014450018064,2,17,0,18,0,0,0,0,0,0,0,1,1,1,30,6,6728,2,1,10,3
2014450018065,1,9,0,18,0,1,0,0,0,0,1,1,6,1,20,4,998,1,10,10,1
2014450018065,2,19,0,3,0,1,0,0,0,0,2,1,1,1,26,6,1248,2,-1,8,1
2014450018065,3,9,0,2,2,1,0,0,0,0,0,1,1,1,34,6,1997,2,2,5,2
2014450018067,1,9,0,18,0,0,0,0,0,0,1,1,6,1,67,10,1910,2,7,10,2
2014450018069,1,9,0,18,0,0,0,0,0,0,4,1,2,2,36,7,1598,2,4,5,1
2014450018069,2,9,0,4,0,0,0,0,0,0,0,1,1,1,51,8,-1,-1,-1,9,3
2014450018069,3,23,0,4,0,0,0,0,0,0,1,1,1,1,34,6,998,1,7,8,1
2014450018076,1,9,0,18,0,1,0,0,0,0,4,1,6,1,75,10,1910,2,6,5,1
2014450018076,2,9,0,18,0,1,0,0,0,0,3,1,6,2,19,4,1590,1,12,8,2
2014450018081,1,9,0,18,0,1,0,0,0,0,3,1,6,2,43,7,1197,1,2,9,1
2014450018081,2,9,0,18,0,1,0,0,0,0,3,1,6,3,-1,-1,-1,-1,-1,-1,-1
2014450018083,1,9,0,3,0,1,0,0,0,0,2,1,6,2,69,10,1596,1,5,7,1
2014450018083,2,9,0,3,0,1,0,0,0,0,2,1,6,2,-1,-1,2171,1,10,10,1
2014450018083,3,9,0,4,0,1,0,0,0,0,1,1,6,1,23,5,1242,1,11,9,1
2014450018084,1,5,0,18,0,1,0,0,0,0,3,1,2,1,32,6,650,1,7,7,3
2014450018092,1,19,0,18,0,8,0,0,0,0,1,1,1,1,52,8,-1,-1,-1,9,1
2014450018092,2,9,0,4,0,8,0,0,0,0,2,1,2,2,30,6,998,1,5,8,1
2014450018095,1,3,0,18,0,1,0,0,0,0,1,1,6,1,62,9,124,1,9,6,1
2014450018095,2,9,0,8,0,1,0,0,0,0,2,1,6,2,45,7,1242,1,7,1,1
2014450018097,1,9,0,5,0,1,0,0,0,0,1,1,6,2,75,10,1590,1,11,8,1
2014450018097,2,9,0,5,0,1,0,0,0,0,2,1,6,2,18,4,1199,2,3,7,1
2014450018102,1,9,0,18,0,2,0,0,0,0,1,1,6,2,38,7,1299,1,15,8,1
2014450018103,1,9,0,9,0,6,0,0,0,0,3,1,6,1,45,7,1582,2,1,4,1
2014450018110,1,9,0,18,0,4,0,0,0,0,3,1,6,2,71,10,2979,1,12,10,1
2014450018110,2,3,0,18,0,8,2,0,0,0,4,1,2,2,17,4,-1,-1,-1,10,1
2014450018112,1,3,0,12,0,8,5,10,0,0,4,1,6,1,37,7,124,1,12,9,1
2014450018114,1,9,0,9,0,8,0,0,1,10,4,1,6,2,19,4,1329,1,-1,-1,2
2014450018114,2,9,0,18,0,8,1,0,0,0,1,1,6,1,57,9,1753,2,12,9,1
2014450018117,1,9,0,1,0,0,0,0,0,0,2,1,1,3,-1,-1,-1,-1,-1,-1,-1
2014450018119,1,11,0,5,0,0,0,0,0,0,0,1,1,1,36,7,9000,2,9,5,1
2014450018121,1,9,0,18,0,1,0,0,0,0,3,1,6,2,45,7,1388,1,10,10,1
2014450018121,2,1,0,18,5,1,0,0,0,0,1,1,6,1,12,3,-1,-1,-1,10,1
2014450018125,1,1,0,12,0,0,0,0,0,0,1,1,6,1,33,6,-1,-1,-1,3,1
2014450018125,2,5,0,18,0,0,0,0,0,0,4,1,6,1,29,6,1198,1,-1,4,1
2014450018131,1,9,0,5,0,3,0,0,0,0,4,1,6,1,43,7,1995,2,10,2,1
2014450018131,2,9,0,5,0,3,0,0,0,0,3,1,6,1,21,5,-1,-1,-1,6,1
2014450018137,1,9,0,9,0,6,0,0,0,0,4,1,6,2,69,10,1868,2,13,10,1
2014450018137,2,9,0,18,0,8,0,0,0,0,1,1,6,1,85,11,1348,1,12,4,1
2014450018143,1,9,0,18,0,1,0,0,0,0,1,1,6,1,34,6,1598,1,1,4,1
2014450018153,1,9,0,9,0,8,0,0,0,0,4,1,1,2,43,7,1198,1,2,-1,1
2014450018153,2,9,0,18,0,4,0,0,0,0,1,1,6,3,-1,-1,-1,-1,-1,-1,-1
2014450018162,1,9,0,17,0,0,1,0,0,0,4,1,6,1,44,7,2494,1,17,8,1
2014450018162,2,9,0,16,0,0,0,0,0,0,1,1,6,1,33,6,1968,2,6,2,1
2014450018171,1,9,0,18,0,1,0,0,0,0,1,1,6,2,32,6,-1,-1,-1,9,2
2014450018171,2,9,0,18,0,1,0,0,0,0,1,1,6,1,33,6,1390,1,16,8,1
2014450018176,1,9,0,10,0,5,0,0,0,0,2,1,6,1,18,4,1199,1,10,9,1
2014450018176,2,9,0,18,0,1,0,0,0,0,1,1,6,3,-1,-1,-1,-1,-1,-1,-1
2014450018178,1,9,0,18,0,1,0,2,0,0,4,1,6,1,25,5,1991,1,21,10,1
2014450018180,1,9,0,18,0,1,0,0,0,0,1,1,6,1,30,6,1753,2,12,9,1
2014450018180,2,9,0,9,0,1,0,0,0,0,3,1,6,2,26,6,1360,1,12,6,1
2014450018181,1,5,0,16,0,0,5,0,0,0,1,1,6,1,66,10,125,1,2,9,1
2014450018181,2,9,0,17,0,0,0,0,0,0,3,1,6,1,61,9,5000,1,3,8,2
2014450018186,1,9,0,4,0,1,0,0,0,0,1,1,6,2,38,7,1598,1,8,6,1
2014450018186,2,9,0,3,0,1,0,0,0,0,2,1,6,2,24,5,1796,1,4,10,1
2014450018186,3,9,0,3,0,1,0,0,0,0,2,1,2,1,46,8,1997,1,6,6,1
2014450018193,1,9,0,18,0,0,0,10,2,0,4,1,2,1,26,6,1299,1,11,2,1
2014450018193,2,9,0,18,0,0,0,0,0,0,1,1,2,2,45,7,998,1,8,9,1
2014450018194,1,9,0,18,0,0,0,0,0,0,2,1,3,2,35,6,1968,2,3,8,1
2014450018194,2,9,0,18,0,0,0,0,0,0,2,1,2,1,46,8,1998,2,7,9,3
2014450018194,3,9,0,3,0,0,0,0,0,0,2,1,1,1,52,8,2993,2,6,6,1
2014450018198,1,1,0,18,0,1,0,11,0,0,1,1,6,1,11,3,-1,-1,-1,10,1
2014450018199,1,9,0,18,0,0,0,0,0,0,1,1,6,2,77,11,1598,1,1,9,3
2014450018199,2,9,0,18,0,0,0,0,0,0,1,1,6,2,67,10,1242,1,4,-1,1
2014450018202,1,9,0,18,0,0,0,0,0,0,3,1,6,1,19,4,1689,2,12,9,3
2014450018202,2,9,0,18,0,0,0,0,0,0,3,1,6,2,19,4,1796,1,-1,6,2
2014450018202,3,9,0,2,0,0,0,0,0,0,0,1,6,3,-1,-1,1796,1,14,-1,-1
2014450018204,1,19,0,3,0,0,0,0,0,0,2,1,2,1,34,6,1753,2,11,10,2
2014450018204,2,19,0,3,0,0,0,0,0,0,2,1,1,1,59,9,2402,2,5,5,1
2014450018204,3,9,0,18,0,0,0,0,0,0,1,1,2,1,56,9,1997,2,-1,7,1
2014450018206,1,9,0,18,0,8,0,0,0,0,4,1,6,2,39,7,1997,2,3,10,2
2014450018206,2,9,0,18,0,8,0,0,0,0,1,1,6,2,66,10,996,1,5,8,1
2014450018209,1,9,0,18,0,1,0,0,0,0,1,1,6,2,74,10,998,1,14,9,1
2014450018209,2,9,0,18,0,1,0,0,0,0,1,1,2,2,53,8,1998,1,9,10,1
2014450018212,1,9,0,9,0,6,0,0,0,0,1,1,6,1,53,8,1598,1,7,10,1
2014450018212,2,5,0,14,0,1,0,0,0,0,4,1,6,1,51,8,125,1,10,9,1
2014450018214,1,9,0,16,0,4,0,0,0,0,1,1,6,1,28,6,-1,-1,-1,4,1
2014450018214,2,1,0,17,0,4,0,0,0,0,4,1,6,1,37,7,-1,-1,-1,4,1
2014450018217,1,9,0,18,0,0,0,0,0,0,1,1,6,1,28,6,1796,1,8,5,1
2014450018226,1,21,1,18,0,1,0,0,0,0,4,1,1,1,52,8,10837,2,1,8,3
2014450018232,1,1,0,18,0,0,0,0,0,0,1,1,1,1,46,8,-1,-1,-1,8,1
2014450018232,2,9,0,1,0,0,0,0,0,0,2,1,6,1,32,6,2494,1,14,8,1
2014450018233,1,5,0,4,0,1,1,0,0,0,1,1,6,1,52,8,865,1,-1,7,1
2014450018233,2,9,0,9,0,1,0,0,0,0,4,1,2,2,33,6,1149,1,6,9,1
2014450018237,1,9,0,18,0,1,0,0,0,0,2,1,6,2,28,6,1997,2,10,9,3
2014450018237,2,9,0,18,0,1,0,0,0,0,1,1,6,1,-1,-1,1598,2,1,8,1
2014450018239,1,2,0,18,0,0,0,0,0,0,1,1,6,1,48,8,124,1,2,8,1
2014450018239,2,9,0,9,0,0,0,0,0,0,3,1,1,1,29,6,1299,1,7,4,1
2014450018240,1,9,0,3,0,0,0,0,0,0,2,1,6,1,56,9,1896,2,12,10,1
2014450018240,2,9,0,18,0,0,1,0,0,0,1,1,6,1,19,4,1796,1,7,10,1
2014450018245,1,5,0,18,0,3,0,0,0,0,1,1,2,1,53,8,1170,1,7,10,1
2014450018248,1,9,0,18,0,1,0,0,0,0,1,1,1,2,58,9,1995,2,-1,6,1
2014450018248,2,9,0,10,0,1,0,0,0,0,2,1,2,2,48,8,2993,2,6,10,1
2014450018252,1,9,0,18,0,0,0,0,1,0,1,1,6,1,55,8,-1,-1,-1,10,2
2014450018252,2,9,0,18,0,0,0,0,1,0,2,1,6,1,45,7,2143,2,1,9,1
2014450018252,3,9,0,18,0,0,0,0,0,0,2,1,6,1,77,11,1242,1,2,10,1
2014450018252,4,9,0,3,0,0,0,0,0,0,2,1,6,1,40,7,1968,2,1,4,1
2014450018254,1,9,0,9,0,1,0,0,0,0,1,1,6,1,68,10,2792,1,17,10,1
2014450018254,2,5,0,18,0,1,0,0,0,0,3,1,6,1,54,8,652,1,8,10,1
2014450018256,1,9,0,18,0,4,0,0,0,0,1,1,6,2,36,7,1242,1,9,9,2
2014450018256,2,9,0,18,0,4,0,0,0,0,1,1,6,1,26,6,1896,2,11,8,1
2014450018260,1,9,0,18,0,1,0,0,1,0,1,1,6,2,61,9,1242,1,2,6,1
2014450018260,2,9,0,9,0,6,0,0,0,0,3,1,6,2,64,9,1388,1,11,10,1
2014450018262,1,9,0,18,9,1,0,0,0,0,1,1,6,2,21,5,1229,1,1,9,1
2014450018262,2,9,0,3,0,1,0,0,1,11,1,1,6,2,62,9,1998,2,13,9,1
2014450018263,1,9,0,18,0,8,0,0,7,0,1,1,6,1,43,7,1769,1,14,2,1
2014450018265,1,9,0,4,0,0,0,0,0,0,1,1,6,1,39,7,-1,-1,-1,7,1
2014450018265,2,9,0,3,0,0,0,0,0,0,2,1,6,1,38,7,1198,1,1,8,2
2014450018266,1,9,0,13,0,0,0,0,0,0,1,1,2,2,20,4,1998,1,11,10,2
2014450018266,2,9,0,10,0,0,0,0,0,0,3,1,2,1,24,5,-1,-1,-1,4,1
2014450018267,1,5,0,18,0,1,0,0,0,0,1,1,6,1,27,6,124,1,8,10,1
2014450018267,2,9,0,9,0,5,0,0,0,0,4,1,6,1,24,5,1242,1,10,6,3
2014450018270,1,19,0,7,0,1,0,0,0,0,3,1,6,1,44,7,2198,2,-1,8,1
2014450018275,1,3,0,18,0,0,0,0,7,0,1,1,6,1,19,4,125,1,2,5,1
2014450018275,2,9,0,9,0,0,0,0,0,0,4,1,6,1,46,8,3200,6,14,10,1
2014450018280,1,9,0,18,0,4,0,0,0,0,4,1,6,1,87,11,2995,1,13,9,3
2014450018284,1,9,0,18,0,0,2,0,0,0,4,1,2,2,33,6,-1,-1,-1,3,1
2014450018285,1,9,0,18,0,3,5,0,1,0,1,1,6,1,20,4,1242,1,7,9,2
2014450018286,1,9,0,18,0,1,0,0,3,0,1,1,6,3,-1,-1,3226,2,14,-1,-1
2014450018289,1,3,0,18,0,1,0,0,0,0,1,1,6,1,19,4,124,1,1,7,3
2014450018289,2,9,0,9,0,6,0,0,0,0,3,1,6,2,48,8,1598,1,2,10,1
2014450018292,1,9,0,18,0,1,0,0,0,0,1,1,6,2,85,11,1108,1,4,9,3
2014450018292,2,9,0,18,0,1,0,0,0,0,1,1,6,3,-1,-1,-1,-1,-1,-1,-1
2014450018295,1,9,0,5,0,0,1,0,1,11,1,1,6,1,72,10,1600,1,15,5,1
2014450018296,1,9,0,13,0,1,0,0,0,0,4,1,6,3,-1,-1,-1,-1,-1,-1,-1
2014450018296,2,1,0,18,0,1,5,0,0,0,3,1,6,1,19,4,-1,-1,-1,7,3
2014450018301,1,9,0,18,0,1,0,0,0,0,1,1,3,2,69,10,1389,1,11,5,1
2014450018301,2,9,0,18,0,1,0,0,0,0,1,1,6,1,67,10,1198,1,5,10,1
2014450018301,3,9,0,18,0,1,0,0,0,0,1,1,6,2,47,8,1796,1,10,10,1
2014450018304,1,1,0,18,0,8,0,0,0,0,0,1,6,1,58,9,-1,-1,-1,2,1
2014450018304,2,9,0,18,0,6,0,0,0,0,0,1,2,1,49,8,1397,1,12,7,1
2014450018306,1,9,0,18,0,6,0,0,0,0,3,1,6,2,41,7,1598,1,9,6,1
2014450018306,2,9,0,18,0,1,0,0,0,0,3,1,6,1,58,9,1997,1,16,9,1
2014450018308,1,9,0,18,0,4,1,0,0,0,1,1,6,1,23,5,-1,-1,-1,10,1
2014450018308,2,9,0,18,0,3,0,0,0,0,3,1,3,2,45,7,1198,1,9,10,1
2014450018309,1,9,0,15,0,0,0,0,0,0,1,1,6,2,79,11,1598,1,13,6,1