Accident_Index,Vehicle_Reference,Vehicle_Type,Towing_and_Articulation,Vehicle_Manoeuvre,Vehicle_Location-Restricted_Lane,Junction_Location,Skidding_and_Overturning,Hit_Object_in_Carriageway,Vehicle_Leaving_Carriageway,Hit_Object_off_Carriageway,1st_Point_of_Impact,Was_Vehicle_Left_Hand_Drive?,Journey_Purpose_of_Driver,Sex_of_Driver,Age_of_Driver,Age_Band_of_Driver,Engine_Capacity_(CC),Propulsion_Code,Age_of_Vehicle,Driver_IMD_Decile,Driver_Home_Area_Type
2014450018309,2,9,0,2,0,0,0,0,0,0,2,1,6,2,37,7,1984,1,8,10,1
2014450018310,1,9,0,10,0,0,0,0,0,0,2,1,6,2,17,4,-1,-1,-1,7,1
2014450018310,2,9,0,18,0,0,0,0,0,0,1,1,6,1,56,9,1968,2,3,8,1
2014450018312,1,9,0,3,0,1,0,0,0,0,2,1,6,2,21,5,1598,2,-1,10,1
2014450018312,2,9,0,4,0,1,0,0,0,0,1,1,6,1,-1,-1,3301,1,12,10,1
2014450018319,1,9,0,18,0,1,0,0,0,0,1,1,6,1,24,5,1796,1,14,10,1
2014450018319,2,9,0,9,0,6,0,0,0,0,1,1,6,2,19,4,4691,1,6,10,2
2014450018320,1,21,1,12,0,0,0,0,0,0,0,1,1,1,49,8,12600,2,12,8,1
2014450018320,2,9,0,18,0,0,0,0,0,0,0,1,6,2,-1,-1,1242,1,2,10,1
2014450018321,1,5,0,14,0,1,0,0,0,0,1,1,6,1,21,5,645,1,-1,9,1
2014450018321,2,9,0,10,0,1,0,0,0,0,1,1,6,2,40,7,2199,2,3,10,1
2014450018323,1,9,0,5,0,1,0,0,0,0,1,1,6,2,21,5,998,1,11,10,1
2014450018323,2,9,0,5,0,1,0,0,0,0,1,1,6,2,28,6,2198,1,15,7,1
2014450018324,1,9,0,9,0,4,0,0,0,0,3,1,6,2,42,7,1896,2,9,6,1
2014450018324,2,1,0,18,0,8,5,0,0,0,1,1,1,2,36,7,-1,-1,-1,8,1
2014450018330,1,9,0,5,0,8,0,0,0,0,1,1,2,1,31,6,1900,2,15,6,1
2014450018330,2,19,0,9,0,8,0,0,0,0,1,1,1,1,36,7,1560,2,2,4,2
2014450018331,1,9,0,9,0,6,0,0,0,0,1,1,3,1,38,7,1998,1,14,9,1
2014450018331,2,9,0,5,0,1,0,0,0,0,4,1,6,2,45,7,1598,1,1,8,1
2014450018332,1,9,0,10,0,0,0,0,0,0,0,1,6,1,67,10,1389,1,20,10,1
2014450018332,2,9,0,18,0,0,1,0,7,10,1,1,6,1,23,5,1753,2,8,3,1
2014450018332,3,9,0,4,0,0,0,0,0,0,1,1,6,1,44,7,-1,-1,-1,3,1
2014450018333,1,3,0,18,0,0,0,0,0,0,1,1,2,1,50,8,125,1,7,6,1
2014450018333,2,9,0,6,0,0,0,0,0,0,3,1,2,1,26,6,1968,2,2,9,1
2014450018334,1,9,0,4,0,0,0,0,0,0,1,1,6,1,55,8,2401,2,6,10,1
2014450018334,2,9,0,4,0,0,0,0,0,0,2,1,6,2,56,9,998,1,7,1,1
2014450018335,1,9,0,16,0,0,0,0,0,0,0,1,6,3,-1,-1,-1,-1,-1,-1,-1
2014450018335,2,9,0,17,0,0,0,0,1,0,0,1,6,1,41,7,2495,2,13,3,1
2014450018337,1,9,0,18,0,1,0,0,0,0,4,1,6,2,31,6,1390,1,2,10,1
2014450018337,2,9,0,7,0,6,0,0,0,0,1,1,6,3,-1,-1,-1,-1,-1,-1,-1
2014450018339,1,9,0,4,0,0,0,0,0,0,1,1,6,2,75,10,1796,1,3,8,1
2014450018339,2,9,0,2,0,0,0,0,0,0,1,1,6,1,-1,-1,1560,2,1,10,1
2014450018340,1,9,0,4,0,1,0,0,0,0,2,1,6,2,19,4,998,1,-1,8,1
2014450018340,2,19,0,18,0,1,1,0,0,0,1,1,1,1,27,6,2198,2,7,1,1
2014450018341,1,21,1,9,0,2,0,0,0,0,1,1,1,1,63,9,8970,2,8,9,1
2014450018341,2,9,0,18,0,1,0,0,0,0,1,1,2,2,40,7,2435,1,8,5,1
2014450018342,1,9,0,10,0,1,0,0,0,0,2,1,6,1,28,6,1298,1,11,7,1
2014450018342,2,9,0,4,0,1,0,0,0,0,1,1,6,1,31,6,1596,1,11,8,1
2014450018343,1,9,0,9,0,8,0,0,0,0,1,1,1,2,45,7,1598,1,7,6,1
2014450018343,2,9,0,18,0,1,0,0,0,0,4,1,2,1,34,6,1781,1,11,9,1
2014450018344,1,9,0,18,0,8,0,0,0,0,1,1,6,2,82,11,1422,2,10,9,1
2014450018344,2,9,0,18,0,8,0,0,0,0,3,1,1,1,32,6,1560,2,2,6,1
2014450018345,1,9,0,16,0,1,0,0,0,0,1,1,6,2,65,9,1296,1,7,4,1
2014450018345,2,9,0,17,0,1,0,0,0,0,1,1,6,2,37,7,2993,2,1,9,1
2014450018349,1,1,0,18,0,0,0,0,0,0,3,1,6,1,12,3,-1,-1,-1,10,1
2014450018349,2,21,1,18,0,0,0,0,0,0,1,1,1,3,-1,-1,6692,2,6,4,1
2014450018350,1,9,0,18,0,0,2,0,1,3,1,1,6,1,26,6,1796,1,11,10,1
2014450018354,1,9,0,16,0,1,1,0,0,0,1,1,6,2,48,8,1600,1,10,10,1
2014450018354,2,9,0,10,0,1,0,0,0,0,1,1,6,2,18,4,1242,1,6,10,3
2014450018354,3,9,0,10,0,1,0,0,0,0,1,1,6,2,56,9,2993,2,1,9,3
2014450018354,4,9,0,2,0,2,0,0,0,0,2,1,6,1,-1,-1,-1,-1,-1,6,1
2014450018354,5,9,0,2,0,2,0,0,0,0,2,1,6,3,-1,-1,1248,1,-1,8,1
2014450018354,6,9,0,2,0,2,0,0,0,0,2,1,6,1,-1,-1,1197,1,-1,7,3
2014450018355,1,9,0,18,0,2,5,7,0,0,1,1,2,2,57,9,2597,1,11,10,1
2014450018356,1,9,0,18,0,0,0,0,7,0,1,1,6,1,-1,-1,1598,1,7,2,1
2014450018357,1,9,0,18,0,1,0,0,0,0,3,1,6,1,24,5,2000,1,9,10,1
2014450018357,2,9,0,18,0,2,0,0,0,0,3,1,6,3,-1,-1,-1,-1,-1,-1,-1
2014450018359,1,5,0,16,0,0,1,0,0,0,1,1,2,1,50,8,800,1,2,10,1
2014450018359,2,20,4,17,0,0,0,0,0,0,1,1,2,1,65,9,2998,2,2,6,1
2014450018361,1,9,0,9,0,6,0,0,0,0,4,1,6,1,84,11,1596,1,15,9,1
2014450018361,2,9,0,16,0,1,0,0,0,0,3,1,6,1,28,6,1364,1,4,5,1
2014450018365,1,9,0,9,0,8,0,0,0,0,4,1,6,2,58,9,1396,1,3,7,1
2014450018365,2,9,0,18,0,8,0,0,0,0,1,1,6,1,40,7,1870,2,10,7,1
2014450018365,3,9,0,10,0,1,0,0,0,0,3,1,6,1,41,7,1199,2,3,7,1
2014450018373,1,9,0,5,0,1,0,0,0,0,1,1,6,2,42,7,1598,1,5,5,1
2014450018373,2,9,0,17,0,8,0,0,0,0,1,1,2,2,21,5,1390,1,14,10,1
2014450018374,1,9,0,7,0,8,0,0,0,0,1,1,6,2,35,6,-1,-1,-1,7,1
2014450018374,2,1,0,18,0,8,0,0,0,0,2,1,6,1,75,10,-1,-1,-1,6,1
2014450018375,1,9,0,18,0,8,0,0,0,0,1,1,2,1,40,7,-1,-1,-1,8,1
2014450018375,2,1,0,18,0,8,0,0,0,0,2,1,6,1,35,6,-1,-1,-1,10,1
2014450018376,1,3,0,17,0,0,1,0,0,0,0,1,6,1,39,7,85,1,24,7,1
2014450018376,2,9,0,9,0,0,0,0,0,0,0,1,1,1,37,7,1956,2,5,4,1
2014450018377,1,9,0,18,0,0,0,0,0,0,3,1,6,2,39,7,1968,2,1,7,3
2014450018377,2,9,0,18,0,0,0,0,0,0,3,1,6,2,81,11,-1,-1,-1,6,1
2014450018378,1,9,0,3,0,0,0,0,0,0,2,1,6,1,47,8,1399,2,8,10,1
2014450018378,2,9,0,16,0,0,5,0,0,0,1,1,6,1,51,8,1197,1,1,10,1
2014450018379,1,9,0,4,0,1,0,0,0,0,2,1,6,2,27,6,1995,2,7,10,1
2014450018379,2,19,0,4,0,1,0,0,0,0,1,1,6,1,50,8,2500,2,14,10,1
2014450018381,1,1,0,18,0,0,0,0,0,0,0,1,6,2,69,10,-1,-1,-1,8,1
2014450018385,1,1,0,18,0,8,0,0,0,0,1,1,6,2,28,6,-1,-1,-1,6,1
2014450018391,1,9,0,3,0,1,0,0,0,0,2,1,6,1,34,6,1997,1,8,9,1
2014450018391,2,9,0,4,0,1,0,0,0,0,1,1,6,3,-1,-1,2995,1,15,-1,-1
2014450018393,1,1,0,18,9,0,0,0,0,0,0,1,2,1,54,8,-1,-1,-1,6,1
2014450018397,1,5,0,18,0,1,0,0,0,0,1,1,6,2,32,6,124,1,4,10,1
2014450018397,2,9,0,9,0,1,0,0,0,0,4,1,6,1,19,4,1360,1,11,9,1
2014450018401,1,9,0,18,0,0,0,0,0,0,3,1,1,1,25,5,1997,2,5,5,1
2014450018403,1,9,0,10,0,5,0,0,0,0,2,1,6,2,43,7,1998,2,7,10,1
2014450018403,2,9,0,18,0,8,0,0,0,0,1,1,6,1,28,6,1598,1,13,4,1
2014450018406,1,9,0,18,0,0,0,7,4,0,1,1,6,1,78,11,-1,-1,-1,6,1
2014450018408,1,9,0,18,0,0,0,0,0,0,1,1,2,2,54,8,2460,2,9,6,3
2014450018408,2,9,0,4,0,0,0,0,0,0,2,1,2,1,43,7,1598,2,2,5,1
2014450018408,3,9,0,4,0,0,0,0,0,0,2,1,2,1,36,7,1796,1,2,3,1
2014450018409,1,9,0,4,0,0,0,0,0,0,1,1,6,1,83,11,1242,1,2,9,1
2014450018409,2,9,0,3,0,0,0,0,1,0,2,1,6,2,57,9,1198,1,4,8,1
2014450018409,3,9,0,3,0,0,0,0,1,0,2,1,6,2,26,6,1275,1,15,10,1
2014450018409,4,9,0,3,0,0,0,0,0,0,2,1,6,1,67,10,-1,-1,-1,6,1
2014450018410,1,9,0,18,0,8,1,9,3,0,1,1,6,2,33,6,1299,1,14,6,1
2014450018412,1,2,0,13,0,1,0,0,0,0,4,1,6,1,21,5,49,1,4,4,1
2014450018412,2,9,0,9,0,1,0,0,0,0,3,1,6,2,33,6,1598,1,5,8,1
2014450018414,1,9,0,18,0,0,5,7,0,0,1,1,1,1,22,5,1199,1,13,9,1
2014450018415,1,21,1,11,0,3,0,0,0,0,3,1,1,1,38,7,-1,-1,-1,-1,-1
2014450018415,2,9,0,18,0,3,0,0,0,0,4,1,6,1,33,6,1598,1,7,9,1
2014450018418,1,9,0,4,0,0,1,0,0,0,1,1,6,1,18,4,1199,1,10,4,1
2014450018418,2,9,0,4,0,0,0,0,0,0,2,1,6,1,40,7,1968,2,8,7,1
2014450018418,3,9,0,4,0,0,0,0,0,0,2,1,6,3,-1,-1,-1,-1,-1,-1,-1
2014450018419,1,9,0,18,0,1,0,0,0,0,1,1,6,1,33,6,1956,2,4,10,1
2014450018421,1,1,0,5,0,1,0,0,0,0,0,1,2,1,31,6,-1,-1,-1,6,1
2014450018426,1,3,0,18,0,1,1,0,0,0,1,1,2,1,28,6,124,1,1,9,3
2014450018430,1,9,0,4,0,1,0,0,0,0,1,1,6,1,88,11,1596,1,7,10,1
2014450018430,2,1,0,18,0,1,0,0,0,0,1,1,1,1,57,9,-1,-1,-1,4,3
2014450018433,1,9,0,18,0,0,0,0,6,6,1,1,6,1,23,5,1360,1,14,7,2
2014450018433,2,21,1,18,0,0,1,4,0,0,1,1,1,1,30,6,12900,2,4,2,1
2014450018433,3,9,0,18,0,0,0,0,0,0,4,1,6,1,46,8,1598,1,5,3,1
2014450018436,1,9,0,5,0,6,0,0,0,0,3,1,6,1,41,7,1598,1,9,3,1
2014450018436,2,3,0,18,0,1,0,0,0,0,1,1,6,1,17,4,125,1,9,7,1
2014450018437,1,9,0,9,0,8,0,0,0,0,4,1,2,2,41,7,875,1,2,10,1
2014450018437,2,2,0,18,0,8,0,0,0,0,1,1,2,1,17,4,50,1,-1,9,1
2014450018439,1,9,0,18,0,8,0,0,0,0,1,1,6,1,68,10,3996,1,14,2,1
2014450018439,2,9,0,18,0,1,0,0,0,0,3,1,6,2,70,10,1299,1,6,4,1
2014450018440,1,9,0,9,0,6,0,0,0,0,1,1,6,1,22,5,1390,1,15,8,3
2014450018440,2,4,0,18,0,1,5,0,0,0,1,1,6,1,37,7,125,1,3,4,3
2014450018441,1,9,0,18,0,8,0,0,0,0,4,1,6,2,18,4,998,1,13,9,1
2014450018441,2,9,0,18,0,6,0,0,0,0,1,1,6,1,-1,-1,-1,-1,-1,9,1
2014450018443,1,9,0,4,0,0,1,0,0,0,1,1,6,2,42,7,1360,1,7,8,1
2014450018443,2,9,0,4,0,0,0,0,0,0,2,1,6,1,60,9,1997,2,4,9,1
2014450018445,1,9,0,15,0,0,1,0,4,0,3,1,6,1,24,5,1229,1,-1,6,3
2014450018445,2,20,0,11,0,0,0,0,0,0,4,1,1,1,76,11,-1,-1,-1,8,3
2014450018447,1,9,0,16,0,0,0,0,0,0,1,1,6,1,41,7,4398,1,9,10,1
2014450018450,1,9,0,16,0,3,0,0,0,0,1,1,6,2,55,8,1229,1,9,5,1
2014450018450,2,9,0,16,0,3,0,0,0,0,1,1,6,1,74,10,998,1,3,7,1
2014450018450,3,9,0,16,0,3,0,0,0,0,2,1,6,1,28,6,998,1,12,3,1
2014450018451,1,9,0,18,0,0,1,0,0,0,1,1,6,1,36,7,1490,1,8,8,1
2014450018451,2,9,0,4,0,0,0,0,0,0,2,1,6,1,62,9,1991,1,6,10,1
2014450018451,3,9,0,3,0,0,0,0,0,0,2,1,6,1,40,7,1968,2,1,9,1
2014450018453,1,9,0,18,0,0,0,0,0,0,1,1,6,2,23,5,1197,1,3,8,3
2014450018453,2,1,0,18,0,0,0,0,0,0,2,1,6,2,57,9,-1,-1,-1,8,3
2014450018455,1,9,0,17,9,0,0,0,8,0,1,1,2,1,37,7,1242,1,12,8,1
2014450018456,1,9,0,9,0,3,0,0,0,0,0,1,6,1,27,6,1781,1,12,10,1
2014450018456,2,5,0,18,0,3,1,0,0,0,3,1,2,1,49,8,998,1,7,8,1
2014450018457,1,9,0,6,0,0,0,0,0,0,2,1,2,2,35,6,1896,2,12,7,1
2014450018457,2,9,0,18,0,0,0,0,0,0,1,1,6,1,32,6,1595,1,11,2,1
2014450018460,1,9,0,9,0,6,0,0,0,0,3,1,6,2,79,11,1240,1,8,10,1
2014450018460,2,3,0,18,0,1,0,0,0,0,1,1,6,1,17,4,124,1,3,10,1
2014450018462,1,1,0,4,9,1,0,0,0,0,1,1,4,1,10,2,-1,-1,-1,8,1
2014450018462,2,9,0,3,9,6,0,0,0,0,4,1,6,3,-1,-1,-1,-1,-1,-1,-1
2014450018463,1,9,0,5,0,6,0,0,0,0,1,1,6,1,72,10,1388,1,12,6,1
2014450018470,1,9,0,3,0,0,0,0,0,0,2,1,6,1,-1,-1,2993,2,9,9,1
2014450018470,2,9,0,3,0,0,0,0,0,0,1,1,6,1,-1,-1,-1,-1,-1,6,1
2014450018472,1,5,0,16,0,0,0,0,7,0,1,1,2,1,22,5,645,1,12,5,1
2014450018478,1,3,0,13,0,0,0,0,0,0,4,1,6,1,23,5,124,1,6,10,1
2014450018478,2,9,0,18,0,0,0,0,0,0,3,1,6,1,50,8,1398,2,1,9,2
2014450018482,1,1,0,13,0,0,0,0,0,0,3,1,6,1,23,5,-1,-1,-1,10,1
2014450018482,2,9,0,13,0,0,0,0,0,0,4,1,6,2,86,11,1598,1,12,10,1
2014450018483,1,9,0,18,0,0,0,0,0,0,1,1,6,2,65,9,3498,1,5,10,1
2014450018489,1,9,0,9,0,0,0,0,0,0,1,1,6,1,37,7,1997,2,2,2,1
2014450018489,2,1,0,18,0,0,5,0,0,0,1,1,6,1,27,6,-1,-1,-1,10,1
2014450018489,3,1,0,18,0,0,5,0,0,0,1,1,6,1,35,6,-1,-1,-1,9,1
2014450018490,1,9,0,18,0,0,1,0,6,0,1,1,6,2,18,4,-1,-1,-1,5,2
2014450018490,2,9,0,7,0,0,0,0,0,0,0,1,6,3,-1,-1,-1,-1,-1,-1,-1
2014450018492,1,5,0,16,0,0,2,0,5,6,4,1,6,1,28,6,645,1,7,3,1
2014450018492,2,5,0,16,0,0,2,0,0,0,3,1,6,1,29,6,750,1,4,3,1
2014450018497,1,9,0,10,0,1,0,0,0,0,4,1,6,1,37,7,-1,-1,-1,9,1
2014450018497,2,1,0,18,0,6,0,0,0,0,1,1,6,1,54,8,-1,-1,-1,9,2
2014450018500,1,1,0,4,0,1,0,0,0,0,0,1,6,1,60,9,-1,-1,-1,5,1
2014450018503,1,1,0,18,5,0,0,0,1,0,1,1,6,1,51,8,-1,-1,-1,7,1
2014450018506,1,9,0,9,0,6,0,0,0,0,1,1,6,1,76,11,2497,1,9,10,2
2014450018506,2,9,0,18,0,1,0,0,0,0,1,1,6,2,26,6,1588,1,10,8,1
2014450018507,1,9,0,9,0,8,0,0,0,0,1,1,6,2,42,7,1596,1,6,9,1
2014450018507,2,19,0,3,0,8,0,0,0,0,2,1,6,1,41,7,-1,-1,-1,6,1
2014450018508,1,9,0,4,0,0,0,0,0,0,1,1,1,2,23,5,1360,1,8,10,1
2014450018508,2,9,0,18,0,0,0,0,0,0,2,1,6,1,46,8,2993,2,1,10,1
2014450018510,1,9,0,7,0,8,0,0,0,0,3,1,6,1,-1,-1,1596,1,13,10,1
2014450018510,2,1,0,18,0,8,0,0,0,0,1,1,6,1,67,10,-1,-1,-1,10,1
2014450018513,1,1,0,18,0,6,0,0,0,0,1,1,6,1,61,9,-1,-1,-1,9,1
2014450018513,2,9,0,18,0,6,0,0,0,0,3,1,6,1,19,4,1686,2,7,10,1
2014450018514,1,9,0,11,0,1,0,0,0,0,0,1,1,1,40,7,1997,2,13,1,1
2014450018514,2,5,0,5,0,1,0,0,0,0,0,1,1,1,49,8,599,1,14,7,1
2014450018515,1,3,0,18,0,0,5,0,0,0,1,1,6,1,22,5,125,1,5,8,1
2014450018515,2,9,0,18,0,0,0,0,0,0,1,1,6,2,34,6,2987,2,4,-1,1
2014450018515,3,9,0,18,0,0,0,0,0,0,1,1,6,1,22,5,-1,-1,-1,4,1
2014450018515,4,9,0,18,0,0,0,11,0,0,1,1,6,3,-1,-1,-1,-1,-1,-1,-1
2014450018515,5,9,0,18,0,0,0,0,0,0,0,1,6,3,-1,-1,-1,-1,-1,-1,-1
2014450018515,6,9,0,18,0,0,0,0,0,0,0,1,6,3,-1,-1,-1,-1,-1,-1,-1
2014450018515,7,9,0,18,0,0,0,0,0,0,0,1,6,3,-1,-1,-1,-1,-1,-1,-1
2014450018515,8,9,0,18,0,0,0,0,0,0,0,1,6,3,-1,-1,-1,-1,-1,-1,-1
2014450018515,9,9,0,18,0,0,0,0,0,0,0,1,6,3,-1,-1,-1,-1,-1,-1,-1
2014450018515,10,9,0,18,0,0,0,0,0,0,0,1,6,3,-1,-1,-1,-1,-1,-1,-1
2014450018515,11,9,0,18,0,0,0,0,0,0,0,1,6,3,-1,-1,-1,-1,-1,-1,-1
2014450018515,12,9,0,18,0,0,0,0,0,0,0,1,6,3,-1,-1,-1,-1,-1,-1,-1
2014450018515,13,9,0,18,0,0,0,0,0,0,0,1,6,3,-1,-1,-1,-1,-1,-1,-1
2014450018515,14,9,0,18,0,0,0,0,0,0,0,1,6,3,-1,-1,-1,-1,-1,-1,-1
2014450018515,15,9,0,18,0,0,0,0,0,0,0,1,6,3,-1,-1,-1,-1,-1,-1,-1
2014450018515,16,9,0,18,0,0,0,0,0,0,0,1,6,3,-1,-1,-1,-1,-1,-1,-1
2014450018515,17,9,0,18,0,0,0,0,0,0,0,1,6,3,-1,-1,-1,-1,-1,-1,-1
2014450018515,18,9,0,18,0,0,0,0,0,0,0,1,6,3,-1,-1,-1,-1,-1,-1,-1
2014450018515,19,9,0,18,0,0,0,0,0,0,0,1,6,3,-1,-1,-1,-1,-1,-1,-1
2014450018519,1,9,0,1,0,0,0,0,0,0,2,1,1,1,42,7,2993,2,3,6,3
2014450018520,1,9,0,9,0,0,0,0,0,0,3,1,6,1,54,8,-1,-1,-1,7,2
2014450018520,2,3,0,13,0,0,1,0,0,0,1,1,6,1,18,4,125,1,2,9,3
2014450018521,1,9,0,5,0,0,0,0,0,0,2,1,1,1,61,9,1997,2,4,8,1
2014450018522,1,9,0,4,0,0,0,0,0,0,2,1,6,1,20,4,2494,1,15,9,1
2014450018522,2,2,0,18,0,0,1,0,0,0,1,1,2,1,17,4,50,1,1,3,1
2014450018523,1,9,0,9,0,5,0,0,0,0,1,1,1,1,51,8,2148,2,5,2,1
2014450018523,2,9,0,18,0,1,0,0,0,0,1,1,6,2,34,6,1560,2,10,6,1
2014450018523,3,9,0,10,0,1,0,0,0,0,3,1,6,1,41,7,1596,1,10,7,1
2014450018524,1,11,0,18,0,1,0,0,0,0,0,1,1,3,-1,-1,-1,-1,-1,-1,-1
2014450018525,1,9,0,18,0,0,0,0,0,0,1,1,6,1,37,7,1896,2,5,10,1
2014450018525,2,9,0,13,0,0,0,0,0,0,1,1,6,1,27,6,1796,1,13,7,1
2014450018527,1,9,0,18,0,0,0,0,0,0,0,1,6,3,-1,-1,-1,-1,-1,-1,-1
2014450018528,1,9,0,3,0,0,0,0,0,0,2,1,6,2,43,7,-1,-1,-1,8,3
2014450018528,2,9,0,18,0,0,0,0,0,0,1,1,6,2,-1,-1,1296,1,19,9,1
2014450018530,1,9,0,9,0,6,0,0,0,0,1,1,6,2,89,11,2496,1,9,8,1
2014450018530,2,1,0,8,0,5,0,0,0,0,1,1,6,2,33,6,-1,-1,-1,3,1
2014450018533,1,9,0,4,0,0,0,0,0,0,2,1,2,2,44,7,1560,2,3,8,3
2014450018533,2,9,0,18,0,0,0,0,0,0,2,1,2,2,32,6,1396,1,16,4,1
2014450018533,3,9,0,18,0,0,0,0,0,0,1,1,6,1,49,8,1422,2,5,9,1
2014450018534,1,9,0,5,0,1,0,0,0,0,4,1,1,1,39,7,1997,2,1,7,1
2014450018535,1,9,0,13,0,1,0,0,0,0,1,1,6,1,22,5,1686,2,9,9,2
2014450018535,2,9,0,7,0,6,0,0,0,0,1,1,6,1,80,11,1596,1,13,6,1
2014450018536,1,9,0,18,0,1,0,0,0,0,1,1,6,2,66,10,2204,2,6,6,1
2014450018536,2,9,0,3,0,1,0,0,0,0,2,1,6,1,40,7,1587,1,8,6,1
2014450018537,1,9,0,18,0,8,0,0,0,0,2,1,6,1,28,6,1600,2,5,9,1
2014450018537,2,9,0,9,0,8,0,0,0,0,1,1,1,1,33,6,1299,1,14,6,1
2014450018538,1,9,0,11,0,0,0,0,0,0,2,1,6,3,-1,-1,-1,-1,-1,-1,-1
2014450018538,2,5,0,18,0,0,2,0,1,0,3,1,1,1,58,9,1050,1,-1,9,1
2014450018542,1,9,0,18,0,8,0,0,0,0,1,1,6,1,84,11,1497,1,11,5,1
2014450018542,2,9,0,3,0,8,0,0,0,0,3,1,6,2,41,7,1896,2,6,10,1
2014450018542,3,9,0,3,0,8,0,0,0,0,4,1,6,2,35,6,2179,2,4,10,1
2014450018543,1,9,0,18,0,1,0,0,0,0,1,1,6,1,80,11,1339,1,1,9,1
2014450018543,2,9,0,9,0,1,0,0,0,0,1,1,6,2,21,5,998,1,14,7,1
2014450018545,1,9,0,4,0,0,0,0,0,0,1,1,1,1,36,7,2143,2,1,7,1
2014450018545,2,9,0,3,0,0,0,0,0,0,2,1,1,1,42,7,1968,2,3,6,1
2014450018546,1,9,0,18,0,2,0,0,0,0,1,1,6,2,48,8,1339,1,8,10,1
2014450018547,1,9,0,18,0,0,0,10,2,4,1,1,2,1,32,6,1124,1,14,6,1
2014450018550,1,9,0,9,0,6,0,0,1,0,1,1,6,1,34,6,1968,2,4,3,1
2014450018550,2,9,0,16,0,8,0,0,0,0,1,1,6,2,68,10,-1,-1,-1,10,1
2014450018553,1,9,0,18,0,0,0,0,0,0,2,1,6,1,24,5,1798,1,6,4,1
2014450018553,2,9,0,18,0,0,0,0,0,0,1,1,6,1,23,5,1796,1,9,4,1
2014450018556,1,5,0,17,0,0,0,0,1,0,3,1,6,1,64,9,748,1,14,6,2
2014450018560,1,9,0,9,0,4,0,0,0,0,0,1,6,2,76,11,1587,1,7,10,1
2014450018560,2,5,0,18,0,8,0,0,0,0,0,1,6,1,65,9,865,1,-1,7,1
2014450018561,1,9,0,5,0,1,0,0,0,0,1,1,6,2,47,8,999,1,1,10,1
2014450018563,1,1,0,18,0,0,1,0,0,0,1,1,6,1,41,7,-1,-1,-1,9,1
2014450018563,2,1,0,18,0,0,1,0,0,0,1,1,6,1,39,7,-1,-1,-1,10,1
2014450018564,1,5,5,18,0,0,0,0,4,0,3,1,6,1,67,10,790,1,8,4,1
2014450018566,1,21,1,18,0,0,0,0,0,0,0,1,1,1,47,8,-1,-1,-1,-1,-1
2014450018566,2,9,0,18,0,0,1,0,0,0,1,1,6,2,82,11,1590,1,12,5,1
2014450018572,1,9,0,18,0,0,0,0,0,0,1,1,2,1,46,8,1796,1,7,8,2
2014450018572,2,9,0,4,0,0,0,0,0,0,2,1,6,1,49,8,-1,-1,-1,7,3
2014450018572,3,9,0,4,0,0,0,0,0,0,2,1,6,1,60,9,2972,1,20,6,1
2014450018575,1,9,0,2,0,0,0,0,0,0,2,1,6,1,45,7,2149,2,7,10,1
2014450018575,2,1,0,17,0,0,0,0,0,0,2,1,6,1,40,7,-1,-1,-1,4,1
2014450018579,1,9,0,18,0,1,0,0,0,0,1,1,6,1,42,7,1388,1,7,7,1
2014450018579,2,9,0,18,0,1,0,0,0,0,2,1,6,2,41,7,1997,2,8,10,1
2014450018581,1,9,0,6,0,0,0,0,0,0,3,1,6,1,22,5,1396,1,11,10,1
2014450018581,2,5,0,18,0,0,0,0,0,0,1,1,2,1,54,8,844,1,37,8,2
2014450018582,1,9,0,4,0,1,0,0,0,0,1,1,6,2,60,9,1596,1,9,6,1
2014450018582,2,9,0,3,0,1,0,0,0,0,2,1,2,1,49,8,1229,1,7,10,1
2014450018591,1,9,0,18,0,0,0,10,1,4,1,1,6,1,20,4,-1,-1,-1,7,1
2014450018591,2,9,0,18,0,0,0,0,0,0,0,1,6,3,-1,-1,-1,-1,-1,-1,-1
2014450018592,1,9,0,18,0,0,1,10,0,0,1,1,4,1,17,4,-1,-1,-1,9,1
2014450018593,1,9,0,18,0,0,0,0,0,0,1,1,2,1,31,6,1587,1,16,2,1
2014450018593,2,9,0,4,0,0,0,0,0,0,3,1,6,2,19,4,1299,1,12,2,1
2014450018594,1,4,0,16,0,3,0,0,0,0,1,1,6,1,46,8,171,1,4,9,1
2014450018597,1,9,0,18,0,0,0,0,0,0,1,1,6,2,45,7,2143,2,2,9,1
2014450018597,2,9,0,18,0,0,0,0,0,0,2,1,6,2,31,6,2179,2,-1,-1,1
2014450018597,3,9,0,18,0,0,0,0,0,0,2,1,6,1,51,8,1781,1,15,10,1
2014450018599,1,2,0,5,0,5,1,0,0,0,1,1,6,1,17,4,49,1,2,4,1
2014450018599,2,9,0,9,0,6,0,0,0,0,4,1,6,2,36,7,1600,1,3,6,1
2014450018602,1,21,1,12,0,0,0,0,0,0,1,1,1,1,67,10,-1,-1,-1,-1,-1
2014450018602,2,9,0,18,0,0,0,0,0,0,2,1,6,2,56,9,1798,1,7,10,1
2014450018603,1,3,0,13,0,1,1,0,0,0,1,1,4,1,17,4,125,1,-1,10,1