Accident_Index,Vehicle_Reference,Vehicle_Type,Towing_and_Articulation,Vehicle_Manoeuvre,Vehicle_Location-Restricted_Lane,Junction_Location,Skidding_and_Overturning,Hit_Object_in_Carriageway,Vehicle_Leaving_Carriageway,Hit_Object_off_Carriageway,1st_Point_of_Impact,Was_Vehicle_Left_Hand_Drive?,Journey_Purpose_of_Driver,Sex_of_Driver,Age_of_Driver,Age_Band_of_Driver,Engine_Capacity_(CC),Propulsion_Code,Age_of_Vehicle,Driver_IMD_Decile,Driver_Home_Area_Type
2014450018603,2,9,0,9,0,1,0,0,0,0,3,1,1,1,42,7,2496,1,11,9,1
2014450018605,1,9,0,3,0,1,0,0,0,0,4,1,6,2,34,6,1198,1,3,8,1
2014450018605,2,1,0,15,0,1,5,0,0,0,1,1,6,1,29,6,-1,-1,-1,4,1
2014450018606,1,5,0,18,0,1,1,0,0,0,0,1,6,1,21,5,649,1,5,9,1
2014450018606,2,9,0,7,0,6,0,0,1,0,0,1,6,1,24,5,1600,2,5,8,3
2014450018607,1,9,0,18,0,0,0,0,1,5,1,1,3,2,42,7,1596,1,8,10,1
2014450018608,1,2,0,17,0,0,0,0,1,0,1,1,6,2,16,4,124,1,5,9,1
2014450018611,1,21,1,12,0,0,1,0,0,0,1,1,1,1,38,7,-1,-1,-1,-1,-1
2014450018611,2,9,0,18,0,0,1,0,0,0,4,1,6,1,58,9,1499,1,7,6,1
2014450018612,1,9,0,18,0,0,0,0,0,0,1,1,6,2,23,5,1149,1,14,10,1
2014450018615,1,1,0,9,0,8,5,0,0,0,0,1,6,1,45,7,-1,-1,-1,9,1
2014450018615,2,9,0,18,0,4,0,0,0,0,0,1,6,3,-1,-1,-1,-1,-1,-1,-1
2014450018619,1,9,0,18,0,1,0,0,0,0,1,1,6,2,58,9,2401,2,9,10,1
2014450018619,2,1,0,9,0,2,0,0,0,0,1,1,4,1,16,4,-1,-1,-1,10,1
2014450018620,1,9,0,18,0,0,0,7,0,0,3,1,6,1,36,7,2926,2,13,3,1
2014450018622,1,9,0,9,0,3,0,0,0,0,1,1,6,2,50,8,-1,-1,-1,9,1
2014450018622,2,9,0,18,0,4,0,0,0,0,1,1,6,2,49,8,1364,2,7,10,1
2014450018623,1,9,0,3,0,0,0,0,0,0,3,1,2,2,42,7,1498,1,5,5,1
2014450018623,2,9,0,18,0,0,0,0,0,0,3,1,6,3,-1,-1,-1,-1,-1,-1,-1
2014450018624,1,9,0,18,0,0,0,0,0,0,2,1,6,1,24,5,2979,1,11,9,1
2014450018624,2,9,0,18,0,0,0,0,0,0,2,1,6,2,24,5,1560,2,5,5,1
2014450018624,3,9,0,18,0,0,0,0,0,0,2,1,6,1,43,7,1794,1,11,4,1
2014450018624,4,9,0,18,0,0,0,0,0,0,1,1,6,2,23,5,1560,2,5,10,1
2014450018626,1,11,0,12,0,0,0,0,0,0,0,1,6,3,-1,-1,-1,-1,-1,-1,-1
2014450018626,2,5,0,18,0,0,0,0,0,0,0,1,6,1,27,6,599,1,16,4,1
2014450018629,1,9,0,18,0,1,0,0,0,0,1,1,6,1,61,9,2982,2,12,7,3
2014450018629,2,9,0,9,0,1,0,0,0,0,2,1,6,1,41,7,1398,2,5,7,1
2014450018632,1,19,0,4,0,0,0,0,0,0,1,1,6,1,44,7,1998,2,9,3,1
2014450018632,2,9,0,4,0,0,0,0,0,0,2,1,6,1,47,8,1598,1,9,8,3
2014450018633,1,19,0,18,0,1,0,0,0,0,1,1,6,1,-1,-1,1686,2,9,4,1
2014450018633,2,9,0,5,0,1,0,0,0,0,3,1,6,2,44,7,999,1,14,3,1
2014450018634,1,9,0,9,0,2,0,0,0,0,3,1,6,2,60,9,1781,1,13,7,1
2014450018634,2,5,0,13,0,1,0,0,0,0,4,1,6,1,31,6,1084,1,15,9,1
2014450018635,1,9,0,18,0,7,0,0,0,0,1,1,6,2,22,5,1679,1,14,6,1
2014450018637,1,19,0,17,0,0,1,0,1,0,2,1,2,1,22,5,1998,2,9,4,1
2014450018638,1,9,0,18,0,0,0,0,0,0,1,1,6,1,19,4,1590,1,9,-1,1
2014450018638,2,9,0,3,0,0,0,0,4,0,2,1,6,1,49,8,1997,2,-1,4,1
2014450018638,3,19,0,18,0,0,0,0,0,0,3,1,1,2,62,9,2299,2,2,9,3
2014450018638,4,9,0,18,0,0,0,0,0,0,4,1,1,1,35,6,-1,-1,-1,9,3
2014450018639,1,9,0,17,0,0,1,0,2,0,4,1,2,2,23,5,1242,1,5,9,1
2014450018642,1,9,0,9,0,5,0,0,0,0,4,1,6,1,28,6,1753,2,8,6,1
2014450018643,1,9,0,18,0,0,0,0,1,10,1,1,6,2,51,8,2893,1,4,8,1
2014450018645,1,9,0,5,0,4,0,0,0,0,0,1,6,1,72,10,1400,1,16,7,1
2014450018645,2,1,0,18,0,8,0,0,0,0,3,1,6,1,41,7,-1,-1,-1,10,1
2014450018656,1,9,0,16,0,0,1,0,0,0,1,1,2,1,19,4,1299,1,13,5,3
2014450018656,2,9,0,17,0,0,0,0,0,0,1,1,6,1,67,10,1598,1,7,5,3
2014450018657,1,3,0,18,0,1,1,0,0,0,1,1,2,1,21,5,124,1,8,8,1
2014450018657,2,9,0,9,0,5,0,0,0,0,0,1,6,3,-1,-1,-1,-1,-1,-1,-1
2014450018660,1,9,0,3,0,4,0,0,0,0,2,1,6,1,38,7,1461,2,-1,10,1
2014450018660,2,9,0,16,0,1,0,0,0,0,1,1,6,1,55,8,1497,8,8,5,1
2014450018661,1,9,0,18,0,8,0,0,0,0,4,1,3,2,45,7,1242,1,10,9,1
2014450018661,2,9,0,18,0,8,0,0,0,0,3,1,6,1,26,6,-1,-1,-1,7,1
2014450018663,1,1,0,18,4,2,0,0,0,0,3,1,1,2,51,8,-1,-1,-1,10,1
2014450018663,2,9,0,7,0,6,0,0,0,0,1,1,6,1,-1,-1,-1,-1,-1,-1,-1
2014450018666,1,9,0,18,0,0,0,0,0,0,1,1,2,1,26,6,1686,2,9,1,1
2014450018666,2,9,0,3,0,0,0,0,0,0,2,1,1,1,49,8,1995,2,-1,10,1
2014450018669,1,9,0,18,0,0,0,4,0,0,1,1,6,1,-1,-1,1769,1,13,8,1
2014450018669,2,9,0,2,0,0,0,0,0,0,2,1,6,2,-1,-1,2494,1,14,-1,1
2014450018669,3,9,0,2,0,0,0,0,0,0,2,1,6,1,-1,-1,1998,1,15,8,1
2014450018669,4,9,0,2,0,0,0,0,0,0,2,1,6,1,-1,-1,1461,2,7,8,1
2014450018669,5,9,0,2,0,0,0,0,0,0,2,1,6,1,-1,-1,2149,2,7,8,1
2014450018669,6,9,0,2,0,0,0,0,0,0,2,1,6,1,-1,-1,1998,1,9,8,1
2014450018670,1,9,0,18,0,0,1,7,0,0,1,1,2,1,31,6,1850,1,14,5,1
2014450018672,1,9,0,18,0,0,0,0,0,0,0,1,6,2,28,6,1995,2,1,9,1
2014450018672,2,1,0,18,0,0,0,0,0,0,0,1,6,1,56,9,-1,-1,-1,8,1
2014450018674,1,9,0,16,0,0,0,0,0,0,1,1,6,1,87,11,1332,1,17,3,1
2014450018675,1,9,0,9,0,6,0,0,0,0,1,1,6,1,36,7,2987,2,2,5,1
2014450018675,2,1,0,18,0,1,0,0,0,0,1,1,6,1,24,5,-1,-1,-1,9,1
2014450018677,1,9,0,17,0,0,2,0,0,0,4,1,6,1,21,5,-1,-1,-1,7,3
2014450018678,1,9,0,18,0,0,0,0,0,0,4,1,6,1,45,7,998,1,5,9,3
2014450018679,1,9,0,18,0,8,0,0,0,0,1,1,6,1,43,7,1997,1,2,9,3
2014450018679,2,9,0,18,0,8,0,0,5,0,1,1,6,1,53,8,1995,2,4,10,1
2014450018680,1,9,0,5,0,1,0,0,0,0,4,1,6,2,62,9,1968,2,1,7,1
2014450018680,2,9,0,18,0,1,0,0,0,0,1,1,1,2,28,6,-1,-1,-1,6,1
2014450018681,1,9,0,18,0,0,0,0,0,0,1,1,6,1,48,8,998,1,1,7,1
2014450018682,1,9,0,13,0,0,0,0,0,0,4,1,6,3,-1,-1,-1,-1,-1,-1,-1
2014450018682,2,1,0,18,0,0,0,0,0,0,1,1,6,1,35,6,-1,-1,-1,8,1
2014450018683,1,9,0,16,0,0,0,0,0,0,1,1,6,1,49,8,2000,2,8,9,1
2014450018683,2,1,0,17,0,0,1,0,1,0,1,1,6,1,26,6,-1,-1,-1,4,1
2014450018684,1,9,0,4,0,0,0,0,0,0,1,1,2,1,27,6,1595,1,15,10,1
2014450018684,2,9,0,18,0,0,0,0,0,0,2,1,1,1,59,9,1560,2,2,7,1
2014450018685,1,9,0,18,0,1,0,0,0,0,1,1,6,2,44,7,1598,1,1,10,1
2014450018685,2,9,0,18,0,1,0,0,0,0,1,1,1,1,34,6,-1,-1,-1,6,1
2014450018685,3,9,0,2,0,1,0,0,0,0,3,1,6,1,31,6,1368,1,8,9,1
2014450018689,1,19,0,9,0,1,0,0,0,0,1,1,6,1,22,5,1870,2,11,9,1
2014450018689,2,9,0,18,0,1,0,0,0,0,1,1,1,2,52,8,1341,1,14,8,1
2014450018690,1,2,0,16,0,1,1,0,0,0,3,1,2,1,29,6,50,1,7,8,1
2014450018691,1,19,0,16,0,0,0,0,1,0,3,1,1,1,41,7,2198,2,-1,8,1
2014450018691,2,21,1,17,0,0,0,0,0,0,3,1,1,1,30,6,10837,2,3,8,1
2014450018692,1,21,1,10,0,1,0,0,0,0,2,1,1,1,40,7,4461,2,3,4,1
2014450018692,2,9,0,18,0,1,0,0,0,0,1,1,6,1,63,9,1598,1,7,9,3
2014450018693,1,5,0,4,0,8,1,0,0,0,4,1,6,1,44,7,1199,1,12,7,1
2014450018693,2,9,0,15,0,8,0,0,0,0,0,1,6,1,-1,-1,1995,2,10,7,2
2014450018695,1,9,0,17,0,0,1,0,1,4,1,1,1,2,-1,-1,1299,1,13,10,1
2014450018698,1,9,0,11,0,0,0,0,0,0,4,1,2,1,27,6,1598,1,11,5,2
2014450018698,2,5,0,18,0,0,0,0,0,0,3,1,2,1,55,8,1157,1,7,6,1
2014450018699,1,9,0,16,0,0,0,0,0,0,3,1,6,1,19,4,1396,1,11,10,1
2014450018699,2,9,0,16,0,0,1,0,0,0,3,1,6,2,26,6,1390,1,14,9,3
2014450018700,1,21,1,18,0,0,0,0,0,0,1,1,1,1,46,8,-1,-1,-1,-1,-1
2014450018700,2,9,0,18,0,0,0,0,0,0,2,1,1,1,35,6,1896,2,7,10,1
2014450018702,1,9,0,18,0,1,0,0,0,0,1,1,6,1,58,9,1998,1,5,10,1
2014450018702,2,9,0,18,0,1,0,0,7,0,2,1,6,2,46,8,1968,2,1,10,1
2014450018703,1,9,0,7,0,1,0,0,0,0,3,1,6,1,77,11,1596,1,16,5,1
2014450018703,2,9,0,18,0,1,0,0,0,0,3,1,6,1,20,4,1753,2,12,5,1
2014450018706,1,9,0,9,0,6,0,0,0,0,1,1,3,2,41,7,-1,-1,-1,10,1
2014450018706,2,9,0,4,0,1,0,0,0,0,1,1,6,2,21,5,1299,1,14,10,1
2014450018709,1,9,0,18,0,3,0,0,0,0,1,1,6,1,28,6,6208,1,5,9,1
2014450018709,2,9,0,18,0,3,0,0,0,0,2,1,6,1,45,7,1560,2,7,4,1
2014450018709,3,9,0,18,0,3,0,0,0,0,2,1,6,1,28,6,1560,2,3,10,1
2014450018713,1,1,0,18,0,8,0,0,0,0,4,1,6,1,52,8,-1,-1,-1,4,1
2014450018713,2,9,0,18,0,4,0,0,0,0,3,1,6,1,73,10,-1,-1,-1,10,1
2014450018717,1,9,0,9,0,1,0,0,0,0,3,1,2,2,42,7,1796,1,15,9,1
2014450018717,2,1,0,18,0,1,0,0,0,0,1,1,6,1,43,7,-1,-1,-1,9,1
2014450018717,3,1,0,18,0,1,0,0,0,0,1,1,6,1,46,8,-1,-1,-1,9,1
2014450018717,4,19,0,4,0,1,0,0,0,0,0,1,6,3,-1,-1,-1,-1,-1,-1,-1
2014450018720,1,9,0,16,0,0,1,0,1,0,1,1,2,1,57,9,998,1,12,9,3
2014450018721,1,9,0,18,0,1,1,0,0,2,1,1,6,1,20,4,1997,2,1,5,1
2014450018723,1,9,0,17,0,0,2,0,1,0,1,1,1,2,22,5,1390,1,12,7,1
2014450018725,1,9,0,18,0,4,0,0,0,0,2,1,6,2,48,8,1198,1,5,8,1
2014450018725,2,9,0,18,0,4,0,0,0,0,1,1,6,1,17,4,1149,1,13,10,1
2014450018727,1,9,0,9,0,0,0,0,1,0,4,1,2,2,39,7,1598,2,4,8,3
2014450018727,2,21,1,18,0,0,0,0,0,0,1,1,1,1,56,9,4461,2,4,10,1
2014450018728,1,9,0,18,0,0,0,0,0,0,1,1,1,1,46,8,1598,1,1,2,1
2014450018728,2,9,0,4,0,0,0,0,0,0,2,1,1,1,34,6,1595,1,3,9,1
2014450018728,3,9,0,4,0,0,0,0,0,0,2,1,6,1,-1,-1,1461,2,-1,2,1
2014450018728,4,9,0,4,0,0,0,0,0,0,2,1,6,1,45,7,2400,2,4,8,3
2014450018729,1,9,0,18,0,0,0,0,0,0,1,1,6,3,60,9,-1,-1,-1,6,3
2014450018729,2,9,0,4,0,0,0,0,0,0,2,1,6,1,35,6,1493,2,11,3,1
2014450018732,1,9,0,3,0,0,0,0,0,0,2,1,1,2,31,6,1329,1,3,5,3
2014450018732,2,9,0,18,0,0,0,0,0,0,2,1,6,1,18,4,1149,1,10,10,1
2014450018732,3,9,0,18,0,0,0,0,0,0,1,1,6,1,30,6,1242,1,16,4,1
2014450018734,1,9,0,18,0,1,0,0,0,0,3,1,6,1,53,8,3628,2,5,9,1
2014450018735,1,9,0,18,0,2,0,0,0,0,0,1,6,1,-1,-1,-1,-1,-1,-1,-1
2014450018735,2,5,0,18,0,2,1,0,0,0,3,1,6,2,48,8,748,1,24,5,3
2014450018740,1,9,0,18,0,0,0,0,0,0,1,1,6,1,28,6,1339,1,10,10,2
2014450018740,2,9,0,2,0,0,0,0,0,0,2,1,6,2,58,9,1951,2,8,7,3
2014450018743,1,3,0,18,0,0,1,0,0,0,3,1,6,1,30,6,125,1,-1,10,1
2014450018744,1,9,0,18,0,1,1,0,1,0,3,1,2,1,23,5,-1,-1,-1,6,1
2014450018744,2,2,0,8,0,1,5,0,1,0,3,1,2,1,48,8,49,1,3,7,1
2014450018747,1,9,0,18,0,1,0,0,0,0,3,1,6,2,70,10,1339,1,8,8,1
2014450018747,2,9,0,3,0,1,0,0,0,0,1,1,6,1,27,6,1364,1,6,9,1
2014450018748,1,1,0,18,0,1,0,0,0,0,1,1,2,1,20,4,-1,-1,-1,9,1
2014450018748,2,9,0,9,0,6,0,0,0,0,4,1,2,1,68,10,1598,1,13,9,1
2014450018749,1,9,0,18,0,0,0,0,0,0,1,1,6,1,22,5,2172,2,10,5,1
2014450018749,2,9,0,18,0,0,0,0,0,0,2,1,6,2,26,6,1198,1,1,9,1
2014450018749,3,19,0,18,0,0,0,0,0,0,2,1,1,1,49,8,2143,2,4,4,1
2014450018751,1,9,0,5,0,0,0,0,0,0,1,1,6,2,38,7,1968,2,10,10,1
2014450018751,2,9,0,3,0,0,0,0,0,0,2,1,6,2,34,6,-1,-1,-1,10,1
2014450018752,1,9,0,4,0,0,0,0,0,0,2,1,3,1,43,7,1951,2,12,8,1
2014450018752,2,3,0,4,0,0,5,0,0,0,1,1,4,1,18,4,124,1,4,7,1
2014450018754,1,9,0,18,0,2,0,0,0,0,0,1,6,2,55,8,1783,1,12,7,3
2014450018757,1,9,0,17,0,0,0,0,0,0,1,1,6,2,19,4,1299,1,10,9,1
2014450018757,2,9,0,16,0,0,0,0,0,0,1,1,6,2,24,5,1364,2,8,4,1
2014450018758,1,9,0,18,0,0,0,0,0,0,2,1,6,1,37,7,-1,-1,-1,10,1
2014450018758,2,9,0,18,0,0,0,0,0,0,2,1,6,1,68,10,1968,2,3,8,3
2014450018758,3,9,0,18,0,0,0,0,0,0,2,1,6,1,78,11,1329,1,4,10,1
2014450018758,4,9,0,18,0,0,0,0,0,0,2,1,6,1,43,7,1299,1,9,4,1
2014450018758,5,9,0,18,0,0,0,0,0,0,2,1,6,2,37,7,1598,1,11,4,1
2014450018758,6,9,0,3,0,0,0,0,0,0,2,1,6,1,55,8,2400,2,4,5,1
2014450018758,7,9,0,18,0,0,0,0,0,0,1,1,6,2,24,5,1968,2,9,10,1
2014450018759,1,1,0,18,0,0,5,0,0,0,1,1,6,1,43,7,-1,-1,-1,7,1
2014450018767,1,19,0,18,0,1,0,5,0,0,1,1,1,1,44,7,2287,2,3,8,1
2014450018768,1,9,0,18,0,1,0,0,0,0,2,1,2,1,30,6,1560,2,3,10,1
2014450018768,2,9,0,18,0,1,0,0,0,0,2,1,2,1,35,6,2720,2,9,10,1
2014450018768,3,9,0,18,0,1,0,0,0,0,1,1,2,1,52,8,2967,2,2,10,3
2014450018769,1,9,0,18,0,0,0,0,0,0,2,1,1,1,43,7,-1,-1,-1,10,2
2014450018769,2,9,0,18,0,0,0,0,0,0,1,1,1,1,37,7,2199,2,2,8,2
2014450018771,1,9,0,18,0,0,0,0,0,0,1,1,6,3,-1,-1,-1,-1,-1,-1,-1
2014450018775,1,9,0,18,0,0,0,0,0,0,4,1,6,2,32,6,2685,2,10,9,1
2014450018775,2,9,0,5,9,0,0,0,0,0,1,1,6,2,-1,-1,2487,2,14,9,1
2014450018776,1,1,0,18,4,1,0,0,0,0,3,1,6,1,52,8,-1,-1,-1,10,1
2014450018776,2,9,0,7,0,5,0,0,0,0,4,1,6,1,52,8,1984,1,4,8,2
2014450018778,1,9,0,18,0,0,0,0,0,0,1,1,6,1,21,5,1149,1,11,4,1
2014450018778,2,9,0,18,0,0,0,0,0,0,2,1,6,2,49,8,1560,2,2,9,1
2014450018779,1,9,0,5,0,1,0,0,0,0,4,1,6,1,35,6,-1,-1,-1,3,1
2014450018779,2,5,0,9,0,6,0,0,0,0,1,1,6,1,65,9,400,1,18,3,1
2014450018781,1,9,0,18,0,0,0,0,0,0,3,1,6,3,-1,-1,-1,-1,-1,-1,-1
2014450018781,2,2,0,18,0,0,0,0,0,0,4,1,6,1,18,4,125,1,-1,10,1
2014450018784,1,9,0,18,0,1,0,0,0,0,2,1,3,2,49,8,-1,-1,-1,7,1
2014450018784,2,19,0,18,0,1,0,0,0,0,1,1,2,1,35,6,2402,2,14,3,1
2014450018785,1,9,0,4,0,0,0,0,0,0,2,1,2,1,65,9,2521,1,10,10,1
2014450018785,2,9,0,4,0,0,0,0,0,0,1,1,2,2,46,8,1329,1,3,8,3
2014450018789,1,9,0,18,0,1,0,0,0,0,1,1,6,1,-1,-1,1590,1,12,10,1
2014450018789,2,9,0,10,0,1,0,0,0,0,4,1,1,2,21,5,1229,1,2,2,1
2014450018789,3,9,0,10,0,1,0,0,0,0,4,1,6,1,66,10,1242,1,6,10,1
2014450018793,1,2,0,9,0,4,0,0,0,0,4,1,6,1,16,4,50,1,7,10,1
2014450018793,2,9,0,18,0,1,0,0,0,0,4,1,6,1,52,8,2495,2,9,8,1
2014450018793,3,9,0,10,0,1,0,0,0,0,3,1,6,1,17,4,-1,-1,-1,10,1
2014450018794,1,8,0,18,0,0,0,0,0,0,1,1,1,1,57,9,1686,2,3,-1,1
2014450018794,2,9,0,4,0,0,0,0,1,0,2,1,6,2,18,4,998,1,-1,10,1
2014450018797,1,9,0,9,0,5,0,0,0,0,1,1,6,1,18,4,1199,1,10,6,1
2014450018797,2,3,0,17,0,1,0,0,0,0,1,1,6,1,43,7,124,1,15,4,1
2014450018798,1,5,0,12,0,1,0,0,0,0,3,1,6,1,26,6,798,1,4,9,1
2014450018798,2,9,0,12,0,1,0,0,0,0,0,1,6,3,-1,-1,-1,-1,-1,-1,-1
2014450018804,1,9,0,9,0,8,0,0,0,0,3,1,6,1,-1,-1,1497,1,12,3,1
2014450018806,1,9,0,10,0,5,0,0,0,0,2,1,6,2,46,8,1124,1,14,10,1
2014450018806,2,21,1,18,0,1,0,0,0,0,1,1,6,1,62,9,12740,2,1,6,1
2014450018807,1,9,0,18,0,0,1,10,0,4,4,1,1,2,21,5,1596,1,5,7,3
2014450018808,1,9,0,18,0,0,0,0,4,10,2,1,2,2,32,6,1343,1,10,-1,1
2014450018812,1,9,0,9,0,5,0,0,0,0,2,1,6,1,43,7,1390,1,5,9,3
2014450018812,2,9,0,4,0,1,1,0,0,0,1,1,6,2,24,5,1390,1,16,10,3
2014450018815,1,9,0,18,0,0,1,0,0,0,1,1,2,1,42,7,1896,2,10,-1,1
2014450018815,2,9,0,18,0,0,0,0,0,0,2,1,1,1,55,8,1461,2,3,8,1
2014450018816,1,9,0,9,0,1,0,0,0,0,3,1,6,1,86,11,1796,1,3,10,1
2014450018816,2,5,0,18,0,1,0,0,0,0,4,1,2,1,54,8,1137,1,9,4,1
2014450018818,1,9,0,11,0,1,2,0,0,0,1,1,6,1,21,5,1199,1,11,2,1
2014450018819,1,3,0,18,0,0,1,0,0,0,1,1,6,1,17,4,-1,-1,-1,9,3
2014450018819,2,3,0,18,0,0,1,0,0,0,1,1,6,1,17,4,124,1,1,10,2
2014450018819,3,9,0,4,0,0,0,0,0,0,2,1,6,2,45,7,1598,1,3,7,3
2014450018820,1,9,0,18,0,0,0,0,0,0,3,1,6,3,-1,-1,-1,-1,-1,-1,-1
2014450018821,1,19,0,9,0,1,0,0,0,0,4,1,6,1,31,6,2400,2,14,6,1
2014450018821,2,4,0,18,0,1,0,0,0,0,4,1,6,1,55,8,250,1,14,6,1
2014450018822,1,-1,0,1,9,0,0,0,0,0,2,1,6,1,-1,-1,-1,-1,-1,10,1
2014450018823,1,9,0,3,0,0,1,4,0,0,1,1,6,1,20,4,1242,1,15,4,1
2014450018823,2,9,0,3,0,0,0,0,0,0,0,1,6,1,35,6,1997,2,8,8,1
2014450018823,3,9,0,3,0,0,0,0,0,0,0,1,6,2,41,7,1598,2,1,9,1
2014450018824,1,9,0,18,0,2,1,0,0,0,1,1,6,1,-1,-1,-1,-1,-1,9,1
2014450018824,2,9,0,18,0,1,0,0,0,0,1,1,6,2,-1,-1,1388,1,12,5,3
2014450018825,1,9,0,12,0,0,1,7,0,0,3,1,6,1,84,11,1598,1,9,8,1
2014450018825,2,21,1,18,0,0,0,0,0,0,4,1,6,1,38,7,12902,2,1,10,1
2014450018826,1,9,0,18,0,1,0,0,0,0,1,1,6,3,-1,-1,-1,-1,-1,-1,-1
2014450018826,2,9,0,18,0,2,0,0,1,0,1,1,6,2,79,11,1124,1,10,9,1
2014450018826,3,9,0,2,0,1,0,0,0,0,1,1,6,2,48,8,1199,1,13,7,1
2014450018826,4,9,0,2,0,1,0,0,0,0,1,1,6,1,38,7,1995,2,5,7,1
2014450018827,1,9,0,18,0,0,0,0,7,0,1,1,1,1,35,6,1769,1,9,3,1
2014450018829,1,9,0,18,0,0,0,0,0,0,0,1,6,1,28,6,1329,1,2,9,1
2014450018829,2,9,0,18,0,0,0,0,0,0,2,1,6,2,60,9,1598,1,6,10,2
2014450018830,1,9,0,18,0,0,0,0,0,0,2,1,6,2,59,9,1995,1,5,10,1
2014450018830,2,9,0,18,0,0,0,0,0,0,1,1,6,2,45,7,1400,1,8,8,3
2014450018830,3,9,0,18,0,0,0,0,0,0,1,1,6,2,51,8,2179,2,-1,10,1
2014450018831,1,9,0,18,0,0,0,0,0,0,4,1,6,2,61,9,1248,1,6,8,1
2014450018831,2,1,0,18,0,0,0,0,0,0,3,1,2,1,45,7,-1,-1,-1,8,1
2014450018834,1,9,0,16,0,0,1,0,7,4,1,1,6,1,21,5,1396,1,13,7,1
2014450018834,2,9,0,18,0,0,0,0,0,0,4,1,6,1,30,6,2494,1,12,9,3
2014450018835,1,9,0,16,0,0,0,0,0,0,1,1,6,2,30,6,2188,2,6,10,3
2014450018835,2,9,0,18,0,0,0,0,0,0,1,1,6,1,72,10,1590,1,22,10,1
2014450018837,1,9,0,1,0,1,0,0,7,0,2,1,6,2,84,11,1348,1,12,8,3
2014450018837,2,9,0,18,0,1,0,0,0,0,4,1,4,2,36,7,1796,1,7,10,3
2014450018838,1,9,0,17,0,0,0,0,0,0,3,1,1,1,29,6,1560,2,2,7,1
2014450018838,2,4,0,16,0,0,1,0,0,0,3,1,2,1,50,8,487,1,22,8,1
2014450018845,1,9,0,9,0,5,0,0,0,0,1,1,2,2,59,9,1108,1,5,9,1
2014450018845,2,2,0,18,0,1,5,0,0,0,2,1,2,1,47,8,49,1,-1,9,1
2014450018845,3,90,0,2,0,1,0,0,0,0,1,1,1,1,43,7,-1,3,-1,5,1
2014450018849,1,9,0,9,0,5,0,0,0,0,1,1,6,2,67,10,2698,2,6,7,2
2014450018849,2,3,0,18,0,8,2,0,0,0,1,1,2,1,27,6,125,1,1,7,1
2014450018851,1,9,0,18,0,0,1,7,4,6,1,1,6,2,21,5,1229,1,5,10,1
2014450018852,1,3,0,14,0,0,0,0,0,0,4,1,2,1,21,5,125,1,4,8,1
2014450018852,2,9,0,4,0,0,0,0,0,0,3,1,2,1,40,7,1968,2,1,10,1
2014450018853,1,21,0,12,0,0,0,0,0,0,3,1,1,1,53,8,-1,-1,-1,-1,-1
2014450018853,2,9,0,18,0,0,0,0,0,0,4,1,6,2,33,6,-1,-1,-1,8,1
2014450018854,1,9,0,18,0,1,0,0,0,0,4,1,6,2,41,7,2521,1,5,9,1
2014450018857,1,9,0,9,0,6,0,0,0,0,1,1,2,2,37,7,1248,1,5,9,1
2014450018857,2,1,0,18,0,8,0,0,0,0,1,1,6,1,48,8,-1,-1,-1,10,1
2014450018858,1,9,0,3,0,0,0,0,0,0,2,1,6,1,40,7,1560,2,1,4,3
2014450018858,2,9,0,4,0,0,0,0,0,0,1,1,6,1,46,8,1242,1,12,3,1
2014450018861,1,9,0,18,0,1,0,0,0,0,1,1,4,2,17,4,-1,-1,-1,8,1
2014450018861,2,9,0,18,0,1,0,0,0,0,0,1,6,3,-1,-1,-1,-1,-1,-1,-1
2014450018869,1,9,0,18,0,0,0,0,0,0,1,1,6,2,27,6,1598,2,-1,6,1
2014450018869,2,9,0,2,0,0,0,0,0,0,2,1,6,1,32,6,2993,2,7,4,1
2014450018869,3,9,0,2,0,0,0,0,0,0,2,1,6,1,59,9,1598,1,8,10,1
2014450018873,1,9,0,17,0,0,1,0,0,0,4,1,6,1,21,5,1149,1,10,9,3
2014450018873,2,9,0,16,0,0,0,0,0,0,1,1,6,1,22,5,1596,1,18,9,1
2014450018874,1,9,0,13,0,0,0,0,0,0,1,1,6,1,87,11,1596,1,8,10,1
2014450018874,2,1,0,18,0,0,0,0,0,0,1,1,6,1,11,3,-1,-1,-1,10,1
2014450018874,3,1,0,18,0,0,0,0,0,0,1,1,6,1,11,3,-1,-1,-1,10,1
2014450018875,1,19,0,18,0,0,0,0,0,0,1,1,6,1,63,9,2198,2,2,8,1
2014450018875,2,9,0,18,0,0,0,0,0,0,2,1,6,1,41,7,1582,2,3,7,1
2014450018875,3,9,0,18,0,0,0,0,0,0,2,1,6,2,48,8,1242,1,8,10,3
2014450018876,1,9,0,11,0,1,0,0,0,0,3,1,1,1,-1,-1,-1,-1,-1,2,2
2014450018876,2,9,0,18,0,1,0,0,0,0,4,1,2,2,22,5,1598,1,8,7,1
2014450018878,1,9,0,18,0,0,0,0,0,0,1,1,6,2,17,4,1560,2,11,6,1