Accident_Index,Vehicle_Reference,Vehicle_Type,Towing_and_Articulation,Vehicle_Manoeuvre,Vehicle_Location-Restricted_Lane,Junction_Location,Skidding_and_Overturning,Hit_Object_in_Carriageway,Vehicle_Leaving_Carriageway,Hit_Object_off_Carriageway,1st_Point_of_Impact,Was_Vehicle_Left_Hand_Drive?,Journey_Purpose_of_Driver,Sex_of_Driver,Age_of_Driver,Age_Band_of_Driver,Engine_Capacity_(CC),Propulsion_Code,Age_of_Vehicle,Driver_IMD_Decile,Driver_Home_Area_Type
2014450019195,1,9,0,18,0,0,5,0,0,0,0,1,6,2,56,9,1896,2,10,3,1
2014450019195,2,21,1,18,0,0,0,0,0,0,0,1,6,1,25,5,-1,-1,-1,7,1
2014450019196,1,3,0,16,0,0,0,0,1,0,4,1,2,1,51,8,125,1,1,10,1
2014450019198,1,19,0,4,0,0,0,0,0,0,2,1,6,1,29,6,1560,2,6,2,1
2014450019198,2,9,0,18,0,0,0,0,0,0,1,1,6,1,-1,-1,1995,2,1,5,1
2014450019203,1,9,0,18,0,6,0,0,0,0,1,1,6,1,50,8,-1,-1,-1,5,3
2014450019203,2,9,0,17,0,1,0,0,0,0,1,1,6,2,17,4,1124,1,12,10,2
2014450019203,3,9,0,17,0,1,0,0,0,0,3,1,6,1,58,9,2143,2,-1,8,3
2014450019206,1,9,0,18,0,1,0,0,0,0,2,1,6,1,60,9,-1,-1,-1,8,1
2014450019206,2,9,0,18,0,1,0,0,0,0,1,1,6,2,51,8,1997,2,4,6,1
2014450019206,3,10,0,10,0,5,0,0,0,0,2,1,6,1,21,5,2198,2,2,-1,1
2014450019207,1,9,0,9,0,8,0,0,0,0,4,1,6,2,62,9,1986,1,2,9,1
2014450019207,2,1,0,18,0,1,0,0,0,0,1,1,6,1,64,9,-1,-1,-1,10,1
2014450019210,1,9,0,3,0,5,0,0,0,0,2,1,1,1,34,6,-1,-1,-1,2,1
2014450019210,2,9,0,3,0,5,0,0,0,0,2,1,6,2,46,8,1388,1,10,10,2
2014450019210,3,9,0,18,0,5,0,0,0,0,2,1,2,2,50,8,1595,1,9,8,1
2014450019210,4,19,0,18,0,1,0,0,0,0,2,1,1,1,28,6,1998,2,12,8,1
2014450019210,5,9,0,3,0,5,0,0,0,0,2,1,2,2,64,9,1149,1,7,7,1
2014450019210,6,19,0,4,0,1,0,0,0,0,1,1,1,1,30,6,1997,2,13,5,1
2014450019216,1,9,0,10,0,6,0,0,0,0,1,1,6,2,62,9,1560,2,1,9,1
2014450019216,2,9,0,9,0,6,0,0,0,0,1,1,6,2,80,11,1299,1,7,7,1
2014450019217,1,9,0,18,0,4,0,0,0,0,1,1,6,1,53,8,1599,1,13,3,1
2014450019217,2,9,0,3,0,4,0,0,0,0,2,1,6,1,45,7,2967,1,5,-1,3
2014450019218,1,9,0,18,0,0,0,0,0,0,1,1,6,1,57,9,1461,2,-1,7,1
2014450019218,2,9,0,4,0,0,0,0,0,0,2,1,2,2,24,5,1360,1,6,8,1
2014450019218,3,9,0,4,0,0,0,0,0,0,2,1,6,1,24,5,4991,1,5,9,1
2014450019221,1,9,0,18,0,0,0,0,0,0,1,1,1,1,44,7,1275,1,20,9,3
2014450019221,2,9,0,18,0,0,1,0,1,0,3,1,2,1,69,10,1598,2,2,9,1
2014450019222,1,19,0,12,0,0,0,0,0,0,3,1,6,3,-1,-1,-1,-1,-1,-1,-1
2014450019222,2,9,0,18,0,0,0,0,0,0,4,1,1,2,34,6,1598,2,2,10,1
2014450019223,1,9,0,12,0,0,0,0,0,0,2,1,6,2,49,8,2685,2,11,10,2
2014450019223,2,11,0,18,0,0,0,0,0,0,4,1,1,1,35,6,12000,2,9,4,1
2014450019224,1,9,0,18,0,1,0,0,0,0,1,1,1,1,36,7,2976,1,10,8,3
2014450019224,2,9,0,10,0,1,0,0,0,0,2,1,1,2,51,8,1598,2,2,10,3
2014450019227,1,9,0,6,0,0,0,0,0,0,3,1,2,1,60,9,1560,2,-1,4,1
2014450019227,2,3,0,13,0,0,0,0,0,0,1,1,2,1,17,4,124,1,4,10,2
2014450019229,1,9,0,17,0,0,1,0,1,0,1,1,6,1,20,4,1043,1,19,4,1
2014450019231,1,9,0,18,0,2,0,0,0,0,1,1,1,1,44,7,1968,2,1,8,1
2014450019232,1,9,0,18,0,0,1,0,0,0,1,1,1,1,28,6,-1,-1,-1,7,1
2014450019232,2,9,0,3,0,0,0,0,0,0,0,1,6,2,56,9,1397,1,2,10,1
2014450019233,1,9,0,17,0,1,2,0,0,0,4,1,6,1,27,6,1783,1,12,10,1
2014450019239,1,1,0,5,0,1,0,0,0,0,0,1,6,1,94,11,-1,-1,-1,8,1
2014450019240,1,9,0,16,0,5,1,0,3,9,1,1,6,2,19,4,1242,1,1,10,1
2014450019243,1,1,0,18,0,0,0,0,0,0,3,1,6,1,37,7,-1,-1,-1,-1,-1
2014450019245,1,9,0,18,0,0,0,7,0,0,1,1,6,1,46,8,-1,-1,-1,-1,-1
2014450019250,1,9,0,4,0,0,0,0,0,0,1,1,6,1,27,6,1995,2,7,4,1
2014450019250,2,9,0,4,0,0,0,0,0,0,2,1,6,1,51,8,1995,2,7,8,2
2014450019250,3,9,0,4,0,0,0,0,0,0,2,1,6,1,36,7,1998,1,12,5,1
2014450019253,1,9,0,12,7,0,0,10,0,0,3,1,6,2,74,10,1598,1,13,6,1
2014450019254,1,9,0,16,0,0,1,0,7,0,1,1,2,2,51,8,1498,1,15,5,1
2014450019254,2,9,0,17,0,0,0,0,0,0,1,1,6,1,27,6,1781,1,12,7,1
2014450019255,1,9,0,18,0,1,1,0,0,0,2,1,1,1,42,7,2180,2,17,5,1
2014450019255,2,9,0,18,0,1,0,0,0,0,1,1,1,2,39,7,4398,1,9,9,1
2014450019255,3,9,0,3,0,2,0,0,2,0,1,1,2,1,24,5,-1,-1,-1,10,3
2014450019260,1,21,1,18,0,0,0,0,0,0,1,1,1,1,32,6,11705,2,12,3,1
2014450019261,1,9,0,18,9,0,0,0,1,0,4,1,6,2,44,7,2400,2,4,9,1
2014450019262,1,9,0,18,0,0,0,0,0,0,1,1,6,1,32,6,1587,1,12,4,1
2014450019262,2,9,0,18,0,0,0,0,0,0,1,1,6,1,67,10,1968,2,1,10,1
2014450019264,1,2,0,4,0,0,0,0,0,0,0,1,2,1,52,8,49,1,8,8,1
2014450019265,1,9,0,18,0,1,0,0,0,0,1,1,1,1,26,6,1796,1,6,6,1
2014450019268,1,9,0,18,0,8,2,0,0,0,1,1,2,1,22,5,2171,1,10,9,1
2014450019269,1,3,0,17,0,0,1,0,0,0,4,1,2,1,44,7,124,1,9,10,1
2014450019270,1,9,0,16,0,0,0,0,0,0,1,1,6,1,19,4,1598,1,7,10,1
2014450019276,1,9,0,18,0,4,1,10,3,0,1,1,6,1,21,5,1598,1,11,9,1
2014450019287,1,19,0,7,0,4,0,0,3,0,1,1,1,1,35,6,-1,-1,-1,-1,-1
2014450019288,1,9,0,12,0,0,1,0,0,0,2,1,2,1,49,8,2987,2,4,9,2
2014450019288,2,9,0,18,0,0,0,0,0,0,1,1,2,1,56,9,1997,2,7,7,3
2014450019289,1,5,0,13,0,0,2,0,0,0,4,1,1,1,50,8,996,1,11,7,1
2014450019289,2,9,0,6,0,0,0,0,0,0,3,1,6,2,39,7,1984,1,9,8,2
2014450019290,1,9,0,9,0,6,0,0,0,0,1,1,2,1,30,6,1900,2,9,6,1
2014450019290,2,9,0,18,0,2,0,0,0,0,1,1,2,2,18,4,1248,2,9,10,1
2014450019291,1,9,0,18,0,0,1,0,5,6,1,1,2,1,38,7,1242,1,10,9,1
2014450019292,1,9,0,3,0,0,0,0,0,0,2,1,6,2,22,5,1368,1,-1,6,1
2014450019292,2,9,0,5,0,0,0,0,0,0,1,1,1,1,33,6,-1,-1,-1,8,1
2014450019293,1,1,0,18,0,8,0,0,0,0,1,1,6,1,21,5,-1,-1,-1,9,1
2014450019293,2,9,0,5,0,4,0,0,0,0,3,1,6,1,21,5,1199,1,11,9,1
2014450019294,1,9,0,18,0,1,0,0,0,0,1,1,6,2,50,8,1796,1,4,7,1
2014450019294,2,9,0,3,0,1,0,0,0,0,2,1,6,1,58,9,1299,1,7,10,1
2014450019294,3,90,0,3,0,1,0,0,0,0,2,1,1,1,24,5,-1,-1,-1,1,1
2014450019296,1,9,0,17,0,0,1,0,0,0,1,1,1,1,57,9,1796,1,8,6,1
2014450019296,2,9,0,18,0,0,0,0,0,0,1,1,6,2,47,8,1998,1,10,10,1
2014450019298,1,9,0,3,0,0,0,0,0,0,1,1,6,1,23,5,1995,1,11,3,1
2014450019298,2,9,0,3,0,0,0,0,0,0,2,1,6,1,35,6,1896,2,11,5,1
2014450019300,1,9,0,9,0,5,0,0,0,0,1,1,3,2,81,11,1796,1,7,10,1
2014450019300,2,1,0,18,0,8,1,0,1,0,2,1,6,1,36,7,-1,-1,-1,10,1
2014450019301,1,9,0,5,0,0,0,0,0,0,1,1,2,2,43,7,1240,1,10,7,3
2014450019301,2,9,0,3,0,0,0,0,0,0,2,1,2,1,41,7,2495,2,18,9,3
2014450019302,1,9,0,18,0,1,0,0,0,0,1,1,1,1,49,8,1560,2,4,7,1
2014450019302,2,9,0,18,0,1,0,0,0,0,2,1,6,2,21,5,1360,1,11,4,1
2014450019304,1,9,0,18,0,0,1,0,1,0,1,1,6,1,49,8,-1,-1,-1,2,1
2014450019304,2,9,0,18,0,0,0,0,1,0,2,1,2,1,47,8,-1,-1,-1,2,1
2014450019309,1,1,0,9,0,8,0,0,0,0,4,1,1,1,38,7,-1,-1,-1,9,1
2014450019309,2,9,0,18,0,4,0,0,0,0,3,1,6,3,-1,-1,-1,-1,-1,-1,-1
2014450019310,1,9,0,9,0,5,0,0,0,0,4,1,1,1,40,7,-1,-1,-1,7,1
2014450019310,2,1,0,15,0,1,0,0,0,0,1,1,2,1,26,6,-1,-1,-1,9,1
2014450019310,3,9,0,3,0,1,0,0,0,0,0,1,2,2,31,6,1299,1,13,6,1
2014450019315,1,9,0,12,0,8,0,0,0,0,0,1,6,3,-1,-1,-1,-1,-1,-1,-1
2014450019315,2,9,0,18,0,8,0,0,0,0,2,1,6,1,35,6,1497,8,7,5,1
2014450019315,3,9,0,18,0,8,0,0,0,0,1,1,2,1,23,5,1398,1,3,5,1
2014450019315,4,9,0,18,0,8,0,0,0,0,1,1,1,1,45,7,-1,-1,-1,3,1
2014450019316,1,9,0,18,0,4,0,0,0,0,1,1,6,3,-1,-1,-1,-1,-1,-1,-1
2014450019316,2,1,0,18,0,8,0,0,0,0,4,1,2,1,21,5,-1,-1,-1,4,1
2014450019317,1,9,0,2,0,1,0,0,0,0,2,1,6,2,45,7,1668,1,9,10,1
2014450019317,2,9,0,3,0,1,0,4,0,0,1,1,2,2,24,5,999,1,1,9,1
2014450019320,1,9,0,9,0,6,0,0,0,0,1,1,6,1,23,5,3189,1,7,3,1
2014450019320,2,5,0,13,0,1,5,0,0,0,1,1,6,1,80,11,736,1,39,9,1
2014450019324,1,9,0,18,0,0,0,0,0,0,1,1,6,2,77,11,1999,1,10,6,3
2014450019326,1,9,0,18,0,8,0,0,0,0,1,1,2,1,47,8,1896,2,12,10,2
2014450019326,2,8,0,9,0,4,0,0,0,0,1,1,1,1,-1,-1,1995,2,4,6,2
2014450019326,3,19,0,18,0,1,0,0,0,0,1,1,6,1,-1,-1,-1,-1,-1,-1,-1
2014450019331,1,9,0,16,0,0,1,0,1,0,1,1,1,2,33,6,1781,1,14,6,3
2014450019332,1,3,0,16,0,0,0,0,0,0,1,1,2,1,42,7,125,1,12,6,3
2014450019332,2,9,0,17,0,0,0,0,0,0,1,1,6,1,26,6,1995,2,7,3,1
2014450019333,1,9,0,18,0,0,0,0,0,0,2,1,1,1,50,8,2179,2,9,-1,3
2014450019333,2,9,0,18,0,0,0,0,0,0,2,1,2,2,41,7,1398,1,2,4,1
2014450019333,3,9,0,4,0,0,1,0,0,0,1,1,2,1,40,7,999,1,17,3,1
2014450019334,1,9,0,16,0,0,1,0,0,0,1,1,2,2,27,6,1124,1,13,8,1
2014450019334,2,9,0,17,0,0,0,0,0,0,1,1,6,1,53,8,-1,-1,-1,10,1
2014450019339,1,9,0,18,0,0,0,0,0,0,1,1,6,1,23,5,1149,1,12,-1,2
2014450019339,2,20,0,18,0,0,0,0,0,0,2,1,6,1,51,8,6870,2,6,5,2
2014450019342,1,9,0,18,0,1,0,0,0,0,1,1,6,2,38,7,1796,1,6,10,1
2014450019342,2,9,0,9,0,8,0,0,0,0,1,1,2,2,33,6,999,1,-1,7,1
2014450019345,1,9,0,18,0,0,0,0,1,0,3,1,1,2,39,7,1998,1,10,10,1
2014450019346,1,9,0,18,0,6,0,0,0,0,1,1,5,1,71,10,1995,2,6,10,1
2014450019347,1,9,0,5,0,8,1,0,0,0,2,1,6,1,76,11,1956,2,1,9,1
2014450019347,2,9,0,18,0,1,0,0,0,0,1,1,6,2,38,7,2179,2,1,10,1
2014450019350,1,9,0,5,0,6,0,0,0,0,3,1,2,1,21,5,1598,1,12,9,1
2014450019350,2,3,0,18,0,1,0,0,0,0,1,1,2,1,24,5,125,1,-1,10,1
2014450019351,1,9,0,3,0,0,0,0,0,0,4,1,6,2,48,8,1796,1,11,-1,1
2014450019351,2,1,0,15,0,0,0,0,0,0,4,1,6,1,47,8,-1,-1,-1,8,1
2014450019353,1,9,0,9,0,2,0,0,0,0,1,1,2,1,54,8,2401,2,8,9,1
2014450019355,1,9,0,18,0,0,0,7,0,0,1,1,2,1,52,8,1870,2,12,10,1
2014450019356,1,9,0,3,0,1,0,0,0,0,2,1,6,1,53,8,1995,2,3,6,1
2014450019356,2,9,0,3,0,1,0,0,0,0,2,1,6,2,25,5,1769,1,9,2,1
2014450019357,1,9,0,18,0,4,0,0,0,0,1,1,6,1,-1,-1,1997,2,15,-1,-1
2014450019357,2,9,0,17,0,8,0,0,0,0,4,1,6,1,49,8,2179,2,3,8,3
2014450019359,1,9,0,18,0,1,0,0,0,0,1,1,2,2,24,5,998,1,12,10,1
2014450019359,2,9,0,7,0,6,0,0,0,0,1,1,2,2,24,5,1200,1,1,5,1
2014450019360,1,23,0,16,0,3,1,0,0,0,4,1,2,2,19,4,49,1,13,6,1
2014450019363,1,9,0,9,0,6,0,0,0,0,3,1,3,2,54,8,1598,1,11,10,1
2014450019363,2,5,0,14,0,8,0,0,0,0,1,1,2,1,30,6,1157,1,16,8,1
2014450019366,1,5,0,17,0,0,1,0,1,0,3,1,2,2,27,6,125,1,8,7,1
2014450019369,1,9,0,18,0,1,0,0,0,0,1,1,2,2,42,7,1598,2,1,10,1
2014450019369,2,9,0,2,0,2,0,0,0,0,2,1,1,1,45,7,-1,-1,-1,9,1
2014450019369,3,9,0,10,0,1,0,0,0,0,2,1,1,1,58,9,1360,1,5,10,1
2014450019371,1,1,0,18,0,4,0,0,0,0,1,1,6,2,43,7,-1,-1,-1,5,1
2014450019371,2,9,0,18,0,2,0,0,0,0,2,1,6,3,-1,-1,1998,1,13,-1,-1
2014450019374,1,9,0,9,0,5,0,0,0,0,1,1,6,1,42,7,1686,2,2,8,1
2014450019374,2,9,0,18,0,1,0,0,0,0,1,1,6,2,23,5,1349,1,3,9,3
2014450019375,1,19,0,3,0,0,0,0,0,0,2,1,6,2,59,9,2198,2,4,9,3
2014450019375,2,9,0,3,0,0,0,0,0,0,1,1,2,1,33,6,1910,2,7,10,1
2014450019377,1,9,0,4,0,0,0,0,0,0,1,1,6,1,39,7,-1,-1,-1,6,3
2014450019377,2,9,0,4,0,0,0,0,0,0,2,1,6,1,61,9,2987,2,7,7,1
2014450019377,3,9,0,4,0,0,0,0,0,0,2,1,6,1,69,10,1984,1,12,6,1
2014450019379,1,9,0,5,0,2,0,0,0,0,2,1,6,2,42,7,1398,1,3,10,1
2014450019379,2,9,0,18,0,1,0,0,0,0,1,1,6,1,21,5,3200,1,11,9,1
2014450019379,3,9,0,3,0,1,0,0,0,0,1,1,6,1,43,7,1329,1,2,10,1
2014450019382,1,9,0,4,0,3,0,0,0,0,2,1,2,2,39,7,1598,1,8,6,1
2014450019382,2,9,0,4,0,8,0,0,0,0,1,1,6,1,-1,-1,-1,-1,-1,-1,-1
2014450019387,1,19,0,17,0,0,0,0,0,0,4,1,2,1,42,7,1986,2,4,8,1
2014450019387,2,9,0,12,0,0,0,0,0,0,4,1,6,1,80,11,1587,1,8,10,3
2014450019388,1,9,0,4,0,0,0,0,0,0,1,1,6,2,30,6,1598,1,15,9,1
2014450019388,2,9,0,3,0,0,0,0,0,0,2,1,2,1,58,9,2000,1,7,8,1
2014450019389,1,4,0,18,0,1,0,0,0,0,3,1,6,1,22,5,400,1,23,5,1
2014450019389,2,9,0,9,0,6,0,0,0,0,1,1,6,1,51,8,1798,1,10,5,1
2014450019390,1,9,0,18,0,1,5,0,0,0,1,1,2,2,61,9,998,1,9,8,1
2014450019391,1,5,0,4,0,0,1,0,0,0,3,1,6,2,55,8,1462,1,1,2,1
2014450019391,2,5,0,18,0,0,0,0,0,0,2,1,6,1,55,8,-1,-1,-1,9,1
2014450019393,1,9,0,18,0,0,0,0,0,0,4,1,6,1,67,10,1968,2,3,10,3
2014450019393,2,9,0,18,0,0,0,0,0,0,4,1,6,1,21,5,-1,-1,-1,8,3
2014450019394,1,9,0,18,0,0,0,0,0,0,1,1,6,1,32,6,2993,2,9,9,1
2014450019394,2,1,0,18,0,0,0,0,0,0,3,1,2,1,21,5,-1,-1,-1,8,1
2014450019395,1,9,0,16,0,3,1,0,1,0,1,1,6,1,33,6,2204,2,9,-1,1
2014450019396,1,9,0,4,0,3,0,0,0,0,1,1,6,1,67,10,1997,1,1,10,1
2014450019396,2,9,0,4,0,3,0,0,0,0,2,1,6,1,47,8,1197,1,-1,9,1
2014450019398,1,9,0,18,0,0,0,0,0,0,2,1,6,1,63,9,2893,1,5,5,1
2014450019398,2,9,0,18,0,0,0,0,0,0,1,1,6,1,40,7,1598,1,15,3,1
2014450019399,1,9,0,18,0,0,1,0,0,0,1,1,6,2,25,5,996,1,4,9,3
2014450019401,1,9,0,9,0,6,0,0,0,0,1,1,1,2,34,6,1598,1,8,8,1
2014450019401,2,9,0,17,0,8,0,0,0,0,1,1,6,2,60,9,2494,1,8,6,3
2014450019414,1,19,0,18,0,0,0,0,0,0,1,1,6,1,34,6,1995,2,7,7,1
2014450019418,1,9,0,4,0,2,0,0,0,0,2,1,6,1,38,7,1388,1,5,8,1
2014450019418,2,9,0,4,0,2,0,0,0,0,2,1,6,2,40,7,1997,2,12,4,1
2014450019418,3,9,0,16,0,2,0,0,0,0,1,1,1,1,34,6,-1,-1,-1,7,1
2014450019420,1,9,0,18,0,1,5,0,0,0,4,1,3,1,24,5,1989,1,14,6,1
2014450019420,2,9,0,9,0,5,0,0,0,0,3,1,3,1,32,6,998,1,-1,10,1
2014450019427,1,9,0,18,0,0,0,0,0,0,1,1,6,3,-1,-1,-1,-1,-1,-1,-1
2014450019427,2,1,0,18,0,0,0,0,0,0,2,1,6,1,30,6,-1,-1,-1,7,2
2014450019430,1,9,0,18,0,4,0,0,0,0,1,1,6,2,53,8,2685,2,10,8,1
2014450019430,2,9,0,9,0,5,0,0,0,0,1,1,6,2,43,7,1248,2,9,4,1
2014450019431,1,9,0,18,0,0,0,0,0,0,1,1,6,1,54,8,1997,2,10,-1,1
2014450019431,2,9,0,4,0,0,0,0,0,0,2,1,6,2,52,8,1753,2,7,9,1
2014450019431,3,9,0,4,0,0,0,0,0,0,2,1,6,2,51,8,1229,1,9,9,1
2014450019435,1,9,0,9,0,1,0,0,0,0,1,1,6,2,80,11,998,1,8,10,1
2014450019435,2,9,0,5,0,8,0,0,0,0,1,1,2,2,53,8,1299,1,12,9,1
2014450019438,1,9,0,18,0,0,0,0,0,0,0,1,6,3,-1,-1,-1,-1,-1,-1,-1
2014450019439,1,9,0,4,0,0,0,0,0,0,0,1,6,3,-1,-1,-1,-1,-1,-1,-1
2014450019439,2,8,0,18,0,0,0,0,0,0,2,1,3,1,40,7,2143,2,3,10,1
2014450019439,3,9,0,18,0,0,0,0,0,0,1,1,2,1,25,5,1390,1,17,7,1
2014450019439,4,90,0,18,0,0,0,0,0,0,0,1,1,2,56,9,2686,2,8,7,1
2014450019440,1,9,0,3,0,0,0,0,0,0,1,1,1,1,26,6,-1,-1,-1,5,1
2014450019440,2,9,0,3,0,0,1,0,0,0,2,1,1,1,29,6,-1,-1,-1,6,1
2014450019440,3,9,0,3,0,0,0,0,0,0,2,1,1,1,45,7,2179,2,1,8,1
2014450019442,1,20,0,1,0,2,0,0,0,0,2,1,1,1,33,6,6692,2,3,4,1
2014450019442,2,9,0,3,0,1,0,0,0,0,1,1,2,2,49,8,1997,2,8,9,1
2014450019444,1,9,0,6,0,3,0,0,0,0,1,1,6,1,33,6,1560,2,5,7,1
2014450019444,2,9,0,18,0,3,0,0,1,0,1,1,1,1,22,5,1800,1,14,6,1
2014450019444,3,9,0,18,0,1,0,0,0,0,0,1,1,1,36,7,-1,-1,-1,7,1
2014450019445,1,9,0,5,0,6,0,0,0,0,4,1,6,1,36,7,3311,8,7,9,1
2014450019445,2,1,0,18,0,8,0,0,0,0,1,1,6,1,13,3,-1,-1,-1,9,1
2014450019446,1,9,0,3,0,1,0,0,0,0,2,1,6,2,66,10,-1,3,-1,9,1
2014450019446,2,9,0,4,0,1,0,0,0,0,1,1,6,1,51,8,2993,2,3,10,1
2014450019446,3,9,0,3,0,1,0,0,0,0,2,1,6,2,-1,-1,1761,1,15,-1,-1
2014450019447,1,9,0,17,0,0,0,0,0,0,3,1,6,2,59,9,-1,-1,-1,10,3
2014450019447,2,9,0,16,0,0,0,0,0,0,3,1,6,1,32,6,1796,1,-1,8,3
2014450019448,1,1,0,18,0,4,0,0,0,0,3,1,6,1,-1,-1,-1,-1,-1,10,1
2014450019448,2,9,0,18,0,4,0,0,0,0,4,1,6,2,66,10,1242,1,5,8,1
2014450019449,1,5,0,18,0,1,2,0,0,0,1,1,6,1,27,6,599,1,7,3,1
2014450019449,2,9,0,18,0,1,0,0,0,0,1,1,6,2,29,6,1598,1,7,9,1
2014450019451,1,9,0,18,0,0,0,0,0,0,1,1,6,1,64,9,-1,-1,-1,8,1
2014450019451,2,20,0,18,0,0,0,0,0,0,1,1,6,1,-1,-1,-1,-1,-1,-1,-1
2014450019457,1,9,0,5,0,6,0,0,0,0,1,1,3,2,49,8,1796,1,8,10,1
2014450019457,2,5,0,5,0,6,0,0,0,0,2,1,6,2,52,8,599,1,2,10,1
2014450019460,1,9,0,18,0,0,0,0,0,0,1,1,6,2,20,4,1299,1,6,8,1
2014450019460,2,9,0,18,0,0,0,0,0,0,1,1,2,1,33,6,1855,1,16,6,1
2014450019461,1,9,0,18,0,0,0,0,0,0,1,1,6,1,22,5,-1,-1,-1,6,1
2014450019461,2,9,0,4,0,0,0,0,0,0,2,1,6,2,39,7,1598,1,8,8,1
2014450019461,3,9,0,4,0,0,0,0,0,0,2,1,6,1,55,8,998,1,14,7,1
2014450019463,1,19,0,5,0,0,0,0,0,0,0,1,6,3,-1,-1,2198,2,7,-1,-1
2014450019464,1,9,0,9,0,1,0,0,0,0,2,1,2,2,28,6,1149,1,9,9,1
2014450019464,2,9,0,3,0,1,0,0,0,0,2,1,2,1,48,8,1461,2,6,10,1
2014450019464,3,9,0,18,0,1,0,0,0,0,1,1,2,2,69,10,998,1,3,10,1
2014450019469,1,9,0,18,0,0,0,0,0,0,1,1,6,1,66,10,1400,1,7,9,1
2014450019469,2,1,0,18,0,0,0,0,0,0,2,1,2,1,26,6,-1,-1,-1,4,1
2014450019475,1,3,0,17,0,1,5,0,0,0,1,1,2,1,19,4,124,1,2,3,1
2014450019475,2,9,0,18,0,1,0,0,0,0,1,1,6,2,63,9,1124,1,5,10,1
2014450019476,1,9,0,16,0,4,0,0,0,0,1,1,6,2,52,8,2393,1,10,10,1
2014450019476,2,9,0,18,0,3,0,0,0,0,4,1,6,2,57,9,1124,1,16,7,1
2014450019477,1,9,0,18,0,2,0,0,0,0,4,1,6,3,-1,-1,-1,-1,-1,-1,-1
2014450019483,1,9,0,16,0,1,0,0,0,0,1,1,6,2,93,11,1198,1,8,10,3
2014450019483,2,9,0,17,0,1,0,0,0,0,1,1,2,2,60,9,1598,1,3,6,1
2014450019499,1,9,0,18,0,0,1,0,0,0,1,1,6,2,58,9,1242,1,16,9,1
2014450019499,2,9,0,18,0,0,0,0,0,0,2,1,6,2,60,9,1582,2,-1,10,1
2014450019508,1,9,0,18,0,0,0,0,0,0,1,1,3,2,34,6,1398,1,2,4,1
2014450019508,2,9,0,4,0,0,0,0,0,0,2,1,3,2,36,7,1968,2,2,9,1
2014450019511,1,9,0,18,0,8,0,0,0,0,3,1,6,1,22,5,1560,2,4,5,1
2014450019511,2,9,0,18,0,4,0,0,0,0,1,1,6,1,24,5,1422,2,-1,8,2
2014450019516,1,9,0,3,0,0,0,0,0,0,2,1,2,2,33,6,1598,1,11,7,1
2014450019516,2,9,0,4,0,0,0,0,0,0,1,1,2,2,-1,-1,1798,1,7,6,1
2014450019518,1,19,0,16,0,0,1,0,0,0,1,1,2,1,50,8,2148,2,6,10,1
2014450019519,1,9,0,18,0,0,0,0,0,0,1,1,6,1,18,4,1242,1,14,6,1
2014450019519,2,9,0,4,0,0,0,0,0,0,2,1,6,1,-1,-1,2685,2,10,10,2
2014450019520,1,9,0,18,0,0,2,10,0,0,4,1,6,2,18,4,1086,1,11,10,1
2014450019520,2,9,0,13,0,0,1,0,0,11,3,1,6,1,20,4,1796,1,14,-1,-1
2014450019523,1,9,0,5,0,1,0,0,0,0,3,1,6,1,65,9,1368,1,2,7,1
2014450019523,2,1,0,18,0,1,0,0,0,0,1,1,6,1,56,9,-1,-1,-1,10,1
2014450019525,1,9,0,17,0,0,1,0,1,0,1,1,6,2,56,9,1598,1,10,10,1
2014450019526,1,9,0,3,0,4,0,0,0,0,1,1,2,1,60,9,1956,2,2,4,1
2014450019526,2,9,0,4,0,7,0,0,0,0,2,1,2,2,39,7,1596,1,12,6,1
2014450019526,3,9,0,18,0,3,0,0,0,0,0,1,1,1,39,7,1560,2,2,7,1
2014450019527,1,9,0,18,0,1,0,0,0,0,4,1,6,2,61,9,-1,-1,-1,10,1
2014450019527,2,9,0,5,9,1,0,0,0,0,1,1,6,1,-1,-1,1968,2,9,10,1
2014450019530,1,9,0,16,0,0,1,0,0,0,1,1,6,2,61,9,1299,1,14,6,1
2014450019530,2,20,0,17,0,0,0,0,0,0,1,1,1,1,48,8,4500,2,7,5,1
2014450019534,1,9,0,18,0,0,1,0,0,0,1,1,6,1,24,5,1895,1,14,9,1
2014450019536,1,9,0,16,0,0,1,0,0,0,1,1,6,2,23,5,1390,1,14,6,1
2014450019536,2,9,0,18,0,0,0,0,0,0,1,1,6,2,46,8,1600,1,15,9,1
2014450019537,1,9,0,18,0,0,0,4,0,0,1,1,3,2,74,10,1348,1,12,9,1
2014450019537,2,9,0,5,0,0,0,0,0,0,1,1,3,2,37,7,2996,1,7,10,2
2014450019540,1,9,0,9,0,6,0,0,0,0,3,1,2,2,47,8,1360,1,10,-1,3
2014450019540,2,19,0,18,0,1,1,0,0,0,1,1,1,1,46,8,2402,2,7,6,1