Accident_Index,Vehicle_Reference,Vehicle_Type,Towing_and_Articulation,Vehicle_Manoeuvre,Vehicle_Location-Restricted_Lane,Junction_Location,Skidding_and_Overturning,Hit_Object_in_Carriageway,Vehicle_Leaving_Carriageway,Hit_Object_off_Carriageway,1st_Point_of_Impact,Was_Vehicle_Left_Hand_Drive?,Journey_Purpose_of_Driver,Sex_of_Driver,Age_of_Driver,Age_Band_of_Driver,Engine_Capacity_(CC),Propulsion_Code,Age_of_Vehicle,Driver_IMD_Decile,Driver_Home_Area_Type
2014450019543,1,9,0,18,0,0,1,0,5,0,1,1,6,1,25,5,1598,2,1,6,1
2014450019544,1,2,0,18,0,0,0,0,0,0,1,1,6,1,23,5,125,1,-1,10,1
2014450019544,2,9,0,5,0,0,0,0,0,0,1,1,6,2,29,6,999,1,1,9,1
2014450019545,1,9,0,16,0,0,1,0,0,0,1,1,6,1,44,7,1798,1,5,6,1
2014450019545,2,9,0,17,0,0,1,0,0,0,4,1,1,1,64,9,1598,1,7,8,1
2014450019546,1,9,0,18,0,0,0,0,0,0,1,1,2,3,42,7,1794,1,14,8,1
2014450019547,1,5,0,18,0,0,5,2,7,0,1,1,6,1,50,8,675,1,2,9,1
2014450019549,1,9,0,18,0,0,0,0,0,0,1,1,2,2,45,7,1910,2,9,10,1
2014450019550,1,9,0,7,0,4,0,0,0,0,1,1,6,2,56,9,1242,1,6,5,3
2014450019550,2,1,0,16,0,2,0,0,0,0,1,1,1,1,59,9,-1,-1,-1,5,3
2014450019551,1,9,0,16,0,8,1,0,7,0,4,1,2,1,32,6,1398,2,11,9,1
2014450019552,1,9,0,17,0,0,1,7,1,0,1,1,6,1,33,6,1596,1,12,6,1
2014450019553,1,9,0,18,0,0,1,0,4,0,1,1,6,1,19,4,1596,1,9,9,1
2014450019568,1,1,0,18,0,1,0,0,0,0,0,1,6,1,33,6,-1,-1,-1,-1,-1
2014450019568,2,9,0,13,0,1,0,0,0,0,0,1,6,1,-1,-1,-1,-1,-1,-1,-1
2014450019570,1,9,0,18,0,0,0,0,1,0,1,1,6,2,20,4,1299,1,16,1,1
2014450019571,1,9,0,18,0,0,0,0,0,0,1,1,6,2,58,9,1997,2,5,6,3
2014450019571,2,9,0,18,0,0,0,0,0,0,0,1,6,3,-1,-1,-1,-1,-1,-1,-1
2014450019574,1,1,0,18,0,0,2,0,0,0,1,1,6,2,23,5,-1,-1,-1,3,1
2014450019576,1,9,0,4,0,0,0,0,0,0,0,1,6,3,-1,-1,-1,-1,-1,-1,-1
2014450019576,2,9,0,4,0,0,0,0,0,0,2,1,6,1,19,4,1596,1,8,7,3
2014450019576,3,9,0,4,0,0,0,0,0,0,1,1,6,2,27,6,1598,2,1,5,1
2014450019576,4,9,0,18,0,0,0,0,0,0,1,1,6,1,48,8,2179,2,1,8,1
2014450019587,1,9,0,3,0,4,0,0,0,0,2,1,1,1,21,5,998,1,6,7,1
2014450019587,2,9,0,18,0,4,0,0,0,0,1,1,1,2,26,6,1390,1,6,9,1
2014450019589,1,9,0,18,0,0,0,0,0,0,1,1,6,3,-1,-1,-1,-1,-1,-1,-1
2014450019590,1,9,0,18,0,0,0,0,0,0,4,1,6,3,-1,-1,-1,-1,-1,-1,-1
2014450019592,1,9,0,18,0,0,0,0,0,0,1,1,1,1,35,6,-1,-1,-1,5,1
2014450019592,2,9,0,18,0,0,0,0,0,0,2,1,6,1,37,7,1995,1,7,10,1
2014450019593,1,5,0,18,0,2,1,0,0,0,4,1,1,1,34,6,675,1,-1,10,2
2014450019594,1,9,0,18,0,0,0,0,0,0,1,1,6,1,51,8,-1,-1,-1,9,1
2014450019594,2,9,0,18,0,0,0,0,0,0,2,1,6,1,57,9,1686,2,2,9,1
2014450019596,1,9,0,16,0,0,0,0,0,0,1,1,6,2,34,6,1398,2,4,10,1
2014450019596,2,9,0,17,0,0,0,0,0,0,1,1,6,1,29,6,-1,-1,-1,10,1
2014450019597,1,1,0,5,0,8,0,0,0,0,2,1,2,1,16,4,-1,-1,-1,9,1
2014450019597,2,9,0,5,0,8,0,0,0,0,1,1,6,2,66,10,1364,1,6,7,1
2014450019598,1,11,0,3,0,0,0,0,0,0,0,1,1,1,59,9,3900,2,12,8,1
2014450019599,1,9,0,18,0,0,0,0,7,0,1,1,2,1,47,8,1582,2,5,4,1
2014450019604,1,3,0,18,0,0,2,0,0,0,1,1,6,1,18,4,124,1,3,10,2
2014450019607,1,9,0,9,0,5,0,0,0,0,4,1,2,2,48,8,1868,2,14,10,1
2014450019607,2,9,0,18,0,1,0,0,0,0,1,1,2,1,47,8,2143,2,1,4,1
2014450019611,1,19,0,4,0,0,0,0,0,0,2,1,6,1,45,7,1995,2,2,-1,1
2014450019611,2,9,0,18,0,0,0,0,0,0,4,1,6,2,60,9,1598,2,2,5,1
2014450019611,3,5,0,18,0,0,0,0,0,0,1,1,2,1,47,8,1199,1,1,10,1
2014450019612,1,9,0,16,0,0,1,0,0,0,1,1,6,1,58,9,2300,1,16,6,3
2014450019612,2,9,0,12,0,0,1,0,0,0,1,1,1,1,40,7,1984,1,8,9,1
2014450019613,1,19,0,16,0,0,0,0,1,0,1,1,6,1,28,6,2461,2,11,10,3
2014450019613,2,9,0,17,0,0,0,0,0,0,1,1,6,2,74,10,1339,1,8,10,2
2014450019613,3,9,0,17,0,0,0,0,0,0,2,1,6,2,58,9,998,1,1,10,1
2014450019613,4,9,0,17,0,0,0,0,0,0,1,1,6,2,65,9,599,1,14,5,1
2014450019618,1,9,0,18,0,0,1,0,7,0,3,1,6,1,40,7,1701,1,-1,9,1
2014450019618,2,9,0,18,0,0,0,0,1,0,0,1,6,2,81,11,1299,1,12,9,1
2014450019619,1,9,0,18,0,0,0,0,0,0,1,1,6,1,68,10,2179,2,2,9,1
2014450019619,2,9,0,4,0,0,0,0,0,0,2,1,6,1,70,10,1596,1,2,10,1
2014450019620,1,9,0,9,0,6,0,0,1,0,1,1,1,1,18,4,1299,1,12,7,3
2014450019620,2,9,0,17,0,2,0,0,0,0,1,1,6,2,47,8,1997,2,9,8,1
2014450019623,1,1,0,18,0,0,0,0,0,0,1,1,2,1,47,8,-1,-1,-1,9,1
2014450019623,2,9,0,18,0,0,0,0,0,0,3,1,1,1,48,8,2993,2,-1,7,1
2014450019625,1,9,0,18,0,0,0,0,0,0,1,1,6,1,62,9,1497,1,11,4,1
2014450019625,2,9,0,2,0,0,0,0,0,0,2,1,6,1,-1,-1,1598,1,7,9,1
2014450019627,1,5,0,4,0,0,5,0,0,0,1,1,1,1,60,9,1171,1,16,8,1
2014450019627,2,19,0,4,0,0,0,0,0,0,2,1,1,1,57,9,1598,2,2,10,1
2014450019628,1,9,0,18,0,4,0,0,0,0,1,1,2,2,19,4,796,1,5,10,1
2014450019628,2,9,0,18,0,8,0,0,0,0,1,1,6,1,31,6,1461,2,1,3,1
2014450019628,3,19,0,18,0,1,0,0,0,0,3,1,6,1,-1,-1,2460,2,7,8,1
2014450019630,1,9,0,18,0,0,1,0,0,0,3,1,2,2,24,5,1388,1,8,6,1
2014450019634,1,9,0,18,0,0,0,0,0,0,1,1,6,2,61,9,1396,1,13,10,1
2014450019638,1,19,0,18,0,0,2,0,1,0,1,1,1,1,57,9,1753,2,9,8,3
2014450019639,1,9,0,3,0,0,0,0,0,0,1,1,2,2,36,7,1390,1,2,10,1
2014450019639,2,9,0,3,0,0,0,0,0,0,2,1,2,2,47,8,1198,1,5,10,1
2014450019641,1,9,0,17,0,1,2,0,1,7,4,1,6,1,20,4,1596,1,8,9,1
2014450019642,1,5,0,16,0,0,0,0,0,0,3,1,6,1,41,7,1352,1,5,10,1
2014450019642,2,21,0,17,0,0,0,0,0,0,3,1,1,1,65,9,9200,2,5,3,1
2014450019644,1,9,0,16,0,1,0,0,0,0,1,1,6,1,41,7,2495,2,13,4,1
2014450019644,2,9,0,14,0,2,0,0,0,0,1,1,6,1,80,11,996,1,5,4,1
2014450019645,1,9,0,18,0,0,1,0,0,0,1,1,6,2,26,6,1598,1,4,10,2
2014450019645,2,9,0,18,0,0,1,0,0,0,2,1,6,2,36,7,-1,-1,-1,-1,2
2014450019645,3,9,0,10,0,0,0,0,0,0,2,1,1,1,51,8,-1,-1,-1,7,1
2014450019647,1,9,0,1,9,0,0,0,0,0,2,1,6,2,43,7,1598,1,5,7,1
2014450019647,2,9,0,3,9,0,0,0,0,0,3,1,6,1,51,8,1998,1,13,5,1
2014450019648,1,9,0,3,0,1,0,0,0,0,2,1,6,1,26,6,1364,1,7,10,1
2014450019648,2,9,0,4,0,1,0,0,0,0,1,1,2,1,42,7,1229,1,6,9,1
2014450019650,1,9,0,4,0,1,0,0,0,0,2,1,6,1,44,7,1995,2,-1,10,3
2014450019650,2,3,0,4,0,1,0,0,0,0,1,1,6,1,18,4,-1,-1,-1,10,1
2014450019651,1,9,0,18,0,0,0,0,7,0,1,1,6,2,34,6,1229,1,4,7,1
2014450019652,1,9,0,16,0,0,0,0,0,0,0,1,6,3,-1,-1,-1,-1,-1,-1,-1
2014450019652,2,9,0,17,0,0,1,0,1,9,1,1,6,2,47,8,3700,1,12,9,3
2014450019653,1,9,0,16,0,0,0,0,7,0,1,1,6,2,79,11,1686,2,13,5,1
2014450019654,1,21,1,18,0,0,0,0,0,0,1,1,1,1,60,9,10837,2,2,8,2
2014450019654,2,9,0,11,0,0,0,0,0,0,2,1,2,2,63,9,1599,1,7,8,1
2014450019656,1,9,0,16,0,1,1,0,0,0,1,1,6,2,21,5,1124,1,15,10,1
2014450019656,2,9,0,10,0,1,1,0,0,0,2,1,6,1,25,5,2143,2,2,-1,1
2014450019657,1,23,0,18,0,1,0,0,0,0,1,1,6,1,17,4,125,1,2,3,1
2014450019657,2,9,0,18,0,6,0,0,0,0,4,1,6,1,66,10,1390,1,8,10,1
2014450019658,1,9,0,7,0,3,0,0,0,0,1,1,1,1,47,8,-1,-1,-1,2,1
2014450019658,2,9,0,7,0,3,0,0,0,0,2,1,6,1,66,10,1968,2,5,7,1
2014450019659,1,5,0,17,0,7,0,0,1,0,1,1,6,1,24,5,999,1,8,3,1
2014450019661,1,1,0,18,0,8,0,0,0,0,1,1,2,1,35,6,-1,-1,-1,7,2
2014450019661,2,19,0,9,0,4,0,0,0,0,4,1,6,1,67,10,1753,2,6,6,1
2014450019666,1,9,0,18,0,0,0,0,0,0,1,1,6,1,26,6,1997,1,11,6,1
2014450019666,2,8,0,9,0,0,0,0,0,0,2,1,1,1,37,7,-1,-1,-1,6,1
2014450019667,1,9,0,9,0,6,0,0,0,0,3,1,2,1,22,5,1360,1,10,5,1
2014450019667,2,2,0,17,0,1,0,0,0,0,1,1,2,1,17,4,49,1,13,10,1
2014450019670,1,9,0,1,0,0,0,0,0,0,2,1,6,1,56,9,-1,-1,-1,10,1
2014450019670,2,4,0,3,0,0,0,0,0,0,1,1,6,1,24,5,124,1,7,10,1
2014450019672,1,9,0,9,0,1,0,0,0,0,3,1,6,2,27,6,1360,1,14,6,1
2014450019672,2,9,0,18,0,1,0,0,0,0,1,1,6,1,23,5,1800,1,15,10,1
2014450019672,3,9,0,8,0,1,0,0,0,0,1,1,6,1,36,7,2143,2,-1,6,1
2014450019673,1,90,0,18,0,8,0,0,0,0,4,1,1,1,23,5,2464,2,7,8,1
2014450019673,2,9,0,9,0,8,0,0,0,0,1,1,2,2,54,8,1995,2,5,5,1
2014450019678,1,1,0,18,0,8,0,0,0,0,4,1,2,1,21,5,-1,-1,-1,10,1
2014450019678,2,9,0,5,0,4,0,0,0,0,1,1,6,3,-1,-1,-1,-1,-1,-1,-1
2014450019679,1,5,0,17,0,2,0,0,1,0,4,1,6,1,39,7,599,1,15,10,1
2014450019681,1,9,0,3,0,1,1,0,0,0,4,1,6,1,42,7,1798,8,2,10,1
2014450019681,2,9,0,9,0,6,0,0,0,0,1,1,6,2,49,8,1998,1,18,5,1
2014450019682,1,9,0,18,0,0,0,0,0,0,1,1,6,2,26,6,1198,1,-1,8,3
2014450019682,2,9,0,18,0,0,0,0,0,0,2,1,1,1,44,7,1560,2,2,7,1
2014450019684,1,9,0,8,0,1,0,0,0,0,4,1,1,1,61,9,-1,-1,-1,9,1
2014450019684,2,5,0,15,0,1,0,0,0,0,1,1,6,1,66,10,742,1,13,6,3
2014450019685,1,9,0,18,0,1,0,0,0,0,0,1,2,2,19,4,1598,1,3,2,1
2014450019685,2,9,0,5,0,2,0,0,0,0,4,1,6,1,48,8,1799,1,4,10,1
2014450019685,3,9,0,3,0,1,0,0,0,0,0,1,6,1,47,8,3947,6,16,6,1
2014450019686,1,9,0,9,0,1,0,0,0,0,3,1,1,2,22,5,1198,1,2,5,1
2014450019686,2,9,0,18,0,1,0,0,0,0,1,1,2,1,56,9,1560,2,8,10,1
2014450019687,1,21,0,7,0,8,0,0,0,0,4,1,1,1,58,9,3908,2,8,8,1
2014450019687,2,5,0,15,0,8,0,0,0,0,3,1,1,1,31,6,670,1,2,5,1
2014450019688,1,9,0,1,9,0,0,0,0,0,2,1,6,1,58,9,4134,2,1,9,1
2014450019688,2,1,0,9,0,0,0,0,0,0,1,1,6,1,13,3,-1,-1,-1,10,1
2014450019689,1,21,4,5,8,7,0,0,0,0,1,1,1,1,39,7,-1,-1,-1,-1,-1
2014450019689,2,9,0,18,0,2,0,0,0,0,4,1,6,1,49,8,1997,2,1,-1,1
2014450019690,1,9,0,1,0,0,0,0,0,0,3,1,6,1,68,10,1596,1,12,10,1
2014450019691,1,9,0,11,0,0,5,0,0,0,1,1,2,1,21,5,1997,2,5,4,1
2014450019691,2,9,0,18,0,0,0,0,0,0,2,1,2,1,57,9,1461,2,-1,10,1
2014450019692,1,9,0,18,0,8,0,0,0,0,1,1,6,2,42,7,1997,2,4,10,1
2014450019692,2,9,0,9,0,1,0,0,0,0,3,1,6,1,82,11,996,1,1,7,2
2014450019693,1,9,0,9,0,0,0,0,0,0,4,1,6,3,86,11,1999,1,12,7,1
2014450019693,2,3,0,18,0,0,1,0,0,0,1,1,6,1,33,6,1170,1,8,7,1
2014450019693,3,9,0,2,0,0,0,0,0,0,0,1,6,2,46,8,2400,1,19,4,1
2014450019693,4,9,0,3,0,0,0,0,0,0,0,1,6,1,29,6,2300,1,15,5,1
2014450019694,1,8,0,11,0,1,0,0,0,0,2,1,1,1,53,8,2148,2,5,5,1
2014450019694,2,21,1,11,0,1,0,0,0,0,2,1,1,1,41,7,12900,2,3,9,2
2014450019695,1,9,0,1,9,0,0,0,0,0,0,1,6,2,56,9,1686,2,2,9,3
2014450019698,1,9,0,17,0,0,1,0,1,0,1,1,2,2,29,6,1396,1,5,4,1
2014450019699,1,1,0,18,0,0,0,0,0,0,0,1,6,1,33,6,-1,-1,-1,6,1
2014450019700,1,9,0,4,0,0,0,0,0,0,1,1,6,2,22,5,973,1,12,3,1
2014450019700,2,9,0,5,0,0,0,0,0,0,2,1,6,2,38,7,1985,1,13,10,1
2014450019701,1,3,0,18,0,0,1,0,0,0,4,1,6,1,17,4,124,1,6,9,1
2014450019701,2,19,0,18,0,0,0,0,0,0,0,1,6,3,-1,-1,-1,-1,-1,-1,-1
2014450019713,1,9,0,17,0,8,0,0,0,0,1,1,6,1,39,7,1896,2,9,7,3
2014450019713,2,9,0,18,0,8,0,0,0,0,2,1,2,2,28,6,1598,2,4,5,1
2014450019716,1,9,0,18,0,0,0,0,0,0,1,1,2,1,38,7,1997,2,15,4,1
2014450019716,2,9,0,18,0,0,0,0,0,0,2,1,6,1,41,7,1997,2,3,9,1
2014450019716,3,9,0,3,0,0,0,0,0,0,3,1,6,2,52,8,998,1,10,6,1
2014450019718,1,19,0,5,0,6,0,0,0,0,1,1,1,1,54,8,1248,2,3,4,1
2014450019718,2,1,0,18,0,8,0,0,0,0,4,1,6,2,34,6,-1,-1,-1,6,1
2014450019720,1,9,0,18,0,0,0,0,1,3,1,1,6,1,23,5,1598,1,9,8,1
2014450019727,1,9,0,14,0,1,0,0,0,0,0,1,6,1,68,10,2999,2,14,9,2
2014450019727,2,3,0,18,0,1,0,0,0,0,3,1,1,1,28,6,124,1,1,9,1
2014450019732,1,9,0,3,0,0,0,0,0,0,2,1,2,2,27,6,1596,1,11,9,1
2014450019732,2,9,0,18,0,0,0,0,0,0,1,1,6,3,-1,-1,1587,1,9,-1,-1
2014450019736,1,9,0,18,0,0,0,0,0,0,1,1,2,1,22,5,1364,1,7,9,1
2014450019736,2,9,0,18,0,0,0,0,0,0,2,1,6,2,26,6,1242,1,8,5,1
2014450019736,3,9,0,18,0,0,0,0,0,0,2,1,6,1,42,7,1998,2,9,10,2
2014450019747,1,1,0,18,0,1,0,0,0,0,1,1,6,1,33,6,-1,-1,-1,7,1
2014450019747,2,9,0,5,0,6,0,0,0,0,0,1,6,2,43,7,2993,2,1,10,1
2014450019750,1,9,0,7,0,4,0,0,0,0,3,1,6,2,75,10,1461,2,8,9,1
2014450019750,2,9,0,9,0,8,0,0,0,0,4,1,6,1,38,7,2199,2,4,8,1
2014450019752,1,9,0,18,0,0,0,0,0,0,1,1,6,1,67,10,1988,1,14,8,1
2014450019752,2,9,0,18,0,0,0,0,0,0,2,1,6,2,19,4,1339,1,12,8,3
2014450019752,3,9,0,3,0,0,0,0,0,0,2,1,2,1,62,9,2987,2,2,10,3
2014450019761,1,9,0,5,0,4,0,0,0,0,1,1,3,2,47,8,1598,1,1,5,1
2014450019761,2,1,0,18,0,8,0,0,0,0,1,1,6,1,31,6,-1,-1,-1,5,1
2014450019763,1,9,0,18,0,4,0,0,0,0,1,1,1,1,45,7,1997,1,1,10,3
2014450019763,2,1,0,18,0,4,0,0,0,0,1,1,1,1,25,5,-1,-1,-1,6,2
2014450019766,1,9,0,9,0,1,0,0,0,0,1,1,6,2,43,7,1997,1,6,10,1
2014450019766,2,9,0,3,0,1,0,0,0,0,1,1,6,2,19,4,1299,1,11,10,1
2014450019768,1,9,0,18,0,4,0,0,0,0,1,1,6,3,-1,-1,1598,1,10,-1,-1
2014450019768,2,9,0,3,0,4,0,0,0,0,2,1,6,2,30,6,1390,1,8,6,1
2014450019771,1,1,0,18,0,8,0,0,0,0,1,1,6,1,45,7,-1,-1,-1,10,1
2014450019771,2,9,0,18,0,4,0,0,0,0,1,1,6,1,46,8,1398,2,11,10,1
2014450019779,1,9,0,4,0,4,0,0,0,0,1,1,1,2,27,6,1388,1,3,7,1
2014450019779,2,1,0,18,0,4,0,0,0,0,1,1,6,1,54,8,-1,-1,-1,10,1
2014450019782,1,9,0,9,0,5,0,0,0,0,0,1,1,1,48,8,1896,2,10,3,1
2014450019782,2,3,0,18,0,5,1,0,0,0,4,1,3,1,17,4,124,1,6,9,1
2014450019784,1,9,0,9,0,0,0,0,0,0,1,1,6,1,27,6,1910,2,6,10,1
2014450019784,2,9,0,18,0,0,0,0,0,0,4,1,6,1,19,4,1341,1,13,8,1
2014450019786,1,5,0,17,0,0,1,0,1,0,1,1,6,1,50,8,249,1,21,5,1
2014450019791,1,9,0,17,0,7,1,0,1,7,1,1,1,1,50,8,2435,1,18,7,2
2014450019792,1,9,0,17,0,0,1,0,1,0,1,1,6,1,26,6,1399,2,9,9,2
2014450019793,1,9,0,16,0,0,1,0,0,0,1,1,6,1,17,4,1248,2,8,5,2
2014450019794,1,9,0,11,0,0,0,0,0,0,1,1,1,1,27,6,-1,-1,-1,2,1
2014450019794,2,9,0,18,0,0,0,0,0,0,3,1,6,2,43,7,1998,1,11,7,1
2014450019795,1,1,0,18,0,0,0,0,0,0,4,1,6,1,18,4,-1,-1,-1,10,1
2014450019796,1,9,0,11,0,0,0,0,0,0,0,1,6,1,57,9,1686,2,10,9,1
2014450019796,2,9,0,3,0,0,0,0,0,0,2,1,2,1,46,8,1995,2,2,10,1
2014450019796,3,9,0,18,0,0,0,0,0,0,1,1,6,1,24,5,-1,-1,-1,10,1
2014450019797,1,9,0,4,0,0,0,0,0,0,1,1,6,2,31,6,1896,2,11,4,1
2014450019797,2,9,0,4,0,0,0,0,0,0,2,1,6,2,56,9,4367,2,4,9,3
2014450019798,1,11,0,18,2,1,0,0,0,0,3,1,1,1,61,9,4500,2,4,6,1
2014450019798,2,9,0,11,7,1,0,0,0,0,3,1,1,1,57,9,2835,2,18,10,1
2014450019799,1,9,0,4,0,0,2,0,2,10,4,1,2,1,42,7,1299,1,9,2,1
2014450019799,2,9,0,4,0,0,0,0,0,0,2,1,2,2,44,7,1598,1,4,10,2
2014450019800,1,9,0,16,0,8,1,0,0,0,1,1,6,1,22,5,1388,1,11,2,1
2014450019800,2,9,0,17,0,8,1,0,0,0,3,1,6,2,39,7,1390,1,10,10,1
2014450019801,1,9,0,9,0,6,0,0,0,0,3,1,6,1,63,9,2987,2,4,10,1
2014450019801,2,9,0,18,0,1,0,0,0,0,1,1,1,1,25,5,-1,-1,-1,4,1
2014450019802,1,9,0,4,0,0,1,0,4,0,1,1,6,1,73,10,1798,1,7,3,1
2014450019803,1,9,0,18,0,0,0,0,0,0,4,1,6,2,23,5,1124,1,11,10,2
2014450019804,1,19,0,4,0,0,2,0,0,0,0,1,1,1,28,6,2143,2,2,10,1
2014450019804,2,9,0,4,0,0,0,0,0,0,1,1,6,2,45,7,1598,1,3,7,3
2014450019805,1,9,0,5,0,4,0,0,0,0,3,1,6,1,89,11,1996,1,20,10,2
2014450019805,2,1,0,18,0,4,0,0,0,0,4,1,6,1,38,7,-1,-1,-1,4,1
2014450019806,1,9,0,5,8,6,0,0,0,0,1,1,2,1,61,9,1995,1,4,8,1
2014450019806,2,9,0,18,0,2,0,0,0,0,1,1,1,1,52,8,1968,2,-1,4,1
2014450019807,1,9,0,7,0,6,0,0,0,0,4,1,2,2,40,7,1999,1,5,9,1
2014450019808,1,9,0,17,0,0,1,0,8,0,3,1,2,2,23,5,998,1,9,7,3
2014450019809,1,9,0,18,0,0,0,0,1,0,4,1,2,1,44,7,1229,1,9,3,1
2014450019809,2,21,1,12,0,0,0,0,0,0,3,1,1,1,58,9,-1,-1,-1,-1,-1
2014450019811,1,9,0,3,0,0,0,0,0,0,2,1,6,1,50,8,999,1,6,10,1
2014450019811,2,9,0,3,0,0,0,0,0,0,2,1,6,1,36,7,1781,1,15,10,1
2014450019811,3,9,0,18,0,0,1,0,0,0,1,1,6,1,22,5,-1,-1,-1,5,1
2014450019812,1,9,0,5,0,2,0,0,0,0,3,1,6,2,20,4,1598,2,-1,9,1
2014450019812,2,9,0,18,0,1,0,0,0,0,1,1,6,2,73,10,998,1,3,8,1
2014450019813,1,9,0,9,0,5,0,0,0,0,1,1,6,2,55,8,3300,1,7,9,1
2014450019813,2,9,0,17,0,1,0,0,0,0,1,1,6,2,43,7,1895,1,14,4,1
2014450019814,1,5,0,18,0,0,0,12,0,0,1,1,2,1,29,6,599,1,4,4,1
2014450019815,1,9,0,18,0,6,0,0,0,0,1,1,6,2,35,6,1997,1,5,9,1
2014450019815,2,9,0,9,0,1,0,0,0,0,4,1,1,1,32,6,2987,2,7,1,1
2014450019816,1,9,0,18,0,1,0,0,0,0,1,1,6,3,-1,-1,-1,-1,-1,-1,-1
2014450019817,1,21,1,12,0,0,0,0,0,0,3,1,1,1,37,7,-1,-1,-1,-1,-1
2014450019817,2,9,0,18,0,0,1,0,2,0,4,1,1,1,52,8,1582,2,-1,4,1
2014450019818,1,9,0,17,0,0,0,0,1,3,1,1,1,1,70,10,1998,1,17,8,1
2014450019819,1,10,0,16,0,0,0,0,0,0,4,1,1,1,59,9,2143,2,2,8,1
2014450019820,1,9,0,18,0,0,0,0,1,10,1,1,6,1,22,5,1388,1,9,2,1
2014450019822,1,9,0,9,0,5,0,0,1,0,1,1,2,2,19,4,1124,1,11,10,1
2014450019823,1,9,0,4,0,0,0,0,0,0,1,1,6,1,22,5,-1,-1,-1,-1,-1
2014450019823,2,9,0,9,0,0,0,0,0,0,2,1,6,2,31,6,1984,1,5,8,1
2014450019824,1,9,0,18,0,6,0,0,0,0,3,1,6,3,-1,-1,-1,-1,-1,-1,-1
2014450019824,2,9,0,18,0,1,0,0,0,0,4,1,1,1,63,9,1598,2,2,8,1
2014450019825,1,9,0,18,0,0,0,0,0,0,2,1,1,1,40,7,-1,-1,-1,-1,1
2014450019825,2,9,0,18,0,0,0,0,0,0,2,1,6,1,60,9,1896,2,7,10,3
2014450019825,3,9,0,3,0,0,0,0,0,0,2,1,6,2,44,7,1896,2,5,10,1
2014450019825,4,9,0,18,0,0,0,0,0,0,1,1,6,1,39,7,2494,1,14,9,1
2014450019826,1,1,0,18,0,8,0,0,0,0,1,1,6,1,43,7,-1,-1,-1,10,1
2014450019826,2,9,0,18,0,2,0,0,0,0,1,1,6,1,31,6,1339,8,5,2,1
2014450019827,1,9,0,17,0,0,2,0,0,0,1,1,6,1,-1,-1,-1,-1,-1,10,1
2014450019827,2,9,0,16,0,0,0,0,0,0,1,1,6,2,51,8,2401,2,7,10,1
2014450019830,1,5,0,18,0,1,1,0,0,0,4,1,6,1,51,8,499,1,10,10,3
2014450019832,1,9,0,3,0,0,0,0,0,0,2,1,6,2,30,6,999,1,-1,4,1
2014450019832,2,9,0,4,0,0,0,0,0,0,1,1,6,3,-1,-1,-1,-1,-1,-1,-1
2014450019833,1,9,0,18,0,1,0,0,0,0,1,1,6,1,27,6,1753,2,11,10,1
2014450019833,2,9,0,18,0,1,0,0,0,0,2,1,6,1,64,9,-1,-1,-1,5,1
2014450019833,3,19,0,18,0,1,0,0,0,0,2,1,6,1,33,6,1686,2,11,10,1
2014450019834,1,9,0,18,0,1,0,0,1,0,1,1,6,1,81,11,1197,1,1,8,1
2014450019835,1,9,0,4,0,0,1,0,0,0,1,1,1,1,22,5,1968,2,-1,4,1
2014450019835,2,9,0,4,0,0,0,0,0,0,2,1,6,2,46,8,1896,2,10,9,1
2014450019835,3,9,0,3,0,0,0,0,0,0,2,1,6,2,53,8,2143,2,-1,10,3
2014450019837,1,5,0,13,0,1,1,0,0,0,0,1,6,1,55,8,499,1,16,10,1
2014450019837,2,9,0,5,0,8,0,0,0,0,0,1,6,1,47,8,1560,2,4,9,1
2014450019839,1,9,0,18,0,0,0,0,0,0,1,1,6,2,32,6,1997,1,10,9,1
2014450019840,1,9,0,16,0,1,0,0,0,0,3,1,6,2,18,4,998,1,1,3,1
2014450019840,2,9,0,16,0,1,1,0,0,0,2,1,6,1,44,7,2967,2,1,8,1
2014450019841,1,9,0,18,0,0,0,11,0,0,1,1,6,1,25,5,-1,-1,-1,10,1
2014450019842,1,9,0,3,0,0,0,0,0,0,0,1,6,1,61,9,1798,1,1,10,1
2014450019842,2,9,0,14,0,0,0,0,0,0,0,1,6,2,-1,-1,-1,-1,-1,-1,-1
2014450019844,1,9,0,17,0,0,1,0,1,0,1,1,6,1,24,5,1598,1,9,5,1
2014450019845,1,9,0,18,0,0,5,0,0,0,4,1,2,1,39,7,1700,2,11,8,1
2014450019846,1,5,0,13,0,1,0,0,0,0,3,1,2,1,41,7,652,1,11,6,1
2014450019846,2,9,0,7,0,5,0,0,0,0,3,1,6,2,27,6,1896,2,8,4,1
2014450019848,1,9,0,3,0,1,0,0,0,0,2,1,2,1,52,8,2191,2,-1,10,1
2014450019848,2,9,0,3,0,1,0,0,0,0,2,1,2,2,32,6,-1,-1,-1,9,1
2014450019848,3,9,0,18,0,1,0,0,0,0,1,1,2,1,63,9,1895,1,13,9,1