Accident_Index,Vehicle_Reference,Vehicle_Type,Towing_and_Articulation,Vehicle_Manoeuvre,Vehicle_Location-Restricted_Lane,Junction_Location,Skidding_and_Overturning,Hit_Object_in_Carriageway,Vehicle_Leaving_Carriageway,Hit_Object_off_Carriageway,1st_Point_of_Impact,Was_Vehicle_Left_Hand_Drive?,Journey_Purpose_of_Driver,Sex_of_Driver,Age_of_Driver,Age_Band_of_Driver,Engine_Capacity_(CC),Propulsion_Code,Age_of_Vehicle,Driver_IMD_Decile,Driver_Home_Area_Type
2014450019848,4,9,0,4,0,1,0,0,0,0,1,1,6,2,18,4,1242,1,15,10,2
2014450019848,5,9,0,18,0,2,0,0,0,0,1,1,2,1,26,6,1229,1,8,10,1
2014450019848,6,9,0,18,0,8,0,0,0,0,0,1,1,1,42,7,2993,2,1,7,1
2014450019849,1,20,0,18,0,0,0,0,0,0,0,1,6,3,-1,-1,-1,-1,-1,-1,-1
2014450019849,2,9,0,18,0,0,1,0,2,0,1,1,1,2,21,5,1124,1,9,10,1
2014450019850,1,5,0,3,0,1,0,0,0,0,4,1,2,1,48,8,1584,1,6,8,3
2014450019850,2,9,0,3,0,1,0,0,0,0,3,1,2,1,20,4,973,1,15,7,1
2014450019852,1,9,0,9,0,5,0,0,0,0,3,1,2,2,45,7,1598,1,10,10,1
2014450019852,2,9,0,18,0,1,1,0,0,0,1,1,2,1,25,5,1198,1,5,4,1
2014450019852,3,9,0,3,0,1,0,0,0,0,3,1,2,2,26,6,1399,2,5,9,1
2014450019853,1,9,0,18,0,8,0,0,0,0,3,1,6,2,39,7,2776,2,10,10,1
2014450019853,2,9,0,9,0,8,0,0,0,0,1,1,6,2,73,10,1497,8,6,8,3
2014450019854,1,2,0,18,0,1,0,0,0,0,1,1,6,1,18,4,49,1,12,9,1
2014450019854,2,9,0,9,0,5,0,0,0,0,1,1,6,1,49,8,2967,2,4,7,1
2014450019857,1,9,0,9,0,8,0,0,0,0,1,1,6,2,30,6,2179,2,5,8,1
2014450019857,2,9,0,16,0,1,0,0,0,0,1,1,6,2,28,6,1896,2,13,9,3
2014450019858,1,9,0,9,0,1,0,0,0,0,1,1,2,2,61,9,1796,1,7,6,1
2014450019858,2,5,0,14,0,8,5,0,0,0,4,1,6,1,53,8,582,1,9,7,1
2014450019859,1,9,0,18,0,2,0,0,0,0,1,1,6,2,63,9,1796,1,7,9,1
2014450019859,2,9,0,18,0,1,0,0,0,0,2,1,6,1,68,10,1992,2,6,9,1
2014450019859,3,9,0,18,0,2,1,0,7,0,2,1,6,2,47,8,2435,1,10,7,1
2014450019859,4,9,0,18,0,2,0,0,0,0,2,1,1,1,39,7,-1,-1,-1,4,1
2014450019860,1,11,0,18,0,0,0,0,0,0,0,1,1,3,-1,-1,-1,-1,-1,-1,-1
2014450019861,1,9,0,18,0,4,0,0,0,0,1,1,6,2,66,10,1596,1,10,10,1
2014450019861,2,9,0,18,0,4,0,0,0,0,2,1,1,1,50,8,-1,-1,-1,10,1
2014450019862,1,9,0,18,0,1,0,0,0,0,1,1,6,1,64,9,1598,2,3,10,1
2014450019862,2,9,0,5,0,1,0,0,0,0,1,1,6,2,29,6,1242,1,14,6,1
2014450019864,1,9,0,7,0,3,0,0,0,0,4,1,6,1,35,6,1390,1,5,8,1
2014450019864,2,9,0,18,0,3,0,0,0,0,3,1,6,1,51,8,1998,1,12,9,1
2014450019865,1,3,0,4,0,1,0,0,0,0,1,1,6,1,18,4,124,1,21,9,3
2014450019865,2,9,0,4,0,4,0,0,0,0,2,1,6,1,35,6,1995,2,-1,2,1
2014450019865,3,9,0,9,0,8,0,0,0,0,0,1,1,2,35,6,1560,2,2,7,1
2014450019875,1,9,0,18,0,0,0,0,0,0,1,1,2,1,50,8,2993,2,3,10,1
2014450019875,2,9,0,3,0,0,0,0,0,0,2,1,6,1,-1,-1,1871,2,9,9,1
2014450019875,3,9,0,18,0,0,0,0,0,0,2,1,6,1,-1,-1,1598,1,12,3,1
2014450019876,1,9,0,3,0,1,0,0,0,0,2,1,1,1,20,4,1796,1,12,10,1
2014450019876,2,9,0,18,0,1,0,0,0,0,1,1,6,1,-1,-1,1896,2,8,-1,-1
2014450019880,1,1,0,18,0,1,0,0,0,0,1,1,1,1,40,7,-1,-1,-1,6,1
2014450019880,2,9,0,9,0,6,0,0,0,0,4,1,2,1,25,5,2148,2,8,8,1
2014450019882,1,1,0,18,0,0,0,0,0,0,0,1,6,1,70,10,-1,-1,-1,10,1
2014450019882,2,21,1,18,0,0,0,0,0,0,0,1,6,1,54,8,12900,2,3,4,3
2014450019883,1,21,1,18,0,0,0,0,0,0,0,1,6,3,-1,-1,-1,-1,-1,-1,-1
2014450019883,2,9,0,18,0,0,0,0,0,0,1,1,6,2,22,5,1390,1,7,9,1
2014450019883,3,9,0,18,0,0,0,0,0,0,1,1,1,3,61,9,-1,-1,-1,10,1
2014450019885,1,5,0,9,0,0,0,0,0,0,4,1,6,1,62,9,1215,1,2,8,3
2014450019885,2,9,0,9,0,0,0,0,0,0,4,1,2,1,35,6,1998,1,12,6,2
2014450019886,1,9,0,3,0,0,0,0,0,0,1,1,6,2,27,6,1995,2,6,-1,1
2014450019886,2,5,0,15,0,0,5,0,0,0,4,1,6,1,46,8,1170,1,-1,10,1
2014450019887,1,9,0,4,0,0,0,0,0,0,2,1,2,1,51,8,1582,2,1,6,1
2014450019887,2,9,0,18,0,0,0,0,0,0,1,1,2,1,22,5,1998,1,14,10,1
2014450019888,1,9,0,9,0,6,0,0,0,0,1,1,6,1,86,11,2461,2,18,7,2
2014450019888,2,9,0,18,0,1,0,0,0,0,1,1,2,2,53,8,1797,8,3,10,1
2014450019889,1,21,1,18,0,0,0,0,0,0,1,1,1,1,47,8,12902,2,1,4,1
2014450019889,2,21,1,18,0,0,0,0,0,0,2,1,1,1,57,9,12900,2,3,4,1
2014450019891,1,5,0,13,0,8,0,0,0,0,1,1,6,1,53,8,748,1,16,10,1
2014450019891,2,9,0,9,0,8,0,0,0,0,1,1,3,2,75,10,-1,-1,-1,10,1
2014450019893,1,20,0,18,0,0,0,0,0,0,3,1,1,1,35,6,4461,2,3,9,3
2014450019893,2,9,0,18,0,0,0,0,0,0,3,1,6,3,-1,-1,-1,-1,-1,-1,-1
2014450019895,1,9,0,5,0,4,0,0,0,0,1,1,6,2,55,8,2400,2,3,8,3
2014450019895,2,2,0,9,0,8,0,0,0,0,1,1,6,1,17,4,49,1,-1,7,3
2014450019897,1,9,0,18,0,0,0,0,0,0,1,1,6,1,23,5,1598,1,16,9,1
2014450019897,2,9,0,12,0,0,0,0,0,0,4,1,6,3,-1,-1,-1,-1,-1,-1,-1
2014450019898,1,3,0,4,0,2,0,4,0,0,1,1,1,2,22,5,124,1,8,10,1
2014450019898,2,9,0,2,0,1,0,0,0,0,1,1,6,2,70,10,1386,1,6,6,1
2014450019900,1,19,0,18,0,0,2,0,1,0,1,1,1,1,-1,-1,1968,2,2,9,1
2014450019903,1,9,0,9,0,8,0,0,0,0,1,1,6,2,24,5,1998,1,8,6,1
2014450019903,2,9,0,17,0,1,1,0,7,0,1,1,6,1,70,10,1997,1,6,9,1
2014450019907,1,9,0,1,0,0,0,0,0,0,0,1,6,3,-1,-1,-1,-1,-1,-1,-1
2014450019907,2,1,0,4,0,0,0,0,0,0,0,1,1,1,28,6,-1,-1,-1,4,1
2014450019909,1,9,0,3,0,1,0,0,0,0,2,1,6,2,37,7,1598,1,11,6,1
2014450019909,2,9,0,18,0,1,0,0,0,0,1,1,6,1,-1,-1,1149,1,9,10,1
2014450019911,1,9,0,7,0,8,0,0,0,0,3,1,6,2,35,6,1149,1,14,9,1
2014450019911,2,9,0,18,0,8,0,0,0,0,1,1,6,1,47,8,1995,2,2,8,1
2014450019916,1,9,0,18,0,0,0,0,1,0,1,1,6,2,39,7,1997,2,1,7,2
2014450019917,1,1,0,18,0,8,0,0,0,0,1,1,2,1,30,6,-1,-1,-1,8,1
2014450019917,2,9,0,5,0,8,0,0,0,0,1,1,6,1,69,10,1956,2,3,6,1
2014450019919,1,5,0,18,0,8,0,0,0,0,4,1,2,2,43,7,599,1,20,7,1
2014450019919,2,9,0,18,0,4,0,0,0,0,3,1,2,1,36,7,998,1,5,4,1
2014450019920,1,9,0,18,0,4,0,9,3,10,1,1,6,1,28,6,-1,-1,-1,6,1
2014450019921,1,9,0,18,0,1,1,0,5,0,1,1,1,1,31,6,1997,1,12,7,1
2014450019921,2,9,0,12,0,1,0,0,0,0,0,1,6,1,39,7,1999,1,10,10,1
2014450019923,1,21,1,18,0,0,0,4,0,0,1,1,1,1,35,6,10837,2,6,5,1
2014450019923,2,9,0,18,0,0,0,0,0,0,2,1,6,2,44,7,1896,2,11,5,1
2014450019923,3,9,0,18,0,0,0,0,0,0,2,1,6,1,42,7,1997,2,5,8,1
2014450019923,4,9,0,18,0,0,0,0,0,0,2,1,6,1,49,8,1896,2,12,5,3
2014450019923,5,9,0,18,0,0,0,0,0,0,2,1,6,2,59,9,2179,2,6,10,3
2014450019925,1,9,0,9,0,6,0,0,0,0,3,1,2,1,47,8,2987,2,3,10,1
2014450019925,2,1,0,18,0,1,0,0,0,0,4,1,2,1,30,6,-1,-1,-1,10,3
2014450019926,1,9,0,16,0,3,1,0,0,0,4,1,6,1,18,4,1598,1,13,7,3
2014450019926,2,9,0,18,0,1,0,0,0,0,1,1,1,1,48,8,2143,2,4,6,2
2014450019928,1,9,0,18,0,6,0,0,0,0,2,1,6,1,51,8,2494,1,13,9,1
2014450019928,2,9,0,5,0,1,0,0,0,0,1,1,6,1,59,9,1598,1,11,6,1
2014450019928,3,19,0,3,0,1,0,0,0,0,3,1,6,1,27,6,1968,2,5,6,1
2014450019930,1,9,0,18,0,0,0,0,0,0,1,1,6,3,-1,-1,-1,-1,-1,-1,-1
2014450019931,1,5,0,18,0,8,0,0,0,0,1,1,1,1,30,6,599,1,7,8,1
2014450019931,2,9,0,5,0,6,0,0,0,0,1,1,6,2,44,7,1364,1,8,7,3
2014450019932,1,9,0,4,0,0,0,0,0,0,2,1,6,2,44,7,1595,1,14,5,1
2014450019932,2,9,0,4,0,0,0,0,0,0,1,1,6,1,-1,-1,-1,-1,-1,-1,-1
2014450019934,1,9,0,18,0,0,0,0,0,0,1,1,6,1,64,9,1991,2,8,9,1
2014450019934,2,9,0,18,0,0,0,0,0,0,1,1,6,2,60,9,998,1,10,10,1
2014450019936,1,9,0,18,0,1,0,0,1,2,1,1,6,1,22,5,1998,1,12,10,1
2014450019938,1,21,1,18,0,1,0,0,0,0,3,1,6,1,37,7,3920,2,7,4,3
2014450019938,2,19,0,18,0,1,0,0,0,0,3,1,6,1,26,6,2402,2,10,2,1
2014450019938,3,9,0,2,0,1,0,0,0,0,3,1,6,3,-1,-1,-1,-1,-1,-1,-1
2014450019941,1,9,0,18,0,0,0,4,0,0,1,1,6,2,42,7,1596,1,10,8,1
2014450019941,2,9,0,2,0,0,0,0,1,0,2,1,6,2,56,9,1560,2,3,6,1
2014450019943,1,1,0,4,0,1,0,0,0,0,1,1,2,2,33,6,-1,-1,-1,6,1
2014450019944,1,9,0,9,0,8,0,0,1,7,1,1,1,2,29,6,1390,1,17,6,1
2014450019947,1,3,0,18,0,1,0,0,0,0,1,1,6,1,68,10,124,1,6,6,1
2014450019947,2,9,0,9,0,6,0,0,0,0,3,1,6,1,43,7,1896,2,5,10,1
2014450019949,1,9,0,9,0,6,0,0,0,0,1,1,1,1,43,7,1997,2,1,7,1
2014450019951,1,9,0,18,0,1,0,0,0,0,2,1,6,2,31,6,1390,1,13,9,1
2014450019951,2,9,0,10,0,6,0,0,0,0,3,1,6,2,39,7,1198,1,4,10,1
2014450019951,3,9,0,4,0,1,0,0,0,0,3,1,6,2,29,6,1242,1,6,6,1
2014450019952,1,9,0,16,0,0,0,0,8,7,3,1,6,1,57,9,2402,2,6,10,1
2014450019952,2,9,0,16,0,0,0,0,8,7,4,1,6,2,34,6,1997,2,4,10,3
2014450019954,1,9,0,18,0,0,0,0,0,0,1,1,6,1,47,8,1396,1,9,9,1
2014450019955,1,9,0,4,0,0,0,0,0,0,1,1,6,2,17,4,1299,1,12,8,1
2014450019955,2,9,0,5,0,0,0,0,0,0,2,1,6,1,63,9,1399,2,9,10,1
2014450019955,3,9,0,18,0,0,0,0,0,0,2,1,6,3,-1,-1,-1,-1,-1,-1,-1
2014450019956,1,9,0,7,0,3,0,0,0,0,1,1,6,2,27,6,1360,1,3,10,1
2014450019956,2,1,0,18,0,8,0,0,0,0,2,1,6,2,31,6,-1,-1,-1,4,1
2014450019957,1,9,0,18,0,0,0,0,0,0,1,1,6,1,41,7,1910,2,8,9,3
2014450019958,1,9,0,17,0,0,0,0,8,0,1,1,6,1,82,11,1998,1,13,6,2
2014450019959,1,1,0,9,0,8,0,0,0,0,4,1,6,2,25,5,-1,-1,-1,9,1
2014450019959,2,9,0,9,0,8,0,0,0,0,1,1,6,3,-1,-1,-1,-1,-1,10,1
2014450019963,1,9,0,16,0,0,1,0,0,0,1,1,2,1,23,5,1349,1,15,6,1
2014450019963,2,19,0,17,0,0,0,0,0,0,1,1,2,1,43,7,3920,2,1,9,1
2014450019970,1,9,0,18,0,1,0,0,0,0,1,1,6,1,23,5,-1,-1,-1,5,1
2014450019970,2,9,0,7,0,1,0,0,0,0,2,1,6,1,17,4,1242,1,17,10,1
2014450019970,3,19,0,9,0,1,0,0,0,0,1,1,1,1,29,6,1968,2,-1,3,1
2014450019972,1,9,0,11,0,0,0,0,0,0,2,1,1,1,31,6,2706,1,-1,9,1
2014450019972,2,9,0,18,0,0,0,0,0,0,1,1,6,2,21,5,1360,1,12,1,1
2014450019977,1,9,0,5,0,4,0,0,0,0,0,1,6,2,62,9,1399,1,7,4,1
2014450019977,2,1,0,18,0,8,0,0,0,0,1,1,6,1,38,7,-1,-1,-1,8,1
2014450019978,1,9,0,4,0,1,0,0,0,0,0,1,6,1,34,6,1995,2,4,6,1
2014450019978,2,2,0,14,0,1,2,0,0,0,4,1,1,1,37,7,49,1,8,9,1
2014450019980,1,9,0,3,0,1,0,0,0,0,1,1,6,1,45,7,4966,1,9,3,1
2014450019980,2,8,0,3,0,1,0,0,0,0,2,1,2,1,39,7,2664,2,14,4,1
2014450019980,3,19,0,3,0,1,0,0,0,0,1,1,1,2,44,7,1753,2,10,8,1
2014450019981,1,19,0,17,0,2,1,0,1,0,1,1,6,1,19,4,-1,-1,-1,9,1
2014450019981,2,19,0,2,0,2,0,0,0,0,2,1,6,1,30,6,2402,2,6,7,3
2014450019983,1,9,0,18,0,0,0,0,0,0,1,1,1,1,71,10,-1,-1,-1,10,1
2014450019983,2,9,0,3,0,0,0,0,0,0,2,1,2,2,47,8,1299,1,9,8,1
2014450019984,1,9,0,18,0,1,0,0,1,0,1,1,6,2,68,10,1999,1,9,9,1
2014450019984,2,9,0,9,0,5,0,0,0,0,2,1,6,1,52,8,2993,2,3,8,2
2014450019985,1,9,0,18,0,0,0,0,0,0,1,1,2,1,52,8,1968,2,5,10,1
2014450019985,2,9,0,18,0,0,0,0,1,0,1,1,2,1,55,8,2685,2,11,10,1
2014450019986,1,9,0,3,0,1,0,0,0,0,1,1,6,2,67,10,-1,-1,-1,10,1
2014450019986,2,9,0,9,0,1,0,0,0,0,1,1,6,1,40,7,1388,1,11,10,1
2014450019988,1,9,0,18,0,4,0,0,0,0,3,1,6,2,64,9,1398,1,3,10,1
2014450019988,2,1,0,9,0,8,5,0,0,0,1,1,1,1,25,5,-1,-1,-1,4,1
2014450019989,1,9,0,18,0,8,0,0,0,0,1,1,6,1,18,4,1198,1,6,9,1
2014450019991,1,9,0,18,0,4,0,0,0,0,1,1,6,1,24,5,2384,1,2,4,1
2014450019991,2,9,0,9,0,3,0,0,0,0,4,1,6,2,18,4,1198,1,6,9,1
2014450019992,1,3,0,5,0,5,1,0,0,0,1,1,1,1,27,6,109,1,-1,2,1
2014450019992,2,9,0,18,0,1,0,0,0,0,1,1,6,1,17,4,1198,1,8,10,1
2014450019994,1,1,0,14,0,1,0,0,0,0,4,1,2,1,22,5,-1,-1,-1,10,1
2014450019994,2,9,0,9,0,6,0,0,0,0,1,1,2,2,30,6,1753,2,10,7,3
2014450019997,1,9,0,16,0,8,1,9,7,1,1,1,6,2,54,8,1560,2,1,8,1
2014450019998,1,9,0,18,0,0,0,0,0,0,1,1,6,2,22,5,1248,2,5,8,1
2014450019998,2,9,0,18,0,0,0,0,0,0,1,1,6,3,-1,-1,-1,-1,-1,-1,-1
2014450019999,1,9,0,9,0,6,0,0,0,0,3,1,6,3,-1,-1,-1,-1,-1,-1,-1
2014450019999,2,1,0,18,0,1,0,0,0,0,1,1,6,1,36,7,-1,-1,-1,5,1
2014450020000,1,9,0,18,0,0,1,0,1,0,3,1,2,2,38,7,1896,2,6,9,3
2014450020000,2,9,0,18,0,0,1,0,0,0,3,1,6,2,49,8,1600,1,15,10,1
2014450020001,1,9,0,16,0,0,1,0,7,0,1,1,2,2,22,5,1299,1,10,9,1
2014450020002,1,9,0,18,0,1,0,0,0,0,1,1,6,2,34,6,1956,2,3,9,3
2014450020002,2,9,0,18,0,1,0,0,0,0,2,1,6,3,-1,-1,-1,-1,-1,-1,-1
2014450020004,1,2,0,18,0,1,1,0,0,0,4,1,6,1,17,4,49,1,10,10,1
2014450020004,2,19,0,9,0,6,0,0,0,0,0,1,6,3,-1,-1,-1,-1,-1,-1,-1
2014450020005,1,9,0,7,0,1,5,10,3,3,1,1,1,1,32,6,998,1,1,1,1
2014450020006,1,9,0,18,0,3,0,0,0,0,1,1,1,1,34,6,-1,-1,-1,6,1
2014450020006,2,9,0,9,0,5,0,0,0,0,4,1,2,1,27,6,1781,1,13,3,1
2014450020009,1,9,0,18,0,1,0,0,0,0,1,1,6,1,44,7,1968,2,5,10,1
2014450020009,2,9,0,18,0,1,0,0,0,0,2,1,6,2,32,6,1560,2,4,6,1
2014450020011,1,9,0,18,0,0,0,0,0,0,1,1,6,2,34,6,1598,1,6,5,1
2014450020011,2,19,0,18,0,0,0,0,0,0,3,1,1,1,31,6,6370,2,6,4,1
2014450020013,1,9,0,17,9,0,2,10,0,0,3,1,6,1,18,4,-1,-1,-1,6,1
2014450020014,1,20,0,18,0,1,0,0,0,0,1,1,1,1,34,6,-1,-1,-1,-1,-1
2014450020014,2,9,0,18,0,1,1,0,4,0,1,1,6,1,21,5,1388,1,5,-1,3
2014450020015,1,1,0,18,0,1,0,0,0,0,4,1,2,1,35,6,-1,-1,-1,9,1
2014450020015,2,9,0,9,0,6,0,0,0,0,1,1,2,2,37,7,1388,1,8,9,1
2014450020019,1,9,0,3,0,1,0,0,1,0,2,1,6,1,52,8,1986,2,7,6,3
2014450020019,2,9,0,3,0,1,0,0,0,0,1,1,6,2,18,4,998,1,4,9,3
2014450020024,1,11,0,18,0,0,0,0,0,0,1,1,6,1,67,10,5900,2,6,5,1
2014450020026,1,9,0,3,0,0,0,0,0,0,3,1,6,2,46,8,1995,1,5,8,3
2014450020026,2,9,0,16,0,0,0,0,0,0,3,1,6,2,44,7,1242,1,-1,10,2
2014450020027,1,21,1,18,0,0,0,0,0,0,3,1,1,1,54,8,-1,-1,-1,-1,-1
2014450020027,2,9,0,18,0,0,0,0,0,0,4,1,6,2,22,5,1240,1,8,4,1
2014450020028,1,9,0,18,0,0,0,0,0,0,1,1,6,1,37,7,1493,1,16,10,1
2014450020029,1,9,0,6,0,1,0,0,5,0,3,1,6,2,49,8,1598,1,1,10,1
2014450020029,2,9,0,18,0,1,0,0,0,0,1,1,6,2,26,6,998,1,-1,10,1
2014450020031,1,9,0,18,0,1,0,0,0,0,1,1,6,1,29,6,1596,1,12,9,1
2014450020031,2,5,0,18,0,8,0,0,0,0,4,1,6,1,28,6,599,1,10,7,1
2014450020036,1,9,0,18,0,0,0,0,0,0,1,1,6,1,81,11,1364,1,8,6,3
2014450020036,2,9,0,18,0,0,0,0,0,0,2,1,6,2,55,8,1896,2,9,3,1
2014450020037,1,9,0,18,0,1,0,0,0,0,2,1,6,1,49,8,2967,2,2,8,3
2014450020037,2,9,0,18,0,4,0,0,0,0,1,1,6,2,42,7,899,1,16,10,1
2014450020038,1,9,0,18,0,1,0,0,0,0,1,1,2,1,25,5,-1,-1,-1,7,1
2014450020038,2,9,0,9,0,6,0,0,0,0,3,1,3,1,46,8,1794,1,8,9,1
2014450020040,1,21,1,18,0,1,0,0,0,0,1,1,6,1,47,8,-1,-1,-1,4,1
2014450020040,2,9,0,18,0,1,0,0,0,0,3,1,6,2,22,5,1242,1,11,7,1
2014450020042,1,9,0,4,0,0,0,0,0,0,1,1,6,2,25,5,2967,2,-1,9,1
2014450020042,2,9,0,3,0,0,0,0,0,0,4,1,6,2,50,8,2993,2,2,10,1
2014450020043,1,9,0,16,0,0,1,0,2,4,1,1,2,2,29,6,1364,1,5,9,1
2014450020044,1,9,0,1,0,0,0,0,0,0,2,1,6,2,68,10,2231,2,2,2,1
2014450020044,2,22,0,18,0,0,0,0,0,0,4,1,6,1,90,11,-1,-1,-1,2,1
2014450020046,1,3,0,18,0,0,2,0,0,0,1,1,6,1,21,5,124,1,2,3,1
2014450020046,2,9,0,18,0,0,0,0,0,0,2,1,6,3,-1,-1,-1,-1,-1,-1,-1
2014450020049,1,9,0,18,0,1,0,0,0,0,1,1,2,2,40,7,1596,1,12,7,3
2014450020066,1,9,0,5,0,6,0,0,1,0,3,1,1,1,51,8,1797,8,4,9,1
2014450020066,2,19,0,18,0,8,0,0,0,0,1,1,1,1,67,10,2143,2,1,10,1
2014450020069,1,19,0,18,0,1,0,0,0,0,4,1,6,1,-1,-1,1998,2,13,9,1
2014450020070,1,9,0,12,0,0,1,0,0,0,1,1,6,1,31,6,1995,2,5,7,1
2014450020070,2,9,0,18,0,0,0,0,0,0,2,1,6,1,38,7,1995,2,-1,6,1
2014450020075,1,9,0,5,0,4,0,0,0,0,1,1,6,1,45,7,-1,-1,-1,10,1
2014450020075,2,1,0,18,0,8,0,0,0,0,1,1,6,1,37,7,-1,-1,-1,7,1
2014450020078,1,1,0,18,0,0,0,0,0,0,0,1,6,1,35,6,-1,-1,-1,8,1
2014450020080,1,9,0,18,0,0,0,0,0,0,2,1,6,2,45,7,1299,1,12,10,1
2014450020080,2,19,0,18,0,0,0,0,0,0,1,1,6,1,36,7,1998,2,11,2,1
2014450020080,3,9,0,18,0,0,0,0,0,0,2,1,6,1,42,7,-1,-1,-1,3,1
2014450020082,1,9,0,9,0,6,0,0,0,0,4,1,6,3,-1,-1,-1,-1,-1,-1,-1
2014450020082,2,5,0,18,0,1,2,0,1,0,4,1,2,1,52,8,-1,-1,-1,9,1
2014450020085,1,9,0,18,0,5,0,0,0,0,1,1,6,1,83,11,1796,1,26,9,1
2014450020085,2,9,0,5,0,6,0,0,0,0,3,1,6,1,35,6,1596,1,14,6,1
2014450020086,1,19,0,18,0,8,0,0,0,0,1,1,6,1,39,7,1248,2,1,7,1
2014450020086,2,9,0,9,0,5,0,0,0,0,1,1,6,1,25,5,1149,1,11,8,1
2014450020087,1,9,0,18,0,4,0,0,0,0,1,1,6,1,46,8,1998,1,6,9,1
2014450020087,2,3,0,18,0,8,0,0,0,0,3,1,6,1,43,7,-1,-1,-1,2,1
2014450020092,1,1,0,9,0,8,0,0,0,0,1,1,2,1,47,8,-1,-1,-1,7,1
2014450020092,2,9,0,18,0,4,0,0,0,0,3,1,2,1,-1,-1,-1,-1,-1,-1,-1
2014450020101,1,9,0,17,0,2,1,10,2,3,1,1,6,1,88,11,1796,1,15,10,1
2014450020108,1,9,0,9,0,6,0,0,0,0,1,1,6,3,-1,-1,1360,1,11,-1,-1
2014450020108,2,9,0,3,0,1,0,0,0,0,2,1,6,1,61,9,1986,2,8,8,1
2014450020110,1,9,0,18,0,4,0,0,0,0,3,1,6,1,64,9,1596,1,7,8,1
2014450020110,2,1,0,18,0,8,0,0,0,0,1,1,6,1,54,8,-1,-1,-1,10,1
2014450020111,1,9,0,17,0,0,1,0,0,0,1,1,6,1,18,4,1328,1,4,9,1
2014450020111,2,9,0,16,0,0,0,0,0,0,1,1,6,1,56,9,2720,2,7,6,3
2014450020115,1,9,0,18,0,5,0,0,0,0,1,1,6,1,20,4,-1,-1,-1,5,1
2014450020115,2,9,0,4,0,1,0,0,0,0,2,1,6,2,43,7,1598,2,-1,10,1
2014450020115,3,9,0,4,0,1,0,0,0,0,2,1,6,3,-1,-1,998,1,-1,10,1
2014450020115,4,9,0,10,0,1,0,0,0,0,2,1,6,2,31,6,1973,1,16,5,1
2014450020116,1,20,0,4,0,0,0,0,0,0,1,1,1,1,50,8,6692,2,2,8,1
2014450020116,2,19,0,4,0,0,0,0,0,0,2,1,1,1,77,11,1995,2,1,4,1
2014450020116,3,9,0,3,0,0,0,0,0,0,2,1,2,2,70,10,998,1,1,5,1
2014450020117,1,9,0,4,0,0,0,0,0,0,1,1,2,1,23,5,1198,1,7,4,2
2014450020117,2,9,0,18,0,0,0,0,0,0,2,1,6,2,59,9,1587,1,8,5,2
2014450020120,1,9,0,18,0,0,0,0,0,0,1,1,6,1,20,4,998,1,3,10,2
2014450020122,1,9,0,18,0,0,0,0,0,0,1,1,6,1,32,6,1341,1,10,5,1
2014450020122,2,9,0,18,0,0,0,0,0,0,2,1,6,1,67,10,-1,-1,-1,10,1
2014450020122,3,9,0,18,0,0,0,0,0,0,2,1,6,2,-1,-1,1984,1,13,7,1
2014450020122,4,9,0,18,0,0,0,0,0,0,2,1,6,1,46,8,1968,2,7,10,1
2014450020124,1,9,0,4,0,1,0,0,0,0,4,1,2,2,34,6,999,1,-1,4,1
2014450020127,1,4,0,17,0,0,1,10,1,10,1,1,6,1,33,6,124,1,10,7,1
2014450020127,2,9,0,17,0,0,0,0,0,0,0,1,3,2,-1,-1,1560,2,4,8,1
2014450020132,1,9,0,18,0,1,0,0,0,0,0,1,6,1,30,6,1968,2,4,8,1
2014450020138,1,9,0,11,0,0,0,0,0,0,2,1,6,2,42,7,1998,1,10,10,1
2014450020138,2,9,0,18,0,0,0,0,0,0,1,1,6,2,34,6,1984,1,19,5,1
2014450020138,3,9,0,4,0,0,0,0,0,0,1,1,6,2,79,11,1598,1,12,9,1
2014450020138,4,9,0,18,0,0,0,0,0,0,1,1,6,2,19,4,1198,1,1,9,1
2014450020141,1,9,0,3,0,1,0,0,0,0,1,1,6,2,36,7,2497,2,11,9,1
2014450020141,2,9,0,9,0,5,0,0,0,0,1,1,6,2,35,6,1794,1,10,8,1
2014450020142,1,21,1,12,0,0,0,0,0,0,3,2,1,1,40,7,-1,-1,-1,-1,-1
2014450020142,2,9,0,18,0,0,0,0,0,0,3,1,6,2,59,9,1798,1,5,8,2
2014450020144,1,9,0,1,0,0,0,0,0,0,0,1,6,2,28,6,1968,2,7,6,1
2014450020147,1,9,0,18,0,0,1,0,0,0,1,1,6,1,77,11,1388,1,4,8,1
2014450020147,2,9,0,3,0,0,0,0,0,0,2,1,6,1,76,11,1596,1,3,10,1
2014450020148,1,9,0,18,0,1,0,0,0,0,0,1,6,3,-1,-1,-1,-1,-1,-1,-1
2014450020149,1,9,0,3,0,1,0,0,0,0,2,1,6,2,43,7,1968,2,1,10,1
2014450020149,2,9,0,18,0,1,0,0,0,0,1,1,6,1,54,8,2993,2,2,9,3