Accident_Index,Vehicle_Reference,Vehicle_Type,Towing_and_Articulation,Vehicle_Manoeuvre,Vehicle_Location-Restricted_Lane,Junction_Location,Skidding_and_Overturning,Hit_Object_in_Carriageway,Vehicle_Leaving_Carriageway,Hit_Object_off_Carriageway,1st_Point_of_Impact,Was_Vehicle_Left_Hand_Drive?,Journey_Purpose_of_Driver,Sex_of_Driver,Age_of_Driver,Age_Band_of_Driver,Engine_Capacity_(CC),Propulsion_Code,Age_of_Vehicle,Driver_IMD_Decile,Driver_Home_Area_Type
2014450020150,1,9,0,18,0,1,1,0,1,0,1,1,6,1,38,7,2148,2,8,4,1
2014450020150,2,9,0,18,0,6,1,0,7,0,4,1,2,1,29,6,1753,2,11,-1,1
2014450020151,1,9,0,4,0,1,0,0,0,0,2,1,6,2,45,7,2993,2,2,10,1
2014450020151,2,9,0,18,0,1,0,0,0,0,1,1,6,1,40,7,2198,1,8,6,1
2014450020152,1,9,0,18,0,1,2,0,8,0,1,1,6,1,17,4,1390,1,5,8,3
2014450020155,1,9,0,5,0,3,0,0,7,11,4,1,6,2,88,11,1397,1,7,7,3
2014450020155,2,9,0,17,0,1,0,0,0,0,1,1,6,2,43,7,1598,2,3,10,2
2014450020155,3,9,0,3,0,1,0,0,0,0,1,1,1,1,32,6,-1,-1,-1,8,3
2014450020155,4,9,0,3,0,1,0,0,0,0,4,1,6,1,34,6,2149,2,6,7,3
2014450020156,1,9,0,16,0,1,0,0,0,0,1,1,6,2,65,9,1596,1,13,9,3
2014450020156,2,9,0,7,0,7,0,0,0,0,1,1,6,1,65,9,1398,2,8,7,1
2014450020157,1,3,0,18,0,1,0,0,0,0,1,1,6,1,18,4,124,1,6,9,1
2014450020157,2,9,0,9,0,6,0,0,0,0,3,1,6,2,71,10,1339,1,5,10,1
2014450020158,1,9,0,18,0,3,0,0,0,0,4,1,6,2,40,7,1995,1,1,6,1
2014450020158,2,9,0,9,0,3,0,0,0,0,4,1,6,2,21,5,1229,1,6,10,1
2014450020159,1,9,0,18,0,0,1,11,7,0,1,1,2,1,65,9,1988,1,11,9,1
2014450020161,1,9,0,3,0,1,0,0,0,0,2,1,6,2,17,4,1149,1,7,10,1
2014450020161,2,9,0,18,0,1,0,0,0,0,1,1,6,2,-1,-1,1299,1,15,7,1
2014450020162,1,1,0,18,9,0,0,0,0,0,1,1,6,3,-1,-1,-1,-1,-1,-1,-1
2014450020163,1,5,0,18,0,1,0,0,0,0,1,1,6,1,37,7,582,1,1,9,1
2014450020164,1,9,0,5,0,1,0,0,0,0,1,1,6,1,73,10,1994,2,14,10,1
2014450020164,2,9,0,18,0,1,0,0,0,0,1,1,6,2,30,6,1598,1,7,4,1
2014450020165,1,19,0,18,0,0,0,0,0,0,1,1,6,1,31,6,2461,2,14,10,1
2014450020165,2,9,0,18,0,0,0,0,0,0,1,1,6,3,-1,-1,-1,-1,-1,-1,-1
2014450020166,1,3,0,18,0,8,2,0,0,0,3,1,6,1,34,6,124,1,1,9,1
2014450020169,1,20,0,18,0,0,0,0,0,0,1,1,1,1,46,8,4580,2,6,6,1
2014450020169,2,9,0,3,0,0,0,0,0,0,2,1,1,1,53,8,1995,2,1,7,1
2014450020172,1,9,0,18,0,1,0,0,0,0,1,1,6,2,31,6,1339,1,9,9,1
2014450020172,2,1,0,18,0,1,0,0,0,0,3,1,6,2,24,5,-1,-1,-1,6,1
2014450020173,1,5,0,18,0,0,1,0,0,0,1,1,2,2,34,6,645,1,14,8,1
2014450020174,1,9,0,18,0,0,0,0,0,0,1,1,6,2,25,5,1199,1,12,3,1
2014450020180,1,9,0,16,0,1,0,0,0,0,1,1,1,1,27,6,1968,2,5,7,1
2014450020180,2,9,0,17,0,1,0,0,1,10,2,1,1,2,55,8,1598,1,3,8,1
2014450020183,1,9,0,3,0,1,0,0,0,0,2,1,6,2,59,9,1240,1,4,10,1
2014450020183,2,9,0,4,0,1,0,0,0,0,1,1,6,1,-1,-1,1242,1,2,5,1
2014450020191,1,2,0,18,0,1,0,0,0,0,1,1,6,1,21,5,49,1,14,6,1
2014450020191,2,9,0,4,0,1,0,0,0,0,2,1,6,1,51,8,2400,2,23,9,1
2014450020192,1,20,0,4,0,0,0,0,0,0,1,1,1,1,33,6,7698,2,-1,4,1
2014450020192,2,9,0,4,0,0,0,0,0,0,2,1,6,2,59,9,1299,1,9,7,3
2014450020194,1,19,0,18,0,1,0,0,0,0,1,1,1,1,19,4,1995,2,3,10,1
2014450020194,2,9,0,10,0,5,0,0,0,0,2,1,2,1,28,6,1149,1,9,10,1
2014450020199,1,9,0,18,0,1,0,0,0,0,1,1,6,1,32,6,1587,1,16,4,1
2014450020199,2,9,0,4,0,1,0,0,0,0,2,1,6,1,22,5,3387,1,8,8,3
2014450020203,1,2,0,4,0,0,0,0,0,0,1,1,6,2,53,8,124,1,10,5,1
2014450020204,1,9,0,9,0,0,0,0,0,0,2,1,6,1,20,4,1396,1,10,9,1
2014450020204,2,9,0,4,0,0,0,0,0,0,1,1,1,1,25,5,-1,-1,-1,9,1
2014450020206,1,9,0,18,0,1,0,0,0,0,3,1,6,3,-1,-1,-1,-1,-1,-1,-1
2014450020207,1,9,0,18,0,1,0,0,0,0,3,1,6,2,73,10,1149,1,16,8,1
2014450020207,2,9,0,18,0,1,0,0,0,0,4,1,6,2,66,10,1798,1,7,10,2
2014450020207,3,9,0,18,0,1,0,0,0,0,1,1,6,1,50,8,1995,2,2,5,1
2014450020208,1,9,0,18,0,1,0,0,0,0,1,1,6,2,50,8,-1,-1,-1,10,1
2014450020208,2,9,0,4,0,1,0,0,0,0,2,1,6,2,33,6,2499,2,10,10,1
2014450020209,1,9,0,18,0,0,0,0,0,0,2,1,6,1,28,6,1124,1,13,4,1
2014450020209,2,9,0,18,0,0,0,0,0,0,1,1,6,1,-1,-1,1596,1,5,-1,-1
2014450020212,1,9,0,18,0,0,0,0,0,0,1,1,6,2,42,7,1598,1,4,10,1
2014450020212,2,9,0,18,0,0,0,0,0,0,1,1,6,2,55,8,1229,1,8,10,1
2014450020214,1,9,0,3,0,0,0,0,0,0,2,1,6,2,23,5,1598,1,9,8,1
2014450020214,2,9,0,18,0,0,0,0,0,0,1,1,6,1,-1,-1,1149,1,18,3,1
2014450020214,3,9,0,18,0,0,0,0,0,0,1,1,6,1,-1,-1,1360,1,18,9,1
2014450020228,1,9,0,18,0,8,0,0,0,0,3,1,6,2,32,6,2967,2,2,10,1
2014450020228,2,9,0,18,0,8,1,4,0,0,1,1,6,1,67,10,998,1,6,10,1
2014450020228,3,9,0,2,0,1,0,0,0,0,1,1,6,3,-1,-1,2960,1,21,-1,-1
2014450020232,1,9,0,16,0,0,1,0,7,0,1,1,6,1,34,6,1994,2,14,6,1
2014450020234,1,9,0,9,0,6,0,0,0,0,1,1,6,1,60,9,1796,1,11,10,1
2014450020234,2,9,0,9,0,5,0,0,0,0,3,1,2,1,22,5,1398,1,1,9,1
2014450020235,1,9,0,16,0,1,1,0,1,0,1,1,2,1,28,6,998,1,14,5,1
2014450020249,1,9,0,18,0,0,0,0,0,0,0,1,6,3,-1,-1,-1,-1,-1,-1,-1
2014450020252,1,9,0,16,0,0,2,0,8,0,1,1,6,1,27,6,1389,1,14,9,1
2014450020255,1,9,0,18,0,0,0,0,0,0,3,1,6,1,22,5,-1,-1,-1,10,1
2014450020255,2,19,0,11,0,0,0,0,0,0,4,1,6,1,32,6,2402,2,12,9,1
2014450020263,1,9,0,5,0,8,0,0,0,0,1,1,6,2,70,10,1988,1,14,9,3
2014450020263,2,9,0,18,0,1,0,0,7,0,1,1,6,1,55,8,3498,1,9,10,3
2014450020264,1,9,0,3,0,1,0,0,0,0,2,1,6,1,54,8,2996,1,7,10,1
2014450020264,2,19,0,18,0,1,0,0,0,0,1,1,6,1,-1,-1,1248,2,-1,-1,-1
2014450020268,1,9,0,18,0,8,0,0,0,0,1,1,2,1,20,4,1242,1,13,9,1
2014450020268,2,9,0,9,0,6,0,0,0,0,3,1,2,1,35,6,1995,1,10,4,1
2014450020269,1,9,0,18,0,1,0,0,0,0,3,1,6,2,29,6,1796,1,4,7,1
2014450020272,1,9,0,9,0,1,0,0,0,0,1,1,6,2,41,7,-1,-1,-1,10,1
2014450020272,2,9,0,18,0,1,1,0,4,6,3,1,6,2,48,8,1596,1,3,8,1
2014450020274,1,9,0,17,0,8,0,0,0,0,1,1,6,2,37,7,1390,1,11,4,1
2014450020274,2,9,0,9,0,5,0,0,0,0,1,1,6,2,37,7,1242,1,1,7,1
2014450020276,1,1,0,18,0,8,0,0,0,0,4,1,6,1,42,7,-1,-1,-1,10,1
2014450020276,2,9,0,18,0,4,0,0,0,0,1,1,6,1,38,7,1598,1,8,10,1
2014450020279,1,9,0,18,0,0,1,0,8,0,2,1,2,2,24,5,1598,1,8,9,1
2014450020279,2,21,1,18,0,0,0,0,0,0,2,1,1,3,-1,-1,-1,-1,-1,-1,-1
2014450020281,1,9,0,18,0,1,0,0,0,0,2,1,6,1,62,9,1596,1,8,10,1
2014450020281,2,9,0,18,0,1,0,0,0,0,1,1,6,3,-1,-1,-1,-1,-1,-1,-1
2014450020283,1,9,0,13,0,0,0,0,0,0,3,1,2,1,29,6,-1,-1,-1,7,1
2014450020283,2,1,0,18,0,0,0,0,0,0,2,1,1,1,51,8,-1,-1,-1,7,3
2014450020289,1,9,0,18,0,2,0,0,0,0,3,1,6,2,59,9,1341,1,11,10,1
2014450020289,2,9,0,2,0,2,0,0,0,0,4,1,6,2,19,4,1390,1,13,5,3
2014450020290,1,90,0,18,0,1,0,0,7,0,1,1,1,1,34,6,9290,2,2,10,1
2014450020292,1,9,0,13,0,1,0,0,7,0,1,1,6,1,18,4,1198,1,4,6,3
2014450020292,2,9,0,9,0,1,0,0,0,0,3,1,6,1,63,9,1598,1,13,10,3
2014450020293,1,9,0,9,0,1,0,0,0,0,1,1,6,1,84,11,1119,1,20,8,1
2014450020293,2,9,0,18,0,1,1,0,0,0,1,1,2,2,58,9,1598,1,7,3,1
2014450020294,1,9,0,18,0,1,1,0,0,0,0,1,6,2,20,4,1124,1,14,6,1
2014450020294,2,9,0,18,0,1,1,0,1,11,1,1,6,2,23,5,1124,1,13,2,1
2014450020294,3,9,0,18,0,1,1,0,0,0,0,1,6,2,43,7,1998,1,9,10,1
2014450020296,1,9,0,9,0,1,0,0,0,0,1,1,6,2,75,10,1299,1,15,10,1
2014450020296,2,9,0,18,0,1,0,0,0,0,4,1,6,1,45,7,2720,2,6,10,1
2014450020298,1,9,0,11,0,0,0,0,0,0,1,1,2,2,49,8,1360,1,15,6,3
2014450020298,2,1,0,18,0,0,5,0,0,0,2,1,2,1,33,6,-1,-1,-1,10,3
2014450020300,1,9,0,16,0,0,1,0,0,0,2,1,6,1,-1,-1,2393,1,13,-1,-1
2014450020300,2,9,0,17,0,0,2,0,0,0,3,1,6,1,20,4,2495,2,18,8,3
2014450020306,1,1,0,18,0,0,1,0,0,0,1,1,6,1,41,7,-1,-1,-1,10,3
2014450020309,1,9,0,18,0,1,0,0,0,0,1,1,6,1,78,11,1984,1,7,8,1
2014450020309,2,1,0,3,0,1,0,0,0,0,1,1,6,1,53,8,-1,-1,-1,9,1
2014450020310,1,21,1,11,0,0,0,0,0,0,1,1,1,1,49,8,10518,2,6,8,1
2014450020310,2,9,0,18,0,0,0,0,0,0,2,1,6,1,67,10,-1,-1,-1,5,1
2014450020311,1,9,0,11,0,0,1,0,0,0,1,1,2,1,23,5,1388,1,10,8,1
2014450020312,1,9,0,5,0,1,0,0,0,0,1,1,6,1,21,5,1598,1,10,5,1
2014450020334,1,19,0,4,0,0,1,0,0,0,1,1,6,1,26,6,2148,2,8,3,1
2014450020334,2,9,0,4,0,0,0,0,0,0,2,1,2,2,46,8,1198,1,3,2,1
2014450020334,3,9,0,4,0,0,0,0,0,0,2,1,6,1,47,8,2000,1,9,8,1
2014450020336,1,9,0,18,0,2,0,0,0,0,1,1,6,1,66,10,1596,1,11,6,1
2014450020336,2,9,0,18,0,2,0,0,0,0,1,1,6,2,27,6,1685,2,-1,8,1
2014450020336,3,9,0,18,0,2,0,0,0,0,0,1,6,1,24,5,1598,1,9,6,3
2014450020337,1,9,0,18,0,0,2,11,4,4,3,1,6,2,32,6,1198,1,11,9,3
2014450020337,2,9,0,18,0,0,0,0,0,0,3,1,2,2,31,6,1527,2,13,8,3
2014450020337,3,9,0,18,0,0,0,11,0,0,1,1,2,2,53,8,1995,2,1,8,3
2014450020337,4,19,0,18,0,0,0,11,0,0,1,1,2,1,42,7,-1,-1,-1,9,1
2014450020337,5,9,0,18,0,0,0,11,0,0,1,1,2,1,37,7,-1,3,-1,10,1
2014450020337,6,9,0,18,0,0,0,0,0,0,0,1,1,1,49,8,1399,2,7,5,1
2014450020337,7,9,0,18,0,0,0,0,0,0,0,1,6,2,31,6,1368,1,3,9,3
2014450020337,8,9,0,18,0,0,0,0,0,0,1,1,6,1,76,11,1390,1,2,10,2
2014450020339,1,9,0,3,0,1,0,0,0,0,2,1,6,2,49,8,1242,1,10,10,3
2014450020339,2,9,0,18,0,1,0,0,0,0,1,1,6,1,73,10,3200,1,15,8,1
2014450020343,1,9,0,3,0,1,0,0,0,0,2,1,6,2,75,10,998,1,-1,10,1
2014450020343,2,9,0,3,0,1,0,0,0,0,2,1,6,1,-1,-1,-1,-1,-1,-1,-1
2014450020343,3,9,0,18,0,1,0,0,0,0,1,1,6,3,-1,-1,-1,-1,-1,-1,-1
2014450020344,1,9,0,17,0,1,0,0,0,0,4,1,2,2,25,5,1149,1,7,5,1
2014450020344,2,21,1,17,0,1,0,0,0,0,2,1,1,1,-1,-1,12419,2,2,9,1
2014450020345,1,1,0,5,0,8,0,0,0,0,1,1,6,1,55,8,-1,-1,-1,9,1
2014450020345,2,9,4,5,0,8,0,0,0,0,0,1,6,3,-1,-1,-1,-1,-1,-1,-1
2014450020348,1,1,0,18,0,8,0,0,0,0,3,1,6,1,44,7,-1,-1,-1,6,1
2014450020351,1,9,0,18,0,0,0,0,1,0,1,1,6,2,35,6,1997,1,12,9,1
2014450020353,1,9,0,7,0,1,0,0,0,0,4,1,6,2,53,8,1997,2,7,9,1
2014450020353,2,1,0,18,0,8,0,0,0,0,0,1,6,1,58,9,-1,-1,-1,9,1
2014450020354,1,9,0,1,0,5,0,0,0,0,2,1,6,1,64,9,1590,1,11,8,3
2014450020357,1,9,0,16,0,0,1,0,0,0,1,1,6,1,21,5,1242,1,13,6,1
2014450020357,2,9,0,17,0,0,0,0,0,0,1,1,6,1,25,5,1956,2,5,8,1
2014450020358,1,5,0,5,0,4,0,0,0,0,2,1,6,1,49,8,1198,1,-1,6,1
2014450020358,2,9,0,7,0,4,0,0,0,0,1,1,6,1,-1,-1,1598,2,2,5,1
2014450020359,1,9,0,18,0,0,0,0,0,0,1,1,6,2,79,11,1598,1,13,8,1
2014450020359,2,9,0,5,0,0,0,0,0,0,2,1,6,1,34,6,1968,2,-1,9,1
2014450020359,3,9,0,5,0,0,0,0,0,0,2,1,6,1,53,8,1596,1,3,10,1
2014450020361,1,9,0,4,0,0,0,0,0,0,1,1,1,1,19,4,1587,1,12,10,1
2014450020361,2,9,0,4,0,0,0,0,0,0,1,1,6,2,26,6,1598,1,7,7,1
2014450020364,1,11,0,18,0,0,0,0,0,0,1,1,1,1,54,8,6700,2,-1,5,1
2014450020366,1,9,0,16,0,0,1,0,1,0,1,1,2,2,33,6,1497,8,7,10,1
2014450020371,1,9,0,5,0,1,0,0,0,0,1,1,6,2,31,6,998,1,13,9,1
2014450020372,1,2,0,13,0,1,0,0,0,0,1,1,4,1,17,4,49,1,1,8,1
2014450020372,2,9,0,9,0,6,0,0,0,0,3,1,1,1,47,8,1598,1,4,10,1
2014450020374,1,21,1,18,0,0,0,0,0,0,0,1,1,1,39,7,10518,2,5,8,1
2014450020374,2,9,0,18,0,0,0,0,1,0,3,1,2,1,36,7,1490,1,6,10,1
2014450020375,1,9,0,18,0,0,0,0,0,0,1,1,6,2,83,11,-1,-1,-1,10,1
2014450020376,1,9,0,18,0,0,1,0,2,0,1,1,2,1,41,7,1870,2,11,6,1
2014450020376,2,9,0,18,0,0,1,0,5,0,1,1,6,2,28,6,1596,1,19,9,1
2014450020378,1,9,0,2,0,0,0,0,0,0,1,1,2,2,34,6,1596,1,8,5,1
2014450020378,2,9,0,18,0,0,0,4,0,0,3,1,3,1,38,7,4398,1,10,10,1
2014450020381,1,9,0,5,0,0,0,0,0,0,4,1,6,2,22,5,998,1,2,8,1
2014450020381,2,9,0,15,0,0,0,0,0,0,3,1,6,3,-1,-1,1399,1,8,6,1
2014450020382,1,9,0,5,0,0,0,0,0,0,1,1,6,2,49,8,1390,1,12,8,1
2014450020383,1,5,0,5,0,4,0,0,0,0,4,1,6,1,79,11,499,1,1,8,1
2014450020383,2,9,0,9,0,8,0,0,0,0,3,1,6,2,75,10,1248,1,4,7,3
2014450020385,1,9,0,1,0,6,0,0,0,0,0,1,6,1,44,7,1956,2,3,10,1
2014450020387,1,9,0,18,0,0,0,0,1,0,3,1,6,2,80,11,1590,1,9,6,1
2014450020388,1,9,0,3,0,1,0,0,0,0,2,1,6,1,53,8,-1,-1,-1,6,1
2014450020388,2,9,0,18,0,1,0,0,0,0,3,1,6,1,27,6,-1,-1,-1,4,1
2014450020389,1,9,0,18,0,0,2,0,1,0,1,1,6,2,70,10,1794,1,13,8,2
2014450020389,2,9,0,18,0,0,0,0,0,0,4,1,1,1,66,10,1598,2,1,8,2
2014450020390,1,9,0,18,0,0,0,0,0,0,4,1,6,2,22,5,1956,2,3,10,1
2014450020390,2,21,1,12,0,0,0,0,0,0,3,1,1,3,-1,-1,-1,-1,-1,-1,-1
2014450020392,1,9,0,18,0,0,0,4,0,0,1,1,6,1,23,5,2495,2,19,10,1
2014450020392,2,9,0,2,0,0,0,0,0,0,2,1,6,1,-1,-1,2191,2,1,9,1
2014450020394,1,9,0,18,0,0,0,0,0,0,0,1,1,1,30,6,1598,2,-1,4,1
2014450020394,2,9,0,4,0,0,0,0,0,0,2,1,6,1,57,9,995,1,1,3,1
2014450020394,3,9,0,18,0,0,0,0,0,0,1,1,6,1,45,7,1984,1,4,-1,1
2014450020394,4,9,0,4,0,0,0,0,0,0,2,1,6,1,53,8,1461,2,-1,10,1
2014450020394,5,9,0,18,0,0,0,0,0,0,0,1,6,2,25,5,1968,2,10,7,3
2014450020394,6,9,0,11,0,0,0,0,0,0,0,1,2,1,18,4,1598,1,7,5,2
2014450020396,1,9,0,17,0,1,0,0,0,0,3,1,1,2,42,7,-1,-1,-1,10,1
2014450020396,2,9,0,16,0,1,0,0,0,0,3,1,6,3,-1,-1,-1,-1,-1,-1,-1
2014450020397,1,9,0,11,0,0,0,0,0,0,3,1,1,1,32,6,-1,-1,-1,5,2
2014450020397,2,3,0,18,0,0,1,0,0,0,1,1,1,1,27,6,125,1,-1,8,3
2014450020400,1,9,0,18,0,4,1,0,0,0,1,1,6,1,60,9,2088,2,16,8,1
2014450020400,2,9,0,9,0,3,0,0,0,0,2,1,1,1,26,6,1560,2,2,7,1
2014450020401,1,9,0,18,0,0,1,0,1,4,1,1,6,1,30,6,1994,1,10,8,1
2014450020402,1,1,0,18,0,1,0,0,0,0,3,1,4,1,16,4,-1,-1,-1,9,3
2014450020402,2,9,0,18,0,1,0,0,0,0,4,1,6,3,-1,-1,-1,-1,-1,-1,-1
2014450020403,1,5,0,16,0,0,1,0,0,0,3,1,1,1,25,5,-1,-1,-1,10,1
2014450020403,2,9,0,17,0,0,0,0,0,0,3,1,1,1,35,6,998,1,-1,7,3
2014450020404,1,9,0,4,0,0,0,0,0,0,1,1,6,2,33,6,1995,2,13,10,1
2014450020404,2,9,0,4,0,0,0,0,0,0,2,1,6,1,49,8,2191,2,1,9,1
2014450020405,1,9,0,11,0,8,5,0,0,0,1,1,6,2,75,10,1396,1,-1,3,1
2014450020405,2,9,0,5,0,6,0,0,0,0,3,1,2,2,61,9,1968,2,4,9,1
2014450020407,1,9,0,9,0,4,0,0,0,0,1,1,2,1,39,7,1124,1,11,8,1
2014450020407,2,9,0,18,0,3,0,0,0,0,1,1,1,1,45,7,2488,2,5,3,1
2014450020408,1,9,0,18,0,1,0,0,0,0,3,1,6,1,47,8,-1,-1,-1,6,1
2014450020408,2,9,0,12,0,7,0,0,0,0,4,1,6,1,-1,-1,1796,1,8,5,1
2014450020409,1,9,0,18,0,0,1,4,8,0,1,1,2,2,64,9,999,1,-1,-1,1
2014450020409,2,9,0,2,0,0,0,0,0,0,2,1,2,1,59,9,1985,1,13,3,1
2014450020411,1,9,0,4,0,0,0,0,4,0,1,1,6,1,43,7,1560,2,8,8,3
2014450020411,2,9,0,18,0,0,0,0,0,0,2,1,6,1,32,6,2143,2,4,3,1
2014450020411,3,9,0,18,0,0,0,0,0,0,2,1,6,1,37,7,-1,-1,-1,8,1
2014450020411,4,9,0,18,0,0,0,0,0,0,1,1,6,1,26,6,-1,-1,-1,9,1
2014450020412,1,9,0,16,0,0,0,0,1,9,3,1,1,1,52,8,1598,2,1,9,1
2014450020412,2,9,0,17,0,0,0,0,0,0,3,1,6,3,-1,-1,-1,-1,-1,-1,-1
2014450020413,1,9,0,18,0,0,1,0,0,0,3,1,1,2,24,5,1149,1,11,10,3
2014450020414,1,9,0,16,0,0,1,0,0,0,4,1,6,1,28,6,1997,1,11,8,1
2014450020416,1,9,0,18,0,1,0,0,0,0,1,1,6,2,52,8,1997,2,1,8,3
2014450020416,2,9,0,8,0,1,0,0,0,0,2,1,6,1,67,10,1997,2,12,6,2
2014450020424,1,9,0,18,0,0,0,0,0,0,2,1,6,2,33,6,1686,2,3,10,1
2014450020424,2,9,0,18,0,0,0,0,0,0,3,1,6,1,59,9,1995,2,6,7,1
2014450020424,3,9,0,12,0,0,0,0,0,0,1,1,6,2,20,4,1198,1,3,4,1
2014450020424,4,9,0,18,0,0,0,0,0,0,4,1,6,1,57,9,1582,2,1,7,1
2014450020426,1,9,0,16,0,0,0,0,1,0,1,1,6,1,42,7,2143,2,-1,10,1
2014450020426,2,9,0,17,0,0,0,0,1,0,1,1,6,1,58,9,1999,1,2,6,3
2014450020428,1,9,0,18,0,1,1,0,0,0,1,1,6,2,30,6,1560,2,4,9,1
2014450020428,2,9,0,10,0,1,0,0,1,0,2,1,6,2,17,4,1390,1,7,10,1
2014450020428,3,9,0,9,0,1,0,0,0,0,0,1,6,2,45,7,1242,1,15,7,1
2014450020428,4,9,0,18,0,1,0,0,0,0,0,1,2,2,67,10,1598,1,1,9,1
2014450020430,1,1,0,18,0,8,0,0,0,0,4,1,2,2,33,6,-1,-1,-1,8,1
2014450020430,2,9,0,7,0,6,0,0,0,0,3,1,6,3,-1,-1,-1,-1,-1,-1,-1
2014450020431,1,9,0,18,0,0,0,0,2,0,1,1,6,2,93,11,1299,1,14,10,1
2014450020434,1,3,0,18,0,8,0,0,2,0,3,1,2,2,22,5,-1,-1,-1,7,1
2014450020434,2,9,0,5,0,1,0,0,0,0,3,1,2,1,-1,-1,2993,2,-1,9,1
2014450020434,3,9,0,18,0,1,0,0,0,0,3,1,2,1,-1,-1,1997,1,-1,9,1
2014450020435,1,9,0,18,0,0,0,0,0,0,1,1,6,1,37,7,1896,2,13,7,1
2014450020435,2,9,0,5,0,0,0,0,0,0,3,1,2,1,82,11,1248,2,2,10,1
2014450020436,1,9,0,18,0,0,0,0,0,0,0,1,6,2,50,8,1598,1,12,9,1
2014450020436,2,9,0,18,0,0,0,0,0,0,2,1,6,2,20,4,1360,1,9,9,1
2014450020436,3,10,0,18,0,0,0,0,0,0,1,1,1,1,22,5,-1,-1,-1,2,1
2014450020436,4,9,0,18,0,0,0,0,0,0,0,1,6,3,-1,-1,-1,-1,-1,-1,-1
2014450020438,1,9,0,17,0,0,0,0,0,0,1,1,6,1,50,8,2143,2,-1,10,2
2014450020438,2,9,0,16,0,0,0,0,0,0,1,1,6,2,76,11,1498,1,8,10,3
2014450020439,1,9,0,18,0,0,0,0,0,0,1,1,1,1,40,7,-1,-1,-1,4,1
2014450020439,2,9,0,18,0,0,0,0,0,0,2,1,6,1,22,5,1910,2,5,5,1
2014450020440,1,19,0,9,0,6,0,0,0,0,1,1,1,1,22,5,2198,2,6,10,1
2014450020440,2,9,0,18,0,1,0,0,0,0,4,1,6,1,66,10,1461,2,1,9,2
2014450020441,1,9,0,18,0,0,1,0,0,0,1,1,1,1,21,5,998,1,17,10,1
2014450020441,2,1,0,12,0,0,0,0,0,0,3,1,6,1,60,9,-1,-1,-1,8,1
2014450020442,1,9,0,18,0,8,1,0,0,0,1,1,6,1,36,7,2495,2,17,10,3
2014450020442,2,9,0,18,0,8,0,0,0,0,1,1,6,1,68,10,1390,1,4,10,3
2014450020444,1,9,0,18,0,1,0,0,0,0,1,1,6,1,65,9,1364,1,9,7,1
2014450020444,2,9,0,5,0,6,0,0,0,0,3,1,2,2,36,7,998,1,5,9,1
2014450020445,1,9,0,5,0,4,0,0,0,0,1,1,6,2,43,7,1796,1,9,4,1
2014450020445,2,3,0,9,0,8,0,0,0,0,1,1,6,1,27,6,124,1,-1,4,1
2014450020446,1,9,0,18,9,0,0,0,7,4,1,1,2,1,33,6,-1,-1,-1,10,1
2014450020450,1,21,0,12,0,0,0,0,0,0,3,1,6,3,-1,-1,-1,-1,-1,-1,-1
2014450020450,2,9,0,13,0,0,0,0,0,0,3,1,6,2,64,9,1896,2,10,10,1
2014450020457,1,9,0,18,0,0,0,4,0,0,1,1,1,1,21,5,1242,1,2,6,1
2014450020457,2,19,0,2,0,0,0,0,0,0,3,1,6,3,-1,-1,1968,2,4,10,1
2014450020466,1,9,0,18,0,1,0,0,0,0,3,1,6,1,30,6,1242,1,8,8,1
2014450020466,2,9,0,9,0,6,0,0,0,0,1,1,6,2,65,9,1329,1,5,6,1
2014450020470,1,9,0,16,0,0,0,0,0,0,1,1,1,1,52,8,796,1,12,8,3
2014450020470,2,19,0,17,0,0,0,0,0,0,1,1,6,1,-1,-1,2143,2,2,7,1
2014450020473,1,9,0,5,0,4,0,0,0,0,1,1,2,1,54,8,1753,2,11,10,1
2014450020473,2,5,0,9,0,8,5,0,0,0,2,1,2,1,31,6,1100,1,15,5,1
2014450020474,1,5,0,18,0,1,5,0,0,0,4,1,6,1,45,7,-1,-1,-1,6,1
2014450020474,2,9,0,12,0,1,0,0,0,0,3,1,6,3,-1,-1,-1,-1,-1,-1,-1
2014450020476,1,9,0,18,0,0,0,0,0,0,4,1,6,2,38,7,1798,1,10,5,1
2014450020477,1,9,0,18,0,1,1,0,0,0,1,1,6,1,33,6,1598,1,13,2,1
2014450020477,2,9,0,18,0,1,0,0,0,0,1,1,6,2,26,6,1560,2,5,5,1
2014450020482,1,9,0,5,0,6,0,0,0,0,3,1,6,1,43,7,1968,2,-1,10,1
2014450020482,2,5,0,18,0,8,0,0,0,0,1,1,6,1,33,6,-1,-1,-1,8,1
2014450020486,1,9,0,9,0,5,0,0,0,0,1,1,6,2,58,9,1198,1,9,4,2
2014450020486,2,9,0,18,0,8,0,0,0,0,1,1,6,2,34,6,1390,1,17,9,1
2014450020488,1,9,0,18,0,0,5,0,1,0,1,1,6,1,44,7,1360,1,10,3,1
2014450020488,2,9,0,18,0,0,0,0,0,0,0,1,6,2,44,7,1968,2,5,10,1