Accident_Index,Vehicle_Reference,Vehicle_Type,Towing_and_Articulation,Vehicle_Manoeuvre,Vehicle_Location-Restricted_Lane,Junction_Location,Skidding_and_Overturning,Hit_Object_in_Carriageway,Vehicle_Leaving_Carriageway,Hit_Object_off_Carriageway,1st_Point_of_Impact,Was_Vehicle_Left_Hand_Drive?,Journey_Purpose_of_Driver,Sex_of_Driver,Age_of_Driver,Age_Band_of_Driver,Engine_Capacity_(CC),Propulsion_Code,Age_of_Vehicle,Driver_IMD_Decile,Driver_Home_Area_Type
2014450022650,1,9,0,18,0,3,0,0,0,0,3,1,1,1,35,6,1998,2,5,6,1
2014450022650,2,98,1,18,0,3,0,0,0,0,4,2,1,1,51,8,-1,-1,-1,-1,-1
2014450023081,1,9,0,18,0,1,0,0,0,0,4,1,5,2,87,11,-1,-1,-1,9,1
2014450023081,2,9,0,9,0,1,0,0,0,0,1,1,1,1,25,5,-1,-1,-1,5,1
2014460236291,1,8,0,18,0,0,0,0,0,0,1,1,1,1,28,6,1598,2,1,-1,1
2014460236291,2,8,0,2,0,0,0,0,0,0,0,1,1,1,44,7,2499,2,2,5,1
2014460236378,1,9,0,18,0,7,0,0,0,0,0,1,2,1,19,4,-1,-1,-1,5,1
2014460236390,1,9,0,13,0,0,0,0,5,6,1,1,2,1,57,9,1910,2,9,6,1
2014460236399,1,9,0,18,6,0,0,0,0,0,1,1,6,1,54,8,1596,1,10,7,1
2014460236399,2,21,1,2,6,0,0,0,0,0,2,1,1,1,49,8,5900,2,7,10,1
2014460236406,1,9,0,18,0,0,0,0,0,0,4,1,6,3,-1,-1,-1,-1,-1,-1,-1
2014460236422,1,9,0,18,0,0,2,0,7,6,3,1,6,1,40,7,1870,2,9,-1,1
2014460236431,1,9,0,18,0,0,0,0,0,0,2,1,6,1,59,9,1995,2,8,8,3
2014460236461,1,9,0,18,0,6,0,0,0,0,1,1,6,3,-1,-1,-1,-1,-1,-1,-1
2014460236481,1,9,0,4,7,0,0,0,0,0,4,1,6,1,76,11,1390,1,3,9,3
2014460236502,1,9,0,18,0,0,0,0,0,0,1,1,6,1,26,6,-1,-1,-1,5,1
2014460236521,1,9,0,18,0,1,0,0,0,0,3,1,6,2,48,8,1997,2,2,-1,1
2014460236522,1,9,0,15,0,0,0,0,0,0,4,1,6,1,35,6,1995,2,9,4,1
2014460236522,2,9,0,18,0,0,0,0,0,0,1,1,2,2,42,7,1598,1,11,4,1
2014460236539,1,9,0,18,0,0,1,0,0,0,1,1,6,1,28,6,1998,1,14,-1,-1
2014460236539,2,9,0,18,0,0,0,0,0,0,2,1,6,2,50,8,-1,-1,-1,10,1
2014460236558,1,9,0,9,0,8,0,0,0,0,1,1,6,2,19,4,998,1,13,5,1
2014460236572,1,9,0,5,0,4,0,0,0,0,3,1,6,2,49,8,-1,-1,-1,1,1
2014460236572,2,9,0,18,0,8,1,0,0,0,1,1,6,1,26,6,1364,1,8,3,1
2014460236580,1,1,0,18,0,0,0,0,0,0,0,1,6,1,67,10,-1,-1,-1,5,1
2014460236585,1,9,0,14,0,0,0,0,0,0,1,1,6,1,-1,-1,-1,-1,-1,5,1
2014460236585,2,9,0,18,0,0,0,0,0,0,1,1,6,2,35,6,1995,2,10,2,2
2014460236603,1,9,0,18,0,0,1,0,0,0,1,1,6,2,65,9,1349,1,14,1,1
2014460236608,1,9,0,18,0,0,0,0,0,0,1,1,1,1,25,5,1362,1,2,2,1
2014460236610,1,9,0,1,0,1,0,10,0,0,2,1,6,1,80,11,1598,1,7,5,1
2014460236611,1,19,0,18,0,0,0,0,0,0,1,1,6,3,-1,-1,-1,-1,-1,-1,-1
2014460236612,1,4,0,18,0,0,0,11,0,0,1,1,1,1,18,4,-1,-1,-1,5,1
2014460236615,1,9,0,13,0,0,0,10,7,0,1,1,6,1,31,6,-1,-1,-1,1,1
2014460236615,2,9,0,9,0,0,0,0,0,0,3,1,1,2,21,5,1242,1,9,4,1
2014460236617,1,9,0,18,0,2,0,0,0,0,1,1,6,1,18,4,1360,1,9,5,2
2014460236621,1,9,0,18,0,7,0,4,0,0,1,1,6,2,17,4,-1,-1,-1,6,1
2014460236621,2,19,0,2,0,1,0,0,0,0,2,1,6,1,47,8,2402,2,6,-1,-1
2014460236622,1,9,0,9,0,1,0,0,0,0,1,1,6,2,45,7,2401,2,9,9,3
2014460236622,2,9,0,18,0,6,0,0,0,0,1,1,6,2,25,5,1587,1,15,10,3
2014460236625,1,9,0,18,0,0,0,0,1,9,4,1,6,1,21,5,1596,1,5,3,2
2014460236627,1,9,0,18,0,2,0,0,0,0,1,1,6,2,46,8,-1,-1,-1,-1,3
2014460236627,2,1,0,18,9,2,0,0,0,0,1,1,6,1,16,4,-1,-1,-1,-1,3
2014460236629,1,9,0,4,0,0,0,0,0,0,1,1,6,1,47,8,1598,1,13,10,1
2014460236629,2,9,0,4,0,0,0,0,0,0,1,1,6,1,51,8,2351,1,11,6,1
2014460236629,3,9,0,4,0,0,0,0,0,0,1,1,6,2,24,5,1242,1,4,5,1
2014460236629,4,9,0,4,0,0,0,0,0,0,2,1,6,2,41,7,1248,1,3,9,1
2014460236629,5,9,0,4,0,0,0,0,0,0,1,1,6,1,22,5,2993,2,7,10,2
2014460236634,1,9,0,18,0,0,0,0,0,0,4,1,6,1,75,10,2400,2,4,10,1
2014460236640,1,9,0,18,0,0,1,0,1,4,1,1,2,1,43,7,5000,1,1,8,1
2014460236643,1,9,0,18,0,0,0,0,0,0,1,1,6,3,-1,-1,-1,-1,-1,-1,-1
2014460236646,1,9,0,14,0,0,0,0,0,0,1,1,6,2,21,5,1360,1,13,7,1
2014460236659,1,9,0,5,0,1,0,0,0,0,4,1,6,1,18,4,1198,1,10,8,1
2014460236659,2,1,0,7,0,8,0,0,0,0,1,1,6,1,30,6,-1,-1,-1,5,1
2014460236667,1,9,0,18,0,1,0,0,0,0,1,1,6,2,68,10,1598,1,14,1,1
2014460236669,1,9,0,18,0,0,1,0,8,6,1,1,6,2,65,9,-1,-1,-1,-1,1
2014460236673,1,9,0,18,0,0,1,0,1,4,1,1,6,1,23,5,1668,1,12,-1,-1
2014460236674,1,9,0,18,0,1,1,0,0,0,1,1,6,2,57,9,1229,1,1,3,1
2014460236674,2,9,0,18,0,1,0,0,0,0,1,1,6,1,63,9,1364,1,4,7,1
2014460236676,1,9,0,18,0,0,1,0,8,10,1,1,6,2,22,5,1598,1,2,9,1
2014460236678,1,9,0,4,0,0,0,0,0,0,1,1,1,1,38,7,1994,2,10,5,1
2014460236678,2,9,0,3,0,0,0,0,0,0,2,1,1,1,33,6,2993,2,4,-1,3
2014460236679,1,9,0,9,0,6,0,0,0,0,4,1,6,2,32,6,1149,1,1,-1,-1
2014460236679,2,4,0,18,0,8,0,0,0,0,1,1,6,1,45,7,124,1,3,-1,-1
2014460236681,1,2,0,18,0,0,1,0,0,0,0,1,1,1,19,4,49,1,13,7,3
2014460236683,1,9,0,18,0,0,1,0,4,0,3,1,6,2,32,6,1995,2,3,5,1
2014460236686,1,9,0,18,0,1,1,0,0,0,4,1,6,1,50,8,999,1,4,6,1
2014460236689,1,9,0,18,0,0,1,0,1,10,0,1,2,1,47,8,2000,2,8,9,1
2014460236690,1,9,0,18,0,0,0,0,0,0,1,1,6,2,34,6,-1,-1,-1,10,1
2014460236691,1,9,0,4,0,0,0,0,0,0,1,1,6,1,70,10,1997,2,11,3,2
2014460236691,2,9,0,1,0,0,0,0,0,0,3,1,6,1,60,9,2179,2,3,7,3
2014460236693,1,5,0,18,0,4,1,10,0,0,3,1,6,1,36,7,600,1,7,1,1
2014460236696,1,9,0,4,0,0,1,10,1,0,1,1,2,1,27,6,1242,1,7,6,1
2014460236696,2,9,0,18,0,0,0,0,0,0,3,1,6,1,54,8,998,1,1,6,1
2014460236697,1,9,0,16,0,7,1,0,0,0,1,1,6,2,44,7,-1,-1,-1,7,3
2014460236697,2,9,0,18,0,8,0,0,0,0,1,1,6,2,24,5,2148,2,5,10,1
2014460236706,1,9,0,4,0,1,0,0,0,0,3,1,6,1,20,4,-1,-1,-1,6,2
2014460236706,2,9,0,13,0,1,0,0,7,10,1,1,6,1,35,6,-1,-1,-1,3,2
2014460236711,1,9,0,10,0,8,0,0,0,0,1,1,6,2,29,6,1595,1,7,4,1
2014460236711,2,9,0,18,0,1,0,0,0,0,1,1,6,1,44,7,3498,1,14,7,1
2014460236711,3,11,0,8,0,1,0,0,0,0,2,1,1,1,28,6,-1,-1,-1,7,2
2014460236717,1,9,0,4,0,0,0,0,0,0,2,1,1,1,58,9,1995,2,3,5,1
2014460236717,2,9,0,4,0,0,0,0,0,0,1,1,6,1,56,9,2967,2,1,10,1
2014460236717,3,9,0,4,0,0,0,0,0,0,2,1,6,2,21,5,1997,2,10,8,1
2014460236719,1,10,0,18,0,0,0,0,0,0,4,1,6,3,-1,-1,-1,-1,-1,-1,-1
2014460236721,1,9,0,18,0,1,0,0,0,0,0,1,6,3,-1,-1,-1,-1,-1,-1,-1
2014460236721,2,11,0,18,2,1,0,0,0,0,0,1,1,1,44,7,-1,-1,-1,5,1
2014460236722,1,3,0,7,0,5,2,0,1,0,0,1,6,1,26,6,124,1,1,2,1
2014460236723,1,9,0,18,0,0,0,0,1,0,1,1,6,2,30,6,1598,1,13,7,1
2014460236725,1,19,0,16,0,4,0,0,0,0,1,1,6,1,-1,-1,-1,-1,-1,-1,-1
2014460236725,2,9,0,16,0,4,0,0,0,0,2,1,6,2,19,4,1596,1,6,8,1
2014460236726,1,9,0,9,0,1,0,0,0,0,1,1,6,1,48,8,1995,2,11,6,3
2014460236726,2,9,0,18,0,1,0,0,0,0,1,1,6,2,30,6,1390,1,10,4,1
2014460236727,1,19,0,9,0,8,0,0,0,0,3,1,1,1,47,8,-1,-1,-1,-1,-1
2014460236727,2,9,0,18,0,1,0,0,0,0,1,1,6,1,65,9,796,1,15,6,1
2014460236728,1,9,0,18,0,1,0,0,0,0,1,1,6,3,-1,-1,-1,-1,-1,-1,-1
2014460236731,1,21,0,13,0,0,0,0,0,0,4,2,1,3,-1,-1,-1,-1,-1,-1,-1
2014460236731,2,9,0,18,0,0,0,0,0,0,1,1,6,1,71,10,2184,2,9,5,1
2014460236734,1,19,0,18,0,0,0,0,0,0,4,1,6,3,-1,-1,-1,-1,-1,-1,-1
2014460236737,1,3,0,18,0,4,1,0,0,0,0,1,2,2,31,6,125,1,1,-1,-1
2014460236739,1,9,0,18,0,0,0,0,0,0,0,1,6,1,67,10,3222,2,10,8,1
2014460236740,1,19,0,17,0,2,0,0,1,4,1,1,6,1,28,6,2402,2,6,7,1
2014460236742,1,9,0,4,0,0,0,0,0,0,1,1,6,2,19,4,1149,1,10,5,1
2014460236742,2,9,0,4,0,0,0,0,0,0,2,1,6,2,45,7,1598,1,7,9,1
2014460236743,1,9,0,18,0,1,0,0,0,0,1,1,6,1,20,4,1900,2,9,-1,-1
2014460236743,2,9,0,18,0,1,0,0,0,0,1,1,6,1,20,4,1299,1,12,5,1
2014460236746,1,9,0,18,0,8,0,0,0,0,1,1,6,2,42,7,1596,1,9,7,1
2014460236747,1,9,0,18,0,0,0,0,0,0,1,1,6,2,23,5,-1,-1,-1,1,1
2014460236747,2,9,0,3,0,0,0,0,0,0,2,1,6,2,21,5,-1,-1,-1,4,1
2014460236749,1,9,0,5,0,0,0,0,0,0,3,1,6,2,46,8,2429,7,9,4,1
2014460236749,2,9,0,18,0,0,0,0,0,0,4,1,6,1,53,8,1598,1,2,1,1
2014460236752,1,9,0,18,0,8,0,0,0,0,1,1,6,1,74,10,1493,1,17,4,1
2014460236752,2,9,0,4,0,8,0,0,0,0,2,1,6,1,27,6,1895,1,14,3,1
2014460236752,3,9,0,3,0,8,0,0,0,0,2,1,6,1,47,8,1400,1,7,9,1
2014460236752,4,9,0,3,0,8,0,0,0,0,2,1,6,2,21,5,1242,1,6,9,1
2014460236754,1,9,0,17,0,0,1,0,1,0,4,1,6,2,52,8,-1,-1,-1,4,3
2014460236757,1,9,0,18,0,0,1,0,0,0,4,1,1,1,23,5,998,1,1,-1,-1
2014460236759,1,9,0,18,0,0,0,0,1,7,1,1,6,1,28,6,1399,2,2,3,1
2014460236759,2,9,0,18,0,0,0,0,2,7,2,1,6,1,63,9,1248,1,2,9,1
2014460236763,1,9,0,9,0,5,0,0,0,0,1,1,6,1,86,11,1398,1,2,3,1
2014460236763,2,1,0,4,0,1,0,0,0,0,1,1,6,1,40,7,-1,-1,-1,-1,-1
2014460236763,3,9,0,18,0,2,0,0,3,0,3,1,6,1,60,9,1386,1,2,3,1
2014460236765,1,9,0,17,0,1,1,0,1,4,4,1,6,1,22,5,-1,-1,-1,-1,3
2014460236768,1,9,0,18,0,1,0,0,0,0,1,1,2,1,19,4,-1,-1,-1,6,3
2014460236768,2,9,0,9,0,5,0,0,0,0,3,1,1,2,38,7,-1,-1,-1,-1,-1
2014460236774,1,9,0,18,0,0,2,0,1,4,3,1,6,1,18,4,1299,1,13,5,2
2014460236777,1,9,0,18,0,0,1,0,0,0,4,1,2,2,30,6,2184,2,10,6,1
2014460236784,1,9,0,16,0,0,1,0,0,0,3,1,6,2,25,5,-1,-1,-1,-1,3
2014460236785,1,9,0,4,0,1,0,0,0,0,1,1,1,1,41,7,1560,2,2,2,1
2014460236785,2,9,0,4,0,1,0,0,0,0,2,1,6,2,30,6,998,1,1,-1,1
2014460236785,3,19,0,4,0,1,0,0,0,0,2,1,1,1,30,6,2198,2,7,7,2
2014460236787,1,9,0,18,0,1,0,0,0,0,4,1,6,1,53,8,1229,1,2,6,3
2014460236789,1,9,0,18,0,0,0,0,0,0,1,1,6,1,60,9,1968,2,1,6,2
2014460236789,2,9,0,18,0,0,0,0,0,0,2,1,6,2,38,7,1997,2,5,10,3
2014460236797,1,9,0,18,0,0,0,0,0,0,1,1,1,1,32,6,-1,-1,-1,6,3
2014460236797,2,9,0,4,0,0,0,0,0,0,2,1,6,2,35,6,1498,1,6,-1,-1
2014460236797,3,9,0,3,0,0,0,0,0,0,2,1,6,1,59,9,998,1,1,8,1
2014460236797,4,9,0,3,0,0,0,0,0,0,2,1,6,1,48,8,1798,1,2,-1,1
2014460236799,1,4,0,18,0,0,0,0,0,0,1,1,6,1,21,5,124,1,22,3,1
2014460236799,2,9,0,6,7,0,0,0,0,0,3,1,6,1,68,10,1998,1,11,5,3
2014460236807,1,9,0,16,0,1,0,0,0,0,4,1,6,1,71,10,1396,1,12,8,2
2014460236821,1,9,0,18,0,0,0,0,0,0,1,1,6,1,37,7,1598,1,1,4,1
2014460236822,1,9,0,1,0,6,0,0,0,0,4,1,6,1,33,6,1598,1,10,7,3
2014460236822,2,9,0,18,0,1,0,0,0,0,1,1,6,1,51,8,1998,1,15,2,1
2014460236827,1,9,0,18,0,0,0,0,1,7,1,1,6,1,62,9,1796,1,12,2,1
2014460236834,1,9,0,18,0,0,0,0,0,0,1,1,6,1,28,6,2261,1,8,9,2
2014460236841,1,9,0,9,0,8,0,0,0,0,4,1,1,1,31,6,1910,2,5,7,1
2014460236841,2,5,0,18,0,8,0,0,0,0,1,1,2,1,45,7,955,1,10,7,1
2014460236846,1,9,0,1,0,0,0,0,2,10,3,1,6,1,31,6,1968,2,8,10,2
2014460236846,2,9,0,17,0,0,0,0,0,0,1,1,6,2,43,7,1349,1,3,8,2
2014460236846,3,9,0,2,0,0,0,0,0,0,1,1,6,1,-1,-1,2498,2,20,9,3
2014460236846,4,9,0,3,0,0,0,0,0,0,1,1,6,1,56,9,1248,2,7,8,2
2014460236847,1,9,0,9,0,6,1,0,0,0,1,1,6,2,44,7,1248,1,2,8,1
2014460236847,2,9,0,18,0,1,1,0,0,0,3,1,6,2,29,6,2000,1,8,10,1
2014460236849,1,1,0,17,0,0,1,0,0,0,4,1,6,1,48,8,-1,-1,-1,6,1
2014460236855,1,9,0,18,0,0,0,0,0,0,1,1,6,2,24,5,2499,2,15,-1,-1
2014460236855,2,9,0,3,0,0,0,0,0,0,2,1,6,2,24,5,1124,1,12,1,1
2014460236858,1,9,0,7,0,8,0,0,0,0,0,1,6,3,-1,-1,-1,-1,-1,-1,-1
2014460236858,2,9,0,18,0,8,1,0,1,2,1,1,6,1,21,5,-1,-1,-1,2,1
2014460236860,1,9,0,18,0,8,0,0,0,0,1,1,3,2,18,4,998,1,8,8,3
2014460236860,2,9,0,9,0,2,0,0,0,0,1,1,3,2,48,8,1598,1,15,-1,-1
2014460236864,1,20,0,18,0,1,0,0,0,0,4,1,6,1,-1,-1,7790,2,7,-1,1
2014460236867,1,9,0,18,0,0,5,0,1,0,1,1,6,1,29,6,-1,-1,-1,5,1
2014460236869,1,9,0,18,0,0,0,0,0,0,3,1,6,3,-1,-1,-1,-1,-1,-1,-1
2014460236869,2,9,0,18,0,0,0,0,0,0,3,1,6,2,62,9,1150,1,7,7,3
2014460236870,1,9,0,18,0,0,2,0,0,0,4,1,1,2,45,7,-1,-1,-1,-1,-1
2014460236876,1,9,0,4,0,1,1,0,0,0,1,1,6,1,-1,-1,1997,2,2,9,2
2014460236876,2,9,0,3,0,1,0,0,0,0,2,1,6,2,24,5,1124,1,13,4,2
2014460236877,1,9,0,18,0,1,0,0,0,0,1,1,6,1,71,10,-1,-1,-1,-1,-1
2014460236877,2,9,0,9,0,2,0,0,0,0,1,1,6,1,58,9,-1,-1,-1,4,1
2014460236879,1,9,0,18,0,0,0,0,0,0,1,1,6,3,-1,-1,-1,-1,-1,-1,-1
2014460236882,1,9,0,18,0,0,1,0,0,0,1,1,6,1,66,10,1560,2,4,4,1
2014460236882,2,9,0,18,0,0,1,0,0,0,4,1,6,1,33,6,1229,1,6,7,3
2014460236883,1,20,0,18,0,0,2,0,1,0,4,1,1,1,52,8,-1,-1,-1,-1,-1
2014460236884,1,9,0,5,0,6,0,0,0,0,1,1,1,1,71,10,-1,-1,-1,-1,-1
2014460236884,2,20,4,18,0,1,0,0,0,0,3,1,1,1,38,7,-1,-1,-1,7,3
2014460236888,1,9,0,9,0,1,0,0,0,0,1,1,6,1,31,6,1596,1,14,8,3
2014460236888,2,3,0,18,0,8,0,0,0,0,1,1,6,1,18,4,124,1,9,8,3
2014460236890,1,4,0,18,0,1,1,0,0,0,3,1,6,1,17,4,125,1,12,8,1
2014460236890,2,9,0,10,0,1,0,0,0,0,2,1,6,1,32,6,1299,1,15,8,3
2014460236894,1,9,0,18,0,8,1,0,0,0,1,1,6,1,51,8,1199,1,10,-1,1
2014460236895,1,19,0,18,0,1,0,0,0,0,0,1,6,3,-1,-1,-1,-1,-1,-1,-1
2014460236896,1,9,0,9,0,6,0,0,0,0,1,1,6,1,23,5,1398,2,1,6,1
2014460236896,2,9,0,18,0,8,0,0,0,0,1,1,6,1,38,7,1686,2,9,4,1
2014460236898,1,9,0,18,0,0,1,0,0,0,1,1,6,2,51,8,1386,1,7,7,1
2014460236898,2,19,0,1,0,0,0,0,0,0,1,1,1,1,33,6,2402,2,7,6,1
2014460236899,1,9,0,9,0,1,0,0,0,0,1,1,6,2,23,5,-1,-1,-1,6,3
2014460236899,2,9,0,18,0,1,0,0,0,0,1,1,2,1,28,6,1242,1,2,9,1
2014460236902,1,9,0,18,0,1,0,0,0,0,1,1,6,2,20,4,1598,1,11,4,1
2014460236902,2,9,0,4,0,1,0,0,0,0,2,1,6,1,21,5,-1,-1,-1,4,1
2014460236906,1,9,0,18,0,0,1,0,0,0,1,1,1,1,42,7,-1,-1,-1,2,1
2014460236906,2,9,0,12,0,0,1,0,1,0,2,1,1,2,27,6,1242,1,11,-1,-1
2014460236907,1,9,0,18,0,2,1,0,0,0,1,1,6,1,45,7,-1,-1,-1,4,3
2014460236907,2,9,0,3,0,2,0,0,0,0,2,1,6,1,18,4,-1,-1,-1,9,1
2014460236908,1,9,0,16,0,0,0,4,0,0,1,1,6,2,25,5,698,1,11,5,1
2014460236908,2,9,0,2,0,0,0,4,0,0,2,1,6,1,59,9,-1,-1,-1,7,1
2014460236908,3,9,0,2,0,0,0,0,0,0,1,1,6,2,33,6,1248,2,4,7,3
2014460236910,1,9,0,17,0,0,1,0,1,9,4,1,1,1,25,5,1299,1,12,2,1
2014460236911,1,9,0,18,0,0,0,0,0,0,1,1,1,1,24,5,1905,2,16,-1,3
2014460236911,2,9,0,18,0,0,0,0,0,0,2,1,1,2,40,7,1388,1,5,6,2
2014460236911,3,9,0,3,0,0,0,0,0,0,2,1,1,1,47,8,-1,-1,-1,3,1
2014460236919,1,9,0,18,0,3,1,0,1,2,4,1,2,2,20,4,1598,1,1,-1,-1
2014460236926,1,9,0,18,0,8,0,0,0,0,1,1,6,2,45,7,2874,2,15,10,2
2014460236926,2,9,0,18,0,8,0,0,0,0,3,1,6,2,32,6,1598,1,11,10,2
2014460236928,1,21,1,18,0,0,3,0,5,6,1,1,1,1,50,8,-1,-1,-1,-1,-1
2014460236935,1,11,0,18,0,0,0,0,0,0,0,1,1,1,44,7,7300,2,10,3,1
2014460236935,2,1,0,18,0,0,0,0,0,0,0,1,6,1,27,6,-1,-1,-1,3,1
2014460236938,1,9,0,18,0,0,0,0,1,0,1,1,1,2,21,5,1560,2,2,1,1
2014460236938,2,9,0,18,0,0,0,0,7,0,2,1,1,2,50,8,1598,1,4,3,1
2014460236939,1,21,0,4,0,0,0,0,0,0,1,1,6,3,-1,-1,6370,2,6,-1,-1
2014460236939,2,9,0,4,0,0,0,0,0,0,2,1,2,2,59,9,2179,2,1,-1,-1
2014460236942,1,9,0,17,0,0,0,0,1,4,1,1,6,2,23,5,1598,1,3,7,3
2014460236943,1,19,0,18,0,1,1,0,0,0,1,1,6,1,56,9,4250,2,14,6,1
2014460236943,2,9,0,18,0,1,1,0,0,0,2,1,6,2,27,6,1596,1,11,8,1
2014460236943,3,9,0,18,0,1,1,0,0,0,2,1,6,2,19,4,1124,1,12,3,1
2014460236943,4,9,0,18,0,1,1,0,1,5,2,1,6,2,42,7,1781,1,13,7,1
2014460236943,5,11,0,18,0,1,1,0,0,0,2,1,1,1,51,8,7300,2,10,9,1
2014460236943,6,9,0,18,0,1,1,0,0,0,1,1,1,1,52,8,1997,2,6,3,1
2014460236943,7,1,0,18,0,1,1,10,1,0,1,1,6,1,21,5,-1,-1,-1,10,1
2014460236944,1,9,0,9,0,8,0,0,0,0,1,1,6,2,40,7,1956,2,3,-1,1
2014460236944,2,9,0,18,0,1,0,0,1,4,4,1,6,1,18,4,1149,1,16,9,1
2014460236945,1,9,0,4,0,5,0,0,0,0,1,1,1,1,24,5,-1,-1,-1,1,1
2014460236945,2,9,0,4,0,5,0,0,0,0,2,1,1,1,53,8,1798,8,1,-1,1
2014460236945,3,9,0,4,0,5,0,0,0,0,2,1,1,1,60,9,-1,-1,-1,5,1
2014460236945,4,9,0,4,0,5,0,0,0,0,2,1,1,1,61,9,-1,-1,-1,1,3
2014460236946,1,19,0,11,0,0,0,0,0,0,1,1,6,1,46,8,2402,2,5,2,1
2014460236946,2,9,0,4,0,0,0,0,0,0,2,1,6,1,43,7,1956,2,1,-1,-1
2014460236948,1,9,0,18,0,0,1,0,0,0,1,1,2,2,26,6,1587,1,12,-1,-1
2014460236948,2,9,0,18,0,0,0,0,0,0,2,1,2,1,32,6,998,1,4,-1,1
2014460236948,3,9,0,18,0,0,0,0,0,0,2,1,2,2,62,9,1598,1,4,-1,-1
2014460236949,1,9,0,18,0,0,2,0,1,7,1,1,6,1,27,6,-1,-1,-1,8,2
2014460236949,2,9,0,12,0,0,1,0,1,7,1,1,6,2,63,9,1368,1,2,9,1
2014460236952,1,9,0,7,0,6,0,0,0,0,3,1,6,3,-1,-1,-1,-1,-1,-1,-1
2014460236952,2,1,0,18,0,1,0,0,0,0,1,1,1,1,16,4,-1,-1,-1,6,3
2014460236958,1,9,0,18,0,4,0,0,0,0,3,1,6,1,41,7,1422,2,6,2,1
2014460236958,2,5,0,9,0,8,0,0,0,0,1,1,6,1,29,6,-1,-1,-1,7,1
2014460236960,1,19,0,7,0,8,0,0,0,0,1,1,6,3,-1,-1,-1,-1,-1,-1,-1
2014460236962,1,2,0,18,0,0,0,0,0,0,1,1,6,1,16,4,49,1,1,6,3
2014460236962,2,9,0,10,0,0,0,0,0,0,2,1,6,2,56,9,1389,1,10,6,3
2014460236963,1,5,0,18,0,1,1,0,0,0,1,1,6,1,21,5,599,1,13,6,1
2014460236963,2,9,0,9,0,8,0,0,0,0,2,1,6,2,34,6,1398,1,10,9,1
2014460236965,1,9,0,9,0,6,0,0,0,0,3,1,2,1,29,6,1910,2,7,2,1
2014460236965,2,1,0,18,0,8,0,0,0,0,1,1,2,1,31,6,-1,-1,-1,3,1
2014460236966,1,19,0,9,0,6,0,0,0,0,3,1,6,3,-1,-1,2496,2,15,-1,-1
2014460236966,2,9,0,18,0,1,0,0,7,2,1,1,6,1,65,9,1896,2,11,2,1
2014460236970,1,20,1,12,0,0,0,0,0,0,3,1,1,1,46,8,-1,-1,-1,-1,-1
2014460236970,2,9,0,18,0,0,0,0,0,0,4,1,6,1,53,8,1598,2,4,4,3
2014460236972,1,9,0,18,0,1,0,0,0,0,1,1,6,1,44,7,-1,-1,-1,8,1
2014460236972,2,9,0,3,0,1,0,0,0,0,2,1,6,2,58,9,-1,-1,-1,6,1
2014460236974,1,19,0,18,0,0,1,0,0,0,1,1,2,1,42,7,-1,-1,-1,6,3
2014460236974,2,19,0,18,0,0,1,0,0,0,1,1,2,1,28,6,2198,2,7,6,3
2014460236975,1,9,0,9,0,5,0,0,0,0,1,1,6,1,26,6,-1,-1,-1,-1,-1
2014460236975,2,1,0,18,0,1,0,0,0,0,3,1,6,1,20,4,-1,-1,-1,-1,-1
2014460236981,1,1,0,18,0,0,0,0,0,0,0,1,6,1,69,10,-1,-1,-1,9,1
2014460236983,1,9,0,17,0,0,0,0,1,10,1,1,2,1,32,6,2157,1,14,5,1
2014460236984,1,9,0,18,0,8,1,0,0,0,1,1,2,2,21,5,1527,2,17,8,3
2014460236984,2,20,0,4,0,6,0,0,0,0,2,1,2,1,49,8,-1,-1,-1,1,3
2014460236985,1,9,0,18,0,0,0,0,0,0,1,1,6,1,33,6,1995,2,12,9,1
2014460236985,2,9,0,4,0,0,0,0,0,0,2,1,6,2,34,6,1598,1,12,4,1
2014460236987,1,19,0,18,0,0,0,0,0,0,1,1,2,1,25,5,2198,2,3,6,1
2014460236987,2,3,0,18,0,0,1,0,1,0,2,1,2,1,44,7,125,1,3,6,1
2014460236988,1,9,0,9,0,6,0,0,0,0,3,1,6,2,28,6,1997,2,6,9,1
2014460236988,2,9,0,18,0,1,0,0,0,0,4,1,6,2,41,7,1995,2,3,-1,-1
2014460236989,1,3,0,18,0,0,1,0,1,7,4,1,2,1,24,5,124,1,9,4,1
2014460236990,1,9,0,18,0,1,0,0,0,0,1,1,6,1,35,6,-1,-1,-1,3,1
2014460236990,2,9,0,4,0,1,0,0,0,0,2,1,6,1,77,11,1560,2,3,3,1
2014460236991,1,9,0,18,0,3,0,4,0,0,1,1,6,2,24,5,998,1,2,-1,1
2014460236991,2,9,0,18,0,3,0,4,0,0,2,1,6,2,42,7,1596,1,9,6,3
2014460236991,3,9,0,4,0,3,0,0,0,0,3,1,6,1,42,7,-1,-1,-1,-1,-1
2014460236993,1,90,0,18,0,1,0,0,0,0,1,1,1,2,48,8,2987,2,4,6,3
2014460236993,2,9,0,18,0,8,0,0,0,0,4,1,6,2,68,10,1948,1,16,5,2
2014460236996,1,9,0,4,0,0,0,0,0,0,1,1,6,2,49,8,1781,1,11,9,1