Accident_Index,Vehicle_Reference,Vehicle_Type,Towing_and_Articulation,Vehicle_Manoeuvre,Vehicle_Location-Restricted_Lane,Junction_Location,Skidding_and_Overturning,Hit_Object_in_Carriageway,Vehicle_Leaving_Carriageway,Hit_Object_off_Carriageway,1st_Point_of_Impact,Was_Vehicle_Left_Hand_Drive?,Journey_Purpose_of_Driver,Sex_of_Driver,Age_of_Driver,Age_Band_of_Driver,Engine_Capacity_(CC),Propulsion_Code,Age_of_Vehicle,Driver_IMD_Decile,Driver_Home_Area_Type
2014460236996,2,9,0,4,0,0,0,0,0,0,2,1,6,1,43,7,1998,1,11,8,1
2014460236996,3,9,0,4,0,0,0,0,0,0,2,1,1,1,52,8,-1,-1,-1,5,1
2014460236996,4,9,0,4,0,0,0,0,0,0,2,1,2,2,43,7,1798,1,8,10,1
2014460236999,1,9,0,5,0,8,0,0,0,0,3,1,2,2,34,6,1598,2,3,-1,3
2014460236999,2,3,0,18,0,8,0,0,0,0,1,1,6,1,21,5,124,1,14,-1,3
2014460237001,1,9,0,18,0,0,1,0,2,10,4,1,6,2,30,6,998,1,7,2,2
2014460237002,1,9,0,18,0,1,0,0,0,0,1,1,6,1,54,8,1389,1,11,5,1
2014460237002,2,9,0,3,0,1,0,0,0,0,2,1,6,1,22,5,1984,1,13,4,3
2014460237009,1,9,0,18,0,0,0,0,0,0,1,1,6,3,-1,-1,1796,1,14,-1,-1
2014460237009,2,9,0,3,0,0,0,0,0,0,2,1,6,1,51,8,2497,1,8,5,1
2014460237010,1,9,0,9,0,8,0,0,0,0,1,1,2,2,29,6,1598,1,1,6,1
2014460237010,2,1,0,18,0,1,0,0,0,0,1,1,6,1,80,11,-1,-1,-1,6,1
2014460237012,1,9,0,18,0,0,0,0,7,4,0,1,1,2,47,8,1349,1,4,6,3
2014460237015,1,9,0,9,0,8,0,0,0,0,4,1,6,1,69,10,1339,1,8,7,1
2014460237015,2,1,0,18,0,1,1,0,0,0,1,1,6,1,50,8,-1,-1,-1,7,1
2014460237018,1,9,0,18,0,0,1,7,5,6,3,1,6,2,18,4,1598,1,8,8,1
2014460237020,1,9,0,18,0,8,0,0,0,0,1,1,6,1,21,5,1397,1,6,6,1
2014460237020,2,21,0,1,0,3,0,0,0,0,0,2,1,1,25,5,-1,-1,-1,-1,-1
2014460237020,3,9,0,3,0,8,0,0,0,0,2,1,6,2,57,9,1364,1,5,1,1
2014460237024,1,9,0,4,0,1,1,0,7,9,2,1,6,2,48,8,1400,2,9,6,3
2014460237026,1,21,0,9,0,6,0,0,0,0,1,1,1,1,34,6,5880,2,8,3,1
2014460237026,2,1,0,18,0,8,0,0,0,0,4,1,6,2,48,8,-1,-1,-1,4,3
2014460237030,1,9,0,9,0,3,1,0,1,2,1,1,6,2,35,6,1390,1,16,3,1
2014460237031,1,9,0,9,0,6,0,0,0,0,1,1,6,1,52,8,2471,2,22,5,3
2014460237031,2,9,0,18,0,1,0,0,0,0,4,1,6,1,64,9,1956,2,3,-1,-1
2014460237034,1,9,0,18,0,0,1,0,0,0,1,1,3,2,36,7,1397,1,14,1,1
2014460237034,2,9,0,3,0,0,0,0,0,0,2,1,2,2,67,10,1360,1,12,1,1
2014460237035,1,19,0,18,0,0,0,0,0,0,1,1,1,1,25,5,2496,2,16,6,3
2014460237035,2,16,0,18,0,0,0,0,7,0,3,1,6,2,43,7,-1,-1,-1,6,2
2014460237037,1,19,0,9,0,1,0,0,0,0,1,1,1,1,25,5,2198,2,1,7,1
2014460237037,2,9,0,7,0,5,0,0,0,0,1,1,6,1,18,4,998,1,1,-1,-1
2014460237038,1,9,0,18,0,0,0,0,7,4,1,1,1,1,44,7,1499,2,1,6,1
2014460237039,1,9,0,1,0,0,0,0,0,0,2,1,6,1,66,10,1598,1,6,2,1
2014460237039,2,9,0,3,0,0,0,0,0,0,1,1,2,2,23,5,1149,1,6,8,1
2014460237043,1,9,0,18,0,1,0,0,7,0,1,1,6,2,53,8,2184,2,9,4,2
2014460237043,2,9,0,10,0,1,0,0,7,0,2,1,1,1,27,6,-1,-1,-1,4,3
2014460237043,3,9,0,18,0,1,0,0,7,0,1,1,6,1,62,9,998,1,6,7,2
2014460237052,1,9,0,18,0,0,1,0,0,0,1,1,6,1,40,7,2494,1,17,-1,-1
2014460237052,2,9,0,2,0,0,5,0,1,0,3,1,6,2,39,7,1388,1,7,10,1
2014460237054,1,4,0,14,0,0,0,0,0,0,1,1,6,1,-1,-1,-1,-1,-1,-1,-1
2014460237064,1,9,0,9,0,8,0,0,0,0,1,1,6,1,22,5,1753,2,15,2,1
2014460237064,2,9,0,18,0,8,0,0,0,0,3,1,6,1,29,6,1596,1,12,2,1
2014460237065,1,9,0,18,0,0,0,0,7,10,1,1,6,3,-1,-1,1389,1,19,-1,-1
2014460237067,1,9,0,9,0,6,0,0,0,0,1,1,6,1,18,4,1198,1,8,6,3
2014460237067,2,9,0,18,0,8,0,0,0,0,3,1,1,1,43,7,995,1,10,2,1
2014460237069,1,9,0,9,0,1,0,0,0,0,3,1,6,2,36,7,1994,1,17,2,1
2014460237069,2,5,0,15,0,1,0,0,0,0,4,1,6,1,32,6,781,1,14,6,1
2014460237071,1,9,0,3,0,1,0,0,0,0,1,1,6,2,-1,-1,1396,1,2,-1,-1
2014460237071,2,9,0,3,0,1,0,0,0,0,2,1,6,2,19,4,1598,1,1,5,1
2014460237077,1,4,0,7,0,5,0,0,0,0,0,1,6,1,14,3,125,1,2,2,1
2014460237077,2,9,0,6,0,5,0,0,0,0,0,1,1,1,27,6,1968,2,5,4,1
2014460237079,1,5,0,15,0,0,0,0,0,0,3,1,2,1,23,5,649,1,8,4,2
2014460237079,2,9,0,18,0,0,0,0,0,0,3,1,6,2,58,9,999,1,13,4,1
2014460237084,1,9,0,7,0,6,0,0,0,0,3,1,6,2,44,7,1984,2,1,6,1
2014460237084,2,9,0,18,0,8,0,0,0,0,4,1,6,2,36,7,1199,1,11,-1,-1
2014460237091,1,9,0,18,0,1,0,0,0,0,1,1,6,3,-1,-1,1598,1,8,-1,-1
2014460237093,1,21,0,16,0,0,5,0,0,0,4,1,1,1,51,8,-1,-1,-1,1,1
2014460237096,1,9,0,18,0,4,0,0,0,0,1,1,6,1,17,4,-1,-1,-1,7,3
2014460237096,2,9,0,3,0,4,0,0,0,0,2,1,6,1,42,7,-1,-1,-1,6,1
2014460237102,1,9,0,18,0,8,0,0,0,0,4,1,2,1,53,8,1910,2,11,5,1
2014460237102,2,3,0,18,0,8,0,0,0,0,3,1,2,1,44,7,125,1,-1,1,1
2014460237103,1,9,0,18,0,1,0,0,0,0,3,1,6,2,28,6,1989,1,15,8,1
2014460237112,1,9,0,18,0,0,0,0,0,0,1,1,6,2,52,8,1108,1,18,3,1
2014460237112,2,9,0,18,0,0,0,0,0,0,2,1,6,2,49,8,1360,1,7,9,1
2014460237112,3,9,0,18,0,0,0,0,0,0,2,1,6,1,40,7,1388,1,9,7,1
2014460237114,1,9,0,18,0,4,0,10,2,1,1,1,6,1,31,6,1796,1,9,1,1
2014460237117,1,9,0,18,0,4,0,0,0,0,1,1,6,1,55,8,1997,2,13,7,1
2014460237117,2,1,0,9,0,3,0,0,0,0,4,1,6,1,48,8,-1,-1,-1,9,1
2014460237121,1,9,0,18,0,1,0,0,0,0,1,1,6,2,42,7,1422,2,8,9,1
2014460237121,2,9,0,4,0,1,0,0,0,0,2,1,6,1,28,6,1198,1,1,-1,-1
2014460237124,1,9,0,18,0,2,0,7,4,7,1,1,1,2,27,6,1910,2,8,-1,3
2014460237125,1,9,0,18,0,1,0,0,0,0,1,1,6,1,65,9,998,1,5,8,3
2014460237125,2,9,0,3,0,1,0,0,0,0,2,1,6,1,48,8,-1,-1,-1,10,1
2014460237128,1,9,0,18,0,0,0,0,0,0,1,1,6,2,23,5,1360,1,16,7,1
2014460237130,1,9,0,18,0,0,1,0,0,0,1,1,1,1,29,6,1998,1,11,6,3
2014460237130,2,19,0,18,0,0,0,0,0,0,2,1,1,1,31,6,2143,2,2,7,1
2014460237134,1,9,0,5,0,4,0,0,0,0,1,1,3,2,24,5,1796,1,15,4,1
2014460237134,2,1,0,9,0,3,0,0,0,0,4,1,6,1,43,7,-1,-1,-1,6,1
2014460237137,1,9,0,18,0,1,0,0,0,0,1,1,6,1,64,9,1299,1,9,7,1
2014460237137,2,9,0,3,0,1,0,0,0,0,2,1,6,2,39,7,1596,1,5,6,1
2014460237138,1,9,0,18,0,8,0,0,0,0,1,1,6,3,-1,-1,-1,-1,-1,-1,-1
2014460237143,1,9,0,9,0,1,0,0,0,0,1,1,6,1,73,10,1686,2,2,1,1
2014460237143,2,9,0,18,0,1,0,0,0,0,3,1,6,2,46,8,1598,1,12,3,1
2014460237144,1,9,0,18,0,0,5,0,0,0,3,1,1,1,42,7,2500,1,19,7,3
2014460237146,1,9,0,11,0,8,0,0,0,0,4,1,6,2,47,8,1749,1,12,5,1
2014460237146,2,21,0,18,0,8,0,0,0,0,3,1,6,1,28,6,-1,-1,-1,-1,-1
2014460237148,1,9,0,18,0,0,0,0,0,0,4,1,1,2,48,8,1360,1,14,9,1
2014460237150,1,9,0,18,0,0,0,0,0,0,1,1,2,1,20,4,1995,2,8,10,1
2014460237150,2,9,0,18,0,0,1,0,0,0,2,1,2,1,44,7,1461,2,10,7,2
2014460237152,1,9,0,18,0,0,1,0,2,7,1,1,2,1,51,8,2616,1,9,5,2
2014460237154,1,9,0,16,0,2,0,0,0,0,1,1,6,1,44,7,1998,2,11,5,2
2014460237154,2,9,0,5,0,2,0,0,0,0,3,1,6,1,41,7,1242,1,16,3,1
2014460237155,1,10,0,9,0,5,0,0,0,0,4,1,1,1,60,9,-1,-1,-1,6,3
2014460237155,2,1,0,18,0,1,1,0,0,0,1,1,2,1,62,9,-1,-1,-1,3,1
2014460237158,1,9,0,9,0,8,0,0,0,0,1,1,6,2,69,10,1298,1,14,3,1
2014460237162,1,9,0,18,0,0,0,0,5,6,4,1,6,1,55,8,1461,2,3,-1,-1
2014460237162,2,9,0,18,0,0,0,0,0,0,1,1,6,1,35,6,1796,1,12,9,3
2014460237163,1,19,0,3,0,1,0,0,0,0,1,1,2,1,46,8,1896,2,7,6,1
2014460237163,2,9,0,3,0,1,0,0,0,0,2,1,6,2,48,8,1596,1,5,9,1
2014460237164,1,9,0,18,0,0,0,0,0,0,1,1,6,1,26,6,2993,2,5,-1,-1
2014460237164,2,9,0,18,0,0,5,0,1,7,2,1,2,1,27,6,-1,-1,-1,3,1
2014460237168,1,9,0,18,0,0,1,0,1,6,3,1,6,3,-1,-1,2179,2,-1,-1,-1
2014460237170,1,9,0,18,0,1,0,0,0,0,1,1,6,1,32,6,2616,1,10,-1,3
2014460237170,2,9,0,3,0,1,0,0,0,0,2,1,6,1,30,6,1686,2,8,8,1
2014460237173,1,9,0,5,0,4,0,0,0,0,1,1,6,1,24,5,1991,2,6,10,1
2014460237173,2,9,0,18,0,8,0,0,0,0,1,1,1,1,28,6,1360,1,17,4,1
2014460237177,1,9,0,16,0,4,0,0,0,0,1,1,6,1,20,4,-1,-1,-1,4,1
2014460237177,2,9,0,16,0,8,0,0,0,0,2,1,1,1,48,8,2148,2,8,8,1
2014460237180,1,9,0,18,0,0,0,0,0,0,1,1,6,1,85,11,2976,1,11,10,1
2014460237181,1,9,0,16,0,1,0,0,0,10,1,1,6,1,-1,-1,1388,1,9,3,1
2014460237181,2,9,0,10,0,1,0,0,0,0,0,1,6,3,-1,-1,-1,-1,-1,-1,-1
2014460237182,1,9,0,18,0,0,0,0,0,0,1,1,2,1,34,6,-1,-1,-1,8,1
2014460237182,2,9,0,3,0,0,0,0,0,0,2,1,2,2,20,4,1242,1,2,5,1
2014460237182,3,9,0,3,0,0,0,0,0,0,2,1,2,2,23,5,1596,1,9,7,1
2014460237187,1,9,0,13,0,0,0,0,0,0,0,1,6,2,60,9,-1,-1,-1,10,1
2014460237187,2,16,0,18,0,0,0,0,0,0,0,1,6,2,56,9,-1,-1,-1,9,3
2014460237190,1,9,0,18,0,8,0,0,0,0,1,1,6,3,-1,-1,1753,2,9,-1,-1
2014460237190,2,9,0,18,0,4,0,0,0,0,3,1,6,2,47,8,998,1,3,9,1
2014460237195,1,9,0,9,0,1,1,0,0,0,3,1,6,1,24,5,1396,1,12,-1,-1
2014460237195,2,19,0,8,0,1,0,0,0,0,3,1,1,1,28,6,2402,2,6,3,1
2014460237198,1,9,0,18,0,0,0,0,0,0,1,1,6,1,85,11,1598,1,6,7,2
2014460237198,2,9,0,2,0,0,0,0,0,0,1,1,6,2,38,7,1360,1,10,3,2
2014460237199,1,9,0,5,0,1,0,0,0,0,1,1,6,2,44,7,1999,1,9,-1,-1
2014460237199,2,1,0,18,0,1,0,0,0,0,3,1,6,1,22,5,-1,-1,-1,-1,-1
2014460237206,1,3,0,18,0,8,1,0,0,0,1,1,1,1,17,4,125,1,10,1,1
2014460237206,2,9,0,18,0,8,0,0,0,0,2,1,2,1,41,7,1275,1,18,3,1
2014460237210,1,9,0,18,0,1,0,0,0,0,1,1,6,1,18,4,1998,2,8,10,1
2014460237210,2,9,0,4,0,1,0,0,0,0,2,1,6,1,32,6,-1,-1,-1,2,1
2014460237210,3,9,0,10,0,1,0,0,0,0,2,1,6,2,27,6,1997,1,9,9,1
2014460237212,1,9,0,4,0,0,0,0,0,0,2,1,6,1,58,9,1461,2,2,4,3
2014460237212,2,9,0,18,0,0,0,0,0,0,1,1,6,1,25,5,1587,1,9,1,1
2014460237217,1,9,0,18,0,0,0,0,0,0,3,1,6,1,24,5,1343,1,12,3,1
2014460237217,2,9,0,3,0,0,0,0,0,0,3,1,1,1,29,6,1753,2,4,3,1
2014460237218,1,11,0,18,0,0,0,0,0,0,0,1,1,1,36,7,-1,2,17,10,1
2014460237219,1,9,0,18,0,1,0,0,0,0,1,1,6,2,65,9,1598,1,6,10,1
2014460237219,2,9,0,3,0,1,0,0,0,0,2,1,6,1,33,6,-1,-1,-1,3,1
2014460237224,1,9,0,7,0,5,0,0,0,0,1,1,6,3,-1,-1,-1,-1,-1,-1,-1
2014460237225,1,9,0,18,0,0,1,0,0,0,1,1,2,1,28,6,-1,-1,-1,1,1
2014460237226,1,3,0,18,0,0,1,0,0,0,1,1,4,1,17,4,125,1,9,2,1
2014460237230,1,19,0,18,0,0,0,0,0,0,1,1,2,1,37,7,1686,2,2,4,1
2014460237230,2,9,0,18,0,0,0,0,0,0,1,1,6,2,22,5,1242,1,5,4,2
2014460237230,3,9,0,3,0,0,0,0,0,0,2,1,2,2,24,5,1900,2,10,8,1
2014460237230,4,9,0,3,0,0,0,0,0,0,2,1,2,1,-1,-1,1956,2,2,10,3
2014460237232,1,9,0,18,0,0,2,11,7,9,3,1,1,2,23,5,1796,1,11,-1,-1
2014460237235,1,8,0,18,0,0,0,0,0,0,3,1,6,1,-1,-1,1896,2,8,4,1
2014460237237,1,9,0,9,0,0,0,0,0,0,3,1,1,2,45,7,1329,1,3,-1,1
2014460237240,1,21,0,1,0,0,0,0,0,0,2,1,1,1,36,7,4580,2,6,9,2
2014460237245,1,9,0,12,0,4,0,0,0,0,1,1,6,2,67,10,1598,1,11,4,2
2014460237245,2,9,0,7,0,8,0,0,0,0,4,1,6,2,26,6,1242,1,8,10,1
2014460237258,1,9,0,4,0,8,0,0,0,0,1,1,1,1,33,6,2148,2,5,3,1
2014460237258,2,9,0,4,0,8,0,0,0,0,2,1,2,1,42,7,1598,1,6,-1,1
2014460237267,1,4,0,18,0,1,2,0,0,0,0,1,6,1,18,4,125,1,4,9,1
2014460237269,1,9,0,18,0,6,1,0,0,0,1,1,2,2,21,5,-1,-1,-1,8,2
2014460237269,2,9,0,18,0,1,0,0,1,4,1,1,1,1,44,7,-1,-1,-1,-1,-1
2014460237269,3,9,0,10,0,6,0,0,0,0,1,1,3,1,45,7,1560,2,4,8,3
2014460237273,1,9,0,18,0,0,0,0,0,0,0,1,6,3,-1,-1,-1,-1,-1,-1,-1
2014460237273,2,9,0,18,0,0,0,6,2,10,1,1,6,1,46,8,-1,-1,-1,3,2
2014460237277,1,20,0,1,0,0,0,0,0,0,2,1,6,1,46,8,3000,2,17,3,1
2014460237285,1,9,0,9,0,6,0,0,0,0,0,1,3,2,41,7,1242,1,3,3,1
2014460237285,2,2,0,18,0,1,1,0,1,0,0,1,1,1,30,6,49,1,3,6,1
2014460237290,1,9,0,9,0,8,0,0,0,0,1,1,6,3,-1,-1,1397,1,6,-1,-1
2014460237292,1,9,0,16,0,0,1,0,0,0,1,1,1,2,36,7,-1,-1,-1,-1,-1
2014460237292,2,9,0,17,0,0,1,0,0,0,1,1,2,1,17,4,1596,1,4,8,2
2014460237298,1,8,0,1,6,0,0,0,0,0,2,1,1,1,52,8,1999,1,8,4,1
2014460237300,1,9,0,12,0,0,0,0,0,0,0,1,6,3,-1,-1,-1,-1,-1,-1,-1
2014460237300,2,9,0,18,0,0,0,0,5,6,2,1,6,2,26,6,1199,1,11,5,1
2014460237300,3,9,0,4,0,0,0,0,0,0,0,1,6,1,53,8,1560,2,1,7,3
2014460237300,4,9,0,4,0,0,0,0,0,0,2,1,6,1,28,6,1461,2,1,-1,1
2014460237300,5,9,0,4,0,0,0,0,0,0,1,1,6,2,60,9,1339,1,5,8,1
2014460237300,6,9,0,18,0,0,0,0,0,0,2,1,6,1,49,8,1968,2,9,3,1
2014460237300,7,5,0,18,0,0,0,0,0,0,1,1,6,1,50,8,599,1,13,2,1
2014460237300,8,9,0,18,0,0,0,0,0,0,1,1,6,1,69,10,2143,2,1,-1,-1
2014460237307,1,9,0,10,0,1,0,0,0,0,3,1,6,1,26,6,1398,2,1,2,1
2014460237307,2,9,0,18,0,1,0,0,0,0,1,1,6,1,24,5,1195,1,17,4,1
2014460237309,1,19,0,18,0,0,0,0,0,4,1,1,6,1,37,7,-1,-1,-1,-1,-1
2014460237314,1,19,0,18,0,0,0,0,0,0,4,1,1,1,36,7,2402,2,7,2,1
2014460237316,1,5,0,18,0,1,1,0,0,0,1,1,6,1,44,7,988,1,11,3,1
2014460237316,2,9,0,9,0,6,0,0,0,0,2,1,6,1,35,6,1910,2,8,7,1
2014460237317,1,9,0,9,0,8,0,0,0,0,1,1,6,2,-1,-1,-1,-1,-1,-1,-1
2014460237317,2,1,0,10,0,1,0,0,0,0,1,1,6,1,45,7,-1,-1,-1,6,2
2014460237320,1,9,0,18,0,6,0,0,0,0,4,1,2,1,44,7,1560,2,2,10,2
2014460237320,2,9,0,18,0,1,0,0,0,0,1,1,2,2,24,5,973,1,12,9,2
2014460237322,1,9,0,18,0,4,0,0,0,0,3,1,6,1,-1,-1,1596,1,9,1,1
2014460237322,2,9,0,18,0,4,0,0,0,0,4,1,6,1,33,6,1900,2,15,8,1
2014460237323,1,9,0,18,0,0,0,0,0,0,1,1,6,1,18,4,1199,1,11,5,1
2014460237323,2,9,0,18,0,0,0,0,0,0,1,1,6,1,50,8,1596,1,12,3,1
2014460237323,3,9,0,2,0,0,0,0,0,0,2,1,6,3,-1,-1,1796,1,10,-1,-1
2014460237324,1,9,0,18,0,1,0,0,0,0,4,1,2,1,59,9,-1,-1,-1,4,2
2014460237324,2,21,0,9,0,1,0,0,0,0,1,1,1,1,45,7,10518,2,4,-1,1
2014460237325,1,9,0,5,0,6,0,0,0,0,1,1,6,1,36,7,1910,2,8,-1,3
2014460237325,2,9,0,18,0,1,0,0,1,10,4,1,6,1,59,9,1598,1,10,9,1
2014460237325,3,9,0,2,0,1,0,0,0,0,2,1,6,2,26,6,1560,2,1,4,1
2014460237325,4,9,0,2,0,1,0,0,0,0,3,1,6,1,40,7,1086,1,9,6,1
2014460237325,5,9,0,2,0,1,0,0,0,0,3,1,6,1,21,5,1242,1,15,2,1
2014460237326,1,9,0,18,0,0,1,0,0,0,4,1,6,1,27,6,2204,2,7,9,2
2014460237326,2,9,0,18,0,0,1,0,0,0,1,1,6,2,42,7,1149,1,12,10,2
2014460237333,1,9,0,16,0,7,1,0,0,0,2,1,2,1,30,6,1896,2,11,9,1
2014460237333,2,9,0,16,0,8,0,0,0,0,1,1,2,2,29,6,1388,1,3,8,1
2014460237334,1,9,0,18,0,0,2,0,0,0,3,1,2,2,22,5,1149,1,12,7,2
2014460237335,1,9,0,18,0,0,0,0,0,0,1,1,6,1,24,5,1390,1,5,7,1
2014460237335,2,19,0,4,0,0,0,0,0,0,2,1,6,1,26,6,2198,2,2,10,1
2014460237339,1,9,0,18,0,3,1,7,1,1,1,1,6,1,18,4,1686,2,9,5,2
2014460237342,1,2,0,13,0,1,0,0,0,0,3,1,6,2,18,4,49,1,12,5,2
2014460237342,2,9,0,9,0,1,0,0,0,0,1,1,6,1,67,10,1997,2,2,4,1
2014460237347,1,9,0,18,0,0,1,0,0,0,1,1,6,1,59,9,998,1,20,7,1
2014460237350,1,9,0,18,0,0,1,0,1,0,4,1,6,2,22,5,-1,-1,-1,8,3
2014460237356,1,9,0,14,0,0,0,0,0,0,1,1,3,2,33,6,-1,-1,-1,-1,-1
2014460237356,2,9,0,2,0,0,0,0,0,0,2,1,6,1,26,6,1596,1,7,8,1
2014460237356,3,9,0,2,0,0,0,0,0,0,2,1,6,1,31,6,1796,1,19,-1,-1
2014460237359,1,90,0,18,0,0,0,6,0,0,2,1,1,1,23,5,2987,2,1,7,1
2014460237363,1,9,0,5,0,6,0,0,0,0,4,1,6,2,25,5,1796,1,8,6,3
2014460237363,2,9,0,18,0,1,0,0,0,0,1,1,6,2,43,7,1997,2,13,7,3
2014460237364,1,9,0,9,0,8,0,0,0,0,1,1,6,2,63,9,1397,1,5,9,1
2014460237364,2,9,0,18,0,8,0,0,0,0,3,1,1,2,39,7,1560,2,1,4,1
2014460237368,1,9,0,18,0,1,0,0,0,0,1,1,6,3,-1,-1,-1,-1,-1,-1,-1
2014460237368,2,9,0,3,0,1,0,0,0,0,2,1,6,1,20,4,1587,1,12,-1,-1
2014460237370,1,9,0,15,0,0,1,0,0,0,1,1,2,2,26,6,1149,1,9,-1,-1
2014460237370,2,1,0,18,9,0,0,8,0,0,1,1,6,1,13,3,-1,-1,-1,4,1
2014460237371,1,9,0,14,0,0,0,0,0,0,1,1,6,1,48,8,1973,1,15,6,1
2014460237371,2,3,0,18,0,0,1,0,1,4,1,1,6,1,31,6,124,1,14,1,1
2014460237371,3,11,0,4,0,0,0,0,0,0,0,1,1,1,39,7,-1,2,17,-1,-1
2014460237373,1,9,0,14,0,1,0,4,0,0,4,1,6,2,38,7,1598,1,13,5,1
2014460237373,2,9,0,2,0,1,0,4,0,0,3,1,6,2,20,4,1229,1,3,5,3
2014460237376,1,9,0,18,0,0,1,0,0,0,1,1,6,1,59,9,1360,1,11,2,1
2014460237376,2,9,0,18,0,0,0,0,0,0,2,1,6,1,41,7,1956,2,2,4,1
2014460237382,1,9,0,18,0,8,0,0,0,0,2,1,6,2,48,8,1242,1,2,8,1
2014460237382,2,9,0,9,0,8,0,0,0,0,1,1,6,1,48,8,1686,2,8,9,1
2014460237384,1,9,0,17,0,0,0,0,0,0,1,1,6,2,66,10,1498,1,3,5,2
2014460237384,2,19,0,16,0,0,0,0,0,0,2,1,1,1,22,5,-1,-1,-1,7,3
2014460237384,3,9,0,18,0,0,0,0,0,0,1,1,6,2,34,6,2179,2,1,10,3
2014460237388,1,4,0,18,0,0,1,0,0,0,3,1,6,1,63,9,1255,1,6,2,1
2014460237390,1,2,0,18,0,1,1,0,1,0,0,1,1,1,22,5,-1,-1,-1,4,1
2014460237392,1,9,0,7,0,6,0,0,1,1,1,1,6,2,79,11,1198,1,9,4,1
2014460237392,2,21,1,18,0,8,1,0,0,0,4,1,1,1,31,6,12740,2,2,10,1
2014460237396,1,9,0,5,0,2,0,0,0,0,3,1,2,2,21,5,998,1,13,4,1
2014460237396,2,9,0,4,0,1,0,0,0,0,1,1,6,2,49,8,1997,2,11,5,1
2014460237399,1,9,0,18,0,1,0,0,0,0,1,1,6,1,35,6,1796,1,5,8,1
2014460237399,2,9,0,10,0,1,0,0,0,0,2,1,6,2,51,8,3802,1,13,4,1
2014460237400,1,9,0,18,0,0,0,0,0,0,1,1,6,2,66,10,1388,1,4,7,1
2014460237400,2,9,0,18,0,0,0,0,0,0,2,1,6,2,32,6,998,1,5,3,1
2014460237401,1,9,0,18,0,0,0,0,0,0,4,1,6,2,40,7,1598,1,7,8,1
2014460237403,1,9,0,17,0,0,1,0,7,4,4,1,6,1,58,9,1339,1,6,8,1
2014460237405,1,9,0,17,0,1,1,0,0,0,1,1,6,1,18,4,1299,1,19,4,2
2014460237405,2,9,0,16,0,1,0,0,1,0,3,1,6,2,50,8,1248,2,6,6,1
2014460237407,1,1,0,18,5,2,1,0,0,0,0,1,2,1,54,8,-1,-1,-1,-1,-1
2014460237409,1,9,0,18,0,0,1,0,0,0,1,1,4,2,18,4,1108,1,13,6,3
2014460237409,2,9,0,3,0,0,0,0,0,0,2,1,6,2,48,8,1229,1,1,-1,3
2014460237411,1,9,0,7,0,6,0,0,0,0,1,1,2,2,32,6,2799,1,17,9,2
2014460237411,2,9,0,7,0,6,0,0,0,0,1,1,6,1,67,10,1560,2,4,6,1
2014460237413,1,9,0,18,0,5,1,0,4,6,3,1,6,2,32,6,1995,2,9,8,1
2014460237415,1,9,0,18,0,0,5,0,2,4,1,1,6,1,18,4,1299,1,17,4,1
2014460237416,1,9,0,9,0,1,0,0,0,0,3,1,1,1,42,7,1598,2,2,2,1
2014460237416,2,9,0,18,0,1,0,0,0,0,3,1,6,2,47,8,1587,1,13,1,1
2014460237417,1,9,0,18,0,0,0,0,7,6,3,1,2,1,49,8,1839,1,13,-1,-1
2014460237417,2,21,0,18,0,0,0,0,0,0,2,1,1,1,24,5,-1,-1,-1,-1,-1
2014460237418,1,9,0,16,0,2,0,0,0,0,1,1,6,1,40,7,4701,7,12,7,1
2014460237418,2,9,0,4,0,2,0,0,0,0,2,1,6,1,42,7,1242,1,5,10,3
2014460237425,1,9,0,18,0,0,1,0,1,4,1,1,2,1,44,7,1560,2,5,8,2
2014460237428,1,9,0,9,0,6,0,0,0,0,3,1,6,2,72,10,1398,2,1,10,3
2014460237428,2,3,0,18,0,1,0,0,0,0,1,1,6,1,32,6,125,1,3,5,1
2014460237430,1,9,0,1,0,0,0,0,1,0,2,1,6,2,67,10,1591,1,1,8,1
2014460237430,2,9,0,2,0,0,0,0,0,0,4,1,6,2,-1,-1,1124,1,12,5,1
2014460237430,3,9,0,2,0,0,0,0,0,0,2,1,6,3,-1,-1,1590,1,15,4,1
2014460237432,1,9,0,18,0,1,0,7,1,0,1,1,6,2,24,5,1242,1,15,3,1
2014460237439,1,9,0,18,0,4,0,0,0,0,1,1,6,1,75,10,1999,1,6,10,1
2014460237439,2,9,0,9,0,8,0,0,0,0,4,1,6,1,33,6,1400,1,9,7,1
2014460237442,1,9,0,9,0,1,0,0,7,0,3,1,6,2,25,5,1598,2,2,3,1
2014460237442,2,9,0,18,0,1,0,0,7,0,1,1,6,1,73,10,1997,2,12,6,1
2014460237444,1,9,0,18,0,4,0,0,0,0,1,1,1,1,55,8,4921,2,7,10,1
2014460237444,2,1,0,18,0,4,0,0,0,0,1,1,6,1,49,8,-1,-1,-1,9,1
2014460237446,1,9,0,6,0,0,1,0,0,0,3,1,6,1,30,6,-1,-1,-1,1,1
2014460237446,2,9,0,18,0,0,0,0,0,0,1,1,6,1,31,6,2993,2,5,7,1