Accident_Index,Vehicle_Reference,Vehicle_Type,Towing_and_Articulation,Vehicle_Manoeuvre,Vehicle_Location-Restricted_Lane,Junction_Location,Skidding_and_Overturning,Hit_Object_in_Carriageway,Vehicle_Leaving_Carriageway,Hit_Object_off_Carriageway,1st_Point_of_Impact,Was_Vehicle_Left_Hand_Drive?,Journey_Purpose_of_Driver,Sex_of_Driver,Age_of_Driver,Age_Band_of_Driver,Engine_Capacity_(CC),Propulsion_Code,Age_of_Vehicle,Driver_IMD_Decile,Driver_Home_Area_Type
2014460237449,1,9,0,9,0,6,0,0,0,0,4,1,6,2,17,4,1299,1,11,9,2
2014460237449,2,9,4,18,0,1,0,0,1,10,1,1,1,1,67,10,-1,-1,-1,8,2
2014460237451,1,9,0,9,0,5,0,0,0,0,1,1,6,3,-1,-1,-1,-1,-1,-1,-1
2014460237452,1,9,0,18,0,0,1,0,7,10,4,1,6,1,46,8,1596,1,11,10,1
2014460237453,1,9,0,18,0,0,1,6,8,6,3,1,6,2,27,6,1390,1,7,5,1
2014460237454,1,9,0,7,0,6,0,0,0,0,1,1,6,1,18,4,1229,1,2,8,1
2014460237454,2,9,0,18,0,8,0,0,0,0,4,1,1,1,43,7,-1,-1,-1,3,1
2014460237455,1,9,0,18,0,7,0,0,0,0,1,1,6,1,35,6,2438,1,21,3,1
2014460237455,2,1,0,18,0,1,0,0,0,0,1,1,6,1,50,8,-1,-1,-1,-1,3
2014460237456,1,9,0,17,0,0,0,0,0,0,1,1,6,1,31,6,1388,1,7,10,2
2014460237456,2,9,0,17,0,0,0,0,0,0,1,1,6,1,48,8,1598,1,14,9,1
2014460237456,3,9,0,16,0,0,0,0,0,0,1,1,6,2,21,5,796,1,12,8,2
2014460237457,1,9,0,9,0,8,0,0,0,0,3,1,6,3,-1,-1,-1,-1,-1,-1,-1
2014460237457,2,3,0,18,0,1,0,0,0,0,1,1,6,1,27,6,124,1,12,1,1
2014460237458,1,4,0,18,0,0,0,0,0,0,1,1,1,1,47,8,244,1,8,6,3
2014460237459,1,9,0,18,0,1,0,0,0,0,4,1,6,2,55,8,1597,1,11,3,1
2014460237463,1,9,0,18,0,4,0,0,0,0,0,1,6,1,35,6,-1,-1,-1,-1,-1
2014460237463,2,11,0,4,0,4,0,0,0,0,0,1,1,1,59,9,4760,2,1,4,1
2014460237464,1,9,0,4,0,0,0,0,0,0,1,1,6,1,38,7,1781,1,13,-1,-1
2014460237464,2,9,0,4,0,0,0,0,0,0,2,1,2,2,40,7,1242,1,5,8,1
2014460237469,1,9,0,18,0,1,0,11,0,0,1,1,6,1,41,7,1598,2,4,5,1
2014460237475,1,9,0,13,0,0,1,0,1,2,1,1,6,2,21,5,1900,2,13,7,3
2014460237475,2,9,0,18,0,0,1,0,0,0,2,1,6,1,68,10,1984,1,14,5,1
2014460237476,1,9,0,17,0,0,1,0,0,0,1,1,3,1,49,8,1781,1,25,7,1
2014460237476,2,9,0,16,0,0,0,0,0,0,1,1,3,2,24,5,1360,1,13,6,1
2014460237478,1,9,0,3,0,0,0,0,0,0,4,1,6,1,81,11,1242,1,12,-1,-1
2014460237480,1,9,0,18,0,8,0,0,0,0,2,1,6,2,45,7,4398,1,13,4,1
2014460237480,2,9,0,9,0,5,0,0,0,0,1,1,6,1,45,7,1598,1,9,4,1
2014460237481,1,9,0,17,0,0,0,10,0,0,1,1,1,2,30,6,1364,1,7,-1,1
2014460237481,2,9,0,16,0,0,0,0,0,0,2,1,1,2,31,6,1461,2,4,7,3
2014460237481,3,9,0,17,0,0,0,0,0,0,1,1,6,2,43,7,3497,1,8,7,3
2014460237486,1,9,0,16,0,3,0,0,0,0,1,1,6,1,64,9,1783,1,15,6,1
2014460237486,2,9,0,11,0,3,0,0,0,0,2,1,6,2,20,4,1248,1,4,4,1
2014460237487,1,11,0,18,0,2,0,0,0,0,4,1,1,1,49,8,9600,2,18,8,1
2014460237488,1,9,0,3,0,0,0,0,0,0,4,1,1,2,27,6,1560,2,3,-1,-1
2014460237493,1,1,0,18,0,1,1,0,0,0,1,1,6,1,-1,-1,-1,-1,-1,-1,-1
2014460237493,2,9,0,10,0,1,0,0,0,0,3,1,6,2,54,8,1598,1,4,7,1
2014460237493,3,1,0,18,0,1,1,0,0,0,1,1,6,1,-1,-1,-1,-1,-1,-1,-1
2014460237495,1,9,0,18,0,2,0,0,0,0,1,1,6,1,59,9,-1,-1,-1,8,1
2014460237495,2,9,0,3,0,2,0,0,0,0,2,1,6,1,57,9,2148,2,6,4,2
2014460237502,1,9,0,18,0,2,0,0,0,0,1,1,6,1,60,9,1596,1,14,3,1
2014460237505,1,9,0,9,0,1,0,0,0,0,3,1,6,2,19,4,1299,1,13,10,1
2014460237505,2,9,0,18,0,1,0,0,0,0,1,1,6,1,45,7,1997,2,11,7,1
2014460237507,1,9,0,18,0,0,1,0,4,6,3,1,6,1,29,6,998,1,6,1,1
2014460237507,2,9,0,18,0,0,1,0,1,9,4,1,6,1,47,8,1900,2,15,8,1
2014460237507,3,9,0,18,0,0,1,0,1,9,1,1,6,1,35,6,1686,2,9,8,2
2014460237507,4,9,0,18,0,0,1,0,1,9,4,1,6,1,43,7,-1,-1,-1,10,1
2014460237507,5,9,0,18,0,0,1,0,1,9,4,1,6,1,52,8,1896,2,8,7,3
2014460237507,6,9,0,18,0,0,1,0,1,9,1,1,6,1,34,6,1896,2,9,7,1
2014460237510,1,9,0,4,0,2,0,0,0,0,1,1,2,2,49,8,1339,1,8,4,1
2014460237510,2,9,0,3,0,2,0,0,0,0,2,1,2,2,51,8,1328,1,9,-1,1
2014460237510,3,9,0,4,0,2,0,0,0,0,3,1,1,1,47,8,1598,2,4,5,1
2014460237510,4,9,0,4,0,2,0,0,0,0,3,1,6,1,26,6,1956,2,1,8,1
2014460237516,1,11,0,17,0,4,0,0,0,0,1,1,1,1,43,7,9000,2,1,6,1
2014460237516,2,9,0,4,0,8,0,0,0,0,2,1,6,1,24,5,1339,1,12,5,1
2014460237516,3,9,0,4,0,8,0,0,0,0,2,1,6,3,-1,-1,-1,-1,-1,-1,-1
2014460237524,1,9,0,18,0,1,0,0,0,0,0,1,6,3,-1,-1,-1,-1,-1,-1,-1
2014460237524,2,9,0,18,0,1,0,0,0,0,2,1,6,1,38,7,1998,1,9,4,1
2014460237524,3,9,0,18,0,1,0,0,0,0,1,1,6,2,25,5,1600,2,5,6,1
2014460237526,1,9,0,18,0,0,0,0,0,0,2,1,6,3,-1,-1,-1,-1,-1,-1,-1
2014460237526,2,2,0,18,0,0,0,0,0,0,1,1,6,1,18,4,49,1,7,3,1
2014460237531,1,9,0,14,0,1,0,0,0,0,4,1,2,2,30,6,-1,-1,-1,1,1
2014460237533,1,9,0,7,9,0,0,0,0,0,3,1,6,2,56,9,1242,1,1,6,1
2014460237534,1,9,0,18,0,0,1,0,0,0,1,1,6,1,65,9,-1,-1,-1,5,2
2014460237534,2,9,0,3,0,0,0,0,0,0,2,1,6,2,51,8,1798,1,4,6,2
2014460237539,1,9,0,9,0,8,0,0,0,0,0,1,6,1,76,11,1598,1,9,7,1
2014460237540,1,9,0,18,0,0,0,0,0,0,1,1,6,2,-1,-1,-1,-1,-1,-1,-1
2014460237543,1,9,0,18,0,2,0,11,3,4,1,1,6,2,24,5,1299,1,9,5,1
2014460237545,1,9,0,18,0,0,0,0,4,6,1,1,6,1,37,7,-1,-1,-1,3,1
2014460237545,2,9,0,18,0,0,0,0,0,0,2,1,1,2,52,8,-1,-1,-1,3,1
2014460237550,1,9,0,18,0,8,0,0,0,0,1,1,6,1,60,9,1360,1,13,8,3
2014460237550,2,9,0,9,0,8,0,0,0,0,4,1,6,1,21,5,1124,1,10,-1,1
2014460237553,1,9,0,1,0,0,0,4,8,10,2,1,6,1,76,11,1298,1,11,-1,-1
2014460237553,2,9,0,2,0,0,0,0,0,0,1,1,6,1,34,6,2319,1,14,6,1
2014460237554,1,9,0,4,0,0,0,0,0,0,1,1,6,3,-1,-1,-1,-1,-1,-1,-1
2014460237556,1,9,0,18,0,0,0,0,0,0,1,1,3,2,45,7,2401,2,10,7,1
2014460237559,1,21,1,12,0,0,0,0,0,0,3,2,1,1,41,7,-1,-1,-1,-1,-1
2014460237559,2,9,0,18,0,0,1,0,2,7,4,1,2,1,30,6,1388,1,12,5,1
2014460237564,1,9,0,9,0,8,0,0,0,0,3,1,6,1,22,5,1590,1,12,8,1
2014460237564,2,3,0,18,0,1,0,0,0,0,1,1,6,1,19,4,124,1,3,5,1
2014460237566,1,9,0,9,0,1,0,0,0,0,1,1,6,2,36,7,1910,2,6,10,2
2014460237566,2,9,0,18,0,2,0,0,0,0,3,1,1,1,33,6,-1,-1,-1,-1,-1
2014460237567,1,3,0,18,0,1,1,0,0,0,1,1,1,1,19,4,124,1,1,6,2
2014460237567,2,9,0,7,0,1,0,0,0,0,3,1,6,2,44,7,2435,1,13,-1,-1
2014460237568,1,3,0,12,0,1,1,0,0,0,4,1,6,1,28,6,125,1,4,10,1
2014460237568,2,9,0,18,0,1,0,0,0,0,3,1,6,1,26,6,1299,1,9,10,1
2014460237568,3,9,0,18,0,8,0,0,0,0,2,1,6,1,44,7,1242,1,4,9,1
2014460237568,4,9,0,18,0,8,0,0,0,0,1,1,6,2,61,9,2488,1,9,6,1
2014460237579,1,9,0,4,0,1,0,0,0,0,1,1,6,2,67,10,1398,1,3,3,1
2014460237579,2,9,0,3,0,1,0,0,0,0,2,1,6,2,28,6,1896,2,12,6,1
2014460237588,1,9,0,17,0,0,1,0,1,0,1,1,6,1,40,7,1242,1,3,3,1
2014460237591,1,19,0,4,0,0,0,0,0,0,3,1,6,1,42,7,1997,2,10,8,1
2014460237593,1,9,0,11,0,3,0,0,0,0,4,1,6,1,50,8,1995,2,3,7,1
2014460237593,2,1,0,18,0,4,0,0,0,0,3,1,6,1,42,7,-1,-1,-1,9,1
2014460237596,1,9,0,18,0,3,0,0,0,0,4,1,6,1,75,10,998,1,6,4,2
2014460237597,1,9,0,18,0,1,0,0,0,0,0,1,6,3,-1,-1,-1,-1,-1,-1,-1
2014460237597,2,9,0,9,0,8,0,0,0,0,4,1,6,1,33,6,2184,2,11,1,1
2014460237597,3,9,0,18,0,1,0,0,0,0,1,1,6,1,38,7,1997,2,12,3,1
2014460237600,1,9,0,9,0,1,0,0,0,0,1,1,1,2,31,6,998,1,1,7,1
2014460237600,2,9,0,18,0,1,0,0,0,0,3,1,6,2,74,10,1242,1,2,6,1
2014460237602,1,9,0,18,0,0,1,0,1,4,1,1,2,1,42,7,2143,2,3,8,1
2014460237606,1,9,0,2,9,1,0,0,0,0,4,1,6,1,43,7,1360,1,14,2,1
2014460237610,1,9,0,6,0,4,0,0,0,0,0,1,1,1,19,4,1149,1,10,6,1
2014460237610,2,9,0,7,0,4,2,0,0,0,0,1,1,1,32,6,-1,-1,-1,4,1
2014460237611,1,9,0,18,0,0,0,0,0,0,1,1,1,2,50,8,1242,1,8,-1,1
2014460237613,1,9,0,7,9,0,0,0,0,0,1,1,1,2,60,9,1461,2,3,10,1
2014460237618,1,17,0,9,0,1,0,0,0,0,1,1,1,1,47,8,-1,-1,-1,8,3
2014460237618,2,9,0,8,0,1,0,0,0,0,3,1,6,2,20,4,1198,1,9,8,3
2014460237621,1,9,0,18,0,0,0,0,0,0,1,1,6,1,63,9,2993,2,10,10,3
2014460237623,1,9,0,9,0,1,0,0,0,0,1,1,1,2,21,5,1598,1,12,8,1
2014460237623,2,9,0,18,0,1,0,0,0,0,1,1,1,1,34,6,1560,2,7,4,1
2014460237627,1,19,0,18,0,0,0,0,0,0,4,1,6,2,27,6,1461,2,1,2,1
2014460237639,1,9,0,18,0,1,0,0,0,0,1,1,6,1,38,7,1900,2,8,6,3
2014460237639,2,10,0,18,0,1,0,0,0,0,1,1,6,1,35,6,2402,2,5,10,3
2014460237639,3,9,0,18,0,1,0,0,0,0,2,1,6,1,48,8,1951,2,10,8,1
2014460237639,4,9,0,18,0,1,0,0,0,0,1,1,6,1,58,9,1995,2,3,7,1
2014460237639,5,9,0,10,0,1,0,0,0,0,2,1,6,1,66,10,2500,2,21,7,3
2014460237640,1,9,0,9,0,6,0,0,0,0,3,1,6,3,-1,-1,-1,-1,-1,-1,-1
2014460237640,2,3,0,18,0,2,0,0,0,0,1,1,2,1,23,5,124,1,-1,9,1
2014460237641,1,9,0,18,0,0,1,0,0,0,3,1,6,1,42,7,1587,1,14,7,1
2014460237641,2,9,0,18,0,0,1,0,0,0,3,1,6,1,54,8,1468,1,4,3,1
2014460237644,1,9,0,18,0,3,0,0,0,0,1,1,6,1,29,6,1598,1,9,4,1
2014460237646,1,9,0,18,0,0,0,0,0,0,1,1,6,1,52,8,2926,2,11,8,1
2014460237646,2,9,0,3,0,0,0,0,0,0,2,1,6,2,30,6,3222,2,10,6,1
2014460237646,3,9,0,3,0,0,0,0,0,0,2,1,6,1,48,8,-1,-1,-1,2,1
2014460237648,1,9,0,18,0,0,0,0,0,0,1,1,6,3,-1,-1,-1,-1,-1,-1,-1
2014460237648,2,2,0,18,0,0,0,0,0,0,2,1,6,1,32,6,-1,-1,-1,8,1
2014460237649,1,9,0,18,0,1,0,0,0,0,1,1,6,1,-1,-1,-1,-1,-1,-1,-1
2014460237652,1,9,0,10,0,1,0,0,0,0,3,1,1,2,51,8,2179,2,1,7,3
2014460237652,2,9,0,18,0,1,0,0,0,0,1,1,6,2,64,9,1498,1,5,3,1
2014460237656,1,9,0,18,0,1,0,0,0,0,1,1,6,1,31,6,1299,1,13,8,1
2014460237656,2,9,0,9,0,1,0,0,0,0,2,1,6,1,51,8,1299,1,17,1,2
2014460237657,1,9,0,4,0,1,1,0,0,0,1,1,1,2,42,7,-1,-1,-1,-1,1
2014460237657,2,9,0,10,0,1,0,0,7,0,4,1,1,1,49,8,1560,2,1,7,1
2014460237664,1,9,0,9,0,1,0,0,0,0,4,1,6,2,29,6,1596,1,8,7,1
2014460237664,2,3,0,18,0,1,0,0,0,0,1,1,2,1,31,6,124,1,9,2,1
2014460237667,1,9,0,9,0,8,0,0,0,0,4,1,6,1,45,7,1360,1,10,3,1
2014460237668,1,9,0,18,0,0,0,0,1,4,1,1,6,2,21,5,-1,-1,-1,4,1
2014460237669,1,9,0,9,0,6,0,0,0,0,4,1,6,2,49,8,1598,1,11,-1,-1
2014460237669,2,3,0,18,0,8,0,0,0,0,1,1,6,1,18,4,125,1,6,5,2
2014460237670,1,9,0,9,0,8,0,0,0,0,1,1,6,2,56,9,1984,1,13,2,1
2014460237671,1,9,0,18,0,0,0,0,0,0,4,1,1,2,31,6,2000,1,10,1,1
2014460237671,2,19,0,18,0,0,0,0,0,0,1,1,1,1,37,7,7200,2,9,4,3
2014460237673,1,9,0,9,0,5,0,0,0,0,4,1,6,1,53,8,1956,2,2,2,1
2014460237673,2,9,0,18,0,1,0,0,0,0,4,1,6,1,58,9,1753,2,4,4,1
2014460237677,1,21,0,12,0,0,0,0,0,0,3,1,1,1,48,8,-1,-1,-1,-1,-1
2014460237677,2,9,0,18,0,0,1,0,2,7,4,1,1,2,26,6,998,1,3,8,1
2014460237679,1,21,0,18,0,0,0,0,0,0,4,1,6,3,-1,-1,-1,-1,-1,-1,-1
2014460237681,1,9,0,7,0,1,0,0,0,0,3,1,6,1,72,10,1598,2,4,4,1
2014460237681,2,9,0,9,0,1,0,0,0,0,3,1,6,1,30,6,1598,1,1,4,1
2014460237682,1,5,0,18,0,0,0,10,0,0,1,1,6,1,50,8,649,1,5,2,1
2014460237685,1,9,0,4,0,0,0,0,0,0,1,1,6,2,50,8,1240,1,9,7,3
2014460237685,2,9,0,3,0,0,0,0,0,0,2,1,1,2,52,8,1598,1,2,-1,3
2014460237686,1,9,0,12,0,1,0,4,0,0,1,1,6,1,27,6,1493,1,19,4,1
2014460237686,2,9,0,2,0,1,0,0,0,0,3,1,6,1,56,9,4196,1,6,-1,-1
2014460237691,1,1,0,18,0,0,1,11,0,0,0,1,6,1,61,9,-1,-1,-1,7,3
2014460237692,1,9,0,1,0,1,0,0,0,0,2,1,1,1,31,6,1598,2,3,-1,-1
2014460237692,2,9,0,3,0,1,0,0,0,0,1,1,1,1,43,7,1995,2,1,9,1
2014460237696,1,21,0,12,0,0,0,0,0,0,1,1,1,1,59,9,-1,-1,-1,-1,-1
2014460237696,2,9,0,15,0,0,0,0,0,0,4,1,2,2,39,7,1598,1,6,-1,-1
2014460237704,1,9,0,7,0,6,0,0,0,0,1,1,6,2,26,6,973,1,12,7,1
2014460237704,2,9,0,16,0,2,0,0,0,0,2,1,6,2,76,11,998,1,8,6,3
2014460237704,3,9,0,17,0,1,0,0,0,0,1,1,6,2,53,8,1796,1,7,7,1
2014460237725,1,21,0,11,0,0,0,0,0,0,3,1,1,1,41,7,-1,-1,-1,-1,-1
2014460237725,2,9,0,12,0,0,0,0,7,6,4,1,1,2,42,7,1560,2,4,7,1
2014460237730,1,11,0,18,0,0,0,11,0,0,0,1,1,3,-1,-1,-1,-1,-1,-1,-1
2014460237735,1,9,0,18,0,6,0,0,0,0,1,1,6,3,-1,-1,-1,-1,-1,-1,-1
2014460237735,2,9,0,18,0,8,0,0,0,0,3,1,6,2,59,9,1598,1,7,5,1
2014460237738,1,3,0,14,0,1,1,0,0,0,4,1,6,2,33,6,124,1,1,8,1
2014460237738,2,9,0,3,0,1,0,0,0,0,0,1,6,2,21,5,1242,1,8,6,1
2014460237738,3,9,0,5,0,1,0,0,0,0,2,1,6,2,33,6,2776,2,7,6,2
2014460237740,1,9,0,16,0,0,2,0,7,3,1,1,6,1,45,7,1999,1,13,6,2
2014460237742,1,9,0,18,0,1,0,0,0,0,1,1,6,2,72,10,-1,-1,-1,7,3
2014460237742,2,9,0,4,0,1,0,0,0,0,2,1,1,2,43,7,1896,2,13,7,3
2014460237742,3,19,0,7,0,5,0,0,0,0,2,1,1,2,43,7,1248,2,6,9,1
2014460237743,1,9,0,18,0,0,1,0,2,7,4,1,6,1,27,6,-1,-1,-1,-1,-1
2014460237745,1,9,0,4,0,1,0,0,0,0,1,1,6,1,22,5,1598,1,10,4,1
2014460237745,2,9,0,3,0,1,0,0,0,0,2,1,6,1,41,7,1360,1,14,1,1
2014460237747,1,9,0,12,0,1,0,0,0,0,3,1,6,1,58,9,-1,-1,-1,4,1
2014460237747,2,9,0,18,0,1,0,0,0,0,4,1,6,1,37,7,1948,1,10,1,1
2014460237749,1,9,0,9,0,6,0,0,0,0,1,1,6,2,34,6,1896,2,11,5,3
2014460237749,2,9,0,18,0,1,0,0,0,0,4,1,6,1,63,9,1686,2,3,5,2
2014460237761,1,9,0,16,0,5,0,0,0,0,3,1,6,1,66,10,1560,2,5,6,1
2014460237765,1,9,0,12,0,3,0,0,0,0,3,1,6,1,42,7,-1,-1,-1,-1,-1
2014460237765,2,9,0,18,0,3,0,0,0,0,4,1,6,1,33,6,1396,1,4,-1,2
2014460237769,1,9,0,1,0,6,0,0,0,0,2,1,1,2,-1,-1,1364,1,9,-1,-1
2014460237770,1,9,0,18,0,4,0,0,0,0,1,1,1,1,35,6,-1,-1,-1,4,1
2014460237770,2,1,0,18,0,8,0,0,0,0,1,1,6,1,34,6,-1,-1,-1,5,1
2014460237773,1,9,0,18,0,3,0,0,1,9,4,1,6,2,35,6,998,1,1,5,1
2014460237774,1,9,0,18,0,0,0,0,0,0,1,1,3,1,61,9,1198,1,12,2,1
2014460237778,1,5,0,18,0,0,1,0,0,0,4,1,2,1,41,7,900,1,14,3,1
2014460237780,1,9,0,18,0,4,0,0,0,0,1,1,6,1,27,6,1360,1,5,5,1
2014460237780,2,9,0,4,0,4,0,0,0,0,2,1,6,1,27,6,1299,1,9,5,1
2014460237781,1,9,0,18,0,0,1,0,0,0,1,1,2,1,22,5,-1,-1,-1,8,3
2014460237781,2,9,0,9,0,0,1,0,0,0,2,1,6,1,53,8,1896,2,6,10,1
2014460237783,1,9,0,17,0,0,5,0,1,4,1,1,6,1,40,7,-1,-1,-1,9,1
2014460237784,1,9,0,3,0,6,0,0,0,0,1,1,6,1,52,8,1896,2,11,6,3
2014460237784,2,9,0,18,0,8,1,0,0,0,1,1,6,1,29,6,1299,1,16,5,3
2014460237784,3,9,0,3,0,5,0,0,0,0,1,1,6,1,53,8,2494,2,11,7,2
2014460237786,1,9,0,18,0,3,0,0,7,0,1,1,6,1,76,11,1599,1,18,4,1
2014460237786,2,9,0,18,0,4,0,0,0,0,1,1,1,2,59,9,-1,-1,-1,-1,-1
2014460237788,1,9,0,4,0,4,0,0,0,0,3,1,1,2,64,9,-1,-1,-1,8,3
2014460237788,2,5,0,4,0,4,0,0,0,0,1,1,1,1,21,5,790,1,10,8,1
2014460237795,1,9,0,18,0,4,0,0,0,0,1,1,6,1,71,10,1240,1,4,7,1
2014460237795,2,9,0,18,0,4,0,0,0,0,2,1,6,1,55,8,1956,2,2,8,1
2014460237797,1,9,0,9,0,6,0,0,0,0,3,1,6,1,60,9,1299,1,11,4,3
2014460237797,2,1,0,18,0,1,1,0,0,0,1,1,6,1,73,10,-1,-1,-1,-1,-1
2014460237801,1,9,0,9,0,6,0,0,0,0,3,1,6,1,70,10,2980,2,18,6,3
2014460237801,2,9,0,18,0,8,0,0,0,0,1,1,6,1,50,8,1995,1,8,9,2
2014460237809,1,9,0,12,0,0,0,0,0,0,1,1,6,3,-1,-1,-1,-1,-1,-1,-1
2014460237809,2,9,0,18,0,0,0,0,5,6,3,1,6,1,51,8,-1,-1,-1,-1,1
2014460237811,1,9,0,10,0,6,0,0,0,0,1,1,3,2,42,7,1997,1,13,-1,-1
2014460237811,2,9,0,18,0,1,0,0,0,0,4,1,1,1,30,6,-1,-1,-1,7,2
2014460237816,1,21,1,11,0,0,0,0,0,0,4,2,1,1,40,7,-1,-1,-1,-1,-1
2014460237816,2,9,0,15,0,0,5,7,4,6,3,1,6,2,35,6,1951,2,9,2,1
2014460237817,1,9,0,18,0,5,1,0,0,0,1,1,6,2,70,10,1339,1,10,6,1
2014460237817,2,9,0,18,0,5,0,0,0,0,2,1,6,1,37,7,1995,2,1,9,1
2014460237819,1,9,0,18,0,0,2,0,1,9,4,1,2,1,42,7,1597,1,16,4,1
2014460237823,1,9,0,18,0,0,0,0,0,0,1,1,6,3,-1,-1,1598,1,10,-1,-1
2014460237824,1,9,0,4,0,0,1,0,0,0,1,1,1,1,34,6,1997,2,2,-1,1
2014460237824,2,9,0,18,0,0,0,0,0,0,1,1,1,1,32,6,1390,1,3,9,3
2014460237829,1,9,0,5,0,4,0,0,0,0,1,1,1,1,42,7,-1,-1,-1,3,1
2014460237829,2,9,0,3,0,1,0,0,0,0,2,1,2,1,20,4,-1,-1,-1,9,2
2014460237830,1,9,0,4,0,0,0,0,0,0,1,1,1,1,18,4,999,1,15,7,1
2014460237830,2,9,0,4,0,0,0,0,1,0,2,1,1,2,20,4,1598,1,1,7,1
2014460237833,1,9,0,18,0,1,0,0,0,0,1,1,6,2,23,5,1560,2,1,3,1
2014460237833,2,9,0,3,0,1,0,0,0,0,2,1,6,2,60,9,1390,1,9,7,3
2014460237835,1,9,0,18,0,2,5,4,0,0,1,1,6,3,-1,-1,2494,1,15,-1,-1
2014460237835,2,9,0,18,0,2,0,0,0,0,0,1,1,1,39,7,2993,2,1,4,1
2014460237835,3,9,0,2,0,2,0,0,7,0,2,1,6,2,67,10,1598,2,1,4,1
2014460237835,4,9,0,2,0,2,0,0,7,0,2,1,6,1,42,7,1968,2,6,-1,-1
2014460237835,5,9,0,2,0,2,0,0,0,0,2,1,6,1,26,6,1598,1,8,4,1
2014460237835,6,9,0,2,0,2,0,0,0,0,2,1,6,1,73,10,1199,2,2,-1,-1
2014460237835,7,9,0,2,0,2,0,0,0,0,2,1,6,2,21,5,998,1,3,-1,-1
2014460237839,1,9,0,10,0,1,0,0,0,0,3,1,1,2,58,9,1560,2,6,8,2
2014460237839,2,9,0,18,0,1,0,0,1,3,3,1,6,2,44,7,1896,2,9,7,3
2014460237840,1,9,0,18,0,1,0,0,0,0,1,1,6,2,22,5,1124,1,13,8,1
2014460237840,2,9,0,3,0,1,0,0,0,0,2,1,6,1,17,4,1248,2,5,7,1
2014460237840,3,9,0,10,0,1,0,0,0,0,2,1,6,2,23,5,1364,1,6,6,1
2014460237843,1,9,0,5,0,6,0,0,0,0,1,1,6,2,23,5,1300,1,16,4,1
2014460237843,2,9,0,18,0,8,0,0,0,0,4,1,6,1,25,5,3199,1,15,4,1
2014460237844,1,9,0,18,0,2,0,0,0,0,3,1,2,2,49,8,1364,1,-1,5,1
2014460237845,1,11,0,18,0,1,0,0,0,0,1,1,1,1,49,8,-1,-1,-1,-1,-1
2014460237845,2,9,0,13,0,1,0,0,0,0,4,1,6,2,35,6,1461,2,3,4,1
2014460237849,1,9,0,9,0,2,0,0,0,0,4,1,1,1,45,7,1422,2,10,9,1
2014460237849,2,9,0,18,0,2,0,0,0,0,1,1,6,1,43,7,1995,2,4,10,1
2014460237861,1,9,0,18,0,0,0,0,0,0,0,1,6,3,-1,-1,-1,-1,-1,-1,-1
2014460237862,1,9,0,18,0,1,0,0,0,0,4,1,6,1,21,5,1796,1,6,5,1
2014460237866,1,9,0,7,0,1,0,0,0,0,1,1,6,1,25,5,1388,1,9,-1,1
2014460237866,2,9,0,7,0,1,0,0,0,0,2,1,6,2,19,4,1149,1,11,9,2
2014460237868,1,9,0,9,0,6,0,0,0,0,3,1,2,2,71,10,1995,1,5,10,1
2014460237868,2,9,0,18,0,1,0,0,0,0,1,1,3,2,39,7,2720,2,4,6,3
2014460237880,1,9,0,18,0,2,0,0,0,0,1,1,6,1,64,9,1198,1,12,2,1
2014460237881,1,9,0,18,0,1,0,0,0,0,1,1,6,3,-1,-1,1968,2,5,-1,-1
2014460237881,2,19,0,7,0,5,0,0,0,0,2,1,1,1,36,7,1248,2,3,7,1
2014460237882,1,9,0,18,0,0,2,0,1,9,1,1,2,2,54,8,1242,1,14,8,2
2014460237889,1,9,0,9,0,8,0,0,0,0,0,1,6,3,-1,-1,-1,-1,-1,-1,-1
2014460237889,2,5,0,18,0,1,1,0,0,0,3,1,6,1,20,4,645,1,5,4,1
2014460237890,1,1,0,18,0,8,0,0,0,0,1,1,2,2,31,6,-1,-1,-1,7,1
2014460237890,2,9,0,18,0,8,0,0,0,0,4,1,6,1,28,6,1753,2,11,2,1
2014460237892,1,9,0,3,0,1,0,0,0,0,1,1,6,1,21,5,1199,1,12,-1,-1
2014460237892,2,2,0,18,0,1,0,0,0,0,1,1,6,1,16,4,49,1,1,5,1
2014460237893,1,9,0,18,0,0,0,11,0,0,1,1,6,2,55,8,1242,1,3,9,1
2014460237893,2,9,0,18,0,0,0,0,0,0,0,1,6,3,-1,-1,-1,-1,-1,-1,-1
2014460237893,3,9,0,18,0,0,1,0,0,0,0,1,6,1,20,4,-1,-1,-1,3,1
2014460237894,1,9,0,15,0,0,0,0,0,0,4,1,6,1,60,9,1598,1,1,-1,3
2014460237894,2,9,0,2,0,0,0,0,0,0,4,1,3,2,36,7,-1,-1,-1,8,1
2014460237895,1,21,0,11,0,1,0,0,0,0,4,2,1,1,55,8,-1,-1,-1,-1,-1
2014460237895,2,9,0,18,0,1,0,0,0,0,3,1,6,2,41,7,1988,1,15,5,3
2014460237898,1,3,0,14,0,0,0,0,0,0,1,1,6,1,32,6,-1,-1,-1,4,1
2014460237900,1,19,0,15,0,0,0,4,0,0,1,1,1,1,24,5,2298,2,2,3,1