Accident_Index,Vehicle_Reference,Vehicle_Type,Towing_and_Articulation,Vehicle_Manoeuvre,Vehicle_Location-Restricted_Lane,Junction_Location,Skidding_and_Overturning,Hit_Object_in_Carriageway,Vehicle_Leaving_Carriageway,Hit_Object_off_Carriageway,1st_Point_of_Impact,Was_Vehicle_Left_Hand_Drive?,Journey_Purpose_of_Driver,Sex_of_Driver,Age_of_Driver,Age_Band_of_Driver,Engine_Capacity_(CC),Propulsion_Code,Age_of_Vehicle,Driver_IMD_Decile,Driver_Home_Area_Type
2014460238390,1,9,0,4,0,0,0,0,0,0,1,1,6,2,67,10,1689,2,14,7,1
2014460238399,1,9,0,11,0,0,1,0,0,0,2,1,6,2,33,6,1596,1,9,1,1
2014460238399,2,20,5,18,0,0,0,0,0,0,1,1,1,1,24,5,15000,2,9,3,1
2014460238400,1,9,0,17,0,0,0,0,1,10,1,1,6,3,-1,-1,-1,-1,-1,-1,-1
2014460238400,2,9,0,16,0,0,0,0,0,0,0,1,6,1,44,7,1242,1,10,5,2
2014460238403,1,9,0,18,0,2,5,0,1,10,1,1,1,1,23,5,1360,1,8,10,1
2014460238404,1,21,0,5,0,8,0,0,0,0,1,1,6,1,34,6,15928,2,3,9,3
2014460238404,2,9,0,5,0,3,0,0,0,0,3,1,6,2,21,5,1299,1,9,8,1
2014460238408,1,9,0,18,0,0,0,0,0,0,3,1,1,1,27,6,-1,-1,-1,-1,-1
2014460238408,2,9,0,18,0,0,0,0,4,6,4,1,1,2,32,6,1598,1,11,10,1
2014460238410,1,9,0,7,0,1,0,0,0,0,1,1,1,1,73,10,1596,1,7,8,3
2014460238410,2,1,0,18,0,1,0,0,0,0,1,1,1,1,44,7,-1,-1,-1,8,1
2014460238411,1,9,0,18,0,0,1,0,0,0,1,1,1,2,22,5,1397,1,3,6,3
2014460238411,2,9,0,3,0,0,0,0,0,0,2,1,1,2,20,4,1248,2,7,5,1
2014460238411,3,9,0,18,0,0,0,0,0,0,1,1,1,1,42,7,1796,1,12,9,1
2014460238413,1,9,0,18,0,0,0,0,7,10,1,1,1,2,30,6,1124,1,8,3,1
2014460238414,1,9,0,18,0,8,0,0,0,0,1,1,2,2,30,6,998,1,12,5,1
2014460238414,2,9,0,18,0,8,0,0,0,0,2,1,2,2,55,8,1397,1,4,6,1
2014460238414,3,9,0,18,0,8,0,0,0,0,2,1,2,1,35,6,1796,1,10,5,1
2014460238415,1,9,0,18,0,1,0,0,0,0,1,1,6,3,-1,-1,-1,-1,-1,-1,-1
2014460238415,2,9,0,18,0,1,0,0,0,0,2,1,6,1,69,10,1229,1,9,8,1
2014460238415,3,9,0,18,0,1,0,0,0,0,2,1,1,2,37,7,1498,1,5,9,1
2014460238420,1,5,0,14,0,1,0,0,0,0,1,1,6,1,63,9,1649,1,3,8,2
2014460238420,2,9,0,10,0,1,0,0,0,0,3,1,6,2,27,6,1199,1,13,7,2
2014460238421,1,9,0,18,0,1,0,0,1,4,1,1,6,1,33,6,1149,1,13,6,2
2014460238425,1,9,0,18,0,8,0,0,0,0,1,1,6,2,37,7,1360,1,11,2,1
2014460238425,2,9,0,18,0,8,0,0,0,0,1,1,6,1,39,7,1896,2,9,5,1
2014460238425,3,9,0,18,0,8,0,0,0,0,1,1,6,2,43,7,1199,1,14,5,1
2014460238433,1,1,0,18,0,1,0,0,0,0,1,1,6,1,19,4,-1,-1,-1,1,3
2014460238433,2,9,0,10,0,1,0,0,0,0,2,1,6,1,33,6,1560,2,8,6,1
2014460238439,1,9,0,18,0,0,2,0,0,0,3,1,2,1,34,6,1995,2,9,5,2
2014460238442,1,9,0,18,0,2,0,0,0,0,1,1,6,1,25,5,1995,2,6,8,3
2014460238442,2,19,0,3,0,2,0,0,0,0,2,1,2,1,58,9,2402,2,5,3,1
2014460238442,3,9,0,3,0,2,0,0,0,0,2,1,2,1,30,6,1956,2,4,3,1
2014460238443,1,9,0,18,0,0,0,0,0,0,4,1,6,1,27,6,1753,2,10,-1,3
2014460238445,1,9,0,18,0,8,0,0,0,0,1,1,6,1,50,8,-1,-1,-1,-1,-1
2014460238445,2,9,0,9,0,5,0,0,0,0,4,1,1,2,28,6,-1,-1,-1,4,3
2014460238449,1,9,0,18,0,0,0,0,0,0,1,1,6,2,-1,-1,1242,1,7,5,1
2014460238449,2,9,0,3,0,0,0,0,0,0,2,1,6,2,42,7,1984,1,10,6,1
2014460238452,1,9,0,18,0,2,0,0,0,0,1,1,6,1,49,8,1997,1,22,-1,-1
2014460238461,1,19,0,18,0,0,0,0,0,0,4,1,6,3,-1,-1,-1,-1,-1,-1,-1
2014460238463,1,19,0,13,0,0,0,0,0,0,4,1,6,3,-1,-1,-1,-1,-1,-1,-1
2014460238463,2,1,0,18,0,0,0,0,0,0,3,1,6,1,63,9,-1,-1,-1,7,3
2014460238469,1,90,0,18,0,0,0,0,0,0,1,1,1,1,45,7,-1,-1,-1,-1,1
2014460238469,2,1,0,18,0,0,1,0,0,0,1,1,6,2,26,6,-1,-1,-1,7,3
2014460238470,1,9,0,18,0,8,0,0,0,0,1,1,6,1,69,10,1400,1,19,10,1
2014460238470,2,1,0,18,0,1,0,0,0,0,1,1,6,1,16,4,-1,-1,-1,-1,1
2014460238474,1,5,0,18,0,0,1,10,1,0,1,1,6,1,67,10,1300,1,78,4,1
2014460238475,1,9,0,9,0,4,0,0,0,0,1,1,6,2,38,7,1896,2,11,-1,1
2014460238477,1,9,0,18,0,0,0,0,0,0,1,1,6,1,85,11,-1,-1,-1,8,1
2014460238477,2,9,0,4,0,0,0,0,0,0,2,1,1,1,22,5,-1,-1,-1,5,2
2014460238477,3,9,0,4,0,0,0,0,0,0,2,1,6,2,-1,-1,-1,-1,-1,-1,-1
2014460238479,1,9,0,17,0,0,0,0,0,0,1,1,6,2,20,4,1995,2,5,7,3
2014460238479,2,9,0,16,0,0,0,0,0,0,1,1,6,1,20,4,1242,1,11,10,2
2014460238490,1,9,0,18,0,1,0,0,3,2,1,1,6,2,35,6,1896,2,15,2,1
2014460238491,1,9,0,17,0,0,0,0,1,4,4,1,6,2,26,6,1896,2,11,7,1
2014460238494,1,9,0,18,0,0,0,0,0,0,4,1,6,3,-1,-1,-1,-1,-1,-1,-1
2014460238498,1,9,0,16,0,0,0,0,0,0,4,1,6,2,52,8,1343,1,12,3,1
2014460238504,1,9,0,4,0,4,0,0,0,0,2,1,6,2,25,5,998,1,7,4,1
2014460238504,2,5,0,4,0,4,0,0,0,0,1,1,2,1,25,5,599,1,14,4,2
2014460238507,1,9,0,18,0,2,0,0,0,0,1,1,6,3,-1,-1,-1,-1,-1,-1,-1
2014460238507,2,2,0,18,0,2,0,0,0,0,2,1,6,1,16,4,-1,-1,-1,8,1
2014460238512,1,9,0,17,0,1,0,0,0,0,1,1,6,1,60,9,2261,2,7,5,1
2014460238512,2,1,0,17,0,1,0,0,0,0,2,1,6,1,46,8,-1,-1,-1,4,1
2014460238514,1,9,0,18,0,1,0,0,0,0,1,1,2,1,63,9,1560,2,7,3,1
2014460238514,2,9,0,4,0,1,0,0,1,0,2,1,2,2,27,6,998,1,1,6,1
2014460238514,3,9,0,4,0,1,0,0,0,0,2,1,6,2,56,9,1299,1,11,6,1
2014460238516,1,9,0,18,0,5,0,0,0,0,1,1,6,2,40,7,1956,2,2,-1,-1
2014460238516,2,9,0,18,0,5,0,0,0,0,2,1,6,1,54,8,1598,2,4,7,1
2014460238519,1,9,0,12,0,1,1,0,4,6,1,1,6,2,23,5,1997,1,11,9,1
2014460238519,2,9,0,4,0,1,0,0,0,0,2,1,6,1,62,9,998,1,3,10,1
2014460238520,1,9,0,12,0,0,0,0,0,0,3,1,6,3,-1,-1,-1,-1,-1,-1,-1
2014460238520,2,4,0,18,0,0,0,0,0,0,1,1,1,1,56,9,-1,-1,-1,6,1
2014460238521,1,21,1,18,0,0,0,0,0,0,1,1,1,1,27,6,12900,2,6,2,1
2014460238521,2,9,0,18,0,0,0,0,0,0,3,1,6,1,38,7,1390,1,12,2,1
2014460238526,1,9,0,18,0,0,0,0,0,0,1,1,6,2,23,5,995,1,8,3,1
2014460238526,2,9,0,18,0,0,0,0,0,0,2,1,6,2,23,5,1598,1,11,10,1
2014460238526,3,9,0,18,0,0,0,0,0,0,2,1,6,1,51,8,1461,2,4,7,1
2014460238528,1,9,0,18,0,0,0,0,0,0,1,1,6,1,52,8,1598,1,4,6,1
2014460238528,2,9,0,18,0,0,0,0,0,0,1,1,6,2,43,7,1984,1,17,6,2
2014460238535,1,9,0,11,0,8,1,0,2,7,2,1,6,1,34,6,-1,-1,-1,2,1
2014460238535,2,9,0,18,0,8,0,0,0,0,1,1,6,1,69,10,1587,1,5,4,1
2014460238539,1,9,0,7,0,6,0,0,0,0,3,1,6,2,41,7,1596,1,1,8,3
2014460238539,2,9,0,18,0,1,0,0,0,0,1,1,6,1,67,10,1905,2,20,8,2
2014460238546,1,1,0,18,0,0,0,0,0,0,3,1,6,1,31,6,-1,-1,-1,4,1
2014460238546,2,9,0,18,0,0,0,0,0,0,1,1,2,1,26,6,1781,1,13,1,1
2014460238549,1,9,0,18,0,0,0,0,0,0,1,1,6,1,67,10,1796,1,10,9,1
2014460238549,2,9,0,18,0,0,0,0,0,0,2,1,6,2,50,8,1995,2,3,6,3
2014460238549,3,19,0,18,0,0,0,0,0,0,2,1,6,1,37,7,2198,2,3,2,1
2014460238550,1,20,0,10,0,1,0,0,0,0,0,1,6,1,49,8,-1,-1,-1,-1,-1
2014460238551,1,9,0,18,0,0,0,0,0,0,4,1,6,1,64,9,1998,2,8,7,3
2014460238552,1,19,0,18,0,7,1,0,0,0,1,1,1,1,24,5,-1,-1,-1,-1,-1
2014460238552,2,9,0,3,0,2,0,0,0,0,2,1,6,1,42,7,1968,2,7,10,2
2014460238552,3,9,0,3,0,2,0,0,0,0,2,1,1,1,71,10,1997,2,11,7,1
2014460238553,1,9,0,18,0,6,1,0,0,0,4,1,6,2,84,11,1896,2,12,9,1
2014460238553,2,9,0,18,0,1,1,0,0,0,1,1,3,2,51,8,1997,2,11,7,3
2014460238554,1,9,0,5,0,4,0,0,0,0,1,1,1,2,46,8,1598,1,11,7,1
2014460238554,2,1,0,18,0,8,0,0,0,0,1,1,1,1,55,8,-1,-1,-1,6,1
2014460238556,1,9,0,18,0,0,0,0,0,0,1,1,6,3,-1,-1,-1,-1,-1,-1,-1
2014460238556,2,9,0,2,0,0,0,0,0,0,3,1,6,2,23,5,1598,1,10,9,1
2014460238559,1,9,0,5,0,6,0,0,0,0,3,1,6,2,61,9,1598,2,3,9,1
2014460238559,2,1,0,18,0,1,0,0,0,0,1,1,6,1,49,8,-1,-1,-1,3,1
2014460238561,1,9,0,11,0,1,0,0,0,0,4,1,2,1,52,8,1989,1,15,6,1
2014460238561,2,2,0,18,0,1,0,0,0,0,3,1,2,1,32,6,49,1,11,4,1
2014460238562,1,9,0,18,0,0,0,0,0,0,1,1,6,2,34,6,2497,1,13,1,1
2014460238562,2,9,0,18,0,0,0,0,0,0,1,1,6,2,42,7,1870,2,8,2,1
2014460238563,1,9,0,8,0,4,0,0,0,0,1,1,6,1,32,6,1587,1,13,4,1
2014460238563,2,9,0,8,0,4,0,0,0,0,2,1,6,1,18,4,1242,1,7,-1,-1
2014460238566,1,9,0,9,0,5,0,0,0,0,4,1,2,1,20,4,1388,1,4,-1,-1
2014460238566,2,9,0,18,0,1,0,0,0,0,1,1,2,1,63,9,1686,2,1,7,1
2014460238567,1,21,0,4,0,1,0,0,0,0,1,1,1,1,43,7,4462,2,1,3,1
2014460238567,2,9,0,4,0,2,0,0,1,0,2,1,1,1,57,9,-1,-1,-1,9,1
2014460238567,3,9,0,3,0,1,0,0,0,0,2,1,1,1,59,9,2967,2,4,5,3
2014460238568,1,9,0,18,0,0,0,0,4,1,3,1,6,1,51,8,1783,1,14,2,1
2014460238569,1,9,0,9,0,5,0,0,0,0,4,1,6,1,48,8,1343,1,11,9,1
2014460238569,2,9,0,18,0,8,1,0,1,4,1,1,6,1,57,9,1984,1,2,-1,-1
2014460238570,1,9,0,9,0,6,0,0,0,0,4,1,6,2,60,9,998,1,12,10,1
2014460238570,2,9,0,3,0,1,1,0,1,7,1,1,6,1,30,6,2204,2,7,9,1
2014460238570,3,9,0,3,0,1,0,0,0,0,0,1,6,2,48,8,1997,2,14,10,1
2014460238571,1,9,0,18,0,0,0,0,0,0,1,1,6,1,23,5,1998,1,9,7,2
2014460238571,2,9,0,2,0,0,0,0,0,0,2,1,6,2,39,7,2172,2,13,9,3
2014460238577,1,9,0,7,0,6,0,0,0,0,1,1,6,2,22,5,998,1,11,10,1
2014460238577,2,9,0,18,0,1,0,0,0,0,4,1,6,2,19,4,1229,1,9,9,1
2014460238580,1,9,0,7,0,6,0,0,0,0,1,1,6,1,19,4,1796,1,4,5,3
2014460238580,2,9,0,18,0,2,0,0,0,0,4,1,6,2,38,7,1994,2,16,4,1
2014460238586,1,9,0,5,0,0,0,0,0,0,1,1,6,1,45,7,1398,1,3,3,1
2014460238586,2,9,0,3,0,0,0,0,0,0,2,1,6,1,61,9,998,1,3,6,1
2014460238586,3,9,0,3,0,0,0,0,0,0,2,1,6,3,-1,-1,1560,2,4,-1,-1
2014460238586,4,9,0,3,0,0,0,0,0,0,2,1,6,3,-1,-1,2400,2,4,-1,-1
2014460238587,1,9,0,9,0,8,0,0,0,0,1,1,6,3,-1,-1,-1,-1,-1,-1,-1
2014460238587,2,9,0,9,0,8,0,0,0,0,1,1,6,1,25,5,2987,2,7,2,1
2014460238591,1,9,0,18,0,0,0,0,0,0,1,1,6,2,40,7,1596,1,10,2,1
2014460238591,2,9,0,4,0,0,0,0,0,0,2,1,6,1,56,9,1910,2,7,8,1
2014460238591,3,9,0,18,0,0,0,0,0,0,1,1,6,2,39,7,1796,1,10,7,1
2014460238592,1,9,0,18,0,2,0,0,0,0,4,1,6,2,38,7,1995,2,2,7,1
2014460238595,1,9,0,4,0,0,0,0,0,0,0,1,6,3,-1,-1,-1,-1,-1,-1,-1
2014460238595,2,11,0,18,0,0,0,0,0,0,0,1,1,1,-1,-1,9600,2,19,1,1
2014460238598,1,9,0,18,0,1,1,4,0,0,1,1,3,1,37,7,1598,1,14,4,1
2014460238598,2,90,0,2,0,1,0,0,0,0,2,1,1,1,35,6,7142,2,6,7,1
2014460238603,1,9,0,18,0,1,0,0,0,0,0,1,6,3,-1,-1,-1,-1,-1,-1,-1
2014460238603,2,9,0,3,0,1,0,0,0,0,1,1,6,1,37,7,1686,2,6,1,1
2014460238603,3,9,0,18,0,1,0,0,0,0,2,1,6,1,50,8,1289,1,16,1,1
2014460238604,1,8,0,18,0,4,0,0,1,10,1,1,1,1,44,7,1968,2,2,5,1
2014460238620,1,9,0,18,0,0,0,0,0,0,1,1,3,2,19,4,1599,1,12,10,1
2014460238620,2,9,0,4,0,0,0,0,0,0,2,1,1,1,61,9,1598,2,1,9,1
2014460238628,1,8,0,13,0,0,5,0,5,4,3,1,2,1,62,9,2402,2,8,-1,1
2014460238629,1,9,0,18,0,0,0,0,0,0,3,1,6,3,-1,-1,-1,-1,-1,-1,-1
2014460238629,2,9,0,2,0,0,0,0,0,0,4,1,3,2,31,6,-1,-1,-1,3,1
2014460238631,1,9,0,18,0,0,0,0,0,0,4,1,2,2,27,6,1364,2,5,9,2
2014460238631,2,1,0,18,0,0,0,0,0,0,3,1,2,1,47,8,-1,-1,-1,6,3
2014460238632,1,9,0,8,0,1,0,0,0,0,4,1,6,3,-1,-1,1560,2,3,-1,-1
2014460238633,1,9,0,18,0,0,0,0,4,6,1,1,6,1,19,4,1995,2,1,1,1
2014460238633,2,9,0,18,0,0,0,0,0,0,1,1,6,1,21,5,2148,2,6,1,1
2014460238633,3,9,0,18,0,0,0,0,0,0,4,1,6,1,19,4,1598,2,1,1,1
2014460238633,4,9,0,18,0,0,0,0,2,7,2,1,1,1,41,7,1896,2,8,3,1
2014460238635,1,9,0,18,0,6,0,0,0,0,1,1,6,1,-1,-1,1900,2,16,-1,-1
2014460238635,2,1,0,18,0,1,0,0,0,0,3,1,6,1,38,7,-1,-1,-1,9,1
2014460238636,1,9,0,18,0,1,0,0,0,0,3,1,6,1,48,8,1995,2,2,8,3
2014460238637,1,9,0,9,0,2,0,0,0,0,4,1,6,2,53,8,1461,2,4,5,3
2014460238637,2,9,0,18,0,2,0,0,0,0,1,1,1,2,41,7,-1,-1,-1,6,1
2014460238639,1,1,0,18,5,0,0,0,0,0,0,1,6,2,48,8,-1,-1,-1,3,1
2014460238644,1,9,0,10,0,1,0,0,0,0,1,1,6,2,24,5,1396,1,10,7,1
2014460238644,2,9,0,18,0,1,0,0,0,0,3,1,6,1,71,10,1598,1,10,6,2
2014460238663,1,9,0,18,0,8,0,7,0,0,3,1,2,1,25,5,1986,2,9,-1,-1
2014460238663,2,9,0,18,0,8,0,0,0,0,3,1,6,1,43,7,1781,1,17,8,1
2014460238667,1,9,0,1,0,1,0,0,0,0,2,1,6,3,-1,-1,2497,2,9,-1,-1
2014460238667,2,9,0,10,0,1,0,0,0,0,1,1,6,2,46,8,1997,2,4,9,1
2014460238668,1,9,0,13,0,1,0,0,1,10,1,1,6,1,39,7,1560,2,1,-1,-1
2014460238668,2,10,0,18,0,1,0,0,0,0,0,1,6,1,-1,-1,-1,-1,-1,-1,-1
2014460238668,3,9,0,14,0,1,0,0,0,0,3,1,6,1,18,4,1398,2,10,-1,-1
2014460238668,4,9,0,2,0,1,0,0,0,0,3,1,6,2,-1,-1,1997,2,12,5,3
2014460238668,5,4,0,18,0,1,0,0,0,0,1,1,2,1,35,6,1127,1,22,5,1
2014460238668,6,9,0,2,0,1,0,0,0,0,2,1,6,1,-1,-1,1396,1,12,-1,-1
2014460238668,7,9,0,18,0,1,0,0,0,0,0,1,6,1,-1,-1,1560,2,2,7,1
2014460238670,1,9,0,3,0,0,0,0,0,0,1,1,6,1,43,7,1598,1,11,-1,2
2014460238674,1,9,0,9,0,1,0,0,0,0,1,1,6,1,26,6,2148,2,8,3,1
2014460238674,2,5,0,18,0,1,0,0,0,0,1,1,6,1,38,7,999,1,12,3,1
2014460238677,1,9,0,9,0,0,0,0,0,0,4,1,6,2,58,9,1390,1,13,-1,-1
2014460238677,2,9,0,18,0,0,0,0,0,0,1,1,6,1,27,6,1149,1,6,-1,-1
2014460238677,3,9,0,2,0,0,0,0,0,0,1,1,6,1,-1,-1,-1,-1,-1,-1,-1
2014460238677,4,9,0,2,0,0,0,0,0,0,1,1,6,3,-1,-1,-1,-1,-1,-1,-1
2014460238682,1,9,0,16,0,4,0,9,0,0,1,1,6,2,41,7,1598,1,4,9,3
2014460238683,1,21,1,18,0,8,0,0,0,0,3,2,6,3,-1,-1,-1,-1,-1,-1,-1
2014460238683,2,19,0,10,0,1,0,0,0,0,4,1,1,1,51,8,4250,2,5,-1,1
2014460238694,1,9,0,18,0,8,0,0,0,0,0,1,6,3,-1,-1,-1,-1,-1,-1,-1
2014460238699,1,19,0,5,0,4,0,0,0,0,3,1,6,1,31,6,2496,2,23,2,1
2014460238699,2,9,0,5,0,3,0,0,0,0,4,1,2,1,25,5,-1,-1,-1,2,1
2014460238704,1,19,0,7,0,8,0,0,0,0,2,1,6,2,44,7,2402,2,2,6,2
2014460238704,2,9,0,16,0,8,0,0,0,0,1,1,1,1,22,5,-1,-1,-1,1,1
2014460238709,1,9,0,18,0,0,1,0,1,4,1,1,6,1,29,6,1998,1,9,4,1
2014460238710,1,9,0,18,0,1,0,0,1,1,1,1,1,1,38,7,-1,-1,-1,-1,-1
2014460238712,1,9,0,9,0,2,0,0,0,0,1,1,2,2,31,6,1198,1,1,7,1
2014460238722,1,9,0,7,0,3,0,0,0,0,4,1,2,1,37,7,2496,2,12,6,1
2014460238722,2,1,0,18,0,3,0,0,0,0,1,1,2,2,56,9,-1,-1,-1,5,1
2014460238723,1,9,0,7,0,3,0,0,0,0,1,1,2,1,31,6,-1,-1,-1,4,1
2014460238723,2,9,0,18,0,4,1,9,0,0,1,1,6,1,37,7,1597,1,17,5,3
2014460238727,1,20,0,18,0,0,2,0,1,10,3,1,6,1,28,6,-1,-1,-1,7,3
2014460238730,1,19,0,18,0,0,0,0,0,0,1,1,6,3,-1,-1,1686,2,12,-1,-1
2014460238732,1,9,0,7,0,3,0,0,0,0,2,1,6,2,36,7,1149,1,8,2,1
2014460238732,2,9,0,5,0,3,0,0,0,0,1,1,6,1,30,6,2685,2,10,8,1
2014460238732,3,9,0,7,0,3,0,0,0,0,2,1,6,2,50,8,-1,-1,-1,7,1
2014460238733,1,9,0,5,0,6,0,0,0,0,1,1,6,1,71,10,998,1,6,9,2
2014460238733,2,9,0,17,0,1,0,0,0,0,1,1,2,2,39,7,2143,2,2,-1,-1
2014460238741,1,9,0,18,0,0,0,0,0,0,1,1,6,1,67,10,1598,1,11,-1,1
2014460238741,2,9,0,4,0,0,0,0,0,0,2,1,6,2,43,7,1870,2,13,6,3
2014460238741,3,9,0,4,0,0,0,0,0,0,2,1,6,1,39,7,1951,2,10,5,3
2014460238742,1,5,0,16,0,0,1,0,0,0,1,1,2,1,50,8,600,1,10,7,3
2014460238751,1,9,0,9,0,6,0,0,0,0,0,1,6,3,-1,-1,-1,-1,-1,-1,-1
2014460238751,2,9,0,4,0,1,1,0,7,4,1,1,6,1,23,5,1596,1,16,8,1
2014460238752,1,9,0,18,0,2,0,0,0,0,1,1,3,2,35,6,1388,1,2,3,1
2014460238754,1,9,0,5,0,6,0,0,0,0,4,1,6,1,24,5,2148,2,9,3,1
2014460238754,2,9,0,18,0,8,0,0,0,0,1,1,6,1,34,6,1686,2,10,3,1
2014460238756,1,9,0,5,0,8,0,0,0,0,4,1,6,2,64,9,1248,1,2,9,1
2014460238756,2,9,0,18,0,8,1,0,6,0,1,1,1,1,41,7,1896,2,9,8,3
2014460238765,1,9,0,3,0,0,0,0,0,0,1,1,6,1,-1,-1,1997,2,8,7,2
2014460238765,2,9,0,3,0,0,0,0,0,0,2,1,6,2,37,7,1560,2,5,6,2
2014460238766,1,9,0,15,0,0,0,0,0,0,1,1,6,2,38,7,1586,1,9,2,1
2014460238766,2,9,0,18,0,0,0,0,0,0,2,1,6,1,47,8,1796,1,12,2,1
2014460238771,1,5,0,16,0,0,0,0,0,0,3,1,6,1,53,8,1284,1,3,3,1
2014460238771,2,9,0,17,0,0,0,0,0,0,3,1,6,2,48,8,2996,1,9,4,1
2014460238775,1,9,0,9,0,5,0,0,0,0,4,1,1,2,19,4,1198,1,2,7,1
2014460238775,2,9,0,16,0,8,0,0,0,0,1,1,6,1,18,4,1229,1,8,9,3
2014460238776,1,19,0,18,0,1,0,0,0,0,1,1,6,3,-1,-1,-1,-1,-1,-1,-1
2014460238776,2,9,0,18,0,1,1,0,1,10,2,1,6,1,20,4,1242,1,8,7,2
2014460238777,1,9,0,17,0,0,1,0,1,4,1,1,6,2,27,6,-1,-1,-1,-1,-1
2014460238778,1,9,0,9,0,8,0,0,0,0,3,1,6,1,24,5,1997,1,16,-1,-1
2014460238778,2,9,0,18,0,1,0,0,0,0,1,1,2,2,38,7,2597,1,12,4,1
2014460238778,3,9,0,4,0,1,0,0,0,0,1,1,2,1,51,8,2982,2,1,3,1
2014460238781,1,4,0,17,0,0,1,0,0,0,1,1,2,1,20,4,124,1,7,7,3
2014460238782,1,9,0,5,0,6,0,0,0,0,0,1,6,2,-1,-1,-1,-1,-1,-1,-1
2014460238783,1,4,0,5,0,2,0,0,0,0,3,1,6,1,28,6,125,1,7,3,1
2014460238788,1,9,0,18,0,0,0,0,2,10,3,1,6,2,25,5,1598,1,3,4,1
2014460238788,2,9,0,18,0,0,0,4,0,0,3,1,6,2,37,7,1870,2,12,7,1
2014460238788,3,9,0,2,0,0,0,0,0,0,3,1,6,2,30,6,993,1,12,8,2
2014460238788,4,9,0,2,0,0,0,0,0,0,3,1,6,1,30,6,2664,2,10,5,2
2014460238790,1,9,0,4,0,0,1,0,0,0,1,1,1,2,34,6,1248,2,2,-1,1
2014460238790,2,9,0,4,0,0,0,0,0,0,1,1,6,2,45,7,2776,2,7,-1,-1
2014460238790,3,9,0,4,0,0,0,0,0,0,2,1,6,2,43,7,1598,2,1,10,1
2014460238793,1,9,0,18,0,0,1,0,1,1,1,1,6,1,35,6,1390,1,15,4,1
2014460238794,1,9,0,9,0,6,0,0,0,0,1,1,6,2,44,7,1956,2,4,-1,-1
2014460238794,2,9,0,18,0,1,0,0,0,0,3,1,6,2,50,8,1968,2,6,9,3
2014460238797,1,9,0,7,0,6,0,0,0,0,3,1,6,3,-1,-1,-1,-1,-1,-1,-1
2014460238797,2,1,0,18,0,8,0,0,0,0,4,1,6,1,61,9,-1,-1,-1,2,1
2014460238802,1,9,0,4,0,0,0,0,0,0,1,1,6,1,45,7,1796,1,9,-1,-1
2014460238802,2,9,0,4,0,0,0,0,0,0,2,1,6,1,26,6,1796,1,11,3,1
2014460238803,1,9,0,18,0,1,0,0,7,0,4,1,6,2,28,6,2231,2,2,8,1
2014460238803,2,9,0,12,0,1,0,0,0,0,3,1,6,2,33,6,1598,1,6,-1,-1
2014460238805,1,1,0,18,0,0,0,0,0,0,1,1,6,1,-1,-1,-1,-1,-1,-1,-1
2014460238805,2,9,0,18,0,0,0,0,0,0,4,1,6,2,53,8,1596,1,10,2,1
2014460238806,1,11,0,4,2,0,0,0,0,0,0,1,6,1,43,7,4461,2,2,1,1
2014460238813,1,9,0,5,0,6,0,0,0,0,1,1,2,1,38,7,1796,1,12,5,1
2014460238813,2,3,0,18,0,1,0,0,7,0,4,1,2,1,24,5,124,1,1,2,1
2014460238823,1,9,0,17,0,1,0,0,0,0,1,1,1,1,52,8,1995,2,7,2,3
2014460238823,2,9,0,3,0,1,0,0,0,0,2,1,6,1,45,7,2979,1,10,6,1
2014460238823,3,9,0,18,0,1,0,0,0,0,1,1,2,1,25,5,1229,1,1,5,1
2014460238823,4,9,0,10,0,1,0,0,0,0,0,1,2,2,21,5,1388,1,12,2,3
2014460238824,1,9,0,9,0,8,0,0,0,0,1,1,6,2,43,7,1998,1,6,1,1
2014460238824,2,1,0,18,0,8,0,0,0,0,3,1,2,1,61,9,-1,-1,-1,5,1
2014460238824,3,9,0,8,0,1,0,0,0,0,1,1,6,1,57,9,1498,1,5,5,1
2014460238829,1,9,0,11,0,3,0,0,0,0,4,1,6,3,-1,-1,1798,1,6,-1,-1
2014460238829,2,9,0,18,0,3,1,0,0,0,3,1,6,2,27,6,1587,1,8,4,1
2014460238830,1,9,0,18,0,0,0,0,0,0,1,1,6,2,32,6,1596,1,12,9,2
2014460238830,2,9,0,18,0,0,0,0,0,0,2,1,6,2,41,7,1747,1,13,5,1
2014460238830,3,9,0,18,0,0,0,0,0,0,1,1,6,1,31,6,1997,2,4,2,1
2014460238830,4,9,0,18,0,0,0,0,0,0,1,1,1,1,34,6,2184,2,9,8,1
2014460238831,1,9,0,18,0,0,0,0,0,0,1,1,2,1,50,8,1995,2,2,9,1
2014460238831,2,9,0,4,0,0,0,0,0,0,2,1,2,1,41,7,-1,-1,-1,8,1
2014460238831,3,9,0,18,0,0,0,0,0,0,1,1,2,1,45,7,-1,-1,-1,3,1
2014460238834,1,10,0,18,0,1,0,0,0,0,1,1,1,1,68,10,2402,2,7,7,1
2014460238834,2,9,0,3,0,1,0,0,0,0,2,1,6,2,22,5,1199,1,10,7,1
2014460238834,3,9,0,10,0,1,0,0,0,0,2,1,6,2,33,6,1596,1,10,3,1