Accident_Index,Vehicle_Reference,Vehicle_Type,Towing_and_Articulation,Vehicle_Manoeuvre,Vehicle_Location-Restricted_Lane,Junction_Location,Skidding_and_Overturning,Hit_Object_in_Carriageway,Vehicle_Leaving_Carriageway,Hit_Object_off_Carriageway,1st_Point_of_Impact,Was_Vehicle_Left_Hand_Drive?,Journey_Purpose_of_Driver,Sex_of_Driver,Age_of_Driver,Age_Band_of_Driver,Engine_Capacity_(CC),Propulsion_Code,Age_of_Vehicle,Driver_IMD_Decile,Driver_Home_Area_Type
2014460238835,1,9,0,18,0,0,1,0,5,7,2,1,1,2,24,5,1390,1,10,2,1
2014460238835,2,9,0,18,0,0,0,0,0,0,2,1,6,3,-1,-1,-1,-1,-1,-1,-1
2014460238837,1,9,0,18,0,0,0,0,0,0,1,1,6,1,34,6,1796,1,15,4,2
2014460238837,2,9,0,18,0,0,0,0,0,0,2,1,6,1,23,5,1995,2,1,6,1
2014460238838,1,19,0,18,0,0,0,0,0,0,1,1,6,3,-1,-1,1753,2,6,-1,-1
2014460238838,2,19,0,18,0,0,0,0,0,0,2,1,6,1,43,7,-1,-1,-1,5,2
2014460238838,3,19,0,2,0,0,0,0,0,0,2,1,6,1,-1,-1,2400,2,13,3,1
2014460238850,1,9,0,18,0,0,0,0,8,10,1,1,2,2,30,6,2987,2,6,2,1
2014460238850,2,9,0,18,0,0,0,0,8,10,1,1,2,2,45,7,1968,2,7,4,1
2014460238853,1,9,0,18,0,0,0,0,0,0,1,1,6,1,65,9,-1,-1,-1,9,1
2014460238854,1,9,0,9,0,6,0,0,0,0,0,1,6,3,-1,-1,-1,-1,-1,-1,-1
2014460238854,2,11,0,18,0,1,0,0,0,0,0,1,1,1,37,7,8870,2,13,3,1
2014460238857,1,9,0,9,0,5,0,0,0,0,1,1,6,2,45,7,2198,2,8,9,2
2014460238857,2,9,0,18,0,1,0,0,7,10,1,1,6,1,80,11,1596,1,14,4,1
2014460238862,1,9,0,18,0,1,0,0,0,0,1,1,6,2,20,4,1242,1,11,5,1
2014460238862,2,9,0,3,0,1,0,0,0,0,2,1,1,1,61,9,1951,2,10,8,2
2014460238863,1,19,0,18,0,0,0,0,0,0,0,1,6,3,-1,-1,-1,-1,-1,-1,-1
2014460238863,2,9,0,18,0,0,0,11,0,0,1,1,6,1,38,7,1753,2,7,3,1
2014460238863,3,9,0,18,0,0,1,11,0,0,1,1,6,2,25,5,998,1,9,9,2
2014460238864,1,9,0,4,0,1,0,0,0,0,1,1,2,1,45,7,-1,-1,-1,6,1
2014460238864,2,9,0,3,0,1,0,0,0,0,2,1,6,1,75,10,1339,1,9,8,1
2014460238866,1,1,0,18,0,8,0,0,0,0,1,1,6,1,14,3,-1,-1,-1,-1,-1
2014460238866,2,9,0,8,0,6,0,0,0,0,4,1,1,2,39,7,1798,1,8,6,1
2014460238867,1,9,0,5,0,1,0,0,0,0,1,1,1,1,22,5,1199,1,11,-1,-1
2014460238867,2,9,0,8,0,1,0,0,0,0,2,1,1,2,28,6,1149,1,13,6,1
2014460238869,1,21,4,12,0,0,0,0,0,0,1,1,1,1,39,7,-1,-1,-1,-1,-1
2014460238869,2,9,0,18,0,0,1,0,0,0,4,1,2,1,59,9,1997,2,5,6,1
2014460238875,1,9,0,1,9,8,0,0,0,0,2,1,1,3,-1,-1,1242,1,10,-1,-1
2014460238876,1,9,0,9,0,5,0,0,0,0,4,1,6,1,49,8,2000,1,4,9,2
2014460238876,2,4,0,18,0,8,1,0,0,0,1,1,6,1,19,4,125,1,9,2,1
2014460238879,1,5,0,13,0,1,0,0,0,0,1,1,6,1,43,7,1137,1,14,6,1
2014460238879,2,21,0,9,0,1,0,0,0,0,3,1,1,1,52,8,4580,2,7,2,1
2014460238882,1,4,0,18,0,0,1,0,0,0,1,1,1,1,47,8,996,1,11,4,1
2014460238882,2,9,0,18,0,0,0,0,0,0,2,1,1,2,37,7,1984,1,8,7,2
2014460238883,1,9,0,18,0,1,0,0,0,0,3,1,6,1,44,7,2148,2,8,3,1
2014460238886,1,9,0,7,0,6,0,0,0,0,0,1,6,1,-1,-1,-1,-1,-1,-1,-1
2014460238886,2,1,0,4,0,1,1,0,0,0,0,1,6,2,20,4,-1,-1,-1,4,1
2014460238889,1,9,0,18,0,8,0,0,7,0,3,1,6,2,74,10,1299,1,9,7,2
2014460238889,2,9,0,18,0,8,0,0,7,0,3,1,6,1,43,7,1968,2,5,6,2
2014460238890,1,9,0,18,0,8,0,0,0,0,1,1,6,2,32,6,1596,1,9,9,3
2014460238890,2,9,0,18,0,8,0,0,0,0,4,1,6,1,17,4,1242,1,2,9,1
2014460238891,1,9,0,18,0,0,0,0,4,6,1,1,6,1,40,7,1587,1,8,2,1
2014460238891,2,9,0,18,0,0,0,0,0,0,3,1,6,1,44,7,2979,1,7,8,3
2014460238893,1,1,0,18,0,1,0,0,0,0,3,1,6,1,19,4,-1,-1,-1,1,1
2014460238893,2,9,0,14,0,2,0,0,0,0,1,1,6,1,18,4,1299,1,12,1,1
2014460238896,1,9,0,18,0,0,0,4,0,0,1,1,6,2,29,6,1242,1,15,1,1
2014460238896,2,9,0,2,0,0,0,4,0,0,2,1,6,1,-1,-1,2401,2,11,-1,-1
2014460238896,3,20,0,2,9,0,0,0,0,0,1,1,6,1,-1,-1,-1,-1,-1,-1,-1
2014460238898,1,9,0,4,0,0,0,0,0,0,1,1,6,2,27,6,-1,-1,-1,5,2
2014460238900,1,9,0,7,0,1,0,0,0,0,1,1,6,1,21,5,999,1,17,3,1
2014460238900,2,9,0,18,0,8,0,0,7,10,4,1,6,2,22,5,1360,1,9,2,1
2014460238901,1,9,0,18,0,0,0,0,0,0,1,1,6,2,19,4,1124,1,14,1,3
2014460238901,2,9,0,4,0,0,0,0,0,0,2,1,6,2,17,4,1596,1,7,6,1
2014460238901,3,9,0,4,0,0,0,0,0,0,1,1,6,1,25,5,1896,2,11,5,1
2014460238901,4,9,0,4,0,0,0,0,0,0,2,1,6,1,38,7,1995,2,2,8,1
2014460238901,5,9,0,4,0,0,0,0,0,0,1,1,6,1,45,7,1989,1,15,2,1
2014460238901,6,9,0,4,0,0,0,0,0,0,2,1,6,2,47,8,1794,1,9,4,1
2014460238905,1,9,0,9,0,8,0,0,0,0,4,1,1,2,30,6,4367,2,1,6,3
2014460238905,2,9,0,17,0,1,0,0,0,0,1,1,1,1,52,8,-1,-1,-1,2,3
2014460238905,3,9,0,3,0,1,0,0,0,0,3,1,1,1,50,8,2979,1,8,10,1
2014460238909,1,9,0,18,0,0,0,0,0,0,1,1,6,2,-1,-1,-1,-1,-1,-1,-1
2014460238920,1,9,0,9,0,8,0,0,0,0,4,1,6,1,31,6,1598,1,7,-1,-1
2014460238920,2,9,0,18,0,8,0,0,0,0,1,1,6,1,38,7,1781,1,12,6,3
2014460238925,1,9,0,5,9,0,0,0,0,0,3,1,6,3,-1,-1,-1,-1,-1,-1,-1
2014460238928,1,3,0,14,0,1,1,0,0,0,1,1,2,1,28,6,108,1,-1,9,1
2014460238930,1,1,0,18,0,0,0,0,0,0,1,1,6,1,-1,-1,-1,-1,-1,-1,-1
2014460238932,1,9,0,18,0,0,5,0,1,0,0,1,6,1,66,10,1399,2,6,4,1
2014460238934,1,21,0,12,0,8,0,0,0,0,1,2,1,1,34,6,-1,-1,-1,-1,-1
2014460238934,2,9,0,18,0,8,1,0,0,0,4,1,2,2,21,5,1229,1,9,7,1
2014460238936,1,9,0,5,0,4,0,0,0,0,1,1,1,1,68,10,-1,-1,-1,-1,-1
2014460238936,2,1,0,18,4,8,0,0,0,0,1,1,6,1,14,3,-1,-1,-1,-1,-1
2014460238938,1,9,0,18,0,0,0,0,0,0,1,1,2,1,18,4,1199,1,13,6,1
2014460238938,2,9,0,3,0,0,0,0,0,0,2,1,3,2,39,7,1560,2,8,2,1
2014460238938,3,9,0,14,0,0,0,0,0,0,1,1,3,2,33,6,1461,2,-1,-1,2
2014460238939,1,9,0,9,0,5,0,0,0,0,0,1,2,2,51,8,-1,-1,-1,-1,-1
2014460238943,1,21,1,12,0,0,0,0,0,0,3,2,1,1,60,9,-1,-1,-1,-1,-1
2014460238943,2,9,0,18,0,0,1,0,1,7,4,1,2,2,54,8,1388,1,5,9,2
2014460238943,3,9,0,18,0,0,0,0,0,0,3,1,2,2,44,7,1596,1,9,6,1
2014460238944,1,9,0,9,0,2,0,0,0,0,1,1,6,3,-1,-1,-1,-1,-1,-1,-1
2014460238944,2,9,0,3,0,1,0,0,0,0,1,1,6,2,30,6,1598,1,7,8,3
2014460238947,1,9,0,17,0,0,0,0,0,0,3,1,6,2,33,6,1242,1,10,2,1
2014460238948,1,1,0,18,0,0,0,0,0,0,2,1,1,2,22,5,-1,-1,-1,2,1
2014460238948,2,9,0,18,0,0,0,0,0,0,1,1,1,2,29,6,1299,1,11,3,1
2014460238950,1,9,0,18,0,0,0,0,0,0,1,1,6,1,60,9,1229,1,1,6,3
2014460238964,1,9,0,9,0,6,0,0,0,0,1,1,6,1,92,11,-1,-1,-1,4,1
2014460238964,2,3,0,18,0,1,0,0,0,0,4,1,6,1,18,4,124,1,18,6,1
2014460238968,1,1,0,18,0,0,1,4,0,0,1,1,6,1,16,4,-1,-1,-1,5,1
2014460238968,2,9,0,2,0,0,0,0,0,0,1,1,1,1,37,7,-1,-1,-1,-1,-1
2014460238969,1,9,0,18,0,0,2,4,0,0,4,1,6,1,45,7,1998,1,17,5,1
2014460238969,2,9,0,2,0,0,0,0,0,0,1,1,6,2,38,7,1800,1,15,8,1
2014460238972,1,9,0,6,0,0,0,0,0,0,3,1,6,1,46,8,2776,2,7,5,1
2014460238972,2,9,0,18,0,0,1,0,0,0,1,1,6,1,30,6,-1,-1,-1,2,1
2014460238973,1,9,0,18,0,1,0,0,0,0,1,1,6,3,-1,-1,954,1,16,-1,-1
2014460238973,2,9,0,3,0,1,0,0,0,0,2,1,2,2,39,7,1999,1,8,10,1
2014460238980,1,9,0,17,0,0,5,0,1,10,1,1,6,1,81,11,998,1,4,5,2
2014460238988,1,9,0,18,0,1,0,0,0,0,3,1,2,2,70,10,998,1,7,10,1
2014460238988,2,9,0,18,0,1,0,0,0,0,1,1,2,2,52,8,1086,1,4,9,1
2014460238992,1,9,0,9,0,1,0,0,0,0,4,1,6,2,51,8,1988,1,11,8,1
2014460238992,2,9,0,18,0,1,0,0,0,0,1,1,6,1,71,10,1422,2,5,8,1
2014460238996,1,9,0,16,0,0,1,0,0,0,1,1,1,1,24,5,1582,2,1,5,1
2014460238996,2,9,0,17,0,0,1,0,0,0,1,1,6,1,56,9,1951,2,10,7,3
2014460238997,1,5,0,4,0,1,0,0,0,0,4,1,6,1,67,10,1584,1,7,1,1
2014460238997,2,9,0,4,0,1,0,0,0,0,0,1,6,3,-1,-1,-1,-1,-1,-1,-1
2014460238998,1,9,0,9,0,1,0,0,1,10,1,1,6,1,21,5,1124,1,13,4,1
2014460239003,1,9,0,14,0,0,0,0,0,0,4,1,2,2,19,4,1149,1,13,9,1
2014460239004,1,3,0,4,0,0,1,0,0,0,3,1,1,1,23,5,125,1,2,-1,-1
2014460239005,1,9,0,9,0,6,0,0,0,0,1,1,1,2,29,6,1794,1,10,10,1
2014460239005,2,1,0,18,0,1,0,0,1,0,1,1,1,1,42,7,-1,-1,-1,7,1
2014460239009,1,9,4,18,0,0,0,0,0,0,1,1,6,3,-1,-1,-1,-1,-1,-1,-1
2014460239009,2,1,0,18,0,0,0,0,0,0,3,1,6,1,48,8,-1,-1,-1,7,1
2014460239011,1,19,0,18,0,1,1,0,0,0,1,1,1,2,28,6,3920,2,13,8,1
2014460239011,2,19,0,4,0,1,1,0,0,0,2,1,1,1,56,9,1910,2,8,8,1
2014460239011,3,9,0,7,0,1,0,0,0,0,2,1,1,1,35,6,1587,1,13,6,3
2014460239014,1,3,0,4,0,0,0,0,0,0,1,1,6,1,19,4,79,1,18,5,1
2014460239014,2,9,0,4,0,0,0,0,0,0,1,1,6,1,60,9,1386,1,1,5,1
2014460239015,1,11,0,3,0,0,0,0,0,0,0,1,6,2,32,6,3900,2,9,2,1
2014460239020,1,1,0,18,6,0,0,0,0,0,0,1,6,1,47,8,-1,-1,-1,-1,-1
2014460239021,1,9,0,4,0,1,0,0,0,0,1,1,6,1,39,7,1560,2,1,-1,1
2014460239021,2,10,0,4,0,1,0,0,0,0,2,1,1,1,57,9,-1,-1,-1,6,1
2014460239021,3,9,0,4,0,1,0,0,0,0,2,1,6,2,28,6,1364,1,7,6,2
2014460239023,1,9,0,9,0,8,0,0,0,0,3,1,6,2,63,9,1686,2,1,5,1
2014460239023,2,1,0,18,0,8,0,0,0,0,4,1,6,1,48,8,-1,-1,-1,5,1
2014460239024,1,9,0,9,0,8,0,0,0,0,3,1,6,1,23,5,1968,2,5,6,1
2014460239024,2,5,0,13,0,8,0,0,0,0,3,1,6,1,62,9,599,1,5,4,3
2014460239025,1,19,4,5,0,1,0,0,0,0,1,1,1,1,51,8,2402,2,8,6,3
2014460239026,1,9,0,18,0,0,0,0,0,0,4,1,6,2,60,9,1596,1,17,2,1
2014460239027,1,2,0,13,0,4,0,9,0,0,1,1,6,2,74,10,49,1,8,8,1
2014460239032,1,19,0,18,0,0,1,0,1,1,1,1,1,1,41,7,1560,2,1,2,1
2014460239034,1,21,0,18,0,0,0,0,0,0,4,1,1,1,60,9,-1,-1,-1,-1,-1
2014460239034,2,1,0,18,0,0,0,10,1,0,3,1,6,1,47,8,-1,-1,-1,10,1
2014460239037,1,2,0,18,0,0,0,2,0,0,4,1,6,1,26,6,125,1,1,8,1
2014460239038,1,9,0,18,0,0,0,0,0,0,1,1,6,1,50,8,1796,1,6,9,3
2014460239039,1,9,0,18,0,0,0,0,0,0,1,2,6,1,21,5,-1,-1,-1,1,1
2014460239040,1,11,0,18,0,0,0,0,0,0,0,1,1,1,64,9,7300,2,8,4,1
2014460239041,1,9,0,1,6,1,0,10,1,10,2,1,6,1,70,10,1998,1,20,7,1
2014460239043,1,19,0,18,0,0,0,0,0,0,1,1,6,3,-1,-1,-1,-1,-1,-1,-1
2014460239043,2,1,0,18,0,0,0,0,0,0,1,1,2,1,62,9,-1,-1,-1,6,1
2014460239043,3,9,0,2,0,0,0,0,0,0,2,1,6,2,21,5,1242,1,16,3,1
2014460239044,1,9,0,18,0,2,0,0,0,0,4,1,6,1,36,7,1596,1,3,8,1
2014460239047,1,9,0,18,0,1,0,0,0,0,4,1,6,2,43,7,-1,-1,-1,7,1
2014460239047,2,9,0,2,0,1,0,0,0,0,3,1,6,1,40,7,1984,2,1,3,1
2014460239048,1,9,0,1,0,0,0,0,0,0,2,1,6,3,-1,-1,-1,-1,-1,-1,-1
2014460239053,1,9,0,12,0,0,0,0,0,0,0,1,6,2,44,7,1598,1,2,-1,-1
2014460239053,2,11,0,18,0,0,0,0,0,0,0,1,1,1,30,6,-1,-1,-1,4,1
2014460239065,1,3,0,9,0,8,0,0,0,0,3,1,6,1,57,9,125,1,5,1,1
2014460239067,1,19,0,18,0,0,0,0,0,0,1,1,6,1,51,8,1560,2,5,7,1
2014460239067,2,9,0,18,0,0,0,0,0,0,2,1,6,2,30,6,998,1,2,8,2
2014460239067,3,9,0,18,0,0,0,0,0,0,2,1,6,2,50,8,1598,1,5,8,1
2014460239067,4,9,0,18,0,0,0,0,0,0,2,1,6,1,53,8,1796,1,10,10,1
2014460239070,1,9,0,18,0,0,0,0,0,0,1,1,6,1,68,10,1560,2,10,5,1
2014460239070,2,9,0,3,0,0,0,0,0,0,2,1,6,1,50,8,1349,1,1,4,1
2014460239070,3,19,0,3,0,0,0,0,0,0,2,1,1,1,61,9,2143,2,3,7,2
2014460239071,1,9,0,18,0,0,0,0,7,7,1,1,6,2,18,4,1242,1,10,7,1
2014460239071,2,20,0,18,0,0,0,0,0,0,3,2,6,1,73,10,-1,-1,-1,-1,-1
2014460239076,1,19,0,18,0,0,0,0,1,0,4,1,6,3,-1,-1,-1,-1,-1,-1,-1
2014460239076,2,9,0,18,0,0,1,0,0,0,2,1,6,2,18,4,1388,1,10,7,1
2014460239078,1,9,0,18,0,4,0,0,0,0,1,1,6,3,-1,-1,-1,-1,-1,-1,-1
2014460239078,2,1,0,9,0,8,0,0,0,0,1,1,6,1,46,8,-1,-1,-1,3,1
2014460239079,1,19,0,7,0,2,0,0,0,0,3,1,6,1,77,11,-1,-1,-1,6,3
2014460239079,2,9,0,18,0,1,0,0,0,0,1,1,6,1,29,6,1596,1,8,10,1
2014460239081,1,9,0,9,0,6,0,0,0,0,3,1,1,1,26,6,1598,1,6,3,1
2014460239081,2,9,0,18,0,1,0,0,0,0,1,1,6,1,20,4,1149,1,13,8,1
2014460239082,1,9,0,9,0,2,0,0,0,0,4,1,6,2,86,11,998,1,11,7,1
2014460239082,2,9,0,18,0,1,0,0,0,0,4,1,6,2,22,5,1781,1,14,8,1
2014460239086,1,9,0,18,0,0,2,0,1,10,1,1,6,2,21,5,1299,1,12,6,2
2014460239088,1,1,0,18,0,1,0,0,0,0,1,1,6,1,40,7,-1,-1,-1,8,1
2014460239088,2,9,0,18,0,8,0,0,0,0,2,1,6,1,76,11,1968,2,3,7,2
2014460239094,1,9,0,18,0,0,1,0,1,0,1,1,6,1,40,7,1781,1,14,5,3
2014460239094,2,9,0,18,0,0,0,0,7,0,3,1,6,1,58,9,2198,1,10,5,1
2014460239094,3,9,0,4,0,0,0,0,0,0,3,1,6,2,53,8,1124,1,12,4,1
2014460239095,1,9,0,5,0,1,0,0,0,0,1,1,6,2,31,6,1388,1,2,4,1
2014460239095,2,5,0,18,0,1,0,0,0,0,3,1,6,1,46,8,988,1,12,3,1
2014460239099,1,9,0,1,0,0,0,0,0,0,2,1,6,2,35,6,1461,2,4,10,1
2014460239099,2,9,0,18,0,0,0,0,0,0,3,1,3,2,45,7,1598,1,9,8,1
2014460239103,1,9,0,18,0,2,0,0,0,0,3,1,6,1,56,9,1596,1,1,10,1
2014460239103,2,4,0,13,0,2,0,0,0,0,4,1,6,1,19,4,398,1,6,9,1
2014460239104,1,9,0,9,0,6,0,0,0,0,3,1,6,3,-1,-1,-1,-1,-1,-1,-1
2014460239104,2,3,0,18,0,1,0,0,0,0,1,1,1,1,35,6,124,1,4,2,1
2014460239107,1,9,0,9,0,3,0,0,0,0,1,1,6,1,44,7,2401,2,9,9,1
2014460239107,2,5,0,13,0,3,0,0,0,0,4,1,6,1,48,8,1255,1,5,1,1
2014460239108,1,9,0,18,0,0,1,0,2,7,1,1,6,1,21,5,1461,2,8,3,1
2014460239108,2,9,0,18,0,0,0,0,0,0,4,1,6,1,32,6,1598,1,2,5,1
2014460239108,3,10,0,18,0,0,0,11,0,0,1,1,6,1,38,7,-1,-1,-1,-1,1
2014460239110,1,9,0,18,0,0,0,0,0,0,1,1,2,2,23,5,1686,2,7,10,2
2014460239110,2,21,0,18,0,0,0,0,0,0,1,1,6,1,62,9,12777,2,6,4,1
2014460239113,1,9,0,18,0,8,0,0,0,0,2,1,6,2,21,5,1560,2,4,7,1
2014460239113,2,9,0,18,0,8,0,0,0,0,2,1,6,1,46,8,1951,2,11,2,1
2014460239113,3,9,0,18,0,4,0,0,0,0,1,1,6,1,28,6,1149,1,13,2,1
2014460239113,4,9,0,18,0,8,0,0,0,0,2,1,6,1,36,7,1968,2,7,6,1
2014460239113,5,9,0,18,0,8,0,0,0,0,1,1,6,1,28,6,1781,1,18,1,1
2014460239114,1,9,0,18,0,2,0,0,0,0,1,1,6,2,-1,-1,1796,1,7,-1,-1
2014460239114,2,9,0,3,0,2,0,0,0,0,2,1,6,1,72,10,1560,2,2,3,1
2014460239116,1,9,0,18,0,8,0,0,0,0,1,1,6,1,24,5,1399,2,12,4,2
2014460239116,2,9,0,18,0,8,0,0,0,0,4,1,6,1,58,9,1968,2,4,5,1
2014460239124,1,9,0,5,0,0,0,0,0,0,4,1,6,3,-1,-1,-1,-1,-1,-1,-1
2014460239127,1,9,0,10,0,6,0,0,0,0,1,1,6,1,42,7,2000,2,9,7,1
2014460239127,2,1,0,18,9,1,0,0,0,0,3,1,4,1,15,3,-1,-1,-1,9,2
2014460239130,1,9,0,18,0,0,0,0,1,4,1,1,6,2,38,7,1796,1,17,6,2
2014460239132,1,9,0,9,0,8,0,0,0,0,1,1,6,1,52,8,1498,1,12,1,1
2014460239135,1,20,0,4,0,0,1,10,1,9,1,1,2,1,23,5,2402,2,3,4,2
2014460239135,2,9,0,4,0,0,0,0,0,0,2,1,2,1,23,5,1242,1,9,7,1
2014460239135,3,9,0,4,0,0,0,0,0,0,2,1,2,1,26,6,1956,2,2,3,3
2014460239135,4,9,0,18,0,0,0,0,0,0,0,1,1,1,41,7,1968,2,1,8,1
2014460239136,1,9,0,18,0,0,0,0,0,0,1,1,6,3,-1,-1,-1,-1,-1,-1,-1
2014460239139,1,9,0,9,0,6,0,0,1,0,1,1,6,2,29,6,998,1,6,7,1
2014460239139,2,9,0,18,0,1,0,0,1,0,1,1,6,1,44,7,1598,2,1,4,2
2014460239143,1,4,0,9,0,1,1,0,0,0,1,1,6,1,23,5,-1,-1,-1,3,1
2014460239143,2,9,0,18,0,1,0,0,0,0,3,1,2,1,49,8,1796,1,14,4,1
2014460239146,1,9,0,18,0,0,0,0,0,0,4,1,2,1,22,5,993,1,11,3,1
2014460239152,1,9,0,18,0,0,0,0,0,0,1,1,6,1,19,4,1796,1,12,6,1
2014460239152,2,9,0,18,0,0,0,0,0,0,2,1,6,1,48,8,998,1,7,6,1
2014460239154,1,9,0,9,0,8,0,0,0,0,4,1,6,2,41,7,1390,1,9,9,1
2014460239154,2,9,0,18,0,1,0,0,0,0,1,1,6,1,46,8,998,1,14,9,1
2014460239157,1,9,0,1,0,6,0,0,0,0,2,1,1,1,38,7,1598,2,4,7,1
2014460239157,2,9,0,18,0,8,0,0,0,0,4,1,2,2,54,8,998,1,11,5,1
2014460239159,1,21,0,18,6,0,0,0,0,0,1,2,1,1,59,9,-1,-1,-1,-1,-1
2014460239159,2,9,0,2,6,0,0,0,0,0,2,1,6,1,34,6,1560,2,1,3,1
2014460239160,1,9,0,7,0,1,0,0,0,0,1,1,3,1,39,7,-1,-1,-1,-1,-1
2014460239160,2,1,0,16,0,1,0,0,0,0,1,1,6,1,44,7,-1,-1,-1,5,3
2014460239161,1,1,0,18,0,2,0,0,0,0,3,1,6,1,46,8,-1,-1,-1,3,1
2014460239161,2,9,0,18,0,1,0,0,0,0,1,1,6,2,45,7,1598,1,14,1,1
2014460239164,1,1,0,18,6,0,0,0,0,0,4,1,6,1,42,7,-1,-1,-1,2,1
2014460239165,1,9,0,5,0,6,0,0,0,0,1,1,6,3,-1,-1,-1,-1,-1,-1,-1
2014460239165,2,9,0,18,0,8,0,10,0,0,4,1,6,1,40,7,1968,2,7,2,1
2014460239167,1,9,0,7,0,1,0,0,0,0,1,1,6,1,-1,-1,-1,-1,-1,-1,-1
2014460239167,2,1,0,18,0,8,0,0,0,0,1,1,6,1,30,6,-1,-1,-1,10,1
2014460239171,1,9,0,3,0,1,0,0,0,0,1,1,1,1,41,7,1995,2,1,8,1
2014460239171,2,9,0,3,0,1,1,0,0,0,2,1,1,1,33,6,1296,1,7,7,1
2014460239175,1,21,1,2,6,0,0,0,0,0,2,1,1,1,47,8,-1,-1,-1,-1,-1
2014460239175,2,21,1,18,7,0,0,0,1,0,1,1,1,1,41,7,12900,2,8,6,1
2014460239177,1,1,0,18,0,0,0,0,0,0,1,1,6,1,43,7,-1,-1,-1,4,1
2014460239177,2,9,0,14,0,0,0,0,0,0,4,1,6,2,36,7,-1,-1,-1,6,1
2014460239178,1,9,0,9,0,6,0,0,0,0,1,1,6,1,17,4,1108,1,15,10,1
2014460239178,2,9,0,18,0,1,0,0,0,0,4,1,3,2,35,6,1870,2,9,-1,-1
2014460239183,1,5,0,17,0,0,1,0,1,0,1,1,6,1,50,8,599,1,12,8,1
2014460239184,1,9,0,9,0,6,0,0,0,0,1,1,2,1,23,5,1149,1,10,8,2
2014460239184,2,5,0,17,0,1,0,0,1,2,1,1,6,1,57,9,748,1,9,10,1
2014460239186,1,1,0,18,0,0,0,0,0,0,1,1,6,1,18,4,-1,-1,-1,3,1
2014460239186,2,9,0,18,0,0,0,0,0,0,1,1,6,2,22,5,1108,1,5,9,2
2014460239192,1,9,0,9,0,6,0,0,0,0,0,1,6,3,-1,-1,-1,-1,-1,-1,-1
2014460239192,2,11,0,4,0,1,0,0,0,0,0,1,1,1,54,8,4250,2,9,1,1
2014460239197,1,9,0,18,0,0,0,0,0,0,1,1,6,1,20,4,1995,2,13,-1,-1
2014460239197,2,9,0,18,0,0,0,0,0,0,2,1,6,1,25,5,1560,2,9,3,1
2014460239198,1,19,0,9,0,8,0,0,0,0,4,1,6,1,44,7,2402,2,4,9,1
2014460239198,2,3,0,18,0,1,0,0,0,0,1,1,6,1,23,5,998,1,12,7,1
2014460239199,1,9,0,18,0,4,0,0,0,0,1,1,6,2,82,11,1389,1,11,6,1
2014460239199,2,9,0,9,0,8,0,0,0,0,2,1,1,1,23,5,1896,2,6,6,1
2014460239202,1,9,0,9,0,8,0,0,0,0,3,1,6,1,27,6,-1,-1,-1,6,1
2014460239202,2,9,0,18,0,1,0,0,0,0,1,1,6,2,78,11,1299,1,13,1,1
2014460239206,1,9,0,5,0,6,0,0,0,0,1,1,6,2,-1,-1,1995,2,6,3,1
2014460239206,2,1,0,18,0,8,0,0,0,0,4,1,2,2,52,8,-1,-1,-1,-1,-1
2014460239214,1,9,0,12,0,0,0,0,0,0,1,1,6,3,-1,-1,-1,-1,-1,-1,-1
2014460239214,2,9,0,18,0,0,0,0,0,0,1,1,6,2,47,8,-1,-1,-1,9,1
2014460239216,1,9,0,5,0,8,0,0,0,0,3,1,1,1,37,7,1461,2,3,6,3
2014460239216,2,9,0,18,0,8,0,0,0,0,1,1,1,1,43,7,2179,2,1,10,3
2014460239217,1,9,0,18,0,1,0,0,0,0,1,1,6,2,-1,-1,1598,1,2,9,1
2014460239217,2,9,0,5,0,5,0,0,0,0,2,1,4,2,25,5,998,1,2,9,1
2014460239222,1,9,0,18,0,8,0,0,0,0,1,1,6,1,-1,-1,-1,-1,-1,10,2
2014460239222,2,9,0,18,0,8,0,0,0,0,2,1,6,2,47,8,1910,2,5,4,1
2014460239232,1,19,0,5,0,6,0,0,0,0,3,1,6,1,29,6,2402,2,7,8,1
2014460239232,2,3,0,18,0,8,0,0,0,0,1,1,2,2,21,5,124,1,1,-1,-1
2014460239235,1,9,0,18,0,0,0,0,0,0,3,1,1,1,46,8,998,1,8,6,3
2014460239237,1,9,0,5,0,0,0,0,0,0,1,1,2,1,53,8,-1,-1,-1,5,3
2014460239237,2,9,0,4,0,0,0,0,0,0,2,1,2,1,29,6,-1,-1,-1,5,1
2014460239237,3,9,0,4,0,0,0,0,0,0,2,1,2,1,51,8,1968,2,3,8,1
2014460239238,1,9,0,1,0,8,0,0,0,0,2,1,6,3,-1,-1,1248,1,1,-1,-1
2014460239238,2,9,0,2,0,1,0,0,0,0,3,1,6,2,39,7,1399,2,3,-1,-1
2014460239241,1,9,0,8,0,1,0,0,0,0,1,1,6,1,41,7,1595,1,1,7,3
2014460239241,2,9,0,3,0,1,0,0,0,0,2,1,6,2,30,6,1598,1,5,2,1
2014460239245,1,1,0,18,0,0,1,0,0,0,1,1,6,1,17,4,-1,-1,-1,9,1
2014460239245,2,9,0,4,0,0,0,0,0,0,4,1,6,2,60,9,-1,-1,-1,10,1
2014460239251,1,9,0,18,0,4,0,0,0,0,1,1,6,3,-1,-1,-1,-1,-1,-1,-1