Accident_Index,Vehicle_Reference,Vehicle_Type,Towing_and_Articulation,Vehicle_Manoeuvre,Vehicle_Location-Restricted_Lane,Junction_Location,Skidding_and_Overturning,Hit_Object_in_Carriageway,Vehicle_Leaving_Carriageway,Hit_Object_off_Carriageway,1st_Point_of_Impact,Was_Vehicle_Left_Hand_Drive?,Journey_Purpose_of_Driver,Sex_of_Driver,Age_of_Driver,Age_Band_of_Driver,Engine_Capacity_(CC),Propulsion_Code,Age_of_Vehicle,Driver_IMD_Decile,Driver_Home_Area_Type
2014460239251,2,9,0,9,0,3,0,0,0,0,4,1,6,1,33,6,2171,2,12,9,1
2014460239255,1,21,0,18,0,0,0,0,0,0,3,1,1,1,53,8,6370,2,4,4,1
2014460239255,2,90,0,18,0,0,0,0,0,0,3,1,6,1,44,7,-1,-1,-1,4,1
2014460239255,3,9,0,18,0,0,0,0,0,0,0,1,6,1,29,6,1461,2,1,-1,1
2014460239263,1,1,0,7,5,5,0,0,0,0,1,1,6,1,48,8,-1,-1,-1,4,1
2014460239265,1,9,0,18,0,0,0,0,0,0,4,1,6,1,62,9,-1,-1,-1,7,3
2014460239266,1,9,0,5,0,0,0,0,0,0,1,1,6,3,-1,-1,-1,-1,-1,-1,-1
2014460239266,2,9,0,3,0,0,0,0,0,0,2,1,6,1,52,8,1396,1,5,5,3
2014460239266,3,9,0,3,0,0,0,0,0,0,2,1,6,1,46,8,899,1,14,1,1
2014460239268,1,9,0,9,0,6,0,0,0,0,3,1,6,1,63,9,973,1,13,6,1
2014460239268,2,3,0,18,0,1,0,0,0,0,1,1,2,1,19,4,124,1,24,1,1
2014460239270,1,9,0,9,0,5,0,0,0,0,4,1,6,1,39,7,2393,1,11,9,1
2014460239270,2,5,0,18,0,1,0,0,0,0,1,1,6,1,32,6,1157,1,15,5,1
2014460239271,1,9,0,18,0,0,0,0,1,4,4,1,6,1,59,9,2256,1,18,6,1
2014460239272,1,19,0,18,0,8,0,0,0,0,1,1,6,1,-1,-1,1998,2,13,4,3
2014460239272,2,9,0,12,0,8,1,0,0,0,3,1,6,2,27,6,1248,2,1,3,1
2014460239278,1,5,0,16,0,0,1,0,7,10,3,1,6,1,69,10,865,1,5,8,1
2014460239278,2,9,0,17,0,0,0,0,0,0,1,1,6,1,24,5,1386,1,11,7,3
2014460239281,1,9,0,18,0,4,0,0,0,0,1,1,2,1,25,5,1999,1,9,5,1
2014460239281,2,1,0,18,0,8,0,0,0,0,2,1,6,2,31,6,-1,-1,-1,8,1
2014460239283,1,9,0,18,0,0,0,0,0,0,1,1,6,3,-1,-1,-1,-1,-1,-1,-1
2014460239285,1,11,0,9,0,8,0,0,0,0,3,2,1,1,55,8,-1,-1,-1,-1,-1
2014460239285,2,9,0,18,0,8,0,0,0,0,4,1,6,2,60,9,1796,1,14,8,1
2014460239286,1,9,0,13,0,0,0,0,0,0,2,1,6,2,26,6,996,1,5,7,1
2014460239286,2,9,0,13,0,0,0,0,0,0,1,1,6,2,25,5,989,1,14,5,1
2014460239287,1,9,0,18,0,0,0,0,0,0,1,1,6,3,-1,-1,-1,-1,-1,-1,-1
2014460239287,2,1,0,18,0,0,0,0,0,0,2,1,6,1,27,6,-1,-1,-1,7,1
2014460239294,1,9,0,9,0,1,0,0,0,0,1,1,6,2,54,8,1905,2,15,4,1
2014460239294,2,1,0,18,0,1,0,0,0,0,3,1,6,1,31,6,-1,-1,-1,6,1
2014460239299,1,9,0,18,0,0,0,0,0,0,2,1,2,1,46,8,1984,1,3,8,1
2014460239299,2,9,0,18,0,0,0,0,0,0,1,1,2,1,19,4,1390,1,16,6,1
2014460239299,3,9,0,18,0,0,0,0,0,0,1,1,2,1,56,9,1997,2,9,9,1
2014460239299,4,9,0,18,0,0,0,0,0,0,1,1,2,1,44,7,1995,2,2,8,1
2014460239299,5,9,0,18,0,0,0,0,0,0,1,1,2,1,77,11,1753,2,6,6,1
2014460239300,1,9,0,18,0,0,0,0,1,4,1,1,6,1,20,4,1988,1,13,5,3
2014460239300,2,21,0,18,0,0,0,0,0,0,0,1,1,1,35,6,12419,2,1,-1,-1
2014460239302,1,9,0,18,0,1,0,0,0,0,1,1,1,1,36,7,1968,2,2,-1,-1
2014460239302,2,9,0,4,0,1,0,0,0,0,2,1,2,1,28,6,1390,1,13,1,1
2014460239302,3,9,0,4,0,1,0,0,0,0,2,1,6,1,54,8,1997,2,12,6,1
2014460239304,1,9,0,18,0,4,0,0,0,0,4,1,1,1,24,5,-1,-1,-1,1,1
2014460239304,2,9,0,4,0,4,0,0,0,0,3,1,6,1,54,8,1951,2,9,9,2
2014460239307,1,9,0,18,0,8,0,0,0,0,1,1,6,2,45,7,1796,1,7,8,3
2014460239311,1,5,0,7,0,1,0,0,0,0,1,1,6,1,24,5,749,1,5,5,3
2014460239313,1,9,0,9,0,4,0,0,0,0,1,1,6,1,68,10,2457,1,12,9,3
2014460239313,2,9,0,18,0,4,0,0,0,0,1,1,6,2,18,4,1124,1,12,10,1
2014460239314,1,9,0,18,0,0,0,0,0,0,1,1,6,1,67,10,2720,2,6,-1,1
2014460239314,2,9,0,18,0,0,0,0,0,0,2,1,6,1,46,8,1997,2,10,-1,1
2014460239316,1,9,0,18,0,0,0,0,0,0,4,1,6,1,48,8,3456,8,2,-1,-1
2014460239318,1,9,0,2,0,0,0,0,0,0,3,1,6,1,69,10,1968,2,2,10,2
2014460239318,2,90,0,18,0,0,0,0,0,0,4,1,6,1,71,10,-1,-1,-1,8,2
2014460239319,1,9,0,9,0,5,0,0,0,0,4,1,2,1,21,5,1242,1,7,8,3
2014460239321,1,9,0,18,0,0,0,0,0,0,4,1,6,1,65,9,1248,1,2,2,1
2014460239321,2,1,0,18,0,0,0,0,0,0,4,1,6,1,34,6,-1,-1,-1,-1,1
2014460239324,1,19,0,9,0,6,0,0,0,0,1,1,1,1,57,9,2143,2,3,-1,-1
2014460239328,1,9,0,4,0,0,0,0,0,0,2,1,6,1,30,6,1587,1,12,6,3
2014460239328,2,9,0,4,0,0,0,0,0,0,2,1,6,2,42,7,1799,1,6,2,1
2014460239328,3,9,0,18,0,0,0,0,0,0,1,1,6,1,31,6,1968,2,2,-1,1
2014460239329,1,9,0,18,0,0,1,0,0,0,1,1,6,2,26,6,1242,1,7,2,1
2014460239329,2,9,0,18,0,0,0,0,0,0,2,1,6,1,18,4,1198,1,11,-1,1
2014460239329,3,9,0,18,0,0,0,0,0,0,2,1,6,1,45,7,1560,2,-1,-1,1
2014460239331,1,9,0,18,0,1,0,0,0,0,4,1,6,3,-1,-1,-1,-1,-1,-1,-1
2014460239333,1,9,0,18,0,0,0,0,0,0,3,1,6,2,37,7,1360,1,11,-1,-1
2014460239333,2,3,0,18,0,0,0,0,0,0,3,1,6,1,17,4,124,1,2,-1,-1
2014460239336,1,9,0,13,0,0,0,0,0,0,1,1,2,1,64,9,-1,-1,-1,-1,-1
2014460239339,1,19,0,18,0,8,0,0,0,0,1,1,1,1,39,7,1905,2,17,4,1
2014460239339,2,9,0,18,0,8,0,0,0,0,1,1,6,1,31,6,1397,1,12,5,1
2014460239342,1,9,0,18,0,0,0,0,0,0,1,1,6,1,59,9,1497,1,14,-1,-1
2014460239342,2,9,0,18,0,0,0,0,0,0,2,1,1,2,55,8,2496,1,13,-1,1
2014460239344,1,8,0,7,0,5,0,0,0,0,3,1,1,1,62,9,1560,2,4,5,1
2014460239352,1,9,0,5,0,6,0,0,0,0,1,1,6,1,35,6,1870,2,9,1,1
2014460239352,2,9,0,10,0,1,0,0,0,0,1,1,3,2,34,6,2204,2,9,9,1
2014460239353,1,19,0,5,0,1,0,0,0,0,1,1,6,3,-1,-1,2402,2,12,-1,-1
2014460239359,1,9,0,5,0,0,0,0,0,0,3,1,6,1,28,6,1598,1,1,3,1
2014460239359,2,2,0,13,0,0,0,0,0,0,4,1,6,1,17,4,49,1,1,-1,-1
2014460239360,1,3,0,17,0,0,0,0,1,10,1,1,6,1,79,11,124,1,9,8,1
2014460239364,1,9,0,18,0,4,5,0,7,1,3,1,6,1,41,7,2143,2,1,-1,-1
2014460239366,1,9,0,5,0,8,0,0,0,0,1,1,6,1,43,7,1398,1,-1,-1,3
2014460239366,2,9,0,18,0,8,0,0,0,0,3,1,2,1,43,7,1242,1,10,3,1
2014460239369,1,1,0,18,0,0,0,0,0,0,1,1,6,1,50,8,-1,-1,-1,10,1
2014460239370,1,9,0,7,0,8,0,0,0,0,1,1,6,1,22,5,1798,1,11,8,1
2014460239370,2,3,0,18,0,1,0,0,0,0,1,1,6,1,22,5,-1,-1,-1,6,1
2014460239371,1,9,0,9,0,8,0,0,0,0,3,1,6,1,35,6,1275,1,19,1,1
2014460239371,2,5,0,13,0,1,0,0,0,0,1,1,6,1,45,7,748,1,8,7,1
2014460239378,1,9,0,11,0,0,1,0,4,6,1,1,6,1,21,5,1229,1,9,9,1
2014460239381,1,5,0,18,0,0,0,0,0,0,0,1,6,1,51,8,999,1,4,8,2
2014460239384,1,9,0,16,0,6,0,4,0,0,1,1,6,3,-1,-1,1870,2,15,-1,-1
2014460239384,2,9,0,2,0,1,0,0,0,0,2,1,6,2,40,7,2179,2,1,3,1
2014460239385,1,9,0,18,0,1,0,4,0,0,1,1,6,1,72,10,1364,1,7,-1,-1
2014460239385,2,9,0,2,0,1,0,0,0,0,2,1,6,1,61,9,-1,-1,-1,-1,-1
2014460239388,1,9,0,18,0,4,2,9,0,0,1,1,6,1,25,5,1999,1,10,-1,-1
2014460239390,1,2,0,18,0,2,0,0,0,0,0,1,6,1,18,4,124,1,9,7,3
2014460239393,1,9,0,8,0,1,0,0,0,0,1,1,6,2,34,6,1796,1,10,-1,-1
2014460239393,2,1,0,18,0,8,0,0,0,0,4,1,6,1,61,9,-1,-1,-1,-1,-1
2014460239395,1,9,0,18,0,8,1,0,3,7,1,1,6,2,25,5,1598,1,14,3,1
2014460239396,1,9,0,17,0,0,1,0,1,4,1,1,6,1,17,4,1242,1,7,-1,-1
2014460239400,1,9,0,4,0,0,0,0,1,10,1,1,6,1,70,10,2987,2,3,-1,-1
2014460239404,1,9,0,18,0,0,0,4,0,0,1,1,1,1,48,8,799,2,5,6,3
2014460239404,2,90,4,2,0,0,0,0,0,0,1,1,1,1,54,8,-1,-1,-1,7,1
2014460239408,1,9,0,16,0,1,0,0,0,0,1,1,6,1,18,4,998,1,13,6,1
2014460239408,2,9,0,10,0,1,0,0,0,0,3,1,6,2,24,5,1596,1,15,10,1
2014460239411,1,9,0,18,0,1,0,0,0,0,4,1,6,1,28,6,1596,1,12,5,1
2014460239413,1,19,0,18,0,0,0,0,0,0,3,1,1,1,30,6,2402,2,6,10,2
2014460239413,2,9,0,18,0,0,0,0,0,0,3,1,6,2,53,8,1560,2,8,10,1
2014460239414,1,9,0,18,0,0,0,0,0,0,4,1,6,2,70,10,1991,2,4,7,2
2014460239414,2,1,0,18,0,0,0,0,0,0,3,1,6,1,64,9,-1,-1,-1,7,3
2014460239427,1,9,0,9,0,5,0,0,0,0,0,1,2,1,59,9,1769,1,11,6,1
2014460239427,2,1,0,18,0,1,0,0,0,0,0,1,6,1,47,8,-1,-1,-1,5,1
2014460239428,1,9,0,18,0,0,0,0,0,0,4,1,6,3,-1,-1,-1,-1,-1,-1,-1
2014460239429,1,5,0,18,0,3,1,10,0,0,4,1,6,1,68,10,892,1,17,-1,-1
2014460239436,1,9,0,4,0,0,1,0,0,0,1,1,2,1,24,5,1596,1,14,-1,-1
2014460239436,2,9,0,3,0,0,0,0,0,0,2,1,2,2,31,6,1997,2,6,-1,-1
2014460239436,3,9,0,3,0,0,0,0,0,0,2,1,2,2,46,8,1560,2,5,-1,-1
2014460239438,1,9,0,18,0,0,0,0,0,0,0,1,6,3,-1,-1,-1,-1,-1,-1,-1
2014460239438,2,9,0,16,0,0,2,0,0,0,3,1,2,1,20,4,2495,2,24,7,3
2014460239438,3,9,0,17,0,0,0,0,0,0,3,1,2,2,30,6,1798,1,4,6,3
2014460239443,1,9,0,16,0,0,0,0,0,0,3,1,6,1,20,4,-1,-1,-1,1,1
2014460239443,2,9,0,18,0,0,0,0,7,0,3,1,6,2,51,8,1396,1,2,7,3
2014460239444,1,9,0,5,9,6,0,0,0,0,4,1,6,2,20,4,1086,1,6,5,1
2014460239446,1,9,0,2,0,0,0,0,0,0,3,1,6,1,-1,-1,1398,1,3,4,1
2014460239446,2,11,0,15,0,0,0,0,0,0,4,1,6,1,41,7,6871,2,14,4,3
2014460239447,1,9,0,16,0,0,2,0,0,0,4,1,6,2,19,4,1299,1,13,-1,-1
2014460239449,1,9,0,1,0,0,0,0,0,0,3,1,6,3,-1,-1,-1,-1,-1,-1,-1
2014460239449,2,1,0,18,0,0,1,0,0,0,1,1,6,1,52,8,-1,-1,-1,8,1
2014460239457,1,9,0,3,0,1,0,0,0,0,1,1,6,1,28,6,1995,2,4,8,2
2014460239457,2,9,0,4,0,1,0,0,0,0,2,1,3,2,41,7,1348,1,12,7,1
2014460239460,1,9,0,4,0,4,1,9,0,0,1,1,6,1,29,6,1998,2,10,7,2
2014460239460,2,9,0,4,0,4,0,9,0,0,2,1,6,1,52,8,1800,1,15,-1,3
2014460239461,1,4,0,18,0,0,0,0,0,0,0,1,6,3,-1,-1,-1,-1,-1,-1,-1
2014460239461,2,4,0,18,0,0,0,0,0,0,3,1,6,1,20,4,1157,1,13,4,1
2014460239463,1,9,0,18,0,0,1,0,1,10,0,1,1,1,63,9,2993,2,2,-1,-1
2014460239463,2,9,0,18,0,0,0,0,1,10,1,1,1,1,45,7,-1,-1,-1,-1,-1
2014460239464,1,5,0,18,0,0,1,0,0,0,0,1,1,1,32,6,645,1,10,9,1
2014460239465,1,21,0,5,0,0,0,0,0,0,1,1,1,1,42,7,10837,2,6,6,3
2014460239465,2,9,0,3,0,0,0,0,0,0,2,1,2,1,35,6,1242,1,1,5,1
2014460239466,1,19,0,18,0,0,0,0,0,0,3,1,6,1,24,5,-1,-1,-1,1,1
2014460239470,1,1,0,18,0,0,0,0,0,0,1,1,6,1,43,7,-1,-1,-1,8,1
2014460239471,1,9,0,18,0,1,0,7,0,0,1,1,6,2,38,7,1368,1,6,3,1
2014460239473,1,9,0,17,0,2,0,0,1,4,1,1,6,1,74,10,1390,1,5,7,1
2014460239477,1,9,0,17,0,0,1,10,1,9,1,1,6,1,54,8,1795,1,15,8,1
2014460239477,2,9,2,16,0,0,0,0,1,4,1,1,2,1,35,6,2993,2,2,6,2
2014460239478,1,9,0,18,0,4,0,0,0,0,3,1,6,1,35,6,-1,-1,-1,2,1
2014460239478,2,1,0,18,0,8,0,0,0,0,4,1,6,1,75,10,-1,-1,-1,2,1
2014460239481,1,9,0,18,0,1,0,0,0,0,1,1,6,3,-1,-1,-1,-1,-1,-1,-1
2014460239481,2,9,0,3,0,1,0,0,0,0,2,1,6,2,36,7,1364,1,8,4,1
2014460239485,1,9,0,5,0,6,0,0,0,0,1,1,6,1,31,6,998,1,1,2,1
2014460239485,2,11,0,18,0,1,0,0,0,0,4,1,1,1,48,8,4500,2,4,3,1
2014460239489,1,11,0,12,0,0,0,0,0,0,1,1,1,1,55,8,4580,2,5,6,1
2014460239489,2,9,0,11,0,0,0,0,0,0,2,1,1,1,37,7,-1,-1,-1,1,1
2014460239490,1,9,0,18,0,0,0,0,0,0,3,1,6,3,-1,-1,-1,-1,-1,-1,-1
2014460239490,2,9,0,18,0,0,0,0,0,0,3,1,6,2,23,5,1343,1,11,10,1
2014460239493,1,9,0,18,0,0,0,0,1,4,1,1,6,1,71,10,2230,1,9,8,1
2014460239497,1,9,0,7,0,6,0,0,0,0,1,1,2,1,57,9,4196,1,6,2,3
2014460239497,2,3,0,13,0,8,1,0,0,0,1,1,2,1,18,4,124,1,3,9,1
2014460239499,1,9,0,12,0,0,1,0,4,0,1,1,6,1,73,10,1560,2,10,4,1
2014460239499,2,9,0,18,0,0,2,0,1,0,2,1,1,1,70,10,-1,-1,-1,8,1
2014460239500,1,19,0,18,0,0,0,0,0,0,0,1,6,3,-1,-1,-1,-1,-1,-1,-1
2014460239504,1,9,0,18,9,0,0,0,7,0,1,1,6,3,-1,-1,-1,-1,-1,-1,-1
2014460239505,1,9,0,5,0,6,0,0,0,0,3,1,2,1,18,4,1896,2,12,-1,-1
2014460239505,2,11,0,18,0,8,0,0,0,0,1,1,1,1,53,8,-1,-1,-1,4,1
2014460239506,1,9,0,18,0,2,0,0,0,0,1,1,6,2,23,5,1199,1,11,9,1
2014460239506,2,9,0,17,0,6,0,0,0,0,3,1,6,2,51,8,1388,1,15,6,1
2014460239507,1,9,0,18,0,0,0,0,0,0,1,1,6,2,31,6,1988,1,13,9,1
2014460239507,2,20,0,18,0,0,0,0,1,0,3,1,1,1,48,8,4580,2,2,4,1
2014460239507,3,9,0,18,0,0,0,0,0,0,1,1,6,1,18,4,999,1,1,6,3
2014460239512,1,9,0,18,0,0,0,0,7,10,1,1,6,1,65,9,-1,-1,-1,4,3
2014460239512,2,9,0,3,0,0,0,0,0,0,0,1,6,2,55,8,1229,1,4,10,1
2014460239518,1,9,0,7,0,2,0,0,0,0,3,1,6,2,19,4,1299,1,13,4,1
2014460239518,2,9,0,18,0,1,0,0,0,0,4,1,6,1,19,4,2286,1,48,-1,-1
2014460239521,1,9,0,16,0,1,0,0,7,1,1,1,6,2,50,8,1240,1,6,8,1
2014460239526,1,21,1,12,0,0,0,0,0,0,1,2,1,1,53,8,-1,-1,-1,-1,-1
2014460239526,2,9,0,18,0,0,0,0,2,7,2,1,6,1,42,7,1998,2,10,-1,-1
2014460239527,1,9,0,3,0,1,0,0,0,0,1,1,6,1,26,6,1796,1,6,4,1
2014460239527,2,9,0,4,0,1,0,0,0,0,2,1,6,2,32,6,998,1,6,10,1
2014460239531,1,5,0,13,0,0,0,0,0,0,3,1,6,1,21,5,599,1,6,3,3
2014460239537,1,9,0,18,0,0,0,0,0,0,0,1,6,3,-1,-1,-1,-1,-1,-1,-1
2014460239537,2,9,0,18,0,0,0,0,0,0,2,1,6,2,29,6,-1,-1,-1,4,1
2014460239537,3,9,0,18,0,0,0,0,0,0,1,1,6,2,41,7,999,1,14,2,1
2014460239540,1,-1,0,12,9,0,0,0,7,0,1,1,6,3,-1,-1,-1,-1,-1,-1,-1
2014460239541,1,9,0,16,0,0,1,0,2,7,1,1,6,1,25,5,1390,1,6,9,2
2014460239542,1,9,0,18,0,2,0,0,0,0,4,1,6,1,45,7,999,1,5,7,1
2014460239542,2,9,0,2,0,2,0,0,0,0,3,1,6,1,30,6,1991,1,14,5,1
2014460239550,1,9,0,17,0,0,5,12,1,9,1,1,6,1,29,6,2616,1,10,4,1
2014460239551,1,9,0,11,0,8,0,0,0,0,4,1,6,3,-1,-1,-1,-1,-1,-1,-1
2014460239551,2,9,0,17,0,8,0,0,1,0,3,1,6,2,25,5,1229,1,9,10,1
2014460239555,1,9,0,18,0,0,0,0,0,0,1,1,6,2,18,4,1398,2,12,2,1
2014460239555,2,1,0,18,0,0,0,0,0,0,2,1,6,1,38,7,-1,-1,-1,-1,3
2014460239556,1,9,0,18,0,0,0,0,0,0,4,1,6,2,72,10,1389,1,13,7,3
2014460239560,1,8,0,3,0,1,0,0,0,0,1,1,1,1,70,10,2499,2,3,-1,-1
2014460239560,2,9,0,18,0,1,0,0,0,0,2,1,6,1,65,9,1461,2,3,4,3
2014460239562,1,9,0,18,0,0,0,0,0,0,1,1,6,1,49,8,1995,2,3,7,1
2014460239562,2,9,0,18,0,0,0,0,0,0,2,1,6,2,61,9,1999,1,8,9,1
2014460239562,3,19,0,18,0,0,0,0,0,0,2,1,1,1,57,9,2151,2,12,2,1
2014460239564,1,9,0,9,0,8,0,0,0,0,0,1,6,2,50,8,2179,2,2,-1,3
2014460239564,2,9,0,18,0,8,0,0,0,0,1,1,1,1,51,8,-1,-1,-1,-1,3
2014460239564,3,9,0,2,0,1,0,0,0,0,1,1,6,3,-1,-1,1997,1,26,5,1
2014460239565,1,9,0,9,0,8,0,0,0,0,4,1,6,1,54,8,-1,3,3,3,1
2014460239565,2,1,0,18,0,1,0,0,0,0,1,1,6,1,33,6,-1,-1,-1,8,1
2014460239567,1,9,0,18,0,1,0,0,0,0,4,1,6,3,-1,-1,-1,-1,-1,-1,-1
2014460239567,2,9,0,7,0,1,0,0,0,0,0,1,6,1,30,6,1796,1,13,5,1
2014460239569,1,9,0,17,0,8,0,0,1,10,4,1,6,2,40,7,1389,1,17,-1,-1
2014460239573,1,9,0,18,0,0,0,0,0,0,1,1,2,2,20,4,973,1,13,6,3
2014460239573,2,9,0,8,0,0,0,0,0,0,2,1,6,2,60,9,3189,1,8,8,3
2014460239574,1,9,0,18,0,3,1,0,1,10,1,1,6,1,60,9,1798,1,1,3,1
2014460239574,2,9,0,3,0,1,0,0,0,0,3,1,6,1,65,9,1596,1,9,4,1
2014460239574,3,9,0,3,0,1,0,0,0,0,1,1,6,2,28,6,1995,2,1,1,1
2014460239575,1,9,0,18,0,4,0,0,0,0,4,1,6,3,-1,-1,1796,1,10,-1,-1
2014460239575,2,11,0,8,2,1,0,0,0,0,3,1,1,1,30,6,9000,2,5,1,1
2014460239577,1,9,0,9,0,8,0,0,0,0,1,1,6,2,44,7,1299,1,10,3,1
2014460239580,1,9,0,18,0,1,0,0,0,0,1,1,6,3,-1,-1,-1,-1,-1,-1,-1
2014460239583,1,9,0,13,0,0,1,0,5,6,1,1,6,2,42,7,998,1,2,5,2
2014460239583,2,21,1,18,0,0,0,0,0,0,2,2,1,1,38,7,-1,-1,-1,-1,-1
2014460239584,1,2,0,14,0,1,0,0,0,0,1,1,6,1,16,4,49,1,1,2,1
2014460239584,2,9,0,2,0,1,0,0,0,0,2,1,1,1,51,8,2231,2,6,6,1
2014460239587,1,9,0,18,0,4,0,0,0,0,3,1,6,3,-1,-1,1461,2,2,-1,-1
2014460239587,2,1,0,18,0,8,0,0,0,0,1,1,6,1,31,6,-1,-1,-1,2,1
2014460239589,1,5,0,18,0,1,0,0,0,0,3,1,2,1,47,8,680,1,5,-1,-1
2014460239598,1,9,0,18,0,0,0,0,5,1,1,1,1,1,63,9,1910,2,7,6,1
2014460239600,1,9,0,18,0,0,0,0,0,0,4,1,6,3,-1,-1,-1,-1,-1,-1,-1
2014460239606,1,8,0,18,0,4,0,0,0,0,1,1,6,1,50,8,1796,1,5,6,1
2014460239606,2,9,0,18,0,4,0,0,0,0,2,1,2,1,57,9,1560,2,1,4,3
2014460239608,1,9,0,18,0,4,0,0,0,0,1,1,6,2,56,9,1399,2,12,-1,3
2014460239608,2,9,0,9,0,8,0,0,0,0,4,1,2,1,20,4,1998,1,11,6,2
2014460239610,1,9,0,17,0,0,0,0,0,0,1,1,3,2,30,6,1598,1,12,3,1
2014460239610,2,9,0,16,0,0,0,0,0,0,1,1,6,2,35,6,2967,2,7,-1,2
2014460239612,1,9,0,7,0,5,1,0,2,10,1,1,6,1,21,5,1800,1,15,8,2
2014460239617,1,9,0,18,0,0,0,0,0,0,1,1,6,2,20,4,1299,1,12,7,2
2014460239617,2,9,0,18,0,0,0,0,0,0,2,1,6,3,-1,-1,-1,-1,-1,-1,-1
2014460239618,1,9,0,18,0,8,0,0,0,0,3,1,6,1,29,6,1599,1,9,3,1
2014460239618,2,9,0,7,0,8,0,0,0,0,1,1,6,2,39,7,1796,1,10,5,1
2014460239622,1,9,0,18,0,4,0,0,0,0,1,1,6,3,-1,-1,-1,-1,-1,-1,-1
2014460239622,2,9,0,18,0,4,0,0,0,0,4,1,6,2,17,4,-1,-1,-1,3,1
2014460239623,1,21,1,12,0,2,0,0,0,0,3,2,1,1,44,7,-1,-1,-1,7,1
2014460239623,2,19,0,18,0,2,0,0,0,0,1,1,1,1,29,6,2402,2,7,8,1
2014460239625,1,9,0,1,0,8,0,0,0,0,2,1,6,3,-1,-1,-1,-1,-1,-1,-1
2014460239629,1,9,0,18,0,0,0,0,0,0,4,1,6,3,-1,-1,-1,-1,-1,-1,-1
2014460239634,1,9,0,18,0,0,0,0,0,0,1,1,6,1,79,11,1997,2,3,1,3
2014460239638,1,9,0,9,0,8,0,0,0,0,1,1,6,3,-1,-1,-1,-1,-1,-1,-1
2014460239645,1,9,0,18,0,1,0,0,0,0,1,1,6,1,19,4,973,1,12,7,3
2014460239645,2,9,0,3,0,1,0,0,0,0,2,1,6,1,45,7,1995,2,9,8,2
2014460239645,3,9,0,10,0,1,0,0,0,0,2,1,6,2,37,7,1951,2,9,8,1
2014460239646,1,9,0,14,0,1,0,4,0,0,1,1,1,1,61,9,-1,-1,-1,-1,-1
2014460239646,2,9,0,2,0,1,0,0,1,10,2,1,6,1,-1,-1,2402,2,6,-1,-1
2014460239651,1,9,0,18,0,0,0,0,0,0,3,1,6,1,72,10,1995,2,9,1,1
2014460239651,2,9,0,2,0,0,0,0,0,0,4,1,6,1,32,6,1905,2,17,2,1
2014460239653,1,9,0,4,0,1,0,0,0,0,1,1,2,1,37,7,1598,2,3,3,1
2014460239653,2,9,0,3,0,1,0,0,0,0,2,1,6,1,32,6,1390,1,15,-1,-1
2014460239654,1,9,0,18,0,0,5,0,1,9,4,1,2,1,22,5,1360,1,11,3,1
2014460239656,1,9,0,12,0,0,0,0,1,7,1,1,6,1,23,5,1242,1,12,9,1
2014460239658,1,9,0,9,0,6,0,0,0,0,1,1,1,1,17,4,-1,-1,-1,7,2
2014460239658,2,9,0,18,0,8,0,0,0,0,1,1,6,1,31,6,1997,2,11,1,1
2014460239658,3,21,0,2,6,1,0,0,0,0,0,1,6,3,-1,-1,-1,-1,-1,-1,-1
2014460239659,1,9,0,18,0,0,0,0,0,0,1,1,2,1,39,7,1997,2,12,-1,1
2014460239659,2,9,0,18,0,0,0,0,0,0,1,1,6,1,29,6,1388,1,12,6,1
2014460239659,3,9,0,8,0,0,0,0,0,0,2,1,2,2,24,5,1390,1,10,1,1
2014460239667,1,21,1,12,0,7,0,0,0,0,3,1,1,1,52,8,-1,-1,-1,-1,-1
2014460239667,2,9,0,18,0,8,5,0,1,0,4,1,6,2,36,7,1598,1,9,6,1
2014460239668,1,9,0,5,0,6,0,0,1,0,3,1,6,1,34,6,1124,1,13,-1,1
2014460239668,2,10,0,5,0,8,0,0,0,0,1,1,3,1,52,8,2402,2,8,7,1
2014460239674,1,21,0,5,0,1,0,0,0,0,1,1,1,1,48,8,9290,2,4,-1,-1
2014460239674,2,9,0,4,0,1,0,0,0,0,2,1,6,1,49,8,1596,1,1,-1,-1
2014460239675,1,9,0,18,0,0,0,0,0,0,1,1,1,1,61,9,1598,1,12,6,2
2014460239675,2,9,0,3,0,0,0,0,0,0,2,1,6,2,75,10,1995,2,1,9,1
2014460239675,3,19,0,3,0,0,0,0,0,0,2,1,1,1,46,8,1998,2,11,2,1
2014460239675,4,9,0,3,0,0,0,0,0,0,2,1,6,1,50,8,-1,-1,-1,10,1
2014460239676,1,9,0,16,0,1,5,0,2,7,3,1,6,1,49,8,1685,2,1,8,1
2014460239676,2,21,1,3,0,1,0,0,0,0,3,1,1,1,42,7,10518,2,5,4,1
2014460239677,1,11,0,18,6,0,1,0,0,0,1,1,6,1,33,6,11967,2,2,-1,-1
2014460239677,2,9,0,18,6,0,1,0,0,0,2,1,6,1,34,6,-1,-1,-1,4,1
2014460239679,1,9,0,7,0,6,0,0,0,0,1,1,6,1,84,11,1796,1,10,7,3
2014460239679,2,9,0,18,0,1,0,0,7,0,1,1,2,1,25,5,1896,2,12,10,1