Accident_Index,Vehicle_Reference,Vehicle_Type,Towing_and_Articulation,Vehicle_Manoeuvre,Vehicle_Location-Restricted_Lane,Junction_Location,Skidding_and_Overturning,Hit_Object_in_Carriageway,Vehicle_Leaving_Carriageway,Hit_Object_off_Carriageway,1st_Point_of_Impact,Was_Vehicle_Left_Hand_Drive?,Journey_Purpose_of_Driver,Sex_of_Driver,Age_of_Driver,Age_Band_of_Driver,Engine_Capacity_(CC),Propulsion_Code,Age_of_Vehicle,Driver_IMD_Decile,Driver_Home_Area_Type
2014460239687,1,21,0,12,0,7,0,0,0,0,3,2,1,1,53,8,-1,-1,-1,-1,-1
2014460239687,2,9,0,18,0,8,1,0,1,0,4,1,6,2,51,8,1086,1,4,8,1
2014460239689,1,5,0,7,0,8,1,0,0,0,3,1,6,1,-1,-1,998,1,11,-1,-1
2014460239691,1,9,0,18,0,0,0,0,0,0,3,1,6,2,-1,-1,1598,1,10,9,1
2014460239691,2,1,0,18,0,0,0,0,0,0,3,1,6,2,13,3,-1,-1,-1,10,1
2014460239693,1,9,0,18,0,0,2,0,1,7,3,1,6,1,22,5,1398,1,2,7,3
2014460239695,1,5,0,15,0,0,0,0,0,0,1,1,2,1,22,5,656,1,4,7,3
2014460239695,2,9,0,11,0,0,0,0,0,0,2,1,2,2,22,5,1686,2,1,9,1
2014460239696,1,9,0,8,0,1,0,0,0,0,1,1,6,3,-1,-1,-1,-1,-1,-1,-1
2014460239696,2,9,0,3,0,1,0,0,0,0,2,1,6,2,68,10,1199,2,3,7,1
2014460239698,1,9,0,18,0,0,0,0,0,0,1,1,1,2,55,8,1798,1,6,6,1
2014460239700,1,3,0,17,0,0,1,0,0,0,3,1,6,2,26,6,-1,-1,-1,7,1
2014460239701,1,9,0,18,0,1,0,0,0,0,1,1,6,1,37,7,-1,-1,-1,6,3
2014460239701,2,9,0,9,0,1,0,0,0,0,3,1,6,1,53,8,1248,1,2,10,2
2014460239704,1,9,0,18,0,0,1,0,0,0,1,1,6,2,27,6,1598,2,3,3,3
2014460239704,2,9,0,4,0,0,0,0,0,0,2,1,6,1,32,6,1396,1,10,5,2
2014460239705,1,9,0,18,0,1,0,0,0,0,1,1,6,1,25,5,1598,1,2,-1,-1
2014460239705,2,9,0,18,0,4,0,0,0,0,2,1,6,1,61,9,1998,1,13,-1,-1
2014460239707,1,21,1,18,0,0,0,0,0,0,0,1,1,1,54,8,12777,2,2,7,3
2014460239708,1,1,0,18,0,8,0,0,0,0,0,1,6,3,-1,-1,-1,-1,-1,-1,-1
2014460239708,2,11,0,7,0,1,0,0,1,0,1,1,6,1,28,6,4580,2,5,3,3
2014460239709,1,9,0,16,0,0,0,0,0,0,3,1,6,1,23,5,1830,1,20,8,1
2014460239709,2,9,0,17,0,0,0,0,1,4,3,1,6,1,58,9,1495,1,16,8,3
2014460239709,3,9,0,17,0,0,0,0,1,9,3,1,6,1,18,4,1360,1,9,-1,-1
2014460239710,1,9,0,9,0,4,0,0,0,0,3,1,6,1,25,5,1686,2,9,1,1
2014460239710,2,1,0,9,0,3,0,0,0,0,1,1,2,1,51,8,-1,-1,-1,4,1
2014460239715,1,19,0,7,0,0,0,0,0,0,1,1,6,1,34,6,2198,2,5,3,1
2014460239715,2,3,0,18,9,0,1,10,0,0,4,1,6,1,25,5,124,1,1,6,1
2014460239723,1,9,0,14,0,0,0,0,0,0,4,1,1,1,67,10,1388,1,6,5,1
2014460239725,1,9,0,18,0,0,0,0,0,0,1,1,1,2,39,7,1598,1,14,2,1
2014460239725,2,19,4,18,0,0,0,0,0,0,2,1,6,1,66,10,-1,-1,-1,-1,-1
2014460239727,1,9,0,9,0,1,0,0,0,0,3,1,6,1,82,11,1997,2,11,8,1
2014460239727,2,9,0,4,0,1,0,0,0,0,4,1,6,1,64,9,-1,-1,-1,9,3
2014460239728,1,5,0,13,0,0,0,0,0,0,1,1,6,1,41,7,900,1,13,1,1
2014460239728,2,9,0,14,0,0,0,0,0,0,3,1,3,1,36,7,1422,2,10,3,1
2014460239738,1,9,0,2,9,2,0,0,0,0,3,1,3,2,41,7,1796,1,14,1,1
2014460239739,1,9,0,7,0,5,0,0,0,0,2,1,6,3,-1,-1,-1,-1,-1,-1,-1
2014460239739,2,1,0,18,0,1,0,0,0,0,1,1,6,1,50,8,-1,-1,-1,9,1
2014460239741,1,9,0,17,0,0,0,0,0,0,3,1,6,1,57,9,1999,1,10,5,3
2014460239741,2,9,0,16,0,0,0,0,0,0,3,1,6,1,27,6,1896,2,10,10,2
2014460239742,1,9,0,5,0,8,0,0,0,0,1,1,6,1,44,7,2995,1,10,5,1
2014460239742,2,9,0,4,0,8,0,0,0,0,2,1,6,1,30,6,3301,1,11,-1,-1
2014460239745,1,9,0,18,0,0,0,0,0,0,1,1,6,1,85,11,2148,2,9,5,1
2014460239745,2,9,0,18,0,0,0,0,0,0,3,1,3,1,49,8,698,1,11,7,2
2014460239746,1,9,0,4,0,0,0,0,0,0,1,1,6,1,29,6,-1,-1,-1,6,1
2014460239746,2,9,0,3,0,0,0,0,0,0,2,1,6,2,24,5,1242,1,1,7,1
2014460239746,3,9,0,3,0,0,0,0,0,0,2,1,6,1,32,6,1587,1,13,-1,-1
2014460239756,1,3,0,18,0,0,0,4,0,0,1,1,6,1,37,7,124,1,-1,-1,-1
2014460239756,2,9,0,2,0,0,0,0,0,0,2,1,6,1,24,5,1997,2,12,9,1
2014460239757,1,9,0,9,0,6,0,0,0,0,3,1,6,1,26,6,1596,1,10,6,3
2014460239757,2,9,0,18,0,1,1,0,1,10,1,1,6,1,17,4,-1,-1,-1,6,3
2014460239758,1,9,0,18,0,0,0,0,0,0,1,1,6,1,-1,-1,1390,1,11,5,3
2014460239758,2,9,0,18,0,0,5,0,0,0,2,1,6,1,42,7,1560,2,7,7,2
2014460239760,1,9,0,4,0,0,0,0,0,0,0,1,6,3,-1,-1,-1,-1,-1,-1,-1
2014460239760,2,9,0,18,0,0,0,0,0,0,1,1,6,2,19,4,1388,1,11,2,1
2014460239760,3,9,0,3,0,0,0,0,0,0,2,1,3,2,45,7,2497,2,9,10,1
2014460239760,4,9,0,3,0,0,0,0,0,0,2,1,6,2,33,6,-1,-1,-1,2,1
2014460239764,1,19,0,4,0,0,0,0,0,0,1,1,1,2,21,5,1870,2,8,5,3
2014460239764,2,9,0,4,0,0,0,0,0,0,2,1,2,2,40,7,1598,2,-1,-1,-1
2014460239764,3,9,0,4,0,0,0,0,0,0,2,1,2,1,27,6,1596,1,13,-1,-1
2014460239764,4,9,0,4,0,0,0,0,0,0,2,1,2,2,47,8,1242,1,12,-1,-1
2014460239766,1,9,0,9,0,6,0,0,0,0,3,1,6,1,57,9,1910,2,9,4,1
2014460239766,2,9,0,18,0,1,0,0,0,0,1,1,6,1,27,6,1596,1,10,4,1
2014460239769,1,9,0,18,0,2,0,0,0,0,1,1,6,1,19,4,1242,1,12,8,2
2014460239769,2,9,0,3,0,2,0,0,0,0,2,1,6,1,39,7,1995,2,11,3,1
2014460239769,3,9,0,3,0,2,0,0,0,0,2,1,6,1,53,8,-1,-1,-1,8,1
2014460239771,1,9,0,18,0,1,0,0,0,0,1,1,6,2,25,5,1598,1,13,3,1
2014460239771,2,9,0,10,0,1,0,0,0,0,2,1,2,1,34,6,1596,1,11,-1,3
2014460239780,1,9,0,18,0,0,5,0,2,7,4,1,6,1,64,9,1596,1,5,-1,3
2014460239780,2,21,0,18,0,0,0,0,1,0,3,2,1,1,34,6,-1,-1,-1,-1,-1
2014460239781,1,9,0,18,0,2,0,0,0,0,1,1,6,1,50,8,1896,2,5,5,1
2014460239784,1,9,0,18,0,0,1,0,2,7,1,1,6,1,19,4,2996,1,7,-1,1
2014460239785,1,9,0,18,0,4,0,0,0,0,3,1,6,1,19,4,1149,1,13,10,1
2014460239785,2,9,0,9,0,3,0,0,0,0,1,1,6,2,23,5,1242,1,13,9,2
2014460239786,1,9,0,18,0,0,1,0,1,1,4,1,6,1,21,5,998,1,7,2,1
2014460239787,1,3,0,18,0,0,0,0,0,0,3,1,6,1,30,6,124,1,3,9,1
2014460239787,2,9,0,9,0,0,0,0,0,0,1,1,6,2,47,8,1490,1,6,8,1
2014460239790,1,9,0,18,0,0,0,0,0,0,1,1,2,1,44,7,-1,-1,-1,9,1
2014460239790,2,9,0,18,6,0,0,0,1,0,2,1,6,1,62,9,1997,2,4,8,1
2014460239794,1,1,0,18,0,1,0,0,0,0,1,1,1,1,42,7,-1,-1,-1,9,1
2014460239794,2,9,0,4,0,1,0,0,0,0,2,1,1,2,43,7,1598,1,9,-1,1
2014460239795,1,9,4,13,0,0,5,0,1,0,1,1,6,1,51,8,-1,-1,-1,-1,-1
2014460239795,2,9,0,18,0,0,0,0,0,0,1,1,6,1,32,6,1968,2,5,5,3
2014460239795,3,9,0,13,0,0,0,0,0,0,1,1,6,1,50,8,1796,1,11,-1,-1
2014460239795,4,9,0,13,0,0,0,0,7,0,1,1,6,1,24,5,1796,1,12,-1,-1
2014460239795,5,9,0,18,0,0,0,0,0,0,0,1,6,1,24,5,1796,1,11,-1,-1
2014460239797,1,1,0,7,0,8,1,0,0,0,3,1,6,1,26,6,-1,-1,-1,3,1
2014460239797,2,9,0,3,0,1,0,0,0,0,3,1,6,1,56,9,1896,2,8,5,1
2014460239803,1,19,0,18,0,8,1,0,0,0,4,1,1,1,34,6,1686,2,11,-1,-1
2014460239803,2,20,0,18,0,1,0,0,0,0,3,1,1,1,55,8,-1,-1,-1,-1,-1
2014460239804,1,9,0,4,0,0,0,0,0,0,0,1,6,3,-1,-1,-1,-1,-1,-1,-1
2014460239804,2,9,0,4,0,0,0,0,0,0,1,1,1,1,24,5,1242,1,8,8,1
2014460239804,3,9,0,18,0,0,0,0,0,0,2,1,1,2,21,5,1596,1,9,5,2
2014460239804,4,9,0,18,0,0,0,0,0,0,1,1,1,1,32,6,1390,1,14,7,1
2014460239806,1,9,0,18,0,0,1,0,0,0,1,1,1,1,49,8,-1,-1,-1,9,1
2014460239806,2,9,0,18,0,0,0,0,1,7,2,1,6,1,39,7,1973,1,15,6,1
2014460239807,1,9,0,9,0,4,0,0,0,0,3,1,1,1,35,6,1910,2,6,8,1
2014460239807,2,9,0,18,0,4,0,0,0,0,1,1,2,1,25,5,2616,1,9,9,1
2014460239808,1,9,0,16,0,0,0,0,7,4,1,1,6,1,90,11,1598,1,15,7,1
2014460239811,1,9,0,9,0,5,0,0,3,0,4,1,6,1,76,11,1560,2,2,10,1
2014460239811,2,9,0,18,0,1,0,0,0,0,1,1,6,2,72,10,1600,1,15,8,2
2014460239814,1,5,0,17,0,0,1,0,1,10,4,1,6,1,32,6,998,1,24,7,1
2014460239815,1,4,0,18,0,0,0,0,0,0,1,1,6,1,20,4,599,1,19,2,1
2014460239815,2,4,0,4,0,0,0,0,0,0,2,1,6,1,20,4,-1,-1,-1,4,1
2014460239818,1,9,0,4,0,0,0,0,0,0,1,1,6,1,58,9,1769,1,11,-1,-1
2014460239821,1,21,1,18,0,0,0,0,1,0,1,1,1,1,33,6,-1,-1,-1,-1,-1
2014460239821,2,9,0,18,0,0,1,0,0,0,2,1,2,1,57,9,1560,2,8,8,1
2014460239821,3,21,0,18,0,0,0,0,0,0,2,1,1,1,21,5,6370,2,14,3,1
2014460239822,1,9,0,5,0,1,0,0,0,0,1,1,6,2,81,11,1242,1,16,4,1
2014460239822,2,9,0,18,0,1,0,0,0,0,3,1,6,2,31,6,2188,2,9,3,1
2014460239827,1,1,0,18,0,0,0,0,0,0,1,1,6,1,7,2,-1,-1,-1,4,1
2014460239827,2,9,0,18,0,0,0,0,0,0,1,1,6,1,27,6,1390,1,11,2,1
2014460239828,1,9,0,1,9,0,0,0,0,0,2,1,6,2,79,11,1364,1,4,6,3
2014460239836,1,9,0,18,0,0,0,0,0,0,1,1,1,1,46,8,-1,-1,-1,-1,-1
2014460239844,1,9,0,18,0,6,0,0,7,1,4,1,6,1,58,9,1598,1,9,9,1
2014460239844,2,9,0,18,0,1,0,0,0,0,1,1,6,2,76,11,1398,1,-1,10,2
2014460239848,1,9,0,18,0,1,0,0,0,0,1,1,6,1,24,5,1598,1,4,-1,-1
2014460239848,2,5,0,3,0,1,0,0,0,0,2,1,2,1,60,9,102,1,11,-1,1
2014460239856,1,9,0,12,0,6,0,0,0,0,0,1,6,3,-1,-1,-1,-1,-1,-1,-1
2014460239856,2,9,0,18,0,2,0,0,0,0,1,1,6,1,34,6,3199,1,14,1,1
2014460239856,3,9,0,18,0,2,0,0,0,0,2,1,6,1,35,6,1998,1,4,-1,-1
2014460239867,1,9,0,18,0,0,0,0,7,10,1,1,6,2,18,4,1396,1,11,6,1
2014460239869,1,20,0,18,0,0,0,0,0,0,1,1,6,1,55,8,-1,-1,-1,6,1
2014460239869,2,1,0,18,0,0,0,0,0,0,1,1,6,1,46,8,-1,-1,-1,9,1
2014460239873,1,9,0,18,0,1,0,0,0,0,1,1,6,2,50,8,1995,2,1,7,1
2014460239873,2,9,0,9,0,1,0,0,0,0,2,1,6,1,70,10,1242,1,15,4,1
2014460239874,1,9,0,4,0,1,0,0,0,0,2,1,6,1,84,11,1590,1,11,10,1
2014460239874,2,9,0,18,0,1,0,0,0,0,1,1,6,2,64,9,1794,1,13,7,1
2014460239874,3,9,0,18,0,1,0,0,0,0,1,1,6,2,25,5,1998,2,8,5,1
2014460239879,1,1,0,5,0,1,0,0,0,0,0,1,6,1,64,9,-1,-1,-1,9,1
2014460239881,1,8,0,18,0,1,0,11,0,0,4,1,6,3,-1,-1,-1,-1,-1,-1,-1
2014460239882,1,9,0,11,0,0,0,0,0,0,4,1,6,3,-1,-1,-1,-1,-1,-1,-1
2014460239882,2,4,0,18,0,0,0,0,1,0,3,1,6,1,41,7,-1,-1,-1,4,3
2014460239884,1,9,0,18,0,8,0,0,0,0,1,1,6,2,36,7,2184,2,8,7,3
2014460239884,2,9,0,18,0,8,5,0,0,0,1,1,6,1,50,8,2494,2,28,7,1
2014460239887,1,9,0,18,0,8,0,0,0,0,1,1,6,1,26,6,1800,1,15,4,3
2014460239887,2,9,0,5,0,8,1,0,0,0,2,1,1,2,25,5,1389,1,17,6,3
2014460239888,1,9,0,4,0,0,1,0,4,6,2,1,1,1,46,8,1753,2,8,7,3
2014460239888,2,9,0,18,0,0,1,0,0,0,1,1,6,1,31,6,1242,1,6,6,3
2014460239888,3,9,0,11,0,0,0,0,0,0,3,1,6,1,49,8,1797,8,2,9,3
2014460239888,4,9,0,4,0,0,0,0,0,0,2,1,1,1,23,5,-1,-1,-1,-1,-1
2014460239890,1,9,0,9,0,1,0,0,0,0,1,1,6,2,73,10,1598,1,8,7,2
2014460239890,2,19,0,3,0,1,0,0,0,0,1,1,1,1,48,8,-1,-1,-1,5,3
2014460239890,3,19,0,3,0,1,0,0,0,0,1,1,1,1,42,7,-1,-1,-1,6,1
2014460239893,1,9,0,9,0,6,0,0,0,0,2,1,6,1,50,8,1896,2,9,8,1
2014460239893,2,5,0,18,0,1,0,0,1,0,1,1,6,1,21,5,599,1,13,3,1
2014460239893,3,9,0,18,0,1,0,0,0,0,0,1,6,3,-1,-1,-1,-1,-1,-1,-1
2014460239894,1,9,0,18,0,1,0,0,0,0,1,1,3,2,43,7,1299,1,14,5,1
2014460239894,2,9,0,4,0,1,0,0,0,0,2,1,2,2,38,7,1242,1,5,2,1
2014460239895,1,9,0,14,0,0,5,0,0,0,1,1,6,1,86,11,1597,1,18,7,3
2014460239895,2,9,0,2,0,0,0,0,0,0,2,1,6,2,38,7,1600,2,3,5,1
2014460239895,3,19,0,18,0,0,0,0,0,0,3,1,2,1,55,8,2198,2,1,6,1
2014460239903,1,9,0,9,0,5,0,0,0,0,1,1,6,1,33,6,1560,2,-1,4,1
2014460239903,2,9,0,18,0,1,0,0,0,0,1,1,6,1,44,7,1229,1,-1,7,2
2014460239905,1,9,0,18,0,0,1,0,0,0,3,1,1,1,19,4,1360,1,11,7,3
2014460239905,2,9,0,18,0,0,1,0,0,0,3,1,6,1,22,5,1560,2,2,7,3
2014460239908,1,9,0,16,0,0,1,0,0,0,1,1,6,1,31,6,1997,2,15,6,3
2014460239908,2,9,0,17,0,0,1,0,0,0,1,1,6,1,25,5,1199,1,15,3,1
2014460239910,1,9,0,5,0,5,0,0,3,10,1,1,6,1,79,11,1199,1,14,5,1
2014460239911,1,5,0,18,0,1,1,0,0,0,1,1,6,1,50,8,998,1,9,7,1
2014460239911,2,9,0,18,0,1,0,0,0,0,2,1,1,2,32,6,1461,2,4,9,1
2014460239914,1,9,0,18,0,1,0,0,0,0,1,1,6,1,35,6,1910,2,7,9,1
2014460239914,2,9,0,3,0,1,0,0,0,0,2,1,6,1,53,8,1399,2,10,9,1
2014460239914,3,9,0,3,0,1,0,0,0,0,2,1,6,1,65,9,1229,1,9,5,1
2014460239922,1,9,0,18,0,4,0,0,1,2,3,1,6,2,67,10,1596,1,13,8,1
2014460239922,2,9,0,6,0,8,0,0,0,0,1,1,6,1,60,9,-1,-1,-1,3,1
2014460239926,1,9,0,18,0,0,5,4,0,0,1,1,6,1,88,11,1242,1,6,9,1
2014460239926,2,9,0,2,0,0,0,0,0,0,3,1,3,2,38,7,1349,1,1,5,1
2014460239929,1,21,0,18,0,0,0,0,0,0,1,1,6,1,31,6,-1,-1,-1,-1,-1
2014460239929,2,9,0,18,0,0,0,0,0,0,1,1,6,1,69,10,2000,2,4,7,1
2014460239931,1,21,0,12,0,0,0,0,0,0,3,1,6,3,-1,-1,-1,-1,-1,-1,-1
2014460239931,2,20,0,11,0,0,0,0,0,0,4,1,6,1,29,6,2198,2,-1,6,1
2014460239931,3,21,0,18,0,0,1,0,0,0,1,1,1,1,49,8,-1,-1,-1,1,1
2014460239936,1,9,0,5,0,6,0,0,0,0,3,1,6,1,22,5,1598,1,10,9,2
2014460239936,2,9,0,17,0,1,0,0,0,0,1,1,6,1,83,11,2400,2,4,10,1
2014460239938,1,9,0,4,0,0,0,0,0,0,1,1,3,2,23,5,1299,1,12,5,1
2014460239938,2,9,0,4,0,0,0,0,0,0,2,1,3,1,50,8,1289,1,16,1,1
2014460239940,1,9,0,7,0,6,1,0,0,0,2,1,6,2,22,5,1149,1,12,7,3
2014460239940,2,9,0,18,0,1,1,0,7,3,1,1,6,1,23,5,-1,-1,-1,7,1
2014460239942,1,9,0,7,0,6,0,0,0,0,1,1,2,1,52,8,-1,-1,-1,3,1
2014460239942,2,9,0,4,0,2,0,0,0,0,2,1,6,2,56,9,1240,1,10,8,1
2014460239945,1,9,0,16,0,0,1,0,0,0,1,1,6,1,20,4,1124,1,12,6,1
2014460239945,2,9,0,18,0,0,1,0,0,0,2,1,6,3,-1,-1,-1,-1,-1,-1,-1
2014460239949,1,9,0,12,0,2,0,0,5,6,2,1,1,1,72,10,-1,-1,-1,-1,3
2014460239949,2,9,0,18,0,2,0,0,0,0,1,1,6,1,58,9,1560,2,4,7,3
2014460239952,1,9,0,9,0,6,0,0,0,0,3,1,6,1,23,5,1242,1,14,5,1
2014460239952,2,4,0,18,0,2,0,0,0,0,1,1,6,1,27,6,124,1,14,6,1
2014460239953,1,9,0,1,0,8,0,0,0,0,2,1,6,1,46,8,1968,2,3,8,3
2014460239953,2,1,0,15,0,1,0,0,0,0,4,1,2,1,35,6,-1,-1,-1,-1,-1
2014460239957,1,9,0,18,0,2,0,0,0,0,1,1,6,1,76,11,1240,1,10,3,1
2014460239957,2,19,4,18,0,1,0,0,0,0,1,1,6,1,59,9,1896,2,6,3,1
2014460239958,1,9,0,9,0,6,0,0,1,0,1,1,6,2,45,7,1896,2,5,10,2
2014460239958,2,3,0,18,0,1,0,0,0,0,1,1,1,1,32,6,125,1,5,9,2
2014460239960,1,9,0,18,0,5,0,0,0,0,1,1,6,1,20,4,1598,1,9,2,1
2014460239960,2,9,0,4,0,5,0,0,0,0,2,1,6,1,30,6,1995,2,5,4,3
2014460239961,1,9,0,3,0,1,0,0,0,0,4,1,6,2,50,8,1998,1,10,5,1
2014460239965,1,9,0,18,0,1,0,0,0,0,1,1,6,2,49,8,1200,1,1,3,1
2014460239965,2,19,0,3,0,1,0,0,0,0,2,1,1,1,24,5,2402,2,13,6,1
2014460239966,1,1,0,18,0,1,0,0,0,0,1,1,6,1,9,2,-1,-1,-1,2,1
2014460239967,1,5,0,16,0,0,1,0,0,0,1,1,6,1,50,8,1000,1,4,10,1
2014460239967,2,9,0,17,0,0,0,0,0,0,1,1,6,1,60,9,998,1,3,4,1
2014460239968,1,9,0,6,0,2,0,0,0,0,4,1,2,2,34,6,1598,1,7,4,1
2014460239968,2,5,0,18,0,1,0,0,0,0,1,1,2,1,33,6,-1,-1,-1,2,1
2014460239971,1,9,0,18,0,8,0,0,0,0,1,1,6,1,34,6,1248,2,9,6,1
2014460239971,2,9,0,18,0,8,1,0,0,0,3,1,6,2,66,10,1994,2,6,4,1
2014460239972,1,3,0,18,0,0,0,0,0,0,1,1,6,1,17,4,124,1,-1,4,1
2014460239972,2,19,0,18,0,0,0,0,0,0,1,1,2,2,52,8,1560,2,2,3,1
2014460239980,1,9,0,18,0,0,0,0,0,0,3,1,1,1,53,8,1896,2,7,-1,-1
2014460239982,1,11,0,5,2,0,0,0,0,0,1,1,6,2,-1,-1,4250,2,8,4,1
2014460239983,1,9,0,18,0,8,0,0,0,0,1,1,6,1,56,9,1598,1,1,6,1
2014460239983,2,9,0,3,0,8,0,0,0,0,2,1,6,1,30,6,2171,1,13,6,1
2014460239985,1,9,0,16,0,2,0,0,7,10,1,1,6,2,17,4,1597,1,15,4,1
2014460239985,2,9,0,18,0,2,0,0,0,0,2,1,1,1,46,8,1332,1,21,4,1
2014460239988,1,9,0,4,0,1,0,0,0,0,1,1,6,1,58,9,1998,1,3,4,1
2014460239988,2,9,0,3,0,1,0,0,0,0,2,1,6,1,45,7,999,1,4,2,1
2014460239990,1,5,0,18,0,0,0,0,1,0,1,1,6,1,25,5,599,1,16,3,1
2014460239990,2,9,0,6,0,0,0,0,0,0,2,1,6,1,30,6,1968,2,2,6,3
2014460239992,1,9,0,18,0,5,0,0,0,0,1,1,6,1,-1,-1,-1,-1,-1,-1,-1
2014460239992,2,9,0,7,0,1,0,0,0,0,2,1,3,2,50,8,1998,1,14,4,1
2014460239994,1,9,0,18,0,0,0,0,0,0,1,1,6,2,19,4,1299,1,12,7,1
2014460239994,2,9,0,3,0,0,0,0,0,0,2,1,6,1,57,9,-1,-1,-1,10,1
2014460239995,1,2,0,18,0,8,1,0,0,0,0,1,2,1,17,4,124,1,1,7,1
2014460239999,1,9,0,9,0,8,0,0,0,0,3,1,6,1,22,5,-1,-1,-1,-1,-1
2014460239999,2,3,0,17,0,1,0,0,0,0,1,1,6,1,23,5,-1,-1,-1,5,1
2014460240000,1,9,0,18,0,1,0,0,0,0,1,1,6,1,27,6,1998,1,1,-1,-1
2014460240000,2,3,0,9,0,8,0,0,0,0,3,1,6,1,38,7,125,1,5,2,1
2014460240001,1,1,0,18,0,1,0,0,1,0,0,1,6,1,19,4,-1,-1,-1,7,3
2014460240012,1,9,0,18,0,0,0,0,0,0,1,1,6,2,35,6,1242,1,14,3,1
2014460240012,2,9,0,3,0,0,0,0,0,0,2,1,6,2,33,6,1896,2,5,5,1
2014460240013,1,9,0,4,0,0,1,0,0,0,1,1,6,2,50,8,1781,1,18,2,1
2014460240013,2,9,0,4,0,0,0,0,0,0,2,1,6,2,50,8,1995,2,1,8,1
2014460240013,3,9,0,4,0,0,0,0,0,0,2,1,6,2,36,7,1587,1,11,8,1
2014460240013,4,9,0,13,0,0,0,0,0,0,0,1,1,1,35,6,1968,2,1,8,1
2014460240016,1,9,0,1,0,0,0,0,0,0,1,1,6,3,-1,-1,1896,2,5,-1,-1
2014460240019,1,9,0,16,0,3,0,0,0,0,1,1,6,1,35,6,2149,2,7,9,1
2014460240019,2,3,0,18,0,4,0,0,0,0,3,1,1,1,20,4,125,1,2,8,1
2014460240020,1,9,0,18,0,0,1,0,2,7,2,1,2,1,48,8,1783,1,13,6,1
2014460240021,1,5,0,18,0,4,0,0,1,10,1,1,6,1,38,7,592,1,27,5,1
2014460240022,1,9,0,5,0,0,0,0,0,0,3,1,6,2,42,7,1240,1,11,3,1
2014460240022,2,9,0,14,0,0,0,0,0,0,1,1,6,2,45,7,1988,1,15,4,2
2014460240025,1,9,0,9,0,6,0,0,0,0,3,1,1,1,38,7,1422,2,4,-1,-1
2014460240025,2,9,0,18,0,1,0,0,0,0,1,1,2,2,42,7,2902,2,9,6,2
2014460240035,1,9,0,18,0,1,0,0,0,0,1,1,6,1,52,8,1956,2,3,8,1
2014460240035,2,9,0,18,0,1,0,0,0,0,2,1,6,2,26,6,1360,1,7,6,1
2014460240035,3,9,0,1,0,6,0,0,0,0,0,1,6,1,47,8,2995,1,12,-1,-1
2014460240036,1,9,0,18,0,0,0,0,0,0,1,1,6,3,-1,-1,1896,2,12,-1,-1
2014460240036,2,9,0,18,0,0,0,0,0,0,1,1,6,1,24,5,1497,1,11,3,1
2014460240042,1,9,0,4,0,2,0,0,0,0,0,2,3,2,34,6,-1,-1,-1,9,1
2014460240043,1,9,0,18,0,0,0,0,0,0,1,1,6,1,26,6,1587,1,13,4,1
2014460240043,2,9,0,4,0,0,0,0,0,0,2,1,6,1,51,8,1896,2,17,3,1
2014460240047,1,9,0,18,0,0,0,0,0,0,1,1,6,1,-1,-1,998,1,1,5,1
2014460240047,2,9,0,3,0,0,0,0,0,0,2,1,1,1,26,6,1781,1,12,7,1
2014460240048,1,9,0,17,0,0,0,0,2,4,1,1,6,1,19,4,1198,1,9,6,2
2014460240049,1,9,0,9,0,6,0,0,0,0,3,1,2,1,35,6,1998,1,17,2,1
2014460240049,2,9,0,18,0,1,0,0,0,0,1,1,6,1,61,9,5700,1,3,2,1
2014460240050,1,9,0,9,0,1,0,0,0,0,4,1,6,1,50,8,-1,-1,-1,4,1
2014460240050,2,19,0,18,0,1,0,0,0,0,1,1,6,1,24,5,2402,2,13,2,1
2014460240051,1,21,0,12,0,0,0,0,0,0,3,2,1,1,28,6,-1,-1,-1,7,1
2014460240051,2,9,0,18,0,0,5,0,0,0,4,1,6,1,69,10,1339,1,3,9,3
2014460240053,1,9,0,18,0,0,0,0,0,0,4,1,1,3,-1,-1,-1,-1,-1,-1,-1
2014460240053,2,9,0,2,0,0,0,0,0,0,4,1,6,2,59,9,1995,2,2,-1,1
2014460240062,1,9,0,5,0,1,0,0,0,0,1,1,6,1,52,8,1198,1,7,8,3
2014460240063,1,8,0,18,0,1,0,0,0,0,1,1,1,1,31,6,1896,2,7,3,1
2014460240063,2,9,0,9,0,8,0,0,0,0,2,1,6,1,28,6,1587,1,17,6,1
2014460240065,1,9,0,16,0,0,0,0,0,0,1,1,6,1,37,7,2204,2,8,-1,-1
2014460240065,2,9,0,17,0,0,0,0,0,0,1,1,6,1,54,8,3628,2,7,5,2
2014460240067,1,9,0,11,0,0,0,0,0,0,2,1,2,2,39,7,1995,2,2,7,1
2014460240067,2,21,1,18,0,0,0,0,0,0,1,1,1,1,39,7,10518,2,8,-1,3
2014460240067,3,9,0,3,0,0,0,0,0,0,2,1,6,2,29,6,1997,1,10,5,1
2014460240067,4,20,0,3,0,0,0,0,0,0,2,1,6,1,36,7,-1,-1,-1,3,1
2014460240070,1,9,0,18,0,0,0,0,0,0,1,1,6,1,36,7,-1,-1,-1,6,1