Accident_Index,Vehicle_Reference,Vehicle_Type,Towing_and_Articulation,Vehicle_Manoeuvre,Vehicle_Location-Restricted_Lane,Junction_Location,Skidding_and_Overturning,Hit_Object_in_Carriageway,Vehicle_Leaving_Carriageway,Hit_Object_off_Carriageway,1st_Point_of_Impact,Was_Vehicle_Left_Hand_Drive?,Journey_Purpose_of_Driver,Sex_of_Driver,Age_of_Driver,Age_Band_of_Driver,Engine_Capacity_(CC),Propulsion_Code,Age_of_Vehicle,Driver_IMD_Decile,Driver_Home_Area_Type
2014460240950,2,9,0,18,0,8,1,0,0,0,4,1,3,2,31,6,1498,1,8,-1,1
2014460240955,1,1,0,18,0,0,1,0,0,0,0,1,2,1,21,5,-1,-1,-1,5,1
2014460240962,1,9,0,18,0,0,1,0,0,0,3,1,6,1,49,8,1896,2,12,1,1
2014460240962,2,21,1,18,0,0,0,0,0,0,3,1,1,1,58,9,12900,2,2,-1,-1
2014460240967,1,9,0,18,0,0,0,0,0,0,3,1,6,3,-1,-1,-1,-1,-1,-1,-1
2014460240967,2,9,0,18,0,0,0,0,0,0,3,1,2,2,30,6,998,1,14,10,1
2014460240968,1,9,0,18,0,0,2,0,8,6,3,1,6,1,19,4,1149,1,11,4,2
2014460240973,1,9,0,5,0,1,0,10,2,0,0,1,6,1,74,10,2993,2,6,2,1
2014460240974,1,9,0,18,0,8,0,0,0,0,1,1,6,2,64,9,1360,1,9,4,2
2014460240974,2,9,0,18,0,8,0,0,0,0,4,1,6,2,36,7,1587,1,11,4,1
2014460240976,1,9,0,18,0,1,5,10,1,10,1,1,6,1,-1,-1,1596,1,13,-1,-1
2014460240979,1,9,0,18,0,0,1,0,1,6,1,1,6,1,29,6,1587,1,11,6,1
2014460240980,1,3,0,7,0,8,1,0,0,0,0,1,6,1,23,5,125,1,11,4,1
2014460240981,1,9,0,6,0,8,0,0,0,0,1,1,6,3,-1,-1,-1,-1,-1,-1,-1
2014460240981,2,3,0,18,0,8,0,0,0,0,4,1,2,1,18,4,125,1,1,2,1
2014460240982,1,1,0,18,0,2,0,0,0,0,1,1,6,1,36,7,-1,-1,-1,3,1
2014460240983,1,9,0,11,0,2,0,0,0,0,2,1,6,3,-1,-1,-1,-1,-1,-1,-1
2014460240983,2,9,0,18,0,2,0,0,1,0,2,1,6,2,60,9,1975,1,9,4,2
2014460240985,1,1,0,18,0,1,1,0,0,0,1,1,1,1,19,4,-1,-1,-1,2,1
2014460240985,2,9,0,9,0,5,0,0,0,0,2,1,1,1,31,6,1591,1,-1,-1,-1
2014460240987,1,5,0,18,0,1,0,0,0,0,1,1,6,1,23,5,883,1,20,2,1
2014460240987,2,9,0,18,0,1,0,0,0,0,2,1,2,2,25,5,1956,2,4,7,1
2014460240988,1,9,0,18,0,0,5,0,8,10,2,1,6,2,82,11,1389,1,14,10,1
2014460240990,1,9,0,18,0,0,5,0,1,0,1,1,6,1,21,5,954,1,23,10,2
2014460240991,1,9,0,18,0,0,0,0,0,0,1,1,6,1,49,8,-1,-1,-1,8,3
2014460240991,2,9,0,18,0,0,0,0,0,0,1,1,6,1,57,9,1995,2,12,8,2
2014460240993,1,9,0,9,0,5,0,0,0,0,1,1,6,2,28,6,1598,2,4,3,1
2014460240993,2,1,0,18,4,1,0,0,0,0,1,1,6,1,36,7,-1,-1,-1,9,1
2014460240994,1,9,0,17,0,3,1,0,1,4,2,1,6,1,60,9,3615,1,21,8,1
2014460240995,1,9,0,9,0,2,0,0,0,10,1,1,6,1,38,7,1360,1,11,8,1
2014460240997,1,1,0,18,0,8,1,0,3,10,1,1,6,2,14,3,-1,-1,-1,2,1
2014460240998,1,9,0,16,0,7,0,0,1,9,1,1,1,1,20,4,1596,1,9,5,2
2014460241001,1,9,0,18,0,0,0,0,4,6,1,1,6,2,26,6,1600,1,15,6,1
2014460241002,1,9,0,18,0,0,0,0,0,0,1,1,6,1,33,6,2295,1,12,3,1
2014460241002,2,9,0,18,0,0,0,0,0,0,2,1,6,1,53,8,-1,-1,-1,-1,-1
2014460241007,1,9,0,17,0,0,0,0,2,10,1,1,6,1,23,5,1968,2,7,4,3
2014460241013,1,9,0,10,0,1,0,0,0,0,4,1,6,1,50,8,1798,1,13,6,1
2014460241013,2,9,0,17,0,1,0,0,0,0,1,1,6,1,82,11,1398,2,5,8,1
2014460241015,1,9,0,18,0,0,0,10,1,7,1,1,6,1,80,11,999,1,2,-1,-1
2014460241016,1,9,0,9,0,8,0,0,0,0,1,1,6,2,66,10,1995,2,7,10,1
2014460241016,2,2,0,18,0,1,0,0,0,0,3,1,2,1,16,4,-1,-1,-1,9,3
2014460241018,1,9,0,18,0,6,0,0,0,0,1,1,6,2,80,11,1998,1,8,9,3
2014460241018,2,9,0,18,0,8,0,0,0,0,4,1,6,1,50,8,1598,1,13,10,1
2014460241020,1,9,0,18,0,0,0,0,0,0,1,1,6,1,20,4,2494,1,14,4,1
2014460241020,2,9,0,18,0,0,0,0,0,0,2,1,6,2,37,7,1896,2,13,4,1
2014460241022,1,9,0,18,0,8,0,0,0,0,3,1,1,1,29,6,1560,2,6,4,1
2014460241022,2,9,0,18,0,8,0,0,0,0,1,1,6,1,23,5,1781,1,16,9,3
2014460241023,1,9,0,9,0,8,0,8,0,0,1,1,6,1,42,7,1995,2,3,2,1
2014460241023,2,9,0,18,0,1,1,0,0,0,3,1,6,1,24,5,-1,-1,-1,2,1
2014460241024,1,9,0,5,0,0,0,0,0,0,1,1,6,1,46,8,-1,-1,-1,10,1
2014460241024,2,9,0,5,0,0,0,0,0,0,2,1,6,1,23,5,1124,1,11,5,1
2014460241025,1,9,0,5,0,1,0,0,0,0,1,1,2,1,35,6,1527,2,17,7,1
2014460241025,2,9,0,9,0,1,0,0,0,0,3,1,2,1,43,7,1396,1,12,1,1
2014460241029,1,9,0,9,0,8,1,10,1,2,1,1,2,1,48,8,1229,1,8,3,1
2014460241036,1,2,0,3,0,0,0,11,0,0,1,1,6,1,16,4,49,1,14,-1,-1
2014460241039,1,9,0,9,0,8,0,0,0,0,3,1,6,1,42,7,1242,1,10,7,1
2014460241039,2,1,0,18,0,1,0,0,0,0,1,1,6,1,18,4,-1,-1,-1,3,1
2014460241040,1,9,0,18,0,8,1,0,0,0,1,1,6,1,19,4,1596,1,20,5,2
2014460241040,2,9,0,9,0,8,0,0,0,0,3,1,6,1,17,4,1124,1,15,4,2
2014460241041,1,9,0,18,0,0,0,0,1,7,1,1,2,1,41,7,1896,2,4,4,1
2014460241044,1,9,0,18,0,0,0,0,0,0,1,1,6,1,18,4,1984,1,-1,10,1
2014460241044,2,9,0,18,0,0,0,0,0,0,1,1,6,2,49,8,1796,2,2,8,1
2014460241046,1,19,0,9,0,6,0,0,0,0,1,1,6,1,33,6,1995,2,2,5,2
2014460241046,2,1,0,18,0,1,0,0,0,0,1,1,6,1,58,9,-1,-1,-1,4,1
2014460241047,1,9,0,14,0,1,0,0,0,0,1,1,6,3,-1,-1,1242,1,2,-1,-1
2014460241047,2,4,0,10,0,5,0,0,0,0,3,1,6,1,20,4,125,1,17,2,1
2014460241048,1,9,0,16,0,1,0,0,0,0,1,1,2,2,24,5,1596,1,14,7,1
2014460241048,2,9,0,8,0,1,0,0,0,0,2,1,6,2,46,8,1199,1,14,7,1
2014460241049,1,9,0,4,0,0,1,0,0,0,1,1,6,1,26,6,1199,1,13,9,3
2014460241049,2,9,0,3,0,0,0,0,0,0,2,1,1,1,52,8,1997,2,1,9,1
2014460241049,3,19,0,3,0,0,0,0,0,0,2,1,1,1,54,8,1560,2,6,7,2
2014460241052,1,9,0,18,0,0,0,0,0,0,1,1,2,2,35,6,1299,1,9,6,3
2014460241060,1,9,0,5,0,0,1,0,0,0,1,1,6,1,20,4,1796,1,8,4,1
2014460241060,2,9,0,18,0,0,1,0,0,0,1,1,6,1,23,5,1598,1,8,3,1
2014460241064,1,3,0,18,0,0,1,0,0,0,1,1,6,1,17,4,125,1,3,9,1
2014460241064,2,9,0,4,0,0,0,0,0,0,2,1,6,2,47,8,1364,1,7,9,1
2014460241065,1,9,0,18,0,0,0,0,0,0,4,1,6,3,-1,-1,-1,-1,-1,-1,-1
2014460241070,1,9,0,6,0,0,0,0,0,0,1,1,1,1,22,5,2000,2,10,3,1
2014460241070,2,9,0,18,0,0,0,0,0,0,1,1,3,2,40,7,1796,1,12,4,1
2014460241071,1,5,0,18,0,8,1,0,0,0,0,1,6,1,32,6,749,1,20,4,1
2014460241072,1,9,0,9,0,8,0,0,0,0,1,1,6,2,50,8,1686,2,1,4,3
2014460241072,2,9,0,9,0,3,0,0,0,0,4,1,1,2,23,5,1598,1,11,8,2
2014460241074,1,1,0,18,0,0,0,0,0,0,3,1,2,1,18,4,-1,-1,-1,8,1
2014460241075,1,9,0,9,0,4,0,0,0,0,1,1,2,2,38,7,1560,2,4,8,1
2014460241075,2,1,0,17,0,8,0,0,0,0,2,1,6,2,52,8,-1,-1,-1,-1,-1
2014460241085,1,9,0,18,0,2,0,0,1,10,4,1,6,2,24,5,1995,2,10,1,1
2014460241092,1,9,0,1,0,0,0,0,0,0,2,1,6,2,57,9,1997,2,6,8,2
2014460241097,1,9,0,18,0,0,0,0,0,0,1,1,6,1,23,5,1596,1,12,8,1
2014460241097,2,9,0,3,0,0,0,0,0,0,2,1,6,2,34,6,-1,-1,-1,9,1
2014460241099,1,1,0,18,0,0,0,0,0,0,1,1,6,1,33,6,-1,-1,-1,10,1
2014460241100,1,9,0,18,0,0,1,0,0,0,1,1,6,1,34,6,2500,2,22,8,1
2014460241100,2,9,0,4,0,0,0,0,0,0,2,1,6,2,31,6,1685,2,2,10,1
2014460241105,1,9,0,18,0,0,0,0,0,0,1,1,6,2,50,8,1598,1,11,6,1
2014460241105,2,9,0,2,0,0,0,0,0,0,2,1,6,1,22,5,1199,1,13,6,1
2014460241108,1,4,0,15,0,0,0,0,0,0,3,1,6,3,-1,-1,-1,-1,-1,-1,-1
2014460241108,2,4,0,18,0,0,0,0,0,0,4,1,6,1,39,7,398,1,9,3,2
2014460241109,1,3,0,16,0,0,0,0,7,2,1,1,6,1,27,6,125,1,4,-1,-1
2014460241112,1,1,0,18,0,8,0,0,0,0,1,1,6,1,19,4,-1,-1,-1,9,1
2014460241112,2,19,0,18,0,8,0,0,0,0,4,1,1,1,32,6,2198,2,3,2,1
2014460241116,1,1,0,18,0,0,0,0,0,0,0,1,6,1,56,9,-1,-1,-1,7,3
2014460241120,1,9,0,4,0,1,0,0,0,0,1,1,2,1,40,7,1995,2,11,6,1
2014460241120,2,9,0,10,0,1,0,0,0,0,2,1,2,1,40,7,2231,2,8,7,1
2014460241126,1,4,0,3,0,1,1,0,0,0,1,1,2,1,20,4,125,1,3,6,1
2014460241126,2,11,0,3,0,1,0,0,0,0,3,1,1,1,51,8,3900,2,10,-1,-1
2014460241130,1,9,0,18,0,1,0,0,0,0,1,1,2,1,29,6,1086,1,10,7,1
2014460241132,1,9,0,18,0,1,0,0,0,0,1,1,6,1,56,9,-1,-1,-1,4,3
2014460241134,1,9,0,18,0,0,0,0,0,0,0,1,6,1,65,9,1597,1,15,6,1
2014460241136,1,9,0,18,0,0,0,0,0,0,1,1,6,2,31,6,1597,1,6,4,1
2014460241136,2,9,0,18,0,0,0,0,0,0,2,1,6,1,20,4,-1,-1,-1,8,2
2014460241137,1,19,0,18,0,0,0,0,0,0,4,1,6,3,-1,-1,-1,-1,-1,-1,-1
2014460241137,2,1,0,18,0,0,0,0,0,0,3,1,6,1,18,4,-1,-1,-1,2,1
2014460241143,1,9,0,18,0,4,0,0,0,0,1,1,6,1,30,6,1598,2,1,-1,3
2014460241143,2,9,0,18,0,4,0,0,0,0,2,1,6,2,38,7,1364,1,5,1,1
2014460241144,1,3,0,7,0,2,1,0,0,0,0,1,2,2,18,4,125,1,-1,7,1
2014460241148,1,9,0,6,0,0,0,0,0,0,4,1,6,2,39,7,2143,2,5,-1,-1
2014460241148,2,9,0,18,0,0,0,0,1,10,1,1,6,1,23,5,-1,-1,-1,9,1
2014460241158,1,9,0,18,0,1,0,0,1,10,1,1,6,1,32,6,-1,-1,-1,10,1
2014460241158,2,9,0,3,0,1,0,0,0,0,0,1,6,2,58,9,1598,1,12,-1,-1
2014460241159,1,9,0,15,0,0,0,0,0,0,4,1,6,1,51,8,1590,1,19,1,1
2014460241160,1,9,0,18,0,0,1,4,0,0,1,1,2,1,22,5,-1,-1,-1,3,1
2014460241160,2,9,0,2,0,0,0,4,0,0,2,1,6,2,75,10,1199,1,10,7,3
2014460241160,3,9,0,2,0,0,0,0,0,0,1,1,6,2,21,5,1995,1,11,7,3
2014460241161,1,1,0,17,0,0,0,0,0,0,1,1,6,2,10,2,-1,-1,-1,7,3
2014460241161,2,9,0,16,0,0,0,0,0,0,1,1,6,1,62,9,1999,1,7,7,3
2014460241163,1,4,0,18,0,8,0,0,2,3,1,1,6,1,50,8,749,1,1,5,1
2014460241169,1,9,0,6,2,0,0,0,0,0,3,1,6,1,34,6,2720,2,7,9,1
2014460241169,2,11,0,3,2,0,0,0,0,0,1,1,6,1,42,7,7300,2,8,9,1
2014460241173,1,9,0,15,0,1,0,0,0,0,4,1,6,1,73,10,2902,2,7,-1,-1
2014460241173,2,9,0,18,0,1,0,0,0,0,0,1,6,1,40,7,1995,2,1,4,1
2014460241173,3,9,0,18,0,1,0,0,0,0,0,1,6,2,52,8,1995,1,7,4,1
2014460241177,1,19,0,18,0,1,0,0,0,0,1,1,1,2,29,6,1560,2,1,5,1
2014460241179,1,9,0,18,0,0,0,0,0,0,4,1,6,3,-1,-1,-1,-1,-1,-1,-1
2014460241179,2,9,0,2,0,0,0,0,0,0,4,1,6,2,33,6,-1,-1,-1,6,1
2014460241180,1,9,0,7,0,1,0,0,0,0,3,1,1,2,32,6,1389,1,20,7,1
2014460241180,2,9,0,9,0,5,0,0,0,0,3,1,6,2,32,6,1998,2,10,7,3
2014460241183,1,19,0,18,0,8,0,0,0,0,1,1,6,1,51,8,2143,2,4,5,1
2014460241183,2,9,0,9,0,8,0,0,0,0,4,1,6,2,39,7,998,1,-1,6,1
2014460241185,1,9,0,18,0,1,0,0,0,0,1,1,2,1,20,4,1997,2,14,1,1
2014460241185,2,9,0,4,0,1,0,0,0,0,2,1,6,1,29,6,1997,2,15,2,1
2014460241185,3,9,0,10,0,1,0,0,0,0,2,1,6,2,21,5,1598,1,1,1,1
2014460241187,1,2,0,18,0,8,0,0,0,0,0,1,2,1,16,4,49,1,3,5,1
2014460241201,1,9,0,18,0,8,0,0,0,0,1,1,6,1,22,5,1396,1,10,5,2
2014460241201,2,9,0,18,0,8,0,0,0,0,2,1,1,2,65,9,1994,2,4,5,1
2014460241202,1,1,0,18,0,0,0,0,0,0,0,1,6,1,58,9,-1,-1,-1,6,1
2014460241206,1,9,0,16,0,1,0,0,1,1,4,1,6,2,34,6,-1,-1,-1,9,2
2014460241207,1,9,0,4,0,0,0,0,0,0,1,1,6,2,-1,-1,-1,-1,-1,-1,-1
2014460241207,2,9,0,3,0,0,0,0,0,0,2,1,6,2,57,9,1598,1,7,5,2
2014460241211,1,9,0,18,0,0,0,0,0,0,1,1,6,3,-1,-1,-1,-1,-1,-1,-1
2014460241211,2,9,0,18,0,0,1,0,0,0,2,1,6,1,24,5,1598,1,11,-1,-1
2014460241211,3,9,0,18,0,0,1,0,0,0,2,1,6,2,44,7,1991,1,21,3,1
2014460241212,1,5,0,18,0,0,0,0,0,0,1,1,6,1,51,8,-1,-1,-1,3,1
2014460241212,2,9,0,12,0,0,0,0,0,0,2,1,1,1,29,6,1390,1,2,9,1
2014460241214,1,9,0,8,0,1,0,0,0,0,1,1,6,3,-1,-1,1598,1,11,-1,-1
2014460241214,2,9,0,8,0,1,0,0,0,0,2,1,2,2,19,4,1199,1,14,5,1
2014460241220,1,21,0,9,0,8,0,0,0,0,4,2,1,1,30,6,-1,-1,-1,-1,-1
2014460241220,2,9,0,7,0,4,0,0,0,0,1,1,6,1,54,8,999,1,-1,4,1
2014460241221,1,9,0,4,0,1,0,0,0,0,1,1,6,2,32,6,1910,2,10,3,1
2014460241221,2,2,0,4,0,4,0,0,0,0,2,1,6,1,30,6,50,1,1,3,1
2014460241226,1,3,0,18,0,0,0,0,0,0,1,1,6,2,21,5,124,1,2,-1,1
2014460241226,2,9,0,4,0,0,0,0,0,0,2,1,6,2,21,5,1388,1,3,6,1
2014460241227,1,9,0,9,0,6,0,0,0,0,1,1,6,1,63,9,1598,1,12,4,1
2014460241227,2,8,0,18,0,1,0,0,0,0,4,1,6,1,27,6,2499,2,6,6,1
2014460241229,1,9,0,11,0,1,1,0,1,0,1,1,6,1,20,4,1587,1,16,4,1
2014460241229,2,9,0,3,0,1,0,0,1,10,2,1,6,2,52,8,1598,1,14,3,1
2014460241229,3,9,0,3,0,1,0,0,0,0,2,1,6,1,62,9,1968,2,6,4,1
2014460241232,1,9,0,18,0,0,0,0,0,0,1,1,1,2,34,6,-1,-1,-1,7,1
2014460241232,2,9,0,3,0,0,0,0,0,0,2,1,1,1,30,6,1998,2,6,10,1
2014460241233,1,9,0,18,0,4,5,7,3,10,1,1,6,1,67,10,1598,1,11,9,2
2014460241241,1,9,0,18,0,1,0,0,0,0,1,1,6,3,-1,-1,-1,-1,-1,-1,-1
2014460241241,2,9,0,5,0,4,0,0,0,0,2,1,6,1,36,7,1997,2,5,8,2
2014460241243,1,9,0,4,0,1,0,0,0,0,1,1,6,3,-1,-1,-1,-1,-1,-1,-1
2014460241243,2,9,0,3,0,1,0,0,0,0,1,1,6,2,47,8,1753,2,12,9,1
2014460241244,1,5,0,17,0,0,1,0,0,0,1,1,6,1,35,6,998,1,6,3,1
2014460241244,2,9,0,17,0,0,0,0,0,0,2,1,6,2,30,6,1360,1,10,1,1
2014460241253,1,9,0,15,0,0,1,4,2,10,1,1,6,1,89,11,1242,1,3,7,3
2014460241253,2,9,0,2,0,0,0,0,0,0,3,1,3,1,41,7,1781,1,12,8,3
2014460241257,1,9,0,9,0,5,0,0,0,0,1,1,6,3,-1,-1,3199,1,15,-1,-1
2014460241260,1,9,0,18,0,4,0,0,0,0,1,1,6,3,-1,-1,1995,2,11,5,1
2014460241260,2,9,0,9,0,8,0,0,0,0,4,1,6,1,23,5,1299,1,13,5,1
2014460241266,1,9,0,2,0,0,0,0,0,0,3,1,6,3,-1,-1,-1,-1,-1,-1,-1
2014460241266,2,1,0,18,9,0,0,0,0,0,1,1,6,1,14,3,-1,-1,-1,3,1
2014460241268,1,21,0,7,0,4,0,0,0,0,1,1,6,3,-1,-1,6370,2,10,-1,-1
2014460241268,2,9,0,8,0,4,0,0,0,0,2,1,6,1,27,6,1910,2,5,3,1
2014460241270,1,9,0,18,0,0,0,0,0,0,1,1,6,2,24,5,1124,1,13,-1,-1
2014460241270,2,9,0,3,0,0,0,0,0,0,2,1,2,2,27,6,1998,2,10,5,1
2014460241276,1,5,0,18,0,0,1,0,0,0,0,1,6,1,63,9,885,1,19,4,1
2014460241284,1,1,0,18,0,1,0,0,0,0,0,1,6,1,69,10,-1,-1,-1,3,1
2014460241284,2,9,0,1,0,8,0,0,0,0,0,1,6,1,50,8,1997,2,11,8,1
2014460241291,1,3,0,18,0,0,1,0,0,0,0,1,6,1,18,4,499,1,7,6,1
2014460241293,1,9,0,18,0,1,0,0,0,0,1,1,6,2,-1,-1,1360,1,16,-1,3
2014460241293,2,9,0,9,0,5,0,0,0,0,2,1,2,1,49,8,3301,7,12,2,2
2014460241296,1,1,0,18,0,2,0,4,0,0,0,1,6,1,33,6,-1,-1,-1,-1,-1
2014460241296,2,9,0,2,0,2,0,0,0,0,0,1,6,2,32,6,1124,1,9,5,1
2014460241298,1,9,0,3,0,0,0,0,0,0,1,1,6,1,73,10,1997,1,-1,6,2
2014460241300,1,19,0,3,0,0,0,0,0,0,2,1,6,1,22,5,2198,2,1,10,1
2014460241300,2,9,0,3,0,0,0,0,0,0,2,1,6,2,20,4,1199,1,11,3,1
2014460241300,3,9,0,3,0,0,0,0,0,0,2,1,6,1,33,6,1999,1,7,6,1
2014460241300,4,9,0,18,0,0,0,0,0,0,1,1,1,1,34,6,1299,1,13,4,1
2014460241301,1,1,0,3,0,8,0,0,0,0,4,1,6,1,11,3,-1,-1,-1,-1,-1
2014460241301,2,9,0,18,0,8,0,0,0,0,1,1,6,2,19,4,1242,1,10,-1,-1
2014460241302,1,9,0,18,0,0,0,0,1,0,1,1,2,1,62,9,1398,2,7,10,2
2014460241302,2,9,0,18,0,0,0,0,1,0,2,1,6,2,68,10,1991,2,7,2,1
2014460241305,1,21,0,18,0,0,0,0,0,0,1,1,1,1,38,7,-1,-1,-1,-1,-1
2014460241305,2,9,0,3,0,0,0,0,0,0,2,1,6,2,70,10,1951,2,11,8,1
2014460241305,3,9,0,3,0,0,0,0,0,0,2,1,6,1,21,5,998,1,13,-1,1
2014460241306,1,9,0,11,0,0,0,0,0,0,1,1,1,1,45,7,-1,-1,-1,2,1
2014460241306,2,9,0,18,0,0,0,0,0,0,1,1,6,1,36,7,-1,-1,-1,3,1
2014460241306,3,9,0,18,0,0,0,0,0,0,2,1,6,2,49,8,1999,1,9,5,1
2014460241307,1,9,0,18,0,0,5,0,2,1,4,1,6,1,22,5,1896,2,13,-1,-1
2014460241308,1,9,0,9,0,1,0,0,7,1,1,1,2,2,42,7,1796,1,5,10,3
2014460241308,2,9,0,18,0,1,0,0,0,0,1,1,6,1,55,8,1997,2,4,6,3
2014460241310,1,9,0,7,0,1,0,0,0,0,4,1,6,1,35,6,3799,1,1,6,3
2014460241310,2,9,0,18,0,2,0,0,0,0,3,1,6,2,50,8,2480,1,5,8,1
2014460241313,1,19,0,13,0,1,0,11,1,2,4,1,1,1,38,7,1560,2,2,4,1
2014460241313,2,9,0,10,0,1,0,11,0,0,3,1,3,2,50,8,993,1,13,7,1
2014460241316,1,9,0,18,0,0,0,0,0,0,1,1,6,1,87,11,998,1,1,6,1
2014460241316,2,9,0,18,0,0,0,0,0,0,2,1,6,2,63,9,1275,1,18,2,1
2014460241316,3,9,0,2,0,0,0,0,0,0,3,1,6,3,-1,-1,-1,-1,-1,4,1
2014460241316,4,9,0,2,0,0,0,0,0,0,2,1,6,3,-1,-1,1299,1,10,5,2
2014460241319,1,9,0,9,6,2,0,0,0,0,1,1,1,1,47,8,-1,-1,-1,7,1
2014460241319,2,9,0,18,0,8,0,0,1,0,4,1,2,1,31,6,1299,1,14,8,3
2014460241323,1,9,0,1,0,0,0,0,0,0,2,1,1,2,51,8,1900,2,14,6,1
2014460241325,1,5,0,17,0,0,0,0,1,9,1,1,6,1,28,6,955,1,17,9,1
2014460241328,1,9,0,9,0,8,0,0,0,0,4,1,6,2,51,8,1796,1,11,3,1
2014460241328,2,9,0,18,0,8,0,0,3,10,3,1,6,2,26,6,1397,1,4,10,1
2014460241330,1,9,0,18,0,0,0,0,0,0,3,1,1,1,52,8,1951,2,12,1,1
2014460241331,1,5,0,13,0,1,0,0,0,0,1,1,6,1,41,7,471,1,1,9,2
2014460241331,2,9,0,7,0,6,0,0,0,0,4,1,6,1,26,6,1679,1,14,-1,-1
2014460241334,1,9,0,18,0,0,0,0,0,0,4,1,1,1,31,6,-1,-1,-1,3,1
2014460241334,2,1,0,18,0,0,0,0,1,0,2,1,6,1,34,6,-1,-1,-1,10,1
2014460241334,3,1,0,18,0,0,0,0,1,0,2,1,6,1,35,6,-1,-1,-1,9,2
2014460241344,1,9,0,9,0,2,0,0,0,0,3,1,6,2,23,5,1984,1,11,4,1
2014460241344,2,9,0,18,0,1,0,0,0,0,3,1,1,1,17,4,-1,-1,-1,9,2
2014460241346,1,5,0,18,0,0,0,0,0,0,1,1,6,1,51,8,1600,1,4,-1,-1
2014460241367,1,9,0,12,0,1,0,0,0,0,3,1,6,1,53,8,1587,1,13,6,1
2014460241367,2,9,0,13,0,1,0,0,7,0,4,1,6,1,65,9,1896,2,15,2,1
2014460241370,1,9,0,9,0,8,0,0,0,0,3,1,6,2,32,6,1781,1,14,4,1
2014460241370,2,9,0,18,0,1,0,0,0,0,1,1,6,1,52,8,1242,1,6,3,2
2014460241371,1,21,0,16,0,0,1,0,0,0,3,1,1,1,51,8,-1,-1,-1,-1,-1
2014460241371,2,9,0,17,0,0,0,0,0,0,3,1,1,1,23,5,-1,-1,-1,3,1
2014460241374,1,9,0,18,0,1,0,0,0,0,1,1,6,3,-1,-1,-1,-1,-1,-1,-1
2014460241376,1,1,0,7,0,8,0,0,0,0,1,1,6,1,43,7,-1,-1,-1,4,1
2014460241377,1,9,0,18,0,0,0,0,0,0,1,1,2,2,21,5,998,1,16,3,1
2014460241377,2,9,0,2,0,0,0,0,0,0,1,1,6,2,33,6,1596,1,11,8,1
2014460241378,1,9,0,4,0,0,0,0,0,0,1,1,6,1,19,4,2495,2,18,8,3
2014460241378,2,9,0,3,0,0,0,0,0,0,2,1,6,2,33,6,998,1,1,6,3
2014460241378,3,9,0,3,0,0,0,0,0,0,2,1,6,2,48,8,1994,1,16,8,3
2014460241381,1,9,0,7,0,8,0,0,0,0,1,1,6,3,-1,-1,1896,2,12,-1,-1
2014460241381,2,5,0,12,0,4,0,0,0,0,1,1,6,1,48,8,738,1,9,6,1
2014460241385,1,9,0,11,0,0,0,0,0,0,4,1,6,3,-1,-1,-1,-1,-1,-1,-1
2014460241385,2,9,0,18,0,0,0,6,0,0,3,1,2,2,24,5,998,1,5,-1,-1
2014460241386,1,9,0,3,0,1,0,0,0,0,1,1,6,1,43,7,1896,2,10,3,1
2014460241386,2,9,0,9,0,2,0,0,0,0,1,1,6,2,35,6,1124,1,13,4,1
2014460241386,3,9,0,18,0,1,0,0,0,0,1,1,6,1,25,5,-1,-1,-1,-1,1
2014460241388,1,9,0,9,0,0,0,0,0,0,1,1,6,1,48,8,-1,-1,-1,9,3
2014460241389,1,9,0,17,0,0,1,4,7,0,2,1,6,2,63,9,1498,1,4,7,3
2014460241389,2,9,0,16,0,0,0,0,1,0,1,1,6,2,42,7,2967,2,4,-1,-1
2014460241389,3,9,0,2,0,0,0,0,0,0,1,1,6,1,30,6,5998,1,1,9,3
2014460241393,1,5,0,5,0,3,0,0,0,0,1,1,6,1,50,8,1247,1,3,-1,-1
2014460241393,2,9,0,5,0,8,0,0,0,0,3,1,6,3,-1,-1,-1,-1,-1,-1,-1
2014460241399,1,9,0,18,0,0,0,0,0,0,3,1,1,2,60,9,1598,2,1,4,1
2014460241399,2,9,0,18,0,0,0,0,0,0,3,1,3,1,55,8,1598,1,1,6,3
2014460241399,3,9,0,18,0,0,0,0,0,0,3,1,6,1,60,9,1598,1,4,9,2
2014460241400,1,9,0,18,0,0,0,10,0,0,1,1,1,1,33,6,1560,2,1,8,1
2014460241401,1,11,0,16,0,0,0,0,0,0,3,1,1,1,56,9,7300,2,10,3,1
2014460241401,2,9,0,16,0,0,0,0,0,0,4,1,6,1,43,7,1997,1,1,10,1
2014460241405,1,9,0,5,0,3,0,0,0,0,1,1,1,1,28,6,1796,1,7,6,1
2014460241405,2,4,0,5,0,3,0,0,0,0,4,1,6,1,28,6,599,1,18,8,1
2014460241410,1,9,0,18,0,1,1,0,0,0,1,1,6,1,50,8,1399,2,2,-1,3
2014460241410,2,19,0,4,0,1,0,0,0,0,2,1,2,1,39,7,2460,2,6,-1,3
2014460241410,3,9,0,4,0,1,0,0,0,0,2,1,6,2,38,7,2993,2,4,10,3