Accident_Index,Vehicle_Reference,Vehicle_Type,Towing_and_Articulation,Vehicle_Manoeuvre,Vehicle_Location-Restricted_Lane,Junction_Location,Skidding_and_Overturning,Hit_Object_in_Carriageway,Vehicle_Leaving_Carriageway,Hit_Object_off_Carriageway,1st_Point_of_Impact,Was_Vehicle_Left_Hand_Drive?,Journey_Purpose_of_Driver,Sex_of_Driver,Age_of_Driver,Age_Band_of_Driver,Engine_Capacity_(CC),Propulsion_Code,Age_of_Vehicle,Driver_IMD_Decile,Driver_Home_Area_Type
2014460241413,1,9,0,18,0,0,0,0,4,6,3,1,6,1,32,6,1248,2,1,-1,-1
2014460241415,1,9,0,9,0,1,0,0,0,0,1,1,6,1,37,7,1997,2,14,7,1
2014460241415,2,1,0,18,0,1,0,0,0,0,3,1,6,2,45,7,-1,-1,-1,2,1
2014460241416,1,9,0,7,0,2,0,0,0,0,3,1,6,1,46,8,-1,-1,-1,3,1
2014460241416,2,9,0,10,0,1,0,0,0,0,3,1,6,2,57,9,1598,1,2,6,3
2014460241419,1,3,0,7,0,1,0,0,0,0,1,1,6,1,38,7,125,1,1,3,1
2014460241419,2,9,0,18,0,1,0,0,0,0,1,1,6,3,-1,-1,-1,-1,-1,-1,-1
2014460241421,1,5,0,15,0,0,0,0,0,0,1,1,6,1,62,9,653,1,33,9,1
2014460241421,2,9,0,9,0,0,0,0,0,0,2,1,6,2,44,7,1685,2,1,-1,-1
2014460241424,1,9,0,18,0,0,1,0,1,4,1,1,2,2,33,6,1598,1,13,3,1
2014460241426,1,9,0,5,0,0,0,0,0,0,0,1,6,1,65,9,1339,1,-1,9,3
2014460241429,1,9,0,18,0,8,1,0,0,0,1,1,6,2,27,6,1598,1,5,6,2
2014460241429,2,9,0,18,0,5,0,0,1,10,2,1,6,2,40,7,998,1,12,4,1
2014460241430,1,9,0,18,0,0,1,0,0,0,1,1,6,1,19,4,1149,1,12,4,1
2014460241430,2,9,0,4,0,0,0,0,0,0,2,1,6,1,74,10,1590,1,13,10,1
2014460241432,1,9,0,18,0,1,0,0,0,0,1,1,6,1,-1,-1,-1,-1,-1,2,1
2014460241432,2,9,0,3,0,1,0,0,0,0,2,1,6,1,35,6,-1,-1,-1,8,3
2014460241433,1,5,0,18,0,3,0,7,7,7,1,1,6,1,58,9,1299,1,10,2,1
2014460241433,2,5,0,18,0,3,0,0,0,0,1,1,6,1,33,6,400,1,21,7,1
2014460241434,1,9,0,18,0,0,0,0,0,0,1,1,6,1,31,6,2499,2,14,7,1
2014460241434,2,9,0,18,0,0,0,0,0,0,1,1,6,1,21,5,1995,2,10,10,1
2014460241441,1,9,0,17,0,0,0,0,1,4,3,1,6,2,32,6,-1,-1,-1,4,3
2014460241443,1,9,0,4,0,0,1,0,0,0,1,1,6,1,73,10,2319,1,13,-1,-1
2014460241443,2,9,0,4,0,0,0,0,0,0,1,1,6,2,41,7,-1,-1,-1,8,2
2014460241443,3,9,0,4,0,0,0,0,0,0,2,1,6,1,52,8,-1,-1,-1,9,3
2014460241444,1,21,1,18,0,0,0,0,1,10,1,1,1,1,50,8,-1,-1,-1,-1,-1
2014460241444,2,21,0,2,6,0,0,0,0,0,2,1,1,1,32,6,-1,-1,-1,-1,-1
2014460241444,3,21,0,2,6,0,0,0,0,0,2,1,1,1,48,8,-1,-1,-1,-1,-1
2014460241446,1,9,0,5,0,6,0,0,0,0,1,1,6,2,45,7,1198,1,7,3,1
2014460241446,2,9,0,18,0,1,0,0,0,0,1,1,6,2,50,8,1968,2,9,10,1
2014460241448,1,9,0,18,0,0,0,0,0,0,1,1,6,1,-1,-1,-1,-1,-1,-1,-1
2014460241448,2,1,0,18,0,0,0,0,0,0,2,1,1,2,19,4,-1,-1,-1,3,1
2014460241450,1,4,0,18,0,4,1,0,0,0,1,1,6,1,44,7,636,1,8,6,2
2014460241450,2,9,0,9,0,8,0,0,0,0,4,1,2,1,38,7,1986,2,8,8,2
2014460241452,1,9,0,18,0,0,0,0,7,9,3,1,6,2,20,4,1229,1,6,2,1
2014460241453,1,11,0,18,0,0,0,0,0,0,3,1,1,1,68,10,3900,2,10,3,1
2014460241455,1,9,0,18,0,1,0,0,0,0,1,1,6,2,38,7,2495,2,21,2,1
2014460241455,2,9,0,9,0,1,0,0,0,0,3,1,6,2,19,4,995,1,10,4,1
2014460241456,1,9,0,18,0,0,0,0,0,0,1,1,6,2,35,6,1995,2,6,2,1
2014460241459,1,9,0,12,0,1,0,0,0,0,3,1,6,3,-1,-1,-1,-1,-1,-1,-1
2014460241459,2,5,0,13,0,1,1,0,0,0,4,1,2,1,48,8,599,1,8,8,1
2014460241459,3,9,0,18,0,1,0,0,0,0,4,1,6,2,41,7,1783,1,13,5,2
2014460241461,1,9,0,18,0,0,0,10,8,4,1,1,6,2,68,10,1248,2,4,8,3
2014460241463,1,9,0,13,0,1,0,0,0,0,0,1,6,3,-1,-1,1700,1,24,-1,-1
2014460241463,2,9,0,9,0,1,0,0,0,0,2,1,6,2,52,8,1587,1,11,4,2
2014460241463,3,9,0,18,0,1,0,0,0,0,1,1,6,1,51,8,1999,1,12,2,1
2014460241466,1,9,0,18,0,0,0,0,0,0,1,1,2,1,49,8,1968,2,2,4,1
2014460241469,1,9,0,11,0,2,0,0,0,0,4,1,6,1,-1,-1,-1,-1,-1,-1,-1
2014460241469,2,11,0,18,0,2,0,0,0,0,3,1,6,1,54,8,-1,-1,-1,9,3
2014460241471,1,9,0,15,0,0,0,0,0,0,4,1,1,1,55,8,1299,1,13,4,1
2014460241472,1,9,0,16,0,0,0,0,0,0,1,1,6,2,21,5,1598,1,10,5,1
2014460241472,2,9,0,16,0,0,0,0,0,0,0,1,6,3,-1,-1,-1,-1,-1,-1,-1
2014460241474,1,9,0,18,0,0,0,0,0,2,1,1,1,2,47,8,1598,1,10,4,1
2014460241474,2,9,0,15,2,0,0,0,0,0,0,1,2,1,37,7,999,1,1,-1,-1
2014460241478,1,9,0,18,0,4,0,0,0,0,1,1,6,1,29,6,1598,1,15,3,1
2014460241478,2,9,0,18,0,8,1,0,0,0,4,1,1,1,33,6,-1,-1,-1,6,2
2014460241482,1,9,0,18,0,0,0,0,0,0,1,1,6,1,74,10,1596,1,7,-1,-1
2014460241482,2,9,0,2,0,0,0,0,0,0,1,1,6,1,27,6,-1,-1,-1,-1,3
2014460241482,3,9,0,2,0,0,0,0,0,0,1,1,6,2,35,6,1598,1,13,-1,-1
2014460241482,4,9,0,2,0,0,0,0,0,0,1,1,6,1,39,7,-1,-1,-1,4,1
2014460241484,1,9,0,9,0,5,0,0,7,9,3,1,1,1,26,6,-1,-1,-1,-1,1
2014460241484,2,9,0,13,0,8,0,0,0,0,1,1,6,1,62,9,1597,1,20,9,2
2014460241486,1,3,0,18,0,1,1,0,0,0,1,1,6,1,18,4,124,1,7,7,1
2014460241487,1,9,0,18,0,8,0,0,0,0,3,1,6,2,55,8,875,1,3,7,1
2014460241487,2,9,0,18,0,8,1,0,0,0,1,1,6,2,46,8,1299,1,12,6,1
2014460241491,1,8,0,4,0,1,0,0,0,0,1,1,1,1,35,6,2497,2,2,5,1
2014460241491,2,9,0,4,0,1,0,0,0,0,2,1,6,2,43,7,1995,1,7,4,1
2014460241491,3,9,0,7,0,5,0,0,0,0,0,1,6,3,-1,-1,-1,-1,-1,-1,-1
2014460241497,1,9,0,10,0,6,0,0,0,0,4,1,6,1,28,6,1390,1,-1,10,2
2014460241497,2,9,0,18,0,1,1,0,0,0,1,1,6,1,43,7,-1,-1,-1,2,1
2014460241500,1,9,0,9,0,5,0,0,0,0,1,1,6,2,60,9,1998,1,18,7,1
2014460241510,1,21,0,18,0,0,0,0,0,0,1,1,6,3,-1,-1,-1,-1,-1,-1,-1
2014460241510,2,9,0,18,0,0,0,0,0,0,2,1,6,1,44,7,2143,2,2,4,1
2014460241511,1,9,0,9,0,6,0,0,0,0,1,1,6,3,-1,-1,2295,1,16,8,1
2014460241511,2,9,0,18,0,1,0,0,0,0,1,1,6,1,29,6,1769,1,12,4,1
2014460241514,1,9,0,18,0,0,0,0,0,0,3,1,6,1,32,6,1968,2,7,7,1
2014460241521,1,9,0,7,0,0,0,0,0,0,4,1,6,3,-1,-1,-1,-1,-1,-1,-1
2014460241523,1,9,0,9,0,2,0,0,0,0,3,1,6,1,77,11,1994,1,11,-1,-1
2014460241523,2,9,0,18,0,8,0,0,0,0,1,1,1,1,37,7,1124,1,9,3,1
2014460241527,1,10,0,9,0,8,0,0,0,0,4,1,1,1,49,8,-1,-1,-1,9,1
2014460241537,1,9,0,18,0,2,2,4,0,0,4,1,1,2,48,8,1124,1,8,6,1
2014460241537,2,9,0,2,0,2,0,0,0,0,2,1,6,1,-1,-1,1388,1,9,7,1
2014460241539,1,9,0,9,0,6,0,0,0,0,4,1,1,1,65,9,1560,2,3,6,1
2014460241539,2,9,0,7,0,1,0,0,0,0,3,1,6,2,63,9,998,1,-1,7,1
2014460241545,1,9,0,18,0,0,0,0,7,4,1,1,6,1,29,6,999,1,16,6,3
2014460241549,1,9,0,7,4,6,0,0,0,0,1,1,6,2,-1,-1,-1,-1,-1,6,1
2014460241549,2,1,0,18,4,1,0,0,0,0,1,1,2,2,29,6,-1,-1,-1,2,1
2014460241559,1,19,0,11,6,0,0,0,0,0,1,1,1,1,52,8,2402,2,8,4,1
2014460241559,2,19,0,18,6,0,0,0,0,0,2,1,1,1,50,8,4461,2,5,3,1
2014460241561,1,9,0,18,0,8,0,0,0,0,1,1,6,1,26,6,1997,2,9,1,1
2014460241561,2,9,0,1,0,1,0,0,0,0,2,1,6,1,28,6,1896,2,12,5,3
2014460241563,1,9,0,18,0,0,1,0,4,6,1,1,6,2,42,7,1124,1,11,2,1
2014460241563,2,9,0,18,0,0,0,0,0,0,3,1,6,2,34,6,1956,2,1,9,2
2014460241564,1,9,0,4,0,1,0,0,0,0,1,1,1,1,43,7,1968,2,3,5,3
2014460241564,2,9,0,4,0,1,0,0,0,0,2,1,1,1,50,8,1910,2,9,7,1
2014460241565,1,4,0,18,0,1,0,0,5,6,1,1,6,1,26,6,398,1,7,5,2
2014460241566,1,9,0,9,0,1,0,0,0,0,2,1,6,3,-1,-1,-1,-1,-1,-1,-1
2014460241566,2,5,0,4,0,1,1,0,0,0,1,1,6,1,64,9,535,1,18,3,1
2014460241567,1,9,0,18,0,2,0,0,0,0,1,1,6,1,33,6,1199,1,11,7,1
2014460241567,2,9,0,2,0,2,0,0,0,0,2,1,6,2,33,6,1900,2,15,3,1
2014460241570,1,2,0,18,0,0,0,10,0,0,1,1,6,1,16,4,-1,-1,-1,9,3
2014460241571,1,9,0,18,0,0,1,0,1,7,4,1,6,2,26,6,1299,1,16,5,1
2014460241575,1,9,0,5,0,6,0,0,0,0,3,1,6,2,38,7,1598,1,3,2,1
2014460241575,2,2,0,18,0,8,0,0,0,0,1,1,6,1,16,4,49,1,2,3,1
2014460241577,1,9,0,16,0,8,0,0,0,0,4,1,6,3,-1,-1,-1,-1,-1,-1,-1
2014460241577,2,1,0,18,0,8,0,0,0,0,1,1,6,1,49,8,-1,-1,-1,7,1
2014460241579,1,9,0,18,0,0,0,0,0,0,1,1,6,1,24,5,989,1,16,7,1
2014460241579,2,9,0,18,0,0,0,0,0,0,2,1,6,2,55,8,1398,1,1,7,1
2014460241581,1,9,0,18,0,1,0,0,0,0,4,1,6,3,-1,-1,-1,-1,-1,-1,-1
2014460241585,1,20,0,18,0,1,0,0,0,0,1,1,1,1,52,8,-1,-1,-1,8,1
2014460241585,2,90,0,10,0,1,0,0,0,0,3,1,6,1,66,10,-1,-1,-1,10,3
2014460241586,1,9,0,13,0,0,0,11,0,7,3,1,2,2,56,9,1360,1,12,8,2
2014460241586,2,9,0,13,0,0,0,11,2,7,1,1,2,1,62,9,2099,1,12,6,1
2014460241588,1,9,0,9,0,1,0,0,0,0,4,1,2,1,27,6,1398,2,8,9,2
2014460241588,2,9,0,18,0,1,0,0,0,0,1,1,6,2,35,6,998,1,1,10,2
2014460241588,3,9,0,3,0,2,0,0,0,0,3,1,2,1,52,8,-1,-1,-1,-1,1
2014460241589,1,9,0,18,0,8,0,0,0,0,4,1,6,3,-1,-1,-1,-1,-1,-1,-1
2014460241591,1,9,0,9,0,5,0,0,0,0,4,1,6,1,17,4,1389,1,13,5,2
2014460241591,2,9,0,18,0,1,0,0,0,0,1,1,6,2,26,6,1242,1,1,10,2
2014460241595,1,9,0,18,0,1,0,0,0,0,1,1,6,1,28,6,1497,8,7,9,1
2014460241595,2,9,0,4,0,1,0,0,0,0,2,1,6,2,28,6,1229,1,2,3,1
2014460241596,1,9,0,9,0,4,0,0,0,0,1,1,6,1,37,7,-1,-1,-1,1,1
2014460241596,2,9,0,5,0,4,0,0,0,0,1,1,2,2,49,8,1598,1,7,3,1
2014460241597,1,9,0,18,0,2,0,0,0,0,4,1,6,1,52,8,1200,1,1,5,1
2014460241600,1,9,0,11,0,0,1,0,2,7,1,1,6,1,20,4,1229,1,8,10,1
2014460241600,2,9,0,18,0,0,0,0,0,0,4,1,6,1,74,10,1968,2,2,10,1
2014460241600,3,19,0,11,0,0,0,0,0,0,1,1,6,1,22,5,1560,2,1,10,1
2014460241601,1,9,0,18,0,0,1,0,5,6,2,1,1,1,32,6,1299,1,14,2,1
2014460241606,1,9,0,18,0,1,0,0,0,0,1,1,6,1,82,11,1397,1,11,6,1
2014460241606,2,2,0,18,0,8,0,0,0,0,4,1,6,1,16,4,50,1,4,-1,1
2014460241608,1,9,0,18,0,0,0,0,0,0,4,1,6,3,-1,-1,-1,-1,-1,-1,-1
2014460241608,2,9,0,2,0,0,0,0,0,0,3,1,6,2,36,7,1995,2,8,8,1
2014460241609,1,9,0,18,0,0,0,0,0,0,1,1,6,2,27,6,998,1,5,9,1
2014460241609,2,9,0,3,0,0,0,0,0,0,2,1,2,1,31,6,1910,2,8,5,1
2014460241609,3,9,0,3,0,0,0,0,0,0,2,1,6,1,41,7,1598,1,15,2,1
2014460241612,1,9,0,18,0,0,0,0,0,0,4,1,6,1,65,9,1398,2,2,6,1
2014460241626,1,9,0,13,0,0,0,0,1,10,1,1,6,1,32,6,2494,1,11,7,3
2014460241626,2,19,0,18,0,0,0,0,0,0,1,1,6,1,65,9,2198,2,2,4,2
2014460241626,3,11,0,18,0,0,0,0,0,0,3,2,1,1,48,8,-1,-1,-1,-1,-1
2014460241626,4,9,0,18,0,0,0,0,0,0,3,1,6,2,49,8,1598,1,6,6,2
2014460241626,5,9,0,18,0,0,0,0,0,0,3,1,6,1,46,8,2999,2,8,3,3
2014460241626,6,9,0,18,0,0,0,0,0,0,1,1,6,2,42,7,1997,1,11,2,2
2014460241627,1,9,0,9,0,2,0,0,0,0,2,1,6,1,70,10,3628,2,6,2,3
2014460241627,2,9,0,18,0,1,0,0,0,0,1,1,6,1,24,5,1299,1,11,5,1
2014460241630,1,9,0,18,0,0,0,0,0,0,1,1,6,1,57,9,1995,2,1,-1,-1
2014460241632,1,9,0,18,0,0,2,0,1,1,1,1,6,1,30,6,1490,1,5,3,1
2014460241634,1,1,0,18,9,0,0,10,1,0,0,1,6,1,19,4,-1,-1,-1,-1,-1
2014460241638,1,9,0,18,0,4,5,0,0,0,1,1,6,1,-1,-1,1896,2,12,-1,-1
2014460241640,1,9,0,5,0,6,0,0,0,0,3,1,6,2,56,9,1968,2,2,7,2
2014460241640,2,9,0,18,0,8,0,0,0,0,1,1,6,2,20,4,1388,1,9,8,1
2014460241643,1,9,0,18,0,1,1,0,2,7,3,1,6,2,45,7,1560,2,3,5,3
2014460241643,2,9,0,18,0,5,2,0,4,6,3,1,1,1,47,8,-1,-1,-1,3,1
2014460241652,1,9,0,17,0,0,0,0,0,0,3,1,1,1,45,7,-1,-1,-1,9,1
2014460241652,2,9,0,16,0,0,0,0,0,0,3,1,2,2,42,7,1598,1,2,-1,-1
2014460241654,1,9,0,13,0,0,5,7,1,3,1,1,6,2,36,7,1360,1,17,8,1
2014460241655,1,9,0,3,0,0,0,0,0,0,3,1,1,1,39,7,-1,-1,-1,10,1
2014460241655,2,5,0,14,0,0,1,0,0,0,3,1,1,2,41,7,749,1,5,10,3
2014460241655,3,9,0,3,0,0,0,0,0,0,4,1,1,1,46,8,2969,2,8,9,2
2014460241655,4,9,0,3,0,0,0,0,0,0,4,1,1,1,62,9,1598,1,5,8,1
2014460241655,5,9,0,3,0,0,0,0,0,0,4,1,1,1,55,8,-1,-1,-1,8,2
2014460241662,1,21,0,18,0,1,0,0,0,0,1,1,1,1,36,7,5880,2,15,9,2
2014460241662,2,9,0,3,0,1,0,0,0,0,2,1,6,1,46,8,-1,-1,-1,9,2
2014460241666,1,9,0,18,0,1,0,0,0,0,1,1,6,3,-1,-1,599,1,14,-1,-1
2014460241666,2,9,0,3,0,1,0,0,0,0,2,1,6,1,48,8,1995,2,2,4,1
2014460241668,1,9,0,18,0,0,0,0,0,0,1,1,6,1,26,6,1995,2,11,1,1
2014460241668,2,9,0,4,0,0,0,0,0,0,2,1,6,2,44,7,1396,1,13,10,1
2014460241669,1,9,0,18,0,3,0,0,0,0,4,1,6,1,28,6,1149,1,12,10,1
2014460241670,1,9,0,11,0,5,0,0,0,0,4,1,6,1,36,7,1896,2,8,4,1
2014460241670,2,5,0,18,0,8,0,0,0,0,3,1,6,1,61,9,1130,1,9,10,1
2014460241670,3,9,0,18,0,8,0,0,0,0,1,1,6,1,50,8,1997,2,6,9,3
2014460241672,1,9,0,18,0,1,0,0,0,0,1,1,6,3,-1,-1,1995,1,4,-1,-1
2014460241672,2,9,0,18,0,1,0,0,0,0,2,1,6,1,48,8,1798,1,13,4,1
2014460241676,1,9,0,18,0,6,0,0,0,0,4,1,6,1,32,6,1998,1,15,1,1
2014460241676,2,9,0,18,0,8,0,0,0,0,3,1,6,2,54,8,2494,1,14,5,2
2014460241679,1,9,0,18,0,0,0,0,0,0,1,1,2,1,25,5,1781,1,13,3,1
2014460241679,2,9,0,18,0,0,0,0,0,0,2,1,2,1,41,7,1995,2,-1,3,1
2014460241679,3,9,0,3,0,0,0,0,0,0,2,1,6,2,20,4,1685,2,2,2,1
2014460241683,1,9,0,9,0,8,0,0,0,0,3,1,6,2,66,10,998,1,5,9,1
2014460241683,2,9,0,18,0,1,0,0,4,1,1,1,6,1,25,5,1968,2,8,1,1
2014460241685,1,21,1,12,0,0,0,0,0,0,3,2,1,1,50,8,-1,-1,-1,-1,-1
2014460241685,2,9,0,12,0,0,0,0,4,0,4,1,6,2,41,7,1229,1,-1,6,1
2014460241688,1,9,0,9,0,5,0,0,0,0,4,1,6,2,48,8,2179,2,6,8,1
2014460241688,2,1,0,17,0,1,0,0,0,0,1,1,6,1,58,9,-1,-1,-1,7,1
2014460241692,1,9,0,6,8,0,0,0,0,0,3,1,6,1,65,9,1598,2,3,5,1
2014460241692,2,9,0,18,0,0,0,0,0,0,3,1,6,1,24,5,2993,2,-1,5,3
2014460241693,1,9,0,11,0,0,0,0,0,0,1,1,6,1,66,10,998,1,12,1,1
2014460241693,2,9,0,4,0,0,0,0,0,0,2,1,6,1,39,7,1753,2,6,2,1
2014460241693,3,9,0,4,0,0,0,0,0,0,2,1,6,1,24,5,1360,1,10,7,1
2014460241693,4,9,0,4,0,0,0,0,0,0,1,1,6,1,45,7,1968,2,4,10,1
2014460241695,1,9,0,18,0,0,0,0,0,0,1,1,1,2,62,9,2199,2,5,-1,-1
2014460241695,2,21,4,13,0,0,0,0,0,0,2,1,1,1,43,7,-1,-1,-1,-1,-1
2014460241699,1,9,0,9,0,0,0,0,0,0,1,1,6,3,-1,-1,-1,-1,-1,-1,-1
2014460241700,1,9,0,18,0,4,0,0,0,0,1,1,6,1,55,8,1900,2,8,8,3
2014460241703,1,9,0,17,0,0,0,0,0,0,1,1,2,1,41,7,-1,-1,-1,6,3
2014460241703,2,9,0,16,0,0,0,0,0,0,1,1,2,1,19,4,1229,1,8,5,3
2014460241704,1,11,0,9,0,1,0,0,0,0,1,1,1,1,47,8,9600,2,19,6,3
2014460241704,2,2,0,18,0,1,0,0,0,0,1,1,6,1,-1,-1,-1,-1,-1,-1,-1
2014460241706,1,9,0,6,0,1,0,0,0,0,3,1,6,2,17,4,1388,1,6,2,1
2014460241706,2,1,0,4,0,1,0,0,0,0,3,1,6,1,27,6,-1,-1,-1,2,1
2014460241711,1,9,0,7,0,1,0,0,0,0,0,1,6,2,42,7,1242,1,4,3,1
2014460241712,1,9,0,4,0,1,0,0,0,0,1,1,2,2,31,6,1968,2,9,7,1
2014460241712,2,9,0,8,0,1,0,0,0,0,2,1,1,1,40,7,-1,-1,-1,-1,-1
2014460241726,1,4,0,7,0,1,0,0,0,0,4,1,6,1,28,6,124,1,2,5,1
2014460241726,2,9,0,18,0,2,0,0,0,0,3,1,6,1,70,10,1686,2,11,2,1
2014460241727,1,9,0,18,0,0,0,0,0,0,1,1,6,2,40,7,1598,1,9,1,1
2014460241727,2,9,0,2,0,0,0,0,0,0,3,1,6,1,26,6,2521,1,4,7,1
2014460241727,3,9,0,2,0,0,0,0,0,0,2,1,6,1,68,10,1598,1,8,6,2
2014460241735,1,9,0,18,0,0,0,0,0,0,1,1,6,2,50,8,1896,2,13,8,1
2014460241744,1,9,0,18,0,1,0,4,0,0,1,1,6,2,50,8,2499,2,12,4,3
2014460241744,2,9,0,3,0,1,0,4,0,0,2,1,2,1,70,10,1997,2,11,1,1
2014460241744,3,9,0,3,0,1,0,0,0,0,2,1,2,1,58,9,1995,2,6,9,1
2014460241745,1,9,0,18,0,0,0,0,0,0,1,1,6,1,45,7,-1,-1,-1,6,1
2014460241748,1,2,0,18,0,4,0,0,0,0,1,1,6,1,30,6,49,1,14,7,1
2014460241748,2,9,0,9,0,8,0,0,0,0,4,1,2,1,53,8,1896,2,7,7,1
2014460241749,1,3,0,18,0,0,0,0,0,0,1,1,6,2,25,5,114,1,1,8,1
2014460241749,2,8,0,4,0,0,0,0,0,0,2,1,2,1,48,8,2402,2,10,7,1
2014460241750,1,9,0,4,0,0,0,0,0,0,1,1,6,1,43,7,1998,1,8,-1,-1
2014460241750,2,9,0,4,0,0,0,0,0,0,2,1,6,2,31,6,1796,1,8,4,1
2014460241751,1,9,0,7,0,8,0,0,0,0,3,1,6,1,19,4,999,1,13,6,3
2014460241751,2,9,0,18,0,8,0,0,0,0,1,1,6,2,71,10,1596,1,7,-1,1
2014460241752,1,9,0,12,0,0,0,0,0,0,1,1,1,1,49,8,2987,2,8,7,1
2014460241752,2,9,0,4,0,0,0,0,0,0,2,1,2,1,29,6,1781,1,12,1,1
2014460241752,3,19,0,4,0,0,0,0,0,0,2,1,2,1,27,6,1560,2,3,8,2
2014460241752,4,9,0,4,0,0,0,0,0,0,2,1,2,1,54,8,1998,1,-1,1,1
2014460241752,5,9,0,4,0,0,0,0,0,0,2,1,1,2,37,7,1388,1,3,3,1
2014460241753,1,9,0,9,0,8,0,0,0,0,4,1,6,2,18,4,998,1,6,6,1
2014460241753,2,9,0,18,0,1,0,0,0,0,1,1,6,1,64,9,1995,2,1,5,1
2014460241757,1,9,0,16,0,8,0,0,7,7,3,1,6,2,51,8,1399,2,4,7,1
2014460241758,1,9,0,9,0,8,0,0,0,0,1,1,6,2,77,11,1339,1,12,5,3
2014460241758,2,9,0,18,0,1,0,0,0,0,3,1,6,2,33,6,2495,2,28,7,3
2014460241759,1,2,0,18,0,0,0,0,0,0,1,1,6,1,21,5,49,1,4,3,1
2014460241762,1,9,0,9,0,6,0,0,0,0,1,1,2,2,51,8,1388,1,2,7,1
2014460241762,2,3,0,10,0,1,0,0,0,0,3,1,6,1,81,11,124,1,6,5,3
2014460241764,1,9,0,16,0,0,5,0,2,10,3,1,6,1,22,5,1590,1,19,7,2
2014460241764,2,9,0,17,0,0,0,0,1,0,3,1,2,2,43,7,1587,1,8,9,3
2014460241766,1,9,0,9,0,8,0,0,0,0,3,1,6,1,54,8,799,2,5,7,1
2014460241769,1,9,0,18,0,0,0,0,0,0,1,1,6,2,30,6,1598,1,6,-1,-1
2014460241770,1,9,0,18,0,0,1,0,4,6,1,1,6,1,73,10,1242,1,13,5,1
2014460241773,1,9,0,4,0,0,0,0,0,0,4,1,6,2,25,5,1598,1,9,-1,-1
2014460241774,1,9,0,9,0,8,0,0,0,0,1,1,6,1,41,7,1595,1,14,-1,-1
2014460241774,2,1,0,18,0,8,0,0,0,0,4,1,6,1,55,8,-1,-1,-1,8,1
2014460241776,1,9,0,18,0,0,0,0,0,0,3,1,6,3,-1,-1,-1,-1,-1,-1,-1
2014460241776,2,19,0,18,0,0,0,0,0,0,3,1,1,1,53,8,2402,2,4,4,1
2014460241780,1,9,0,18,0,0,0,0,0,0,1,1,6,2,50,8,2488,1,8,7,1
2014460241783,1,9,0,9,0,6,0,0,0,0,3,1,6,1,44,7,1870,2,13,1,1
2014460241783,2,4,0,18,0,8,1,0,0,0,1,1,6,1,23,5,398,1,23,-1,-1
2014460241784,1,9,0,18,0,2,0,0,0,0,1,1,3,1,38,7,2198,1,9,4,1
2014460241784,2,9,0,4,0,2,0,0,0,0,2,1,6,2,45,7,1998,2,10,1,1
2014460241785,1,9,0,12,0,7,0,0,0,0,0,1,6,1,61,9,3800,1,-1,7,3
2014460241785,2,9,0,18,0,2,1,0,0,0,1,1,2,2,17,4,1360,1,12,8,2
2014460241785,3,9,0,7,0,7,0,0,4,0,3,1,1,2,43,7,2000,2,8,10,2
2014460241788,1,4,0,18,0,8,0,0,0,0,1,1,6,1,30,6,499,1,14,3,1
2014460241788,2,9,0,18,0,8,0,0,0,0,2,1,6,1,25,5,1598,2,1,8,2
2014460241789,1,9,0,18,0,0,0,0,0,0,1,1,6,2,18,4,1149,1,6,8,3
2014460241789,2,9,0,10,0,0,0,0,0,0,2,1,6,1,54,8,-1,-1,-1,9,3
2014460241793,1,9,0,9,0,8,0,0,0,0,4,1,6,1,52,8,1997,2,3,10,1
2014460241793,2,5,0,18,0,1,0,0,0,0,1,1,6,1,36,7,599,1,11,10,1
2014460241794,1,9,0,18,0,1,0,0,0,0,4,1,6,1,-1,-1,-1,-1,-1,-1,-1
2014460241795,1,90,0,18,0,1,5,0,0,0,1,1,6,1,10,2,-1,-1,-1,3,2
2014460241795,2,9,0,18,0,1,0,0,0,0,1,1,6,2,46,8,1588,1,11,6,3
2014460241795,3,9,0,2,0,1,0,0,0,0,2,1,6,2,28,6,1956,2,4,3,2
2014460241796,1,9,0,18,0,1,0,0,0,0,4,1,6,1,17,4,1596,1,10,9,1
2014460241801,1,9,0,17,0,0,1,0,0,0,1,1,6,1,31,6,1968,2,6,8,1
2014460241801,2,9,0,16,0,0,0,0,0,0,4,1,6,1,48,8,1753,2,13,8,1
2014460241804,1,9,0,18,0,5,0,0,0,0,1,1,6,1,24,5,1796,1,14,8,2
2014460241804,2,9,0,18,0,8,0,0,0,0,3,1,6,2,57,9,1396,1,12,5,3
2014460241806,1,9,0,18,0,0,0,0,0,0,1,1,6,1,68,10,998,1,5,6,1
2014460241813,1,9,0,18,0,0,0,0,0,0,4,1,6,3,-1,-1,1386,1,4,-1,-1
2014460241814,1,1,0,18,9,8,0,0,0,0,1,1,6,1,27,6,-1,-1,-1,7,1
2014460241816,1,5,0,18,0,0,0,0,0,0,1,1,6,1,36,7,-1,-1,-1,4,1
2014460241816,2,9,0,3,0,0,0,0,0,0,2,1,6,1,58,9,2993,2,4,4,1
2014460241816,3,9,0,3,0,0,0,0,0,0,3,1,6,3,-1,-1,-1,-1,-1,-1,-1