Accident_Index,Vehicle_Reference,Vehicle_Type,Towing_and_Articulation,Vehicle_Manoeuvre,Vehicle_Location-Restricted_Lane,Junction_Location,Skidding_and_Overturning,Hit_Object_in_Carriageway,Vehicle_Leaving_Carriageway,Hit_Object_off_Carriageway,1st_Point_of_Impact,Was_Vehicle_Left_Hand_Drive?,Journey_Purpose_of_Driver,Sex_of_Driver,Age_of_Driver,Age_Band_of_Driver,Engine_Capacity_(CC),Propulsion_Code,Age_of_Vehicle,Driver_IMD_Decile,Driver_Home_Area_Type
2014460241818,1,9,0,7,0,5,0,0,0,0,0,1,6,3,-1,-1,-1,-1,-1,-1,-1
2014460241818,2,5,0,4,0,1,0,0,0,0,0,1,6,1,34,6,600,1,14,6,3
2014460241822,1,9,0,18,0,1,0,0,0,0,1,1,6,2,36,7,1598,1,13,-1,-1
2014460241822,2,1,0,9,0,1,0,0,0,0,3,1,6,1,59,9,-1,-1,-1,2,1
2014460241824,1,9,0,10,9,1,0,0,0,0,1,1,6,1,32,6,1598,2,-1,6,1
2014460241824,2,9,0,18,0,1,0,0,0,0,1,1,6,2,77,11,998,1,16,4,1
2014460241829,1,9,0,9,0,6,0,0,0,0,4,1,2,1,34,6,-1,-1,-1,-1,-1
2014460241829,2,4,0,18,0,1,0,0,0,0,1,1,2,1,67,10,250,1,2,-1,-1
2014460241833,1,9,0,15,0,8,0,0,0,0,4,1,2,1,61,9,1396,1,19,6,1
2014460241834,1,9,0,4,0,1,0,0,0,0,4,1,3,2,40,7,1596,1,13,4,1
2014460241838,1,9,0,18,0,0,0,7,5,6,1,1,1,1,23,5,-1,-1,-1,4,1
2014460241838,2,9,0,18,0,0,0,0,0,0,2,1,2,1,22,5,1799,1,8,7,1
2014460241838,3,9,0,18,0,0,0,0,0,0,1,1,6,1,34,6,2494,1,12,7,1
2014460241838,4,9,0,18,0,0,0,0,0,0,1,1,6,1,69,10,2179,2,5,7,1
2014460241838,5,9,0,18,0,0,0,0,0,0,1,1,6,2,44,7,1797,8,3,5,3
2014460241838,6,9,0,18,0,0,0,0,0,0,1,1,6,1,34,6,-1,-1,-1,-1,3
2014460241838,7,9,0,18,0,0,0,0,0,0,1,1,6,1,61,9,1984,2,17,5,1
2014460241838,8,9,0,18,0,0,0,0,0,0,2,1,6,1,30,6,1895,1,13,3,1
2014460241839,1,9,0,18,0,8,0,0,0,0,1,1,6,2,67,10,1360,1,11,6,1
2014460241839,2,9,0,4,0,8,0,0,0,0,2,1,6,2,63,9,1339,1,8,4,1
2014460241848,1,19,0,5,0,1,0,0,0,0,1,1,6,1,47,8,2298,2,4,5,1
2014460241848,2,9,0,3,0,1,0,0,0,0,2,1,6,2,37,7,1598,1,12,8,1
2014460241849,1,9,0,9,0,6,0,0,0,0,3,1,6,2,30,6,2987,2,-1,6,3
2014460241849,2,9,0,16,0,1,1,0,0,0,1,1,6,1,38,7,1781,1,23,7,3
2014460241850,1,9,0,18,0,6,0,0,0,0,3,1,2,1,23,5,1341,1,10,-1,-1
2014460241850,2,19,0,18,0,8,0,0,0,0,1,1,6,1,43,7,1753,2,9,6,2
2014460241854,1,19,0,18,0,0,0,0,0,0,3,1,6,3,-1,-1,-1,-1,-1,-1,-1
2014460241854,2,19,0,4,0,0,0,0,0,0,3,1,6,1,22,5,1598,2,1,4,1
2014460241855,1,9,0,9,0,8,0,0,0,0,3,1,6,2,47,8,1598,1,5,6,1
2014460241855,2,9,0,18,0,1,0,0,0,0,1,1,6,1,20,4,-1,-1,-1,-1,-1
2014460241856,1,9,0,9,0,4,0,0,0,0,2,1,6,1,81,11,1596,1,6,10,1
2014460241856,2,9,0,18,0,8,0,0,0,0,1,1,2,1,27,6,3199,1,15,5,2
2014460241857,1,21,0,12,0,0,0,0,0,0,1,2,6,3,-1,-1,-1,-1,-1,-1,-1
2014460241857,2,9,0,18,0,0,0,0,1,7,2,1,6,2,56,9,1296,1,8,2,1
2014460241860,1,90,0,18,9,0,5,0,0,0,0,1,6,1,43,7,-1,-1,-1,2,1
2014460241864,1,1,0,18,0,0,0,0,0,0,0,1,6,2,26,6,-1,-1,-1,4,1
2014460241871,1,9,0,16,0,0,0,0,0,0,1,1,6,2,78,11,1124,1,13,7,1
2014460241871,2,20,0,17,0,0,0,0,0,0,3,1,1,1,48,8,-1,-1,-1,5,1
2014460241875,1,9,0,18,0,8,5,0,0,0,1,1,1,1,35,6,2149,2,7,6,1
2014460241877,1,9,0,9,0,8,0,0,0,0,1,1,6,1,22,5,1398,1,2,-1,3
2014460241877,2,9,0,18,0,8,0,0,0,0,1,1,6,1,34,6,2179,2,-1,10,2
2014460241878,1,9,0,9,8,0,0,0,0,0,3,1,1,1,64,9,1364,1,8,7,3
2014460241878,2,5,0,16,0,0,0,0,1,0,1,1,6,1,19,4,656,1,8,4,2
2014460241879,1,9,0,9,0,6,0,0,0,0,1,1,3,2,26,6,1329,1,5,7,1
2014460241879,2,1,0,4,0,1,0,0,0,0,1,1,6,1,48,8,-1,-1,-1,9,1
2014460241880,1,9,0,4,0,0,1,0,0,0,1,1,2,1,27,6,1997,2,4,10,1
2014460241880,2,9,0,3,0,0,0,0,0,0,2,1,2,2,26,6,2143,2,1,9,2
2014460241883,1,20,0,18,0,1,0,0,0,0,1,1,1,2,20,4,2287,2,1,5,2
2014460241883,2,9,0,18,0,1,0,0,0,0,3,1,6,1,48,8,1598,1,18,8,3
2014460241884,1,9,0,4,0,0,0,0,1,0,1,1,1,1,37,7,2188,2,12,2,1
2014460241884,2,19,0,3,0,0,0,0,0,0,2,1,1,1,48,8,2143,2,3,-1,3
2014460241886,1,9,0,18,0,1,0,0,0,0,1,1,6,1,44,7,2597,1,13,2,1
2014460241886,2,9,0,5,0,1,0,0,0,0,2,1,6,1,32,6,1995,2,8,8,1
2014460241888,1,3,0,13,0,1,0,0,0,0,1,1,6,1,22,5,125,1,2,4,1
2014460241888,2,9,0,9,0,8,0,0,0,0,3,1,6,2,24,5,1596,1,8,9,2
2014460241891,1,9,0,18,0,0,0,0,0,0,1,1,6,2,17,4,1299,1,13,6,1
2014460241892,1,9,0,5,0,8,0,0,0,0,4,1,6,2,25,5,1248,2,7,9,1
2014460241892,2,9,0,18,0,8,1,0,0,0,3,1,6,1,75,10,1242,1,17,3,1
2014460241898,1,9,0,9,0,6,0,0,0,0,1,1,6,1,51,8,1973,1,14,1,1
2014460241898,2,9,0,17,0,8,0,0,0,0,4,1,6,2,65,9,1332,1,17,10,1
2014460241901,1,9,0,5,0,0,0,0,0,0,3,1,6,2,31,6,2400,2,-1,2,1
2014460241901,2,3,0,18,0,0,0,0,0,0,3,1,6,1,18,4,124,1,14,1,1
2014460241902,1,11,0,18,0,1,0,0,0,0,1,1,1,1,49,8,-1,-1,-1,7,1
2014460241902,2,9,0,3,0,1,0,0,0,0,2,1,6,1,44,7,1560,2,4,3,1
2014460241906,1,9,0,5,0,1,0,0,0,0,1,1,6,1,50,8,1299,1,11,8,1
2014460241906,2,3,0,8,0,1,0,0,0,0,2,1,6,2,23,5,124,1,8,9,2
2014460241909,1,9,0,16,0,8,0,0,0,0,3,1,2,1,45,7,1349,1,1,6,3
2014460241909,2,9,0,17,0,8,0,0,0,0,1,1,3,2,41,7,1896,2,10,6,3
2014460241910,1,9,0,3,0,1,0,0,0,0,1,1,1,1,44,7,-1,-1,-1,4,3
2014460241910,2,9,0,3,0,1,0,0,0,0,2,1,6,1,38,7,1584,1,9,7,1
2014460241913,1,9,0,9,0,8,0,0,0,0,1,1,6,2,29,6,1951,2,12,-1,-1
2014460241913,2,9,0,18,0,1,0,0,0,0,1,1,1,1,17,4,-1,-1,-1,9,1
2014460241916,1,9,0,9,0,2,0,0,0,0,1,1,6,1,21,5,1397,1,5,9,1
2014460241919,1,9,0,18,0,3,0,0,0,0,3,1,6,1,26,6,1910,2,8,4,1
2014460241919,2,5,0,18,0,3,0,0,0,0,4,1,6,1,53,8,1402,1,8,9,1
2014460241920,1,9,0,18,0,0,2,0,7,0,0,1,6,2,28,6,1199,1,14,-1,-1
2014460241921,1,9,0,4,0,2,0,0,0,0,4,1,6,2,40,7,1991,2,6,5,1
2014460241924,1,9,0,12,0,0,0,0,0,0,3,1,6,2,30,6,1997,2,8,7,1
2014460241924,2,9,0,18,0,0,0,0,0,0,4,1,6,2,57,9,1997,2,10,8,2
2014460241927,1,9,0,9,0,1,0,0,0,0,1,1,2,1,46,8,-1,-1,-1,3,1
2014460241927,2,9,0,18,0,1,0,0,0,0,1,1,2,1,30,6,1398,1,13,4,1
2014460241927,3,9,0,10,0,1,0,0,0,0,1,1,2,2,41,7,1598,2,1,7,1
2014460241929,1,9,0,18,0,0,0,0,0,0,3,1,1,1,59,9,1596,1,9,-1,-1
2014460241929,2,9,0,18,0,0,0,0,0,0,3,1,6,1,28,6,1388,1,8,10,1
2014460241930,1,9,0,7,0,8,0,0,0,0,4,1,6,1,60,9,1998,2,15,-1,-1
2014460241933,1,90,0,18,0,0,0,0,0,0,3,1,1,1,34,6,2402,2,9,-1,-1
2014460241933,2,9,0,4,0,0,0,0,0,0,3,1,6,2,66,10,1598,1,2,-1,-1
2014460241933,3,9,0,4,0,0,0,0,0,0,3,1,6,1,57,9,1360,1,14,-1,-1
2014460241934,1,5,0,18,0,0,0,0,0,0,1,1,2,2,49,8,998,1,16,2,1
2014460241934,2,9,0,18,0,0,0,0,0,0,2,1,6,2,43,7,1364,1,6,2,1
2014460241938,1,9,0,18,0,0,0,0,0,0,1,1,6,2,22,5,1299,1,9,6,1
2014460241938,2,9,0,4,0,0,0,0,0,0,2,1,6,1,34,6,1149,1,12,6,1
2014460241941,1,9,0,5,0,6,0,0,0,0,1,1,6,1,38,7,1868,2,13,-1,-1
2014460241941,2,9,0,18,0,8,0,0,0,0,1,1,6,2,29,6,1598,1,1,1,1
2014460241942,1,21,0,4,0,0,0,0,0,0,1,1,1,1,24,5,9290,2,1,3,2
2014460241942,2,21,0,4,0,0,0,0,0,0,1,1,1,1,25,5,3920,2,7,6,1
2014460241942,3,21,0,4,0,0,0,0,0,0,2,1,1,1,58,9,12740,2,1,7,1
2014460241943,1,9,0,16,0,0,0,0,0,0,1,1,6,1,-1,-1,1910,2,13,1,1
2014460241943,2,9,0,17,0,0,0,0,0,0,1,1,1,1,36,7,1398,2,9,6,3
2014460241948,1,9,0,9,0,1,0,0,0,0,1,1,6,1,57,9,2384,1,2,7,3
2014460241948,2,1,0,7,0,8,0,0,0,0,1,1,6,1,41,7,-1,-1,-1,-1,-1
2014460241949,1,9,0,11,0,0,0,0,0,0,1,1,6,3,-1,-1,1995,2,7,-1,-1
2014460241949,2,9,0,18,0,0,0,0,0,0,2,1,2,1,56,9,-1,-1,-1,-1,-1
2014460241950,1,9,0,9,0,8,0,0,0,0,4,1,6,2,-1,-1,1598,1,9,-1,-1
2014460241950,2,1,0,18,0,1,0,0,0,0,1,1,6,1,30,6,-1,-1,-1,2,1
2014460241951,1,2,0,13,0,1,0,0,7,0,1,1,6,1,18,4,124,1,18,6,1
2014460241951,2,9,0,9,0,1,0,0,0,0,3,1,6,2,72,10,1598,1,12,7,1
2014460241952,1,9,0,18,0,4,0,0,0,0,3,1,2,2,24,5,998,1,2,-1,-1
2014460241952,2,1,0,9,0,3,0,0,0,0,1,1,6,1,18,4,-1,-1,-1,7,1
2014460241961,1,9,0,18,0,0,0,0,0,0,1,1,1,2,48,8,2324,1,12,6,3
2014460241961,2,1,0,18,0,0,0,0,0,0,3,1,1,2,22,5,-1,-1,-1,2,1
2014460241964,1,9,0,18,0,1,0,0,0,0,1,1,6,1,31,6,-1,-1,-1,-1,-1
2014460241964,2,9,0,18,0,1,0,0,0,0,2,1,6,1,80,11,1339,1,8,8,1
2014460241967,1,9,0,18,0,0,0,0,0,0,1,1,6,3,-1,-1,-1,-1,-1,-1,-1
2014460241967,2,19,0,4,0,0,0,0,0,0,2,1,6,1,43,7,1753,2,9,3,1
2014460241967,3,9,0,4,0,0,0,0,0,0,2,1,6,2,37,7,1956,2,2,6,1
2014460241969,1,3,0,17,0,1,0,0,0,0,4,1,6,1,44,7,125,1,2,-1,-1
2014460241969,2,9,0,16,0,1,0,0,0,0,4,1,6,1,68,10,1968,2,3,7,1
2014460241971,1,9,0,18,0,6,0,0,0,0,3,1,6,1,48,8,-1,-1,-1,-1,-1
2014460241971,2,3,0,18,0,8,0,0,0,0,1,1,6,1,28,6,124,1,6,-1,-1
2014460241973,1,9,0,18,0,0,5,0,8,10,3,1,6,2,80,11,1364,1,7,6,2
2014460241974,1,21,0,4,0,5,1,0,0,0,1,1,1,1,55,8,11705,2,7,5,3
2014460241974,2,9,0,4,0,5,0,0,0,0,2,1,4,2,20,4,1242,1,15,9,2
2014460241976,1,21,0,11,0,0,0,0,0,0,1,1,1,1,51,8,4462,2,1,-1,-1
2014460241976,2,9,0,18,0,0,0,0,0,0,2,1,1,1,42,7,-1,-1,-1,-1,-1
2014460241977,1,9,0,7,0,4,0,0,0,0,1,1,1,1,60,9,1796,1,14,-1,-1
2014460241977,2,9,0,18,0,3,0,0,1,0,2,1,1,2,48,8,1600,1,14,-1,1
2014460241979,1,9,0,7,0,5,0,0,0,0,1,1,1,1,17,4,1796,1,13,-1,-1
2014460241979,2,1,0,18,0,6,0,0,0,0,1,1,6,1,14,3,-1,-1,-1,-1,-1
2014460241981,1,9,0,9,0,6,0,0,0,0,4,1,1,2,55,8,998,1,7,7,1
2014460241981,2,1,0,16,0,8,0,0,0,0,3,1,1,1,36,7,-1,-1,-1,7,2
2014460241982,1,3,0,18,0,0,0,0,0,0,1,1,6,1,20,4,125,1,2,7,1
2014460241982,2,9,0,18,0,0,0,0,0,0,1,1,6,1,27,6,1984,1,13,7,1
2014460241988,1,9,0,18,0,1,0,0,0,0,1,1,6,1,23,5,-1,-1,-1,5,1
2014460241988,2,9,0,3,0,1,0,0,0,0,2,1,6,1,30,6,1368,1,7,5,1
2014460241988,3,9,0,3,0,1,0,0,0,0,2,1,6,1,54,8,1950,2,15,5,1
2014460241992,1,9,0,18,0,0,0,0,0,0,1,1,1,2,18,4,1149,1,13,-1,-1
2014460241992,2,9,0,18,0,0,0,0,1,0,1,1,1,2,31,6,1997,2,10,-1,-1
2014460241993,1,21,1,5,0,4,0,0,0,0,4,1,6,3,-1,-1,11705,2,2,-1,-1
2014460241993,2,9,0,3,0,4,0,0,2,10,3,1,6,1,18,4,1598,1,12,1,1
2014460241995,1,19,0,18,0,0,0,0,7,0,1,1,6,1,38,7,1896,2,9,6,3
2014460241995,2,9,0,18,0,0,0,0,0,0,1,1,6,1,42,7,2495,2,22,6,3
2014460241998,1,9,0,9,0,0,0,0,0,0,4,1,6,2,28,6,1242,1,8,10,1
2014460241998,2,1,0,3,0,0,0,0,0,0,1,1,4,1,-1,-1,-1,-1,-1,-1,-1
2014460242000,1,9,0,1,0,0,0,0,0,0,2,1,6,1,42,7,1198,1,8,6,1
2014460242000,2,1,0,18,0,0,0,0,0,0,1,1,4,1,14,3,-1,-1,-1,4,1
2014460242001,1,9,0,13,0,0,0,0,0,0,1,1,6,1,22,5,1686,2,4,4,1
2014460242001,2,9,0,9,0,0,0,0,0,0,3,1,2,1,24,5,-1,-1,-1,-1,1
2014460242002,1,9,0,18,0,1,0,0,0,0,3,1,6,3,-1,-1,-1,-1,-1,-1,-1
2014460242002,2,1,0,7,0,8,0,0,0,0,3,1,6,1,21,5,-1,-1,-1,7,1
2014460242005,1,9,0,9,0,6,0,0,0,0,1,1,3,2,41,7,1560,2,6,-1,-1
2014460242008,1,17,4,18,0,0,4,0,1,9,1,1,1,1,43,7,-1,2,19,5,3
2014460242011,1,9,0,18,0,8,0,0,0,0,1,1,6,2,25,5,1390,1,15,10,1
2014460242011,2,9,0,18,0,8,0,0,0,0,4,1,6,2,24,5,1975,1,8,7,1
2014460242013,1,5,0,18,0,0,1,0,0,0,0,1,6,1,49,8,1050,1,1,7,1
2014460242017,1,3,0,14,0,1,0,0,0,0,4,1,6,2,20,4,125,1,6,6,1
2014460242017,2,9,0,9,0,5,0,0,0,0,3,1,6,2,64,9,1794,1,12,5,1
2014460242020,1,9,0,18,0,1,0,0,0,0,1,1,1,2,48,8,1390,1,2,3,1
2014460242020,2,9,0,9,0,1,0,0,0,0,2,1,1,1,44,7,2148,2,10,5,2
2014460242028,1,11,0,18,0,0,0,0,0,0,0,1,1,3,-1,-1,-1,-1,-1,-1,-1
2014460242031,1,9,0,14,0,1,0,7,1,10,3,1,6,1,37,7,1397,1,12,-1,1
2014460242031,2,9,0,3,0,1,0,0,0,0,3,1,6,2,45,7,-1,-1,-1,3,1
2014460242032,1,9,0,13,0,0,0,0,0,0,4,1,1,2,45,7,1598,1,12,2,1
2014460242032,2,1,0,18,0,0,0,0,0,0,3,1,1,1,54,8,-1,-1,-1,2,1
2014460242034,1,9,0,17,0,0,0,0,0,0,0,1,6,3,-1,-1,-1,-1,-1,-1,-1
2014460242034,2,9,0,16,0,0,0,0,0,0,4,1,6,2,36,7,1360,1,10,1,1
2014460242038,1,9,0,17,0,3,0,0,0,0,0,1,6,1,62,9,-1,-1,-1,-1,-1
2014460242038,2,3,0,16,0,3,1,0,0,0,0,1,6,1,54,8,123,1,7,-1,-1
2014460242041,1,9,0,18,0,8,0,0,0,0,2,1,2,1,29,6,2435,1,12,8,3
2014460242041,2,9,0,9,0,8,0,0,0,0,1,1,6,1,80,11,1596,1,7,5,1
2014460242042,1,4,0,9,0,4,1,0,0,0,0,1,2,1,44,7,398,1,7,-1,2
2014460242046,1,5,0,18,0,4,1,0,7,1,4,1,6,1,32,6,675,1,2,-1,-1
2014460242048,1,3,0,17,0,0,0,0,0,0,1,1,6,1,24,5,124,1,4,7,1
2014460242048,2,9,0,16,0,0,0,0,0,0,1,1,6,1,59,9,3199,1,11,8,2
2014460242049,1,9,0,4,0,1,0,0,0,0,1,1,6,1,71,10,1896,2,14,9,1
2014460242049,2,9,0,3,0,1,0,0,0,0,2,1,6,2,50,8,1200,1,1,8,1
2014460242050,1,9,0,4,0,1,0,0,0,0,4,1,6,1,21,5,1386,1,2,10,2
2014460242050,2,9,0,7,0,6,0,0,0,0,1,1,6,2,43,7,1587,1,9,10,1
2014460242052,1,9,0,18,0,8,0,0,7,1,1,1,6,1,26,6,1995,2,6,-1,-1
2014460242053,1,9,0,9,0,2,0,0,0,0,1,1,6,3,-1,-1,-1,-1,-1,-1,-1
2014460242054,1,3,0,18,0,0,0,0,0,0,1,1,4,1,16,4,124,1,7,8,3
2014460242054,2,9,0,4,0,0,0,0,0,0,2,1,2,2,45,7,1199,1,12,5,1
2014460242054,3,9,0,18,0,0,0,0,0,0,1,1,3,1,27,6,1396,1,11,8,1
2014460242058,1,9,0,18,0,0,1,0,1,3,1,1,6,1,72,10,1587,1,13,6,1
2014460242059,1,9,0,9,0,5,0,0,0,0,4,1,6,1,75,10,1590,1,12,-1,1
2014460242059,2,5,0,18,0,1,0,0,0,0,1,1,6,1,21,5,749,1,10,8,1
2014460242061,1,17,0,18,0,0,0,0,0,0,1,1,1,3,-1,-1,-1,-1,-1,-1,-1
2014460242061,2,9,0,4,0,0,0,0,0,0,2,1,2,2,23,5,1229,1,-1,2,2
2014460242063,1,5,0,17,0,8,1,0,1,10,4,1,6,1,29,6,999,1,3,-1,1
2014460242065,1,9,0,4,0,0,0,0,0,0,1,1,6,1,75,10,1560,2,2,7,3
2014460242065,2,19,0,2,0,0,0,0,0,0,2,1,6,1,43,7,1996,2,2,3,1
2014460242066,1,9,0,16,0,4,5,0,0,0,3,1,6,1,46,8,2495,1,21,4,1
2014460242068,1,9,0,16,0,1,0,0,0,0,1,1,2,1,57,9,1242,1,10,-1,-1
2014460242068,2,9,0,3,0,1,0,0,0,0,2,1,2,2,54,8,1388,1,11,7,2
2014460242071,1,9,0,18,0,1,1,0,2,7,1,1,6,1,24,5,1910,2,10,6,1
2014460242071,2,9,0,18,0,7,1,0,2,7,2,1,6,2,49,8,1896,2,15,8,1
2014460242071,3,9,0,18,0,7,2,0,0,0,2,1,6,2,36,7,-1,-1,-1,-1,-1
2014460242071,4,9,0,18,0,7,1,0,0,0,2,1,6,1,70,10,1686,2,3,-1,-1
2014460242073,1,9,0,9,0,8,0,0,0,0,1,1,6,3,-1,-1,2664,2,14,-1,-1
2014460242073,2,9,0,18,0,8,0,0,0,0,1,1,6,2,52,8,1299,1,6,10,1
2014460242074,1,9,0,9,0,6,0,0,0,0,1,1,6,1,58,9,-1,-1,-1,7,1
2014460242074,2,9,0,18,0,1,0,0,1,1,4,1,1,1,44,7,1560,2,3,5,1
2014460242075,1,5,0,18,0,1,0,0,0,0,1,1,6,1,51,8,998,1,15,9,1
2014460242075,2,9,0,18,0,1,0,0,0,0,2,1,6,1,61,9,-1,-1,-1,5,2
2014460242075,3,9,0,10,0,1,0,0,0,0,2,1,6,2,26,6,1242,1,2,5,1
2014460242077,1,9,0,17,0,0,0,0,0,0,1,1,6,2,78,11,1596,1,6,9,2
2014460242077,2,9,0,16,0,0,0,0,0,0,1,1,1,1,64,9,-1,-1,-1,-1,-1
2014460242078,1,9,0,1,0,0,0,4,0,0,2,1,6,1,-1,-1,-1,-1,-1,-1,-1
2014460242078,2,9,0,2,0,0,0,0,0,0,4,1,6,1,-1,-1,2179,2,-1,4,1
2014460242079,1,9,0,1,6,0,0,0,0,0,2,1,6,1,25,5,1598,1,13,4,1
2014460242079,2,9,0,2,6,0,0,0,0,0,1,1,6,2,21,5,-1,-1,-1,5,1
2014460242081,1,9,0,5,0,0,0,0,0,0,4,1,6,2,71,10,-1,-1,-1,1,1
2014460242081,2,3,0,18,0,0,0,0,0,0,1,1,6,1,25,5,124,1,1,2,1
2014460242082,1,9,0,18,0,0,0,0,0,0,1,1,6,2,45,7,1968,2,-1,8,1
2014460242084,1,9,0,18,0,0,1,0,0,0,1,1,6,1,40,7,1998,1,8,2,1
2014460242084,2,9,0,4,0,0,0,0,0,0,2,1,6,1,35,6,1686,2,5,7,1
2014460242084,3,9,0,4,0,0,0,0,0,0,2,1,6,1,21,5,-1,-1,-1,-1,-1
2014460242085,1,9,0,18,0,0,1,0,2,7,4,1,6,2,22,5,1149,1,4,9,1
2014460242086,1,9,0,16,0,1,0,0,0,0,0,1,6,3,-1,-1,-1,-1,-1,-1,-1
2014460242086,2,9,0,17,0,2,1,0,1,3,1,1,6,2,33,6,1596,1,11,4,1
2014460242087,1,3,0,18,0,0,0,10,8,0,1,1,6,1,29,6,125,1,3,7,2
2014460242091,1,9,0,18,0,0,0,6,0,0,4,1,6,1,21,5,1299,1,14,2,1
2014460242093,1,9,0,18,0,8,0,0,0,0,4,1,6,1,39,7,1968,2,4,10,1
2014460242112,1,5,0,13,0,3,0,0,0,0,1,1,1,1,34,6,600,1,8,3,1
2014460242112,2,9,0,18,0,4,0,0,0,0,1,1,1,1,48,8,2496,2,10,5,1
2014460242115,1,21,0,18,0,0,0,0,0,0,4,1,1,1,47,8,12740,2,3,-1,-1
2014460242115,2,9,0,18,0,0,0,0,0,0,3,1,6,1,40,7,1596,1,3,4,1
2014460242117,1,9,0,9,0,6,0,0,0,0,3,1,6,1,27,6,-1,-1,-1,4,1
2014460242117,2,9,0,18,0,1,0,0,0,0,1,1,6,1,55,8,1461,2,6,9,1
2014460242120,1,11,0,5,0,0,0,0,0,0,0,1,1,1,22,5,4500,2,5,4,1
2014460242127,1,21,0,12,0,0,0,0,0,0,3,2,1,1,39,7,-1,-1,-1,-1,-1
2014460242127,2,9,0,13,0,0,1,0,0,0,4,1,6,2,51,8,998,1,12,3,1
2014460242128,1,8,0,18,0,1,0,0,0,0,1,1,1,1,56,9,1896,2,9,9,1
2014460242131,1,9,0,18,0,0,0,0,0,0,4,1,6,3,-1,-1,-1,-1,-1,-1,-1
2014460242131,2,9,0,2,0,0,0,0,0,0,3,1,6,2,23,5,2198,1,12,9,1
2014460242136,1,9,0,11,0,0,0,0,0,0,1,1,2,1,29,6,1968,2,-1,10,2
2014460242136,2,9,0,13,0,0,0,0,0,0,4,1,1,1,54,8,-1,-1,-1,7,1
2014460242136,3,21,1,18,0,0,0,0,0,0,2,1,1,1,52,8,10308,2,6,9,2
2014460242139,1,9,0,18,0,0,1,0,0,0,2,1,6,2,22,5,1598,1,7,7,3
2014460242139,2,9,0,4,0,0,0,0,1,0,1,1,6,2,49,8,-1,-1,-1,-1,-1
2014460242139,3,9,0,4,0,0,0,0,0,0,1,1,6,2,67,10,2179,2,9,6,1
2014460242140,1,9,0,15,0,0,0,0,0,0,3,1,1,1,20,4,-1,-1,-1,7,3
2014460242140,2,9,0,4,0,0,0,0,0,0,0,1,6,3,-1,-1,-1,-1,-1,-1,-1
2014460242141,1,21,0,18,0,7,0,0,1,7,1,1,1,1,31,6,5880,2,12,-1,-1
2014460242145,1,9,0,18,0,1,1,0,7,0,1,1,6,1,53,8,1896,2,11,3,1
2014460242145,2,9,0,18,0,3,0,0,0,0,3,1,6,1,54,8,-1,-1,-1,9,2
2014460242147,1,9,0,18,0,8,0,0,0,0,1,1,6,3,-1,-1,1149,1,10,-1,-1
2014460242147,2,9,0,18,0,8,0,0,0,0,4,1,6,1,51,8,1796,7,7,1,1
2014460242150,1,9,0,18,0,0,0,0,0,0,1,1,6,2,-1,-1,2295,1,13,-1,-1
2014460242150,2,9,0,18,0,0,0,0,0,0,2,1,6,2,31,6,1598,2,1,-1,-1
2014460242164,1,9,0,18,0,0,0,0,0,0,1,1,6,2,49,8,1796,1,8,5,1
2014460242166,1,9,0,18,0,1,0,0,0,0,1,1,1,1,64,9,-1,-1,-1,2,1
2014460242166,2,9,0,4,0,1,0,0,0,0,2,1,6,1,66,10,6230,1,50,10,1
2014460242169,1,9,0,9,0,1,0,0,0,0,1,1,6,1,22,5,1199,1,10,2,1
2014460242169,2,1,0,9,0,1,0,0,0,0,1,1,6,2,38,7,-1,-1,-1,6,1
2014460242169,3,9,0,10,0,1,0,0,0,0,1,1,6,2,65,9,-1,-1,-1,6,3
2014460242169,4,9,0,10,0,1,0,0,0,0,1,1,6,1,64,9,2231,2,6,2,1
2014460242172,1,9,0,18,9,0,0,0,1,1,1,1,6,2,60,9,2231,2,2,8,1
2014460242173,1,9,0,18,0,1,0,0,7,2,1,1,6,1,78,11,1198,1,9,9,1
2014460242175,1,9,0,18,0,0,0,0,0,0,3,1,6,1,-1,-1,-1,-1,-1,3,1
2014460242175,2,1,0,18,0,0,0,0,0,0,4,1,6,1,64,9,-1,-1,-1,4,1
2014460242176,1,9,0,18,0,1,0,0,0,0,1,1,6,1,34,6,2720,2,7,-1,-1
2014460242176,2,9,0,18,0,1,0,0,0,0,1,1,1,1,32,6,2993,2,-1,4,1
2014460242177,1,9,0,18,0,2,0,0,0,0,1,1,6,1,56,9,1598,1,5,8,1
2014460242177,2,9,0,4,0,2,0,0,0,0,2,1,6,2,19,4,1587,1,8,10,1
2014460242183,1,1,0,18,0,0,1,0,0,0,1,1,6,1,23,5,-1,-1,-1,2,1
2014460242183,2,5,0,11,0,0,0,0,0,0,3,1,6,1,27,6,645,1,13,4,1
2014460242184,1,4,0,18,0,8,0,0,0,0,1,1,6,1,23,5,599,1,3,5,1
2014460242184,2,8,0,18,0,8,0,0,0,0,2,1,1,1,-1,-1,1910,2,8,10,1
2014460242187,1,9,0,18,0,0,5,0,4,0,1,1,6,1,38,7,-1,-1,-1,10,1