Accident_Index,Vehicle_Reference,Vehicle_Type,Towing_and_Articulation,Vehicle_Manoeuvre,Vehicle_Location-Restricted_Lane,Junction_Location,Skidding_and_Overturning,Hit_Object_in_Carriageway,Vehicle_Leaving_Carriageway,Hit_Object_off_Carriageway,1st_Point_of_Impact,Was_Vehicle_Left_Hand_Drive?,Journey_Purpose_of_Driver,Sex_of_Driver,Age_of_Driver,Age_Band_of_Driver,Engine_Capacity_(CC),Propulsion_Code,Age_of_Vehicle,Driver_IMD_Decile,Driver_Home_Area_Type
2014460242187,2,9,0,18,0,0,0,0,4,0,2,1,6,1,54,8,-1,-1,-1,9,3
2014460242190,1,9,0,7,0,4,0,0,0,0,3,1,6,2,28,6,3993,1,2,6,1
2014460242190,2,9,0,18,0,4,0,0,0,0,4,1,6,2,29,6,875,1,3,7,1
2014460242194,1,9,0,18,0,3,0,0,0,0,4,1,6,3,-1,-1,-1,-1,-1,-1,-1
2014460242197,1,9,0,18,0,0,0,0,1,4,1,1,6,2,80,11,1339,1,6,10,1
2014460242199,1,9,0,18,0,1,0,0,1,4,1,1,6,2,54,8,1198,1,7,9,1
2014460242200,1,9,0,18,0,0,1,0,0,0,1,1,6,2,38,7,2495,2,17,5,3
2014460242200,2,9,0,18,0,0,0,0,0,0,1,1,6,2,41,7,2967,2,5,5,3
2014460242207,1,9,0,18,0,0,5,0,1,9,0,1,6,1,42,7,-1,-1,-1,7,1
2014460242209,1,11,0,5,2,0,0,0,0,0,1,1,1,1,22,5,8270,2,14,2,1
2014460242209,2,11,0,2,2,0,0,0,0,0,2,1,1,1,42,7,8270,2,14,4,1
2014460242210,1,9,0,4,0,1,0,0,0,0,3,1,6,1,66,10,-1,-1,-1,-1,-1
2014460242211,1,9,0,4,0,0,1,0,0,0,1,1,6,1,40,7,1242,1,10,6,1
2014460242211,2,9,0,18,0,0,0,0,0,0,2,1,6,1,39,7,-1,-1,-1,3,1
2014460242220,1,9,0,9,0,8,0,0,0,0,1,1,6,1,52,8,-1,-1,-1,3,1
2014460242220,2,9,0,18,0,8,0,0,0,0,4,1,6,1,29,6,1997,2,12,3,1
2014460242225,1,9,0,18,0,1,0,0,0,0,1,1,6,1,26,6,1596,1,1,3,1
2014460242225,2,9,0,10,0,1,0,0,0,0,2,1,1,1,37,7,1910,2,6,1,1
2014460242230,1,9,0,18,0,2,0,0,7,0,1,1,6,1,25,5,1999,1,13,-1,-1
2014460242232,1,3,0,16,0,8,1,0,0,0,4,1,6,1,17,4,125,1,16,7,3
2014460242232,2,9,0,4,0,1,0,0,0,0,3,1,6,2,36,7,1229,1,4,7,1
2014460242235,1,9,0,14,0,0,0,0,0,0,4,1,6,2,56,9,1587,1,12,7,2
2014460242237,1,9,0,9,0,6,0,0,0,0,1,1,2,2,21,5,998,1,6,6,3
2014460242237,2,1,0,16,0,1,0,0,0,0,1,1,6,2,26,6,-1,-1,-1,7,2
2014460242238,1,1,0,18,0,2,0,0,0,0,1,1,6,1,23,5,-1,-1,-1,5,1
2014460242239,1,9,0,9,0,8,0,0,0,0,1,1,6,1,48,8,1910,2,4,-1,-1
2014460242239,2,3,0,18,0,1,1,0,0,0,1,1,6,2,42,7,125,1,2,3,1
2014460242249,1,9,0,5,0,6,0,0,0,0,1,1,2,1,43,7,2544,1,14,3,1
2014460242249,2,1,0,18,0,1,0,0,0,0,2,1,2,1,18,4,-1,-1,-1,8,1
2014460242252,1,9,0,18,0,6,0,0,0,0,1,1,6,2,74,10,1796,1,9,5,1
2014460242252,2,9,0,18,0,6,0,0,0,0,2,1,1,2,25,5,1990,1,13,4,1
2014460242254,1,11,0,5,0,0,0,0,0,0,0,1,1,1,55,8,7300,2,10,2,1
2014460242261,1,9,0,16,0,0,1,0,7,0,1,1,1,1,21,5,1587,1,26,3,1
2014460242261,2,9,0,17,0,0,0,0,0,0,3,1,1,1,28,6,1753,2,4,4,1
2014460242262,1,9,0,9,0,8,0,0,0,0,1,1,6,1,51,8,1995,1,11,9,1
2014460242262,2,9,0,18,0,8,0,10,7,0,4,1,6,1,25,5,1497,1,11,3,1
2014460242266,1,9,0,18,0,1,0,0,0,0,1,1,2,2,25,5,1124,1,12,7,1
2014460242266,2,9,0,4,0,1,0,0,0,0,2,1,2,2,23,5,1388,1,3,4,2
2014460242269,1,9,0,18,0,2,0,0,0,0,2,1,6,2,30,6,1199,2,-1,8,1
2014460242269,2,9,0,18,0,2,0,0,0,0,1,1,6,1,50,8,1995,2,9,6,1
2014460242269,3,9,0,18,0,2,0,0,0,0,1,1,6,1,23,5,-1,-1,-1,8,1
2014460242273,1,9,0,5,0,6,0,0,0,0,3,1,6,1,33,6,1796,1,11,2,1
2014460242273,2,9,0,18,0,1,0,0,0,0,1,1,6,2,28,6,1598,1,10,-1,1
2014460242277,1,3,0,18,0,3,0,0,0,0,0,1,1,2,29,6,124,1,12,-1,-1
2014460242284,1,11,0,18,0,1,0,11,1,7,1,1,1,1,37,7,3900,2,11,5,1
2014460242291,1,3,0,14,0,0,1,0,0,0,0,1,6,2,30,6,125,1,10,7,3
2014460242291,2,90,0,18,0,0,0,0,0,0,0,1,1,1,-1,-1,-1,-1,-1,-1,-1
2014460242293,1,9,0,18,0,0,0,0,0,0,4,1,6,1,31,6,2143,2,2,8,2
2014460242293,2,5,0,18,0,0,0,0,0,0,4,1,6,1,64,9,1690,1,10,6,1
2014460242294,1,9,0,18,0,0,0,0,0,0,4,1,6,3,-1,-1,-1,-1,-1,-1,-1
2014460242294,2,9,0,18,0,0,0,0,0,0,4,1,6,1,28,6,1596,1,11,3,1
2014460242296,1,9,0,17,0,3,0,0,1,2,1,1,2,2,54,8,1240,1,10,-1,-1
2014460242297,1,9,0,18,0,1,0,0,0,0,1,1,6,1,25,5,1229,1,1,-1,-1
2014460242297,2,9,0,7,0,1,0,0,0,0,1,1,6,2,35,6,1796,1,12,5,1
2014460242298,1,9,0,18,0,2,0,7,7,1,1,1,2,1,43,7,-1,-1,-1,3,1
2014460242298,2,9,0,18,0,1,0,0,0,0,3,1,6,1,31,6,1998,1,8,8,1
2014460242299,1,9,0,18,0,0,0,0,0,0,1,1,6,2,39,7,1229,1,10,3,1
2014460242299,2,9,0,4,0,0,0,0,0,0,2,1,6,2,28,6,1248,1,1,2,1
2014460242303,1,9,0,9,0,5,0,0,0,0,1,1,6,1,20,4,1598,2,2,2,1
2014460242303,2,9,0,18,0,1,0,0,0,0,1,1,6,2,31,6,998,1,7,6,1
2014460242303,3,9,0,18,0,1,0,0,0,0,1,1,6,2,46,8,-1,-1,-1,6,3
2014460242306,1,9,0,11,0,1,0,0,0,0,1,1,6,1,55,8,1997,2,4,5,1
2014460242306,2,9,0,3,0,1,0,0,0,0,2,1,6,1,68,10,2997,1,38,7,1
2014460242306,3,9,0,3,0,1,0,0,0,0,2,1,6,1,50,8,1798,1,4,8,1
2014460242307,1,10,0,3,0,1,0,0,0,0,1,1,1,2,27,6,-1,-1,-1,8,1
2014460242307,2,9,2,18,0,1,0,0,0,0,1,1,6,2,20,4,1598,1,13,7,3
2014460242309,1,9,0,18,0,8,0,0,0,0,1,1,6,1,18,4,1299,1,13,2,1
2014460242309,2,9,0,12,0,8,0,0,0,0,1,1,6,2,79,11,1910,2,9,8,1
2014460242312,1,5,0,18,0,2,0,0,0,0,1,1,6,1,57,9,600,1,8,5,1
2014460242312,2,20,0,4,0,2,0,0,0,0,2,1,6,1,20,4,2402,2,9,-1,-1
2014460242314,1,1,0,18,0,6,0,0,0,0,3,1,1,2,21,5,-1,-1,-1,3,1
2014460242314,2,9,0,7,0,5,0,0,0,0,1,1,6,1,71,10,1300,1,14,7,1
2014460242315,1,9,0,15,0,0,0,0,0,0,0,1,6,2,39,7,1798,1,10,3,1
2014460242315,2,9,0,11,0,0,1,0,5,6,1,1,6,2,33,6,1390,1,12,3,1
2014460242315,3,9,0,18,0,0,0,0,0,0,3,1,6,1,67,10,2400,2,4,-1,-1
2014460242322,1,9,0,5,0,1,0,0,0,0,1,1,6,1,33,6,1390,1,11,4,1
2014460242322,2,9,0,18,0,8,1,0,7,10,3,1,6,2,28,6,1360,1,11,4,1
2014460242322,3,9,0,2,0,1,0,0,0,0,2,1,6,1,34,6,1686,2,5,4,1
2014460242325,1,2,0,16,0,0,0,0,7,1,4,1,2,1,19,4,124,1,1,6,2
2014460242330,1,1,0,18,0,1,0,0,0,0,0,1,6,1,53,8,-1,-1,-1,8,2
2014460242332,1,9,4,18,0,0,2,0,0,0,0,1,1,1,43,7,-1,-1,-1,4,3
2014460242333,1,9,0,18,0,8,0,0,0,0,1,1,6,2,58,9,1796,1,7,-1,-1
2014460242333,2,1,0,18,0,8,0,0,0,0,2,1,6,1,81,11,-1,-1,-1,-1,-1
2014460242334,1,9,0,15,0,0,0,0,0,0,4,1,1,2,25,5,-1,-1,-1,8,1
2014460242334,2,9,0,16,0,0,0,0,0,0,0,1,6,3,-1,-1,-1,-1,-1,-1,-1
2014460242335,1,9,0,18,0,1,0,0,0,0,1,1,6,2,41,7,1399,2,4,6,3
2014460242335,2,9,0,8,0,1,0,0,0,0,2,1,6,1,41,7,1781,1,12,7,1
2014460242336,1,19,0,4,0,0,0,0,0,0,1,1,1,1,36,7,2198,2,3,1,1
2014460242336,2,19,0,4,0,0,0,0,0,0,2,1,2,1,31,6,1870,2,9,8,1
2014460242336,3,9,0,4,0,0,0,0,0,0,2,1,6,1,44,7,1598,1,2,-1,-1
2014460242337,1,9,0,18,0,1,1,0,0,0,2,1,6,1,21,5,1360,1,15,2,1
2014460242337,2,9,0,4,0,1,0,0,0,0,1,1,6,1,67,10,1560,2,1,8,3
2014460242338,1,21,1,12,0,0,0,0,0,0,3,1,1,1,47,8,-1,-1,-1,-1,-1
2014460242338,2,9,0,18,0,0,1,0,0,0,4,1,6,2,31,6,1600,2,5,-1,-1
2014460242339,1,5,0,18,0,0,1,0,0,0,4,1,6,1,19,4,750,1,4,2,1
2014460242340,1,9,0,18,0,0,0,4,1,10,1,1,6,1,81,11,1795,1,18,5,1
2014460242340,2,9,0,2,0,0,0,0,1,0,2,1,6,1,66,10,1870,2,10,5,1
2014460242340,3,9,0,2,9,0,0,0,0,0,1,1,6,2,28,6,1596,1,5,5,1
2014460242341,1,9,0,18,0,8,0,0,0,0,1,1,2,2,29,6,1781,1,9,5,1
2014460242341,2,9,0,3,0,2,0,0,0,0,2,1,2,1,22,5,1242,1,6,8,1
2014460242341,3,9,0,3,0,2,0,0,0,0,2,1,6,2,43,7,1199,1,11,-1,-1
2014460242343,1,9,0,18,0,2,0,0,0,0,4,1,6,2,26,6,1997,2,11,1,1
2014460242351,1,21,1,12,0,1,0,0,0,0,3,2,1,1,65,9,-1,-1,-1,-1,-1
2014460242351,2,9,0,13,0,1,0,0,0,0,4,1,6,2,41,7,1598,1,8,10,2
2014460242352,1,9,0,9,0,8,0,0,0,0,1,1,6,1,21,5,-1,-1,-1,5,3
2014460242352,2,5,0,18,0,1,0,0,0,0,1,1,6,1,30,6,599,1,12,2,1
2014460242353,1,19,0,18,0,0,0,0,0,0,1,1,1,1,26,6,2287,2,1,4,1
2014460242353,2,9,0,18,0,0,0,0,0,0,2,1,6,1,43,7,1461,2,2,5,1
2014460242353,3,9,0,18,0,0,0,0,0,0,2,1,6,1,44,7,1995,2,1,5,1
2014460242355,1,9,0,18,0,4,0,0,0,0,1,1,6,2,-1,-1,1598,1,5,2,1
2014460242355,2,1,0,18,0,4,0,0,0,0,2,1,6,1,30,6,-1,-1,-1,8,1
2014460242359,1,1,0,7,0,8,0,0,0,0,0,1,6,2,42,7,-1,-1,-1,3,1
2014460242360,1,9,0,18,0,8,0,0,0,0,1,1,6,3,-1,-1,1590,1,21,2,1
2014460242360,2,9,0,5,0,8,0,0,0,0,1,1,6,2,49,8,1560,2,1,-1,-1
2014460242364,1,9,0,18,0,0,0,0,0,0,1,1,6,3,-1,-1,-1,-1,-1,-1,-1
2014460242364,2,9,0,18,0,0,0,0,0,0,1,1,6,1,46,8,1956,2,4,7,3
2014460242365,1,9,0,18,0,8,0,0,0,0,1,1,6,1,-1,-1,-1,-1,-1,-1,-1
2014460242365,2,1,0,18,0,8,0,0,0,0,4,1,6,1,25,5,-1,-1,-1,4,1
2014460242370,1,4,0,18,0,0,1,0,2,6,1,1,6,1,22,5,675,1,-1,2,1
2014460242370,2,5,0,18,0,0,0,0,0,0,2,1,6,1,23,5,645,1,9,3,1
2014460242371,1,9,0,7,0,8,0,0,0,0,1,1,6,1,17,4,1124,1,12,2,1
2014460242371,2,9,0,18,0,8,0,0,0,0,4,1,6,1,50,8,-1,-1,-1,3,1
2014460242374,1,9,0,9,0,8,0,0,0,0,1,1,2,1,38,7,2494,1,14,4,3
2014460242375,1,9,0,18,0,0,1,0,1,3,1,1,6,1,39,7,1998,1,10,7,1
2014460242380,1,9,0,17,0,0,0,0,1,4,4,1,1,1,27,6,1997,2,4,3,1
2014460242386,1,9,0,18,0,4,0,0,0,0,1,1,6,2,56,9,1968,2,7,8,1
2014460242386,2,9,0,18,0,4,0,0,0,0,2,1,6,2,28,6,-1,-1,-1,3,1
2014460242389,1,9,0,18,0,0,1,0,0,0,1,1,6,2,23,5,1242,1,14,8,1
2014460242389,2,9,0,3,0,0,0,0,0,0,2,1,6,1,44,7,2996,1,8,10,1
2014460242390,1,9,0,18,0,0,1,0,1,4,1,1,6,2,71,10,1598,1,11,7,3
2014460242390,2,9,0,4,0,0,0,0,0,0,0,1,6,3,-1,-1,-1,-1,-1,-1,-1
2014460242390,3,90,0,14,0,0,0,0,0,0,0,1,1,1,25,5,2686,2,8,4,2
2014460242394,1,1,0,18,0,6,0,0,0,0,1,1,6,1,37,7,-1,-1,-1,6,1
2014460242394,2,9,0,9,0,1,0,0,0,0,3,1,6,1,54,8,1998,2,9,8,3
2014460242395,1,9,0,9,0,5,0,0,0,0,1,1,6,2,31,6,1598,1,8,-1,-1
2014460242395,2,1,0,18,0,1,0,0,0,0,1,1,6,1,37,7,-1,-1,-1,-1,-1
2014460242403,1,9,0,18,0,0,1,4,1,0,3,1,6,1,18,4,1124,1,12,7,2
2014460242403,2,9,0,2,0,0,0,0,0,0,3,1,6,1,-1,-1,1242,1,2,9,1
2014460242403,3,9,0,2,0,0,0,0,0,0,3,1,6,1,-1,-1,1398,1,2,7,3
2014460242407,1,3,0,18,0,0,0,0,0,0,1,1,2,1,44,7,-1,-1,-1,4,3
2014460242407,2,9,0,4,0,0,0,0,0,0,2,1,2,2,59,9,1360,1,11,7,1
2014460242407,3,11,0,5,0,0,0,0,0,0,0,1,1,3,-1,-1,-1,-1,-1,-1,-1
2014460242409,1,21,0,18,0,0,0,0,0,0,1,1,6,3,-1,-1,-1,-1,-1,-1,-1
2014460242409,2,9,0,18,0,0,0,0,0,0,2,1,6,2,62,9,1998,1,10,6,2
2014460242419,1,9,0,18,0,3,0,0,0,0,0,1,6,1,33,6,1800,1,14,-1,-1
2014460242419,2,9,0,18,0,3,1,0,0,0,2,1,6,2,19,4,1199,1,11,1,2
2014460242419,3,9,0,18,0,3,1,0,0,0,1,1,6,2,52,8,1998,1,8,6,1
2014460242419,4,19,0,18,0,3,1,0,0,0,1,1,6,1,25,5,1753,2,10,2,3
2014460242435,1,1,0,18,0,0,0,0,0,0,0,1,6,1,68,10,-1,-1,-1,3,1
2014460242438,1,9,0,16,0,0,5,0,0,0,3,1,6,2,60,9,1769,1,12,5,1
2014460242438,2,9,0,17,0,0,0,0,0,0,3,1,6,1,25,5,2402,2,7,8,1
2014460242439,1,9,0,4,0,0,0,0,0,0,4,1,6,2,75,10,998,1,4,5,2
2014460242442,1,3,0,18,0,0,1,0,0,0,1,1,6,1,22,5,124,1,3,2,2
2014460242442,2,9,0,18,0,0,0,0,0,0,1,1,1,1,52,8,-1,-1,-1,-1,-1
2014460242446,1,9,0,4,0,1,1,0,0,0,1,1,1,1,31,6,1968,2,10,3,1
2014460242446,2,9,0,18,0,8,0,0,0,0,2,1,1,1,56,9,-1,-1,-1,4,1
2014460242452,1,9,0,18,0,0,5,0,1,0,3,1,6,2,71,10,1587,1,8,7,3
2014460242452,2,9,0,4,0,0,0,0,0,0,3,1,6,2,59,9,1871,2,13,8,3
2014460242454,1,9,0,18,0,0,0,0,0,0,3,1,6,3,-1,-1,-1,-1,-1,-1,-1
2014460242454,2,9,0,18,0,0,0,0,0,0,3,1,6,2,63,9,1560,2,4,7,1
2014460242456,1,9,0,1,0,1,0,0,0,0,2,1,6,3,-1,-1,-1,-1,-1,-1,-1
2014460242456,2,9,0,3,0,1,0,0,0,0,1,1,6,2,50,8,1242,1,12,9,1
2014460242457,1,9,0,17,0,0,1,0,0,0,1,1,6,3,-1,-1,2457,1,13,-1,-1
2014460242457,2,9,0,16,0,0,0,0,0,0,1,1,6,1,81,11,1199,1,10,6,1
2014460242458,1,9,0,9,0,1,0,0,0,0,1,1,1,1,39,7,1598,1,10,4,1
2014460242468,1,9,0,3,0,1,0,0,0,0,1,1,3,1,42,7,2000,2,4,6,3
2014460242468,2,1,0,3,0,1,0,0,0,0,2,1,1,1,47,8,-1,-1,-1,6,1
2014460242473,1,9,0,18,0,0,1,0,0,0,1,1,6,2,32,6,1461,2,6,3,1
2014460242473,2,9,0,18,0,0,0,0,0,0,2,1,6,2,47,8,1598,1,3,5,1
2014460242473,3,9,0,18,0,0,0,0,0,0,2,1,6,2,37,7,1229,1,2,8,1
2014460242475,1,9,0,18,0,0,1,0,0,0,1,1,6,3,-1,-1,-1,-1,-1,-1,-1
2014460242475,2,2,0,4,0,0,0,0,0,0,2,1,6,1,16,4,49,1,4,3,1
2014460242475,3,9,0,4,0,0,0,0,0,0,2,1,6,1,18,4,1399,2,10,5,1
2014460242482,1,9,0,16,0,0,2,0,7,10,4,1,6,1,23,5,1769,1,15,7,1
2014460242482,2,9,0,17,0,0,0,0,0,0,0,1,6,3,-1,-1,-1,-1,-1,-1,-1
2014460242486,1,9,0,7,0,4,0,0,0,0,3,1,6,1,17,4,973,1,12,9,3
2014460242486,2,9,0,18,0,1,0,0,0,0,1,1,6,2,65,9,1588,1,15,-1,-1
2014460242489,1,9,0,4,0,0,0,0,0,0,1,1,1,1,27,6,-1,-1,-1,3,1
2014460242489,2,9,0,4,0,0,0,0,0,0,2,1,6,2,42,7,1997,2,11,6,1
2014460242491,1,9,0,18,0,0,1,0,0,0,1,1,6,2,20,4,1388,1,6,5,1
2014460242491,2,9,0,13,0,0,0,0,0,0,4,1,6,1,44,7,1998,1,15,1,1
2014460242495,1,20,0,4,0,0,0,0,0,0,1,1,6,1,19,4,-1,-1,-1,10,1
2014460242495,2,9,0,3,0,0,0,0,0,0,2,1,3,2,30,6,1598,1,8,4,1
2014460242497,1,9,0,12,0,0,0,0,0,0,3,1,6,2,52,8,-1,-1,-1,4,2
2014460242497,2,9,0,18,0,0,0,0,0,0,4,1,1,1,30,6,-1,-1,-1,5,1
2014460242498,1,9,0,18,0,7,0,7,7,1,1,1,6,1,89,11,1598,1,3,10,1
2014460242503,1,9,0,6,0,0,0,0,0,0,3,1,3,2,42,7,1896,2,12,5,1
2014460242503,2,9,0,18,0,0,0,0,0,0,1,1,2,1,23,5,-1,-1,-1,10,1
2014460242505,1,9,0,17,0,0,2,0,7,9,1,1,6,1,48,8,1299,1,13,10,1
2014460242506,1,9,0,18,0,0,0,0,0,0,0,1,6,3,-1,-1,-1,-1,-1,-1,-1
2014460242506,2,9,0,18,0,0,0,0,0,0,0,1,6,2,26,6,1360,1,13,7,2
2014460242509,1,3,0,18,0,0,0,0,0,0,0,1,6,1,30,6,-1,-1,-1,-1,-1
2014460242512,1,9,0,18,0,0,1,10,1,2,4,1,6,2,25,5,1388,1,11,3,1
2014460242513,1,9,0,10,0,0,0,0,0,0,2,1,2,1,62,9,1199,1,12,4,1
2014460242513,2,9,0,18,0,0,1,0,0,0,1,1,1,1,61,9,1968,2,4,8,3
2014460242516,1,9,0,18,0,3,0,0,0,0,1,1,6,1,73,10,1598,1,2,10,1
2014460242516,2,9,0,18,0,8,0,0,0,0,4,1,2,2,57,9,1329,1,2,10,1
2014460242528,1,9,0,4,0,1,0,0,0,0,1,1,1,2,30,6,1560,2,7,8,1
2014460242528,2,9,0,3,0,1,0,0,0,0,2,1,2,2,23,5,1398,1,5,1,1
2014460242529,1,9,0,18,0,0,0,4,0,0,1,1,6,1,26,6,1398,1,13,5,1
2014460242529,2,9,0,2,0,0,0,0,0,0,3,1,6,1,-1,-1,1149,1,12,2,1
2014460242529,3,9,0,2,0,0,0,0,0,0,3,1,6,2,-1,-1,1343,1,14,5,1
2014460242529,4,9,0,2,0,0,0,0,0,0,3,1,6,2,-1,-1,1364,1,7,2,1
2014460242532,1,9,0,18,0,0,0,0,0,0,1,1,2,1,43,7,1999,1,9,7,1
2014460242534,1,9,0,18,0,0,0,11,0,0,1,1,6,2,32,6,1397,1,4,2,1
2014460242539,1,9,0,18,0,8,0,0,0,0,3,1,6,2,38,7,1229,1,2,8,1
2014460242539,2,9,0,18,0,8,0,0,0,0,1,1,6,2,34,6,1968,2,3,1,1
2014460242540,1,9,0,13,0,0,1,0,0,0,2,1,6,1,25,5,1797,1,16,8,3
2014460242540,2,9,0,18,0,0,0,0,0,0,3,1,6,1,43,7,1830,1,16,6,1
2014460242543,1,9,0,18,0,8,0,0,0,0,1,1,6,3,-1,-1,-1,-1,-1,-1,-1
2014460242543,2,1,0,9,0,8,0,0,0,0,4,1,6,1,18,4,-1,-1,-1,4,1
2014460242546,1,9,0,13,0,0,0,0,0,0,3,1,6,1,36,7,1598,1,2,4,1
2014460242546,2,5,0,13,0,0,0,0,7,0,4,1,2,1,40,7,599,1,2,8,1
2014460242548,1,9,0,18,0,0,0,11,1,4,1,1,1,1,47,8,-1,-1,-1,5,3
2014460242554,1,9,0,11,0,0,0,0,4,6,4,1,6,2,48,8,1598,2,4,6,1
2014460242554,2,19,0,18,0,0,0,0,0,0,3,1,1,1,37,7,-1,-1,-1,-1,-1
2014460242555,1,9,0,16,0,0,5,0,1,0,1,1,6,1,17,4,1242,1,15,4,1
2014460242562,1,9,0,11,0,3,0,0,0,0,4,1,6,1,33,6,999,1,17,5,1
2014460242562,2,9,0,18,0,3,0,0,0,0,3,1,6,2,38,7,-1,-1,-1,9,1
2014460242563,1,5,0,14,0,1,0,0,0,0,1,1,2,1,34,6,599,1,14,10,1
2014460242563,2,9,0,4,0,1,0,0,0,0,2,1,2,1,27,6,1390,1,2,2,1
2014460242564,1,1,0,18,0,0,0,0,0,0,-1,1,6,1,64,9,-1,-1,-1,8,1
2014460242564,2,1,0,18,0,0,0,0,0,0,-1,1,6,1,64,9,-1,-1,-1,6,1
2014460242569,1,5,0,16,0,0,1,0,0,0,0,1,6,1,28,6,636,1,9,3,1
2014460242575,1,9,0,18,0,1,0,0,0,0,1,1,6,1,23,5,1061,1,8,6,1
2014460242577,1,2,0,18,0,0,0,0,0,0,1,1,2,2,26,6,49,1,4,2,1
2014460242577,2,9,0,18,0,0,0,0,0,0,1,1,6,1,20,4,1199,1,13,7,2
2014460242580,1,9,0,9,0,1,0,0,0,0,1,1,1,1,55,8,1910,2,6,6,1
2014460242580,2,9,0,18,0,1,0,0,0,0,4,1,2,2,40,7,1399,2,2,9,1
2014460242586,1,9,0,18,0,0,0,0,7,0,4,1,6,1,30,6,1783,1,12,5,1
2014460242586,2,9,0,18,0,0,0,0,0,0,1,1,6,2,62,9,1689,2,15,6,2
2014460242593,1,9,0,18,0,1,0,0,0,0,1,1,6,1,78,11,1242,1,13,3,1
2014460242593,2,9,0,4,0,8,0,0,0,0,2,1,2,2,50,8,1398,1,14,5,1
2014460242596,1,9,0,7,0,6,0,0,0,0,1,1,2,2,46,8,1998,2,9,-1,-1
2014460242596,2,3,0,18,0,1,1,0,0,0,1,1,2,1,42,7,125,1,11,7,3
2014460242599,1,90,0,17,0,0,0,0,0,0,0,1,6,1,84,11,-1,-1,-1,10,2
2014460242600,1,9,0,5,0,6,0,0,0,0,1,1,2,2,53,8,2143,2,3,9,1
2014460242600,2,9,0,18,0,8,0,0,0,0,4,1,2,2,40,7,1242,1,13,1,1
2014460242601,1,9,0,18,0,0,0,0,0,0,1,1,6,1,-1,-1,-1,-1,-1,-1,-1
2014460242604,1,9,0,18,0,0,0,0,0,0,1,1,6,2,43,7,1587,1,9,-1,-1
2014460242604,2,9,0,18,0,0,0,0,0,0,2,1,6,1,67,10,1598,1,14,-1,-1
2014460242605,1,4,0,17,0,0,1,0,0,0,0,1,6,1,21,5,125,1,1,8,1
2014460242606,1,1,0,18,0,0,1,0,0,0,0,1,6,2,58,9,-1,-1,-1,10,1
2014460242607,1,9,0,18,0,0,0,4,0,0,1,1,2,1,72,10,3201,1,16,-1,-1
2014460242607,2,19,0,2,0,0,0,0,0,0,2,1,1,1,57,9,-1,-1,-1,-1,-1
2014460242609,1,9,0,18,0,0,0,0,0,0,1,1,6,3,-1,-1,-1,-1,-1,-1,-1
2014460242609,2,9,0,3,0,0,0,0,0,0,2,1,6,2,47,8,1341,1,10,4,1
2014460242612,1,3,0,18,0,0,1,11,0,0,1,1,6,1,21,5,124,1,13,5,1
2014460242612,2,9,0,3,0,0,0,0,0,0,1,1,6,1,22,5,1149,1,14,2,1
2014460242617,1,5,0,10,0,1,0,0,0,0,1,1,6,1,58,9,998,1,10,7,1
2014460242617,2,9,0,9,0,5,0,0,0,0,3,1,6,1,31,6,1896,2,10,4,3
2014460242618,1,9,0,18,0,0,0,12,0,0,1,1,2,2,66,10,1560,2,7,6,3
2014460242621,1,5,0,16,0,0,1,0,0,0,0,1,6,1,34,6,636,1,9,3,1
2014460242623,1,1,0,18,0,0,0,0,0,0,1,1,6,1,67,10,-1,-1,-1,-1,-1
2014460242633,1,19,0,18,0,1,0,0,0,0,3,1,6,1,45,7,6370,2,2,-1,-1
2014460242633,2,9,0,18,0,1,0,0,0,0,1,1,6,1,20,4,1998,1,11,-1,-1
2014460242635,1,9,0,9,0,1,0,0,0,0,1,1,6,2,28,6,1598,1,14,4,1
2014460242635,2,9,0,18,0,1,0,0,0,0,1,1,6,2,45,7,1275,1,20,6,3
2014460242636,1,9,0,5,0,8,1,0,0,0,1,1,6,1,81,11,1299,1,10,6,3
2014460242636,2,9,0,18,0,8,1,0,0,0,3,1,6,2,29,6,1391,1,12,4,1
2014460242646,1,9,0,18,0,0,0,0,0,0,1,1,6,1,24,5,-1,-1,-1,2,1
2014460242646,2,9,0,18,0,0,0,0,0,0,2,1,6,1,53,8,1248,1,1,3,1
2014460242646,3,9,0,18,0,0,0,0,0,0,2,1,6,1,45,7,1560,2,3,5,1
2014460242646,4,9,0,18,0,0,0,0,0,0,1,1,6,2,29,6,1364,1,7,8,1
2014460242647,1,9,0,18,0,0,1,0,1,7,1,1,6,1,74,10,1299,1,15,6,1
2014460242658,1,9,0,13,0,0,0,0,0,0,1,1,6,1,72,10,1560,2,8,6,2
2014460242660,1,1,0,18,4,0,0,0,0,0,0,1,6,1,82,11,-1,-1,-1,6,1
2014460242661,1,3,0,18,0,0,0,0,0,0,4,1,6,1,58,9,150,1,2,-1,-1
2014460242664,1,9,0,4,0,1,0,0,0,0,1,1,6,2,25,5,1328,1,5,8,3
2014460242664,2,9,0,3,0,1,0,0,0,0,2,1,6,1,45,7,2184,2,8,10,1
2014460242665,1,19,0,16,0,0,0,0,8,10,1,1,6,1,73,10,1753,2,13,6,3