Accident_Index,Vehicle_Reference,Vehicle_Type,Towing_and_Articulation,Vehicle_Manoeuvre,Vehicle_Location-Restricted_Lane,Junction_Location,Skidding_and_Overturning,Hit_Object_in_Carriageway,Vehicle_Leaving_Carriageway,Hit_Object_off_Carriageway,1st_Point_of_Impact,Was_Vehicle_Left_Hand_Drive?,Journey_Purpose_of_Driver,Sex_of_Driver,Age_of_Driver,Age_Band_of_Driver,Engine_Capacity_(CC),Propulsion_Code,Age_of_Vehicle,Driver_IMD_Decile,Driver_Home_Area_Type
2014460242665,2,9,0,17,0,0,0,0,0,0,1,1,6,1,84,11,1360,1,9,7,3
2014460242667,1,9,0,11,0,0,0,0,0,0,2,1,1,1,44,7,1798,1,11,1,1
2014460242667,2,21,1,11,0,0,0,0,0,0,1,1,2,1,51,8,11967,2,3,-1,-1
2014460242669,1,9,0,18,0,1,0,0,0,0,1,1,6,3,-1,-1,-1,-1,-1,-1,-1
2014460242669,2,9,0,7,0,1,0,0,0,0,2,1,6,1,27,6,2300,1,14,8,1
2014460242670,1,9,0,18,0,8,0,0,0,0,3,1,6,1,49,8,-1,-1,-1,-1,-1
2014460242670,2,3,0,13,0,3,0,0,0,0,4,1,6,1,61,9,-1,-1,-1,-1,-1
2014460242672,1,9,0,16,0,0,1,0,7,0,1,1,6,1,54,8,1995,2,1,6,1
2014460242672,2,9,0,17,0,0,1,0,0,0,1,1,6,2,18,4,1248,1,5,7,3
2014460242673,1,9,0,18,0,0,0,7,0,0,4,1,6,2,66,10,2597,1,12,8,1
2014460242673,2,9,0,18,0,0,0,0,0,0,3,1,2,1,46,8,2143,2,1,9,1
2014460242673,3,9,0,18,0,0,0,0,0,0,3,1,2,1,53,8,1769,1,9,4,1
2014460242680,1,5,0,18,0,8,1,0,0,0,1,1,6,1,28,6,599,1,8,9,1
2014460242680,2,9,0,18,0,8,0,0,0,0,2,1,6,1,39,7,-1,-1,-1,-1,-1
2014460242682,1,9,0,16,0,3,1,0,0,7,3,1,6,2,32,6,1596,1,8,6,2
2014460242684,1,19,0,7,0,1,0,0,0,0,0,1,6,1,-1,-1,-1,-1,-1,-1,-1
2014460242684,2,1,0,18,0,1,0,0,0,0,1,1,6,1,-1,-1,-1,-1,-1,8,1
2014460242684,3,9,0,4,0,1,0,0,0,0,2,1,6,3,-1,-1,-1,-1,-1,-1,-1
2014460242686,1,9,0,18,0,8,0,0,0,0,1,1,6,1,48,8,2199,2,3,9,3
2014460242686,2,9,0,18,0,1,1,10,1,7,1,1,6,2,25,5,1198,1,6,-1,-1
2014460242691,1,9,0,14,0,8,0,0,0,0,4,1,3,2,26,6,998,1,1,6,1
2014460242695,1,9,0,9,0,1,0,0,0,0,3,1,6,1,23,5,1149,1,11,6,3
2014460242695,2,5,0,15,0,1,0,0,0,0,1,1,2,1,43,7,-1,-1,-1,8,3
2014460242698,1,9,0,18,0,0,0,0,2,7,1,1,6,2,35,6,998,1,4,2,1
2014460242699,1,9,0,18,0,3,5,10,1,0,1,1,6,1,54,8,-1,-1,-1,10,1
2014460242701,1,1,0,18,0,1,0,0,0,0,1,1,6,1,22,5,-1,-1,-1,2,1
2014460242701,2,9,0,7,0,8,0,0,0,0,4,1,1,2,48,8,1598,1,10,3,1
2014460242702,1,9,0,18,0,0,1,0,0,0,1,1,6,1,19,4,973,1,12,5,1
2014460242702,2,9,0,3,0,0,0,0,0,0,2,1,6,1,36,7,1997,2,2,-1,-1
2014460242706,1,9,0,14,0,0,0,0,0,0,1,1,6,2,40,7,1388,1,18,3,1
2014460242706,2,9,0,5,0,0,0,0,0,0,3,1,6,1,49,8,1388,1,3,2,3
2014460242707,1,9,0,12,0,0,0,0,0,0,3,1,6,1,32,6,1597,1,15,2,1
2014460242707,2,5,0,14,0,0,0,0,0,0,1,1,6,1,67,10,1585,1,4,8,1
2014460242710,1,9,0,18,0,0,1,0,0,0,1,1,6,1,44,7,1910,2,12,3,1
2014460242710,2,9,0,18,0,0,1,0,0,0,2,1,2,1,22,5,1968,2,1,4,1
2014460242710,3,9,0,18,0,0,0,0,0,0,2,1,6,2,24,5,1149,1,13,2,1
2014460242711,1,9,0,18,0,1,0,0,0,0,1,1,6,2,33,6,-1,-1,-1,2,1
2014460242711,2,9,0,10,0,1,0,0,0,0,2,1,1,1,46,8,-1,-1,-1,-1,-1
2014460242713,1,3,0,13,0,1,0,0,7,0,4,1,6,1,20,4,-1,-1,-1,8,2
2014460242713,2,9,0,9,0,8,0,0,0,0,4,1,6,1,58,9,1870,2,9,6,1
2014460242714,1,2,0,18,0,1,0,0,0,0,1,1,6,1,21,5,49,1,9,1,1
2014460242714,2,9,0,18,0,1,0,0,0,0,1,1,6,1,39,7,1124,1,11,1,1
2014460242714,3,9,0,18,0,1,0,0,0,0,0,1,6,1,36,7,1896,2,10,6,1
2014460242715,1,2,0,18,0,0,0,0,0,0,1,1,6,3,-1,-1,-1,-1,-1,-1,-1
2014460242719,1,9,0,18,0,1,0,0,0,0,4,1,6,1,-1,-1,1124,1,16,8,2
2014460242719,2,1,0,18,0,1,0,0,0,0,3,1,6,2,69,10,-1,-1,-1,10,2
2014460242720,1,9,0,18,0,0,0,4,0,0,1,1,6,2,53,8,998,1,11,7,3
2014460242720,2,9,0,2,0,0,0,0,0,0,2,1,6,1,-1,-1,-1,-1,-1,-1,-1
2014460242722,1,9,0,18,0,0,0,0,0,0,1,1,6,1,69,10,1560,2,1,1,1
2014460242723,1,9,0,9,0,8,0,0,0,0,3,1,1,1,36,7,-1,-1,-1,-1,-1
2014460242723,2,5,0,18,0,1,0,0,0,0,1,1,1,1,43,7,998,1,9,-1,-1
2014460242725,1,9,0,18,0,3,0,0,0,0,1,1,6,2,35,6,1794,1,12,2,1
2014460242726,1,9,0,17,0,8,0,0,0,0,0,1,6,3,-1,-1,-1,-1,-1,-1,-1
2014460242726,2,9,0,17,0,8,0,0,0,0,2,1,6,2,66,10,1388,1,10,6,3
2014460242726,3,9,0,17,0,8,0,0,0,0,1,1,6,1,-1,-1,2143,2,1,9,1
2014460242728,1,9,0,18,0,1,0,0,0,0,1,1,1,1,44,7,1797,1,16,6,1
2014460242728,2,9,0,8,0,1,0,0,0,0,2,1,6,2,45,7,1560,2,4,-1,-1
2014460242731,1,9,0,7,0,1,0,0,0,0,1,1,6,2,32,6,1598,1,14,3,1
2014460242732,1,90,0,18,0,0,0,0,0,0,0,1,6,1,43,7,-1,-1,-1,-1,1
2014460242733,1,90,0,4,9,0,0,7,0,0,1,1,6,1,21,5,-1,-1,-1,8,1
2014460242735,1,9,0,1,0,5,0,0,0,0,2,1,6,1,55,8,1686,2,9,5,3
2014460242737,1,1,0,16,0,0,1,0,0,0,1,1,6,1,25,5,-1,-1,-1,-1,-1
2014460242737,2,20,0,17,0,0,0,0,0,0,3,1,1,1,36,7,2143,2,-1,4,1
2014460242740,1,19,0,18,0,1,0,0,0,0,1,1,1,1,24,5,1968,2,5,9,1
2014460242740,2,9,0,10,0,1,0,0,0,0,2,1,1,1,27,6,1997,2,13,-1,-1
2014460242744,1,9,0,18,0,0,0,0,0,0,1,1,6,1,22,5,1596,1,12,7,3
2014460242744,2,9,0,2,0,0,0,0,0,0,1,1,6,3,-1,-1,-1,-1,-1,-1,-1
2014460242744,3,9,0,2,0,0,0,0,0,0,2,1,6,3,-1,-1,1596,1,6,-1,-1
2014460242746,1,9,0,5,0,0,0,0,0,0,1,1,2,1,20,4,1598,1,10,9,1
2014460242747,1,9,0,4,0,1,0,0,0,0,1,1,6,1,27,6,-1,-1,-1,-1,-1
2014460242747,2,9,0,8,0,1,0,0,0,0,3,1,6,1,24,5,-1,-1,-1,1,1
2014460242747,3,9,0,7,0,8,0,0,0,0,1,1,6,2,50,8,2143,2,5,3,1
2014460242749,1,19,0,1,9,0,0,0,0,0,2,1,6,1,-1,-1,2198,2,1,1,1
2014460242750,1,21,0,6,6,0,0,0,0,0,0,1,1,1,46,8,-1,-1,-1,-1,-1
2014460242750,2,9,0,18,0,0,1,0,7,10,1,1,6,1,35,6,-1,-1,-1,4,1
2014460242752,1,9,0,18,0,4,1,10,1,0,3,1,2,1,51,8,1422,2,8,5,1
2014460242752,2,9,0,18,0,8,0,0,0,0,1,1,6,1,36,7,1598,1,14,4,3
2014460242753,1,9,0,5,0,4,0,0,0,0,3,1,6,1,35,6,1839,1,17,2,1
2014460242753,2,1,0,9,0,8,0,0,0,0,1,1,6,1,60,9,-1,-1,-1,2,1
2014460242754,1,1,0,18,0,0,0,0,0,0,1,1,6,2,15,3,-1,-1,-1,9,1
2014460242754,2,9,0,18,0,0,0,0,0,0,3,1,6,1,53,8,1995,2,2,10,2
2014460242756,1,9,0,9,0,1,1,0,0,0,3,1,6,1,89,11,1390,1,6,6,1
2014460242756,2,9,0,18,0,1,0,0,0,0,1,1,6,1,37,7,-1,-1,-1,8,2
2014460242761,1,20,1,18,0,0,0,0,0,0,1,1,1,1,37,7,-1,-1,-1,-1,-1
2014460242761,2,9,0,18,0,0,0,0,0,0,2,1,2,1,37,7,-1,-1,-1,2,1
2014460242763,1,2,0,18,0,0,0,10,0,0,0,1,6,2,19,4,125,1,-1,5,1
2014460242765,1,1,0,18,0,1,0,0,0,0,4,1,6,1,36,7,-1,-1,-1,9,1
2014460242765,2,9,0,4,0,1,0,0,0,0,1,1,1,1,50,8,1560,2,5,5,1
2014460242766,1,1,0,18,0,0,0,10,7,10,1,1,6,2,28,6,-1,-1,-1,7,2
2014460242766,2,9,0,18,0,0,0,0,0,0,1,1,6,1,46,8,2985,2,9,7,2
2014460242767,1,9,0,18,0,0,1,10,0,0,3,1,6,1,19,4,1493,1,17,7,3
2014460242767,2,9,0,18,0,0,0,0,0,0,1,1,6,2,60,9,2435,1,18,5,1
2014460242773,1,3,0,18,0,0,0,0,0,0,3,1,6,1,24,5,124,1,7,6,1
2014460242774,1,9,0,18,0,0,0,0,0,0,1,1,2,1,39,7,-1,-1,-1,3,1
2014460242774,2,9,0,18,0,0,0,0,1,0,1,1,6,2,49,8,1896,2,7,6,1
2014460242779,1,9,0,16,0,2,0,0,0,0,1,1,6,1,35,6,1590,1,17,2,1
2014460242779,2,9,0,17,0,2,0,0,0,0,1,1,6,2,20,4,1242,1,2,7,3
2014460242783,1,9,0,9,0,8,0,0,0,0,1,1,6,1,25,5,1597,1,7,7,2
2014460242783,2,9,0,18,0,8,0,0,0,0,1,1,6,1,42,7,1600,1,15,10,1
2014460242786,1,4,0,11,0,0,1,0,0,0,4,1,6,1,23,5,470,1,1,4,1
2014460242786,2,9,0,18,0,0,0,0,0,0,4,1,6,1,39,7,1461,2,4,9,1
2014460242788,1,9,0,13,0,5,1,10,1,7,1,1,1,1,24,5,1997,1,13,3,1
2014460242788,2,9,0,16,0,5,0,0,0,0,0,1,1,2,41,7,1461,2,3,5,1
2014460242790,1,9,0,18,0,2,0,0,0,0,1,1,6,2,27,6,1598,1,11,3,1
2014460242792,1,9,0,16,0,0,1,0,0,0,1,1,2,1,32,6,1596,1,16,1,1
2014460242792,2,9,0,17,0,0,0,0,0,0,4,1,2,1,38,7,1951,2,11,6,3
2014460242797,1,3,0,16,0,0,0,0,0,0,0,1,6,1,22,5,125,1,7,-1,-1
2014460242799,1,9,0,18,0,0,1,0,0,0,1,1,6,2,50,8,1124,1,10,-1,-1
2014460242799,2,20,0,18,0,0,1,10,0,0,1,1,6,1,29,6,-1,-1,-1,-1,2
2014460242800,1,9,0,13,0,2,0,0,0,0,4,1,6,1,-1,-1,-1,-1,-1,-1,-1
2014460242802,1,9,0,18,0,0,0,12,0,0,1,1,6,1,19,4,1995,2,4,-1,3
2014460242812,1,9,0,18,0,0,1,0,1,7,1,1,6,2,25,5,1598,1,10,9,1
2014460242815,1,9,0,5,0,6,0,0,0,0,1,1,6,1,42,7,998,1,13,10,1
2014460242815,2,1,0,18,0,1,0,0,0,0,4,1,6,1,25,5,-1,-1,-1,-1,-1
2014460242820,1,9,0,16,0,1,0,0,0,0,1,1,6,1,50,8,2926,2,8,4,1
2014460242820,2,9,0,10,0,1,0,0,0,0,2,1,1,1,39,7,-1,-1,-1,2,1
2014460242821,1,9,0,18,0,1,0,0,0,0,1,1,2,1,30,6,1339,1,7,4,1
2014460242821,2,9,0,4,0,1,0,0,0,0,2,1,6,1,28,6,1596,1,9,4,1
2014460242821,3,9,0,4,0,5,0,0,0,0,2,1,6,2,23,5,1242,1,15,6,1
2014460242822,1,9,0,16,0,0,0,0,2,4,1,1,6,2,20,4,-1,-1,-1,-1,-1
2014460242823,1,4,0,17,0,0,1,0,0,0,0,1,6,1,16,4,-1,-1,-1,-1,-1
2014460242827,1,9,0,5,8,8,0,0,0,0,3,1,6,2,47,8,1242,1,6,7,1
2014460242827,2,9,0,18,0,2,0,4,0,0,1,1,6,1,23,5,1994,2,11,2,1
2014460242827,3,9,0,2,0,1,0,0,2,7,2,1,6,1,53,8,1840,1,13,5,1
2014460242830,1,9,3,18,0,0,5,0,2,7,4,1,6,1,35,6,3950,1,11,-1,1
2014460242831,1,9,0,11,0,8,0,0,0,0,4,1,1,1,59,9,-1,-1,-1,-1,-1
2014460242831,2,9,0,15,0,8,1,0,0,0,3,1,6,2,25,5,1242,1,8,7,1
2014460242837,1,4,0,9,0,8,1,0,1,0,4,1,6,1,17,4,-1,-1,-1,8,2
2014460242837,2,9,0,18,0,8,0,0,0,0,1,1,6,1,36,7,1998,2,8,6,2
2014460242839,1,9,0,18,0,4,0,0,0,0,1,1,6,2,37,7,1995,2,2,9,1
2014460242839,2,3,0,18,0,4,0,0,0,0,2,1,6,1,40,7,124,1,3,9,1
2014460242841,1,9,0,18,0,2,0,0,1,7,1,1,6,1,56,9,-1,-1,-1,-1,-1
2014460242847,1,9,0,17,0,0,1,0,0,0,3,1,2,1,23,5,1796,1,12,9,2
2014460242847,2,20,0,16,0,0,0,0,0,0,3,1,1,1,39,7,4461,2,6,4,1
2014460242862,1,9,0,18,0,8,1,0,0,0,1,1,6,3,-1,-1,-1,-1,-1,-1,-1
2014460242862,2,9,0,7,0,6,2,0,0,0,3,1,6,1,23,5,-1,-1,-1,6,1
2014460242863,1,9,0,17,0,0,0,0,0,0,1,1,6,2,49,8,1389,1,10,9,2
2014460242863,2,9,0,16,0,0,0,0,0,0,1,1,1,1,53,8,1997,2,7,6,1
2014460242863,3,9,0,16,0,0,0,0,0,0,1,1,6,1,68,10,1171,1,14,10,2
2014460242864,1,20,0,18,0,0,1,0,0,0,1,1,1,1,36,7,-1,-1,-1,9,1
2014460242864,2,21,1,13,0,0,0,0,0,0,2,1,1,1,53,8,11705,2,5,9,1
2014460242865,1,11,0,5,0,0,0,0,0,0,0,1,6,1,-1,-1,-1,-1,-1,-1,-1
2014460242869,1,9,0,12,0,2,0,0,0,0,3,1,6,1,28,6,3199,1,20,7,1
2014460242869,2,9,0,18,0,2,0,0,0,0,4,1,6,1,31,6,1597,1,17,4,1
2014460242870,1,9,0,18,0,0,0,0,0,0,1,1,6,3,-1,-1,-1,-1,-1,-1,-1
2014460242870,2,11,0,18,0,0,0,0,0,0,2,1,1,1,49,8,4250,2,9,-1,-1
2014460242875,1,9,0,18,0,0,0,0,0,0,1,1,6,1,49,8,1590,1,12,2,1
2014460242875,2,19,0,2,0,0,0,0,0,0,0,1,1,1,39,7,2148,2,9,5,1
2014460242880,1,9,0,8,0,1,0,0,0,0,1,1,6,1,26,6,1984,1,5,10,1
2014460242880,2,9,0,8,0,1,0,0,0,0,2,1,6,1,53,8,-1,-1,-1,5,1
2014460242883,1,9,0,4,0,0,0,0,0,0,1,1,6,1,19,4,1124,1,13,8,1
2014460242883,2,9,0,3,0,0,0,0,0,0,2,1,3,1,38,7,1900,2,14,-1,-1
2014460242884,1,9,0,18,0,0,0,0,0,0,1,1,6,1,52,8,1598,2,3,9,1
2014460242884,2,9,0,18,0,0,0,0,0,0,2,1,6,1,59,9,5000,1,2,10,1
2014460242884,3,9,0,18,0,0,0,0,0,0,2,1,6,1,66,10,2148,2,8,7,3
2014460242884,4,9,0,18,0,0,0,0,0,0,2,1,6,2,25,5,1388,1,10,2,1
2014460242887,1,1,0,15,0,0,0,0,0,0,1,1,6,1,15,3,-1,-1,-1,2,3
2014460242887,2,9,0,2,0,0,0,0,0,0,2,1,6,2,34,6,1598,1,19,2,1
2014460242891,1,9,0,18,0,1,0,0,0,0,1,1,6,1,32,6,1988,2,10,3,1
2014460242891,2,9,0,10,0,1,0,0,7,4,2,1,6,2,79,11,1596,1,3,1,1
2014460242899,1,90,0,18,0,1,0,0,0,0,3,1,6,2,87,11,-1,-1,-1,-1,-1
2014460242899,2,9,0,18,0,1,0,0,0,0,1,1,6,2,80,11,1995,1,17,-1,-1
2014460242903,1,1,0,18,5,0,0,0,0,0,3,1,6,1,42,7,-1,-1,-1,7,3
2014460242903,2,19,0,18,0,0,0,0,0,0,4,1,6,3,-1,-1,-1,-1,-1,-1,-1
2014460242910,1,9,0,18,0,1,0,0,0,0,1,1,1,1,30,6,1461,2,8,-1,3
2014460242910,2,9,0,7,0,1,0,0,0,0,2,1,6,2,49,8,1973,1,16,-1,3
2014460242912,1,9,0,6,0,0,0,0,0,0,1,1,1,1,41,7,1999,1,11,7,1
2014460242912,2,5,0,14,0,0,0,0,0,0,1,1,1,1,38,7,998,1,10,6,1
2014460242918,1,9,0,18,0,3,1,0,1,7,2,1,6,1,22,5,1598,2,1,4,1
2014460242926,1,3,0,17,0,0,0,0,0,0,0,1,1,1,18,4,125,1,3,-1,-1
2014460242931,1,9,0,10,0,1,0,0,0,0,3,1,6,1,83,11,1997,1,5,6,2
2014460242931,2,19,0,18,0,1,0,0,0,0,1,1,1,1,26,6,1995,2,1,10,1
2014460242937,1,9,0,18,0,1,0,0,0,0,1,1,6,3,-1,-1,-1,-1,-1,-1,-1
2014460242937,2,9,0,18,0,1,0,0,0,0,2,1,6,2,22,5,1796,1,9,6,1
2014460242937,3,9,0,8,0,1,0,0,0,0,2,1,6,2,46,8,1796,1,11,6,1
2014460242938,1,9,0,9,0,2,0,0,0,0,3,1,1,1,30,6,1995,2,10,6,3
2014460242938,2,9,0,18,0,1,0,0,7,0,4,1,3,2,28,6,1598,1,15,8,3
2014460242940,1,1,0,18,0,0,0,0,0,0,0,1,6,1,48,8,-1,-1,-1,8,3
2014460242944,1,9,0,1,0,0,0,0,0,0,2,1,6,1,-1,-1,1968,2,3,-1,-1
2014460242944,2,9,0,1,0,0,0,0,0,0,1,1,1,1,33,6,1598,1,13,6,2
2014460242946,1,9,0,9,0,6,0,0,0,0,1,1,6,2,44,7,1997,2,4,8,2
2014460242946,2,9,0,16,0,1,1,0,0,0,4,1,6,1,20,4,1598,1,12,10,1
2014460242950,1,9,0,5,0,6,0,0,0,0,1,1,6,2,22,5,995,1,11,8,1
2014460242950,2,9,0,18,0,1,0,0,1,0,3,1,6,1,62,9,1597,1,5,-1,-1
2014460242951,1,1,0,18,0,6,0,0,0,0,1,1,6,1,60,9,-1,-1,-1,-1,-1
2014460242951,2,19,0,18,0,8,0,0,0,0,3,1,6,2,41,7,1868,2,14,5,1
2014460242953,1,9,0,18,0,1,0,7,0,0,3,1,6,1,41,7,1596,1,8,5,1
2014460242955,1,5,0,7,0,1,0,0,0,0,0,1,6,1,43,7,675,1,5,6,3
2014460242963,1,9,0,18,0,1,0,0,0,0,1,1,6,1,47,8,1910,2,10,7,1
2014460242963,2,9,0,18,0,1,0,0,0,0,2,1,6,2,31,6,1390,1,10,5,2
2014460242964,1,9,0,9,0,1,0,0,0,0,1,1,6,1,28,6,1598,1,4,10,1
2014460242964,2,9,0,18,0,1,0,0,0,0,1,1,6,2,28,6,1596,1,8,8,1
2014460242965,1,19,0,18,0,0,1,0,0,0,1,1,1,1,-1,-1,2198,2,5,-1,-1
2014460242965,2,9,0,17,0,0,0,0,0,0,1,1,6,2,20,4,1596,1,11,5,2
2014460242969,1,11,0,18,0,0,0,0,0,0,4,1,6,1,44,7,-1,-1,-1,4,1
2014460242970,1,19,0,18,0,0,0,0,0,0,1,1,2,1,28,6,2298,2,-1,-1,-1
2014460242970,2,9,0,4,0,0,0,0,0,0,2,1,6,2,26,6,1798,1,11,-1,-1
2014460242971,1,9,0,18,0,0,0,0,0,0,1,1,6,1,83,11,1360,1,12,9,1
2014460242971,2,9,0,3,0,0,0,0,0,0,2,1,6,1,21,5,998,1,3,4,1
2014460242977,1,19,0,5,0,2,0,0,0,0,3,1,1,1,35,6,2148,2,6,4,1
2014460242977,2,5,0,16,0,1,0,0,0,0,1,1,6,1,39,7,999,1,3,9,1
2014460242980,1,9,0,1,0,0,0,0,0,0,2,1,1,1,37,7,-1,-1,-1,10,1
2014460242981,1,9,0,6,0,0,0,0,0,0,3,1,3,1,60,9,1560,2,9,-1,1
2014460242981,2,5,0,18,0,0,0,0,0,0,1,1,2,1,33,6,805,1,8,6,1
2014460242983,1,9,0,18,0,0,0,0,7,6,1,1,6,2,32,6,1275,1,15,6,2
2014460242983,2,21,1,15,0,0,0,0,4,0,2,1,1,1,21,5,-1,-1,-1,-1,-1
2014460242986,1,9,0,18,0,0,0,0,0,0,1,1,6,2,19,4,-1,-1,-1,8,1
2014460242986,2,9,0,18,0,0,0,0,0,0,2,1,6,1,25,5,1368,1,3,4,2
2014460242987,1,9,0,18,0,0,0,0,0,0,0,1,6,3,-1,-1,-1,-1,-1,-1,-1
2014460242987,2,9,0,18,0,0,0,0,0,0,4,1,6,1,32,6,998,1,10,-1,-1
2014460242987,3,9,0,18,0,0,0,0,0,0,3,1,6,2,73,10,1997,2,4,8,1
2014460242989,1,9,0,9,0,8,0,0,0,0,1,1,6,3,-1,-1,-1,-1,-1,-1,-1
2014460242991,1,9,0,18,0,4,0,0,0,0,4,1,6,3,-1,-1,-1,-1,-1,-1,-1
2014460242992,1,9,0,4,0,0,0,0,0,0,1,1,6,1,65,9,1910,2,10,2,1
2014460242992,2,9,0,4,0,0,0,0,0,0,2,1,1,1,45,7,1997,2,1,-1,-1
2014460242992,3,9,0,4,0,0,0,0,0,0,2,1,1,1,31,6,1995,2,1,9,2
2014460242994,1,9,0,4,0,1,0,0,0,0,1,1,3,2,35,6,1997,2,11,8,1
2014460242994,2,9,0,3,0,1,0,0,0,0,2,1,6,1,32,6,-1,-1,-1,-1,-1
2014460242994,3,9,0,3,0,1,0,0,0,0,2,1,6,2,27,6,1995,2,8,8,1
2014460242998,1,9,0,18,0,0,0,7,0,0,1,1,6,1,62,9,1598,1,1,10,1
2014460242999,1,11,0,5,0,0,0,0,0,0,1,1,1,1,53,8,-1,2,13,5,1
2014460243002,1,5,0,18,0,0,1,0,0,0,0,1,6,1,46,8,-1,-1,-1,6,1
2014460243003,1,9,0,9,0,1,0,0,0,0,4,1,6,1,31,6,989,1,14,2,1
2014460243003,2,9,0,18,0,1,0,0,0,0,1,1,6,2,65,9,998,1,5,5,3
2014460243006,1,9,0,18,0,0,0,0,0,0,1,1,1,1,26,6,-1,-1,-1,4,1
2014460243006,2,9,0,18,0,0,0,0,4,6,2,1,1,1,40,7,2000,2,3,10,1
2014460243008,1,2,0,4,0,1,0,0,0,0,4,1,6,1,17,4,125,1,7,1,1
2014460243009,1,1,0,18,0,0,0,0,0,0,0,1,4,1,14,3,-1,-1,-1,2,1
2014460243010,1,19,0,16,0,1,0,0,0,0,1,1,6,1,30,6,1995,2,6,10,2
2014460243010,2,9,0,4,0,1,0,0,0,0,2,1,6,2,36,7,1598,1,6,9,3
2014460243014,1,9,0,9,0,6,0,0,0,0,1,1,6,2,54,8,4395,1,-1,10,1
2014460243014,2,9,0,18,0,1,0,0,0,0,1,1,6,1,55,8,1598,1,13,8,1
2014460243016,1,9,0,18,0,8,0,0,0,0,1,1,1,1,27,6,-1,-1,-1,5,1
2014460243016,2,9,0,18,0,8,0,0,0,0,2,1,6,2,68,10,1388,1,8,7,3
2014460243022,1,9,0,18,0,0,0,0,0,0,4,1,1,1,68,10,2401,2,8,4,2
2014460243024,1,9,0,18,0,0,0,0,0,0,2,1,6,1,44,7,2204,2,5,4,1
2014460243024,2,9,0,18,0,0,0,0,0,0,1,1,6,1,42,7,1396,1,9,4,1
2014460243025,1,21,0,18,0,0,1,0,0,0,0,1,1,1,65,9,12900,2,6,6,2
2014460243025,2,9,0,18,0,0,0,0,0,0,2,1,2,1,58,9,1998,1,9,7,1
2014460243025,3,3,0,18,0,0,0,0,0,0,1,1,2,1,18,4,125,1,7,5,3
2014460243027,1,9,0,16,0,0,0,0,0,0,1,1,6,1,67,10,-1,-1,-1,-1,1
2014460243027,2,9,0,17,0,0,1,0,0,0,1,1,6,2,66,10,1840,1,11,7,3
2014460243028,1,9,0,9,0,6,0,0,0,0,1,1,6,1,26,6,1997,2,10,7,1
2014460243028,2,9,0,18,0,1,0,0,0,0,4,1,6,1,29,6,2324,1,12,7,1
2014460243030,1,9,0,9,0,8,0,0,0,0,1,1,6,1,78,11,1596,1,3,9,1
2014460243030,2,5,0,9,0,5,0,0,0,0,3,1,1,1,50,8,1170,1,3,-1,-1
2014460243033,1,9,0,16,0,0,0,0,0,0,3,1,6,2,55,8,1360,1,12,6,3
2014460243033,2,9,0,17,0,0,0,0,0,0,3,1,1,1,64,9,1968,2,1,8,1
2014460243044,1,9,0,9,0,2,0,0,0,0,1,1,6,2,50,8,1596,1,3,8,2
2014460243044,2,5,0,18,0,1,0,0,0,0,4,1,2,1,51,8,599,1,7,6,1
2014460243045,1,9,0,18,0,0,0,0,0,0,2,1,6,1,28,6,1364,1,9,2,1
2014460243045,2,9,0,18,0,0,0,0,0,0,1,1,1,1,47,8,-1,-1,-1,2,1
2014460243053,1,9,0,13,0,8,1,0,0,0,4,1,6,1,24,5,1997,2,10,5,1
2014460243053,2,9,0,9,0,8,0,0,0,0,1,1,6,2,19,4,1124,1,11,5,1
2014460243055,1,9,0,7,0,1,0,0,0,0,3,1,6,1,52,8,1995,1,8,2,1
2014460243055,2,1,0,18,0,1,0,0,0,0,1,1,6,1,22,5,-1,-1,-1,5,1
2014460243058,1,9,0,1,0,0,0,4,0,0,2,1,6,3,-1,-1,1299,1,11,-1,-1
2014460243058,2,9,0,2,0,0,0,0,0,0,1,1,6,1,48,8,1798,1,9,10,1
2014460243060,1,1,0,17,0,0,1,0,1,7,4,1,6,1,36,7,-1,-1,-1,4,1
2014460243067,1,9,0,7,0,1,0,0,0,0,4,1,6,2,41,7,1598,1,12,4,1
2014460243067,2,9,0,18,0,1,0,0,0,0,3,1,6,1,60,9,1995,1,8,3,1
2014460243070,1,9,0,18,0,0,0,0,5,6,1,1,2,1,48,8,1796,1,12,2,1
2014460243090,1,9,0,7,0,3,0,0,0,0,0,1,6,2,61,9,1198,1,2,7,1
2014460243090,2,9,0,7,0,3,0,10,0,0,4,1,6,1,37,7,1598,1,9,-1,1
2014460243092,1,9,0,18,0,6,0,0,3,10,3,1,6,1,79,11,1598,1,7,-1,-1
2014460243092,2,1,0,18,0,1,0,0,0,0,1,1,6,1,47,8,-1,-1,-1,5,3
2014460243095,1,9,0,11,0,1,0,0,0,0,4,1,6,1,30,6,1397,1,5,9,1
2014460243095,2,9,0,18,0,1,0,0,0,0,3,1,6,2,34,6,1796,1,-1,8,1
2014460243098,1,9,0,5,0,8,0,0,0,0,1,1,6,2,65,9,-1,-1,-1,9,1
2014460243098,2,9,0,18,0,8,0,0,0,0,4,1,1,2,20,4,1560,2,-1,7,1
2014460243100,1,9,0,14,0,0,0,0,0,0,1,1,1,1,29,6,1368,1,3,3,1