Accident_Index,Vehicle_Reference,Vehicle_Type,Towing_and_Articulation,Vehicle_Manoeuvre,Vehicle_Location-Restricted_Lane,Junction_Location,Skidding_and_Overturning,Hit_Object_in_Carriageway,Vehicle_Leaving_Carriageway,Hit_Object_off_Carriageway,1st_Point_of_Impact,Was_Vehicle_Left_Hand_Drive?,Journey_Purpose_of_Driver,Sex_of_Driver,Age_of_Driver,Age_Band_of_Driver,Engine_Capacity_(CC),Propulsion_Code,Age_of_Vehicle,Driver_IMD_Decile,Driver_Home_Area_Type
2014460243101,1,9,0,18,0,1,0,0,0,0,1,1,6,2,-1,-1,1997,2,2,7,1
2014460243101,2,1,0,18,0,1,1,0,0,0,3,1,6,1,6,2,-1,-1,-1,7,1
2014460243102,1,1,0,9,0,8,0,0,0,0,4,1,6,1,18,4,-1,-1,-1,-1,2
2014460243103,1,9,0,18,0,1,0,0,0,0,3,1,6,1,85,11,1388,1,3,7,1
2014460243103,2,9,0,18,0,2,0,0,0,0,3,1,6,1,23,5,2204,2,7,9,1
2014460243103,3,9,0,18,0,1,0,0,0,0,1,1,6,2,20,4,1149,1,11,4,1
2014460243106,1,9,0,18,0,1,1,0,0,0,1,1,6,1,22,5,1596,1,13,-1,-1
2014460243106,2,9,0,7,0,2,0,0,0,0,3,1,6,1,24,5,1910,2,7,6,1
2014460243107,1,1,0,18,0,8,0,0,0,0,3,1,6,1,49,8,-1,-1,-1,7,1
2014460243107,2,9,0,7,0,8,0,0,0,0,4,1,6,2,51,8,1598,2,2,10,1
2014460243109,1,9,0,18,0,0,0,0,0,0,0,1,6,2,45,7,2902,2,6,3,1
2014460243110,1,9,0,18,0,0,0,0,0,0,4,1,6,1,21,5,1968,2,8,7,1
2014460243110,2,9,0,18,0,0,0,0,0,0,3,1,6,2,25,5,1560,2,3,6,3
2014460243113,1,5,0,4,0,0,0,0,0,0,1,1,2,1,60,9,781,1,14,8,1
2014460243113,2,9,0,4,0,0,2,0,0,0,2,1,2,1,24,5,1242,1,3,6,1
2014460243114,1,9,0,9,0,1,0,0,0,0,4,1,6,1,29,6,1598,1,2,4,1
2014460243114,2,3,0,18,0,1,1,0,0,0,1,1,6,1,18,4,125,1,16,5,1
2014460243115,1,9,0,9,0,8,0,0,0,0,1,1,6,3,-1,-1,-1,-1,-1,-1,-1
2014460243115,2,9,0,3,0,1,0,0,0,0,3,1,6,2,42,7,1198,1,6,3,1
2014460243116,1,9,0,18,0,1,0,0,0,0,3,1,3,1,37,7,2685,2,10,2,1
2014460243116,2,9,0,9,0,8,0,0,0,0,4,1,3,2,45,7,1598,1,4,10,1
2014460243119,1,9,0,12,0,0,0,0,0,0,3,1,6,2,42,7,1360,1,8,9,1
2014460243119,2,1,0,18,0,0,0,0,0,0,4,1,2,1,55,8,-1,-1,-1,8,1
2014460243122,1,9,0,18,0,0,0,0,0,0,1,1,6,3,-1,-1,-1,-1,-1,-1,-1
2014460243122,2,9,0,18,0,0,0,0,0,0,2,1,6,2,46,8,1910,2,6,2,2
2014460243127,1,9,0,4,0,0,0,0,0,0,1,1,1,1,28,6,1399,2,4,-1,1
2014460243127,2,9,0,4,0,0,0,0,0,0,2,1,1,1,21,5,1600,1,10,9,1
2014460243129,1,9,0,4,0,0,0,0,7,6,1,1,6,2,83,11,998,1,13,1,1
2014460243129,2,9,0,18,0,0,0,0,0,0,0,1,6,1,26,6,-1,-1,-1,-1,-1
2014460243131,1,1,0,9,0,5,0,0,0,0,0,1,6,1,26,6,-1,-1,-1,8,1
2014460243133,1,9,0,18,0,1,0,0,0,0,1,1,6,1,29,6,2967,2,1,-1,-1
2014460243133,2,9,0,10,0,1,0,0,0,0,0,1,6,1,33,6,1995,2,2,3,1
2014460243133,3,9,0,18,0,1,0,0,0,0,1,1,6,2,62,9,1956,2,4,10,1
2014460243135,1,9,0,16,0,0,0,0,0,0,1,1,6,1,23,5,1587,1,11,2,2
2014460243135,2,9,0,18,0,0,0,0,0,0,1,1,6,2,83,11,1597,1,18,4,3
2014460243136,1,5,0,18,0,0,0,0,0,0,2,1,6,1,52,8,-1,-1,-1,5,3
2014460243136,2,5,0,18,0,0,0,0,0,0,1,1,6,1,31,6,1170,1,4,2,1
2014460243136,3,9,0,18,0,0,0,0,0,0,0,1,1,1,39,7,2993,2,1,7,1
2014460243138,1,9,0,18,0,3,0,0,0,0,1,1,6,1,35,6,1390,1,14,2,1
2014460243138,2,5,0,4,0,3,0,0,0,0,2,1,6,1,45,7,1157,1,15,7,2
2014460243144,1,9,0,4,0,8,0,0,0,0,4,1,6,2,79,11,999,1,5,-1,-1
2014460243146,1,9,0,18,0,1,0,0,0,0,1,1,6,1,50,8,-1,-1,-1,-1,-1
2014460243146,2,9,0,3,0,1,0,0,0,0,2,1,6,1,57,9,2148,2,10,2,1
2014460243148,1,3,0,18,0,4,2,0,0,0,0,1,6,1,66,10,125,1,2,2,1
2014460243149,1,9,0,1,0,0,0,0,0,0,2,1,6,2,76,11,1461,2,11,8,2
2014460243151,1,9,0,18,0,8,0,0,1,0,0,1,6,1,34,6,1598,1,14,3,2
2014460243153,1,9,0,18,0,0,0,0,0,0,1,1,6,2,35,6,1598,1,4,7,1
2014460243153,2,21,0,18,0,0,0,0,0,0,2,1,1,2,51,8,4500,2,7,6,1
2014460243153,3,9,0,18,0,0,0,0,0,0,3,1,6,2,53,8,1598,1,2,8,1
2014460243153,4,20,0,18,0,0,0,0,0,0,2,1,1,1,53,8,5880,2,8,4,1
2014460243157,1,9,0,7,0,8,0,0,0,0,3,1,6,1,20,4,1397,1,13,6,1
2014460243157,2,5,0,18,0,1,1,0,0,0,1,1,6,1,19,4,599,1,25,3,1
2014460243158,1,9,0,5,0,8,0,0,0,0,4,1,6,1,71,10,2435,1,15,-1,3
2014460243158,2,9,0,18,0,8,0,0,0,0,1,1,6,1,34,6,1997,2,8,6,2
2014460243159,1,9,0,3,0,1,0,0,0,0,1,1,6,2,27,6,1798,1,9,3,1
2014460243159,2,9,0,3,0,1,0,0,0,0,2,1,6,1,64,9,1999,1,3,8,1
2014460243159,3,9,0,3,0,1,0,0,0,0,2,1,2,1,49,8,1242,1,-1,-1,-1
2014460243159,4,9,0,3,0,1,0,0,0,0,2,1,2,1,49,8,1896,2,9,9,1
2014460243160,1,1,0,18,9,6,1,0,0,0,3,1,6,1,14,3,-1,-1,-1,-1,1
2014460243160,2,9,0,4,0,8,0,0,0,0,4,1,6,2,31,6,1086,1,10,4,2
2014460243161,1,9,0,16,0,0,0,0,0,0,1,1,6,1,50,8,2179,2,2,3,1
2014460243161,2,9,0,17,0,0,0,0,0,0,1,1,6,1,46,8,-1,-1,-1,3,1
2014460243163,1,9,0,18,0,8,0,0,0,0,1,1,6,1,29,6,2987,2,6,2,1
2014460243163,2,9,0,18,0,8,0,0,0,0,4,1,6,1,65,9,1990,1,6,4,1
2014460243167,1,9,0,18,0,2,0,0,0,0,1,1,6,2,26,6,1229,1,6,2,1
2014460243168,1,9,0,18,0,1,0,0,0,0,3,1,6,2,74,10,1598,1,2,8,1
2014460243168,2,9,0,9,0,8,0,0,0,0,4,1,6,1,42,7,1388,1,10,9,1
2014460243170,1,9,0,18,0,0,0,0,0,0,1,1,2,1,20,4,-1,-1,-1,1,1
2014460243173,1,9,0,11,0,0,0,0,0,0,1,1,6,2,34,6,1299,1,8,2,1
2014460243173,2,9,0,4,0,0,0,0,0,0,2,1,6,2,23,5,1298,1,8,4,2
2014460243175,1,9,0,18,0,0,0,10,1,2,1,1,6,1,19,4,1390,1,3,6,1
2014460243177,1,9,0,9,0,1,0,0,0,0,0,1,6,3,-1,-1,-1,-1,-1,-1,-1
2014460243177,2,11,0,18,0,1,0,0,0,0,0,1,1,2,22,5,3900,2,9,2,1
2014460243179,1,9,0,18,0,1,0,0,0,0,1,1,6,1,30,6,1598,1,13,1,1
2014460243179,2,9,0,3,0,1,0,0,0,0,2,1,6,2,47,8,1388,1,2,3,1
2014460243184,1,9,0,18,0,8,5,0,1,10,4,1,6,1,81,11,1596,1,7,4,1
2014460243185,1,9,0,9,0,6,0,0,0,0,3,1,6,2,19,4,998,1,1,6,3
2014460243185,2,21,1,18,0,1,0,0,0,0,1,1,1,3,-1,-1,-1,-1,-1,-1,-1
2014460243186,1,9,0,17,0,0,0,0,0,0,3,1,6,1,36,7,1360,1,11,8,2
2014460243189,1,9,0,18,0,1,0,0,0,0,4,1,6,2,34,6,1798,1,8,2,1
2014460243192,1,9,0,10,0,0,0,0,0,0,3,2,6,1,46,8,-1,-1,-1,-1,-1
2014460243192,2,9,0,18,0,0,0,0,0,0,3,1,6,2,22,5,1124,1,11,-1,-1
2014460243193,1,9,0,3,0,1,0,0,0,0,1,1,6,2,35,6,1798,1,8,-1,1
2014460243193,2,9,0,5,0,1,0,0,0,0,2,1,6,2,34,6,898,1,-1,10,1
2014460243198,1,1,0,18,0,0,0,0,0,0,2,1,1,1,23,5,-1,-1,-1,4,1
2014460243198,2,9,0,18,0,0,0,0,0,0,1,1,1,1,26,6,1796,1,11,6,3
2014460243201,1,9,0,16,0,0,2,0,0,0,0,1,6,1,27,6,1388,1,10,6,1
2014460243203,1,9,0,18,0,0,0,0,0,0,1,1,6,1,21,5,999,1,15,2,1
2014460243203,2,9,0,2,0,0,0,0,0,0,1,1,6,3,-1,-1,1796,1,11,-1,-1
2014460243206,1,9,0,18,0,0,0,0,0,0,1,1,6,2,65,9,2685,2,9,-1,-1
2014460243206,2,9,0,18,0,0,0,0,0,0,1,1,6,2,19,4,1390,1,1,6,1
2014460243214,1,9,0,18,0,0,0,0,8,10,3,1,6,1,25,5,1596,1,12,-1,1
2014460243214,2,9,0,5,0,0,0,0,0,0,3,1,6,2,49,8,1997,2,13,-1,3
2014460243216,1,3,0,13,0,1,0,0,0,0,4,1,6,1,18,4,124,1,13,3,1
2014460243216,2,9,0,9,0,1,0,0,0,0,3,1,6,2,38,7,1596,1,10,9,1
2014460243219,1,9,0,18,0,0,0,0,0,0,1,1,2,2,37,7,1360,1,11,8,1
2014460243219,2,9,0,18,0,0,0,0,0,0,2,1,6,2,41,7,1242,1,11,6,1
2014460243220,1,9,0,18,0,1,0,0,0,0,1,1,6,1,36,7,1796,1,13,9,1
2014460243220,2,9,0,3,0,1,0,0,0,0,2,1,6,1,46,8,1596,1,-1,3,1
2014460243221,1,5,0,18,0,3,1,0,0,0,3,1,6,3,-1,-1,600,1,12,-1,-1
2014460243221,2,9,0,4,0,4,0,0,0,0,1,1,6,2,34,6,2494,1,13,3,1
2014460243222,1,9,0,5,0,4,0,0,0,0,2,1,6,3,-1,-1,1997,2,11,-1,-1
2014460243222,2,9,0,5,0,4,0,0,0,0,2,1,6,1,47,8,998,1,1,5,2
2014460243224,1,2,0,17,0,0,1,0,0,0,4,1,6,1,29,6,125,1,-1,4,2
2014460243226,1,1,0,16,0,0,0,0,0,0,1,1,6,1,35,6,-1,-1,-1,4,1
2014460243226,2,9,0,17,0,0,0,0,0,0,4,1,6,2,52,8,1686,2,4,5,3
2014460243231,1,4,0,18,0,0,0,0,0,0,3,1,6,1,23,5,124,1,-1,9,1
2014460243231,2,21,0,18,0,0,0,0,0,0,3,1,1,1,56,9,12740,2,1,4,1
2014460243231,3,4,0,18,0,0,0,0,0,0,1,1,6,1,29,6,124,1,-1,6,1
2014460243242,1,8,0,2,0,0,0,0,0,0,3,1,6,1,65,9,1497,8,8,7,1
2014460243242,2,1,0,18,0,0,0,0,0,0,1,1,6,1,22,5,-1,-1,-1,4,1
2014460243243,1,9,0,1,0,8,0,0,8,1,3,1,6,1,85,11,1560,2,-1,5,1
2014460243248,1,9,0,16,0,0,0,0,7,4,1,1,6,2,18,4,1240,1,7,-1,-1
2014460243255,1,9,0,18,0,0,0,0,0,0,4,1,6,2,-1,-1,1399,2,3,8,1
2014460243257,1,9,0,5,8,0,0,0,0,0,3,1,2,2,22,5,1390,1,12,4,3
2014460243257,2,9,0,18,0,0,0,0,0,0,4,1,6,2,23,5,1242,1,9,9,1
2014460243262,1,1,0,17,0,0,0,0,0,0,1,1,2,1,48,8,-1,-1,-1,-1,-1
2014460243262,2,9,0,16,0,0,0,0,1,0,1,1,6,2,19,4,973,1,13,5,3
2014460243263,1,9,0,18,0,0,0,0,0,0,1,1,6,2,50,8,999,1,-1,7,3
2014460243263,2,1,0,18,0,0,0,0,0,0,1,1,6,2,62,9,-1,-1,-1,9,1
2014460243263,3,1,0,18,0,0,0,0,0,0,2,1,6,2,57,9,-1,-1,-1,10,1
2014460243265,1,9,0,5,0,1,0,0,0,0,1,1,6,1,63,9,-1,-1,-1,5,1
2014460243265,2,9,0,18,0,1,0,0,0,0,4,1,6,1,27,6,1968,2,3,-1,-1
2014460243272,1,3,0,18,0,1,0,0,0,0,1,1,6,1,37,7,125,1,4,8,1
2014460243272,2,9,0,9,0,1,0,0,0,0,3,1,3,2,44,7,2987,2,7,8,2
2014460243273,1,9,0,8,0,1,0,0,0,0,1,1,6,2,45,7,1995,2,9,9,1
2014460243273,2,9,0,9,0,1,0,0,0,0,1,1,6,2,45,7,3947,1,17,3,1
2014460243277,1,9,0,18,0,0,0,0,0,0,3,1,6,3,-1,-1,1596,1,15,-1,-1
2014460243281,1,3,0,10,0,5,1,0,0,0,2,1,1,1,73,10,249,1,17,-1,-1
2014460243281,2,9,0,4,0,1,0,0,0,0,0,1,6,1,28,6,1796,1,9,-1,1
2014460243283,1,9,0,18,0,0,0,0,0,0,1,1,6,2,20,4,1348,1,13,-1,-1
2014460243283,2,9,0,4,0,0,0,0,0,0,2,1,6,1,72,10,2993,2,4,8,2
2014460243284,1,9,0,18,0,0,0,0,0,0,4,1,6,3,-1,-1,2521,1,7,-1,-1
2014460243285,1,9,0,18,0,0,0,0,0,0,1,1,6,1,33,6,1229,1,2,3,1
2014460243285,2,9,0,2,0,0,0,0,0,0,2,1,6,3,-1,-1,1598,2,-1,-1,-1
2014460243285,3,9,0,2,0,0,0,0,0,0,2,1,6,2,55,8,1242,1,15,7,1
2014460243288,1,9,0,18,0,8,0,0,0,0,3,1,6,2,59,9,1968,2,6,5,1
2014460243288,2,9,0,18,0,8,0,0,0,0,3,1,6,1,80,11,1598,1,12,7,1
2014460243289,1,9,0,18,0,8,0,0,1,2,1,1,6,1,80,11,1398,1,2,10,1
2014460243291,1,9,0,18,0,0,0,0,1,4,4,1,6,2,33,6,1598,1,2,2,1
2014460243292,1,9,0,18,0,0,1,0,0,0,1,1,1,1,33,6,-1,-1,-1,2,1
2014460243292,2,9,0,3,0,0,0,0,1,0,2,1,2,1,57,9,1997,2,12,10,2
2014460243292,3,9,0,5,0,0,0,0,0,0,2,1,2,1,40,7,2993,2,1,-1,-1
2014460243296,1,21,1,12,0,0,0,0,0,0,3,1,1,1,59,9,-1,-1,-1,-1,-1
2014460243296,2,9,0,18,0,0,0,0,0,0,4,1,6,2,62,9,1796,1,9,-1,-1
2014460243298,1,9,0,4,0,1,0,4,0,0,1,1,6,1,51,8,1388,1,15,5,1
2014460243298,2,9,0,3,0,1,0,0,0,0,2,1,2,2,25,5,998,1,5,6,3
2014460243299,1,9,0,18,0,0,0,0,0,0,4,1,1,1,52,8,-1,-1,-1,6,1
2014460243303,1,9,0,18,0,0,0,0,0,0,1,1,1,2,51,8,1229,1,1,3,1
2014460243305,1,9,0,18,0,6,0,0,0,0,3,1,6,1,40,7,-1,-1,-1,-1,1
2014460243305,2,5,0,18,0,8,0,0,0,0,1,1,6,1,46,8,1237,1,4,9,1
2014460243306,1,21,1,12,0,0,0,0,0,0,1,1,1,1,47,8,-1,-1,-1,-1,-1
2014460243306,2,9,0,17,0,0,0,0,0,0,4,1,6,2,59,9,1397,1,10,9,3
2014460243309,1,1,0,9,0,6,0,0,0,0,3,1,1,2,22,5,-1,-1,-1,-1,-1
2014460243309,2,9,0,18,0,8,0,0,0,0,4,1,6,1,50,8,1386,1,8,4,2
2014460243310,1,9,0,4,0,1,0,0,0,0,1,1,2,1,31,6,-1,-1,-1,8,1
2014460243310,2,9,0,4,0,4,0,0,0,0,2,1,6,1,50,8,999,1,8,8,1
2014460243311,1,9,0,16,0,0,0,0,7,1,1,1,2,1,19,4,1198,1,12,10,1
2014460243313,1,9,0,16,0,0,0,4,0,0,1,1,6,2,45,7,1598,1,12,8,1
2014460243313,2,9,0,2,0,0,0,0,0,0,1,1,6,1,48,8,2495,2,12,4,1
2014460243318,1,9,0,18,0,8,0,0,0,0,1,1,6,3,-1,-1,1956,2,3,-1,-1
2014460243318,2,9,0,18,0,8,0,0,0,0,2,1,6,2,34,6,1242,1,12,7,3
2014460243319,1,9,0,8,0,1,0,0,0,0,1,1,6,2,26,6,1388,1,5,5,1
2014460243319,2,9,0,8,0,1,0,0,0,0,2,1,6,2,29,6,973,1,11,6,1
2014460243322,1,9,0,4,0,8,0,0,0,0,0,1,6,3,-1,-1,-1,-1,-1,-1,-1
2014460243322,2,9,0,4,0,8,0,0,0,0,3,1,6,1,35,6,1999,1,12,4,1
2014460243322,3,9,0,4,0,8,0,0,0,0,0,1,6,1,38,7,1598,1,13,10,1
2014460243322,4,5,0,18,0,8,0,0,0,0,4,1,6,1,54,8,1099,1,5,9,1
2014460243324,1,20,0,18,0,1,0,0,0,0,1,1,1,1,30,6,-1,-1,-1,5,1
2014460243324,2,9,0,18,0,1,0,0,0,0,2,1,6,1,48,8,-1,-1,-1,4,1
2014460243326,1,9,0,17,0,0,0,0,0,0,3,1,6,1,52,8,1598,2,1,9,3
2014460243326,2,9,0,16,0,0,0,0,0,0,3,1,6,2,43,7,2488,7,11,10,2
2014460243328,1,9,0,5,0,2,0,0,0,0,1,1,6,1,20,4,-1,-1,-1,2,1
2014460243328,2,9,0,18,0,1,0,0,0,0,1,1,3,2,31,6,-1,-1,-1,4,1
2014460243329,1,11,0,18,0,1,0,0,0,0,3,1,1,1,39,7,-1,-1,-1,-1,-1
2014460243329,2,9,0,18,0,1,0,0,0,0,4,1,1,2,26,6,1598,1,8,3,1
2014460243333,1,9,0,9,0,8,0,0,0,0,1,1,6,2,21,5,1598,1,14,1,1
2014460243333,2,9,0,18,0,1,1,0,1,0,1,1,6,1,39,7,1686,2,4,6,1
2014460243336,1,9,0,18,0,4,0,0,0,0,1,1,6,1,61,9,2204,2,5,7,2
2014460243336,2,9,0,3,0,1,0,0,0,0,2,1,6,1,59,9,1998,1,8,9,3
2014460243337,1,9,0,16,0,8,1,0,0,0,1,1,2,2,25,5,1240,1,4,10,1
2014460243342,1,9,0,10,0,6,0,0,0,0,1,1,6,1,44,7,1560,2,6,-1,-1
2014460243342,2,5,0,18,0,8,0,0,0,0,4,1,6,1,21,5,649,1,1,5,1
2014460243343,1,8,0,5,0,0,0,0,0,0,0,1,1,1,57,9,1560,2,2,6,1
2014460243346,1,9,0,9,0,8,0,0,0,0,3,1,6,1,40,7,1968,2,1,10,1
2014460243346,2,1,0,18,0,1,0,0,0,0,1,1,6,1,41,7,-1,-1,-1,6,1
2014460243348,1,9,0,7,0,6,0,0,0,0,2,1,6,1,-1,-1,2171,1,11,3,1
2014460243348,2,11,0,18,0,8,0,0,0,0,1,1,1,1,27,6,4580,2,5,-1,1
2014460243349,1,21,1,11,0,0,0,0,0,0,4,1,1,1,38,7,10518,2,2,4,1
2014460243349,2,9,0,18,0,0,1,0,2,6,3,1,6,1,58,9,1998,2,8,6,1
2014460243350,1,9,0,4,0,1,0,0,0,0,1,1,2,1,35,6,1995,2,1,8,1
2014460243350,2,9,0,4,0,6,0,0,0,0,2,1,6,1,43,7,1997,2,4,10,1
2014460243350,3,9,0,7,0,1,0,0,0,0,0,1,1,1,53,8,1968,2,4,-1,-1
2014460243354,1,19,0,18,0,0,0,0,0,0,1,1,2,1,36,7,2402,2,9,3,1
2014460243354,2,9,0,18,0,0,0,0,0,0,1,1,1,1,34,6,1997,2,7,8,1
2014460243355,1,21,1,18,0,8,0,0,0,0,3,1,1,1,44,7,-1,-1,-1,-1,-1
2014460243355,2,9,0,7,0,8,0,0,1,7,4,1,1,2,40,7,1560,2,2,-1,3
2014460243357,1,19,0,13,0,0,0,0,0,0,4,1,6,3,-1,-1,2198,2,2,-1,-1
2014460243357,2,1,0,18,0,0,0,0,0,0,3,1,6,1,15,3,-1,-1,-1,7,1
2014460243357,3,9,0,18,0,0,0,0,0,0,0,1,6,3,-1,-1,-1,-1,-1,-1,-1
2014460243359,1,9,0,2,0,0,0,0,0,0,3,1,6,1,22,5,1360,1,11,5,1
2014460243359,2,1,0,18,9,0,0,0,0,0,1,1,6,1,10,2,-1,-1,-1,1,1
2014460243360,1,9,0,4,0,4,0,10,7,0,1,1,6,2,81,11,989,1,5,8,1
2014460243360,2,19,0,18,0,3,0,0,0,0,1,1,1,1,19,4,2463,2,8,6,3
2014460243364,1,19,0,18,0,0,0,5,1,10,1,1,1,1,50,8,2496,2,11,7,1
2014460243365,1,9,0,18,0,1,0,0,0,0,1,1,6,3,-1,-1,1999,1,12,-1,-1
2014460243365,2,9,0,10,0,1,0,0,0,0,4,1,6,1,27,6,1398,1,1,2,2
2014460243368,1,21,0,5,0,3,0,0,0,0,1,1,2,3,-1,-1,12900,2,3,-1,-1
2014460243368,2,9,0,5,0,3,0,0,0,0,2,1,6,1,35,6,1781,1,10,9,1
2014460243370,1,9,0,18,0,0,0,0,0,0,1,1,6,1,25,5,1242,1,2,8,1
2014460243370,2,9,0,4,0,0,0,0,0,0,2,1,6,1,41,7,1598,1,14,6,3
2014460243370,3,9,0,4,0,0,0,0,0,0,2,1,6,3,-1,-1,-1,-1,-1,-1,-1
2014460243374,1,9,0,13,0,0,0,0,0,0,4,1,1,1,24,5,-1,-1,-1,1,1
2014460243374,2,1,0,18,0,0,1,0,0,0,3,1,1,1,15,3,-1,-1,-1,1,1
2014460243379,1,9,0,18,0,0,0,0,0,0,1,1,6,1,37,7,1685,2,1,2,1
2014460243379,2,9,0,2,0,0,0,0,0,0,2,1,6,2,62,9,1587,1,10,2,1
2014460243384,1,20,0,4,0,1,0,0,0,0,1,1,1,1,38,7,6692,2,6,4,1
2014460243384,2,19,0,3,0,1,0,0,0,0,2,1,1,1,62,9,2402,2,2,8,1
2014460243384,3,9,0,5,0,4,0,0,0,0,2,1,6,1,67,10,1390,1,2,3,1
2014460243387,1,9,0,18,0,8,0,0,0,0,1,1,1,1,42,7,1896,2,8,10,1
2014460243387,2,9,0,18,0,8,0,0,0,0,2,1,6,2,24,5,2143,2,4,-1,-1
2014460243388,1,9,0,18,0,0,0,0,0,0,1,1,6,1,-1,-1,-1,-1,-1,-1,-1
2014460243388,2,9,0,18,0,0,0,0,0,0,1,1,6,1,51,8,1762,1,16,1,1
2014460243389,1,21,0,18,0,0,0,0,0,0,3,1,1,1,32,6,7146,2,7,-1,1
2014460243389,2,9,0,18,0,0,0,0,0,0,3,1,2,1,51,8,1995,2,5,-1,-1
2014460243391,1,1,0,18,0,0,1,0,0,0,1,1,6,1,50,8,-1,-1,-1,6,3
2014460243391,2,5,0,18,0,0,0,0,0,0,2,1,6,1,30,6,-1,-1,-1,5,2
2014460243392,1,9,0,18,0,0,0,0,0,0,1,1,6,1,79,11,796,1,13,8,1
2014460243392,2,9,0,4,0,0,0,0,0,0,2,1,6,1,37,7,1560,2,2,5,1
2014460243394,1,9,0,18,0,0,0,4,0,0,1,1,6,2,46,8,1796,1,10,2,1
2014460243394,2,9,0,2,0,0,0,4,0,0,2,1,6,1,55,8,2495,2,12,2,1
2014460243394,3,9,0,2,0,0,0,0,0,0,2,1,6,2,32,6,1390,1,14,2,1
2014460243396,1,9,0,18,0,3,0,0,0,0,1,1,6,2,50,8,1997,2,6,4,1
2014460243396,2,9,0,18,0,3,0,0,7,0,4,1,1,1,59,9,-1,-1,-1,4,1
2014460243399,1,9,0,9,0,5,0,0,0,0,4,1,2,2,46,8,998,1,13,4,2
2014460243399,2,5,0,18,0,1,0,0,0,0,1,1,6,1,37,7,500,1,28,2,1
2014460243402,1,9,0,7,0,1,0,0,0,0,1,1,6,1,19,4,1149,1,11,5,1
2014460243402,2,1,0,18,0,8,0,0,0,0,2,1,6,1,29,6,-1,-1,-1,3,1
2014460243403,1,9,0,14,0,0,0,0,0,0,4,1,6,3,-1,-1,1596,1,11,-1,-1
2014460243404,1,9,0,17,0,0,0,0,0,0,1,1,6,1,43,7,-1,-1,-1,4,1
2014460243404,2,9,0,16,0,0,0,0,1,0,1,1,6,2,41,7,1598,1,2,7,2
2014460243408,1,9,0,9,0,6,0,0,0,0,3,1,6,2,38,7,-1,-1,-1,5,2
2014460243408,2,1,0,18,0,1,0,0,0,0,1,1,6,1,45,7,-1,-1,-1,10,1
2014460243412,1,9,0,18,0,0,0,0,0,0,1,1,6,1,-1,-1,1596,1,9,3,2
2014460243412,2,9,0,18,0,0,0,0,0,0,2,1,3,2,43,7,1769,1,9,4,1
2014460243413,1,1,0,18,0,1,0,0,0,0,1,1,6,1,35,6,-1,-1,-1,8,1
2014460243413,2,9,0,18,0,1,0,0,0,0,1,1,6,2,50,8,1560,2,-1,8,1
2014460243415,1,9,0,13,0,0,0,0,1,4,4,1,6,1,60,9,1596,1,1,3,1
2014460243415,2,8,0,16,0,0,0,0,0,0,1,1,1,1,49,8,-1,-1,-1,3,1
2014460243421,1,9,0,18,0,0,1,10,0,0,1,1,6,1,30,6,1598,1,13,1,1
2014460243421,2,9,0,18,0,0,1,0,0,0,2,1,6,1,42,7,-1,-1,-1,6,1
2014460243421,3,9,0,3,0,0,0,0,0,0,2,1,6,1,53,8,1598,2,1,6,1
2014460243426,1,9,0,18,0,0,0,0,0,0,1,1,6,2,60,9,1390,1,10,5,2
2014460243426,2,9,0,18,0,0,0,0,0,0,2,1,6,2,20,4,998,1,7,5,1
2014460243426,3,9,0,18,0,0,0,0,0,0,2,1,6,1,34,6,1149,1,9,7,1
2014460243428,1,9,0,9,0,8,0,0,7,0,3,1,1,2,41,7,1560,2,4,10,1
2014460243428,2,9,0,18,0,8,0,0,1,0,3,1,1,2,20,4,1198,1,1,6,1
2014460243432,1,19,0,16,6,8,1,0,0,0,1,1,6,3,-1,-1,1248,2,6,-1,-1
2014460243435,1,9,0,18,0,1,0,0,0,0,4,1,6,1,25,5,1388,1,11,2,1
2014460243436,1,9,0,18,0,1,0,0,0,0,1,1,6,2,20,4,1242,1,16,7,1
2014460243436,2,9,0,4,0,1,0,0,0,0,2,1,6,2,76,11,1497,8,2,9,1
2014460243438,1,9,0,18,0,8,0,0,0,0,1,1,2,2,38,7,2720,2,9,9,1
2014460243438,2,9,0,10,0,1,0,0,0,0,2,1,3,2,36,7,998,1,1,10,2
2014460243439,1,9,0,7,6,6,0,0,0,0,1,1,6,2,44,7,1560,2,1,-1,3
2014460243439,2,9,0,18,0,1,0,0,0,0,4,1,6,2,36,7,-1,-1,-1,3,2
2014460243440,1,5,0,18,0,1,0,0,0,0,1,1,6,1,32,6,1157,1,16,10,1
2014460243440,2,9,0,9,0,1,0,0,0,0,3,1,6,2,50,8,2987,2,-1,-1,-1
2014460243441,1,9,0,18,0,1,0,0,0,0,1,1,1,2,25,5,2179,2,5,5,1
2014460243441,2,9,0,9,0,2,0,0,0,0,2,1,1,2,34,6,1796,1,11,6,1
2014460243446,1,9,0,18,9,3,0,0,1,1,1,1,2,2,57,9,1560,2,9,9,1
2014460243447,1,9,0,18,0,1,0,0,0,0,4,1,6,1,48,8,1248,1,4,1,1