Accident_Index,Vehicle_Reference,Vehicle_Type,Towing_and_Articulation,Vehicle_Manoeuvre,Vehicle_Location-Restricted_Lane,Junction_Location,Skidding_and_Overturning,Hit_Object_in_Carriageway,Vehicle_Leaving_Carriageway,Hit_Object_off_Carriageway,1st_Point_of_Impact,Was_Vehicle_Left_Hand_Drive?,Journey_Purpose_of_Driver,Sex_of_Driver,Age_of_Driver,Age_Band_of_Driver,Engine_Capacity_(CC),Propulsion_Code,Age_of_Vehicle,Driver_IMD_Decile,Driver_Home_Area_Type
2014460244260,1,1,0,17,0,0,0,0,1,0,1,1,6,2,50,8,-1,-1,-1,-1,1
2014460244265,1,5,0,13,0,8,1,0,0,0,4,1,6,1,30,6,649,1,-1,5,1
2014460244270,1,21,1,12,0,0,0,0,0,0,3,2,1,1,28,6,-1,-1,-1,-1,-1
2014460244270,2,9,0,18,0,0,0,0,0,0,4,1,6,1,22,5,1242,1,12,4,1
2014460244274,1,9,0,4,0,1,0,0,0,0,1,1,6,1,42,7,1587,1,9,1,1
2014460244278,1,9,0,4,0,8,2,0,0,0,3,1,2,1,24,5,-1,-1,-1,8,3
2014460244278,2,9,0,18,0,1,0,0,0,0,1,1,2,2,29,6,1599,1,9,5,1
2014460244281,1,21,1,18,0,0,1,0,0,0,1,1,1,1,46,8,12777,2,3,-1,-1
2014460244281,2,21,1,4,0,0,0,0,0,0,2,1,1,1,45,7,-1,-1,-1,-1,-1
2014460244282,1,21,0,5,0,0,0,0,0,0,1,1,1,3,-1,-1,-1,-1,-1,-1,-1
2014460244285,1,9,0,17,0,0,1,0,1,1,4,1,1,1,33,6,-1,-1,-1,8,1
2014460244286,1,9,0,9,0,1,0,0,0,0,1,1,6,1,25,5,999,1,2,4,2
2014460244286,2,9,0,18,0,1,0,0,0,0,2,1,6,1,65,9,1998,2,10,9,1
2014460244289,1,9,0,5,0,4,0,0,0,0,1,1,6,2,44,7,1796,1,6,3,1
2014460244289,2,1,0,5,0,4,0,0,0,0,4,1,6,2,63,9,-1,-1,-1,2,1
2014460244292,1,3,0,18,0,0,1,0,0,0,0,1,6,1,22,5,124,1,1,1,1
2014460244293,1,9,0,16,0,0,0,0,0,0,1,1,6,2,56,9,1248,1,1,-1,1
2014460244293,2,9,0,17,0,0,0,0,0,0,3,1,6,2,32,6,2393,1,9,5,1
2014460244294,1,9,0,6,0,8,0,0,0,0,3,1,6,2,37,7,1124,1,10,3,1
2014460244294,2,9,0,18,0,8,0,0,0,0,1,1,2,1,39,7,1999,1,2,6,3
2014460244296,1,9,0,7,0,5,0,0,0,0,1,1,3,2,41,7,1796,1,14,3,1
2014460244297,1,9,0,18,0,0,0,0,0,0,3,1,6,2,24,5,1248,1,3,-1,-1
2014460244300,1,9,0,4,0,1,0,0,0,0,1,1,6,2,48,8,-1,-1,-1,10,2
2014460244300,2,9,0,8,0,1,0,0,0,0,2,1,1,1,29,6,1598,2,4,2,1
2014460244302,1,9,0,15,0,1,0,0,0,0,1,1,1,1,36,7,1390,1,6,4,1
2014460244305,1,9,0,3,0,0,0,0,0,0,1,1,6,1,40,7,1798,1,4,8,1
2014460244305,2,9,0,3,0,0,0,0,0,0,2,1,1,1,33,6,4172,1,10,8,1
2014460244311,1,9,0,18,0,0,1,0,0,0,1,1,1,2,22,5,1360,1,13,1,1
2014460244311,2,9,0,4,0,0,0,0,0,0,1,1,1,1,41,7,-1,-1,-1,4,3
2014460244317,1,9,0,1,0,1,0,0,0,0,2,1,2,1,45,7,-1,-1,-1,4,1
2014460244322,1,9,0,18,0,5,0,0,0,0,1,1,2,1,42,7,1731,1,17,3,1
2014460244322,2,9,0,18,0,4,0,0,0,0,2,1,2,1,27,6,1600,1,15,6,1
2014460244322,3,9,0,17,0,4,0,0,0,0,2,1,2,1,36,7,2979,1,11,4,3
2014460244325,1,9,0,7,0,6,1,0,0,0,1,1,6,3,-1,-1,2685,2,12,-1,-1
2014460244325,2,9,0,5,0,1,0,0,0,0,1,1,6,1,53,8,-1,-1,-1,2,1
2014460244332,1,1,0,18,0,2,0,0,0,0,1,1,6,1,36,7,-1,-1,-1,-1,-1
2014460244332,2,9,0,18,0,2,0,0,0,0,3,1,6,1,49,8,-1,-1,-1,-1,1
2014460244343,1,9,0,18,0,8,0,0,0,0,1,1,6,1,-1,-1,-1,-1,-1,1,1
2014460244344,1,9,0,7,0,1,0,0,0,0,3,1,6,1,23,5,2497,2,17,7,3
2014460244344,2,9,0,18,0,1,0,0,0,0,4,1,6,1,66,10,1753,2,11,9,2
2014460244345,1,9,0,9,0,8,0,0,0,0,1,1,6,2,45,7,2401,2,9,10,1
2014460244345,2,9,0,18,0,1,0,0,0,0,3,1,6,2,43,7,2204,2,8,9,1
2014460244347,1,9,0,18,0,0,0,0,0,0,0,1,6,3,-1,-1,-1,-1,-1,-1,-1
2014460244347,2,1,0,18,0,0,0,0,0,0,4,1,6,2,20,4,-1,-1,-1,-1,2
2014460244355,1,4,0,18,0,0,1,0,0,0,1,1,6,1,30,6,398,1,23,2,1
2014460244357,1,9,0,9,0,6,0,0,0,0,1,1,6,2,56,9,1299,1,12,5,1
2014460244357,2,9,0,18,0,1,0,0,0,0,4,1,6,2,50,8,1560,2,4,5,1
2014460244358,1,9,0,18,0,1,0,0,0,0,1,1,6,3,-1,-1,-1,-1,-1,-1,-1
2014460244358,2,9,0,10,0,1,0,0,0,0,2,1,1,1,21,5,1596,1,3,-1,-1
2014460244360,1,9,0,4,0,1,0,0,0,0,1,1,1,2,33,6,1560,2,5,9,1
2014460244360,2,5,0,3,0,1,0,0,0,0,2,1,2,1,32,6,645,1,6,6,1
2014460244362,1,11,0,18,2,7,0,0,0,0,4,1,1,1,55,8,9000,2,5,1,1
2014460244366,1,20,0,18,0,0,1,10,2,7,2,1,1,1,23,5,-1,-1,-1,3,1
2014460244371,1,21,0,12,0,0,0,0,0,0,3,1,1,1,47,8,-1,-1,-1,-1,-1
2014460244371,2,9,0,18,0,0,1,0,7,0,4,1,6,2,44,7,998,1,11,-1,-1
2014460244373,1,9,0,18,0,0,0,0,0,0,1,1,6,1,21,5,1896,2,13,7,2
2014460244375,1,9,0,9,0,8,0,0,0,0,0,1,6,1,68,10,-1,-1,-1,3,2
2014460244375,2,1,0,18,0,8,0,10,1,0,4,1,6,1,36,7,-1,-1,-1,4,1
2014460244375,3,1,0,18,0,8,0,10,1,0,4,1,6,1,33,6,-1,-1,-1,4,1
2014460244376,1,9,0,18,0,0,0,0,0,0,1,1,6,1,21,5,1149,1,9,5,3
2014460244376,2,9,0,3,0,0,0,0,0,0,2,1,6,1,47,8,1598,1,11,5,1
2014460244379,1,9,0,9,0,0,0,0,0,0,1,1,2,2,34,6,1679,1,15,2,1
2014460244379,2,9,0,18,0,0,1,4,0,0,1,1,1,1,34,6,2148,2,6,6,3
2014460244379,3,9,0,2,0,0,0,0,0,0,1,1,6,1,-1,-1,1390,1,5,2,1
2014460244381,1,9,0,16,0,0,0,0,0,0,3,1,6,3,-1,-1,-1,-1,-1,-1,-1
2014460244381,2,2,0,17,0,0,0,0,0,0,3,1,6,1,20,4,49,1,30,5,1
2014460244385,1,9,0,11,0,0,0,0,7,0,4,1,6,2,47,8,1339,1,9,8,1
2014460244385,2,9,0,18,0,0,0,0,0,0,3,1,6,1,35,6,1975,1,13,4,1
2014460244387,1,9,0,18,0,1,0,0,0,0,3,1,1,1,56,9,1797,8,3,10,1
2014460244390,1,9,0,18,0,0,0,0,0,0,0,1,6,1,45,7,-1,-1,-1,-1,-1
2014460244391,1,17,0,9,0,6,0,0,0,0,4,1,6,3,-1,-1,3990,2,12,-1,-1
2014460244391,2,9,0,18,0,8,0,0,0,0,3,1,1,2,40,7,1242,1,11,7,3
2014460244393,1,21,0,12,0,0,0,0,0,0,3,2,1,1,42,7,-1,-1,-1,-1,-1
2014460244393,2,9,0,18,0,0,1,0,1,7,4,1,6,1,49,8,1798,1,12,6,3
2014460244397,1,9,0,17,0,0,0,0,1,10,1,1,6,1,21,5,1360,1,15,1,1
2014460244399,1,9,0,3,0,0,0,0,0,0,1,1,6,1,22,5,1360,1,17,2,1
2014460244399,2,9,0,3,0,0,0,0,0,0,2,1,2,1,25,5,-1,-1,-1,5,2
2014460244402,1,9,0,11,0,8,0,0,0,0,1,1,6,1,77,11,1588,1,9,6,1
2014460244402,2,9,0,18,0,8,0,0,0,0,2,1,1,1,28,6,-1,-1,-1,4,1
2014460244412,1,9,0,18,0,0,0,0,0,0,3,1,6,3,-1,-1,-1,-1,-1,-1,-1
2014460244412,2,9,0,18,0,0,0,0,0,0,3,1,6,2,40,7,-1,-1,-1,9,3
2014460244415,1,9,0,5,0,1,0,0,0,0,1,1,6,1,38,7,1299,1,10,9,1
2014460244415,2,9,0,18,0,1,5,0,0,0,4,1,6,2,33,6,1461,2,1,7,3
2014460244419,1,9,0,9,0,4,0,0,0,0,4,1,6,1,47,8,1896,2,16,-1,-1
2014460244419,2,9,0,3,0,1,0,0,0,0,2,1,6,2,34,6,1968,2,7,5,1
2014460244421,1,9,0,5,0,2,0,0,0,0,4,1,6,1,70,10,2179,2,3,9,1
2014460244423,1,9,0,5,0,0,0,0,0,0,3,1,6,3,-1,-1,-1,-1,-1,-1,-1
2014460244423,2,9,0,5,0,0,0,0,0,0,3,1,6,2,46,8,1124,1,13,5,1
2014460244431,1,1,0,18,0,0,0,0,0,0,0,1,1,2,22,5,-1,-1,-1,-1,-1
2014460244434,1,9,0,18,0,1,0,0,0,0,1,1,6,1,55,8,1998,1,16,9,1
2014460244434,2,3,0,3,0,1,0,0,0,0,2,1,6,1,20,4,675,1,-1,2,1
2014460244435,1,9,0,13,0,1,0,0,0,0,2,1,6,1,25,5,2198,2,9,-1,-1
2014460244435,2,9,0,4,0,1,0,0,1,0,2,1,1,2,49,8,1299,1,12,-1,-1
2014460244435,3,9,0,1,0,5,0,0,0,0,3,1,6,1,57,9,2597,1,11,10,1
2014460244437,1,9,0,18,0,0,0,0,0,0,1,1,6,1,18,4,2000,2,3,6,2
2014460244437,2,9,0,9,0,0,0,0,0,0,2,1,6,1,37,7,1598,1,9,6,2
2014460244438,1,3,0,17,0,1,1,0,0,0,3,1,2,1,21,5,124,1,17,7,3
2014460244441,1,9,0,18,0,0,0,0,0,0,4,1,6,2,66,10,1388,1,4,10,1
2014460244441,2,19,0,2,9,0,0,0,0,0,3,1,1,1,-1,-1,1115,2,6,5,1
2014460244443,1,9,0,18,0,1,0,0,0,0,1,1,6,2,29,6,1360,1,10,5,1
2014460244443,2,2,0,9,0,8,0,0,0,0,4,1,6,1,16,4,-1,-1,-1,-1,-1
2014460244445,1,9,0,9,0,1,0,0,0,0,1,1,6,1,61,9,1796,1,3,3,1
2014460244447,1,9,0,15,0,1,0,0,0,0,2,1,6,3,-1,-1,-1,-1,-1,-1,-1
2014460244447,2,1,0,18,0,1,0,0,0,0,1,1,6,1,73,10,-1,-1,-1,-1,-1
2014460244450,1,5,0,7,0,8,0,0,0,0,3,1,6,1,32,6,805,1,8,3,1
2014460244450,2,9,0,9,0,8,0,0,0,0,4,1,2,1,58,9,-1,-1,-1,6,1
2014460244452,1,9,0,18,0,0,0,0,0,0,1,1,6,2,58,9,1329,1,2,10,1
2014460244452,2,9,0,4,0,0,0,0,0,0,2,1,6,1,45,7,1560,2,3,8,1
2014460244453,1,9,0,4,0,0,0,0,0,0,1,1,6,1,30,6,2198,2,2,6,1
2014460244453,2,9,0,4,0,0,0,0,0,0,2,1,6,1,42,7,998,1,1,-1,-1
2014460244453,3,9,0,4,0,0,0,0,0,0,2,1,6,2,22,5,1299,1,6,8,1
2014460244462,1,21,0,1,6,0,0,0,0,0,2,1,1,1,53,8,-1,-1,-1,-1,-1
2014460244462,2,19,0,18,0,0,0,0,0,0,1,1,6,1,33,6,1248,2,-1,3,1
2014460244466,1,9,0,18,0,1,0,0,0,0,0,1,6,3,-1,-1,-1,-1,-1,-1,-1
2014460244466,2,1,0,18,0,1,0,0,0,0,0,1,6,1,62,9,-1,-1,-1,2,1
2014460244478,1,9,0,18,0,0,2,0,1,3,4,1,1,1,50,8,3199,1,15,8,3
2014460244486,1,9,0,18,0,0,0,0,0,0,1,1,6,2,31,6,1796,1,14,8,1
2014460244486,2,9,0,3,0,0,0,0,0,0,2,1,1,1,33,6,-1,-1,-1,3,1
2014460244487,1,9,0,18,0,0,0,0,7,9,3,1,6,1,24,5,2172,2,11,2,1
2014460244487,2,9,0,18,0,0,0,0,0,0,4,1,6,1,65,9,1598,2,3,1,1
2014460244490,1,9,0,18,0,0,0,0,5,6,3,1,1,1,23,5,-1,-1,-1,2,1
2014460244490,2,9,0,18,0,0,0,0,0,0,3,1,6,2,38,7,1968,2,-1,9,1
2014460244493,1,9,0,17,0,0,0,0,2,4,1,1,6,1,49,8,1995,2,10,-1,-1
2014460244494,1,9,0,9,0,6,0,0,0,0,1,1,6,1,38,7,1149,1,-1,7,2
2014460244494,2,9,0,18,0,1,0,0,0,0,1,1,6,2,19,4,998,1,15,9,3
2014460244495,1,9,0,18,0,1,0,0,0,0,1,1,6,1,28,6,2324,1,13,10,1
2014460244495,2,9,0,3,0,1,0,0,0,0,2,1,6,1,33,6,1796,1,14,2,1
2014460244495,3,9,0,3,0,1,0,0,0,0,2,1,6,2,42,7,1360,1,15,6,2
2014460244496,1,9,0,18,0,0,0,0,0,0,1,1,6,3,-1,-1,-1,-1,-1,-1,-1
2014460244496,2,1,0,18,0,0,0,0,0,0,1,1,6,1,16,4,-1,-1,-1,2,1
2014460244503,1,9,0,18,0,0,0,0,0,0,2,1,6,1,48,8,1240,1,5,10,1
2014460244503,2,9,0,18,0,0,0,0,0,0,1,1,6,2,21,5,-1,-1,-1,2,1
2014460244504,1,9,0,9,0,5,0,0,0,0,1,1,6,1,46,8,1968,2,-1,4,2
2014460244504,2,1,0,18,0,1,0,0,0,0,1,1,6,1,52,8,-1,-1,-1,6,2
2014460244509,1,9,0,18,0,0,1,0,0,7,3,1,1,2,41,7,1896,2,10,1,1
2014460244513,1,9,0,18,0,8,0,0,0,0,3,1,6,1,27,6,-1,-1,-1,4,3
2014460244513,2,9,0,4,0,8,0,0,0,0,2,1,6,1,49,8,1560,2,4,8,3
2014460244513,3,9,0,4,0,8,0,0,1,2,2,1,6,1,49,8,1390,1,12,6,1
2014460244516,1,21,0,9,0,8,0,0,0,0,1,2,1,1,41,7,-1,-1,-1,-1,-1
2014460244516,2,9,0,18,0,1,1,0,0,0,1,1,6,1,31,6,2926,2,14,10,1
2014460244518,1,9,0,18,0,0,0,0,1,10,1,1,6,1,39,7,1796,1,10,9,1
2014460244519,1,19,0,4,0,0,0,0,0,0,1,1,2,1,37,7,2143,2,2,7,1
2014460244519,2,9,0,4,0,0,0,0,0,0,2,1,6,1,57,9,1229,1,-1,9,1
2014460244521,1,9,0,13,0,3,0,0,7,2,4,1,6,2,41,7,1388,1,7,8,1
2014460244521,2,9,0,12,0,3,0,0,0,0,3,1,6,1,26,6,1560,2,2,-1,1
2014460244524,1,19,0,4,0,1,0,0,0,0,1,1,1,1,44,7,2402,2,4,-1,-1
2014460244524,2,9,0,7,0,1,0,4,0,0,3,1,6,1,26,6,1242,1,8,7,2
2014460244524,3,9,0,2,9,1,0,0,0,0,2,1,6,1,22,5,1796,1,4,4,1
2014460244524,4,9,0,2,9,1,0,4,0,0,2,1,6,1,51,8,1991,2,10,5,1
2014460244524,5,9,0,2,9,1,0,0,0,0,2,1,6,1,34,6,1896,2,18,4,1
2014460244525,1,9,0,16,0,0,1,0,6,6,4,1,6,1,63,9,1796,1,14,7,3
2014460244525,2,9,0,18,0,0,0,0,0,0,3,1,1,1,25,5,-1,-1,-1,7,1
2014460244529,1,9,0,16,0,0,0,0,0,0,1,1,6,1,38,7,1390,1,12,2,1
2014460244529,2,9,0,17,0,0,0,0,0,0,1,1,6,1,28,6,1905,2,18,2,1
2014460244530,1,9,0,9,0,5,0,0,0,0,1,1,6,1,56,9,1390,1,1,5,2
2014460244530,2,9,0,18,0,8,1,0,0,0,1,1,6,2,38,7,1796,1,4,4,1
2014460244532,1,9,0,18,0,0,0,0,0,0,1,1,6,2,25,5,1596,1,14,1,1
2014460244532,2,9,0,4,0,0,0,0,0,0,2,1,6,1,70,10,1598,2,8,4,1
2014460244532,3,9,0,5,0,0,0,0,0,0,3,1,6,1,37,7,1991,2,9,2,1
2014460244539,1,9,0,18,0,0,0,0,1,9,1,1,6,1,47,8,4196,1,8,9,3
2014460244542,1,9,0,8,0,1,0,0,0,0,4,1,2,2,21,5,1388,1,12,8,1
2014460244542,2,1,0,18,9,8,1,0,0,0,1,1,4,1,27,6,-1,-1,-1,8,1
2014460244545,1,11,0,4,0,0,0,0,0,0,1,1,1,1,35,6,11000,2,8,7,1
2014460244545,2,9,0,4,0,0,0,0,0,0,2,1,6,2,25,5,3301,1,17,8,1
2014460244548,1,9,0,18,0,2,0,0,0,0,1,1,2,1,22,5,-1,-1,-1,6,3
2014460244548,2,9,0,7,0,5,0,0,0,0,2,1,2,1,48,8,1248,2,3,6,1
2014460244549,1,9,0,5,0,6,0,0,0,0,3,1,1,1,35,6,-1,-1,-1,7,1
2014460244549,2,9,0,18,0,1,0,0,0,0,4,1,2,2,20,4,1242,1,5,8,1
2014460244550,1,9,0,18,0,0,0,0,0,0,1,1,6,1,50,8,1995,2,5,10,1
2014460244550,2,9,0,18,0,0,0,0,0,0,2,1,6,2,20,4,1229,1,7,4,1
2014460244550,3,9,0,18,0,0,0,0,0,0,1,1,6,2,57,9,1248,1,1,4,1
2014460244550,4,9,0,18,0,0,0,0,0,0,1,1,6,1,60,9,1799,1,5,5,2
2014460244551,1,9,0,18,6,0,0,0,0,0,1,1,6,1,32,6,-1,-1,-1,-1,-1
2014460244551,2,9,0,2,6,0,0,0,1,0,2,1,1,1,44,7,-1,-1,-1,-1,-1
2014460244555,1,9,0,18,0,3,0,0,0,0,4,1,6,2,62,9,-1,-1,-1,-1,-1
2014460244555,2,9,0,18,0,3,0,0,0,0,3,1,6,2,26,6,1364,1,8,7,1
2014460244558,1,9,0,18,0,0,1,0,0,0,1,1,1,1,26,6,2987,2,5,7,2
2014460244558,2,11,0,18,0,0,0,0,0,0,3,1,1,1,39,7,-1,-1,-1,8,1
2014460244558,3,9,0,18,0,0,0,0,0,0,0,1,6,2,29,6,1390,1,6,7,3
2014460244560,1,9,0,18,0,8,0,0,0,0,1,1,6,2,57,9,2685,2,12,5,3
2014460244560,2,9,0,9,0,1,0,0,0,0,2,1,6,2,35,6,998,1,2,5,3
2014460244560,3,9,0,18,0,8,0,0,0,0,3,1,6,1,74,10,1984,1,11,6,1
2014460244563,1,9,0,6,0,0,0,0,0,0,1,1,1,1,24,5,1242,1,11,1,1
2014460244563,2,5,0,14,0,0,0,0,0,0,3,1,1,1,35,6,998,1,13,4,1
2014460244569,1,9,0,18,0,0,0,0,0,0,4,1,6,1,26,6,1984,1,13,4,1
2014460244573,1,9,0,17,0,0,2,0,0,0,0,1,1,1,23,5,-1,-1,-1,6,3
2014460244577,1,5,0,13,0,1,1,0,0,0,1,1,6,1,24,5,996,1,7,7,1
2014460244577,2,19,0,9,0,1,0,0,0,0,3,1,6,1,46,8,1686,2,12,6,1
2014460244577,3,9,0,3,0,1,0,0,0,0,0,1,6,2,33,6,1360,1,6,2,1
2014460244578,1,9,0,9,0,6,0,0,0,0,1,1,6,3,-1,-1,-1,-1,-1,-1,-1
2014460244578,2,9,0,18,0,8,1,0,1,1,1,1,6,2,32,6,1796,1,18,5,1
2014460244579,1,9,0,18,0,1,0,0,0,0,1,1,6,3,-1,-1,-1,-1,-1,-1,-1
2014460244579,2,1,0,18,0,8,0,0,0,0,3,1,6,1,8,2,-1,-1,-1,-1,1
2014460244581,1,21,0,5,0,1,0,0,0,0,1,1,1,3,-1,-1,-1,-1,-1,-1,-1
2014460244581,2,9,0,5,0,1,0,0,0,0,2,1,6,2,19,4,1242,1,10,8,1
2014460244582,1,9,0,18,0,0,0,0,0,0,1,1,6,2,32,6,1598,1,13,3,1
2014460244582,2,9,0,3,0,0,0,0,0,0,2,1,6,2,40,7,-1,-1,-1,5,1
2014460244584,1,19,0,4,0,8,1,0,1,0,1,1,1,1,31,6,2402,2,7,9,1
2014460244584,2,9,0,4,0,8,0,0,4,6,2,1,2,1,43,7,1595,1,12,4,1
2014460244584,3,9,0,4,0,8,0,0,0,0,2,1,6,2,34,6,1600,1,15,5,1
2014460244584,4,9,0,4,0,8,5,0,0,0,2,1,2,1,64,9,1896,2,6,9,2
2014460244584,5,9,0,4,0,8,0,0,0,0,2,1,6,1,54,8,1896,2,8,10,1
2014460244584,6,9,0,4,0,8,0,0,0,0,2,1,6,1,78,11,2199,2,3,9,3
2014460244584,7,9,0,4,0,8,0,0,0,0,1,1,6,2,26,6,998,1,12,3,1
2014460244588,1,9,0,5,0,6,0,7,0,0,4,1,6,2,74,10,1341,1,15,9,1
2014460244588,2,9,0,10,0,1,0,0,0,0,3,1,6,2,24,5,1397,1,12,6,2
2014460244588,3,9,0,10,0,1,0,0,0,0,3,1,6,1,44,7,1796,1,11,6,1
2014460244589,1,9,0,16,0,1,0,0,0,0,1,1,6,1,55,8,1988,2,9,7,3
2014460244590,1,9,0,18,0,0,1,0,1,7,1,1,6,1,48,8,2500,6,17,3,1
2014460244590,2,20,0,18,0,0,0,0,0,0,3,1,1,1,27,6,7146,2,6,9,3
2014460244592,1,9,0,18,0,0,0,0,0,0,1,1,6,1,24,5,1596,1,11,6,1
2014460244592,2,9,0,18,0,0,0,0,0,0,2,1,6,2,38,7,1596,1,12,2,1
2014460244595,1,9,0,14,0,0,0,0,0,0,4,1,6,2,37,7,2171,2,10,5,3
2014460244595,2,11,0,18,0,0,0,0,0,0,0,1,6,1,40,7,-1,-1,-1,-1,-1
2014460244596,1,9,0,18,0,0,0,0,0,0,1,1,6,3,-1,-1,3199,1,12,-1,-1
2014460244596,2,8,0,18,0,0,0,0,0,0,2,1,1,1,53,8,2499,2,2,7,1
2014460244597,1,19,0,16,0,0,0,0,0,0,1,1,6,1,46,8,2283,2,13,10,2
2014460244597,2,9,0,17,0,0,0,0,0,0,1,1,6,1,22,5,1242,1,8,7,3
2014460244597,3,9,0,2,0,0,0,0,0,0,3,1,6,1,67,10,1560,2,6,10,2
2014460244598,1,9,0,5,0,0,0,0,0,0,4,1,2,1,46,8,1390,1,5,1,1
2014460244598,2,4,0,18,0,0,0,0,0,0,1,1,6,1,17,4,124,1,-1,6,1
2014460244600,1,9,0,16,0,6,0,0,0,0,3,1,6,1,29,6,1560,2,1,1,1
2014460244602,1,9,0,7,0,6,0,0,0,0,3,1,6,1,75,10,1390,1,4,7,1
2014460244602,2,5,0,18,0,1,0,0,0,0,1,1,6,1,57,9,998,1,4,5,1
2014460244606,1,21,1,12,0,0,0,0,0,0,3,1,6,1,35,6,-1,-1,-1,-1,-1
2014460244606,2,9,0,18,0,0,0,0,1,0,4,1,6,1,33,6,998,1,2,9,1
2014460244607,1,9,0,18,0,1,0,0,0,0,0,1,6,1,38,7,-1,-1,-1,-1,-1
2014460244607,2,11,0,18,0,1,0,0,0,0,0,1,1,1,59,9,-1,2,16,9,2
2014460244608,1,9,0,4,0,4,0,0,0,0,2,1,6,1,54,8,1997,2,6,2,1
2014460244608,2,21,1,5,0,4,0,0,0,0,1,1,1,1,58,9,12740,2,1,8,3
2014460244610,1,9,0,17,0,0,0,0,0,0,1,1,2,1,21,5,-1,-1,-1,8,3
2014460244610,2,9,0,16,0,0,0,0,0,0,1,1,2,1,29,6,1781,1,13,4,1
2014460244611,1,9,0,17,0,8,2,0,2,7,0,1,6,1,39,7,-1,-1,-1,6,1
2014460244612,1,9,0,18,0,6,1,0,0,0,1,1,6,2,45,7,1999,1,7,4,1
2014460244612,2,9,0,18,0,1,0,0,0,0,1,1,6,2,67,10,1598,1,1,5,3
2014460244614,1,9,0,5,0,6,0,0,0,0,1,1,6,2,90,11,1400,1,8,8,1
2014460244614,2,11,0,18,0,8,0,0,0,0,4,1,1,1,33,6,9000,2,5,3,1
2014460244616,1,8,0,2,0,0,0,0,0,0,0,1,6,1,44,7,-1,-1,-1,4,1
2014460244619,1,9,0,18,0,4,5,9,0,0,1,1,6,1,79,11,1769,1,11,8,2
2014460244622,1,9,0,17,0,3,0,0,0,0,2,1,6,3,-1,-1,-1,-1,-1,-1,-1
2014460244622,2,1,0,17,0,3,1,0,0,0,1,1,6,1,35,6,-1,-1,-1,4,1
2014460244624,1,17,4,16,0,0,0,0,0,0,3,1,6,1,36,7,4000,2,6,6,3
2014460244624,2,9,0,3,0,0,0,0,0,0,3,1,1,1,58,9,1388,1,3,10,1
2014460244626,1,9,0,18,0,0,0,0,0,0,1,1,6,1,82,11,2967,1,15,7,3
2014460244626,2,9,0,18,0,0,0,0,0,0,1,1,1,1,73,10,-1,-1,-1,3,1
2014460244628,1,9,0,18,0,1,0,0,0,0,1,1,3,1,49,8,1796,1,13,6,1
2014460244628,2,1,0,9,0,8,0,0,0,0,4,1,2,2,52,8,-1,-1,-1,9,1
2014460244629,1,9,0,9,0,2,0,0,0,0,1,1,1,1,26,6,1242,1,11,9,3
2014460244629,2,3,0,18,0,1,0,0,0,0,1,1,6,1,19,4,125,1,1,8,2
2014460244630,1,9,0,18,0,0,0,0,0,0,1,1,6,1,28,6,1998,1,6,7,1
2014460244630,2,9,0,4,0,0,0,0,0,0,1,1,6,2,54,8,2496,1,12,4,1
2014460244630,3,9,0,2,0,0,0,0,0,0,1,1,6,1,53,8,-1,-1,-1,-1,-1
2014460244632,1,9,0,18,0,0,0,0,0,0,1,1,1,1,43,7,-1,-1,-1,6,1
2014460244632,2,9,0,18,0,0,0,0,0,0,1,1,1,1,46,8,-1,-1,-1,7,2
2014460244632,3,9,0,18,0,0,0,0,0,0,3,1,6,2,34,6,1299,1,15,9,1
2014460244637,1,9,0,18,0,1,0,0,0,0,1,1,6,3,-1,-1,-1,-1,-1,-1,-1
2014460244637,2,9,0,3,0,1,0,0,0,0,2,1,6,2,26,6,1998,2,8,-1,-1
2014460244640,1,1,0,18,0,2,0,0,0,0,0,1,6,1,48,8,-1,-1,-1,3,1
2014460244641,1,9,0,1,0,0,0,0,0,0,2,1,6,2,31,6,1390,1,4,7,1
2014460244643,1,21,0,12,0,0,0,0,1,0,3,2,1,1,51,8,-1,-1,-1,-1,-1
2014460244643,2,9,0,18,0,0,1,0,2,7,4,1,6,2,38,7,2494,1,23,-1,1
2014460244644,1,9,0,9,0,5,0,0,0,0,1,1,6,2,18,4,1896,2,7,5,1
2014460244644,2,9,0,18,0,2,1,0,0,0,1,1,1,1,34,6,-1,-1,-1,3,3
2014460244649,1,9,0,18,0,0,0,0,0,0,1,1,6,1,20,4,1991,2,5,10,2
2014460244649,2,9,0,18,0,0,0,0,0,0,1,1,1,1,63,9,-1,-1,-1,10,1
2014460244650,1,9,0,9,0,1,0,0,0,0,3,1,6,2,39,7,1997,2,10,5,2
2014460244652,1,1,0,18,5,8,0,0,0,0,1,1,6,1,35,6,-1,-1,-1,7,3
2014460244652,2,9,0,7,0,7,0,0,0,0,3,1,6,1,66,10,1582,2,2,6,1
2014460244657,1,9,0,18,0,0,1,4,0,0,1,1,6,1,19,4,1390,1,14,3,1
2014460244657,2,9,0,18,0,0,0,0,0,0,1,1,6,2,-1,-1,1896,2,7,5,1
2014460244657,3,9,0,18,0,0,0,0,0,0,1,1,6,2,-1,-1,1341,1,14,5,1