Accident_Index,Vehicle_Reference,Vehicle_Type,Towing_and_Articulation,Vehicle_Manoeuvre,Vehicle_Location-Restricted_Lane,Junction_Location,Skidding_and_Overturning,Hit_Object_in_Carriageway,Vehicle_Leaving_Carriageway,Hit_Object_off_Carriageway,1st_Point_of_Impact,Was_Vehicle_Left_Hand_Drive?,Journey_Purpose_of_Driver,Sex_of_Driver,Age_of_Driver,Age_Band_of_Driver,Engine_Capacity_(CC),Propulsion_Code,Age_of_Vehicle,Driver_IMD_Decile,Driver_Home_Area_Type
2014460244662,1,1,0,18,0,1,0,0,0,0,1,1,6,1,53,8,-1,-1,-1,6,1
2014460244663,1,9,0,18,0,0,0,0,0,0,1,1,6,3,-1,-1,-1,-1,-1,-1,-1
2014460244663,2,1,0,18,0,0,0,0,0,0,2,1,6,1,19,4,-1,-1,-1,9,2
2014460244664,1,11,0,18,0,1,0,0,0,0,4,1,1,3,-1,-1,-1,-1,-1,-1,-1
2014460244665,1,9,0,18,0,0,5,0,1,0,3,1,1,1,18,4,1229,1,7,4,1
2014460244665,2,9,0,18,0,0,0,0,0,0,0,1,6,1,65,9,1242,1,-1,5,2
2014460244666,1,19,0,7,9,8,0,0,0,0,4,1,1,1,28,6,1870,2,10,5,1
2014460244666,2,1,0,18,9,1,0,0,0,0,4,1,6,1,14,3,-1,-1,-1,2,1
2014460244668,1,9,0,18,0,0,0,0,0,0,1,1,6,1,43,7,1796,1,14,5,3
2014460244668,2,9,0,18,0,0,0,0,0,0,1,1,6,2,56,9,1364,1,9,2,1
2014460244670,1,9,0,14,0,1,0,0,0,0,4,1,6,2,25,5,1596,1,9,4,1
2014460244670,2,11,0,4,0,1,0,0,0,0,3,1,1,1,63,9,9000,2,5,5,1
2014460244676,1,9,0,9,0,5,0,0,0,0,3,1,6,2,60,9,1329,1,1,5,2
2014460244676,2,9,0,18,0,1,0,0,0,0,1,1,6,2,37,7,1968,2,7,8,1
2014460244681,1,9,0,18,0,1,0,10,7,10,1,1,6,2,46,8,1598,2,2,10,1
2014460244681,2,19,0,9,0,5,0,0,0,0,2,1,1,1,30,6,1870,2,8,10,1
2014460244683,1,9,0,18,0,0,0,0,0,0,1,1,6,3,-1,-1,1596,1,9,-1,-1
2014460244683,2,9,0,3,0,0,0,0,0,0,2,1,6,2,20,4,1397,1,5,3,1
2014460244685,1,9,0,18,0,0,0,0,0,0,1,1,6,2,32,6,1999,1,7,5,2
2014460244685,2,9,0,18,0,0,0,0,0,0,2,1,6,1,36,7,1149,1,11,3,1
2014460244685,3,19,0,18,0,0,0,0,0,0,2,1,6,1,57,9,1870,2,9,4,1
2014460244685,4,9,0,18,0,0,0,0,0,0,2,1,6,1,29,6,1794,1,13,2,1
2014460244685,5,9,0,18,0,0,0,0,0,0,2,1,6,2,53,8,-1,-1,-1,7,1
2014460244688,1,19,0,3,0,1,0,0,0,0,1,1,1,1,48,8,1598,2,3,2,1
2014460244688,2,9,0,3,0,1,0,0,0,0,2,1,1,1,42,7,1587,1,11,10,1
2014460244688,3,9,0,3,0,1,0,0,0,0,2,1,6,3,-1,-1,-1,-1,-1,-1,-1
2014460244690,1,5,0,16,0,8,0,0,0,0,0,1,6,1,23,5,599,1,14,2,1
2014460244692,1,9,0,18,0,0,0,0,0,0,1,1,2,1,52,8,-1,-1,-1,7,1
2014460244692,2,9,0,4,0,0,0,0,0,0,2,1,6,2,56,9,3000,1,8,7,3
2014460244693,1,9,0,9,0,8,0,0,0,0,3,1,6,1,22,5,1124,1,12,6,3
2014460244693,2,2,0,18,0,8,0,0,0,0,3,1,1,1,40,7,49,1,7,7,1
2014460244695,1,9,0,18,0,8,0,0,3,0,4,1,6,2,44,7,1299,1,12,8,1
2014460244695,2,9,0,18,0,8,0,0,0,0,1,1,2,1,65,9,1753,2,8,2,1
2014460244697,1,9,0,18,0,0,1,0,4,6,3,1,6,1,47,8,1896,2,15,-1,-1
2014460244698,1,9,0,18,0,0,1,0,1,1,4,1,6,1,27,6,1895,1,13,5,1
2014460244701,1,9,0,7,0,8,0,0,0,0,1,1,6,3,-1,-1,-1,-1,-1,-1,-1
2014460244703,1,9,0,7,0,8,0,0,0,0,4,1,6,2,32,6,1968,2,1,9,2
2014460244703,2,5,0,18,0,8,0,0,0,0,3,1,6,1,46,8,1584,1,7,8,1
2014460244706,1,9,0,10,0,2,0,0,0,0,1,1,6,2,28,6,1389,1,23,3,1
2014460244706,2,9,0,10,0,2,0,0,0,0,2,1,6,1,71,10,1997,1,15,8,1
2014460244707,1,9,0,18,0,0,0,0,0,0,1,1,6,1,26,6,-1,-1,-1,-1,-1
2014460244707,2,9,0,18,0,0,0,0,0,0,1,1,6,2,68,10,1388,1,2,7,1
2014460244712,1,9,0,18,0,8,0,0,0,0,1,1,6,1,45,7,-1,-1,-1,1,1
2014460244712,2,9,0,18,0,8,1,0,0,0,3,1,6,1,65,9,1600,1,23,9,1
2014460244713,1,9,0,9,0,8,0,0,0,0,1,1,6,2,25,5,1796,1,11,3,1
2014460244713,2,9,0,7,0,8,0,0,0,0,1,1,6,1,65,9,-1,-1,-1,8,1
2014460244717,1,9,0,8,0,1,0,0,0,0,1,1,2,1,26,6,998,1,6,8,1
2014460244717,2,9,0,8,0,1,0,0,0,0,2,1,6,2,57,9,1242,1,3,5,1
2014460244725,1,9,0,6,0,1,0,0,0,0,0,1,6,1,57,9,1229,1,9,2,1
2014460244725,2,5,0,18,0,1,0,0,0,0,0,1,6,1,52,8,649,1,25,9,2
2014460244728,1,21,0,18,0,0,0,0,0,0,1,1,6,1,46,8,-1,-1,-1,-1,-1
2014460244728,2,9,0,18,0,0,0,0,0,0,4,1,6,1,55,8,1956,2,4,7,1
2014460244733,1,9,0,18,0,0,0,0,1,0,0,1,6,2,29,6,1598,1,-1,8,1
2014460244733,2,1,0,18,4,0,0,0,0,0,4,1,6,1,73,10,-1,-1,-1,9,1
2014460244733,3,9,0,18,0,0,0,0,0,0,0,1,1,1,35,6,1968,2,1,-1,-1
2014460244737,1,9,0,18,0,0,0,0,0,0,4,1,6,1,66,10,2987,2,7,7,2
2014460244742,1,9,0,18,0,4,0,0,0,0,1,1,1,1,21,5,998,1,10,2,1
2014460244742,2,9,0,18,0,4,0,0,0,0,3,1,6,2,34,6,998,1,9,5,1
2014460244743,1,9,0,16,0,0,1,0,1,4,1,1,1,1,22,5,1997,2,4,2,1
2014460244743,2,9,0,18,0,0,0,0,0,0,2,1,6,2,41,7,1197,1,1,-1,3
2014460244743,3,17,0,1,0,0,1,0,0,0,0,1,1,3,-1,-1,-1,-1,-1,-1,-1
2014460244745,1,9,0,9,0,5,0,0,0,0,4,1,6,2,56,9,1600,1,9,7,3
2014460244745,2,4,0,17,0,1,0,0,0,0,1,1,2,1,23,5,125,1,-1,2,1
2014460244746,1,5,0,18,0,5,0,0,0,0,3,1,6,1,34,6,599,1,20,1,1
2014460244747,1,9,0,16,0,0,0,0,0,0,0,1,6,1,30,6,-1,-1,-1,-1,-1
2014460244747,2,5,0,17,0,0,1,0,0,0,2,1,6,2,41,7,-1,-1,-1,8,1
2014460244747,3,5,0,17,0,0,1,0,1,9,1,1,6,1,54,8,1237,1,4,8,1
2014460244750,1,9,0,4,0,0,1,0,0,0,1,1,6,1,31,6,-1,-1,-1,-1,-1
2014460244750,2,9,0,4,0,0,0,0,0,0,2,1,2,1,54,8,1399,2,5,4,1
2014460244751,1,9,0,18,0,8,0,0,0,0,3,1,2,1,57,9,1998,1,5,8,2
2014460244751,2,1,0,9,0,8,0,0,0,0,1,1,6,1,30,6,-1,-1,-1,8,2
2014460244753,1,19,0,18,0,7,1,0,0,0,1,1,1,1,27,6,1996,2,3,4,1
2014460244753,2,9,0,18,0,7,1,0,0,0,2,1,6,1,58,9,1986,2,8,5,1
2014460244763,1,9,0,18,0,0,0,0,0,0,0,1,6,3,-1,-1,-1,-1,-1,-1,-1
2014460244763,2,9,0,18,0,0,0,0,1,4,1,1,6,1,76,11,1360,1,11,3,1
2014460244773,1,9,0,3,0,0,0,0,0,0,1,1,6,1,52,8,1999,1,6,10,2
2014460244774,1,9,0,16,0,0,0,0,0,0,3,1,6,1,28,6,-1,-1,-1,-1,-1
2014460244774,2,9,0,17,0,0,0,0,0,0,3,1,6,2,17,4,1598,1,12,4,1
2014460244775,1,11,0,12,0,0,0,0,0,0,3,1,1,1,40,7,-1,-1,-1,-1,-1
2014460244775,2,9,0,18,0,0,0,0,0,0,4,1,6,1,28,6,1390,1,12,2,1
2014460244780,1,9,0,18,0,0,0,0,0,0,1,1,6,1,45,7,3400,6,15,5,1
2014460244781,1,19,0,18,0,0,1,0,0,0,1,1,1,1,32,6,1998,2,10,3,1
2014460244782,1,9,0,18,0,8,0,0,0,0,1,1,6,2,36,7,1598,1,-1,7,2
2014460244782,2,9,0,18,0,8,0,0,0,0,4,1,6,1,61,9,1248,1,2,4,1
2014460244784,1,9,0,18,0,0,0,0,0,0,1,1,6,1,44,7,1296,1,6,6,1
2014460244784,2,9,0,18,0,0,0,0,0,0,1,1,6,1,31,6,1197,1,1,2,1
2014460244784,3,9,0,4,0,0,0,0,0,0,2,1,6,1,31,6,1598,1,9,8,1
2014460244787,1,9,0,18,0,0,0,0,0,0,1,1,6,1,43,7,1396,1,14,3,1
2014460244787,2,9,0,4,0,0,0,0,0,0,2,1,2,2,30,6,1587,1,11,3,1
2014460244788,1,9,0,18,0,7,0,0,0,0,1,1,6,2,25,5,1399,2,10,6,1
2014460244788,2,9,0,18,0,7,0,0,0,0,2,1,6,2,35,6,1560,2,3,5,1
2014460244789,1,9,0,9,0,6,0,0,0,0,1,1,6,2,23,5,1597,1,19,1,1
2014460244789,2,5,0,18,0,1,0,0,0,0,4,1,6,1,19,4,599,1,9,-1,-1
2014460244791,1,9,0,18,0,0,0,0,0,0,4,1,6,2,38,7,1560,2,1,1,1
2014460244793,1,9,0,18,0,0,0,0,0,0,1,1,6,3,-1,-1,-1,-1,-1,-1,-1
2014460244793,2,1,0,18,4,0,0,0,1,7,2,1,6,1,24,5,-1,-1,-1,7,3
2014460244793,3,1,0,18,4,0,0,0,1,7,2,1,6,1,24,5,-1,-1,-1,-1,1
2014460244793,4,1,0,18,4,0,0,0,1,7,2,1,6,1,24,5,-1,-1,-1,7,1
2014460244796,1,9,0,18,0,8,0,12,0,0,1,1,6,1,46,8,1461,2,2,-1,3
2014460244796,2,9,0,18,0,8,0,12,7,0,1,1,6,1,30,6,1798,1,13,8,1
2014460244796,3,9,0,18,0,8,5,12,0,0,1,1,6,1,70,10,1497,8,3,7,1
2014460244797,1,1,0,18,0,0,0,0,0,0,1,1,6,1,25,5,-1,-1,-1,4,1
2014460244797,2,1,0,18,0,0,0,0,0,0,2,1,6,1,36,7,-1,-1,-1,-1,-1
2014460244811,1,4,0,18,0,0,1,0,0,0,1,1,6,1,37,7,520,1,13,4,1
2014460244811,2,9,0,18,0,0,0,0,0,0,1,1,6,1,74,10,2993,2,1,6,3
2014460244812,1,21,0,18,0,0,0,0,0,0,4,1,1,3,-1,-1,-1,-1,-1,-1,-1
2014460244817,1,9,0,8,0,0,0,0,0,0,1,1,6,1,24,5,1590,1,10,-1,3
2014460244817,2,9,0,4,0,0,0,0,0,0,2,1,6,1,24,5,-1,-1,-1,2,2
2014460244818,1,9,0,14,0,0,0,4,0,0,2,1,6,1,71,10,1598,1,9,5,2
2014460244818,2,9,0,2,0,0,0,0,0,0,2,1,6,1,18,4,1299,1,14,5,2
2014460244820,1,9,0,3,0,1,0,0,0,0,1,1,1,1,28,6,1360,1,14,3,1
2014460244820,2,9,0,3,0,1,0,0,0,0,2,1,1,1,54,8,1560,2,7,7,1
2014460244821,1,9,0,16,0,0,1,0,0,0,3,1,2,1,32,6,1896,2,14,-1,3
2014460244821,2,9,0,17,0,0,0,0,1,0,2,1,2,1,52,8,1910,2,9,7,3
2014460244825,1,9,0,4,0,0,0,0,0,0,1,1,6,1,55,8,1198,1,1,3,1
2014460244825,2,9,0,4,0,0,0,0,0,0,2,1,6,2,50,8,1499,2,1,9,1
2014460244825,3,9,0,4,0,0,0,0,0,0,2,1,6,2,45,7,2200,1,13,4,1
2014460244829,1,9,0,5,0,0,0,0,0,0,4,1,6,3,-1,-1,-1,-1,-1,-1,-1
2014460244829,2,9,0,18,0,0,0,0,0,0,3,1,6,1,36,7,1995,2,8,8,1
2014460244830,1,9,0,12,0,0,0,0,0,0,1,1,6,3,-1,-1,-1,-1,-1,-1,-1
2014460244830,2,4,0,4,0,0,0,0,0,0,4,1,6,1,43,7,750,1,12,7,3
2014460244834,1,9,0,1,0,0,0,0,0,0,4,1,6,1,60,9,1364,1,7,9,1
2014460244834,2,9,0,18,0,0,0,0,0,0,1,1,6,2,17,4,998,1,13,-1,-1
2014460244835,1,9,0,18,0,2,0,4,0,0,1,1,6,2,92,11,1124,1,14,5,1
2014460244835,2,9,0,2,0,2,0,4,0,0,1,1,6,1,36,7,-1,-1,-1,3,1
2014460244837,1,19,0,4,0,0,0,0,0,0,1,1,6,1,-1,-1,1461,2,8,8,3
2014460244837,2,9,0,3,0,0,0,0,0,0,2,1,6,1,57,9,1198,1,6,5,3
2014460244838,1,1,0,9,0,0,0,0,0,0,1,1,6,1,13,3,-1,-1,-1,-1,-1
2014460244838,2,9,0,9,0,0,0,0,0,0,1,1,6,3,-1,-1,-1,-1,-1,-1,-1
2014460244838,3,9,0,18,0,0,0,0,0,0,4,1,6,1,71,10,2179,2,5,-1,-1
2014460244842,1,9,0,18,0,0,0,0,0,0,1,1,6,1,24,5,-1,-1,-1,-1,-1
2014460244842,2,3,0,18,0,0,0,0,0,0,2,1,2,1,53,8,-1,-1,-1,5,3
2014460244846,1,9,0,18,0,1,0,0,0,0,1,1,6,1,20,4,1360,1,12,4,1
2014460244846,2,4,0,18,0,1,0,0,0,0,2,1,6,1,60,9,1063,1,8,4,3
2014460244848,1,9,0,18,0,0,0,0,0,0,4,1,1,1,50,8,1560,2,2,5,1
2014460244848,2,1,0,18,0,0,0,0,0,0,3,1,6,1,59,9,-1,-1,-1,-1,-1
2014460244852,1,9,0,4,0,0,0,0,0,10,4,1,2,1,63,9,-1,-1,-1,5,2
2014460244859,1,9,0,9,0,1,0,0,0,0,3,1,6,1,27,6,1968,2,6,7,1
2014460244859,2,9,0,18,0,1,1,0,0,0,1,1,6,2,38,7,1422,2,12,7,3
2014460244863,1,1,0,9,9,0,0,0,0,0,1,1,6,3,-1,-1,-1,-1,-1,-1,-1
2014460244864,1,9,0,18,0,0,1,0,4,6,1,1,6,2,28,6,1360,1,12,-1,-1
2014460244864,2,9,0,18,0,0,0,0,0,0,2,1,6,1,42,7,1986,2,7,9,1
2014460244865,1,9,0,18,0,0,0,0,0,0,3,1,6,3,-1,-1,-1,-1,-1,-1,-1
2014460244874,1,9,0,9,0,1,0,0,0,0,3,1,6,1,18,4,1598,1,9,10,1
2014460244874,2,9,0,18,0,1,0,0,0,0,1,1,6,2,81,11,1493,1,12,6,1
2014460244876,1,9,0,12,0,6,0,0,2,7,4,1,6,2,21,5,1124,1,15,9,1
2014460244878,1,9,0,18,0,8,0,0,0,0,1,1,6,3,-1,-1,-1,-1,-1,-1,-1
2014460244878,2,5,0,7,0,3,0,0,0,0,2,1,6,1,29,6,599,1,7,-1,2
2014460244880,1,1,0,17,0,8,0,0,0,0,0,1,1,1,20,4,-1,-1,-1,-1,-1
2014460244883,1,9,0,9,0,8,0,0,0,0,1,1,2,1,43,7,-1,-1,-1,-1,-1
2014460244883,2,1,0,18,0,1,0,0,0,0,1,1,2,1,42,7,-1,-1,-1,-1,-1
2014460244884,1,21,0,12,0,0,0,0,0,0,1,1,1,1,48,8,-1,-1,-1,-1,-1
2014460244884,2,9,0,18,0,0,0,0,1,7,4,1,6,2,52,8,1124,1,11,3,1
2014460244889,1,9,0,9,0,0,0,0,0,0,0,1,6,1,58,9,2435,1,18,6,3
2014460244889,2,9,0,4,0,0,0,0,1,4,1,1,2,1,28,6,1968,2,6,8,2
2014460244895,1,9,0,18,0,0,0,0,0,0,1,1,1,2,42,7,1229,1,3,8,1
2014460244895,2,9,0,3,0,0,0,0,0,0,1,1,1,2,49,8,1956,2,1,4,1
2014460244898,1,9,0,18,0,0,0,0,7,9,1,1,6,2,71,10,1984,2,1,6,3
2014460244899,1,9,0,16,0,0,0,0,1,4,3,1,2,2,34,6,1968,2,1,5,1
2014460244899,2,20,0,17,0,0,0,0,0,0,3,1,2,1,21,5,2287,2,-1,6,3
2014460244904,1,9,0,4,0,0,0,0,0,0,2,1,6,1,60,9,1796,7,11,-1,-1
2014460244906,1,2,0,18,0,8,0,0,0,0,1,1,6,1,25,5,-1,-1,-1,3,1
2014460244906,2,9,0,9,0,8,0,0,0,0,4,1,6,2,43,7,999,1,1,9,2
2014460244908,1,9,0,9,0,8,0,0,0,0,3,1,6,2,35,6,1598,1,6,4,3
2014460244908,2,9,0,7,0,8,0,0,0,0,3,1,6,2,24,5,1560,2,-1,-1,-1
2014460244913,1,9,0,12,0,0,0,0,0,0,1,1,6,1,85,11,1229,1,9,-1,-1
2014460244913,2,9,0,12,0,0,0,0,0,0,2,1,6,1,40,7,1968,2,1,10,1
2014460244914,1,4,0,11,0,1,0,0,0,0,4,1,6,1,16,4,-1,-1,-1,3,1
2014460244914,2,9,0,18,0,1,0,0,0,0,3,1,6,1,26,6,2495,2,20,1,1
2014460244915,1,19,0,18,0,1,0,0,0,0,1,1,6,1,44,7,1753,2,8,2,1
2014460244915,2,9,0,3,0,1,0,0,0,0,2,1,6,2,36,7,1679,1,17,3,1
2014460244915,3,9,0,3,0,1,0,0,0,0,2,1,6,1,71,10,1596,1,11,4,1
2014460244923,1,9,0,18,0,0,0,0,0,0,0,1,6,3,-1,-1,-1,-1,-1,-1,-1
2014460244923,2,9,0,18,0,0,2,0,7,10,2,1,6,1,19,4,1587,1,15,6,1
2014460244927,1,5,0,18,0,0,1,0,0,0,0,1,6,1,20,4,883,1,10,-1,-1
2014460244930,1,9,0,9,0,8,0,0,0,0,4,1,6,2,46,8,1398,2,11,2,1
2014460244930,2,8,0,18,0,8,0,0,0,0,1,1,1,1,81,11,1598,1,1,3,2
2014460244934,1,9,0,9,0,8,0,0,0,0,4,1,6,2,24,5,1390,1,15,8,2
2014460244934,2,9,0,18,0,1,0,0,0,0,1,1,6,1,73,10,1398,1,2,4,1
2014460244935,1,21,0,11,0,0,0,0,0,0,1,1,6,1,39,7,12777,2,6,7,3
2014460244935,2,9,0,18,0,0,1,0,0,0,2,1,6,2,54,8,1124,1,13,10,1
2014460244938,1,19,0,18,0,8,0,0,0,0,1,1,6,3,-1,-1,-1,-1,-1,-1,-1
2014460244938,2,1,0,18,0,8,0,0,0,0,4,1,6,1,30,6,-1,-1,-1,10,2
2014460244942,1,9,0,18,0,0,0,0,0,0,1,1,6,3,-1,-1,-1,-1,-1,-1,-1
2014460244944,1,11,0,12,0,0,0,0,0,0,3,1,1,1,47,8,-1,-1,-1,-1,-1
2014460244944,2,9,0,18,0,0,5,0,0,0,4,1,6,1,40,7,1598,1,7,6,1
2014460244945,1,1,0,18,0,0,0,0,0,0,1,1,6,2,33,6,-1,-1,-1,2,1
2014460244947,1,9,0,18,0,8,1,0,1,0,1,1,6,1,39,7,1360,1,21,2,1
2014460244947,2,9,0,9,0,8,1,0,7,0,4,1,6,1,71,10,1686,2,1,5,1
2014460244950,1,9,0,7,0,8,0,0,0,0,1,1,6,1,17,4,973,1,14,8,2
2014460244950,2,9,0,4,0,2,0,0,0,0,2,1,6,2,37,7,2995,1,-1,6,3
2014460244950,3,9,0,4,0,2,0,0,0,0,2,1,6,2,58,9,1794,1,11,3,1
2014460244950,4,9,0,4,0,2,0,0,0,0,2,1,6,2,32,6,1242,1,2,6,1
2014460244951,1,9,0,9,0,8,0,0,0,0,1,1,6,1,36,7,1398,1,4,10,1
2014460244951,2,20,0,18,0,8,0,0,0,0,4,1,6,1,58,9,-1,-1,-1,5,1
2014460244952,1,9,3,18,0,0,4,0,1,7,1,1,6,2,46,8,2495,2,12,3,1
2014460244953,1,9,0,14,0,0,0,0,0,0,4,1,6,3,-1,-1,1199,1,13,-1,-1
2014460244960,1,5,0,12,0,3,0,0,0,0,3,1,6,1,61,9,885,1,14,8,1
2014460244960,2,9,0,18,0,3,0,0,0,0,4,1,6,1,24,5,-1,-1,-1,-1,3
2014460244961,1,9,0,4,0,1,0,0,0,0,1,1,6,2,53,8,1896,2,11,9,1
2014460244961,2,9,0,3,0,1,0,0,0,0,2,1,6,2,21,5,1124,1,18,1,1
2014460244962,1,1,0,18,0,0,0,10,1,0,1,1,6,1,15,3,-1,-1,-1,4,1
2014460244964,1,9,0,9,0,1,0,0,0,0,3,1,6,2,47,8,1596,1,9,4,2
2014460244964,2,9,0,18,0,1,0,0,0,0,1,1,1,2,39,7,1149,1,11,8,1
2014460244967,1,9,0,4,0,1,0,0,0,0,1,1,6,2,65,9,1560,2,-1,8,1
2014460244967,2,9,0,5,0,4,0,0,0,0,2,1,6,1,57,9,1560,2,5,-1,-1
2014460244968,1,90,0,18,0,8,0,0,0,0,4,1,6,2,-1,-1,2500,2,7,9,1
2014460244969,1,1,0,9,0,1,0,0,0,0,2,1,6,1,-1,-1,-1,-1,-1,-1,-1
2014460244969,2,9,0,13,0,1,0,0,0,0,1,1,2,2,23,5,1242,1,7,6,1
2014460244971,1,9,0,7,0,1,0,0,0,0,1,1,2,2,52,8,1596,1,2,8,2
2014460244972,1,9,0,18,0,0,0,0,0,0,1,1,6,1,31,6,1686,2,1,2,1
2014460244972,2,9,0,18,0,0,0,0,0,0,2,1,6,2,21,5,1598,2,-1,10,1
2014460244972,3,9,0,18,0,0,0,0,0,0,2,1,6,1,23,5,998,1,4,-1,-1
2014460244975,1,9,0,18,0,0,0,0,0,0,1,1,6,2,34,6,1390,1,11,1,1
2014460244975,2,9,0,18,0,0,0,0,0,0,2,1,6,2,37,7,1596,1,6,3,1
2014460244975,3,9,0,18,0,0,0,0,0,0,3,1,6,3,-1,-1,1598,1,-1,-1,-1
2014460244978,1,1,0,18,0,0,0,0,0,0,0,1,6,1,50,8,-1,-1,-1,7,3
2014460244979,1,9,0,9,0,1,0,0,0,0,1,1,6,1,78,11,1390,1,3,9,2
2014460244979,2,9,0,18,0,1,0,0,0,0,1,1,6,2,19,4,1149,1,10,10,2
2014460244979,3,9,0,10,0,1,0,0,0,0,1,1,1,1,55,8,-1,-1,-1,7,1
2014460244980,1,9,0,18,0,0,1,0,1,0,1,1,1,2,33,6,-1,-1,-1,4,3
2014460244980,2,17,0,18,0,0,1,0,0,0,1,1,1,1,19,4,-1,2,3,-1,3
2014460244981,1,9,0,18,0,3,0,0,0,0,3,1,2,1,36,7,1753,2,8,7,1
2014460244981,2,9,0,16,0,3,0,0,0,0,4,1,2,1,23,5,1596,1,9,6,1
2014460244983,1,9,0,18,0,0,0,0,0,0,1,1,6,2,68,10,1405,1,10,6,1
2014460244983,2,9,0,2,0,0,0,0,0,0,2,1,6,1,65,9,-1,-1,-1,6,1
2014460244984,1,9,0,18,0,1,0,0,0,0,1,1,6,3,-1,-1,1796,1,17,-1,-1
2014460244984,2,9,0,3,0,1,0,0,0,0,2,1,6,2,21,5,1242,1,9,2,1
2014460244984,3,9,0,3,0,1,0,0,0,0,3,1,6,1,28,6,1998,1,13,6,1
2014460244985,1,9,0,18,0,0,0,0,0,0,1,1,6,1,71,10,1995,1,15,6,1
2014460244985,2,9,0,18,0,0,0,0,0,0,3,1,6,2,55,8,998,1,19,4,1
2014460244985,3,9,0,18,0,0,0,0,0,0,3,1,6,1,51,8,1388,1,9,5,1
2014460244987,1,9,4,18,0,0,4,0,0,0,1,1,1,1,53,8,2765,2,17,6,3
2014460244992,1,21,0,18,0,0,0,0,0,0,1,1,6,3,-1,-1,-1,-1,-1,-1,-1
2014460244992,2,9,0,18,0,0,0,0,0,0,2,2,6,3,-1,-1,998,1,13,-1,-1
2014460244993,1,21,4,18,0,3,0,0,0,0,3,1,6,1,53,8,-1,-1,-1,-1,-1
2014460244993,2,20,0,18,0,3,5,0,1,10,4,1,6,1,52,8,-1,-1,-1,8,1
2014460244994,1,9,0,18,0,0,0,0,0,0,4,1,6,1,72,10,-1,-1,-1,4,1
2014460244995,1,1,0,18,9,0,0,0,0,0,0,1,6,1,42,7,-1,-1,-1,-1,-1
2014460244996,1,9,0,18,0,0,0,0,0,0,1,1,6,1,72,10,1596,1,3,10,1
2014460244996,2,21,1,18,0,0,0,0,0,0,3,1,1,1,62,9,6692,2,6,8,1
2014460244996,3,9,0,18,0,0,0,0,0,0,3,1,1,1,35,6,-1,-1,-1,8,1
2014460244998,1,9,0,18,0,0,0,0,0,0,1,1,6,3,-1,-1,1360,1,11,-1,-1
2014460244998,2,9,0,3,0,0,0,0,0,0,2,1,6,1,40,7,1560,2,2,6,1
2014460244998,3,9,0,18,0,0,0,0,0,0,3,1,6,2,25,5,1332,1,18,7,1
2014460244998,4,9,0,18,0,0,0,0,0,0,1,1,6,2,50,8,1390,1,5,7,1
2014460244999,1,9,0,18,0,0,0,7,0,0,1,1,6,1,35,6,1753,2,8,-1,-1
2014460245003,1,19,0,7,0,0,0,0,0,0,4,1,6,1,-1,-1,1461,2,9,4,1
2014460245003,2,1,0,18,4,0,0,0,0,0,1,1,6,2,21,5,-1,-1,-1,4,1
2014460245004,1,19,0,18,0,0,0,0,0,0,1,1,6,1,64,9,2198,2,6,4,3
2014460245004,2,9,0,18,0,0,0,0,0,0,1,1,6,2,35,6,1396,2,3,3,1
2014460245006,1,9,0,3,0,0,0,0,0,0,0,1,1,1,43,7,1910,2,13,1,1
2014460245009,1,9,0,18,0,0,0,0,7,9,1,1,6,1,34,6,1800,1,15,7,3
2014460245009,2,9,0,18,0,0,0,0,7,9,2,1,6,1,26,6,1390,1,13,5,3
2014460245012,1,9,0,18,0,1,0,0,0,0,1,1,6,2,-1,-1,1149,1,8,3,1
2014460245012,2,9,0,18,0,1,0,0,0,0,2,1,6,1,39,7,1285,1,-1,8,1
2014460245015,1,9,0,6,0,0,1,0,0,0,1,1,6,1,56,9,-1,-1,-1,-1,2
2014460245015,2,9,0,13,0,0,0,0,0,0,1,1,6,1,35,6,1968,2,7,3,1
2014460245018,1,21,0,15,0,3,0,0,0,0,0,1,6,3,-1,-1,-1,-1,-1,-1,-1
2014460245018,2,1,0,18,0,3,0,10,7,0,1,1,6,1,35,6,-1,-1,-1,4,1
2014460245020,1,9,0,18,0,6,1,0,1,1,3,1,6,1,38,7,1910,2,6,4,1
2014460245020,2,9,0,18,0,8,1,0,0,0,1,1,6,1,52,8,1998,1,15,7,1
2014460245021,1,19,0,18,0,1,0,0,0,0,1,1,6,1,28,6,2198,2,1,-1,-1
2014460245021,2,9,0,3,0,1,0,0,0,0,2,1,6,1,56,9,1798,1,12,9,1
2014460245025,1,1,0,18,0,8,0,0,0,0,1,1,6,1,17,4,-1,-1,-1,3,1
2014460245025,2,9,0,18,0,1,0,0,0,0,1,1,6,1,41,7,1997,2,5,2,1
2014460245027,1,9,0,18,0,1,1,0,0,0,1,1,6,1,70,10,1868,2,14,3,3
2014460245027,2,9,0,9,0,5,0,0,0,0,2,1,6,1,51,8,-1,-1,-1,-1,-1
2014460245039,1,9,0,9,0,8,0,0,0,0,4,1,6,2,56,9,1796,1,11,-1,1
2014460245039,2,9,0,18,0,1,0,0,0,0,1,1,6,2,19,4,1299,1,9,5,1
2014460245039,3,9,0,10,0,1,0,0,0,0,1,1,6,2,29,6,1461,2,4,7,1