Accident_Index,Vehicle_Reference,Vehicle_Type,Towing_and_Articulation,Vehicle_Manoeuvre,Vehicle_Location-Restricted_Lane,Junction_Location,Skidding_and_Overturning,Hit_Object_in_Carriageway,Vehicle_Leaving_Carriageway,Hit_Object_off_Carriageway,1st_Point_of_Impact,Was_Vehicle_Left_Hand_Drive?,Journey_Purpose_of_Driver,Sex_of_Driver,Age_of_Driver,Age_Band_of_Driver,Engine_Capacity_(CC),Propulsion_Code,Age_of_Vehicle,Driver_IMD_Decile,Driver_Home_Area_Type
2014460245427,1,9,0,9,0,1,0,0,0,0,3,1,6,1,76,11,1248,1,6,-1,1
2014460245427,2,9,0,17,0,1,0,0,0,0,1,1,6,1,37,7,-1,-1,-1,-1,1
2014460245434,1,9,0,11,0,0,0,0,0,0,0,1,6,3,-1,-1,1248,2,-1,-1,-1
2014460245434,2,9,0,18,0,0,1,0,4,6,1,1,6,1,60,9,1198,1,4,4,1
2014460245438,1,9,0,18,0,4,0,0,0,0,1,1,6,2,28,6,1970,1,11,4,1
2014460245438,2,9,0,18,0,4,0,0,0,0,2,1,6,1,18,4,1753,2,12,2,1
2014460245441,1,9,0,1,9,6,0,0,0,0,2,1,6,1,-1,-1,1995,1,12,-1,-1
2014460245444,1,9,0,18,0,1,0,0,0,0,1,1,6,3,-1,-1,-1,-1,-1,-1,-1
2014460245444,2,9,0,8,0,1,0,0,0,0,2,1,6,2,74,10,-1,-1,-1,-1,-1
2014460245446,1,9,0,6,0,2,0,0,0,0,3,1,6,1,36,7,1248,2,-1,3,1
2014460245446,2,9,0,18,0,2,0,0,0,0,1,1,6,1,41,7,1242,1,4,9,1
2014460245450,1,9,0,9,0,5,0,0,0,0,1,1,6,1,37,7,2497,1,10,-1,-1
2014460245451,1,9,0,18,0,1,0,0,0,0,1,1,6,1,28,6,1956,2,3,-1,-1
2014460245451,2,9,0,9,0,1,0,0,0,0,2,1,6,2,50,8,996,1,5,4,1
2014460245454,1,9,0,18,0,4,0,0,0,0,1,1,6,1,19,4,998,1,13,5,1
2014460245454,2,9,0,9,0,8,0,0,0,0,4,1,6,1,26,6,1910,2,7,3,1
2014460245457,1,11,0,3,0,0,0,0,0,0,0,1,6,1,54,8,-1,2,13,6,1
2014460245458,1,9,0,13,0,8,0,0,0,0,4,1,6,1,31,6,2231,2,1,7,1
2014460245458,2,5,0,18,0,8,0,0,0,0,3,1,6,1,40,7,2294,1,5,2,1
2014460245459,1,9,0,18,0,1,0,0,0,0,1,1,6,2,63,9,989,1,14,8,2
2014460245459,2,9,0,10,0,1,0,0,0,0,2,1,2,2,46,8,1388,1,12,3,1
2014460245461,1,9,0,1,0,0,0,0,0,0,2,1,6,1,27,6,1896,2,10,3,1
2014460245462,1,19,0,1,6,0,0,0,0,0,2,1,1,1,33,6,2497,2,2,8,1
2014460245467,1,20,1,5,0,1,0,0,0,0,1,1,1,1,30,6,-1,-1,-1,-1,-1
2014460245467,2,9,0,18,0,6,0,0,0,0,4,1,1,1,75,10,998,1,2,3,1
2014460245469,1,4,0,15,0,0,1,0,0,0,1,1,6,1,17,4,124,1,2,4,1
2014460245469,2,9,0,15,0,0,0,0,0,0,2,1,6,1,69,10,1769,1,10,4,1
2014460245473,1,9,0,18,0,0,0,0,0,0,1,1,6,1,29,6,-1,-1,-1,-1,-1
2014460245473,2,9,0,18,0,0,0,0,0,0,1,1,6,2,43,7,1598,1,5,-1,-1
2014460245477,1,19,0,9,0,1,0,0,0,0,1,1,6,3,-1,-1,2198,2,1,-1,-1
2014460245477,2,9,0,18,0,1,0,0,0,0,4,1,1,1,35,6,1968,2,3,-1,1
2014460245478,1,9,0,7,0,8,0,0,0,0,1,1,6,1,34,6,1399,2,10,7,1
2014460245478,2,1,0,9,0,8,0,0,0,0,1,1,6,1,18,4,-1,-1,-1,2,1
2014460245480,1,9,0,6,0,0,0,0,7,2,1,1,6,2,71,10,1596,1,13,8,1
2014460245480,2,9,0,18,0,0,5,0,0,0,3,1,6,1,65,9,1997,2,9,6,1
2014460245482,1,5,0,18,0,2,0,0,0,0,3,1,6,1,20,4,599,1,9,8,1
2014460245484,1,9,0,18,0,0,1,0,1,7,1,1,6,1,38,7,2688,2,10,-1,-1
2014460245485,1,9,0,18,0,0,0,0,0,0,4,1,6,2,60,9,1598,1,2,9,3
2014460245486,1,9,0,16,0,0,1,0,1,3,4,1,6,1,21,5,1598,1,13,3,1
2014460245487,1,9,0,18,0,0,0,0,0,0,4,1,6,3,-1,-1,-1,-1,-1,-1,-1
2014460245490,1,9,0,18,0,2,0,0,0,0,1,1,6,2,49,8,1242,1,7,-1,-1
2014460245496,1,9,0,9,0,1,0,0,0,0,1,1,6,3,-1,-1,1783,1,15,-1,-1
2014460245496,2,9,0,18,0,1,0,0,0,0,4,1,6,1,26,6,1587,1,11,3,1
2014460245504,1,9,0,18,0,0,0,4,0,0,1,1,6,1,18,4,1198,1,11,10,1
2014460245504,2,19,0,2,0,0,0,0,0,0,2,1,6,1,29,6,1753,2,11,10,1
2014460245505,1,9,0,9,0,1,0,0,0,0,1,1,6,1,34,6,3498,1,8,7,3
2014460245505,2,9,0,18,0,1,0,0,0,0,1,1,6,2,18,4,1242,1,4,9,2
2014460245509,1,19,0,1,0,0,0,0,0,0,2,1,1,1,49,8,2143,2,-1,10,1
2014460245510,1,9,0,17,0,0,0,0,0,0,1,1,6,2,18,4,1242,1,10,5,2
2014460245510,2,9,0,16,0,0,0,0,0,0,1,1,6,2,50,8,1910,2,6,9,3
2014460245512,1,9,0,16,0,0,0,0,7,4,1,1,6,1,83,11,1490,1,11,10,1
2014460245513,1,9,0,14,0,0,0,0,0,0,1,1,6,1,25,5,1598,1,7,10,1
2014460245515,1,9,0,17,0,2,1,0,3,10,1,1,6,2,20,4,1994,2,11,1,1
2014460245516,1,9,0,9,0,6,0,0,1,4,3,1,6,2,75,10,796,1,5,7,1
2014460245516,2,9,0,18,0,8,0,0,0,0,1,1,6,2,29,6,1560,2,6,-1,-1
2014460245518,1,21,0,5,0,0,0,0,0,0,1,1,6,3,-1,-1,-1,-1,-1,-1,-1
2014460245518,2,4,0,3,0,0,0,0,0,0,2,1,6,1,71,10,650,1,-1,10,1
2014460245519,1,9,0,18,0,0,0,0,1,7,1,1,6,1,47,8,1396,1,12,10,1
2014460245519,2,9,0,18,0,0,0,0,1,0,2,1,6,1,73,10,1598,1,7,9,2
2014460245521,1,19,0,17,0,0,0,0,1,10,1,1,1,1,25,5,2148,2,6,-1,1
2014460245521,2,19,0,16,0,0,0,0,0,0,1,1,6,2,55,8,2463,2,10,9,1
2014460245524,1,9,0,18,0,0,0,0,0,0,1,1,6,3,-1,-1,-1,-1,-1,-1,-1
2014460245524,2,1,0,18,0,0,0,0,0,0,4,1,6,1,46,8,-1,-1,-1,3,1
2014460245525,1,9,0,4,0,0,0,0,0,0,1,1,6,1,43,7,1598,1,13,7,1
2014460245527,1,19,0,18,0,0,0,0,0,0,1,1,6,2,20,4,1461,2,9,4,1
2014460245527,2,9,0,18,0,0,0,0,0,0,1,1,6,1,68,10,-1,-1,-1,5,3
2014460245528,1,9,0,18,0,0,0,0,7,2,1,1,1,2,55,8,1560,2,1,2,1
2014460245530,1,9,0,18,0,4,0,0,0,0,1,1,2,1,45,7,2324,1,11,6,1
2014460245530,2,1,0,18,0,8,0,0,0,0,1,1,6,1,42,7,-1,-1,-1,6,3
2014460245531,1,2,0,18,0,0,1,0,0,0,1,1,6,1,16,4,49,1,2,-1,-1
2014460245531,2,9,0,2,0,0,0,4,0,0,2,1,6,1,24,5,-1,-1,-1,-1,-1
2014460245533,1,9,0,9,0,5,0,0,0,0,3,1,6,1,35,6,1497,1,11,8,1
2014460245533,2,9,0,18,0,1,0,0,0,0,3,1,6,1,22,5,1988,1,11,7,1
2014460245536,1,9,0,7,0,4,1,0,0,0,1,1,6,2,19,4,1589,1,14,4,1
2014460245537,1,19,0,4,0,1,0,0,0,0,1,1,1,1,48,8,2402,2,7,9,2
2014460245537,2,19,0,4,0,1,0,0,0,0,2,1,1,1,46,8,1968,2,3,2,1
2014460245537,3,9,0,3,0,1,0,0,0,0,2,1,6,1,44,7,1951,2,12,5,1
2014460245537,4,9,0,4,0,1,0,0,0,0,1,1,6,1,20,4,1587,1,11,7,1
2014460245538,1,3,0,18,0,8,0,0,0,0,3,1,6,2,21,5,125,1,-1,3,1
2014460245538,2,9,0,18,0,1,0,0,0,0,1,1,6,2,21,5,1242,1,10,4,1
2014460245539,1,9,0,18,0,1,0,0,0,0,3,1,6,2,68,10,1242,1,2,9,2
2014460245539,2,9,0,9,0,2,0,0,0,0,3,1,6,2,23,5,1596,1,13,6,2
2014460245540,1,9,0,18,0,0,0,0,0,0,1,1,6,2,36,7,1600,1,14,2,1
2014460245540,2,9,0,18,0,0,0,0,0,0,2,1,6,2,48,8,1997,1,10,3,1
2014460245546,1,9,0,4,0,0,0,0,0,0,1,1,6,2,56,9,1968,2,9,8,1
2014460245546,2,9,0,3,0,0,0,0,0,0,2,1,6,1,46,8,2000,2,10,6,1
2014460245546,3,19,0,3,0,0,0,0,0,0,2,1,6,1,27,6,2198,2,4,9,1
2014460245547,1,9,0,11,0,1,0,0,0,0,4,1,6,1,37,7,1968,2,6,6,1
2014460245547,2,21,0,18,0,1,0,0,0,0,1,1,1,1,54,8,-1,-1,-1,-1,-1
2014460245547,3,9,0,18,0,1,0,0,0,0,4,1,6,1,31,6,1422,2,11,7,3
2014460245548,1,9,0,12,0,4,1,0,0,0,1,1,6,1,30,6,-1,-1,-1,7,1
2014460245548,2,9,0,4,0,4,1,0,0,0,2,1,2,1,75,10,1686,2,4,4,3
2014460245550,1,5,0,17,0,0,1,0,0,0,1,1,6,1,55,8,1237,1,1,6,3
2014460245552,1,9,0,7,0,8,0,0,0,0,0,1,6,2,-1,-1,2494,1,13,2,1
2014460245552,2,1,0,18,0,1,0,0,0,0,0,1,6,1,40,7,-1,-1,-1,4,1
2014460245553,1,9,0,18,0,0,1,10,7,10,3,1,6,2,34,6,1988,1,13,7,3
2014460245559,1,9,0,18,0,0,0,0,0,0,4,1,6,1,30,6,1390,1,16,9,1
2014460245561,1,9,0,16,0,0,1,0,1,0,3,1,6,1,65,9,2354,1,10,9,3
2014460245561,2,9,0,17,0,0,1,0,0,0,3,1,6,2,23,5,1598,1,11,9,2
2014460245562,1,9,0,18,0,0,0,0,0,0,4,1,6,1,36,7,-1,-1,-1,-1,-1
2014460245562,2,9,0,18,0,0,0,0,0,0,3,1,2,2,40,7,1461,2,1,3,1
2014460245564,1,9,0,18,0,0,0,11,0,0,1,1,6,2,38,7,1989,1,15,8,2
2014460245565,1,9,0,7,0,8,0,0,0,0,1,1,6,2,45,7,1598,1,5,5,1
2014460245565,2,1,0,18,0,8,0,0,0,0,2,1,6,2,23,5,-1,-1,-1,9,1
2014460245567,1,21,1,4,0,0,1,0,0,0,1,1,1,1,34,6,10837,2,1,5,1
2014460245567,2,9,0,4,0,0,0,0,0,0,2,2,6,2,26,6,-1,-1,-1,-1,-1
2014460245567,3,21,0,4,0,0,0,0,0,0,2,1,1,1,34,6,6370,2,4,2,1
2014460245568,1,9,0,18,0,0,0,0,0,0,0,1,6,3,-1,-1,-1,-1,-1,-1,-1
2014460245569,1,1,0,18,0,0,0,0,0,0,4,1,6,1,14,3,-1,-1,-1,3,1
2014460245569,2,9,0,18,0,0,0,0,0,0,1,1,6,2,20,4,999,1,2,4,1
2014460245575,1,9,0,9,0,1,0,0,0,0,1,1,6,3,-1,-1,-1,-1,-1,-1,-1
2014460245575,2,9,0,10,0,8,0,0,0,0,3,1,6,2,44,7,1242,1,7,-1,-1
2014460245583,1,9,0,18,0,0,0,0,0,0,2,1,6,1,46,8,1956,2,2,2,3
2014460245583,2,9,0,18,0,0,0,0,0,0,1,1,6,1,29,6,1840,1,14,4,1
2014460245584,1,19,0,5,0,1,1,0,0,0,0,1,6,2,50,8,2496,2,22,-1,-1
2014460245584,2,19,0,5,0,1,1,0,0,0,0,1,6,1,24,5,2496,2,25,-1,-1
2014460245586,1,9,0,1,0,0,0,0,0,0,2,1,1,1,51,8,-1,-1,-1,-1,1
2014460245587,1,3,0,18,0,1,0,0,0,0,0,1,1,1,18,4,-1,-1,-1,1,1
2014460245587,2,9,0,4,0,1,0,0,0,0,0,1,6,1,56,9,1910,2,9,6,1
2014460245591,1,9,0,18,0,0,0,0,0,0,3,1,6,3,-1,-1,2495,2,24,-1,-1
2014460245591,2,3,0,18,0,0,1,0,0,0,4,1,6,1,23,5,124,1,6,7,3
2014460245596,1,9,0,9,0,8,0,0,0,0,3,1,1,1,28,6,1598,1,4,5,2
2014460245596,2,3,0,18,0,1,0,0,0,0,1,1,6,1,61,9,125,1,1,5,2
2014460245598,1,9,0,18,0,8,0,0,1,1,1,1,6,2,63,9,1248,1,2,9,1
2014460245598,2,9,0,7,0,8,0,0,0,0,2,1,6,2,37,7,1497,1,11,10,1
2014460245602,1,9,0,18,0,1,0,0,0,0,1,1,6,3,-1,-1,-1,-1,-1,-1,-1
2014460245602,2,9,0,18,0,1,0,0,0,0,1,1,6,1,41,7,1896,2,12,1,1
2014460245607,1,9,0,3,0,2,0,0,0,0,1,1,6,1,42,7,1388,1,3,10,2
2014460245607,2,5,0,3,0,2,0,0,0,0,2,1,6,1,54,8,798,1,21,6,1
2014460245607,3,9,0,18,0,3,0,0,0,0,0,1,1,1,28,6,1968,2,1,3,1
2014460245608,1,9,0,18,0,0,0,0,1,10,4,1,6,3,-1,-1,-1,-1,-1,-1,-1
2014460245608,2,9,0,4,0,0,0,0,0,0,4,1,6,2,53,8,1997,2,13,6,1
2014460245613,1,9,0,5,0,4,0,0,1,0,1,1,6,2,56,9,1299,1,11,10,3
2014460245613,2,9,0,7,0,3,0,0,0,0,2,1,6,1,27,6,1149,1,4,4,1
2014460245614,1,9,0,18,0,0,0,0,0,0,1,1,6,1,-1,-1,1995,1,11,1,1
2014460245614,2,9,0,18,0,0,0,0,0,0,2,1,6,2,-1,-1,-1,-1,-1,-1,-1
2014460245614,3,9,0,18,0,0,0,0,0,0,2,1,6,2,19,4,1461,2,10,5,3
2014460245620,1,9,0,18,0,8,0,0,0,0,1,1,6,1,-1,-1,1796,1,15,-1,-1
2014460245620,2,9,0,18,0,8,0,0,0,0,0,1,1,1,37,7,1984,1,2,7,1
2014460245620,3,9,0,18,0,8,0,0,0,0,0,1,1,1,40,7,2993,2,-1,7,1
2014460245620,4,21,0,18,0,8,0,0,0,0,1,1,6,1,49,8,11946,2,2,-1,-1
2014460245625,1,1,0,18,9,0,0,0,0,0,1,1,6,1,12,3,-1,-1,-1,3,1
2014460245625,2,9,0,1,9,0,0,0,0,0,2,1,6,2,66,10,999,1,2,5,1
2014460245630,1,9,0,18,0,0,0,0,0,0,0,1,6,3,-1,-1,-1,-1,-1,-1,-1
2014460245630,2,11,0,18,0,0,0,0,0,0,0,1,1,1,33,6,-1,-1,-1,7,1
2014460245641,1,9,0,5,0,4,0,0,0,0,1,1,2,1,31,6,1242,1,13,3,2
2014460245641,2,9,0,5,0,4,0,0,0,0,2,1,2,2,56,9,1991,1,12,9,2
2014460245648,1,1,0,18,0,0,0,0,0,0,0,1,6,1,12,3,-1,-1,-1,4,1
2014460245651,1,1,0,18,9,2,0,0,0,0,1,1,6,3,-1,-1,-1,-1,-1,-1,-1
2014460245654,1,9,0,18,0,0,0,0,0,0,1,1,1,1,22,5,1388,1,11,7,1
2014460245654,2,9,0,4,0,0,0,0,0,0,2,1,1,1,49,8,1896,2,4,5,2
2014460245655,1,9,0,18,0,0,0,10,0,0,1,1,1,2,38,7,1242,1,6,2,1
2014460245655,2,21,2,18,0,0,0,0,0,0,3,1,1,1,32,6,-1,-1,-1,-1,-1
2014460245657,1,9,0,18,0,0,0,0,0,0,1,1,6,2,60,9,1242,1,8,-1,-1
2014460245657,2,9,0,2,0,0,0,0,0,0,2,1,6,2,45,7,1398,1,9,4,1
2014460245660,1,9,0,18,0,8,0,0,0,0,1,1,6,3,-1,-1,-1,-1,-1,-1,-1
2014460245660,2,9,0,4,0,8,0,0,0,0,2,1,6,2,32,6,2179,2,6,5,1
2014460245661,1,5,0,18,0,1,0,0,7,1,1,1,6,1,43,7,999,1,-1,4,1
2014460245661,2,9,0,9,0,8,0,0,0,0,3,1,6,2,50,8,1242,1,12,3,1
2014460245663,1,21,1,18,0,1,0,0,0,0,4,1,1,3,-1,-1,-1,-1,-1,-1,-1
2014460245663,2,21,0,18,0,2,0,0,0,0,4,1,1,1,55,8,3920,2,1,6,2
2014460245665,1,9,0,18,0,0,0,7,0,0,1,1,6,1,50,8,1997,2,7,6,1
2014460245665,2,9,0,4,0,0,0,0,0,0,2,1,6,2,33,6,1910,2,8,9,1
2014460245667,1,9,0,18,0,0,2,0,1,9,4,1,2,1,50,8,-1,-1,-1,6,1
2014460245668,1,3,0,17,0,0,0,0,0,0,1,1,2,1,40,7,124,1,23,3,1
2014460245668,2,9,0,2,0,0,0,0,0,0,1,1,6,1,64,9,1769,1,13,-1,-1
2014460245669,1,9,0,18,0,0,0,0,0,0,1,1,6,1,42,7,1461,2,1,1,1
2014460245672,1,9,0,17,0,2,1,0,2,4,4,1,6,1,17,4,1198,1,6,7,1
2014460245679,1,9,0,4,9,0,0,0,0,0,1,1,6,2,28,6,1596,1,6,6,1
2014460245679,2,1,0,18,9,0,0,0,0,0,2,1,6,1,-1,-1,-1,-1,-1,-1,-1
2014460245680,1,9,0,3,9,1,0,0,7,0,1,1,6,2,38,7,1560,2,2,2,1
2014460245682,1,9,0,4,0,0,0,0,0,0,1,1,6,1,-1,-1,1997,2,6,5,1
2014460245682,2,9,0,4,0,0,0,0,0,0,2,1,6,1,58,9,2987,2,9,4,3
2014460245689,1,9,0,18,0,0,0,0,4,6,1,1,6,1,33,6,1248,2,1,-1,-1
2014460245690,1,9,0,18,0,0,0,0,0,0,1,1,6,1,19,4,1199,1,11,4,1
2014460245690,2,9,0,3,0,0,0,0,0,0,2,1,6,2,61,9,1388,1,11,2,1
2014460245696,1,9,0,4,0,1,0,0,7,10,1,1,6,2,18,4,1198,1,4,-1,-1
2014460245696,2,9,0,4,0,1,0,0,0,0,2,1,6,1,54,8,1390,1,13,-1,-1
2014460245696,3,9,0,4,0,1,0,0,0,0,2,1,6,2,43,7,1686,2,7,-1,-1
2014460245698,1,9,0,18,0,2,0,0,0,0,1,1,6,1,20,4,1242,1,4,9,1
2014460245702,1,9,0,18,0,0,0,0,0,0,4,1,6,2,59,9,1388,1,7,-1,-1
2014460245708,1,9,0,17,0,1,0,0,0,0,2,1,6,3,-1,-1,-1,-1,-1,-1,-1
2014460245708,2,9,0,17,0,1,0,0,0,0,1,1,6,3,-1,-1,1910,2,9,-1,-1
2014460245708,3,5,0,17,0,1,0,0,0,0,1,1,6,2,44,7,535,1,19,-1,-1
2014460245711,1,9,0,2,0,0,0,0,0,0,4,1,6,1,35,6,2993,2,1,7,2
2014460245711,2,1,0,18,9,0,0,0,0,0,1,1,6,2,10,2,-1,-1,-1,5,1
2014460245712,1,11,0,18,0,4,0,0,0,0,0,1,1,2,52,8,-1,-1,-1,7,1
2014460245712,2,9,0,9,0,4,0,0,0,0,0,1,6,3,-1,-1,-1,-1,-1,-1,-1
2014460245717,1,19,0,7,9,1,0,0,0,0,4,1,6,3,-1,-1,-1,-1,-1,-1,-1
2014460245720,1,9,0,18,0,1,0,0,0,0,1,1,6,2,69,10,1199,1,12,-1,1
2014460245720,2,1,0,18,0,1,0,0,0,0,2,1,6,1,20,4,-1,-1,-1,-1,1
2014460245723,1,9,0,5,0,0,0,0,0,0,4,1,6,2,66,10,2204,2,7,8,1
2014460245726,1,21,0,18,0,0,0,0,0,0,1,1,1,1,51,8,-1,-1,-1,-1,-1
2014460245726,2,19,0,18,0,0,0,0,0,0,2,1,1,1,42,7,-1,-1,-1,8,3
2014460245727,1,9,0,18,0,1,0,0,0,0,1,1,6,1,35,6,1988,1,14,4,3
2014460245728,1,9,0,17,0,0,1,0,1,10,1,1,6,1,23,5,1895,1,14,6,3
2014460245731,1,1,0,18,0,6,0,0,0,0,1,1,6,2,51,8,-1,-1,-1,-1,-1
2014460245731,2,1,0,18,0,8,0,0,0,0,1,1,6,1,31,6,-1,-1,-1,-1,-1
2014460245732,1,20,0,1,9,0,0,0,0,0,2,1,1,1,53,8,-1,-1,-1,-1,-1
2014460245735,1,9,0,4,0,0,0,0,0,0,1,1,6,2,48,8,1242,1,12,5,2
2014460245735,2,9,0,4,0,0,0,0,0,0,2,1,6,2,47,8,1248,2,-1,7,1
2014460245737,1,9,0,18,0,0,0,0,0,0,0,1,1,3,-1,-1,-1,-1,-1,-1,-1
2014460245737,2,9,0,18,0,0,0,11,0,0,1,1,6,1,23,5,1598,1,7,3,1
2014460245739,1,9,0,18,0,0,1,0,5,6,3,1,6,2,39,7,1388,1,6,4,2
2014460245741,1,9,0,18,0,0,5,0,0,0,1,1,6,1,19,4,1149,1,10,1,1
2014460245741,2,21,0,2,0,0,0,0,0,0,2,1,1,1,47,8,3920,2,10,5,1
2014460245743,1,9,0,18,0,0,0,0,0,0,1,1,6,1,31,6,1587,1,9,6,1
2014460245743,2,9,0,3,0,0,0,0,0,0,2,1,6,1,22,5,-1,-1,-1,2,1
2014460245744,1,9,0,18,0,8,0,0,0,0,1,2,6,1,20,4,-1,-1,-1,2,1
2014460245744,2,9,0,18,0,8,0,0,0,0,4,1,6,1,51,8,-1,-1,-1,5,3
2014460245745,1,11,0,18,0,4,0,0,0,0,3,1,1,1,28,6,-1,2,13,4,1
2014460245745,2,9,0,9,0,4,0,0,0,0,1,1,6,2,35,6,1560,2,4,6,2
2014460245747,1,9,0,3,0,0,0,0,0,0,3,1,6,1,72,10,1389,1,17,7,1
2014460245747,2,5,0,3,0,0,0,0,0,0,3,1,6,1,43,7,998,1,7,-1,-1
2014460245750,1,9,0,18,0,0,0,0,0,0,1,1,6,3,-1,-1,1999,1,5,6,1
2014460245750,2,9,0,4,0,0,0,0,0,0,2,1,6,2,36,7,1595,1,3,7,3
2014460245751,1,11,0,12,0,0,0,0,0,0,3,1,6,3,-1,-1,12000,2,8,-1,-1
2014460245751,2,9,0,18,0,0,0,0,5,6,4,1,6,1,28,6,1339,1,3,4,1
2014460245753,1,9,0,5,0,1,0,0,0,0,1,1,2,1,51,8,1560,2,1,4,1
2014460245753,2,9,0,5,0,8,0,0,0,0,2,1,6,2,27,6,-1,-1,-1,-1,-1
2014460245755,1,9,0,18,0,0,5,0,1,0,1,1,6,2,65,9,1388,1,12,6,1
2014460245755,2,9,0,18,0,0,5,0,1,0,2,1,6,2,49,8,1199,2,2,5,1
2014460245759,1,5,0,18,0,0,0,0,0,0,0,1,6,1,49,8,1099,1,6,7,1
2014460245760,1,9,0,9,0,6,0,0,0,0,1,1,6,1,27,6,1896,2,11,7,1
2014460245760,2,4,0,18,0,1,0,0,0,0,1,1,6,1,21,5,249,1,18,1,1
2014460245761,1,19,0,5,0,6,0,0,0,0,2,1,6,1,44,7,1896,2,10,5,1
2014460245761,2,5,0,18,0,1,1,0,0,0,1,1,6,1,25,5,748,1,19,3,1
2014460245761,3,20,0,18,0,1,1,0,1,10,3,1,6,1,33,6,-1,-1,-1,2,1
2014460245764,1,9,0,18,0,0,0,0,0,0,4,1,6,1,28,6,-1,-1,-1,3,1
2014460245764,2,1,0,18,0,0,0,0,0,0,3,1,6,1,83,11,-1,-1,-1,9,1
2014460245766,1,5,0,18,0,2,0,4,0,0,1,1,6,1,41,7,996,1,17,4,1
2014460245766,2,9,0,2,0,2,0,0,0,0,4,1,6,1,-1,-1,1598,2,4,5,1
2014460245766,3,9,0,2,0,2,0,0,0,0,3,1,6,3,-1,-1,1968,2,10,6,1
2014460245766,4,9,0,2,0,2,0,0,0,0,3,1,6,3,-1,-1,2597,1,12,1,1
2014460245766,5,19,0,18,0,2,0,0,0,0,1,1,6,1,28,6,2477,2,12,1,1
2014460245768,1,2,0,17,0,0,1,0,0,0,4,1,2,2,18,4,-1,-1,-1,7,3
2014460245770,1,90,0,18,0,0,0,0,0,0,1,1,6,3,-1,-1,-1,-1,-1,-1,-1
2014460245776,1,9,0,4,0,0,0,0,0,0,1,1,6,2,76,11,1339,1,1,10,1
2014460245776,2,9,0,4,0,0,0,0,0,0,2,1,6,1,22,5,2000,2,10,5,2
2014460245780,1,9,0,5,0,8,0,0,0,0,3,1,6,1,48,8,2987,2,7,8,1
2014460245780,2,9,0,18,0,1,0,0,0,0,1,1,6,2,39,7,1587,1,6,5,2
2014460245781,1,9,0,11,0,0,2,0,2,4,1,1,6,1,49,8,1395,1,-1,3,1
2014460245787,1,9,0,16,0,0,0,0,7,9,3,1,6,1,40,7,1597,1,14,4,1
2014460245787,2,9,0,17,0,0,0,0,0,0,3,1,6,2,43,7,1298,1,9,9,3
2014460245787,3,9,0,17,0,0,0,0,0,0,3,1,6,2,39,7,1598,1,2,10,1
2014460245788,1,9,0,18,0,1,0,0,1,0,3,1,6,1,28,6,2993,2,10,8,1
2014460245788,2,20,0,18,0,1,0,0,0,0,1,1,1,1,66,10,4462,2,1,9,1
2014460245790,1,90,0,9,9,0,5,0,0,0,0,1,6,1,40,7,-1,-1,-1,2,1
2014460245793,1,9,0,7,0,6,0,10,3,1,1,1,6,1,27,6,1781,1,13,5,1
2014460245795,1,9,0,1,0,0,0,0,0,0,2,1,6,1,35,6,1910,2,6,3,2
2014460245798,1,9,0,9,0,5,0,0,0,0,1,1,6,1,41,7,1560,2,8,4,1
2014460245798,2,9,0,18,0,1,0,0,0,0,3,1,6,1,71,10,1998,2,10,8,1
2014460245800,1,1,0,18,0,0,0,12,0,0,1,1,6,1,57,9,-1,-1,-1,-1,-1
2014460245806,1,21,0,18,0,0,0,0,0,0,3,1,6,3,-1,-1,-1,-1,-1,-1,-1
2014460245806,2,9,0,4,0,0,0,0,0,0,3,1,1,2,25,5,1390,1,10,3,1
2014460245812,1,21,1,9,0,7,0,0,0,0,4,1,6,1,66,10,10518,2,7,6,3
2014460245812,2,9,0,18,0,8,0,0,0,0,1,1,1,1,68,10,1560,2,-1,6,3
2014460245813,1,9,0,18,0,0,0,0,0,0,2,1,6,2,61,9,1198,1,5,3,3
2014460245813,2,9,0,18,0,0,0,0,1,0,1,1,6,1,38,7,1988,1,13,4,3
2014460245813,3,9,0,18,0,0,0,0,0,0,1,1,6,1,75,10,1796,1,13,6,3
2014460245814,1,90,0,18,0,1,0,0,0,0,1,1,1,1,32,6,2987,2,3,6,1
2014460245814,2,9,0,7,0,7,0,0,1,0,2,1,1,2,59,9,1399,2,4,4,3
2014460245815,1,9,0,7,0,3,1,0,1,7,4,1,6,2,63,9,1229,1,7,7,1
2014460245816,1,8,0,18,0,0,0,0,0,0,4,1,1,1,37,7,1968,2,1,5,1
2014460245817,1,9,0,18,0,0,0,0,0,0,1,1,6,2,32,6,1149,1,8,3,1
2014460245817,2,1,0,18,0,0,0,0,0,0,3,1,6,1,15,3,-1,-1,-1,1,1
2014460245818,1,9,0,4,0,0,0,0,0,0,1,1,6,2,20,4,1299,1,11,5,1
2014460245818,2,9,0,3,0,0,0,0,0,0,2,1,6,1,19,4,1753,2,8,3,1
2014460245818,3,9,0,3,0,0,0,0,0,0,2,1,6,1,42,7,998,1,13,4,1
2014460245819,1,9,0,5,0,6,1,0,0,0,3,1,2,1,50,8,2500,2,19,7,2