Accident_Index,Vehicle_Reference,Vehicle_Type,Towing_and_Articulation,Vehicle_Manoeuvre,Vehicle_Location-Restricted_Lane,Junction_Location,Skidding_and_Overturning,Hit_Object_in_Carriageway,Vehicle_Leaving_Carriageway,Hit_Object_off_Carriageway,1st_Point_of_Impact,Was_Vehicle_Left_Hand_Drive?,Journey_Purpose_of_Driver,Sex_of_Driver,Age_of_Driver,Age_Band_of_Driver,Engine_Capacity_(CC),Propulsion_Code,Age_of_Vehicle,Driver_IMD_Decile,Driver_Home_Area_Type
2014460246189,2,3,0,5,0,8,0,0,0,0,1,1,6,1,18,4,125,1,-1,7,1
2014460246192,1,9,0,1,0,2,0,0,0,0,2,1,6,1,31,6,1598,1,9,10,1
2014460246195,1,9,0,12,0,8,0,0,0,0,2,1,6,1,38,7,2698,2,7,7,1
2014460246195,2,5,0,13,0,8,0,0,0,0,1,1,2,1,40,7,998,1,4,9,1
2014460246199,1,9,0,18,0,1,0,0,0,0,1,1,6,1,-1,-1,1199,1,11,5,1
2014460246199,2,9,0,10,0,1,0,0,0,0,2,1,6,1,22,5,1998,1,12,2,1
2014460246203,1,9,0,18,0,0,1,0,1,0,1,1,6,1,24,5,1998,1,20,6,3
2014460246203,2,19,0,2,0,0,0,0,0,0,1,1,6,2,25,5,-1,-1,-1,7,3
2014460246203,3,9,0,2,0,0,0,0,0,0,4,1,1,2,25,5,1991,2,8,-1,-1
2014460246203,4,9,0,2,0,0,0,0,0,0,3,1,1,2,25,5,-1,-1,-1,-1,-1
2014460246206,1,21,0,18,0,0,1,0,7,5,3,1,1,1,53,8,6693,2,1,4,1
2014460246206,2,9,0,18,0,0,0,0,0,0,3,1,6,1,49,8,1596,1,-1,9,1
2014460246206,3,9,0,18,0,0,5,0,1,10,3,1,1,1,37,7,-1,-1,-1,5,3
2014460246207,1,9,0,16,0,2,1,7,1,10,3,1,6,2,19,4,4172,1,11,9,1
2014460246208,1,3,0,18,0,6,1,0,3,0,4,1,6,1,18,4,125,1,9,3,1
2014460246208,2,9,0,4,0,8,0,0,0,0,1,1,6,1,23,5,-1,-1,-1,1,1
2014460246221,1,9,0,9,0,8,0,0,0,0,3,1,6,2,24,5,1391,1,12,3,1
2014460246221,2,9,0,16,0,1,0,0,0,0,1,1,6,1,20,4,1299,1,13,9,1
2014460246222,1,9,0,18,0,1,0,0,0,0,1,1,6,3,-1,-1,2688,2,10,-1,-1
2014460246222,2,9,0,8,0,1,0,0,0,0,2,1,6,1,50,8,1390,1,12,4,1
2014460246226,1,3,0,18,0,8,0,0,0,0,0,1,6,1,59,9,124,1,15,-1,-1
2014460246233,1,9,0,18,0,0,0,0,0,0,1,1,6,2,20,4,1242,1,-1,-1,1
2014460246235,1,9,0,18,0,0,0,0,0,0,1,1,6,1,40,7,-1,-1,-1,3,1
2014460246235,2,9,0,18,0,0,0,0,0,0,2,1,6,1,54,8,-1,-1,-1,3,1
2014460246235,3,9,0,18,0,0,0,0,0,0,1,1,6,1,25,5,1560,2,2,-1,-1
2014460246238,1,9,0,1,0,1,0,10,8,10,2,1,6,1,72,10,1596,1,9,10,1
2014460246240,1,9,0,5,0,0,0,0,0,0,3,1,2,1,24,5,1331,1,20,10,2
2014460246240,2,4,0,13,0,0,0,0,0,0,1,1,2,1,25,5,125,1,1,8,2
2014460246246,1,21,0,1,0,0,0,0,0,0,2,1,6,1,-1,-1,-1,-1,-1,-1,-1
2014460246246,2,9,0,3,0,0,0,0,0,0,1,1,2,2,19,4,1299,1,15,-1,-1
2014460246248,1,19,0,18,0,0,0,0,0,0,1,1,6,1,-1,-1,-1,-1,-1,-1,-1
2014460246248,2,9,0,18,0,0,0,0,0,0,2,1,6,1,19,4,1396,1,12,4,1
2014460246255,1,5,0,7,6,2,0,0,0,0,4,1,6,1,54,8,1300,1,6,-1,-1
2014460246259,1,9,0,13,0,0,0,0,0,0,1,1,6,1,19,4,1598,1,15,-1,-1
2014460246259,2,9,0,18,0,0,0,0,0,0,2,1,6,1,32,6,-1,-1,-1,3,1
2014460246262,1,9,0,13,0,1,0,0,7,10,4,1,6,1,19,4,1560,2,8,8,1
2014460246262,2,9,0,9,0,5,0,0,7,10,3,1,6,2,26,6,1400,1,10,10,1
2014460246262,3,9,0,2,0,1,0,0,0,0,3,1,6,1,44,7,1198,1,11,8,3
2014460246263,1,9,0,6,0,0,0,0,0,0,3,1,6,2,70,10,1364,2,7,-1,1
2014460246263,2,5,0,18,0,0,1,0,0,0,1,1,6,1,36,7,675,1,-1,8,1
2014460246264,1,5,0,15,0,8,0,0,0,0,1,1,6,1,46,8,645,1,2,7,1
2014460246264,2,9,0,9,0,8,0,0,0,0,0,1,6,2,21,5,1200,1,1,9,3
2014460246268,1,9,0,18,0,0,0,0,1,10,1,1,6,1,22,5,1796,1,10,9,1
2014460246270,1,9,0,16,0,0,0,0,1,9,1,1,6,1,29,6,1997,2,13,4,3
2014460246272,1,4,0,4,0,0,1,0,0,0,4,1,6,1,56,9,1584,1,5,8,1
2014460246272,2,4,0,4,0,0,1,0,0,0,3,1,6,1,57,9,1352,1,4,9,3
2014460246272,3,9,0,4,0,0,0,0,0,0,3,1,6,2,63,9,1995,2,5,-1,-1
2014460246277,1,9,0,18,0,0,0,0,0,0,4,1,6,3,-1,-1,1242,1,4,-1,-1
2014460246281,1,3,0,13,0,1,0,0,0,0,1,1,6,1,17,4,125,1,3,-1,-1
2014460246281,2,9,0,9,0,8,0,0,0,0,3,1,6,1,19,4,1598,1,1,6,1
2014460246283,1,9,0,18,9,8,0,0,0,0,3,1,6,1,28,6,1360,1,12,7,1
2014460246283,2,1,0,18,9,1,0,0,0,0,1,1,6,1,14,3,-1,-1,-1,4,1
2014460246285,1,9,0,18,0,8,0,0,0,0,1,1,6,1,32,6,1870,2,9,7,1
2014460246291,1,9,0,18,0,2,0,0,0,0,1,1,6,1,22,5,1229,1,7,6,1
2014460246293,1,9,0,4,0,0,0,0,0,0,1,1,6,1,37,7,2148,2,12,3,1
2014460246293,2,9,0,4,0,0,0,0,0,0,2,1,6,1,43,7,2000,2,5,5,1
2014460246293,3,9,0,4,0,0,0,0,0,0,2,1,6,2,25,5,1390,1,9,9,1
2014460246296,1,9,0,2,0,0,0,0,0,0,4,1,6,1,41,7,1796,1,13,4,1
2014460246296,2,4,0,18,0,0,0,0,0,0,1,1,6,1,20,4,125,1,11,2,1
2014460246298,1,9,0,10,0,1,0,0,0,0,2,1,6,1,50,8,1560,2,8,1,1
2014460246298,2,19,0,18,0,1,0,0,0,0,1,1,6,1,31,6,-1,-1,-1,9,1
2014460246298,3,9,0,18,0,1,0,0,0,0,1,1,6,2,35,6,1796,1,13,5,1
2014460246298,4,9,0,18,0,1,0,0,0,0,1,1,6,2,22,5,998,1,2,6,1
2014460246300,1,9,0,17,0,0,2,0,2,4,1,1,6,1,18,4,2000,2,54,7,3
2014460246302,1,9,0,2,0,0,0,0,0,0,3,1,2,1,27,6,1390,1,9,7,1
2014460246302,2,1,0,18,0,0,0,0,0,0,1,1,2,1,32,6,-1,-1,-1,10,1
2014460246314,1,9,0,12,0,5,1,0,8,7,1,1,6,1,18,4,1299,1,11,-1,-1
2014460246315,1,9,0,9,0,2,0,0,0,0,0,1,6,1,51,8,1985,1,19,10,1
2014460246315,2,5,0,4,0,2,1,0,0,0,3,1,6,1,45,7,998,1,15,4,1
2014460246315,3,5,0,4,0,2,1,0,0,0,3,1,6,1,42,7,899,1,20,-1,1
2014460246317,1,9,0,7,0,8,0,0,0,0,1,1,6,1,22,5,1360,1,11,-1,-1
2014460246317,2,1,0,18,0,8,0,0,0,0,2,1,6,2,36,7,-1,-1,-1,-1,-1
2014460246320,1,9,0,9,0,6,0,0,0,0,4,1,6,1,43,7,1295,1,28,10,1
2014460246320,2,4,0,18,0,1,0,0,0,0,1,1,6,1,67,10,373,1,1,6,2
2014460246321,1,5,0,18,0,8,1,0,0,0,1,1,6,1,20,4,654,1,6,-1,-1
2014460246321,2,9,0,9,0,6,0,0,0,0,2,1,2,1,81,11,-1,-1,-1,8,1
2014460246331,1,9,0,18,0,0,0,0,0,0,1,1,6,2,41,7,1968,2,6,5,1
2014460246331,2,9,0,4,0,0,0,0,0,0,2,1,6,1,28,6,1781,1,13,-1,3
2014460246331,3,9,0,18,0,0,1,0,0,0,1,1,6,1,44,7,2969,2,9,5,1
2014460246332,1,9,0,9,0,8,0,0,0,0,1,1,6,1,70,10,1398,1,1,4,1
2014460246332,2,5,0,18,0,1,0,0,0,0,1,1,2,1,39,7,600,1,14,5,1
2014460246333,1,9,0,18,0,0,0,0,0,0,1,1,6,2,35,6,1995,2,4,8,1
2014460246333,2,9,0,3,0,0,0,0,0,0,2,1,6,2,62,9,1149,1,12,6,3
2014460246333,3,9,0,3,0,0,0,0,0,0,2,1,6,2,61,9,2231,2,6,-1,1
2014460246337,1,9,0,1,9,0,0,0,0,0,2,1,1,1,77,11,1948,1,17,4,1
2014460246338,1,9,0,9,0,8,0,0,0,0,4,1,6,2,22,5,1198,1,6,9,1
2014460246338,2,9,0,14,0,8,0,0,0,0,1,1,6,1,33,6,2993,2,8,9,1
2014460246340,1,1,0,18,0,0,0,0,0,0,1,1,6,1,50,8,-1,-1,-1,-1,-1
2014460246340,2,1,0,18,0,0,0,0,0,0,2,1,6,1,46,8,-1,-1,-1,-1,-1
2014460246342,1,9,0,13,0,0,0,0,0,0,3,1,6,1,63,9,1995,2,16,7,3
2014460246342,2,9,0,18,0,0,0,0,1,0,3,1,2,2,49,8,1598,1,5,9,1
2014460246343,1,9,0,18,0,3,0,0,1,10,1,1,6,1,30,6,1598,1,2,2,1
2014460246349,1,9,0,9,0,6,0,0,0,0,4,1,6,2,45,7,1461,2,11,5,2
2014460246349,2,9,0,18,0,1,0,0,0,0,1,1,6,1,20,4,1389,1,19,-1,-1
2014460246351,1,9,0,18,0,2,0,0,0,0,4,1,6,1,67,10,1998,1,8,5,1
2014460246351,2,9,0,9,0,2,0,0,0,0,1,1,6,2,27,6,1560,2,6,9,1
2014460246353,1,1,0,18,0,0,0,0,0,0,1,1,6,1,21,5,-1,-1,-1,-1,-1
2014460246358,1,9,0,9,0,1,0,0,1,1,1,1,6,1,19,4,1198,1,8,10,1
2014460246366,1,90,0,18,0,4,0,0,0,0,1,1,1,1,-1,-1,2686,2,8,9,1
2014460246366,2,9,0,4,0,4,0,0,0,0,2,1,2,1,28,6,1229,1,1,2,1
2014460246370,1,19,0,1,0,2,0,0,0,0,2,1,1,1,28,6,-1,-1,-1,-1,-1
2014460246377,1,9,0,18,0,1,0,0,0,0,3,1,6,2,61,9,1598,1,7,10,1
2014460246380,1,21,0,18,0,1,0,0,0,0,1,1,1,1,61,9,-1,-1,-1,-1,-1
2014460246380,2,20,0,8,0,1,0,0,0,0,2,1,1,1,59,9,-1,-1,-1,8,2
2014460246381,1,3,0,18,0,0,0,0,0,0,0,1,6,1,27,6,-1,-1,-1,10,2
2014460246382,1,9,0,9,0,8,0,0,1,2,3,1,6,1,52,8,1242,1,10,-1,1
2014460246382,2,9,0,18,0,8,0,0,0,0,1,1,6,2,20,4,1386,1,6,2,1
2014460246391,1,9,0,18,0,0,1,10,2,7,4,1,6,2,35,6,1299,1,14,7,1
2014460246392,1,9,0,18,0,0,0,0,0,0,3,1,6,3,-1,-1,-1,-1,-1,-1,-1
2014460246392,2,9,0,18,0,0,0,0,0,0,4,1,6,2,28,6,1896,2,10,7,1
2014460246394,1,9,0,4,0,0,0,0,0,0,1,1,6,2,44,7,1598,1,1,1,1
2014460246394,2,9,0,4,0,0,0,0,0,0,2,1,1,1,45,7,-1,-1,-1,4,2
2014460246398,1,3,0,18,0,0,0,0,0,0,0,1,6,2,20,4,125,1,-1,-1,-1
2014460246406,1,9,0,5,6,0,0,0,0,0,4,1,6,1,63,9,1988,1,10,3,1
2014460246409,1,9,0,18,0,1,0,0,0,0,1,1,6,3,-1,-1,1596,1,10,-1,-1
2014460246409,2,9,0,18,0,1,0,0,0,0,2,1,6,1,28,6,1896,2,9,-1,-1
2014460246411,1,21,4,12,0,0,0,0,0,0,1,1,1,1,27,6,-1,-1,-1,-1,-1
2014460246411,2,9,0,11,0,0,1,0,0,0,4,1,6,2,28,6,998,1,14,3,1
2014460246416,1,19,0,18,0,4,0,0,0,0,1,1,1,1,39,7,1995,2,5,10,2
2014460246416,2,4,0,18,0,4,0,0,0,0,2,1,6,1,53,8,125,1,2,4,1
2014460246421,1,9,0,18,0,0,1,0,0,0,2,1,1,1,38,7,-1,-1,-1,8,1
2014460246421,2,9,0,3,0,0,0,0,0,0,2,1,2,2,43,7,1198,1,3,3,1
2014460246421,3,9,0,3,0,0,0,0,0,0,2,1,2,1,35,6,1796,1,7,2,1
2014460246423,1,9,0,9,0,8,0,0,0,0,1,1,6,2,58,9,1388,1,11,2,1
2014460246431,1,9,0,18,0,1,0,0,0,0,1,1,6,2,34,6,1598,2,3,10,1
2014460246431,2,9,0,4,0,1,0,0,0,0,2,1,6,1,29,6,1956,2,1,2,1
2014460246437,1,9,0,11,0,3,0,0,0,0,4,1,6,1,84,11,1590,1,11,10,1
2014460246437,2,5,0,18,0,3,0,0,0,0,3,1,6,1,53,8,675,1,6,4,1
2014460246439,1,9,0,9,0,8,0,0,0,0,1,1,6,1,-1,-1,-1,-1,-1,4,1
2014460246439,2,9,0,18,0,8,0,0,0,0,3,1,6,2,17,4,1124,1,10,6,3
2014460246440,1,1,0,18,0,0,0,0,0,0,1,1,6,1,8,2,-1,-1,-1,6,1
2014460246440,2,9,0,18,0,0,0,0,0,0,3,1,6,1,43,7,1596,1,3,6,1
2014460246455,1,9,0,11,0,0,0,0,0,0,4,1,6,3,-1,-1,1598,2,3,-1,-1
2014460246455,2,9,0,18,0,0,0,0,1,0,3,1,6,1,43,7,1598,1,6,5,1
2014460246458,1,9,0,9,0,6,0,0,0,0,3,1,6,2,64,9,1598,1,6,8,1
2014460246458,2,5,0,18,0,1,1,0,0,0,1,1,6,1,54,8,749,1,21,5,3
2014460246461,1,9,0,17,9,8,0,10,1,7,1,1,6,1,29,6,-1,-1,-1,4,1
2014460246464,1,9,0,18,0,0,0,0,0,0,4,1,6,3,-1,-1,-1,-1,-1,-1,-1
2014460246464,2,19,0,4,0,0,0,0,0,0,3,1,1,1,39,7,1995,2,-1,5,1
2014460246471,1,9,0,18,0,0,2,4,0,0,1,1,6,1,41,7,1406,2,9,9,2
2014460246471,2,9,0,2,0,0,0,0,0,0,1,1,6,2,62,9,1984,1,13,10,1
2014460246471,3,9,0,2,0,0,0,0,0,0,3,1,6,2,64,9,1598,2,3,10,1
2014460246471,4,9,0,2,0,0,0,0,0,0,1,1,6,2,20,4,1390,1,11,10,1
2014460246471,5,9,0,2,0,0,0,0,0,0,3,1,6,1,50,8,1597,1,22,10,1
2014460246471,6,9,0,2,0,0,0,0,0,0,3,1,6,2,26,6,1560,2,2,10,1
2014460246473,1,9,0,9,0,5,0,0,0,0,3,1,6,1,44,7,1895,1,17,6,3
2014460246473,2,5,0,13,0,8,0,0,0,0,4,1,6,1,47,8,749,1,10,-1,3
2014460246478,1,9,0,9,0,1,0,0,0,0,1,1,6,1,74,10,1769,1,13,5,1
2014460246478,2,5,0,18,0,1,0,0,0,0,1,1,6,1,38,7,981,1,32,9,3
2014460246479,1,9,0,12,0,0,5,0,4,6,3,1,6,2,18,4,998,1,1,9,2
2014460246479,2,20,1,18,0,0,0,0,0,0,4,1,1,1,37,7,-1,-1,-1,7,1
2014460246484,1,9,0,18,0,0,0,0,0,0,1,1,6,2,-1,-1,-1,-1,-1,-1,-1
2014460246484,2,9,0,18,0,0,0,0,0,0,2,1,6,2,-1,-1,998,1,1,7,1
2014460246488,1,9,0,18,0,0,0,0,0,0,3,1,6,1,25,5,1896,2,5,-1,-1
2014460246488,2,19,0,18,0,0,0,0,0,0,3,1,6,1,50,8,2500,2,13,8,1
2014460246491,1,9,0,18,0,1,0,0,1,4,1,1,6,2,68,10,1242,1,6,5,2
2014460246492,1,9,0,9,0,8,0,0,0,0,3,1,6,2,48,8,1991,2,6,4,2
2014460246492,2,9,0,18,0,1,0,0,0,0,1,1,6,1,28,6,1796,1,15,8,1
2014460246496,1,9,0,10,0,1,0,0,0,0,1,1,6,1,25,5,1686,2,1,3,1
2014460246496,2,19,0,18,0,1,0,0,0,0,1,1,1,1,34,6,1998,2,13,5,1
2014460246499,1,9,0,17,0,7,0,0,0,0,1,1,6,1,20,4,1995,2,4,7,1
2014460246499,2,9,0,16,0,7,0,0,7,0,1,1,6,2,27,6,993,1,12,5,3
2014460246499,3,9,0,18,0,8,0,0,0,0,0,1,6,1,56,9,-1,3,1,8,3
2014460246502,1,9,0,4,0,0,0,0,0,0,1,1,6,2,-1,-1,-1,-1,-1,-1,-1
2014460246509,1,9,0,18,0,0,1,10,7,7,1,1,6,2,24,5,1360,1,11,7,3
2014460246512,1,9,0,18,0,8,0,0,0,0,1,1,6,1,-1,-1,1799,1,6,-1,-1
2014460246512,2,9,0,9,0,8,0,0,0,0,3,1,6,2,22,5,2000,2,9,3,1
2014460246515,1,9,0,16,0,0,2,0,0,0,1,1,2,1,25,5,1998,1,14,7,1
2014460246515,2,9,0,3,0,0,0,0,0,0,4,1,6,1,47,8,1248,2,9,5,1
2014460246517,1,10,0,12,0,8,0,0,0,0,3,2,1,1,47,8,-1,-1,-1,3,1
2014460246517,2,9,0,5,0,8,0,0,0,0,4,1,6,2,42,7,1587,1,10,3,1
2014460246521,1,9,0,7,0,1,0,0,0,0,4,1,6,1,19,4,1229,1,8,6,1
2014460246521,2,9,0,18,0,1,0,0,0,0,1,1,1,1,34,6,1560,2,5,2,1
2014460246521,3,9,0,8,0,1,0,0,0,0,3,1,1,2,40,7,1995,2,3,6,1
2014460246524,1,9,0,18,0,4,0,0,0,0,1,1,6,3,-1,-1,-1,-1,-1,-1,-1
2014460246527,1,9,0,11,0,5,0,0,1,7,4,1,6,1,37,7,1368,1,2,-1,-1
2014460246527,2,19,0,18,0,5,0,0,0,0,3,1,1,1,32,6,2800,2,11,3,1
2014460246530,1,9,0,18,0,0,0,0,0,0,1,1,6,1,51,8,1997,2,10,4,1
2014460246530,2,9,0,3,0,0,0,0,0,0,2,1,6,1,68,10,-1,-1,-1,8,2
2014460246535,1,9,0,18,0,1,0,0,0,0,1,1,6,1,19,4,1229,1,3,-1,1
2014460246535,2,9,0,18,0,1,0,0,0,0,2,1,6,2,48,8,-1,-1,-1,7,3
2014460246542,1,9,0,18,0,0,0,0,0,0,4,1,6,3,-1,-1,-1,-1,-1,-1,-1
2014460246545,1,9,0,1,0,0,0,0,1,10,2,1,6,3,-1,-1,2260,2,19,-1,-1
2014460246545,2,9,0,18,0,0,0,0,7,0,4,1,1,1,41,7,1968,2,1,-1,-1
2014460246546,1,9,0,18,0,0,0,0,0,0,1,1,6,1,18,4,1200,1,12,6,1
2014460246546,2,9,0,18,0,0,0,0,0,0,2,1,6,1,19,4,973,1,16,4,1
2014460246546,3,9,0,18,0,0,0,0,0,0,2,1,6,1,27,6,1149,1,4,-1,-1
2014460246547,1,9,0,1,0,0,0,0,0,0,0,1,1,3,-1,-1,-1,-1,-1,-1,-1
2014460246551,1,9,0,18,0,1,0,0,0,0,1,1,1,2,40,7,-1,-1,-1,7,2
2014460246551,2,9,0,9,0,5,0,0,7,0,2,1,3,2,41,7,1124,1,11,1,1
2014460246554,1,9,0,18,0,0,0,0,7,0,1,1,6,1,33,6,1968,2,6,9,2
2014460246554,2,9,0,18,0,0,0,0,0,0,3,1,6,1,23,5,1596,1,6,4,1
2014460246556,1,9,0,18,0,1,0,0,0,0,4,1,6,1,44,7,3175,1,12,5,1
2014460246559,1,19,0,4,0,0,0,0,0,0,1,1,1,1,35,6,1870,2,9,-1,-1
2014460246559,2,9,0,4,0,0,0,0,0,0,2,1,1,2,51,8,1968,2,2,-1,1
2014460246561,1,1,0,18,0,0,0,0,0,0,0,1,6,1,49,8,-1,-1,-1,8,3
2014460246564,1,5,0,18,0,0,0,0,0,0,4,1,2,1,43,7,1462,1,1,5,3
2014460246565,1,3,0,18,0,0,0,0,0,0,1,1,6,1,13,3,-1,-1,-1,4,1
2014460246565,2,9,0,18,0,0,0,0,0,0,3,1,6,2,21,5,1124,1,3,5,1
2014460246566,1,9,0,4,0,4,0,0,0,0,1,1,6,1,61,9,1984,1,17,4,1
2014460246566,2,1,0,5,0,3,0,0,0,0,4,1,6,1,50,8,-1,-1,-1,8,1
2014460246567,1,9,0,18,0,0,0,0,0,0,1,1,6,2,37,7,2000,2,3,9,3
2014460246567,2,9,0,18,0,0,0,0,0,0,1,1,6,1,22,5,1596,1,3,2,1
2014460246570,1,9,0,7,0,8,0,0,0,0,3,1,6,2,27,6,1984,1,11,7,1
2014460246570,2,9,0,7,0,8,0,0,0,0,4,1,6,1,45,7,2967,2,3,9,2
2014460246572,1,9,0,9,0,6,0,0,0,0,3,1,6,1,63,9,3059,2,19,5,1
2014460246572,2,9,0,18,0,1,0,0,0,0,1,1,6,1,76,11,1598,1,4,-1,-1
2014460246573,1,9,0,18,0,8,0,0,0,0,1,1,2,1,47,8,-1,-1,-1,4,2
2014460246573,2,9,0,4,0,8,0,0,0,0,2,1,2,1,48,8,1900,2,8,6,1
2014460246575,1,9,0,18,0,0,0,0,0,0,1,1,6,3,-1,-1,-1,-1,-1,-1,-1
2014460246576,1,9,0,18,0,0,0,0,0,0,1,1,6,3,-1,-1,-1,-1,-1,-1,-1
2014460246579,1,9,0,18,0,0,0,0,0,0,3,1,6,1,-1,-1,1796,1,12,-1,-1
2014460246579,2,1,0,18,0,0,0,0,0,0,4,1,6,2,48,8,-1,-1,-1,7,1
2014460246580,1,9,0,5,0,0,0,0,0,0,4,1,3,2,31,6,1997,2,4,5,1
2014460246580,2,9,0,18,0,0,0,0,0,0,4,1,3,1,27,6,1686,2,2,4,1
2014460246581,1,9,0,18,0,8,0,0,0,0,2,1,6,1,66,10,1560,2,-1,-1,-1
2014460246581,2,9,0,18,0,8,0,0,0,0,1,1,6,1,42,7,2231,2,1,7,1
2014460246583,1,9,0,9,0,3,0,0,0,0,0,1,6,3,-1,-1,-1,-1,-1,-1,-1
2014460246583,2,9,0,18,0,3,0,0,0,0,2,1,6,1,46,8,1560,2,1,7,1
2014460246583,3,9,0,18,0,3,0,0,0,0,2,1,6,1,22,5,1390,1,11,7,1
2014460246583,4,9,0,18,0,3,0,0,0,0,2,1,6,1,20,4,1198,1,5,7,1
2014460246583,5,9,0,18,0,3,0,0,0,0,2,1,6,1,51,8,1997,2,9,7,2
2014460246586,1,9,0,4,0,1,0,0,0,0,1,1,2,2,30,6,1242,1,2,10,1
2014460246586,2,9,0,4,0,1,0,0,0,0,2,1,2,1,35,6,1968,2,6,4,1
2014460246588,1,9,0,18,0,0,0,0,7,4,1,1,6,1,72,10,1560,2,9,8,1
2014460246589,1,4,0,12,0,0,0,10,0,0,1,1,6,2,19,4,-1,-1,-1,7,1
2014460246591,1,9,0,18,0,0,0,0,0,0,1,1,1,1,31,6,-1,-1,-1,8,2
2014460246591,2,9,0,4,0,0,0,0,0,0,2,1,1,1,27,6,-1,-1,-1,4,1
2014460246591,3,9,0,4,0,0,0,0,0,0,2,1,6,1,26,6,1461,2,9,5,1
2014460246594,1,9,0,18,0,0,0,0,0,0,3,1,6,1,71,10,1399,2,5,7,1
2014460246594,2,9,0,18,0,0,0,0,0,0,4,1,6,1,64,9,1956,2,1,4,1
2014460246597,1,1,0,17,0,1,1,0,1,7,1,1,6,1,50,8,-1,-1,-1,-1,-1
2014460246598,1,3,0,18,0,1,0,10,7,10,1,1,6,3,-1,-1,-1,-1,-1,-1,-1
2014460246598,2,9,0,10,0,1,0,0,0,0,2,1,6,2,63,9,1360,1,12,8,1
2014460246598,3,9,0,18,0,1,0,0,0,0,1,1,6,1,25,5,1686,2,1,2,1
2014460246600,1,9,0,9,0,8,0,0,0,0,3,1,6,3,-1,-1,-1,-1,-1,-1,-1
2014460246600,2,3,0,14,0,1,0,0,0,0,1,1,6,1,21,5,100,1,7,2,1
2014460246601,1,9,0,7,7,1,0,0,0,0,4,1,1,1,59,9,1598,1,4,-1,-1
2014460246603,1,9,0,18,0,4,5,0,0,0,1,1,1,1,36,7,2993,2,1,10,1
2014460246603,2,9,0,18,0,4,0,0,0,0,2,1,1,1,22,5,1149,1,9,3,1
2014460246610,1,9,0,18,0,4,5,9,3,0,1,1,6,1,25,5,1390,1,8,5,1
2014460246616,1,9,0,13,0,0,1,0,4,6,1,1,6,1,20,4,1390,1,5,7,1
2014460246616,2,9,0,18,0,0,0,0,0,0,2,1,6,1,49,8,1968,2,4,4,1
2014460246617,1,1,0,18,0,0,0,0,0,0,0,1,6,2,11,3,-1,-1,-1,5,1
2014460246621,1,9,0,18,0,1,0,0,0,0,1,1,6,2,49,8,1598,2,4,8,1
2014460246621,2,9,0,18,0,1,0,0,1,4,2,1,6,1,47,8,1124,1,12,7,1
2014460246623,1,21,1,18,0,0,0,0,0,0,1,1,1,1,39,7,10308,2,4,4,2
2014460246623,2,20,0,18,0,0,0,0,0,0,2,1,6,1,32,6,-1,-1,-1,-1,-1
2014460246623,3,20,0,18,0,0,0,0,0,0,2,1,6,1,54,8,-1,-1,-1,4,3
2014460246626,1,9,0,18,0,0,2,0,0,0,1,1,6,1,45,7,1360,1,14,4,1
2014460246626,2,11,0,4,0,0,0,0,0,0,1,1,1,1,24,5,-1,-1,-1,4,3
2014460246652,1,9,0,9,0,1,0,0,0,0,1,1,6,1,39,7,1797,8,4,-1,-1
2014460246652,2,9,0,18,0,1,0,0,0,0,3,1,6,1,28,6,1198,1,11,-1,-1
2014460246663,1,21,1,18,0,1,0,0,0,0,4,1,6,1,45,7,10518,2,8,-1,-1
2014460246663,2,1,0,18,0,1,0,0,0,0,1,1,6,1,18,4,-1,-1,-1,-1,-1
2014460246664,1,19,0,18,0,8,0,0,0,0,3,1,6,1,40,7,2300,2,8,6,1
2014460246664,2,9,0,14,0,1,0,0,0,0,1,1,6,2,46,8,1995,2,8,8,1
2014460246668,1,11,0,12,0,4,0,0,0,0,1,1,1,1,60,9,9000,2,1,8,1
2014460246668,2,19,0,18,0,4,0,0,0,0,4,1,6,1,-1,-1,-1,-1,-1,-1,-1
2014460246670,1,9,0,18,0,8,0,0,0,0,4,1,6,1,45,7,3400,6,15,5,1
2014460246670,2,9,0,7,0,8,0,0,0,0,1,1,6,2,35,6,1598,1,6,3,1
2014460246671,1,21,0,18,0,7,1,0,0,0,1,1,1,1,58,9,-1,-1,-1,-1,-1
2014460246671,2,2,0,18,0,2,0,0,0,0,2,1,6,1,17,4,49,1,-1,6,1
2014460246672,1,1,0,18,0,0,0,0,0,0,0,1,6,1,63,9,-1,-1,-1,-1,-1
2014460246673,1,9,0,17,0,0,0,10,1,4,1,1,6,1,21,5,973,1,12,4,1
2014460246684,1,9,0,18,0,7,0,0,0,0,1,1,6,2,-1,-1,1596,1,8,7,3
2014460246684,2,9,0,3,0,7,0,0,0,0,2,1,6,2,30,6,1199,1,12,7,1
2014460246684,3,9,0,3,0,7,0,0,0,0,2,1,6,3,-1,-1,1796,1,8,5,1
2014460246686,1,9,0,16,0,0,0,0,0,0,1,1,6,2,57,9,1299,1,13,6,1
2014460246686,2,11,0,3,0,0,0,0,0,0,1,1,1,1,59,9,3900,2,8,4,2