Accident_Index,Vehicle_Reference,Vehicle_Type,Towing_and_Articulation,Vehicle_Manoeuvre,Vehicle_Location-Restricted_Lane,Junction_Location,Skidding_and_Overturning,Hit_Object_in_Carriageway,Vehicle_Leaving_Carriageway,Hit_Object_off_Carriageway,1st_Point_of_Impact,Was_Vehicle_Left_Hand_Drive?,Journey_Purpose_of_Driver,Sex_of_Driver,Age_of_Driver,Age_Band_of_Driver,Engine_Capacity_(CC),Propulsion_Code,Age_of_Vehicle,Driver_IMD_Decile,Driver_Home_Area_Type
2014460247042,3,9,0,3,0,1,0,0,0,0,2,1,6,1,71,10,2435,1,13,6,3
2014460247042,4,9,0,18,0,1,0,0,0,0,3,1,6,1,45,7,998,1,-1,7,3
2014460247044,1,9,0,9,0,6,0,0,0,0,1,1,6,3,-1,-1,-1,-1,-1,-1,-1
2014460247044,2,3,0,18,0,1,0,0,0,0,4,1,6,1,18,4,124,1,4,7,2
2014460247045,1,19,0,7,0,8,0,0,0,0,4,1,1,1,40,7,2143,2,1,1,1
2014460247046,1,9,0,7,0,6,0,0,0,0,1,1,6,1,30,6,1910,2,10,6,3
2014460247046,2,9,0,18,0,1,0,0,0,0,4,1,6,2,46,8,1560,2,3,6,3
2014460247051,1,9,0,18,0,0,1,0,1,4,1,1,6,1,40,7,1229,1,-1,9,1
2014460247052,1,1,0,18,0,0,0,0,0,0,1,1,6,1,-1,-1,-1,-1,-1,1,1
2014460247052,2,10,0,2,0,0,0,0,0,0,3,1,6,3,-1,-1,2402,2,8,2,1
2014460247055,1,9,0,18,0,1,0,0,0,0,4,1,6,3,-1,-1,-1,-1,-1,-1,-1
2014460247055,2,9,0,4,0,1,0,0,0,0,3,1,6,1,28,6,1250,1,14,1,1
2014460247058,1,9,0,9,0,6,0,0,0,0,1,1,6,1,23,5,1560,2,3,6,1
2014460247058,2,2,0,18,0,8,0,0,0,0,1,1,6,1,24,5,49,1,5,8,3
2014460247065,1,1,0,18,0,0,0,0,0,0,0,1,6,1,49,8,-1,-1,-1,-1,-1
2014460247067,1,9,0,5,0,0,0,1,0,0,3,1,6,1,-1,-1,1968,2,8,6,1
2014460247067,2,9,0,2,0,0,0,1,0,0,3,1,6,2,26,6,1753,2,10,7,1
2014460247071,1,9,0,9,0,8,0,0,0,0,1,1,6,1,61,9,1596,1,7,2,1
2014460247071,2,9,0,10,0,1,0,0,0,0,3,1,6,1,29,6,1124,1,13,4,1
2014460247078,1,5,0,18,0,0,0,0,1,10,4,1,2,1,38,7,800,1,19,8,1
2014460247082,1,20,0,18,0,0,0,0,0,0,4,1,1,3,-1,-1,-1,-1,-1,-1,-1
2014460247085,1,9,0,17,0,0,0,0,0,0,1,1,6,2,18,4,1240,1,11,7,2
2014460247085,2,9,0,16,0,0,0,0,0,0,1,1,6,1,58,9,1598,1,10,7,2
2014460247088,1,9,0,18,0,0,0,0,0,0,1,1,6,1,65,9,998,1,4,7,2
2014460247088,2,9,0,4,0,0,0,0,0,0,2,1,6,2,48,8,1995,2,3,8,2
2014460247090,1,9,0,18,0,2,1,10,1,9,1,1,6,1,46,8,3246,1,13,7,1
2014460247091,1,9,0,18,0,0,0,0,0,0,1,1,6,1,29,6,1995,2,12,9,1
2014460247091,2,9,0,4,0,0,0,0,0,0,2,1,6,1,26,6,1560,2,6,8,3
2014460247092,1,9,0,18,0,2,0,0,0,0,1,1,6,2,48,8,-1,-1,-1,-1,1
2014460247092,2,9,0,18,0,1,0,0,0,0,1,1,6,2,24,5,1360,1,12,7,3
2014460247096,1,9,0,3,0,1,0,0,0,0,1,1,6,1,36,7,1995,2,6,-1,-1
2014460247096,2,9,0,10,0,5,0,0,0,0,2,1,6,1,28,6,1596,1,4,-1,-1
2014460247099,1,9,0,4,0,0,1,0,0,0,1,1,6,1,44,7,-1,-1,-1,10,1
2014460247099,2,9,0,3,0,0,0,0,0,0,2,1,6,2,25,5,998,1,7,10,1
2014460247099,3,9,0,4,0,0,1,0,0,0,1,1,6,2,40,7,1360,1,10,8,1
2014460247105,1,9,0,18,0,0,0,12,0,0,1,1,6,1,24,5,1910,2,11,-1,-1
2014460247105,2,9,0,18,0,0,0,12,0,0,1,1,6,1,21,5,1461,2,4,-1,-1
2014460247110,1,9,0,18,0,0,0,0,0,0,4,1,6,3,-1,-1,-1,-1,-1,-1,-1
2014460247112,1,9,0,5,0,1,0,0,0,0,1,1,6,2,58,9,1086,1,4,-1,-1
2014460247121,1,90,0,18,0,0,2,0,0,0,4,1,1,1,44,7,-1,-1,-1,4,1
2014460247123,1,4,0,18,0,8,0,11,0,0,1,1,2,1,29,6,498,1,11,-1,-1
2014460247129,1,5,0,12,0,7,0,0,0,0,3,1,6,1,42,7,1340,1,4,-1,-1
2014460247129,2,9,0,18,0,2,0,0,0,0,4,1,6,1,64,9,-1,-1,-1,-1,-1
2014460247134,1,9,0,18,0,0,0,0,0,0,1,1,6,1,-1,-1,-1,-1,-1,-1,-1
2014460247134,2,1,0,18,0,0,0,0,0,0,2,1,6,1,32,6,-1,-1,-1,-1,-1
2014460247135,1,9,0,18,0,0,0,0,0,0,1,1,6,1,30,6,-1,-1,-1,-1,-1
2014460247135,2,1,0,18,0,0,0,0,0,0,2,1,2,1,44,7,-1,-1,-1,-1,-1
2014460247136,1,19,0,18,0,0,0,4,0,0,1,1,6,1,48,8,2400,2,10,1,1
2014460247136,2,21,0,4,0,0,0,4,0,0,2,1,1,1,47,8,7146,2,1,3,1
2014460247137,1,9,0,18,0,0,0,0,0,0,1,1,6,1,38,7,2183,2,3,7,1
2014460247137,2,9,0,18,0,0,0,0,0,0,1,1,6,1,27,6,-1,-1,-1,6,3
2014460247139,1,9,0,18,0,5,0,0,0,0,1,1,1,1,23,5,-1,-1,-1,4,1
2014460247139,2,9,0,18,0,5,0,0,0,0,2,1,6,2,36,7,2231,2,2,3,1
2014460247139,3,9,0,18,0,5,0,0,0,0,2,1,6,1,45,7,1598,2,-1,4,1
2014460247139,4,9,0,18,0,5,0,0,0,0,2,1,6,1,51,8,-1,-1,-1,-1,-1
2014460247140,1,9,0,9,0,5,0,0,0,0,1,1,6,1,52,8,2967,1,12,-1,-1
2014460247140,2,9,0,10,0,5,0,0,0,0,2,1,6,1,52,8,2198,1,13,-1,-1
2014460247140,3,9,0,18,0,1,0,0,0,0,1,1,6,2,28,6,2143,2,4,-1,-1
2014460247141,1,9,0,18,0,0,0,0,0,0,1,1,6,1,25,5,1398,2,3,9,2
2014460247143,1,9,0,16,0,0,0,0,8,10,1,1,6,2,19,4,1390,1,16,2,1
2014460247146,1,9,0,4,0,1,0,0,0,0,1,1,6,1,45,7,-1,-1,-1,-1,-1
2014460247146,2,9,0,3,0,1,0,0,0,0,2,1,1,1,24,5,1390,1,4,9,1
2014460247149,1,1,0,18,0,1,0,0,0,0,4,1,6,2,48,8,-1,-1,-1,-1,-1
2014460247149,2,9,0,4,0,1,0,0,0,0,1,1,6,1,29,6,1396,1,12,5,1
2014460247150,1,8,0,18,0,1,0,0,0,0,1,1,1,1,62,9,2902,2,10,8,1
2014460247152,1,11,0,18,0,1,1,0,0,0,1,1,1,1,64,9,5900,2,6,-1,1
2014460247153,1,9,0,18,0,8,0,0,0,0,0,1,2,2,47,8,1910,2,9,7,1
2014460247153,2,1,0,11,0,6,0,10,1,0,1,1,4,1,13,3,-1,-1,-1,4,1
2014460247156,1,9,0,16,0,1,0,0,7,4,1,1,6,2,22,5,1199,1,12,-1,3
2014460247159,1,9,0,2,0,1,0,0,0,0,3,1,6,3,-1,-1,-1,-1,-1,-1,-1
2014460247159,2,1,0,18,0,1,0,0,0,0,1,1,6,1,46,8,-1,-1,-1,8,1
2014460247161,1,1,0,18,0,0,0,0,4,6,1,1,6,1,45,7,-1,-1,-1,5,1
2014460247165,1,9,0,7,0,6,1,0,0,0,3,1,4,1,18,4,-1,-1,-1,-1,-1
2014460247167,1,9,0,4,0,0,0,0,0,0,3,1,6,3,-1,-1,-1,-1,-1,-1,-1
2014460247167,2,9,0,3,0,0,0,0,0,0,3,1,6,1,64,9,2184,2,12,6,1
2014460247171,1,9,0,18,0,4,0,0,0,0,1,1,6,2,54,8,1796,1,7,3,1
2014460247171,2,1,0,18,0,3,0,0,0,0,3,1,6,1,39,7,-1,-1,-1,4,1
2014460247180,1,9,0,9,0,6,0,0,0,0,1,1,6,2,45,7,1198,1,2,-1,-1
2014460247180,2,9,0,18,0,1,0,0,0,0,4,1,6,2,60,9,1598,1,6,7,3
2014460247185,1,9,0,11,0,1,0,0,0,0,4,1,6,3,-1,-1,-1,-1,-1,-1,-1
2014460247185,2,9,0,18,0,1,0,0,0,0,3,1,6,2,34,6,998,1,4,10,1
2014460247187,1,8,0,2,0,0,0,0,0,0,0,1,1,1,48,8,1896,2,4,-1,-1
2014460247188,1,1,0,18,0,0,1,0,0,0,0,1,6,1,17,4,-1,-1,-1,6,3
2014460247190,1,9,0,9,0,6,0,0,0,0,1,1,1,2,22,5,1587,1,7,-1,-1
2014460247190,2,9,0,18,0,8,0,0,0,0,4,1,1,2,26,6,998,1,3,4,1
2014460247207,1,9,0,9,0,8,0,0,0,0,1,1,6,2,31,6,1956,2,-1,7,1
2014460247207,2,9,0,18,0,8,0,0,0,0,1,1,6,2,31,6,1422,2,6,9,1
2014460247210,1,9,0,18,0,0,0,4,0,0,4,1,6,3,-1,-1,-1,-1,-1,-1,-1
2014460247210,2,9,0,2,0,0,0,0,0,0,3,1,6,1,43,7,2198,1,8,5,1
2014460247214,1,9,0,9,0,1,0,0,0,0,1,1,6,1,-1,-1,2286,2,31,8,1
2014460247214,2,9,0,3,0,1,0,0,0,0,1,1,6,1,68,10,1999,1,9,8,1
2014460247219,1,1,0,18,0,0,1,0,0,0,4,1,6,1,24,5,-1,-1,-1,3,1
2014460247220,1,9,0,1,0,1,0,0,0,0,2,1,6,3,-1,-1,-1,-1,-1,-1,-1
2014460247221,1,9,0,18,0,0,1,0,0,0,3,1,6,2,65,9,1339,1,2,10,1
2014460247221,2,9,0,18,0,0,0,0,0,0,3,1,6,2,65,9,-1,-1,-1,6,3
2014460247230,1,9,0,4,0,4,0,0,0,0,3,1,2,1,40,7,1590,1,13,1,1
2014460247230,2,1,0,18,0,3,1,0,0,0,1,1,2,1,33,6,-1,-1,-1,6,1
2014460247231,1,9,0,18,0,1,0,0,0,0,1,1,6,2,46,8,-1,-1,-1,3,1
2014460247231,2,9,0,4,0,1,0,0,0,0,2,1,6,1,29,6,2926,2,12,4,1
2014460247234,1,9,0,18,0,1,0,0,0,0,1,1,6,1,17,4,1388,1,6,2,1
2014460247234,2,9,0,4,0,1,0,0,0,0,2,1,6,1,-1,-1,1896,2,9,3,1
2014460247237,1,19,0,18,0,0,0,0,0,0,1,1,6,1,39,7,2198,2,1,-1,-1
2014460247237,2,9,0,18,0,0,0,0,0,0,2,1,6,1,73,10,998,1,1,-1,-1
2014460247242,1,9,0,4,0,1,0,0,0,0,1,1,6,2,49,8,1839,1,17,-1,-1
2014460247242,2,9,0,4,0,4,0,0,0,0,2,1,6,1,39,7,2179,2,2,-1,-1
2014460247246,1,9,0,9,0,6,0,0,0,0,1,1,6,2,68,10,1199,1,11,5,3
2014460247246,2,1,0,18,0,8,0,0,2,4,4,1,6,1,50,8,-1,-1,-1,8,1
2014460247249,1,9,0,4,0,0,1,0,0,0,1,1,6,1,56,9,1598,2,3,10,1
2014460247249,2,9,0,4,0,0,0,0,0,0,2,1,6,1,25,5,1598,1,15,7,3
2014460247249,3,9,0,4,0,0,0,0,0,0,2,1,6,1,59,9,2179,2,2,10,2
2014460247249,4,9,0,4,0,0,0,0,0,0,2,1,6,1,54,8,-1,-1,-1,8,1
2014460247250,1,10,0,18,0,0,0,0,0,0,1,1,1,1,72,10,2463,2,9,-1,-1
2014460247250,2,9,0,18,0,0,0,0,0,0,2,1,2,1,52,8,1948,1,15,6,2
2014460247250,3,9,0,18,0,0,0,0,0,0,2,1,2,2,51,8,1598,1,6,6,2
2014460247250,4,9,0,18,0,0,0,0,0,0,2,1,2,2,18,4,998,1,8,4,1
2014460247250,5,9,0,18,0,0,0,0,0,0,2,1,2,2,42,7,1968,2,3,2,1
2014460247251,1,3,0,4,0,0,1,4,0,0,1,1,1,1,23,5,-1,-1,-1,-1,-1
2014460247251,2,9,0,2,0,0,0,0,0,0,0,1,6,1,40,7,1242,1,11,-1,-1
2014460247254,1,9,0,18,0,0,0,0,1,0,1,1,6,3,-1,-1,-1,-1,-1,-1,-1
2014460247254,2,9,0,18,0,0,0,0,1,0,2,1,6,2,52,8,998,1,6,1,1
2014460247256,1,9,0,18,0,8,0,0,0,0,4,1,6,1,60,9,1329,1,2,5,2
2014460247256,2,9,0,9,0,8,0,10,0,0,3,1,6,2,33,6,-1,-1,-1,9,1
2014460247257,1,9,0,18,0,3,0,0,0,0,1,1,6,1,34,6,1199,1,10,-1,-1
2014460247257,2,9,0,3,0,2,0,0,0,0,2,1,6,1,23,5,1299,1,12,-1,-1
2014460247259,1,1,0,4,0,0,0,0,0,0,1,1,6,1,16,4,-1,-1,-1,-1,-1
2014460247264,1,9,0,9,0,6,0,0,0,0,1,1,6,2,45,7,1560,2,2,-1,-1
2014460247264,2,9,0,18,0,1,0,0,0,0,3,1,1,2,62,9,1598,1,6,-1,-1
2014460247269,1,9,0,14,0,0,0,0,0,0,0,1,1,1,-1,-1,-1,-1,-1,-1,-1
2014460247269,2,9,0,4,0,0,0,0,0,0,0,1,6,1,48,8,1997,1,7,8,2
2014460247272,1,9,0,18,0,0,0,0,0,0,1,1,6,3,-1,-1,1997,2,3,-1,-1
2014460247272,2,9,0,18,0,0,0,0,0,0,2,1,6,1,47,8,1896,2,11,8,1
2014460247273,1,9,0,18,0,1,0,0,0,0,1,1,2,1,55,8,1299,1,18,9,1
2014460247273,2,3,0,4,0,4,0,0,0,0,2,1,2,1,31,6,124,1,2,8,1
2014460247278,1,19,0,18,0,0,0,0,0,0,4,1,6,2,20,4,-1,-1,-1,-1,-1
2014460247278,2,1,0,18,0,0,0,0,0,0,3,1,6,2,46,8,-1,-1,-1,-1,-1
2014460247286,1,19,4,18,0,0,4,0,0,7,1,1,6,1,32,6,2402,2,10,10,1
2014460247288,1,9,0,9,0,8,0,0,0,0,4,1,6,1,19,4,1242,1,12,2,1
2014460247288,2,2,0,18,0,8,0,0,0,0,1,1,6,1,26,6,49,1,3,8,1
2014460247289,1,9,0,18,0,0,0,0,1,1,1,1,6,1,26,6,1998,2,10,-1,-1
2014460247295,1,19,0,18,0,1,0,0,0,0,1,1,6,2,40,7,-1,-1,-1,-1,-1
2014460247295,2,9,0,18,0,1,0,0,0,0,4,1,6,2,23,5,1997,2,10,7,1
2014460247295,3,9,0,10,0,1,0,0,0,0,1,1,6,2,46,8,1388,1,8,3,1
2014460247296,1,9,0,7,0,6,0,0,0,0,1,1,6,2,42,7,1596,1,13,7,1
2014460247296,2,9,0,18,0,1,0,0,0,0,1,1,6,2,28,6,1870,2,9,5,1
2014460247298,1,9,0,18,0,0,0,0,0,0,1,1,6,1,26,6,1389,1,14,7,1
2014460247298,2,1,0,18,0,0,0,0,0,0,3,1,6,1,9,2,-1,-1,-1,-1,-1
2014460247300,1,9,0,14,0,0,0,0,0,0,1,1,6,2,28,6,1598,1,8,-1,-1
2014460247300,2,11,0,3,0,0,0,0,0,0,0,1,6,3,-1,-1,-1,-1,-1,-1,-1
2014460247303,1,2,0,18,0,0,0,0,0,0,1,1,6,3,-1,-1,-1,-1,-1,-1,-1
2014460247305,1,9,0,18,0,1,0,0,0,0,1,1,6,2,-1,-1,-1,-1,-1,-1,-1
2014460247305,2,9,0,3,0,1,0,0,0,0,2,1,6,2,20,4,998,1,16,7,3
2014460247307,1,21,1,12,0,0,0,0,0,0,3,2,1,1,45,7,-1,-1,-1,-1,-1
2014460247307,2,9,0,18,0,0,0,0,0,0,4,1,6,2,50,8,1242,1,5,3,1
2014460247310,1,1,0,18,0,0,0,0,0,0,0,1,6,1,78,11,-1,-1,-1,-1,-1
2014460247311,1,9,0,18,0,0,0,0,0,0,4,1,6,3,-1,-1,-1,-1,-1,-1,-1
2014460247319,1,9,0,9,0,2,0,0,0,0,4,1,6,3,-1,-1,-1,-1,-1,-1,-1
2014460247319,2,1,0,5,0,2,0,0,0,0,1,1,6,1,13,3,-1,-1,-1,-1,-1
2014460247320,1,9,0,7,0,2,0,0,0,0,3,1,6,1,52,8,1685,2,1,5,1
2014460247320,2,1,0,18,0,1,0,0,0,0,1,1,6,1,7,2,-1,-1,-1,5,1
2014460247324,1,20,0,1,0,0,0,0,0,0,2,1,3,1,40,7,-1,-1,-1,-1,-1
2014460247324,2,9,0,2,0,0,0,0,0,0,1,1,3,1,35,6,1598,1,12,-1,-1
2014460247325,1,9,0,6,8,0,0,0,0,0,3,1,1,1,46,8,1871,2,11,3,1
2014460247325,2,9,0,18,0,0,0,0,0,0,1,1,2,2,46,8,1598,1,7,6,2
2014460247332,1,9,0,1,0,6,0,0,0,0,2,1,6,1,30,6,1596,1,14,8,3
2014460247332,2,19,0,16,0,1,1,0,0,0,1,1,1,1,30,6,1998,2,11,4,1
2014460247337,1,9,0,4,0,8,0,0,0,0,1,1,6,2,40,7,998,1,3,-1,-1
2014460247337,2,9,0,18,0,8,0,0,0,0,2,1,6,3,-1,-1,-1,-1,-1,-1,-1
2014460247339,1,21,5,18,0,0,0,0,0,0,0,1,1,1,30,6,-1,2,20,2,1
2014460247339,2,9,0,18,0,0,2,11,1,4,1,1,2,2,58,9,1360,1,8,9,1
2014460247340,1,19,0,18,0,8,0,0,0,0,4,1,6,1,35,6,-1,-1,-1,-1,-1
2014460247340,2,9,0,18,0,8,0,0,0,0,3,1,6,1,49,8,1999,1,11,-1,-1
2014460247343,1,9,0,18,0,1,0,0,0,0,1,1,6,2,72,10,998,1,1,6,1
2014460247343,2,9,0,4,0,1,0,0,0,0,2,1,6,2,40,7,1995,2,4,6,1
2014460247343,3,9,0,4,0,1,0,0,0,0,2,1,6,2,52,8,1998,1,6,2,1
2014460247343,4,9,0,4,3,4,0,0,0,0,2,1,6,1,56,9,1598,1,1,6,1
2014460247348,1,19,0,4,0,0,0,0,0,0,1,1,1,1,50,8,1995,2,1,10,1
2014460247348,2,8,0,4,0,0,0,0,0,0,2,1,1,1,44,7,1997,2,3,1,1
2014460247348,3,9,0,4,0,0,0,0,0,0,2,1,2,2,47,8,1798,1,10,6,1
2014460247350,1,9,0,18,0,1,0,0,0,0,1,1,6,2,51,8,2143,2,3,-1,-1
2014460247350,2,9,0,2,0,2,0,0,0,0,2,1,6,2,-1,-1,1997,2,2,-1,-1
2014460247350,3,9,0,2,0,2,0,0,0,0,2,1,6,1,-1,-1,1398,2,4,-1,-1
2014460247350,4,9,0,2,0,2,0,0,0,0,2,1,6,1,-1,-1,1598,1,9,-1,-1
2014460247353,1,9,0,6,0,1,0,0,0,0,3,1,1,1,51,8,1461,2,4,8,1
2014460247353,2,3,0,18,0,1,0,0,0,0,1,1,1,1,44,7,100,1,10,9,1
2014460247356,1,9,0,18,0,0,0,0,0,0,4,1,6,1,73,10,1390,1,9,-1,1
2014460247356,2,1,0,18,0,0,0,0,1,0,3,1,6,1,43,7,-1,-1,-1,-1,-1
2014460247357,1,9,0,18,0,0,0,0,1,7,1,1,6,1,32,6,1560,2,1,-1,1
2014460247360,1,9,0,18,0,1,0,0,0,0,1,1,6,1,44,7,1596,1,11,7,1
2014460247360,2,9,0,18,0,1,0,0,0,0,2,1,6,1,36,7,1995,2,3,-1,-1
2014460247363,1,20,0,18,0,0,0,0,1,0,3,1,1,2,52,8,-1,-1,-1,-1,-1
2014460247363,2,21,0,18,0,0,0,0,0,0,4,1,1,1,37,7,-1,-1,-1,-1,-1
2014460247366,1,9,0,9,0,6,0,0,0,0,1,1,6,1,28,6,1598,1,11,-1,-1
2014460247366,2,9,0,18,0,8,0,0,0,0,4,1,6,1,28,6,2993,2,7,3,1
2014460247368,1,9,0,18,0,1,0,0,0,0,1,1,6,2,86,11,1197,1,-1,10,1
2014460247368,2,9,0,7,0,6,0,0,0,0,3,1,6,1,34,6,1560,2,2,-1,1
2014460247370,1,20,1,9,0,8,0,0,0,0,3,2,1,1,-1,-1,-1,-1,-1,-1,-1
2014460247370,2,9,0,18,0,8,0,0,0,0,4,1,2,2,34,6,-1,-1,-1,2,1
2014460247371,1,17,5,18,0,0,0,0,0,0,0,1,1,2,30,6,-1,2,9,8,3
2014460247371,2,16,0,18,0,0,0,0,0,0,0,1,6,2,27,6,-1,-1,-1,8,3
2014460247372,1,9,0,18,0,0,1,0,1,6,1,1,6,1,37,7,1598,1,9,4,1
2014460247372,2,9,0,18,0,0,0,0,0,0,1,1,6,1,26,6,1596,1,12,6,1
2014460247373,1,9,0,18,0,0,1,0,1,10,1,1,6,1,19,4,1124,1,12,6,3
2014460247375,1,9,0,18,0,0,0,0,0,0,1,1,6,3,-1,-1,-1,-1,-1,-1,-1
2014460247375,2,9,0,11,0,0,0,0,1,7,1,1,3,2,28,6,1598,1,6,7,1
2014460247375,3,19,0,18,0,0,0,0,2,7,1,1,2,1,54,8,1753,2,6,4,1
2014460247375,4,9,0,18,0,0,0,0,0,0,1,1,6,2,54,8,1398,2,4,4,1
2014460247377,1,9,0,9,0,5,0,0,0,0,1,1,1,2,60,9,1560,2,6,5,3
2014460247377,2,9,0,18,0,1,0,0,0,0,1,1,1,1,35,6,1489,1,17,8,1
2014460247379,1,9,0,18,0,0,0,0,0,0,1,1,6,2,48,8,1390,1,7,7,2
2014460247383,1,5,0,16,0,0,0,0,2,0,1,1,6,1,44,7,1050,1,5,7,2
2014460247383,2,9,0,18,0,0,0,0,0,0,3,1,6,2,21,5,796,1,11,4,2
2014460247384,1,8,0,9,0,2,0,0,0,0,3,1,6,1,67,10,2402,2,12,-1,-1
2014460247384,2,3,0,18,0,2,0,0,0,0,1,1,2,1,26,6,124,1,1,-1,-1
2014460247385,1,2,0,18,0,3,0,0,0,0,0,1,2,2,17,4,49,1,-1,7,1
2014460247386,1,9,0,9,0,1,0,0,0,0,3,1,1,2,26,6,1998,2,10,7,1
2014460247386,2,9,0,18,0,1,0,0,0,0,1,1,2,1,48,8,-1,-1,-1,7,3
2014460247388,1,9,0,7,0,2,0,0,0,0,3,1,6,1,24,5,1896,2,9,-1,3
2014460247388,2,21,0,18,0,1,0,0,0,0,3,1,6,1,62,9,12600,2,11,3,3
2014460247391,1,9,0,9,0,2,0,0,0,0,3,1,6,1,57,9,2997,1,11,-1,-1
2014460247391,2,19,0,18,0,1,0,0,0,0,1,1,6,1,20,4,1753,2,14,-1,-1
2014460247393,1,1,0,18,0,8,0,0,0,0,2,1,6,1,16,4,-1,-1,-1,3,1
2014460247393,2,1,0,18,0,8,0,0,0,0,1,1,6,1,18,4,-1,-1,-1,-1,-1
2014460247395,1,9,0,7,0,8,0,0,0,0,3,1,6,3,-1,-1,-1,-1,-1,-1,-1
2014460247395,2,11,0,18,0,8,0,0,0,0,4,1,1,1,61,9,-1,-1,-1,2,1
2014460247398,1,9,0,10,0,1,2,0,0,0,1,1,6,1,66,10,1242,1,5,4,2
2014460247398,2,9,0,18,0,1,2,0,0,0,1,1,6,2,35,6,-1,-1,-1,5,3
2014460247404,1,9,0,17,0,0,0,0,1,0,4,1,6,1,67,10,1995,2,6,6,3
2014460247409,1,9,0,18,0,1,0,0,0,0,1,1,6,1,-1,-1,1753,2,12,-1,-1
2014460247409,2,9,0,18,0,1,0,0,0,0,2,1,6,2,39,7,1560,2,7,1,1
2014460247414,1,9,0,8,0,1,0,0,0,0,2,1,1,2,31,6,1229,1,7,8,1
2014460247414,2,9,0,18,0,1,0,0,0,0,1,1,6,1,57,9,1229,1,3,5,3
2014460247416,1,9,0,18,0,8,0,0,0,0,1,1,6,1,25,5,2000,1,15,6,1
2014460247416,2,9,0,4,0,8,0,0,0,0,2,1,6,2,52,8,1796,1,6,8,1
2014460247429,1,9,0,18,0,0,1,0,2,7,4,1,6,2,32,6,1229,1,6,2,1
2014460247430,1,9,0,18,0,8,1,9,0,0,1,1,6,2,25,5,1299,1,15,4,2
2014460247431,1,9,0,18,0,0,1,0,8,6,1,1,6,1,18,4,2198,1,9,3,1
2014460247434,1,9,0,9,0,2,0,0,0,0,1,1,1,1,45,7,2231,2,7,-1,-1
2014460247434,2,3,0,13,0,1,0,0,0,0,1,1,6,1,29,6,125,1,1,-1,-1
2014460247436,1,9,0,18,0,1,0,4,0,0,1,1,6,2,24,5,1360,1,12,-1,-1
2014460247436,2,9,0,2,0,2,0,0,0,0,2,1,6,1,26,6,-1,-1,-1,-1,-1
2014460247436,3,9,0,2,6,2,0,0,0,0,1,1,6,1,-1,-1,1995,2,14,-1,-1
2014460247439,1,9,0,9,0,8,0,0,0,0,1,1,2,1,21,5,1388,1,10,7,1
2014460247439,2,9,0,18,0,1,0,0,0,0,1,1,6,2,32,6,3628,2,5,5,3
2014460247448,1,21,1,18,0,1,0,0,0,0,1,1,1,1,31,6,-1,-1,-1,-1,-1
2014460247448,2,9,0,18,0,1,1,0,0,0,2,1,3,2,34,6,1997,2,7,2,1
2014460247449,1,9,0,16,0,5,0,0,7,7,1,1,6,1,65,9,998,1,11,-1,-1
2014460247460,1,19,0,9,0,6,0,0,0,0,1,1,2,1,43,7,1995,2,5,-1,-1
2014460247460,2,9,0,18,0,1,0,0,0,0,4,1,6,2,23,5,1598,1,12,-1,-1
2014460247461,1,9,0,18,0,8,0,0,0,0,1,1,3,1,30,6,1796,1,14,1,1
2014460247461,2,9,0,9,0,5,0,0,0,0,1,1,3,2,29,6,998,1,1,4,1
2014460247469,1,9,0,18,0,8,0,0,0,0,1,1,6,2,20,4,1360,1,15,3,1
2014460247473,1,9,0,18,0,3,0,0,1,10,4,1,6,1,27,6,2457,1,8,5,2
2014460247479,1,5,0,14,0,1,0,0,0,0,1,1,2,1,22,5,-1,-1,-1,9,1
2014460247479,2,9,0,9,0,8,0,0,0,0,3,1,6,1,43,7,2993,2,6,8,1
2014460247479,3,9,0,3,0,1,0,0,0,0,0,1,6,1,61,9,1769,1,8,8,1
2014460247483,1,9,0,7,0,5,0,0,0,0,3,1,6,1,49,8,1199,1,11,7,1
2014460247483,2,9,0,10,0,2,0,0,0,0,3,1,6,1,25,5,1753,2,7,3,1
2014460247486,1,9,0,18,0,2,0,0,0,0,3,1,6,2,57,9,1598,2,-1,10,1
2014460247486,2,1,0,18,0,2,0,0,0,0,1,1,6,1,28,6,-1,-1,-1,4,1
2014460247496,1,3,0,18,9,0,0,0,0,0,1,1,6,3,-1,-1,-1,-1,-1,-1,-1
2014460247499,1,9,0,4,0,0,0,0,0,0,1,1,6,2,43,7,1896,2,10,9,1
2014460247499,2,9,0,3,0,0,0,0,0,0,2,1,6,1,35,6,2000,2,3,-1,1
2014460247500,1,9,0,18,0,1,0,0,0,0,1,1,6,2,69,10,1596,1,7,4,3
2014460247501,1,4,0,18,0,0,1,0,0,0,3,1,2,1,33,6,-1,-1,-1,-1,-1
2014460247502,1,9,0,9,0,8,0,0,0,0,1,1,6,1,62,9,1362,1,2,5,2
2014460247502,2,9,0,18,0,1,0,0,0,0,1,1,6,2,53,8,999,1,-1,9,1
2014460247503,1,9,0,9,0,8,0,0,0,0,4,1,6,2,48,8,-1,-1,-1,4,1
2014460247503,2,9,0,18,0,1,0,0,0,0,1,1,6,1,35,6,-1,-1,-1,5,1
2014460247503,3,9,0,8,0,1,0,0,0,0,1,1,6,1,32,6,-1,-1,-1,8,1
2014460247509,1,9,0,10,0,1,0,0,0,0,3,1,6,1,20,4,1999,1,8,7,2