Accident_Index,Vehicle_Reference,Vehicle_Type,Towing_and_Articulation,Vehicle_Manoeuvre,Vehicle_Location-Restricted_Lane,Junction_Location,Skidding_and_Overturning,Hit_Object_in_Carriageway,Vehicle_Leaving_Carriageway,Hit_Object_off_Carriageway,1st_Point_of_Impact,Was_Vehicle_Left_Hand_Drive?,Journey_Purpose_of_Driver,Sex_of_Driver,Age_of_Driver,Age_Band_of_Driver,Engine_Capacity_(CC),Propulsion_Code,Age_of_Vehicle,Driver_IMD_Decile,Driver_Home_Area_Type
2014460247509,2,9,0,9,0,6,0,0,0,0,1,1,6,2,65,9,1598,1,11,9,3
2014460247511,1,9,0,7,0,6,0,0,0,0,0,1,6,3,-1,-1,-1,-1,-1,-1,-1
2014460247511,2,11,0,5,0,1,0,0,0,0,0,1,1,2,-1,-1,-1,-1,-1,2,1
2014460247515,1,9,0,18,2,1,0,0,0,0,1,1,1,1,25,5,1968,2,3,4,3
2014460247517,1,9,0,18,0,1,0,0,0,0,1,1,6,1,19,4,1242,1,11,2,1
2014460247517,2,9,0,18,0,2,0,0,0,0,1,1,6,2,30,6,1956,2,4,6,1
2014460247519,1,2,0,5,0,8,0,0,0,0,3,1,6,1,18,4,49,1,4,-1,-1
2014460247519,2,9,0,18,0,1,0,0,0,0,1,1,6,1,64,9,1988,1,16,-1,-1
2014460247522,1,9,0,7,0,6,0,0,1,0,1,1,6,1,85,11,998,1,-1,4,2
2014460247522,2,20,0,3,0,1,0,0,0,0,4,1,1,1,51,8,6693,2,1,2,1
2014460247522,3,9,0,2,0,1,0,0,0,0,4,1,6,1,21,5,973,1,12,9,1
2014460247522,4,9,0,2,9,1,0,0,0,0,1,1,6,2,38,7,1896,2,8,3,1
2014460247522,5,9,0,2,9,1,0,0,0,0,4,1,6,2,27,6,1598,1,7,3,1
2014460247527,1,9,0,11,0,8,0,0,0,0,1,1,6,1,58,9,1242,1,13,6,1
2014460247528,1,21,0,18,0,4,0,0,0,0,1,1,1,1,46,8,4250,2,3,-1,-1
2014460247528,2,9,0,4,0,4,0,0,0,0,2,1,6,2,31,6,1968,2,3,-1,-1
2014460247530,1,4,0,16,0,2,0,0,7,4,1,1,6,1,27,6,-1,-1,-1,-1,-1
2014460247533,1,1,0,18,0,2,0,0,3,0,1,1,6,1,29,6,-1,-1,-1,1,1
2014460247533,2,9,0,18,0,1,0,0,0,0,3,1,3,2,67,10,998,1,-1,1,1
2014460247537,1,9,0,16,0,0,2,0,2,10,4,1,6,1,52,8,1796,1,13,-1,-1
2014460247541,1,19,0,18,0,0,0,0,0,0,3,1,6,1,39,7,1753,2,11,7,1
2014460247542,1,9,0,18,0,0,0,0,0,0,1,1,6,1,63,9,1242,1,15,-1,-1
2014460247542,2,9,0,3,0,0,0,0,0,0,2,1,6,2,38,7,1956,2,1,-1,-1
2014460247545,1,5,0,14,0,1,0,0,0,0,4,1,2,1,52,8,645,1,4,-1,-1
2014460247545,2,9,0,9,0,5,0,0,0,0,3,1,6,1,47,8,1968,2,2,-1,-1
2014460247558,1,5,0,4,0,0,0,0,0,0,3,1,6,1,47,8,1137,1,15,4,1
2014460247561,1,9,0,9,0,2,0,0,0,0,1,1,6,1,44,7,-1,-1,-1,-1,-1
2014460247566,1,9,0,18,0,0,0,0,0,0,1,1,6,1,59,9,1198,1,10,-1,-1
2014460247566,2,9,0,3,0,0,0,0,0,0,2,1,6,2,49,8,2954,1,20,9,3
2014460247566,3,9,0,3,0,0,0,0,0,0,2,1,6,1,30,6,1968,2,-1,9,2
2014460247566,4,9,0,3,0,0,0,0,0,0,3,1,1,1,22,5,1199,1,12,8,1
2014460247568,1,9,0,18,0,8,2,0,7,10,1,1,6,2,34,6,1461,2,1,9,3
2014460247570,1,9,0,18,0,0,0,0,0,0,1,1,2,1,32,6,-1,-1,-1,-1,3
2014460247570,2,9,0,18,0,0,0,0,0,0,2,1,2,2,22,5,1242,1,5,-1,-1
2014460247570,3,9,0,18,0,0,0,0,0,0,2,1,2,1,61,9,-1,-1,-1,5,1
2014460247571,1,9,0,18,0,4,0,0,0,0,3,1,6,2,46,8,1149,1,6,-1,-1
2014460247571,2,9,0,18,0,1,0,0,0,0,1,1,6,1,32,6,2793,1,14,-1,-1
2014460247573,1,9,0,18,0,0,0,0,1,4,1,1,6,2,57,9,1242,1,2,8,3
2014460247573,2,9,0,18,0,0,5,0,0,0,1,1,6,1,52,8,1598,1,-1,-1,-1
2014460247573,3,9,0,18,0,0,0,0,1,4,1,1,6,1,56,9,1988,2,10,-1,-1
2014460247575,1,9,0,9,0,1,0,0,0,0,1,1,6,1,21,5,4163,1,10,-1,-1
2014460247575,2,4,0,18,0,1,0,0,0,0,1,1,6,1,34,6,-1,-1,-1,-1,-1
2014460247577,1,9,0,18,0,0,0,0,7,4,1,1,6,2,21,5,1587,1,10,-1,-1
2014460247578,1,19,0,4,0,2,0,0,0,0,1,1,6,1,26,6,2198,2,1,-1,-1
2014460247578,2,9,0,4,0,2,0,0,0,0,2,1,6,2,37,7,1997,2,6,-1,-1
2014460247578,3,9,0,4,0,2,0,0,0,0,2,1,6,1,49,8,-1,-1,-1,-1,-1
2014460247580,1,90,0,18,0,3,0,0,0,0,4,1,1,3,-1,-1,-1,-1,-1,-1,-1
2014460247580,2,1,0,18,0,3,0,0,0,0,2,1,6,1,22,5,-1,-1,-1,1,1
2014460247582,1,9,0,9,0,5,0,0,0,0,4,1,6,1,37,7,1587,1,9,3,1
2014460247582,2,9,0,18,0,1,0,0,0,0,1,1,6,1,41,7,1998,2,6,3,1
2014460247584,1,9,0,16,0,8,0,0,7,1,1,1,6,1,38,7,1896,2,10,-1,-1
2014460247585,1,1,0,18,0,2,0,0,0,0,1,1,6,1,49,8,-1,-1,-1,-1,-1
2014460247588,1,9,0,17,0,0,1,0,0,0,1,1,6,1,34,6,1753,2,11,-1,-1
2014460247588,2,9,0,16,0,0,0,0,0,0,3,1,6,1,39,7,1997,1,12,-1,-1
2014460247589,1,9,0,18,0,1,0,0,0,0,1,1,6,3,-1,-1,-1,-1,-1,-1,-1
2014460247589,2,9,0,3,0,1,0,0,0,0,2,1,1,2,38,7,1997,2,7,3,1
2014460247593,1,21,0,18,0,0,0,0,0,0,1,1,1,3,-1,-1,-1,-1,-1,-1,-1
2014460247593,2,9,0,18,0,0,0,0,0,0,2,1,2,1,35,6,1368,1,5,5,1
2014460247594,1,9,0,9,0,1,0,0,0,0,1,1,6,1,50,8,1199,1,11,5,1
2014460247594,2,9,0,18,0,1,0,0,0,0,3,1,6,2,36,7,1781,1,11,4,1
2014460247596,1,4,0,13,0,0,0,10,0,0,1,1,6,1,16,4,125,1,9,4,3
2014460247601,1,1,0,18,0,0,0,12,0,0,3,1,6,2,45,7,-1,-1,-1,3,1
2014460247603,1,9,0,5,0,1,0,0,0,0,0,1,6,2,28,6,1360,1,13,4,1
2014460247605,1,9,0,18,0,0,0,0,0,0,2,1,6,2,31,6,1299,1,6,3,1
2014460247605,2,9,0,18,0,0,0,0,0,0,1,1,6,1,40,7,1800,1,16,3,1
2014460247606,1,9,0,18,0,0,1,0,0,0,1,1,2,2,28,6,1229,1,4,10,1
2014460247606,2,9,0,18,0,0,0,0,0,0,2,1,2,1,44,7,1398,2,1,4,1
2014460247606,3,9,0,18,0,0,0,0,0,0,2,1,2,2,39,7,1598,1,2,7,1
2014460247610,1,9,0,4,0,1,1,0,0,0,1,1,6,2,18,4,998,1,5,-1,-1
2014460247610,2,9,0,3,0,2,0,0,0,0,2,1,6,2,38,7,1598,1,9,-1,-1
2014460247612,1,9,0,5,0,3,0,10,8,10,1,1,6,1,71,10,1197,1,2,10,1
2014460247612,2,20,0,18,0,4,0,0,0,0,4,1,1,1,43,7,7146,2,3,6,1
2014460247615,1,9,0,9,0,8,0,0,0,0,2,1,6,1,28,6,1560,2,9,5,1
2014460247615,2,9,0,9,0,8,0,0,0,0,2,1,6,2,34,6,1299,1,10,5,1
2014460247615,3,9,0,18,0,8,0,0,0,0,2,1,6,1,39,7,1598,1,10,3,1
2014460247619,1,9,0,13,0,7,0,0,0,0,4,1,6,1,50,8,1596,1,2,5,1
2014460247619,2,20,1,18,0,7,0,0,0,0,3,1,1,1,36,7,-1,-1,-1,1,1
2014460247619,3,9,0,14,0,7,0,4,0,0,3,1,6,1,27,6,1896,2,9,3,1
2014460247619,4,9,0,14,0,7,0,4,0,0,1,1,6,1,48,8,-1,-1,-1,2,2
2014460247621,1,9,0,9,0,6,0,0,0,0,1,1,6,1,46,8,-1,-1,-1,-1,-1
2014460247621,2,9,0,18,0,8,0,0,0,0,4,1,6,1,56,9,1995,2,-1,-1,-1
2014460247623,1,9,0,18,0,0,0,0,0,0,1,1,6,2,18,4,1364,1,-1,-1,-1
2014460247624,1,9,0,7,0,5,0,10,0,0,1,1,6,1,18,4,1587,1,8,8,2
2014460247625,1,9,0,18,0,8,0,0,0,0,0,1,6,3,-1,-1,-1,-1,-1,-1,-1
2014460247625,2,9,0,18,0,8,0,0,0,0,4,1,6,1,51,8,1598,1,2,-1,-1
2014460247627,1,9,0,18,0,0,0,0,0,0,1,1,6,1,27,6,1598,1,4,2,1
2014460247628,1,19,0,18,0,1,0,0,0,0,1,1,6,3,-1,-1,2402,2,6,-1,-1
2014460247628,2,1,0,7,0,1,0,0,0,0,1,1,6,1,42,7,-1,-1,-1,2,1
2014460247634,1,9,0,18,0,4,5,9,0,0,0,1,6,1,37,7,1998,2,7,-1,-1
2014460247649,1,9,0,9,0,6,0,0,0,0,1,1,6,2,28,6,1560,2,10,1,1
2014460247649,2,9,0,18,0,8,0,0,0,0,1,1,6,2,27,6,1783,1,12,5,1
2014460247651,1,9,0,13,0,0,0,0,0,0,0,1,6,3,-1,-1,-1,-1,-1,-1,-1
2014460247651,2,4,0,18,0,0,1,0,0,0,0,1,2,1,46,8,645,1,12,4,1
2014460247652,1,9,0,18,0,0,0,0,0,0,2,1,6,1,35,6,-1,-1,-1,-1,-1
2014460247652,2,1,0,18,0,0,0,0,0,0,1,1,6,1,67,10,-1,-1,-1,5,1
2014460247654,1,8,0,7,0,8,0,0,0,0,1,1,6,3,-1,-1,-1,-1,-1,8,1
2014460247654,2,1,0,18,0,8,0,0,0,0,4,1,6,1,39,7,-1,-1,-1,2,1
2014460247656,1,3,0,18,0,1,0,0,0,0,1,1,2,1,18,4,114,1,-1,7,1
2014460247657,1,9,0,7,0,6,0,0,0,0,4,1,6,1,62,9,1991,2,7,-1,3
2014460247657,2,9,0,9,0,5,0,0,0,0,3,1,6,2,22,5,1242,1,2,6,3
2014460247660,1,9,0,13,0,0,0,0,0,0,4,1,6,2,35,6,-1,-1,-1,-1,-1
2014460247660,2,1,0,18,0,0,0,0,0,0,2,1,6,2,43,7,-1,-1,-1,8,1
2014460247661,1,9,0,9,0,8,0,0,0,0,0,1,6,3,-1,-1,-1,-1,-1,-1,-1
2014460247661,2,9,0,18,0,1,0,0,0,0,2,1,2,2,23,5,1149,1,6,7,3
2014460247661,3,20,0,18,0,1,0,0,0,0,1,1,1,1,58,9,5880,2,8,9,3
2014460247661,4,9,0,18,0,1,0,0,0,0,2,1,2,2,51,8,1240,1,5,-1,-1
2014460247674,1,9,0,18,0,4,0,0,0,0,1,1,1,1,40,7,1999,1,13,3,1
2014460247674,2,8,0,18,0,8,0,0,0,0,1,1,6,1,43,7,-1,-1,-1,5,1
2014460247681,1,9,0,9,0,6,0,0,0,0,1,1,6,2,48,8,1910,2,11,9,3
2014460247681,2,9,0,18,0,8,0,0,0,0,4,1,6,2,68,10,1598,1,3,4,1
2014460247682,1,9,0,4,0,1,0,0,0,0,2,1,6,2,58,9,1587,1,8,4,1
2014460247682,2,9,0,18,0,1,0,0,0,0,1,1,6,1,28,6,2997,1,17,9,1
2014460247684,1,9,0,18,0,0,0,0,0,0,3,1,3,2,29,6,1997,1,11,1,1
2014460247686,1,9,0,16,0,1,0,4,0,0,1,1,2,2,30,6,1390,1,16,-1,-1
2014460247686,2,9,0,2,0,1,0,4,0,0,2,1,6,2,-1,-1,1398,1,4,-1,-1
2014460247686,3,9,0,2,0,1,0,4,0,0,2,1,6,1,-1,-1,1598,1,17,-1,-1
2014460247688,1,9,0,5,0,2,0,0,0,0,1,1,6,2,65,9,1998,1,12,-1,-1
2014460247688,2,3,0,14,0,2,0,0,0,0,1,1,6,1,51,8,125,1,2,-1,-1
2014460247690,1,9,0,6,0,0,0,0,0,0,4,1,1,2,46,8,1461,2,4,5,1
2014460247690,2,5,0,18,0,0,0,0,0,0,1,1,6,1,53,8,1050,1,6,3,1
2014460247698,1,9,0,9,0,8,1,0,2,7,1,1,6,1,-1,-1,2171,1,13,9,1
2014460247699,1,9,0,18,0,0,0,0,0,0,1,1,6,1,75,10,1240,1,7,-1,-1
2014460247703,1,9,0,9,0,8,0,0,0,0,4,1,6,2,63,9,1560,2,2,4,1
2014460247703,2,1,0,18,0,8,0,0,0,0,1,1,6,1,36,7,-1,-1,-1,5,1
2014460247705,1,9,0,7,0,8,0,0,0,0,4,1,6,3,-1,-1,-1,-1,-1,-1,-1
2014460247705,2,1,0,7,0,8,0,0,0,0,1,1,6,1,40,7,-1,-1,-1,6,1
2014460247708,1,1,0,18,0,0,0,0,0,0,3,1,6,1,64,9,-1,-1,-1,3,1
2014460247709,1,9,0,9,0,6,0,0,0,0,1,1,6,1,62,9,1600,1,3,5,2
2014460247709,2,9,0,18,0,8,0,0,0,0,3,1,6,2,58,9,1242,1,-1,8,1
2014460247711,1,9,0,9,0,1,0,0,0,0,0,1,6,1,66,10,1968,2,1,9,2
2014460247711,2,5,0,18,0,8,1,0,0,0,0,1,6,1,52,8,998,1,11,9,3
2014460247716,1,1,0,18,0,0,0,0,0,0,1,1,6,1,46,8,-1,-1,-1,-1,-1
2014460247716,2,9,0,18,0,0,0,0,0,0,1,1,6,2,53,8,-1,-1,-1,-1,-1
2014460247718,1,9,0,18,0,4,0,0,0,0,1,1,2,1,29,6,-1,-1,-1,-1,3
2014460247718,2,1,0,18,0,4,0,0,0,0,2,1,2,1,58,9,-1,-1,-1,-1,-1
2014460247719,1,19,0,4,0,1,1,0,0,0,1,1,1,1,44,7,1870,2,12,-1,-1
2014460247719,2,11,0,17,0,1,0,0,0,0,3,1,1,1,49,8,-1,2,15,-1,-1
2014460247721,1,11,0,13,0,0,0,0,0,0,4,1,1,1,37,7,9360,2,7,2,1
2014460247721,2,1,0,18,0,0,0,0,0,0,3,1,2,1,20,4,-1,-1,-1,6,3
2014460247722,1,9,0,18,0,4,0,0,0,0,1,1,1,1,33,6,1584,1,8,-1,3
2014460247722,2,9,0,18,0,4,0,0,0,0,2,1,6,2,23,5,-1,-1,-1,7,2
2014460247723,1,2,0,18,0,0,1,0,0,0,4,1,6,1,16,4,49,1,3,6,1
2014460247725,1,19,0,4,0,1,1,0,0,0,1,1,6,1,26,6,1248,2,6,-1,-1
2014460247725,2,9,0,10,0,1,0,0,0,0,2,1,6,1,37,7,1598,1,1,-1,-1
2014460247727,1,9,0,18,0,0,0,0,0,0,0,1,6,1,43,7,1998,2,6,5,2
2014460247735,1,17,0,8,0,0,0,0,0,0,4,1,6,1,-1,-1,-1,2,5,7,3
2014460247735,2,19,0,18,0,0,0,0,0,0,1,1,1,1,52,8,1910,2,5,7,3
2014460247736,1,9,0,9,0,2,0,0,0,0,1,1,2,2,51,8,1198,1,10,10,3
2014460247736,2,3,0,15,0,1,0,0,0,0,1,1,2,1,20,4,124,1,1,2,1
2014460247738,1,9,0,7,0,4,0,0,0,0,1,1,1,1,25,5,2198,2,1,8,2
2014460247738,2,5,0,18,0,3,0,0,0,0,4,1,6,2,44,7,675,1,1,-1,-1
2014460247740,1,2,0,4,0,1,0,0,0,0,0,1,6,1,16,4,49,1,7,-1,1
2014460247743,1,9,0,9,0,6,0,0,0,0,1,1,3,2,39,7,1968,2,7,-1,-1
2014460247743,2,1,0,14,0,8,0,0,0,0,4,1,1,1,43,7,-1,-1,-1,-1,-1
2014460247745,1,20,0,16,0,0,1,0,7,0,1,1,1,1,24,5,-1,-1,-1,1,1
2014460247745,2,20,0,17,0,0,0,0,1,10,1,1,1,1,32,6,-1,-1,-1,1,1
2014460247748,1,19,0,3,0,1,0,0,0,0,1,1,2,1,23,5,2198,2,4,2,1
2014460247748,2,9,0,14,0,1,0,0,0,0,1,1,2,1,42,7,-1,-1,-1,4,2
2014460247748,3,9,0,3,0,1,0,0,0,0,4,1,2,1,46,8,2179,2,-1,4,1
2014460247748,4,9,0,3,0,1,0,0,0,0,3,1,2,2,30,6,1995,2,-1,-1,2
2014460247753,1,9,0,18,0,1,0,0,0,0,1,1,6,1,30,6,1968,2,8,-1,-1
2014460247753,2,9,0,18,0,1,0,0,0,0,2,1,6,1,22,5,1388,1,4,-1,-1
2014460247754,1,9,0,9,0,8,0,0,0,0,3,1,2,1,45,7,2720,2,6,8,1
2014460247754,2,5,0,11,0,8,0,0,0,0,4,1,2,1,23,5,649,1,5,3,1
2014460247757,1,20,0,4,0,0,0,0,0,0,2,1,6,3,-1,-1,-1,-1,-1,-1,-1
2014460247757,2,9,0,4,0,0,1,0,0,0,1,1,1,1,25,5,2993,2,2,4,1
2014460247760,1,21,0,13,0,0,0,0,0,0,4,1,1,1,45,7,12740,2,3,4,2
2014460247760,2,1,0,18,0,0,0,0,1,4,3,1,2,1,47,8,-1,-1,-1,9,2
2014460247764,1,9,0,18,0,2,0,0,0,0,1,1,6,1,40,7,1587,1,13,5,1
2014460247772,1,19,0,18,0,1,0,0,0,0,1,1,2,1,28,6,2402,2,6,10,3
2014460247773,1,9,0,18,0,1,0,0,0,0,1,1,6,2,-1,-1,998,1,2,8,1
2014460247773,2,9,0,8,0,1,0,0,0,0,2,1,6,2,17,4,998,1,13,8,1
2014460247776,1,9,0,17,0,0,1,0,7,9,2,1,2,1,18,4,1242,1,14,-1,-1
2014460247776,2,9,0,18,0,0,0,0,0,0,4,1,2,1,32,6,1910,2,7,-1,-1
2014460247780,1,9,0,9,0,6,0,0,0,0,1,1,6,2,57,9,1390,1,4,-1,-1
2014460247780,2,9,0,18,0,1,0,0,0,0,1,1,2,1,64,9,998,1,15,-1,-1
2014460247781,1,9,0,9,0,8,0,0,0,0,1,1,6,1,29,6,1497,8,7,4,1
2014460247781,2,2,0,10,0,1,0,0,0,0,1,1,6,1,16,4,49,1,2,6,1
2014460247782,1,2,0,4,0,0,1,0,0,0,0,1,6,1,17,4,48,1,1,-1,-1
2014460247784,1,9,0,9,0,6,0,0,0,0,1,1,6,2,25,5,998,1,14,-1,-1
2014460247784,2,9,0,18,0,1,0,0,0,0,1,1,6,2,61,9,1598,1,7,8,3
2014460247788,1,9,0,18,0,0,0,0,0,0,1,1,1,1,46,8,-1,-1,-1,-1,-1
2014460247788,2,9,0,18,0,0,0,0,0,0,2,1,1,1,31,6,1998,1,11,-1,-1
2014460247790,1,9,0,18,0,0,0,11,0,0,1,1,6,2,20,4,1796,1,9,6,1
2014460247792,1,9,0,18,0,0,0,0,0,0,1,1,6,1,80,11,1984,1,13,8,1
2014460247795,1,9,0,10,0,1,0,0,0,0,1,1,6,2,50,8,-1,-1,-1,6,1
2014460247795,2,4,0,18,0,1,0,0,0,0,3,1,6,1,48,8,847,1,1,2,1
2014460247796,1,9,0,18,0,0,0,0,0,0,1,1,6,3,-1,-1,-1,-1,-1,-1,-1
2014460247796,2,9,0,18,0,0,0,0,0,0,1,1,4,2,38,7,1995,2,1,7,1
2014460247798,1,9,0,1,9,5,0,0,0,0,2,1,6,3,-1,-1,1598,2,1,-1,-1
2014460247801,1,21,1,18,0,0,0,0,0,0,1,1,1,1,41,7,-1,-1,-1,-1,-1
2014460247801,2,9,0,4,0,0,0,0,0,0,2,1,6,1,33,6,1120,1,16,-1,-1
2014460247803,1,9,0,17,0,0,5,0,7,4,1,1,6,2,19,4,1596,1,9,9,3
2014460247813,1,9,0,18,0,1,0,0,0,0,3,1,2,1,41,7,2143,2,-1,8,1
2014460247815,1,2,0,18,0,0,1,0,0,0,0,1,6,1,16,4,49,1,7,6,1
2014460247819,1,9,0,18,0,1,0,0,0,0,1,1,6,2,-1,-1,2198,1,9,-1,-1
2014460247819,2,9,0,9,0,5,0,0,0,0,2,1,2,2,23,5,1242,1,3,5,1
2014460247822,1,9,0,18,0,0,0,0,0,0,1,1,6,3,-1,-1,-1,-1,-1,-1,-1
2014460247826,1,9,0,18,0,1,0,0,0,0,1,1,6,1,-1,-1,-1,-1,-1,-1,-1
2014460247826,2,9,0,3,0,1,0,0,0,0,2,1,6,1,27,6,1389,1,16,9,1
2014460247828,1,9,0,1,0,0,0,0,0,0,2,1,6,3,-1,-1,-1,-1,-1,-1,-1
2014460247828,2,9,0,3,0,0,0,0,0,0,1,1,6,2,54,8,995,1,7,1,1
2014460247833,1,9,0,7,0,1,0,0,0,0,1,1,6,3,-1,-1,-1,-1,-1,-1,-1
2014460247833,2,1,0,18,0,1,0,0,0,0,2,1,6,1,32,6,-1,-1,-1,1,1
2014460247836,1,9,0,18,0,0,0,0,5,6,0,1,2,1,48,8,1796,1,10,7,2
2014460247842,1,9,0,5,0,0,0,0,0,0,1,1,1,1,24,5,-1,-1,-1,6,2
2014460247842,2,9,0,3,0,0,0,0,0,0,2,1,1,1,63,9,1248,2,2,7,1
2014460247843,1,8,0,1,0,2,0,0,0,0,2,1,1,1,-1,-1,1998,2,4,-1,-1
2014460247843,2,9,0,18,0,1,0,0,0,0,1,1,6,3,-1,-1,-1,-1,-1,-1,-1
2014460247844,1,11,0,9,0,8,0,0,0,0,1,1,1,1,35,6,4500,2,5,5,1
2014460247845,1,19,0,18,0,1,0,0,0,0,1,1,6,1,63,9,1968,2,1,-1,-1
2014460247845,2,9,0,18,0,1,0,0,0,0,1,1,6,1,74,10,-1,-1,-1,-1,-1
2014460247846,1,9,0,5,0,2,0,0,0,0,3,1,6,1,25,5,1390,1,11,5,3
2014460247846,2,4,0,5,0,2,0,0,0,0,4,1,6,1,60,9,395,1,32,6,3
2014460247847,1,9,0,9,0,1,0,0,0,0,0,1,6,3,-1,-1,-1,-1,-1,-1,-1
2014460247847,2,9,0,18,0,1,1,0,1,0,0,1,2,2,34,6,1679,1,14,4,2
2014460247848,1,9,0,4,0,2,1,0,0,0,1,1,2,1,18,4,1242,1,12,5,1
2014460247848,2,9,0,4,0,2,0,0,0,0,2,1,2,1,57,9,1242,1,2,6,1
2014460247852,1,9,0,4,0,3,0,0,0,0,0,1,6,1,28,6,1997,1,10,8,1
2014460247852,2,9,0,4,0,3,0,0,0,0,2,1,6,2,39,7,1896,2,7,8,1
2014460247852,3,9,0,4,0,3,0,0,0,0,1,1,6,1,28,6,1597,1,17,-1,-1
2014460247853,1,9,0,17,0,8,1,0,1,4,1,1,1,2,20,4,1199,1,13,9,1
2014460247855,1,9,0,18,0,2,0,0,0,0,2,1,6,2,73,10,1497,1,10,-1,-1
2014460247855,2,9,0,18,0,2,0,0,0,0,1,1,6,1,30,6,1796,1,3,-1,-1
2014460247856,1,9,0,4,0,2,0,0,1,2,4,1,6,2,40,7,1598,1,13,2,1
2014460247857,1,9,0,1,0,0,0,0,0,0,4,1,6,2,69,10,1596,1,1,9,1
2014460247861,1,9,0,18,0,1,0,4,1,2,1,1,6,1,33,6,1461,2,-1,3,1
2014460247861,2,9,0,2,0,1,0,0,0,0,3,1,6,3,-1,-1,1389,1,13,-1,-1
2014460247861,3,9,0,2,9,1,0,0,0,0,2,1,6,3,-1,-1,1598,2,2,-1,-1
2014460247861,4,9,0,2,9,1,0,0,0,0,2,1,6,3,-1,-1,1598,2,2,-1,-1
2014460247862,1,3,0,3,0,1,0,0,0,0,4,1,2,1,18,4,125,1,-1,7,1
2014460247865,1,9,0,4,0,1,0,0,0,0,1,1,6,2,31,6,1598,1,10,3,1
2014460247865,2,9,0,3,0,1,0,0,0,0,2,1,6,1,52,8,2204,2,9,2,1
2014460247866,1,9,0,4,0,1,0,0,0,0,4,1,6,1,74,10,2400,2,-1,1,1
2014460247879,1,9,0,1,9,0,0,0,0,0,4,1,6,1,27,6,1997,2,13,1,1
2014460247880,1,1,0,18,0,1,0,0,0,0,3,1,2,1,30,6,-1,-1,-1,-1,-1
2014460247880,2,9,0,7,0,5,0,0,0,0,4,1,1,2,56,9,1398,1,3,-1,-1
2014460247883,1,9,0,14,0,1,0,0,0,0,3,1,2,1,29,6,1396,1,16,3,1
2014460247883,2,4,0,13,0,1,1,0,0,0,4,1,6,1,45,7,1157,1,11,7,1
2014460247884,1,4,0,17,0,0,1,0,0,0,4,1,6,1,40,7,998,1,6,2,1
2014460247885,1,9,0,9,0,6,0,0,0,0,1,1,6,1,33,6,-1,-1,-1,3,1
2014460247885,2,9,0,18,0,1,0,0,0,0,1,1,6,2,27,6,-1,-1,-1,9,1
2014460247887,1,9,0,4,0,0,0,0,0,0,1,1,6,2,70,10,1390,1,12,-1,-1
2014460247887,2,20,0,3,0,0,0,0,0,0,2,1,2,1,63,9,-1,-1,-1,5,3
2014460247889,1,9,0,18,0,0,1,0,2,4,4,1,6,1,23,5,1399,2,9,-1,-1
2014460247892,1,9,0,18,0,1,0,0,2,2,1,1,6,2,61,9,1242,1,6,6,1
2014460247896,1,9,0,9,0,8,0,0,0,0,4,1,6,1,44,7,1798,1,10,2,1
2014460247896,2,3,0,18,0,1,0,0,0,0,1,1,6,1,17,4,-1,-1,-1,5,1
2014460247897,1,1,0,18,0,0,0,7,0,0,4,1,6,1,18,4,-1,-1,-1,2,1
2014460247898,1,9,0,9,0,6,0,0,0,0,1,1,6,1,46,8,-1,-1,-1,2,1
2014460247898,2,5,0,18,0,1,0,0,0,0,1,1,6,1,26,6,-1,-1,-1,4,1
2014460247899,1,3,0,7,0,3,1,0,0,0,0,1,6,2,21,5,125,1,7,2,1
2014460247901,1,9,0,16,0,0,2,0,8,10,3,1,6,1,22,5,1796,1,16,4,1
2014460247901,2,9,0,4,0,0,0,0,0,0,0,1,1,1,37,7,1968,2,1,3,1
2014460247902,1,9,0,18,0,5,1,0,0,0,1,1,2,2,19,4,998,1,-1,3,1
2014460247902,2,9,0,5,0,5,0,0,0,0,2,1,2,2,58,9,-1,-1,-1,6,1
2014460247902,3,9,0,5,0,5,0,0,0,0,2,1,6,2,54,8,2967,2,3,5,3
2014460247905,1,9,0,7,0,1,0,0,0,0,1,1,6,1,22,5,998,1,14,3,1
2014460247905,2,9,0,9,0,2,0,0,0,0,3,1,6,1,19,4,998,1,1,5,1
2014460247906,1,9,0,18,0,4,0,0,0,0,1,1,6,1,36,7,-1,-1,-1,5,3
2014460247906,2,9,0,18,0,4,0,0,0,0,2,1,4,1,38,7,998,1,2,4,1
2014460247908,1,4,0,18,0,0,0,4,0,0,3,1,1,1,18,4,124,1,-1,1,1
2014460247908,2,9,0,2,0,0,0,0,0,0,1,1,6,1,61,9,1995,2,3,1,1
2014460247909,1,9,0,9,0,6,0,0,0,0,4,1,2,1,18,4,1149,1,10,3,1
2014460247909,2,3,0,18,0,1,0,0,0,0,1,1,2,1,40,7,124,1,13,1,1
2014460247915,1,9,0,4,0,0,0,0,0,0,1,1,6,1,60,9,2497,1,12,1,1
2014460247915,2,9,0,4,0,0,0,0,0,0,2,1,6,2,26,6,1461,2,5,8,1
2014460247917,1,9,0,4,0,0,0,0,0,0,1,1,6,1,30,6,1997,2,7,9,1
2014460247917,2,9,0,4,0,0,0,0,0,0,2,1,6,2,46,8,1598,1,6,6,1
2014460247917,3,9,0,4,0,0,0,0,0,0,2,1,6,1,39,7,1997,2,6,7,1