Accident_Index,Vehicle_Reference,Vehicle_Type,Towing_and_Articulation,Vehicle_Manoeuvre,Vehicle_Location-Restricted_Lane,Junction_Location,Skidding_and_Overturning,Hit_Object_in_Carriageway,Vehicle_Leaving_Carriageway,Hit_Object_off_Carriageway,1st_Point_of_Impact,Was_Vehicle_Left_Hand_Drive?,Journey_Purpose_of_Driver,Sex_of_Driver,Age_of_Driver,Age_Band_of_Driver,Engine_Capacity_(CC),Propulsion_Code,Age_of_Vehicle,Driver_IMD_Decile,Driver_Home_Area_Type
2014460247922,1,9,0,18,0,0,1,0,2,6,1,1,6,2,52,8,1587,1,11,2,1
2014460247922,2,9,0,18,0,0,0,1,2,6,1,1,6,2,43,7,1896,2,15,8,1
2014460247926,1,9,0,5,0,0,0,0,0,0,0,1,6,3,-1,-1,-1,-1,-1,-1,-1
2014460247926,2,1,0,18,0,0,0,0,0,0,0,1,6,1,34,6,-1,-1,-1,4,1
2014460247927,1,2,0,5,0,1,0,0,0,0,1,1,6,1,18,4,49,1,2,3,1
2014460247927,2,9,0,10,0,5,0,0,0,0,1,1,6,2,41,7,1242,1,12,4,1
2014460247931,1,9,0,17,0,8,0,0,0,0,-1,1,6,1,80,11,1997,2,10,10,1
2014460247934,1,9,0,12,0,0,1,0,0,0,3,1,6,3,-1,-1,-1,-1,-1,-1,-1
2014460247934,2,5,0,18,0,0,1,0,0,0,4,1,2,1,28,6,649,1,1,8,2
2014460247943,1,9,0,18,0,0,1,0,4,6,1,1,2,1,43,7,1461,2,3,8,1
2014460247945,1,2,0,18,0,0,1,0,0,0,1,1,6,3,-1,-1,124,1,9,-1,1
2014460247945,2,9,0,18,0,0,0,0,0,0,4,1,6,1,40,7,1997,2,9,7,1
2014460247945,3,9,0,2,0,0,0,0,0,0,4,1,6,2,33,6,1388,1,8,3,1
2014460247947,1,9,0,18,0,0,2,0,1,10,4,1,2,1,20,4,1796,1,12,-1,-1
2014460247951,1,9,0,6,0,1,0,0,0,0,4,1,1,1,70,10,1598,1,2,5,3
2014460247951,2,9,0,18,0,1,0,0,1,10,1,1,1,1,50,8,1968,2,1,1,1
2014460247954,1,21,0,18,0,3,0,0,0,0,1,2,1,1,46,8,-1,-1,-1,-1,-1
2014460247954,2,9,0,18,0,3,0,0,0,0,4,1,2,1,54,8,1998,2,9,4,3
2014460247956,1,9,0,4,0,0,0,0,4,6,1,1,1,2,24,5,1349,1,5,3,1
2014460247957,1,9,0,18,0,0,1,0,1,0,1,1,6,1,37,7,1995,2,6,-1,-1
2014460247957,2,9,0,18,0,0,1,0,1,0,1,1,6,2,41,7,1596,1,9,5,1
2014460247958,1,9,0,16,0,0,1,0,7,10,1,1,2,1,26,6,2393,1,12,-1,-1
2014460247958,2,9,0,2,6,0,0,0,0,0,4,1,6,2,32,6,1968,2,7,9,3
2014460247958,3,9,0,2,6,0,0,0,0,10,4,1,6,1,40,7,1364,1,4,9,3
2014460247958,4,9,0,2,6,0,0,0,0,0,3,1,6,3,-1,-1,1349,1,-1,-1,-1
2014460247959,1,9,0,18,0,8,0,0,0,0,1,1,6,2,52,8,1328,1,5,4,1
2014460247959,2,9,0,9,0,8,0,0,0,0,3,1,6,1,31,6,-1,-1,-1,2,1
2014460247962,1,4,0,18,0,0,1,0,0,0,1,1,6,1,46,8,459,1,7,4,1
2014460247963,1,9,0,9,0,8,1,0,7,2,1,1,2,1,18,4,1242,1,10,8,3
2014460247964,1,9,0,18,0,0,1,0,1,7,1,1,2,2,45,7,1388,1,5,5,1
2014460247969,1,9,0,4,0,5,0,0,0,0,1,1,6,2,22,5,1461,2,5,7,1
2014460247969,2,9,0,4,0,5,0,0,0,0,2,1,6,2,57,9,998,1,4,10,1
2014460247978,1,9,0,11,0,0,0,0,0,0,0,1,6,3,-1,-1,-1,-1,-1,-1,-1
2014460247978,2,9,0,18,0,0,0,0,0,0,2,1,6,1,58,9,998,1,-1,3,1
2014460247978,3,9,0,18,0,0,0,0,0,0,1,1,6,2,44,7,1386,1,6,6,1
2014460247980,1,9,0,18,0,5,0,0,0,0,1,1,1,1,37,7,-1,-1,-1,-1,-1
2014460247980,2,9,0,18,0,5,0,0,0,0,2,1,1,1,39,7,1242,1,-1,1,1
2014460247984,1,21,1,12,0,0,0,0,0,0,3,1,1,1,29,6,-1,-1,-1,-1,-1
2014460247984,2,9,0,18,0,0,0,0,0,0,4,1,6,1,52,8,-1,-1,-1,-1,-1
2014460247985,1,9,0,18,0,0,0,0,0,0,0,1,1,1,30,6,1968,2,4,-1,-1
2014460247986,1,9,0,18,0,0,2,0,2,7,1,1,2,1,29,6,4395,1,2,6,3
2014460247991,1,9,0,9,0,6,0,0,0,0,3,1,6,1,72,10,2324,1,14,3,1
2014460247991,2,9,0,18,0,1,0,0,0,0,1,1,6,2,76,11,1388,1,3,7,2
2014460247994,1,9,0,4,0,0,1,0,0,0,1,1,6,1,24,5,1596,1,11,7,1
2014460247994,2,19,0,4,0,0,0,0,0,0,2,1,6,1,51,8,1686,2,12,3,1
2014460247994,3,19,0,4,0,0,0,0,0,0,2,1,6,1,27,6,1868,2,15,2,1
2014460247994,4,9,0,4,0,0,0,0,0,0,2,1,6,1,30,6,-1,-1,-1,2,1
2014460247996,1,9,0,18,0,8,1,0,3,10,1,1,6,1,40,7,1988,1,13,2,1
2014460247996,2,9,0,18,0,8,0,0,0,0,4,1,6,2,48,8,1749,1,11,4,3
2014460247998,1,9,0,18,0,1,0,0,0,0,1,1,2,1,52,8,1753,2,5,3,1
2014460248001,1,9,0,1,8,6,0,0,0,0,3,1,6,2,61,9,1461,2,3,-1,-1
2014460248001,2,9,0,18,0,8,0,0,0,0,1,1,2,1,22,5,1229,1,2,9,2
2014460248002,1,9,0,18,0,0,1,0,2,7,1,1,2,1,19,4,1389,1,12,3,1
2014460248005,1,9,0,12,0,1,0,0,0,0,3,1,6,2,20,4,1242,1,5,-1,-1
2014460248005,2,9,0,18,0,1,0,0,0,0,1,1,6,1,44,7,2993,2,4,-1,-1
2014460248008,1,9,0,18,0,1,0,0,1,10,1,1,6,1,29,6,2616,1,10,3,1
2014460248008,2,9,0,10,0,1,0,0,0,0,2,1,6,2,61,9,1596,1,2,4,1
2014460248012,1,9,0,17,0,0,1,0,1,10,4,1,6,2,20,4,1124,1,11,-1,-1
2014460248013,1,9,0,18,0,4,0,0,0,0,1,1,6,1,65,9,1997,1,13,2,1
2014460248013,2,1,0,18,0,4,0,0,0,0,2,1,2,1,36,7,-1,-1,-1,4,1
2014460248014,1,9,0,9,0,8,0,0,0,0,3,1,6,2,30,6,1498,1,7,5,1
2014460248014,2,9,0,18,0,1,0,0,0,0,1,1,6,2,21,5,973,1,14,7,1
2014460248018,1,9,0,18,0,0,0,0,0,0,0,1,6,3,-1,-1,1850,1,14,-1,-1
2014460248018,2,11,0,18,0,0,0,0,0,0,0,1,6,1,64,9,9000,2,5,9,2
2014460248020,1,9,3,12,0,0,3,0,0,0,3,1,6,1,74,10,2874,2,14,4,1
2014460248020,2,9,0,18,0,0,0,0,0,0,4,1,6,1,23,5,1989,1,15,2,1
2014460248020,3,9,0,18,0,0,0,0,0,0,4,1,6,1,55,8,2687,1,13,4,1
2014460248021,1,9,0,5,0,6,0,0,0,0,1,1,6,1,19,4,1598,1,7,3,1
2014460248021,2,3,0,18,0,8,0,0,0,0,4,1,6,1,46,8,125,1,5,5,1
2014460248023,1,9,0,18,0,0,0,0,0,0,3,1,1,1,19,4,1998,1,6,3,2
2014460248026,1,9,0,18,0,0,2,11,1,6,1,1,6,1,65,9,2993,2,1,-1,-1
2014460248027,1,1,0,4,9,0,0,0,0,0,0,1,4,1,12,3,-1,-1,-1,3,1
2014460248028,1,21,0,18,0,0,0,0,0,0,0,1,1,3,-1,-1,-1,-1,-1,-1,-1
2014460248028,2,19,0,18,0,0,1,0,0,0,1,1,1,1,55,8,1399,2,7,-1,-1
2014460248028,3,9,0,18,0,0,1,0,0,0,2,1,1,2,37,7,-1,-1,-1,-1,-1
2014460248031,1,9,0,18,0,0,0,0,1,7,4,1,6,1,19,4,1149,1,9,8,1
2014460248035,1,9,0,7,0,2,0,0,0,0,1,1,3,2,36,7,1796,1,6,-1,-1
2014460248036,1,9,3,13,0,0,0,0,0,0,3,2,6,1,64,9,-1,-1,-1,-1,-1
2014460248036,2,21,0,18,0,0,0,0,0,0,1,1,1,1,50,8,12500,2,10,2,1
2014460248038,1,9,0,16,0,8,1,7,0,0,1,1,6,1,51,8,1595,1,12,9,3
2014460248039,1,9,0,16,0,1,1,0,1,1,4,1,6,1,28,6,1783,1,13,-1,-1
2014460248042,1,9,0,3,0,0,0,0,0,0,1,1,6,1,21,5,1198,1,7,-1,-1
2014460248042,2,9,0,11,0,0,0,0,0,0,2,1,6,1,28,6,1199,1,-1,-1,-1
2014460248043,1,8,0,13,0,1,0,0,0,0,4,1,6,1,60,9,1968,2,4,8,1
2014460248043,2,9,0,18,0,1,0,0,0,0,3,1,1,1,27,6,-1,-1,-1,6,1
2014460248044,1,9,0,17,0,1,0,7,2,1,3,1,6,1,41,7,1398,1,2,2,1
2014460248046,1,9,0,18,0,0,1,0,0,0,1,1,6,2,50,8,1399,2,2,7,1
2014460248046,2,9,0,4,0,0,0,0,0,0,2,1,6,1,52,8,1998,1,24,5,1
2014460248048,1,9,0,18,0,0,0,0,0,0,1,1,6,1,21,5,1360,1,13,5,2
2014460248048,2,9,0,3,0,0,0,0,0,0,2,1,6,1,19,4,1248,2,8,4,1
2014460248051,1,9,0,18,0,1,0,0,0,0,1,1,6,1,-1,-1,-1,-1,-1,3,1
2014460248051,2,9,0,3,0,1,0,0,0,0,2,1,6,2,64,9,1299,1,7,3,1
2014460248053,1,9,0,18,0,1,0,0,0,0,1,1,6,1,41,7,1999,1,1,8,1
2014460248053,2,9,0,3,0,1,0,0,0,0,2,1,6,1,24,5,1587,1,14,3,1
2014460248053,3,9,0,3,0,1,0,0,0,0,2,1,6,1,61,9,1587,1,12,10,1
2014460248055,1,9,0,18,0,0,0,0,0,0,1,1,1,1,22,5,-1,-1,-1,6,3
2014460248055,2,9,0,3,0,0,0,0,0,0,2,1,6,1,59,9,1973,1,15,6,2
2014460248055,3,9,0,3,0,0,0,0,0,0,2,1,6,1,37,7,1995,2,2,-1,-1
2014460248055,4,9,0,3,0,0,0,0,0,0,2,1,6,2,60,9,998,1,6,-1,1
2014460248055,5,9,0,3,0,0,0,0,0,0,2,1,6,2,32,6,-1,-1,-1,7,1
2014460248057,1,9,0,9,0,8,0,0,0,0,1,1,6,2,57,9,1242,1,11,2,1
2014460248057,2,9,0,18,0,8,0,0,0,0,4,1,6,2,25,5,1995,2,6,9,2
2014460248058,1,9,0,1,0,1,0,0,0,0,2,1,6,1,58,9,2148,2,8,8,1
2014460248058,2,9,0,2,0,1,0,0,0,0,4,1,1,1,38,7,1995,2,5,8,1
2014460248062,1,21,0,18,0,0,0,2,1,1,4,1,1,1,40,7,12900,2,2,-1,-1
2014460248062,2,21,0,2,0,0,0,0,0,0,2,1,1,1,53,8,4461,2,4,-1,-1
2014460248064,1,2,0,14,0,0,0,0,0,0,4,1,6,1,18,4,50,1,2,7,1
2014460248064,2,21,0,3,0,0,0,0,0,0,3,1,1,1,49,8,3920,2,10,7,3
2014460248066,1,9,0,18,0,0,0,0,0,0,1,1,3,3,-1,-1,-1,-1,-1,-1,-1
2014460248068,1,9,0,16,0,4,0,0,0,0,1,1,6,1,58,9,1988,1,10,7,3
2014460248068,2,1,0,16,0,3,0,0,0,0,4,1,6,2,37,7,-1,-1,-1,7,3
2014460248070,1,9,0,13,0,1,0,0,7,10,4,1,6,1,42,7,1796,1,14,7,1
2014460248070,2,9,0,18,0,1,0,0,0,0,3,1,6,1,38,7,2521,1,7,2,1
2014460248071,1,19,0,5,0,6,0,0,0,0,3,1,1,1,64,9,2402,2,4,10,1
2014460248071,2,9,0,5,0,8,0,0,0,0,4,1,1,1,42,7,-1,-1,-1,-1,-1
2014460248074,1,1,0,18,5,0,0,0,1,2,1,1,6,1,15,3,-1,-1,-1,2,1
2014460248075,1,9,0,1,0,0,0,0,0,0,2,1,6,1,69,10,1582,2,1,9,1
2014460248075,2,9,0,3,0,0,0,0,0,0,1,1,2,1,22,5,1299,1,15,3,1
2014460248083,1,9,0,18,6,0,0,0,1,1,1,1,2,1,35,6,-1,-1,-1,8,2
2014460248083,2,21,0,18,0,0,0,1,0,0,1,1,1,1,65,9,12419,2,1,-1,1
2014460248084,1,9,0,18,0,4,1,9,1,0,1,1,6,1,21,5,1199,1,12,5,1
2014460248084,2,9,0,3,0,1,0,0,0,0,3,1,6,2,68,10,2000,1,8,6,3
2014460248086,1,9,0,9,0,8,0,0,0,0,3,1,6,2,54,8,1596,1,6,8,1
2014460248086,2,9,0,13,0,8,0,0,0,0,1,1,6,1,21,5,1330,1,19,3,1
2014460248094,1,9,0,18,0,0,0,0,0,0,1,1,6,1,59,9,1998,1,14,7,1
2014460248094,2,9,0,11,0,0,0,0,0,0,2,1,1,1,44,7,-1,-1,-1,4,1
2014460248099,1,9,0,18,0,0,0,0,4,6,1,1,6,2,23,5,2521,1,7,6,1
2014460248102,1,9,0,18,0,0,1,0,1,10,1,1,6,1,34,6,1995,2,3,8,1
2014460248106,1,9,0,9,0,8,0,0,0,0,1,1,6,1,39,7,1968,2,1,10,1
2014460248114,1,9,0,1,0,0,0,0,0,0,2,1,6,1,24,5,3799,1,3,7,1
2014460248114,2,9,0,2,0,0,0,0,0,0,1,1,6,2,43,7,1997,2,2,9,1
2014460248116,1,9,0,18,0,0,0,0,0,0,1,1,6,2,28,6,1242,1,7,2,1
2014460248116,2,9,0,4,0,0,0,0,0,0,2,1,6,1,51,8,1796,1,10,4,1
2014460248116,3,9,0,18,0,0,0,0,0,0,1,1,6,1,54,8,-1,-1,-1,-1,1
2014460248117,1,21,1,12,0,0,0,0,0,0,1,2,1,1,53,8,-1,-1,-1,-1,-1
2014460248117,2,9,0,18,0,0,0,0,0,0,4,1,6,1,66,10,1968,2,7,9,1
2014460248120,1,9,0,18,0,0,1,0,5,7,1,1,6,1,24,5,1910,2,9,-1,-1
2014460248122,1,9,0,11,0,7,0,0,0,0,1,1,1,2,37,7,1910,2,6,-1,-1
2014460248127,1,9,0,6,0,8,0,0,0,0,3,1,6,2,50,8,1598,1,14,7,1
2014460248127,2,5,0,13,0,8,0,0,0,0,4,1,6,1,20,4,636,1,8,5,1
2014460248130,1,9,0,17,0,1,5,0,2,6,1,1,1,1,38,7,1910,2,6,-1,1
2014460248131,1,9,0,18,0,1,0,0,0,0,1,1,6,1,24,5,1868,2,15,2,2
2014460248131,2,9,0,18,0,1,0,0,0,0,2,1,1,2,43,7,973,1,14,2,2
2014460248136,1,9,0,18,0,0,5,10,1,9,1,1,2,2,54,8,1299,1,10,8,3
2014460248145,1,9,0,9,0,6,0,0,1,10,3,1,6,2,42,7,1587,1,9,-1,-1
2014460248145,2,9,0,18,0,8,0,0,0,0,1,1,6,1,22,5,1686,2,6,7,3
2014460248146,1,9,0,6,0,0,0,0,0,0,1,1,6,1,25,5,1870,2,11,1,1
2014460248146,2,3,0,18,0,0,0,0,0,0,4,1,6,1,41,7,124,1,1,7,1
2014460248148,1,9,0,13,0,1,0,0,7,10,1,1,6,1,31,6,1388,1,8,1,1
2014460248148,2,9,0,9,0,5,0,0,0,0,3,1,6,2,40,7,-1,-1,-1,-1,1
2014460248151,1,9,0,18,0,1,1,0,2,7,4,1,6,3,-1,-1,1997,2,11,-1,-1
2014460248151,2,9,0,18,0,1,1,0,0,0,1,1,6,2,31,6,-1,-1,-1,7,1
2014460248151,3,9,0,18,0,1,0,0,0,0,2,1,6,2,52,8,1242,1,3,7,3
2014460248158,1,9,0,7,0,5,0,0,0,0,0,1,6,3,-1,-1,-1,-1,-1,-1,-1
2014460248158,2,11,0,4,0,1,0,0,0,0,0,1,1,1,37,7,6370,2,2,-1,-1
2014460248163,1,9,0,18,0,0,0,0,0,0,3,1,2,1,37,7,1598,1,10,5,1
2014460248165,1,9,0,7,0,5,0,0,0,0,1,1,6,3,-1,-1,-1,-1,-1,7,1
2014460248171,1,9,0,18,0,0,0,0,0,0,1,1,3,1,56,9,2088,2,16,6,1
2014460248173,1,9,0,16,0,0,0,0,0,0,1,1,1,1,46,8,2495,2,11,7,3
2014460248173,2,19,0,17,0,0,0,0,1,0,1,1,1,1,38,7,4461,2,3,-1,-1
2014460248175,1,9,0,13,0,0,0,0,0,0,4,1,6,2,42,7,1988,1,11,8,1
2014460248175,2,21,1,18,0,0,0,0,0,0,3,1,1,1,41,7,-1,-1,-1,-1,-1
2014460248178,1,9,0,12,0,7,0,0,0,0,0,1,6,3,-1,-1,-1,-1,-1,-1,-1
2014460248178,2,9,0,18,0,1,0,0,5,6,1,1,6,2,23,5,1364,1,8,3,1
2014460248179,1,19,0,18,0,1,0,0,0,0,1,1,6,1,40,7,2179,2,12,-1,-1
2014460248179,2,9,0,18,0,1,0,0,0,0,1,1,6,1,56,9,2324,1,14,-1,-1
2014460248179,3,9,0,18,0,1,0,0,0,0,1,1,6,1,28,6,1686,2,7,-1,-1
2014460248179,4,9,0,18,0,1,0,0,0,0,1,1,6,1,56,9,1968,2,5,-1,-1
2014460248179,5,9,0,18,0,1,0,0,0,0,2,1,6,1,45,7,-1,-1,-1,-1,-1
2014460248182,1,1,0,18,0,0,1,0,0,0,0,1,1,1,26,6,-1,-1,-1,5,1
2014460248183,1,11,0,18,0,1,0,0,0,0,1,1,1,1,46,8,5900,2,8,5,1
2014460248183,2,9,0,4,0,1,0,0,0,0,2,1,6,2,38,7,-1,-1,-1,8,1
2014460248184,1,9,0,18,0,0,0,0,1,7,1,1,6,1,28,6,1896,2,5,-1,-1
2014460248185,1,9,0,5,0,6,0,0,0,0,2,1,6,1,94,11,1298,1,14,4,2
2014460248185,2,9,0,8,0,2,1,0,0,0,1,1,6,2,22,5,1242,1,11,7,2
2014460248189,1,9,0,18,0,1,0,0,3,10,1,1,6,1,82,11,1086,1,7,-1,-1
2014460248192,1,90,0,18,9,1,0,0,0,0,3,1,6,1,73,10,-1,-1,-1,6,1
2014460248194,1,9,0,18,0,0,0,0,0,0,1,1,6,1,47,8,-1,-1,-1,2,1
2014460248194,2,21,0,18,0,0,0,0,0,0,2,1,1,1,43,7,-1,-1,-1,-1,-1
2014460248195,1,9,0,17,0,3,0,0,0,0,4,1,6,1,24,5,1998,1,13,-1,-1
2014460248195,2,19,0,4,0,4,0,0,0,0,1,1,1,1,48,8,1998,2,11,-1,-1
2014460248196,1,9,0,11,0,8,0,0,0,0,4,1,6,1,37,7,1956,2,-1,-1,-1
2014460248196,2,9,0,18,0,8,0,0,0,0,3,1,6,1,25,5,1596,1,8,4,1
2014460248198,1,19,0,9,0,5,0,0,0,0,1,1,1,1,29,6,2198,2,-1,3,1
2014460248198,2,5,0,17,0,1,0,0,1,4,1,1,6,1,37,7,900,1,12,9,2
2014460248201,1,9,0,3,0,1,0,0,0,0,1,1,6,2,38,7,1956,2,1,-1,-1
2014460248201,2,9,0,4,0,2,0,0,0,0,2,1,6,1,47,8,2959,2,10,-1,-1
2014460248204,1,21,0,12,0,0,0,0,0,0,3,2,1,2,47,8,-1,-1,-1,-1,-1
2014460248204,2,9,0,18,0,0,1,0,2,7,4,1,2,2,29,6,1598,1,8,4,1
2014460248204,3,9,0,18,0,0,0,0,0,0,3,1,3,2,49,8,1796,1,11,6,2
2014460248205,1,21,0,14,0,0,0,0,0,0,2,1,1,1,40,7,-1,-1,-1,9,1
2014460248205,2,5,0,18,0,0,1,0,0,0,1,1,6,1,20,4,999,1,-1,8,2
2014460248205,3,9,0,2,0,0,0,0,0,0,0,1,6,1,39,7,1910,2,7,6,1
2014460248209,1,9,0,18,0,0,0,0,0,0,1,1,6,2,25,5,1596,1,13,2,1
2014460248209,2,9,0,18,0,0,0,0,0,0,2,1,6,1,31,6,1896,2,11,3,1
2014460248210,1,9,0,18,0,1,0,0,0,0,4,1,3,2,44,7,-1,-1,-1,2,1
2014460248216,1,9,0,4,0,1,0,0,0,0,1,1,6,2,19,4,1275,1,14,5,1
2014460248216,2,9,0,4,0,1,0,0,0,0,2,1,2,2,27,6,1796,1,1,-1,-1
2014460248220,1,9,0,18,9,3,0,0,1,2,1,1,6,1,38,7,1498,1,6,8,1
2014460248226,1,9,0,18,0,1,0,0,0,0,3,1,6,1,32,6,1896,2,6,2,1
2014460248228,1,9,0,5,0,4,0,0,0,0,3,1,6,1,41,7,1968,2,-1,5,1
2014460248228,2,1,0,17,0,8,0,0,0,0,1,1,6,1,34,6,-1,-1,-1,8,1
2014460248231,1,9,0,7,0,1,0,0,0,0,1,1,6,1,20,4,1299,1,20,6,2
2014460248231,2,9,0,18,0,1,0,0,0,0,3,1,6,2,42,7,1598,1,5,5,2
2014460248233,1,9,0,18,0,2,0,0,0,0,1,1,2,2,50,8,1200,1,-1,-1,-1
2014460248238,1,9,0,18,0,0,0,0,5,6,3,1,6,1,19,4,1598,1,11,-1,-1
2014460248240,1,9,0,7,0,8,0,0,0,0,0,1,6,3,-1,-1,-1,-1,-1,-1,-1
2014460248240,2,1,0,18,0,8,0,0,0,0,0,1,2,1,38,7,-1,-1,-1,-1,3
2014460248241,1,19,0,18,0,0,0,0,7,4,3,1,6,1,36,7,2198,2,6,7,2
2014460248242,1,9,0,4,2,0,0,0,0,0,1,1,6,1,29,6,1998,1,24,8,3
2014460248246,1,9,0,8,0,1,0,0,0,0,1,1,6,2,26,6,1584,1,9,5,1
2014460248246,2,9,0,18,0,1,0,0,0,0,4,1,6,1,80,11,1994,2,14,-1,-1
2014460248247,1,9,0,5,0,0,0,0,0,0,3,1,1,1,44,7,1397,1,12,-1,-1
2014460248247,2,9,0,18,0,0,0,0,0,0,4,1,6,2,68,10,1995,2,10,-1,-1
2014460248247,3,9,0,2,0,0,0,0,0,0,4,1,6,1,32,6,1600,2,4,-1,-1
2014460248248,1,9,0,12,0,0,0,0,0,0,3,1,1,1,30,6,1560,2,2,5,2
2014460248248,2,5,0,18,0,0,0,0,0,0,4,1,6,1,43,7,599,1,7,5,1
2014460248250,1,4,0,4,0,0,1,0,0,0,0,1,2,1,25,5,125,1,3,5,3
2014460248253,1,9,0,18,0,0,0,0,0,0,1,1,6,3,-1,-1,-1,-1,-1,-1,-1
2014460248253,2,9,0,18,0,0,0,0,0,0,1,1,6,2,24,5,1984,1,11,1,1
2014460248254,1,90,0,9,0,6,0,0,0,0,4,1,2,1,22,5,-1,-1,-1,6,3
2014460248254,2,3,0,13,0,8,0,0,0,0,3,1,2,1,19,4,125,1,-1,3,1
2014460248257,1,9,0,18,0,1,0,0,0,0,1,1,6,1,24,5,-1,-1,-1,-1,-1
2014460248257,2,9,0,7,0,1,0,0,0,0,2,1,6,1,65,9,998,1,14,5,1
2014460248258,1,9,0,18,0,0,0,0,0,0,1,1,6,1,77,11,1998,1,11,7,1
2014460248258,2,9,0,4,0,0,0,0,0,0,2,1,6,2,31,6,-1,-1,-1,10,3
2014460248258,3,9,0,4,0,0,0,0,0,0,2,1,6,2,52,8,1149,1,1,7,1
2014460248262,1,9,0,18,0,0,0,0,0,0,4,1,6,3,-1,-1,-1,-1,-1,-1,-1
2014460248264,1,9,0,18,0,1,0,0,0,0,1,1,1,2,36,7,1598,1,10,4,1
2014460248264,2,3,0,18,0,1,0,0,0,0,2,1,1,1,23,5,124,1,20,5,1
2014460248271,1,9,0,9,0,1,0,0,0,0,4,1,6,1,34,6,1868,2,14,6,1
2014460248271,2,1,0,18,0,1,0,0,0,0,1,1,6,1,51,8,-1,-1,-1,5,1
2014460248277,1,9,0,18,0,1,1,0,0,0,1,1,6,1,74,10,1596,1,8,-1,-1
2014460248277,2,9,0,10,0,1,0,0,0,0,2,1,6,1,49,8,998,1,-1,-1,1
2014460248279,1,9,0,18,0,0,0,0,0,0,4,1,6,1,50,8,1197,1,1,7,1
2014460248283,1,9,0,2,0,0,5,0,0,0,1,1,6,1,25,5,1587,1,15,-1,-1
2014460248283,2,9,0,4,0,0,0,0,0,0,2,1,2,2,24,5,1360,1,4,9,2
2014460248283,3,9,0,18,0,0,0,0,0,0,1,1,2,2,23,5,1596,1,12,4,1
2014460248291,1,9,0,18,0,8,0,0,0,0,1,1,6,1,69,10,1299,1,16,5,1
2014460248291,2,1,0,18,0,8,0,0,0,0,2,1,6,1,26,6,-1,-1,-1,3,1
2014460248298,1,9,0,9,0,5,0,0,0,0,2,1,6,1,30,6,-1,-1,-1,-1,-1
2014460248298,2,1,0,18,0,8,0,0,0,0,2,1,4,1,12,3,-1,-1,-1,4,1
2014460248300,1,9,0,9,0,6,0,0,0,0,1,1,2,2,45,7,1598,2,1,9,1
2014460248300,2,9,0,18,0,1,0,0,0,0,1,1,2,2,55,8,1769,1,12,7,3
2014460248305,1,9,0,18,0,5,0,0,5,7,1,1,6,1,53,8,1399,1,3,-1,-1
2014460248305,2,9,0,18,0,5,0,0,0,0,1,1,6,1,57,9,1248,2,1,4,1
2014460248306,1,3,0,4,0,0,0,0,0,0,1,1,6,2,18,4,124,1,4,1,1
2014460248308,1,9,0,11,0,8,0,0,0,0,4,1,6,2,-1,-1,-1,-1,-1,-1,-1
2014460248308,2,9,0,18,0,8,0,0,0,0,3,1,3,2,27,6,1389,1,17,5,1
2014460248311,1,9,0,9,0,6,0,0,0,0,3,1,2,1,35,6,1798,1,9,4,1
2014460248311,2,3,0,18,0,1,0,0,0,0,1,1,2,2,21,5,124,1,-1,7,2
2014460248317,1,9,0,18,0,0,0,0,0,0,4,1,6,3,-1,-1,1596,1,1,-1,-1
2014460248321,1,9,0,18,0,0,0,0,0,0,4,1,6,2,23,5,1998,1,9,-1,-1
2014460248323,1,9,0,7,0,8,0,0,0,0,1,1,6,3,-1,-1,-1,-1,-1,-1,-1
2014460248323,2,19,0,9,0,8,0,0,0,0,3,1,6,1,37,7,2402,2,14,2,1
2014460248325,1,9,0,18,0,0,0,0,4,6,3,1,6,1,45,7,1910,2,8,-1,-1
2014460248327,1,9,0,4,0,0,0,0,0,0,1,1,6,2,69,10,1108,1,9,4,1
2014460248327,2,9,0,4,0,0,0,0,0,0,2,1,6,2,43,7,1399,2,11,6,2
2014460248331,1,9,0,18,0,8,1,0,0,0,1,1,6,1,22,5,1396,1,17,3,1
2014460248331,2,9,0,9,0,8,0,0,0,0,3,1,6,1,61,9,1686,2,8,8,1
2014460248332,1,9,0,9,0,8,0,0,0,0,3,1,2,2,23,5,1242,1,2,5,3
2014460248332,2,2,0,18,0,8,0,0,0,0,1,1,6,1,16,4,49,1,8,9,1
2014460248336,1,9,0,18,0,0,0,0,1,2,1,1,6,1,84,11,1973,1,17,-1,-1
2014460248337,1,9,0,5,0,4,0,0,0,0,1,1,6,1,58,9,2179,2,6,10,3
2014460248337,2,9,0,4,0,4,0,0,0,0,2,1,6,2,38,7,1199,2,2,10,2
2014460248339,1,9,0,13,0,0,0,0,0,0,4,1,6,1,71,10,1360,1,10,-1,-1
2014460248339,2,1,0,18,0,0,0,0,0,0,3,1,6,1,35,6,-1,-1,-1,-1,-1
2014460248340,1,5,0,4,0,4,0,0,0,0,1,1,6,1,57,9,955,1,13,3,1
2014460248340,2,5,0,4,0,4,0,0,0,0,2,1,6,1,33,6,-1,-1,-1,-1,-1
2014460248344,1,9,0,18,0,8,0,0,0,0,1,1,6,2,33,6,-1,-1,-1,3,1