Accident_Index,Vehicle_Reference,Vehicle_Type,Towing_and_Articulation,Vehicle_Manoeuvre,Vehicle_Location-Restricted_Lane,Junction_Location,Skidding_and_Overturning,Hit_Object_in_Carriageway,Vehicle_Leaving_Carriageway,Hit_Object_off_Carriageway,1st_Point_of_Impact,Was_Vehicle_Left_Hand_Drive?,Journey_Purpose_of_Driver,Sex_of_Driver,Age_of_Driver,Age_Band_of_Driver,Engine_Capacity_(CC),Propulsion_Code,Age_of_Vehicle,Driver_IMD_Decile,Driver_Home_Area_Type
2014460250279,1,9,0,9,0,8,0,0,0,0,1,1,1,1,61,9,2143,2,3,7,1
2014460250279,2,3,0,18,0,1,0,0,0,0,3,1,6,1,33,6,124,1,21,2,1
2014460250282,1,19,0,18,0,0,0,0,0,0,1,1,6,1,37,7,1598,2,2,8,1
2014460250282,2,9,0,3,0,0,0,0,0,0,2,1,6,1,41,7,1997,2,7,9,1
2014460250283,1,21,0,18,0,0,0,0,0,0,3,2,1,1,32,6,-1,-1,-1,-1,-1
2014460250283,2,9,0,13,0,0,1,0,1,7,4,1,1,1,23,5,1598,2,3,-1,1
2014460250285,1,9,0,18,0,0,0,0,0,0,1,1,6,2,44,7,1397,1,2,4,1
2014460250285,2,9,0,12,0,0,0,0,0,0,2,1,2,1,48,8,2993,2,1,8,3
2014460250287,1,9,0,18,0,4,0,0,0,0,1,1,6,2,30,6,1149,1,9,-1,-1
2014460250287,2,9,0,4,0,4,0,0,0,0,2,1,6,2,75,10,1348,1,14,-1,-1
2014460250289,1,9,0,18,0,3,0,0,0,0,1,1,6,3,-1,-1,-1,-1,-1,-1,-1
2014460250289,2,9,0,18,0,3,0,0,0,0,1,1,6,1,30,6,1124,1,13,3,1
2014460250291,1,9,0,18,0,0,0,0,0,0,1,1,6,1,83,11,1198,1,3,5,1
2014460250293,1,1,0,18,0,8,0,0,0,0,1,1,6,1,67,10,-1,-1,-1,-1,-1
2014460250293,2,9,0,7,0,5,0,0,0,0,2,1,1,1,19,4,1242,1,-1,-1,-1
2014460250295,1,4,0,18,0,0,0,0,0,0,0,1,6,3,-1,-1,-1,-1,-1,-1,-1
2014460250295,2,9,0,18,0,0,0,0,0,0,2,1,6,1,30,6,1390,1,-1,-1,1
2014460250295,3,9,0,18,0,0,0,0,0,0,1,1,6,2,52,8,1997,2,7,10,1
2014460250295,4,9,0,18,0,0,0,0,0,0,1,1,6,2,61,9,1329,1,2,7,3
2014460250299,1,9,0,16,0,0,0,0,0,0,1,1,6,2,75,10,1422,2,7,6,1
2014460250299,2,9,4,17,0,0,0,0,1,0,1,1,6,1,33,6,1796,1,10,9,3
2014460250301,1,9,0,18,0,0,0,0,0,0,1,1,6,1,50,8,1994,1,17,-1,2
2014460250301,2,21,0,18,0,0,0,0,0,0,2,1,1,1,54,8,6370,2,4,7,1
2014460250302,1,9,0,18,0,0,0,0,0,0,1,1,6,2,37,7,1989,1,14,3,1
2014460250302,2,11,0,3,0,0,0,0,0,0,2,1,1,1,22,5,4500,2,4,-1,1
2014460250303,1,21,0,12,0,0,0,0,0,0,3,1,1,1,35,6,-1,-1,-1,-1,-1
2014460250303,2,9,0,18,0,0,0,0,0,0,4,1,1,1,45,7,-1,-1,-1,-1,-1
2014460250305,1,9,0,14,0,2,0,0,0,0,1,1,6,2,18,4,1388,1,4,7,1
2014460250305,2,9,0,2,0,2,0,0,0,0,4,1,6,1,70,10,1998,2,11,2,1
2014460250305,3,9,0,2,0,2,0,0,0,0,3,1,6,1,-1,-1,3200,2,13,4,1
2014460250309,1,9,0,10,0,1,0,0,2,10,4,1,1,2,30,6,1587,1,11,1,2
2014460250310,1,9,0,18,0,0,0,0,0,0,1,1,6,1,45,7,1794,1,11,-1,-1
2014460250312,1,9,0,16,0,1,2,0,7,1,1,1,6,1,19,4,1242,1,3,9,2
2014460250326,1,9,0,18,0,0,0,0,1,3,1,1,6,2,57,9,1910,2,8,7,3
2014460250329,1,9,0,6,0,0,0,0,0,0,3,1,1,1,46,8,-1,-1,-1,-1,-1
2014460250329,2,4,0,13,0,0,0,0,0,0,1,1,6,1,19,4,125,1,9,-1,-1
2014460250330,1,9,0,4,0,0,0,0,0,0,1,1,1,1,29,6,-1,-1,-1,2,1
2014460250330,2,9,0,4,0,0,0,0,1,0,2,1,6,2,58,9,1560,2,5,3,1
2014460250330,3,9,0,4,0,0,0,0,1,0,2,1,6,1,20,4,1598,2,3,6,1
2014460250330,4,9,0,3,0,0,0,0,0,0,2,1,1,1,60,9,-1,-1,-1,4,2
2014460250331,1,9,0,18,0,0,1,0,1,0,0,1,6,2,34,6,2995,1,1,9,1
2014460250332,1,9,0,18,0,0,0,0,0,0,4,1,6,3,-1,-1,-1,-1,-1,-1,-1
2014460250335,1,19,0,18,0,0,0,0,0,0,1,1,6,1,-1,-1,-1,-1,-1,-1,-1
2014460250337,1,1,0,5,0,6,0,0,0,0,3,1,6,1,17,4,-1,-1,-1,6,2
2014460250337,2,9,0,5,0,1,0,0,0,0,1,1,2,1,35,6,1461,2,1,6,1
2014460250338,1,9,0,18,0,0,0,0,0,0,4,1,6,1,26,6,1598,1,12,10,2
2014460250339,1,9,0,3,0,1,0,0,0,0,3,1,6,1,87,11,1399,1,4,-1,-1
2014460250343,1,9,0,11,0,0,0,0,2,7,4,1,6,2,51,8,998,1,11,10,1
2014460250343,2,21,0,18,0,0,0,0,0,0,3,2,1,1,45,7,-1,-1,-1,-1,-1
2014460250344,1,3,0,4,0,0,0,0,0,0,2,1,1,1,42,7,124,1,5,-1,-1
2014460250344,2,20,0,4,0,0,0,0,0,0,1,1,1,1,36,7,1896,2,8,6,3
2014460250345,1,9,0,18,0,0,5,0,1,0,1,1,6,2,24,5,998,1,7,-1,-1
2014460250346,1,9,0,18,0,2,0,0,0,0,0,1,6,3,-1,-1,-1,-1,-1,-1,-1
2014460250346,2,2,0,18,0,1,0,0,0,0,0,1,6,1,16,4,50,1,3,6,3
2014460250348,1,9,0,10,0,2,0,0,0,0,1,1,1,1,29,6,1248,2,6,-1,-1
2014460250358,1,9,0,9,0,6,0,10,1,0,3,1,6,2,40,7,1497,1,12,8,1
2014460250358,2,19,0,18,0,1,0,0,0,0,1,1,6,1,27,6,2488,2,-1,6,1
2014460250361,1,9,0,18,0,0,0,4,0,0,1,1,6,1,36,7,1997,2,13,-1,-1
2014460250361,2,9,0,2,0,0,0,0,0,0,2,1,6,1,37,7,2400,2,5,1,1
2014460250362,1,9,0,18,0,0,0,0,0,0,1,1,2,1,40,7,1997,1,14,7,1
2014460250362,2,9,0,18,0,0,0,0,0,0,2,1,2,1,43,7,2993,2,1,3,1
2014460250362,3,19,0,18,0,0,0,0,0,0,2,1,2,1,41,7,2198,2,1,8,1
2014460250363,1,9,0,3,0,1,0,0,0,0,1,1,2,1,43,7,1598,2,3,7,1
2014460250363,2,9,0,3,0,1,0,0,0,0,2,1,2,2,18,4,1242,1,13,7,1
2014460250368,1,9,0,7,0,5,0,0,0,0,4,1,1,1,45,7,1910,2,7,5,1
2014460250371,1,9,0,18,0,0,0,0,0,0,1,1,6,1,27,6,1986,2,6,5,1
2014460250378,1,9,0,14,0,1,0,0,0,0,1,1,6,1,55,8,1242,1,17,-1,3
2014460250378,2,9,0,18,0,1,0,0,0,0,1,1,2,1,36,7,-1,-1,-1,4,3
2014460250378,3,9,0,2,0,2,0,0,0,0,3,1,6,1,65,9,1360,1,13,9,3
2014460250382,1,9,0,18,0,0,1,0,0,0,1,1,6,1,22,5,1598,1,17,6,1
2014460250382,2,9,0,2,4,0,0,0,0,0,2,1,6,1,59,9,1098,1,-1,5,3
2014460250389,1,9,0,18,0,1,0,0,0,0,1,1,6,1,31,6,2204,2,8,4,1
2014460250389,2,9,0,3,0,1,0,0,0,0,2,1,6,1,45,7,1560,2,-1,4,1
2014460250392,1,9,0,17,0,0,0,0,1,4,1,1,6,1,82,11,2198,2,5,-1,-1
2014460250396,1,9,0,18,0,0,1,0,7,10,3,1,6,1,25,5,1108,1,10,-1,3
2014460250397,1,1,0,18,9,0,0,0,0,0,0,1,2,1,25,5,-1,-1,-1,-1,-1
2014460250398,1,9,0,3,0,0,0,0,0,0,1,1,6,2,30,6,1587,1,12,-1,-1
2014460250398,2,19,0,3,0,0,0,0,0,0,2,1,6,1,27,6,2402,2,11,8,1
2014460250398,3,9,0,3,0,0,0,0,0,0,2,1,6,1,54,8,1998,1,9,-1,-1
2014460250399,1,9,0,17,0,0,2,0,2,7,4,1,2,1,25,5,-1,-1,-1,7,3
2014460250400,1,9,0,18,0,0,0,0,0,0,1,1,6,1,27,6,1229,1,6,-1,-1
2014460250400,2,9,0,4,0,0,0,0,0,0,2,1,6,1,53,8,3456,8,3,8,1
2014460250401,1,9,0,11,0,5,0,0,0,0,4,1,6,1,24,5,1198,1,1,9,1
2014460250401,2,5,0,18,0,5,0,0,0,0,3,1,6,1,48,8,645,1,12,4,1
2014460250403,1,19,0,1,0,0,0,0,0,0,2,1,1,1,32,6,2143,2,-1,3,1
2014460250403,2,2,0,3,0,0,0,0,0,0,1,1,6,1,16,4,-1,-1,-1,4,1
2014460250405,1,21,0,12,0,0,0,0,0,0,1,2,1,1,51,8,-1,-1,-1,-1,-1
2014460250405,2,9,0,18,0,0,0,0,2,7,3,1,6,1,24,5,1598,1,8,-1,-1
2014460250410,1,9,0,18,0,5,0,0,0,0,1,1,2,1,38,7,1591,1,5,4,2
2014460250410,2,9,0,18,0,5,0,0,0,0,1,1,2,1,38,7,998,1,-1,-1,-1
2014460250410,3,9,0,18,0,5,0,0,0,0,2,1,2,1,22,5,2298,1,17,-1,-1
2014460250411,1,19,0,18,0,0,0,0,0,0,1,1,1,1,40,7,2143,2,-1,-1,-1
2014460250411,2,9,0,3,0,0,0,0,0,0,2,1,1,1,57,9,1870,2,3,9,1
2014460250411,3,9,0,3,0,0,0,0,0,0,2,1,6,2,26,6,1796,1,14,-1,-1
2014460250413,1,9,0,17,0,0,0,0,0,0,3,1,6,1,23,5,1997,2,14,-1,1
2014460250413,2,9,0,18,0,0,0,0,0,0,1,1,6,1,36,7,1796,1,20,4,1
2014460250420,1,9,0,18,0,1,1,0,7,3,1,1,6,2,22,5,1124,1,16,8,3
2014460250423,1,9,0,18,0,0,1,0,0,0,1,1,6,2,67,10,1896,2,10,4,3
2014460250423,2,21,1,18,0,0,0,0,0,0,1,1,1,1,51,8,9200,2,9,7,1
2014460250428,1,9,0,5,0,4,0,0,0,0,1,1,6,1,64,9,1198,1,-1,4,1
2014460250428,2,1,0,18,0,3,1,0,0,0,4,1,6,1,20,4,-1,-1,-1,-1,1
2014460250431,1,9,0,18,0,7,0,0,0,0,1,1,1,1,18,4,1242,1,8,6,2
2014460250431,2,21,0,18,0,2,0,0,0,0,2,1,1,1,59,9,4250,2,7,3,1
2014460250434,1,9,0,18,0,1,0,0,0,0,1,1,6,1,-1,-1,1461,2,8,-1,-1
2014460250434,2,9,0,18,0,1,0,0,0,0,2,1,6,2,-1,-1,2191,2,1,9,1
2014460250434,3,9,0,18,0,1,0,0,0,0,2,1,6,1,29,6,1598,1,11,7,1
2014460250434,4,9,0,18,0,1,0,0,0,0,2,1,6,2,-1,-1,1968,2,3,10,1
2014460250443,1,9,0,18,0,6,0,0,0,0,1,1,6,1,72,10,1398,2,11,4,1
2014460250443,2,9,0,4,0,8,0,0,0,0,1,1,6,1,36,7,1997,2,10,7,1
2014460250449,1,9,0,18,0,1,0,0,0,0,1,1,6,3,-1,-1,-1,-1,-1,-1,-1
2014460250450,1,9,0,18,0,0,0,0,0,0,1,1,6,1,72,10,2488,1,8,10,1
2014460250450,2,21,0,18,0,0,0,0,0,0,2,1,6,1,43,7,5880,2,8,4,1
2014460250457,1,9,0,7,0,3,0,0,0,0,1,1,6,1,56,9,1242,1,5,6,1
2014460250462,1,9,0,7,0,5,0,0,0,0,4,1,6,3,-1,-1,-1,-1,-1,-1,-1
2014460250462,2,1,0,18,0,1,0,0,0,0,1,1,6,1,42,7,-1,-1,-1,4,1
2014460250463,1,9,0,1,0,6,0,0,0,0,2,1,6,1,35,6,-1,-1,-1,-1,-1
2014460250463,2,9,0,18,0,8,0,0,0,0,3,1,6,2,40,7,1984,1,5,-1,-1
2014460250468,1,21,0,18,0,0,0,0,0,0,1,1,1,1,37,7,12130,2,9,6,1
2014460250468,2,9,0,4,0,0,0,0,0,0,2,1,6,2,47,8,1997,2,3,10,1
2014460250469,1,21,0,11,0,0,0,0,0,0,4,1,6,1,50,8,12900,2,3,6,3
2014460250469,2,9,0,18,0,0,0,0,0,0,3,1,6,1,63,9,1339,1,5,-1,-1
2014460250471,1,9,0,18,0,3,1,0,0,0,1,1,6,1,19,4,2926,2,13,7,3
2014460250471,2,9,0,18,0,1,0,0,1,0,3,1,6,1,69,10,1686,2,10,9,3
2014460250482,1,10,0,18,0,0,0,0,0,0,4,1,6,1,36,7,-1,-1,-1,7,1
2014460250485,1,9,0,18,0,0,0,0,4,7,3,1,6,1,52,8,1339,1,8,3,1
2014460250487,1,20,0,18,0,0,0,0,0,0,0,1,6,1,30,6,-1,-1,-1,-1,-1
2014460250487,2,3,0,18,0,0,0,0,0,0,0,1,6,1,27,6,109,1,-1,6,1
2014460250489,1,9,0,18,0,0,0,0,0,0,1,1,6,3,-1,-1,-1,-1,-1,-1,-1
2014460250489,2,9,0,18,0,0,0,0,0,0,2,1,6,2,22,5,998,1,8,3,1
2014460250490,1,5,0,18,6,0,1,0,8,6,1,1,6,1,21,5,883,1,10,3,1
2014460250492,1,9,0,18,0,0,0,0,0,0,4,1,6,1,82,11,1390,1,9,8,1
2014460250493,1,9,0,5,0,6,0,0,0,0,3,1,2,2,34,6,1461,2,1,5,1
2014460250493,2,9,0,18,0,1,0,0,1,0,1,1,6,2,24,5,1364,1,9,7,1
2014460250498,1,9,0,18,0,8,0,0,0,0,1,1,6,1,27,6,1560,2,8,3,1
2014460250498,2,9,0,7,0,3,0,0,0,0,3,1,6,1,49,8,1370,1,16,4,1
2014460250500,1,2,0,7,0,5,0,0,0,0,4,1,6,2,16,4,50,1,7,5,1
2014460250501,1,9,0,18,0,0,0,0,0,0,1,1,2,1,31,6,1968,2,2,-1,-1
2014460250501,2,9,0,18,0,0,0,0,0,0,2,1,2,2,49,8,999,1,7,6,2
2014460250501,3,9,0,18,0,0,0,0,0,0,2,1,2,1,20,4,1998,1,5,7,3
2014460250503,1,9,0,17,0,0,0,0,0,0,3,1,6,2,50,8,1199,1,12,10,1
2014460250503,2,9,0,16,0,0,0,0,0,0,3,1,6,2,18,4,1242,1,4,10,1
2014460250504,1,9,0,18,0,1,0,0,1,1,1,1,6,1,24,5,1242,1,4,6,1
2014460250511,1,9,0,13,0,1,1,0,7,10,1,1,6,1,20,4,1975,1,12,9,1
2014460250513,1,9,0,18,0,0,1,0,1,4,2,1,6,1,27,6,1753,2,9,1,1
2014460250515,1,9,0,7,0,8,0,0,0,0,1,1,6,1,21,5,1796,1,13,5,1
2014460250515,2,9,0,18,0,8,0,0,0,0,2,1,6,2,48,8,1598,2,3,9,1
2014460250518,1,9,0,15,0,1,0,0,0,0,1,1,2,1,18,4,1299,1,20,5,1
2014460250518,2,9,0,18,0,1,0,0,0,0,3,1,2,1,42,7,1796,1,7,4,1
2014460250518,3,9,0,2,0,1,0,0,0,0,3,1,6,1,-1,-1,-1,-1,-1,-1,-1
2014460250518,4,9,0,2,0,1,0,0,0,0,2,1,6,1,47,8,1364,1,9,5,1
2014460250525,1,9,0,9,0,6,0,0,0,0,1,1,6,2,31,6,1598,1,1,3,1
2014460250525,2,9,0,18,0,1,0,0,0,0,4,1,6,1,-1,-1,-1,-1,-1,-1,-1
2014460250526,1,9,0,18,0,1,0,0,0,0,1,1,6,2,-1,-1,-1,-1,-1,-1,-1
2014460250528,1,9,0,18,0,1,0,0,0,0,1,1,2,2,51,8,1999,1,7,7,3
2014460250529,1,9,0,4,0,1,1,0,0,0,1,1,1,1,43,7,1796,1,14,4,1
2014460250529,2,9,0,3,0,1,1,0,0,0,2,1,1,2,60,9,1299,1,9,-1,-1
2014460250531,1,9,0,16,0,0,0,0,1,0,1,1,6,1,51,8,1242,1,7,7,1
2014460250531,2,9,0,17,0,0,0,0,0,0,3,1,6,1,35,6,1995,2,5,8,1
2014460250532,1,9,0,1,0,0,0,0,0,0,2,1,6,1,37,7,1149,1,11,-1,1
2014460250532,2,9,0,4,0,0,0,0,0,0,1,1,6,1,27,6,1905,2,17,8,1
2014460250538,1,9,0,1,0,1,0,0,0,0,4,1,6,1,73,10,-1,-1,-1,3,1
2014460250538,2,11,0,5,0,1,0,0,0,0,3,1,1,1,58,9,4250,2,1,5,1
2014460250540,1,9,0,18,0,0,0,0,0,0,1,1,6,2,24,5,998,1,6,3,1
2014460250542,1,9,0,18,0,2,0,0,0,0,1,1,1,2,39,7,1299,1,14,5,2
2014460250543,1,9,0,18,0,0,0,0,0,0,4,1,6,3,-1,-1,-1,-1,-1,-1,-1
2014460250544,1,9,0,18,0,0,0,0,0,0,1,1,6,3,-1,-1,-1,-1,-1,-1,-1
2014460250544,2,1,0,18,0,0,0,0,0,0,1,1,6,1,30,6,-1,-1,-1,3,1
2014460250545,1,19,0,18,0,0,0,0,0,0,3,1,6,2,42,7,1868,2,9,3,1
2014460250550,1,9,0,18,0,0,0,0,1,7,4,1,6,2,42,7,1368,1,4,7,1
2014460250550,2,21,1,18,0,0,0,0,0,0,3,1,1,1,49,8,-1,-1,-1,-1,-1
2014460250551,1,9,0,18,0,0,0,0,0,0,4,1,6,2,44,7,1250,1,14,3,1
2014460250552,1,20,0,5,0,2,0,0,0,0,1,1,1,1,55,8,-1,-1,-1,-1,-1
2014460250553,1,1,0,18,0,1,1,0,0,0,0,1,6,1,47,8,-1,-1,-1,8,1
2014460250554,1,9,0,18,0,1,0,0,0,0,1,1,6,1,35,6,2231,2,8,2,1
2014460250555,1,9,0,9,0,8,0,0,0,0,4,1,6,1,27,6,2993,2,7,9,1
2014460250555,2,2,0,18,0,1,1,0,0,0,1,1,6,1,20,4,49,1,5,7,1
2014460250558,1,9,0,5,0,4,0,0,0,0,1,1,6,2,34,6,1368,1,1,-1,3
2014460250558,2,9,0,3,0,1,0,0,0,0,2,1,6,2,61,9,1149,1,13,5,1
2014460250564,1,9,0,18,0,1,0,0,0,0,1,1,6,1,48,8,1388,1,8,10,1
2014460250564,2,9,0,10,0,1,0,0,0,0,2,1,6,1,34,6,1596,1,12,3,3
2014460250565,1,9,0,9,0,6,0,0,7,10,1,1,1,1,37,7,1598,2,2,5,1
2014460250565,2,9,0,18,0,1,0,0,0,0,4,1,6,2,24,5,1229,1,2,3,1
2014460250567,1,11,0,14,0,0,0,0,0,0,0,1,1,1,36,7,9000,2,5,-1,-1
2014460250577,1,21,1,9,0,5,0,0,0,0,4,1,6,1,48,8,12777,2,-1,3,1
2014460250577,2,9,0,18,0,1,0,0,0,0,1,1,6,2,43,7,1289,1,17,8,1
2014460250578,1,9,0,18,0,0,0,0,0,0,1,1,6,1,26,6,2494,1,10,6,3
2014460250578,2,9,0,4,0,0,0,0,0,0,2,1,6,1,48,8,1910,2,7,3,1
2014460250580,1,9,0,18,0,2,0,7,0,0,1,1,6,1,87,11,1242,1,13,-1,-1
2014460250581,1,5,0,18,0,0,0,0,0,0,1,1,6,1,46,8,988,1,11,9,1
2014460250583,1,9,0,13,0,0,0,0,0,0,0,1,6,3,-1,-1,-1,-1,-1,-1,-1
2014460250583,2,9,0,18,0,0,0,0,0,0,1,1,6,1,81,11,2496,1,8,6,3
2014460250583,3,9,0,18,0,0,0,0,0,0,2,1,6,1,49,8,1390,1,4,3,1
2014460250584,1,9,0,18,0,0,0,0,0,0,1,1,6,1,17,4,1149,1,9,2,1
2014460250584,2,8,0,18,0,0,0,0,0,0,2,1,1,3,-1,-1,1910,2,6,-1,-1
2014460250585,1,9,0,4,0,0,0,0,0,0,1,1,6,3,-1,-1,1995,2,10,5,1
2014460250585,2,9,0,3,0,0,0,0,0,0,2,1,6,2,21,5,1242,1,8,-1,1
2014460250587,1,5,0,18,0,0,0,0,0,0,1,1,2,1,20,4,600,1,7,4,1
2014460250587,2,19,0,12,0,0,0,0,0,0,3,1,2,1,46,8,1753,2,10,4,3
2014460250591,1,3,0,14,0,0,0,0,0,0,1,1,4,1,17,4,123,1,30,-1,-1
2014460250596,1,9,0,18,0,4,0,0,0,0,1,1,6,1,17,4,1199,1,12,4,1
2014460250597,1,2,0,18,0,1,1,0,0,0,4,1,6,1,20,4,49,1,12,2,1
2014460250598,1,9,0,11,0,0,0,0,0,0,4,1,6,1,-1,-1,2993,2,-1,-1,-1
2014460250598,2,5,0,18,0,0,1,0,1,0,3,1,2,1,43,7,1441,1,2,3,1
2014460250601,1,9,0,18,0,2,0,0,0,0,1,1,6,1,53,8,2997,2,5,5,1
2014460250602,1,9,0,18,0,0,0,0,0,0,1,1,6,3,-1,-1,-1,-1,-1,-1,-1
2014460250602,2,9,0,18,0,0,0,0,0,0,1,1,6,1,65,9,1390,1,10,-1,-1
2014460250605,1,9,0,9,0,6,0,0,0,0,4,1,6,2,23,5,1086,1,10,-1,-1
2014460250605,2,9,0,17,0,1,0,0,0,0,4,1,2,2,23,5,1349,1,2,-1,-1
2014460250608,1,9,0,4,0,0,1,0,1,7,1,1,1,2,22,5,998,1,3,7,2
2014460250608,2,9,0,11,0,0,0,0,0,0,0,1,6,3,-1,-1,-1,-1,-1,-1,-1
2014460250609,1,9,0,18,0,1,0,0,0,0,1,1,6,1,-1,-1,1560,2,3,-1,-1
2014460250609,2,9,0,10,0,1,0,0,0,0,2,1,6,2,23,5,1242,1,10,5,1
2014460250610,1,9,0,18,0,8,0,0,0,0,1,1,6,1,21,5,973,1,14,9,1
2014460250610,2,9,0,18,0,8,0,0,0,0,1,1,6,2,54,8,2987,2,-1,6,3
2014460250610,3,9,0,2,0,1,0,0,0,0,3,1,6,1,71,10,1395,1,1,8,3
2014460250613,1,9,0,18,0,0,0,0,0,0,1,1,6,1,51,8,1984,1,22,8,3
2014460250615,1,9,0,18,0,0,0,0,0,0,1,1,6,2,39,7,-1,-1,-1,-1,-1
2014460250616,1,1,0,18,0,0,0,10,1,10,1,1,6,2,-1,-1,-1,-1,-1,4,1
2014460250616,2,11,0,4,0,0,0,0,0,0,0,1,1,3,-1,-1,-1,-1,-1,-1,-1
2014460250617,1,9,0,13,0,1,5,0,0,0,4,1,6,1,25,5,1998,1,12,2,1
2014460250617,2,19,0,18,0,1,0,0,0,0,3,1,6,1,44,7,-1,-1,-1,-1,-1
2014460250624,1,9,0,17,0,0,1,0,1,4,4,1,6,1,36,7,-1,-1,-1,10,3
2014460250624,2,9,0,17,0,0,0,0,0,0,0,1,1,1,40,7,-1,-1,-1,3,1
2014460250625,1,9,0,18,0,0,2,0,0,0,4,1,6,1,30,6,1896,2,12,8,2
2014460250627,1,21,0,12,0,0,0,0,0,0,3,2,6,1,52,8,-1,-1,-1,-1,-1
2014460250627,2,9,0,18,0,0,0,0,0,0,4,1,6,2,43,7,1984,1,6,4,1
2014460250628,1,4,0,13,0,1,0,0,7,4,1,1,2,1,20,4,124,1,-1,8,1
2014460250628,2,9,0,9,0,1,0,0,0,0,3,1,6,2,25,5,1995,2,1,7,3
2014460250629,1,9,0,18,0,1,1,0,0,0,1,1,6,3,-1,-1,-1,-1,-1,-1,-1
2014460250629,2,9,0,7,0,5,0,0,7,0,2,1,6,1,44,7,1390,1,10,6,1
2014460250630,1,9,0,18,0,0,0,0,6,6,1,1,6,1,28,6,998,1,4,6,3
2014460250635,1,9,0,18,0,4,0,0,0,0,0,1,6,3,-1,-1,-1,-1,-1,-1,-1
2014460250635,2,9,0,18,0,8,0,0,0,0,2,1,6,1,53,8,2685,2,10,9,1
2014460250635,3,9,0,18,0,8,0,0,0,0,1,1,6,2,22,5,1596,1,12,6,1
2014460250638,1,9,0,18,0,1,1,0,1,10,1,1,6,1,18,4,1199,1,12,5,2
2014460250638,2,9,0,18,0,6,0,0,0,0,0,1,6,3,-1,-1,-1,-1,-1,-1,-1
2014460250640,1,9,0,18,0,0,0,0,0,0,1,1,6,3,-1,-1,-1,-1,-1,-1,-1
2014460250641,1,9,0,16,0,0,0,0,8,10,1,1,6,2,28,6,1900,2,7,9,3
2014460250642,1,9,0,7,0,4,0,0,0,0,1,1,6,1,38,7,1896,2,15,-1,2
2014460250642,2,9,0,18,0,3,0,0,0,0,2,1,6,2,25,5,998,1,2,10,1
2014460250644,1,21,1,18,0,0,0,0,0,0,3,2,6,1,42,7,-1,-1,-1,-1,-1
2014460250644,2,9,0,18,0,0,0,0,0,0,4,1,6,2,37,7,1390,1,14,-1,-1
2014460250646,1,9,0,18,0,0,0,4,0,0,1,1,6,2,42,7,1391,1,19,7,3
2014460250646,2,9,0,2,0,0,0,0,0,0,1,1,6,3,-1,-1,2987,2,1,-1,-1
2014460250647,1,20,0,18,0,0,0,0,0,0,3,1,1,3,-1,-1,-1,-1,-1,7,1
2014460250647,2,8,0,18,0,0,1,0,4,6,4,1,1,1,60,9,2499,2,2,3,1
2014460250647,3,9,0,18,0,0,0,0,0,0,0,1,6,3,-1,-1,-1,-1,-1,-1,-1
2014460250649,1,9,0,18,0,1,0,0,0,0,3,1,6,1,45,7,1598,2,2,5,3
2014460250655,1,4,0,11,0,1,0,0,0,0,0,1,6,3,-1,-1,-1,-1,-1,-1,-1
2014460250655,2,9,0,16,0,1,0,10,1,9,1,1,1,1,52,8,-1,-1,-1,-1,-1
2014460250656,1,2,0,4,0,1,0,0,0,0,0,1,2,2,28,6,49,1,5,5,1
2014460250656,2,9,0,4,0,1,0,0,0,0,0,1,6,2,48,8,1598,1,3,6,1
2014460250660,1,9,0,13,0,0,0,0,0,0,1,1,6,1,51,8,1968,2,3,8,1
2014460250660,2,1,0,18,0,0,0,0,0,0,2,1,6,1,30,6,-1,-1,-1,3,1
2014460250661,1,19,0,7,0,1,0,0,0,0,4,1,6,3,-1,-1,-1,-1,-1,-1,-1
2014460250661,2,1,0,5,4,1,0,0,0,0,3,1,6,1,38,7,-1,-1,-1,-1,1
2014460250662,1,9,0,18,0,1,5,0,1,0,1,1,6,1,21,5,1360,1,9,3,1
2014460250663,1,9,0,18,0,6,0,0,0,0,3,1,6,2,21,5,1299,1,10,2,1
2014460250663,2,9,0,18,0,8,0,0,0,0,4,1,6,1,50,8,-1,-1,-1,4,1
2014460250664,1,9,0,4,0,1,1,0,1,9,2,1,6,2,45,7,-1,-1,-1,6,3
2014460250665,1,5,0,11,0,3,1,0,0,0,0,1,6,2,49,8,1063,1,10,6,1
2014460250666,1,9,0,9,0,8,0,0,0,0,1,1,6,2,69,10,1598,1,12,8,1
2014460250666,2,9,0,17,0,1,0,0,0,0,4,1,6,3,-1,-1,-1,-1,-1,-1,-1
2014460250667,1,9,0,4,0,1,0,0,0,0,1,1,1,1,-1,-1,-1,-1,-1,-1,-1
2014460250667,2,8,0,3,0,1,1,0,0,0,2,1,1,1,42,7,1797,8,4,4,1
2014460250671,1,9,0,18,0,1,0,0,0,0,1,1,1,1,24,5,2204,2,4,4,1
2014460250671,2,9,0,7,0,6,0,0,0,0,1,1,1,2,47,8,1198,1,1,5,1
2014460250671,3,9,0,4,0,1,0,0,0,0,2,1,6,1,32,6,1560,2,7,10,2
2014460250671,4,9,0,10,0,1,0,0,0,0,2,1,6,1,69,10,1968,2,-1,5,2