Accident_Index,Vehicle_Reference,Vehicle_Type,Towing_and_Articulation,Vehicle_Manoeuvre,Vehicle_Location-Restricted_Lane,Junction_Location,Skidding_and_Overturning,Hit_Object_in_Carriageway,Vehicle_Leaving_Carriageway,Hit_Object_off_Carriageway,1st_Point_of_Impact,Was_Vehicle_Left_Hand_Drive?,Journey_Purpose_of_Driver,Sex_of_Driver,Age_of_Driver,Age_Band_of_Driver,Engine_Capacity_(CC),Propulsion_Code,Age_of_Vehicle,Driver_IMD_Decile,Driver_Home_Area_Type
2014460250675,1,9,0,1,0,8,0,0,0,0,4,1,6,2,47,8,1997,1,3,9,1
2014460250675,2,9,0,18,0,1,0,0,0,0,4,1,2,2,57,9,1560,2,7,9,1
2014460250682,1,3,0,4,0,0,1,0,0,0,4,1,2,2,18,4,125,1,-1,7,1
2014460250683,1,9,0,18,0,1,0,0,0,0,3,1,6,3,-1,-1,-1,-1,-1,-1,-1
2014460250684,1,9,0,5,0,2,0,0,0,0,1,1,6,2,25,5,1149,1,2,-1,1
2014460250684,2,3,0,5,0,8,0,0,0,0,3,1,6,2,16,4,-1,-1,-1,7,2
2014460250687,1,9,0,18,0,0,5,0,1,0,2,1,6,1,23,5,1686,2,12,7,3
2014460250691,1,9,0,18,0,0,0,0,0,0,1,1,6,1,31,6,1560,2,1,9,1
2014460250691,2,9,0,18,0,0,0,0,0,0,2,1,6,1,22,5,1997,2,2,6,1
2014460250695,1,9,0,18,0,8,0,0,0,0,1,1,6,3,-1,-1,2000,2,10,-1,-1
2014460250700,1,9,0,9,0,8,0,0,0,0,4,1,6,3,-1,-1,1596,1,14,-1,-1
2014460250700,2,1,0,18,0,1,0,0,0,0,1,1,2,1,33,6,-1,-1,-1,6,1
2014460250701,1,9,0,5,0,0,0,0,0,0,1,1,6,1,32,6,1997,1,9,2,1
2014460250701,2,19,0,2,0,0,0,0,0,0,3,1,1,1,56,9,1995,2,1,8,3
2014460250701,3,9,0,3,0,0,0,0,0,0,1,1,6,2,37,7,1781,1,20,1,1
2014460250703,1,5,0,12,0,0,0,0,0,0,3,1,6,1,-1,-1,-1,-1,-1,-1,-1
2014460250703,2,5,0,18,0,0,1,0,0,0,4,1,2,1,47,8,893,1,19,3,1
2014460250703,3,9,0,18,0,0,0,0,0,0,2,1,6,1,-1,-1,-1,-1,-1,-1,-1
2014460250704,1,9,0,18,0,0,0,0,0,0,1,1,6,1,22,5,1781,1,11,5,1
2014460250704,2,9,0,18,0,0,0,0,0,0,2,1,6,1,51,8,998,1,4,10,1
2014460250706,1,9,0,9,0,5,0,0,0,0,4,1,6,1,-1,-1,973,1,13,10,1
2014460250706,2,1,0,18,0,1,1,0,0,0,1,1,6,1,47,8,-1,-1,-1,8,1
2014460250716,1,9,0,18,0,3,0,0,7,1,1,1,6,2,55,8,1360,1,8,4,1
2014460250727,1,19,0,18,0,0,0,0,0,0,1,1,6,1,-1,-1,-1,-1,-1,5,1
2014460250727,2,9,0,3,0,0,0,0,0,0,2,1,6,1,21,5,1968,2,1,4,1
2014460250730,1,11,0,18,0,1,0,0,0,0,4,1,1,3,-1,-1,-1,-1,-1,-1,-1
2014460250732,1,9,0,16,0,0,5,0,7,9,1,1,6,1,25,5,1995,2,12,6,2
2014460250733,1,9,0,18,0,0,0,0,0,0,1,1,6,2,35,6,1794,1,7,-1,1
2014460250733,2,9,0,18,0,0,0,0,0,0,1,1,6,1,27,6,1560,2,-1,6,3
2014460250743,1,19,0,5,0,8,0,0,0,0,1,1,6,1,53,8,1870,2,8,2,1
2014460250744,1,9,0,16,0,0,0,0,7,10,1,1,6,1,84,11,1497,1,11,8,2
2014460250746,1,9,0,16,0,1,0,0,0,0,1,1,1,2,68,10,1229,1,6,10,2
2014460250746,2,9,0,7,0,5,0,0,0,0,3,1,6,1,62,9,1560,2,3,9,1
2014460250747,1,9,0,17,9,1,0,0,2,1,1,1,6,1,81,11,1796,1,10,10,1
2014460250755,1,9,0,18,0,1,0,0,0,0,1,1,6,1,32,6,2979,1,10,6,1
2014460250755,2,9,0,4,0,1,0,0,0,0,2,1,6,2,20,4,1229,1,7,-1,1
2014460250759,1,9,0,16,0,0,1,0,0,0,1,1,6,1,32,6,1796,1,14,2,2
2014460250759,2,9,0,17,0,0,0,0,0,0,1,1,6,2,26,6,1242,1,9,4,3
2014460250762,1,19,0,18,0,1,0,0,4,6,1,1,1,1,25,5,1560,2,-1,3,1
2014460250764,1,9,0,9,0,1,0,0,0,0,1,1,2,1,46,8,1598,1,-1,-1,-1
2014460250764,2,9,0,18,0,1,0,0,0,0,1,1,6,2,17,4,1242,1,4,9,2
2014460250765,1,9,0,7,0,6,0,0,0,0,3,1,6,1,21,5,1360,1,10,3,1
2014460250765,2,9,0,18,0,8,0,0,0,0,1,1,6,1,56,9,-1,-1,-1,5,1
2014460250767,1,9,0,18,0,1,0,0,0,0,1,1,2,2,62,9,1560,2,-1,10,1
2014460250767,2,9,0,9,0,6,0,0,0,0,1,1,6,1,48,8,1560,2,4,10,1
2014460250770,1,9,0,9,0,6,0,0,0,0,0,1,1,1,55,8,1399,2,2,6,1
2014460250770,2,3,0,18,0,1,1,0,0,0,0,1,6,1,18,4,124,1,9,1,1
2014460250775,1,9,0,17,0,0,0,0,8,10,1,1,6,2,22,5,998,1,16,7,1
2014460250783,1,9,0,18,0,0,1,0,0,0,1,1,6,2,29,6,1124,1,10,-1,-1
2014460250783,2,9,0,2,6,0,0,0,0,0,2,1,6,1,33,6,2401,2,11,-1,-1
2014460250787,1,9,0,18,0,0,0,0,0,0,1,1,6,1,45,7,1796,1,12,-1,-1
2014460250789,1,20,0,9,0,8,0,0,0,0,2,1,1,1,32,6,-1,-1,-1,-1,-1
2014460250789,2,9,0,18,0,3,0,0,0,0,4,1,6,2,23,5,1596,1,7,8,1
2014460250792,1,9,0,9,0,8,0,0,0,0,4,1,6,1,37,7,1598,1,12,7,1
2014460250794,1,9,0,18,0,1,0,0,0,0,1,1,2,1,45,7,1686,2,-1,8,3
2014460250794,2,5,0,7,0,1,0,0,0,0,2,1,6,1,66,10,798,1,21,8,1
2014460250797,1,11,0,18,0,1,0,0,0,0,1,1,1,1,53,8,4500,2,5,5,1
2014460250799,1,9,0,18,0,8,0,0,0,0,1,1,1,2,21,5,1390,1,7,10,1
2014460250799,2,19,0,9,0,8,0,0,0,0,3,1,1,1,28,6,-1,-1,-1,5,1
2014460250800,1,9,0,18,0,1,0,0,0,0,1,1,6,1,47,8,1560,2,4,8,1
2014460250800,2,9,0,10,0,5,0,0,0,0,1,1,6,1,25,5,1699,2,21,3,1
2014460250802,1,9,0,7,0,8,0,0,0,0,1,1,6,2,-1,-1,1242,1,9,10,1
2014460250802,2,8,0,18,0,8,0,0,0,0,4,1,1,1,31,6,1896,2,5,-1,-1
2014460250803,1,9,0,18,0,0,0,0,0,0,1,1,6,1,70,10,1560,2,3,6,3
2014460250803,2,9,0,2,0,0,0,0,0,0,2,1,6,1,50,8,-1,-1,-1,9,1
2014460250807,1,9,0,18,0,8,0,0,0,0,1,1,6,2,65,9,1386,1,2,-1,-1
2014460250807,2,9,0,9,0,8,0,0,0,0,3,1,6,2,48,8,1390,1,13,-1,1
2014460250808,1,9,0,18,0,1,0,0,0,0,4,1,3,1,34,6,1598,1,15,-1,-1
2014460250810,1,4,0,18,0,2,1,0,0,0,4,1,2,1,25,5,124,1,4,6,1
2014460250811,1,9,0,9,0,8,0,0,0,0,3,1,6,2,17,4,1368,1,7,5,3
2014460250811,2,11,0,18,0,1,0,0,0,0,1,1,1,1,47,8,6871,2,7,-1,1
2014460250812,1,9,0,18,0,0,0,0,0,0,1,1,6,2,62,9,2496,1,8,7,3
2014460250812,2,1,0,18,0,0,0,0,0,0,2,1,6,1,54,8,-1,-1,-1,7,3
2014460250814,1,9,0,18,0,8,0,0,0,0,1,1,6,2,41,7,1796,1,9,7,3
2014460250818,1,9,0,18,0,1,1,0,0,0,0,1,6,1,54,8,-1,-1,-1,7,1
2014460250818,2,9,0,10,0,1,0,0,0,0,0,1,6,1,26,6,1896,2,11,4,1
2014460250824,1,9,0,6,0,8,0,0,0,0,3,2,6,1,42,7,-1,-1,-1,-1,-1
2014460250824,2,9,0,18,0,8,0,0,0,0,1,1,6,1,46,8,1242,1,14,3,1
2014460250825,1,9,0,18,0,0,0,0,0,0,1,1,2,1,35,6,1798,1,13,7,2
2014460250825,2,9,0,3,0,0,0,0,0,0,2,1,2,2,37,7,1797,8,3,2,1
2014460250825,3,9,0,3,0,0,0,0,0,0,2,1,6,1,82,11,1329,1,4,8,1
2014460250826,1,9,0,18,0,0,0,0,0,0,3,1,6,1,47,8,1560,2,7,7,3
2014460250826,2,9,0,2,0,0,0,0,0,0,1,1,6,1,20,4,1197,1,-1,-1,1
2014460250828,1,9,0,18,0,0,2,0,1,9,4,1,6,2,23,5,1461,2,12,-1,-1
2014460250830,1,9,0,9,0,1,0,0,0,0,2,1,6,1,35,6,2000,1,9,9,1
2014460250830,2,9,0,15,0,1,0,0,0,0,1,1,6,1,48,8,1360,1,10,5,2
2014460250832,1,9,0,18,0,0,1,0,0,0,1,1,2,2,54,8,1998,1,17,1,1
2014460250841,1,9,0,18,0,8,0,0,0,0,1,1,6,1,72,10,1998,1,7,8,1
2014460250842,1,9,0,18,0,0,1,10,0,0,3,1,6,1,25,5,-1,-1,-1,1,1
2014460250842,2,9,0,2,0,0,0,4,0,0,2,1,6,3,-1,-1,1587,1,11,7,1
2014460250843,1,9,0,18,0,0,0,0,0,0,1,1,6,1,52,8,1850,1,14,3,1
2014460250843,2,9,0,3,0,0,0,0,0,0,2,1,1,2,30,6,1339,1,9,5,2
2014460250843,3,9,0,3,0,0,0,0,0,0,2,1,1,2,40,7,1198,1,9,9,2
2014460250843,4,9,0,3,0,0,0,0,0,0,2,1,1,1,31,6,1998,1,7,7,1
2014460250845,1,9,0,17,0,1,0,0,0,0,1,1,6,2,49,8,1896,2,14,-1,-1
2014460250845,2,9,0,17,0,1,0,0,0,0,2,1,6,2,21,5,1299,1,7,-1,-1
2014460250845,3,19,0,17,0,1,0,0,0,0,2,1,6,1,50,8,2143,2,2,-1,-1
2014460250848,1,9,0,18,0,1,0,0,0,0,1,1,1,2,19,4,1198,1,2,10,2
2014460250848,2,9,0,18,0,1,0,0,0,0,2,1,2,1,43,7,998,1,5,9,1
2014460250848,3,9,0,10,0,1,0,0,0,0,2,1,1,1,52,8,1997,2,4,3,1
2014460250850,1,9,0,9,0,8,0,0,0,0,4,1,6,1,28,6,1999,1,7,5,2
2014460250850,2,9,0,18,0,8,0,0,0,0,1,1,6,2,48,8,1390,1,7,6,1
2014460250857,1,9,0,18,0,0,1,0,0,0,1,1,1,1,53,8,1968,2,-1,10,1
2014460250857,2,9,0,18,0,0,1,0,0,0,1,1,1,1,29,6,-1,-1,-1,7,3
2014460250859,1,9,0,18,2,1,0,0,0,0,4,1,1,1,68,10,-1,-1,-1,8,1
2014460250861,1,9,0,18,9,5,5,7,7,4,1,1,6,1,-1,-1,1388,1,11,-1,-1
2014460250864,1,9,0,18,0,0,0,0,0,0,1,1,6,2,28,6,-1,-1,-1,6,2
2014460250864,2,9,0,18,0,0,0,0,0,0,2,1,6,1,43,7,1685,2,-1,-1,-1
2014460250866,1,9,0,18,0,0,1,0,0,0,1,1,6,2,19,4,998,1,-1,8,3
2014460250866,2,9,0,3,0,0,0,0,0,0,2,1,6,2,41,7,1242,1,3,-1,-1
2014460250867,1,9,0,7,0,8,0,0,0,0,1,1,6,2,49,8,1796,1,15,4,1
2014460250867,2,1,0,18,0,8,0,0,0,0,2,1,6,1,30,6,-1,-1,-1,2,1
2014460250870,1,9,0,18,0,0,0,0,0,0,1,1,2,1,35,6,-1,-1,-1,2,1
2014460250870,2,9,0,18,0,0,0,0,0,0,1,1,6,2,25,5,875,1,1,5,1
2014460250874,1,1,0,18,0,2,0,0,0,0,2,1,1,1,17,4,-1,-1,-1,7,1
2014460250878,1,9,0,18,0,0,0,0,0,0,1,1,6,3,-1,-1,998,1,7,-1,-1
2014460250878,2,9,0,18,0,0,0,0,0,0,2,1,6,1,56,9,1870,2,8,4,1
2014460250879,1,9,0,18,0,0,1,0,1,4,1,1,2,2,22,5,1240,1,8,8,3
2014460250881,1,9,0,2,0,0,0,0,0,0,1,1,1,1,52,8,1597,1,14,4,1
2014460250881,2,1,0,18,0,0,0,0,0,0,1,1,6,1,62,9,-1,-1,-1,4,1
2014460250882,1,5,0,18,0,3,1,10,3,0,1,1,1,1,53,8,1188,1,25,2,1
2014460250884,1,19,0,18,0,0,0,0,0,0,1,1,6,2,25,5,1598,2,6,2,1
2014460250884,2,9,0,18,0,0,0,0,0,0,2,1,6,1,62,9,1248,1,4,10,2
2014460250884,3,9,0,18,0,0,0,0,0,0,2,1,6,2,54,8,1362,1,1,4,1
2014460250886,1,9,0,8,0,6,0,0,0,0,1,1,6,1,66,10,1598,1,12,-1,-1
2014460250886,2,9,0,18,0,8,2,0,0,0,1,1,6,2,27,6,1598,1,6,2,1
2014460250889,1,9,0,9,0,6,0,0,0,0,1,1,2,2,33,6,1124,1,11,7,1
2014460250889,2,9,0,4,0,1,0,0,0,0,4,1,6,1,39,7,1753,2,8,8,1
2014460250890,1,11,0,18,0,0,0,0,0,0,0,1,6,1,55,8,-1,-1,-1,-1,-1
2014460250891,1,9,0,18,0,0,0,0,0,0,0,1,6,3,-1,-1,-1,-1,-1,-1,-1
2014460250891,2,9,0,18,0,0,0,0,1,10,4,1,6,2,40,7,1299,1,10,3,1
2014460250894,1,9,0,18,0,1,0,0,0,0,3,1,6,2,72,10,1598,1,10,9,3
2014460250896,1,9,0,12,0,1,0,0,0,0,0,1,6,3,-1,-1,-1,-1,-1,-1,-1
2014460250896,2,9,0,12,0,1,0,0,4,6,1,1,6,2,19,4,-1,-1,-1,8,1
2014460250897,1,9,0,4,0,8,0,0,0,0,4,1,2,1,28,6,-1,-1,-1,9,1
2014460250897,2,9,0,7,0,8,0,0,0,0,3,1,6,1,70,10,1796,1,2,4,2
2014460250898,1,9,0,18,0,0,0,0,0,0,1,1,6,3,-1,-1,-1,-1,-1,-1,-1
2014460250898,2,9,0,18,0,0,0,0,0,0,2,1,6,1,60,9,1968,2,3,6,1
2014460250899,1,9,0,9,0,8,0,0,0,0,1,1,6,2,55,8,998,1,9,4,3
2014460250899,2,2,0,18,0,8,0,0,0,0,3,1,2,1,21,5,50,1,15,9,1
2014460250901,1,1,0,18,0,1,0,0,0,0,1,1,6,1,17,4,-1,-1,-1,3,1
2014460250901,2,9,0,18,0,2,0,0,0,0,1,1,6,1,38,7,1364,1,4,6,1
2014460250902,1,9,0,9,0,8,0,0,0,0,1,1,6,1,32,6,1896,2,7,10,1
2014460250902,2,9,0,18,0,8,0,0,0,0,3,1,6,1,24,5,1753,2,11,6,1
2014460250903,1,9,0,5,0,0,0,0,0,0,1,1,2,2,59,9,1240,1,5,2,1
2014460250907,1,19,0,18,0,4,1,7,3,0,1,1,1,1,41,7,2143,2,3,-1,-1
2014460250909,1,9,0,18,0,0,0,0,1,4,1,1,6,1,53,8,1461,2,4,8,2
2014460250911,1,3,0,16,0,0,1,0,0,0,0,1,6,2,28,6,102,1,7,4,2
2014460250912,1,9,0,7,0,1,0,0,0,0,2,1,6,2,61,9,1796,1,6,7,2
2014460250912,2,9,0,7,0,1,0,0,0,0,1,1,6,1,55,8,-1,-1,-1,7,3
2014460250916,1,20,0,18,0,0,0,0,0,0,2,1,1,1,28,6,-1,-1,-1,-1,-1
2014460250916,2,9,0,18,0,0,0,0,0,0,1,1,6,1,25,5,1560,2,3,7,3
2014460250916,3,21,0,18,0,0,0,0,0,0,2,1,1,1,27,6,-1,-1,-1,-1,-1
2014460250921,1,9,0,18,0,0,1,0,1,4,1,1,6,2,25,5,1360,1,14,8,2
2014460250925,1,9,0,18,0,0,0,0,0,0,1,1,6,2,24,5,998,1,13,-1,-1
2014460250925,2,9,0,18,0,0,0,0,0,0,1,1,6,2,29,6,-1,-1,-1,-1,-1
2014460250925,3,9,0,18,0,0,0,0,0,0,2,1,6,1,60,9,4196,1,11,9,3
2014460250925,4,9,0,18,0,0,0,0,0,0,1,1,6,1,39,7,-1,-1,-1,-1,-1
2014460250925,5,9,0,18,0,0,0,0,0,0,2,1,6,1,-1,-1,-1,-1,-1,-1,-1
2014460250925,6,9,0,18,0,0,0,0,0,0,1,1,6,3,-1,-1,-1,-1,-1,-1,-1
2014460250925,7,9,0,12,0,0,0,0,0,0,2,1,6,1,72,10,1398,2,1,-1,-1
2014460250932,1,19,0,4,0,0,0,0,0,0,1,1,1,1,58,9,2148,2,9,2,1
2014460250932,2,9,0,4,0,0,0,0,0,0,2,1,1,1,58,9,1997,2,2,8,3
2014460250932,3,9,0,4,0,0,0,0,0,0,2,1,6,2,31,6,1797,8,-1,9,1
2014460250932,4,9,0,4,0,0,0,0,0,0,2,1,1,1,30,6,1968,2,4,7,3
2014460250934,1,9,0,4,0,0,0,0,0,0,1,1,6,1,73,10,1596,1,10,2,1
2014460250934,2,9,0,3,0,0,0,0,0,0,2,1,6,2,54,8,1598,1,9,3,1
2014460250934,3,9,0,3,0,0,0,0,0,0,2,1,6,1,52,8,1398,1,1,2,1
2014460250934,4,9,0,3,0,0,0,0,0,0,2,1,6,3,-1,-1,996,1,6,2,1
2014460250938,1,3,0,18,0,1,1,0,0,0,1,1,6,1,51,8,125,1,1,1,1
2014460250938,2,9,0,10,0,5,0,0,0,0,2,1,2,1,32,6,1998,1,4,7,1
2014460250940,1,9,0,18,0,0,0,0,0,0,1,1,6,2,25,5,1149,1,9,3,1
2014460250940,2,9,0,18,0,0,0,0,0,0,2,1,6,1,52,8,1910,2,10,4,1
2014460250940,3,9,0,18,0,0,0,0,0,0,2,1,6,1,20,4,1149,1,12,9,2
2014460250940,4,9,0,18,0,0,0,0,0,0,1,1,6,1,30,6,1149,1,9,4,3
2014460250941,1,9,0,18,0,1,0,0,0,0,1,1,6,3,-1,-1,-1,-1,-1,-1,-1
2014460250941,2,1,0,18,0,1,0,0,0,0,4,1,6,1,39,7,-1,-1,-1,8,3
2014460250951,1,9,0,9,0,1,0,0,0,0,1,1,1,2,19,4,1299,1,14,9,1
2014460250951,2,9,0,18,0,2,0,0,0,0,1,1,1,1,45,7,1956,2,2,8,3
2014460250955,1,9,0,18,0,4,0,0,0,0,1,1,6,1,21,5,1360,1,8,6,1
2014460250955,2,9,0,18,0,3,0,0,0,0,2,1,6,1,22,5,1596,1,3,5,1
2014460250959,1,21,1,12,0,0,0,0,0,0,3,2,1,1,45,7,-1,-1,-1,-1,-1
2014460250959,2,9,0,18,0,0,1,0,2,7,4,1,2,2,40,7,1679,1,16,10,1
2014460250960,1,9,0,18,0,0,0,0,0,0,0,1,6,3,-1,-1,-1,-1,-1,-1,-1
2014460250962,1,9,0,18,0,0,0,0,1,5,1,1,6,2,44,7,1998,1,7,3,1
2014460250962,2,9,0,18,0,0,0,0,0,0,2,1,6,2,59,9,1242,1,9,9,2
2014460250966,1,9,0,18,0,0,0,0,0,0,1,1,6,2,65,9,2231,2,7,7,3
2014460250966,2,9,0,18,0,0,0,0,0,0,2,1,6,2,51,8,2400,2,4,8,1
2014460250966,3,9,0,18,0,0,0,0,0,0,1,1,6,1,17,4,998,1,25,7,2
2014460250968,1,19,0,18,0,0,0,0,0,0,1,1,6,3,-1,-1,-1,-1,-1,-1,-1
2014460250971,1,9,0,9,0,2,0,0,0,0,1,1,1,1,40,7,1997,2,5,5,1
2014460250972,1,9,0,18,0,7,0,0,0,0,0,1,6,3,-1,-1,-1,-1,-1,-1,-1
2014460250972,2,9,0,18,0,7,0,0,0,0,1,1,6,1,32,6,1560,2,-1,-1,-1
2014460250972,3,9,0,18,0,7,0,0,1,0,2,1,6,1,18,4,-1,-1,-1,-1,-1
2014460250975,1,9,0,18,0,0,0,0,0,0,1,1,6,1,37,7,-1,-1,-1,7,1
2014460250975,2,21,0,18,0,0,0,0,0,0,2,1,6,1,59,9,10677,2,-1,-1,-1
2014460250976,1,9,0,18,0,0,0,0,0,0,1,1,1,2,45,7,1999,1,10,3,1
2014460250976,2,1,0,18,0,0,0,0,0,0,2,1,1,1,27,6,-1,-1,-1,5,1
2014460250979,1,9,0,18,0,0,1,0,8,7,1,1,6,1,25,5,1994,1,12,5,2
2014460250979,2,19,0,18,0,0,0,0,0,0,1,1,2,1,60,9,2299,2,-1,-1,1
2014460250980,1,2,0,18,0,1,0,0,0,0,1,1,6,1,25,5,50,1,7,1,1
2014460250980,2,9,0,10,0,1,0,0,0,0,2,1,6,1,57,9,1364,1,2,4,1
2014460250984,1,9,0,16,0,0,0,0,0,0,1,1,2,1,47,8,1997,2,11,7,2
2014460250984,2,19,0,17,0,0,0,0,0,0,1,1,1,1,63,9,-1,-1,-1,6,1
2014460250996,1,9,0,7,0,8,1,0,0,0,1,1,1,1,40,7,-1,-1,-1,4,1
2014460250996,2,9,0,16,0,8,0,0,0,0,1,1,6,1,48,8,3628,2,4,5,3
2014460250997,1,9,0,18,0,0,1,0,0,0,1,1,6,1,56,9,1598,1,15,8,2
2014460250997,2,9,0,18,0,0,0,0,0,0,1,1,6,1,36,7,1596,1,10,4,1
2014460250997,3,9,0,18,0,0,0,0,0,0,2,1,6,1,41,7,1685,2,3,9,1
2014460251000,1,9,0,18,0,0,0,0,7,10,1,1,6,1,60,9,1399,2,7,7,1
2014460251005,1,9,0,9,0,5,0,0,0,0,1,1,6,1,43,7,4164,2,13,-1,-1
2014460251005,2,9,0,18,0,8,0,0,0,0,1,1,6,1,24,5,1399,1,4,-1,-1
2014460251007,1,9,0,18,0,0,0,0,0,0,4,1,1,1,53,8,1997,2,8,7,1
2014460251008,1,17,0,9,0,8,0,0,0,0,4,1,1,1,33,6,-1,2,6,-1,3
2014460251008,2,9,0,18,0,1,0,0,0,0,1,1,2,1,47,8,1988,1,14,5,1
2014460251010,1,9,0,18,0,4,0,0,0,0,1,1,6,1,58,9,-1,-1,-1,-1,-1
2014460251010,2,9,0,18,0,4,0,0,0,0,2,1,6,2,21,5,1360,1,9,-1,-1
2014460251011,1,9,0,18,0,8,0,0,0,0,1,1,6,1,23,5,1781,1,14,-1,3
2014460251011,2,9,0,18,0,8,0,0,0,0,2,1,6,1,43,7,2143,2,2,-1,1
2014460251012,1,9,0,16,0,1,1,0,0,0,1,1,2,2,23,5,796,1,12,4,3
2014460251012,2,19,0,17,0,1,0,0,0,0,1,1,1,1,51,8,2987,2,-1,10,1
2014460251016,1,9,0,9,0,5,0,0,0,0,4,1,6,2,57,9,2685,2,13,10,1
2014460251016,2,4,0,18,0,1,0,0,0,0,1,1,6,1,57,9,249,1,23,7,3
2014460251018,1,9,0,2,6,0,0,0,0,0,4,1,6,1,81,11,1398,1,3,8,2
2014460251019,1,9,0,18,0,0,0,0,0,0,4,1,6,2,62,9,1796,1,11,9,1
2014460251021,1,19,0,18,0,0,0,0,0,0,4,1,6,3,-1,-1,-1,-1,-1,-1,-1
2014460251021,2,9,0,2,0,0,0,0,0,0,4,1,6,1,40,7,1798,1,9,4,1
2014460251024,1,9,0,18,0,0,0,0,1,2,4,1,6,1,20,4,1199,1,11,2,1
2014460251025,1,9,0,9,0,5,0,0,0,0,3,1,6,1,67,10,1905,2,17,-1,-1
2014460251025,2,1,0,18,0,1,0,0,0,0,1,1,6,2,47,8,-1,-1,-1,9,2
2014460251026,1,9,0,18,0,0,1,0,1,4,3,1,6,2,41,7,1587,1,22,3,3
2014460251027,1,9,0,9,0,4,0,0,0,0,1,1,1,1,50,8,1995,2,10,2,1
2014460251027,2,9,0,18,0,8,0,0,0,0,1,1,1,2,22,5,1388,1,12,3,1
2014460251028,1,9,0,18,0,0,1,0,2,4,4,1,6,1,44,7,1997,1,7,7,1
2014460251029,1,9,0,17,9,1,1,0,1,3,1,1,6,2,21,5,1199,1,13,10,1
2014460251029,2,9,0,17,0,8,1,1,0,0,1,1,6,1,57,9,1242,1,11,7,1
2014460251030,1,9,0,18,9,5,0,0,1,0,1,1,6,2,58,9,1364,1,5,6,2
2014460251034,1,9,0,18,0,8,0,0,0,0,4,1,3,2,38,7,1390,1,11,8,1
2014460251037,1,9,0,18,0,0,0,0,0,0,1,1,6,3,-1,-1,-1,-1,-1,-1,-1
2014460251037,2,9,0,18,0,0,1,0,1,0,2,1,6,2,42,7,1560,2,-1,5,1
2014460251037,3,21,1,18,0,0,0,0,0,0,1,1,1,1,46,8,-1,-1,-1,-1,-1
2014460251038,1,9,0,18,0,0,0,4,0,0,1,2,2,2,22,5,-1,-1,-1,2,1
2014460251038,2,11,0,2,0,0,0,0,0,0,2,1,6,1,62,9,4461,2,-1,4,1
2014460251047,1,9,0,18,0,0,0,0,0,0,1,1,6,2,32,6,1596,1,10,4,1
2014460251047,2,9,0,4,0,0,0,0,0,0,2,1,6,2,24,5,1995,1,4,8,3
2014460251052,1,9,0,18,0,6,0,0,0,0,3,1,6,2,84,11,1560,2,5,-1,1
2014460251052,2,21,0,18,0,1,1,0,0,0,1,1,1,1,42,7,-1,-1,-1,-1,-1
2014460251054,1,9,0,18,0,1,0,0,0,0,1,1,6,1,29,6,1299,1,14,3,1
2014460251054,2,9,0,4,0,1,0,0,0,0,2,1,6,1,50,8,1679,1,15,3,1
2014460251054,3,9,0,18,0,1,0,0,0,0,0,1,6,3,-1,-1,-1,-1,-1,-1,-1
2014460251055,1,11,0,18,0,0,0,0,1,0,0,1,1,1,23,5,9600,2,16,-1,1
2014460251057,1,9,0,18,0,0,0,0,0,0,3,1,6,1,18,4,1229,1,6,10,1
2014460251057,2,9,0,18,0,0,0,0,0,0,3,1,6,1,44,7,-1,-1,-1,2,1
2014460251057,3,9,0,18,0,0,0,0,0,0,2,1,6,1,38,7,1834,1,14,5,1
2014460251058,1,9,0,5,0,3,0,0,0,0,1,1,6,2,35,6,1999,1,10,-1,1
2014460251060,1,9,0,18,0,8,0,0,0,0,1,1,6,1,69,10,989,1,11,-1,1
2014460251060,2,9,0,18,0,8,0,0,0,0,3,1,1,1,65,9,-1,-1,-1,4,1
2014460251061,1,9,0,5,0,1,0,0,0,0,3,1,1,2,38,7,1998,1,12,6,1
2014460251061,2,9,0,18,0,1,0,0,0,0,4,1,1,2,23,5,1242,1,8,4,1
2014460251062,1,9,0,18,0,0,1,0,0,0,1,1,6,3,-1,-1,-1,-1,-1,-1,-1
2014460251069,1,9,0,18,0,6,0,0,0,0,1,1,6,1,36,7,1124,1,11,1,1
2014460251069,2,9,0,18,0,1,0,0,0,0,3,1,6,1,65,9,1396,2,1,4,1
2014460251070,1,9,0,17,0,0,2,10,1,10,3,1,6,2,26,6,1360,1,12,5,3
2014460251072,1,9,0,18,0,0,0,0,0,0,1,1,6,2,45,7,1560,2,3,6,3
2014460251072,2,9,0,4,0,0,0,0,0,0,2,1,6,1,34,6,1796,1,10,8,1
2014460251072,3,9,0,3,0,0,0,0,0,0,2,1,6,1,38,7,1560,2,3,9,2
2014460251085,1,9,0,18,0,0,0,0,0,0,1,1,6,2,29,6,1388,1,9,4,2
2014460251085,2,9,0,4,0,0,0,0,0,0,2,1,2,1,24,5,-1,-1,-1,7,1
2014460251090,1,2,0,18,0,0,0,0,0,0,0,1,4,1,16,4,50,1,4,6,1
2014460251092,1,9,0,18,0,0,0,0,0,0,3,1,6,1,-1,-1,-1,-1,-1,-1,-1
2014460251092,2,9,0,3,0,0,0,0,0,0,3,1,6,2,36,7,1396,1,3,4,1