Accident_Index,Vehicle_Reference,Vehicle_Type,Towing_and_Articulation,Vehicle_Manoeuvre,Vehicle_Location-Restricted_Lane,Junction_Location,Skidding_and_Overturning,Hit_Object_in_Carriageway,Vehicle_Leaving_Carriageway,Hit_Object_off_Carriageway,1st_Point_of_Impact,Was_Vehicle_Left_Hand_Drive?,Journey_Purpose_of_Driver,Sex_of_Driver,Age_of_Driver,Age_Band_of_Driver,Engine_Capacity_(CC),Propulsion_Code,Age_of_Vehicle,Driver_IMD_Decile,Driver_Home_Area_Type
2014460251093,1,9,0,16,0,1,0,0,0,0,0,1,6,3,-1,-1,-1,-1,-1,-1,-1
2014460251093,2,9,0,17,0,2,0,0,7,10,4,1,6,1,34,6,1994,1,13,5,1
2014460251094,1,9,0,4,0,0,1,0,0,0,1,1,6,1,68,10,-1,-1,-1,-1,-1
2014460251094,2,9,0,4,0,0,0,0,0,0,2,1,6,2,18,4,1242,1,4,5,1
2014460251094,3,9,0,4,0,0,0,0,0,0,2,1,6,2,48,8,1598,1,4,9,1
2014460251095,1,9,0,5,0,2,0,0,0,0,1,1,6,2,41,7,-1,-1,-1,10,1
2014460251095,2,9,0,8,0,2,0,0,0,0,2,1,6,2,73,10,1242,1,10,2,1
2014460251098,1,21,0,18,0,0,0,0,0,0,1,1,1,1,29,6,-1,-1,-1,-1,-1
2014460251103,1,9,0,18,0,0,2,0,7,10,2,1,6,1,16,4,1988,1,14,-1,-1
2014460251103,2,9,0,2,0,0,0,0,0,0,0,1,6,1,69,10,2967,2,8,-1,-1
2014460251105,1,9,0,18,0,0,0,0,0,0,3,1,1,1,37,7,-1,-1,-1,-1,-1
2014460251105,2,9,0,18,0,0,0,0,0,7,4,1,6,2,40,7,1242,1,9,5,1
2014460251110,1,9,0,5,0,6,0,0,0,0,4,1,6,2,24,5,1124,1,12,2,1
2014460251110,2,9,0,18,0,1,0,0,0,0,1,1,6,1,18,4,1388,1,15,6,1
2014460251111,1,9,0,9,0,6,0,0,0,0,1,1,1,1,27,6,1998,1,10,4,1
2014460251111,2,2,0,18,0,1,0,0,0,0,4,1,1,1,38,7,124,1,11,7,1
2014460251113,1,3,0,17,0,0,1,0,0,0,0,1,2,1,36,7,125,1,-1,8,3
2014460251115,1,9,0,16,0,0,1,0,1,4,1,1,2,2,50,8,1360,1,9,9,3
2014460251120,1,9,0,18,0,0,5,0,2,10,1,1,1,1,17,4,1399,2,10,10,1
2014460251121,1,20,0,18,0,3,0,0,0,0,1,1,6,3,-1,-1,-1,-1,-1,-1,-1
2014460251121,2,9,0,16,0,8,0,0,4,6,3,1,6,2,31,6,1598,1,12,4,1
2014460251122,1,9,0,18,0,2,0,0,0,0,1,1,6,1,29,6,1360,1,12,7,1
2014460251122,2,9,0,4,0,2,0,0,0,0,2,1,6,1,24,5,998,1,1,4,1
2014460251122,3,19,0,4,0,2,0,0,0,0,2,1,6,1,50,8,1598,2,1,9,2
2014460251124,1,9,0,17,0,0,0,0,2,0,3,1,3,1,53,8,1360,1,8,6,1
2014460251129,1,9,0,18,0,1,0,0,0,0,1,1,1,1,40,7,-1,-1,-1,10,1
2014460251129,2,9,0,18,0,1,0,0,0,0,2,1,6,1,71,10,1390,1,9,10,1
2014460251130,1,9,0,7,0,8,0,0,0,0,3,1,6,1,50,8,1497,1,9,5,1
2014460251130,2,9,0,18,0,8,0,0,0,0,1,1,6,1,58,9,-1,-1,-1,3,1
2014460251132,1,9,0,3,0,1,0,0,0,0,4,1,6,1,61,9,1597,2,-1,9,1
2014460251133,1,9,0,18,0,1,0,0,0,0,1,1,6,2,-1,-1,-1,-1,-1,-1,-1
2014460251133,2,9,0,2,0,1,0,0,0,0,3,1,6,1,30,6,1390,1,14,-1,-1
2014460251136,1,9,0,18,0,0,0,0,0,0,1,1,2,1,51,8,2179,2,10,9,1
2014460251137,1,9,0,18,0,0,0,4,0,0,1,1,6,1,42,7,-1,-1,-1,-1,1
2014460251137,2,9,0,2,0,0,0,4,0,0,2,1,6,2,23,5,1229,1,2,6,1
2014460251137,3,9,0,2,0,0,0,4,0,0,2,1,6,1,28,6,1992,2,9,4,1
2014460251137,4,9,0,2,0,0,0,4,0,0,3,1,6,1,28,6,1896,2,13,6,1
2014460251137,5,9,0,2,0,0,0,0,0,0,1,1,6,2,28,6,1248,1,2,4,1
2014460251138,1,9,0,5,0,2,0,0,0,0,4,1,6,2,22,5,1108,1,5,-1,-1
2014460251138,2,9,0,18,0,1,0,0,0,0,1,1,6,1,69,10,3456,1,8,5,3
2014460251139,1,9,0,18,0,0,0,0,0,0,3,1,6,1,51,8,1753,2,5,7,1
2014460251139,2,9,0,18,0,0,0,0,0,0,3,1,6,1,22,5,1388,1,12,3,1
2014460251143,1,9,0,15,0,0,0,0,0,0,3,1,6,3,-1,-1,-1,-1,-1,-1,-1
2014460251143,2,9,0,18,0,0,0,0,0,0,4,1,6,1,35,6,1781,1,13,2,1
2014460251145,1,9,0,7,0,5,0,0,0,0,4,1,6,1,45,7,-1,-1,-1,-1,-1
2014460251145,2,2,0,18,0,8,1,0,1,10,3,1,2,2,20,4,124,1,2,7,1
2014460251148,1,9,0,17,0,1,1,0,7,10,4,1,1,2,22,5,1587,1,7,7,3
2014460251155,1,19,0,3,0,0,0,0,0,0,1,1,6,1,-1,-1,-1,-1,-1,5,2
2014460251155,2,9,0,3,0,0,0,0,0,0,2,1,6,2,31,6,1587,1,9,8,1
2014460251157,1,9,0,13,0,1,0,0,0,0,1,1,2,1,25,5,1598,2,2,6,1
2014460251157,2,9,0,9,0,1,0,0,0,0,2,1,2,1,27,6,1600,1,14,3,1
2014460251166,1,9,0,9,0,1,0,0,0,0,0,1,6,3,-1,-1,-1,-1,-1,-1,-1
2014460251166,2,3,0,4,0,1,1,0,0,0,3,1,6,1,18,4,124,1,9,4,1
2014460251172,1,9,0,4,0,0,0,0,0,0,1,1,6,2,22,5,998,1,-1,3,1
2014460251172,2,9,0,3,0,0,0,0,0,0,2,1,6,2,29,6,2993,2,4,10,1
2014460251172,3,9,0,3,0,0,0,0,0,0,2,1,1,1,57,9,-1,-1,-1,10,3
2014460251172,4,9,0,3,0,0,0,0,0,0,2,1,1,1,52,8,1968,2,-1,7,1
2014460251177,1,9,0,18,0,1,0,0,0,0,1,1,3,2,44,7,-1,-1,-1,8,1
2014460251181,1,9,0,18,0,1,0,0,8,10,1,1,6,1,21,5,1598,1,8,-1,-1
2014460251181,2,9,0,18,0,2,0,0,0,0,1,1,6,1,56,9,1200,1,-1,10,2
2014460251183,1,9,0,16,0,0,0,0,0,0,0,1,6,1,40,7,-1,-1,-1,-1,-1
2014460251183,2,9,0,17,0,0,1,0,1,4,4,1,6,1,36,7,2401,2,11,-1,-1
2014460251188,1,9,0,9,0,6,0,0,0,0,1,2,6,1,31,6,-1,-1,-1,1,1
2014460251188,2,3,0,4,0,1,1,0,0,0,1,1,6,1,27,6,599,1,13,-1,-1
2014460251191,1,9,0,5,0,6,0,0,0,0,3,1,6,1,55,8,1999,1,7,5,1
2014460251191,2,5,0,18,0,1,1,0,0,0,1,1,6,1,44,7,348,1,19,4,1
2014460251194,1,9,0,18,0,0,0,0,0,0,1,1,6,1,48,8,1995,2,7,8,1
2014460251194,2,9,0,18,0,0,0,0,0,0,2,1,6,2,33,6,1598,1,3,6,1
2014460251195,1,9,0,18,0,6,0,0,0,0,1,1,6,3,-1,-1,-1,-1,-1,-1,-1
2014460251195,2,9,0,18,0,1,0,0,0,0,3,1,6,1,66,10,-1,-1,-1,2,1
2014460251195,3,9,0,18,0,2,0,0,0,0,2,1,6,1,43,7,1990,1,15,3,1
2014460251199,1,9,0,18,0,0,0,0,0,0,1,1,6,3,-1,-1,-1,-1,-1,-1,-1
2014460251201,1,9,0,18,0,1,0,0,0,0,1,1,6,1,42,7,1995,2,6,4,1
2014460251201,2,9,0,18,0,1,0,0,0,0,2,1,6,1,79,11,1998,1,10,5,1
2014460251205,1,9,0,5,0,6,0,10,0,0,1,1,6,2,34,6,1398,2,4,7,3
2014460251205,2,9,0,18,0,1,0,0,0,0,4,1,6,2,38,7,1968,2,-1,3,3
2014460251209,1,9,0,9,0,1,0,0,0,0,4,1,3,2,41,7,2148,2,10,-1,-1
2014460251209,2,9,0,18,0,1,0,0,0,0,4,1,6,1,19,4,1896,2,15,2,1
2014460251209,3,9,0,18,0,1,0,0,0,0,3,1,6,1,68,10,1910,2,9,4,1
2014460251211,1,9,0,18,0,3,1,0,1,7,1,1,6,1,54,8,1560,2,7,7,3
2014460251212,1,9,0,17,0,0,0,0,1,4,1,1,6,1,20,4,1968,2,5,8,1
2014460251213,1,9,0,18,0,0,1,0,1,0,1,1,6,1,37,7,1598,2,1,-1,-1
2014460251213,2,19,0,18,0,0,1,0,2,7,2,1,6,1,37,7,-1,-1,-1,-1,-1
2014460251214,1,9,0,16,0,2,2,0,8,10,4,1,2,1,21,5,1197,1,1,8,3
2014460251216,1,9,0,6,0,0,0,0,0,0,1,1,6,2,42,7,1796,1,6,2,1
2014460251216,2,5,0,14,0,0,0,0,0,0,4,1,6,1,26,6,-1,-1,-1,2,1
2014460251219,1,9,0,18,0,0,0,0,0,0,2,1,6,2,25,5,-1,-1,-1,-1,-1
2014460251219,2,19,0,3,0,0,0,0,0,0,1,1,6,1,18,4,1686,2,10,-1,-1
2014460251227,1,21,0,4,0,0,0,0,0,0,3,1,1,1,25,5,11946,2,6,6,3
2014460251227,2,9,0,4,0,0,1,10,0,0,2,1,6,2,-1,-1,1783,1,12,-1,-1
2014460251227,3,20,0,3,0,0,0,0,0,0,2,1,1,1,41,7,-1,-1,-1,4,1
2014460251231,1,9,0,16,0,8,1,0,1,4,1,1,6,1,26,6,1590,1,10,-1,-1
2014460251233,1,9,0,4,0,0,0,0,0,0,1,1,6,2,-1,-1,1997,2,9,3,2
2014460251233,2,9,0,18,0,0,0,0,0,0,2,1,6,2,23,5,1598,2,1,-1,-1
2014460251237,1,9,0,18,0,0,0,0,0,0,1,1,6,1,29,6,1124,1,12,10,2
2014460251237,2,9,0,18,0,0,0,0,0,0,2,1,6,2,17,4,1242,1,-1,3,1
2014460251237,3,9,0,18,0,0,0,0,0,0,2,1,6,2,29,6,1596,1,5,8,1
2014460251238,1,21,0,12,0,0,2,0,0,0,3,1,1,1,47,8,-1,-1,-1,-1,-1
2014460251238,2,9,0,18,0,0,0,0,1,0,4,1,6,1,27,6,-1,-1,-1,-1,-1
2014460251240,1,9,0,18,0,0,0,0,0,0,1,1,2,1,42,7,2200,2,13,5,2
2014460251241,1,9,0,6,0,0,0,0,0,0,3,1,6,1,31,6,1339,8,6,5,1
2014460251241,2,9,0,18,0,0,0,0,0,0,1,1,6,1,44,7,1390,1,11,2,1
2014460251242,1,1,0,18,0,0,0,0,0,0,0,1,6,1,22,5,-1,-1,-1,9,1
2014460251243,1,9,0,6,0,0,0,0,0,0,3,1,6,2,22,5,1587,1,12,6,1
2014460251243,2,5,0,18,0,0,0,0,0,0,1,1,2,1,41,7,1157,1,16,3,1
2014460251244,1,19,0,18,0,1,0,0,0,0,3,1,6,1,19,4,2198,2,8,3,1
2014460251248,1,9,0,17,0,1,0,0,0,0,1,1,2,1,56,9,998,1,14,10,2
2014460251249,1,9,0,18,0,8,0,0,0,0,1,1,6,2,-1,-1,1498,1,7,6,3
2014460251249,2,1,0,18,0,8,0,0,0,0,2,1,6,1,31,6,-1,-1,-1,4,1
2014460251252,1,9,0,4,0,0,0,0,0,0,1,1,6,2,81,11,1587,1,20,9,2
2014460251253,1,9,0,18,0,0,0,0,0,0,1,1,6,1,26,6,2967,2,7,6,1
2014460251253,2,9,0,4,0,0,0,0,0,0,2,1,6,2,21,5,1197,1,3,2,1
2014460251254,1,9,0,18,0,0,0,0,1,10,1,1,6,2,62,9,1349,1,4,10,1
2014460251258,1,4,0,17,0,1,0,0,0,0,1,1,6,1,38,7,954,1,12,6,2
2014460251258,2,19,0,16,0,1,0,0,0,0,1,1,1,1,50,8,2148,2,7,8,3
2014460251267,1,9,0,18,0,0,2,0,1,4,4,1,6,2,23,5,1396,1,10,6,3
2014460251303,1,9,0,9,0,1,0,0,0,0,1,1,6,3,37,7,1998,2,12,-1,-1
2014460251303,2,9,0,2,0,1,0,0,0,0,1,1,6,3,-1,-1,1995,2,6,-1,-1
2014460251303,3,9,0,2,0,1,0,0,0,0,3,1,6,3,-1,-1,1998,1,7,-1,-1
2014460251305,1,9,0,1,0,0,0,0,0,0,2,1,6,3,-1,-1,1598,1,15,-1,-1
2014460251307,1,9,0,18,0,0,0,0,0,0,1,1,6,2,34,6,1389,1,18,3,1
2014460251312,1,9,0,18,0,0,0,0,0,0,1,1,6,2,32,6,1997,2,13,2,1
2014460251312,2,9,0,18,0,0,0,0,0,0,2,1,6,1,60,9,1998,2,1,6,1
2014460251312,3,9,0,18,0,0,0,0,0,0,2,1,6,1,44,7,1796,1,15,-1,1
2014460251313,1,9,0,18,0,6,0,0,3,10,1,1,6,1,69,10,1198,1,9,4,1
2014460251313,2,9,0,18,0,1,0,0,7,10,4,1,2,1,55,8,1560,2,9,7,1
2014460251327,1,1,0,18,0,0,0,0,0,0,1,1,6,1,63,9,-1,-1,-1,5,2
2014460251327,2,1,0,18,0,0,0,0,0,0,2,1,6,2,62,9,-1,-1,-1,5,2
2014460251329,1,9,0,5,0,8,0,0,0,0,0,1,6,3,-1,-1,-1,-1,-1,-1,-1
2014460251329,2,11,0,5,0,8,0,0,0,0,0,1,1,1,39,7,4500,2,7,7,1
2014460251334,1,9,0,18,0,4,0,0,0,0,1,1,6,1,23,5,1398,1,1,7,1
2014460251334,2,9,0,18,0,3,0,0,0,0,2,1,6,2,36,7,1968,2,8,-1,-1
2014460251340,1,9,0,17,0,0,2,0,1,4,1,1,6,1,28,6,1796,1,9,3,1
2014460251341,1,9,0,18,0,1,0,0,0,0,1,1,6,3,-1,-1,1390,1,3,7,1
2014460251341,2,9,0,3,0,1,0,0,0,0,2,1,6,1,29,6,1781,1,12,7,1
2014460251341,3,9,0,3,0,1,0,0,0,0,2,1,6,1,32,6,1796,1,6,7,1
2014460251343,1,9,0,16,0,0,1,0,0,0,3,1,6,1,24,5,1998,1,16,9,3
2014460251343,2,9,0,17,0,0,0,0,0,0,3,1,6,2,34,6,998,1,2,9,3
2014460251344,1,8,0,1,0,8,0,0,0,0,2,1,1,1,57,9,1560,2,4,7,1
2014460251348,1,9,0,18,0,0,0,0,0,0,1,1,6,2,36,7,2143,2,2,-1,-1
2014460251348,2,9,0,3,0,0,0,0,0,0,2,1,6,1,55,8,1242,1,10,5,1
2014460251348,3,9,0,3,0,0,0,0,0,0,2,1,6,2,63,9,1124,1,13,8,3
2014460251351,1,9,0,18,0,0,0,0,0,0,3,1,6,3,-1,-1,-1,-1,-1,-1,-1
2014460251351,2,9,0,18,0,0,0,0,4,6,4,1,6,1,47,8,-1,-1,-1,6,1
2014460251361,1,19,0,18,0,1,0,0,0,0,1,1,6,1,51,8,1998,2,11,4,1
2014460251366,1,9,0,17,0,0,1,0,1,4,1,1,2,1,45,7,1560,2,8,8,3
2014460251371,1,9,0,18,0,0,2,0,0,0,0,1,6,2,26,6,1229,1,8,4,3
2014460251372,1,9,0,18,0,8,0,0,0,0,1,1,6,3,-1,-1,-1,-1,-1,-1,-1
2014460251372,2,9,0,16,0,3,0,0,0,0,4,1,6,2,21,5,999,1,3,-1,-1
2014460251378,1,9,0,1,0,0,0,0,0,0,2,1,6,1,74,10,1199,1,12,4,1
2014460251378,2,9,0,2,0,0,0,0,0,0,1,1,6,1,38,7,1795,1,15,6,3
2014460251380,1,9,0,6,0,1,0,0,1,0,4,1,6,2,35,6,1796,1,4,10,1
2014460251380,2,9,0,18,0,1,0,0,1,0,1,1,6,1,35,6,-1,-1,-1,4,3
2014460251383,1,9,0,5,0,6,0,0,7,0,3,1,6,2,-1,-1,1242,1,4,-1,-1
2014460251383,2,9,0,18,0,1,0,0,0,0,1,1,2,1,33,6,1992,2,7,-1,-1
2014460251384,1,9,0,11,0,0,0,0,0,0,1,1,2,2,22,5,-1,-1,-1,5,3
2014460251384,2,21,0,5,6,0,0,0,0,0,3,1,1,1,30,6,11967,2,-1,-1,-1
2014460251394,1,9,0,18,0,8,0,0,0,0,3,1,6,1,45,7,-1,-1,-1,5,1
2014460251394,2,1,0,18,0,1,0,0,0,0,1,1,6,1,40,7,-1,-1,-1,4,1
2014460251405,1,9,0,1,0,1,0,0,0,0,3,1,6,1,25,5,2720,2,6,-1,-1
2014460251405,2,9,0,2,0,1,0,0,0,0,3,1,6,1,71,10,1896,2,17,4,3
2014460251406,1,9,0,18,0,0,0,0,1,0,1,1,6,1,29,6,1995,2,4,7,1
2014460251406,2,9,0,18,0,0,0,0,1,0,2,1,2,1,52,8,-1,-1,-1,-1,1
2014460251407,1,9,0,18,0,0,0,0,0,0,1,1,6,1,43,7,1242,1,11,7,1
2014460251409,1,3,0,4,0,1,0,0,0,0,4,1,1,1,23,5,124,1,2,3,1
2014460251409,2,9,0,4,0,1,0,0,0,0,2,1,2,1,55,8,-1,-1,-1,3,3
2014460251414,1,9,0,17,0,0,0,0,0,0,1,1,6,1,52,8,2231,2,6,8,1
2014460251414,2,9,0,16,0,0,0,0,0,0,1,1,6,2,45,7,998,1,-1,9,3
2014460251415,1,9,0,18,0,4,0,0,0,0,1,1,6,3,-1,-1,-1,-1,-1,-1,-1
2014460251415,2,9,0,9,0,8,0,0,0,0,4,1,6,1,21,5,1248,2,6,8,1
2014460251419,1,9,0,18,0,8,1,0,7,3,1,1,6,1,52,8,1598,1,11,6,1
2014460251420,1,1,0,9,0,2,0,0,0,0,0,1,6,2,85,11,-1,-1,-1,5,2
2014460251421,1,9,0,3,0,6,0,0,0,0,1,1,6,1,28,6,-1,-1,-1,5,1
2014460251422,1,9,0,18,0,0,1,0,0,0,4,1,6,1,18,4,1388,1,9,9,1
2014460251427,1,9,0,9,0,6,0,0,0,0,1,1,6,2,73,10,1686,2,11,7,3
2014460251427,2,9,0,18,0,1,0,0,0,0,4,1,6,1,30,6,1998,1,10,6,3
2014460251433,1,9,0,18,0,0,5,11,0,0,1,1,6,1,50,8,-1,-1,-1,6,3
2014460251433,2,9,0,18,0,0,0,0,0,0,1,1,6,1,18,4,-1,-1,-1,7,3
2014460251436,1,9,0,18,0,8,0,0,0,0,1,1,6,2,27,6,1299,1,12,3,2
2014460251439,1,9,0,17,0,0,2,0,7,10,1,1,6,1,24,5,1596,1,13,-1,1
2014460251442,1,9,0,1,0,1,0,0,0,0,1,1,6,2,28,6,2099,1,12,-1,-1
2014460251443,1,90,0,18,9,0,0,0,0,0,1,1,6,3,-1,-1,-1,-1,-1,-1,-1
2014460251447,1,9,0,17,0,0,1,0,0,0,1,1,6,2,27,6,1997,2,12,7,3
2014460251447,2,9,0,16,0,0,0,0,0,0,1,1,6,1,65,9,2148,2,7,5,1
2014460251448,1,9,0,18,0,1,2,0,0,0,1,1,6,1,50,8,-1,-1,-1,7,1
2014460251458,1,9,0,4,0,0,0,0,0,0,4,1,6,1,44,7,1796,1,14,3,1
2014460251460,1,21,1,12,0,7,0,0,0,0,3,1,1,1,56,9,-1,-1,-1,-1,-1
2014460251460,2,9,0,18,0,8,0,0,2,7,4,1,6,1,69,10,-1,-1,-1,8,1
2014460251461,1,9,0,16,0,0,1,0,0,0,1,1,6,2,18,4,999,1,12,7,3
2014460251461,2,17,0,18,0,0,0,0,0,0,2,1,1,1,63,9,-1,2,11,7,3
2014460251471,1,9,0,18,0,0,0,0,0,0,1,1,6,3,-1,-1,-1,-1,-1,-1,-1
2014460251475,1,21,1,11,0,0,0,0,0,0,4,1,1,1,47,8,12900,2,3,5,1
2014460251475,2,9,0,18,0,0,5,0,4,6,3,1,6,2,20,4,999,1,13,6,1
2014460251478,1,9,0,18,0,2,0,0,0,0,3,1,6,1,69,10,1560,2,-1,6,1
2014460251481,1,9,0,18,0,0,0,0,1,1,4,1,6,2,23,5,-1,-1,-1,-1,-1
2014460251489,1,8,0,18,0,0,0,0,0,0,1,1,6,1,51,8,2664,2,16,-1,-1
2014460251489,2,21,0,2,0,0,0,0,0,0,2,1,6,3,-1,-1,5880,2,8,-1,-1
2014460251490,1,9,0,4,0,7,0,0,0,0,1,1,6,2,35,6,1229,1,6,3,1
2014460251490,2,9,0,4,0,7,0,0,0,0,2,1,6,2,27,6,1560,2,-1,8,1
2014460251490,3,9,0,4,0,7,0,0,0,0,2,1,6,1,72,10,-1,-1,-1,-1,-1
2014460251490,4,9,0,4,0,7,0,0,0,0,2,1,6,1,38,7,-1,-1,-1,3,1
2014460251495,1,9,0,18,0,1,0,0,0,0,4,1,6,3,-1,-1,898,1,1,-1,-1
2014460251500,1,9,0,4,0,0,0,0,0,0,2,1,6,1,31,6,2496,1,13,-1,3
2014460251500,2,9,0,18,0,0,0,0,0,0,1,1,6,2,34,6,1988,1,11,3,2
2014460251501,1,9,0,18,0,0,1,0,1,4,3,1,6,1,17,4,998,1,12,4,2
2014460251508,1,9,0,13,0,0,1,0,4,6,3,1,6,1,63,9,3996,1,12,10,2
2014460251508,2,9,0,18,0,0,1,0,0,0,2,1,6,1,56,9,3199,1,14,2,1
2014460251508,3,9,0,18,0,0,1,0,0,0,1,1,6,1,44,7,1968,2,6,6,1
2014460251508,4,9,0,18,0,0,1,0,1,1,1,1,6,1,53,8,1997,2,8,3,1
2014460251511,1,2,0,4,0,2,1,0,0,0,1,1,6,1,29,6,49,1,5,3,1
2014460251511,2,19,0,3,0,2,0,0,0,0,2,1,1,1,45,7,2148,2,6,1,1
2014460251515,1,9,0,18,0,1,0,0,0,0,1,1,6,2,29,6,1240,1,9,-1,3
2014460251515,2,9,0,4,0,1,0,0,0,0,2,1,1,2,29,6,1199,1,11,9,2
2014460251515,3,9,0,10,0,1,0,0,0,0,2,1,6,1,29,6,-1,-1,-1,7,3
2014460251516,1,9,0,18,0,8,0,0,0,0,1,1,6,2,49,8,996,1,-1,2,1
2014460251516,2,9,0,18,0,8,0,0,0,0,3,1,6,2,32,6,1985,1,14,1,1
2014460251517,1,9,0,12,0,0,0,0,0,0,0,1,6,1,51,8,-1,-1,-1,-1,-1
2014460251517,2,21,1,18,0,0,0,0,0,0,0,1,1,1,44,7,12809,2,1,8,2
2014460251520,1,9,0,18,0,1,0,0,0,0,1,1,6,1,64,9,1299,1,13,2,1
2014460251520,2,9,0,3,0,1,0,0,0,0,2,1,6,1,30,6,-1,-1,-1,3,1
2014460251520,3,90,0,9,0,8,0,0,0,0,0,1,1,2,29,6,2987,2,1,8,1
2014460251521,1,9,0,18,0,0,0,0,4,6,1,1,6,1,48,8,998,1,6,6,2
2014460251521,2,9,0,18,0,0,0,0,0,0,1,1,6,1,23,5,1596,1,5,9,1
2014460251523,1,9,0,18,0,0,0,0,0,0,1,1,6,1,40,7,-1,-1,-1,9,1
2014460251523,2,2,0,18,0,0,0,0,0,0,2,1,6,1,16,4,49,1,1,8,1
2014460251538,1,9,0,18,0,0,0,0,0,0,1,1,6,3,-1,-1,1587,1,13,-1,-1
2014460251538,2,9,0,18,0,0,0,0,0,0,1,1,6,2,53,8,1390,1,11,7,1
2014460251546,1,3,0,5,0,2,1,10,0,0,3,1,6,1,22,5,123,1,27,3,1
2014460251547,1,9,0,18,0,0,1,0,2,6,4,1,6,1,30,6,1783,1,12,4,3
2014460251547,2,9,0,18,0,0,0,0,0,0,0,1,6,3,-1,-1,-1,-1,-1,-1,-1
2014460251549,1,9,0,18,0,4,0,0,0,0,1,1,6,1,50,8,1896,2,9,-1,-1
2014460251549,2,9,0,3,0,1,0,0,0,0,2,1,6,2,40,7,1781,1,11,-1,-1
2014460251550,1,9,0,16,0,4,0,0,0,0,1,1,6,3,-1,-1,-1,-1,-1,-1,-1
2014460251550,2,9,0,18,0,3,0,0,1,4,4,1,2,2,26,6,1796,1,13,8,1
2014460251552,1,9,0,18,0,0,0,0,0,0,1,1,6,3,-1,-1,-1,-1,-1,-1,-1
2014460251552,2,9,0,3,0,0,0,0,0,0,2,1,6,2,65,9,1498,1,5,10,1
2014460251554,1,9,0,9,0,8,0,0,0,0,1,1,6,1,50,8,-1,-1,-1,8,1
2014460251554,2,9,0,18,0,1,1,0,0,0,1,1,6,1,62,9,1905,2,16,10,2
2014460251556,1,9,0,18,0,1,0,0,0,0,4,1,6,1,23,5,1390,1,4,7,1
2014460251556,2,9,0,18,0,1,1,0,0,0,1,1,6,2,46,8,996,1,-1,7,1
2014460251559,1,9,0,4,0,0,0,0,0,0,1,1,2,2,32,6,1997,1,14,-1,-1
2014460251559,2,9,0,4,0,0,0,0,0,0,2,1,2,1,49,8,1997,2,8,-1,-1
2014460251559,3,9,0,4,0,0,0,0,0,0,2,2,2,2,46,8,-1,-1,-1,-1,-1
2014460251559,4,9,0,4,0,0,0,0,0,0,2,1,2,2,49,8,998,1,21,5,1
2014460251561,1,5,0,13,0,8,0,0,0,0,1,1,6,1,49,8,1002,1,14,7,3
2014460251561,2,9,0,9,0,6,1,0,0,0,2,1,6,1,67,10,1598,1,3,8,1
2014460251566,1,3,0,16,0,0,1,0,7,0,1,1,6,2,25,5,125,1,3,-1,-1
2014460251566,2,19,0,17,0,0,0,0,0,0,1,1,6,2,55,8,1753,2,6,-1,-1
2014460251567,1,9,0,14,0,0,0,4,0,0,1,1,6,1,70,10,1753,2,14,-1,1
2014460251567,2,19,0,2,0,0,0,0,0,0,3,1,6,1,34,6,2143,2,3,9,1
2014460251567,3,9,0,18,0,0,0,0,0,0,1,1,6,2,-1,-1,1995,2,5,-1,1
2014460251569,1,9,0,18,0,6,0,0,0,0,4,1,6,2,34,6,2967,2,8,6,3
2014460251569,2,9,0,18,0,8,0,0,0,0,1,1,6,2,40,7,1560,2,8,6,3
2014460251575,1,9,0,18,0,0,1,0,7,0,1,1,6,1,30,6,1596,1,15,6,1
2014460251575,2,9,0,18,0,0,0,0,1,0,1,1,1,2,59,9,1781,1,12,6,1
2014460251584,1,9,0,18,0,0,1,0,8,6,1,1,6,1,43,7,1968,2,10,5,3
2014460251584,2,9,0,18,0,0,0,0,0,0,1,1,6,1,65,9,1995,2,1,8,1
2014460251584,3,9,0,18,0,0,0,0,0,0,1,1,6,1,74,10,1685,2,1,3,1
2014460251588,1,9,0,17,0,0,0,0,0,0,3,1,6,3,-1,-1,1968,2,3,-1,-1
2014460251588,2,9,0,16,0,0,0,0,0,0,3,1,2,2,59,9,1390,1,10,8,1
2014460251593,1,9,0,4,0,0,0,0,0,0,1,1,6,2,48,8,1000,1,-1,-1,-1
2014460251593,2,9,0,4,0,0,0,0,0,0,2,1,6,1,40,7,1149,1,12,-1,-1
2014460251593,3,9,0,4,0,0,0,0,0,0,2,1,6,2,52,8,1149,1,13,5,2
2014460251595,1,9,0,18,0,0,0,0,4,7,1,1,6,1,49,8,2495,2,13,8,1
2014460251595,2,9,0,18,0,0,0,0,0,0,2,1,6,1,56,9,1461,2,2,7,1
2014460251597,1,9,0,5,0,6,0,0,0,0,3,1,6,1,30,6,1781,1,14,4,1
2014460251597,2,8,0,9,0,8,0,0,0,0,1,1,1,1,74,10,1991,2,11,4,1
2014460251617,1,5,0,16,0,8,1,0,7,10,3,1,6,1,36,7,750,1,29,10,1
2014460251618,1,9,0,12,0,0,0,0,0,0,2,1,6,1,39,7,996,1,5,10,1
2014460251618,2,9,0,13,0,0,0,0,0,0,1,1,6,2,39,7,2435,1,6,6,2