Accident_Index,Vehicle_Reference,Vehicle_Type,Towing_and_Articulation,Vehicle_Manoeuvre,Vehicle_Location-Restricted_Lane,Junction_Location,Skidding_and_Overturning,Hit_Object_in_Carriageway,Vehicle_Leaving_Carriageway,Hit_Object_off_Carriageway,1st_Point_of_Impact,Was_Vehicle_Left_Hand_Drive?,Journey_Purpose_of_Driver,Sex_of_Driver,Age_of_Driver,Age_Band_of_Driver,Engine_Capacity_(CC),Propulsion_Code,Age_of_Vehicle,Driver_IMD_Decile,Driver_Home_Area_Type
2014471400237,1,9,0,18,0,3,0,0,0,0,4,1,6,2,20,4,1598,1,15,10,1
2014471400238,1,3,0,14,0,0,0,0,0,0,1,1,6,1,17,4,124,1,11,9,1
2014471400239,1,19,0,18,0,0,1,0,8,10,1,1,1,1,32,6,1298,1,9,6,3
2014471400239,2,9,0,18,0,0,1,0,0,0,1,1,2,1,63,9,1587,1,8,8,2
2014471400239,3,9,0,18,0,0,1,0,0,0,1,1,6,2,38,7,1461,2,2,6,3
2014471400240,1,9,0,18,0,0,1,0,1,10,1,1,1,2,31,6,1149,1,13,7,3
2014471400243,1,9,0,9,0,8,0,0,0,0,1,1,6,1,30,6,-1,-1,-1,-1,-1
2014471400243,2,1,0,18,0,8,0,0,0,0,3,1,6,1,63,9,-1,-1,-1,6,1
2014471400244,1,9,0,18,0,6,1,0,0,0,1,1,6,1,21,5,-1,-1,-1,8,2
2014471400244,2,9,0,18,0,1,0,0,0,0,1,1,6,1,19,4,-1,-1,-1,10,2
2014471400244,3,9,0,18,0,1,0,0,0,0,0,1,6,1,20,4,1242,1,14,10,2
2014471400247,1,5,0,13,0,8,0,0,0,0,1,1,2,1,29,6,599,1,16,2,1
2014471400247,2,9,0,18,0,1,0,0,0,0,1,1,6,1,34,6,2792,1,16,3,1
2014471400249,1,20,0,18,0,2,0,0,0,0,3,1,1,1,52,8,2143,2,4,-1,1
2014471400249,2,9,0,18,0,1,0,0,0,0,1,1,6,1,39,7,1995,2,10,1,1
2014471400250,1,9,0,9,0,6,0,0,0,0,4,1,6,1,50,8,1497,1,14,3,1
2014471400250,2,8,0,18,0,1,0,0,0,0,3,1,6,1,24,5,1686,2,3,7,1
2014471400251,1,9,0,18,0,8,0,0,0,0,4,1,6,2,21,5,1997,2,13,6,1
2014471400251,2,9,0,18,0,8,0,0,0,0,3,1,6,1,21,5,-1,-1,-1,2,1
2014471400252,1,9,0,18,0,2,0,0,0,0,1,1,6,2,65,9,-1,-1,-1,7,1
2014471400252,2,9,0,18,0,2,0,0,1,11,3,1,6,1,49,8,2148,2,8,4,1
2014471400253,1,9,0,18,0,1,0,0,0,0,1,1,2,1,20,4,1248,2,10,4,1
2014471400254,1,9,0,5,9,7,1,0,0,0,1,2,6,1,32,6,1589,1,18,8,1
2014471400255,1,9,0,18,0,0,0,0,0,0,0,1,6,3,-1,-1,-1,-1,-1,-1,-1
2014471400255,2,9,0,18,0,0,1,0,6,4,1,1,6,1,51,8,1798,1,7,10,3
2014471400256,1,9,0,18,0,8,1,0,0,0,1,1,6,2,56,9,1199,1,12,8,3
2014471400256,2,9,0,18,0,1,1,0,0,0,1,1,6,1,44,7,2183,2,3,4,2
2014471400257,1,9,0,18,0,0,2,0,1,9,3,1,6,2,37,7,-1,-1,-1,9,3
2014471400258,1,9,0,18,0,0,1,10,0,0,4,1,6,1,44,7,1995,2,6,10,1
2014471400258,2,9,0,18,0,0,1,0,0,0,1,1,6,2,46,8,-1,-1,-1,6,3
2014471400260,1,4,0,7,0,1,1,0,0,0,3,1,6,1,28,6,124,1,5,2,1
2014471400261,1,9,0,16,0,0,2,0,5,6,3,1,6,2,44,7,1686,2,7,6,1
2014471400261,2,9,0,16,0,0,0,0,5,6,3,1,6,1,51,8,2698,2,8,7,1
2014471400266,1,9,0,10,0,2,0,0,0,0,3,1,2,2,33,6,1242,1,3,3,1
2014471400266,2,9,0,18,0,1,0,0,0,0,1,1,2,2,36,7,2494,1,16,8,1
2014471400267,1,9,0,18,0,1,0,0,0,0,4,1,6,3,-1,-1,-1,-1,-1,-1,-1
2014471400267,2,1,0,18,0,1,0,0,0,0,3,1,6,1,41,7,-1,-1,-1,5,1
2014471400269,1,9,0,18,0,0,2,11,1,10,1,1,6,1,35,6,698,1,7,8,3
2014471400270,1,9,0,9,0,8,0,0,0,0,3,1,1,1,53,8,-1,-1,-1,6,3
2014471400270,2,9,0,18,0,8,1,0,0,0,1,1,6,1,48,8,1149,1,17,4,1
2014471400273,1,9,0,18,0,1,0,0,0,0,1,1,6,1,50,8,1332,1,17,4,1
2014471400273,2,9,0,4,0,1,0,0,0,0,0,1,6,2,73,10,998,1,6,4,1
2014471400274,1,9,0,18,0,0,1,0,0,0,1,1,2,1,44,7,1998,1,14,6,3
2014471400274,2,9,0,3,0,0,0,0,1,6,2,1,2,2,25,5,1995,2,4,5,1
2014471400274,3,9,0,3,0,0,0,0,0,0,2,1,2,2,23,5,1360,1,9,6,1
2014471400284,1,20,0,9,0,6,0,0,0,0,3,1,1,1,56,9,3920,2,6,6,1
2014471400284,2,1,0,18,0,5,0,0,0,0,1,1,6,1,48,8,-1,-1,-1,3,1
2014471400287,1,9,0,18,0,1,0,0,0,0,1,1,2,1,19,4,-1,-1,-1,8,1
2014471400292,1,9,0,18,0,0,0,0,0,0,3,1,6,1,60,9,-1,-1,-1,-1,-1
2014471400294,1,9,0,12,0,1,0,0,0,0,0,1,6,3,-1,-1,-1,-1,-1,-1,-1
2014471400294,2,11,0,18,0,1,0,0,0,0,0,1,1,1,63,9,9000,2,7,8,1
2014471400297,1,9,0,6,0,0,0,0,0,0,4,1,1,1,42,7,1997,2,6,10,2
2014471400297,2,1,0,18,0,0,0,0,0,0,3,1,1,2,32,6,-1,-1,-1,9,3
2014471400300,1,9,0,5,0,2,0,0,0,0,1,1,6,2,50,8,1796,1,10,3,1
2014471400300,2,1,0,18,0,8,0,0,0,0,2,1,6,2,56,9,-1,-1,-1,9,1
2014471400303,1,9,0,5,0,4,0,0,0,0,3,1,2,1,40,7,1995,2,4,6,1
2014471400303,2,1,0,18,0,8,0,0,0,0,1,1,6,2,41,7,-1,-1,-1,10,3
2014471400304,1,9,0,9,0,8,0,0,0,0,3,1,6,2,60,9,1396,1,15,5,1
2014471400304,2,9,0,18,0,1,0,0,0,0,1,1,6,1,67,10,-1,-1,-1,8,1
2014471400306,1,9,0,9,0,1,0,0,3,4,3,1,6,1,84,11,2793,1,15,7,1
2014471400306,2,19,0,18,0,1,0,0,0,0,1,1,1,1,51,8,2402,2,13,5,1
2014471400312,1,9,0,18,0,4,1,0,0,0,1,1,6,1,19,4,1800,1,15,6,3
2014471400312,2,9,0,9,0,3,0,9,0,1,4,1,6,1,19,4,1242,1,1,9,1
2014471400314,1,9,0,7,0,6,0,0,0,0,1,1,6,2,21,5,1360,1,10,6,1
2014471400316,1,9,0,18,0,8,1,10,1,1,1,1,6,1,40,7,1796,1,5,1,1
2014471400317,1,9,0,18,0,1,1,0,0,0,1,1,1,1,28,6,2204,2,10,5,1
2014471400317,2,9,0,4,0,1,0,0,0,0,2,1,6,2,34,6,1997,2,13,3,1
2014471400317,3,9,0,4,0,1,0,0,0,0,2,1,6,1,58,9,1998,1,15,3,1
2014471400317,4,9,0,10,0,1,0,0,0,0,0,1,6,2,67,10,1400,1,8,7,3
2014471400318,1,20,0,17,0,0,0,0,0,0,1,1,1,1,33,6,7146,2,6,10,2
2014471400318,2,9,0,18,0,0,0,0,0,0,3,1,6,1,74,10,1398,2,1,6,3
2014471400319,1,9,0,9,0,6,0,0,0,0,1,1,6,1,18,4,1199,1,16,3,1
2014471400320,1,9,0,18,0,8,0,0,0,0,1,1,6,2,28,6,1598,1,16,6,1
2014471400321,1,2,0,13,0,1,1,0,0,0,0,1,6,1,37,7,124,1,12,2,1
2014471400321,2,9,0,10,0,1,0,0,0,0,0,1,6,1,37,7,1984,1,12,1,1
2014471400326,1,9,0,5,0,0,0,0,0,0,1,1,6,1,42,7,1388,1,9,4,1
2014471400326,2,9,0,18,0,0,0,0,0,0,1,1,1,1,41,7,1997,2,2,4,1
2014471400330,1,8,0,2,0,0,0,0,0,0,3,1,2,1,38,7,1896,2,6,2,1
2014471400330,2,9,0,18,0,0,0,0,0,0,4,1,6,1,34,6,1598,1,7,4,1
2014471400331,1,9,0,7,0,1,0,0,0,0,1,1,6,1,50,8,1399,1,4,4,1
2014471400331,2,1,0,18,0,1,0,0,0,0,1,1,6,2,30,6,-1,-1,-1,3,1
2014471400332,1,9,0,9,0,0,0,0,0,0,3,1,6,1,41,7,2143,2,1,9,1
2014471400332,2,5,0,15,0,0,0,0,0,0,1,1,6,1,35,6,749,1,15,7,2
2014471400333,1,9,0,9,0,8,0,0,0,0,3,1,6,1,22,5,1198,1,7,7,1
2014471400333,2,5,0,13,0,8,0,0,0,0,1,1,6,1,36,7,749,1,25,3,1
2014471400334,1,1,0,18,0,0,0,0,0,0,1,1,6,1,48,8,-1,-1,-1,5,1
2014471400334,2,9,0,4,0,0,0,0,0,0,2,1,6,1,41,7,2231,2,1,4,1
2014471400335,1,9,0,18,0,6,0,0,0,0,4,1,6,2,80,11,1198,1,6,3,1
2014471400335,2,9,0,18,0,1,0,0,0,0,1,1,6,2,23,5,1896,2,10,5,1
2014471400336,1,9,0,17,0,0,1,4,0,0,4,1,6,1,21,5,1299,1,7,5,1
2014471400336,2,9,0,2,0,0,0,0,0,0,3,1,6,3,-1,-1,1390,1,10,-1,-1
2014471400336,3,9,0,2,0,0,0,0,0,0,1,1,6,3,-1,-1,1598,1,9,-1,-1
2014471400337,1,9,0,16,0,3,0,0,0,0,1,1,6,1,29,6,1399,2,12,8,1
2014471400337,2,19,0,17,0,1,0,0,0,0,3,1,6,1,61,9,1868,2,11,7,1
2014471400337,3,9,0,17,0,1,0,0,0,0,1,1,6,1,50,8,-1,-1,-1,7,1
2014471400339,1,9,0,12,0,4,0,0,0,0,1,1,6,1,24,5,1242,1,10,8,1
2014471400339,2,9,0,18,0,4,0,0,0,0,4,1,6,2,40,7,1296,1,7,5,1
2014471400340,1,9,0,18,0,0,1,0,0,0,1,1,2,2,28,6,1796,1,11,5,2
2014471400340,2,9,0,18,0,0,0,0,0,0,2,1,6,1,21,5,998,1,3,8,2
2014471400340,3,8,0,18,0,0,0,0,0,0,2,1,1,1,48,8,-1,-1,-1,7,2
2014471400343,1,9,0,18,0,4,0,0,0,0,1,1,6,2,55,8,1388,1,7,9,1
2014471400343,2,9,0,18,0,4,0,0,0,0,2,1,1,1,38,7,-1,-1,-1,5,3
2014471400347,1,9,0,17,0,1,0,0,0,0,1,1,6,1,55,8,998,1,2,10,3
2014471400347,2,9,0,1,0,1,0,0,0,0,1,1,3,1,42,7,1996,2,7,10,3
2014471400349,1,5,0,13,0,0,0,0,0,0,4,1,6,1,60,9,865,1,3,9,1
2014471400350,1,9,0,18,0,1,0,0,0,0,1,1,6,1,39,7,1984,1,-1,8,3
2014471400350,2,9,0,10,0,1,0,0,0,0,2,1,6,1,47,8,-1,-1,-1,10,3
2014471400355,1,9,0,17,0,0,0,0,0,0,1,1,6,1,48,8,-1,-1,-1,8,3
2014471400355,2,1,0,16,0,0,0,0,1,9,1,1,6,2,54,8,-1,-1,-1,9,1
2014471400358,1,8,0,18,0,1,0,0,0,0,1,1,6,1,-1,-1,1299,1,6,10,2
2014471400358,2,9,0,18,0,1,0,0,0,0,2,1,6,2,49,8,1248,2,10,6,1
2014471400358,3,9,0,3,0,1,0,0,0,0,2,1,6,2,32,6,1598,1,9,6,1
2014471400359,1,5,0,18,0,0,1,0,7,7,1,1,6,1,47,8,999,1,2,6,1
2014471400359,2,9,0,3,0,0,0,0,0,0,2,1,6,2,24,5,1997,2,8,9,3
2014471400360,1,9,0,1,9,0,0,0,0,0,2,1,2,1,39,7,1968,2,5,9,3
2014471400361,1,9,0,18,0,0,0,4,0,0,4,1,6,2,48,8,1389,1,14,2,1
2014471400361,2,9,0,2,0,0,0,0,0,0,2,1,6,3,-1,-1,1984,1,14,-1,-1
2014471400364,1,9,0,18,0,0,1,0,0,0,1,1,2,2,33,6,-1,-1,-1,3,1
2014471400364,2,9,0,3,0,0,0,0,0,0,2,1,6,1,88,11,1396,1,13,7,1
2014471400364,3,9,0,18,0,0,0,0,0,0,0,1,6,3,-1,-1,-1,-1,-1,-1,-1
2014471400365,1,11,0,9,0,6,0,0,0,0,4,1,1,1,44,7,6700,2,4,3,1
2014471400365,2,1,0,18,0,1,0,0,0,0,1,1,6,2,53,8,-1,-1,-1,3,1
2014471400367,1,19,0,18,0,0,0,0,0,0,4,1,1,2,25,5,2148,2,6,-1,-1
2014471400368,1,9,0,18,0,0,0,0,0,0,1,1,6,3,-1,-1,1968,2,2,-1,-1
2014471400368,2,9,0,3,0,0,0,0,0,0,2,1,1,2,24,5,698,1,11,8,1
2014471400371,1,9,0,18,0,0,1,0,1,9,1,1,6,2,21,5,-1,-1,-1,4,1
2014471400373,1,9,0,7,2,1,0,0,0,0,4,1,6,1,34,6,1968,2,5,9,1
2014471400373,2,11,0,18,2,1,0,0,0,0,1,1,1,1,24,5,9000,2,5,6,1
2014471400375,1,20,1,4,0,0,0,0,0,0,1,1,1,1,49,8,7146,2,2,-1,-1
2014471400375,2,19,0,5,0,0,0,0,0,0,2,1,2,1,48,8,1867,2,14,-1,-1
2014471400377,1,19,0,18,0,1,0,0,0,0,1,1,1,1,50,8,2151,2,10,6,1
2014471400377,2,9,0,18,0,1,0,0,0,0,1,1,6,1,52,8,1895,1,16,2,1
2014471400377,3,9,0,18,0,1,0,0,0,0,1,1,6,1,40,7,1997,1,9,10,1
2014471400378,1,9,0,18,0,6,0,0,0,0,1,1,6,2,37,7,1497,1,11,3,1
2014471400378,2,1,0,18,0,8,0,0,0,0,3,1,2,2,32,6,-1,-1,-1,4,1
2014471400380,1,9,0,4,0,8,0,0,0,0,1,2,6,1,40,7,2199,2,1,4,1
2014471400380,2,9,0,4,0,8,0,0,0,0,2,2,6,1,45,7,-1,-1,-1,9,1
2014471400380,3,9,0,18,0,8,0,0,0,0,0,2,6,1,40,7,-1,-1,-1,-1,-1
2014471400381,1,9,0,18,0,1,0,0,0,0,1,1,6,1,53,8,998,1,3,5,1
2014471400381,2,9,0,4,0,1,0,0,0,0,2,1,6,1,48,8,1124,1,15,4,1
2014471400381,3,9,0,4,0,1,0,0,0,0,2,1,6,1,30,6,1349,1,1,6,1
2014471400383,1,9,0,18,0,0,0,0,0,0,1,1,6,2,17,4,1686,2,2,6,3
2014471400383,2,9,0,18,0,0,0,0,1,0,1,1,6,2,48,8,1968,2,5,10,1
2014471400384,1,2,0,18,0,1,0,0,0,0,1,1,6,1,22,5,125,1,1,5,1
2014471400384,2,9,0,4,0,2,0,0,0,0,2,1,6,1,30,6,2148,2,8,9,1
2014471400386,1,21,1,18,0,3,0,0,0,0,1,2,1,1,41,7,-1,-1,-1,-1,-1
2014471400386,2,9,0,18,0,3,0,0,1,1,4,1,6,2,50,8,1796,1,6,7,3
2014471400389,1,9,0,5,0,1,0,0,0,0,1,1,6,2,70,10,1598,1,4,7,1
2014471400389,2,9,0,18,0,1,0,0,0,0,3,1,6,2,76,11,1299,1,11,-1,-1
2014471400391,1,19,0,9,0,8,0,0,0,0,1,1,1,1,52,8,1995,2,5,3,1
2014471400391,2,9,0,18,0,8,1,0,7,1,3,1,6,1,53,8,1996,1,19,5,1
2014471400392,1,9,0,18,0,0,0,0,0,0,1,2,6,1,90,11,1596,1,6,5,1
2014471400393,1,9,0,18,0,8,0,0,0,0,4,1,6,2,61,9,2993,2,5,9,3
2014471400393,2,9,0,18,0,8,0,0,0,0,1,1,6,2,42,7,1995,2,4,8,3
2014471400394,1,9,0,5,0,1,0,0,0,0,2,1,6,1,75,10,1598,1,6,7,1
2014471400394,2,1,0,18,0,1,0,0,0,0,1,1,1,2,22,5,-1,-1,-1,5,1
2014471400396,1,9,0,9,0,8,0,0,0,0,1,1,6,1,90,11,1596,1,8,7,1
2014471400396,2,1,0,8,0,8,0,0,0,0,1,1,6,1,66,10,-1,-1,-1,-1,3
2014471400397,1,9,0,18,0,4,0,0,0,0,1,1,2,2,40,7,1995,2,3,3,1
2014471400397,2,9,0,18,0,4,0,0,0,0,2,1,6,1,46,8,1951,2,14,5,1
2014471400398,1,9,0,18,0,8,0,0,0,0,1,1,6,3,-1,-1,-1,-1,-1,-1,-1
2014471400398,2,1,0,9,0,8,0,0,0,0,3,1,2,1,29,6,-1,-1,-1,1,1
2014471400399,1,4,0,18,0,0,0,12,0,0,1,1,6,1,18,4,499,1,18,6,3
2014471400400,1,9,0,3,0,1,0,0,0,0,1,1,6,1,21,5,1598,1,11,-1,-1
2014471400400,2,9,0,3,0,1,0,0,0,0,2,1,6,2,71,10,1590,1,12,10,1
2014471400402,1,21,0,3,0,1,0,0,0,0,1,1,1,1,30,6,-1,-1,-1,3,1
2014471400403,1,9,0,12,0,0,0,0,0,0,3,1,6,2,86,11,998,1,1,5,1
2014471400403,2,9,0,18,0,0,0,0,0,0,3,1,6,1,77,11,1390,1,5,9,3
2014471400403,3,9,0,18,0,0,0,0,0,0,3,1,6,1,43,7,1560,2,3,4,1
2014471400403,4,9,0,18,0,0,0,0,0,0,3,1,6,2,54,8,1198,1,3,5,1
2014471400404,1,9,0,4,0,1,0,0,0,0,1,1,6,2,46,8,1994,2,3,7,3
2014471400406,1,9,0,18,0,2,0,0,0,0,3,1,6,1,-1,-1,1968,2,1,10,1
2014471400406,2,1,0,18,0,1,0,0,0,0,1,1,6,1,37,7,-1,-1,-1,10,1
2014471400407,1,9,0,13,0,6,0,0,0,0,3,1,6,3,-1,-1,1796,1,7,-1,-1
2014471400407,2,21,0,1,0,1,0,0,0,0,0,1,1,1,-1,-1,-1,-1,-1,-1,-1
2014471400408,1,1,0,18,9,1,0,0,0,0,1,1,6,1,16,4,-1,-1,-1,7,1
2014471400408,2,9,0,5,5,6,0,0,0,0,4,1,6,2,80,11,1390,1,1,7,1
2014471400409,1,9,0,18,0,0,0,0,7,2,1,1,6,1,85,11,1360,1,11,9,1
2014471400410,1,9,0,18,0,0,0,0,0,0,0,1,1,1,33,6,1753,2,4,5,1
2014471400410,2,9,0,18,0,0,0,0,1,0,1,1,6,2,48,8,1598,1,1,8,2
2014471400410,3,9,0,18,0,0,0,0,7,0,1,1,1,1,44,7,1995,2,3,4,1
2014471400411,1,9,0,7,0,8,0,0,0,0,1,1,2,2,33,6,1461,2,2,10,1
2014471400411,2,1,0,18,0,8,0,0,0,0,4,1,6,1,42,7,-1,-1,-1,4,1
2014471400412,1,1,0,5,6,7,0,0,0,0,1,1,4,1,12,3,-1,-1,-1,-1,1
2014471400412,2,8,0,5,7,7,0,0,0,0,1,1,1,1,66,10,1896,2,12,9,1
2014471400413,1,9,0,18,0,6,0,0,0,0,1,1,6,1,44,7,1896,2,13,1,1
2014471400413,2,9,0,18,0,8,0,0,0,0,3,1,6,1,72,10,1598,1,13,3,1
2014471400414,1,19,0,4,0,8,0,0,0,0,1,1,1,1,40,7,1868,2,8,9,1
2014471400414,2,9,0,3,0,8,0,0,0,0,2,1,1,2,43,7,1686,2,3,4,1
2014471400415,1,9,0,10,0,1,0,0,0,0,1,1,2,1,45,7,-1,-1,-1,4,1
2014471400415,2,9,0,18,0,1,0,0,0,0,1,1,6,2,58,9,1595,1,3,5,1
2014471400416,1,9,0,14,0,1,0,0,0,0,1,1,6,2,50,8,1560,2,4,6,3
2014471400416,2,19,0,2,0,1,0,0,0,0,0,1,6,1,48,8,2198,2,2,6,3
2014471400417,1,9,0,9,0,5,0,0,0,0,2,1,6,2,29,6,2401,2,10,9,1
2014471400417,2,2,0,18,4,1,0,0,0,0,1,1,6,1,90,11,50,1,5,9,1
2014471400417,3,11,0,18,0,8,0,0,0,0,0,1,1,1,30,6,-1,-1,-1,-1,-1
2014471400418,1,9,0,9,0,1,0,0,0,0,1,1,6,1,23,5,-1,-1,-1,8,3
2014471400419,1,9,0,18,0,2,0,4,0,0,1,1,6,1,89,11,2198,2,10,5,2
2014471400419,2,9,0,2,0,1,0,0,0,0,0,1,6,3,-1,-1,1242,1,9,-1,-1
2014471400419,3,9,0,2,0,1,0,0,0,0,3,1,6,3,-1,-1,1398,2,7,-1,-1
2014471400420,1,9,0,18,0,1,0,0,0,0,1,1,6,1,76,11,1596,1,11,9,1
2014471400420,2,9,0,2,0,2,0,0,0,0,1,1,6,3,-1,-1,4266,1,16,-1,-1
2014471400420,3,9,0,2,0,2,0,0,0,0,2,1,6,3,-1,-1,998,1,8,-1,-1
2014471400420,4,9,0,2,0,1,0,0,0,0,2,1,6,3,-1,-1,1596,1,23,-1,-1
2014471400420,5,9,0,2,0,1,0,0,0,0,2,1,6,3,-1,-1,1997,2,5,-1,-1
2014471400423,1,9,0,18,0,4,0,0,0,0,1,1,6,2,53,8,1400,1,10,5,1
2014471400423,2,9,0,18,0,8,0,0,0,0,4,1,6,1,26,6,3189,1,11,3,1
2014471400425,1,9,0,18,0,7,0,0,0,0,1,1,6,2,58,9,1997,2,11,4,1
2014471400425,2,9,0,2,0,2,0,0,0,0,2,1,1,1,33,6,2996,2,5,-1,1
2014471400425,3,9,0,16,0,1,0,0,0,0,0,1,6,3,-1,-1,-1,-1,-1,-1,-1
2014471400426,1,9,0,18,0,0,1,0,2,4,2,1,6,1,24,5,-1,-1,-1,6,3
2014471400429,1,9,0,13,0,2,0,0,0,0,4,1,6,1,22,5,1999,1,9,8,1
2014471400429,2,19,0,4,0,2,0,0,0,0,2,1,6,1,33,6,2494,2,11,3,1
2014471400430,1,9,0,5,0,8,0,0,0,0,3,1,6,1,56,9,1360,1,10,10,1
2014471400430,2,9,0,18,0,8,1,0,0,0,1,1,6,1,30,6,1388,1,15,8,1
2014471400431,1,9,0,18,0,0,0,0,0,0,1,2,6,3,-1,-1,-1,-1,-1,-1,-1
2014471400431,2,9,0,2,0,0,0,0,0,0,4,2,6,3,-1,-1,1199,1,10,-1,-1
2014471400432,1,9,0,18,9,8,0,0,0,11,1,1,6,1,59,9,1796,1,11,2,1
2014471400433,1,1,0,18,0,6,0,0,0,0,1,1,4,1,16,4,-1,-1,-1,5,1
2014471400433,2,9,0,18,0,6,0,0,0,0,3,1,1,2,45,7,1296,1,8,10,1
2014471400434,1,9,0,17,0,0,2,0,7,0,1,1,6,2,66,10,1242,1,4,10,1
2014471400441,1,9,0,18,0,2,0,0,0,0,1,1,6,2,21,5,1149,1,10,5,1
2014471400446,1,9,0,8,0,4,0,0,0,0,1,1,6,2,39,7,2967,2,1,6,1
2014471400446,2,1,0,18,0,3,0,0,0,0,3,1,6,1,46,8,-1,-1,-1,6,1
2014471400447,1,9,0,18,9,0,0,4,7,11,1,1,6,1,26,6,1749,1,13,7,1
2014471400447,2,9,0,2,0,0,0,0,0,0,3,1,6,1,23,5,1596,1,8,8,1
2014471400448,1,9,0,10,0,8,0,0,0,0,3,1,6,1,19,4,1299,1,13,4,1
2014471400448,2,9,0,18,0,2,0,0,0,0,1,1,6,2,22,5,-1,-1,-1,3,1
2014471400450,1,5,0,18,0,0,0,11,0,1,1,1,6,1,26,6,600,1,14,8,3
2014471400451,1,3,0,9,0,8,1,0,1,0,4,1,6,1,42,7,108,1,1,5,1
2014471400452,1,9,0,18,0,0,2,0,1,4,1,1,6,1,20,4,1984,1,13,8,1
2014471400454,1,9,0,9,0,6,0,0,0,0,1,1,6,1,61,9,1560,2,6,4,1
2014471400455,1,9,0,18,0,0,0,0,1,4,3,1,6,2,56,9,1396,1,11,5,2
2014471400455,2,9,0,18,0,0,0,0,0,0,2,1,6,1,43,7,1995,2,11,5,1
2014471400456,1,9,0,18,0,0,1,0,1,4,3,1,6,1,21,5,1242,1,14,6,2
2014471400458,1,9,0,4,0,4,0,0,0,0,1,1,6,1,40,7,1397,1,7,7,1
2014471400458,2,9,0,3,0,1,0,0,0,0,2,1,6,1,61,9,2148,2,7,-1,-1
2014471400460,1,11,0,18,2,2,0,0,0,0,1,1,1,1,66,10,4500,2,2,8,2
2014471400461,1,9,0,18,0,8,0,0,0,0,4,1,6,1,41,7,2457,1,15,9,3
2014471400461,2,19,0,18,0,8,0,0,0,0,1,1,1,1,20,4,2402,2,14,5,1
2014471400462,1,19,0,5,0,2,0,0,7,11,3,1,1,2,59,9,1997,2,9,9,3
2014471400462,2,20,0,18,0,1,0,0,0,0,1,1,1,1,38,7,-1,-1,-1,9,1
2014471400463,1,9,0,18,0,0,0,0,0,0,4,1,6,1,70,10,1991,2,5,7,1
2014471400464,1,3,0,18,0,1,0,0,0,0,1,1,6,1,19,4,-1,-1,-1,-1,-1
2014471400464,2,1,0,18,0,1,0,0,0,0,1,1,6,1,13,3,-1,-1,-1,1,1
2014471400465,1,9,0,18,0,1,0,0,0,0,1,1,6,3,-1,-1,-1,-1,-1,-1,-1
2014471400466,1,9,0,18,0,0,0,0,0,0,1,1,6,2,29,6,1968,2,9,7,1
2014471400466,2,9,0,18,0,0,0,0,0,0,2,1,6,2,23,5,1390,1,10,9,1
2014471400466,3,9,0,18,0,0,0,0,0,0,2,1,6,1,82,11,1796,1,8,10,1
2014471400467,1,8,0,5,0,2,0,0,0,0,1,1,1,1,23,5,1995,2,3,1,1
2014471400467,2,11,0,18,0,2,0,0,0,0,4,1,1,1,48,8,4760,2,2,6,1
2014471400469,1,9,0,6,0,8,0,0,0,0,3,1,6,2,17,4,998,1,4,9,1
2014471400469,2,9,0,18,0,8,0,0,0,0,1,1,6,2,35,6,1598,1,13,8,1
2014471400474,1,9,0,18,0,4,0,0,0,0,1,1,6,1,48,8,1997,2,7,5,1
2014471400474,2,9,0,18,0,4,0,0,0,0,2,1,6,2,24,5,1587,1,9,5,1
2014471400475,1,9,0,17,0,0,2,0,7,0,4,1,6,2,33,6,1998,1,11,8,3
2014471400476,1,9,0,18,0,4,0,0,0,0,1,1,6,1,59,9,1896,2,12,4,1
2014471400476,2,5,0,9,0,3,0,0,0,0,4,1,6,1,66,10,955,1,10,3,1
2014471400479,1,9,0,18,0,8,0,0,0,0,1,1,6,1,81,11,1590,1,12,6,1
2014471400479,2,9,0,9,0,8,0,0,0,0,2,1,6,2,61,9,1242,1,5,8,1
2014471400484,1,9,0,18,0,0,2,0,0,0,1,1,6,2,23,5,1598,1,7,8,1
2014471400485,1,9,0,18,0,8,0,0,0,0,1,1,6,2,22,5,1086,1,9,9,1
2014471400485,2,9,0,3,0,8,0,0,0,0,2,1,6,2,32,6,1597,1,16,10,1
2014471400485,3,9,0,3,0,8,0,0,0,0,2,1,6,1,39,7,1896,2,16,4,1
2014471400487,1,9,0,18,0,0,0,0,0,0,1,1,2,2,22,5,1124,1,12,10,2
2014471400487,2,9,0,18,0,0,0,0,0,0,3,1,3,2,46,8,2776,2,9,9,3
2014471400488,1,9,0,5,0,1,0,0,0,0,4,1,1,1,38,7,-1,-1,-1,2,1
2014471400488,2,9,0,18,6,1,0,0,0,0,3,1,6,1,43,7,-1,-1,-1,3,1
2014471400490,1,19,0,9,0,8,0,0,0,0,3,1,1,1,31,6,2402,2,7,5,1
2014471400490,2,5,0,13,0,8,0,0,0,0,1,1,6,1,32,6,782,1,9,6,3
2014471400491,1,9,0,18,0,8,0,0,0,0,1,1,3,2,47,8,1298,1,11,6,1
2014471400491,2,2,0,18,0,8,0,0,0,0,3,1,1,1,44,7,49,1,4,1,1