Accident_Index,Vehicle_Reference,Vehicle_Type,Towing_and_Articulation,Vehicle_Manoeuvre,Vehicle_Location-Restricted_Lane,Junction_Location,Skidding_and_Overturning,Hit_Object_in_Carriageway,Vehicle_Leaving_Carriageway,Hit_Object_off_Carriageway,1st_Point_of_Impact,Was_Vehicle_Left_Hand_Drive?,Journey_Purpose_of_Driver,Sex_of_Driver,Age_of_Driver,Age_Band_of_Driver,Engine_Capacity_(CC),Propulsion_Code,Age_of_Vehicle,Driver_IMD_Decile,Driver_Home_Area_Type
2014471400496,1,11,0,5,0,0,0,0,0,0,0,2,1,1,48,8,9000,2,5,6,1
2014471400496,2,9,0,2,0,0,0,0,0,0,2,2,6,3,-1,-1,1589,1,17,-1,-1
2014471400499,1,9,0,15,0,0,0,0,0,0,3,1,6,1,26,6,998,1,7,7,1
2014471400500,1,9,0,9,0,5,0,0,7,3,1,1,6,2,18,4,-1,-1,-1,5,1
2014471400504,1,9,0,18,0,0,0,0,0,0,4,1,6,3,-1,-1,-1,-1,-1,-1,-1
2014471400504,2,1,0,18,0,0,0,0,0,0,3,1,6,1,53,8,-1,-1,-1,5,1
2014471400506,1,8,0,18,0,1,0,0,0,0,4,1,6,1,40,7,1910,2,6,10,1
2014471400506,2,11,0,2,2,1,0,0,0,0,0,1,6,1,50,8,-1,-1,-1,-1,-1
2014471400506,3,11,0,2,2,1,0,0,0,0,0,1,6,1,50,8,-1,-1,-1,-1,-1
2014471400508,1,19,0,5,0,0,0,0,0,0,3,1,6,1,51,8,2143,2,4,2,1
2014471400508,2,3,0,15,0,0,0,0,0,0,1,1,6,1,24,5,124,1,9,-1,-1
2014471400508,3,9,0,18,0,0,0,0,0,0,3,1,6,2,71,10,1329,1,3,6,1
2014471400510,1,8,0,18,0,0,0,4,0,0,4,1,6,2,72,10,-1,-1,-1,7,1
2014471400510,2,8,0,2,0,0,0,0,0,0,0,1,6,3,-1,-1,1598,1,10,-1,-1
2014471400510,3,9,0,2,0,0,0,0,0,0,3,1,6,3,-1,-1,1598,1,11,-1,-1
2014471400511,1,9,0,16,0,0,1,0,1,10,1,1,1,2,19,4,1124,1,10,5,3
2014471400511,2,9,0,18,0,0,1,0,5,6,2,1,1,2,52,8,1560,2,1,6,1
2014471400512,1,8,0,14,0,0,0,0,0,0,1,1,6,2,71,10,1108,1,4,3,1
2014471400512,2,9,0,18,0,0,0,0,0,0,1,1,6,2,75,10,1679,1,13,7,1
2014471400512,3,11,0,2,0,0,0,0,0,0,0,1,1,3,-1,-1,-1,-1,-1,-1,-1
2014471400515,1,9,0,9,0,4,0,0,0,0,3,1,6,2,25,5,1984,1,11,5,2
2014471400515,2,9,0,18,0,8,0,0,0,0,1,1,6,1,84,11,2198,2,5,9,2
2014471400517,1,1,0,18,0,0,0,0,0,0,2,1,6,1,19,4,-1,-1,-1,6,1
2014471400517,2,19,0,18,0,0,0,0,0,0,1,1,6,1,50,8,2198,2,1,3,1
2014471400518,1,9,0,9,0,6,0,0,0,0,1,1,1,2,23,5,1560,2,5,5,1
2014471400518,2,9,0,18,0,1,0,0,0,0,4,1,6,1,32,6,-1,-1,-1,7,1
2014471400519,1,9,0,3,0,1,0,0,0,0,1,1,6,1,19,4,989,1,15,3,1
2014471400519,2,9,0,3,0,1,0,0,0,0,2,1,6,2,40,7,998,1,5,4,1
2014471400520,1,9,0,9,0,1,0,0,0,0,1,1,6,2,23,5,1598,1,8,8,1
2014471400520,2,9,0,18,0,1,0,0,0,0,1,1,6,2,22,5,1149,1,9,3,1
2014471400521,1,9,0,18,0,1,0,0,0,0,1,1,6,1,30,6,-1,-1,-1,-1,-1
2014471400521,2,9,0,18,0,1,0,0,0,0,2,1,6,1,18,4,1299,1,14,7,1
2014471400522,1,9,0,18,0,8,0,0,0,0,1,1,6,2,23,5,875,1,2,6,2
2014471400522,2,9,0,18,0,8,0,0,0,0,3,1,6,1,46,8,1995,1,1,10,1
2014471400525,1,11,0,18,2,0,0,0,0,0,3,1,1,1,56,9,4500,2,2,4,1
2014471400526,1,21,0,18,0,0,0,0,0,0,0,1,6,3,-1,-1,-1,-1,-1,-1,-1
2014471400526,2,9,0,18,0,0,0,0,1,0,0,1,6,2,45,7,796,1,10,7,1
2014471400532,1,9,0,3,0,1,0,0,0,0,4,1,2,2,43,7,2967,2,8,8,2
2014471400533,1,1,0,18,0,2,0,0,0,0,1,1,2,1,24,5,-1,-1,-1,1,1
2014471400534,1,9,0,18,0,1,0,0,0,0,1,1,6,1,61,9,1798,8,1,5,1
2014471400534,2,9,0,18,0,1,0,0,0,0,2,1,1,1,51,8,1896,2,7,9,1
2014471400535,1,9,0,18,0,2,0,0,0,0,1,1,2,1,42,7,1968,2,1,8,1
2014471400536,1,9,0,9,0,6,0,10,0,0,3,1,6,2,62,9,998,1,8,10,1
2014471400536,2,3,0,18,0,8,0,0,0,0,1,1,2,1,32,6,125,1,2,7,3
2014471400537,1,9,0,18,0,0,1,0,1,5,1,1,6,2,26,6,1596,1,12,-1,1
2014471400538,1,9,0,18,0,0,0,0,0,0,1,1,2,2,25,5,1390,1,4,-1,-1
2014471400538,2,9,0,4,0,0,0,0,0,0,2,1,2,1,33,6,1968,2,2,2,1
2014471400538,3,9,0,4,0,0,0,0,0,0,2,1,2,2,25,5,1596,1,7,2,1
2014471400540,1,9,0,9,0,8,0,0,0,0,3,1,6,2,34,6,998,1,11,3,1
2014471400540,2,4,0,18,0,8,0,0,0,0,1,1,6,1,55,8,279,1,1,10,1
2014471400544,1,3,0,17,0,0,1,0,0,0,1,1,6,1,19,4,125,1,2,7,3
2014471400544,2,9,0,3,0,0,0,0,0,0,2,1,6,1,27,6,1998,1,11,9,1
2014471400545,1,9,0,9,0,6,0,0,0,0,3,1,6,2,77,11,1197,1,1,9,3
2014471400545,2,9,0,18,0,1,0,0,0,0,1,1,2,2,31,6,1299,1,14,4,2
2014471400546,1,1,0,18,9,8,0,0,0,0,2,1,6,2,17,4,-1,-1,-1,7,1
2014471400546,2,9,0,7,0,8,0,0,0,0,4,1,2,1,27,6,1598,1,6,-1,1
2014471400547,1,9,0,18,0,0,0,0,0,0,1,1,6,1,52,8,1199,1,15,3,1
2014471400548,1,1,0,15,0,8,0,0,0,0,1,1,6,1,41,7,-1,-1,-1,5,1
2014471400548,2,9,0,9,0,8,0,0,0,0,4,1,6,2,23,5,1149,1,6,-1,1
2014471400548,3,9,0,9,0,8,0,0,0,0,0,1,6,3,30,6,-1,-1,-1,-1,-1
2014471400550,1,9,0,1,0,0,0,0,0,0,2,1,1,1,45,7,1493,2,6,1,1
2014471400550,2,9,0,2,0,0,0,0,0,0,1,1,6,2,46,8,1998,1,12,4,1
2014471400553,1,9,0,9,0,8,0,0,0,0,4,1,6,2,39,7,1596,1,2,7,1
2014471400556,1,9,0,18,0,3,0,0,0,0,1,1,6,3,-1,-1,-1,-1,-1,-1,-1
2014471400558,1,9,0,9,0,6,0,0,0,0,4,1,6,2,62,9,1679,1,12,4,1
2014471400558,2,9,0,18,0,8,1,0,1,1,1,1,6,2,41,7,1248,2,2,7,3
2014471400559,1,9,0,9,0,8,0,0,0,0,1,1,6,2,31,6,1397,1,12,4,1
2014471400559,2,1,0,18,0,8,0,0,0,0,3,1,2,2,41,7,-1,-1,-1,3,1
2014471400560,1,1,0,9,0,1,0,0,0,0,1,1,6,1,51,8,-1,-1,-1,5,1
2014471400560,2,9,0,9,0,1,0,0,0,0,1,1,6,1,30,6,1968,2,2,2,1
2014471400562,1,9,0,18,0,0,0,0,0,0,1,1,6,3,-1,-1,-1,-1,-1,-1,-1
2014471400562,2,9,0,18,0,0,0,0,0,0,2,1,6,2,21,5,1991,1,12,7,3
2014471400565,1,9,0,18,0,1,0,0,0,0,0,1,6,3,-1,-1,-1,-1,-1,-1,-1
2014471400567,1,9,0,18,0,0,0,0,0,0,1,1,6,1,33,6,1995,2,12,3,1
2014471400567,2,9,0,3,0,0,0,0,0,0,2,1,2,2,20,4,1560,2,5,10,1
2014471400568,1,9,0,18,0,2,0,4,7,0,1,1,6,1,76,11,505,1,5,4,1
2014471400568,2,9,0,2,0,2,0,0,0,0,2,1,6,3,-1,-1,2435,1,13,-1,-1
2014471400569,1,9,0,9,0,1,0,0,0,0,1,1,3,2,50,8,2993,2,2,10,3
2014471400569,2,9,0,18,0,1,0,0,0,0,1,1,6,1,49,8,1560,2,6,9,3
2014471400570,1,9,0,18,0,0,0,0,0,0,1,1,6,1,40,7,1995,2,4,10,1
2014471400570,2,9,0,18,0,0,0,0,0,0,2,1,2,1,50,8,1796,1,11,1,1
2014471400571,1,22,0,18,9,2,0,0,0,0,1,1,6,1,89,11,-1,3,1,5,1
2014471400572,1,9,0,18,0,0,0,0,2,7,1,1,6,2,30,6,1796,1,13,2,1
2014471400573,1,19,0,18,0,0,0,0,5,6,3,1,6,1,40,7,1998,2,2,5,1
2014471400573,2,11,0,18,0,0,0,0,0,0,2,1,6,1,65,9,-1,2,28,5,2
2014471400574,1,1,0,18,0,8,0,0,0,0,1,1,6,1,22,5,-1,-1,-1,3,1
2014471400574,2,9,0,18,0,8,0,0,0,0,2,1,6,2,29,6,1781,1,10,3,1
2014471400574,3,19,0,18,0,8,0,0,0,0,0,1,1,2,28,6,-1,-1,-1,7,1
2014471400576,1,9,0,18,0,0,2,0,1,1,1,1,1,2,29,6,2000,2,10,8,1
2014471400578,1,9,0,18,0,8,0,0,7,11,1,1,6,2,61,9,1242,1,17,2,1
2014471400578,2,9,0,10,0,8,0,0,0,0,3,1,1,2,33,6,1753,2,5,4,1
2014471400579,1,9,0,18,0,0,0,0,1,0,1,1,6,1,30,6,1686,2,7,3,1
2014471400583,1,8,0,18,0,2,0,0,0,0,1,1,6,3,-1,-1,-1,-1,-1,-1,-1
2014471400587,1,9,0,3,0,0,0,0,0,0,1,1,6,1,70,10,1595,1,5,10,1
2014471400587,2,19,0,2,0,0,0,0,0,10,1,1,1,2,41,7,1248,2,5,9,1
2014471400591,1,9,0,18,0,2,0,0,0,0,1,1,6,2,55,8,1598,1,7,6,1
2014471400593,1,9,0,16,0,0,0,0,7,4,1,1,6,2,55,8,2231,2,7,8,3
2014471400594,1,19,0,18,0,4,0,0,0,0,3,1,6,3,-1,-1,2143,2,2,-1,-1
2014471400594,2,9,0,18,0,4,0,0,0,0,1,1,6,2,34,6,1206,1,4,4,1
2014471400595,1,8,0,7,0,5,0,0,0,0,1,1,1,3,-1,-1,-1,-1,-1,-1,-1
2014471400599,1,5,0,13,0,0,0,7,7,0,1,1,6,1,27,6,553,1,20,6,1
2014471400599,2,9,0,18,0,0,0,0,0,0,0,1,6,2,49,8,1242,1,2,3,1
2014471400600,1,9,0,5,0,4,0,0,0,0,1,1,6,1,42,7,1895,1,14,4,1
2014471400600,2,3,0,5,0,4,0,0,0,0,1,1,6,1,26,6,124,1,1,-1,-1
2014471400605,1,9,0,9,0,8,0,0,0,0,3,1,6,1,64,9,1242,1,12,7,2
2014471400605,2,19,0,18,0,8,0,0,0,0,4,1,6,1,50,8,2198,2,1,8,1
2014471400607,1,9,0,9,0,1,0,0,7,0,1,1,6,2,66,10,1560,2,1,1,1
2014471400607,2,9,0,18,0,1,0,0,0,0,1,1,6,1,45,7,1598,2,3,6,1
2014471400609,1,9,0,18,0,0,0,0,0,0,1,1,6,1,26,6,998,1,13,6,3
2014471400609,2,9,0,18,0,0,0,0,0,0,2,1,6,1,67,10,1995,2,9,3,1
2014471400609,3,9,0,18,0,0,0,0,0,0,2,1,6,1,65,9,1968,2,8,4,1
2014471400609,4,9,0,18,0,0,0,0,0,0,2,1,6,2,48,8,998,1,1,6,1
2014471400612,1,19,0,13,0,0,0,0,1,11,1,1,6,1,27,6,2151,2,10,5,2
2014471400612,2,9,0,9,0,0,0,0,0,0,3,1,6,2,59,9,1988,2,10,8,2
2014471400614,1,9,0,18,0,1,0,0,0,0,1,1,2,2,54,8,1108,1,11,6,3
2014471400615,1,9,0,18,0,0,0,0,0,0,1,1,6,1,26,6,1970,1,14,6,1
2014471400615,2,9,0,18,0,0,0,0,0,0,3,1,2,2,62,9,1149,1,13,2,1
2014471400615,3,9,0,18,0,0,0,0,0,0,0,1,6,3,-1,-1,-1,-1,-1,-1,-1
2014471400616,1,9,0,1,0,6,0,0,0,0,2,1,6,2,45,7,2776,2,9,6,1
2014471400616,2,9,0,3,0,8,0,0,0,0,4,1,6,2,47,8,1997,1,14,10,1
2014471400618,1,9,0,18,0,0,0,0,1,4,1,1,6,2,35,6,2922,1,11,4,1
2014471400619,1,9,0,18,0,1,0,0,0,0,1,1,6,1,56,9,1597,1,5,6,1
2014471400619,2,22,0,18,0,8,0,0,0,0,3,1,6,2,79,11,-1,3,2,4,1
2014471400620,1,8,0,5,0,1,0,4,0,0,1,1,1,1,35,6,2148,2,8,6,1
2014471400620,2,10,0,10,0,1,0,0,0,0,3,1,1,1,66,10,-1,-1,-1,4,1
2014471400621,1,9,0,18,0,0,0,0,0,0,1,1,6,3,-1,-1,-1,-1,-1,-1,-1
2014471400621,2,1,0,18,0,0,0,0,0,0,2,1,6,1,38,7,-1,-1,-1,8,1
2014471400622,1,5,0,18,0,1,0,0,0,0,1,1,6,1,25,5,899,1,16,3,1
2014471400622,2,9,0,9,0,1,0,0,0,0,1,1,6,1,28,6,2198,1,8,6,1
2014471400624,1,9,0,18,0,2,0,0,0,0,1,1,6,1,39,7,1910,2,9,-1,-1
2014471400624,2,1,0,18,0,2,0,0,0,0,2,1,6,1,21,5,-1,-1,-1,2,1
2014471400626,1,9,0,18,0,4,0,9,3,1,1,1,6,1,21,5,1390,1,17,2,1
2014471400628,1,9,0,18,0,0,0,0,0,0,3,1,6,1,37,7,1968,2,1,1,1
2014471400628,2,5,0,18,0,0,1,0,0,0,4,1,6,1,23,5,675,1,1,3,1
2014471400630,1,9,0,18,0,0,5,4,0,0,1,1,6,2,33,6,1975,1,15,1,1
2014471400630,2,9,0,2,0,0,0,0,0,11,1,1,6,3,-1,-1,1598,1,11,-1,-1
2014471400631,1,9,0,5,0,4,0,0,0,0,1,1,6,1,54,8,3179,1,10,10,1
2014471400631,2,9,0,9,0,4,0,0,0,0,1,1,6,1,22,5,1242,1,6,10,1
2014471400632,1,9,0,18,0,0,0,12,0,0,1,1,6,1,28,6,1995,2,12,5,1
2014471400632,2,9,0,18,0,0,0,12,0,0,1,1,6,1,39,7,1997,2,8,6,1
2014471400633,1,9,0,18,0,1,1,0,8,3,2,1,6,1,20,4,1999,1,9,10,2
2014471400633,2,9,0,18,0,1,0,0,0,0,4,1,1,1,35,6,2982,2,2,6,3
2014471400633,3,19,0,18,0,1,0,0,0,0,0,1,1,1,21,5,2402,2,2,5,1
2014471400634,1,19,0,4,0,4,0,0,0,0,1,1,6,1,85,11,2494,2,10,10,1
2014471400634,2,8,0,3,0,4,0,0,0,0,2,1,6,1,56,9,1590,1,13,3,1
2014471400635,1,9,0,9,0,4,0,0,0,0,1,1,6,2,20,4,1229,1,6,-1,-1
2014471400635,2,1,0,18,0,8,0,0,0,0,4,1,2,1,53,8,-1,-1,-1,10,3
2014471400636,1,9,0,5,0,8,0,0,0,0,0,1,1,1,28,6,2967,2,4,6,1
2014471400636,2,9,0,18,0,8,0,0,0,0,0,1,1,1,25,5,-1,-1,-1,9,1
2014471400637,1,3,0,4,0,0,1,0,7,10,1,1,6,1,20,4,125,1,14,1,1
2014471400637,2,9,0,2,6,0,0,0,0,0,1,1,6,3,-1,-1,-1,-1,-1,-1,-1
2014471400638,1,9,0,5,0,1,0,0,0,0,1,1,3,2,37,7,1398,2,10,1,1
2014471400638,2,9,0,5,0,1,0,0,0,0,2,1,2,1,37,7,1968,2,2,3,1
2014471400641,1,9,0,18,0,0,0,0,7,10,4,1,6,1,38,7,1390,1,10,8,2
2014471400641,2,11,0,18,0,0,0,0,0,0,1,1,1,1,24,5,8300,2,8,4,1
2014471400642,1,3,0,5,0,3,0,7,0,10,3,1,6,1,35,6,124,1,12,6,1
2014471400644,1,9,0,9,0,1,0,0,0,0,4,1,6,1,79,11,1991,2,9,7,1
2014471400644,2,9,0,18,0,1,0,0,0,0,1,1,2,2,64,9,1422,2,4,10,1
2014471400646,1,9,0,3,0,0,0,0,0,0,1,1,6,1,35,6,4969,8,6,10,1
2014471400646,2,9,0,3,0,0,0,0,0,0,2,1,1,1,58,9,-1,-1,-1,9,1
2014471400646,3,9,0,3,0,0,0,0,0,0,2,1,6,2,35,6,1242,1,5,8,1
2014471400647,1,9,0,9,0,4,0,0,0,0,3,1,6,1,61,9,1242,1,8,9,1
2014471400647,2,9,0,18,0,4,0,0,0,0,1,1,6,2,18,4,1299,1,14,9,2
2014471400647,3,9,0,4,0,1,0,0,0,0,0,1,6,1,33,6,-1,-1,-1,9,1
2014471400648,1,9,0,18,0,1,0,0,0,0,1,1,1,2,47,8,1995,2,1,2,1
2014471400648,2,19,0,3,0,1,0,0,0,0,1,1,1,1,54,8,-1,-1,-1,3,1
2014471400651,1,9,0,16,0,0,1,0,1,9,4,1,2,1,43,7,2000,1,15,-1,-1
2014471400655,1,9,0,9,0,2,0,0,0,0,1,1,6,1,30,6,-1,-1,-1,-1,-1
2014471400655,2,9,0,9,0,2,0,0,0,0,2,1,6,1,45,7,1296,1,6,1,1
2014471400656,1,9,0,9,0,3,0,0,0,0,1,1,6,2,27,6,1124,1,8,5,1
2014471400658,1,9,0,18,0,2,0,0,0,0,4,1,3,2,44,7,1596,1,13,6,1
2014471400661,1,9,0,4,0,0,0,0,0,0,1,1,2,2,25,5,1796,1,9,-1,3
2014471400661,2,9,0,4,0,0,0,0,0,0,2,1,2,1,38,7,1995,2,6,6,1
2014471400664,1,9,0,9,0,6,0,0,0,0,1,1,6,2,44,7,1598,1,13,2,1
2014471400664,2,9,0,18,0,8,0,0,0,0,1,1,6,1,30,6,2493,1,13,6,2
2014471400669,1,9,0,9,0,8,0,0,0,0,3,1,6,1,18,4,998,1,9,3,1
2014471400672,1,9,0,18,0,2,5,10,1,11,1,1,6,3,-1,-1,1781,1,14,-1,-1
2014471400672,2,9,0,18,0,2,0,0,0,0,0,1,1,1,44,7,2967,2,4,6,1
2014471400674,1,9,0,9,0,6,0,0,0,0,1,1,6,1,29,6,1997,1,10,1,1
2014471400674,2,5,0,18,0,8,0,0,7,0,4,1,2,1,50,8,1188,1,21,6,3
2014471400675,1,9,0,9,0,1,0,0,0,0,1,1,6,2,28,6,1390,1,13,8,1
2014471400675,2,3,0,18,0,1,0,0,0,0,1,1,6,1,18,4,124,1,2,-1,-1
2014471400676,1,9,0,16,0,0,1,0,1,4,1,1,1,2,33,6,1997,2,1,5,1
2014471400677,1,9,0,18,0,0,0,0,0,0,0,1,6,2,40,7,1997,2,7,10,1
2014471400677,2,19,0,18,0,0,0,0,1,4,1,1,1,1,58,9,1560,2,-1,2,1
2014471400679,1,9,0,18,0,0,0,0,0,0,1,1,2,1,24,5,1800,1,16,5,1
2014471400679,2,9,0,18,0,0,1,0,0,0,1,1,2,1,42,7,1598,1,12,3,2
2014471400682,1,9,0,18,0,0,0,0,0,0,1,1,2,1,30,6,1598,1,11,4,1
2014471400682,2,1,0,18,0,0,0,0,0,0,2,1,6,1,45,7,-1,-1,-1,5,1
2014471400684,1,9,0,1,0,0,0,0,0,0,0,1,6,2,40,7,1598,2,3,-1,-1
2014471400684,2,9,0,18,0,0,0,0,0,0,2,1,6,2,45,7,2199,2,2,7,1
2014471400684,3,19,0,18,0,0,0,0,0,0,1,1,6,1,45,7,-1,-1,-1,5,1
2014471400684,4,9,0,18,0,0,0,0,0,0,1,1,6,2,40,7,2967,2,1,-1,-1
2014471400689,1,9,0,7,0,6,0,0,0,0,1,1,6,1,33,6,5439,1,9,7,1
2014471400689,2,1,0,18,0,8,0,0,0,0,4,1,6,1,27,6,-1,-1,-1,6,1
2014471400690,1,9,0,7,9,8,0,0,0,0,1,1,6,1,56,9,1388,1,12,-1,-1
2014471400690,2,1,0,18,9,8,0,0,0,0,3,1,6,2,43,7,-1,-1,-1,4,1
2014471400691,1,1,0,18,0,1,0,0,0,0,1,1,6,1,28,6,-1,-1,-1,10,1
2014471400691,2,9,0,9,0,8,0,0,0,0,2,1,6,2,83,11,1596,1,9,6,2
2014471400692,1,9,0,2,0,1,0,0,0,0,3,1,1,1,44,7,1242,1,16,1,1
2014471400692,2,1,0,14,0,1,0,8,0,0,4,1,6,1,46,8,-1,-1,-1,3,1
2014471400693,1,9,0,9,0,1,0,0,0,0,1,1,6,2,69,10,1598,1,7,8,1
2014471400693,2,1,0,18,0,1,0,0,0,0,1,1,6,1,57,9,-1,-1,-1,10,1
2014471400696,1,5,0,13,0,8,0,0,0,0,1,1,2,1,28,6,599,1,1,5,2
2014471400696,2,9,0,9,0,8,0,0,0,0,3,1,2,1,51,8,1299,1,9,8,3
2014471400700,1,1,0,18,0,2,0,0,0,0,1,1,4,1,10,2,-1,-1,-1,9,1
2014471400700,2,9,0,18,0,2,0,0,0,0,1,1,6,1,80,11,1840,1,14,8,1
2014471400702,1,9,0,9,0,8,0,0,0,0,1,1,2,2,24,5,1360,1,11,7,1
2014471400702,2,3,0,18,0,8,1,0,0,0,1,1,6,1,20,4,124,1,8,2,1
2014471400703,1,9,0,17,0,0,0,0,0,0,3,1,6,3,40,7,1339,1,10,-1,-1
2014471400705,1,9,0,9,0,6,0,0,0,0,0,1,6,3,-1,-1,-1,-1,-1,-1,-1
2014471400705,2,9,0,18,0,1,1,0,0,0,2,1,2,1,27,6,1360,1,9,4,1
2014471400705,3,9,0,18,0,1,1,0,0,0,1,1,3,2,25,5,1398,2,10,3,1
2014471400707,1,9,0,18,0,1,0,0,0,0,1,1,6,1,21,5,1560,2,1,6,3
2014471400709,1,9,0,18,0,0,0,0,7,9,1,1,2,1,47,8,2204,2,6,10,3
2014471400709,2,9,0,2,0,0,0,0,0,0,2,1,6,3,-1,-1,1999,1,9,-1,-1
2014471400715,1,19,0,18,0,8,0,0,0,0,1,1,1,1,28,6,2198,2,2,3,1
2014471400715,2,1,0,12,0,8,0,0,0,0,2,1,2,1,18,4,-1,-1,-1,4,3
2014471400717,1,9,0,7,0,8,0,0,0,0,1,1,6,2,47,8,1596,1,2,1,1
2014471400718,1,19,0,9,0,8,0,0,0,0,3,1,1,1,28,6,2500,2,15,1,1
2014471400718,2,1,0,18,0,8,0,0,0,0,1,1,2,1,52,8,-1,-1,-1,1,1
2014471400719,1,9,0,18,2,1,0,0,0,0,2,1,6,1,73,10,1560,2,6,6,1
2014471400719,2,1,0,18,4,1,0,0,0,0,1,1,6,1,19,4,-1,-1,-1,7,1
2014471400721,1,9,0,18,0,0,0,0,0,0,1,1,6,1,25,5,1149,1,10,5,1
2014471400723,1,11,0,5,2,2,0,0,0,0,0,1,1,1,49,8,4760,2,2,2,1
2014471400724,1,9,0,18,0,1,0,0,0,0,1,1,6,1,40,7,1229,1,9,3,1
2014471400724,2,9,0,18,0,2,0,0,0,0,1,1,6,1,22,5,1197,1,2,6,1
2014471400724,3,9,0,2,0,2,0,0,0,0,4,1,6,3,-1,-1,-1,-1,-1,-1,-1
2014471400726,1,9,0,6,0,1,0,0,0,0,3,1,6,1,60,9,2495,2,12,-1,1
2014471400726,2,9,0,18,0,1,0,0,0,0,1,1,6,1,34,6,2261,1,6,10,1
2014471400727,1,9,0,9,0,5,0,0,0,0,1,2,6,2,48,8,1679,1,14,3,1
2014471400727,2,9,0,9,0,5,0,0,0,0,2,1,6,2,31,6,1598,1,1,6,1
2014471400728,1,9,0,9,0,8,0,0,0,0,4,1,6,3,-1,-1,-1,-1,-1,-1,-1
2014471400728,2,19,0,18,0,1,0,0,1,0,3,1,1,1,30,6,1248,2,4,6,1
2014471400729,1,20,0,18,0,1,0,0,0,0,1,1,1,1,65,9,-1,-1,-1,8,1
2014471400729,2,9,0,18,0,1,0,0,0,0,2,1,1,1,21,5,1596,1,11,7,1
2014471400730,1,9,0,9,0,7,0,0,0,0,3,1,6,3,-1,-1,1796,1,10,-1,-1
2014471400730,2,9,0,18,0,6,0,0,0,0,4,1,6,1,42,7,998,1,2,2,1
2014471400731,1,9,0,18,0,0,1,10,2,4,2,1,6,1,25,5,973,1,15,5,1
2014471400731,2,9,0,18,0,0,0,0,0,0,1,1,6,1,54,8,1998,2,8,3,1
2014471400732,1,9,0,18,0,1,0,0,0,0,4,1,6,3,-1,-1,-1,-1,-1,-1,-1
2014471400734,1,9,0,9,0,1,0,0,0,0,1,1,6,1,63,9,1598,1,13,5,1
2014471400734,2,3,0,18,0,8,0,0,0,0,1,1,6,1,67,10,124,1,6,5,1
2014471400735,1,9,0,18,0,0,0,0,0,0,1,1,6,2,47,8,1997,2,1,4,1
2014471400735,2,3,0,18,0,0,0,0,0,0,0,1,6,2,39,7,125,1,1,10,2
2014471400735,3,9,0,2,0,0,0,0,0,0,3,1,6,2,39,7,2400,2,5,10,2
2014471400737,1,9,0,9,0,1,0,0,0,0,1,1,6,1,24,5,1998,1,7,5,1
2014471400737,2,1,0,18,0,1,0,0,0,0,4,1,6,1,50,8,-1,-1,-1,3,1
2014471400739,1,8,0,17,0,0,5,0,7,0,1,1,1,1,66,10,1796,7,9,5,1
2014471400740,1,9,0,18,0,0,0,0,0,0,1,1,6,3,-1,-1,-1,-1,-1,-1,-1
2014471400740,2,9,0,18,0,0,0,0,0,0,0,1,2,2,49,8,1796,1,9,8,1
2014471400741,1,90,0,18,0,0,0,0,0,0,1,1,1,1,38,7,2987,2,4,7,3
2014471400741,2,9,0,18,0,0,0,0,0,0,2,1,6,2,58,9,1339,1,2,1,1
2014471400742,1,9,0,18,0,0,0,0,7,0,1,1,6,2,74,10,2435,1,8,8,3
2014471400742,2,9,0,18,0,0,0,0,1,0,1,1,2,2,56,9,1800,1,15,6,1
2014471400745,1,9,0,18,0,0,0,7,0,0,1,1,6,2,32,6,1229,1,7,6,1
2014471400748,1,19,0,1,0,8,0,0,0,0,2,1,6,1,51,8,2148,2,8,5,1
2014471400752,1,9,0,9,0,6,1,0,0,0,4,1,2,1,66,10,3996,1,13,2,1
2014471400752,2,9,0,18,0,1,0,0,0,0,4,1,1,1,33,6,-1,-1,-1,4,1
2014471400755,1,9,0,18,0,3,1,0,1,2,1,1,2,1,33,6,1368,1,7,7,1
2014471400757,1,1,0,18,0,0,0,0,0,0,1,1,4,1,12,3,-1,-1,-1,6,1
2014471400757,2,9,0,18,0,0,0,0,0,0,1,1,2,3,-1,-1,-1,-1,-1,-1,-1
2014471400758,1,9,0,16,0,0,0,0,0,0,1,1,6,2,69,10,998,1,12,10,1
2014471400758,2,9,0,16,0,0,0,0,0,0,2,1,6,2,59,9,1339,1,7,10,1
2014471400758,3,9,0,17,0,0,0,0,0,0,0,1,1,1,-1,-1,1997,2,2,-1,1
2014471400759,1,9,0,18,0,1,0,0,0,0,1,1,6,3,-1,-1,1998,1,19,-1,-1
2014471400759,2,9,0,18,0,2,0,4,0,0,1,1,6,1,44,7,1598,1,12,5,1
2014471400759,3,9,0,2,0,2,0,0,0,0,3,1,6,3,-1,-1,2184,2,3,-1,-1
2014471400763,1,9,0,9,0,6,0,0,0,0,3,1,2,1,30,6,1796,1,13,10,1
2014471400763,2,8,0,18,0,1,0,0,0,0,1,1,1,1,50,8,1560,2,1,7,1
2014471400764,1,9,0,16,0,8,1,0,1,10,3,1,6,1,24,5,1199,1,15,7,1