Accident_Index,Vehicle_Reference,Vehicle_Type,Towing_and_Articulation,Vehicle_Manoeuvre,Vehicle_Location-Restricted_Lane,Junction_Location,Skidding_and_Overturning,Hit_Object_in_Carriageway,Vehicle_Leaving_Carriageway,Hit_Object_off_Carriageway,1st_Point_of_Impact,Was_Vehicle_Left_Hand_Drive?,Journey_Purpose_of_Driver,Sex_of_Driver,Age_of_Driver,Age_Band_of_Driver,Engine_Capacity_(CC),Propulsion_Code,Age_of_Vehicle,Driver_IMD_Decile,Driver_Home_Area_Type
2014471401019,2,9,0,8,0,1,0,0,0,0,0,1,1,1,22,5,1753,2,4,4,1
2014471401019,3,9,0,9,0,4,0,0,0,0,0,1,6,3,30,6,-1,-1,-1,-1,-1
2014471401020,1,9,0,7,0,6,0,0,0,0,4,1,6,2,59,9,1149,1,9,8,1
2014471401020,2,9,0,18,0,1,0,0,0,0,4,1,6,1,25,5,1299,1,9,8,1
2014471401021,1,9,0,7,0,1,0,0,0,0,1,1,6,1,49,8,1598,7,11,8,1
2014471401022,1,9,0,16,0,1,0,0,0,0,1,1,6,2,20,4,1199,1,11,8,1
2014471401022,2,9,0,17,0,1,0,0,0,0,1,1,6,2,55,8,2148,2,4,10,1
2014471401024,1,9,0,5,0,0,0,0,0,0,0,1,6,1,71,10,1596,1,13,10,1
2014471401024,2,5,0,18,0,0,1,0,0,0,3,1,6,1,44,7,865,1,1,7,1
2014471401029,1,9,0,18,0,0,0,0,0,0,1,1,1,1,29,6,1399,2,11,6,1
2014471401031,1,9,0,18,0,0,2,0,1,4,3,1,6,1,18,4,1590,1,10,4,1
2014471401035,1,9,0,18,0,1,0,0,0,0,1,1,6,1,84,11,-1,-1,-1,9,3
2014471401035,2,19,0,10,0,8,0,0,0,0,2,1,6,1,55,8,-1,-1,-1,9,3
2014471401038,1,20,0,18,0,1,0,0,0,0,0,1,6,1,31,6,-1,-1,-1,5,1
2014471401038,2,9,0,10,0,1,0,0,0,0,0,1,6,2,21,5,999,1,12,5,1
2014471401041,1,9,0,18,0,0,0,0,0,0,1,1,6,1,50,8,-1,-1,-1,1,1
2014471401041,2,19,0,18,0,0,0,0,0,0,2,1,6,1,35,6,1870,2,11,5,1
2014471401041,3,9,0,18,0,0,0,0,0,0,2,1,6,2,46,8,3628,2,7,8,1
2014471401044,1,19,0,16,0,0,1,0,7,3,1,2,1,1,45,7,-1,-1,-1,-1,-1
2014471401044,2,9,0,17,0,0,0,0,0,0,1,1,6,1,67,10,1299,1,12,3,1
2014471401044,3,9,0,16,0,0,0,0,0,0,0,1,6,1,43,7,1299,1,15,6,1
2014471401045,1,19,0,16,0,0,0,0,0,0,3,1,1,1,32,6,2287,2,1,-1,1
2014471401045,2,19,0,17,0,0,0,0,0,0,3,1,1,1,36,7,-1,-1,-1,-1,1
2014471401046,1,9,0,9,0,8,0,0,0,0,4,1,1,1,63,9,-1,-1,-1,2,1
2014471401046,2,2,0,18,0,8,0,0,0,0,1,1,6,1,46,8,49,1,2,5,1
2014471401047,1,9,0,16,0,0,0,0,1,0,1,1,6,2,38,7,1896,2,9,10,1
2014471401047,2,9,0,17,0,0,0,0,0,0,1,1,1,1,80,11,1242,1,16,5,3
2014471401048,1,9,0,18,0,8,0,0,0,0,4,1,6,2,42,7,1598,1,8,9,1
2014471401048,2,9,0,18,0,8,0,0,0,0,4,1,6,1,27,6,1229,1,9,10,1
2014471401049,1,9,0,18,0,0,0,0,0,0,1,1,6,2,24,5,998,1,11,2,1
2014471401051,1,9,0,18,0,0,1,0,2,11,1,1,6,2,56,9,1598,1,13,10,2
2014471401053,1,9,0,4,0,1,0,0,0,0,1,1,6,1,28,6,3456,8,5,3,1
2014471401053,2,9,0,4,0,1,0,0,0,0,2,1,6,2,42,7,1349,1,6,7,1
2014471401057,1,19,0,18,0,1,0,0,0,0,4,1,6,3,-1,-1,1998,2,11,-1,-1
2014471401060,1,9,0,17,0,0,1,0,0,0,3,1,6,1,22,5,1896,2,13,9,1
2014471401060,2,9,0,16,0,0,0,0,0,0,3,1,6,1,47,8,1560,2,2,1,1
2014471401062,1,9,0,18,0,0,0,0,0,0,4,1,6,1,50,8,1399,1,11,3,1
2014471401063,1,21,0,18,0,1,0,0,0,0,1,1,1,1,34,6,4250,2,10,10,1
2014471401063,2,21,0,3,0,1,0,0,0,0,2,1,1,1,19,4,-1,-1,-1,6,3
2014471401063,3,21,0,10,0,1,0,0,0,0,2,1,1,1,46,8,-1,-1,-1,9,1
2014471401064,1,9,0,7,0,8,0,0,0,0,1,1,6,3,-1,-1,998,1,10,-1,-1
2014471401064,2,9,0,18,0,8,0,0,0,0,1,1,6,1,39,7,1984,1,7,10,1
2014471401069,1,9,0,18,0,1,0,0,0,0,1,1,2,2,45,7,998,1,8,2,1
2014471401070,1,9,0,7,0,3,1,0,0,0,4,1,2,1,23,5,1997,1,15,5,1
2014471401070,2,21,1,11,0,8,0,0,0,0,1,1,1,1,63,9,11705,2,11,8,1
2014471401071,1,9,0,17,0,0,5,0,8,10,1,1,6,2,30,6,1199,1,10,5,1
2014471401072,1,9,0,9,0,0,0,0,0,0,4,1,6,1,23,5,1360,1,14,4,1
2014471401072,2,1,0,18,0,0,0,0,0,0,1,1,6,1,63,9,-1,-1,-1,4,1
2014471401073,1,19,0,1,0,0,0,0,0,0,2,1,6,1,35,6,1998,2,10,5,1
2014471401075,1,9,0,18,0,1,0,0,0,0,1,1,6,1,25,5,1600,1,16,3,1
2014471401075,2,9,0,3,0,1,0,0,0,0,2,1,6,1,28,6,1999,1,8,1,1
2014471401075,3,20,0,3,0,1,0,0,0,0,2,1,1,2,35,6,-1,-1,-1,1,1
2014471401075,4,9,0,3,0,1,0,0,0,0,2,1,2,2,48,8,1598,1,2,3,1
2014471401077,1,9,0,18,0,0,0,0,1,4,2,1,2,1,52,8,-1,-1,-1,7,3
2014471401077,2,9,0,18,0,0,0,0,0,0,3,1,2,1,62,9,1560,2,8,7,1
2014471401077,3,19,0,2,0,0,0,0,0,0,0,1,1,1,28,6,1248,2,2,5,1
2014471401079,1,9,0,18,0,1,0,0,0,0,1,1,6,2,74,10,-1,-1,-1,2,1
2014471401079,2,9,0,10,0,1,0,0,0,0,2,1,2,2,52,8,1598,1,8,6,2
2014471401081,1,3,0,16,0,0,1,0,7,0,4,1,6,1,20,4,124,1,8,5,1
2014471401082,1,19,0,5,0,4,0,0,0,0,1,1,2,1,26,6,1560,2,1,7,2
2014471401082,2,9,0,5,0,4,0,0,0,0,2,1,6,2,19,4,899,1,14,3,1
2014471401084,1,9,0,12,0,8,0,0,0,0,1,1,1,1,54,8,1968,2,5,4,1
2014471401084,2,9,0,18,0,1,0,0,0,0,1,1,6,1,33,6,1910,2,6,9,1
2014471401089,1,11,0,5,0,0,0,0,0,0,4,1,1,2,60,9,3900,2,8,5,1
2014471401090,1,9,0,7,0,3,0,0,0,0,3,1,6,2,49,8,1390,1,6,6,3
2014471401090,2,1,0,5,9,1,0,0,0,0,2,1,4,1,11,3,-1,-1,-1,2,1
2014471401092,1,9,0,18,0,0,0,0,0,0,1,1,6,1,46,8,1399,2,6,4,1
2014471401092,2,8,0,18,0,0,0,0,0,0,3,1,6,1,29,6,-1,-1,-1,6,1
2014471401092,3,9,0,2,0,0,0,0,0,0,0,1,6,3,-1,-1,1390,1,14,-1,-1
2014471401093,1,9,0,1,0,8,0,0,7,10,2,1,6,2,81,11,1598,1,8,10,2
2014471401094,1,9,0,18,0,0,0,0,0,0,1,1,6,1,33,6,1781,1,15,8,1
2014471401098,1,21,0,18,0,0,0,0,0,0,1,1,1,1,47,8,5193,2,8,4,1
2014471401098,2,9,0,4,0,0,1,0,1,0,2,1,2,2,35,6,1598,1,7,-1,1
2014471401098,3,9,0,18,0,0,1,0,4,0,4,1,6,1,20,4,1598,1,15,4,1
2014471401100,1,9,0,1,0,1,0,0,0,0,2,1,6,1,40,7,-1,-1,-1,-1,-1
2014471401102,1,9,0,9,0,6,0,0,0,0,3,1,6,2,51,8,1339,1,12,9,3
2014471401102,2,19,0,18,0,8,0,0,0,0,1,1,1,1,52,8,2496,2,18,7,3
2014471401105,1,9,0,18,0,1,0,0,0,0,3,1,1,1,60,9,-1,-1,-1,4,1
2014471401105,2,9,0,18,0,1,0,0,0,0,1,1,6,1,67,10,1560,2,2,4,1
2014471401107,1,9,0,18,0,0,0,0,0,0,1,1,6,2,49,8,1598,1,2,10,1
2014471401107,2,9,0,4,0,0,0,0,5,7,2,1,1,2,60,9,998,1,5,4,1
2014471401108,1,11,0,9,0,8,0,0,0,0,4,1,3,1,55,8,-1,2,15,1,1
2014471401108,2,3,0,18,0,1,1,0,0,0,1,1,6,1,20,4,124,1,15,9,1
2014471401109,1,9,0,7,0,6,0,0,0,0,0,1,6,3,-1,-1,-1,-1,-1,-1,-1
2014471401109,2,21,0,18,0,1,0,0,0,0,2,1,1,1,33,6,-1,-1,-1,6,3
2014471401109,3,9,0,18,0,1,0,0,0,0,1,1,6,1,57,9,1761,1,16,9,3
2014471401110,1,1,0,18,0,8,0,0,0,0,1,1,6,2,36,7,-1,-1,-1,9,1
2014471401110,2,9,0,4,0,2,0,0,0,0,2,1,2,1,42,7,1399,2,6,3,1
2014471401111,1,9,0,18,0,8,0,0,0,0,1,1,6,3,-1,-1,-1,-1,-1,-1,-1
2014471401111,2,19,0,3,0,1,0,0,0,0,0,1,1,1,24,5,2500,2,15,-1,-1
2014471401112,1,9,0,10,0,6,0,0,0,0,1,1,6,2,61,9,1968,2,4,7,3
2014471401112,2,11,0,18,0,1,0,0,0,0,3,1,3,1,40,7,-1,2,27,9,1
2014471401113,1,9,0,5,0,8,0,0,0,0,3,1,2,2,33,6,1997,2,11,3,1
2014471401115,1,9,0,18,0,1,1,0,0,0,1,1,6,1,72,10,2982,2,7,3,1
2014471401115,2,9,0,3,0,1,0,0,0,0,2,1,6,2,41,7,1591,1,3,5,1
2014471401115,3,9,0,7,0,1,0,0,0,0,0,1,6,3,-1,-1,-1,-1,-1,-1,-1
2014471401118,1,9,0,18,0,0,1,0,2,7,2,1,2,1,34,6,1896,2,15,7,1
2014471401118,2,19,0,18,0,0,0,0,0,0,4,1,2,1,25,5,1753,2,9,5,1
2014471401120,1,9,0,18,0,1,0,0,0,0,1,1,6,1,40,7,2401,2,7,4,1
2014471401120,2,9,0,18,0,1,0,0,0,0,2,1,6,2,26,6,1598,2,-1,6,1
2014471401121,1,8,0,18,0,2,0,0,0,0,1,1,1,1,44,7,-1,-1,-1,9,1
2014471401122,1,9,0,11,0,0,0,0,0,0,4,1,1,2,19,4,1108,1,13,3,1
2014471401122,2,20,0,18,0,0,0,0,4,0,1,1,2,1,29,6,6870,2,1,-1,1
2014471401124,1,9,0,1,0,1,0,0,0,0,2,1,6,2,56,9,1598,1,16,3,1
2014471401124,2,19,0,2,0,1,0,0,0,0,1,1,6,3,-1,-1,1870,2,10,-1,-1
2014471401127,1,9,0,5,0,4,0,0,0,0,3,1,1,1,38,7,1753,2,6,9,1
2014471401127,2,1,0,18,0,8,0,0,0,0,1,1,1,1,24,5,-1,-1,-1,1,1
2014471401128,1,9,0,9,0,6,0,0,0,0,1,1,2,2,40,7,1490,1,6,1,1
2014471401129,1,9,0,7,5,6,0,0,0,0,4,1,6,1,40,7,-1,-1,-1,8,1
2014471401129,2,1,0,18,5,1,0,0,0,0,3,1,6,2,25,5,-1,-1,-1,3,1
2014471401130,1,1,0,18,0,0,0,4,0,0,3,1,6,1,40,7,-1,-1,-1,-1,-1
2014471401130,2,9,0,2,0,0,0,0,0,0,0,1,6,1,26,6,1390,1,15,2,1
2014471401132,1,9,0,5,0,0,0,0,0,0,1,1,1,1,24,5,1580,1,24,4,1
2014471401132,2,3,0,14,0,0,0,0,0,0,1,1,6,1,19,4,599,1,19,4,1
2014471401138,1,9,0,18,0,1,0,10,0,0,1,1,6,1,49,8,1597,1,14,6,1
2014471401138,2,9,0,18,0,1,0,0,0,0,3,1,6,1,20,4,1397,1,7,4,1
2014471401140,1,9,0,9,0,8,0,0,0,0,1,1,2,1,38,7,2295,1,16,2,1
2014471401140,2,1,0,17,0,8,0,0,0,0,4,1,6,1,34,6,-1,-1,-1,7,1
2014471401141,1,9,0,16,0,0,0,10,7,11,3,1,6,1,37,7,1995,2,3,8,2
2014471401144,1,9,0,18,0,0,0,0,0,0,1,1,6,1,79,11,1951,2,8,7,3
2014471401144,2,9,0,4,0,0,0,0,0,0,2,1,6,2,51,8,1995,2,2,8,3
2014471401144,3,9,0,9,0,0,0,0,0,0,0,1,6,2,25,5,-1,-1,-1,7,3
2014471401146,1,19,0,16,0,0,2,0,7,10,1,1,6,1,75,10,1298,1,10,-1,-1
2014471401147,1,9,0,1,0,1,0,0,0,0,2,1,6,2,30,6,1242,1,10,3,1
2014471401147,2,9,0,18,0,1,0,0,0,0,3,1,6,1,48,8,1108,1,4,2,1
2014471401149,1,9,0,18,0,0,0,0,0,0,0,1,6,3,-1,-1,999,1,6,-1,-1
2014471401149,2,9,0,2,0,0,0,0,0,0,0,1,6,2,34,6,-1,-1,-1,7,1
2014471401150,1,9,0,18,0,0,0,0,0,0,1,1,6,1,79,11,1596,1,10,6,1
2014471401150,2,9,0,3,0,0,0,0,0,0,2,1,1,1,33,6,1598,1,11,5,1
2014471401154,1,9,0,18,0,3,0,0,0,0,1,1,6,1,43,7,1900,2,9,10,1
2014471401154,2,19,0,4,0,3,0,0,0,0,2,1,6,1,47,8,2402,2,11,4,1
2014471401156,1,11,0,4,6,0,0,0,0,0,0,1,1,1,53,8,4760,2,2,2,1
2014471401157,1,3,0,18,0,1,0,0,0,0,4,1,6,1,19,4,124,1,4,3,1
2014471401157,2,9,0,10,0,8,0,0,0,0,0,1,6,2,24,5,-1,-1,-1,8,1
2014471401158,1,9,0,9,0,2,0,0,0,0,1,1,6,2,41,7,1296,1,6,9,1
2014471401158,2,5,0,18,0,1,0,0,0,0,1,1,6,1,49,8,893,1,19,8,3
2014471401159,1,9,0,14,0,1,0,0,0,0,4,1,6,1,61,9,1124,1,13,10,1
2014471401159,2,11,0,2,0,1,0,0,0,0,0,1,1,1,40,7,-1,-1,-1,-1,-1
2014471401164,1,9,0,4,0,1,0,0,0,0,1,1,2,1,35,6,-1,-1,-1,5,1
2014471401164,2,9,0,18,0,1,0,0,0,0,1,1,2,2,31,6,1560,2,8,3,1
2014471401165,1,9,0,16,0,0,0,0,0,0,1,1,2,1,67,10,1598,1,2,6,1
2014471401165,2,9,0,2,0,0,0,0,0,0,3,1,6,3,-1,-1,1783,1,12,-1,-1
2014471401166,1,9,0,6,0,0,0,0,7,0,3,1,6,2,32,6,1986,2,9,4,1
2014471401166,2,9,0,18,0,0,0,0,0,0,4,1,6,1,31,6,1396,1,11,9,1
2014471401167,1,9,0,9,0,1,0,0,0,0,1,1,6,1,76,11,1590,1,15,5,1
2014471401167,2,20,0,18,0,1,0,0,7,0,1,1,1,1,47,8,4461,2,2,5,1
2014471401168,1,9,0,17,0,0,0,0,7,10,1,1,6,1,29,6,1796,1,10,9,1
2014471401170,1,9,0,9,0,6,0,0,0,0,1,1,6,1,46,8,2982,2,8,6,1
2014471401170,2,9,0,9,0,5,0,0,0,0,3,1,6,1,49,8,1329,1,1,5,1
2014471401171,1,8,0,1,0,0,0,0,0,0,2,1,6,3,-1,-1,-1,-1,-1,-1,-1
2014471401176,1,9,0,18,0,0,0,0,0,0,1,1,6,1,27,6,1896,2,13,4,1
2014471401176,2,9,0,18,0,0,0,0,0,0,2,1,6,1,55,8,2993,2,9,9,1
2014471401177,1,9,0,16,0,0,2,0,1,0,1,1,6,2,29,6,1390,1,10,-1,1
2014471401180,1,9,0,6,0,8,0,0,0,0,1,1,2,1,44,7,-1,-1,-1,6,1
2014471401180,2,9,0,18,0,1,0,0,7,11,1,1,6,1,17,4,1242,1,3,-1,2
2014471401182,1,9,0,7,0,8,0,0,0,0,1,1,3,1,47,8,2400,2,1,5,1
2014471401182,2,9,0,9,0,8,0,0,0,0,2,1,2,2,50,8,1800,1,16,4,1
2014471401191,1,9,0,5,0,1,0,0,0,0,1,1,6,1,75,10,1229,1,9,1,1
2014471401192,1,9,0,18,0,4,0,0,0,0,1,1,6,2,84,11,1598,1,17,6,1
2014471401192,2,1,0,9,0,4,0,0,0,0,4,1,6,1,42,7,-1,-1,-1,2,1
2014471401194,1,9,0,18,0,0,0,0,0,0,3,1,6,1,50,8,1769,1,13,2,1
2014471401194,2,9,0,9,0,0,0,0,7,0,1,1,6,1,50,8,-1,-1,-1,8,1
2014471401196,1,9,0,6,0,2,0,0,0,0,3,1,6,1,48,8,1896,2,10,1,1
2014471401196,2,3,0,18,0,2,0,0,0,0,4,1,6,1,21,5,124,1,1,3,1
2014471401198,1,9,0,4,0,4,0,0,0,0,2,1,6,2,62,9,1560,2,3,6,2
2014471401198,2,9,0,4,0,4,0,0,0,0,2,1,6,2,69,10,1998,2,6,8,1
2014471401200,1,9,0,18,0,1,0,0,0,0,1,1,6,2,29,6,995,1,9,5,1
2014471401200,2,9,0,18,0,1,0,0,0,0,3,1,2,2,56,9,1998,2,6,5,1
2014471401201,1,9,0,18,0,0,0,0,0,0,1,1,6,2,87,11,1587,1,14,9,2
2014471401201,2,9,0,4,0,0,0,0,0,0,2,1,6,1,23,5,1781,1,10,6,3
2014471401203,1,9,0,16,0,8,0,0,0,0,3,1,6,2,29,6,993,1,12,5,1
2014471401203,2,5,0,7,0,8,0,0,0,0,4,1,2,1,27,6,1215,1,1,7,1
2014471401205,1,9,0,18,0,8,0,0,0,0,3,1,6,3,-1,-1,-1,-1,-1,-1,-1
2014471401206,1,9,0,16,0,0,0,0,0,0,1,1,1,2,58,9,1598,1,7,6,3
2014471401206,2,11,0,17,0,0,1,0,1,0,1,1,1,1,43,7,9600,2,19,3,1
2014471401207,1,9,0,1,9,0,0,0,0,0,2,1,6,2,25,5,1910,2,12,10,1
2014471401208,1,9,0,18,0,0,0,0,0,0,4,1,6,2,20,4,1390,1,10,5,1
2014471401209,1,9,0,18,0,1,0,0,0,0,4,1,6,2,18,4,1299,1,11,1,1
2014471401209,2,1,0,7,0,2,0,0,0,0,1,1,2,1,30,6,-1,-1,-1,6,1
2014471401211,1,9,0,13,0,1,0,0,0,0,2,1,6,1,-1,-1,-1,-1,-1,4,1
2014471401211,2,9,0,9,0,7,0,0,0,0,2,1,6,1,19,4,1198,1,12,4,1
2014471401212,1,9,0,18,0,0,0,4,1,0,1,1,6,1,84,11,1686,2,7,7,3
2014471401212,2,9,0,18,0,0,0,0,0,0,0,1,6,3,-1,-1,-1,-1,-1,-1,-1
2014471401212,3,9,0,2,9,0,0,0,0,0,3,1,6,3,-1,-1,1956,2,2,-1,-1
2014471401212,4,9,0,18,0,0,0,0,0,0,3,1,1,1,44,7,-1,-1,-1,5,3
2014471401214,1,9,0,5,0,1,0,0,0,0,1,1,6,1,38,7,1781,1,16,5,3
2014471401214,2,9,0,18,0,1,0,0,0,0,4,1,6,1,35,6,1686,2,1,7,1
2014471401217,1,9,0,18,0,8,0,0,0,0,1,1,1,2,50,8,1360,1,14,-1,-1
2014471401220,1,9,0,18,0,4,0,0,0,0,1,1,6,2,45,7,-1,-1,-1,-1,-1
2014471401220,2,1,0,18,0,8,0,0,0,0,4,1,6,1,21,5,-1,-1,-1,4,1
2014471401222,1,9,0,13,0,1,0,0,0,0,1,1,2,2,50,8,1490,1,10,7,3
2014471401222,2,9,0,6,0,1,0,0,0,0,3,1,6,2,25,5,1248,2,5,3,1
2014471401224,1,5,0,4,0,0,0,0,1,0,2,1,6,1,21,5,645,1,6,8,3
2014471401224,2,9,0,18,0,0,0,0,1,1,4,1,6,1,24,5,1796,1,10,10,1
2014471401227,1,19,0,6,0,0,5,0,0,0,3,1,1,1,30,6,-1,-1,-1,8,1
2014471401227,2,9,0,18,0,0,0,0,0,0,1,1,2,1,27,6,998,1,3,3,1
2014471401228,1,9,0,18,0,1,0,0,0,0,1,1,6,2,83,11,1242,1,7,3,1
2014471401228,2,9,0,4,0,1,0,0,0,0,2,1,6,1,48,8,1229,1,5,4,1
2014471401228,3,9,0,4,0,1,0,0,0,0,2,1,6,1,64,9,2980,2,20,6,1
2014471401229,1,9,0,18,0,0,1,0,0,0,1,1,2,2,45,7,1596,1,1,10,1
2014471401229,2,9,0,18,0,0,0,0,0,0,2,1,6,1,58,9,5998,1,10,3,1
2014471401230,1,9,0,5,0,0,0,0,0,0,1,1,6,1,29,6,2295,1,11,3,1
2014471401230,2,9,0,18,0,0,0,0,0,0,1,1,6,1,33,6,1997,2,10,3,1
2014471401230,3,9,0,2,0,0,0,0,1,11,2,1,6,3,-1,-1,1796,1,11,-1,-1
2014471401233,1,9,0,7,0,8,0,0,0,0,0,1,6,3,30,6,-1,-1,-1,-1,-1
2014471401235,1,21,0,18,0,1,0,0,0,0,1,1,1,1,30,6,-1,-1,-1,7,1
2014471401235,2,9,0,10,0,1,0,0,0,0,2,1,1,1,39,7,3984,1,4,5,1
2014471401236,1,9,0,18,0,2,0,0,0,0,1,1,6,2,20,4,1364,1,7,10,3
2014471401236,2,9,0,18,0,2,0,0,0,0,2,1,6,1,31,6,-1,-1,-1,6,1
2014471401238,1,9,0,1,0,2,0,0,0,0,2,1,6,1,39,7,1998,2,9,7,1
2014471401241,1,9,0,16,0,0,0,0,7,7,4,1,2,1,45,7,2495,2,24,6,3
2014471401241,2,9,0,17,0,0,0,0,0,0,1,1,2,1,33,6,-1,-1,-1,8,3
2014471401243,1,9,0,11,0,2,0,0,0,0,0,1,6,3,30,6,-1,-1,-1,-1,-1
2014471401243,2,1,0,18,0,2,0,0,0,0,1,1,6,1,31,6,-1,-1,-1,4,1
2014471401243,3,19,0,3,0,2,0,0,0,0,2,1,1,1,27,6,2999,2,5,-1,1
2014471401244,1,9,0,18,0,7,0,0,0,0,1,1,6,1,78,11,1997,2,12,10,1
2014471401244,2,9,0,18,0,7,0,0,0,0,2,1,2,2,39,7,1598,1,9,5,1
2014471401248,1,8,0,1,0,0,0,0,0,0,2,1,6,2,66,10,1248,2,3,1,1
2014471401249,1,9,0,1,0,0,0,0,0,0,2,1,1,1,24,5,1997,2,2,6,1
2014471401251,1,1,0,18,0,0,0,0,0,0,1,1,6,2,51,8,-1,-1,-1,10,1
2014471401254,1,9,0,18,0,8,0,0,1,1,1,1,6,1,77,11,1242,1,5,6,2
2014471401255,1,19,0,5,0,6,0,0,0,0,4,1,1,1,19,4,2143,2,4,6,1
2014471401255,2,1,0,18,0,1,0,0,0,0,3,1,6,1,52,8,-1,-1,-1,8,1
2014471401256,1,19,0,9,0,2,0,0,0,0,1,1,1,1,30,6,2143,2,1,5,1
2014471401257,1,11,0,1,0,1,0,0,0,0,2,2,6,3,-1,-1,-1,-1,-1,-1,-1
2014471401257,2,9,0,3,0,1,0,0,0,0,1,1,2,2,18,4,1199,1,10,4,1
2014471401259,1,9,0,3,0,4,0,0,0,0,1,1,6,2,42,7,1461,2,1,7,1
2014471401259,2,3,0,18,0,8,0,0,0,0,4,1,6,1,46,8,125,1,10,6,3
2014471401262,1,9,0,18,0,0,5,4,0,3,1,1,6,1,23,5,1587,1,12,10,1
2014471401262,2,9,0,2,0,0,0,0,1,0,0,1,6,3,-1,-1,1896,2,9,-1,-1
2014471401263,1,9,0,5,0,1,0,0,0,0,1,1,6,2,40,7,-1,-1,-1,-1,-1
2014471401263,2,3,0,18,0,1,0,0,0,0,0,1,6,1,21,5,124,1,2,7,1
2014471401267,1,3,0,18,0,2,0,0,0,0,1,1,6,1,18,4,125,1,10,1,1
2014471401267,2,9,0,18,0,8,0,0,0,0,0,1,6,1,30,6,-1,-1,-1,-1,-1
2014471401267,3,9,0,18,0,8,0,0,0,0,0,1,6,1,30,6,-1,-1,-1,-1,-1
2014471401268,1,11,0,18,0,2,0,0,0,0,0,1,1,1,30,6,-1,-1,-1,4,1
2014471401270,1,19,0,7,0,1,0,0,0,0,1,1,6,1,37,7,1753,2,11,5,1
2014471401270,2,1,0,18,0,8,0,0,0,0,1,1,6,2,58,9,-1,-1,-1,6,3
2014471401271,1,9,0,9,0,6,0,0,0,0,3,1,6,2,40,7,1998,1,11,9,1
2014471401271,2,1,0,14,0,1,0,0,0,0,1,1,2,1,50,8,-1,-1,-1,9,1
2014471401272,1,9,0,4,0,8,0,0,0,0,4,1,6,3,50,8,-1,-1,-1,-1,-1
2014471401275,1,1,0,18,0,1,0,0,0,0,1,1,6,1,50,8,-1,-1,-1,3,1
2014471401275,2,9,0,10,0,1,0,0,0,0,2,2,6,1,33,6,-1,-1,-1,4,1
2014471401275,3,9,0,4,0,1,0,0,0,0,0,1,6,2,40,7,1360,1,13,3,1
2014471401276,1,9,0,18,0,1,0,0,0,0,1,1,6,2,73,10,1275,1,17,6,1
2014471401276,2,9,0,18,0,8,0,0,1,0,3,1,6,1,33,6,1781,1,16,10,1
2014471401278,1,9,0,11,0,8,0,0,0,0,4,1,2,2,22,5,1242,1,2,8,1
2014471401278,2,9,0,18,0,8,0,0,0,0,3,1,6,2,30,6,-1,-1,-1,-1,-1
2014471401279,1,9,0,6,0,1,0,0,0,0,1,1,6,1,65,9,1299,1,11,-1,-1
2014471401279,2,9,0,18,0,1,0,0,0,0,4,1,6,1,21,5,-1,-1,-1,6,3
2014471401280,1,1,0,18,5,0,0,0,0,5,1,1,6,1,45,7,-1,-1,-1,3,1
2014471401281,1,9,0,18,0,2,2,0,2,4,1,1,6,2,18,4,1600,1,15,6,1
2014471401282,1,8,0,16,0,0,1,0,7,4,1,1,1,1,46,8,1995,2,6,-1,-1
2014471401284,1,9,0,18,0,2,0,0,0,0,4,1,2,1,48,8,1995,2,1,9,1
2014471401284,2,9,0,2,0,1,0,0,0,0,0,1,6,1,27,6,-1,-1,-1,8,1
2014471401285,1,19,0,18,0,0,1,0,0,0,1,1,1,1,32,6,2999,2,6,-1,-1
2014471401285,2,19,0,4,0,0,0,0,0,0,2,1,1,1,43,7,1399,2,3,5,1
2014471401285,3,9,0,13,0,0,0,0,0,0,0,1,1,1,34,6,2967,2,3,5,1
2014471401288,1,1,0,18,0,8,0,0,0,0,0,1,2,3,45,7,-1,-1,-1,-1,-1
2014471401288,2,9,0,10,0,8,0,0,0,0,1,1,6,2,27,6,1596,1,2,10,1
2014471401288,3,19,0,18,0,8,0,0,0,0,4,1,2,1,42,7,1997,2,13,10,1
2014471401295,1,9,0,18,0,2,0,0,0,0,1,1,6,1,21,5,1598,2,3,9,1
2014471401295,2,9,0,4,0,2,0,0,0,0,2,1,6,1,82,11,2171,1,11,6,1
2014471401297,1,9,0,16,0,0,0,4,7,11,1,1,6,1,21,5,998,1,10,10,1
2014471401297,2,9,0,2,0,0,0,0,0,0,4,1,6,3,-1,-1,2688,2,11,-1,-1
2014471401299,1,9,0,18,0,0,0,0,0,0,1,1,6,3,-1,-1,-1,-1,-1,-1,-1
2014471401299,2,1,0,18,0,0,0,0,0,0,3,1,6,1,19,4,-1,-1,-1,8,3
2014471401300,1,9,0,9,0,8,0,0,0,0,4,1,6,1,31,6,973,1,15,3,1
2014471401300,2,5,0,18,0,8,1,0,0,0,4,1,6,1,27,6,649,1,7,6,1
2014471401301,1,19,0,18,0,0,0,0,0,0,0,1,1,1,23,5,1560,2,1,7,1
2014471401301,2,5,0,18,0,0,0,0,0,0,3,1,6,1,39,7,999,1,3,5,1
2014471401302,1,9,0,18,0,8,0,0,0,0,1,1,6,2,69,10,1339,1,3,10,2