Accident_Index,Vehicle_Reference,Vehicle_Type,Towing_and_Articulation,Vehicle_Manoeuvre,Vehicle_Location-Restricted_Lane,Junction_Location,Skidding_and_Overturning,Hit_Object_in_Carriageway,Vehicle_Leaving_Carriageway,Hit_Object_off_Carriageway,1st_Point_of_Impact,Was_Vehicle_Left_Hand_Drive?,Journey_Purpose_of_Driver,Sex_of_Driver,Age_of_Driver,Age_Band_of_Driver,Engine_Capacity_(CC),Propulsion_Code,Age_of_Vehicle,Driver_IMD_Decile,Driver_Home_Area_Type
2014471401303,1,9,0,18,0,0,0,0,2,11,4,1,6,1,35,6,1991,1,14,9,1
2014471401305,1,5,0,14,0,1,0,0,0,0,1,1,6,1,51,8,997,1,10,10,1
2014471401305,2,9,0,9,0,5,0,0,0,0,3,1,6,1,29,6,1360,1,12,6,1
2014471401308,1,9,0,18,0,2,0,0,0,0,0,1,6,1,52,8,-1,-1,-1,-1,-1
2014471401308,2,9,0,18,0,1,0,4,0,0,4,1,6,1,44,7,1560,2,2,2,1
2014471401308,3,9,0,2,0,1,0,0,0,0,3,1,6,3,-1,-1,3222,2,11,-1,-1
2014471401309,1,11,0,5,0,2,0,0,0,0,4,1,1,1,46,8,9000,2,5,2,1
2014471401310,1,9,0,9,0,8,0,0,0,0,3,1,6,1,34,6,1870,2,3,4,1
2014471401310,2,9,0,18,0,1,0,0,0,0,3,1,6,1,18,4,999,1,15,4,1
2014471401311,1,9,0,18,0,4,0,0,0,0,1,1,6,2,74,10,1298,1,7,5,3
2014471401311,2,1,0,9,0,8,0,0,0,0,4,1,4,2,22,5,-1,-1,-1,5,1
2014471401312,1,9,0,18,0,1,5,4,0,0,4,1,6,2,69,10,1995,2,3,9,1
2014471401312,2,9,0,2,0,1,0,0,0,0,3,1,6,3,-1,-1,1597,1,4,-1,-1
2014471401313,1,9,0,3,0,0,0,2,0,0,2,1,6,1,30,6,1598,1,1,-1,-1
2014471401313,2,9,0,3,0,0,0,0,0,0,2,1,6,2,30,6,1998,2,11,-1,-1
2014471401313,3,9,0,4,0,0,0,0,0,0,2,1,6,2,25,5,1242,1,16,7,1
2014471401313,4,9,0,4,0,0,0,0,0,0,1,1,6,2,24,5,1242,1,1,4,1
2014471401313,5,9,0,4,0,0,0,0,0,0,1,1,6,1,32,6,1200,1,1,6,1
2014471401314,1,9,0,9,0,8,0,0,0,0,3,1,6,1,50,8,2688,2,12,8,1
2014471401314,2,4,0,18,0,8,0,0,0,0,1,1,6,1,21,5,690,1,1,6,3
2014471401316,1,11,0,18,2,8,0,0,0,0,4,1,1,1,43,7,11000,2,9,1,1
2014471401317,1,9,0,18,0,2,0,0,0,0,4,1,6,1,66,10,2493,1,14,2,2
2014471401317,2,1,0,18,0,2,0,0,0,0,3,1,6,1,45,7,-1,-1,-1,6,1
2014471401318,1,9,0,7,0,5,0,0,0,0,4,1,6,1,45,7,-1,-1,-1,-1,-1
2014471401320,1,9,0,18,0,1,0,0,0,0,1,1,6,1,23,5,1598,1,11,2,1
2014471401320,2,1,0,18,0,1,0,0,0,0,2,1,6,1,21,5,-1,-1,-1,2,1
2014471401323,1,8,0,5,0,8,0,0,0,0,3,1,6,1,56,9,1997,2,3,10,1
2014471401323,2,5,0,18,0,1,0,0,0,0,1,1,6,1,59,9,999,1,4,6,1
2014471401324,1,9,0,5,0,4,0,0,0,0,1,1,3,2,34,6,1984,1,9,3,1
2014471401324,2,4,0,3,0,4,0,0,0,0,2,1,2,1,50,8,398,1,15,4,1
2014471401325,1,9,0,4,0,1,0,0,0,0,4,1,2,2,32,6,1600,2,2,10,1
2014471401325,2,9,0,3,0,1,0,0,0,0,4,1,2,1,34,6,1995,2,11,5,1
2014471401326,1,9,0,7,0,8,0,0,0,0,3,1,1,2,39,7,1124,1,15,2,1
2014471401326,2,1,0,18,0,8,0,0,0,0,1,1,1,2,38,7,-1,-1,-1,6,1
2014471401329,1,9,0,18,0,4,0,0,0,0,3,1,1,1,47,8,1997,2,4,9,1
2014471401329,2,4,0,18,0,1,0,0,0,0,1,1,6,1,24,5,124,1,6,8,1
2014471401330,1,9,0,18,0,1,0,0,0,0,1,1,6,2,25,5,1598,2,3,7,2
2014471401330,2,9,0,4,0,1,0,0,0,0,2,1,1,1,32,6,1997,2,11,7,3
2014471401334,1,9,0,18,0,0,0,4,0,0,1,1,2,1,27,6,1388,1,11,-1,-1
2014471401334,2,9,0,2,0,0,0,0,0,0,2,1,6,2,65,9,1998,1,12,1,1
2014471401340,1,9,0,9,0,8,0,0,0,0,4,1,6,2,51,8,1595,1,9,5,1
2014471401340,2,3,0,18,0,8,0,0,0,0,1,1,6,1,19,4,-1,-1,-1,10,1
2014471401341,1,9,0,3,0,2,0,0,0,0,0,1,6,1,53,8,-1,-1,-1,5,1
2014471401341,2,3,0,18,0,1,0,0,0,0,4,1,6,1,17,4,124,1,8,6,3
2014471401344,1,9,0,18,0,0,0,0,0,0,1,1,6,1,50,8,1364,2,9,4,3
2014471401344,2,9,0,18,0,0,0,0,0,0,2,1,6,1,33,6,1800,1,15,2,1
2014471401344,3,9,0,4,0,0,0,0,0,0,1,1,2,1,43,7,1783,1,11,9,1
2014471401344,4,9,0,18,0,0,0,0,0,0,1,1,6,2,48,8,2179,2,3,10,1
2014471401344,5,9,0,18,0,0,0,0,0,0,1,1,6,1,50,8,2143,2,1,6,3
2014471401344,6,9,0,4,0,0,0,0,0,0,2,1,6,1,65,9,1599,1,9,4,1
2014471401346,1,9,0,18,0,0,0,0,0,0,1,1,6,2,42,7,2401,2,9,8,3
2014471401349,1,19,0,18,0,1,0,0,0,0,3,1,6,3,-1,-1,-1,-1,-1,-1,-1
2014471401352,1,9,0,1,9,0,0,4,0,0,2,1,6,2,19,4,2179,2,13,6,1
2014471401352,2,9,0,2,0,0,0,0,0,0,4,1,6,2,48,8,1599,1,6,6,3
2014471401355,1,90,0,18,0,1,0,0,0,0,3,2,1,1,54,8,-1,-1,-1,4,1
2014471401355,2,21,0,5,0,1,0,0,0,0,4,1,1,1,37,7,-1,-1,-1,6,1
2014471401355,3,9,0,5,0,4,0,0,0,0,4,1,2,2,41,7,-1,-1,-1,9,3
2014471401359,1,9,0,18,0,0,0,0,0,0,2,1,6,2,59,9,1108,1,10,1,1
2014471401359,2,9,0,18,0,0,0,0,0,0,1,1,6,2,19,4,973,1,14,4,1
2014471401360,1,9,0,16,0,0,0,10,0,0,1,1,6,2,23,5,1149,1,6,10,1
2014471401360,2,9,0,17,0,0,0,0,0,0,1,1,2,1,66,10,1390,1,3,10,1
2014471401361,1,9,0,18,0,8,0,0,0,0,1,1,6,1,78,11,2261,1,4,8,1
2014471401361,2,9,0,4,0,3,0,0,0,0,2,1,6,2,37,7,1199,1,12,5,1
2014471401362,1,9,0,9,0,8,0,0,0,0,0,1,6,1,35,6,1149,1,8,8,1
2014471401362,2,5,0,18,0,1,0,0,0,0,0,1,6,1,61,9,680,1,6,10,1
2014471401363,1,9,0,17,0,0,2,0,7,0,1,1,6,1,23,5,1398,1,2,9,1
2014471401364,1,9,0,7,0,6,0,0,0,0,1,1,2,2,41,7,1968,2,7,10,1
2014471401364,2,9,0,18,0,8,0,0,0,0,1,1,2,2,57,9,1339,1,8,10,1
2014471401365,1,9,0,9,0,6,0,0,0,0,1,1,1,1,53,8,-1,-1,-1,9,1
2014471401365,2,5,0,18,0,1,1,0,0,0,1,1,2,1,52,8,748,1,6,3,1
2014471401366,1,9,0,18,0,1,0,0,0,0,0,1,2,1,44,7,2993,2,2,3,1
2014471401366,2,9,0,10,0,2,0,0,0,0,0,1,6,1,30,6,-1,-1,-1,-1,-1
2014471401367,1,9,0,9,0,0,0,0,0,0,3,1,6,1,40,7,1598,1,9,10,1
2014471401367,2,3,0,13,0,0,0,0,0,0,4,1,6,1,20,4,124,1,1,8,1
2014471401368,1,9,0,4,0,0,0,0,0,0,1,1,6,1,30,6,1951,2,12,3,1
2014471401368,2,9,0,4,0,0,0,0,0,0,2,1,6,1,30,6,1339,1,3,-1,-1
2014471401370,1,9,0,9,0,8,0,0,4,0,3,1,6,2,40,7,1588,1,13,5,1
2014471401370,2,5,0,18,0,8,0,0,4,0,1,1,6,1,31,6,1299,1,12,8,1
2014471401371,1,5,0,18,0,1,1,10,0,0,3,1,6,1,33,6,645,1,14,4,1
2014471401371,2,9,0,2,0,2,0,0,0,0,0,2,6,1,44,7,-1,-1,-1,6,1
2014471401372,1,9,0,9,0,8,0,0,0,0,3,1,6,1,61,9,1998,1,8,6,1
2014471401372,2,1,0,18,0,8,0,0,0,0,3,1,2,1,44,7,-1,-1,-1,4,1
2014471401373,1,9,0,18,0,0,0,0,0,0,1,1,6,2,51,8,998,1,6,7,1
2014471401373,2,11,0,5,0,0,0,0,0,0,0,1,1,2,50,8,-1,2,15,-1,-1
2014471401374,1,9,0,9,0,6,0,0,0,0,3,1,6,2,53,8,1998,2,6,9,1
2014471401374,2,1,0,18,0,1,0,0,0,0,1,1,6,1,47,8,-1,-1,-1,7,1
2014471401375,1,9,0,9,0,6,0,0,0,0,3,1,6,1,74,10,1598,1,6,9,1
2014471401375,2,1,0,18,0,1,0,0,0,0,1,1,6,1,45,7,-1,-1,-1,7,1
2014471401376,1,9,0,18,0,0,0,0,0,0,1,1,6,1,35,6,1753,2,5,1,1
2014471401381,1,9,0,1,0,0,0,0,0,0,2,1,6,1,30,6,1598,1,11,6,1
2014471401383,1,11,0,5,0,1,0,0,0,0,0,1,1,1,56,9,9000,2,8,3,1
2014471401384,1,9,0,13,0,0,1,0,7,0,4,1,1,2,23,5,1149,1,13,9,2
2014471401384,2,19,0,18,0,0,0,0,0,0,1,1,1,1,43,7,2798,2,12,7,3
2014471401387,1,9,0,18,0,0,0,0,0,0,1,1,6,3,-1,-1,-1,-1,-1,-1,-1
2014471401387,2,1,0,18,0,0,0,0,0,0,2,1,4,1,14,3,-1,-1,-1,1,1
2014471401388,1,9,0,18,0,1,0,0,0,0,1,1,6,1,89,11,1299,1,19,5,1
2014471401388,2,9,0,9,0,1,0,0,7,0,2,1,6,1,84,11,1598,1,15,10,1
2014471401391,1,9,0,18,0,2,0,0,0,0,1,1,6,2,26,6,1600,1,10,6,1
2014471401391,2,9,0,18,0,2,0,0,0,0,2,1,1,1,41,7,1968,2,2,9,1
2014471401394,1,5,0,13,0,1,0,0,0,0,1,1,2,2,48,8,599,1,11,5,1
2014471401394,2,9,0,9,0,6,0,0,0,0,3,1,6,2,50,8,1461,2,4,10,1
2014471401396,1,9,0,18,0,2,0,0,0,0,1,1,6,3,-1,-1,-1,-1,-1,-1,-1
2014471401397,1,9,0,6,0,5,0,0,0,0,4,1,6,2,22,5,1332,1,15,5,1
2014471401397,2,9,0,18,0,1,0,0,0,0,1,1,6,1,43,7,2497,1,13,9,1
2014471401398,1,9,0,10,0,6,0,0,0,0,1,1,3,2,44,7,1598,1,14,5,2
2014471401398,2,9,0,18,0,1,0,0,0,0,1,1,2,1,57,9,2776,2,10,6,3
2014471401399,1,9,0,7,4,5,0,0,0,0,4,1,6,1,74,10,1386,1,6,8,1
2014471401399,2,1,0,18,4,1,0,0,0,0,3,1,6,1,20,4,-1,-1,-1,-1,-1
2014471401400,1,21,0,9,0,5,0,0,0,0,4,1,1,1,40,7,12580,2,9,9,1
2014471401400,2,9,0,7,0,5,0,0,0,0,1,1,1,1,42,7,-1,-1,-1,3,1
2014471401402,1,9,0,9,0,1,0,0,0,0,4,1,2,1,58,9,1390,1,7,6,1
2014471401402,2,1,0,15,0,1,0,0,0,0,1,1,2,1,38,7,-1,-1,-1,9,1
2014471401402,3,9,0,3,0,1,0,0,0,0,0,1,1,1,48,8,-1,-1,-1,-1,-1
2014471401403,1,9,0,10,0,1,0,0,0,0,3,1,6,1,25,5,1560,2,4,5,1
2014471401403,2,9,0,18,0,1,0,0,0,0,1,1,1,1,34,6,-1,-1,-1,-1,-1
2014471401404,1,9,0,17,0,0,1,0,8,2,1,1,6,1,23,5,1388,1,17,10,2
2014471401406,1,19,0,9,0,1,0,0,0,0,3,1,1,1,48,8,2953,2,8,1,1
2014471401406,2,1,0,14,0,1,0,0,0,0,4,1,6,1,55,8,-1,-1,-1,6,3
2014471401407,1,8,0,18,0,2,0,0,0,0,4,1,6,3,40,7,-1,-1,-1,-1,-1
2014471401410,1,9,0,18,0,8,0,0,0,0,1,1,6,1,33,6,1560,2,6,3,1
2014471401410,2,9,0,18,0,1,0,0,0,0,1,1,6,1,41,7,1598,1,10,8,1
2014471401411,1,5,0,18,0,0,0,0,0,0,0,1,6,1,25,5,675,1,3,6,1
2014471401411,2,19,0,18,0,0,0,0,0,0,2,1,1,1,51,8,2148,2,9,3,1
2014471401413,1,9,0,9,0,6,0,0,0,0,1,2,6,1,20,4,-1,-1,-1,8,1
2014471401413,2,9,0,16,0,1,0,0,0,0,4,1,6,2,37,7,1587,6,14,9,1
2014471401415,1,3,0,7,0,6,0,0,0,0,1,1,1,2,42,7,-1,-1,-1,4,1
2014471401416,1,9,0,5,0,6,0,0,0,0,4,1,6,1,89,11,1397,1,7,5,1
2014471401416,2,11,0,18,0,8,0,0,1,10,1,1,1,1,42,7,8268,2,10,3,1
2014471401417,1,21,1,18,0,0,0,0,7,0,1,1,1,1,30,6,12740,2,1,3,1
2014471401420,1,9,0,9,0,4,0,0,0,0,1,1,6,2,32,6,1598,1,10,6,1
2014471401420,2,3,0,3,0,4,0,0,0,0,2,1,6,1,50,8,-1,-1,-1,1,1
2014471401422,1,1,0,18,0,8,0,0,0,0,1,1,6,1,25,5,-1,-1,-1,6,1
2014471401422,2,9,0,9,0,8,0,0,0,0,4,1,6,2,54,8,1242,1,1,6,1
2014471401431,1,9,0,13,0,0,0,0,0,0,4,1,6,3,40,7,-1,-1,-1,-1,-1
2014471401431,2,1,0,18,0,0,0,10,1,0,3,1,6,1,31,6,-1,-1,-1,9,1
2014471401434,1,9,0,16,0,8,0,0,0,0,1,1,6,2,79,11,1248,1,2,10,1
2014471401434,2,9,0,17,0,8,0,0,0,0,0,1,6,1,-1,-1,1595,1,9,10,1
2014471401434,3,9,0,17,0,8,1,0,7,0,3,1,6,1,24,5,1360,1,8,10,1
2014471401436,1,9,0,9,0,8,0,0,0,0,3,1,6,2,21,5,1198,1,3,7,1
2014471401436,2,5,0,18,0,8,0,0,0,0,1,1,6,1,48,8,1052,1,16,9,2
2014471401437,1,9,0,9,0,8,0,0,0,0,1,1,1,1,27,6,1364,1,10,7,1
2014471401438,1,9,0,18,0,3,0,0,1,2,1,1,6,2,72,10,1390,1,9,5,3
2014471401439,1,9,0,18,9,0,0,7,7,11,1,1,6,2,49,8,1997,1,13,1,1
2014471401442,1,9,0,9,0,6,0,0,0,0,0,1,6,1,18,4,-1,-1,-1,-1,-1
2014471401442,2,1,0,18,0,1,0,0,0,0,1,1,6,2,28,6,-1,-1,-1,6,1
2014471401442,3,1,0,18,0,1,0,0,0,0,1,1,6,1,30,6,-1,-1,-1,6,1
2014471401444,1,9,0,18,0,1,0,0,0,0,1,1,6,1,32,6,1762,1,16,2,1
2014471401444,2,9,0,3,0,1,0,0,0,0,2,1,6,1,35,6,1589,1,14,5,1
2014471401444,3,9,0,3,0,1,0,0,0,0,2,1,6,1,31,6,998,1,-1,-1,-1
2014471401446,1,19,0,4,0,1,0,0,0,0,1,1,1,1,61,9,2298,2,1,4,1
2014471401447,1,9,0,18,0,2,0,0,0,10,3,1,6,2,74,10,998,1,1,6,1
2014471401449,1,9,0,18,0,0,0,0,0,0,1,1,6,2,92,11,1360,1,10,1,1
2014471401449,2,9,0,18,0,0,0,0,0,0,1,1,6,1,53,8,1298,1,13,5,1
2014471401450,1,9,0,18,0,8,0,0,7,11,1,1,2,2,27,6,1360,1,15,1,1
2014471401451,1,9,0,18,0,8,5,0,0,0,4,1,6,1,26,6,2487,2,14,6,2
2014471401451,2,9,0,18,0,8,0,0,0,0,3,1,6,1,44,7,3200,2,9,8,2
2014471401452,1,9,0,17,0,0,5,0,1,2,1,1,6,1,19,4,1149,1,14,6,3
2014471401453,1,8,0,18,0,2,0,7,1,1,1,1,6,1,24,5,1910,2,7,2,1
2014471401454,1,9,0,17,0,0,2,0,1,11,2,1,2,1,18,4,998,1,5,8,3
2014471401455,1,9,0,18,0,0,0,4,0,0,1,1,6,2,29,6,-1,-1,-1,10,3
2014471401455,2,9,0,2,0,0,0,0,0,0,3,1,6,2,29,6,1360,1,7,10,1
2014471401456,1,9,0,16,0,2,1,0,7,0,3,1,1,1,23,5,1800,1,14,8,3
2014471401456,2,19,0,18,0,1,0,0,0,0,1,1,1,1,45,7,2402,2,5,7,3
2014471401459,1,5,0,13,0,0,0,0,0,0,1,1,6,1,49,8,900,1,16,1,1
2014471401459,2,9,0,18,0,0,0,0,0,0,0,1,6,3,35,6,-1,-1,-1,-1,-1
2014471401459,3,9,0,18,0,0,0,0,0,0,1,1,2,2,47,8,2000,1,7,8,3
2014471401460,1,20,0,1,0,1,0,0,0,0,2,1,1,1,30,6,-1,-1,-1,4,1
2014471401461,1,9,0,18,0,1,0,0,0,0,1,1,6,1,64,9,1364,1,4,9,1
2014471401461,2,9,0,10,0,1,0,0,0,0,2,1,3,2,48,8,1598,2,2,5,2
2014471401463,1,9,0,18,0,1,0,0,0,0,1,1,1,1,51,8,1995,2,11,5,2
2014471401463,2,9,0,4,0,1,0,0,0,0,2,1,2,1,71,10,1997,2,12,7,3
2014471401463,3,9,0,4,0,1,0,0,0,0,2,1,2,2,33,6,998,1,9,4,3
2014471401463,4,9,0,9,0,1,0,0,0,0,2,1,2,1,52,8,-1,-1,-1,2,1
2014471401464,1,9,0,4,0,0,0,0,0,0,4,1,6,1,84,11,1248,1,4,10,2
2014471401469,1,9,0,9,0,1,0,0,0,0,1,1,6,1,63,9,1598,1,13,1,1
2014471401469,2,9,0,10,0,1,0,0,0,0,2,1,6,1,56,9,1332,1,18,1,1
2014471401470,1,9,0,10,0,1,0,0,0,0,1,1,6,2,30,6,1968,2,8,7,1
2014471401470,2,9,0,18,0,8,0,0,0,0,3,1,6,1,26,6,-1,-1,-1,3,1
2014471401471,1,9,0,2,0,8,0,0,0,0,3,1,6,1,48,8,-1,-1,-1,1,1
2014471401471,2,1,0,18,0,8,0,0,0,0,1,1,6,2,47,8,-1,-1,-1,8,1
2014471401472,1,9,0,18,0,2,0,0,0,0,1,1,6,1,67,10,1598,1,2,-1,-1
2014471401472,2,9,0,3,0,2,0,0,0,0,2,1,6,1,30,6,1598,2,1,1,1
2014471401473,1,9,0,5,0,6,0,0,0,0,1,1,6,3,-1,-1,1596,1,11,-1,-1
2014471401473,2,9,0,5,0,8,0,0,0,0,2,1,6,2,55,8,1598,1,14,3,1
2014471401474,1,9,0,18,0,0,0,0,0,0,1,1,6,3,-1,-1,-1,-1,-1,-1,-1
2014471401475,1,9,0,7,0,1,0,0,0,0,1,1,6,1,42,7,1984,1,16,8,1
2014471401476,1,9,0,18,0,1,0,0,0,0,1,1,6,2,56,9,2316,1,19,3,1
2014471401477,1,9,0,2,0,1,0,0,0,0,3,1,6,2,61,9,1998,2,7,-1,2
2014471401477,2,1,0,14,0,1,0,4,0,0,4,1,6,1,34,6,-1,-1,-1,3,1
2014471401477,3,9,0,3,0,1,0,0,0,0,4,1,6,1,54,8,1368,1,3,6,1
2014471401478,1,9,0,18,0,1,2,0,0,0,4,1,6,2,54,8,1587,1,7,8,1
2014471401478,2,9,0,18,0,1,1,0,0,0,1,1,2,1,40,7,1248,2,6,4,2
2014471401479,1,9,0,1,0,1,0,0,0,0,2,1,6,1,40,7,1984,1,4,-1,-1
2014471401479,2,9,0,3,0,1,0,0,0,0,1,1,6,1,35,6,1596,1,17,2,1
2014471401482,1,9,0,18,0,0,0,0,0,0,1,1,6,2,21,5,1149,1,5,6,1
2014471401484,1,9,0,18,0,8,0,0,0,0,3,1,6,1,84,11,1590,1,15,7,3
2014471401484,2,1,0,11,0,8,0,0,0,0,2,1,6,1,47,8,-1,-1,-1,7,1
2014471401486,1,9,0,18,0,0,0,0,0,0,3,1,6,2,44,7,2171,1,10,9,2
2014471401487,1,9,0,5,0,6,0,0,0,0,3,1,6,1,71,10,-1,-1,-1,5,1
2014471401487,2,9,0,18,0,1,0,0,0,0,1,1,6,2,19,4,1388,1,7,5,1
2014471401487,3,9,0,2,0,2,0,0,0,0,0,1,6,1,40,7,1956,2,4,10,1
2014471401488,1,1,0,18,0,0,0,0,0,0,1,1,6,1,36,7,-1,-1,-1,7,1
2014471401488,2,1,0,18,0,0,0,0,0,0,2,1,6,1,51,8,-1,-1,-1,-1,1
2014471401489,1,9,0,18,0,1,0,0,0,0,3,1,6,2,55,8,1794,1,12,7,3
2014471401489,2,9,0,18,0,1,5,0,2,11,1,1,6,2,53,8,1598,2,1,8,1
2014471401490,1,9,0,9,0,5,0,0,0,0,1,1,2,1,25,5,1598,1,16,5,1
2014471401490,2,1,0,18,0,8,0,0,0,0,1,1,6,1,21,5,-1,-1,-1,2,1
2014471401491,1,5,0,18,0,2,0,0,0,0,1,1,6,1,44,7,1127,1,25,8,1
2014471401492,1,9,0,7,0,5,1,0,0,0,1,1,6,1,22,5,1397,1,13,9,1
2014471401493,1,19,0,4,0,0,1,0,0,0,1,1,6,2,37,7,2402,2,5,10,2
2014471401493,2,9,0,4,0,0,1,12,1,9,0,2,6,1,36,7,-1,-1,-1,10,2
2014471401494,1,9,0,1,0,1,0,0,0,0,2,1,6,1,77,11,1998,1,7,9,2
2014471401494,2,9,0,9,0,6,0,0,0,0,1,1,6,2,40,7,1834,1,11,6,1
2014471401495,1,9,0,13,0,1,1,0,7,0,1,1,6,1,19,4,1984,1,7,6,3
2014471401495,2,9,0,18,0,1,0,0,0,0,1,1,6,2,23,5,998,1,6,5,1
2014471401495,3,9,0,18,0,1,0,0,0,0,0,1,6,2,71,10,1668,1,8,10,3
2014471401497,1,8,0,5,0,4,0,0,0,0,1,1,1,1,47,8,2499,2,7,3,1
2014471401497,2,3,0,5,0,4,0,0,0,0,2,1,6,2,53,8,125,1,7,6,1
2014471401498,1,9,0,18,0,0,0,0,0,0,1,1,6,2,37,7,1596,1,4,-1,3
2014471401498,2,9,0,3,0,0,0,0,0,0,2,1,6,2,45,7,1396,1,14,5,1
2014471401499,1,9,0,18,0,1,0,0,0,0,1,1,6,1,24,5,1242,1,7,9,3
2014471401499,2,9,0,10,0,1,0,0,0,0,2,1,6,2,55,8,2597,1,12,7,1
2014471401500,1,9,0,7,0,6,0,0,0,0,3,1,1,2,43,7,1388,1,1,1,1
2014471401500,2,8,0,18,0,2,0,0,0,0,4,1,6,1,57,9,1242,1,15,1,1
2014471401501,1,9,0,5,0,6,0,0,0,0,1,1,6,1,60,9,1995,2,4,4,3
2014471401501,2,9,0,18,0,1,0,0,0,0,1,1,6,1,56,9,2179,2,2,-1,-1
2014471401502,1,9,0,9,0,4,0,0,0,0,3,1,6,2,23,5,2926,2,12,6,1
2014471401502,2,9,0,18,0,4,0,0,0,0,1,1,6,2,46,8,1388,1,10,5,1
2014471401503,1,9,0,18,0,0,0,0,0,0,1,1,6,1,83,11,1390,1,12,2,1
2014471401503,2,19,0,2,0,0,0,0,0,0,3,1,6,1,26,6,2402,2,9,1,1
2014471401509,1,9,0,5,0,6,0,0,0,0,1,1,6,1,20,4,1242,1,14,10,2
2014471401509,2,5,0,18,0,8,0,0,0,0,4,1,6,1,55,8,999,1,3,4,1
2014471401510,1,9,0,18,0,0,0,0,0,10,1,1,6,2,23,5,-1,-1,-1,2,1
2014471401511,1,9,0,18,0,1,1,0,0,0,1,1,6,1,17,4,1299,1,16,6,1
2014471401511,2,9,0,7,0,8,0,0,0,0,1,1,6,1,31,6,1600,1,10,5,1
2014471401513,1,19,0,18,0,0,0,0,0,0,0,1,6,3,-1,-1,-1,-1,-1,-1,-1
2014471401513,2,1,0,18,0,0,0,0,1,0,0,1,2,1,48,8,-1,-1,-1,6,1
2014471401515,1,11,0,9,2,2,0,0,0,0,0,1,1,1,54,8,9360,2,1,4,1
2014471401516,1,3,0,13,0,1,1,0,8,11,1,1,4,1,17,4,124,1,1,4,1
2014471401516,2,9,0,9,0,5,0,0,7,11,3,1,1,1,53,8,1596,1,9,10,1
2014471401518,1,9,0,7,0,8,0,0,0,0,1,1,1,1,27,6,1686,2,2,3,1
2014471401519,1,9,0,18,0,2,0,0,0,0,1,1,6,3,-1,-1,-1,-1,-1,-1,-1
2014471401519,2,1,0,18,0,8,0,0,0,0,1,1,6,1,15,3,-1,-1,-1,3,1
2014471401521,1,9,0,4,0,0,0,0,0,0,1,1,6,2,31,6,1242,1,14,9,1
2014471401521,2,1,0,18,0,0,0,0,0,0,3,1,2,1,21,5,-1,-1,-1,5,1
2014471401525,1,9,0,18,0,0,0,0,0,0,1,1,6,1,18,4,1242,1,7,10,1
2014471401527,1,9,0,18,0,1,0,0,0,0,1,1,6,2,72,10,1124,1,13,3,1
2014471401527,2,9,0,18,0,1,0,0,0,0,2,1,6,1,30,6,1398,1,14,3,1
2014471401528,1,9,0,18,0,1,0,0,0,0,1,1,6,1,33,6,1686,2,2,4,1
2014471401529,1,9,0,18,0,8,0,0,0,0,1,1,6,1,59,9,1995,2,2,9,1
2014471401529,2,1,0,18,0,8,0,0,0,0,1,1,6,1,32,6,-1,-1,-1,4,1
2014471401530,1,9,0,16,0,0,0,0,0,0,1,1,6,2,75,10,1596,1,13,10,1
2014471401530,2,9,0,17,0,0,0,0,0,0,1,1,6,1,50,8,1998,2,8,10,1
2014471401531,1,9,0,18,0,0,0,0,0,0,1,1,6,2,49,8,1246,1,7,7,3
2014471401532,1,10,0,18,0,0,0,11,0,0,1,1,1,1,68,10,-1,-1,-1,10,1
2014471401534,1,9,0,18,0,0,0,0,0,0,1,1,3,1,35,6,1995,2,10,3,1
2014471401537,1,9,0,18,0,1,0,0,0,0,0,1,6,1,17,4,-1,-1,-1,7,2
2014471401540,1,9,0,18,0,0,0,0,0,0,1,1,6,2,25,5,1242,1,5,7,1
2014471401540,2,1,0,18,0,0,0,0,0,0,2,1,6,2,54,8,-1,-1,-1,3,1
2014471401542,1,1,0,18,9,0,0,0,0,0,1,1,6,2,9,2,-1,-1,-1,5,3
2014471401542,2,9,0,2,9,0,0,0,0,0,2,1,6,2,38,7,1798,1,8,5,3
2014471401551,1,8,0,5,0,6,0,0,0,0,1,1,1,1,42,7,1798,1,5,3,1
2014471401551,2,3,0,18,0,6,0,0,0,0,4,1,6,1,26,6,124,1,2,7,1
2014471401556,1,9,0,18,0,8,0,0,0,0,1,1,6,2,33,6,2460,2,9,6,1
2014471401556,2,1,0,18,0,8,0,0,0,0,4,1,6,2,54,8,-1,-1,-1,3,1
2014471401557,1,9,0,18,0,1,0,0,1,2,3,1,6,1,75,10,1390,1,7,4,1
2014471401560,1,9,0,18,0,0,0,0,0,0,1,1,6,1,74,10,1896,2,11,9,1
2014471401560,2,9,0,4,0,0,0,0,0,0,2,1,6,2,57,9,2261,1,9,9,2
2014471401560,3,9,0,10,0,0,0,0,0,0,2,1,6,2,38,7,1248,2,3,5,3
2014471401562,1,9,0,16,0,0,0,0,4,6,1,1,6,1,30,6,1229,1,3,8,1
2014471401563,1,5,0,7,0,3,0,0,7,7,4,1,6,1,48,8,999,1,5,10,1
2014471401563,2,9,0,18,0,8,0,0,0,0,3,1,6,2,35,6,1896,2,6,3,1