Accident_Index,Vehicle_Reference,Vehicle_Type,Towing_and_Articulation,Vehicle_Manoeuvre,Vehicle_Location-Restricted_Lane,Junction_Location,Skidding_and_Overturning,Hit_Object_in_Carriageway,Vehicle_Leaving_Carriageway,Hit_Object_off_Carriageway,1st_Point_of_Impact,Was_Vehicle_Left_Hand_Drive?,Journey_Purpose_of_Driver,Sex_of_Driver,Age_of_Driver,Age_Band_of_Driver,Engine_Capacity_(CC),Propulsion_Code,Age_of_Vehicle,Driver_IMD_Decile,Driver_Home_Area_Type
2014471401566,1,9,0,9,0,5,5,0,0,10,4,1,6,2,19,4,998,1,5,9,3
2014471401566,2,8,0,18,0,8,0,0,0,0,1,1,6,1,68,10,1997,2,4,7,1
2014471401567,1,9,0,9,0,2,0,0,0,0,4,1,6,1,73,10,1995,2,9,6,3
2014471401567,2,5,0,13,0,1,0,0,0,0,1,1,6,1,38,7,899,1,20,8,1
2014471401567,3,9,0,18,0,1,0,0,0,0,0,1,6,1,33,6,1390,1,9,5,1
2014471401572,1,9,0,16,0,0,0,0,8,1,1,1,6,1,19,4,-1,-1,-1,9,2
2014471401573,1,9,0,1,0,1,0,0,0,0,4,1,6,1,33,6,1910,2,7,10,1
2014471401575,1,9,0,16,0,0,0,0,6,4,1,1,2,1,41,7,1360,1,15,4,1
2014471401576,1,9,0,9,0,8,0,0,0,0,3,1,6,2,22,5,1242,1,11,9,1
2014471401576,2,1,0,15,0,8,0,0,0,0,1,1,6,1,28,6,-1,-1,-1,2,1
2014471401577,1,9,0,18,0,1,0,0,0,0,3,1,2,2,26,6,1388,1,13,4,1
2014471401577,2,11,0,3,0,1,0,0,0,0,0,1,1,1,46,8,-1,-1,-1,-1,-1
2014471401579,1,9,0,10,0,5,0,0,0,0,2,1,6,1,19,4,1596,1,20,6,2
2014471401579,2,9,0,18,0,8,1,0,0,0,1,1,6,1,40,7,1700,2,15,5,2
2014471401580,1,9,0,5,0,8,0,0,0,0,1,1,6,2,58,9,1769,1,15,5,2
2014471401580,2,5,0,18,0,8,1,0,0,0,1,1,6,1,70,10,599,1,1,9,1
2014471401583,1,19,0,18,0,0,1,0,1,4,1,1,6,1,52,8,2151,2,11,7,1
2014471401584,1,9,0,7,0,5,0,0,0,0,1,1,6,1,27,6,1598,2,-1,5,1
2014471401584,2,19,0,4,0,1,0,0,0,0,1,1,6,1,34,6,1686,2,2,9,2
2014471401585,1,9,0,18,0,8,0,0,0,0,1,1,6,1,20,4,1368,1,3,1,1
2014471401585,2,9,0,4,0,8,0,0,0,0,2,1,6,1,21,5,1199,1,14,4,1
2014471401588,1,9,0,18,0,4,0,0,0,0,1,1,6,2,40,7,1796,1,11,9,1
2014471401588,2,1,0,9,0,4,0,0,0,0,2,1,6,1,60,9,-1,-1,-1,5,1
2014471401589,1,9,0,18,0,0,0,0,0,0,3,1,2,1,50,8,1956,2,3,-1,-1
2014471401589,2,4,0,5,0,0,0,0,0,0,1,1,2,1,40,7,599,1,13,3,1
2014471401593,1,19,0,9,0,8,0,0,0,0,4,1,1,1,38,7,1998,2,8,5,1
2014471401593,2,2,0,18,0,8,0,0,1,0,1,1,2,2,54,8,49,1,2,6,1
2014471401597,1,9,0,18,0,0,0,0,0,0,1,1,6,1,66,10,-1,-1,-1,7,3
2014471401597,2,9,0,18,0,0,0,0,0,0,3,1,6,2,41,7,1996,1,12,9,1
2014471401599,1,19,0,18,0,4,0,0,0,0,1,1,6,1,30,6,1560,2,3,6,1
2014471401599,2,3,0,3,0,4,0,0,0,0,2,1,2,1,43,7,125,1,6,9,2
2014471401600,1,9,0,18,0,0,0,0,0,0,1,1,6,1,40,7,1149,1,10,3,1
2014471401601,1,9,0,18,0,0,0,0,0,0,3,1,6,2,31,6,1364,1,7,5,3
2014471401601,2,19,0,18,0,0,1,0,0,0,1,1,6,1,54,8,1896,2,11,10,3
2014471401602,1,9,0,14,0,2,0,0,0,0,4,1,6,2,22,5,1598,1,15,6,1
2014471401602,2,1,0,18,0,2,0,0,0,0,3,1,2,1,40,7,-1,-1,-1,8,1
2014471401606,1,9,0,2,0,1,0,0,0,0,3,1,6,1,60,9,1781,1,10,8,1
2014471401606,2,1,0,18,0,1,0,0,0,0,1,1,6,2,11,3,-1,-1,-1,9,1
2014471401609,1,9,0,17,0,8,1,0,2,4,4,1,2,2,22,5,1285,1,42,8,3
2014471401610,1,9,0,16,0,2,1,0,0,0,1,1,6,1,18,4,1242,1,8,6,2
2014471401610,2,9,0,17,0,1,0,0,0,0,0,1,6,1,65,9,1596,1,7,7,1
2014471401611,1,9,0,18,0,0,2,0,0,0,1,1,2,1,46,8,998,1,6,7,3
2014471401611,2,9,0,9,0,0,0,0,0,0,3,1,1,2,34,6,1596,1,11,4,1
2014471401613,1,9,0,7,0,8,0,0,0,0,1,1,6,3,68,10,-1,-1,-1,7,1
2014471401613,2,9,0,18,0,8,0,0,0,0,4,1,6,1,24,5,-1,-1,-1,5,1
2014471401616,1,9,0,17,0,0,2,0,1,11,3,1,2,2,22,5,1600,1,3,8,1
2014471401617,1,8,0,1,0,2,0,0,0,0,2,1,1,3,-1,-1,1997,2,4,-1,-1
2014471401617,2,9,0,3,0,2,0,0,0,0,1,1,6,1,23,5,-1,-1,-1,4,1
2014471401618,1,9,0,16,0,0,1,10,7,4,4,1,6,1,31,6,1398,2,10,9,2
2014471401618,2,9,0,18,0,0,0,0,0,0,1,1,6,1,25,5,1968,2,6,4,1
2014471401619,1,9,0,4,0,1,0,0,0,0,1,1,1,1,23,5,998,1,15,7,1
2014471401619,2,9,0,10,0,1,0,0,0,0,2,1,3,2,30,6,1360,1,11,4,1
2014471401620,1,9,4,18,0,0,0,0,0,0,3,1,6,1,50,8,-1,-1,-1,8,3
2014471401620,2,9,0,18,0,0,0,0,0,0,3,1,6,1,84,11,1798,1,7,4,3
2014471401621,1,9,0,9,0,8,0,0,0,0,1,1,6,2,67,10,1587,1,9,8,1
2014471401621,2,9,0,18,0,8,0,0,0,0,0,1,1,2,28,6,1596,1,11,9,1
2014471401622,1,9,0,17,0,0,0,0,1,11,1,1,6,1,18,4,1124,1,16,6,2
2014471401625,1,9,0,18,0,1,0,0,0,0,1,1,6,1,81,11,1769,1,11,6,3
2014471401625,2,19,0,4,0,1,0,0,0,0,2,1,6,1,53,8,1968,2,3,6,1
2014471401625,3,9,0,4,0,1,0,0,0,0,2,1,6,1,68,10,1461,2,4,5,1
2014471401625,4,9,0,4,0,1,0,0,0,0,2,1,6,2,50,8,1896,2,10,6,1
2014471401628,1,9,0,4,0,2,0,0,0,0,1,1,6,1,35,6,1229,1,8,3,1
2014471401628,2,9,0,3,0,2,0,0,0,0,2,1,6,1,22,5,1198,1,-1,6,2
2014471401628,3,9,0,3,0,2,0,0,0,0,2,1,6,2,35,6,2099,1,12,3,1
2014471401631,1,9,0,16,0,0,0,0,7,0,1,1,6,1,24,5,1998,2,8,2,1
2014471401631,2,9,0,18,0,0,0,0,1,0,1,1,1,1,42,7,898,1,1,-1,-1
2014471401635,1,1,0,18,0,2,0,0,0,0,1,1,6,1,17,4,-1,-1,-1,2,1
2014471401635,2,9,0,18,0,2,0,0,0,0,1,1,6,2,45,7,1299,1,10,7,1
2014471401637,1,9,0,18,0,0,0,0,0,0,4,1,6,1,64,9,-1,-1,-1,5,1
2014471401637,2,9,0,18,0,0,1,0,0,0,1,1,1,2,67,10,1298,1,9,6,3
2014471401637,3,9,0,2,0,0,0,0,0,0,4,1,6,3,-1,-1,1560,2,1,-1,-1
2014471401638,1,9,0,18,0,0,2,0,8,11,4,1,6,1,17,4,1527,2,17,6,3
2014471401638,2,9,0,18,0,0,0,0,0,0,4,1,6,2,50,8,2435,1,17,3,1
2014471401640,1,9,0,17,0,0,1,4,1,10,1,1,1,2,24,5,1799,1,16,10,1
2014471401640,2,9,0,2,0,0,0,0,1,0,2,1,6,3,-1,-1,1589,1,14,-1,-1
2014471401640,3,9,0,2,0,0,0,0,0,0,2,1,6,1,54,8,1995,2,16,1,1
2014471401641,1,9,0,18,0,1,0,0,0,0,1,1,1,1,44,7,2720,2,5,10,1
2014471401641,2,9,0,3,0,1,0,0,0,0,2,1,6,2,39,7,1248,2,1,9,2
2014471401643,1,9,0,1,8,0,0,0,0,0,2,1,6,3,-1,-1,2982,2,17,-1,-1
2014471401647,1,9,0,16,0,0,0,0,7,3,1,1,6,1,20,4,1149,1,13,6,2
2014471401650,1,19,0,18,0,0,1,0,0,0,0,1,6,1,26,6,2148,2,6,1,1
2014471401651,1,9,0,7,0,1,0,0,0,0,1,1,6,1,26,6,1596,1,15,3,1
2014471401651,2,9,0,18,0,8,1,0,0,0,4,1,6,1,41,7,1985,1,11,3,1
2014471401652,1,9,0,17,0,0,1,0,1,4,1,1,6,1,26,6,1199,1,11,2,1
2014471401655,1,1,0,18,0,6,0,0,0,0,0,1,6,1,15,3,-1,-1,-1,8,1
2014471401655,2,1,0,18,0,6,0,0,0,10,1,1,6,1,15,3,-1,-1,-1,-1,-1
2014471401655,3,11,0,18,2,1,0,0,0,0,0,1,1,1,69,10,11000,2,9,2,1
2014471401656,1,9,0,18,0,4,0,0,0,0,1,1,6,2,35,6,1995,2,10,8,1
2014471401656,2,1,0,18,0,8,0,0,0,0,4,1,6,1,19,4,-1,-1,-1,7,1
2014471401658,1,9,0,1,0,6,0,0,0,0,0,1,6,1,30,6,-1,-1,-1,-1,-1
2014471401658,2,4,0,4,0,1,1,0,0,0,0,1,1,1,27,6,124,1,6,3,1
2014471401659,1,9,0,18,0,1,0,0,0,0,1,1,2,2,30,6,1968,2,1,5,1
2014471401659,2,9,0,3,0,8,0,0,0,0,2,1,1,2,42,7,1896,2,11,8,1
2014471401659,3,9,0,10,0,8,0,0,0,0,2,1,2,2,22,5,1242,1,12,9,2
2014471401662,1,9,0,9,0,8,0,0,0,0,1,1,1,1,38,7,2495,1,13,3,1
2014471401663,1,9,0,9,0,5,0,0,0,0,1,1,3,1,78,11,1587,1,12,9,1
2014471401667,1,19,0,18,0,2,0,0,1,0,3,1,1,1,66,10,2500,2,6,10,1
2014471401669,1,9,0,18,0,0,1,0,1,4,1,1,6,1,46,8,1796,1,12,3,1
2014471401672,1,9,0,15,0,0,5,10,1,1,1,1,6,3,-1,-1,1896,1,17,-1,-1
2014471401673,1,9,0,1,0,0,0,0,0,0,2,1,6,2,44,7,1242,1,15,2,1
2014471401673,2,2,0,3,0,0,0,0,0,0,1,1,6,1,17,4,49,1,5,10,3
2014471401674,1,9,0,17,0,0,0,0,1,0,0,1,1,1,40,7,1991,2,4,9,1
2014471401678,1,11,0,5,0,4,0,0,0,0,4,1,1,1,46,8,3900,2,10,10,1
2014471401678,2,21,0,3,0,1,0,0,0,0,3,1,1,1,56,9,4580,2,7,4,1
2014471401679,1,8,0,9,0,2,0,0,0,0,1,1,1,1,63,9,1896,2,4,6,1
2014471401679,2,17,4,18,0,1,0,0,0,0,1,1,1,1,52,8,5883,2,9,9,3
2014471401680,1,9,0,18,0,8,0,0,0,0,1,1,2,2,45,7,1493,2,7,7,1
2014471401680,2,9,0,18,0,8,0,0,0,0,3,1,2,2,45,7,1248,2,8,3,1
2014471401682,1,19,0,18,0,0,0,0,0,0,3,1,1,1,29,6,1753,2,13,7,1
2014471401682,2,3,0,18,0,0,0,0,0,0,1,1,2,1,33,6,124,1,1,9,1
2014471401685,1,9,0,1,0,8,0,0,0,0,2,1,6,2,25,5,-1,-1,-1,-1,-1
2014471401686,1,9,0,9,0,8,0,0,0,0,1,1,2,2,24,5,1242,1,9,5,1
2014471401686,2,19,0,18,0,8,1,4,0,0,1,1,1,1,55,8,1998,2,11,2,1
2014471401686,3,9,0,2,0,8,0,0,0,0,4,1,6,3,-1,-1,1781,1,15,-1,-1
2014471401686,4,9,0,2,0,8,0,0,0,0,1,1,6,3,-1,-1,1597,1,12,-1,-1
2014471401688,1,9,0,12,0,0,0,0,0,0,3,1,1,1,44,7,2231,2,3,8,1
2014471401688,2,5,0,13,0,0,0,0,7,2,4,1,6,1,41,7,749,1,18,7,1
2014471401690,1,9,0,18,0,2,0,4,0,0,1,1,6,1,78,11,1590,1,13,6,1
2014471401690,2,9,0,2,0,2,0,10,1,0,2,1,6,3,-1,-1,1956,2,2,-1,-1
2014471401698,1,9,0,18,0,2,1,0,2,7,1,1,6,2,53,8,1339,1,8,9,1
2014471401701,1,11,0,5,0,2,0,0,0,0,0,1,1,1,40,7,9360,2,3,2,1
2014471401702,1,9,0,9,0,5,0,0,0,0,1,1,6,2,36,7,1598,1,12,5,1
2014471401702,2,9,0,18,0,8,0,0,0,0,1,1,6,2,32,6,1360,1,8,8,1
2014471401703,1,9,0,18,0,8,0,0,0,0,1,1,6,1,59,9,1388,1,10,6,1
2014471401703,2,9,0,18,0,8,0,0,0,0,1,1,6,2,40,7,1998,1,12,5,1
2014471401703,3,19,0,9,0,8,0,0,0,0,0,1,1,1,40,7,-1,-1,-1,-1,-1
2014471401705,1,1,0,18,9,0,1,0,1,0,1,1,6,1,11,3,-1,-1,-1,3,1
2014471401705,2,9,0,18,0,0,0,0,0,0,1,1,6,2,55,8,2148,2,8,7,1
2014471401707,1,9,0,4,0,1,0,10,0,1,0,1,6,1,84,11,973,1,11,8,3
2014471401713,1,9,0,1,0,1,0,0,0,0,2,1,1,1,42,7,1753,2,5,1,1
2014471401714,1,11,0,18,0,8,0,0,0,0,0,1,1,1,40,7,-1,-1,-1,6,1
2014471401715,1,9,0,5,0,6,0,0,0,0,1,1,6,1,19,4,998,1,5,6,3
2014471401715,2,9,0,18,0,1,0,0,0,0,3,1,6,2,75,10,1242,1,10,3,3
2014471401716,1,9,0,18,0,0,0,0,0,0,1,1,6,2,29,6,-1,-1,-1,6,1
2014471401716,2,9,0,7,0,0,0,0,1,11,2,1,6,1,44,7,1398,1,1,6,1
2014471401718,1,9,0,18,0,0,1,0,0,0,1,1,6,1,38,7,-1,-1,-1,10,1
2014471401722,1,9,0,9,0,8,0,0,0,0,3,1,6,2,21,5,1997,2,14,4,1
2014471401722,2,9,0,18,0,1,0,0,0,0,1,1,6,2,21,5,1598,1,21,8,1
2014471401722,3,19,0,2,0,2,0,0,0,0,0,1,6,3,-1,-1,-1,-1,-1,-1,-1
2014471401724,1,5,0,18,0,0,0,0,0,0,1,1,6,1,37,7,998,1,1,8,1
2014471401724,2,9,0,18,0,0,0,0,1,0,1,1,6,2,69,10,1986,2,9,9,3
2014471401727,1,9,0,6,0,8,0,0,7,0,1,1,6,1,60,9,1596,1,-1,8,1
2014471401727,2,9,0,13,0,8,1,0,7,0,1,1,1,1,43,7,1997,2,1,6,1
2014471401730,1,9,0,4,0,0,0,0,0,0,1,1,2,1,26,6,1560,2,2,9,1
2014471401730,2,9,0,4,0,0,0,0,0,0,2,1,6,2,22,5,1248,1,1,9,2
2014471401730,3,9,0,4,0,0,0,0,0,0,2,1,6,1,55,8,1998,2,7,10,1
2014471401731,1,19,0,4,0,0,0,0,0,0,1,1,1,1,46,8,1995,2,5,3,1
2014471401731,2,9,0,4,0,0,0,0,0,0,2,1,6,1,50,8,2183,2,3,4,1
2014471401735,1,11,0,18,2,8,0,0,0,0,0,1,6,1,51,8,9360,2,2,2,1
2014471401737,1,9,0,18,0,8,0,0,0,0,1,1,1,1,53,8,1995,1,5,3,1
2014471401737,2,9,0,18,0,8,0,0,0,0,2,1,6,2,64,9,1997,1,12,6,1
2014471401737,3,9,0,18,0,8,0,0,0,0,2,1,6,1,29,6,1910,2,8,7,1
2014471401737,4,9,0,2,6,8,0,0,0,0,0,1,1,1,27,6,1997,2,2,-1,1
2014471401741,1,9,0,18,0,1,0,0,0,0,1,1,6,1,40,7,1796,1,14,1,1
2014471401741,2,8,0,4,0,1,0,0,0,0,2,1,1,1,33,6,1905,2,16,3,1
2014471401744,1,9,0,9,0,5,0,0,0,0,1,1,3,2,30,6,1995,2,4,3,1
2014471401746,1,9,0,12,0,1,0,0,0,0,3,1,6,1,50,8,1995,1,10,9,3
2014471401746,2,9,0,18,0,1,0,0,0,0,1,1,6,2,22,5,998,1,12,7,1
2014471401750,1,9,0,17,0,0,0,0,0,0,1,1,2,1,34,6,2996,1,8,6,2
2014471401750,2,9,0,16,0,0,0,0,0,0,1,1,2,1,53,8,-1,-1,-1,4,2
2014471401751,1,1,0,18,0,8,0,0,0,0,1,1,6,1,27,6,-1,-1,-1,8,1
2014471401751,2,9,0,9,0,8,0,0,0,0,3,1,6,1,75,10,1796,1,10,5,1
2014471401752,1,9,0,18,0,1,0,0,0,0,1,1,6,2,30,6,1240,1,11,5,1
2014471401752,2,9,0,18,0,1,0,0,0,0,3,1,6,1,24,5,1796,1,13,3,1
2014471401758,1,19,0,18,0,0,0,0,0,0,1,1,6,1,-1,-1,1968,2,4,-1,3
2014471401758,2,9,0,3,0,0,0,0,0,0,2,1,6,2,70,10,1461,2,4,8,3
2014471401758,3,9,0,3,0,0,0,0,0,0,2,1,6,1,57,9,5462,1,7,1,1
2014471401758,4,9,0,9,0,0,0,0,0,0,0,1,6,1,-1,-1,-1,-1,-1,-1,-1
2014471401760,1,19,0,18,0,0,0,0,0,0,1,1,6,1,25,5,1870,2,11,3,1
2014471401760,2,9,0,3,0,0,0,0,0,0,2,1,6,2,25,5,1124,1,10,6,1
2014471401761,1,19,0,1,0,1,0,0,0,0,2,1,1,1,46,8,1995,2,7,10,1
2014471401763,1,9,0,1,0,6,0,0,0,0,2,1,6,2,66,10,1956,2,5,7,1
2014471401763,2,9,0,18,0,1,0,0,1,4,1,1,2,2,45,7,1199,1,14,2,1
2014471401765,1,19,0,7,0,8,0,0,0,0,1,1,1,1,28,6,1995,2,7,7,1
2014471401765,2,9,0,18,0,8,0,0,0,0,1,1,6,1,45,7,1910,2,10,9,3
2014471401766,1,9,0,18,0,1,0,0,0,0,1,1,6,1,77,11,1596,1,1,9,1
2014471401766,2,9,0,4,0,1,0,0,0,0,2,1,6,2,60,9,1796,1,3,6,1
2014471401766,3,9,0,4,0,1,0,0,0,0,2,1,2,1,30,6,2231,2,9,7,1
2014471401767,1,9,0,18,0,0,0,0,1,6,1,1,6,1,24,5,2198,1,10,5,1
2014471401769,1,9,0,18,0,1,0,0,0,0,1,1,6,1,51,8,1598,1,13,4,1
2014471401772,1,9,0,5,0,4,0,0,0,0,3,1,6,2,44,7,1390,1,15,3,1
2014471401772,2,1,0,18,0,8,0,0,0,0,1,1,6,1,45,7,-1,-1,-1,10,1
2014471401776,1,9,0,17,0,1,0,0,1,0,1,1,6,1,86,11,1596,1,12,10,2
2014471401784,1,9,0,16,0,0,0,10,7,0,1,1,2,1,23,5,2497,1,12,3,1
2014471401784,2,9,0,18,0,0,0,0,1,0,3,1,6,1,20,4,1199,1,11,2,1
2014471401787,1,9,0,18,0,8,0,0,0,0,4,1,6,2,41,7,1596,1,6,2,1
2014471401789,1,9,0,18,0,0,1,0,1,7,2,1,2,1,26,6,1587,1,16,5,1
2014471401789,2,9,0,18,0,0,0,0,0,0,1,1,1,1,45,7,1086,1,3,4,1
2014471401790,1,21,0,18,0,0,0,0,0,0,0,1,6,1,37,7,3920,2,12,5,1
2014471401790,2,9,0,13,0,0,0,0,0,0,0,1,2,2,27,6,1242,1,7,5,1
2014471401792,1,9,0,7,0,5,0,0,0,0,4,1,6,1,27,6,1668,1,12,4,1
2014471401792,2,1,0,18,4,1,0,0,0,0,3,1,1,1,35,6,-1,-1,-1,8,1
2014471401795,1,8,0,13,0,1,0,0,0,0,4,1,1,1,45,7,1560,2,4,5,1
2014471401795,2,1,0,18,0,1,0,0,0,0,4,1,6,1,37,7,-1,-1,-1,4,1
2014471401796,1,11,0,18,2,0,0,0,0,0,1,1,1,1,66,10,6370,2,4,6,1
2014471401797,1,1,0,18,0,1,0,0,0,0,1,1,6,1,7,2,-1,-1,-1,3,1
2014471401797,2,8,0,18,0,1,0,0,0,0,4,1,1,1,48,8,1910,2,9,6,1
2014471401798,1,5,0,13,0,8,1,0,0,0,1,1,6,1,54,8,1050,1,5,8,2
2014471401798,2,9,0,9,0,1,0,0,0,0,4,1,6,1,80,11,2400,2,4,7,3
2014471401799,1,9,0,3,0,3,0,0,0,0,2,1,6,1,43,7,1998,2,8,3,1
2014471401799,2,2,0,3,0,3,0,0,0,0,2,1,6,1,17,4,124,1,1,3,1
2014471401800,1,9,0,18,0,0,0,0,0,0,1,1,6,1,23,5,1598,1,7,9,1
2014471401800,2,9,0,18,0,0,0,0,0,0,1,1,6,2,76,11,1198,1,7,9,1
2014471401801,1,9,0,18,0,8,0,0,0,0,1,1,6,2,69,10,1248,1,3,5,1
2014471401802,1,5,0,18,0,3,1,0,0,0,3,1,1,1,39,7,999,1,5,8,1
2014471401803,1,9,0,5,0,0,0,0,0,0,1,1,1,3,-1,-1,-1,-1,-1,9,2
2014471401808,1,9,0,9,0,0,0,0,0,0,4,1,6,2,82,11,1339,1,9,8,1
2014471401808,2,1,0,18,0,0,0,0,0,0,3,1,6,1,45,7,-1,-1,-1,6,1
2014471401810,1,9,0,5,0,8,0,0,0,0,1,1,6,2,28,6,1910,2,9,4,1
2014471401810,2,9,0,18,0,1,0,0,0,0,1,1,6,2,48,8,1591,1,2,6,1
2014471401812,1,9,0,9,0,5,0,0,0,0,3,1,6,1,74,10,1240,1,7,9,1
2014471401812,2,9,0,13,0,8,0,0,1,9,4,1,6,1,26,6,1332,1,16,8,3
2014471401813,1,9,0,5,0,0,0,0,0,0,1,1,6,1,31,6,1388,1,11,9,1
2014471401813,2,3,0,18,0,0,0,0,0,0,1,1,6,1,26,6,124,1,13,9,3
2014471401814,1,11,0,18,0,0,0,0,0,0,0,1,1,1,58,9,9000,2,8,2,1
2014471401814,2,9,0,4,0,0,0,0,0,0,0,1,6,3,20,4,-1,-1,-1,-1,-1
2014471401816,1,9,0,12,0,3,0,0,0,0,3,1,6,2,40,7,1600,2,3,9,1
2014471401816,2,9,0,9,0,3,0,0,0,0,4,1,6,1,50,8,1798,1,13,4,1
2014471401817,1,9,0,12,0,0,0,0,0,0,1,1,6,1,43,7,1197,1,2,5,1
2014471401817,2,9,0,18,0,0,0,0,0,0,2,1,6,2,30,6,1997,2,6,8,1
2014471401818,1,9,0,17,0,0,0,4,0,0,1,1,6,1,41,7,1341,1,11,3,1
2014471401818,2,21,1,2,0,0,0,0,0,0,2,1,1,1,47,8,12130,2,11,6,3
2014471401821,1,9,0,12,0,8,0,0,0,0,1,1,6,1,32,6,1796,1,13,1,1
2014471401821,2,9,0,16,0,8,0,0,0,0,1,1,6,1,39,7,1781,1,15,5,1
2014471401822,1,9,0,18,0,0,0,0,0,0,1,1,6,1,31,6,1988,1,14,1,1
2014471401822,2,9,0,18,0,0,0,0,0,0,2,1,6,1,35,6,1948,1,16,6,1
2014471401824,1,9,0,18,0,4,1,0,0,0,4,1,6,2,41,7,1598,1,4,6,1
2014471401824,2,9,0,9,0,4,0,0,0,0,1,2,6,2,32,6,1796,1,9,2,1
2014471401830,1,8,0,6,0,8,0,0,0,0,3,1,1,1,53,8,-1,-1,-1,4,1
2014471401830,2,9,0,13,0,8,0,0,0,0,1,1,6,1,37,7,2993,2,3,4,1
2014471401832,1,5,0,13,0,0,1,0,0,0,1,1,6,1,64,9,999,1,2,7,3
2014471401832,2,9,0,18,0,0,0,0,0,0,3,1,6,1,43,7,1716,2,14,2,1
2014471401832,3,9,0,18,0,0,0,0,0,0,4,1,6,2,56,9,1598,1,3,9,1
2014471401833,1,9,0,9,0,3,1,10,8,10,1,1,6,2,39,7,1108,1,15,3,1
2014471401833,2,9,0,18,0,1,0,0,0,0,1,1,6,1,33,6,1149,1,3,4,2
2014471401836,1,9,0,16,0,8,2,0,1,11,4,1,6,1,18,4,1388,1,10,1,1
2014471401838,1,9,0,18,0,8,0,0,0,0,1,1,6,1,83,11,1598,1,8,5,3
2014471401838,2,9,0,18,0,8,0,0,0,0,3,1,6,2,25,5,1299,1,13,7,1
2014471401840,1,1,0,18,0,8,0,0,0,0,1,1,4,1,12,3,-1,-1,-1,1,1
2014471401840,2,9,0,18,0,1,0,0,0,0,4,1,6,1,46,8,-1,-1,-1,4,1
2014471401841,1,9,0,5,0,4,0,0,0,0,1,1,2,1,46,8,1598,1,10,7,1
2014471401841,2,1,0,18,0,8,0,0,0,0,4,1,1,1,38,7,-1,-1,-1,4,1
2014471401842,1,9,0,18,0,3,1,0,1,2,3,1,6,1,18,4,1242,1,14,8,1
2014471401844,1,9,0,16,0,8,0,0,0,0,0,1,6,3,-1,-1,-1,-1,-1,-1,-1
2014471401844,2,9,0,17,0,8,0,0,1,4,1,1,6,1,37,7,1997,1,13,9,1
2014471401845,1,9,0,18,0,1,5,0,1,3,1,1,2,2,32,6,1896,2,9,10,1
2014471401849,1,9,0,3,0,4,0,0,0,0,1,1,6,1,25,5,1596,1,10,8,1
2014471401849,2,9,0,3,0,4,0,0,0,0,2,1,6,2,21,5,1240,1,11,10,2
2014471401850,1,1,0,18,0,1,0,0,0,0,3,1,6,2,30,6,-1,-1,-1,3,1
2014471401850,2,9,0,4,0,1,0,0,0,0,1,1,6,1,36,7,1560,2,3,5,3
2014471401854,1,5,0,18,0,0,0,0,1,0,1,1,6,1,30,6,599,1,6,10,1
2014471401855,1,9,0,18,0,0,5,0,2,4,1,1,6,1,21,5,1149,1,10,6,1
2014471401859,1,2,0,18,0,0,0,7,0,0,1,1,1,1,18,4,124,1,-1,5,1
2014471401860,1,9,0,9,0,2,0,0,0,0,3,1,2,1,53,8,1596,1,13,6,1
2014471401860,2,1,0,18,4,1,0,0,0,0,1,1,6,2,30,6,-1,-1,-1,-1,1
2014471401862,1,9,0,17,0,0,0,0,1,0,1,1,6,2,27,6,1796,1,13,10,1
2014471401863,1,3,0,15,0,1,0,0,7,0,3,1,6,1,17,4,125,1,1,7,3
2014471401863,2,17,4,9,0,1,0,0,0,0,3,1,1,1,41,7,6702,2,4,6,3
2014471401866,1,5,0,18,0,0,0,12,0,0,1,1,6,1,45,7,1200,1,15,6,3
2014471401867,1,9,0,16,0,0,2,0,2,10,3,1,6,1,22,5,1360,1,13,9,2
2014471401868,1,9,0,6,0,6,1,7,4,6,1,1,6,1,18,4,1124,1,12,10,1
2014471401869,1,11,0,7,0,8,0,0,0,0,4,1,1,1,49,8,9000,2,6,9,1
2014471401872,1,9,0,16,0,0,0,0,0,0,1,1,2,1,23,5,1995,1,9,10,1
2014471401872,2,9,0,17,0,0,5,0,1,0,1,1,2,1,63,9,1596,1,10,7,1
2014471401876,1,9,0,18,0,0,0,0,0,0,1,1,6,2,40,7,2720,2,8,9,3
2014471401876,2,9,0,18,0,0,0,0,0,0,4,1,6,2,37,7,1360,1,9,9,3
2014471401879,1,9,0,18,0,0,0,0,0,0,1,1,6,1,19,4,1242,1,10,9,1
2014471401879,2,9,0,18,0,0,1,0,0,0,2,1,6,1,57,9,1598,1,7,9,3
2014471401884,1,9,0,7,0,6,0,0,0,0,1,1,6,2,61,9,1242,1,12,2,1
2014471401888,1,9,0,18,0,4,0,0,0,0,1,1,6,1,53,8,1596,1,9,3,1
2014471401888,2,19,0,4,0,4,0,0,0,0,2,1,1,1,52,8,1753,2,4,-1,-1