Accident_Index,Vehicle_Reference,Vehicle_Type,Towing_and_Articulation,Vehicle_Manoeuvre,Vehicle_Location-Restricted_Lane,Junction_Location,Skidding_and_Overturning,Hit_Object_in_Carriageway,Vehicle_Leaving_Carriageway,Hit_Object_off_Carriageway,1st_Point_of_Impact,Was_Vehicle_Left_Hand_Drive?,Journey_Purpose_of_Driver,Sex_of_Driver,Age_of_Driver,Age_Band_of_Driver,Engine_Capacity_(CC),Propulsion_Code,Age_of_Vehicle,Driver_IMD_Decile,Driver_Home_Area_Type
2014471402440,1,9,0,7,0,0,0,0,0,0,2,1,6,1,27,6,-1,-1,-1,9,1
2014471402440,2,3,0,18,0,0,0,0,0,0,1,1,6,1,20,4,-1,-1,-1,10,3
2014471402441,1,9,0,13,0,0,0,0,0,0,0,1,6,2,21,5,1199,1,12,10,2
2014471402441,2,9,0,18,0,0,1,0,1,0,4,1,6,1,18,4,1275,1,-1,10,2
2014471402441,3,9,0,18,0,0,0,0,0,0,3,1,6,1,64,9,1560,2,2,8,1
2014471402442,1,5,0,18,0,1,1,0,2,10,1,1,6,1,54,8,1299,1,11,9,1
2014471402444,1,8,0,9,0,6,0,0,0,0,1,1,1,1,24,5,1598,1,6,1,1
2014471402444,2,3,0,16,0,8,0,0,7,0,1,1,6,1,21,5,125,1,3,-1,1
2014471402445,1,9,0,11,0,3,0,0,0,0,4,1,6,2,61,9,1956,2,1,3,1
2014471402445,2,5,0,18,0,3,0,0,0,0,1,1,6,1,43,7,899,1,14,7,1
2014471402446,1,9,0,18,0,1,1,0,0,0,1,1,6,1,57,9,1896,2,9,10,1
2014471402446,2,19,4,18,0,1,0,0,0,0,2,1,6,1,59,9,2402,2,5,6,1
2014471402446,3,9,0,10,0,5,0,0,0,0,0,1,6,3,-1,-1,-1,-1,-1,-1,-1
2014471402446,4,9,0,18,0,1,0,0,0,0,0,1,6,3,-1,-1,-1,-1,-1,-1,-1
2014471402447,1,9,0,9,0,6,0,0,0,0,3,1,6,1,25,5,2204,2,7,3,1
2014471402447,2,5,0,18,0,8,0,0,0,0,1,1,6,1,37,7,999,1,1,8,2
2014471402448,1,9,0,5,0,0,0,0,0,0,1,1,6,1,24,5,1598,1,11,8,1
2014471402448,2,1,0,18,0,0,0,0,0,0,1,1,6,1,31,6,-1,-1,-1,4,1
2014471402451,1,9,0,9,0,8,0,0,0,0,4,1,1,1,28,6,-1,-1,-1,6,1
2014471402451,2,9,0,18,0,8,0,0,0,0,3,1,2,2,39,7,1587,1,9,5,1
2014471402452,1,9,0,18,0,4,0,0,0,0,3,1,6,1,30,6,1590,1,15,5,2
2014471402452,2,1,0,18,0,8,0,0,0,0,2,1,6,1,30,6,-1,-1,-1,5,1
2014471402453,1,1,0,18,0,0,0,0,0,0,1,1,6,1,46,8,-1,-1,-1,6,1
2014471402455,1,9,0,5,0,0,0,0,0,0,1,1,1,1,36,7,1248,2,2,4,2
2014471402455,2,9,0,3,0,0,0,0,0,0,2,1,1,2,51,8,1598,1,9,9,1
2014471402456,1,9,0,9,0,6,5,0,0,0,3,1,6,2,29,6,796,1,13,5,1
2014471402456,2,9,0,18,0,8,0,0,0,0,1,1,6,1,65,9,1360,1,14,7,3
2014471402459,1,9,0,10,0,6,0,0,0,0,1,1,6,1,50,8,2143,2,1,6,1
2014471402459,2,5,0,4,0,1,0,0,0,0,1,1,6,1,46,8,1352,1,4,10,1
2014471402460,1,9,0,5,0,8,0,0,0,0,1,1,6,2,54,8,2985,2,8,6,3
2014471402460,2,5,0,18,0,8,0,0,0,0,1,1,6,1,54,8,750,1,47,5,1
2014471402460,3,5,0,18,0,8,0,0,0,0,2,1,6,1,57,9,-1,-1,-1,3,1
2014471402461,1,9,0,9,0,6,0,0,0,0,3,1,6,1,46,8,1898,1,14,-1,1
2014471402461,2,1,0,18,0,1,0,0,0,0,1,1,6,1,47,8,-1,-1,-1,1,1
2014471402462,1,8,0,13,0,2,0,0,0,0,4,1,1,1,44,7,1956,2,5,2,1
2014471402462,2,1,0,17,0,2,0,0,0,0,3,1,6,2,27,6,-1,-1,-1,7,1
2014471402463,1,19,0,9,0,2,0,0,0,0,3,1,1,1,25,5,1248,2,1,7,1
2014471402463,2,9,0,18,0,1,0,0,0,0,1,1,6,1,53,8,4398,1,11,5,1
2014471402463,3,9,0,18,0,1,0,0,0,0,1,1,2,2,33,6,1796,1,15,6,1
2014471402464,1,9,0,18,0,1,0,0,0,0,1,1,1,1,30,6,-1,-1,-1,9,1
2014471402464,2,9,0,4,0,4,0,0,0,0,2,1,2,2,25,5,1297,1,14,6,1
2014471402465,1,8,0,9,0,6,0,0,0,0,3,1,6,1,41,7,1560,2,1,4,1
2014471402465,2,3,0,18,0,1,0,0,0,0,1,1,6,1,17,4,124,1,13,1,1
2014471402466,1,9,0,17,0,0,0,0,2,3,1,1,6,2,67,10,1896,2,7,8,1
2014471402467,1,9,0,8,0,1,0,0,0,0,2,1,6,1,25,5,-1,-1,-1,6,2
2014471402467,2,19,0,18,0,1,0,0,0,0,1,1,1,1,60,9,-1,-1,-1,7,2
2014471402468,1,21,1,9,0,3,0,0,0,0,3,2,1,1,45,7,-1,-1,-1,-1,-1
2014471402468,2,9,0,18,0,3,0,0,0,0,1,1,1,2,21,5,-1,-1,-1,5,1
2014471402469,1,9,0,18,0,0,0,0,0,0,1,1,6,2,89,11,1396,1,13,6,1
2014471402469,2,9,0,18,0,0,0,0,0,0,2,1,6,2,45,7,989,1,10,8,1
2014471402470,1,8,0,5,0,6,0,0,0,0,1,1,1,1,66,10,1598,2,2,3,1
2014471402470,2,2,0,18,0,1,0,0,0,0,1,1,6,1,16,4,49,1,8,1,1
2014471402472,1,1,0,18,5,0,1,0,0,0,4,1,6,1,34,6,-1,-1,-1,5,1
2014471402472,2,9,0,18,0,0,0,0,0,0,0,1,2,2,50,8,1910,2,5,7,1
2014471402473,1,3,0,18,0,0,0,0,0,0,1,1,6,2,54,8,108,1,5,-1,2
2014471402473,2,9,0,3,0,0,0,0,0,0,2,1,6,2,34,6,1686,2,-1,5,3
2014471402479,1,5,0,18,0,0,1,0,0,0,4,1,6,1,36,7,749,1,10,3,3
2014471402481,1,5,0,18,0,0,0,0,0,0,3,1,2,1,34,6,645,1,7,2,1
2014471402481,2,9,0,18,0,0,1,0,0,6,3,1,2,1,45,7,1997,2,6,7,1
2014471402481,3,19,0,18,0,0,0,0,0,0,0,1,2,1,55,8,2198,2,-1,3,1
2014471402482,1,9,0,18,0,0,0,0,0,0,1,1,2,1,46,8,2179,2,2,9,1
2014471402482,2,9,0,18,0,0,0,0,0,0,2,1,2,1,40,7,1794,1,9,9,2
2014471402482,3,9,0,18,0,0,0,0,0,0,2,1,2,1,43,7,1560,2,4,6,3
2014471402484,1,4,0,18,0,1,0,11,0,0,1,1,2,1,38,7,124,1,7,1,1
2014471402485,1,9,0,18,0,0,0,0,1,11,1,1,6,1,19,4,1598,1,13,3,1
2014471402485,2,9,0,18,0,0,0,0,0,0,1,1,6,2,50,8,1461,2,7,10,1
2014471402488,1,9,0,18,0,0,0,0,0,0,1,1,3,1,50,8,1968,2,2,9,1
2014471402489,1,9,0,5,0,4,0,0,0,0,1,1,6,1,29,6,1242,1,16,6,1
2014471402489,2,9,0,3,0,4,0,0,0,0,2,1,6,1,43,7,2496,1,9,-1,1
2014471402490,1,11,0,18,0,1,0,0,0,0,1,1,6,1,30,6,-1,-1,-1,-1,-1
2014471402491,1,19,0,18,0,0,0,0,7,0,1,1,6,1,28,6,2999,2,4,2,1
2014471402491,2,9,0,6,0,0,0,0,0,0,3,1,6,1,60,9,1242,1,12,7,2
2014471402492,1,9,0,18,0,0,0,0,0,0,4,2,6,2,30,6,-1,-1,-1,-1,-1
2014471402493,1,9,0,5,0,4,0,0,0,0,1,1,2,2,37,7,1399,2,7,1,1
2014471402493,2,1,0,9,0,8,0,0,0,0,1,1,2,2,21,5,-1,-1,-1,7,1
2014471402495,1,9,0,17,0,0,0,0,0,0,1,1,6,2,32,6,1596,1,9,5,2
2014471402495,2,9,0,16,0,0,0,0,1,0,1,1,6,2,60,9,1968,2,6,6,2
2014471402497,1,9,0,7,0,6,0,0,0,0,1,1,6,1,35,6,1598,1,5,10,1
2014471402498,1,9,0,18,0,0,0,0,0,0,1,1,6,1,38,7,3999,1,6,10,3
2014471402498,2,9,0,18,0,0,0,0,1,0,3,1,6,2,22,5,1242,1,15,3,1
2014471402500,1,9,0,17,0,0,1,4,1,0,2,1,1,1,23,5,2793,1,15,2,1
2014471402500,2,9,0,2,0,0,0,0,0,0,2,1,6,3,-1,-1,1995,2,1,-1,-1
2014471402501,1,9,0,18,0,1,0,0,0,0,1,1,6,3,-1,-1,-1,-1,-1,-1,-1
2014471402502,1,19,0,18,0,0,0,0,0,0,3,1,6,3,20,4,1868,2,9,1,1
2014471402502,2,9,0,18,0,0,0,0,0,0,1,1,1,2,28,6,1951,2,10,6,1
2014471402504,1,9,0,9,0,8,0,0,0,0,3,1,6,2,31,6,1781,1,9,4,1
2014471402504,2,9,0,18,0,8,0,0,0,0,4,1,6,1,50,8,1997,1,13,5,1
2014471402507,1,9,0,16,0,0,0,0,7,9,1,1,6,1,67,10,1984,1,13,3,3
2014471402508,1,9,0,4,0,0,0,0,0,0,1,1,6,2,57,9,1999,1,11,10,1
2014471402509,1,9,0,9,0,8,0,0,0,0,4,1,6,2,23,5,1299,1,17,3,1
2014471402509,2,9,0,18,0,8,0,0,0,0,1,1,6,2,63,9,1870,2,6,10,1
2014471402510,1,9,0,16,0,1,0,0,0,0,3,1,6,2,48,8,1587,1,11,3,1
2014471402510,2,4,0,18,0,1,0,0,0,0,3,1,6,1,61,9,-1,-1,-1,2,1
2014471402511,1,9,0,16,0,0,0,0,7,3,1,1,6,1,67,10,1388,1,5,8,3
2014471402513,1,19,0,18,0,1,0,0,0,0,1,1,1,1,35,6,1896,2,10,2,1
2014471402513,2,9,0,10,0,1,0,0,0,0,2,1,6,2,45,7,1242,1,11,6,1
2014471402514,1,9,0,9,0,5,0,0,0,0,4,1,6,1,60,9,1796,1,8,9,1
2014471402514,2,9,0,18,0,1,1,0,0,0,1,1,6,2,36,7,998,1,14,3,1
2014471402515,1,9,0,7,0,8,0,0,0,0,4,1,6,2,24,5,2521,1,7,8,3
2014471402515,2,1,0,18,0,1,0,0,0,0,1,1,6,1,29,6,-1,-1,-1,6,3
2014471402518,1,9,0,9,0,8,0,0,1,0,3,1,6,1,34,6,-1,-1,-1,3,1
2014471402518,2,9,0,18,0,8,0,0,0,0,1,1,6,1,32,6,2319,1,19,4,1
2014471402519,1,9,0,18,0,2,1,0,0,0,3,1,6,1,55,8,1598,2,-1,6,1
2014471402519,2,9,0,4,0,1,0,0,0,0,3,1,2,2,22,5,1299,1,10,9,1
2014471402520,1,9,0,18,0,8,0,0,7,2,4,1,2,1,29,6,1596,1,13,6,1
2014471402520,2,9,0,18,0,8,0,0,0,0,1,1,6,1,34,6,1968,2,4,4,1
2014471402521,1,9,0,4,0,0,0,10,7,11,1,1,6,2,74,10,1596,1,7,4,2
2014471402523,1,9,0,9,0,5,0,0,0,0,3,1,6,1,40,7,1749,1,13,-1,-1
2014471402523,2,1,0,18,0,1,0,0,0,0,1,1,6,1,25,5,-1,-1,-1,6,3
2014471402524,1,9,0,18,0,4,0,0,0,0,1,1,6,1,67,10,1998,1,11,8,1
2014471402525,1,9,0,18,0,0,0,4,0,0,1,1,6,1,65,9,1497,8,1,9,2
2014471402525,2,9,0,2,0,0,0,0,0,0,1,1,6,3,-1,-1,1560,2,7,-1,-1
2014471402526,1,9,0,16,0,0,0,10,1,4,1,1,6,2,82,11,998,1,17,7,3
2014471402527,1,5,0,13,0,8,0,0,0,0,1,1,6,1,57,9,-1,-1,-1,-1,-1
2014471402527,2,9,0,9,0,8,0,0,0,0,3,1,3,2,46,8,1840,1,12,6,3
2014471402528,1,4,0,9,0,3,0,0,0,0,3,1,6,1,29,6,865,1,5,3,1
2014471402529,1,9,0,17,0,0,1,0,6,1,4,1,2,2,27,6,1124,1,6,4,1
2014471402529,2,9,0,18,0,0,0,0,1,0,1,1,2,1,45,7,2184,2,8,8,3
2014471402530,1,9,0,18,0,0,0,0,2,4,1,1,6,2,21,5,1391,1,18,7,3
2014471402531,1,9,0,18,0,1,0,0,0,0,1,1,6,1,25,5,1596,1,7,4,1
2014471402531,2,9,0,4,0,1,0,0,0,0,2,1,6,2,50,8,1796,1,2,3,1
2014471402532,1,9,0,16,0,0,0,0,2,4,1,1,6,2,31,6,1360,1,12,8,1
2014471402532,2,19,0,18,0,0,0,0,1,0,1,1,6,1,57,9,1461,2,1,6,1
2014471402533,1,9,0,18,0,1,0,0,0,0,1,1,6,1,40,7,1248,1,2,-1,-1
2014471402533,2,9,0,3,0,1,0,0,0,0,2,1,6,2,39,7,999,1,6,6,1
2014471402537,1,9,0,18,0,0,0,0,0,0,1,1,6,1,48,8,1840,1,12,10,1
2014471402537,2,9,0,18,0,0,0,0,0,0,1,1,6,1,49,8,2198,2,6,9,1
2014471402538,1,9,0,9,0,5,0,0,0,0,1,1,6,2,40,7,1396,1,16,2,1
2014471402538,2,1,0,4,0,1,0,0,0,0,1,1,6,1,48,8,-1,-1,-1,3,1
2014471402539,1,9,0,5,0,6,0,0,0,0,4,1,6,2,77,11,1587,1,7,9,3
2014471402539,2,9,3,17,0,1,0,0,0,0,1,1,6,1,70,10,4172,1,11,8,2
2014471402541,1,9,0,18,0,8,0,0,0,0,1,1,6,1,27,6,1332,1,9,4,1
2014471402541,2,3,0,9,0,8,0,0,0,0,1,1,6,1,24,5,124,1,4,7,1
2014471402543,1,1,0,18,0,0,0,0,0,0,3,1,6,1,18,4,-1,-1,-1,2,1
2014471402543,2,9,0,18,0,0,0,0,0,0,1,1,6,2,27,6,1999,1,7,5,1
2014471402544,1,9,0,18,0,8,0,0,0,0,1,1,6,1,34,6,-1,-1,-1,6,1
2014471402544,2,1,0,18,0,1,1,0,0,0,1,1,6,1,19,4,-1,-1,-1,3,1
2014471402544,3,9,0,2,0,1,0,0,0,0,2,1,6,3,-1,-1,998,1,1,-1,-1
2014471402546,1,9,0,16,0,0,0,0,0,0,4,1,6,2,51,8,1299,1,13,1,1
2014471402547,1,19,0,13,0,1,0,0,0,0,0,1,6,1,30,6,2143,2,3,-1,-1
2014471402547,2,9,0,18,0,1,0,0,0,0,0,1,6,1,50,8,-1,-1,-1,-1,-1
2014471402547,3,9,0,18,0,1,0,0,0,0,0,1,6,2,51,8,1997,2,1,4,1
2014471402548,1,9,0,7,0,8,0,0,0,0,0,1,6,3,20,4,-1,-1,-1,-1,-1
2014471402548,2,11,0,5,0,1,0,0,0,0,0,1,1,1,28,6,-1,-1,-1,2,1
2014471402549,1,9,0,18,0,8,0,0,0,0,1,1,6,1,32,6,1896,2,7,6,1
2014471402549,2,1,0,10,0,8,0,0,0,0,3,1,6,1,22,5,-1,-1,-1,9,1
2014471402550,1,9,0,13,0,1,0,0,0,0,0,1,6,2,19,4,1560,2,1,7,3
2014471402550,2,1,0,7,0,1,0,0,0,0,0,1,6,1,23,5,-1,-1,-1,5,1
2014471402551,1,9,0,18,0,0,0,7,0,0,1,1,6,1,51,8,1398,2,10,5,1
2014471402553,1,9,0,16,0,1,0,0,0,0,1,1,6,1,31,6,2188,2,15,3,1
2014471402553,2,9,0,18,0,8,0,0,0,0,4,1,6,1,18,4,1198,1,2,10,1
2014471402554,1,9,0,18,0,1,0,0,0,0,0,1,6,3,25,5,-1,-1,-1,-1,-1
2014471402554,2,9,0,18,0,1,5,0,2,10,4,1,6,2,25,5,1390,1,17,8,1
2014471402555,1,9,0,4,0,0,0,0,0,0,1,1,6,1,60,9,2495,2,20,8,3
2014471402556,1,9,0,6,0,0,0,0,0,0,1,1,6,2,22,5,1108,1,11,-1,1
2014471402556,2,5,0,18,0,0,0,0,0,0,4,1,6,1,57,9,1450,1,9,3,1
2014471402557,1,9,0,17,0,0,2,0,1,0,4,1,6,1,34,6,1242,1,12,-1,-1
2014471402557,2,9,0,17,0,0,0,0,0,0,0,1,1,1,30,6,2993,2,1,5,1
2014471402558,1,9,0,13,0,1,1,0,7,9,1,1,6,1,69,10,2521,1,6,9,1
2014471402558,2,9,0,10,0,6,0,0,0,0,1,1,6,1,34,6,1364,2,6,8,3
2014471402559,1,9,0,18,0,1,0,0,0,0,1,1,6,1,70,10,1598,1,5,2,1
2014471402559,2,9,0,4,0,1,0,0,0,0,2,1,6,2,43,7,1399,1,8,5,3
2014471402559,3,9,0,4,0,1,0,0,0,0,2,1,6,1,33,6,-1,-1,-1,8,1
2014471402561,1,9,0,4,0,2,0,0,0,0,1,1,6,2,43,7,1999,1,14,5,1
2014471402561,2,9,0,3,0,2,0,0,0,0,3,1,6,1,40,7,2494,1,12,3,1
2014471402562,1,9,0,9,0,8,0,0,0,0,4,1,6,2,59,9,1360,1,4,6,1
2014471402562,2,21,1,18,0,8,0,0,0,0,3,1,1,1,42,7,10837,2,7,8,1
2014471402563,1,9,0,18,0,1,0,0,0,0,4,1,6,1,60,9,-1,-1,-1,-1,-1
2014471402563,2,1,0,18,0,1,0,0,0,0,0,1,6,1,30,6,-1,-1,-1,5,1
2014471402565,1,9,0,18,0,0,2,0,1,10,1,1,2,2,17,4,1390,1,14,10,2
2014471402566,1,9,0,17,0,0,0,0,0,0,1,1,6,1,28,6,1798,1,12,4,1
2014471402566,2,5,0,16,0,0,0,0,0,0,1,1,6,1,33,6,656,1,7,10,1
2014471402567,1,9,0,18,0,0,0,0,7,3,1,1,6,2,57,9,1560,2,1,7,1
2014471402569,1,9,0,7,0,2,0,0,0,0,0,1,6,1,30,6,1988,1,10,5,1
2014471402571,1,19,0,18,0,1,0,0,0,0,0,1,6,1,27,6,1896,2,6,4,1
2014471402572,1,9,0,5,0,3,0,0,0,0,1,1,6,3,-1,-1,-1,-1,-1,-1,-1
2014471402572,2,9,0,5,0,3,1,10,0,0,3,1,6,1,20,4,1199,1,10,4,1
2014471402575,1,9,0,18,0,8,0,0,0,0,1,1,6,1,93,11,1598,1,11,5,1
2014471402575,2,9,0,18,0,8,0,0,0,0,2,1,2,2,56,9,1199,1,15,9,1
2014471402575,3,9,0,7,0,6,0,0,0,0,0,1,1,1,-1,-1,1997,2,-1,4,1
2014471402576,1,9,0,18,0,3,0,0,0,0,1,1,6,1,43,7,-1,-1,-1,6,1
2014471402576,2,9,0,4,0,3,0,0,0,0,2,1,6,1,79,11,1753,2,6,9,2
2014471402582,1,9,0,2,0,0,0,0,0,0,3,1,6,1,20,4,1396,1,11,-1,-1
2014471402582,2,1,0,18,0,0,0,0,0,0,1,1,6,1,15,3,-1,-1,-1,4,1
2014471402584,1,9,0,17,0,0,0,0,0,0,1,1,6,2,50,8,-1,-1,-1,-1,-1
2014471402585,1,1,0,18,4,1,0,0,0,0,1,1,6,1,29,6,-1,-1,-1,9,1
2014471402585,2,19,0,18,0,6,0,0,0,0,3,1,1,1,36,7,1560,2,-1,5,1
2014471402586,1,9,0,4,0,0,0,2,0,6,1,1,2,2,30,6,1598,2,3,9,1
2014471402586,2,9,0,4,0,0,0,0,0,0,2,1,2,2,33,6,-1,-1,-1,4,1
2014471402587,1,9,0,18,0,1,0,0,0,0,4,1,6,1,30,6,1596,1,11,3,1
2014471402590,1,8,0,9,0,2,0,0,0,0,0,1,6,1,50,8,-1,-1,-1,-1,-1
2014471402590,2,3,0,18,0,2,0,0,0,0,0,1,6,2,28,6,-1,-1,-1,1,1
2014471402594,1,5,0,16,0,0,1,4,0,0,1,1,6,1,62,9,675,1,5,8,3
2014471402594,2,21,0,2,0,0,0,0,0,0,2,1,6,3,-1,-1,-1,-1,-1,-1,-1
2014471402596,1,11,0,18,0,0,0,0,0,0,0,1,1,1,38,7,9000,2,5,6,1
2014471402597,1,9,0,7,0,5,0,0,1,11,1,1,6,2,40,7,1198,1,10,7,1
2014471402601,1,9,0,13,0,0,0,0,1,0,3,1,6,1,28,6,-1,-1,-1,2,1
2014471402601,2,9,0,18,0,0,0,0,1,0,3,1,6,2,27,6,1199,1,15,1,1
2014471402601,3,9,0,18,0,0,0,0,0,0,1,1,6,1,49,8,1242,1,16,5,1
2014471402601,4,9,0,18,0,0,0,0,0,0,2,1,6,1,39,7,1560,2,1,6,1
2014471402602,1,9,0,18,0,4,1,9,3,1,1,1,2,1,42,7,1968,2,-1,8,1
2014471402602,2,9,0,18,0,8,0,0,0,0,3,1,2,1,48,8,2979,1,10,9,1
2014471402602,3,9,0,18,0,4,0,0,0,0,0,1,2,1,43,7,1968,2,-1,6,1
2014471402602,4,9,0,18,0,4,0,0,0,0,0,1,2,1,33,6,1968,2,-1,9,3
2014471402603,1,9,0,18,0,8,0,0,1,0,1,1,6,2,72,10,1595,1,8,10,3
2014471402603,2,9,0,18,0,8,0,0,7,0,1,1,6,2,74,10,1984,1,9,10,1
2014471402604,1,4,0,16,0,0,0,12,1,0,1,1,6,1,36,7,599,1,16,6,1
2014471402606,1,9,0,18,0,0,0,0,7,10,1,1,6,1,93,11,1591,1,7,7,1
2014471402606,2,9,0,2,0,0,0,0,0,0,4,1,6,3,-1,-1,2960,1,20,-1,-1
2014471402608,1,11,0,5,0,2,0,0,0,0,0,1,1,1,44,7,9000,2,6,2,1
2014471402609,1,9,0,13,0,8,0,0,7,0,4,1,1,1,-1,-1,1997,2,1,6,1
2014471402609,2,19,0,9,0,8,0,0,7,0,3,1,1,1,36,7,1995,2,5,7,3
2014471402611,1,9,0,17,0,0,2,0,1,0,3,1,6,2,18,4,1149,1,15,5,1
2014471402612,1,9,0,4,9,6,0,0,0,0,4,1,6,1,55,8,-1,-1,-1,6,1
2014471402612,2,1,0,18,9,1,0,0,0,0,1,1,2,1,22,5,-1,-1,-1,3,1
2014471402616,1,19,0,18,0,0,0,0,0,0,1,1,6,1,53,8,1968,2,2,6,3
2014471402616,2,1,0,18,0,0,0,0,0,0,3,1,6,1,49,8,-1,-1,-1,7,1
2014471402617,1,19,0,18,0,1,0,0,0,0,1,1,6,1,40,7,2151,2,12,5,1
2014471402617,2,9,0,3,0,1,0,0,0,0,2,1,2,1,33,6,1397,1,12,4,1
2014471402618,1,9,0,5,0,2,0,0,0,0,1,1,6,1,54,8,1679,1,14,1,1
2014471402618,2,9,0,4,0,3,0,0,0,0,1,1,6,1,80,11,-1,-1,-1,3,1
2014471402618,3,9,0,7,0,2,0,0,0,0,0,1,6,1,70,10,2987,2,2,9,1
2014471402620,1,9,0,18,0,1,0,0,0,0,0,1,6,1,79,11,-1,-1,-1,8,1
2014471402622,1,1,0,18,0,1,0,0,0,0,1,1,6,1,11,3,-1,-1,-1,1,1
2014471402622,2,19,0,16,0,1,0,0,0,0,4,2,2,1,25,5,2000,2,12,6,1
2014471402623,1,9,0,18,0,0,0,0,0,0,1,1,6,1,33,6,1598,1,8,5,1
2014471402626,1,17,0,9,0,5,0,0,0,0,3,1,1,1,67,10,-1,-1,-1,9,3
2014471402626,2,9,0,13,0,8,0,0,7,11,4,1,1,1,57,9,1762,1,15,10,1
2014471402628,1,9,0,18,0,6,0,0,0,0,1,1,6,1,35,6,1598,1,11,10,3
2014471402630,1,9,0,1,0,0,0,0,0,0,2,1,6,2,24,5,1586,1,9,6,1
2014471402631,1,9,0,18,0,0,0,0,1,0,1,1,6,3,-1,-1,-1,-1,-1,-1,-1
2014471402634,1,11,0,5,0,1,0,0,0,0,1,1,1,1,45,7,6700,2,6,3,1
2014471402635,1,9,0,7,0,1,1,0,0,0,1,1,6,1,72,10,2446,2,22,9,3
2014471402635,2,9,0,10,0,1,0,0,0,0,3,1,6,2,23,5,1598,2,-1,9,3
2014471402636,1,19,0,18,0,1,0,0,0,0,1,1,6,1,20,4,2499,2,7,9,1
2014471402636,2,9,0,8,0,1,0,0,0,0,2,1,6,2,48,8,1796,1,12,10,1
2014471402638,1,9,0,7,4,6,0,0,0,0,1,1,2,1,29,6,1596,1,11,6,3
2014471402638,2,1,0,18,4,8,0,0,7,0,1,1,6,1,19,4,-1,-1,-1,6,1
2014471402641,1,1,0,18,9,1,0,0,0,0,3,1,6,1,11,3,-1,-1,-1,6,1
2014471402641,2,19,0,4,0,1,0,0,0,0,1,1,6,1,30,6,-1,-1,-1,-1,-1
2014471402643,1,9,0,18,0,8,0,0,3,0,3,1,6,2,19,4,1124,1,11,8,3
2014471402643,2,9,0,18,0,1,0,0,0,0,1,1,6,1,66,10,1395,1,-1,7,1
2014471402644,1,19,0,18,0,0,0,0,0,0,0,1,6,3,-1,-1,-1,-1,-1,-1,-1
2014471402644,2,9,0,18,0,0,0,11,0,0,1,1,6,1,36,7,1598,1,10,-1,-1
2014471402645,1,3,0,18,0,0,0,0,0,0,1,1,2,1,33,6,124,1,14,10,1
2014471402645,2,9,0,18,0,0,0,0,0,0,2,1,6,2,49,8,2967,2,7,3,1
2014471402646,1,19,0,18,0,1,1,0,0,0,1,1,1,1,25,5,2148,2,9,5,1
2014471402646,2,9,0,10,0,1,0,0,7,0,2,1,6,1,65,9,1349,1,4,9,2
2014471402647,1,19,0,1,0,0,0,0,0,0,2,1,1,1,22,5,2494,2,11,2,1
2014471402647,2,9,0,3,0,0,0,0,0,0,1,1,1,1,34,6,1560,2,8,4,2
2014471402648,1,9,0,18,0,8,0,0,0,0,3,1,6,2,53,8,1984,1,4,6,3
2014471402648,2,9,0,18,0,8,0,0,0,0,1,1,6,2,56,9,1781,1,10,6,3
2014471402649,1,3,0,18,0,1,0,0,0,0,2,1,2,1,34,6,124,1,18,4,1
2014471402649,2,9,0,4,0,1,0,0,0,0,1,1,2,2,24,5,998,1,5,7,1
2014471402653,1,8,0,9,0,8,0,0,0,0,3,1,1,2,44,7,1998,2,9,5,1
2014471402653,2,9,4,18,0,8,0,0,0,0,1,1,1,1,50,8,2495,2,10,5,3
2014471402654,1,9,0,18,0,0,0,0,0,0,4,1,6,3,-1,-1,1242,1,15,-1,-1
2014471402656,1,9,0,13,0,8,0,0,0,0,4,1,6,1,92,11,1341,1,13,5,1
2014471402656,2,1,0,18,0,8,0,0,0,0,1,1,6,1,54,8,-1,-1,-1,7,1
2014471402657,1,1,0,18,0,2,0,0,0,0,0,1,6,1,50,8,-1,-1,-1,6,1
2014471402659,1,8,0,7,0,4,0,0,0,0,1,1,1,1,60,9,1896,2,4,10,1
2014471402659,2,1,0,7,0,4,0,0,0,0,3,1,2,1,42,7,-1,-1,-1,2,1
2014471402661,1,1,0,18,5,0,0,0,0,0,1,1,6,1,21,5,-1,-1,-1,5,1
2014471402661,2,9,0,3,9,0,0,0,0,0,0,1,6,2,22,5,1242,1,12,6,1
2014471402662,1,9,0,9,0,8,0,0,0,0,1,1,1,2,28,6,1995,2,4,10,2
2014471402662,2,5,0,18,0,8,0,0,0,0,1,1,6,1,52,8,1450,1,12,2,1
2014471402663,1,5,0,18,0,8,1,0,0,0,1,1,6,1,33,6,1198,1,5,6,3
2014471402663,2,9,0,9,0,8,0,0,0,0,4,1,6,2,55,8,3628,2,4,7,3
2014471402664,1,9,0,18,0,8,0,0,0,0,0,2,6,1,19,4,-1,-1,-1,-1,-1
2014471402664,2,3,0,18,0,8,0,10,3,0,1,1,6,1,21,5,124,1,2,7,1
2014471402665,1,9,0,6,0,8,0,0,0,0,3,1,6,1,34,6,1798,1,6,4,1
2014471402665,2,1,0,18,0,1,0,0,0,0,1,1,6,1,17,4,-1,-1,-1,1,1