Accident_Index,Vehicle_Reference,Vehicle_Type,Towing_and_Articulation,Vehicle_Manoeuvre,Vehicle_Location-Restricted_Lane,Junction_Location,Skidding_and_Overturning,Hit_Object_in_Carriageway,Vehicle_Leaving_Carriageway,Hit_Object_off_Carriageway,1st_Point_of_Impact,Was_Vehicle_Left_Hand_Drive?,Journey_Purpose_of_Driver,Sex_of_Driver,Age_of_Driver,Age_Band_of_Driver,Engine_Capacity_(CC),Propulsion_Code,Age_of_Vehicle,Driver_IMD_Decile,Driver_Home_Area_Type
2014471402934,3,9,0,2,0,8,0,0,0,0,1,1,6,3,-1,-1,998,1,1,-1,-1
2014471402935,1,5,0,18,0,0,0,2,0,0,1,1,1,1,26,6,499,1,12,1,1
2014471402937,1,9,0,18,0,4,0,0,0,0,2,1,2,1,32,6,1998,2,9,8,1
2014471402937,2,9,0,5,0,4,0,0,0,0,1,1,2,2,34,6,1976,1,4,10,1
2014471402937,3,9,0,4,0,4,0,0,0,0,2,1,2,1,30,6,2497,2,8,4,1
2014471402938,1,9,0,16,0,0,0,0,7,9,2,1,6,2,33,6,1995,1,12,7,1
2014471402939,1,9,0,1,0,0,0,0,0,0,2,1,6,1,29,6,1242,1,15,7,3
2014471402942,1,11,0,3,0,4,0,0,0,0,0,1,1,1,22,5,9000,2,5,2,1
2014471402942,2,9,0,18,0,1,0,0,0,0,0,1,6,1,40,7,-1,-1,-1,-1,-1
2014471402944,1,9,0,18,0,8,0,0,0,0,3,1,6,2,66,10,1796,1,6,8,1
2014471402944,2,9,0,18,0,8,0,0,0,0,2,1,6,2,23,5,1360,1,11,6,1
2014471402946,1,9,0,18,0,2,0,0,0,0,4,1,6,2,47,8,1390,1,13,6,2
2014471402947,1,9,0,9,0,4,0,0,0,0,0,1,6,1,35,6,1198,1,11,10,1
2014471402947,2,3,0,18,0,8,1,0,0,0,3,1,2,1,18,4,125,1,10,8,3
2014471402948,1,9,0,4,0,4,0,0,0,0,1,1,6,2,20,4,1248,2,7,9,1
2014471402948,2,9,0,4,0,4,0,0,0,0,2,1,6,1,57,9,1560,2,1,8,1
2014471402949,1,9,0,18,0,1,0,0,0,0,1,2,6,1,30,6,-1,-1,-1,-1,-1
2014471402949,2,3,0,8,0,1,0,0,0,0,2,1,6,2,42,7,125,1,7,8,1
2014471402952,1,9,0,13,0,0,0,0,0,0,4,1,6,2,18,4,1796,1,14,6,2
2014471402952,2,9,0,18,0,0,0,0,0,0,3,1,6,1,51,8,1968,2,2,9,1
2014471402956,1,9,0,18,0,8,0,0,0,0,1,1,6,2,26,6,1248,1,1,5,2
2014471402956,2,9,0,18,0,8,0,0,0,0,3,1,6,1,56,9,1781,1,6,9,1
2014471402957,1,9,0,4,0,6,0,0,0,0,1,1,6,1,20,4,2393,1,12,-1,-1
2014471402957,2,9,0,3,0,2,0,0,0,0,2,1,6,1,58,9,1396,1,14,8,1
2014471402958,1,19,0,18,0,1,0,0,0,0,1,1,2,1,39,7,2198,2,2,5,1
2014471402958,2,9,0,18,0,1,0,10,0,0,2,1,2,2,21,5,1910,2,9,5,1
2014471402959,1,9,0,9,0,8,0,0,1,0,3,1,6,1,37,7,1988,1,15,6,1
2014471402959,2,9,0,18,0,1,0,0,0,0,1,1,6,1,55,8,2946,1,12,2,1
2014471402959,3,9,0,18,0,1,0,0,0,0,1,1,6,1,28,6,-1,-1,-1,3,1
2014471402960,1,9,0,18,0,0,0,0,0,0,1,1,6,2,30,6,1275,1,14,4,1
2014471402960,2,9,0,2,0,0,0,0,0,0,2,1,6,3,-1,-1,1595,1,4,-1,-1
2014471402963,1,19,0,18,0,8,0,0,0,0,1,1,2,1,35,6,2300,2,9,6,1
2014471402963,2,9,0,10,0,8,0,0,0,0,2,1,6,2,48,8,1497,1,9,8,2
2014471402965,1,9,0,18,0,0,0,0,0,6,3,1,6,1,25,5,1596,1,9,2,1
2014471402967,1,1,0,18,0,1,0,0,0,0,1,1,6,1,22,5,-1,-1,-1,-1,-1
2014471402967,2,9,0,18,0,1,0,0,0,0,1,1,6,2,32,6,2401,2,11,8,1
2014471402968,1,9,0,18,0,8,0,0,0,0,1,1,6,2,39,7,1598,2,1,10,1
2014471402968,2,1,0,18,0,8,0,0,0,0,4,1,2,1,41,7,-1,-1,-1,5,1
2014471402972,1,3,0,17,0,0,0,0,0,0,1,1,6,1,33,6,125,1,4,6,1
2014471402976,1,9,0,9,0,8,0,0,0,0,4,1,6,2,40,7,1398,2,9,6,2
2014471402976,2,9,0,18,0,8,0,0,0,0,1,1,6,1,37,7,1199,1,15,6,2
2014471402978,1,9,0,9,0,1,0,0,0,0,1,1,6,1,63,9,-1,-1,-1,9,2
2014471402978,2,9,0,18,0,1,0,0,0,0,1,1,6,1,26,6,1598,1,14,-1,1
2014471402980,1,9,0,18,0,8,0,0,0,0,1,1,6,2,71,10,-1,-1,-1,7,1
2014471402981,1,9,0,18,0,2,1,0,0,0,1,1,6,1,21,5,2500,2,15,9,3
2014471402981,2,19,0,18,0,1,1,0,0,0,1,1,6,1,31,6,2460,2,5,9,1
2014471402983,1,9,0,18,0,8,0,0,7,4,1,1,6,2,19,4,-1,-1,-1,9,3
2014471402985,1,9,0,10,0,1,0,0,0,0,1,1,6,1,72,10,1975,1,13,3,1
2014471402985,2,9,0,18,0,1,0,0,0,0,3,1,6,2,22,5,1598,1,11,7,1
2014471402985,3,9,0,4,0,1,0,0,0,0,1,1,6,1,26,6,1896,2,14,3,1
2014471402986,1,9,0,9,0,8,0,0,0,0,4,1,6,1,26,6,2498,2,17,-1,3
2014471402986,2,1,0,17,0,8,0,0,0,0,1,1,6,1,69,10,-1,-1,-1,6,1
2014471402987,1,8,0,2,0,2,0,0,0,0,0,1,1,1,47,8,1896,2,4,6,1
2014471402987,2,1,0,18,0,2,0,8,0,0,1,1,2,1,23,5,-1,-1,-1,-1,1
2014471402988,1,9,0,9,0,8,1,0,0,0,4,1,6,1,43,7,1198,1,-1,1,1
2014471402988,2,1,0,18,0,8,1,0,0,0,1,1,6,1,31,6,-1,-1,-1,1,1
2014471402989,1,9,0,5,0,4,0,0,0,0,3,1,6,1,24,5,1396,1,17,7,1
2014471402989,2,5,0,5,0,4,1,0,1,10,1,1,2,1,60,9,-1,-1,-1,9,1
2014471402992,1,9,0,18,0,1,0,0,0,0,1,1,1,1,36,7,796,1,12,6,1
2014471402992,2,9,0,18,0,1,0,0,0,0,2,1,6,1,27,6,1117,1,33,6,1
2014471402995,1,9,0,4,0,8,0,0,0,0,1,1,6,1,80,11,1396,1,10,9,1
2014471402995,2,9,0,2,0,8,0,0,0,0,2,1,6,2,41,7,2179,2,-1,1,1
2014471402996,1,9,0,13,0,0,0,0,0,0,0,1,6,3,-1,-1,-1,-1,-1,-1,-1
2014471402996,2,9,0,13,0,0,2,0,7,4,4,1,2,1,21,5,1248,2,7,2,1
2014471402996,3,9,0,18,0,0,0,0,0,0,0,1,6,1,64,9,-1,-1,-1,8,1
2014471402996,4,9,0,18,0,0,0,0,0,0,0,1,2,1,57,9,1997,2,11,7,1
2014471402998,1,1,0,18,0,4,0,0,0,0,1,1,6,1,40,7,-1,-1,-1,-1,-1
2014471402998,2,9,0,16,0,3,0,0,0,0,2,1,6,2,50,8,799,2,1,7,2
2014471402999,1,9,0,5,0,8,0,0,0,0,3,1,1,1,51,8,1392,1,16,4,1
2014471402999,2,3,0,18,0,8,0,0,0,0,1,1,6,1,17,4,125,1,-1,8,1
2014471403000,1,9,0,5,0,6,0,0,0,0,1,1,6,2,21,5,1149,1,12,4,1
2014471403000,2,1,0,18,4,1,0,0,0,0,1,1,1,1,55,8,-1,-1,-1,8,1
2014471403001,1,9,0,9,0,6,0,0,0,0,1,1,6,1,31,6,1598,1,7,10,1
2014471403001,2,3,0,9,0,8,0,0,0,0,3,1,2,1,25,5,124,1,9,9,2
2014471403004,1,9,0,18,0,0,0,0,0,0,1,1,6,1,82,11,973,1,16,5,1
2014471403004,2,9,0,2,0,0,0,0,0,0,2,1,6,3,-1,-1,1968,1,8,-1,-1
2014471403004,3,9,0,2,0,0,0,0,0,0,2,1,6,3,-1,-1,1796,1,13,-1,-1
2014471403005,1,11,0,5,0,1,0,0,0,0,0,1,1,1,30,6,-1,-1,-1,4,1
2014471403005,2,9,0,8,0,5,0,0,0,0,0,1,6,1,30,6,-1,-1,-1,-1,-1
2014471403006,1,9,0,18,0,0,0,0,7,0,3,1,6,1,38,7,2400,2,4,6,1
2014471403006,2,9,0,18,0,0,0,0,0,0,3,1,6,2,55,8,1397,1,5,10,1
2014471403008,1,9,0,10,0,2,0,0,0,0,3,1,6,1,62,9,1997,2,12,2,1
2014471403008,2,5,0,18,0,1,0,0,0,0,1,1,6,1,53,8,-1,-1,-1,4,1
2014471403009,1,9,0,18,0,8,0,0,0,0,4,1,6,2,79,11,1339,1,8,6,1
2014471403009,2,1,0,18,0,8,0,0,0,0,2,1,6,2,28,6,-1,-1,-1,2,1
2014471403011,1,11,0,4,0,1,0,0,0,0,0,1,6,1,33,6,4760,2,2,2,1
2014471403012,1,19,0,18,0,1,0,0,0,0,1,1,6,1,45,7,2198,2,6,4,1
2014471403014,1,9,0,18,0,8,0,0,7,11,1,1,6,3,-1,-1,2494,1,14,-1,-1
2014471403014,2,8,0,18,0,8,0,0,0,0,1,1,1,1,42,7,1910,2,6,2,1
2014471403015,1,9,0,9,0,6,0,0,0,0,3,1,6,1,50,8,1596,1,4,5,3
2014471403015,2,5,0,17,0,8,1,0,0,0,1,1,6,1,56,9,750,1,14,5,1
2014471403016,1,9,0,4,0,0,0,0,0,0,4,1,6,2,49,8,1242,1,4,6,3
2014471403016,2,1,0,11,0,0,0,0,0,0,1,1,6,1,46,8,-1,-1,-1,1,1
2014471403017,1,9,0,18,0,8,0,0,0,0,1,1,6,1,87,11,1299,1,12,6,1
2014471403017,2,9,0,18,0,8,0,0,0,0,2,1,6,2,49,8,1968,2,4,8,1
2014471403020,1,9,0,16,0,0,0,0,0,0,1,1,6,2,63,9,1248,1,2,4,3
2014471403020,2,9,0,17,0,0,0,0,0,0,1,1,6,2,39,7,1799,1,8,5,2
2014471403021,1,21,1,18,0,0,0,0,0,0,4,1,6,3,40,7,-1,-1,-1,-1,-1
2014471403021,2,9,0,18,0,0,0,0,0,0,3,1,2,2,53,8,1598,1,6,5,1
2014471403023,1,1,0,18,0,8,0,0,0,0,0,1,6,1,79,11,-1,-1,-1,4,1
2014471403025,1,1,0,18,5,0,0,0,0,0,1,1,6,2,54,8,-1,-1,-1,6,1
2014471403026,1,19,0,18,0,1,0,0,0,0,1,1,6,3,-1,-1,2798,2,10,-1,-1
2014471403026,2,19,0,18,0,1,0,0,0,0,1,1,1,1,50,8,1968,2,4,10,1
2014471403028,1,9,0,18,0,1,0,0,0,0,1,1,6,2,31,6,1968,2,7,6,1
2014471403028,2,9,0,3,0,1,0,0,0,0,2,1,6,1,48,8,-1,-1,-1,5,3
2014471403028,3,19,0,10,0,1,0,0,0,0,2,1,1,1,20,4,2402,2,10,9,1
2014471403029,1,8,0,17,0,8,0,0,3,10,4,1,1,1,37,7,1896,2,5,-1,1
2014471403031,1,9,0,17,0,0,0,0,0,0,0,1,6,1,24,5,-1,-1,-1,-1,-1
2014471403031,2,9,0,16,0,0,0,0,7,11,2,1,6,1,23,5,1895,1,15,6,1
2014471403032,1,9,0,4,0,1,0,0,0,0,1,1,6,1,82,11,1390,1,23,3,1
2014471403032,2,9,0,4,0,1,0,0,0,0,2,1,6,1,23,5,1598,1,9,5,1
2014471403033,1,19,0,5,0,0,0,0,0,0,0,1,6,1,50,8,1753,2,7,8,1
2014471403033,2,4,0,18,0,0,1,4,0,0,1,1,6,1,27,6,125,1,-1,8,1
2014471403033,3,9,0,2,0,0,0,0,0,0,0,1,6,2,20,4,1598,1,10,5,1
2014471403034,1,21,1,18,0,1,1,0,0,0,1,1,1,1,56,9,12740,2,3,4,1
2014471403037,1,9,0,18,0,0,0,0,0,0,1,1,6,1,24,5,1495,1,12,7,1
2014471403037,2,9,0,4,0,0,0,0,0,0,2,1,6,2,25,5,1360,1,14,1,1
2014471403037,3,9,0,4,0,0,0,0,0,0,2,1,6,2,27,6,1598,1,10,3,1
2014471403037,4,9,0,4,0,0,0,0,0,0,2,1,6,2,24,5,1398,2,12,5,1
2014471403038,1,9,0,7,0,6,0,0,0,0,1,1,6,2,53,8,1796,7,9,3,1
2014471403038,2,9,4,4,0,1,0,0,0,0,1,1,6,1,40,7,1997,2,2,-1,1
2014471403039,1,9,0,5,0,0,0,0,0,0,3,1,6,1,77,11,1149,1,6,7,1
2014471403039,2,19,0,18,0,0,0,0,0,0,1,1,6,1,49,8,2798,2,9,5,3
2014471403040,1,9,0,18,0,6,0,0,0,0,3,1,6,1,31,6,4197,1,8,3,3
2014471403040,2,9,0,18,0,1,0,0,0,0,0,1,6,3,-1,-1,-1,-1,-1,-1,-1
2014471403040,3,9,0,18,0,1,0,0,0,0,1,1,6,2,68,10,1360,1,11,6,3
2014471403043,1,9,0,18,2,1,0,0,0,0,0,1,1,1,30,6,1997,2,2,6,1
2014471403043,2,1,0,18,0,1,0,0,0,0,0,1,6,1,23,5,-1,-1,-1,5,1
2014471403044,1,9,0,18,0,1,1,0,0,0,1,1,6,2,21,5,1199,1,12,3,1
2014471403044,2,9,0,3,0,1,0,0,0,0,2,1,6,1,18,4,973,1,11,1,1
2014471403044,3,9,0,3,0,1,0,0,0,0,2,1,6,1,34,6,1896,2,13,4,3
2014471403045,1,9,0,2,0,0,0,0,0,0,3,1,6,1,73,10,1390,1,10,9,1
2014471403045,2,1,0,18,0,0,0,4,0,0,1,1,2,1,41,7,-1,-1,-1,9,1
2014471403048,1,9,0,5,0,0,0,0,0,0,1,1,1,2,27,6,998,1,12,3,1
2014471403053,1,9,0,1,0,0,0,0,0,0,2,1,6,1,53,8,1997,2,8,-1,-1
2014471403054,1,9,0,9,0,8,0,0,0,0,1,1,6,2,31,6,1388,1,9,6,1
2014471403054,2,9,0,18,0,8,0,0,1,0,1,1,6,2,71,10,1198,1,12,3,3
2014471403055,1,9,0,18,0,0,0,0,0,0,1,1,6,1,31,6,1390,1,11,8,1
2014471403055,2,9,0,3,0,0,0,0,0,0,2,1,6,2,38,7,1796,1,9,7,1
2014471403055,3,9,0,3,0,0,0,0,0,0,2,1,6,2,35,6,1198,1,-1,8,1
2014471403056,1,9,0,7,0,6,0,0,0,0,0,1,6,3,-1,-1,-1,-1,-1,-1,-1
2014471403056,2,11,0,5,0,6,0,0,0,0,0,1,1,1,25,5,11967,2,6,3,1
2014471403057,1,9,0,18,9,8,0,0,0,0,1,1,6,2,75,10,1242,1,2,7,1
2014471403057,2,1,0,18,9,8,0,0,0,0,3,1,2,1,24,5,-1,-1,-1,7,1
2014471403058,1,8,0,6,0,2,0,0,0,0,1,1,1,1,50,8,2499,2,3,1,1
2014471403058,2,1,0,14,0,2,0,0,0,0,4,1,4,1,16,4,-1,-1,-1,4,1
2014471403059,1,9,0,5,0,0,0,0,0,0,3,1,6,1,36,7,1991,1,14,3,1
2014471403059,2,1,0,18,0,0,0,0,0,0,1,1,6,1,16,4,-1,-1,-1,8,1
2014471403060,1,9,0,13,0,0,0,0,0,0,2,1,6,1,20,4,1596,1,8,7,3
2014471403060,2,5,0,13,0,0,1,0,7,0,1,1,6,1,31,6,599,1,5,5,1
2014471403060,3,9,0,18,0,0,0,0,0,0,0,1,6,2,54,8,1242,1,2,-1,1
2014471403061,1,9,0,18,0,0,0,0,0,0,4,1,6,1,53,8,1968,2,1,6,3
2014471403062,1,9,0,9,0,8,0,0,0,0,4,1,6,1,40,7,-1,-1,-1,-1,-1
2014471403062,2,3,0,18,0,1,0,0,0,0,0,1,1,1,58,9,1298,1,15,8,1
2014471403066,1,1,0,18,0,1,0,0,0,0,1,1,6,1,27,6,-1,-1,-1,1,1
2014471403066,2,9,0,10,0,5,0,0,0,0,4,1,2,2,47,8,1998,1,9,9,1
2014471403066,3,11,0,2,0,1,0,0,0,0,0,1,1,3,-1,-1,-1,-1,-1,-1,-1
2014471403067,1,1,0,9,0,3,0,0,0,0,3,1,6,1,19,4,-1,-1,-1,9,1
2014471403067,2,9,0,18,0,3,0,0,0,0,3,1,6,1,86,11,1328,1,10,4,1
2014471403069,1,9,0,18,0,0,5,0,0,10,4,1,6,1,19,4,1389,1,16,6,1
2014471403072,1,9,0,7,0,1,0,0,0,0,0,1,6,3,-1,-1,-1,-1,-1,-1,-1
2014471403072,2,11,0,18,0,1,0,0,0,0,0,1,1,1,48,8,9000,2,5,3,1
2014471403074,1,9,0,5,0,8,0,0,0,0,3,1,4,2,18,4,1360,1,12,6,3
2014471403074,2,3,0,18,0,8,0,0,0,0,4,1,2,1,29,6,124,1,2,10,1
2014471403077,1,11,0,5,2,1,0,0,0,0,0,1,1,1,61,9,9360,2,1,3,1
2014471403080,1,9,0,18,0,4,0,0,0,0,1,1,6,1,45,7,1968,2,8,9,1
2014471403080,2,1,0,18,0,3,0,0,0,0,4,1,6,1,42,7,-1,-1,-1,9,1
2014471403081,1,9,0,9,0,6,0,0,1,0,3,1,6,1,40,7,2315,1,32,7,3
2014471403081,2,9,0,16,0,1,0,0,0,0,1,1,6,1,54,8,1390,1,13,8,2
2014471403082,1,9,0,18,0,1,0,0,0,0,1,1,6,3,-1,-1,1800,1,14,-1,-1
2014471403082,2,9,0,10,0,2,0,0,0,0,2,1,6,2,62,9,1995,2,9,1,1
2014471403084,1,9,0,9,0,8,0,0,0,0,3,1,6,1,29,6,1124,1,14,7,3
2014471403084,2,9,0,18,0,8,0,0,0,0,1,1,6,1,50,8,1910,2,10,8,1
2014471403085,1,9,0,5,0,0,0,0,0,0,1,1,6,1,79,11,1796,1,12,8,1
2014471403085,2,9,0,3,0,0,0,0,0,0,2,1,6,2,63,9,-1,-1,-1,6,1
2014471403085,3,9,0,3,0,0,0,0,0,0,1,1,6,2,35,6,1976,1,4,6,1
2014471403086,1,9,0,18,0,0,0,0,0,0,4,1,6,1,42,7,1598,1,13,2,1
2014471403086,2,1,0,18,0,0,0,0,0,0,2,1,1,2,31,6,-1,-1,-1,4,1
2014471403087,1,19,0,18,0,4,0,0,0,0,1,1,1,1,67,10,2143,2,4,3,1
2014471403087,2,9,0,9,0,8,0,0,0,0,4,1,6,1,40,7,1560,2,5,7,1
2014471403089,1,9,0,7,0,5,0,0,0,0,4,1,1,2,41,7,1598,2,1,8,2
2014471403089,2,1,0,15,4,1,0,0,0,0,3,1,1,1,30,6,-1,-1,-1,2,1
2014471403091,1,9,0,1,0,1,0,0,0,0,2,1,6,1,58,9,2967,2,1,6,1
2014471403091,2,9,0,3,0,1,0,0,0,0,3,1,6,1,48,8,1896,2,13,2,1
2014471403092,1,9,0,6,0,0,0,0,0,0,3,1,6,1,56,9,-1,-1,-1,3,2
2014471403092,2,5,0,18,0,0,0,0,0,0,4,1,6,1,19,4,498,1,17,6,1
2014471403093,1,19,0,18,0,0,0,0,0,0,1,1,6,1,30,6,2463,2,11,6,1
2014471403093,2,9,0,3,0,0,0,0,0,0,2,1,6,2,34,6,1461,2,4,4,1
2014471403095,1,9,0,18,0,0,0,0,7,0,1,1,6,1,35,6,-1,-1,-1,-1,-1
2014471403099,1,9,0,18,0,0,0,0,0,0,1,2,1,1,55,8,1998,2,9,5,3
2014471403099,2,11,0,2,0,0,0,0,1,0,0,1,1,3,-1,-1,-1,-1,-1,-1,-1
2014471403100,1,9,0,8,0,6,0,0,0,0,1,1,2,1,41,7,2993,2,5,10,1
2014471403101,1,2,0,18,0,0,0,0,1,0,4,1,2,1,18,4,49,1,1,8,1
2014471403101,2,9,0,13,0,0,0,0,0,0,0,1,6,3,-1,-1,-1,-1,-1,-1,-1
2014471403102,1,19,0,18,0,2,0,0,0,0,4,1,6,1,24,5,2198,2,1,10,1
2014471403103,1,9,0,18,0,8,0,0,0,0,1,1,6,2,18,4,1124,1,12,9,1
2014471403103,2,9,0,18,0,8,0,0,0,0,2,1,6,2,35,6,1587,1,7,3,1
2014471403104,1,9,0,18,0,0,0,0,7,9,1,1,6,1,17,4,1199,1,12,5,1
2014471403105,1,2,0,14,0,2,0,0,0,0,1,1,2,1,20,4,49,1,6,2,1
2014471403106,1,19,0,18,0,1,0,0,0,0,1,1,1,1,25,5,2402,2,7,3,1
2014471403106,2,19,0,2,0,2,0,0,0,0,0,1,6,3,-1,-1,-1,-1,-1,-1,-1
2014471403106,3,19,0,2,0,1,0,0,0,0,0,1,6,3,-1,-1,1998,2,11,-1,-1
2014471403107,1,9,0,16,0,2,0,0,0,0,1,1,6,2,86,11,1339,1,10,10,2
2014471403107,2,9,0,17,0,1,1,0,0,0,3,1,1,2,22,5,1149,1,1,7,3
2014471403107,3,9,0,17,0,1,0,0,0,0,1,1,6,2,68,10,2204,2,8,10,2
2014471403109,1,1,0,18,0,0,0,0,0,0,1,1,6,1,15,3,-1,-1,-1,-1,-1
2014471403109,2,8,0,18,0,0,0,0,0,0,1,1,6,2,33,6,1668,1,12,2,1
2014471403111,1,4,0,18,0,0,1,0,4,6,1,1,6,1,55,8,493,1,6,9,1
2014471403112,1,21,1,2,6,0,0,0,0,0,0,2,1,1,42,7,-1,-1,-1,-1,-1
2014471403112,2,9,0,17,0,0,1,0,5,6,2,1,6,1,19,4,1988,1,13,5,1
2014471403113,1,9,0,18,0,0,0,0,0,0,1,1,6,1,26,6,-1,-1,-1,10,1
2014471403114,1,8,0,6,0,8,0,0,0,0,3,1,1,1,54,8,1598,2,1,5,1
2014471403114,2,1,0,14,0,8,0,0,0,0,1,1,6,1,28,6,-1,-1,-1,2,1
2014471403115,1,9,0,18,0,3,0,10,1,2,3,1,6,1,40,7,1991,2,11,8,1
2014471403120,1,1,0,4,9,0,0,0,0,0,1,1,1,1,14,3,-1,-1,-1,-1,-1
2014471403120,2,9,0,8,9,0,0,0,0,0,4,1,6,2,29,6,2521,1,8,4,1
2014471403121,1,1,0,18,9,0,0,0,0,0,3,1,6,2,48,8,-1,-1,-1,5,1
2014471403121,2,9,0,2,6,0,0,0,0,0,4,1,6,3,-1,-1,1998,1,8,-1,-1
2014471403127,1,11,0,18,0,2,0,0,0,0,0,1,1,1,57,9,9000,2,5,8,1
2014471403131,1,9,0,5,0,8,0,0,0,0,1,1,6,2,79,11,1299,1,11,6,1
2014471403131,2,1,0,9,0,8,0,0,0,0,1,1,6,2,31,6,-1,-1,-1,9,1
2014471403135,1,9,0,18,0,8,0,0,0,0,2,1,6,2,50,8,-1,-1,-1,6,1
2014471403135,2,9,0,18,0,8,0,0,0,0,2,1,6,1,25,5,1422,2,10,3,1
2014471403135,3,9,0,18,0,8,0,0,0,0,1,1,6,1,29,6,1560,2,8,5,1
2014471403135,4,9,0,18,0,8,0,0,0,0,1,1,6,2,42,7,1598,1,3,-1,1
2014471403138,1,19,0,18,0,2,0,0,0,0,0,1,6,1,40,7,-1,-1,-1,-1,-1
2014471403138,2,1,0,18,0,2,1,0,0,0,0,1,6,2,29,6,-1,-1,-1,7,1
2014471403139,1,19,0,5,0,8,0,0,0,0,1,1,6,1,68,10,2298,2,2,4,1
2014471403139,2,11,0,6,0,8,0,0,0,0,0,1,1,1,30,6,11000,2,9,-1,-1
2014471403141,1,5,0,16,0,2,0,10,7,11,1,1,6,1,30,6,1050,1,1,7,2
2014471403143,1,9,0,7,0,2,0,0,0,0,4,1,6,2,25,5,998,1,13,7,1
2014471403143,2,1,0,18,0,2,0,0,0,0,3,1,1,1,35,6,-1,-1,-1,3,1
2014471403144,1,9,0,9,0,6,0,0,0,0,4,1,6,2,80,11,998,1,1,8,3
2014471403144,2,9,5,18,0,8,1,0,1,5,1,1,6,1,29,6,1598,1,13,9,1
2014471403145,1,1,0,18,0,2,0,0,0,0,3,1,6,1,38,7,-1,-1,-1,7,1
2014471403145,2,90,0,18,0,2,0,0,0,0,4,1,1,1,49,8,2987,2,5,10,1
2014471403149,1,11,0,1,0,0,0,0,0,0,2,1,6,1,63,9,-1,-1,-1,7,1
2014471403149,2,2,0,18,0,0,1,0,0,0,1,1,6,1,58,9,-1,-1,-1,6,1
2014471403155,1,19,0,18,0,0,0,0,0,0,1,1,1,1,29,6,2198,2,4,7,1
2014471403155,2,9,0,18,0,0,0,0,1,0,3,1,6,1,27,6,1598,1,10,6,1
2014471403157,1,9,0,5,0,6,0,0,0,0,0,1,6,1,25,5,1360,1,12,9,2
2014471403157,2,9,0,18,0,8,2,0,7,3,1,1,2,1,37,7,1560,2,4,6,1
2014471403158,1,9,0,14,0,1,0,0,7,0,4,1,6,2,65,9,1595,1,13,6,3
2014471403158,2,9,0,9,0,5,0,0,7,0,3,1,6,2,38,7,1997,2,4,3,1
2014471403161,1,5,0,18,0,0,1,0,0,0,1,1,2,1,46,8,599,1,6,9,1
2014471403161,2,9,0,3,0,0,0,0,0,0,2,1,6,2,30,6,1686,2,3,10,2
2014471403161,3,9,0,2,6,0,0,0,0,0,0,1,1,3,-1,-1,2993,2,1,-1,-1
2014471403161,4,5,0,2,6,0,0,0,0,0,0,1,1,3,-1,-1,1170,1,-1,-1,-1
2014471403162,1,19,0,9,0,6,0,0,0,0,3,1,1,1,37,7,2198,2,2,4,1
2014471403162,2,4,0,16,0,1,0,0,0,0,1,1,2,1,56,9,499,1,6,6,3
2014471403165,1,19,0,18,0,0,0,0,0,0,1,1,6,1,63,9,2198,2,8,8,1
2014471403165,2,4,0,4,0,0,0,0,0,0,2,1,6,1,71,10,680,1,6,2,1
2014471403165,3,19,0,4,0,0,0,0,0,0,2,1,1,1,28,6,1298,1,11,3,1
2014471403165,4,19,0,4,0,0,0,0,0,0,2,1,1,1,25,5,-1,-1,-1,10,1
2014471403165,5,9,0,3,0,0,0,0,0,0,2,1,6,1,60,9,2143,2,4,9,1
2014471403166,1,1,0,18,0,0,0,4,0,0,1,1,6,1,44,7,-1,-1,-1,6,1
2014471403166,2,21,0,2,0,0,0,0,0,0,2,1,1,1,48,8,4461,2,2,8,1
2014471403167,1,1,0,18,0,1,0,0,0,0,3,1,6,1,14,3,-1,-1,-1,7,1
2014471403167,2,9,0,4,0,1,0,0,0,0,1,1,6,1,18,4,1390,1,17,3,1
2014471403168,1,9,0,18,0,0,0,0,0,0,1,1,6,2,29,6,1596,1,8,2,1
2014471403168,2,9,0,18,0,0,0,0,0,0,1,1,6,1,28,6,1796,1,6,3,1
2014471403168,3,9,0,18,0,0,0,0,0,0,1,1,6,1,47,8,2197,1,17,3,1
2014471403168,4,9,0,4,0,0,0,0,0,0,2,1,6,1,31,6,1910,2,6,3,1
2014471403168,5,9,0,4,0,0,0,0,0,0,2,1,6,1,40,7,1968,2,4,8,1
2014471403169,1,9,0,18,0,0,1,0,0,0,1,1,6,2,64,9,1198,1,1,9,1
2014471403169,2,9,0,4,0,0,0,0,0,0,2,1,6,1,57,9,1332,1,16,7,1
2014471403169,3,9,0,3,0,0,0,0,0,0,2,1,6,2,49,8,1596,1,9,8,1
2014471403169,4,9,0,18,0,0,0,0,0,0,0,1,1,1,28,6,1997,2,2,8,1
2014471403170,1,1,0,16,0,1,0,0,0,0,1,1,6,1,39,7,-1,-1,-1,-1,-1
2014471403170,2,8,0,17,0,1,0,0,0,0,1,1,1,1,59,9,2148,2,6,8,1
2014471403172,1,9,0,13,0,0,0,0,0,0,1,1,6,3,-1,-1,2000,2,10,-1,-1