Accident_Index,Vehicle_Reference,Vehicle_Type,Towing_and_Articulation,Vehicle_Manoeuvre,Vehicle_Location-Restricted_Lane,Junction_Location,Skidding_and_Overturning,Hit_Object_in_Carriageway,Vehicle_Leaving_Carriageway,Hit_Object_off_Carriageway,1st_Point_of_Impact,Was_Vehicle_Left_Hand_Drive?,Journey_Purpose_of_Driver,Sex_of_Driver,Age_of_Driver,Age_Band_of_Driver,Engine_Capacity_(CC),Propulsion_Code,Age_of_Vehicle,Driver_IMD_Decile,Driver_Home_Area_Type
2014471403172,2,9,0,17,0,0,0,0,0,0,1,2,2,1,23,5,-1,-1,-1,1,1
2014471403172,3,9,0,16,0,0,0,0,0,0,0,1,1,1,66,10,-1,-1,-1,2,1
2014471403172,4,19,0,18,0,0,0,0,0,0,0,1,6,1,22,5,2198,2,7,2,1
2014471403174,1,19,0,18,0,0,1,10,7,3,1,1,6,1,22,5,1998,2,10,6,2
2014471403176,1,9,0,18,0,0,0,0,0,0,1,1,6,1,24,5,1998,1,11,5,2
2014471403176,2,9,0,18,0,0,0,0,0,0,2,1,6,1,61,9,-1,-1,-1,1,1
2014471403177,1,9,0,18,0,1,0,0,0,0,1,1,6,1,18,4,1150,1,6,6,1
2014471403177,2,9,0,18,0,1,0,0,0,0,2,1,6,2,47,8,1242,1,1,2,1
2014471403177,3,9,0,10,0,1,0,0,0,0,2,1,6,2,50,8,-1,-1,-1,4,1
2014471403178,1,9,0,9,0,8,0,0,0,0,3,1,6,2,68,10,3301,1,12,7,1
2014471403178,2,1,0,18,0,1,0,0,0,0,1,1,6,2,47,8,-1,-1,-1,3,1
2014471403179,1,9,0,9,0,6,0,0,0,0,3,1,6,1,80,11,1995,1,7,3,1
2014471403179,2,21,1,18,0,1,0,0,0,0,1,1,1,1,32,6,12900,2,5,9,1
2014471403181,1,9,0,6,0,0,0,0,0,0,3,1,6,1,70,10,1798,1,6,8,1
2014471403181,2,5,0,18,0,0,0,0,0,0,1,1,2,1,38,7,649,1,4,6,2
2014471403182,1,1,0,7,0,1,1,0,0,0,0,1,6,1,27,6,-1,-1,-1,3,1
2014471403182,2,19,0,9,0,1,0,0,0,0,0,1,6,1,41,7,1998,2,13,6,1
2014471403183,1,9,0,18,0,0,0,0,0,0,1,1,6,1,53,8,1998,1,15,6,1
2014471403183,2,9,0,18,0,0,0,0,0,0,2,1,6,1,64,9,1587,1,12,9,1
2014471403183,3,9,0,18,0,0,0,0,0,0,2,1,6,1,22,5,1598,1,11,9,1
2014471403183,4,9,0,18,0,0,0,0,0,0,2,1,6,1,54,8,-1,-1,-1,8,1
2014471403184,1,19,0,1,0,0,0,0,0,0,0,1,6,1,35,6,-1,-1,-1,-1,-1
2014471403188,1,9,0,5,0,8,0,0,0,0,1,1,2,2,19,4,1240,1,11,5,1
2014471403189,1,9,0,9,0,2,0,0,0,0,3,1,6,2,27,6,1999,1,7,8,1
2014471403189,2,9,0,18,0,1,0,0,0,0,1,1,6,1,32,6,1995,2,7,9,1
2014471403190,1,5,0,18,0,8,0,0,0,0,4,1,6,1,58,9,1200,1,13,8,2
2014471403190,2,9,0,18,0,8,0,0,0,0,3,1,6,2,27,6,1995,1,8,6,1
2014471403192,1,19,0,9,0,8,0,0,0,0,1,2,6,1,46,8,-1,-1,-1,-1,-1
2014471403192,2,9,0,18,0,8,0,0,0,0,3,1,6,1,21,5,1242,1,13,5,1
2014471403193,1,9,0,18,0,0,2,0,6,0,1,1,6,1,19,4,1242,1,16,10,1
2014471403193,2,9,0,18,0,0,0,0,0,0,1,1,6,1,37,7,-1,-1,-1,5,1
2014471403193,3,10,0,18,0,0,1,0,0,0,3,1,3,2,25,5,2198,2,2,10,1
2014471403193,4,10,0,18,0,0,1,0,0,0,1,1,3,2,40,7,2198,2,2,10,1
2014471403194,1,9,4,18,0,0,5,0,0,0,3,1,1,1,37,7,-1,-1,-1,6,1
2014471403196,1,1,0,18,0,0,0,0,0,0,1,1,6,1,64,9,-1,-1,-1,6,3
2014471403196,2,9,0,4,0,0,0,0,0,0,2,1,6,1,55,8,2495,2,13,9,3
2014471403197,1,9,0,4,0,1,1,0,0,0,3,1,6,1,61,9,-1,-1,-1,6,3
2014471403197,2,9,0,10,0,1,0,0,0,1,3,1,6,1,54,8,-1,-1,-1,10,1
2014471403200,1,1,0,18,0,0,0,0,0,0,4,1,6,1,19,4,-1,-1,-1,-1,-1
2014471403200,2,9,0,18,0,0,0,0,0,0,1,1,6,1,31,6,1596,1,8,3,1
2014471403201,1,9,0,13,0,0,0,0,0,0,3,1,6,1,68,10,1998,2,5,7,1
2014471403201,2,5,0,13,0,0,0,0,7,10,1,1,6,1,53,8,1298,1,15,6,1
2014471403201,3,9,0,4,0,0,0,0,0,0,0,1,6,1,64,9,1598,1,5,10,1
2014471403201,4,5,0,13,0,0,0,0,0,0,0,1,6,1,62,9,999,1,1,9,1
2014471403201,5,9,0,18,0,0,0,0,0,0,0,1,6,2,32,6,1248,2,2,4,1
2014471403201,6,5,0,18,0,0,0,0,0,0,0,1,6,1,50,8,900,1,17,9,3
2014471403202,1,9,0,18,0,0,2,0,7,10,1,1,6,1,29,6,2793,1,17,4,2
2014471403202,2,9,0,9,0,0,0,0,0,0,0,1,6,1,27,6,1242,1,10,6,3
2014471403203,1,1,0,18,0,6,0,0,0,0,0,1,4,1,15,3,-1,-1,-1,5,1
2014471403203,2,9,0,18,0,8,0,0,0,0,0,1,6,2,42,7,1997,1,10,6,1
2014471403204,1,9,0,14,0,0,0,0,0,0,0,1,6,3,-1,-1,-1,-1,-1,-1,-1
2014471403204,2,1,0,18,0,0,0,0,1,4,4,1,6,1,45,7,-1,-1,-1,8,3
2014471403204,3,1,0,18,0,0,0,0,1,4,4,1,6,1,11,3,-1,-1,-1,8,3
2014471403205,1,5,0,17,0,0,0,0,1,7,1,1,6,1,32,6,599,1,14,4,1
2014471403206,1,20,0,18,0,2,0,0,0,0,3,1,6,1,35,6,-1,-1,-1,1,1
2014471403206,2,9,0,18,0,8,0,0,0,0,1,1,6,2,22,5,1242,1,10,5,3
2014471403207,1,9,0,4,0,7,1,0,7,2,4,1,6,1,21,5,1396,1,12,10,2
2014471403208,1,1,0,18,0,1,0,0,0,0,1,1,6,1,46,8,-1,-1,-1,9,3
2014471403208,2,1,0,18,0,1,0,0,0,0,2,1,6,1,47,8,-1,-1,-1,9,3
2014471403209,1,9,0,18,0,1,0,0,0,0,1,1,6,1,48,8,1995,2,10,6,1
2014471403209,2,9,0,18,0,2,1,0,0,0,1,1,6,1,24,5,1598,1,16,7,3
2014471403210,1,9,0,9,0,8,0,0,0,0,1,1,6,1,35,6,998,1,1,4,1
2014471403210,2,9,0,18,0,8,0,0,0,0,3,1,6,1,27,6,1299,1,9,4,1
2014471403211,1,19,0,18,0,8,0,0,0,0,1,1,6,1,34,6,1896,2,8,6,3
2014471403211,2,9,0,18,0,8,0,0,0,0,2,1,6,1,35,6,2000,1,10,9,2
2014471403212,1,9,0,17,0,0,0,0,0,10,1,1,6,1,23,5,1598,1,12,6,3
2014471403214,1,9,0,18,0,0,0,0,0,0,1,1,6,1,44,7,1998,1,7,6,1
2014471403214,2,9,0,4,0,0,0,0,0,0,2,1,6,1,21,5,1598,1,11,6,2
2014471403216,1,9,0,18,0,1,0,0,0,0,1,1,6,1,40,7,2493,1,13,2,1
2014471403216,2,9,0,5,0,4,0,0,0,0,2,1,6,2,25,5,1596,1,13,3,1
2014471403217,1,9,0,16,0,0,5,0,0,0,1,1,6,1,29,6,1389,1,14,4,1
2014471403217,2,9,0,17,0,0,0,0,0,0,1,1,6,2,47,8,1794,1,9,5,1
2014471403218,1,9,0,18,0,1,0,0,0,0,1,1,1,1,18,4,1461,2,1,7,1
2014471403219,1,9,0,9,0,1,0,0,0,0,1,1,6,2,41,7,1598,1,8,3,1
2014471403219,2,9,0,18,0,1,0,0,0,0,1,1,6,1,45,7,1597,1,5,1,1
2014471403220,1,9,0,13,0,3,0,0,0,0,4,1,6,1,39,7,1560,2,3,2,1
2014471403220,2,9,0,18,0,3,0,0,0,0,3,1,6,2,44,7,1596,1,11,10,1
2014471403227,1,3,0,16,0,0,0,0,0,0,3,1,6,1,18,4,124,1,17,6,1
2014471403227,2,9,0,17,0,0,0,0,0,0,3,1,6,1,26,6,1339,1,5,4,1
2014471403228,1,19,0,9,0,1,0,0,0,0,1,1,1,1,51,8,1968,2,-1,3,1
2014471403228,2,9,0,18,0,1,0,0,0,0,3,1,6,2,42,7,1995,2,6,10,1
2014471403229,1,9,0,18,0,8,0,0,0,0,1,1,6,2,33,6,1360,1,5,7,3
2014471403229,2,9,0,18,0,8,0,0,0,0,2,1,6,1,39,7,1360,1,14,7,1
2014471403231,1,9,0,9,0,5,0,0,0,0,4,1,6,1,50,8,1422,2,6,6,1
2014471403231,2,2,0,18,0,8,0,0,0,0,3,1,6,1,21,5,124,1,26,4,1
2014471403235,1,9,0,18,0,0,0,0,7,4,2,1,6,1,23,5,1396,1,15,8,1
2014471403236,1,5,0,16,0,0,0,0,0,0,4,1,6,1,47,8,600,1,11,4,1
2014471403237,1,9,0,18,0,1,0,0,0,0,0,1,6,3,-1,-1,-1,-1,-1,-1,-1
2014471403237,2,9,0,16,0,1,0,0,6,10,1,1,1,2,38,7,1560,2,7,4,1
2014471403238,1,9,0,18,0,0,1,0,7,4,4,1,2,2,39,7,1587,1,11,3,2
2014471403241,1,20,0,18,0,8,0,0,0,0,3,1,6,2,46,8,2143,2,1,1,1
2014471403244,1,9,0,18,0,4,0,0,0,0,3,1,2,2,24,5,1242,1,5,5,1
2014471403244,2,1,0,9,0,8,0,0,0,0,4,1,2,1,29,6,-1,-1,-1,9,1
2014471403247,1,1,0,18,0,4,0,0,0,0,1,1,6,1,64,9,-1,-1,-1,10,1
2014471403247,2,9,0,18,0,4,0,0,0,0,1,1,6,1,64,9,1390,1,5,9,3
2014471403249,1,9,0,9,0,8,0,0,0,0,4,1,6,2,48,8,2776,2,10,8,1
2014471403249,2,9,0,18,0,8,0,0,0,0,1,1,2,2,23,5,1242,1,12,9,3
2014471403252,1,9,0,16,0,0,0,0,0,0,1,1,2,2,51,8,1390,1,4,9,1
2014471403252,2,9,0,17,0,0,0,0,0,0,1,1,2,1,37,7,1461,2,4,9,2
2014471403253,1,9,0,9,0,6,0,0,0,0,3,1,1,1,56,9,1998,1,12,3,1
2014471403253,2,3,0,18,0,8,0,0,0,0,1,1,6,1,18,4,124,1,11,4,1
2014471403255,1,1,0,18,5,8,0,0,0,0,1,1,6,1,18,4,-1,-1,-1,3,1
2014471403255,2,9,0,7,0,6,0,0,0,0,1,1,6,2,27,6,1242,1,5,7,1
2014471403256,1,1,0,18,0,1,0,0,0,0,1,1,6,1,20,4,-1,-1,-1,-1,-1
2014471403256,2,9,0,4,0,1,0,0,0,0,2,1,6,2,34,6,1242,1,5,6,1
2014471403257,1,19,0,17,0,1,0,0,0,0,3,1,1,1,51,8,1560,2,1,-1,1
2014471403257,2,1,0,16,0,1,1,0,0,0,1,1,2,2,39,7,-1,-1,-1,-1,1
2014471403258,1,9,0,1,0,0,0,0,0,0,1,1,6,1,61,9,1910,2,9,8,3
2014471403258,2,5,0,18,0,0,0,4,0,0,1,1,6,1,57,9,600,1,-1,6,1
2014471403258,3,9,0,2,0,0,0,0,0,0,3,1,6,1,40,7,1368,1,3,10,1
2014471403259,1,9,0,12,0,3,0,0,0,0,3,1,6,2,23,5,1149,1,13,8,1
2014471403259,2,9,0,13,0,3,1,0,0,0,4,1,6,2,29,6,1390,1,1,-1,-1
2014471403260,1,9,0,7,0,5,0,0,0,0,1,1,6,2,29,6,998,1,18,3,1
2014471403260,2,1,0,18,0,1,0,0,0,0,1,1,6,1,28,6,-1,-1,-1,2,1
2014471403261,1,9,0,18,0,0,0,0,0,0,0,1,6,2,76,11,1998,1,11,7,3
2014471403261,2,9,0,2,0,0,0,0,0,0,2,1,6,2,72,10,1124,1,11,9,1
2014471403265,1,19,0,18,0,1,0,0,0,0,4,1,2,1,53,8,2198,2,2,9,1
2014471403265,2,1,0,18,4,1,0,0,0,0,1,1,1,1,47,8,-1,-1,-1,2,1
2014471403265,3,11,0,3,0,8,0,0,0,0,0,1,6,1,55,8,3972,2,17,3,1
2014471403266,1,9,0,5,0,6,0,0,0,0,3,1,6,2,40,7,-1,-1,-1,-1,-1
2014471403266,2,1,0,18,0,8,0,0,0,0,1,1,6,2,21,5,-1,-1,-1,4,1
2014471403267,1,8,0,18,0,8,0,0,0,0,3,1,1,1,48,8,1797,8,4,2,1
2014471403267,2,9,0,9,0,8,0,0,0,0,1,1,6,2,27,6,1364,1,5,3,1
2014471403268,1,19,0,6,0,0,0,0,0,0,4,1,2,1,46,8,1997,2,6,8,1
2014471403268,2,5,0,18,0,0,1,0,1,0,1,1,2,1,50,8,1198,1,4,10,1
2014471403269,1,9,0,7,0,0,0,0,0,0,3,1,3,2,68,10,1796,1,7,5,1
2014471403269,2,9,0,18,0,0,0,0,0,0,4,1,2,1,57,9,-1,-1,-1,7,3
2014471403271,1,9,0,9,0,8,0,0,0,0,1,1,6,1,84,11,1588,1,11,6,2
2014471403271,2,3,0,18,0,8,0,0,0,0,1,1,6,1,18,4,125,1,5,9,3
2014471403275,1,9,0,18,0,0,0,0,0,0,0,1,6,3,-1,-1,-1,-1,-1,-1,-1
2014471403275,2,9,0,18,0,0,0,0,0,0,3,1,6,2,43,7,1299,1,11,-1,-1
2014471403277,1,19,0,18,0,0,0,0,0,0,1,1,1,1,60,9,2143,2,4,9,1
2014471403277,2,1,0,18,0,0,0,0,1,0,2,1,6,1,48,8,-1,-1,-1,10,3
2014471403278,1,19,0,9,0,8,0,0,0,0,3,1,6,1,60,9,-1,-1,-1,6,1
2014471403278,2,1,0,3,4,1,0,0,0,0,1,1,6,1,41,7,-1,-1,-1,5,1
2014471403281,1,19,0,14,0,4,0,0,0,0,0,1,6,3,40,7,-1,-1,-1,-1,-1
2014471403281,2,1,0,18,0,4,0,0,0,0,0,1,2,1,46,8,-1,-1,-1,2,1
2014471403281,3,90,0,18,0,4,0,0,0,0,0,1,1,3,-1,-1,-1,-1,-1,-1,-1
2014471403283,1,9,0,5,0,1,0,0,0,0,1,1,6,1,84,11,1498,1,6,5,1
2014471403283,2,9,0,3,0,2,0,0,0,0,2,1,3,2,25,5,1796,1,13,4,1
2014471403284,1,9,0,18,0,0,0,0,0,0,4,1,6,1,65,9,1560,2,4,6,1
2014471403284,2,21,0,3,0,0,0,0,0,0,0,1,6,1,30,6,-1,-1,-1,-1,-1
2014471403287,1,9,0,9,0,5,0,0,0,0,4,1,2,1,18,4,-1,-1,-1,5,3
2014471403287,2,9,0,18,0,8,0,0,0,0,1,1,6,1,48,8,1242,1,7,4,1
2014471403290,1,9,0,7,0,8,0,0,0,0,3,1,6,2,31,6,2993,2,8,6,1
2014471403290,2,9,0,17,0,8,0,0,0,0,4,1,6,1,17,4,998,1,8,7,1
2014471403292,1,19,0,17,6,0,0,0,1,0,1,1,6,1,56,9,1560,2,2,7,1
2014471403292,2,19,0,2,6,0,0,0,0,0,2,1,1,3,-1,-1,2198,2,-1,-1,-1
2014471403292,3,9,0,2,6,0,0,0,0,0,1,1,6,3,-1,-1,1968,2,5,-1,-1
2014471403293,1,9,0,16,0,0,1,0,0,0,3,1,6,3,-1,-1,-1,-1,-1,-1,-1
2014471403293,2,9,0,17,0,0,0,0,0,0,3,1,2,2,22,5,1598,1,7,9,1
2014471403294,1,9,0,18,0,8,0,0,0,0,1,1,6,2,34,6,1896,2,10,7,1
2014471403295,1,9,0,18,9,1,0,10,1,0,1,1,6,3,-1,-1,1386,1,6,-1,-1
2014471403296,1,9,0,18,0,0,0,0,0,0,1,1,6,1,69,10,1388,1,9,6,1
2014471403296,2,9,0,2,0,0,0,0,0,0,2,1,6,1,27,6,1388,1,11,7,1
2014471403296,3,9,0,18,0,0,0,0,0,0,3,1,1,1,41,7,1956,2,1,8,1
2014471403298,1,19,0,9,0,6,0,0,0,0,3,1,1,1,62,9,2143,2,4,2,1
2014471403298,2,9,0,18,0,1,0,0,0,0,1,1,6,1,85,11,1997,1,6,5,2
2014471403299,1,19,0,9,0,8,0,0,0,0,3,1,1,1,-1,-1,2143,2,4,7,3
2014471403299,2,9,0,18,0,1,0,0,1,0,1,1,6,2,20,4,1108,1,5,6,3
2014471403300,1,9,0,14,0,0,0,0,7,0,1,1,6,1,22,5,1761,1,14,5,1
2014471403300,2,11,0,2,0,0,0,0,0,0,0,1,3,3,-1,-1,-1,-1,-1,-1,-1
2014471403301,1,1,0,15,0,8,1,0,0,0,0,1,6,1,41,7,-1,-1,-1,5,1
2014471403301,2,9,0,3,0,8,0,0,0,0,2,1,6,1,39,7,1598,1,2,4,1
2014471403302,1,9,0,1,0,0,0,0,1,11,2,1,6,1,85,11,2597,1,12,-1,-1
2014471403302,2,9,0,2,0,0,0,0,0,0,2,1,6,3,-1,-1,1206,1,6,-1,-1
2014471403304,1,1,0,15,2,1,0,0,0,0,1,1,6,1,20,4,-1,-1,-1,2,1
2014471403304,2,11,0,18,2,2,0,0,0,0,0,1,6,1,45,7,-1,-1,-1,2,1
2014471403304,3,11,0,18,2,1,0,0,0,0,0,1,6,3,40,7,-1,-1,-1,-1,-1
2014471403305,1,5,0,18,0,1,0,0,0,0,1,1,6,1,59,9,670,1,2,5,1
2014471403306,1,9,0,9,0,5,0,0,0,0,4,1,6,1,22,5,1388,1,9,7,1
2014471403306,2,1,0,18,4,1,0,0,0,0,1,1,6,1,37,7,-1,-1,-1,3,1
2014471403307,1,9,0,9,9,1,0,0,0,0,1,1,6,1,24,5,-1,-1,-1,6,1
2014471403308,1,3,0,16,0,8,1,0,0,0,1,1,6,1,38,7,107,1,1,10,1
2014471403308,2,20,0,17,0,8,0,0,0,0,3,1,1,1,55,8,-1,-1,-1,6,1
2014471403309,1,9,0,16,0,1,0,0,7,10,3,1,6,2,18,4,1299,1,7,10,3
2014471403309,2,19,0,17,0,2,0,0,7,4,3,1,6,1,65,9,2446,2,18,9,2
2014471403310,1,9,0,18,0,4,0,0,0,0,0,1,6,2,94,11,948,1,53,10,1
2014471403310,2,1,0,17,0,4,0,0,0,0,4,1,6,2,19,4,-1,-1,-1,9,1
2014471403310,3,9,0,18,0,1,0,0,0,0,0,1,1,3,-1,-1,-1,-1,-1,-1,-1
2014471403311,1,9,0,18,0,0,0,0,0,0,1,1,6,1,30,6,1598,2,1,1,1
2014471403311,2,9,0,18,0,0,0,0,0,0,2,1,2,1,66,10,1560,2,1,7,1
2014471403312,1,9,0,17,0,0,1,0,0,0,1,1,2,1,36,7,1598,1,10,5,1
2014471403312,2,9,0,18,0,0,1,0,1,9,1,1,2,1,45,7,1910,2,6,5,1
2014471403314,1,4,0,16,0,0,1,0,7,0,1,1,2,1,22,5,125,1,5,7,1
2014471403314,2,9,0,17,0,0,0,0,0,0,3,1,6,1,40,7,1968,2,4,3,1
2014471403316,1,11,0,18,0,4,0,0,0,0,4,1,1,1,48,8,6700,2,4,5,1
2014471403316,2,11,0,2,0,1,0,0,0,0,0,1,1,3,-1,-1,-1,-1,-1,-1,-1
2014471403317,1,1,0,18,9,6,0,0,0,0,1,1,6,1,28,6,-1,-1,-1,1,1
2014471403317,2,9,0,18,0,8,0,0,0,0,1,1,6,1,36,7,1560,2,-1,1,1
2014471403318,1,9,0,18,0,0,0,0,0,0,3,1,6,3,-1,-1,-1,-1,-1,-1,-1
2014471403318,2,8,0,18,0,0,0,0,0,0,3,1,1,1,47,8,-1,-1,-1,10,1
2014471403320,1,9,0,2,0,0,0,0,0,0,0,1,6,3,30,6,-1,-1,-1,-1,-1
2014471403320,2,5,0,18,0,0,0,0,0,0,1,1,6,1,20,4,649,1,2,1,1
2014471403320,3,9,0,18,0,0,0,0,0,0,1,1,6,2,50,8,1587,1,15,-1,1
2014471403322,1,8,0,16,0,2,0,0,7,11,1,1,1,1,31,6,1896,2,4,1,1
2014471403322,2,9,0,17,0,1,0,4,1,11,1,1,2,1,30,6,1596,1,11,4,1
2014471403322,3,19,0,2,0,1,0,0,0,0,2,1,6,3,-1,-1,2446,2,16,-1,-1
2014471403322,4,20,0,2,9,1,0,0,0,0,4,1,1,3,-1,-1,-1,-1,-1,-1,-1
2014471403326,1,3,0,18,0,1,1,0,0,0,1,1,6,1,19,4,124,1,28,2,1
2014471403326,2,9,0,4,0,1,0,0,0,0,2,1,6,2,32,6,1796,1,14,4,1
2014471403329,1,9,0,18,0,0,0,0,2,2,1,1,6,1,77,11,2495,1,9,5,3
2014471403329,2,9,0,18,0,0,0,0,0,0,3,1,6,1,49,8,1598,2,2,5,1
2014471403329,3,9,0,18,0,0,0,0,0,0,4,1,6,1,74,10,1975,1,5,9,1
2014471403329,4,9,0,18,0,0,0,0,0,0,2,1,6,1,50,8,1242,1,15,3,1
2014471403329,5,9,0,18,0,0,0,11,0,0,1,1,6,1,53,8,1240,1,10,1,1
2014471403331,1,9,0,17,0,0,2,0,7,4,1,1,2,1,31,6,1998,1,11,9,1
2014471403332,1,9,0,18,0,0,0,0,7,11,1,1,6,1,67,10,1796,1,3,6,1
2014471403332,2,9,0,2,9,0,0,0,0,0,4,1,6,3,-1,-1,1988,1,12,-1,-1
2014471403332,3,9,0,2,9,0,0,0,0,0,2,1,6,3,-1,-1,2171,2,13,-1,-1
2014471403333,1,9,0,18,0,1,0,4,0,0,1,1,6,2,21,5,1598,1,12,3,1
2014471403333,2,9,0,2,0,2,0,0,0,0,1,1,6,3,-1,-1,1896,2,7,-1,-1
2014471403334,1,9,0,16,0,1,0,0,7,0,1,1,6,1,74,10,1198,1,5,6,1
2014471403335,1,9,0,17,0,8,0,0,0,0,4,1,6,1,45,7,-1,-1,-1,4,1
2014471403335,2,1,0,17,0,8,0,0,0,0,3,1,6,1,30,6,-1,-1,-1,3,1
2014471403336,1,1,0,18,0,0,0,0,1,0,1,1,6,1,33,6,-1,-1,-1,7,1
2014471403336,2,1,0,18,0,0,0,0,0,0,0,1,6,1,41,7,-1,-1,-1,1,1
2014471403336,3,9,0,2,9,0,0,0,0,0,1,1,6,2,50,8,2179,2,7,7,3
2014471403337,1,9,0,9,0,8,0,0,0,0,3,1,6,2,19,4,1248,1,2,8,1
2014471403337,2,9,0,18,0,1,0,0,0,0,1,1,6,2,29,6,2000,1,8,9,1
2014471403338,1,9,0,5,0,1,0,0,0,0,2,1,6,1,19,4,1796,1,11,5,1
2014471403338,2,9,0,3,0,1,0,0,0,0,0,1,6,2,22,5,1493,1,15,9,1
2014471403339,1,9,0,16,0,1,0,0,0,0,1,1,6,1,81,11,1398,2,3,7,1
2014471403339,2,9,0,10,0,1,0,0,0,0,2,1,1,2,54,8,1490,1,5,3,1
2014471403340,1,9,0,18,0,8,1,0,0,0,1,1,2,2,51,8,989,1,15,3,1
2014471403341,1,9,0,3,0,1,0,0,0,0,1,1,6,1,82,11,1199,1,10,7,1
2014471403341,2,9,0,18,0,1,0,0,0,0,4,1,1,1,64,9,1968,2,2,9,1
2014471403344,1,9,0,10,0,6,0,0,0,0,0,1,6,2,60,9,1597,1,18,9,3
2014471403344,2,1,0,18,0,1,0,0,0,0,4,1,6,1,51,8,-1,-1,-1,7,1
2014471403345,1,9,0,6,0,0,0,0,0,0,3,1,1,2,61,9,1991,2,6,9,1
2014471403345,2,19,0,18,0,0,0,0,0,0,1,1,1,1,52,8,1995,2,7,-1,1
2014471403348,1,3,0,18,0,0,1,0,0,0,0,1,6,1,23,5,124,1,-1,4,1
2014471403348,2,1,0,18,0,0,0,0,0,0,0,1,6,1,30,6,-1,-1,-1,-1,-1
2014471403349,1,9,0,5,9,2,0,0,0,0,4,1,6,2,54,8,1598,1,6,10,1
2014471403353,1,1,0,18,0,4,1,0,0,0,1,1,6,1,16,4,-1,-1,-1,7,3
2014471403353,2,9,0,18,0,3,0,0,0,0,4,1,6,2,42,7,2967,2,-1,10,1
2014471403354,1,9,0,18,0,8,0,0,0,0,1,1,6,2,43,7,1560,2,8,2,1
2014471403354,2,1,0,18,0,1,0,0,0,0,3,1,6,1,40,7,-1,-1,-1,4,1
2014471403355,1,9,0,18,0,2,0,0,7,11,1,1,6,1,55,8,1332,1,17,6,1
2014471403355,2,19,0,2,0,2,0,0,0,0,2,1,6,3,-1,-1,2461,2,11,-1,-1
2014471403356,1,1,0,18,0,1,0,0,0,0,0,1,6,1,51,8,-1,-1,-1,6,1
2014471403358,1,9,0,5,0,4,0,0,0,0,1,1,6,1,73,10,2435,1,10,8,1
2014471403358,2,9,0,5,0,4,0,0,0,0,2,1,1,1,29,6,1984,2,-1,3,1
2014471403360,1,9,0,18,0,1,0,0,0,0,3,1,6,2,52,8,1398,1,1,2,1
2014471403360,2,9,0,18,0,1,0,0,0,0,3,1,2,2,25,5,1360,1,12,4,1
2014471403360,3,9,0,18,0,1,0,0,1,0,3,1,6,1,70,10,1390,1,3,6,3
2014471403361,1,1,0,18,0,0,0,0,0,0,1,1,6,1,28,6,-1,-1,-1,9,1
2014471403361,2,1,0,4,0,0,0,0,0,0,2,1,6,1,15,3,-1,-1,-1,7,1
2014471403363,1,11,0,18,0,0,0,0,0,0,0,1,1,1,48,8,-1,-1,-1,3,1
2014471403364,1,9,0,18,0,4,0,0,3,0,3,1,6,2,77,11,1948,1,11,4,1
2014471403364,2,3,0,18,0,3,1,0,0,0,1,1,1,1,46,8,124,1,9,2,1
2014471403365,1,9,0,16,0,0,0,0,7,0,1,1,2,2,33,6,1995,1,8,7,3
2014471403365,2,9,0,18,0,0,0,0,7,0,1,1,1,2,63,9,1560,2,1,10,1
2014471403366,1,19,0,18,0,1,0,0,0,0,1,1,6,1,65,9,2461,2,12,3,1
2014471403366,2,9,0,3,0,1,0,0,0,0,2,1,6,2,61,9,1997,2,4,7,1
2014471403366,3,9,0,3,0,1,0,0,0,0,2,1,6,2,29,6,1999,1,7,6,1
2014471403368,1,9,0,18,0,1,0,0,0,0,1,1,6,1,45,7,-1,-1,-1,-1,-1
2014471403368,2,9,0,8,0,1,0,0,0,0,2,1,6,2,25,5,1497,1,9,7,1
2014471403372,1,19,0,18,0,2,0,0,0,0,3,1,6,3,-1,-1,-1,-1,-1,-1,-1
2014471403372,2,9,0,18,0,1,0,0,0,0,3,1,3,2,32,6,1997,1,14,4,1
2014471403373,1,1,0,18,0,0,0,12,0,0,1,1,6,1,44,7,-1,-1,-1,4,1
2014471403374,1,3,0,13,0,8,0,0,0,0,4,1,2,1,26,6,124,1,11,3,1
2014471403374,2,9,0,9,0,8,0,0,0,0,3,1,6,2,39,7,1796,1,7,9,1
2014471403377,1,21,0,15,0,0,0,0,0,0,1,1,6,1,71,10,12580,2,8,3,1
2014471403377,2,9,0,18,0,0,0,0,0,0,4,1,6,1,25,5,1560,2,9,6,2
2014471403380,1,9,0,17,0,0,0,0,7,11,1,1,6,1,62,9,2835,2,19,9,3
2014471403381,1,9,0,18,0,1,5,7,1,4,1,1,6,1,21,5,1300,1,22,4,1
2014471403382,1,9,0,18,0,0,0,0,0,0,3,1,6,1,-1,-1,1246,1,9,10,2
2014471403382,2,16,0,18,0,0,0,0,0,0,3,1,6,2,51,8,-1,-1,-1,2,1
2014471403384,1,9,0,17,0,0,0,0,7,11,1,1,2,1,35,6,1896,2,14,5,2
2014471403385,1,3,0,9,0,8,0,0,0,0,3,1,6,1,23,5,955,1,7,7,2