Accident_Index,Vehicle_Reference,Vehicle_Type,Towing_and_Articulation,Vehicle_Manoeuvre,Vehicle_Location-Restricted_Lane,Junction_Location,Skidding_and_Overturning,Hit_Object_in_Carriageway,Vehicle_Leaving_Carriageway,Hit_Object_off_Carriageway,1st_Point_of_Impact,Was_Vehicle_Left_Hand_Drive?,Journey_Purpose_of_Driver,Sex_of_Driver,Age_of_Driver,Age_Band_of_Driver,Engine_Capacity_(CC),Propulsion_Code,Age_of_Vehicle,Driver_IMD_Decile,Driver_Home_Area_Type
2014471403385,2,9,0,18,0,8,0,0,0,0,4,1,6,1,20,4,1596,1,3,5,3
2014471403386,1,11,0,4,6,0,0,0,0,0,0,1,3,1,52,8,9000,2,5,3,1
2014471403388,1,19,0,1,0,1,0,0,0,0,2,1,6,1,28,6,1998,2,9,-1,-1
2014471403388,2,9,0,3,0,1,0,0,0,0,1,1,6,2,51,8,1339,1,4,10,2
2014471403391,1,20,0,5,5,0,0,0,0,0,0,1,1,3,-1,-1,3900,2,11,-1,-1
2014471403392,1,9,0,18,0,1,0,0,0,0,1,1,6,1,24,5,1596,1,6,10,1
2014471403396,1,9,0,18,0,0,5,0,7,0,1,1,6,2,84,11,1400,1,14,1,1
2014471403396,2,9,0,2,0,0,0,0,1,0,1,1,6,3,-1,-1,2521,1,6,-1,-1
2014471403397,1,20,0,9,0,5,0,0,0,0,0,1,6,3,-1,-1,-1,-1,-1,-1,-1
2014471403397,2,11,0,5,0,2,0,0,0,0,0,1,6,1,26,6,-1,-1,-1,1,1
2014471403398,1,9,0,18,0,0,0,0,0,0,1,1,6,3,50,8,1686,2,3,-1,-1
2014471403398,2,9,0,3,0,0,0,0,0,0,0,1,1,2,56,9,1242,1,2,7,1
2014471403399,1,9,0,9,0,8,0,0,0,0,1,1,2,1,38,7,2400,2,3,5,1
2014471403399,2,1,0,18,0,8,0,0,0,0,1,1,2,1,47,8,-1,-1,-1,3,1
2014471403400,1,9,0,18,0,1,0,0,0,0,1,1,2,2,52,8,1598,2,-1,7,1
2014471403400,2,9,0,18,0,1,0,0,0,0,2,1,2,2,51,8,1997,2,9,8,3
2014471403400,3,9,0,18,0,1,0,0,0,0,2,1,2,2,53,8,1870,2,7,7,1
2014471403400,4,9,0,9,0,1,0,0,0,0,0,1,6,3,30,6,-1,-1,-1,-1,-1
2014471403401,1,9,0,10,0,6,0,0,0,0,1,1,6,2,41,7,1598,1,4,7,1
2014471403401,2,9,0,18,0,1,0,0,0,0,3,1,6,1,82,11,1596,1,5,8,2
2014471403401,3,9,0,2,0,1,0,0,0,0,0,1,6,3,-1,-1,-1,-1,-1,-1,-1
2014471403402,1,20,0,16,0,8,0,0,0,0,3,1,1,1,47,8,4461,2,4,1,1
2014471403402,2,9,0,17,0,8,0,0,0,0,3,1,6,1,81,11,1995,2,12,7,1
2014471403406,1,9,0,7,0,8,0,0,0,0,3,1,6,2,42,7,1461,2,-1,7,2
2014471403406,2,1,0,18,0,8,0,0,0,0,4,1,6,1,27,6,-1,-1,-1,4,1
2014471403409,1,19,0,7,0,1,0,0,0,0,4,1,1,1,51,8,2299,2,1,5,1
2014471403410,1,9,0,9,0,8,0,0,0,0,3,1,6,1,36,7,1995,1,7,1,1
2014471403410,2,1,0,16,0,8,0,0,0,0,1,1,6,2,22,5,-1,-1,-1,3,1
2014471403415,1,9,0,4,0,8,0,0,0,0,1,1,6,2,37,7,1596,1,9,4,1
2014471403415,2,9,0,3,0,8,0,0,0,0,2,1,6,2,48,8,1968,2,7,7,3
2014471403415,3,9,0,3,0,2,0,0,0,0,2,1,1,1,48,8,1686,2,2,6,1
2014471403416,1,9,0,18,0,0,0,0,0,0,1,1,6,1,18,4,-1,-1,-1,10,1
2014471403416,2,9,0,18,0,0,0,0,0,0,2,1,6,2,63,9,1388,1,3,9,1
2014471403416,3,9,0,18,0,0,0,0,0,0,2,1,6,2,20,4,796,1,15,10,1
2014471403416,4,9,0,9,0,0,0,0,0,0,0,1,1,1,61,9,1560,2,4,3,1
2014471403417,1,1,0,13,0,0,0,0,0,0,0,1,6,1,40,7,-1,-1,-1,-1,-1
2014471403417,2,1,0,18,0,0,0,0,0,0,0,1,6,2,41,7,-1,-1,-1,6,1
2014471403420,1,19,0,17,0,0,0,0,0,0,1,2,1,1,28,6,-1,-1,-1,-1,-1
2014471403420,2,9,0,16,0,0,0,0,0,0,1,1,6,1,32,6,1198,1,10,-1,-1
2014471403421,1,9,0,9,0,1,0,0,0,0,3,1,1,2,23,5,1895,1,13,9,1
2014471403421,2,9,0,18,0,1,0,0,0,0,1,1,6,1,93,11,1390,1,10,7,1
2014471403423,1,9,0,18,0,0,1,0,2,4,1,1,6,1,21,5,1124,1,12,9,1
2014471403424,1,9,0,3,0,1,0,0,0,0,1,1,6,1,76,11,998,1,-1,3,1
2014471403424,2,9,0,3,0,1,0,0,0,0,2,1,6,2,65,9,1796,1,14,5,1
2014471403425,1,9,0,7,0,6,0,0,0,0,1,1,6,2,30,6,1461,2,3,10,2
2014471403425,2,9,0,18,0,1,0,0,0,0,1,1,1,1,35,6,-1,-1,-1,6,1
2014471403426,1,11,0,5,0,0,0,0,0,0,0,1,1,1,24,5,9000,2,8,3,1
2014471403427,1,9,0,10,0,2,0,0,0,0,1,1,6,2,31,6,-1,-1,-1,9,1
2014471403427,2,9,0,18,0,1,0,0,0,0,1,1,1,2,33,6,998,1,7,4,1
2014471403430,1,11,0,18,0,8,0,0,0,0,0,1,1,1,59,9,4500,2,2,5,1
2014471403431,1,19,0,18,0,0,0,0,0,0,1,1,6,1,28,6,2198,2,-1,1,1
2014471403431,2,19,0,18,0,0,0,0,0,0,2,1,6,1,37,7,2299,2,4,5,1
2014471403432,1,19,0,4,0,1,0,0,0,0,1,1,6,1,55,8,2299,2,4,9,3
2014471403432,2,9,0,10,0,1,0,0,0,0,2,1,6,2,52,8,1796,1,7,3,1
2014471403433,1,9,0,18,0,8,0,0,0,0,1,1,6,1,63,9,1968,2,1,8,2
2014471403433,2,9,0,9,0,1,0,0,0,0,3,1,1,2,27,6,1796,1,11,10,1
2014471403434,1,9,0,4,9,0,0,0,0,0,4,1,6,1,73,10,1599,1,9,5,3
2014471403435,1,9,0,9,0,8,0,0,1,0,1,1,6,2,57,9,1596,1,9,9,1
2014471403435,2,11,0,18,0,1,0,0,0,0,4,1,6,1,49,8,9000,2,6,9,3
2014471403436,1,9,0,16,0,0,2,0,7,11,1,1,1,1,31,6,3799,1,-1,7,1
2014471403439,1,9,0,5,0,8,0,0,0,0,4,1,2,2,23,5,1753,2,14,6,1
2014471403439,2,9,0,18,0,8,0,0,0,0,1,1,6,1,61,9,1905,2,17,3,1
2014471403439,3,9,0,2,0,1,0,0,0,0,1,1,6,2,29,6,1798,1,16,3,1
2014471403442,1,9,0,18,0,1,0,0,0,0,1,1,6,1,22,5,2200,1,13,-1,-1
2014471403442,2,9,0,8,0,1,0,0,0,0,2,1,6,2,59,9,1998,1,12,7,3
2014471403443,1,9,0,4,0,1,0,0,0,11,1,1,6,2,64,9,1598,1,3,10,3
2014471403444,1,9,0,18,0,6,0,0,0,0,4,1,6,2,18,4,1242,1,17,10,3
2014471403444,2,9,0,18,0,8,0,0,0,0,1,1,2,2,23,5,1242,1,12,7,1
2014471403446,1,11,0,4,2,0,0,0,0,0,4,1,1,1,52,8,9360,2,3,5,1
2014471403447,1,9,0,16,0,0,5,0,1,4,2,1,2,2,22,5,998,1,11,6,1
2014471403449,1,9,0,8,0,1,0,0,0,0,1,1,6,2,35,6,1328,1,5,8,1
2014471403449,2,1,0,18,9,1,0,0,0,0,1,1,6,1,18,4,-1,-1,-1,-1,-1
2014471403450,1,9,0,17,0,0,0,0,1,9,4,1,6,2,19,4,1388,1,16,7,3
2014471403453,1,9,0,18,0,8,0,0,0,0,1,1,6,1,34,6,1598,1,6,10,2
2014471403453,2,9,0,18,0,8,0,0,1,1,1,1,1,1,44,7,1598,2,4,8,1
2014471403454,1,9,0,6,0,1,0,0,0,0,4,1,6,1,47,8,1595,1,7,-1,-1
2014471403454,2,2,0,18,0,1,0,0,0,0,4,1,6,1,42,7,599,1,2,7,1
2014471403457,1,9,0,4,0,0,0,0,0,0,1,1,6,1,45,7,1995,2,11,10,3
2014471403457,2,19,0,4,0,0,0,0,0,0,2,1,1,1,25,5,1686,2,9,6,1
2014471403459,1,9,0,18,0,0,0,0,0,0,1,1,6,1,42,7,1686,2,4,1,1
2014471403459,2,9,0,4,0,0,0,0,0,0,2,1,6,2,34,6,1587,1,14,3,1
2014471403463,1,9,0,18,0,1,0,0,0,0,1,1,6,2,20,4,1242,1,-1,4,1
2014471403463,2,9,0,18,0,1,0,0,0,0,1,1,6,2,23,5,1896,2,4,4,1
2014471403463,3,9,0,18,0,1,0,0,0,0,0,1,6,1,45,7,1997,2,12,6,1
2014471403464,1,1,0,14,0,0,0,0,0,0,4,1,6,1,59,9,-1,-1,-1,4,1
2014471403464,2,19,0,2,0,0,0,0,0,0,3,1,6,3,-1,-1,2198,2,2,-1,-1
2014471403466,1,9,0,18,0,0,0,0,1,3,1,1,6,2,47,8,1796,1,10,3,1
2014471403467,1,9,0,9,0,5,0,0,0,0,3,2,6,1,27,6,-1,-1,-1,7,1
2014471403467,2,5,0,18,0,8,0,0,6,0,1,1,6,1,26,6,1000,1,1,10,1
2014471403470,1,11,0,18,0,0,0,0,0,0,1,1,1,1,48,8,-1,2,30,4,1
2014471403470,2,9,0,18,0,0,0,0,0,0,0,1,6,3,-1,-1,-1,-1,-1,-1,-1
2014471403471,1,9,0,18,0,1,0,0,0,0,1,1,6,1,24,5,1995,2,6,8,1
2014471403471,2,9,0,4,0,1,0,0,0,0,2,1,6,1,48,8,1560,2,1,-1,1
2014471403472,1,9,0,13,0,1,0,0,7,0,1,1,6,1,60,9,1995,2,12,8,3
2014471403472,2,9,0,9,0,8,0,0,7,10,3,1,6,1,67,10,1598,1,4,10,1
2014471403473,1,9,0,18,0,0,0,0,0,0,1,1,2,2,20,4,1299,1,8,8,3
2014471403473,2,9,0,3,0,0,0,0,0,0,2,1,6,2,26,6,1198,1,11,8,3
2014471403473,3,9,0,3,0,0,0,0,0,0,2,1,2,2,50,8,1341,1,11,8,1
2014471403473,4,9,0,3,0,0,0,0,0,0,2,1,3,2,34,6,1998,1,9,8,3
2014471403474,1,9,0,18,0,4,0,0,0,0,3,1,6,1,71,10,1796,1,13,2,1
2014471403474,2,1,0,18,0,8,0,0,0,0,1,1,6,1,31,6,-1,-1,-1,7,1
2014471403475,1,9,0,18,0,8,1,0,0,0,1,1,6,3,-1,-1,1199,1,12,-1,-1
2014471403475,2,3,0,18,0,1,1,0,1,1,2,1,6,1,21,5,102,1,7,1,1
2014471403475,3,9,0,2,0,2,0,0,0,0,2,1,6,3,-1,-1,1970,1,14,-1,-1
2014471403477,1,9,0,18,0,8,0,0,7,3,1,1,2,2,34,6,1329,1,2,3,1
2014471403478,1,9,0,13,0,8,0,0,0,0,1,1,6,1,24,5,1597,1,25,4,1
2014471403478,2,9,0,9,0,8,0,0,0,0,3,1,6,1,52,8,1390,1,12,9,1
2014471403479,1,9,0,5,0,1,0,0,0,0,3,2,6,1,61,9,1398,1,1,6,1
2014471403479,2,9,0,18,0,1,0,0,0,0,1,1,6,1,61,9,1988,1,11,7,3
2014471403480,1,9,0,18,0,0,0,0,0,0,1,1,6,2,31,6,1798,1,10,5,1
2014471403480,2,9,0,18,0,0,0,0,0,0,2,1,6,1,78,11,1339,1,12,6,1
2014471403482,1,9,0,18,0,0,0,0,0,0,4,1,1,1,44,7,-1,-1,-1,6,1
2014471403484,1,9,0,18,0,0,0,0,0,0,1,1,6,2,84,11,1329,1,2,8,3
2014471403484,2,9,0,18,0,0,0,0,0,0,1,1,6,2,78,11,1998,2,7,5,1
2014471403484,3,9,0,18,0,0,0,0,0,0,3,1,6,1,79,11,1364,1,4,6,1
2014471403485,1,9,0,18,0,2,5,4,0,0,1,1,6,2,31,6,1598,1,7,4,1
2014471403485,2,8,0,2,0,2,0,0,0,0,2,1,6,3,-1,-1,1242,1,13,-1,-1
2014471403485,3,9,0,2,0,2,0,0,1,0,2,1,6,3,-1,-1,1998,1,11,-1,-1
2014471403486,1,2,0,17,0,8,0,0,0,2,1,1,6,2,16,4,49,1,1,10,1
2014471403487,1,9,0,4,0,1,0,0,0,0,0,1,6,3,-1,-1,2993,2,9,-1,-1
2014471403487,2,11,0,18,0,1,0,0,0,0,0,1,1,1,32,6,8286,2,12,7,1
2014471403488,1,9,0,18,0,1,0,0,0,0,3,1,6,1,47,8,1795,1,15,5,1
2014471403488,2,9,0,18,0,1,0,0,0,0,4,1,6,1,35,6,2143,2,2,3,1
2014471403491,1,9,0,9,0,8,0,0,0,0,3,1,1,1,17,4,796,1,12,4,1
2014471403491,2,9,0,18,0,8,0,0,0,0,1,1,1,1,71,10,1998,1,8,7,1
2014471403491,3,9,0,4,0,8,0,0,0,0,1,1,1,2,57,9,1596,1,16,8,1
2014471403493,1,20,0,18,0,1,0,0,0,0,3,1,6,3,58,9,12900,2,5,2,1
2014471403493,2,9,0,18,0,1,0,0,0,0,4,1,6,2,49,8,1596,1,2,2,1
2014471403496,1,9,0,18,0,0,0,0,0,0,1,1,6,2,36,7,1753,2,12,9,2
2014471403496,2,9,0,4,0,0,0,0,0,0,2,1,6,1,64,9,1998,2,5,9,3
2014471403499,1,11,0,9,0,8,0,0,0,0,1,1,1,1,45,7,4580,2,6,6,1
2014471403499,2,9,0,18,0,8,0,0,7,0,4,1,6,2,25,5,1997,2,8,9,1
2014471403502,1,3,0,14,0,8,0,0,0,0,1,1,6,1,35,6,125,1,-1,2,1
2014471403502,2,9,0,9,0,8,0,0,0,0,3,1,6,1,82,11,1794,1,12,8,1
2014471403502,3,19,0,3,0,1,0,0,0,0,0,1,6,1,-1,-1,-1,-1,-1,-1,-1
2014471403504,1,9,0,18,0,0,5,4,0,0,1,1,6,2,50,8,1598,1,7,6,1
2014471403504,2,9,0,2,0,0,0,0,0,0,4,1,6,3,-1,-1,2495,1,12,-1,-1
2014471403504,3,9,0,2,0,0,0,0,0,0,3,1,6,3,-1,-1,1461,2,9,-1,-1
2014471403505,1,1,0,18,0,1,0,0,0,0,1,1,6,2,34,6,-1,-1,-1,4,1
2014471403506,1,9,0,6,0,0,0,0,0,0,0,1,6,1,-1,-1,-1,-1,-1,-1,-1
2014471403506,2,9,0,18,0,0,5,0,0,0,2,1,1,1,30,6,-1,-1,-1,7,1
2014471403506,3,9,0,18,0,0,0,0,0,0,1,1,6,1,48,8,1124,1,12,4,1
2014471403506,4,9,0,18,0,0,0,0,0,0,1,1,6,1,29,6,1596,1,5,10,1
2014471403508,1,9,0,9,0,2,1,0,0,0,1,1,6,2,77,11,1339,1,6,3,1
2014471403508,2,9,0,18,0,1,1,10,0,0,4,1,6,2,54,8,1596,1,5,1,1
2014471403509,1,9,0,5,0,0,0,0,0,0,1,1,6,1,73,10,2199,2,2,6,1
2014471403509,2,1,0,18,0,0,0,0,0,0,1,1,6,2,82,11,-1,-1,-1,10,1
2014471403510,1,9,0,9,0,5,0,0,0,0,4,1,6,1,18,4,973,1,13,9,3
2014471403510,2,1,0,17,0,8,1,0,1,0,1,1,6,1,52,8,-1,-1,-1,9,3
2014471403511,1,9,0,18,0,8,0,0,0,0,0,1,6,2,18,4,998,1,3,5,1
2014471403511,2,5,0,17,0,1,0,0,0,0,0,1,6,1,26,6,899,1,14,7,1
2014471403514,1,9,0,18,0,4,0,0,0,0,1,1,6,2,31,6,1390,1,10,5,1
2014471403514,2,9,0,18,0,4,0,0,0,0,2,1,6,1,45,7,1990,1,19,9,3
2014471403515,1,17,4,18,0,0,0,0,0,0,3,1,1,1,70,10,-1,2,8,3,3
2014471403515,2,9,0,18,0,0,0,0,0,0,1,1,6,1,75,10,1968,2,1,5,3
2014471403515,3,9,0,18,0,0,0,0,0,0,1,1,6,1,54,8,2993,2,1,8,2
2014471403516,1,9,0,18,0,0,0,0,0,0,4,1,6,1,24,5,1341,1,9,4,1
2014471403517,1,9,0,18,6,0,1,0,0,0,1,1,6,2,58,9,1248,1,5,3,1
2014471403518,1,9,0,18,0,2,5,10,0,0,1,1,6,2,18,4,1198,1,4,7,3
2014471403519,1,9,0,18,0,8,0,0,1,0,1,1,6,2,45,7,1997,2,10,9,1
2014471403519,2,9,0,18,0,8,0,0,1,0,1,1,6,2,50,8,2179,2,3,10,2
2014471403522,1,19,0,6,0,0,0,0,0,0,3,1,1,1,72,10,1248,2,-1,2,1
2014471403522,2,1,0,18,0,0,0,0,0,0,1,1,6,1,19,4,-1,-1,-1,7,1
2014471403523,1,1,0,18,4,8,1,0,0,0,4,1,1,2,20,4,-1,-1,-1,6,1
2014471403523,2,9,0,4,0,1,0,0,0,0,4,1,6,2,59,9,998,1,15,1,1
2014471403524,1,9,0,1,0,2,0,0,1,10,2,1,6,1,69,10,-1,-1,-1,6,1
2014471403528,1,9,0,9,0,8,0,0,0,0,4,1,6,1,45,7,2179,2,1,4,1
2014471403528,2,5,0,18,0,1,0,0,0,0,4,1,6,1,44,7,998,1,11,4,1
2014471403530,1,11,0,16,0,8,0,0,0,0,0,1,1,3,30,6,-1,-1,-1,-1,-1
2014471403530,2,3,0,17,0,8,0,0,0,0,0,1,6,1,23,5,124,1,22,1,1
2014471403531,1,9,0,18,0,0,0,0,0,0,1,1,1,1,39,7,1395,1,1,5,1
2014471403531,2,9,0,3,0,0,0,0,0,0,2,1,6,1,43,7,1117,1,24,3,1
2014471403533,1,9,0,7,0,8,0,0,0,0,4,1,6,1,49,8,1396,2,1,8,1
2014471403533,2,1,0,18,0,1,0,0,0,0,1,1,6,1,22,5,-1,-1,-1,6,3
2014471403536,1,9,0,14,0,1,0,0,0,0,3,1,6,3,30,6,-1,-1,-1,-1,-1
2014471403536,2,9,0,18,0,1,0,0,0,0,3,1,6,1,51,8,998,1,18,3,1
2014471403539,1,9,0,18,0,6,0,0,0,0,1,1,2,1,30,6,1248,2,8,7,1
2014471403539,2,9,0,18,0,2,0,0,0,0,3,1,6,1,26,6,1896,2,9,5,1
2014471403541,1,9,0,9,0,1,0,0,0,0,1,1,6,2,20,4,1364,1,8,6,1
2014471403541,2,1,0,18,0,1,0,0,0,0,1,1,2,2,34,6,-1,-1,-1,6,3
2014471403543,1,9,0,18,0,0,0,0,0,0,4,1,3,2,44,7,1242,1,9,6,1
2014471403544,1,9,0,18,0,0,1,0,0,0,1,1,6,2,34,6,1390,1,2,3,1
2014471403544,2,5,0,4,0,0,0,0,0,0,2,1,2,1,52,8,865,1,9,4,1
2014471403545,1,9,0,9,0,8,0,0,0,0,4,1,6,1,77,11,1461,2,4,9,2
2014471403545,2,1,0,18,0,8,0,0,0,0,1,1,6,1,28,6,-1,-1,-1,9,1
2014471403546,1,9,0,18,0,0,0,4,0,0,1,1,6,1,72,10,998,1,1,7,1
2014471403546,2,9,0,2,0,0,0,4,0,0,2,1,6,3,-1,-1,1339,1,4,-1,-1
2014471403546,3,9,0,2,0,0,0,0,0,0,2,1,6,3,-1,-1,998,1,4,-1,-1
2014471403547,1,9,0,11,0,0,0,0,0,0,1,1,6,2,37,7,1998,2,5,5,1
2014471403547,2,9,0,18,0,0,0,0,0,0,1,1,6,3,35,6,-1,-1,-1,-1,-1
2014471403547,3,9,0,4,0,0,0,0,0,0,2,1,6,1,39,7,1968,2,5,3,1
2014471403550,1,1,0,18,0,8,0,0,0,0,0,1,6,2,30,6,-1,-1,-1,-1,-1
2014471403550,2,9,0,18,0,8,0,0,0,0,0,1,2,2,42,7,1596,1,4,2,1
2014471403552,1,19,0,18,0,0,0,0,0,0,4,1,6,3,30,6,2143,2,3,-1,-1
2014471403552,2,1,0,18,0,0,0,0,1,0,3,1,2,1,68,10,-1,-1,-1,6,1
2014471403553,1,9,0,18,0,0,0,0,0,0,0,1,6,3,40,7,2500,2,28,-1,-1
2014471403553,2,9,0,18,0,0,0,0,0,0,1,1,3,2,28,6,1398,1,16,6,1
2014471403556,1,9,0,17,0,0,0,0,0,0,1,1,6,1,56,9,1984,1,12,6,3
2014471403556,2,17,4,16,0,0,0,0,0,0,1,1,1,1,31,6,6728,2,-1,5,3
2014471403556,3,9,0,18,0,0,0,0,0,0,0,1,6,2,65,9,1596,1,10,9,3
2014471403557,1,20,0,9,0,6,0,0,0,0,1,1,1,1,30,6,2198,2,2,6,1
2014471403557,2,9,0,18,0,8,0,0,0,0,1,1,6,2,56,9,1242,1,11,6,1
2014471403558,1,22,0,18,9,0,0,0,0,0,1,1,6,2,70,10,-1,-1,-1,-1,-1
2014471403559,1,9,0,4,0,1,0,0,0,0,1,1,6,1,66,10,1349,1,3,5,1
2014471403559,2,9,0,3,0,1,0,0,0,0,2,1,6,2,30,6,1199,1,13,7,1
2014471403560,1,9,0,5,0,4,0,0,0,0,1,1,6,2,66,10,1242,1,1,3,1
2014471403560,2,5,0,18,0,8,0,0,0,0,2,1,1,1,39,7,1170,1,1,5,1
2014471403562,1,9,0,9,0,2,0,0,0,0,4,1,6,1,33,6,2498,1,14,7,3
2014471403562,2,9,0,18,0,1,0,0,0,0,1,1,1,1,71,10,2148,2,6,1,1
2014471403563,1,9,0,18,0,0,0,0,0,0,1,1,6,2,42,7,1149,1,14,5,3
2014471403563,2,19,0,18,0,0,0,0,0,0,2,1,2,1,42,7,1598,2,2,3,1
2014471403564,1,9,0,18,0,1,0,0,0,0,1,1,6,2,59,9,1339,1,9,3,1
2014471403564,2,9,0,18,0,1,0,0,0,0,1,1,6,1,44,7,1390,1,12,1,1
2014471403566,1,9,0,10,0,8,0,0,0,0,1,1,6,1,41,7,1956,2,2,1,1
2014471403566,2,9,0,18,0,1,0,0,0,0,4,1,6,1,55,8,4196,1,8,8,1
2014471403567,1,4,0,13,0,8,0,0,7,0,1,1,6,1,19,4,249,1,4,9,1
2014471403567,2,9,0,9,0,8,0,0,0,0,3,1,6,1,59,9,1598,1,11,9,2
2014471403568,1,9,0,9,0,6,0,0,0,0,3,1,6,2,77,11,1339,1,5,8,1
2014471403568,2,9,0,18,0,1,1,0,0,0,1,1,6,1,31,6,1796,1,5,7,1
2014471403569,1,9,0,18,0,8,1,0,0,0,1,1,6,1,26,6,1796,1,11,3,1
2014471403569,2,9,0,9,0,8,1,0,0,0,3,1,6,1,26,6,1229,1,1,7,1
2014471403570,1,19,0,14,0,0,0,0,0,0,3,1,6,1,45,7,2459,2,15,1,1
2014471403570,2,11,0,14,0,0,0,0,0,0,3,1,1,1,52,8,9000,2,10,2,1
2014471403574,1,9,0,9,0,1,0,0,0,0,1,1,6,1,54,8,1364,2,6,4,1
2014471403579,1,9,0,18,0,0,0,0,0,0,1,1,6,1,30,6,-1,-1,-1,-1,-1
2014471403579,2,9,0,18,0,0,0,0,0,0,1,1,6,2,30,6,1968,2,6,6,2
2014471403582,1,9,0,13,0,1,0,0,0,0,4,1,6,1,67,10,3614,1,4,6,1
2014471403582,2,9,0,9,0,1,0,0,0,0,3,1,6,2,47,8,1497,1,18,6,2
2014471403584,1,9,0,18,0,8,0,0,0,0,1,1,6,2,60,9,-1,-1,-1,-1,-1
2014471403584,2,9,0,18,0,8,0,0,0,0,2,1,6,1,64,9,1799,1,15,6,1
2014471403589,1,9,0,18,0,0,1,4,8,11,1,1,6,1,27,6,1895,1,13,3,1
2014471403589,2,11,0,2,6,0,0,0,0,0,0,1,6,3,-1,-1,12000,2,6,-1,-1
2014471403590,1,17,4,18,0,1,1,0,0,0,1,1,1,1,18,4,6788,2,3,6,3
2014471403590,2,19,0,18,0,1,0,0,0,0,2,1,1,1,26,6,1995,2,1,6,1
2014471403590,3,9,0,3,0,1,0,0,0,0,2,1,6,2,31,6,1596,1,12,5,1
2014471403591,1,8,0,18,0,1,0,0,0,0,3,1,1,1,29,6,1997,2,2,2,1
2014471403596,1,9,0,1,0,6,0,0,0,0,4,1,6,1,44,7,1796,1,11,5,1
2014471403596,2,9,0,18,0,8,1,0,0,0,1,1,1,1,36,7,1896,2,11,6,1
2014471403597,1,20,0,18,0,2,0,0,0,0,0,1,1,1,59,9,119,2,8,7,1
2014471403597,2,1,0,12,0,2,0,2,1,1,4,1,6,1,26,6,-1,-1,-1,4,1
2014471403599,1,9,0,7,0,0,0,0,0,0,2,1,6,1,60,9,1229,1,4,7,3
2014471403599,2,9,0,18,0,0,0,0,0,0,1,1,6,2,29,6,1973,1,16,10,1
2014471403600,1,9,0,4,0,1,0,10,1,1,3,1,6,1,53,8,1598,1,14,3,1
2014471403600,2,9,0,4,0,1,0,0,0,0,4,1,6,1,52,8,-1,-1,-1,4,1
2014471403600,3,9,0,3,0,1,0,10,1,0,3,1,6,2,31,6,1242,1,7,6,1
2014471403602,1,9,0,9,0,8,0,0,0,0,3,1,6,1,58,9,1997,2,-1,-1,-1
2014471403602,2,9,0,18,0,8,1,0,0,0,4,1,6,1,38,7,2240,1,-1,9,3
2014471403603,1,9,0,18,0,2,0,0,0,0,1,1,6,1,51,8,1498,1,13,6,3
2014471403604,1,19,0,18,0,1,0,0,0,0,1,1,6,1,40,7,-1,-1,-1,-1,-1
2014471403604,2,9,0,4,0,1,0,0,0,0,2,1,6,2,46,8,1360,1,14,5,1
2014471403605,1,9,0,18,0,1,0,0,0,0,1,1,6,2,64,9,1596,1,15,3,1
2014471403605,2,9,0,4,0,1,0,0,0,0,2,1,6,1,27,6,1149,1,14,1,1
2014471403608,1,9,0,9,0,6,0,0,0,0,3,1,2,1,47,8,1598,1,2,9,1
2014471403608,2,3,0,18,0,1,0,0,0,0,1,1,2,2,18,4,125,1,-1,2,1
2014471403609,1,9,0,9,0,0,0,0,0,0,3,1,6,1,44,7,2261,1,6,7,1
2014471403609,2,3,0,13,0,0,0,0,0,0,4,1,6,1,31,6,-1,-1,-1,5,1
2014471403611,1,9,0,18,0,0,0,4,0,0,1,1,6,1,79,11,1999,1,11,8,3
2014471403611,2,21,0,2,0,0,0,0,0,0,2,1,1,1,59,9,11967,2,4,5,2
2014471403612,1,9,0,9,0,6,0,0,0,0,3,1,6,2,47,8,1686,2,7,9,1
2014471403612,2,5,0,18,0,1,0,0,0,0,1,1,6,1,25,5,998,1,5,6,2
2014471403614,1,9,0,1,0,0,0,0,0,0,2,1,6,1,70,10,1999,1,7,6,1
2014471403615,1,9,0,5,0,4,0,0,0,0,1,1,6,1,83,11,1598,1,12,9,2
2014471403615,2,1,0,18,0,8,0,0,0,0,4,1,2,1,27,6,-1,-1,-1,10,2
2014471403617,1,9,0,18,0,0,0,0,0,0,4,1,6,3,-1,-1,-1,-1,-1,-1,-1
2014471403617,2,1,0,18,0,0,0,0,0,0,3,1,6,1,17,4,-1,-1,-1,5,2
2014471403618,1,19,0,18,0,1,1,0,0,0,1,1,1,1,32,6,2463,2,9,10,1
2014471403618,2,9,0,4,0,8,0,0,0,0,2,1,6,2,63,9,1388,1,12,8,1
2014471403618,3,11,0,4,0,1,0,0,0,0,0,1,1,1,45,7,-1,-1,-1,-1,-1
2014471403619,1,9,0,9,0,6,0,0,0,0,3,1,6,2,47,8,1984,1,13,4,3
2014471403619,2,1,0,18,0,1,0,0,0,0,1,1,6,2,25,5,-1,-1,-1,10,3
2014471403620,1,1,0,15,0,1,0,0,0,0,1,1,6,1,34,6,-1,-1,-1,2,1