Accident_Index,Vehicle_Reference,Vehicle_Type,Towing_and_Articulation,Vehicle_Manoeuvre,Vehicle_Location-Restricted_Lane,Junction_Location,Skidding_and_Overturning,Hit_Object_in_Carriageway,Vehicle_Leaving_Carriageway,Hit_Object_off_Carriageway,1st_Point_of_Impact,Was_Vehicle_Left_Hand_Drive?,Journey_Purpose_of_Driver,Sex_of_Driver,Age_of_Driver,Age_Band_of_Driver,Engine_Capacity_(CC),Propulsion_Code,Age_of_Vehicle,Driver_IMD_Decile,Driver_Home_Area_Type
2014471403620,2,9,0,7,0,1,0,0,0,0,4,1,6,2,53,8,1781,1,17,4,1
2014471403621,1,19,0,18,0,0,1,0,0,0,1,1,1,1,27,6,2402,2,6,4,1
2014471403621,2,9,0,18,0,0,0,0,0,0,2,1,6,1,37,7,1995,2,2,7,1
2014471403622,1,9,0,18,0,1,0,0,0,0,0,1,6,1,40,7,1956,2,5,7,2
2014471403623,1,9,0,18,0,0,0,0,7,0,1,1,6,1,26,6,1995,2,3,5,1
2014471403623,2,9,0,18,0,0,0,0,1,0,1,1,6,1,45,7,1995,2,1,3,1
2014471403626,1,1,0,18,0,1,0,0,0,0,2,1,4,2,21,5,-1,-1,-1,7,1
2014471403626,2,9,0,4,0,1,0,0,0,0,2,1,1,2,57,9,1587,1,15,9,1
2014471403627,1,9,0,9,0,1,0,0,0,0,3,1,2,1,60,9,-1,-1,-1,5,1
2014471403627,2,1,0,15,0,8,0,0,0,0,1,1,6,1,19,4,-1,-1,-1,6,1
2014471403627,3,9,0,3,0,1,0,0,0,0,0,1,6,1,50,8,-1,-1,-1,9,1
2014471403628,1,9,0,7,0,8,0,0,0,0,1,1,6,1,36,7,1995,2,8,5,1
2014471403628,2,1,0,10,0,1,0,0,0,0,3,1,6,1,49,8,-1,-1,-1,7,1
2014471403629,1,9,0,18,0,6,0,0,3,1,1,1,6,1,82,11,1360,1,12,9,3
2014471403629,2,9,0,18,0,1,0,0,1,1,1,1,6,2,51,8,1596,1,6,-1,1
2014471403632,1,9,0,6,0,0,0,0,1,11,1,1,6,2,47,8,1598,1,4,10,1
2014471403634,1,9,0,10,0,8,0,0,0,0,1,1,6,1,50,8,2198,1,12,1,1
2014471403634,2,9,0,18,0,1,0,0,0,0,1,1,6,2,60,9,1124,1,12,2,1
2014471403636,1,5,0,16,0,0,1,10,0,0,4,1,6,1,27,6,1137,1,15,4,1
2014471403636,2,9,0,4,0,0,0,0,0,0,1,1,6,1,68,10,1598,1,1,6,1
2014471403639,1,11,0,5,0,1,0,0,0,0,0,1,1,1,56,9,9360,2,3,5,1
2014471403642,1,9,0,18,0,0,0,0,0,0,1,1,6,2,71,10,998,1,8,4,1
2014471403643,1,9,0,4,0,1,0,0,0,0,1,1,6,2,50,8,1349,1,3,7,1
2014471403643,2,9,0,3,0,1,0,0,0,0,2,1,6,1,68,10,998,1,2,3,1
2014471403644,1,9,0,16,0,0,5,0,7,1,1,1,6,1,21,5,1560,2,-1,9,2
2014471403645,1,9,0,16,0,0,1,0,0,0,1,1,6,2,35,6,2495,2,18,5,1
2014471403645,2,9,0,18,0,0,0,0,1,0,1,1,6,1,82,11,1339,8,2,7,3
2014471403646,1,9,0,18,0,0,1,0,7,11,1,1,2,1,21,5,1242,1,10,3,1
2014471403648,1,5,0,18,0,0,1,0,7,9,1,1,6,1,19,4,649,1,5,-1,-1
2014471403649,1,8,0,18,0,8,0,0,0,0,1,1,1,1,46,8,1997,2,3,1,1
2014471403649,2,9,0,6,0,8,0,0,0,0,3,1,6,1,18,4,1299,1,13,10,1
2014471403651,1,9,0,9,0,6,0,0,0,0,1,1,6,2,48,8,1587,1,9,5,1
2014471403651,2,3,0,14,0,1,0,0,0,0,1,1,2,1,47,8,124,1,2,7,1
2014471403651,3,9,0,3,0,1,0,0,0,0,0,1,6,2,45,7,1896,2,6,3,1
2014471403652,1,9,0,6,0,2,0,0,0,0,3,1,1,1,43,7,1598,1,1,6,1
2014471403652,2,1,0,13,0,2,0,0,0,0,1,1,2,1,41,7,-1,-1,-1,9,1
2014471403655,1,2,0,18,0,0,0,0,0,0,1,1,6,2,22,5,-1,-1,-1,4,1
2014471403655,2,9,0,18,0,0,0,0,0,0,1,1,6,1,39,7,4966,1,10,5,2
2014471403658,1,9,0,18,0,1,0,0,0,0,1,1,6,1,39,7,2171,2,13,1,1
2014471403658,2,9,0,18,0,1,0,0,0,0,2,1,6,1,50,8,1598,2,3,3,1
2014471403658,3,9,0,3,0,1,0,0,0,0,2,1,6,1,45,7,998,1,8,-1,-1
2014471403659,1,9,0,18,0,0,0,0,0,0,4,1,6,1,40,7,1951,2,12,2,1
2014471403660,1,9,0,7,0,2,0,0,0,1,1,1,6,1,17,4,1242,1,8,8,1
2014471403664,1,3,0,18,0,0,0,0,0,0,1,1,6,1,24,5,-1,-1,-1,7,2
2014471403664,2,9,0,18,0,0,0,0,0,0,2,1,6,1,19,4,1794,1,12,7,3
2014471403665,1,5,0,18,0,1,0,0,0,0,0,1,6,2,47,8,955,1,14,7,1
2014471403665,2,21,1,5,0,1,0,0,0,0,0,1,1,1,27,6,12777,2,2,10,1
2014471403666,1,19,0,18,0,1,0,0,0,0,1,1,1,1,28,6,2143,2,4,4,2
2014471403666,2,9,0,3,0,1,0,0,0,0,2,1,1,1,50,8,2967,1,15,4,1
2014471403666,3,9,0,10,0,1,0,0,0,0,2,1,6,1,30,6,1598,1,2,10,1
2014471403667,1,9,0,18,0,0,0,0,0,0,3,1,2,1,67,10,1968,2,7,4,3
2014471403667,2,21,1,18,0,0,0,0,0,0,3,2,1,1,43,7,-1,-1,-1,-1,-1
2014471403668,1,9,0,5,0,8,0,0,0,0,1,1,6,1,21,5,1598,1,12,4,1
2014471403668,2,9,0,18,0,1,0,0,0,0,1,1,6,2,21,5,1199,1,11,9,1
2014471403668,3,9,0,3,0,1,0,0,0,0,3,1,6,2,60,9,1229,1,8,7,1
2014471403669,1,9,0,17,0,0,0,0,7,4,1,1,2,2,39,7,1124,1,13,8,2
2014471403673,1,4,0,18,0,0,1,12,0,0,1,1,6,1,76,11,490,1,58,6,3
2014471403676,1,9,0,18,0,1,0,11,0,6,0,1,1,1,76,11,-1,-1,-1,8,2
2014471403676,2,9,0,18,0,1,0,11,0,0,0,1,6,1,50,8,-1,-1,-1,10,1
2014471403676,3,9,0,18,0,1,1,0,5,6,1,1,1,2,37,7,1364,2,6,5,1
2014471403676,4,9,0,18,0,1,0,0,0,0,1,1,2,1,29,6,2401,2,11,5,1
2014471403679,1,9,0,17,2,5,0,0,0,0,4,1,6,1,40,7,-1,-1,-1,-1,-1
2014471403679,2,1,0,18,5,8,0,0,0,0,3,1,6,2,22,5,-1,-1,-1,5,1
2014471403680,1,9,0,11,0,1,0,0,0,0,0,1,6,3,-1,-1,-1,-1,-1,-1,-1
2014471403680,2,9,0,18,0,1,0,0,0,0,0,1,6,3,-1,-1,-1,-1,-1,-1,-1
2014471403680,3,11,0,18,0,2,0,0,0,0,0,1,1,1,26,6,9000,2,9,4,1
2014471403681,1,9,0,18,0,8,0,0,0,0,1,1,6,2,31,6,1299,1,15,7,1
2014471403681,2,9,0,18,0,8,0,0,0,0,4,1,6,2,43,7,1199,1,15,7,3
2014471403682,1,9,0,18,0,8,0,0,0,0,1,1,6,1,53,8,1582,2,1,3,1
2014471403682,2,9,0,18,0,8,0,0,7,11,4,1,6,1,40,7,1596,1,8,1,1
2014471403683,1,9,0,4,0,1,0,0,0,0,1,1,6,1,26,6,2400,2,4,9,1
2014471403683,2,9,0,4,0,1,0,0,0,0,2,1,6,1,51,8,-1,-1,-1,4,1
2014471403683,3,9,0,7,0,1,0,0,0,0,0,1,6,1,40,7,-1,-1,-1,-1,-1
2014471403684,1,9,0,18,0,1,0,0,0,0,1,1,6,1,26,6,1968,2,-1,2,1
2014471403684,2,9,0,18,0,1,0,0,0,0,2,1,6,1,52,8,1149,1,15,3,1
2014471403685,1,5,0,18,0,0,1,0,0,0,1,1,6,1,45,7,649,1,2,7,3
2014471403685,2,9,0,18,0,0,0,0,0,0,2,1,6,2,29,6,1560,2,3,6,2
2014471403685,3,90,0,18,0,0,0,0,0,0,0,1,1,1,29,6,2987,2,4,6,2
2014471403686,1,9,0,16,0,0,0,0,0,0,3,1,1,2,75,10,1461,2,9,10,1
2014471403686,2,9,0,17,0,0,0,0,1,4,3,1,6,1,51,8,1388,1,8,2,1
2014471403689,1,19,0,5,8,6,0,0,0,0,1,1,1,1,54,8,2198,2,-1,7,1
2014471403689,2,1,0,18,4,8,0,0,0,0,4,1,2,1,53,8,-1,-1,-1,4,1
2014471403690,1,9,0,18,0,0,0,0,0,0,3,1,6,2,52,8,1998,2,8,3,1
2014471403690,2,9,0,18,0,0,0,0,1,0,3,1,6,1,52,8,1800,1,15,6,2
2014471403691,1,1,0,18,0,0,0,4,0,0,1,1,4,1,14,3,-1,-1,-1,10,1
2014471403691,2,21,0,2,0,0,0,0,0,0,4,1,1,1,57,9,6692,2,2,6,2
2014471403692,1,9,0,5,0,1,1,0,0,0,1,1,6,2,19,4,1910,2,9,8,3
2014471403692,2,9,0,5,0,2,0,0,0,0,2,1,6,2,23,5,-1,-1,-1,2,1
2014471403695,1,19,0,3,0,1,0,0,0,0,1,1,6,3,30,6,1399,2,4,-1,-1
2014471403695,2,9,0,3,0,1,0,0,0,0,2,1,6,2,64,9,1240,1,7,5,1
2014471403699,1,9,0,3,0,3,0,0,0,0,2,1,6,3,55,8,1398,2,10,-1,-1
2014471403699,2,9,0,3,0,3,0,0,0,0,1,1,6,1,42,7,2188,2,12,7,1
2014471403700,1,9,0,18,0,1,0,0,0,0,1,1,6,2,40,7,1582,2,4,7,1
2014471403700,2,9,0,3,0,1,0,0,0,0,2,1,2,2,23,5,1242,1,2,9,3
2014471403702,1,1,0,9,0,5,0,0,0,0,3,1,6,1,65,9,-1,-1,-1,10,1
2014471403702,2,9,0,18,0,5,1,0,7,10,1,1,1,1,31,6,2993,2,1,9,2
2014471403706,1,9,0,4,0,1,0,0,0,0,1,1,6,2,40,7,1229,1,4,-1,-1
2014471403706,2,9,0,10,0,1,0,0,0,0,0,1,2,2,67,10,1984,1,13,7,1
2014471403708,1,9,0,18,0,8,0,0,0,0,4,1,6,3,-1,-1,1299,1,15,-1,-1
2014471403708,2,1,0,18,0,8,0,0,0,0,3,1,1,2,40,7,-1,-1,-1,6,1
2014471403711,1,9,0,17,0,0,0,0,0,0,1,1,6,2,66,10,1896,2,10,3,1
2014471403712,1,9,0,4,0,0,0,0,0,0,1,1,1,1,51,8,2401,2,11,6,1
2014471403712,2,19,0,4,0,0,0,0,0,0,2,1,1,1,40,7,2198,2,1,9,1
2014471403713,1,9,0,8,0,6,0,0,0,0,1,1,6,2,33,6,1587,1,13,1,1
2014471403713,2,9,0,8,0,6,0,0,0,0,2,1,6,2,42,7,1242,1,8,2,1
2014471403714,1,5,0,18,0,8,0,0,0,0,4,1,6,1,37,7,998,1,8,9,3
2014471403714,2,9,0,18,0,8,0,0,0,0,3,1,6,1,56,9,698,1,10,7,1
2014471403714,3,9,0,18,0,8,0,0,0,0,2,1,6,2,51,8,1332,1,16,7,1
2014471403714,4,9,0,18,0,2,0,0,0,0,2,1,6,1,45,7,1598,2,-1,8,1
2014471403718,1,9,0,18,0,0,0,0,1,0,3,1,2,1,22,5,1587,1,14,6,2
2014471403718,2,19,0,18,0,0,0,0,0,0,3,1,1,1,37,7,2151,2,12,4,1
2014471403724,1,9,0,18,0,4,0,0,0,0,1,1,6,3,-1,-1,-1,-1,-1,-1,-1
2014471403724,2,9,0,3,0,4,0,0,3,0,2,1,6,1,21,5,1590,1,13,3,1
2014471403725,1,9,0,3,0,2,0,0,0,0,0,1,2,2,52,8,998,1,2,5,1
2014471403727,1,5,0,18,0,0,0,0,0,0,1,1,6,1,33,6,1137,1,13,7,1
2014471403727,2,21,0,18,0,0,0,0,0,0,2,1,6,1,-1,-1,-1,-1,-1,-1,-1
2014471403729,1,5,0,18,0,1,0,0,0,0,1,1,6,1,51,8,885,1,14,3,1
2014471403729,2,9,0,4,0,1,0,0,0,0,2,1,6,1,48,8,1796,1,13,10,1
2014471403731,1,20,0,1,0,2,0,0,0,0,2,1,1,1,40,7,-1,-1,-1,-1,-1
2014471403732,1,9,0,5,0,4,0,0,0,0,1,1,2,2,52,8,1598,1,4,10,3
2014471403732,2,5,0,18,0,8,0,0,0,0,4,1,2,2,46,8,847,1,1,9,2
2014471403734,1,9,0,1,0,0,0,0,0,0,2,1,1,1,42,7,-1,-1,-1,5,1
2014471403735,1,9,0,18,0,8,0,0,0,0,4,1,6,2,74,10,1149,1,13,8,1
2014471403735,2,9,0,18,0,4,0,0,0,0,3,1,6,2,30,6,1461,2,-1,8,1
2014471403736,1,9,0,4,0,0,0,0,0,0,1,2,6,2,20,4,1997,1,10,10,2
2014471403736,2,19,0,3,0,0,0,0,0,0,2,1,1,1,58,9,1248,2,6,6,2
2014471403739,1,9,0,18,0,0,0,0,0,0,1,1,6,1,40,7,875,1,1,10,1
2014471403740,1,11,0,4,0,1,0,0,0,0,1,1,1,1,26,6,9000,2,9,7,3
2014471403740,2,9,0,3,0,1,0,0,0,0,2,1,6,1,34,6,1248,2,2,8,1
2014471403743,1,9,0,4,0,1,0,0,0,0,1,1,6,2,39,7,1242,1,10,7,1
2014471403743,2,9,0,4,0,1,0,0,0,0,2,1,6,2,29,6,1596,1,9,1,1
2014471403744,1,9,0,18,0,0,0,0,1,4,1,1,6,2,20,4,1199,1,16,1,1
2014471403745,1,9,0,18,0,1,0,0,0,0,1,1,6,2,47,8,1910,2,7,4,1
2014471403745,2,9,0,3,0,1,0,0,0,0,0,1,1,1,30,6,1896,2,16,4,1
2014471403745,3,19,0,18,0,1,0,0,0,0,0,1,1,1,21,5,2496,2,14,3,1
2014471403746,1,9,0,9,0,6,0,0,0,0,4,1,6,1,24,5,1598,1,15,3,1
2014471403746,2,1,0,17,0,1,0,0,0,0,1,1,6,2,23,5,-1,-1,-1,5,1
2014471403747,1,9,0,4,0,1,0,0,0,0,1,1,6,1,40,7,1498,1,2,3,1
2014471403747,2,9,0,4,0,1,0,0,0,0,2,1,6,2,52,8,1597,1,16,3,1
2014471403747,3,9,0,4,0,1,0,0,0,0,2,1,6,2,56,9,1560,2,1,3,1
2014471403749,1,9,0,18,0,6,0,0,0,0,4,1,6,2,20,4,-1,-1,-1,-1,-1
2014471403749,2,9,0,18,0,1,0,0,0,0,1,1,6,1,52,8,1461,2,6,5,1
2014471403750,1,9,0,9,0,6,0,0,0,0,1,1,6,2,89,11,1360,1,13,7,1
2014471403751,1,9,0,7,0,2,0,0,0,0,1,1,2,1,41,7,-1,-1,-1,5,1
2014471403751,2,11,0,2,0,2,0,0,0,0,2,1,1,1,58,9,9000,2,6,9,3
2014471403752,1,9,0,18,0,0,0,0,0,0,0,1,6,1,34,6,2204,2,8,5,1
2014471403752,2,9,0,18,0,0,0,0,0,0,1,1,6,2,42,7,898,1,-1,8,1
2014471403752,3,20,0,18,0,0,0,0,0,0,2,1,1,1,36,7,-1,-1,-1,4,1
2014471403753,1,9,0,7,0,1,0,0,0,0,0,1,6,1,22,5,1461,2,-1,1,1
2014471403753,2,19,0,4,0,1,0,0,0,0,0,1,6,1,44,7,-1,-1,-1,2,1
2014471403754,1,9,0,9,0,6,0,0,0,0,1,1,2,2,54,8,1994,2,5,9,1
2014471403754,2,9,0,18,0,8,0,0,0,0,1,1,6,1,51,8,1461,2,1,10,1
2014471403756,1,9,0,18,0,8,0,0,0,0,1,1,6,2,75,10,1240,1,9,6,1
2014471403756,2,1,0,9,0,8,0,0,0,0,4,1,2,1,42,7,-1,-1,-1,9,1
2014471403760,1,9,0,18,0,0,0,0,0,0,4,1,6,2,78,11,1339,1,-1,8,3
2014471403760,2,9,0,2,6,0,0,0,0,0,3,1,6,1,59,9,1798,1,2,10,1
2014471403761,1,1,0,15,0,1,0,0,0,0,1,1,6,1,17,4,-1,-1,-1,8,1
2014471403761,2,9,0,4,0,1,0,0,0,0,4,1,6,2,47,8,-1,-1,-1,-1,-1
2014471403762,1,19,0,18,0,8,1,0,0,0,1,1,6,1,38,7,1997,2,9,8,1
2014471403762,2,1,0,18,0,8,0,0,0,0,2,1,6,1,28,6,-1,-1,-1,4,1
2014471403763,1,9,0,18,0,1,0,0,0,0,1,1,6,1,44,7,1997,2,9,4,1
2014471403763,2,8,0,4,0,1,0,0,0,0,2,1,1,1,40,7,1910,2,4,8,1
2014471403764,1,5,0,18,0,1,1,0,0,0,1,1,6,1,32,6,998,1,6,3,1
2014471403764,2,9,0,18,0,1,0,0,0,0,1,1,1,1,40,7,-1,-1,-1,5,1
2014471403764,3,9,0,2,0,1,0,0,0,0,4,1,6,3,-1,-1,1998,1,8,-1,-1
2014471403764,4,11,0,2,0,2,0,0,0,0,0,1,1,1,30,6,9000,2,3,6,1
2014471403765,1,1,0,18,0,6,0,0,0,0,3,1,6,1,24,5,-1,-1,-1,6,1
2014471403765,2,3,0,14,0,8,0,0,0,0,1,1,6,1,21,5,124,1,3,7,1
2014471403766,1,9,0,16,0,0,0,0,0,0,0,1,6,3,-1,-1,-1,-1,-1,-1,-1
2014471403766,2,2,0,17,0,0,0,0,1,10,1,1,6,1,18,4,49,1,1,8,1
2014471403767,1,8,0,9,0,2,0,0,0,0,1,1,1,1,32,6,1798,8,2,1,1
2014471403769,1,1,0,4,0,4,0,0,0,0,0,1,2,1,30,6,-1,-1,-1,8,1
2014471403770,1,9,0,7,0,8,1,10,1,1,1,1,6,1,19,4,1600,1,14,3,1
2014471403771,1,1,0,18,9,0,0,0,0,0,1,1,6,1,41,7,-1,-1,-1,1,1
2014471403773,1,19,0,18,0,0,0,0,0,0,1,1,1,1,58,9,1560,2,1,5,1
2014471403777,1,9,0,17,0,0,1,10,0,0,1,1,6,1,22,5,1086,1,10,6,1
2014471403777,2,9,0,18,0,0,0,0,1,4,1,1,6,1,58,9,1997,1,1,9,3
2014471403781,1,9,0,18,0,1,0,0,0,0,1,1,6,1,27,6,1242,1,5,5,1
2014471403781,2,9,0,3,0,1,0,0,0,0,2,1,6,1,25,5,1299,1,13,5,1
2014471403783,1,9,0,18,0,1,0,0,0,0,1,1,6,2,20,4,1396,1,26,-1,-1
2014471403783,2,9,0,2,0,1,0,0,0,0,2,1,6,1,36,7,796,1,12,5,1
2014471403784,1,1,0,18,9,6,0,0,0,0,1,1,4,1,15,3,-1,-1,-1,3,1
2014471403784,2,9,0,9,0,5,0,0,0,0,3,1,6,1,76,11,1398,2,1,1,1
2014471403785,1,9,0,17,0,0,0,0,0,0,1,1,6,1,54,8,1339,1,-1,6,3
2014471403785,2,1,0,18,0,0,1,0,0,0,1,1,6,1,42,7,-1,-1,-1,8,1
2014471403786,1,9,0,16,0,8,0,0,2,4,1,1,6,2,52,8,1390,1,15,8,3
2014471403787,1,3,0,13,0,1,0,0,0,0,4,1,6,1,18,4,125,1,1,10,1
2014471403787,2,19,0,4,0,1,0,0,0,0,3,1,2,1,26,6,2460,2,10,6,1
2014471403788,1,9,0,18,0,0,5,0,0,0,4,1,6,1,25,5,1299,1,13,10,1
2014471403788,2,9,0,2,0,0,0,0,0,0,4,1,6,3,-1,-1,1896,2,8,-1,-1
2014471403789,1,9,0,9,0,5,0,0,0,0,4,1,6,1,41,7,1997,2,13,7,1
2014471403789,2,3,0,18,0,1,0,0,0,0,1,1,6,1,19,4,-1,-1,-1,7,1
2014471403793,1,9,0,18,0,1,0,0,0,0,4,1,6,3,58,9,-1,-1,-1,-1,-1
2014471403794,1,9,0,9,0,8,0,0,0,0,3,1,6,2,39,7,1198,1,3,5,1
2014471403794,2,3,0,18,0,1,0,0,0,0,1,1,2,1,30,6,124,1,4,2,1
2014471403797,1,9,0,5,0,6,0,0,0,0,3,1,6,1,18,4,1598,1,10,4,1
2014471403797,2,9,0,18,0,1,0,0,0,0,1,1,6,1,32,6,1560,2,1,10,2
2014471403799,1,9,0,17,0,0,5,0,1,0,4,1,6,1,19,4,1242,1,13,10,1
2014471403800,1,9,0,18,0,0,2,0,7,11,1,1,6,2,29,6,2184,2,11,4,1
2014471403806,1,3,0,18,0,8,1,0,0,0,1,1,6,1,23,5,125,1,5,9,1
2014471403811,1,1,0,18,9,1,0,0,0,0,1,1,6,1,30,6,-1,-1,-1,-1,-1
2014471403811,2,9,0,10,0,1,0,0,0,0,4,1,6,2,83,11,1388,1,2,6,1
2014471403812,1,9,0,18,0,1,0,7,0,0,1,1,6,2,60,9,1248,1,3,9,1
2014471403814,1,9,0,18,0,0,0,0,0,0,1,1,6,1,85,11,1798,1,-1,9,3
2014471403814,2,9,0,18,0,0,0,0,0,0,1,1,3,2,39,7,4197,1,7,10,3
2014471403816,1,9,0,17,0,0,0,0,1,4,1,1,6,1,76,11,2171,2,11,4,1
2014471403817,1,19,0,18,0,1,1,0,0,0,4,1,1,1,48,8,2148,2,12,8,1
2014471403817,2,9,0,18,0,1,0,0,0,0,1,1,1,1,59,9,-1,-1,-1,10,2
2014471403817,3,9,0,10,0,1,0,0,0,0,0,1,6,1,72,10,-1,-1,-1,8,3
2014471403818,1,9,0,9,0,8,0,0,0,0,1,1,6,1,23,5,1389,1,15,7,3
2014471403818,2,8,0,18,0,8,0,0,0,0,1,1,1,1,30,6,1997,2,3,5,1
2014471403822,1,1,0,18,0,1,0,0,0,0,1,1,6,2,40,7,-1,-1,-1,4,1
2014471403822,2,9,0,9,0,6,0,0,0,0,3,1,6,1,25,5,1956,2,1,2,1
2014471403824,1,9,0,9,0,8,0,0,7,11,1,1,6,1,73,10,1590,1,9,7,1
2014471403826,1,9,0,9,0,1,1,0,0,0,1,1,6,1,40,7,1198,1,-1,6,1
2014471403826,2,9,0,18,0,1,0,0,1,0,4,1,6,2,44,7,1796,1,12,7,3
2014471403827,1,9,0,8,0,2,0,0,0,0,3,1,6,2,70,10,1299,1,10,4,1
2014471403827,2,20,0,10,0,1,0,0,0,0,3,1,1,1,22,5,-1,-1,-1,6,1
2014471403833,1,9,0,18,0,1,0,0,1,7,1,1,6,1,19,4,1598,1,9,7,1
2014471403833,2,9,0,2,0,1,0,0,0,0,2,1,6,1,24,5,1149,1,12,7,1
2014471403833,3,9,0,18,0,1,0,0,0,0,0,1,6,1,19,4,999,1,16,5,1
2014471403836,1,9,0,2,0,0,0,0,0,0,3,1,6,1,53,8,1598,2,2,-1,-1
2014471403836,2,1,0,18,0,0,0,0,0,0,0,1,1,2,51,8,-1,-1,-1,3,1
2014471403837,1,9,0,15,0,1,0,0,0,0,1,1,1,2,38,7,1998,2,7,9,2
2014471403838,1,9,0,7,0,5,0,0,0,0,1,1,6,1,45,7,2400,2,5,8,1
2014471403839,1,1,0,8,0,2,0,0,0,0,1,1,6,1,15,3,-1,-1,-1,3,1
2014471403839,2,9,0,18,9,1,0,0,0,0,4,1,6,3,-1,-1,-1,-1,-1,-1,-1
2014471403840,1,3,0,14,0,4,0,0,0,0,4,1,2,1,35,6,-1,-1,-1,4,1
2014471403840,2,8,0,9,0,4,0,0,0,0,1,1,1,1,47,8,1910,2,8,2,1
2014471403840,3,11,0,8,0,4,0,0,0,0,0,1,1,1,50,8,-1,-1,-1,-1,-1
2014471403841,1,11,0,4,0,0,0,0,0,0,0,1,1,1,60,9,-1,2,48,4,3
2014471403843,1,9,0,1,0,1,0,0,0,0,2,1,6,2,81,11,1596,1,11,3,1
2014471403844,1,9,0,9,0,5,0,0,0,0,4,1,6,2,59,9,1299,1,13,1,1
2014471403844,2,5,0,18,0,1,0,0,0,0,1,1,6,1,46,8,660,1,6,5,1
2014471403845,1,9,0,9,0,6,0,0,0,0,1,1,6,2,19,4,1796,1,10,6,1
2014471403845,2,9,0,18,0,8,0,0,0,0,4,1,6,1,40,7,1769,1,10,1,1
2014471403846,1,9,0,9,0,8,0,0,0,0,0,1,6,2,41,7,1596,1,15,2,1
2014471403846,2,1,0,18,0,8,0,0,0,0,0,1,6,1,20,4,-1,-1,-1,7,1
2014471403847,1,5,0,14,0,1,0,0,0,0,1,1,2,1,37,7,899,1,18,6,1
2014471403847,2,9,0,9,0,1,0,0,0,0,0,1,6,1,31,6,1598,1,9,4,1
2014471403848,1,9,0,5,0,4,0,0,0,0,1,1,1,2,43,7,1995,2,-1,10,1
2014471403848,2,1,0,18,0,4,0,0,0,0,2,1,6,1,40,7,-1,-1,-1,-1,-1
2014471403849,1,9,0,18,0,6,0,0,0,0,1,1,6,2,32,6,1991,2,6,8,2
2014471403849,2,1,0,18,0,8,0,0,0,0,2,1,6,1,32,6,-1,-1,-1,9,3
2014471403851,1,8,0,18,0,8,0,0,0,0,1,1,6,1,45,7,1995,2,8,1,1
2014471403851,2,1,0,9,0,8,0,0,0,0,3,1,2,1,24,5,-1,-1,-1,3,1
2014471403853,1,2,0,4,0,3,1,0,0,0,0,1,6,2,16,4,49,1,4,4,1
2014471403854,1,9,0,4,0,0,0,0,0,0,1,1,6,2,57,9,1560,2,7,2,1
2014471403856,1,5,0,18,0,1,1,0,0,0,1,1,6,1,30,6,-1,-1,-1,3,1
2014471403859,1,9,0,18,0,8,0,0,0,0,3,1,6,2,21,5,2495,2,20,8,2
2014471403859,2,5,0,18,0,8,0,0,0,0,3,1,6,1,54,8,659,1,1,5,1
2014471403860,1,9,0,18,0,4,0,0,0,0,1,1,6,1,28,6,-1,-1,-1,5,1
2014471403860,2,9,0,18,0,8,0,0,0,0,1,1,6,1,48,8,1598,1,1,5,1
2014471403861,1,3,0,13,0,8,0,0,0,0,1,1,6,1,17,4,125,1,1,3,1
2014471403861,2,9,0,9,0,8,0,0,0,0,3,1,6,1,63,9,1798,1,-1,9,1
2014471403863,1,1,0,18,0,0,0,8,0,0,1,1,6,2,16,4,-1,-1,-1,9,1
2014471403863,2,9,0,2,0,0,0,0,0,0,3,1,6,2,36,7,1997,2,5,3,1
2014471403865,1,9,0,18,0,0,5,7,0,0,4,1,2,1,52,8,1995,2,4,8,2
2014471403865,2,9,0,2,0,0,0,0,1,0,4,1,3,2,33,6,1910,2,11,8,3
2014471403867,1,11,0,5,0,2,0,0,0,0,4,1,1,1,58,9,-1,2,16,2,1
2014471403868,1,9,0,18,0,3,0,0,0,0,1,2,6,1,50,8,-1,-1,-1,-1,-1
2014471403868,2,9,0,18,0,8,0,0,0,0,3,1,6,2,35,6,1242,1,1,4,1
2014471403872,1,21,0,18,0,2,0,0,0,0,1,1,1,1,62,9,10837,2,4,9,1
2014471403874,1,9,0,16,0,0,0,0,7,0,1,1,6,1,18,4,1299,1,14,10,2
2014471403874,2,9,0,18,0,0,0,0,0,0,1,1,6,2,66,10,1364,2,7,8,2
2014471403876,1,9,0,18,0,0,0,0,0,0,1,1,2,1,18,4,1149,1,10,10,1
2014471403876,2,9,0,3,0,0,0,0,0,0,2,1,6,2,43,7,1598,1,14,5,1
2014471403876,3,9,0,3,0,0,0,0,0,0,2,1,2,1,39,7,2143,2,-1,9,1
2014471403876,4,9,0,3,0,0,0,0,0,0,0,1,6,3,30,6,-1,-1,-1,-1,-1
2014471403877,1,9,0,18,0,0,0,0,0,0,4,1,6,1,39,7,1598,1,7,4,1
2014471403877,2,1,0,18,0,0,0,0,1,0,3,1,6,1,38,7,-1,-1,-1,5,2
2014471403879,1,9,0,18,0,0,0,0,0,0,1,1,6,2,43,7,1560,2,4,4,1