Accident_Index,Vehicle_Reference,Vehicle_Type,Towing_and_Articulation,Vehicle_Manoeuvre,Vehicle_Location-Restricted_Lane,Junction_Location,Skidding_and_Overturning,Hit_Object_in_Carriageway,Vehicle_Leaving_Carriageway,Hit_Object_off_Carriageway,1st_Point_of_Impact,Was_Vehicle_Left_Hand_Drive?,Journey_Purpose_of_Driver,Sex_of_Driver,Age_of_Driver,Age_Band_of_Driver,Engine_Capacity_(CC),Propulsion_Code,Age_of_Vehicle,Driver_IMD_Decile,Driver_Home_Area_Type
2014471403879,2,20,0,18,0,0,0,0,0,0,3,1,1,1,33,6,2402,2,5,9,1
2014471403879,3,20,0,18,0,0,0,0,0,0,3,1,1,1,31,6,-1,-1,-1,8,3
2014471403879,4,9,0,18,0,0,0,0,0,0,1,1,2,1,29,6,1399,1,7,6,1
2014471403879,5,9,0,18,0,0,0,0,0,0,1,1,1,2,36,7,1997,2,1,10,2
2014471403882,1,9,0,18,0,8,1,0,0,0,1,1,6,2,28,6,1124,1,10,1,1
2014471403882,2,9,0,18,0,8,1,0,0,0,1,1,6,1,68,10,1997,2,11,4,1
2014471403886,1,19,0,18,0,0,1,10,1,0,4,1,6,1,28,6,1998,2,11,7,1
2014471403886,2,21,0,18,0,0,1,0,1,0,1,1,1,1,54,8,9364,2,10,3,1
2014471403886,3,19,0,4,0,0,0,0,0,0,0,1,1,1,30,6,2198,2,-1,8,1
2014471403890,1,9,0,3,0,1,0,0,0,0,1,1,6,2,28,6,796,1,12,3,1
2014471403890,2,9,0,4,0,1,0,0,0,0,2,1,6,1,67,10,1598,1,11,6,1
2014471403892,1,9,0,18,0,8,0,0,0,0,3,1,6,2,30,6,1399,2,10,7,3
2014471403892,2,9,0,18,0,8,0,0,0,0,1,1,6,1,24,5,3200,2,10,7,1
2014471403894,1,9,0,5,0,6,0,0,0,0,3,1,1,1,63,9,2231,2,5,2,1
2014471403894,2,1,0,18,0,8,0,0,0,0,1,1,2,1,46,8,-1,-1,-1,5,1
2014471403894,3,11,0,2,6,1,0,0,0,0,0,1,1,3,-1,-1,-1,-1,-1,-1,-1
2014471403895,1,9,0,16,0,0,0,0,7,4,1,1,6,2,78,11,1905,2,16,8,1
2014471403896,1,9,0,18,0,8,0,0,0,0,1,1,6,2,29,6,1997,2,13,10,2
2014471403896,2,9,0,10,0,8,0,0,0,0,2,1,6,1,38,7,1968,2,5,9,3
2014471403897,1,9,0,5,0,6,0,0,0,0,4,1,1,2,47,8,1349,1,-1,5,1
2014471403897,2,9,0,18,0,8,0,0,0,0,1,1,1,1,18,4,1596,1,-1,6,1
2014471403900,1,9,0,18,0,0,0,0,0,0,1,1,6,1,84,11,1248,2,5,6,1
2014471403900,2,1,0,18,0,0,0,0,0,0,2,1,6,2,61,9,-1,-1,-1,6,1
2014471403901,1,9,0,18,0,1,0,0,0,0,1,1,6,2,21,5,1360,1,14,6,3
2014471403901,2,9,0,4,0,1,0,0,0,0,2,1,6,1,50,8,1995,2,1,2,1
2014471403903,1,9,0,17,0,0,0,0,1,4,1,1,2,2,22,5,1598,1,11,3,1
2014471403904,1,19,0,18,0,1,0,0,1,4,1,1,6,1,42,7,2179,2,8,1,1
2014471403913,1,11,0,18,0,2,0,0,0,0,3,1,1,1,62,9,9000,2,8,5,1
2014471403917,1,9,0,18,0,3,0,0,7,3,1,1,1,2,45,7,1598,1,7,6,1
2014471403920,1,9,0,18,0,0,0,0,0,0,1,1,6,1,33,6,1951,2,12,3,1
2014471403920,2,9,0,18,0,0,0,0,0,0,2,1,6,2,40,7,1598,1,13,6,1
2014471403921,1,9,0,18,0,6,0,0,0,0,1,1,6,3,-1,-1,1968,2,8,-1,-1
2014471403921,2,9,0,10,0,8,0,0,0,0,2,1,6,1,18,4,1399,2,7,5,1
2014471403922,1,9,0,18,0,1,0,0,0,0,1,1,6,2,52,8,1396,1,9,6,1
2014471403922,2,9,0,3,0,1,0,0,0,0,2,1,6,2,32,6,1991,2,5,5,1
2014471403923,1,9,0,17,0,0,0,0,0,0,1,1,6,2,63,9,2143,2,3,6,3
2014471403923,2,9,0,18,0,0,0,0,1,0,1,1,6,2,86,11,1390,1,14,6,2
2014471403926,1,19,0,17,0,0,0,0,0,0,1,1,1,1,25,5,1560,2,1,10,1
2014471403926,2,9,0,16,0,0,0,0,1,0,1,1,1,1,42,7,1910,2,8,3,1
2014471403927,1,9,0,9,0,8,0,0,0,0,3,1,6,1,59,9,1582,2,3,10,1
2014471403927,2,9,0,18,0,8,0,0,1,0,1,1,6,2,49,8,-1,-1,-1,6,1
2014471403928,1,9,0,16,0,0,1,0,1,11,3,1,6,2,50,8,1995,1,12,4,1
2014471403929,1,19,0,18,0,0,0,0,0,0,0,1,1,1,59,9,2464,2,6,7,1
2014471403930,1,9,0,18,0,1,0,0,0,0,1,1,6,1,24,5,1781,1,12,3,1
2014471403930,2,5,0,3,0,1,0,0,0,0,2,1,6,1,62,9,675,1,-1,10,2
2014471403930,3,9,0,3,0,1,0,0,0,0,1,1,6,2,41,7,1242,1,5,6,3
2014471403933,1,9,0,17,0,0,1,0,1,1,1,1,2,1,38,7,2198,1,13,6,1
2014471403934,1,3,0,13,0,1,1,0,0,0,1,1,6,1,32,6,125,1,-1,9,1
2014471403934,2,9,0,10,0,8,0,0,0,0,2,1,6,2,66,10,2497,1,17,10,3
2014471403934,3,9,0,18,0,1,0,0,0,0,0,1,6,1,40,7,-1,-1,-1,-1,-1
2014471403935,1,9,0,5,0,6,0,0,0,0,1,1,6,1,32,6,1395,1,-1,9,1
2014471403935,2,1,0,18,0,2,0,0,0,0,4,1,2,2,28,6,-1,-1,-1,8,3
2014471403937,1,11,0,18,0,8,0,0,0,0,1,1,6,1,50,8,-1,-1,-1,-1,-1
2014471403938,1,5,0,13,0,1,0,0,0,0,1,1,6,1,44,7,649,1,6,8,1
2014471403938,2,9,0,9,0,1,0,0,0,0,3,1,6,1,67,10,1986,2,4,5,1
2014471403939,1,3,0,17,0,0,1,0,1,10,1,1,6,1,18,4,-1,-1,-1,9,3
2014471403941,1,1,0,18,5,0,0,0,0,0,1,1,6,1,48,8,-1,-1,-1,5,1
2014471403942,1,9,0,3,0,1,0,0,0,0,4,1,6,3,30,6,-1,-1,-1,-1,-1
2014471403945,1,19,0,5,0,4,0,0,0,0,2,1,6,1,53,8,2987,2,5,6,1
2014471403945,2,9,0,18,0,3,0,0,0,0,1,1,6,1,47,8,1596,1,12,2,1
2014471403946,1,3,0,4,0,1,1,0,0,0,4,1,6,1,17,4,124,1,1,4,1
2014471403947,1,9,0,12,0,8,0,0,0,0,3,1,6,1,59,9,1248,2,4,5,1
2014471403947,2,5,0,18,0,3,0,0,0,0,1,1,6,1,47,8,996,1,16,9,1
2014471403948,1,8,0,9,0,8,0,0,0,0,1,1,1,1,39,7,1997,2,1,4,1
2014471403949,1,9,0,17,0,0,0,4,0,0,1,1,2,1,19,4,1388,1,11,8,1
2014471403949,2,9,0,2,0,0,0,0,0,0,2,1,6,3,-1,-1,1984,2,3,-1,-1
2014471403950,1,9,0,14,9,0,0,0,7,0,0,1,6,1,73,10,1798,1,8,4,1
2014471403952,1,5,0,18,0,0,1,0,0,0,0,1,2,1,38,7,-1,-1,-1,5,1
2014471403953,1,9,0,18,0,0,5,0,2,4,1,1,6,1,20,4,1598,1,14,5,2
2014471403954,1,9,0,18,0,0,0,0,7,4,1,1,6,1,24,5,2597,1,11,1,1
2014471403955,1,9,0,3,0,1,0,0,0,0,4,1,6,1,54,8,1984,1,12,4,1
2014471403955,2,1,0,4,0,1,0,8,0,0,1,1,6,1,44,7,-1,-1,-1,7,1
2014471403957,1,9,0,18,0,0,0,0,0,6,4,1,6,1,30,6,1360,1,8,-1,-1
2014471403958,1,9,0,16,0,0,1,0,0,0,1,1,6,1,19,4,1596,1,7,5,1
2014471403958,2,9,0,17,0,0,0,0,1,9,1,1,6,2,30,6,1598,1,7,8,1
2014471403959,1,9,0,18,0,1,1,0,0,0,1,1,2,1,18,4,1242,1,9,8,1
2014471403959,2,9,0,4,0,1,0,0,0,0,2,1,6,1,44,7,1781,1,8,5,1
2014471403959,3,9,0,3,0,8,0,0,0,0,2,1,6,1,61,9,2401,2,9,8,1
2014471403961,1,4,0,17,0,0,1,7,0,10,4,1,6,1,61,9,279,1,2,3,1
2014471403961,2,9,0,16,0,0,0,0,0,0,3,1,6,1,38,7,1997,2,3,10,1
2014471403962,1,9,0,18,0,0,0,0,0,0,1,1,6,2,74,10,998,1,10,3,1
2014471403962,2,9,0,4,0,0,0,0,0,0,2,1,6,2,63,9,1198,1,2,3,1
2014471403964,1,1,0,17,0,0,0,0,1,11,1,1,6,2,53,8,-1,-1,-1,6,1
2014471403965,1,9,0,18,0,1,0,0,0,0,1,1,6,1,22,5,2000,2,5,-1,1
2014471403965,2,9,0,18,0,1,0,0,0,0,2,1,6,2,27,6,1968,2,6,2,1
2014471403967,1,2,0,16,0,1,0,0,1,0,4,1,4,1,16,4,50,1,-1,5,1
2014471403968,1,9,0,18,0,0,0,0,0,0,4,1,2,2,24,5,2598,1,19,4,1
2014471403968,2,1,0,18,0,0,0,0,0,0,3,1,2,1,55,8,-1,-1,-1,6,1
2014471403971,1,9,0,9,0,6,0,0,0,0,1,1,1,1,26,6,-1,-1,-1,4,1
2014471403971,2,2,0,18,0,8,0,0,0,0,1,1,6,1,20,4,49,1,8,1,1
2014471403974,1,9,0,18,0,0,0,0,0,4,1,1,6,2,20,4,1242,1,-1,5,3
2014471403975,1,8,0,7,0,8,0,0,0,0,4,1,1,1,57,9,-1,-1,-1,10,1
2014471403975,2,1,0,18,0,1,0,0,0,0,1,1,6,2,23,5,-1,-1,-1,4,1
2014471403978,1,9,0,18,9,6,0,0,0,0,4,1,6,1,40,7,1984,1,13,-1,-1
2014471403983,1,9,0,5,0,8,0,0,0,0,1,1,6,1,31,6,1339,1,7,5,1
2014471403983,2,9,0,18,0,8,0,0,0,0,4,1,6,1,29,6,1896,2,12,9,1
2014471403984,1,1,0,18,0,8,0,0,0,0,0,1,6,1,41,7,-1,-1,-1,4,1
2014471403986,1,11,0,18,2,1,0,0,0,0,1,1,1,1,46,8,11000,2,9,2,1
2014471403988,1,9,0,5,0,0,0,0,0,0,0,1,6,2,35,6,2184,2,8,6,2
2014471403989,1,9,0,4,0,1,0,0,0,0,1,1,6,2,49,8,1598,2,2,4,1
2014471403992,1,1,0,7,0,6,0,0,0,0,1,1,2,2,43,7,-1,-1,-1,3,1
2014471403992,2,9,0,7,0,6,0,0,0,0,4,1,2,1,23,5,1229,1,8,3,1
2014471403993,1,8,0,2,9,1,0,0,0,0,4,1,1,1,-1,-1,1896,2,6,5,1
2014471403993,2,1,0,18,9,8,0,8,0,0,3,1,2,2,28,6,-1,-1,-1,7,1
2014471403994,1,9,0,3,0,1,0,0,0,0,1,1,6,1,68,10,1998,1,11,10,3
2014471403994,2,9,0,8,0,1,0,0,0,0,2,1,6,2,57,9,998,1,6,6,1
2014471403995,1,9,0,9,0,1,0,0,0,0,1,1,6,2,78,11,1248,2,7,8,1
2014471403995,2,1,0,18,0,1,0,0,0,0,1,1,6,1,74,10,-1,-1,-1,3,1
2014471404000,1,9,0,14,0,0,0,0,0,0,4,1,6,2,38,7,2967,2,4,7,1
2014471404003,1,1,0,18,0,4,0,0,0,0,1,1,6,1,41,7,-1,-1,-1,5,1
2014471404003,2,9,0,14,0,1,0,0,0,0,1,1,2,1,41,7,2198,1,12,3,1
2014471404004,1,9,0,9,0,6,0,0,0,0,1,1,6,1,18,4,-1,-1,-1,4,3
2014471404004,2,3,0,17,0,1,0,0,0,0,4,1,6,1,18,4,125,1,-1,5,2
2014471404005,1,9,0,18,0,3,0,0,0,0,1,1,6,1,68,10,1246,1,6,6,3
2014471404005,2,1,0,18,0,3,0,0,0,0,2,1,6,1,65,9,-1,-1,-1,8,3
2014471404006,1,11,0,16,0,0,0,10,7,4,1,2,2,1,63,9,-1,-1,-1,-1,-1
2014471404008,1,9,0,7,0,1,0,0,0,0,4,1,6,2,61,9,1149,1,10,3,1
2014471404008,2,1,0,18,4,1,0,0,0,0,1,1,6,1,25,5,-1,-1,-1,3,1
2014471404009,1,9,0,18,0,0,0,0,0,0,1,1,6,1,51,8,2544,1,15,4,1
2014471404009,2,9,0,4,0,0,0,0,0,0,2,1,6,1,44,7,1995,2,7,8,1
2014471404009,3,9,0,4,0,0,0,0,0,0,2,1,6,1,59,9,-1,-1,-1,5,1
2014471404009,4,9,0,4,0,0,0,0,0,0,2,1,6,1,36,7,-1,-1,-1,9,1
2014471404009,5,9,0,4,0,0,0,0,0,0,2,1,6,1,30,6,-1,-1,-1,9,1
2014471404009,6,9,0,4,0,0,0,0,0,0,2,1,6,1,28,6,1299,1,11,5,1
2014471404012,1,9,0,18,0,1,0,0,0,0,4,1,6,2,65,9,-1,-1,-1,9,1
2014471404013,1,9,0,12,0,3,0,0,0,0,3,1,6,2,27,6,1598,1,4,3,1
2014471404013,2,9,0,18,0,3,0,0,0,0,4,1,6,1,62,9,1797,8,4,8,1
2014471404014,1,8,0,18,0,2,0,0,0,0,4,1,1,1,67,10,1896,2,4,2,1
2014471404014,2,1,0,18,0,1,0,0,0,0,4,1,2,1,49,8,-1,-1,-1,2,1
2014471404015,1,11,0,4,0,1,0,0,0,0,0,1,6,2,41,7,9000,2,7,2,1
2014471404016,1,9,0,18,0,4,0,0,0,0,4,1,6,1,61,9,2799,1,13,3,1
2014471404016,2,9,0,18,0,8,0,0,0,0,3,1,6,2,68,10,2231,2,6,3,1
2014471404018,1,9,0,18,0,0,5,0,7,4,1,1,6,1,75,10,2199,2,2,9,1
2014471404020,1,9,0,18,0,2,0,0,0,0,1,1,6,2,70,10,1360,1,10,9,1
2014471404020,2,9,3,18,0,2,0,0,0,0,3,1,6,1,34,6,2902,2,10,5,1
2014471404021,1,9,0,18,0,1,0,0,0,0,1,1,6,1,25,5,1598,1,1,5,1
2014471404021,2,9,0,3,0,1,0,0,0,0,2,1,6,2,26,6,-1,-1,-1,5,1
2014471404021,3,9,0,3,0,1,0,0,0,0,2,1,6,1,18,4,-1,-1,-1,7,1
2014471404025,1,2,0,18,0,1,0,0,0,0,4,1,2,1,50,8,49,1,1,1,1
2014471404025,2,9,0,9,0,1,0,0,0,0,3,1,6,1,17,4,1248,1,2,6,2
2014471404027,1,5,0,18,0,4,0,0,0,0,1,1,6,1,55,8,-1,-1,-1,-1,-1
2014471404027,2,19,0,18,0,3,0,0,0,0,4,1,1,1,34,6,1995,2,1,4,1
2014471404028,1,9,0,5,0,8,0,0,0,0,1,1,6,2,53,8,1390,1,2,-1,-1
2014471404028,2,1,0,18,0,8,0,0,0,0,4,1,6,1,53,8,-1,-1,-1,10,1
2014471404030,1,9,0,9,0,1,0,0,0,0,4,1,6,1,88,11,1339,1,9,8,1
2014471404030,2,1,0,18,0,1,0,0,0,0,1,1,6,1,73,10,-1,-1,-1,8,1
2014471404034,1,9,0,18,0,3,5,0,1,7,4,1,6,1,45,7,1390,1,15,4,1
2014471404034,2,19,0,2,0,1,0,0,0,0,3,1,1,3,-1,-1,1598,2,1,-1,-1
2014471404038,1,9,0,18,0,0,0,0,0,0,1,1,2,2,49,8,1388,1,11,5,1
2014471404038,2,9,0,5,0,0,0,0,0,0,2,1,2,2,53,8,1596,1,8,8,3
2014471404039,1,2,0,16,0,0,0,0,8,1,3,1,6,1,20,4,124,1,-1,5,3
2014471404046,1,9,0,5,0,3,0,0,0,0,1,1,1,1,45,7,-1,-1,-1,3,1
2014471404046,2,5,0,3,0,4,0,0,0,0,2,1,6,1,47,8,-1,-1,-1,10,3
2014471404053,1,19,0,16,0,2,0,0,0,0,1,1,1,1,35,6,1868,2,10,6,1
2014471404056,1,9,0,16,0,0,0,10,0,2,3,1,6,1,47,8,1598,1,-1,6,1
2014471404058,1,3,0,18,0,1,0,0,0,0,1,1,6,1,25,5,125,1,1,3,1
2014471404058,2,9,0,10,0,6,0,0,0,0,3,1,1,1,55,8,1995,1,3,8,1
2014471404059,1,1,0,18,0,8,0,0,0,0,3,1,6,1,70,10,-1,-1,-1,9,3
2014471404059,2,3,0,18,0,8,0,0,0,0,1,1,1,1,30,6,124,1,24,1,1
2014471404061,1,9,0,2,0,1,0,0,0,0,3,1,6,1,46,8,-1,-1,-1,3,1
2014471404061,2,1,0,14,0,1,0,4,0,0,1,1,6,2,33,6,-1,-1,-1,2,1
2014471404064,1,9,0,2,0,0,0,0,0,0,0,1,6,3,-1,-1,-1,-1,-1,-1,-1
2014471404064,2,11,0,4,2,0,0,0,0,0,0,1,1,1,42,7,8970,2,11,2,1
2014471404066,1,9,0,16,0,0,0,0,0,0,3,1,6,1,68,10,1596,1,1,9,1
2014471404066,2,11,0,17,0,0,1,0,7,11,1,1,1,1,50,8,5900,2,9,4,1
2014471404067,1,9,0,5,0,2,0,0,0,0,1,1,2,2,24,5,1368,1,8,5,1
2014471404068,1,9,0,5,0,0,0,0,0,0,1,1,1,1,24,5,2354,1,11,-1,3
2014471404068,2,9,0,3,0,0,0,0,0,0,2,1,6,2,56,9,2499,1,8,7,1
2014471404069,1,9,0,13,0,1,0,0,0,0,4,1,6,3,30,6,-1,-1,-1,-1,-1
2014471404069,2,1,0,14,0,1,0,4,0,0,2,1,6,2,45,7,-1,-1,-1,3,1
2014471404070,1,9,0,5,0,6,0,0,0,0,3,1,6,1,44,7,1998,1,19,3,3
2014471404070,2,5,0,18,0,1,0,0,0,0,1,1,6,1,33,6,599,1,14,1,1
2014471404072,1,9,0,3,0,0,0,0,0,0,1,1,6,2,29,6,1796,1,10,7,1
2014471404072,2,9,0,3,0,0,0,0,0,0,2,1,6,1,25,5,1598,1,9,4,1
2014471404072,3,19,0,3,0,0,0,0,0,0,2,1,6,1,54,8,2198,2,4,3,1
2014471404073,1,9,0,16,0,7,1,0,7,4,1,1,6,1,19,4,1527,2,17,-1,1
2014471404074,1,9,3,11,0,1,0,0,0,0,4,1,6,1,51,8,2736,1,11,10,2
2014471404074,2,1,0,17,0,1,0,0,0,0,3,1,6,2,22,5,-1,-1,-1,4,1
2014471404077,1,19,0,18,0,2,0,0,0,0,1,1,6,1,54,8,2148,2,10,3,3
2014471404078,1,9,0,18,0,0,2,0,2,3,1,1,2,2,30,6,2980,2,19,8,3
2014471404078,2,9,0,18,0,0,0,0,0,0,0,1,2,1,33,6,1995,2,8,8,3
2014471404082,1,9,0,7,0,1,0,0,0,0,0,1,6,2,80,11,1587,1,11,4,1
2014471404082,2,3,0,18,0,1,0,0,0,0,0,1,6,1,57,9,123,1,-1,3,1
2014471404084,1,9,0,7,0,4,0,0,0,0,3,1,6,1,71,10,999,1,6,7,2
2014471404084,2,4,0,5,0,4,0,0,0,0,0,1,6,1,35,6,125,1,1,10,3
2014471404085,1,19,0,16,0,0,2,0,1,0,4,1,1,1,41,7,2148,2,8,5,1
2014471404086,1,1,0,18,0,0,0,0,0,0,3,1,6,2,14,3,-1,-1,-1,7,1
2014471404086,2,9,0,18,0,0,1,0,0,0,1,1,6,1,36,7,1242,1,16,4,1
2014471404089,1,9,0,7,0,5,0,10,1,0,3,1,6,1,22,5,1896,2,13,1,1
2014471404089,2,9,0,8,0,6,0,0,0,0,3,1,6,2,34,6,-1,-1,-1,4,1
2014471404091,1,9,0,18,0,0,0,0,0,0,1,1,6,3,20,4,-1,-1,-1,-1,-1
2014471404093,1,9,0,16,0,0,5,0,6,0,2,1,6,1,23,5,1560,2,9,9,1
2014471404093,2,9,0,17,0,0,0,0,0,0,1,1,6,2,52,8,1997,1,3,6,1
2014471404093,3,9,0,17,0,0,0,0,0,0,4,1,6,1,44,7,1108,1,5,5,1
2014471404094,1,11,0,4,0,0,0,0,0,0,4,1,1,1,50,8,8268,2,9,8,2
2014471404095,1,9,0,18,0,0,0,0,0,0,1,1,2,2,57,9,1587,1,5,8,2
2014471404095,2,9,0,18,0,0,0,0,1,0,1,1,2,2,27,6,1360,1,7,10,2
2014471404096,1,9,0,18,0,0,0,0,0,0,1,1,6,2,59,9,1390,1,7,9,3
2014471404096,2,9,0,18,0,0,0,0,0,0,2,1,6,2,40,7,1991,2,7,9,1
2014471404098,1,11,0,15,0,1,0,0,0,0,0,1,1,1,51,8,9360,2,1,3,1
2014471404098,2,9,0,16,0,1,0,0,0,0,0,1,6,3,-1,-1,-1,-1,-1,-1,-1
2014471404100,1,9,0,18,0,2,0,0,0,0,4,1,6,1,63,9,1994,2,16,10,3
2014471404100,2,1,0,16,0,1,0,0,0,0,1,1,6,1,47,8,-1,-1,-1,9,1
2014471404101,1,5,0,16,0,0,0,0,0,0,1,1,6,1,22,5,599,1,21,6,1
2014471404101,2,9,0,17,0,0,0,0,1,0,1,1,6,1,24,5,1229,1,3,4,1
2014471404102,1,19,0,18,0,1,0,0,0,0,1,1,1,1,29,6,2143,2,2,4,1
2014471404102,2,9,0,10,0,1,0,0,0,0,3,1,6,2,21,5,1198,1,8,6,3
2014471404102,3,9,0,18,0,1,0,0,0,0,1,1,6,2,58,9,1399,1,7,8,1
2014471404103,1,5,0,13,0,0,0,0,0,0,4,1,6,1,28,6,675,1,5,7,1
2014471404103,2,8,0,6,0,0,0,0,0,0,3,1,1,1,67,10,1986,2,5,2,1
2014471404104,1,19,0,6,0,0,0,0,0,0,1,1,6,1,41,7,-1,-1,-1,4,1
2014471404104,2,9,0,18,0,0,0,0,0,0,4,1,2,2,52,8,1796,1,12,7,1
2014471404108,1,9,0,18,0,0,1,0,7,10,1,1,6,1,20,4,1596,1,7,8,3
2014471404109,1,9,0,17,0,0,1,0,1,10,2,1,2,2,28,6,1396,1,13,6,1
2014471404110,1,3,0,16,0,0,1,0,7,11,1,1,6,1,18,4,125,1,8,4,2
2014471404114,1,9,0,18,0,1,0,0,0,0,1,1,6,1,68,10,1398,1,3,3,1
2014471404115,1,9,0,5,0,4,0,0,0,0,1,1,1,1,24,5,1956,2,-1,10,1
2014471404115,2,9,0,4,0,4,0,0,0,0,2,1,1,1,37,7,1998,2,8,4,1
2014471404117,1,9,0,18,0,0,1,0,0,0,1,1,2,2,30,6,1248,2,-1,2,1
2014471404117,2,9,0,4,0,0,0,0,0,0,2,1,6,2,45,7,1781,1,10,5,1
2014471404117,3,9,0,4,0,0,0,0,0,0,2,1,2,1,48,8,1995,2,3,10,1
2014471404117,4,9,0,4,0,0,0,0,0,0,2,1,6,1,44,7,-1,-1,-1,-1,-1
2014471404119,1,9,0,9,0,8,0,0,0,0,1,1,1,1,24,5,1398,1,1,9,1
2014471404119,2,9,0,18,0,8,0,0,0,0,1,1,6,1,27,6,3000,1,15,7,1
2014471404120,1,9,0,9,0,8,0,0,0,0,1,1,6,2,44,7,1800,1,7,7,1
2014471404120,2,2,0,18,0,8,1,0,0,0,3,1,6,1,19,4,49,1,6,3,1
2014471404122,1,9,0,18,0,0,0,0,2,2,1,1,6,2,31,6,1296,1,8,3,1
2014471404125,1,9,0,18,0,0,0,0,0,0,3,1,6,1,43,7,1360,1,12,1,1
2014471404125,2,19,0,18,0,0,0,0,0,0,3,1,2,1,48,8,1910,2,12,4,1
2014471404126,1,9,0,18,0,0,0,0,7,0,3,1,6,2,30,6,1497,8,-1,5,1
2014471404126,2,19,0,18,0,0,0,0,1,0,3,1,6,3,-1,-1,1868,2,14,-1,-1
2014471404126,3,9,0,18,0,0,0,0,0,0,4,1,6,1,40,7,1560,2,1,8,3
2014471404127,1,9,0,18,0,3,2,0,1,11,1,1,6,2,72,10,1598,1,12,5,1
2014471404131,1,1,0,18,0,8,0,0,0,0,1,1,2,1,30,6,-1,-1,-1,-1,-1
2014471404131,2,9,0,9,0,5,0,0,0,0,3,1,6,1,27,6,1527,2,17,1,1
2014471404133,1,9,0,18,0,8,0,0,0,0,4,1,1,1,30,6,2143,2,3,-1,-1
2014471404133,2,1,0,18,0,8,0,0,0,0,1,1,6,2,32,6,-1,-1,-1,8,1
2014471404134,1,9,0,9,0,2,0,0,0,0,1,1,2,2,27,6,1988,1,12,10,1
2014471404134,2,9,0,18,0,1,1,0,0,0,1,1,2,2,20,4,998,1,6,10,1
2014471404136,1,8,0,18,0,1,0,0,0,1,1,1,1,1,34,6,1995,2,8,5,1
2014471404136,2,9,0,5,0,1,0,0,0,0,4,1,6,2,37,7,1596,1,9,7,1
2014471404136,3,9,0,10,0,8,0,0,0,0,3,1,6,1,50,8,1796,1,4,9,1
2014471404138,1,9,0,7,0,5,0,0,0,0,1,1,6,1,61,9,1198,1,-1,7,3
2014471404138,2,19,0,2,0,2,0,0,0,0,2,1,1,1,56,9,1870,2,9,10,2
2014471404140,1,19,0,18,0,8,0,0,0,0,0,1,1,1,47,8,2402,2,10,6,1
2014471404140,2,5,0,18,0,8,1,0,1,10,4,1,6,1,27,6,599,1,15,1,1
2014471404142,1,9,0,18,0,4,0,0,0,0,0,1,2,2,32,6,2204,2,10,6,1
2014471404142,2,1,0,18,0,3,0,0,0,0,0,1,2,1,40,7,-1,-1,-1,9,1
2014471404143,1,9,0,9,0,6,0,0,0,0,2,1,6,1,66,10,1590,1,13,6,1
2014471404143,2,5,0,18,0,1,0,0,0,0,1,1,6,1,20,4,645,1,9,7,1
2014471404144,1,9,0,18,0,8,1,10,2,7,1,1,6,1,18,4,998,1,24,10,1
2014471404145,1,9,0,18,0,1,1,4,0,0,4,1,6,1,38,7,2521,1,10,2,1
2014471404145,2,9,0,2,0,2,0,0,0,0,2,1,6,3,-1,-1,-1,-1,-1,-1,-1
2014471404145,3,9,0,2,0,2,0,4,0,0,0,1,6,3,-1,-1,1388,1,2,-1,-1
2014471404145,4,9,0,2,0,2,0,0,0,0,2,1,6,3,-1,-1,1199,2,2,-1,-1
2014471404148,1,9,0,18,0,0,0,0,0,0,1,1,6,2,23,5,1360,1,12,3,1
2014471404149,1,1,0,15,0,0,0,4,0,0,4,1,6,1,30,6,-1,-1,-1,5,1
2014471404149,2,9,0,2,0,0,0,0,0,0,4,1,1,2,40,7,1870,2,10,5,1
2014471404150,1,4,0,13,0,0,1,0,1,0,3,1,6,1,43,7,498,1,13,8,1
2014471404150,2,9,0,13,0,0,0,0,0,0,0,1,6,1,70,10,1997,1,11,9,2
2014471404150,3,9,0,18,0,0,0,0,0,0,0,1,6,1,28,6,-1,-1,-1,9,1
2014471404151,1,9,0,7,0,1,0,0,0,0,4,1,6,2,72,10,1240,1,5,7,1
2014471404151,2,1,0,18,0,1,0,0,0,0,3,1,6,2,21,5,-1,-1,-1,7,1
2014471404155,1,9,0,9,0,1,0,0,0,0,3,1,6,1,57,9,1339,1,5,6,1
2014471404155,2,1,0,18,0,8,0,0,1,0,1,1,2,1,47,8,-1,-1,-1,9,1
2014471404158,1,9,0,7,0,8,0,0,0,0,1,1,1,1,55,8,-1,-1,-1,5,1
2014471404158,2,1,0,18,0,8,0,0,0,0,1,1,1,2,37,7,-1,-1,-1,1,1
2014471404158,3,9,0,8,0,1,0,0,0,0,1,1,1,2,26,6,999,1,10,6,1
2014471404159,1,9,0,18,0,0,0,0,0,0,3,1,6,3,-1,-1,-1,-1,-1,-1,-1
2014471404159,2,1,0,18,0,0,0,0,0,0,1,1,6,1,18,4,-1,-1,-1,6,1
2014471404160,1,17,5,18,0,2,0,0,0,0,4,1,6,1,30,6,-1,2,7,8,3
2014471404160,2,9,0,18,0,2,0,0,0,0,0,1,6,1,75,10,1199,1,14,7,1