Accident_Index,Vehicle_Reference,Vehicle_Type,Towing_and_Articulation,Vehicle_Manoeuvre,Vehicle_Location-Restricted_Lane,Junction_Location,Skidding_and_Overturning,Hit_Object_in_Carriageway,Vehicle_Leaving_Carriageway,Hit_Object_off_Carriageway,1st_Point_of_Impact,Was_Vehicle_Left_Hand_Drive?,Journey_Purpose_of_Driver,Sex_of_Driver,Age_of_Driver,Age_Band_of_Driver,Engine_Capacity_(CC),Propulsion_Code,Age_of_Vehicle,Driver_IMD_Decile,Driver_Home_Area_Type
2014471404162,1,9,0,5,0,8,0,0,0,0,1,1,6,1,36,7,1390,1,11,2,1
2014471404162,2,1,0,18,0,8,0,0,0,0,1,1,6,1,22,5,-1,-1,-1,5,1
2014471404163,1,19,0,4,0,0,0,0,0,0,1,1,1,1,29,6,1598,2,3,2,1
2014471404163,2,9,0,4,0,0,0,0,0,0,2,1,2,1,24,5,1598,1,-1,3,1
2014471404163,3,9,0,4,0,0,0,0,0,0,2,1,2,2,49,8,1296,1,8,5,1
2014471404165,1,3,0,18,0,1,1,0,0,0,3,1,6,1,45,7,124,1,12,1,1
2014471404165,2,9,0,2,9,1,0,0,0,0,0,1,1,2,50,8,1560,2,-1,6,3
2014471404167,1,9,0,2,0,2,0,0,0,0,3,1,6,2,32,6,1796,1,11,3,1
2014471404167,2,1,0,18,0,2,0,4,0,0,3,1,6,1,30,6,-1,-1,-1,-1,-1
2014471404167,3,9,0,18,0,1,0,0,0,0,3,1,6,2,45,7,1388,1,10,5,1
2014471404170,1,9,0,18,0,0,0,0,0,0,1,1,6,1,63,9,4367,2,1,8,3
2014471404170,2,9,0,3,0,0,0,0,0,0,2,1,6,2,46,8,996,1,4,3,1
2014471404170,3,9,0,3,0,0,0,0,0,0,2,1,6,2,36,7,1360,1,11,7,1
2014471404170,4,9,0,3,0,0,0,0,0,0,2,1,6,2,34,6,1360,1,10,4,3
2014471404176,1,9,0,9,0,6,0,0,0,0,1,1,6,1,69,10,1995,2,11,9,1
2014471404176,2,3,0,18,0,1,0,0,0,0,4,1,6,1,18,4,124,1,1,9,1
2014471404177,1,9,0,18,0,1,0,0,0,0,1,1,6,1,70,10,1390,1,12,8,1
2014471404180,1,9,0,5,0,1,0,0,0,0,1,1,6,2,24,5,1391,1,19,6,3
2014471404180,2,9,0,3,0,1,0,0,0,0,2,1,6,2,70,10,-1,-1,-1,6,3
2014471404182,1,3,0,13,0,0,0,0,0,0,1,1,6,1,18,4,125,1,-1,4,1
2014471404182,2,19,0,3,0,0,0,0,0,0,0,1,6,1,30,6,-1,-1,-1,-1,-1
2014471404184,1,9,0,18,0,0,5,6,0,0,1,1,6,2,40,7,2400,2,4,6,3
2014471404185,1,9,0,18,0,2,0,0,0,0,4,1,6,1,30,6,-1,-1,-1,-1,-1
2014471404185,2,9,0,2,0,2,0,0,0,0,3,1,6,2,36,7,1242,1,12,3,1
2014471404186,1,1,0,9,0,2,0,0,0,0,1,1,6,1,7,2,-1,-1,-1,-1,-1
2014471404186,2,19,0,18,0,8,0,0,0,0,4,1,6,1,26,6,2198,2,7,3,1
2014471404187,1,9,0,9,0,6,0,0,0,0,1,1,6,1,70,10,2958,2,8,7,1
2014471404187,2,19,4,18,0,1,1,0,0,0,3,1,1,1,27,6,2402,2,3,1,1
2014471404187,3,9,0,18,0,1,0,0,1,0,3,1,6,2,34,6,2521,1,8,4,1
2014471404188,1,9,0,18,0,0,0,0,0,0,1,1,6,2,73,10,1600,1,15,5,1
2014471404188,2,9,0,18,0,0,0,0,0,0,3,1,6,2,52,8,1598,2,4,5,1
2014471404190,1,9,0,18,0,1,0,0,0,0,3,1,6,1,53,8,2499,2,17,4,1
2014471404191,1,9,0,9,0,8,0,0,0,0,3,1,6,1,50,8,-1,-1,-1,6,3
2014471404191,2,9,0,18,0,1,1,0,0,0,1,1,6,1,30,6,-1,-1,-1,9,3
2014471404193,1,3,0,18,0,0,1,0,0,0,0,1,2,1,67,10,160,1,-1,6,1
2014471404194,1,9,0,9,0,8,0,0,0,0,1,1,6,1,42,7,1360,1,18,3,1
2014471404194,2,1,0,18,0,8,0,0,0,0,1,1,6,1,57,9,-1,-1,-1,7,1
2014471404195,1,5,0,16,0,0,0,0,7,11,1,1,6,1,28,6,599,1,15,2,1
2014471404196,1,3,0,18,0,0,0,4,0,0,0,1,6,3,20,4,124,1,1,-1,-1
2014471404196,2,9,0,2,0,0,0,0,0,0,3,1,6,3,-1,-1,1988,1,17,-1,-1
2014471404197,1,5,0,18,0,0,1,12,1,0,1,1,6,1,53,8,1137,1,16,9,1
2014471404198,1,9,0,16,0,0,0,0,7,4,1,1,6,2,53,8,1998,1,4,10,3
2014471404199,1,9,0,18,0,0,0,0,0,0,3,1,6,1,21,5,1124,1,14,7,1
2014471404199,2,11,0,2,0,0,0,0,0,0,0,1,1,1,40,7,-1,-1,-1,-1,-1
2014471404200,1,9,0,4,0,1,0,0,0,0,1,1,6,2,36,7,1398,2,11,6,1
2014471404200,2,9,0,4,0,1,0,0,0,0,2,1,6,2,34,6,1968,2,7,6,1
2014471404200,3,90,0,18,0,1,0,0,0,0,0,1,1,3,-1,-1,-1,-1,-1,-1,-1
2014471404202,1,9,0,18,0,1,0,0,0,0,1,1,6,2,40,7,-1,-1,-1,5,1
2014471404202,2,1,0,18,4,1,0,0,0,0,1,1,6,2,30,6,-1,-1,-1,1,1
2014471404203,1,9,0,18,0,0,0,0,0,0,1,1,6,2,19,4,1598,1,10,-1,-1
2014471404203,2,9,0,2,0,0,0,0,0,0,1,1,6,3,-1,-1,1686,2,1,-1,-1
2014471404204,1,9,0,7,0,5,0,0,0,0,1,1,6,1,66,10,1275,1,16,7,1
2014471404204,2,1,0,18,0,2,0,0,0,0,1,1,6,1,21,5,-1,-1,-1,5,1
2014471404205,1,9,0,15,0,0,0,0,1,0,3,1,2,1,18,4,1124,1,9,10,1
2014471404205,2,20,0,11,0,0,0,0,0,0,4,1,1,1,58,9,6692,2,5,9,1
2014471404207,1,9,0,18,0,2,0,10,7,4,3,1,6,1,74,10,2429,1,12,6,1
2014471404208,1,9,0,18,0,0,1,0,0,0,0,1,6,1,29,6,1999,1,8,9,1
2014471404209,1,9,0,18,0,2,0,0,0,0,1,1,1,2,40,7,1388,1,7,7,1
2014471404209,2,9,0,18,0,1,0,0,0,0,1,1,6,2,67,10,1997,2,4,10,1
2014471404212,1,9,0,18,0,0,0,0,0,0,1,1,6,2,75,10,1999,1,7,7,3
2014471404212,2,19,0,18,0,0,0,0,0,0,1,1,1,1,47,8,2198,2,1,8,2
2014471404214,1,9,0,9,0,1,0,0,0,0,4,1,6,1,83,11,998,1,-1,10,1
2014471404214,2,9,0,18,0,1,0,0,0,0,1,1,1,1,23,5,1896,2,13,8,1
2014471404215,1,9,0,18,0,0,0,0,0,0,4,1,6,1,53,8,4367,2,1,8,2
2014471404215,2,5,0,18,0,0,0,0,4,6,3,1,6,1,57,9,-1,-1,-1,-1,-1
2014471404216,1,1,0,18,0,0,0,0,0,0,1,1,6,2,24,5,-1,-1,-1,3,1
2014471404216,2,19,0,9,0,0,0,0,0,0,3,1,1,1,55,8,1753,2,10,4,1
2014471404217,1,19,0,5,0,2,0,0,0,0,1,1,1,1,34,6,1598,2,3,1,1
2014471404218,1,9,4,18,0,8,0,0,0,0,3,1,1,1,52,8,-1,-1,-1,7,1
2014471404219,1,9,0,9,0,6,0,0,0,0,3,2,6,1,21,5,-1,-1,-1,-1,-1
2014471404219,2,9,0,18,0,8,0,0,7,7,1,1,6,2,42,7,-1,-1,-1,4,1
2014471404220,1,3,0,13,0,0,1,0,7,0,1,1,2,1,18,4,124,1,3,7,1
2014471404220,2,9,0,9,0,0,0,0,0,0,3,1,6,2,51,8,1398,1,13,6,3
2014471404220,3,21,1,16,0,0,0,0,0,0,0,1,6,3,-1,-1,-1,-1,-1,-1,-1
2014471404222,1,9,0,18,0,0,0,0,0,0,3,1,6,3,30,6,-1,-1,-1,-1,-1
2014471404222,2,9,0,18,0,0,0,0,0,0,3,1,6,1,24,5,1229,1,7,7,2
2014471404223,1,9,0,9,0,5,0,0,2,10,4,1,6,2,48,8,1396,1,18,9,1
2014471404223,2,9,0,18,0,8,0,0,0,0,1,1,6,2,43,7,-1,-1,-1,4,1
2014471404224,1,19,0,18,0,2,0,0,0,4,1,1,1,1,26,6,2184,2,14,6,1
2014471404225,1,9,0,18,0,0,0,0,0,0,1,1,2,1,49,8,1590,1,13,8,1
2014471404225,2,9,0,18,0,0,0,0,0,0,2,1,2,1,34,6,1995,2,2,5,1
2014471404226,1,9,0,5,0,4,0,0,0,0,1,1,6,2,50,8,1796,1,5,6,3
2014471404226,2,1,0,18,0,8,0,0,0,0,4,1,6,1,16,4,-1,-1,-1,6,1
2014471404227,1,9,0,18,0,1,0,0,4,5,1,1,6,1,74,10,1461,2,3,1,1
2014471404228,1,9,0,5,0,4,0,0,0,0,4,1,2,1,49,8,1998,1,9,2,1
2014471404228,2,1,0,18,0,8,0,0,0,0,2,1,6,2,44,7,-1,-1,-1,1,1
2014471404230,1,21,0,18,0,1,0,0,0,0,1,1,1,1,62,9,3920,2,5,7,1
2014471404230,2,9,0,4,0,1,0,0,0,0,2,1,6,1,71,10,1397,1,2,4,1
2014471404230,3,9,0,4,0,1,0,0,0,0,2,1,6,1,26,6,1596,1,8,6,2
2014471404230,4,9,0,7,0,1,0,0,0,0,0,1,6,3,30,6,-1,-1,-1,-1,-1
2014471404231,1,9,0,9,0,8,0,0,0,0,3,1,2,1,30,6,1527,2,20,1,1
2014471404231,2,1,0,18,0,8,0,0,0,0,1,1,2,1,26,6,-1,-1,-1,4,1
2014471404232,1,1,0,18,0,1,0,0,0,0,3,1,6,2,26,6,-1,-1,-1,5,1
2014471404232,2,19,0,18,0,1,0,0,0,0,1,1,6,1,53,8,1995,2,2,6,1
2014471404233,1,19,0,9,0,6,0,0,0,0,1,1,6,1,40,7,-1,-1,-1,6,1
2014471404233,2,9,0,18,0,8,0,0,0,0,3,1,6,2,61,9,1598,1,9,6,1
2014471404234,1,9,0,7,0,8,0,0,0,0,3,1,6,2,42,7,1968,2,4,4,1
2014471404234,2,1,0,18,0,8,0,0,0,0,1,1,6,2,55,8,-1,-1,-1,8,1
2014471404237,1,11,0,18,2,0,0,0,0,0,0,1,1,1,59,9,11967,2,6,2,1
2014471404239,1,9,0,10,0,8,0,0,0,0,1,1,6,2,39,7,3999,1,1,9,1
2014471404239,2,3,0,18,0,1,1,0,0,0,3,1,2,2,35,6,124,1,5,6,1
2014471404240,1,9,0,18,0,0,0,0,0,0,1,1,6,1,53,8,2967,2,2,6,3
2014471404240,2,9,0,18,0,0,0,0,0,0,2,1,6,2,73,10,1248,1,-1,6,2
2014471404240,3,9,0,18,0,0,0,0,0,0,2,1,6,1,49,8,-1,-1,-1,8,1
2014471404244,1,1,0,18,0,1,0,0,0,0,1,1,6,1,16,4,-1,-1,-1,1,1
2014471404244,2,8,0,18,0,1,0,0,0,0,4,1,6,1,40,7,1999,1,6,1,1
2014471404246,1,9,0,9,0,6,0,0,0,0,1,1,2,2,84,11,1994,1,9,7,2
2014471404246,2,5,0,18,0,1,0,0,0,0,1,1,6,1,50,8,1195,1,-1,-1,-1
2014471404249,1,19,0,18,0,2,0,0,0,0,4,1,6,3,-1,-1,-1,-1,-1,-1,-1
2014471404249,2,1,0,18,0,2,0,0,0,0,3,1,2,1,30,6,-1,-1,-1,5,1
2014471404250,1,9,0,18,0,0,0,0,0,0,1,1,6,1,38,7,1796,1,12,7,3
2014471404250,2,5,0,4,0,0,0,0,0,0,2,1,6,1,60,9,-1,-1,-1,-1,-1
2014471404250,3,9,0,4,0,0,0,0,0,0,2,1,6,1,38,7,-1,-1,-1,2,1
2014471404251,1,5,0,18,0,1,0,0,0,0,1,1,6,2,34,6,125,1,-1,5,1
2014471404251,2,9,0,10,0,1,0,0,0,0,3,1,1,1,39,7,-1,-1,-1,3,1
2014471404252,1,1,0,18,0,0,0,0,0,0,0,1,6,1,32,6,-1,-1,-1,3,1
2014471404253,1,1,0,18,9,1,0,0,0,0,1,1,4,1,14,3,-1,-1,-1,8,1
2014471404253,2,19,0,5,9,2,0,0,0,0,4,1,3,1,50,8,2148,2,5,10,1
2014471404255,1,9,0,9,0,8,0,0,0,0,1,1,6,1,18,4,1248,1,1,5,3
2014471404255,2,2,0,18,0,8,0,0,0,0,3,1,6,1,19,4,124,1,7,6,1
2014471404258,1,9,0,18,0,0,0,0,7,11,1,1,6,1,77,11,1389,1,21,8,1
2014471404259,1,19,0,9,0,6,0,0,0,0,0,1,1,1,20,4,1598,2,3,10,1
2014471404261,1,9,0,18,0,4,0,0,0,0,1,1,6,2,46,8,1870,2,9,9,1
2014471404261,2,1,0,18,0,8,0,0,0,0,4,1,6,1,45,7,-1,-1,-1,3,1
2014471404263,1,9,0,18,0,1,0,0,0,0,4,1,6,2,70,10,1998,1,12,1,1
2014471404264,1,9,0,9,0,8,0,0,0,0,3,1,6,1,25,5,999,1,-1,4,1
2014471404264,2,19,0,18,0,8,0,0,0,0,1,1,6,1,79,11,-1,-1,-1,7,1
2014471404265,1,9,0,11,0,1,0,0,0,0,1,1,6,1,46,8,1796,1,13,1,1
2014471404265,2,1,0,18,0,8,0,0,0,0,2,1,6,1,27,6,-1,-1,-1,2,1
2014471404266,1,9,0,18,0,8,0,0,0,0,1,1,6,3,-1,-1,-1,-1,-1,-1,-1
2014471404266,2,3,0,18,0,8,0,0,0,0,3,1,6,1,28,6,114,1,1,3,1
2014471404268,1,3,0,18,0,0,1,0,0,0,0,1,6,2,20,4,125,1,2,2,1
2014471404269,1,5,0,18,0,0,1,0,0,0,3,1,6,1,42,7,599,1,11,5,1
2014471404270,1,5,0,13,0,2,0,0,7,3,1,1,6,1,35,6,600,1,16,9,3
2014471404270,2,9,0,9,0,2,0,0,0,0,3,1,6,2,37,7,1390,1,11,7,1
2014471404270,3,9,0,2,9,2,0,0,0,0,1,1,6,3,-1,-1,1299,1,10,-1,-1
2014471404271,1,5,0,4,0,4,0,0,0,0,0,1,6,2,49,8,-1,-1,-1,9,1
2014471404272,1,9,0,18,0,1,0,0,0,0,4,1,6,3,-1,-1,-1,-1,-1,-1,-1
2014471404274,1,9,0,5,0,8,0,0,0,0,1,1,6,2,27,6,1699,1,8,7,2
2014471404274,2,9,0,5,0,8,0,0,0,0,2,1,6,2,24,5,1242,1,14,9,1
2014471404276,1,9,0,3,0,1,0,0,0,0,1,1,6,1,26,6,1999,1,13,2,1
2014471404276,2,9,0,3,0,1,0,0,0,0,2,1,6,1,55,8,2171,1,11,2,2
2014471404280,1,9,0,18,0,0,0,0,0,0,1,1,6,2,19,4,1598,1,4,8,1
2014471404280,2,9,0,4,0,0,0,0,0,0,2,1,6,2,63,9,1242,1,2,1,1
2014471404280,3,9,0,4,0,0,0,0,0,0,2,1,6,1,61,9,1598,1,5,4,1
2014471404281,1,9,0,18,0,0,1,0,0,0,1,1,6,1,27,6,1796,1,12,2,1
2014471404282,1,9,0,4,0,0,0,0,0,0,1,1,6,1,59,9,1388,1,2,3,1
2014471404282,2,9,0,3,0,0,0,0,0,0,2,1,6,1,29,6,1968,2,6,2,1
2014471404284,1,90,0,18,0,1,5,0,2,2,4,1,6,2,20,4,400,1,9,6,1
2014471404285,1,9,0,9,0,1,0,0,0,0,1,1,6,1,80,11,2993,2,6,9,3
2014471404285,2,9,0,18,0,1,1,0,1,0,1,1,6,2,47,8,1796,1,12,8,3
2014471404286,1,9,0,16,0,2,1,0,2,4,1,1,6,1,18,4,973,1,15,7,3
2014471404287,1,8,0,9,0,6,0,0,0,0,1,1,1,1,46,8,1560,2,1,3,1
2014471404291,1,9,0,2,0,0,0,0,0,0,0,1,6,2,40,7,1298,1,11,3,3
2014471404291,2,1,0,18,0,0,1,0,0,0,0,1,6,1,56,9,-1,-1,-1,5,2
2014471404292,1,9,0,18,0,8,0,0,0,0,1,1,6,1,90,11,1999,1,7,3,1
2014471404292,2,9,0,18,0,8,0,0,0,0,4,1,6,1,59,9,2967,1,8,-1,1
2014471404293,1,9,0,18,0,8,0,0,0,0,3,1,1,1,52,8,1242,1,6,6,3
2014471404294,1,19,0,18,0,1,0,0,0,0,1,1,6,3,-1,-1,-1,-1,-1,-1,-1
2014471404294,2,9,0,18,0,1,0,0,0,0,2,1,6,1,39,7,1997,2,14,9,1
2014471404294,3,9,0,3,0,1,0,0,0,0,2,1,6,3,40,7,-1,-1,-1,-1,-1
2014471404297,1,9,0,1,0,5,0,0,0,0,3,2,6,1,59,9,998,1,2,4,1
2014471404298,1,9,0,18,0,0,0,0,0,0,1,1,6,1,40,7,1896,2,11,-1,-1
2014471404298,2,9,0,3,0,0,0,0,0,0,2,1,6,2,33,6,1796,1,15,5,1
2014471404301,1,9,0,18,0,3,0,0,0,7,1,1,6,1,54,8,4398,1,11,10,2
2014471404303,1,9,0,2,0,1,0,0,0,0,4,1,6,1,30,6,1497,8,8,-1,-1
2014471404303,2,1,0,18,0,1,0,4,0,0,1,1,6,1,68,10,-1,-1,-1,4,1
2014471404306,1,2,0,18,0,3,0,0,0,0,0,1,2,1,36,7,-1,-1,-1,4,1
2014471404306,2,9,0,18,0,3,0,0,0,0,0,1,6,2,30,6,-1,-1,-1,-1,-1
2014471404307,1,5,0,16,0,1,1,0,0,0,4,1,6,1,39,7,-1,-1,-1,8,2
2014471404307,2,9,0,8,0,1,0,0,0,0,0,1,6,1,70,10,-1,-1,-1,-1,-1
2014471404309,1,5,0,18,0,0,0,0,0,0,1,1,6,1,54,8,649,1,12,5,3
2014471404309,2,9,0,9,0,0,0,0,0,0,2,1,6,1,58,9,1595,1,24,2,1
2014471404310,1,9,0,1,0,0,0,0,0,0,2,1,6,1,61,9,2993,2,3,7,1
2014471404310,2,9,0,2,0,0,0,0,0,0,1,1,1,2,30,6,1753,2,4,1,1
2014471404314,1,9,0,18,0,8,0,0,0,0,0,1,6,2,60,9,-1,-1,-1,7,1
2014471404314,2,9,0,18,0,8,0,0,0,10,4,1,6,1,26,6,-1,-1,-1,3,1
2014471404317,1,9,0,18,0,0,0,0,0,0,3,1,6,1,40,7,1995,2,2,9,3
2014471404317,2,1,0,18,0,0,0,0,0,0,1,1,6,1,13,3,-1,-1,-1,7,1
2014471404318,1,9,0,15,0,8,0,0,0,0,1,1,6,1,35,6,1998,1,5,7,1
2014471404318,2,9,0,4,0,8,0,0,0,0,3,1,6,2,30,6,1596,1,7,5,1
2014471404320,1,9,0,5,0,8,0,0,1,0,1,1,6,1,85,11,1199,1,15,10,1
2014471404320,2,9,0,18,0,8,0,0,0,0,1,1,6,2,58,9,1596,1,6,9,1
2014471404321,1,9,0,18,0,8,0,0,0,0,3,1,6,1,39,7,1299,1,12,2,1
2014471404321,2,9,0,18,0,8,0,0,0,0,4,1,2,2,19,4,1242,1,1,3,1
2014471404322,1,9,0,18,0,8,0,0,0,0,4,1,6,2,60,9,1329,1,4,8,1
2014471404322,2,9,0,18,0,8,0,0,0,0,0,1,6,2,52,8,799,2,5,4,1
2014471404323,1,9,0,18,9,0,0,0,0,0,0,1,6,3,30,6,-1,-1,-1,-1,-1
2014471404323,2,9,0,2,0,0,0,0,0,0,0,1,6,3,-1,-1,-1,-1,-1,-1,-1
2014471404326,1,2,0,18,0,0,0,0,0,0,1,1,6,2,17,4,49,1,9,3,1
2014471404326,2,2,0,18,0,0,0,0,0,0,2,1,6,1,16,4,49,1,13,2,1
2014471404330,1,9,0,18,0,2,0,0,0,0,1,1,6,1,19,4,998,1,6,5,1
2014471404331,1,9,0,18,0,8,0,0,0,0,1,1,6,1,30,6,-1,-1,-1,-1,-1
2014471404331,2,1,0,18,0,8,0,0,0,0,1,1,6,1,53,8,-1,-1,-1,10,1
2014471404332,1,9,0,18,0,0,0,0,1,1,1,1,6,1,78,11,1390,1,12,10,1
2014471404334,1,17,0,18,0,0,0,0,0,0,0,1,1,1,31,6,-1,2,30,8,3
2014471404334,2,3,0,16,0,0,1,0,1,0,4,1,2,1,39,7,124,1,5,8,3
2014471404334,3,3,0,16,0,0,1,0,0,0,4,1,6,1,18,4,125,1,10,8,3
2014471404335,1,9,0,18,0,0,0,0,0,0,1,1,6,1,69,10,1591,1,5,7,1
2014471404335,2,9,0,18,0,0,0,0,0,0,1,1,6,1,68,10,1596,1,2,6,1
2014471404335,3,9,0,18,0,0,0,0,0,0,1,1,6,2,53,8,1598,1,6,6,3
2014471404338,1,9,0,4,0,0,0,0,0,0,2,1,6,2,17,4,-1,-1,-1,10,1
2014471404338,2,9,0,1,0,0,0,0,0,0,1,1,6,1,25,5,1598,2,3,9,1
2014471404339,1,1,0,18,0,0,0,0,0,0,1,1,6,1,20,4,-1,-1,-1,6,1
2014471404340,1,9,0,9,0,8,0,0,0,0,1,1,6,1,28,6,-1,-1,-1,-1,-1
2014471404343,1,9,0,9,0,8,0,0,0,0,1,1,1,1,55,8,1590,1,14,10,1
2014471404343,2,5,0,18,0,8,1,0,0,0,3,1,1,1,46,8,1157,1,7,7,3
2014471404348,1,8,0,4,4,0,0,0,0,0,0,1,1,1,38,7,1997,2,5,3,1
2014471404348,2,1,0,18,4,0,0,10,0,0,1,1,6,2,35,6,-1,-1,-1,5,1
2014471404349,1,9,0,7,0,2,0,0,0,0,1,1,6,3,-1,-1,1995,1,7,-1,-1
2014471404349,2,9,0,3,0,2,0,0,0,0,2,1,6,1,23,5,1560,2,2,4,1
2014471404350,1,9,5,13,0,0,0,0,0,0,1,1,6,1,49,8,1399,2,10,6,1
2014471404350,2,9,0,10,0,0,0,0,0,0,3,1,6,2,38,7,1598,1,3,3,1
2014471404352,1,9,0,9,0,6,0,0,0,0,3,1,6,2,66,10,1399,1,4,6,1
2014471404352,2,4,0,18,0,1,0,0,0,0,1,1,6,1,72,10,198,1,35,5,1
2014471404354,1,9,0,18,0,0,0,0,0,0,1,1,1,1,45,7,1341,1,12,5,1
2014471404355,1,9,0,16,0,2,1,0,7,3,1,1,2,2,53,8,1396,1,13,8,1
2014471404356,1,9,0,18,0,8,0,0,0,0,1,1,6,1,43,7,1910,2,6,9,1
2014471404356,2,1,0,18,0,8,0,0,0,0,2,1,6,2,55,8,-1,-1,-1,6,1
2014471404360,1,19,0,18,0,0,1,0,0,0,1,1,1,1,37,7,2198,2,6,2,1
2014471404360,2,9,0,18,0,0,0,0,0,0,1,1,6,1,66,10,2204,2,5,-1,-1
2014471404362,1,9,0,9,0,5,0,0,0,0,1,1,2,1,26,6,1400,1,15,7,1
2014471404362,2,9,0,18,0,1,1,0,0,0,1,1,2,1,28,6,1896,2,13,8,1
2014471404363,1,19,0,18,0,2,0,0,0,0,3,1,6,3,-1,-1,-1,-1,-1,-1,-1
2014471404363,2,1,0,18,9,2,0,0,0,0,2,1,6,1,53,8,-1,-1,-1,1,1
2014471404364,1,3,0,18,0,8,0,0,0,0,1,1,2,2,22,5,124,1,-1,3,1
2014471404364,2,9,0,18,0,8,0,0,0,0,2,1,1,1,35,6,1995,2,1,5,1
2014471404366,1,9,0,12,0,0,0,0,0,0,3,1,6,1,36,7,1796,2,2,3,1
2014471404366,2,9,0,18,0,0,0,0,0,0,1,1,6,1,18,4,1198,1,11,9,3
2014471404368,1,11,0,5,0,0,0,0,0,0,0,1,1,1,50,8,4461,2,1,-1,-1
2014471404368,2,9,0,18,0,0,0,0,0,0,0,1,6,2,34,6,1461,2,3,2,1
2014471404370,1,9,0,18,0,0,0,0,0,0,1,1,2,1,50,8,1995,2,9,3,1
2014471404370,2,9,0,4,0,0,0,0,0,0,2,1,2,1,58,9,1598,1,6,7,1
2014471404370,3,9,0,4,0,0,0,0,0,0,2,1,2,2,24,5,1364,1,6,9,2
2014471404370,4,9,0,14,0,0,0,0,0,0,1,1,2,2,35,6,1596,1,9,7,3
2014471404370,5,9,0,14,0,0,0,0,0,0,2,1,6,1,29,6,1896,2,11,6,1
2014471404370,6,9,0,2,0,0,0,0,0,0,0,1,6,1,30,6,-1,-1,-1,-1,-1
2014471404373,1,9,0,5,0,8,0,0,0,0,1,1,6,1,20,4,1995,2,13,5,1
2014471404373,2,1,0,18,4,8,0,0,0,0,4,1,2,2,26,6,-1,-1,-1,1,1
2014471404374,1,9,0,18,0,2,0,0,0,0,1,1,6,1,16,4,998,1,11,1,1
2014471404374,2,9,0,18,0,1,1,0,7,10,1,1,1,1,28,6,1997,2,1,1,1
2014471404374,3,9,0,18,0,1,0,0,0,0,0,1,1,1,28,6,1997,2,2,1,1
2014471404378,1,9,0,18,0,0,0,0,0,0,1,1,6,2,35,6,1598,1,12,-1,-1
2014471404378,2,9,0,18,0,0,0,0,0,0,2,1,6,2,41,7,1968,2,4,4,1
2014471404380,1,9,0,9,0,6,0,0,0,0,1,1,6,1,51,8,1985,1,14,2,1
2014471404380,2,2,0,18,0,1,0,0,0,0,1,1,6,1,29,6,102,1,7,4,1
2014471404383,1,1,0,18,0,1,0,0,7,0,1,1,6,1,45,7,-1,-1,-1,10,1
2014471404384,1,19,0,9,0,6,0,0,0,0,3,1,1,1,49,8,2402,2,6,2,1
2014471404384,2,9,0,18,0,1,1,0,0,0,1,1,6,1,36,7,1997,2,11,7,3
2014471404385,1,9,0,18,0,2,0,0,0,0,1,1,2,1,51,8,1997,2,8,5,1
2014471404386,1,9,0,16,0,0,1,0,0,0,1,1,6,1,21,5,3456,1,1,4,3
2014471404386,2,9,0,18,0,0,0,0,0,0,1,1,6,2,46,8,1390,1,3,9,1
2014471404386,3,9,0,18,0,0,0,0,0,0,1,1,6,2,24,5,1397,1,5,7,1
2014471404386,4,8,0,18,0,0,0,0,0,0,3,1,1,1,46,8,1497,8,6,1,1
2014471404388,1,9,0,18,0,8,0,0,0,0,0,1,6,3,-1,-1,-1,-1,-1,-1,-1
2014471404388,2,9,0,18,0,8,0,0,0,0,0,1,6,1,73,10,1984,1,4,10,1
2014471404391,1,9,0,1,0,1,0,0,0,0,4,1,1,1,19,4,1398,2,1,6,1
2014471404391,2,1,0,9,0,1,0,0,1,0,1,1,6,1,35,6,-1,-1,-1,5,1
2014471404393,1,19,0,18,0,0,1,0,0,0,1,1,1,1,33,6,2143,2,2,3,1
2014471404393,2,19,0,4,0,0,0,0,0,0,2,1,1,1,56,9,2143,2,4,9,1
2014471404393,3,9,0,4,0,0,0,0,0,0,2,1,6,1,66,10,1596,1,9,7,1
2014471404396,1,19,0,18,0,4,0,0,0,0,1,1,1,1,45,7,2143,2,3,2,1
2014471404396,2,1,0,18,0,4,0,0,0,0,2,1,2,2,48,8,-1,-1,-1,9,2
2014471404397,1,9,0,1,0,1,0,0,0,0,4,1,6,1,45,7,998,1,14,8,3
2014471404398,1,1,0,18,0,1,0,0,0,0,1,1,6,1,31,6,-1,-1,-1,3,1
2014471404400,1,9,0,18,0,4,0,0,0,0,1,1,6,2,23,5,1396,1,1,3,1
2014471404400,2,9,0,4,0,4,0,0,0,0,2,1,6,1,50,8,1839,1,10,7,1
2014471404401,1,9,0,18,0,2,0,0,1,1,1,1,6,1,69,10,1798,1,7,10,1
2014471404401,2,9,0,2,6,2,0,0,0,0,1,1,6,3,-1,-1,1598,1,6,-1,-1
2014471404403,1,9,0,5,0,1,0,0,0,0,4,1,6,2,30,6,1598,2,3,6,3
2014471404403,2,11,0,17,0,2,0,0,0,0,3,1,1,1,43,7,7300,2,5,10,1
2014471404404,1,19,0,18,0,0,0,0,0,0,1,1,6,3,-1,-1,-1,-1,-1,-1,-1