Accident_Index,Vehicle_Reference,Vehicle_Type,Towing_and_Articulation,Vehicle_Manoeuvre,Vehicle_Location-Restricted_Lane,Junction_Location,Skidding_and_Overturning,Hit_Object_in_Carriageway,Vehicle_Leaving_Carriageway,Hit_Object_off_Carriageway,1st_Point_of_Impact,Was_Vehicle_Left_Hand_Drive?,Journey_Purpose_of_Driver,Sex_of_Driver,Age_of_Driver,Age_Band_of_Driver,Engine_Capacity_(CC),Propulsion_Code,Age_of_Vehicle,Driver_IMD_Decile,Driver_Home_Area_Type
2014471404674,2,1,0,18,0,0,0,0,0,0,2,1,6,2,62,9,-1,-1,-1,7,1
2014471404675,1,9,0,7,0,6,0,0,0,0,3,1,6,1,53,8,1490,1,7,6,1
2014471404675,2,9,0,18,0,8,0,0,0,0,1,1,6,2,77,11,1497,1,12,8,1
2014471404676,1,9,0,18,0,1,0,0,0,0,1,1,6,1,56,9,1595,1,14,3,1
2014471404677,1,9,0,18,0,8,1,10,1,2,3,1,6,1,25,5,1997,2,10,4,1
2014471404680,1,9,0,9,0,1,0,0,0,0,1,1,1,1,58,9,-1,-1,-1,7,1
2014471404680,2,9,0,18,0,8,0,0,0,0,1,1,6,1,48,8,1956,2,5,6,1
2014471404680,3,9,0,10,0,6,0,0,0,0,3,1,6,1,53,8,1598,1,8,8,1
2014471404681,1,9,0,18,0,0,0,0,1,11,1,1,6,1,48,8,1360,1,10,8,1
2014471404684,1,9,0,9,0,2,0,0,0,0,4,1,6,1,53,8,1910,2,13,2,1
2014471404684,2,9,0,18,0,1,0,0,0,0,1,1,6,1,42,7,1596,1,11,2,1
2014471404687,1,9,0,18,0,0,0,0,0,0,1,1,6,1,69,10,-1,-1,-1,2,1
2014471404687,2,9,0,2,0,0,0,0,0,0,3,1,6,3,-1,-1,1896,2,7,-1,-1
2014471404688,1,9,0,18,7,2,0,0,0,0,1,1,6,2,47,8,1968,2,2,10,2
2014471404688,2,9,0,2,6,2,0,0,0,0,2,1,6,2,35,6,1968,2,-1,7,1
2014471404690,1,11,0,18,0,0,0,0,0,0,4,1,1,1,50,8,8268,2,12,8,1
2014471404691,1,9,0,16,0,8,0,0,0,0,1,1,2,1,52,8,1753,2,13,1,1
2014471404691,2,9,0,18,0,8,0,0,0,0,1,1,6,2,44,7,1991,2,8,9,2
2014471404693,1,9,0,18,0,8,0,0,0,0,4,1,6,1,29,6,1598,1,9,-1,-1
2014471404694,1,9,0,9,0,6,0,0,0,0,3,1,6,2,30,6,1229,1,3,9,2
2014471404694,2,9,0,18,0,8,0,0,0,0,1,1,6,1,46,8,2393,1,16,8,3
2014471404695,1,3,0,16,0,1,0,0,0,0,1,1,6,1,21,5,-1,-1,-1,9,1
2014471404696,1,9,0,9,0,5,0,0,0,0,0,1,6,2,73,10,1799,1,7,8,2
2014471404696,2,4,0,18,0,8,0,0,0,0,0,1,6,1,60,9,1584,1,6,8,1
2014471404697,1,9,0,18,0,0,1,0,1,4,3,1,6,1,19,4,1388,1,8,6,1
2014471404698,1,9,0,18,0,8,0,0,0,0,4,1,2,1,34,6,1341,1,13,-1,1
2014471404698,2,9,0,18,0,8,0,0,0,0,1,1,6,1,50,8,1997,2,2,7,1
2014471404699,1,9,0,18,0,8,1,0,1,2,1,1,6,2,48,8,1298,1,14,4,1
2014471404700,1,9,0,17,0,0,0,0,0,0,1,1,6,1,47,8,1948,1,12,8,3
2014471404700,2,3,0,18,0,0,1,0,0,0,1,1,6,1,65,9,125,1,3,3,1
2014471404702,1,9,0,15,0,8,0,0,0,0,3,1,6,1,33,6,1339,8,4,1,1
2014471404702,2,1,0,18,0,8,0,0,0,0,1,1,6,2,31,6,-1,-1,-1,2,1
2014471404704,1,9,0,18,0,0,0,0,1,9,1,1,6,1,37,7,4282,1,7,-1,1
2014471404705,1,21,0,4,0,1,0,0,0,0,1,1,1,1,39,7,12580,2,11,10,1
2014471404705,2,9,0,4,0,1,0,0,0,0,2,1,1,2,19,4,1242,1,-1,7,1
2014471404706,1,19,0,7,0,8,0,0,0,0,3,1,1,1,41,7,2198,2,1,7,1
2014471404706,2,9,0,18,0,8,1,0,0,0,1,1,6,1,35,6,1596,1,10,3,1
2014471404707,1,9,0,18,0,0,0,0,0,10,1,1,2,2,20,4,1498,1,6,9,3
2014471404707,2,9,0,18,0,0,0,0,0,0,0,1,6,2,26,6,1783,1,10,8,2
2014471404709,1,9,0,4,0,4,0,0,0,0,1,1,6,1,30,6,1997,1,7,9,2
2014471404709,2,1,0,18,0,3,0,0,0,0,2,1,2,1,45,7,-1,-1,-1,8,3
2014471404710,1,4,0,17,0,0,1,0,0,0,3,1,2,2,22,5,125,1,1,1,1
2014471404715,1,5,0,14,0,1,1,7,7,10,1,1,6,1,32,6,996,1,10,3,1
2014471404715,2,9,0,9,0,5,0,0,0,0,3,1,6,1,39,7,2979,1,14,1,1
2014471404716,1,5,0,17,0,0,1,10,0,0,1,1,6,1,68,10,798,1,22,6,3
2014471404716,2,11,0,16,0,0,0,0,0,0,0,1,1,3,-1,-1,-1,-1,-1,-1,-1
2014471404717,1,9,0,18,0,0,0,0,0,0,0,1,6,1,33,6,1997,1,-1,7,3
2014471404717,2,5,0,18,0,0,0,0,0,0,0,1,1,2,55,8,599,1,11,6,3
2014471404720,1,11,0,18,0,0,0,0,0,0,0,1,1,1,51,8,9360,2,2,1,1
2014471404721,1,2,0,18,0,8,1,0,0,0,3,1,6,2,16,4,49,1,8,2,1
2014471404726,1,9,0,18,0,0,5,7,0,0,1,1,6,2,41,7,1686,2,9,6,1
2014471404727,1,9,0,11,0,4,0,0,0,0,1,1,6,1,59,9,2143,2,3,6,1
2014471404727,2,1,0,9,0,8,0,0,0,0,3,1,6,2,36,7,-1,-1,-1,3,1
2014471404728,1,9,0,18,0,0,0,0,0,0,1,2,6,1,59,9,-1,-1,-1,-1,-1
2014471404728,2,9,0,18,0,0,0,0,0,0,3,1,6,2,57,9,1242,1,15,4,3
2014471404730,1,9,0,18,0,1,0,0,0,0,1,1,6,1,21,5,-1,-1,-1,5,1
2014471404730,2,9,0,3,0,1,0,0,0,0,2,1,6,1,63,9,1598,1,9,1,1
2014471404730,3,9,0,3,0,1,0,0,0,0,2,1,6,1,45,7,1753,2,12,5,1
2014471404730,4,9,0,3,0,1,0,0,0,0,2,1,6,1,47,8,1560,2,3,5,1
2014471404731,1,9,0,12,0,0,0,0,0,0,3,1,1,2,37,7,1248,1,-1,1,1
2014471404731,2,9,0,18,0,0,0,0,0,0,4,1,6,2,79,11,1797,8,4,6,1
2014471404731,3,9,0,18,0,0,0,0,0,0,3,1,6,2,41,7,1598,1,1,8,1
2014471404732,1,9,0,18,0,2,0,0,0,0,1,1,6,1,42,7,-1,3,1,7,1
2014471404732,2,19,0,4,0,2,0,0,0,0,2,1,1,1,36,7,1248,2,1,4,1
2014471404733,1,5,0,17,0,0,1,0,1,10,1,1,6,1,55,8,599,1,12,7,1
2014471404734,1,9,0,7,0,1,0,0,0,0,0,1,6,3,-1,-1,-1,-1,-1,-1,-1
2014471404734,2,11,0,18,0,1,0,0,0,0,0,1,6,1,33,6,9000,2,5,7,1
2014471404737,1,2,0,18,0,0,1,0,0,0,1,1,6,1,16,4,49,1,5,4,1
2014471404737,2,9,0,9,0,0,0,0,0,0,3,1,6,1,50,8,998,1,1,10,1
2014471404738,1,9,0,18,0,0,0,0,0,0,1,1,6,1,22,5,1596,1,-1,5,1
2014471404738,2,9,0,3,0,0,0,0,0,0,2,1,1,1,38,7,-1,-1,-1,3,1
2014471404738,3,9,0,3,0,0,0,0,0,0,2,1,6,2,22,5,1398,1,1,10,1
2014471404739,1,9,0,7,0,1,0,0,0,0,0,1,6,3,-1,-1,-1,-1,-1,-1,-1
2014471404739,2,9,0,18,0,1,0,0,0,0,2,1,6,1,34,6,1598,2,3,10,2
2014471404739,3,9,5,18,0,1,2,0,0,0,1,1,6,2,44,7,698,1,9,7,1
2014471404742,1,9,0,9,0,6,0,0,0,0,1,1,6,1,26,6,2993,2,-1,9,1
2014471404742,2,9,0,18,0,1,0,0,0,0,1,1,6,2,83,11,1339,1,1,9,3
2014471404744,1,9,0,18,0,0,0,0,0,0,1,1,6,1,26,6,1798,1,6,3,1
2014471404744,2,9,0,18,0,0,0,0,0,0,1,1,6,2,23,5,1587,1,9,5,1
2014471404744,3,9,0,2,0,0,0,0,0,0,3,1,6,3,-1,-1,-1,-1,-1,-1,-1
2014471404748,1,9,0,18,0,4,0,0,0,0,1,1,6,1,70,10,1699,1,5,10,1
2014471404748,2,9,0,3,0,4,0,0,0,0,2,1,6,1,63,9,1299,1,11,8,1
2014471404749,1,9,0,5,0,4,0,0,0,0,1,1,6,1,93,11,1242,1,11,4,1
2014471404750,1,9,0,7,0,1,0,0,0,0,0,1,6,2,33,6,1679,1,14,1,1
2014471404750,2,9,0,8,0,5,0,0,0,0,0,1,6,2,40,7,999,1,14,-1,-1
2014471404752,1,9,0,5,0,4,0,0,0,0,3,1,6,2,47,8,1796,1,11,6,1
2014471404752,2,11,0,18,0,3,0,0,0,0,3,1,6,1,26,6,9000,2,9,4,1
2014471404755,1,9,0,18,0,8,0,0,0,0,1,1,6,1,37,7,-1,-1,-1,-1,-1
2014471404755,2,9,0,3,0,8,0,0,0,0,4,1,6,1,37,7,1968,2,3,4,1
2014471404756,1,9,0,18,0,1,0,0,0,0,4,1,6,1,34,6,1968,2,5,5,1
2014471404757,1,9,0,18,0,1,0,0,0,0,1,1,6,1,57,9,2184,2,-1,7,1
2014471404758,1,9,0,18,0,1,0,0,0,0,1,1,6,2,77,11,998,1,12,6,1
2014471404758,2,9,0,18,0,1,0,0,0,0,2,1,6,1,30,6,1956,2,4,1,1
2014471404758,3,9,0,7,0,5,0,0,0,0,0,1,6,3,-1,-1,-1,-1,-1,-1,-1
2014471404759,1,19,0,18,0,0,0,0,0,0,1,1,6,1,54,8,1248,2,1,5,3
2014471404759,2,9,0,4,0,0,0,0,0,0,2,1,6,3,-1,-1,1781,1,15,-1,-1
2014471404760,1,9,0,16,0,0,0,0,0,0,1,1,6,2,68,10,1368,1,9,6,3
2014471404760,2,9,0,17,0,0,0,0,1,10,1,1,6,2,36,7,1587,1,12,4,3
2014471404761,1,9,0,8,0,6,0,0,0,0,1,1,6,2,69,10,1598,1,7,7,1
2014471404761,2,9,0,18,0,8,0,0,0,0,4,1,6,2,71,10,1905,2,21,7,1
2014471404762,1,9,0,13,0,0,0,0,0,0,4,1,6,2,21,5,1389,1,11,9,1
2014471404762,2,1,0,9,7,0,0,0,0,0,1,1,6,1,24,5,-1,-1,-1,10,3
2014471404763,1,9,0,7,0,1,0,0,0,0,4,1,6,3,40,7,-1,-1,-1,-1,-1
2014471404763,2,1,0,18,0,1,0,0,0,0,1,1,6,1,31,6,-1,-1,-1,5,1
2014471404764,1,9,0,18,0,0,0,0,0,0,1,1,6,1,50,8,-1,-1,-1,6,3
2014471404764,2,9,0,10,0,0,0,0,0,0,2,1,6,1,27,6,1598,1,12,7,1
2014471404765,1,2,0,17,0,1,0,10,0,0,1,1,6,1,18,4,124,1,2,8,1
2014471404766,1,9,0,18,0,0,0,0,0,0,1,1,1,2,55,8,1591,1,5,9,1
2014471404766,2,9,0,18,0,0,0,0,0,0,1,1,2,2,47,8,1596,1,15,9,1
2014471404767,1,9,0,7,0,4,0,0,0,0,1,1,6,1,35,6,1598,1,8,9,1
2014471404767,2,1,0,18,0,3,0,0,0,0,1,1,6,2,52,8,-1,-1,-1,10,1
2014471404771,1,9,0,9,0,6,0,0,0,0,1,1,6,1,24,5,1598,1,8,10,1
2014471404771,2,5,0,18,0,8,1,0,0,0,4,1,6,1,47,8,1649,1,1,4,1
2014471404775,1,5,0,18,0,0,0,0,0,0,1,1,6,1,43,7,998,1,13,6,1
2014471404775,2,9,0,10,0,0,0,0,0,0,2,1,6,1,36,7,1598,1,9,4,1
2014471404776,1,9,0,11,0,0,0,0,0,0,4,1,6,2,83,11,1991,2,7,5,2
2014471404776,2,9,0,18,0,0,0,0,0,0,1,1,6,2,23,5,973,1,13,8,1
2014471404777,1,9,0,18,0,0,0,0,0,0,1,1,6,1,43,7,1560,2,-1,3,1
2014471404777,2,9,0,18,0,0,0,0,0,0,2,1,6,1,38,7,1398,2,1,3,1
2014471404777,3,9,0,18,0,0,0,0,0,0,0,1,6,3,-1,-1,-1,-1,-1,-1,-1
2014471404781,1,9,0,16,0,0,0,0,0,0,0,1,6,2,49,8,1560,2,3,9,3
2014471404781,2,1,0,16,0,0,0,0,0,0,0,1,6,1,51,8,-1,-1,-1,9,1
2014471404782,1,19,0,18,0,8,0,0,0,0,1,1,6,3,-1,-1,2402,2,5,-1,-1
2014471404782,2,9,0,4,0,2,0,0,0,0,2,1,1,2,38,7,1870,2,6,5,1
2014471404782,3,9,0,3,0,2,0,0,0,0,2,1,6,2,55,8,1560,2,1,5,3
2014471404783,1,9,0,18,0,1,0,0,0,0,4,1,6,3,-1,-1,-1,-1,-1,-1,-1
2014471404784,1,9,0,9,0,1,0,0,0,0,1,1,6,2,19,4,1968,2,2,5,1
2014471404784,2,20,0,16,0,1,0,0,0,0,3,1,1,1,32,6,-1,-1,-1,7,1
2014471404785,1,9,0,18,0,6,0,0,0,0,3,1,6,1,37,7,1587,1,13,3,1
2014471404785,2,9,0,18,0,8,0,0,0,0,1,1,6,2,66,10,1360,1,10,7,1
2014471404787,1,9,0,18,0,0,0,0,1,3,1,1,6,1,24,5,1587,1,16,-1,-1
2014471404788,1,9,0,17,0,1,0,0,7,0,1,1,6,1,44,7,1197,1,-1,-1,-1
2014471404788,2,9,0,16,0,8,0,0,7,1,1,1,6,2,28,6,2000,2,4,10,1
2014471404789,1,19,3,18,0,0,0,0,1,0,4,1,6,2,35,6,2198,2,5,-1,3
2014471404791,1,20,0,18,0,4,0,0,0,0,1,1,1,1,63,9,-1,-1,-1,5,1
2014471404791,2,1,0,9,0,8,0,0,0,0,4,1,6,1,83,11,-1,-1,-1,2,1
2014471404792,1,9,0,17,0,2,1,0,2,11,1,2,6,1,18,4,1242,1,12,4,1
2014471404794,1,3,0,18,0,1,0,0,0,0,3,1,1,1,18,4,124,1,8,9,2
2014471404794,2,9,0,10,0,5,0,0,0,0,4,1,1,2,61,9,1995,2,2,9,1
2014471404797,1,9,0,18,0,1,0,0,0,0,1,1,6,2,58,9,1584,1,9,6,1
2014471404797,2,9,0,18,0,1,0,0,0,0,2,1,2,1,50,8,2143,2,3,9,1
2014471404799,1,3,0,18,0,8,0,0,0,0,3,1,6,1,20,4,125,1,3,3,1
2014471404799,2,9,0,9,0,8,0,0,0,0,3,1,2,2,40,7,1968,2,10,5,1
2014471404801,1,11,0,5,0,2,0,0,0,0,3,1,1,1,40,7,9360,2,2,2,1
2014471404801,2,1,0,18,0,1,0,0,0,0,3,1,6,1,34,6,-1,-1,-1,7,1
2014471404802,1,11,0,5,2,8,0,0,0,0,4,1,1,1,43,7,9360,2,3,7,1
2014471404804,1,9,0,18,0,1,0,0,0,0,1,1,6,2,25,5,1598,1,10,-1,-1
2014471404804,2,9,0,18,0,1,0,0,0,0,2,1,6,1,28,6,1598,1,3,1,1
2014471404805,1,9,0,18,0,0,0,0,1,4,1,1,1,1,31,6,4999,1,4,7,3
2014471404805,2,9,0,4,0,0,0,0,0,0,2,1,6,1,58,9,2497,1,10,5,3
2014471404806,1,9,0,18,0,8,0,0,0,0,4,1,6,1,25,5,1598,1,10,6,1
2014471404806,2,9,0,18,0,8,1,0,1,10,1,1,6,1,24,5,1598,1,15,6,3
2014471404808,1,9,0,18,0,4,0,0,0,0,1,1,6,2,83,11,1299,1,9,8,2
2014471404808,2,9,0,18,0,8,0,0,0,0,4,1,6,1,20,4,1600,1,15,5,1
2014471404810,1,9,0,9,0,2,0,0,0,0,1,1,6,2,28,6,1995,2,7,4,1
2014471404810,2,2,0,18,0,1,0,0,0,0,1,1,6,1,39,7,50,1,16,6,1
2014471404810,3,9,0,2,0,2,0,0,0,0,1,1,6,3,-1,-1,1998,1,11,-1,-1
2014471404810,4,9,0,18,0,1,0,0,0,0,2,1,6,1,40,7,1598,1,7,10,1
2014471404811,1,9,0,9,0,3,0,0,1,4,1,1,6,1,24,5,1799,1,17,1,1
2014471404814,1,9,0,18,0,1,0,0,0,0,1,1,6,2,55,8,1360,1,7,6,2
2014471404814,2,9,0,3,0,1,0,0,0,0,2,1,6,2,53,8,2151,2,14,-1,1
2014471404817,1,9,0,5,0,1,0,0,0,0,3,1,6,1,25,5,998,1,17,-1,-1
2014471404820,1,9,0,16,0,0,2,11,7,3,1,1,6,2,17,4,1242,1,-1,9,3
2014471404822,1,19,0,9,0,8,0,0,0,0,1,1,1,1,35,6,1560,2,3,9,1
2014471404822,2,3,0,18,0,8,0,0,0,0,1,1,2,1,23,5,124,1,-1,6,2
2014471404823,1,9,0,10,0,1,0,0,0,0,1,1,6,2,40,7,1781,1,14,5,2
2014471404823,2,5,0,10,0,1,0,0,0,0,2,1,6,1,25,5,599,1,4,6,1
2014471404824,1,9,0,18,0,0,0,0,1,3,4,1,6,1,48,8,2295,1,10,4,1
2014471404826,1,9,0,9,0,8,0,0,0,0,1,1,6,1,37,7,1598,1,13,5,1
2014471404826,2,1,0,18,0,8,0,0,0,0,1,1,6,1,47,8,-1,-1,-1,8,1
2014471404827,1,9,0,5,0,0,0,0,0,0,1,1,6,1,64,9,1598,1,11,5,1
2014471404829,1,9,0,18,0,0,0,0,0,0,4,1,6,1,75,10,1388,1,5,9,1
2014471404830,1,1,0,18,0,0,0,0,0,0,0,1,6,1,49,8,-1,-1,-1,8,2
2014471404830,2,9,0,18,0,0,0,0,0,0,0,1,6,2,37,7,2494,1,15,10,2
2014471404831,1,9,0,3,0,8,0,0,0,0,1,1,2,1,68,10,1998,1,15,3,1
2014471404832,1,9,0,17,0,0,5,0,0,11,4,1,2,1,37,7,998,1,11,3,1
2014471404834,1,11,0,18,0,0,0,0,0,0,0,1,1,1,47,8,9000,2,5,6,1
2014471404834,2,9,0,18,0,0,0,0,0,0,0,1,6,1,40,7,-1,-1,-1,-1,-1
2014471404835,1,9,0,7,0,1,0,0,0,0,0,1,6,3,40,7,-1,-1,-1,-1,-1
2014471404835,2,1,0,7,0,1,0,0,0,0,0,1,6,2,41,7,-1,-1,-1,2,1
2014471404837,1,1,0,18,0,1,0,0,0,0,3,1,6,3,-1,-1,-1,-1,-1,-1,-1
2014471404837,2,1,0,18,0,1,0,0,0,0,0,1,6,2,25,5,-1,-1,-1,-1,-1
2014471404837,3,19,0,18,0,1,0,0,0,0,4,1,6,3,-1,-1,-1,-1,-1,-1,-1
2014471404839,1,8,0,18,0,0,0,0,0,0,1,1,1,1,54,8,1896,2,5,3,1
2014471404839,2,9,0,2,0,0,0,0,0,0,3,1,6,3,-1,-1,1968,2,10,-1,-1
2014471404842,1,9,0,7,0,8,0,0,0,0,4,1,6,3,-1,-1,1598,1,9,-1,-1
2014471404842,2,1,0,18,0,8,0,0,0,0,3,1,6,1,40,7,-1,-1,-1,8,1
2014471404843,1,1,0,18,0,0,0,0,0,0,1,1,6,1,53,8,-1,-1,-1,1,1
2014471404843,2,9,0,2,0,0,0,0,0,0,2,1,6,3,-1,-1,1493,2,12,-1,-1
2014471404845,1,19,0,18,0,0,0,0,7,0,1,1,1,1,29,6,1997,2,8,1,1
2014471404845,2,19,0,18,0,0,0,0,0,0,0,1,1,1,62,9,2148,2,5,5,1
2014471404845,3,9,0,18,0,0,0,0,0,0,1,1,1,1,44,7,1995,2,6,8,3
2014471404846,1,9,0,1,0,6,0,0,0,0,2,1,6,1,40,7,1795,1,14,-1,-1
2014471404846,2,9,0,3,0,6,0,0,0,0,1,1,6,1,40,7,1590,1,24,-1,-1
2014471404847,1,9,0,7,0,6,0,0,0,0,1,1,6,1,28,6,-1,-1,-1,6,1
2014471404847,2,8,0,18,0,8,0,0,0,0,4,1,1,1,37,7,1560,2,-1,3,1
2014471404848,1,9,0,9,0,2,0,0,0,0,1,1,6,1,53,8,1587,1,13,6,1
2014471404848,2,9,0,9,0,1,0,0,0,0,3,1,2,1,17,4,1275,1,15,4,3
2014471404849,1,3,0,18,0,2,1,0,0,0,1,1,6,1,45,7,125,1,50,5,1
2014471404850,1,9,0,18,0,1,0,0,0,0,2,1,6,2,25,5,1975,1,8,6,1
2014471404850,2,19,0,12,0,1,0,0,0,0,1,1,6,1,46,8,2402,2,4,6,1
2014471404850,3,9,0,18,0,1,0,0,0,0,2,1,6,2,18,4,1398,1,2,6,1
2014471404851,1,9,0,9,0,8,0,0,0,0,4,1,6,1,34,6,1781,1,12,10,1
2014471404851,2,3,0,17,0,8,0,0,0,0,1,1,2,1,19,4,124,1,1,9,2
2014471404852,1,9,0,18,0,6,0,0,0,0,1,1,6,1,52,8,1587,1,15,5,2
2014471404852,2,9,0,18,0,8,5,0,0,0,3,2,2,1,44,7,3528,1,24,8,3
2014471404853,1,9,0,9,0,1,0,0,0,0,1,1,6,2,29,6,1598,1,-1,4,1
2014471404853,2,9,0,18,0,1,0,0,0,0,1,1,6,1,43,7,1968,2,7,2,1
2014471404855,1,9,0,18,0,0,0,0,0,0,1,1,2,2,44,7,2993,2,6,9,1
2014471404855,2,1,0,18,0,0,0,0,8,10,2,1,6,1,71,10,-1,-1,-1,-1,1
2014471404855,3,1,0,18,0,0,0,0,0,0,2,1,6,1,78,11,-1,-1,-1,10,1
2014471404856,1,9,0,4,0,0,0,0,0,0,1,1,6,1,49,8,-1,-1,-1,6,1
2014471404856,2,9,0,4,0,0,0,0,0,0,2,1,6,1,45,7,1997,2,10,6,2
2014471404857,1,9,0,18,0,1,0,0,0,0,1,1,6,1,30,6,1896,2,13,1,1
2014471404857,2,9,0,18,0,1,0,0,0,0,2,1,6,2,56,9,1108,1,4,4,1
2014471404857,3,9,0,18,0,1,0,0,0,0,1,1,6,2,29,6,1596,1,4,4,1
2014471404858,1,9,0,18,0,0,0,0,0,0,1,1,6,1,38,7,1991,1,16,8,1
2014471404858,2,9,0,4,0,0,0,0,0,0,2,1,1,1,67,10,1689,2,10,8,1
2014471404859,1,9,0,16,0,0,0,0,0,0,3,1,6,2,50,8,-1,-1,-1,8,3
2014471404859,2,9,0,17,0,0,0,7,8,1,3,1,6,1,60,9,1598,1,9,6,2
2014471404860,1,9,0,18,0,3,0,0,0,0,1,1,6,1,39,7,1910,2,9,5,1
2014471404860,2,9,0,3,0,8,0,0,0,0,2,1,6,1,30,6,1596,1,13,2,1
2014471404860,3,9,0,3,0,8,0,0,0,0,2,1,6,2,33,6,1999,1,6,7,3
2014471404863,1,9,0,17,0,0,0,4,7,2,1,1,6,1,33,6,1396,1,9,8,2
2014471404863,2,9,0,2,0,0,0,4,3,10,1,1,6,3,-1,-1,1388,1,11,-1,-1
2014471404863,3,9,0,2,0,0,0,4,3,2,1,1,6,3,-1,-1,1984,2,2,-1,-1
2014471404863,4,9,0,2,0,0,0,0,0,0,0,1,6,2,-1,-1,1997,2,13,6,2
2014471404864,1,9,0,18,0,0,0,0,0,0,1,1,6,1,38,7,1994,2,13,3,1
2014471404864,2,9,0,4,0,0,0,0,0,0,2,1,6,2,31,6,1560,2,3,4,1
2014471404865,1,9,0,8,0,1,0,0,0,0,0,1,6,2,60,9,1598,1,10,7,3
2014471404865,2,1,0,18,0,1,0,0,0,0,0,1,6,1,49,8,-1,-1,-1,6,3
2014471404866,1,1,0,9,0,1,0,0,0,0,1,1,6,2,48,8,-1,-1,-1,9,1
2014471404866,2,9,0,9,0,1,0,0,0,0,4,1,6,1,48,8,1762,1,16,5,1
2014471404868,1,9,0,18,0,8,0,0,0,0,1,1,6,2,67,10,1390,1,9,8,1
2014471404869,1,9,0,18,0,0,0,0,0,0,1,1,6,1,30,6,-1,-1,-1,-1,-1
2014471404869,2,1,0,18,0,0,0,0,0,0,3,1,6,2,16,4,-1,-1,-1,7,1
2014471404870,1,9,0,9,0,2,0,0,0,0,3,1,6,1,57,9,1149,1,6,7,1
2014471404870,2,9,0,18,0,1,0,0,0,0,3,1,6,1,24,5,1124,1,10,3,1
2014471404873,1,9,0,18,0,0,0,0,0,0,1,1,6,2,85,11,1339,1,1,6,3
2014471404873,2,9,0,18,0,0,0,0,0,0,1,1,6,2,68,10,1349,1,2,10,2
2014471404874,1,19,0,18,0,3,0,0,0,0,0,1,6,3,-1,-1,-1,-1,-1,-1,-1
2014471404874,2,9,0,18,0,3,0,0,0,0,2,1,6,2,50,8,1560,2,-1,10,1
2014471404874,3,9,0,18,0,3,0,0,0,0,1,1,6,2,36,7,999,1,14,3,1
2014471404875,1,9,0,16,0,0,0,0,0,0,1,1,6,2,29,6,1598,1,14,9,3
2014471404876,1,9,0,18,0,0,0,0,0,0,3,1,6,1,83,11,1296,1,5,9,1
2014471404876,2,9,0,18,0,0,0,0,0,9,3,1,6,1,31,6,1349,1,4,8,1
2014471404877,1,19,0,9,0,8,5,7,0,1,4,1,2,1,75,10,2446,2,16,7,3
2014471404877,2,9,0,18,0,8,0,0,0,0,1,1,6,1,18,4,1149,1,9,10,2
2014471404879,1,19,0,4,0,8,1,0,0,0,1,1,6,1,44,7,1870,2,10,1,1
2014471404879,2,19,0,4,0,8,0,0,4,1,1,1,6,1,24,5,1753,2,7,6,1
2014471404879,3,9,0,3,0,8,0,0,0,0,2,1,6,2,62,9,1995,2,3,10,1
2014471404879,4,9,0,3,0,8,0,0,0,0,2,1,6,1,41,7,2979,1,6,-1,1
2014471404881,1,3,0,14,0,0,0,0,7,0,1,1,6,1,32,6,124,1,12,8,2
2014471404881,2,8,0,9,0,0,0,0,0,0,3,1,1,1,48,8,1798,1,9,4,1
2014471404882,1,4,0,18,9,6,0,0,0,0,3,1,6,1,65,9,198,1,-1,7,1
2014471404883,1,9,0,9,0,2,0,0,0,0,1,1,6,1,69,10,1560,2,-1,-1,-1
2014471404883,2,5,0,13,0,1,1,0,0,0,1,1,6,1,20,4,781,1,13,6,3
2014471404883,3,4,0,18,0,1,0,0,0,0,0,1,6,1,20,4,398,1,25,8,2
2014471404887,1,9,0,9,0,4,0,0,0,0,1,1,6,1,49,8,2393,1,2,7,1
2014471404887,2,4,0,9,0,8,0,0,0,0,4,1,6,1,63,9,175,1,55,10,3
2014471404888,1,9,0,7,0,8,1,0,0,0,2,1,6,1,91,11,1108,1,5,8,3
2014471404888,2,9,0,18,0,8,0,0,0,0,1,1,6,2,82,11,1388,1,13,6,3
2014471404889,1,9,0,9,0,5,0,0,0,0,1,1,6,2,45,7,1396,1,18,1,1
2014471404891,1,16,0,16,0,0,0,0,1,0,0,1,6,1,44,7,-1,-1,-1,6,1
2014471404892,1,5,0,16,0,1,0,0,7,1,1,1,6,1,44,7,1074,1,21,3,1
2014471404893,1,9,0,17,0,0,1,0,7,4,4,1,6,1,36,7,1598,1,10,6,3
2014471404895,1,9,0,16,0,0,1,0,0,0,4,1,6,1,19,4,1299,1,16,6,3
2014471404895,2,9,0,17,0,0,0,0,0,0,1,1,6,2,50,8,1248,1,2,3,1
2014471404896,1,9,0,17,0,0,0,0,0,0,1,1,6,1,35,6,1996,1,17,5,1
2014471404896,2,9,0,16,0,0,0,0,0,0,1,1,6,2,38,7,1598,1,12,9,1
2014471404897,1,9,0,18,0,0,2,0,1,4,1,1,6,2,65,9,1388,1,4,4,1