Accident_Index,Vehicle_Reference,Vehicle_Type,Towing_and_Articulation,Vehicle_Manoeuvre,Vehicle_Location-Restricted_Lane,Junction_Location,Skidding_and_Overturning,Hit_Object_in_Carriageway,Vehicle_Leaving_Carriageway,Hit_Object_off_Carriageway,1st_Point_of_Impact,Was_Vehicle_Left_Hand_Drive?,Journey_Purpose_of_Driver,Sex_of_Driver,Age_of_Driver,Age_Band_of_Driver,Engine_Capacity_(CC),Propulsion_Code,Age_of_Vehicle,Driver_IMD_Decile,Driver_Home_Area_Type
2014471404898,1,9,0,16,0,0,5,0,8,4,1,1,6,1,33,6,1124,1,27,6,3
2014471404899,1,9,0,9,0,2,0,0,0,0,3,1,6,1,78,11,1388,1,10,4,1
2014471404899,2,5,0,18,0,1,0,0,0,0,1,1,6,2,39,7,599,1,15,3,1
2014471404903,1,9,0,18,0,0,1,0,7,4,1,1,6,1,38,7,1910,2,7,-1,-1
2014471404904,1,9,0,18,0,8,0,0,0,0,1,1,6,1,51,8,2435,1,15,1,1
2014471404904,2,9,0,4,0,8,0,0,0,0,2,1,6,1,54,8,1753,2,8,6,1
2014471404905,1,9,0,17,0,0,1,0,0,0,4,1,6,1,63,9,1149,1,7,5,3
2014471404905,2,9,0,16,0,0,0,0,0,0,1,1,6,2,38,7,1968,2,5,6,1
2014471404907,1,9,0,7,0,1,0,0,0,0,1,1,6,1,44,7,2982,2,1,5,1
2014471404907,2,1,0,18,0,1,0,0,0,0,1,1,6,2,33,6,-1,-1,-1,3,1
2014471404911,1,19,0,4,0,0,0,0,0,0,1,1,1,1,39,7,2143,2,5,6,3
2014471404911,2,9,0,3,0,0,0,0,0,0,2,1,6,1,24,5,1199,1,15,8,1
2014471404911,3,9,0,3,0,0,0,0,0,0,2,1,6,1,45,7,1395,1,-1,9,1
2014471404911,4,9,0,3,0,0,0,0,0,0,2,1,6,1,40,7,1968,2,6,10,2
2014471404912,1,9,0,5,0,8,0,0,0,0,4,1,6,1,32,6,1390,1,14,10,1
2014471404912,2,3,0,18,0,8,1,0,1,0,3,1,6,1,24,5,124,1,18,5,1
2014471404914,1,9,0,18,0,0,0,0,0,0,1,1,6,2,69,10,1339,1,9,3,3
2014471404914,2,5,0,18,0,0,0,0,1,0,1,1,6,1,40,7,-1,-1,-1,-1,-1
2014471404914,3,5,0,18,0,0,0,0,1,0,1,1,6,2,48,8,-1,-1,-1,-1,-1
2014471404914,4,20,0,18,0,0,0,0,0,0,1,1,6,1,62,9,-1,-1,-1,6,1
2014471404916,1,9,0,16,0,0,1,0,0,0,3,1,6,2,64,9,2972,1,12,8,3
2014471404916,2,9,0,18,0,0,0,0,0,0,3,1,6,1,63,9,1390,1,13,10,1
2014471404917,1,9,0,18,0,0,0,4,0,0,4,1,6,3,-1,-1,-1,-1,-1,-1,-1
2014471404917,2,9,0,2,0,0,0,0,0,0,3,1,6,3,-1,-1,1198,1,1,-1,-1
2014471404918,1,9,0,16,0,2,1,0,0,0,1,1,2,1,23,5,1360,1,16,5,2
2014471404918,2,9,0,17,0,1,1,0,0,0,4,1,6,1,70,10,2231,2,7,7,2
2014471404922,1,9,0,1,0,0,0,0,0,0,2,1,6,1,60,9,1246,1,8,3,1
2014471404925,1,9,0,18,0,0,5,0,8,10,1,1,6,1,44,7,1389,1,21,10,1
2014471404931,1,9,0,16,0,0,1,0,1,0,1,1,6,2,59,9,3996,1,16,7,1
2014471404931,2,9,0,17,0,0,0,0,1,0,1,1,6,1,70,10,1834,1,10,7,3
2014471404932,1,9,0,5,0,0,0,0,0,0,3,1,6,2,23,5,1229,1,8,-1,1
2014471404933,1,9,0,18,0,0,0,0,0,0,3,1,6,2,74,10,2179,2,3,9,2
2014471404934,1,9,0,7,0,8,0,0,0,0,4,1,6,2,46,8,2179,2,4,10,1
2014471404936,1,9,0,17,0,8,2,0,0,0,4,1,6,2,54,8,1360,1,6,1,1
2014471404940,1,11,0,18,0,0,0,11,0,4,1,1,1,1,47,8,9000,2,3,2,1
2014471404944,1,9,0,16,0,0,0,0,0,0,1,1,2,1,36,7,1196,1,17,4,1
2014471404944,2,11,0,17,0,0,0,0,0,0,1,1,1,1,30,6,9400,2,9,10,1
2014471404947,1,11,0,2,2,0,0,0,0,0,0,1,6,1,55,8,9360,2,2,2,1
2014471404948,1,9,0,5,0,1,0,0,0,0,2,1,6,1,60,9,2993,2,5,-1,-1
2014471404948,2,9,0,3,0,1,0,0,0,0,2,1,6,1,60,9,1598,1,11,6,1
2014471404948,3,9,0,5,0,1,0,0,0,0,0,1,6,3,-1,-1,-1,-1,-1,-1,-1
2014471404949,1,9,0,7,0,8,0,0,0,0,1,1,2,2,36,7,1598,1,7,10,1
2014471404949,2,1,0,9,0,8,1,0,0,0,1,1,2,1,42,7,-1,-1,-1,4,1
2014471404951,1,9,0,9,0,8,0,0,0,0,4,1,6,1,67,10,1198,1,-1,7,1
2014471404951,2,5,0,15,0,8,1,0,0,0,1,1,6,1,35,6,599,1,4,9,3
2014471404951,3,9,0,10,0,8,0,0,0,0,0,1,6,1,59,9,1598,1,14,9,1
2014471404952,1,9,0,18,0,1,0,0,0,0,1,1,6,1,-1,-1,998,1,5,-1,-1
2014471404953,1,4,0,18,0,0,0,0,0,0,4,1,6,1,19,4,498,1,27,2,1
2014471404954,1,9,0,17,0,8,0,0,0,0,1,1,6,3,40,7,-1,-1,-1,-1,-1
2014471404954,2,1,0,17,0,8,0,0,0,0,2,1,6,1,29,6,-1,-1,-1,6,1
2014471404957,1,5,0,16,0,0,1,0,7,0,3,1,6,1,49,8,847,1,1,-1,-1
2014471404957,2,9,0,18,0,0,0,0,0,0,1,1,6,2,54,8,1596,1,11,3,1
2014471404957,3,19,0,3,0,0,0,0,0,0,2,1,2,1,66,10,1997,2,10,3,1
2014471404957,4,9,0,2,6,0,0,0,0,0,3,1,6,3,-1,-1,999,1,2,-1,-1
2014471404957,5,19,0,10,0,0,0,0,0,0,0,1,2,1,51,8,1896,2,8,5,3
2014471404957,6,5,0,18,0,0,0,0,0,0,0,1,6,1,65,9,1050,1,1,9,1
2014471404958,1,19,0,9,0,1,0,0,0,0,3,1,1,1,67,10,1399,2,5,5,1
2014471404958,2,1,0,18,0,1,0,0,0,0,1,1,6,1,35,6,-1,-1,-1,6,1
2014471404961,1,9,0,5,0,4,0,0,0,0,1,1,6,1,59,9,2664,2,12,7,1
2014471404961,2,9,0,3,0,4,0,0,0,0,2,1,2,1,43,7,1968,2,2,10,1
2014471404963,1,3,0,18,0,1,0,0,0,0,4,1,6,1,31,6,124,1,-1,6,1
2014471404963,2,9,0,9,0,1,0,0,0,0,3,1,6,1,44,7,5513,1,10,10,1
2014471404966,1,3,0,13,0,8,0,0,0,0,4,1,6,1,30,6,125,1,8,2,1
2014471404966,2,9,0,9,0,8,0,0,0,0,3,1,1,1,25,5,1560,2,2,2,1
2014471404968,1,9,0,1,0,6,0,0,0,0,0,1,6,1,54,8,4999,1,4,6,3
2014471404968,2,2,0,18,0,1,1,0,0,0,0,1,2,2,16,4,49,1,6,8,3
2014471404969,1,21,0,18,0,2,0,0,0,0,1,1,6,3,30,6,12900,2,2,-1,-1
2014471404969,2,9,0,18,0,2,0,0,0,0,2,1,6,2,57,9,1584,1,9,10,1
2014471404970,1,9,0,18,0,0,1,0,0,0,1,1,6,2,28,6,1598,1,15,5,1
2014471404970,2,19,0,10,0,0,0,0,0,0,2,1,1,1,43,7,1996,2,-1,8,3
2014471404974,1,19,0,18,0,0,0,0,0,0,1,1,1,1,25,5,2151,2,14,4,1
2014471404974,2,9,0,4,0,0,0,0,0,0,2,1,6,1,54,8,2401,2,7,6,3
2014471404975,1,9,4,17,0,0,0,0,0,0,0,1,6,3,-1,-1,-1,-1,-1,-1,-1
2014471404975,2,9,0,17,0,0,0,0,1,0,1,1,6,1,22,5,1364,1,4,8,1
2014471404976,1,3,0,16,0,0,0,0,0,0,1,1,1,1,43,7,124,1,10,8,3
2014471404976,2,21,0,17,0,0,0,0,0,0,3,1,1,1,50,8,6871,2,10,10,1
2014471404977,1,9,0,17,0,0,1,0,1,10,3,1,6,2,36,7,1598,1,13,7,3
2014471404978,1,21,1,9,0,8,1,0,0,0,1,2,1,1,63,9,-1,-1,-1,-1,-1
2014471404978,2,20,0,9,0,3,0,0,0,0,4,1,1,1,35,6,-1,-1,-1,2,1
2014471404979,1,9,0,18,0,3,0,0,3,10,1,1,6,1,38,7,505,1,11,2,1
2014471404980,1,9,0,18,0,2,0,0,0,0,1,1,2,1,23,5,2171,1,10,7,1
2014471404980,2,9,0,18,0,2,0,0,0,0,2,1,2,2,60,9,-1,-1,-1,7,1
2014471404980,3,9,0,18,0,2,0,0,0,0,2,1,2,1,30,6,1587,1,13,-1,-1
2014471404982,1,9,0,18,0,1,1,0,0,0,1,1,6,1,40,7,1422,2,6,9,1
2014471404982,2,9,0,3,0,1,0,0,0,0,2,1,6,1,41,7,1560,2,2,7,3
2014471404982,3,9,0,10,0,1,0,0,0,0,2,1,6,2,37,7,1995,2,3,10,1
2014471404983,1,9,0,17,0,0,5,0,1,7,4,1,1,2,23,5,1229,1,1,1,1
2014471404987,1,9,0,18,0,0,0,0,0,0,1,1,2,2,20,4,875,1,2,10,1
2014471404989,1,8,0,18,0,1,1,0,0,0,1,1,1,1,49,8,1998,2,5,1,1
2014471404989,2,9,0,3,0,1,0,0,0,0,2,1,6,1,50,8,1781,1,6,5,1
2014471404992,1,5,0,9,0,5,0,0,0,0,4,1,6,1,41,7,999,1,5,5,1
2014471404993,1,9,0,18,0,8,0,0,0,0,0,1,6,1,35,6,-1,-1,-1,-1,-1
2014471404993,2,11,0,9,0,1,0,0,0,0,0,1,1,1,57,9,3900,2,10,4,1
2014471404998,1,9,0,4,0,0,0,0,0,0,1,1,6,3,-1,-1,2996,1,8,-1,-1
2014471405000,1,20,0,17,0,0,0,0,1,0,1,1,1,1,36,7,4250,2,8,4,1
2014471405000,2,9,0,10,0,0,0,0,0,0,4,1,6,2,75,10,1968,2,7,-1,3
2014471405001,1,9,0,18,0,0,1,0,4,0,1,1,6,1,82,11,1108,1,5,9,1
2014471405001,2,1,0,18,0,0,0,0,4,0,3,1,6,1,13,3,-1,-1,-1,10,3
2014471405001,3,9,0,18,0,0,0,0,0,0,0,1,6,3,30,6,-1,-1,-1,-1,-1
2014471405003,1,9,0,15,0,0,0,0,0,0,0,1,6,1,36,7,1796,1,9,5,1
2014471405003,2,1,0,18,0,0,0,0,0,0,0,1,6,2,26,6,-1,-1,-1,9,1
2014471405003,3,9,0,18,0,0,0,0,1,0,2,1,2,2,26,6,1796,1,14,10,2
2014471405003,4,9,0,18,0,0,1,0,0,0,1,1,2,1,20,4,998,1,18,3,1
2014471405004,1,3,0,18,0,1,0,0,0,0,1,1,6,1,18,4,125,1,9,8,2
2014471405004,2,9,0,10,0,1,0,0,0,0,2,1,6,2,17,4,1242,1,3,8,1
2014471405007,1,9,0,9,0,2,0,0,0,0,0,1,6,1,43,7,1596,1,13,4,1
2014471405007,2,9,0,18,0,8,0,0,1,4,1,1,6,1,39,7,1896,2,12,3,1
2014471405008,1,9,0,18,0,1,0,0,0,0,1,1,6,1,17,4,1229,1,-1,6,2
2014471405008,2,9,0,18,0,2,0,0,0,0,1,1,6,2,53,8,1240,1,11,5,3
2014471405011,1,9,0,18,0,8,0,0,0,0,3,2,6,1,57,9,-1,-1,-1,-1,-1
2014471405011,2,9,0,18,0,8,0,0,0,0,4,1,6,1,87,11,2499,1,6,6,1
2014471405012,1,9,0,18,0,1,5,4,0,0,4,1,6,2,24,5,1242,1,1,6,2
2014471405012,2,9,0,2,0,1,0,0,0,0,3,1,6,3,-1,-1,1198,1,5,-1,-1
2014471405013,1,9,0,4,0,1,0,0,7,0,1,1,6,2,59,9,1995,2,1,7,3
2014471405013,2,9,0,4,0,1,0,0,0,0,2,1,6,1,56,9,1796,1,9,10,1
2014471405014,1,3,0,4,0,0,0,0,0,0,1,1,6,2,17,4,125,1,6,9,2
2014471405014,2,5,0,4,0,0,0,0,0,0,4,1,6,2,43,7,-1,-1,-1,9,2
2014471405015,1,9,0,9,0,6,0,0,0,0,3,1,6,2,60,9,1896,2,11,3,1
2014471405015,2,3,0,18,0,8,0,0,0,0,1,1,6,1,20,4,124,1,-1,4,1
2014471405016,1,9,0,4,0,1,0,0,0,0,1,1,2,1,32,6,1093,1,31,5,1
2014471405018,1,9,0,18,0,2,5,0,0,0,3,1,6,2,50,8,1999,1,9,6,2
2014471405018,2,9,0,18,0,1,0,0,0,0,3,1,6,1,73,10,1796,1,7,6,2
2014471405022,1,9,0,17,0,0,1,0,1,10,1,1,2,2,25,5,1242,1,11,5,1
2014471405024,1,5,0,4,0,0,1,0,0,0,3,1,6,1,40,7,690,1,2,3,1
2014471405025,1,19,0,17,0,2,0,0,2,4,1,1,1,1,44,7,1896,2,6,6,3
2014471405025,2,9,0,17,0,2,0,0,0,0,0,1,6,1,19,4,1297,1,24,7,1
2014471405026,1,9,0,2,0,2,0,0,0,0,3,1,6,3,-1,-1,1799,1,16,-1,-1
2014471405026,2,1,0,18,0,2,0,0,0,0,1,1,1,2,55,8,-1,-1,-1,7,1
2014471405027,1,9,0,18,0,1,0,0,0,0,1,1,6,2,41,7,1796,1,11,8,1
2014471405028,1,9,0,18,0,0,2,0,0,0,3,1,6,1,19,4,1896,2,14,3,1
2014471405031,1,17,4,9,0,1,0,0,1,0,3,1,1,1,25,5,4485,2,-1,6,1
2014471405031,2,9,0,7,0,1,0,0,0,0,1,1,6,1,19,4,-1,-1,-1,5,2
2014471405032,1,9,0,9,0,8,0,0,0,0,4,1,6,2,19,4,1997,2,8,10,3
2014471405032,2,9,0,18,0,8,0,0,0,0,1,1,6,1,84,11,1364,1,4,7,1
2014471405034,1,9,0,9,0,0,0,0,0,0,1,1,6,2,70,10,2993,2,2,9,3
2014471405034,2,9,0,18,0,0,0,0,0,0,1,1,6,2,23,5,998,1,8,2,1
2014471405037,1,5,0,18,0,0,0,0,0,0,4,1,6,1,25,5,582,1,10,2,1
2014471405038,1,9,0,4,0,4,0,0,0,0,1,1,6,2,27,6,1229,1,5,9,1
2014471405038,2,9,0,3,0,4,0,0,0,0,2,1,6,2,58,9,1360,1,10,10,1
2014471405040,1,9,0,5,0,6,0,0,0,0,1,1,6,1,46,8,1598,1,7,5,1
2014471405040,2,1,0,18,0,6,0,0,0,0,3,1,2,1,62,9,-1,-1,-1,5,1
2014471405041,1,1,0,18,4,2,0,0,0,0,1,1,6,1,67,10,-1,-1,-1,8,1
2014471405042,1,9,0,17,0,0,5,10,0,4,4,1,6,1,62,9,1796,1,7,8,1
2014471405043,1,9,0,18,0,4,0,0,0,0,4,1,6,2,45,7,1984,1,9,9,1
2014471405043,2,5,0,18,0,8,0,0,0,0,4,1,6,1,21,5,748,1,6,5,1
2014471405047,1,1,0,18,0,2,0,0,0,0,3,1,6,1,32,6,-1,-1,-1,5,1
2014471405048,1,11,0,17,0,1,0,0,0,0,3,1,1,1,57,9,9000,2,-1,10,1
2014471405048,2,17,0,16,0,2,1,0,0,0,3,2,1,1,46,8,-1,-1,-1,10,1
2014471405050,1,19,0,17,0,0,0,0,0,0,1,1,6,1,21,5,1461,2,9,5,1
2014471405050,2,9,0,4,0,0,0,0,0,0,2,1,6,1,56,9,1968,2,4,6,1
2014471405051,1,9,0,16,0,0,0,0,0,0,0,1,6,2,62,9,1796,1,11,9,1
2014471405052,1,11,0,4,7,7,0,0,0,0,0,1,1,1,42,7,9360,2,3,8,1
2014471405054,1,5,0,18,0,1,1,0,0,0,4,1,6,1,26,6,919,1,9,9,1
2014471405060,1,9,0,1,0,1,0,0,0,0,2,1,6,1,39,7,1997,1,1,3,1
2014471405060,2,1,0,4,0,5,0,0,0,0,2,1,6,1,55,8,-1,-1,-1,3,1
2014471405066,1,19,0,18,0,0,0,0,0,0,1,1,1,1,50,8,2402,2,7,5,3
2014471405066,2,9,0,4,0,0,0,0,0,0,2,1,6,2,77,11,-1,-1,-1,10,1
2014471405066,3,9,0,3,0,0,0,0,0,0,2,1,6,2,31,6,1598,1,9,10,1
2014471405069,1,11,0,2,0,0,0,0,0,0,0,1,1,1,38,7,9000,2,-1,3,1
2014471405070,1,9,0,13,0,0,0,0,0,0,4,1,1,3,-1,-1,-1,-1,-1,-1,-1
2014471405070,2,1,0,18,0,0,0,0,1,10,3,1,6,1,33,6,-1,-1,-1,6,1
2014471405071,1,1,0,18,0,8,0,0,0,0,1,1,2,1,49,8,-1,-1,-1,9,1
2014471405073,1,9,0,18,0,8,0,0,0,0,1,1,6,1,31,6,1870,2,13,8,1
2014471405073,2,9,0,3,0,8,0,0,0,0,2,1,6,1,60,9,1596,1,9,3,1
2014471405073,3,9,0,18,0,3,0,0,0,0,0,1,6,1,50,8,2967,2,3,6,1
2014471405074,1,11,0,4,0,2,0,0,0,0,0,1,1,1,31,6,9360,2,1,4,1
2014471405075,1,9,0,18,0,4,0,0,0,0,1,1,6,2,49,8,1329,1,3,7,1
2014471405075,2,1,0,18,0,8,0,0,0,0,4,1,2,2,24,5,-1,-1,-1,5,1
2014471405076,1,9,0,18,0,0,0,0,0,0,1,1,6,3,-1,-1,-1,-1,-1,-1,-1
2014471405076,2,9,0,18,0,0,0,0,0,0,2,1,6,1,21,5,1149,1,1,2,1
2014471405077,1,9,0,13,0,8,0,0,0,0,4,1,1,1,33,6,1997,2,2,4,1
2014471405077,2,9,0,18,0,8,0,0,0,0,3,1,6,2,37,7,1998,1,10,2,1
2014471405079,1,9,0,18,0,0,5,0,1,0,1,1,2,2,22,5,996,1,2,-1,-1
2014471405084,1,11,0,14,2,0,0,0,0,0,1,1,1,1,46,8,-1,2,14,3,1
2014471405084,2,9,0,4,0,0,0,0,0,0,2,1,6,1,23,5,1229,1,2,2,1
2014471405084,3,9,0,3,0,0,0,0,0,0,2,1,6,1,37,7,1686,2,3,3,1
2014471405085,1,9,0,18,0,0,0,0,0,0,1,1,1,1,56,9,-1,-1,-1,2,1
2014471405090,1,9,0,18,0,0,0,0,0,0,1,1,6,1,81,11,1339,1,3,7,1
2014471405090,2,9,0,3,0,0,0,0,0,0,2,1,6,1,19,4,1396,2,2,6,1
2014471405091,1,5,0,18,0,0,1,12,7,10,1,1,6,1,54,8,649,1,8,9,1
2014471405092,1,9,0,18,0,0,0,0,0,0,1,1,6,2,51,8,1995,2,-1,7,1
2014471405092,2,9,0,18,0,0,0,0,0,0,2,1,1,1,25,5,1798,1,6,9,1
2014471405092,3,9,0,18,0,0,0,0,0,0,1,1,1,1,26,6,2148,2,9,9,1
2014471405092,4,9,0,18,0,0,0,0,0,0,0,1,1,1,55,8,1968,2,4,-1,-1
2014471405093,1,9,0,18,0,8,0,0,7,1,1,1,6,1,75,10,1598,1,4,6,1
2014471405094,1,9,0,18,0,0,2,0,1,9,4,1,6,1,37,7,1868,2,15,2,1
2014471405095,1,9,0,5,9,0,0,0,0,0,4,1,6,2,45,7,1596,1,12,10,1
2014471405095,2,1,0,18,0,0,0,0,0,0,4,1,6,1,4,1,-1,-1,-1,7,2
2014471405096,1,3,0,18,0,0,1,0,0,0,1,1,6,1,20,4,124,1,4,3,1
2014471405097,1,9,0,18,0,0,0,12,0,1,1,1,6,2,39,7,1242,1,9,9,1
2014471405099,1,9,0,18,0,8,1,7,3,4,4,1,6,1,34,6,1390,1,6,-1,-1
2014471405099,2,9,0,18,0,1,0,0,0,0,0,1,1,1,36,7,-1,-1,-1,-1,-1
2014471405101,1,9,0,9,0,5,0,0,0,0,3,1,2,1,23,5,899,1,1,5,1
2014471405101,2,1,0,18,0,1,0,0,0,0,4,1,6,1,39,7,-1,-1,-1,10,1
2014471405104,1,8,0,9,0,6,0,0,0,0,0,1,1,1,61,9,1956,2,5,8,1
2014471405106,1,1,0,18,0,8,0,0,0,0,1,1,6,1,12,3,-1,-1,-1,5,1
2014471405106,2,9,0,9,0,8,0,0,0,0,1,1,6,1,60,9,1747,1,13,10,1
2014471405108,1,9,0,7,4,1,0,0,0,0,4,1,6,1,31,6,999,1,17,8,2
2014471405108,2,1,0,18,4,1,0,0,0,0,1,1,6,1,26,6,-1,-1,-1,4,1
2014471405109,1,9,0,10,0,6,0,0,0,0,0,1,6,1,81,11,1968,2,3,10,1
2014471405109,2,1,0,18,0,1,0,0,0,0,0,1,6,1,59,9,-1,-1,-1,6,1
2014471405110,1,19,0,18,0,4,0,0,0,0,1,1,6,1,49,8,2148,2,6,4,1
2014471405110,2,5,0,8,0,4,0,0,0,0,2,1,6,1,48,8,1130,1,11,10,1
2014471405113,1,9,0,18,0,0,0,0,0,0,2,1,6,1,18,4,1198,1,9,9,3
2014471405113,2,9,0,18,0,0,0,0,4,4,1,1,6,1,59,9,1398,1,1,7,3
2014471405114,1,9,3,18,0,1,0,0,0,0,3,1,6,1,50,8,-1,-1,-1,7,2
2014471405114,2,1,0,18,0,1,0,0,0,0,4,1,6,1,54,8,-1,-1,-1,1,1
2014471405115,1,1,0,18,0,0,0,0,0,0,0,1,6,1,67,10,-1,-1,-1,7,3
2014471405116,1,9,0,4,0,1,0,0,0,0,1,1,6,1,67,10,3217,1,13,4,3
2014471405116,2,9,0,4,0,1,0,0,0,0,2,1,6,1,72,10,1364,1,6,8,1
2014471405117,1,9,0,18,0,0,0,0,0,0,1,1,6,1,59,9,1598,1,12,5,2
2014471405117,2,11,0,5,0,0,0,0,0,0,0,1,1,3,-1,-1,-1,-1,-1,-1,-1
2014471405118,1,19,0,6,0,2,0,0,0,0,3,1,1,1,50,8,2198,2,2,8,1
2014471405118,2,5,0,13,0,2,0,0,0,0,1,1,6,1,44,7,749,1,10,4,1
2014471405120,1,9,0,18,0,0,0,0,0,0,1,1,6,1,44,7,1596,1,1,5,1
2014471405120,2,9,0,2,0,0,0,0,0,10,1,1,6,3,-1,-1,1968,2,4,-1,-1
2014471405120,3,9,0,2,0,0,0,0,0,0,4,1,6,3,-1,-1,1242,1,5,-1,-1
2014471405121,1,19,0,1,0,1,0,0,0,0,2,1,1,3,30,6,2299,2,1,-1,-1
2014471405121,2,1,0,18,0,2,0,0,0,0,2,1,2,2,20,4,-1,-1,-1,9,1
2014471405123,1,9,0,18,0,1,0,0,0,0,1,1,6,2,46,8,1497,1,9,-1,1
2014471405123,2,9,0,3,0,1,0,0,0,0,2,1,6,1,30,6,1753,2,4,10,1
2014471405123,3,9,0,3,0,1,0,0,0,0,2,1,6,1,41,7,1598,1,1,7,3
2014471405123,4,9,0,3,0,4,0,0,0,0,2,1,6,1,41,7,1388,1,16,9,1
2014471405124,1,9,0,7,0,6,0,0,1,10,1,1,6,2,54,8,1598,1,12,8,2
2014471405124,2,9,0,18,0,1,0,0,0,0,4,1,6,2,40,7,-1,-1,-1,8,3
2014471405127,1,8,0,18,0,1,0,0,0,0,1,1,6,1,30,6,1997,2,8,4,1
2014471405127,2,9,0,18,0,1,0,0,0,0,1,1,6,1,20,4,1229,1,1,7,1
2014471405129,1,9,0,17,0,0,0,0,7,0,3,1,6,2,51,8,3189,1,10,10,2
2014471405129,2,9,0,16,0,0,5,0,7,0,3,1,6,1,23,5,998,1,-1,8,2
2014471405132,1,9,0,7,0,8,0,0,0,0,1,1,6,2,38,7,1995,2,8,10,1
2014471405133,1,9,0,18,0,2,0,10,0,4,1,1,6,3,-1,-1,1686,2,14,-1,-1
2014471405134,1,9,0,16,0,0,5,0,1,0,3,1,1,1,50,8,-1,-1,-1,2,1
2014471405135,1,9,0,9,0,8,0,0,0,0,3,1,6,1,61,9,-1,-1,-1,8,1
2014471405135,2,1,0,18,0,1,0,0,0,0,1,1,6,1,35,6,-1,-1,-1,7,1
2014471405136,1,9,3,18,0,0,4,0,1,11,1,1,6,1,68,10,1753,2,7,7,3
2014471405138,1,9,0,7,0,3,0,0,0,0,1,1,6,1,82,11,2497,1,11,8,3
2014471405138,2,9,0,18,0,3,0,0,0,0,1,1,6,1,19,4,1124,1,9,5,1
2014471405139,1,9,0,12,0,1,0,0,0,0,2,1,6,1,55,8,3824,1,10,9,3
2014471405139,2,3,0,18,0,1,0,0,0,0,1,1,1,1,25,5,124,1,-1,9,1
2014471405144,1,9,0,14,0,8,0,0,0,0,1,1,6,2,49,8,1596,1,9,8,1
2014471405144,2,9,0,18,0,1,0,0,0,0,1,1,6,1,34,6,1396,1,13,4,1
2014471405146,1,9,0,18,0,1,0,0,0,0,1,1,6,2,60,9,1329,1,-1,9,1
2014471405146,2,9,0,9,0,1,0,0,0,0,3,1,6,1,49,8,1248,1,1,3,1
2014471405148,1,9,0,3,0,1,0,0,0,0,1,1,6,1,22,5,1596,1,8,6,1
2014471405148,2,9,0,3,0,1,0,0,0,0,2,1,6,1,52,8,1299,1,11,2,1
2014471405149,1,9,0,9,0,6,0,0,0,0,1,1,6,1,52,8,1390,1,6,8,3
2014471405149,2,5,0,18,0,1,0,0,0,0,1,1,6,1,19,4,899,1,16,7,2
2014471405150,1,21,1,18,0,0,0,0,0,0,4,2,1,1,64,9,-1,-1,-1,-1,-1
2014471405150,2,1,0,18,0,0,0,0,1,0,3,1,6,1,53,8,-1,-1,-1,5,2
2014471405150,3,9,0,18,0,0,0,0,0,0,0,1,6,3,-1,-1,-1,-1,-1,-1,-1
2014471405152,1,9,0,18,0,1,0,0,0,0,1,1,6,2,65,9,1896,2,11,8,1
2014471405152,2,9,0,18,0,1,1,0,2,2,3,1,6,2,27,6,1598,1,7,6,1
2014471405153,1,5,0,18,0,8,0,0,0,0,0,1,6,1,43,7,918,1,16,7,3
2014471405153,2,11,0,18,0,8,0,0,0,0,0,1,1,1,48,8,9000,2,7,1,1
2014471405154,1,9,0,18,0,0,0,11,0,0,4,1,6,3,-1,-1,-1,-1,-1,-1,-1
2014471405154,2,19,0,18,0,0,0,0,0,0,0,1,6,3,-1,-1,-1,-1,-1,-1,-1
2014471405156,1,9,0,18,0,1,0,0,0,0,1,1,6,1,76,11,1242,1,5,8,1
2014471405156,2,9,0,10,0,1,0,0,0,0,2,1,6,2,41,7,1598,1,4,10,1
2014471405157,1,9,0,5,0,6,0,0,0,0,1,1,6,1,40,7,1998,1,13,-1,-1
2014471405157,2,1,0,18,0,2,0,0,0,0,0,1,6,1,35,6,-1,-1,-1,3,1
2014471405158,1,9,0,18,0,1,0,0,0,0,1,1,6,3,30,6,-1,-1,-1,-1,-1
2014471405158,2,1,0,18,0,1,0,0,0,0,2,1,6,2,38,7,-1,-1,-1,3,1
2014471405159,1,9,0,18,0,0,0,0,7,0,0,1,6,1,20,4,-1,-1,-1,8,2
2014471405161,1,5,0,13,0,8,1,0,0,0,1,1,6,1,57,9,998,1,11,6,1
2014471405161,2,9,0,9,0,5,0,0,0,0,0,1,6,1,32,6,1390,1,4,10,1
2014471405162,1,9,0,18,0,4,0,0,0,0,1,1,6,2,38,7,1598,1,11,5,1
2014471405162,2,9,0,18,0,4,0,0,0,0,2,1,6,2,45,7,1388,1,3,6,1
2014471405166,1,9,0,4,0,6,0,0,0,0,1,2,6,2,34,6,998,1,2,5,1
2014471405166,2,1,0,18,4,2,0,0,0,0,4,1,6,2,64,9,-1,-1,-1,5,1
2014471405167,1,9,0,18,0,1,0,0,0,0,1,1,6,2,18,4,1360,1,11,10,1
2014471405167,2,9,0,2,0,1,0,0,0,0,2,1,6,3,30,6,2967,1,13,-1,-1