Accident_Index,Vehicle_Reference,Vehicle_Type,Towing_and_Articulation,Vehicle_Manoeuvre,Vehicle_Location-Restricted_Lane,Junction_Location,Skidding_and_Overturning,Hit_Object_in_Carriageway,Vehicle_Leaving_Carriageway,Hit_Object_off_Carriageway,1st_Point_of_Impact,Was_Vehicle_Left_Hand_Drive?,Journey_Purpose_of_Driver,Sex_of_Driver,Age_of_Driver,Age_Band_of_Driver,Engine_Capacity_(CC),Propulsion_Code,Age_of_Vehicle,Driver_IMD_Decile,Driver_Home_Area_Type
2014471405168,1,9,0,9,0,6,0,0,0,0,4,1,6,2,63,9,2777,2,5,5,3
2014471405168,2,3,0,18,0,8,0,0,0,0,3,1,6,1,19,4,125,1,6,9,3
2014471405169,1,9,0,8,0,2,0,0,0,0,4,1,6,1,71,10,2198,1,10,10,2
2014471405169,2,1,0,18,4,1,0,0,0,0,4,1,6,1,60,9,-1,-1,-1,3,1
2014471405171,1,9,0,18,0,0,0,0,0,0,1,1,6,3,-1,-1,-1,-1,-1,-1,-1
2014471405171,2,1,0,18,0,0,0,0,0,0,3,1,6,1,17,4,-1,-1,-1,9,2
2014471405173,1,9,0,18,0,0,0,0,0,0,1,1,2,2,33,6,1596,1,10,10,1
2014471405173,2,19,0,18,0,0,0,0,1,4,1,1,1,1,45,7,1248,2,2,8,1
2014471405176,1,9,0,9,0,8,0,0,0,0,4,1,6,1,55,8,1587,1,9,3,2
2014471405176,2,1,0,18,0,1,0,0,0,0,1,1,6,1,30,6,-1,-1,-1,6,1
2014471405178,1,19,0,5,0,4,0,0,0,0,1,1,1,1,60,9,1996,2,3,6,1
2014471405178,2,9,0,3,0,1,0,0,0,0,2,1,6,1,23,5,1995,1,10,3,1
2014471405179,1,9,0,17,0,8,0,0,0,0,1,1,6,3,-1,-1,1796,1,10,-1,-1
2014471405179,2,9,0,17,0,8,0,0,0,0,2,1,6,1,36,7,1896,2,11,4,1
2014471405180,1,9,0,5,0,4,0,0,0,0,1,1,6,1,77,11,1229,1,9,5,1
2014471405180,2,9,0,4,0,4,0,0,0,0,2,1,6,2,72,10,1242,1,5,6,1
2014471405181,1,9,0,9,0,6,0,0,0,0,1,1,6,1,80,11,1240,1,5,8,1
2014471405181,2,9,0,18,0,1,0,0,1,4,1,1,6,2,76,11,1796,1,11,7,3
2014471405183,1,9,0,18,0,2,1,0,1,10,3,1,1,1,52,8,2179,2,2,8,1
2014471405183,2,9,0,18,0,1,0,0,0,0,3,1,6,1,50,8,-1,-1,-1,7,1
2014471405183,3,9,0,18,0,1,0,0,0,0,3,1,1,1,54,8,3200,1,6,10,1
2014471405186,1,9,0,18,0,8,0,0,0,0,1,1,6,1,66,10,1598,1,12,7,1
2014471405186,2,9,0,2,0,1,0,0,0,0,1,1,6,3,-1,-1,1364,1,4,-1,-1
2014471405186,3,19,0,2,0,1,0,0,0,0,1,1,6,3,-1,-1,2198,2,1,-1,-1
2014471405189,1,9,0,18,0,8,0,0,0,0,1,1,6,3,30,6,1390,1,11,-1,-1
2014471405189,2,9,0,18,0,8,0,0,0,0,4,1,6,2,39,7,1895,1,14,7,1
2014471405190,1,9,0,15,0,1,0,0,0,0,3,1,6,1,53,8,1697,1,10,4,1
2014471405190,2,9,0,10,0,1,0,0,0,0,4,1,6,1,23,5,1796,1,13,5,1
2014471405191,1,9,0,18,0,3,0,0,0,0,0,1,6,3,-1,-1,-1,-1,-1,-1,-1
2014471405191,2,9,0,18,0,8,0,0,0,0,0,1,2,1,62,9,1560,2,6,4,1
2014471405191,3,5,0,18,0,8,0,0,0,0,0,1,6,1,53,8,600,1,26,1,1
2014471405195,1,9,0,6,0,8,0,0,0,0,4,1,1,1,48,8,-1,-1,-1,1,1
2014471405195,2,5,0,18,0,8,0,0,0,0,3,1,6,1,24,5,583,1,16,2,1
2014471405195,3,19,0,18,0,8,0,0,0,0,0,1,6,3,30,6,-1,-1,-1,-1,-1
2014471405196,1,9,0,9,0,5,0,0,0,0,2,1,6,1,33,6,-1,-1,-1,4,1
2014471405196,2,9,0,9,0,5,0,0,0,0,1,1,6,1,56,9,-1,-1,-1,4,2
2014471405198,1,9,0,18,0,0,0,0,7,9,1,1,6,2,84,11,2400,2,3,8,1
2014471405199,1,9,0,9,0,1,0,0,0,0,4,1,6,1,27,6,1598,2,4,5,1
2014471405199,2,1,0,18,0,1,0,0,0,0,1,1,6,1,54,8,-1,-1,-1,4,1
2014471405200,1,9,0,7,0,8,0,0,0,0,3,1,6,1,79,11,2184,2,4,8,1
2014471405200,2,1,0,18,0,8,0,0,0,0,4,1,6,1,42,7,-1,-1,-1,4,1
2014471405201,1,9,0,9,0,8,0,0,0,0,0,1,6,1,51,8,1686,2,-1,-1,-1
2014471405201,2,5,0,18,0,2,0,0,0,0,0,1,6,1,58,9,1050,1,5,5,1
2014471405202,1,9,0,13,0,0,0,0,0,0,4,1,6,3,-1,-1,1043,1,24,-1,-1
2014471405202,2,4,0,18,0,0,0,0,0,0,3,1,2,1,18,4,124,1,12,6,3
2014471405205,1,1,0,18,0,7,0,0,0,0,1,1,6,1,16,4,-1,-1,-1,4,1
2014471405205,2,9,0,18,0,1,0,0,0,0,4,1,6,2,52,8,1798,1,5,9,1
2014471405206,1,9,0,18,0,1,0,0,0,0,3,1,6,1,30,6,-1,-1,-1,-1,-1
2014471405206,2,9,0,18,0,8,0,0,0,0,3,1,6,2,65,9,998,1,15,7,3
2014471405207,1,19,0,9,0,1,0,0,0,0,3,1,1,1,25,5,2464,2,5,1,1
2014471405207,2,3,0,18,0,1,0,0,0,0,4,1,2,1,32,6,124,1,11,1,1
2014471405211,1,9,0,1,0,0,0,0,0,0,2,1,6,1,63,9,1388,1,4,7,3
2014471405212,1,9,0,9,0,5,0,0,0,0,1,1,6,1,76,11,1248,1,1,8,1
2014471405212,2,3,0,18,0,8,0,0,0,0,1,1,6,2,18,4,125,1,2,7,1
2014471405212,3,9,0,18,0,1,0,0,0,0,0,1,1,2,31,6,1997,1,13,2,1
2014471405213,1,9,0,18,0,0,0,0,0,0,1,1,1,1,46,8,1686,2,-1,9,1
2014471405215,1,19,0,18,0,1,0,0,0,0,0,1,6,3,-1,-1,-1,-1,-1,-1,-1
2014471405215,2,3,0,4,0,1,1,10,1,0,4,1,6,1,32,6,124,1,7,2,1
2014471405217,1,9,0,18,0,0,0,6,1,10,1,1,6,2,55,8,1839,1,11,10,1
2014471405220,1,19,0,18,0,8,0,0,0,0,4,1,2,1,26,6,2402,2,11,5,1
2014471405220,2,1,0,9,0,8,0,0,0,0,3,1,2,2,18,4,-1,-1,-1,2,1
2014471405222,1,9,0,9,0,1,0,0,0,0,0,1,6,2,51,8,1595,1,-1,9,1
2014471405222,2,1,0,18,0,2,0,0,0,0,0,1,1,2,32,6,-1,-1,-1,8,1
2014471405224,1,21,0,9,0,6,0,0,0,0,1,1,6,3,-1,-1,2999,2,8,-1,-1
2014471405224,2,9,0,18,0,8,0,0,0,0,4,1,2,1,34,6,1998,1,17,8,1
2014471405226,1,9,0,4,0,0,0,0,0,0,4,1,6,1,30,6,1968,2,4,4,1
2014471405226,2,5,0,4,0,0,0,0,0,0,3,1,6,2,24,5,-1,-1,-1,7,1
2014471405226,3,9,0,2,0,0,0,0,0,0,0,1,6,3,-1,-1,-1,-1,-1,-1,-1
2014471405228,1,1,0,18,5,1,0,0,0,0,3,1,6,1,74,10,-1,-1,-1,6,1
2014471405228,2,1,0,18,0,1,0,0,0,0,3,1,6,1,36,7,-1,-1,-1,5,1
2014471405229,1,2,0,9,0,2,1,7,3,10,1,1,6,1,14,3,-1,-1,-1,-1,-1
2014471405230,1,9,0,18,0,0,0,0,0,0,1,1,2,1,32,6,1896,2,7,1,1
2014471405230,2,9,0,4,0,0,0,0,0,0,2,1,2,2,45,7,2521,1,7,6,1
2014471405230,3,9,0,3,0,0,0,0,0,0,2,1,2,1,35,6,1599,1,12,4,1
2014471405230,4,9,0,3,0,0,0,0,0,0,2,1,2,1,63,9,1560,2,-1,4,1
2014471405234,1,9,0,9,0,6,0,0,0,0,3,1,6,2,39,7,1339,1,11,6,2
2014471405234,2,9,0,18,0,8,1,0,0,0,1,1,2,1,50,8,1339,1,12,7,1
2014471405235,1,20,0,15,0,1,0,0,0,0,0,1,1,1,41,7,5900,2,7,5,1
2014471405235,2,9,0,8,0,1,0,0,0,0,1,1,6,2,44,7,1995,2,10,9,1
2014471405235,3,9,0,8,0,1,0,0,0,0,2,1,6,2,32,6,1398,1,2,9,1
2014471405240,1,11,0,18,0,3,0,0,0,0,0,1,3,1,50,8,3900,2,8,7,1
2014471405244,1,9,0,18,0,2,0,0,0,0,0,1,6,1,50,8,-1,-1,-1,-1,-1
2014471405244,2,11,0,4,0,2,0,0,0,0,0,1,1,1,40,7,-1,2,8,2,1
2014471405245,1,11,0,4,0,0,0,0,0,0,4,1,1,1,23,5,4760,2,2,5,1
2014471405248,1,1,0,18,0,0,0,0,1,0,0,1,6,1,35,6,-1,-1,-1,6,3
2014471405249,1,9,0,9,0,6,0,0,0,0,1,1,3,1,53,8,1587,1,12,3,1
2014471405249,2,1,0,14,0,1,0,0,0,0,1,1,6,1,43,7,-1,-1,-1,6,1
2014471405251,1,9,0,18,0,2,0,0,0,0,1,1,6,3,-1,-1,-1,-1,-1,-1,-1
2014471405251,2,9,0,3,0,2,0,0,0,0,2,1,6,2,63,9,1390,1,9,6,1
2014471405252,1,9,0,18,0,0,0,0,0,0,3,1,6,2,90,11,998,1,5,10,1
2014471405252,2,9,0,18,0,0,0,10,0,0,3,1,6,1,41,7,998,1,12,9,3
2014471405252,3,19,0,18,0,0,0,0,0,0,3,1,1,1,64,9,1896,2,15,6,1
2014471405255,1,9,0,18,0,0,0,4,2,10,3,1,1,1,45,7,1598,2,-1,7,1
2014471405255,2,9,0,2,0,0,0,10,0,0,4,1,6,3,-1,-1,1198,1,3,-1,-1
2014471405256,1,9,4,5,0,0,0,0,0,0,4,1,6,1,55,8,-1,-1,-1,-1,-1
2014471405258,1,9,0,18,0,1,0,0,0,0,4,1,6,3,-1,-1,-1,-1,-1,-1,-1
2014471405258,2,1,0,18,0,1,0,0,0,0,3,1,6,1,50,8,-1,-1,-1,2,1
2014471405261,1,9,0,2,0,0,0,0,0,0,3,1,6,1,40,7,1795,1,14,3,1
2014471405261,2,1,0,18,0,0,0,0,0,0,1,1,6,1,17,4,-1,-1,-1,6,1
2014471405263,1,1,0,18,4,1,0,0,0,0,1,1,6,2,28,6,-1,-1,-1,5,1
2014471405263,2,9,0,7,0,5,0,0,0,0,1,1,6,2,58,9,1600,1,15,1,1
2014471405264,1,9,0,9,0,1,0,0,0,0,1,1,6,1,59,9,1998,1,4,5,3
2014471405264,2,3,0,18,0,1,0,0,0,0,1,1,6,1,17,4,125,1,16,6,1
2014471405265,1,4,0,18,0,2,0,0,0,0,1,1,6,1,33,6,400,1,24,10,1
2014471405265,2,5,0,18,0,2,0,0,0,0,1,1,6,1,32,6,748,1,17,3,1
2014471405266,1,9,0,9,0,8,0,0,0,0,1,1,6,2,66,10,1390,1,5,6,3
2014471405266,2,9,0,18,0,8,0,0,0,0,1,1,6,1,25,5,1997,1,10,7,3
2014471405266,3,9,0,10,0,1,0,0,0,0,3,1,6,1,25,5,1299,1,15,6,3
2014471405267,1,21,0,17,0,8,5,0,7,0,3,1,1,1,62,9,12740,2,4,9,1
2014471405269,1,9,0,7,0,6,1,0,4,0,3,1,6,1,25,5,2979,1,12,9,1
2014471405269,2,9,0,18,0,8,1,0,0,0,1,1,2,1,52,8,1753,2,5,3,1
2014471405273,1,9,0,5,0,6,0,0,0,0,3,1,6,2,50,8,1199,1,13,3,1
2014471405273,2,1,0,18,0,1,0,0,0,0,1,1,6,1,72,10,-1,-1,-1,6,1
2014471405274,1,19,0,18,0,4,0,0,0,0,4,1,6,3,32,6,2287,2,2,3,1
2014471405274,2,9,0,18,0,4,0,0,0,0,3,1,6,1,40,7,1997,2,2,10,1
2014471405275,1,9,0,4,0,0,0,0,0,0,1,1,6,2,69,10,1399,1,7,8,1
2014471405275,2,19,0,3,0,0,0,0,0,0,2,1,6,1,30,6,1560,2,1,10,1
2014471405278,1,8,0,18,0,0,0,0,0,0,1,1,1,1,35,6,1896,2,7,6,1
2014471405278,2,9,0,4,0,0,0,0,0,0,2,1,6,2,35,6,1870,2,14,1,1
2014471405279,1,9,0,9,0,6,0,0,0,0,1,1,6,1,82,11,1275,1,15,7,3
2014471405279,2,9,0,18,0,8,1,0,0,0,4,1,6,1,30,6,1598,2,1,1,1
2014471405280,1,11,0,5,0,1,0,0,0,0,0,1,1,1,57,9,9000,2,5,2,1
2014471405282,1,9,0,18,0,8,1,0,0,0,1,1,6,1,50,8,1991,1,16,6,1
2014471405282,2,9,0,4,0,8,0,0,0,0,2,1,6,1,64,9,1339,1,4,4,1
2014471405282,3,9,0,4,0,8,0,0,0,0,2,1,6,1,54,8,1956,2,-1,5,1
2014471405283,1,5,0,17,0,1,0,0,1,9,2,1,6,1,48,8,999,1,3,10,3
2014471405283,2,9,0,9,0,6,0,0,0,0,0,1,6,3,-1,-1,-1,-1,-1,-1,-1
2014471405284,1,9,0,7,0,1,0,0,0,0,0,1,6,1,30,6,-1,-1,-1,-1,-1
2014471405284,2,11,0,18,0,2,0,0,0,0,0,1,1,2,45,7,9360,2,2,5,1
2014471405285,1,9,0,18,0,1,0,0,0,2,1,1,6,1,18,4,1248,2,8,6,1
2014471405287,1,9,0,18,0,0,0,0,0,0,1,1,6,1,42,7,1769,1,13,2,1
2014471405288,1,19,0,18,0,1,0,0,0,0,1,1,6,1,36,7,2402,2,13,5,1
2014471405288,2,9,0,9,0,1,0,0,0,0,2,1,6,2,47,8,1995,2,2,9,3
2014471405289,1,90,0,18,0,2,0,0,0,0,0,1,1,1,40,7,7146,2,7,1,1
2014471405289,2,4,0,18,0,2,1,0,0,0,0,1,2,2,33,6,124,1,7,2,1
2014471405289,3,5,0,18,0,1,1,0,0,0,0,1,6,1,36,7,600,1,9,2,1
2014471405290,1,9,0,7,0,6,0,0,0,0,1,1,6,2,75,10,1390,1,7,5,1
2014471405290,2,9,0,18,0,8,0,0,0,0,1,1,6,2,30,6,2494,1,9,4,2
2014471405291,1,1,0,18,0,2,0,0,0,0,0,1,6,2,22,5,-1,-1,-1,3,1
2014471405292,1,9,0,13,0,0,1,0,7,4,4,1,6,1,61,9,1299,1,21,9,1
2014471405292,2,9,0,18,0,0,0,0,0,0,1,1,6,1,73,10,1991,2,5,5,1
2014471405293,1,3,0,13,0,1,0,0,7,0,1,1,2,1,19,4,125,1,-1,6,3
2014471405293,2,9,0,9,7,8,0,0,7,0,3,1,6,2,50,8,1299,1,13,3,1
2014471405295,1,3,0,17,0,0,1,0,0,0,3,1,6,2,17,4,124,1,5,8,1
2014471405296,1,5,0,17,0,1,0,10,0,4,1,1,6,1,25,5,988,1,13,6,1
2014471405297,1,9,0,9,0,6,0,0,0,0,3,1,6,1,52,8,2993,2,-1,7,3
2014471405297,2,5,0,18,0,1,0,0,0,0,1,1,6,1,20,4,998,1,4,9,3
2014471405297,3,5,0,18,0,1,0,0,0,0,1,1,6,1,19,4,599,1,14,8,2
2014471405298,1,9,0,18,0,0,0,0,0,0,1,1,6,1,35,6,1997,2,12,-1,-1
2014471405298,2,9,0,18,0,0,2,0,1,9,2,1,6,2,52,8,799,2,5,4,1
2014471405299,1,9,0,18,0,8,0,0,0,0,1,1,6,2,18,4,1086,1,10,5,1
2014471405299,2,9,0,18,0,8,0,0,0,0,1,1,6,1,51,8,1587,1,9,4,1
2014471405299,3,9,0,4,0,1,0,0,0,0,1,1,6,1,17,4,1388,1,12,2,1
2014471405301,1,9,0,9,0,5,0,7,0,10,1,1,6,1,59,9,2351,1,13,2,1
2014471405303,1,9,0,18,0,8,0,0,0,0,4,1,6,1,40,7,-1,-1,-1,-1,-1
2014471405304,1,9,0,5,0,3,0,0,0,0,4,1,6,1,50,8,1870,2,10,7,1
2014471405304,2,1,0,18,0,4,0,0,0,0,2,1,6,1,24,5,-1,-1,-1,10,1
2014471405305,1,9,0,9,0,1,0,0,0,0,3,1,6,2,30,6,1598,1,3,3,1
2014471405305,2,3,0,18,0,1,0,0,0,0,4,1,2,1,24,5,123,1,2,5,1
2014471405307,1,9,0,13,0,0,1,0,8,4,1,1,2,1,23,5,1984,1,17,-1,-1
2014471405308,1,19,0,18,0,0,0,0,0,0,1,1,1,1,27,6,1753,2,10,3,1
2014471405308,2,9,0,11,0,0,0,0,0,0,2,1,6,1,38,7,1995,2,4,7,1
2014471405309,1,9,0,18,0,1,0,0,0,0,1,1,6,2,26,6,1360,1,15,5,2
2014471405309,2,9,0,4,0,1,0,0,0,0,2,1,2,2,24,5,1598,1,3,9,1
2014471405311,1,9,0,18,0,0,0,0,0,0,4,1,6,3,50,8,-1,-1,-1,-1,-1
2014471405311,2,1,0,18,4,0,0,0,0,0,3,1,6,2,24,5,-1,-1,-1,5,1
2014471405312,1,5,0,17,0,0,1,0,1,0,3,1,6,1,31,6,675,1,8,-1,3
2014471405315,1,9,0,18,0,4,0,0,0,0,3,1,6,1,85,11,1396,1,11,6,1
2014471405315,2,5,0,17,0,3,0,0,0,0,4,1,6,1,52,8,680,1,5,3,1
2014471405316,1,9,0,18,0,0,5,4,0,0,4,1,6,1,40,7,-1,-1,-1,6,1
2014471405316,2,9,0,2,0,0,0,0,0,0,0,1,6,3,-1,-1,-1,-1,-1,-1,-1
2014471405317,1,9,0,9,0,1,0,0,0,0,1,1,6,2,31,6,1086,1,5,3,1
2014471405317,2,4,0,18,0,1,0,0,0,0,1,1,6,1,31,6,124,1,2,1,1
2014471405318,1,9,0,16,0,1,0,0,0,0,1,1,6,2,61,9,993,1,13,2,3
2014471405318,2,9,0,17,0,2,0,0,0,0,3,1,6,2,46,8,2495,2,13,2,1
2014471405319,1,9,0,7,0,8,1,0,0,0,1,1,6,1,18,4,1198,1,10,5,1
2014471405319,2,19,0,18,0,8,0,0,0,0,1,1,6,1,53,8,1870,2,8,9,3
2014471405322,1,19,0,5,0,8,0,0,0,0,0,1,6,3,20,4,-1,-1,-1,-1,-1
2014471405322,2,11,0,18,0,8,0,0,0,0,0,1,1,1,56,9,9000,2,9,2,1
2014471405324,1,9,0,13,0,0,0,0,0,0,0,1,6,1,20,4,1985,1,17,5,1
2014471405324,2,9,0,18,0,0,0,0,1,0,0,1,6,2,34,6,2477,2,13,7,3
2014471405325,1,9,0,9,0,6,0,0,0,0,1,1,6,2,50,8,1951,2,11,-1,-1
2014471405325,2,9,0,5,0,8,0,0,0,0,4,1,2,1,48,8,-1,-1,-1,7,2
2014471405326,1,9,0,11,0,0,0,0,0,0,4,1,6,1,61,9,1388,1,5,8,1
2014471405326,2,1,0,18,0,0,0,0,0,0,2,1,6,1,18,4,-1,-1,-1,9,1
2014471405328,1,9,0,9,0,3,0,0,0,0,3,1,6,3,-1,-1,-1,-1,-1,-1,-1
2014471405331,1,9,0,18,0,1,0,0,0,0,1,1,6,3,35,6,-1,-1,-1,-1,-1
2014471405331,2,1,0,18,0,1,0,0,0,0,2,1,6,2,28,6,-1,-1,-1,6,1
2014471405332,1,9,0,9,0,8,0,0,0,0,1,1,6,2,51,8,2000,1,6,10,1
2014471405332,2,1,0,18,0,8,0,0,0,0,2,1,6,2,16,4,-1,-1,-1,10,1
2014471405333,1,9,0,18,0,3,0,0,0,0,1,1,6,2,23,5,-1,-1,-1,-1,-1
2014471405334,1,9,0,18,0,0,0,0,0,0,1,1,6,1,21,5,1242,1,12,7,1
2014471405334,2,9,0,3,0,0,0,0,0,0,2,1,6,2,33,6,2143,2,1,5,1
2014471405338,1,9,0,18,0,4,0,0,0,0,1,1,2,1,69,10,2521,1,7,8,1
2014471405338,2,1,0,18,0,4,0,0,0,0,2,1,6,1,32,6,-1,-1,-1,7,1
2014471405341,1,1,0,9,0,8,0,0,0,0,1,1,6,1,41,7,-1,-1,-1,4,1
2014471405342,1,9,0,18,0,0,0,4,7,11,1,2,6,1,74,10,1998,1,6,5,1
2014471405342,2,9,0,2,0,0,0,0,0,0,2,1,6,3,-1,-1,1242,1,11,-1,-1
2014471405343,1,1,0,5,0,1,0,0,0,0,3,1,6,1,21,5,-1,-1,-1,7,1
2014471405343,2,9,0,18,0,1,1,0,0,0,1,1,6,1,53,8,-1,-1,-1,4,1
2014471405345,1,9,0,16,0,1,0,0,0,0,1,1,6,2,40,7,1781,1,13,7,1
2014471405346,1,9,0,18,0,0,0,0,0,0,1,1,6,1,19,4,998,1,4,8,1
2014471405346,2,9,0,18,0,0,0,0,0,0,2,1,6,2,62,9,998,1,17,7,3
2014471405346,3,9,0,4,0,0,0,0,0,0,2,1,6,2,38,7,1390,1,13,4,1
2014471405348,1,11,0,4,0,0,0,0,0,0,0,1,1,1,30,6,9360,2,3,5,1
2014471405350,1,8,0,18,0,2,0,0,0,0,1,1,1,1,25,5,1968,2,6,4,1
2014471405350,2,9,0,4,0,2,0,0,0,0,2,1,6,2,54,8,998,1,5,8,1
2014471405352,1,9,0,18,0,0,0,0,5,7,1,1,6,1,68,10,1198,1,5,6,2
2014471405354,1,9,0,18,0,0,0,0,0,0,1,1,6,1,63,9,2477,2,8,4,1
2014471405354,2,9,0,10,0,0,0,0,0,0,2,1,2,1,37,7,1596,1,6,10,1
2014471405355,1,9,0,9,0,8,0,0,0,0,1,1,6,2,53,8,1910,2,9,7,1
2014471405355,2,9,0,18,0,8,0,0,0,0,1,1,6,2,43,7,2179,2,5,8,1
2014471405358,1,19,0,18,0,1,5,10,1,0,4,1,6,1,37,7,1298,1,9,3,1
2014471405359,1,1,0,18,0,0,0,0,0,0,1,1,6,1,26,6,-1,-1,-1,2,1
2014471405359,2,9,0,9,0,0,0,0,0,0,4,1,6,2,24,5,1360,1,9,1,1
2014471405361,1,9,0,18,0,2,0,0,0,0,3,1,2,1,34,6,1598,1,3,9,1
2014471405361,2,11,0,5,0,1,0,0,0,0,0,1,3,2,35,6,7300,2,13,8,1
2014471405363,1,11,0,2,0,0,0,0,0,0,0,1,6,1,40,7,11000,2,9,5,1
2014471405365,1,9,0,5,0,8,0,0,0,0,1,1,6,2,70,10,-1,-1,-1,-1,-1
2014471405366,1,1,0,18,0,0,0,0,0,0,1,1,6,1,26,6,-1,-1,-1,-1,-1
2014471405367,1,11,0,10,0,1,0,0,0,0,3,1,6,1,45,7,9000,2,7,4,1
2014471405367,2,1,0,18,0,1,0,0,0,0,4,1,6,1,30,6,-1,-1,-1,3,1
2014471405368,1,9,0,4,0,0,0,0,0,0,0,1,6,1,24,5,1197,1,1,1,1
2014471405368,2,9,0,4,0,0,1,0,0,0,1,1,6,1,30,6,1120,1,19,4,1
2014471405368,3,9,0,4,0,0,0,0,0,0,2,1,6,2,49,8,1991,2,9,7,3
2014471405368,4,19,0,4,0,0,0,0,0,0,2,1,1,1,20,4,1995,2,1,2,1
2014471405375,1,19,0,5,9,1,0,0,0,0,4,1,6,1,34,6,2299,2,15,3,1
2014471405376,1,9,0,4,0,1,0,0,0,0,1,1,6,1,60,9,3199,1,13,8,1
2014471405376,2,9,0,10,0,1,0,0,0,0,2,1,6,1,71,10,2199,2,-1,10,1
2014471405377,1,9,0,7,0,2,0,0,0,0,0,1,6,2,70,10,998,1,9,7,1
2014471405377,2,5,0,18,0,1,0,0,5,6,3,1,6,1,52,8,675,1,3,3,1
2014471405378,1,1,0,9,0,1,0,0,0,0,3,1,6,1,14,3,-1,-1,-1,4,1
2014471405378,2,9,0,13,0,1,0,0,0,0,4,1,6,1,20,4,998,1,-1,6,1
2014471405379,1,1,0,18,0,1,1,0,0,0,1,1,6,1,50,8,-1,-1,-1,1,1
2014471405379,2,9,0,4,0,1,0,0,0,0,2,1,1,2,28,6,1997,2,2,1,1
2014471405380,1,9,0,18,0,1,0,0,0,0,1,1,6,2,20,4,1242,1,3,7,1
2014471405381,1,9,0,9,0,8,0,0,0,0,4,1,6,2,71,10,1995,2,11,3,1
2014471405381,2,1,0,18,0,8,0,0,0,0,1,1,6,1,27,6,-1,-1,-1,7,1
2014471405383,1,19,0,9,0,1,0,0,0,0,4,1,1,1,38,7,-1,-1,-1,9,2
2014471405384,1,9,0,7,0,5,0,0,0,0,1,1,2,2,51,8,898,1,-1,7,1
2014471405387,1,1,0,18,9,1,0,0,0,0,1,1,6,1,20,4,-1,-1,-1,2,1
2014471405387,2,9,0,7,0,6,0,0,0,0,4,1,1,1,42,7,998,1,2,9,1
2014471405390,1,1,0,18,0,1,0,0,0,0,1,1,6,1,12,3,-1,-1,-1,3,1
2014471405390,2,9,0,18,0,8,0,0,0,0,3,1,6,1,29,6,1560,2,8,4,1
2014471405391,1,9,0,18,0,1,0,0,0,0,1,1,6,2,50,8,1329,1,1,8,1
2014471405391,2,9,0,1,0,2,0,0,0,0,2,1,6,2,37,7,1761,1,14,3,1
2014471405392,1,9,0,18,0,1,1,0,1,2,1,1,6,1,82,11,1343,1,9,9,1
2014471405392,2,9,0,18,0,2,0,0,7,10,2,1,6,1,26,6,1596,1,9,8,1
2014471405394,1,9,0,18,0,0,0,0,1,4,1,1,6,1,56,9,998,1,2,7,2
2014471405396,1,9,0,10,0,7,0,0,0,0,4,1,6,1,33,6,1995,2,13,9,1
2014471405396,2,9,0,16,0,1,0,0,0,0,1,1,2,2,38,7,1397,1,15,10,1
2014471405397,1,19,0,18,0,0,0,0,0,0,1,1,1,1,27,6,1995,2,1,7,1
2014471405397,2,20,0,18,0,0,0,0,0,0,1,1,1,1,41,7,4461,2,5,3,1
2014471405398,1,9,0,16,0,0,0,0,1,10,4,1,6,1,80,11,1587,1,14,10,1
2014471405398,2,22,0,18,9,0,0,0,0,0,3,1,6,2,80,11,-1,-1,-1,10,1
2014471405399,1,9,0,9,0,8,0,0,0,0,1,1,6,2,35,6,2429,1,8,7,1
2014471405399,2,9,0,18,0,1,0,0,0,0,3,1,6,1,24,5,-1,-1,-1,4,1
2014471405400,1,9,0,18,0,0,0,0,2,7,4,1,6,1,67,10,1995,2,1,6,1
2014471405401,1,9,0,18,0,1,0,0,1,9,1,1,6,2,31,6,2993,2,9,4,1
2014471405405,1,9,0,18,0,0,5,0,2,10,1,1,6,1,43,7,1998,2,11,8,1
2014471405406,1,5,0,17,0,1,0,0,1,0,0,1,6,1,27,6,599,1,9,9,1
2014471405409,1,9,0,18,0,1,0,0,3,10,3,1,6,1,47,8,1781,1,13,3,1
2014471405409,2,9,0,18,0,2,0,0,0,0,3,1,6,1,37,7,2793,1,15,3,1
2014471405410,1,9,0,5,0,0,0,0,0,0,1,1,6,1,53,8,2198,1,9,8,1
2014471405410,2,2,0,18,0,0,0,0,0,0,1,1,6,1,16,4,49,1,8,2,1
2014471405411,1,9,0,9,0,8,1,0,0,0,1,1,6,2,59,9,4196,1,8,9,3
2014471405411,2,9,0,18,0,8,0,0,0,0,3,1,6,1,32,6,2204,2,8,7,3
2014471405412,1,5,0,18,0,0,0,0,1,4,3,1,6,1,44,7,599,1,16,8,3
2014471405413,1,9,0,4,0,1,0,0,0,0,2,1,6,1,23,5,1248,2,7,3,1
2014471405414,1,9,0,18,0,8,0,0,7,0,1,1,6,2,69,10,1389,1,14,1,1
2014471405414,2,9,0,9,0,8,0,0,0,0,1,1,6,1,54,8,999,1,15,6,3
2014471405419,1,9,0,18,0,8,0,0,0,0,1,1,6,1,87,11,999,1,15,6,1