Accident_Index,Vehicle_Reference,Vehicle_Type,Towing_and_Articulation,Vehicle_Manoeuvre,Vehicle_Location-Restricted_Lane,Junction_Location,Skidding_and_Overturning,Hit_Object_in_Carriageway,Vehicle_Leaving_Carriageway,Hit_Object_off_Carriageway,1st_Point_of_Impact,Was_Vehicle_Left_Hand_Drive?,Journey_Purpose_of_Driver,Sex_of_Driver,Age_of_Driver,Age_Band_of_Driver,Engine_Capacity_(CC),Propulsion_Code,Age_of_Vehicle,Driver_IMD_Decile,Driver_Home_Area_Type
2014471405419,2,9,0,10,0,5,0,0,0,0,2,1,6,2,35,6,1998,1,9,3,1
2014471405422,1,19,0,7,0,8,0,0,0,0,1,1,6,1,51,8,1998,2,12,5,1
2014471405422,2,1,0,18,0,8,0,0,0,0,4,1,6,2,24,5,-1,-1,-1,4,1
2014471405423,1,9,0,2,0,0,0,0,0,0,0,1,6,2,26,6,1796,2,2,4,1
2014471405423,2,1,0,18,0,0,0,0,0,0,0,1,2,1,39,7,-1,-1,-1,2,1
2014471405425,1,9,0,18,0,0,2,0,5,4,1,1,6,3,-1,-1,1598,1,15,-1,-1
2014471405428,1,9,0,6,0,0,0,0,0,0,3,1,6,1,41,7,1598,1,12,8,1
2014471405428,2,3,0,18,0,0,0,0,0,0,1,1,6,2,34,6,124,1,5,5,1
2014471405430,1,9,0,18,0,1,0,0,0,0,1,1,6,2,52,8,1341,1,13,5,1
2014471405431,1,9,0,17,0,1,2,0,1,4,2,1,6,1,20,4,1896,1,16,10,2
2014471405433,1,19,0,18,0,1,0,0,0,0,1,1,1,1,29,6,2143,2,1,1,1
2014471405433,2,9,0,18,0,1,0,0,0,0,2,1,6,2,32,6,1242,1,10,6,1
2014471405433,3,9,0,9,0,1,0,0,0,0,0,1,6,3,-1,-1,-1,-1,-1,-1,-1
2014471405434,1,9,0,9,0,8,0,0,0,0,1,1,6,2,61,9,1798,1,8,9,1
2014471405434,2,9,0,14,0,8,0,0,0,0,1,1,1,2,26,6,2993,2,8,8,1
2014471405435,1,9,0,4,0,0,0,0,0,0,3,1,6,2,40,7,3000,2,16,6,1
2014471405435,2,9,0,4,0,0,0,0,0,0,3,1,6,1,45,7,1896,2,11,6,1
2014471405437,1,21,0,5,0,6,0,0,0,0,1,1,1,1,40,7,6370,2,4,9,2
2014471405437,2,9,0,17,0,1,1,0,0,0,3,1,6,1,67,10,1951,2,12,1,1
2014471405438,1,9,0,1,8,6,0,0,0,0,2,1,2,1,47,8,1686,2,2,7,1
2014471405439,1,2,0,3,0,0,0,0,0,0,2,1,2,1,64,9,125,1,2,3,1
2014471405439,2,9,0,3,0,0,0,0,0,0,2,1,6,1,17,4,-1,-1,-1,4,1
2014471405440,1,3,0,18,0,2,0,0,0,0,1,1,6,1,23,5,124,1,8,2,1
2014471405440,2,9,0,18,0,2,0,0,0,0,2,1,6,2,35,6,1242,1,9,5,1
2014471405441,1,9,0,9,0,6,0,0,0,0,1,2,6,2,73,10,1993,1,20,10,1
2014471405441,2,9,0,18,0,8,0,0,1,4,4,1,6,2,41,7,1598,1,11,10,1
2014471405443,1,21,0,16,0,1,0,0,0,0,0,1,1,1,28,6,12777,2,4,8,1
2014471405443,2,9,0,17,0,1,0,0,0,0,1,1,6,2,43,7,1995,2,2,9,2
2014471405445,1,1,0,18,5,1,0,0,0,0,4,1,6,2,26,6,-1,-1,-1,8,1
2014471405445,2,9,0,9,0,6,0,0,0,0,1,1,6,2,28,6,1242,1,5,6,1
2014471405446,1,3,0,18,0,1,0,0,0,0,1,1,6,1,18,4,125,1,-1,5,2
2014471405446,2,20,0,9,0,1,0,0,0,0,3,1,1,1,65,9,-1,-1,-1,6,3
2014471405447,1,1,0,13,5,0,0,0,7,2,1,1,2,2,48,8,-1,-1,-1,5,1
2014471405447,2,1,0,18,5,0,0,0,0,0,2,1,2,1,46,8,-1,-1,-1,7,1
2014471405450,1,9,0,16,0,0,0,0,7,4,1,1,6,1,81,11,1968,2,2,7,1
2014471405451,1,9,0,7,0,8,0,0,0,0,4,1,6,2,65,9,1242,1,1,9,2
2014471405451,2,1,0,18,0,8,0,0,0,0,1,1,6,1,55,8,-1,-1,-1,10,1
2014471405455,1,9,0,18,0,0,0,0,0,0,1,1,6,2,19,4,1360,1,8,8,1
2014471405455,2,9,0,18,0,0,0,0,0,0,2,1,6,1,55,8,2495,2,16,8,3
2014471405455,3,19,0,18,0,0,0,0,0,0,2,1,1,1,57,9,2198,2,-1,9,2
2014471405456,1,19,0,2,5,1,0,0,0,0,3,1,1,1,29,6,-1,-1,-1,4,1
2014471405456,2,1,0,18,0,1,0,0,0,0,4,1,1,1,52,8,-1,-1,-1,5,1
2014471405457,1,9,0,18,0,1,0,0,0,0,1,1,2,2,19,4,1299,1,8,10,1
2014471405457,2,9,0,10,0,1,0,0,0,0,2,1,6,1,65,9,2148,2,6,9,3
2014471405457,3,9,0,10,0,1,0,0,0,0,2,1,1,2,46,8,1560,2,4,10,2
2014471405458,1,9,0,17,0,0,5,11,0,0,3,1,2,1,26,6,1242,1,8,6,3
2014471405460,1,20,0,18,0,5,0,0,0,0,3,1,1,1,43,7,5880,2,8,6,1
2014471405460,2,9,0,18,0,1,0,0,0,0,4,1,6,2,43,7,1598,2,-1,9,1
2014471405461,1,9,0,5,0,1,0,0,0,0,4,1,6,2,80,11,1242,1,-1,5,1
2014471405461,2,3,0,18,0,1,0,10,1,0,1,1,6,1,17,4,49,1,9,3,1
2014471405470,1,9,0,1,0,0,0,0,0,0,2,1,6,2,29,6,995,1,9,4,1
2014471405471,1,9,0,18,0,0,0,0,0,0,1,1,6,1,89,11,1339,1,10,1,1
2014471405471,2,9,0,2,0,0,0,0,0,0,2,1,1,1,35,6,1390,1,14,1,1
2014471405473,1,9,0,9,0,6,0,0,0,0,1,1,6,2,46,8,1598,1,6,7,1
2014471405473,2,1,0,18,0,1,0,0,0,0,1,1,6,2,26,6,-1,-1,-1,2,1
2014471405474,1,1,0,18,0,1,0,0,0,0,1,1,2,1,25,5,-1,-1,-1,4,1
2014471405477,1,1,0,18,0,0,0,0,0,0,3,1,6,2,16,4,-1,-1,-1,4,1
2014471405477,2,9,0,18,0,0,0,0,0,0,4,1,6,1,74,10,2685,2,11,6,1
2014471405479,1,9,0,7,0,0,0,0,0,0,3,1,6,2,19,4,1390,1,8,2,1
2014471405479,2,9,0,18,0,0,1,0,0,0,1,1,6,2,54,8,1596,1,11,7,1
2014471405480,1,9,0,18,0,1,0,0,0,0,1,1,6,1,37,7,2793,1,16,3,1
2014471405480,2,9,0,18,0,1,0,0,0,0,2,1,6,1,39,7,1396,1,17,-1,1
2014471405482,1,9,0,1,0,1,0,0,0,0,2,1,6,3,-1,-1,-1,-1,-1,-1,-1
2014471405482,2,3,0,3,0,1,0,0,0,0,1,1,6,1,79,11,125,1,8,10,1
2014471405485,1,9,0,18,0,8,0,0,0,0,1,1,6,1,65,9,1242,1,5,6,1
2014471405485,2,9,0,2,0,8,0,0,0,0,2,1,6,3,-1,-1,1999,1,10,-1,-1
2014471405486,1,9,0,9,0,1,0,0,0,0,1,1,6,1,81,11,1388,1,10,7,3
2014471405486,2,5,0,18,0,1,0,0,0,0,1,1,6,2,47,8,883,1,11,7,1
2014471405487,1,9,0,18,0,1,0,0,0,0,2,1,6,1,49,8,1598,2,2,9,3
2014471405488,1,9,0,7,0,1,0,0,0,0,0,1,6,1,60,9,1587,1,15,7,1
2014471405488,2,1,0,18,0,8,0,0,0,0,3,1,6,1,47,8,-1,-1,-1,9,1
2014471405489,1,9,0,9,0,1,0,0,0,0,1,1,6,2,35,6,1600,1,15,6,1
2014471405489,2,2,0,15,0,1,0,0,0,0,1,1,6,1,16,4,50,1,5,5,1
2014471405489,3,9,0,2,0,1,0,0,0,0,1,1,1,3,-1,-1,1590,1,12,-1,-1
2014471405490,1,3,0,18,0,2,0,0,0,0,1,1,2,1,32,6,125,1,1,6,3
2014471405490,2,9,0,2,0,2,0,0,0,0,2,1,6,1,50,8,1984,1,6,6,1
2014471405492,1,11,0,18,0,0,0,0,0,0,3,1,6,3,-1,-1,-1,-1,-1,-1,-1
2014471405492,2,9,0,18,0,0,0,0,0,0,3,1,6,2,35,6,1242,1,13,4,1
2014471405495,1,9,0,18,0,0,5,0,8,4,3,1,2,1,23,5,998,1,10,10,1
2014471405495,2,5,0,18,0,0,0,1,0,0,4,1,2,1,50,8,680,1,4,5,1
2014471405497,1,9,0,18,0,2,0,0,0,0,1,1,6,2,26,6,1968,2,2,10,1
2014471405497,2,9,0,18,0,2,0,0,0,0,2,1,6,2,30,6,1396,1,4,9,1
2014471405497,3,9,0,18,0,2,0,0,0,0,2,1,6,2,55,8,1596,1,11,9,1
2014471405498,1,9,0,9,0,8,0,0,0,0,1,1,6,2,31,6,1997,2,9,10,1
2014471405498,2,9,0,9,0,8,0,0,0,0,3,1,6,2,36,7,2000,1,19,6,1
2014471405500,1,3,0,18,0,0,0,0,7,0,1,1,6,1,39,7,124,1,1,2,1
2014471405500,2,9,0,17,0,0,0,0,0,0,1,1,6,2,33,6,1588,1,11,3,1
2014471405501,1,9,0,9,0,5,0,0,0,0,1,1,1,1,39,7,1328,1,8,6,1
2014471405501,2,9,0,18,0,8,0,0,0,0,1,1,6,2,31,6,1984,1,14,5,1
2014471405503,1,9,0,11,0,3,0,0,0,0,0,1,6,1,48,8,2993,2,6,2,1
2014471405503,2,9,0,18,0,8,0,0,1,0,2,1,2,2,51,8,1984,1,3,8,3
2014471405503,3,11,0,18,0,8,0,0,0,0,1,1,1,1,27,6,9360,2,-1,8,1
2014471405507,1,19,0,18,9,1,0,0,0,0,1,1,6,1,50,8,1868,2,8,8,1
2014471405507,2,9,0,3,0,1,0,0,0,0,2,1,6,1,33,6,1587,1,9,5,1
2014471405508,1,9,0,18,0,1,0,0,0,0,1,1,6,1,18,4,1242,1,2,-1,-1
2014471405508,2,9,0,3,0,1,0,0,0,0,2,1,6,2,56,9,1396,1,11,4,1
2014471405509,1,19,0,13,0,1,0,0,0,0,4,1,6,1,35,6,2402,2,8,4,3
2014471405509,2,9,0,10,0,5,0,0,0,0,3,1,6,2,21,5,1896,2,7,6,3
2014471405511,1,9,0,9,0,8,0,0,0,0,1,2,6,2,75,10,1386,1,7,4,2
2014471405511,2,9,0,17,0,8,0,0,0,0,1,1,6,2,67,10,1997,2,4,4,2
2014471405513,1,9,0,7,0,1,0,0,0,0,1,1,6,2,30,6,1995,1,6,10,1
2014471405513,2,1,0,18,4,8,0,0,7,0,1,1,6,1,23,5,-1,-1,-1,5,1
2014471405514,1,1,0,18,0,0,0,0,0,0,1,1,6,1,25,5,-1,-1,-1,5,1
2014471405514,2,9,0,4,0,0,0,0,0,0,1,1,6,2,54,8,1995,2,4,10,1
2014471405517,1,9,0,18,0,0,0,0,1,2,1,1,6,2,56,9,1590,1,9,6,1
2014471405518,1,9,0,18,0,4,0,0,0,0,1,1,6,2,72,10,1198,1,-1,7,3
2014471405518,2,1,0,18,0,8,0,0,0,0,1,1,6,1,58,9,-1,-1,-1,6,1
2014471405519,1,9,0,18,0,4,0,0,0,0,3,1,6,2,40,7,-1,-1,-1,-1,-1
2014471405519,2,1,0,18,0,8,0,0,0,0,1,1,6,1,18,4,-1,-1,-1,9,1
2014471405520,1,9,0,18,0,0,0,0,0,0,1,1,1,1,62,9,1598,2,1,8,1
2014471405520,2,9,0,18,0,0,0,0,0,0,1,1,6,2,59,9,2495,2,11,6,3
2014471405521,1,5,0,15,0,1,0,0,0,0,1,1,6,1,24,5,998,1,15,4,1
2014471405521,2,9,0,7,0,1,0,0,0,0,4,1,6,2,40,7,1997,2,12,7,3
2014471405522,1,9,0,18,0,1,0,0,0,0,1,1,3,2,33,6,1242,1,8,6,1
2014471405522,2,9,0,2,0,1,0,0,0,0,0,1,6,3,-1,-1,2497,2,17,-1,-1
2014471405523,1,9,0,9,0,1,0,0,0,0,1,1,6,2,25,5,2000,1,15,10,1
2014471405523,2,5,0,18,0,1,0,0,0,0,1,1,6,1,46,8,954,1,11,9,1
2014471405524,1,9,0,4,0,0,0,0,0,0,2,1,1,1,47,8,2987,2,3,8,3
2014471405524,2,9,0,4,0,0,1,0,0,0,1,1,6,1,48,8,1998,2,11,4,1
2014471405524,3,8,0,4,0,0,0,0,0,0,2,1,6,1,25,5,1560,2,-1,5,1
2014471405524,4,9,0,4,0,0,1,0,0,0,1,1,1,2,26,6,1339,1,3,7,1
2014471405525,1,9,0,9,0,6,0,0,0,0,3,1,1,2,20,4,1299,1,15,6,1
2014471405525,2,5,0,18,0,8,1,0,0,0,1,1,1,1,38,7,750,1,12,1,1
2014471405526,1,9,0,6,0,1,0,0,0,0,3,1,6,1,30,6,1996,2,14,-1,-1
2014471405526,2,1,0,18,0,1,0,0,0,0,1,1,2,2,44,7,-1,-1,-1,6,1
2014471405530,1,9,0,18,0,0,0,0,0,0,1,1,6,1,65,9,2967,2,8,9,3
2014471405530,2,9,0,13,0,0,1,0,7,4,1,1,6,1,44,7,1598,1,9,6,3
2014471405531,1,1,0,18,0,2,0,0,0,0,0,1,2,1,27,6,-1,-1,-1,4,1
2014471405533,1,9,0,18,0,8,0,0,0,0,4,1,1,1,52,8,1396,1,12,7,1
2014471405533,2,1,0,18,0,1,0,0,0,0,1,1,6,1,41,7,-1,-1,-1,10,1
2014471405535,1,9,0,4,0,1,0,0,0,0,1,1,2,1,24,5,1968,2,-1,9,3
2014471405535,2,8,0,3,0,1,0,0,0,0,2,1,1,1,50,8,1997,2,4,9,1
2014471405542,1,9,0,17,0,0,5,0,0,10,4,1,6,2,29,6,1896,2,10,4,2
2014471405543,1,9,0,9,0,8,0,0,0,0,1,1,2,1,22,5,1590,1,12,4,1
2014471405546,1,9,0,18,0,0,0,0,0,0,4,1,6,1,21,5,1364,1,7,-1,1
2014471405547,1,1,0,4,0,2,0,0,0,0,1,1,6,2,14,3,-1,-1,-1,5,1
2014471405547,2,9,0,18,0,1,0,0,0,0,1,1,6,2,37,7,1997,2,2,4,1
2014471405549,1,9,0,18,0,8,0,0,7,3,1,1,2,1,41,7,2000,1,20,-1,1
2014471405550,1,9,0,16,0,0,0,0,7,4,3,1,6,1,63,9,1968,2,2,8,3
2014471405551,1,9,0,9,0,6,0,0,0,0,0,1,6,2,52,8,1968,2,3,8,1
2014471405551,2,3,0,18,0,1,0,0,0,0,0,1,6,1,21,5,125,1,2,8,1
2014471405552,1,9,0,5,0,6,0,0,0,0,4,1,6,1,22,5,1598,1,10,3,1
2014471405552,2,1,0,18,0,8,0,0,0,0,1,1,6,1,17,4,-1,-1,-1,3,1
2014471405553,1,9,0,18,0,6,5,0,0,0,3,1,6,2,54,8,1968,2,3,8,3
2014471405553,2,9,0,18,0,8,1,0,0,0,1,1,6,2,77,11,1560,2,9,9,2
2014471405554,1,19,0,7,0,0,0,0,0,0,1,1,6,1,20,4,-1,-1,-1,9,1
2014471405554,2,9,0,18,0,0,0,0,0,0,1,1,6,1,38,7,1781,1,13,3,1
2014471405555,1,8,0,18,0,8,0,0,0,0,4,1,1,1,70,10,-1,-1,-1,6,1
2014471405556,1,9,0,5,0,6,0,10,0,0,1,1,6,2,43,7,1389,1,11,3,1
2014471405556,2,9,0,18,0,1,0,0,0,0,1,1,6,1,37,7,4691,1,5,10,1
2014471405556,3,9,0,18,0,1,0,0,0,0,3,1,6,1,69,10,1997,2,1,10,1
2014471405558,1,9,0,18,0,6,0,0,0,0,1,1,6,2,40,7,1596,1,10,3,1
2014471405558,2,9,0,18,0,8,0,0,0,0,3,1,6,1,35,6,1995,2,13,7,1
2014471405561,1,19,0,4,0,0,0,0,0,0,0,1,1,1,37,7,1998,2,11,8,2
2014471405562,1,20,0,4,0,0,0,0,0,0,1,1,1,1,53,8,-1,-1,-1,10,1
2014471405562,2,20,0,4,0,0,0,0,0,0,2,1,1,1,35,6,2143,2,3,2,1
2014471405562,3,20,0,4,0,0,0,0,0,0,2,1,6,1,50,8,-1,-1,-1,6,1
2014471405564,1,9,0,18,0,5,0,0,0,0,1,1,6,1,19,4,1124,1,12,6,1
2014471405564,2,9,0,18,0,3,0,0,0,0,1,2,6,2,52,8,1896,2,12,9,3
2014471405564,3,9,0,18,0,3,0,0,0,0,0,1,6,1,66,10,-1,-1,-1,-1,-1
2014471405565,1,9,0,4,0,0,0,0,0,0,1,1,6,2,37,7,1796,1,8,7,1
2014471405565,2,9,0,4,0,0,0,0,0,0,2,1,1,1,57,9,1999,1,5,5,3
2014471405569,1,9,0,18,0,8,0,0,0,0,3,1,6,2,25,5,1397,1,5,7,1
2014471405569,2,9,0,18,0,8,0,0,0,0,4,1,2,1,25,5,1968,2,9,6,2
2014471405570,1,9,0,5,0,0,0,0,0,0,1,1,6,3,-1,-1,-1,-1,-1,-1,-1
2014471405571,1,9,0,18,0,4,0,0,4,4,1,1,6,1,32,6,1461,2,10,6,1
2014471405573,1,9,0,18,0,2,0,0,0,0,4,1,6,1,28,6,1998,2,9,3,1
2014471405574,1,9,0,18,0,0,0,0,0,0,1,1,6,1,23,5,1597,1,26,2,2
2014471405574,2,9,0,18,0,0,0,0,0,0,1,1,6,1,33,6,1390,1,13,2,1
2014471405577,1,9,0,2,0,2,0,0,0,0,3,1,6,1,59,9,1998,2,11,3,2
2014471405577,2,1,0,18,0,2,0,0,0,0,1,1,6,2,50,8,-1,-1,-1,5,1
2014471405577,3,1,0,18,0,2,0,0,0,0,1,1,6,1,55,8,-1,-1,-1,5,1
2014471405578,1,9,0,18,0,8,0,0,0,0,1,1,6,1,40,7,-1,-1,-1,-1,-1
2014471405578,2,9,0,3,0,8,0,0,0,0,2,1,6,1,45,7,1998,1,9,9,1
2014471405579,1,8,0,7,2,5,0,0,0,0,0,1,6,3,-1,-1,-1,-1,-1,-1,-1
2014471405579,2,1,0,18,4,1,0,0,0,0,0,1,6,1,33,6,-1,-1,-1,6,1
2014471405582,1,9,0,2,0,0,0,0,0,0,3,1,6,1,28,6,1796,1,6,10,1
2014471405582,2,1,0,14,0,0,0,0,0,0,1,1,6,1,56,9,-1,-1,-1,9,1
2014471405583,1,9,0,9,0,8,0,0,0,0,4,1,6,1,50,8,1984,1,12,7,1
2014471405583,2,3,0,18,0,1,0,0,0,0,1,1,6,1,63,9,125,1,12,10,1
2014471405584,1,1,0,18,0,0,0,0,0,0,0,1,6,2,34,6,-1,-1,-1,8,1
2014471405586,1,8,0,5,0,1,0,0,0,0,1,1,1,1,29,6,1995,2,9,4,1
2014471405586,2,19,0,5,0,1,0,0,0,0,1,1,1,1,64,9,2402,2,3,4,1
2014471405587,1,9,0,18,0,0,0,0,0,0,0,1,6,3,-1,-1,-1,-1,-1,-1,-1
2014471405587,2,9,0,18,0,0,2,0,1,4,1,1,6,1,31,6,3301,1,10,5,1
2014471405588,1,2,0,18,0,1,0,0,0,0,1,1,6,2,16,4,49,1,-1,2,1
2014471405588,2,9,0,18,0,1,0,0,0,0,3,1,6,1,38,7,2979,1,10,2,1
2014471405590,1,8,0,5,0,1,0,0,0,0,1,1,1,1,27,6,1997,2,7,2,1
2014471405590,2,11,0,18,0,1,0,0,0,0,4,1,1,1,48,8,9360,2,1,8,1
2014471405596,1,9,0,18,0,8,0,0,0,0,1,1,2,1,48,8,-1,-1,-1,3,1
2014471405596,2,1,0,18,0,8,0,0,0,0,2,1,1,1,54,8,-1,-1,-1,7,1
2014471405598,1,9,0,18,0,0,2,0,8,10,3,1,6,1,44,7,1796,1,12,6,3
2014471405599,1,19,0,18,0,1,0,0,0,0,1,1,1,1,57,9,-1,-1,-1,3,1
2014471405599,2,9,0,18,0,1,0,0,0,0,2,1,6,2,20,4,-1,-1,-1,8,1
2014471405600,1,9,0,17,0,0,2,0,7,4,1,1,1,1,18,4,1229,1,9,2,1
2014471405602,1,8,0,17,0,0,0,0,0,0,1,1,6,2,47,8,1598,1,11,7,1
2014471405602,2,20,0,16,0,0,0,0,0,0,3,1,1,1,51,8,4500,2,7,7,1
2014471405603,1,9,0,18,0,2,0,0,4,2,1,1,6,1,81,11,999,1,-1,10,2
2014471405603,2,9,0,18,0,2,0,0,0,0,3,1,6,1,21,5,2494,1,14,10,1
2014471405604,1,9,0,18,0,0,1,10,7,10,1,1,6,1,31,6,1598,1,-1,6,1
2014471405605,1,9,0,9,0,5,0,0,0,0,1,1,6,2,80,11,1149,1,10,9,1
2014471405605,2,3,0,18,0,8,0,0,0,0,1,1,6,1,19,4,249,1,8,2,1
2014471405606,1,9,0,6,0,8,0,0,0,0,3,1,6,1,57,9,3222,2,11,7,1
2014471405606,2,5,0,11,0,8,0,0,0,0,4,1,6,1,46,8,1215,1,1,6,1
2014471405608,1,9,0,9,0,6,0,0,0,0,1,1,6,1,86,11,1596,1,11,6,1
2014471405608,2,9,0,18,0,8,0,0,0,0,1,1,6,1,72,10,1198,1,4,4,2
2014471405610,1,9,0,5,0,2,0,0,0,0,4,1,2,1,42,7,2400,2,3,9,1
2014471405610,2,8,0,5,0,2,0,0,0,0,0,1,1,1,31,6,1998,2,5,5,1
2014471405610,3,1,0,7,0,6,0,0,0,0,1,1,6,1,23,5,-1,-1,-1,-1,-1
2014471405611,1,19,0,1,0,1,0,0,0,0,2,1,6,1,58,9,1870,2,15,10,1
2014471405611,2,5,0,3,0,1,0,0,0,0,1,1,1,1,47,8,1050,1,5,4,1
2014471405612,1,9,0,2,0,1,0,0,0,0,0,1,6,1,58,9,1910,2,9,4,1
2014471405612,2,9,0,9,0,8,0,0,0,0,1,1,6,1,36,7,1968,2,-1,5,1
2014471405612,3,1,0,18,0,1,0,0,0,0,1,1,2,2,29,6,-1,-1,-1,4,1
2014471405614,1,9,0,18,0,0,0,0,1,2,1,1,6,1,88,11,1242,1,12,7,1
2014471405615,1,9,0,18,0,0,0,0,0,0,1,1,2,1,40,7,1997,2,2,8,1
2014471405615,2,9,0,3,0,0,0,0,0,0,2,1,2,2,23,5,998,1,-1,2,1
2014471405615,3,9,0,3,0,0,0,0,0,0,2,1,2,2,26,6,1360,1,8,7,2
2014471405615,4,9,0,3,0,0,0,0,0,0,2,1,2,2,43,7,2204,2,7,8,3
2014471405616,1,9,0,18,0,1,0,0,0,0,1,1,6,1,27,6,1598,1,14,4,1
2014471405616,2,9,0,2,0,1,0,0,1,0,2,1,6,3,-1,-1,998,1,12,-1,-1
2014471405619,1,2,0,5,0,4,0,0,0,0,3,1,6,2,16,4,50,1,6,2,1
2014471405619,2,9,0,18,0,8,0,0,0,0,4,1,6,1,40,7,1598,1,7,4,1
2014471405620,1,9,0,5,0,1,0,0,0,0,1,1,6,2,19,4,1198,1,10,6,1
2014471405620,2,2,0,18,0,2,0,0,0,0,1,1,6,1,16,4,49,1,15,8,3
2014471405622,1,9,0,18,0,6,0,0,0,0,1,1,6,1,45,7,1988,1,12,10,2
2014471405622,2,9,0,18,0,8,0,0,0,0,4,1,6,2,37,7,996,1,1,10,1
2014471405625,1,9,0,18,0,1,0,0,0,0,1,1,6,2,31,6,1590,1,12,6,1
2014471405625,2,9,0,3,0,1,0,0,0,0,0,1,6,1,-1,-1,-1,-1,-1,-1,-1
2014471405626,1,1,0,3,9,1,0,0,0,0,1,1,4,2,11,3,-1,-1,-1,5,1
2014471405626,2,9,0,4,0,1,0,0,0,0,4,1,6,1,33,6,2987,2,2,6,1
2014471405630,1,8,0,18,0,1,0,0,0,0,4,1,1,1,30,6,1997,2,6,3,1
2014471405631,1,5,0,18,0,0,0,0,0,0,3,1,6,1,30,6,599,1,13,1,1
2014471405631,2,9,0,4,0,0,0,0,0,0,0,1,6,3,-1,-1,-1,-1,-1,-1,-1
2014471405632,1,9,0,5,0,4,0,0,0,0,1,1,6,2,62,9,1951,2,13,9,2
2014471405632,2,5,0,18,0,4,0,0,0,0,4,1,6,1,41,7,-1,-1,-1,7,1
2014471405633,1,9,0,1,5,5,0,0,0,0,2,1,6,1,57,9,2982,2,17,-1,-1
2014471405633,2,9,0,2,0,1,0,0,0,0,2,1,6,2,23,5,1360,1,13,5,1
2014471405634,1,9,0,2,0,0,0,0,0,0,3,1,6,1,21,5,1149,1,13,6,1
2014471405634,2,1,0,14,0,0,0,0,0,0,4,1,2,1,45,7,-1,-1,-1,3,1
2014471405635,1,3,0,4,0,2,0,0,0,0,1,1,6,1,17,4,124,1,-1,4,1
2014471405635,2,9,0,4,0,2,0,0,0,0,2,1,1,1,49,8,-1,-1,-1,2,1
2014471405636,1,9,0,9,0,6,0,0,0,0,4,1,6,1,79,11,1995,1,2,10,1
2014471405636,2,9,0,18,0,8,1,0,1,11,1,1,6,1,37,7,2987,2,5,6,1
2014471405636,3,21,0,2,0,1,0,0,0,0,0,1,1,1,52,8,3920,2,7,8,1
2014471405637,1,1,0,18,0,2,0,0,0,0,0,1,6,2,71,10,-1,-1,-1,4,1
2014471405637,2,1,0,18,0,2,0,0,0,0,0,1,6,1,12,3,-1,-1,-1,7,3
2014471405638,1,9,0,17,0,0,2,0,0,0,3,1,6,1,19,4,1998,1,20,1,1
2014471405639,1,1,0,18,0,8,0,7,1,1,1,1,6,1,36,7,-1,-1,-1,6,1
2014471405640,1,2,0,16,0,8,0,0,1,4,1,1,6,1,23,5,125,1,3,2,1
2014471405642,1,9,0,18,0,4,0,0,0,0,3,1,6,2,33,6,1686,2,3,7,1
2014471405642,2,9,0,18,0,8,0,0,0,0,1,1,6,1,26,6,1598,1,7,5,1
2014471405643,1,2,0,18,0,3,0,0,0,0,0,1,6,2,17,4,49,1,14,5,1
2014471405643,2,10,0,18,0,3,0,0,0,0,0,1,1,1,54,8,-1,-1,-1,5,1
2014471405644,1,9,0,18,0,2,0,0,0,0,1,1,6,2,29,6,1769,1,11,7,1
2014471405644,2,9,0,2,0,2,0,0,0,0,3,1,6,3,-1,-1,1390,1,3,-1,-1
2014471405647,1,9,0,9,0,2,0,0,0,0,1,1,6,2,58,9,998,1,4,2,2
2014471405648,1,9,0,18,0,0,0,0,1,0,1,1,6,1,20,4,1596,1,13,8,3
2014471405648,2,9,0,18,0,0,0,0,0,0,1,1,6,1,25,5,1999,1,8,10,3
2014471405650,1,9,0,9,0,6,0,0,0,0,1,1,2,1,40,7,1598,1,8,5,1
2014471405650,2,1,0,18,0,8,0,0,0,0,1,1,2,2,64,9,-1,-1,-1,5,1
2014471405651,1,1,0,18,0,0,0,0,0,0,3,1,6,1,16,4,-1,-1,-1,5,1
2014471405651,2,9,0,18,0,0,0,0,0,0,1,1,1,1,21,5,999,1,14,6,1
2014471405653,1,3,0,13,0,1,1,0,0,0,1,1,6,1,20,4,124,1,16,5,1
2014471405653,2,9,0,9,0,8,0,0,0,0,3,1,6,2,25,5,1328,1,7,9,1
2014471405653,3,9,0,7,0,8,0,0,0,0,0,1,6,1,30,6,-1,-1,-1,-1,-1
2014471405657,1,9,0,17,0,0,1,0,1,4,4,1,1,2,38,7,1349,1,4,6,3
2014471405657,2,9,0,16,0,0,0,0,1,0,1,1,3,2,44,7,2993,2,4,8,3
2014471405659,1,9,0,9,0,8,0,0,0,0,3,1,6,2,29,6,1360,1,16,3,1
2014471405659,2,9,0,7,0,5,0,0,0,0,0,1,6,1,17,4,-1,-1,-1,3,1
2014471405659,3,3,0,18,0,8,0,0,0,0,1,1,6,1,17,4,124,1,7,3,1
2014471405662,1,9,0,9,0,8,0,0,0,0,1,1,6,1,19,4,1390,1,17,4,3
2014471405662,2,3,0,13,0,8,1,0,0,0,3,1,6,1,18,4,125,1,-1,9,3