Accident_Index,Vehicle_Reference,Vehicle_Type,Towing_and_Articulation,Vehicle_Manoeuvre,Vehicle_Location-Restricted_Lane,Junction_Location,Skidding_and_Overturning,Hit_Object_in_Carriageway,Vehicle_Leaving_Carriageway,Hit_Object_off_Carriageway,1st_Point_of_Impact,Was_Vehicle_Left_Hand_Drive?,Journey_Purpose_of_Driver,Sex_of_Driver,Age_of_Driver,Age_Band_of_Driver,Engine_Capacity_(CC),Propulsion_Code,Age_of_Vehicle,Driver_IMD_Decile,Driver_Home_Area_Type
2014471406160,2,19,0,18,0,0,0,0,0,0,1,1,1,1,23,5,1248,2,2,5,1
2014471406160,3,8,0,4,0,0,0,0,0,0,0,1,1,1,48,8,2143,2,1,10,2
2014471406160,4,9,0,4,0,0,0,0,0,0,2,1,6,1,44,7,2993,2,6,3,1
2014471406161,1,9,0,18,0,0,5,0,0,10,4,1,6,1,21,5,1299,1,16,5,2
2014471406162,1,19,0,18,0,1,1,0,0,0,1,1,1,1,28,6,2464,2,6,6,1
2014471406162,2,19,0,3,0,1,0,0,0,0,2,1,1,1,25,5,1248,2,4,9,1
2014471406162,3,9,0,3,0,1,0,0,0,0,2,1,2,1,74,10,1995,2,2,10,1
2014471406165,1,9,0,9,0,8,0,0,0,0,4,1,6,2,47,8,2776,2,-1,5,3
2014471406165,2,4,0,18,0,8,0,0,0,0,1,1,6,1,35,6,250,1,21,2,1
2014471406166,1,9,0,9,0,8,0,0,0,0,4,1,6,2,84,11,1108,1,12,4,1
2014471406166,2,4,0,18,0,8,0,0,0,0,1,1,6,1,23,5,398,1,25,7,3
2014471406168,1,1,0,13,4,0,0,0,0,0,3,1,6,1,23,5,-1,-1,-1,5,1
2014471406168,2,11,1,18,2,0,0,0,0,0,4,1,1,1,39,7,11967,2,6,3,1
2014471406168,3,1,0,18,4,0,0,0,0,0,3,1,6,1,22,5,-1,-1,-1,6,3
2014471406174,1,9,0,9,0,6,0,0,0,0,3,1,6,2,50,8,1598,1,4,5,1
2014471406174,2,1,0,18,0,1,0,0,0,0,1,1,6,1,30,6,-1,-1,-1,1,1
2014471406176,1,9,0,16,0,0,0,0,7,4,1,1,6,1,65,9,1597,1,21,7,1
2014471406176,2,9,0,18,0,0,0,0,0,0,1,1,1,1,67,10,848,1,26,5,3
2014471406177,1,11,0,4,0,0,0,0,0,0,0,1,6,1,40,7,-1,-1,-1,-1,-1
2014471406178,1,8,0,14,0,8,0,0,0,0,4,1,6,1,44,7,2143,2,3,8,1
2014471406178,2,9,0,18,0,8,0,0,0,0,1,1,6,1,24,5,-1,-1,-1,6,1
2014471406178,3,9,0,18,0,8,0,0,0,0,1,1,6,1,61,9,1984,1,5,5,1
2014471406179,1,9,0,18,0,0,1,0,7,3,1,1,6,1,41,7,1796,1,15,6,2
2014471406180,1,9,0,18,0,0,0,0,0,0,1,1,6,2,33,6,1596,1,12,5,1
2014471406180,2,9,0,3,0,0,0,0,0,0,0,1,2,2,50,8,1242,1,4,-1,2
2014471406180,3,21,1,3,0,0,0,0,0,0,0,1,1,1,29,6,11946,2,7,3,1
2014471406181,1,19,0,17,0,0,2,11,2,10,4,1,2,1,28,6,1870,2,8,8,1
2014471406182,1,20,0,18,0,6,0,0,0,0,4,1,6,1,27,6,-1,-1,-1,2,1
2014471406182,2,1,0,18,0,1,0,0,0,0,1,1,6,1,47,8,-1,-1,-1,4,1
2014471406185,1,9,0,18,0,0,0,0,0,0,1,1,6,1,25,5,2494,1,16,5,2
2014471406185,2,9,0,18,0,0,0,0,0,0,2,1,1,1,61,9,3628,2,5,5,2
2014471406187,1,9,0,18,0,1,0,0,0,0,1,1,2,1,44,7,1796,1,13,6,1
2014471406188,1,9,0,9,0,8,1,0,3,0,1,1,2,1,41,7,1240,1,11,4,1
2014471406188,2,9,0,18,0,8,2,0,3,1,4,1,6,2,29,6,1800,1,16,9,1
2014471406188,3,9,0,3,0,1,0,0,0,0,1,1,2,1,41,7,1461,2,-1,7,1
2014471406189,1,9,0,18,9,1,0,0,1,0,1,1,6,3,-1,-1,-1,-1,-1,-1,-1
2014471406191,1,19,0,18,0,0,0,0,0,0,1,1,6,1,-1,-1,1998,2,12,-1,-1
2014471406191,2,9,0,18,0,0,0,0,0,0,2,1,6,2,23,5,1968,2,6,8,3
2014471406191,3,9,0,14,0,0,0,0,0,0,0,1,6,1,-1,-1,-1,-1,-1,-1,-1
2014471406191,4,9,0,2,0,0,0,0,0,0,0,1,6,3,-1,-1,-1,-1,-1,-1,-1
2014471406192,1,9,0,18,0,0,5,0,0,0,1,1,6,2,67,10,1994,2,4,5,3
2014471406197,1,9,0,9,0,6,0,0,0,0,1,1,6,2,65,9,1398,2,2,8,1
2014471406197,2,5,0,18,0,1,0,0,0,0,1,1,1,1,53,8,1293,1,4,-1,1
2014471406199,1,11,0,18,0,1,0,0,0,0,1,1,1,1,48,8,9360,2,1,5,1
2014471406200,1,8,0,18,0,8,0,0,0,0,1,1,1,1,49,8,1560,2,4,2,1
2014471406200,2,9,0,18,0,8,0,0,0,0,2,1,1,1,25,5,1560,2,-1,3,1
2014471406201,1,9,0,18,0,0,1,0,0,0,1,1,6,1,20,4,1124,1,14,4,1
2014471406201,2,9,0,18,0,0,0,0,0,0,1,1,6,2,33,6,1871,2,11,3,1
2014471406202,1,9,0,17,0,8,0,0,0,0,3,1,6,1,26,6,1124,1,11,5,3
2014471406202,2,9,0,16,0,8,0,0,0,0,3,1,6,2,57,9,1390,1,9,5,2
2014471406202,3,19,0,2,0,8,0,0,0,0,2,1,6,3,-1,-1,1997,2,11,-1,-1
2014471406203,1,11,0,18,0,2,0,0,0,0,1,1,1,1,43,7,3900,2,12,2,1
2014471406204,1,9,0,1,0,0,0,0,0,0,2,1,6,1,75,10,1390,1,-1,10,1
2014471406204,2,19,0,2,0,0,0,0,0,0,0,1,6,1,59,9,2664,2,12,10,1
2014471406212,1,9,0,9,0,5,0,0,0,0,1,1,6,1,50,8,1896,2,10,1,1
2014471406212,2,19,0,18,0,1,0,10,1,0,0,1,1,1,45,7,1399,2,6,8,3
2014471406215,1,9,0,18,0,3,0,0,1,10,1,1,6,2,89,11,1598,1,11,5,2
2014471406216,1,9,0,5,0,6,0,0,0,0,3,1,6,1,76,11,1086,1,9,5,1
2014471406216,2,9,0,18,0,1,0,0,0,0,1,1,1,2,59,9,1997,1,12,6,1
2014471406220,1,9,0,18,0,1,0,0,0,0,1,1,6,2,41,7,1794,1,8,6,1
2014471406220,2,3,0,5,0,8,0,0,0,0,3,1,6,2,41,7,124,1,11,6,1
2014471406226,1,9,0,7,0,6,0,0,0,0,3,1,6,2,68,10,1796,1,14,5,1
2014471406226,2,9,0,18,0,1,1,0,0,0,1,1,2,2,26,6,998,1,5,9,1
2014471406226,3,9,0,18,0,1,0,0,0,0,1,1,2,1,32,6,1995,1,4,6,1
2014471406229,1,9,0,18,0,6,0,0,0,0,1,1,2,2,18,4,1753,2,7,7,1
2014471406229,2,8,0,18,0,8,0,0,0,0,3,1,1,1,54,8,1896,2,4,5,1
2014471406231,1,9,0,9,0,5,0,0,0,0,1,1,2,1,62,9,1995,2,4,8,1
2014471406232,1,9,0,18,0,8,0,0,0,0,3,1,6,1,66,10,2993,2,-1,9,1
2014471406232,2,9,0,9,0,8,0,0,0,0,1,1,3,2,42,7,1896,2,13,4,1
2014471406233,1,9,0,7,0,8,1,4,0,0,2,1,6,1,41,7,2400,2,-1,-1,-1
2014471406233,2,9,0,18,0,8,1,0,0,0,1,1,6,1,24,5,1910,2,9,-1,1
2014471406233,3,10,0,2,6,8,0,0,0,0,2,1,1,1,52,8,-1,-1,-1,8,1
2014471406234,1,19,0,15,0,8,0,0,0,0,0,1,6,1,45,7,-1,-1,-1,-1,-1
2014471406234,2,11,0,5,0,8,0,0,0,0,0,1,1,1,49,8,9360,2,1,2,1
2014471406235,1,9,0,18,0,0,1,0,0,0,1,1,6,1,31,6,998,1,4,3,1
2014471406235,2,9,0,4,0,0,0,0,0,0,2,1,6,1,30,6,2685,2,10,7,1
2014471406240,1,9,0,18,0,4,0,0,0,0,1,1,6,2,28,6,1587,1,12,5,1
2014471406240,2,9,0,5,0,4,0,0,0,0,2,1,6,2,23,5,969,1,10,4,3
2014471406241,1,9,0,7,0,6,0,0,0,0,0,1,6,1,70,10,-1,-1,-1,3,1
2014471406241,2,9,0,18,0,8,5,0,2,7,1,1,6,1,28,6,2198,2,2,7,1
2014471406242,1,9,0,18,0,1,0,0,0,0,1,1,6,1,25,5,1389,1,19,5,3
2014471406242,2,9,0,18,0,1,0,0,0,0,2,1,6,1,56,9,1968,2,9,8,1
2014471406243,1,9,0,7,0,1,0,0,0,0,0,1,6,1,41,7,1198,1,5,5,1
2014471406243,2,9,0,18,0,1,1,0,1,4,2,1,2,1,24,5,1392,1,16,8,1
2014471406243,3,9,0,2,9,1,0,0,0,0,2,2,6,3,-1,-1,-1,-1,-1,-1,-1
2014471406244,1,9,0,1,9,8,0,0,1,0,2,1,6,1,40,7,1598,1,10,4,1
2014471406245,1,9,0,18,0,0,0,0,0,0,4,1,6,1,26,6,1198,1,4,-1,-1
2014471406245,2,1,0,18,0,0,0,0,0,0,3,1,6,2,50,8,-1,-1,-1,6,1
2014471406246,1,9,0,17,0,0,1,0,1,4,3,1,3,1,22,5,1761,1,13,5,1
2014471406248,1,9,0,7,0,1,0,0,0,0,1,1,6,1,42,7,1398,1,13,5,1
2014471406248,2,1,0,9,0,1,1,0,0,0,1,1,6,1,13,3,-1,-1,-1,5,1
2014471406249,1,9,0,9,0,8,0,0,0,0,4,1,1,1,69,10,-1,-1,-1,8,3
2014471406249,2,3,0,18,0,8,0,0,0,0,1,1,2,1,24,5,124,1,2,3,1
2014471406250,1,9,0,5,0,2,0,0,0,0,1,1,6,2,28,6,1396,1,16,-1,-1
2014471406250,2,9,0,3,0,2,0,0,0,0,0,1,6,2,46,8,-1,-1,-1,-1,-1
2014471406250,3,9,0,18,0,2,0,0,0,0,0,1,6,1,23,5,1597,1,16,-1,-1
2014471406251,1,9,0,18,0,0,0,0,7,0,1,1,6,1,61,9,2148,2,10,9,3
2014471406251,2,9,0,18,0,0,0,0,0,0,1,1,6,2,51,8,2477,2,11,6,3
2014471406252,1,9,0,18,0,0,0,0,0,0,1,1,1,1,69,10,1998,1,16,9,1
2014471406252,2,9,0,18,0,0,0,0,7,0,1,1,6,1,18,4,-1,-1,-1,9,3
2014471406253,1,9,0,7,0,6,0,0,0,0,2,1,6,1,25,5,1596,1,7,4,1
2014471406253,2,1,0,18,0,8,0,0,0,0,0,1,6,1,19,4,-1,-1,-1,6,1
2014471406254,1,9,0,16,0,0,1,0,5,6,1,1,2,1,24,5,1124,1,10,3,1
2014471406255,1,9,0,9,0,8,0,0,0,0,1,1,6,1,87,11,998,1,9,4,1
2014471406255,2,1,0,18,0,8,0,0,0,0,1,1,6,1,34,6,-1,-1,-1,6,1
2014471406258,1,9,0,18,0,5,1,0,7,10,1,1,6,1,24,5,1868,2,14,2,1
2014471406260,1,9,0,18,0,0,5,4,7,10,4,1,6,2,43,7,1968,2,2,3,1
2014471406260,2,9,0,2,0,0,0,0,0,0,2,1,6,3,-1,-1,2926,2,12,-1,-1
2014471406260,3,9,0,2,0,0,0,0,0,0,2,1,6,3,-1,-1,1490,1,7,-1,-1
2014471406260,4,9,0,2,0,0,0,0,0,0,2,1,6,3,-1,-1,1781,1,9,-1,-1
2014471406261,1,20,0,13,0,0,0,0,0,0,4,1,1,1,38,7,-1,-1,-1,7,1
2014471406261,2,9,0,9,0,0,0,0,0,0,3,1,6,1,50,8,1956,2,-1,-1,-1
2014471406262,1,9,0,9,0,8,0,0,0,0,1,1,6,2,59,9,1386,1,7,6,1
2014471406262,2,9,0,18,0,8,0,0,0,0,1,1,6,1,48,8,1386,1,7,1,1
2014471406263,1,3,0,18,0,1,0,0,0,0,1,1,6,1,30,6,124,1,5,1,1
2014471406263,2,9,0,9,0,8,0,0,0,0,3,1,6,2,-1,-1,1998,2,9,7,1
2014471406264,1,9,0,16,0,0,1,0,4,6,1,1,1,2,55,8,1242,1,7,8,1
2014471406264,2,20,0,16,0,0,0,0,4,0,3,1,1,1,41,7,3900,2,11,5,1
2014471406265,1,11,0,4,0,1,0,0,0,0,0,1,6,1,48,8,-1,-1,-1,7,1
2014471406267,1,9,0,18,0,6,0,0,0,0,1,1,6,1,38,7,1598,1,13,5,1
2014471406267,2,1,0,18,0,8,0,0,0,0,1,1,6,1,46,8,-1,-1,-1,7,1
2014471406271,1,1,0,7,0,8,0,0,0,0,1,1,6,1,12,3,-1,-1,-1,-1,-1
2014471406271,2,9,0,7,0,8,0,0,0,0,2,1,6,2,43,7,1598,1,8,5,1
2014471406274,1,3,0,18,0,1,0,0,0,0,1,1,6,2,22,5,124,1,18,8,3
2014471406274,2,9,0,2,0,1,0,0,0,0,2,1,6,3,-1,-1,998,1,16,-1,-1
2014471406277,1,9,0,9,0,6,0,0,0,0,3,1,6,1,23,5,2521,1,6,10,2
2014471406277,2,9,0,18,0,1,0,0,0,0,1,1,6,1,25,5,1332,1,8,8,1
2014471406279,1,9,0,13,0,8,0,0,0,11,4,1,1,2,61,9,1997,1,5,2,1
2014471406279,2,11,0,9,0,8,0,0,0,0,4,1,2,1,29,6,9000,2,4,3,1
2014471406281,1,5,0,17,0,0,0,0,1,0,4,1,6,1,52,8,749,1,7,9,2
2014471406282,1,9,0,9,0,1,0,0,0,0,1,1,6,2,55,8,1242,1,11,2,1
2014471406282,2,1,0,18,4,8,0,0,0,0,3,1,6,1,21,5,-1,-1,-1,5,1
2014471406282,3,9,0,10,0,1,0,0,0,0,0,1,6,2,26,6,1299,1,12,1,1
2014471406284,1,9,0,10,0,6,0,0,3,0,3,1,6,2,57,9,-1,-1,-1,8,2
2014471406284,2,9,0,18,0,8,1,0,0,0,1,1,6,1,24,5,1796,1,11,5,1
2014471406285,1,9,0,4,0,1,0,0,0,0,1,1,6,1,63,9,1591,1,4,6,1
2014471406285,2,9,0,4,0,1,0,0,0,0,2,1,6,1,35,6,1984,1,9,3,1
2014471406287,1,9,0,18,0,1,0,0,0,0,1,1,6,1,79,11,1364,1,-1,7,1
2014471406287,2,9,0,18,0,1,0,0,0,0,2,1,6,1,46,8,1995,2,2,8,3
2014471406288,1,9,0,18,0,1,0,0,0,0,1,1,6,1,41,7,2830,2,19,4,1
2014471406288,2,9,0,18,0,1,0,0,0,0,2,1,6,1,46,8,1995,2,2,7,1
2014471406289,1,5,0,17,0,8,0,0,0,0,4,1,6,1,59,9,680,1,1,4,1
2014471406293,1,3,0,18,0,0,0,0,0,0,1,1,2,2,34,6,124,1,5,5,1
2014471406293,2,9,0,3,0,0,0,0,0,0,2,1,6,1,56,9,1794,1,5,3,1
2014471406295,1,9,0,18,0,6,0,0,3,11,1,1,6,1,19,4,1994,1,12,6,1
2014471406296,1,1,0,18,0,1,0,0,0,0,1,1,6,1,40,7,-1,-1,-1,5,3
2014471406296,2,9,0,9,0,8,0,0,0,0,2,1,4,2,21,5,1242,1,5,7,1
2014471406297,1,19,0,9,0,6,0,0,0,0,3,1,1,1,44,7,1399,2,3,3,1
2014471406297,2,19,0,18,0,1,0,0,0,0,1,1,1,1,26,6,1248,2,7,7,2
2014471406300,1,9,0,18,0,0,0,0,0,0,1,1,6,2,53,8,1753,2,10,9,3
2014471406300,2,9,0,3,0,0,0,0,0,0,2,1,6,1,65,9,1798,1,9,9,1
2014471406300,3,9,0,3,0,0,0,0,0,0,2,1,6,2,35,6,1995,2,2,8,1
2014471406300,4,9,0,3,0,0,0,0,0,0,2,1,6,2,48,8,2362,1,11,4,3
2014471406300,5,19,0,4,0,0,0,0,0,0,0,1,6,3,17,4,-1,-1,-1,-1,-1
2014471406302,1,5,0,13,0,8,1,0,7,2,1,1,1,1,38,7,599,1,14,7,1
2014471406302,2,9,0,17,0,2,1,0,0,0,1,1,1,2,48,8,1596,1,11,7,1
2014471406302,3,11,0,18,0,8,0,0,0,0,0,1,1,3,30,6,-1,-1,-1,-1,-1
2014471406303,1,9,0,18,0,1,0,0,0,0,1,1,6,2,73,10,1229,1,8,5,1
2014471406303,2,9,0,9,0,1,0,0,0,0,4,1,6,2,32,6,1994,2,10,7,1
2014471406304,1,9,0,18,0,1,0,0,0,0,1,1,6,2,35,6,1587,1,10,8,1
2014471406304,2,9,0,10,0,1,0,0,0,0,2,1,1,1,38,7,1242,1,13,4,1
2014471406304,3,9,0,18,0,1,0,0,0,0,1,1,6,2,60,9,1984,1,9,7,3
2014471406305,1,19,0,5,0,1,0,0,0,0,3,1,1,2,25,5,1560,2,-1,2,1
2014471406306,1,19,0,18,0,0,0,0,0,0,4,2,6,1,54,8,-1,-1,-1,-1,-1
2014471406308,1,2,0,7,0,8,0,0,0,0,4,1,6,1,20,4,49,1,7,3,1
2014471406308,2,9,0,18,0,1,0,0,0,0,0,1,1,1,26,6,1997,2,1,4,1
2014471406309,1,9,0,10,0,1,0,0,0,0,4,1,6,1,42,7,4164,2,15,4,1
2014471406309,2,9,0,18,0,1,0,0,7,0,1,1,6,1,28,6,1968,2,3,6,1
2014471406309,3,9,0,3,0,1,0,0,0,0,1,1,6,2,65,9,2438,1,18,5,3
2014471406310,1,1,0,18,0,0,0,0,0,0,1,1,1,2,20,4,-1,-1,-1,3,1
2014471406310,2,9,0,18,0,0,0,0,0,0,2,1,1,1,30,6,1997,2,6,3,1
2014471406314,1,9,0,18,0,8,0,0,0,0,1,1,6,2,43,7,1596,1,1,6,1
2014471406317,1,21,1,18,0,1,0,0,0,4,1,1,1,1,30,6,11946,2,5,10,1
2014471406317,2,9,0,18,0,1,0,0,0,0,1,1,6,1,33,6,1956,2,1,10,1
2014471406321,1,9,0,9,0,8,0,0,0,0,0,1,6,3,-1,-1,-1,-1,-1,-1,-1
2014471406321,2,1,0,18,0,8,0,0,0,0,0,1,6,1,70,10,-1,-1,-1,6,1
2014471406322,1,9,0,9,0,8,0,0,0,0,4,2,6,1,63,9,-1,-1,-1,-1,-1
2014471406322,2,9,0,18,0,8,0,0,0,0,1,1,6,2,56,9,1997,1,11,9,1
2014471406322,3,9,0,8,0,1,0,0,0,0,1,1,6,1,37,7,1968,2,9,8,3
2014471406323,1,9,0,18,0,4,0,0,0,0,1,1,6,1,49,8,1753,2,12,4,1
2014471406323,2,1,0,18,0,3,0,0,0,0,4,1,2,1,51,8,-1,-1,-1,2,1
2014471406324,1,9,0,18,0,0,0,0,0,0,4,1,1,1,44,7,-1,-1,-1,6,1
2014471406324,2,1,0,18,0,0,0,0,0,0,2,1,6,1,53,8,-1,-1,-1,2,1
2014471406325,1,11,0,18,0,2,0,0,0,0,0,1,1,3,40,7,-1,-1,-1,2,1
2014471406325,2,11,0,18,0,2,0,0,0,0,0,1,1,1,39,7,4760,2,2,4,1
2014471406326,1,9,0,18,0,2,0,0,0,0,1,1,6,3,-1,-1,-1,-1,-1,-1,-1
2014471406330,1,19,0,2,0,0,0,0,0,0,0,1,6,1,30,6,-1,-1,-1,-1,-1
2014471406330,2,9,0,16,0,0,0,0,0,0,1,1,6,1,68,10,2953,1,7,6,1
2014471406330,3,9,0,17,0,0,0,0,0,0,1,1,6,2,67,10,1560,2,-1,8,1
2014471406331,1,9,0,17,0,2,0,0,0,0,4,1,6,2,72,10,1242,1,2,4,1
2014471406333,1,9,0,18,0,0,0,0,0,0,1,1,6,2,38,7,2204,2,8,8,1
2014471406333,2,9,0,18,0,0,5,0,1,0,3,1,6,1,59,9,2402,2,7,6,3
2014471406333,3,9,0,18,0,0,0,0,0,0,3,1,6,2,66,10,1229,1,10,5,2
2014471406334,1,3,0,18,0,0,0,0,0,0,1,1,6,1,20,4,124,1,14,5,1
2014471406334,2,9,0,4,0,0,0,0,0,0,2,1,6,2,36,7,2499,2,11,2,1
2014471406335,1,9,0,18,0,1,0,0,0,0,1,1,6,1,68,10,1390,1,1,9,1
2014471406336,1,3,0,9,0,8,0,0,0,0,4,1,6,1,27,6,124,1,7,6,1
2014471406336,2,9,0,6,0,8,0,0,0,0,1,1,6,2,60,9,1598,1,15,10,1
2014471406337,1,9,0,17,0,0,2,0,8,10,1,1,6,2,19,4,1527,2,16,9,3
2014471406338,1,9,0,18,0,6,2,10,3,1,1,1,6,1,19,4,-1,-1,-1,2,1
2014471406339,1,9,0,18,0,0,0,10,1,2,4,1,6,2,74,10,1598,1,3,9,1
2014471406340,1,9,0,9,0,6,0,0,0,0,1,1,6,1,24,5,1299,1,12,5,2
2014471406340,2,9,0,18,0,1,0,0,0,0,1,1,6,2,31,6,1995,2,4,3,1
2014471406341,1,20,0,15,0,0,0,0,1,11,3,1,6,1,52,8,-1,-1,-1,2,1
2014471406341,2,9,0,18,0,0,0,0,0,0,1,1,6,1,68,10,1329,1,1,9,1
2014471406342,1,9,0,18,0,0,0,0,0,0,1,1,6,1,35,6,1968,2,4,8,1
2014471406342,2,9,0,18,0,0,0,0,0,0,1,1,6,1,33,6,1997,2,12,5,1
2014471406343,1,9,0,17,0,0,1,0,1,4,3,1,6,1,25,5,1461,2,3,3,1
2014471406344,1,9,0,17,0,0,1,0,7,10,1,1,2,1,42,7,1839,1,11,4,1
2014471406346,1,9,0,18,0,0,0,0,0,0,1,1,6,1,65,9,-1,-1,-1,-1,-1
2014471406346,2,9,0,3,0,0,0,0,0,0,1,1,6,2,29,6,1984,1,14,8,1
2014471406349,1,9,0,18,0,8,0,0,0,0,4,1,6,2,82,11,1390,1,5,8,1
2014471406349,2,19,0,18,0,8,0,0,0,0,1,1,1,1,59,9,2198,2,-1,6,1
2014471406350,1,9,0,18,0,8,0,0,0,0,1,1,6,1,-1,-1,-1,-1,-1,4,1
2014471406350,2,9,0,3,0,8,0,0,0,0,2,1,2,2,19,4,1124,1,12,6,1
2014471406351,1,8,0,18,0,8,0,0,0,0,1,1,1,2,63,9,1560,2,9,4,1
2014471406355,1,9,0,7,0,4,0,0,0,0,1,1,6,2,34,6,1395,1,1,7,1
2014471406355,2,1,0,18,0,8,0,0,0,0,4,1,6,1,36,7,-1,-1,-1,6,1
2014471406356,1,9,0,7,0,4,0,0,0,0,1,1,6,1,46,8,1596,1,12,8,3
2014471406356,2,1,0,18,0,3,0,0,0,0,4,1,1,1,37,7,-1,-1,-1,6,1
2014471406357,1,3,0,18,0,0,0,0,0,0,1,1,6,1,21,5,125,1,7,7,1
2014471406357,2,9,0,4,0,0,0,0,0,0,2,1,1,2,47,8,1783,1,12,6,1
2014471406358,1,9,0,18,0,0,2,0,1,4,2,1,6,2,31,6,2470,2,19,8,1
2014471406360,1,9,0,5,0,1,0,0,0,0,2,1,6,1,31,6,1596,1,12,1,1
2014471406360,2,9,0,18,0,1,0,0,0,0,1,1,6,1,26,6,1800,1,14,4,1
2014471406361,1,3,0,17,0,0,1,0,1,0,0,1,2,1,20,4,125,1,-1,3,1
2014471406362,1,9,0,16,0,2,2,0,1,11,1,1,1,2,24,5,1299,1,13,3,1
2014471406363,1,9,0,18,0,1,1,0,1,0,1,1,2,2,49,8,1299,1,9,5,1
2014471406363,2,9,0,10,0,1,0,0,0,0,2,1,6,1,42,7,2793,1,18,8,1
2014471406364,1,9,0,18,0,1,0,4,0,0,1,1,6,1,90,11,973,1,14,10,1
2014471406364,2,9,0,10,0,8,0,0,0,0,2,1,6,2,66,10,1229,1,6,3,1
2014471406365,1,9,0,9,0,0,0,0,0,0,1,1,1,1,19,4,1242,1,5,6,3
2014471406365,2,3,0,16,0,0,0,4,7,0,1,1,6,1,17,4,125,1,-1,6,3
2014471406365,3,9,0,2,6,0,0,0,0,0,2,1,6,3,-1,-1,1686,2,5,-1,-1
2014471406366,1,19,0,18,0,0,0,0,0,0,0,1,6,3,-1,-1,-1,-1,-1,-1,-1
2014471406366,2,9,0,18,0,0,0,0,1,1,1,1,1,2,21,5,973,1,14,1,1
2014471406367,1,9,0,18,0,1,0,0,0,0,1,1,6,1,47,8,1798,1,9,3,1
2014471406367,2,9,0,10,0,8,0,0,0,0,2,1,2,2,19,4,1299,1,10,5,1
2014471406371,1,9,0,16,0,0,0,0,1,0,1,1,2,1,29,6,1199,1,11,6,1
2014471406373,1,9,0,7,0,1,0,0,0,0,4,1,2,1,35,6,1343,1,10,10,1
2014471406373,2,3,0,18,2,1,0,0,0,0,3,1,2,1,23,5,124,1,5,8,1
2014471406374,1,9,0,18,0,2,2,0,7,4,2,1,2,1,21,5,1796,1,6,4,1
2014471406374,2,9,0,18,0,1,0,0,0,0,1,1,1,1,44,7,1968,2,2,10,2
2014471406374,3,9,0,2,9,1,0,0,0,0,3,1,6,3,-1,-1,1997,2,12,-1,-1
2014471406374,4,9,0,18,0,1,1,0,0,0,1,1,2,1,56,9,-1,-1,-1,10,1
2014471406377,1,9,0,18,0,8,0,0,0,0,3,1,6,2,80,11,2401,2,10,5,1
2014471406377,2,9,0,18,0,8,0,0,0,0,1,1,6,2,70,10,1388,1,5,8,2
2014471406378,1,9,0,17,0,1,0,0,1,7,1,1,6,1,80,11,1598,1,5,6,2
2014471406379,1,2,0,18,0,2,0,10,1,11,4,1,6,1,16,4,50,1,-1,5,1
2014471406381,1,4,0,14,0,1,0,0,0,0,1,1,6,3,-1,-1,-1,-1,-1,-1,-1
2014471406381,2,3,0,14,0,1,1,0,0,0,1,1,6,1,20,4,124,1,6,5,1
2014471406381,3,9,0,4,0,1,0,0,0,0,1,1,6,1,34,6,2295,1,13,3,1
2014471406382,1,9,0,7,0,6,0,0,0,0,1,1,6,1,88,11,1590,1,10,8,1
2014471406382,2,9,0,18,0,1,0,0,1,11,4,1,6,1,48,8,1796,1,6,3,1
2014471406384,1,9,4,18,0,8,1,0,0,0,1,1,1,1,43,7,2402,2,4,6,3
2014471406384,2,9,0,18,0,8,0,0,0,0,2,1,6,2,49,8,1598,1,10,7,3
2014471406385,1,11,0,7,2,8,0,0,0,0,4,2,1,1,48,8,9360,2,1,6,1
2014471406386,1,9,0,9,0,1,0,0,0,0,3,1,6,2,39,7,998,1,15,6,1
2014471406386,2,3,0,18,0,1,0,0,0,0,4,1,6,1,38,7,124,1,5,7,1
2014471406387,1,9,0,18,0,0,0,0,8,4,1,1,1,1,18,4,1390,1,6,10,1
2014471406388,1,9,0,18,0,2,1,10,7,4,1,1,6,2,17,4,1198,1,6,-1,1
2014471406389,1,9,0,9,0,1,0,0,1,0,3,1,6,1,75,10,1587,1,11,6,1
2014471406389,2,9,0,18,0,1,0,0,0,0,1,1,6,1,24,5,1799,1,8,8,1
2014471406391,1,3,0,18,0,1,0,0,7,0,1,1,6,1,27,6,124,1,4,6,3
2014471406391,2,9,0,9,0,4,0,0,0,0,1,1,6,1,53,8,1596,1,11,1,1
2014471406392,1,9,0,5,0,2,0,0,0,0,3,1,6,2,23,5,1242,1,2,6,1
2014471406392,2,9,0,18,0,1,0,0,0,0,3,1,6,2,50,8,996,1,1,3,1
2014471406394,1,19,0,18,0,1,0,0,0,0,1,1,1,1,30,6,2402,2,10,6,1
2014471406394,2,19,0,18,0,1,0,0,0,0,0,1,1,1,22,5,2402,2,11,3,1
2014471406395,1,2,0,6,0,3,0,0,0,0,3,1,6,1,16,4,49,1,20,8,3
2014471406395,2,9,4,18,0,8,0,0,0,0,3,1,1,1,47,8,2993,2,-1,9,2
2014471406396,1,21,0,18,0,1,0,0,0,0,1,1,1,1,59,9,4580,2,3,9,1