Accident_Index,Vehicle_Reference,Vehicle_Type,Towing_and_Articulation,Vehicle_Manoeuvre,Vehicle_Location-Restricted_Lane,Junction_Location,Skidding_and_Overturning,Hit_Object_in_Carriageway,Vehicle_Leaving_Carriageway,Hit_Object_off_Carriageway,1st_Point_of_Impact,Was_Vehicle_Left_Hand_Drive?,Journey_Purpose_of_Driver,Sex_of_Driver,Age_of_Driver,Age_Band_of_Driver,Engine_Capacity_(CC),Propulsion_Code,Age_of_Vehicle,Driver_IMD_Decile,Driver_Home_Area_Type
2014471406940,2,9,0,2,0,0,0,0,0,0,0,1,6,1,-1,-1,1984,1,7,-1,-1
2014471406942,1,19,0,5,0,4,0,0,0,0,0,1,6,1,51,8,2198,2,6,10,1
2014471406942,2,9,0,5,0,4,0,0,0,0,1,1,6,2,29,6,1461,2,12,4,1
2014471406942,3,9,0,18,0,8,0,0,0,0,2,1,6,2,27,6,1596,1,8,6,1
2014471406943,1,21,1,18,0,0,0,0,0,0,0,1,1,1,40,7,7146,2,3,3,1
2014471406943,2,21,1,18,0,0,5,0,7,1,4,1,1,1,40,7,7146,2,4,3,1
2014471406944,1,5,0,18,0,1,0,0,0,0,4,1,6,1,25,5,645,1,2,6,1
2014471406945,1,9,0,7,0,6,0,0,0,0,1,1,6,2,84,11,1242,1,12,7,1
2014471406947,1,9,0,18,0,0,1,0,0,0,1,1,6,2,21,5,1299,1,12,7,1
2014471406947,2,19,0,4,0,0,0,0,0,0,2,1,6,1,59,9,1598,2,1,9,3
2014471406950,1,11,0,3,0,0,0,0,0,0,0,1,1,1,40,7,9000,2,5,6,1
2014471406952,1,9,0,7,0,3,0,0,0,0,1,1,2,2,23,5,-1,-1,-1,8,1
2014471406953,1,9,0,9,0,5,0,0,0,0,3,1,6,1,65,9,1329,1,-1,7,3
2014471406953,2,9,0,18,0,1,0,0,0,0,3,1,1,1,53,8,1997,2,4,8,1
2014471406954,1,9,0,9,0,8,0,0,0,0,3,1,6,1,50,8,1587,1,12,-1,-1
2014471406954,2,9,0,18,0,8,0,0,0,0,3,1,6,1,24,5,1796,1,12,6,1
2014471406954,3,9,0,8,0,6,0,0,0,0,3,1,6,1,40,7,2616,1,9,1,1
2014471406955,1,9,0,9,0,8,0,0,0,0,3,1,2,1,31,6,-1,-1,-1,6,1
2014471406956,1,9,0,9,9,1,0,0,0,0,1,1,6,1,22,5,1242,1,9,9,1
2014471406956,2,9,0,18,9,1,0,0,0,0,1,1,6,2,34,6,1968,2,7,10,1
2014471406958,1,9,0,18,0,1,0,0,3,11,1,1,6,1,69,10,1560,2,3,5,1
2014471406958,2,9,0,18,0,1,0,0,0,0,1,1,6,1,61,9,1364,1,8,3,1
2014471406961,1,9,0,18,0,8,0,0,0,0,1,1,6,2,19,4,1390,1,19,7,1
2014471406961,2,9,0,18,0,8,0,0,0,0,3,1,6,1,63,9,1598,1,6,9,1
2014471406962,1,9,0,18,0,1,0,0,0,0,1,1,6,2,56,9,1598,1,7,7,1
2014471406962,2,9,0,10,0,1,0,0,0,0,2,1,6,2,39,7,1796,1,11,3,1
2014471406963,1,9,0,18,0,1,1,0,0,0,1,1,2,2,43,7,1390,1,12,1,1
2014471406963,2,9,4,1,0,5,0,0,0,0,3,1,6,1,26,6,-1,-1,-1,7,3
2014471406964,1,19,0,18,0,0,5,0,1,11,4,1,1,1,33,6,1360,1,6,2,1
2014471406965,1,9,0,9,0,1,0,0,0,0,1,1,6,1,24,5,1598,1,7,5,1
2014471406965,2,8,0,18,0,2,0,0,0,0,1,1,6,1,36,7,1910,2,9,4,1
2014471406967,1,9,0,18,0,0,1,0,4,6,1,1,6,1,32,6,2231,2,7,6,1
2014471406970,1,9,0,17,0,0,1,0,7,11,4,1,6,1,29,6,1896,1,17,3,1
2014471406970,2,8,0,16,0,0,0,0,0,0,1,1,1,1,26,6,1896,2,4,2,1
2014471406974,1,9,0,18,0,6,0,0,3,0,1,1,6,2,89,11,998,1,6,4,1
2014471406974,2,9,0,18,0,1,0,0,0,0,1,1,2,2,38,7,1591,1,1,6,1
2014471406975,1,9,0,9,0,6,0,0,0,0,1,1,6,2,57,9,1299,1,11,8,1
2014471406976,1,9,0,18,0,6,0,0,0,0,1,1,6,1,25,5,2616,1,11,3,1
2014471406976,2,1,0,18,4,8,0,0,0,0,1,1,6,1,29,6,-1,-1,-1,2,1
2014471406977,1,9,0,1,0,8,0,0,0,0,2,1,6,3,-1,-1,-1,-1,-1,-1,-1
2014471406978,1,9,0,5,0,0,0,7,0,0,1,1,2,1,27,6,-1,-1,-1,6,3
2014471406978,2,9,0,18,0,0,0,0,0,0,1,1,6,1,74,10,1796,1,10,9,2
2014471406979,1,9,0,18,0,1,0,0,0,0,1,1,6,1,40,7,1796,1,14,2,2
2014471406979,2,9,0,3,0,1,0,0,0,0,2,1,6,2,37,7,1296,1,6,4,1
2014471406979,3,9,0,3,0,1,0,0,0,0,2,1,6,2,50,8,-1,-1,-1,3,1
2014471406980,1,9,0,5,0,0,0,0,0,0,1,1,6,1,19,4,1422,2,10,5,1
2014471406980,2,9,0,3,0,0,0,0,0,0,1,1,1,2,49,8,1910,2,6,2,1
2014471406981,1,9,0,18,0,2,0,0,0,0,1,1,1,1,55,8,998,1,1,3,1
2014471406983,1,9,0,5,0,4,0,0,0,0,1,1,1,2,22,5,1998,1,5,2,1
2014471406983,2,1,0,5,0,4,0,0,0,0,3,1,6,1,31,6,-1,-1,-1,8,1
2014471406985,1,9,0,18,0,0,0,0,0,0,1,1,6,1,17,4,1299,1,13,4,1
2014471406985,2,9,0,3,0,0,0,0,0,0,2,1,6,1,50,8,1598,1,15,3,1
2014471406986,1,9,0,16,0,0,1,0,4,0,1,1,6,2,28,6,1398,2,6,3,1
2014471406988,1,9,0,4,0,0,0,0,0,0,1,1,6,2,61,9,1368,1,4,9,1
2014471406988,2,21,0,2,0,0,0,0,0,0,0,1,1,1,-1,-1,-1,-1,-1,10,2
2014471406990,1,19,0,18,0,0,0,0,0,0,0,1,6,3,21,5,-1,-1,-1,-1,-1
2014471406990,2,5,0,18,0,0,1,0,0,0,1,1,6,1,53,8,1050,1,6,9,2
2014471406990,3,19,0,18,0,0,0,0,0,0,2,1,6,1,46,8,1560,2,3,8,1
2014471406992,1,9,0,5,9,0,0,0,0,0,1,1,6,1,20,4,-1,-1,-1,-1,-1
2014471406994,1,8,0,7,0,1,0,0,0,0,1,1,6,3,20,4,1995,2,8,-1,-1
2014471406995,1,9,0,4,0,0,1,0,0,0,1,1,2,1,24,5,1997,2,4,3,1
2014471406995,2,9,0,4,0,0,0,0,0,0,2,1,6,1,71,10,1910,2,9,4,1
2014471406995,3,9,0,4,0,0,0,0,0,0,2,1,2,1,36,7,1598,2,4,8,1
2014471406995,4,9,0,18,0,0,0,0,0,0,0,1,6,2,63,9,1364,1,4,9,2
2014471406999,1,9,0,18,0,1,0,0,0,0,1,1,2,1,34,6,1149,1,14,7,1
2014471407000,1,11,0,5,0,2,0,0,0,0,0,1,1,1,47,8,4760,2,2,2,1
2014471407002,1,11,0,5,0,1,0,0,1,0,0,1,1,1,36,7,9360,2,1,3,1
2014471407003,1,2,0,5,0,1,0,0,0,0,1,1,6,1,19,4,49,1,9,9,1
2014471407003,2,9,0,3,0,1,0,0,0,0,2,1,1,1,56,9,1896,2,12,10,2
2014471407004,1,9,0,18,0,6,0,0,0,0,1,1,6,2,61,9,1298,1,13,6,1
2014471407004,2,3,0,18,0,1,0,0,0,0,1,1,6,1,30,6,-1,-1,-1,4,1
2014471407006,1,9,0,16,0,0,2,0,0,0,1,1,6,2,36,7,2487,2,14,6,3
2014471407007,1,9,0,6,8,0,0,0,0,0,3,1,6,2,80,11,1600,1,2,9,3
2014471407007,2,9,0,18,0,0,0,0,0,0,1,1,1,1,34,6,1968,2,4,6,2
2014471407010,1,9,0,13,0,0,0,0,0,0,1,1,6,1,20,4,-1,-1,-1,10,1
2014471407010,2,9,0,18,0,0,0,0,0,0,1,1,6,2,22,5,1240,1,7,6,3
2014471407010,3,21,5,18,0,0,0,0,0,0,0,1,6,1,35,6,-1,-1,-1,-1,-1
2014471407012,1,9,0,5,0,0,0,0,0,0,4,1,6,2,20,4,1560,2,-1,6,1
2014471407013,1,9,0,18,0,4,1,10,1,2,1,1,1,1,32,6,1997,2,14,8,1
2014471407014,1,9,0,18,0,0,0,0,0,0,1,1,6,2,32,6,1198,1,-1,2,1
2014471407014,2,9,0,2,0,0,0,0,0,1,0,1,6,2,47,8,1396,1,11,6,1
2014471407015,1,9,0,18,0,0,5,0,0,0,0,1,6,1,18,4,1364,1,6,10,2
2014471407017,1,9,0,9,0,8,0,0,0,0,1,1,1,2,51,8,1997,2,1,10,2
2014471407017,2,4,0,18,0,8,0,0,0,0,1,1,1,1,37,7,125,1,2,5,1
2014471407018,1,5,0,18,0,0,1,0,0,0,0,1,6,1,32,6,1199,1,13,5,1
2014471407019,1,19,0,18,0,0,1,0,0,0,1,1,1,1,41,7,1995,2,1,5,1
2014471407019,2,9,0,2,0,0,0,0,1,0,2,1,6,2,30,6,1968,2,2,6,1
2014471407021,1,9,0,18,0,4,0,0,0,0,3,1,6,1,57,9,1995,2,5,7,1
2014471407021,2,1,0,18,0,8,0,0,0,0,1,1,2,1,18,4,-1,-1,-1,9,2
2014471407022,1,19,0,10,0,6,0,0,0,0,1,1,6,1,23,5,1896,2,9,2,1
2014471407022,2,9,0,10,0,5,0,0,0,0,3,1,6,2,39,7,1390,1,10,8,1
2014471407023,1,9,0,9,0,2,0,0,0,0,1,1,1,1,31,6,-1,-1,-1,4,1
2014471407023,2,9,0,18,0,1,0,4,0,0,3,1,6,1,33,6,1596,1,12,5,1
2014471407023,3,9,0,2,0,2,0,0,0,0,3,1,6,3,-1,-1,999,1,14,-1,-1
2014471407025,1,9,0,4,0,1,0,0,0,0,1,1,6,1,85,11,1388,1,9,5,1
2014471407025,2,9,0,3,0,1,0,0,0,0,2,1,6,1,75,10,2488,1,9,6,1
2014471407025,3,9,0,3,0,1,0,0,0,0,2,1,6,2,56,9,1339,1,5,9,3
2014471407026,1,9,0,9,0,8,0,0,0,0,1,1,6,2,67,10,1299,1,13,7,1
2014471407026,2,1,0,9,0,1,0,0,0,0,3,1,6,1,58,9,-1,-1,-1,3,1
2014471407027,1,9,0,18,0,0,0,0,2,4,1,1,6,1,42,7,3999,1,7,3,1
2014471407028,1,8,0,18,0,1,0,0,0,0,1,1,1,1,29,6,1896,2,8,4,1
2014471407029,1,9,0,16,0,0,1,0,8,11,1,1,6,1,26,6,2495,2,12,7,3
2014471407030,1,3,0,13,0,1,0,0,7,0,1,1,6,1,27,6,124,1,-1,-1,-1
2014471407030,2,9,0,9,0,8,0,0,0,0,3,1,6,2,44,7,1248,1,4,10,1
2014471407031,1,3,0,18,0,0,0,0,0,0,1,1,2,1,32,6,125,1,-1,-1,-1
2014471407031,2,9,0,9,0,0,0,0,0,0,3,1,1,2,26,6,-1,-1,-1,6,1
2014471407032,1,9,0,18,0,0,1,0,0,0,1,1,6,1,23,5,1596,1,-1,2,1
2014471407032,2,9,0,2,0,0,0,0,0,4,1,1,6,3,-1,-1,1986,2,9,-1,-1
2014471407033,1,9,0,18,0,0,5,0,0,0,1,1,6,1,25,5,1984,1,3,5,3
2014471407033,2,9,0,18,0,0,0,0,0,0,0,1,6,2,34,6,2720,2,4,5,3
2014471407037,1,9,0,18,0,0,0,10,7,2,4,1,6,1,70,10,1560,2,10,3,1
2014471407039,1,9,0,18,0,0,5,10,8,4,4,1,6,1,23,5,1149,1,5,5,1
2014471407040,1,9,0,18,0,0,0,10,7,1,1,1,6,2,18,4,1299,1,12,7,3
2014471407045,1,9,0,9,0,0,0,0,0,0,1,1,6,1,60,9,1598,1,4,10,1
2014471407045,2,9,0,18,0,0,0,0,1,2,3,1,6,1,20,4,1999,1,8,10,1
2014471407047,1,9,0,18,0,8,0,0,0,0,1,1,6,1,67,10,1560,2,6,3,1
2014471407050,1,19,0,18,0,0,0,0,0,0,1,1,1,1,40,7,1686,2,5,6,1
2014471407050,2,9,0,18,0,0,0,0,0,0,2,1,6,1,25,5,1390,1,12,4,1
2014471407055,1,9,0,13,0,0,0,0,0,0,3,1,2,1,26,6,-1,-1,-1,6,1
2014471407055,2,3,0,18,0,0,0,0,1,11,3,1,4,1,18,4,124,1,3,5,3
2014471407055,3,9,0,18,0,0,0,0,0,0,0,1,1,1,54,8,1390,1,13,5,3
2014471407056,1,9,0,16,0,0,1,0,1,0,1,1,6,1,23,5,1560,2,-1,9,1
2014471407056,2,9,0,18,0,0,0,0,0,0,1,1,6,2,49,8,1596,1,4,7,3
2014471407058,1,9,0,18,0,1,0,0,0,0,1,1,6,1,35,6,1000,1,14,5,1
2014471407059,1,9,0,18,0,1,0,0,0,0,1,1,6,2,44,7,1598,1,11,5,2
2014471407059,2,9,0,18,0,1,0,0,0,0,2,1,6,2,39,7,1598,1,7,2,1
2014471407062,1,9,0,4,0,0,0,0,0,0,1,1,6,1,36,7,-1,-1,-1,6,2
2014471407062,2,9,0,4,0,0,0,0,0,0,2,1,6,2,42,7,1995,2,-1,7,1
2014471407065,1,9,0,18,0,1,1,0,0,0,1,1,6,2,42,7,1527,2,18,9,2
2014471407065,2,8,0,9,0,1,0,0,0,0,2,1,1,1,53,8,2143,12,-1,7,3
2014471407066,1,1,0,18,0,1,0,0,0,0,0,1,6,1,46,8,-1,-1,-1,4,1
2014471407067,1,21,1,18,0,2,5,7,2,11,4,1,1,1,49,8,11967,2,2,3,1
2014471407070,1,9,0,10,0,4,0,0,0,0,3,1,1,1,50,8,1598,2,-1,3,1
2014471407070,2,1,0,18,0,8,0,0,0,0,1,1,2,1,42,7,-1,-1,-1,5,1
2014471407072,1,9,0,5,0,5,0,0,0,0,0,1,6,2,29,6,2500,1,17,6,1
2014471407072,2,1,0,15,0,1,0,0,0,0,4,1,6,1,29,6,-1,-1,-1,10,1
2014471407073,1,9,0,12,0,5,0,0,0,0,0,1,6,1,31,6,1400,1,14,3,1
2014471407073,2,9,0,18,0,2,0,0,0,0,1,1,6,1,21,5,1998,1,10,4,1
2014471407073,3,9,0,18,0,2,0,0,0,0,2,1,6,1,20,4,1198,1,2,7,1
2014471407074,1,9,0,18,0,8,0,0,0,0,1,1,6,1,60,9,1997,1,12,4,1
2014471407074,2,1,0,18,0,8,0,0,0,0,2,1,6,1,43,7,-1,-1,-1,6,1
2014471407075,1,9,0,16,0,1,1,0,1,0,1,1,6,1,23,5,1998,1,9,3,1
2014471407075,2,9,0,2,9,2,0,0,0,0,2,1,6,3,-1,-1,1299,1,9,-1,-1
2014471407076,1,9,0,18,0,8,0,0,0,0,3,1,6,2,50,8,1360,1,13,7,1
2014471407076,2,9,0,18,0,8,1,0,0,0,1,1,6,1,25,5,-1,-1,-1,7,1
2014471407078,1,9,0,18,0,6,0,7,0,10,4,1,2,2,38,7,2496,2,12,9,1
2014471407078,2,9,0,18,0,8,0,0,0,0,3,1,6,1,38,7,1598,1,14,8,1
2014471407079,1,19,0,18,0,1,0,0,0,0,1,1,1,1,50,8,2143,2,4,2,1
2014471407079,2,9,0,9,0,1,0,0,0,0,1,1,6,1,46,8,1910,2,8,10,1
2014471407081,1,9,0,18,0,0,1,0,0,0,1,1,6,2,52,8,1390,1,15,7,1
2014471407081,2,9,0,18,0,0,0,0,1,0,1,1,6,1,65,9,1798,1,6,8,1
2014471407087,1,4,0,13,0,2,0,4,0,0,1,1,6,1,43,7,498,1,11,4,1
2014471407087,2,9,0,2,0,1,0,0,0,0,2,2,6,3,-1,-1,-1,-1,-1,-1,-1
2014471407087,3,9,0,18,0,2,0,0,0,0,3,1,1,2,23,5,1360,1,13,4,1
2014471407089,1,9,0,9,0,6,0,0,0,0,1,1,2,1,25,5,1388,1,8,9,3
2014471407089,2,9,0,17,0,8,0,0,0,0,1,1,6,2,68,10,1199,1,10,7,3
2014471407090,1,9,0,18,0,1,0,0,0,0,4,1,6,1,62,9,2487,2,14,8,3
2014471407090,2,9,0,18,0,4,0,0,0,0,0,1,6,1,-1,-1,-1,-1,-1,-1,-1
2014471407093,1,9,0,9,0,1,0,0,0,0,4,1,6,1,67,10,1988,1,15,5,1
2014471407093,2,2,0,18,0,1,0,0,0,0,3,1,6,2,18,4,125,1,3,8,3
2014471407094,1,9,0,7,0,1,0,0,0,0,4,1,6,1,40,7,2179,2,2,-1,-1
2014471407094,2,1,0,18,4,1,0,0,0,0,1,1,6,2,20,4,-1,-1,-1,3,1
2014471407095,1,9,0,18,0,1,0,0,0,0,1,1,6,1,55,8,1986,2,7,9,3
2014471407095,2,9,0,7,0,1,0,0,0,0,2,1,6,2,51,8,1339,1,5,8,3
2014471407096,1,9,0,9,0,5,0,0,0,0,3,1,6,1,86,11,998,1,3,3,1
2014471407097,1,9,0,17,0,0,0,0,1,0,1,1,2,1,27,6,1598,1,4,8,1
2014471407097,2,19,0,16,0,0,0,0,0,0,1,1,2,1,51,8,2402,2,10,1,1
2014471407098,1,9,0,18,0,1,5,0,0,0,4,1,6,1,79,11,1388,1,12,6,1
2014471407098,2,9,0,2,0,1,0,0,0,0,3,1,6,3,-1,-1,1397,1,10,-1,-1
2014471407099,1,10,0,9,0,5,0,0,0,0,4,1,1,1,44,7,2198,2,-1,3,1
2014471407099,2,9,0,18,0,1,0,0,0,0,1,1,2,2,50,8,1596,1,4,10,1
2014471407100,1,19,0,5,0,8,0,0,0,0,4,1,6,1,-1,-1,2460,2,7,6,1
2014471407100,2,11,0,5,0,8,0,0,0,0,3,1,1,1,55,8,9000,2,5,8,1
2014471407103,1,5,0,15,0,0,1,0,0,0,3,1,1,1,27,6,487,1,8,10,1
2014471407103,2,9,0,4,0,0,0,0,0,0,0,1,6,3,30,6,-1,-1,-1,-1,-1
2014471407104,1,9,0,18,0,1,0,0,0,0,1,1,2,1,39,7,1360,1,12,5,1
2014471407106,1,9,0,18,0,2,5,0,1,0,1,1,6,1,18,4,998,1,9,9,1
2014471407106,2,9,0,18,0,2,0,0,0,0,0,1,6,3,-1,-1,-1,-1,-1,-1,-1
2014471407109,1,9,0,18,0,6,0,0,0,0,0,1,6,1,45,7,1686,2,10,6,1
2014471407109,2,5,0,8,0,6,0,0,0,0,0,1,6,1,59,9,998,1,12,9,1
2014471407111,1,9,0,18,0,0,5,0,1,10,1,1,6,2,21,5,875,1,1,4,1
2014471407112,1,11,0,18,0,4,0,0,0,0,1,1,1,1,47,8,9000,2,5,3,1
2014471407112,2,9,0,3,0,4,0,0,0,0,2,1,6,2,49,8,1364,1,5,1,1
2014471407114,1,9,0,16,0,0,0,0,0,0,1,1,6,2,59,9,1386,1,8,8,2
2014471407114,2,9,0,17,0,0,0,0,0,0,3,1,6,2,52,8,1598,2,1,7,3
2014471407114,3,9,0,17,0,0,0,0,0,0,3,1,6,2,17,4,1499,2,-1,10,1
2014471407116,1,9,0,18,0,8,0,0,0,0,1,1,6,2,55,8,1685,2,2,10,1
2014471407116,2,9,0,3,0,8,0,0,0,0,2,1,2,1,36,7,1896,2,11,3,1
2014471407116,3,9,0,3,0,8,0,0,0,0,2,1,6,1,26,6,1686,2,8,3,1
2014471407116,4,9,0,10,0,1,0,0,0,0,0,1,6,3,-1,-1,-1,-1,-1,-1,-1
2014471407117,1,9,0,18,0,1,1,0,0,0,1,1,6,1,73,10,1587,1,11,7,1
2014471407117,2,9,0,18,0,1,0,0,0,0,2,1,6,1,21,5,1248,2,8,6,3
2014471407117,3,8,0,10,0,1,0,0,0,0,2,1,1,1,30,6,1560,2,4,3,1
2014471407119,1,9,0,1,0,1,0,0,7,11,2,1,6,2,83,11,1796,1,8,8,1
2014471407119,2,9,0,18,0,1,0,0,0,0,1,1,6,2,55,8,1242,1,-1,9,2
2014471407121,1,3,0,14,0,1,0,0,0,0,1,1,6,1,17,4,124,1,5,4,1
2014471407121,2,9,0,10,0,2,0,0,0,0,1,1,2,1,32,6,1595,1,10,4,1
2014471407122,1,9,0,18,0,2,0,0,0,0,1,1,6,1,69,10,1198,1,2,9,3
2014471407122,2,19,0,2,0,2,0,0,0,0,2,1,6,3,-1,-1,2148,2,7,-1,-1
2014471407126,1,19,0,18,0,3,0,0,0,0,1,1,1,1,29,6,2143,2,1,7,1
2014471407126,2,19,0,18,0,3,0,0,0,0,2,1,1,1,43,7,1461,2,1,6,1
2014471407129,1,9,0,18,0,1,0,0,0,0,1,2,6,1,38,7,-1,-1,-1,-1,1
2014471407129,2,9,0,18,0,1,0,0,0,0,4,1,6,1,50,8,1796,1,9,8,1
2014471407130,1,9,0,1,0,0,0,0,1,11,2,1,6,2,32,6,1598,1,9,1,1
2014471407130,2,9,0,2,0,0,0,0,0,0,1,1,6,3,-1,-1,1951,2,12,-1,-1
2014471407130,3,9,0,2,0,0,0,0,0,0,2,1,6,3,-1,-1,1686,2,10,-1,-1
2014471407133,1,9,0,9,0,8,0,0,0,0,1,1,1,1,71,10,1896,2,4,2,1
2014471407133,2,1,0,18,0,8,0,0,0,0,1,1,6,1,19,4,-1,-1,-1,5,1
2014471407133,3,19,0,18,0,8,0,0,0,0,0,1,6,3,-1,-1,-1,-1,-1,-1,-1
2014471407135,1,9,0,18,0,1,0,0,0,0,1,1,6,1,17,4,1299,1,9,10,1
2014471407135,2,9,0,4,0,8,0,0,0,0,2,1,6,1,55,8,3596,1,12,7,3
2014471407138,1,4,0,18,0,8,1,0,0,0,1,1,6,1,53,8,599,1,12,5,1
2014471407138,2,19,0,9,0,8,0,0,0,0,3,1,2,1,29,6,2402,2,6,6,1
2014471407139,1,9,0,7,0,2,0,0,0,0,3,1,6,1,36,7,4966,1,14,3,1
2014471407139,2,1,0,18,0,1,0,0,0,0,1,1,6,1,28,6,-1,-1,-1,6,1
2014471407141,1,9,0,1,0,0,0,0,0,0,2,1,6,1,23,5,1598,2,4,10,1
2014471407143,1,9,0,18,0,0,0,0,0,0,3,1,6,1,32,6,973,1,11,4,1
2014471407146,1,9,0,2,0,2,0,0,0,0,3,1,6,1,37,7,2204,2,9,3,1
2014471407146,2,9,0,18,0,2,0,0,0,0,4,1,1,1,30,6,-1,-1,-1,6,1
2014471407147,1,9,0,6,0,1,0,4,7,11,1,1,6,1,26,6,1388,1,15,-1,-1
2014471407147,2,9,0,18,0,1,0,0,0,0,4,1,1,1,58,9,-1,-1,-1,6,1
2014471407147,3,9,0,2,0,2,0,0,0,0,2,1,6,3,-1,-1,1686,2,10,1,1
2014471407147,4,9,0,18,0,1,0,0,0,0,3,1,6,1,33,6,1388,1,12,1,1
2014471407147,5,19,0,2,0,1,0,0,0,0,3,1,6,1,49,8,1968,2,2,3,1
2014471407147,6,9,0,18,0,1,0,0,0,0,0,1,1,1,45,7,1753,2,4,1,1
2014471407152,1,9,0,18,0,6,0,0,0,0,1,1,6,1,19,4,996,1,1,5,1
2014471407152,2,9,0,18,0,1,0,0,0,0,3,1,6,1,51,8,1968,2,-1,5,3
2014471407153,1,11,0,4,0,1,0,0,0,0,0,1,1,1,40,7,-1,-1,-1,6,1
2014471407155,1,9,0,4,0,2,0,0,0,0,1,1,6,1,39,7,1896,2,11,6,1
2014471407155,2,9,0,4,0,2,0,0,0,0,2,1,6,2,23,5,1198,1,6,9,2
2014471407155,3,9,0,4,0,2,0,0,0,0,0,1,6,1,37,7,1598,1,-1,10,1
2014471407156,1,9,0,5,0,6,0,0,0,0,1,1,6,2,55,8,1769,1,10,3,1
2014471407156,2,9,0,18,0,8,0,0,0,0,3,1,1,1,60,9,1686,2,1,3,1
2014471407157,1,9,0,9,0,1,0,0,0,0,1,1,6,1,51,8,1997,1,17,5,1
2014471407157,2,9,0,18,0,1,0,0,0,0,1,1,6,1,64,9,1242,1,13,5,1
2014471407157,3,9,0,8,6,1,0,0,0,0,3,1,6,1,23,5,995,1,6,10,1
2014471407165,1,9,0,16,0,0,1,0,2,4,1,1,6,1,42,7,1997,1,14,7,1
2014471407167,1,1,0,18,0,7,0,0,0,0,1,1,6,1,83,11,-1,-1,-1,5,1
2014471407167,2,9,0,7,0,7,0,0,0,0,1,1,6,1,67,10,2179,2,2,8,1
2014471407168,1,9,0,2,0,2,0,0,0,0,2,1,6,1,45,7,1762,1,17,-1,1
2014471407168,2,1,0,18,0,2,0,0,0,0,1,1,2,1,48,8,-1,-1,-1,5,1
2014471407172,1,9,0,9,0,2,0,0,0,0,3,1,6,1,62,9,1910,2,8,9,2
2014471407172,2,3,0,18,0,1,0,0,0,0,1,1,6,1,26,6,124,1,29,9,2
2014471407173,1,9,0,18,0,1,0,10,4,1,3,1,6,2,21,5,1124,1,10,8,1
2014471407174,1,9,0,18,0,2,0,0,0,11,1,1,6,1,46,8,1794,1,12,3,1
2014471407175,1,9,0,16,0,0,0,0,0,0,1,1,6,2,60,9,1199,1,10,-1,-1
2014471407175,2,9,0,17,0,0,0,0,0,0,1,1,6,2,59,9,1199,1,11,5,1
2014471407175,3,9,0,17,0,0,0,0,0,0,1,1,6,1,45,7,-1,-1,-1,3,1
2014471407176,1,9,0,9,0,8,0,0,0,0,3,1,6,1,48,8,1997,2,14,9,1
2014471407176,2,9,0,18,0,1,1,0,0,0,1,1,6,1,30,6,1589,1,16,3,1
2014471407177,1,9,0,16,0,3,0,0,0,0,1,1,6,1,18,4,1364,1,9,7,1
2014471407177,2,9,0,17,0,1,0,0,0,0,1,1,6,2,29,6,1198,1,8,10,3
2014471407179,1,9,0,18,0,3,0,0,7,10,1,1,6,2,38,7,1368,1,7,4,1
2014471407179,2,9,0,18,0,1,0,0,0,0,3,1,6,2,27,6,1600,1,14,-1,1
2014471407180,1,9,0,17,0,2,1,0,7,9,1,1,6,2,37,7,1299,1,10,9,1
2014471407181,1,9,0,18,0,1,0,0,0,0,1,1,6,2,41,7,1689,2,12,5,1
2014471407183,1,9,0,9,0,6,0,0,0,0,1,1,3,2,24,5,1388,1,11,3,1
2014471407183,2,1,0,18,0,1,0,0,0,0,4,1,6,2,39,7,-1,-1,-1,6,2
2014471407183,3,9,0,18,0,1,0,0,0,0,0,1,6,1,30,6,-1,-1,-1,-1,-1
2014471407184,1,9,0,18,0,0,5,0,0,0,4,1,6,1,17,4,1124,1,14,-1,-1
2014471407184,2,9,0,18,0,0,0,0,0,0,4,1,6,2,58,9,-1,-1,-1,5,3
2014471407185,1,9,0,17,0,2,0,4,0,0,4,1,6,2,57,9,1388,1,11,8,1
2014471407185,2,9,0,2,0,1,0,0,0,0,3,1,6,3,-1,-1,1388,1,7,-1,-1
2014471407186,1,4,0,18,0,0,0,0,0,0,1,1,6,1,19,4,124,1,-1,8,2
2014471407187,1,9,0,18,0,0,0,0,4,6,1,1,2,1,54,8,1560,2,1,10,1
2014471407190,1,9,0,17,0,0,1,0,7,11,1,1,6,1,26,6,-1,-1,-1,8,3
2014471407190,2,1,0,18,0,0,0,0,1,0,1,1,6,1,65,9,-1,-1,-1,9,1
2014471407194,1,9,0,7,0,5,0,0,0,0,4,1,6,2,46,8,1193,1,1,2,1
2014471407194,2,5,0,15,0,8,0,0,0,0,1,1,6,1,53,8,599,1,7,6,1
2014471407196,1,9,0,9,0,6,0,0,1,0,3,1,6,2,75,10,1390,1,7,8,1
2014471407196,2,19,0,18,0,8,0,0,0,0,1,1,1,1,62,9,2148,2,7,7,3