Accident_Index,Vehicle_Reference,Vehicle_Type,Towing_and_Articulation,Vehicle_Manoeuvre,Vehicle_Location-Restricted_Lane,Junction_Location,Skidding_and_Overturning,Hit_Object_in_Carriageway,Vehicle_Leaving_Carriageway,Hit_Object_off_Carriageway,1st_Point_of_Impact,Was_Vehicle_Left_Hand_Drive?,Journey_Purpose_of_Driver,Sex_of_Driver,Age_of_Driver,Age_Band_of_Driver,Engine_Capacity_(CC),Propulsion_Code,Age_of_Vehicle,Driver_IMD_Decile,Driver_Home_Area_Type
2014471407197,1,9,0,9,0,2,0,0,0,0,1,1,6,1,35,6,2204,2,7,6,1
2014471407197,2,1,0,18,0,1,0,0,0,0,1,1,6,1,58,9,-1,-1,-1,6,1
2014471407200,1,9,0,9,0,3,0,0,0,0,1,1,6,2,35,6,1598,1,10,10,2
2014471407200,2,9,0,4,0,3,0,0,0,0,2,1,6,1,61,9,2967,2,2,10,1
2014471407200,3,5,0,9,0,4,0,10,1,0,0,1,6,1,71,10,650,1,-1,7,1
2014471407201,1,9,0,18,0,2,0,0,2,1,1,1,2,2,37,7,2148,2,11,1,1
2014471407201,2,22,0,5,0,8,0,0,0,0,3,1,6,1,79,11,-1,-1,-1,2,1
2014471407202,1,9,0,18,0,0,0,0,0,0,1,1,6,1,66,10,1590,1,16,10,1
2014471407202,2,20,0,18,0,0,0,0,0,0,1,1,2,1,28,6,-1,-1,-1,10,1
2014471407205,1,21,0,10,0,6,0,0,0,0,4,1,1,1,25,5,-1,-1,-1,-1,-1
2014471407205,2,9,0,18,0,2,1,0,1,0,4,1,6,2,25,5,1598,1,7,-1,1
2014471407207,1,9,0,12,0,6,0,0,0,0,2,1,6,2,61,9,1398,2,10,10,1
2014471407207,2,9,0,18,0,1,0,0,0,0,1,1,6,1,67,10,1896,2,13,8,1
2014471407208,1,9,0,18,0,0,0,0,0,0,0,1,6,1,35,6,1995,1,10,3,1
2014471407208,2,9,0,18,0,0,0,0,0,0,1,1,6,1,18,4,1242,1,5,9,1
2014471407208,3,9,0,18,0,0,0,0,0,0,1,1,6,1,26,6,1753,2,10,7,3
2014471407209,1,9,0,18,0,2,0,0,0,0,1,1,6,1,61,9,1242,1,10,7,1
2014471407210,1,9,0,18,0,1,0,4,0,0,1,1,2,1,19,4,1390,1,-1,4,1
2014471407210,2,9,0,4,0,1,0,0,0,0,2,1,1,1,52,8,1560,2,1,6,1
2014471407211,1,9,0,18,0,0,0,0,0,0,0,1,6,1,35,6,4799,1,6,9,1
2014471407211,2,9,0,18,0,0,0,0,0,0,0,1,6,1,28,6,1995,1,5,4,1
2014471407211,3,9,0,18,0,0,0,0,0,0,0,1,6,1,25,5,1992,2,8,7,1
2014471407212,1,9,0,18,0,8,1,0,7,1,3,1,6,1,23,5,1199,1,14,9,1
2014471407212,2,9,0,18,0,8,0,0,0,0,1,1,6,2,44,7,1968,2,6,10,1
2014471407214,1,19,0,18,0,1,0,0,0,0,1,1,1,1,45,7,2198,2,3,-1,-1
2014471407214,2,9,0,18,0,1,0,0,0,0,2,1,6,2,36,7,1686,2,-1,4,1
2014471407215,1,9,0,7,0,4,0,0,0,0,3,1,6,2,81,11,1339,1,11,7,1
2014471407215,2,1,0,18,0,8,0,0,0,0,1,1,6,1,35,6,-1,-1,-1,3,1
2014471407217,1,9,0,13,0,0,0,0,7,0,1,1,6,1,23,5,1388,1,3,7,1
2014471407217,2,9,0,18,0,0,5,0,1,0,3,1,6,1,83,11,1590,1,9,9,1
2014471407217,3,9,0,18,0,0,0,0,0,0,1,1,6,2,43,7,2696,2,7,7,3
2014471407219,1,9,0,9,0,6,0,0,0,0,1,1,6,1,90,11,1229,1,8,6,3
2014471407219,2,5,0,18,0,1,0,0,0,0,1,1,6,1,46,8,999,1,7,7,3
2014471407220,1,10,0,9,0,5,0,0,0,0,3,1,1,2,54,8,2148,2,6,1,1
2014471407220,2,19,0,18,0,1,0,0,0,0,0,1,1,1,48,8,2800,2,13,3,1
2014471407222,1,9,0,13,0,0,0,0,0,0,1,1,2,2,41,7,1124,1,7,8,3
2014471407222,2,9,0,18,0,0,2,0,7,0,3,2,1,2,50,8,-1,-1,-1,9,1
2014471407222,3,9,0,18,0,0,0,0,0,0,1,1,2,1,28,6,1769,2,18,5,1
2014471407224,1,9,0,18,0,0,2,0,7,9,1,1,6,2,52,8,2972,1,13,9,1
2014471407225,1,9,0,18,0,0,0,0,0,0,1,1,6,3,30,6,-1,-1,-1,-1,-1
2014471407227,1,9,0,16,0,0,5,0,7,0,3,1,2,1,22,5,-1,-1,-1,1,1
2014471407230,1,9,0,18,0,2,0,0,0,0,1,1,6,2,48,8,3498,1,2,8,1
2014471407230,2,9,0,18,0,1,0,0,0,0,1,1,6,1,23,5,1995,2,3,7,1
2014471407231,1,9,0,18,0,1,0,0,0,0,1,1,6,2,54,8,1242,1,14,1,1
2014471407231,2,9,0,10,0,1,0,0,0,0,2,1,3,2,45,7,1360,1,14,2,1
2014471407232,1,9,0,4,0,0,0,0,0,0,1,1,2,1,21,5,998,1,13,5,1
2014471407232,2,9,0,4,0,0,0,0,0,0,2,1,6,1,64,9,2179,2,-1,6,3
2014471407234,1,9,0,18,0,0,5,10,1,0,1,1,6,2,21,5,1124,1,10,5,3
2014471407236,1,9,0,4,0,0,1,0,0,0,1,1,6,1,23,5,1597,1,22,5,1
2014471407236,2,9,0,4,0,0,0,0,0,0,2,1,2,2,44,7,1560,2,4,6,1
2014471407236,3,9,0,4,0,0,0,0,1,7,1,1,2,1,57,9,1839,1,19,10,2
2014471407236,4,9,0,4,0,0,0,0,0,0,3,1,6,1,21,5,1461,2,-1,2,1
2014471407238,1,9,0,18,0,4,2,0,3,4,1,1,6,1,44,7,1598,1,11,3,1
2014471407240,1,9,0,9,0,1,0,0,0,0,3,1,1,1,48,8,1461,2,-1,5,2
2014471407240,2,3,0,13,0,1,0,0,0,0,1,1,6,1,19,4,124,1,4,4,1
2014471407241,1,9,0,3,0,2,0,0,0,0,2,1,6,1,66,10,1242,1,8,4,1
2014471407241,2,5,0,18,0,1,0,0,0,0,1,1,6,1,77,11,649,1,13,7,1
2014471407242,1,9,0,18,0,0,0,0,0,0,4,1,2,2,63,9,1995,2,3,10,1
2014471407249,1,9,0,5,0,6,0,0,0,11,2,1,6,1,44,7,1396,1,13,5,1
2014471407249,2,19,0,18,0,1,0,0,0,0,1,1,1,1,67,10,1998,2,13,4,1
2014471407251,1,10,0,14,0,0,1,0,0,0,1,1,1,1,57,9,2198,2,1,2,1
2014471407251,2,11,0,2,0,0,0,0,0,0,0,1,1,3,-1,-1,-1,-1,-1,-1,-1
2014471407252,1,9,0,18,0,4,0,0,0,0,1,1,6,2,29,6,1461,2,2,6,1
2014471407252,2,3,0,18,0,8,0,0,0,0,2,1,6,1,22,5,124,1,1,6,1
2014471407254,1,9,0,4,0,0,0,0,0,0,1,1,2,2,22,5,1388,1,12,8,1
2014471407254,2,9,0,4,0,0,0,0,0,0,2,1,6,2,19,4,1108,1,13,6,1
2014471407254,3,9,0,4,0,0,0,0,0,0,2,1,6,1,24,5,1895,1,13,7,1
2014471407256,1,9,0,3,0,1,0,0,0,0,1,1,6,2,22,5,998,1,4,4,1
2014471407256,2,9,0,3,0,1,0,0,0,0,2,1,6,1,66,10,1956,2,-1,6,3
2014471407256,3,9,0,9,0,1,0,0,0,0,0,1,6,1,30,6,-1,-1,-1,-1,-1
2014471407257,1,9,0,5,0,2,0,0,0,0,3,1,6,3,-1,-1,999,1,-1,-1,-1
2014471407258,1,9,0,7,0,6,0,0,0,0,1,1,6,2,44,7,1598,1,3,3,1
2014471407258,2,9,0,18,0,8,0,0,0,0,3,1,6,2,24,5,1242,1,1,4,1
2014471407259,1,9,0,9,0,8,0,0,0,0,1,1,6,2,57,9,1149,1,12,2,1
2014471407259,2,1,0,18,0,8,0,0,0,0,1,1,2,1,43,7,-1,-1,-1,9,1
2014471407260,1,9,0,18,0,6,0,0,0,0,1,1,2,1,33,6,-1,-1,-1,3,1
2014471407260,2,9,0,4,0,6,0,0,0,0,0,1,6,2,62,9,1998,1,7,3,1
2014471407260,3,9,0,4,0,6,0,0,0,0,0,1,6,3,-1,-1,-1,-1,-1,-1,-1
2014471407261,1,9,0,18,0,1,0,0,0,0,1,1,6,1,46,8,1984,1,3,9,1
2014471407261,2,1,0,3,0,1,0,0,0,0,2,1,6,2,41,7,-1,-1,-1,4,1
2014471407262,1,9,0,16,0,1,1,0,7,0,1,1,6,1,44,7,1299,1,12,8,3
2014471407262,2,9,0,10,0,1,0,0,0,0,1,1,6,1,21,5,-1,-1,-1,10,2
2014471407263,1,9,0,18,0,4,0,0,0,0,1,1,6,1,39,7,1389,1,15,3,1
2014471407263,2,8,0,9,0,8,0,0,0,0,4,1,1,1,41,7,1999,1,11,3,1
2014471407264,1,9,0,10,0,6,0,0,0,0,1,1,6,1,31,6,1598,1,6,4,1
2014471407264,2,9,0,18,0,8,0,0,0,0,1,1,6,1,25,5,2000,2,8,10,1
2014471407265,1,9,0,18,0,0,1,0,0,0,3,1,6,1,21,5,-1,-1,-1,7,3
2014471407265,2,9,0,18,0,0,0,0,0,0,3,1,6,1,48,8,1242,1,-1,7,3
2014471407266,1,9,0,5,9,0,0,0,7,0,1,1,6,1,52,8,1586,1,12,2,1
2014471407268,1,9,0,3,0,8,0,0,0,0,4,1,6,2,30,6,1896,2,9,7,1
2014471407268,2,5,0,3,0,1,0,10,0,0,3,1,6,1,75,10,885,1,20,10,2
2014471407269,1,9,0,4,0,4,0,0,0,0,1,1,6,3,-1,-1,-1,-1,-1,-1,-1
2014471407269,2,9,0,3,0,4,0,0,0,0,2,1,2,2,28,6,2295,1,13,9,1
2014471407272,1,9,0,18,0,4,0,0,0,0,3,1,6,2,24,5,-1,-1,-1,5,1
2014471407272,2,9,0,18,0,3,0,0,0,0,1,1,6,2,43,7,1988,1,15,7,1
2014471407275,1,9,0,18,0,0,1,0,2,10,3,1,6,2,17,4,1390,1,17,9,3
2014471407275,2,19,0,18,0,0,0,0,0,0,1,1,1,1,48,8,1996,2,3,7,3
2014471407277,1,9,0,9,0,6,0,0,0,0,1,1,2,1,23,5,1242,1,13,8,3
2014471407277,2,9,0,18,0,1,0,0,7,9,1,1,6,2,27,6,-1,-1,-1,10,1
2014471407280,1,19,0,18,0,1,0,0,0,0,4,1,6,1,31,6,2151,2,12,5,1
2014471407280,2,9,0,5,0,6,0,0,0,0,1,1,1,1,37,7,1582,2,-1,5,1
2014471407281,1,9,0,18,0,7,0,0,0,0,1,1,6,2,30,6,-1,-1,-1,6,1
2014471407281,2,2,0,18,0,8,0,0,0,0,4,1,2,1,33,6,49,1,2,4,1
2014471407283,1,5,0,18,0,2,0,0,0,0,1,1,2,1,43,7,649,1,1,7,1
2014471407284,1,9,5,18,0,0,0,0,0,0,3,1,6,1,77,11,1299,1,12,7,1
2014471407284,2,20,0,4,0,0,0,0,0,0,3,1,1,1,47,8,-1,-1,-1,2,1
2014471407285,1,9,0,18,0,1,0,0,0,3,1,1,6,1,27,6,1968,2,10,3,1
2014471407285,2,9,0,9,0,1,0,0,7,3,3,1,2,1,49,8,1332,1,16,8,3
2014471407286,1,9,0,9,0,8,0,0,0,0,1,1,6,2,22,5,1388,1,7,6,1
2014471407286,2,3,0,18,0,8,0,0,0,0,1,1,6,1,17,4,-1,-1,-1,9,1
2014471407288,1,9,0,18,0,8,0,0,0,0,1,1,6,2,59,9,1248,1,3,3,1
2014471407288,2,9,0,18,0,8,0,0,0,0,3,1,2,1,28,6,-1,-1,-1,3,1
2014471407289,1,9,0,4,0,4,1,0,1,1,1,1,6,1,27,6,1796,1,12,9,1
2014471407290,1,9,0,18,0,4,0,0,0,0,3,1,6,2,55,8,1968,2,-1,4,1
2014471407290,2,9,0,9,0,8,0,0,0,0,4,1,6,2,60,9,1596,1,4,7,1
2014471407290,3,9,0,3,0,1,0,0,0,0,3,1,6,1,53,8,1329,1,2,7,1
2014471407290,4,9,0,3,0,1,0,0,0,0,1,1,6,2,73,10,1997,2,11,6,2
2014471407297,1,19,0,7,0,8,0,0,0,0,1,1,6,3,-1,-1,-1,-1,-1,-1,-1
2014471407297,2,1,0,18,0,2,0,0,0,0,4,1,6,1,21,5,-1,-1,-1,5,1
2014471407298,1,9,0,18,0,0,2,0,1,10,3,1,6,2,21,5,1299,1,15,7,1
2014471407298,2,19,0,18,0,0,0,0,0,0,3,1,1,1,54,8,2298,2,1,3,1
2014471407299,1,9,0,12,0,2,0,0,0,0,3,1,6,2,73,10,1560,2,4,7,1
2014471407299,2,90,0,18,0,2,0,0,0,0,1,1,1,2,42,7,2987,2,1,5,1
2014471407306,1,9,0,17,0,0,2,0,2,4,1,1,2,2,22,5,1560,2,2,4,1
2014471407307,1,9,0,16,0,0,0,0,7,11,1,1,6,1,55,8,1761,1,14,8,2
2014471407310,1,9,0,9,0,6,0,0,0,0,1,1,6,1,40,7,1360,1,8,6,1
2014471407312,1,9,0,18,0,1,0,0,0,0,1,1,6,2,30,6,1242,1,1,9,1
2014471407312,2,5,0,8,0,1,0,0,0,0,2,1,6,1,43,7,1200,1,16,4,1
2014471407313,1,20,0,18,0,1,0,0,0,0,4,1,6,1,32,6,2402,2,10,-1,-1
2014471407314,1,9,0,7,0,1,0,0,0,0,3,1,1,1,35,6,1797,8,4,3,1
2014471407315,1,21,1,17,0,0,0,0,7,4,1,1,1,1,56,9,12777,2,-1,5,1
2014471407319,1,9,0,11,0,0,0,0,0,0,1,1,6,2,70,10,1997,2,7,3,1
2014471407319,2,9,0,18,0,0,1,0,2,7,3,1,6,1,60,9,954,1,19,10,1
2014471407320,1,19,0,9,0,3,0,0,0,0,1,1,1,1,43,7,1364,7,9,1,1
2014471407321,1,9,0,18,0,0,0,0,0,0,1,1,2,1,64,9,1389,1,13,10,1
2014471407321,2,1,0,18,0,0,0,0,1,0,2,1,2,1,44,7,-1,-1,-1,10,1
2014471407322,1,9,0,9,0,8,0,0,0,0,1,1,6,2,29,6,1560,2,4,8,1
2014471407323,1,17,0,16,0,2,0,0,0,0,1,1,1,1,24,5,6600,2,3,9,2
2014471407323,2,19,0,17,0,1,0,0,0,0,3,1,1,1,36,7,1753,2,6,5,1
2014471407326,1,9,0,5,0,4,0,0,0,0,1,1,6,1,20,4,1388,1,8,9,1
2014471407326,2,9,0,17,0,8,1,0,1,0,4,1,6,2,42,7,-1,-1,-1,5,1
2014471407327,1,9,0,3,0,1,0,0,0,0,1,1,6,1,35,6,-1,-1,-1,-1,-1
2014471407327,2,9,0,18,0,1,0,0,0,0,0,1,2,2,39,7,1910,2,8,8,1
2014471407328,1,9,0,9,0,8,0,0,0,0,1,1,6,2,85,11,1299,1,15,6,1
2014471407328,2,5,0,18,0,8,0,0,0,0,1,1,6,1,43,7,1170,1,7,2,1
2014471407329,1,1,0,18,4,1,0,0,0,0,1,1,6,1,37,7,-1,-1,-1,7,3
2014471407329,2,8,0,4,0,1,0,0,0,0,1,1,6,1,37,7,1999,1,9,2,1
2014471407330,1,11,0,18,0,1,0,0,0,0,0,1,6,1,33,6,6871,2,15,3,1
2014471407331,1,9,0,5,0,3,0,0,0,0,1,1,6,2,78,11,1598,1,-1,9,1
2014471407331,2,19,0,18,0,3,0,0,0,0,4,1,1,1,36,7,2402,2,3,3,1
2014471407334,1,9,0,9,0,1,0,0,0,0,4,1,6,1,51,8,998,1,14,9,2
2014471407334,2,9,0,18,0,1,0,0,0,0,1,1,6,1,39,7,1956,2,1,10,1
2014471407336,1,9,0,17,0,2,0,0,0,0,1,1,6,1,71,10,1364,1,7,7,3
2014471407336,2,11,0,16,0,1,0,0,0,0,1,1,1,2,42,7,3900,2,11,8,2
2014471407338,1,9,0,1,0,0,0,0,0,0,2,1,6,2,82,11,1275,1,21,7,1
2014471407341,1,9,0,12,0,0,1,0,2,7,3,1,6,1,18,4,1149,1,15,9,1
2014471407341,2,9,0,18,0,0,0,0,0,0,4,1,6,1,39,7,1240,1,10,7,1
2014471407341,3,9,0,12,0,0,0,0,0,0,0,1,6,1,30,6,-1,-1,-1,-1,-1
2014471407342,1,9,0,9,0,6,0,0,0,0,1,1,6,2,50,8,998,1,1,3,2
2014471407342,2,9,0,18,0,8,0,0,0,0,1,1,6,1,42,7,1998,1,11,3,1
2014471407344,1,9,0,3,0,1,0,0,0,0,1,1,6,2,69,10,1589,1,17,4,1
2014471407344,2,1,0,4,0,1,0,0,0,0,1,1,6,2,30,6,-1,-1,-1,6,1
2014471407345,1,9,0,7,2,1,1,0,0,0,4,1,6,1,24,5,1242,1,6,6,1
2014471407345,2,8,0,18,2,1,0,0,0,0,3,1,1,1,23,5,1968,2,7,1,1
2014471407350,1,9,0,18,0,4,0,0,0,0,1,1,6,2,55,8,1984,1,13,5,1
2014471407350,2,1,0,18,0,8,0,0,0,0,4,1,2,1,34,6,-1,-1,-1,1,1
2014471407352,1,9,0,5,0,4,0,0,0,0,1,1,6,1,25,5,1998,1,8,3,1
2014471407352,2,9,0,3,0,4,0,0,0,0,2,1,6,2,39,7,1598,1,5,-1,1
2014471407353,1,11,0,2,0,1,0,0,0,0,0,1,1,1,31,6,3900,2,10,8,1
2014471407355,1,11,0,5,0,0,0,0,0,0,0,1,1,1,47,8,9000,2,8,7,1
2014471407356,1,9,0,3,0,1,0,0,0,0,1,1,6,1,41,7,-1,-1,-1,4,1
2014471407356,2,9,0,3,0,1,0,0,0,0,2,1,6,2,32,6,1149,1,11,1,1
2014471407361,1,9,0,18,0,4,0,0,0,0,3,1,6,1,30,6,1398,1,11,4,1
2014471407361,2,1,0,18,0,4,0,0,0,0,4,1,6,2,31,6,-1,-1,-1,5,1
2014471407363,1,19,0,17,0,0,5,0,0,0,1,1,6,1,17,4,1995,2,2,7,3
2014471407363,2,9,0,16,0,0,0,0,1,0,1,1,6,2,67,10,1598,1,4,9,3
2014471407364,1,19,0,4,0,1,0,0,0,0,1,1,6,1,53,8,5880,2,8,8,1
2014471407364,2,9,0,3,0,1,0,0,0,0,2,1,6,2,47,8,-1,-1,-1,3,1
2014471407365,1,19,0,7,0,8,0,10,3,1,1,1,1,1,20,4,1461,2,2,5,1
2014471407365,2,9,0,10,0,8,0,0,0,0,4,1,6,2,39,7,1968,2,7,8,1
2014471407367,1,9,0,5,0,0,0,0,0,0,1,1,6,1,76,11,1364,1,7,6,3
2014471407367,2,1,0,18,0,0,0,0,0,0,1,1,6,2,62,9,-1,-1,-1,10,1
2014471407368,1,9,0,4,0,4,0,0,0,0,2,1,1,1,50,8,1598,2,2,7,1
2014471407368,2,9,0,4,0,4,0,0,0,0,1,1,6,2,55,8,1596,1,11,-1,-1
2014471407369,1,9,0,18,0,0,0,0,0,0,3,1,6,2,67,10,1560,2,9,6,3
2014471407369,2,9,0,18,0,0,0,0,0,0,3,1,6,2,32,6,1598,1,2,6,1
2014471407370,1,9,0,17,0,0,1,0,1,11,1,1,2,1,22,5,1242,1,10,10,1
2014471407371,1,9,0,9,0,2,0,0,0,0,3,1,6,2,39,7,1199,1,10,3,1
2014471407371,2,3,0,18,0,1,0,0,0,0,1,1,6,1,35,6,124,1,8,8,1
2014471407372,1,9,0,4,0,1,5,0,0,0,1,1,6,2,66,10,1991,2,3,9,1
2014471407372,2,9,0,2,0,1,0,0,0,0,2,1,6,3,-1,-1,1149,1,6,-1,-1
2014471407373,1,9,0,13,0,1,0,0,0,0,1,1,6,1,69,10,1560,2,2,9,3
2014471407373,2,11,0,9,0,8,0,0,3,9,3,1,1,1,44,7,5883,2,13,6,1
2014471407374,1,9,0,17,0,0,0,0,2,4,1,1,6,1,26,6,1598,1,2,9,3
2014471407376,1,9,0,4,0,0,1,0,0,0,1,1,6,2,24,5,1229,1,1,1,1
2014471407376,2,9,0,4,0,0,0,0,0,0,2,1,6,2,51,8,1598,1,3,5,1
2014471407380,1,9,0,18,0,0,0,0,0,0,1,1,2,2,23,5,1870,2,9,1,1
2014471407380,2,19,0,2,0,0,0,0,1,0,2,1,6,1,24,5,1868,2,9,2,1
2014471407382,1,9,0,17,0,0,1,0,1,9,4,1,2,1,19,4,998,1,7,2,1
2014471407383,1,9,0,11,0,0,0,0,0,0,1,1,6,1,53,8,1796,1,9,5,1
2014471407383,2,9,0,3,0,0,0,0,0,0,2,1,6,2,73,10,1299,1,12,4,1
2014471407383,3,9,0,3,0,0,0,0,0,0,2,1,6,1,29,6,1248,1,5,3,1
2014471407383,4,9,0,3,0,0,0,0,0,0,2,1,6,2,50,8,1796,1,9,7,1
2014471407386,1,9,0,9,0,5,0,0,0,0,1,1,6,2,50,8,1896,2,6,9,1
2014471407386,2,9,0,17,0,8,0,0,0,0,3,1,6,2,48,8,1368,1,7,5,1
2014471407387,1,9,0,18,0,1,0,0,0,0,3,1,6,2,40,7,1995,2,9,5,1
2014471407387,2,11,0,18,0,2,0,0,0,0,3,1,1,1,63,9,9000,2,5,8,1
2014471407388,1,19,0,9,0,0,0,0,0,0,1,1,2,1,30,6,1896,2,9,6,1
2014471407388,2,1,0,9,0,0,0,0,0,0,2,1,6,1,13,3,-1,-1,-1,6,1
2014471407389,1,9,0,16,0,0,1,0,0,0,1,1,6,1,30,6,1468,1,3,8,3
2014471407389,2,9,0,18,0,0,1,0,1,9,2,1,6,1,26,6,1679,1,16,3,1
2014471407390,1,9,0,15,0,8,0,0,0,0,0,1,6,1,45,7,-1,-1,-1,-1,-1
2014471407390,2,1,0,16,0,8,0,0,0,0,2,1,6,1,40,7,-1,-1,-1,4,1
2014471407395,1,9,0,18,0,0,0,0,0,0,4,1,6,2,25,5,-1,-1,-1,-1,-1
2014471407397,1,9,0,5,0,6,0,0,0,0,3,1,6,2,49,8,1388,1,12,10,3
2014471407397,2,3,0,18,0,1,1,0,0,0,3,1,2,1,22,5,124,1,-1,8,2
2014471407398,1,9,0,18,0,2,0,0,0,0,1,1,6,2,64,9,1399,2,7,7,1
2014471407399,1,9,0,5,0,2,0,0,0,0,1,1,6,1,63,9,2720,2,9,8,3
2014471407401,1,9,0,16,0,0,0,0,7,11,1,1,1,2,23,5,1339,1,9,6,1
2014471407402,1,4,0,18,0,0,1,0,0,0,1,1,6,1,17,4,125,1,2,3,1
2014471407402,2,9,0,18,0,0,0,0,0,0,2,1,6,2,52,8,1598,1,-1,7,1
2014471407403,1,2,0,4,0,1,1,0,0,0,0,1,1,1,30,6,125,1,2,3,1
2014471407403,2,9,0,4,0,1,0,0,0,0,0,1,6,1,30,6,-1,-1,-1,-1,-1
2014471407405,1,9,0,18,0,0,0,0,0,0,1,1,6,1,33,6,1896,2,6,5,2
2014471407405,2,9,0,2,0,0,0,0,1,0,2,1,6,3,-1,-1,998,1,3,-1,-1
2014471407405,3,9,0,2,0,0,0,0,0,0,2,1,6,3,-1,-1,1798,1,7,-1,-1
2014471407405,4,9,0,2,0,0,0,0,0,0,1,1,6,3,-1,-1,1968,2,7,-1,-1
2014471407409,1,9,0,18,0,1,0,0,0,0,3,1,6,1,20,4,1149,1,12,6,3
2014471407416,1,9,0,4,0,0,0,0,0,0,1,1,6,2,62,9,1796,1,1,1,1
2014471407419,1,9,0,18,0,1,0,0,0,0,0,1,6,1,54,8,1968,2,3,6,1
2014471407419,2,1,0,18,0,1,0,0,1,0,0,1,4,1,10,2,-1,-1,-1,2,1
2014471407420,1,9,0,18,0,0,0,0,0,0,1,1,6,2,31,6,1199,1,12,7,1
2014471407420,2,9,0,3,0,0,0,0,0,0,2,1,6,1,50,8,2000,1,7,6,1
2014471407420,3,9,0,3,0,0,0,0,0,0,2,1,6,2,22,5,1360,1,8,2,1
2014471407421,1,9,0,5,0,1,0,0,0,0,0,1,6,2,47,8,998,1,1,4,1
2014471407421,2,9,0,2,0,1,0,0,0,0,0,1,6,1,19,4,1753,2,7,2,1
2014471407422,1,1,0,18,9,1,0,0,0,0,1,1,6,1,18,4,-1,-1,-1,7,1
2014471407422,2,9,0,7,9,8,0,0,0,0,4,1,6,1,28,6,1968,2,-1,2,1
2014471407427,1,20,0,16,0,0,1,10,0,0,1,1,6,1,36,7,-1,-1,-1,5,1
2014471407427,2,9,0,17,0,0,0,10,0,0,1,1,6,1,19,4,1149,1,12,4,1
2014471407428,1,9,0,2,0,0,0,0,0,0,3,1,6,1,68,10,1686,2,-1,4,1
2014471407428,2,5,0,18,0,0,1,8,0,0,1,1,6,1,51,8,798,1,2,3,1
2014471407431,1,19,0,18,0,0,0,0,0,0,1,1,6,3,-1,-1,1968,2,-1,-1,-1
2014471407431,2,9,0,2,0,0,0,0,0,0,2,1,6,3,-1,-1,2400,2,3,-1,-1
2014471407433,1,20,0,9,0,8,0,0,0,0,3,1,6,1,32,6,-1,-1,-1,3,1
2014471407433,2,1,0,10,0,8,0,0,0,0,1,1,6,2,59,9,-1,-1,-1,6,1
2014471407437,1,9,0,18,0,0,0,0,0,0,3,1,6,1,81,11,999,1,4,9,1
2014471407437,2,9,0,18,0,0,0,0,1,0,3,1,6,2,74,10,1339,1,5,6,3
2014471407439,1,19,0,18,0,0,0,0,0,0,1,1,6,1,50,8,1968,2,4,9,1
2014471407439,2,9,0,18,0,0,0,0,0,0,2,1,2,1,32,6,2435,1,15,10,2
2014471407439,3,9,0,18,0,0,0,0,0,0,2,1,6,2,54,8,1984,2,3,9,1
2014471407440,1,3,0,12,0,0,0,0,0,0,3,1,6,1,23,5,125,1,1,5,3
2014471407440,2,9,0,18,0,0,0,0,0,0,4,1,6,1,33,6,1596,1,9,8,3
2014471407442,1,9,0,18,0,1,0,4,0,0,4,1,6,2,81,11,1348,1,13,7,1
2014471407442,2,9,0,2,0,1,0,0,0,0,4,1,6,3,-1,-1,2231,2,2,-1,-1
2014471407443,1,9,0,18,0,1,0,0,0,0,4,1,6,2,35,6,2495,2,13,4,2
2014471407443,2,9,0,2,0,1,0,0,0,0,3,1,6,2,45,7,1364,1,6,6,1
2014471407444,1,9,0,18,0,0,1,0,0,0,1,1,6,1,24,5,1396,1,13,5,1
2014471407444,2,9,0,18,0,0,0,0,0,0,2,1,1,1,42,7,5462,1,7,8,1
2014471407445,1,9,0,18,0,0,1,0,0,0,1,1,6,2,18,4,1242,1,11,-1,-1
2014471407445,2,9,0,3,0,0,0,0,0,0,2,1,6,1,56,9,1198,1,3,7,1
2014471407447,1,9,0,5,0,2,0,0,0,0,4,1,6,2,19,4,1390,1,17,3,1
2014471407448,1,9,0,16,0,0,2,0,8,4,1,1,6,1,20,4,2494,1,14,10,1
2014471407450,1,9,0,17,0,0,1,0,0,0,4,1,2,1,23,5,1242,1,12,7,1
2014471407450,2,9,0,16,0,0,0,0,0,0,1,1,6,2,22,5,1598,1,-1,8,1
2014471407453,1,19,0,7,0,6,0,0,0,0,3,2,1,1,21,5,-1,-1,-1,-1,-1
2014471407453,2,9,0,18,0,8,0,0,0,0,1,1,6,2,30,6,1461,2,1,6,3
2014471407454,1,9,0,18,0,8,0,0,0,0,4,2,6,2,70,10,-1,-1,-1,8,1
2014471407454,2,4,0,5,0,3,0,0,0,0,4,1,6,1,31,6,124,1,2,3,1
2014471407461,1,9,0,4,0,0,0,0,0,0,1,1,6,2,20,4,875,1,1,8,1
2014471407461,2,19,0,4,0,0,0,0,0,0,2,1,1,1,50,8,-1,-1,-1,6,3
2014471407462,1,9,0,9,0,8,0,0,0,0,4,1,6,1,60,9,1796,1,11,6,1