Accident_Index,Vehicle_Reference,Vehicle_Type,Towing_and_Articulation,Vehicle_Manoeuvre,Vehicle_Location-Restricted_Lane,Junction_Location,Skidding_and_Overturning,Hit_Object_in_Carriageway,Vehicle_Leaving_Carriageway,Hit_Object_off_Carriageway,1st_Point_of_Impact,Was_Vehicle_Left_Hand_Drive?,Journey_Purpose_of_Driver,Sex_of_Driver,Age_of_Driver,Age_Band_of_Driver,Engine_Capacity_(CC),Propulsion_Code,Age_of_Vehicle,Driver_IMD_Decile,Driver_Home_Area_Type
2014471500758,2,9,0,2,0,0,0,8,0,0,4,1,1,1,41,7,1997,2,7,8,1
2014471501421,1,9,0,18,0,2,0,0,0,0,1,1,6,1,26,6,1796,1,11,7,1
2014471501421,2,9,0,7,0,2,0,0,0,0,2,1,6,1,41,7,1598,1,7,6,1
2014471501556,1,8,0,9,0,1,0,0,0,0,2,1,6,1,51,8,1798,8,2,4,1
201450AC2B001,1,9,0,18,0,0,0,0,0,0,1,1,6,1,27,6,1998,1,14,1,1
201450AC2B001,2,9,0,3,0,0,0,0,0,0,2,1,1,2,32,6,1998,2,14,3,1
201450AC2B003,1,19,0,18,0,0,0,4,0,0,1,1,1,1,47,8,1870,2,9,5,1
201450AC2B003,2,9,0,2,0,0,0,0,0,0,3,1,1,2,67,10,-1,-1,-1,3,1
201450AC2B005,1,9,0,18,0,0,0,0,0,0,0,1,6,3,-1,-1,-1,-1,-1,-1,-1
201450AC2B005,2,9,0,18,0,0,0,0,0,0,1,1,6,1,16,4,-1,-1,-1,1,1
201450AC2B005,3,9,0,18,0,0,0,0,0,0,1,1,6,1,-1,-1,1796,1,25,-1,-1
201450AC2B006,1,9,0,16,0,0,0,10,1,0,1,1,6,3,-1,-1,-1,-1,-1,-1,-1
201450AC2B007,1,9,0,9,0,8,0,0,0,0,1,1,6,2,70,10,1242,1,11,2,3
201450AC2B007,2,3,0,18,0,8,0,0,0,0,1,1,6,1,21,5,124,1,8,4,3
201450AC2B007,3,9,0,18,0,1,0,0,0,0,4,1,6,1,32,6,-1,-1,-1,4,3
201450AC2C001,1,9,0,18,0,1,0,0,0,0,1,1,6,2,28,6,1388,1,3,2,1
201450AC2C001,2,9,0,7,0,1,0,0,0,0,2,1,6,1,37,7,1796,1,12,2,1
201450AC2C003,1,9,0,18,0,8,0,0,0,0,1,1,6,2,46,8,1596,1,3,4,1
201450AC2C003,2,1,0,18,0,8,0,0,0,0,1,1,6,2,9,2,-1,-1,-1,2,1
201450AC2C005,1,9,0,18,0,0,0,0,0,0,1,1,6,1,41,7,1998,2,11,4,1
201450AC2C005,2,9,0,2,0,0,0,0,0,0,2,1,6,1,-1,-1,1762,1,19,4,1
201450AC2C005,3,9,0,2,0,0,0,0,0,0,3,1,6,1,-1,-1,2979,1,14,3,1
201450AC2C006,1,9,0,18,0,0,0,4,0,0,1,1,6,1,25,5,1870,2,11,2,1
201450AC2C006,2,9,0,2,0,0,0,0,0,0,1,1,6,1,41,7,-1,-1,-1,2,1
201450AC2C007,1,9,0,10,0,8,0,0,0,0,1,1,6,2,20,4,1896,2,10,4,3
201450AC2C007,2,9,0,5,0,8,0,0,0,0,4,1,6,2,34,6,-1,-1,-1,4,3
201450AC2C010,1,9,0,17,0,0,1,0,0,0,1,1,6,2,26,6,1598,1,13,5,1
201450AC2C010,2,9,0,16,0,0,0,0,0,0,1,1,6,1,71,10,1598,1,12,4,1
201450AC2C012,1,9,0,9,0,5,0,0,0,0,4,1,6,1,30,6,998,1,3,2,2
201450AC2C012,2,9,0,18,0,8,1,0,0,0,4,1,6,1,22,5,1998,1,23,2,1
201450AC2C014,1,90,0,16,0,2,5,0,0,0,0,1,6,1,28,6,250,1,1,2,1
201450AC2C015,1,9,0,9,0,8,0,0,0,0,3,1,6,2,80,11,1149,1,11,3,1
201450AC2C015,2,9,0,18,0,8,1,0,0,0,1,1,2,2,54,8,1781,1,18,5,1
201450AC2C018,1,1,0,9,0,8,0,0,0,0,1,1,6,1,16,4,-1,-1,-1,3,1
201450AC2C018,2,19,0,9,0,8,0,0,0,0,1,1,6,1,38,7,-1,-1,-1,4,1
201450AC2C021,1,9,0,18,0,0,0,0,0,0,0,1,6,3,-1,-1,-1,-1,-1,-1,-1
201450AC2C022,1,9,0,5,0,6,0,0,0,0,3,1,6,1,20,4,1242,1,10,5,1
201450AC2C022,2,9,0,5,0,8,0,0,0,0,1,1,6,2,21,5,1149,1,13,5,1
201450AC2D003,1,9,0,18,0,0,1,0,5,6,1,1,6,1,63,9,2793,1,15,4,2
201450AC2D004,1,9,0,9,0,2,0,0,0,0,1,1,1,2,25,5,1796,1,13,4,1
201450AC2D006,1,9,0,2,0,0,0,0,0,0,2,1,6,2,20,4,1896,2,12,3,1
201450AC2D010,1,9,0,17,0,0,2,0,1,3,1,1,6,1,21,5,1396,1,11,4,1
201450AC2D015,1,5,0,18,0,1,2,0,0,0,1,1,6,1,47,8,998,1,7,4,1
201450AC2D015,2,9,0,7,0,6,0,0,0,0,1,1,1,1,43,7,1896,2,9,4,1
201450AC2D017,1,9,0,4,0,0,0,0,0,0,1,1,1,1,40,7,1248,2,5,-1,2
201450AC2D017,2,9,0,4,0,0,0,0,0,0,2,1,1,1,44,7,1248,2,5,3,1
201450AC2D018,1,9,0,9,0,8,0,0,0,0,4,1,6,1,58,9,1997,2,14,3,1
201450AC2D018,2,9,0,18,0,8,0,0,0,0,1,1,6,2,71,10,1598,1,6,4,3
201450AC2D021,1,21,0,18,0,2,0,0,0,0,4,1,1,1,25,5,5880,2,3,3,2
201450AC2D025,1,9,0,1,0,0,0,0,0,0,2,1,6,2,24,5,1968,2,1,4,3
201450AC2D025,2,2,0,3,0,0,0,0,0,0,1,1,6,1,16,4,50,1,8,-1,-1
201450AC2D028,1,9,0,18,0,0,1,0,4,6,1,1,6,2,26,6,1997,2,11,5,2
201450AC2D029,1,9,0,5,0,4,0,0,0,0,4,1,2,1,48,8,-1,-1,-1,5,1
201450AC2D029,2,1,0,18,0,3,0,0,0,0,2,1,2,1,62,9,-1,-1,-1,5,1
201450AC2D031,1,9,0,9,0,6,0,0,0,0,3,1,6,1,85,11,1588,1,13,1,1
201450AC2D031,2,9,0,18,0,8,1,0,1,0,1,1,1,1,37,7,1686,2,1,-1,-1
201450AC2D033,1,9,0,18,0,0,2,0,1,4,1,1,2,2,19,4,1390,1,3,3,1
201450AC2D034,1,9,0,18,0,1,0,0,0,0,1,1,6,1,-1,-1,-1,-1,-1,5,1
201450AC2D034,2,9,0,18,0,1,0,0,0,0,2,1,6,2,54,8,1598,2,2,3,1
201450AC2D039,1,9,0,18,0,0,1,0,7,6,2,1,6,1,44,7,-1,-1,-1,-1,-1
201450AC2D041,1,9,0,18,0,1,1,0,1,1,1,1,6,1,48,8,1390,1,3,6,1
201450AC2D041,2,9,0,3,0,1,0,0,0,0,0,1,6,1,26,6,1360,1,14,3,1
201450AC2D041,3,9,0,4,0,1,0,0,0,0,2,1,6,2,63,9,1968,2,2,5,1
201450AC2D041,4,9,0,4,0,1,1,0,0,0,1,1,6,1,44,7,2188,2,12,5,3
201450AC2D041,5,9,0,4,0,1,0,0,0,0,2,1,6,1,57,9,1986,2,9,2,2
201450AC2D041,6,9,0,4,0,1,1,0,0,0,1,1,6,2,33,6,998,1,12,1,1
201450AC3C001,1,9,0,9,0,8,0,0,0,0,1,1,1,1,26,6,1199,2,2,6,1
201450AC3C001,2,4,0,18,0,8,0,0,0,0,1,1,6,1,52,8,398,1,12,2,1
201450AC3C002,1,9,0,14,0,0,0,0,0,0,1,1,6,1,82,11,1360,1,9,4,3
201450AC3C003,1,9,0,9,0,2,0,0,0,0,1,1,6,1,51,8,1461,2,10,4,1
201450AC3C004,1,4,0,14,0,1,0,0,0,0,1,1,2,1,30,6,499,1,17,3,1
201450AC3C004,2,9,0,3,0,1,0,0,0,0,2,1,1,1,-1,-1,2179,2,1,6,3
201450AC3C007,1,9,0,18,0,1,0,7,0,1,1,1,1,1,45,7,1910,2,8,1,1
201450AC3C010,1,9,0,18,0,0,0,0,0,0,1,1,1,3,-1,-1,-1,-1,-1,-1,-1
201450AC3C010,2,9,0,18,0,0,0,0,0,0,2,1,1,2,37,7,1598,1,15,8,3
201450AC3C014,1,9,0,5,0,6,0,0,0,0,3,1,6,1,41,7,2188,2,8,2,3
201450AC3C014,2,9,0,18,0,1,0,0,0,0,1,1,1,2,22,5,-1,-1,-1,4,3
201450AC3C018,1,9,0,4,0,0,0,0,0,0,1,1,6,2,19,4,1124,1,16,4,1
201450AC3C018,2,9,0,3,0,0,0,0,0,0,2,1,6,1,50,8,1360,1,10,2,1
201450AC3C019,1,3,0,18,0,4,0,0,0,0,4,1,6,1,20,4,124,1,6,-1,-1
201450AC3C019,2,1,0,18,0,4,0,0,0,0,3,1,6,1,19,4,-1,-1,-1,4,3
201450AC3C020,1,9,0,13,0,0,0,0,0,0,0,1,6,3,-1,-1,-1,-1,-1,-1,-1
201450AC3C020,2,1,0,18,0,0,0,0,0,0,0,1,6,1,34,6,-1,-1,-1,3,1
201450AC3C021,1,2,0,18,0,0,0,0,0,0,4,1,6,2,22,5,49,1,5,4,2
201450AC3C026,1,9,0,9,0,6,0,0,0,0,1,1,6,1,88,11,1396,1,9,5,2
201450AC3C026,2,9,0,18,0,8,0,0,0,0,1,1,2,2,18,4,1388,1,11,4,1
201450AC3C028,1,9,0,18,0,6,0,0,0,0,1,1,6,2,21,5,1124,1,13,5,2
201450AC3C032,1,9,0,14,0,0,1,0,0,0,0,1,6,1,18,4,1124,1,13,4,3
201450AC3C032,2,9,0,18,0,0,0,0,1,0,0,1,6,2,24,5,1390,1,7,2,1
201450AC3C034,1,9,0,17,0,0,2,10,0,0,4,1,2,2,24,5,1298,1,16,4,2
201450AC3C035,1,9,0,5,0,0,0,0,0,0,1,1,6,1,49,8,1364,1,3,2,1
201450AC3C035,2,5,0,18,0,0,0,0,0,0,1,1,6,1,56,9,998,1,7,3,3
201450AC3C036,1,9,0,18,0,0,0,0,1,0,4,1,6,1,37,7,1150,1,7,4,3
201450AC3C037,1,9,0,18,0,0,0,0,0,0,1,1,2,1,64,9,1956,2,2,3,2
201450AC3C037,2,9,0,4,0,0,0,0,0,0,2,1,6,2,23,5,1998,1,18,5,1
201450AC3C037,3,9,0,3,0,0,0,0,0,0,2,1,2,2,20,4,1199,1,15,5,1
201450AC3C038,1,1,0,18,0,8,0,0,0,0,3,1,6,1,14,3,-1,-1,-1,4,3
201450AC3C038,2,9,0,18,0,8,1,0,0,0,1,1,6,1,56,9,1796,1,12,4,1
201450AC3C039,1,9,0,18,0,0,0,0,0,0,1,1,6,2,49,8,1422,2,10,4,3
201450AC3C039,2,1,0,9,0,0,0,0,0,0,2,1,6,1,17,4,-1,-1,-1,4,1
201450AC3C043,1,3,0,9,0,6,0,0,0,0,1,1,2,1,22,5,125,1,2,3,2
201450AC3C043,2,19,0,18,0,8,1,0,0,0,4,1,1,1,63,9,1248,2,3,3,3
201450AC3C044,1,9,0,15,0,0,0,0,0,0,0,1,6,1,43,7,1781,1,11,3,1
201450AC3C044,2,1,0,16,0,0,0,0,1,10,0,1,6,1,46,8,-1,-1,-1,3,1
201450AC3C045,1,9,0,2,0,0,0,0,0,0,2,1,6,2,46,8,1086,1,5,4,1
201450AC3C045,2,1,0,18,0,0,0,0,0,0,1,1,6,1,21,5,-1,-1,-1,3,1
201450AC3C047,1,9,0,18,0,0,0,0,0,0,4,1,6,2,-1,-1,-1,-1,-1,2,3
201450AC3C048,1,9,0,18,0,0,1,0,1,10,1,1,6,1,17,4,1124,1,18,1,1
201450AC3C050,1,9,0,17,0,0,0,0,0,11,1,1,6,1,35,6,1679,1,16,4,1
201450AC3C051,1,9,0,18,0,0,0,0,0,0,1,1,6,1,26,6,1399,2,6,3,1
201450AC3C051,2,9,0,18,0,0,0,0,0,0,2,1,6,2,27,6,1753,2,6,5,1
201450AC3C052,1,19,0,18,0,0,0,0,0,0,1,1,6,1,28,6,1896,2,19,4,3
201450AC3C052,2,9,0,18,0,0,0,0,0,0,2,1,6,2,38,7,1339,1,12,5,2
201450AC3D001,1,9,0,6,9,8,1,0,1,0,3,1,6,2,17,4,1124,1,12,6,1
201450AC3D001,2,9,0,18,0,8,1,0,0,0,1,1,6,2,41,7,1997,1,13,4,3
201450AC3D002,1,9,0,9,0,2,1,0,0,10,1,1,6,1,20,4,1527,2,18,2,1
201450AC3D003,1,9,0,5,8,1,0,0,1,0,1,1,6,1,85,11,1796,1,13,5,1
201450AC3D003,2,9,0,18,8,1,0,0,7,0,4,1,6,2,33,6,1998,1,10,5,2
201450AC3D004,1,9,0,18,0,0,0,0,0,0,1,1,6,3,-1,-1,-1,-1,-1,-1,-1
201450AC3D004,2,1,0,18,0,0,0,0,0,0,1,1,6,1,68,10,-1,-1,-1,7,1
201450AC3D005,1,9,0,9,0,8,0,0,0,0,1,1,6,1,63,9,1968,2,4,7,1
201450AC3D005,2,3,0,18,0,8,0,0,0,0,1,1,6,1,17,4,125,1,33,2,1
201450AC3D006,1,2,0,16,0,0,2,0,0,0,3,1,6,1,17,4,49,1,1,4,3
201450AC3D006,2,9,0,17,0,0,0,0,0,0,3,1,6,1,44,7,1995,2,8,4,2
201450AC3D007,1,9,0,9,0,8,0,0,0,0,1,1,6,2,21,5,1242,1,2,8,1
201450AC3D007,2,3,0,18,0,8,0,0,0,0,1,1,6,1,18,4,124,1,7,3,2
201450AC3D008,1,5,0,13,0,8,0,0,0,0,1,1,6,1,55,8,645,1,7,4,2
201450AC3D008,2,9,0,9,0,5,0,0,0,0,2,1,1,1,57,9,1598,2,3,4,2
201450AC3D010,1,9,0,18,0,8,0,0,0,0,1,1,6,1,16,4,-1,-1,-1,4,3
201450AC3D010,2,9,0,7,0,5,0,0,0,0,3,1,6,3,-1,-1,-1,-1,-1,-1,-1
201450AC3D011,1,9,0,9,0,8,0,0,0,0,1,1,6,2,25,5,1198,1,12,2,1
201450AC3D011,2,1,0,18,0,8,0,0,0,0,4,1,6,1,25,5,-1,-1,-1,4,1
201450AC3E002,1,9,0,9,0,8,0,0,0,0,1,1,1,1,58,9,-1,-1,-1,4,2
201450AC3E002,2,1,0,18,0,8,0,0,0,0,1,1,6,1,53,8,-1,-1,-1,3,1
201450AC3E003,1,9,0,9,0,8,0,0,0,0,1,1,6,1,76,11,1997,1,13,10,1
201450AC3E003,2,19,0,18,0,8,0,0,0,0,1,1,6,1,24,5,1998,2,12,6,2
201450AC3E008,1,9,0,18,0,0,0,0,0,11,1,1,6,2,80,11,1339,1,12,5,2
201450AC3E009,1,9,0,9,0,8,0,0,0,0,4,1,6,2,34,6,1997,2,10,5,1
201450AC3E009,2,3,0,18,0,8,0,0,0,0,1,1,6,1,17,4,124,1,12,5,3
201450AC3F001,1,9,0,17,0,1,1,0,2,11,4,1,6,1,20,4,1997,2,13,4,1
201450AC3F001,2,9,0,18,0,2,0,0,0,0,1,1,6,1,50,8,2902,2,10,4,2
201450AC3F003,1,9,0,18,0,0,0,0,0,0,0,1,6,3,-1,-1,-1,-1,-1,-1,-1
201450AC3F004,1,9,0,9,0,5,0,0,0,0,3,1,6,2,28,6,1587,1,9,4,3
201450AC3F004,2,4,0,13,0,8,0,0,0,0,4,1,6,1,19,4,498,1,19,6,1
201450AC3F005,1,9,0,3,0,1,0,0,0,0,2,1,6,2,60,9,1398,2,11,5,1
201450AC3F005,2,3,0,4,0,1,2,0,0,0,1,1,6,1,17,4,-1,-1,-1,4,1
201450AC3F006,1,2,0,16,0,1,2,0,3,11,1,1,6,1,17,4,49,1,12,4,1
201450AC3F006,2,9,0,7,0,6,0,0,0,0,0,1,6,3,-1,-1,-1,-1,-1,-1,-1
201450AC3F007,1,9,0,18,0,0,5,0,0,0,4,1,6,2,89,11,1235,1,22,4,1
201450AC3F007,2,9,0,2,0,0,0,0,0,0,3,1,6,1,28,6,1397,1,12,5,1
201450AC3F007,3,9,0,2,0,0,0,0,0,0,4,1,6,1,24,5,1995,2,10,5,1
201450AC3F007,4,9,0,2,0,0,0,0,0,0,1,1,6,2,53,8,1560,2,5,5,1
201450AC3F009,1,9,0,9,0,6,0,0,0,0,1,1,6,1,36,7,1896,2,14,5,1
201450AC3F009,2,9,0,18,0,1,1,0,0,0,1,1,6,2,27,6,1799,1,16,8,1
201450AC3F010,1,9,0,9,0,5,0,0,0,0,1,1,6,1,70,10,1998,1,18,4,1
201450AC3F010,2,1,0,13,0,8,0,0,0,0,1,1,6,1,16,4,-1,-1,-1,4,3
201450AC3F011,1,9,0,18,0,0,0,0,0,0,1,1,6,1,-1,-1,2171,2,10,3,1
201450AC3F011,2,9,0,18,0,0,0,0,0,0,1,1,6,2,-1,-1,1596,1,13,-1,2
201450AC3F014,1,9,4,18,0,0,0,0,0,0,0,1,6,1,54,8,2470,2,24,5,3
201450AC3F014,2,9,0,18,0,0,0,0,2,3,3,1,6,2,60,9,1560,2,7,3,2
201450AC3F014,3,9,0,18,0,0,0,0,0,0,1,1,6,2,45,7,-1,-1,-1,5,3
201450AC3F015,1,9,0,9,0,4,0,0,0,0,1,1,6,1,68,10,1598,1,15,3,1
201450AC3F015,2,3,0,9,0,8,0,0,0,0,4,1,2,1,24,5,124,1,1,4,3
201450AC3F016,1,90,0,18,0,0,0,0,0,0,1,1,1,1,90,11,-1,-1,-1,6,1
201450AC3F016,2,9,0,2,0,0,0,0,0,0,2,1,6,2,39,7,2616,1,10,5,1
201450AC3F017,1,9,0,5,0,6,0,0,0,0,2,1,6,3,-1,-1,-1,-1,-1,-1,-1
201450AC3F017,2,2,0,18,0,8,0,0,0,0,0,1,6,2,16,4,49,1,1,4,3
201450AC3F018,1,9,0,3,0,0,0,0,0,0,1,1,6,1,34,6,1998,2,11,4,1
201450AC3F018,2,9,0,3,0,0,0,0,0,0,2,1,6,1,25,5,1995,2,10,5,3
201450AC3F018,3,9,0,3,0,0,0,0,0,0,2,1,6,1,55,8,3199,1,9,5,3
201450AC3G002,1,9,0,9,0,2,0,0,0,0,1,1,6,1,18,4,1198,1,4,3,3
201450AC3G002,2,2,0,18,0,1,1,0,0,11,4,1,6,2,18,4,49,1,2,-1,-1
201450AC3G004,1,9,0,18,0,8,0,0,7,0,4,1,6,2,27,6,1686,2,9,5,3
201450AC3G004,2,9,0,18,0,1,0,0,0,0,1,1,6,2,59,9,2999,2,13,4,3
201450AC3G005,1,9,0,18,0,0,1,0,0,3,1,1,6,1,19,4,998,1,11,1,1
201450AC3G006,1,9,0,9,0,1,0,0,0,0,4,1,6,2,49,8,1328,1,5,2,1
201450AC3G006,2,9,0,18,0,1,0,0,0,0,1,1,6,1,18,4,1149,1,11,3,1
201450AC3G007,1,9,0,9,0,8,2,0,3,9,4,1,1,2,60,9,1998,1,10,5,3
201450AC3G007,2,9,0,18,0,8,1,0,0,0,1,1,1,1,42,7,1599,1,11,5,2
201450AC3G009,1,9,0,16,0,0,0,0,0,0,1,1,6,2,39,7,999,1,-1,5,2
201450AC3G009,2,9,0,18,0,0,0,0,0,0,1,1,1,1,58,9,-1,-1,-1,3,2
201450AC3G011,1,19,0,9,0,8,0,0,0,0,1,1,1,1,52,8,1560,2,5,5,3
201450AC3G011,2,19,0,18,0,8,0,0,0,0,3,1,6,1,82,11,-1,-1,-1,3,3
201450AC3G011,3,9,0,3,0,1,0,0,0,0,3,1,1,1,56,9,1995,2,7,8,1
201450AC3H005,1,9,0,18,0,0,5,0,2,11,1,1,6,1,30,6,2000,2,10,4,3
201450AC3J002,1,9,0,18,0,0,0,0,0,0,1,1,2,1,52,8,1390,1,15,2,1
201450AC3J002,2,21,1,2,0,0,0,0,0,0,2,1,6,1,66,10,12130,2,13,2,1
201450AC3J003,1,9,0,9,0,4,0,0,0,0,1,1,1,1,44,7,1598,2,1,7,1
201450AC3J003,2,1,0,18,0,8,0,0,0,0,1,1,1,1,49,8,-1,-1,-1,6,1
201450AC3J005,1,21,0,2,0,0,0,0,0,0,2,1,6,1,66,10,12130,2,13,2,1
201450AC3J005,2,9,0,18,0,0,0,4,0,0,1,1,2,1,39,7,-1,-1,-1,4,1
201450AC3J006,1,9,0,17,0,0,1,0,2,4,1,1,6,1,51,8,4172,1,11,3,1
201450AC3J007,1,3,0,18,0,0,0,0,0,0,4,1,6,1,70,10,125,1,6,1,1
201450AC3J010,1,9,0,18,0,2,2,7,0,0,1,1,1,2,29,6,1364,1,9,4,1
201450AC3J010,2,9,0,18,0,1,1,10,1,0,1,1,6,2,25,5,1868,2,14,5,1
201450AC3J012,1,8,0,18,0,0,0,0,0,0,1,1,1,1,59,9,1560,2,4,3,1
201450AC3J013,1,9,0,16,0,0,0,0,2,10,1,1,6,1,17,4,1124,1,14,4,1
201450AC3J014,1,9,0,18,0,1,0,0,0,0,4,1,6,1,80,11,1388,1,11,4,3
201450AC3J018,1,9,0,12,0,0,0,0,0,0,1,1,6,3,27,6,1339,1,9,8,1
201450AC3J018,2,9,0,18,0,0,0,0,0,0,2,1,6,1,27,6,1598,1,15,1,1
201450AC3J020,1,9,0,9,0,8,0,0,0,0,3,1,6,2,51,8,999,1,5,4,1
201450AC3J020,2,9,0,18,0,8,0,0,0,0,1,1,6,1,21,5,1196,1,19,6,3
201450AC3J022,1,9,0,18,0,0,2,0,1,7,1,1,6,2,23,5,998,1,14,3,1
201450AC3J026,1,3,0,18,0,0,5,0,0,0,0,1,6,1,22,5,124,1,1,5,1
201450AC3J027,1,3,0,16,0,1,0,0,0,0,1,1,6,1,18,4,125,1,6,4,3
201450AC3J027,2,19,0,8,0,1,0,0,0,0,2,1,1,1,34,6,2300,2,9,4,1
201450AC3J030,1,9,0,18,0,8,0,0,0,0,1,1,6,2,48,8,1868,2,15,5,3
201450AC3J030,2,3,0,18,0,8,1,0,0,0,1,1,6,1,19,4,124,1,6,5,1
201450AC3J031,1,9,0,16,0,2,1,7,1,10,1,1,6,1,32,6,-1,-1,-1,2,1
201450AC3J032,1,9,0,18,0,1,0,0,0,0,1,1,6,3,-1,-1,-1,-1,-1,-1,-1
201450AC3J033,1,9,0,18,0,0,0,0,4,6,1,1,6,2,18,4,1199,1,12,4,1
201450AC3J034,1,9,0,18,0,0,0,0,0,0,3,1,6,1,-1,-1,-1,-1,-1,-1,-1
201450AC3J034,2,9,0,18,0,0,0,0,0,0,3,1,6,2,46,8,1968,2,1,3,1
201450AC3J035,1,9,0,18,0,0,0,0,0,0,1,1,2,1,28,6,2600,1,18,1,1
201450AC3J035,2,9,0,4,0,0,0,0,0,0,2,1,6,1,18,4,1493,1,19,2,1
201450AC3J038,1,3,0,18,0,1,0,0,0,0,1,1,6,1,17,4,125,1,4,4,1
201450AC3J038,2,1,0,7,0,2,0,0,0,0,1,1,6,1,13,3,-1,-1,-1,1,1
201450AC3J039,1,9,0,18,0,0,1,0,0,0,1,1,1,1,45,7,-1,-1,-1,3,3
201450AC3J039,2,9,0,4,0,0,1,0,1,9,2,1,6,1,42,7,1560,2,-1,3,1
201450AC3J041,1,9,0,18,0,8,0,0,0,0,1,1,6,2,76,11,1598,1,11,6,1
201450AC3J041,2,9,0,6,0,6,0,0,0,0,1,1,6,1,83,11,1124,1,13,4,3
201450AC3J042,1,9,0,18,0,2,0,0,0,0,4,1,6,3,-1,-1,-1,-1,-1,-1,-1
201450AC3J043,1,9,0,18,0,0,0,0,7,4,1,1,2,2,35,6,1590,1,12,4,3
201450AC3J046,1,9,0,4,0,1,0,0,0,0,1,1,6,1,40,7,1968,2,1,5,1
201450AC3J046,2,9,0,4,0,1,0,0,0,0,2,1,6,1,34,6,1892,2,16,5,1
201450AC3J047,1,9,0,18,0,1,0,0,0,0,1,1,6,2,39,7,1995,2,3,5,2
201450AC3J047,2,9,0,8,0,1,0,0,0,0,2,1,6,2,36,7,1328,1,11,-1,-1
201450AC3J048,1,9,0,18,0,3,0,0,1,2,1,1,6,1,30,6,1997,2,11,1,1
201450AC3J049,1,9,0,7,7,0,0,0,0,0,1,1,6,2,48,8,2295,1,13,2,1
201450AC3J049,2,21,1,2,6,0,0,0,0,0,2,1,1,1,61,9,12900,2,6,7,1
201450AC3J051,1,9,0,18,0,0,0,0,0,0,0,1,6,1,70,10,1968,2,1,4,3
201450AC3J053,1,9,0,5,0,6,0,0,0,0,3,1,2,2,51,8,1598,1,11,4,3
201450AC3J053,2,8,0,18,0,8,0,0,0,0,1,1,1,1,54,8,1598,2,4,4,1
201450AC3J054,1,9,0,18,0,1,0,0,0,0,0,1,6,3,-1,-1,-1,-1,-1,5,2
201450AH2A002,1,19,0,18,0,1,0,0,0,0,1,1,1,1,48,8,1995,2,7,6,1
201450AH2A002,2,9,0,10,0,1,0,0,0,0,2,1,6,1,48,8,1587,1,6,3,2
201450AH2A006,1,9,0,1,0,0,0,0,0,0,2,1,6,1,25,5,1995,2,1,7,1
201450AH2B001,1,9,0,18,0,1,1,0,0,0,1,1,6,1,24,5,2495,2,17,5,2
201450AH2B001,2,9,0,3,0,1,0,0,0,0,2,1,6,1,57,9,1995,2,13,3,1
201450AH2B003,1,9,0,7,0,6,0,0,7,0,1,1,2,1,18,4,1870,2,20,5,3
201450AH2B003,2,9,0,18,0,8,0,0,0,0,1,1,2,1,44,7,1951,2,8,5,3
201450AH2C001,1,9,0,5,0,1,0,0,0,0,4,1,6,1,39,7,1590,1,10,4,3
201450AH2C001,2,9,0,18,0,1,0,0,0,0,1,1,6,1,-1,-1,2967,2,2,10,3
201450AH2C004,1,9,0,5,0,6,0,0,1,0,3,1,6,1,71,10,-1,-1,-1,4,3
201450AH2C004,2,9,0,18,0,8,0,0,1,0,1,1,6,1,24,5,2793,1,15,1,1
201450AH2C005,1,9,0,17,0,0,5,0,2,10,3,1,6,2,18,4,1242,1,7,5,3
201450AH2D002,1,19,0,18,0,1,0,0,0,0,1,1,6,1,49,8,1997,2,10,4,3
201450AH2D002,2,11,0,10,0,8,0,0,0,0,2,1,1,1,32,6,-1,2,17,10,1
201450AH2D003,1,9,0,16,0,1,0,0,0,0,3,1,6,1,76,11,1198,1,1,4,3
201450AH2D003,2,9,0,9,0,5,0,0,0,0,4,1,6,2,71,10,1984,1,11,6,2
201450AH2D004,1,19,0,9,6,1,0,0,0,0,4,1,1,1,51,8,1598,2,-1,4,2
201450AH2D004,2,5,0,18,8,1,5,0,0,7,3,1,6,1,57,9,1255,1,7,6,2
201450AH2D005,1,19,0,17,0,0,5,0,0,0,1,1,1,1,46,8,2953,2,14,5,1
201450AH2D008,1,9,0,17,0,1,0,0,1,11,1,1,6,2,48,8,1598,1,15,4,3
201450AH2E001,1,19,0,3,0,0,0,0,0,0,2,1,6,2,30,6,2464,2,7,5,3
201450AH2E001,2,9,0,4,0,0,1,0,0,0,1,1,6,2,29,6,-1,-1,-1,6,3
201450AH2E002,1,9,0,16,0,0,1,0,0,0,1,1,2,1,53,8,1895,1,17,4,3
201450AH2E002,2,9,0,18,0,0,0,0,1,0,1,1,2,2,28,6,999,1,15,8,1
201450AH2E003,1,9,0,17,0,0,1,0,0,0,1,1,6,2,-1,-1,-1,-1,-1,6,2
201450AH2E003,2,9,0,16,0,0,1,0,0,0,1,1,6,1,68,10,1896,2,7,4,2
201450AH2E004,1,19,0,17,0,0,2,0,0,10,1,1,1,1,-1,-1,2460,2,9,5,3
201450AH2E005,1,9,0,16,0,0,1,0,0,0,1,1,6,1,17,4,-1,-1,-1,8,1
201450AH2E005,2,8,0,18,0,0,0,0,0,0,1,1,6,1,29,6,-1,-1,-1,4,3
201450AH2E006,1,9,0,18,0,0,2,0,0,11,4,1,6,2,20,4,-1,-1,-1,2,1
201450AH2E007,1,5,0,17,0,2,0,0,1,1,3,1,6,1,52,8,1157,1,16,4,1
201450AH2E009,1,9,0,9,0,1,0,0,0,0,3,1,2,1,44,7,1997,2,1,3,1
201450AH2E009,2,9,0,18,0,8,1,0,0,0,1,1,2,2,27,6,1599,1,10,8,1
201450AH2E010,1,9,0,16,0,0,1,0,0,0,1,1,6,1,25,5,998,1,1,4,3
201450AH2E010,2,9,0,4,0,0,0,0,0,0,1,1,6,2,66,10,1587,1,11,6,3
201450AH2E010,3,9,0,4,0,0,0,0,0,0,0,1,6,2,33,6,1360,1,6,4,3
201450AH2E013,1,19,0,5,0,0,0,0,0,0,1,1,1,1,72,10,1896,2,15,4,1
201450AH2E013,2,9,0,18,0,0,1,0,1,0,1,1,2,2,44,7,799,2,5,8,1