Accident_Index,Vehicle_Reference,Vehicle_Type,Towing_and_Articulation,Vehicle_Manoeuvre,Vehicle_Location-Restricted_Lane,Junction_Location,Skidding_and_Overturning,Hit_Object_in_Carriageway,Vehicle_Leaving_Carriageway,Hit_Object_off_Carriageway,1st_Point_of_Impact,Was_Vehicle_Left_Hand_Drive?,Journey_Purpose_of_Driver,Sex_of_Driver,Age_of_Driver,Age_Band_of_Driver,Engine_Capacity_(CC),Propulsion_Code,Age_of_Vehicle,Driver_IMD_Decile,Driver_Home_Area_Type
201450AH2E013,3,9,0,2,6,0,0,0,0,0,2,1,6,1,34,6,1600,1,3,4,3
201450AH2E014,1,9,0,9,0,8,1,0,0,0,4,1,1,2,70,10,998,1,6,6,2
201450AH2E014,2,9,0,18,0,8,1,0,1,0,3,1,6,1,33,6,3246,1,11,-1,1
201450AH2E014,3,19,0,18,0,1,0,0,0,0,1,1,1,1,44,7,1560,2,3,3,2
201450AH2E015,1,17,4,9,0,1,0,0,0,0,3,1,1,1,28,6,-1,2,1,5,3
201450AH2E015,2,9,0,13,0,1,0,0,0,0,1,1,6,1,61,9,1951,2,12,4,1
201450AH2E016,1,9,0,13,0,0,5,0,7,9,1,1,6,1,29,6,1994,1,11,5,1
201450AH2E017,1,19,0,13,0,8,1,0,0,0,4,1,1,1,42,7,1998,2,11,5,1
201450AH2E017,2,17,0,9,0,8,0,0,0,0,3,1,1,1,19,4,4525,2,2,5,3
201450AH2E019,1,9,0,17,0,2,0,0,1,1,1,1,6,2,73,10,1499,1,6,4,3
201450AH2E022,1,9,0,18,0,0,0,0,1,10,1,1,6,1,43,7,1956,2,1,3,1
201450AH2E025,1,9,0,12,0,0,0,0,0,0,0,1,6,2,59,9,1998,1,8,5,1
201450AH2E025,2,17,0,18,0,0,0,0,0,0,0,1,1,1,48,8,6124,2,-1,2,1
201450AH2F001,1,9,0,18,0,0,0,0,0,0,1,1,1,1,24,5,1781,1,13,4,1
201450AH2F001,2,9,0,18,0,0,1,0,0,0,1,1,6,2,27,6,1596,1,2,5,3
201450AH2G001,1,9,0,18,0,0,5,0,8,11,3,1,6,1,72,10,2457,1,7,5,3
201450AH2G002,1,9,0,9,0,8,0,0,0,0,4,1,6,1,37,7,999,1,5,6,1
201450AH2G002,2,5,0,18,0,8,2,0,0,0,1,1,6,1,41,7,1195,1,5,5,3
201450AH2G003,1,9,0,17,0,0,2,0,0,11,1,1,6,1,36,7,2500,2,12,1,1
201450AH2G005,1,3,0,18,0,0,0,0,1,0,4,1,2,1,17,4,125,1,-1,8,2
201450AH2G006,1,9,0,17,0,0,5,0,0,0,4,1,6,1,70,10,1598,1,9,5,3
201450AH2I002,1,9,0,16,0,0,0,0,8,11,3,1,6,1,21,5,3960,1,22,5,3
201450AH2I002,2,9,0,17,0,0,0,0,0,0,2,1,6,1,29,6,1956,2,3,8,1
201450AH2I002,3,9,0,18,0,0,0,0,0,0,0,1,6,1,30,6,973,1,11,6,1
201450AH2I003,1,9,0,18,0,0,0,0,0,0,3,1,6,1,44,7,2967,2,7,8,1
201450AH2I003,2,9,0,18,0,0,0,0,0,0,3,1,6,2,20,4,1796,1,12,6,2
201450AH2I004,1,17,4,18,0,0,0,0,0,0,3,1,1,1,57,9,-1,2,8,5,3
201450AH2I004,2,19,0,18,0,0,0,0,0,0,3,1,6,1,53,8,1896,2,9,8,1
201450AH2I004,3,19,0,18,0,0,0,0,0,0,4,1,6,1,34,6,2198,2,1,-1,1
201450AH2M001,1,9,0,18,0,0,0,0,0,0,1,1,6,2,59,9,2487,2,14,5,1
201450AH2M001,2,9,0,18,0,0,0,0,0,0,1,1,6,2,49,8,-1,-1,-1,4,3
201450AH2M003,1,9,0,4,0,0,1,0,2,11,1,1,6,1,53,8,2902,2,9,4,1
201450AH2M003,2,19,0,4,0,0,0,0,0,0,3,1,1,1,-1,-1,1248,2,5,4,1
201450AH2N002,1,9,0,16,0,0,2,0,0,0,1,1,6,1,58,9,848,1,25,5,3
201450AH2N002,2,9,0,17,0,0,0,0,0,0,1,1,1,1,40,7,2495,2,17,5,3
201450AH2N003,1,9,0,16,0,0,1,0,0,0,1,1,6,1,21,5,1769,1,9,5,3
201450AH2N003,2,9,0,17,0,0,1,0,0,0,1,1,6,1,21,5,1560,2,9,5,3
201450AH2Q002,1,9,0,9,0,5,0,0,0,0,3,1,6,2,52,8,1997,2,6,8,1
201450AH2Q002,2,3,0,10,0,1,0,0,0,0,4,1,2,2,37,7,-1,-1,-1,8,1
201450AH2Q006,1,9,0,18,0,0,1,0,0,0,1,1,6,2,53,8,989,1,9,5,3
201450AH2Q006,2,9,0,3,0,0,0,0,0,0,2,1,6,1,42,7,1124,1,17,5,3
201450AH2Q008,1,9,4,18,0,0,4,0,1,11,4,1,6,1,64,9,2286,1,-1,2,1
201450AH2Q008,2,9,0,18,0,0,0,0,0,0,1,1,6,1,32,6,3950,6,16,4,3
201450AH2Q011,1,3,0,14,0,0,2,0,1,11,1,1,6,1,21,5,124,1,18,4,1
201450AH2Q011,2,9,0,3,0,0,0,0,0,0,1,1,6,1,66,10,1390,1,4,5,1
201450AH2Q012,1,9,0,9,0,6,0,0,0,0,4,1,6,2,47,8,1796,1,8,8,1
201450AH2Q012,2,9,0,17,0,8,0,0,0,0,4,1,6,1,46,8,1149,1,6,5,3
201450AH2Q015,1,9,0,7,0,2,0,0,0,0,1,1,1,1,33,6,973,1,14,5,1
201450AH2Q015,2,1,0,18,0,2,0,0,0,0,1,1,1,1,36,7,-1,-1,-1,5,1
201450AH2Q017,1,9,0,10,0,8,0,0,0,0,1,1,6,1,25,5,1762,1,16,4,2
201450AH2Q017,2,3,0,10,0,3,0,0,0,0,2,1,6,2,27,6,100,1,12,4,1
201450AH2R001,1,9,0,18,0,4,0,0,0,0,1,1,6,1,-1,-1,1975,1,12,4,3
201450AH2R001,2,9,0,18,0,8,0,0,0,0,4,1,6,1,18,4,1396,1,10,4,3
201450AH2R003,1,3,0,16,0,0,2,0,0,0,1,1,2,1,18,4,125,1,12,5,3
201450AH2R003,2,9,0,3,0,0,0,0,0,0,2,1,6,2,37,7,1248,2,10,5,3
201450AH2R003,3,17,4,18,0,0,0,0,0,0,1,1,1,1,50,8,-1,-1,-1,4,1
201450AH2R003,4,17,4,9,0,0,0,0,0,0,0,1,1,1,54,8,6728,2,2,4,3
201450AH2R005,1,9,0,9,0,8,0,0,0,0,4,1,6,2,29,6,-1,-1,-1,4,1
201450AH2R005,2,9,0,18,0,8,1,0,0,0,1,1,6,2,47,8,2446,2,13,4,3
201450AH2R007,1,9,0,18,0,0,5,0,0,0,1,1,6,1,55,8,848,1,33,5,3
201450AH2R007,2,9,0,2,0,0,0,0,0,0,2,1,6,1,48,8,899,1,19,4,1
201450AH2R008,1,9,0,9,0,8,0,0,0,0,3,1,6,1,57,9,1997,2,2,6,1
201450AH2R008,2,5,0,13,0,8,2,0,0,0,1,1,6,1,23,5,600,1,16,2,1
201450AH2R009,1,9,0,16,0,8,0,0,0,0,4,1,6,2,53,8,3200,1,8,8,1
201450AH2R009,2,1,0,18,0,8,5,0,0,0,1,1,6,1,17,4,-1,-1,-1,3,2
201450AH2R010,1,9,0,18,0,1,1,0,1,0,1,1,6,2,56,9,-1,-1,-1,5,3
201450AH2R010,2,9,0,9,0,6,0,0,0,0,0,1,6,1,-1,-1,1197,1,-1,-1,-1
201450AH2R013,1,1,0,18,4,2,0,0,0,0,1,1,1,1,43,7,-1,-1,-1,4,1
201450AH2R013,2,9,0,8,0,1,0,0,0,0,4,1,1,2,25,5,2401,2,9,8,1
201450AH2R015,1,9,0,18,0,0,0,0,0,0,1,1,6,2,28,6,1896,2,13,2,1
201450AH2S001,1,9,0,18,0,0,5,0,0,11,1,1,1,1,62,9,-1,-1,-1,10,1
201450AH2S003,1,3,0,3,0,8,0,0,0,0,1,1,6,1,17,4,125,1,7,5,3
201450AH2S003,2,9,0,18,0,8,0,0,0,0,3,1,6,2,56,9,1995,2,4,4,1
201450AH2S004,1,9,0,4,0,4,5,0,0,0,1,1,6,2,50,8,1587,1,11,7,1
201450AH2S007,1,19,0,16,0,0,5,10,7,11,1,1,6,1,-1,-1,1560,2,1,-1,-1
201450AH2S008,1,4,0,18,0,0,0,0,0,4,1,1,6,1,22,5,398,1,17,6,1
201450AH2S009,1,9,0,18,0,1,0,0,0,0,1,1,6,2,38,7,998,1,16,5,3
201450AH2S009,2,9,0,10,0,1,0,0,0,0,2,1,6,1,21,5,1398,2,10,6,2
201450AH2S010,1,9,0,9,0,6,0,0,0,0,1,1,6,1,28,6,1598,1,13,6,3
201450AH2S010,2,9,0,17,0,8,0,0,7,11,1,1,6,1,81,11,1086,1,7,4,1
201450AH2S010,3,9,0,2,0,1,0,0,0,0,1,1,6,1,-1,-1,1149,1,11,6,3
201450AH2S012,1,9,0,18,0,0,5,0,1,0,3,1,6,2,20,4,-1,-1,-1,6,1
201450AH2S012,2,9,0,18,0,0,0,0,0,0,4,1,6,1,-1,-1,2993,2,11,4,1
201450AH2S012,3,9,0,18,0,0,0,0,0,0,1,1,6,2,27,6,1798,1,13,4,3
201450AH2S013,1,9,0,9,0,6,0,0,0,0,1,1,6,1,60,9,2143,2,-1,7,3
201450AH2S013,2,9,0,18,0,8,0,0,7,9,1,1,6,2,21,5,1390,1,13,2,1
201450AH2S015,1,9,0,9,0,5,0,0,0,0,0,1,6,2,28,6,1248,1,3,6,3
201450AH2S015,2,5,0,18,0,8,0,0,0,0,0,1,6,1,51,8,892,1,18,4,1
201450AH2S016,1,9,0,18,0,0,0,0,0,7,1,1,2,1,43,7,1896,2,10,2,1
201450AH2S017,1,9,0,18,0,1,0,0,0,0,3,1,6,1,58,9,-1,-1,-1,6,3
201450AH2S019,1,19,0,5,0,4,0,0,0,0,1,1,6,3,-1,-1,-1,-1,-1,-1,-1
201450AH2S019,2,9,0,5,0,3,0,0,0,0,4,1,6,1,30,6,1496,2,-1,2,1
201450AH2S021,1,9,0,16,0,0,1,0,0,0,1,1,6,2,22,5,1242,1,15,2,1
201450AH2S021,2,9,0,17,0,0,0,0,0,0,1,1,6,2,41,7,1248,2,3,7,1
201450AH2T001,1,9,0,16,0,0,0,0,0,0,3,1,6,2,21,5,1124,1,17,4,2
201450AH2T001,2,11,0,17,0,0,0,0,0,0,3,1,1,1,50,8,9600,2,16,4,3
201450AH2T004,1,9,0,18,0,8,0,0,7,0,1,1,6,1,18,4,998,1,26,2,1
201450AH2T004,2,9,0,18,0,8,0,0,1,10,3,1,6,2,60,9,1998,1,6,4,2
201450AH2T004,3,9,0,2,0,2,0,0,0,0,2,1,6,2,38,7,1995,2,11,5,3
201450AH2T004,4,9,0,2,0,2,0,0,0,0,4,1,6,1,-1,-1,1999,1,9,5,3
201450AH2T005,1,9,0,17,0,0,0,0,1,11,1,1,6,1,68,10,1560,2,3,4,3
201450AH2T007,1,9,0,18,0,1,0,0,0,0,1,1,6,2,22,5,1388,1,11,-1,1
201450AH2T007,2,9,0,10,0,1,0,0,0,0,2,1,6,2,57,9,998,1,3,4,3
201450AH2T007,3,9,0,18,0,2,0,0,0,0,3,1,6,1,62,9,1995,2,6,3,1
201450AH2T008,1,1,0,7,0,2,0,0,0,0,1,1,2,1,50,8,-1,-1,-1,4,3
201450AH2T008,2,17,4,18,0,1,0,0,0,0,3,1,1,1,38,7,-1,2,1,4,3
201450AH2T010,1,9,0,16,0,0,0,0,7,0,3,1,6,1,87,11,1598,1,10,5,3
201450AH2T010,2,9,0,17,0,0,0,0,0,0,3,1,6,2,37,7,1991,2,7,4,3
201450AH2T011,1,9,0,16,0,0,1,0,1,11,1,1,6,2,20,4,1597,1,15,4,1
201450AH3R001,1,9,0,16,0,0,1,0,0,0,1,1,6,2,38,7,1600,2,4,5,3
201450AH3R001,2,20,0,17,0,0,0,0,0,0,1,1,1,1,33,6,3920,2,8,2,1
201450AH3R003,1,9,0,18,0,0,0,0,0,0,2,1,1,1,29,6,1598,1,14,4,3
201450AH3R003,2,5,0,18,0,0,0,0,0,0,1,1,1,1,31,6,645,1,11,2,1
201450AH3R004,1,21,0,4,0,0,0,0,0,0,0,1,1,1,23,5,8500,2,22,8,1
201450AH3R005,1,9,0,18,0,1,0,0,0,0,1,1,6,1,64,9,1124,1,11,4,1
201450AH3R005,2,9,0,3,0,1,0,0,0,0,2,1,6,1,75,10,1242,1,15,5,3
201450AH3R006,1,3,0,16,0,8,2,0,0,0,1,1,6,1,19,4,125,1,1,5,2
201450AH3R006,2,19,0,9,0,8,0,0,0,0,1,1,1,1,41,7,2402,2,6,4,3
201450AH3S004,1,9,0,18,0,0,0,0,1,3,1,1,6,1,27,6,1796,1,12,2,1
201450AH3S005,1,9,0,18,0,3,0,0,0,0,1,1,6,1,62,9,2000,2,9,2,1
201450AH3S005,2,1,0,1,0,3,5,0,0,0,2,1,6,1,21,5,-1,-1,-1,8,3
201450AH3S006,1,9,0,18,0,0,0,0,0,0,1,1,2,2,49,8,1124,1,14,5,3
201450AH3S006,2,1,0,18,0,0,0,0,0,0,2,1,6,2,29,6,-1,-1,-1,8,1
201450AH3T002,1,9,0,18,0,0,0,0,0,0,3,1,6,2,71,10,1995,2,7,7,3
201450AH3T002,2,9,0,18,0,0,0,0,2,0,3,1,6,1,25,5,1390,1,16,5,3
201450AH3T003,1,9,0,4,0,0,0,0,0,0,2,1,3,2,46,8,998,1,1,5,3
201450AH3T003,2,3,0,18,0,0,0,0,0,0,1,1,1,1,19,4,124,1,1,5,3
201450AH3T006,1,9,0,18,0,0,0,0,0,0,1,1,1,1,21,5,1390,1,13,8,3
201450AH3T006,2,9,0,18,0,0,0,0,1,0,2,1,1,1,67,10,1686,2,3,5,3
201450AH3T008,1,9,0,18,0,2,0,0,0,0,1,1,6,2,41,7,2987,2,7,5,1
201450AH3T009,1,9,0,18,0,8,0,0,0,0,4,1,6,1,29,6,973,1,14,7,3
201450AH3T009,2,1,0,18,0,8,0,0,0,0,1,1,6,1,44,7,-1,-1,-1,2,1
201450AH3U001,1,9,0,17,0,0,1,0,0,0,1,1,2,1,36,7,-1,-1,-1,5,3
201450AH3U001,2,9,0,16,0,0,1,0,0,0,1,1,2,2,19,4,1120,1,17,4,1
201450AH3U003,1,9,0,18,0,0,5,0,7,10,4,1,1,1,51,8,998,1,8,3,1
201450AH3U003,2,9,0,18,0,0,0,0,0,0,0,1,2,1,53,8,1794,1,9,-1,-1
201450AH3V001,1,9,0,18,0,0,0,0,0,4,1,1,6,1,25,5,1769,2,18,4,3
201450AI3G001,1,9,0,18,0,0,0,0,0,0,1,1,6,1,64,9,1560,2,3,3,2
201450AI3G004,1,9,0,18,0,8,0,0,0,0,4,1,6,3,-1,-1,-1,-1,-1,-1,-1
201450AI3G009,1,9,0,18,0,0,0,0,0,0,0,1,6,1,44,7,-1,-1,-1,3,3
201450AI3G010,1,9,0,18,0,0,0,0,0,0,1,1,6,1,42,7,1796,2,-1,6,2
201450AI3G010,2,1,0,18,0,0,0,0,0,0,1,1,6,1,13,3,-1,-1,-1,-1,-1
201450AI3G011,1,9,0,18,9,0,0,0,0,0,1,1,6,1,69,10,2993,2,4,5,1
201450AI3G014,1,9,0,18,0,1,0,10,0,5,1,1,6,1,54,8,1796,1,6,10,1
201450AI3G020,1,9,0,16,0,0,0,0,0,0,1,1,6,2,19,4,1896,2,12,6,2
201450AI3G021,1,9,0,18,0,0,0,0,0,0,4,1,6,1,67,10,-1,-1,-1,2,1
201450AI3G024,1,9,0,10,0,5,0,0,0,0,2,1,2,1,22,5,2494,1,8,-1,-1
201450AI3G024,2,9,0,4,0,1,0,0,0,0,2,1,6,2,55,8,1598,1,1,6,2
201450AI3G024,3,9,0,18,0,1,0,0,0,0,1,1,6,1,83,11,1339,1,9,3,2
201450AI3G025,1,19,0,1,0,6,0,0,0,0,2,1,6,3,-1,-1,-1,-1,-1,-1,-1
201450AI3G026,1,9,0,16,0,0,1,0,0,0,2,1,6,1,41,7,1590,1,18,3,2
201450AI3G026,2,21,0,17,0,0,0,0,0,0,1,1,2,1,43,7,6870,2,7,5,1
201450AI3G028,1,9,0,7,0,1,0,0,3,10,1,1,6,1,80,11,1896,2,6,3,2
201450AI3H001,1,9,0,17,0,2,0,0,0,0,3,1,2,1,57,9,2198,2,8,5,2
201450AI3H001,2,21,0,2,0,2,0,0,0,0,0,1,1,1,47,8,4500,2,7,4,2
201450AI3H002,1,2,0,9,0,5,0,0,0,0,4,1,6,1,16,4,49,1,4,5,2
201450AI3H002,2,9,0,18,0,6,0,0,0,0,1,1,6,2,55,8,1995,2,4,7,1
201450AI3H005,1,9,0,1,0,1,0,0,0,0,2,1,6,1,53,8,-1,-1,-1,5,2
201450AI3J002,1,9,0,17,0,0,1,0,7,11,0,1,6,1,25,5,1796,1,14,5,2
201450AI3J002,2,9,0,18,0,0,0,0,0,0,0,1,6,1,85,11,1994,2,13,4,3
201450AI3J003,1,3,0,4,0,0,0,0,0,0,1,1,6,1,17,4,124,1,23,3,1
201450AI3J003,2,9,0,4,0,0,0,0,0,0,2,1,6,1,44,7,1392,1,14,4,3
201450AI3J005,1,9,0,18,0,1,1,0,0,0,1,1,6,1,67,10,-1,-1,-1,6,2
201450AI3J005,2,9,0,3,0,1,0,0,0,0,2,1,6,1,68,10,1988,1,13,6,2
201450AI3J005,3,9,0,3,0,1,0,0,0,0,2,1,6,2,19,4,995,1,10,6,2
201450AI3J005,4,9,0,10,0,1,0,0,0,0,2,1,6,1,32,6,1997,2,13,3,3
201450AI3J006,1,9,0,18,0,8,0,0,0,0,1,1,6,3,28,6,998,1,21,3,1
201450AI3J006,2,9,0,9,0,8,0,0,0,0,1,1,6,1,28,6,1988,1,13,6,3
201450AI3J009,1,9,0,18,0,0,0,0,0,0,1,1,6,2,55,8,1896,2,13,4,3
201450AI3J010,1,9,0,13,0,0,0,0,0,0,1,1,6,1,76,11,2987,2,2,4,1
201450AI3J010,2,9,0,18,0,0,0,0,0,0,1,1,6,1,66,10,1560,2,2,10,1
201450AI3J010,3,9,0,10,0,0,0,0,0,0,2,1,6,1,24,5,1388,1,15,2,2
201450AI3J011,1,9,0,16,0,0,0,0,0,0,1,1,6,1,18,4,-1,-1,-1,6,2
201450AI3J011,2,9,0,17,0,0,0,0,0,0,1,1,6,2,50,8,1587,1,8,6,2
201450AI3K001,1,9,0,18,0,0,2,11,2,11,3,1,6,2,52,8,2495,2,23,-1,-1
201450AP2B001,1,5,0,18,0,0,0,0,2,0,4,1,6,1,49,8,675,1,2,4,3
201450AP2B003,1,9,0,18,0,0,0,0,0,0,3,1,1,1,65,9,1896,2,5,5,1
201450AP2B004,1,9,0,18,0,8,1,0,0,0,1,1,6,1,69,10,1591,1,-1,3,3
201450AP2B004,2,19,0,10,0,1,0,0,0,0,1,1,1,1,28,6,2148,2,8,4,1
201450AP2B004,3,9,0,2,0,2,0,0,0,0,2,1,6,2,79,11,1598,1,-1,3,3
201450AP2D001,1,1,0,16,0,8,0,0,0,0,1,1,6,1,39,7,-1,-1,-1,6,3
201450AP2D001,2,9,0,17,0,8,0,0,0,0,1,1,6,2,61,9,1398,2,10,3,3
201450AP2E002,1,9,0,18,0,0,0,0,0,0,1,1,6,1,52,8,1870,2,9,3,3
201450AP2E002,2,9,0,4,0,0,0,0,0,0,1,1,1,2,66,10,2495,2,9,3,3
201450AP2F001,1,9,0,17,0,0,1,0,0,7,1,1,6,1,25,5,1800,1,16,3,3
201450AP2F002,1,9,0,18,0,0,0,0,0,0,1,1,6,1,24,5,-1,-1,-1,7,1
201450AP2F002,2,1,0,18,0,0,0,0,0,0,2,1,6,2,41,7,-1,-1,-1,3,3
201450AP2F003,1,9,0,9,0,8,0,0,0,0,1,1,6,1,73,10,1360,1,12,3,3
201450AP2F003,2,9,0,18,0,8,0,0,0,0,3,1,6,1,43,7,2000,1,-1,1,1
201450AP2F004,1,9,0,18,0,0,1,6,0,11,4,1,1,2,50,8,1299,1,11,1,1
201450AP2H001,1,9,0,18,0,0,0,0,0,0,1,1,6,3,-1,-1,-1,-1,-1,-1,-1
201450AP2H004,1,9,0,5,0,2,0,0,0,0,3,1,6,2,32,6,1149,1,6,5,2
201450AP2H004,2,9,0,18,0,1,0,0,0,0,1,1,1,1,46,8,2494,2,4,4,3
201450AP2H007,1,9,0,17,0,1,0,0,0,0,1,1,6,1,34,6,2495,2,11,3,3
201450AP2H007,2,9,0,9,0,6,0,0,0,0,2,1,6,2,17,4,-1,-1,-1,5,3
201450AP2H008,1,3,0,18,0,0,5,0,0,0,1,1,1,1,44,7,89,1,28,5,2
201450AP2H008,2,9,0,18,0,0,1,0,1,10,1,1,1,1,47,8,-1,-1,-1,6,1
201450AP2J002,1,9,0,18,0,8,0,0,0,0,1,1,6,2,77,11,1956,2,4,3,3
201450AP2J002,2,9,0,18,0,1,0,0,0,0,4,1,6,1,57,9,1997,2,10,3,3
201450AP2J005,1,9,0,5,0,6,0,0,0,0,1,1,6,1,20,4,1863,2,14,3,2
201450AP2J005,2,9,0,18,0,8,0,0,0,0,3,1,6,1,25,5,1998,2,10,7,1
201450AP2J005,3,9,0,3,0,1,0,0,0,0,1,1,6,1,37,7,1171,1,14,2,1
201450AP2J007,1,9,0,18,0,0,0,0,0,0,4,1,6,2,39,7,1995,2,6,8,1
201450AP2J009,1,9,0,18,0,0,0,0,1,11,4,1,6,1,39,7,1560,2,1,3,1
201450AP2J011,1,9,0,18,0,0,2,0,0,0,0,1,6,1,55,8,1956,2,2,7,1
201450AP2J012,1,9,0,18,0,0,0,0,0,0,1,1,6,3,-1,-1,-1,-1,-1,-1,-1
201450AP2J013,1,9,0,3,0,8,0,0,0,0,1,1,1,1,68,10,2184,2,9,2,1
201450AP2J013,2,9,0,15,0,8,0,0,0,0,1,1,1,1,41,7,-1,-1,-1,4,3
201450AP2J014,1,9,0,18,0,8,0,0,0,0,1,1,6,1,35,6,1796,1,11,4,1
201450AP2J014,2,9,0,18,0,8,0,0,0,0,3,1,6,1,69,10,2191,2,-1,4,3
201450AP2J014,3,9,0,3,0,1,0,0,0,0,3,1,6,2,43,7,1968,2,6,3,3
201450AP2L001,1,9,0,18,0,0,0,0,1,4,1,1,6,2,50,8,1997,2,11,5,2
201450AP2L002,1,9,0,18,0,3,0,0,0,0,1,1,6,1,27,6,-1,-1,-1,2,1
201450AP2L004,1,9,0,1,0,0,0,0,0,0,2,1,6,2,34,6,1588,1,12,2,1
201450AP2L004,2,1,0,18,0,0,0,0,0,0,1,1,6,1,35,6,-1,-1,-1,3,1
201450AP2L005,1,3,0,18,0,0,5,0,0,0,1,1,2,1,23,5,124,1,6,5,3
201450AP2L005,2,9,0,2,0,0,0,0,0,0,2,1,2,1,23,5,1896,2,13,-1,-1
201450AP2M001,1,9,0,18,0,1,0,0,0,0,1,1,6,1,48,8,998,1,13,5,1
201450AP2M001,2,9,0,9,0,1,0,0,0,0,2,1,6,1,74,10,2497,1,7,2,1
201450AP2M002,1,9,0,4,0,0,0,0,0,0,1,1,1,2,40,7,1896,2,14,2,3
201450AP2M002,2,9,0,4,0,0,0,0,0,0,2,1,6,2,21,5,1587,1,12,4,1
201450AP2M002,3,9,0,4,0,0,0,0,0,0,2,1,6,1,32,6,1560,2,6,4,3
201450AP2M002,4,9,0,4,0,0,0,0,0,0,2,1,6,2,55,8,-1,-1,-1,3,1
201450AP2M002,5,9,0,4,0,0,0,0,0,0,2,1,6,1,-1,-1,1390,1,13,-1,-1
201450AP2M003,1,9,0,3,0,4,0,0,0,0,1,1,6,1,72,10,1793,1,11,1,1
201450AP2M003,2,9,0,3,0,4,0,0,0,0,2,1,6,2,44,7,1998,2,10,2,1
201450AP2M005,1,9,0,9,0,4,0,0,0,0,3,1,2,2,33,6,1242,1,12,4,3
201450AP2M005,2,9,0,18,0,1,0,0,0,0,1,1,2,1,60,9,3059,2,18,3,3
201450AP2M006,1,9,0,9,0,6,0,0,0,0,3,1,6,2,18,4,1124,1,9,4,3
201450AP2M006,2,9,0,18,0,8,0,0,0,0,1,1,6,1,37,7,1781,1,20,3,2
201450AP2M007,1,5,0,17,0,0,0,0,0,0,0,1,6,1,41,7,750,1,5,4,1
201450AP2M008,1,9,0,18,0,0,0,0,0,0,1,1,6,2,83,11,1242,1,7,4,3
201450AP2M010,1,9,0,3,0,4,0,0,0,0,1,1,6,1,45,7,1900,2,14,2,1
201450AP2M010,2,1,0,3,0,4,0,0,0,0,2,1,6,1,50,8,-1,-1,-1,4,3
201450AP2M011,1,9,0,18,0,4,0,9,0,10,1,1,6,1,66,10,1242,1,15,4,3
201450AP2M013,1,9,0,18,0,0,0,0,0,10,0,1,6,1,35,6,1339,1,7,4,3
201450AP2M015,1,9,0,9,0,8,0,0,0,0,4,1,6,1,40,7,1796,1,11,3,1
201450AP2M015,2,1,0,18,0,8,0,0,0,0,1,1,6,1,47,8,-1,-1,-1,4,3
201450AP2M016,1,19,0,4,0,0,1,0,1,0,1,1,1,1,57,9,2999,2,6,3,2
201450AP2M016,2,21,0,18,0,0,0,0,7,0,1,1,1,1,48,8,6370,2,11,3,3
201450AP2M018,1,9,0,10,0,6,0,0,0,0,1,1,6,1,87,11,1896,2,19,4,3
201450AP2M018,2,9,0,18,0,8,1,0,7,0,1,1,6,1,34,6,1910,2,8,2,1
201450AP2M021,1,19,0,18,0,0,5,0,1,11,1,1,6,1,37,7,1868,2,14,4,3
201450AP2M023,1,9,0,6,0,0,0,0,0,0,4,1,6,2,58,9,1968,2,3,2,1
201450AP2M023,2,9,0,18,0,0,0,0,0,0,1,1,6,1,88,11,998,1,13,5,2
201450AP2M026,1,9,0,18,0,1,0,0,0,0,1,1,6,1,21,5,1199,1,11,3,2
201450AP2M026,2,9,0,10,0,1,0,0,0,0,2,1,6,1,27,6,2204,2,8,5,3
201450AP2M027,1,9,0,9,0,6,0,0,0,0,3,1,6,2,77,11,1591,1,1,6,3
201450AP2M027,2,3,0,18,0,1,0,0,0,0,1,1,2,1,29,6,124,1,24,1,1
201450AP2M028,1,9,0,18,0,0,0,0,0,0,1,1,6,1,66,10,1124,1,14,2,1
201450AP2M029,1,9,0,9,0,8,0,0,0,0,1,1,2,1,20,4,-1,-1,-1,4,3
201450AP2M029,2,9,0,18,0,8,0,0,0,0,1,1,1,1,41,7,1124,1,12,4,1
201450AP2M030,1,19,0,18,0,0,0,0,0,0,1,1,6,1,42,7,2446,2,15,1,1
201450AP2M030,2,9,0,18,0,0,0,0,0,0,2,1,6,2,57,9,1399,2,9,2,2
201450AP2M031,1,9,0,7,0,6,0,0,1,0,1,1,6,1,67,10,1598,2,4,6,2
201450AP2M031,2,9,0,18,0,8,0,0,0,0,1,1,6,1,53,8,1896,2,16,8,1
201450AP2M031,3,9,0,18,0,6,0,0,0,0,0,1,1,1,46,8,-1,-1,-1,5,3
201450AP2M031,4,9,0,2,0,2,0,0,0,0,0,1,6,2,57,9,1560,2,4,4,3
201450AP2M031,5,9,0,2,0,2,0,0,0,0,0,1,6,1,77,11,973,1,13,10,1
201450AP2P002,1,9,0,17,0,2,0,0,0,0,1,1,6,2,35,6,1149,1,1,5,2
201450AP2P003,1,20,0,5,0,2,0,0,0,0,0,1,1,1,42,7,-1,-1,-1,3,1
201450AP2P008,1,3,0,18,0,6,1,0,0,0,1,1,6,1,20,4,124,1,12,1,1
201450AP2P008,2,9,0,5,0,8,0,0,0,0,3,1,6,1,54,8,-1,-1,-1,4,3
201450AP2P011,1,9,0,18,3,2,0,6,1,10,3,1,6,1,25,5,2979,1,12,6,2
201450AP2P014,1,9,0,8,0,1,0,0,0,0,0,1,1,1,65,9,1951,2,11,4,3
201450AP2P014,2,9,0,18,0,1,1,0,0,0,0,1,6,1,28,6,-1,-1,-1,4,3
201450AP2P016,1,9,0,18,0,1,0,0,0,0,4,1,6,2,65,9,2495,2,18,3,3
201450AP2P018,1,9,0,18,0,1,0,0,0,0,1,1,6,2,23,5,1149,1,11,2,1
201450AP2P018,2,9,0,10,0,1,0,0,0,0,2,1,6,2,21,5,1242,1,1,2,1
201450AP2P020,1,9,0,17,0,8,0,0,0,0,1,1,6,3,-1,-1,-1,-1,-1,-1,-1
201450AP2P021,1,9,0,5,0,8,0,0,0,0,3,1,6,3,-1,-1,1396,1,11,-1,-1
201450AP2P023,1,3,0,14,0,0,0,0,0,0,1,1,6,1,33,6,98,1,17,3,3