Accident_Index,Vehicle_Reference,Vehicle_Type,Towing_and_Articulation,Vehicle_Manoeuvre,Vehicle_Location-Restricted_Lane,Junction_Location,Skidding_and_Overturning,Hit_Object_in_Carriageway,Vehicle_Leaving_Carriageway,Hit_Object_off_Carriageway,1st_Point_of_Impact,Was_Vehicle_Left_Hand_Drive?,Journey_Purpose_of_Driver,Sex_of_Driver,Age_of_Driver,Age_Band_of_Driver,Engine_Capacity_(CC),Propulsion_Code,Age_of_Vehicle,Driver_IMD_Decile,Driver_Home_Area_Type
201450AP2P025,1,9,0,3,0,1,0,0,0,0,2,1,6,2,26,6,1242,1,10,3,1
201450AP2Q004,1,9,0,9,0,5,0,0,0,0,3,1,6,1,61,9,1994,2,9,2,1
201450AP2Q004,2,1,0,18,0,8,5,0,0,0,1,1,6,1,28,6,-1,-1,-1,4,2
201450AP2Q007,1,19,0,18,0,1,0,0,0,0,1,1,1,1,46,8,1870,2,10,6,1
201450AP2Q009,1,9,0,18,0,0,0,0,0,0,1,1,2,1,27,6,1995,2,11,5,3
201450AP2Q010,1,9,0,18,0,0,1,0,0,0,3,1,6,2,44,7,1398,2,9,3,1
201450AP2Q011,1,9,0,18,0,1,0,0,0,0,3,1,6,2,30,6,1242,1,15,4,3
201450AP2Q011,2,9,0,10,0,1,0,0,0,0,2,1,6,1,44,7,1596,1,15,4,1
201450AP2Q012,1,9,0,13,0,0,0,0,0,0,4,1,6,1,64,9,2685,2,9,5,3
201450AP2Q012,2,3,0,18,0,0,0,10,0,0,3,1,6,1,23,5,124,1,9,2,1
201450AP2R005,1,9,0,5,0,6,0,0,0,0,0,1,6,2,37,7,1388,1,10,3,3
201450AP2R010,1,9,0,5,0,0,0,0,0,0,4,1,6,1,26,6,1834,1,14,5,1
201450AP2R010,2,9,0,18,0,0,1,0,0,0,3,1,6,1,63,9,1396,1,16,2,1
201450AP2R011,1,2,0,1,0,0,0,0,0,0,1,1,6,1,20,4,-1,-1,-1,1,1
201450AP2R015,1,11,0,18,0,0,1,0,0,0,1,1,1,1,57,9,9600,2,21,6,1
201450AP2R016,1,11,0,18,9,0,0,10,1,0,1,1,1,1,68,10,4250,2,10,5,2
201450AP2R017,1,9,0,18,0,0,0,0,0,0,3,1,2,1,69,10,1769,1,8,1,1
201450AP2R020,1,9,0,9,0,2,0,0,0,0,1,1,1,1,54,8,5000,1,-1,5,2
201450AP2R021,1,9,0,18,0,0,0,0,0,0,1,1,6,1,85,11,998,1,2,2,1
201450AP2R021,2,9,0,18,0,0,0,0,0,0,1,1,6,1,32,6,-1,-1,-1,4,1
201450AP2X003,1,9,0,5,0,6,1,0,0,0,3,1,6,2,21,5,1794,1,9,3,1
201450AP2X003,2,9,0,18,0,8,0,0,0,0,1,1,6,2,49,8,1596,1,-1,5,3
201450AP2X004,1,9,0,18,0,1,1,0,0,0,1,1,1,1,28,6,1587,1,15,2,1
201450AP2X004,2,9,0,18,0,1,0,0,0,0,2,1,1,2,51,8,1390,1,14,-1,-1
201450AP2X004,3,9,0,18,0,1,0,0,0,0,2,1,1,1,24,5,2979,1,7,1,1
201450AS2A001,1,9,0,17,0,0,0,0,0,0,1,1,1,1,35,6,-1,-1,-1,5,3
201450AS2A001,2,9,0,16,0,0,0,0,0,0,1,1,1,2,52,8,-1,-1,-1,5,3
201450AS2A002,1,9,0,16,0,0,0,0,0,0,0,1,6,3,-1,-1,2446,2,23,-1,-1
201450AS2A002,2,9,0,17,0,0,0,0,0,0,2,1,6,1,21,5,1988,1,13,5,3
201450AY2B001,1,9,0,18,0,0,5,0,1,11,1,1,1,1,25,5,-1,-1,-1,3,3
201450AY2B002,1,9,0,4,0,1,1,10,7,2,1,1,6,1,90,11,1560,2,1,4,3
201450AY2B005,1,11,0,5,3,0,0,0,0,0,4,1,1,3,60,9,-1,-1,-1,3,1
201450AY2B007,1,9,0,9,0,8,0,0,0,0,4,1,6,1,65,9,1995,1,3,6,3
201450AY2B007,2,9,0,18,0,8,0,0,0,0,1,1,6,1,67,10,1781,1,11,3,2
201450AY2B009,1,11,0,5,0,0,0,0,0,0,0,1,1,1,60,9,-1,-1,-1,3,1
201450AY2B011,1,9,0,18,0,6,0,0,0,0,1,1,6,2,27,6,1199,1,11,3,1
201450AY2B011,2,9,0,18,0,8,0,0,0,0,3,1,6,2,30,6,1598,1,15,3,2
201450AY2B012,1,9,0,1,0,8,0,0,0,0,2,1,3,2,43,7,-1,-1,-1,5,2
201450AY2B013,1,9,0,18,0,8,0,0,0,0,1,1,6,3,-1,-1,1896,2,13,-1,-1
201450AY2B013,2,9,0,3,0,8,0,0,0,0,3,1,6,1,42,7,2993,2,1,5,2
201450AY2B015,1,9,0,18,0,0,0,0,0,0,1,1,6,1,79,11,1339,1,6,5,2
201450AY2B015,2,9,0,3,0,0,0,0,0,0,3,1,6,1,66,10,-1,-1,-1,5,2
201450AY2B015,3,9,0,3,0,0,0,0,0,0,3,1,6,2,38,7,1398,2,3,1,1
201450AY2B015,4,9,0,18,0,0,0,0,0,0,1,1,6,1,30,6,1596,1,18,3,2
201450AY2B015,5,9,0,18,0,0,0,0,0,0,1,1,6,1,69,10,1329,1,4,6,3
201450AY2B018,1,9,0,12,0,0,0,0,0,0,4,1,2,2,24,5,1796,1,3,8,1
201450AY2B018,2,1,0,12,0,0,0,0,0,0,3,1,6,1,57,9,-1,-1,-1,3,2
201450AY2C005,1,9,0,5,0,1,0,0,0,0,1,1,2,2,38,7,1560,2,2,3,3
201450AY2C005,2,9,0,3,0,1,0,0,0,0,2,1,6,2,40,7,1995,2,2,4,3
201450AY2C006,1,9,0,18,0,0,0,0,0,0,4,1,6,2,61,9,1242,1,6,3,3
201450AY2C008,1,9,0,18,0,0,0,4,0,0,1,1,6,2,20,4,1341,1,9,5,3
201450AY2C008,2,9,0,2,0,0,0,0,1,3,2,1,6,1,75,10,1997,2,14,5,2
201450AY2C009,1,9,0,9,0,2,0,0,0,0,1,1,6,2,38,7,1991,2,8,2,2
201450AY2C009,2,5,0,18,0,1,0,0,0,0,1,1,6,1,18,4,599,1,15,3,2
201450AY2C010,1,9,0,9,0,6,0,0,0,0,1,1,6,1,34,6,1968,2,6,3,3
201450AY2C010,2,9,0,9,0,8,0,0,0,0,1,1,6,1,19,4,1800,1,14,3,3
201450AY2C012,1,9,0,4,0,2,0,0,0,0,1,1,6,1,19,4,1796,1,14,2,2
201450AY2C012,2,9,0,4,0,2,0,0,0,0,2,1,6,2,33,6,999,1,17,3,3
201450AY2C020,1,9,0,18,0,0,1,0,0,0,1,1,2,2,17,4,1242,1,14,5,3
201450AY2C020,2,9,0,4,0,0,0,0,0,0,2,1,2,1,46,8,1560,2,-1,5,1
201450AY2D003,1,9,0,9,0,8,0,0,0,0,1,1,1,1,23,5,1598,1,13,3,3
201450AY2D003,2,9,0,18,0,8,1,0,0,0,1,1,6,2,56,9,1360,1,12,4,3
201450AY2D004,1,19,0,18,0,1,0,0,0,0,4,1,6,1,48,8,1997,2,10,4,3
201450AY2D004,2,2,0,18,0,1,0,0,0,0,3,1,6,1,22,5,49,1,2,3,3
201450AY2D005,1,9,0,17,0,0,0,0,1,9,1,1,6,1,22,5,1896,1,15,2,3
201450AY2D006,1,9,0,10,0,1,0,0,0,0,1,1,6,1,47,8,2170,2,9,8,1
201450AY2D006,2,9,0,18,0,1,0,0,0,0,1,1,6,1,38,7,1398,2,11,2,1
201450AY2D007,1,9,0,17,0,0,1,0,8,11,1,1,6,1,18,4,1124,1,15,1,1
201450AY2D008,1,9,0,18,0,1,0,0,0,0,1,1,6,1,20,4,1272,1,23,3,3
201450AY2D008,2,9,0,10,0,2,0,0,0,0,2,1,6,2,41,7,1587,1,9,3,3
201450AY2D011,1,9,0,13,0,0,0,0,0,0,1,1,6,1,-1,-1,1124,1,15,4,3
201450AY2D011,2,9,0,18,0,0,0,0,0,0,2,1,6,2,24,5,1598,1,15,6,3
201450AY2D012,1,9,0,17,0,0,0,0,7,4,1,1,6,1,24,5,1587,1,13,3,1
201450AY2D014,1,9,0,4,0,0,1,0,1,0,1,1,6,1,40,7,1795,1,15,4,1
201450AY2D014,2,9,0,4,0,0,0,0,0,0,2,1,6,1,65,9,1108,1,6,4,1
201450AY2D014,3,9,0,4,0,0,0,0,0,0,2,1,6,2,70,10,1587,1,12,6,3
201450AY2D016,1,3,0,17,0,0,1,0,0,0,0,1,6,1,21,5,125,1,2,5,1
201450AY2D017,1,5,0,18,0,0,0,11,0,0,4,1,6,1,56,9,1000,1,28,4,3
201450AY2D019,1,3,0,13,0,1,0,0,0,0,1,1,6,1,18,4,124,1,6,5,3
201450AY2D019,2,9,0,9,0,1,0,0,0,0,2,1,6,1,41,7,-1,-1,-1,3,2
201450AY2D020,1,11,0,18,0,0,0,0,0,0,2,1,6,2,53,8,-1,2,14,3,2
201450AY2D020,2,3,0,18,0,0,2,0,0,0,1,1,2,1,44,7,124,1,-1,3,3
201450AY2D020,3,9,0,18,0,0,0,0,0,0,0,1,6,3,-1,-1,-1,-1,-1,-1,-1
201450AY2D022,1,9,0,18,0,0,0,0,0,0,2,1,6,2,44,7,1497,1,13,9,1
201450AY2D022,2,9,0,18,0,0,0,0,0,0,1,1,6,2,27,6,1364,1,4,3,1
201450AY2D023,1,3,0,14,0,1,0,0,0,0,1,1,2,1,21,5,125,1,3,2,1
201450AY2D023,2,9,0,9,0,5,0,0,0,0,3,1,2,2,58,9,1149,1,11,5,2
201450AY2E003,1,9,0,17,0,0,2,0,0,0,3,1,2,1,26,6,1242,1,9,4,3
201450AY2G001,1,9,0,18,0,2,1,0,0,0,1,1,6,1,24,5,1896,2,12,5,2
201450AY2H005,1,19,0,18,0,0,0,0,0,0,1,1,6,1,25,5,-1,-1,-1,3,3
201450AY2H005,2,9,0,18,0,0,0,0,0,0,1,1,6,2,44,7,1461,2,7,5,2
201450AY2H005,3,9,0,18,0,0,0,0,0,0,1,1,6,2,53,8,1796,1,1,8,1
201450AY2H005,4,9,0,18,0,0,0,0,0,0,2,1,6,2,58,9,1595,1,12,5,2
201450AY2H007,1,10,0,18,0,0,0,0,0,0,1,1,6,1,47,8,2463,2,9,5,2
201450AY2H007,2,9,0,4,0,0,0,0,0,0,2,1,6,1,29,6,1896,2,14,-1,-1
201450AY2H007,3,9,0,4,0,0,0,0,0,0,2,1,6,1,20,4,1896,2,6,3,2
201450AY2H009,1,5,0,12,0,0,0,0,0,0,1,1,6,1,43,7,599,1,15,1,1
201450AY2H009,2,9,0,18,0,0,0,0,0,0,1,1,6,1,74,10,-1,-1,-1,4,3
201450AY2H010,1,9,0,6,0,0,0,0,0,0,0,1,6,3,-1,-1,-1,-1,-1,-1,-1
201450AY2H010,2,9,0,4,0,0,0,0,0,0,1,1,6,2,48,8,1686,2,2,3,3
201450AY2H010,3,9,0,4,0,0,0,0,0,0,0,1,6,2,44,7,1398,2,-1,3,3
201450AY2H011,1,9,0,18,0,0,0,0,0,0,0,1,6,2,71,10,1560,2,6,6,3
201450AY2H011,2,9,0,13,0,0,0,0,0,0,0,1,6,1,21,5,1396,1,17,4,3
201450AY2H012,1,9,0,18,0,0,0,0,0,0,1,1,6,2,58,9,1995,2,9,5,2
201450AY2H012,2,9,0,18,0,0,0,0,0,0,2,1,6,2,22,5,1149,1,11,4,3
201450AY2H012,3,9,0,18,0,0,0,0,0,0,2,1,6,1,18,4,1248,2,3,6,2
201450AY2H012,4,9,0,18,0,0,0,0,0,0,1,1,6,2,18,4,1490,1,8,5,3
201450AY2H012,5,19,0,18,0,0,0,0,0,0,1,1,6,1,30,6,2446,2,14,5,1
201450BB2A001,1,2,0,16,0,1,0,0,0,0,3,1,6,1,17,4,50,1,6,4,3
201450BB2A001,2,9,0,5,0,2,0,0,0,0,1,1,6,2,54,8,1339,1,9,4,3
201450BB2B001,1,9,0,9,0,5,0,0,0,0,1,1,6,2,60,9,1896,2,12,-1,-1
201450BB2B001,2,9,0,18,0,1,0,0,0,0,1,1,6,2,39,7,1560,2,3,-1,2
201450BB2B002,1,9,0,5,0,8,0,0,1,0,4,1,6,2,70,10,1198,1,4,6,3
201450BB2B002,2,9,0,18,0,1,0,0,7,0,1,1,6,1,37,7,1360,1,12,3,3
201450BB2B005,1,5,0,16,0,0,1,0,0,0,4,1,2,1,34,6,800,1,17,-1,-1
201450BB2C002,1,9,0,11,0,0,1,0,1,7,3,1,2,2,42,7,1422,2,6,3,3
201450BB2C003,1,9,0,17,0,0,2,0,1,11,1,1,6,1,26,6,1988,1,14,2,1
201450BB2C004,1,9,0,18,0,1,0,0,1,0,1,1,6,1,27,6,1497,8,5,8,3
201450BB2C004,2,19,0,4,0,1,0,0,1,0,2,1,6,1,30,6,2779,2,24,4,3
201450BB2C005,1,19,0,18,0,0,0,0,0,0,3,1,6,1,26,6,2198,2,1,6,1
201450BB2C005,2,21,0,18,0,0,0,0,0,0,1,1,6,1,57,9,12777,2,8,2,1
201450BB2C006,1,9,0,17,0,0,1,0,1,11,1,1,1,1,23,5,1995,2,-1,6,3
201450BB2C008,1,9,0,6,0,2,0,0,1,11,2,1,6,2,66,10,1992,2,7,3,2
201450BB2C008,2,9,0,16,0,2,1,0,1,0,1,1,6,1,30,6,-1,-1,-1,4,3
201450BB2C010,1,9,0,18,0,0,2,0,5,0,1,1,6,2,21,5,973,1,14,2,1
201450BB2C011,1,9,0,18,0,0,0,0,0,0,1,1,6,1,69,10,1598,1,16,4,3
201450BB2C011,2,9,0,18,0,0,0,0,0,0,1,1,6,2,69,10,1386,1,8,4,3
201450BB2C012,1,9,0,16,0,0,1,0,5,6,0,1,6,1,20,4,1390,1,13,3,1
201450BB2C014,1,9,0,18,0,0,0,0,0,1,1,1,1,1,41,7,1124,1,14,4,2
201450BB2D002,1,9,0,18,0,0,0,0,0,0,1,1,6,2,51,8,1590,1,11,5,3
201450BB2D002,2,9,0,3,0,0,0,0,0,0,2,1,6,1,56,9,1560,2,6,5,3
201450BB2D004,1,9,0,5,0,6,0,0,3,1,3,1,6,2,66,10,1240,1,8,5,3
201450BB2D004,2,9,0,18,0,1,0,0,0,0,1,1,6,1,27,6,-1,-1,-1,4,3
201450BB2E001,1,1,0,18,0,1,0,0,0,0,1,1,6,1,63,9,-1,-1,-1,7,1
201450BB2E001,2,9,0,16,0,1,0,0,0,0,4,1,6,1,34,6,1198,1,8,7,1
201450BB2E002,1,9,0,18,0,2,0,0,7,11,1,1,6,1,28,6,1781,1,24,-1,-1
201450BB2F001,1,21,0,18,0,0,0,0,0,0,0,1,1,1,45,7,4461,2,6,8,2
201450BB2F002,1,19,0,3,0,0,0,0,0,0,1,1,6,1,36,7,-1,-1,-1,5,3
201450BB2F002,2,9,0,3,0,0,0,0,0,0,2,1,6,1,39,7,1753,2,8,4,3
201450BB2F003,1,90,0,18,0,0,0,0,0,0,1,1,6,3,-1,-1,-1,-1,-1,-1,-1
201450BB2F003,2,9,0,18,0,0,0,0,0,0,2,1,6,2,18,4,1360,1,12,7,1
201450BB2F004,1,9,0,5,0,7,0,0,0,0,1,1,6,1,59,9,1598,1,14,3,1
201450BB2F004,2,9,0,18,0,8,0,0,4,9,1,1,1,1,49,8,1995,2,4,7,3
201450BB2F005,1,9,0,17,0,0,0,0,0,0,1,1,2,1,50,8,1360,1,10,2,1
201450BB2F005,2,9,0,16,0,0,0,0,0,0,3,1,1,1,25,5,-1,-1,-1,7,3
201450BB2F005,3,9,0,16,0,0,1,0,0,0,1,1,1,1,28,6,-1,-1,-1,4,3
201450BB2F007,1,9,0,18,0,1,0,0,0,0,1,1,1,2,51,8,1968,2,9,7,1
201450BB2F007,2,9,0,3,0,1,0,0,0,0,2,1,1,2,63,9,1997,2,6,4,2
201450BB2F007,3,9,0,3,0,1,0,0,0,0,2,1,6,1,63,9,1332,1,15,2,2
201450BB2F008,1,9,0,18,0,0,1,0,0,0,1,1,6,1,29,6,2765,2,23,1,1
201450BB2F008,2,9,0,18,0,0,5,0,2,10,2,1,6,1,27,6,-1,-1,-1,8,3
201450BB2F009,1,9,0,16,0,0,0,0,0,0,1,1,2,1,22,5,1596,1,14,5,3
201450BB2F009,2,9,0,18,0,0,0,0,0,0,2,1,6,2,68,10,1997,2,9,4,3
201450BB2F010,1,9,0,17,0,0,0,0,7,11,3,2,2,1,26,6,-1,-1,-1,2,1
201450BB2F010,2,21,0,16,0,0,0,0,0,0,1,1,1,1,58,9,3920,2,9,7,1
201450BB2F011,1,9,0,18,0,0,0,0,0,0,0,1,6,2,48,8,1364,2,7,4,2
201450BB2F011,2,9,0,18,0,0,0,0,0,0,0,1,6,1,60,9,2143,2,2,7,1
201450BB2F012,1,9,0,17,0,0,2,0,1,11,4,1,6,1,22,5,2000,1,19,6,1
201450BB2F012,2,9,0,16,0,0,0,0,0,0,1,1,6,1,54,8,1997,2,10,7,1
201450BB2F012,3,9,0,16,0,0,0,0,0,0,1,1,6,1,57,9,2295,1,13,2,1
201450BB2F013,1,9,0,5,0,6,0,0,0,0,1,1,1,1,36,7,-1,-1,-1,2,1
201450BB2F013,2,9,0,18,0,8,0,0,7,1,4,1,2,2,32,6,1390,1,9,4,3
201450BB2G001,1,3,0,18,0,0,0,0,0,0,4,1,6,1,18,4,-1,-1,-1,3,1
201450BB2G001,2,9,0,18,0,0,0,0,0,0,3,1,6,1,61,9,998,1,16,4,1
201450BB2G002,1,9,0,4,0,1,1,0,0,0,1,1,1,1,31,6,1796,1,4,2,1
201450BB2G002,2,9,0,3,0,1,0,0,0,0,2,1,6,1,62,9,1242,1,1,4,3
201450BB2G003,1,9,0,18,0,0,0,0,0,0,1,1,6,1,61,9,1997,2,13,6,1
201450BB2G003,2,19,0,10,0,0,0,0,0,0,2,1,6,1,33,6,1998,2,13,2,1
201450BB2G005,1,9,0,3,0,0,0,0,0,0,1,1,6,2,19,4,1598,1,11,5,1
201450BB2G005,2,9,0,3,0,0,0,0,0,0,2,1,6,1,58,9,-1,-1,-1,-1,-1
201450BB2G008,1,9,0,7,0,8,0,0,0,0,0,1,6,3,-1,-1,-1,-1,-1,-1,-1
201450BB2G008,2,11,0,18,0,1,0,0,0,0,0,1,1,1,45,7,5900,2,14,4,1
201450BB2G009,1,9,0,18,0,0,0,0,0,0,1,1,2,2,43,7,1360,1,11,4,3
201450BB2G009,2,9,0,18,0,0,0,0,0,0,1,1,2,2,46,8,1598,1,-1,4,2
201450BB2G010,1,5,0,13,0,0,1,0,0,0,3,1,6,1,61,9,998,1,9,4,3
201450BB2G010,2,9,0,18,0,0,1,0,0,0,3,1,6,2,48,8,1968,2,1,10,1
201450BB2G010,3,21,0,18,0,0,0,0,0,0,2,1,1,1,32,6,12130,2,11,4,3
201450BB2G013,1,9,0,18,0,0,1,0,7,11,1,1,6,1,33,6,1299,1,11,3,1
201450BB2G014,1,9,0,16,0,0,5,0,7,0,1,1,6,2,21,5,1199,1,12,3,3
201450BB2H002,1,21,0,4,0,1,0,0,0,0,1,1,1,1,39,7,12777,2,4,6,1
201450BB2H002,2,9,0,3,0,1,0,0,0,0,2,1,2,1,50,8,1997,2,11,6,2
201450BB2H003,1,9,0,18,0,4,0,0,0,0,3,1,6,1,91,11,999,1,1,4,3
201450BB2H003,2,9,0,18,0,3,0,0,0,0,1,1,2,2,57,9,1422,2,10,4,3
201450BB2H006,1,9,0,18,0,2,1,0,1,10,1,1,1,2,26,6,1360,1,7,6,2
201450BB2H006,2,9,0,9,0,8,0,0,0,0,0,1,6,3,-1,-1,-1,-1,-1,-1,-1
201450BB2H007,1,9,0,18,0,1,0,0,0,0,1,1,6,1,69,10,1248,2,6,7,1
201450BB2H007,2,9,0,3,0,1,0,0,0,0,2,1,1,2,44,7,1799,1,4,4,2
201450BB2I001,1,9,0,16,0,0,0,4,0,0,1,1,6,1,37,7,-1,-1,-1,8,2
201450BB2I001,2,9,0,3,0,0,0,0,0,0,2,1,6,1,18,4,2000,2,9,3,3
201450BB2I002,1,9,0,16,0,0,1,0,2,11,1,1,6,1,24,5,1595,1,15,4,3
201450BB2I003,1,9,0,17,0,0,5,0,2,10,1,1,1,1,59,9,1360,1,14,2,1
201450BB2I004,1,9,0,18,0,0,0,0,0,0,0,1,6,2,34,6,1390,1,15,3,1
201450BB2I006,1,9,4,18,0,0,4,0,2,7,1,1,6,1,53,8,2499,2,16,1,1
201450BB2I007,1,9,0,3,0,1,0,0,0,0,1,1,6,1,37,7,1998,2,9,2,1
201450BB2I007,2,9,0,3,0,1,0,0,0,0,2,1,6,1,30,6,1495,1,14,5,3
201450BB2I008,1,9,0,17,0,0,2,0,8,1,3,1,1,1,19,4,1199,1,13,2,1
201450BB2I009,1,9,0,9,0,8,0,0,0,0,1,1,2,2,57,9,1390,1,10,3,3
201450BB2I009,2,9,0,18,0,8,0,0,0,0,1,1,2,1,25,5,1388,1,10,3,2
201450BB2J001,1,9,0,18,0,0,1,0,0,0,1,1,6,2,24,5,1595,1,13,2,1
201450BB2J001,2,9,0,4,0,0,0,0,0,0,1,1,2,1,36,7,1390,2,13,3,3
201450BB2K001,1,9,0,18,0,1,0,0,0,0,4,1,6,2,71,10,1396,1,11,3,2
201450BB2K002,1,19,0,9,0,1,0,0,0,0,0,1,6,3,-1,-1,-1,-1,-1,-1,-1
201450BB2K004,1,98,0,18,0,0,0,0,0,0,4,1,1,1,61,9,-1,-1,-1,4,3
201450BB2K008,1,3,0,18,0,1,0,0,0,0,1,1,6,1,26,6,124,1,15,2,1
201450BB2K009,1,9,0,9,0,8,0,0,0,0,4,1,1,1,62,9,1598,2,1,-1,-1
201450BB2K009,2,9,0,18,0,1,0,0,0,0,3,1,6,2,47,8,1299,1,12,4,3
201450BB2K010,1,9,0,5,0,6,0,0,0,0,4,1,6,2,71,10,2461,2,18,2,1
201450BB2K010,2,9,0,18,0,8,0,0,0,0,3,1,6,2,57,9,1248,1,1,2,1
201450BB2K011,1,9,0,16,0,3,0,0,0,0,1,1,6,1,29,6,1248,2,3,4,1
201450BB2K011,2,19,0,8,0,2,0,0,0,0,2,1,1,1,41,7,1997,2,11,2,1
201450BB2K012,1,21,0,7,0,6,0,0,0,0,3,1,6,1,59,9,3920,2,8,8,1
201450BB2K012,2,9,0,18,0,8,0,0,0,0,3,1,6,1,22,5,-1,-1,-1,5,1
201450BB2K013,1,9,0,18,0,1,0,0,0,0,1,1,6,1,25,5,1999,1,8,4,2
201450BB2K013,2,9,0,18,0,1,0,0,1,0,2,1,6,2,63,9,1598,1,7,3,3
201450BB2K014,1,9,0,9,0,5,0,0,0,0,1,1,6,2,26,6,1796,1,12,5,1
201450BB2K014,2,9,0,18,0,1,0,0,0,0,1,1,6,1,26,6,1896,2,17,5,1
201450BB2K015,1,9,0,4,0,1,0,0,0,0,1,1,1,1,33,6,-1,-1,-1,5,3
201450BB2K015,2,9,0,3,0,1,0,0,0,0,2,1,6,2,48,8,1598,1,7,5,3
201450BB2K016,1,9,0,18,0,4,0,0,0,0,1,1,1,1,57,9,-1,-1,-1,4,3
201450BB2K016,2,9,0,8,0,4,0,0,0,0,2,1,6,2,29,6,1598,1,8,7,1
201450BB2K017,1,9,0,18,0,2,0,0,0,0,3,1,1,2,44,7,599,1,12,4,3
201450BB2K017,2,9,0,18,0,1,0,0,0,0,1,1,2,2,49,8,2401,2,10,4,3
201450BB2K020,1,11,0,18,0,1,0,0,0,0,2,1,1,2,57,9,8300,2,16,4,2
201450BB2K020,2,9,0,18,0,5,0,0,0,0,1,1,6,2,34,6,1998,1,11,5,2
201450BB2K025,1,9,0,9,0,6,0,0,0,0,1,1,6,1,67,10,1598,1,1,-1,-1
201450BB2K025,2,9,0,18,0,1,0,0,0,0,2,1,6,1,46,8,1798,1,12,4,1
201450BB2K028,1,19,0,18,0,0,0,0,0,0,1,1,6,2,26,6,1700,2,17,2,1
201450BB2K028,2,9,0,18,0,0,0,0,0,0,3,1,6,1,39,7,1995,2,9,7,1
201450BB2K032,1,9,0,17,0,2,0,0,0,0,1,1,6,1,17,4,1242,1,13,2,1
201450BB2K032,2,9,0,3,0,1,0,0,0,0,1,1,6,2,19,4,1229,1,-1,7,1
201450BB2K037,1,19,0,17,0,0,2,0,4,0,1,1,1,1,23,5,2198,2,4,4,2
201450BB2K037,2,17,4,16,0,0,0,0,0,0,2,1,1,1,19,4,-1,2,7,7,2
201450BB2K039,1,9,0,18,0,0,0,0,0,0,1,1,6,1,44,7,-1,-1,-1,5,3
201450BB2K039,2,9,0,4,0,0,0,0,0,0,2,1,6,1,41,7,1997,2,9,1,1
201450BB2K041,1,9,0,18,0,0,0,0,2,10,1,1,6,3,-1,-1,-1,-1,-1,-1,-1
201450BB2K043,1,9,0,18,0,0,0,0,0,0,1,1,6,2,41,7,996,1,1,5,1
201450BC2B001,1,9,0,4,0,0,0,0,0,0,1,1,1,1,60,9,1910,2,10,4,1
201450BC2B001,2,21,0,3,0,0,0,0,0,0,2,1,1,1,40,7,-1,-1,-1,2,1
201450BC2C001,1,9,0,18,0,0,0,0,8,11,3,1,2,1,26,6,1984,1,4,4,3
201450BC2C002,1,9,0,17,0,0,0,10,0,0,0,1,2,1,45,7,2099,1,12,4,3
201450BC2C002,2,21,0,16,0,0,0,0,0,0,0,1,1,1,48,8,12900,2,4,8,1
201450BC2E003,1,9,0,18,0,1,5,10,1,0,4,1,6,1,58,9,-1,-1,-1,3,3
201450BC2F001,1,3,0,14,0,0,1,0,0,0,1,1,6,1,17,4,125,1,9,3,3
201450BC2F001,2,9,0,3,0,0,0,0,0,0,2,1,6,1,-1,-1,-1,-1,-1,-1,-1
201450BC2G001,1,9,0,16,0,0,5,0,0,0,1,1,2,1,22,5,1896,2,12,4,3
201450BC2G002,1,19,0,7,0,3,0,0,0,0,1,1,1,1,52,8,1996,2,2,3,2
201450BC2G003,1,2,0,16,0,0,1,0,0,0,3,1,6,1,16,4,50,1,8,-1,2
201450BC2G003,2,9,0,17,0,0,0,0,0,0,3,1,6,1,40,7,-1,-1,-1,3,3
201450BC2G004,1,90,0,18,0,0,1,0,7,9,0,1,6,1,51,8,748,1,40,-1,2
201450BC2G007,1,9,0,18,0,0,0,4,0,0,1,1,6,2,71,10,1997,2,14,4,3
201450BC2G007,2,19,0,2,0,0,0,0,0,0,2,1,6,1,63,9,1896,2,15,4,3
201450BC2H001,1,9,0,3,0,0,0,0,0,0,1,1,6,2,20,4,973,1,14,5,3
201450BC2H001,2,9,0,3,0,0,0,0,0,0,1,1,6,1,44,7,-1,-1,-1,-1,2
201450BC2H001,3,19,0,3,0,0,0,0,1,4,3,1,6,1,25,5,-1,-1,-1,3,1
201450BC2H001,4,9,0,3,0,0,0,0,0,0,1,1,6,1,54,8,2987,2,-1,4,3
201450BC2H001,5,9,0,3,0,0,0,0,0,0,2,1,6,1,28,6,-1,-1,-1,4,3
201450BC2H001,6,9,0,3,0,0,0,0,0,0,3,1,6,1,43,7,-1,-1,-1,-1,2
201450BC2H001,7,9,0,3,0,0,0,0,0,0,2,1,6,2,35,6,1386,1,7,8,2
201450BC2H002,1,9,0,18,0,0,0,0,0,0,1,1,6,3,75,10,1199,1,12,4,3
201450BC2H002,2,9,0,2,0,0,0,0,0,0,2,1,6,1,75,10,1997,2,11,4,3
201450BC2H004,1,9,0,18,0,0,0,0,0,0,1,1,6,1,48,8,2500,6,16,4,3
201450BC2H005,1,9,0,9,0,6,1,0,0,0,3,1,6,2,49,8,2179,2,5,4,3
201450BC2H005,2,9,0,18,0,8,1,0,0,0,2,1,6,2,30,6,1905,2,16,4,3
201450BC2H008,1,9,0,18,0,0,1,0,0,0,1,1,6,1,42,7,1498,1,6,8,3
201450BC2H010,1,5,0,16,0,0,0,0,8,7,3,1,6,1,58,9,748,1,19,5,1
201450BC2H010,2,5,0,16,0,0,0,0,8,7,3,1,6,1,68,10,1052,1,23,4,3
201450BC2H010,3,9,0,17,0,0,0,0,0,0,1,1,6,1,61,9,1910,2,12,-1,-1
201450BC2H011,1,9,0,17,0,0,1,0,1,4,1,1,2,1,52,8,1248,2,4,4,3
201450BC2H012,1,9,0,18,0,0,5,0,2,0,1,1,6,1,51,8,1753,2,6,4,2
201450BC2I004,1,9,0,1,0,2,0,0,0,0,2,1,6,2,33,6,2688,2,14,4,3
201450BC2I004,2,9,0,3,0,2,0,0,0,0,3,1,6,2,59,9,1360,1,8,2,1
201450BC2I005,1,9,0,16,0,1,0,0,0,0,1,1,6,1,35,6,1582,2,1,6,2