Accident_Index,Vehicle_Reference,Vehicle_Type,Towing_and_Articulation,Vehicle_Manoeuvre,Vehicle_Location-Restricted_Lane,Junction_Location,Skidding_and_Overturning,Hit_Object_in_Carriageway,Vehicle_Leaving_Carriageway,Hit_Object_off_Carriageway,1st_Point_of_Impact,Was_Vehicle_Left_Hand_Drive?,Journey_Purpose_of_Driver,Sex_of_Driver,Age_of_Driver,Age_Band_of_Driver,Engine_Capacity_(CC),Propulsion_Code,Age_of_Vehicle,Driver_IMD_Decile,Driver_Home_Area_Type
201450BC2I005,2,9,0,9,0,5,0,0,0,0,2,1,6,2,40,7,1560,2,-1,6,1
201450BC2I007,1,9,0,3,0,6,0,0,0,0,1,1,6,1,38,7,-1,-1,-1,-1,2
201450BC2I007,2,3,0,3,0,8,0,0,0,0,1,1,6,1,38,7,124,1,16,-1,2
201450BC2I008,1,9,0,9,0,5,0,0,0,0,1,1,6,1,-1,-1,-1,-1,-1,-1,-1
201450BC2I008,2,9,0,18,0,8,0,0,0,0,3,1,6,1,71,10,1997,2,13,4,3
201450BC2I008,3,9,0,3,0,1,0,0,0,0,3,1,6,1,48,8,2148,2,9,5,1
201450BC2I010,1,9,0,10,0,6,0,0,3,1,4,1,6,1,68,10,1896,2,11,4,3
201450BC2I010,2,19,0,18,0,8,1,0,7,0,1,1,1,1,82,11,2143,2,2,5,2
201450BC2I012,1,9,0,18,0,0,0,0,0,0,1,1,6,2,26,6,1896,2,9,4,2
201450BC2I013,1,9,0,18,0,1,0,0,0,0,1,1,6,1,23,5,-1,-1,-1,4,3
201450BC2I013,2,9,0,10,0,1,0,0,0,0,1,1,6,1,56,9,1990,1,14,4,3
201450BC2I013,3,9,0,18,0,8,0,0,0,0,1,1,6,2,81,11,1386,1,2,-1,-1
201450BC2J001,1,5,0,13,0,8,5,10,3,11,4,1,6,1,59,9,955,1,13,3,3
201450BC2J001,2,9,0,9,0,5,0,0,0,0,3,1,1,2,41,7,1461,2,2,4,3
201450BC2J002,1,9,0,16,0,0,0,0,2,10,1,1,2,1,26,6,1984,1,12,4,3
201450BC2L001,1,9,0,5,0,6,0,0,0,0,4,1,6,1,82,11,1968,2,9,3,3
201450BC2L001,2,9,0,18,0,8,0,0,0,0,1,1,6,2,46,8,1587,1,11,4,3
201450BC2L002,1,9,0,9,0,8,0,0,0,0,1,1,6,1,79,11,1600,1,8,8,1
201450BC2L002,2,9,0,18,0,8,0,0,0,0,1,1,6,1,55,8,1124,1,11,4,3
201450BC2L003,1,21,0,18,0,0,0,0,0,0,0,1,1,1,34,6,11946,2,10,4,3
201450BC2L003,2,3,0,4,0,0,0,0,0,0,0,1,6,2,21,5,124,1,3,4,3
201450BC2M001,1,9,0,18,0,0,0,0,1,4,3,1,6,1,80,11,1995,2,2,4,2
201450BC2M001,2,9,0,18,0,0,5,0,1,9,3,1,6,1,49,8,1598,1,7,-1,-1
201450BC2N001,1,9,0,18,0,0,0,0,0,0,1,1,6,2,27,6,1984,1,8,4,2
201450BC2N001,2,9,0,18,0,0,0,0,0,0,1,1,6,2,35,6,1560,2,8,5,2
201450BD2B001,1,9,0,16,0,2,1,0,0,11,1,1,6,1,23,5,-1,-1,-1,8,2
201450BD2B002,1,9,0,7,0,1,1,0,7,11,1,1,6,2,26,6,1242,1,-1,6,1
201450BD2B003,1,20,0,18,0,0,0,12,0,0,1,1,6,1,47,8,-1,-1,-1,2,2
201450BD2B004,1,1,0,16,0,0,1,0,0,0,1,1,6,1,36,7,-1,-1,-1,5,2
201450BD2B004,2,9,0,3,0,0,0,0,0,0,1,1,6,1,73,10,2495,2,10,4,3
201450BD2B006,1,9,0,18,0,0,5,0,1,3,1,1,6,1,28,6,2402,2,4,2,2
201450BD2B009,1,9,0,17,0,0,0,0,0,0,1,1,6,1,21,5,1299,1,11,10,1
201450BD2B010,1,9,0,9,0,6,0,0,0,0,1,1,6,1,86,11,1973,1,16,4,2
201450BD2B010,2,9,0,18,0,8,0,0,0,0,4,1,6,2,53,8,1598,1,7,10,2
201450BD2B011,1,9,0,9,0,6,0,0,0,0,3,1,1,1,23,5,1043,1,21,4,3
201450BD2B011,2,9,0,18,0,8,0,0,7,0,1,1,6,2,55,8,1686,2,-1,3,1
201450BD2C002,1,11,0,4,0,0,0,0,0,0,0,1,1,1,62,9,4250,2,10,2,2
201450BD2C003,1,9,0,17,0,0,5,0,7,10,1,1,6,1,17,4,1398,2,8,3,2
201450BD2C005,1,9,0,17,0,2,5,0,1,9,1,1,6,1,31,6,-1,-1,-1,3,2
201450BD2C007,1,9,0,18,0,0,2,0,0,0,1,1,6,1,28,6,1997,2,11,5,3
201450BD2C007,2,9,0,4,0,0,0,0,0,0,1,1,6,1,54,8,1596,1,9,6,3
201450BD2D002,1,9,0,16,0,0,1,0,0,0,1,1,3,2,31,6,1398,2,10,5,3
201450BD2D002,2,11,0,17,0,0,0,0,0,0,3,1,1,1,69,10,3972,2,17,5,2
201450BD2E001,1,9,0,18,0,0,0,0,0,0,1,1,3,2,46,8,1968,2,4,6,3
201450BD2E001,2,9,0,3,0,0,0,0,0,0,2,1,3,2,52,8,1596,1,12,8,1
201450BD2E001,3,10,0,3,0,0,0,0,0,0,2,1,1,1,55,8,2402,2,13,3,2
201450BD2E003,1,9,0,4,0,0,0,0,0,0,2,1,6,1,50,8,2184,2,10,4,3
201450BD2E003,2,11,0,4,0,0,1,0,0,0,1,1,1,1,50,8,12400,2,-1,3,1
201450BD2E003,3,19,0,18,0,0,1,0,0,0,1,1,1,1,59,9,2143,2,1,-1,1
201450BD2E005,1,9,0,18,0,0,0,0,0,0,1,1,6,1,25,5,1799,1,7,8,1
201450BD2E005,2,9,0,18,0,0,0,0,0,0,1,1,6,1,67,10,1399,2,2,5,1
201450BD2E006,1,9,0,5,0,6,0,0,1,11,3,1,6,1,39,7,1997,2,11,4,1
201450BD2E006,2,9,0,18,0,8,0,0,7,1,1,1,6,1,32,6,1995,1,11,8,1
201450BD2F001,1,9,0,18,0,1,1,0,3,1,1,1,1,1,43,7,1910,2,11,5,3
201450BD2F005,1,9,0,16,0,0,0,0,0,0,1,1,6,1,59,9,1973,1,15,4,3
201450BD2F005,2,9,0,17,0,0,0,0,0,0,1,1,6,2,53,8,1398,2,1,4,3
201450BD2F006,1,21,0,14,0,8,0,0,0,0,1,1,1,1,58,9,7201,2,6,5,2
201450BD2F006,2,9,0,18,0,8,0,0,0,0,1,1,6,1,42,7,1199,1,14,4,2
201450BD2F006,3,9,0,10,0,1,0,0,0,0,0,1,6,2,-1,-1,-1,-1,-1,5,3
201450BD2G001,1,9,0,17,0,0,1,6,0,0,1,1,6,1,22,5,1229,1,1,4,3
201450BD2G002,1,9,0,16,0,0,1,0,3,9,1,1,6,1,74,10,1598,1,14,4,3
201450BD2G004,1,17,0,3,0,3,0,0,0,0,0,1,2,1,41,7,8800,2,3,4,3
201450BD2G004,2,4,0,7,0,4,0,0,0,0,0,1,6,1,77,11,249,1,6,4,3
201450BD2G006,1,5,0,16,0,0,0,0,0,7,3,1,6,1,37,7,599,1,17,4,1
201450BD2G009,1,9,0,5,0,7,0,0,0,0,2,1,2,2,33,6,1248,2,4,9,3
201450BD2G009,2,19,0,5,0,7,0,0,0,0,1,1,2,1,32,6,2151,2,13,3,2
201450BD2G010,1,9,0,18,0,0,0,0,0,0,4,1,6,1,66,10,-1,-1,-1,4,3
201450BD2G011,1,21,0,7,0,8,0,0,0,0,4,1,1,1,28,6,-1,-1,-1,-1,-1
201450BD2G011,2,9,0,18,0,8,0,0,0,0,1,1,6,2,38,7,1588,1,11,5,3
201450BD2G012,1,9,0,7,0,1,0,0,0,0,1,1,6,1,77,11,2084,1,12,4,3
201450BD2G012,2,9,0,18,0,1,0,0,0,0,2,1,1,2,46,8,1360,1,10,4,3
201450BD2I003,1,9,0,8,0,4,0,0,0,0,1,1,2,1,30,6,-1,-1,-1,1,1
201450BD2I003,2,9,0,18,0,8,0,0,0,0,4,1,6,1,46,8,1560,2,3,4,1
201450BD2I006,1,9,0,18,0,1,0,0,0,0,1,1,6,1,19,4,1794,1,13,3,2
201450BD2I009,1,9,0,18,0,8,5,0,0,0,4,1,6,1,18,4,1761,1,14,2,2
201450BD2I009,2,9,0,2,0,2,0,0,0,0,4,1,6,1,44,7,1951,2,11,5,1
201450BD2I009,3,9,0,2,0,2,0,0,0,1,4,1,6,1,22,5,1910,2,9,5,2
201450BD2I011,1,9,0,10,0,8,0,0,0,0,1,1,6,1,46,8,1499,1,17,2,2
201450BD2I011,2,9,0,18,0,8,0,0,0,0,1,1,6,2,21,5,1362,1,1,6,3
201450BD2I013,1,9,0,10,0,1,0,0,0,0,2,1,6,1,37,7,1905,2,18,7,2
201450BD2I013,2,19,0,18,0,1,0,0,7,0,1,1,1,1,38,7,1968,2,2,4,1
201450BD2I013,3,9,0,18,0,2,0,10,2,0,4,1,6,1,76,11,1248,1,2,7,3
201450BD2I014,1,5,0,4,0,0,0,0,0,0,1,1,6,1,21,5,599,1,16,4,1
201450BD2I014,2,9,0,4,0,0,0,0,0,0,2,1,6,2,29,6,1360,1,10,5,3
201450BD2I015,1,9,0,18,0,0,0,0,0,0,0,1,6,2,42,7,1124,1,18,5,2
201450BD2I017,1,9,0,18,0,4,0,0,0,0,1,1,6,1,70,10,1198,1,1,7,3
201450BD2I017,2,9,0,9,0,3,0,0,0,0,4,1,6,2,27,6,1198,1,11,5,3
201450BD2I018,1,9,0,16,0,0,1,0,0,11,4,1,6,2,44,7,2000,2,9,5,3
201450BD2I019,1,2,0,16,0,0,5,0,0,0,1,1,6,1,22,5,-1,-1,-1,5,3
201450BD2I019,2,19,0,17,0,0,1,0,0,0,1,1,1,1,54,8,-1,-1,-1,2,2
201450BD2I020,1,9,0,16,0,1,0,0,0,0,3,1,6,1,77,11,1995,2,9,2,2
201450BD2I020,2,9,0,17,0,2,1,0,0,0,3,1,6,2,55,8,1275,1,16,7,2
201450BD2J001,1,9,0,17,0,0,0,0,1,0,1,1,1,1,32,6,1896,2,12,2,2
201450BD2J002,1,9,0,17,0,0,5,0,7,0,3,1,1,1,25,5,1368,1,6,6,2
201450BD2J003,1,9,0,17,0,0,2,0,2,0,1,1,6,1,19,4,1360,1,12,5,3
201450BD2J004,1,9,0,18,0,8,0,0,7,0,3,1,6,1,22,5,1388,1,9,6,3
201450BD2J004,2,9,0,18,0,8,0,0,7,0,1,1,6,1,51,8,1800,1,15,3,2
201450BD2J005,1,9,0,18,0,0,1,0,5,6,3,1,6,1,44,7,1229,1,8,10,1
201450BD2J005,2,9,0,13,0,0,1,0,5,6,1,1,6,1,55,8,2496,2,10,4,3
201450BD2J007,1,90,0,9,0,8,0,0,0,0,4,1,6,1,82,11,2178,2,10,4,3
201450BD2J007,2,19,0,18,0,8,1,0,0,0,1,1,1,1,40,7,2198,2,3,4,2
201450BD2J009,1,9,0,18,0,0,2,0,1,6,1,1,6,1,17,4,1396,1,8,2,2
201450BD2K001,1,9,0,18,0,0,2,0,0,10,1,1,6,2,17,4,-1,-1,-1,5,2
201450BD2K003,1,9,0,18,9,1,0,7,1,1,1,1,1,2,65,9,1597,1,16,5,2
201450BD2K004,1,19,0,9,0,6,0,0,3,10,3,1,1,1,22,5,2402,2,7,3,2
201450BD2K004,2,9,0,17,0,1,0,0,7,10,1,1,1,1,37,7,1560,2,3,7,2
201450BD2K007,1,9,0,17,0,0,1,0,1,10,1,1,6,2,58,9,2495,2,15,5,3
201450BD2K008,1,9,0,4,0,0,1,0,0,0,1,1,6,1,21,5,2171,2,12,3,2
201450BD2K008,2,9,0,4,0,0,2,0,0,0,1,1,6,2,20,4,1242,1,8,5,3
201450BD2M003,1,9,0,3,0,8,0,0,0,0,3,1,6,1,48,8,1390,1,2,6,2
201450BD2M003,2,3,0,18,0,8,5,0,1,0,1,1,1,1,20,4,124,1,1,5,2
201450BD2M004,1,21,0,9,7,5,0,0,0,0,1,1,1,2,29,6,4580,2,7,3,1
201450BD2M004,2,9,0,18,0,8,0,0,0,0,4,1,6,2,35,6,998,1,1,6,3
201450BD2M005,1,9,0,17,0,1,0,0,0,0,1,1,6,1,18,4,1124,1,9,2,2
201450BD2M005,2,3,0,17,0,2,0,0,0,0,1,1,6,1,20,4,124,1,1,7,3
201450BD2M012,1,9,0,7,0,5,0,7,1,10,1,1,6,1,97,11,1149,1,15,7,1
201450BD2M012,2,9,0,2,0,2,0,0,0,0,4,1,6,2,65,9,1124,1,12,2,2
201450BD2M013,1,9,0,18,0,0,0,0,0,0,1,1,6,3,-1,-1,1598,1,12,-1,-1
201450BD2M016,1,9,0,16,0,0,2,0,2,0,4,1,6,2,54,8,1995,2,6,5,3
201450BD2M019,1,9,0,18,0,0,0,0,0,0,1,1,6,1,20,4,-1,-1,-1,2,2
201450BD2M019,2,9,0,18,0,0,0,0,0,0,1,1,6,1,43,7,1870,2,9,7,3
201450BD2M020,1,3,0,18,0,8,0,0,0,0,2,1,6,1,18,4,124,1,11,7,2
201450BD2M020,2,19,0,9,0,6,0,0,0,0,1,1,1,1,52,8,-1,-1,-1,2,2
201450BD2N001,1,9,0,1,0,0,0,0,0,0,2,1,6,2,67,10,1598,1,2,5,3
201450BE2A002,1,9,0,18,0,8,0,0,0,0,1,1,6,1,53,8,2663,2,18,4,3
201450BE2A002,2,9,0,18,0,6,0,0,3,4,4,1,6,1,48,8,-1,-1,-1,3,2
201450BE2A003,1,9,0,18,0,8,1,0,0,4,1,1,6,1,50,8,-1,-1,-1,5,3
201450BE2A003,2,9,0,18,0,8,1,0,7,4,2,1,6,1,34,6,-1,-1,-1,7,2
201450BE2A004,1,9,0,4,0,0,5,0,2,10,1,1,6,1,19,4,1598,1,17,2,1
201450BE2A004,2,19,0,18,0,0,0,0,0,0,2,1,1,1,33,6,1997,2,9,7,1
201450BE2C002,1,9,0,17,0,0,1,0,0,0,1,1,1,1,24,5,-1,-1,-1,9,1
201450BE2C002,2,9,0,4,0,0,0,0,0,0,1,1,6,1,66,10,1896,2,6,4,1
201450BE2E002,1,9,0,18,0,0,0,0,0,0,0,1,3,2,41,7,1796,1,13,3,2
201450BE2F001,1,9,0,16,0,2,1,0,1,11,1,1,6,2,46,8,1598,1,14,4,3
201450BE2F002,1,9,0,17,0,0,0,0,0,0,4,1,3,2,54,8,1339,1,8,5,3
201450BE2F002,2,9,0,16,0,0,0,0,0,0,4,1,3,2,54,8,1399,2,12,4,3
201450BE2G002,1,9,0,4,0,1,1,0,0,0,1,1,1,1,24,5,1560,2,3,6,1
201450BE2G002,2,9,0,18,0,1,0,0,0,0,1,1,1,2,52,8,1396,1,4,7,2
201450BE2H001,1,9,0,18,0,1,0,0,1,10,4,1,6,1,25,5,-1,-1,-1,4,2
201450BE2H006,1,9,0,18,0,1,0,0,0,0,1,1,6,2,68,10,1590,1,13,-1,-1
201450BE2H006,2,9,0,2,0,2,0,0,0,0,2,1,6,1,38,7,1910,2,5,7,3
201450BE2H006,3,9,0,2,0,2,0,0,0,0,2,1,6,2,42,7,2143,2,2,3,3
201450BE2H010,1,3,0,18,0,8,0,0,0,0,1,1,6,1,21,5,125,1,8,4,2
201450BE2H010,2,9,0,7,0,5,0,0,0,0,1,1,6,2,53,8,2457,1,15,4,3
201450BE2H011,1,9,0,1,0,1,0,0,0,0,2,1,6,1,38,7,-1,-1,-1,4,2
201450BE2H016,1,9,0,4,0,1,0,0,0,0,1,1,6,2,22,5,1598,1,9,4,3
201450BE2H016,2,9,0,4,0,1,0,0,0,0,2,1,6,1,60,9,1598,1,11,4,1
201450BE2I001,1,9,0,9,0,2,0,0,0,0,0,1,6,2,21,5,1248,2,5,6,3
201450BE2I001,2,20,0,16,0,1,0,0,0,0,0,1,6,2,47,8,-1,-1,-1,3,2
201450BE2I003,1,11,0,17,0,0,0,0,1,4,4,1,1,3,-1,-1,7790,2,9,-1,-1
201450BE2I004,1,9,0,18,0,0,0,0,0,0,1,1,6,1,64,9,2179,2,6,5,3
201450BE2I004,2,9,0,18,0,0,0,0,0,0,1,1,2,1,49,8,1998,1,11,5,2
201450BE2I004,3,1,0,18,0,0,0,0,0,0,2,1,6,1,43,7,-1,-1,-1,5,2
201450BE2I005,1,9,0,9,0,6,0,0,0,0,1,1,6,1,27,6,1896,2,16,3,3
201450BE2I005,2,9,0,18,0,8,1,0,0,0,4,1,6,2,22,5,1388,1,12,4,1
201450BE2J001,1,9,0,17,0,0,0,0,0,0,1,1,1,2,52,8,1398,2,4,3,2
201450BL2A001,1,9,0,17,0,0,0,0,1,11,1,1,1,2,33,6,-1,-1,-1,4,3
201450BL2B001,1,3,0,16,0,2,0,0,0,0,4,1,6,1,21,5,124,1,9,4,3
201450BL2B002,1,9,0,13,0,0,0,0,1,0,3,1,2,1,28,6,998,1,12,5,1
201450BL2B002,2,9,0,18,0,0,0,0,1,0,3,1,6,2,54,8,1951,2,12,5,3
201450BL2E001,1,9,0,16,0,0,1,0,0,11,3,1,6,1,23,5,1905,2,16,4,3
201450BL2E001,2,19,0,17,0,0,1,0,0,0,3,1,1,1,37,7,2143,2,1,9,1
201450BL2E002,1,9,0,18,0,0,0,0,0,0,4,1,6,2,66,10,1686,2,9,4,3
201450BL2H001,1,9,0,18,0,0,2,0,7,0,3,1,6,1,18,4,1560,2,9,4,2
201450BL2H001,2,9,0,18,0,0,0,0,1,0,3,1,6,2,51,8,1388,1,2,4,3
201450BL2I001,1,9,0,18,0,0,0,4,0,0,1,1,6,2,47,8,2204,2,9,5,1
201450BL2I001,2,9,0,2,0,0,0,0,0,0,2,1,6,1,64,9,1560,2,-1,4,3
201450BL2I001,3,9,4,2,6,0,0,0,0,0,0,1,6,1,57,9,2720,2,6,7,3
201450BL2K004,1,9,0,16,0,0,1,0,0,0,1,1,6,2,26,6,1360,1,15,4,2
201450BL2K004,2,9,0,17,0,0,0,0,0,0,1,1,6,1,31,6,796,1,13,3,2
201450BL2K006,1,9,0,1,0,0,0,0,0,0,2,1,6,2,-1,-1,1994,2,12,5,2
201450BL2K007,1,9,0,3,0,1,0,0,0,0,4,1,6,2,30,6,1796,1,13,3,2
201450BL2K008,1,9,0,16,0,0,1,0,8,4,1,1,6,1,22,5,1399,2,6,5,3
201450BL2K010,1,3,0,17,0,0,5,10,0,0,4,1,6,1,69,10,125,1,2,4,2
201450BL2K011,1,9,0,16,0,0,0,0,1,11,1,1,6,2,23,5,1149,1,7,4,3
201450BL2K015,1,17,0,16,0,2,0,0,1,11,1,1,6,1,16,4,-1,2,-1,5,3
201450BL2K021,1,9,0,9,0,2,0,0,0,0,1,1,1,1,27,6,-1,-1,-1,4,2
201450BL2K023,1,2,0,18,0,0,0,0,0,0,4,1,1,1,16,4,49,1,9,5,3
201450BL2K023,2,2,0,18,0,0,2,0,1,0,3,1,1,1,16,4,50,1,-1,4,2
201450BL2K024,1,9,0,18,0,0,0,0,0,6,1,1,6,2,65,9,1242,1,6,5,2
201450BL2K027,1,9,0,18,0,0,0,0,0,0,0,1,6,1,18,4,1198,1,2,10,1
201450BL2K028,1,9,0,18,0,0,0,0,0,0,1,1,6,1,34,6,-1,-1,-1,4,3
201450BL2K032,1,9,0,16,0,0,1,0,7,9,4,1,6,1,42,7,-1,-1,-1,4,3
201450BL2K032,2,9,0,17,0,0,0,0,0,0,4,1,1,1,68,10,-1,-1,-1,5,3
201450BL2K035,1,9,0,17,0,0,0,10,1,11,1,1,1,1,19,4,1995,1,12,7,2
201450BL2K037,1,9,0,9,0,8,0,0,0,0,1,1,6,2,26,6,1364,1,5,3,2
201450BL2K037,2,9,0,18,0,8,0,0,0,0,1,1,6,2,49,8,998,1,8,5,2
201450BL2K039,1,9,0,16,0,0,0,0,0,0,3,1,1,2,48,8,-1,-1,-1,4,1
201450BL2K039,2,9,0,17,0,0,0,0,1,1,3,1,6,1,60,9,2461,2,15,5,2
201450BL2K040,1,9,0,1,0,0,0,4,7,10,2,1,6,1,84,11,1560,2,4,4,3
201450BL2K040,2,9,0,2,0,0,0,0,0,0,1,2,6,1,66,10,-1,-1,-1,-1,-1
201450BL2K041,1,9,0,18,0,0,0,0,0,0,3,1,2,1,56,9,-1,-1,-1,3,1
201450BL2K042,1,19,0,3,0,1,0,4,0,0,1,1,1,1,26,6,2402,2,12,2,1
201450BL2K042,2,9,0,3,0,1,0,0,0,0,2,1,6,1,39,7,1997,2,2,3,1
201450BL2K043,1,9,0,18,0,0,5,0,8,2,1,1,6,1,47,8,1798,1,10,4,3
201450BL2K045,1,9,0,18,0,0,0,0,0,0,1,1,6,2,41,7,1997,2,8,4,2
201450BL2K046,1,9,0,18,0,0,1,4,0,0,1,1,6,1,21,5,1587,1,11,4,3
201450BL2K046,2,9,0,2,0,0,0,0,0,0,2,1,6,2,-1,-1,1796,1,12,3,2
201450BL2K048,1,9,0,4,0,1,0,0,0,0,4,1,6,1,64,9,1560,2,4,4,2
201450BL2K049,1,19,0,18,0,0,0,0,0,0,4,1,1,1,25,5,2402,2,3,10,2
201450BL2K050,1,9,0,16,0,0,1,0,0,0,3,1,1,1,20,4,-1,-1,-1,4,2
201450BL2K050,2,9,0,18,0,0,0,0,0,0,3,1,6,1,63,9,-1,-1,-1,5,2
201450BL2K052,1,9,0,18,0,0,0,0,0,0,1,1,6,1,54,8,1997,1,12,5,2
201450BL2K052,2,9,0,10,0,0,1,0,0,0,2,1,6,2,56,9,1399,2,10,4,3
201450BL2K054,1,9,0,18,0,0,0,0,0,0,1,1,6,2,69,10,1328,1,9,4,3
201450BL2K054,2,9,0,13,0,0,0,0,0,0,2,1,6,1,30,6,1900,2,15,2,1
201450BL2L002,1,9,0,18,0,0,1,0,1,9,1,1,6,1,41,7,1149,1,9,-1,-1
201450BL2L003,1,9,0,18,0,0,2,0,1,7,1,1,6,2,50,8,1461,2,11,5,1
201450BL2L004,1,19,0,13,0,0,1,0,5,0,1,1,6,2,32,6,1686,2,4,5,3
201450BL2L004,2,21,0,18,0,0,0,0,0,0,2,1,1,1,40,7,12902,2,1,5,1
201450BL2L005,1,9,0,18,0,0,1,0,5,6,1,1,1,2,24,5,1910,2,6,3,1
201450BL2L006,1,9,0,18,0,0,0,0,0,0,1,1,1,1,51,8,1560,2,1,2,1
201450BL2L006,2,9,0,18,0,0,0,0,0,0,1,1,1,2,56,9,-1,-1,-1,3,1
201450BL2L006,3,9,0,18,6,0,0,0,1,0,0,1,1,1,57,9,2987,2,3,5,1
201450BL2L008,1,9,0,4,0,5,1,0,0,1,1,1,6,1,35,6,1896,2,17,5,1
201450BL2L010,1,9,0,18,0,0,2,0,4,10,1,1,6,1,17,4,1349,1,6,9,1
201450BL2L011,1,9,0,17,0,0,1,0,0,0,1,1,1,2,45,7,1328,1,8,5,3
201450BL2L011,2,9,0,16,0,0,1,0,0,0,1,1,6,2,26,6,-1,-1,-1,4,3
201450BL2L012,1,17,0,17,0,0,1,0,0,0,1,1,6,1,60,9,-1,2,28,4,3
201450BL2L012,2,9,0,16,0,0,0,0,0,0,1,1,6,1,50,8,1781,1,13,5,3
201450BL2L013,1,9,0,18,0,0,0,0,0,0,1,1,6,2,86,11,1328,1,13,4,2
201450BL2L013,2,21,0,4,0,0,0,0,0,0,2,1,1,1,58,9,6174,2,9,7,1
201450BL2L015,1,9,0,18,0,8,0,0,0,0,1,1,6,2,84,11,1360,1,8,4,3
201450BL2L015,2,9,0,18,0,8,0,0,0,0,1,1,6,1,56,9,1686,2,4,5,3
201450BL2L015,3,9,0,18,0,8,0,0,0,0,4,1,6,1,63,9,1997,1,13,8,1
201450BL2L016,1,9,0,17,0,0,2,0,1,10,1,1,6,2,21,5,899,1,-1,5,3
201450BL2L017,1,20,0,5,0,6,0,0,0,0,0,1,6,3,57,9,4500,2,7,2,1
201450BL2L017,2,9,0,18,0,2,0,0,1,0,0,1,6,1,27,6,2000,1,11,4,3
201450BL2L018,1,9,0,18,0,2,0,0,1,1,1,1,6,2,19,4,1248,2,7,4,1
201450BL2M001,1,9,0,17,0,0,1,0,1,4,3,1,1,1,59,9,5000,1,2,8,2
201450BL2M002,1,9,0,18,0,0,1,0,0,0,1,1,6,2,50,8,2497,1,3,4,3
201450BL2M003,1,9,0,18,0,0,0,0,0,0,1,1,6,1,20,4,1686,2,14,6,3
201450BL2M003,2,9,0,17,0,0,0,0,0,0,1,1,6,1,32,6,2616,1,8,4,3
201450BL2M004,1,9,0,9,0,8,0,0,0,0,1,1,6,2,28,6,2993,2,10,5,1
201450BL2M004,2,9,0,18,0,8,0,0,0,0,1,1,6,2,38,7,1968,2,1,5,1
201450BL2M005,1,17,0,12,0,8,0,0,0,0,4,1,1,1,68,10,854,2,1,4,3
201450BL2M005,2,5,0,18,0,8,1,0,0,10,1,1,6,1,51,8,1127,1,17,-1,2
201450BL2M006,1,9,0,18,0,2,0,0,0,11,1,1,6,1,23,5,1997,2,13,5,3
201450BL2M007,1,9,0,18,0,0,0,0,0,0,1,1,6,2,70,10,996,1,4,4,3
201450BL2M007,2,9,0,18,0,0,0,0,0,0,2,1,6,1,54,8,1560,2,3,4,3
201450BL2M008,1,9,0,18,0,2,0,0,0,0,1,1,6,1,39,7,2967,2,4,5,1
201450BL2M008,2,9,0,18,0,2,0,0,0,0,2,1,1,1,37,7,2495,2,12,4,3
201450BL2N001,1,9,0,4,0,0,1,0,7,0,1,1,6,2,19,4,1299,1,16,4,3
201450BL2N003,1,9,0,12,0,2,0,0,0,0,1,1,1,1,59,9,1997,2,4,8,2
201450BL2N003,2,9,0,12,0,2,0,0,0,0,2,1,1,1,47,8,1968,2,1,8,1
201450BL2N003,3,17,0,18,0,6,0,0,0,0,0,1,1,1,51,8,-1,-1,-1,4,3
201450BL2N004,1,9,0,18,0,0,0,0,0,0,1,1,6,2,30,6,1398,1,1,1,1
201450BL2N004,2,9,0,18,0,0,0,0,0,0,1,1,6,1,32,6,1598,1,11,3,2
201450BL2N005,1,11,0,18,0,0,0,0,0,0,1,1,1,1,22,5,-1,-1,-1,8,1
201450BL2N005,2,17,4,18,0,0,3,0,0,0,2,1,1,1,39,7,4400,2,6,4,3
201450BL2N006,1,9,0,16,0,1,2,0,1,11,0,1,1,1,23,5,1598,1,12,4,3
201450BL2O001,1,9,0,9,0,5,0,0,0,0,4,1,6,1,22,5,1199,1,10,-1,-1
201450BL2O001,2,9,0,18,0,1,0,0,0,0,1,1,6,1,54,8,1560,2,3,4,2
201450BL2O002,1,9,0,9,0,8,0,0,0,0,2,1,6,2,23,5,1329,1,5,5,3
201450BL2O002,2,9,0,17,0,8,0,0,0,0,1,1,2,1,24,5,1171,1,18,3,2
201450BL2O003,1,9,0,16,0,0,0,0,2,10,1,1,6,2,21,5,1149,1,12,5,2
201450BL2O003,2,19,0,10,0,0,0,0,0,0,0,1,1,1,51,8,2198,2,3,4,2
201450BL2O005,1,9,4,18,0,0,0,0,0,0,1,1,6,2,58,9,2198,2,-1,9,1
201450BL2P001,1,9,4,18,0,0,5,0,2,0,4,1,1,1,45,7,2402,2,6,5,3
201450BL2Q001,1,9,0,18,0,0,0,0,2,10,1,1,6,1,20,4,-1,-1,-1,4,2
201450BL2Q002,1,9,0,16,0,0,2,0,1,10,1,1,6,1,19,4,1598,1,13,3,2
201450BL2Q002,2,9,0,16,0,0,1,0,0,0,2,1,6,2,28,6,1229,1,6,7,1
201450BL2Q002,3,9,0,16,0,0,1,0,0,0,1,1,6,1,21,5,1398,2,11,4,3
201450BL2Q003,1,5,0,16,0,0,0,0,0,0,1,1,6,1,20,4,-1,-1,-1,4,1
201450BL2Q003,2,9,0,17,0,0,1,0,0,0,4,1,6,1,30,6,2495,2,15,5,3
201450BL2Q004,1,9,0,18,0,0,0,0,0,0,1,1,1,1,34,6,2204,2,8,5,3
201450BL2Q004,2,9,0,10,0,0,0,0,0,0,2,1,1,2,52,8,1997,2,5,5,3
201450BL2Q005,1,9,0,16,0,0,2,0,2,0,1,1,6,1,24,5,1461,2,12,4,2
201450BN2B001,1,9,0,5,0,6,0,0,0,0,0,1,2,1,-1,-1,1124,1,13,7,3
201450BN2B001,2,9,0,18,0,1,1,0,0,0,1,1,2,1,38,7,1587,1,13,7,3
201450BN2B001,3,9,0,18,0,2,1,0,0,0,1,1,6,1,64,9,1461,2,5,7,2