Accident_Index,Vehicle_Reference,Vehicle_Type,Towing_and_Articulation,Vehicle_Manoeuvre,Vehicle_Location-Restricted_Lane,Junction_Location,Skidding_and_Overturning,Hit_Object_in_Carriageway,Vehicle_Leaving_Carriageway,Hit_Object_off_Carriageway,1st_Point_of_Impact,Was_Vehicle_Left_Hand_Drive?,Journey_Purpose_of_Driver,Sex_of_Driver,Age_of_Driver,Age_Band_of_Driver,Engine_Capacity_(CC),Propulsion_Code,Age_of_Vehicle,Driver_IMD_Decile,Driver_Home_Area_Type
201450BN2B003,1,9,0,9,0,6,0,0,1,1,3,1,6,1,36,7,-1,-1,-1,4,2
201450BN2B003,2,9,0,18,0,1,1,0,0,0,1,1,6,1,25,5,1951,2,12,6,2
201450BN2B004,1,9,0,18,0,8,0,0,0,0,4,1,2,2,36,7,1994,2,13,4,2
201450BN2B004,2,9,0,9,0,8,0,0,0,0,1,1,2,2,18,4,-1,-1,-1,5,3
201450BN2B005,1,9,0,16,0,0,2,0,7,9,1,1,1,1,29,6,1596,1,15,1,1
201450BN2B006,1,9,0,17,0,1,0,0,0,0,1,1,6,1,67,10,2495,2,12,5,3
201450BN2B006,2,21,0,16,0,2,0,0,0,0,1,1,1,1,55,8,12777,2,7,5,1
201450BN2B006,3,9,0,17,0,1,0,0,0,0,3,1,6,1,26,6,1499,1,3,6,1
201450BN2B006,4,9,0,16,0,1,0,0,0,0,2,1,6,1,17,4,1896,2,11,3,3
201450BN2B006,5,9,0,16,0,1,0,0,0,0,1,1,6,1,17,4,1299,1,13,6,3
201450BN2B007,1,9,0,18,0,0,2,0,0,10,4,1,6,2,17,4,796,1,15,7,3
201450BN2C001,1,9,0,18,0,0,1,0,0,0,3,1,6,1,56,9,954,1,18,5,3
201450BN2C001,2,3,0,18,0,0,2,0,1,0,3,1,2,1,17,4,124,1,1,5,2
201450BN2C002,1,9,0,18,0,0,0,0,0,0,1,1,6,1,48,8,-1,-1,-1,5,3
201450BN2C002,2,9,0,18,0,0,0,0,0,0,1,1,6,1,50,8,-1,-1,-1,5,3
201450BN2D002,1,9,0,18,0,0,1,10,1,10,4,1,6,1,19,4,1598,1,12,6,1
201450BN2D002,2,9,0,18,0,0,0,0,0,0,3,1,1,2,56,9,1968,2,8,7,3
201450BN2D007,1,9,0,3,0,0,0,0,0,0,1,1,6,1,68,10,973,1,14,5,3
201450BN2D008,1,3,0,18,0,1,0,0,0,0,1,1,6,1,22,5,124,1,1,7,2
201450BN2D008,2,9,0,5,0,6,0,0,0,0,3,1,6,2,46,8,1242,1,11,3,2
201450BN2D010,1,9,0,9,0,5,0,0,0,0,2,1,1,1,26,6,-1,-1,-1,8,2
201450BN2D010,2,9,0,18,0,1,0,0,0,0,1,1,6,2,23,5,-1,-1,-1,4,2
201450BN2D012,1,21,0,18,0,0,0,0,0,0,1,1,1,1,40,7,12809,2,1,4,2
201450BN2D012,2,9,0,18,0,0,0,0,0,0,1,1,6,1,82,11,999,1,4,7,3
201450BN2D013,1,9,0,18,0,0,0,0,0,0,2,1,6,1,69,10,2148,2,11,7,2
201450BN2D013,2,9,0,3,0,0,0,0,0,0,1,1,6,1,65,9,2967,1,15,4,2
201450BN2D014,1,9,0,16,0,0,0,0,0,0,1,1,6,2,33,6,1598,2,2,7,3
201450BN2D015,1,9,0,1,0,8,0,0,0,0,2,1,6,3,-1,-1,-1,-1,-1,-1,-1
201450BN2D017,1,9,0,17,0,0,0,0,0,0,1,1,6,1,20,4,1364,1,9,3,2
201450BN2D017,2,9,0,16,0,0,0,0,0,0,1,1,6,2,45,7,1299,1,10,5,3
201450BN2D020,1,5,0,17,0,0,5,0,1,9,1,1,6,1,45,7,599,1,12,3,1
201450BN2D022,1,9,0,16,0,0,2,0,7,4,3,1,6,2,48,8,1998,2,10,-1,-1
201450BN2D023,1,9,0,18,0,1,1,0,0,0,1,1,6,1,33,6,4398,1,16,7,2
201450BN2D023,2,5,0,18,0,1,0,0,0,0,2,1,6,1,52,8,645,1,4,8,1
201450BN2D023,3,5,0,18,0,1,0,0,0,0,2,1,6,1,82,11,599,1,4,5,1
201450BN2D024,1,9,0,18,0,0,0,0,7,0,1,1,6,1,87,11,-1,-1,-1,6,3
201450BN2D024,2,9,0,18,0,0,0,0,0,0,1,1,2,2,47,8,1596,1,10,7,3
201450BN2D025,1,19,0,3,0,8,0,0,0,1,4,1,1,1,62,9,1997,2,10,5,3
201450BN2D025,2,9,0,18,0,8,0,0,0,0,1,1,6,1,27,6,1596,1,12,4,1
201450BN2D026,1,9,0,16,0,0,1,0,0,0,1,1,1,1,24,5,1596,1,11,5,3
201450BN2D026,2,9,0,17,0,0,0,0,0,0,1,1,2,1,46,8,1998,2,8,5,3
201450BN2D027,1,9,0,17,0,0,5,0,0,0,0,1,6,2,57,9,1896,2,13,7,2
201450BN2D028,1,9,0,10,0,6,0,0,0,0,3,1,6,1,54,8,1242,1,2,5,3
201450BN2D028,2,9,0,18,0,8,0,0,0,0,1,1,6,1,46,8,-1,-1,-1,7,1
201450BN2D029,1,9,0,18,0,0,0,0,0,0,1,1,6,2,37,7,-1,-1,-1,7,3
201450BN2D029,2,9,0,3,0,0,0,0,0,0,2,1,6,2,32,6,1598,1,11,4,2
201450BN2D030,1,9,0,18,0,0,0,0,0,0,1,1,6,3,-1,-1,1598,1,16,-1,-1
201450BN2E001,1,19,0,17,0,2,1,0,7,8,1,1,2,1,30,6,2402,2,3,7,1
201450BN2E002,1,9,0,5,0,6,0,0,0,0,4,1,6,2,22,5,1364,1,9,6,3
201450BN2E002,2,9,0,9,0,5,0,0,0,0,1,1,4,2,46,8,1398,2,10,6,3
201450BN2E003,1,5,0,18,0,0,0,4,0,0,1,1,6,1,53,8,998,1,6,4,3
201450BN2E003,2,9,0,2,0,0,0,0,0,0,1,1,6,1,-1,-1,2495,2,10,7,3
201450BN2E004,1,9,0,18,0,0,0,0,0,0,1,1,1,1,20,4,-1,-1,-1,6,3
201450BN2E004,2,9,0,3,0,0,0,0,0,0,2,1,2,2,51,8,1560,2,1,4,2
201450BN2E004,3,9,0,3,0,0,0,0,0,0,2,1,6,1,46,8,799,2,2,7,3
201450BN2E010,1,2,0,18,0,0,1,0,0,0,2,1,6,1,16,4,49,1,5,4,3
201450BN2E010,2,9,0,18,0,0,0,0,0,0,1,1,6,3,-1,-1,1360,1,12,-1,-1
201450BN2E013,1,1,0,18,0,0,0,0,0,0,2,1,1,1,51,8,-1,-1,-1,8,1
201450BN2E013,2,21,0,18,0,0,0,0,0,0,4,1,6,1,64,9,9364,2,10,5,3
201450BN2E014,1,3,0,16,0,0,0,0,0,0,1,1,6,1,17,4,124,1,23,6,2
201450BN2E014,2,9,0,17,0,0,0,0,0,0,1,1,6,1,51,8,1248,2,4,5,3
201450BN2E016,1,9,0,6,0,0,0,0,0,0,1,1,6,2,70,10,998,1,11,4,3
201450BN2E016,2,4,0,18,0,0,0,0,0,0,1,1,6,1,41,7,498,1,23,5,3
201450BS2A001,1,9,0,18,0,0,0,0,0,0,1,1,6,1,41,7,-1,-1,-1,6,1
201450BS2A001,2,9,0,3,0,0,0,0,0,0,2,1,6,1,42,7,1968,2,3,6,3
201450BS2A002,1,9,0,18,0,0,5,0,0,0,1,1,6,1,22,5,1124,1,13,5,3
201450BS2A004,1,19,0,18,0,0,0,0,0,0,4,1,6,1,23,5,1461,2,1,5,1
201450BS2A005,1,9,0,18,0,0,1,0,1,9,1,1,6,1,67,10,3239,1,17,1,1
201450BS2A005,2,9,0,18,0,0,0,7,1,7,1,1,6,1,56,9,-1,-1,-1,7,1
201450BS2A006,1,9,0,9,0,8,0,0,0,0,1,1,6,1,86,11,1781,1,16,2,2
201450BS2A006,2,5,0,16,0,8,5,0,0,0,1,1,6,1,22,5,599,1,4,6,2
201450BS2A007,1,5,0,18,0,8,5,0,7,0,1,1,2,1,45,7,750,1,14,7,2
201450BS2A007,2,21,0,18,0,8,0,0,0,0,2,1,1,1,50,8,11021,2,10,4,3
201450BS2A008,1,9,0,18,0,0,0,0,0,0,2,1,6,2,18,4,973,1,13,2,2
201450BS2A008,2,9,0,18,0,0,0,0,0,0,1,1,6,2,31,6,1229,1,9,5,3
201450BS2A009,1,9,0,18,0,0,0,0,1,11,1,1,6,1,27,6,1598,1,11,5,1
201450BS2A010,1,9,0,16,0,3,1,0,0,0,1,1,6,2,42,7,-1,-1,-1,7,1
201450BS2A010,2,9,0,4,0,2,0,0,0,0,1,1,6,2,48,8,1685,2,4,3,3
201450BS2A010,3,9,0,4,0,2,0,0,0,0,3,1,6,2,49,8,1339,1,6,4,1
201450BS2A010,4,20,0,18,0,1,0,0,0,0,0,1,1,1,36,7,-1,-1,-1,-1,1
201450BS2A011,1,9,0,16,0,1,0,0,0,0,1,1,6,3,23,5,-1,-1,-1,5,1
201450BS2A011,2,9,0,16,0,1,0,0,0,0,2,1,6,1,22,5,1596,1,13,5,2
201450BS2A012,1,11,0,4,0,0,0,0,0,0,3,1,1,1,63,9,5900,2,5,4,2
201450BS2A013,1,9,0,17,0,0,0,0,0,0,1,1,6,1,26,6,2401,2,10,-1,-1
201450BS2A016,1,9,0,18,0,0,1,0,0,0,1,1,6,1,47,8,2495,2,15,4,3
201450BS2A016,2,9,0,3,0,0,0,0,0,0,2,1,6,2,24,5,1870,2,11,4,2
201450BS2A017,1,19,0,18,0,0,5,0,0,0,1,1,1,1,44,7,2402,2,4,2,1
201450BS2A017,2,9,0,13,0,0,1,0,1,1,1,2,6,2,62,9,-1,-1,-1,-1,-1
201450BS2A017,3,9,0,16,0,0,1,0,0,0,1,1,2,1,54,8,1997,2,11,6,3
201450BS2A018,1,9,0,18,0,0,1,0,7,11,2,1,6,1,26,6,1149,1,10,8,2
201450BS2A019,1,9,0,4,0,0,0,0,0,0,1,1,6,2,20,4,1679,1,13,5,3
201450BS2A019,2,9,0,3,0,0,0,0,0,0,2,1,6,2,18,4,1329,1,-1,3,2
201450BS2A020,1,9,0,17,0,0,0,0,0,0,1,1,6,2,57,9,993,1,11,8,2
201450BS2A020,2,9,0,18,0,0,0,0,1,0,1,1,6,2,86,11,1598,1,3,5,3
201450BS2B001,1,19,0,18,0,0,0,0,0,0,1,1,1,1,37,7,-1,-1,-1,5,2
201450BS2B001,2,9,0,4,0,0,0,0,0,0,2,1,6,2,64,9,996,1,5,3,1
201450BS2B002,1,9,0,18,0,0,0,0,1,1,3,1,6,2,69,10,1332,1,15,4,3
201450BS2B003,1,9,0,9,0,6,0,0,0,0,1,1,6,2,49,8,1910,2,5,7,1
201450BS2B003,2,9,0,14,0,1,0,0,0,0,4,1,6,1,35,6,1998,1,10,-1,-1
201450BS2B004,1,4,0,18,0,0,0,0,0,0,0,1,6,1,74,10,243,1,20,5,3
201450BS2B005,1,9,0,4,0,0,0,0,0,0,1,1,6,2,23,5,1598,2,3,6,1
201450BS2B005,2,9,0,4,0,0,0,0,0,0,2,1,6,2,30,6,1968,2,3,4,2
201450BS2B007,1,19,0,18,0,0,0,0,0,0,0,1,6,3,-1,-1,2198,2,1,-1,-1
201450BS2B007,2,19,0,18,0,0,0,0,0,0,1,1,6,1,74,10,-1,-1,-1,4,2
201450BS2B008,1,9,0,1,0,0,0,0,0,0,1,1,1,2,22,5,1149,1,7,4,1
201450BS2B009,1,21,0,18,0,0,0,0,0,0,1,1,6,1,37,7,10837,2,3,3,3
201450BS2B009,2,9,0,18,0,0,0,0,0,0,1,1,6,1,49,8,2198,1,13,4,2
201450BS2C002,1,3,0,18,0,0,0,0,0,0,3,1,6,1,23,5,124,1,7,3,1
201450BS2C004,1,9,0,16,0,0,0,0,0,0,2,1,1,1,60,9,2204,2,7,-1,-1
201450BS2C004,2,9,0,16,0,0,0,4,0,0,1,1,2,2,38,7,-1,-1,-1,7,3
201450BS2C006,1,19,0,4,0,0,0,0,0,0,1,1,1,1,44,7,2500,2,5,2,1
201450BS2C006,2,19,0,3,0,0,0,0,0,0,1,1,6,1,42,7,-1,-1,-1,7,3
201450BS2C006,3,19,0,3,0,0,0,0,0,0,2,1,1,1,52,8,2477,2,2,2,1
201450BS2C008,1,8,0,4,0,0,0,0,0,0,0,1,1,3,-1,-1,-1,-1,-1,-1,-1
201450BS2C012,1,9,0,18,0,0,0,0,0,0,1,1,6,1,46,8,1596,1,12,7,2
201450BS2C013,1,19,0,18,0,0,0,0,0,0,2,1,1,1,43,7,2402,2,8,5,2
201450BS2C013,2,9,0,18,0,0,1,0,0,0,1,1,2,2,20,4,1339,1,10,-1,-1
201450BS2C015,1,9,0,18,0,8,0,0,0,0,1,1,6,1,47,8,2204,2,9,3,1
201450BS2C015,2,9,0,18,0,8,0,0,0,0,4,1,6,1,70,10,1397,1,4,7,1
201450BS2F001,1,9,0,7,0,6,0,0,0,0,1,1,1,2,53,8,1587,1,9,9,3
201450BS2F001,2,9,0,18,0,8,1,0,0,0,1,1,1,1,49,8,-1,-1,-1,6,3
201450BS2F002,1,9,0,18,0,0,0,0,0,0,3,1,2,2,35,6,1388,1,13,2,1
201450BS2F004,1,9,0,18,0,0,0,0,0,0,0,1,6,1,-1,-1,-1,-1,-1,-1,-1
201450BS2F007,1,9,0,5,0,0,0,0,0,0,1,1,1,1,22,5,1796,1,11,5,1
201450BS2G002,1,5,0,13,0,8,0,0,0,0,1,1,6,1,53,8,749,1,17,5,3
201450BS2G002,2,9,0,9,0,6,0,0,0,0,1,1,6,2,17,4,1329,1,5,8,2
201450BS2G002,3,9,0,18,0,8,0,0,0,0,0,1,6,2,28,6,973,1,13,4,1
201450BS2G003,1,9,0,18,0,1,0,0,0,0,1,1,6,2,58,9,1598,1,15,4,2
201450BS2G003,2,9,0,4,0,1,0,0,0,0,2,1,6,2,25,5,-1,-1,-1,9,1
201450BS2G003,3,9,0,3,0,1,0,0,0,0,1,1,6,1,63,9,1582,2,1,8,3
201450BS2G005,1,9,0,9,0,6,0,0,0,0,3,1,6,1,86,11,1598,1,14,1,1
201450BS2G005,2,9,0,18,0,8,0,0,0,0,1,1,6,1,46,8,1587,1,9,3,1
201450BS2G006,1,9,0,3,0,1,0,0,0,0,1,1,6,2,34,6,1896,2,12,10,1
201450BS2G006,2,3,0,5,0,6,0,0,0,0,2,1,6,1,41,7,125,1,7,7,1
201450BS2G008,1,9,0,18,0,0,0,0,0,0,1,1,6,2,-1,-1,1199,1,10,5,1
201450BS2G008,2,9,0,18,0,0,0,0,0,0,2,1,6,2,22,5,1910,2,7,3,2
201450BS2G009,1,19,0,18,0,8,0,0,0,0,0,1,6,1,-1,-1,-1,-1,-1,-1,-1
201450BS2G009,2,3,0,18,0,8,0,10,0,0,4,1,6,1,40,7,125,1,2,4,3
201450BS2G010,1,19,0,5,0,1,0,0,0,0,1,1,1,1,55,8,1997,2,9,7,1
201450BS2G010,2,9,0,3,0,1,0,0,0,0,2,1,6,1,45,7,1598,1,13,10,1
201450BS2G017,1,9,0,3,0,0,0,0,0,0,2,1,6,1,21,5,1198,1,1,7,1
201450BS2G017,2,9,0,3,0,0,0,0,0,0,2,1,6,1,45,7,1324,1,13,3,1
201450BS2G017,3,9,0,18,0,0,0,0,0,0,1,1,6,1,45,7,1896,2,11,4,3
201450BS2G018,1,9,0,18,0,1,1,0,0,0,1,1,6,1,18,4,1199,1,11,5,3
201450BS2G018,2,9,0,10,0,1,0,0,0,0,2,1,6,2,22,5,1968,2,-1,7,3
201450BS2G020,1,8,0,5,0,1,0,0,0,0,1,1,1,1,46,8,1997,2,5,1,1
201450BS2G020,2,9,0,4,0,1,0,0,0,0,2,1,6,1,27,6,1896,2,8,5,3
201450BS2G022,1,19,0,9,0,8,0,0,0,0,1,1,2,1,24,5,1461,2,12,5,3
201450BS2G022,2,5,0,13,0,8,0,0,0,0,1,1,2,1,55,8,675,1,6,6,3
201450BS2G023,1,9,0,9,0,6,1,0,0,0,1,1,6,2,69,10,1968,2,8,5,3
201450BS2G023,2,9,0,17,0,8,1,0,0,0,1,1,6,1,60,9,-1,-1,-1,3,1
201450BS2G024,1,9,0,18,6,0,0,4,0,0,1,1,6,1,67,10,2495,2,16,7,2
201450BS2G024,2,20,4,2,6,0,0,0,0,0,2,1,1,1,62,9,-1,-1,-1,-1,-1
201450BS2G025,1,9,0,6,0,6,0,0,0,0,4,1,6,1,63,9,1560,2,8,5,2
201450BS2G025,2,1,0,18,0,8,0,0,0,0,4,1,1,1,30,6,-1,-1,-1,2,1
201450BS2G027,1,9,0,18,0,0,0,7,0,0,1,1,6,2,63,9,1398,1,2,7,1
201450BS2H001,1,9,0,6,0,8,0,0,0,0,1,1,6,2,56,9,1388,1,11,6,3
201450BS2H001,2,9,0,17,0,8,0,0,0,0,1,1,6,2,26,6,1910,2,8,4,1
201450BS2K001,1,5,0,16,0,0,1,0,0,0,1,1,2,1,35,6,599,1,18,6,3
201450BS2K001,2,9,0,7,0,0,0,0,0,0,2,1,1,1,28,6,2402,2,6,5,2
201450BS2L001,1,9,0,18,0,0,1,0,0,0,1,1,2,1,28,6,-1,-1,-1,6,2
201450BS2L001,2,9,0,18,0,0,0,0,0,0,1,1,1,1,38,7,-1,-1,-1,4,1
201450BS2M002,1,5,0,17,0,0,1,0,0,0,3,1,6,1,38,7,599,1,14,7,1
201450BS2M003,1,9,0,16,0,0,1,0,0,0,1,1,6,1,19,4,1598,1,14,7,2
201450BS2M003,2,9,3,17,0,0,0,0,0,0,3,1,6,1,71,10,2179,2,5,7,2
201450BS2M004,1,9,0,4,0,1,1,7,7,10,1,1,6,1,20,4,1124,1,13,10,1
201450BS2M004,2,9,0,18,0,1,0,0,0,0,1,1,6,1,69,10,1560,2,9,10,1
201450BS2M005,1,9,0,18,0,0,0,0,0,0,3,1,6,1,72,10,1396,1,11,7,2
201450BS2M005,2,5,0,18,0,0,5,0,1,11,3,1,6,1,46,8,636,1,10,4,3
201450BS2M006,1,9,0,4,0,1,0,0,0,0,1,1,6,2,47,8,1997,2,16,1,1
201450BS2M006,2,9,0,4,0,1,0,0,0,0,2,1,6,1,48,8,2199,2,1,5,2
201450BS2M007,1,9,0,13,0,0,0,0,7,0,1,1,2,1,39,7,-1,-1,-1,2,1
201450BS2M007,2,9,0,18,0,0,0,0,7,9,1,1,6,1,61,9,1956,2,-1,3,1
201450BS2M007,3,9,0,18,0,0,0,0,0,0,3,1,6,2,31,6,1598,1,8,4,3
201450BS2M007,4,21,1,18,0,0,0,0,0,0,3,1,1,1,54,8,12419,2,3,-1,1
201450BS2N001,1,3,0,4,0,0,0,0,0,0,3,1,1,1,18,4,124,1,-1,6,3
201450BS2N001,2,9,0,4,0,0,0,0,0,0,3,1,1,2,61,9,1995,1,7,6,3
201450BT2A003,1,9,0,16,0,0,0,0,0,0,3,1,6,3,-1,-1,-1,-1,-1,-1,-1
201450BT2A004,1,9,0,9,0,8,0,0,0,0,2,1,6,2,29,6,1149,1,16,4,2
201450BT2A004,2,8,0,16,0,1,0,0,0,0,1,1,6,1,48,8,-1,-1,-1,5,2
201450BT2A005,1,9,0,18,0,0,0,0,0,2,4,1,6,1,24,5,1997,1,6,-1,-1
201450BT2A005,2,9,0,3,0,0,0,0,0,0,3,1,6,2,24,5,1598,1,7,6,3
201450BT2A006,1,9,0,16,0,0,2,0,8,10,1,1,2,1,41,7,1360,1,12,6,3
201450BT2B005,1,9,0,18,0,0,2,0,0,0,1,1,2,1,22,5,2172,2,10,2,2
201450BT2B005,2,9,0,18,0,0,0,0,0,0,0,1,6,1,61,9,1686,2,11,5,3
201450BT2B008,1,3,0,18,0,0,1,0,1,10,1,1,6,1,58,9,125,1,6,4,1
201450BT2B011,1,9,0,3,0,0,0,0,0,0,1,1,6,1,81,11,1598,1,11,5,3
201450BT2B011,2,9,0,7,0,0,0,0,0,0,2,1,6,1,64,9,3947,1,23,5,2
201450BT2C001,1,9,0,17,0,8,0,0,0,0,1,1,6,1,33,6,-1,-1,-1,1,1
201450BT2C002,1,9,0,18,0,2,0,0,7,10,3,1,6,1,74,10,-1,-1,-1,5,3
201450BT2C002,2,9,0,18,0,1,0,0,0,0,3,1,2,2,23,5,1461,2,6,4,3
201450BT2C003,1,5,0,17,0,0,1,0,0,0,0,1,6,1,34,6,1000,1,1,10,1
201450BT2D003,1,9,0,3,0,0,0,0,0,0,1,1,6,2,51,8,998,1,2,5,2
201450BT2D006,1,9,0,18,0,1,0,0,0,0,1,1,6,1,69,10,1339,1,6,6,3
201450BT2D006,2,1,0,18,0,1,0,0,0,0,1,1,6,1,53,8,-1,-1,-1,7,1
201450BT2D008,1,1,0,18,0,8,0,0,0,0,1,1,6,1,41,7,-1,-1,-1,2,2
201450BT2D008,2,9,0,5,0,6,0,0,0,0,3,1,6,3,-1,-1,-1,-1,-1,-1,-1
201450BT2D010,1,19,0,18,0,0,0,0,0,0,1,1,1,1,40,7,12902,2,-1,-1,-1
201450BT2E001,1,9,0,16,0,0,0,0,0,0,3,1,6,1,22,5,1600,2,5,5,2
201450BT2E001,2,9,0,17,0,0,0,0,0,0,3,1,1,1,21,5,-1,-1,-1,3,1
201450BT2E003,1,9,0,17,0,2,0,0,1,10,1,1,6,1,80,11,1868,2,9,5,3
201450BT2E004,1,9,0,5,0,0,0,0,0,0,1,1,6,1,50,8,1984,1,13,8,2
201450BT2F002,1,5,0,18,0,0,0,11,0,0,1,1,6,1,25,5,953,1,8,5,2
201450BT2F004,1,9,0,1,0,0,0,0,0,0,2,1,6,2,55,8,1598,1,7,5,3
201450BT2G001,1,3,0,16,0,0,1,0,7,1,1,1,6,1,28,6,124,1,4,4,2
201450BT2H001,1,19,0,5,0,1,0,0,0,0,3,1,6,1,59,9,1998,2,11,-1,2
201450BT2H001,2,10,0,18,0,1,0,0,0,0,1,1,3,1,57,9,2500,2,7,5,3
201450BT2H002,1,9,0,9,0,8,0,0,0,0,1,1,6,2,73,10,1596,1,1,4,2
201450BT2H002,2,9,0,18,0,8,0,0,0,0,2,1,6,2,27,6,1798,1,10,-1,2
201450BT2H003,1,9,0,9,0,6,0,0,0,0,3,1,6,2,75,10,1595,1,14,-1,2
201450BT2H003,2,9,0,18,0,8,0,0,0,0,1,1,2,1,37,7,2996,1,6,5,2
201450BT2H004,1,9,0,5,0,6,0,0,0,0,3,1,2,1,48,8,1598,1,13,8,2
201450BT2H004,2,9,0,18,0,8,0,0,0,0,1,1,2,1,39,7,1192,1,-1,4,2
201450BT2H006,1,9,0,3,0,8,0,0,0,0,3,1,6,2,28,6,1799,1,4,-1,2
201450BT2H006,2,5,0,14,0,8,0,0,0,0,1,1,2,1,54,8,656,1,8,-1,2
201450BU2A001,1,9,0,18,0,0,0,0,0,0,4,1,6,2,67,10,875,1,1,4,3
201450BU2A002,1,9,0,18,0,0,2,0,0,0,3,1,2,2,27,6,1248,2,10,4,3
201450BU2A003,1,9,0,18,0,0,1,0,0,0,4,1,6,1,18,4,1389,1,20,6,3
201450BU2A003,2,9,0,18,0,0,1,0,1,0,1,1,6,2,33,6,2000,2,9,-1,-1
201450BU2A004,1,9,0,16,0,0,0,0,0,0,1,1,6,3,-1,-1,1391,1,14,-1,-1
201450BU2A004,2,5,0,17,0,0,0,0,0,0,3,1,6,1,69,10,1050,1,5,5,3
201450BU2A004,3,9,0,17,0,0,0,0,0,0,3,1,1,2,68,10,1598,1,10,5,3
201450BU2B003,1,9,0,17,0,0,0,0,0,0,1,1,6,1,23,5,1596,1,12,5,3
201450BU2B004,1,9,0,16,0,0,0,0,0,0,1,1,6,2,19,4,1149,1,12,8,2
201450BU2B004,2,9,0,18,0,0,0,0,0,0,1,1,6,1,22,5,1796,1,10,5,3
201450BU2C002,1,9,0,16,0,0,0,0,1,4,1,1,6,1,40,7,1999,1,9,4,1
201450BU2C006,1,9,0,9,0,8,0,0,0,0,1,1,6,2,-1,-1,1997,2,12,-1,-1
201450BU2C006,2,3,0,18,0,8,0,0,0,0,3,1,6,1,22,5,124,1,6,4,3
201450BU2C008,1,5,0,17,0,2,0,0,0,0,1,1,6,1,61,9,-1,-1,-1,-1,-1
201450BU2C008,2,9,0,16,0,1,0,0,0,0,1,1,6,1,68,10,1360,1,12,4,3
201450BU2D001,1,9,0,13,0,0,1,10,1,10,4,1,6,1,67,10,1994,1,18,5,3
201450BU2D001,2,9,0,13,0,0,2,10,0,0,3,1,6,2,26,6,2000,2,9,7,3
201450BU2D001,3,9,0,18,0,0,2,0,0,0,2,1,6,2,60,9,1896,1,17,7,3
201450BU2D001,4,9,0,18,0,0,1,0,0,0,2,1,6,1,36,7,1461,2,11,6,3
201450BU2D001,5,17,0,18,0,0,0,0,0,0,0,1,6,1,25,5,4525,2,3,5,3
201450BU2D002,1,9,0,16,0,0,5,0,1,0,1,1,6,1,24,5,1796,1,8,4,3
201450BU2D003,1,9,0,13,0,0,0,0,0,0,1,1,6,1,18,4,1587,1,14,4,3
201450BU2D003,2,8,0,18,0,0,0,0,0,0,1,1,1,1,59,9,-1,-1,-1,4,3
201450BU2E001,1,11,0,9,0,8,0,0,0,0,3,1,1,1,58,9,4250,2,8,5,2
201450BU2E001,2,9,0,18,0,8,0,0,0,0,1,1,6,2,42,7,1968,2,6,4,3
201450BU2E002,1,3,0,18,0,1,0,0,0,0,0,1,6,1,20,4,124,1,1,5,3
201450BU2E002,2,9,0,9,0,1,0,0,0,0,0,1,6,1,66,10,2319,1,14,5,3
201450BU2E004,1,9,0,9,0,8,0,0,0,0,1,1,6,2,37,7,1968,2,4,8,1
201450BU2E004,2,9,0,14,0,8,0,0,0,0,4,1,6,1,81,11,1229,1,2,6,1
201450BU2E005,1,19,0,9,0,5,0,0,0,0,4,1,1,1,55,8,2488,2,2,6,3
201450BU2E005,2,9,0,18,0,8,0,0,0,0,1,1,6,1,25,5,1119,1,21,3,3
201450BU2F001,1,9,0,18,0,0,1,0,1,0,4,1,2,1,25,5,-1,-1,-1,4,3
201450BU2F003,1,9,0,9,0,8,0,0,0,0,1,1,6,1,78,11,1598,1,10,4,3
201450BU2F003,2,9,0,17,0,8,0,0,0,0,1,1,6,1,19,4,1360,1,8,4,3
201450BU2G002,1,90,0,9,0,8,0,0,0,0,4,1,6,1,59,9,-1,-1,-1,-1,-1
201450BU2G002,2,9,0,18,0,8,0,0,0,0,1,1,6,1,70,10,1360,1,10,4,1
201450BU2G003,1,9,0,17,0,0,5,0,0,0,0,1,6,1,68,10,1272,1,21,4,3
201450BU2H001,1,9,0,18,0,0,0,0,0,0,0,1,6,1,29,6,1798,1,12,4,3
201450BU2H003,1,9,0,16,0,0,1,0,0,0,1,1,6,2,25,5,1598,1,14,4,3
201450BU2H003,2,17,4,17,0,0,0,0,0,0,1,1,1,1,17,4,-1,2,11,6,3
201450BU2I001,1,19,0,16,0,0,0,0,0,0,1,1,6,1,61,9,2461,2,12,4,3
201450BU2I001,2,9,0,17,0,0,5,0,0,0,1,1,6,2,23,5,1870,2,12,5,3
201450BU2I002,1,9,0,18,0,8,0,0,0,0,1,1,6,2,68,10,1108,1,5,4,3
201450BU2I002,2,9,0,18,0,8,5,0,0,0,3,1,6,1,29,6,2495,2,15,5,2
201450BU2J001,1,9,0,17,0,0,2,0,7,4,1,1,6,2,18,4,1360,1,10,4,3
201450BU2J002,1,9,0,17,0,0,0,0,0,0,3,1,6,1,32,6,-1,-1,-1,4,3
201450BU2J002,2,9,0,16,0,0,0,0,0,0,3,1,6,1,42,7,-1,-1,-1,4,3
201450BU2K001,1,21,0,3,0,8,0,0,0,0,0,1,2,1,27,6,6370,2,12,5,3
201450BU2K001,2,9,0,16,0,8,0,0,0,0,1,1,2,2,17,4,-1,-1,-1,4,3
201450BU2K001,3,9,0,13,0,8,0,0,0,0,1,1,6,1,47,8,1991,2,7,4,3
201450BU2L001,1,9,0,18,0,2,0,0,0,0,4,1,1,1,63,9,-1,-1,-1,5,3
201450BU2L002,1,9,0,18,0,1,0,0,0,0,1,1,6,1,54,8,1968,2,1,5,2
201450BU2L002,2,9,0,10,0,1,0,0,0,0,2,1,1,1,38,7,-1,-1,-1,5,3
201450BU2L005,1,19,0,18,0,0,0,0,0,0,1,1,1,1,50,8,2402,2,11,6,2
201450BU2L005,2,9,0,4,0,0,0,0,0,0,2,1,3,2,35,6,2498,2,18,5,3
201450BU2L006,1,9,0,18,0,0,0,0,0,0,1,1,6,1,27,6,1995,2,2,6,1