Accident_Index,Vehicle_Reference,Vehicle_Type,Towing_and_Articulation,Vehicle_Manoeuvre,Vehicle_Location-Restricted_Lane,Junction_Location,Skidding_and_Overturning,Hit_Object_in_Carriageway,Vehicle_Leaving_Carriageway,Hit_Object_off_Carriageway,1st_Point_of_Impact,Was_Vehicle_Left_Hand_Drive?,Journey_Purpose_of_Driver,Sex_of_Driver,Age_of_Driver,Age_Band_of_Driver,Engine_Capacity_(CC),Propulsion_Code,Age_of_Vehicle,Driver_IMD_Decile,Driver_Home_Area_Type
201450BU2L006,2,9,0,18,0,0,0,0,0,0,2,1,1,2,41,7,1587,1,8,5,3
201450BU2L007,1,9,0,1,0,8,0,0,0,0,2,1,6,1,54,8,1275,1,23,5,2
201450BU2L007,2,9,0,18,0,8,0,0,0,0,4,1,6,2,47,8,1995,1,7,9,1
201450BU2L010,1,9,0,18,9,1,0,0,0,0,1,1,2,1,66,10,1968,2,6,5,2
201450BU2L010,2,1,0,3,9,8,0,0,0,0,4,1,6,1,59,9,-1,-1,-1,5,2
201450BU2L011,1,9,0,18,0,8,0,0,0,0,1,1,6,2,24,5,1997,2,12,5,3
201450BU2L011,2,19,0,10,0,8,0,0,0,0,1,1,1,1,22,5,1769,2,16,5,3
201450BU2L011,3,21,0,10,0,1,0,0,0,0,1,1,1,1,37,7,5880,2,6,3,2
201450BU2L012,1,1,0,18,0,0,2,0,0,0,1,1,6,2,15,3,-1,-1,-1,8,1
201450BU2L013,1,9,0,18,0,0,1,0,1,11,1,1,6,2,17,4,1299,1,9,6,3
201450BU2L015,1,9,0,18,0,6,0,0,7,10,3,1,6,1,84,11,1461,2,6,5,3
201450BU2L015,2,9,0,18,0,8,0,0,1,10,1,1,6,1,26,6,-1,-1,-1,4,3
201450BU2L016,1,9,0,9,0,8,0,0,0,0,1,1,1,1,56,9,1994,2,12,4,2
201450BU2L016,2,9,0,18,0,8,0,0,0,0,1,1,6,1,50,8,1596,1,7,5,2
201450BU2L017,1,9,0,16,0,0,0,0,0,0,1,1,6,2,53,8,1900,2,16,5,3
201450BU2L017,2,9,0,17,0,0,0,0,0,0,1,1,6,2,70,10,1910,2,7,5,3
201450BW3K002,1,9,0,18,0,0,1,0,0,0,1,1,6,2,45,7,-1,-1,-1,4,2
201450BW3K002,2,20,0,18,0,0,0,0,0,0,1,1,6,1,57,9,-1,-1,-1,3,2
201450BW3K003,1,9,0,2,0,1,0,0,0,0,3,1,6,1,70,10,1798,1,10,9,1
201450BW3K003,2,9,0,14,0,1,0,0,7,11,1,1,6,2,38,7,999,1,2,4,3
201450BW3K004,1,9,0,17,0,0,0,0,0,0,1,1,6,2,43,7,1242,1,13,4,2
201450BW3K004,2,9,0,3,0,0,0,0,0,0,2,1,6,1,84,11,2793,1,17,3,2
201450BW3K005,1,2,0,17,0,0,0,0,1,11,4,1,6,1,23,5,49,1,9,3,3
201450BW3K008,1,2,0,18,0,0,0,0,0,0,0,1,2,1,17,4,-1,-1,-1,-1,-1
201450BW3K010,1,9,0,17,0,0,0,0,0,0,1,1,6,2,55,8,1968,2,7,-1,-1
201450BW3K010,2,9,0,16,0,0,0,0,0,0,3,1,6,1,47,8,1461,2,1,5,1
201450BW3K011,1,9,0,16,0,0,5,0,1,11,1,1,6,2,35,6,1397,1,12,5,3
201450BW3L002,1,9,0,18,0,0,0,0,0,0,1,1,6,1,66,10,-1,-1,-1,4,2
201450BW3L002,2,9,0,18,0,0,0,0,1,0,1,1,6,2,78,11,1596,1,9,4,3
201450BW3L004,1,9,0,18,0,8,1,0,0,0,1,1,6,1,43,7,1900,2,7,2,1
201450BW3L004,2,9,0,10,0,5,0,0,0,0,2,1,6,2,37,7,1560,2,7,5,3
201450BW3L005,1,9,0,18,0,0,0,0,0,0,1,1,6,1,61,9,-1,-1,-1,4,2
201450BW3L005,2,9,0,4,0,0,0,0,0,0,2,1,1,2,43,7,1796,1,11,4,2
201450BW3L007,1,9,0,18,0,0,0,0,0,0,4,1,6,1,49,8,1560,2,1,-1,-1
201450BW3L008,1,9,0,18,0,0,5,0,2,10,4,1,6,1,32,6,1995,2,4,6,1
201450BW3L009,1,9,0,9,0,6,0,0,0,0,1,1,1,1,22,5,1598,1,-1,6,3
201450BW3L009,2,1,0,18,0,8,1,0,0,0,1,1,6,1,46,8,-1,-1,-1,10,2
201450BW3L011,1,9,0,18,0,1,0,0,0,0,4,1,1,1,72,10,-1,-1,-1,7,1
201450BW3M001,1,9,0,9,0,1,0,0,7,3,1,1,6,2,84,11,1595,1,12,-1,3
201450BW3N001,1,9,0,17,0,0,5,0,2,11,1,1,6,1,33,6,1493,2,10,5,2
201450BW3N003,1,9,0,18,0,0,0,0,0,0,1,1,6,1,47,8,1997,2,9,9,2
201450BW3N003,2,9,0,18,0,0,0,0,0,0,2,1,2,2,48,8,1388,1,8,5,2
201450BW3N003,3,9,0,18,0,0,0,0,0,0,2,1,2,1,64,9,1598,1,11,7,2
201450BW3N003,4,9,0,18,0,0,0,0,0,0,0,1,1,1,-1,-1,1753,2,5,-1,-1
201450BW3N007,1,9,0,9,0,6,5,0,0,0,4,1,6,1,79,11,1596,1,8,9,1
201450BW3N007,2,9,0,18,0,8,0,0,0,0,1,1,6,1,35,6,1360,1,9,5,1
201450BW3N010,1,9,0,18,0,6,0,0,0,0,1,1,6,1,27,6,-1,-1,-1,10,1
201450BW3N010,2,19,0,18,0,8,0,0,1,0,1,1,1,1,44,7,2198,2,1,4,3
201450BW3N011,1,9,0,16,0,0,2,0,8,10,1,1,6,1,44,7,1999,1,6,6,3
201450BW3N012,1,9,0,18,0,0,5,0,0,3,1,1,6,1,43,7,4367,2,3,-1,3
201450BW3O001,1,9,0,18,0,1,0,0,0,0,1,1,6,1,56,9,1968,2,6,4,1
201450BW3P004,1,9,0,18,0,1,1,10,7,11,1,1,1,1,22,5,1999,1,6,5,2
201450BW3P006,1,9,0,4,0,0,0,0,0,0,2,1,6,2,18,4,-1,-1,-1,2,1
201450BW3P006,2,9,0,18,0,0,0,0,0,0,1,1,6,2,74,10,1968,2,3,6,1
201450BW3P006,3,9,0,18,0,0,0,0,0,0,0,1,1,1,-1,-1,1995,2,6,4,3
201450BW3P007,1,9,0,3,0,0,0,0,0,0,2,1,6,1,32,6,1968,2,1,9,1
201450BW3P007,2,5,0,18,0,0,1,0,0,0,1,1,2,1,32,6,644,1,7,9,1
201450BW3P008,1,9,0,18,0,0,0,0,7,11,3,1,6,1,77,11,1368,1,2,5,3
201450BW3P009,1,9,0,18,0,0,1,0,0,0,1,1,6,1,22,5,1596,1,13,7,1
201450BW3P009,2,21,0,18,0,0,1,0,0,0,1,1,1,1,33,6,6692,2,5,2,1
201450BW3Q001,1,9,0,17,0,0,5,0,1,1,1,1,1,1,61,9,-1,-1,-1,7,1
201450BW3Q002,1,21,1,18,0,3,2,0,0,0,3,1,1,1,52,8,5880,2,1,8,1
201450BW3Q004,1,9,0,17,0,0,2,0,7,0,4,1,6,2,22,5,1248,2,9,6,2
201450BW3Q006,1,20,0,18,0,0,5,0,0,0,1,1,1,1,44,7,3920,2,10,-1,1
201450BW3R001,1,9,0,9,0,1,0,0,0,0,1,1,6,3,65,9,-1,-1,-1,7,2
201450BW3R003,1,9,0,9,0,1,0,0,0,0,4,1,6,2,77,11,1598,1,14,5,3
201450BW3R003,2,1,0,10,0,1,0,0,0,0,3,1,6,1,44,7,-1,-1,-1,4,3
201450BW3R006,1,1,0,18,0,4,1,0,0,0,2,1,6,1,-1,-1,-1,-1,-1,8,3
201450BW3R006,2,1,0,18,0,6,2,0,0,0,1,1,6,2,26,6,-1,-1,-1,8,3
201450BW3R006,3,19,0,9,0,4,0,0,0,0,0,1,6,3,-1,-1,-1,-1,-1,-1,-1
201450BW3R008,1,9,0,18,0,4,1,0,0,0,1,1,6,1,49,8,-1,-1,-1,5,1
201450BW3R008,2,1,0,18,0,8,0,0,0,0,2,1,6,1,30,6,-1,-1,-1,4,3
201450BW3S001,1,9,0,9,0,8,0,0,0,0,3,1,6,2,76,11,1299,1,12,6,3
201450BW3S001,2,9,0,18,0,8,0,0,0,0,1,1,6,2,40,7,2460,2,6,4,3
201450BW3S002,1,9,0,18,0,0,0,0,1,11,1,1,6,2,83,11,1560,2,7,4,3
201450BW3S002,2,9,0,18,0,0,0,0,0,0,1,1,6,2,58,9,1560,2,5,-1,-1
201450BW3S003,1,9,0,16,0,0,0,0,0,0,1,1,6,2,26,6,1299,1,16,2,1
201450BW3S004,1,9,0,18,0,8,0,0,0,0,1,1,1,1,38,7,-1,-1,-1,5,2
201450BW3S004,2,9,0,5,0,8,0,0,0,0,3,1,1,2,42,7,1461,2,3,4,3
201450BW3S005,1,9,0,17,0,0,0,0,7,4,1,1,6,2,33,6,1422,2,4,4,3
201450BW3S006,1,3,0,18,0,0,0,0,0,0,0,1,6,2,53,8,124,1,6,4,3
201450BW3S007,1,17,0,9,0,6,0,0,0,0,1,1,1,1,47,8,-1,-1,-1,4,3
201450BW3S007,2,9,0,10,0,8,0,0,0,0,3,1,2,2,48,8,1598,1,8,5,2
201450BW3S008,1,9,0,17,0,0,1,4,7,11,4,1,6,1,24,5,1988,1,12,2,1
201450BW3S008,2,19,0,2,0,0,0,0,0,0,1,1,6,1,59,9,2198,2,4,4,3
201450BW3S009,1,9,0,18,0,8,0,0,0,0,1,1,1,1,61,9,-1,-1,-1,5,1
201450BW3S009,2,9,0,3,0,8,0,0,0,0,3,1,6,2,63,9,1997,2,13,8,2
201450BW3S010,1,9,0,17,0,0,5,0,7,10,3,1,6,1,38,7,1794,1,11,4,2
201450BW3S011,1,9,0,9,0,8,0,0,0,0,3,1,6,2,30,6,2993,2,10,3,2
201450BW3S011,2,9,0,18,0,8,0,0,0,0,1,1,6,2,55,8,1242,1,11,5,2
201450BW3S012,1,9,0,18,0,0,1,0,0,0,1,1,6,1,19,4,-1,-1,-1,6,2
201450BW3S013,1,9,0,9,0,1,0,0,0,0,0,1,1,1,24,5,1124,1,12,2,1
201450BW3S013,2,9,0,18,0,1,1,0,0,0,1,1,1,1,32,6,-1,-1,-1,3,1
201450BW3S014,1,17,4,9,0,6,0,0,0,0,0,1,1,1,34,6,-1,2,1,5,3
201450BW3S014,2,9,0,18,0,8,0,0,0,0,3,1,6,2,23,5,1398,2,10,6,2
201450BW3T001,1,9,0,18,0,1,1,0,0,0,1,1,6,1,83,11,1587,1,12,5,2
201450BW3T001,2,9,0,10,0,1,0,0,0,0,2,1,6,1,61,9,1998,2,7,5,3
201450BW3T002,1,9,0,18,0,0,0,0,0,0,4,1,6,1,58,9,1560,2,2,4,2
201450BW3T002,2,1,0,18,0,0,0,0,0,0,2,1,6,1,48,8,-1,-1,-1,3,1
201450BW3T003,1,9,0,17,0,0,0,0,0,0,1,1,1,1,23,5,1997,2,15,5,3
201450BW3T003,2,9,0,16,0,0,0,0,0,0,1,1,6,1,32,6,1560,2,4,4,3
201450BW3T005,1,9,0,9,0,8,0,0,0,0,1,1,6,2,81,11,1397,1,7,5,2
201450BW3T005,2,9,0,18,0,8,0,0,7,10,1,1,6,1,74,10,1997,2,7,7,2
201450BW3T007,1,9,0,17,0,1,5,0,1,4,1,1,2,1,50,8,1198,1,8,10,3
201450BW3T009,1,9,0,17,0,0,5,0,7,10,1,1,6,1,44,7,1896,2,11,4,2
201450BW3U002,1,5,0,14,0,0,0,0,0,0,1,1,6,1,49,8,1170,1,6,4,1
201450BW3U002,2,9,0,4,0,0,0,0,0,0,3,1,6,1,67,10,1198,1,3,9,1
201450BW3U003,1,9,0,13,0,0,0,0,0,0,4,1,6,3,-1,-1,1587,1,8,-1,-1
201450BW3U003,2,9,0,2,0,0,0,0,0,0,3,1,6,2,55,8,1398,1,15,7,2
201450BW3U004,1,1,0,18,0,8,5,0,0,0,1,1,6,1,21,5,-1,-1,-1,8,2
201450BW3U004,2,9,0,18,0,8,0,0,0,0,4,1,2,2,30,6,1422,2,7,5,2
201450BW4U002,1,9,0,17,0,0,0,0,1,9,1,1,2,1,19,4,1149,1,13,7,2
201450BW4U003,1,9,0,18,0,0,0,0,0,0,1,1,6,1,76,11,2994,1,-1,5,3
201450BW4U003,2,9,0,18,0,0,0,0,0,0,3,1,6,2,53,8,1560,2,1,5,3
201450BW4U004,1,3,0,16,5,0,0,0,7,10,1,1,6,1,25,5,124,1,3,4,2
201450BW4V001,1,9,0,9,0,8,0,0,0,0,1,1,6,1,51,8,2401,2,10,5,3
201450BW4V001,2,9,0,16,0,8,0,0,0,0,3,1,6,2,50,8,1598,1,11,-1,3
201450BW4V002,1,9,0,15,0,0,0,0,0,0,4,1,6,2,24,5,1149,1,13,5,3
201450BW4V003,1,5,0,17,0,0,5,0,2,10,1,1,6,1,43,7,1099,1,22,5,3
201450CB2C001,1,9,0,17,0,1,2,0,2,10,1,1,6,1,17,4,1200,1,11,7,2
201450CB2C003,1,9,0,12,0,0,1,0,0,0,3,1,6,2,21,5,1199,1,13,4,1
201450CB2C003,2,9,0,18,0,0,1,0,4,0,4,1,6,1,61,9,-1,-1,-1,9,3
201450CB2C004,1,3,0,17,0,0,1,0,7,0,0,1,2,1,17,4,124,1,12,4,1
201450CB2C004,2,9,0,17,0,0,1,0,0,0,2,1,6,1,48,8,1679,1,13,8,2
201450CB2C004,3,9,0,17,0,0,1,0,0,0,1,1,6,1,64,9,1995,2,4,6,3
201450CB2C005,1,9,0,18,0,0,0,0,0,0,1,1,6,2,38,7,-1,-1,-1,4,1
201450CB2C005,2,9,0,3,0,0,0,0,0,0,1,1,6,2,39,7,1197,1,1,6,3
201450CB2D010,1,9,0,18,0,0,0,0,0,0,1,1,6,2,59,9,1560,2,8,2,1
201450CB2D013,1,5,0,14,0,0,0,0,0,0,1,1,6,1,28,6,649,1,1,-1,-1
201450CB2D016,1,9,0,18,0,4,0,0,0,0,1,1,6,2,23,5,1229,1,-1,8,1
201450CB2D016,2,1,0,18,0,8,0,0,0,0,4,1,6,1,29,6,-1,-1,-1,8,1
201450CB2D017,1,9,0,4,0,2,0,0,0,0,1,1,6,2,45,7,1399,2,10,2,1
201450CB2D018,1,9,0,18,0,6,0,0,0,0,1,1,6,1,46,8,1332,1,16,4,1
201450CB2D018,2,1,0,18,0,8,0,0,0,0,2,1,6,1,35,6,-1,-1,-1,7,1
201450CB2D020,1,4,0,8,0,4,0,0,0,0,0,1,6,2,41,7,249,1,-1,8,1
201450CB2D021,1,9,0,9,0,0,0,0,0,0,1,1,6,2,64,9,1299,1,13,4,1
201450CB2D021,2,9,0,18,0,0,0,0,0,0,1,1,4,1,45,7,1995,2,-1,6,1
201450CB2D023,1,9,0,4,0,0,0,0,0,0,1,1,6,1,40,7,1587,1,14,8,1
201450CB2D027,1,11,0,18,0,0,0,0,0,0,0,1,1,1,59,9,4250,2,8,8,1
201450CB2D030,1,98,0,5,0,1,0,0,0,0,1,1,6,3,-1,-1,-1,-1,-1,-1,-1
201450CB2D030,2,1,0,17,0,1,0,0,0,0,3,1,6,1,45,7,-1,-1,-1,4,1
201450CB2D031,1,19,0,12,0,3,0,0,0,0,0,1,6,1,33,6,2461,2,12,5,3
201450CB2D031,2,3,0,18,0,3,1,0,0,0,0,1,2,1,26,6,124,1,4,3,1
201450CB2D034,1,9,0,9,0,8,0,0,0,0,2,1,6,1,46,8,2083,2,17,3,1
201450CB2D034,2,1,0,18,0,8,0,0,0,0,2,1,6,1,8,2,-1,-1,-1,1,1
201450CB2D036,1,9,0,10,0,2,0,0,0,0,4,1,6,1,43,7,-1,-1,-1,8,2
201450CB2D036,2,9,0,9,0,1,0,0,0,0,4,1,6,1,46,8,1596,1,10,8,2
201450CB2D039,1,9,0,18,0,4,5,0,2,2,1,1,6,1,32,6,1988,1,12,3,1
201450CB2D041,1,9,0,18,0,1,0,0,0,0,1,1,6,1,62,9,1870,2,14,4,1
201450CB2D044,1,9,0,18,0,8,0,0,0,0,3,1,6,2,22,5,1360,1,14,4,1
201450CB2D044,2,3,0,18,0,8,0,0,0,0,1,1,6,1,32,6,-1,-1,-1,5,1
201450CB2D045,1,9,0,18,0,4,0,0,0,0,1,1,6,3,-1,-1,1997,2,1,-1,-1
201450CB2D045,2,3,0,18,0,8,0,0,0,0,4,1,6,1,42,7,124,1,-1,4,1
201450CB2D046,1,9,0,18,0,4,0,0,0,0,1,1,6,1,82,11,-1,-1,-1,8,1
201450CB2D046,2,1,0,18,0,4,0,0,0,0,1,1,6,1,66,10,-1,-1,-1,3,1
201450CB2D047,1,9,0,7,0,8,0,0,0,0,1,1,6,2,21,5,1149,1,9,3,1
201450CB2D047,2,2,0,18,0,8,0,0,0,0,1,1,6,1,46,8,-1,-1,-1,6,3
201450CB2D049,1,9,0,10,0,1,0,0,0,0,1,1,6,2,54,8,2231,2,1,8,1
201450CB2D049,2,9,0,18,0,1,0,0,0,0,1,1,1,1,23,5,-1,-1,-1,9,1
201450CB2D050,1,9,0,5,0,0,0,0,0,0,1,1,6,2,61,9,2179,2,7,4,3
201450CB2D050,2,9,0,3,0,0,0,0,0,0,2,1,6,1,21,5,-1,-1,-1,3,1
201450CB2E002,1,3,0,17,0,0,1,0,0,0,4,1,6,1,24,5,125,1,9,8,1
201450CB2E005,1,9,0,18,0,1,0,0,0,0,3,1,6,1,66,10,1686,2,12,-1,3
201450CB2E005,2,3,0,18,0,1,1,0,0,0,4,1,2,1,49,8,124,1,8,4,1
201450CB2E007,1,9,0,18,0,0,0,0,0,0,1,1,6,1,18,4,1596,1,13,1,1
201450CB2E007,2,9,0,18,0,0,0,0,0,0,2,1,6,1,76,11,1086,1,8,-1,3
201450CB2E009,1,3,0,16,0,0,0,0,0,0,1,1,6,1,32,6,124,1,9,5,2
201450CB2E009,2,9,0,17,0,0,0,0,0,0,1,1,6,2,47,8,2179,2,7,6,3
201450CB2E010,1,3,0,18,0,8,0,0,0,0,1,1,6,1,22,5,124,1,1,6,2
201450CB2E010,2,9,0,9,0,5,0,0,0,0,3,1,6,1,58,9,1686,2,3,6,3
201450CB2E011,1,3,0,11,0,4,0,0,0,0,1,1,6,1,22,5,125,1,4,5,3
201450CB2E011,2,9,0,3,0,3,0,0,0,0,2,1,6,1,58,9,998,1,1,8,2
201450CB2E013,1,9,0,18,0,4,0,0,0,0,1,1,6,2,40,7,1796,1,8,6,3
201450CB2E013,2,9,0,18,0,4,0,0,0,0,2,1,6,2,34,6,1598,1,15,4,3
201450CB2E015,1,9,0,18,0,3,5,10,0,0,4,1,6,1,18,4,973,1,13,7,3
201450CB2F001,1,19,0,17,0,0,0,0,0,0,1,1,1,1,61,9,2198,2,6,4,1
201450CB2F001,2,9,0,16,0,0,0,0,0,0,1,1,6,2,43,7,1388,1,11,6,3
201450CB2F002,1,9,0,16,0,0,0,0,0,0,1,1,1,1,27,6,1360,1,11,8,1
201450CB2F002,2,9,0,4,0,0,0,0,0,0,1,1,6,2,48,8,1997,2,10,4,3
201450CB2F007,1,9,0,18,0,0,1,0,1,1,1,1,6,2,49,8,1753,2,14,3,1
201450CB2F007,2,21,1,18,0,0,0,0,1,0,1,1,1,1,61,9,12780,2,3,6,3
201450CB2F008,1,9,0,2,6,0,0,0,0,0,0,1,6,1,27,6,1399,2,6,-1,-1
201450CB2F008,2,21,0,18,0,0,0,0,0,0,3,1,1,1,50,8,11705,2,6,7,1
201450CB2F008,3,9,0,18,0,0,0,0,0,0,4,1,1,1,55,8,3960,1,16,-1,-1
201450CB2G001,1,9,0,17,0,0,5,0,1,1,1,1,6,1,21,5,1390,1,12,6,2
201450CB2G002,1,9,0,17,0,0,1,11,7,11,3,1,6,2,25,5,1598,1,5,-1,1
201450CB2G003,1,19,0,16,0,1,1,0,7,4,1,1,2,1,20,4,1753,2,17,2,1
201450CB2G004,1,9,0,17,0,0,0,0,0,0,1,1,6,1,70,10,2148,2,9,-1,-1
201450CB2G004,2,9,0,16,0,0,0,0,0,0,3,1,6,1,52,8,1598,1,13,9,1
201450CB2G006,1,9,0,16,0,0,2,0,2,11,1,1,2,1,19,4,1596,1,12,2,1
201450CB2G007,1,19,0,16,0,1,1,0,0,0,1,1,1,1,33,6,2300,2,8,7,1
201450CB2G007,2,9,0,3,0,1,0,0,0,0,2,1,6,1,62,9,1870,2,3,2,1
201450CB2G007,3,9,0,3,0,1,0,0,0,0,2,1,6,1,50,8,2231,2,4,3,1
201450CB2G008,1,9,0,18,0,1,0,0,0,0,1,1,6,1,34,6,1796,1,11,5,3
201450CB2G008,2,9,0,3,0,1,0,0,0,0,2,1,6,2,56,9,2354,1,11,6,3
201450CB2G009,1,9,0,16,0,1,2,0,2,10,1,1,1,1,22,5,-1,-1,-1,6,1
201450CB2G009,2,9,0,17,0,1,2,0,1,3,1,1,1,1,27,6,1795,1,16,2,1
201450CB2H001,1,20,0,18,0,0,0,0,2,3,4,1,1,1,45,7,4250,2,3,7,2
201450CB2I005,1,9,0,18,0,4,0,0,0,0,0,1,6,1,25,5,1598,1,10,2,1
201450CB2I005,2,3,0,9,0,3,1,0,0,0,0,1,2,1,18,4,124,1,2,6,3
201450CB2I007,1,9,0,18,0,0,0,0,0,0,3,1,6,1,75,10,1332,1,2,6,3
201450CB2I007,2,9,0,18,0,0,0,0,0,0,3,1,6,1,40,7,1598,1,11,4,1
201450CB2I009,1,9,0,18,0,0,0,0,0,0,1,1,1,1,84,11,1275,1,15,7,2
201450CB2I009,2,9,0,2,0,0,0,0,0,0,2,1,1,1,33,6,1199,1,14,8,2
201450CB2I010,1,9,0,18,0,1,0,0,1,1,1,1,6,1,53,8,1560,2,6,6,3
201450CB2I011,1,19,0,4,0,0,0,0,0,0,1,1,1,1,23,5,2198,2,1,4,1
201450CB2I011,2,9,0,4,0,0,0,0,0,0,2,1,6,2,65,9,1995,2,12,7,1
201450CB2I011,3,9,0,4,0,0,0,0,0,0,4,1,6,2,20,4,1229,1,8,6,2
201450CB2J001,1,9,0,18,0,0,2,0,2,11,3,1,6,2,25,5,1762,1,18,1,1
201450CB2J002,1,9,0,18,0,4,0,0,0,0,1,1,1,2,38,7,998,1,13,3,1
201450CB2J002,2,2,0,17,0,8,0,0,0,0,1,1,6,1,16,4,49,1,9,6,3
201450CB2J003,1,9,0,18,0,1,0,0,0,0,1,1,6,1,20,4,1120,1,17,6,1
201450CB2J003,2,9,0,4,0,1,0,0,0,0,2,1,6,1,31,6,1596,1,4,4,1
201450CB2J004,1,9,0,18,0,0,0,4,0,0,1,1,6,2,18,4,999,1,7,6,2
201450CB2J004,2,9,0,18,0,0,0,0,0,0,1,1,3,1,57,9,2231,2,8,8,1
201450CB2J004,3,9,0,2,0,0,0,0,0,0,1,1,6,2,63,9,998,1,4,6,1
201450CB2J005,1,1,0,18,5,7,1,0,0,0,2,1,6,1,-1,-1,-1,-1,-1,-1,-1
201450CB2J005,2,19,0,3,0,1,0,0,0,0,1,1,1,1,51,8,1868,2,14,3,1
201450CB2J007,1,9,0,18,0,8,0,0,0,0,1,1,6,1,77,11,1339,1,-1,1,1
201450CB2J007,2,1,0,18,0,8,0,0,0,0,4,1,6,2,21,5,-1,-1,-1,6,1
201450CB2J009,1,19,0,2,0,0,0,0,0,0,2,1,6,1,53,8,2148,2,9,2,1
201450CB2J009,2,1,0,18,0,0,0,0,0,0,1,1,6,1,29,6,-1,-1,-1,6,3
201450CB2J010,1,5,0,18,0,4,1,0,0,0,1,1,6,1,34,6,1450,1,13,6,1
201450CB2J011,1,9,0,18,0,1,0,0,0,0,1,1,6,2,40,7,1796,1,13,2,1
201450CB2J011,2,3,0,4,0,1,0,0,0,0,2,1,6,1,31,6,125,1,8,6,2
201450CB2L001,1,9,0,16,0,0,0,0,0,0,4,1,6,2,19,4,-1,-1,-1,-1,-1
201450CB2L002,1,9,0,16,0,0,2,0,7,4,1,1,2,1,23,5,1488,2,17,5,3
201450CB2L003,1,9,0,17,0,0,1,0,0,0,1,1,1,1,25,5,-1,-1,-1,4,1
201450CB2L003,2,9,0,16,0,0,1,0,0,0,1,1,3,2,34,6,1991,2,9,5,3
201450CB2N001,1,9,0,18,0,0,0,0,0,0,0,1,6,1,17,4,973,1,12,5,1
201450CB2N001,2,1,0,18,0,0,0,0,0,0,2,1,6,1,63,9,-1,-1,-1,6,3
201450CB2N001,3,1,0,18,0,0,0,0,0,0,1,1,6,1,9,2,-1,-1,-1,5,3
201450CB2N004,1,9,0,17,0,0,2,0,1,10,1,1,6,1,17,4,1598,1,12,6,1
201450CB2P002,1,9,0,18,0,1,0,0,0,0,1,1,6,1,79,11,1198,1,1,7,3
201450CB2P002,2,9,0,2,0,2,0,4,0,0,1,1,6,2,36,7,1596,1,8,4,1
201450CB2P002,3,9,0,2,0,2,0,0,0,0,1,1,6,1,67,10,1598,1,3,8,2
201450CB2P007,1,9,0,18,0,1,0,0,0,0,1,1,6,2,24,5,1596,1,11,4,1
201450CB2P007,2,1,0,18,0,1,0,0,0,0,2,1,6,1,40,7,-1,-1,-1,7,3
201450CB2Q001,1,9,0,18,0,0,1,0,7,0,4,1,6,1,56,9,1242,1,5,4,2
201450CB2Q001,2,9,0,18,0,0,0,0,0,0,1,1,6,1,69,10,1968,2,5,3,1
201450CB2Q003,1,9,0,3,0,0,0,0,0,0,1,1,1,2,49,8,1596,1,2,8,1
201450CB2Q003,2,9,0,3,0,0,0,0,0,0,2,1,1,2,49,8,-1,-1,-1,8,1
201450CB2Q004,1,5,0,13,0,0,2,0,0,0,3,1,2,1,52,8,781,1,12,5,3
201450CB2Q004,2,21,0,18,0,0,0,0,0,0,1,1,1,1,62,9,5480,2,10,6,3
201450CB2Q007,1,9,0,18,0,4,0,0,0,0,1,1,6,2,49,8,1560,2,1,5,3
201450CB2Q007,2,9,0,8,0,4,0,0,0,0,2,1,6,2,46,8,1149,1,7,7,1
201450CB2Q008,1,9,0,18,0,0,0,0,2,7,4,1,6,2,72,10,1590,1,10,7,1
201450CB2Q009,1,9,0,18,0,4,0,0,0,0,4,1,6,1,56,9,1248,2,7,8,1
201450CB2Q009,2,9,0,2,0,4,0,0,0,0,3,1,6,1,51,8,1997,2,9,5,3
201450CB2Q010,1,9,0,18,0,0,2,0,0,0,0,1,6,1,33,6,1124,1,18,4,2
201450CB2R003,1,9,0,10,0,1,0,0,0,0,4,1,6,2,36,7,1198,1,1,5,1
201450CB2R003,2,2,0,18,0,1,0,0,0,0,1,1,6,1,16,4,49,1,3,6,3
201450CB2R005,1,9,0,12,0,3,0,0,0,0,3,1,6,2,39,7,999,1,2,3,1
201450CB2R005,2,5,0,18,0,3,0,0,0,0,1,1,6,1,48,8,1137,1,13,8,1
201450CB2R008,1,9,0,16,0,3,1,10,1,11,1,1,6,1,18,4,1596,1,13,8,2
201450CB2R014,1,9,0,3,0,0,1,4,0,0,1,1,6,1,18,4,1124,1,15,7,2
201450CB2R014,2,9,0,3,0,0,0,0,0,0,2,1,6,1,47,8,-1,-1,-1,4,1
201450CB2S002,1,9,0,7,4,6,0,0,0,0,1,1,6,1,61,9,1999,1,13,6,3
201450CB2S002,2,1,0,18,4,8,0,0,0,0,4,1,2,2,33,6,-1,-1,-1,5,1
201450CB2S006,1,9,0,18,0,8,0,0,0,0,1,1,6,1,39,7,2497,2,15,8,1
201450CB2S006,2,9,0,9,0,8,0,0,0,0,3,1,6,1,50,8,1299,1,13,3,1
201450CB2S008,1,9,0,5,0,0,0,0,0,0,1,1,2,2,28,6,1198,1,10,6,3
201450CB2S008,2,9,0,3,0,0,0,0,0,0,2,1,6,2,36,7,2656,1,8,1,1
201450CB2S010,1,9,0,1,9,5,0,0,0,0,0,1,6,1,79,11,1984,1,19,6,1
201450CB2S012,1,9,4,18,0,0,0,0,0,0,4,1,1,1,31,6,2494,2,1,7,1
201450CB2S013,1,2,0,4,0,1,1,4,0,0,3,1,2,1,16,4,49,1,3,6,3
201450CB2S014,1,19,0,5,0,2,0,0,0,0,0,1,1,1,41,7,2198,2,2,4,2
201450CB2S014,2,9,0,18,0,1,0,0,1,0,1,1,6,2,82,11,1364,1,9,7,2
201450CB2S014,3,9,0,8,0,6,0,0,1,11,3,1,2,2,58,9,1998,1,15,8,2
201450CB2S016,1,9,0,9,0,5,0,0,0,0,1,1,1,2,27,6,1198,1,1,6,3
201450CB2S016,2,1,0,18,0,1,0,0,0,0,3,1,6,1,45,7,-1,-1,-1,7,3
201450CB2T001,1,9,0,18,0,0,0,0,0,0,1,1,3,2,30,6,1796,1,13,6,2