Accident_Index,Vehicle_Reference,Vehicle_Type,Towing_and_Articulation,Vehicle_Manoeuvre,Vehicle_Location-Restricted_Lane,Junction_Location,Skidding_and_Overturning,Hit_Object_in_Carriageway,Vehicle_Leaving_Carriageway,Hit_Object_off_Carriageway,1st_Point_of_Impact,Was_Vehicle_Left_Hand_Drive?,Journey_Purpose_of_Driver,Sex_of_Driver,Age_of_Driver,Age_Band_of_Driver,Engine_Capacity_(CC),Propulsion_Code,Age_of_Vehicle,Driver_IMD_Decile,Driver_Home_Area_Type
201450CB2T001,2,9,0,3,0,0,0,0,0,0,2,1,3,2,48,8,1360,1,12,1,1
201450CB2T002,1,9,0,9,0,1,0,0,0,0,4,1,6,1,32,6,1798,1,8,4,3
201450CB2T002,2,1,0,18,0,1,0,0,0,0,1,1,2,1,42,7,-1,-1,-1,6,2
201450CB2T004,1,9,0,18,0,0,0,0,0,0,1,1,6,2,22,5,1124,1,12,3,1
201450CB2U001,1,9,0,6,0,6,0,0,0,0,1,1,6,1,83,11,1398,1,1,6,2
201450CB2U001,2,9,0,18,0,8,0,0,0,0,1,1,6,1,29,6,1388,1,12,5,1
201450CB2U004,1,9,0,4,0,1,0,0,0,0,1,1,6,2,63,9,1124,1,14,3,1
201450CB2U004,2,5,0,3,0,1,0,0,0,0,2,1,6,1,22,5,749,1,16,3,1
201450CB2U007,1,9,0,9,0,8,0,0,0,0,1,1,1,1,56,9,1968,2,7,4,1
201450CB2U007,2,1,0,18,0,1,5,0,0,0,1,1,6,1,56,9,-1,-1,-1,4,1
201450CB2U011,1,9,0,1,0,1,0,0,0,0,2,1,6,1,34,6,1584,1,12,4,1
201450CB2U011,2,1,0,18,0,1,0,0,0,0,4,1,2,2,46,8,-1,-1,-1,4,1
201450CB2U012,1,9,0,2,0,0,0,0,0,0,3,1,6,2,76,11,1598,1,12,3,1
201450CB2U012,2,1,0,18,0,0,0,0,0,0,1,1,6,1,61,9,-1,-1,-1,2,1
201450CB2U013,1,9,0,9,0,1,0,0,0,0,3,1,6,2,77,11,1997,2,13,8,1
201450CB2U013,2,3,0,9,0,1,0,0,0,0,3,1,6,1,18,4,125,1,1,4,1
201450CB2V001,1,9,0,18,0,0,1,0,0,0,1,1,6,1,26,6,1560,2,8,8,1
201450CB2V001,2,19,0,18,0,0,0,0,0,0,2,1,6,1,32,6,1896,2,18,2,1
201450CB2V001,3,9,0,18,0,0,0,0,0,0,2,1,6,2,70,10,1686,2,15,6,3
201450CB2V001,4,9,0,18,0,0,0,0,0,0,2,1,1,1,56,9,-1,-1,-1,5,3
201450CB2W001,1,9,0,4,0,4,0,0,0,0,1,1,2,1,23,5,1686,2,2,5,1
201450CB2W001,2,1,0,9,0,4,2,0,1,0,2,1,6,1,40,7,-1,-1,-1,7,1
201450CB2W003,1,9,0,18,0,0,0,10,7,0,0,1,6,1,75,10,1597,1,19,8,1
201450CB2W003,2,9,0,18,0,0,0,0,0,0,1,1,6,1,33,6,1598,1,8,7,3
201450CB2W005,1,9,0,18,0,0,0,0,0,0,3,1,6,1,31,6,1596,1,13,5,1
201450CB2W005,2,9,0,2,0,0,0,4,0,0,3,1,6,1,24,5,1598,1,12,5,2
201450CB2W008,1,9,0,3,0,4,0,0,0,0,1,1,1,2,23,5,1248,2,4,-1,-1
201450CB2W008,2,9,0,3,0,4,0,0,0,0,2,1,2,1,30,6,1242,1,4,6,3
201450CB2W011,1,9,0,1,0,1,0,0,0,0,2,1,2,1,20,4,1968,2,4,8,1
201450CB2W011,2,19,0,3,0,1,0,0,0,0,1,1,2,1,35,6,1997,2,4,6,1
201450CB2W013,1,9,0,5,0,8,0,0,0,0,1,1,6,1,80,11,1193,1,1,8,1
201450CB2W013,2,5,0,5,0,8,1,0,1,10,1,1,2,1,38,7,1198,1,-1,6,1
201450CB2W014,1,9,0,18,0,0,0,0,0,0,1,1,6,2,52,8,1598,1,9,8,1
201450CB2W014,2,9,0,3,0,0,0,0,0,0,2,1,6,2,27,6,1896,2,13,2,1
201450CB2W015,1,3,0,18,0,0,0,0,1,0,1,1,6,1,36,7,125,1,7,8,1
201450CB2W015,2,9,0,10,0,0,0,0,0,0,4,1,3,2,33,6,1199,1,15,-1,-1
201450CB2W016,1,9,0,18,0,0,0,0,0,0,1,1,6,1,18,4,1299,1,14,6,3
201450CB2W017,1,3,0,18,0,3,0,0,0,0,4,1,2,1,21,5,124,1,1,4,1
201450CB2W017,2,9,0,18,0,3,0,0,0,0,3,1,2,2,46,8,1461,2,8,8,1
201450CB3A001,1,9,0,5,0,4,0,0,0,0,1,1,6,1,43,7,-1,-1,-1,6,3
201450CB3A001,2,1,0,18,0,3,5,0,1,0,4,1,6,1,34,6,-1,-1,-1,8,1
201450CB3A003,1,9,0,18,0,0,0,0,0,0,4,1,6,2,56,9,1396,1,14,6,3
201450CB3B003,1,9,0,18,0,0,0,0,0,0,1,1,3,2,34,6,1598,1,6,2,1
201450CB3C001,1,9,0,3,0,0,0,0,0,0,1,1,6,2,46,8,1997,2,11,8,3
201450CB3C001,2,16,0,4,0,0,0,0,0,0,2,1,6,2,52,8,-1,-1,-1,8,3
201450CB3C002,1,9,0,18,0,0,0,7,0,0,1,1,6,2,17,4,998,1,4,8,2
201450CB3C002,2,9,0,18,0,0,0,0,0,0,0,1,1,1,39,7,1399,2,12,3,1
201450CB3C003,1,9,0,18,0,0,0,0,0,0,1,1,3,2,37,7,1124,1,9,3,1
201450CB3C003,2,9,0,18,0,0,0,0,0,0,2,1,6,1,64,9,1597,1,20,7,1
201450CB3C003,3,9,0,18,0,0,0,0,0,0,2,1,6,2,72,10,2987,2,9,8,2
201450CB3C005,1,9,0,16,0,0,1,0,0,0,3,1,3,2,27,6,1997,2,14,4,1
201450CB3C005,2,21,0,17,0,0,0,0,0,0,3,1,1,1,50,8,12777,2,7,3,1
201450CB3C006,1,9,0,18,0,1,1,0,0,0,1,1,6,2,37,7,1588,1,35,4,1
201450CB3C006,2,9,0,10,0,1,0,0,0,0,2,1,6,1,66,10,-1,-1,-1,8,2
201450CB3D001,1,9,0,18,0,0,0,0,0,0,1,1,6,1,59,9,1968,2,5,3,1
201450CB3D002,1,8,0,15,0,0,0,0,0,0,3,1,6,3,-1,-1,-1,-1,-1,-1,-1
201450CB3D002,2,9,0,18,0,0,0,0,0,0,3,1,6,2,65,9,2495,1,13,6,3
201450CB3D003,1,9,0,15,0,1,1,10,8,10,1,1,6,1,17,4,1360,1,9,6,1
201450CD2C001,1,9,0,18,0,0,0,0,7,11,1,1,2,1,23,5,1300,1,17,7,1
201450CD2C004,1,11,0,3,0,0,0,0,0,0,0,1,1,3,-1,-1,-1,-1,-1,-1,-1
201450CD2C008,1,9,0,18,0,1,0,0,0,0,4,1,2,2,44,7,1199,1,11,6,1
201450CD2C008,2,1,0,17,0,1,0,0,0,0,1,1,6,1,10,2,-1,-1,-1,6,1
201450CD2C011,1,9,0,18,0,0,5,0,1,10,4,1,6,1,33,6,1997,2,13,4,1
201450CD2C013,1,9,0,16,0,0,0,0,0,0,1,1,6,1,27,6,1800,1,16,3,1
201450CD2C013,2,9,0,16,0,0,0,0,0,0,1,1,6,2,24,5,1984,1,14,3,1
201450CD2C013,3,9,0,17,0,0,0,0,0,0,3,1,6,1,66,10,2993,2,8,6,2
201450CD2C014,1,19,0,18,0,1,0,0,0,0,1,1,6,1,31,6,1686,2,14,6,2
201450CD2C014,2,9,0,9,0,1,0,0,0,0,2,1,1,1,35,6,1499,2,1,4,2
201450CD2C016,1,9,0,1,0,1,0,0,0,0,2,1,6,1,58,9,1951,2,9,3,1
201450CD2C016,2,9,0,8,0,1,0,0,0,0,1,1,6,2,19,4,1199,1,13,3,1
201450CD2C017,1,3,0,18,0,8,2,0,0,0,4,1,6,1,33,6,124,1,8,4,2
201450CD2C018,1,9,0,18,0,0,0,0,0,0,1,1,2,3,-1,-1,1242,1,13,-1,-1
201450CD2C019,1,9,0,16,0,0,0,0,7,11,1,1,6,2,87,11,1199,1,10,6,3
201450CD2C021,1,9,0,17,0,0,0,0,0,0,1,1,2,1,56,9,1998,1,11,4,1
201450CD2C022,1,9,0,9,0,6,0,0,3,0,1,1,6,1,71,10,1591,1,2,4,1
201450CD2C022,2,9,0,18,0,8,0,0,1,0,1,1,6,1,77,11,1388,1,6,3,1
201450CD2D003,1,9,0,16,0,0,1,0,0,0,1,1,6,1,34,6,1560,2,4,7,1
201450CD2D003,2,1,0,17,0,0,1,0,0,0,1,1,6,1,48,8,-1,-1,-1,10,1
201450CD2D003,3,1,0,17,0,0,1,0,0,0,3,1,6,2,51,8,-1,-1,-1,10,1
201450CD2E001,1,9,0,18,0,0,0,0,7,11,1,1,6,1,81,11,1349,1,3,3,1
201450CD2E001,2,9,0,2,0,0,0,0,0,0,1,1,6,2,-1,-1,1598,1,13,4,1
201450CD2E002,1,1,0,18,0,1,0,0,0,0,4,1,6,1,39,7,-1,-1,-1,2,1
201450CD2E002,2,9,0,9,0,8,0,0,0,0,1,1,1,1,45,7,1998,1,13,3,1
201450CD2E006,1,9,0,18,0,0,0,0,0,0,4,1,6,2,71,10,1298,1,7,3,1
201450CD2E007,1,9,0,18,0,3,0,0,0,0,3,1,1,2,28,6,1200,1,1,3,1
201450CD2E008,1,9,0,18,0,0,0,0,0,0,1,1,6,3,-1,-1,1199,1,15,-1,-1
201450CD2F003,1,9,0,18,0,0,0,10,0,0,4,1,6,1,18,4,1124,1,13,4,3
201450CD2F004,1,9,0,8,0,1,0,0,0,0,3,1,1,2,42,7,1398,1,2,4,1
201450CD2F004,2,21,1,7,0,8,0,0,0,0,4,1,1,1,35,6,12777,2,8,4,1
201450CD2G002,1,9,0,17,0,0,0,0,1,4,1,1,6,1,25,5,1997,1,10,4,1
201450CD2H001,1,90,0,14,0,0,0,0,0,0,0,1,1,1,-1,-1,2143,2,4,5,1
201450CD2H001,2,9,0,18,0,0,0,0,0,0,2,1,6,1,76,11,1986,1,23,4,3
201450CD2H001,3,9,0,18,0,0,0,0,0,0,1,1,6,1,56,9,1997,2,12,9,3
201450CD2H002,1,9,0,13,0,1,1,0,1,0,4,1,6,1,66,10,1598,1,1,9,1
201450CD2H002,2,90,0,9,0,1,0,0,0,0,1,1,1,1,60,9,-1,-1,-1,5,1
201450CD2I001,1,9,0,18,0,1,0,0,0,0,1,1,6,1,61,9,996,1,1,5,1
201450CD2I001,2,9,0,10,0,1,0,0,0,0,2,1,6,2,21,5,1360,1,11,6,3
201450CD2I002,1,19,0,1,0,0,0,0,0,0,2,1,6,1,19,4,2198,2,-1,4,2
201450CD2I002,2,3,0,3,0,0,0,0,0,0,1,1,6,1,18,4,124,1,-1,6,3
201450CD2J001,1,9,0,7,0,1,0,0,0,0,1,1,6,1,35,6,1988,2,8,5,3
201450CD2J001,2,19,0,1,6,7,0,0,0,0,2,1,2,1,43,7,2151,2,12,5,3
201450CD2K004,1,9,0,18,0,1,2,0,1,0,0,1,6,1,26,6,2495,2,19,4,3
201450CD2K004,2,9,0,18,0,6,0,0,0,0,0,1,6,1,67,10,-1,-1,-1,5,3
201450CD2K005,1,5,0,13,0,1,0,0,7,0,4,1,6,1,53,8,645,1,8,9,1
201450CD2K005,2,9,0,18,0,1,0,0,0,0,3,1,6,1,38,7,1870,2,9,4,1
201450CD2K006,1,19,0,18,0,0,0,0,0,0,3,1,6,1,42,7,-1,-1,-1,-1,1
201450CD2L001,1,3,0,10,0,5,0,0,0,0,2,1,1,1,18,4,124,1,5,4,3
201450CD2L001,2,9,0,18,0,1,0,0,0,0,1,1,6,1,32,6,1598,1,14,4,3
201450CD2L002,1,9,0,16,0,0,0,0,7,1,1,1,2,2,27,6,1560,2,8,4,3
201450CD3B001,1,9,0,3,0,1,0,0,0,0,2,1,2,2,60,9,1598,1,11,5,2
201450CD3B001,2,9,0,16,0,1,1,0,0,0,1,1,2,1,32,6,-1,-1,-1,5,3
201450CD3D001,1,9,0,9,0,6,0,0,0,0,1,1,6,1,77,11,1596,1,4,7,1
201450CD3D001,2,4,0,13,0,1,5,0,0,0,4,1,6,1,73,10,249,1,4,5,3
201450CD3D002,1,9,0,7,0,8,0,0,0,0,3,1,2,2,32,6,1398,1,1,3,1
201450CD3D002,2,3,0,9,0,8,0,0,0,0,4,1,6,2,54,8,125,1,4,5,1
201450CD3D007,1,9,0,18,0,0,0,0,0,0,1,1,1,1,31,6,2494,1,14,4,1
201450CD3D007,2,9,0,3,0,0,0,0,0,0,2,1,1,2,34,6,1984,1,11,4,3
201450CD3D009,1,9,0,18,0,0,0,0,0,0,1,1,1,2,13,3,1242,1,14,4,1
201450CD3D018,1,9,0,18,0,4,0,0,0,0,1,1,6,1,38,7,1796,1,13,5,1
201450CD3D019,1,9,0,1,0,0,0,0,0,0,2,1,6,2,-1,-1,-1,-1,-1,-1,-1
201450CD3D023,1,9,0,18,0,0,0,0,0,0,4,1,6,1,23,5,1796,1,11,3,1
201450CD3E007,1,9,0,15,0,0,0,0,0,0,1,1,6,2,51,8,1242,1,5,7,1
201450CD3E008,1,3,0,18,0,0,2,0,0,0,0,1,1,1,28,6,124,1,1,4,1
201450CD3E011,1,9,0,18,0,1,0,0,0,0,1,1,6,2,82,11,1248,1,1,2,1
201450CD3E012,1,9,0,18,0,0,5,0,1,4,1,1,6,1,17,4,1199,1,11,5,1
201450CD3E016,1,9,0,5,0,1,0,0,0,0,1,1,6,2,27,6,1364,1,8,7,1
201450CD3E016,2,9,0,9,0,1,0,0,0,0,2,1,1,1,23,5,1598,1,12,8,1
201450CD3E018,1,9,0,18,0,0,0,0,0,0,0,1,3,2,54,8,1560,2,-1,8,1
201450CD3E018,2,9,0,2,0,0,0,0,0,0,0,1,6,2,23,5,1686,2,2,5,1
201450CD3E021,1,9,0,4,0,0,1,0,0,0,1,1,6,2,38,7,-1,-1,-1,6,1
201450CD3E021,2,9,0,2,0,0,0,0,0,0,2,1,6,2,51,8,1388,1,7,7,1
201450CD3E021,3,9,0,2,0,0,0,0,0,0,2,1,6,1,74,10,1124,1,7,6,1
201450CD3F001,1,9,0,18,0,0,0,0,0,0,1,1,6,1,77,11,1360,1,7,3,1
201450CD3F001,2,1,0,18,0,0,0,0,0,0,2,1,6,2,63,9,-1,-1,-1,6,1
201450CD3F002,1,19,0,18,0,0,5,0,0,0,1,1,1,1,33,6,2461,2,14,3,1
201450CD3F002,2,9,0,18,0,0,0,0,0,0,1,1,6,2,74,10,1242,1,10,6,3
201450CD3H003,1,9,0,16,0,0,2,0,7,9,4,1,6,1,17,4,1390,1,13,6,1
201450CD3H005,1,9,0,5,9,0,0,0,0,0,4,1,1,1,63,9,-1,-1,-1,7,1
201450CD3H006,1,9,0,1,0,1,0,0,0,0,2,1,6,1,67,10,1587,1,6,3,1
201450CD3H010,1,9,0,17,0,0,1,0,1,11,1,1,6,2,17,4,1198,1,9,9,3
201450CD3I002,1,9,0,5,0,4,0,0,0,0,1,1,6,1,41,7,1998,1,13,7,1
201450CD3I002,2,3,0,3,0,4,0,0,0,0,2,1,6,2,54,8,125,1,4,5,1
201450CD3I003,1,9,0,18,0,1,0,10,7,11,1,1,6,1,83,11,993,1,12,4,1
201450CD3I004,1,9,0,9,0,2,0,0,0,0,0,1,6,2,58,9,1598,1,13,7,1
201450CD3I004,2,2,0,18,0,1,0,0,0,0,1,1,1,2,29,6,49,1,1,4,1
201450CH2D001,1,9,0,14,0,8,0,0,0,0,4,1,1,1,51,8,1968,2,2,5,3
201450CH2D001,2,9,0,9,0,1,0,0,0,0,3,1,6,1,73,10,1997,2,15,4,3
201450CH2D003,1,9,0,18,0,6,0,0,0,0,1,1,6,2,19,4,998,1,6,5,3
201450CH2D003,2,9,0,18,0,1,0,0,0,0,1,1,6,2,56,9,-1,-1,-1,5,3
201450CH2D005,1,9,0,17,0,0,2,0,8,10,1,1,6,2,21,5,1398,2,11,5,2
201450CH2F001,1,9,0,18,0,0,2,0,1,0,1,1,6,2,24,5,2198,2,1,5,3
201450CH2J001,1,9,0,7,0,8,0,0,1,10,1,1,6,2,58,9,1198,1,5,4,3
201450CH2J001,2,9,0,18,0,8,0,0,8,10,3,1,6,2,62,9,1124,1,8,5,3
201450CH2L004,1,1,0,9,0,8,0,0,0,0,1,1,6,1,16,4,-1,-1,-1,5,2
201450CH2L004,2,9,0,18,0,1,0,0,0,0,1,1,2,2,22,5,-1,-1,-1,5,3
201450CH2L005,1,9,0,5,0,1,0,0,0,0,1,1,6,1,62,9,1997,2,9,4,3
201450CH2L006,1,21,0,18,0,0,0,0,2,10,1,1,1,1,47,8,-1,-1,-1,5,1
201450CH2L009,1,19,4,16,0,0,0,0,0,0,0,1,6,3,-1,-1,-1,-1,-1,-1,-1
201450CH2L009,2,9,0,17,0,0,5,0,2,10,4,1,6,1,77,11,2495,2,11,5,3
201450CH2L010,1,9,0,18,0,1,0,0,7,0,4,1,1,2,23,5,1998,1,11,5,2
201450CH2L010,2,9,0,18,0,3,0,0,0,0,3,1,1,1,20,4,1124,1,16,8,2
201450CH2M001,1,19,0,18,0,8,5,0,7,10,3,1,1,2,47,8,2198,2,2,6,1
201450CH2M001,2,11,0,18,0,8,0,0,7,10,1,1,3,1,67,10,4250,2,11,6,3
201450CH2M002,1,9,0,18,0,1,0,0,0,0,1,1,6,2,53,8,2495,2,15,4,3
201450CH2M002,2,9,0,3,0,1,0,0,0,0,2,1,6,2,41,7,2993,2,11,7,2
201450CH2M002,3,9,0,10,0,5,0,0,0,0,2,1,6,2,60,9,1596,1,5,5,3
201450CH2M003,1,9,0,18,0,0,2,0,1,10,3,1,6,2,38,7,1399,2,7,5,3
201450CH2M003,2,9,0,18,0,0,1,0,7,10,3,1,6,2,62,9,3200,2,9,5,3
201450CH2M004,1,9,0,6,0,0,1,0,0,0,3,1,6,1,78,11,1598,1,1,-1,-1
201450CH2M004,2,9,0,17,0,0,1,0,0,0,1,1,6,1,36,7,-1,-1,-1,8,1
201450CH2M005,1,9,0,3,0,1,0,0,0,0,1,1,2,1,40,7,-1,-1,-1,6,3
201450CH2M005,2,9,0,3,0,1,0,0,0,0,2,1,1,1,61,9,1598,2,-1,-1,1
201450CH2M006,1,9,0,17,0,0,2,0,7,11,1,1,6,1,19,4,1149,1,12,5,3
201450CH2M007,1,9,0,18,0,0,1,0,0,0,1,1,6,1,51,8,-1,-1,-1,5,3
201450CH2M007,2,9,0,18,0,0,0,0,0,0,1,1,6,1,26,6,1560,2,2,4,3
201450CH2M008,1,9,0,17,0,0,2,0,0,0,1,1,6,2,33,6,1796,1,11,4,3
201450CH2M008,2,9,0,18,0,0,0,0,0,0,1,1,6,1,50,8,1198,1,11,5,3
201450CH2N001,1,9,0,9,0,6,0,0,0,0,2,1,6,2,69,10,1560,2,5,5,2
201450CH2N001,2,5,0,18,0,1,1,0,0,0,1,1,6,1,47,8,1000,1,13,4,3
201450CH2N002,1,19,0,1,0,0,0,0,0,0,4,1,6,1,45,7,2461,2,11,5,3
201450CH2N002,2,5,0,3,0,0,0,0,0,0,3,1,6,1,59,9,-1,-1,-1,5,3
201450CH2N003,1,9,0,17,0,0,2,0,1,9,4,1,2,1,18,4,1124,1,13,4,3
201450CH2O002,1,9,0,5,0,4,0,0,7,0,2,1,1,2,35,6,1396,1,10,4,3
201450CH2O002,2,9,0,18,0,1,0,0,0,0,0,1,6,2,27,6,1896,2,13,4,3
201450CH2P001,1,9,0,17,0,0,5,0,0,10,1,1,6,1,49,8,1560,2,7,5,2
201450CH3A001,1,9,0,16,0,0,2,0,7,9,0,1,6,2,28,6,1794,1,13,5,3
201450CH3A002,1,9,0,13,0,0,0,0,0,0,1,1,6,2,39,7,1108,1,12,4,2
201450CH3A002,2,9,0,18,0,0,0,0,0,0,1,1,6,1,-1,-1,1560,2,4,4,3
201450CH3A002,3,21,1,18,0,0,3,0,7,9,4,1,1,1,50,8,12580,2,9,5,3
201450CH3B001,1,5,0,18,0,0,1,0,0,0,1,1,1,1,44,7,599,1,16,5,3
201450CH3E001,1,9,0,16,0,1,2,0,8,0,1,1,6,2,38,7,1997,2,10,5,2
201450CH3E002,1,19,0,6,0,0,5,0,1,0,3,1,6,1,64,9,1896,2,10,4,3
201450CH3E002,2,90,0,13,0,0,0,0,0,0,1,1,6,1,59,9,2800,2,9,4,3
201450CH3E003,1,9,0,16,0,0,0,0,0,0,0,1,6,2,80,11,1390,1,15,4,3
201450CH3E003,2,1,0,16,0,0,1,0,7,9,0,1,6,2,61,9,-1,-1,-1,4,3
201450CH3F001,1,19,0,3,0,0,0,0,0,0,0,1,1,1,55,8,2148,2,6,5,2
201450CH3F001,2,16,0,18,0,0,0,0,0,0,0,1,6,2,31,6,-1,-1,-1,4,3
201450CH3F002,1,9,0,18,0,1,0,0,0,0,1,1,6,1,-1,-1,1985,1,13,4,2
201450CH3F002,2,9,0,18,0,1,0,0,0,0,1,1,6,2,41,7,1399,1,5,4,3
201450CH3F003,1,9,0,18,0,0,2,0,1,0,4,1,6,1,59,9,-1,-1,-1,4,2
201450CH3F004,1,19,0,18,0,0,2,0,5,0,1,1,6,1,53,8,-1,-1,-1,10,1
201450CH3F006,1,9,0,16,0,0,5,0,0,1,3,1,1,1,19,4,2494,2,11,5,3
201450CH3H002,1,9,0,13,0,0,0,0,0,0,1,1,6,2,25,5,1299,1,12,10,1
201450CH3H002,2,9,0,17,0,0,0,0,1,0,1,1,6,1,36,7,1800,1,15,4,2
201450CH3H002,3,17,4,16,0,0,0,0,0,0,3,1,1,1,32,6,-1,2,4,5,3
201450CH3H003,1,9,0,18,0,0,0,0,2,0,1,1,1,1,54,8,1398,2,5,1,1
201450CH3J001,1,9,0,18,0,0,0,0,0,0,3,1,6,2,42,7,1242,1,1,4,3
201450CH3J001,2,1,0,18,0,0,0,0,0,0,0,1,6,1,39,7,-1,-1,-1,4,1
201450CH3J001,3,1,0,18,0,0,0,0,0,0,0,1,6,1,50,8,-1,-1,-1,6,3
201450CH3J001,4,1,0,18,0,0,0,0,0,0,0,1,6,1,25,5,-1,-1,-1,5,1
201450CH3J001,5,1,0,18,0,0,0,0,0,0,0,1,6,1,50,8,-1,-1,-1,8,2
201450CH3J001,6,1,0,18,0,0,0,0,0,0,0,1,6,1,21,5,-1,-1,-1,5,1
201450CH3J001,7,1,0,18,0,0,0,0,0,0,0,1,6,1,39,7,-1,-1,-1,4,3
201450CH3J001,8,1,0,18,0,0,0,0,0,0,0,1,6,1,51,8,-1,-1,-1,5,3
201450CH3J002,1,9,0,18,0,1,5,0,8,10,4,1,6,1,19,4,1108,1,7,5,3
201450CH3J002,2,9,0,9,0,6,0,0,0,0,1,1,6,1,68,10,1242,1,8,2,1
201450CI2A004,1,9,0,16,0,0,0,0,0,0,3,1,6,1,33,6,-1,-1,-1,-1,-1
201450CI2A004,2,9,0,17,0,0,0,0,0,0,4,1,6,2,41,7,1991,2,8,6,3
201450CI2A006,1,9,0,18,0,0,0,0,0,0,1,1,6,1,46,8,1596,1,6,5,1
201450CI2A006,2,9,0,17,0,0,0,0,0,0,1,1,6,1,48,8,2179,2,7,3,1
201450CI2A007,1,11,0,18,0,0,0,0,0,0,1,1,1,1,73,10,-1,-1,-1,2,1
201450CI2A007,2,9,0,18,0,0,0,0,0,0,1,1,6,3,-1,-1,-1,-1,-1,-1,-1
201450CI2A008,1,9,0,18,0,0,0,0,0,0,1,1,6,2,71,10,1398,2,9,1,1
201450CI2A008,2,9,0,18,0,0,0,0,0,0,1,1,6,1,64,9,2148,2,8,6,3
201450CI2A009,1,3,0,18,0,1,0,0,0,0,1,1,2,1,23,5,124,1,19,-1,-1
201450CI2A010,1,9,0,5,0,5,0,0,1,0,4,1,6,2,75,10,1598,1,5,6,3
201450CI2A010,2,3,0,18,0,1,0,0,1,0,1,1,2,1,20,4,124,1,10,6,3
201450CI2B001,1,9,0,18,0,0,0,11,0,0,0,1,6,1,61,9,4172,1,15,5,3
201450CI2B008,1,9,0,5,0,0,0,0,0,0,1,1,2,2,50,8,1781,1,14,6,1
201450CI2B009,1,9,0,18,0,1,0,10,1,11,1,1,6,2,35,6,1796,1,13,4,2
201450CI2B010,1,1,0,18,0,1,0,0,0,0,0,1,6,1,15,3,-1,-1,-1,2,1
201450CI2B014,1,19,0,18,0,0,0,0,0,0,4,1,6,3,-1,-1,-1,-1,-1,-1,-1
201450CI2C001,1,9,0,18,0,0,1,0,0,0,1,1,6,2,19,4,1390,1,17,-1,-1
201450CI2C001,2,9,0,18,0,0,0,0,0,0,2,1,6,2,75,10,2179,2,7,9,3
201450CI2C001,3,11,0,18,0,0,0,0,0,0,0,1,1,1,-1,-1,9000,2,1,3,1
201450CI2C002,1,9,0,17,0,0,0,0,0,0,1,1,1,1,24,5,-1,-1,-1,3,1
201450CI2C002,2,9,0,16,0,0,0,0,0,0,1,1,6,2,42,7,1199,1,13,6,3
201450CI2C003,1,9,0,3,0,1,0,0,0,0,2,1,6,2,48,8,1560,2,5,6,3
201450CI2C003,2,9,0,18,0,1,1,0,0,0,1,1,6,1,19,4,1299,1,10,6,3
201450CI2C004,1,9,0,18,0,0,0,0,0,0,2,2,6,1,55,8,-1,-1,-1,-1,-1
201450CI2C004,2,9,0,18,0,0,0,0,0,0,1,1,6,2,25,5,-1,-1,-1,2,1
201450CI2C005,1,19,0,18,0,1,1,0,0,0,1,1,1,1,21,5,1753,2,8,5,3
201450CI2C005,2,9,0,10,0,5,0,0,0,0,2,1,1,2,34,6,1388,1,10,4,1
201450CI2C005,3,9,0,18,0,1,0,0,0,0,3,1,6,1,56,9,1332,1,17,6,2
201450CI2C006,1,9,0,4,0,0,0,0,0,0,1,1,6,1,37,7,2401,2,9,9,1
201450CI2C006,2,9,0,18,0,0,0,0,0,0,2,1,6,1,23,5,1589,1,18,4,1
201450CI2C007,1,9,0,4,0,8,0,0,0,0,2,1,6,1,-1,-1,1360,1,8,3,1
201450CI2C007,2,19,0,18,0,8,0,4,0,0,1,1,6,3,-1,-1,-1,-1,-1,-1,-1
201450CI2C009,1,9,0,18,0,0,2,0,2,4,1,1,6,2,60,9,1199,1,12,6,3
201450CI2C010,1,9,0,18,0,0,5,0,0,0,0,1,6,1,42,7,1896,2,12,4,1
201450CI2C011,1,9,0,18,0,1,1,0,0,0,1,1,6,1,18,4,1390,1,18,8,3
201450CI2C011,2,9,0,10,0,5,0,0,0,0,2,1,1,1,76,11,2720,2,6,6,3
201450CI2C012,1,3,0,17,0,8,2,0,0,0,0,1,6,1,18,4,124,1,-1,2,1
201450CI2D001,1,19,0,9,0,8,0,0,0,0,1,1,2,1,28,6,1868,2,11,5,3
201450CI2D001,2,3,0,18,0,8,1,0,0,0,1,1,6,1,28,6,124,1,1,5,3
201450CI2D002,1,9,0,18,0,0,0,0,0,0,2,1,2,1,25,5,1796,1,12,4,1
201450CI2D002,2,9,0,18,0,0,0,0,0,0,1,1,6,1,55,8,1997,2,14,2,1
201450CI2E002,1,9,0,17,0,0,1,0,0,10,1,1,6,1,32,6,998,1,7,2,1
201450CI2E004,1,9,0,18,0,1,1,0,0,0,1,1,6,3,-1,-1,-1,-1,-1,-1,-1
201450CI2E004,2,1,0,18,0,1,0,0,0,0,3,1,6,1,44,7,-1,-1,-1,3,1
201450CI2E005,1,9,0,17,0,0,5,0,1,4,1,1,6,1,20,4,-1,-1,-1,8,2
201450CI2F001,1,9,0,16,0,8,0,0,7,10,4,1,6,2,61,9,1275,1,17,4,2
201450CI2F003,1,9,0,17,0,0,0,0,1,11,1,1,1,2,50,8,-1,-1,-1,5,3
201450CI2F006,1,9,0,18,0,0,0,0,0,0,4,1,6,1,51,8,-1,-1,-1,8,1
201450CI2F008,1,9,0,5,0,0,0,0,0,0,1,1,6,1,72,10,999,1,1,4,3
201450CI2G001,1,4,0,16,0,0,0,0,0,0,3,1,6,1,53,8,500,1,20,4,3
201450CI2G001,2,21,0,4,0,0,0,0,0,0,3,1,1,1,51,8,10837,2,1,10,1
201450CI2G001,3,9,0,4,0,0,0,0,0,0,3,1,6,1,49,8,2429,1,9,8,1
201450CI2G002,1,9,0,4,0,1,0,0,0,0,1,1,6,1,29,6,1360,1,11,5,2
201450CI2G002,2,9,0,3,0,1,0,0,0,0,2,1,6,1,63,9,1968,2,-1,-1,-1
201450CI2G003,1,21,0,15,0,1,0,0,0,0,1,1,6,1,24,5,-1,-1,-1,-1,-1