Accident_Index,Vehicle_Reference,Vehicle_Type,Towing_and_Articulation,Vehicle_Manoeuvre,Vehicle_Location-Restricted_Lane,Junction_Location,Skidding_and_Overturning,Hit_Object_in_Carriageway,Vehicle_Leaving_Carriageway,Hit_Object_off_Carriageway,1st_Point_of_Impact,Was_Vehicle_Left_Hand_Drive?,Journey_Purpose_of_Driver,Sex_of_Driver,Age_of_Driver,Age_Band_of_Driver,Engine_Capacity_(CC),Propulsion_Code,Age_of_Vehicle,Driver_IMD_Decile,Driver_Home_Area_Type
201450CI2G003,2,20,0,9,0,5,0,0,0,0,3,1,6,1,58,9,-1,2,11,4,3
201450CI2G004,1,9,0,16,0,0,2,0,0,0,1,1,1,2,19,4,1149,1,11,4,2
201450CI2G006,1,9,0,15,0,0,2,0,0,0,3,1,6,1,41,7,-1,-1,-1,5,3
201450CI2G006,2,9,0,18,0,0,1,0,1,0,1,1,6,1,85,11,1596,1,11,10,1
201450CI2G007,1,9,0,4,0,2,0,0,0,0,1,1,6,1,26,6,1587,1,7,2,1
201450CI2G007,2,9,0,4,0,2,0,0,0,0,2,1,6,1,27,6,1596,1,9,5,3
201450CI2G007,3,9,0,3,0,2,0,0,0,0,2,1,6,1,69,10,-1,-1,-1,5,3
201450CI2G008,1,9,0,18,0,0,0,0,0,0,1,1,6,2,20,4,1389,1,17,4,2
201450CI2G008,2,19,0,3,0,0,0,0,0,0,2,1,6,1,60,9,1560,2,6,5,3
201450CI2H001,1,9,0,18,0,0,5,0,2,10,1,1,6,1,46,8,1796,1,13,5,3
201450CI2I001,1,5,0,16,0,0,2,0,1,10,1,1,6,1,44,7,1130,1,11,6,3
201450CI2Q001,1,9,0,17,0,0,0,0,0,0,1,1,1,2,24,5,1598,1,9,6,1
201450CI2Q003,1,9,0,1,0,6,0,0,0,0,2,1,6,2,25,5,1124,1,12,3,1
201450CI2Q006,1,9,0,18,0,0,0,0,8,10,1,1,6,1,75,10,1299,1,11,5,1
201450CI2Q007,1,97,0,16,0,0,0,0,0,0,1,1,6,1,59,9,-1,-1,-1,-1,-1
201450CI2Q007,2,9,0,17,0,0,0,0,0,0,3,1,6,1,60,9,1149,1,11,4,1
201450CI2Q007,3,9,0,18,0,0,0,0,0,0,1,1,6,2,24,5,1229,1,9,2,1
201450CI2Q009,1,9,0,16,0,1,1,0,0,0,1,1,6,1,27,6,1968,2,4,8,1
201450CI2Q009,2,9,0,8,0,1,0,0,0,0,2,1,6,1,45,7,1248,2,-1,-1,-1
201450CI2Q011,1,9,0,18,0,0,0,0,0,0,4,1,6,1,63,9,-1,-1,-1,4,1
201450CI2Q012,1,9,0,16,0,0,1,4,0,0,1,1,6,1,27,6,1597,1,14,3,1
201450CI2Q012,2,9,0,17,0,0,0,0,0,0,1,1,6,1,27,6,-1,-1,-1,7,3
201450CI2Q012,3,19,0,2,0,0,0,0,0,0,3,1,6,1,-1,-1,1997,2,1,2,1
201450CI2Q013,1,9,0,2,0,1,0,0,0,0,4,1,1,1,29,6,1199,1,13,3,1
201450CI2Q013,2,1,0,18,0,1,0,0,0,0,1,1,6,1,14,3,-1,-1,-1,1,1
201450CI2Q015,1,9,0,18,0,1,0,4,0,0,1,1,6,1,49,8,-1,-1,-1,-1,-1
201450CI2Q015,2,9,0,2,0,1,0,4,0,0,2,1,6,2,47,8,2400,2,2,2,1
201450CI2Q015,3,9,0,2,0,1,0,0,0,0,2,1,6,1,38,7,1598,2,1,2,1
201450CI2R001,1,9,0,1,0,0,0,0,0,0,2,1,6,1,25,5,1600,1,14,8,1
201450CI2R001,2,9,0,18,0,0,0,0,7,11,4,1,1,1,29,6,1896,2,4,2,1
201450CI2R002,1,19,0,16,0,1,0,0,0,0,1,1,2,1,33,6,1870,2,10,6,1
201450CI2R002,2,9,0,17,0,1,0,0,0,0,1,1,6,2,38,7,1397,1,13,2,1
201450CI2R003,1,9,0,16,0,0,0,0,0,0,1,1,1,1,18,4,1596,1,13,6,3
201450CI2R003,2,9,0,17,0,0,0,0,1,0,1,1,6,1,81,11,1339,1,8,6,3
201450CI2R004,1,19,0,9,0,8,0,0,7,10,4,1,1,1,43,7,1598,2,1,6,1
201450CI2R004,2,9,0,18,0,1,0,0,0,0,1,1,6,2,26,6,1497,1,12,4,1
201450CI2R006,1,9,0,2,0,0,0,0,0,0,0,1,6,1,71,10,1796,1,15,9,3
201450CI2R006,2,1,0,18,0,0,0,0,0,0,1,1,6,1,64,9,-1,-1,-1,10,1
201450CL2B001,1,9,0,18,0,2,0,0,0,0,0,1,6,3,-1,-1,-1,-1,-1,-1,-1
201450CL2C001,1,19,0,17,0,0,0,0,0,0,1,1,1,1,26,6,2143,2,3,3,1
201450CL2C001,2,9,0,16,0,0,0,0,0,0,1,1,6,1,49,8,1761,1,13,5,3
201450CL2D001,1,9,0,17,0,0,0,0,7,11,1,1,6,1,23,5,1896,2,15,3,3
201450CL2D002,1,9,0,9,0,8,0,0,0,0,4,1,1,2,28,6,-1,-1,-1,5,3
201450CL2D002,2,9,0,18,0,1,0,0,0,10,1,1,2,2,18,4,1598,1,13,4,3
201450CL2D002,3,9,0,18,0,1,0,0,0,0,3,1,3,2,47,8,1995,1,7,6,3
201450CL2D003,1,9,0,4,0,0,0,0,0,0,2,1,6,1,47,8,1199,1,13,6,3
201450CL2D003,2,1,0,4,0,0,0,0,0,0,1,1,6,2,37,7,-1,-1,-1,4,1
201450CL2E003,1,9,0,18,0,1,0,0,0,0,1,1,6,2,51,8,1275,1,-1,5,3
201450CL2E003,2,9,0,4,0,1,1,0,0,0,4,1,6,1,41,7,1968,2,2,6,2
201450CL2E005,1,5,0,16,0,0,0,0,7,11,1,1,6,1,19,4,599,1,16,5,1
201450CL2E006,1,11,0,5,0,1,0,0,0,0,4,1,6,1,34,6,11967,2,6,-1,-1
201450CL2E007,1,9,0,1,0,0,0,0,0,0,0,1,6,2,22,5,1910,2,10,4,3
201450CL2E007,2,1,0,16,0,0,0,0,0,0,2,1,6,2,29,6,-1,-1,-1,6,2
201450CL2F001,1,9,0,18,0,8,0,0,0,0,4,1,6,1,53,8,-1,-1,-1,5,3
201450CL2F001,2,1,0,18,0,1,0,0,0,0,1,1,6,1,48,8,-1,-1,-1,3,2
201450CN2A001,1,9,0,2,0,1,0,0,0,2,2,1,6,2,38,7,1753,2,10,10,2
201450CN2A002,1,9,0,2,0,0,0,0,0,0,2,1,6,1,37,7,-1,-1,-1,8,3
201450CN2A002,2,1,0,18,0,0,0,0,0,0,1,1,6,1,47,8,-1,-1,-1,8,3
201450CN2A003,1,9,0,9,0,8,0,0,0,0,1,1,1,1,28,6,-1,-1,-1,2,1
201450CN2B002,1,5,0,18,0,0,0,0,0,0,1,1,6,1,23,5,599,1,17,2,1
201450CN2B002,2,9,0,3,0,0,0,0,0,0,2,1,6,2,24,5,1386,1,11,2,1
201450CN2B003,1,9,0,18,0,0,0,4,0,0,1,1,6,1,70,10,996,1,2,8,3
201450CN2B003,2,9,0,2,0,0,0,0,0,0,2,1,6,1,37,7,1798,1,11,6,3
201450CN2B005,1,17,4,17,0,0,1,0,0,0,1,1,1,1,78,11,-1,2,-1,6,3
201450CN2B005,2,9,0,16,0,0,0,0,0,0,1,1,6,1,22,5,-1,-1,-1,9,3
201450CN2B006,1,9,0,18,0,1,0,0,0,0,1,1,6,2,43,7,2179,2,7,6,3
201450CN2B006,2,1,0,5,0,6,0,0,0,0,3,1,4,1,10,2,-1,-1,-1,7,2
201450CN2B009,1,9,0,18,0,0,0,0,0,0,2,1,6,1,-1,-1,-1,-1,-1,-1,-1
201450CN2B009,2,1,0,18,0,0,0,0,0,0,1,1,6,1,42,7,-1,-1,-1,8,2
201450CN2B010,1,9,0,18,0,0,0,0,0,0,4,1,6,2,45,7,1995,2,2,6,3
201450CN2B012,1,9,0,4,0,0,0,0,0,0,1,1,6,1,80,11,1388,1,5,2,1
201450CN2B014,1,9,0,18,0,0,0,0,0,0,4,1,3,2,35,6,1796,1,12,7,3
201450CN2B015,1,9,0,1,0,1,0,0,0,0,2,1,2,1,59,9,1596,1,3,7,2
201450CN2B016,1,5,0,14,0,0,0,0,0,0,1,1,6,1,30,6,749,1,26,6,1
201450CN2B017,1,9,0,18,0,1,0,0,0,0,1,1,6,2,44,7,1796,1,14,7,3
201450CN2B017,2,9,0,18,0,1,0,0,0,0,1,1,6,1,27,6,1984,1,9,8,2
201450CN2B017,3,9,0,3,0,1,0,0,0,0,2,1,6,2,52,8,1896,2,11,8,2
201450CN2B018,1,9,0,10,0,0,0,0,0,0,4,1,6,2,38,7,1598,1,10,7,3
201450CN2B018,2,5,0,14,0,0,0,0,0,0,4,1,6,1,51,8,745,1,11,5,3
201450CN2B023,1,9,0,1,0,0,0,0,0,0,2,1,6,1,31,6,-1,-1,-1,7,2
201450CN2B023,2,9,0,2,0,0,0,0,0,0,0,1,6,1,76,11,1998,2,7,8,3
201450CN2C002,1,9,0,5,0,8,0,9,3,1,1,1,6,1,70,10,996,1,2,8,3
201450CN2C002,2,11,0,18,0,3,0,0,0,0,3,1,1,1,65,9,4580,2,5,7,3
201450CN2C004,1,9,0,16,0,0,0,0,0,11,3,1,6,2,30,6,2777,2,7,4,1
201450CN2C005,1,9,0,18,0,0,0,0,0,0,1,1,6,1,38,7,1368,1,10,6,2
201450CN2C005,2,9,0,18,0,0,0,0,1,2,2,1,6,1,90,11,1598,1,18,8,3
201450CN2C007,1,9,0,18,0,8,0,0,1,11,1,1,6,1,52,8,1995,2,2,7,3
201450CN2C007,2,17,0,18,0,8,0,0,0,0,0,1,6,3,-1,-1,-1,-1,-1,-1,-1
201450CN2C008,1,19,0,6,0,8,0,0,0,0,2,1,1,1,38,7,2143,2,2,6,1
201450CN2C008,2,9,0,3,0,1,0,0,0,0,2,1,1,1,59,9,2000,2,8,8,2
201450CN2C008,3,9,0,4,0,1,0,0,0,0,1,1,6,1,21,5,1124,1,13,8,2
201450CN2C009,1,9,0,18,0,4,0,0,0,0,1,1,1,2,48,8,1910,2,6,5,1
201450CN2C009,2,1,0,17,0,3,0,0,0,0,4,1,6,1,42,7,-1,-1,-1,9,3
201450CN2D001,1,9,0,18,0,0,1,0,0,0,1,1,6,1,28,6,1994,2,15,5,3
201450CN2D001,2,9,0,18,0,0,0,0,0,0,1,1,6,2,84,11,-1,-1,-1,6,3
201450CN2D002,1,3,0,18,0,0,1,0,0,0,1,1,6,1,18,4,98,1,9,7,2
201450CN2D002,2,9,0,4,0,0,0,0,0,0,2,1,6,2,59,9,1061,1,10,10,1
201450CN2D002,3,19,0,18,0,0,0,0,0,0,1,1,6,1,69,10,1968,1,15,9,1
201450CN2D003,1,9,0,17,0,0,1,0,1,10,1,1,6,1,21,5,1396,1,18,4,2
201450CN2D005,1,9,0,18,0,0,5,0,2,0,1,1,2,1,19,4,2830,2,20,4,1
201450CN2D005,2,19,0,18,0,0,0,0,0,0,0,1,6,3,-1,-1,-1,-1,-1,-1,-1
201450CN2F001,1,9,0,18,0,0,0,0,8,10,1,1,1,1,33,6,1173,1,12,6,3
201450CN2F002,1,9,0,16,0,0,1,0,0,0,1,1,2,1,23,5,998,1,15,4,1
201450CN2F002,2,9,0,17,0,0,0,0,0,0,1,1,1,1,39,7,-1,-1,-1,7,1
201450CS2B001,1,9,0,17,0,0,2,0,1,0,1,1,6,2,49,8,1598,1,9,7,2
201450CS2B002,1,9,0,17,0,0,1,0,0,0,1,1,6,2,28,6,-1,-1,-1,9,3
201450CS2B002,2,9,0,16,0,0,0,0,1,10,1,1,6,1,63,9,-1,-1,-1,6,2
201450CS2B004,1,21,0,18,0,0,0,0,1,9,4,1,1,1,46,8,11021,2,9,6,2
201450CS2B004,2,98,0,18,0,0,0,0,0,0,0,1,1,3,-1,-1,-1,-1,-1,-1,-1
201450CS2B005,1,9,0,18,0,8,1,0,2,2,4,1,1,1,47,8,1753,2,14,8,1
201450CS2B005,2,19,0,5,0,1,0,0,0,0,0,1,6,2,56,9,-1,-1,-1,6,2
201450CS2C002,1,9,0,13,0,0,0,0,0,0,1,1,6,2,73,10,1388,1,2,10,1
201450CS2C002,2,9,0,18,0,0,0,0,0,0,1,1,6,2,63,9,1598,1,15,7,1
201450CS2C003,1,9,0,18,0,1,0,0,0,0,3,1,6,2,18,4,875,1,-1,8,1
201450CS2C003,2,5,0,18,0,1,0,0,0,0,4,1,6,1,37,7,998,1,4,8,1
201450CS2E001,1,9,4,18,0,0,3,0,0,0,1,1,6,1,41,7,2495,2,22,6,3
201450CS2E001,2,9,0,18,0,0,0,0,7,0,1,1,6,1,32,6,1596,1,4,3,1
201450CS2E001,3,9,0,18,0,0,0,0,0,0,3,1,6,2,55,8,1796,1,8,8,3
201450CS2E002,1,9,0,17,0,8,0,0,1,11,1,1,6,1,40,7,1560,2,7,6,1
201450CS2E003,1,9,0,17,0,0,5,0,0,0,4,1,6,2,51,8,2800,2,15,4,3
201450CS2E004,1,9,0,16,0,0,1,0,0,0,1,1,6,2,49,8,2316,1,17,4,3
201450CS2E004,2,1,0,18,0,0,0,0,0,0,1,1,6,1,68,10,-1,-1,-1,4,3
201450CS2E005,1,9,0,18,0,0,0,0,0,0,1,1,6,2,34,6,1598,1,14,8,1
201450CS2E005,2,9,0,4,0,0,0,0,0,0,2,1,6,1,25,5,1968,2,5,8,3
201450CS2E005,3,9,0,4,0,0,0,0,0,0,2,1,6,1,42,7,1198,1,3,-1,-1
201450CS2E005,4,9,0,4,0,0,0,0,0,0,2,1,6,2,49,8,1997,1,11,6,3
201450CS2E006,1,9,0,17,0,0,0,0,2,0,3,1,2,2,31,6,1968,2,-1,5,2
201450CS2E006,2,8,0,16,0,0,0,0,0,0,3,1,6,1,83,11,-1,-1,-1,9,2
201450CS2F001,1,9,0,18,0,0,0,0,0,0,1,1,6,1,79,11,1596,1,13,7,2
201450CS2F001,2,22,0,5,0,0,5,0,0,0,4,1,6,1,86,11,-1,3,-1,6,2
201450CS2F004,1,9,0,17,0,0,5,0,1,7,1,1,6,2,62,9,1596,1,6,8,3
201450CS2F005,1,9,0,18,0,0,0,0,0,0,1,1,6,1,44,7,1390,1,16,10,1
201450CS2F005,2,8,0,18,0,0,0,0,0,0,1,1,6,1,-1,-1,1896,2,10,5,3
201450CS2F009,1,9,0,18,0,8,0,0,1,11,1,1,6,1,86,11,1590,1,14,5,3
201450CS2F009,2,9,0,18,0,8,0,0,0,0,1,1,1,2,17,4,1598,2,1,7,2
201450CS2F011,1,19,0,1,0,0,0,0,0,0,2,1,1,1,38,7,2143,2,1,3,1
201450CS2G001,1,9,0,16,0,0,1,0,1,9,3,1,2,1,49,8,1598,1,13,6,2
201450CS2G001,2,21,1,4,0,0,0,0,0,0,3,1,1,1,32,6,10518,2,7,-1,1
201450CS2G002,1,9,0,5,0,6,0,0,0,0,1,1,2,2,60,9,1398,1,2,5,3
201450CS2G002,2,9,0,18,0,1,0,0,1,10,1,1,6,2,80,11,-1,-1,-1,6,3
201450CS2G004,1,9,0,16,0,0,2,0,0,10,1,1,6,2,35,6,1896,2,17,6,3
201450CS2G005,1,3,0,18,0,0,1,0,0,0,0,1,2,1,25,5,124,1,3,5,2
201450CS2H002,1,9,0,16,0,0,1,0,1,9,3,1,1,2,42,7,1984,1,12,8,1
201450CS2H002,2,9,0,18,0,0,0,0,0,10,1,1,1,2,30,6,1396,1,13,5,3
201450CS2H003,1,9,0,9,0,0,0,0,0,0,1,1,6,2,84,11,1390,1,13,8,1
201450CS2H003,2,9,0,18,0,0,0,0,1,9,1,1,6,2,43,7,2290,1,13,7,2
201450CS2H004,1,9,0,13,0,0,0,0,0,0,1,1,2,1,31,6,1997,2,16,6,3
201450CS2H004,2,9,0,13,0,0,0,0,8,0,1,1,2,1,41,7,2143,2,1,5,3
201450CS2H004,3,17,0,18,0,0,0,0,0,0,1,1,1,1,80,11,-1,2,17,6,3
201450CS2H005,1,19,0,18,0,6,0,0,0,0,1,1,6,1,86,11,-1,-1,-1,6,3
201450CS2H005,2,9,0,18,0,1,0,0,0,0,1,1,6,2,51,8,1896,2,7,6,3
201450CS2H006,1,9,0,18,0,0,0,0,0,0,3,1,6,2,20,4,1560,2,6,5,3
201450CS2H006,2,9,0,18,0,0,1,0,1,11,3,1,6,3,-1,-1,1796,1,19,-1,-1
201450CS2H008,1,9,0,16,0,0,0,0,0,0,1,1,6,3,-1,-1,-1,-1,-1,-1,-1
201450CS2H008,2,9,0,17,0,0,0,0,0,0,1,1,2,2,43,7,1796,1,12,8,2
201450CS2H009,1,3,0,18,0,0,0,0,0,0,1,1,6,1,19,4,124,1,-1,6,3
201450CS2H009,2,9,0,18,0,0,0,0,0,0,1,1,6,1,62,9,1796,1,10,5,2
201450CS2K001,1,9,0,16,0,0,1,0,0,0,1,1,1,1,45,7,-1,-1,-1,5,3
201450CS2K001,2,10,0,17,0,0,1,0,0,0,1,1,3,1,42,7,2874,2,14,6,3
201450CS2N001,1,9,0,13,0,0,5,0,7,9,1,1,3,2,41,7,1998,2,8,4,3
201450CS2Q001,1,9,0,16,0,0,0,0,0,0,1,1,6,2,26,6,1124,1,12,4,3
201450CS2Q003,1,19,0,18,0,6,0,0,1,9,3,1,1,1,29,6,2402,2,9,7,2
201450CS2Q003,2,9,0,18,0,8,0,0,0,0,1,1,6,1,65,9,1951,2,10,10,1
201450CS2R003,1,9,0,17,0,1,2,0,1,9,4,1,1,1,26,6,-1,-1,-1,7,3
201450CS2R004,1,9,0,18,0,0,0,0,0,0,0,1,6,1,31,6,1398,2,7,3,1
201450CS2R004,2,9,0,18,0,0,0,0,0,0,1,1,6,1,34,6,1493,1,36,7,1
201450CS2R004,3,9,0,18,0,0,0,0,1,0,1,1,6,1,59,9,1461,2,3,6,2
201450CS2R005,1,5,0,6,0,1,0,0,0,0,1,1,6,1,43,7,680,1,4,3,1
201450CS2R005,2,90,0,9,0,1,0,0,0,0,3,1,1,1,27,6,2148,2,7,6,3
201450CS2S001,1,8,0,16,0,2,2,0,7,9,1,1,1,1,66,10,1968,2,6,5,1
201450CS3V001,1,9,0,18,0,0,5,0,2,11,4,1,6,1,62,9,2402,2,4,5,2
201450CS3V002,1,9,0,16,0,0,1,0,0,0,1,1,6,2,51,8,998,1,1,6,3
201450CS3V002,2,9,0,17,0,0,0,0,0,0,1,1,6,1,30,6,-1,-1,-1,2,1
201450CS3W002,1,9,0,18,0,0,5,0,0,10,1,1,6,2,66,10,1242,1,16,5,3
201450CS3Y001,1,9,0,18,0,0,0,0,0,0,1,1,6,2,-1,-1,1997,2,12,4,3
201450CS3Y001,2,9,0,4,0,0,0,0,0,0,1,1,6,1,-1,-1,2969,2,6,4,3
201450CS3Y002,1,11,0,18,0,0,0,0,1,9,0,1,1,1,34,6,8268,2,10,6,2
201450CS3Z002,1,9,0,18,0,6,0,0,0,0,3,1,6,1,24,5,1390,1,14,4,1
201450CS3Z002,2,9,0,18,0,1,0,0,0,0,1,1,1,2,-1,-1,-1,-1,-1,6,3
201450CS3Z003,1,9,0,4,0,1,0,0,0,0,1,1,6,1,18,4,1199,1,15,4,1
201450CS3Z003,2,19,0,9,0,1,0,0,0,0,2,1,1,1,29,6,2402,2,7,10,1
201450CS3Z004,1,9,0,18,0,0,0,0,1,4,1,1,6,2,44,7,1242,1,4,5,1
201450CS3Z005,1,9,0,18,0,0,2,0,1,11,1,1,2,1,19,4,1242,1,7,-1,1
201450CT2E001,1,9,0,17,0,0,5,0,2,0,1,1,6,2,29,6,1896,2,14,5,2
201450CT2F001,1,9,0,16,0,0,2,0,0,0,1,1,1,2,45,7,-1,-1,-1,3,1
201450CT2G002,1,19,0,18,0,0,0,0,0,0,3,1,1,1,20,4,2287,2,3,7,3
201450CT2G002,2,9,0,18,0,0,0,0,0,0,3,1,6,2,30,6,-1,-1,-1,5,3
201450CT2G003,1,9,0,16,0,2,2,0,8,10,2,1,1,1,23,5,1390,1,11,4,1
201450CT2I002,1,9,0,18,0,1,0,0,0,0,1,1,6,3,-1,-1,-1,-1,-1,-1,-1
201450CT2I002,2,1,0,18,0,1,0,10,7,0,1,1,2,2,32,6,-1,-1,-1,2,1
201450CT2I006,1,9,0,17,0,0,5,12,8,4,4,1,6,1,17,4,1400,1,14,5,3
201450CT2I007,1,9,0,18,0,1,0,0,0,0,1,1,6,1,43,7,1999,1,7,5,3
201450CT2I007,2,1,0,18,0,1,0,0,0,0,1,1,6,2,8,2,-1,-1,-1,4,2
201450CT2I008,1,9,0,18,0,1,5,0,8,0,1,1,6,2,79,11,1339,1,6,5,3
201450CT2I012,1,9,0,18,0,0,0,10,0,0,1,1,6,1,59,9,1582,2,1,5,2
201450CT2I012,2,9,0,2,0,0,0,0,0,0,2,1,6,1,23,5,1995,2,12,5,3
201450CT2I014,1,9,0,4,0,0,0,0,0,0,1,1,6,1,53,8,2967,1,7,8,1
201450CT2J001,1,3,0,16,0,0,0,0,0,0,3,1,6,2,18,4,124,1,4,6,3
201450CT2L001,1,17,0,18,0,0,0,4,0,0,1,1,1,1,22,5,-1,2,4,5,3
201450CT2L001,2,9,0,2,0,0,0,0,0,0,2,1,6,1,62,9,1596,1,2,5,2
201450CT2N001,1,9,0,17,0,0,2,0,0,0,1,1,6,2,19,4,-1,-1,-1,5,3
201450CT2N002,1,9,0,17,0,0,2,0,8,10,1,1,1,1,19,4,1999,1,8,5,2
201450CT2N002,2,9,0,16,0,0,0,0,0,0,1,1,6,2,25,5,1248,1,3,-1,2
201450CT2N002,3,9,0,16,0,0,0,0,0,0,1,1,6,2,53,8,1390,1,13,5,3
201450CT2N004,1,9,0,17,0,0,1,0,1,11,1,1,6,2,63,9,1386,1,4,5,3
201450CT2O001,1,98,0,18,0,0,0,0,0,0,3,1,1,1,25,5,-1,-1,-1,4,1
201450CT2O001,2,21,0,18,0,0,0,0,0,0,3,1,1,1,34,6,11021,2,9,6,3
201450CT2P001,1,5,0,18,0,1,2,0,0,0,0,1,6,1,58,9,1298,1,13,5,3
201450CT2P001,2,19,0,4,0,1,0,0,0,0,0,1,6,1,37,7,1896,2,8,8,2
201450CT2P002,1,19,0,18,0,6,0,0,0,0,3,1,2,1,43,7,2198,2,2,4,2
201450CT2P002,2,9,0,18,0,8,0,0,0,0,1,1,2,1,48,8,-1,-1,-1,6,3
201450CT2P003,1,9,0,17,0,8,0,0,1,4,1,1,6,1,78,11,1796,1,13,8,2
201450CT2P004,1,9,0,16,0,0,2,0,2,10,4,1,2,1,39,7,2477,2,21,5,3
201450CT2R001,1,5,0,16,0,0,2,0,0,0,3,1,6,1,60,9,999,1,3,4,1
201450CT2S001,1,9,0,17,0,1,0,0,7,11,0,1,6,1,20,4,1124,1,14,6,3
201450CT2T001,1,9,0,17,0,0,0,0,1,10,4,1,6,2,19,4,1396,1,11,6,3
201450CT2T001,2,9,0,18,0,0,0,0,0,0,0,1,6,3,-1,-1,-1,-1,-1,-1,-1
201450CT2T002,1,9,0,18,0,0,1,0,1,0,1,1,6,1,55,8,1560,2,-1,10,1
201450CT2T002,2,9,0,18,0,0,0,0,0,0,1,1,6,2,23,5,1422,2,13,6,3
201450CT2T003,1,9,0,9,0,6,0,0,0,0,3,1,1,1,48,8,1951,2,13,6,3
201450CT2T003,2,9,0,18,0,8,0,0,0,0,1,1,6,1,33,6,-1,-1,-1,6,3
201450CT2V002,1,9,0,18,0,2,0,0,0,0,2,1,6,2,55,8,-1,-1,-1,5,3
201450CT2V002,2,5,0,16,0,1,2,10,7,1,1,1,6,2,48,8,999,1,8,8,1
201450CT2V003,1,9,0,16,0,0,0,0,0,0,1,1,1,1,36,7,-1,-1,-1,9,2
201450CT2V003,2,9,0,17,0,0,0,0,0,0,1,1,2,2,50,8,1975,1,11,6,3
201450CT3Y001,1,9,0,9,0,5,0,0,0,0,3,1,6,1,71,10,2987,2,7,7,1
201450CT3Y001,2,9,0,13,0,1,0,0,7,9,1,1,6,1,79,11,1598,1,10,6,3
201450CT3Y003,1,9,0,18,0,0,0,0,0,0,1,1,6,2,61,9,1242,1,13,6,3
201450CT3Y003,2,9,0,4,0,0,5,0,0,0,2,1,6,2,46,8,-1,-1,-1,5,3
201450CT3Y004,1,9,0,18,0,0,1,0,0,0,1,1,6,2,23,5,1299,1,13,6,3
201450CT3Y005,1,9,0,16,0,6,0,0,0,0,3,1,6,1,86,11,1229,1,8,4,3
201450CT3Y005,2,9,0,17,0,1,0,0,0,0,3,1,6,1,58,9,1991,2,9,6,3
201450CT3Y005,3,9,0,18,0,1,0,0,0,0,3,1,6,1,36,7,-1,-1,-1,7,2
201450CT4A001,1,9,0,18,0,0,0,0,0,0,1,1,6,2,44,7,1527,2,14,5,3
201450CT4A001,2,9,0,18,0,0,0,0,0,0,1,1,6,1,52,8,1896,2,14,3,1
201450CT4A003,1,3,0,18,0,0,0,0,0,0,1,1,6,1,17,4,124,1,15,5,3
201450CT4A003,2,9,0,4,0,0,0,0,0,0,1,1,6,2,52,8,1598,2,-1,5,3
201450DE2A001,1,9,0,14,0,0,0,4,0,0,4,1,6,2,76,11,1390,1,10,6,1
201450DE2A001,2,9,0,2,0,0,0,0,0,0,3,1,6,1,33,6,1870,2,11,4,1
201450DE2B001,1,9,0,16,0,0,1,0,0,0,1,1,6,1,64,9,2300,1,39,7,2
201450DE2B001,2,9,0,17,0,0,0,0,0,0,1,1,1,1,62,9,-1,-1,-1,4,1
201450DE2B002,1,9,0,18,0,8,0,0,0,0,4,1,6,1,81,11,998,1,8,5,1
201450DE2B002,2,1,0,5,0,8,0,0,0,0,1,1,6,1,48,8,-1,-1,-1,5,2
201450DE2B003,1,9,0,10,0,1,0,0,0,0,1,1,6,2,24,5,1598,1,11,10,1
201450DE2B003,2,2,0,18,0,1,0,0,0,0,1,1,6,1,53,8,49,1,2,1,1
201450DE2B004,1,8,0,3,0,1,0,0,0,0,1,1,1,1,26,6,1753,2,4,5,1
201450DE2B004,2,1,0,18,0,8,0,0,0,0,4,1,2,2,30,6,-1,-1,-1,6,1
201450DE2B005,1,9,0,9,0,5,0,0,0,0,4,1,6,1,68,10,1798,1,3,4,1
201450DE2B005,2,3,0,18,0,1,0,0,0,0,1,1,6,1,22,5,125,1,-1,6,3
201450DE2B008,1,9,0,5,0,0,0,0,0,0,3,1,1,1,-1,-1,1968,2,8,5,1
201450DE2B008,2,1,0,18,4,0,0,0,0,0,1,1,6,1,44,7,-1,-1,-1,7,3
201450DE2B009,1,9,0,9,0,1,0,0,0,0,1,1,6,1,18,4,1598,1,8,4,2
201450DE2B009,2,9,0,18,0,1,0,0,0,0,1,1,6,2,80,11,1329,1,5,6,2
201450DE2C001,1,9,0,9,0,6,0,0,0,0,1,1,1,1,26,6,-1,-1,-1,8,1
201450DE2C001,2,3,0,18,0,1,0,0,0,0,1,1,2,2,24,5,124,1,2,-1,1
201450DE2C001,3,9,0,18,0,1,0,0,0,0,0,1,6,1,-1,-1,-1,-1,-1,-1,-1
201450DE2C002,1,9,0,18,0,0,0,0,0,0,1,1,6,2,76,11,1198,1,10,6,3
201450DE2C002,2,9,0,2,0,0,0,0,0,0,1,1,6,1,24,5,1199,1,12,1,1
201450DE2C004,1,9,0,16,0,0,0,4,1,0,1,1,6,1,28,6,2494,1,13,-1,1
201450DE2C004,2,9,0,2,0,0,0,0,0,0,2,1,6,1,50,8,-1,-1,-1,6,1
201450DE2C005,1,9,0,18,0,0,0,0,0,0,1,1,6,2,36,7,1998,1,10,4,1
201450DE2C006,1,9,0,2,0,1,0,0,0,0,1,1,6,1,23,5,1388,1,13,3,1
201450DE2C006,2,1,0,18,0,1,0,0,0,0,1,1,6,1,21,5,-1,-1,-1,2,1
201450DE2C007,1,9,0,5,0,4,0,0,0,0,3,1,6,1,-1,-1,-1,-1,-1,-1,-1
201450DE2C011,1,9,0,5,0,4,0,0,0,0,1,1,6,1,53,8,2993,2,1,6,3
201450DE2C011,2,1,0,18,0,8,0,0,0,0,1,1,6,1,30,6,-1,-1,-1,10,1
201450DE2C012,1,9,0,17,0,0,0,0,0,0,1,1,6,1,31,6,1108,1,9,7,1
201450DE2C012,2,5,0,3,0,0,0,0,0,0,1,1,2,1,27,6,599,1,15,9,1
201450DE2D001,1,9,0,4,0,0,0,4,0,0,1,1,6,3,30,6,-1,-1,-1,6,1
201450DE2D001,2,9,0,3,0,0,0,4,0,0,2,1,6,2,21,5,1360,1,11,2,1
201450DE2D001,3,9,0,3,0,0,0,0,0,0,2,1,6,1,47,8,1171,1,23,9,1
201450DE2D003,1,9,0,9,0,5,0,0,0,0,1,1,6,1,75,10,1596,1,1,9,1