Accident_Index,Vehicle_Reference,Vehicle_Type,Towing_and_Articulation,Vehicle_Manoeuvre,Vehicle_Location-Restricted_Lane,Junction_Location,Skidding_and_Overturning,Hit_Object_in_Carriageway,Vehicle_Leaving_Carriageway,Hit_Object_off_Carriageway,1st_Point_of_Impact,Was_Vehicle_Left_Hand_Drive?,Journey_Purpose_of_Driver,Sex_of_Driver,Age_of_Driver,Age_Band_of_Driver,Engine_Capacity_(CC),Propulsion_Code,Age_of_Vehicle,Driver_IMD_Decile,Driver_Home_Area_Type
201450DE2D003,2,9,0,10,0,1,0,0,0,0,1,1,6,1,43,7,1242,1,14,4,1
201450DE2D003,3,1,0,18,4,8,0,0,0,0,1,1,6,1,17,4,-1,-1,-1,8,1
201450DE2D005,1,9,0,18,0,1,0,0,3,11,1,1,6,2,82,11,1328,1,9,4,1
201450DE2D008,1,9,0,9,0,1,0,0,0,0,1,1,6,2,47,8,1248,1,2,8,1
201450DE2D008,2,9,0,18,0,1,0,0,0,0,4,1,6,2,61,9,1590,1,10,4,3
201450DE2D011,1,9,0,7,0,2,0,0,0,0,1,1,1,1,25,5,1560,2,8,4,1
201450DE2D011,2,5,0,18,0,8,0,0,0,0,4,1,1,1,25,5,599,1,7,2,1
201450DE2D012,1,9,0,18,0,0,0,0,0,0,1,1,6,2,38,7,1975,1,14,2,1
201450DE2D012,2,9,0,18,0,0,0,0,0,0,2,1,6,1,23,5,1390,1,5,4,1
201450DE2D012,3,9,0,2,0,0,0,0,0,0,1,1,6,1,-1,-1,-1,-1,-1,2,1
201450DE2E002,1,9,0,9,0,1,0,0,0,0,3,1,6,2,53,8,1150,1,7,2,1
201450DE2E002,2,1,0,18,0,1,0,0,0,0,1,1,6,1,38,7,-1,-1,-1,8,1
201450DE2E003,1,9,0,5,0,8,0,0,0,0,1,1,6,2,29,6,1339,8,2,3,1
201450DE2E003,2,9,0,18,0,1,0,0,0,0,1,1,6,1,53,8,1108,1,7,3,1
201450DE2E005,1,9,0,9,0,8,0,0,0,0,1,1,6,1,48,8,1796,2,2,7,1
201450DE2E005,2,3,0,18,0,8,5,0,0,0,1,1,6,1,22,5,125,1,1,-1,-1
201450DE2E018,1,9,0,4,0,5,0,0,0,0,1,1,6,3,-1,-1,1598,1,13,-1,-1
201450DE2E018,2,9,0,3,0,6,0,0,0,0,2,1,6,1,32,6,1975,1,9,8,1
201450DE2E020,1,9,0,16,0,0,0,4,1,0,1,1,6,1,42,7,1990,1,14,5,1
201450DE2E020,2,9,0,17,0,0,0,4,0,0,1,1,6,2,32,6,1199,1,11,10,2
201450DE2E020,3,9,0,2,0,0,0,0,0,0,3,1,6,1,62,9,1997,2,15,5,1
201450DE2E020,4,19,0,2,0,0,0,0,0,0,1,1,6,1,35,6,2461,2,5,1,1
201450DE2E021,1,9,0,18,0,1,0,0,0,0,4,1,6,3,-1,-1,-1,-1,-1,-1,-1
201450DE2E023,1,20,0,9,0,1,0,0,0,0,4,1,6,1,28,6,2402,2,7,10,1
201450DE2E023,2,1,0,18,0,1,0,0,0,0,1,1,6,1,44,7,-1,-1,-1,10,1
201450DE2E024,1,9,0,5,0,1,0,0,0,0,1,1,6,2,-1,-1,-1,-1,-1,-1,-1
201450DE2E028,1,9,0,18,0,8,0,0,0,0,1,1,6,2,66,10,1598,1,13,10,1
201450DE2E030,1,9,0,7,0,8,0,0,0,0,1,1,1,2,79,11,3050,2,20,9,1
201450DE2E030,2,1,0,18,0,8,0,0,7,10,4,1,6,1,51,8,-1,-1,-1,8,1
201450DE2E031,1,9,0,6,0,1,0,0,0,0,3,1,6,2,65,9,1598,1,1,9,2
201450DE2E031,2,3,0,14,0,1,0,0,0,0,1,1,6,1,25,5,125,1,5,4,2
201450DE2E032,1,9,0,4,0,1,0,0,1,0,0,1,6,2,58,9,1248,2,8,6,3
201450DE2E034,1,9,0,18,0,1,0,0,0,0,1,1,6,1,-1,-1,1560,2,1,-1,-1
201450DE2E034,2,9,0,8,0,2,0,0,0,0,2,1,6,2,56,9,1586,1,12,1,1
201450DE2F002,1,9,0,18,0,4,0,0,0,0,1,1,1,2,53,8,1396,1,5,4,1
201450DE2F002,2,1,0,18,0,8,0,0,0,0,1,1,6,1,23,5,-1,-1,-1,5,1
201450DE2F003,1,19,0,18,0,1,0,0,0,0,1,1,1,1,37,7,-1,-1,-1,2,1
201450DE2F004,1,9,0,9,0,8,0,0,0,0,3,1,6,1,-1,-1,1389,1,16,-1,-1
201450DE2F004,2,1,0,18,0,8,0,0,0,0,1,1,6,1,29,6,-1,-1,-1,4,1
201450DE2F008,1,9,0,17,0,0,0,0,0,0,1,1,6,1,21,5,999,1,15,4,1
201450DE2F008,2,9,0,2,0,0,0,0,0,0,1,1,6,2,-1,-1,1870,2,12,7,2
201450DE2F008,3,9,0,2,0,0,0,0,0,0,2,1,6,2,-1,-1,1400,1,14,-1,-1
201450DE2F010,1,1,0,18,0,0,0,0,0,0,1,1,6,1,28,6,-1,-1,-1,8,1
201450DE2F011,1,9,0,4,0,1,0,0,0,0,2,1,6,1,26,6,1248,2,9,7,1
201450DE2F014,1,3,0,18,0,8,0,0,0,0,1,1,6,1,20,4,124,1,2,3,1
201450DE2F014,2,9,0,9,0,8,0,0,0,0,1,1,6,1,27,6,1149,1,10,6,3
201450DE2F015,1,9,0,7,0,3,0,0,0,0,1,1,1,1,34,6,1997,2,4,2,1
201450DE2F015,2,9,0,3,0,3,0,0,0,0,3,1,1,1,33,6,1560,2,3,6,1
201450DE2F016,1,9,0,18,0,1,0,0,0,0,3,1,1,1,39,7,-1,-1,-1,1,1
201450DE2F017,1,9,0,7,0,5,0,0,0,0,1,1,6,2,33,6,1587,1,11,8,1
201450DE2F018,1,9,0,2,0,0,0,0,0,0,3,1,6,1,18,4,1598,1,8,6,3
201450DE2F018,2,11,0,18,0,0,0,4,0,0,3,1,1,1,52,8,4461,2,-1,6,3
201450DE2F021,1,9,0,18,0,1,0,0,0,0,0,1,6,3,-1,-1,-1,-1,-1,-1,-1
201450DE2F025,1,9,0,9,0,1,0,0,0,0,1,1,6,2,35,6,1968,2,4,6,3
201450DE2F025,2,2,0,18,0,1,0,0,0,0,1,1,6,1,56,9,49,1,7,9,1
201450DE2G002,1,8,0,9,0,8,0,0,0,0,1,1,1,1,56,9,1910,2,8,3,1
201450DE2G002,2,1,0,18,0,8,0,0,0,0,1,1,2,1,57,9,-1,-1,-1,8,1
201450DE2G007,1,9,0,14,0,1,5,4,0,0,1,1,6,2,85,11,1388,1,12,6,1
201450DE2G007,2,9,0,2,0,1,0,0,0,0,1,1,6,2,-1,-1,1390,1,8,5,1
201450DE2G007,3,9,0,2,0,1,0,0,0,0,3,1,6,1,-1,-1,1360,1,7,5,1
201450DE2G011,1,9,0,18,0,1,0,0,0,0,3,1,6,2,56,9,1339,1,9,6,1
201450DE2G011,2,1,0,18,0,6,0,0,0,0,1,1,6,1,18,4,-1,-1,-1,-1,-1
201450DE2G013,1,9,0,1,0,1,0,0,0,0,2,1,6,1,23,5,1600,1,16,2,1
201450DE2G014,1,1,0,14,0,0,0,0,0,0,0,1,2,1,51,8,-1,-1,-1,6,1
201450DE2G014,2,9,0,5,0,0,0,0,0,0,0,1,6,1,21,5,1197,1,-1,10,3
201450DE2G015,1,3,0,4,0,1,0,0,0,0,1,1,6,1,23,5,124,1,3,-1,1
201450DE2G015,2,9,0,4,0,1,0,0,0,0,2,1,1,1,33,6,1461,2,-1,7,1
201450DE2H002,1,9,0,4,0,0,0,0,0,0,1,1,6,2,69,10,2204,2,4,6,3
201450DE2H002,2,9,0,3,0,0,0,0,0,0,2,1,6,2,32,6,1870,2,7,2,1
201450DE2H004,1,9,0,5,0,0,0,0,0,0,1,1,6,1,26,6,-1,-1,-1,6,1
201450DE2H004,2,3,0,13,0,0,0,0,0,0,3,1,6,1,37,7,125,1,6,1,1
201450DE2H005,1,9,0,18,0,1,0,0,0,0,1,1,6,2,57,9,2499,1,7,8,1
201450DE2H005,2,19,0,10,0,5,0,0,0,0,2,1,6,1,55,8,1598,2,2,4,1
201450DE2H007,1,9,0,18,0,1,0,0,0,0,1,1,6,1,42,7,1994,1,16,4,1
201450DE2H007,2,9,0,7,0,6,0,0,0,0,0,1,6,2,55,8,1248,1,2,8,3
201450DE2H007,3,9,0,18,0,1,0,0,0,0,2,1,6,2,28,6,1199,2,3,4,1
201450DE2H009,1,9,0,16,0,0,0,4,0,0,1,1,6,1,37,7,2979,1,14,5,1
201450DE2H009,2,19,0,2,0,0,0,0,0,0,2,1,6,1,-1,-1,1896,2,13,5,1
201450DE2H010,1,9,0,18,0,1,0,0,0,0,1,1,6,1,41,7,1968,2,1,10,1
201450DE2H010,2,9,0,5,0,1,0,0,0,0,2,1,6,2,38,7,1461,2,5,4,1
201450DE2H012,1,19,0,4,0,1,0,0,0,0,1,1,1,1,44,7,2143,2,2,2,1
201450DE2H012,2,19,0,5,0,1,0,0,0,0,2,1,6,1,63,9,-1,-1,-1,5,2
201450DE2H014,1,9,0,5,0,4,0,0,0,0,1,1,6,1,26,6,1248,1,5,1,1
201450DE2H014,2,1,0,18,0,8,5,0,0,0,1,1,1,1,26,6,-1,-1,-1,1,1
201450DE2H016,1,11,0,5,0,0,0,0,0,0,1,1,1,1,67,10,4500,2,3,5,1
201450DE2H017,1,9,0,3,0,1,1,0,0,0,2,1,2,2,56,9,1349,1,-1,-1,1
201450DE2H017,2,9,0,3,0,1,1,0,0,0,1,1,3,1,36,7,1910,2,10,2,1
201450DE2H017,3,9,0,14,0,1,0,0,0,0,1,1,6,3,-1,-1,1396,1,10,-1,-1
201450DE2H018,1,9,0,9,0,4,0,0,0,0,1,1,2,2,27,6,1360,1,8,2,1
201450DE2H018,2,1,0,18,0,4,0,0,0,0,1,1,2,1,56,9,-1,-1,-1,8,1
201450DE2H019,1,9,0,18,9,6,0,0,0,0,1,1,6,1,35,6,1798,8,2,8,1
201450DE2H019,2,1,0,18,9,1,5,0,0,0,1,1,2,1,23,5,-1,-1,-1,9,1
201450DE2I001,1,9,0,5,0,2,0,0,0,0,1,1,6,1,32,6,1781,1,12,4,2
201450DE2I001,2,1,0,18,0,2,2,0,0,0,4,1,6,2,39,7,-1,-1,-1,8,1
201450DE2I004,1,9,0,4,0,8,0,0,0,0,1,1,2,2,28,6,1229,1,7,3,1
201450DE2I005,1,9,0,18,0,1,0,0,0,0,1,1,6,1,36,7,1998,2,10,8,1
201450DE2I005,2,9,0,3,0,1,0,0,0,0,2,1,6,1,36,7,1798,1,12,8,1
201450DE2I007,1,9,0,2,0,0,0,0,0,0,3,1,6,1,22,5,1560,2,4,6,3
201450DE2I007,2,1,0,18,0,0,0,0,0,0,4,1,6,2,29,6,-1,-1,-1,8,1
201450DE2I008,1,1,0,18,0,0,0,0,0,0,1,1,6,1,55,8,-1,-1,-1,1,1
201450DE2I008,2,19,0,12,0,0,0,0,0,0,2,1,1,1,37,7,2148,2,7,4,1
201450DE2I009,1,9,0,15,0,1,0,0,0,0,2,1,1,1,18,4,-1,-1,-1,8,3
201450DE2I009,2,1,0,18,0,1,0,0,1,0,3,1,6,1,48,8,-1,-1,-1,7,3
201450DE2I010,1,9,0,2,0,0,0,0,0,0,3,1,6,1,38,7,1390,1,19,4,1
201450DE2I010,2,9,0,14,0,0,0,8,0,0,1,1,6,1,51,8,1197,1,4,6,1
201450DE2I010,3,9,0,14,0,0,0,0,0,0,1,1,6,2,46,8,1149,1,1,-1,1
201450DE2I010,4,21,0,2,0,0,0,0,0,0,3,1,1,1,45,7,6870,2,8,5,2
201450DE2I011,1,9,0,9,0,1,0,0,0,0,3,1,6,2,29,6,1997,1,11,5,2
201450DE2I011,2,2,0,18,0,1,0,0,0,0,1,1,6,1,20,4,49,1,1,4,1
201450DE2I012,1,9,0,18,0,1,0,0,0,0,1,1,6,1,36,7,-1,-1,-1,4,1
201450DE2I012,2,9,0,3,0,1,0,0,0,0,2,1,6,2,48,8,1995,1,13,2,1
201450DE2I013,1,9,0,18,0,1,0,0,0,0,1,1,6,1,24,5,1198,1,3,9,1
201450DE2I013,2,9,0,7,0,1,0,0,0,0,2,1,6,2,22,5,1360,1,7,2,1
201450DE2I015,1,9,0,18,0,0,0,0,0,0,3,1,1,1,34,6,-1,-1,-1,9,1
201450DE2I023,1,9,0,12,0,4,0,0,0,0,1,1,2,2,60,9,-1,-1,-1,7,3
201450DE2I023,2,1,0,12,0,8,0,0,0,0,2,1,2,1,21,5,-1,-1,-1,5,1
201450DE2I025,1,19,0,17,0,1,0,0,0,0,3,1,6,3,-1,-1,-1,-1,-1,-1,-1
201450DE2I025,2,1,0,12,0,1,0,0,0,0,4,1,6,1,19,4,-1,-1,-1,8,1
201450DE2I028,1,9,0,18,0,1,0,0,7,11,3,1,1,1,43,7,-1,-1,-1,2,1
201450DE2I029,1,9,0,18,0,0,0,0,0,0,1,1,6,1,64,9,1951,2,10,6,3
201450DE2I033,1,11,0,18,3,0,0,0,0,0,1,1,1,1,51,8,3900,2,8,2,1
201450DE2I035,1,9,0,18,0,4,1,0,0,0,1,1,6,1,39,7,1685,2,1,5,1
201450DE2I035,2,9,0,18,0,8,0,10,0,0,4,1,6,2,49,8,2000,2,9,-1,1
201450DE2I038,1,9,0,9,0,8,0,0,3,1,1,1,6,1,19,4,1242,1,-1,3,1
201450DE2I039,1,9,0,9,0,5,0,0,0,0,4,1,6,2,28,6,1560,2,1,8,1
201450DE2I039,2,1,0,18,0,1,1,0,0,0,1,1,6,1,23,5,-1,-1,-1,4,1
201450DE2I040,1,1,0,4,0,8,0,0,0,0,1,1,1,1,54,8,-1,-1,-1,8,1
201450DE2I040,2,9,0,9,0,8,0,0,0,0,1,1,1,2,53,8,2435,1,7,5,1
201450DE2I043,1,9,0,18,0,1,0,0,0,0,0,1,6,1,23,5,1896,2,13,3,1
201450DE2I044,1,11,0,18,2,1,0,0,0,0,4,1,1,1,56,9,3900,2,8,7,2
201450DE2I046,1,9,0,5,0,6,0,0,0,0,1,1,6,3,-1,-1,1598,1,11,-1,-1
201450DE2I046,2,3,0,18,0,1,0,0,0,0,1,1,6,2,17,4,124,1,-1,4,1
201450DE2I047,1,11,0,4,0,0,0,0,0,0,4,1,1,1,55,8,4250,2,10,4,2
201450DE2I048,1,9,0,8,0,1,0,0,0,0,1,1,6,1,47,8,2497,1,8,6,3
201450DE2I048,2,1,0,18,0,1,2,0,0,0,1,1,6,1,14,3,-1,-1,-1,-1,1
201450DE2I049,1,9,0,18,0,1,0,0,0,0,1,1,6,1,44,7,2171,1,11,8,1
201450DE2I049,2,9,0,8,0,1,0,0,0,0,2,1,6,2,69,10,1299,1,13,5,1
201450DE2I050,1,11,0,5,2,0,0,0,0,0,1,1,1,2,49,8,4500,2,3,7,3
201450DE2I051,1,11,0,7,3,2,0,0,0,0,1,1,1,3,-1,-1,-1,-1,-1,-1,-1
201450DE2I052,1,9,0,18,0,1,0,0,0,0,3,1,6,2,52,8,1398,2,1,3,1
201450DE2I052,2,19,0,18,0,1,0,0,0,0,1,1,1,1,29,6,-1,-1,-1,6,3
201450DE2I057,1,9,0,9,0,6,0,0,0,0,4,1,6,1,82,11,1390,1,15,6,1
201450DE2I057,2,9,0,18,0,1,0,0,0,0,1,1,6,1,22,5,1600,1,14,5,1
201450DE2I060,1,9,0,18,0,1,0,0,0,0,1,1,6,3,-1,-1,-1,-1,-1,-1,-1
201450DE2I060,2,3,0,18,0,1,0,0,0,0,2,1,6,1,40,7,125,1,-1,7,3
201450DE2J002,1,9,0,8,0,1,0,0,0,0,1,1,6,3,-1,-1,1896,2,12,-1,-1
201450DE2J002,2,11,0,4,0,1,0,0,0,0,4,1,1,1,47,8,4500,2,3,4,1
201450DE2J003,1,9,0,3,0,0,0,0,0,0,2,1,2,1,24,5,1149,1,12,3,1
201450DE2J003,2,1,0,14,0,0,1,0,7,0,1,1,2,1,24,5,-1,-1,-1,10,2
201450DE2J007,1,21,0,18,0,8,0,0,0,0,0,1,6,1,32,6,12740,2,-1,5,3
201450DE2J007,2,5,0,5,0,8,0,0,0,0,3,1,6,1,50,8,781,1,16,8,2
201450DE2J009,1,9,0,18,0,8,0,0,0,0,3,1,6,2,31,6,1149,1,5,9,1
201450DE2J009,2,5,0,18,0,8,0,0,0,0,1,1,6,1,30,6,749,1,13,3,1
201450DE2J010,1,3,0,18,0,0,0,0,0,0,0,1,6,2,21,5,125,1,4,6,1
201450DE2J011,1,19,0,9,0,8,0,0,0,0,1,1,1,1,57,9,1598,2,-1,9,1
201450DE2J011,2,8,0,18,2,8,0,0,0,0,1,1,1,1,31,6,1910,2,6,6,1
201450DE2J012,1,9,0,18,0,8,0,0,0,0,3,1,6,1,56,9,1461,2,1,8,1
201450DE2J012,2,9,0,18,0,8,0,0,0,0,1,1,6,2,28,6,1197,1,-1,2,1
201450DE2J013,1,9,0,4,0,1,0,0,0,0,1,1,2,1,18,4,1360,1,11,4,1
201450DE2J013,2,9,0,3,0,1,0,0,0,0,2,1,6,1,57,9,1108,1,9,7,2
201450DE2J013,3,9,0,3,0,1,0,0,0,0,2,1,6,2,29,6,1783,1,12,10,2
201450DE2J015,1,9,0,9,0,5,0,0,0,0,4,1,1,2,32,6,1124,1,10,9,1
201450DE2J015,2,1,0,18,4,1,0,0,0,0,1,1,1,1,38,7,-1,-1,-1,9,1
201450DE2J018,1,9,0,5,0,6,0,0,0,0,1,1,6,1,21,5,1398,2,7,5,3
201450DE2J018,2,8,0,18,0,1,0,0,0,0,4,1,1,1,30,6,1560,2,1,4,1
201450DE2J020,1,9,0,10,0,1,0,0,0,0,4,1,6,2,18,4,1124,1,11,2,1
201450DE2J020,2,1,0,18,0,1,0,0,0,0,1,1,2,1,35,6,-1,-1,-1,4,1
201450DE2J021,1,9,0,3,0,3,0,0,0,0,2,1,1,1,-1,-1,1753,2,5,1,1
201450DE2J021,2,9,0,5,0,3,0,0,0,0,1,1,6,2,48,8,998,1,13,6,1
201450DE2J025,1,9,0,5,0,0,0,0,0,0,3,1,6,1,48,8,1400,1,14,7,3
201450DE2J025,2,1,0,15,0,0,0,0,0,0,1,1,6,1,51,8,-1,-1,-1,5,1
201450DE2J027,1,9,0,18,0,0,0,0,0,0,0,1,6,3,-1,-1,-1,-1,-1,-1,-1
201450DE2J028,1,3,0,18,0,8,0,0,0,0,1,1,6,1,18,4,125,1,8,2,1
201450DE2J028,2,8,0,9,0,6,0,0,0,0,3,1,1,1,34,6,1910,2,7,6,1
201450DE2K002,1,9,0,9,0,6,0,0,0,0,1,1,2,2,26,6,-1,-1,-1,8,1
201450DE2K003,1,9,0,2,0,0,0,0,0,0,3,1,6,1,63,9,1896,2,14,5,1
201450DE2K003,2,1,0,18,0,0,0,0,0,0,1,1,2,2,32,6,-1,-1,-1,7,1
201450DE2K004,1,9,0,9,0,8,0,0,0,0,3,1,6,1,54,8,-1,-1,-1,7,1
201450DE2K005,1,9,0,4,0,1,0,0,0,0,1,1,6,3,18,4,1198,1,1,4,2
201450DE2K005,2,9,0,3,0,1,0,0,0,0,2,1,6,2,65,9,1108,1,18,5,1
201450DE2K005,3,9,0,3,0,1,0,0,0,0,2,1,6,3,-1,-1,-1,-1,-1,-1,-1
201450DE2K006,1,9,0,18,0,0,0,0,0,0,1,1,6,2,64,9,3226,2,14,3,1
201450DE2K006,2,9,0,3,0,0,0,0,0,0,2,1,1,1,46,8,-1,-1,-1,6,1
201450DE2K009,1,9,0,9,0,8,0,0,0,0,1,1,6,1,35,6,1995,2,7,-1,1
201450DE2K009,2,1,0,18,0,8,0,0,0,0,1,1,6,1,35,6,-1,-1,-1,-1,1
201450DE2K011,1,9,0,18,0,8,0,0,0,0,0,1,6,3,-1,-1,-1,-1,-1,-1,-1
201450DE2K012,1,9,0,18,0,4,0,0,0,0,1,1,6,2,40,7,1598,2,-1,8,1
201450DE2K012,2,1,0,18,0,8,0,0,0,0,1,1,1,1,32,6,-1,-1,-1,8,2
201450DE2L002,1,9,0,18,0,0,0,0,0,0,1,1,6,1,54,8,1596,1,7,8,2
201450DE2L004,1,9,0,18,0,0,0,0,0,0,1,1,6,2,19,4,1388,1,10,7,3
201450DE2L005,1,9,0,18,0,0,0,0,0,0,4,1,6,1,49,8,2496,2,12,5,3
201450DE2L008,1,9,0,16,0,0,0,0,0,0,1,1,6,1,91,11,1364,1,10,6,1
201450DE2L008,2,21,0,17,0,0,0,0,0,0,1,1,1,1,57,9,7146,2,5,7,1
201450DE2M001,1,8,0,12,0,0,0,0,0,0,4,1,1,1,33,6,1910,2,5,1,1
201450DE2M002,1,9,0,18,0,0,0,0,0,0,1,1,6,1,41,7,1896,2,7,5,3
201450DE2M003,1,9,0,18,0,6,0,0,0,0,1,1,6,3,-1,-1,-1,-1,-1,-1,-1
201450DE2M005,1,9,0,9,0,5,0,0,8,1,1,1,2,1,53,8,1995,2,1,4,1
201450DE2M011,1,3,0,14,0,0,0,0,0,0,1,1,6,1,19,4,125,1,1,7,1
201450DE2M011,2,19,0,5,0,0,0,0,0,0,1,1,1,1,38,7,2198,2,-1,6,1
201450DE2M012,1,9,0,9,0,8,0,0,0,0,1,1,2,2,35,6,1956,2,3,5,1
201450DE2M012,2,2,0,14,0,1,0,0,0,0,1,1,6,1,24,5,49,1,2,5,1
201450DE2M014,1,9,0,18,0,2,0,0,0,0,0,1,6,2,17,4,1299,1,12,5,3
201450DE2M014,2,9,0,18,0,1,0,0,0,0,0,1,6,2,27,6,1598,1,8,6,1
201450DE2M015,1,9,0,7,0,6,0,0,0,0,0,1,6,1,42,7,-1,-1,-1,4,1
201450DE2M015,2,9,0,18,0,1,0,0,0,0,0,1,6,1,55,8,1461,2,5,5,1
201450DE2M016,1,9,0,18,0,0,0,0,0,0,1,1,6,1,63,9,1275,1,15,3,1
201450DE2M016,2,9,0,8,0,0,0,0,0,0,2,1,6,1,41,7,1596,1,5,9,1
201450DE2M017,1,9,0,9,0,5,0,0,0,0,4,1,6,1,63,9,998,1,2,7,3
201450DE2M017,2,1,0,18,0,1,0,0,0,0,1,1,6,2,40,7,-1,-1,-1,4,1
201450DE2M018,1,9,0,18,0,8,1,0,0,0,1,1,6,1,67,10,3226,2,13,8,2
201450DE2M018,2,9,0,10,0,6,0,0,0,0,3,1,6,1,58,9,1598,1,11,6,1
201450DE2M020,1,9,0,18,0,1,0,0,0,0,4,1,6,2,53,8,1360,1,13,6,2
201450DE2M023,1,8,0,9,0,8,0,0,0,0,1,1,6,1,23,5,1968,2,4,3,1
201450DE2M023,2,9,0,5,0,8,0,0,0,0,1,1,6,1,40,7,1598,1,6,9,1
201450DE2M025,1,9,0,9,0,5,0,0,0,0,4,1,1,1,25,5,1149,1,5,5,1
201450DE2M025,2,1,0,15,4,1,0,0,0,0,1,1,6,1,18,4,-1,-1,-1,6,1
201450DE2M031,1,9,0,18,0,8,0,0,0,0,1,1,6,1,77,11,1598,2,2,-1,1
201450DE2N001,1,9,0,3,0,8,0,0,0,0,2,1,6,2,71,10,1490,1,9,2,1
201450DE2N001,2,9,0,18,0,8,0,0,0,0,1,1,1,1,53,8,-1,-1,-1,6,1
201450DE2N002,1,9,0,9,0,5,0,0,0,0,4,1,6,2,25,5,1388,1,6,7,2
201450DE2N002,2,9,0,18,2,1,0,0,0,0,1,1,2,1,69,10,999,1,4,-1,1
201450DE2N005,1,9,0,18,0,1,0,0,0,0,1,1,6,2,57,9,1364,1,5,8,1
201450DE2N005,2,9,0,18,0,8,0,7,0,7,3,1,6,1,57,9,218,1,3,7,1
201450DE2N006,1,9,0,18,0,0,0,0,0,0,4,1,6,1,31,6,1797,8,3,8,2
201450DE2N006,2,11,0,18,0,0,0,0,0,0,3,1,1,1,47,8,9000,2,2,5,1
201450DE2N007,1,9,0,9,0,2,0,0,0,0,3,1,1,1,27,6,2792,1,20,4,2
201450DE2N007,2,1,0,18,0,1,0,0,0,0,1,1,1,1,30,6,-1,-1,-1,9,1
201450DE2N009,1,19,0,18,0,0,0,0,0,0,1,1,6,1,52,8,1896,2,6,7,2
201450DE2N009,2,9,0,4,0,0,0,0,0,0,2,1,6,2,34,6,1360,1,7,8,2
201450DE2N009,3,9,0,4,0,0,0,0,0,0,2,1,6,1,-1,-1,1956,2,2,8,3
201450DE2N010,1,19,0,7,0,5,0,0,0,0,1,1,1,2,37,7,2143,2,2,2,1
201450DE2N010,2,1,0,18,0,1,2,0,0,0,3,1,6,1,23,5,-1,-1,-1,4,1
201450DE2N011,1,9,0,4,0,0,0,0,0,0,2,1,6,2,46,8,1995,2,5,8,3
201450DE2N011,2,1,0,18,0,0,0,0,0,0,1,1,6,1,43,7,-1,-1,-1,4,1
201450DE2N013,1,9,0,9,0,6,0,0,0,0,1,1,2,1,21,5,1390,1,6,8,1
201450DE2N013,2,9,0,18,0,1,0,0,0,0,1,1,2,1,29,6,1360,1,8,9,1
201450DE2N014,1,9,0,3,0,1,0,0,0,0,1,1,6,2,88,11,1206,1,4,6,1
201450DE2N014,2,9,0,18,0,1,0,0,0,0,2,1,6,2,36,7,1595,1,5,5,1
201450DE2N015,1,9,0,18,0,0,0,0,0,0,4,1,2,1,61,9,1595,1,15,3,1
201450DE2N016,1,9,0,18,0,1,0,0,0,0,4,1,6,1,50,8,1199,2,2,9,1
201450DE2N016,2,1,0,9,0,1,0,0,0,0,3,1,6,1,49,8,-1,-1,-1,9,1
201450DE2O008,1,9,0,18,0,0,0,0,0,0,1,1,6,2,80,11,1339,1,5,8,1
201450DE2O009,1,9,0,9,0,6,0,0,0,0,1,1,6,2,47,8,1598,2,1,2,1
201450DE2O009,2,3,0,18,0,1,2,0,0,0,1,1,6,1,18,4,125,1,2,7,1
201450DE2O009,3,9,0,2,0,1,0,0,0,0,4,1,6,1,50,8,1794,1,11,3,1
201450DE2O013,1,9,0,9,0,6,0,0,0,0,0,1,6,2,87,11,1590,1,11,7,1
201450DE2O013,2,9,0,18,0,1,0,0,0,0,2,1,6,1,60,9,1587,1,11,2,1
201450DE2O013,3,9,0,18,0,1,0,0,0,0,1,1,6,1,19,4,1242,1,10,5,1
201450DE2O014,1,9,0,18,0,1,0,0,0,0,1,1,1,1,54,8,1998,1,12,4,3
201450DE2O014,2,9,0,4,0,1,0,0,0,0,2,1,6,2,23,5,1995,2,5,5,3
201450DE2O014,3,9,0,4,0,1,0,0,0,0,2,1,6,1,58,9,1998,1,30,3,1
201450DE2O016,1,9,0,18,0,0,0,0,0,0,1,1,6,1,50,8,1796,1,7,1,1
201450DE2O017,1,9,0,4,0,1,0,0,0,0,2,1,6,1,23,5,995,1,11,6,2
201450DE2O017,2,9,0,4,0,1,0,0,0,0,1,1,6,1,34,6,1995,2,10,-1,-1
201450DE2O018,1,9,0,5,0,0,0,0,0,0,0,1,6,2,41,7,1560,2,9,2,1
201450DE2O018,2,3,0,18,0,0,2,0,0,0,0,1,6,1,27,6,124,1,2,7,1
201450DE2O021,1,9,0,9,0,6,0,0,0,0,3,1,3,2,24,5,1910,2,11,2,1
201450DE2O021,2,9,0,18,0,8,0,0,0,0,1,1,2,2,51,8,1870,2,12,9,2
201450DE2O022,1,9,0,15,0,0,0,0,0,0,4,1,1,1,40,7,1900,2,10,5,3
201450DE2O022,2,1,0,18,0,0,0,0,0,0,3,1,1,1,22,5,-1,-1,-1,6,1
201450DE2O026,1,3,0,18,0,0,0,12,0,0,1,1,2,1,23,5,124,1,7,7,1
201450DE2O029,1,9,0,9,0,6,0,0,0,0,3,1,1,2,22,5,996,1,3,6,1
201450DE2O029,2,3,0,18,0,1,1,0,0,0,1,1,1,1,50,8,114,1,-1,2,1
201450DE2P001,1,5,0,18,0,1,5,7,0,0,1,1,6,1,64,9,599,1,15,2,1
201450DE2P002,1,9,0,4,0,8,0,0,0,0,2,1,2,2,28,6,1560,2,2,7,3
201450DE2P002,2,2,0,4,0,8,0,0,0,0,1,1,2,1,16,4,49,1,6,7,2
201450DE2P005,1,9,0,9,0,1,0,0,0,0,2,1,2,1,29,6,1240,1,5,7,1
201450DE2P005,2,3,0,18,0,1,0,0,0,0,1,1,2,1,26,6,49,1,6,1,1
201450DE2Q008,1,9,0,9,0,2,0,0,0,0,1,1,6,1,57,9,1783,1,14,6,3
201450DE2Q008,2,1,0,18,0,1,0,0,0,0,4,1,1,1,36,7,-1,-1,-1,7,1
201450DE2Q015,1,9,0,18,0,0,0,0,0,0,1,1,6,1,56,9,1598,1,10,6,1
201450DE2Q015,2,1,0,18,0,0,0,0,0,0,1,1,6,1,54,8,-1,-1,-1,2,1
201450DE2Q017,1,9,0,18,0,3,0,0,0,0,1,1,6,2,76,11,2765,2,15,7,1