Accident_Index,Vehicle_Reference,Vehicle_Type,Towing_and_Articulation,Vehicle_Manoeuvre,Vehicle_Location-Restricted_Lane,Junction_Location,Skidding_and_Overturning,Hit_Object_in_Carriageway,Vehicle_Leaving_Carriageway,Hit_Object_off_Carriageway,1st_Point_of_Impact,Was_Vehicle_Left_Hand_Drive?,Journey_Purpose_of_Driver,Sex_of_Driver,Age_of_Driver,Age_Band_of_Driver,Engine_Capacity_(CC),Propulsion_Code,Age_of_Vehicle,Driver_IMD_Decile,Driver_Home_Area_Type
201450DE2Q017,2,9,0,18,0,3,0,0,0,0,2,1,6,2,23,5,1388,1,2,3,1
201450DE2Q019,1,9,0,18,0,0,0,4,0,0,1,1,6,1,54,8,1900,2,9,7,3
201450DE2Q019,2,9,0,2,0,0,0,0,0,0,2,1,6,1,-1,-1,998,1,6,-1,-1
201450DE2Q019,3,9,0,2,0,0,0,4,0,0,2,1,6,3,-1,-1,2495,2,12,6,1
201450DE2Q022,1,9,0,11,0,8,0,0,0,0,4,1,6,2,51,8,1493,2,7,5,3
201450DE2Q022,2,9,0,18,0,8,0,0,0,0,3,1,6,2,32,6,1999,1,7,8,1
201450DE2Q024,1,9,0,18,0,7,1,0,0,0,1,1,1,1,49,8,2402,2,3,6,3
201450DE2Q024,2,9,0,18,0,7,0,0,0,0,2,1,6,2,69,10,-1,-1,-1,9,1
201450DE2Q025,1,5,0,9,0,8,0,0,0,0,1,1,6,1,24,5,599,1,8,5,1
201450DE2Q025,2,9,0,18,0,8,1,0,0,0,3,1,6,1,50,8,-1,-1,-1,7,3
201450DE2Q028,1,9,0,11,0,8,0,0,0,0,1,1,6,2,69,10,1461,2,2,7,2
201450DE2Q028,2,9,0,18,0,8,0,0,0,0,1,1,6,1,31,6,-1,-1,-1,2,1
201450DE2Q031,1,3,0,18,0,2,1,0,0,0,1,1,1,1,17,4,124,1,-1,4,1
201450DE2Q031,2,9,0,18,0,2,0,0,0,0,2,1,1,2,61,9,1388,1,2,6,1
201450DE2Q032,1,9,0,9,0,8,0,0,0,0,1,1,6,1,48,8,1596,1,9,7,1
201450DE2Q032,2,1,0,18,4,8,0,0,0,0,1,1,6,2,26,6,-1,-1,-1,8,1
201450DE2Q033,1,9,0,9,0,8,0,0,1,10,3,1,6,1,67,10,1242,1,-1,5,1
201450DE2Q033,2,9,0,18,0,8,0,0,0,0,1,1,6,1,30,6,1781,1,12,3,1
201450DE2Q034,1,9,0,4,0,8,0,0,0,0,2,1,6,2,55,8,1240,1,9,9,1
201450DE2Q034,2,19,0,18,0,8,0,0,0,0,1,1,1,1,28,6,2402,2,9,7,3
201450DE2Q034,3,19,0,18,0,8,0,0,0,0,1,1,1,1,66,10,2402,2,7,-1,3
201450DE2R001,1,9,0,17,0,0,0,10,7,9,4,1,6,2,18,4,1896,2,12,6,3
201450DE2R001,2,5,0,16,0,0,0,0,0,0,1,1,1,1,27,6,800,1,16,4,1
201450DE2R007,1,9,0,9,0,8,0,0,0,0,1,1,6,1,33,6,1390,1,13,2,1
201450DE2R007,2,3,0,4,0,1,0,0,0,0,4,1,2,1,33,6,125,1,3,5,1
201450DE2R008,1,9,0,9,0,6,0,0,0,0,1,1,6,1,25,5,1997,2,11,4,1
201450DE2R008,2,9,0,12,0,1,0,0,0,0,1,1,6,2,31,6,1968,2,2,7,3
201450DE2R012,1,9,0,5,0,6,0,0,0,0,1,1,6,1,76,11,1275,1,16,4,1
201450DE2R012,2,21,1,18,0,2,0,0,0,0,3,1,1,1,51,8,12740,2,-1,7,2
201450DE2R013,1,9,0,18,0,0,0,0,0,0,2,1,2,1,35,6,1686,2,3,7,2
201450DE2R013,2,9,0,18,0,0,0,0,0,0,2,1,2,2,19,4,1299,1,10,-1,1
201450DE2R013,3,9,0,18,0,0,0,0,0,0,1,1,2,1,38,7,1896,2,12,6,2
201450DE2R014,1,9,0,18,0,0,0,0,0,0,1,1,6,2,39,7,1769,1,13,5,1
201450DE2R014,2,9,0,4,0,0,0,0,0,0,2,1,6,1,32,6,1272,1,20,2,1
201450DE2R016,1,19,0,18,0,1,0,4,0,0,1,1,1,1,18,4,1870,2,10,5,1
201450DE2R016,2,9,0,2,0,1,0,4,0,0,2,1,2,1,49,8,1997,2,11,6,1
201450DE2R016,3,9,0,2,0,1,0,0,0,0,2,1,2,1,49,8,1197,1,3,7,2
201450DE2R020,1,9,0,4,0,1,0,0,0,0,1,1,6,2,24,5,1398,2,1,7,2
201450DE2R020,2,9,0,4,0,1,0,0,0,0,2,1,6,2,51,8,2996,2,19,7,3
201450DE2R024,1,9,0,4,0,0,0,0,0,0,2,1,6,1,23,5,1781,1,11,4,2
201450DE2R024,2,9,0,18,0,0,0,0,0,0,1,1,6,1,40,7,1796,1,10,4,1
201450DE2R027,1,9,0,18,0,1,0,0,0,0,1,1,6,1,32,6,1956,2,3,10,2
201450DE2R027,2,9,0,3,0,1,0,0,0,0,2,1,6,1,20,4,1388,1,14,3,1
201450DE2R031,1,9,0,9,0,8,1,7,0,0,1,1,2,1,20,4,1398,2,11,2,1
201450DE2R032,1,9,0,4,0,4,0,0,1,1,2,1,6,2,47,8,1968,2,-1,7,3
201450DE2R032,2,21,0,18,0,4,0,0,0,0,1,1,1,1,57,9,10308,2,5,-1,1
201450DE2S002,1,9,0,4,0,4,0,0,0,0,2,1,1,2,34,6,1229,1,5,6,1
201450DE2S002,2,9,0,18,0,4,0,0,0,0,1,1,1,1,57,9,1560,2,1,5,3
201450DE2S005,1,9,0,17,0,0,0,0,0,0,1,1,6,2,53,8,1364,1,-1,-1,-1
201450DE2S005,2,9,0,2,0,0,0,0,0,0,3,1,6,1,42,7,-1,-1,-1,6,3
201450DE2S005,3,9,0,2,0,0,0,0,0,0,1,1,6,2,21,5,1242,1,10,5,3
201450DE2T002,1,9,0,5,0,6,0,0,0,0,1,1,1,1,72,10,-1,-1,-1,6,3
201450DE2T002,2,9,0,18,0,1,0,0,0,0,3,1,1,1,49,8,1598,2,3,8,3
201450DE2T003,1,9,0,18,0,8,0,0,0,0,4,1,6,1,-1,-1,-1,-1,-1,-1,-1
201450DE2T003,2,3,0,18,0,8,0,0,0,0,1,1,6,1,17,4,125,1,5,7,3
201450DE2T004,1,9,0,3,0,0,0,0,0,0,1,1,6,1,35,6,-1,-1,-1,3,1
201450DE2T004,2,9,0,3,0,0,0,0,0,0,1,1,6,2,58,9,995,1,6,7,3
201450DE2T004,3,9,0,3,0,0,0,0,0,0,2,1,6,1,53,8,1984,1,5,-1,2
201450DE2T004,4,9,0,3,0,0,0,0,0,0,2,1,6,3,-1,-1,1587,1,15,-1,-1
201450DE2T007,1,20,0,5,0,0,0,0,0,0,0,1,1,1,50,8,5193,2,3,7,1
201450DE2T009,1,9,0,3,0,1,0,0,0,0,2,1,1,1,65,9,-1,-1,-1,7,3
201450DE2T009,2,1,0,18,0,1,0,0,0,0,1,1,6,2,49,8,-1,-1,-1,5,1
201450DE2T013,1,9,0,5,0,0,0,0,0,0,3,1,6,1,68,10,1896,2,6,7,3
201450DE2T013,2,9,0,18,0,0,0,0,0,0,1,1,6,1,59,9,-1,-1,-1,-1,-1
201450DE2T013,3,9,0,2,0,0,0,0,0,0,3,1,6,1,25,5,1124,1,18,4,1
201450DE2T014,1,1,0,18,0,0,0,0,0,0,1,1,6,1,21,5,-1,-1,-1,2,1
201450DE2T014,2,9,0,2,0,0,0,0,0,0,2,1,6,1,-1,-1,-1,-1,-1,-1,-1
201450DE2T015,1,1,0,18,0,4,0,0,0,0,3,1,1,1,20,4,-1,-1,-1,3,1
201450DE2T015,2,9,0,5,0,4,0,0,0,0,1,1,6,1,54,8,1997,2,15,6,1
201450DE2T016,1,19,0,9,0,5,0,0,0,0,4,1,6,1,46,8,1997,2,-1,6,3
201450DE2T016,2,4,0,18,0,1,0,0,0,0,1,1,6,1,40,7,250,1,1,6,1
201450DE2T017,1,9,0,18,0,1,0,0,0,0,1,1,6,1,37,7,-1,-1,-1,7,3
201450DE2T017,2,9,0,3,0,1,0,0,0,0,2,1,6,2,19,4,1229,1,1,8,2
201450DE2T019,1,9,0,18,0,0,0,0,0,0,3,1,6,3,-1,-1,-1,-1,-1,-1,-1
201450DE2T020,1,9,0,18,0,0,1,0,7,11,3,1,6,1,52,8,1753,2,5,4,1
201450DE2T022,1,11,0,4,0,4,0,0,0,0,0,1,1,2,54,8,6871,2,5,8,1
201450DE2U001,1,9,0,9,0,0,0,0,0,0,3,1,6,2,30,6,1988,1,15,3,1
201450DE2U001,2,1,0,18,0,0,0,0,0,0,1,1,6,1,31,6,-1,-1,-1,7,1
201450DE2U002,1,9,0,4,0,0,0,0,0,0,2,1,6,1,53,8,1951,2,11,6,3
201450DE2U002,2,3,0,4,0,0,1,0,0,0,1,1,6,1,-1,-1,124,1,1,6,1
201450DE2U003,1,9,0,7,0,1,0,0,0,0,0,1,2,1,61,9,1868,2,12,5,1
201450DE2U003,2,1,0,18,5,1,5,0,0,0,0,1,6,1,19,4,-1,-1,-1,7,1
201450DE2U008,1,9,0,5,9,6,0,0,0,0,1,1,6,2,-1,-1,1499,1,-1,3,1
201450DE2U008,2,1,0,18,9,1,1,0,0,0,3,1,4,1,14,3,-1,-1,-1,7,3
201450DE2U009,1,11,0,6,0,0,0,0,0,0,0,1,1,3,-1,-1,9000,2,4,-1,-1
201450DE2U009,2,5,0,18,0,0,0,0,0,0,1,1,6,1,34,6,599,1,15,6,1
201450DE2U009,3,9,0,18,0,0,0,0,0,0,2,1,6,2,57,9,1242,1,5,-1,2
201450DE2U010,1,1,0,18,0,8,0,0,0,0,1,1,6,1,29,6,-1,-1,-1,5,3
201450DE2U010,2,9,0,7,0,8,0,0,0,0,4,1,6,2,40,7,1753,2,6,7,1
201450DE2U013,1,9,0,10,0,1,0,0,0,0,1,1,6,2,86,11,999,1,16,-1,2
201450DE2U013,2,9,0,10,0,1,0,0,0,0,2,1,6,2,65,9,1360,1,7,5,1
201450DE2U014,1,21,0,18,0,3,0,0,0,0,4,1,1,1,40,7,7146,2,5,7,2
201450DE2U014,2,1,0,9,0,8,0,0,0,0,3,1,6,1,12,3,-1,-1,-1,5,1
201450DE2U017,1,9,0,12,0,0,0,0,0,0,2,1,6,1,38,7,1598,1,-1,6,2
201450DE2U017,2,9,0,18,0,0,1,0,8,11,1,1,2,1,32,6,1896,2,10,10,2
201450DE2U018,1,9,0,14,0,0,0,0,0,0,1,1,6,2,20,4,1422,2,10,7,3
201450DE2U018,2,1,0,18,0,0,0,0,0,0,1,1,6,1,34,6,-1,-1,-1,4,1
201450DE2V001,1,9,0,15,0,0,0,0,0,0,1,1,6,1,42,7,1798,1,12,5,2
201450DE2V001,2,1,0,18,0,0,0,0,0,0,2,1,6,1,15,3,-1,-1,-1,9,1
201450DE2V003,1,9,0,6,0,3,0,0,0,0,3,1,6,1,23,5,1390,1,8,7,2
201450DE2V003,2,9,0,18,0,1,0,0,0,0,1,1,6,2,39,7,1422,2,13,7,1
201450DE2V004,1,9,0,7,0,1,0,0,0,0,1,1,6,1,61,9,-1,-1,-1,5,1
201450DE2V004,2,1,0,18,0,1,0,0,0,0,3,1,6,1,-1,-1,-1,-1,-1,8,1
201450DE2V008,1,9,0,18,0,8,0,0,0,0,1,1,6,1,65,9,2156,1,16,8,1
201450DE2V009,1,19,0,18,0,0,0,0,0,0,1,1,6,1,43,7,1998,2,12,-1,1
201450DE2V009,2,9,0,18,0,0,0,0,0,0,2,1,6,2,49,8,1598,2,2,2,1
201450DE2V009,3,9,0,18,0,0,0,0,0,0,2,1,6,1,45,7,1461,2,2,3,3
201450DE2V010,1,9,0,5,5,6,0,0,0,0,1,1,6,1,19,4,1398,2,8,6,2
201450DE2V010,2,1,0,18,5,8,0,0,0,0,3,1,2,1,45,7,-1,-1,-1,8,2
201450DE2V012,1,97,0,4,0,1,0,0,0,0,4,1,6,1,63,9,-1,-1,-1,-1,-1
201450DE2V012,2,97,0,4,0,1,0,0,0,0,3,1,6,1,63,9,-1,-1,-1,-1,-1
201450DE2V014,1,1,0,18,9,4,0,0,0,0,3,1,1,2,55,8,-1,-1,-1,7,3
201450DE2V014,2,9,0,5,0,4,0,0,0,0,1,1,1,2,25,5,1560,2,2,3,1
201450DE2V016,1,19,0,2,0,0,0,0,0,0,3,1,6,1,33,6,1968,2,3,7,1
201450DE2V016,2,1,0,14,0,0,0,4,0,0,1,1,6,1,23,5,-1,-1,-1,5,1
201450DE2W001,1,5,0,15,0,1,5,0,7,11,1,1,6,1,47,8,749,1,12,4,1
201450DE2W001,2,9,0,9,0,5,0,0,0,0,3,1,6,1,46,8,3960,1,15,7,3
201450DE2W003,1,9,0,13,0,0,2,0,0,0,4,1,6,2,19,4,1299,1,14,5,1
201450DE2W003,2,9,0,18,0,0,0,0,0,0,3,1,6,1,66,10,-1,-1,-1,-1,-1
201450DE2W004,1,9,0,18,0,0,5,0,0,0,0,1,6,2,57,9,796,1,12,7,2
201450EC2A002,1,9,0,18,0,2,1,0,0,0,1,1,1,1,60,9,-1,-1,-1,3,1
201450EC2A004,1,9,0,5,0,8,0,0,0,0,3,1,6,1,42,7,1781,1,10,-1,-1
201450EC2A004,2,9,0,18,0,8,0,0,0,0,1,1,6,1,26,6,-1,-1,-1,-1,-1
201450EC2A009,1,9,0,18,0,0,0,0,0,0,1,1,6,2,55,8,1994,1,13,6,3
201450EC2A010,1,3,0,9,0,5,0,0,1,10,4,1,6,1,21,5,125,1,8,4,1
201450EC2A010,2,9,0,18,0,1,0,0,0,0,0,1,1,1,-1,-1,1686,2,1,-1,-1
201450EC2A011,1,9,0,18,0,8,0,4,0,0,3,1,6,1,21,5,1149,1,14,4,1
201450EC2A011,2,9,0,18,0,8,0,0,0,0,1,1,2,1,47,8,1587,1,13,1,1
201450EC2A011,3,9,0,2,0,2,0,4,0,0,2,1,6,2,23,5,1905,2,16,4,1
201450EC2A011,4,9,0,2,0,2,0,4,0,0,2,1,6,1,54,8,1242,1,13,4,1
201450EC2A017,1,9,0,18,0,0,0,10,1,11,4,1,6,2,18,4,1396,1,13,7,1
201450EC2B001,1,20,0,4,0,0,0,0,0,0,2,1,1,1,38,7,3920,2,9,10,1
201450EC2B001,2,9,0,4,0,0,0,0,0,0,1,1,6,2,33,6,1988,1,13,3,1
201450EC2D002,1,9,0,18,0,8,0,0,0,0,1,1,2,2,58,9,2000,1,23,2,1
201450EC2D002,2,1,0,18,0,8,0,0,0,0,4,1,2,1,51,8,-1,-1,-1,2,1
201450EC2D003,1,3,0,5,0,8,0,0,0,0,3,1,6,1,39,7,124,1,4,1,1
201450EC2D003,2,9,0,3,0,8,0,0,0,0,0,1,6,1,64,9,1995,1,8,2,1
201450EC2D004,1,9,0,18,0,5,0,0,0,0,1,1,6,3,-1,-1,-1,-1,-1,-1,-1
201450EC2D005,1,9,0,16,0,2,0,0,0,0,1,1,6,2,61,9,1341,1,10,2,1
201450EC2D005,2,9,0,5,0,2,0,0,0,0,1,1,6,2,19,4,1299,1,12,4,1
201450EC2D006,1,9,0,5,0,4,0,0,0,0,1,1,6,1,60,9,1124,1,16,1,1
201450EC2D006,2,1,0,18,0,4,0,0,0,0,1,1,6,1,13,3,-1,-1,-1,1,1
201450EC2D007,1,9,0,17,0,4,0,0,0,1,4,1,6,2,82,11,1197,1,3,1,1
201450EC2D008,1,9,0,14,0,0,0,0,0,0,1,1,1,1,50,8,1988,1,14,2,1
201450EC2D009,1,9,0,4,0,0,0,0,0,0,1,1,6,1,61,9,1968,2,8,-1,1
201450EC2D009,2,9,0,4,0,0,0,0,0,0,2,1,1,1,38,7,-1,-1,-1,5,1
201450EC2D012,1,9,0,9,0,8,0,0,0,0,1,1,2,2,19,4,1229,1,2,2,1
201450EC2D013,1,9,0,9,0,1,0,0,0,0,1,1,6,3,-1,-1,1248,2,1,-1,-1
201450EC2D013,2,9,0,18,0,1,0,0,0,0,1,1,6,1,24,5,1108,1,13,7,1
201450EC2D015,1,19,0,18,0,0,0,0,0,0,4,1,6,3,-1,-1,2198,2,6,-1,-1
201450EC2D017,1,9,0,18,0,4,0,0,0,0,3,1,2,1,42,7,-1,-1,-1,3,1
201450EC2D017,2,1,0,18,0,3,0,0,0,0,1,1,2,1,35,6,-1,-1,-1,4,1
201450EC2D019,1,9,0,18,0,3,1,0,3,7,1,1,6,1,20,4,1895,1,14,3,1
201450EC2D023,1,9,0,5,0,4,0,0,0,0,1,1,6,1,82,11,1395,1,1,3,1
201450EC2D023,2,1,0,7,0,3,0,0,0,0,4,1,2,1,31,6,-1,-1,-1,7,1
201450EC2D024,1,9,0,18,0,3,0,0,0,0,1,1,6,2,27,6,1595,1,8,3,1
201450EC2D024,2,9,0,4,0,3,0,0,0,0,2,1,1,2,48,8,1396,1,5,7,1
201450EC2D025,1,9,0,1,4,0,0,0,0,0,2,1,6,1,29,6,-1,-1,-1,2,1
201450EC2D025,2,1,0,18,4,0,0,0,0,0,1,1,6,2,31,6,-1,-1,-1,4,1
201450EC2D026,1,9,0,7,0,8,0,0,0,0,3,1,6,3,-1,-1,1598,1,10,-1,-1
201450EC2D026,2,1,0,18,0,8,0,0,0,0,1,1,2,1,23,5,-1,-1,-1,-1,-1
201450EC2D027,1,9,0,6,0,0,0,0,0,0,0,1,6,3,-1,-1,1595,1,29,-1,-1
201450EC2D027,2,9,0,18,0,0,0,0,0,0,1,1,2,2,21,5,1598,2,3,6,3
201450EC2D027,3,9,0,18,0,0,0,0,0,0,2,1,6,1,30,6,2987,2,8,3,1
201450EC2D029,1,9,0,9,0,2,0,0,0,0,3,1,6,2,49,8,998,1,4,2,1
201450EC2D033,1,9,0,9,0,1,0,0,0,0,3,1,1,1,51,8,1910,2,6,8,1
201450EC2D033,2,9,0,14,0,1,0,0,0,0,4,1,6,1,84,11,1598,1,14,6,1
201450EC2D036,1,8,0,9,0,6,0,0,0,0,1,1,1,1,58,9,1997,2,7,2,1
201450EC2D036,2,1,0,18,0,6,0,0,0,0,1,1,4,1,9,2,-1,-1,-1,2,1
201450EC2D038,1,9,0,5,0,0,0,0,0,0,1,1,6,2,36,7,-1,-1,-1,9,1
201450EC2D038,2,4,0,14,0,0,0,0,0,0,1,1,6,1,58,9,171,1,4,1,1
201450EC2D042,1,4,0,17,0,3,1,0,0,0,3,1,6,2,19,4,124,1,6,1,1
201450EC2E007,1,98,0,18,0,0,0,0,0,0,3,1,6,1,-1,-1,2402,2,10,10,2
201450EC2E007,2,98,0,2,0,0,0,0,0,0,3,1,6,1,51,8,9290,2,1,2,1
201450EC2E008,1,3,0,18,0,8,0,0,0,0,1,1,6,1,20,4,649,1,14,5,1
201450EC2E009,1,9,0,11,0,1,0,0,0,0,4,1,6,3,-1,-1,-1,-1,-1,-1,-1
201450EC2E009,2,3,0,18,0,1,0,0,0,0,3,1,6,1,23,5,124,1,10,6,1
201450EC2E011,1,9,0,18,0,0,0,0,7,0,1,1,6,1,82,11,1248,1,4,4,3
201450EC2E013,1,5,0,18,0,1,2,0,0,0,1,1,6,1,19,4,599,1,1,5,3
201450EC2E013,2,9,0,3,0,1,0,0,0,0,2,1,6,1,67,10,1560,2,6,5,2
201450EC2E016,1,3,0,18,0,1,0,0,0,0,2,1,6,3,-1,-1,-1,-1,-1,-1,-1
201450EC2E016,2,9,0,18,0,1,2,0,0,0,1,1,2,1,22,5,-1,-1,-1,3,2
201450EC2E022,1,11,0,5,2,0,0,4,0,0,1,1,1,1,49,8,5480,2,13,7,1
201450EC2E022,2,11,0,2,2,0,0,0,0,0,2,1,1,1,62,9,3900,2,10,2,1
201450EC2E022,3,8,0,18,2,0,0,0,0,0,1,1,1,1,28,6,-1,-1,-1,8,1
201450EC2E023,1,9,0,12,0,4,0,0,0,0,1,1,6,2,36,7,1598,1,10,1,1
201450EC2E023,2,1,0,18,0,4,0,0,0,0,4,1,6,1,23,5,-1,-1,-1,4,1
201450EC2E024,1,8,0,18,2,0,0,0,0,0,1,1,1,1,21,5,1896,2,9,4,1
201450EC2E026,1,1,0,7,9,5,2,0,1,0,1,1,1,1,43,7,-1,-1,-1,1,1
201450EC2E028,1,9,0,9,0,8,0,0,0,0,1,1,6,1,20,4,1124,1,14,1,1
201450EC2E028,2,9,0,18,0,8,0,0,0,0,1,1,1,1,32,6,1560,2,6,4,1
201450EC2E029,1,19,0,11,2,0,0,0,0,0,4,1,6,1,39,7,1461,2,1,2,1
201450EC2E029,2,4,0,18,2,0,0,0,0,0,3,1,6,1,41,7,1050,1,4,9,1
201450EC2E032,1,9,0,9,0,1,0,0,0,0,1,1,6,2,26,6,1299,1,10,4,1
201450EC2E032,2,2,0,18,0,1,0,0,0,0,1,1,6,1,17,4,49,1,10,3,1
201450EC2E033,1,9,0,9,0,8,0,0,0,0,1,1,6,1,31,6,2231,2,8,2,1
201450EC2E033,2,9,0,18,0,1,0,0,0,0,3,1,6,1,23,5,1242,1,15,4,1
201450EC2E038,1,9,0,5,0,4,0,0,0,0,3,1,6,2,55,8,1396,1,13,3,1
201450EC2E038,2,8,0,17,0,8,0,0,0,0,4,1,1,1,34,6,1997,2,10,5,1
201450EC2E043,1,5,0,18,0,1,0,0,0,0,3,1,6,1,27,6,998,1,9,4,1
201450EC2E044,1,9,0,18,0,0,0,0,0,0,1,1,6,1,37,7,1386,1,7,6,2
201450EC2E044,2,19,0,3,0,0,0,0,0,0,2,1,6,1,51,8,1248,2,7,1,1
201450EC2E047,1,9,0,18,0,1,0,0,0,0,1,1,6,1,78,11,1998,1,6,3,1
201450EC2E049,1,1,0,5,0,8,0,0,0,0,3,1,6,1,47,8,-1,-1,-1,2,1
201450EC2E049,2,5,0,18,0,8,0,0,0,6,1,1,6,1,40,7,999,1,9,10,1
201450EC2E050,1,9,0,5,5,8,0,0,0,0,1,1,6,2,47,8,1360,1,12,5,1
201450EC2E052,1,9,0,18,0,2,0,0,0,0,4,1,6,2,43,7,1086,1,11,6,3
201450EC2E053,1,9,0,9,0,6,0,0,0,0,3,1,1,1,42,7,1598,1,10,5,1
201450EC2E054,1,9,0,18,0,8,0,0,0,0,4,1,6,2,22,5,1332,1,16,7,1
201450EC2E054,2,9,0,9,0,2,0,0,0,0,3,1,6,2,65,9,1870,2,12,2,1
201450EC2E056,1,9,0,18,0,0,0,0,0,0,1,1,6,1,74,10,1598,1,17,3,1
201450EC2E057,1,8,0,18,0,0,0,0,0,0,1,1,6,2,45,7,1910,2,7,3,1
201450EC2E057,2,9,0,2,0,0,0,0,0,0,2,1,6,2,30,6,1299,1,13,4,1
201450EC2E059,1,9,0,4,0,1,0,0,0,0,1,1,6,1,29,6,1360,1,13,4,1
201450EC2E059,2,9,0,4,0,1,0,0,0,0,2,1,6,1,71,10,1910,2,7,8,1
201450EC2E059,3,9,0,4,0,1,0,0,0,0,2,1,1,1,40,7,1686,2,-1,4,2
201450EC2E060,1,9,0,5,0,1,0,0,0,0,1,1,6,2,18,4,1360,1,12,4,1
201450EC2E060,2,9,0,5,0,1,0,0,0,0,2,1,6,1,48,8,1997,2,14,2,1
201450EC2E064,1,9,0,5,0,4,0,0,0,0,1,1,2,2,49,8,1242,1,8,9,1
201450EC2E064,2,1,0,3,0,4,0,0,0,0,2,1,2,1,49,8,-1,-1,-1,8,1
201450EC2E067,1,9,0,18,0,1,0,0,0,0,1,1,6,1,29,6,-1,-1,-1,6,2
201450EC2E067,2,11,0,4,0,1,0,0,0,0,0,1,1,3,-1,-1,-1,-1,-1,-1,-1
201450EC2E069,1,1,0,7,0,2,0,0,1,0,2,1,2,1,34,6,-1,-1,-1,7,1
201450EC2E069,2,9,0,18,0,2,0,0,0,0,4,1,6,2,63,9,1199,2,2,5,1
201450EC2E073,1,3,0,7,0,4,0,0,0,0,1,1,6,1,18,4,124,1,4,6,1
201450EC2E073,2,3,0,17,0,3,0,0,0,0,4,1,6,1,18,4,125,1,20,1,1
201450EC2E078,1,9,0,18,0,1,0,0,0,0,0,1,1,1,-1,-1,1686,2,-1,-1,-1
201450EC2E078,2,2,0,16,0,1,0,10,1,0,3,1,6,1,16,4,50,1,3,7,1
201450EC2E079,1,9,0,18,0,3,0,0,0,0,2,1,6,3,-1,-1,-1,-1,-1,-1,-1
201450EC2E079,2,9,0,18,0,3,0,0,0,0,1,1,6,2,-1,-1,1390,1,16,3,1
201450EC2E080,1,9,0,18,0,5,0,0,0,0,4,1,6,1,65,9,1240,1,5,5,1
201450EC2E081,1,3,0,18,0,0,0,10,0,0,1,1,6,1,29,6,988,1,13,5,1
201450EC2E085,1,9,0,18,0,1,0,12,0,0,1,1,6,1,74,10,1998,1,13,2,1
201450EC2E086,1,9,0,5,0,0,0,0,0,0,3,1,6,1,33,6,1560,2,7,3,1
201450EC2E086,2,2,0,18,0,0,0,0,0,0,1,1,6,1,16,4,50,1,-1,2,1
201450EC2E087,1,8,0,17,2,0,1,0,1,0,1,1,6,1,40,7,2499,2,4,1,1
201450EC2E089,1,9,0,18,0,1,0,0,0,0,1,1,1,2,26,6,1299,1,14,1,1
201450EC2E089,2,5,0,3,0,1,0,0,0,0,2,1,2,1,33,6,599,1,2,9,1
201450EC2E091,1,9,0,3,0,1,0,0,0,0,1,1,1,2,51,8,1798,1,8,5,1
201450EC2E093,1,9,0,18,0,0,0,0,0,0,2,1,6,2,37,7,1998,1,14,-1,-1
201450EC2E093,2,9,0,18,0,0,0,0,0,0,1,1,6,1,50,8,2435,1,8,7,1
201450EC2E094,1,8,0,18,0,0,0,0,0,0,4,1,1,1,63,9,2143,2,2,2,1
201450EC2E095,1,3,0,18,0,1,0,0,0,0,1,1,6,1,17,4,125,1,1,9,1
201450EC2E095,2,9,0,7,0,1,0,0,0,1,4,1,1,1,55,8,1596,1,3,7,1
201450EC2E099,1,11,0,18,2,1,0,0,0,0,1,1,1,1,49,8,7300,2,12,2,1
201450EC2E099,2,9,0,5,0,1,0,0,0,0,3,1,6,1,25,5,1997,2,12,3,2
201450EC2E100,1,9,0,17,0,8,0,0,0,0,1,1,1,1,30,6,-1,-1,-1,9,1
201450EC2E106,1,9,0,18,0,1,0,0,0,0,1,1,6,2,38,7,1388,1,11,2,1
201450EC2E107,1,3,0,18,2,2,0,0,0,0,1,1,6,1,23,5,124,1,4,2,1
201450EC2E109,1,9,0,18,0,0,0,0,0,0,4,1,2,1,24,5,1242,1,5,9,1
201450EC2E110,1,9,0,9,0,8,0,0,0,0,1,1,6,1,33,6,4367,2,3,9,1
201450EC2F001,1,9,0,11,0,1,0,0,0,0,4,1,6,2,21,5,1598,1,13,3,1
201450EC2F001,2,3,0,18,0,1,0,0,0,0,1,1,6,1,19,4,125,1,-1,10,1
201450EC2F003,1,9,0,1,0,0,0,0,0,0,2,1,6,3,-1,-1,-1,-1,-1,-1,-1
201450EC2F005,1,9,0,5,0,2,0,0,0,0,1,1,6,1,20,4,1598,1,9,2,1
201450EC2F005,2,1,0,18,0,8,0,0,0,0,3,1,6,1,24,5,-1,-1,-1,1,1
201450EC2F006,1,9,0,7,2,5,0,0,0,0,2,1,6,1,43,7,1984,1,4,4,3
201450EC2F006,2,11,0,18,2,8,1,0,0,0,1,1,1,1,53,8,5883,2,13,3,1
201450EC2F007,1,9,0,9,0,1,0,0,1,0,4,1,6,2,29,6,-1,-1,-1,8,1
201450EC2F007,2,8,0,18,0,1,0,0,0,0,1,1,1,2,33,6,-1,-1,-1,3,1
201450EC2G002,1,9,0,1,0,0,0,0,0,0,2,1,6,1,58,9,998,1,8,5,1
201450EC2G002,2,9,0,2,0,0,0,0,0,0,1,1,2,2,34,6,1587,1,10,1,1
201450EC2G003,1,9,0,4,0,1,0,0,0,0,2,1,3,2,44,7,1229,1,10,7,1
201450EC2G003,2,9,0,4,0,1,0,0,0,0,1,1,6,1,34,6,1753,2,12,2,1
201450EC2G005,1,9,0,7,0,8,0,0,7,10,1,1,6,1,27,6,1995,2,8,4,1
201450EC2G008,1,9,0,18,0,0,0,0,0,0,1,1,6,1,22,5,1299,1,12,3,1
201450EC2G008,2,9,0,2,0,0,0,0,0,0,2,1,6,1,30,6,1956,2,4,4,1
201450EC2G011,1,9,0,18,0,0,1,0,0,0,1,1,4,1,16,4,-1,-1,-1,7,1
201450EC2G013,1,9,0,18,0,1,0,0,0,0,1,1,6,1,57,9,1598,1,10,3,1
201450EC2G014,1,9,0,9,0,8,0,0,0,0,0,1,6,3,-1,-1,-1,-1,-1,-1,-1
201450EC2G014,2,9,0,18,0,8,0,0,5,2,1,1,6,1,19,4,1242,1,7,10,2
201450EC2G019,1,9,0,12,0,2,0,0,0,0,4,1,2,1,25,5,998,1,18,7,1