Accident_Index,Vehicle_Reference,Vehicle_Type,Towing_and_Articulation,Vehicle_Manoeuvre,Vehicle_Location-Restricted_Lane,Junction_Location,Skidding_and_Overturning,Hit_Object_in_Carriageway,Vehicle_Leaving_Carriageway,Hit_Object_off_Carriageway,1st_Point_of_Impact,Was_Vehicle_Left_Hand_Drive?,Journey_Purpose_of_Driver,Sex_of_Driver,Age_of_Driver,Age_Band_of_Driver,Engine_Capacity_(CC),Propulsion_Code,Age_of_Vehicle,Driver_IMD_Decile,Driver_Home_Area_Type
201450ED2J021,2,9,0,3,0,0,0,0,0,0,2,1,2,1,33,6,1598,1,15,6,1
201450ED2J022,1,9,0,18,0,0,0,0,0,0,0,1,1,1,54,8,-1,-1,-1,7,1
201450ED2J023,1,9,0,18,0,2,0,0,0,0,1,1,6,2,40,7,1229,1,9,1,1
201450ED2J025,1,9,0,18,0,0,0,0,0,0,3,1,1,1,24,5,1596,1,7,1,1
201450ED2J026,1,9,0,7,0,8,0,0,0,0,4,1,6,1,25,5,-1,-1,-1,4,3
201450ED2J026,2,3,0,18,0,1,0,0,0,0,1,1,1,1,24,5,124,1,7,2,1
201450ED2J029,1,3,0,18,0,4,5,10,7,0,1,1,6,1,24,5,124,1,7,3,1
201450ED2J030,1,9,0,18,0,0,0,0,0,0,1,1,1,1,47,8,1999,1,13,1,1
201450ED2J031,1,9,0,2,0,0,0,0,0,0,4,1,6,3,-1,-1,1598,1,9,1,1
201450ED2J031,2,9,0,18,0,0,0,0,0,0,4,1,3,1,34,6,1798,1,5,1,1
201450ED2J033,1,97,0,18,0,8,0,0,0,0,1,1,6,1,33,6,599,1,9,1,1
201450ED2J033,2,9,0,6,0,8,0,0,0,0,2,1,1,1,39,7,1796,2,2,8,1
201450ED2K001,1,9,0,18,0,0,0,4,0,0,1,1,6,1,81,11,1349,1,3,1,1
201450ED2K001,2,9,0,2,0,0,0,0,0,0,3,1,6,2,54,8,1242,1,6,1,1
201450ED2K001,3,9,0,2,0,0,0,0,0,0,3,1,6,2,54,8,1560,2,4,1,1
201450ED2K002,1,9,0,5,0,8,0,0,0,0,1,1,1,1,-1,-1,1995,2,7,-1,-1
201450ED2K002,2,9,0,9,0,8,0,0,0,0,4,1,6,2,74,10,1339,1,7,9,1
201450ED2K003,1,9,0,5,0,1,0,0,0,0,1,1,3,1,52,8,1997,2,3,2,1
201450ED2K003,2,9,0,17,0,1,1,10,1,5,4,1,2,1,43,7,1781,1,15,7,1
201450ED2K004,1,9,0,6,0,6,0,0,0,0,3,1,2,1,31,6,1587,1,13,1,1
201450ED2K004,2,9,0,18,0,1,0,0,0,0,1,1,2,2,65,9,1339,1,1,9,1
201450ED2K005,1,9,0,18,0,0,0,8,0,0,1,1,6,1,24,5,1396,1,11,6,1
201450ED2K005,2,9,0,2,0,0,0,0,0,0,3,1,6,1,25,5,1598,1,12,3,1
201450ED2K006,1,9,0,18,0,0,0,0,0,0,4,1,6,2,40,7,2500,1,9,4,1
201450ED2K007,1,9,0,18,0,0,0,4,1,2,1,1,6,2,38,7,1761,1,15,2,1
201450ED2K007,2,9,0,2,0,0,0,0,0,0,2,1,6,2,44,7,993,1,13,6,1
201450ED2K008,1,3,0,16,0,8,2,10,2,0,4,1,6,1,59,9,125,1,4,2,1
201450ED2K010,1,9,0,18,0,8,0,0,0,0,1,1,6,1,40,7,1299,1,14,2,1
201450ED2K010,2,9,0,3,0,8,0,0,0,0,2,1,6,2,27,6,1388,1,11,2,1
201450ED2K011,1,9,0,18,0,0,0,0,0,0,1,1,6,2,36,7,2171,2,12,4,1
201450ED2K012,1,9,0,5,0,6,0,0,0,0,3,1,6,1,43,7,1999,1,13,6,1
201450ED2K012,2,3,0,18,0,1,0,0,0,0,1,1,6,1,18,4,124,1,12,2,1
201450ED2K013,1,9,0,18,0,0,0,0,0,0,4,1,6,2,64,9,-1,-1,-1,2,1
201450ED2K013,2,9,0,2,0,0,0,0,0,0,3,1,6,2,29,6,998,1,4,6,1
201450ED2K014,1,9,0,5,0,1,0,0,0,0,1,1,6,1,21,5,1390,1,20,1,1
201450ED2K015,1,4,0,18,0,1,0,0,0,0,0,1,6,1,31,6,-1,-1,-1,2,1
201450ED2L002,1,2,0,7,0,5,0,0,1,0,4,1,6,1,16,4,49,1,12,3,1
201450ED2L003,1,9,0,14,0,0,0,0,0,0,1,1,6,1,21,5,1598,1,10,3,1
201450ED2L004,1,9,0,18,0,0,0,0,0,0,1,1,6,3,-1,-1,-1,-1,-1,-1,-1
201450ED2L005,1,9,0,9,0,2,0,0,0,0,3,1,1,2,28,6,1587,1,12,1,1
201450ED2L005,2,22,0,18,0,1,0,0,0,0,0,1,6,1,68,10,-1,-1,-1,1,1
201450ED2L006,1,9,0,18,0,1,0,0,0,0,1,1,1,1,31,6,-1,-1,-1,6,3
201450ED2L006,2,9,0,3,0,1,0,0,0,0,2,1,6,1,44,7,1275,1,14,2,1
201450ED2L006,3,9,0,3,0,1,0,0,0,0,2,1,6,1,49,8,1299,1,17,2,1
201450ED2L007,1,9,0,9,0,5,0,0,0,0,1,1,1,1,68,10,1248,2,1,-1,-1
201450ED2L007,2,3,0,18,0,1,0,0,0,0,3,1,6,1,21,5,124,1,1,5,1
201450ED2L008,1,9,0,18,0,3,0,0,0,0,1,1,6,1,42,7,1584,1,7,2,1
201450ED2L008,2,3,0,4,0,3,0,0,0,0,2,1,6,2,28,6,125,1,8,2,1
201450ED2L008,3,3,0,4,0,3,0,0,0,0,2,1,6,1,44,7,124,1,1,3,1
201450ED2L009,1,9,0,18,0,1,0,0,0,0,1,1,6,1,27,6,1910,2,8,2,1
201450ED2L009,2,9,0,3,0,2,0,0,0,0,2,1,1,1,54,8,1910,2,6,1,1
201450ED2L010,1,5,0,17,0,0,0,0,0,0,1,1,6,1,28,6,998,1,9,4,1
201450ED2L010,2,1,0,18,0,0,0,0,0,0,1,1,6,1,67,10,-1,-1,-1,2,1
201450ED2L011,1,9,0,18,0,3,0,0,0,0,1,1,6,1,31,6,1600,1,15,-1,-1
201450ED2L011,2,3,0,18,0,4,0,0,0,0,2,1,6,1,17,4,124,1,25,2,2
201450ED2L013,1,9,0,4,0,0,0,0,0,0,0,1,6,1,67,10,2495,1,12,1,1
201450ED2L013,2,9,0,2,0,0,0,0,0,0,0,1,6,1,60,9,1043,1,21,2,1
201450ED2L015,1,9,0,9,0,8,0,0,0,0,1,1,6,1,59,9,1998,2,8,6,3
201450ED2L015,2,1,0,9,0,8,0,0,0,0,1,1,2,1,55,8,-1,-1,-1,7,1
201450ED2L018,1,9,0,10,0,5,0,0,0,0,1,1,6,3,-1,-1,1799,1,7,-1,-1
201450ED2L018,2,1,0,3,4,1,0,0,0,0,2,1,6,1,31,6,-1,-1,-1,4,1
201450ED2L019,1,4,0,16,0,0,0,7,0,0,1,1,6,1,20,4,296,1,-1,5,1
201450ED2L019,2,9,0,2,0,0,0,0,0,0,2,1,6,3,-1,-1,1298,1,14,2,1
201450ED2L020,1,5,0,9,0,8,0,0,0,0,1,1,6,1,55,8,1050,1,3,2,1
201450ED2L020,2,9,0,9,0,8,0,0,0,0,1,1,6,1,28,6,1781,1,17,-1,-1
201450ED2M001,1,9,0,1,0,0,0,4,7,11,2,1,6,2,78,11,1390,1,13,7,1
201450ED2M001,2,9,0,2,0,0,0,0,0,0,1,1,6,2,35,6,1598,1,13,8,1
201450ED2M002,1,9,0,8,0,1,0,0,0,0,1,1,2,1,23,5,1596,1,24,3,1
201450ED2M002,2,1,0,8,0,1,0,0,0,0,1,1,6,1,28,6,-1,-1,-1,4,1
201450ED2M006,1,19,0,5,0,1,0,0,0,0,1,1,2,1,52,8,1997,2,6,2,1
201450ED2M006,2,9,0,18,0,1,0,0,0,0,3,1,2,1,29,6,1998,2,11,8,1
201450ED2M007,1,9,0,3,0,0,0,0,0,0,4,1,6,1,24,5,1794,1,10,1,1
201450ED2N001,1,9,0,8,0,6,0,0,0,0,3,1,2,1,26,6,-1,-1,-1,5,1
201450ED2N001,2,1,0,18,0,7,1,0,0,0,1,1,2,1,27,6,-1,-1,-1,6,1
201450ED2N002,1,19,0,18,0,0,0,0,0,0,1,1,1,1,22,5,1995,2,6,9,1
201450ED2N005,1,9,0,11,0,0,0,0,0,0,4,1,1,2,23,5,995,1,9,3,1
201450ED2N005,2,5,0,18,0,0,0,0,0,0,3,1,1,1,43,7,647,1,16,2,1
201450ED2N006,1,9,0,18,0,0,0,0,0,0,1,1,6,1,32,6,1598,2,1,3,1
201450ED2N007,1,9,0,5,0,4,0,0,0,0,0,1,6,2,18,4,1149,1,12,5,1
201450ED2N007,2,5,0,4,0,4,2,0,0,0,1,1,6,1,42,7,748,1,10,2,1
201450ED2N007,3,9,0,3,0,3,0,0,0,0,2,1,6,2,54,8,1598,1,11,3,1
201450ED2N008,1,20,0,18,0,1,0,0,0,0,1,1,6,2,35,6,-1,-1,-1,5,1
201450ED2N008,2,9,0,9,0,6,0,0,1,11,2,1,2,1,40,7,-1,-1,-1,4,1
201450ED2N008,3,9,0,2,0,1,0,0,0,0,3,1,6,2,26,6,1124,1,9,3,1
201450ED2N009,1,9,0,18,0,0,0,0,0,0,1,1,6,2,-1,-1,1870,2,12,2,1
201450ED2N010,1,9,0,3,0,1,0,0,0,0,1,1,6,1,-1,-1,-1,-1,-1,-1,-1
201450ED2N011,1,3,0,17,0,0,1,10,1,11,1,1,2,1,19,4,125,1,7,1,1
201450ED2N012,1,9,0,9,0,5,0,0,0,0,1,1,6,2,23,5,1364,1,10,3,1
201450ED2N012,2,1,0,18,0,1,0,0,0,0,1,1,6,1,15,3,-1,-1,-1,3,1
201450ED2N014,1,9,0,9,0,4,0,0,0,0,1,1,6,1,33,6,1598,1,11,7,1
201450ED2N014,2,4,0,18,0,1,0,0,0,0,2,1,6,1,33,6,107,1,-1,7,1
201450ED2N015,1,9,0,2,0,0,0,0,0,0,3,1,6,2,39,7,1560,2,9,1,1
201450ED2N015,2,9,0,18,0,0,0,0,0,0,4,1,6,2,26,6,1388,1,14,3,1
201450ED2N018,1,9,0,3,0,1,0,0,0,0,1,1,6,1,47,8,1587,1,11,4,2
201450ED2N018,2,9,0,3,0,1,0,0,0,0,2,1,6,2,60,9,1422,2,4,4,1
201450ED2N018,3,9,0,3,0,1,0,0,0,0,2,1,6,1,33,6,2967,2,7,7,1
201450ED2N019,1,9,0,4,0,1,0,0,0,0,2,1,6,1,21,5,1600,1,10,8,1
201450ED2N019,2,9,0,3,0,1,0,0,0,0,0,1,6,2,46,8,1598,1,10,8,1
201450ED2N022,1,9,0,16,0,0,0,0,0,0,1,1,6,1,21,5,1905,2,20,3,1
201450ED2N022,2,19,0,2,0,0,0,0,0,0,1,1,6,1,-1,-1,1998,2,10,-1,-1
201450ED2N022,3,9,0,2,0,0,0,0,0,0,1,1,6,1,-1,-1,1968,2,7,-1,-1
201450ED2N022,4,9,0,2,0,0,0,0,0,0,1,1,6,1,-1,-1,1398,2,11,-1,-1
201450ED2N024,1,9,0,5,0,4,0,0,0,0,1,1,6,2,38,7,1968,2,9,4,1
201450ED2N024,2,3,0,18,0,8,0,0,0,0,4,1,6,2,57,9,-1,-1,-1,1,1
201450ED2N026,1,2,0,18,0,8,0,0,0,0,1,1,6,2,47,8,124,1,6,2,1
201450ED2N026,2,9,0,5,0,6,0,0,0,0,4,1,6,2,26,6,1798,1,4,8,1
201450ED2N027,1,8,0,2,0,0,0,0,0,0,4,1,1,1,33,6,1497,8,9,3,1
201450ED2N027,2,9,0,18,0,0,0,8,0,0,4,1,1,2,27,6,-1,-1,-1,8,1
201450ED2N028,1,9,0,18,0,1,1,0,0,0,1,1,6,1,43,7,-1,-1,-1,5,1
201450ED2N028,2,4,0,18,0,1,0,0,0,0,2,1,1,1,56,9,1284,1,5,3,1
201450ED2N028,3,9,0,18,0,1,0,0,0,0,2,1,1,1,53,8,2500,2,17,3,1
201450ED2N028,4,9,0,18,0,1,0,0,0,0,2,1,1,2,52,8,1995,1,13,3,1
201450ED2N028,5,9,0,18,0,1,0,0,0,2,0,1,1,2,24,5,-1,-1,-1,8,1
201450ED2N029,1,9,0,9,0,8,0,0,0,0,1,1,6,2,36,7,1796,1,15,3,1
201450ED2N029,2,9,0,9,0,8,0,0,0,0,2,1,6,2,43,7,1600,1,16,4,1
201450ED2N030,1,9,0,18,0,3,0,0,0,0,3,1,6,2,58,9,1968,2,5,5,2
201450ED2N030,2,5,0,15,0,3,0,0,0,0,4,1,6,1,52,8,1250,1,13,1,1
201450ED2N031,1,9,0,18,0,0,0,0,0,0,1,1,3,2,18,4,1910,2,6,5,1
201450ED2N032,1,9,0,18,0,0,0,0,0,0,1,1,6,1,45,7,-1,-1,-1,4,3
201450ED2N035,1,9,0,18,0,1,5,7,0,0,1,1,2,1,19,4,1149,1,11,3,1
201450ED2N036,1,9,0,18,0,8,0,0,4,6,4,1,6,1,32,6,1840,1,15,1,1
201450ED2N036,2,9,0,5,0,8,0,0,0,0,1,1,6,1,35,6,1360,1,8,1,1
201450ED2N037,1,9,0,7,0,4,0,0,0,0,1,1,6,2,38,7,1598,1,7,5,1
201450ED2N037,2,1,0,18,0,3,0,0,0,0,1,1,6,1,61,9,-1,-1,-1,2,1
201450ED2N038,1,9,0,13,0,0,0,0,0,0,4,1,6,1,41,7,1985,1,15,1,1
201450ED2N038,2,1,0,18,0,0,0,10,0,0,3,1,6,1,18,4,-1,-1,-1,2,1
201450ED2N040,1,11,0,11,0,1,0,0,0,0,1,1,1,1,53,8,548,2,14,5,1
201450ED2N040,2,1,0,18,0,1,0,0,0,0,2,1,6,1,48,8,-1,-1,-1,1,1
201450ED2N041,1,9,0,2,0,0,0,0,0,0,0,1,6,3,23,5,1995,2,1,4,1
201450ED2N041,2,9,0,18,0,0,0,0,0,0,0,1,6,2,-1,-1,1588,1,12,-1,-1
201450ED2N042,1,9,0,18,0,2,0,0,0,0,1,1,6,1,86,11,1332,1,9,3,1
201450ED2N042,2,9,0,3,0,2,0,0,0,0,2,1,6,2,46,8,1590,1,15,2,1
201450ED2N044,1,9,0,9,0,1,0,0,0,0,0,1,6,2,32,6,1398,2,6,1,1
201450ED2N044,2,9,0,18,0,8,0,0,0,0,3,1,6,1,73,10,1596,1,10,2,2
201450ED2N045,1,19,0,3,0,1,0,0,0,0,1,1,2,1,46,8,2402,2,10,3,1
201450ED2N045,2,9,0,3,0,1,0,0,0,0,2,1,3,2,49,8,1999,1,6,7,1
201450ED2N047,1,9,0,9,0,1,0,0,0,0,4,1,6,1,32,6,1796,1,9,10,1
201450ED2N047,2,3,0,18,0,1,0,0,0,0,1,1,6,1,17,4,98,1,36,2,1
201450ED2N048,1,9,0,18,0,8,0,0,3,6,4,1,6,2,46,8,1598,1,1,3,1
201450ED2N048,2,9,0,18,0,8,0,0,0,0,1,1,6,1,34,6,2204,2,7,3,1
201450ED2N049,1,9,0,4,0,4,0,0,0,0,2,1,6,1,63,9,1560,2,-1,2,1
201450ED2N049,2,9,0,4,0,4,0,0,0,0,2,1,6,2,26,6,1229,1,8,1,1
201450ED2N049,3,9,0,4,0,4,0,0,0,0,1,1,6,1,29,6,1199,2,3,2,1
201450ED2N051,1,2,0,18,0,1,0,0,0,0,0,1,1,2,17,4,124,1,16,7,1
201450ED2N051,2,9,0,9,0,8,0,0,0,0,0,1,6,3,-1,-1,-1,-1,-1,-1,-1
201450ED2N052,1,9,0,7,0,6,0,0,0,0,1,1,1,3,-1,-1,-1,-1,-1,-1,-1
201450ED2N052,2,1,0,18,0,1,0,0,0,0,4,1,1,2,26,6,-1,-1,-1,4,1
201450ED2N053,1,9,0,18,0,1,0,0,0,0,1,1,6,3,-1,-1,-1,-1,-1,-1,-1
201450ED2N056,1,9,0,5,0,0,0,0,0,0,1,1,1,2,23,5,1149,1,12,2,1
201450ED2N056,2,9,0,18,0,0,0,0,0,0,1,1,1,1,23,5,-1,-1,-1,4,2
201450ED2N057,1,9,0,5,0,1,0,0,0,0,1,1,6,1,57,9,2967,1,12,5,1
201450ED2N057,2,1,0,18,0,1,0,0,0,0,1,1,6,1,61,9,-1,-1,-1,1,1
201450ED2N057,3,1,0,18,0,1,0,0,0,0,1,1,6,1,40,7,-1,-1,-1,1,1
201450ED2N058,1,4,0,18,0,1,0,7,4,0,3,1,6,1,41,7,1050,1,2,2,1
201450ED2N058,2,9,0,18,0,1,2,0,0,0,3,1,6,2,28,6,1398,2,2,5,1
201450ED2N059,1,9,0,9,0,6,0,0,0,0,3,1,6,1,46,8,-1,-1,-1,2,1
201450ED2N059,2,3,0,18,0,1,0,0,0,0,1,1,6,1,30,6,124,1,4,1,1
201450ED2N060,1,9,0,9,0,1,0,0,0,0,1,1,6,2,40,7,1596,1,9,1,1
201450ED2N060,2,4,0,18,0,1,0,0,0,0,1,1,6,1,22,5,124,1,6,2,1
201450ED2N062,1,9,0,1,0,8,0,0,0,0,2,1,2,2,65,9,1149,1,11,5,1
201450ED2N063,1,9,0,18,0,8,0,0,0,0,1,1,6,2,35,6,1991,2,6,2,1
201450ED2N063,2,9,0,5,0,8,0,0,0,0,1,1,1,1,43,7,-1,-1,-1,3,1
201450ED2N064,1,9,0,18,0,8,0,0,0,0,1,1,6,1,73,10,1598,1,-1,3,1
201450ED2N064,2,9,0,18,0,8,0,0,0,0,3,1,6,2,67,10,1240,1,10,3,1
201450ED2P001,1,9,0,18,0,0,0,0,0,0,1,1,6,2,38,7,1598,1,11,9,1
201450ED2P001,2,9,0,3,0,0,0,0,0,0,2,1,6,2,23,5,1199,1,13,2,1
201450ED2P002,1,9,0,5,0,0,0,0,0,0,4,1,1,3,-1,-1,-1,-1,-1,-1,-1
201450ED2P003,1,9,0,4,0,1,0,0,0,0,1,1,6,1,61,9,1598,1,12,3,1
201450ED2P003,2,9,0,3,0,1,0,0,0,0,2,1,6,2,32,6,1596,1,10,4,1
201450ED2P006,1,9,0,4,9,2,0,0,7,11,1,1,6,1,22,5,1199,1,10,1,1
201450EK2A001,1,9,0,18,0,0,0,0,0,0,3,1,6,2,30,6,1995,2,4,2,1
201450EK2A002,1,9,0,18,0,0,0,0,0,0,1,1,6,3,26,6,-1,-1,-1,4,1
201450EK2A002,2,9,0,18,0,0,0,0,0,0,2,1,6,1,56,9,1896,2,15,8,1
201450EK2A004,1,19,0,1,9,1,0,0,0,0,2,1,6,1,50,8,-1,-1,-1,-1,-1
201450EK2A006,1,9,0,18,0,2,0,0,0,0,1,1,6,1,57,9,1598,2,2,8,3
201450EK2A006,2,9,0,4,0,2,0,0,0,0,2,1,6,1,62,9,1388,1,18,7,1
201450EK2B001,1,9,0,18,0,0,0,0,0,0,1,1,6,1,18,4,1400,1,14,5,1
201450EK2B001,2,2,0,8,0,0,0,0,0,0,2,1,6,1,18,4,398,1,12,5,1
201450EK2B002,1,9,0,18,0,0,0,0,0,0,1,1,6,1,49,8,-1,-1,-1,9,3
201450EK2B002,2,9,0,3,0,0,0,0,0,0,2,1,1,2,45,7,1248,1,3,9,2
201450EK2B003,1,9,0,18,0,1,0,0,1,11,1,1,1,2,21,5,-1,-1,-1,5,1
201450EK2B004,1,9,0,15,0,0,0,0,0,0,1,1,1,2,28,6,1798,1,7,7,1
201450EK2B004,2,3,0,18,0,0,1,0,0,0,3,1,1,1,52,8,123,1,49,10,1
201450EK2B005,1,9,0,12,0,0,0,0,0,0,1,1,2,2,57,9,1242,1,7,6,1
201450EK2B005,2,9,0,4,0,0,0,0,0,0,2,1,2,2,21,5,1149,1,15,6,1
201450EK2B005,3,9,0,18,0,0,0,0,0,0,1,1,1,1,42,7,2720,2,8,8,1
201450EK2B005,4,9,0,18,0,0,0,0,0,0,2,1,1,1,43,7,1956,2,3,7,1
201450EK2B005,5,19,0,18,0,0,0,0,0,0,3,1,1,1,54,8,2402,2,3,-1,1
201450EK2B007,1,9,0,3,0,1,0,0,0,0,1,1,6,2,48,8,999,1,12,5,3
201450EK2B007,2,9,0,10,0,8,0,0,0,0,2,1,2,1,30,6,1560,2,4,5,1
201450EK2B008,1,8,0,9,0,8,0,0,0,0,1,1,1,1,58,9,1997,2,9,7,1
201450EK2B008,2,3,0,18,0,8,0,0,0,0,1,1,6,1,17,4,-1,-1,-1,1,1
201450EK2B009,1,9,0,18,0,0,0,0,0,0,1,1,1,1,46,8,-1,-1,-1,1,1
201450EK2B009,2,9,0,3,0,0,0,0,0,0,2,1,6,2,19,4,1242,1,7,7,1
201450EK2B009,3,9,0,3,0,0,0,0,0,0,2,1,1,1,30,6,-1,-1,-1,7,1
201450EK2B012,1,9,0,18,0,0,0,0,0,0,3,1,6,1,72,10,1896,2,22,8,2
201450EK2B012,2,5,0,18,0,0,0,0,0,0,4,1,2,2,35,6,599,1,6,2,1
201450EK2B015,1,9,0,18,0,1,5,4,0,0,1,1,6,2,30,6,4701,1,14,7,1
201450EK2B015,2,19,0,2,0,1,0,0,0,0,2,1,6,1,31,6,1870,2,8,7,1
201450EK2B016,1,9,0,5,0,6,0,0,0,0,1,1,6,1,41,7,1896,2,12,5,1
201450EK2B016,2,9,0,18,0,8,0,0,0,0,3,1,6,2,58,9,1399,1,8,8,1
201450EK2B016,3,9,0,3,0,1,0,0,0,0,1,1,6,1,55,8,-1,-1,-1,5,1
201450EK2B016,4,9,0,3,0,1,0,0,0,0,1,1,6,1,35,6,1584,1,12,9,1
201450EK2B017,1,9,0,18,0,1,0,0,0,0,1,1,6,1,48,8,1905,2,19,5,3
201450EK2B017,2,9,0,18,0,4,0,0,0,0,2,1,6,1,25,5,-1,-1,-1,8,2
201450EK2B023,1,9,0,18,0,1,0,0,0,0,1,1,6,2,29,6,1896,2,10,5,1
201450EK2B023,2,9,0,3,0,1,0,0,0,0,2,1,3,2,32,6,1248,1,2,9,1
201450EK2B023,3,9,0,3,0,1,0,0,0,0,2,1,2,2,19,4,1242,1,10,6,1
201450EK2B027,1,9,0,18,0,0,0,0,0,0,1,1,6,2,21,5,1598,1,10,8,1
201450EK2B027,2,9,0,18,0,0,0,0,0,0,1,1,6,1,62,9,1590,1,10,9,1
201450EK2B027,3,9,0,3,0,0,0,0,0,0,2,1,6,2,43,7,1560,2,5,6,3
201450EK2B028,1,19,0,18,0,1,0,0,0,0,1,1,2,1,58,9,1968,2,10,5,1
201450EK2B028,2,9,0,8,0,2,0,0,0,0,2,1,6,2,62,9,1896,2,5,5,1
201450EK2B030,1,3,0,17,0,0,0,0,0,0,1,1,6,1,16,4,-1,-1,-1,5,1
201450EK2B030,2,9,0,2,0,0,0,0,0,0,2,1,6,1,28,6,2099,1,11,9,1
201450EK2B031,1,9,0,5,0,0,0,0,0,0,2,1,6,2,44,7,1299,1,12,9,1
201450EK2B036,1,9,0,18,0,4,0,0,0,0,2,1,6,1,34,6,1896,2,14,8,1
201450EK2B036,2,9,0,3,0,4,0,0,0,0,2,1,6,2,39,7,1582,2,4,8,1
201450EK2B037,1,9,0,8,0,4,0,0,0,0,1,1,6,1,-1,-1,1598,1,7,6,1
201450EK2B037,2,1,0,3,0,4,0,0,0,0,1,1,6,1,25,5,-1,-1,-1,3,1
201450EK2B038,1,8,0,5,0,1,0,0,0,0,0,1,6,1,54,8,1598,1,9,3,1
201450EK2B038,2,1,0,18,0,1,0,0,0,0,0,1,6,1,78,11,-1,-1,-1,7,1
201450EK2B040,1,9,0,18,0,4,0,0,0,0,1,1,6,2,62,9,2494,1,16,5,3
201450EK2B040,2,5,0,18,0,8,0,0,0,0,1,1,6,1,52,8,1690,1,-1,7,1
201450EK2B042,1,9,0,7,0,1,0,0,3,10,1,1,6,2,42,7,998,1,14,1,1
201450EK2B043,1,9,0,18,9,1,0,0,7,0,1,1,6,1,79,11,1796,1,19,9,1
201450EK2B043,2,9,0,2,0,1,0,0,0,0,4,1,6,2,51,8,1339,1,2,7,1
201450EK2B043,3,9,0,2,0,1,0,0,0,0,2,1,6,2,26,6,1995,2,11,7,1
201450EK2B045,1,9,0,18,0,0,1,0,0,0,1,1,6,1,41,7,1999,1,2,3,1
201450EK2B045,2,9,0,18,0,0,0,0,0,0,2,1,6,1,43,7,-1,-1,-1,2,1
201450EK2B045,3,9,0,2,0,0,0,0,0,0,2,1,6,1,23,5,1840,1,12,5,1
201450EK2C001,1,9,0,8,0,1,0,0,0,0,2,1,1,2,51,8,1242,1,2,10,1
201450EK2C001,2,9,0,18,0,1,0,0,0,0,1,1,6,1,54,8,2198,1,12,6,1
201450EK2C002,1,9,0,18,0,1,0,0,0,0,1,1,6,1,80,11,1422,2,11,8,2
201450EK2C002,2,9,0,18,0,3,0,10,7,0,4,1,6,1,25,5,1995,2,7,10,1
201450EK2C003,1,9,0,18,0,4,0,0,0,0,1,1,6,2,54,8,1997,2,11,6,3
201450EK2C003,2,9,0,3,0,4,0,0,0,0,2,1,6,2,42,7,1368,1,6,10,1
201450EK2C004,1,9,0,18,0,0,0,0,0,0,1,1,1,2,37,7,1998,1,10,6,1
201450EK2C004,2,9,0,18,0,0,0,0,0,0,2,1,1,2,46,8,1398,2,5,6,1
201450EK2C005,1,9,0,16,0,0,1,0,0,0,2,1,6,2,54,8,1386,1,7,6,1
201450EK2C005,2,9,0,16,0,0,0,0,0,0,1,1,6,2,33,6,1997,2,5,9,1
201450EK2C006,1,4,0,18,0,0,0,0,0,0,0,1,6,3,-1,-1,-1,-1,-1,-1,-1
201450EK2C006,2,4,0,18,0,0,0,0,0,0,0,1,6,3,-1,-1,-1,-1,-1,-1,-1
201450EK2C006,3,4,0,18,0,0,0,0,0,0,0,1,6,3,-1,-1,-1,-1,-1,-1,-1
201450EK2C006,4,16,0,18,0,0,0,0,0,0,0,1,6,2,20,4,-1,-1,-1,2,1
201450EK2C007,1,9,0,18,0,0,0,0,0,0,1,1,6,2,71,10,999,1,5,8,2
201450EK2C007,2,9,0,18,0,0,0,0,0,0,1,1,6,2,61,9,1360,1,5,6,1
201450EK2C008,1,9,0,12,0,3,1,10,1,11,3,1,6,1,51,8,5400,1,4,6,3
201450EK2C010,1,9,0,16,0,0,2,0,0,0,1,1,6,2,49,8,-1,-1,-1,9,2
201450EK2C010,2,19,0,17,0,0,0,0,0,0,1,1,6,1,34,6,1968,2,2,10,1
201450EK2C011,1,9,0,18,0,1,0,0,0,0,1,1,2,1,37,7,1596,1,9,5,2
201450EK2C011,2,9,0,3,0,1,0,0,0,0,2,1,6,1,18,4,1390,1,7,8,2
201450EK2C011,3,9,0,3,0,1,0,0,0,0,2,1,6,1,36,7,1598,1,4,4,1
201450EK2C011,4,9,0,3,0,1,0,0,0,0,2,1,6,2,62,9,-1,-1,-1,7,1
201450EK2C011,5,9,0,3,0,1,0,0,0,0,2,1,6,2,58,9,1339,1,8,5,1
201450EK2C014,1,3,0,17,0,0,2,0,7,9,3,1,1,1,20,4,124,1,9,5,3
201450EK2C015,1,9,0,12,0,0,0,0,4,6,1,1,6,2,58,9,1598,1,4,2,1
201450EK2C016,1,19,0,17,0,0,1,0,0,0,4,1,1,1,24,5,2461,2,13,8,1
201450EK2C016,2,8,0,17,0,0,2,0,0,0,2,1,1,1,52,8,1998,2,8,10,1
201450EK2C016,3,9,0,17,0,0,0,1,0,0,0,1,6,1,54,8,1998,2,10,8,1
201450EK2D001,1,9,0,9,0,5,0,0,0,0,4,1,6,1,67,10,1461,2,4,10,1
201450EK2D001,2,3,0,18,0,1,5,0,0,0,1,1,6,1,20,4,124,1,12,5,1
201450EK2D003,1,9,0,9,0,8,0,0,0,0,1,1,6,1,65,9,1896,2,17,9,3
201450EK2D003,2,9,0,18,0,1,0,0,1,1,1,1,1,1,41,7,-1,-1,-1,8,1
201450EK2D004,1,9,0,18,0,0,0,0,0,0,4,1,6,1,28,6,1989,1,14,3,1
201450EK2D005,1,9,0,16,0,0,1,0,0,0,1,1,6,1,26,6,1990,1,19,4,1
201450EK2D005,2,9,0,18,0,0,0,0,0,0,3,1,6,1,33,6,1997,2,13,5,1
201450EK2E001,1,9,0,4,0,0,1,0,0,0,1,1,2,1,22,5,-1,-1,-1,8,1
201450EK2E001,2,9,0,4,0,0,0,0,0,0,2,1,2,1,48,8,-1,-1,-1,8,1
201450EL2A001,1,9,0,18,0,0,0,0,0,0,1,1,6,1,36,7,1587,1,10,7,1
201450EL2A001,2,9,0,18,0,0,0,0,0,0,2,1,6,1,48,8,1753,2,7,1,1
201450EL2A002,1,9,0,4,0,1,1,0,0,0,1,1,6,2,56,9,-1,-1,-1,3,2
201450EL2A002,2,9,0,3,0,1,0,0,0,0,2,1,6,2,20,4,1242,1,9,7,1