Accident_Index,Vehicle_Reference,Vehicle_Type,Towing_and_Articulation,Vehicle_Manoeuvre,Vehicle_Location-Restricted_Lane,Junction_Location,Skidding_and_Overturning,Hit_Object_in_Carriageway,Vehicle_Leaving_Carriageway,Hit_Object_off_Carriageway,1st_Point_of_Impact,Was_Vehicle_Left_Hand_Drive?,Journey_Purpose_of_Driver,Sex_of_Driver,Age_of_Driver,Age_Band_of_Driver,Engine_Capacity_(CC),Propulsion_Code,Age_of_Vehicle,Driver_IMD_Decile,Driver_Home_Area_Type
201450EL2A002,3,9,0,3,0,1,0,0,0,0,2,1,6,1,21,5,1199,1,15,3,1
201450EL2A002,4,9,0,3,0,1,0,0,0,0,2,1,6,1,35,6,1588,1,15,3,1
201450EL2A004,1,9,0,18,0,0,0,0,0,0,0,1,6,2,27,6,1242,1,11,8,1
201450EL2A004,2,5,0,5,0,0,0,0,0,0,0,1,2,1,31,6,750,1,15,8,1
201450EL2A006,1,3,0,5,0,0,0,0,0,0,1,1,6,1,21,5,125,1,6,7,1
201450EL2A006,2,9,0,4,0,0,0,0,0,0,2,1,6,1,57,9,1560,2,2,5,1
201450EL2A007,1,8,0,4,0,1,1,0,0,0,1,1,1,1,50,8,1794,1,9,2,1
201450EL2A007,2,9,0,3,0,1,0,0,0,0,2,1,6,1,37,7,1149,1,3,8,1
201450EL2A010,1,9,0,9,0,1,0,0,0,0,1,1,6,2,-1,-1,1360,1,10,8,1
201450EL2A010,2,3,0,4,2,1,5,0,0,0,1,1,6,1,51,8,125,1,9,1,1
201450EL2A012,1,3,0,18,0,1,0,0,0,0,1,1,2,1,22,5,124,1,3,9,1
201450EL2A012,2,9,0,9,0,5,0,0,0,0,4,1,6,2,45,7,1686,2,1,7,1
201450EL2A013,1,3,0,18,0,0,2,0,0,0,4,1,6,2,18,4,124,1,8,6,1
201450EL2A014,1,4,0,13,0,1,5,0,0,0,4,1,6,1,17,4,124,1,5,8,1
201450EL2A014,2,9,0,10,0,1,0,0,0,1,3,1,6,2,35,6,1400,1,9,8,1
201450EL2A015,1,9,0,18,0,0,5,7,7,1,1,1,2,1,42,7,1390,1,13,3,1
201450EL2A016,1,9,0,18,0,0,0,4,0,0,1,1,6,1,54,8,1997,2,13,5,1
201450EL2A016,2,19,0,2,0,0,0,0,0,0,2,1,6,3,-1,-1,2198,2,-1,7,1
201450EL2A019,1,20,0,4,0,1,1,0,0,0,1,1,6,1,33,6,-1,-1,-1,5,1
201450EL2A019,2,9,0,3,0,1,0,0,0,0,2,1,6,1,25,5,1597,1,15,8,1
201450EL2A023,1,9,0,18,0,0,0,0,0,0,1,1,6,3,-1,-1,-1,-1,-1,-1,-1
201450EL2A023,2,9,0,18,0,0,0,0,0,0,2,1,2,2,32,6,1998,2,15,4,1
201450EL2A024,1,9,0,9,0,5,0,0,0,0,4,1,6,2,35,6,1124,1,14,7,1
201450EL2A024,2,5,0,18,2,1,0,0,0,0,1,1,6,1,23,5,498,1,14,5,3
201450EL2A025,1,3,0,9,0,6,0,0,0,0,1,1,6,1,19,4,125,1,1,9,1
201450EL2A025,2,9,0,18,0,8,0,0,0,0,4,1,6,1,56,9,1997,2,4,8,1
201450EL2B001,1,9,0,18,0,1,0,0,1,4,1,1,6,1,39,7,3200,2,12,2,1
201450EL2B004,1,9,0,18,0,8,0,0,0,0,3,1,6,2,38,7,1995,1,11,9,1
201450EL2B004,2,1,0,18,0,8,0,0,0,0,1,1,6,1,43,7,-1,-1,-1,5,1
201450EL2B005,1,2,0,17,0,0,0,10,1,0,1,1,2,1,18,4,49,1,8,8,1
201450EL2B006,1,9,0,12,0,2,0,0,0,0,3,1,6,2,35,6,1798,1,13,5,1
201450EL2B006,2,1,0,13,0,2,0,0,0,0,1,1,6,2,42,7,-1,-1,-1,3,1
201450EL2B007,1,9,0,18,0,0,0,0,0,0,1,1,6,1,75,10,1299,1,10,4,1
201450EL2B008,1,1,0,18,0,0,0,0,0,0,1,1,2,1,46,8,-1,-1,-1,2,1
201450EL2C001,1,9,0,18,0,6,0,0,0,0,1,1,6,1,20,4,-1,-1,-1,6,3
201450EL2C001,2,9,0,18,0,6,0,0,0,0,1,1,6,1,42,7,1391,1,14,5,2
201450EL2C001,3,9,0,18,0,6,0,0,0,0,1,1,6,2,21,5,1686,2,10,5,3
201450EL2C001,4,9,0,18,0,6,0,0,0,0,2,1,6,1,61,9,1796,1,14,4,1
201450EL2C001,5,9,0,18,0,6,0,0,0,0,2,1,6,2,24,5,1389,1,18,3,1
201450EL2C002,1,9,0,4,0,1,0,0,0,0,1,1,6,2,-1,-1,1596,1,8,2,1
201450EL2C002,2,9,0,3,0,1,0,0,0,0,2,1,6,1,74,10,1364,1,8,7,1
201450EL2C006,1,9,0,9,0,1,0,0,0,0,3,1,6,1,32,6,1968,2,9,2,1
201450EL2C006,2,97,0,13,0,1,0,0,0,0,1,1,6,1,16,4,49,1,2,2,1
201450EL2C009,1,5,0,18,0,0,1,0,0,0,1,1,6,1,37,7,999,1,3,8,2
201450EL2C009,2,19,0,4,0,0,0,0,0,0,2,1,6,1,45,7,2402,2,13,7,3
201450EL2C010,1,9,0,18,0,0,0,0,0,0,1,1,6,1,-1,-1,1398,2,5,4,1
201450EL2C012,1,9,0,12,0,0,2,0,5,6,1,1,2,1,28,6,1242,1,12,4,1
201450EL2C012,2,21,1,18,0,0,0,0,0,0,3,1,1,1,56,9,10518,2,5,8,1
201450EL2C016,1,19,0,5,0,8,0,0,0,0,1,1,1,1,32,6,2198,2,3,1,1
201450EL2C016,2,9,0,3,0,8,0,0,0,0,2,1,1,1,32,6,-1,-1,-1,1,1
201450EL2C018,1,9,0,15,0,0,0,0,1,0,1,1,6,1,23,5,1896,2,9,2,1
201450EL2C018,2,9,0,2,0,0,0,0,0,0,1,1,6,1,22,5,1796,1,9,5,1
201450EL2C019,1,5,0,16,0,7,0,0,0,0,3,1,6,1,19,4,599,1,10,2,1
201450EL2C020,1,21,0,18,0,0,0,0,0,0,1,1,1,1,60,9,12900,2,7,8,1
201450EL2C020,2,9,0,12,0,0,0,0,0,0,2,1,6,1,81,11,1248,1,3,7,1
201450EL2C021,1,9,0,18,0,8,1,0,0,0,1,1,6,2,50,8,1248,2,6,3,1
201450EL2C021,2,9,0,4,0,8,1,0,0,0,2,1,6,1,24,5,1242,1,15,3,1
201450EL2C023,1,5,0,15,0,3,0,0,0,0,1,1,6,1,25,5,599,1,15,5,2
201450EL2C023,2,9,0,18,0,3,0,0,0,0,4,1,6,1,57,9,1242,1,13,3,1
201450EL2C023,3,9,0,18,0,3,0,0,0,0,0,1,1,1,-1,-1,2993,2,1,-1,-1
201450EL2C024,1,9,0,18,0,0,0,0,1,10,1,1,6,2,31,6,1598,1,9,5,1
201450EL2C025,1,9,0,9,0,5,0,0,0,0,1,1,6,1,42,7,1388,1,17,2,1
201450EL2C025,2,19,0,18,0,1,0,0,1,0,3,1,1,1,30,6,1248,2,6,7,1
201450EL2C027,1,9,0,9,0,4,0,0,0,0,1,1,6,1,24,5,1199,1,11,8,1
201450EL2C027,2,9,0,18,0,4,0,0,0,0,2,1,6,2,23,5,999,1,-1,8,1
201450EL2C028,1,9,0,1,0,0,0,0,0,0,2,1,6,1,54,8,1910,2,14,3,1
201450EL2C028,2,9,0,2,0,0,0,0,0,0,1,1,6,1,26,6,1896,2,17,2,1
201450EL2C029,1,20,1,18,0,8,0,0,0,0,4,1,1,1,61,9,-1,-1,-1,2,1
201450EL2C029,2,9,0,18,0,8,0,0,0,0,3,1,1,1,42,7,1560,2,-1,6,1
201450EL2C030,1,2,0,18,0,1,0,0,0,0,1,1,6,1,18,4,49,1,10,3,1
201450EL2C030,2,9,0,5,0,2,0,0,0,0,3,1,1,1,44,7,1242,1,2,10,1
201450EL2C032,1,9,0,3,0,7,0,0,0,0,1,1,6,1,26,6,1984,1,17,2,1
201450EL2C032,2,9,0,3,0,7,0,0,0,0,2,1,6,1,23,5,1900,2,10,3,1
201450EL2C033,1,9,0,1,0,0,0,0,0,0,0,1,6,2,50,8,1242,1,3,2,1
201450EL2C033,2,5,0,18,0,0,2,10,0,0,0,1,6,1,28,6,749,1,9,2,1
201450EL2C034,1,9,0,4,0,1,0,0,0,0,1,1,6,1,54,8,1975,1,8,4,1
201450EL2C034,2,9,0,3,0,1,0,0,0,0,2,1,6,1,36,7,1597,1,15,3,1
201450EL2C034,3,9,0,3,0,1,0,0,0,0,2,1,6,1,56,9,1461,2,7,8,2
201450EL2C034,4,9,0,3,0,1,0,0,0,0,2,1,6,2,39,7,1587,1,9,-1,-1
201450EL2D003,1,3,0,18,0,0,1,0,0,0,4,1,6,1,43,7,100,1,6,3,1
201450EL2D005,1,9,0,9,0,6,0,0,0,0,1,1,6,1,64,9,1796,1,15,4,1
201450EL2D005,2,9,0,18,0,8,0,0,0,0,1,1,6,1,21,5,1360,1,14,2,1
201450EL2D009,1,9,0,3,0,2,0,0,0,0,1,1,1,2,47,8,1197,1,3,9,1
201450EL2D009,2,9,0,4,0,2,0,0,0,0,2,1,6,2,41,7,1229,1,9,3,1
201450EL2D009,3,9,0,4,0,2,0,0,0,0,2,1,1,1,36,7,-1,-1,-1,7,1
201450EL2D010,1,1,0,13,0,1,0,0,0,0,1,1,6,1,25,5,-1,-1,-1,4,1
201450EL2D010,2,9,0,5,0,1,0,0,0,0,1,1,1,1,58,9,1422,2,7,7,3
201450EL2D014,1,9,0,9,0,6,0,0,0,0,1,1,2,2,47,8,1796,1,14,3,1
201450EL2D014,2,97,0,14,0,8,0,0,0,0,4,1,2,1,46,8,398,1,32,3,1
201450EL2D014,3,19,0,7,0,5,0,0,0,0,0,1,6,3,-1,-1,-1,-1,-1,-1,-1
201450EL2D015,1,9,0,18,0,0,0,0,0,0,1,1,6,1,22,5,1396,1,10,6,1
201450EL2D015,2,9,0,4,0,0,1,0,0,0,1,1,2,2,40,7,698,1,11,5,1
201450EL2D016,1,3,0,18,0,8,1,0,0,0,3,1,2,1,24,5,124,1,3,3,1
201450EL2D016,2,9,0,18,0,8,0,1,0,0,4,1,2,2,44,7,1870,2,3,7,1
201450EL2D017,1,9,0,9,0,1,0,0,0,0,1,1,6,1,30,6,1997,2,11,3,1
201450EL2D017,2,3,0,18,0,1,0,0,0,0,1,1,6,1,24,5,124,1,3,1,1
201450EL2D022,1,19,0,6,0,7,0,0,0,0,1,1,6,1,57,9,1598,2,4,6,3
201450EL2D022,2,5,0,10,0,7,5,0,0,0,3,1,6,1,49,8,645,1,10,2,1
201450EL2D023,1,4,0,18,0,1,0,0,0,0,1,1,6,1,24,5,124,1,12,4,1
201450EL2D023,2,9,0,2,0,1,0,0,0,0,2,1,1,1,42,7,-1,-1,-1,4,1
201450EL2E002,1,3,0,9,0,1,0,0,0,0,1,1,2,1,18,4,124,1,9,8,3
201450EL2E002,2,9,0,18,0,1,0,0,0,0,1,1,2,1,43,7,-1,-1,-1,1,1
201450EL2E004,1,9,0,18,0,0,0,0,0,0,1,1,2,2,43,7,1968,2,8,1,1
201450EL2E005,1,9,0,18,0,8,0,0,0,0,1,1,6,2,53,8,1368,1,7,8,1
201450EL2E005,2,9,0,3,0,8,0,0,0,0,2,1,1,1,53,8,-1,-1,-1,9,1
201450EL2E005,3,9,0,3,0,8,0,0,0,0,2,1,3,2,66,10,1995,2,4,6,1
201450EL2E005,4,9,0,3,0,8,0,0,0,0,2,1,3,1,70,10,-1,-1,-1,3,1
201450EL2E009,1,9,0,18,0,0,0,0,0,0,1,1,6,2,29,6,1796,1,9,-1,-1
201450EL2E009,2,9,0,2,0,0,0,0,0,0,4,1,6,2,49,8,1781,1,14,7,1
201450EL2E011,1,9,0,3,0,1,0,0,0,0,2,1,6,2,18,4,954,1,17,1,1
201450EL2E011,2,9,0,18,0,1,0,0,0,0,1,1,6,1,31,6,1798,1,3,7,1
201450EL2E013,1,9,0,3,0,6,0,0,0,0,1,1,6,1,63,9,1995,2,2,4,1
201450EL2E013,2,9,0,3,0,5,0,0,0,0,2,1,6,1,34,6,1686,2,9,2,1
201450EL2E014,1,9,0,5,0,1,0,0,0,0,1,1,2,2,21,5,1396,1,6,8,1
201450EL2E014,2,9,0,3,0,1,0,0,0,0,2,1,6,2,36,7,1560,2,9,4,1
201450EL2E015,1,9,0,18,0,0,0,0,0,0,1,1,6,1,27,6,-1,-1,-1,4,1
201450EL2E015,2,9,0,18,0,0,0,0,0,0,2,1,6,1,47,8,1560,2,-1,2,1
201450EL2E016,1,9,0,4,0,5,0,0,0,0,1,1,6,1,70,10,1587,1,9,2,1
201450EL2E016,2,9,0,4,0,5,0,0,0,0,1,1,6,1,73,10,2068,2,20,4,1
201450EL2E016,3,9,0,4,0,5,0,0,0,0,2,1,2,2,29,6,1560,2,6,2,1
201450EL2E018,1,9,0,7,0,6,0,0,1,11,1,1,6,1,80,11,2204,2,8,8,1
201450EL2E018,2,90,0,15,2,8,0,0,0,0,4,1,1,1,26,6,2148,2,6,7,1
201450EL2F002,1,9,0,1,0,4,0,0,0,0,2,1,6,3,-1,-1,-1,-1,-1,-1,-1
201450EL2F002,2,9,0,3,0,1,0,0,0,0,1,1,1,1,50,8,1796,1,4,4,1
201450EL2F004,1,9,0,1,0,0,0,0,0,0,2,1,1,2,39,7,2198,1,13,3,1
201450EL2F004,2,9,0,2,0,0,0,0,0,0,2,1,6,1,48,8,1332,1,9,3,1
201450EL2F004,3,9,0,2,0,0,0,0,0,0,2,1,6,1,25,5,1368,1,6,3,1
201450EL2F004,4,9,0,2,0,0,0,0,0,0,3,1,6,2,23,5,1587,1,12,3,1
201450EL2F005,1,19,0,16,0,0,0,0,0,0,1,1,1,1,26,6,2402,2,6,3,1
201450EL2F005,2,9,0,4,0,0,0,0,0,0,1,1,6,1,47,8,4973,1,20,4,1
201450EL2F007,1,9,0,9,0,1,0,0,0,0,1,1,6,2,33,6,1196,1,18,7,1
201450EL2F007,2,3,0,18,0,1,2,0,0,0,4,1,6,1,26,6,100,1,13,3,1
201450EL2F010,1,9,0,18,0,0,0,0,0,0,4,1,6,3,-1,-1,-1,-1,-1,-1,-1
201450EL2F011,1,1,0,16,0,1,5,0,0,0,1,1,2,1,31,6,-1,-1,-1,8,1
201450EL2F011,2,1,0,16,0,1,0,0,0,0,2,1,2,1,41,7,-1,-1,-1,4,1
201450EL2G003,1,19,0,6,0,0,0,0,0,0,3,1,1,1,33,6,1598,2,3,4,1
201450EL2G003,2,3,0,18,0,0,0,0,0,0,1,1,6,1,21,5,124,1,1,3,1
201450EL2G005,1,9,0,4,0,0,0,0,0,0,1,1,1,2,20,4,1299,1,12,2,1
201450EL2G005,2,9,0,3,0,0,0,0,0,0,2,1,3,1,46,8,1997,2,10,1,1
201450EL2G007,1,5,0,16,0,0,0,10,8,10,0,1,6,1,22,5,1157,1,10,3,1
201450EL2G007,2,9,0,17,0,0,0,0,0,0,4,1,6,2,71,10,1461,2,3,9,1
201450EL2G009,1,9,0,18,0,1,0,0,0,0,4,1,6,3,-1,-1,-1,-1,-1,-1,-1
201450EL2G012,1,9,0,18,0,1,0,0,0,0,1,1,6,2,26,6,1242,1,3,1,1
201450EL2G012,2,9,0,3,0,1,0,0,0,0,2,1,6,2,56,9,1422,2,5,5,1
201450EL2G013,1,9,0,9,0,8,0,0,0,0,1,1,1,2,23,5,1360,1,8,3,1
201450EL2G013,2,9,0,18,0,1,0,0,0,0,1,1,1,2,45,7,1197,1,-1,8,1
201450EL2G014,1,9,0,18,0,1,0,0,0,0,1,1,6,3,-1,-1,1596,1,3,-1,-1
201450EL2G014,2,9,0,3,0,1,0,0,0,0,2,1,6,2,18,4,973,1,12,3,1
201450EL2G018,1,11,0,18,0,0,0,0,0,0,1,1,1,1,53,8,6700,2,6,2,1
201450EL2G022,1,9,0,11,0,1,0,0,0,0,1,1,6,3,-1,-1,1490,1,8,-1,-1
201450EL2G022,2,9,0,18,0,1,0,0,0,0,2,1,6,1,53,8,-1,-1,-1,1,1
201450EL2G024,1,19,0,9,0,6,0,0,0,0,1,1,6,1,42,7,2148,2,4,9,1
201450EL2G024,2,9,0,18,0,1,0,0,0,0,1,1,6,2,56,9,1997,2,4,3,1
201450EL2G024,3,9,0,18,0,1,0,0,0,0,3,1,6,2,59,9,1598,1,12,1,1
201450EL2G024,4,9,0,2,0,1,0,0,0,0,4,1,6,2,33,6,1598,2,1,4,3
201450EL2G024,5,9,0,2,0,1,0,0,0,0,1,1,6,2,36,7,989,1,11,1,1
201450EL2G024,6,9,0,2,0,1,0,0,0,0,1,1,6,2,27,6,1999,1,6,3,1
201450EL2G028,1,9,0,18,0,1,0,0,0,0,1,1,6,1,64,9,-1,-1,-1,4,1
201450EL2H002,1,8,0,18,0,1,0,0,0,0,1,1,2,1,34,6,1753,2,6,1,1
201450EL2H002,2,9,0,18,0,5,1,0,0,0,4,1,6,1,21,5,1149,1,14,7,1
201450EL2H002,3,9,0,8,0,1,0,0,0,0,3,1,2,1,50,8,2987,2,7,5,1
201450EL2H003,1,3,0,18,0,8,0,0,0,0,4,1,6,1,19,4,102,1,9,1,1
201450EL2H003,2,9,0,9,0,1,0,0,0,0,1,1,6,2,19,4,1360,1,14,3,1
201450EL2H006,1,9,0,18,2,1,0,0,0,0,1,1,6,2,45,7,1587,1,8,3,1
201450EL2H006,2,8,0,18,2,1,0,0,1,0,1,1,1,1,56,9,1997,2,8,6,3
201450EL2J004,1,9,0,18,0,8,0,0,0,0,1,1,6,1,22,5,1990,1,22,3,1
201450EL2J004,2,9,0,18,0,8,0,0,0,0,3,1,6,2,18,4,973,1,13,2,1
201450EL2J005,1,9,0,18,0,0,0,0,0,0,0,1,6,3,-1,-1,-1,-1,-1,-1,-1
201450EL2J012,1,9,0,18,0,0,0,7,0,2,1,1,2,2,20,4,998,1,2,2,1
201450EL2J013,1,9,0,18,0,0,1,0,0,0,1,1,6,2,24,5,1587,1,13,1,1
201450EL2J013,2,9,0,2,6,0,0,0,0,0,3,1,6,1,-1,-1,1870,2,11,2,1
201450EL2J014,1,9,0,18,0,0,0,10,0,0,4,1,6,1,33,6,1998,2,9,2,1
201450EL2J015,1,9,0,18,0,0,5,0,2,10,4,1,6,1,18,4,1590,1,9,4,1
201450EL2K002,1,9,0,5,0,4,0,0,0,0,1,1,6,1,57,9,1986,2,7,5,3
201450EL2K002,2,1,0,11,0,8,0,0,0,0,2,1,2,1,46,8,-1,-1,-1,7,3
201450EL2K004,1,9,0,18,0,0,0,0,0,0,1,1,6,1,44,7,1895,1,15,1,1
201450EL2K004,2,9,0,2,0,0,0,0,0,0,1,1,6,2,44,7,1895,1,15,1,1
201450EL2K005,1,19,0,9,0,6,0,0,0,0,1,1,2,1,29,6,2148,2,5,2,1
201450EL2K005,2,9,0,16,0,8,0,0,1,4,3,1,2,1,46,8,1796,1,14,1,1
201450EL2K006,1,9,0,5,0,4,0,0,0,0,1,1,2,1,58,9,1998,1,13,7,1
201450EL2K006,2,1,0,18,0,3,0,0,0,0,4,1,2,1,41,7,-1,-1,-1,5,1
201450EL2K008,1,9,0,18,0,2,0,0,0,0,0,1,6,1,78,11,1389,1,19,2,1
201450EL2K010,1,9,0,5,0,0,0,0,0,0,1,1,6,1,76,11,1390,1,11,3,1
201450EL2K010,2,5,0,14,0,0,0,0,0,0,1,1,6,1,19,4,599,1,16,5,1
201450EL2K012,1,9,0,18,0,0,0,0,0,0,1,1,6,2,20,4,1596,1,8,4,3
201450EL2K012,2,9,0,4,0,0,0,0,0,0,2,1,6,1,52,8,1587,1,14,7,1
201450EL2K012,3,9,0,4,0,0,0,0,0,0,2,1,6,1,40,7,2199,2,-1,3,1
201450EL2K013,1,9,0,18,0,0,0,0,0,0,1,1,6,2,17,4,1390,1,12,5,2
201450EL2K013,2,9,0,18,0,0,0,0,0,0,2,1,6,1,30,6,2143,2,4,2,1
201450EL2K014,1,9,0,18,0,1,0,0,0,0,1,1,6,3,-1,-1,1598,1,15,-1,-1
201450EL2K014,2,9,0,9,0,8,1,10,1,0,4,1,1,2,38,7,1598,2,1,7,1
201450EL2K015,1,1,0,4,0,1,0,0,0,0,1,1,2,1,20,4,-1,-1,-1,2,1
201450EL2K015,2,9,0,9,0,6,0,0,0,0,1,1,6,3,-1,-1,-1,-1,-1,-1,-1
201450EL2K017,1,20,0,18,0,4,0,0,0,0,1,1,6,1,-1,-1,-1,-1,-1,5,2
201450EL2K017,2,20,0,4,0,4,0,0,0,0,2,1,2,1,50,8,-1,-1,-1,1,1
201450EL2K018,1,9,0,4,0,0,0,0,0,0,1,1,6,2,20,4,1686,2,-1,-1,-1
201450EL2K018,2,9,0,4,0,0,0,0,0,0,2,1,6,2,20,4,898,1,1,-1,-1
201450EL2K018,3,9,0,3,0,0,0,0,0,0,2,1,6,1,40,7,2393,1,15,5,3
201450EL2K019,1,9,0,18,0,0,0,4,0,0,1,1,1,1,31,6,-1,-1,-1,2,1
201450EL2K019,2,19,0,2,0,0,0,0,0,0,2,1,6,1,-1,-1,2402,2,3,-1,-1
201450EL2L001,1,9,0,13,0,8,0,0,0,0,1,1,6,1,50,8,1997,2,6,1,1
201450EL2L001,2,9,0,9,0,8,0,0,0,0,1,1,6,2,48,8,1198,1,1,1,1
201450EL2L001,3,9,0,3,0,8,0,0,0,0,1,1,6,1,60,9,-1,-1,-1,1,1
201450EL2L002,1,19,0,9,0,2,0,0,0,0,4,1,6,1,60,9,2198,2,1,3,1
201450EL2L002,2,9,0,3,0,2,0,0,0,0,2,1,6,2,-1,-1,-1,-1,-1,-1,-1
201450EL2L003,1,19,0,18,0,2,0,0,0,0,1,1,6,1,42,7,2402,2,7,3,1
201450EL2L003,2,9,0,18,0,1,0,0,0,0,1,1,6,1,45,7,1596,1,3,3,1
201450EL2L005,1,9,0,7,0,5,0,0,0,0,4,1,1,1,45,7,1360,1,11,4,1
201450EL2L005,2,1,0,18,4,1,0,0,0,0,3,1,6,1,44,7,-1,-1,-1,4,1
201450EL2L006,1,9,0,4,0,7,0,0,0,0,2,1,6,2,28,6,1598,2,-1,2,1
201450EL2L006,2,9,0,12,0,7,1,0,0,0,1,1,1,1,47,8,-1,-1,-1,2,1
201450EL2L007,1,9,0,18,0,0,0,4,0,0,1,1,6,1,33,6,2457,1,4,3,1
201450EL2L007,2,9,0,2,0,0,0,0,0,0,1,1,6,1,37,7,1998,1,20,3,1
201450EL2L007,3,9,0,2,0,0,0,0,0,0,1,1,6,2,34,6,1968,2,4,3,1
201450EL2L007,4,9,0,2,0,0,0,0,0,0,1,1,6,2,62,9,1461,2,2,3,1
201450EL2L007,5,9,0,5,0,0,0,0,0,0,0,1,6,2,56,9,1796,1,12,3,1
201450EL2L008,1,9,0,9,0,5,0,0,0,0,4,1,6,1,50,8,1753,2,16,3,1
201450EL2L008,2,1,0,15,0,1,0,0,0,0,1,1,1,2,26,6,-1,-1,-1,5,1
201450EL2L009,1,9,0,18,0,0,0,0,0,0,1,1,6,1,30,6,1896,1,15,-1,-1
201450EL2L010,1,9,0,4,0,1,0,0,0,0,1,1,6,1,20,4,1242,1,12,3,1
201450EL2L010,2,9,0,7,0,5,0,0,1,10,2,1,2,1,49,8,-1,-1,-1,1,1
201450EL2L010,3,9,0,2,0,1,0,0,0,0,4,1,6,1,71,10,1998,1,-1,6,3
201450EL2L012,1,9,0,4,0,1,0,0,0,0,1,1,6,1,43,7,1596,1,15,5,1
201450EL2L012,2,9,0,3,0,1,0,0,0,0,2,1,3,2,22,5,1390,1,6,7,1
201450EL2L013,1,9,0,18,0,0,0,0,0,0,1,1,6,2,44,7,1896,2,12,7,3
201450EL2L013,2,9,0,3,0,0,0,0,0,0,2,1,6,2,64,9,1299,1,7,5,1
201450EL2L013,3,9,0,3,0,0,0,0,0,0,2,1,3,2,30,6,1995,2,11,1,1
201450EL2L015,1,9,0,17,0,0,1,0,4,6,3,1,6,2,18,4,1390,1,16,10,1
201450EL2L015,2,9,0,17,0,0,0,1,2,0,1,1,6,1,35,6,2183,2,4,7,1
201450EL2L016,1,9,0,18,0,1,0,0,0,0,3,1,6,2,43,7,1896,2,14,5,1
201450EL2L016,2,1,0,18,0,1,0,0,0,0,1,1,6,1,-1,-1,-1,-1,-1,-1,-1
201450EL2L017,1,9,0,5,0,4,0,0,0,0,4,1,6,2,43,7,1600,1,3,2,1
201450EL2L017,2,1,0,18,0,1,0,0,0,0,1,1,6,1,-1,-1,-1,-1,-1,-1,-1
201450EL2L017,3,9,0,3,0,1,0,0,0,0,2,1,6,2,53,8,998,1,2,3,1
201450EL2L018,1,9,0,7,0,2,0,0,1,4,1,1,6,1,23,5,1781,1,13,4,1
201450EL2L023,1,2,0,2,0,2,0,0,0,0,1,1,6,1,21,5,49,1,10,1,1
201450EL2L023,2,9,0,18,0,2,0,0,0,0,1,1,6,3,-1,-1,-1,-1,-1,-1,-1
201450EL2L025,1,9,0,18,0,7,0,0,0,0,1,1,1,1,32,6,1796,1,14,1,1
201450EL2L025,2,9,0,18,0,7,0,0,0,0,2,1,6,1,54,8,1997,2,10,3,1
201450EL2L025,3,9,0,3,0,7,0,0,0,0,2,1,1,2,53,8,-1,-1,-1,9,1
201450EL2L026,1,9,0,18,0,0,0,0,0,0,1,1,6,1,52,8,1995,1,13,1,1
201450EL2L026,2,9,0,3,0,0,0,0,0,0,2,1,1,1,52,8,2967,2,2,6,3
201450EL2L028,1,9,0,18,0,0,0,0,0,0,1,1,6,1,53,8,-1,-1,-1,2,1
201450EL2L028,2,9,0,3,0,0,0,0,0,0,2,1,6,1,61,9,2435,1,16,8,1
201450EL2L028,3,9,0,3,0,0,0,0,0,0,2,1,6,1,38,7,1598,1,11,2,1
201450EL2L029,1,9,0,13,0,0,0,0,0,0,0,1,6,3,-1,-1,-1,-1,-1,-1,-1
201450EL2L029,2,11,0,5,0,0,0,0,0,0,0,1,1,1,57,9,7300,2,13,2,1
201450EL2M002,1,9,0,18,0,1,0,0,0,0,1,1,6,1,42,7,-1,-1,-1,8,1
201450EL2M002,2,9,0,3,0,1,0,0,0,0,2,1,6,2,-1,-1,1198,1,1,5,1
201450EL2M002,3,9,0,3,0,1,0,0,0,0,2,1,6,1,68,10,1390,1,12,3,1
201450EL2M003,1,9,0,7,0,1,0,0,0,0,4,1,6,2,23,5,1598,1,4,3,1
201450EL2M003,2,1,0,18,0,1,0,0,0,0,1,1,6,1,63,9,-1,-1,-1,2,1
201450EL2M004,1,9,0,18,0,7,0,0,0,0,1,1,2,1,17,4,1199,1,10,3,1
201450EL2M004,2,1,0,18,0,8,0,0,1,10,2,1,2,1,32,6,-1,-1,-1,5,1
201450EL2M005,1,9,0,4,0,1,0,0,0,0,1,1,6,1,-1,-1,-1,-1,-1,-1,-1
201450EL2M005,2,9,0,3,0,1,0,0,0,0,2,1,2,2,39,7,1390,1,2,10,1
201450EL2M007,1,9,0,7,0,5,0,0,0,0,4,1,6,2,26,6,1598,1,11,1,1
201450EL2M007,2,1,0,18,0,1,0,0,0,0,0,1,6,1,49,8,-1,-1,-1,2,1
201450EL2M011,1,9,0,12,0,1,0,0,0,0,2,1,6,3,-1,-1,-1,-1,-1,-1,-1
201450EL2M011,2,1,0,18,0,1,0,0,0,0,3,1,1,1,59,9,-1,-1,-1,7,1
201450EL2M015,1,9,0,4,0,0,0,0,0,0,1,1,2,2,61,9,1598,1,2,3,1
201450EL2M015,2,9,0,4,0,0,0,0,0,0,2,1,2,2,70,10,1348,1,13,7,1
201450EL2M015,3,9,0,4,0,0,0,0,0,0,2,1,2,2,56,9,1587,1,8,4,1
201450EL2O002,1,9,0,16,0,0,1,0,0,0,1,1,6,2,22,5,1229,1,5,5,1
201450EL2O003,1,9,0,18,0,0,0,0,0,0,1,1,6,2,73,10,1299,1,13,-1,-1
201450EL2O003,2,9,0,3,0,0,0,0,0,0,2,1,6,2,39,7,1968,2,6,8,1
201450EL2O003,3,9,0,3,0,0,0,0,0,0,0,1,6,2,27,6,1582,2,1,8,3
201450EL2O004,1,9,0,9,0,6,0,0,0,0,1,1,6,1,84,11,1956,2,-1,8,1
201450EL2O004,2,9,0,18,0,1,0,0,0,0,1,1,6,2,44,7,1598,1,13,3,1
201450EL2P001,1,9,0,18,0,0,1,0,1,4,1,1,6,1,21,5,1598,1,10,9,1
201450EL2P002,1,9,0,5,0,4,0,0,0,0,1,1,6,1,55,8,998,1,11,4,2
201450EL2P002,2,1,0,18,0,8,0,0,0,0,1,1,6,1,30,6,-1,-1,-1,4,1
201450EL2P003,1,9,0,4,0,0,0,0,0,0,1,1,2,2,35,6,1108,1,6,5,2