Accident_Index,Vehicle_Reference,Vehicle_Type,Towing_and_Articulation,Vehicle_Manoeuvre,Vehicle_Location-Restricted_Lane,Junction_Location,Skidding_and_Overturning,Hit_Object_in_Carriageway,Vehicle_Leaving_Carriageway,Hit_Object_off_Carriageway,1st_Point_of_Impact,Was_Vehicle_Left_Hand_Drive?,Journey_Purpose_of_Driver,Sex_of_Driver,Age_of_Driver,Age_Band_of_Driver,Engine_Capacity_(CC),Propulsion_Code,Age_of_Vehicle,Driver_IMD_Decile,Driver_Home_Area_Type
201450JK2G004,2,19,0,18,0,0,0,0,0,0,1,1,1,1,37,7,2463,2,9,8,1
201450JK2G004,3,9,0,18,0,0,0,0,0,0,3,1,1,2,-1,-1,1596,1,5,9,2
201450JK2G006,1,3,0,13,0,0,0,0,0,0,1,1,6,1,20,4,124,1,6,7,3
201450JK2G006,2,9,0,18,0,0,0,0,0,0,1,1,6,1,86,11,2497,2,19,6,3
201450JK2G007,1,9,0,18,0,0,1,0,7,10,3,1,6,2,59,9,1124,1,9,8,2
201450JK2H001,1,9,0,17,0,0,2,0,1,2,1,1,6,1,26,6,1360,1,13,7,2
201450JK2H003,1,9,0,3,0,8,0,0,0,0,4,1,6,1,89,11,2179,2,3,7,3
201450JK2H005,1,9,0,18,0,0,0,0,0,0,4,1,6,2,38,7,2179,2,4,7,1
201450JK2H012,1,9,0,16,0,0,1,0,7,11,1,1,6,2,31,6,1399,2,11,7,3
201450JK2I002,1,3,0,4,0,4,1,0,7,1,1,1,6,1,20,4,125,1,13,5,1
201450JK2I003,1,9,0,16,0,1,5,0,0,10,4,1,2,1,19,4,1596,1,14,9,3
201450JK2I003,2,9,0,9,0,2,0,0,0,0,1,1,6,2,67,10,1248,2,9,5,3
201450JK2I004,1,9,0,18,0,1,0,0,0,0,1,1,6,1,44,7,5000,1,4,7,3
201450JK2I004,2,9,0,18,0,1,0,0,0,0,2,1,6,1,24,5,1248,2,10,10,1
201450JK2J002,1,9,0,18,0,0,0,0,1,10,1,1,6,1,29,6,1368,1,6,7,1
201450JK2J002,2,19,0,18,0,0,0,0,0,0,1,1,1,1,53,8,1896,2,5,8,1
201450JK2J003,1,9,0,18,0,0,0,0,0,0,4,1,6,1,56,9,1199,1,11,3,1
201450JK2K002,1,9,0,4,0,1,0,0,0,0,1,1,1,2,35,6,1995,1,11,7,2
201450JK2K002,2,9,0,4,0,1,0,0,0,0,2,1,6,2,42,7,-1,-1,-1,6,3
201450JK2K003,1,9,0,10,0,1,0,0,0,0,2,1,6,1,33,6,1685,2,3,8,2
201450JK2K003,2,19,0,18,0,1,0,0,0,0,1,1,2,1,42,7,2402,2,11,1,1
201450JK2K004,1,9,0,18,0,1,0,0,0,0,3,1,6,1,83,11,1591,1,2,6,1
201450JK2K004,2,9,0,4,0,1,0,0,0,0,4,1,6,1,23,5,1598,1,4,9,1
201450JK2K008,1,9,0,13,0,0,0,0,0,0,1,1,6,1,57,9,2143,2,2,10,1
201450JK2K008,2,9,0,18,0,0,0,0,0,0,1,1,6,2,52,8,1598,1,6,7,2
201450JK2M001,1,21,0,18,0,1,0,0,0,0,1,1,1,1,59,9,9200,2,7,6,3
201450JK2M001,2,9,0,4,0,1,0,0,0,0,2,1,6,1,18,4,1896,2,11,4,2
201450JK2M001,3,9,0,10,0,5,0,0,0,0,2,1,6,2,53,8,2316,1,21,5,2
201450JK2M002,1,9,0,13,0,1,1,0,0,0,1,1,6,1,26,6,1596,1,14,7,2
201450JK2M002,2,20,0,9,0,1,0,0,0,0,1,1,1,1,31,6,-1,-1,-1,6,3
201450JK2M003,1,9,0,17,0,1,0,0,0,0,3,1,1,1,45,7,-1,-1,-1,6,2
201450JK2M003,2,9,0,18,0,1,0,0,0,1,1,1,6,1,41,7,-1,-1,-1,5,1
201450JK2M003,3,9,0,18,0,1,0,0,0,0,1,1,6,1,44,7,1242,1,11,10,1
201450JK2N001,1,19,0,18,0,0,0,0,7,4,1,1,1,1,32,6,2198,2,1,5,2
201450JK2O001,1,9,0,3,0,0,0,0,0,0,3,1,6,2,50,8,1598,1,7,8,2
201450JK2O001,2,3,0,18,0,0,0,0,0,0,0,1,6,1,17,4,124,1,11,7,3
201450JK2P002,1,1,0,18,0,0,0,0,0,0,1,1,6,1,47,8,-1,-1,-1,10,1
201450JK2P002,2,1,0,18,0,0,0,0,0,0,2,1,6,1,56,9,-1,-1,-1,6,1
201450JK2P003,1,8,0,18,0,0,0,0,0,0,0,1,1,1,60,9,1910,2,8,4,2
201450JK2Q001,1,5,0,16,0,0,0,0,0,0,1,1,6,1,24,5,-1,-1,-1,5,3
201450JK2Q001,2,9,0,17,0,0,0,0,0,0,1,1,6,2,68,10,1360,1,9,7,2
201450JK2Q002,1,9,0,18,0,0,2,0,7,8,1,1,6,1,37,7,1896,1,18,8,2
201450JK2Q004,1,11,0,17,0,0,0,0,0,4,1,1,3,2,32,6,8268,2,12,6,2
201450JK2V002,1,9,0,5,0,8,0,0,0,0,1,1,2,2,22,5,1798,1,5,4,2
201450JK2V002,2,19,0,18,0,1,0,0,0,0,1,1,2,1,33,6,1997,2,10,7,2
201450JK2V003,1,9,0,18,0,1,0,0,0,0,1,1,6,2,66,10,1086,1,8,7,3
201450JK2V003,2,9,0,7,0,1,0,0,0,0,2,1,6,2,61,9,1590,1,16,7,3
201450JK2V004,1,9,0,7,0,5,0,0,0,0,1,1,6,2,79,11,1590,1,10,6,2
201450JK2V004,2,9,0,18,0,1,0,0,0,0,1,1,6,2,68,10,1388,1,10,6,3
201450JK2X001,1,9,0,18,0,0,0,0,2,10,4,1,6,1,52,8,-1,-1,-1,6,3
201450JK2X001,2,19,0,3,0,0,0,0,0,0,1,1,6,2,24,5,1868,2,8,5,1
201450JK2Y002,1,9,0,18,0,8,0,0,0,0,3,1,3,2,-1,-1,1198,1,9,7,3
201450JK2Y002,2,9,0,2,0,2,0,0,0,0,3,1,6,2,-1,-1,1998,1,16,4,2
201450JK2Y003,1,9,0,18,0,0,5,0,0,0,4,1,2,2,27,6,1598,1,7,9,3
201450JK2Y006,1,9,0,18,0,1,0,0,0,0,1,1,6,1,51,8,1299,1,14,7,3
201450JK2Y007,1,4,0,18,0,8,0,0,0,0,3,1,6,1,20,4,249,1,5,7,3
201450JN2A001,1,9,0,18,0,1,1,0,0,0,1,1,6,2,46,8,-1,-1,-1,7,3
201450JN2A001,2,19,0,3,0,1,0,0,0,0,2,1,6,1,49,8,1560,2,3,4,3
201450JN2A002,1,3,0,18,0,0,0,0,0,0,1,1,2,1,46,8,124,1,9,6,1
201450JN2A002,2,9,0,3,0,0,0,0,0,0,1,1,6,1,35,6,1598,1,14,2,1
201450JN2A003,1,9,0,4,0,2,0,0,0,0,1,1,6,1,30,6,1398,2,10,8,1
201450JN2A003,2,9,0,5,0,2,0,0,0,0,2,1,6,1,32,6,1998,2,8,6,1
201450JN2A003,3,9,0,5,0,2,0,0,0,0,2,1,6,1,55,8,1686,2,9,6,2
201450JN2A006,1,9,0,17,0,0,0,0,0,0,1,1,6,1,25,5,1998,1,10,4,1
201450JN2A006,2,19,0,2,0,0,0,0,0,0,4,1,6,1,25,5,1399,2,5,2,1
201450JN2A006,3,9,0,2,0,0,0,0,0,0,4,1,6,1,43,7,1998,1,7,2,1
201450JN2A008,1,9,0,18,0,0,1,0,0,0,1,1,6,1,46,8,2493,8,1,3,1
201450JN2A008,2,9,0,18,0,0,0,11,0,0,2,1,6,2,58,9,2199,2,2,6,3
201450JN2A010,1,9,0,18,0,0,1,0,0,0,1,1,6,2,57,9,1248,1,3,10,1
201450JN2A010,2,9,0,18,0,0,0,0,0,0,2,1,6,2,24,5,989,1,8,5,2
201450JN2A010,3,9,0,18,0,0,0,0,0,0,0,1,6,3,-1,-1,-1,-1,-1,-1,-1
201450JN2A013,1,9,0,12,0,0,0,0,0,0,3,1,6,3,-1,-1,-1,-1,-1,-1,-1
201450JN2A013,2,5,0,14,0,0,0,0,0,0,4,1,6,1,26,6,998,1,9,10,2
201450JN2A018,1,9,0,4,0,0,0,0,4,0,1,1,6,1,65,9,1596,1,9,8,2
201450JN2A018,2,9,0,4,0,0,0,0,0,0,4,1,6,1,47,8,-1,-1,-1,7,3
201450JN2A018,3,9,0,4,0,0,0,0,0,0,2,1,6,2,55,8,1998,1,17,1,1
201450JN2A021,1,9,0,12,0,4,0,0,0,0,4,1,6,1,41,7,1896,2,8,5,1
201450JN2A021,2,9,0,18,0,4,0,0,0,0,3,1,6,2,36,7,1560,2,7,7,2
201450JN2A024,1,9,0,9,0,7,0,0,0,0,1,1,6,1,51,8,1598,1,10,4,1
201450JN2A024,2,3,0,18,0,1,0,0,0,0,1,1,6,1,34,6,125,1,15,3,1
201450JN2A027,1,9,0,18,0,1,0,0,0,0,1,1,6,2,32,6,-1,-1,-1,3,1
201450JN2B001,1,9,0,9,0,8,0,0,0,0,1,1,6,1,35,6,1753,2,4,8,1
201450JN2B001,2,3,0,18,0,1,0,0,1,11,1,1,6,1,17,4,124,1,24,6,1
201450JN2B003,1,9,0,16,0,0,0,0,0,0,1,1,6,2,65,9,1360,1,8,6,1
201450JN2B005,1,3,0,18,0,8,0,0,0,0,4,1,6,1,53,8,125,1,1,1,1
201450JN2B005,2,9,0,18,0,8,0,0,0,0,3,1,2,1,36,7,1994,2,11,8,3
201450JN2B006,1,9,0,4,0,0,0,0,0,0,0,1,6,2,31,6,2295,1,13,5,1
201450JN2B006,2,9,0,3,0,0,0,0,0,0,0,1,6,1,50,8,-1,-1,-1,6,1
201450JN2B012,1,4,0,18,0,2,0,0,1,7,2,1,6,1,59,9,500,1,-1,8,3
201450JN2B012,2,9,0,18,0,2,0,0,1,7,1,1,6,2,39,7,1332,1,17,5,1
201450JN2B015,1,9,0,16,0,0,1,0,0,0,1,1,6,2,21,5,1997,2,11,10,2
201450JN2B015,2,9,0,3,0,0,0,0,0,0,2,1,6,2,40,7,1242,1,5,6,1
201450JN2B015,3,21,1,3,0,0,0,0,0,0,2,1,1,1,47,8,12900,2,6,7,2
201450JN2B017,1,9,0,18,0,8,0,0,0,0,1,1,6,1,23,5,2495,2,25,3,1
201450JN2B017,2,9,0,18,0,8,0,0,3,11,3,1,6,1,17,4,1124,1,11,4,1
201450JN2B019,1,9,0,9,0,4,0,0,0,0,1,1,6,2,80,11,1248,2,1,6,2
201450JN2B019,2,9,0,9,0,8,0,0,3,11,1,1,6,2,59,9,1124,1,8,5,2
201450JN2B020,1,9,0,18,0,6,0,0,0,0,1,1,6,2,-1,-1,1242,1,11,6,1
201450JN2B020,2,3,0,18,0,1,0,0,0,0,1,1,1,1,23,5,125,1,4,2,1
201450JN2B021,1,9,0,18,0,0,1,0,7,0,4,1,6,1,41,7,1796,1,14,5,2
201450JN2B021,2,1,0,18,0,0,1,0,7,0,3,1,6,1,40,7,-1,-1,-1,6,2
201450JN2B023,1,1,0,14,0,1,0,0,0,0,1,1,2,1,40,7,-1,-1,-1,1,1
201450JN2B023,2,9,0,5,0,8,0,0,0,0,1,1,6,1,35,6,1896,2,4,5,1
201450JN2B024,1,9,0,8,0,6,0,0,0,0,1,1,6,1,59,9,-1,-1,-1,1,1
201450JN2B024,2,9,0,18,0,1,0,0,0,0,3,1,1,2,27,6,1124,1,6,5,1
201450JN2C001,1,9,0,18,0,1,0,0,0,0,1,1,2,2,21,5,1298,1,12,10,1
201450JN2C001,2,9,0,18,0,1,0,0,0,0,2,1,2,2,39,7,1390,1,11,3,1
201450JN2C002,1,9,0,18,0,1,0,0,0,0,1,1,6,1,90,11,1275,1,19,8,1
201450JN2C002,2,9,0,3,0,1,0,0,0,0,2,1,6,1,62,9,2184,2,22,6,2
201450JN2C003,1,3,0,18,0,0,1,0,0,0,1,1,6,1,18,4,124,1,2,1,1
201450JN2C005,1,21,0,18,0,0,0,0,0,0,1,1,1,1,45,7,6692,2,4,5,1
201450JN2C005,2,20,0,18,0,0,0,0,0,0,2,1,1,1,38,7,4580,2,6,4,2
201450JN2D002,1,19,0,4,0,0,0,0,0,0,2,1,1,1,48,8,2198,2,4,1,1
201450JN2D002,2,9,0,4,0,0,1,0,0,0,1,1,2,1,25,5,1596,1,13,1,1
201450JN2D002,3,9,0,4,0,0,0,0,0,0,0,1,6,1,65,9,1686,2,1,3,1
201450JN2E001,1,9,0,18,0,0,0,0,0,0,1,1,6,2,55,8,1998,2,7,6,3
201450JN2E001,2,9,0,5,0,0,0,0,0,0,2,1,6,1,50,8,1995,2,6,7,2
201450JN2E004,1,9,0,18,0,0,0,0,0,0,1,1,6,3,-1,-1,1598,1,2,-1,-1
201450JN2E004,2,1,0,17,0,0,0,0,0,0,3,1,6,1,56,9,-1,-1,-1,9,1
201450JN2E005,1,9,0,18,0,1,0,0,0,0,4,1,6,1,61,9,-1,-1,-1,8,1
201450JN2E005,2,1,0,18,4,1,0,0,0,0,3,1,6,1,26,6,-1,-1,-1,6,1
201450JN2E006,1,9,0,17,0,2,0,0,0,0,1,1,6,1,19,4,1910,2,8,8,2
201450JN2E006,2,9,0,16,0,1,0,0,1,11,1,1,2,2,22,5,1360,1,15,5,2
201450JN2E007,1,2,0,18,0,1,0,0,0,0,1,1,2,1,18,4,49,1,3,8,1
201450JN2E007,2,9,0,9,0,6,0,0,0,0,1,1,6,1,72,10,1598,1,7,8,1
201450JN2E009,1,9,0,18,0,0,0,0,7,2,1,1,2,1,25,5,1800,1,15,5,1
201450JN2E012,1,9,0,9,0,5,0,0,0,0,4,1,6,2,59,9,1598,1,7,8,2
201450JN2E012,2,1,0,18,4,8,0,0,0,0,1,1,6,1,77,11,-1,-1,-1,9,1
201450JN2E014,1,9,0,18,0,8,0,0,0,0,1,1,6,1,61,9,1798,1,4,6,2
201450JN2E015,1,9,0,5,0,8,0,0,0,0,3,1,6,1,72,10,1390,1,2,8,3
201450JN2E015,2,1,0,18,0,8,0,0,0,0,1,1,6,1,18,4,-1,-1,-1,4,1
201450JN2E017,1,9,0,16,0,0,0,0,0,0,3,1,6,1,71,10,1910,2,7,9,3
201450JN2E017,2,9,0,17,0,0,0,0,1,10,3,1,2,2,23,5,1781,1,14,6,1
201450JN2E018,1,9,0,7,0,1,0,0,0,0,1,1,6,1,32,6,1390,1,5,2,1
201450JN2E018,2,4,0,14,0,1,0,0,0,0,1,1,6,1,17,4,-1,-1,-1,5,3
201450JN2E021,1,9,0,7,0,1,0,0,0,0,4,1,2,1,27,6,1124,1,13,3,1
201450JN2E021,2,1,0,18,0,1,5,0,1,0,1,1,2,1,46,8,-1,-1,-1,5,1
201450JN2E022,1,2,0,14,0,1,5,0,1,0,3,1,4,1,16,4,49,1,4,7,1
201450JN2E022,2,9,0,9,0,6,0,0,0,0,4,1,1,1,46,8,1329,1,1,7,2
201450JN2E023,1,90,0,1,0,1,0,0,0,0,2,1,6,1,51,8,7142,2,7,7,1
201450JN2F001,1,8,0,18,0,0,0,0,0,0,1,1,1,1,35,6,1896,2,12,7,3
201450JN2F001,2,9,0,18,0,0,0,0,0,0,1,1,2,2,35,6,1596,1,12,7,3
201450JN2F001,3,9,0,3,0,0,0,0,0,0,2,1,2,1,42,7,1396,1,11,4,1
201450JN2F002,1,9,5,5,0,6,0,0,0,0,4,1,6,1,40,7,-1,-1,-1,2,1
201450JN2F002,2,9,5,5,0,6,0,0,0,0,0,1,6,1,42,7,-1,-1,-1,1,1
201450JN2F002,3,5,0,18,0,8,1,0,0,0,1,1,2,1,37,7,1293,1,5,6,1
201450JN2F004,1,9,0,18,0,0,0,0,2,11,1,1,6,1,69,10,1896,2,15,9,1
201450JN2F005,1,9,0,13,0,0,1,0,0,0,1,1,6,1,39,7,1396,1,17,5,1
201450JN2F005,2,9,0,18,0,0,0,0,0,0,1,1,6,2,33,6,1749,1,13,3,1
201450JN2G001,1,9,0,16,0,0,0,0,0,0,3,1,1,2,24,5,1149,1,10,6,1
201450JN2G001,2,9,0,17,0,0,0,0,0,0,3,1,1,1,48,8,1998,2,7,7,3
201450JN2H001,1,9,0,4,0,0,0,0,0,0,1,1,2,2,29,6,1598,1,11,6,1
201450JN2H001,2,9,0,4,0,0,1,0,0,0,1,1,1,1,47,8,2171,2,13,10,2
201450JN2I002,1,5,0,15,0,1,1,0,0,0,1,1,6,1,53,8,1050,1,2,3,1
201450JN2I002,2,9,0,9,0,1,0,0,0,0,3,1,6,1,44,7,1997,2,5,8,2
201450JN2I003,1,17,0,2,0,0,0,0,0,0,0,1,6,1,22,5,450,1,4,10,3
201450JN2I003,2,16,0,18,0,0,0,0,0,0,0,1,6,2,-1,-1,-1,-1,-1,6,1
201450JN2I004,1,9,0,18,0,0,0,0,0,0,1,1,6,2,29,6,1240,1,11,6,3
201450JN2I004,2,9,0,3,0,0,0,0,0,0,2,1,6,2,27,6,1386,1,8,6,1
201450JN2J003,1,9,0,9,0,8,0,0,0,0,1,1,6,1,20,4,1596,1,15,5,2
201450JN2J003,2,5,0,18,0,8,0,0,0,0,1,1,6,1,43,7,748,1,26,4,1
201450JN2J005,1,9,0,18,0,0,0,0,0,0,1,1,6,1,36,7,1796,1,6,10,2
201450JN2J005,2,9,0,18,0,0,0,0,0,0,2,1,6,1,65,9,1868,2,12,4,1
201450JN2J005,3,9,0,5,0,0,0,0,0,0,2,1,6,2,50,8,1461,2,11,7,1
201450JN2J005,4,9,0,18,0,0,0,0,0,0,2,1,6,1,56,9,1999,1,3,4,1
201450JN2J006,1,3,0,4,0,1,0,0,0,0,1,1,6,1,23,5,125,1,-1,-1,-1
201450JN2J006,2,9,0,3,0,1,0,0,0,0,2,1,6,2,72,10,2720,2,8,8,3
201450JN2J007,1,9,0,18,0,0,0,0,0,0,1,1,6,3,74,10,1596,1,9,4,1
201450JN2J007,2,9,0,3,0,0,0,0,0,0,3,1,6,1,47,8,-1,-1,-1,8,2
201450JN2J008,1,11,0,18,0,1,0,0,0,0,0,1,1,1,-1,-1,-1,2,17,6,1
201450JN2J019,1,8,0,4,0,0,0,0,0,0,2,1,1,1,28,6,1910,2,5,7,3
201450JN2J019,2,9,0,4,0,0,0,0,0,0,1,1,6,1,86,11,1240,1,4,10,2
201450JN2J020,1,19,0,14,0,1,0,0,0,0,1,1,6,1,24,5,2198,2,-1,7,3
201450JN2J020,2,1,0,18,0,1,0,0,0,0,1,1,6,1,-1,-1,-1,-1,-1,-1,-1
201450JN2J027,1,9,0,18,0,0,0,0,0,0,1,1,1,2,26,6,1598,1,10,6,1
201450JN2J028,1,9,0,4,0,0,0,0,0,0,1,1,6,2,24,5,-1,-1,-1,3,1
201450JN2J028,2,9,0,4,0,0,0,0,0,0,2,1,6,1,43,7,1997,2,3,3,1
201450JN2J029,1,9,0,9,0,8,0,0,0,0,1,1,6,1,90,11,1246,1,9,3,1
201450JN2J029,2,9,0,18,0,8,0,0,0,0,1,1,2,1,27,6,1598,2,4,8,2
201450JN2K004,1,5,0,12,0,0,0,10,4,6,4,1,6,1,72,10,1203,1,11,2,1
201450JN2K004,2,9,0,18,0,0,0,0,0,0,4,1,6,2,32,6,1390,2,10,8,2
201450JN2K006,1,9,0,13,0,0,0,0,7,4,1,1,6,1,-1,-1,1997,2,9,8,1
201450JN2K007,1,9,0,18,0,0,0,0,0,0,1,1,6,2,22,5,1299,1,14,10,1
201450JN2K007,2,9,0,3,0,0,0,0,0,0,2,1,6,2,52,8,1388,1,11,6,1
201450JN2K008,1,9,0,4,0,4,0,0,0,0,1,1,6,2,19,4,1329,1,-1,5,1
201450JN2K008,2,9,0,3,0,4,0,0,0,0,2,1,6,2,39,7,1560,2,9,1,1
201450JN2K009,1,9,0,4,0,4,0,0,0,0,1,1,1,1,29,6,-1,-1,-1,6,1
201450JN2K009,2,9,0,3,0,4,0,0,0,0,2,1,6,2,47,8,1840,1,14,4,1
201450JN2K010,1,21,0,18,0,1,0,4,1,0,1,1,1,1,56,9,12900,2,6,6,1
201450JN2K010,2,19,0,3,0,1,0,0,0,0,2,1,1,1,26,6,2287,2,7,4,1
201450JN2K013,1,9,0,18,0,4,0,0,0,0,1,1,6,1,79,11,1598,1,13,8,1
201450JN2K013,2,1,0,18,0,4,0,0,0,0,4,1,6,1,52,8,-1,-1,-1,6,1
201450JN2K014,1,9,0,11,0,4,0,0,0,0,1,1,6,2,73,10,1339,1,4,5,1
201450JN2K014,2,3,0,15,0,4,0,0,0,0,2,1,2,1,17,4,124,1,1,2,1
201450JN2K015,1,9,0,18,0,0,2,0,2,2,1,1,6,1,23,5,1597,1,15,5,1
201450JN2K018,1,5,0,13,0,1,0,0,0,0,1,1,1,1,31,6,998,1,13,3,1
201450JN2K018,2,9,0,9,0,5,0,0,0,0,3,1,1,1,17,4,-1,-1,-1,5,1
201450JN2K019,1,19,0,4,0,1,0,0,0,0,1,1,2,1,28,6,2198,2,6,6,3
201450JN2K019,2,9,0,4,0,1,0,0,0,0,2,1,2,1,41,7,1587,1,12,8,2
201450JN2L003,1,9,0,18,0,0,0,0,0,0,3,1,1,2,19,4,1229,1,1,5,2
201450JN2L003,2,9,0,18,0,0,0,0,0,0,3,1,2,2,20,4,1386,1,7,9,1
201450JN2L004,1,9,0,9,0,6,0,0,0,0,1,1,2,1,56,9,2959,2,7,-1,-1
201450JN2L004,2,1,0,5,0,1,0,0,0,0,2,1,2,1,35,6,-1,-1,-1,5,1
201450JN2L005,1,9,0,18,0,8,0,0,0,0,1,1,6,3,-1,-1,-1,-1,-1,-1,-1
201450JN2L005,2,9,0,18,0,8,0,0,0,0,3,1,6,2,47,8,1598,1,12,4,1
201450JN2L007,1,9,0,16,0,2,1,4,2,0,1,1,6,2,47,8,1796,1,14,3,1
201450JN2L007,2,9,0,17,0,1,0,0,0,0,3,1,6,1,68,10,1910,2,11,7,1
201450JN2L007,3,9,0,2,6,2,0,0,0,0,2,1,6,1,30,6,1998,1,17,4,1
201450JN2L008,1,9,0,18,0,0,0,0,0,0,1,1,6,1,57,9,1598,2,-1,7,2
201450JN2L008,2,9,0,18,0,0,0,0,0,0,1,1,6,1,17,4,998,1,-1,7,1
201450JN2L008,3,9,0,18,0,0,0,0,0,0,3,1,2,1,45,7,-1,-1,-1,3,1
201450JN2L009,1,9,0,18,0,0,0,0,0,0,1,1,6,1,29,6,1587,1,17,6,1
201450JN2L009,2,9,0,18,0,0,0,0,0,0,2,1,6,2,48,8,2000,1,8,5,1
201450JN2L009,3,9,0,18,0,0,0,0,0,0,2,1,6,1,46,8,-1,-1,-1,9,1
201450JN2L009,4,9,0,11,0,0,0,0,0,0,2,1,6,1,42,7,1598,2,-1,-1,-1
201450JN2L011,1,19,0,18,0,0,0,0,0,0,2,1,6,1,48,8,2460,2,5,8,1
201450JN2L011,2,9,0,18,0,0,0,0,0,0,1,1,6,1,24,5,-1,-1,-1,6,1
201450JN2L012,1,9,0,18,0,0,0,0,0,0,1,1,1,1,61,9,1968,2,1,7,1
201450JN2L012,2,9,0,18,0,0,0,0,0,0,1,1,1,1,62,9,1968,2,-1,5,1
201450JN2L015,1,9,0,18,0,1,0,0,0,0,1,1,6,1,85,11,1390,1,10,10,1
201450JN2L015,2,9,0,3,0,1,0,0,0,0,2,1,6,1,58,9,1329,1,5,8,1
201450JN2L015,3,9,0,3,0,1,0,0,0,0,2,1,6,2,31,6,1595,1,2,6,1
201450JN2L015,4,9,0,3,0,1,0,0,0,0,2,1,6,2,58,9,1299,1,9,2,1
201450JN2L016,1,9,0,16,0,0,0,2,0,0,1,1,6,2,59,9,1363,2,9,5,1
201450JN2L016,2,9,0,17,0,0,0,0,0,0,1,1,6,1,68,10,1242,1,5,5,1
201450JN2M002,1,9,0,9,0,6,0,0,0,0,1,1,6,1,-1,-1,1360,1,16,3,1
201450JN2M002,2,9,0,18,0,2,0,0,0,0,4,1,6,2,38,7,-1,-1,-1,5,1
201450JN2M007,1,9,0,5,0,4,0,0,0,0,1,1,6,1,39,7,1497,1,9,5,1
201450JN2M007,2,1,0,9,0,8,0,0,0,0,4,1,6,2,27,6,-1,-1,-1,3,1
201450JN2M008,1,9,0,9,0,1,0,0,0,0,1,1,6,2,51,8,1400,1,5,10,1
201450JN2M008,2,1,0,3,0,1,0,0,0,0,4,1,6,1,39,7,-1,-1,-1,8,1
201450JN2M009,1,9,0,18,0,0,0,0,0,0,1,1,6,1,42,7,1796,1,14,10,1
201450JN2M010,1,9,0,18,0,1,0,0,0,0,1,1,6,1,64,9,1870,2,11,7,3
201450JN2M016,1,9,0,9,0,2,0,0,0,0,1,1,6,1,44,7,1991,1,16,5,1
201450JN2M018,1,9,0,18,0,4,0,0,0,0,3,1,6,1,69,10,1956,2,-1,1,1
201450JN2M018,2,9,0,18,0,3,0,0,0,0,1,1,2,1,48,8,2495,2,13,6,3
201450JN2M019,1,1,0,18,0,3,0,0,0,0,3,1,2,2,45,7,-1,-1,-1,4,1
201450JN2M019,2,9,0,18,0,3,0,0,0,0,4,1,6,3,-1,-1,-1,-1,-1,-1,-1
201450JN2M020,1,9,0,18,0,0,0,1,0,0,0,1,6,3,-1,-1,-1,-1,-1,-1,-1
201450JN2M021,1,5,0,18,0,0,1,0,0,0,0,1,2,1,47,8,748,1,25,5,2
201450JN2M022,1,9,0,9,0,6,0,0,0,0,1,1,6,2,22,5,1198,1,5,6,1
201450JN2M024,1,9,0,3,0,4,0,0,0,0,2,1,6,2,32,6,1229,1,-1,7,1
201450JN2M024,2,9,0,4,0,4,0,0,0,0,1,1,6,2,69,10,1248,2,6,7,1
201450JN2M025,1,9,0,9,0,2,0,0,0,0,1,1,6,1,36,7,2148,2,11,3,1
201450JN2M025,2,3,0,14,0,1,5,0,0,0,1,1,6,1,35,6,124,1,-1,5,1
201450JN2M026,1,9,0,18,9,0,0,0,1,0,1,1,6,1,18,4,1124,1,13,3,1
201450JN2M027,1,9,0,18,0,4,0,0,0,0,3,1,6,1,26,6,1796,1,13,5,1
201450JN2M027,2,1,0,17,0,8,0,0,0,0,1,1,6,1,57,9,-1,-1,-1,7,1
201450JN2M030,1,8,0,9,0,0,0,0,0,0,3,1,6,1,46,8,1910,2,5,8,1
201450JN2M030,2,1,0,18,0,0,0,0,0,0,1,1,6,1,54,8,-1,-1,-1,6,3
201450JN2N006,1,9,0,13,0,0,0,0,0,0,4,1,6,2,42,7,1995,2,2,5,2
201450JN2N006,2,1,0,18,0,0,0,0,0,0,3,1,6,1,57,9,-1,-1,-1,3,1
201450JN2N007,1,9,0,5,0,1,0,0,0,0,3,1,3,2,52,8,-1,-1,-1,6,1
201450JN2N007,2,5,0,14,0,1,0,0,0,0,4,1,2,1,21,5,599,1,3,6,1
201450JN2N008,1,19,0,18,0,0,0,0,0,0,0,1,6,3,-1,-1,-1,-1,-1,-1,-1
201450JN2N010,1,9,0,9,0,5,0,0,0,0,1,1,6,2,60,9,1362,1,2,7,1
201450JN2N011,1,9,0,9,0,1,0,0,0,0,2,1,6,2,28,6,1248,1,1,7,1
201450JN2N011,2,21,0,3,0,1,0,0,0,0,1,1,1,1,32,6,5880,2,9,5,1
201450JN2N015,1,9,0,18,9,0,0,0,0,0,4,1,6,3,-1,-1,-1,-1,-1,-1,-1
201450JN2N022,1,9,0,17,0,2,0,0,0,0,1,1,1,1,46,8,1560,2,1,6,1
201450JN2N022,2,17,0,18,0,2,0,0,0,0,1,1,1,1,44,7,-1,-1,-1,8,3
201450JN2N026,1,21,0,18,9,0,0,0,0,0,4,1,1,1,46,8,6692,2,4,5,1
201450JN2N030,1,9,0,18,0,0,0,0,0,0,1,1,6,3,-1,-1,1587,1,7,-1,-1
201450JN2N030,2,9,0,3,0,0,0,0,0,0,2,1,6,2,70,10,1396,1,4,6,2
201450JN2N030,3,9,0,3,0,0,0,0,0,0,2,1,6,2,-1,-1,-1,-1,-1,-1,-1
201450JN2N031,1,9,0,1,0,0,0,0,0,0,2,1,6,2,35,6,2656,1,9,8,3
201450JN2N031,2,4,0,18,0,0,0,0,0,0,1,1,6,1,52,8,249,1,12,6,3
201450JN2O002,1,9,0,4,0,1,1,0,0,0,1,1,6,1,17,4,1299,1,13,3,1
201450JN2O002,2,9,0,3,0,1,0,0,0,0,2,1,6,2,21,5,1360,1,13,6,1
201450JN2O006,1,9,0,9,0,5,0,0,0,0,1,1,6,2,50,8,1896,2,8,4,1
201450JN2O006,2,1,0,18,0,6,0,0,0,0,1,1,6,1,29,6,-1,-1,-1,5,1
201450JN2O007,1,9,0,5,0,1,0,0,0,0,1,1,6,2,59,9,2926,2,11,6,2
201450JN2O007,2,9,0,10,0,1,0,0,0,0,4,1,6,1,64,9,-1,-1,-1,9,1