Accident_Index,Vehicle_Reference,Vehicle_Type,Towing_and_Articulation,Vehicle_Manoeuvre,Vehicle_Location-Restricted_Lane,Junction_Location,Skidding_and_Overturning,Hit_Object_in_Carriageway,Vehicle_Leaving_Carriageway,Hit_Object_off_Carriageway,1st_Point_of_Impact,Was_Vehicle_Left_Hand_Drive?,Journey_Purpose_of_Driver,Sex_of_Driver,Age_of_Driver,Age_Band_of_Driver,Engine_Capacity_(CC),Propulsion_Code,Age_of_Vehicle,Driver_IMD_Decile,Driver_Home_Area_Type
201450JN2O007,3,9,0,16,0,8,1,0,0,0,3,1,6,1,21,5,1997,2,7,4,1
201450JN2O008,1,9,0,1,0,0,0,0,0,0,2,1,6,1,23,5,1598,1,11,4,1
201450JN2O008,2,9,0,2,0,0,0,0,0,0,1,1,6,2,22,5,1229,1,9,3,1
201450JN2O009,1,9,0,17,0,1,2,0,1,0,1,1,6,1,32,6,998,1,-1,3,1
201450JN2O009,2,9,0,3,0,1,0,0,0,0,2,1,6,2,30,6,1598,1,14,4,1
201450JN2P002,1,3,0,18,0,0,1,0,0,0,3,1,1,1,56,9,-1,-1,-1,7,3
201450JN2P005,1,1,0,9,0,6,5,0,0,0,1,1,6,1,11,3,-1,-1,-1,4,1
201450JN2P005,2,9,0,18,0,8,0,0,0,0,4,1,6,2,25,5,1896,2,10,7,1
201450JN2P006,1,9,0,4,0,0,0,0,0,0,2,1,6,1,49,8,1560,2,3,10,1
201450JN2P006,2,9,0,4,0,0,0,0,0,0,1,1,6,1,51,8,2204,2,8,1,1
201450JN2P008,1,9,0,4,0,2,0,0,0,0,1,1,6,1,31,6,1560,2,3,3,1
201450JN2P008,2,9,0,4,0,2,0,0,0,0,2,1,6,2,39,7,1399,1,10,6,1
201450JN2P009,1,1,0,18,0,0,0,0,0,0,3,1,6,1,9,2,-1,-1,-1,6,1
201450JN2P009,2,9,0,16,0,0,0,0,0,0,4,1,1,1,29,6,1598,1,17,6,1
201450JN2P010,1,9,0,18,0,3,0,0,0,0,3,1,6,1,74,10,1598,1,1,5,2
201450JN2P010,2,1,0,18,0,3,0,0,0,0,4,1,6,1,55,8,-1,-1,-1,7,3
201450JN2P011,1,9,0,18,0,0,0,7,0,0,1,1,6,2,82,11,1339,1,-1,7,3
201450JN2P011,2,9,0,2,0,0,0,0,0,0,2,1,6,2,-1,-1,973,1,14,-1,-1
201450JN2P013,1,5,0,4,0,1,0,0,0,0,0,1,6,1,54,8,675,1,2,4,1
201450JN2P016,1,9,0,4,0,1,0,0,0,0,1,1,6,1,32,6,1798,1,8,2,1
201450JN2P016,2,1,0,16,0,6,0,0,0,0,1,1,6,1,21,5,-1,-1,-1,6,1
201450JN2P017,1,9,0,9,0,1,0,0,0,0,3,1,6,1,61,9,1968,2,5,7,1
201450JN2P017,2,3,0,18,0,1,0,0,7,0,1,1,6,1,17,4,124,1,-1,7,3
201450JN2P021,1,9,0,18,0,8,0,0,0,0,1,1,6,2,32,6,1398,1,2,7,1
201450JO2B001,1,9,0,1,0,8,0,0,0,0,2,1,6,2,52,8,1348,1,12,4,1
201450JO2B001,2,10,0,3,0,8,0,0,0,0,1,1,1,1,48,8,-1,-1,-1,2,1
201450JO2C003,1,19,0,18,0,0,0,0,0,0,0,1,6,1,59,9,2402,2,4,5,3
201450JO2C004,1,5,0,17,0,8,0,0,0,0,1,1,6,1,29,6,749,1,20,7,1
201450JO2C004,2,9,0,16,0,1,0,0,0,0,3,1,6,3,-1,-1,-1,-1,-1,-1,-1
201450JO2C005,1,17,4,18,0,1,0,0,0,0,0,1,1,1,47,8,6788,2,-1,5,3
201450JO2C005,2,9,0,18,0,1,0,0,0,0,0,1,6,1,77,11,998,1,10,6,3
201450JO2D001,1,9,0,9,0,1,1,0,0,0,1,1,6,1,51,8,-1,-1,-1,5,3
201450JO2D001,2,9,0,18,0,6,0,0,0,0,3,1,6,2,25,5,1598,1,11,4,3
201450JO2D002,1,9,0,17,0,0,0,0,0,0,1,1,1,2,47,8,2402,2,5,5,2
201450JO2D002,2,19,0,18,0,0,0,0,0,0,1,1,1,1,61,9,1997,2,10,5,3
201450JO2E001,1,9,0,17,0,0,1,0,7,11,1,1,2,1,30,6,2495,2,13,5,3
201450JO2F002,1,9,0,17,0,0,0,0,7,4,1,1,6,2,65,9,1399,2,4,7,2
201450JO2G002,1,9,0,17,0,0,2,0,1,0,4,1,1,1,34,6,-1,-1,-1,7,2
201450JO2H001,1,9,0,18,0,0,5,0,0,0,0,1,6,2,20,4,1360,1,13,8,2
201450JO2H002,1,9,0,18,0,0,0,0,1,10,4,1,6,1,19,4,1389,1,17,5,2
201450JO2H003,1,9,0,9,0,6,0,0,0,0,4,1,6,1,45,7,1753,2,11,4,3
201450JO2H003,2,5,0,18,0,1,1,0,1,0,3,1,6,1,29,6,-1,-1,-1,-1,-1
201450JO2H004,1,9,0,18,0,0,0,0,0,0,1,1,6,1,56,9,1598,1,6,5,2
201450JO2H005,1,9,0,17,0,0,1,0,1,4,1,1,6,1,-1,-1,1796,1,8,5,3
201450JO2H006,1,9,0,18,0,0,1,0,0,0,3,1,6,2,28,6,1461,2,-1,5,3
201450JO2H006,2,9,0,18,0,0,0,0,0,0,3,1,6,1,28,6,1896,2,8,5,3
201450JO2I001,1,9,0,13,0,0,0,0,2,6,1,1,6,1,38,7,-1,-1,-1,6,1
201450JO2I001,2,17,0,18,0,0,0,0,2,6,1,1,1,1,24,5,-1,2,8,5,3
201450JO2I002,1,9,0,17,0,0,5,0,2,11,1,1,6,2,73,10,1242,1,1,5,2
201450JO2I003,1,9,0,17,0,1,5,0,1,4,1,1,6,2,24,5,1149,1,12,5,3
201450JO2I005,1,21,1,3,0,0,0,0,0,0,2,1,1,1,42,7,12900,2,3,5,2
201450JO2I005,2,9,4,18,0,0,0,0,0,0,1,1,6,1,54,8,2143,2,3,6,3
201450JO2I006,1,21,0,18,0,0,0,0,0,0,1,1,6,1,58,9,3920,2,8,9,1
201450JO2I006,2,19,0,18,0,0,1,0,0,0,1,1,6,1,22,5,1996,2,3,3,1
201450JO2I007,1,2,0,18,0,0,2,0,0,0,0,1,6,1,16,4,-1,-1,-1,5,3
201450JO2I007,2,20,0,18,0,0,0,0,0,0,0,1,1,1,32,6,-1,-1,-1,8,3
201450JO2I008,1,19,0,13,0,0,0,0,0,0,1,1,1,1,34,6,-1,-1,-1,7,1
201450JO2I008,2,19,0,18,0,0,0,0,0,0,1,1,1,1,57,9,-1,-1,-1,6,3
201450JO2I008,3,9,0,18,0,0,0,0,0,0,0,1,6,3,-1,-1,-1,-1,-1,-1,-1
201450JO2J001,1,19,0,1,0,0,0,0,0,0,2,1,1,1,56,9,2151,2,13,1,1
201450JO2J004,1,4,0,18,0,0,0,0,0,0,1,1,6,1,23,5,499,1,16,6,3
201450JO2J006,1,9,0,16,0,0,0,0,6,6,3,1,6,1,87,11,2487,2,14,6,1
201450JO2J008,1,9,0,18,0,0,0,0,0,0,0,1,1,1,46,8,-1,-1,-1,4,3
201450JO2J010,1,9,0,18,0,0,0,0,0,0,3,1,6,2,39,7,1997,2,12,5,2
201450JO2J010,2,9,0,18,0,0,0,0,0,0,3,1,6,1,23,5,1998,1,24,5,2
201450JO2K001,1,9,0,17,0,0,5,0,7,10,4,1,6,2,80,11,1248,1,1,5,2
201450JO2K002,1,19,0,10,0,1,0,0,0,0,3,1,1,1,51,8,2198,2,1,6,1
201450JO2K002,2,1,0,18,0,1,0,0,0,0,1,1,6,1,16,4,-1,-1,-1,5,3
201450JO2L002,1,9,0,18,0,0,0,0,7,4,1,1,3,1,70,10,1598,2,2,6,3
201450JO2L003,1,21,0,16,0,0,0,0,0,0,3,1,1,1,58,9,12580,2,9,5,3
201450JO2N001,1,9,0,18,0,0,0,0,0,0,4,1,6,1,60,9,2495,2,16,5,3
201450JO2N001,2,16,0,18,0,0,0,0,0,0,3,1,6,2,16,4,-1,-1,-1,7,2
201450JO2N002,1,9,0,18,0,0,1,0,0,0,1,1,6,1,25,5,999,1,17,9,2
201450JO2N002,2,9,0,18,0,0,0,0,0,0,2,1,6,1,70,10,3199,1,10,4,3
201450JO2N006,1,5,0,17,0,0,1,0,2,10,1,1,6,1,38,7,998,1,9,4,1
201450JO2N007,1,9,0,1,0,0,5,0,7,3,1,1,6,2,18,4,-1,-1,-1,7,2
201450JO2N008,1,9,0,16,0,0,1,0,8,4,1,2,6,1,24,5,-1,-1,-1,5,3
201450JO2N009,1,9,0,13,0,0,1,0,0,0,1,1,6,1,38,7,1896,2,12,7,3
201450JO2N009,2,9,0,13,0,0,0,0,0,0,2,1,6,1,50,8,2387,2,7,7,2
201450JO2N010,1,9,0,18,0,0,0,0,0,0,1,1,6,2,27,6,-1,-1,-1,8,3
201450JO2N010,2,19,0,3,0,0,0,0,0,0,2,1,6,1,33,6,2198,2,1,8,3
201450JO2Q001,1,1,0,17,0,0,0,0,0,0,1,1,6,2,23,5,-1,-1,-1,5,1
201450JO2Q001,2,9,0,16,0,0,0,0,0,0,1,1,6,1,60,9,-1,-1,-1,3,3
201450JO2Q002,1,1,0,18,0,0,0,0,0,0,4,1,6,1,-1,-1,-1,-1,-1,-1,-1
201450JO2R002,1,9,0,18,0,0,0,0,0,0,0,1,6,2,58,9,998,1,1,7,2
201450JO2R002,2,5,0,18,0,0,1,0,0,0,2,1,6,1,60,9,600,1,14,10,2
201450JO2R002,3,9,0,18,0,0,0,0,0,0,1,1,6,1,64,9,1997,2,10,9,1
201450JO2R003,1,9,0,18,0,0,0,0,7,11,1,1,6,1,71,10,1198,1,5,4,2
201450JO2R005,1,9,0,18,0,1,0,0,0,0,1,1,2,1,39,7,1796,1,11,5,2
201450JO2S001,1,9,0,18,0,1,1,0,2,10,3,1,6,1,22,5,1595,1,17,5,2
201450JO2S001,2,9,0,18,0,1,0,0,0,0,3,1,1,2,47,8,1396,2,3,7,2
201450JO2S002,1,9,0,5,0,7,0,0,0,0,1,1,6,1,-1,-1,-1,-1,-1,5,3
201450JO2S002,2,1,0,18,0,8,0,0,0,0,4,1,2,1,45,7,-1,-1,-1,7,2
201450JO2S005,1,9,0,18,0,0,1,0,8,10,1,1,6,1,18,4,1242,1,15,5,3
201450JO2S006,1,9,0,5,0,6,0,0,0,0,1,1,6,2,74,10,1595,1,12,5,3
201450JO2S006,2,9,0,18,0,8,0,0,0,0,1,1,6,1,60,9,1396,1,-1,3,1
201450JO2S006,3,9,0,18,0,1,0,0,0,0,1,1,6,2,63,9,1193,1,1,4,3
201450JO2S007,1,9,0,9,0,8,0,0,0,0,1,1,6,1,17,4,1229,1,6,8,1
201450JO2S007,2,9,0,17,0,1,0,0,0,0,1,1,6,2,24,5,1229,1,2,5,3
201450JO2S008,1,9,0,18,0,1,0,0,0,0,1,1,6,2,26,6,1197,1,-1,10,2
201450JO2S008,2,9,0,4,0,1,0,0,0,0,2,1,6,2,32,6,1560,2,-1,4,3
201450JO3C002,1,9,0,17,0,0,2,0,1,4,1,1,6,1,41,7,1396,1,9,3,1
201450JO3C003,1,9,0,4,0,1,0,0,0,0,0,1,6,3,-1,-1,-1,-1,-1,-1,-1
201450JO3C003,2,9,0,18,0,1,0,0,0,0,1,1,6,1,56,9,1560,2,6,10,1
201450JO3C003,3,9,0,4,0,1,0,0,0,0,2,1,6,2,52,8,2200,2,21,5,3
201450JO3C004,1,9,0,5,0,6,0,0,0,0,1,1,6,1,58,9,999,1,1,6,3
201450JO3C004,2,9,0,17,0,1,0,0,0,0,4,1,1,1,20,4,1968,2,7,4,3
201450JO3C005,1,9,0,13,0,0,0,0,0,0,4,1,6,3,-1,-1,1388,1,2,-1,-1
201450JO3C005,2,1,0,18,0,0,0,0,0,0,2,1,6,1,40,7,-1,-1,-1,4,2
201450JO3C006,1,9,0,16,0,0,0,0,0,0,1,1,6,1,26,6,2495,2,18,4,2
201450JO3C006,2,9,0,17,0,0,0,0,0,0,1,1,6,2,40,7,2000,2,9,7,2
201450JO3C007,1,9,0,18,0,0,5,0,0,0,1,1,6,2,43,7,1364,1,7,7,3
201450JO3C008,1,9,0,17,0,0,0,0,0,0,1,1,6,1,30,6,1560,2,3,5,1
201450JO3C008,2,9,0,17,0,0,0,0,0,0,2,1,6,1,49,8,1061,1,10,4,3
201450JO3C009,1,9,0,17,0,0,0,0,1,7,1,1,6,1,58,9,1686,2,14,5,3
201450JO3C010,1,9,0,17,0,0,2,0,0,0,4,1,6,1,61,9,2495,2,10,5,2
201450JO4P001,1,9,0,9,0,8,0,0,0,0,2,1,6,2,54,8,1388,1,6,4,1
201450JO4P001,2,5,0,18,0,1,2,0,0,0,1,1,6,1,43,7,-1,-1,-1,5,3
201450JO4P002,1,9,0,17,0,0,5,0,2,10,4,1,6,1,17,4,998,1,3,7,2
201450JO4P003,1,9,0,16,0,1,0,0,0,11,4,1,6,1,-1,-1,1396,1,16,4,3
201450JO4P003,2,9,0,4,0,1,0,0,0,0,3,1,6,1,-1,-1,1396,1,16,4,1
201450JO4P004,1,9,0,9,0,6,0,0,0,0,3,1,6,2,60,9,1461,2,1,7,2
201450JO4P004,2,9,0,18,0,1,0,0,0,0,3,1,6,2,35,6,-1,-1,-1,7,2
201450JO4P005,1,9,0,18,0,1,0,0,0,0,1,1,6,1,60,9,2979,1,-1,9,3
201450JO4P006,1,9,0,18,0,1,0,0,0,0,0,1,6,2,37,7,1896,2,9,5,3
201450JO4P006,2,19,0,9,0,1,0,0,0,0,0,1,6,1,48,8,-1,-1,-1,4,3
201450JO4Q001,1,9,0,16,0,0,0,0,0,0,1,1,1,2,24,5,1997,2,11,4,3
201450JO4Q001,2,9,0,17,0,0,0,0,1,11,1,1,1,1,47,8,1388,1,15,2,1
201450JS2A002,1,4,0,18,0,1,0,0,0,0,1,1,6,1,80,11,234,1,13,7,1
201450JS2A002,2,9,0,10,0,1,0,0,0,0,2,1,6,2,63,9,1397,1,13,6,2
201450JS2A003,1,9,0,10,0,2,0,0,3,11,1,1,6,1,87,11,1461,2,-1,10,1
201450JS2A003,2,9,0,17,0,1,0,0,0,0,1,1,6,1,31,6,1597,1,13,3,1
201450JS2A004,1,9,0,15,0,0,0,0,0,0,1,1,6,3,-1,-1,-1,-1,-1,-1,-1
201450JS2A004,2,1,0,18,0,0,0,0,0,0,1,1,1,1,29,6,-1,-1,-1,3,1
201450JS2A005,1,3,0,17,0,0,2,0,0,0,3,1,6,1,56,9,125,1,3,5,1
201450JS2A006,1,9,0,18,0,0,0,0,0,0,1,1,6,3,-1,-1,1596,1,7,-1,-1
201450JS2A006,2,9,0,3,0,0,0,0,0,0,2,1,6,2,19,4,973,1,13,4,2
201450JS2A006,3,9,0,3,0,0,0,0,0,0,2,1,6,3,-1,-1,-1,-1,-1,-1,-1
201450JS2B001,1,9,0,3,0,0,0,0,0,0,2,1,1,1,19,4,999,1,4,3,1
201450JS2B001,2,9,0,4,0,0,0,0,0,0,1,1,1,1,19,4,1900,2,9,9,1
201450JS2B002,1,5,0,18,0,0,0,0,0,0,1,1,6,1,29,6,998,1,15,7,1
201450JS2B002,2,21,0,18,0,0,0,0,0,0,2,1,1,2,-1,-1,9200,2,7,-1,-1
201450JS2B003,1,9,0,18,0,0,0,10,1,0,1,1,6,2,58,9,1598,1,15,7,3
201450JS2B004,1,9,0,18,0,1,1,0,0,0,1,1,6,1,46,8,1299,1,12,3,1
201450JS2B004,2,9,0,4,0,1,0,0,0,0,2,1,6,2,49,8,1298,1,8,7,3
201450JS2B006,1,9,0,1,0,0,0,0,0,0,2,1,6,2,23,5,1968,2,4,-1,3
201450JS2B006,2,9,0,18,0,0,0,0,7,11,1,1,6,1,85,11,1586,1,8,7,3
201450JS2C001,1,20,0,18,0,0,0,0,1,0,1,1,1,1,52,8,4250,2,4,7,1
201450JS2C001,2,21,1,18,0,0,0,0,0,0,2,1,1,1,48,8,12740,2,1,5,1
201450JS2C002,1,9,0,7,0,1,0,0,0,9,1,1,6,2,78,11,-1,-1,-1,5,3
201450JS2F001,1,9,0,5,0,6,0,0,0,0,3,1,6,2,63,9,2498,1,14,6,1
201450JS2F001,2,9,0,17,0,1,0,0,0,0,1,1,1,1,57,9,-1,-1,-1,9,2
201450JS2F003,1,9,0,18,0,0,0,0,0,0,1,1,6,1,54,8,1461,2,-1,3,1
201450JS2F004,1,3,0,16,0,0,0,0,7,10,1,1,6,1,28,6,124,1,2,5,1
201450JS2F006,1,19,0,13,0,0,0,0,0,0,0,1,2,1,25,5,2198,2,-1,7,1
201450JS2F006,2,9,0,18,0,0,0,0,1,0,1,1,2,1,34,6,1598,1,10,5,1
201450JS2G001,1,9,0,18,0,6,0,0,0,0,1,1,3,2,47,8,1248,2,8,6,3
201450JS2G001,2,9,0,3,0,1,0,0,0,0,4,1,6,2,63,9,1390,1,7,6,3
201450JS2H002,1,9,0,17,0,0,1,0,7,4,4,1,2,1,47,8,1753,2,11,2,1
201450JS2H003,1,9,0,18,0,0,2,0,7,10,1,1,6,2,31,6,2494,1,16,5,3
201450JS2H004,1,5,0,16,0,0,0,0,0,0,1,1,6,1,32,6,865,1,4,5,3
201450JS2H004,2,9,0,17,0,0,5,0,2,10,1,1,2,2,31,6,1360,1,13,5,3
201450JS2H005,1,9,0,18,0,8,1,0,0,1,4,1,6,2,74,10,1590,1,11,6,3
201450JS2H005,2,9,0,18,0,8,0,0,0,0,1,1,6,2,46,8,1398,2,5,5,2
201450JS2H005,3,9,0,18,0,8,0,0,0,0,1,1,6,1,66,10,1995,2,1,6,3
201450JS2H006,1,9,0,18,0,0,0,0,0,0,2,1,6,2,37,7,1598,1,8,7,1
201450JS2H006,2,9,0,18,0,0,0,0,0,0,1,1,6,1,33,6,-1,-1,-1,7,1
201450JS2H008,1,9,0,18,0,1,1,0,0,0,3,1,6,1,61,9,1905,2,16,5,2
201450JS2H008,2,9,0,10,0,1,0,0,0,0,1,1,6,2,48,8,2720,2,6,6,3
201450JS2H009,1,9,0,18,0,0,1,0,0,0,1,1,2,1,31,6,1398,2,11,7,1
201450JS2H009,2,9,0,18,0,0,0,0,0,0,1,1,6,1,67,10,2400,2,4,6,3
201450JS2I002,1,9,0,18,0,0,1,0,0,0,1,1,6,2,21,5,998,1,13,5,2
201450JS2I002,2,9,0,4,0,0,0,0,0,0,1,1,6,1,80,11,1584,1,9,5,3
201450JS2J001,1,9,0,18,0,0,1,0,0,0,1,1,1,2,24,5,973,1,11,8,1
201450JS2J001,2,9,0,18,0,0,0,0,0,0,1,1,3,2,46,8,2179,2,1,6,3
201450JS2J002,1,9,0,10,0,6,0,0,0,0,2,1,1,2,24,5,1360,1,10,6,3
201450JS2J002,2,5,0,16,0,1,0,0,0,0,1,1,6,1,30,6,988,1,13,4,1
201450JS2K001,1,9,0,18,0,0,2,0,1,4,1,1,6,1,50,8,2494,1,16,5,1
201450JS2K002,1,21,1,2,0,0,0,0,0,0,4,1,1,1,30,6,12777,2,6,9,1
201450JS2K002,2,9,0,18,0,0,0,4,1,7,3,1,6,1,27,6,1761,1,17,7,1
201450JS2K003,1,9,0,18,0,0,0,0,0,0,1,1,1,2,30,6,998,1,15,4,1
201450JS2K003,2,9,0,18,0,0,0,0,0,0,0,1,1,2,38,7,1995,2,13,8,1
201450JS2K004,1,9,0,18,0,0,1,0,1,0,4,1,2,1,56,9,2926,2,11,6,2
201450JS2K004,2,9,0,18,0,0,1,0,1,0,1,1,6,1,54,8,1910,2,8,8,2
201450JS2K004,3,9,0,18,0,0,1,0,0,0,1,1,2,2,32,6,1360,1,14,6,3
201450JS2K004,4,19,0,18,0,0,1,0,1,0,2,1,1,1,53,8,2198,2,5,1,1
201450JS2K004,5,9,0,18,0,0,1,0,1,0,1,1,1,2,59,9,1248,2,6,8,1
201450JS2K007,1,4,0,18,0,1,0,0,0,0,1,1,6,1,24,5,498,1,16,5,2
201450JS2K007,2,9,0,9,0,5,0,0,0,0,3,1,6,1,37,7,-1,-1,-1,7,3
201450JS2K010,1,9,0,4,0,0,0,0,0,0,1,1,6,2,20,4,1242,1,8,6,3
201450JS2K010,2,9,0,4,0,0,0,0,0,0,2,1,6,1,23,5,1910,2,9,5,3
201450JS2K011,1,19,0,18,0,1,0,0,0,0,1,1,1,1,43,7,2198,2,1,6,3
201450JS2K011,2,9,0,4,0,1,0,0,0,0,2,1,6,2,67,10,1390,1,9,6,1
201450JS2K014,1,9,0,18,0,1,2,0,1,1,3,1,6,2,23,5,1461,2,1,10,2
201450JS2K015,1,9,0,9,0,6,0,0,0,0,1,1,6,1,57,9,1998,1,17,10,1
201450JS2K015,2,9,0,18,0,1,0,0,0,0,1,1,6,2,80,11,1386,1,8,6,3
201450JS2K016,1,9,0,5,0,6,0,0,0,0,1,1,6,2,26,6,1242,1,8,3,1
201450JS2K016,2,9,0,3,0,6,0,0,0,0,2,1,6,1,56,9,1968,2,4,4,1
201450JS2K017,1,9,0,16,0,1,0,0,7,4,1,1,6,2,71,10,1339,1,1,6,2
201450JS2K018,1,9,0,5,0,8,0,0,0,0,3,1,1,1,27,6,-1,-1,-1,8,1
201450JS2K018,2,5,0,16,0,8,0,0,0,0,1,1,6,1,34,6,1170,1,2,8,2
201450JS2K019,1,9,0,18,0,0,0,0,0,0,2,1,6,2,50,8,998,1,14,7,2
201450JS2K019,2,9,0,2,0,0,0,0,0,0,2,1,6,1,-1,-1,-1,-1,-1,6,3
201450JS2K020,1,17,4,18,0,0,0,0,0,0,3,1,6,3,-1,-1,-1,-1,-1,-1,-1
201450JS2K020,2,9,0,18,0,0,0,0,0,0,3,1,6,2,23,5,1910,2,8,8,3
201450JS2K021,1,19,0,13,0,0,0,0,0,0,1,1,1,1,18,4,1248,2,2,4,1
201450JS2K021,2,21,0,18,0,0,0,0,0,0,2,1,1,1,49,8,7790,2,7,1,1
201450JS2K023,1,9,0,18,0,0,0,0,0,0,4,1,6,1,27,6,1229,1,8,5,2
201450JS2K024,1,9,0,14,0,0,5,4,0,0,1,1,6,1,77,11,698,1,7,5,1
201450JS2K024,2,9,0,2,0,0,0,0,0,0,2,1,6,2,30,6,1461,2,8,6,3
201450JS2K025,1,9,0,18,0,0,2,0,1,0,0,1,6,1,55,8,5000,1,-1,10,1
201450JS2L001,1,9,0,18,0,0,1,0,0,7,3,1,6,2,46,8,1598,1,4,7,3
201450JS2L003,1,9,0,16,0,0,1,0,0,0,1,1,6,1,25,5,1968,2,9,5,1
201450JS2L003,2,9,0,17,0,0,1,0,0,0,1,1,6,2,31,6,1587,1,7,6,3
201450JS2L003,3,9,0,18,0,0,1,0,0,0,2,1,6,1,43,7,1999,1,11,7,2
201450JS2L005,1,9,0,16,0,0,0,0,0,0,1,1,6,1,54,8,-1,-1,-1,3,1
201450JS2L005,2,20,0,17,0,0,1,0,0,0,1,1,6,1,49,8,4250,2,7,2,1
201450JS2L005,3,9,0,16,0,0,1,0,0,0,1,1,6,1,57,9,-1,-1,-1,3,1
201450JS2L005,4,9,0,16,0,0,1,0,0,0,1,1,6,1,38,7,1198,1,8,8,3
201450JS2L006,1,9,0,18,0,0,0,0,0,0,1,1,6,2,54,8,1989,1,14,5,2
201450JS2L006,2,9,0,17,0,0,1,0,0,0,1,1,6,1,30,6,1896,2,18,4,2
201450JS2L007,1,9,0,18,0,0,0,0,1,4,1,1,6,1,27,6,2157,1,14,7,1
201450JS2L009,1,9,0,9,0,8,0,0,0,0,4,1,1,1,35,6,-1,-1,-1,6,3
201450JS2L009,2,9,0,18,0,1,1,0,0,0,1,1,1,1,26,6,1679,1,16,6,3
201450JS2M001,1,9,0,18,0,0,1,0,5,7,1,1,6,1,40,7,1598,1,9,-1,1
201450JS2M001,2,9,0,18,0,0,1,0,1,7,1,1,6,1,25,5,1399,2,10,8,3
201450JS2M002,1,9,0,2,0,0,1,0,1,0,2,1,2,1,34,6,1998,1,10,5,1
201450JS2M002,2,9,0,18,0,0,1,4,1,0,2,1,6,1,25,5,1999,1,12,7,3
201450JS2M002,3,9,0,18,0,0,0,0,0,0,1,1,6,2,34,6,1399,2,4,7,3
201450JS2M003,1,9,0,18,0,0,5,0,0,4,1,1,6,2,60,9,1339,1,6,5,3
201450JS2M005,1,9,0,18,0,1,0,0,0,0,1,1,2,1,32,6,1997,1,14,-1,-1
201450JS2M005,2,3,0,9,0,6,0,0,0,0,3,1,2,1,19,4,124,1,-1,6,1
201450JS2M006,1,9,0,18,0,0,0,0,4,6,3,1,6,1,57,9,2000,1,23,3,1
201450JS2M007,1,9,0,16,0,0,1,0,5,0,1,1,6,2,31,6,-1,-1,-1,5,1
201450JS2M008,1,9,0,18,0,0,0,4,2,0,1,1,1,1,-1,-1,2400,2,2,-1,-1
201450JS2M008,2,9,0,3,0,0,0,0,0,0,2,1,1,1,-1,-1,1686,2,1,-1,-1
201450JS2O001,1,9,0,16,0,0,2,0,1,4,1,1,6,2,25,5,1299,1,11,3,1
201450JS2P005,1,9,0,18,0,0,0,0,0,0,4,1,6,2,48,8,1124,1,14,4,2
201450JS2P007,1,9,0,18,0,0,0,0,0,0,1,1,6,2,59,9,549,1,5,5,2
201450JS2P009,1,9,0,18,0,1,0,0,0,0,1,1,6,1,56,9,1948,1,17,6,3
201450JS2P009,2,9,0,4,0,1,0,0,0,0,2,1,6,2,22,5,1389,1,15,4,1
201450JS2P010,1,5,0,15,0,4,0,0,0,0,3,1,3,1,44,7,600,1,13,5,2
201450JS2P010,2,21,0,3,0,4,0,0,0,0,0,1,1,1,54,8,12902,2,2,-1,1
201450JS2P012,1,9,0,5,0,2,0,0,0,0,3,1,6,2,39,7,1998,2,10,8,2
201450JS2P012,2,5,0,3,0,2,0,0,0,0,3,1,6,1,32,6,999,1,7,2,1
201450JS2P018,1,19,0,18,0,0,0,0,0,0,4,1,1,1,-1,-1,2143,2,2,6,3
201450JS2Q003,1,9,0,18,0,0,2,0,0,0,1,1,6,1,20,4,998,1,16,6,3
201450JS2R001,1,19,0,4,0,1,0,0,0,0,1,1,1,1,18,4,-1,-1,-1,7,2
201450JS2R001,2,9,0,4,0,1,0,0,0,0,2,1,2,1,33,6,-1,-1,-1,4,1
201450JS2R002,1,19,0,18,0,0,1,0,0,0,1,1,6,1,52,8,2402,2,13,7,3
201450JS2R002,2,9,0,3,0,0,0,0,0,0,2,1,6,1,18,4,2495,2,17,4,2
201450JS2R002,3,19,0,3,0,0,0,0,0,0,2,1,6,1,51,8,1995,2,1,7,1
201450JS2R003,1,9,0,18,0,1,0,0,0,0,1,1,2,1,39,7,1599,1,7,5,2
201450JS2R003,2,9,0,9,0,1,0,0,0,0,0,1,2,1,46,8,1896,2,10,5,2
201450JS2R003,3,9,0,10,0,1,0,0,0,0,0,1,2,1,52,8,3222,2,10,7,2
201450JS2R004,1,9,0,9,0,8,0,0,0,0,1,1,6,1,56,9,1896,2,9,3,3
201450JS2R004,2,9,0,3,0,8,0,0,0,0,2,1,6,2,52,8,1995,2,9,6,3
201450JS3N001,1,19,0,5,0,0,5,0,0,0,1,1,1,1,18,4,1300,1,7,3,1
201450JS3N002,1,9,0,18,0,0,0,0,0,0,1,1,2,1,23,5,998,1,18,3,1
201450JS3N002,2,9,0,18,0,0,0,0,0,0,1,1,2,1,22,5,-1,-1,-1,6,1
201450JS3N002,3,9,0,18,0,0,0,0,0,0,2,1,2,2,44,7,1596,1,2,9,1
201450JS3N002,4,9,0,18,0,0,0,0,0,0,2,1,2,2,33,6,1364,1,4,4,1
201450JS3N003,1,11,0,16,0,0,1,0,7,10,1,1,1,1,48,8,4250,2,8,1,1
201450JS3N003,2,9,0,17,0,0,1,0,0,0,1,1,6,2,55,8,1896,2,13,7,3
201450JS3N003,3,9,0,16,0,0,1,0,1,10,1,1,2,2,47,8,2148,2,9,7,1
201450JS3N006,1,9,0,6,0,2,0,0,0,0,3,1,1,1,47,8,-1,-1,-1,7,1
201450JS3N006,2,4,0,18,0,3,0,0,0,0,1,1,1,1,51,8,249,1,32,6,1
201450JS3N008,1,9,0,17,0,0,0,0,7,0,1,1,6,1,84,11,1360,1,14,6,1
201450JS3N008,2,4,0,16,0,0,0,0,0,0,1,1,6,1,67,10,223,1,-1,4,1
201450JS3N010,1,19,0,16,0,0,0,0,0,0,1,1,1,1,65,9,2402,2,5,2,1
201450JS3N010,2,8,0,4,0,0,0,0,0,0,3,1,1,1,45,7,1896,2,6,3,1