Accident_Index,Vehicle_Reference,Vehicle_Type,Towing_and_Articulation,Vehicle_Manoeuvre,Vehicle_Location-Restricted_Lane,Junction_Location,Skidding_and_Overturning,Hit_Object_in_Carriageway,Vehicle_Leaving_Carriageway,Hit_Object_off_Carriageway,1st_Point_of_Impact,Was_Vehicle_Left_Hand_Drive?,Journey_Purpose_of_Driver,Sex_of_Driver,Age_of_Driver,Age_Band_of_Driver,Engine_Capacity_(CC),Propulsion_Code,Age_of_Vehicle,Driver_IMD_Decile,Driver_Home_Area_Type
201450JS3N010,3,9,0,4,0,0,0,0,0,0,3,1,6,1,79,11,1386,1,2,4,1
201450JS3N012,1,9,0,16,0,0,1,0,0,0,4,1,6,1,18,4,1396,1,14,7,1
201450JS3N012,2,9,0,17,0,0,0,0,0,0,1,1,6,1,61,9,1461,2,4,6,3
201450JS3N012,3,9,0,16,0,0,1,0,0,0,1,1,6,1,18,4,1360,1,15,5,1
201450JS3N013,1,9,0,18,0,8,0,0,0,0,1,1,6,1,28,6,1796,1,15,6,1
201450JS3N013,2,9,0,4,0,1,0,0,0,0,2,1,6,2,54,8,1995,2,4,5,3
201450JS3N015,1,3,0,3,0,0,0,0,0,0,1,1,6,1,27,6,125,1,20,3,1
201450JS3N015,2,19,0,1,0,0,0,0,0,0,2,1,6,1,48,8,-1,-1,-1,4,1
201450JS3N016,1,9,0,9,0,5,0,0,0,0,1,1,1,1,22,5,-1,-1,-1,3,1
201450JS3N016,2,1,0,18,0,1,0,0,0,0,4,1,1,1,26,6,-1,-1,-1,8,2
201450JS3N017,1,9,0,18,0,0,0,0,0,0,1,1,6,1,25,5,1968,2,1,4,1
201450JS3N017,2,9,0,18,0,0,0,0,0,0,1,1,6,1,47,8,1896,2,13,8,2
201450JS3N018,1,9,0,18,0,4,0,9,3,1,1,1,6,2,70,10,1339,1,4,10,1
201450JS3O002,1,9,0,18,0,0,1,0,0,0,3,1,2,2,31,6,1248,2,4,7,2
201450JS3O002,2,9,0,18,0,0,0,0,0,0,3,1,6,1,54,8,1198,1,6,7,1
201450JS3O002,3,9,0,18,0,0,0,0,0,0,3,1,6,2,55,8,-1,-1,-1,5,2
201450JT2A002,1,9,0,18,0,0,0,0,0,0,2,1,6,2,43,7,1988,1,13,1,1
201450JT2A002,2,5,0,18,0,0,0,0,0,0,1,1,6,1,65,9,1099,1,4,7,1
201450JT2A003,1,9,0,18,0,0,0,0,0,0,1,1,2,1,19,4,1761,1,14,5,1
201450JT2A004,1,9,0,18,0,0,0,0,0,0,1,1,6,1,32,6,1686,2,9,8,1
201450JT2A004,2,5,0,13,0,0,0,0,7,0,3,1,6,1,22,5,998,1,12,7,1
201450JT2A005,1,5,0,18,0,0,0,12,0,0,1,1,6,1,55,8,747,1,23,3,1
201450JT2A006,1,9,0,16,0,0,0,0,0,0,1,1,6,1,21,5,1360,1,14,6,2
201450JT2A007,1,2,0,18,0,0,0,0,0,0,0,1,1,1,16,4,49,1,6,5,3
201450JT2A009,1,9,0,4,0,1,1,0,0,0,1,1,6,2,42,7,1753,2,11,4,1
201450JT2A009,2,9,0,9,0,1,0,0,0,0,1,1,6,1,36,7,1299,1,12,3,1
201450JT2B008,1,9,4,18,0,0,0,0,0,0,1,1,6,1,24,5,-1,-1,-1,5,1
201450JT2B008,2,9,0,3,0,0,0,0,0,0,1,1,6,1,31,6,1896,2,11,7,1
201450JT2C001,1,9,0,18,0,0,0,0,0,0,1,1,1,1,50,8,2982,2,3,7,1
201450JT2C002,1,9,0,16,0,0,5,0,7,0,1,1,1,1,62,9,1968,2,1,3,3
201450JT2C003,1,5,0,17,0,0,1,0,1,10,3,1,6,1,44,7,1198,1,3,8,1
201450JT2C004,1,9,0,18,0,0,0,0,0,0,1,1,6,1,31,6,2490,2,18,5,2
201450JT2C004,2,1,0,18,0,0,0,0,1,4,1,1,6,1,24,5,-1,-1,-1,7,3
201450JT2C005,1,9,0,17,0,0,2,0,7,10,1,1,6,1,18,4,1229,1,9,2,1
201450JT2C007,1,9,0,4,0,0,0,0,0,0,3,1,6,2,43,7,1973,1,13,3,3
201450JT2D002,1,9,0,16,0,0,2,0,0,10,0,1,6,1,17,4,1242,1,11,8,1
201450JT2D002,2,11,0,17,0,0,0,0,0,10,0,1,1,1,67,10,3900,2,11,7,3
201450JT2D003,1,9,4,10,0,1,0,0,0,0,2,1,6,1,34,6,2765,2,16,4,3
201450JT2D003,2,9,0,4,0,1,0,0,0,0,2,1,6,1,26,6,1596,1,11,7,3
201450JT2D003,3,21,1,18,0,1,0,0,0,0,1,1,1,1,48,8,11705,2,8,7,1
201450JT2D005,1,5,0,16,0,0,5,0,7,10,4,1,6,1,22,5,599,1,6,7,1
201450JT2D005,2,9,0,17,0,0,0,0,0,0,1,1,6,2,40,7,1360,1,12,5,3
201450JT2E001,1,9,0,18,0,0,0,0,0,0,1,1,6,2,24,5,1124,1,13,4,2
201450JT2E001,2,9,0,18,0,0,0,0,0,0,1,1,6,1,31,6,1994,1,13,4,2
201450JT2I001,1,9,0,18,0,0,0,0,7,11,1,1,6,1,42,7,1997,2,14,4,3
201450JT2I002,1,9,0,18,0,1,1,0,0,0,1,1,6,2,51,8,-1,-1,-1,5,3
201450JT2I002,2,9,0,5,0,8,1,0,3,1,3,1,6,1,25,5,-1,-1,-1,-1,-1
201450JT2I004,1,9,0,18,0,0,5,4,0,0,1,1,6,1,79,11,2393,1,3,8,1
201450JT2I004,2,9,0,2,0,0,0,0,0,0,4,1,6,1,52,8,2184,2,12,5,3
201450JT2I005,1,9,0,17,0,0,1,0,0,0,1,1,6,2,21,5,1299,1,7,5,2
201450JT2I005,2,9,0,18,0,0,0,0,0,0,1,1,6,1,61,9,1598,1,14,10,1
201450JT2J001,1,9,0,9,0,5,0,0,1,11,4,1,2,2,29,6,1150,1,8,7,1
201450JT2J001,2,9,0,18,0,1,0,0,0,0,1,1,3,2,26,6,1839,1,15,5,3
201450JT2K001,1,8,0,16,0,0,5,0,2,10,1,1,1,1,29,6,2460,2,7,5,1
201450JT2K002,1,9,0,5,0,6,0,0,0,0,3,1,6,1,46,8,1398,1,9,5,3
201450JT2K002,2,9,0,18,0,8,0,0,0,0,1,1,3,1,57,9,1560,2,7,5,3
201450JT2K002,3,19,0,10,0,1,0,0,0,0,1,1,6,1,55,8,2198,2,1,6,3
201450JT2K003,1,9,0,9,0,0,0,0,0,0,3,1,2,1,43,7,1761,1,16,7,1
201450JT2K003,2,5,0,13,0,0,2,0,0,0,4,1,2,1,22,5,749,1,16,5,1
201450JT2K004,1,9,0,5,0,6,0,0,0,0,4,1,6,1,88,11,1086,1,8,3,3
201450JT2K004,2,9,0,18,0,8,5,0,7,10,1,1,2,2,37,7,1242,1,4,3,2
201450JT2M001,1,19,0,18,0,0,0,0,0,0,1,1,1,1,24,5,2488,2,1,3,1
201450JT2M001,2,19,0,18,0,0,0,0,0,0,1,1,1,1,40,7,1560,2,3,7,2
201450JT2M002,1,9,0,18,0,0,0,0,0,0,1,1,6,1,67,10,1905,2,17,7,1
201450JT2M002,2,9,0,18,0,0,0,0,0,0,2,1,1,1,58,9,-1,-1,-1,3,3
201450JT2N001,1,9,0,16,0,0,0,0,0,0,1,1,2,1,18,4,1360,1,6,7,2
201450JT2N002,1,9,0,13,0,0,0,0,0,0,1,1,1,1,41,7,1796,1,17,4,3
201450JT2N002,2,9,0,18,0,0,0,0,1,10,1,1,1,2,53,8,1997,2,9,5,3
201450JT2O001,1,9,0,18,0,1,0,0,3,11,1,1,6,1,75,10,1598,1,4,7,3
201450JT2Q001,1,9,0,17,0,0,0,0,1,4,1,1,6,1,48,8,1560,2,1,8,1
201450JT2Q002,1,9,0,16,0,0,1,0,8,11,1,1,6,1,19,4,1781,1,11,7,3
201450JT2Q003,1,19,0,1,0,2,0,0,0,0,2,1,1,1,44,7,2198,2,1,5,3
201450JT2Q003,2,9,0,3,0,2,0,0,0,0,1,1,3,2,44,7,1595,1,8,7,3
201450JT2Q004,1,9,0,18,0,1,0,0,0,0,1,1,1,1,52,8,-1,-1,-1,5,1
201450JT2Q004,2,1,0,18,0,1,0,0,0,0,1,1,6,1,48,8,-1,-1,-1,8,1
201450JT2Q005,1,3,0,18,0,0,1,0,0,0,1,1,6,1,18,4,124,1,8,7,2
201450JT2Q005,2,9,0,4,0,0,0,0,0,0,2,1,6,1,85,11,1560,2,6,8,1
201450JT2R002,1,9,0,18,0,0,0,0,0,0,1,1,6,1,61,9,1790,1,5,4,2
201450JT2R002,2,9,0,18,0,0,5,0,0,0,1,1,6,2,38,7,2972,1,20,2,1
201450JT2R002,3,9,0,18,0,0,0,0,0,0,1,1,6,2,59,9,1349,1,5,6,1
201450JT2R002,4,9,0,18,0,0,0,0,0,0,1,1,6,1,66,10,1390,1,14,7,3
201450JT2R003,1,9,0,17,0,8,0,0,0,0,1,1,6,1,89,11,1299,1,6,7,2
201450JT2R003,2,1,0,17,0,8,0,0,0,0,2,1,6,1,37,7,-1,-1,-1,-1,-1
201450JT2R005,1,9,0,2,0,0,0,0,1,10,4,1,6,2,-1,-1,1968,2,7,9,3
201450JT2R010,1,9,0,18,0,0,1,0,0,0,1,1,6,2,18,4,1248,1,-1,7,2
201450JT2R011,1,4,0,13,0,1,0,0,0,0,1,1,6,1,22,5,249,1,2,3,3
201450JT2R011,2,9,0,9,0,5,0,0,0,0,3,1,6,2,32,6,999,1,1,-1,-1
201450JT2R014,1,9,0,9,0,1,0,0,0,0,3,1,6,1,59,9,998,1,13,5,2
201450JT2R014,2,9,0,18,0,1,0,0,0,0,4,1,2,2,19,4,1298,1,14,3,1
201450JT2R015,1,5,0,9,0,6,0,0,0,0,1,1,6,1,63,9,1050,1,1,4,1
201450JT2R015,2,9,0,18,0,1,0,0,0,0,4,1,6,2,64,9,1598,1,-1,7,1
201450JT2R016,1,9,0,18,0,8,0,0,0,0,1,1,6,1,22,5,1668,1,13,2,1
201450JT2S001,1,5,0,17,0,0,0,0,1,0,4,1,6,1,57,9,1352,1,4,4,1
201450JT2S001,2,5,0,17,0,0,1,0,1,0,3,1,6,1,56,9,748,1,20,1,1
201450JT2S002,1,9,0,16,0,0,5,0,1,10,1,1,6,2,31,6,1997,2,11,5,2
201450JT2S003,1,5,0,16,0,0,0,0,1,1,1,1,1,1,27,6,599,1,6,4,1
201450JT2S004,1,5,0,16,0,0,1,0,0,10,4,1,6,1,42,7,1402,1,11,5,2
201450JT2S005,1,9,0,18,0,0,0,0,0,0,4,1,6,2,41,7,1560,2,4,5,1
201450JT2T002,1,9,0,18,0,1,1,11,0,0,1,1,2,2,21,5,1360,1,11,4,2
201450JT2T002,2,19,0,4,0,1,0,0,0,0,2,1,6,1,-1,-1,1399,2,5,10,1
201450JT2T004,1,9,0,16,0,0,2,0,7,10,1,1,6,1,19,4,1299,1,13,7,1
201450JT2T005,1,9,0,9,0,2,0,0,0,0,4,1,6,2,28,6,1390,1,15,5,1
201450JT2T005,2,4,0,18,0,8,1,0,0,0,1,1,6,1,27,6,400,1,24,4,1
201450JT2T006,1,9,0,18,0,0,0,0,0,0,1,1,6,2,17,4,1590,1,9,5,1
201450JT2T006,2,9,0,18,0,0,0,0,0,0,1,1,6,1,22,5,1896,2,13,2,1
201450JT2U001,1,9,0,17,0,0,1,0,7,11,3,1,6,2,20,4,1598,1,13,4,1
201450JT2V003,1,9,0,18,0,8,0,0,0,0,1,1,2,2,48,8,1686,2,10,5,3
201450JT2W002,1,9,0,5,0,1,0,0,0,0,4,1,6,1,84,11,1198,1,6,8,1
201450JT2W002,2,9,0,18,0,1,0,0,0,0,3,1,6,2,50,8,1499,2,1,5,1
201450JT2W004,1,9,0,18,0,0,0,0,0,0,4,1,6,2,63,9,1596,1,5,4,3
201450JT3F001,1,9,0,18,0,0,2,0,0,0,0,1,6,2,58,9,1870,2,11,5,3
201450JT3G001,1,19,4,9,0,8,0,0,0,0,3,1,6,1,35,6,1870,2,15,4,3
201450JT3G001,2,9,0,13,0,8,0,0,3,10,4,1,6,1,41,7,1995,2,1,4,2
201450JT3G002,1,9,0,18,0,0,5,0,8,6,1,1,6,2,64,9,1580,1,20,6,3
201450JT3G003,1,9,0,18,0,0,1,0,2,4,1,1,2,1,24,5,1580,1,25,5,3
201450JT3G003,2,9,0,18,0,0,0,0,0,0,0,1,2,1,22,5,-1,-1,-1,5,2
201450JT3H002,1,9,0,9,0,5,0,0,0,0,4,1,6,1,77,11,1587,1,12,5,3
201450JT3H002,2,1,0,18,0,8,0,0,0,0,1,1,6,1,63,9,-1,-1,-1,5,3
201450JT3H003,1,9,0,18,0,6,0,0,0,1,1,1,6,2,17,4,1242,1,11,4,3
201450JT3H003,2,9,0,18,0,8,0,0,1,11,3,1,6,1,54,8,2179,2,7,4,3
201450JT3H005,1,9,0,9,0,5,0,0,1,1,1,1,6,1,62,9,1061,1,10,3,1
201450JT3H005,2,9,0,18,0,1,0,0,1,1,1,1,6,1,67,10,1560,2,3,5,2
201450JT3H006,1,9,0,10,0,5,0,0,0,0,1,1,6,2,26,6,1596,1,12,5,3
201450JT3H006,2,9,0,18,0,2,0,0,0,0,1,1,6,1,39,7,1997,2,-1,5,3
201450JT3H010,1,9,0,17,0,0,1,0,1,1,3,1,6,1,19,4,1360,1,12,4,2
201450JT3H011,1,9,0,18,0,0,0,0,0,0,1,1,6,1,72,10,1398,2,2,3,1
201450JT3H011,2,9,0,2,0,0,0,0,0,0,2,1,6,1,-1,-1,1995,2,12,5,3
201450KA2A001,1,9,0,18,0,1,0,0,0,0,1,1,6,1,52,8,1598,2,3,8,3
201450KA2A001,2,9,0,8,0,6,0,0,0,0,2,1,6,1,67,10,1598,2,4,6,3
201450KA2A001,3,9,0,7,0,6,0,0,0,0,1,1,6,1,66,10,1995,1,4,7,2
201450KA2A002,1,3,0,18,0,0,1,10,1,11,4,1,6,1,19,4,124,1,11,6,2
201450KA2A003,1,9,0,18,0,8,0,0,0,0,1,1,1,1,27,6,-1,-1,-1,5,1
201450KA2A003,2,9,0,18,0,8,0,0,0,0,2,1,1,2,37,7,1600,2,4,7,1
201450KA2A003,3,9,0,18,0,8,0,0,1,0,2,1,6,2,18,4,1198,1,7,5,3
201450KA2A004,1,9,0,18,0,0,0,0,7,4,1,1,6,1,57,9,1299,1,18,6,2
201450KA2A005,1,9,0,5,0,5,0,0,0,0,1,1,6,1,60,9,-1,-1,-1,-1,-1
201450KA2A005,2,9,0,18,0,1,0,0,0,0,1,1,6,2,70,10,1798,1,13,4,2
201450KA2A006,1,11,0,17,0,0,0,0,0,0,3,1,1,1,56,9,-1,-1,-1,-1,-1
201450KA2A006,2,20,0,16,0,0,0,0,0,0,3,1,1,1,64,9,-1,2,18,6,2
201450KA2A007,1,9,0,16,0,1,0,0,0,0,1,1,6,1,23,5,1997,2,13,5,1
201450KA2A007,2,9,0,17,0,1,5,0,0,0,2,1,6,1,55,8,1598,1,1,9,1
201450KA2B001,1,9,0,16,0,0,0,0,7,3,1,1,2,1,36,7,1769,1,12,4,2
201450KA2B002,1,9,0,18,0,0,0,0,1,0,1,1,1,2,45,7,1596,1,11,5,2
201450KA2B002,2,9,0,18,0,0,0,0,1,0,1,1,6,2,56,9,1998,1,17,5,2
201450KA2B003,1,9,0,13,0,0,0,0,0,0,4,1,6,2,75,10,1560,2,4,5,3
201450KA2B003,2,1,0,18,0,0,0,0,0,0,3,1,6,1,52,8,-1,-1,-1,7,2
201450KA2B005,1,9,0,17,0,0,1,0,0,0,1,1,6,2,66,10,2179,2,7,6,3
201450KA2B005,2,9,0,16,0,0,1,0,0,0,1,1,6,1,67,10,1399,2,6,6,3
201450KA2B006,1,3,0,13,0,1,0,0,0,0,1,1,6,1,24,5,124,1,-1,4,2
201450KA2B006,2,9,0,9,0,1,0,0,0,0,3,1,6,2,71,10,1998,2,7,7,3
201450KA2D001,1,9,0,16,0,0,1,0,0,0,1,1,6,2,62,9,1998,1,13,4,2
201450KA2D001,2,9,0,4,0,0,0,0,0,0,2,1,6,1,82,11,1796,1,14,7,3
201450KA2D001,3,9,0,4,0,0,0,0,0,0,2,1,6,1,37,7,2143,2,1,6,2
201450KA2D001,4,9,0,4,0,0,0,0,0,0,2,1,6,1,49,8,2495,2,17,8,3
201450KA2D002,1,9,0,18,0,0,1,0,0,0,3,1,6,2,74,10,1796,1,7,6,3
201450KA2D002,2,1,0,18,0,0,1,0,0,0,3,1,6,1,44,7,-1,-1,-1,7,1
201450KA2D003,1,5,0,16,0,0,1,0,0,0,1,1,6,1,25,5,599,1,7,1,1
201450KA2D003,2,9,0,17,0,0,0,0,0,0,1,1,6,1,48,8,1988,2,10,5,1
201450KA2F001,1,9,0,9,0,1,0,0,0,0,4,1,1,1,34,6,1896,2,8,5,2
201450KA2F001,2,9,0,18,0,6,0,0,0,0,3,1,1,2,53,8,1998,2,9,4,3
201450KA2F002,1,9,0,18,0,0,1,0,0,0,1,1,6,2,72,10,1997,2,8,-1,1
201450KA2F002,2,19,0,18,0,0,2,0,1,0,1,1,1,1,34,6,2798,2,8,4,2
201450KA2F003,1,9,0,5,0,6,0,0,0,0,3,1,6,2,17,4,973,1,13,8,2
201450KA2F003,2,9,0,18,0,6,0,0,0,0,1,1,6,2,30,6,1799,1,7,-1,1
201450KA2F004,1,90,0,18,0,1,0,0,0,0,1,1,6,1,66,10,2178,2,11,10,1
201450KA2F004,2,9,0,9,0,1,0,0,0,0,2,1,6,2,37,7,1397,1,4,4,3
201450KA2F005,1,9,0,9,0,5,0,0,0,0,4,1,6,1,42,7,1389,1,13,7,3
201450KA2F005,2,3,0,18,0,8,0,0,0,0,1,1,6,1,19,4,124,1,6,7,3
201450KA2F006,1,9,4,4,0,1,1,0,0,0,1,1,6,1,63,9,2495,2,11,7,3
201450KA2F006,2,9,0,10,0,1,0,0,0,0,2,1,1,2,79,11,1198,1,4,7,3
201450KA2F007,1,21,1,13,0,2,0,0,0,0,4,1,1,1,54,8,12580,2,9,10,1
201450KA2F007,2,17,4,18,0,2,0,0,0,0,3,1,1,1,47,8,6600,2,13,7,3
201450KA2F008,1,9,0,18,0,0,0,0,7,0,1,1,6,1,65,9,1995,1,8,2,1
201450KA2F008,2,9,0,18,0,0,0,0,0,0,1,1,6,1,62,9,-1,-1,-1,8,3
201450KA2F010,1,9,0,18,0,1,1,0,0,0,1,1,6,1,47,8,1968,2,2,4,1
201450KA2F010,2,19,0,10,0,8,0,0,0,0,2,1,6,1,65,9,-1,-1,-1,5,3
201450KA2F012,1,9,0,18,0,0,0,0,0,0,1,1,6,2,58,9,1390,1,1,5,2
201450KA2F013,1,9,0,18,0,0,0,0,0,0,1,1,6,2,28,6,1910,2,7,6,2
201450KA2F013,2,9,0,3,0,0,0,0,0,0,1,1,1,1,56,9,-1,-1,-1,-1,-1
201450KA2F014,1,90,0,18,0,0,0,0,0,0,1,1,1,1,60,9,-1,-1,-1,5,3
201450KA2F014,2,9,0,18,0,0,0,0,0,0,2,1,6,1,44,7,1896,2,14,4,1
201450KA2F014,3,9,0,18,0,0,0,0,0,0,2,1,6,2,44,7,1796,1,5,5,1
201450KA2F014,4,9,0,18,0,0,0,0,0,0,2,1,6,1,56,9,1997,2,6,7,2
201450KA2F014,5,9,0,13,0,0,0,0,0,0,0,1,1,1,46,8,2993,2,3,6,3
201450KA2G001,1,9,0,17,0,1,1,0,0,0,1,1,6,1,20,4,1396,1,10,7,3
201450KA2G001,2,9,0,16,0,1,1,0,0,0,3,1,6,1,52,8,1584,1,12,5,2
201450KA2G002,1,9,0,6,0,0,0,0,0,0,4,1,6,1,44,7,1598,1,6,10,1
201450KA2G002,2,9,0,18,0,0,0,0,0,0,1,1,6,1,88,11,2204,2,8,7,3
201450KA2G003,1,9,0,18,0,0,0,0,1,11,1,1,6,2,22,5,1598,1,9,3,1
201450KA2I002,1,9,0,9,0,6,0,0,0,0,1,1,6,1,81,11,1590,1,10,8,2
201450KA2I002,2,9,0,18,0,1,0,0,0,0,1,1,6,2,19,4,1596,1,9,7,2
201450KA2I002,3,9,0,7,0,6,0,0,0,0,1,1,6,2,48,8,1242,1,12,5,2
201450KA2I003,1,2,0,16,0,0,0,0,0,0,1,1,2,1,16,4,49,1,14,5,3
201450KA2I003,2,9,0,17,0,0,0,0,0,0,1,1,1,1,45,7,-1,-1,-1,6,3
201450KA2I004,1,9,0,17,0,0,5,0,7,9,3,1,6,1,57,9,1461,2,3,-1,1
201450KA2I005,1,9,0,9,0,1,0,0,0,0,3,1,6,2,49,8,-1,-1,-1,5,3
201450KA2I005,2,4,0,13,0,1,0,0,0,0,1,1,6,1,30,6,249,1,15,6,2
201450KA2J001,1,9,0,9,0,8,0,0,0,0,3,1,1,2,43,7,1997,2,6,7,2
201450KA2J001,2,9,0,18,0,8,0,0,0,0,1,1,1,1,54,8,1896,2,13,5,3
201450KA2J002,1,19,0,18,0,1,1,0,0,0,1,1,1,1,54,8,1868,2,11,3,1
201450KA2J002,2,22,0,18,0,8,0,0,0,0,4,1,6,1,70,10,-1,-1,-1,5,2
201450KA2J005,1,9,0,18,0,0,0,0,0,0,3,1,6,3,-1,-1,-1,-1,-1,-1,-1
201450KA2J005,2,9,0,18,0,0,0,0,0,0,3,1,3,1,41,7,1896,2,13,5,2
201450KA2J006,1,9,0,18,0,0,0,0,0,0,0,1,6,2,22,5,1196,1,18,5,2
201450KA2J007,1,9,0,4,0,0,0,0,0,0,3,1,6,1,27,6,1597,1,19,5,1
201450KA2J007,2,9,0,18,0,0,0,0,0,0,3,1,6,3,-1,-1,-1,-1,-1,-1,-1
201450KA2J009,1,9,0,4,0,0,0,0,0,0,1,1,6,1,46,8,1685,2,-1,6,2
201450KA2J009,2,9,0,4,0,0,0,0,0,0,3,1,6,2,47,8,1331,1,20,5,2
201450KA2J010,1,9,0,18,0,0,2,0,1,9,2,1,6,2,18,4,1149,1,12,10,1
201450KC2C001,1,2,0,18,0,0,5,12,0,0,1,1,6,1,16,4,49,1,4,5,3
201450KC2C001,2,9,0,18,0,0,0,0,0,0,4,1,6,2,65,9,1582,2,5,4,3
201450KC2C002,1,9,0,18,0,0,2,0,0,0,1,1,6,2,85,11,1242,1,4,5,3
201450KC2D001,1,9,0,18,0,0,0,0,0,0,3,1,6,3,-1,-1,1590,1,10,5,3
201450KC2D001,2,9,0,3,0,0,0,0,0,0,3,1,6,1,39,7,1598,1,15,5,3
201450KC2E001,1,9,0,18,0,0,2,0,0,0,4,1,6,1,74,10,998,1,5,5,1
201450KC2E002,1,9,0,9,0,8,0,0,0,0,1,1,6,1,86,11,1392,1,15,4,3
201450KC2E002,2,9,0,18,0,8,0,0,0,0,1,1,6,2,46,8,1560,2,6,5,1
201450KC2E003,1,1,0,4,0,2,0,0,0,0,1,1,6,1,10,2,-1,-1,-1,4,3
201450KC2E003,2,9,0,18,0,2,1,0,0,0,4,1,6,3,-1,-1,-1,-1,-1,-1,-1
201450KC2E004,1,9,0,16,0,0,0,0,0,0,1,1,6,2,18,4,-1,-1,-1,5,3
201450KC2E004,2,9,0,17,0,0,0,0,0,0,1,1,6,2,55,8,1997,2,9,4,3
201450KC2H001,1,9,0,17,0,2,0,0,0,0,1,1,1,1,22,5,-1,-1,-1,4,2
201450KC2H001,2,9,0,16,0,1,0,0,0,0,1,1,6,1,86,11,1796,1,9,6,2
201450KC2J002,1,5,0,17,0,0,0,0,7,10,1,1,6,1,31,6,899,1,15,7,3
201450KC2K001,1,9,0,17,0,0,1,0,0,0,1,1,6,1,18,4,1242,1,17,5,1
201450KC2K001,2,9,0,16,0,0,0,0,0,0,1,1,6,2,51,8,1397,1,4,5,3
201450KC2K002,1,21,0,18,0,1,1,0,0,0,1,1,1,2,55,8,-1,2,16,4,3
201450KC2K002,2,9,0,3,0,1,0,0,1,0,2,1,6,1,51,8,-1,-1,-1,4,3
201450KC2K002,3,9,0,10,0,1,0,0,0,0,2,1,1,1,59,9,1598,2,2,4,1
201450KC2K003,1,9,0,18,0,0,1,7,0,0,1,1,6,1,35,6,1560,2,1,-1,-1
201450KC2K004,1,9,0,17,0,0,0,0,1,10,1,1,6,2,22,5,1149,1,15,4,1
201450KC2M004,1,9,0,14,0,0,0,0,0,0,1,1,6,2,66,10,1386,1,8,7,2
201450KC2M004,2,9,0,18,0,0,0,0,0,0,3,1,1,2,40,7,1248,2,8,4,1
201450KC2M007,1,9,0,18,0,1,0,0,0,0,1,1,6,1,68,10,1598,1,13,4,2
201450KC2M007,2,9,0,10,0,1,0,0,0,0,2,1,6,2,56,9,1242,1,13,6,3
201450KC2M010,1,9,0,18,0,1,0,0,1,11,1,1,6,1,23,5,1124,1,9,5,3
201450KC2M014,1,9,0,8,0,1,0,0,0,0,3,1,1,1,53,8,1998,1,12,6,3
201450KC2M014,2,9,0,14,0,1,0,0,0,0,4,1,1,1,67,10,-1,-1,-1,6,3
201450KC2N002,1,9,0,10,0,1,0,0,0,0,1,1,6,2,24,5,1686,2,7,7,2
201450KC2N002,2,9,0,18,0,1,0,0,0,0,3,1,6,1,43,7,1968,2,7,6,3
201450KC2N003,1,9,0,17,0,0,5,0,0,0,1,1,6,1,50,8,1975,1,14,7,2
201450KC2N003,2,9,0,16,0,0,0,0,0,0,1,1,6,1,37,7,1968,2,5,7,2
201450KC2N004,1,1,0,16,0,0,0,0,0,0,0,1,6,1,53,8,-1,-1,-1,6,3
201450KC2N004,2,9,0,17,0,0,0,0,0,0,0,1,6,2,19,4,2198,2,1,6,3
201450KC2N005,1,9,0,18,0,0,0,0,0,0,1,1,6,3,-1,-1,-1,-1,-1,-1,-1
201450KC2N005,2,1,0,18,0,0,0,0,0,0,1,1,6,1,48,8,-1,-1,-1,8,1
201450KC2N005,3,1,0,18,0,0,0,0,0,0,1,1,6,1,68,10,-1,-1,-1,-1,1
201450KC2N006,1,9,0,18,0,0,0,0,0,0,1,1,2,2,43,7,1560,2,-1,6,3
201450KC2N006,2,3,0,17,0,0,0,0,0,0,1,1,2,1,18,4,124,1,2,5,3
201450KC2N007,1,9,0,17,0,0,2,0,2,11,1,1,6,2,24,5,1388,1,11,6,3
201450KC2R001,1,3,0,14,0,0,1,0,0,0,0,1,6,1,41,7,123,1,30,-1,1
201450KC2R001,2,21,0,3,0,0,0,0,0,0,0,1,1,1,32,6,12740,2,-1,5,3
201450KC2R001,3,21,0,18,0,0,0,0,0,0,0,1,1,1,25,5,6692,2,3,8,1
201450KC2R002,1,5,0,16,0,0,0,0,0,0,3,1,6,1,46,8,1188,1,11,4,3
201450KC2R002,2,11,0,17,0,0,0,0,0,0,3,1,1,1,57,9,8268,2,10,2,1
201450KC2R003,1,9,0,18,0,1,0,0,0,0,1,1,6,1,70,10,1596,1,13,9,1
201450KC2R003,2,9,0,18,0,1,0,0,0,0,1,1,1,1,57,9,1753,2,5,6,1
201450KC2R005,1,9,0,9,0,0,0,0,0,0,0,1,6,1,52,8,1591,1,3,6,1
201450KC2R005,2,5,0,15,0,0,0,0,0,0,2,1,6,1,48,8,800,1,-1,6,1
201450KC2R006,1,9,0,4,0,1,1,0,0,0,1,1,2,1,23,5,2204,2,8,5,3
201450KC2R006,2,9,0,2,0,1,0,0,0,0,1,1,2,1,29,6,1396,1,14,2,1
201450KC2R007,1,9,0,16,0,0,5,0,0,10,1,1,6,1,18,4,973,1,13,7,2
201450KC2R008,1,9,0,17,0,0,0,0,0,0,4,1,6,1,51,8,2495,2,16,4,2
201450KC2R008,2,1,0,17,0,0,0,0,0,0,3,1,6,2,13,3,-1,-1,-1,5,3
201450KC2R009,1,4,0,14,0,8,0,0,0,0,1,1,2,1,23,5,487,1,11,5,3
201450KC2R009,2,9,0,9,0,6,0,0,0,0,1,1,1,1,21,5,2500,2,15,6,3
201450KC2R010,1,9,0,4,0,1,1,0,0,0,1,1,6,1,18,4,1391,1,13,7,2
201450KC2R010,2,9,0,3,0,1,0,0,0,0,2,1,6,2,53,8,1229,1,4,6,3
201450KC2R010,3,9,0,3,0,1,0,0,0,0,2,1,6,2,-1,-1,1587,1,13,-1,-1
201450KC2U001,1,9,0,13,0,0,1,0,2,4,4,1,6,1,63,9,1560,2,1,7,3
201450KC2U001,2,9,0,18,0,0,1,0,2,4,3,1,6,2,61,9,1560,2,4,10,1
201450KC2U005,1,9,0,18,0,0,0,0,0,0,1,1,6,1,64,9,1399,1,7,5,3