Accident_Index,Vehicle_Reference,Vehicle_Type,Towing_and_Articulation,Vehicle_Manoeuvre,Vehicle_Location-Restricted_Lane,Junction_Location,Skidding_and_Overturning,Hit_Object_in_Carriageway,Vehicle_Leaving_Carriageway,Hit_Object_off_Carriageway,1st_Point_of_Impact,Was_Vehicle_Left_Hand_Drive?,Journey_Purpose_of_Driver,Sex_of_Driver,Age_of_Driver,Age_Band_of_Driver,Engine_Capacity_(CC),Propulsion_Code,Age_of_Vehicle,Driver_IMD_Decile,Driver_Home_Area_Type
201450KH2H025,1,9,0,6,8,0,0,0,0,0,1,1,6,2,71,10,1149,1,9,3,1
201450KH2H025,2,9,0,18,0,0,0,0,0,0,4,1,6,2,46,8,2143,2,4,7,3
201450KH2H026,1,9,0,18,0,0,0,0,0,0,1,1,6,2,53,8,1399,2,2,7,3
201450KH2H027,1,9,0,18,0,1,0,0,0,0,1,1,6,2,62,9,2184,2,11,5,3
201450KH2H027,2,9,0,9,0,7,0,0,0,0,4,1,6,2,32,6,2204,2,8,8,1
201450KH2H029,1,5,0,18,0,0,0,0,0,0,4,1,1,1,43,7,599,1,14,5,1
201450KH2H029,2,9,0,18,0,0,0,0,0,0,3,1,1,1,28,6,-1,-1,-1,3,1
201450KH2H032,1,9,0,1,0,0,0,4,1,10,1,1,6,1,79,11,1240,1,11,5,3
201450KH2H032,2,9,0,2,0,0,0,0,0,0,2,1,6,2,28,6,1242,1,10,4,1
201450KH2H032,3,9,0,2,0,0,0,0,0,0,2,1,2,2,49,8,1796,1,5,5,1
201450KH2H034,1,9,0,18,0,0,0,0,0,0,1,1,6,1,61,9,1956,2,1,5,2
201450KH2H034,2,9,0,18,0,0,0,0,0,0,2,1,6,1,59,9,1598,1,8,10,2
201450KH2H036,1,9,0,18,0,1,0,10,1,7,4,1,6,1,19,4,1242,1,10,7,3
201450KH2H037,1,9,0,1,0,0,0,0,0,0,2,1,6,2,36,7,1995,1,4,6,2
201450KH2H038,1,9,0,9,0,1,0,0,0,0,1,1,1,1,28,6,999,1,15,9,2
201450KH2H038,2,4,0,18,0,1,0,0,0,0,1,1,1,1,52,8,250,1,17,4,1
201450KH2H040,1,9,0,8,0,6,0,0,0,0,2,1,6,2,27,6,-1,-1,-1,10,1
201450KH2H040,2,9,0,8,0,6,0,0,0,0,1,1,6,2,24,5,1229,1,9,7,1
201450KH2H041,1,3,0,9,0,3,0,0,0,0,4,1,6,1,18,4,125,1,3,7,3
201450KH2H041,2,9,0,18,0,4,0,0,0,0,1,1,6,2,70,10,2000,2,5,5,1
201450KH2H043,1,9,0,18,0,0,0,0,0,0,1,1,6,2,67,10,2204,2,9,-1,3
201450KH2H043,2,9,0,18,0,0,0,0,1,0,1,1,6,1,37,7,1299,1,12,10,2
201450KH2H044,1,9,0,18,0,0,1,0,0,0,1,2,6,1,24,5,-1,-1,-1,5,3
201450KH2H044,2,9,0,18,0,0,0,0,0,0,2,1,6,1,71,10,1796,1,7,8,1
201450KH2H045,1,9,0,18,0,0,0,4,0,0,1,1,6,2,73,10,1329,1,2,5,1
201450KH2H045,2,9,0,2,0,0,0,0,0,0,2,1,6,1,26,6,1896,2,5,4,1
201450KH2I002,1,9,0,18,0,0,0,0,0,0,1,1,6,1,43,7,998,1,1,2,1
201450KH2I002,2,9,0,4,0,0,0,0,0,0,2,1,6,2,61,9,1398,1,9,4,1
201450KH2I003,1,9,0,16,0,2,1,0,0,0,1,1,6,1,26,6,1716,2,12,8,3
201450KH2I003,2,5,0,3,0,2,0,0,0,0,2,1,6,1,43,7,998,1,14,10,1
201450KH2I003,3,9,0,3,0,1,0,0,0,0,2,1,6,1,30,6,1598,1,4,4,1
201450KH2I004,1,9,0,9,0,6,0,0,0,0,1,1,6,1,87,11,998,1,9,5,3
201450KH2I004,2,5,0,17,0,1,0,0,0,0,1,1,6,1,58,9,645,1,12,7,1
201450KH2M001,1,19,0,18,0,1,0,0,0,0,1,1,1,1,49,8,2800,2,10,3,1
201450KH2M001,2,9,0,10,0,1,0,0,0,0,2,1,6,1,79,11,1248,1,1,3,1
201450KH2N002,1,9,0,18,0,0,1,0,0,0,1,1,2,1,20,4,1392,1,24,9,2
201450KH2N002,2,11,0,18,0,0,0,0,0,0,1,1,3,2,44,7,9000,2,15,7,1
201450KH2O001,1,9,0,18,0,0,0,0,0,0,1,1,1,2,28,6,1600,2,5,6,1
201450KH2O001,2,9,0,18,0,0,0,0,0,0,1,1,6,2,43,7,1995,2,12,7,1
201450KH2O003,1,3,0,16,0,0,1,0,0,0,0,1,6,1,17,4,125,1,8,7,3
201450KH2Q001,1,3,0,4,0,0,1,0,0,0,1,1,6,1,18,4,125,1,1,5,3
201450KH2Q001,2,9,0,3,0,0,0,0,0,0,2,1,1,1,47,8,1560,2,2,5,1
201450KH3B002,1,9,0,9,0,2,0,0,0,0,1,1,6,2,43,7,1598,1,7,8,2
201450KH3C001,1,9,0,18,0,8,0,0,0,0,1,1,1,1,63,9,1590,1,16,7,3
201450KH3C001,2,5,0,18,0,1,0,0,0,0,1,1,1,1,51,8,644,1,8,5,3
201450KH3C002,1,9,0,18,0,0,0,0,0,0,0,1,6,1,55,8,1956,2,3,7,3
201450KH3C002,2,2,0,18,0,0,1,0,1,0,0,1,6,1,16,4,49,1,-1,4,2
201450KH3D001,1,5,0,16,0,1,2,0,0,0,1,1,6,1,60,9,929,1,14,7,3
201450KH3D001,2,9,0,18,0,1,0,0,0,0,0,1,6,1,67,10,2179,2,1,8,3
201450KH3F001,1,9,0,18,0,0,1,0,7,9,1,1,6,2,73,10,-1,-1,-1,7,1
201450KN3B001,1,19,0,17,0,8,1,6,7,4,4,1,6,1,43,7,2461,2,13,4,2
201450KN3B002,1,19,0,18,0,0,1,0,0,0,1,1,6,1,29,6,-1,-1,-1,7,1
201450KN3B002,2,9,0,3,0,0,0,0,0,0,2,1,6,1,73,10,1229,1,1,2,1
201450KN3B002,3,9,0,3,0,0,0,0,0,0,2,1,6,1,43,7,1339,1,1,10,1
201450KN3B002,4,19,0,3,0,0,0,0,0,0,2,1,6,1,24,5,1560,2,-1,-1,1
201450KN3B004,1,9,0,17,0,0,1,0,1,11,3,1,6,1,17,4,973,1,12,7,2
201450KN3B005,1,9,0,18,0,0,5,0,0,11,3,1,6,2,24,5,1149,1,11,8,2
201450KN3C002,1,20,0,9,0,1,1,0,0,0,1,1,1,1,23,5,4461,2,5,7,3
201450KN3C002,2,9,0,17,0,1,0,0,0,0,1,1,6,2,47,8,1587,1,22,7,2
201450KN3C003,1,9,0,18,0,1,0,0,0,0,1,1,1,1,43,7,1399,2,8,5,2
201450KN3C003,2,9,0,4,0,1,0,0,0,0,2,1,6,2,38,7,1299,1,15,6,1
201450KN3C007,1,9,0,17,0,1,1,0,1,11,1,1,1,1,67,10,-1,-1,-1,8,2
201450KN3D002,1,9,0,5,0,2,0,0,0,0,1,1,1,1,84,11,1275,1,18,4,3
201450KN3D002,2,1,0,18,0,8,0,0,0,0,3,1,6,1,63,9,-1,-1,-1,6,3
201450KN3D003,1,9,0,18,0,0,1,0,1,4,1,1,6,1,61,9,3474,1,18,5,2
201450KN3D003,2,9,0,18,0,0,0,0,0,0,1,1,6,1,60,9,1988,2,11,8,1
201450KN3D004,1,3,0,16,0,0,1,0,7,0,1,1,6,1,18,4,125,1,11,5,2
201450KN3D005,1,9,0,18,0,0,0,0,0,10,4,1,6,1,69,10,1289,1,14,6,1
201450KN3E001,1,9,0,18,0,0,5,0,0,0,1,1,1,1,25,5,2495,2,14,8,1
201450KN3E002,1,9,0,16,0,0,0,0,1,0,1,1,3,2,43,7,1422,2,6,5,2
201450KN3E002,2,9,0,17,0,0,0,0,0,0,1,1,1,1,39,7,1398,1,-1,5,1
201450KN3E003,1,9,0,16,0,0,0,0,0,0,3,1,6,2,18,4,995,1,10,5,2
201450KN3E003,2,9,0,17,0,0,0,0,0,0,3,1,6,2,44,7,1988,1,13,4,2
201450KN3F001,1,9,0,18,0,0,0,0,0,0,1,1,6,1,32,6,-1,-1,-1,7,3
201450KN3F001,2,9,0,18,0,0,0,0,0,0,1,1,6,1,18,4,1390,1,12,8,3
201450KN3G001,1,17,0,7,0,8,0,4,0,0,1,1,1,1,30,6,-1,2,4,7,3
201450KN3G001,2,9,0,2,0,1,0,0,0,0,2,1,6,2,43,7,1497,1,12,5,2
201450KN3G002,1,9,0,4,0,0,0,0,0,0,1,1,6,1,86,11,1598,1,12,8,1
201450KN3G002,2,9,0,3,0,0,0,0,0,0,2,1,6,1,72,10,1339,1,1,5,2
201450KN3H001,1,9,0,17,0,8,0,0,0,0,3,1,6,2,45,7,995,1,8,5,2
201450KN3H003,1,9,0,18,0,1,0,0,0,0,1,1,6,2,22,5,998,1,1,8,2
201450KN3H004,1,9,0,18,0,8,0,0,0,0,1,1,6,2,90,11,1498,1,4,8,3
201450KN3H005,1,9,0,18,0,1,0,0,0,0,3,1,6,2,27,6,1598,1,12,5,2
201450KN3H009,1,9,0,18,0,0,0,0,0,0,1,1,6,1,22,5,-1,-1,-1,7,2
201450KN3H009,2,9,0,10,0,0,0,0,0,0,2,1,6,1,48,8,1997,1,7,7,2
201450KN3H014,1,9,0,16,0,0,5,0,0,0,1,1,2,1,23,5,1840,1,17,5,3
201450KN3I001,1,9,0,18,0,0,0,0,8,3,1,1,6,1,18,4,998,1,8,7,2
201450KN3I001,2,9,0,9,0,0,0,0,0,0,1,1,6,2,55,8,1298,1,15,6,3
201450KN3I002,1,3,0,4,0,0,0,0,1,0,0,1,2,2,21,5,124,1,11,4,2
201450KN3I003,1,1,0,16,0,0,0,0,0,0,1,1,6,1,61,9,-1,-1,-1,7,2
201450KN3I003,2,21,0,17,0,0,0,0,0,0,1,1,1,1,33,6,5880,2,8,6,1
201450KN3I004,1,9,0,18,0,1,1,0,7,0,4,1,6,1,66,10,1910,2,7,6,1
201450KN3I004,2,9,0,10,0,1,0,0,0,0,4,1,6,1,37,7,1422,2,4,5,2
201450KN3I004,3,9,0,9,0,6,0,0,0,0,0,1,6,3,-1,-1,-1,-1,-1,-1,-1
201450KN3I005,1,9,0,9,0,8,0,0,0,0,3,1,2,2,17,4,1390,1,14,7,3
201450KN3I005,2,3,0,18,0,8,0,0,0,0,1,1,2,1,17,4,125,1,3,7,2
201450KN3J001,1,9,0,18,0,0,0,0,7,4,1,1,6,1,28,6,1781,1,14,7,3
201450KO2F001,1,11,0,1,0,0,0,0,0,0,2,1,1,1,52,8,-1,2,12,7,1
201450KO2F001,2,9,0,3,0,0,0,0,0,0,1,1,4,1,55,8,1598,1,10,4,2
201450KO2F002,1,9,0,18,0,0,1,0,0,0,0,1,1,2,56,9,1229,1,1,6,3
201450KO2F002,2,9,0,4,0,0,0,0,0,0,0,1,6,2,21,5,1388,1,16,5,2
201450KO2I001,1,9,0,7,0,6,0,0,0,0,1,1,6,2,56,9,1998,1,11,-1,3
201450KO2I001,2,9,0,18,0,1,0,0,0,0,1,1,6,1,73,10,1560,2,8,6,3
201450KO2I002,1,21,0,18,0,2,0,0,0,0,0,1,6,1,32,6,-1,2,11,2,1
201450KO2I002,2,1,0,18,0,2,5,0,1,0,0,1,6,1,-1,-1,-1,-1,-1,8,2
201450KO2J001,1,19,0,16,0,1,0,0,0,0,2,1,6,3,-1,-1,-1,-1,-1,-1,-1
201450KO2J001,2,1,0,17,0,1,0,0,0,0,1,1,6,1,16,4,-1,-1,-1,6,2
201450KO2J002,1,9,0,17,0,0,0,0,7,11,1,1,6,2,23,5,1299,1,14,6,2
201450KO2J002,2,9,0,2,0,0,0,0,0,0,2,1,6,2,23,5,1560,2,4,6,2
201450KO2J004,1,19,0,1,0,1,0,0,0,0,2,1,6,3,-1,-1,-1,-1,-1,-1,-1
201450KO2J005,1,4,0,13,0,0,0,0,0,0,1,1,6,1,41,7,399,1,25,7,3
201450KO2J005,2,9,0,18,0,0,0,0,0,0,1,1,6,1,53,8,1991,2,10,9,2
201450KO2J006,1,9,0,2,0,0,0,0,0,0,3,1,6,1,48,8,1399,2,11,9,2
201450KO2J006,2,1,0,18,0,0,1,4,0,0,1,1,6,1,32,6,-1,-1,-1,6,2
201450KO2J008,1,9,0,18,0,0,5,0,1,10,1,1,6,1,21,5,1998,1,18,9,2
201450KO2J010,1,9,0,9,0,2,0,0,0,11,3,1,6,2,53,8,1398,1,4,8,3
201450KO2J012,1,9,0,5,0,6,0,0,0,0,1,1,1,1,43,7,1560,2,4,9,2
201450KO2J012,2,3,0,18,0,1,0,0,0,0,1,1,6,1,18,4,124,1,6,-1,3
201450KO2J013,1,9,0,9,0,5,0,0,0,0,1,1,6,1,75,10,1598,1,8,6,3
201450KO2J013,2,1,0,8,0,6,0,0,0,0,1,1,6,1,58,9,-1,-1,-1,-1,3
201450KO2K001,1,9,0,18,0,4,0,0,0,0,1,1,6,1,45,7,-1,-1,-1,7,1
201450KO2K001,2,9,0,3,0,4,0,0,0,0,2,1,6,2,30,6,1686,2,6,6,2
201450KO2K002,1,9,0,18,0,0,0,0,4,6,3,1,6,1,59,9,1360,1,7,7,1
201450KO2K003,1,9,0,16,0,2,0,0,2,11,1,1,2,1,21,5,1596,1,3,7,3
201450KO2K003,2,9,0,17,0,1,0,0,0,0,3,1,6,1,56,9,3189,1,11,7,3
201450KO2K003,3,9,0,17,0,1,0,0,0,0,3,1,6,1,53,8,1560,2,5,7,3
201450KO2K003,4,16,0,17,0,1,0,0,0,0,0,1,6,2,46,8,-1,-1,-1,7,3
201450KO2K004,1,9,0,9,0,5,0,0,0,0,1,1,6,1,21,5,1896,2,12,7,3
201450KO2K004,2,9,0,18,0,1,0,0,0,0,1,1,6,2,25,5,1587,1,16,6,2
201450KO2K004,3,9,0,10,0,6,0,0,0,0,1,1,6,1,70,10,2987,2,7,-1,3
201450KO2L001,1,3,0,18,0,1,2,0,0,0,1,1,6,1,19,4,125,1,1,5,1
201450KO2L001,2,9,0,4,0,5,0,0,0,0,2,1,6,1,24,5,1560,2,10,6,3
201450KO2L001,3,9,0,18,0,1,0,0,0,0,1,1,6,2,29,6,1240,1,9,9,1
201450KO2L002,1,9,0,16,0,1,0,0,0,0,1,1,6,1,31,6,1896,2,9,5,3
201450KO2L002,2,9,0,17,0,1,0,0,0,0,1,1,6,2,56,9,1796,1,15,5,3
201450KO2L003,1,9,0,18,0,8,0,0,0,0,4,1,6,1,62,9,1560,2,6,6,1
201450KO2L003,2,9,0,5,0,7,0,0,0,0,1,1,6,2,50,8,-1,-1,-1,8,1
201450KO2L004,1,9,0,18,0,8,0,0,1,10,3,1,6,2,69,10,1461,2,8,9,2
201450KO2L004,2,9,0,9,0,7,0,0,3,10,1,1,1,2,40,7,1998,2,4,6,3
201450KO2L004,3,9,0,9,0,7,0,0,0,0,4,1,1,1,33,6,1896,2,11,5,1
201450KO2L006,1,9,0,9,0,5,0,0,0,0,1,1,6,1,82,11,1339,1,7,9,1
201450KO2L006,2,9,0,18,0,1,0,0,0,0,1,1,6,1,25,5,1596,1,12,-1,-1
201450KO2L007,1,19,0,12,0,0,0,0,5,7,1,1,1,1,21,5,1560,2,4,7,2
201450KO2L008,1,9,0,18,0,1,0,0,0,0,1,1,6,1,28,6,998,1,1,6,3
201450KO2L008,2,1,0,9,0,6,0,0,0,0,3,1,6,1,76,11,-1,-1,-1,6,1
201450KO2L009,1,9,4,18,0,0,0,0,0,0,4,1,6,1,20,4,2268,2,1,6,3
201450KO2L011,1,9,0,18,0,8,0,0,0,0,1,1,6,2,84,11,1198,1,2,5,3
201450KO2L011,2,9,0,18,0,8,0,0,0,0,3,1,6,1,76,11,1999,1,12,4,1
201450KO2L012,1,9,0,18,0,0,0,0,0,0,1,1,6,1,41,7,1400,1,9,7,3
201450KO2L012,2,9,0,18,0,0,0,0,0,0,1,1,6,2,27,6,1242,1,16,1,1
201450KO2L013,1,90,0,18,0,8,0,0,0,0,4,1,1,1,39,7,2987,2,1,6,3
201450KO2L013,2,9,0,5,0,8,0,0,0,0,3,1,6,2,34,6,1598,1,8,7,3
201450KO2L014,1,9,0,18,0,0,0,0,0,0,1,1,2,2,46,8,1998,1,8,10,1
201450KO2L014,2,9,0,3,0,0,0,0,0,0,2,1,6,2,30,6,1388,1,10,7,1
201450KO2L015,1,1,0,18,0,0,0,0,0,0,3,1,6,1,22,5,-1,-1,-1,7,1
201450KO2L015,2,9,0,13,0,0,0,0,0,0,4,1,6,3,-1,-1,-1,-1,-1,-1,-1
201450KO2L016,1,3,0,18,0,5,0,0,0,0,1,1,2,1,22,5,124,1,1,6,2
201450KO2L016,2,9,0,7,0,5,0,0,0,0,4,1,6,1,60,9,1560,2,-1,6,3
201450KO2L017,1,1,0,18,0,0,0,4,0,0,1,1,6,1,69,10,-1,-1,-1,8,2
201450KO2L017,2,9,0,2,0,0,0,0,0,0,0,1,6,2,28,6,1798,1,10,2,1
201450KO2L018,1,19,0,18,0,8,0,0,0,0,1,1,1,1,62,9,1753,2,9,5,1
201450KO2L018,2,9,0,18,0,8,2,0,0,0,4,1,2,2,38,7,1339,1,12,4,1
201450KO2M001,1,9,0,18,0,0,1,0,5,6,1,1,6,1,49,8,1796,1,13,10,1
201450KO2M002,1,9,0,4,0,0,0,0,0,0,1,1,6,1,31,6,1997,2,13,4,1
201450KO2M002,2,9,0,4,0,0,0,0,0,0,2,1,6,2,51,8,1242,1,8,2,1
201450KO2M003,1,9,0,4,0,0,0,0,0,0,1,1,1,1,26,6,-1,-1,-1,5,2
201450KO2M003,2,9,0,16,0,0,1,0,0,0,1,1,6,1,54,8,2995,1,13,7,3
201450KO2N001,1,9,0,18,0,1,1,0,1,0,1,1,6,1,24,5,-1,-1,-1,5,3
201450KO2N001,2,9,0,10,0,1,0,0,0,0,2,1,2,2,26,6,1398,2,8,10,1
201450KO2N002,1,9,0,4,0,0,0,0,0,0,1,1,6,1,17,4,1199,1,12,4,1
201450KO2N002,2,9,0,4,0,0,0,0,0,0,2,1,6,1,76,11,1461,2,-1,-1,-1
201450KO2N002,3,9,0,4,0,0,0,0,0,0,2,1,6,1,35,6,1560,2,9,6,2
201450KO2N002,4,9,0,4,0,0,0,0,0,0,2,1,6,2,37,7,1248,1,4,6,2
201450KO2O001,1,9,0,17,0,0,1,0,2,11,4,1,1,1,37,7,1461,2,10,9,3
201450KO2O001,2,9,0,16,0,0,0,0,0,0,3,1,1,1,23,5,-1,-1,-1,4,1
201450KO2P001,1,9,0,14,0,0,0,4,0,0,1,1,1,2,23,5,1368,1,7,5,1
201450KO2P001,2,9,0,2,0,0,0,0,0,0,2,1,2,1,61,9,1796,1,14,-1,1
201450KO2R001,1,3,0,18,0,0,5,0,0,0,1,1,6,1,43,7,124,1,3,5,1
201450KO2W001,1,9,0,16,0,8,0,0,0,0,4,1,6,2,38,7,-1,-1,-1,9,2
201450KO2W002,1,9,0,17,0,0,0,0,0,11,1,1,6,2,40,7,1796,1,12,5,3
201450KO2W003,1,9,0,18,0,0,0,0,0,0,0,1,6,1,65,9,1461,2,7,9,1
201450KO2W003,2,9,0,18,0,0,1,0,0,0,1,1,6,2,41,7,1248,2,1,9,2
201450KO2W003,3,9,0,18,0,0,0,0,0,0,1,1,6,1,40,7,2143,2,3,10,1
201450KO2W007,1,9,0,18,0,0,1,0,0,0,1,1,6,2,19,4,1149,1,15,8,1
201450KO2W007,2,9,0,18,0,0,0,0,0,0,1,1,6,2,18,4,1124,1,14,-1,3
201450KO2W008,1,9,0,18,0,0,0,0,0,0,1,1,6,1,32,6,1999,1,13,6,3
201450KO2W008,2,9,0,18,0,0,0,0,0,0,1,1,6,2,-1,-1,-1,-1,-1,9,2
201450KO2W009,1,9,0,17,0,0,0,0,1,4,4,1,6,1,44,7,-1,3,1,7,2
201450KO2X001,1,5,0,17,0,0,1,0,1,4,1,1,6,1,26,6,598,1,20,8,1
201450KO2X003,1,9,0,4,0,0,0,0,0,0,2,1,1,1,48,8,-1,-1,-1,4,1
201450KO2X003,2,9,0,4,0,0,0,0,0,0,1,1,6,2,45,7,1527,2,15,7,3
201450KO2X004,1,9,0,16,0,0,5,0,1,0,1,1,2,1,17,4,1124,1,11,-1,3
201450KO2X004,2,98,0,17,0,0,0,0,0,0,0,1,6,3,-1,-1,-1,-1,-1,-1,-1
201450KO2Y001,1,9,0,5,0,4,0,0,0,0,1,1,6,1,70,10,1397,1,13,5,1
201450KO2Y001,2,1,0,11,0,8,0,0,0,0,2,1,6,1,32,6,-1,-1,-1,6,3
201450KO2Y005,1,9,0,4,0,0,0,0,1,1,1,1,1,1,61,9,1248,2,2,6,2
201450KS2A001,1,9,0,5,0,1,0,0,0,0,1,1,6,1,81,11,1995,1,4,8,3
201450KS2A001,2,9,0,18,0,1,0,0,0,0,4,1,6,1,40,7,1582,2,3,6,1
201450KS2A001,3,9,0,18,0,1,0,0,0,0,1,1,6,1,44,7,1984,1,3,3,2
201450KS2A001,4,9,0,2,0,1,0,0,0,0,4,1,1,1,48,8,-1,-1,-1,1,1
201450KS2B001,1,9,0,18,0,0,2,0,0,3,1,1,6,1,27,6,2494,1,15,8,1
201450KS2B002,1,2,0,5,0,0,0,0,0,0,3,1,4,1,16,4,49,1,1,7,2
201450KS2B005,1,9,0,18,0,0,5,0,2,11,1,1,6,2,75,10,996,1,3,8,1
201450KS2B006,1,19,0,18,0,1,0,0,0,0,4,1,1,1,30,6,2402,2,9,6,3
201450KS2F003,1,9,0,4,0,2,0,0,0,0,1,1,6,1,51,8,1995,2,3,8,3
201450KS2F003,2,1,0,17,0,2,0,0,0,0,1,1,2,1,19,4,-1,-1,-1,8,3
201450KS2F004,1,9,0,18,0,0,5,0,8,0,1,1,2,1,24,5,1364,1,6,4,1
201450KS2F005,1,9,0,18,0,0,0,0,8,10,1,1,6,1,75,10,1298,1,14,7,2
201450KS2G001,1,9,0,18,0,0,0,0,0,0,1,1,6,3,-1,-1,-1,-1,-1,-1,-1
201450KS2G002,1,9,0,9,0,1,0,0,0,0,1,1,6,1,17,4,1390,1,5,7,2
201450KS2G002,2,3,0,18,0,8,0,0,0,0,1,1,6,1,19,4,124,1,1,7,2
201450KS2G004,1,9,0,5,0,1,0,0,0,0,1,1,6,1,43,7,1686,2,5,6,2
201450KS2G004,2,9,0,18,0,1,1,0,0,0,4,1,6,1,50,8,1997,2,13,2,1
201450KS2G004,3,9,0,18,0,1,0,0,0,0,1,1,6,1,55,8,-1,-1,-1,10,1
201450KS2G008,1,9,0,18,0,0,0,0,0,11,0,1,3,2,55,8,1242,1,3,6,1
201450KS2G009,1,9,0,8,0,8,0,0,0,0,0,1,6,2,85,11,1339,1,1,4,3
201450KS2G009,2,1,0,18,0,8,0,0,0,0,0,1,6,1,53,8,-1,-1,-1,8,1
201450KS2G010,1,9,0,17,0,0,5,0,0,10,1,1,2,1,52,8,2324,1,15,5,2
201450KS2G011,1,19,0,4,0,1,0,0,0,0,1,1,2,1,35,6,2198,2,8,8,2
201450KS2G011,2,9,0,4,0,1,0,0,0,0,2,1,2,1,39,7,-1,-1,-1,5,1
201450KS2G011,3,19,0,4,0,1,0,0,0,0,2,1,2,1,66,10,2198,2,2,6,3
201450KS2G013,1,9,0,18,0,2,0,0,0,0,3,1,6,1,61,9,1796,1,15,4,2
201450KS2G016,1,9,0,18,0,8,0,0,1,10,1,1,3,1,35,6,1341,1,12,7,2
201450KS2G016,2,19,0,9,0,5,0,0,0,0,1,1,1,1,33,6,1560,2,-1,6,1
201450KS2H001,1,9,0,1,0,1,0,0,0,0,2,1,6,1,41,7,1910,2,9,8,3
201450KS2H002,1,9,0,17,0,0,2,0,0,0,1,1,1,1,21,5,1364,1,7,6,3
201450KS2H003,1,9,0,9,0,6,0,0,0,0,1,1,6,2,55,8,1598,1,10,9,3
201450KS2H004,1,19,0,1,0,0,0,0,0,0,2,1,1,1,30,6,-1,-1,-1,8,3
201450KS2H005,1,9,0,4,0,0,0,0,0,0,0,1,6,1,75,10,1598,1,2,8,1
201450KS2H005,2,4,0,18,0,0,1,0,0,0,0,1,6,1,27,6,350,1,1,5,1
201450KS2H008,1,9,0,14,0,0,0,4,0,0,1,1,6,1,86,11,1896,2,16,8,3
201450KS2H008,2,11,0,2,0,0,0,0,0,0,2,1,1,1,49,8,9000,2,1,2,1
201450KS2H009,1,9,0,5,0,1,0,0,0,0,1,1,6,2,53,8,1398,2,11,10,2
201450KS2H009,2,9,0,18,0,8,0,0,0,0,4,1,6,1,60,9,1596,1,2,6,2
201450KS2H010,1,9,0,1,0,0,0,0,0,0,2,1,6,2,51,8,1968,2,2,6,1
201450KS2H014,1,17,0,2,0,8,0,0,0,0,0,1,1,1,57,9,7500,2,9,8,3
201450KS2H015,1,9,0,18,0,1,0,0,0,0,4,1,6,1,57,9,1598,2,2,7,1
201450KS2H017,1,9,0,17,0,0,2,0,8,10,3,1,6,1,17,4,1199,1,15,7,1
201450KT2F001,1,9,0,9,0,1,0,0,0,0,1,1,6,1,-1,-1,1900,2,7,5,3
201450KT2F001,2,9,0,18,0,1,1,0,8,10,4,1,6,1,22,5,1781,1,14,4,2
201450KT2F002,1,9,0,9,0,1,0,0,0,0,1,1,1,1,-1,-1,1390,1,9,6,1
201450KT2F002,2,3,0,18,0,1,0,0,1,0,3,1,1,1,17,4,124,1,2,8,2
201450KT2F003,1,9,0,18,0,0,0,0,0,0,0,1,6,3,-1,-1,-1,-1,-1,-1,-1
201450KT2F003,2,1,0,18,0,0,0,10,0,0,0,1,4,1,12,3,-1,-1,-1,8,2
201450KT2F004,1,2,0,16,0,0,2,0,0,0,1,1,6,1,17,4,50,1,11,8,2
201450KT2F004,2,9,0,3,0,0,0,0,0,0,2,1,6,1,56,9,2663,2,20,6,3
201450KT2F006,1,19,0,18,0,0,0,0,0,0,1,1,1,1,64,9,2000,2,13,8,2
201450KT2F007,1,9,0,10,0,4,0,0,0,0,3,1,6,1,77,11,2184,2,11,8,2
201450KT2F007,2,1,0,18,0,4,2,0,0,0,4,1,6,1,40,7,-1,-1,-1,4,2
201450KT2F008,1,9,0,9,0,6,0,0,0,0,2,1,6,1,56,9,1951,2,9,8,2
201450KT2F008,2,9,0,18,0,1,0,0,0,0,1,1,6,1,61,9,1422,2,11,6,3
201450KT2G001,1,9,0,18,0,1,0,0,0,0,1,1,1,2,56,9,1497,1,17,7,2
201450KT2G003,1,9,0,17,0,0,0,0,0,0,1,1,6,1,43,7,1998,1,9,5,3
201450KT2G003,2,9,0,16,0,0,0,0,0,0,1,1,6,2,22,5,1598,1,8,5,3
201450KT2G008,1,9,0,18,0,1,0,0,0,0,1,1,6,1,30,6,1596,1,11,10,1
201450KT2G008,2,9,0,13,0,2,0,0,0,0,1,1,6,1,22,5,1497,1,14,4,1
201450KT2G008,3,1,0,18,0,2,0,0,1,10,4,1,6,1,50,8,-1,-1,-1,-1,2
201450KT2G009,1,9,0,4,0,0,0,0,0,0,1,1,6,1,40,7,1198,1,5,3,1
201450KT2G009,2,9,0,16,0,0,0,0,0,0,1,1,6,1,65,9,-1,-1,-1,8,1
201450KT2K002,1,9,0,18,0,0,0,0,0,0,1,1,6,3,-1,-1,-1,-1,-1,-1,-1
201450KT2K003,1,9,0,4,0,1,0,0,0,0,0,1,6,1,18,4,1590,1,9,-1,-1
201450KT2K003,2,9,0,4,0,1,0,0,0,0,0,1,6,1,35,6,1600,2,5,-1,1
201450KT2K003,3,9,0,4,0,1,0,0,0,0,0,1,6,1,19,4,2402,2,5,6,3
201450KT2K003,4,9,0,4,0,1,0,0,0,0,0,1,6,1,44,7,1998,1,14,8,1
201450KT2K006,1,9,0,18,0,0,0,0,0,0,1,1,6,2,45,7,1749,1,13,5,3
201450KT2K006,2,9,0,3,0,0,0,0,0,0,2,1,6,1,52,8,1951,2,13,3,1
201450KT2K007,1,9,0,7,0,6,0,0,0,0,1,1,6,2,40,7,1598,1,13,4,1
201450KT2K007,2,9,0,18,0,1,0,0,0,0,3,1,6,1,72,10,2688,2,11,3,1
201450KT2K007,3,9,0,2,0,2,0,0,0,0,0,1,6,3,-1,-1,-1,-1,-1,-1,-1
201450KT2K009,1,9,0,18,0,8,0,0,0,0,2,1,6,1,28,6,1600,1,15,3,1
201450KT2K009,2,9,0,9,0,8,0,0,0,0,1,1,6,2,27,6,1997,1,13,6,3
201450KT2M001,1,8,0,17,0,1,1,0,0,0,1,1,1,1,-1,-1,1910,2,8,8,1