Accident_Index,Vehicle_Reference,Vehicle_Type,Towing_and_Articulation,Vehicle_Manoeuvre,Vehicle_Location-Restricted_Lane,Junction_Location,Skidding_and_Overturning,Hit_Object_in_Carriageway,Vehicle_Leaving_Carriageway,Hit_Object_off_Carriageway,1st_Point_of_Impact,Was_Vehicle_Left_Hand_Drive?,Journey_Purpose_of_Driver,Sex_of_Driver,Age_of_Driver,Age_Band_of_Driver,Engine_Capacity_(CC),Propulsion_Code,Age_of_Vehicle,Driver_IMD_Decile,Driver_Home_Area_Type
2014520402087,2,9,0,18,0,8,0,0,0,0,1,1,6,2,28,6,1323,1,11,5,1
2014520402088,1,9,0,18,0,8,0,0,0,0,4,1,6,2,50,8,-1,-1,-1,4,1
2014520402088,2,9,0,18,0,6,0,0,0,0,1,1,6,2,70,10,1240,1,9,3,1
2014520402089,1,9,0,18,0,0,0,0,0,0,1,1,6,1,27,6,1597,1,17,6,2
2014520402089,2,9,0,4,0,0,0,0,0,0,2,1,6,1,34,6,2204,2,7,9,3
2014520402089,3,9,0,4,0,0,0,0,0,0,2,1,6,1,81,11,1298,1,13,9,3
2014520402094,1,9,0,18,0,8,0,0,0,0,1,1,6,1,49,8,1753,2,13,6,3
2014520402094,2,9,4,9,0,8,0,0,0,0,4,1,6,1,70,10,2720,2,4,9,3
2014520402094,3,9,0,18,0,1,0,0,0,0,3,1,6,1,50,8,1686,2,2,5,1
2014520402112,1,9,0,18,0,0,5,0,0,0,3,1,6,2,36,7,1399,2,4,6,2
2014520402112,2,9,0,18,0,0,0,0,0,0,3,1,6,1,40,7,1560,2,8,6,1
2014520402119,1,9,0,4,0,1,0,0,0,0,2,1,1,1,46,8,-1,-1,-1,7,1
2014520402119,2,9,0,18,0,1,1,0,0,0,1,1,6,2,35,6,1392,1,18,5,1
2014520402120,1,9,0,9,0,8,0,0,0,0,1,1,6,2,85,11,1390,1,10,9,3
2014520402120,2,9,0,18,0,8,0,0,0,0,1,1,6,1,50,8,1364,1,8,8,3
2014520402125,1,9,0,18,0,4,0,0,0,0,4,1,6,1,60,9,2685,2,10,6,2
2014520402125,2,21,1,7,0,4,0,0,0,0,3,1,1,3,25,5,-1,-1,-1,7,1
2014520402147,1,9,0,18,0,0,0,0,0,0,0,1,6,3,-1,-1,-1,-1,-1,-1,-1
2014520402147,2,9,0,18,0,0,0,0,0,0,1,1,6,2,23,5,1108,1,8,9,2
2014520402149,1,9,0,4,0,0,1,0,0,0,0,1,6,2,27,6,1868,2,15,8,2
2014520402151,1,9,0,18,0,0,0,0,0,4,1,1,6,1,50,8,1984,1,13,4,1
2014520402175,1,9,0,18,0,0,0,0,0,0,3,1,6,1,57,9,1753,2,5,5,1
2014520402175,2,9,0,18,0,0,0,0,0,0,1,1,6,1,35,6,1975,1,11,7,1
2014520402175,3,9,0,18,0,0,0,0,0,0,1,1,6,1,53,8,1896,2,5,9,1
2014520402177,1,9,0,18,0,0,0,0,0,0,4,1,6,1,81,11,1598,1,6,-1,2
2014520402178,1,5,0,18,0,8,0,0,0,0,0,1,6,1,47,8,-1,-1,-1,9,2
2014520402178,2,9,0,18,0,4,0,0,0,0,0,1,6,1,-1,-1,-1,-1,-1,-1,-1
2014520402179,1,9,0,18,0,0,0,0,1,6,3,1,6,2,51,8,1596,1,15,7,3
2014520402179,2,21,0,18,0,0,0,0,0,0,0,1,1,1,40,7,10837,2,3,6,2
2014520402179,3,9,0,18,0,0,0,0,0,0,0,1,6,1,23,5,1198,1,1,4,1
2014520402183,1,9,0,18,0,1,0,0,0,0,1,1,6,2,48,8,2457,1,4,8,1
2014520402183,2,9,0,9,0,6,0,0,0,0,1,1,6,2,41,7,1600,1,14,6,2
2014520402189,1,9,0,18,0,0,0,0,0,0,1,1,6,1,22,5,1598,1,12,2,1
2014520402189,2,9,0,4,0,0,0,0,0,0,2,1,6,1,48,8,1998,1,10,10,1
2014520402192,1,9,0,18,0,0,0,0,0,0,1,1,6,2,39,7,1896,2,15,4,1
2014520402192,2,9,0,4,0,0,0,0,0,0,2,1,6,1,17,4,1560,2,2,9,3
2014520402192,3,9,0,4,0,0,0,0,0,0,2,1,6,1,48,8,-1,-1,-1,3,1
2014520402195,1,9,0,18,0,2,0,0,0,0,1,1,6,1,44,7,1998,2,12,7,1
2014520402195,2,9,0,4,0,2,0,0,0,0,2,1,6,2,66,10,1368,1,5,10,1
2014520402198,1,9,0,18,0,0,1,0,7,10,1,1,6,1,18,4,1242,1,15,6,2
2014520402199,1,9,0,18,0,6,0,0,0,0,1,1,6,2,69,10,1998,1,17,7,3
2014520402199,2,9,0,18,0,8,0,0,0,0,4,1,6,1,49,8,1896,2,10,9,1
2014520402204,1,9,0,3,7,0,0,0,0,0,0,1,6,1,68,10,1598,1,3,10,1
2014520402204,2,9,0,3,0,0,0,0,0,0,2,1,6,2,35,6,1598,1,10,7,1
2014520402204,3,9,0,18,0,0,0,0,0,0,1,1,6,1,35,6,-1,-1,-1,1,1
2014520402210,1,9,0,9,0,6,0,0,0,0,3,1,6,2,19,4,999,1,1,3,1
2014520402210,2,5,0,18,0,8,0,0,0,0,1,1,6,1,46,8,883,1,11,8,2
2014520402211,1,9,0,18,0,0,0,0,0,0,2,1,6,1,68,10,1796,1,12,2,2
2014520402211,2,20,0,18,0,0,0,0,0,0,1,1,6,1,27,6,-1,-1,-1,7,3
2014520402211,3,9,0,18,0,0,0,0,0,0,1,1,6,1,61,9,2295,1,17,6,1
2014520402225,1,9,0,18,0,8,0,0,0,0,1,1,6,1,66,10,1998,1,14,7,3
2014520402225,2,9,0,18,0,8,0,0,0,0,3,1,6,1,47,8,1590,1,11,6,3
2014520402272,1,19,0,9,0,1,0,0,0,0,2,1,6,1,49,8,4200,2,20,10,1
2014520402272,2,9,0,18,0,1,0,0,0,0,1,1,6,1,33,6,1149,1,17,5,1
2014520402279,1,9,0,3,0,4,0,0,0,0,2,1,6,2,29,6,1595,1,17,5,3
2014520402279,2,9,0,4,0,4,0,0,0,0,1,1,6,1,-1,-1,1905,2,16,8,3
2014520402288,1,9,0,3,0,4,0,0,0,0,2,1,6,2,39,7,1360,1,10,7,1
2014520402288,2,9,0,4,0,4,0,0,0,0,1,1,6,1,46,8,1998,7,13,9,3
2014520402291,1,9,0,18,0,0,0,0,0,0,1,1,6,1,21,5,1242,1,10,4,1
2014520402294,1,9,0,18,0,0,0,0,1,10,1,1,6,1,23,5,1242,1,7,2,1
2014520402306,1,9,0,9,0,8,0,0,0,0,1,1,6,2,76,11,1598,1,5,8,3
2014520402306,2,9,0,18,0,8,0,0,0,0,1,1,6,1,54,8,1396,1,14,8,3
2014520402314,1,9,0,18,0,0,0,0,0,0,3,1,6,1,66,10,1968,2,4,7,3
2014520402314,2,3,0,13,0,0,0,0,0,0,3,1,6,1,21,5,124,1,3,5,1
2014520402314,3,9,0,18,0,0,0,0,0,0,0,1,6,1,58,9,-1,-1,-1,9,2
2014520402319,1,5,0,16,0,0,0,0,1,0,3,1,6,1,59,9,744,1,1,4,1
2014520402319,2,9,0,17,0,0,0,0,0,0,3,1,6,1,19,4,1149,1,11,8,3
2014520402320,1,9,0,16,0,0,1,0,0,0,1,1,6,1,24,5,-1,-1,-1,5,1
2014520402320,2,21,0,17,0,0,0,0,0,0,1,1,1,2,41,7,-1,-1,-1,6,3
2014520402322,1,9,0,18,0,0,0,0,0,0,2,1,6,2,45,7,1596,1,9,9,2
2014520402322,2,9,0,18,0,0,0,0,0,0,1,1,6,1,20,4,2494,1,16,6,2
2014520402323,1,9,0,9,0,5,0,0,0,0,1,1,6,1,59,9,1560,2,6,9,1
2014520402323,2,9,0,18,0,8,0,0,1,10,1,1,6,2,24,5,1598,1,12,5,1
2014520402325,1,9,4,18,0,0,0,0,0,0,4,1,6,1,73,10,2495,2,13,9,3
2014520402325,2,9,0,18,0,0,0,0,7,10,2,1,6,1,17,4,1198,1,7,6,3
2014520402326,1,9,0,18,0,0,0,0,0,0,4,1,6,1,24,5,-1,-1,-1,4,2
2014520402326,2,2,0,18,0,0,0,0,0,0,3,1,6,1,21,5,124,1,5,6,3
2014520402334,1,5,0,18,0,8,0,0,0,0,1,1,6,2,32,6,599,1,19,3,1
2014520402334,2,9,0,9,0,6,0,0,0,0,3,1,6,2,30,6,1896,2,11,6,3
2014520402393,1,3,0,18,0,0,0,0,0,0,3,1,6,1,23,5,98,1,23,3,1
2014520402393,2,9,0,18,0,0,0,0,0,0,3,1,6,2,84,11,1199,1,15,3,1
2014520402397,1,9,0,18,0,2,0,0,0,0,1,1,6,2,60,9,1896,2,9,7,3
2014520402397,2,9,0,18,0,1,0,0,0,0,1,1,6,2,85,11,1991,2,4,7,3
2014520402397,3,9,0,18,0,1,0,0,0,0,1,1,6,2,37,7,1360,1,11,4,1
2014520402402,1,9,0,18,0,1,0,0,0,0,1,1,6,1,19,4,1896,2,12,4,1
2014520402402,2,9,0,9,0,5,0,0,0,0,2,1,6,2,41,7,1598,1,12,8,1
2014520402403,1,9,0,18,0,8,0,0,0,0,3,1,6,2,40,7,1242,1,16,5,1
2014520402403,2,9,0,9,0,6,0,0,0,0,1,1,6,1,74,10,2495,2,13,7,3
2014520402485,1,9,0,17,0,0,0,0,0,0,1,1,6,1,67,10,1390,1,5,4,2
2014520402485,2,9,0,16,0,0,0,0,0,0,1,1,6,1,87,11,1596,1,9,6,2
2014520402487,1,9,0,18,0,0,0,0,0,0,2,1,6,2,57,9,-1,-1,-1,5,1
2014520402487,2,9,0,4,0,0,0,0,0,0,2,1,6,1,65,9,1968,2,4,7,1
2014520402487,3,9,0,18,0,0,0,0,0,0,1,1,6,1,27,6,-1,-1,-1,5,1
2014520402487,4,9,0,18,0,0,0,0,0,0,2,1,6,2,23,5,1598,1,7,4,1
2014520402495,1,9,0,18,0,8,0,0,0,0,0,1,6,2,54,8,2172,2,12,5,1
2014520402495,2,1,0,9,0,6,0,0,0,0,1,1,6,1,14,3,-1,-1,-1,-1,-1
2014520402518,1,9,0,9,0,8,0,0,0,0,1,1,6,1,46,8,3436,1,1,9,2
2014520402518,2,9,0,18,0,8,0,0,0,0,1,1,6,1,42,7,2495,2,16,7,3
2014520402595,1,9,0,5,0,0,0,0,0,0,1,1,6,1,39,7,1968,2,4,8,1
2014520402595,2,9,0,3,0,0,0,0,0,0,2,1,6,1,28,6,1242,1,11,-1,-1
2014520402610,1,9,5,18,0,8,0,0,0,0,1,1,6,1,41,7,1993,1,23,6,1
2014520402610,2,9,0,9,0,8,0,0,0,0,1,1,6,1,55,8,2993,2,-1,5,2
2014520402667,1,9,0,17,0,2,0,0,1,1,1,1,6,2,21,5,-1,-1,-1,5,2
2014520402673,1,9,0,18,0,0,0,0,0,0,1,1,6,1,66,10,1399,2,4,9,3
2014520402673,2,1,0,5,0,0,0,0,0,0,3,1,6,1,5,1,-1,-1,-1,6,2
2014520402675,1,9,0,18,0,0,0,0,0,0,4,1,6,3,-1,-1,-1,-1,-1,-1,-1
2014520402676,1,19,0,18,0,0,0,0,0,0,1,1,6,1,22,5,2460,2,7,8,2
2014520402686,1,20,0,18,0,1,0,0,0,0,1,1,1,1,30,6,-1,-1,-1,10,1
2014520402686,2,9,0,17,0,5,0,0,0,0,2,1,6,1,82,11,1390,1,1,3,1
2014520402688,1,9,0,18,0,1,0,0,0,0,1,1,6,2,28,6,1461,2,12,8,1
2014520402726,1,9,0,9,0,8,0,0,0,0,1,1,6,1,31,6,1598,1,8,4,3
2014520402726,2,1,0,18,0,8,0,0,0,0,1,1,6,1,33,6,-1,-1,-1,4,2
2014520402734,1,9,0,1,0,6,0,0,0,10,2,1,6,2,60,9,999,1,2,7,2
2014520402761,1,9,0,17,0,0,0,0,0,0,1,1,6,1,20,4,1999,1,8,5,1
2014520402761,2,9,0,16,0,0,0,0,0,0,1,1,6,1,40,7,-1,-1,-1,8,3
2014520402762,1,21,1,18,0,1,0,0,0,0,4,1,6,2,51,8,12902,2,2,6,2
2014520402791,1,9,0,18,0,8,0,0,0,0,2,1,6,1,39,7,-1,-1,-1,3,1
2014520402791,2,3,0,18,0,8,0,0,0,0,1,1,6,1,61,9,1261,1,2,8,1
2014520402812,1,9,0,18,0,8,0,0,0,0,1,1,6,1,66,10,-1,-1,-1,3,1
2014520402812,2,9,0,9,0,8,0,0,0,0,1,1,6,2,41,7,1599,1,10,3,1
2014520402814,1,9,0,18,0,0,0,0,0,0,1,1,6,1,32,6,-1,-1,-1,7,3
2014520402814,2,9,0,18,0,0,0,0,0,0,1,1,6,2,38,7,1994,2,15,5,1
2014520402884,1,5,0,18,0,0,0,0,1,4,1,1,6,1,50,8,1203,1,5,5,1
2014520402892,1,9,0,16,0,1,0,0,0,0,4,1,6,2,21,5,1124,1,18,3,3
2014520402931,1,9,0,4,0,1,0,0,0,0,2,1,6,1,19,4,1124,1,12,8,1
2014520402931,2,9,0,18,0,1,0,0,0,0,1,1,6,1,20,4,2495,2,-1,7,1
2014520402931,3,9,0,4,0,1,0,0,0,0,2,1,6,1,43,7,1598,1,15,2,1
2014520402935,1,9,0,9,7,0,0,0,0,0,3,1,6,2,43,7,1900,2,15,9,1
2014520402935,2,4,0,13,0,0,0,0,0,0,1,1,6,2,25,5,249,1,3,5,1
2014520402948,1,9,0,18,0,0,1,0,0,0,1,1,6,2,30,6,1124,1,14,6,1
2014520402948,2,9,0,18,0,0,0,0,0,0,1,1,6,2,45,7,1461,2,10,5,1
2014520402979,1,9,0,3,0,0,0,0,0,0,1,1,6,2,22,5,1587,1,15,8,3
2014520402979,2,9,0,4,0,0,0,0,0,0,2,1,6,2,28,6,-1,-1,-1,-1,-1
2014520402979,3,9,0,3,0,0,0,0,0,0,-1,1,6,2,-1,-1,1896,2,7,6,2
2014520403007,1,8,0,7,0,6,0,0,0,0,4,1,1,1,30,6,1910,2,8,6,3
2014520403008,1,9,0,18,0,0,0,0,0,0,1,1,6,1,21,5,1839,1,17,7,3
2014520403008,2,9,0,4,0,0,0,0,4,0,2,1,6,2,32,6,1968,2,1,-1,1
2014520403008,3,9,0,4,0,0,0,0,4,0,2,1,6,2,52,8,2184,2,10,7,1
2014520403012,1,9,0,17,0,2,5,0,1,10,1,1,6,2,38,7,1598,1,12,6,3
2014520403014,1,9,0,17,0,0,1,0,0,0,1,1,6,1,20,4,1975,1,10,3,1
2014520403014,2,9,0,16,0,0,0,0,0,0,1,1,6,1,74,10,-1,-1,-1,8,3
2014520403093,1,9,0,18,0,0,5,0,0,0,0,1,6,1,26,6,1595,1,15,5,1
2014520403095,1,4,0,4,0,0,0,0,0,0,2,1,6,2,51,8,124,1,2,8,3
2014520403095,2,9,0,18,0,0,0,0,0,0,1,1,6,1,36,7,-1,-1,-1,7,1
2014520403096,1,9,0,18,0,0,0,0,0,0,1,1,6,1,59,9,1598,1,9,9,1
2014520403096,2,9,0,18,0,0,0,0,0,0,-1,1,6,1,53,8,1560,2,-1,6,3
2014520403096,3,9,0,18,0,0,0,0,0,7,2,1,6,1,33,6,1582,2,4,6,3
2014520403107,1,9,0,18,0,0,0,0,0,0,0,1,2,2,58,9,998,1,8,10,1
2014520403107,2,3,0,13,0,0,0,0,0,0,0,1,1,3,-1,-1,-1,-1,-1,-1,-1
2014520403119,1,9,0,18,0,0,0,0,0,0,1,1,6,1,28,6,1998,1,16,8,2
2014520403119,2,9,0,18,0,0,0,0,0,0,1,1,6,1,73,10,1596,1,10,9,2
2014520403119,3,9,0,18,0,0,0,0,0,0,1,1,6,2,43,7,1399,2,12,8,2
2014520403123,1,9,0,3,0,4,0,0,0,0,2,1,6,1,36,7,1753,2,6,-1,1
2014520403123,2,9,0,18,0,4,0,0,0,0,1,1,6,1,33,6,1596,1,9,-1,-1
2014520403131,1,21,0,18,0,8,0,0,0,0,1,1,1,1,40,7,11946,2,3,4,1
2014520403131,2,11,0,9,0,8,0,0,0,0,2,1,1,1,63,9,11967,2,9,2,1
2014520403132,1,9,0,1,9,0,0,0,0,0,2,1,6,2,23,5,1461,2,7,3,1
2014520403140,1,9,0,18,0,0,0,0,0,0,4,1,6,1,45,7,-1,-1,-1,7,3
2014520403142,1,9,0,1,0,1,0,0,0,0,2,1,6,1,25,5,1596,1,14,3,1
2014520403146,1,9,0,5,0,0,0,0,0,0,3,1,6,1,49,8,1995,2,5,3,1
2014520403147,1,9,0,18,0,0,0,0,1,10,1,1,6,1,21,5,-1,-1,-1,7,1
2014520403147,2,9,0,18,0,0,0,0,0,0,1,1,6,1,59,9,-1,-1,-1,3,1
2014520403154,1,9,0,18,0,0,0,0,0,0,2,1,6,1,31,6,1910,2,8,3,1
2014520403154,2,20,0,18,0,0,0,0,0,0,4,1,6,1,48,8,11021,2,15,7,1
2014520403158,1,3,0,18,0,0,0,0,0,0,0,1,6,2,17,4,125,1,1,8,2
2014520403160,1,9,0,10,0,0,0,0,0,0,2,1,6,1,48,8,-1,-1,-1,9,1
2014520403160,2,5,0,18,0,0,0,0,0,0,1,1,6,1,71,10,980,1,27,7,1
2014520403162,1,9,0,9,0,7,0,0,0,0,1,1,6,2,52,8,1396,1,4,3,1
2014520403162,2,5,0,15,0,8,0,0,0,0,1,1,6,1,23,5,599,1,22,5,2
2014520403163,1,9,0,18,0,0,5,0,1,0,0,1,6,2,82,11,1299,1,10,-1,-1
2014520403187,1,3,0,18,0,8,0,0,0,0,1,1,6,1,19,4,-1,-1,-1,5,3
2014520403187,2,9,0,18,0,8,0,0,0,0,1,1,6,1,-1,-1,1797,8,3,9,3
2014520403240,1,9,0,10,0,4,0,0,0,0,2,1,6,1,21,5,1360,1,13,8,3
2014520403240,2,9,0,18,0,4,0,0,0,0,1,1,6,3,25,5,-1,-1,-1,-1,-1
2014520403254,1,1,0,18,0,8,0,0,0,0,2,1,2,1,25,5,-1,-1,-1,4,1
2014520403254,2,9,0,9,0,8,0,0,0,0,1,1,6,1,45,7,-1,-1,-1,7,2
2014520403263,1,9,0,2,0,0,0,0,0,0,2,1,6,2,56,9,1598,1,-1,5,3
2014520403263,2,5,0,18,0,0,0,0,0,0,1,1,6,1,38,7,645,1,6,9,2
2014520403263,3,20,0,18,0,0,0,0,0,0,3,1,6,1,-1,-1,-1,-1,-1,1,1
2014520403264,1,1,0,18,0,2,0,0,1,0,4,1,6,1,65,9,-1,-1,-1,7,1
2014520403264,2,9,0,7,0,2,0,0,0,0,1,1,2,1,40,7,1242,1,11,-1,-1
2014520403273,1,9,0,18,0,1,0,0,0,0,1,1,6,3,-1,-1,-1,-1,-1,-1,-1
2014520403273,2,1,0,18,0,1,0,0,0,0,1,1,6,2,53,8,-1,-1,-1,5,1
2014520403279,1,9,0,18,0,0,5,0,0,0,0,1,6,1,22,5,1598,1,4,-1,1
2014520403287,1,4,0,17,0,0,0,0,0,0,1,1,6,1,42,7,124,1,1,3,1
2014520403287,2,17,0,18,0,0,0,0,0,0,1,1,6,1,54,8,6788,2,-1,6,3
2014520403296,1,9,0,18,0,0,0,0,0,0,1,1,6,1,28,6,1896,2,17,3,1
2014520403296,2,9,0,18,0,0,0,0,0,0,1,1,6,2,63,9,1840,1,16,-1,3
2014520403297,1,9,0,18,0,0,0,0,1,10,1,1,6,1,28,6,1598,1,20,9,1
2014520403297,2,9,0,9,8,0,0,0,0,0,0,1,6,1,55,8,2295,1,15,9,2
2014520403298,1,4,0,18,0,8,0,0,0,0,4,1,6,1,21,5,398,1,18,7,3
2014520403298,2,9,0,9,0,5,0,0,0,0,2,1,6,2,57,9,1896,2,12,6,3
2014520403299,1,9,0,4,0,4,0,0,0,2,1,1,6,2,21,5,1984,2,8,8,1
2014520403301,1,9,0,3,0,4,0,0,0,0,1,1,6,2,44,7,1995,2,3,-1,3
2014520403301,2,5,0,3,0,4,0,0,0,0,4,1,6,1,39,7,1188,1,21,-1,3
2014520403308,1,9,0,18,0,8,0,0,0,0,1,1,6,2,38,7,1596,1,7,9,2
2014520403308,2,9,0,18,0,6,0,0,0,0,1,1,6,1,25,5,1951,2,11,9,3
2014520403331,1,9,0,16,0,0,0,0,0,0,3,1,6,1,83,11,1275,1,20,8,2
2014520403331,2,20,0,17,0,0,0,0,0,0,3,1,1,1,33,6,-1,-1,-1,10,1
2014520403332,1,9,0,16,0,0,0,0,1,10,1,1,6,2,18,4,1390,1,14,8,3
2014520403336,1,9,4,18,0,0,0,0,0,0,3,1,6,1,30,6,-1,-1,-1,5,3
2014520403338,1,9,0,9,0,1,0,0,0,0,3,1,6,1,51,8,-1,-1,-1,9,1
2014520403338,2,1,0,9,0,1,0,0,0,0,4,1,6,1,46,8,-1,-1,-1,7,3
2014520403343,1,3,0,18,0,0,0,0,0,0,1,1,6,1,17,4,99,1,29,-1,2
2014520403343,2,20,0,5,0,0,0,0,0,0,3,1,6,1,56,9,-1,-1,-1,4,2
2014520403343,3,9,0,2,0,0,0,0,0,0,2,1,6,2,51,8,1560,2,3,-1,2
2014520403347,1,9,0,7,0,8,0,0,0,0,4,1,6,1,64,9,1794,1,7,8,3
2014520403347,2,1,0,18,0,8,0,0,0,0,1,1,6,1,46,8,-1,-1,-1,5,1
2014520403348,1,9,0,16,0,0,0,0,0,0,1,1,6,1,50,8,2497,2,16,8,3
2014520403348,2,4,0,17,0,0,0,0,0,0,1,1,6,1,16,4,-1,-1,-1,8,2
2014520403349,1,20,0,18,0,1,0,0,0,0,1,1,6,1,26,6,-1,-1,-1,3,1
2014520403349,2,9,0,3,0,1,0,0,0,0,2,1,6,1,74,10,1388,1,11,6,1
2014520403349,3,9,0,3,0,1,0,0,0,0,2,1,6,1,54,8,1968,2,8,7,3
2014520403350,1,9,0,9,0,8,0,0,0,0,1,1,6,1,22,5,1598,2,2,5,1
2014520403350,2,1,0,18,0,8,0,0,0,0,1,1,6,1,56,9,-1,-1,-1,5,1
2014520403351,1,9,4,18,0,0,0,0,0,0,4,1,6,3,50,8,-1,-1,-1,-1,-1
2014520403351,2,1,0,18,0,0,0,0,0,0,3,1,6,2,24,5,-1,-1,-1,5,1
2014520403353,1,9,0,18,0,0,0,0,0,0,3,1,6,2,58,9,1799,1,16,6,2
2014520403353,2,9,0,18,0,0,0,0,0,0,3,1,6,2,34,6,1595,2,4,8,3
2014520403355,1,9,0,13,0,0,0,0,0,0,2,1,6,1,43,7,2148,2,9,7,2
2014520403355,2,5,0,14,0,0,0,0,0,0,1,1,6,1,22,5,599,1,16,7,1
2014520403356,1,9,4,18,0,0,5,0,0,0,3,1,6,1,71,10,2495,2,11,8,3
2014520403356,2,9,0,13,0,0,5,0,0,0,4,1,6,2,39,7,1596,7,12,6,3
2014520403357,1,9,0,18,0,1,0,0,0,0,1,1,6,1,60,9,1299,1,13,4,1
2014520403357,2,90,0,10,0,5,0,0,0,0,2,1,6,2,65,9,2490,2,17,7,3
2014520403358,1,9,0,9,0,8,0,0,0,0,1,1,6,1,22,5,1998,1,14,7,3
2014520403358,2,9,0,18,0,8,0,0,0,0,1,1,6,1,40,7,2446,1,12,10,1
2014520403359,1,9,0,18,0,0,5,0,0,0,0,1,6,2,32,6,1587,1,9,10,1
2014520403361,1,19,0,18,0,4,0,0,0,0,3,1,1,1,20,4,1968,2,10,8,1
2014520403361,2,1,0,18,0,8,0,0,0,0,1,1,6,1,28,6,-1,-1,-1,7,1
2014520403363,1,9,0,9,0,6,0,0,0,0,1,1,6,1,38,7,2143,2,3,6,1
2014520403363,2,9,0,18,0,8,0,0,0,0,1,1,6,1,34,6,1587,1,7,9,1
2014520403376,1,9,0,9,0,0,0,0,0,0,0,1,6,1,55,8,1896,2,11,9,3
2014520403376,2,9,0,3,0,0,0,0,0,0,2,1,6,1,67,10,-1,-1,-1,6,3
2014520403376,3,9,0,3,0,0,0,0,0,0,2,1,6,2,39,7,1968,2,2,6,3
2014520403376,4,9,0,18,0,0,0,0,0,0,1,1,6,1,49,8,1896,2,9,7,3
2014520403376,5,9,0,18,0,0,0,0,0,0,1,1,6,1,45,7,-1,-1,-1,7,1
2014520403386,1,5,0,18,0,8,0,0,0,0,1,1,6,1,35,6,1050,1,3,2,1
2014520403386,2,9,0,9,0,8,0,0,3,9,1,1,6,2,89,11,1339,1,9,7,3
2014520403387,1,9,0,16,0,0,5,0,0,0,1,1,6,1,46,8,1360,1,14,6,2
2014520403389,1,9,0,4,0,1,0,0,0,0,2,1,6,2,52,8,1299,1,11,10,1
2014520403389,2,9,0,4,0,1,0,0,0,0,1,1,6,2,62,9,1390,1,10,2,1
2014520403389,3,4,0,4,0,1,0,0,0,0,2,1,6,1,20,4,398,1,15,1,1
2014520403391,1,17,0,18,0,0,1,0,0,0,1,1,6,1,24,5,-1,2,17,7,3
2014520403391,2,9,0,18,0,0,0,0,0,0,1,1,6,2,48,8,1587,1,10,7,3
2014520403392,1,21,0,18,0,8,0,0,0,0,1,1,1,1,40,7,3920,2,7,6,3
2014520403392,2,9,0,9,0,6,0,0,0,0,1,1,6,2,26,6,1998,1,10,6,3
2014520403394,1,9,0,10,0,5,0,0,0,0,2,1,6,1,54,8,1984,1,7,10,1
2014520403394,2,9,0,18,0,1,0,0,0,0,1,1,6,2,65,9,2993,2,3,7,3
2014520403396,1,9,3,18,0,0,0,0,0,0,1,1,6,1,47,8,1997,2,5,5,1
2014520403396,2,9,0,18,0,0,0,0,0,0,1,1,6,1,77,11,1587,1,12,3,1
2014520403398,1,9,0,18,0,8,0,0,0,0,1,1,6,2,73,10,1984,1,11,8,3
2014520403398,2,9,0,18,0,8,0,0,0,0,1,1,6,2,24,5,1242,1,4,4,3
2014520403399,1,9,0,18,0,0,0,0,0,0,1,1,6,2,40,7,1299,1,12,6,1
2014520403399,2,9,0,18,0,0,0,0,0,0,1,1,6,2,37,7,1560,2,9,4,2
2014520403401,1,1,0,18,0,8,0,0,0,0,1,1,6,1,18,4,-1,-1,-1,-1,2
2014520403401,2,9,0,18,0,8,0,0,0,0,1,1,6,1,48,8,1998,2,6,5,3
2014520403402,1,9,0,9,0,5,0,0,0,0,4,1,6,2,61,9,1061,1,10,5,2
2014520403402,2,1,0,18,0,8,0,0,0,0,1,1,6,1,43,7,-1,-1,-1,7,1
2014520403404,1,11,0,18,0,8,0,0,0,0,4,1,1,1,57,9,4461,2,-1,6,1
2014520403404,2,9,0,9,0,6,0,0,0,0,1,1,6,1,76,11,1598,1,9,8,1
2014520403405,1,11,0,9,0,6,0,0,0,0,1,1,1,1,58,9,3972,2,20,5,2
2014520403405,2,9,0,18,0,8,0,0,0,0,1,1,6,2,52,8,1998,2,13,8,3
2014520403407,1,9,0,18,0,0,0,10,0,0,4,1,6,1,24,5,1598,1,7,7,3
2014520403409,1,9,0,18,0,0,0,0,0,0,1,1,6,2,20,4,1587,1,14,6,3
2014520403462,1,2,0,18,0,1,0,0,0,0,0,1,6,1,16,4,49,1,7,7,1
2014520403462,2,9,0,18,0,1,0,0,0,0,0,1,6,1,28,6,1497,1,12,8,3
2014520403481,1,9,0,9,0,8,0,0,0,0,1,1,6,1,63,9,-1,-1,-1,4,1
2014520403481,2,9,0,18,0,8,0,0,0,0,1,1,6,1,53,8,1388,1,11,-1,1
2014520403499,1,9,0,6,0,0,0,0,0,0,0,1,6,1,31,6,-1,-1,-1,4,1
2014520403503,1,9,0,2,0,0,0,0,0,0,3,1,6,1,42,7,2400,2,5,6,1
2014520403503,2,1,0,18,0,0,0,0,0,0,1,1,6,1,39,7,-1,-1,-1,6,1