Accident_Index,Vehicle_Reference,Vehicle_Type,Towing_and_Articulation,Vehicle_Manoeuvre,Vehicle_Location-Restricted_Lane,Junction_Location,Skidding_and_Overturning,Hit_Object_in_Carriageway,Vehicle_Leaving_Carriageway,Hit_Object_off_Carriageway,1st_Point_of_Impact,Was_Vehicle_Left_Hand_Drive?,Journey_Purpose_of_Driver,Sex_of_Driver,Age_of_Driver,Age_Band_of_Driver,Engine_Capacity_(CC),Propulsion_Code,Age_of_Vehicle,Driver_IMD_Decile,Driver_Home_Area_Type
2014520403507,1,5,0,18,0,0,0,0,0,0,1,1,6,1,25,5,929,1,11,9,1
2014520403507,2,20,0,18,0,0,0,0,0,0,2,1,6,1,22,5,-1,-1,-1,3,1
2014520403513,1,3,0,18,0,8,0,0,1,11,1,1,6,1,24,5,124,1,11,4,1
2014520403513,2,9,0,18,0,8,0,0,0,0,0,1,6,1,30,6,1968,2,3,7,3
2014520403515,1,20,0,18,0,1,0,0,0,0,4,1,6,1,55,8,-1,-1,-1,5,1
2014520403515,2,1,0,18,0,1,0,0,0,0,3,1,6,1,17,4,-1,-1,-1,10,1
2014520403516,1,1,0,18,0,1,0,0,0,0,3,1,6,1,21,5,-1,-1,-1,6,3
2014520403516,2,19,0,13,0,1,0,0,0,0,4,1,6,3,-1,-1,-1,-1,-1,-1,-1
2014520403517,1,9,0,4,0,1,0,0,0,0,2,1,6,1,82,11,1398,2,7,7,3
2014520403517,2,9,0,4,0,1,0,0,0,0,1,1,6,1,50,8,1685,2,2,4,1
2014520403519,1,9,0,18,0,0,0,0,0,0,4,1,6,2,56,9,1495,1,14,-1,1
2014520403522,1,9,0,18,0,0,0,0,0,0,1,1,6,1,48,8,1998,2,9,6,3
2014520403522,2,9,0,18,0,0,0,0,0,0,1,1,6,1,58,9,1997,1,14,10,3
2014520403525,1,9,0,7,0,4,0,0,0,0,1,1,6,1,69,10,-1,-1,-1,6,3
2014520403525,2,5,0,18,0,8,0,0,0,0,1,1,6,1,40,7,899,1,17,8,3
2014520403528,1,9,0,18,0,0,0,0,0,0,1,1,6,1,37,7,1988,1,12,7,1
2014520403544,1,9,0,9,0,6,0,0,0,0,1,1,6,1,62,9,-1,-1,-1,6,3
2014520403544,2,9,0,18,0,8,0,0,0,0,4,1,6,1,52,8,1560,2,1,5,2
2014520403546,1,90,0,18,0,0,5,0,4,6,1,1,6,1,53,8,1721,1,20,8,2
2014520403547,1,1,0,17,0,8,0,0,0,0,4,1,6,1,47,8,-1,-1,-1,5,1
2014520403547,2,9,0,18,0,8,0,0,0,0,1,1,6,2,55,8,-1,-1,-1,9,1
2014520403548,1,9,0,18,0,1,0,0,0,0,1,1,6,1,73,10,1795,1,14,8,3
2014520403548,2,9,0,10,0,5,0,0,0,0,2,1,6,2,82,11,1422,2,13,8,1
2014520403549,1,9,0,18,0,0,0,0,0,0,1,1,6,2,39,7,1796,1,13,4,1
2014520403550,1,20,0,9,0,6,0,0,0,0,1,1,1,1,43,7,-1,-1,-1,6,2
2014520403550,2,5,0,18,0,8,0,0,0,0,1,1,6,1,41,7,998,1,7,7,1
2014520403552,1,9,0,16,0,0,0,0,0,0,1,1,6,1,21,5,1299,1,10,7,3
2014520403552,2,9,0,17,0,0,0,0,0,0,1,1,6,1,73,10,2172,2,12,7,2
2014520403553,1,11,0,4,0,4,0,0,0,0,1,1,1,1,54,8,-1,-1,-1,-1,1
2014520403553,2,9,0,3,0,4,0,0,0,0,2,1,6,2,27,6,1905,2,19,3,2
2014520403557,1,9,0,18,0,0,0,0,2,0,1,1,6,1,20,4,1587,1,10,3,1
2014520403559,1,9,0,4,0,0,0,0,0,0,2,1,6,1,50,8,1242,1,-1,6,3
2014520403559,2,9,0,18,0,0,0,0,0,0,1,1,6,1,19,4,1124,1,16,7,3
2014520403560,1,21,0,17,0,0,5,0,1,10,1,1,1,1,21,5,-1,2,10,6,3
2014520403560,2,9,0,16,0,0,0,0,0,0,0,1,6,3,-1,-1,-1,-1,-1,-1,-1
2014520403561,1,9,4,9,0,8,0,0,0,0,2,1,6,1,34,6,-1,-1,-1,5,3
2014520403561,2,9,0,18,0,1,0,0,0,0,1,1,6,1,22,5,-1,-1,-1,1,1
2014520403562,1,9,0,18,0,0,0,7,1,2,1,1,6,2,32,6,2179,2,5,8,2
2014520403563,1,9,0,9,0,1,0,0,0,0,2,1,6,2,18,4,1149,1,10,7,1
2014520403563,2,9,0,18,0,1,0,0,0,0,1,1,6,1,27,6,2498,1,14,7,3
2014520403565,1,9,0,18,0,1,0,0,0,0,1,1,6,1,18,4,995,1,10,4,2
2014520403565,2,9,0,4,0,1,0,0,0,0,2,1,6,1,58,9,1560,2,3,4,3
2014520403566,1,4,0,14,0,8,0,0,0,0,1,1,6,1,53,8,1255,1,5,9,2
2014520403566,2,9,0,9,0,6,0,0,0,0,1,1,6,1,34,6,796,1,4,6,1
2014520403617,1,9,0,16,0,0,5,10,0,0,0,1,6,1,31,6,1895,1,13,5,1
2014520403626,1,9,0,9,0,1,0,0,0,0,2,1,6,1,31,6,1896,2,12,-1,2
2014520403626,2,9,0,3,0,1,0,0,0,0,2,1,6,2,43,7,2204,2,8,4,2
2014520403626,3,9,0,18,0,1,0,0,0,0,1,1,6,2,68,10,1242,1,5,4,1
2014520403640,1,9,0,18,0,0,0,0,0,0,1,1,6,1,46,8,1997,1,13,3,1
2014520403640,2,9,0,18,0,0,0,0,0,0,1,1,6,1,51,8,1360,1,8,5,1
2014520403643,1,5,0,18,0,4,0,0,0,0,1,1,6,1,33,6,750,1,17,8,3
2014520403643,2,9,0,18,0,8,0,0,0,0,1,1,6,2,56,9,2457,1,14,6,1
2014520403644,1,9,0,18,0,8,0,0,0,0,1,1,6,2,47,8,1598,1,4,6,3
2014520403644,2,1,0,9,0,5,0,0,0,0,1,1,6,1,15,3,-1,-1,-1,7,2
2014520403648,1,5,0,18,0,0,0,0,0,0,0,1,6,1,46,8,599,1,13,4,1
2014520403652,1,9,0,4,0,4,0,0,0,0,2,1,6,1,29,6,1596,1,13,7,1
2014520403652,2,9,0,18,0,4,0,0,0,0,1,1,6,1,-1,-1,796,1,14,-1,-1
2014520403667,1,9,0,18,0,1,0,0,0,2,1,1,6,2,56,9,1598,1,1,5,2
2014520403673,1,9,0,18,0,0,0,0,0,0,4,1,6,3,-1,-1,-1,-1,-1,-1,-1
2014520403675,1,19,0,9,0,2,0,0,0,0,1,1,6,1,29,6,2198,2,1,9,1
2014520403675,2,19,0,18,0,1,0,0,0,0,1,1,6,1,56,9,-1,-1,-1,7,3
2014520403680,1,9,0,18,0,0,0,0,0,0,1,1,6,1,47,8,1043,1,23,7,3
2014520403680,2,20,0,18,0,0,0,0,0,0,1,1,6,1,52,8,-1,-1,-1,5,1
2014520403681,1,9,0,18,0,8,0,0,0,0,1,1,6,1,21,5,1124,1,16,7,1
2014520403681,2,9,0,9,0,8,0,0,0,0,3,1,6,1,28,6,1598,1,10,3,1
2014520403682,1,8,0,4,0,0,0,0,0,0,4,1,6,1,-1,-1,1598,2,1,5,1
2014520403701,1,9,0,5,0,0,0,0,0,0,3,1,6,1,76,11,1560,2,1,-1,-1
2014520403701,2,9,0,18,0,0,0,0,0,0,1,1,6,1,43,7,-1,-1,-1,-1,1
2014520403704,1,9,0,6,0,0,0,0,0,0,1,1,6,1,28,6,1560,2,6,1,1
2014520403704,2,5,0,18,0,0,0,0,0,0,1,1,6,1,47,8,998,1,7,8,1
2014520403705,1,1,0,18,0,1,0,0,0,0,0,1,6,2,59,9,-1,-1,-1,5,3
2014520403705,2,22,0,18,0,1,0,0,0,0,0,1,6,2,69,10,-1,-1,-1,4,3
2014520403709,1,9,0,17,0,0,0,0,0,0,1,1,6,1,26,6,1910,2,6,-1,1
2014520403722,1,20,0,18,0,0,5,0,1,7,1,1,6,1,42,7,-1,-1,-1,1,2
2014520403725,1,9,0,2,0,0,0,0,0,0,2,1,6,1,77,11,1422,2,7,9,3
2014520403725,2,1,0,18,0,0,0,0,0,0,1,1,6,1,18,4,-1,-1,-1,9,3
2014520403726,1,9,0,18,0,0,0,7,0,0,1,1,6,1,18,4,998,1,14,6,3
2014520403729,1,9,0,18,0,0,0,0,0,0,1,1,6,3,-1,-1,1870,2,13,-1,-1
2014520403729,2,9,0,18,0,0,0,0,0,0,2,1,6,1,50,8,1341,1,10,9,3
2014520403731,1,9,0,18,0,0,0,0,2,4,1,1,6,1,40,7,1796,1,15,-1,1
2014520403731,2,9,0,18,0,0,0,0,0,0,3,1,6,2,51,8,1399,1,6,7,3
2014520403733,1,9,0,17,0,0,0,0,7,9,1,1,6,2,20,4,1124,1,12,6,3
2014520403735,1,9,0,18,0,4,0,0,0,0,1,1,6,2,60,9,1329,1,3,7,2
2014520403735,2,1,0,9,0,8,0,0,0,0,1,1,6,1,39,7,-1,-1,-1,6,1
2014520403737,1,9,0,18,0,0,0,0,0,0,1,1,6,2,60,9,998,1,5,8,3
2014520403737,2,1,0,18,0,0,0,0,0,0,0,1,6,1,26,6,-1,-1,-1,8,3
2014520403739,1,9,0,14,0,0,0,0,0,0,4,1,6,1,22,5,1198,1,4,10,1
2014520403743,1,9,0,2,0,0,0,0,0,0,1,1,6,1,33,6,1686,2,5,5,1
2014520403743,2,9,0,18,0,0,0,0,0,0,1,1,6,1,61,9,-1,-1,-1,6,3
2014520403758,1,9,0,3,0,0,0,0,0,0,2,1,6,1,67,10,1796,1,8,3,1
2014520403758,2,9,0,18,0,0,0,0,0,0,1,1,6,3,-1,-1,-1,-1,-1,-1,-1
2014520403828,1,9,0,3,0,0,0,0,0,0,2,1,6,2,57,9,1896,2,4,8,3
2014520403828,2,9,0,3,0,0,0,0,0,0,2,1,6,2,60,9,996,1,1,6,2
2014520403828,3,9,0,18,0,0,0,0,0,0,1,1,6,1,43,7,1396,1,13,6,2
2014520403849,1,9,0,18,0,0,0,0,0,0,4,1,6,1,30,6,1781,1,11,5,3
2014520403849,2,9,0,18,0,0,0,0,0,0,3,1,6,1,35,6,-1,-1,-1,3,1
2014520403854,1,9,0,18,0,0,0,0,0,0,1,1,6,2,24,5,1242,1,13,1,1
2014520403854,2,9,0,18,0,0,0,0,0,0,1,1,6,1,40,7,2143,2,1,8,1
2014520403854,3,9,0,18,0,0,0,0,0,0,3,1,6,1,53,8,1398,2,9,8,1
2014520403859,1,9,0,18,0,8,0,0,0,11,1,1,6,2,31,6,1686,2,-1,2,1
2014520403887,1,9,0,18,0,4,0,0,0,0,1,1,6,1,23,5,-1,-1,-1,7,1
2014520403887,2,9,0,18,0,4,0,0,0,0,2,1,6,1,32,6,1596,1,12,1,1
2014520403894,1,9,0,9,0,5,0,0,0,0,4,1,6,1,19,4,2720,2,6,5,2
2014520403894,2,5,0,18,0,8,0,0,0,0,1,1,6,1,24,5,649,1,-1,3,1
2014520403898,1,9,0,18,0,0,0,0,0,0,0,1,6,2,64,9,1398,2,2,5,3
2014520403900,1,9,0,9,0,1,0,0,0,0,1,1,6,1,20,4,1493,1,19,8,3
2014520403900,2,9,0,18,0,1,0,0,0,0,1,1,6,2,42,7,-1,-1,-1,8,3
2014520403902,1,9,0,4,0,1,0,0,0,0,1,1,6,1,40,7,-1,-1,-1,3,1
2014520403902,2,9,0,4,0,1,0,0,0,0,2,1,6,2,30,6,1596,1,14,4,1
2014520403904,1,5,0,3,0,4,0,0,0,0,2,1,6,1,29,6,124,1,8,1,1
2014520403904,2,9,0,3,0,4,0,0,0,0,1,1,6,2,28,6,1781,1,19,1,1
2014520403905,1,9,0,18,0,0,0,6,0,0,3,1,6,2,52,8,1397,1,5,6,3
2014520403918,1,9,0,18,0,4,0,0,0,0,1,1,6,1,87,11,998,1,1,3,3
2014520403918,2,9,0,3,0,4,0,0,0,0,2,1,6,1,58,9,2143,2,2,10,3
2014520403928,1,19,0,18,0,0,0,0,0,0,1,1,6,1,36,7,-1,-1,-1,5,1
2014520403928,2,19,0,18,0,0,0,0,0,0,1,1,6,1,53,8,-1,-1,-1,4,1
2014520403946,1,9,0,17,0,8,0,0,0,0,1,1,6,2,52,8,1124,1,13,5,2
2014520403946,2,9,0,18,0,6,0,0,0,0,3,1,6,1,75,10,899,1,1,7,3
2014520403947,1,9,0,18,0,8,0,0,0,0,1,1,6,1,19,4,1968,2,9,9,1
2014520403947,2,9,0,18,0,8,0,0,0,0,1,1,6,1,27,6,1396,1,11,5,1
2014520403953,1,9,0,9,0,8,0,0,0,0,1,1,6,1,85,11,1396,1,11,6,3
2014520403953,2,9,0,18,0,8,0,0,0,0,3,1,6,2,51,8,1199,2,-1,9,1
2014520403954,1,9,0,18,0,0,0,0,0,0,1,1,6,1,74,10,1560,2,-1,7,3
2014520403954,2,9,0,18,0,0,0,0,0,0,2,1,6,2,25,5,1149,1,10,4,1
2014520403960,1,9,0,3,0,5,0,0,0,0,1,1,6,1,34,6,2500,2,12,5,3
2014520403960,2,17,4,4,0,1,0,0,0,0,1,1,6,1,60,9,-1,-1,-1,-1,-1
2014520403972,1,9,0,18,0,8,0,0,0,0,1,1,6,2,40,7,1360,1,7,8,3
2014520403972,2,1,0,9,0,8,0,0,0,0,1,1,6,1,42,7,-1,-1,-1,8,3
2014520404002,1,9,0,9,0,5,0,0,0,0,2,1,6,1,74,10,2980,2,18,1,1
2014520404002,2,11,0,18,0,8,1,0,0,0,1,1,1,1,65,9,-1,2,19,8,3
2014520404003,1,9,0,18,0,8,0,0,0,0,1,1,6,1,19,4,1968,2,5,8,3
2014520404012,1,9,0,18,0,0,0,0,0,0,4,1,6,2,43,7,1968,2,7,10,1
2014520404012,2,9,0,2,0,0,0,0,0,0,4,1,6,2,29,6,1997,1,10,10,1
2014520404043,1,9,0,18,0,0,0,0,0,0,1,1,6,2,18,4,1299,1,16,6,3
2014520404043,2,9,0,18,0,0,0,0,0,0,1,1,6,1,40,7,2496,2,14,6,3
2014520404055,1,9,0,18,0,0,0,0,0,0,3,1,6,2,31,6,-1,-1,-1,6,3
2014520404055,2,9,0,18,0,0,0,0,0,11,1,1,6,1,53,8,1362,1,3,6,3
2014520404064,1,2,0,18,0,8,1,0,0,0,3,1,6,1,17,4,50,1,11,8,3
2014520404064,2,9,0,9,0,8,0,0,0,0,1,1,6,2,53,8,1390,1,8,5,2
2014520404127,1,9,0,18,0,0,0,0,0,0,2,1,6,1,62,9,-1,-1,-1,3,1
2014520404127,2,9,0,18,0,0,0,0,0,0,1,1,6,1,33,6,1968,2,8,2,1
2014520404136,1,19,0,18,0,0,2,0,0,0,3,1,6,1,26,6,1998,2,13,5,1
2014520404137,1,9,0,9,0,8,0,0,0,0,1,1,6,2,59,9,1968,2,7,5,1
2014520404137,2,9,0,18,0,8,0,0,0,0,1,1,6,2,64,9,1597,1,14,7,3
2014520404139,1,9,0,16,0,0,0,0,0,0,1,1,6,2,47,8,2254,1,13,8,3
2014520404139,2,9,0,17,0,0,0,0,0,0,1,1,6,1,64,9,-1,-1,-1,10,1
2014520404141,1,9,0,16,0,4,0,0,0,0,3,1,6,1,55,8,-1,-1,-1,4,1
2014520404141,2,1,0,17,0,8,0,0,0,0,3,1,6,1,23,5,-1,-1,-1,-1,1
2014520404152,1,9,0,18,0,4,0,0,0,0,1,1,6,1,45,7,1997,2,11,5,3
2014520404152,2,1,0,18,0,8,0,0,0,0,4,1,6,1,57,9,-1,-1,-1,3,1
2014520404170,1,9,0,18,0,1,0,0,0,0,4,1,6,1,60,9,1910,2,7,7,1
2014520404170,2,9,0,9,0,1,0,0,0,0,4,1,6,1,68,10,1596,1,11,2,1
2014520404172,1,9,0,9,0,8,0,0,0,0,4,1,6,1,18,4,1900,2,15,8,3
2014520404172,2,1,0,18,0,8,0,0,0,0,4,1,6,1,56,9,-1,-1,-1,7,3
2014520404173,1,1,0,18,4,0,0,0,0,0,1,1,1,1,31,6,-1,-1,-1,3,1
2014520404173,2,11,0,3,0,0,0,0,0,0,0,1,1,1,21,5,7300,2,-1,-1,-1
2014520404174,1,9,0,18,6,0,0,0,0,0,2,1,6,1,42,7,5935,1,-1,2,1
2014520404174,2,20,0,18,0,0,0,0,0,0,1,1,6,1,45,7,3920,2,7,4,1
2014520404179,1,9,0,17,0,1,0,0,1,11,1,1,6,2,80,11,1364,1,5,10,1
2014520404181,1,9,0,18,0,0,0,0,0,0,1,1,6,1,36,7,3600,1,11,-1,1
2014520404182,1,9,0,18,0,0,0,0,0,0,1,1,6,1,48,8,1896,2,10,8,1
2014520404183,1,9,0,18,0,0,0,0,0,0,1,1,6,2,29,6,1686,2,4,5,1
2014520404183,2,9,0,18,0,0,0,0,0,0,2,1,6,1,72,10,1798,1,10,-1,2
2014520404196,1,9,0,18,0,0,0,0,0,0,3,1,6,3,30,6,-1,-1,-1,-1,-1
2014520404213,1,1,0,12,0,0,0,0,0,0,1,1,1,1,18,4,-1,-1,-1,7,3
2014520404213,2,9,0,13,0,0,0,0,0,0,2,1,6,1,45,7,1390,1,9,-1,-1
2014520404248,1,9,0,9,0,0,0,0,0,0,2,1,6,1,48,8,1951,2,12,5,1
2014520404248,2,9,0,18,0,0,0,0,0,0,1,1,6,1,60,9,1598,1,13,-1,-1
2014520404257,1,9,0,9,0,6,0,0,0,0,1,1,6,1,80,11,1896,2,4,8,3
2014520404257,2,3,0,18,0,8,0,0,0,0,4,1,6,1,18,4,125,1,3,7,3
2014520404259,1,9,0,17,0,2,0,0,0,0,1,1,6,1,75,10,998,1,14,5,1
2014520404259,2,9,0,16,0,1,0,0,0,0,1,1,6,2,67,10,998,1,13,6,3
2014520404260,1,9,0,18,0,0,0,0,0,0,4,1,6,1,84,11,1560,2,8,8,1
2014520404260,2,9,0,2,0,0,0,0,0,0,0,1,6,3,-1,-1,-1,-1,-1,-1,-1
2014520404261,1,9,0,3,0,4,0,0,0,0,2,1,1,2,45,7,1560,2,4,3,1
2014520404261,2,9,0,4,0,4,0,0,0,0,1,1,6,1,36,7,-1,-1,-1,3,1
2014520404265,1,20,0,18,0,8,0,0,0,0,1,1,1,1,27,6,2999,2,4,7,1
2014520404265,2,9,0,18,0,8,0,0,0,0,1,1,6,2,35,6,1997,2,8,9,3
2014520404269,1,9,0,18,0,1,0,0,0,0,1,1,6,1,51,8,2497,2,8,5,1
2014520404270,1,9,0,9,0,6,0,0,0,0,1,1,6,2,67,10,1596,1,8,6,3
2014520404270,2,9,0,9,0,5,0,0,0,0,3,1,6,2,26,6,1390,1,9,4,1
2014520404274,1,9,0,18,0,1,0,0,0,0,2,1,6,1,20,4,1229,1,1,5,1
2014520404274,2,9,0,18,0,1,1,0,0,0,1,1,6,1,49,8,1868,2,13,2,1
2014520404307,1,9,0,10,0,1,0,0,0,0,2,1,6,1,71,10,1598,2,3,7,2
2014520404307,2,2,0,18,0,1,0,0,0,0,1,1,1,1,16,4,49,1,6,6,3
2014520404313,1,2,0,16,0,0,0,0,0,0,0,1,6,2,17,4,49,1,2,5,1
2014520404313,2,9,0,17,0,0,0,0,0,0,0,1,6,3,-1,-1,-1,-1,-1,-1,-1
2014520404339,1,4,0,18,0,0,0,0,0,0,1,1,6,1,19,4,124,1,-1,6,3
2014520404339,2,9,0,18,0,0,0,0,0,0,2,1,6,1,20,4,-1,-1,-1,-1,1
2014520404350,1,9,0,17,0,0,0,0,2,4,1,1,6,2,19,4,1422,2,13,3,2
2014520404351,1,9,0,18,0,8,1,0,0,0,1,1,6,3,-1,-1,-1,-1,-1,-1,-1
2014520404351,2,9,0,18,0,8,0,0,0,0,1,1,6,2,24,5,-1,-1,-1,5,2
2014520404360,1,9,0,9,0,5,0,0,0,0,0,1,6,2,65,9,1364,1,7,8,2
2014520404360,2,1,0,18,0,8,0,0,0,0,0,1,2,1,30,6,-1,-1,-1,4,1
2014520404361,1,4,0,18,0,0,0,0,0,0,2,1,6,1,54,8,-1,-1,-1,2,1
2014520404361,2,9,0,18,0,0,0,0,0,0,1,1,6,1,39,7,-1,-1,-1,3,1
2014520404373,1,9,0,18,0,0,0,0,0,0,3,1,6,1,45,7,1998,2,10,5,2
2014520404373,2,9,0,18,0,0,0,0,0,0,3,1,6,1,25,5,-1,-1,-1,4,1
2014520404383,1,9,0,9,0,8,0,0,0,0,1,1,6,1,35,6,2199,2,6,2,1
2014520404383,2,9,0,18,0,8,0,0,0,0,1,1,6,2,23,5,1198,1,10,2,1
2014520404400,1,1,0,14,0,0,0,8,0,0,4,1,6,2,62,9,-1,-1,-1,8,1
2014520404400,2,9,0,2,0,0,0,0,0,0,3,1,6,3,-1,-1,-1,-1,-1,-1,-1
2014520404421,1,9,0,17,0,0,0,0,0,0,1,1,6,1,23,5,1397,1,3,10,1
2014520404421,2,9,0,16,0,0,0,0,0,0,1,1,6,2,69,10,1299,1,11,6,1
2014520404429,1,9,0,18,0,0,0,0,0,0,1,1,6,1,20,4,1124,1,15,9,1
2014520404429,2,9,0,18,0,0,0,0,0,0,2,1,6,1,33,6,1896,2,12,1,1
2014520404435,1,1,0,9,4,8,0,0,0,0,4,1,6,2,50,8,-1,-1,-1,9,1
2014520404435,2,19,0,5,0,8,0,0,0,0,3,1,6,3,-1,-1,-1,-1,-1,-1,-1
2014520404449,1,9,0,16,0,0,0,0,0,0,1,1,6,2,38,7,1910,2,8,6,2
2014520404449,2,19,0,17,0,0,0,0,0,0,1,1,6,1,39,7,1753,2,10,3,1
2014520404454,1,9,0,9,0,8,0,0,0,0,1,1,6,2,46,8,1870,2,11,6,2
2014520404454,2,9,0,18,0,8,0,0,0,0,1,1,6,1,40,7,1560,2,3,1,1
2014520404456,1,9,0,18,0,8,0,0,0,0,1,1,6,2,45,7,1328,1,11,7,3
2014520404456,2,9,0,9,0,8,0,0,0,0,1,1,6,1,43,7,1968,2,7,9,2
2014520404456,3,9,0,18,0,8,0,0,0,0,1,1,6,1,30,6,1968,2,1,7,1
2014520404476,1,9,0,6,0,0,0,0,0,0,3,1,6,1,27,6,1596,1,9,5,2
2014520404476,2,5,0,18,0,0,0,0,0,0,1,1,6,1,50,8,600,1,16,3,1
2014520404478,1,5,0,16,0,0,0,0,0,0,0,1,6,1,40,7,599,1,15,1,1
2014520404478,2,5,0,17,0,0,0,0,0,0,1,1,6,1,-1,-1,1170,1,5,-1,1
2014520404582,1,9,0,3,0,1,0,0,0,0,2,1,6,2,40,7,1360,1,13,7,3
2014520404582,2,9,0,3,0,1,0,0,0,0,1,1,6,2,45,7,2400,2,3,7,2
2014520404589,1,9,0,3,0,0,0,0,0,0,0,1,6,1,36,7,2495,2,19,8,3
2014520404589,2,1,0,18,0,0,0,0,0,0,1,1,6,1,56,9,-1,-1,-1,5,3
2014520404594,1,9,0,18,0,0,0,0,0,0,1,1,6,3,-1,-1,-1,-1,-1,-1,-1
2014520404594,2,3,0,18,0,0,0,0,0,0,1,1,6,1,23,5,124,1,11,-1,-1
2014520404639,1,9,0,11,0,0,0,0,0,0,1,1,6,1,29,6,2204,2,4,6,1
2014520404639,2,19,0,18,0,0,0,0,0,0,1,1,1,1,31,6,1968,2,1,9,3
2014520404672,1,9,0,12,0,0,0,0,0,0,1,1,6,1,38,7,-1,-1,-1,8,2
2014520404672,2,9,0,18,0,0,0,0,0,0,1,1,6,1,19,4,1149,1,5,7,2
2014520404698,1,9,0,18,0,0,0,0,1,3,1,1,6,2,63,9,1998,1,6,4,1
2014520404699,1,9,0,16,0,0,0,0,0,0,1,1,6,1,54,8,1995,2,1,-1,-1
2014520404699,2,9,0,17,0,0,0,0,0,0,1,1,6,1,21,5,1839,1,-1,5,3
2014520404701,1,9,0,18,0,1,0,0,0,0,1,1,6,2,58,9,1339,1,10,9,1
2014520404705,1,9,0,16,0,0,0,0,7,11,1,1,6,1,53,8,1997,2,9,9,3
2014520404710,1,9,0,18,0,0,0,10,1,3,1,1,6,1,20,4,-1,-1,-1,6,2
2014520404716,1,9,0,18,0,0,5,10,0,0,0,1,6,2,76,11,1598,1,1,4,2
2014520404719,1,21,0,18,0,8,0,0,0,0,2,1,1,1,42,7,-1,-1,-1,3,1
2014520404719,2,1,0,9,0,8,0,0,0,0,1,1,2,2,45,7,-1,-1,-1,-1,-1
2014520404735,1,9,0,16,0,0,0,0,0,0,1,1,6,2,27,6,-1,-1,-1,2,1
2014520404735,2,9,0,2,0,0,0,0,0,0,2,1,6,2,23,5,1896,2,9,-1,-1
2014520404768,1,9,0,18,0,0,0,0,0,0,1,1,6,1,65,9,1997,2,5,7,1
2014520404768,2,19,0,2,0,0,0,0,0,0,3,1,6,1,29,6,2300,2,8,-1,-1
2014520404787,1,9,0,18,0,0,0,0,0,0,2,1,6,1,71,10,1796,1,14,5,2
2014520404787,2,1,0,18,0,0,0,0,0,0,2,1,6,2,47,8,-1,-1,-1,4,1
2014520404789,1,9,0,9,0,8,0,0,0,0,3,1,6,1,35,6,1968,2,1,2,1
2014520404789,2,4,0,18,0,8,0,0,0,0,1,1,6,1,41,7,1340,1,6,4,3
2014520404791,1,9,0,18,0,0,0,0,0,0,1,1,6,1,34,6,1598,1,3,5,1
2014520404791,2,9,0,18,0,0,0,0,0,0,3,1,6,1,18,4,1242,1,13,6,2
2014520404791,3,9,0,18,0,0,0,0,0,0,1,1,6,1,40,7,1598,1,14,10,3
2014520404792,1,9,0,17,0,0,0,0,0,0,1,1,6,1,18,4,-1,-1,-1,6,2
2014520404796,1,9,0,18,0,1,0,0,0,0,1,1,6,1,44,7,1783,1,14,9,3
2014520404796,2,11,0,18,0,2,0,0,0,0,1,1,1,1,34,6,-1,2,25,7,3
2014520404797,1,9,0,8,0,1,0,0,0,0,2,1,6,2,37,7,1468,1,22,8,1
2014520404797,2,9,0,18,0,1,0,0,0,0,1,1,6,1,70,10,1753,1,16,5,1
2014520404798,1,9,0,18,0,0,0,0,0,0,1,1,6,1,77,11,1339,1,11,4,1
2014520404798,2,9,0,18,0,0,0,0,0,0,3,1,6,1,59,9,1840,1,14,4,3
2014520404821,1,9,0,18,0,0,0,0,2,2,1,1,6,1,30,6,1998,1,12,6,3
2014520404826,1,9,0,18,0,0,0,0,0,0,1,1,6,2,50,8,1995,2,13,10,1
2014520404826,2,9,0,18,0,0,0,0,0,0,1,1,6,2,41,7,1599,1,9,10,1
2014520404828,1,9,0,16,0,1,0,0,0,0,1,1,6,1,27,6,2494,1,14,3,1
2014520404828,2,9,0,17,0,2,0,0,0,0,1,1,6,2,52,8,1560,2,4,7,3
2014520404832,1,9,0,18,0,0,0,0,0,0,1,1,6,2,18,4,954,1,15,7,3
2014520404834,1,9,0,18,0,8,0,0,0,0,1,1,6,1,41,7,1590,1,12,9,3
2014520404834,2,9,0,18,0,8,0,0,0,0,1,1,6,1,57,9,1206,1,2,7,1
2014520404834,3,9,0,18,0,8,0,0,0,0,1,1,6,1,46,8,1968,2,-1,8,1
2014520404834,4,9,0,18,0,8,0,0,0,0,1,1,6,2,32,6,1991,2,6,10,1
2014520404834,5,9,0,18,0,8,0,0,0,0,1,1,6,2,47,8,1956,2,-1,8,1
2014520404843,1,9,0,18,0,8,0,0,0,0,1,1,6,1,69,10,-1,-1,-1,6,1
2014520404843,2,9,0,9,0,8,0,0,0,0,1,1,6,1,52,8,1753,2,14,6,3
2014520404845,1,21,1,18,0,0,3,0,0,0,2,1,6,1,44,7,12580,2,9,4,1
2014520404845,2,21,0,18,0,0,5,0,0,0,1,1,6,1,58,9,12777,2,-1,5,3