Accident_Index,Vehicle_Reference,Vehicle_Type,Towing_and_Articulation,Vehicle_Manoeuvre,Vehicle_Location-Restricted_Lane,Junction_Location,Skidding_and_Overturning,Hit_Object_in_Carriageway,Vehicle_Leaving_Carriageway,Hit_Object_off_Carriageway,1st_Point_of_Impact,Was_Vehicle_Left_Hand_Drive?,Journey_Purpose_of_Driver,Sex_of_Driver,Age_of_Driver,Age_Band_of_Driver,Engine_Capacity_(CC),Propulsion_Code,Age_of_Vehicle,Driver_IMD_Decile,Driver_Home_Area_Type
2014520404847,1,5,0,14,0,0,0,0,0,0,1,1,6,1,58,9,487,1,18,6,3
2014520404847,2,9,0,5,0,0,0,0,0,0,1,1,6,3,-1,-1,-1,-1,-1,-1,-1
2014520404849,1,9,0,18,0,0,0,0,0,0,1,1,6,3,-1,-1,-1,-1,-1,-1,-1
2014520404849,2,1,0,18,0,0,0,0,0,0,1,1,6,1,12,3,-1,-1,-1,4,1
2014520404850,1,9,0,17,0,8,0,0,0,0,1,1,6,2,38,7,1560,2,7,6,3
2014520404850,2,9,0,9,0,5,0,0,0,0,3,1,6,1,19,4,-1,-1,-1,5,3
2014520404855,1,21,0,9,0,6,0,0,0,0,3,1,1,1,54,8,12900,2,6,6,3
2014520404855,2,5,0,18,0,8,0,0,0,0,1,1,6,1,25,5,487,1,11,7,3
2014520404858,1,9,0,9,0,5,0,0,0,0,4,1,6,2,22,5,1598,1,6,8,3
2014520404858,2,9,0,18,0,8,0,0,0,0,1,1,6,1,26,6,1388,1,16,3,1
2014520404858,3,9,0,18,0,8,0,0,0,0,1,1,6,1,33,6,1998,1,11,3,1
2014520404862,1,9,0,17,0,1,5,0,1,10,1,1,6,1,24,5,1587,1,7,10,1
2014520404869,1,1,0,18,0,8,0,0,0,0,4,1,6,2,-1,-1,-1,-1,-1,8,1
2014520404869,2,9,0,9,0,6,0,0,0,0,1,1,6,1,-1,-1,1598,2,1,-1,2
2014520404884,1,9,0,18,0,0,0,10,7,0,1,1,6,1,17,4,1796,1,11,-1,1
2014520404887,1,9,0,18,0,3,0,10,0,0,1,1,6,1,26,6,1600,1,14,3,2
2014520404887,2,1,0,18,0,3,0,0,0,0,0,1,6,1,49,8,-1,-1,-1,4,1
2014520404891,1,9,0,18,0,1,0,0,0,0,4,1,6,2,22,5,1199,1,12,5,1
2014520404894,1,9,0,18,0,0,0,0,0,0,1,1,6,3,-1,-1,-1,-1,-1,-1,-1
2014520404894,2,1,0,18,9,0,0,0,0,0,1,1,6,2,12,3,-1,-1,-1,-1,-1
2014520404897,1,9,0,9,0,5,0,0,0,0,1,1,6,2,-1,-1,1560,2,7,10,2
2014520404897,2,1,0,18,0,8,0,0,0,0,1,1,6,2,23,5,-1,-1,-1,7,1
2014520404899,1,9,0,18,0,0,0,7,0,0,1,1,6,2,20,4,996,1,5,10,1
2014520404900,1,9,0,10,0,1,0,0,0,0,2,1,6,2,46,8,1397,1,5,7,1
2014520404900,2,9,0,18,0,1,0,0,0,0,1,1,6,1,35,6,1390,1,3,4,1
2014520404902,1,19,0,18,0,8,0,0,0,0,4,1,6,1,23,5,1560,2,6,5,1
2014520404905,1,1,0,18,0,2,0,0,0,0,3,1,6,2,47,8,-1,-1,-1,6,1
2014520404905,2,19,0,18,0,2,0,0,0,0,4,1,1,1,30,6,2198,2,2,-1,-1
2014520404935,1,9,0,2,0,0,0,0,0,0,4,1,6,1,43,7,2926,2,11,-1,-1
2014520404935,2,9,0,18,0,0,0,8,0,0,3,1,6,2,33,6,1560,2,2,-1,-1
2014520404947,1,9,0,18,0,8,0,0,0,0,0,1,6,2,37,7,2835,2,16,8,1
2014520404947,2,8,0,9,0,6,0,0,0,0,0,1,1,3,-1,-1,-1,-1,-1,-1,-1
2014520404989,1,1,0,16,0,0,0,0,0,0,3,1,6,1,16,4,-1,-1,-1,6,3
2014520404989,2,10,0,16,0,0,0,0,0,0,4,1,6,3,40,7,-1,-1,-1,-1,-1
2014520405003,1,20,0,10,0,1,0,0,0,0,2,1,1,1,37,7,-1,-1,-1,4,3
2014520405003,2,20,0,18,0,1,0,0,0,0,1,1,1,1,25,5,2143,2,3,-1,-1
2014520405023,1,9,0,18,0,0,0,0,0,0,1,1,6,1,35,6,1299,1,13,4,2
2014520405023,2,9,0,18,0,0,0,0,0,0,1,1,6,1,19,4,1299,1,13,8,2
2014520405025,1,19,0,18,0,0,0,0,0,0,4,1,6,1,56,9,1753,2,6,4,3
2014520405026,1,9,0,18,0,0,0,0,0,0,1,1,6,1,47,8,1998,1,11,8,1
2014520405026,2,9,0,4,0,0,0,0,0,0,2,1,6,1,52,8,1560,2,4,8,2
2014520405038,1,9,0,9,0,6,0,0,0,0,3,1,6,1,34,6,1796,1,7,7,1
2014520405038,2,9,0,18,0,8,0,0,0,0,1,1,6,1,59,9,2143,2,4,10,1
2014520405040,1,9,0,18,0,0,0,0,0,0,3,1,6,1,45,7,1968,2,2,-1,1
2014520405041,1,9,0,18,0,0,0,0,0,0,1,1,6,1,76,11,1587,1,6,9,1
2014520405041,2,9,0,1,0,0,0,0,0,0,2,1,6,2,48,8,-1,-1,-1,7,3
2014520405044,1,9,0,18,0,0,5,0,8,4,1,1,6,2,41,7,1560,2,7,4,1
2014520405046,1,9,0,1,0,0,0,0,0,0,2,1,6,1,77,11,1796,1,9,-1,2
2014520405058,1,19,0,18,0,0,0,0,0,0,3,1,6,1,43,7,2198,2,2,7,3
2014520405058,2,19,0,18,0,0,0,0,0,0,3,1,6,1,30,6,-1,-1,-1,-1,-1
2014520405064,1,9,0,10,0,1,0,0,0,0,2,1,6,2,57,9,1998,1,14,3,1
2014520405064,2,9,0,10,0,1,0,0,0,0,2,1,6,1,46,8,-1,-1,-1,3,1
2014520405064,3,9,0,10,0,1,0,0,0,0,1,1,6,1,42,7,2967,1,15,-1,-1
2014520405073,1,9,0,3,0,1,0,0,0,0,2,1,6,2,49,8,1339,1,3,5,1
2014520405073,2,9,0,7,0,1,0,0,0,0,1,1,6,2,20,4,1896,2,12,-1,-1
2014520405103,1,1,0,9,0,8,0,0,0,0,2,1,6,1,23,5,-1,-1,-1,6,1
2014520405103,2,2,0,18,0,1,0,0,0,0,1,1,6,2,36,7,124,1,5,4,1
2014520405109,1,9,0,17,0,0,0,0,0,0,1,1,6,1,33,6,1998,1,9,2,1
2014520405109,2,20,0,16,0,0,0,0,0,0,1,1,6,1,38,7,-1,-1,-1,5,2
2014520405114,1,9,0,16,0,0,0,0,0,3,1,1,6,2,42,7,998,1,10,3,1
2014520405157,1,5,0,18,0,0,0,0,0,0,0,1,6,1,46,8,998,1,8,1,1
2014520405159,1,9,0,18,0,0,0,0,0,0,4,1,6,2,78,11,1997,2,4,8,3
2014520405159,2,9,0,5,0,0,0,0,0,0,3,1,6,1,21,5,-1,-1,-1,4,1
2014520405183,1,9,0,4,0,0,0,0,0,0,0,1,1,1,23,5,-1,-1,-1,4,1
2014520405183,2,9,0,14,0,0,0,0,0,0,1,1,6,1,18,4,-1,-1,-1,9,3
2014520405187,1,9,0,18,0,8,0,0,0,0,0,1,6,1,22,5,1396,1,9,3,1
2014520405187,2,9,0,9,0,8,0,0,0,0,0,1,6,2,19,4,899,1,14,9,1
2014520405204,1,9,0,9,0,8,0,0,0,0,2,1,6,1,72,10,1497,8,8,8,3
2014520405204,2,5,0,18,0,8,0,0,0,0,1,1,6,1,23,5,296,1,-1,9,3
2014520405218,1,9,0,18,0,0,0,0,0,0,1,1,6,3,-1,-1,-1,-1,-1,-1,-1
2014520405219,1,9,0,10,0,8,0,0,0,0,1,1,6,1,50,8,1781,1,18,6,3
2014520405219,2,5,0,18,0,8,0,0,0,0,1,1,6,1,53,8,1085,1,15,7,3
2014520405223,1,9,0,4,0,1,0,0,0,0,1,1,6,2,48,8,-1,-1,-1,-1,3
2014520405223,2,9,0,4,0,1,0,0,0,0,2,1,6,1,56,9,1598,2,1,7,3
2014520405223,3,9,0,4,0,4,0,0,0,0,2,1,6,1,17,4,1598,2,2,5,1
2014520405225,1,9,0,4,0,0,0,0,0,0,3,1,6,2,39,7,1242,1,17,5,3
2014520405225,2,1,0,18,0,0,0,8,0,0,1,1,6,1,82,11,-1,-1,-1,9,1
2014520405228,1,9,0,18,0,0,0,0,0,0,4,1,6,3,-1,-1,-1,-1,-1,-1,-1
2014520405281,1,9,0,2,0,0,0,0,0,0,2,1,6,2,61,9,1997,2,12,3,1
2014520405281,2,1,0,18,0,0,0,0,0,0,1,1,6,1,58,9,-1,-1,-1,6,1
2014520405292,1,9,0,1,0,0,0,0,0,0,2,1,6,1,34,6,2498,1,14,3,1
2014520405292,2,9,0,18,0,0,0,0,0,0,1,1,6,1,74,10,1596,1,3,3,1
2014520405295,1,9,0,18,0,0,0,0,0,0,1,1,6,1,37,7,1396,1,14,4,2
2014520405299,1,9,0,1,0,0,0,0,0,0,2,1,6,1,71,10,1951,2,10,-1,-1
2014520405302,1,9,0,1,0,0,0,0,0,0,2,1,6,3,-1,-1,-1,-1,-1,-1,-1
2014520405304,1,9,0,9,0,8,0,0,0,0,3,1,6,1,32,6,2143,2,2,6,3
2014520405304,2,4,0,13,0,8,0,0,0,0,1,1,6,1,22,5,124,1,1,6,3
2014520405306,1,9,0,13,0,0,0,0,0,0,4,1,6,1,53,8,-1,-1,-1,6,1
2014520405306,2,4,0,18,0,0,0,0,0,0,3,1,6,1,24,5,998,1,3,3,2
2014520405328,1,9,0,18,0,0,0,0,0,0,1,1,6,1,64,9,2179,2,-1,7,2
2014520405328,2,9,0,18,0,0,0,0,1,4,1,1,6,1,47,8,1968,2,1,9,1
2014520405329,1,9,0,18,0,0,1,0,0,0,1,1,6,3,-1,-1,-1,-1,-1,-1,-1
2014520405329,2,9,0,18,0,0,0,0,0,0,1,1,6,1,30,6,1590,1,18,-1,-1
2014520405330,1,9,0,18,0,8,0,0,0,0,4,1,6,1,21,5,1968,2,10,6,1
2014520405330,2,19,0,3,0,8,0,0,0,0,3,1,6,1,60,9,2143,2,4,4,1
2014520405330,3,19,0,18,0,8,0,0,0,0,1,1,6,1,40,7,12130,2,17,6,3
2014520405332,1,9,0,18,0,8,0,0,0,0,1,1,6,1,29,6,1388,1,10,5,1
2014520405332,2,9,0,9,0,8,0,0,0,0,1,1,6,2,20,4,998,1,4,9,3
2014520405337,1,1,0,18,0,2,0,0,0,0,3,1,6,1,22,5,-1,-1,-1,5,3
2014520405337,2,19,4,9,0,6,0,0,0,0,4,1,1,1,69,10,2198,2,1,6,3
2014520405338,1,9,0,9,0,7,0,0,0,0,2,1,6,2,26,6,998,1,3,-1,2
2014520405338,2,9,0,18,0,8,0,0,0,0,1,1,6,2,23,5,1389,1,19,7,1
2014520405340,1,9,0,7,0,6,0,0,0,0,1,1,6,1,47,8,1910,2,8,8,1
2014520405340,2,9,0,18,0,8,0,0,0,0,1,1,6,1,89,11,1397,1,14,8,1
2014520405342,1,9,0,18,0,0,0,0,4,6,1,1,6,1,26,6,1598,1,10,7,3
2014520405342,2,21,1,18,0,0,0,0,0,0,2,1,1,1,48,8,10837,2,3,6,1
2014520405364,1,11,0,18,0,0,0,0,0,0,1,1,6,1,44,7,9600,2,16,5,1
2014520405364,2,9,0,18,0,0,0,0,0,0,1,1,6,1,82,11,1199,1,10,7,1
2014520405371,1,1,0,18,0,8,0,0,0,0,1,1,6,1,31,6,-1,-1,-1,6,2
2014520405371,2,9,0,18,0,8,0,0,0,0,1,1,6,2,53,8,1596,1,2,6,3
2014520405374,1,9,0,1,9,0,0,0,1,0,2,1,6,1,35,6,1753,2,15,-1,-1
2014520405388,1,9,0,18,0,0,0,0,0,0,1,1,6,1,20,4,1994,2,17,-1,-1
2014520405390,1,9,0,18,0,0,0,0,0,0,2,1,6,2,20,4,1753,2,10,7,1
2014520405390,2,9,0,18,0,0,0,0,0,0,1,1,6,2,26,6,1360,1,8,4,2
2014520405397,1,9,0,5,0,8,0,0,0,0,4,1,6,2,20,4,998,1,13,5,1
2014520405398,1,9,0,18,0,8,0,0,0,0,1,1,6,1,47,8,-1,-1,-1,7,3
2014520405398,2,9,0,7,0,8,0,0,0,0,1,1,6,1,33,6,1896,2,10,5,1
2014520405399,1,9,0,18,0,0,0,0,0,0,4,1,6,2,31,6,1910,2,7,5,1
2014520405399,2,9,0,2,0,0,0,0,0,0,3,1,6,1,55,8,4398,1,13,7,1
2014520405399,3,9,0,2,0,0,0,0,0,0,3,1,6,1,55,8,1988,1,12,7,1
2014520405399,4,9,0,2,0,0,0,0,0,0,3,1,6,3,-1,-1,-1,-1,-1,-1,-1
2014520405406,1,9,0,18,0,0,5,0,8,10,1,1,6,2,79,11,1390,1,1,7,3
2014520405408,1,9,0,18,0,0,0,0,4,6,1,1,6,2,47,8,1396,1,10,7,1
2014520405410,1,9,0,7,0,8,0,0,0,0,1,1,6,2,23,5,1389,1,15,6,1
2014520405410,2,1,0,18,0,8,0,0,0,0,1,1,6,1,27,6,-1,-1,-1,3,1
2014520405411,1,9,0,7,0,6,0,0,0,0,2,1,6,2,28,6,1299,1,6,7,3
2014520405411,2,5,0,18,0,8,0,0,0,0,1,1,6,1,24,5,675,1,9,3,1
2014520405412,1,9,0,13,0,0,0,0,0,0,4,1,6,1,-1,-1,1796,1,-1,1,1
2014520405412,2,1,0,18,0,0,0,0,0,0,3,1,6,1,54,8,-1,-1,-1,5,2
2014520405417,1,9,0,17,0,0,0,0,1,9,1,1,1,1,50,8,1686,2,-1,-1,-1
2014520405422,1,9,0,18,0,1,0,0,0,2,1,1,6,1,67,10,1360,1,12,7,1
2014520405459,1,9,0,1,0,1,0,0,0,0,2,1,6,2,40,7,-1,-1,-1,3,1
2014520405459,2,9,0,3,0,1,0,0,0,0,2,1,6,2,36,7,1461,2,6,-1,1
2014520405459,3,9,0,3,0,1,0,0,0,0,2,1,6,1,74,10,1598,1,3,8,1
2014520405459,4,9,0,18,0,1,0,0,0,0,1,1,6,2,48,8,3200,2,11,-1,1
2014520405469,1,9,0,18,0,0,0,0,0,0,1,1,6,1,76,11,1598,1,5,8,3
2014520405469,2,9,0,18,0,0,0,0,0,0,1,1,6,1,60,9,1390,1,17,7,1
2014520405469,3,9,0,18,0,0,0,0,0,0,1,1,6,1,40,7,2494,2,9,10,1
2014520405472,1,9,0,18,0,1,0,12,0,0,4,1,6,2,53,8,1796,1,7,6,3
2014520405490,1,9,0,18,0,0,0,0,0,0,1,1,6,1,58,9,2698,2,8,6,3
2014520405490,2,9,0,18,0,0,0,0,0,0,1,1,6,2,44,7,2183,2,3,4,1
2014520405491,1,9,0,18,0,0,0,0,0,0,1,1,6,1,79,11,-1,-1,-1,5,1
2014520405491,2,9,0,2,0,0,0,0,0,0,4,1,6,1,48,8,-1,-1,-1,8,3
2014520405491,3,9,0,2,0,0,0,0,0,0,2,1,6,1,35,6,-1,-1,-1,10,1
2014520405497,1,9,0,18,0,0,0,0,0,0,1,1,6,3,-1,-1,-1,-1,-1,-1,-1
2014520405497,2,1,0,18,0,0,0,0,0,0,2,1,6,1,36,7,-1,-1,-1,2,1
2014520405500,1,9,0,18,0,0,0,0,0,0,1,1,6,1,26,6,1910,2,9,-1,1
2014520405500,2,9,0,4,0,0,0,0,0,0,4,1,6,1,61,9,1999,1,5,6,3
2014520405502,1,9,0,18,0,8,0,0,0,0,1,1,6,2,58,9,1197,1,2,10,2
2014520405502,2,9,0,18,0,8,0,0,0,0,3,1,6,1,50,8,-1,-1,-1,8,3
2014520405503,1,9,0,18,0,1,0,0,7,9,1,1,6,1,36,7,1896,2,7,-1,-1
2014520405509,1,9,0,9,0,6,0,0,0,0,1,1,6,2,33,6,1995,2,4,9,1
2014520405509,2,9,0,18,0,8,0,0,0,0,4,1,6,1,74,10,1390,1,15,7,1
2014520405511,1,9,0,17,0,2,0,0,0,0,3,1,6,1,30,6,1997,2,6,10,1
2014520405514,1,9,0,18,0,8,0,0,0,0,1,1,6,2,34,6,1896,2,5,-1,1
2014520405514,2,5,0,18,0,8,0,0,0,0,1,1,6,1,50,8,790,1,10,1,1
2014520405517,1,9,0,18,0,8,0,0,1,0,1,1,6,1,77,11,1560,2,1,6,1
2014520405520,1,9,0,18,0,0,0,0,0,1,1,1,6,1,19,4,1598,1,10,10,1
2014520405529,1,16,0,18,0,0,0,0,0,0,0,1,6,2,38,7,-1,-1,-1,6,3
2014520405529,2,17,0,18,0,0,0,0,0,0,0,1,6,3,-1,-1,-1,2,2,-1,-1
2014520405539,1,9,0,18,0,0,0,0,0,0,4,1,6,3,-1,-1,-1,-1,-1,-1,-1
2014520405545,1,9,0,18,0,1,0,0,0,0,4,1,6,2,32,6,1998,1,9,4,2
2014520405545,2,9,0,18,0,1,0,0,0,0,1,1,6,1,35,6,2500,2,24,7,2
2014520405570,1,8,0,3,0,1,0,0,0,0,2,1,6,2,39,7,1390,1,7,-1,1
2014520405570,2,8,0,5,0,1,0,0,0,0,1,1,6,3,-1,-1,-1,-1,-1,-1,-1
2014520405576,1,9,0,17,0,0,0,0,0,0,1,1,6,1,26,6,1900,2,14,5,1
2014520405576,2,9,0,16,0,0,0,0,0,0,1,1,6,1,32,6,2400,2,7,6,3
2014520405576,3,9,0,16,0,0,0,0,0,0,3,1,6,1,67,10,2148,2,8,6,3
2014520405576,4,9,0,17,0,0,0,0,0,0,4,1,6,1,66,10,2295,1,15,10,3
2014520405585,1,9,0,18,0,0,0,0,0,0,2,1,6,3,-1,-1,-1,-1,-1,-1,-1
2014520405585,2,1,0,18,0,0,0,0,1,11,2,1,6,1,23,5,-1,-1,-1,5,3
2014520405656,1,9,0,18,0,0,0,0,0,0,4,1,6,2,40,7,1149,1,8,-1,-1
2014520405680,1,21,0,18,0,8,0,0,0,0,2,1,6,1,52,8,-1,-1,-1,4,1
2014520405680,2,9,0,18,0,8,0,0,0,0,1,1,6,1,33,6,1995,2,6,3,1
2014520405680,3,9,0,7,0,6,0,0,0,0,0,1,6,2,73,10,1598,1,12,7,2
2014520405684,1,9,0,9,0,6,0,0,0,0,3,1,6,2,53,8,1796,1,6,6,1
2014520405684,2,4,0,18,0,8,0,0,0,0,1,1,6,1,21,5,124,1,1,7,3
2014520405713,1,9,0,18,0,1,0,0,0,0,1,1,6,1,50,8,1299,1,10,8,3
2014520405713,2,9,0,2,0,1,0,0,0,0,3,1,6,1,42,7,-1,-1,-1,6,2
2014520405713,3,9,0,2,0,1,0,0,0,0,2,1,6,1,42,7,1997,2,11,6,2
2014520405724,1,9,0,18,0,1,0,0,0,3,1,1,6,2,84,11,999,1,-1,6,3
2014520405725,1,8,0,18,0,8,0,0,0,0,3,1,2,1,63,9,-1,-1,-1,-1,1
2014520405725,2,9,0,18,0,4,0,0,0,0,1,1,6,1,37,7,1905,2,18,7,3
2014520405726,1,9,0,3,0,8,0,0,0,0,3,1,6,2,29,6,1995,2,7,8,3
2014520405726,2,9,0,7,0,8,0,0,0,0,3,1,6,2,70,10,1796,1,14,6,2
2014520405732,1,9,0,9,0,8,0,0,0,0,2,1,6,1,35,6,1299,1,13,3,2
2014520405732,2,9,0,18,0,8,0,0,0,0,1,1,6,1,64,9,1998,1,12,9,3
2014520405735,1,9,0,1,0,0,0,0,0,0,2,1,6,1,54,8,2400,2,4,7,3
2014520405743,1,9,0,3,0,1,0,0,0,0,2,1,6,1,33,6,1298,1,19,10,1
2014520405743,2,9,0,4,0,1,0,0,0,0,1,1,6,3,-1,-1,1598,1,10,-1,-1
2014520405769,1,9,0,18,0,8,0,0,0,0,1,1,6,2,27,6,1598,1,9,7,2
2014520405769,2,9,0,9,0,8,0,0,0,0,4,1,6,2,37,7,1753,2,10,7,3
2014520405771,1,9,0,18,0,0,0,0,0,0,1,1,6,1,94,11,1199,1,11,8,1
2014520405776,1,9,0,5,0,0,0,0,0,0,1,1,6,2,18,4,1199,1,15,6,3
2014520405776,2,9,0,18,0,0,0,0,0,0,1,1,6,1,19,4,-1,-1,-1,6,3
2014520405777,1,9,0,18,0,0,0,0,0,0,1,1,6,2,38,7,1199,1,12,5,1
2014520405777,2,9,0,12,0,0,0,0,0,0,1,1,6,1,46,8,1968,2,5,10,2
2014520405782,1,9,0,18,0,8,0,0,0,0,1,1,6,1,56,9,-1,-1,-1,6,1
2014520405782,2,21,0,9,0,8,0,0,0,0,1,1,1,1,33,6,12900,2,4,8,1
2014520405785,1,9,0,18,0,8,0,0,0,0,1,1,6,1,17,4,1124,1,13,10,1
2014520405785,2,9,0,9,0,5,0,0,0,0,4,1,6,1,74,10,1596,1,11,6,1
2014520405786,1,20,0,9,0,5,0,0,0,0,3,1,6,1,45,7,-1,-1,-1,7,1
2014520405786,2,21,0,18,0,8,0,0,0,0,1,1,1,1,50,8,4462,2,1,7,2
2014520405790,1,9,0,16,0,0,1,0,0,0,1,1,6,1,50,8,-1,-1,-1,-1,-1
2014520405806,1,9,0,18,0,0,0,0,0,0,1,1,6,1,50,8,-1,-1,-1,4,1
2014520405806,2,9,0,18,0,0,0,0,0,0,3,1,6,1,50,8,-1,-1,-1,10,1
2014520405824,1,9,0,3,0,0,0,0,0,0,2,1,1,1,27,6,1461,2,-1,5,2
2014520405824,2,9,0,18,0,0,0,0,0,0,1,1,6,1,20,4,1242,1,8,-1,-1
2014520405835,1,9,0,4,0,0,0,0,0,0,2,1,6,1,34,6,1997,2,10,8,1
2014520405835,2,9,0,3,0,0,0,0,0,0,2,1,6,2,65,9,1390,1,15,8,2
2014520405835,3,9,0,18,0,0,0,0,0,0,1,1,6,2,42,7,1596,1,5,3,1
2014520405838,1,3,0,7,0,8,1,0,0,0,0,1,6,1,34,6,124,1,1,3,1
2014520405842,1,9,0,18,0,8,0,0,0,0,1,1,6,1,38,7,1896,2,11,3,1
2014520405842,2,20,1,18,0,8,0,0,0,0,3,1,6,1,45,7,-1,-1,-1,2,1
2014520405857,1,9,0,4,0,1,0,0,0,0,0,1,6,2,53,8,1398,2,2,9,1
2014520405857,2,20,0,3,0,1,0,0,0,0,2,1,6,1,57,9,5880,2,6,7,1
2014520405857,3,9,0,18,0,1,0,0,0,0,1,1,6,1,44,7,-1,-1,-1,1,1
2014520405863,1,9,0,16,0,0,0,0,7,10,1,1,6,2,62,9,1399,2,9,7,2
2014520405866,1,9,0,9,0,6,0,0,7,10,1,1,6,2,72,10,1390,1,-1,3,1
2014520405866,2,9,0,18,0,1,0,0,0,0,1,1,6,1,66,10,1390,1,7,6,1
2014520405869,1,9,0,18,0,0,0,0,0,0,2,1,6,2,54,8,1997,2,3,4,1
2014520405869,2,9,0,18,0,0,0,0,0,0,1,1,6,1,36,7,1995,2,3,5,1
2014520405869,3,19,0,18,0,0,0,0,0,0,2,1,6,1,25,5,2143,2,2,2,1
2014520405869,4,9,0,18,0,0,0,0,0,0,0,1,6,1,23,5,1331,1,19,6,1
2014520405871,1,20,0,17,0,0,0,0,0,0,3,1,6,1,46,8,2143,2,3,10,1
2014520405871,2,5,0,16,0,0,0,0,0,0,3,1,6,1,67,10,499,1,8,4,3
2014520405873,1,9,0,18,0,0,0,0,0,0,1,1,6,1,26,6,1391,1,18,3,1
2014520405874,1,9,0,10,0,5,0,0,0,0,4,1,6,1,31,6,1995,1,12,3,2
2014520405874,2,2,0,18,0,8,0,0,0,0,1,1,6,1,20,4,49,1,3,8,1
2014520405875,1,1,0,18,0,0,0,0,0,0,2,1,6,1,24,5,-1,-1,-1,5,2
2014520405875,2,20,0,18,0,0,0,0,0,0,1,1,6,3,-1,-1,-1,-1,-1,-1,-1
2014520405879,1,9,0,18,0,0,0,0,0,0,1,1,6,1,18,4,1390,1,18,9,1
2014520405879,2,9,0,3,0,0,0,0,0,0,2,1,6,2,50,8,-1,-1,-1,4,1
2014520405881,1,9,0,12,0,0,0,0,0,0,1,1,6,1,35,6,1956,2,3,5,1
2014520405881,2,9,0,3,0,0,0,0,0,0,2,1,6,1,38,7,-1,-1,-1,8,1
2014520405881,3,9,0,3,0,0,0,0,0,0,2,1,6,1,-1,-1,-1,-1,-1,4,1
2014520405881,4,9,0,3,0,0,0,0,0,0,2,1,6,1,25,5,1124,1,14,10,1
2014520405886,1,9,0,18,0,8,0,0,0,0,1,1,6,2,38,7,1997,2,4,9,2
2014520405886,2,9,0,9,0,8,0,0,0,0,2,1,6,1,21,5,-1,-1,-1,5,2
2014520405887,1,9,0,18,0,8,0,0,0,0,1,1,6,1,66,10,-1,-1,-1,8,1
2014520405887,2,9,0,9,0,8,0,0,0,0,1,1,6,2,32,6,1242,1,5,-1,2
2014520405893,1,19,4,4,0,0,0,0,0,0,2,1,6,1,47,8,2488,2,1,9,2
2014520405893,2,9,0,18,0,0,0,0,0,0,1,1,6,1,25,5,2204,2,8,3,2
2014520405914,1,9,0,18,0,0,0,0,0,0,2,1,6,1,25,5,1248,2,-1,7,2
2014520405914,2,9,0,12,0,0,0,0,0,0,1,1,6,1,38,7,1598,1,4,7,3
2014520405917,1,9,0,18,0,4,0,0,0,0,1,1,6,1,61,9,2494,1,12,5,2
2014520405917,2,5,0,4,0,4,0,0,0,0,2,1,6,1,25,5,125,1,2,5,2
2014520405923,1,9,4,9,0,6,0,0,0,0,0,1,6,3,-1,-1,-1,-1,-1,-1,-1
2014520405923,2,1,0,18,0,8,0,0,0,0,0,1,6,1,25,5,-1,-1,-1,5,1
2014520405928,1,9,0,17,0,0,0,0,0,0,1,1,6,1,22,5,-1,-1,-1,4,1
2014520405928,2,9,0,16,0,0,0,0,0,0,1,1,6,1,54,8,1461,2,6,10,1
2014520406013,1,9,0,3,0,1,0,0,0,0,2,1,6,1,47,8,-1,-1,-1,3,1
2014520406013,2,9,0,4,0,1,0,0,0,0,1,1,6,1,41,7,1997,2,11,3,2
2014520406043,1,9,0,18,0,1,0,0,0,0,2,1,6,2,32,6,1598,1,9,-1,1
2014520406043,2,20,0,18,0,1,0,0,0,0,1,1,6,1,30,6,-1,-1,-1,-1,-1
2014520406091,1,4,0,18,0,8,0,0,0,0,3,1,6,2,50,8,805,1,18,3,1
2014520406091,2,20,0,9,0,8,0,0,0,0,3,1,6,1,43,7,-1,-1,-1,5,1
2014520406091,3,9,0,2,0,1,0,0,0,0,1,1,6,2,27,6,1560,2,8,9,1
2014520406095,1,9,0,18,0,0,0,0,0,0,1,1,6,1,53,8,-1,-1,-1,7,2
2014520406095,2,9,0,18,0,0,0,0,0,0,1,1,6,1,20,4,1149,1,12,7,3
2014520406098,1,9,0,3,0,1,0,0,0,0,1,1,6,1,28,6,4163,1,9,6,1
2014520406155,1,9,0,9,0,0,0,0,0,0,3,1,6,3,-1,-1,-1,-1,-1,-1,-1
2014520406186,1,3,0,18,0,0,0,0,0,0,3,1,6,1,17,4,-1,-1,-1,4,1
2014520406186,2,11,0,13,0,0,0,0,0,0,4,1,6,3,-1,-1,-1,-1,-1,-1,-1
2014520406187,1,9,0,18,0,0,0,0,0,0,2,1,6,2,25,5,1364,1,6,3,1
2014520406187,2,9,0,18,0,0,0,0,0,0,1,1,6,2,26,6,1984,1,13,-1,1
2014520406199,1,9,0,5,0,0,0,0,0,0,0,1,6,1,39,7,-1,-1,-1,5,1
2014520406199,2,4,0,18,0,0,0,0,0,0,0,1,6,1,29,6,-1,-1,-1,1,1
2014520406200,1,9,0,9,0,1,0,0,0,0,4,1,6,2,83,11,-1,-1,-1,8,2
2014520406200,2,19,0,18,0,1,0,0,0,0,3,1,6,1,53,8,-1,-1,-1,7,3
2014520406203,1,20,0,18,0,0,0,0,0,0,2,1,6,1,41,7,2148,2,9,8,1