Accident_Index,Vehicle_Reference,Vehicle_Type,Towing_and_Articulation,Vehicle_Manoeuvre,Vehicle_Location-Restricted_Lane,Junction_Location,Skidding_and_Overturning,Hit_Object_in_Carriageway,Vehicle_Leaving_Carriageway,Hit_Object_off_Carriageway,1st_Point_of_Impact,Was_Vehicle_Left_Hand_Drive?,Journey_Purpose_of_Driver,Sex_of_Driver,Age_of_Driver,Age_Band_of_Driver,Engine_Capacity_(CC),Propulsion_Code,Age_of_Vehicle,Driver_IMD_Decile,Driver_Home_Area_Type
2014520406203,2,9,0,18,0,0,0,0,0,0,1,1,6,2,28,6,1998,1,1,9,1
2014520406205,1,9,0,18,0,0,0,0,0,0,1,1,6,1,18,4,1229,1,9,-1,3
2014520406205,2,9,0,18,0,0,0,0,0,0,1,1,6,1,25,5,1198,1,5,10,1
2014520406217,1,9,0,18,0,2,0,0,0,0,1,1,6,2,50,8,1498,1,4,7,2
2014520406219,1,9,0,18,0,0,0,0,0,0,1,1,6,1,32,6,1997,1,14,5,1
2014520406219,2,9,0,18,0,0,0,0,0,0,1,1,6,2,38,7,4163,1,4,7,3
2014520406269,1,11,0,4,0,0,0,0,0,5,4,1,6,3,-1,-1,-1,-1,-1,-1,-1
2014520406272,1,9,0,18,0,0,0,0,0,0,1,1,6,1,59,9,2477,2,7,6,1
2014520406272,2,9,2,18,0,0,0,0,0,0,3,1,6,2,55,8,-1,-1,-1,5,3
2014520406272,3,9,0,18,0,0,0,0,0,0,3,1,6,1,48,8,-1,-1,-1,5,2
2014520406273,1,9,0,18,0,3,0,0,0,0,3,1,6,1,65,9,1400,1,14,-1,1
2014520406273,2,9,4,18,0,4,0,0,0,0,4,1,6,1,65,9,2902,2,9,7,3
2014520406275,1,4,0,18,0,0,0,0,0,0,3,1,6,1,50,8,125,1,12,1,1
2014520406275,2,9,0,6,0,0,0,0,0,0,1,1,6,1,25,5,1242,1,16,4,1
2014520406331,1,9,0,18,0,0,0,0,0,0,4,1,3,2,43,7,1997,1,14,3,1
2014520406384,1,4,0,18,0,8,0,0,0,0,1,1,6,1,53,8,600,1,14,5,2
2014520406384,2,9,0,18,0,8,0,0,0,0,1,1,6,1,63,9,1995,1,8,7,1
2014520406388,1,9,0,16,0,0,0,0,0,0,1,1,6,2,23,5,1390,1,9,-1,1
2014520406388,2,4,0,17,0,0,0,0,0,0,1,1,6,1,32,6,125,1,13,9,3
2014520406390,1,9,0,18,0,0,0,0,0,0,1,1,6,2,60,9,2967,2,3,5,3
2014520406390,2,19,0,18,0,0,0,0,0,0,2,1,6,1,53,8,2402,2,5,7,2
2014520406391,1,9,0,18,0,0,0,0,0,0,1,1,6,2,50,8,1396,1,11,5,3
2014520406391,2,9,0,18,0,0,0,0,0,0,2,1,6,1,64,9,1396,1,4,9,1
2014520406391,3,9,0,18,0,0,0,0,0,0,2,1,6,1,39,7,1968,2,1,6,2
2014520406429,1,9,0,3,0,0,0,0,0,0,1,1,6,2,49,8,1753,2,10,3,1
2014520406429,2,19,0,1,0,0,0,0,0,0,2,1,6,3,-1,-1,2198,2,7,-1,-1
2014520406445,1,9,0,4,0,0,0,0,0,0,2,1,6,2,82,11,1390,1,8,8,1
2014520406445,2,9,0,18,0,0,0,0,0,0,1,1,6,1,83,11,1997,1,10,9,1
2014520406451,1,1,0,18,0,1,0,0,0,0,3,1,6,2,50,8,-1,-1,-1,8,1
2014520406451,2,9,0,18,0,1,0,0,0,0,4,1,6,3,-1,-1,-1,-1,-1,-1,-1
2014520406456,1,9,0,9,0,6,0,0,0,0,3,1,6,1,35,6,1396,1,17,5,1
2014520406456,2,1,0,18,0,1,0,0,0,0,1,1,6,1,35,6,-1,-1,-1,5,1
2014520406511,1,9,0,5,0,6,0,0,0,0,1,1,6,1,21,5,1390,1,10,-1,3
2014520406511,2,9,0,18,0,8,0,0,0,0,1,1,6,2,46,8,1679,1,16,7,3
2014520406511,3,9,0,18,0,8,0,0,0,0,1,1,6,2,46,8,1997,2,7,7,3
2014520406512,1,9,0,16,0,8,0,0,0,0,1,1,6,1,20,4,1896,2,16,4,3
2014520406513,1,20,0,18,0,8,0,0,0,0,1,1,6,3,-1,-1,-1,-1,-1,-1,-1
2014520406513,2,1,0,7,0,8,0,0,0,0,2,1,6,1,41,7,-1,-1,-1,8,1
2014520406515,1,9,0,18,0,0,0,0,0,0,1,1,6,2,43,7,1560,2,8,7,1
2014520406515,2,9,0,18,0,0,1,0,0,0,1,1,6,2,56,9,-1,-1,-1,3,1
2014520406528,1,9,0,18,0,8,0,0,0,1,1,1,6,2,84,11,1388,1,11,3,1
2014520406528,2,9,0,9,0,6,0,0,0,0,1,1,6,1,60,9,2148,2,12,2,1
2014520406530,1,9,0,9,0,6,0,0,0,0,1,1,6,2,43,7,1298,1,12,8,3
2014520406530,2,20,0,18,0,8,0,0,0,0,1,1,6,1,47,8,-1,-1,-1,10,1
2014520406559,1,4,0,18,0,8,0,0,0,0,1,1,6,1,23,5,955,1,14,8,3
2014520406559,2,9,0,9,0,8,0,0,0,0,1,1,6,2,75,10,998,1,-1,8,1
2014520406567,1,9,0,5,0,0,0,0,0,0,1,1,6,1,47,8,1910,2,7,8,3
2014520406567,2,9,0,18,0,0,0,0,0,0,1,1,6,1,19,4,1368,1,5,8,2
2014520406569,1,9,0,16,0,0,5,0,0,0,0,1,6,1,33,6,1598,2,3,7,1
2014520406569,2,9,0,17,0,0,0,0,0,0,0,1,6,3,-1,-1,-1,-1,-1,-1,-1
2014520406570,1,9,0,18,0,0,1,0,7,10,1,1,6,1,17,4,-1,-1,-1,7,2
2014520406668,1,9,0,18,0,0,0,0,0,0,4,1,6,3,-1,-1,1598,1,1,-1,-1
2014520406691,1,1,0,18,0,8,1,0,0,0,1,1,6,2,37,7,-1,-1,-1,10,3
2014520406691,2,9,0,9,0,8,0,0,0,0,1,1,6,3,-1,-1,-1,-1,-1,-1,-1
2014520406710,1,9,0,3,0,2,0,0,0,0,1,1,6,2,25,5,1598,1,7,8,1
2014520406710,2,1,0,18,0,2,0,8,0,0,1,1,6,1,49,8,-1,-1,-1,-1,-1
2014520406719,1,9,0,4,0,0,0,0,0,0,2,1,6,2,74,10,1796,1,11,8,2
2014520406719,2,9,0,18,0,0,0,0,0,0,1,1,6,3,-1,-1,2183,2,3,-1,-1
2014520406738,1,9,0,18,0,0,0,2,0,1,1,1,6,1,65,9,1995,2,1,2,1
2014520406738,2,9,0,5,0,0,0,0,0,0,0,1,6,1,28,6,1995,2,15,1,1
2014520406742,1,4,0,16,0,0,0,0,0,0,1,1,6,2,42,7,498,1,12,9,1
2014520406742,2,17,4,17,0,0,0,0,0,0,3,1,6,1,23,5,4525,2,4,-1,-1
2014520406745,1,4,0,18,0,1,0,0,0,0,1,1,6,1,43,7,1050,1,-1,-1,2
2014520406745,2,9,0,9,0,1,0,0,0,0,1,1,6,2,61,9,1299,1,15,5,3
2014520406751,1,9,0,18,0,8,0,0,0,0,1,1,6,1,77,11,1596,1,8,8,1
2014520406752,1,2,0,10,0,1,0,0,0,0,2,1,6,2,31,6,49,1,16,3,1
2014520406752,2,19,0,18,0,1,0,0,0,0,1,1,1,1,-1,-1,-1,-1,-1,8,1
2014520406754,1,9,0,7,9,6,0,0,0,0,1,1,6,1,53,8,1796,1,6,6,1
2014520406754,2,1,0,18,9,8,0,0,0,0,1,1,6,2,17,4,-1,-1,-1,-1,1
2014520406760,1,5,0,14,0,8,0,0,0,0,1,1,6,2,22,5,599,1,-1,5,1
2014520406760,2,9,0,9,0,5,0,0,0,0,3,1,6,2,-1,-1,1598,2,2,5,2
2014520406761,1,9,0,16,0,0,0,0,0,0,3,1,6,2,83,11,1999,1,6,7,3
2014520406761,2,9,0,17,0,0,0,0,1,10,3,1,6,2,52,8,1598,1,6,8,3
2014520406762,1,17,4,18,0,0,0,0,0,0,2,1,1,1,65,9,-1,2,24,3,1
2014520406762,2,20,0,18,0,0,0,0,0,0,1,1,1,1,38,7,-1,-1,-1,-1,1
2014520406764,1,9,0,17,0,0,0,0,0,0,3,1,6,2,37,7,1598,1,15,7,2
2014520406764,2,3,0,16,0,0,0,0,0,0,3,1,6,1,29,6,125,1,-1,7,3
2014520406766,1,5,0,9,0,6,0,0,3,11,1,1,6,2,46,8,599,1,10,3,1
2014520406769,1,9,0,17,0,0,0,0,1,11,1,1,6,1,20,4,1198,1,3,10,1
2014520406770,1,9,0,18,0,1,0,0,0,0,1,1,6,2,21,5,1198,1,10,3,1
2014520406770,2,9,0,10,0,1,0,0,0,0,2,1,6,2,39,7,1598,1,6,9,1
2014520406772,1,1,0,7,0,6,0,0,0,0,1,1,6,1,15,3,-1,-1,-1,3,1
2014520406772,2,9,0,18,0,8,0,0,0,0,1,1,6,3,-1,-1,-1,-1,-1,-1,-1
2014520406775,1,9,0,18,0,0,0,0,0,0,4,1,6,1,67,10,1598,1,15,7,2
2014520406778,1,9,0,18,0,0,0,0,7,11,1,1,6,1,56,9,-1,-1,-1,8,2
2014520406784,1,9,0,18,0,0,0,0,1,1,1,1,6,2,20,4,1364,1,8,6,3
2014520406784,2,9,0,18,0,0,0,0,0,0,0,1,6,3,-1,-1,-1,-1,-1,-1,-1
2014520406788,1,9,0,3,0,1,0,0,0,0,2,1,1,1,38,7,-1,-1,-1,-1,-1
2014520406788,2,9,0,4,0,1,0,0,0,0,1,1,6,1,37,7,1998,2,8,7,3
2014520406790,1,9,0,16,0,0,0,0,0,0,3,1,6,2,35,6,1587,1,15,8,2
2014520406790,2,9,0,17,0,0,0,0,0,0,3,1,6,2,58,9,1399,2,11,5,3
2014520406793,1,9,0,18,0,1,0,0,0,0,1,1,6,1,22,5,1796,1,13,2,2
2014520406793,2,9,0,10,0,5,0,0,0,0,2,1,6,1,29,6,1995,2,11,6,2
2014520406835,1,9,0,9,0,8,0,0,0,0,4,1,6,1,65,9,1798,1,3,10,1
2014520406835,2,9,0,18,0,8,0,0,0,0,1,1,6,2,46,8,1995,2,1,7,3
2014520406837,1,9,0,9,0,8,0,0,0,0,1,1,6,1,78,11,1997,2,6,6,3
2014520406842,1,9,0,7,0,8,0,0,0,0,1,1,6,3,-1,-1,-1,-1,-1,7,3
2014520406842,2,9,0,18,0,8,0,0,0,9,4,1,6,2,46,8,1997,1,7,5,2
2014520406844,1,19,0,3,0,8,0,0,0,0,1,1,6,1,70,10,2496,2,21,5,1
2014520406844,2,1,0,18,0,4,0,0,0,0,1,1,6,1,17,4,-1,-1,-1,7,1
2014520406845,1,9,0,2,0,0,0,0,0,0,2,1,6,1,33,6,-1,-1,-1,6,1
2014520406845,2,9,0,18,0,0,0,0,0,0,1,1,6,1,38,7,-1,-1,-1,7,3
2014520406858,1,9,0,18,0,0,0,0,1,2,1,1,6,1,40,7,-1,-1,-1,-1,-1
2014520406858,2,9,0,2,0,0,0,0,0,0,1,1,6,2,-1,-1,1298,1,11,5,3
2014520406858,3,9,0,2,0,0,0,0,0,0,1,1,6,2,-1,-1,1984,1,14,5,3
2014520406858,4,9,0,2,0,0,0,0,0,0,3,1,6,1,-1,-1,-1,-1,-1,5,3
2014520406858,5,9,0,2,0,0,0,0,0,0,3,1,6,1,-1,-1,2982,2,7,5,3
2014520406868,1,4,0,18,0,0,0,0,1,0,1,1,2,1,50,8,249,1,26,4,3
2014520406868,2,9,0,17,0,0,0,0,0,0,3,1,6,1,44,7,-1,-1,-1,-1,-1
2014520406885,1,1,0,9,0,3,0,0,0,0,1,1,6,2,40,7,-1,-1,-1,2,1
2014520406885,2,9,0,9,0,3,0,0,0,0,2,1,6,3,-1,-1,-1,-1,-1,-1,-1
2014520406892,1,9,0,17,0,0,0,0,0,0,1,1,6,1,34,6,-1,-1,-1,4,2
2014520406892,2,9,0,16,0,0,0,0,0,0,1,1,6,1,26,6,-1,-1,-1,4,1
2014520406910,1,9,0,18,0,0,1,0,0,1,1,1,2,2,24,5,1968,2,7,6,3
2014520406910,2,19,0,18,0,0,1,0,0,0,3,1,6,1,-1,-1,1998,2,13,-1,-1
2014520406913,1,9,0,18,0,0,0,0,0,0,1,1,6,3,-1,-1,-1,-1,-1,-1,-1
2014520406921,1,1,0,18,0,8,0,0,0,0,4,1,2,1,27,6,-1,-1,-1,8,1
2014520406921,2,9,0,5,0,6,0,0,0,0,1,1,6,2,50,8,3436,1,1,8,3
2014520406933,1,1,0,18,0,2,0,0,0,0,1,1,6,1,40,7,-1,-1,-1,-1,-1
2014520406947,1,9,0,18,0,0,0,0,0,0,3,1,6,3,-1,-1,-1,-1,-1,-1,-1
2014520406953,1,9,0,18,0,0,0,0,0,0,2,1,6,1,57,9,1598,1,14,2,2
2014520406953,2,9,0,18,0,0,0,0,0,0,2,1,6,1,59,9,1997,1,4,7,3
2014520406953,3,9,0,18,0,0,0,0,0,0,2,1,6,1,41,7,-1,-1,-1,-1,1
2014520406953,4,9,0,18,0,0,0,0,0,0,1,1,6,1,30,6,1995,2,2,1,1
2014520406955,1,9,0,16,0,0,0,0,7,0,0,1,6,2,92,11,1360,1,10,5,3
2014520406956,1,4,0,18,0,0,0,0,0,1,1,1,6,1,27,6,749,1,6,6,2
2014520406959,1,20,0,1,0,0,0,0,0,0,2,1,6,1,-1,-1,-1,-1,-1,-1,-1
2014520406959,2,9,0,3,0,0,0,0,0,0,1,1,6,2,25,5,1995,1,4,8,3
2014520406973,1,9,0,18,0,0,0,0,0,0,3,1,6,3,-1,-1,-1,-1,-1,-1,-1
2014520407001,1,9,0,18,0,0,0,0,0,0,4,1,6,3,-1,-1,-1,-1,-1,-1,-1
2014520407072,1,9,0,18,0,0,0,0,0,0,1,1,6,1,-1,-1,2499,2,12,5,2
2014520407073,1,20,0,9,0,5,0,0,0,0,1,1,6,1,30,6,-1,-1,-1,5,2
2014520407073,2,9,0,18,0,8,0,0,0,0,1,1,6,2,38,7,1799,1,6,10,1
2014520407074,1,21,0,2,0,0,0,0,0,0,0,1,1,1,49,8,-1,2,13,7,3
2014520407074,2,5,0,14,0,0,0,0,0,0,1,1,6,1,-1,-1,600,1,10,9,3
2014520407075,1,9,0,18,0,0,5,0,2,10,1,1,6,2,23,5,1295,1,17,3,1
2014520407077,1,9,0,18,0,0,0,0,7,10,1,1,6,1,67,10,1240,1,5,4,1
2014520407077,2,9,0,2,0,0,0,0,0,0,4,1,6,2,-1,-1,1299,1,11,4,1
2014520407079,1,9,0,18,0,1,0,0,0,0,1,1,6,2,30,6,1560,2,6,7,3
2014520407079,2,9,0,3,0,1,0,0,0,0,2,1,6,1,48,8,1995,2,1,8,3
2014520407079,3,19,0,3,0,1,0,0,0,0,2,1,6,1,44,7,1995,2,7,9,2
2014520407167,1,9,0,18,0,1,0,0,0,0,1,1,6,1,28,6,-1,-1,-1,-1,-1
2014520407167,2,1,0,3,0,1,0,0,3,10,2,1,6,1,36,7,-1,-1,-1,2,1
2014520407191,1,9,0,18,0,0,0,0,0,0,1,1,6,1,35,6,-1,-1,-1,8,3
2014520407191,2,11,0,5,0,0,0,0,0,0,4,1,6,3,-1,-1,6700,2,6,-1,-1
2014520407255,1,9,0,9,0,8,0,0,3,0,1,1,6,1,21,5,1242,1,12,5,2
2014520407256,1,9,0,13,0,8,0,0,0,0,4,1,6,1,-1,-1,1998,1,7,-1,-1
2014520407256,2,9,0,18,0,8,0,0,0,0,3,1,6,2,26,6,1968,2,3,-1,1
2014520407258,1,90,0,1,0,2,0,0,0,0,2,1,1,1,45,7,-1,-1,-1,-1,-1
2014520407259,1,9,0,18,0,8,0,0,0,0,1,1,6,2,50,8,1299,1,14,6,3
2014520407259,2,1,0,9,0,5,0,0,0,0,1,1,6,1,67,10,-1,-1,-1,8,1
2014520407269,1,9,0,18,0,0,0,0,0,0,1,1,6,1,52,8,1997,2,10,8,3
2014520407270,1,9,0,4,0,0,0,0,0,0,1,1,6,2,37,7,1997,2,11,-1,-1
2014520407270,2,9,0,18,0,0,0,0,0,0,1,1,6,1,18,4,1199,1,11,6,3
2014520407271,1,9,0,18,0,0,5,10,5,10,1,1,6,1,44,7,-1,-1,-1,4,1
2014520407272,1,9,0,17,0,0,5,0,1,10,1,1,6,1,22,5,1994,2,9,7,2
2014520407276,1,11,0,18,0,0,0,0,0,0,1,1,1,1,40,7,7300,2,12,3,1
2014520407276,2,9,0,4,0,0,0,0,0,0,2,1,6,1,66,10,1124,1,14,9,3
2014520407276,3,9,0,18,0,0,0,0,0,0,3,1,6,2,77,11,2496,2,10,3,2
2014520407280,1,9,0,16,0,0,0,0,0,0,1,1,6,1,19,4,1242,1,13,5,1
2014520407280,2,9,0,17,0,0,0,0,0,0,1,1,6,1,56,9,2993,2,2,9,1
2014520407281,1,9,0,1,0,6,0,0,0,0,2,1,6,2,51,8,2487,2,14,7,3
2014520407286,1,9,0,18,0,0,0,0,0,0,1,1,6,1,27,6,1988,1,17,4,1
2014520407286,2,9,0,3,0,0,0,0,0,0,2,1,6,1,34,6,1800,1,13,3,1
2014520407286,3,9,0,3,0,0,0,0,0,0,2,1,6,2,52,8,1781,1,14,4,1
2014520407289,1,8,0,18,0,8,0,0,0,0,3,1,1,1,71,10,1997,2,5,3,1
2014520407289,2,1,0,18,0,8,0,0,0,0,1,1,6,2,31,6,-1,-1,-1,5,1
2014520407291,1,9,0,13,0,8,0,0,7,0,1,1,6,1,44,7,3200,2,12,2,2
2014520407291,2,19,0,9,0,5,0,0,7,10,1,1,6,1,49,8,2198,2,1,9,2
2014520407292,1,9,0,14,0,0,5,0,0,0,1,1,6,1,65,9,1461,2,1,1,1
2014520407292,2,9,0,18,0,0,0,0,0,0,3,1,6,1,50,8,2148,2,8,6,1
2014520407292,3,9,0,2,0,0,0,0,0,0,1,1,6,2,62,9,1968,2,-1,9,3
2014520407292,4,9,0,2,0,0,0,0,0,0,1,1,6,1,63,9,1988,1,15,8,3
2014520407296,1,9,0,18,0,8,0,0,0,0,4,1,1,1,65,9,1339,1,10,6,2
2014520407296,2,19,0,18,0,4,0,0,0,0,4,1,6,1,30,6,1997,2,11,7,1
2014520407362,1,8,0,3,0,4,0,0,0,0,2,1,6,1,68,10,1598,2,3,9,1
2014520407362,2,19,0,3,0,4,0,0,0,0,1,1,6,1,24,5,2402,2,9,-1,-1
2014520407372,1,9,0,18,0,8,0,0,0,0,4,1,6,1,66,10,1397,1,11,9,1
2014520407372,2,9,0,18,0,8,0,0,0,0,1,1,6,1,21,5,1124,1,11,8,1
2014520407377,1,9,0,18,0,0,0,0,0,0,2,1,6,1,31,6,1995,2,10,6,3
2014520407377,2,9,0,18,0,0,0,0,0,0,3,1,6,1,17,4,1124,1,17,3,2
2014520407377,3,9,0,18,0,0,0,0,0,0,1,1,6,1,19,4,1461,2,1,4,2
2014520407377,4,9,0,18,0,0,0,0,0,0,3,1,6,1,41,7,-1,-1,-1,4,2
2014520407377,5,9,0,18,0,0,0,0,0,0,2,1,6,1,27,6,1956,2,3,-1,2
2014520407377,6,9,0,18,0,0,0,0,0,0,1,1,6,1,32,6,2378,1,10,5,3
2014520407380,1,9,0,18,0,8,0,0,0,0,1,1,6,1,60,9,1686,2,1,4,1
2014520407380,2,9,0,9,0,6,0,0,0,0,3,1,6,1,58,9,1995,2,8,4,2
2014520407381,1,9,0,18,0,0,0,0,0,0,1,1,6,2,63,9,1299,1,11,7,2
2014520407381,2,19,0,13,0,0,0,0,0,0,1,1,6,1,41,7,1560,2,7,8,2
2014520407384,1,9,0,3,0,1,0,0,0,0,2,1,6,1,26,6,1198,1,10,6,1
2014520407384,2,11,0,18,0,1,0,0,0,0,4,1,1,1,45,7,-1,2,14,-1,-1
2014520407386,1,1,0,18,9,8,0,0,0,0,4,1,6,1,22,5,-1,-1,-1,3,1
2014520407386,2,9,0,5,0,6,0,0,0,0,1,1,6,1,30,6,1596,1,-1,4,3
2014520407393,1,9,0,3,0,1,0,0,0,0,4,1,6,1,38,7,-1,-1,-1,6,1
2014520407393,2,5,0,18,0,1,0,0,0,0,3,1,6,1,43,7,652,1,12,5,3
2014520407448,1,21,4,18,0,0,0,0,0,0,2,1,1,1,45,7,12902,2,1,7,1
2014520407448,2,19,0,18,0,0,0,0,0,0,1,1,6,1,41,7,2461,2,7,2,1
2014520407448,3,9,0,18,0,0,0,0,0,0,3,1,6,1,45,7,-1,-1,-1,5,3
2014520407450,1,9,0,16,0,0,0,0,2,4,1,1,6,2,18,4,1389,1,16,5,1
2014520407451,1,9,0,9,0,6,0,0,0,0,4,1,6,1,49,8,1596,1,5,6,3
2014520407451,2,9,0,18,0,8,0,0,0,0,1,1,6,1,70,10,1968,2,6,8,1
2014520407463,1,9,0,18,0,0,0,0,0,0,1,1,6,2,58,9,1598,1,1,6,2
2014520407463,2,1,0,18,0,0,0,0,0,0,1,1,6,1,19,4,-1,-1,-1,8,2
2014520407464,1,9,0,18,0,8,0,0,0,0,1,1,6,2,39,7,1997,2,4,7,3
2014520407464,2,1,0,18,0,8,0,0,0,0,1,1,6,1,24,5,-1,-1,-1,8,3
2014520407466,1,9,0,18,0,8,0,0,0,0,1,1,6,1,56,9,-1,-1,-1,9,2
2014520407466,2,9,0,9,0,6,0,0,0,0,1,1,6,2,35,6,1399,2,2,6,2
2014520407468,1,9,0,9,0,6,0,0,0,0,1,1,6,2,38,7,1242,1,1,8,1
2014520407468,2,3,0,18,0,8,0,0,0,0,1,1,6,1,29,6,124,1,1,6,2
2014520407477,1,11,0,18,0,8,0,0,0,0,0,1,1,1,61,9,4250,2,8,7,3
2014520407477,2,20,0,9,0,8,0,0,0,0,0,1,6,1,40,7,-1,-1,-1,-1,-1
2014520407507,1,9,0,18,0,0,0,0,0,0,1,1,6,1,43,7,1870,2,10,8,3
2014520407513,1,9,0,18,0,0,0,0,0,0,3,1,6,1,58,9,1998,2,9,3,1
2014520407513,2,21,0,18,0,0,0,0,0,0,1,1,6,1,49,8,6692,2,3,8,3
2014520407513,3,21,0,16,0,0,0,0,0,0,1,1,6,1,48,8,12740,2,1,8,1
2014520407513,4,9,0,18,0,0,0,0,0,0,1,1,6,1,58,9,1598,1,11,4,1
2014520407518,1,4,0,18,0,0,0,0,0,0,1,1,6,1,16,4,-1,-1,-1,7,1
2014520407536,1,9,0,18,0,0,0,0,0,0,1,1,6,2,41,7,1598,2,1,6,2
2014520407540,1,9,0,18,0,0,0,0,1,10,1,1,6,1,62,9,1796,1,13,7,2
2014520407543,1,9,0,7,0,8,0,0,0,0,3,1,6,1,81,11,1339,1,4,6,1
2014520407543,2,1,0,18,0,8,0,0,0,0,1,1,6,1,9,2,-1,-1,-1,4,1
2014520407549,1,9,0,2,0,0,0,0,0,0,0,1,6,1,47,8,1560,2,1,6,1
2014520407551,1,9,0,9,0,8,0,0,0,0,1,1,6,1,40,7,-1,-1,-1,5,3
2014520407551,2,9,0,18,0,8,0,0,0,0,1,1,6,1,55,8,1910,2,9,7,1
2014520407564,1,9,0,7,0,8,0,0,7,2,1,1,6,1,22,5,2494,1,15,4,2
2014520407564,2,9,0,18,0,8,0,0,0,0,0,1,6,3,-1,-1,-1,-1,-1,-1,-1
2014520407566,1,9,0,17,0,0,0,0,0,0,1,1,6,2,51,8,1560,2,7,5,1
2014520407566,2,3,0,16,0,0,0,0,0,0,1,1,6,1,20,4,-1,-1,-1,5,1
2014520407571,1,9,0,4,0,0,0,0,0,0,2,1,6,2,34,6,1796,1,6,7,3
2014520407571,2,9,0,18,0,0,0,0,0,0,1,1,6,1,37,7,2700,1,10,4,1
2014520407573,1,11,0,18,0,0,0,0,0,0,0,1,6,3,-1,-1,-1,-1,-1,-1,-1
2014520407576,1,9,0,18,0,8,0,0,0,0,1,1,6,1,56,9,1339,1,2,6,3
2014520407576,2,9,0,9,0,8,0,0,0,0,1,1,6,2,24,5,1242,1,11,8,3
2014520407581,1,3,5,18,0,0,0,0,0,0,2,1,6,1,17,4,124,1,2,6,3
2014520407581,2,1,0,18,0,0,0,0,0,0,1,1,6,1,17,4,-1,-1,-1,6,1
2014520407582,1,9,0,18,0,0,0,0,5,6,1,1,6,1,83,11,3996,1,15,7,1
2014520407582,2,9,0,18,0,0,5,0,0,0,3,1,6,2,21,5,-1,-1,-1,5,1
2014520407591,1,20,0,18,0,0,0,0,1,6,1,1,6,1,58,9,-1,-1,-1,-1,2
2014520407591,2,20,0,18,0,0,0,0,0,0,1,1,6,1,48,8,12600,2,10,8,1
2014520407591,3,20,0,18,0,0,0,0,0,0,0,1,6,3,-1,-1,-1,-1,-1,-1,-1
2014520407604,1,9,0,18,0,8,0,0,0,0,3,1,2,2,25,5,973,1,12,6,1
2014520407604,2,9,0,9,0,8,0,0,0,0,1,1,6,1,17,4,-1,-1,-1,-1,-1
2014520407609,1,9,0,9,0,8,0,0,0,0,1,1,6,1,63,9,1968,2,6,3,3
2014520407609,2,9,0,7,0,8,0,0,0,0,1,1,6,1,58,9,1229,1,1,3,3
2014520407610,1,11,0,18,0,0,0,0,0,0,1,1,1,1,65,9,-1,2,14,4,2
2014520407610,2,9,0,18,0,0,1,0,0,0,1,1,6,1,27,6,1360,1,11,7,2
2014520407649,1,9,0,18,0,0,5,0,1,9,1,1,6,2,25,5,1332,1,5,7,2
2014520407652,1,19,0,9,0,5,0,0,0,0,1,1,6,1,52,8,2402,2,10,7,3
2014520407652,2,9,0,18,0,8,0,0,0,0,1,1,6,1,19,4,-1,-1,-1,6,3
2014520407656,1,9,0,16,0,0,0,0,0,0,1,1,6,1,29,6,2171,2,14,3,1
2014520407656,2,9,0,17,0,0,0,0,0,0,1,1,6,1,62,9,1749,1,13,7,3
2014520407661,1,9,0,18,0,0,0,0,0,0,4,1,6,3,-1,-1,-1,-1,-1,-1,-1
2014520407662,1,1,0,9,0,6,0,0,0,0,1,1,6,1,22,5,-1,-1,-1,-1,1
2014520407662,2,9,0,18,0,8,0,0,0,0,1,1,6,3,-1,-1,-1,-1,-1,-1,-1
2014520407663,1,1,0,18,0,8,0,0,0,0,2,1,6,1,27,6,-1,-1,-1,5,2
2014520407663,2,9,0,9,0,8,0,0,0,0,1,1,6,2,42,7,1799,1,6,-1,-1
2014520407664,1,9,0,18,0,0,0,0,7,11,1,1,6,1,26,6,1396,1,12,6,1
2014520407668,1,9,0,12,0,3,0,0,0,0,3,1,6,1,54,8,-1,-1,-1,-1,-1
2014520407668,2,5,0,18,0,3,0,7,7,0,1,1,6,1,26,6,1085,1,17,8,1
2014520407669,1,9,0,13,0,0,0,0,0,0,2,1,6,1,22,5,1596,1,12,2,1
2014520407669,2,5,0,13,0,0,0,0,0,0,1,1,6,1,57,9,499,1,15,6,3
2014520407674,1,9,0,18,0,0,0,0,5,2,1,1,6,1,26,6,1895,1,15,9,1
2014520407677,1,9,0,9,0,8,0,0,0,0,1,1,6,2,20,4,1397,1,14,6,3
2014520407677,2,9,0,18,0,8,0,0,0,0,1,1,6,1,52,8,1997,1,9,1,1
2014520407677,3,9,0,3,0,1,0,0,0,0,3,1,6,2,35,6,-1,-1,-1,9,2
2014520407690,1,1,0,18,9,0,1,0,1,10,4,1,1,2,34,6,-1,-1,-1,3,1
2014520407690,2,9,0,9,0,0,0,0,0,0,0,1,6,2,-1,-1,1997,1,11,-1,-1
2014520407741,1,20,0,18,0,0,0,0,0,0,1,1,6,1,41,7,2402,2,12,9,3
2014520407741,2,9,0,6,0,0,0,0,0,0,1,1,6,1,23,5,-1,-1,-1,6,1
2014520407786,1,5,0,18,0,0,0,0,0,0,0,1,6,2,49,8,599,1,14,7,3
2014520407786,2,20,0,14,0,0,0,0,0,0,0,1,6,1,47,8,3920,2,9,4,1