Accident_Index,Vehicle_Reference,Vehicle_Type,Towing_and_Articulation,Vehicle_Manoeuvre,Vehicle_Location-Restricted_Lane,Junction_Location,Skidding_and_Overturning,Hit_Object_in_Carriageway,Vehicle_Leaving_Carriageway,Hit_Object_off_Carriageway,1st_Point_of_Impact,Was_Vehicle_Left_Hand_Drive?,Journey_Purpose_of_Driver,Sex_of_Driver,Age_of_Driver,Age_Band_of_Driver,Engine_Capacity_(CC),Propulsion_Code,Age_of_Vehicle,Driver_IMD_Decile,Driver_Home_Area_Type
2014520500442,2,9,0,16,0,0,0,0,0,0,1,1,6,2,45,7,1398,1,13,6,3
2014520500530,1,9,0,9,0,6,0,0,0,0,1,1,6,1,59,9,1781,1,9,7,3
2014520500530,2,1,0,18,0,8,0,0,0,0,1,1,6,2,61,9,-1,-1,-1,7,3
2014520500531,1,9,0,9,0,1,0,0,0,0,2,1,6,1,28,6,1360,1,11,-1,1
2014520500531,2,9,0,18,0,1,0,0,0,0,1,1,6,1,24,5,973,1,16,7,1
2014520500532,1,9,0,18,0,8,0,0,0,0,3,1,6,1,63,9,1299,1,16,8,3
2014520500532,2,1,0,18,0,8,0,0,0,0,1,1,6,1,45,7,-1,-1,-1,4,2
2014520500536,1,9,0,17,0,0,0,0,0,3,1,1,6,2,22,5,899,1,-1,5,2
2014520500537,1,5,0,13,0,0,1,0,0,0,1,1,6,1,61,9,1098,1,7,8,3
2014520500537,2,9,0,18,0,0,0,0,0,0,1,1,6,2,49,8,2199,2,2,6,2
2014520500540,1,9,0,7,0,2,0,0,0,0,4,1,6,1,76,11,1995,2,10,7,1
2014520500541,1,9,0,3,0,4,0,0,0,0,2,1,6,1,-1,-1,-1,-1,-1,7,3
2014520500541,2,9,0,3,0,4,0,0,0,0,1,1,6,1,72,10,-1,-1,-1,8,3
2014520500544,1,9,0,17,0,0,0,0,2,4,1,1,6,2,30,6,1388,1,16,7,3
2014520500546,1,21,4,16,0,7,5,0,7,7,3,1,1,1,67,10,9290,2,3,6,2
2014520500555,1,9,0,2,0,0,0,0,0,0,0,1,6,1,27,6,1988,1,10,2,1
2014520500555,2,9,0,18,0,0,0,0,0,0,1,1,6,1,26,6,1124,1,12,8,3
2014520500557,1,9,0,18,0,1,0,0,0,0,1,1,6,1,33,6,1398,2,-1,-1,1
2014520500557,2,9,0,18,0,1,0,0,0,0,2,1,6,1,66,10,1598,1,17,9,2
2014520500557,3,19,0,4,0,1,0,0,0,0,2,1,6,1,57,9,4461,2,3,10,1
2014520500559,1,9,0,18,0,8,0,0,0,0,1,1,6,2,50,8,-1,-1,-1,1,1
2014520500559,2,9,0,18,0,8,0,0,0,0,1,1,6,2,24,5,998,1,4,6,3
2014520500562,1,9,0,9,0,8,0,0,0,0,1,1,6,2,71,10,1299,1,9,6,3
2014520500562,2,19,0,18,0,8,0,0,0,0,1,1,6,1,35,6,6374,2,1,4,1
2014520500565,1,9,0,4,0,0,0,0,0,0,2,1,6,2,20,4,1598,1,8,5,1
2014520500565,2,9,0,4,0,0,0,0,0,0,1,1,6,2,70,10,1796,1,14,6,3
2014520500566,1,9,0,17,0,0,0,0,0,0,1,1,6,2,20,4,1124,1,11,4,1
2014520500566,2,9,0,16,0,0,0,0,0,0,1,1,6,1,44,7,-1,-1,-1,4,1
2014520500567,1,9,0,18,0,0,0,0,0,0,1,1,6,2,26,6,1299,1,11,7,3
2014520500567,2,9,0,5,0,0,0,0,0,0,1,1,6,1,82,11,1298,1,12,7,3
2014520500573,1,9,0,9,0,1,0,0,0,0,1,1,6,2,72,10,1599,1,9,7,1
2014520500573,2,5,0,18,0,1,0,0,0,0,1,1,6,1,34,6,750,1,23,10,1
2014520500574,1,9,0,18,0,6,0,0,0,0,1,1,6,2,65,9,1299,1,12,5,1
2014520500575,1,9,0,18,0,0,0,0,0,0,1,1,6,1,23,5,1998,2,10,4,1
2014520500575,2,1,0,18,0,0,0,0,0,0,1,1,6,1,22,5,-1,-1,-1,5,1
2014520500590,1,9,0,9,0,5,0,0,0,0,3,1,6,2,25,5,1389,1,13,4,3
2014520500590,2,9,0,13,0,8,0,0,0,0,1,1,6,1,28,6,1560,2,8,8,1
2014520500592,1,9,0,18,0,0,0,0,0,0,1,1,6,1,47,8,1968,2,8,1,1
2014520500594,1,9,0,9,0,5,0,0,0,0,3,1,6,1,41,7,1870,2,12,6,1
2014520500594,2,4,0,14,0,8,0,0,0,0,1,1,6,1,63,9,499,1,10,5,3
2014520500595,1,9,0,9,0,6,0,0,0,0,1,1,6,2,22,5,1560,2,4,3,1
2014520500595,2,1,0,18,0,8,0,0,0,0,1,1,6,1,65,9,-1,-1,-1,7,3
2014520500602,1,9,0,3,0,0,0,0,0,0,2,1,6,1,38,7,1461,2,9,6,2
2014520500602,2,19,0,18,0,0,0,0,1,10,1,1,1,1,25,5,2402,2,12,4,2
2014520500602,3,9,0,18,0,0,0,0,0,0,0,1,1,1,44,7,1753,2,5,2,2
2014520500603,1,9,0,9,0,6,0,0,0,0,3,1,6,1,77,11,1598,1,8,4,1
2014520500603,2,1,0,18,0,8,0,0,0,0,1,1,6,1,23,5,-1,-1,-1,4,1
2014520500604,1,9,0,18,0,4,0,0,0,0,4,1,6,1,36,7,1956,2,1,2,1
2014520500604,2,9,0,4,0,4,0,0,0,0,3,1,6,2,24,5,1997,2,6,6,2
2014520500605,1,9,0,17,0,0,0,0,1,1,1,1,6,1,33,6,2835,2,17,9,3
2014520500612,1,9,0,9,0,5,0,0,0,0,4,1,6,1,30,6,1198,1,1,9,2
2014520500612,2,9,0,18,0,8,0,0,0,0,1,1,6,1,19,4,1242,1,12,8,2
2014520500616,1,9,0,8,0,8,0,0,0,0,4,1,6,2,46,8,998,1,1,8,1
2014520500616,2,1,0,18,9,8,0,0,0,0,1,1,6,1,11,3,-1,-1,-1,3,1
2014520500683,1,9,0,18,0,0,0,0,1,1,1,1,6,1,21,5,1587,1,11,7,3
2014520500688,1,9,0,2,0,0,0,0,0,0,3,1,6,2,79,11,1781,1,11,6,3
2014520500688,2,1,0,14,0,0,0,8,0,0,1,1,6,1,42,7,-1,-1,-1,6,1
2014520500689,1,9,0,18,0,0,5,0,2,10,1,1,6,1,70,10,-1,-1,-1,8,3
2014520500691,1,9,0,9,0,8,0,0,0,0,4,1,6,1,50,8,1896,2,9,7,3
2014520500691,2,1,0,9,0,8,0,0,0,0,4,1,6,1,66,10,-1,-1,-1,6,1
2014520500694,1,9,0,18,0,0,5,0,8,0,1,1,6,1,66,10,1997,2,4,3,2
2014520500694,2,19,0,18,0,0,0,0,0,0,4,1,6,1,39,7,4250,2,1,5,3
2014520500700,1,9,0,18,0,0,5,0,5,6,1,1,6,2,63,9,1328,1,10,5,3
2014520500701,1,9,0,9,0,6,0,0,0,0,3,1,6,1,40,7,-1,-1,-1,8,1
2014520500703,1,9,0,17,0,0,0,0,0,0,1,1,6,2,33,6,1598,2,1,3,1
2014520500705,1,9,0,18,0,8,5,0,8,10,4,1,6,2,55,8,1198,1,11,5,1
2014520500705,2,9,0,18,0,8,0,0,0,0,1,1,6,1,41,7,2487,2,14,6,3
2014520500706,1,19,0,9,0,6,0,0,0,0,1,1,6,1,41,7,2148,2,7,7,3
2014520500706,2,1,0,18,0,1,0,0,0,0,1,1,1,1,59,9,-1,-1,-1,7,2
2014520500712,1,9,0,9,0,6,0,0,0,0,3,1,6,1,21,5,-1,-1,-1,2,1
2014520500712,2,5,0,18,0,8,0,0,0,0,1,1,6,1,51,8,1170,1,5,9,3
2014520500714,1,21,0,13,0,0,0,0,7,9,1,1,1,1,49,8,6700,2,-1,6,2
2014520500714,2,19,0,18,0,0,0,0,0,0,3,1,1,1,47,8,1996,2,-1,3,1
2014520500718,1,9,0,18,0,0,0,0,0,0,1,1,6,1,60,9,1560,2,3,4,1
2014520500718,2,21,0,3,0,0,0,0,0,0,2,1,1,1,41,7,12740,2,-1,7,3
2014520500720,1,19,0,18,0,0,0,0,0,0,4,1,6,1,44,7,2459,2,17,4,1
2014520500720,2,10,0,2,0,0,0,0,0,0,4,1,6,3,-1,-1,2402,2,7,-1,-1
2014520500723,1,90,0,17,0,0,1,0,1,11,1,1,6,1,33,6,2148,2,7,-1,1
2014520500724,1,9,0,3,0,0,0,0,0,0,2,1,6,1,23,5,1560,2,8,6,2
2014520500724,2,9,0,5,0,0,0,0,0,0,1,1,6,2,36,7,1769,1,10,8,3
2014520500729,1,9,0,9,0,6,0,0,0,0,3,1,6,2,59,9,1896,2,15,5,1
2014520500729,2,3,0,18,0,8,0,0,0,0,1,1,6,1,36,7,125,1,9,2,1
2014520500732,1,9,0,18,0,0,0,0,0,0,1,1,6,1,21,5,993,1,16,7,3
2014520500732,2,9,0,4,0,0,0,0,0,0,2,1,6,2,59,9,1248,1,3,3,1
2014520500739,1,9,0,4,0,0,0,0,0,0,2,1,6,2,45,7,1798,1,7,6,3
2014520500739,2,9,0,18,0,0,0,0,0,0,1,1,6,2,36,7,1390,1,10,9,2
2014520500754,1,9,0,9,0,5,0,0,0,0,3,1,6,1,18,4,1299,1,15,4,1
2014520500754,2,9,0,13,0,1,0,0,0,0,1,1,6,1,17,4,1124,1,13,5,3
2014520500868,1,9,0,18,0,0,2,0,8,10,1,1,6,1,18,4,1422,2,6,10,1
2014520500872,1,9,0,18,0,0,0,0,0,0,4,1,6,2,33,6,1242,1,17,-1,2
2014520500879,1,9,0,18,0,1,0,0,0,0,1,1,6,1,82,11,1597,1,17,7,3
2014520500882,1,9,0,18,0,8,0,10,7,1,1,1,6,2,22,5,1870,2,8,5,1
2014520500885,1,9,0,18,0,8,0,0,3,10,1,1,6,2,30,6,1560,2,2,2,1
2014520500887,1,9,0,18,0,0,0,0,5,10,1,1,6,1,20,4,1206,1,5,3,1
2014520500918,1,9,0,16,0,0,1,0,0,0,1,1,6,2,19,4,1124,1,13,4,1
2014520500918,2,9,0,17,0,0,0,0,0,0,1,1,6,2,-1,-1,2000,1,8,9,2
2014520500919,1,9,0,18,0,0,0,0,0,0,2,1,6,1,64,9,1560,2,3,6,1
2014520500919,2,9,0,18,0,0,0,0,0,0,1,1,6,1,86,11,1896,2,12,10,1
2014520500923,1,9,0,16,0,0,1,0,0,0,1,1,6,2,22,5,2184,2,12,8,3
2014520500923,2,9,0,17,0,0,0,0,0,0,1,1,6,2,55,8,1796,1,12,6,3
2014520500926,1,9,0,18,0,0,0,0,0,0,3,1,6,1,28,6,1242,1,16,4,2
2014520500928,1,9,0,18,0,0,0,0,0,0,1,1,6,2,21,5,1896,2,8,3,1
2014520500928,2,9,0,4,0,0,0,0,0,0,2,1,6,1,37,7,1968,2,3,7,2
2014520500928,3,9,0,18,0,0,0,0,0,0,1,1,6,1,51,8,1968,2,8,10,1
2014520500972,1,9,0,3,0,1,0,0,0,0,2,1,6,1,49,8,1896,2,11,10,1
2014520500972,2,9,0,3,0,1,0,0,0,0,2,1,6,1,76,11,1197,1,1,3,1
2014520500972,3,9,0,18,0,1,0,0,0,0,1,1,6,1,26,6,-1,-1,-1,8,1
2014520501168,1,9,0,18,0,1,0,0,0,0,1,1,6,1,45,7,1997,2,10,8,3
2014520501168,2,9,0,9,0,1,0,0,7,0,4,1,6,2,18,4,999,1,-1,-1,-1
2014520501189,1,9,0,18,0,0,0,0,1,0,3,1,6,2,19,4,1124,1,8,6,2
2014520501189,2,9,0,18,0,0,0,0,0,0,2,1,6,1,54,8,-1,-1,-1,-1,3
2014520501665,1,9,0,18,0,0,0,4,0,0,1,1,6,1,34,6,2298,1,18,8,3
2014520501665,2,9,0,2,0,0,0,0,0,0,2,1,6,3,-1,-1,-1,-1,-1,-1,-1
2014520501665,3,9,0,2,0,0,0,0,0,0,2,1,6,3,-1,-1,1896,2,13,-1,-1
2014520501665,4,9,0,2,0,0,0,0,0,0,2,1,6,3,-1,-1,1599,1,11,-1,-1
2014520502147,1,9,0,18,0,1,0,0,0,0,2,1,6,1,30,6,1368,1,8,5,2
2014520502147,2,9,0,18,0,1,0,0,0,0,1,1,6,2,19,4,1149,1,12,-1,1
2014520502169,1,9,0,10,0,1,0,0,0,0,2,1,2,1,25,5,1242,1,15,8,3
2014520502169,2,9,0,18,0,1,0,0,0,0,1,1,6,1,42,7,1796,1,10,8,1
2014520502475,1,9,0,16,0,0,5,0,7,8,1,1,6,1,35,6,1995,2,12,-1,-1
2014521400000,1,9,0,18,0,0,0,7,1,4,1,1,6,2,21,5,-1,-1,-1,-1,-1
2014521400010,1,9,0,10,0,1,0,0,0,0,4,1,2,2,34,6,1398,1,8,5,1
2014521400010,2,21,1,7,0,6,0,0,0,0,3,1,6,1,35,6,12777,2,8,-1,-1
2014521400038,1,8,0,2,0,0,0,0,0,0,3,1,1,1,36,7,1997,2,7,1,1
2014521400038,2,1,0,18,0,0,0,8,0,0,4,1,6,1,48,8,-1,-1,-1,7,1
2014521400067,1,9,0,5,0,0,0,0,0,0,1,1,6,3,-1,-1,-1,-1,-1,-1,-1
2014521400122,1,1,0,16,4,8,0,0,0,0,2,1,6,1,54,8,-1,-1,-1,-1,1
2014521400122,2,21,0,5,0,6,0,0,0,0,1,1,6,1,45,7,10837,2,5,-1,-1
2014521400126,1,9,0,18,0,8,0,0,0,0,3,1,1,2,36,7,1753,2,13,6,1
2014521400126,2,9,0,7,0,8,0,0,0,0,4,1,6,2,49,8,1086,1,9,-1,-1
2014521400147,1,1,0,18,0,8,1,0,0,0,4,1,2,1,44,7,-1,-1,-1,9,1
2014521400147,2,9,0,18,0,4,0,0,0,0,1,1,6,2,35,6,-1,-1,-1,-1,-1
2014521400158,1,9,0,17,0,0,1,0,0,0,2,1,6,2,19,4,-1,-1,-1,7,1
2014521400158,2,9,0,2,0,0,0,0,0,0,2,1,6,3,-1,-1,1753,2,10,-1,-1
2014521400158,3,9,0,2,0,0,0,0,0,0,2,1,6,3,-1,-1,1781,1,13,-1,-1
2014521400165,1,1,0,18,0,8,0,0,0,0,1,1,1,2,41,7,-1,-1,-1,1,1
2014521400165,2,9,0,18,0,6,0,0,0,0,1,1,6,1,59,9,1968,2,1,-1,-1
2014521400207,1,9,0,5,0,4,0,0,0,0,3,1,6,2,44,7,2995,1,8,10,1
2014521400207,2,1,0,18,0,8,0,0,0,0,1,1,6,1,40,7,-1,-1,-1,7,2
2014521400209,1,9,0,3,0,1,0,0,0,0,2,1,6,2,51,8,1242,1,1,3,1
2014521400209,2,9,0,4,0,1,0,0,0,0,1,1,6,2,30,6,1242,1,10,-1,-1
2014521400210,1,9,0,18,0,2,0,0,0,0,1,1,6,1,80,11,996,1,5,8,1
2014521400214,1,9,0,1,0,0,0,0,0,0,4,1,6,1,21,5,-1,-1,-1,-1,-1
2014521400224,1,9,0,3,0,0,0,0,0,0,2,1,6,2,20,4,1598,1,9,2,1
2014521400224,2,9,0,18,0,0,0,0,0,0,1,1,6,1,26,6,1390,1,14,4,1
2014521400241,1,1,0,12,0,2,0,11,0,0,1,1,6,1,23,5,-1,-1,-1,3,1
2014521400241,2,9,0,13,0,2,0,0,0,0,4,1,2,2,48,8,1895,1,15,2,1
2014521400247,1,2,0,18,0,1,0,0,0,0,1,1,6,1,16,4,49,1,7,1,1
2014521400247,2,9,0,18,0,1,0,0,0,0,4,1,6,3,-1,-1,-1,-1,-1,-1,-1
2014521400250,1,1,0,18,4,8,0,0,0,0,1,1,2,1,50,8,-1,-1,-1,8,1
2014521400250,2,9,0,9,0,6,0,0,0,0,3,1,2,1,20,4,1242,1,9,7,1
2014521400260,1,1,0,10,0,8,0,0,0,0,3,1,6,1,46,8,-1,-1,-1,1,1
2014521400260,2,19,0,18,0,8,0,0,0,0,3,1,6,3,-1,-1,-1,-1,-1,-1,-1
2014521400264,1,9,0,9,0,5,0,0,0,0,1,1,1,2,69,10,998,1,2,5,1
2014521400264,2,2,0,18,2,8,0,0,0,0,1,1,6,1,16,4,-1,-1,-1,4,1
2014521400270,1,1,0,17,0,8,0,0,0,0,1,1,6,1,21,5,-1,-1,-1,3,1
2014521400270,2,9,0,18,0,6,0,0,0,0,1,1,6,2,35,6,2793,1,16,-1,-1
2014521400271,1,1,0,18,0,8,0,0,0,0,3,1,2,1,25,5,-1,-1,-1,-1,1
2014521400271,2,9,0,9,0,8,0,0,0,0,1,1,6,3,-1,-1,1753,2,11,-1,-1
2014521400274,1,9,0,4,0,0,1,0,0,0,1,1,2,1,51,8,1389,1,14,3,1
2014521400274,2,9,0,3,0,0,0,0,0,0,2,1,6,1,40,7,1896,2,12,-1,-1
2014521400314,1,2,0,17,0,8,0,0,0,0,4,1,2,1,22,5,49,1,1,1,1
2014521400314,2,9,0,7,0,4,0,0,0,0,1,1,6,1,30,6,-1,-1,-1,-1,-1
2014521400323,1,1,0,18,0,1,1,0,0,0,0,1,1,1,30,6,-1,-1,-1,-1,1
2014521400323,2,9,0,9,0,5,0,0,0,0,1,1,6,1,20,4,1149,1,8,-1,-1
2014521400333,1,19,0,18,0,0,0,0,2,2,1,1,6,1,25,5,-1,-1,-1,9,2
2014521400333,2,9,0,18,0,0,0,0,0,0,3,1,6,1,42,7,1796,1,13,1,1
2014521400339,1,9,0,18,0,1,0,0,0,0,2,1,2,1,41,7,1598,2,3,9,1
2014521400339,2,9,0,18,0,1,0,0,0,0,1,1,6,1,40,7,-1,-1,-1,-1,-1
2014521400365,1,1,0,18,0,1,0,0,0,0,3,1,2,1,25,5,-1,-1,-1,8,1
2014521400365,2,9,0,11,0,1,0,0,0,0,4,1,2,3,-1,-1,3498,1,8,-1,-1
2014521400376,1,9,0,9,0,6,0,0,0,0,1,1,2,2,30,6,1800,1,15,3,1
2014521400376,2,1,0,18,4,8,0,0,0,0,2,1,6,2,45,7,-1,-1,-1,9,1
2014521400379,1,1,0,18,0,0,0,8,0,0,4,1,2,1,49,8,-1,-1,-1,10,1
2014521400379,2,9,0,2,0,0,0,0,0,0,3,1,6,3,35,6,-1,-1,-1,8,1
2014521400384,1,9,0,9,0,6,0,0,0,0,4,1,6,1,35,6,1596,1,12,9,1
2014521400384,2,2,0,18,0,8,0,0,0,0,1,1,6,1,52,8,48,1,4,9,1
2014521400393,1,9,0,5,0,4,0,0,0,0,3,1,1,2,57,9,1364,1,10,9,3
2014521400393,2,8,0,18,0,8,0,0,0,0,1,1,6,1,48,8,1598,1,1,-1,-1
2014521400397,1,9,0,11,2,0,0,0,0,0,4,1,2,1,46,8,-1,-1,-1,9,2
2014521400397,2,5,0,18,2,0,0,0,0,0,3,1,2,1,24,5,-1,-1,-1,2,1
2014521400409,1,4,0,18,0,1,0,0,4,0,4,1,6,1,30,6,-1,-1,-1,7,1
2014521400409,2,9,0,12,0,1,0,0,0,0,3,1,6,1,35,6,1560,2,2,-1,3
2014521400418,1,8,0,5,0,2,0,0,0,0,1,1,1,1,45,7,1560,2,4,8,2
2014521400418,2,9,0,3,0,2,0,0,0,0,2,1,6,1,37,7,1896,2,12,-1,-1
2014521400421,1,9,0,18,0,8,0,0,0,0,1,1,6,2,32,6,1997,2,11,4,1
2014521400421,2,9,0,18,0,8,5,0,0,0,1,1,6,1,28,6,1363,2,9,4,1
2014521400429,1,9,0,4,0,1,0,0,0,0,2,1,6,1,28,6,1229,1,4,8,2
2014521400429,2,9,0,18,0,1,1,0,0,0,1,1,6,2,55,8,-1,-1,-1,5,3
2014521400429,3,9,0,4,0,1,0,0,0,0,2,1,6,3,40,7,-1,-1,-1,10,2
2014521400473,1,9,0,17,0,0,0,0,0,0,3,1,6,2,19,4,1560,2,1,10,1
2014521400473,2,9,0,11,0,0,0,0,0,0,4,1,6,3,-1,-1,1390,1,12,-1,-1
2014521400487,1,9,0,8,0,1,0,0,0,0,2,1,2,2,38,7,1590,1,12,10,1
2014521400487,2,9,0,7,0,1,0,0,0,0,1,1,6,1,25,5,-1,-1,-1,-1,-1
2014521400494,1,9,0,18,0,8,0,0,0,0,3,1,6,1,23,5,2996,1,4,5,1
2014521400494,2,9,0,9,0,8,0,0,0,0,4,1,6,1,22,5,1587,1,14,-1,-1
2014521400498,1,9,0,18,0,0,5,0,0,0,1,1,6,2,24,5,1124,1,10,4,1
2014521400498,2,9,0,2,0,0,0,0,0,0,1,1,6,3,-1,-1,-1,-1,-1,-1,-1
2014521400498,3,9,0,2,0,0,0,0,0,0,1,1,6,3,-1,-1,-1,-1,-1,-1,-1
2014521400506,1,9,0,9,0,5,0,0,0,0,4,1,6,1,62,9,1798,1,11,2,1
2014521400506,2,1,0,18,0,8,0,0,0,0,1,1,6,1,16,4,-1,-1,-1,10,1
2014521400524,1,9,0,18,0,3,0,0,0,0,4,1,6,1,77,11,1339,1,4,4,1
2014521400524,2,9,0,5,0,4,0,0,0,0,1,1,6,1,78,11,1596,1,4,8,1
2014521400531,1,1,0,18,0,1,0,0,0,0,1,1,2,1,54,8,-1,-1,-1,8,1
2014521400531,2,9,0,10,0,1,0,0,0,0,4,1,6,1,68,10,1242,1,12,2,1
2014521400549,1,9,0,18,0,1,0,0,0,0,1,1,6,1,60,9,1388,1,11,10,2
2014521400566,1,9,0,7,0,6,0,0,0,0,1,1,6,1,31,6,1968,2,3,5,1
2014521400566,2,9,0,3,0,8,0,0,0,0,4,1,1,1,30,6,1753,2,5,-1,-1
2014521400566,3,9,0,18,0,8,0,0,0,0,4,1,6,1,44,7,1781,1,11,7,3
2014521400566,4,9,0,3,0,1,0,0,0,0,3,1,6,1,22,5,998,1,1,6,2
2014521400594,1,1,0,18,0,8,0,0,0,0,1,1,6,2,47,8,-1,-1,-1,7,1
2014521400594,2,9,0,18,0,4,0,0,0,0,1,1,6,3,45,7,1493,1,18,-1,-1
2014521400606,1,9,0,6,0,0,0,0,0,0,3,1,2,2,34,6,1339,1,12,6,1
2014521400606,2,9,0,18,0,0,0,0,0,0,1,1,6,3,-1,-1,1596,1,14,-1,-1
2014521400618,1,8,0,18,0,0,0,0,0,0,1,1,1,3,-1,-1,-1,-1,-1,-1,-1
2014521400640,1,9,0,18,0,8,0,0,0,0,1,1,6,1,18,4,-1,-1,-1,9,3
2014521400640,2,9,0,17,0,8,0,0,0,0,3,1,6,1,35,6,-1,-1,-1,-1,1
2014521400660,1,9,0,5,0,2,0,0,0,0,1,1,2,1,24,5,1870,2,11,7,2
2014521400683,1,1,0,18,0,0,0,8,0,0,4,1,6,1,45,7,-1,-1,-1,9,1
2014521400683,2,9,0,2,0,0,0,0,0,0,3,1,6,2,47,8,-1,-1,-1,-1,-1
2014521400684,1,9,0,7,0,8,0,0,0,0,2,1,6,1,20,4,1582,2,1,9,1
2014521400684,2,9,0,18,0,1,0,0,0,0,1,1,6,2,26,6,1360,1,13,4,1
2014521400685,1,1,0,18,0,8,0,0,0,0,4,1,2,1,45,7,-1,-1,-1,9,1
2014521400685,2,19,0,7,0,6,0,0,0,0,1,1,1,1,45,7,2198,2,2,-1,-1
2014521400691,1,9,4,18,0,0,5,0,0,0,0,1,6,1,49,8,1998,1,12,-1,2
2014521400691,2,9,0,18,0,0,0,0,0,0,0,1,6,3,-1,-1,1998,1,15,-1,-1
2014521400694,1,9,0,11,0,8,0,0,0,0,3,1,6,2,18,4,-1,-1,-1,4,1
2014521400694,2,1,0,18,0,8,0,0,0,0,4,1,6,1,27,6,-1,-1,-1,4,1
2014521400701,1,9,0,17,0,8,0,0,0,0,1,1,6,2,51,8,1582,2,3,8,1
2014521400701,2,9,0,7,0,6,0,0,0,0,3,1,6,1,24,5,1248,2,8,2,1
2014521400706,1,9,0,9,0,6,0,0,0,0,1,1,6,1,61,9,2198,1,8,9,3
2014521400706,2,9,0,10,0,6,0,0,0,0,2,1,6,2,26,6,-1,-1,-1,5,1
2014521400707,1,9,0,15,0,0,0,0,0,0,3,1,6,1,53,8,-1,-1,-1,4,3
2014521400707,2,9,0,18,0,0,0,0,0,0,4,1,6,1,49,8,-1,-1,-1,4,1
2014521400707,3,9,0,18,0,0,0,0,1,1,2,1,6,2,47,8,-1,-1,-1,10,1
2014521400710,1,1,0,18,4,8,0,0,0,0,1,1,6,1,42,7,-1,-1,-1,3,1
2014521400710,2,9,0,7,0,5,0,0,0,0,4,1,6,3,-1,-1,-1,-1,-1,-1,-1
2014521400712,1,9,0,18,0,0,0,0,0,0,1,1,6,1,42,7,1598,1,5,8,1
2014521400712,2,1,0,18,0,0,0,0,0,0,1,1,6,1,21,5,-1,-1,-1,5,1
2014521400714,1,3,0,18,0,8,1,0,0,0,1,1,6,1,21,5,124,1,1,2,1
2014521400714,2,9,0,9,0,5,0,0,0,0,4,1,6,1,55,8,1998,2,10,4,1
2014521400717,1,9,0,18,0,1,0,0,0,0,4,1,6,1,65,9,1896,2,7,10,1
2014521400728,1,9,0,5,0,4,0,0,0,0,3,1,6,1,69,10,1560,2,4,10,1
2014521400728,2,1,0,18,0,8,0,0,0,0,1,1,6,1,35,6,-1,-1,-1,2,1
2014521400741,1,9,0,3,0,1,0,0,0,0,2,1,6,2,36,7,1329,1,-1,9,1
2014521400741,2,9,0,3,0,1,0,0,0,0,2,1,6,1,40,7,1896,2,16,9,1
2014521400741,3,19,0,18,0,1,0,0,0,0,1,1,6,3,-1,-1,-1,-1,-1,-1,-1
2014521400745,1,5,0,18,0,1,0,0,0,0,1,1,6,1,24,5,998,1,7,5,1
2014521400745,2,9,0,7,0,5,0,0,0,10,2,1,6,1,21,5,-1,-1,-1,2,1
2014521400758,1,9,0,4,0,1,0,0,0,0,1,1,6,1,60,9,1598,1,7,2,1
2014521400758,2,9,0,18,0,1,0,0,0,0,1,1,6,2,42,7,1968,2,1,3,1
2014521400758,3,1,0,18,0,1,0,0,0,0,3,1,6,1,18,4,-1,-1,-1,1,1
2014521400759,1,9,0,18,0,8,0,0,0,0,1,1,6,1,42,7,1985,1,12,1,1
2014521400759,2,9,0,18,0,8,0,0,0,0,1,1,6,1,26,6,1895,1,15,2,1
2014521400759,3,9,0,2,0,1,0,0,0,0,2,1,6,3,-1,-1,1598,1,1,-1,-1
2014521400760,1,9,0,7,0,6,0,0,0,0,4,1,6,2,23,5,1229,1,9,5,1
2014521400760,2,1,0,18,4,1,0,0,0,0,1,1,6,1,50,8,-1,-1,-1,-1,1
2014521400771,1,9,0,18,0,8,0,0,0,0,3,1,6,1,73,10,1968,2,4,4,1
2014521400771,2,9,0,11,0,8,0,0,0,0,3,1,6,1,40,7,1598,1,7,-1,-1
2014521400781,1,8,0,18,0,1,0,0,0,0,0,1,6,1,45,7,-1,-1,-1,-1,-1
2014521400797,1,1,0,18,0,8,0,0,0,0,3,1,6,1,18,4,-1,-1,-1,7,1
2014521400797,2,9,0,7,0,3,0,0,0,0,4,1,6,3,-1,-1,-1,-1,-1,-1,-1
2014521400804,1,9,0,18,0,0,0,0,0,0,1,1,6,1,36,7,-1,-1,-1,6,3
2014521400810,1,1,0,18,0,8,0,0,0,0,4,1,2,1,43,7,-1,-1,-1,9,1
2014521400810,2,9,0,9,0,6,0,0,0,0,1,1,6,2,-1,-1,1998,1,15,-1,-1
2014521400819,1,19,0,13,0,0,0,0,0,0,4,1,1,1,37,7,-1,-1,-1,1,1
2014521400819,2,8,0,4,0,0,0,0,0,0,3,1,1,1,50,8,1598,1,5,-1,-1
2014521400824,1,9,0,6,0,8,0,0,0,0,3,1,6,1,31,6,1781,1,19,2,1
2014521400824,2,1,0,13,0,8,0,0,0,0,1,1,6,1,42,7,-1,-1,-1,4,1
2014521400825,1,1,0,18,0,8,0,0,0,0,4,1,6,2,24,5,-1,-1,-1,7,1
2014521400825,2,9,0,18,0,4,0,0,0,0,1,1,6,2,35,6,-1,-1,-1,-1,-1