Accident_Index,Vehicle_Reference,Vehicle_Type,Towing_and_Articulation,Vehicle_Manoeuvre,Vehicle_Location-Restricted_Lane,Junction_Location,Skidding_and_Overturning,Hit_Object_in_Carriageway,Vehicle_Leaving_Carriageway,Hit_Object_off_Carriageway,1st_Point_of_Impact,Was_Vehicle_Left_Hand_Drive?,Journey_Purpose_of_Driver,Sex_of_Driver,Age_of_Driver,Age_Band_of_Driver,Engine_Capacity_(CC),Propulsion_Code,Age_of_Vehicle,Driver_IMD_Decile,Driver_Home_Area_Type
2014521400832,1,9,0,8,0,1,0,0,0,0,2,1,6,1,70,10,1193,1,1,4,1
2014521400832,2,19,0,7,0,1,0,0,0,0,1,1,6,3,-1,-1,-1,-1,-1,-1,-1
2014521400835,1,9,0,9,0,6,0,0,0,0,1,1,6,1,19,4,-1,-1,-1,7,1
2014521400835,2,3,0,18,0,8,0,0,0,0,1,1,6,1,40,7,-1,-1,-1,-1,1
2014521400836,1,9,0,12,0,0,0,0,0,0,1,1,6,1,44,7,2143,2,1,6,1
2014521400836,2,9,0,18,0,0,0,0,0,0,3,1,6,1,31,6,1895,1,14,2,1
2014521400836,3,9,0,2,0,0,0,0,0,0,3,1,6,3,-1,-1,-1,-1,-1,-1,-1
2014521400837,1,9,0,2,0,0,0,0,0,0,3,1,6,2,57,9,1149,1,10,3,1
2014521400837,2,9,0,17,0,0,0,0,0,0,4,1,6,2,34,6,1397,1,13,7,1
2014521400845,1,9,0,9,0,5,0,4,0,0,1,1,6,1,53,8,-1,-1,-1,4,1
2014521400845,2,9,0,2,0,2,5,0,0,0,1,1,6,1,43,7,1582,2,1,5,1
2014521400847,1,19,0,9,0,8,0,0,0,0,4,1,6,1,40,7,2402,2,9,-1,-1
2014521400847,2,90,0,18,0,4,0,0,0,0,1,1,6,1,25,5,-1,-1,-1,5,1
2014521400863,1,9,4,17,0,8,0,0,1,10,1,1,6,1,37,7,-1,-1,-1,6,3
2014521400863,2,9,0,2,9,1,0,0,0,0,0,1,6,3,-1,-1,1596,1,10,-1,-1
2014521400865,1,5,0,16,0,0,1,0,0,0,1,1,6,1,22,5,660,1,-1,10,1
2014521400865,2,8,0,17,0,0,0,0,0,0,1,1,6,1,35,6,1997,2,5,8,1
2014521400869,1,8,0,6,0,2,0,0,0,0,3,1,6,1,70,10,-1,-1,-1,5,1
2014521400869,2,9,0,18,0,2,0,0,0,0,4,1,2,1,29,6,1796,1,10,7,1
2014521400873,1,9,0,9,0,6,0,0,0,0,1,1,6,2,63,9,1296,1,8,9,1
2014521400873,2,9,0,17,0,8,0,0,0,0,1,1,6,1,36,7,-1,-1,-1,6,1
2014521400875,1,9,0,9,0,8,0,0,0,0,3,1,6,1,32,6,1391,1,12,9,1
2014521400875,2,1,0,18,0,8,0,0,0,0,3,1,6,1,23,5,-1,-1,-1,7,1
2014521400881,1,9,0,18,0,0,0,0,0,0,2,1,6,3,-1,-1,1686,2,11,-1,-1
2014521400881,2,9,0,18,0,0,0,0,0,0,1,1,6,1,27,6,1968,2,2,-1,1
2014521400896,1,1,0,9,0,4,0,0,0,0,4,1,6,2,23,5,-1,-1,-1,1,1
2014521400896,2,8,0,12,0,4,0,0,0,0,1,1,6,3,-1,-1,-1,-1,-1,-1,-1
2014521400899,1,9,0,18,0,0,0,0,7,0,3,1,6,2,27,6,1339,1,9,5,1
2014521400900,1,9,0,16,0,2,0,4,0,0,1,1,6,1,43,7,1798,1,12,8,1
2014521400900,2,9,0,2,0,2,0,4,0,0,2,1,6,3,-1,-1,1390,1,3,-1,-1
2014521400900,3,9,0,2,0,2,0,4,0,0,2,1,6,3,-1,-1,1781,1,14,-1,-1
2014521400900,4,5,0,2,0,2,0,0,0,0,3,1,6,3,-1,-1,599,1,13,-1,-1
2014521400914,1,1,0,18,0,1,0,0,0,0,3,1,2,2,25,5,-1,-1,-1,1,1
2014521400914,2,9,0,16,0,1,0,0,0,0,4,1,6,3,-1,-1,-1,-1,-1,-1,-1
2014521400915,1,9,0,18,0,0,0,0,0,0,1,1,6,1,22,5,998,1,4,1,1
2014521400915,2,9,0,15,0,0,0,0,0,0,0,1,6,3,-1,-1,-1,-1,-1,-1,-1
2014521400915,3,9,0,13,0,0,0,0,0,0,0,1,6,3,21,5,-1,-1,-1,3,1
2014521400915,4,1,0,18,0,0,0,0,0,0,2,1,6,1,40,7,-1,-1,-1,-1,-1
2014521400918,1,9,0,18,0,8,0,0,0,0,1,1,6,1,17,4,-1,-1,-1,3,1
2014521400918,2,9,0,9,0,8,0,0,0,0,1,1,6,2,22,5,-1,-1,-1,5,1
2014521400929,1,9,0,9,0,5,0,0,0,0,1,1,6,2,27,6,-1,-1,-1,3,1
2014521400929,2,1,0,18,9,8,0,0,0,0,1,1,6,1,22,5,-1,-1,-1,7,3
2014521400935,1,9,0,5,0,6,0,0,0,0,1,1,6,2,37,7,1390,1,8,10,1
2014521400935,2,1,0,17,0,8,0,0,0,0,4,1,6,1,44,7,-1,-1,-1,8,1
2014521400938,1,9,0,12,0,0,0,0,0,0,1,1,6,1,52,8,1762,1,14,3,1
2014521400938,2,5,0,18,0,0,0,0,0,0,1,1,6,1,30,6,798,1,2,4,1
2014521400943,1,9,0,9,0,5,0,0,0,0,1,1,6,1,34,6,1598,2,3,9,1
2014521400943,2,1,0,18,0,8,0,0,0,0,1,1,6,1,34,6,-1,-1,-1,6,1
2014521400944,1,9,0,12,0,1,0,0,0,0,1,1,6,2,38,7,1598,1,12,4,1
2014521400944,2,9,0,3,0,1,0,0,0,0,2,1,6,2,38,7,1598,1,12,9,1
2014521400946,1,9,0,18,0,1,0,0,0,0,1,1,6,1,31,6,-1,-1,-1,4,1
2014521400954,1,9,0,9,0,2,0,0,0,0,1,1,6,3,-1,-1,1896,2,7,-1,-1
2014521400963,1,9,0,13,0,0,0,0,0,0,4,1,6,2,58,9,1198,1,8,10,1
2014521400963,2,1,0,18,0,0,0,0,0,0,3,1,6,1,52,8,-1,-1,-1,7,1
2014521400966,1,9,0,9,0,8,0,0,0,0,4,1,6,1,89,11,1796,1,16,10,1
2014521400966,2,1,0,18,0,8,0,0,0,0,1,1,6,1,23,5,-1,-1,-1,7,1
2014521400967,1,9,0,18,0,2,0,0,0,0,4,1,6,1,41,7,-1,-1,-1,1,1
2014521400968,1,9,0,7,0,8,0,0,0,0,1,1,6,1,54,8,1397,1,7,5,1
2014521400968,2,9,0,18,0,8,0,0,0,0,1,1,6,2,29,6,1781,1,18,3,1
2014521400969,1,9,0,9,0,5,0,0,0,0,4,1,6,1,31,6,1910,2,5,2,1
2014521400969,2,1,0,15,0,8,0,0,0,0,1,1,6,1,29,6,-1,-1,-1,8,1
2014521400970,1,9,0,18,0,1,0,0,0,0,4,1,6,3,-1,-1,-1,-1,-1,-1,-1
2014521400971,1,9,0,18,0,0,0,0,0,0,1,1,6,2,64,9,2143,2,-1,8,1
2014521400971,2,9,0,18,0,0,0,0,0,0,4,1,6,2,36,7,2993,2,6,10,1
2014521400972,1,9,0,9,0,5,0,0,0,0,1,1,6,1,79,11,1498,1,6,7,1
2014521400972,2,90,0,5,0,8,0,0,0,0,1,1,6,1,12,3,-1,-1,-1,-1,-1
2014521400973,1,9,0,18,0,8,0,0,0,0,4,1,6,2,70,10,1587,1,12,-1,1
2014521400973,2,3,0,18,0,8,0,0,0,0,1,1,6,1,17,4,-1,-1,-1,2,1
2014521400975,1,9,0,4,0,1,0,0,0,0,1,1,6,1,37,7,1968,2,3,10,1
2014521400975,2,9,0,3,0,1,0,0,0,0,2,1,6,2,49,8,1595,1,6,10,1
2014521400975,3,9,0,3,0,1,0,0,0,0,2,1,6,2,63,9,1248,1,2,4,1
2014521400975,4,9,0,3,0,1,0,0,0,0,2,1,6,1,67,10,1560,2,2,10,1
2014521400975,5,9,0,3,0,1,0,0,0,0,2,1,6,1,65,9,2987,2,2,8,1
2014521400975,6,9,0,3,0,1,0,0,0,0,2,1,6,2,41,7,1596,1,3,9,1
2014521400979,1,9,0,18,0,0,0,0,0,0,1,1,6,2,45,7,1598,1,9,10,3
2014521400980,1,9,0,7,0,3,0,0,0,0,4,1,6,1,43,7,1910,2,6,5,1
2014521400983,1,9,0,18,0,0,5,0,1,0,0,1,6,2,35,6,1498,1,11,1,1
2014521400984,1,9,0,18,0,8,0,0,0,0,4,1,6,1,35,6,1598,1,17,10,3
2014521400984,2,1,0,18,0,8,0,0,0,0,3,1,6,1,63,9,-1,-1,-1,9,3
2014521400985,1,9,0,12,0,0,0,0,0,0,3,1,6,1,27,6,1399,2,8,-1,1
2014521400985,2,9,0,18,0,0,0,0,0,0,1,1,6,1,59,9,-1,-1,-1,-1,1
2014521401001,1,9,0,9,0,5,0,0,0,0,1,1,6,1,65,9,1999,1,5,5,1
2014521401001,2,9,0,18,0,8,0,0,0,0,3,1,6,1,26,6,-1,-1,-1,4,1
2014521401001,3,9,0,18,0,1,0,0,0,0,1,1,6,2,59,9,-1,-1,-1,4,1
2014521401008,1,9,0,9,0,6,0,0,0,0,1,1,6,2,29,6,1796,1,6,4,1
2014521401008,2,9,0,18,0,8,0,0,0,0,4,1,6,2,25,5,1398,1,1,4,1
2014521401008,3,9,0,2,0,1,0,0,0,0,2,1,6,3,-1,-1,-1,-1,-1,-1,-1
2014521401008,4,9,0,2,0,1,0,0,0,0,4,1,6,3,-1,-1,-1,-1,-1,-1,-1
2014521401009,1,9,0,18,0,0,0,10,0,0,2,1,6,1,50,8,1896,2,11,-1,1
2014521401009,2,9,0,18,0,0,0,0,0,0,1,1,6,2,51,8,1999,1,7,10,1
2014521401009,3,9,0,2,0,0,0,0,0,0,3,1,6,1,56,9,1596,1,9,-1,1
2014521401009,4,9,0,18,0,0,0,0,0,0,4,1,6,2,20,4,1242,1,2,7,1
2014521401009,5,9,0,3,0,0,0,0,0,0,2,1,6,1,33,6,1910,2,8,10,1
2014521401009,6,9,0,2,0,0,0,0,0,0,2,1,6,1,24,5,1984,1,8,10,1
2014521401019,1,17,4,18,0,0,0,0,0,0,4,1,6,1,58,9,-1,-1,-1,10,1
2014521401021,1,9,0,18,0,0,0,0,1,11,1,1,6,1,23,5,1590,1,22,5,1
2014521401024,1,9,0,18,0,1,1,0,0,10,1,1,6,2,42,7,1198,1,2,-1,1
2014521401037,1,1,0,14,0,8,0,0,0,0,4,1,2,1,28,6,-1,-1,-1,1,1
2014521401037,2,9,0,9,0,5,0,0,0,0,3,1,6,1,40,7,-1,-1,-1,-1,-1
2014521401048,1,9,0,18,0,0,0,0,0,0,1,1,6,1,21,5,-1,-1,-1,7,1
2014521401048,2,1,0,18,0,0,0,0,0,0,2,1,6,1,54,8,-1,-1,-1,7,1
2014521401051,1,9,0,18,0,1,0,0,0,0,1,1,6,1,35,6,2698,2,6,10,1
2014521401051,2,9,0,6,0,8,0,0,0,0,4,1,6,1,42,7,-1,-1,-1,3,1
2014521401052,1,9,0,18,0,6,0,0,0,0,1,1,6,2,60,9,1242,1,4,3,1
2014521401052,2,9,0,18,0,8,0,0,1,10,1,1,6,1,18,4,1124,1,9,6,1
2014521401060,1,9,0,13,0,1,0,0,0,0,1,1,6,1,38,7,1598,1,11,1,1
2014521401060,2,9,0,18,0,1,0,0,0,0,2,1,6,2,38,7,1994,2,6,1,1
2014521401060,3,9,0,18,0,1,0,0,0,0,2,1,6,2,51,8,1596,1,11,6,1
2014521401062,1,9,0,9,0,5,0,0,0,0,4,1,6,2,22,5,1598,2,2,4,1
2014521401062,2,1,0,18,0,8,0,0,0,0,1,1,6,2,37,7,-1,-1,-1,1,1
2014521401064,1,8,0,5,0,1,0,0,0,0,1,1,6,1,54,8,-1,-1,-1,9,1
2014521401069,1,19,0,18,0,1,0,0,0,0,3,1,1,1,44,7,2496,2,16,6,1
2014521401069,2,9,0,7,0,6,0,0,0,0,3,1,6,1,25,5,1527,2,16,-1,-1
2014521401074,1,9,0,18,0,8,0,0,0,0,4,1,6,1,45,7,2495,1,12,6,1
2014521401074,2,9,0,7,0,6,0,0,0,0,1,1,6,2,47,8,1242,1,4,2,1
2014521401089,1,9,0,18,0,2,0,0,0,0,2,1,6,2,18,4,1124,1,14,9,1
2014521401089,2,9,0,18,0,2,0,0,0,0,1,1,6,1,23,5,1149,1,16,-1,-1
2014521401097,1,9,0,3,0,6,0,0,0,0,2,1,2,1,66,10,1499,2,1,8,3
2014521401097,2,3,0,18,0,8,0,0,0,0,1,1,6,1,17,4,123,1,8,8,3
2014521401110,1,1,0,15,0,2,0,0,0,0,3,1,6,2,30,6,-1,-1,-1,4,1
2014521401110,2,9,0,11,0,2,0,0,0,0,4,1,6,1,21,5,1248,2,8,1,1
2014521401111,1,9,0,16,0,8,1,0,0,0,3,1,6,2,64,9,2495,2,17,9,3
2014521401111,2,9,0,17,0,8,0,0,0,0,3,1,6,2,35,6,1360,1,8,10,1
2014521401112,1,9,0,16,0,0,1,4,1,10,1,1,6,1,63,9,-1,-1,-1,2,1
2014521401112,2,9,0,2,0,0,0,0,0,0,1,1,6,3,-1,-1,1998,1,12,-1,-1
2014521401112,3,9,0,2,0,0,0,0,0,0,2,1,6,3,-1,-1,1984,1,15,-1,-1
2014521401114,1,9,0,4,0,1,1,0,0,0,1,1,6,1,62,9,2295,1,15,6,1
2014521401114,2,9,0,3,0,1,0,0,0,0,1,1,2,1,46,8,1999,1,10,5,1
2014521401116,1,9,0,4,0,1,1,0,7,11,2,1,6,1,22,5,-1,-1,-1,8,1
2014521401117,1,1,0,3,0,1,0,0,0,0,2,1,1,1,40,7,-1,-1,-1,8,1
2014521401117,2,9,0,5,0,1,0,0,0,0,1,1,6,1,25,5,2499,1,9,-1,-1
2014521401118,1,1,0,18,0,8,0,0,0,0,1,1,6,2,25,5,-1,-1,-1,2,1
2014521401118,2,9,0,18,0,8,0,0,0,0,1,1,1,1,63,9,1753,2,7,9,3
2014521401119,1,9,0,14,0,8,0,0,0,0,1,1,6,2,35,6,1240,1,4,1,1
2014521401120,1,3,0,15,0,8,0,0,0,0,1,1,6,1,54,8,124,1,7,6,2
2014521401120,2,9,0,9,0,8,0,0,0,0,3,1,6,1,50,8,-1,-1,-1,8,1
2014521401122,1,9,0,4,0,0,0,0,0,0,1,1,6,1,35,6,-1,-1,-1,10,1
2014521401122,2,9,0,4,0,0,0,0,0,0,2,1,6,2,53,8,1999,1,8,9,3
2014521401123,1,9,0,18,0,8,0,0,0,0,1,1,6,1,35,6,2544,1,14,-1,1
2014521401123,2,1,0,18,0,6,0,0,0,0,1,1,6,2,56,9,-1,-1,-1,7,1
2014521401124,1,11,0,18,0,0,0,0,0,0,4,1,1,3,40,7,-1,-1,-1,-1,-1
2014521401125,1,11,0,18,0,8,0,0,0,0,0,1,6,1,42,7,9600,2,14,2,1
2014521401125,2,9,0,18,0,4,0,0,0,0,0,1,6,3,-1,-1,1149,1,6,-1,-1
2014521401137,1,1,0,18,0,8,0,0,0,0,1,1,6,2,26,6,-1,-1,-1,7,1
2014521401137,2,9,0,9,0,5,0,0,0,0,1,1,6,1,21,5,-1,-1,-1,-1,-1
2014521401138,1,9,0,1,9,0,0,0,0,0,4,1,6,1,33,6,1598,2,1,9,1
2014521401138,2,1,0,18,9,0,0,0,0,0,1,1,6,2,25,5,-1,-1,-1,-1,1
2014521401139,1,9,0,9,0,6,0,0,0,0,1,1,6,2,38,7,1798,1,4,10,1
2014521401139,2,1,0,18,0,8,0,0,0,0,1,1,6,1,70,10,-1,-1,-1,4,1
2014521401161,1,9,0,10,0,1,0,0,0,0,2,1,6,2,19,4,1242,1,1,9,1
2014521401161,2,9,0,18,0,1,1,0,0,0,1,1,2,1,22,5,1995,2,13,4,1
2014521401163,1,11,0,18,0,3,0,0,0,0,1,1,1,1,-1,-1,7300,2,6,1,1
2014521401167,1,9,0,14,9,0,0,0,0,0,1,1,6,2,40,7,1198,1,2,-1,-1
2014521401181,1,9,0,3,0,1,0,0,0,0,2,1,6,1,53,8,-1,-1,-1,7,2
2014521401181,2,19,0,4,0,1,0,0,0,0,1,1,1,1,20,4,2402,2,6,9,1
2014521401185,1,9,0,18,0,2,0,0,0,0,4,1,6,2,23,5,1124,1,13,5,1
2014521401185,2,9,0,12,0,2,0,0,0,7,1,1,6,1,40,7,-1,-1,-1,-1,-1
2014521401186,1,9,0,18,0,8,0,0,0,0,4,1,2,2,34,6,1686,2,3,5,1
2014521401186,2,9,0,9,0,6,0,0,0,0,1,1,2,2,20,4,1598,1,9,6,1
2014521401187,1,9,0,18,0,0,0,0,0,0,1,1,2,2,23,5,1560,2,5,-1,1
2014521401187,2,9,0,18,0,0,0,0,0,0,2,1,2,2,45,7,1368,1,4,5,1
2014521401188,1,2,0,18,0,8,0,0,0,0,1,1,2,2,49,8,49,1,1,1,1
2014521401188,2,9,0,9,0,8,0,0,0,0,4,1,2,1,25,5,1998,2,16,5,1
2014521401190,1,1,0,11,0,0,0,4,0,0,1,1,6,1,23,5,-1,-1,-1,5,1
2014521401190,2,9,0,12,0,0,0,0,0,0,3,1,6,1,47,8,-1,-1,-1,4,1
2014521401192,1,19,0,7,0,6,0,0,0,0,1,1,1,1,58,9,-1,-1,-1,10,1
2014521401192,2,9,0,3,0,1,0,0,0,0,0,1,6,1,73,10,-1,-1,-1,2,1
2014521401193,1,9,0,18,0,8,0,0,0,0,1,1,6,1,35,6,1968,2,4,4,1
2014521401204,1,9,0,3,0,1,0,0,0,0,2,1,2,2,43,7,1497,1,10,4,1
2014521401204,2,9,0,18,0,1,0,0,0,0,1,1,2,1,50,8,1798,1,10,4,1
2014521401205,1,9,0,9,0,5,0,0,0,0,1,1,6,1,21,5,2993,2,8,10,3
2014521401205,2,9,0,18,0,8,0,0,0,0,1,1,6,2,25,5,-1,-1,-1,4,1
2014521401211,1,9,0,18,0,0,0,0,0,0,4,1,6,3,-1,-1,-1,-1,-1,-1,-1
2014521401219,1,9,0,9,0,5,0,0,0,0,1,1,6,1,60,9,1968,2,3,8,1
2014521401225,1,9,0,18,0,0,0,0,0,0,1,1,1,1,46,8,-1,-1,-1,-1,1
2014521401225,2,9,0,3,0,0,0,0,0,0,2,1,6,1,54,8,-1,-1,-1,4,1
2014521401225,3,9,0,3,0,0,0,0,0,0,2,1,6,2,43,7,2204,2,10,9,3
2014521401229,1,9,0,10,0,1,0,0,0,0,2,1,6,2,54,8,1896,2,11,9,1
2014521401229,2,9,0,18,0,1,0,0,0,0,1,1,6,3,-1,-1,1198,1,1,3,1
2014521401237,1,9,0,16,0,0,0,0,0,0,1,1,6,3,40,7,-1,-1,-1,-1,-1
2014521401239,1,9,0,18,0,1,0,0,0,0,1,1,6,2,36,7,1388,1,9,4,1
2014521401239,2,9,0,3,0,1,0,0,0,0,2,1,6,1,58,9,1798,1,10,5,1
2014521401239,3,3,0,3,0,1,0,0,0,0,2,1,6,1,39,7,124,1,8,5,1
2014521401239,4,9,0,10,0,1,0,0,0,0,2,1,6,1,-1,-1,-1,-1,-1,9,3
2014521401248,1,9,0,16,0,0,0,0,0,0,3,1,6,1,58,9,2494,1,18,6,1
2014521401248,2,9,0,17,0,0,0,4,0,0,1,1,6,1,28,6,1998,1,23,3,1
2014521401248,3,9,0,2,0,0,0,4,0,0,2,1,6,3,-1,-1,2492,1,14,-1,-1
2014521401248,4,9,0,2,0,0,0,0,0,0,2,1,6,3,-1,-1,1497,1,14,-1,-1
2014521401261,1,9,0,18,0,4,0,0,0,0,3,1,6,2,19,4,-1,-1,-1,8,1
2014521401261,2,1,0,9,0,8,0,0,0,0,2,1,6,1,33,6,-1,-1,-1,2,1
2014521401262,1,9,0,18,0,0,0,0,0,0,2,1,6,1,61,9,1984,1,4,9,1
2014521401262,2,1,0,18,0,0,0,0,0,0,1,1,6,1,30,6,-1,-1,-1,10,1
2014521401263,1,9,0,3,0,2,0,0,0,0,2,1,6,2,57,9,1390,1,5,10,1
2014521401263,2,9,0,4,0,2,0,0,0,0,1,1,6,2,34,6,2199,2,1,9,1
2014521401265,1,9,0,18,0,1,0,0,0,0,1,1,6,2,43,7,2495,2,12,10,1
2014521401265,2,1,0,18,0,1,0,0,0,0,2,1,6,1,45,7,-1,-1,-1,6,1
2014521401266,1,9,0,18,0,0,0,0,0,0,1,1,6,2,64,9,1299,1,13,9,3
2014521401268,1,5,0,18,0,0,0,0,0,0,3,1,6,1,59,9,955,1,9,10,2
2014521401268,2,9,4,3,0,0,0,0,0,0,3,1,6,1,42,7,-1,-1,-1,9,2
2014521401269,1,9,0,9,0,6,0,0,0,0,3,1,6,2,41,7,1360,1,14,3,1
2014521401269,2,9,0,18,0,8,0,0,0,0,1,1,6,3,-1,-1,-1,-1,-1,-1,-1
2014521401271,1,9,0,18,0,2,0,0,0,0,4,1,6,2,77,11,1896,2,10,9,1
2014521401271,2,1,0,18,0,2,0,0,0,0,3,1,6,1,61,9,-1,-1,-1,9,1
2014521401273,1,9,0,5,0,6,0,0,0,0,1,1,6,2,49,8,5654,1,7,8,3
2014521401273,2,9,0,18,0,1,0,0,0,0,1,1,6,1,58,9,2099,1,11,4,1
2014521401275,1,9,0,14,0,0,0,0,0,0,1,1,6,2,83,11,1299,1,11,4,2
2014521401275,2,9,0,4,0,0,0,0,0,0,1,1,6,2,71,10,1596,1,11,10,1
2014521401280,1,9,0,9,0,5,0,0,0,0,1,1,6,2,20,4,998,1,9,6,1
2014521401280,2,1,0,18,2,8,0,0,0,0,3,1,6,1,29,6,-1,-1,-1,8,1
2014521401283,1,9,0,18,0,0,1,10,0,0,4,1,6,1,79,11,1797,8,4,5,1
2014521401283,2,9,0,18,0,0,0,0,0,0,1,1,6,1,58,9,2402,2,4,8,1
2014521401306,1,9,0,18,0,0,0,0,0,0,1,1,6,2,45,7,2198,1,11,5,1
2014521401306,2,16,0,18,0,0,0,0,0,0,1,1,6,2,49,8,-1,-1,-1,8,3
2014521401312,1,9,0,6,0,8,0,0,0,0,1,1,6,1,21,5,999,1,15,8,2
2014521401312,2,2,0,18,0,8,0,0,0,0,1,1,1,1,51,8,49,1,2,2,1
2014521401315,1,9,0,18,0,8,0,0,7,10,2,1,6,1,63,9,1598,1,7,10,3
2014521401319,1,9,0,10,0,8,0,0,0,0,2,1,6,2,20,4,1242,1,2,5,1
2014521401319,2,9,0,18,0,1,0,0,0,0,1,1,6,1,23,5,998,1,9,-1,-1
2014521401342,1,9,0,18,0,0,0,0,7,10,1,1,6,2,22,5,1149,1,11,3,1
2014521401350,1,90,0,18,0,0,0,0,7,10,1,1,6,1,25,5,234,1,9,1,1
2014521401351,1,9,0,9,0,8,0,0,0,0,1,1,6,1,55,8,-1,-1,-1,1,1
2014521401353,1,1,0,18,5,8,0,0,0,0,1,1,6,1,16,4,-1,-1,-1,6,1
2014521401353,2,9,0,7,0,5,0,0,0,0,4,1,6,3,-1,-1,1240,1,4,-1,-1
2014521401358,1,19,0,4,0,0,0,0,0,0,1,1,1,1,27,6,1753,2,2,7,1
2014521401358,2,9,0,4,0,0,0,0,0,0,2,1,6,1,70,10,2496,2,14,10,1
2014521401358,3,9,0,4,0,0,0,0,0,0,2,1,6,1,24,5,1986,2,8,9,2
2014521401358,4,9,0,4,0,0,0,0,0,0,2,1,6,1,29,6,1896,2,8,8,1
2014521401361,1,9,0,18,0,1,0,0,0,0,1,1,6,3,-1,-1,-1,-1,-1,-1,-1
2014521401362,1,9,0,18,0,8,0,0,0,0,4,1,6,2,51,8,2688,2,10,7,1
2014521401362,2,9,0,9,0,6,0,0,0,0,1,1,6,3,-1,-1,-1,-1,-1,-1,-1
2014521401363,1,1,0,18,0,1,0,8,0,0,1,1,2,1,27,6,-1,-1,-1,8,1
2014521401363,2,9,0,2,0,1,0,0,0,0,3,1,6,3,50,8,2204,2,6,-1,-1
2014521401363,3,9,0,3,0,1,0,0,0,0,4,1,6,2,22,5,1248,2,10,-1,-1
2014521401373,1,9,0,18,0,0,0,0,0,0,4,1,6,3,-1,-1,-1,-1,-1,-1,-1
2014521401374,1,9,0,9,0,8,0,0,0,0,1,1,2,1,27,6,1596,1,15,10,1
2014521401374,2,1,0,18,0,8,0,0,0,0,3,1,2,1,40,7,-1,-1,-1,4,1
2014521401376,1,11,0,4,0,1,1,0,0,0,0,1,1,1,32,6,-1,2,14,7,1
2014521401384,1,9,0,5,0,0,0,0,0,0,3,1,6,2,52,8,1598,1,4,7,1
2014521401384,2,3,0,18,0,0,0,0,0,0,3,1,6,1,17,4,124,1,11,4,2
2014521401395,1,9,0,3,0,1,0,0,0,0,2,1,6,2,60,9,1400,1,7,-1,3
2014521401395,2,9,0,18,0,1,1,0,0,0,1,1,6,1,25,5,1968,2,7,9,1
2014521401396,1,9,0,18,0,8,0,10,1,2,1,1,6,1,17,4,1490,1,10,8,1
2014521401396,2,9,0,18,0,8,0,0,0,0,2,1,6,1,18,4,1999,1,7,-1,1
2014521401398,1,9,0,9,0,8,0,0,0,0,1,1,6,2,53,8,1793,1,13,7,3
2014521401398,2,5,0,18,0,8,0,0,0,0,1,1,6,2,43,7,499,1,12,10,1
2014521401403,1,9,0,9,0,3,0,0,0,0,4,1,6,3,-1,-1,-1,-1,-1,-1,-1
2014521401404,1,9,0,18,0,8,0,0,0,0,1,1,6,1,17,4,1390,1,13,10,1
2014521401411,1,1,0,18,0,0,0,8,0,0,1,1,1,2,43,7,-1,-1,-1,8,1
2014521401411,2,9,0,2,0,0,0,0,0,0,3,1,6,2,38,7,-1,-1,-1,-1,-1
2014521401429,1,9,0,18,0,8,5,0,0,0,1,1,6,3,-1,-1,1396,1,11,-1,-1
2014521401429,2,8,0,10,0,6,0,0,0,0,1,1,1,1,56,9,2664,2,14,4,1
2014521401443,1,9,0,18,0,1,0,0,0,0,1,1,2,2,28,6,1368,1,2,6,1
2014521401447,1,3,0,18,0,1,1,10,1,10,1,1,6,2,17,4,125,1,-1,10,1
2014521401447,2,9,0,11,0,1,0,0,0,0,0,1,6,1,35,6,-1,-1,-1,-1,-1
2014521401451,1,9,0,3,0,0,0,0,0,0,1,1,6,1,72,10,1388,1,7,9,1
2014521401462,1,1,0,9,0,5,0,0,0,0,2,1,6,2,35,6,-1,-1,-1,3,1
2014521401462,2,9,0,9,0,6,0,0,0,0,1,1,6,2,-1,-1,1910,2,6,-1,-1
2014521401464,1,20,0,18,0,0,0,0,0,0,1,1,1,1,61,9,12130,2,11,9,1
2014521401464,2,9,0,18,0,0,0,0,0,0,1,1,6,2,67,10,1598,1,13,7,2
2014521401464,3,9,0,18,0,0,0,0,0,0,1,1,6,2,75,10,2171,1,11,10,2
2014521401464,4,9,0,18,0,0,0,0,0,0,1,1,6,1,33,6,999,1,1,10,2
2014521401465,1,9,0,18,0,6,0,0,0,0,1,1,6,1,86,11,1299,1,9,2,1
2014521401465,2,9,0,18,0,8,0,0,0,0,1,1,6,1,60,9,2446,1,10,1,1
2014521401470,1,9,0,8,0,0,0,0,0,0,3,1,4,2,17,4,1199,1,13,8,2
2014521401470,2,11,0,5,6,0,0,0,0,0,4,1,1,1,55,8,9600,2,15,-1,-1
2014521401483,1,9,0,18,0,0,0,0,0,0,1,1,6,1,55,8,-1,-1,-1,7,1
2014521401483,2,4,0,18,0,0,1,0,0,0,1,1,6,2,26,6,-1,-1,-1,9,1
2014521401487,1,9,0,18,0,0,0,0,0,0,1,1,6,1,39,7,1497,1,11,5,1
2014521401487,2,9,0,2,0,0,0,0,0,0,2,1,6,3,-1,-1,3498,1,8,-1,-1
2014521401487,3,9,0,2,0,0,0,0,0,0,1,1,6,3,-1,-1,1998,2,6,-1,-1
2014521401487,4,9,0,2,0,0,0,0,0,0,1,1,6,3,-1,-1,1590,1,11,-1,-1