Accident_Index,Vehicle_Reference,Vehicle_Type,Towing_and_Articulation,Vehicle_Manoeuvre,Vehicle_Location-Restricted_Lane,Junction_Location,Skidding_and_Overturning,Hit_Object_in_Carriageway,Vehicle_Leaving_Carriageway,Hit_Object_off_Carriageway,1st_Point_of_Impact,Was_Vehicle_Left_Hand_Drive?,Journey_Purpose_of_Driver,Sex_of_Driver,Age_of_Driver,Age_Band_of_Driver,Engine_Capacity_(CC),Propulsion_Code,Age_of_Vehicle,Driver_IMD_Decile,Driver_Home_Area_Type
2014521402367,1,9,0,7,0,5,0,4,0,0,2,1,6,1,36,7,1598,1,17,3,1
2014521402367,2,9,0,2,0,2,0,4,0,0,2,1,6,1,23,5,1390,1,7,2,1
2014521402367,3,9,0,2,0,2,0,0,0,0,2,1,6,2,-1,-1,1229,1,3,1,1
2014521402367,4,9,0,18,0,1,0,0,0,0,1,1,6,3,-1,-1,-1,-1,-1,-1,-1
2014521402368,1,19,0,18,0,8,0,0,0,0,1,1,6,1,47,8,2198,2,3,6,1
2014521402368,2,9,0,9,0,6,0,0,0,0,3,1,6,2,40,7,-1,-1,-1,6,1
2014521402371,1,9,0,9,0,6,0,0,0,0,3,1,6,1,30,6,1796,1,15,7,1
2014521402371,2,1,0,18,0,8,0,0,0,0,1,1,6,2,34,6,-1,-1,-1,2,1
2014521402378,1,9,0,17,0,8,1,0,0,7,3,1,6,1,20,4,1590,1,13,10,1
2014521402379,1,1,0,18,0,8,0,0,0,0,4,1,6,1,56,9,-1,-1,-1,-1,1
2014521402379,2,9,0,9,0,6,0,0,0,0,1,1,6,1,46,8,1968,2,7,3,1
2014521402380,1,1,0,18,0,0,0,8,0,0,4,1,6,1,23,5,-1,-1,-1,-1,1
2014521402380,2,9,0,2,0,0,0,0,0,0,3,1,6,3,-1,-1,1896,2,12,-1,-1
2014521402381,1,9,0,18,0,0,0,0,0,0,1,1,2,1,65,9,998,1,4,6,1
2014521402404,1,9,0,4,0,2,0,0,0,0,2,1,6,1,19,4,1400,1,14,8,3
2014521402404,2,9,0,18,0,2,0,0,0,0,1,1,6,2,49,8,-1,-1,-1,5,1
2014521402413,1,9,0,5,0,6,0,0,0,0,1,1,6,2,29,6,2656,1,10,10,1
2014521402413,2,9,0,18,0,8,0,0,0,0,3,1,6,2,31,6,1596,1,13,6,3
2014521402415,1,9,0,5,0,6,0,0,0,0,1,1,6,2,60,9,1598,1,2,3,1
2014521402415,2,9,0,9,0,5,0,0,0,0,1,1,6,2,34,6,1596,1,3,3,1
2014521402417,1,9,0,5,0,1,0,0,0,0,1,1,6,1,86,11,1248,1,4,9,1
2014521402417,2,9,0,3,0,1,0,0,0,0,2,1,6,1,37,7,-1,-1,-1,7,1
2014521402419,1,9,0,18,0,8,0,0,0,0,4,1,6,1,36,7,2995,2,15,1,1
2014521402419,2,9,0,4,0,4,0,0,0,0,1,1,6,1,21,5,1587,1,14,6,1
2014521402419,3,9,0,18,0,1,0,0,0,0,0,1,6,1,18,4,1999,1,7,-1,1
2014521402422,1,11,0,18,0,8,0,0,0,0,4,1,1,1,54,8,-1,-1,-1,-1,-1
2014521402422,2,9,0,18,0,8,0,0,0,0,3,1,6,2,21,5,1360,1,10,8,1
2014521402427,1,9,0,18,0,8,5,0,7,9,1,1,6,1,20,4,1149,1,13,5,1
2014521402428,1,9,0,18,0,0,0,0,7,10,3,1,6,2,26,6,1397,1,7,5,1
2014521402430,1,9,0,13,0,0,0,0,0,0,4,1,6,2,69,10,1242,1,10,4,1
2014521402430,2,1,0,14,0,0,0,0,0,0,3,1,6,2,31,6,-1,-1,-1,2,1
2014521402431,1,9,0,7,0,8,0,0,0,0,1,1,6,1,35,6,1796,1,12,5,1
2014521402431,2,1,0,18,0,8,0,0,0,0,2,1,6,1,39,7,-1,-1,-1,6,1
2014521402433,1,19,0,4,0,1,0,0,0,0,1,1,1,1,34,6,2402,2,6,3,1
2014521402433,2,9,0,10,0,1,0,0,0,0,2,1,6,2,34,6,1995,2,10,8,1
2014521402434,1,9,0,9,0,8,0,0,0,0,3,1,6,1,27,6,1796,1,12,1,1
2014521402436,1,9,0,5,0,6,0,0,0,0,2,1,6,2,48,8,2000,1,19,-1,1
2014521402436,2,9,0,3,0,8,0,0,0,0,2,1,6,1,45,7,1343,1,13,-1,1
2014521402436,3,9,0,18,0,1,0,0,0,0,1,1,6,1,28,6,1995,2,4,-1,1
2014521402437,1,1,0,15,0,8,0,0,0,0,1,1,6,1,48,8,-1,-1,-1,6,1
2014521402437,2,9,0,9,0,5,0,0,0,0,4,1,6,1,24,5,1598,1,8,-1,1
2014521402438,1,9,0,6,0,8,0,0,0,0,1,1,6,1,54,8,-1,-1,-1,2,1
2014521402438,2,1,0,18,0,8,0,0,0,0,1,1,6,1,53,8,-1,-1,-1,1,1
2014521402440,1,9,0,9,0,5,0,0,0,0,3,1,6,1,29,6,-1,-1,-1,4,1
2014521402440,2,4,0,13,0,8,0,0,0,0,4,1,6,1,19,4,125,1,1,2,1
2014521402441,1,9,0,18,0,0,0,0,4,6,3,1,6,1,33,6,1398,1,1,3,1
2014521402443,1,9,0,18,0,8,0,0,0,0,4,1,6,1,41,7,1390,1,14,1,1
2014521402443,2,9,0,12,0,8,0,0,0,0,3,1,6,1,41,7,1753,2,13,7,2
2014521402456,1,9,0,18,0,1,0,0,0,0,1,1,6,2,-1,-1,1598,1,1,10,1
2014521402456,2,9,0,3,0,1,0,0,0,0,2,1,6,1,33,6,2698,2,8,-1,1
2014521402460,1,1,0,18,2,8,0,0,0,0,1,1,6,1,34,6,-1,-1,-1,-1,-1
2014521402460,2,9,0,9,0,5,0,0,0,0,0,1,6,2,25,5,1240,1,9,4,1
2014521402466,1,1,0,18,0,0,0,4,0,0,1,1,6,1,22,5,-1,-1,-1,5,1
2014521402466,2,9,0,1,0,0,0,0,0,0,2,1,6,1,35,6,-1,-1,-1,-1,-1
2014521402474,1,9,0,5,0,4,0,0,0,0,2,1,6,2,21,5,1388,1,9,-1,1
2014521402474,2,9,0,7,0,4,0,0,0,0,1,1,6,1,-1,-1,2198,1,9,-1,-1
2014521402479,1,9,0,3,0,8,0,0,0,0,3,1,6,1,45,7,2685,2,10,7,1
2014521402479,2,9,0,5,0,8,0,0,0,0,4,1,1,1,65,9,1999,1,3,-1,-1
2014521402480,1,1,0,18,0,8,0,0,0,0,1,1,1,1,27,6,-1,-1,-1,4,1
2014521402480,2,9,0,1,0,6,0,0,0,0,4,1,6,2,20,4,1390,1,14,-1,-1
2014521402497,1,9,0,5,0,6,0,0,0,0,1,1,6,1,71,10,1910,2,7,5,1
2014521402497,2,9,0,18,0,8,0,0,0,0,4,1,6,1,27,6,1798,1,8,4,1
2014521402498,1,9,0,7,0,6,0,0,0,0,1,1,2,2,21,5,1398,1,4,6,1
2014521402498,2,1,0,18,0,8,0,0,0,0,4,1,2,1,66,10,-1,-1,-1,7,1
2014521402499,1,9,0,18,0,2,0,0,0,0,1,1,6,2,18,4,1199,1,12,8,1
2014521402505,1,1,0,18,0,0,0,0,0,0,3,1,6,1,40,7,-1,-1,-1,5,1
2014521402505,2,11,0,13,0,0,0,0,0,0,4,1,6,3,30,6,-1,-1,-1,4,1
2014521402526,1,9,0,18,0,8,0,0,0,0,3,1,6,1,66,10,1598,1,4,10,1
2014521402526,2,97,0,18,0,6,0,0,0,0,1,1,6,1,16,4,49,1,1,7,1
2014521402527,1,9,0,18,0,8,0,0,0,0,4,1,6,2,42,7,1679,1,15,5,1
2014521402527,2,9,0,5,0,6,0,0,0,0,2,1,6,1,60,9,1124,1,17,8,1
2014521402529,1,9,0,2,0,2,0,0,0,0,4,1,6,2,29,6,999,1,4,4,1
2014521402529,2,9,0,7,0,5,0,4,0,0,1,1,6,2,20,4,1339,1,12,-1,3
2014521402551,1,11,0,3,0,8,0,0,0,0,0,1,1,1,38,7,-1,-1,-1,-1,-1
2014521402578,1,1,0,18,0,0,0,0,0,0,3,1,2,1,22,5,-1,-1,-1,6,1
2014521402578,2,19,0,13,0,0,0,0,0,0,4,1,6,3,-1,-1,-1,-1,-1,-1,-1
2014521402582,1,8,0,5,0,1,0,0,0,0,1,1,1,2,61,9,1595,1,13,6,1
2014521402587,1,9,0,2,0,0,0,0,0,0,2,1,6,3,-1,-1,1242,1,7,-1,-1
2014521402587,2,9,0,2,0,0,0,0,0,0,1,1,6,3,-1,-1,1389,1,16,-1,-1
2014521402587,3,9,0,18,0,0,0,4,0,0,1,1,6,2,61,9,1240,1,4,5,1
2014521402606,1,9,0,1,0,0,0,0,0,0,4,1,6,2,39,7,999,1,5,1,1
2014521402606,2,9,0,18,0,0,0,0,0,0,1,1,6,2,49,8,1896,2,9,9,1
2014521402608,1,9,0,18,0,8,0,0,0,0,1,1,3,1,53,8,1796,1,7,9,2
2014521402608,2,9,0,18,0,1,0,0,0,0,3,1,6,2,47,8,1590,1,17,9,3
2014521402611,1,9,0,7,0,6,0,0,0,0,1,1,6,2,55,8,1900,2,9,3,1
2014521402611,2,9,0,2,0,2,0,0,0,0,2,1,6,3,-1,-1,1997,2,9,-1,-1
2014521402633,1,9,0,18,0,0,0,0,0,0,1,1,6,2,56,9,1360,1,15,6,1
2014521402633,2,9,0,3,0,0,0,0,0,0,2,1,6,1,34,6,1896,2,12,3,1
2014521402636,1,19,0,9,0,4,0,0,0,0,1,1,1,1,26,6,1753,2,11,7,1
2014521402636,2,1,0,18,0,8,0,0,0,0,4,1,6,1,36,7,-1,-1,-1,9,3
2014521402659,1,9,0,1,0,2,0,0,0,0,2,1,6,1,60,9,1339,1,7,10,1
2014521402665,1,9,0,3,0,8,0,0,0,0,2,1,6,2,26,6,1364,1,7,3,1
2014521402665,2,9,0,18,0,8,1,0,0,0,1,1,6,1,19,4,1108,1,19,-1,3
2014521402687,1,9,0,18,0,0,0,0,0,0,4,1,2,1,30,6,1596,1,4,8,1
2014521402689,1,9,0,18,0,0,0,0,0,0,4,1,6,1,42,7,1598,1,10,10,1
2014521402691,1,9,0,3,0,0,0,0,0,0,2,1,6,1,28,6,1968,2,2,8,3
2014521402691,2,9,0,4,0,0,0,0,0,0,2,1,6,1,25,5,1390,1,8,4,1
2014521402691,3,9,0,18,0,0,0,0,0,0,1,1,6,1,30,6,-1,-1,-1,10,1
2014521402693,1,9,0,18,0,0,0,0,1,11,3,1,6,1,58,9,791,1,-1,10,1
2014521402693,2,9,0,2,0,0,0,0,0,0,1,1,6,3,-1,-1,1598,1,10,-1,-1
2014521402723,1,9,0,12,0,2,0,0,0,0,2,1,2,2,24,5,1796,1,8,4,1
2014521402723,2,8,0,18,0,2,0,0,0,0,2,1,1,3,35,6,2902,2,9,2,1
2014521402728,1,1,0,3,0,5,0,0,0,0,1,1,6,2,49,8,-1,-1,-1,2,1
2014521402728,2,5,0,13,0,1,0,0,0,0,1,1,6,1,50,8,599,1,17,9,1
2014521402730,1,9,0,11,0,0,0,0,0,0,4,1,6,2,61,9,998,1,12,8,1
2014521402730,2,3,0,15,0,0,0,0,0,0,3,1,6,1,52,8,1000,1,15,6,1
2014521402730,3,9,0,18,0,0,0,0,0,0,2,1,6,2,39,7,1388,1,10,8,1
2014521402732,1,9,0,18,0,0,0,0,0,0,1,1,6,1,18,4,1364,1,9,8,1
2014521402737,1,9,0,18,0,4,0,0,0,0,1,1,6,2,56,9,659,1,6,4,1
2014521402737,2,2,0,3,0,4,0,0,0,0,2,1,6,1,59,9,125,1,4,3,1
2014521402740,1,9,0,4,0,0,1,0,0,0,1,1,6,2,21,5,1149,1,10,4,1
2014521402740,2,9,0,3,0,0,0,0,0,0,2,1,6,2,19,4,1299,1,13,8,1
2014521402740,3,9,0,3,0,0,0,0,0,0,2,1,6,2,26,6,1242,1,7,7,1
2014521402740,4,9,0,3,0,0,0,0,0,0,2,1,6,2,49,8,2400,2,4,9,3
2014521402755,1,19,0,18,0,1,0,0,0,0,1,1,1,1,-1,-1,6870,2,5,-1,2
2014521402755,2,19,0,3,0,1,0,0,0,0,2,1,1,1,31,6,2198,2,1,-1,1
2014521402756,1,9,0,7,0,6,0,0,0,0,1,1,6,2,20,4,1299,1,16,7,2
2014521402756,2,1,0,17,4,8,0,0,0,0,1,1,6,1,47,8,-1,-1,-1,10,1
2014521402757,1,9,0,18,0,0,0,0,0,0,3,1,6,1,63,9,1968,2,4,10,1
2014521402757,2,9,0,18,0,0,0,0,0,0,3,1,6,1,71,10,2231,2,7,10,1
2014521402759,1,9,0,18,0,4,0,0,0,0,4,1,6,2,25,5,1587,1,12,9,1
2014521402759,2,21,1,12,0,4,0,0,0,0,1,1,1,1,48,8,2998,2,1,-1,-1
2014521402774,1,1,0,18,2,8,0,0,0,0,3,1,6,1,37,7,-1,-1,-1,7,1
2014521402774,2,9,0,7,0,5,0,0,0,0,4,1,6,3,-1,-1,-1,-1,-1,-1,-1
2014521402777,1,9,0,18,0,8,5,0,7,0,1,1,6,1,16,4,1896,2,13,8,2
2014521402780,1,9,0,5,0,0,0,0,0,0,1,1,6,1,22,5,-1,-1,-1,4,1
2014521402780,2,1,0,5,0,0,0,0,0,0,2,1,6,2,49,8,-1,-1,-1,9,1
2014521402796,1,9,0,18,0,8,0,0,0,0,1,1,6,1,47,8,1598,1,12,9,1
2014521402796,2,9,0,7,0,6,0,0,0,0,2,1,6,3,-1,-1,-1,-1,-1,-1,-1
2014521402824,1,9,0,16,0,0,2,10,7,11,1,1,6,1,22,5,1796,1,15,5,1
2014521402827,1,9,0,7,0,5,0,0,0,0,2,1,6,1,74,10,1368,1,7,5,1
2014521402827,2,9,0,18,0,8,0,0,0,0,1,1,6,2,25,5,-1,-1,-1,-1,1
2014521402827,3,9,0,2,0,2,0,0,0,0,0,1,6,2,51,8,1896,2,17,8,3
2014521402828,1,1,0,18,2,8,0,0,0,0,1,1,6,1,24,5,-1,-1,-1,5,1
2014521402828,2,9,0,9,0,5,0,0,0,0,1,1,6,2,65,9,-1,-1,-1,-1,-1
2014521402829,1,9,0,18,0,0,0,0,0,0,4,1,6,1,20,4,1590,1,10,3,1
2014521402835,1,9,0,3,0,1,0,0,0,0,2,1,6,2,35,6,1598,1,10,-1,1
2014521402835,2,9,0,18,0,1,0,0,0,0,1,1,6,2,25,5,1598,1,13,8,1
2014521402836,1,9,0,18,0,8,0,0,0,0,1,1,6,1,59,9,1800,1,15,-1,1
2014521402836,2,9,0,9,0,8,0,0,0,0,1,1,6,2,37,7,1796,1,12,8,1
2014521402840,1,9,0,18,0,8,0,0,0,0,3,1,6,1,49,8,-1,-1,-1,9,3
2014521402840,2,9,0,3,0,8,0,0,0,0,0,1,6,1,54,8,1240,1,11,7,1
2014521402841,1,9,0,7,0,0,0,0,0,0,4,1,6,1,58,9,1968,2,5,-1,-1
2014521402841,2,1,0,15,0,0,0,0,0,0,1,1,6,2,30,6,-1,-1,-1,9,1
2014521402843,1,9,0,18,0,0,0,0,0,0,1,1,6,1,63,9,2400,2,1,8,2
2014521402843,2,9,0,18,0,0,0,0,0,0,1,1,6,1,19,4,-1,-1,-1,7,1
2014521402843,3,9,0,18,0,0,0,0,7,0,1,1,6,2,42,7,1798,1,6,10,1
2014521402847,1,9,0,9,0,6,0,0,0,0,4,1,1,1,57,9,-1,-1,-1,3,1
2014521402847,2,9,0,18,0,8,0,0,0,0,1,1,6,1,26,6,1896,2,8,5,1
2014521402849,1,9,0,16,0,0,5,0,7,0,3,1,6,2,22,5,1299,1,12,6,1
2014521402851,1,9,0,18,0,0,1,0,0,0,1,1,6,1,23,5,2499,1,8,8,3
2014521402851,2,9,0,18,0,0,0,0,0,0,1,1,6,2,49,8,1968,2,1,7,1
2014521402852,1,8,0,18,0,0,1,0,7,10,1,1,1,1,28,6,1910,2,8,10,1
2014521402870,1,9,0,18,0,0,0,4,0,0,3,1,6,2,24,5,1997,2,13,2,1
2014521402870,2,9,0,2,0,0,0,0,0,0,1,1,6,3,-1,-1,1596,1,9,-1,-1
2014521402883,1,9,0,1,9,0,0,0,0,0,2,1,6,2,43,7,1968,2,2,7,1
2014521402886,1,9,0,18,0,8,0,0,0,0,1,1,6,1,24,5,-1,-1,-1,10,2
2014521402891,1,9,0,18,0,0,0,0,0,0,4,1,6,3,-1,-1,-1,-1,-1,-1,-1
2014521402893,1,9,0,9,0,8,0,0,0,0,1,1,6,2,50,8,2401,2,10,9,2
2014521402893,2,9,0,18,0,8,0,0,0,0,3,1,6,1,44,7,-1,-1,-1,10,1
2014521402896,1,9,0,18,0,0,0,0,0,0,3,1,6,2,48,8,1870,2,9,8,1
2014521402897,1,19,0,9,0,5,0,0,0,0,4,1,6,1,48,8,2402,2,13,4,1
2014521402897,2,4,0,18,2,8,0,0,0,0,1,1,6,1,26,6,498,1,24,3,1
2014521402898,1,9,0,3,0,1,0,0,0,0,2,1,3,2,49,8,1870,2,8,6,1
2014521402898,2,9,0,5,0,1,0,0,0,0,1,1,3,2,48,8,1900,2,15,6,1
2014521402900,1,9,0,18,0,2,0,0,0,2,1,1,6,1,55,8,1998,1,12,1,1
2014521402902,1,9,0,18,0,8,0,0,0,0,3,1,6,2,19,4,-1,-1,-1,2,1
2014521402902,2,9,0,9,0,6,0,0,0,0,1,1,6,1,17,4,1124,1,13,3,1
2014521402905,1,9,0,7,0,6,0,0,0,0,1,1,6,2,18,4,998,1,13,6,1
2014521402905,2,2,0,18,2,8,0,0,0,0,1,1,6,1,27,6,125,1,2,7,1
2014521402905,3,9,0,18,0,2,0,0,0,0,2,1,6,1,50,8,-1,-1,-1,2,1
2014521402917,1,9,0,18,0,8,1,0,1,1,3,1,6,1,30,6,-1,-1,-1,9,1
2014521402918,1,9,0,5,0,1,0,0,0,0,1,1,6,2,47,8,1598,1,4,7,1
2014521402919,1,9,0,1,0,0,0,4,0,0,4,1,6,1,25,5,1360,1,13,2,1
2014521402919,2,9,0,2,0,0,0,0,0,0,1,1,6,3,-1,-1,-1,-1,-1,-1,-1
2014521402920,1,9,0,17,0,8,0,0,0,0,4,1,6,1,22,5,-1,-1,-1,7,1
2014521402920,2,9,0,5,0,4,0,0,0,0,1,1,6,2,35,6,1896,2,8,10,1
2014521402921,1,9,0,2,0,0,0,0,0,0,3,1,6,1,30,6,1896,2,5,1,1
2014521402921,2,3,0,11,0,0,0,4,0,0,1,1,6,1,27,6,109,1,1,-1,1
2014521402922,1,1,0,18,0,0,0,0,0,0,3,1,6,1,40,7,-1,-1,-1,3,1
2014521402922,2,19,0,13,0,0,0,0,0,0,4,1,1,1,50,8,2402,2,6,7,1
2014521402923,1,9,4,18,0,0,1,0,1,0,1,1,1,1,46,8,-1,-1,-1,9,3
2014521402923,2,9,0,18,0,0,0,0,0,0,3,1,6,2,56,9,-1,-1,-1,8,3
2014521402924,1,9,0,18,0,0,0,0,0,0,1,1,6,2,18,4,1240,1,9,2,1
2014521402924,2,1,0,5,0,0,0,0,0,0,3,1,6,1,15,3,-1,-1,-1,1,1
2014521402927,1,9,0,9,0,6,0,0,0,0,3,1,6,2,62,9,1246,1,6,6,3
2014521402927,2,9,0,18,0,8,0,0,0,0,1,1,6,2,51,8,1299,1,13,3,1
2014521402929,1,9,0,14,0,0,0,0,0,0,3,1,6,2,51,8,1999,1,8,8,1
2014521402929,2,4,0,13,0,0,0,0,0,0,4,1,1,1,38,7,1170,1,1,7,1
2014521402930,1,9,0,18,0,8,0,0,0,0,1,1,6,2,81,11,796,1,12,7,1
2014521402930,2,9,0,4,0,8,0,0,0,0,4,1,6,1,58,9,-1,-1,-1,7,3
2014521402932,1,1,0,18,0,0,0,0,0,0,3,1,6,2,59,9,-1,-1,-1,7,1
2014521402932,2,9,0,18,0,0,0,0,0,0,4,1,6,3,-1,-1,-1,-1,-1,-1,-1
2014521402932,3,1,0,18,0,0,0,0,0,0,1,1,6,1,62,9,-1,-1,-1,7,1
2014521402936,1,9,0,18,0,0,0,0,0,0,1,1,6,1,57,9,-1,-1,-1,5,1
2014521402936,2,9,0,18,0,0,0,0,0,0,1,1,6,1,69,10,2835,2,20,-1,3
2014521402940,1,9,0,3,0,8,0,0,0,0,2,1,6,2,26,6,1124,1,8,2,1
2014521402940,2,9,0,17,0,8,0,0,0,0,1,1,6,1,25,5,1796,1,6,-1,-1
2014521402941,1,9,0,18,0,8,0,0,0,0,1,1,6,1,72,10,1598,1,12,2,1
2014521402941,2,9,0,9,0,8,0,0,0,0,4,1,6,1,17,4,1124,1,13,8,3
2014521402944,1,9,0,2,0,2,0,0,0,0,3,1,6,2,47,8,-1,-1,-1,8,1
2014521402944,2,1,0,18,0,8,0,8,0,0,1,1,6,1,41,7,-1,-1,-1,9,1
2014521402947,1,9,0,18,0,0,0,0,0,0,1,1,6,2,24,5,1242,1,16,6,1
2014521402947,2,9,0,2,0,0,0,0,0,0,0,1,6,2,37,7,1596,1,10,9,2
2014521402947,3,19,0,2,0,0,0,0,0,0,0,1,6,1,54,8,4580,2,1,10,1
2014521402949,1,5,0,16,0,8,1,0,0,0,1,1,6,1,65,9,599,1,12,9,1
2014521402949,2,11,0,17,0,8,0,0,0,0,3,1,6,1,66,10,9400,2,9,2,1
2014521402952,1,9,0,18,0,8,0,0,0,0,1,1,6,1,47,8,2204,2,7,5,1
2014521402954,1,9,0,18,0,1,0,0,0,0,1,1,6,1,23,5,1999,1,9,-1,-1
2014521402957,1,9,0,9,0,6,0,0,0,0,1,1,6,1,17,4,1796,1,15,4,1
2014521402959,1,9,0,1,0,8,0,0,0,0,2,1,6,1,75,10,2295,1,15,2,1
2014521402963,1,9,0,18,0,8,0,4,0,10,3,1,6,1,24,5,1200,1,1,-1,1
2014521402963,2,9,0,9,0,6,0,0,0,0,0,1,6,3,-1,-1,-1,-1,-1,-1,-1
2014521402963,3,9,0,2,0,2,0,0,0,0,4,1,6,1,51,8,2099,1,12,2,1
2014521402964,1,9,0,9,0,5,0,0,0,0,1,1,6,1,38,7,1896,2,10,4,1
2014521402964,2,9,0,18,0,8,0,0,0,0,3,1,1,1,46,8,1398,1,2,8,3
2014521402965,1,1,0,18,0,8,0,0,0,0,1,1,6,2,19,4,-1,-1,-1,4,1
2014521402965,2,8,0,5,2,8,0,0,0,0,3,1,1,1,44,7,2664,2,15,2,1
2014521402966,1,9,0,3,0,1,0,0,0,0,2,1,1,2,25,5,1242,1,7,10,1
2014521402966,2,9,0,4,0,1,0,0,0,0,1,1,6,1,-1,-1,1560,2,5,-1,2
2014521402969,1,9,0,2,0,0,0,0,0,0,3,1,6,1,73,10,2148,2,11,3,1
2014521402969,2,1,0,18,0,0,0,0,0,0,4,1,6,2,57,9,-1,-1,-1,4,1
2014521402970,1,9,0,5,0,0,0,0,0,0,1,1,6,2,-1,-1,-1,-1,-1,-1,-1
2014521402972,1,9,0,18,0,8,0,0,0,0,1,1,6,2,58,9,1598,1,10,9,1
2014521402973,1,9,0,9,0,6,0,0,0,0,3,1,6,1,53,8,1560,2,1,-1,3
2014521402973,2,1,0,14,0,8,0,0,0,0,1,1,6,1,19,4,-1,-1,-1,2,1
2014521402974,1,9,0,5,0,6,0,0,0,0,1,1,6,1,57,9,1968,2,2,9,1
2014521402974,2,1,0,16,0,8,0,0,0,0,1,1,2,1,28,6,-1,-1,-1,-1,3
2014521402976,1,9,0,12,0,2,0,0,0,0,3,1,6,2,33,6,1124,1,8,-1,3
2014521402976,2,4,0,18,0,2,0,0,0,0,4,1,6,1,37,7,599,1,16,4,1
2014521402978,1,9,0,17,0,8,0,0,0,0,4,1,6,1,43,7,1598,2,4,8,1
2014521402978,2,1,0,7,0,6,0,0,0,0,1,1,4,2,17,4,-1,-1,-1,1,1
2014521402983,1,3,0,4,0,4,0,0,0,0,2,1,6,1,37,7,125,1,12,1,1
2014521402983,2,9,0,7,0,4,0,0,0,0,1,1,6,1,50,8,-1,-1,-1,6,1
2014521402987,1,11,0,4,2,0,0,0,0,0,4,1,6,3,-1,-1,-1,-1,-1,-1,-1
2014521402987,2,1,0,18,0,0,0,0,0,0,1,1,6,1,15,3,-1,-1,-1,9,1
2014521402991,1,9,0,18,0,8,0,0,0,0,3,1,6,2,75,10,1360,1,11,2,1
2014521402991,2,9,0,18,0,8,0,0,0,0,1,1,6,3,-1,-1,-1,-1,-1,-1,-1
2014521402994,1,9,0,18,0,8,0,0,0,0,4,1,6,3,45,7,1968,2,1,-1,-1
2014521402998,1,8,0,18,0,0,0,0,0,0,1,1,1,1,46,8,1997,2,5,4,1
2014521402998,2,9,0,3,0,0,0,0,0,0,2,1,6,1,24,5,-1,-1,-1,-1,1
2014521403005,1,9,0,7,0,6,0,0,0,0,1,1,6,1,58,9,1956,2,4,6,1
2014521403010,1,9,0,3,0,1,0,0,0,0,2,1,6,2,48,8,-1,-1,-1,6,1
2014521403010,2,3,0,18,0,1,0,0,0,0,1,1,6,1,24,5,-1,-1,-1,4,1
2014521403015,1,9,0,3,0,8,0,0,0,0,2,1,6,2,34,6,1596,1,14,3,1
2014521403015,2,9,0,17,0,8,1,0,0,0,1,1,6,1,48,8,-1,-1,-1,1,1
2014521403017,1,9,0,9,0,5,0,0,0,0,1,1,6,1,54,8,1390,1,15,8,2
2014521403017,2,1,0,18,0,8,0,0,0,0,1,1,6,1,29,6,-1,-1,-1,5,1
2014521403027,1,9,0,16,0,8,0,0,7,10,1,1,6,1,23,5,1398,1,2,4,1
2014521403033,1,5,0,16,0,0,0,10,7,2,1,1,6,1,25,5,599,1,1,5,1
2014521403036,1,9,0,18,0,0,0,0,0,0,1,1,6,1,20,4,1597,1,13,7,1
2014521403039,1,9,0,9,0,5,0,0,0,0,1,1,6,2,27,6,1796,1,11,7,1
2014521403039,2,3,0,18,0,8,0,0,0,0,1,1,6,1,30,6,124,1,5,2,1
2014521403042,1,9,0,4,0,0,0,0,1,0,1,1,6,1,23,5,1997,2,7,6,3
2014521403042,2,9,0,4,0,0,0,0,0,0,2,1,6,2,24,5,1086,1,10,8,3
2014521403050,1,1,0,18,0,0,0,0,0,0,4,1,1,1,29,6,-1,-1,-1,2,1
2014521403050,2,9,0,12,0,0,0,0,0,0,1,1,6,1,40,7,-1,-1,-1,7,1
2014521403051,1,9,0,4,0,1,0,0,0,0,2,1,6,2,36,7,1587,1,9,2,1
2014521403051,2,9,0,4,0,1,0,0,0,0,1,1,6,1,41,7,1600,1,1,6,3
2014521403059,1,1,0,18,0,8,1,0,0,0,1,1,6,2,29,6,-1,-1,-1,5,1
2014521403059,2,9,0,9,0,5,0,0,0,0,4,1,6,3,-1,-1,-1,-1,-1,-1,-1
2014521403060,1,9,0,4,0,1,0,0,0,0,1,1,6,2,48,8,2495,2,19,7,3
2014521403060,2,9,0,4,0,4,0,0,0,0,2,1,6,2,49,8,698,1,8,9,1
2014521403067,1,9,0,18,0,2,0,0,0,0,3,1,6,2,29,6,1229,1,6,10,1
2014521403067,2,1,0,18,9,6,0,0,0,0,1,1,6,1,13,3,-1,-1,-1,6,1
2014521403069,1,9,0,4,0,8,0,0,0,0,1,1,6,1,44,7,-1,-1,-1,8,3
2014521403069,2,9,0,4,0,8,0,0,0,0,2,1,6,2,52,8,998,1,3,6,3
2014521403069,3,9,0,4,0,8,0,0,0,0,2,1,6,2,44,7,1149,1,3,9,1
2014521403069,4,9,0,9,0,8,0,0,0,0,2,1,6,2,52,8,1422,2,11,8,3
2014521403074,1,4,0,4,0,1,0,0,0,0,0,1,6,1,33,6,125,1,1,1,1
2014521403079,1,9,0,7,0,6,0,0,0,0,3,1,6,1,30,6,2148,2,8,-1,1
2014521403079,2,9,0,18,0,8,0,0,0,0,1,1,6,1,40,7,-1,-1,-1,-1,-1