Accident_Index,Vehicle_Reference,Vehicle_Type,Towing_and_Articulation,Vehicle_Manoeuvre,Vehicle_Location-Restricted_Lane,Junction_Location,Skidding_and_Overturning,Hit_Object_in_Carriageway,Vehicle_Leaving_Carriageway,Hit_Object_off_Carriageway,1st_Point_of_Impact,Was_Vehicle_Left_Hand_Drive?,Journey_Purpose_of_Driver,Sex_of_Driver,Age_of_Driver,Age_Band_of_Driver,Engine_Capacity_(CC),Propulsion_Code,Age_of_Vehicle,Driver_IMD_Decile,Driver_Home_Area_Type
2014521403756,2,1,0,18,0,8,0,0,0,0,1,1,6,1,21,5,-1,-1,-1,8,1
2014521403760,1,1,0,18,0,2,0,0,0,0,1,1,6,1,29,6,-1,-1,-1,9,1
2014521403760,2,9,0,7,0,5,0,0,0,0,2,1,6,3,-1,-1,1850,1,14,-1,-1
2014521403767,1,9,0,3,0,1,0,0,0,0,3,1,6,2,65,9,1390,1,4,9,1
2014521403767,2,1,0,14,0,1,0,8,0,0,4,1,6,1,40,7,-1,-1,-1,-1,-1
2014521403768,1,9,0,18,0,8,0,0,0,0,1,1,6,1,25,5,1390,1,5,3,1
2014521403768,2,3,0,2,0,8,0,0,0,0,2,1,6,1,58,9,-1,-1,-1,7,1
2014521403770,1,9,0,11,0,1,0,0,0,0,2,1,6,2,19,4,1124,1,13,6,3
2014521403770,2,9,0,12,0,1,0,0,0,0,1,1,6,1,29,6,-1,-1,-1,10,2
2014521403776,1,9,0,13,0,0,0,0,0,0,4,1,6,3,-1,-1,-1,-1,-1,-1,-1
2014521403776,2,1,0,18,0,0,0,0,0,0,1,1,6,1,32,6,-1,-1,-1,5,1
2014521403779,1,9,0,4,0,0,0,0,0,0,2,1,6,2,46,8,1984,1,12,7,1
2014521403779,2,9,0,4,0,0,0,0,0,0,1,1,6,1,32,6,1360,1,11,5,1
2014521403782,1,9,0,18,0,8,0,0,0,0,1,1,6,1,30,6,1598,2,2,7,1
2014521403782,2,9,0,18,0,8,0,0,0,0,4,1,6,2,41,7,1598,1,11,5,1
2014521403785,1,20,1,3,0,1,0,0,0,0,2,1,6,1,54,8,-1,-1,-1,2,1
2014521403785,2,20,1,18,0,1,0,0,0,0,1,1,6,1,28,6,6692,2,3,10,1
2014521403786,1,9,0,9,0,8,0,0,0,0,1,1,6,1,59,9,1390,1,11,10,2
2014521403786,2,9,0,18,0,8,0,0,0,0,1,1,6,1,47,8,-1,-1,-1,10,2
2014521403792,1,1,0,15,0,0,0,0,0,0,3,1,6,1,48,8,-1,-1,-1,9,1
2014521403792,2,9,0,1,7,0,0,0,0,0,2,1,6,1,45,7,1997,2,2,9,3
2014521403800,1,9,0,10,0,5,0,0,0,0,2,1,6,2,51,8,1360,1,12,3,1
2014521403800,2,9,0,5,0,8,0,0,0,0,1,1,6,3,-1,-1,-1,-1,-1,-1,-1
2014521403806,1,9,0,3,0,0,0,0,0,0,3,1,6,1,44,7,-1,-1,-1,10,1
2014521403810,1,9,0,9,0,6,0,0,0,0,1,1,6,1,25,5,1198,1,12,4,1
2014521403810,2,1,0,18,0,8,0,0,0,0,1,1,6,2,30,6,-1,-1,-1,8,1
2014521403811,1,9,0,9,0,6,0,0,0,0,1,1,1,1,56,9,-1,-1,-1,3,1
2014521403812,1,9,0,7,2,6,0,0,0,0,3,1,6,2,22,5,1248,2,10,5,1
2014521403812,2,11,0,18,2,8,0,0,0,0,1,1,1,2,35,6,-1,-1,-1,9,1
2014521403816,1,9,0,18,0,1,0,0,0,0,1,1,6,1,47,8,2967,1,13,5,1
2014521403816,2,9,0,12,0,1,0,0,0,0,3,1,6,1,41,7,999,1,2,8,3
2014521403820,1,9,0,9,0,6,0,0,0,0,4,1,6,2,22,5,1461,2,9,2,1
2014521403820,2,3,0,14,0,1,0,0,0,0,1,1,6,1,16,4,-1,-1,-1,5,1
2014521403836,1,9,0,4,0,2,0,0,0,0,2,1,6,2,43,7,1997,2,11,9,1
2014521403836,2,11,0,5,0,2,0,0,0,0,1,1,1,2,49,8,7300,2,10,3,1
2014521403838,1,9,0,3,0,0,0,0,0,0,2,1,1,2,40,7,1560,2,6,-1,-1
2014521403838,2,9,0,18,0,0,0,0,0,0,1,1,6,1,24,5,1584,1,42,7,1
2014521403848,1,9,0,18,0,1,0,0,0,0,1,1,6,2,19,4,1149,1,11,8,1
2014521403848,2,9,0,7,0,6,0,0,0,0,3,1,6,1,67,10,-1,-1,-1,8,1
2014521403852,1,9,0,5,0,0,0,0,0,0,0,1,6,1,36,7,1360,1,14,8,1
2014521403852,2,1,0,13,0,0,0,0,0,0,0,1,6,1,24,5,-1,-1,-1,-1,-1
2014521403856,1,9,0,18,0,4,0,0,0,0,1,1,6,1,72,10,-1,-1,-1,6,1
2014521403856,2,9,0,9,0,8,0,0,0,0,4,1,6,2,18,4,1124,1,17,8,1
2014521403858,1,19,0,18,0,8,0,0,0,11,2,1,6,1,42,7,-1,-1,-1,3,1
2014521403877,1,9,0,9,0,5,0,0,0,0,1,1,6,1,41,7,1598,1,10,8,1
2014521403877,2,9,0,10,0,5,0,0,0,0,2,1,6,1,51,8,1956,2,3,-1,1
2014521403884,1,2,0,18,0,8,0,0,0,0,2,1,1,1,19,4,49,1,2,2,1
2014521403884,2,9,0,18,0,6,0,0,0,0,1,1,6,3,-1,-1,-1,-1,-1,-1,-1
2014521403888,1,11,0,4,0,0,0,0,0,0,0,1,1,1,53,8,7300,2,8,2,1
2014521403889,1,9,0,18,0,3,0,0,0,0,3,1,6,2,64,9,1398,1,1,6,1
2014521403889,2,9,0,11,0,3,0,0,0,0,4,1,6,3,-1,-1,-1,-1,-1,-1,-1
2014521403896,1,9,0,18,0,6,0,0,0,0,1,1,6,2,23,5,1199,1,11,5,1
2014521403896,2,9,0,18,0,8,1,0,7,0,3,1,6,2,40,7,998,1,1,5,1
2014521403910,1,9,0,5,9,1,0,0,0,0,4,1,6,3,-1,-1,998,1,16,-1,-1
2014521403911,1,9,0,18,0,0,0,0,0,0,1,1,6,1,31,6,1796,1,13,-1,1
2014521403911,2,9,0,18,0,0,0,0,0,0,1,1,6,2,51,8,1242,1,14,2,1
2014521403916,1,9,0,5,0,0,0,0,0,0,1,1,6,2,68,10,996,1,5,9,2
2014521403917,1,1,0,17,0,0,0,4,0,0,1,1,6,1,35,6,-1,-1,-1,-1,-1
2014521403917,2,9,0,2,0,0,0,0,0,0,1,1,6,3,-1,-1,1240,1,8,-1,-1
2014521403924,1,9,0,7,0,1,0,0,0,0,1,1,6,2,-1,-1,1796,1,12,6,1
2014521403924,2,9,0,7,0,4,0,0,0,0,2,1,6,2,25,5,1248,2,9,6,1
2014521403929,1,9,0,7,0,6,0,0,0,0,1,1,6,2,31,6,1910,2,6,4,1
2014521403929,2,9,0,18,0,8,0,0,0,0,1,1,6,1,42,7,-1,-1,-1,8,1
2014521403931,1,9,0,13,0,0,1,0,7,10,1,1,6,2,18,4,1324,1,15,7,1
2014521403932,1,9,0,18,0,1,0,0,0,0,1,1,6,1,52,8,1796,1,11,8,1
2014521403936,1,9,0,18,0,1,0,0,0,0,1,1,6,1,37,7,-1,-1,-1,1,1
2014521403944,1,9,0,18,0,8,0,0,0,0,3,1,6,1,76,11,1596,1,2,4,1
2014521403944,2,1,0,18,0,6,0,0,0,0,1,1,6,1,12,3,-1,-1,-1,-1,-1
2014521403950,1,9,0,4,0,0,0,0,0,0,2,1,2,1,28,6,2171,1,12,4,1
2014521403950,2,19,0,4,0,0,0,0,0,0,2,1,2,1,28,6,1995,2,3,10,1
2014521403950,3,19,0,4,0,0,0,0,0,0,1,1,2,1,23,5,1870,2,8,-1,-1
2014521403958,1,1,0,18,0,8,0,0,0,0,1,1,6,2,34,6,-1,-1,-1,-1,1
2014521403958,2,9,0,9,0,6,0,0,0,0,0,1,6,3,-1,-1,-1,-1,-1,-1,-1
2014521403961,1,1,0,18,0,0,0,0,0,0,2,1,6,1,21,5,-1,-1,-1,-1,1
2014521403961,2,9,0,18,0,0,0,0,0,0,1,1,6,3,-1,-1,-1,-1,-1,-1,-1
2014521403989,1,9,0,9,0,5,0,0,0,0,3,1,6,1,26,6,1794,1,13,4,1
2014521403989,2,9,0,14,0,8,0,0,7,11,4,1,6,3,-1,-1,2295,1,14,-1,-1
2014521403991,1,1,0,18,0,8,0,0,0,0,1,1,6,1,41,7,-1,-1,-1,6,1
2014521403991,2,9,0,9,0,5,0,0,0,0,3,1,6,2,35,6,1248,2,7,4,1
2014521403998,1,1,0,18,0,0,0,8,0,0,4,1,6,1,24,5,-1,-1,-1,2,1
2014521403998,2,19,0,2,0,0,0,0,0,0,3,1,1,1,55,8,-1,-1,-1,-1,-1
2014521404001,1,9,0,18,0,0,0,0,0,0,1,1,6,2,40,7,1399,1,10,3,1
2014521404001,2,9,0,12,0,0,0,0,0,0,1,1,6,1,26,6,1124,1,10,1,1
2014521404013,1,2,0,5,0,8,0,0,0,0,1,1,6,1,16,4,49,1,9,5,1
2014521404013,2,9,0,13,0,8,0,0,0,0,2,1,6,3,-1,-1,-1,-1,-1,-1,-1
2014521404015,1,9,0,9,0,5,0,0,0,0,3,1,6,1,36,7,2184,2,7,2,1
2014521404016,1,9,0,4,0,0,0,0,0,0,2,1,6,2,27,6,-1,-1,-1,1,3
2014521404016,2,9,0,3,0,0,0,0,0,0,1,1,6,1,54,8,-1,-1,-1,7,3
2014521404016,3,9,0,10,0,0,0,0,0,0,2,1,6,3,-1,-1,-1,-1,-1,-1,-1
2014521404021,1,9,0,9,0,8,0,0,0,0,1,1,6,1,19,4,1199,1,12,9,1
2014521404021,2,9,0,7,0,8,0,0,0,0,1,1,6,1,20,4,1332,1,4,10,1
2014521404025,1,11,0,9,0,6,0,0,0,0,1,1,1,1,53,8,5900,2,15,2,1
2014521404025,2,9,0,18,0,8,0,0,0,0,3,1,6,1,47,8,1796,1,17,1,1
2014521404027,1,19,0,4,0,0,0,0,0,0,1,1,1,1,29,6,-1,-1,-1,7,2
2014521404027,2,9,0,18,0,0,0,0,0,0,2,1,6,1,32,6,-1,-1,-1,6,3
2014521404028,1,9,0,18,0,0,0,0,0,0,1,1,6,1,56,9,998,1,2,4,1
2014521404028,2,1,0,5,0,0,0,0,0,0,3,1,6,2,6,2,-1,-1,-1,1,1
2014521404031,1,9,0,6,0,0,0,0,0,0,4,1,6,2,42,7,2099,2,9,4,1
2014521404031,2,5,0,18,0,0,0,0,0,0,1,1,6,1,49,8,660,1,6,-1,1
2014521404032,1,9,0,1,0,8,0,0,0,0,2,1,6,2,56,9,1587,1,12,2,1
2014521404032,2,4,0,3,0,4,0,0,0,0,1,1,6,1,52,8,248,1,34,4,1
2014521404035,1,9,0,18,0,8,0,0,0,0,4,1,6,1,23,5,1560,2,6,-1,-1
2014521404035,2,1,0,18,0,6,0,0,0,0,1,1,6,2,14,3,-1,-1,-1,2,1
2014521404036,1,9,0,3,0,0,0,0,0,0,2,1,6,2,24,5,1364,1,7,6,1
2014521404036,2,9,0,3,0,0,0,0,0,0,2,1,6,1,50,8,1968,2,1,9,1
2014521404036,3,9,0,18,0,0,0,0,0,0,1,1,6,2,37,7,998,1,2,4,1
2014521404048,1,1,0,5,0,1,0,0,0,0,1,1,6,1,38,7,-1,-1,-1,7,1
2014521404048,2,9,0,9,0,5,0,0,0,0,1,1,6,2,45,7,-1,-1,-1,9,1
2014521404053,1,9,0,7,0,3,0,0,0,0,1,1,6,1,26,6,1910,2,6,-1,1
2014521404059,1,4,0,18,0,8,0,0,0,0,0,1,6,1,17,4,124,1,3,6,3
2014521404059,2,9,0,9,0,8,0,0,0,0,0,1,6,1,29,6,-1,-1,-1,5,1
2014521404065,1,9,0,18,0,0,0,0,0,0,4,1,6,1,28,6,2172,2,11,5,1
2014521404065,2,9,0,12,0,0,0,0,0,0,3,1,6,3,40,7,1242,1,11,-1,-1
2014521404066,1,9,0,17,0,0,0,0,0,0,3,1,6,1,27,6,1896,2,6,5,1
2014521404066,2,9,0,16,0,0,0,0,0,0,1,1,6,1,40,7,-1,-1,-1,8,1
2014521404068,1,9,0,4,0,0,0,0,0,0,1,1,6,1,45,7,1364,1,4,1,1
2014521404068,2,9,0,4,0,0,0,0,0,0,3,1,6,1,28,6,1998,1,10,2,1
2014521404068,3,9,0,4,0,0,0,0,0,0,2,1,6,1,56,9,1598,1,8,10,1
2014521404068,4,9,0,4,0,0,0,0,0,0,3,1,6,1,67,10,2143,2,4,7,3
2014521404072,1,9,0,6,0,8,0,0,0,0,3,1,6,2,34,6,3200,2,13,7,3
2014521404072,2,9,0,18,0,8,0,0,0,0,1,1,6,1,22,5,2000,2,10,9,1
2014521404082,1,9,0,18,0,0,0,0,0,0,3,1,6,2,74,10,1248,2,5,6,1
2014521404082,2,9,0,18,0,0,0,0,0,0,3,1,6,1,26,6,1596,1,14,-1,-1
2014521404086,1,9,0,11,0,0,1,11,0,6,1,1,6,1,34,6,1995,2,9,1,1
2014521404086,2,19,0,3,0,0,0,0,0,0,0,1,1,3,35,6,-1,-1,-1,-1,-1
2014521404101,1,9,0,18,0,8,0,0,0,0,1,1,6,2,27,6,-1,-1,-1,4,1
2014521404101,2,9,0,17,0,8,1,0,0,0,4,1,6,1,34,6,1910,2,9,1,1
2014521404104,1,9,0,18,0,0,0,0,0,0,1,1,6,2,30,6,1598,2,3,9,2
2014521404104,2,9,0,18,0,0,0,0,0,0,1,1,6,2,63,9,1598,1,14,6,3
2014521404105,1,9,0,12,0,0,0,0,0,0,1,1,6,3,-1,-1,-1,-1,-1,-1,-1
2014521404105,2,5,0,18,0,0,0,0,0,0,2,1,6,1,70,10,645,1,12,3,1
2014521404108,1,1,0,18,0,0,0,0,0,0,1,1,6,1,17,4,-1,-1,-1,-1,-1
2014521404108,2,9,0,18,0,0,0,0,0,0,4,1,6,1,18,4,-1,-1,-1,-1,-1
2014521404110,1,9,0,4,0,0,0,0,0,0,1,1,6,2,19,4,-1,-1,-1,3,1
2014521404110,2,9,0,3,0,0,0,0,0,0,2,1,6,1,23,5,999,1,2,7,3
2014521404112,1,8,0,5,0,2,0,0,0,0,4,1,6,1,33,6,1798,1,3,2,1
2014521404116,1,9,0,3,0,0,0,0,0,0,2,1,6,1,56,9,1997,2,10,8,1
2014521404116,2,9,0,18,0,0,0,0,0,0,1,1,6,3,-1,-1,1995,2,9,-1,-1
2014521404118,1,1,0,12,0,0,0,0,0,0,3,1,6,1,14,3,-1,-1,-1,3,1
2014521404118,2,8,0,18,0,0,0,0,0,0,3,1,6,1,45,7,-1,-1,-1,-1,-1
2014521404133,1,9,0,7,0,5,0,0,0,0,4,1,6,2,32,6,1998,1,10,5,1
2014521404133,2,1,0,15,0,8,0,0,0,0,3,1,6,1,42,7,-1,-1,-1,10,1
2014521404140,1,9,0,18,0,8,0,0,0,0,1,1,6,1,56,9,1598,2,-1,4,1
2014521404140,2,97,0,18,0,8,0,0,0,0,1,1,6,1,33,6,108,1,1,4,1
2014521404140,3,9,0,18,0,8,0,0,0,0,1,1,6,1,41,7,2393,1,11,10,1
2014521404147,1,4,0,16,0,2,0,0,0,0,1,1,6,2,22,5,-1,-1,-1,-1,-1
2014521404147,2,9,0,17,0,1,0,0,0,0,1,1,6,1,41,7,1332,1,19,7,3
2014521404150,1,9,0,9,0,5,0,0,0,0,4,1,6,1,76,11,1598,1,5,10,1
2014521404150,2,9,0,18,0,8,0,0,0,0,1,1,6,2,70,10,1997,1,13,2,1
2014521404151,1,19,0,7,0,6,0,0,0,0,4,1,6,3,-1,-1,-1,-1,-1,-1,-1
2014521404155,1,9,0,3,0,3,0,0,0,0,2,1,6,1,65,9,1560,2,4,-1,1
2014521404155,2,9,0,18,0,3,0,0,0,0,1,1,6,3,-1,-1,-1,-1,-1,-1,-1
2014521404159,1,9,0,18,0,1,0,0,0,0,1,1,6,1,33,6,1998,1,13,5,1
2014521404159,2,9,0,3,0,1,0,0,0,0,2,1,6,2,49,8,1598,1,4,10,1
2014521404159,3,9,0,3,0,1,0,0,0,0,2,1,6,1,71,10,1995,2,9,9,1
2014521404171,1,9,0,5,0,4,0,0,0,0,1,1,6,1,52,8,1598,1,12,8,1
2014521404171,2,1,0,9,0,8,0,0,0,0,4,1,6,1,56,9,-1,-1,-1,8,1
2014521404178,1,9,0,18,0,8,0,0,0,0,1,1,6,2,65,9,1339,1,6,10,3
2014521404178,2,9,0,18,0,6,0,0,0,0,4,1,6,1,60,9,-1,-1,-1,-1,-1
2014521404205,1,9,0,7,7,5,0,0,0,0,1,1,6,2,45,7,-1,-1,-1,-1,-1
2014521404209,1,9,0,3,0,1,0,0,0,0,2,1,6,1,45,7,-1,-1,-1,7,3
2014521404209,2,9,0,18,0,1,0,0,0,0,1,1,6,1,28,6,170,1,9,3,1
2014521404210,1,9,0,18,0,1,0,0,0,0,1,1,6,2,56,9,-1,-1,-1,6,3
2014521404210,2,1,0,18,0,6,0,0,0,0,1,1,6,1,25,5,-1,-1,-1,-1,-1
2014521404221,1,9,0,18,0,0,0,0,0,0,3,1,6,1,83,11,2987,2,6,9,3
2014521404221,2,21,0,18,0,0,0,0,0,0,4,1,1,1,52,8,10518,2,3,-1,1
2014521404225,1,9,0,9,0,6,0,0,1,10,1,1,6,1,85,11,1598,1,12,5,1
2014521404225,2,9,0,18,0,8,0,0,0,0,1,1,6,1,66,10,1198,1,8,9,1
2014521404227,1,1,0,4,0,1,0,0,0,0,1,1,2,1,19,4,-1,-1,-1,3,1
2014521404227,2,9,0,10,0,1,0,0,0,0,2,1,6,1,45,7,-1,-1,-1,-1,-1
2014521404233,1,22,0,18,9,0,0,0,0,0,1,1,6,3,-1,-1,-1,-1,-1,-1,-1
2014521404240,1,4,0,18,0,0,0,0,0,0,3,1,6,1,45,7,599,1,15,9,2
2014521404240,2,9,0,11,0,0,0,0,0,0,4,1,6,1,26,6,1461,2,5,10,3
2014521404247,1,9,0,18,0,8,0,0,0,0,1,1,6,1,53,8,1995,1,13,4,1
2014521404247,2,9,0,17,0,8,0,0,0,0,1,1,6,1,22,5,2198,1,10,2,1
2014521404252,1,9,0,7,0,6,0,0,0,2,1,1,6,2,42,7,1240,1,10,-1,1
2014521404253,1,9,0,18,0,0,0,0,0,0,1,1,6,2,38,7,1299,1,9,-1,1
2014521404253,2,9,0,2,0,0,0,0,0,0,2,1,6,2,46,8,1560,2,6,5,1
2014521404253,3,9,0,2,0,0,0,0,0,0,1,1,6,3,-1,-1,-1,-1,-1,-1,-1
2014521404256,1,1,0,18,0,8,0,0,0,0,0,1,6,1,31,6,-1,-1,-1,10,2
2014521404256,2,9,0,7,0,6,0,0,0,0,0,1,6,1,57,9,1587,1,11,8,1
2014521404258,1,9,0,18,0,8,0,0,0,0,1,1,6,1,22,5,1995,2,5,8,3
2014521404258,2,1,0,18,0,6,0,0,0,0,1,1,6,1,19,4,-1,-1,-1,1,1
2014521404262,1,9,0,6,0,0,0,0,0,0,3,1,2,1,39,7,2993,2,4,-1,1
2014521404262,2,5,0,14,0,0,0,0,7,3,1,1,2,1,56,9,599,1,17,5,1
2014521404267,1,9,0,7,0,8,5,4,0,0,4,1,6,1,28,6,1587,1,10,3,1
2014521404267,2,9,0,18,0,8,0,0,0,0,0,1,1,1,52,8,1997,2,4,-1,-1
2014521404267,3,9,0,2,0,1,0,0,0,0,3,1,6,3,-1,-1,-1,-1,-1,-1,-1
2014521404267,4,9,0,2,0,1,0,0,0,0,3,1,6,3,-1,-1,1388,1,11,-1,-1
2014521404267,5,19,0,2,0,1,0,0,0,0,4,1,6,3,-1,-1,2198,2,2,-1,-1
2014521404267,6,9,0,2,0,1,0,0,0,0,3,1,6,3,-1,-1,1364,1,8,-1,-1
2014521404272,1,9,0,18,0,1,0,0,0,0,4,1,6,2,32,6,-1,-1,-1,1,1
2014521404272,2,1,0,12,0,1,0,0,0,0,3,1,6,1,18,4,-1,-1,-1,1,1
2014521404276,1,5,0,18,0,8,0,0,0,0,3,1,2,1,31,6,645,1,7,1,1
2014521404276,2,1,0,9,0,6,0,0,0,0,4,1,6,1,88,11,-1,-1,-1,3,1
2014521404292,1,1,0,18,4,8,0,0,0,0,1,1,6,2,21,5,-1,-1,-1,-1,1
2014521404292,2,9,0,9,0,5,0,0,0,0,1,1,6,3,35,6,-1,-1,-1,-1,-1
2014521404297,1,9,0,2,0,0,0,0,0,0,3,1,6,1,71,10,1598,1,8,9,1
2014521404297,2,9,0,2,0,0,0,0,0,0,3,1,6,1,50,8,-1,-1,-1,9,1
2014521404297,3,2,0,18,0,0,0,4,0,0,1,1,6,1,17,4,49,1,3,9,1
2014521404308,1,9,0,7,0,4,0,0,0,0,3,1,6,1,53,8,1686,2,5,7,1
2014521404308,2,1,0,18,0,8,0,0,0,0,2,1,6,1,41,7,-1,-1,-1,2,1
2014521404315,1,9,0,18,0,1,0,0,0,0,4,1,6,2,23,5,1299,1,7,9,2
2014521404315,2,9,0,9,0,6,0,0,0,0,3,2,6,1,49,8,-1,-1,-1,-1,-1
2014521404330,1,9,0,7,0,4,5,7,0,0,3,1,6,1,18,4,1360,1,14,3,1
2014521404331,1,1,0,18,0,8,0,0,0,0,1,1,2,1,17,4,-1,-1,-1,3,1
2014521404331,2,9,0,9,0,6,0,0,0,0,1,1,6,1,25,5,-1,-1,-1,-1,-1
2014521404332,1,5,0,13,0,1,0,0,7,0,4,1,6,1,38,7,748,1,13,7,2
2014521404332,2,19,0,12,0,1,0,0,0,0,3,2,6,1,28,6,-1,-1,-1,3,3
2014521404337,1,9,0,11,0,8,0,0,0,0,4,1,6,1,78,11,1299,1,13,3,1
2014521404337,2,11,0,18,0,8,0,0,0,0,1,1,6,1,47,8,9360,2,7,1,1
2014521404338,1,9,0,9,0,6,0,0,0,0,4,1,6,1,73,10,1598,1,4,-1,3
2014521404338,2,3,0,9,0,6,0,0,0,0,1,1,6,1,17,4,124,1,4,10,1
2014521404344,1,5,0,18,0,0,0,0,0,0,2,1,6,1,43,7,652,1,23,-1,1
2014521404344,2,9,0,18,0,0,0,0,0,0,1,1,6,1,22,5,999,1,1,1,1
2014521404346,1,9,0,18,0,8,0,0,0,0,3,1,6,1,42,7,1956,2,4,10,1
2014521404346,2,9,0,2,0,2,0,0,0,0,1,1,6,3,-1,-1,-1,-1,-1,-1,-1
2014521404346,3,9,0,7,0,6,0,0,0,0,3,1,6,3,-1,-1,-1,-1,-1,-1,-1
2014521404349,1,9,0,18,0,6,0,0,0,0,1,1,6,1,79,11,-1,-1,-1,8,1
2014521404349,2,9,0,2,0,1,0,0,0,0,3,1,6,3,-1,-1,1399,1,8,-1,-1
2014521404352,1,1,0,18,0,8,0,0,0,0,1,1,6,1,56,9,-1,-1,-1,4,1
2014521404352,2,9,0,7,0,6,0,0,0,0,1,1,6,1,53,8,1896,2,7,7,1
2014521404356,1,9,0,14,0,0,0,0,0,0,1,1,6,2,25,5,1242,1,8,1,1
2014521404364,1,9,0,18,0,0,0,0,0,0,1,1,6,1,47,8,-1,-1,-1,-1,1
2014521404364,2,9,0,4,0,0,0,0,0,0,2,1,6,1,38,7,-1,-1,-1,1,1
2014521404376,1,9,0,5,9,6,0,0,0,0,4,1,6,1,40,7,1390,1,7,4,1
2014521404376,2,1,0,18,9,8,0,0,0,0,3,1,6,1,11,3,-1,-1,-1,-1,-1
2014521404377,1,9,0,18,0,1,0,0,0,0,1,1,6,1,46,8,1984,1,13,7,3
2014521404377,2,19,0,5,0,6,0,0,0,0,3,1,6,1,19,4,1995,2,6,7,2
2014521404378,1,9,0,5,0,6,0,0,0,0,1,1,6,1,34,6,1900,2,15,8,2
2014521404378,2,5,0,18,0,8,1,0,0,0,4,1,6,1,30,6,-1,-1,-1,6,3
2014521404379,1,9,0,1,0,0,0,0,0,0,3,1,6,2,72,10,1390,1,14,10,1
2014521404379,2,8,0,2,0,0,0,0,0,0,4,1,1,3,-1,-1,1997,1,8,-1,-1
2014521404380,1,9,0,3,0,1,0,0,0,0,2,1,6,1,47,8,1587,1,15,-1,-1
2014521404380,2,9,0,18,0,1,0,0,0,0,1,1,6,2,35,6,1299,1,18,3,1
2014521404382,1,9,0,7,0,5,0,0,0,0,4,1,6,1,46,8,1956,2,3,10,1
2014521404386,1,9,0,10,0,1,0,0,0,0,0,1,6,3,-1,-1,-1,-1,-1,-1,-1
2014521404386,2,9,0,3,0,1,0,0,0,0,2,1,6,1,31,6,1796,1,9,2,1
2014521404386,3,9,0,3,0,1,0,0,0,0,2,1,6,1,34,6,-1,-1,-1,7,1
2014521404386,4,9,0,4,0,1,1,0,0,0,1,1,6,1,60,9,2179,2,3,6,1
2014521404388,1,9,0,18,0,0,0,0,0,0,2,1,6,2,37,7,1598,1,11,2,1
2014521404388,2,9,0,18,0,0,0,0,0,0,1,1,6,2,20,4,1598,1,12,-1,1
2014521404389,1,9,0,10,0,1,0,0,0,0,2,1,1,2,27,6,1398,2,11,4,1
2014521404389,2,9,0,18,0,1,0,0,0,0,1,1,6,2,23,5,-1,-1,-1,-1,-1
2014521404391,1,1,0,15,0,0,0,8,0,0,1,1,6,1,31,6,-1,-1,-1,2,1
2014521404391,2,9,0,3,0,0,0,0,0,0,4,1,6,2,29,6,1360,1,9,6,1
2014521404394,1,1,0,18,5,8,0,0,0,0,1,1,2,1,22,5,-1,-1,-1,4,1
2014521404394,2,9,0,7,5,6,0,0,0,0,3,1,6,1,23,5,1229,1,9,4,1
2014521404395,1,9,0,18,0,0,0,0,0,0,1,1,6,1,39,7,1796,1,15,1,1
2014521404395,2,9,0,18,0,0,0,0,0,0,1,1,6,1,55,8,1396,2,-1,2,1
2014521404398,1,9,0,18,0,8,0,0,0,0,3,1,6,2,20,4,1124,1,9,6,3
2014521404398,2,9,0,9,0,6,0,0,0,0,1,1,6,1,30,6,1995,2,2,2,1
2014521404404,1,8,0,3,0,0,0,0,0,0,3,1,1,1,34,6,2664,2,15,1,1
2014521404404,2,9,0,18,0,0,0,0,0,0,3,1,6,3,-1,-1,1896,2,10,-1,-1
2014521404414,1,9,0,18,0,0,0,0,0,0,1,1,6,1,57,9,1275,1,20,10,1
2014521404414,2,9,0,18,0,0,0,0,0,0,1,1,6,1,54,8,-1,-1,-1,5,1
2014521404414,3,9,0,2,0,0,0,0,0,0,4,1,6,2,69,10,-1,-1,-1,10,1
2014521404414,4,9,0,2,0,0,0,0,0,0,4,1,6,2,65,9,1598,1,-1,9,3
2014521404417,1,9,0,11,0,0,0,0,0,0,1,1,6,1,56,9,1560,2,5,6,1
2014521404417,2,19,0,18,0,0,0,0,0,0,2,1,6,1,69,10,2402,2,5,8,1
2014521404420,1,9,0,5,0,4,0,0,0,0,1,1,6,1,32,6,2993,2,11,6,3
2014521404423,1,9,0,11,0,6,0,0,0,0,1,1,6,2,44,7,1591,1,3,5,1
2014521404423,2,9,0,18,0,8,0,0,0,0,3,1,6,2,63,9,2495,1,13,2,1
2014521404427,1,20,0,18,0,0,0,5,0,0,1,1,1,1,37,7,3908,2,12,3,1
2014521404430,1,3,0,17,0,0,0,0,0,0,0,1,6,2,40,7,124,1,2,5,1
2014521404433,1,9,0,18,0,4,0,0,0,0,3,1,6,1,27,6,1299,1,15,2,1
2014521404438,1,9,0,18,0,8,0,0,0,0,1,1,6,3,-1,-1,-1,-1,-1,-1,-1
2014521404438,2,1,0,18,0,8,0,0,0,0,2,1,6,1,23,5,-1,-1,-1,2,1
2014521404444,1,9,0,5,0,6,0,0,0,0,1,1,6,1,30,6,-1,-1,-1,-1,-1
2014521404444,2,9,0,18,0,8,0,0,0,0,4,1,6,1,35,6,1461,2,8,4,2
2014521404446,1,4,0,18,0,1,1,0,0,0,0,1,6,1,42,7,636,1,9,7,3