Accident_Index,Vehicle_Reference,Vehicle_Type,Towing_and_Articulation,Vehicle_Manoeuvre,Vehicle_Location-Restricted_Lane,Junction_Location,Skidding_and_Overturning,Hit_Object_in_Carriageway,Vehicle_Leaving_Carriageway,Hit_Object_off_Carriageway,1st_Point_of_Impact,Was_Vehicle_Left_Hand_Drive?,Journey_Purpose_of_Driver,Sex_of_Driver,Age_of_Driver,Age_Band_of_Driver,Engine_Capacity_(CC),Propulsion_Code,Age_of_Vehicle,Driver_IMD_Decile,Driver_Home_Area_Type
2014521404950,2,9,0,9,0,5,0,0,0,0,1,1,6,1,43,7,999,1,7,8,1
2014521404955,1,1,0,18,0,8,0,0,0,0,1,1,6,1,31,6,-1,-1,-1,-1,1
2014521404955,2,9,0,9,0,5,0,0,0,0,1,1,6,3,-1,-1,1299,1,11,-1,-1
2014521404958,1,1,0,18,0,8,0,0,0,0,3,1,6,1,29,6,-1,-1,-1,7,1
2014521404958,2,9,0,9,0,5,0,0,0,0,1,1,6,1,23,5,1998,1,14,-1,1
2014521404964,1,9,0,9,0,6,0,0,0,0,3,1,6,1,57,9,1240,1,7,10,1
2014521404964,2,19,0,18,0,1,0,0,0,0,1,1,1,1,35,6,1997,2,9,10,1
2014521404965,1,9,0,18,0,8,0,0,0,0,1,1,6,3,-1,-1,-1,-1,-1,-1,-1
2014521404965,2,1,0,5,0,6,0,0,0,0,4,1,6,2,11,3,-1,-1,-1,1,1
2014521404966,1,9,0,18,0,0,0,0,0,0,1,1,6,1,50,8,-1,-1,-1,8,1
2014521404966,2,9,0,18,0,0,0,0,0,0,4,1,6,1,60,9,-1,-1,-1,7,1
2014521404982,1,5,0,13,0,1,0,0,4,4,1,1,6,1,44,7,599,1,16,4,1
2014521404982,2,9,0,3,0,1,0,0,0,0,2,1,6,2,31,6,1397,1,6,2,1
2014521404987,1,9,0,9,0,6,0,0,0,0,1,1,6,3,-1,-1,1995,1,11,-1,-1
2014521404987,2,9,0,18,0,1,0,4,0,0,1,1,6,2,51,8,1689,2,15,5,2
2014521404987,3,9,0,2,0,1,0,0,0,0,2,1,6,3,-1,-1,2198,1,12,-1,-1
2014521404987,4,9,0,2,0,1,0,0,0,0,1,1,1,3,-1,-1,1997,2,-1,-1,-1
2014521404988,1,9,0,18,0,8,0,0,0,0,1,1,6,1,25,5,1968,2,6,7,1
2014521404990,1,9,0,3,0,0,0,0,0,0,2,1,6,1,49,8,1995,2,-1,10,2
2014521404990,2,9,0,3,0,0,0,0,0,0,2,1,6,2,28,6,1586,1,-1,10,2
2014521404990,3,9,0,18,0,0,0,0,0,0,1,1,6,2,48,8,1598,1,2,8,1
2014521405002,1,9,0,18,0,8,0,0,0,0,1,1,6,1,45,7,-1,-1,-1,9,3
2014521405002,2,9,0,18,0,8,0,0,0,0,1,1,6,1,47,8,-1,-1,-1,-1,2
2014521405004,1,1,0,18,0,8,0,0,0,0,1,1,1,1,27,6,-1,-1,-1,1,1
2014521405004,2,9,0,12,0,8,0,0,0,0,3,1,6,3,30,6,-1,-1,-1,-1,-1
2014521405007,1,8,0,5,0,2,0,0,0,0,1,1,6,1,40,7,-1,-1,-1,-1,-1
2014521405010,1,9,0,18,0,0,0,0,0,0,1,1,6,2,16,4,-1,-1,-1,8,3
2014521405010,2,19,3,18,0,0,0,0,0,0,2,1,6,3,-1,-1,-1,-1,-1,-1,-1
2014521405012,1,1,0,18,0,8,0,0,0,0,1,1,6,1,27,6,-1,-1,-1,1,1
2014521405012,2,9,0,9,0,6,0,0,0,0,0,1,6,1,40,7,-1,-1,-1,8,1
2014521405015,1,3,0,18,0,0,0,0,0,0,1,1,6,1,17,4,125,1,13,7,2
2014521405015,2,9,0,4,0,0,0,0,0,0,2,1,6,1,-1,-1,3498,1,4,7,2
2014521405021,1,9,0,18,0,1,0,0,0,0,1,1,6,2,82,11,1364,1,6,10,2
2014521405021,2,9,0,12,0,1,0,0,0,0,1,1,6,2,17,4,1149,1,10,7,1
2014521405027,1,9,0,18,0,0,0,0,0,0,1,1,2,2,65,9,1149,1,11,8,1
2014521405027,2,9,0,18,0,0,0,0,0,0,1,1,6,2,30,6,1598,2,3,8,1
2014521405029,1,9,0,18,0,8,0,0,0,0,1,1,6,1,48,8,1560,2,6,9,2
2014521405029,2,9,0,9,0,5,0,0,0,0,3,1,6,2,41,7,1984,1,7,10,1
2014521405030,1,9,0,2,0,0,0,0,0,0,3,1,6,1,21,5,998,1,14,7,3
2014521405030,2,5,0,18,0,0,0,0,0,0,1,1,6,1,37,7,1300,1,1,-1,-1
2014521405031,1,9,0,9,0,8,0,0,0,0,1,1,6,1,46,8,1360,1,13,7,1
2014521405031,2,9,0,18,0,8,0,0,0,0,1,1,6,2,32,6,973,1,15,1,1
2014521405035,1,9,0,18,0,1,0,0,0,0,3,1,6,1,26,6,2987,2,8,-1,1
2014521405043,1,1,0,18,0,0,0,0,0,0,2,1,6,1,32,6,-1,-1,-1,10,1
2014521405043,2,9,0,18,0,0,0,0,0,0,1,1,6,1,60,9,-1,-1,-1,10,3
2014521405048,1,9,0,18,0,0,0,0,0,0,1,1,6,1,73,10,1997,2,5,4,1
2014521405048,2,1,0,18,0,0,0,0,0,0,1,1,6,1,52,8,-1,-1,-1,10,1
2014521405066,1,9,0,3,0,1,0,0,0,0,2,1,6,2,49,8,1796,1,11,4,1
2014521405066,2,9,0,18,0,1,0,0,0,0,1,1,6,3,-1,-1,1398,1,10,-1,-1
2014521405074,1,1,0,18,0,8,0,0,0,0,1,1,6,1,42,7,-1,-1,-1,6,1
2014521405074,2,9,0,9,0,6,0,0,0,0,1,1,6,1,40,7,1560,2,8,7,1
2014521405075,1,19,0,18,0,8,0,0,0,0,1,1,6,2,23,5,-1,-1,-1,-1,-1
2014521405075,2,9,0,18,0,8,0,0,0,0,1,1,6,1,49,8,1598,2,1,4,1
2014521405096,1,9,0,9,0,8,0,0,0,0,1,1,6,2,19,4,1422,2,11,6,3
2014521405096,2,9,0,18,0,8,0,0,0,0,1,1,6,1,45,7,1997,2,10,5,1
2014521405097,1,9,0,12,0,0,0,0,0,0,1,1,6,1,38,7,-1,-1,-1,4,1
2014521405097,2,9,0,3,0,0,0,0,0,0,2,1,6,2,47,8,1124,1,8,8,1
2014521405097,3,9,0,18,0,0,0,0,0,0,1,1,6,2,31,6,-1,-1,-1,9,1
2014521405097,4,9,0,18,0,0,0,0,0,0,2,1,6,1,26,6,-1,-1,-1,-1,3
2014521405097,5,9,0,18,0,0,0,0,0,0,2,1,6,1,46,8,1248,2,4,3,1
2014521405108,1,9,0,3,0,1,0,0,0,0,2,1,6,2,28,6,1388,1,9,8,1
2014521405108,2,19,0,18,0,1,0,0,0,0,1,1,1,1,45,7,1560,2,2,8,1
2014521405111,1,9,0,9,0,8,0,0,0,0,3,1,6,1,22,5,1995,2,2,7,1
2014521405111,2,5,0,18,0,8,0,0,0,0,1,1,6,1,34,6,999,1,3,10,1
2014521405112,1,9,0,18,0,0,0,0,0,0,1,1,6,1,35,6,1248,2,3,6,1
2014521405115,1,19,0,18,0,8,0,0,0,0,1,1,6,1,31,6,2500,2,13,3,1
2014521405115,2,2,0,18,0,6,0,0,0,0,4,1,6,1,17,4,49,1,11,1,1
2014521405119,1,9,0,3,0,4,0,0,0,0,2,1,6,2,18,4,1242,1,5,7,3
2014521405119,2,19,0,4,0,4,0,0,0,0,1,1,6,1,43,7,1896,2,7,1,1
2014521405120,1,21,1,11,0,0,0,0,0,0,1,1,1,1,58,9,-1,-1,-1,5,1
2014521405120,2,9,0,18,0,0,0,0,5,6,2,1,6,2,32,6,1896,2,6,3,1
2014521405120,3,9,0,18,0,0,0,0,0,0,1,1,6,1,67,10,-1,-1,-1,1,1
2014521405121,1,9,0,18,0,1,0,0,1,2,1,1,6,1,87,11,2996,1,9,10,1
2014521405122,1,21,1,7,0,5,0,0,0,0,4,1,6,1,39,7,11967,2,4,-1,1
2014521405122,2,1,0,18,0,8,0,0,0,0,1,1,6,1,28,6,-1,-1,-1,9,3
2014521405124,1,4,0,18,0,0,1,0,0,0,1,1,6,1,42,7,1137,1,16,8,1
2014521405124,2,19,0,3,0,0,0,0,0,0,2,1,6,1,31,6,2198,2,2,6,1
2014521405126,1,9,0,5,0,0,0,4,7,0,1,1,6,2,35,6,-1,-1,-1,4,1
2014521405126,2,9,0,2,9,0,0,0,0,0,2,1,6,1,25,5,1997,2,4,6,1
2014521405132,1,1,0,11,0,3,0,0,0,0,2,1,1,1,60,9,-1,-1,-1,2,1
2014521405132,2,9,0,11,0,3,0,0,0,0,1,1,6,1,58,9,1995,2,4,9,1
2014521405136,1,9,0,1,0,0,0,0,0,0,2,1,6,2,52,8,1598,2,1,9,1
2014521405138,1,9,0,18,0,8,0,0,0,0,4,1,6,1,23,5,1686,2,4,10,1
2014521405138,2,1,0,7,0,6,0,0,0,0,1,1,6,1,20,4,-1,-1,-1,6,3
2014521405140,1,9,0,10,0,8,0,0,0,0,2,1,6,1,43,7,1769,1,9,10,1
2014521405140,2,9,0,18,0,8,0,0,0,0,1,1,6,1,16,4,-1,-1,-1,6,1
2014521405141,1,9,0,18,0,0,0,0,1,9,1,1,6,1,71,10,1598,1,12,10,1
2014521405142,1,9,0,18,0,0,0,0,0,0,1,1,6,1,51,8,-1,-1,-1,4,1
2014521405142,2,1,0,5,0,0,0,0,0,0,1,1,6,1,8,2,-1,-1,-1,8,1
2014521405143,1,9,0,18,0,8,0,0,0,0,1,1,6,1,58,9,2993,2,1,-1,-1
2014521405143,2,9,0,3,0,8,0,0,0,0,2,1,6,1,35,6,1588,1,15,10,1
2014521405143,3,9,0,6,0,8,0,0,0,0,2,1,1,1,37,7,1753,2,5,-1,-1
2014521405144,1,9,0,5,0,6,0,0,0,0,1,1,6,2,45,7,1229,1,7,9,1
2014521405144,2,1,0,18,0,8,0,0,0,0,1,1,6,1,45,7,-1,-1,-1,7,1
2014521405145,1,1,0,18,0,0,0,0,0,0,1,1,6,1,23,5,-1,-1,-1,2,1
2014521405145,2,8,0,6,0,0,0,0,0,0,3,1,1,1,30,6,-1,-1,-1,-1,-1
2014521405146,1,9,0,18,0,0,0,0,0,0,4,1,6,3,-1,-1,-1,-1,-1,-1,-1
2014521405147,1,9,0,6,0,1,0,0,0,0,3,1,6,1,27,6,1360,1,12,5,1
2014521405147,2,1,0,18,0,1,0,0,0,0,1,1,6,1,50,8,-1,-1,-1,4,1
2014521405153,1,9,0,5,0,1,0,0,1,10,1,1,6,2,92,11,1124,1,16,-1,3
2014521405160,1,1,0,18,0,8,0,0,0,0,3,1,6,1,41,7,-1,-1,-1,9,1
2014521405160,2,9,0,7,0,8,0,0,0,0,4,1,6,3,-1,-1,-1,-1,-1,-1,-1
2014521405164,1,9,0,18,0,8,0,0,0,0,1,1,6,1,-1,-1,1997,1,13,-1,-1
2014521405164,2,1,0,18,0,8,0,0,0,0,2,1,6,1,27,6,-1,-1,-1,3,1
2014521405174,1,1,0,18,5,8,0,0,0,0,3,1,2,1,28,6,-1,-1,-1,4,1
2014521405174,2,9,0,7,9,6,0,0,0,0,1,1,6,1,35,6,-1,-1,-1,-1,-1
2014521405180,1,9,0,3,0,0,0,0,0,0,2,1,6,2,26,6,998,1,-1,1,1
2014521405180,2,9,0,18,0,0,0,0,0,0,1,1,6,1,28,6,1598,1,13,10,1
2014521405180,3,9,0,3,0,0,0,0,0,0,2,1,6,1,48,8,-1,-1,-1,-1,-1
2014521405190,1,9,0,18,0,1,0,0,0,0,1,1,6,3,-1,-1,-1,-1,-1,-1,-1
2014521405193,1,9,0,18,0,4,0,0,0,0,1,1,6,2,30,6,-1,-1,-1,-1,1
2014521405193,2,9,0,18,0,8,0,0,0,0,1,1,6,2,21,5,1198,1,-1,7,2
2014521405196,1,9,0,1,0,1,0,0,0,0,2,1,6,3,-1,-1,-1,-1,-1,-1,-1
2014521405199,1,9,0,10,0,0,0,0,0,0,2,1,6,1,29,6,1968,2,2,7,1
2014521405199,2,9,0,18,0,0,0,0,0,0,1,1,6,2,63,9,1339,1,9,4,1
2014521405200,1,9,0,3,0,1,0,0,0,0,1,1,6,2,21,5,1299,1,14,5,1
2014521405200,2,9,0,18,0,8,0,0,0,0,1,1,6,1,37,7,1796,1,10,4,1
2014521405201,1,9,0,18,0,1,0,0,0,0,4,1,6,1,47,8,1896,2,12,8,1
2014521405201,2,9,0,18,0,1,0,0,0,0,3,1,6,3,55,8,-1,-1,-1,-1,-1
2014521405203,1,9,0,18,0,0,0,0,0,0,3,1,6,1,25,5,1360,1,14,10,1
2014521405203,2,9,0,2,0,0,0,0,0,0,1,1,6,3,55,8,1299,1,9,-1,-1
2014521405203,3,9,0,2,0,0,0,0,0,0,1,1,6,3,55,8,1587,1,8,-1,-1
2014521405205,1,9,0,18,0,1,0,0,3,11,1,1,6,1,24,5,1598,1,5,-1,1
2014521405207,1,1,0,15,0,8,0,0,0,0,3,1,6,1,45,7,-1,-1,-1,9,1
2014521405207,2,9,0,7,0,5,0,0,0,0,4,1,6,1,22,5,-1,-1,-1,9,1
2014521405209,1,9,0,18,0,8,0,0,0,0,1,1,6,2,28,6,1781,1,15,5,2
2014521405209,2,9,3,9,0,8,0,0,0,0,3,1,6,1,61,9,2993,2,8,7,3
2014521405214,1,9,0,18,0,6,0,0,0,0,1,1,6,2,35,6,1995,2,4,7,1
2014521405214,2,9,0,18,0,8,0,0,0,0,1,1,6,2,59,9,1248,2,5,3,1
2014521405216,1,9,0,17,0,0,0,0,0,0,1,1,6,1,35,6,1560,2,6,7,1
2014521405216,2,9,0,16,0,0,0,0,0,0,3,1,6,2,48,8,1596,1,9,6,1
2014521405221,1,2,0,3,0,0,0,0,0,0,2,1,6,2,17,4,49,1,6,4,1
2014521405221,2,9,0,18,0,0,0,0,0,0,1,1,1,1,40,7,1598,1,11,1,1
2014521405224,1,9,0,18,0,4,0,0,0,0,1,1,6,2,30,6,998,1,14,4,1
2014521405224,2,1,0,9,0,8,0,0,0,0,1,1,6,1,48,8,-1,-1,-1,5,1
2014521405226,1,9,0,7,0,5,0,0,0,0,2,1,6,1,43,7,1995,1,5,5,1
2014521405226,2,9,0,18,0,8,0,0,0,0,1,1,6,2,29,6,1242,1,14,8,2
2014521405233,1,9,0,17,0,8,0,0,0,0,1,1,6,2,25,5,1896,2,12,1,1
2014521405233,2,9,0,17,0,8,0,0,0,0,2,1,6,1,75,10,1398,2,5,5,3
2014521405248,1,9,0,5,0,4,0,0,0,0,2,1,6,2,26,6,1388,1,5,5,1
2014521405248,2,9,0,18,0,4,0,0,0,0,1,1,6,3,-1,-1,-1,-1,-1,-1,-1
2014521405249,1,9,0,4,0,0,0,0,0,0,2,1,6,2,64,9,1398,1,1,4,1
2014521405249,2,9,0,4,0,0,0,0,0,0,1,1,6,1,40,7,1998,1,11,-1,-1
2014521405249,3,9,0,3,0,0,0,0,0,0,2,1,6,1,25,5,-1,-1,-1,-1,-1
2014521405254,1,9,0,18,0,5,0,0,0,0,4,1,6,1,46,8,1595,1,20,1,1
2014521405254,2,3,0,18,0,8,0,0,0,0,1,1,6,1,28,6,124,1,11,6,1
2014521405255,1,9,0,18,0,0,0,0,0,0,1,1,6,1,72,10,4163,1,10,7,1
2014521405255,2,9,0,18,0,0,0,0,0,0,3,1,6,2,23,5,1598,1,10,4,1
2014521405255,3,9,0,18,0,0,0,0,0,0,1,1,6,1,78,11,1582,2,5,10,1
2014521405256,1,2,0,13,0,8,0,0,0,0,1,1,6,1,20,4,649,1,8,8,1
2014521405256,2,9,0,18,0,8,0,0,0,0,2,1,6,2,21,5,1995,2,7,10,1
2014521405257,1,9,0,9,0,6,0,0,0,0,3,1,6,2,27,6,1390,1,2,10,1
2014521405257,2,9,0,18,0,1,0,0,0,0,1,1,6,2,63,9,1599,1,11,6,1
2014521405258,1,9,0,3,0,1,0,0,0,0,2,1,6,2,33,6,1422,2,6,5,1
2014521405258,2,9,0,18,0,1,0,0,0,0,1,1,6,1,27,6,-1,-1,-1,3,1
2014521405261,1,9,0,18,0,0,0,0,0,0,2,1,6,1,43,7,1998,2,1,9,3
2014521405261,2,9,0,18,0,0,0,0,0,0,1,1,6,2,26,6,1198,1,8,-1,2
2014521405261,3,9,0,18,0,0,0,0,0,0,1,1,6,2,18,4,1242,1,11,9,1
2014521405263,1,9,0,18,0,1,0,0,0,0,1,1,6,2,25,5,1242,1,3,6,1
2014521405263,2,9,0,9,0,6,0,0,0,0,3,1,6,2,19,4,1299,1,11,8,1
2014521405270,1,97,0,5,0,0,0,0,0,0,1,1,6,2,48,8,883,1,7,6,1
2014521405274,1,9,0,18,0,2,0,0,0,0,1,1,6,1,60,9,2495,1,13,9,1
2014521405276,1,9,0,15,0,0,0,4,0,0,1,1,6,1,18,4,1798,1,5,8,1
2014521405276,2,9,0,3,0,0,0,0,0,0,4,1,6,2,34,6,1339,1,3,7,1
2014521405276,3,9,0,2,0,0,0,0,0,0,0,1,6,2,20,4,988,1,22,10,3
2014521405276,4,9,0,3,0,0,0,0,0,0,0,1,6,1,23,5,1968,2,10,10,3
2014521405277,1,1,0,18,0,8,0,0,0,0,1,1,6,1,25,5,-1,-1,-1,5,1
2014521405277,2,9,0,9,0,5,0,0,0,0,1,1,6,1,56,9,1560,2,5,6,1
2014521405287,1,5,0,14,0,1,0,10,0,0,3,1,6,1,52,8,999,1,4,9,1
2014521405287,2,9,4,10,0,1,0,0,0,0,0,1,1,2,42,7,2664,2,12,7,1
2014521405288,1,20,0,9,0,6,0,0,0,0,3,1,2,1,50,8,-1,-1,-1,10,3
2014521405288,2,1,0,18,0,8,0,0,0,0,4,1,6,1,30,6,-1,-1,-1,7,3
2014521405290,1,1,0,18,0,0,0,0,0,0,3,1,2,1,36,7,-1,-1,-1,7,1
2014521405290,2,9,0,12,0,0,0,0,0,0,4,1,6,3,-1,-1,-1,-1,-1,-1,-1
2014521405291,1,9,0,18,0,1,1,0,1,1,4,1,6,3,-1,-1,-1,-1,-1,-1,-1
2014521405293,1,9,0,18,0,1,0,0,0,0,1,1,6,2,78,11,-1,-1,-1,8,1
2014521405294,1,9,0,18,0,8,0,0,0,0,4,1,6,1,43,7,-1,-1,-1,4,1
2014521405298,1,9,0,12,0,0,0,0,7,10,1,1,1,1,57,9,-1,-1,-1,-1,1
2014521405300,1,9,0,18,0,0,0,0,0,0,1,1,6,1,22,5,1986,2,7,1,1
2014521405303,1,3,0,18,0,1,0,0,0,0,1,1,6,1,20,4,125,1,4,5,1
2014521405303,2,9,0,9,0,6,0,0,0,0,1,1,6,1,87,11,1794,1,9,5,1
2014521405314,1,1,0,18,0,2,0,0,0,0,3,1,1,1,45,7,-1,-1,-1,6,1
2014521405314,2,20,0,13,0,2,0,0,0,0,4,1,1,1,40,7,-1,-1,-1,-1,-1
2014521405326,1,9,0,3,0,8,0,0,0,0,2,1,2,1,31,6,1587,1,9,7,1
2014521405326,2,9,0,7,0,6,0,0,0,0,1,1,6,1,64,9,1149,1,15,4,1
2014521405336,1,19,0,9,0,5,0,0,0,0,1,1,6,1,36,7,2287,2,3,6,1
2014521405336,2,1,0,18,0,8,0,0,0,0,3,1,6,1,29,6,-1,-1,-1,4,1
2014521405350,1,9,0,18,0,1,0,0,0,0,1,1,6,1,28,6,1596,1,5,4,1
2014521405350,2,9,0,4,0,1,0,0,0,0,2,1,6,1,29,6,1598,2,2,4,1
2014521405353,1,9,0,11,0,3,0,0,0,0,4,1,6,1,69,10,-1,-1,-1,10,1
2014521405353,2,9,0,18,0,3,0,0,0,0,3,1,6,2,19,4,1328,1,7,9,1
2014521405354,1,9,0,9,0,5,0,0,0,0,4,1,6,2,47,8,-1,-1,-1,10,1
2014521405354,2,1,0,18,0,8,0,0,0,0,1,1,6,2,31,6,-1,-1,-1,8,1
2014521405355,1,9,0,10,0,5,0,0,0,0,2,1,6,2,37,7,1149,1,13,4,1
2014521405355,2,9,0,18,0,1,0,0,0,0,1,1,6,1,25,5,1781,1,11,5,1
2014521405355,3,9,0,18,0,1,0,0,0,0,1,1,6,2,33,6,1753,2,10,2,1
2014521405356,1,9,0,18,0,8,0,0,0,0,3,1,6,1,27,6,1597,2,1,10,1
2014521405356,2,9,0,9,0,8,0,0,0,0,3,1,6,1,61,9,1948,1,13,7,1
2014521405357,1,9,0,9,0,6,0,0,0,0,3,1,6,2,33,6,1497,1,12,-1,1
2014521405357,2,5,0,14,0,8,1,0,0,0,1,1,6,1,47,8,899,1,11,6,1
2014521405358,1,9,0,18,0,3,0,0,0,0,1,1,6,2,55,8,1598,1,10,7,1
2014521405358,2,9,0,18,0,3,0,0,0,0,4,1,6,1,71,10,1242,1,2,9,1
2014521405359,1,9,0,18,0,1,0,0,0,0,1,1,6,1,33,6,1596,1,12,5,1
2014521405359,2,9,0,2,0,1,0,0,0,0,1,1,6,1,48,8,1995,2,4,5,1
2014521405362,1,9,0,18,0,1,0,0,0,0,4,1,6,2,21,5,1998,1,10,4,1
2014521405362,2,1,0,18,0,6,0,0,0,0,1,1,6,1,10,2,-1,-1,-1,3,1
2014521405363,1,9,0,18,0,0,0,0,0,0,1,1,6,1,32,6,1800,1,16,7,1
2014521405363,2,9,0,11,0,0,0,0,0,0,1,1,6,2,35,6,1598,1,5,2,1
2014521405363,3,9,0,2,0,0,0,0,0,0,2,1,6,1,72,10,1753,2,4,5,1
2014521405365,1,9,0,18,0,1,0,0,0,0,1,1,6,1,55,8,1753,2,3,5,1
2014521405365,2,9,0,3,0,1,0,0,0,0,2,1,6,2,39,7,1360,1,12,2,1
2014521405368,1,9,0,3,0,0,0,0,0,0,2,1,6,2,45,7,1364,1,5,-1,1
2014521405368,2,9,0,18,0,0,0,0,0,0,1,1,6,1,41,7,1968,2,2,7,1
2014521405373,1,9,0,7,0,5,0,0,0,0,1,1,6,3,-1,-1,-1,-1,-1,-1,-1
2014521405373,2,1,0,18,0,8,0,0,0,0,4,1,6,1,21,5,-1,-1,-1,2,1
2014521405375,1,9,0,18,0,0,0,0,1,11,1,1,6,1,22,5,1596,1,9,10,1
2014521405376,1,9,0,9,0,6,0,0,0,0,1,1,6,1,43,7,1598,1,12,5,1
2014521405376,2,9,0,18,0,8,0,0,0,0,1,1,6,2,53,8,1796,1,14,6,1
2014521405376,3,9,0,3,0,1,0,0,0,0,3,1,6,1,71,10,1586,1,-1,5,1
2014521405378,1,9,0,12,0,2,0,0,0,0,1,1,6,1,63,9,-1,-1,-1,-1,2
2014521405378,2,98,0,18,0,1,0,0,0,0,3,1,6,1,41,7,-1,-1,-1,9,1
2014521405383,1,9,0,5,0,1,0,0,0,0,1,1,6,1,31,6,1596,1,13,1,1
2014521405383,2,9,0,18,0,8,0,0,0,0,1,1,6,2,45,7,-1,-1,-1,10,3
2014521405387,1,9,0,18,0,8,0,0,0,0,1,1,6,1,49,8,1598,2,2,10,1
2014521405387,2,9,0,4,0,8,0,0,0,0,2,1,6,1,20,4,1299,1,13,8,1
2014521405389,1,9,0,18,0,0,0,0,0,0,1,1,6,2,24,5,1397,1,7,10,1
2014521405393,1,3,0,7,0,1,0,0,0,0,4,1,6,1,17,4,124,1,5,8,1
2014521405393,2,9,0,18,0,1,0,0,0,0,1,1,6,2,77,11,1796,1,10,9,1
2014521405395,1,9,0,15,0,0,0,0,0,0,3,1,6,1,38,7,1497,8,-1,4,1
2014521405395,2,9,0,11,0,0,0,0,0,0,4,1,6,2,23,5,698,1,10,9,1
2014521405402,1,9,0,18,0,0,0,0,1,7,1,1,6,1,67,10,1796,1,13,10,1
2014521405405,1,9,0,16,0,8,0,0,0,0,1,1,6,1,46,8,1598,1,11,4,1
2014521405405,2,9,0,17,0,8,0,0,0,0,1,1,6,2,53,8,-1,-1,-1,4,1
2014521405407,1,9,0,13,0,0,0,7,0,0,1,1,6,1,19,4,1995,2,9,3,1
2014521405407,2,11,0,18,0,0,0,0,0,0,1,1,6,1,51,8,4461,2,1,4,1
2014521405409,1,90,0,18,0,1,0,0,0,0,0,1,1,1,41,7,-1,-1,-1,5,1
2014521405409,2,9,0,4,0,1,0,0,0,0,2,1,6,2,19,4,1995,2,11,5,1
2014521405409,3,9,0,18,0,1,0,0,0,0,1,1,6,1,20,4,1149,1,11,9,1
2014521405418,1,9,0,9,0,6,0,0,0,0,3,1,6,1,55,8,1560,2,6,6,1
2014521405418,2,9,0,17,0,8,0,0,0,0,1,1,6,1,50,8,1796,1,8,10,1
2014521405423,1,9,0,18,0,8,0,0,0,0,4,1,6,2,33,6,1598,1,10,-1,1
2014521405423,2,9,0,18,0,6,0,0,0,0,1,1,6,1,20,4,-1,-1,-1,1,1
2014521405424,1,9,0,18,0,3,0,0,0,0,4,1,6,2,34,6,1984,1,13,5,1
2014521405424,2,9,0,18,0,1,0,0,0,0,3,1,6,2,72,10,2151,2,12,9,1
2014521405439,1,9,0,5,0,8,0,0,0,0,1,1,6,1,31,6,1753,2,10,6,3
2014521405439,2,9,0,3,0,8,0,0,0,0,0,1,6,2,35,6,998,1,1,3,1
2014521405440,1,9,0,17,0,0,0,0,1,3,1,1,6,2,27,6,1360,1,13,9,1
2014521405443,1,9,0,18,0,0,0,11,0,0,4,1,6,1,41,7,-1,-1,-1,5,1
2014521405453,1,9,0,7,0,5,0,0,0,0,1,1,6,1,57,9,2143,2,3,10,1
2014521405454,1,1,0,16,0,0,0,0,0,0,1,1,6,1,40,7,-1,-1,-1,9,3
2014521405454,2,9,0,17,0,0,0,0,0,0,1,1,6,1,67,10,3456,8,2,10,1
2014521405456,1,9,0,18,0,0,0,0,0,0,1,1,6,1,46,8,1968,2,4,-1,1
2014521405456,2,1,0,18,0,0,0,0,0,0,3,1,6,1,17,4,-1,-1,-1,5,1
2014521405458,1,9,0,4,0,6,0,0,0,0,1,1,6,1,48,8,1951,2,11,6,1
2014521405458,2,9,0,5,0,1,0,0,0,0,2,1,6,1,41,7,998,1,7,9,2
2014521405460,1,9,0,16,0,0,0,0,0,0,1,1,6,1,83,11,1242,1,12,9,2
2014521405460,2,9,0,17,0,0,0,0,0,0,1,1,6,1,32,6,1587,1,28,6,1
2014521405461,1,9,0,9,0,6,0,0,0,0,1,1,6,1,52,8,-1,-1,-1,1,1
2014521405461,2,9,0,18,0,8,0,0,0,0,1,1,6,1,23,5,998,1,1,10,1
2014521405462,1,9,0,18,0,8,0,0,0,0,1,1,6,2,27,6,-1,-1,-1,4,1
2014521405462,2,9,0,9,0,8,0,0,0,0,1,1,6,2,35,6,1086,1,8,2,1
2014521405468,1,9,0,18,0,0,0,0,0,0,1,1,6,1,29,6,1896,2,7,9,1
2014521405470,1,9,0,2,0,2,0,0,0,0,2,1,6,3,-1,-1,-1,-1,-1,-1,-1
2014521405475,1,97,0,18,0,4,0,0,0,0,1,1,6,1,44,7,749,1,14,9,1
2014521405475,2,9,0,9,0,8,0,0,0,0,4,1,6,1,40,7,-1,-1,-1,10,1
2014521405476,1,9,0,18,0,1,0,0,0,0,1,1,6,3,-1,-1,-1,-1,-1,-1,-1
2014521405476,2,1,0,7,0,5,0,0,0,11,1,1,6,1,32,6,-1,-1,-1,3,1
2014521405477,1,9,0,18,0,2,0,4,0,0,4,1,6,1,81,11,-1,-1,-1,2,1
2014521405477,2,9,0,2,0,2,0,0,0,0,2,1,6,2,31,6,999,1,4,1,1
2014521405477,3,9,0,2,0,2,0,0,0,0,3,1,6,1,25,5,1398,2,9,2,1
2014521405482,1,9,0,18,0,0,0,0,0,0,1,1,6,1,79,11,1796,1,10,3,1
2014521405484,1,9,0,1,0,1,0,0,0,0,2,1,6,1,41,7,1896,2,5,6,1