Accident_Index,Vehicle_Reference,Vehicle_Type,Towing_and_Articulation,Vehicle_Manoeuvre,Vehicle_Location-Restricted_Lane,Junction_Location,Skidding_and_Overturning,Hit_Object_in_Carriageway,Vehicle_Leaving_Carriageway,Hit_Object_off_Carriageway,1st_Point_of_Impact,Was_Vehicle_Left_Hand_Drive?,Journey_Purpose_of_Driver,Sex_of_Driver,Age_of_Driver,Age_Band_of_Driver,Engine_Capacity_(CC),Propulsion_Code,Age_of_Vehicle,Driver_IMD_Decile,Driver_Home_Area_Type
2014521405974,2,8,0,18,0,8,0,0,0,0,1,1,6,1,42,7,1995,2,13,-1,1
2014521405982,1,9,0,1,0,0,0,0,0,0,2,1,6,2,25,5,1368,1,7,2,1
2014521405985,1,9,0,9,0,5,0,0,0,0,1,1,6,2,26,6,1596,1,14,-1,1
2014521405985,2,1,0,18,0,8,0,0,0,0,1,1,6,1,27,6,-1,-1,-1,9,1
2014521405986,1,1,0,18,0,8,0,0,0,0,4,1,6,1,36,7,-1,-1,-1,3,1
2014521405986,2,9,0,7,0,6,0,0,0,0,1,1,6,1,26,6,-1,-1,-1,4,1
2014521405988,1,9,0,2,0,0,0,0,0,0,1,1,6,2,27,6,1560,2,4,3,1
2014521405988,2,1,0,18,0,0,0,0,0,0,1,1,1,1,27,6,-1,-1,-1,3,1
2014521406005,1,9,0,9,0,6,0,0,0,0,2,1,6,2,21,5,1248,1,2,4,1
2014521406005,2,4,0,18,0,1,0,0,0,0,1,1,6,1,18,4,124,1,-1,9,1
2014521406007,1,9,0,1,0,6,0,0,0,0,2,1,6,3,-1,-1,-1,-1,-1,-1,-1
2014521406008,1,9,0,17,0,8,0,0,0,0,1,1,6,1,32,6,6208,1,4,10,1
2014521406008,2,4,0,16,0,1,0,0,0,0,1,1,6,1,23,5,124,1,19,3,1
2014521406009,1,9,0,1,0,0,0,0,0,0,0,1,6,2,29,6,875,1,3,-1,1
2014521406016,1,9,0,1,0,0,0,0,0,0,2,1,6,2,21,5,998,1,3,4,1
2014521406016,2,9,0,18,0,0,0,0,0,0,1,1,6,3,-1,-1,-1,-1,-1,-1,-1
2014521406020,1,1,0,18,0,5,0,0,0,0,4,1,6,1,23,5,-1,-1,-1,9,1
2014521406020,2,9,0,9,0,3,0,0,0,0,4,1,6,3,-1,-1,1590,1,10,-1,-1
2014521406024,1,9,0,5,0,1,0,0,0,0,0,1,6,1,52,8,1299,1,12,5,1
2014521406024,2,9,0,5,0,1,0,0,0,0,0,1,6,1,39,7,1896,2,11,8,3
2014521406026,1,9,0,2,0,0,0,0,0,0,2,1,6,2,56,9,1398,1,1,7,1
2014521406026,2,9,0,11,0,0,0,0,0,0,4,1,6,2,38,7,1998,1,13,4,1
2014521406026,3,9,0,2,0,0,0,0,0,0,1,1,6,1,41,7,-1,-1,-1,3,1
2014521406029,1,9,0,3,0,1,0,0,0,0,2,1,6,2,31,6,2148,2,9,1,1
2014521406029,2,9,0,3,0,1,0,0,0,0,2,1,6,1,55,8,1910,2,10,4,1
2014521406029,3,9,0,18,0,1,0,0,0,0,1,1,6,3,-1,-1,-1,-1,-1,-1,-1
2014521406030,1,5,0,13,0,8,0,0,0,0,1,1,6,1,29,6,599,1,14,2,1
2014521406030,2,9,0,9,0,5,0,0,0,0,3,1,6,1,44,7,1149,1,17,10,1
2014521406031,1,9,0,3,0,0,0,0,0,0,2,1,6,1,65,9,1596,1,8,6,1
2014521406031,2,9,0,4,0,0,1,0,0,0,1,1,6,1,28,6,-1,-1,-1,4,1
2014521406032,1,9,0,12,0,4,0,0,0,0,1,1,6,1,76,11,1596,1,11,8,1
2014521406032,2,1,0,18,0,4,0,0,0,0,2,1,6,1,29,6,-1,-1,-1,5,1
2014521406035,1,9,0,18,0,2,0,0,0,0,4,1,6,3,-1,-1,-1,-1,-1,-1,-1
2014521406036,1,9,0,7,0,5,0,0,0,0,2,1,6,1,54,8,1951,2,10,10,1
2014521406036,2,1,0,18,0,1,0,0,0,0,1,1,6,1,38,7,-1,-1,-1,10,1
2014521406041,1,9,0,18,0,0,0,0,0,0,2,1,6,2,24,5,1124,1,15,9,2
2014521406041,2,9,0,18,0,0,0,0,0,0,2,1,6,1,54,8,1198,1,4,9,3
2014521406041,3,9,0,18,0,0,0,0,0,0,2,1,6,2,41,7,998,1,2,2,1
2014521406041,4,9,0,18,0,0,0,0,0,0,1,1,6,2,30,6,1199,1,11,7,3
2014521406042,1,9,0,18,0,1,0,0,0,0,1,1,6,1,23,5,-1,-1,-1,7,1
2014521406042,2,9,0,4,0,1,0,0,0,0,2,1,6,2,52,8,1995,2,4,4,1
2014521406048,1,9,0,3,0,8,0,0,0,0,4,1,6,1,45,7,1716,2,12,8,1
2014521406048,2,1,0,15,0,8,0,0,0,0,3,1,6,1,54,8,-1,-1,-1,4,1
2014521406049,1,9,0,18,0,8,0,0,0,0,1,1,6,1,21,5,1242,1,11,10,1
2014521406049,2,1,0,5,0,8,0,0,0,0,1,1,6,1,18,4,-1,-1,-1,4,1
2014521406052,1,9,0,4,0,1,0,0,0,0,4,1,6,2,39,7,2231,2,7,8,1
2014521406052,2,1,0,18,0,6,0,0,0,0,1,1,6,1,4,1,-1,-1,-1,-1,-1
2014521406054,1,9,0,18,0,0,0,0,0,0,1,1,6,2,21,5,5462,1,7,-1,-1
2014521406058,1,9,0,9,0,5,0,0,0,0,4,1,6,1,22,5,-1,-1,-1,10,2
2014521406058,2,1,0,18,0,8,0,0,0,0,1,1,6,1,29,6,-1,-1,-1,2,1
2014521406060,1,1,0,18,0,8,0,0,0,0,4,1,6,1,29,6,-1,-1,-1,-1,1
2014521406060,2,9,0,18,0,4,0,0,0,0,1,1,6,1,50,8,1296,1,7,5,1
2014521406061,1,1,0,9,0,6,0,0,0,0,1,1,6,1,27,6,-1,-1,-1,7,1
2014521406061,2,9,0,17,0,8,0,0,0,0,3,1,6,2,44,7,1461,2,3,7,2
2014521406062,1,9,0,18,0,1,0,0,0,0,0,1,1,1,27,6,1560,2,3,-1,-1
2014521406062,2,9,0,18,0,4,0,0,0,0,1,1,6,2,30,6,1984,1,10,10,1
2014521406063,1,1,0,18,0,0,0,8,0,0,1,1,6,1,37,7,-1,-1,-1,6,1
2014521406063,2,9,0,2,0,0,0,0,0,0,3,1,6,1,30,6,2231,2,1,5,1
2014521406063,3,9,0,12,0,0,0,0,0,0,1,1,6,2,30,6,1360,1,13,1,1
2014521406063,4,9,0,11,0,0,0,0,0,0,3,1,6,1,35,6,1595,2,4,5,1
2014521406065,1,9,0,7,0,6,0,0,0,0,0,1,6,1,44,7,-1,-1,-1,7,1
2014521406065,2,1,0,18,0,8,0,0,0,0,1,1,6,2,52,8,-1,-1,-1,9,1
2014521406067,1,9,0,18,0,8,0,0,0,0,1,1,6,2,37,7,1798,1,6,-1,1
2014521406067,2,9,0,7,0,6,0,0,0,0,1,1,6,1,20,4,1242,1,9,4,1
2014521406071,1,9,0,18,0,8,0,0,0,0,1,1,6,1,20,4,1360,1,13,1,1
2014521406071,2,9,0,9,0,8,0,0,0,0,1,1,6,2,30,6,-1,-1,-1,2,1
2014521406072,1,9,0,17,0,8,0,0,0,0,1,1,6,1,23,5,-1,-1,-1,9,2
2014521406072,2,1,0,18,0,8,0,0,0,0,2,1,6,2,44,7,-1,-1,-1,9,1
2014521406075,1,5,0,7,0,1,0,0,0,0,1,1,6,1,38,7,675,1,5,8,1
2014521406075,2,9,0,18,0,1,0,0,0,0,4,1,6,1,51,8,-1,-1,-1,9,3
2014521406076,1,9,0,4,0,0,0,0,0,0,1,1,6,2,41,7,1968,2,5,7,3
2014521406076,2,9,0,4,0,0,1,0,0,0,1,1,6,1,18,4,1587,1,12,8,2
2014521406080,1,9,0,9,0,6,0,0,0,0,1,1,6,2,83,11,-1,-1,-1,9,1
2014521406080,2,1,0,18,0,8,1,0,0,0,1,1,6,1,48,8,-1,-1,-1,10,1
2014521406081,1,19,0,16,0,0,1,0,0,0,3,1,6,1,44,7,2496,2,18,2,1
2014521406081,2,9,0,17,0,0,1,0,0,0,1,1,6,1,41,7,1240,1,10,3,1
2014521406083,1,9,0,10,0,5,0,0,0,0,2,1,6,2,45,7,1242,1,15,3,1
2014521406083,2,9,0,18,0,1,0,0,0,0,1,1,6,1,24,5,-1,-1,-1,6,1
2014521406085,1,9,0,18,0,1,0,0,0,0,1,1,6,1,24,5,1598,1,16,10,1
2014521406085,2,97,0,18,0,1,0,0,0,0,1,1,6,1,21,5,499,1,13,10,3
2014521406088,1,11,0,18,0,2,0,0,0,0,4,1,6,1,62,9,9200,2,4,-1,1
2014521406089,1,2,0,18,0,8,0,0,0,0,1,1,6,2,19,4,124,1,10,2,1
2014521406089,2,9,0,9,0,6,0,0,0,0,3,1,6,2,35,6,-1,-1,-1,2,1
2014521406092,1,9,0,12,0,0,0,0,0,0,3,1,6,1,62,9,1995,2,9,8,2
2014521406092,2,1,0,18,0,0,0,0,0,0,1,1,6,1,31,6,-1,-1,-1,3,1
2014521406099,1,9,0,18,0,6,0,0,0,0,3,1,6,1,44,7,-1,-1,-1,5,1
2014521406099,2,1,0,18,0,8,0,0,0,0,1,1,6,1,28,6,-1,-1,-1,-1,1
2014521406104,1,9,0,4,0,1,0,0,0,0,2,1,6,1,70,10,1339,1,6,8,2
2014521406104,2,9,0,18,0,1,0,0,0,0,1,1,6,2,47,8,2198,1,10,4,2
2014521406107,1,9,0,18,0,1,1,0,0,0,1,1,6,2,39,7,1560,2,8,3,1
2014521406107,2,9,0,4,0,1,1,0,0,0,2,1,6,1,39,7,1398,2,3,3,1
2014521406110,1,22,0,18,0,8,0,0,0,0,3,1,6,1,48,8,-1,3,2,7,2
2014521406110,2,11,0,13,0,8,0,0,0,0,4,1,1,1,61,9,7300,2,9,3,1
2014521406113,1,1,0,18,0,8,0,0,0,0,1,1,2,2,20,4,-1,-1,-1,2,1
2014521406113,2,20,0,9,0,6,0,0,0,0,3,1,1,1,55,8,-1,-1,-1,-1,-1
2014521406118,1,9,0,18,0,8,0,0,0,0,3,1,6,1,50,8,-1,-1,-1,8,1
2014521406118,2,9,0,18,0,8,1,0,0,0,1,1,6,2,23,5,-1,-1,-1,2,1
2014521406120,1,9,0,18,0,1,0,0,0,0,1,1,6,1,55,8,1299,1,12,2,1
2014521406121,1,9,0,18,0,0,1,0,2,10,3,1,6,1,25,5,2362,1,11,4,1
2014521406122,1,2,0,18,0,8,0,0,0,0,3,1,6,2,34,6,125,1,1,1,1
2014521406122,2,9,0,9,0,5,0,0,0,0,3,1,6,2,69,10,973,1,11,8,1
2014521406123,1,9,0,4,0,1,0,0,0,0,3,1,6,2,45,7,1968,2,-1,6,1
2014521406123,2,1,0,5,0,6,0,0,0,0,1,1,6,2,22,5,-1,-1,-1,1,1
2014521406128,1,9,0,18,0,8,0,0,0,0,3,1,6,1,43,7,1560,2,6,3,2
2014521406128,2,4,0,5,0,8,0,0,0,0,1,1,6,1,33,6,998,1,14,2,1
2014521406129,1,9,0,9,0,0,0,0,0,0,1,1,6,2,62,9,2497,2,7,7,1
2014521406129,2,9,0,18,0,0,0,0,0,0,1,1,6,1,22,5,-1,-1,-1,7,1
2014521406131,1,1,0,18,0,8,0,0,0,0,1,1,6,3,-1,-1,-1,-1,-1,-1,-1
2014521406133,1,9,0,18,0,0,0,0,0,0,0,1,6,1,53,8,-1,-1,-1,2,1
2014521406133,2,9,0,18,0,0,0,0,0,0,1,1,6,1,21,5,-1,-1,-1,2,1
2014521406134,1,9,0,17,0,8,0,0,0,7,1,1,6,2,38,7,1587,1,12,1,1
2014521406136,1,8,0,5,0,2,0,0,0,0,2,1,6,1,59,9,-1,-1,-1,1,1
2014521406136,2,9,0,17,0,2,0,0,0,0,4,1,6,2,18,4,1198,1,-1,10,3
2014521406137,1,9,0,9,0,8,0,0,0,0,4,1,6,2,55,8,1360,1,9,8,1
2014521406137,2,9,0,18,0,4,0,0,0,0,1,1,6,1,71,10,1896,2,11,9,3
2014521406140,1,9,0,18,0,0,0,0,0,0,4,1,6,2,19,4,1461,2,13,-1,1
2014521406152,1,9,0,18,0,1,0,0,0,0,4,1,6,1,70,10,2435,1,13,5,1
2014521406152,2,9,0,9,0,6,0,0,0,0,2,1,6,1,28,6,-1,-1,-1,3,1
2014521406157,1,4,0,18,0,8,0,0,0,0,1,1,6,1,50,8,885,1,18,3,1
2014521406157,2,9,0,9,0,5,0,0,0,0,4,1,6,1,19,4,-1,-1,-1,10,1
2014521406158,1,9,4,18,0,0,4,0,1,0,0,1,6,1,42,7,2495,2,11,5,1
2014521406158,2,9,0,18,0,0,0,10,7,0,0,1,6,2,22,5,1362,1,1,6,1
2014521406162,1,9,0,18,0,8,0,0,0,0,0,1,6,2,78,11,-1,-1,-1,8,2
2014521406162,2,1,0,18,0,8,0,0,0,0,1,1,6,2,54,8,-1,-1,-1,7,1
2014521406164,1,9,0,3,0,8,0,0,0,0,2,1,6,1,33,6,1896,2,7,-1,1
2014521406164,2,9,0,18,0,8,0,0,0,0,1,1,6,1,24,5,1560,2,-1,-1,1
2014521406165,1,21,1,17,0,1,3,0,0,0,0,1,6,1,22,5,-1,-1,-1,10,1
2014521406166,1,9,0,18,0,8,0,0,0,0,4,1,6,2,21,5,1200,1,11,4,1
2014521406166,2,9,0,9,0,6,0,0,0,0,1,1,6,1,51,8,1973,1,13,6,1
2014521406168,1,9,0,18,0,0,0,4,0,0,3,1,6,2,53,8,1896,2,8,6,1
2014521406168,2,9,0,2,0,0,0,0,0,0,2,1,6,3,-1,-1,-1,-1,-1,-1,-1
2014521406172,1,1,0,18,0,8,0,0,0,0,4,1,6,2,22,5,-1,-1,-1,3,1
2014521406172,2,9,0,7,0,6,0,0,0,0,1,1,6,1,32,6,1984,1,8,7,1
2014521406195,1,9,0,9,0,5,0,0,0,0,3,1,6,2,42,7,998,1,7,5,1
2014521406195,2,9,0,18,0,8,0,0,0,0,1,1,6,1,31,6,-1,-1,-1,2,1
2014521406197,1,4,0,13,0,1,0,0,0,0,1,1,6,1,20,4,748,1,26,9,1
2014521406197,2,9,0,9,0,1,0,0,0,0,2,1,6,1,76,11,1595,1,2,2,1
2014521406198,1,9,0,2,0,0,0,0,0,0,2,1,1,2,30,6,1560,2,3,-1,-1
2014521406198,2,9,0,18,0,0,0,0,0,0,1,1,6,1,47,8,2179,2,12,7,1
2014521406212,1,1,0,18,0,0,0,0,0,0,2,1,6,2,24,5,-1,-1,-1,9,1
2014521406212,2,9,0,1,0,0,0,0,0,0,2,1,6,2,39,7,1240,1,8,-1,-1
2014521406213,1,1,0,18,2,0,0,0,0,0,1,1,4,1,16,4,-1,-1,-1,1,1
2014521406213,2,11,0,13,2,0,0,0,0,0,0,1,1,1,40,7,-1,-1,-1,-1,-1
2014521406215,1,1,0,18,0,8,0,0,0,0,1,1,6,1,26,6,-1,-1,-1,9,1
2014521406215,2,9,0,9,0,8,0,0,0,0,1,1,6,1,-1,-1,2993,2,3,8,3
2014521406223,1,1,0,18,0,8,0,0,0,0,3,1,6,1,33,6,-1,-1,-1,4,1
2014521406223,2,9,0,9,0,5,0,0,0,0,1,1,6,1,20,4,1596,1,13,-1,-1
2014521406225,1,9,0,18,0,1,0,0,0,0,4,1,6,3,-1,-1,1988,2,9,-1,-1
2014521406241,1,9,0,16,0,0,0,0,0,0,1,1,6,2,39,7,1388,1,15,7,3
2014521406241,2,9,0,17,0,0,0,0,0,0,1,1,6,1,45,7,1149,1,6,2,1
2014521406244,1,9,0,4,0,0,0,0,0,0,1,1,6,2,36,7,1198,1,11,1,1
2014521406244,2,9,0,4,0,0,0,0,0,0,2,1,6,1,76,11,1368,1,3,6,1
2014521406244,3,9,0,4,0,0,0,0,0,0,1,1,6,2,73,10,4196,1,6,4,1
2014521406246,1,9,0,18,0,0,0,0,0,0,1,1,6,3,-1,-1,-1,-1,-1,-1,-1
2014521406246,2,1,0,12,0,0,0,0,0,0,2,1,6,1,10,2,-1,-1,-1,2,1
2014521406251,1,9,0,12,0,0,0,0,0,0,1,1,6,1,34,6,1240,1,11,-1,1
2014521406251,2,9,0,18,0,0,0,0,0,0,1,1,6,2,25,5,1397,1,7,6,1
2014521406257,1,5,0,12,0,1,0,0,0,0,1,1,6,1,51,8,899,1,20,1,1
2014521406257,2,9,0,11,0,1,0,0,0,0,4,1,6,1,32,6,5935,1,5,7,1
2014521406258,1,9,0,4,0,0,0,0,0,0,2,1,6,1,34,6,2969,2,7,10,1
2014521406258,2,9,0,4,0,0,0,0,0,0,1,1,6,1,41,7,2776,2,8,2,1
2014521406258,3,9,0,4,0,0,0,0,0,0,1,1,6,2,-1,-1,1753,2,4,8,1
2014521406258,4,9,0,4,0,0,0,0,0,0,1,1,6,2,77,11,1560,2,4,4,1
2014521406258,5,9,0,4,0,0,0,0,0,0,2,1,6,2,-1,-1,1600,1,3,-1,-1
2014521406258,6,9,0,4,0,0,0,0,0,0,2,1,6,1,39,7,1896,2,7,8,1
2014521406258,7,9,0,4,0,0,0,0,0,0,1,1,6,1,53,8,1798,1,8,9,1
2014521406260,1,9,0,18,0,2,0,0,0,0,4,1,6,3,-1,-1,-1,-1,-1,-1,-1
2014521406261,1,9,0,18,0,1,0,0,0,0,0,1,6,2,45,7,1991,2,10,6,1
2014521406261,2,9,0,18,0,1,0,0,0,0,2,1,6,2,21,5,1796,1,15,-1,1
2014521406262,1,9,0,18,0,4,0,9,1,2,1,1,6,1,30,6,1781,1,13,9,1
2014521406263,1,9,0,18,0,0,0,0,0,0,1,1,6,1,26,6,1596,1,11,9,1
2014521406263,2,1,0,18,0,0,0,0,0,0,1,1,6,1,16,4,-1,-1,-1,10,3
2014521406264,1,9,0,18,0,1,0,0,0,0,1,1,6,1,44,7,1686,2,-1,8,1
2014521406264,2,9,0,3,0,1,0,0,0,0,2,1,6,1,33,6,1242,1,8,-1,1
2014521406266,1,9,0,18,0,0,1,0,1,10,1,1,6,2,30,6,1596,1,4,9,2
2014521406280,1,9,0,12,0,0,0,0,0,0,3,1,6,1,24,5,-1,-1,-1,7,2
2014521406280,2,9,0,18,0,0,0,0,0,0,4,1,6,1,40,7,1341,1,17,3,1
2014521406283,1,9,0,9,0,8,0,0,0,0,3,1,6,1,49,8,1596,1,12,2,1
2014521406283,2,9,0,11,0,8,0,0,0,0,4,1,6,2,24,5,1199,1,11,10,1
2014521406283,3,9,0,3,0,8,0,0,0,0,2,1,6,1,21,5,1587,1,13,-1,-1
2014521406283,4,9,0,3,0,8,0,0,0,0,2,1,6,1,58,9,1598,2,1,8,1
2014521406286,1,5,0,18,0,1,0,8,0,0,2,1,6,1,39,7,782,1,3,5,1
2014521406286,2,9,0,3,0,1,0,0,0,0,4,1,6,1,25,5,1968,2,7,7,1
2014521406288,1,9,0,17,0,0,0,4,0,0,1,1,6,1,27,6,1796,1,15,3,1
2014521406288,2,9,0,2,0,0,0,4,0,0,1,1,6,3,-1,-1,2497,2,10,-1,-1
2014521406288,3,9,0,2,0,0,0,0,0,0,1,1,6,3,-1,-1,-1,-1,-1,-1,-1
2014521406295,1,9,0,18,0,0,0,0,0,0,1,1,6,1,50,8,1388,1,11,9,1
2014521406297,1,9,0,9,0,8,0,0,0,0,1,1,6,1,38,7,1796,1,15,-1,1
2014521406297,2,9,0,18,0,8,0,0,0,0,3,1,6,1,39,7,1769,1,12,4,1
2014521406311,1,9,0,18,0,0,0,0,0,0,1,1,6,1,25,5,1995,2,9,7,1
2014521406311,2,9,0,3,0,0,0,0,0,0,2,1,6,2,48,8,1197,1,1,7,3
2014521406316,1,2,0,18,0,8,0,0,0,0,1,1,2,2,39,7,49,1,-1,7,1
2014521406316,2,9,0,18,0,8,0,0,0,0,1,1,6,2,70,10,-1,-1,-1,9,1
2014521406319,1,9,0,18,0,0,0,0,0,0,3,1,6,1,44,7,1242,1,11,5,1
2014521406322,1,20,0,11,0,0,0,0,0,0,1,1,1,1,22,5,-1,-1,-1,-1,-1
2014521406322,2,9,0,18,0,0,1,0,1,7,2,1,6,2,50,8,1598,2,3,-1,1
2014521406325,1,9,0,18,0,1,0,0,0,0,1,1,6,2,23,5,1598,1,11,-1,1
2014521406325,2,9,0,4,0,1,0,0,0,0,2,1,6,1,80,11,1339,8,3,7,3
2014521406325,3,9,0,4,0,1,0,0,0,0,2,1,6,2,24,5,998,1,-1,-1,1
2014521406326,1,9,0,3,0,1,0,0,0,0,3,1,6,1,45,7,1461,2,7,9,1
2014521406326,2,5,0,13,0,1,0,0,0,0,4,1,6,1,25,5,599,1,10,5,1
2014521406327,1,9,0,4,0,1,0,0,0,0,2,1,6,1,67,10,-1,-1,-1,8,1
2014521406327,2,9,0,4,0,1,0,0,0,0,1,1,6,1,27,6,1995,2,3,9,2
2014521406334,1,9,0,18,0,0,0,0,0,0,1,1,6,1,69,10,1968,2,4,9,3
2014521406334,2,9,0,18,0,0,0,0,0,0,1,1,6,1,39,7,-1,-1,-1,-1,1
2014521406334,3,9,0,18,0,0,0,0,0,0,1,1,6,1,61,9,1597,2,-1,8,1
2014521406334,4,9,0,2,0,0,0,0,0,0,0,1,6,3,-1,-1,-1,-1,-1,-1,-1
2014521406335,1,9,0,18,0,0,0,0,0,0,1,1,6,1,67,10,1388,1,2,8,2
2014521406338,1,9,0,18,0,0,0,0,8,2,1,1,6,1,-1,-1,1796,1,14,1,1
2014521406341,1,9,0,18,0,0,0,0,0,0,1,1,6,2,28,6,1242,1,4,7,1
2014521406344,1,9,0,18,0,0,0,0,0,10,1,1,6,1,42,7,-1,-1,-1,10,1
2014521406345,1,9,0,18,0,8,0,0,0,0,1,1,6,2,42,7,-1,-1,-1,10,1
2014521406348,1,9,0,18,0,0,0,0,0,0,0,1,6,1,75,10,1984,1,7,10,1
2014521406350,1,19,0,13,0,1,0,0,0,0,4,1,6,3,30,6,-1,-1,-1,-1,-1
2014521406350,2,1,0,18,0,1,0,0,0,0,3,1,6,2,52,8,-1,-1,-1,-1,1
2014521406355,1,9,0,18,0,4,0,0,0,0,1,1,6,1,38,7,-1,-1,-1,6,1
2014521406355,2,9,0,3,0,8,0,0,0,0,2,1,6,1,31,6,2993,2,8,-1,1
2014521406356,1,9,0,5,0,6,0,0,0,0,1,1,6,1,59,9,1910,2,7,5,1
2014521406356,2,1,0,18,0,8,0,0,0,0,3,1,6,1,31,6,-1,-1,-1,8,1
2014521406357,1,9,0,18,0,0,1,0,0,0,1,1,6,1,23,5,1753,2,8,10,2
2014521406357,2,9,0,18,0,0,0,0,0,0,1,1,6,1,19,4,1198,1,4,1,1
2014521406361,1,9,0,18,0,8,0,0,0,0,1,1,6,1,44,7,2149,2,7,1,1
2014521406361,2,1,0,18,0,6,0,0,0,0,1,1,6,1,19,4,-1,-1,-1,1,1
2014521406367,1,9,0,18,0,1,0,0,0,0,1,1,6,1,22,5,1368,1,6,2,1
2014521406367,2,1,0,3,0,1,0,0,0,0,2,1,6,1,24,5,-1,-1,-1,7,1
2014521406369,1,3,0,18,0,0,0,0,0,0,0,1,6,1,19,4,124,1,22,5,1
2014521406369,2,9,0,18,0,0,0,0,0,0,0,1,6,2,45,7,1956,2,1,9,1
2014521406371,1,9,0,18,0,1,0,0,0,0,4,1,6,1,50,8,1896,2,8,4,1
2014521406373,1,9,0,18,0,1,0,0,0,0,1,1,6,1,52,8,1998,1,17,3,1
2014521406373,2,9,0,9,0,5,0,0,0,0,2,1,6,1,52,8,1388,1,9,1,1
2014521406374,1,4,0,18,0,8,0,0,0,0,1,1,6,1,30,6,124,1,2,4,1
2014521406374,2,9,0,9,0,6,0,0,0,0,3,1,6,1,19,4,1596,1,8,4,1
2014521406376,1,9,0,18,0,4,0,0,0,0,3,1,6,1,67,10,1796,1,13,6,1
2014521406376,2,1,0,18,0,8,0,0,0,0,1,1,6,1,41,7,-1,-1,-1,9,1
2014521406377,1,9,0,9,0,5,0,0,0,0,3,1,6,1,48,8,1399,1,10,1,1
2014521406377,2,1,0,18,0,8,1,0,0,0,1,1,6,1,23,5,-1,-1,-1,8,1
2014521406378,1,9,0,3,0,0,0,0,0,0,2,1,6,1,73,10,1596,1,7,3,1
2014521406378,2,5,0,3,0,0,0,0,0,0,3,1,6,1,62,9,1340,1,24,3,1
2014521406378,3,9,0,3,0,0,0,0,0,0,2,1,6,2,66,10,1598,2,2,7,2
2014521406378,4,9,0,18,0,0,0,0,0,0,1,1,6,2,47,8,1332,1,15,5,2
2014521406380,1,9,0,11,0,3,0,0,0,0,4,1,6,2,47,8,1399,2,8,6,3
2014521406380,2,5,0,18,0,8,0,0,0,0,3,1,6,1,59,9,1450,1,9,10,1
2014521406382,1,9,0,18,0,0,0,0,0,0,1,1,6,1,55,8,1248,1,3,4,1
2014521406382,2,9,0,18,0,0,1,0,0,0,1,1,6,1,39,7,1493,1,14,1,1
2014521406394,1,9,0,18,0,0,0,0,0,0,4,1,6,1,19,4,1761,1,14,5,1
2014521406394,2,9,0,12,0,0,0,0,0,0,3,1,6,3,25,5,-1,-1,-1,-1,-1
2014521406395,1,19,0,18,0,8,0,10,0,0,3,1,6,2,33,6,-1,-1,-1,2,1
2014521406395,2,9,0,9,0,5,0,0,0,0,1,1,6,3,-1,-1,-1,-1,-1,-1,-1
2014521406397,1,9,0,18,0,8,0,0,0,0,2,1,6,3,-1,-1,-1,-1,-1,-1,-1
2014521406400,1,1,0,18,0,0,0,0,0,0,3,1,6,1,19,4,-1,-1,-1,2,1
2014521406400,2,20,0,13,0,0,0,0,0,0,4,1,6,3,-1,-1,-1,-1,-1,-1,-1
2014521406402,1,19,0,18,0,1,0,0,0,0,1,1,1,1,25,5,1968,2,3,2,1
2014521406402,2,9,0,10,0,1,0,0,0,0,2,1,6,2,42,7,1199,1,12,6,1
2014521406402,3,9,0,10,0,1,0,0,0,0,2,1,6,1,51,8,1396,2,-1,-1,1
2014521406404,1,5,0,18,0,8,0,0,0,0,4,1,6,1,50,8,656,1,9,2,1
2014521406404,2,9,0,9,0,4,0,0,0,0,1,1,6,1,21,5,1124,1,9,2,1
2014521406409,1,9,0,11,2,0,0,0,0,0,4,1,6,2,50,8,1242,1,2,8,1
2014521406409,2,4,0,18,2,0,0,0,0,0,1,1,6,1,58,9,599,1,9,5,1
2014521406421,1,8,0,8,0,2,0,0,0,0,1,1,1,1,40,7,1997,2,5,2,1
2014521406421,2,21,0,3,0,1,0,0,0,0,4,1,1,1,50,8,12777,2,7,-1,-1
2014521406427,1,1,0,18,0,8,0,0,0,0,1,1,6,1,17,4,-1,-1,-1,-1,-1
2014521406427,2,9,0,7,0,5,0,0,0,0,1,1,6,2,30,6,1560,2,-1,4,1
2014521406431,1,9,0,18,0,0,0,0,0,0,4,1,6,3,-1,-1,1870,2,8,-1,-1
2014521406434,1,1,0,18,0,1,0,0,0,0,1,1,6,1,41,7,-1,-1,-1,8,1
2014521406434,2,9,0,12,0,1,0,0,0,0,1,1,6,3,-1,-1,-1,-1,-1,-1,-1
2014521406435,1,3,0,18,0,0,1,0,0,0,1,1,6,1,34,6,108,1,1,-1,-1
2014521406435,2,9,0,18,0,0,0,0,0,0,1,1,6,1,48,8,1560,2,7,3,1
2014521406441,1,9,0,18,0,0,5,0,0,0,1,1,6,1,21,5,1149,1,13,10,3
2014521406441,2,9,0,18,0,0,0,0,1,10,1,1,6,2,36,7,1390,1,12,7,1
2014521406449,1,9,0,7,0,8,0,0,0,0,0,1,6,3,-1,-1,1761,1,14,-1,-1
2014521406449,2,5,0,18,0,8,0,10,0,0,1,1,6,1,46,8,1043,1,1,7,1