Accident_Index,Vehicle_Reference,Vehicle_Type,Towing_and_Articulation,Vehicle_Manoeuvre,Vehicle_Location-Restricted_Lane,Junction_Location,Skidding_and_Overturning,Hit_Object_in_Carriageway,Vehicle_Leaving_Carriageway,Hit_Object_off_Carriageway,1st_Point_of_Impact,Was_Vehicle_Left_Hand_Drive?,Journey_Purpose_of_Driver,Sex_of_Driver,Age_of_Driver,Age_Band_of_Driver,Engine_Capacity_(CC),Propulsion_Code,Age_of_Vehicle,Driver_IMD_Decile,Driver_Home_Area_Type
2014521406449,3,9,0,18,0,1,0,0,0,0,2,1,6,1,55,8,-1,-1,-1,3,1
2014521406453,1,9,0,3,0,0,0,0,0,0,2,1,6,2,41,7,2204,2,8,5,1
2014521406453,2,3,0,3,0,0,0,0,0,0,2,1,6,1,62,9,124,1,-1,9,1
2014521406453,3,9,0,18,0,0,0,0,0,0,1,1,6,2,48,8,1398,2,9,6,1
2014521406454,1,9,0,17,0,0,5,10,2,2,1,1,6,1,19,4,1497,1,12,6,1
2014521406455,1,9,0,18,0,8,0,0,0,0,1,1,6,2,50,8,1598,1,11,6,1
2014521406455,2,9,0,9,0,6,0,0,0,0,1,1,6,2,19,4,1896,2,7,7,1
2014521406459,1,9,0,7,0,6,0,0,0,0,1,1,6,1,45,7,1834,1,13,-1,1
2014521406459,2,5,0,18,0,8,0,0,0,0,1,1,6,1,21,5,749,1,10,1,1
2014521406460,1,9,0,7,0,6,0,0,0,0,3,1,6,2,68,10,1988,1,15,1,1
2014521406460,2,9,0,4,0,8,0,0,0,0,3,1,6,2,20,4,-1,-1,-1,3,1
2014521406460,3,9,0,4,0,8,0,0,0,0,4,1,6,1,17,4,1299,1,11,3,1
2014521406464,1,9,0,7,0,6,0,0,0,0,1,1,6,1,77,11,1560,2,8,6,1
2014521406464,2,9,0,18,0,8,0,0,0,0,1,1,6,1,83,11,998,1,1,10,3
2014521406468,1,2,0,18,0,2,0,0,0,0,1,1,6,1,18,4,49,1,5,-1,-1
2014521406468,2,9,0,6,0,2,0,0,0,0,3,1,6,1,45,7,1749,1,10,-1,-1
2014521406469,1,9,0,18,0,0,0,0,0,0,2,1,6,1,24,5,1242,1,13,10,3
2014521406469,2,3,0,18,0,0,0,0,0,0,1,1,6,1,30,6,125,1,2,2,1
2014521406470,1,9,0,13,2,0,0,0,0,0,2,1,6,2,51,8,1791,8,2,6,1
2014521406470,2,21,0,18,2,0,0,0,0,0,1,1,6,1,26,6,-1,-1,-1,7,1
2014521406479,1,9,0,18,0,8,0,0,0,0,3,1,6,2,54,8,1198,1,-1,3,1
2014521406479,2,9,0,13,0,8,0,0,0,0,1,1,6,2,20,4,-1,-1,-1,-1,-1
2014521406485,1,9,0,3,0,1,0,0,0,0,2,1,6,2,41,7,1229,1,9,6,1
2014521406485,2,9,0,18,0,1,0,0,0,0,1,1,6,2,45,7,-1,-1,-1,-1,-1
2014521406509,1,9,0,4,0,0,0,0,0,0,2,1,2,2,49,8,1242,1,-1,7,1
2014521406509,2,19,0,4,0,0,0,0,0,0,1,1,6,1,30,6,-1,-1,-1,-1,-1
2014521406521,1,9,0,5,0,0,0,0,0,0,4,1,6,1,40,7,1968,2,-1,5,1
2014521406526,1,19,0,18,0,0,0,0,0,0,3,1,6,1,54,8,2151,2,12,7,1
2014521406526,2,9,5,18,0,0,0,0,0,0,3,1,6,3,-1,-1,-1,-1,-1,-1,-1
2014521406533,1,9,0,3,0,8,0,0,0,0,0,1,6,1,65,9,1498,1,6,1,1
2014521406533,2,9,0,3,0,8,0,0,0,0,4,1,6,1,18,4,1461,2,13,-1,-1
2014521406535,1,1,0,18,0,8,0,0,0,0,1,1,6,2,21,5,-1,-1,-1,1,1
2014521406535,2,8,0,9,0,6,0,0,0,0,1,1,6,1,40,7,1560,2,4,-1,-1
2014521406537,1,5,0,16,0,8,1,0,1,9,0,1,2,1,45,7,599,1,3,2,1
2014521406537,2,20,0,17,0,8,0,0,0,0,0,1,6,3,-1,-1,-1,-1,-1,-1,-1
2014521406546,1,9,0,7,0,1,0,0,0,0,1,1,6,2,30,6,1800,1,15,6,1
2014521406552,1,9,0,9,0,5,0,0,0,0,4,1,6,1,43,7,1896,2,14,3,1
2014521406552,2,1,0,18,0,8,0,0,0,0,1,1,6,2,35,6,-1,-1,-1,7,1
2014521406556,1,9,0,16,0,0,0,0,0,7,1,1,6,1,18,4,1328,1,6,-1,1
2014521406558,1,97,0,18,0,0,0,0,0,0,2,1,6,1,39,7,999,1,4,5,1
2014521406558,2,97,0,18,0,0,0,0,0,0,1,1,6,1,27,6,899,1,14,10,1
2014521406561,1,9,0,10,0,8,0,0,0,0,1,1,6,2,47,8,1769,1,14,9,1
2014521406561,2,9,0,18,0,8,0,0,0,0,1,1,6,1,63,9,1242,1,5,7,3
2014521406573,1,9,0,7,0,8,0,0,0,0,0,1,6,1,67,10,1560,2,1,7,3
2014521406573,2,1,0,18,0,8,1,0,0,0,1,1,6,2,25,5,-1,-1,-1,1,1
2014521406576,1,1,0,18,0,0,0,0,0,0,3,1,6,1,46,8,-1,-1,-1,8,1
2014521406576,2,11,0,18,0,0,0,0,0,0,4,1,1,3,-1,-1,-1,-1,-1,-1,-1
2014521406578,1,9,0,4,0,1,0,0,0,0,1,1,6,2,24,5,1870,2,11,-1,1
2014521406578,2,9,0,3,0,1,0,0,0,0,2,1,6,1,44,7,-1,-1,-1,7,3
2014521406578,3,9,0,3,0,1,0,0,0,0,2,1,6,1,63,9,1988,2,8,7,3
2014521406582,1,9,0,3,0,1,0,0,0,0,4,1,6,1,38,7,1248,1,2,-1,1
2014521406582,2,1,0,18,0,1,0,8,0,0,1,1,6,2,36,7,-1,-1,-1,1,1
2014521406583,1,9,0,4,0,1,0,0,0,0,1,1,6,2,83,11,1596,1,8,8,1
2014521406583,2,9,0,2,0,8,0,0,0,0,2,1,6,1,58,9,-1,-1,-1,3,1
2014521406585,1,9,0,9,0,8,0,0,0,0,1,1,6,1,26,6,1396,1,10,10,1
2014521406585,2,1,0,18,0,4,0,0,0,0,4,1,6,1,14,3,-1,-1,-1,10,1
2014521406586,1,9,0,9,0,5,0,0,0,0,1,1,6,1,36,7,-1,-1,-1,3,1
2014521406586,2,9,0,3,0,8,0,0,0,0,2,1,6,1,24,5,1560,2,-1,5,1
2014521406586,3,9,0,3,0,8,0,0,0,0,1,1,6,1,25,5,1242,1,1,1,1
2014521406587,1,9,0,2,5,0,0,0,0,0,4,1,6,1,63,9,1461,2,3,3,1
2014521406587,2,1,0,18,5,0,0,8,0,0,1,1,6,1,34,6,-1,-1,-1,-1,-1
2014521406595,1,1,0,18,0,1,1,0,0,0,1,1,2,1,40,7,-1,-1,-1,6,1
2014521406595,2,19,0,7,0,5,0,0,0,0,0,1,6,3,35,6,-1,-1,-1,-1,-1
2014521406597,1,1,0,17,0,8,0,0,0,0,1,1,1,1,38,7,-1,-1,-1,6,1
2014521406597,2,9,0,9,0,5,0,0,0,0,4,1,6,1,25,5,-1,-1,-1,-1,1
2014521406610,1,9,0,18,0,0,0,0,0,0,1,1,6,2,24,5,1560,2,-1,9,1
2014521406612,1,9,0,5,0,4,0,0,0,0,4,1,6,1,66,10,1995,2,6,8,3
2014521406612,2,1,0,3,0,4,0,0,0,0,3,1,6,2,30,6,-1,-1,-1,-1,-1
2014521406623,1,9,0,17,0,0,0,0,1,10,1,1,6,1,21,5,1587,1,9,-1,1
2014521406627,1,9,0,9,0,5,0,0,0,0,3,1,6,2,23,5,1560,2,1,3,1
2014521406627,2,2,0,13,0,8,0,0,0,0,1,1,6,1,-1,-1,49,1,12,-1,-1
2014521406629,1,9,0,3,0,0,0,0,0,0,2,1,6,2,24,5,1248,1,3,10,1
2014521406629,2,9,0,18,0,0,0,0,0,0,1,1,6,1,30,6,-1,-1,-1,-1,-1
2014521406635,1,9,0,18,0,8,0,0,0,0,3,1,6,1,33,6,2204,2,8,6,1
2014521406635,2,1,0,18,0,6,1,0,0,0,1,1,6,1,29,6,-1,-1,-1,8,1
2014521406638,1,1,0,15,0,0,0,8,0,0,1,1,1,1,29,6,-1,-1,-1,4,1
2014521406638,2,9,0,3,0,0,0,0,0,0,4,1,6,3,30,6,1598,1,9,-1,-1
2014521406641,1,9,0,1,0,1,0,0,0,0,2,1,6,1,25,5,1956,2,3,4,1
2014521406643,1,9,0,11,0,0,0,0,0,0,4,1,6,3,-1,-1,-1,-1,-1,-1,-1
2014521406643,2,1,0,15,0,0,0,0,0,0,1,1,6,1,31,6,-1,-1,-1,4,1
2014521406645,1,11,0,3,0,1,0,0,0,0,0,1,6,1,64,9,9360,2,7,6,1
2014521406645,2,3,0,3,0,1,0,0,0,0,0,1,6,3,-1,-1,-1,-1,-1,-1,-1
2014521406647,1,9,0,5,0,8,0,0,0,0,1,1,6,1,71,10,1598,1,16,7,1
2014521406647,2,1,0,5,0,8,0,0,0,0,3,1,6,1,68,10,-1,-1,-1,8,1
2014521406656,1,17,0,18,0,0,0,0,0,0,2,1,1,1,61,9,-1,-1,-1,7,1
2014521406658,1,9,0,18,0,1,0,0,0,0,1,1,6,2,23,5,-1,-1,-1,7,3
2014521406660,1,9,0,18,0,0,0,0,0,0,1,1,6,1,31,6,-1,-1,-1,9,3
2014521406660,2,9,0,4,0,0,0,0,0,0,2,1,6,1,42,7,-1,-1,-1,8,3
2014521406660,3,9,0,4,0,0,0,0,0,0,2,1,6,2,42,7,-1,-1,-1,7,2
2014521406660,4,9,0,4,0,0,0,0,0,0,2,1,6,1,58,9,-1,-1,-1,7,2
2014521406666,1,9,0,5,0,8,0,0,0,10,1,1,6,1,50,8,1769,1,12,8,1
2014521406666,2,9,0,2,0,8,0,0,0,0,1,1,6,2,24,5,1910,2,6,2,1
2014521406671,1,9,0,18,0,8,0,0,0,0,1,1,6,1,61,9,5998,1,7,10,1
2014521406671,2,3,0,18,0,8,0,0,0,0,3,1,6,2,35,6,124,1,15,7,1
2014521406681,1,9,0,18,0,1,0,0,0,0,1,1,6,2,-1,-1,1596,1,14,3,1
2014521406681,2,9,0,3,0,1,0,0,0,0,2,1,6,2,38,7,1390,1,-1,7,1
2014521406684,1,11,0,5,8,0,0,0,0,0,4,1,1,1,32,6,9360,2,7,3,1
2014521406689,1,1,0,16,0,0,0,0,0,0,3,1,6,1,60,9,-1,-1,-1,10,1
2014521406689,2,9,0,18,0,0,0,0,0,0,1,1,6,1,-1,-1,3996,1,16,7,2
2014521406693,1,9,0,11,0,8,0,0,0,0,0,1,6,1,52,8,2979,1,13,7,1
2014521406693,2,9,0,16,0,8,0,0,4,6,3,1,6,1,56,9,-1,-1,-1,-1,3
2014521406695,1,9,0,9,0,5,0,0,0,0,1,1,6,2,25,5,1199,1,13,8,1
2014521406695,2,1,0,18,0,8,0,0,0,0,1,1,6,2,29,6,-1,-1,-1,5,1
2014521406696,1,9,0,9,0,5,0,0,0,0,4,1,6,1,55,8,1422,2,9,6,1
2014521406696,2,5,0,13,0,8,0,0,0,0,1,1,6,1,40,7,-1,-1,-1,-1,-1
2014521406699,1,9,0,11,0,1,0,4,0,0,1,1,6,1,22,5,1396,1,11,-1,-1
2014521406699,2,9,0,2,0,1,0,0,0,0,2,1,6,3,-1,-1,2496,2,15,-1,-1
2014521406700,1,9,0,4,0,0,0,0,0,0,1,1,2,1,62,9,2179,2,1,5,1
2014521406700,2,9,0,3,0,0,0,0,0,0,2,1,6,2,40,7,1896,2,6,9,1
2014521406700,3,9,0,3,0,0,0,0,0,0,2,1,6,1,27,6,1896,2,6,5,1
2014521406702,1,19,0,1,0,0,0,0,0,0,2,1,6,1,47,8,-1,-1,-1,4,1
2014521406709,1,3,0,18,0,8,0,0,0,0,1,1,6,1,31,6,124,1,10,9,2
2014521406711,1,9,0,18,0,0,0,0,0,0,1,1,6,1,18,4,1229,1,8,3,1
2014521406712,1,9,0,9,0,4,0,0,0,0,3,1,6,2,37,7,1198,1,6,5,1
2014521406712,2,9,0,18,0,4,0,0,0,0,1,1,6,1,47,8,-1,-1,-1,6,1
2014521406714,1,9,0,18,0,0,0,0,0,0,4,1,6,2,30,6,-1,-1,-1,-1,-1
2014521406716,1,9,0,5,0,2,0,0,0,0,1,1,6,1,40,7,1339,1,7,10,1
2014521406716,2,9,0,18,0,8,0,0,3,10,1,1,6,3,-1,-1,1995,2,6,-1,-1
2014521406716,3,9,0,18,0,8,0,0,0,0,1,1,6,3,-1,-1,1587,1,14,-1,-1
2014521406716,4,9,0,18,0,8,0,0,0,0,0,1,6,3,-1,-1,-1,-1,-1,-1,-1
2014521406718,1,9,0,12,0,0,0,0,0,0,3,1,6,2,22,5,1149,1,15,6,2
2014521406718,2,11,0,18,0,0,0,0,0,0,4,1,1,1,47,8,4500,2,6,2,1
2014521406723,1,9,0,3,0,1,0,0,0,0,2,1,6,2,25,5,1598,1,3,1,1
2014521406723,2,9,0,3,0,1,0,0,0,0,2,1,6,2,58,9,1461,2,11,5,1
2014521406723,3,9,0,18,0,1,0,0,0,0,1,1,6,1,19,4,1587,1,15,-1,1
2014521406726,1,1,0,18,0,0,0,0,0,0,1,1,4,1,16,4,-1,-1,-1,4,1
2014521406726,2,9,0,3,0,0,0,0,0,0,1,1,6,2,47,8,1198,1,2,3,1
2014521406731,1,1,0,18,0,2,0,0,0,0,1,1,6,1,30,6,-1,-1,-1,10,1
2014521406731,2,9,0,2,0,2,0,0,0,0,3,1,6,3,-1,-1,-1,-1,-1,-1,-1
2014521406733,1,9,0,18,0,8,0,0,0,0,1,1,6,1,26,6,-1,-1,-1,-1,1
2014521406733,2,9,0,3,0,2,0,0,0,0,2,1,6,1,25,5,-1,-1,-1,2,1
2014521406736,1,9,0,16,0,8,0,0,0,0,1,1,6,1,29,6,-1,-1,-1,6,1
2014521406736,2,1,0,9,0,6,0,0,0,0,1,1,6,1,20,4,-1,-1,-1,-1,1
2014521406737,1,3,0,18,2,8,0,0,0,0,1,1,6,2,61,9,124,1,2,4,1
2014521406737,2,9,0,9,2,5,0,0,0,0,3,1,6,1,28,6,-1,-1,-1,1,1
2014521406741,1,1,0,18,0,8,0,0,0,0,1,1,2,1,28,6,-1,-1,-1,-1,1
2014521406741,2,9,0,7,0,5,0,0,0,0,4,1,6,1,40,7,-1,-1,-1,8,1
2014521406750,1,2,0,14,0,1,0,0,0,0,1,1,6,1,26,6,49,1,4,7,3
2014521406750,2,9,0,3,0,1,0,0,0,0,2,1,6,1,24,5,1124,1,14,4,1
2014521406757,1,9,0,5,0,1,0,0,0,0,4,1,6,1,64,9,1997,2,-1,9,1
2014521406773,1,9,0,1,0,6,0,4,0,0,2,1,6,2,85,11,1386,1,10,3,1
2014521406773,2,9,0,2,0,2,0,0,0,0,3,1,6,3,-1,-1,1968,2,9,-1,-1
2014521406773,3,9,0,2,0,2,0,0,0,0,4,1,6,3,-1,-1,1386,1,8,-1,-1
2014521406776,1,9,0,16,0,1,0,10,0,10,4,1,2,2,35,6,1598,1,11,4,1
2014521406782,1,9,0,18,0,0,1,0,4,6,4,1,6,2,34,6,1339,1,10,2,1
2014521406782,2,19,0,18,0,0,0,0,0,0,3,1,6,1,22,5,4250,2,2,9,1
2014521406782,3,19,0,12,0,0,0,0,0,0,0,1,6,3,40,7,2143,2,1,-1,-1
2014521406787,1,9,0,18,0,8,0,0,0,0,1,1,6,1,24,5,-1,-1,-1,5,1
2014521406787,2,9,0,9,0,6,0,0,0,0,4,1,6,1,45,7,1956,2,3,8,2
2014521406792,1,9,0,14,0,0,0,0,0,0,3,1,6,2,66,10,2700,6,14,8,3
2014521406792,2,8,0,18,0,0,0,0,0,0,1,1,1,1,32,6,2231,2,6,4,1
2014521406792,3,9,0,18,0,0,0,0,0,0,0,1,6,1,58,9,-1,-1,-1,6,3
2014521406795,1,9,0,7,0,5,0,0,0,0,3,1,6,3,-1,-1,1679,1,15,-1,-1
2014521406795,2,1,0,18,0,8,0,0,0,0,2,1,6,2,55,8,-1,-1,-1,4,1
2014521406797,1,9,0,9,0,6,0,0,0,0,3,1,6,1,84,11,1339,8,7,9,2
2014521406797,2,9,0,18,0,1,0,0,0,0,1,1,6,1,24,5,1242,1,-1,2,1
2014521406800,1,1,0,18,0,0,0,8,0,0,1,1,6,2,13,3,-1,-1,-1,4,1
2014521406800,2,9,0,2,0,0,0,0,0,0,3,1,6,1,35,6,1686,2,9,10,1
2014521406801,1,9,0,4,0,1,0,0,0,0,2,1,6,3,-1,-1,-1,-1,-1,-1,-1
2014521406801,2,9,0,18,0,1,0,0,0,0,1,1,6,1,18,4,1198,1,7,10,1
2014521406818,1,9,0,18,0,2,0,12,0,0,1,1,6,2,52,8,1997,1,10,1,1
2014521406820,1,1,0,18,0,8,0,0,0,0,1,1,6,1,28,6,-1,-1,-1,8,1
2014521406820,2,19,0,9,0,6,0,0,0,0,3,1,6,1,-1,-1,2198,2,7,-1,1
2014521406828,1,9,0,5,9,0,0,0,0,0,1,1,6,1,60,9,1400,2,7,5,1
2014521406831,1,9,0,3,0,4,0,0,0,0,2,1,3,2,40,7,1896,2,9,4,1
2014521406831,2,9,0,18,0,1,0,0,0,0,1,1,6,1,34,6,-1,-1,-1,9,1
2014521406834,1,9,0,11,0,3,0,0,0,0,4,1,6,2,53,8,1390,1,7,7,3
2014521406834,2,5,0,18,0,3,0,0,0,0,1,1,6,1,66,10,1250,1,7,9,3
2014521406836,1,9,0,10,0,0,0,0,0,0,2,1,6,1,67,10,1364,1,8,6,1
2014521406836,2,5,0,18,0,0,0,0,0,0,1,1,6,1,25,5,1195,1,-1,7,1
2014521406838,1,1,0,18,0,1,0,0,0,0,4,1,6,1,21,5,-1,-1,-1,6,1
2014521406838,2,11,0,12,0,1,0,0,0,0,3,1,1,3,-1,-1,-1,-1,-1,-1,-1
2014521406843,1,9,0,18,0,8,0,0,0,0,4,1,6,1,52,8,1997,2,-1,1,1
2014521406843,2,9,0,18,0,8,0,0,0,0,1,1,6,1,25,5,-1,-1,-1,10,2
2014521406848,1,9,0,11,0,0,0,4,0,0,1,1,1,1,28,6,1896,2,11,-1,1
2014521406848,2,9,0,2,0,0,0,4,0,0,2,1,6,3,-1,-1,2231,2,7,-1,-1
2014521406848,3,9,0,2,0,0,0,0,0,0,1,1,6,3,-1,-1,-1,-1,-1,-1,-1
2014521406857,1,5,0,3,0,0,0,10,0,0,1,1,2,1,41,7,1052,1,17,6,3
2014521406859,1,9,0,11,0,0,0,0,0,0,4,1,6,2,47,8,1108,1,4,10,1
2014521406859,2,1,0,15,0,0,0,0,0,0,3,1,6,1,25,5,-1,-1,-1,6,1
2014521406860,1,9,0,3,0,0,0,0,0,0,2,1,1,2,64,9,1990,1,9,8,3
2014521406860,2,9,0,4,0,0,0,0,0,0,1,1,6,2,25,5,-1,-1,-1,-1,-1
2014521406864,1,9,0,16,0,1,1,10,7,0,3,1,6,1,20,4,1399,2,11,7,1
2014521406864,2,9,0,2,9,2,0,0,0,0,1,1,6,3,-1,-1,-1,-1,-1,-1,-1
2014521406865,1,1,0,18,0,2,0,0,0,0,2,1,6,2,54,8,-1,-1,-1,3,3
2014521406865,2,9,0,18,0,1,0,0,0,0,1,1,6,1,60,9,2148,2,10,5,1
2014521406867,1,9,0,18,0,0,1,0,0,0,1,1,6,2,40,7,1388,1,5,-1,3
2014521406867,2,9,0,4,0,0,0,0,0,0,2,1,6,1,55,8,1391,1,16,8,1
2014521406873,1,1,0,18,0,8,0,0,0,0,1,1,6,1,40,7,-1,-1,-1,6,1
2014521406873,2,9,0,9,0,8,0,0,0,0,1,1,6,1,71,10,1984,1,22,9,1
2014521406874,1,9,0,18,0,8,0,0,0,0,1,1,6,1,37,7,1968,2,5,7,1
2014521406874,2,9,0,7,0,6,0,0,0,0,3,1,6,1,46,8,1781,1,13,7,1
2014521406875,1,9,0,7,0,6,0,0,0,0,1,1,6,1,18,4,1242,1,8,6,1
2014521406875,2,21,0,18,0,8,0,0,0,0,1,1,6,3,30,6,2998,2,7,-1,-1
2014521406879,1,9,0,17,0,8,0,0,0,0,1,1,6,1,34,6,954,1,19,3,1
2014521406879,2,9,0,7,0,6,0,0,0,0,1,1,6,1,67,10,1598,2,4,3,1
2014521406883,1,9,0,9,0,5,0,0,0,0,2,1,6,2,34,6,2696,2,11,3,1
2014521406883,2,9,0,13,0,8,0,0,0,0,4,1,6,2,24,5,1196,1,17,3,1
2014521406889,1,9,0,5,0,0,0,0,0,0,2,1,6,2,42,7,1896,2,14,8,1
2014521406889,2,9,0,5,0,0,0,0,0,0,2,1,6,1,52,8,1896,2,6,8,1
2014521406889,3,9,0,18,0,0,0,0,0,0,1,1,6,1,30,6,1229,1,3,4,1
2014521406890,1,3,0,14,0,0,0,0,0,0,4,1,6,1,26,6,-1,-1,-1,8,1
2014521406890,2,9,0,6,0,0,0,0,0,0,3,1,6,1,37,7,-1,-1,-1,-1,1
2014521406891,1,1,0,18,0,0,1,0,0,0,0,1,6,2,35,6,-1,-1,-1,9,1
2014521406891,2,9,0,5,0,0,0,0,0,0,0,1,6,3,40,7,998,1,1,-1,-1
2014521406893,1,9,0,18,0,2,0,0,0,0,2,1,6,1,19,4,-1,-1,-1,1,1
2014521406893,2,9,0,18,0,2,0,0,0,0,1,1,6,1,30,6,-1,-1,-1,-1,-1
2014521406894,1,8,0,18,0,2,0,0,0,0,2,1,6,1,34,6,-1,-1,-1,3,1
2014521406894,2,9,0,18,0,8,0,0,0,0,2,1,6,1,38,7,-1,-1,-1,3,1
2014521406894,3,9,0,18,0,1,0,0,0,0,1,1,6,2,20,4,1598,1,8,10,1
2014521406895,1,1,0,18,0,8,0,0,0,0,4,1,2,1,46,8,-1,-1,-1,9,2
2014521406895,2,9,0,9,0,6,0,0,0,0,1,1,6,1,72,10,1796,1,12,-1,-1
2014521406897,1,9,0,18,0,0,0,0,0,0,4,1,1,2,28,6,1200,1,10,1,1
2014521406899,1,1,0,18,0,0,0,0,0,0,1,1,6,1,39,7,-1,-1,-1,-1,1
2014521406899,2,9,0,6,0,0,0,0,0,0,3,1,6,1,35,6,1600,1,16,-1,-1
2014521406900,1,9,0,18,0,0,0,0,0,0,1,1,6,2,32,6,-1,-1,-1,-1,1
2014521406904,1,9,0,8,0,1,0,0,0,0,2,1,6,1,59,9,1870,2,10,1,1
2014521406904,2,9,0,18,0,1,0,0,8,1,1,1,6,1,78,11,4293,1,13,7,1
2014521406909,1,5,0,18,0,8,1,0,0,0,0,1,6,1,70,10,644,1,21,6,1
2014521406909,2,9,0,18,0,4,0,0,0,0,0,1,6,1,25,5,-1,-1,-1,-1,-1
2014521406911,1,9,0,18,0,2,0,0,0,0,1,1,6,2,61,9,1299,1,13,-1,3
2014521406911,2,1,0,18,0,6,0,0,0,0,1,1,6,1,15,3,-1,-1,-1,10,1
2014521406914,1,9,0,4,0,1,0,0,0,0,2,1,6,1,41,7,-1,-1,-1,7,1
2014521406914,2,9,0,18,0,1,0,0,0,0,1,1,6,2,30,6,1299,1,13,1,1
2014521406915,1,19,0,16,0,1,0,0,0,0,1,1,1,1,21,5,2148,2,9,3,1
2014521406915,2,9,0,17,0,1,1,0,0,0,1,1,6,1,22,5,1984,1,37,5,1
2014521406925,1,2,0,18,0,0,0,0,0,0,1,1,6,1,17,4,49,1,3,4,1
2014521406925,2,9,0,3,0,0,0,0,0,0,1,1,1,1,51,8,1560,2,3,10,1
2014521406936,1,11,0,18,0,1,0,0,0,0,1,1,1,1,71,10,6370,2,12,5,1
2014521406939,1,9,0,3,0,0,0,0,0,0,2,1,2,2,22,5,1299,1,16,8,1
2014521406939,2,1,0,18,0,0,1,0,0,0,1,1,2,1,15,3,-1,-1,-1,-1,-1
2014521406949,1,9,0,18,0,0,0,0,1,4,4,1,6,1,55,8,2793,1,14,7,1
2014521406963,1,9,0,1,0,1,0,0,0,0,2,1,6,1,27,6,-1,-1,-1,1,1
2014521406965,1,9,0,9,0,5,0,0,0,0,1,1,6,1,24,5,2204,2,9,9,3
2014521406965,2,1,0,18,2,8,0,0,0,0,1,1,6,1,25,5,-1,-1,-1,8,1
2014521406972,1,19,0,7,9,1,0,0,0,0,3,1,6,1,48,8,2463,2,9,4,1
2014521406991,1,9,0,5,0,0,1,0,0,0,3,1,6,1,19,4,973,1,15,5,1
2014521406991,2,9,0,5,0,0,0,0,0,0,1,1,6,3,60,9,-1,-1,-1,-1,-1
2014521406995,1,9,0,7,0,4,0,0,0,0,1,1,6,2,33,6,1798,1,6,9,1
2014521406995,2,1,0,7,0,4,0,0,0,0,2,1,6,1,26,6,-1,-1,-1,10,1
2014521406996,1,4,0,14,0,0,0,0,0,0,1,1,6,1,45,7,996,1,10,1,1
2014521406996,2,9,0,12,0,0,0,0,0,0,3,1,6,1,64,9,-1,-1,-1,5,1
2014521406997,1,1,0,7,0,8,0,0,0,0,3,1,6,2,40,7,-1,-1,-1,2,1
2014521406997,2,9,0,7,0,8,0,0,0,0,4,1,6,1,35,6,-1,-1,-1,6,1
2014521406999,1,9,0,9,0,6,0,0,0,0,3,1,6,2,18,4,1390,1,8,8,3
2014521406999,2,1,0,7,0,5,0,0,0,0,1,1,6,1,35,6,-1,-1,-1,-1,-1
2014521407002,1,9,0,18,0,0,0,0,0,0,3,1,6,2,25,5,998,1,-1,4,1
2014521407002,2,9,0,13,0,0,0,0,0,2,4,1,6,2,47,8,1248,1,-1,2,1
2014521407009,1,9,0,9,0,6,0,0,0,0,4,1,6,1,37,7,1896,2,13,10,1
2014521407009,2,4,0,18,0,8,0,0,0,0,1,1,6,1,54,8,2294,1,9,6,1
2014521407026,1,9,0,3,0,0,0,0,0,0,2,1,2,1,40,7,1910,2,9,7,2
2014521407026,2,9,0,18,0,0,0,0,0,0,1,1,6,1,25,5,1149,1,15,-1,-1
2014521407030,1,3,0,4,0,4,0,0,0,0,2,1,6,1,22,5,124,1,7,-1,-1
2014521407030,2,9,0,18,0,4,0,0,0,0,1,1,6,3,-1,-1,-1,-1,-1,-1,-1
2014521407031,1,9,0,1,0,1,0,0,0,0,2,1,6,2,67,10,998,1,1,8,1
2014521407033,1,9,0,3,0,0,0,0,0,0,2,1,6,2,35,6,1396,1,11,4,1
2014521407033,2,19,0,18,0,0,0,0,0,0,1,1,6,3,18,4,-1,-1,-1,-1,-1
2014521407037,1,9,0,9,0,5,0,0,0,0,1,1,6,2,58,9,1796,1,14,8,1
2014521407037,2,9,0,18,0,8,0,0,0,0,1,1,6,1,45,7,2000,1,10,4,1
2014521407041,1,9,0,18,0,0,0,0,0,0,0,1,6,1,24,5,-1,-1,-1,10,1
2014521407041,2,9,0,18,0,0,0,0,0,0,1,1,6,1,57,9,899,1,1,8,2
2014521407041,3,9,0,18,0,0,0,0,0,0,1,1,6,3,30,6,-1,-1,-1,-1,-1
2014521407041,4,9,0,18,0,0,0,0,0,0,2,1,6,1,46,8,1248,1,-1,-1,-1
2014521407041,5,9,0,18,0,0,0,0,0,0,2,1,6,1,74,10,1388,1,12,10,1
2014521407041,6,9,0,18,0,0,0,0,0,0,1,1,6,1,76,11,1497,1,14,1,1
2014521407042,1,9,0,18,0,8,0,0,0,0,1,1,6,2,45,7,998,1,18,4,1
2014521407042,2,1,0,9,0,6,0,0,0,0,1,1,6,2,35,6,-1,-1,-1,1,1
2014521407045,1,9,0,18,0,0,0,0,0,0,1,1,6,1,33,6,1396,1,15,5,1
2014521407045,2,9,0,18,0,0,0,0,0,0,1,1,6,1,68,10,1364,1,9,-1,1
2014521407046,1,9,0,7,0,6,0,0,7,10,2,1,6,1,25,5,-1,-1,-1,-1,1
2014521407046,2,9,0,18,0,8,0,0,1,0,1,1,6,1,42,7,-1,-1,-1,1,1
2014521407048,1,9,0,12,0,0,1,10,2,10,3,1,6,1,33,6,1590,1,14,2,1