Accident_Index,Vehicle_Reference,Vehicle_Type,Towing_and_Articulation,Vehicle_Manoeuvre,Vehicle_Location-Restricted_Lane,Junction_Location,Skidding_and_Overturning,Hit_Object_in_Carriageway,Vehicle_Leaving_Carriageway,Hit_Object_off_Carriageway,1st_Point_of_Impact,Was_Vehicle_Left_Hand_Drive?,Journey_Purpose_of_Driver,Sex_of_Driver,Age_of_Driver,Age_Band_of_Driver,Engine_Capacity_(CC),Propulsion_Code,Age_of_Vehicle,Driver_IMD_Decile,Driver_Home_Area_Type
2014521407048,2,9,0,18,0,0,0,0,0,0,4,1,6,2,28,6,1783,1,10,3,1
2014521407050,1,9,0,18,0,4,0,0,0,2,1,1,6,1,38,7,2198,2,7,7,1
2014521407053,1,9,0,18,0,8,0,0,0,0,1,1,6,1,30,6,2184,2,5,3,1
2014521407053,2,9,0,9,0,8,0,0,0,0,3,1,6,2,44,7,1360,1,7,7,1
2014521407058,1,1,0,18,0,0,0,0,0,0,2,1,2,2,41,7,-1,-1,-1,4,1
2014521407058,2,9,0,18,0,0,0,0,0,0,1,1,6,2,35,6,-1,-1,-1,9,2
2014521407061,1,1,0,18,0,0,0,0,0,0,2,1,6,1,20,4,-1,-1,-1,5,1
2014521407061,2,9,0,13,0,0,0,0,0,0,1,1,6,2,45,7,2993,2,4,8,3
2014521407062,1,9,0,9,0,5,0,0,0,0,3,1,6,2,42,7,1598,1,11,8,1
2014521407062,2,9,0,13,0,8,0,0,0,0,4,1,6,2,28,6,2497,2,10,7,1
2014521407063,1,11,0,3,0,1,0,0,0,0,1,1,6,3,35,6,-1,-1,-1,-1,-1
2014521407063,2,11,0,3,0,1,0,0,0,0,2,1,6,3,-1,-1,-1,-1,-1,-1,-1
2014521407064,1,11,0,13,0,8,0,0,0,0,4,1,1,1,49,8,-1,-1,-1,6,1
2014521407064,2,1,0,18,0,8,0,0,0,0,3,1,6,2,20,4,-1,-1,-1,4,1
2014521407066,1,9,0,18,0,0,0,0,7,7,3,1,6,1,24,5,-1,-1,-1,8,3
2014521407069,1,9,0,18,0,3,0,0,0,0,1,1,6,2,59,9,1598,2,1,-1,-1
2014521407069,2,9,0,5,0,4,0,0,0,0,3,1,6,1,20,4,1299,1,9,-1,1
2014521407070,1,97,0,18,0,0,0,0,0,0,1,1,6,1,23,5,1050,1,1,9,1
2014521407070,2,9,0,6,0,0,0,0,0,0,3,1,6,1,23,5,1956,2,2,9,1
2014521407076,1,9,4,17,0,0,4,0,1,0,1,1,6,1,23,5,-1,-1,-1,9,3
2014521407078,1,5,0,13,0,8,0,0,0,0,1,1,6,1,29,6,-1,-1,-1,8,1
2014521407078,2,9,0,9,0,8,0,0,0,0,3,1,6,2,23,5,1997,2,13,4,1
2014521407082,1,5,0,18,0,8,0,0,0,0,1,1,2,1,46,8,649,1,4,10,1
2014521407082,2,9,0,9,0,6,0,0,0,0,1,1,6,1,64,9,1796,1,10,4,1
2014521407083,1,9,0,18,0,0,0,0,0,0,4,1,6,3,-1,-1,-1,-1,-1,-1,-1
2014521407093,1,9,0,18,0,8,0,0,0,0,1,1,6,1,77,11,1461,2,4,6,1
2014521407093,2,9,0,18,0,8,0,0,0,0,1,1,6,1,35,6,2993,2,4,6,1
2014521407096,1,9,0,18,0,0,0,0,0,0,1,1,6,1,48,8,1399,2,6,6,1
2014521407104,1,9,0,18,0,0,1,0,7,7,3,1,6,2,72,10,1086,1,7,4,1
2014521407105,1,9,0,18,0,0,1,0,0,10,3,1,6,1,29,6,2494,1,13,-1,-1
2014521407105,2,9,0,18,0,0,0,0,0,0,3,1,6,3,-1,-1,-1,-1,-1,-1,-1
2014521407114,1,19,0,1,9,6,0,0,0,0,2,1,6,1,28,6,1248,2,4,10,1
2014521407117,1,1,0,18,0,8,0,0,0,0,4,1,2,2,36,7,-1,-1,-1,4,1
2014521407117,2,9,0,9,0,6,0,0,0,0,3,1,6,1,36,7,1391,1,12,1,1
2014521407118,1,9,0,4,0,8,0,0,0,0,2,1,6,1,27,6,-1,-1,-1,2,1
2014521407118,2,9,0,18,0,8,0,0,0,0,1,1,6,1,23,5,998,1,7,2,1
2014521407132,1,9,0,9,0,5,0,0,0,0,1,1,6,1,50,8,1999,1,12,9,3
2014521407132,2,1,0,18,0,8,0,0,0,0,3,1,6,1,12,3,-1,-1,-1,8,3
2014521407133,1,9,0,9,0,1,0,0,0,0,4,1,6,1,43,7,1753,2,10,5,1
2014521407133,2,9,0,9,9,5,1,0,0,0,1,1,6,1,30,6,1124,1,14,5,1
2014521407150,1,5,0,14,0,8,0,0,0,0,1,1,6,1,26,6,599,1,10,9,1
2014521407150,2,9,0,18,0,1,0,0,0,0,1,1,6,1,45,7,1124,1,11,10,1
2014521407150,3,19,0,10,0,5,0,0,0,0,0,1,6,1,45,7,1399,2,3,7,1
2014521407150,4,5,0,18,0,1,0,0,0,0,0,1,6,1,27,6,599,1,13,8,1
2014521407153,1,9,0,10,0,1,0,0,0,0,2,1,6,2,41,7,2477,2,8,-1,1
2014521407153,2,9,0,9,0,1,0,0,0,0,1,1,6,3,-1,-1,1596,1,15,-1,-1
2014521407154,1,9,0,8,0,1,0,0,0,0,2,1,6,2,48,8,1200,1,1,10,1
2014521407154,2,19,0,18,0,1,0,0,0,0,1,1,6,3,-1,-1,1753,2,9,-1,-1
2014521407160,1,9,0,4,0,0,0,0,0,0,1,1,6,2,45,7,2777,2,6,7,1
2014521407160,2,21,0,2,0,0,0,0,0,0,0,1,1,1,40,7,-1,-1,-1,-1,-1
2014521407164,1,9,0,18,0,0,0,0,1,3,1,1,6,1,23,5,1390,1,17,10,3
2014521407166,1,9,0,18,0,4,0,0,0,0,1,1,6,1,27,6,1870,2,11,1,1
2014521407166,2,9,0,18,0,8,0,0,0,0,2,1,6,1,50,8,1560,2,9,-1,1
2014521407168,1,9,0,9,0,5,0,0,0,0,1,1,6,1,50,8,1896,2,7,9,1
2014521407169,1,9,0,7,0,5,0,0,0,0,4,1,6,1,45,7,1596,1,5,5,1
2014521407169,2,1,0,18,4,8,0,0,0,0,3,1,6,1,20,4,-1,-1,-1,4,1
2014521407176,1,9,0,18,0,0,0,0,0,0,3,1,6,2,42,7,-1,-1,-1,8,1
2014521407179,1,9,0,18,0,0,0,0,0,0,1,1,6,1,28,6,1995,2,7,6,1
2014521407180,1,9,0,18,0,0,0,0,0,0,1,1,1,1,55,8,2231,2,2,-1,1
2014521407183,1,9,0,4,0,1,0,0,0,0,2,1,6,2,42,7,1560,2,2,7,2
2014521407183,2,9,0,18,0,1,0,0,0,0,1,1,6,1,48,8,1798,8,2,-1,1
2014521407184,1,9,0,18,0,1,0,0,0,0,1,1,1,2,54,8,2401,2,6,9,1
2014521407184,2,9,0,18,0,2,0,0,8,10,4,1,6,1,68,10,905,1,1,2,1
2014521407184,3,9,0,18,0,1,0,0,0,0,3,1,6,2,36,7,1999,1,10,9,1
2014521407188,1,9,0,18,0,1,0,0,0,0,2,1,6,2,71,10,1248,2,8,5,1
2014521407188,2,9,0,18,0,1,0,0,0,0,2,1,6,1,68,10,1796,7,10,3,1
2014521407188,3,9,0,18,0,1,0,0,0,0,1,1,6,1,24,5,1390,1,-1,6,1
2014521407192,1,9,0,5,0,4,0,0,0,0,3,1,6,1,24,5,1900,2,10,1,1
2014521407192,2,19,0,18,0,8,0,0,0,0,1,1,6,1,-1,-1,-1,-1,-1,-1,-1
2014521407196,1,9,0,18,0,0,0,0,0,0,1,1,6,1,39,7,1587,1,11,4,1
2014521407196,2,9,0,6,0,0,0,0,0,0,1,1,6,1,24,5,1896,2,11,4,1
2014521407198,1,9,0,3,0,4,0,0,0,0,2,1,6,1,72,10,1998,1,14,3,1
2014521407198,2,9,0,18,0,1,0,0,0,0,1,1,6,1,40,7,2926,2,11,2,1
2014521407200,1,9,0,18,0,8,0,0,0,0,4,1,6,1,58,9,1198,1,1,3,1
2014521407200,2,1,0,7,0,6,0,0,0,0,3,1,6,1,42,7,-1,-1,-1,-1,1
2014521407204,1,4,0,18,0,0,0,0,0,0,4,1,6,3,-1,-1,-1,-1,-1,-1,-1
2014521407211,1,9,0,9,0,5,0,0,0,0,1,1,6,1,49,8,1896,2,7,2,1
2014521407211,2,3,0,17,0,8,0,0,0,0,1,1,6,3,35,6,124,1,10,-1,-1
2014521407214,1,9,0,3,0,2,0,0,0,0,2,1,6,1,-1,-1,-1,-1,-1,-1,-1
2014521407214,2,9,0,3,0,2,0,0,0,0,2,1,6,2,35,6,998,1,2,-1,1
2014521407214,3,9,0,16,0,2,0,0,0,0,1,1,6,1,-1,-1,-1,-1,-1,8,1
2014521407215,1,9,0,18,0,1,0,0,0,0,1,1,6,1,21,5,1242,1,15,1,1
2014521407216,1,9,0,18,0,0,0,0,0,0,4,1,6,1,55,8,-1,-1,-1,6,2
2014521407219,1,19,0,7,0,6,0,0,0,0,4,1,6,3,-1,-1,-1,-1,-1,-1,-1
2014521407232,1,8,0,1,0,6,0,0,0,0,2,1,6,1,59,9,-1,-1,-1,4,1
2014521407236,1,9,0,4,0,1,0,0,0,0,2,1,6,1,31,6,-1,-1,-1,6,3
2014521407236,2,9,0,4,0,1,0,0,0,0,2,1,6,1,32,6,-1,-1,-1,10,1
2014521407236,3,9,0,4,0,1,0,0,0,0,1,1,6,1,56,9,1997,2,10,-1,3
2014521407239,1,1,0,14,0,0,0,8,0,0,1,1,6,2,30,6,-1,-1,-1,3,1
2014521407239,2,9,0,2,0,0,0,0,0,0,2,1,6,1,70,10,3179,1,9,8,1
2014521407242,1,9,0,10,0,1,0,0,0,0,2,1,6,1,54,8,1968,2,-1,9,1
2014521407242,2,9,0,3,0,1,0,0,0,0,2,1,6,2,26,6,1598,1,7,9,1
2014521407242,3,9,0,18,0,1,0,0,0,0,1,1,6,2,23,5,1149,1,15,4,1
2014521407246,1,9,0,9,0,5,0,0,0,0,1,1,6,1,48,8,1390,1,10,3,1
2014521407246,2,1,0,18,0,8,0,0,0,0,1,1,6,1,31,6,-1,-1,-1,4,1
2014521407249,1,9,0,18,0,8,0,0,0,0,1,1,6,1,23,5,1998,2,9,9,1
2014521407268,1,9,0,18,0,1,0,0,0,0,1,1,1,2,36,7,1242,1,10,3,1
2014521407268,2,9,0,4,0,1,0,0,0,0,0,1,6,1,37,7,1242,1,11,10,1
2014521407268,3,9,0,18,0,1,0,0,0,0,2,1,6,1,46,8,1968,2,-1,6,1
2014521407275,1,1,0,10,0,1,0,0,0,0,4,1,6,2,30,6,-1,-1,-1,2,1
2014521407275,2,21,0,7,0,8,0,0,0,0,2,1,1,1,40,7,-1,-1,-1,-1,-1
2014521407282,1,9,0,18,0,0,1,0,1,4,4,1,1,1,29,6,2967,2,3,4,1
2014521407284,1,8,0,7,0,1,0,0,0,0,1,1,1,1,46,8,2231,2,8,6,1
2014521407300,1,9,0,3,0,8,0,0,0,0,1,1,6,1,33,6,1590,1,11,3,1
2014521407300,2,9,0,3,0,8,0,0,0,0,2,1,6,2,35,6,1299,1,10,7,1
2014521407300,3,9,0,12,0,8,0,0,0,0,0,1,6,3,-1,-1,-1,-1,-1,-1,-1
2014521407325,1,2,0,15,0,0,0,0,0,0,4,1,6,2,72,10,49,1,12,5,1
2014521407325,2,9,0,5,0,0,0,0,0,0,1,1,6,1,84,11,1794,1,14,5,1
2014521407327,1,9,0,9,0,5,0,0,0,0,3,1,6,1,32,6,1796,1,10,-1,1
2014521407327,2,9,0,9,0,6,0,0,0,0,3,1,6,1,-1,-1,1299,1,8,1,1
2014521407328,1,9,0,5,0,4,0,0,0,0,1,1,6,2,52,8,1461,2,7,9,1
2014521407328,2,1,0,9,0,8,0,0,0,0,1,1,6,1,42,7,-1,-1,-1,10,1
2014521407334,1,9,0,18,0,8,0,0,0,0,4,1,6,2,49,8,1198,1,3,9,1
2014521407334,2,1,0,18,0,8,0,0,0,0,1,1,6,1,15,3,-1,-1,-1,-1,1
2014521407335,1,9,0,10,0,1,0,0,0,0,2,1,6,1,44,7,-1,-1,-1,10,1
2014521407335,2,9,0,18,0,1,0,0,0,0,1,1,6,1,78,11,1753,2,14,10,3
2014521407339,1,9,0,18,0,0,0,0,0,0,0,1,6,3,-1,-1,1396,1,16,-1,-1
2014521407339,2,1,0,18,0,0,0,0,0,0,0,1,6,1,5,1,-1,-1,-1,1,1
2014521407343,1,9,0,18,0,0,5,0,1,6,1,1,6,2,46,8,1587,1,7,9,1
2014521407344,1,21,4,18,0,0,0,0,0,0,1,1,6,3,-1,-1,-1,-1,-1,-1,-1
2014521407344,2,1,0,12,0,0,0,0,0,0,1,1,6,1,39,7,-1,-1,-1,3,1
2014521407346,1,9,0,18,0,4,5,0,1,1,1,1,6,1,22,5,2671,1,15,5,1
2014521407347,1,9,0,9,0,5,0,0,0,0,1,1,6,1,44,7,1598,1,5,8,1
2014521407347,2,1,0,18,0,8,0,0,0,0,1,1,6,1,17,4,-1,-1,-1,8,1
2014521407349,1,9,0,18,0,1,0,0,0,0,1,1,6,1,30,6,1596,1,13,3,1
2014521407349,2,9,0,3,0,1,0,0,0,0,2,1,1,1,34,6,1198,1,7,-1,1
2014521407352,1,9,0,7,0,5,0,0,0,0,2,1,6,1,41,7,1043,1,18,4,1
2014521407352,2,9,0,18,0,1,0,0,0,0,1,1,6,2,18,4,-1,-1,-1,-1,1
2014521407352,3,9,0,18,0,1,0,0,0,0,1,1,6,2,23,5,1248,1,2,-1,3
2014521407352,4,9,0,18,0,2,0,0,0,0,1,1,6,1,55,8,1598,1,1,9,1
2014521407371,1,9,0,9,0,8,0,0,0,0,3,1,6,1,79,11,2401,2,12,8,1
2014521407371,2,21,0,7,0,8,0,0,0,0,3,1,1,1,48,8,6871,2,-1,10,1
2014521407376,1,9,0,6,0,0,0,0,0,0,1,1,6,3,40,7,1398,1,2,-1,-1
2014521407376,2,1,0,18,0,0,0,0,0,0,1,1,6,2,43,7,-1,-1,-1,2,1
2014521407379,1,9,0,9,0,6,0,0,0,0,4,1,6,1,44,7,1997,2,9,3,1
2014521407379,2,1,0,14,0,8,0,0,0,0,1,1,6,1,29,6,-1,-1,-1,4,1
2014521407391,1,4,0,18,0,8,0,0,0,0,1,1,6,1,32,6,124,1,-1,10,1
2014521407391,2,9,0,9,0,5,0,0,0,0,1,1,6,1,35,6,1995,2,1,2,1
2014521407398,1,9,0,18,0,2,0,0,0,0,1,1,6,1,59,9,2184,2,5,3,1
2014521407398,2,9,0,18,0,2,0,0,0,0,2,1,6,1,65,9,1988,2,8,10,1
2014521407398,3,9,0,18,0,2,0,0,0,0,2,1,6,1,-1,-1,1796,1,13,1,1
2014521407406,1,19,0,11,0,5,0,0,0,0,2,1,6,1,19,4,1995,2,2,5,1
2014521407406,2,9,0,11,0,5,0,0,0,0,1,1,6,3,-1,-1,-1,-1,-1,-1,-1
2014521407409,1,2,0,18,0,0,0,0,0,0,3,1,6,1,20,4,49,1,-1,6,1
2014521407409,2,9,0,13,0,0,0,0,0,0,4,1,6,1,87,11,1997,2,10,6,1
2014521407411,1,9,0,18,0,1,0,0,0,0,1,1,6,1,49,8,-1,-1,-1,9,1
2014521407411,2,9,0,9,0,1,0,0,0,0,2,1,6,2,29,6,1582,2,2,8,1
2014521407413,1,9,0,9,0,5,0,0,0,0,4,1,6,2,22,5,999,1,14,2,1
2014521407413,2,5,0,18,0,8,0,0,0,0,1,1,6,1,28,6,599,1,14,2,1
2014521407414,1,9,0,18,0,1,0,0,0,0,1,1,6,1,29,6,1297,1,25,9,1
2014521407414,2,9,0,18,0,8,0,0,0,0,3,1,6,1,41,7,1998,2,8,5,1
2014521407415,1,9,0,3,0,0,0,0,0,0,1,1,6,2,22,5,1149,1,14,5,1
2014521407415,2,9,0,1,0,0,0,0,0,0,2,1,6,3,-1,-1,1995,2,7,-1,-1
2014521407417,1,1,0,5,4,8,0,0,0,0,3,1,2,1,29,6,-1,-1,-1,9,1
2014521407417,2,20,0,5,0,8,0,0,0,0,4,1,1,3,-1,-1,-1,-1,-1,-1,-1
2014521407420,1,9,0,11,0,3,0,0,0,0,4,1,6,3,-1,-1,1198,1,9,-1,-1
2014521407420,2,1,0,18,0,8,0,0,0,0,1,1,6,1,28,6,-1,-1,-1,8,2
2014521407422,1,9,0,3,0,0,0,0,0,0,2,1,6,1,44,7,-1,-1,-1,4,1
2014521407422,2,9,0,18,0,0,0,0,0,0,1,1,6,2,21,5,1242,1,7,9,1
2014521407432,1,9,0,18,0,0,0,0,0,0,1,1,6,2,23,5,1598,1,15,-1,3
2014521407432,2,9,0,3,0,0,0,0,0,0,2,1,6,1,32,6,1997,2,3,-1,1
2014521407435,1,11,0,3,0,8,0,0,0,0,0,1,6,2,24,5,9360,2,7,9,1
2014521407437,1,9,0,18,0,0,0,0,0,0,1,1,6,1,18,4,-1,-1,-1,2,1
2014521407437,2,9,0,3,0,0,0,0,0,0,1,1,6,2,50,8,-1,-1,-1,9,3
2014521407439,1,3,0,18,0,0,0,0,0,0,1,1,6,1,23,5,124,1,13,1,1
2014521407449,1,9,0,9,0,5,0,0,0,0,1,1,6,2,50,8,1422,2,12,2,1
2014521407449,2,1,0,18,0,8,0,0,0,0,3,1,6,1,66,10,-1,-1,-1,10,1
2014521407455,1,21,0,10,0,8,0,0,0,0,1,1,6,1,21,5,-1,-1,-1,3,1
2014521407455,2,3,0,18,0,8,0,0,0,0,1,1,6,1,17,4,124,1,11,10,3
2014521407461,1,9,0,9,0,8,0,0,0,0,1,1,6,1,54,8,999,1,7,10,1
2014521407461,2,3,0,18,0,8,0,0,0,0,1,1,6,1,24,5,124,1,1,4,1
2014521407471,1,2,0,18,0,0,0,0,0,0,1,1,1,1,24,5,109,1,1,3,1
2014521407473,1,9,0,18,0,8,0,0,7,10,1,1,6,1,18,4,1995,2,-1,4,1
2014521407475,1,8,0,9,0,6,0,0,0,0,3,1,6,1,51,8,1598,2,1,2,1
2014521407475,2,3,0,18,0,8,0,0,0,0,1,1,2,1,26,6,-1,-1,-1,3,1
2014521407481,1,1,0,18,0,0,0,0,0,0,3,1,1,1,49,8,-1,-1,-1,5,1
2014521407481,2,9,0,11,0,0,0,0,0,0,4,1,6,1,30,6,1910,2,10,-1,-1
2014521407482,1,9,0,18,0,0,0,0,0,0,3,1,6,1,30,6,1910,2,6,8,1
2014521407482,2,9,0,2,0,0,0,0,0,0,1,1,6,1,46,8,-1,-1,-1,4,1
2014521407482,3,9,0,2,0,0,0,0,0,0,3,1,6,3,-1,-1,1599,1,13,-1,-1
2014521407484,1,9,0,9,0,5,0,0,0,0,1,1,6,1,46,8,2494,1,18,8,1
2014521407484,2,5,0,18,0,8,0,0,0,0,3,1,6,1,26,6,656,1,3,-1,1
2014521407488,1,9,0,13,0,0,1,0,2,0,4,1,6,1,27,6,1390,1,8,3,1
2014521407488,2,9,0,18,0,0,0,0,2,0,1,1,6,1,51,8,1685,2,1,10,1
2014521407491,1,9,0,18,0,8,0,0,0,0,1,1,6,1,23,5,-1,-1,-1,-1,-1
2014521407491,2,9,0,7,0,6,0,0,0,0,3,1,6,1,36,7,2171,1,11,6,1
2014521407492,1,9,0,4,0,1,0,0,0,0,1,1,6,1,39,7,1349,1,1,9,1
2014521407492,2,9,0,4,0,1,0,0,0,0,2,1,6,1,70,10,3179,1,9,8,1
2014521407492,3,9,0,3,0,1,0,0,0,0,2,1,6,1,46,8,-1,-1,-1,1,1
2014521407501,1,19,0,1,0,0,0,0,0,0,2,1,1,1,54,8,2148,2,4,6,3
2014521407506,1,9,0,6,0,1,0,0,0,0,3,1,6,1,59,9,-1,-1,-1,9,1
2014521407506,2,9,0,3,0,1,0,0,0,0,3,1,6,2,21,5,1598,1,8,-1,-1
2014521407511,1,9,0,9,0,6,0,0,0,0,3,1,1,1,32,6,-1,-1,-1,3,1
2014521407511,2,1,0,18,0,8,0,0,0,0,1,1,6,1,20,4,-1,-1,-1,9,1
2014521407515,1,9,0,7,0,6,0,0,0,0,1,1,6,1,66,10,1973,1,15,6,1
2014521407515,2,1,0,18,0,8,0,0,0,0,2,1,6,1,29,6,-1,-1,-1,8,1
2014521407517,1,9,0,18,0,0,0,0,1,4,1,1,6,1,48,8,1598,1,12,-1,1
2014521407519,1,9,0,3,0,0,0,0,0,0,2,1,6,2,24,5,1968,2,4,7,2
2014521407519,2,9,0,4,0,0,0,0,0,0,1,1,6,2,30,6,998,1,2,-1,-1
2014521407520,1,9,0,9,0,6,0,0,0,0,1,1,6,1,31,6,1596,1,13,2,1
2014521407520,2,1,0,18,0,8,0,0,0,0,1,1,6,1,49,8,-1,-1,-1,4,1
2014521407537,1,11,0,2,0,1,0,0,0,0,0,1,1,1,51,8,4250,2,11,2,1
2014521407538,1,9,0,7,0,3,0,0,0,0,3,1,6,1,37,7,1900,2,15,10,1
2014521407538,2,9,0,18,0,4,0,0,0,0,4,1,6,2,60,9,1397,1,7,-1,-1
2014521407550,1,1,0,18,0,8,1,0,0,0,4,1,1,1,36,7,-1,-1,-1,6,1
2014521407550,2,19,0,9,0,6,0,0,0,0,3,1,6,1,28,6,-1,-1,-1,-1,-1
2014521407555,1,9,0,18,0,0,0,0,0,0,1,1,6,3,30,6,-1,-1,-1,-1,-1
2014521407567,1,9,0,10,0,6,0,0,0,0,1,1,6,1,21,5,998,1,15,5,1
2014521407567,2,3,0,18,0,8,0,0,0,0,1,1,2,1,17,4,124,1,8,5,1
2014521407575,1,9,0,9,0,5,0,0,0,0,4,1,6,1,33,6,1199,1,14,4,1
2014521407575,2,4,0,18,0,8,0,0,0,0,1,1,6,1,50,8,-1,-1,-1,-1,-1
2014521407579,1,9,0,5,0,4,0,0,0,0,3,1,6,1,53,8,1598,1,7,-1,1
2014521407579,2,9,0,18,0,3,0,0,0,0,1,1,6,1,26,6,1956,2,3,2,1
2014521407580,1,9,0,18,0,0,0,0,0,0,2,1,1,1,22,5,1598,1,6,9,1
2014521407580,2,8,0,18,0,0,0,0,0,0,2,1,1,1,27,6,1896,2,4,4,1
2014521407580,3,9,0,18,0,0,0,0,0,0,2,1,1,1,27,6,1998,2,13,7,1
2014521407583,1,9,0,17,0,0,0,0,0,0,1,1,6,2,41,7,3000,2,19,4,1
2014521407583,2,9,0,16,0,0,0,0,0,0,3,1,6,1,30,6,1587,1,12,1,1
2014521407585,1,9,0,18,0,6,0,0,0,0,1,1,6,1,41,7,1598,1,10,1,1
2014521407585,2,9,0,18,0,8,0,0,0,0,1,1,6,2,29,6,1388,1,11,2,1
2014521407586,1,9,0,7,0,6,0,0,0,0,1,1,6,2,61,9,1388,1,4,-1,1
2014521407586,2,1,0,18,2,8,0,0,0,0,1,1,6,1,46,8,-1,-1,-1,8,3
2014521407592,1,9,0,16,0,0,1,0,7,10,4,1,6,1,35,6,1198,1,9,-1,-1
2014521407600,1,9,0,6,0,0,0,0,0,0,1,1,6,1,33,6,-1,-1,-1,4,1
2014521407600,2,1,0,18,0,0,0,0,0,0,3,1,1,2,31,6,-1,-1,-1,4,1
2014521407602,1,9,0,9,0,5,0,0,0,0,1,1,1,1,39,7,1997,2,4,5,1
2014521407602,2,1,0,18,0,8,0,0,0,0,3,1,6,1,61,9,-1,-1,-1,7,1
2014521407605,1,5,0,16,0,0,0,0,0,0,1,1,6,1,54,8,-1,-1,-1,8,1
2014521407605,2,9,0,17,0,0,0,0,0,0,1,1,6,1,23,5,1299,1,14,2,1
2014521407611,1,1,0,18,0,0,0,4,0,0,4,1,6,1,43,7,-1,-1,-1,-1,1
2014521407611,2,19,0,2,0,0,0,0,0,0,2,1,1,2,32,6,-1,-1,-1,-1,1
2014521407612,1,9,0,18,0,0,0,0,0,0,3,1,6,1,31,6,1968,2,6,5,1
2014521407612,2,5,0,18,0,0,0,0,0,0,3,1,6,1,48,8,1043,1,-1,5,1
2014521407617,1,1,0,14,0,8,0,0,0,0,1,1,6,1,29,6,-1,-1,-1,-1,1
2014521407617,2,9,0,9,0,6,0,0,0,0,3,1,6,1,23,5,-1,-1,-1,5,1
2014521407619,1,9,0,18,0,6,0,0,0,0,1,1,6,2,34,6,1390,1,6,7,1
2014521407619,2,9,0,18,0,8,0,0,0,0,1,1,6,1,51,8,1968,2,4,10,1
2014521407625,1,9,0,18,0,0,0,0,0,0,1,1,6,1,50,8,-1,-1,-1,5,1
2014521407628,1,9,0,9,0,6,0,0,0,0,1,1,6,1,55,8,2993,2,4,9,3
2014521407628,2,3,0,18,0,8,0,0,0,0,1,1,6,1,33,6,124,1,7,5,1
2014521407629,1,9,0,5,0,0,0,0,0,0,4,1,6,1,58,9,1686,2,1,2,1
2014521407630,1,9,0,18,0,0,0,0,0,0,3,1,6,1,70,10,-1,-1,-1,9,1
2014521407630,2,9,0,18,0,0,0,0,0,0,3,1,6,2,54,8,995,1,4,10,2
2014521407631,1,9,0,8,0,1,0,0,0,0,3,1,6,1,32,6,2143,2,-1,6,1
2014521407631,2,1,0,18,5,1,0,0,0,0,1,1,6,1,43,7,-1,-1,-1,9,1
2014521407634,1,9,0,18,0,0,0,0,0,0,4,1,6,2,41,7,1329,1,5,3,1
2014521407634,2,1,0,18,0,0,0,0,0,0,1,1,6,1,44,7,-1,-1,-1,-1,1
2014521407635,1,9,0,18,0,1,0,0,0,0,1,1,6,2,32,6,1299,1,13,3,1
2014521407635,2,9,0,10,0,1,0,0,0,0,2,1,6,1,41,7,1769,1,11,7,1
2014521407637,1,9,0,16,0,0,0,0,0,0,1,1,6,1,56,9,-1,-1,-1,3,1
2014521407637,2,9,0,17,0,0,0,0,0,0,3,1,6,1,59,9,-1,-1,-1,8,3
2014521407638,1,9,0,9,0,6,0,0,0,0,1,1,6,1,87,11,1596,1,6,10,1
2014521407638,2,9,0,18,0,8,0,0,0,0,1,1,6,1,39,7,-1,-1,-1,7,1
2014521407644,1,9,0,4,0,0,0,0,0,0,2,1,6,1,24,5,1984,1,7,-1,1
2014521407644,2,9,0,18,0,0,0,0,0,0,1,1,6,1,25,5,1995,2,13,1,1
2014521407653,1,9,0,2,0,0,0,0,0,0,3,1,6,2,42,7,998,1,1,9,3
2014521407653,2,1,0,18,0,0,0,0,0,0,1,1,6,2,13,3,-1,-1,-1,-1,1
2014521407654,1,9,0,9,0,6,0,0,0,0,1,1,6,1,76,11,1598,2,4,6,1
2014521407654,2,3,0,18,0,8,1,0,0,0,4,1,6,1,28,6,675,1,5,8,1
2014521407658,1,9,0,18,0,0,0,0,0,0,4,1,6,2,39,7,1587,1,8,4,1
2014521407658,2,9,0,12,0,0,0,0,0,0,3,1,6,2,34,6,1997,2,7,7,1
2014521407660,1,9,0,18,0,0,0,0,0,0,1,1,6,1,53,8,-1,-1,-1,8,1
2014521407660,2,9,0,18,0,0,0,0,0,0,2,1,6,1,35,6,1870,2,11,4,1
2014521407665,1,9,0,11,0,0,0,4,0,0,1,1,6,1,19,4,-1,-1,-1,9,1
2014521407665,2,9,0,2,0,0,0,0,0,0,3,1,6,2,73,10,1396,1,17,1,1
2014521407665,3,9,0,18,0,0,0,0,0,0,0,1,6,3,-1,-1,-1,-1,-1,-1,-1
2014521407667,1,9,0,9,0,5,0,0,0,0,1,1,6,3,-1,-1,-1,-1,-1,-1,-1
2014521407671,1,9,0,18,0,6,0,0,0,0,1,1,6,1,40,7,1799,1,5,6,1
2014521407671,2,1,0,18,0,8,0,0,0,0,1,1,6,1,23,5,-1,-1,-1,9,1
2014521407672,1,5,0,9,0,8,0,0,0,0,3,1,6,1,41,7,656,1,4,6,3
2014521407672,2,9,0,7,0,3,0,0,0,0,4,1,6,1,26,6,-1,-1,-1,3,1
2014521407675,1,9,0,7,0,8,0,0,0,0,4,1,6,3,-1,-1,-1,-1,-1,-1,-1