Accident_Index,Vehicle_Reference,Vehicle_Type,Towing_and_Articulation,Vehicle_Manoeuvre,Vehicle_Location-Restricted_Lane,Junction_Location,Skidding_and_Overturning,Hit_Object_in_Carriageway,Vehicle_Leaving_Carriageway,Hit_Object_off_Carriageway,1st_Point_of_Impact,Was_Vehicle_Left_Hand_Drive?,Journey_Purpose_of_Driver,Sex_of_Driver,Age_of_Driver,Age_Band_of_Driver,Engine_Capacity_(CC),Propulsion_Code,Age_of_Vehicle,Driver_IMD_Decile,Driver_Home_Area_Type
2014521407676,1,9,0,3,0,0,0,0,0,0,2,1,6,2,45,7,1968,2,4,6,1
2014521407676,2,1,0,18,0,0,0,0,0,0,1,1,6,1,16,4,-1,-1,-1,8,1
2014521407681,1,9,0,18,0,8,0,0,0,0,1,1,6,1,77,11,2926,2,11,8,1
2014521407681,2,9,0,9,0,6,0,0,0,0,1,1,6,1,71,10,1560,2,1,3,1
2014521407682,1,9,0,18,0,0,1,0,0,0,1,1,6,1,30,6,2498,2,18,4,3
2014521407685,1,9,0,9,0,8,0,0,0,0,4,1,6,2,28,6,1596,1,9,4,1
2014521407685,2,9,0,18,0,4,0,0,0,0,1,1,6,1,18,4,-1,-1,-1,-1,-1
2014521407686,1,9,0,3,0,0,0,0,0,0,2,1,6,2,53,8,-1,-1,-1,10,1
2014521407686,2,5,0,18,0,0,0,0,0,0,1,1,6,1,21,5,600,1,1,-1,1
2014521407688,1,8,0,18,0,2,0,0,0,0,2,1,1,1,66,10,1997,2,2,1,1
2014521407688,2,9,0,18,0,2,0,0,0,0,2,1,1,2,51,8,2521,1,8,10,1
2014521407688,3,9,0,11,0,2,0,0,0,0,2,1,1,2,63,9,-1,-1,-1,7,3
2014521407688,4,11,0,5,0,2,0,0,0,0,1,1,1,1,39,7,7300,2,10,7,3
2014521407691,1,9,0,4,0,0,0,0,0,0,1,1,6,1,50,8,1560,2,1,-1,-1
2014521407691,2,9,0,4,0,0,0,0,0,0,2,1,6,2,35,6,1896,2,13,8,1
2014521407691,3,19,0,4,0,0,0,0,0,0,2,1,6,1,50,8,1968,2,-1,-1,1
2014521407692,1,9,0,12,0,2,0,0,0,0,1,1,6,2,34,6,-1,-1,-1,7,1
2014521407692,2,9,0,18,0,1,0,0,0,0,2,1,6,2,22,5,1149,1,3,-1,1
2014521407698,1,9,0,5,0,5,0,0,0,0,1,1,6,1,30,6,-1,-1,-1,2,1
2014521407698,2,1,0,18,0,8,0,0,0,0,3,1,6,1,47,8,-1,-1,-1,7,1
2014521407699,1,9,0,16,0,0,1,0,0,0,1,1,6,1,26,6,1796,1,15,10,1
2014521407699,2,9,0,18,0,0,0,0,0,0,1,1,6,2,23,5,1598,1,6,5,1
2014521407701,1,9,0,18,0,0,5,4,0,0,1,1,6,1,79,11,1956,2,1,2,1
2014521407701,2,9,0,2,0,0,0,0,0,0,2,1,6,2,56,9,1149,1,-1,2,1
2014521407702,1,9,0,9,0,6,0,0,0,0,3,1,6,1,65,9,2143,2,4,10,1
2014521407702,2,9,0,18,0,8,0,0,0,0,1,1,6,2,27,6,1560,2,4,9,3
2014521407703,1,9,0,18,0,8,0,0,0,0,1,1,6,2,46,8,1781,1,11,7,1
2014521407704,1,9,0,5,0,4,0,0,0,0,2,1,6,1,62,9,1896,1,17,4,1
2014521407704,2,9,0,5,0,4,0,0,0,0,1,1,6,1,33,6,1796,1,11,4,1
2014521407706,1,5,0,13,0,8,0,0,0,0,1,1,6,2,22,5,652,1,12,7,1
2014521407706,2,8,0,9,0,5,0,0,0,0,3,1,6,2,26,6,1229,1,6,4,1
2014521407709,1,1,0,18,0,0,0,0,0,0,1,1,6,1,17,4,-1,-1,-1,5,1
2014521407709,2,9,0,11,0,0,0,0,0,0,4,1,6,1,28,6,1248,2,10,-1,1
2014521407716,1,1,0,18,0,8,0,0,0,0,1,1,6,1,56,9,-1,-1,-1,9,1
2014521407716,2,9,0,9,0,6,0,0,0,0,1,1,6,1,80,11,1596,1,9,6,1
2014521407719,1,9,0,18,0,2,0,0,0,0,0,1,6,2,24,5,1242,1,8,7,1
2014521407721,1,9,0,18,0,0,0,0,1,0,4,1,6,2,36,7,2429,1,12,-1,1
2014521407725,1,9,0,18,0,1,0,7,0,0,3,1,6,2,21,5,1360,1,11,1,1
2014521407727,1,9,0,11,0,8,0,0,0,0,3,1,6,1,51,8,1299,1,9,8,1
2014521407727,2,21,1,11,0,8,0,0,0,0,4,1,6,1,-1,-1,10518,2,7,-1,-1
2014521407728,1,9,0,18,0,0,0,0,0,0,4,1,6,2,70,10,-1,-1,-1,5,2
2014521407728,2,21,0,3,0,0,0,0,0,0,2,1,6,1,46,8,11705,2,2,3,1
2014521407733,1,9,0,3,0,1,0,0,0,0,2,1,6,2,19,4,1390,1,11,1,1
2014521407733,2,9,0,18,0,1,0,0,0,0,1,1,6,1,64,9,2993,2,-1,6,1
2014521407736,1,9,0,2,0,1,0,0,0,0,3,1,6,1,51,8,2987,2,6,2,1
2014521407736,2,1,0,18,0,1,0,8,0,0,1,1,6,2,64,9,-1,-1,-1,3,1
2014521407737,1,9,0,16,0,1,0,10,1,2,1,1,6,1,50,8,1388,1,17,6,1
2014521407738,1,9,0,4,0,1,0,0,0,0,4,1,6,1,35,6,2987,2,6,4,1
2014521407738,2,9,0,18,0,1,0,0,0,0,1,1,6,1,52,8,-1,-1,-1,2,1
2014521407739,1,9,0,18,0,6,0,0,0,0,3,1,1,2,59,9,-1,-1,-1,1,1
2014521407739,2,1,0,15,4,8,0,0,0,0,1,1,6,1,40,7,-1,-1,-1,3,1
2014521407740,1,9,0,13,0,1,0,10,4,2,4,1,6,1,26,6,1198,1,12,4,1
2014521407740,2,9,0,18,0,1,0,0,0,0,3,1,6,1,62,9,-1,-1,-1,7,2
2014521407740,3,9,0,18,0,1,0,0,0,0,0,1,1,1,34,6,1560,2,3,-1,-1
2014521407748,1,3,0,18,0,0,0,4,0,0,1,1,6,3,-1,-1,125,1,2,-1,-1
2014521407748,2,8,0,12,0,0,0,0,0,0,2,1,1,1,41,7,1560,2,5,1,1
2014521407748,3,9,0,2,0,0,0,0,0,0,1,1,6,1,65,9,-1,-1,-1,3,1
2014521407752,1,9,0,8,0,1,0,0,0,0,2,1,6,1,49,8,1968,2,4,8,3
2014521407752,2,9,0,18,0,1,0,0,0,0,1,1,6,2,41,7,1995,2,6,6,1
2014521407755,1,5,0,18,0,8,0,0,0,0,3,1,6,1,55,8,499,1,16,10,1
2014521407755,2,9,0,9,0,6,0,0,0,0,1,1,6,2,52,8,1598,1,6,10,1
2014521407756,1,9,0,18,0,8,0,0,0,0,0,1,6,3,-1,-1,-1,-1,-1,-1,-1
2014521407756,2,1,0,18,0,8,0,0,0,0,1,1,4,2,17,4,-1,-1,-1,8,1
2014521407760,1,1,0,18,0,8,0,0,0,0,1,1,6,1,43,7,-1,-1,-1,4,1
2014521407760,2,9,0,3,0,4,0,0,0,0,3,1,6,2,66,10,998,1,3,8,1
2014521407761,1,9,0,18,0,8,0,0,0,0,1,1,6,1,66,10,1598,2,4,4,1
2014521407764,1,9,0,18,0,2,0,0,0,0,4,1,6,1,19,4,1297,1,25,9,1
2014521407765,1,9,0,9,0,5,0,0,0,0,3,1,6,1,54,8,1968,2,1,2,1
2014521407765,2,4,0,13,0,8,0,0,0,0,1,1,6,1,17,4,125,1,4,-1,1
2014521407772,1,9,0,18,0,8,0,0,0,0,1,1,6,2,24,5,-1,-1,-1,8,1
2014521407773,1,9,0,4,0,0,0,0,0,0,4,1,6,2,20,4,1242,1,3,8,2
2014521407773,2,9,0,4,0,0,0,0,0,0,3,1,6,1,35,6,1984,1,17,7,3
2014521407774,1,9,0,18,0,8,0,0,0,0,1,1,6,3,30,6,-1,-1,-1,-1,-1
2014521407774,2,1,0,9,0,8,0,0,0,0,1,1,6,1,19,4,-1,-1,-1,7,1
2014521407776,1,9,0,7,0,2,0,0,0,0,1,1,6,1,84,11,1796,1,12,10,1
2014521407778,1,1,0,18,0,0,0,0,0,0,1,1,6,1,52,8,-1,-1,-1,8,1
2014521407778,2,9,0,3,0,0,0,0,0,0,2,1,6,1,72,10,1362,1,1,6,1
2014521407782,1,9,0,9,0,1,0,0,0,0,3,1,6,1,57,9,1995,2,1,10,1
2014521407782,2,1,0,18,0,1,0,0,0,0,1,1,6,1,70,10,-1,-1,-1,10,2
2014521407783,1,9,0,10,0,6,0,0,0,0,1,1,6,2,49,8,1997,2,2,-1,1
2014521407783,2,9,0,9,0,5,0,0,0,0,0,1,6,1,48,8,2494,1,15,5,1
2014521407783,3,9,0,11,0,8,0,0,0,0,1,1,6,1,55,8,-1,-1,-1,2,1
2014521407785,1,1,0,17,0,8,0,0,0,0,3,1,6,1,22,5,-1,-1,-1,6,1
2014521407785,2,9,0,9,0,5,0,0,0,0,1,1,6,2,81,11,1198,1,7,9,1
2014521407788,1,21,1,18,0,4,0,0,0,0,3,1,6,1,54,8,4580,2,4,6,1
2014521407788,2,1,0,18,0,8,0,0,0,0,1,1,6,2,51,8,-1,-1,-1,10,1
2014521407789,1,9,0,9,0,5,0,0,0,0,1,1,6,1,61,9,1997,2,14,2,1
2014521407790,1,9,0,18,0,0,0,0,0,0,1,1,6,1,23,5,998,1,7,6,3
2014521407791,1,1,0,18,0,8,0,0,0,0,1,1,6,1,28,6,-1,-1,-1,3,1
2014521407791,2,19,0,7,0,5,0,0,0,0,4,1,6,1,-1,-1,-1,-1,-1,-1,-1
2014521407793,1,9,0,7,0,3,0,0,0,0,1,1,6,2,51,8,1997,2,12,6,1
2014521407794,1,9,0,18,0,0,0,0,0,0,1,1,6,2,59,9,1198,1,9,10,1
2014521407796,1,9,0,18,0,6,0,0,0,0,4,1,6,2,35,6,998,1,1,3,1
2014521407796,2,3,0,15,0,8,0,0,0,0,1,1,6,2,46,8,124,1,9,10,1
2014521407797,1,9,0,18,0,8,0,0,0,0,0,1,6,1,32,6,1386,1,7,9,3
2014521407797,2,1,0,18,0,8,0,0,0,0,1,1,6,1,28,6,-1,-1,-1,7,1
2014521407799,1,9,0,18,0,0,0,0,0,0,1,1,6,1,19,4,1242,1,7,9,3
2014521407803,1,1,0,18,0,8,1,0,0,0,3,1,6,1,25,5,-1,-1,-1,10,1
2014521407803,2,9,0,18,0,6,0,0,0,0,3,1,6,1,75,10,1396,1,12,8,1
2014521407808,1,9,0,9,0,5,0,0,0,0,1,1,6,2,65,9,1339,1,5,10,1
2014521407808,2,1,0,18,0,8,0,0,0,0,1,1,6,1,65,9,-1,-1,-1,9,1
2014521407811,1,9,0,2,0,0,0,0,0,0,3,1,6,2,42,7,1968,2,6,8,2
2014521407811,2,9,0,18,0,0,0,8,0,0,1,1,6,1,52,8,2143,2,-1,8,1
2014521407813,1,9,0,12,0,1,0,0,0,0,0,1,6,2,33,6,1984,1,7,3,1
2014521407813,2,9,0,3,0,1,0,0,0,0,2,1,6,1,45,7,1896,2,14,7,1
2014521407813,3,9,0,18,0,1,0,0,0,0,1,1,6,2,23,5,1198,1,8,2,1
2014521407815,1,9,0,18,0,0,0,0,0,0,1,1,6,3,-1,-1,-1,-1,-1,-1,-1
2014521407819,1,9,0,2,0,0,0,0,0,0,3,1,2,1,28,6,1896,2,14,3,1
2014521407819,2,9,0,18,0,0,0,8,0,0,3,1,1,2,43,7,1199,1,11,1,1
2014521407821,1,9,0,10,0,8,0,0,0,0,2,1,6,1,29,6,1390,1,11,6,3
2014521407821,2,9,0,18,0,8,0,0,0,0,1,1,6,2,53,8,2987,2,2,8,1
2014521407823,1,9,0,3,0,3,0,0,0,0,1,1,6,2,29,6,-1,-1,-1,1,1
2014521407823,2,1,0,11,0,3,0,0,0,0,1,1,1,1,30,6,-1,-1,-1,-1,-1
2014521407826,1,9,0,9,0,6,0,0,0,0,4,1,6,1,22,5,1984,1,6,-1,-1
2014521407826,2,9,0,18,0,8,0,0,0,0,1,1,6,1,19,4,1598,2,-1,4,1
2014521407828,1,9,0,18,0,8,0,0,0,0,3,1,6,2,40,7,1198,1,-1,10,1
2014521407828,2,9,0,18,0,8,0,0,0,0,4,1,6,1,65,9,-1,-1,-1,6,1
2014521407830,1,9,0,18,0,1,0,0,0,0,1,1,6,1,58,9,-1,-1,-1,9,1
2014521407830,2,9,0,9,0,5,0,0,0,0,4,1,6,1,42,7,1598,2,1,8,1
2014521407832,1,9,0,18,0,0,0,0,0,0,1,1,6,1,30,6,1587,1,15,4,1
2014521407840,1,9,0,3,0,0,0,0,0,0,2,1,6,1,33,6,1598,1,8,10,1
2014521407840,2,9,0,18,0,0,0,0,0,0,1,1,6,3,-1,-1,1598,1,6,-1,-1
2014521407842,1,9,0,18,0,1,0,0,0,0,1,1,6,2,31,6,1248,1,1,10,1
2014521407842,2,9,0,3,0,1,0,0,0,0,2,1,6,1,35,6,1598,1,9,4,1
2014521407842,3,9,0,3,0,1,0,0,0,0,2,1,6,1,43,7,1582,2,2,9,1
2014521407844,1,9,0,4,0,0,0,0,0,0,2,1,6,2,23,5,1086,1,5,9,1
2014521407844,2,9,0,18,0,0,0,0,0,0,1,1,6,2,33,6,2497,2,17,7,1
2014521407851,1,9,0,9,0,5,0,0,0,0,1,1,6,2,29,6,999,1,3,6,1
2014521407852,1,1,0,18,0,8,0,0,0,0,3,1,6,1,20,4,-1,-1,-1,-1,-1
2014521407852,2,9,0,7,0,1,0,0,0,0,4,1,6,1,20,4,1781,1,14,-1,-1
2014521407857,1,9,0,18,0,0,0,0,0,0,3,1,6,2,49,8,1124,1,10,6,1
2014521407857,2,9,0,3,0,0,0,0,0,0,3,1,6,1,18,4,1242,1,2,4,1
2014521407857,3,1,0,14,0,0,0,0,0,0,1,1,6,1,57,9,-1,-1,-1,6,1
2014521407859,1,9,0,18,0,0,0,0,0,0,4,1,6,3,-1,-1,-1,-1,-1,-1,-1
2014521407860,1,11,0,18,0,8,0,0,0,0,4,1,1,1,46,8,6370,2,12,1,1
2014521407877,1,9,0,18,0,6,0,0,0,0,4,1,6,1,30,6,1197,1,-1,10,1
2014521407877,2,4,0,18,0,8,0,0,0,0,1,1,6,1,26,6,124,1,12,3,1
2014521407878,1,9,0,7,0,4,0,0,0,0,1,1,6,2,24,5,1461,2,11,5,2
2014521407878,2,9,0,18,0,8,0,0,0,0,3,1,6,2,24,5,1389,1,14,9,3
2014521407886,1,9,0,18,0,8,0,0,0,0,4,1,6,2,32,6,1995,2,10,7,2
2014521407888,1,8,0,18,0,0,0,0,0,0,4,1,1,3,-1,-1,-1,-1,-1,-1,-1
2014521407897,1,9,0,1,0,6,0,0,0,0,2,1,6,3,-1,-1,-1,-1,-1,-1,-1
2014521407898,1,9,0,4,0,0,0,0,0,0,1,1,6,1,27,6,-1,-1,-1,6,1
2014521407898,2,4,0,4,0,0,0,0,0,0,2,1,6,1,47,8,-1,-1,-1,-1,3
2014521407899,1,9,0,18,0,0,0,0,0,0,3,1,6,1,51,8,1997,2,5,10,1
2014521407899,2,9,0,18,0,0,0,0,0,0,3,1,1,1,38,7,1995,2,3,10,1
2014521407900,1,9,0,7,0,1,0,0,0,0,1,1,6,1,55,8,1951,2,13,-1,1
2014521407900,2,1,0,5,0,6,0,0,0,0,4,1,6,2,53,8,-1,-1,-1,-1,-1
2014521407903,1,9,0,11,0,0,0,0,0,0,4,1,6,1,30,6,1560,2,8,7,1
2014521407903,2,1,0,12,0,0,0,0,0,0,3,1,6,2,43,7,-1,-1,-1,4,1
2014521407910,1,11,0,10,0,1,0,0,0,0,3,1,6,1,49,8,7300,2,5,5,1
2014521407910,2,9,0,18,0,1,0,0,0,0,4,1,6,3,-1,-1,-1,-1,-1,-1,-1
2014521407913,1,9,0,18,0,0,0,0,0,0,1,1,6,1,18,4,1149,1,12,7,3
2014521407913,2,1,0,18,0,0,0,0,0,0,1,1,6,1,44,7,-1,-1,-1,5,1
2014521407921,1,5,0,10,0,8,0,0,0,0,2,1,6,2,19,4,-1,-1,-1,-1,1
2014521407921,2,9,0,18,0,1,0,0,0,0,1,1,6,2,20,4,1360,1,10,6,1
2014521407924,1,9,0,4,0,1,0,0,0,0,2,1,6,1,42,7,-1,-1,-1,9,2
2014521407924,2,9,0,18,0,1,0,0,0,0,1,1,6,1,64,9,1796,1,12,1,1
2014521407926,1,9,0,18,0,0,0,0,0,0,1,1,6,1,43,7,1242,1,2,4,1
2014521407926,2,19,0,2,0,0,0,0,0,0,2,1,6,1,49,8,2477,2,6,4,1
2014521407926,3,19,0,2,0,0,0,0,0,0,4,1,6,1,54,8,1968,2,3,4,1
2014521407926,4,9,0,2,0,0,0,0,0,0,2,1,6,2,58,9,1560,2,1,4,1
2014521407926,5,9,0,2,0,0,0,0,0,0,4,1,6,1,25,5,1390,1,11,4,1
2014521407928,1,9,0,9,0,8,0,0,0,0,1,1,6,1,18,4,999,1,15,6,1
2014521407928,2,9,0,18,0,8,0,0,0,0,1,1,6,2,35,6,1598,1,11,5,1
2014521407931,1,1,0,18,0,1,0,0,0,0,1,1,6,1,52,8,-1,-1,-1,9,1
2014521407931,2,20,0,18,0,1,0,0,0,0,1,1,6,1,35,6,-1,-1,-1,-1,-1
2014521407932,1,9,0,18,0,8,0,0,0,0,1,1,6,1,65,9,1997,2,15,1,1
2014521407932,2,5,0,18,0,8,0,0,0,0,1,1,6,1,45,7,996,1,10,1,1
2014521407935,1,9,0,18,0,0,0,0,0,0,2,1,6,2,20,4,1199,1,11,6,1
2014521407935,2,9,0,18,0,0,0,0,0,0,1,1,6,3,-1,-1,2179,2,3,-1,-1
2014521407937,1,19,0,16,0,0,0,7,7,11,1,1,6,1,49,8,-1,-1,-1,-1,-1
2014521407941,1,9,0,7,0,8,0,0,0,0,2,1,6,1,53,8,-1,-1,-1,3,1
2014521407941,2,9,0,7,0,4,0,0,0,0,1,1,6,1,30,6,-1,-1,-1,-1,-1
2014521407952,1,9,0,4,0,1,0,0,0,0,1,1,6,2,71,10,2179,2,4,10,1
2014521407952,2,9,0,3,0,1,0,0,0,0,2,1,6,2,59,9,899,1,13,7,1
2014521407954,1,5,0,14,0,0,0,0,0,0,4,1,6,1,46,8,1500,1,12,9,1
2014521407954,2,9,0,12,0,0,0,0,0,0,3,1,6,1,55,8,1560,2,5,-1,1
2014521407957,1,9,0,18,0,8,0,0,0,0,1,1,6,2,65,9,1339,1,3,7,3
2014521407957,2,9,0,10,0,8,0,0,0,0,2,1,6,1,43,7,1197,1,-1,10,2
2014521407966,1,9,0,18,0,0,0,0,0,0,3,1,6,1,46,8,1997,2,6,9,1
2014521407966,2,9,0,18,0,0,0,0,0,0,1,1,6,2,40,7,1360,1,7,-1,-1
2014521407974,1,9,0,18,0,0,0,0,0,0,1,1,6,1,17,4,1124,1,10,9,1
2014521407989,1,9,0,3,0,1,0,0,0,0,2,1,6,2,52,8,1595,1,-1,7,3
2014521407989,2,9,0,18,0,1,0,0,0,0,1,1,6,1,-1,-1,1360,1,12,-1,-1
2014521407995,1,9,0,10,0,8,0,0,0,0,1,1,6,2,48,8,1582,2,6,9,1
2014521407995,2,2,0,18,0,8,0,0,0,0,1,1,6,1,17,4,49,1,8,8,3
2014521407997,1,1,0,10,0,6,0,0,0,0,3,1,6,2,50,8,-1,-1,-1,2,1
2014521407997,2,9,0,9,0,5,0,0,0,0,3,1,6,1,78,11,1461,2,5,3,1
2014521407998,1,9,0,18,0,0,0,0,0,0,1,1,6,1,75,10,1242,1,6,8,1
2014521407998,2,9,0,2,0,0,0,0,0,0,1,1,6,3,-1,-1,1360,1,13,-1,-1
2014521407998,3,9,0,2,0,0,0,0,0,0,1,1,6,3,-1,-1,1364,1,8,-1,-1
2014521407998,4,9,0,2,0,0,0,0,0,0,2,1,6,3,-1,-1,1248,1,2,-1,-1
2014521408001,1,9,0,12,0,1,0,0,0,0,2,1,2,2,41,7,1389,1,16,4,1
2014521408001,2,9,0,18,0,1,0,0,0,0,1,1,6,3,-1,-1,1896,2,7,-1,-1
2014521408009,1,9,0,5,0,4,0,0,0,0,1,1,6,2,23,5,1995,2,5,8,1
2014521408015,1,9,0,9,0,6,0,0,0,0,1,1,6,1,51,8,1994,1,16,2,1
2014521408015,2,9,0,18,0,8,0,0,0,0,1,1,6,1,31,6,1997,1,15,5,1
2014521408018,1,9,0,3,0,0,0,0,0,0,2,1,6,1,57,9,1998,1,10,3,1
2014521408018,2,9,0,18,0,0,0,0,0,0,1,1,6,1,22,5,1781,1,20,3,1
2014521408018,3,9,0,18,0,0,0,0,0,0,1,1,6,2,53,8,1870,2,8,7,1
2014521408021,1,8,0,18,0,0,0,0,0,0,3,1,1,1,50,8,2664,2,14,10,1
2014521408025,1,9,0,9,0,5,0,0,0,0,1,1,6,1,44,7,998,1,24,-1,1
2014521408025,2,3,0,18,2,8,0,0,0,0,1,1,6,1,50,8,1255,1,7,2,1
2014521408030,1,11,1,3,2,0,0,0,0,0,0,1,6,1,36,7,6370,2,12,10,1
2014521408032,1,9,0,9,0,5,0,0,0,0,1,1,6,1,21,5,-1,-1,-1,6,1
2014521408032,2,1,0,18,0,8,0,0,0,0,1,1,6,1,24,5,-1,-1,-1,6,1
2014521408036,1,9,0,18,0,0,0,0,0,0,4,1,6,1,21,5,998,1,13,4,1
2014521408037,1,9,0,18,0,0,0,0,0,0,0,1,6,1,36,7,-1,-1,-1,2,1
2014521408037,2,9,0,18,0,0,0,0,0,0,1,1,6,2,26,6,1997,2,13,5,3
2014521408037,3,9,0,18,0,0,0,0,0,0,1,1,6,2,41,7,1397,1,2,5,1
2014521408037,4,9,0,18,0,0,0,0,0,0,1,1,6,2,40,7,2261,1,6,10,1
2014521408042,1,9,0,18,0,0,0,0,0,0,1,1,6,1,28,6,998,1,13,6,1
2014521408043,1,9,0,9,0,6,0,0,0,0,1,1,6,1,36,7,1910,2,8,-1,1
2014521408043,2,9,0,18,0,8,0,0,0,0,1,1,6,1,22,5,-1,-1,-1,2,1
2014521408050,1,1,0,18,0,8,0,0,0,0,1,1,2,2,34,6,-1,-1,-1,9,1
2014521408050,2,9,0,9,0,5,0,0,0,0,1,1,6,1,25,5,1896,2,15,-1,-1
2014521408052,1,1,0,18,5,8,0,0,0,0,3,1,6,2,56,9,-1,-1,-1,9,1
2014521408052,2,9,0,18,0,1,0,0,0,0,1,1,6,1,44,7,-1,-1,-1,-1,-1
2014521408055,1,9,0,9,0,6,0,0,0,0,3,1,6,1,88,11,1997,2,12,9,3
2014521408055,2,21,0,18,0,8,1,0,0,0,1,1,6,1,35,6,6692,2,3,5,1
2014521408057,1,9,0,1,0,0,0,0,0,0,2,1,6,2,47,8,1995,1,1,2,1
2014521408060,1,9,0,18,0,2,0,0,0,0,1,1,6,2,22,5,1753,2,13,-1,1
2014521408060,2,9,0,18,0,1,0,0,0,0,1,1,6,1,57,9,1796,1,14,9,1
2014521408060,3,1,0,18,0,6,0,0,0,0,1,1,6,1,39,7,-1,-1,-1,3,1
2014521408067,1,9,0,2,0,1,0,0,0,0,2,1,6,1,25,5,-1,-1,-1,4,1
2014521408067,2,9,0,18,0,1,0,4,0,0,1,1,6,2,28,6,-1,-1,-1,-1,-1
2014521408069,1,11,0,18,2,0,0,0,0,0,4,1,6,1,31,6,9360,2,5,9,1
2014521408069,2,1,0,12,2,0,0,0,0,0,3,1,6,2,35,6,-1,-1,-1,10,1
2014521408070,1,9,0,3,0,0,0,0,0,0,2,1,6,1,58,9,1560,2,5,8,1
2014521408070,2,9,0,18,0,0,0,0,0,0,1,1,6,2,32,6,-1,-1,-1,5,1
2014521408070,3,9,0,18,0,0,0,0,0,0,1,1,6,1,38,7,1896,2,14,3,1
2014521408073,1,9,0,18,0,6,0,0,0,0,1,1,6,2,50,8,-1,-1,-1,4,1
2014521408073,2,9,0,18,0,8,0,0,0,0,3,1,6,1,33,6,1248,2,10,8,1
2014521408074,1,1,0,18,0,8,0,0,0,0,4,1,6,1,44,7,-1,-1,-1,-1,1
2014521408074,2,8,0,5,0,4,0,0,0,0,4,1,6,2,50,8,1242,1,6,-1,-1
2014521408076,1,4,0,18,0,0,0,0,0,0,0,1,6,1,19,4,124,1,1,6,1
2014521408076,2,9,0,18,0,0,0,0,0,0,0,1,6,3,-1,-1,-1,-1,-1,-1,-1
2014521408077,1,9,0,9,0,5,0,0,0,0,0,1,6,1,25,5,-1,-1,-1,7,1
2014521408077,2,97,0,3,0,8,0,0,0,0,3,1,6,1,26,6,-1,-1,-1,1,1
2014521408081,1,9,0,18,0,4,0,0,0,0,1,1,6,1,26,6,1896,2,13,7,1
2014521408081,2,9,0,18,0,8,0,0,0,0,2,1,6,2,24,5,1389,1,13,8,1
2014521408082,1,9,0,9,0,5,0,0,0,0,3,1,6,2,26,6,1598,1,6,6,1
2014521408082,2,1,0,10,0,1,0,0,0,0,1,1,6,2,67,10,-1,-1,-1,5,1
2014521408090,1,9,0,3,0,0,0,0,0,0,2,1,6,1,30,6,1997,1,1,-1,1
2014521408090,2,9,0,3,0,0,0,0,0,0,2,1,6,1,55,8,1956,2,5,7,2
2014521408090,3,9,0,4,0,0,0,0,0,0,2,1,6,1,27,6,-1,-1,-1,1,1
2014521408090,4,9,0,4,0,0,0,0,0,0,1,1,6,1,35,6,-1,-1,-1,10,1
2014521408093,1,11,0,18,0,0,0,0,0,0,3,1,6,1,56,9,7300,2,2,1,1
2014521408093,2,1,0,18,0,0,0,0,0,0,4,1,6,1,50,8,-1,-1,-1,4,1
2014521408097,1,9,0,8,0,1,0,0,0,0,2,1,6,2,42,7,1590,1,11,6,1
2014521408097,2,9,0,7,0,1,0,0,0,0,1,1,6,1,35,6,-1,-1,-1,-1,-1
2014521408104,1,9,0,7,0,5,0,0,0,0,4,1,6,1,32,6,1994,1,13,10,1
2014521408104,2,1,0,18,0,8,0,0,0,0,1,1,6,1,29,6,-1,-1,-1,1,1
2014521408153,1,3,0,13,0,1,0,0,0,0,4,1,2,1,37,7,125,1,12,-1,-1
2014521408153,2,9,0,9,0,5,0,0,0,0,3,1,6,2,18,4,1242,1,13,-1,-1
2014521408159,1,9,0,3,0,1,0,0,0,0,2,1,6,2,36,7,1388,1,8,7,3
2014521408159,2,9,0,18,0,1,0,0,0,0,2,1,6,1,60,9,-1,-1,-1,-1,-1
2014521408162,1,9,0,18,0,0,2,0,1,10,1,1,2,2,50,8,1995,2,1,7,2
2014521408163,1,9,0,18,0,1,0,0,0,0,3,1,6,1,37,7,-1,-1,-1,-1,1
2014521408163,2,9,0,11,0,1,0,0,0,0,4,1,6,3,-1,-1,1390,1,4,-1,-1
2014521408164,1,9,0,3,0,1,0,0,0,0,2,1,6,2,22,5,1108,1,11,9,3
2014521408164,2,9,0,4,0,1,0,0,0,0,1,1,6,1,23,5,-1,-1,-1,-1,1
2014521408178,1,9,0,9,0,6,0,0,0,0,1,1,6,2,58,9,-1,-1,-1,-1,-1
2014521408202,1,9,0,7,0,5,0,0,0,0,1,1,6,1,27,6,1400,1,8,2,1
2014521408203,1,9,0,7,0,1,0,0,0,0,4,1,6,1,66,10,1242,1,6,7,1
2014521408203,2,9,0,4,0,1,0,0,0,0,2,1,1,1,81,11,-1,-1,-1,8,3
2014521408203,3,9,0,18,0,1,0,0,0,0,1,1,6,1,45,7,1968,2,3,-1,1
2014521408204,1,9,0,18,0,8,0,0,0,0,1,1,6,1,52,8,-1,-1,-1,10,1
2014521408204,2,9,0,9,0,8,0,0,0,0,1,1,6,1,35,6,1999,1,9,4,1
2014521408209,1,9,0,18,0,8,0,0,0,0,1,1,6,1,32,6,1968,2,1,6,1