Accident_Index,Vehicle_Reference,Vehicle_Type,Towing_and_Articulation,Vehicle_Manoeuvre,Vehicle_Location-Restricted_Lane,Junction_Location,Skidding_and_Overturning,Hit_Object_in_Carriageway,Vehicle_Leaving_Carriageway,Hit_Object_off_Carriageway,1st_Point_of_Impact,Was_Vehicle_Left_Hand_Drive?,Journey_Purpose_of_Driver,Sex_of_Driver,Age_of_Driver,Age_Band_of_Driver,Engine_Capacity_(CC),Propulsion_Code,Age_of_Vehicle,Driver_IMD_Decile,Driver_Home_Area_Type
2014521408872,1,9,0,18,0,0,0,0,0,0,1,1,6,3,-1,-1,1997,2,9,-1,-1
2014521408872,2,9,0,4,0,0,0,0,0,0,2,1,6,2,40,7,1984,1,1,9,1
2014521408895,1,9,0,9,0,5,0,0,0,0,3,1,6,2,42,7,1240,1,9,10,1
2014521408895,2,9,0,7,0,6,0,0,0,0,1,1,6,2,40,7,-1,-1,-1,-1,-1
2014521408910,1,9,0,9,0,6,0,0,0,0,1,1,6,2,25,5,1995,2,3,1,1
2014521408910,2,3,0,14,0,8,0,0,0,0,1,1,6,1,20,4,124,1,-1,1,1
2014521408912,1,9,0,3,0,1,0,0,0,0,2,1,6,2,40,7,1596,1,11,4,1
2014521408912,2,9,0,18,0,1,0,0,0,0,1,1,6,1,38,7,1240,1,6,4,1
2014521408918,1,9,0,18,0,2,0,0,0,0,1,1,6,2,43,7,998,1,-1,6,1
2014521408918,2,9,0,7,0,7,0,0,0,0,1,1,6,1,70,10,1753,2,10,8,1
2014521408925,1,9,0,9,0,8,0,0,0,0,3,1,6,2,19,4,1598,1,13,10,1
2014521408925,2,9,0,18,0,3,0,0,0,0,4,1,6,1,29,6,1997,2,-1,-1,-1
2014521408927,1,9,0,3,0,1,0,0,0,0,2,1,6,2,51,8,1685,2,1,6,3
2014521408927,2,4,0,14,0,1,0,0,0,0,1,1,6,1,21,5,496,1,33,7,3
2014521408930,1,9,0,18,0,1,0,0,0,0,1,1,6,2,22,5,998,1,2,1,1
2014521408930,2,9,0,4,0,1,0,0,0,0,2,1,6,2,40,7,1332,1,17,-1,-1
2014521408935,1,9,0,18,0,0,0,0,0,0,1,1,6,2,22,5,1242,1,13,9,1
2014521408935,2,1,0,18,0,0,0,0,0,0,3,1,6,1,17,4,-1,-1,-1,4,1
2014521408936,1,9,0,3,0,8,0,0,0,0,2,1,6,2,26,6,995,1,3,5,1
2014521408936,2,9,0,3,0,8,0,0,0,0,2,1,6,1,25,5,1339,1,11,4,1
2014521408936,3,9,0,12,0,8,0,0,0,0,1,1,6,2,30,6,-1,-1,-1,3,1
2014521408943,1,9,0,9,0,5,0,0,0,0,1,1,6,1,40,7,-1,-1,-1,5,1
2014521408943,2,2,0,18,2,8,0,0,0,0,1,1,6,1,17,4,49,1,13,4,1
2014521408949,1,9,0,3,0,1,0,0,0,0,2,1,6,2,25,5,1596,1,-1,3,1
2014521408949,2,2,0,18,0,1,0,0,0,0,1,1,6,1,25,5,535,1,17,3,1
2014521408949,3,9,0,18,0,1,0,0,0,0,0,1,6,2,29,6,1124,1,13,9,1
2014521408950,1,9,0,18,0,2,0,0,7,11,1,1,6,1,80,11,2460,2,10,7,2
2014521408950,2,9,0,18,0,1,0,0,0,0,1,1,6,1,73,10,2435,1,15,6,2
2014521408951,1,11,0,9,0,8,0,0,0,0,1,1,1,1,42,7,4461,2,-1,4,2
2014521408954,1,1,0,18,0,8,0,0,0,0,4,1,1,1,41,7,-1,-1,-1,5,1
2014521408954,2,9,0,9,0,6,0,0,0,0,4,1,6,2,40,7,1598,2,1,-1,-1
2014521408957,1,9,0,18,0,1,0,0,0,0,4,1,6,3,-1,-1,-1,-1,-1,-1,-1
2014521408958,1,9,0,16,0,0,0,0,0,0,1,1,6,1,25,5,-1,-1,-1,8,3
2014521408973,1,9,0,4,0,0,0,0,0,0,1,1,1,1,25,5,-1,-1,-1,-1,1
2014521408973,2,9,0,4,0,0,0,0,0,0,2,1,6,1,26,6,1461,2,7,7,1
2014521408973,3,9,0,3,6,0,0,0,0,0,2,1,6,2,49,8,1240,1,9,2,1
2014521408974,1,9,0,18,0,0,0,0,0,0,2,1,6,2,51,8,1597,2,1,10,1
2014521408974,2,9,0,18,0,0,0,0,0,0,1,1,6,1,26,6,1229,1,5,4,1
2014521408974,3,9,0,18,0,0,0,0,0,0,1,1,6,1,30,6,1360,1,13,-1,1
2014521408974,4,9,0,18,0,0,0,0,0,0,0,1,6,3,-1,-1,-1,-1,-1,-1,-1
2014521408975,1,9,0,9,0,6,0,0,0,0,1,1,6,1,39,7,2993,2,4,6,1
2014521408975,2,1,0,17,0,8,0,0,0,0,4,1,6,2,30,6,-1,-1,-1,-1,-1
2014521408980,1,9,0,18,0,0,0,0,0,0,2,1,6,1,21,5,1397,1,12,9,2
2014521408980,2,9,0,18,0,0,0,0,0,0,4,1,6,2,39,7,1560,2,6,10,3
2014521408980,3,19,0,18,0,0,0,0,0,0,1,1,6,1,43,7,2198,2,2,8,3
2014521408983,1,9,0,18,0,0,5,0,4,0,3,1,6,1,18,4,998,1,2,8,3
2014521408983,2,9,0,3,0,0,0,0,0,0,3,1,6,1,28,6,-1,-1,-1,10,1
2014521408983,3,9,0,3,0,0,0,0,0,0,2,1,6,1,46,8,1995,2,1,-1,3
2014521408984,1,9,0,18,0,4,0,0,0,0,3,1,6,3,-1,-1,-1,-1,-1,-1,-1
2014521408984,2,1,0,18,0,8,0,0,0,0,4,1,6,2,25,5,-1,-1,-1,4,1
2014521408985,1,9,0,3,0,1,0,0,0,0,3,1,6,1,22,5,1781,1,14,9,3
2014521408985,2,19,0,9,0,6,0,0,0,0,3,1,6,1,50,8,2464,2,11,3,1
2014521408987,1,1,0,18,0,1,0,0,0,0,0,1,6,1,27,6,-1,-1,-1,8,2
2014521408987,2,9,0,9,0,1,0,0,0,0,1,1,6,2,77,11,1368,1,7,10,1
2014521408991,1,9,0,16,0,1,1,0,4,2,3,1,6,1,18,4,1200,1,11,-1,3
2014521409016,1,9,0,18,0,8,0,0,0,0,3,1,6,1,52,8,1686,2,8,6,1
2014521409016,2,1,0,18,0,8,0,0,0,0,3,1,6,1,16,4,-1,-1,-1,-1,-1
2014521409034,1,4,0,18,0,0,0,0,0,0,1,1,6,1,27,6,899,1,15,4,1
2014521409034,2,9,0,1,9,0,0,0,0,0,3,1,6,2,25,5,1149,1,11,4,1
2014521409054,1,9,0,18,0,0,0,0,0,0,1,1,6,1,21,5,1199,1,12,6,1
2014521409054,2,9,0,2,0,0,0,0,0,0,1,1,6,1,-1,-1,1896,2,9,-1,-1
2014521409079,1,9,0,3,0,0,0,0,0,0,2,1,6,1,55,8,1339,1,9,2,1
2014521409079,2,9,0,18,0,0,0,0,0,0,1,1,6,3,-1,-1,1995,2,7,-1,-1
2014521409082,1,9,0,18,0,1,0,0,0,0,1,1,6,1,53,8,-1,-1,-1,5,1
2014521409082,2,9,0,18,0,2,0,0,0,0,1,1,6,1,88,11,1339,1,6,4,1
2014521409086,1,9,0,12,0,8,0,0,0,0,3,1,6,1,41,7,1598,2,-1,-1,-1
2014521409086,2,5,0,13,0,8,0,0,0,0,4,1,6,1,46,8,748,1,27,-1,1
2014521409087,1,9,0,18,0,0,0,0,0,0,1,1,6,3,-1,-1,-1,-1,-1,-1,-1
2014521409099,1,9,0,18,0,2,0,0,0,0,1,1,6,2,22,5,1388,1,10,1,1
2014521409126,1,9,0,18,0,8,0,0,0,0,1,1,6,1,30,6,-1,-1,-1,10,2
2014521409132,1,2,0,18,0,8,0,0,0,0,1,1,6,1,41,7,-1,-1,-1,8,1
2014521409132,2,9,0,9,0,6,0,0,0,0,3,1,6,1,53,8,1968,2,7,7,1
2014521409135,1,9,0,18,0,1,0,0,0,0,1,1,6,1,38,7,1598,1,7,1,1
2014521409136,1,9,0,18,0,0,0,0,0,0,0,1,6,3,-1,-1,-1,-1,-1,-1,-1
2014521409136,2,9,0,18,0,0,5,0,7,0,0,1,6,1,19,4,1363,2,11,9,1
2014521409138,1,9,0,18,0,0,0,0,0,0,4,1,6,1,18,4,1590,1,9,2,1
2014521409139,1,9,0,7,0,8,0,0,0,0,1,1,6,2,48,8,1896,2,9,3,1
2014521409140,1,11,0,5,2,0,0,0,0,0,0,1,6,1,43,7,3900,2,8,2,1
2014521409156,1,1,0,18,9,0,0,4,0,0,1,1,6,1,6,2,-1,-1,-1,7,1
2014521409156,2,9,0,2,6,0,0,0,0,0,4,1,6,1,-1,-1,2148,2,10,7,1
2014521409157,1,9,0,9,0,5,0,0,0,0,4,1,6,2,49,8,2435,1,14,1,1
2014521409157,2,1,0,18,0,8,0,0,0,0,1,1,6,1,42,7,-1,-1,-1,2,1
2014521409158,1,3,0,18,0,0,0,0,0,0,0,1,6,1,-1,-1,124,1,19,7,1
2014521409160,1,9,0,18,0,0,0,12,0,0,1,1,6,1,52,8,1598,1,12,7,1
2014521409160,2,9,0,4,0,0,0,0,0,0,2,1,6,2,-1,-1,1108,1,4,7,3
2014521409160,3,9,0,18,0,0,0,0,0,0,1,1,6,1,-1,-1,1598,2,3,9,1
2014521409161,1,9,0,18,0,0,0,0,0,0,1,1,6,2,60,9,1242,1,11,7,1
2014521409165,1,9,0,9,0,5,0,0,0,0,1,1,6,1,30,6,1796,1,11,2,1
2014521409165,2,9,0,18,0,8,0,0,0,0,1,1,6,3,-1,-1,2148,2,13,-1,-1
2014521409166,1,9,0,18,0,8,0,0,0,0,4,1,6,1,55,8,1597,2,-1,6,1
2014521409166,2,2,0,18,0,8,0,0,0,0,1,1,6,1,24,5,125,1,1,-1,-1
2014521409167,1,8,0,18,0,0,0,0,0,0,4,1,1,1,36,7,2204,2,7,5,1
2014521409167,2,9,0,2,0,0,0,0,0,0,2,1,1,1,41,7,2143,2,5,7,1
2014521409170,1,9,0,16,0,0,0,0,0,0,1,1,6,1,90,11,1984,1,10,5,1
2014521409170,2,9,0,17,0,0,0,0,0,0,1,1,6,2,56,9,1781,1,12,8,3
2014521409172,1,9,0,9,0,6,0,0,0,0,1,1,1,1,39,7,-1,-1,-1,5,1
2014521409172,2,1,0,16,0,8,0,0,0,0,1,1,6,1,56,9,-1,-1,-1,5,1
2014521409173,1,9,0,9,0,5,0,0,0,0,4,1,6,1,47,8,998,1,15,1,1
2014521409173,2,1,0,15,4,8,0,0,0,0,1,1,2,1,41,7,-1,-1,-1,9,1
2014521409174,1,9,0,4,0,4,0,0,0,0,2,1,6,1,21,5,1242,1,16,9,2
2014521409174,2,19,0,5,0,4,0,0,0,0,1,1,1,1,55,8,5480,2,9,1,1
2014521409176,1,9,0,3,0,0,0,0,0,0,2,1,6,1,38,7,1995,2,1,9,1
2014521409176,2,9,0,3,0,0,0,0,0,0,2,1,6,1,23,5,2204,2,7,4,1
2014521409176,3,9,0,3,0,0,0,0,0,0,2,1,6,1,31,6,1968,2,-1,9,1
2014521409176,4,8,0,4,0,0,0,0,0,0,1,1,1,1,52,8,2664,2,16,10,1
2014521409184,1,9,0,7,0,6,0,0,0,0,4,1,6,2,40,7,1398,1,1,10,1
2014521409184,2,1,0,18,0,6,0,0,0,0,3,1,6,2,-1,-1,-1,-1,-1,10,1
2014521409189,1,1,0,18,0,8,0,0,0,0,4,1,2,1,49,8,-1,-1,-1,2,1
2014521409189,2,9,0,9,0,6,0,0,0,0,1,1,6,2,45,7,-1,-1,-1,1,1
2014521409193,1,9,0,9,0,5,0,0,0,0,3,1,6,1,24,5,-1,-1,-1,4,1
2014521409198,1,9,0,18,0,8,0,0,0,0,1,1,1,2,52,8,1598,1,16,4,2
2014521409198,2,9,0,18,0,8,0,0,0,0,1,1,1,1,24,5,-1,-1,-1,4,3
2014521409205,1,9,0,1,9,8,0,0,0,0,4,1,6,1,47,8,1395,1,1,1,1
2014521409205,2,1,0,18,5,8,0,0,0,0,3,1,6,1,15,3,-1,-1,-1,1,1
2014521409209,1,9,0,9,0,1,0,0,0,0,4,1,6,1,44,7,1397,1,15,-1,-1
2014521409209,2,3,0,18,0,1,0,0,0,0,1,1,6,1,18,4,124,1,6,9,1
2014521409215,1,3,0,18,0,1,0,0,0,0,3,1,6,1,57,9,125,1,-1,9,1
2014521409215,2,9,0,10,0,8,0,0,0,0,1,1,6,1,-1,-1,1598,1,10,-1,-1
2014521409220,1,9,0,18,0,0,0,0,0,0,3,1,6,1,42,7,1199,1,15,6,3
2014521409220,2,19,0,1,0,0,0,0,0,0,4,1,2,1,30,6,1598,2,-1,-1,-1
2014521409223,1,1,0,18,0,8,0,0,0,0,1,1,2,1,55,8,-1,-1,-1,10,1
2014521409223,2,9,0,9,0,5,0,0,0,0,4,1,6,2,55,8,-1,-1,-1,5,1
2014521409227,1,1,0,18,0,8,0,0,0,0,3,1,6,1,67,10,-1,-1,-1,10,1
2014521409227,2,9,0,18,0,6,0,0,0,0,4,1,6,2,35,6,1896,2,8,9,1
2014521409234,1,9,0,18,0,0,0,0,0,0,1,1,6,2,53,8,1598,1,15,8,3
2014521409234,2,9,0,18,0,0,0,0,0,0,1,1,6,1,23,5,-1,-1,-1,8,3
2014521409235,1,9,0,18,0,6,0,0,0,0,4,1,6,1,23,5,1995,2,4,3,1
2014521409235,2,9,0,18,0,8,0,0,0,0,1,1,6,2,34,6,1560,2,9,1,1
2014521409238,1,9,0,9,0,6,0,0,0,0,0,1,6,3,-1,-1,-1,-1,-1,-1,-1
2014521409238,2,4,0,18,0,8,0,0,0,0,4,1,6,1,21,5,124,1,-1,9,1
2014521409241,1,9,0,9,0,5,0,0,0,0,1,1,6,2,38,7,1587,1,12,6,1
2014521409241,2,5,0,18,0,8,0,0,0,0,1,1,6,1,35,6,599,1,18,3,1
2014521409243,1,9,0,18,0,0,0,0,0,0,1,1,6,1,61,9,1396,1,16,1,1
2014521409245,1,9,0,7,0,5,0,0,0,0,4,1,6,1,28,6,-1,-1,-1,6,1
2014521409245,2,1,0,18,0,8,0,0,0,0,3,1,6,1,30,6,-1,-1,-1,7,1
2014521409249,1,9,0,18,0,1,0,0,0,0,0,1,6,2,63,9,2435,1,15,2,1
2014521409251,1,19,0,18,0,8,0,0,0,0,4,1,1,1,33,6,1868,2,13,4,1
2014521409251,2,1,0,18,0,8,0,0,0,0,3,1,6,1,30,6,-1,-1,-1,5,2
2014521409258,1,9,0,18,0,2,0,0,0,0,4,1,6,2,48,8,1242,1,4,10,1
2014521409258,2,1,0,18,0,2,0,0,0,0,1,1,6,1,23,5,-1,-1,-1,9,1
2014521409260,1,9,0,7,0,6,0,0,0,0,3,1,6,1,46,8,1360,1,14,2,1
2014521409260,2,1,0,18,0,8,0,0,0,0,1,1,6,2,59,9,-1,-1,-1,2,1
2014521409262,1,3,0,18,0,2,0,0,0,0,1,1,6,1,31,6,124,1,-1,1,1
2014521409262,2,9,0,4,0,2,0,0,0,0,2,1,6,3,-1,-1,-1,-1,-1,-1,-1
2014521409264,1,9,0,9,0,5,0,0,0,0,1,1,1,1,57,9,-1,-1,-1,6,1
2014521409264,2,5,0,18,0,8,0,0,0,0,1,1,6,1,43,7,998,1,10,7,1
2014521409265,1,9,0,4,0,1,0,0,0,0,2,1,6,1,82,11,1598,1,9,9,1
2014521409265,2,9,0,18,0,1,0,0,0,0,1,1,6,2,60,9,1248,1,4,10,1
2014521409268,1,1,0,8,0,1,0,0,0,0,3,1,6,1,48,8,-1,-1,-1,2,1
2014521409268,2,11,0,7,0,1,0,0,0,0,2,1,1,3,35,6,7300,2,7,-1,-1
2014521409271,1,9,0,18,0,0,0,0,0,0,4,1,6,1,91,11,1390,1,1,9,3
2014521409271,2,9,0,18,0,0,0,0,0,0,1,1,6,1,49,8,1560,2,-1,10,1
2014521409271,3,9,0,18,0,0,0,0,0,0,3,1,6,2,59,9,1600,2,4,8,3
2014521409271,4,9,0,18,0,0,0,0,0,0,1,1,6,1,-1,-1,2979,1,12,7,1
2014521409272,1,9,0,16,0,0,0,0,0,0,1,1,6,1,45,7,1753,2,15,7,1
2014521409272,2,9,0,17,0,0,0,0,0,0,1,1,6,1,53,8,-1,-1,-1,9,1
2014521409276,1,9,0,18,0,0,0,0,0,10,1,1,6,1,39,7,1686,2,-1,4,1
2014521409283,1,9,0,12,0,0,0,4,0,0,1,1,6,1,51,8,-1,-1,-1,5,1
2014521409283,2,9,0,2,0,0,0,4,0,0,2,1,6,1,35,6,1339,8,6,4,1
2014521409283,3,9,0,2,0,0,0,4,0,0,2,1,6,3,20,4,998,1,13,-1,-1
2014521409283,4,9,0,2,0,0,0,4,0,0,2,1,6,3,-1,-1,2000,2,5,-1,-1
2014521409283,5,9,0,2,0,0,0,0,0,0,2,1,6,2,49,8,-1,-1,-1,4,1
2014521409295,1,9,0,18,0,8,0,0,7,0,4,1,6,1,45,7,1900,2,8,5,2
2014521409295,2,9,0,7,0,6,0,0,0,0,1,1,6,2,31,6,1360,1,15,1,1
2014521409299,1,9,0,4,0,0,0,0,0,0,1,1,6,1,24,5,-1,-1,-1,8,3
2014521409299,2,9,0,3,0,0,0,0,0,0,2,1,6,2,26,6,1229,1,5,9,1
2014521409299,3,9,0,3,0,0,0,0,0,0,2,1,6,2,50,8,1598,1,2,9,2
2014521409299,4,9,0,3,0,0,0,0,0,0,2,1,6,2,56,9,2685,2,9,8,3
2014521409301,1,9,0,4,0,0,0,0,0,0,1,1,6,1,31,6,1910,2,8,-1,-1
2014521409301,2,9,0,4,0,0,0,0,0,0,2,1,6,2,61,9,1248,2,3,9,1
2014521409301,3,9,0,4,0,0,0,0,0,0,2,1,6,1,41,7,1582,2,1,6,2
2014521409302,1,9,0,17,0,0,0,0,0,0,1,1,6,1,18,4,-1,-1,-1,8,1
2014521409302,2,9,0,18,0,0,0,0,0,0,1,1,6,1,44,7,1398,2,10,4,1
2014521409303,1,9,0,18,0,0,0,0,0,0,2,1,6,2,38,7,1242,1,14,5,1
2014521409303,2,9,0,18,0,0,0,0,0,0,1,1,6,2,18,4,1198,1,2,6,1
2014521409307,1,19,0,18,0,0,0,0,0,0,1,1,6,1,55,8,1998,2,10,-1,-1
2014521409312,1,9,2,18,0,0,0,0,0,0,0,1,6,1,60,9,1991,2,7,4,1
2014521409312,2,9,0,18,0,0,0,11,0,0,1,1,6,1,40,7,2490,1,14,6,1
2014521409312,3,9,0,18,0,0,0,0,0,0,1,1,6,1,21,5,1997,2,1,3,1
2014521409312,4,9,0,18,0,0,0,0,0,0,1,1,6,1,40,7,-1,-1,-1,-1,-1
2014521409315,1,9,0,9,0,1,0,7,0,0,1,1,6,1,46,8,1968,2,2,2,1
2014521409317,1,9,0,18,0,8,0,0,0,0,4,1,1,1,40,7,-1,-1,-1,2,1
2014521409317,2,9,0,18,0,4,0,0,0,0,1,1,6,3,20,4,1242,1,10,-1,-1
2014521409323,1,11,0,5,0,0,0,0,0,0,0,1,1,1,24,5,7300,2,12,9,1
2014521409329,1,1,0,18,0,8,0,0,0,0,0,1,6,1,50,8,-1,-1,-1,9,1
2014521409329,2,1,0,18,0,8,0,0,0,0,1,1,6,1,46,8,-1,-1,-1,9,1
2014521409329,3,9,0,10,0,8,0,0,0,0,0,1,6,2,-1,-1,998,1,17,-1,-1
2014521409329,4,9,0,7,0,6,0,0,0,0,2,1,6,1,65,9,1910,2,7,9,1
2014521500005,1,9,0,18,0,5,0,0,0,0,3,1,6,1,35,6,1686,2,4,-1,-1
2014521500007,1,9,0,18,0,8,0,0,0,0,3,1,6,1,50,8,1397,1,12,2,1
2014521500007,2,9,0,18,0,6,0,0,0,0,1,1,6,3,-1,-1,-1,-1,-1,-1,-1
2014521500009,1,9,0,11,0,0,0,0,0,0,4,1,6,1,33,6,2000,2,9,4,1
2014521500009,2,8,0,18,2,0,0,0,0,0,3,1,6,1,36,7,2664,2,13,1,1
2014521500014,1,9,0,9,0,6,0,0,0,0,1,1,6,1,19,4,1390,1,16,7,1
2014521500014,2,4,0,18,0,8,0,0,0,0,1,1,6,1,24,5,125,1,3,7,1
2014521500015,1,9,0,18,0,8,0,9,1,2,1,1,6,2,28,6,1598,2,1,2,1
2014521500017,1,9,0,18,0,1,0,0,0,7,4,1,6,1,40,7,1390,1,14,10,1
2014521500022,1,9,0,17,0,0,0,0,1,4,3,1,6,2,41,7,1998,2,7,9,1
2014521500022,2,9,0,18,0,0,0,0,0,0,4,1,6,3,-1,-1,-1,-1,-1,-1,-1
2014521500037,1,9,0,9,0,8,0,0,0,0,1,1,6,2,18,4,998,1,6,2,1
2014521500037,2,3,0,18,0,8,0,0,0,0,1,1,6,1,17,4,124,1,4,4,1
2014521500039,1,1,0,18,5,8,0,0,0,0,1,1,6,1,62,9,-1,-1,-1,10,1
2014521500039,2,9,0,7,0,6,0,0,0,0,1,1,6,3,30,6,1200,1,2,-1,-1
2014521500041,1,9,0,18,0,8,0,0,0,0,1,1,6,1,24,5,1968,2,4,-1,1
2014521500041,2,9,0,10,0,8,0,0,0,0,2,1,6,1,41,7,1242,1,-1,3,1
2014521500043,1,9,0,9,0,4,0,0,0,0,1,1,6,1,62,9,2967,1,11,2,1
2014521500043,2,1,0,9,0,8,0,0,0,0,2,1,6,1,62,9,-1,-1,-1,3,1
2014521500044,1,9,0,9,0,5,0,0,0,0,1,1,6,1,27,6,1248,2,-1,10,1
2014521500047,1,9,0,18,0,0,0,0,0,0,1,1,6,1,29,6,1275,1,16,-1,1
2014521500050,1,9,0,18,0,1,0,0,0,0,1,1,6,1,32,6,2204,2,9,-1,1
2014521500050,2,9,0,3,0,1,0,0,0,0,2,1,6,2,49,8,1198,1,9,9,1
2014521500050,3,9,0,3,0,1,0,0,0,0,2,1,6,2,36,7,1598,1,7,10,1
2014521500051,1,9,0,18,0,1,0,0,0,0,3,1,6,2,23,5,1997,2,10,7,1
2014521500054,1,9,0,3,0,8,0,0,0,0,2,1,6,1,50,8,2183,2,2,-1,2
2014521500054,2,9,0,18,0,8,0,0,0,0,1,1,6,1,88,11,1389,1,17,5,1
2014521500056,1,9,0,3,0,2,0,0,0,0,2,1,6,2,46,8,1398,2,11,5,1
2014521500056,2,9,0,18,0,2,0,0,0,0,1,1,6,1,34,6,-1,-1,-1,6,1
2014521500057,1,9,0,11,0,0,0,0,1,2,1,1,6,2,20,4,1896,2,12,7,1
2014521500058,1,9,0,18,0,1,0,0,0,0,1,1,6,1,34,6,1995,2,3,-1,-1
2014521500059,1,9,0,9,0,6,0,0,0,0,1,1,6,1,70,10,2495,2,18,8,2
2014521500059,2,4,0,18,0,6,0,0,0,0,1,1,6,1,32,6,599,1,16,9,3
2014521500059,3,11,0,3,0,1,0,0,0,0,0,1,1,1,33,6,7300,2,12,7,1
2014521500060,1,9,0,18,0,0,0,0,0,0,1,1,6,1,58,9,-1,-1,-1,-1,3
2014521500063,1,9,0,1,9,8,0,0,0,0,2,1,6,1,61,9,1560,2,8,7,3
2014521500066,1,9,0,18,0,1,0,4,1,11,4,1,6,1,72,10,2231,2,5,5,1
2014521500066,2,9,0,2,0,1,0,0,0,0,3,1,6,1,31,6,1332,1,17,4,1
2014521500066,3,9,0,2,0,1,0,0,0,0,4,1,6,1,32,6,1348,1,12,7,1
2014521500071,1,9,0,9,0,5,0,0,0,0,1,1,6,2,44,7,2179,2,1,8,3
2014521500071,2,1,0,7,0,6,0,0,0,0,1,1,6,1,30,6,-1,-1,-1,9,1
2014521500076,1,8,0,16,0,8,0,0,0,0,4,1,1,2,57,9,2402,2,6,6,1
2014521500076,2,11,0,16,0,8,0,0,0,0,3,1,1,1,53,8,4461,2,1,4,1
2014521500077,1,9,0,11,0,0,0,4,0,0,1,1,6,1,80,11,1197,1,3,8,1
2014521500077,2,9,0,2,0,0,0,4,0,0,2,1,6,1,22,5,1995,2,11,10,1
2014521500077,3,9,0,2,0,0,0,0,0,0,1,1,6,2,56,9,1242,1,14,8,1
2014521500079,1,9,0,12,0,0,0,0,0,0,1,1,6,1,22,5,998,1,13,3,1
2014521500079,2,9,0,18,0,0,0,0,0,0,1,1,6,1,40,7,-1,-1,-1,1,1
2014521500084,1,9,0,18,0,8,0,0,0,0,3,1,6,2,25,5,1390,1,9,2,1
2014521500084,2,9,0,18,0,6,0,0,0,0,1,1,6,3,-1,-1,-1,-1,-1,-1,-1
2014521500087,1,9,0,18,0,1,0,0,0,0,1,1,6,1,20,4,2967,1,12,1,1
2014521500087,2,9,0,3,0,1,0,0,0,0,2,1,6,1,27,6,1461,2,10,1,1
2014521500088,1,9,0,18,0,0,1,0,1,7,1,1,6,1,46,8,1868,2,10,-1,-1
2014521500088,2,9,4,12,0,0,3,0,1,0,2,1,6,1,69,10,-1,-1,-1,-1,1
2014521500089,1,9,0,5,0,8,0,0,0,0,3,1,6,1,80,11,1200,1,-1,6,1
2014521500089,2,22,0,18,0,6,0,0,0,0,1,1,6,1,86,11,-1,-1,-1,5,1
2014521500095,1,1,0,18,0,0,0,0,0,0,3,1,6,1,23,5,-1,-1,-1,-1,1
2014521500095,2,9,0,6,0,0,0,0,0,0,3,1,6,2,45,7,-1,-1,-1,-1,-1
2014521500101,1,9,0,18,0,0,0,4,0,0,1,1,6,2,40,7,1360,1,13,2,1
2014521500101,2,9,0,2,0,0,0,4,0,0,3,1,6,1,34,6,2496,1,13,6,1
2014521500101,3,9,0,2,0,0,0,0,0,0,2,1,6,2,51,8,996,1,2,3,1
2014521500104,1,9,0,3,0,0,0,0,0,0,2,1,6,2,57,9,1905,2,16,9,1
2014521500104,2,9,0,3,0,0,0,0,0,0,2,1,6,2,68,10,1339,1,10,8,1
2014521500104,3,9,0,3,0,0,0,0,0,0,2,1,6,1,26,6,1596,1,12,-1,-1
2014521500104,4,9,0,18,0,0,0,0,0,0,1,1,6,1,36,7,1560,2,4,1,1
2014521500107,1,9,0,18,0,0,0,0,0,0,1,1,6,3,-1,-1,-1,-1,-1,-1,-1
2014521500110,1,9,0,18,0,8,0,0,0,0,1,1,6,2,36,7,1988,1,13,2,1
2014521500110,2,9,0,9,0,6,0,0,0,0,4,1,6,1,59,9,2435,1,14,7,1
2014521500111,1,9,0,11,0,8,0,0,0,0,4,1,6,2,35,6,796,1,15,5,1
2014521500111,2,9,0,3,0,8,0,0,0,0,2,1,6,1,28,6,-1,-1,-1,6,1
2014521500118,1,3,0,18,2,1,1,0,0,0,3,1,2,1,42,7,-1,-1,-1,3,1
2014521500118,2,8,0,11,0,1,0,0,0,0,0,1,1,3,-1,-1,1896,2,7,-1,-1
2014521500120,1,9,0,1,0,8,0,0,0,0,2,1,6,1,30,6,1896,2,15,8,1
2014521500121,1,9,0,7,0,4,0,0,0,0,3,1,6,1,67,10,1769,1,10,10,2
2014521500121,2,9,0,18,0,3,0,0,0,0,4,1,6,1,30,6,1468,1,19,7,1
2014521500124,1,9,0,18,0,0,0,0,0,10,3,1,6,1,31,6,2204,2,10,1,1
2014521500127,1,9,0,18,0,0,0,0,0,0,1,1,6,1,17,4,1242,1,12,4,1
2014521500127,2,9,0,18,0,0,0,0,0,0,1,1,6,2,20,4,-1,-1,-1,6,1
2014521500164,1,9,0,9,0,8,0,0,1,2,1,1,6,1,18,4,1299,1,12,6,3
2014521500167,1,9,0,9,0,6,0,0,0,0,1,1,6,2,17,4,998,1,7,-1,1
2014521500167,2,1,0,18,0,8,0,0,0,0,4,1,6,1,25,5,-1,-1,-1,4,1
2014521500172,1,4,0,7,0,3,0,0,0,0,4,1,6,1,51,8,-1,-1,-1,1,1
2014521500172,2,9,0,5,0,4,0,0,0,0,1,1,6,1,84,11,2149,2,7,7,1
2014521500180,1,9,0,9,0,5,0,0,0,0,1,1,6,2,48,8,1398,1,-1,7,1