Accident_Index,Vehicle_Reference,Vehicle_Type,Towing_and_Articulation,Vehicle_Manoeuvre,Vehicle_Location-Restricted_Lane,Junction_Location,Skidding_and_Overturning,Hit_Object_in_Carriageway,Vehicle_Leaving_Carriageway,Hit_Object_off_Carriageway,1st_Point_of_Impact,Was_Vehicle_Left_Hand_Drive?,Journey_Purpose_of_Driver,Sex_of_Driver,Age_of_Driver,Age_Band_of_Driver,Engine_Capacity_(CC),Propulsion_Code,Age_of_Vehicle,Driver_IMD_Decile,Driver_Home_Area_Type
2014530208661,1,9,0,12,0,0,0,0,0,0,2,1,6,1,45,7,-1,-1,-1,10,1
2014530208661,2,9,0,18,0,0,0,0,0,0,2,1,6,2,22,5,1248,2,8,10,1
2014530208661,3,9,0,4,0,0,0,0,0,0,1,1,6,1,51,8,1461,2,4,4,1
2014530208661,4,9,0,18,0,0,0,0,0,0,2,1,6,2,33,6,2231,2,5,-1,1
2014530208663,1,9,0,4,0,0,0,0,0,0,1,1,6,1,24,5,1984,1,7,2,1
2014530208663,2,20,0,2,0,0,0,0,0,0,2,1,1,1,67,10,12580,2,8,-1,-1
2014530208664,1,9,0,14,0,0,0,0,0,0,3,1,6,1,34,6,2993,2,4,9,1
2014530208664,2,5,0,4,0,0,1,0,0,0,3,1,6,1,46,8,1550,1,9,10,1
2014530208665,1,9,0,18,0,8,0,0,0,0,0,1,6,1,69,10,-1,-1,-1,3,1
2014530208665,2,1,0,18,0,8,0,0,0,0,3,1,6,2,45,7,-1,-1,-1,8,2
2014530208666,1,9,0,9,0,1,0,0,0,0,1,1,6,2,67,10,1388,1,2,8,1
2014530208666,2,5,0,18,0,1,0,0,0,0,1,1,6,1,64,9,865,1,3,9,1
2014530208667,1,9,0,18,0,0,0,0,0,0,1,1,6,3,55,8,-1,-1,-1,-1,-1
2014530208668,1,9,0,18,0,8,0,0,0,0,1,1,6,1,59,9,1422,2,11,7,3
2014530208668,2,9,0,18,0,8,0,0,0,0,4,1,6,1,37,7,1956,2,1,4,3
2014530208669,1,9,0,18,0,1,0,0,0,0,1,1,6,1,32,6,1598,1,7,10,1
2014530208669,2,9,0,10,0,1,0,0,0,0,2,1,6,1,65,9,2435,1,20,9,3
2014530208669,3,9,0,18,0,1,0,0,0,0,1,1,6,1,70,10,1968,2,5,10,1
2014530208670,1,9,0,18,0,0,0,0,1,10,1,1,6,1,59,9,2309,1,23,8,1
2014530208671,1,5,0,14,0,0,0,0,0,0,3,1,2,1,37,7,-1,-1,-1,7,3
2014530208671,2,9,0,11,0,0,0,0,0,0,2,1,2,2,23,5,1242,1,10,10,1
2014530208673,1,9,0,18,0,0,1,0,0,0,1,1,6,1,-1,-1,-1,-1,-1,-1,-1
2014530208673,2,4,0,18,0,0,0,0,1,9,3,1,6,1,48,8,346,1,24,9,1
2014530208674,1,9,0,17,0,0,0,0,0,0,1,1,6,3,28,6,-1,-1,-1,-1,-1
2014530208674,2,9,0,16,0,0,0,0,0,0,1,1,1,1,37,7,-1,-1,-1,9,2
2014530208675,1,9,0,18,0,1,0,0,0,0,1,1,6,1,49,8,1590,1,18,6,1
2014530208675,2,9,0,1,0,1,0,0,0,0,2,1,6,1,25,5,2982,2,7,6,3
2014530208676,1,9,0,18,0,2,0,0,0,0,1,1,6,2,66,10,1560,2,4,5,1
2014530208676,2,9,0,6,0,2,0,0,0,0,2,1,6,1,62,9,3200,2,7,10,1
2014530208677,1,9,0,18,0,0,0,0,0,0,1,1,2,1,23,5,-1,-1,-1,5,1
2014530208677,2,9,0,18,0,0,0,0,0,0,1,1,2,2,60,9,1995,1,8,7,3
2014530208678,1,9,0,18,0,1,0,0,0,0,1,1,2,1,22,5,998,1,19,-1,3
2014530208678,2,9,0,5,0,1,0,0,0,0,2,1,2,2,43,7,-1,-1,-1,6,3
2014530208679,1,9,0,18,0,3,0,0,0,0,1,1,6,2,54,8,-1,-1,-1,7,3
2014530208679,2,1,0,17,0,3,0,0,0,0,2,1,2,1,43,7,-1,-1,-1,-1,1
2014530208681,1,9,0,9,0,1,0,0,0,0,1,1,6,2,29,6,1598,1,13,7,2
2014530208681,2,1,0,18,0,1,0,0,0,0,1,1,2,2,58,9,-1,-1,-1,7,3
2014530208682,1,9,0,18,0,1,0,0,0,0,1,1,6,1,76,11,1198,1,5,9,2
2014530208682,2,9,0,2,0,1,0,0,0,0,2,1,6,2,29,6,1299,1,6,8,1
2014530208683,1,9,0,18,0,1,0,0,0,0,1,1,6,2,24,5,1997,2,3,8,1
2014530208683,2,9,0,18,0,1,0,0,0,0,1,1,1,1,58,9,1995,2,7,7,1
2014530208684,1,5,0,13,0,1,0,0,0,0,3,1,6,1,45,7,1050,1,4,7,3
2014530208684,2,19,0,7,0,7,0,0,0,0,1,1,1,1,31,6,2402,2,13,7,3
2014530208685,1,9,0,18,0,2,0,0,0,0,4,1,6,1,85,11,1796,1,14,7,1
2014530208685,2,2,0,18,0,8,0,0,0,0,1,1,6,1,55,8,278,1,6,6,1
2014530208686,1,3,0,16,0,0,0,0,0,0,1,1,6,1,17,4,124,1,-1,7,2
2014530208686,2,9,0,17,0,0,0,0,0,0,1,1,6,2,68,10,3960,1,20,9,3
2014530208687,1,9,0,9,0,6,0,0,0,0,3,1,1,1,90,11,1299,1,10,9,2
2014530208687,2,9,0,18,0,8,0,0,0,0,1,1,6,2,21,5,1275,1,16,-1,1
2014530208688,1,9,0,18,0,4,0,0,0,0,1,1,2,1,39,7,1997,1,9,-1,1
2014530208688,2,1,0,18,0,4,0,0,0,0,2,1,6,1,30,6,-1,-1,-1,5,1
2014530208689,1,9,0,18,0,8,0,0,0,0,2,1,2,2,41,7,1994,2,6,10,3
2014530208689,2,19,0,18,0,1,0,0,0,0,1,1,2,1,19,4,2402,2,9,10,2
2014530208690,1,9,0,9,0,8,0,0,0,0,3,1,6,2,26,6,1753,2,4,9,1
2014530208690,2,9,0,18,0,8,0,0,0,0,4,1,1,2,32,6,1560,2,1,5,1
2014530208691,1,9,0,3,0,1,0,0,0,0,1,1,1,2,30,6,1995,2,12,9,1
2014530208691,2,9,0,3,0,1,0,0,0,0,2,1,1,2,19,4,1399,2,2,4,1
2014530208694,1,9,0,18,0,0,0,0,0,0,1,1,6,1,69,10,1498,1,8,10,3
2014530208694,2,9,0,18,0,0,0,0,0,0,1,1,6,1,31,6,1242,1,9,4,1
2014530208694,3,9,0,18,0,0,0,0,0,0,1,1,6,1,47,8,-1,-1,-1,6,3
2014530208695,1,9,0,5,0,8,0,0,0,0,1,1,6,3,33,6,-1,-1,-1,9,1
2014530208695,2,9,0,18,0,8,0,0,0,0,3,1,2,1,27,6,1597,1,17,5,1
2014530208696,1,9,0,18,0,0,0,0,0,0,0,1,6,3,-1,-1,-1,-1,-1,-1,-1
2014530208696,2,9,0,18,0,0,0,0,0,0,1,1,6,2,46,8,-1,-1,-1,6,1
2014530208697,1,19,0,18,0,0,1,0,0,0,1,1,1,1,48,8,1968,2,1,8,2
2014530208697,2,9,0,4,0,0,0,0,0,0,2,1,6,1,49,8,1248,2,11,10,1
2014530208698,1,9,0,18,0,4,0,0,0,0,1,1,1,2,28,6,1998,1,9,9,1
2014530208698,2,9,0,9,0,8,0,0,0,0,1,1,2,2,20,4,1149,1,12,9,2
2014530208699,1,9,0,17,0,0,0,0,0,0,1,1,6,1,18,4,998,1,11,2,1
2014530208700,1,9,0,5,0,0,0,0,0,0,1,1,6,1,44,7,2148,2,8,2,1
2014530208701,1,9,0,14,0,8,0,0,0,0,1,1,6,2,45,7,998,1,5,5,3
2014530208701,2,9,0,9,0,5,0,0,0,0,3,1,6,2,25,5,1348,1,7,3,1
2014530208702,1,9,0,18,0,8,0,0,0,0,1,1,6,1,-1,-1,1686,2,1,9,1
2014530208702,2,1,0,12,0,8,0,0,0,0,2,1,6,2,44,7,-1,-1,-1,3,1
2014530208704,1,9,0,3,0,1,0,0,0,0,2,1,1,2,54,8,1398,1,3,3,2
2014530208704,2,9,0,4,0,1,0,0,0,0,2,1,6,1,70,10,1905,2,17,6,2
2014530208705,1,1,0,7,0,1,0,0,0,0,1,1,2,1,18,4,-1,-1,-1,2,1
2014530208705,2,9,0,18,0,1,0,0,0,0,1,1,1,2,50,8,-1,-1,-1,7,3
2014530208706,1,9,0,18,0,0,0,10,0,0,1,1,6,1,79,11,1587,1,5,10,1
2014530208707,1,9,0,5,0,3,0,0,0,0,1,1,1,2,40,7,1493,1,14,10,1
2014530208707,2,1,0,16,0,4,0,0,0,0,1,1,1,1,55,8,-1,-1,-1,10,1
2014530208708,1,9,0,18,0,0,0,0,0,0,4,1,6,2,68,10,1108,1,10,7,3
2014530208709,1,9,0,11,0,1,0,0,0,0,1,1,1,1,61,9,1997,2,3,5,3
2014530208709,2,9,0,3,0,1,0,0,0,0,2,1,6,2,49,8,999,1,1,8,1
2014530208710,1,4,0,16,0,0,0,0,0,0,1,1,6,1,45,7,690,1,1,2,1
2014530208710,2,9,0,17,0,0,0,0,0,0,1,1,6,1,73,10,1390,1,-1,7,3
2014530208711,1,9,0,18,0,1,0,0,0,0,1,1,6,2,57,9,998,1,2,6,3
2014530208712,1,9,0,5,0,1,0,0,0,0,1,1,6,2,29,6,1299,1,13,-1,1
2014530208712,2,9,0,3,0,1,0,0,0,0,2,1,6,1,20,4,1896,2,14,-1,1
2014530208713,1,8,0,1,0,0,0,0,0,0,2,1,1,1,43,7,1896,2,10,4,1
2014530208715,1,9,0,18,0,0,0,0,0,0,1,1,2,1,47,8,2295,1,17,7,1
2014530208716,1,9,0,4,0,0,0,0,0,0,1,1,6,1,47,8,1598,1,10,3,1
2014530208716,2,3,0,13,0,0,0,0,0,0,1,1,6,1,65,9,125,1,5,4,1
2014530208717,1,9,0,18,0,0,0,0,0,0,1,1,2,2,43,7,1995,2,11,10,1
2014530208717,2,9,0,4,0,0,0,0,0,0,2,1,1,1,59,9,1242,1,-1,6,3
2014530208718,1,1,0,18,0,2,0,0,0,0,3,1,1,1,33,6,-1,-1,-1,8,1
2014530208718,2,9,0,3,0,1,0,0,0,0,3,1,1,3,29,6,1686,2,3,9,1
2014530208719,1,9,0,18,0,0,0,0,0,0,1,1,6,1,32,6,1364,1,9,6,2
2014530208719,2,9,0,4,0,0,0,0,0,0,2,1,6,2,23,5,1398,2,7,9,1
2014530208719,3,9,0,4,0,0,0,0,0,0,2,1,6,1,62,9,2290,1,11,5,3
2014530208720,1,9,0,18,0,1,0,0,0,0,1,1,6,1,64,9,2446,2,13,6,1
2014530208720,2,9,0,4,0,1,0,0,0,0,2,1,6,1,64,9,1242,1,-1,6,3
2014530208721,1,9,0,5,0,4,0,0,0,0,1,1,6,3,22,5,-1,-1,-1,-1,-1
2014530208721,2,1,0,3,0,1,0,0,0,0,2,1,4,1,16,4,-1,-1,-1,-1,-1
2014530208722,1,9,0,18,0,1,0,0,0,0,1,1,6,2,32,6,1870,2,10,2,1
2014530208722,2,9,0,4,0,1,0,0,0,0,2,1,6,2,22,5,1390,1,16,10,3
2014530208723,1,9,0,18,0,0,0,0,1,4,1,1,6,1,20,4,1339,1,4,-1,1
2014530208724,1,21,0,18,0,0,0,0,0,0,1,1,1,1,47,8,4764,2,6,9,3
2014530208724,2,9,0,18,0,0,0,0,0,0,1,1,1,2,71,10,3165,1,13,5,3
2014530208725,1,9,0,18,0,0,0,0,0,0,2,1,6,2,42,7,1242,1,1,6,3
2014530208725,2,9,0,18,0,0,0,0,0,0,1,1,6,1,44,7,998,1,2,5,2
2014530208727,1,9,0,18,0,0,0,0,0,0,3,1,6,1,42,7,1598,1,11,8,1
2014530208727,2,9,0,18,0,0,0,0,0,0,3,1,6,1,68,10,1560,2,4,6,2
2014530208728,1,9,0,18,0,4,0,0,0,0,1,1,1,2,22,5,1229,1,7,8,1
2014530208728,2,5,0,10,0,4,0,0,0,0,2,1,6,1,58,9,600,1,8,9,1
2014530208729,1,10,0,4,0,4,0,0,0,0,1,1,1,1,59,9,2999,2,3,6,1
2014530208729,2,10,0,3,0,4,0,0,0,0,2,1,1,1,43,7,2143,2,-1,8,1
2014530208729,3,9,0,3,0,4,0,0,0,0,2,1,6,1,27,6,-1,-1,-1,1,1
2014530208730,1,3,0,18,0,1,0,0,0,0,1,1,2,1,41,7,124,1,7,8,1
2014530208730,2,9,0,9,0,1,0,0,0,0,4,1,6,1,62,9,1910,2,6,4,1
2014530208730,3,9,0,3,0,1,0,0,0,0,2,1,6,1,60,9,-1,-1,-1,5,1
2014530208731,1,9,0,7,0,6,0,0,0,0,1,1,6,1,25,5,1995,2,11,9,1
2014530208731,2,1,0,18,0,8,0,0,0,0,1,1,6,2,49,8,-1,-1,-1,3,1
2014530208732,1,5,0,18,0,0,1,0,0,0,1,1,6,1,38,7,599,1,9,9,1
2014530208732,2,9,0,3,0,0,0,0,0,0,2,1,6,1,58,9,2902,2,6,9,1
2014530208733,1,9,0,17,0,0,5,0,1,1,1,1,2,1,46,8,1493,1,16,9,1
2014530208734,1,9,0,18,0,0,0,0,0,0,1,1,6,3,-1,-1,-1,-1,-1,-1,-1
2014530208735,1,9,0,17,0,1,0,0,0,0,1,1,6,1,61,9,-1,-1,-1,10,1
2014530208735,2,9,0,16,0,2,1,0,0,0,1,1,6,1,59,9,-1,-1,-1,9,3
2014530208736,1,9,0,18,0,0,2,0,1,4,4,1,1,2,35,6,1582,2,1,-1,1
2014530208737,1,9,0,18,0,0,1,0,1,7,3,1,6,1,55,8,1997,2,4,7,1
2014530208737,2,11,0,15,0,0,0,0,1,0,1,1,6,1,62,9,9200,2,4,3,1
2014530208738,1,3,0,18,0,1,0,0,0,0,1,1,6,1,18,4,124,1,5,8,1
2014530208738,2,9,0,4,0,1,0,0,0,0,2,1,6,2,35,6,1995,2,-1,3,1
2014530208739,1,9,0,9,0,5,0,0,0,0,1,1,6,1,74,10,-1,-1,-1,8,3
2014530208739,2,9,0,18,0,8,0,0,0,0,1,1,6,2,85,11,1896,2,11,8,3
2014530208740,1,9,0,15,0,6,0,0,0,0,0,1,6,1,60,9,2985,2,8,4,1
2014530208740,2,10,0,9,0,8,0,0,0,0,0,1,6,1,51,8,2143,2,5,-1,2
2014530208741,1,9,0,17,0,0,5,0,7,0,1,1,6,2,71,10,1587,1,5,9,2
2014530208742,1,9,0,18,0,0,0,0,0,0,1,1,6,1,45,7,4966,1,11,4,1
2014530208742,2,9,0,3,0,0,1,0,1,10,2,1,1,2,20,4,998,1,15,9,1
2014530208743,1,3,0,16,0,8,0,0,0,0,1,1,1,1,50,8,124,1,10,6,2
2014530208743,2,9,0,9,0,6,0,0,0,0,3,1,1,1,74,10,2967,2,2,7,3
2014530208744,1,9,0,14,0,0,0,0,0,0,4,1,6,3,-1,-1,-1,-1,-1,-1,-1
2014530208745,1,9,0,5,0,6,0,0,0,0,1,1,6,2,55,8,1984,1,14,8,3
2014530208745,2,9,0,5,0,8,0,0,0,0,1,1,6,1,57,9,1124,1,12,6,2
2014530208746,1,9,0,18,0,0,0,0,0,0,2,1,1,2,55,8,-1,-1,-1,-1,2
2014530208746,2,9,0,12,0,0,0,0,0,0,1,1,2,1,28,6,1390,1,10,7,1
2014530208747,1,9,0,18,0,0,0,0,0,0,1,1,6,3,-1,-1,-1,-1,-1,-1,-1
2014530208748,1,9,0,18,0,0,1,0,0,0,1,1,6,2,29,6,1584,1,12,4,1
2014530208749,1,9,0,9,0,5,0,0,0,0,1,1,2,2,22,5,1242,1,8,3,1
2014530208749,2,1,0,18,0,8,0,0,0,0,1,1,2,1,22,5,-1,-1,-1,-1,1
2014530208750,1,9,0,18,0,8,0,0,0,0,1,1,6,1,57,9,-1,-1,-1,7,2
2014530208750,2,9,0,9,0,1,0,0,0,0,1,1,6,1,71,10,2457,1,4,9,2
2014530208751,1,21,0,18,0,0,0,0,0,0,1,1,1,1,47,8,11946,2,3,8,1
2014530208751,2,9,0,4,0,0,0,0,0,0,2,1,6,2,28,6,1910,2,6,9,1
2014530208751,3,9,0,4,0,0,0,0,0,0,3,1,6,1,63,9,1968,2,2,10,1
2014530208752,1,9,0,9,0,5,0,0,0,0,1,1,6,1,85,11,1149,1,6,6,1
2014530208752,2,1,0,18,0,8,0,0,0,0,1,1,1,1,35,6,-1,-1,-1,-1,1
2014530208753,1,11,0,18,0,0,0,0,0,0,1,1,1,3,55,8,-1,-1,-1,-1,-1
2014530208754,1,9,0,18,0,0,1,0,1,4,1,1,6,1,28,6,1560,2,5,8,3
2014530208755,1,9,0,18,0,0,0,0,0,0,1,1,6,1,51,8,3199,1,12,6,1
2014530208755,2,9,0,4,0,0,0,0,0,0,2,1,6,2,55,8,1000,1,15,9,1
2014530208755,3,9,0,4,0,0,0,0,0,0,2,1,6,2,65,9,1242,1,13,10,1
2014530208756,1,9,0,18,0,1,0,0,0,0,1,1,6,2,35,6,1781,1,16,8,3
2014530208756,2,9,0,3,0,1,0,0,0,0,2,1,6,1,42,7,1796,1,4,10,1
2014530208757,1,9,0,13,0,0,0,0,0,0,1,1,6,1,48,8,1995,1,3,3,1
2014530208757,2,9,0,18,0,0,0,0,0,0,1,1,6,1,67,10,1461,2,1,-1,-1
2014530208757,3,9,0,18,0,0,0,0,0,0,3,1,6,2,29,6,1796,1,7,-1,-1
2014530208758,1,9,0,9,0,1,0,0,0,0,1,1,6,2,83,11,1598,1,7,10,1
2014530208758,2,9,0,18,0,1,0,0,0,0,2,1,1,2,31,6,1124,1,15,10,1
2014530208759,1,9,0,16,0,0,0,0,1,3,1,1,6,1,22,5,1390,1,18,3,1
2014530208760,1,9,0,18,0,0,0,0,0,0,1,1,6,1,47,8,1896,2,13,-1,3
2014530208760,2,9,0,18,0,0,0,0,0,0,1,1,6,2,28,6,1600,1,14,9,2
2014530208761,1,9,0,16,0,3,0,0,0,0,1,1,6,1,19,4,1988,1,13,8,1
2014530208761,2,9,0,4,0,1,0,0,0,0,1,1,6,1,83,11,1995,1,6,10,1
2014530208761,3,9,0,4,0,1,0,0,0,0,1,1,6,2,50,8,1395,1,1,10,1
2014530208762,1,19,0,6,0,0,0,0,0,0,3,1,6,1,20,4,-1,-1,-1,2,1
2014530208762,2,5,0,18,0,0,0,0,0,0,1,1,6,1,39,7,645,1,15,3,1
2014530208763,1,19,0,18,0,1,0,0,0,0,1,1,1,1,26,6,2461,2,6,3,1
2014530208763,2,9,0,3,0,1,0,0,0,0,2,1,2,1,26,6,-1,-1,-1,7,3
2014530208764,1,2,0,17,0,0,5,0,1,0,4,1,6,1,28,6,49,1,14,4,1
2014530208765,1,9,0,6,0,0,0,0,0,0,1,1,2,1,23,5,1124,1,13,6,3
2014530208765,2,4,0,18,0,0,0,0,0,0,1,1,2,1,56,9,330,1,1,5,1
2014530208765,3,9,0,2,0,0,0,0,0,0,1,1,2,1,53,8,1360,1,8,5,1
2014530208766,1,9,0,18,0,0,0,0,0,0,1,1,1,2,22,5,1596,1,6,-1,1
2014530208766,2,9,0,18,0,0,0,0,0,0,1,1,1,1,43,7,1560,2,1,10,1
2014530208766,3,9,0,18,0,0,0,0,0,0,2,1,1,2,21,5,1598,2,1,-1,1
2014530208767,1,5,0,17,0,0,0,0,1,10,1,1,6,1,36,7,998,1,6,7,3
2014530208768,1,9,0,18,0,0,0,0,0,0,1,1,2,3,55,8,1753,2,7,-1,-1
2014530208768,2,9,0,4,0,0,0,0,0,0,2,1,6,2,44,7,2231,2,8,3,1
2014530208768,3,9,0,4,0,0,0,0,0,0,2,1,6,3,62,9,-1,-1,-1,-1,-1
2014530208769,1,9,0,12,0,2,0,0,0,0,0,1,6,2,30,6,1753,2,7,4,1
2014530208769,2,9,0,13,0,2,1,0,2,7,1,1,6,1,24,5,1956,2,4,7,3
2014530208770,1,9,0,18,0,8,0,0,0,0,4,1,1,1,37,7,-1,-1,-1,10,3
2014530208770,2,9,0,18,0,1,0,0,0,0,1,1,1,2,65,9,1794,1,13,10,1
2014530208771,1,9,0,18,0,0,0,0,0,0,1,1,6,1,73,10,4367,2,3,6,3
2014530208772,1,9,0,9,0,4,0,0,0,0,1,1,2,2,51,8,1598,1,10,8,1
2014530208772,2,1,0,18,0,4,0,0,0,0,2,1,6,2,52,8,-1,-1,-1,10,1
2014530208773,1,9,0,18,0,1,0,0,0,0,1,1,2,1,46,8,2926,2,11,9,2
2014530208774,1,9,0,12,0,0,0,0,0,0,1,1,2,2,53,8,1198,1,3,9,2
2014530208774,2,9,0,4,0,0,0,0,0,0,2,1,6,2,46,8,1796,1,11,8,1
2014530208774,3,9,0,4,0,0,0,0,0,0,2,1,6,2,18,4,998,1,13,9,3
2014530208776,1,9,0,18,0,2,0,0,0,0,1,1,6,2,27,6,1596,1,15,5,1
2014530208777,1,19,0,2,0,0,0,0,0,0,1,1,6,1,56,9,1248,2,3,3,1
2014530208777,2,9,0,18,0,0,0,0,0,0,1,1,2,1,47,8,973,1,17,5,1
2014530208779,1,9,0,18,0,1,0,0,0,0,1,1,2,2,22,5,1796,1,15,5,3
2014530208779,2,1,0,7,0,1,0,0,0,0,0,1,6,1,14,3,-1,-1,-1,6,1
2014530208780,1,9,0,13,0,0,0,0,0,0,3,1,6,3,33,6,-1,-1,-1,-1,-1
2014530208780,2,1,0,18,0,0,0,0,0,0,1,1,2,1,27,6,-1,-1,-1,1,1
2014530208781,1,9,0,10,0,1,0,0,0,0,1,1,1,1,54,8,1998,1,15,1,1
2014530208781,2,9,0,18,0,8,0,0,0,0,3,1,6,1,55,8,1796,1,11,9,1
2014530208782,1,9,0,16,0,2,2,6,0,0,1,1,6,1,22,5,1998,2,10,9,1
2014530208783,1,9,0,7,0,1,0,0,0,0,1,1,6,1,50,8,1398,1,15,6,3
2014530208783,2,9,0,18,0,1,0,0,0,0,1,1,6,1,19,4,-1,-1,-1,7,1
2014530208784,1,9,0,18,0,0,0,0,1,4,1,1,6,1,17,4,999,1,12,6,3
2014530208785,1,5,0,17,0,0,2,0,1,0,1,1,6,1,50,8,599,1,13,5,1
2014530208786,1,3,0,17,0,0,1,0,0,0,1,1,6,1,39,7,124,1,14,2,1
2014530208787,1,9,0,18,0,0,0,0,0,0,1,1,6,1,31,6,1798,1,6,5,2
2014530208787,2,9,0,18,0,0,0,0,0,0,1,1,6,2,61,9,1998,2,18,4,3
2014530208788,1,9,0,18,0,2,0,0,0,0,1,1,6,2,21,5,1196,1,17,1,1
2014530208788,2,9,0,10,0,1,0,0,0,0,2,1,2,1,28,6,3200,1,11,7,3
2014530208789,1,9,0,4,0,1,0,0,0,0,0,1,6,2,37,7,1560,2,7,4,3
2014530208789,2,9,0,4,0,1,0,0,0,0,2,1,6,1,27,6,1997,2,13,5,3
2014530208789,3,9,0,4,0,1,0,0,0,0,1,1,6,1,33,6,1988,1,13,5,1
2014530208789,4,9,0,17,0,1,0,0,0,0,4,1,6,1,53,8,-1,-1,-1,10,1
2014530208790,1,9,0,9,0,1,5,0,0,0,3,1,6,1,25,5,1896,2,9,2,1
2014530208790,2,9,0,18,0,1,0,0,0,0,1,1,6,2,64,9,1386,1,6,10,1
2014530208791,1,9,0,9,0,6,0,0,0,0,1,1,6,2,21,5,1242,1,15,5,1
2014530208791,2,9,0,18,0,8,1,0,0,0,4,1,6,2,27,6,1796,1,14,5,1
2014530208792,1,9,0,9,0,5,0,0,0,0,3,1,2,1,22,5,1896,2,12,5,1
2014530208792,2,19,0,18,0,8,0,0,0,0,1,1,2,1,22,5,2143,2,2,5,3
2014530208793,1,9,0,18,0,0,0,0,0,0,4,1,6,1,23,5,1242,1,13,-1,1
2014530208794,1,5,0,17,0,0,2,0,2,1,1,1,6,1,60,9,897,1,3,9,1
2014530208795,1,19,0,13,0,0,0,0,0,0,2,1,1,1,28,6,2198,2,-1,-1,1
2014530208795,2,1,0,18,0,0,0,0,0,0,4,1,6,1,73,10,-1,-1,-1,6,3
2014530208796,1,19,0,13,0,0,0,0,0,0,1,1,1,1,24,5,2148,2,6,8,3
2014530208796,2,1,0,18,0,0,0,0,0,0,2,1,6,1,41,7,-1,-1,-1,9,1
2014530208797,1,9,0,16,0,0,1,0,2,10,1,1,6,1,21,5,2861,1,21,6,1
2014530208797,2,9,0,17,0,0,0,0,0,0,1,1,6,1,31,6,-1,-1,-1,10,1
2014530208798,1,9,0,18,0,1,1,0,0,0,1,1,6,1,55,8,1197,1,3,5,1
2014530208798,2,9,0,18,0,1,1,0,0,0,1,1,6,2,28,6,1598,1,11,4,1
2014530208798,3,9,0,10,0,8,0,0,0,0,2,1,6,2,58,9,1797,8,5,8,3
2014530208800,1,9,0,5,0,8,0,0,0,0,1,1,6,1,26,6,1596,1,15,2,1
2014530208800,2,9,0,18,0,8,0,0,0,0,1,1,6,1,32,6,2143,2,-1,8,1
2014530208801,1,19,0,9,0,8,0,0,1,0,1,1,1,1,44,7,2461,2,7,6,1
2014530208801,2,9,0,17,0,8,0,0,0,0,1,1,1,1,25,5,2199,2,2,2,1
2014530208802,1,5,0,18,0,0,0,0,0,0,1,1,6,1,57,9,1170,1,4,10,1
2014530208802,2,9,0,18,0,0,0,0,0,0,2,1,6,2,35,6,1798,1,9,7,3
2014530208803,1,8,0,1,0,0,0,0,0,0,2,1,1,1,65,9,1968,2,4,4,2
2014530208804,1,9,0,16,0,0,0,0,0,0,3,1,6,1,21,5,1796,1,8,2,1
2014530208804,2,5,0,17,0,0,0,0,0,0,1,1,6,1,70,10,1137,1,17,8,1
2014530208805,1,21,0,18,0,0,0,0,0,0,1,1,1,1,36,7,12130,2,15,6,3
2014530208805,2,10,0,4,0,0,0,0,0,0,2,1,1,1,54,8,-1,-1,-1,6,1
2014530208805,3,9,0,4,0,0,0,0,0,0,2,1,6,1,27,6,1596,1,5,1,1
2014530208805,4,9,0,4,0,0,0,0,0,0,2,1,6,1,49,8,1461,2,1,2,1
2014530208806,1,9,0,9,0,5,0,0,0,0,1,1,2,1,54,8,1598,1,5,8,1
2014530208806,2,5,0,18,0,8,0,0,0,0,1,1,2,1,30,6,399,1,24,4,1
2014530208807,1,3,0,18,0,8,0,0,0,0,1,1,6,1,28,6,124,1,11,7,3
2014530208807,2,5,0,18,0,8,0,0,0,0,1,1,6,1,54,8,689,1,-1,5,1
2014530208808,1,9,0,18,0,0,1,0,0,0,1,1,6,1,68,10,2495,2,21,7,3
2014530208808,2,9,0,2,0,0,0,0,0,0,2,1,6,2,35,6,2993,2,2,6,3
2014530208808,3,9,0,2,0,0,0,0,0,0,2,1,1,1,35,6,1951,2,11,6,3
2014530208808,4,9,0,2,0,0,0,0,0,0,1,1,1,2,34,6,-1,-1,-1,7,3
2014530208810,1,21,0,18,0,0,0,0,0,0,1,1,1,1,36,7,6692,2,3,6,2
2014530208810,2,9,0,18,0,0,0,0,0,0,2,1,1,1,54,8,2495,2,22,9,1
2014530208811,1,9,0,9,0,1,0,0,0,0,4,1,2,2,37,7,1998,1,6,8,1
2014530208811,2,1,0,18,0,1,0,0,0,0,1,1,6,1,46,8,-1,-1,-1,1,1
2014530208813,1,9,0,12,0,0,0,0,0,0,3,1,6,1,47,8,-1,-1,-1,1,1
2014530208813,2,9,0,18,0,0,0,0,0,0,4,1,6,1,40,7,1560,2,4,9,1
2014530208813,3,9,0,18,0,0,0,0,0,0,1,1,6,1,49,8,1560,2,2,5,1
2014530208814,1,9,0,9,0,6,0,0,0,0,1,1,6,1,27,6,1896,2,6,7,2