Accident_Index,Vehicle_Reference,Vehicle_Type,Towing_and_Articulation,Vehicle_Manoeuvre,Vehicle_Location-Restricted_Lane,Junction_Location,Skidding_and_Overturning,Hit_Object_in_Carriageway,Vehicle_Leaving_Carriageway,Hit_Object_off_Carriageway,1st_Point_of_Impact,Was_Vehicle_Left_Hand_Drive?,Journey_Purpose_of_Driver,Sex_of_Driver,Age_of_Driver,Age_Band_of_Driver,Engine_Capacity_(CC),Propulsion_Code,Age_of_Vehicle,Driver_IMD_Decile,Driver_Home_Area_Type
2014530208968,2,19,0,17,0,0,0,0,0,0,3,1,2,2,34,6,2998,2,5,6,3
2014530208969,1,9,0,6,0,8,0,0,0,0,3,1,6,2,61,9,1598,2,1,6,1
2014530208969,2,1,0,7,0,8,0,0,0,0,4,1,2,1,23,5,-1,-1,-1,-1,3
2014530208970,1,9,0,1,0,0,0,0,0,0,2,1,6,3,25,5,-1,-1,-1,-1,-1
2014530208971,1,9,0,18,0,0,0,0,0,0,1,1,6,1,26,6,1991,1,15,9,1
2014530208972,1,3,0,11,2,1,0,0,0,0,4,1,2,1,20,4,125,1,10,8,1
2014530208972,2,5,0,18,2,1,0,0,0,0,3,1,2,1,52,8,998,1,8,7,3
2014530208973,1,3,0,13,0,8,0,0,0,0,1,1,6,1,48,8,599,1,12,10,2
2014530208973,2,9,0,9,0,5,0,0,0,0,3,1,6,1,30,6,2143,2,-1,10,3
2014530208974,1,9,0,18,0,1,0,0,0,0,1,1,6,2,26,6,1198,1,11,8,1
2014530208974,2,9,0,3,0,1,0,0,0,0,2,1,6,2,37,7,1360,1,11,9,1
2014530208975,1,9,0,4,0,0,0,0,0,0,1,1,6,1,81,11,1598,1,8,7,3
2014530208976,1,9,0,18,0,8,0,0,0,0,1,1,2,2,22,5,1124,1,12,10,2
2014530208976,2,1,0,9,0,6,0,0,0,0,1,1,2,1,18,4,-1,-1,-1,5,3
2014530208977,1,9,0,18,0,1,0,0,0,0,1,1,2,1,53,8,-1,-1,-1,8,3
2014530208977,2,9,0,10,0,1,0,0,0,0,2,1,1,2,74,10,2268,2,1,8,3
2014530208978,1,9,0,9,0,6,0,0,0,0,1,1,2,1,26,6,-1,-1,-1,-1,1
2014530208978,2,1,0,14,0,8,0,0,0,0,4,1,2,1,25,5,-1,-1,-1,7,3
2014530208979,1,1,0,4,0,1,0,0,0,0,3,1,6,1,39,7,-1,-1,-1,4,1
2014530208980,1,9,0,6,0,8,0,0,0,0,4,1,2,2,47,8,1796,1,7,7,1
2014530208980,2,9,0,16,0,8,0,0,0,0,1,1,2,1,66,10,1242,1,11,9,2
2014530208981,1,4,0,15,0,8,0,0,0,0,1,1,2,1,27,6,124,1,1,3,2
2014530208981,2,9,0,1,0,8,0,0,0,0,4,1,1,1,32,6,-1,-1,-1,-1,-1
2014530208982,1,9,0,16,0,0,1,0,1,4,1,1,2,1,47,8,2490,2,18,-1,1
2014530208983,1,9,0,18,0,1,0,0,0,0,1,1,6,1,22,5,1332,1,17,2,1
2014530208984,1,9,0,5,0,6,0,0,0,0,1,1,6,2,76,11,1422,2,13,5,1
2014530208984,2,9,0,18,0,8,0,0,0,0,4,1,2,1,41,7,1560,2,2,3,1
2014530208985,1,9,0,4,0,1,0,0,0,0,1,1,1,1,37,7,1840,1,12,9,1
2014530208985,2,9,0,8,0,1,0,0,0,0,2,1,2,2,28,6,1998,1,12,8,1
2014530208986,1,9,0,18,0,6,0,0,0,0,3,1,6,1,53,8,1956,2,-1,10,1
2014530208986,2,9,0,18,0,8,0,0,0,0,1,1,6,1,34,6,1968,2,-1,3,1
2014530208987,1,5,0,4,0,0,0,0,1,9,0,1,6,1,70,10,955,1,10,3,1
2014530208988,1,9,0,18,0,8,0,0,0,0,1,1,1,1,58,9,1795,1,15,7,3
2014530208988,2,9,0,9,0,5,0,0,0,0,4,1,6,1,31,6,1360,1,12,8,1
2014530208989,1,9,0,18,0,0,1,0,8,11,3,1,6,1,17,4,1199,1,14,8,1
2014530208990,1,9,0,18,0,0,0,0,0,0,1,1,6,2,69,10,1398,2,11,6,1
2014530208990,2,9,0,18,0,0,1,0,0,0,1,1,6,1,26,6,1587,1,14,9,3
2014530208990,3,9,0,2,0,0,0,0,0,0,1,1,6,1,79,11,1991,2,6,9,1
2014530208991,1,9,0,14,0,0,0,0,0,0,3,1,2,2,23,5,1598,1,10,7,1
2014530208992,1,9,0,18,0,0,0,0,0,0,4,1,6,3,-1,-1,-1,-1,-1,-1,-1
2014530208993,1,9,0,18,0,1,0,0,0,0,0,1,6,1,45,7,1968,2,-1,6,3
2014530208993,2,1,0,18,0,1,0,0,1,10,0,1,6,1,35,6,-1,-1,-1,7,1
2014530208995,1,9,0,9,0,5,0,0,0,0,3,1,6,1,74,10,2999,2,15,6,1
2014530208995,2,1,0,18,4,8,0,0,0,0,1,1,6,1,37,7,-1,-1,-1,7,1
2014530208996,1,9,0,7,0,5,0,0,0,0,1,1,6,1,60,9,1398,2,4,4,1
2014530208997,1,9,0,18,0,0,0,0,0,0,1,1,6,1,18,4,1970,1,15,6,1
2014530208997,2,9,0,18,0,0,0,0,0,0,2,1,1,1,34,6,2993,2,-1,6,3
2014530208997,3,9,0,18,0,0,0,0,0,0,0,1,1,1,34,6,2993,2,1,6,3
2014530208998,1,19,0,7,0,6,0,0,0,0,0,1,1,3,-1,-1,-1,-1,-1,-1,-1
2014530208998,2,9,0,18,0,1,1,0,7,10,1,1,6,1,19,4,-1,-1,-1,10,3
2014530208999,1,9,0,1,0,1,0,4,0,0,2,1,6,1,78,11,1595,2,4,6,3
2014530208999,2,9,0,2,0,1,0,0,0,0,2,1,6,1,47,8,1390,1,14,9,1
2014530209000,1,9,0,5,0,6,0,0,7,1,1,1,6,1,68,10,1398,1,9,5,1
2014530209000,2,9,0,18,0,8,0,0,0,0,1,1,1,1,33,6,-1,-1,-1,9,2
2014530209000,3,9,0,18,0,1,0,0,0,0,0,1,6,1,46,8,1896,2,12,9,1
2014530209001,1,9,0,18,0,0,0,0,0,0,4,1,1,1,54,8,-1,-1,-1,8,2
2014530209002,1,9,0,18,0,1,0,0,0,0,1,1,2,2,65,9,1596,1,4,9,1
2014530209002,2,9,0,2,0,1,0,0,0,0,2,1,6,2,47,8,1560,2,4,10,1
2014530209002,3,9,0,2,0,1,0,0,0,0,2,1,6,2,29,6,1388,1,12,10,1
2014530209003,1,9,0,4,0,0,0,0,0,0,1,1,6,2,36,7,1798,8,1,6,3
2014530209003,2,9,0,3,0,0,0,0,0,0,2,1,6,1,66,10,1398,2,7,6,3
2014530209004,1,9,0,18,0,1,0,0,0,0,1,1,6,1,67,10,1597,1,12,8,1
2014530209005,1,9,0,2,0,0,0,0,0,0,3,1,6,1,25,5,1753,2,12,6,3
2014530209005,2,1,0,18,0,0,0,8,0,0,1,1,1,1,15,3,-1,-1,-1,2,1
2014530209006,1,9,0,18,0,1,0,0,0,0,1,1,2,1,22,5,1995,2,7,9,1
2014530209006,2,9,0,4,0,1,0,0,0,0,2,1,2,1,69,10,1560,2,-1,5,1
2014530209006,3,9,0,4,0,1,0,0,0,0,2,1,2,1,24,5,1242,1,1,6,1
2014530209007,1,9,0,4,0,0,0,0,0,0,3,1,6,2,28,6,-1,-1,-1,10,1
2014530209007,2,1,0,18,0,0,0,0,0,0,1,1,6,1,27,6,-1,-1,-1,10,1
2014530209008,1,9,0,18,0,1,0,0,0,0,1,1,6,2,70,10,3442,1,64,6,1
2014530209008,2,9,0,4,0,1,0,0,0,0,1,1,6,1,27,6,1968,2,4,9,1
2014530209008,3,9,0,18,0,2,0,0,0,0,1,1,6,1,66,10,1299,1,10,7,3
2014530209009,1,1,0,18,0,1,0,0,0,0,1,1,2,1,28,6,-1,-1,-1,9,1
2014530209009,2,9,0,5,0,1,0,0,0,0,1,1,2,1,50,8,1200,1,1,9,3
2014530209010,1,9,0,1,0,1,0,0,0,0,1,1,6,1,19,4,1560,2,8,10,1
2014530209010,2,9,0,18,0,1,0,0,0,0,4,1,6,1,20,4,1598,1,8,1,1
2014530209011,1,9,0,16,0,0,0,0,7,4,1,1,6,2,32,6,1360,1,13,3,1
2014530209012,1,3,0,13,0,8,0,0,0,0,1,1,2,1,28,6,125,1,2,6,1
2014530209012,2,9,0,9,0,5,0,0,0,0,3,1,2,2,43,7,1596,1,4,2,1
2014530209013,1,5,0,18,0,1,0,0,0,0,1,1,6,1,49,8,996,1,11,7,1
2014530209013,2,9,0,18,0,1,0,0,0,0,2,1,1,1,31,6,1796,1,6,8,1
2014530209014,1,9,0,13,0,0,0,0,1,0,1,1,6,3,-1,-1,-1,-1,-1,-1,-1
2014530209014,2,9,0,18,0,0,0,0,0,0,2,1,6,2,48,8,1560,2,9,10,2
2014530209015,1,9,0,9,0,8,0,0,0,0,3,1,6,1,43,7,1896,2,12,10,1
2014530209015,2,5,0,18,0,3,0,0,0,0,4,1,6,1,51,8,1600,1,9,4,1
2014530209016,1,9,0,12,0,0,0,0,0,0,1,1,6,1,44,7,1798,8,-1,7,2
2014530209016,2,21,0,18,0,0,0,0,0,0,2,1,1,1,60,9,10837,2,4,10,3
2014530209017,1,9,0,18,5,6,0,0,0,0,4,1,6,2,31,6,1560,2,5,8,1
2014530209017,2,1,0,18,5,8,0,0,0,0,1,1,1,1,27,6,-1,-1,-1,6,1
2014530209018,1,9,0,7,9,8,0,0,1,0,1,1,6,1,36,7,1587,1,8,1,1
2014530209020,1,19,0,18,0,0,1,0,1,4,1,1,6,1,66,10,2400,2,12,5,3
2014530209021,1,9,0,18,0,1,0,0,0,0,1,1,6,2,33,6,1397,1,12,6,2
2014530209021,2,9,0,18,0,1,0,0,0,0,1,1,1,1,22,5,998,1,15,7,3
2014530209022,1,9,0,5,0,0,0,0,0,0,4,1,6,3,-1,-1,-1,-1,-1,-1,-1
2014530209022,2,9,0,18,0,0,0,0,0,0,3,1,6,2,64,9,1360,1,9,6,1
2014530209023,1,11,0,18,0,0,1,0,1,9,1,1,1,1,60,9,5900,2,6,2,1
2014530209025,1,9,0,18,0,8,0,0,0,0,1,1,6,2,24,5,1242,1,8,8,3
2014530209025,2,9,0,18,0,6,0,0,0,0,1,1,6,1,25,5,1998,1,11,10,1
2014530209026,1,9,0,16,0,0,0,0,0,0,1,1,6,2,57,9,1598,1,8,6,3
2014530209026,2,4,0,17,0,0,1,0,0,0,0,1,6,1,17,4,124,1,25,5,3
2014530209027,1,9,0,4,0,4,0,10,0,0,1,1,6,1,49,8,1242,1,14,7,1
2014530209028,1,2,0,18,0,1,1,0,0,0,4,1,6,2,18,4,114,1,-1,2,1
2014530209028,2,9,0,9,0,5,0,0,0,0,0,1,6,3,-1,-1,-1,-1,-1,-1,-1
2014530209029,1,9,0,16,0,2,0,10,0,0,1,1,6,2,24,5,1896,2,10,-1,1
2014530209029,2,9,0,17,0,1,0,0,0,0,1,1,6,1,58,9,-1,-1,-1,6,1
2014530209030,1,9,0,17,0,0,2,10,0,0,1,1,6,1,19,4,1360,1,11,6,1
2014530209031,1,5,0,18,0,0,1,0,0,0,1,1,6,1,68,10,1085,1,10,4,1
2014530209031,2,9,0,5,0,0,0,0,0,0,1,1,6,2,49,8,1598,1,10,2,1
2014530209032,1,1,0,18,0,2,0,0,0,0,1,1,1,1,41,7,-1,-1,-1,7,1
2014530209032,2,21,0,7,0,5,0,0,0,0,4,1,1,1,56,9,12580,2,8,2,1
2014530209033,1,9,0,18,0,0,0,0,0,0,1,1,2,2,22,5,1598,1,12,10,3
2014530209033,2,9,0,4,0,0,0,0,0,0,2,1,1,2,44,7,1390,1,10,10,3
2014530209034,1,1,0,18,0,4,0,0,0,0,1,1,4,1,11,3,-1,-1,-1,2,1
2014530209034,2,9,0,18,0,4,0,0,0,0,4,1,3,1,29,6,1596,1,10,6,1
2014530209035,1,9,0,4,0,1,0,0,0,0,2,1,6,2,52,8,1149,1,12,9,3
2014530209035,2,9,0,18,0,1,0,0,0,0,1,1,6,2,54,8,1598,2,2,9,1
2014530209035,3,9,0,4,0,1,0,0,0,0,2,1,6,1,35,6,1587,1,15,8,3
2014530209036,1,9,0,7,0,6,0,0,0,0,3,1,1,2,53,8,1349,1,6,6,1
2014530209036,2,1,0,18,0,8,0,0,0,0,1,1,1,1,46,8,-1,-1,-1,5,1
2014530209037,1,9,0,18,0,8,0,0,0,0,1,1,6,1,18,4,1388,1,11,9,3
2014530209037,2,9,0,18,0,4,0,0,0,0,1,1,6,2,52,8,1124,1,13,9,2
2014530209038,1,9,0,7,0,6,0,0,0,0,0,1,3,1,38,7,1984,2,6,2,1
2014530209038,2,2,0,18,0,1,0,0,1,0,3,1,4,1,16,4,49,1,2,5,1
2014530209039,1,9,0,4,0,1,0,0,0,0,1,1,6,2,52,8,999,1,14,3,1
2014530209039,2,9,0,3,0,1,0,0,0,0,2,1,1,1,48,8,2993,2,2,6,3
2014530209040,1,9,0,18,0,4,0,0,0,0,3,1,2,2,59,9,1598,1,10,10,1
2014530209040,2,1,0,17,0,8,0,0,0,0,4,1,2,1,38,7,-1,-1,-1,8,1
2014530209041,1,9,0,4,0,4,0,0,0,0,1,1,2,1,51,8,3630,1,4,7,3
2014530209041,2,1,0,17,0,8,0,0,0,0,4,1,2,1,47,8,-1,-1,-1,10,1
2014530209042,1,9,4,18,0,1,0,10,0,0,1,1,1,1,32,6,-1,-1,-1,9,1
2014530209042,2,9,0,10,0,1,0,0,0,0,2,1,1,2,32,6,1360,1,10,9,1
2014530209043,1,5,0,16,0,0,0,0,7,2,1,1,2,1,46,8,1099,1,19,4,1
2014530209044,1,9,0,9,0,5,0,0,0,0,4,1,6,1,26,6,1390,1,15,7,1
2014530209044,2,9,0,18,0,8,0,0,0,0,3,1,6,1,31,6,1995,2,8,-1,1
2014530209044,3,9,0,10,0,1,0,0,0,0,3,1,6,1,55,8,1332,1,9,8,1
2014530209045,1,9,0,4,0,1,0,0,0,0,1,1,1,2,23,5,1799,1,5,5,3
2014530209045,2,9,0,3,0,1,0,0,0,0,2,1,1,2,26,6,1998,1,10,6,1
2014530209046,1,9,0,9,0,1,0,0,0,0,1,1,6,1,35,6,-1,-1,-1,6,2
2014530209047,1,9,0,5,0,6,0,0,0,0,1,1,1,1,24,5,1995,1,4,8,1
2014530209047,2,9,0,18,0,8,0,0,0,0,1,1,3,2,72,10,1400,2,6,9,2
2014530209048,1,9,0,16,0,0,5,0,8,1,1,1,6,1,44,7,2996,1,3,8,2
2014530209049,1,9,0,4,0,0,0,0,0,0,1,1,6,2,57,9,2295,1,14,10,1
2014530209049,2,9,0,4,0,0,0,0,0,0,2,1,6,2,60,9,1995,2,2,10,1
2014530209050,1,2,0,18,0,8,0,0,0,0,1,1,1,2,25,5,49,1,-1,-1,2
2014530209050,2,9,0,9,0,8,0,0,0,0,1,1,6,1,57,9,1997,2,8,6,2
2014530209051,1,5,0,13,0,0,0,0,0,0,1,1,1,1,30,6,805,1,8,7,2
2014530209051,2,9,0,5,0,0,0,0,0,0,2,1,6,2,19,4,1124,1,10,7,3
2014530209051,3,9,0,5,0,0,0,0,0,0,2,1,6,2,48,8,1968,2,10,9,2
2014530209052,1,9,0,5,0,0,0,0,0,0,1,1,3,2,57,9,-1,-1,-1,4,1
2014530209053,1,9,0,18,0,0,0,0,0,0,1,1,6,3,-1,-1,-1,-1,-1,-1,-1
2014530209054,1,9,0,9,0,8,0,0,0,0,1,1,2,1,54,8,1968,2,2,10,3
2014530209054,2,9,0,18,0,8,0,0,0,0,4,1,6,2,34,6,1998,2,11,4,1
2014530209055,1,9,0,8,0,1,0,0,0,0,4,1,6,2,40,7,1560,2,1,3,1
2014530209055,2,1,0,18,0,8,0,0,0,0,1,1,6,1,10,2,-1,-1,-1,5,1
2014530209056,1,1,0,5,0,4,0,0,0,0,2,1,1,1,43,7,-1,-1,-1,8,1
2014530209056,2,9,0,5,0,4,0,0,0,0,4,1,3,1,24,5,1124,1,14,3,1
2014530209057,1,9,0,5,0,5,0,0,0,0,1,1,6,2,49,8,1984,1,7,8,3
2014530209057,2,9,0,18,0,8,0,0,0,0,1,1,6,1,35,6,-1,-1,-1,2,1
2014530209058,1,9,0,3,0,4,0,0,0,0,2,1,6,2,35,6,1398,1,4,8,1
2014530209058,2,9,0,3,0,4,0,0,0,0,2,1,2,2,25,5,1596,1,12,7,1
2014530209058,3,9,0,18,0,4,0,0,0,0,1,1,6,3,-1,-1,-1,-1,-1,-1,-1
2014530209059,1,9,0,18,0,1,0,0,0,0,1,1,2,1,20,4,1956,2,3,4,1
2014530209059,2,9,0,3,0,1,0,0,0,0,2,1,2,2,24,5,1390,1,8,6,1
2014530209060,1,20,0,18,0,0,0,0,0,0,4,1,1,3,-1,-1,-1,-1,-1,-1,-1
2014530209061,1,9,0,18,0,0,0,0,0,0,4,1,6,3,-1,-1,-1,-1,-1,-1,-1
2014530209062,1,9,0,18,0,0,0,0,0,0,4,1,6,1,28,6,1124,1,10,-1,-1
2014530209062,2,9,0,18,0,0,0,0,0,0,3,1,6,1,62,9,1998,1,10,10,1
2014530209063,1,9,0,5,0,6,0,0,0,0,3,1,6,1,72,10,1242,1,13,3,1
2014530209063,2,3,0,18,0,8,0,0,0,0,1,1,6,1,61,9,124,1,17,8,1
2014530209064,1,21,1,17,0,2,2,0,2,3,4,1,1,1,33,6,6370,2,10,3,1
2014530209065,1,9,0,16,0,0,0,0,0,0,1,1,6,2,25,5,1870,2,10,-1,1
2014530209065,2,9,0,17,0,0,0,0,0,0,1,1,6,1,41,7,1998,2,10,2,1
2014530209066,1,9,0,18,0,8,0,9,0,0,1,1,1,2,43,7,1896,2,11,5,1
2014530209067,1,9,0,9,0,6,0,0,0,0,1,1,6,2,48,8,1229,1,6,8,1
2014530209067,2,2,0,18,0,8,0,0,0,0,1,1,6,2,49,8,49,1,3,3,1
2014530209068,1,9,0,9,0,8,0,0,0,0,1,1,2,1,26,6,1587,1,13,7,1
2014530209068,2,9,0,18,0,8,0,0,0,0,4,1,2,2,25,5,1600,2,4,2,1
2014530209069,1,19,0,6,0,1,0,0,0,0,2,1,2,1,39,7,1686,2,11,5,1
2014530209069,2,9,0,4,0,1,0,0,0,0,1,1,2,1,54,8,1198,1,8,10,1
2014530209070,1,9,0,4,0,8,0,0,0,0,2,1,6,1,45,7,1686,2,11,-1,1
2014530209070,2,9,0,12,0,8,0,0,0,0,1,1,2,1,22,5,796,1,14,6,2
2014530209070,3,9,0,18,0,1,0,0,0,0,1,1,6,2,38,7,1461,2,4,8,1
2014530209070,4,9,0,18,0,1,0,0,0,0,1,1,6,1,56,9,1991,2,7,6,3
2014530209071,1,9,0,18,0,0,0,0,0,0,1,1,6,3,-1,-1,-1,-1,-1,-1,-1
2014530209071,2,9,0,18,0,0,0,0,0,0,3,1,6,2,28,6,-1,-1,-1,8,2
2014530209072,1,9,0,18,0,0,0,0,1,9,1,1,6,2,21,5,1998,1,11,6,3
2014530209073,1,19,0,18,0,0,0,0,0,0,3,1,6,1,58,9,2402,2,7,6,2
2014530209073,2,9,0,18,0,0,0,0,0,0,1,1,6,2,21,5,1086,1,11,4,1
2014530209074,1,9,0,9,0,6,0,0,0,0,3,1,1,2,46,8,1995,2,2,8,1
2014530209074,2,9,0,18,0,8,0,0,0,0,1,1,6,1,26,6,1994,1,15,3,1
2014530209076,1,9,0,9,0,6,0,0,0,0,1,1,6,2,53,8,1199,1,12,7,3
2014530209076,2,21,0,18,0,8,0,0,0,0,1,1,6,1,65,9,10518,2,3,7,3
2014530209077,1,9,0,18,0,0,1,0,0,0,1,1,2,1,37,7,2143,2,5,10,1
2014530209078,1,3,0,18,0,0,1,0,0,0,0,1,2,1,63,9,125,1,-1,6,1
2014530209080,1,9,0,18,0,2,0,0,1,4,4,1,6,1,18,4,1339,1,12,10,2
2014530209081,1,9,0,16,0,0,2,0,8,1,4,1,1,1,21,5,1124,1,11,7,3
2014530209082,1,9,0,1,0,6,0,0,0,0,2,1,2,1,27,6,1390,1,8,7,1
2014530209083,1,9,0,18,0,0,0,0,0,0,1,1,6,3,-1,-1,-1,-1,-1,-1,-1
2014530209084,1,9,0,18,0,0,0,0,0,0,1,1,6,3,38,7,998,1,13,7,2
2014530209084,2,9,0,4,0,0,0,0,0,0,2,1,2,2,48,8,1242,1,3,9,1
2014530209085,1,9,0,7,0,5,0,0,0,0,1,1,6,1,40,7,999,1,-1,5,1
2014530209085,2,1,0,18,0,8,0,0,0,0,3,1,2,1,24,5,-1,-1,-1,10,1
2014530209086,1,9,0,9,0,4,0,0,0,0,1,1,2,2,31,6,1798,1,8,10,1
2014530209086,2,1,0,17,0,8,0,0,0,0,1,1,6,1,38,7,-1,-1,-1,5,1
2014530209087,1,9,0,9,0,6,0,0,0,0,3,1,6,2,22,5,1360,1,18,5,1
2014530209087,2,9,0,18,0,8,0,0,0,0,1,1,6,1,26,6,1589,1,21,1,1
2014530209088,1,9,0,18,0,8,0,0,0,0,1,1,6,1,28,6,2000,1,8,9,1
2014530209088,2,9,0,5,0,6,0,0,0,0,1,1,6,1,66,10,1461,2,4,10,1
2014530209089,1,9,0,5,0,1,0,0,0,0,1,1,6,1,50,8,1968,2,3,5,1
2014530209089,2,9,0,3,0,1,0,0,0,0,2,1,6,1,49,8,1995,2,1,7,1
2014530209090,1,9,0,9,0,2,0,0,0,0,1,1,6,1,79,11,1596,1,15,8,1
2014530209091,1,9,0,18,0,0,0,0,0,0,4,1,2,2,32,6,1368,1,3,7,1
2014530209092,1,20,0,5,0,1,0,0,0,0,1,1,1,1,56,9,3920,2,4,5,2
2014530209092,2,5,0,3,0,1,0,0,0,0,2,1,2,1,53,8,599,1,8,9,3
2014530209093,1,9,0,17,0,0,1,0,2,1,1,1,2,1,17,4,1149,1,9,10,1
2014530209093,2,9,0,18,0,0,0,0,0,0,1,1,2,1,29,6,2268,2,-1,10,2
2014530209094,1,9,0,17,0,0,1,0,1,4,1,1,1,1,23,5,1590,1,16,8,2
2014530209096,1,9,0,9,0,5,0,0,0,0,1,1,6,2,20,4,1198,1,5,2,1
2014530209096,2,3,0,18,0,8,0,0,0,0,1,1,6,1,29,6,124,1,1,1,1
2014530209097,1,9,0,18,0,8,0,0,0,0,1,1,6,2,22,5,1598,2,4,6,3
2014530209097,2,9,0,9,0,6,0,0,0,0,1,1,6,2,64,9,1390,1,11,4,1
2014530209099,1,5,0,18,0,1,2,0,0,0,0,1,6,1,48,8,899,1,16,1,1
2014530209100,1,9,0,9,0,8,0,7,0,0,4,1,6,1,21,5,2495,2,24,4,1
2014530209100,2,9,0,18,0,1,0,0,0,0,1,1,6,2,46,8,-1,-1,-1,4,2
2014530209101,1,9,0,18,0,0,0,0,1,10,1,1,3,2,42,7,1598,1,12,8,3
2014530209102,1,9,0,18,0,0,0,0,1,11,1,1,1,1,25,5,1124,1,12,8,1
2014530209103,1,9,0,10,0,1,0,0,0,0,1,1,6,1,25,5,1956,2,1,1,1
2014530209103,2,1,0,18,0,8,0,0,0,0,1,1,6,1,66,10,-1,-1,-1,5,1
2014530209104,1,9,0,13,0,0,0,0,0,0,1,1,6,1,21,5,999,1,15,9,1
2014530209104,2,1,0,18,0,0,0,0,0,0,3,1,6,1,39,7,-1,-1,-1,10,1
2014530209105,1,19,0,9,0,1,0,0,0,0,1,1,1,1,53,8,1968,2,6,6,1
2014530209106,1,9,0,1,0,2,0,0,0,0,2,1,6,2,17,4,1598,1,10,9,2
2014530209106,2,9,0,3,0,1,0,0,0,0,2,1,3,2,50,8,1997,2,8,6,2
2014530209107,1,9,0,18,0,8,0,0,0,0,4,1,2,2,32,6,1753,2,7,10,1
2014530209107,2,9,0,18,0,8,0,0,0,0,1,1,3,2,28,6,1910,2,9,9,1
2014530209108,1,9,0,3,0,8,0,0,0,0,2,1,6,1,21,5,1596,1,5,6,1
2014530209108,2,9,0,4,0,1,0,0,0,0,1,1,1,1,32,6,1299,1,12,10,1
2014530209109,1,9,0,9,0,6,0,0,3,0,1,1,6,2,19,4,998,1,8,5,1
2014530209109,2,9,0,18,0,8,0,0,0,0,3,1,6,1,54,8,2982,2,7,5,1
2014530209110,1,9,0,13,0,0,0,0,0,0,4,1,6,1,60,9,1997,2,6,6,1
2014530209110,2,1,0,18,0,0,0,0,0,0,2,1,6,1,13,3,-1,-1,-1,6,1
2014530209111,1,9,0,18,0,0,0,0,7,9,1,1,6,1,28,6,-1,-1,-1,5,1
2014530209111,2,9,0,18,0,0,1,0,0,0,1,1,6,1,51,8,1910,2,8,7,1
2014530209112,1,9,0,12,0,1,0,0,0,0,1,1,6,1,48,8,-1,-1,-1,6,2
2014530209113,1,5,0,16,0,0,0,0,7,7,1,1,1,1,22,5,599,1,13,9,1
2014530209114,1,9,0,5,0,8,0,0,0,0,2,1,6,1,56,9,-1,-1,-1,-1,1
2014530209114,2,9,0,4,0,8,0,0,0,0,1,1,6,1,31,6,-1,-1,-1,8,3
2014530209115,1,9,0,9,0,5,0,0,0,0,0,1,6,2,42,7,1360,1,9,10,1
2014530209115,2,4,0,18,0,8,0,0,0,0,4,1,6,1,24,5,398,1,22,5,1
2014530209116,1,9,0,9,0,6,0,0,0,0,1,1,6,2,28,6,1242,1,-1,-1,1
2014530209116,2,9,0,18,0,1,0,0,0,0,1,1,6,2,37,7,1896,2,11,6,1
2014530209117,1,9,0,5,0,1,0,0,0,0,1,1,6,1,24,5,1388,1,12,10,1
2014530209117,2,9,0,8,0,1,0,0,0,0,2,1,1,2,32,6,2402,2,7,-1,1
2014530209118,1,9,0,9,0,6,0,0,0,0,1,1,6,1,18,4,1364,1,5,7,3
2014530209118,2,1,0,18,0,8,1,0,0,0,1,1,6,1,34,6,-1,-1,-1,1,1
2014530209120,1,9,0,9,0,6,0,0,0,0,1,1,6,1,36,7,1896,2,12,2,1
2014530209120,2,9,0,18,0,8,0,0,0,0,1,1,6,1,59,9,3199,1,12,3,1
2014530209121,1,9,0,18,0,1,0,0,0,0,1,1,6,2,76,11,1295,1,23,10,1
2014530209122,1,9,0,18,0,0,0,0,0,0,1,1,6,1,31,6,1590,1,15,7,1
2014530209122,2,1,0,18,0,0,0,0,0,0,1,1,6,1,25,5,-1,-1,-1,5,1
2014530209123,1,9,0,18,0,0,2,0,1,11,1,1,6,2,35,6,1598,1,11,8,1
2014530209124,1,9,0,18,0,0,0,0,0,0,1,1,6,1,52,8,1560,2,-1,10,1
2014530209125,1,9,0,14,0,0,0,0,0,0,1,1,6,1,23,5,1799,1,16,1,1
2014530209125,2,9,0,18,0,0,0,0,0,0,1,1,6,2,17,4,1299,1,15,1,1
2014530209126,1,9,0,18,0,0,0,0,0,0,1,1,6,1,86,11,1388,1,8,7,3
2014530209126,2,9,0,18,0,0,0,0,0,0,2,1,6,1,41,7,1998,1,14,10,2
2014530209126,3,9,0,18,0,0,0,0,0,0,2,1,6,2,49,8,1248,2,3,5,2
2014530209127,1,9,0,4,0,0,0,0,0,0,1,1,4,1,44,7,1360,1,10,5,1
2014530209127,2,9,0,3,0,0,0,0,0,0,2,1,2,2,35,6,1299,1,12,4,1
2014530209128,1,9,0,17,0,0,0,0,7,11,1,1,6,2,53,8,1998,2,10,4,1
2014530209129,1,9,0,5,0,4,0,0,0,0,3,1,2,1,37,7,-1,-1,-1,5,1
2014530209129,2,1,0,18,0,8,0,0,0,0,1,1,2,1,39,7,-1,-1,-1,9,1