Accident_Index,Vehicle_Reference,Vehicle_Type,Towing_and_Articulation,Vehicle_Manoeuvre,Vehicle_Location-Restricted_Lane,Junction_Location,Skidding_and_Overturning,Hit_Object_in_Carriageway,Vehicle_Leaving_Carriageway,Hit_Object_off_Carriageway,1st_Point_of_Impact,Was_Vehicle_Left_Hand_Drive?,Journey_Purpose_of_Driver,Sex_of_Driver,Age_of_Driver,Age_Band_of_Driver,Engine_Capacity_(CC),Propulsion_Code,Age_of_Vehicle,Driver_IMD_Decile,Driver_Home_Area_Type
2014540252114,1,11,0,18,0,2,1,0,0,0,1,1,1,1,66,10,4250,2,14,8,3
2014540252114,2,9,0,18,0,1,0,0,0,0,1,1,3,1,50,8,2400,2,2,8,3
2014540264314,1,9,0,1,0,1,0,0,0,0,2,1,6,1,86,11,1596,1,2,8,3
2014540264314,2,1,0,3,0,1,0,0,0,0,1,1,6,1,66,10,-1,-1,-1,10,1
2014540264314,3,1,0,3,0,1,0,0,0,0,1,1,6,1,70,10,-1,-1,-1,10,1
2014540267214,1,9,0,18,0,4,0,0,1,2,1,1,6,1,60,9,1591,1,1,5,2
2014540267214,2,9,0,18,0,8,0,0,0,0,4,1,6,2,31,6,1900,2,9,10,2
2014540268514,1,9,0,16,0,1,0,0,0,0,1,1,3,2,33,6,3956,1,14,4,1
2014540268514,2,9,0,10,0,1,0,0,0,0,2,1,3,2,45,7,1242,1,17,5,1
2014540268514,3,9,0,17,0,1,0,0,0,0,1,1,6,1,38,7,1360,1,10,5,2
2014540269014,1,19,0,18,0,2,0,0,0,0,1,1,1,1,40,7,2198,2,1,4,1
2014540269014,2,9,0,3,0,2,0,0,0,0,2,1,6,1,62,9,1998,2,3,-1,1
2014540269014,3,9,0,3,0,2,0,0,0,0,2,1,6,1,67,10,1399,2,8,2,1
2014540280614,1,9,0,18,0,1,0,0,0,0,1,1,6,1,59,9,1685,2,2,5,1
2014540280614,2,9,0,3,0,1,0,0,0,0,2,1,6,1,37,7,1590,1,13,9,1
2014540291514,1,9,0,17,0,0,1,4,1,9,1,1,2,2,44,7,1360,1,9,8,2
2014540291514,2,9,0,2,0,0,0,0,0,0,3,1,2,2,56,9,1798,1,7,10,1
2014540298214,1,9,0,18,0,1,0,0,0,0,1,1,6,2,29,6,2926,2,11,8,3
2014540298214,2,9,0,3,0,1,0,0,0,0,2,1,6,2,56,9,998,1,5,5,1
2014540298214,3,9,0,3,0,1,0,0,0,0,2,1,6,2,61,9,998,1,4,10,1
2014540310314,1,9,0,9,0,5,0,0,0,0,1,1,6,1,17,4,1043,1,21,9,3
2014540310314,2,19,0,18,0,8,0,0,0,0,3,1,1,1,21,5,1248,2,6,9,3
2014540312214,1,9,0,3,0,2,0,0,0,0,2,1,6,2,30,6,1798,1,10,4,1
2014540312214,2,19,0,18,0,2,0,0,0,0,1,1,1,1,41,7,2283,2,12,10,1
2014540315514,1,9,0,9,0,6,0,0,0,0,3,1,2,1,35,6,1999,1,8,7,1
2014540315514,2,9,0,18,0,8,0,0,0,0,1,1,3,2,36,7,1332,1,15,8,1
2014540315614,1,9,0,5,0,0,0,0,0,0,1,1,6,1,88,11,1242,1,15,1,1
2014540315614,2,9,0,3,0,0,0,0,0,0,2,1,6,1,68,10,2993,2,1,8,3
2014540319014,1,9,0,3,0,0,0,0,0,0,2,1,2,2,66,10,998,1,6,6,3
2014540319014,2,9,0,18,0,0,0,0,0,0,1,1,2,1,62,9,1968,2,4,10,1
2014540319114,1,9,0,12,0,7,0,0,0,0,1,1,6,1,17,4,-1,-1,-1,4,1
2014540319114,2,9,0,3,0,8,0,0,0,0,2,1,2,2,24,5,1242,1,4,7,3
2014540321114,1,1,0,18,0,8,0,0,0,0,1,1,6,1,19,4,-1,-1,-1,9,1
2014540321114,2,21,0,18,0,8,0,0,0,0,3,1,1,1,44,7,8867,2,5,3,2
2014540324014,1,9,0,13,0,0,5,0,0,7,1,1,2,1,60,9,-1,-1,-1,7,3
2014540324014,2,9,0,16,0,0,0,0,0,0,1,1,6,1,45,7,1896,2,7,8,2
2014540324014,3,9,0,17,0,0,0,0,0,0,1,1,6,2,18,4,1149,1,8,10,1
2014540324014,4,9,0,17,0,0,0,0,0,0,4,1,6,1,21,5,1398,1,3,5,1
2014540324014,5,9,0,16,0,0,0,0,0,0,4,1,6,1,66,10,2497,1,7,10,1
2014540329914,1,9,0,17,0,0,0,0,2,4,1,1,6,2,37,7,2487,2,14,9,3
2014540336614,1,9,0,7,0,6,0,0,0,0,3,1,1,1,65,9,1596,1,3,4,1
2014540336614,2,1,0,18,0,8,0,0,0,0,4,1,6,1,46,8,-1,-1,-1,4,1
2014540338514,1,9,0,9,0,5,0,0,0,0,1,1,6,1,62,9,1197,1,2,8,1
2014540338514,2,9,0,18,0,8,0,0,0,0,3,1,6,1,48,8,1598,1,11,6,1
2014540338514,3,9,0,10,0,1,0,0,0,0,1,1,6,1,47,8,1796,1,11,7,1
2014540341414,1,9,0,5,0,1,0,0,0,0,1,1,6,1,53,8,1783,1,14,8,1
2014540341414,2,9,0,3,0,1,0,0,0,0,2,1,6,1,41,7,1196,1,20,1,1
2014540342114,1,9,0,3,0,0,0,0,0,0,2,1,6,1,48,8,1598,1,12,8,1
2014540342114,2,9,0,18,0,0,0,0,0,0,1,1,6,1,24,5,-1,-1,-1,5,1
2014540351314,1,5,0,9,0,5,1,0,4,0,1,1,6,1,25,5,955,1,13,-1,3
2014540363614,1,1,0,14,0,8,0,0,0,0,1,1,2,1,49,8,-1,-1,-1,10,1
2014540363614,2,9,0,9,0,6,0,0,0,0,1,1,2,1,31,6,2993,2,5,6,3
2014540365114,1,9,0,7,0,5,0,0,0,0,4,1,6,1,49,8,1598,1,7,-1,1
2014540365114,2,1,0,17,0,8,0,0,0,0,1,1,6,1,29,6,-1,-1,-1,3,1
2014540367714,1,9,0,5,0,0,0,0,0,0,4,1,6,2,57,9,1124,1,13,10,1
2014540388214,1,9,0,18,0,0,1,0,0,0,1,1,1,1,29,6,1686,2,1,9,1
2014540388214,2,9,0,4,0,0,0,0,0,0,2,1,1,2,49,8,1560,2,2,9,1
2014540388814,1,9,0,18,0,8,5,0,7,11,1,1,3,2,36,7,-1,-1,-1,8,2
2014540391314,1,9,0,18,0,6,0,0,0,0,1,1,6,1,34,6,1968,2,6,9,1
2014540391314,2,9,0,18,0,8,0,0,7,0,4,1,6,2,73,10,1900,2,15,9,3
2014540394314,1,9,0,9,0,5,0,0,0,0,1,1,6,1,35,6,1587,1,11,9,3
2014540394314,2,9,0,18,0,8,0,0,7,0,1,1,6,2,19,4,1124,1,9,7,3
2014540394314,3,19,0,8,0,1,0,0,0,0,3,1,6,1,57,9,1896,2,13,9,3
2014540400314,1,9,0,18,0,0,0,0,1,11,4,1,6,1,80,11,1242,1,15,-1,1
2014540406614,1,9,0,5,0,4,0,0,0,0,1,1,1,1,54,8,-1,-1,-1,10,1
2014540406614,2,1,0,17,0,8,0,0,0,0,1,1,1,1,33,6,-1,-1,-1,5,1
2014540408414,1,21,0,18,0,0,5,0,1,9,3,1,1,1,22,5,-1,-1,-1,5,1
2014540408414,2,20,0,18,0,0,0,0,1,0,3,1,1,1,50,8,8500,2,25,7,2
2014540420114,1,9,0,18,0,0,2,0,0,0,1,1,2,1,51,8,1299,1,10,9,1
2014540422314,1,5,0,17,0,1,1,0,0,0,3,1,2,1,35,6,649,1,20,8,2
2014540425814,1,9,0,18,0,0,2,0,1,9,1,1,2,2,49,8,1896,2,9,-1,1
2014540426114,1,9,0,5,0,0,0,0,0,0,1,1,6,1,44,7,2926,2,11,10,2
2014540436014,1,9,0,16,0,0,1,0,0,0,1,1,1,1,44,7,1560,2,7,7,2
2014540436014,2,19,0,17,0,0,0,0,0,0,1,1,1,1,55,8,2198,2,3,7,3
2014540439614,1,19,0,9,0,6,0,0,0,0,1,1,1,1,53,8,2460,2,5,3,1
2014540439614,2,19,0,17,0,8,0,0,0,0,1,1,1,1,36,7,1870,2,8,-1,2
2014540439614,3,9,0,16,0,8,0,0,0,0,1,1,2,2,33,6,1360,1,8,3,1
2014540443714,1,9,0,18,0,4,0,0,0,0,3,1,6,2,78,11,1246,1,8,4,1
2014540443714,2,3,0,9,0,8,1,0,0,0,1,1,6,1,48,8,125,1,1,6,2
2014540452014,1,9,0,18,0,0,1,0,2,11,1,1,6,1,18,4,1596,1,12,9,3
2014540458014,1,9,0,18,0,1,0,0,0,0,3,1,2,2,24,5,1796,1,11,-1,3
2014540461614,1,9,0,5,0,4,0,0,0,0,1,1,6,1,50,8,2143,2,3,9,1
2014540461614,2,9,0,18,0,8,0,0,0,0,4,1,6,1,59,9,1998,1,12,-1,2
2014540493914,1,9,0,4,0,1,0,0,0,0,1,1,3,2,20,4,1240,1,9,9,1
2014540493914,2,9,0,3,0,1,0,0,0,0,2,1,2,2,22,5,1896,2,11,6,3
2014540493914,3,9,0,3,0,1,0,0,0,0,2,1,2,2,32,6,1968,2,4,6,3
2014540495714,1,9,0,18,0,1,0,0,0,0,1,1,6,1,21,5,1783,1,13,10,1
2014540495714,2,9,0,3,0,1,0,0,0,0,2,1,1,1,30,6,1598,1,10,2,1
2014540501214,1,19,0,13,0,0,0,0,0,0,4,1,6,1,19,4,1996,2,3,9,1
2014540501214,2,1,0,18,0,0,0,0,1,0,3,1,6,1,20,4,-1,-1,-1,9,1
2014540516614,1,9,0,17,0,0,0,0,1,4,1,1,6,1,28,6,1560,2,1,7,1
2014540528814,1,19,0,9,0,4,0,0,0,0,1,1,1,1,67,10,2198,2,4,10,2
2014540528814,2,9,0,9,0,8,0,0,0,0,4,1,2,1,47,8,1910,2,10,4,1
2014540532614,1,9,0,18,0,6,0,0,3,11,1,1,6,2,66,10,1598,1,2,8,2
2014540532614,2,9,0,9,0,5,0,0,1,0,3,1,1,2,36,7,1242,1,5,-1,2
2014540540214,1,9,0,9,0,6,0,0,0,0,0,1,2,1,25,5,1560,2,5,10,3
2014540540214,2,9,0,18,0,8,0,0,7,4,1,1,2,1,55,8,1968,2,9,-1,1
2014540544114,1,9,0,18,0,0,0,0,1,0,1,1,6,1,19,4,1248,2,6,6,1
2014540544114,2,19,0,18,0,0,0,0,0,0,1,1,1,1,54,8,2463,2,8,8,2
2014540564514,1,9,0,18,0,2,0,0,0,0,1,1,2,1,31,6,-1,-1,-1,6,1
2014540564514,2,9,0,4,0,2,0,0,0,0,2,1,6,2,48,8,1242,1,14,-1,1
2014540588314,1,9,0,9,0,6,0,0,0,0,3,1,6,1,79,11,-1,-1,-1,7,3
2014540588314,2,9,0,18,0,8,0,0,0,0,1,1,6,1,26,6,1689,2,13,-1,2
2014540588314,3,9,0,18,0,1,0,0,0,0,1,1,6,2,18,4,1368,1,3,10,1
2014540601814,1,9,0,13,0,0,0,0,0,0,4,1,6,1,75,10,998,1,8,7,3
2014540601814,2,1,0,18,0,0,0,0,0,0,3,1,6,1,21,5,-1,-1,-1,7,2
2014540607114,1,9,0,18,0,6,0,0,0,0,0,1,6,3,-1,-1,-1,-1,-1,-1,-1
2014540607114,2,9,0,12,0,8,0,0,0,0,0,1,6,2,40,7,1968,2,7,6,1
2014540607114,3,9,0,12,0,8,0,0,0,0,3,1,6,1,65,9,1796,1,10,6,2
2014540607114,4,9,0,18,0,8,2,10,0,0,1,1,6,2,33,6,-1,-1,-1,7,1
2014540612514,1,1,0,18,0,0,0,0,0,0,3,1,6,2,41,7,-1,-1,-1,6,3
2014540612514,2,9,0,13,0,0,0,0,0,0,4,1,6,2,63,9,1991,2,3,6,3
2014540620114,1,9,0,16,0,0,2,0,0,0,1,1,1,1,22,5,-1,-1,-1,4,1
2014540625214,1,9,0,17,0,0,2,0,0,0,1,1,2,1,21,5,-1,-1,-1,5,1
2014540629214,1,9,0,18,0,2,2,10,1,0,1,1,6,2,21,5,1299,1,6,4,1
2014540636714,1,9,0,2,0,0,0,0,0,0,2,1,6,1,27,6,-1,-1,-1,8,3
2014540636714,2,9,0,18,0,0,1,11,1,4,1,1,6,2,22,5,1587,1,14,4,1
2014540652614,1,3,0,18,0,0,0,0,0,0,1,1,2,2,23,5,124,1,1,8,1
2014540660614,1,9,0,17,0,2,0,0,0,0,1,1,2,1,30,6,1995,2,11,-1,1
2014540660614,2,9,0,16,0,1,0,0,0,0,1,1,2,1,50,8,1598,2,2,-1,1
2014540683914,1,9,0,18,0,0,0,0,0,0,1,1,6,2,56,9,998,1,13,1,1
2014540695714,1,9,0,9,0,8,0,0,0,0,1,1,6,1,31,6,1560,2,1,8,1
2014540695714,2,9,0,18,0,4,0,0,0,0,1,1,6,1,55,8,1587,1,13,1,1
2014540713014,1,9,0,4,0,1,0,0,0,0,1,1,6,1,-1,-1,1598,1,11,8,3
2014540713014,2,9,0,3,0,1,0,0,0,0,2,1,6,1,47,8,1587,1,8,9,3
2014540730514,1,9,0,14,0,0,0,0,0,0,1,1,6,1,46,8,1896,2,12,10,1
2014540734314,1,9,0,17,0,0,1,0,0,0,4,1,6,1,34,6,1396,1,18,4,1
2014540734314,2,9,0,16,0,0,1,0,0,0,1,1,6,1,45,7,1390,1,15,10,1
2014540741914,1,19,0,18,0,0,1,4,0,0,1,1,1,1,28,6,2402,2,13,2,1
2014540741914,2,19,0,2,0,0,0,0,0,0,2,1,1,1,64,9,2402,2,6,6,1
2014540748014,1,9,0,9,0,5,0,0,0,0,4,1,2,2,45,7,1998,2,7,6,3
2014540748014,2,9,0,18,0,8,0,0,0,0,1,1,3,2,48,8,1984,1,9,6,1
2014540775214,1,9,0,18,0,4,0,0,0,0,3,1,2,2,61,9,1596,1,10,10,1
2014540775214,2,1,0,18,0,8,0,0,0,0,4,1,2,1,33,6,-1,-1,-1,10,1
2014540807014,1,9,0,3,0,1,0,0,0,0,2,1,6,1,70,10,1560,2,8,1,1
2014540807014,2,9,0,3,0,1,0,0,0,0,2,1,6,1,37,7,1595,1,5,1,1
2014540807014,3,9,0,4,0,1,0,0,0,0,1,1,6,1,21,5,1798,1,4,3,2
2014540812314,1,9,0,3,0,0,0,0,0,0,3,1,3,1,26,6,1598,1,5,10,1
2014540826214,1,9,0,18,0,4,0,0,0,0,1,1,6,2,89,11,1124,1,10,7,1
2014540826214,2,9,0,9,0,8,0,0,0,0,4,1,6,2,20,4,1240,1,9,9,3
2014540838014,1,8,0,18,0,4,0,0,0,0,3,1,1,1,60,9,1896,2,7,4,1
2014540838014,2,9,0,18,0,8,0,0,0,0,1,1,6,1,-1,-1,2290,1,16,4,1
2014540851314,1,2,0,18,0,8,0,0,7,1,3,1,6,1,19,4,49,1,1,6,2
2014540874614,1,9,0,18,0,0,5,10,7,0,4,1,6,1,47,8,1124,1,14,-1,1
2014540878514,1,9,0,18,0,4,0,0,0,0,3,1,6,1,37,7,2499,2,11,4,1
2014540878514,2,1,0,18,0,8,0,0,0,0,1,1,6,1,35,6,-1,-1,-1,8,1
2014540878614,1,9,0,18,0,0,1,0,0,0,1,1,6,2,25,5,1598,1,4,10,3
2014540878614,2,9,0,3,0,0,0,0,0,0,2,1,6,2,48,8,1796,1,9,8,3
2014540878614,3,9,0,3,0,0,0,0,0,0,2,1,6,2,26,6,1998,1,5,10,1
2014540878614,4,9,0,3,0,0,0,0,0,0,2,1,6,1,38,7,2494,1,15,5,1
2014540898414,1,3,0,4,0,1,1,0,0,0,1,1,6,1,23,5,125,1,2,9,3
2014540898414,2,8,0,18,0,1,0,0,0,0,1,1,1,1,65,9,1896,2,4,5,1
2014540898414,3,9,0,10,0,1,0,0,0,0,0,1,6,2,68,10,1798,1,5,9,3
2014540899314,1,3,0,18,0,0,0,0,0,0,1,1,6,1,17,4,124,1,1,5,1
2014540899314,2,9,0,3,0,0,0,0,0,0,2,1,6,2,32,6,2171,1,13,5,1
2014540899314,3,9,0,3,0,0,0,0,0,0,2,1,6,1,53,8,1999,1,11,10,1
2014540931214,1,9,0,3,0,2,0,0,0,0,1,1,6,1,39,7,-1,-1,-1,8,1
2014540931214,2,9,0,1,0,2,0,0,0,0,2,1,6,2,74,10,1364,1,8,4,1
2014540953514,1,19,0,16,0,0,1,0,0,0,1,1,1,1,28,6,1248,2,4,2,1
2014540953514,2,9,0,17,0,0,0,0,0,0,1,1,2,1,52,8,1587,1,10,2,1
2014540959314,1,9,0,17,0,0,1,0,1,9,4,1,1,1,37,7,1364,2,10,-1,2
2014540963814,1,19,0,9,0,6,0,0,0,0,3,1,6,1,54,8,1868,2,15,8,3
2014540963814,2,21,0,18,0,8,1,0,0,0,3,1,1,1,51,8,9200,2,14,9,1
2014540965414,1,9,0,13,0,0,0,0,0,0,0,1,6,3,-1,-1,-1,-1,-1,-1,-1
2014540965414,2,21,1,18,0,0,5,0,1,0,4,1,1,1,51,8,12740,2,1,2,1
2014540975514,1,9,0,18,0,6,0,0,0,0,3,1,1,2,53,8,2184,2,12,2,1
2014540975514,2,19,0,18,0,8,0,0,0,0,4,1,1,1,60,9,2198,2,2,7,1
2014540979414,1,19,0,17,0,0,2,0,0,0,1,1,1,1,41,7,1560,2,1,5,3
2014540988114,1,9,0,9,0,6,0,0,0,0,1,1,6,1,33,6,1998,1,6,8,3
2014540988114,2,9,0,18,0,8,0,0,0,0,4,1,6,1,31,6,1984,2,14,-1,1
2014541004914,1,9,0,4,0,1,1,0,0,0,1,1,6,1,-1,-1,2440,2,22,9,3
2014541004914,2,9,0,3,0,1,0,0,0,0,2,1,6,1,34,6,1998,1,10,8,1
2014541004914,3,9,0,3,0,1,0,0,0,0,2,1,6,1,24,5,1461,2,1,6,3
2014541037114,1,9,0,16,0,0,1,0,0,0,4,1,6,2,22,5,1905,2,16,6,1
2014541037114,2,9,0,18,0,0,0,0,0,0,1,1,6,2,46,8,2231,2,6,5,1
2014541049514,1,19,0,16,0,0,2,0,1,0,4,1,2,1,38,7,2198,2,8,6,3
2014541051114,1,9,0,9,0,6,0,0,0,0,3,1,6,1,20,4,1299,1,14,2,1
2014541051114,2,9,0,18,0,8,0,0,0,0,1,1,6,1,37,7,1896,2,12,7,1
2014541052114,1,9,0,9,0,6,0,0,0,0,4,1,6,1,51,8,1839,1,10,6,3
2014541052114,2,9,0,18,0,8,0,0,0,0,1,1,6,1,24,5,1896,2,10,9,2
2014541053314,1,19,0,16,0,0,0,0,0,0,1,1,1,1,35,6,2198,2,1,6,1
2014541053314,2,9,0,17,0,0,0,0,0,0,1,1,6,2,62,9,1560,2,10,7,3
2014541055314,1,9,0,18,0,0,1,0,1,0,1,1,6,1,53,8,1999,1,7,10,3
2014541055314,2,9,0,18,0,0,1,0,0,0,1,1,6,1,31,6,1753,2,7,7,1
2014541055314,3,9,0,18,0,0,1,0,0,0,1,1,6,1,28,6,2979,1,1,-1,1
2014541067114,1,9,0,18,0,0,0,0,0,0,1,1,6,2,42,7,1796,1,8,6,3
2014541074214,1,9,0,16,0,8,0,0,0,0,1,1,6,1,66,10,1596,1,13,10,3
2014541074214,2,9,0,17,0,8,0,0,0,0,3,1,6,1,54,8,-1,-1,-1,7,3
2014541075614,1,9,0,18,0,1,0,0,0,0,1,1,6,1,56,9,1339,1,-1,4,1
2014541075614,2,9,0,3,0,1,0,0,0,0,2,1,6,1,30,6,1597,1,18,1,1
2014541093514,1,9,0,16,0,0,0,0,0,0,1,1,6,1,18,4,1229,1,10,7,1
2014541093514,2,9,0,5,0,0,0,0,0,0,1,1,6,1,48,8,1995,2,4,8,3
2014541105614,1,9,0,18,0,1,0,0,0,0,4,1,6,1,41,7,1124,1,16,10,1
2014541106414,1,9,0,1,0,6,0,0,0,0,2,1,6,1,80,11,1951,2,13,9,1
2014541106414,2,19,0,2,0,8,0,0,0,0,1,1,1,1,41,7,1248,2,4,8,1
2014541106514,1,1,0,14,0,0,0,0,0,0,1,1,6,1,40,7,-1,-1,-1,8,1
2014541106514,2,9,0,5,0,0,0,0,0,0,3,1,6,1,37,7,1896,2,12,6,1
2014541111914,1,19,0,18,0,0,0,0,0,0,1,1,6,1,73,10,1796,7,11,-1,1
2014541111914,2,9,0,4,0,0,0,0,0,0,2,1,6,2,22,5,1388,1,3,10,2
2014541124814,1,9,0,4,0,1,0,0,0,0,2,1,6,1,70,10,1596,1,13,9,1
2014541124814,2,9,0,18,0,1,1,0,0,0,1,1,2,1,45,7,1870,2,9,4,1
2014541124814,3,19,0,18,0,2,0,0,1,0,1,1,1,1,54,8,2198,2,2,5,1
2014541124814,4,9,0,18,0,1,0,0,0,0,2,1,2,1,37,7,-1,-1,-1,4,2
2014541132614,1,9,0,10,0,1,0,0,0,0,2,1,6,2,49,8,2000,2,8,9,3
2014541132614,2,9,0,18,0,1,0,0,0,0,1,1,6,1,24,5,1149,1,7,4,1
2014541138414,1,21,0,18,0,0,0,0,0,0,0,1,6,3,-1,-1,-1,-1,-1,-1,-1
2014541138414,2,21,0,18,0,0,0,0,0,0,1,1,1,1,46,8,6870,2,3,-1,2
2014541158914,1,9,0,7,0,5,0,0,0,0,1,1,6,1,71,10,2184,2,8,-1,1
2014541168014,1,9,0,16,0,0,2,0,7,9,3,1,6,1,41,7,1870,2,10,7,3
2014541174514,1,9,0,5,0,4,0,0,0,0,1,1,2,2,41,7,2198,1,9,5,1
2014541174514,2,1,0,18,0,8,0,0,0,0,4,1,2,1,49,8,-1,-1,-1,4,1
2014541179914,1,9,0,7,0,6,0,0,0,0,1,1,2,2,34,6,1560,2,9,5,1
2014541179914,2,1,0,18,0,8,0,0,0,0,4,1,2,1,42,7,-1,-1,-1,6,1
2014541200614,1,9,0,5,0,6,0,0,0,0,3,1,6,1,-1,-1,1390,1,13,-1,-1
2014541200614,2,9,0,18,0,8,0,0,0,0,1,1,6,1,49,8,2495,2,18,6,3
2014541205014,1,9,0,9,0,6,0,0,0,0,1,1,6,2,47,8,1896,2,7,8,1
2014541205014,2,3,0,18,0,8,0,0,0,0,1,1,6,2,22,5,124,1,15,1,1
2014541208914,1,9,0,18,0,0,0,0,0,0,1,1,6,1,29,6,2171,2,11,-1,1
2014541208914,2,9,0,18,0,0,0,0,1,11,1,1,6,2,19,4,1229,1,8,3,1
2014541224614,1,9,0,18,0,4,0,0,0,0,1,1,6,1,36,7,1686,2,-1,6,1
2014541224614,2,9,0,9,0,8,0,0,7,1,1,1,6,2,33,6,1796,1,10,9,1
2014541224614,3,9,0,3,0,1,0,0,0,0,1,1,6,1,42,7,1596,1,10,7,1
2014541225414,1,9,0,18,0,1,1,7,7,1,1,1,6,1,42,7,1586,1,12,6,1
2014541233814,1,9,0,18,0,1,0,0,0,0,1,1,6,1,84,11,1242,1,13,-1,1
2014541233814,2,9,0,3,0,1,0,0,0,0,2,1,6,1,35,6,1968,2,1,-1,2
2014541235214,1,9,0,16,0,0,2,10,1,9,3,1,6,1,57,9,1796,1,13,8,3
2014541243314,1,3,0,14,0,8,0,0,0,0,1,1,2,1,23,5,124,1,12,5,3
2014541243314,2,9,0,5,0,6,0,0,0,0,3,1,2,1,53,8,1598,1,6,8,1
2014541243314,3,9,0,3,0,1,0,0,0,0,0,1,2,1,53,8,1275,1,21,6,2
2014541246014,1,1,0,18,0,0,0,0,0,0,4,1,2,1,47,8,-1,-1,-1,8,3
2014541246714,1,9,0,18,0,1,0,0,0,0,1,1,6,2,30,6,1397,1,7,6,1
2014541246714,2,9,0,4,0,1,0,0,0,0,2,1,6,2,53,8,1598,1,3,7,1
2014541246714,3,9,0,4,0,1,0,0,0,0,2,1,6,1,59,9,2776,2,8,8,1
2014541247114,1,9,0,17,0,2,1,0,2,4,4,1,2,1,32,6,1360,1,13,7,3
2014541259814,1,9,0,16,0,0,0,0,0,0,1,1,6,2,40,7,1598,1,1,10,1
2014541259814,2,9,0,17,0,0,0,0,0,0,1,1,6,1,48,8,1910,2,7,10,1
2014541261814,1,9,0,18,0,0,0,4,0,0,1,1,6,2,26,6,1108,1,14,5,2
2014541261814,2,10,0,2,0,0,0,0,0,0,2,1,1,1,66,10,2463,2,9,5,2
2014541263714,1,19,0,18,0,0,0,0,0,0,1,1,1,1,47,8,2198,2,2,-1,-1
2014541263714,2,19,0,3,0,0,0,0,0,0,2,1,1,1,57,9,1868,2,14,6,1
2014541263714,3,19,0,3,0,0,0,0,0,0,2,1,1,1,49,8,2198,2,4,3,1
2014541263714,4,19,0,3,0,0,0,0,0,0,2,1,1,1,40,7,1868,2,8,4,1
2014541264814,1,9,0,3,0,1,0,0,0,0,2,1,6,1,42,7,1329,1,5,-1,3
2014541264814,2,9,0,3,0,1,0,0,0,0,2,1,6,1,39,7,1560,2,3,8,2
2014541264814,3,9,0,3,0,1,0,0,0,0,2,1,6,2,59,9,1396,1,5,9,3
2014541264814,4,9,0,3,0,1,0,0,0,0,2,1,6,2,25,5,1242,1,14,9,2
2014541264814,5,9,0,18,0,1,0,0,0,0,1,1,6,2,44,7,1968,2,-1,8,2
2014541280914,1,11,0,16,0,0,1,0,0,0,1,1,1,1,52,8,3972,2,19,5,1
2014541280914,2,21,1,17,0,0,0,0,0,0,1,1,1,1,50,8,6693,2,1,-1,-1
2014541282914,1,19,0,4,0,1,0,0,0,0,1,1,2,1,75,10,1686,2,11,5,1
2014541282914,2,9,0,3,0,1,0,0,0,0,2,1,6,2,38,7,1560,2,7,5,1
2014541282914,3,9,0,3,0,1,0,0,0,0,2,1,6,2,64,9,1598,2,3,10,1
2014541287514,1,19,0,5,0,1,0,0,0,0,1,1,6,1,20,4,1221,2,18,9,3
2014541289514,1,9,0,18,0,0,0,0,0,0,1,1,6,2,56,9,-1,-1,-1,-1,-1
2014541289514,2,20,0,18,0,0,0,0,0,0,2,1,1,1,50,8,2143,2,2,8,1
2014541297214,1,9,0,18,0,1,0,0,0,0,2,1,6,1,30,6,1598,1,12,-1,2
2014541297214,2,9,0,13,0,1,1,0,0,0,1,1,6,3,-1,-1,1596,1,12,-1,-1
2014541297214,3,8,0,18,0,2,1,0,1,0,1,1,1,1,44,7,1998,2,8,9,2
2014541303014,1,9,0,18,0,8,5,0,1,11,1,1,6,2,72,10,1598,1,7,9,3
2014541303014,2,9,0,10,0,8,0,0,0,0,2,1,6,2,56,9,1596,1,7,10,3
2014541304114,1,9,0,17,0,2,0,0,0,0,1,1,6,2,28,6,1242,1,1,-1,1
2014541312414,1,9,0,3,0,2,0,0,0,0,2,1,6,2,43,7,2148,2,12,8,1
2014541312414,2,9,0,18,0,2,0,0,0,0,1,1,6,1,19,4,1242,1,13,-1,1
2014541324114,1,9,0,16,0,0,0,0,0,0,1,1,2,1,26,6,1242,1,2,9,3
2014541324114,2,19,0,18,0,0,0,0,0,0,1,1,2,1,48,8,1598,2,2,-1,1
2014541332414,1,9,0,18,0,0,5,0,2,11,4,1,6,1,79,11,1997,2,5,7,3
2014541333114,1,9,0,18,0,1,0,4,0,0,1,1,6,1,77,11,3498,1,9,9,1
2014541333114,2,9,0,2,0,1,0,0,0,0,2,1,6,1,24,5,1896,2,8,-1,1
2014541342214,1,9,0,18,0,8,0,4,0,0,1,1,2,1,31,6,1984,1,12,9,3
2014541342214,2,19,0,2,0,8,0,0,0,0,2,1,6,1,33,6,2402,2,5,6,1
2014541357914,1,3,0,18,0,0,0,11,0,0,1,1,6,1,21,5,124,1,7,6,3