Accident_Index,Vehicle_Reference,Vehicle_Type,Towing_and_Articulation,Vehicle_Manoeuvre,Vehicle_Location-Restricted_Lane,Junction_Location,Skidding_and_Overturning,Hit_Object_in_Carriageway,Vehicle_Leaving_Carriageway,Hit_Object_off_Carriageway,1st_Point_of_Impact,Was_Vehicle_Left_Hand_Drive?,Journey_Purpose_of_Driver,Sex_of_Driver,Age_of_Driver,Age_Band_of_Driver,Engine_Capacity_(CC),Propulsion_Code,Age_of_Vehicle,Driver_IMD_Decile,Driver_Home_Area_Type
2014543897614,1,9,0,14,0,1,0,4,0,0,4,1,6,1,91,11,-1,-1,-1,9,1
2014543897614,2,9,0,2,0,2,0,0,0,0,4,1,6,2,58,9,-1,-1,-1,10,2
2014543931414,1,9,0,17,0,8,2,0,2,4,1,1,6,2,31,6,2974,1,13,4,1
2014543957914,1,11,0,18,0,1,1,0,0,0,1,1,1,1,61,9,4250,2,12,5,1
2014543957914,2,9,0,3,0,1,0,0,0,0,2,1,6,2,45,7,1910,2,9,5,1
2014543957914,3,9,0,3,0,8,0,0,0,0,0,1,6,2,41,7,1596,1,13,7,1
2014543958114,1,11,0,18,0,8,0,0,0,0,1,1,1,1,46,8,5883,2,12,1,1
2014543958114,2,9,0,18,0,4,0,0,0,0,3,1,6,1,80,11,1596,1,9,10,1
2014543959214,1,9,0,3,0,1,0,0,0,0,2,1,1,2,19,4,1240,1,4,3,1
2014543959214,2,9,0,18,0,1,0,0,0,0,1,1,2,2,42,7,1198,1,2,5,1
2014543962514,1,9,0,18,0,3,0,0,0,0,4,1,3,2,39,7,2401,2,9,10,1
2014543977114,1,9,0,9,0,5,0,0,0,0,0,1,6,1,67,10,1598,2,1,10,3
2014543977114,2,9,0,18,0,8,0,0,0,0,1,1,1,1,29,6,2496,2,10,-1,1
2014543977114,3,9,0,10,0,1,0,0,0,0,3,1,6,2,53,8,1388,1,3,-1,1
2014543987914,1,20,0,3,0,0,0,0,0,0,2,1,1,1,41,7,6692,2,5,-1,1
2014543987914,2,9,0,3,0,0,0,0,0,0,2,1,6,1,74,10,1991,2,9,9,3
2014543987914,3,19,0,18,0,0,1,0,0,0,1,1,1,1,41,7,2198,2,3,10,3
2014544004514,1,1,0,18,0,0,0,0,0,0,1,1,6,1,7,2,-1,-1,-1,1,1
2014544004514,2,9,0,18,0,0,0,0,0,0,2,1,6,1,44,7,3246,1,9,-1,2
2014544010014,1,9,0,16,0,0,1,0,0,0,1,1,6,1,19,4,1149,1,15,6,3
2014544010014,2,9,0,3,0,0,0,0,0,0,0,1,6,1,68,10,2435,1,14,5,1
2014544010014,3,9,0,17,0,0,0,0,0,0,1,1,6,1,67,10,1997,2,12,4,1
2014544012214,1,9,0,18,0,6,1,0,0,0,1,1,6,2,48,8,-1,-1,-1,7,2
2014544012214,2,9,0,18,0,8,0,0,0,0,3,1,6,2,22,5,1598,1,4,8,2
2014544016614,1,1,0,3,0,1,0,0,0,0,4,1,6,1,41,7,-1,-1,-1,9,2
2014544016614,2,21,1,9,0,3,0,0,0,0,0,1,1,1,45,7,12902,2,1,6,1
2014544020614,1,9,0,5,0,6,0,0,1,0,3,1,6,1,75,10,1248,1,5,-1,1
2014544020614,2,19,0,18,0,8,0,0,1,9,1,1,1,1,22,5,1968,2,3,5,2
2014544035114,1,9,0,18,0,8,0,0,0,0,3,1,1,2,46,8,1364,1,6,10,2
2014544035114,2,4,0,11,0,8,1,0,0,0,4,1,6,1,22,5,1199,1,11,5,3
2014544040814,1,9,0,9,0,5,0,0,0,0,1,1,6,1,43,7,1386,1,6,3,1
2014544040814,2,9,0,18,0,8,0,0,7,10,1,1,6,1,37,7,1598,1,7,7,3
2014544040814,3,19,0,18,0,1,0,0,0,0,1,1,1,1,37,7,1248,2,6,-1,1
2014544043114,1,9,0,5,0,6,0,0,0,0,3,1,6,1,67,10,1600,2,5,10,2
2014544043114,2,9,0,18,0,8,0,0,0,0,1,1,2,1,48,8,2183,2,4,3,1
2014544043614,1,9,0,18,0,0,0,0,0,0,1,1,6,1,32,6,1598,1,4,4,1
2014544048214,1,9,0,18,0,0,0,4,0,0,1,1,6,2,41,7,1598,2,5,6,1
2014544048214,2,9,0,2,0,0,0,0,1,7,2,1,6,2,50,8,1360,1,7,10,1
2014544054414,1,9,0,18,0,0,0,0,0,0,1,1,6,2,23,5,1124,1,13,10,1
2014544054414,2,9,0,18,0,0,0,0,1,10,1,1,6,1,50,8,2470,2,25,6,3
2014544054414,3,9,0,18,0,0,0,0,0,0,1,1,6,1,63,9,1997,2,14,6,3
2014544061714,1,9,0,17,0,0,5,10,7,10,1,1,6,1,21,5,1679,1,14,8,3
2014544068114,1,9,0,9,0,5,0,0,0,0,1,1,6,1,35,6,1796,1,5,6,3
2014544068114,2,2,0,15,0,8,0,0,0,0,1,1,6,1,17,4,49,1,4,9,3
2014544068214,1,21,1,18,0,0,0,0,0,0,3,2,1,1,49,8,-1,-1,-1,-1,-1
2014544068214,2,9,0,18,0,0,0,0,0,0,3,1,6,2,36,7,1124,1,9,6,1
2014544068214,3,9,0,18,0,0,0,0,0,0,4,2,6,1,49,8,-1,-1,-1,-1,-1
2014544070314,1,5,0,18,0,8,0,0,1,0,3,1,6,1,52,8,996,1,9,3,1
2014544070314,2,9,0,5,0,6,0,0,0,0,4,1,6,2,27,6,1299,1,14,3,1
2014544071114,1,8,0,18,0,1,0,0,0,0,1,1,1,1,52,8,-1,-1,-1,8,1
2014544074614,1,9,0,18,0,0,0,0,0,0,1,1,6,1,39,7,1596,1,11,3,1
2014544078814,1,9,0,13,0,0,0,0,4,6,1,1,6,1,47,8,1781,1,12,5,1
2014544078814,2,9,0,18,0,0,0,0,4,6,2,1,6,1,27,6,1560,2,1,-1,1
2014544079114,1,9,0,16,0,2,0,0,8,11,3,1,6,1,23,5,1968,2,-1,3,1
2014544079114,2,9,0,16,0,1,0,0,0,0,0,1,1,1,-1,-1,2967,2,3,-1,-1
2014544079314,1,9,0,17,0,2,5,0,1,2,1,1,6,1,53,8,1390,1,12,10,1
2014544088414,1,9,0,18,0,1,1,0,0,0,1,1,6,2,18,4,1124,1,13,6,1
2014544088414,2,9,0,7,0,5,0,0,0,0,2,1,6,1,57,9,1794,1,9,9,3
2014544088714,1,9,0,18,0,0,0,0,1,11,1,1,6,1,73,10,998,1,7,5,1
2014544088714,2,8,0,18,0,0,0,0,0,0,4,1,6,1,48,8,1995,2,7,6,2
2014544088714,3,1,0,18,0,0,0,0,0,0,2,1,6,1,51,8,-1,-1,-1,6,3
2014544090614,1,5,0,18,0,1,1,0,0,0,4,1,6,1,56,9,1200,1,22,8,1
2014544097414,1,9,0,18,0,0,0,0,0,0,3,1,6,1,50,8,1598,1,11,5,3
2014544097414,2,9,0,18,0,0,0,0,0,0,1,1,6,1,52,8,1781,1,14,8,3
2014544097414,3,9,0,18,0,0,0,0,0,0,1,1,6,1,19,4,1398,1,2,7,2
2014544105414,1,9,0,18,0,2,5,4,7,0,1,1,6,1,30,6,1998,1,7,10,3
2014544105414,2,9,0,2,0,2,0,0,0,0,1,1,6,1,34,6,1997,2,6,10,3
2014544105414,3,9,0,2,0,2,0,0,0,0,1,1,6,2,38,7,1560,2,3,10,3
2014544106714,1,4,0,17,0,8,0,0,0,0,4,1,2,1,48,8,198,1,11,8,2
2014544106714,2,9,0,17,0,8,0,0,0,0,3,1,6,1,33,6,2401,2,11,8,3
2014544112814,1,9,0,5,0,6,0,0,0,0,1,1,6,2,18,4,1149,1,10,9,3
2014544112814,2,9,0,18,0,8,0,0,0,0,3,1,6,1,27,6,1997,2,8,-1,2
2014544112814,3,9,0,8,0,1,0,0,0,0,1,1,6,2,26,6,1242,1,10,9,3
2014544115214,1,9,0,18,0,4,0,0,0,0,1,1,6,1,56,9,1968,2,5,10,2
2014544115214,2,5,0,18,0,8,1,0,0,0,4,1,6,1,51,8,1170,1,10,9,1
2014544115414,1,3,0,18,0,8,0,0,0,0,1,1,6,1,18,4,124,1,3,9,3
2014544115414,2,9,0,5,0,4,0,0,0,0,3,1,6,1,32,6,1968,2,7,7,1
2014544118014,1,9,0,9,0,6,0,0,0,0,3,1,6,1,85,11,1997,2,9,9,1
2014544118014,2,9,0,18,0,8,0,0,0,0,1,1,1,1,58,9,2987,2,9,3,3
2014544120514,1,9,0,18,0,1,1,0,7,0,1,1,6,1,20,4,1998,1,6,3,1
2014544120514,2,3,0,4,0,1,0,0,1,0,2,1,6,1,18,4,124,1,6,7,3
2014544121714,1,8,0,17,0,8,1,10,0,0,1,1,1,1,40,7,1797,8,5,-1,-1
2014544151314,1,9,0,9,0,6,0,0,0,0,3,1,6,1,49,8,1998,2,9,5,3
2014544151314,2,9,0,18,0,8,0,0,0,0,1,1,2,2,60,9,1997,1,9,9,3
2014544155014,1,9,0,17,0,0,1,10,1,4,1,1,6,1,18,4,1461,2,12,4,1
2014544200714,1,19,0,13,0,0,2,0,7,9,3,1,1,1,71,10,1399,2,3,6,1
2014544200714,2,9,0,13,0,0,0,0,0,0,4,1,6,1,20,4,1124,1,14,9,1
2014544205214,1,9,0,3,0,1,0,0,0,0,2,1,6,1,51,8,998,1,4,8,2
2014544205214,2,9,0,5,0,1,0,0,0,0,1,1,6,1,45,7,1248,2,7,7,1
2014544207014,1,19,0,4,0,1,1,0,0,0,1,1,1,1,45,7,2148,2,9,1,1
2014544207014,2,19,0,4,0,1,1,0,0,0,2,1,1,2,35,6,1753,2,6,-1,-1
2014544215714,1,9,0,18,0,1,0,0,0,0,1,1,6,2,33,6,1998,2,10,5,1
2014544215714,2,9,0,3,0,1,0,0,0,0,2,1,6,2,20,4,1596,1,15,7,1
2014544215714,3,9,0,3,0,1,0,0,0,0,2,1,6,2,32,6,998,1,15,6,1
2014544215714,4,9,0,5,0,6,0,0,0,0,3,1,6,1,47,8,1995,2,2,3,1
2014544224614,1,10,0,18,0,0,0,0,0,0,4,1,1,2,40,7,-1,-1,-1,7,2
2014544239514,1,9,0,7,0,5,0,0,0,0,4,1,6,3,-1,-1,-1,-1,-1,-1,-1
2014544250614,1,9,0,18,0,0,0,0,1,0,3,1,6,2,49,8,1997,1,12,10,3
2014544250614,2,9,0,18,0,0,0,0,0,0,4,1,6,1,55,8,2188,2,6,9,1
2014544260214,1,9,0,18,0,0,0,0,0,0,1,1,6,2,25,5,1364,1,5,2,1
2014544260214,2,19,0,18,0,0,5,0,0,0,3,1,1,1,32,6,2198,2,-1,4,1
2014544261314,1,9,0,9,0,5,0,0,0,0,4,1,6,1,19,4,1242,1,-1,9,1
2014544261314,2,9,0,18,0,8,0,0,0,0,1,1,6,1,34,6,1598,1,-1,-1,2
2014544264914,1,9,0,16,0,8,1,0,0,0,3,1,6,1,22,5,1800,1,15,2,1
2014544264914,2,9,0,17,0,8,0,0,0,0,3,1,1,1,50,8,2179,2,-1,-1,1
2014544268514,1,9,0,4,0,0,0,0,0,0,1,1,6,2,34,6,1598,1,10,3,1
2014544268514,2,9,0,3,0,0,0,0,0,0,2,1,6,2,31,6,1595,1,4,4,2
2014544269114,1,9,0,6,0,0,0,0,0,0,3,1,2,2,34,6,-1,-1,-1,8,1
2014544269114,2,5,0,14,0,0,0,0,0,0,1,1,6,1,43,7,996,1,6,10,1
2014544269914,1,9,0,18,0,8,0,0,1,0,3,1,6,1,60,9,2401,1,9,9,3
2014544269914,2,19,0,5,0,6,0,0,0,0,4,1,1,1,39,7,2143,2,2,10,1
2014544272514,1,9,0,4,0,0,0,0,0,0,0,1,6,3,-1,-1,-1,-1,-1,-1,-1
2014544272514,2,9,0,4,0,0,0,0,0,0,2,1,6,1,25,5,1995,2,10,10,1
2014544272514,3,9,0,4,0,0,1,0,0,0,1,1,6,2,24,5,1124,1,14,8,1
2014544272514,4,9,0,4,0,0,1,0,0,0,1,1,6,1,56,9,1910,2,9,6,1
2014544275514,1,5,0,4,0,1,1,0,0,0,4,1,6,1,65,9,750,1,39,10,1
2014544278014,1,9,0,14,0,8,0,4,0,0,4,1,6,1,76,11,-1,-1,-1,9,3
2014544278014,2,1,0,2,0,8,0,0,0,0,3,1,6,1,35,6,-1,-1,-1,4,1
2014544295314,1,9,0,17,0,0,0,0,1,4,1,1,6,2,72,10,1399,2,8,8,2
2014544300814,1,9,0,18,0,0,0,0,0,0,1,1,6,1,30,6,2993,2,11,5,1
2014544308014,1,9,0,4,0,0,0,0,0,0,2,1,6,2,45,7,1968,2,5,8,3
2014544308014,2,9,0,18,0,0,0,0,0,0,1,1,6,2,23,5,1587,1,15,9,2
2014544317514,1,9,0,18,0,0,1,0,0,0,1,1,6,2,26,6,1397,1,13,-1,1
2014544317514,2,9,0,4,0,0,0,0,0,0,2,1,6,2,53,8,1968,2,-1,8,1
2014544324514,1,9,0,18,0,0,0,0,0,0,3,1,6,1,40,7,2993,2,3,7,3
2014544329514,1,5,0,18,0,1,0,0,0,0,1,1,6,1,39,7,749,1,1,6,3
2014544329514,2,9,0,10,0,1,0,0,0,0,2,1,6,2,42,7,1240,1,11,3,1
2014544329514,3,9,0,11,0,1,0,0,0,0,0,1,6,1,69,10,1560,2,3,6,3
2014544329514,4,90,5,18,0,1,0,0,0,0,0,1,6,3,-1,-1,-1,-1,-1,-1,-1
2014544332514,1,9,0,18,0,6,0,0,0,0,1,1,2,1,-1,-1,1956,2,4,8,3
2014544332514,2,9,0,18,0,8,0,0,0,0,3,1,2,1,58,9,1242,1,5,9,3
2014544335214,1,9,0,18,0,0,2,0,8,10,3,1,6,1,21,5,-1,-1,-1,5,2
2014544337114,1,9,0,18,0,0,0,0,0,0,1,1,6,1,36,7,1598,1,15,7,2
2014544337114,2,19,0,3,0,0,0,0,0,0,2,1,6,1,45,7,2198,2,4,7,2
2014544361114,1,9,0,16,0,0,0,0,0,0,1,1,6,3,-1,-1,-1,-1,-1,-1,-1
2014544371614,1,19,0,9,0,6,0,0,0,0,1,1,1,1,59,9,2198,2,4,6,2
2014544371614,2,1,0,18,0,8,0,0,0,0,4,1,2,1,42,7,-1,-1,-1,9,2
2014544379014,1,9,0,18,0,6,0,0,0,0,3,1,6,1,65,9,2488,2,7,8,1
2014544379014,2,9,0,18,0,1,0,0,0,0,0,1,3,2,42,7,1796,1,10,6,1
2014544379014,3,9,0,18,0,8,0,0,0,0,0,1,6,1,43,7,1968,2,1,9,1
2014544385314,1,3,0,4,0,0,0,0,0,0,3,1,6,1,19,4,124,1,15,10,2
2014544393814,1,11,0,18,0,0,1,0,0,0,1,1,1,1,58,9,4250,2,15,2,1
2014544393814,2,9,0,6,8,0,1,0,1,0,3,1,6,2,53,8,1242,1,6,6,3
2014544395114,1,9,0,5,0,0,0,0,0,0,1,1,6,1,80,11,1598,1,11,3,1
2014544400914,1,8,0,7,0,4,0,0,0,0,1,1,1,1,48,8,1598,1,4,-1,1
2014544400914,2,1,0,9,0,8,0,0,0,0,2,1,2,2,51,8,-1,-1,-1,9,1
2014544415914,1,5,0,9,0,5,0,0,0,0,1,1,6,1,45,7,-1,-1,-1,5,1
2014544415914,2,9,0,18,0,8,0,0,0,0,1,1,6,1,21,5,1781,1,13,6,3
2014544421014,1,9,0,18,0,0,0,0,0,0,1,1,6,1,49,8,2494,2,12,6,3
2014544421014,2,1,0,18,0,0,1,0,0,0,1,1,6,1,35,6,-1,-1,-1,6,3
2014544422514,1,11,0,4,0,1,0,0,0,0,0,1,1,1,37,7,4250,2,12,4,1
2014544422514,2,9,0,9,0,6,0,0,0,0,0,1,6,1,-1,-1,1973,1,13,-1,-1
2014544442614,1,9,0,6,8,0,0,0,0,0,4,1,6,1,74,10,-1,-1,-1,9,3
2014544442614,2,9,0,18,0,0,0,0,0,0,1,1,6,2,63,9,1397,1,13,9,1
2014544455114,1,9,0,5,0,6,0,0,0,0,3,1,6,1,75,10,2143,2,2,9,3
2014544455114,2,5,0,18,0,8,1,0,0,0,1,1,2,1,58,9,1165,1,12,8,2
2014544470314,1,9,0,18,0,0,0,0,1,0,3,1,6,2,48,8,2143,2,3,9,1
2014544470314,2,20,0,18,0,0,0,0,0,0,3,1,1,1,48,8,12777,2,6,7,3
2014544470314,3,9,0,18,0,0,0,0,0,0,1,1,6,2,28,6,1781,1,14,9,1
2014544477314,1,9,0,4,0,0,0,0,0,0,2,1,2,1,55,8,-1,-1,-1,8,1
2014544477314,2,5,0,18,0,0,0,0,0,0,1,1,2,1,50,8,1462,1,3,8,1
2014544483814,1,9,0,18,0,0,1,0,0,0,1,1,6,1,23,5,1997,1,13,8,2
2014544483814,2,9,0,18,0,0,0,0,0,0,1,1,6,2,38,7,1587,1,12,9,3
2014544483814,3,9,0,18,0,0,0,0,0,0,3,1,6,1,46,8,1329,1,3,2,1
2014544484714,1,3,0,18,0,0,0,4,0,0,1,1,2,1,28,6,124,1,3,5,1
2014544484714,2,9,0,2,0,0,0,0,0,0,3,1,6,2,52,8,1560,2,3,3,1
2014544496414,1,5,0,18,0,0,0,0,0,0,0,1,6,3,-1,-1,-1,-1,-1,-1,-1
2014544498514,1,5,0,5,0,2,0,0,0,0,4,1,6,1,25,5,782,1,11,9,3
2014544498814,1,9,0,18,0,0,0,0,2,2,4,1,6,2,24,5,1299,1,14,9,3
2014544498814,2,9,0,18,0,0,0,0,0,0,3,1,6,1,83,11,1598,1,13,10,2
2014544501214,1,9,0,9,0,5,5,0,0,0,1,1,6,2,30,6,1328,1,5,6,3
2014544501214,2,9,0,18,0,8,0,0,0,0,1,1,6,1,78,11,1686,2,10,8,1
2014544505714,1,9,0,18,0,3,0,10,2,10,4,1,6,1,20,4,1360,1,12,6,1
2014544507014,1,9,0,13,0,0,2,0,1,0,1,1,6,2,22,5,999,1,15,-1,2
2014544513414,1,9,0,18,0,0,5,0,1,9,1,1,6,2,25,5,1149,1,14,3,1
2014544513514,1,9,0,18,0,0,2,0,1,3,3,1,6,1,25,5,1994,1,12,1,1
2014544514314,1,9,0,17,0,8,0,0,0,0,1,1,6,1,36,7,1598,1,13,4,1
2014544514314,2,9,0,16,0,8,0,0,0,0,1,1,6,1,54,8,1398,1,1,-1,1
2014544520414,1,19,0,18,0,1,0,0,0,0,1,1,1,1,53,8,2198,2,5,8,1
2014544520414,2,9,0,7,0,5,0,0,1,0,2,1,6,2,50,8,1242,1,3,5,3
2014544523614,1,5,0,17,0,8,1,0,1,11,1,1,6,1,37,7,599,1,8,10,1
2014544524914,1,9,0,5,0,6,0,0,0,0,3,1,6,1,60,9,1968,2,3,8,3
2014544524914,2,5,0,16,0,8,1,0,0,0,1,1,6,1,52,8,1199,1,14,7,3
2014544532714,1,9,0,13,0,0,0,0,0,0,4,1,2,1,63,9,1997,2,3,8,1
2014544532714,2,1,0,18,0,0,0,0,0,0,3,1,2,1,60,9,-1,-1,-1,9,1
2014544533614,1,9,0,3,0,1,0,0,0,0,2,1,6,2,20,4,1360,1,8,2,1
2014544533614,2,9,0,18,0,1,0,0,0,0,1,1,6,1,-1,-1,996,1,1,8,1
2014544550814,1,9,0,6,0,0,5,4,0,0,1,1,6,1,67,10,1968,2,-1,-1,-1
2014544550814,2,9,0,2,0,0,0,0,0,0,3,1,6,2,23,5,1248,2,1,-1,1
2014544579614,1,19,0,3,0,1,0,0,0,0,2,1,6,1,52,8,1753,2,7,2,1
2014544579614,2,9,0,18,0,1,0,0,0,0,1,1,6,1,30,6,1995,2,5,10,1
2014544596914,1,1,0,14,0,2,0,8,0,0,1,1,6,1,30,6,-1,-1,-1,2,1
2014544596914,2,19,0,2,0,2,0,0,0,0,3,1,6,1,24,5,1560,2,3,7,1
2014544597114,1,9,0,18,0,0,0,0,0,0,1,1,6,1,73,10,1298,1,14,9,3
2014544612214,1,9,0,5,0,1,0,0,0,0,3,1,2,2,27,6,1781,1,17,5,1
2014544612214,2,19,0,18,0,1,0,0,0,0,4,1,1,2,39,7,1298,1,10,8,1
2014544615514,1,9,0,9,5,5,0,0,0,0,1,1,6,1,56,9,1796,1,11,2,1
2014544615514,2,1,0,18,5,8,0,0,0,0,1,1,6,1,56,9,-1,-1,-1,2,1
2014544615814,1,9,0,18,0,8,0,0,0,0,4,1,1,1,19,4,-1,-1,-1,4,1
2014544615814,2,9,0,5,0,6,0,0,0,0,1,1,6,1,20,4,1587,1,16,2,1
2014544619214,1,21,4,4,0,1,0,0,0,0,1,2,1,1,46,8,-1,-1,-1,-1,-1
2014544619214,2,21,1,3,0,1,0,0,0,0,2,1,1,1,61,9,12809,2,1,3,1
2014544621814,1,9,0,11,0,0,0,0,0,0,1,1,6,1,54,8,1598,1,-1,-1,1
2014544621814,2,19,0,18,0,0,0,0,0,0,2,1,1,1,23,5,2402,2,10,3,1
2014544629414,1,1,0,4,0,0,0,0,0,0,1,1,6,2,31,6,-1,-1,-1,9,3
2014544629414,2,19,0,3,0,0,0,0,0,0,2,1,1,1,47,8,2198,2,2,9,1
2014544632314,1,9,0,13,0,0,0,0,0,0,0,1,6,3,-1,-1,-1,-1,-1,-1,-1
2014544632314,2,11,0,18,0,0,0,0,0,0,0,1,1,1,53,8,6370,2,8,8,1
2014544633914,1,9,0,9,0,6,0,0,0,0,3,1,6,2,31,6,1590,1,13,-1,1
2014544633914,2,5,0,18,0,8,0,0,0,0,1,1,6,1,42,7,996,1,15,5,1
2014544634114,1,5,0,18,0,8,1,0,0,0,1,1,6,1,39,7,998,1,8,9,1
2014544634114,2,9,4,9,0,5,0,0,0,0,4,1,6,1,46,8,2969,2,8,9,2
2014544637114,1,9,0,9,0,6,0,0,0,0,1,1,1,1,27,6,-1,-1,-1,-1,1
2014544637114,2,4,0,16,0,8,1,0,0,0,1,1,6,1,46,8,498,1,19,7,3
2014544640714,1,17,0,9,0,6,0,0,0,0,3,1,1,1,21,5,4000,2,4,8,3
2014544640714,2,1,0,18,0,8,1,0,0,0,1,1,6,1,36,7,-1,-1,-1,8,1
2014544645014,1,9,0,13,0,0,0,0,0,0,4,1,6,2,33,6,1398,1,-1,1,1
2014544645014,2,21,1,18,0,0,0,0,0,0,3,1,1,1,49,8,10837,2,1,6,1
2014544659914,1,9,0,5,0,4,0,0,0,0,1,1,6,1,23,5,1124,1,15,8,1
2014544659914,2,9,0,18,0,8,0,0,0,0,4,1,6,2,65,9,1360,1,14,5,1
2014544661314,1,19,0,5,0,6,0,0,0,0,1,1,1,1,41,7,2143,2,2,8,1
2014544661314,2,9,0,18,0,8,0,0,1,1,3,1,2,2,26,6,1398,1,3,7,3
2014544675314,1,9,0,7,0,1,0,0,1,9,2,1,6,2,45,7,1997,2,15,3,1
2014544675314,2,19,0,18,0,1,0,0,0,0,1,1,6,1,32,6,1968,2,3,8,1
2014544676014,1,3,0,18,0,0,1,4,0,0,1,1,6,1,16,4,124,1,3,7,2
2014544676014,2,9,0,2,0,0,0,0,0,0,3,1,6,2,41,7,1984,1,8,7,2
2014544682814,1,9,0,18,0,1,0,0,1,11,1,1,1,1,25,5,1598,2,2,8,1
2014544682814,2,9,0,10,0,1,0,0,0,0,2,1,2,1,23,5,1389,1,12,10,1
2014544693914,1,9,0,3,0,1,0,0,0,0,2,1,6,1,50,8,1995,2,1,9,3
2014544693914,2,19,0,18,0,1,0,0,0,0,1,1,6,1,23,5,1248,2,8,6,3
2014544694314,1,9,0,18,0,1,0,0,0,0,1,1,6,2,37,7,1299,1,9,6,1
2014544694314,2,8,0,3,0,1,0,0,0,0,2,1,1,1,49,8,1896,2,7,-1,1
2014544702614,1,9,0,17,0,0,2,0,2,4,4,1,6,2,28,6,1988,1,12,7,1
2014544705114,1,9,0,18,0,0,0,0,0,0,1,1,6,1,30,6,1390,1,10,8,3
2014544705114,2,9,0,3,0,0,0,0,0,0,2,1,6,1,65,9,2000,1,14,4,1
2014544715314,1,19,0,18,0,0,5,0,2,10,4,1,1,1,53,8,1968,2,4,4,1
2014544720914,1,9,0,4,0,0,1,0,1,9,1,1,2,1,19,4,1149,1,14,6,3
2014544720914,2,9,0,18,0,0,0,0,7,9,1,1,6,1,43,7,1598,2,2,7,3
2014544722714,1,19,0,5,0,4,1,0,0,0,1,1,1,1,24,5,-1,-1,-1,8,1
2014544722714,2,9,0,11,0,8,0,0,0,0,2,1,6,2,27,6,1560,2,4,1,1
2014544722714,3,9,0,18,0,4,0,0,0,0,0,1,6,3,-1,-1,-1,-1,-1,-1,-1
2014544724714,1,9,0,7,0,3,0,0,0,0,1,1,6,1,70,10,1339,1,4,8,1
2014544724714,2,1,0,18,0,2,0,0,0,0,1,1,6,1,12,3,-1,-1,-1,2,1
2014544725814,1,9,0,9,0,5,0,0,0,0,1,1,6,2,67,10,1992,2,9,-1,1
2014544725814,2,5,0,13,0,8,0,0,0,0,4,1,6,1,48,8,883,1,15,2,1
2014544730314,1,9,0,18,0,0,0,0,0,0,1,1,6,2,27,6,1896,2,16,3,1
2014544730314,2,9,0,4,0,0,0,0,0,0,2,1,6,1,28,6,1796,1,14,2,1
2014544731014,1,9,0,17,0,0,1,0,0,0,1,1,6,1,33,6,1364,1,-1,-1,-1
2014544731014,2,9,0,16,0,0,1,0,0,0,1,1,1,1,25,5,1595,1,10,9,1
2014544733714,1,21,0,18,0,0,2,0,1,10,3,1,1,1,59,9,12740,2,3,10,1
2014544744014,1,9,0,18,0,8,0,9,7,1,1,1,6,1,23,5,1397,1,14,5,1
2014544744114,1,9,0,18,0,0,2,0,5,6,3,1,6,1,32,6,1497,8,3,-1,1
2014544750014,1,9,0,18,0,8,0,7,0,0,1,1,6,1,23,5,1998,1,7,5,1
2014544750014,2,9,0,9,0,5,0,0,0,0,4,1,6,1,61,9,1497,1,10,-1,1
2014544750714,1,9,0,9,0,6,1,0,0,0,1,1,6,1,73,10,1395,1,1,-1,-1
2014544750714,2,9,0,18,0,8,5,0,7,4,3,1,6,2,52,8,2720,2,7,10,3
2014544752614,1,9,0,9,0,5,0,0,0,0,1,1,6,2,60,9,1124,1,4,9,2
2014544752614,2,3,0,18,0,8,0,0,0,0,1,1,6,1,17,4,125,1,5,8,2
2014544757614,1,5,0,16,0,0,0,0,0,0,3,1,6,1,52,8,1050,1,5,9,1
2014544757614,2,9,0,17,0,0,0,0,0,0,3,1,6,2,46,8,5461,1,1,8,3
2014544773614,1,21,4,18,0,0,0,4,1,0,1,1,6,1,46,8,-1,-1,-1,9,3
2014544773614,2,19,0,2,6,0,0,0,1,10,3,1,1,1,51,8,2143,2,1,4,1
2014544783214,1,9,0,9,0,8,0,0,0,0,1,1,6,2,45,7,-1,-1,-1,9,1
2014544783214,2,1,0,18,0,8,1,0,0,0,1,1,6,1,42,7,-1,-1,-1,10,1
2014544786114,1,9,0,9,0,4,0,0,0,0,3,1,6,2,26,6,1397,1,6,9,1
2014544786114,2,9,0,18,0,8,0,0,0,0,1,1,6,2,25,5,1900,2,7,9,1
2014544788514,1,9,0,4,0,1,1,0,0,0,1,1,2,2,33,6,1124,1,13,3,1
2014544788514,2,9,0,3,0,1,0,0,0,0,2,1,2,2,59,9,998,1,6,8,1
2014544791714,1,9,0,18,0,8,0,0,0,0,1,1,1,2,31,6,1686,2,-1,-1,-1
2014544791714,2,9,0,18,0,8,0,0,0,0,4,1,2,1,22,5,2500,1,15,9,1
2014544796714,1,9,0,3,0,0,0,0,0,0,2,1,6,1,74,10,998,1,-1,-1,-1
2014544796714,2,19,0,3,0,0,0,0,0,0,2,1,6,1,28,6,1995,2,2,10,1