Accident_Index,Vehicle_Reference,Vehicle_Type,Towing_and_Articulation,Vehicle_Manoeuvre,Vehicle_Location-Restricted_Lane,Junction_Location,Skidding_and_Overturning,Hit_Object_in_Carriageway,Vehicle_Leaving_Carriageway,Hit_Object_off_Carriageway,1st_Point_of_Impact,Was_Vehicle_Left_Hand_Drive?,Journey_Purpose_of_Driver,Sex_of_Driver,Age_of_Driver,Age_Band_of_Driver,Engine_Capacity_(CC),Propulsion_Code,Age_of_Vehicle,Driver_IMD_Decile,Driver_Home_Area_Type
2014546805914,1,9,0,16,0,0,5,0,1,9,1,1,6,1,45,7,1600,1,15,9,2
2014546814214,1,9,0,13,0,0,0,0,7,9,1,1,6,2,33,6,1248,2,7,9,2
2014546814214,2,9,0,18,0,0,1,0,7,9,1,1,6,1,49,8,1560,2,7,7,3
2014546816514,1,9,0,17,0,0,1,0,1,4,1,1,6,1,22,5,2435,1,13,7,1
2014546818414,1,9,0,2,0,0,0,0,0,0,2,1,6,2,53,8,1840,1,13,8,1
2014546818414,2,21,1,18,0,0,0,0,0,0,1,1,1,1,51,8,11946,2,4,4,2
2014546831814,1,9,0,5,0,6,0,0,0,0,1,1,1,1,29,6,998,1,5,10,1
2014546831814,2,1,0,18,0,8,0,0,0,0,1,1,6,2,19,4,-1,-1,-1,4,1
2014546835714,1,9,0,12,0,0,1,0,0,0,3,1,1,1,25,5,1582,2,-1,-1,-1
2014546835714,2,9,0,13,0,0,1,0,4,6,4,1,1,1,46,8,1560,2,1,10,1
2014546835814,1,19,0,18,0,8,0,0,0,0,1,1,1,1,63,9,1686,2,14,5,1
2014546835814,2,1,0,9,0,6,0,0,0,0,3,1,2,2,50,8,-1,-1,-1,7,1
2014546850814,1,9,0,9,0,5,0,0,0,0,1,1,6,1,55,8,1242,1,9,-1,1
2014546850814,2,9,0,18,0,8,0,0,0,0,1,1,6,2,35,6,1997,2,9,4,2
2014546854614,1,8,0,9,0,6,0,0,0,0,3,1,1,1,43,7,1598,2,3,8,3
2014546854614,2,19,0,16,0,8,1,0,0,0,1,1,6,1,53,8,1997,2,8,4,1
2014546860214,1,3,0,18,0,0,1,0,1,10,3,1,6,1,23,5,124,1,10,3,1
2014546880814,1,9,0,18,0,0,1,4,0,0,1,1,6,2,51,8,1242,1,14,-1,1
2014546880814,2,20,0,2,0,0,0,0,0,0,2,1,6,1,28,6,11946,2,17,9,3
2014546880814,3,9,0,12,0,0,0,0,0,0,0,1,6,3,-1,-1,-1,-1,-1,-1,-1
2014546881014,1,9,0,4,0,0,0,0,0,0,1,1,1,2,24,5,1968,2,6,8,3
2014546881014,2,9,0,3,0,0,0,0,0,0,2,1,6,1,55,8,1999,1,11,6,1
2014546885114,1,19,0,18,0,6,1,0,7,1,4,1,1,1,27,6,2143,2,2,-1,-1
2014546885114,2,19,0,18,0,8,1,0,0,0,1,1,1,1,22,5,1598,1,14,9,1
2014546887614,1,9,0,6,0,5,0,0,0,0,3,1,6,2,36,7,1242,1,-1,8,3
2014546887614,2,5,0,13,0,8,0,0,0,0,1,1,2,1,38,7,599,1,13,5,2
2014546894914,1,19,0,18,0,0,0,0,0,0,1,1,6,1,23,5,1753,2,13,8,3
2014546894914,2,19,0,4,0,0,0,0,0,0,2,1,6,1,29,6,2402,2,11,8,2
2014546902114,1,9,0,18,0,0,0,0,0,0,3,1,2,2,22,5,599,1,12,3,1
2014546902114,2,1,0,18,0,0,0,0,0,0,1,1,6,1,7,2,-1,-1,-1,3,1
2014546906114,1,9,0,18,0,4,0,0,0,0,3,1,2,1,23,5,1390,1,13,6,3
2014546906114,2,1,0,18,0,8,0,0,0,0,4,1,2,1,28,6,-1,-1,-1,5,3
2014546907314,1,1,0,18,0,0,0,0,0,0,4,1,6,2,42,7,-1,-1,-1,10,1
2014546914914,1,9,0,18,0,8,2,0,1,9,1,1,6,1,27,6,1391,1,13,4,2
2014546914914,2,9,0,12,0,7,0,0,0,0,0,1,6,3,-1,-1,-1,-1,-1,-1,-1
2014546942214,1,9,0,18,0,8,0,0,0,0,1,1,6,1,66,10,1910,2,8,5,1
2014546942214,2,9,0,5,0,6,0,0,0,0,3,1,6,2,44,7,2198,1,8,2,1
2014546942814,1,19,0,18,0,1,0,0,0,0,1,1,1,1,48,8,2143,2,5,10,1
2014546942814,2,9,0,3,0,1,0,0,0,0,2,1,2,1,31,6,1229,1,9,6,1
2014546942814,3,21,0,3,0,1,0,0,0,0,2,1,1,1,52,8,9290,2,3,4,1
2014546966114,1,9,0,17,0,0,1,0,7,11,3,1,2,1,22,5,1896,2,10,7,3
2014546966114,2,9,0,18,0,0,0,0,0,0,1,1,6,2,69,10,1242,1,6,7,3
2014546968714,1,9,0,9,0,5,1,10,1,1,1,1,6,1,54,8,2967,2,2,8,3
2014546969314,1,9,0,18,0,1,1,0,1,4,3,1,6,2,20,4,1124,1,12,4,1
2014546970414,1,9,0,16,0,0,2,0,0,0,1,1,2,1,43,7,1206,1,5,3,1
2014546978614,1,9,0,9,0,6,0,0,0,0,1,1,6,2,23,5,1299,1,13,8,1
2014546978614,2,19,0,18,0,8,0,0,0,0,1,1,1,1,50,8,1995,2,3,2,1
2014546982414,1,9,0,18,0,8,0,0,0,0,1,1,6,1,40,7,1397,1,15,10,1
2014546982414,2,9,0,9,0,5,0,0,0,0,4,1,6,2,42,7,2000,1,7,8,3
2014546987514,1,9,0,4,0,0,1,0,0,0,1,1,6,2,33,6,1910,2,8,9,1
2014546987514,2,9,0,4,0,0,0,0,0,0,2,1,6,1,31,6,1242,1,9,10,1
2014546988414,1,9,0,18,0,2,0,0,0,0,4,1,6,1,26,6,1995,1,13,3,1
2014546993214,1,3,0,17,0,8,1,0,0,0,3,1,6,2,18,4,-1,-1,-1,2,1
2014546995214,1,9,0,17,0,0,1,0,0,0,1,1,6,1,26,6,1951,2,13,-1,1
2014546995214,2,9,0,18,0,0,0,0,1,11,1,1,6,2,46,8,1598,1,3,6,1
2014547009114,1,9,0,18,0,0,0,4,0,0,1,1,6,1,42,7,1598,1,11,-1,1
2014547009114,2,9,0,18,0,0,1,0,4,6,1,1,6,2,37,7,1598,1,4,-1,1
2014547009114,3,9,0,2,0,0,0,0,0,0,2,1,6,1,35,6,1590,1,16,9,3
2014547013714,1,9,0,18,0,8,0,0,0,0,1,1,2,1,55,8,1398,1,13,5,1
2014547013714,2,9,0,4,0,8,0,0,0,0,2,1,2,2,29,6,1896,2,11,3,1
2014547013814,1,3,0,18,0,0,0,0,0,0,3,1,2,1,19,4,125,1,2,7,3
2014547016614,1,9,0,18,0,0,5,0,1,11,1,1,6,2,20,4,1242,1,3,8,1
2014547021614,1,9,0,18,0,8,0,4,0,0,1,1,6,2,28,6,1461,2,-1,4,1
2014547021614,2,9,0,2,0,8,0,0,1,0,2,1,6,3,-1,-1,3200,2,10,-1,-1
2014547024814,1,9,0,16,0,0,1,0,5,6,3,1,2,1,35,6,1598,1,14,5,1
2014547046314,1,9,0,3,0,1,0,0,0,0,2,1,6,2,51,8,1596,1,9,6,1
2014547046314,2,9,0,5,0,1,0,0,0,0,1,1,6,1,20,4,1400,1,14,5,1
2014547047814,1,9,0,17,0,0,0,0,7,3,1,1,6,2,63,9,1598,2,1,5,3
2014547052214,1,1,0,9,0,5,0,0,0,0,3,1,6,1,17,4,-1,-1,-1,8,1
2014547052214,2,9,0,13,0,8,0,0,0,0,4,1,6,1,18,4,1587,1,15,3,1
2014547060314,1,9,0,16,0,2,2,0,7,10,1,1,6,1,17,4,1149,1,7,8,1
2014547063014,1,4,0,13,0,0,0,0,7,0,4,1,6,1,23,5,498,1,14,9,3
2014547063014,2,9,0,17,0,0,0,0,0,0,3,1,6,1,24,5,1994,1,15,1,1
2014547063014,3,19,0,16,0,0,0,0,0,0,3,1,6,1,28,6,2198,2,-1,8,2
2014547069614,1,9,0,18,0,2,0,0,0,0,1,1,6,2,55,8,999,1,1,10,1
2014547069614,2,9,0,3,0,2,0,0,0,0,2,1,6,1,35,6,1390,1,1,-1,2
2014547069614,3,9,0,3,0,2,0,0,0,0,2,1,6,2,32,6,2199,2,5,-1,2
2014547071814,1,9,0,18,0,2,0,0,0,0,1,1,6,3,-1,-1,-1,-1,-1,-1,-1
2014547074014,1,9,0,18,0,8,0,0,4,6,1,1,1,2,35,6,2996,2,15,8,3
2014547074014,2,9,0,18,0,8,0,0,4,6,1,1,6,2,40,7,1968,2,8,-1,1
2014547074014,3,21,0,18,0,8,0,0,0,0,3,1,1,1,61,9,9200,2,5,3,1
2014547074714,1,20,2,17,0,0,0,0,0,0,3,1,1,1,-1,-1,-1,-1,-1,-1,-1
2014547074714,2,11,0,16,0,0,0,0,0,0,3,1,1,1,55,8,-1,2,20,6,1
2014547088114,1,9,0,18,0,0,0,0,0,0,1,1,6,1,18,4,1199,1,12,10,1
2014547088114,2,9,0,4,0,0,0,0,0,0,2,1,6,1,39,7,1910,2,7,-1,1
2014547107414,1,9,0,13,0,0,1,0,0,0,1,1,2,1,31,6,1998,1,19,6,1
2014547107414,2,9,0,18,0,0,0,0,0,0,1,1,2,1,55,8,1968,2,2,8,1
2014547117314,1,19,0,16,0,8,1,0,0,0,1,1,6,1,20,4,1686,2,8,-1,1
2014547117314,2,9,0,17,0,8,1,0,0,0,1,1,6,1,79,11,-1,-1,-1,7,3
2014547124314,1,9,0,17,0,0,5,10,0,0,1,1,6,2,19,4,1149,1,11,9,2
2014547140614,1,9,0,9,0,5,0,0,0,0,3,1,6,1,22,5,996,1,2,10,2
2014547176514,1,1,0,18,0,0,0,0,0,0,3,1,6,1,20,4,-1,-1,-1,4,2
2014547176514,2,9,0,13,0,0,0,0,0,0,4,1,6,3,-1,-1,-1,-1,-1,-1,-1
2014547185114,1,9,0,16,0,0,5,0,1,11,1,1,6,1,34,6,1596,1,12,6,1
2014547186714,1,9,0,17,0,0,1,0,8,4,1,1,6,2,45,7,998,1,3,3,1
2014547186714,2,9,0,16,0,0,0,0,0,0,4,1,6,1,46,8,1896,2,4,8,1
2014547188614,1,9,0,3,0,0,0,0,0,0,2,1,6,1,44,7,1896,2,9,7,1
2014547188614,2,9,0,3,0,0,0,0,0,0,2,1,6,2,48,8,2993,2,2,10,3
2014547188614,3,21,1,4,0,0,0,0,0,0,1,1,1,1,24,5,10837,2,2,-1,3
2014547191314,1,9,0,18,0,0,0,0,0,0,3,1,2,1,46,8,1968,2,-1,10,1
2014547191314,2,9,0,13,0,0,0,0,1,0,4,1,6,1,71,10,1997,2,14,9,1
2014547195614,1,3,0,17,0,0,0,10,1,0,4,1,6,2,21,5,124,1,20,10,1
2014547202414,1,9,0,18,0,0,1,0,0,0,1,1,6,1,68,10,1598,1,9,2,1
2014547202414,2,9,0,3,0,0,0,0,0,0,2,1,6,1,53,8,1997,2,3,6,1
2014547202414,3,9,0,3,0,0,0,0,0,0,2,1,6,1,51,8,2184,2,5,-1,-1
2014547202414,4,9,0,3,0,0,0,0,0,0,2,1,6,1,34,6,1997,2,4,10,1
2014547203114,1,20,0,9,7,0,0,0,0,0,3,1,1,1,41,7,2977,2,9,5,1
2014547203114,2,5,0,13,0,0,1,0,7,9,4,1,6,1,28,6,599,1,4,10,3
2014547203414,1,19,0,16,0,0,5,0,7,9,1,1,2,1,78,11,1686,2,12,8,1
2014547203814,1,9,0,3,0,2,0,0,0,0,2,1,2,2,21,5,1360,1,7,9,3
2014547203814,2,9,0,4,0,2,0,0,0,0,1,1,2,2,19,4,1360,1,13,10,1
2014547205114,1,9,0,18,0,0,1,0,5,6,1,1,2,1,30,6,1796,1,13,-1,1
2014547205114,2,21,1,18,0,0,0,0,0,0,3,1,1,1,-1,-1,11946,2,6,7,1
2014547205114,3,9,0,18,0,0,0,0,0,0,1,1,2,1,53,8,2993,2,3,-1,1
2014547219714,1,9,0,18,0,0,0,0,4,6,1,1,6,1,64,9,1998,2,8,9,3
2014547229814,1,9,0,18,0,2,0,7,0,0,1,1,6,1,-1,-1,973,1,12,-1,-1
2014547229814,2,9,0,3,0,2,0,0,0,0,2,1,6,2,61,9,1390,1,2,7,1
2014547230414,1,9,0,13,0,8,0,0,7,0,1,1,6,1,61,9,3189,1,9,7,1
2014547230414,2,17,4,9,0,5,0,0,7,0,3,1,1,1,26,6,-1,2,4,9,1
2014547236914,1,8,0,9,0,6,0,0,3,10,3,1,1,1,36,7,1968,2,7,5,1
2014547236914,2,9,0,18,0,8,0,0,0,0,1,1,6,1,20,4,1796,1,8,9,1
2014547254314,1,9,0,18,0,0,0,0,0,0,3,1,6,1,49,8,1360,1,14,-1,2
2014547254314,2,9,0,18,0,0,0,0,0,0,3,1,6,1,18,4,1248,2,6,7,1
2014547255914,1,9,0,18,0,0,0,4,0,0,3,1,6,2,28,6,1360,1,11,-1,1
2014547255914,2,9,0,2,6,0,0,0,0,0,3,1,6,2,57,9,1389,1,13,9,3
2014547277714,1,19,0,18,0,8,0,0,0,0,1,1,1,1,24,5,2198,2,4,5,1
2014547277714,2,9,0,9,0,8,0,0,0,0,3,1,6,2,65,9,1242,1,11,7,3
2014547277814,1,9,0,18,0,0,2,0,7,10,1,1,6,2,18,4,1598,1,6,6,2
2014547279414,1,9,0,4,0,8,0,0,0,0,1,1,6,1,30,6,1596,1,12,3,1
2014547279414,2,1,0,18,0,6,0,0,0,0,4,1,6,1,6,2,-1,-1,-1,-1,1
2014547280214,1,9,0,18,0,6,0,0,1,9,1,1,6,2,73,10,998,1,7,8,2
2014547280214,2,9,0,18,0,8,0,0,1,0,1,1,6,1,42,7,1968,2,-1,2,3
2014547280214,3,9,0,3,0,1,0,0,0,0,1,1,6,1,48,8,1422,2,12,5,1
2014547307814,1,9,0,5,0,6,0,0,0,0,0,1,6,1,54,8,4164,2,16,-1,1
2014547307814,2,9,0,18,0,8,0,0,0,0,3,1,6,1,41,7,1298,1,13,5,3
2014547307814,3,8,0,18,0,8,0,0,0,0,3,1,1,1,25,5,-1,-1,-1,-1,-1
2014547309114,1,11,0,18,0,0,0,0,0,0,1,1,1,1,24,5,6300,2,7,3,1
2014547309114,2,9,0,3,0,0,0,0,0,0,2,1,6,2,57,9,1360,1,10,6,1
2014547310214,1,9,0,16,0,0,1,0,0,0,1,1,2,1,37,7,1679,1,16,5,1
2014547310214,2,9,0,17,0,0,0,0,0,0,1,1,2,2,49,8,1910,2,4,10,1
2014547311114,1,9,0,16,0,0,2,0,1,2,3,1,6,1,21,5,1781,1,17,1,1
2014547315314,1,9,0,18,0,0,2,0,6,6,1,1,2,1,21,5,1199,1,12,2,1
2014547315314,2,9,0,18,0,0,0,0,0,0,1,1,6,2,63,9,1590,1,11,10,1
2014547324214,1,9,0,18,0,0,0,0,0,0,1,1,2,1,22,5,1198,1,10,4,1
2014547324214,2,9,0,14,0,0,0,0,0,0,1,1,6,2,20,4,1390,1,4,9,1
2014547324614,1,9,0,3,0,1,0,0,0,0,2,1,6,2,43,7,2993,2,1,8,3
2014547324614,2,11,0,4,0,1,0,0,0,0,1,1,1,1,52,8,4461,2,1,5,3
2014547329714,1,9,0,9,0,5,0,0,0,0,3,1,2,2,60,9,1596,1,7,10,2
2014547329714,2,5,0,13,0,8,0,0,0,0,4,1,6,1,69,10,996,1,11,10,2
2014547338514,1,19,0,5,0,0,0,5,0,0,1,1,6,1,59,9,2198,2,1,4,1
2014547340214,1,19,0,4,0,0,1,0,0,0,4,1,6,1,42,7,2496,2,16,4,1
2014547340214,2,9,0,4,0,0,0,0,0,0,2,1,6,2,37,7,1339,8,7,4,1
2014547345614,1,9,0,9,0,6,0,0,0,0,4,1,6,2,47,8,-1,-1,-1,9,1
2014547345614,2,9,0,18,0,8,0,0,0,0,1,1,6,1,-1,-1,1198,1,5,8,1
2014547366714,1,9,0,18,0,8,1,0,0,0,1,1,6,1,70,10,1798,1,-1,10,1
2014547366714,2,9,0,18,0,8,0,0,0,0,1,1,6,1,56,9,1598,1,-1,10,1
2014547366714,3,9,0,9,0,5,0,7,0,0,4,1,6,1,22,5,1796,1,6,7,2
2014547381414,1,8,0,7,0,6,0,0,0,0,0,1,1,1,42,7,1968,2,8,8,2
2014547381414,2,9,0,18,0,8,0,0,1,11,1,1,6,1,20,4,1242,1,15,10,3
2014547386314,1,9,0,18,0,4,0,0,0,0,1,1,2,2,25,5,1796,1,7,-1,1
2014547386314,2,1,0,18,0,8,0,0,0,0,4,1,2,1,43,7,-1,-1,-1,5,1
2014547389514,1,9,0,18,0,0,0,4,0,0,1,1,6,1,57,9,1124,1,16,7,1
2014547389514,2,9,0,2,0,0,0,0,0,0,2,1,6,1,42,7,2496,2,10,3,1
2014547407914,1,3,0,18,0,0,0,0,0,0,3,1,6,1,40,7,125,1,3,6,2
2014547407914,2,9,0,14,0,0,0,0,0,0,3,1,6,1,73,10,-1,-1,-1,8,1
2014547412814,1,9,0,2,0,0,0,0,0,0,4,1,6,1,31,6,1398,2,-1,2,1
2014547412814,2,9,0,2,0,0,0,0,0,0,3,1,6,2,56,9,1124,1,11,1,1
2014547412814,3,9,0,2,0,0,0,0,0,0,3,1,6,1,53,8,2792,1,14,1,1
2014547412814,4,9,0,18,0,0,0,4,0,0,1,1,6,2,24,5,973,1,15,-1,1
2014547423714,1,9,0,16,0,0,5,0,7,2,1,1,6,1,25,5,1248,2,8,6,3
2014547429714,1,5,0,18,0,0,0,0,0,0,1,1,6,1,24,5,883,1,-1,7,1
2014547440014,1,9,0,17,0,1,0,0,0,0,1,1,6,1,57,9,-1,-1,-1,4,1
2014547440014,2,1,0,3,0,1,0,0,0,0,2,1,6,2,40,7,-1,-1,-1,7,1
2014547453814,1,9,0,9,0,5,0,0,0,0,4,1,6,1,47,8,-1,-1,-1,-1,-1
2014547453814,2,9,4,18,0,8,1,0,0,0,1,1,1,1,43,7,2720,2,7,10,3
2014547465414,1,9,0,17,0,8,1,0,2,2,4,1,6,1,31,6,2496,1,11,2,1
2014547474814,1,5,0,16,0,0,1,0,0,0,1,1,6,1,22,5,599,1,3,9,2
2014547474814,2,9,0,16,0,0,0,0,0,0,2,1,6,1,35,6,1995,2,4,10,2
2014547474814,3,19,0,17,0,0,0,0,0,0,1,1,6,1,24,5,1998,2,12,4,1
2014547486614,1,9,0,18,0,1,0,0,0,0,1,1,6,3,-1,-1,-1,-1,-1,-1,-1
2014547486614,2,9,0,3,0,1,0,0,0,0,2,1,6,2,43,7,1242,1,9,8,1
2014547491214,1,9,0,13,0,0,1,0,1,0,3,1,6,2,33,6,2171,2,11,9,2
2014547491214,2,9,0,16,0,0,0,0,0,0,3,1,6,1,68,10,1997,2,10,7,2
2014547495814,1,9,0,4,0,1,0,0,0,0,2,1,2,1,46,8,1598,1,7,4,1
2014547495814,2,9,0,18,0,1,0,0,0,0,1,1,2,1,29,6,1299,1,14,4,1
2014547503214,1,9,0,17,0,8,0,0,0,0,1,1,1,2,60,9,1896,2,9,3,1
2014547506614,1,8,0,1,0,2,0,0,0,0,0,1,1,2,48,8,1997,2,5,5,2
2014547511814,1,4,0,13,0,8,0,0,0,0,0,1,6,3,-1,-1,-1,-1,-1,-1,-1
2014547511814,2,11,0,18,0,8,0,0,0,0,0,1,1,1,49,8,4250,2,10,1,1
2014547514614,1,9,0,18,0,0,0,0,0,0,1,1,1,1,51,8,2663,2,19,10,1
2014547514614,2,19,0,3,0,0,0,0,0,0,2,1,1,1,26,6,2402,2,3,1,1
2014547514614,3,9,0,3,0,0,0,0,0,0,2,1,1,1,41,7,2198,2,1,6,2
2014547517714,1,20,0,18,0,0,0,0,0,0,1,1,1,1,48,8,9365,2,5,4,2
2014547517714,2,19,0,4,0,0,0,0,0,0,2,1,1,1,35,6,2198,2,6,10,1
2014547517714,3,9,0,3,0,0,0,0,0,0,2,1,6,2,19,4,1388,1,10,10,1
2014547517714,4,9,0,3,0,0,0,0,0,0,2,1,6,2,24,5,1598,1,10,-1,1
2014547524414,1,21,0,18,0,1,0,0,7,4,1,1,1,1,51,8,4461,2,2,-1,1
2014547524414,2,9,0,9,0,1,5,0,7,11,2,1,1,1,59,9,2494,2,8,8,3
2014547526314,1,19,0,16,0,2,0,11,0,0,0,1,6,3,-1,-1,-1,-1,-1,-1,-1
2014547526314,2,3,0,16,0,2,1,11,8,7,3,1,6,1,20,4,124,1,2,7,2
2014547527314,1,9,0,17,0,0,0,0,1,0,3,1,2,1,28,6,2993,2,6,3,1
2014547527314,2,9,0,18,0,0,1,0,1,0,3,1,2,2,34,6,1399,2,11,9,2
2014547551814,1,9,0,5,0,0,0,0,0,0,1,1,6,2,37,7,1951,2,12,7,2
2014547551814,2,9,0,3,0,0,0,0,0,0,2,1,6,1,-1,-1,1984,1,17,8,1
2014547561414,1,19,0,7,0,5,0,0,0,0,4,1,6,1,53,8,1248,2,6,5,1
2014547561414,2,1,0,18,4,8,0,0,0,0,1,1,2,1,52,8,-1,-1,-1,5,1
2014547566214,1,9,0,4,0,0,0,0,1,0,1,1,2,1,37,7,1997,2,7,-1,2
2014547566214,2,9,0,3,0,0,0,0,5,6,2,1,2,2,37,7,2204,2,8,-1,1
2014547573114,1,19,0,18,0,0,2,10,1,0,4,1,1,1,22,5,1560,2,3,9,3
2014547579614,1,9,0,12,0,0,0,0,0,0,0,1,6,1,51,8,1598,2,-1,10,3
2014547579614,2,9,0,18,0,0,0,0,5,1,3,1,6,2,64,9,1086,1,7,9,3
2014547623314,1,9,0,18,0,0,0,0,1,0,1,1,6,2,47,8,1086,1,10,2,1
2014547623314,2,9,0,3,0,0,0,0,0,0,2,1,6,1,37,7,1968,2,7,9,3
2014547623314,3,9,0,3,0,0,0,0,0,0,2,1,6,2,42,7,1796,1,-1,9,3
2014547631514,1,5,0,15,0,0,0,0,1,7,3,1,6,1,21,5,650,1,17,8,1
2014547631514,2,9,0,18,0,0,0,0,0,0,4,1,6,2,31,6,1598,2,5,-1,1
2014547632914,1,9,0,9,0,5,0,0,0,0,4,1,6,2,21,5,1584,1,8,5,1
2014547632914,2,9,0,18,0,8,0,0,0,0,1,1,6,1,57,9,3498,1,8,8,3
2014547634514,1,9,0,13,0,8,1,0,1,10,4,1,2,1,38,7,1753,2,5,8,1
2014547634514,2,17,4,9,0,5,0,0,0,0,3,1,1,1,19,4,-1,2,2,7,3
2014547645614,1,9,0,5,0,4,0,0,0,0,1,1,6,1,75,10,1798,1,3,10,2
2014547645614,2,1,0,18,0,8,0,0,0,0,2,1,2,1,44,7,-1,-1,-1,2,1
2014547659714,1,9,0,5,0,6,0,0,0,0,1,1,6,1,29,6,1560,2,5,8,3
2014547659714,2,3,0,18,0,8,1,0,0,0,1,1,6,1,47,8,124,1,12,5,1
2014547661314,1,20,0,18,0,0,0,0,0,0,1,1,6,1,21,5,-1,-1,-1,4,1
2014547661314,2,9,0,4,0,0,0,0,1,0,2,1,6,1,62,9,1968,2,4,10,1
2014547662114,1,5,0,4,0,0,1,0,0,0,4,1,6,1,68,10,999,1,9,9,1
2014547662114,2,9,0,18,0,0,0,0,0,0,0,1,1,1,33,6,2993,2,2,-1,-1
2014547662114,3,5,0,4,0,0,0,0,0,0,0,1,6,2,63,9,-1,-1,-1,9,1
2014547662814,1,9,0,5,0,1,0,0,0,0,1,1,6,2,55,8,1997,2,10,6,3
2014547662814,2,5,0,18,0,2,0,0,0,0,1,1,6,1,46,8,1165,1,10,10,2
2014547663814,1,9,0,17,0,0,2,0,1,11,4,1,6,1,17,4,1229,1,3,9,1
2014547664014,1,9,0,18,0,8,0,4,0,0,1,1,6,2,21,5,1124,1,12,5,2
2014547664014,2,9,0,18,0,8,0,0,1,1,3,1,6,1,22,5,1242,1,4,6,3
2014547664014,3,9,0,2,0,8,0,0,0,0,3,1,6,2,-1,-1,1598,1,1,6,3
2014547664014,4,9,0,2,0,8,0,0,0,0,4,1,6,1,50,8,1368,1,-1,6,3
2014547691314,1,3,0,17,0,8,1,0,0,0,3,1,2,1,29,6,125,1,-1,5,3
2014547694714,1,9,0,3,0,1,0,0,0,0,2,1,6,2,29,6,1198,1,6,9,1
2014547694714,2,19,0,18,0,1,0,0,0,0,1,1,6,2,47,8,1753,2,1,4,1
2014547695814,1,9,0,18,0,1,0,0,0,0,1,1,6,2,58,9,1339,1,9,6,1
2014547695814,2,9,0,3,0,1,0,0,0,0,2,1,6,2,71,10,1200,1,2,8,3
2014547695814,3,9,0,10,0,1,0,0,0,0,0,1,6,2,32,6,1896,2,8,6,3
2014547695814,4,9,0,10,0,8,0,0,0,0,0,1,6,1,56,9,1364,1,1,7,1
2014547697414,1,9,0,18,0,0,1,0,0,0,1,1,6,1,63,9,1998,1,5,7,1
2014547702114,1,9,0,9,0,8,0,0,0,0,1,1,6,1,21,5,1597,1,18,7,2
2014547702114,2,9,0,18,0,8,0,0,0,0,1,1,6,2,56,9,1108,1,12,8,2
2014547702414,1,9,0,6,0,0,0,0,1,4,3,1,6,1,48,8,1582,2,-1,-1,1
2014547702414,2,9,0,18,0,0,1,0,7,7,4,1,6,2,58,9,998,1,1,8,1
2014547704114,1,9,0,16,0,0,0,0,0,0,1,1,6,1,20,4,1598,1,13,10,3
2014547704114,2,9,0,17,0,0,0,0,0,0,1,1,6,2,29,6,1896,2,9,9,2
2014547705914,1,9,0,18,0,6,0,0,1,0,3,1,6,2,19,4,1598,2,1,8,1
2014547705914,2,9,0,18,0,8,0,0,7,0,1,1,6,1,22,5,1199,1,10,10,1
2014547721114,1,9,0,6,0,0,0,0,0,0,1,1,6,1,19,4,1910,2,4,-1,1
2014547721114,2,3,0,18,0,0,1,0,1,0,1,1,6,1,24,5,125,1,8,10,1
2014547726714,1,9,0,18,0,2,0,0,0,0,1,1,6,2,59,9,1397,1,12,7,1
2014547726714,2,9,0,18,0,2,0,0,0,0,1,1,6,1,90,11,1197,1,1,9,1
2014547726714,3,9,0,3,0,2,0,0,0,0,2,1,6,1,24,5,1968,2,6,7,2
2014547726714,4,9,0,3,0,2,0,0,0,0,2,1,6,1,-1,-1,1560,2,3,5,3
2014547729614,1,9,0,18,0,8,0,0,7,0,1,1,6,1,19,4,1349,1,1,10,1
2014547729614,2,9,0,10,0,8,0,0,0,0,2,1,6,2,-1,-1,1798,1,8,9,2
2014547729614,3,9,0,18,0,1,0,0,0,0,1,1,6,2,59,9,1984,1,3,10,1
2014547733314,1,9,0,18,0,0,0,0,1,4,1,1,6,1,44,7,2498,1,18,3,1
2014547733314,2,17,4,18,0,0,0,0,0,0,3,1,1,1,42,7,-1,2,2,7,3
2014547759214,1,9,0,18,0,1,1,0,1,9,3,1,2,2,25,5,1598,1,9,5,1
2014547759214,2,19,0,3,0,1,0,0,0,0,2,1,1,1,53,8,1248,2,1,4,1
2014547759214,3,9,4,9,0,5,0,0,0,0,0,1,1,1,26,6,2494,2,4,9,3
2014547768314,1,9,0,18,0,8,0,0,0,0,4,1,2,1,38,7,1896,2,12,-1,1
2014547768314,2,9,0,18,0,8,0,0,0,0,1,1,2,1,40,7,1799,1,7,5,1
2014547778314,1,9,0,16,0,0,2,0,8,4,3,1,2,2,19,4,998,1,11,8,3
2014547780514,1,9,0,16,0,0,1,0,0,0,1,1,2,1,29,6,1598,1,14,10,1
2014547780514,2,9,0,17,0,0,5,0,1,9,3,1,6,1,58,9,1896,2,13,8,3