Accident_Index,Vehicle_Reference,Vehicle_Type,Towing_and_Articulation,Vehicle_Manoeuvre,Vehicle_Location-Restricted_Lane,Junction_Location,Skidding_and_Overturning,Hit_Object_in_Carriageway,Vehicle_Leaving_Carriageway,Hit_Object_off_Carriageway,1st_Point_of_Impact,Was_Vehicle_Left_Hand_Drive?,Journey_Purpose_of_Driver,Sex_of_Driver,Age_of_Driver,Age_Band_of_Driver,Engine_Capacity_(CC),Propulsion_Code,Age_of_Vehicle,Driver_IMD_Decile,Driver_Home_Area_Type
2014547781214,1,9,0,9,0,5,0,0,7,4,1,1,6,2,42,7,995,1,9,6,1
2014547786614,1,19,0,4,0,2,0,0,0,0,2,1,1,1,20,4,2198,2,6,9,1
2014547786614,2,1,0,18,0,2,0,0,0,0,1,1,6,1,35,6,-1,-1,-1,2,1
2014547791014,1,9,0,12,0,0,0,0,4,6,3,1,6,1,18,4,1149,1,12,8,3
2014547791014,2,9,0,18,0,0,1,0,1,4,4,1,1,1,44,7,1995,2,3,5,1
2014547793414,1,9,0,9,0,6,0,0,0,0,1,1,6,1,30,6,1997,1,1,5,1
2014547793414,2,9,0,18,0,8,0,0,0,0,4,1,6,2,70,10,1240,1,9,7,1
2014547793514,1,19,0,5,0,6,0,0,0,0,3,1,1,1,27,6,2148,2,7,6,1
2014547793514,2,1,0,18,0,8,0,0,0,0,1,1,6,1,34,6,-1,-1,-1,7,2
2014547798514,1,9,0,4,0,0,0,0,0,0,2,1,6,1,57,9,1360,1,9,-1,1
2014547798514,2,9,0,18,0,0,0,0,0,0,1,1,2,1,54,8,2496,1,11,6,3
2014547798514,3,9,0,18,0,0,0,0,0,0,1,1,6,2,30,6,998,1,1,6,2
2014547798514,4,9,0,18,0,0,0,0,0,0,1,1,6,1,39,7,1896,2,12,-1,1
2014547812414,1,19,0,1,0,6,0,0,0,0,2,1,1,1,49,8,1870,2,11,9,3
2014547825114,1,9,0,5,0,8,0,0,0,0,4,1,2,2,21,5,1461,2,4,6,2
2014547825114,2,1,0,5,0,8,0,0,0,0,3,1,6,2,49,8,-1,-1,-1,5,1
2014547832014,1,9,0,18,0,0,0,0,0,0,3,1,6,2,30,6,1968,2,7,6,3
2014547838814,1,9,0,18,0,0,0,0,0,0,1,1,6,1,27,6,2997,2,20,2,1
2014547842514,1,9,0,17,0,8,0,0,1,3,4,1,6,1,82,11,1329,1,5,7,1
2014547842514,2,9,0,18,0,6,0,0,0,0,4,1,6,2,79,11,1598,2,3,6,3
2014547842714,1,9,0,5,0,0,0,0,0,0,0,1,6,1,59,9,1685,2,1,10,2
2014547842714,2,1,0,18,0,0,1,0,1,0,2,1,6,1,37,7,-1,-1,-1,5,3
2014547842714,3,1,0,18,0,0,1,0,1,0,1,1,6,2,36,7,-1,-1,-1,10,3
2014547842714,4,1,0,18,0,0,1,0,1,0,1,1,6,1,53,8,-1,-1,-1,8,3
2014547850114,1,9,0,18,0,0,0,0,0,0,1,1,6,1,89,11,1332,1,16,9,2
2014547850114,2,9,0,3,0,0,0,0,0,0,2,1,6,1,51,8,-1,-1,-1,4,1
2014547852814,1,5,0,11,0,3,0,10,1,0,4,1,6,1,49,8,919,1,11,9,2
2014547852814,2,9,0,17,0,8,0,0,0,0,3,1,6,1,34,6,1896,2,10,6,1
2014547860714,1,9,0,17,0,0,0,4,0,0,1,1,6,1,29,6,1796,1,10,4,1
2014547860714,2,9,0,2,0,0,0,0,0,0,1,1,6,1,49,8,1991,2,8,-1,1
2014547860714,3,9,0,2,0,0,0,0,0,0,1,1,6,2,27,6,1242,1,12,-1,1
2014547860714,4,9,0,17,0,0,0,0,0,0,0,1,1,1,29,6,2231,2,1,-1,-1
2014547871514,1,9,0,9,0,6,0,0,0,0,3,1,6,2,75,10,1596,1,10,8,3
2014547871514,2,5,0,18,0,8,0,0,0,0,1,1,6,1,23,5,645,1,2,3,2
2014547872614,1,9,0,9,0,5,1,0,0,0,0,1,6,1,45,7,2148,2,5,9,2
2014547872614,2,9,0,4,0,8,1,0,0,0,2,1,6,1,40,7,1984,1,8,10,2
2014547872614,3,9,0,18,0,8,1,0,0,0,1,1,6,1,32,6,1995,1,9,8,3
2014547872614,4,9,0,18,0,8,1,0,0,0,1,1,6,1,31,6,2926,2,12,10,1
2014547877414,1,19,0,18,0,0,0,0,0,0,1,1,1,1,37,7,1995,2,-1,10,1
2014547877414,2,9,0,3,0,0,0,0,0,0,2,1,2,1,27,6,1360,1,9,6,1
2014547889914,1,9,0,2,0,0,0,0,0,0,0,1,6,1,51,8,2495,2,14,6,3
2014547889914,2,9,0,4,0,0,0,0,0,0,2,1,6,1,46,8,1560,2,9,7,2
2014547889914,3,9,0,18,0,0,1,0,0,0,1,1,6,2,51,8,1242,1,11,7,3
2014547895714,1,9,0,18,0,0,0,0,0,0,1,1,6,2,62,9,2993,2,3,7,2
2014547899714,1,5,0,9,0,6,1,10,1,0,4,1,6,1,53,8,649,1,5,-1,1
2014547925514,1,4,0,5,0,8,0,0,0,0,1,1,6,1,53,8,278,1,4,10,1
2014547925514,2,9,0,9,0,8,0,0,0,0,4,1,6,1,34,6,1399,2,5,2,1
2014547927814,1,19,0,18,0,0,0,0,4,6,1,1,1,1,24,5,2287,2,1,10,2
2014547927814,2,9,0,4,0,0,0,0,4,6,2,1,6,1,34,6,1997,2,14,10,1
2014547927814,3,9,0,4,0,0,0,0,0,0,2,1,6,1,22,5,1199,1,11,9,1
2014547927814,4,19,0,4,0,0,0,0,0,0,3,1,1,1,63,9,2198,2,3,10,1
2014547946514,1,9,0,18,0,0,1,0,0,0,1,1,6,1,25,5,1905,2,18,9,3
2014547946514,2,9,0,3,0,0,0,0,0,0,4,1,6,2,65,9,1995,2,9,-1,3
2014547946514,3,9,0,3,0,0,0,0,0,0,3,1,6,1,18,4,1686,2,5,8,3
2014547946514,4,9,0,3,0,0,0,0,0,0,4,1,6,1,42,7,1598,1,10,9,1
2014547946514,5,9,0,3,0,0,0,0,0,0,2,1,6,2,51,8,1299,1,8,8,1
2014547949214,1,9,0,13,0,0,2,0,7,11,1,1,6,1,32,6,1399,2,12,1,1
2014547949214,2,9,0,18,0,0,0,0,0,0,0,1,2,2,49,8,3222,2,11,6,3
2014547959714,1,9,0,9,0,6,0,0,0,0,1,1,6,2,39,7,1951,2,14,5,1
2014547959714,2,5,0,18,0,8,0,0,7,10,4,1,6,1,25,5,599,1,8,6,2
2014547963014,1,9,0,18,0,1,0,0,0,0,1,1,1,1,48,8,1986,2,9,10,1
2014547963014,2,9,0,3,0,1,0,0,0,0,2,1,6,2,41,7,1200,1,2,9,2
2014547963014,3,19,0,3,0,1,0,0,0,0,2,1,6,1,28,6,1870,2,9,5,1
2014547963014,4,9,0,10,0,1,0,0,0,0,2,1,1,2,22,5,1199,1,14,7,2
2014547984114,1,9,0,18,0,0,0,0,0,0,1,1,6,1,45,7,1995,2,4,7,1
2014547984114,2,21,1,18,0,0,0,0,0,0,2,1,1,1,63,9,12900,2,5,4,1
2014547993814,1,9,0,1,0,6,0,0,0,0,2,1,2,1,26,6,1587,1,8,6,1
2014548034314,1,9,0,18,0,0,0,0,4,0,1,1,6,1,19,4,1997,2,11,-1,1
2014548034314,2,9,0,4,0,0,0,0,0,0,2,1,6,1,37,7,1587,1,9,2,1
2014548039814,1,9,0,18,0,5,0,0,0,0,1,1,6,2,93,11,1364,1,10,9,3
2014548044314,1,9,0,18,0,0,0,0,0,0,4,1,6,2,32,6,1398,1,2,9,1
2014548044314,2,19,0,11,0,0,1,0,0,0,3,1,6,1,29,6,2198,2,2,7,3
2014548044314,3,9,0,18,0,0,1,12,0,0,1,1,6,1,56,9,1242,1,10,7,3
2014548051814,1,9,0,18,0,0,0,0,1,9,1,1,6,1,19,4,1248,2,1,10,2
2014548054014,1,9,0,18,0,0,0,0,1,10,4,1,6,2,53,8,3189,1,8,7,3
2014548059814,1,9,0,13,0,0,0,0,0,0,4,1,6,1,-1,-1,-1,-1,-1,-1,-1
2014548059814,2,1,0,18,0,0,0,0,0,0,3,1,6,1,27,6,-1,-1,-1,2,1
2014548062714,1,9,0,18,0,0,1,0,0,0,1,1,6,1,23,5,1597,1,21,-1,1
2014548062714,2,1,0,18,0,0,0,0,0,0,4,1,2,1,41,7,-1,-1,-1,5,1
2014548074314,1,9,0,9,0,5,0,0,0,0,1,1,6,1,21,5,1991,1,12,2,1
2014548074314,2,3,0,18,0,8,0,0,0,0,1,1,6,1,23,5,125,1,1,8,1
2014548076814,1,9,0,13,0,8,5,0,8,10,4,1,2,2,41,7,1968,2,6,8,1
2014548076814,2,9,0,9,0,5,0,0,0,0,3,1,6,1,63,9,1560,2,6,7,3
2014548093714,1,5,0,16,0,8,1,0,0,0,1,1,6,2,52,8,942,1,-1,8,1
2014548093714,2,9,0,17,0,8,0,0,0,0,1,1,6,1,79,11,1461,2,1,10,3
2014548093714,3,9,0,10,0,8,0,0,0,0,0,1,6,2,23,5,973,1,12,9,2
2014548095614,1,9,0,13,0,0,0,0,1,11,1,1,6,1,40,7,998,1,15,3,1
2014548095614,2,5,0,18,0,0,0,0,1,4,1,1,6,1,58,9,1099,1,4,6,3
2014548095614,3,19,0,18,0,0,0,0,0,0,0,1,6,1,48,8,1997,2,14,6,2
2014548096114,1,1,0,14,0,0,0,0,0,0,3,1,6,1,73,10,-1,-1,-1,4,1
2014548096114,2,9,0,13,0,0,0,0,0,0,4,1,6,2,68,10,998,1,14,7,3
2014548097314,1,5,0,18,0,8,0,0,0,0,1,1,6,1,25,5,885,1,17,9,3
2014548097314,2,9,0,9,0,6,0,0,0,0,1,1,6,1,59,9,1388,1,8,9,1
2014548104514,1,9,0,18,0,1,0,0,0,0,1,1,6,1,-1,-1,1598,1,14,-1,-1
2014548104514,2,9,0,4,0,1,0,0,0,0,2,1,2,1,50,8,2979,1,14,6,1
2014548105214,1,9,0,16,0,2,0,0,0,0,1,1,6,2,53,8,1796,1,11,2,1
2014548105214,2,9,0,8,0,1,0,0,0,0,1,1,3,2,37,7,1995,2,10,9,1
2014548106514,1,5,0,18,0,0,1,0,0,0,4,1,2,1,47,8,892,1,12,3,1
2014548125414,1,9,0,18,0,4,0,0,0,0,3,1,6,1,42,7,1597,2,1,-1,1
2014548125414,2,1,0,18,0,8,0,0,0,0,1,1,6,1,46,8,-1,-1,-1,8,2
2014548129214,1,3,0,18,0,1,0,0,0,0,4,1,6,1,25,5,124,1,1,-1,-1
2014548129214,2,9,0,18,0,2,1,0,0,0,1,1,6,1,30,6,-1,-1,-1,1,1
2014548138814,1,9,0,5,0,6,0,0,7,11,3,1,6,2,26,6,1242,1,3,3,1
2014548138814,2,9,0,18,0,8,2,0,7,1,1,1,2,1,22,5,2500,2,-1,8,3
2014548145314,1,9,0,16,0,0,0,0,0,0,1,1,6,2,31,6,1998,2,1,8,3
2014548145314,2,9,0,18,0,0,0,0,0,0,1,1,1,1,45,7,-1,-1,-1,-1,-1
2014548153114,1,19,0,18,0,4,0,0,0,0,1,1,2,1,34,6,1995,2,5,-1,2
2014548153114,2,9,0,18,0,8,0,0,1,0,4,1,2,1,45,7,1896,2,7,2,1
2014548154614,1,9,0,18,0,0,0,7,0,0,1,1,6,2,66,10,1229,1,9,9,1
2014548174514,1,9,0,4,0,1,0,0,0,0,1,1,2,1,52,8,3059,2,16,7,3
2014548174514,2,9,0,10,0,1,0,0,0,0,2,1,2,1,40,7,1685,2,2,10,1
2014548180814,1,9,0,18,0,0,0,0,1,0,3,1,6,2,32,6,1997,2,11,8,3
2014548180814,2,20,0,11,0,0,0,0,0,0,4,1,1,1,48,8,-1,-1,-1,1,1
2014548184214,1,19,0,18,0,0,0,0,0,0,1,1,1,1,21,5,2464,2,7,8,3
2014548184214,2,1,0,18,0,0,0,0,0,0,2,1,6,1,57,9,-1,-1,-1,6,2
2014548184214,3,1,0,18,0,0,0,0,0,0,2,1,6,2,48,8,-1,-1,-1,6,2
2014548188814,1,8,0,5,0,0,0,0,0,0,4,1,1,3,-1,-1,1997,2,7,-1,-1
2014548189114,1,9,0,16,0,0,1,0,7,10,3,1,6,1,20,4,1968,2,7,-1,3
2014548189114,2,19,0,17,0,0,1,0,2,10,3,1,1,1,43,7,2198,2,3,10,2
2014548207814,1,19,0,18,0,0,0,10,0,0,1,1,6,1,49,8,2299,2,17,8,1
2014548207814,2,9,0,18,0,0,0,0,0,0,1,1,6,1,60,9,1998,2,7,10,1
2014548211714,1,9,0,5,0,6,0,0,0,0,1,1,2,1,53,8,1560,2,2,10,1
2014548211714,2,1,0,18,0,6,0,0,0,0,3,1,6,2,54,8,-1,-1,-1,6,3
2014548219814,1,9,0,18,0,1,0,0,0,0,4,1,6,2,21,5,1398,1,7,1,1
2014548219814,2,1,0,18,0,6,0,0,0,0,1,1,6,1,14,3,-1,-1,-1,1,1
2014548231914,1,9,0,18,0,0,0,0,5,6,1,1,6,1,41,7,1399,2,3,-1,2
2014548231914,2,9,0,18,0,0,1,0,0,0,1,1,1,1,45,7,1997,2,10,6,1
2014548231914,3,9,0,18,0,0,1,0,5,6,1,1,1,1,34,6,1896,2,8,-1,1
2014548232414,1,19,0,9,0,6,0,0,0,0,1,1,6,1,27,6,1753,2,8,7,1
2014548232414,2,9,0,17,0,8,0,0,0,0,1,1,6,1,21,5,1595,1,9,8,1
2014548252114,1,9,0,13,0,0,0,0,0,0,3,1,6,1,33,6,1896,2,7,-1,3
2014548252114,2,5,0,13,0,0,1,0,0,0,4,1,6,1,56,9,1649,1,2,9,3
2014548252914,1,9,0,14,0,1,5,0,0,0,4,1,6,2,46,8,1242,1,-1,-1,-1
2014548252914,2,9,0,2,0,1,0,0,0,0,3,1,6,2,-1,-1,1796,1,5,2,1
2014548252914,3,9,0,2,0,1,0,0,0,0,3,1,6,2,-1,-1,1229,1,6,7,1
2014548252914,4,9,0,2,0,1,0,0,0,0,3,1,6,1,-1,-1,2496,1,11,5,1
2014548258014,1,9,0,18,0,0,0,0,0,0,1,1,6,1,20,4,1364,1,9,-1,2
2014548258014,2,9,0,4,0,0,0,0,0,0,2,1,6,1,21,5,998,1,8,9,2
2014548261714,1,9,0,18,0,0,0,0,0,0,3,1,6,2,31,6,1560,2,4,7,2
2014548277414,1,9,0,18,0,0,0,0,0,0,1,1,6,2,23,5,1598,1,9,5,1
2014548277414,2,9,0,5,0,0,0,0,0,0,2,1,6,1,26,6,1796,1,13,-1,1
2014548284914,1,9,0,18,0,0,0,0,0,0,1,1,6,2,46,8,1798,1,7,7,2
2014548299714,1,9,0,17,0,0,0,0,0,0,3,1,6,1,25,5,2198,1,12,6,1
2014548303814,1,9,0,16,0,0,2,0,6,6,3,1,6,2,29,6,1596,1,11,5,1
2014548303814,2,9,0,17,0,0,0,0,0,0,1,1,6,1,67,10,1968,2,3,7,3
2014548303814,3,9,0,17,0,0,0,0,0,0,1,1,6,1,21,5,1596,1,8,4,3
2014548305914,1,9,0,18,0,0,0,0,0,0,4,1,6,1,25,5,1968,2,5,2,1
2014548313314,1,9,0,7,0,8,0,0,1,11,1,1,6,2,19,4,1900,2,15,3,1
2014548318914,1,9,0,18,0,0,1,6,0,0,1,1,6,1,36,7,1360,1,11,10,1
2014548318914,2,9,0,18,0,0,0,6,0,0,1,1,6,1,41,7,1794,1,10,7,1
2014548319714,1,9,0,18,0,0,1,0,4,6,1,1,2,1,21,5,1560,2,3,2,1
2014548323914,1,20,0,11,0,0,0,0,0,0,4,1,1,1,52,8,8970,2,10,9,1
2014548323914,2,9,0,18,0,0,0,0,0,0,3,1,6,2,20,4,1399,2,10,4,1
2014548326514,1,9,0,18,0,4,0,0,0,0,3,1,6,2,32,6,1587,1,9,2,1
2014548326514,2,8,0,9,0,8,0,0,0,0,1,1,6,1,27,6,1896,2,6,5,1
2014548379614,1,9,0,18,0,0,0,0,1,0,1,1,6,1,22,5,1368,1,7,7,3
2014548385414,1,9,0,16,0,0,0,0,0,0,0,1,6,3,-1,-1,-1,-1,-1,-1,-1
2014548385414,2,3,0,17,0,0,0,0,1,9,1,1,6,1,20,4,124,1,13,9,1
2014548403014,1,19,0,2,0,2,0,0,1,0,0,1,6,1,22,5,1910,2,7,6,3
2014548403014,2,9,0,3,0,2,0,0,0,0,2,1,6,2,35,6,1798,1,10,6,2
2014548403014,3,9,0,4,0,1,0,0,0,0,1,1,6,2,63,9,1968,2,4,7,3
2014548403014,4,5,0,18,0,2,1,0,0,0,1,1,2,1,44,7,1352,1,8,10,1
2014548414814,1,1,0,18,9,8,0,0,0,0,3,1,6,1,18,4,-1,-1,-1,8,1
2014548414814,2,9,0,9,9,5,0,0,0,0,1,1,6,2,26,6,1560,2,4,8,1
2014548423714,1,9,0,7,0,1,0,4,0,0,1,1,6,1,70,10,1999,1,11,7,1
2014548423714,2,9,0,2,0,1,0,0,0,0,4,1,6,2,28,6,1781,1,13,7,1
2014548426414,1,21,1,17,0,8,5,9,1,0,3,1,1,1,57,9,10308,2,8,6,1
2014548431814,1,9,0,18,0,8,0,0,0,0,4,1,3,1,24,5,1896,2,12,9,1
2014548431814,2,1,0,9,0,6,0,0,0,0,1,1,4,2,11,3,-1,-1,-1,8,2
2014548442114,1,9,0,9,0,5,0,0,0,0,3,1,6,2,-1,-1,1998,2,7,7,3
2014548442114,2,5,0,13,0,8,0,0,0,0,4,1,6,1,50,8,1293,1,4,10,1
2014548446714,1,21,1,4,0,0,0,0,0,0,2,1,1,1,66,10,12130,2,9,7,1
2014548446714,2,9,0,18,0,0,0,0,0,0,1,1,6,1,79,11,1995,2,5,3,1
2014548450514,1,19,0,7,0,8,0,0,7,2,1,1,6,1,20,4,1598,2,1,9,1
2014548451014,1,5,0,15,0,0,0,0,0,0,3,1,2,1,49,8,998,1,12,2,1
2014548451014,2,9,0,6,0,0,0,0,0,0,4,1,2,1,50,8,1997,2,3,10,2
2014548466714,1,9,0,17,0,0,2,0,2,4,4,1,6,2,32,6,1388,1,10,8,3
2014548473214,1,19,0,18,0,0,0,0,0,0,1,1,6,1,40,7,1753,2,10,8,2
2014548473214,2,9,0,3,0,0,0,0,0,0,2,1,6,2,35,6,1198,1,7,5,3
2014548481114,1,19,0,18,0,0,1,0,0,0,1,1,6,1,41,7,2461,2,12,5,1
2014548481114,2,19,0,18,0,0,0,0,0,0,3,1,1,1,40,7,2402,2,7,8,3
2014548483214,1,9,0,17,0,0,2,10,8,11,3,1,6,2,60,9,1124,1,9,9,1
2014548484014,1,9,0,16,0,8,1,0,0,0,1,1,6,1,16,4,1598,1,13,4,1
2014548484014,2,9,0,5,0,6,0,0,0,0,3,1,6,2,69,10,1229,1,9,7,1
2014548497414,1,1,0,18,9,8,0,0,0,0,1,1,6,1,15,3,-1,-1,-1,4,2
2014548497414,2,9,0,7,9,6,0,0,0,0,1,1,1,2,31,6,1796,1,13,9,2
2014548497514,1,9,0,17,0,0,0,10,0,0,1,1,2,1,27,6,1896,2,11,8,3
2014548497514,2,9,0,16,0,0,0,0,0,0,1,1,6,1,30,6,-1,-1,-1,6,3
2014548505914,1,9,0,18,0,0,0,0,0,0,1,1,6,1,81,11,1149,1,12,5,1
2014548505914,2,9,0,18,0,0,0,0,0,0,3,1,6,1,44,7,1968,2,4,8,3
2014548505914,3,9,0,18,0,0,0,0,1,10,1,1,6,1,51,8,1968,2,3,8,1
2014548514314,1,9,0,11,0,0,0,0,0,0,4,1,6,1,21,5,1390,1,13,8,1
2014548514314,2,21,1,18,0,0,0,0,0,0,3,1,1,1,52,8,12900,2,3,9,3
2014548517014,1,9,0,9,0,5,0,0,0,0,1,1,6,1,50,8,1951,2,9,6,3
2014548517014,2,1,0,18,0,8,0,0,0,0,3,1,6,1,46,8,-1,-1,-1,6,3
2014548519214,1,19,0,9,0,8,0,0,7,1,1,1,6,1,36,7,-1,-1,-1,-1,-1
2014548519214,2,19,0,3,0,4,0,0,0,0,0,1,6,1,37,7,2198,2,3,9,1
2014548522714,1,9,0,11,0,0,1,0,6,2,4,1,6,2,24,5,1999,1,6,6,3
2014548522714,2,9,0,18,0,0,0,0,0,0,1,1,6,1,69,10,1598,1,15,8,1
2014548543714,1,9,0,18,0,0,0,11,0,0,2,1,6,1,20,4,1299,1,9,9,3
2014548543714,2,9,0,18,0,0,0,0,1,7,1,1,6,1,55,8,1896,2,7,9,1
2014548552014,1,9,0,5,0,4,0,0,0,0,3,1,6,1,49,8,1910,2,6,9,3
2014548552014,2,3,0,17,0,8,0,0,0,0,1,1,6,1,61,9,124,1,1,10,1
2014548562914,1,9,0,5,0,4,0,0,0,0,1,1,6,1,40,7,1910,2,7,10,1
2014548562914,2,1,0,18,0,8,0,0,0,0,1,1,6,1,38,7,-1,-1,-1,-1,2
2014548563914,1,9,0,18,0,4,0,0,0,0,1,1,6,1,41,7,1796,1,8,10,1
2014548563914,2,1,0,18,0,8,0,0,0,0,1,1,6,1,21,5,-1,-1,-1,9,1
2014548568414,1,9,0,16,0,3,0,10,2,10,1,1,2,2,19,4,1390,1,-1,7,1
2014548574714,1,9,0,18,0,1,0,0,0,0,1,1,6,2,49,8,998,1,13,9,3
2014548574714,2,9,0,3,0,1,0,0,0,0,2,1,6,1,18,4,1753,2,9,10,1
2014548574714,3,9,0,10,0,1,0,0,0,0,2,1,6,2,26,6,1598,1,9,-1,1
2014548586214,1,9,0,12,0,8,0,0,0,0,3,1,6,2,60,9,1686,2,-1,-1,1
2014548586214,2,9,0,18,0,8,0,0,0,0,4,1,6,1,32,6,1998,1,11,1,1
2014548597714,1,3,0,18,0,8,0,0,0,0,1,1,6,1,23,5,124,1,8,10,1
2014548597714,2,19,0,9,0,5,0,0,0,0,4,1,1,1,62,9,2198,2,7,4,1
2014548600814,1,9,0,4,0,2,0,0,0,0,3,1,2,2,22,5,1248,2,7,-1,1
2014548626114,1,9,0,18,0,0,0,0,0,0,3,1,6,2,50,8,1339,1,-1,6,2
2014548633614,1,9,0,18,0,0,0,0,0,0,1,1,2,1,36,7,1197,1,-1,2,1
2014548633614,2,9,0,4,0,0,0,0,0,0,2,1,2,2,49,8,1600,2,5,10,1
2014548633614,3,9,0,3,0,0,0,0,0,0,2,1,6,1,73,10,1769,2,21,8,1
2014548633614,4,9,0,3,0,0,0,0,0,0,2,1,2,1,61,9,1968,2,5,8,2
2014548644314,1,9,0,4,0,0,0,0,0,0,1,1,6,1,35,6,1998,1,8,8,1
2014548644314,2,9,0,4,0,0,0,0,0,0,2,1,6,2,42,7,1968,2,2,-1,1
2014548653114,1,9,0,4,0,8,0,0,0,0,1,1,6,1,23,5,1388,1,9,6,1
2014548653114,2,9,0,3,0,8,0,0,0,0,2,1,6,1,60,9,1598,1,5,4,1
2014548653814,1,9,0,18,0,0,2,0,0,0,4,1,6,1,45,7,1360,1,10,-1,1
2014548653814,2,19,0,18,0,0,0,0,0,0,3,1,1,1,21,5,1968,2,3,10,1
2014548653814,3,21,1,18,0,0,0,0,0,0,2,1,1,1,57,9,10518,2,2,1,1
2014548653814,4,9,0,18,0,0,0,0,0,0,1,1,6,1,80,11,1560,2,1,-1,1
2014548654414,1,9,0,2,0,0,0,0,0,0,2,1,1,1,53,8,2993,2,3,6,2
2014548654414,2,19,0,18,0,0,1,4,0,0,1,1,1,1,50,8,1998,2,10,9,2
2014548676714,1,9,0,9,0,5,0,0,0,0,1,1,2,2,31,6,1388,1,8,6,1
2014548676714,2,9,0,18,0,8,0,0,0,0,1,1,2,2,41,7,1598,1,6,-1,1
2014548682414,1,19,0,18,0,0,2,0,1,0,1,1,6,1,60,9,2299,2,18,3,1
2014548689614,1,9,0,10,0,1,0,0,0,0,2,1,6,1,60,9,3497,1,13,8,3
2014548689614,2,9,0,4,0,1,0,0,1,9,2,1,6,1,38,7,1299,1,12,7,3
2014548689614,3,9,0,18,0,1,0,0,0,0,1,1,6,1,48,8,2000,2,10,5,1
2014548689714,1,9,0,5,0,1,0,0,0,0,1,1,6,1,44,7,1781,1,10,6,3
2014548689714,2,1,0,18,0,1,0,0,0,0,3,1,6,1,14,3,-1,-1,-1,-1,1
2014548694214,1,9,0,12,0,1,0,0,0,0,3,1,1,2,32,6,1242,1,-1,8,1
2014548694214,2,1,0,12,0,1,0,0,0,0,4,1,6,1,60,9,-1,-1,-1,5,1
2014548701914,1,3,0,16,0,2,0,0,0,0,1,1,6,1,21,5,124,1,4,7,2
2014548701914,2,19,0,18,0,1,0,0,0,0,1,1,1,2,43,7,2464,2,4,6,2
2014548704714,1,3,0,18,0,8,0,0,0,0,1,1,6,1,18,4,124,1,1,10,3
2014548704714,2,9,0,9,0,5,0,0,0,0,4,1,6,3,-1,-1,-1,-1,-1,-1,-1
2014548711114,1,9,0,18,0,0,0,0,0,0,1,1,6,1,22,5,1968,2,4,10,1
2014548712114,1,9,0,17,0,0,0,0,1,4,1,1,2,2,65,9,1796,1,11,7,3
2014548722014,1,9,0,18,0,4,0,0,0,0,1,1,6,2,29,6,1560,2,4,-1,1
2014548722014,2,1,0,18,0,8,0,0,0,0,4,1,6,1,40,7,-1,-1,-1,6,1
2014548730514,1,9,0,18,0,0,0,0,0,0,1,1,6,1,39,7,1400,1,8,10,1
2014548730514,2,9,0,18,0,0,0,0,0,0,3,1,6,2,43,7,1985,1,17,7,1
2014548730514,3,9,0,18,0,0,0,0,0,0,1,1,6,1,56,9,2494,1,26,7,1
2014548734014,1,9,0,13,0,1,0,0,0,0,4,1,1,1,49,8,1968,2,3,-1,-1
2014548734014,2,1,0,9,0,1,0,0,0,0,3,1,2,1,60,9,-1,-1,-1,-1,-1
2014548739314,1,5,0,18,0,8,0,0,0,0,1,1,6,1,29,6,749,1,16,7,1
2014548739314,2,9,0,9,0,5,0,0,0,0,4,1,6,1,34,6,973,1,15,8,1
2014548748214,1,9,0,9,0,6,0,0,0,0,1,1,6,1,18,4,1395,1,1,6,3
2014548748214,2,9,0,17,0,8,0,0,1,1,4,1,6,1,72,10,2987,2,4,6,3
2014548753714,1,9,0,18,0,0,0,0,1,11,4,1,2,1,52,8,1598,1,1,10,1
2014548757414,1,5,0,18,0,0,0,0,0,0,3,1,6,1,26,6,998,1,13,4,2
2014548781214,1,19,0,17,0,0,1,0,1,2,1,1,1,1,28,6,2198,2,4,7,1
2014548783914,1,3,0,13,0,0,0,0,0,0,4,1,6,1,31,6,-1,-1,-1,7,2
2014548783914,2,9,0,13,0,0,0,0,0,0,3,1,6,1,54,8,1968,2,1,10,2
2014548783914,3,17,0,18,0,0,0,0,0,0,0,1,6,1,56,9,-1,2,6,6,2
2014548785314,1,9,0,1,0,6,0,0,0,0,2,1,6,1,47,8,1868,2,14,5,2
2014548786214,1,1,0,18,0,2,0,0,0,0,1,1,6,1,44,7,-1,-1,-1,9,1
2014548786214,2,9,0,3,0,2,0,0,0,0,2,1,6,2,40,7,1461,2,4,10,1
2014548788914,1,9,0,9,0,5,0,0,0,0,3,1,6,3,-1,-1,-1,-1,-1,-1,-1
2014548788914,2,3,0,13,0,8,0,0,0,0,1,1,6,1,18,4,125,1,2,1,1
2014548789714,1,9,0,18,0,4,0,0,0,0,4,1,6,1,21,5,1398,1,9,1,1
2014548789714,2,11,0,9,0,4,0,0,0,0,1,1,1,1,48,8,9000,2,6,5,1
2014548789914,1,9,0,18,0,0,5,4,0,0,1,1,6,1,80,11,1796,1,13,7,3