Accident_Index,Vehicle_Reference,Vehicle_Type,Towing_and_Articulation,Vehicle_Manoeuvre,Vehicle_Location-Restricted_Lane,Junction_Location,Skidding_and_Overturning,Hit_Object_in_Carriageway,Vehicle_Leaving_Carriageway,Hit_Object_off_Carriageway,1st_Point_of_Impact,Was_Vehicle_Left_Hand_Drive?,Journey_Purpose_of_Driver,Sex_of_Driver,Age_of_Driver,Age_Band_of_Driver,Engine_Capacity_(CC),Propulsion_Code,Age_of_Vehicle,Driver_IMD_Decile,Driver_Home_Area_Type
2014549867814,1,19,0,3,0,0,0,0,0,0,2,1,1,1,31,6,2148,2,5,9,1
2014549867814,2,3,0,18,0,0,0,0,0,0,1,1,6,1,28,6,124,1,5,3,1
2014549872414,1,19,0,18,0,0,1,0,0,0,1,1,6,1,49,8,1391,1,16,8,3
2014549872414,2,9,0,3,0,0,0,0,0,0,2,1,6,2,36,7,1199,2,3,8,3
2014549877514,1,9,0,18,0,1,0,7,0,0,1,1,6,1,26,6,1124,1,19,5,1
2014549882114,1,9,0,18,0,8,0,0,0,0,1,1,6,1,24,5,1360,1,11,8,1
2014549882114,2,1,0,18,0,8,0,0,0,0,4,1,6,1,22,5,-1,-1,-1,7,1
2014549888914,1,9,0,5,0,6,0,0,0,0,1,1,6,1,78,11,1997,2,12,4,1
2014549888914,2,1,0,18,0,8,0,0,0,0,4,1,6,1,58,9,-1,-1,-1,6,3
2014549891514,1,1,0,18,0,0,0,0,0,0,1,1,2,2,22,5,-1,-1,-1,5,1
2014549891514,2,8,0,18,0,0,0,0,0,0,1,1,1,3,-1,-1,-1,-1,-1,-1,-1
2014549898714,1,5,0,18,0,0,0,0,0,0,4,1,6,1,25,5,1731,1,1,9,3
2014549898714,2,9,0,11,0,0,0,0,0,0,0,1,6,3,-1,-1,-1,-1,-1,-1,-1
2014549900014,1,9,0,4,0,1,1,0,0,0,1,1,2,2,29,6,-1,-1,-1,6,1
2014549900014,2,9,0,3,0,1,0,0,0,0,2,1,2,1,27,6,1896,2,5,5,1
2014549901014,1,9,0,7,0,6,0,0,0,0,1,1,6,1,49,8,1386,1,4,10,1
2014549901014,2,1,0,18,0,8,0,0,0,0,3,1,6,1,37,7,-1,-1,-1,9,3
2014549902214,1,9,0,18,0,0,0,0,0,0,1,1,6,2,19,4,1149,1,6,7,3
2014549902214,2,9,0,4,0,0,0,0,0,0,2,1,6,1,27,6,1587,1,17,10,1
2014549905114,1,9,0,16,0,0,2,0,5,6,1,1,6,1,19,4,1199,1,11,6,1
2014549912614,1,9,0,13,0,0,0,0,5,6,1,1,6,1,77,11,1300,1,15,1,1
2014549912614,2,21,1,18,0,0,0,0,0,0,3,1,1,1,33,6,-1,-1,-1,-1,-1
2014549932514,1,9,0,18,0,0,0,0,0,0,4,1,6,2,32,6,1242,1,10,1,1
2014549945114,1,9,0,18,0,0,5,0,1,0,4,1,1,1,23,5,-1,-1,-1,9,3
2014549950214,1,9,0,13,0,0,0,0,0,0,4,1,6,3,-1,-1,-1,-1,-1,-1,-1
2014549950214,2,1,0,18,0,0,0,0,0,0,3,1,6,1,47,8,-1,-1,-1,8,1
2014549966414,1,2,0,18,0,6,0,0,0,0,1,1,6,1,16,4,49,1,3,5,1
2014549966414,2,8,0,18,0,8,0,0,0,0,4,1,1,1,39,7,1910,2,8,6,1
2014549971314,1,9,0,18,0,0,0,0,0,0,4,1,2,1,49,8,1796,1,8,9,1
2014549977814,1,19,0,18,0,0,2,0,4,0,1,1,1,1,31,6,2500,2,7,5,1
2014549981214,1,9,0,4,0,1,0,0,0,0,1,1,6,1,60,9,1598,1,-1,6,3
2014549981214,2,9,0,3,0,1,0,0,0,0,2,1,6,2,57,9,599,1,12,10,2
201454A001414,1,9,0,4,0,1,0,0,0,0,1,2,6,1,32,6,-1,-1,-1,5,1
201454A001414,2,9,0,4,0,1,0,0,0,0,2,1,6,1,19,4,1198,1,9,6,1
201454A003014,1,9,0,18,0,0,0,0,0,0,1,1,6,2,74,10,1242,1,5,7,1
201454A003014,2,1,0,18,0,0,0,0,0,0,4,1,6,1,14,3,-1,-1,-1,5,1
201454A003314,1,19,0,4,0,1,0,0,1,0,2,1,1,1,42,7,1753,2,9,4,1
201454A003314,2,21,0,18,0,1,0,0,7,10,1,1,1,1,37,7,12740,2,3,9,1
201454A022514,1,9,0,5,0,2,0,0,0,0,1,1,6,2,64,9,1343,1,10,3,1
201454A022514,2,9,0,4,0,2,0,0,0,0,2,1,6,2,29,6,1560,2,2,5,3
201454A028814,1,9,0,3,0,8,0,0,0,0,2,1,6,1,78,11,1339,1,10,-1,1
201454A028814,2,9,0,18,0,8,0,0,0,0,1,1,6,2,-1,-1,1997,2,6,8,2
201454A032214,1,9,0,18,0,0,2,0,0,0,4,1,6,2,21,5,1388,1,10,5,1
201454A054614,1,3,0,18,0,0,0,12,1,0,1,1,6,1,24,5,125,1,2,7,1
201454A071714,1,9,0,5,0,6,0,0,0,0,3,1,6,2,67,10,1339,1,7,10,1
201454A071714,2,20,0,18,0,8,0,0,0,0,1,1,1,1,54,8,7146,2,3,4,1
201454A080514,1,9,0,18,0,0,0,0,0,0,4,1,6,3,-1,-1,-1,-1,-1,-1,-1
201454A082414,1,19,0,18,0,0,0,0,0,0,1,1,2,1,18,4,-1,-1,-1,3,1
201454A082414,2,9,0,18,0,0,0,0,0,0,2,1,2,1,59,9,-1,-1,-1,10,1
201454A084614,1,9,0,9,0,6,0,0,0,0,3,1,2,2,19,4,1499,2,1,5,3
201454A084614,2,11,0,18,0,8,0,0,0,0,1,1,1,1,58,9,9360,2,1,7,2
201454A098714,1,9,0,18,0,1,0,0,0,0,1,1,6,2,44,7,1984,1,14,3,1
201454A099214,1,9,0,7,0,3,0,0,0,0,4,1,6,2,46,8,1242,1,15,7,1
201454A099214,2,1,0,18,0,6,0,0,0,0,3,1,4,1,10,2,-1,-1,-1,-1,-1
201454A115614,1,9,0,16,0,0,0,0,0,0,3,1,2,2,20,4,1275,1,18,3,1
201454A115614,2,21,0,17,0,0,0,0,0,0,3,1,1,1,51,8,3920,2,1,3,1
201454A122014,1,9,0,18,0,0,0,0,0,0,3,1,6,2,86,11,1360,1,14,9,1
201454A122014,2,9,0,18,0,0,0,0,0,0,3,1,6,1,60,9,1999,1,7,6,1
201454A122014,3,19,0,18,0,0,1,0,0,0,1,1,2,1,51,8,1968,2,1,6,1
201454A122614,1,9,0,18,0,8,0,0,1,9,1,1,6,1,48,8,1968,2,3,8,3
201454A122614,2,9,0,18,0,6,1,0,0,0,4,1,1,1,30,6,1149,1,10,10,3
201454A126214,1,1,0,18,0,0,0,0,0,0,4,1,6,2,30,6,-1,-1,-1,5,1
201454A126214,2,9,0,18,0,0,0,0,0,0,1,1,6,1,28,6,1896,2,12,2,1
201454A130114,1,9,0,16,0,0,5,0,1,4,1,1,6,2,51,8,998,1,7,9,3
201454A136514,1,19,0,18,0,0,0,0,0,0,1,1,1,1,50,8,2198,2,-1,3,1
201454A136514,2,20,0,3,0,0,0,0,0,0,2,1,1,1,55,8,3920,2,1,8,1
201454A137514,1,9,0,18,0,0,1,0,0,0,1,1,2,2,24,5,1242,1,4,7,1
201454A137514,2,9,0,4,0,0,0,0,0,0,2,1,6,1,69,10,1598,1,5,10,1
201454A149614,1,9,0,4,0,1,0,0,0,0,2,1,2,1,33,6,1598,2,1,10,3
201454A149614,2,19,0,4,0,1,0,0,0,0,2,1,1,1,67,10,2151,2,11,8,3
201454A149614,3,21,0,18,0,1,1,0,0,0,1,1,1,1,41,7,10518,2,7,7,3
201454A151514,1,5,0,5,0,1,0,0,0,0,1,1,6,1,80,11,998,1,-1,5,2
201454A151514,2,5,0,3,0,1,0,0,0,0,2,1,6,1,66,10,1151,1,6,7,3
201454A151614,1,9,0,18,0,0,0,0,0,0,1,1,6,2,19,4,1598,1,4,10,1
201454A165014,1,9,0,17,0,1,2,0,2,2,1,1,6,1,23,5,1461,2,11,6,1
201454A169114,1,9,0,12,0,0,1,0,1,9,3,1,6,1,22,5,1242,1,7,5,3
201454A169114,2,9,0,13,0,0,1,0,4,4,4,1,6,1,20,4,1984,1,4,8,1
201454A177814,1,19,0,18,0,1,0,0,0,0,4,1,6,1,18,4,1248,2,1,9,3
201454A182914,1,9,0,16,0,0,0,0,0,0,1,1,6,2,88,11,998,1,19,9,2
201454A182914,2,9,0,18,0,0,0,0,0,0,1,1,6,1,84,11,1999,1,8,8,3
201454A189414,1,9,0,18,0,0,5,0,1,11,1,1,6,2,25,5,1598,2,3,5,1
201454A193714,1,19,0,7,0,6,0,0,0,0,3,1,1,1,46,8,1686,2,6,10,1
201454A193714,2,9,0,18,0,8,0,0,0,0,1,1,6,2,18,4,2000,2,9,9,3
201454A197514,1,9,0,5,0,1,0,0,0,0,1,1,6,1,51,8,2231,2,9,4,1
201454A197514,2,9,0,3,0,1,0,0,0,0,2,1,6,2,53,8,1598,1,6,10,1
201454A216314,1,9,0,16,0,0,0,0,0,0,2,1,6,2,52,8,1461,2,2,10,1
201454A216314,2,9,0,16,0,0,0,0,0,0,1,1,6,2,76,11,1339,8,2,9,1
201454A216314,3,9,0,16,0,0,1,10,0,0,1,1,6,2,79,11,1995,2,4,9,2
201454A216314,4,17,4,17,0,0,0,0,0,0,0,1,1,1,42,7,4485,2,2,7,3
201454A216314,5,21,1,13,0,0,0,0,0,0,0,1,1,3,-1,-1,12900,2,6,-1,-1
201454A218514,1,9,0,9,0,6,0,0,0,0,3,1,6,1,92,11,1360,1,18,9,3
201454A218514,2,9,0,18,0,8,0,0,0,0,1,1,6,2,40,7,2204,2,5,7,3
201454A231014,1,9,0,18,0,0,0,0,0,0,1,1,2,1,37,7,1598,1,7,6,1
201454A231014,2,9,0,3,0,0,0,0,0,0,2,1,2,2,40,7,1587,1,12,5,1
201454A231614,1,9,0,9,0,5,0,0,0,0,1,1,2,1,24,5,1242,1,6,9,1
201454A231614,2,9,0,18,0,8,0,0,0,0,1,1,2,2,54,8,1999,1,5,9,3
201454A240614,1,19,0,18,0,0,1,10,7,0,4,1,6,1,18,4,1998,2,11,4,2
201454A240614,2,9,0,18,0,0,0,0,0,0,1,1,6,1,38,7,1995,2,6,6,1
201454A248414,1,9,0,5,0,0,0,0,0,0,1,1,6,1,33,6,1598,1,13,2,1
201454A249314,1,9,0,18,0,0,0,0,1,7,4,1,6,2,23,5,1493,2,7,1,1
201454A255414,1,9,0,9,0,5,0,0,0,0,1,1,6,2,27,6,1896,2,6,9,1
201454A255414,2,9,0,18,0,8,0,0,1,4,1,1,6,1,23,5,1984,1,8,9,3
201454A255814,1,9,0,16,0,0,1,0,7,0,4,1,6,1,22,5,1360,1,13,6,1
201454A255814,2,19,0,18,0,0,1,0,0,0,1,1,6,1,25,5,2463,2,8,10,1
201454A258714,1,9,0,3,0,0,0,0,0,0,2,1,6,1,48,8,1299,1,8,8,3
201454A258714,2,9,0,3,0,0,0,0,0,0,2,1,6,2,32,6,999,1,-1,7,2
201454A258714,3,9,0,4,0,0,0,0,0,0,1,1,6,1,42,7,1461,2,10,10,1
201454A259314,1,9,0,16,0,0,5,0,0,0,4,1,6,2,18,4,1299,1,10,9,2
201454A259714,1,9,0,16,0,0,0,0,0,0,1,1,6,1,41,7,1587,1,11,8,1
201454A259714,2,9,0,17,0,0,0,0,0,0,1,1,6,2,51,8,1896,2,11,5,3
201454A261114,1,9,0,17,0,8,1,0,8,7,1,1,6,1,55,8,1587,1,10,10,1
201454A270114,1,9,0,14,0,0,0,4,1,10,1,1,6,2,49,8,996,1,1,4,1
201454A270114,2,9,0,2,0,0,0,0,0,0,3,1,6,1,-1,-1,1248,2,6,5,1
201454A270114,3,9,0,2,0,0,0,0,0,0,3,1,6,1,39,7,1124,1,13,-1,1
201454A270114,4,9,0,2,0,0,0,0,1,0,4,1,6,2,22,5,1200,1,1,8,1
201454A279114,1,9,0,9,0,6,0,0,0,0,1,1,6,1,19,4,1242,1,3,9,3
201454A279114,2,9,0,18,0,8,5,0,0,0,3,1,6,2,81,11,1199,1,13,9,3
201454A283314,1,9,0,18,0,8,0,0,0,0,1,1,6,2,21,5,1299,1,16,5,1
201454A283314,2,9,0,9,0,4,0,0,0,0,3,1,2,1,29,6,1398,1,3,8,1
201454A285814,1,9,0,11,0,0,0,0,0,0,4,1,6,2,17,4,1299,1,8,2,1
201454A285814,2,9,0,12,0,0,0,0,0,0,3,2,6,2,59,9,-1,-1,-1,-1,-1
201454A286214,1,9,0,18,0,6,0,0,3,0,1,1,6,2,43,7,1590,1,12,-1,1
201454A286214,2,9,0,2,0,2,0,0,0,10,4,1,6,3,-1,-1,1998,1,12,-1,-1
201454A286214,3,9,0,2,0,2,0,0,0,0,4,1,6,3,-1,-1,2993,2,9,-1,-1
201454A286214,4,9,0,2,0,2,0,0,0,0,4,1,6,3,-1,-1,1598,1,9,-1,-1
201454A286214,5,9,0,2,0,2,0,0,0,0,3,1,6,3,-1,-1,-1,-1,-1,-1,-1
201454A286814,1,21,4,18,0,0,0,0,0,0,3,1,1,1,47,8,4461,2,2,-1,3
201454A286814,2,9,0,3,0,0,0,0,0,0,3,1,6,1,61,9,1968,2,2,-1,3
201454A287514,1,9,0,9,0,6,0,0,0,0,3,1,2,2,28,6,1149,1,12,6,1
201454A287514,2,9,0,18,0,8,0,0,0,0,1,1,2,1,38,7,1995,2,3,9,1
201454A290714,1,9,0,9,0,5,0,0,0,0,1,1,2,1,68,10,1242,1,10,7,2
201454A312514,1,9,0,18,0,4,0,0,0,0,1,1,6,2,50,8,1397,1,6,4,1
201454A312514,2,1,0,18,0,8,0,0,0,0,4,1,6,1,29,6,-1,-1,-1,4,1
201454A313914,1,9,0,9,0,6,0,0,0,0,4,1,6,2,43,7,1461,2,3,6,1
201454A313914,2,19,0,18,0,8,0,0,0,0,4,1,2,1,43,7,1560,2,-1,-1,2
201454A315314,1,9,0,13,0,8,0,0,7,0,4,1,6,1,60,9,1598,1,13,9,3
201454A315314,2,9,0,9,0,5,0,0,7,0,3,1,6,2,30,6,2198,1,11,4,1
201454A318714,1,9,0,17,0,0,1,6,0,0,1,1,6,1,22,5,1896,2,13,6,3
201454A320514,1,3,0,4,0,4,0,0,0,0,3,1,6,1,21,5,125,1,10,7,1
201454A326214,1,9,0,18,0,0,0,0,0,0,1,1,6,1,18,4,1390,1,14,7,3
201454A337014,1,9,0,9,2,5,0,0,0,0,4,1,3,2,56,9,1398,2,11,2,1
201454A337014,2,3,0,18,2,8,1,0,0,0,1,1,6,1,18,4,125,1,6,-1,1
201454A353714,1,9,0,3,0,1,0,0,0,0,2,1,2,2,40,7,1598,1,15,7,3
201454A353714,2,9,0,18,0,1,0,0,0,0,1,1,6,1,71,10,-1,-1,-1,7,1
201454A355714,1,9,0,9,0,0,0,0,0,0,1,1,6,1,81,11,1761,1,14,9,3
201454A355714,2,9,0,18,0,0,0,0,1,0,3,1,2,1,46,8,1388,1,10,4,1
201454A355914,1,9,0,18,0,0,0,0,0,0,1,1,6,2,22,5,996,1,1,10,1
201454A355914,2,9,0,4,0,0,0,0,0,0,2,1,6,2,20,4,1198,1,-1,8,1
201454A360314,1,9,0,9,0,8,5,0,0,0,3,1,6,1,21,5,1149,1,10,8,1
201454A360314,2,9,0,9,0,8,0,0,0,0,4,1,6,2,65,9,2179,2,3,2,1
201454A395214,1,9,0,18,0,8,0,0,0,0,3,1,6,2,37,7,1598,2,2,-1,1
201454A395214,2,9,0,9,0,5,0,0,0,0,1,1,6,2,66,10,1242,1,3,10,2
201454A400114,1,9,0,18,0,0,0,0,0,0,1,1,6,1,18,4,1242,1,9,7,3
201454A400814,1,9,0,1,0,0,0,0,0,0,2,1,6,1,47,8,1997,2,-1,9,3
201454A400814,2,2,0,18,0,0,0,0,0,0,1,1,6,1,27,6,49,1,12,1,1
201454A403314,1,9,0,4,0,0,0,0,0,0,1,1,6,1,68,10,1968,2,7,8,1
201454A403314,2,9,0,3,0,0,0,0,0,0,2,1,1,2,44,7,1586,1,2,5,2
201454A408114,1,3,0,13,0,8,0,0,0,0,1,1,6,1,19,4,124,1,5,6,1
201454A408114,2,9,0,9,0,5,0,0,0,0,3,1,6,1,60,9,1995,2,7,8,1
201454A408814,1,9,0,9,0,5,0,0,0,0,1,1,6,2,31,6,1598,1,7,4,1
201454A408814,2,9,0,16,0,8,0,0,0,0,3,1,6,1,71,10,2171,2,11,9,1
201454A433714,1,9,0,13,0,2,0,0,0,0,4,1,6,3,-1,-1,-1,-1,-1,-1,-1
201454A433714,2,3,0,18,0,2,0,0,0,0,3,1,2,2,20,4,108,1,9,4,1
201454A441914,1,9,0,9,0,5,0,0,0,0,1,1,2,2,23,5,1399,2,8,5,1
201454A441914,2,8,0,18,0,8,0,0,0,0,1,1,1,1,75,10,1896,2,7,9,1
201454A445514,1,21,1,18,0,3,0,0,1,10,1,1,1,1,46,8,12900,2,3,5,1
201454A457614,1,9,0,18,0,6,0,0,1,4,3,1,6,2,62,9,1360,1,10,5,1
201454A457614,2,9,0,18,0,8,0,0,7,4,1,1,1,1,72,10,1870,2,8,7,3
201454A472714,1,9,0,18,0,1,0,0,0,0,1,1,6,2,19,4,1242,1,6,5,1
201454A472714,2,9,0,18,0,1,0,0,0,0,2,1,6,2,26,6,1328,1,11,-1,3
201454A473814,1,9,0,18,0,0,0,0,0,0,1,1,1,1,47,8,1398,1,-1,5,1
201454A473814,2,9,0,4,0,0,0,0,0,0,2,1,6,1,61,9,1997,1,7,8,3
201454A475614,1,9,0,9,0,5,0,0,0,0,4,1,6,1,29,6,1329,1,5,5,2
201454A475614,2,3,0,18,0,8,0,0,0,0,1,1,6,1,17,4,125,1,2,5,2
201454A485414,1,9,0,18,0,8,0,0,0,0,4,1,6,1,42,7,1995,2,5,6,1
201454A485414,2,19,0,9,0,4,0,0,0,0,1,1,2,1,64,9,1560,2,6,9,3
201454A489514,1,9,0,13,0,0,0,0,7,11,4,1,6,1,46,8,1798,1,1,7,3
201454A489514,2,9,0,18,0,0,0,0,0,0,3,1,6,1,76,11,1229,1,4,10,1
201454A492014,1,9,0,9,0,5,0,0,0,0,1,1,6,2,84,11,1349,1,14,2,1
201454A492014,2,9,0,18,0,8,0,0,7,10,3,1,6,1,18,4,1149,1,10,2,1
201454A492014,3,9,0,2,0,2,0,0,0,0,2,1,6,3,-1,-1,998,1,-1,2,1
201454A492414,1,9,0,3,0,1,0,0,0,0,2,1,6,1,30,6,2000,1,8,9,3
201454A492414,2,9,0,18,0,1,0,0,0,0,1,1,6,1,20,4,1242,1,-1,9,3
201454A493514,1,11,0,4,0,1,0,0,0,0,1,1,1,1,63,9,5883,2,12,5,1
201454A493514,2,9,0,7,0,2,1,0,7,0,1,1,6,2,34,6,2295,1,14,2,1
201454A493714,1,3,0,9,0,6,1,0,0,0,3,1,6,2,23,5,125,1,-1,6,1
201454A494714,1,9,0,18,0,8,0,0,0,0,1,1,6,1,79,11,1596,1,9,7,1
201454A494714,2,9,0,1,0,5,0,0,0,0,3,1,6,1,61,9,1896,2,16,9,3
201454A494714,3,9,0,2,0,1,0,0,0,0,2,1,6,2,66,10,1896,2,8,9,3
201454A496314,1,9,0,17,0,0,0,0,1,11,1,1,6,1,44,7,1896,2,13,10,3
201454A504714,1,9,0,18,0,0,1,0,1,4,3,1,6,1,21,5,1149,1,9,7,3
201454A511514,1,3,0,17,0,2,1,10,1,11,4,1,6,1,21,5,124,1,-1,6,3
201454A523914,1,9,0,4,0,0,0,0,0,0,2,1,6,1,46,8,1061,1,8,10,1
201454A523914,2,9,0,18,0,0,0,0,0,0,1,1,6,1,29,6,1560,2,7,8,2
201454A524714,1,3,0,17,0,8,1,0,0,0,3,1,2,1,26,6,125,1,-1,10,1
201454A533914,1,9,0,9,0,6,0,0,0,0,1,1,1,2,28,6,1560,2,1,-1,1
201454A533914,2,3,0,14,0,8,0,0,0,0,4,1,6,1,17,4,124,1,24,4,1
201454A535014,1,19,0,16,0,0,0,0,0,0,1,1,1,1,24,5,2402,2,7,7,1
201454A535014,2,9,0,18,0,0,0,0,0,0,1,1,6,1,59,9,1200,1,10,8,2
201454A547414,1,9,0,18,0,0,0,0,0,0,1,1,2,1,85,11,1560,2,9,8,1
201454A547414,2,9,0,3,0,0,0,0,0,0,2,1,2,1,44,7,1995,2,3,6,1
201454A547414,3,9,0,3,0,0,0,0,0,0,2,1,2,2,35,6,1598,1,9,10,1
201454A549214,1,9,0,18,0,0,0,0,0,0,3,1,2,2,28,6,1242,1,1,8,1
201454A552614,1,9,0,18,0,0,5,0,0,0,1,1,6,1,24,5,796,1,15,5,2
201454A552614,2,9,0,18,0,0,0,0,1,0,1,1,6,1,27,6,998,1,2,9,2
201454A552614,3,19,0,18,0,0,0,0,0,0,1,1,1,1,31,6,2143,2,1,8,1
201454A554614,1,5,0,18,0,8,1,0,0,0,3,1,6,1,29,6,600,1,21,2,1
201454A565714,1,9,0,7,0,4,0,0,7,2,1,1,6,1,53,8,1587,1,12,2,1
201454A565714,2,9,0,18,0,8,0,0,0,0,2,1,6,1,36,7,2171,1,13,5,1
201454A586714,1,9,0,18,0,8,5,0,1,10,4,1,6,2,65,9,1596,1,13,7,3
201454A588114,1,90,0,18,0,8,1,0,3,10,1,1,6,1,26,6,686,1,6,6,1
201454A589014,1,9,0,7,0,5,1,10,7,0,1,1,6,1,68,10,1968,2,2,9,2
201454A593614,1,9,0,5,0,0,0,0,0,0,1,1,6,1,49,8,1968,2,6,9,3
201454A593614,2,9,0,3,0,0,0,0,0,0,2,1,2,2,62,9,998,1,16,10,2
201454A596914,1,9,0,10,0,8,0,0,0,0,2,1,6,1,36,7,1968,2,1,5,2
201454A596914,2,9,0,18,0,8,0,0,0,0,1,1,2,2,36,7,1995,2,7,10,1
201454A606014,1,9,0,18,0,2,0,0,1,11,1,1,6,1,25,5,1493,1,19,9,1
201454A614014,1,9,0,3,0,8,0,0,0,0,1,1,6,2,46,8,1360,1,4,8,1
201454A614014,2,19,0,1,0,8,0,0,0,0,2,1,6,1,24,5,2496,2,22,9,1
201454A619014,1,9,0,17,0,0,2,0,8,10,1,1,6,1,23,5,1124,1,11,8,1
201454A623314,1,9,0,18,0,0,0,0,0,0,3,1,6,3,-1,-1,-1,-1,-1,-1,-1
201454A623314,2,9,0,18,0,0,0,0,0,0,3,1,6,2,45,7,1896,2,7,7,3
201454A623814,1,9,0,18,0,0,0,0,0,0,4,1,6,1,66,10,998,1,-1,10,2
201454A630614,1,5,0,9,0,6,0,0,0,0,4,1,2,1,57,9,1290,1,5,7,3
201454A630614,2,9,0,15,0,8,0,0,0,0,3,1,2,1,51,8,1686,2,4,8,3
201454A630614,3,11,0,10,0,8,0,0,0,0,0,1,1,1,-1,-1,9600,2,17,-1,-1
201454A668114,1,9,0,18,0,1,0,0,0,0,1,1,6,1,-1,-1,-1,-1,-1,-1,-1
201454A668114,2,9,0,3,0,1,0,0,0,0,2,1,6,2,18,4,1242,1,2,8,3
201454A673014,1,9,0,4,0,3,0,0,0,0,2,1,3,2,53,8,2143,2,2,8,2
201454A673014,2,9,0,18,0,3,1,0,0,0,1,1,1,1,47,8,1686,2,-1,-1,-1
201454A705914,1,9,0,14,0,0,0,0,0,0,1,1,6,1,26,6,1896,2,9,9,3
201454A709714,1,9,0,3,0,1,0,0,0,0,2,1,6,1,26,6,1596,1,9,7,1
201454A709714,2,9,0,3,0,1,0,0,0,0,2,1,6,1,38,7,2199,2,-1,8,1
201454A709714,3,9,0,18,0,1,0,0,0,0,1,1,6,1,33,6,2720,2,5,8,1
201454A711714,1,9,0,17,0,2,0,0,1,4,1,1,6,1,23,5,1587,1,12,7,2
201454A712014,1,9,0,5,0,8,0,0,0,0,1,1,6,3,-1,-1,-1,-1,-1,-1,-1
201454A712014,2,1,0,18,0,8,0,0,0,0,4,1,4,1,13,3,-1,-1,-1,6,1
201454A713314,1,9,0,16,0,1,0,0,1,3,4,1,3,1,38,7,1598,1,14,-1,3
201454A716914,1,9,0,18,0,6,0,4,0,0,1,1,6,1,21,5,1590,1,16,8,1
201454A716914,2,9,0,2,0,8,0,0,1,2,3,1,6,3,-1,-1,1598,1,13,-1,-1
201454A718314,1,9,0,18,0,0,2,0,5,6,1,1,6,1,36,7,2544,1,14,5,1
201454A718314,2,9,0,18,0,0,1,0,1,0,2,1,6,1,56,9,1405,1,9,9,1
201454A737914,1,9,0,18,0,0,0,0,0,0,1,1,6,2,21,5,1997,2,12,3,1
201454A738814,1,9,0,9,0,6,0,0,0,0,1,1,6,2,49,8,1560,2,7,8,2
201454A738814,2,11,0,10,0,8,0,0,0,0,1,1,1,2,48,8,3900,2,8,2,1
201454A738814,3,2,0,18,0,8,0,0,0,0,1,1,6,1,16,4,50,1,2,8,2
201454A745114,1,9,0,5,0,6,0,0,0,0,0,1,2,2,44,7,1998,1,11,8,1
201454A745114,2,3,0,18,0,1,1,0,0,0,3,1,2,1,30,6,124,1,6,6,1
201454A758114,1,9,0,4,0,0,0,0,0,0,2,1,6,1,46,8,2490,2,19,9,3
201454A758114,2,9,0,18,0,0,1,0,0,0,1,1,6,1,28,6,1124,1,13,7,1
201454A760114,1,9,0,5,0,0,0,0,0,0,1,1,6,1,78,11,1598,1,12,6,1
201454A760114,2,9,0,4,0,0,0,0,0,0,2,1,6,2,51,8,1598,2,3,8,3
201454A772114,1,9,0,17,0,0,2,0,2,10,4,1,6,1,18,4,1388,1,7,9,3
201454A793914,1,9,0,5,0,6,0,0,0,0,4,1,2,1,61,9,1956,2,4,10,1
201454A793914,2,1,0,9,0,6,1,0,0,0,1,1,2,1,47,8,-1,-1,-1,-1,-1
201454A813914,1,9,0,7,0,6,0,0,0,0,3,1,6,1,33,6,1560,2,4,-1,1
201454A813914,2,1,0,18,0,8,0,0,0,0,1,1,6,1,34,6,-1,-1,-1,10,3
201454A843714,1,3,0,4,0,8,0,0,0,0,2,1,2,1,41,7,124,1,2,2,1
201454A843714,2,9,0,5,0,8,0,0,0,0,1,1,2,2,32,6,1364,1,7,3,1
201454A843714,3,9,0,5,0,8,0,0,0,0,1,1,6,1,-1,-1,1397,1,5,-1,-1
201454A844614,1,9,0,18,0,6,0,0,0,0,1,1,1,1,62,9,1956,2,3,8,3
201454A844614,2,21,1,18,0,6,0,0,0,0,0,1,1,1,54,8,11967,2,1,6,1
201454A844614,3,9,0,18,0,8,0,0,7,0,4,1,2,1,37,7,1995,2,8,10,1
201454A852614,1,9,0,16,0,0,0,0,0,0,1,1,6,2,81,11,1368,1,7,8,1
201454A852614,2,9,0,17,0,0,0,0,0,0,1,1,2,1,49,8,2143,2,2,9,3
201454A852614,3,9,0,18,0,0,0,0,1,0,1,1,6,2,57,9,1598,1,13,6,3
201454A862814,1,9,0,4,0,0,0,0,0,0,2,1,2,1,17,4,1124,1,12,10,3
201454A862814,2,19,0,4,0,0,1,0,0,0,1,1,1,1,37,7,2494,2,8,-1,2
201454A876014,1,17,0,5,0,6,5,0,0,0,4,1,1,1,70,10,-1,2,18,8,3
201454A876014,2,21,0,18,0,8,0,0,0,0,1,1,1,1,58,9,10518,2,7,2,1
201454A904114,1,9,0,18,0,0,0,0,0,0,1,1,6,1,-1,-1,-1,-1,-1,-1,-1
201454A905914,1,9,0,4,0,6,0,0,0,0,0,1,6,2,58,9,2987,2,8,8,3