Accident_Index,Vehicle_Reference,Vehicle_Type,Towing_and_Articulation,Vehicle_Manoeuvre,Vehicle_Location-Restricted_Lane,Junction_Location,Skidding_and_Overturning,Hit_Object_in_Carriageway,Vehicle_Leaving_Carriageway,Hit_Object_off_Carriageway,1st_Point_of_Impact,Was_Vehicle_Left_Hand_Drive?,Journey_Purpose_of_Driver,Sex_of_Driver,Age_of_Driver,Age_Band_of_Driver,Engine_Capacity_(CC),Propulsion_Code,Age_of_Vehicle,Driver_IMD_Decile,Driver_Home_Area_Type
2014554C10530,1,9,0,5,9,6,0,0,0,0,4,1,6,2,83,11,995,1,8,6,1
2014554C10553,1,11,0,5,0,0,0,0,0,0,0,1,1,1,37,7,7300,2,13,10,2
2014554C10575,1,9,0,18,0,0,0,0,0,0,2,1,6,1,39,7,2993,2,1,6,1
2014554C10575,2,9,0,18,0,0,0,0,0,0,1,1,6,1,32,6,1984,1,17,4,1
2014554C10575,3,90,0,13,0,0,0,0,0,0,0,1,1,3,-1,-1,2987,2,2,-1,-1
2014554C10584,1,9,0,9,0,5,0,0,0,0,4,1,6,2,26,6,1360,1,9,2,1
2014554C10584,2,3,0,18,0,8,0,0,0,0,1,1,6,1,59,9,124,1,21,2,1
2014554C10700,1,9,0,5,0,1,0,0,0,0,1,1,6,1,21,5,1242,1,15,10,1
2014554C10700,2,9,0,3,0,1,0,0,0,0,0,1,6,2,57,9,-1,-1,-1,8,3
2014554C10739,1,9,0,18,0,8,0,0,0,0,1,1,6,2,21,5,1242,1,5,4,1
2014554C10739,2,9,0,18,0,6,0,0,0,0,1,1,6,1,26,6,1998,1,12,4,1
2014554C10783,1,9,0,5,0,1,0,0,0,0,1,1,6,2,63,9,1968,2,7,4,1
2014554C10783,2,1,0,14,0,1,0,0,0,0,1,1,6,1,61,9,-1,-1,-1,10,1
2014554C10845,1,9,0,1,0,0,0,0,0,0,3,1,6,2,20,4,1242,1,1,5,1
2014554C10845,2,9,0,18,0,0,0,0,0,0,4,1,6,2,50,8,1597,1,18,5,1
2014554C10909,1,9,0,18,0,1,0,0,0,0,4,1,6,1,68,10,1896,2,11,9,1
2014554C10909,2,1,0,15,0,1,0,0,0,0,4,1,6,1,56,9,-1,-1,-1,8,1
2014554C10960,1,9,0,18,0,0,0,0,0,0,1,1,6,2,36,7,1598,1,4,5,1
2014554C10960,2,9,0,18,0,0,0,0,0,0,3,1,6,1,68,10,1796,1,4,10,1
2014554C10960,3,9,0,18,0,0,0,0,0,0,1,1,6,1,61,9,2776,2,1,10,1
2014554C11017,1,9,0,9,0,8,0,0,0,0,1,1,6,1,44,7,1199,1,12,3,1
2014554C11017,2,1,0,18,0,8,0,0,0,0,1,1,6,1,56,9,-1,-1,-1,5,1
2014554C11113,1,9,0,9,0,8,0,0,0,0,1,1,3,1,39,7,1998,1,14,4,1
2014554C11113,2,3,0,14,0,8,0,0,0,0,1,1,2,1,23,5,124,1,1,7,1
2014554C11182,1,9,0,18,9,0,0,0,0,0,1,1,6,1,32,6,1560,2,5,4,1
2014554C11314,1,11,0,5,0,0,0,0,0,0,0,1,1,1,33,6,7300,2,13,5,1
2014554C11327,1,9,0,13,0,0,0,0,0,0,4,1,6,3,-1,-1,-1,-1,-1,-1,-1
2014554C11327,2,1,0,18,0,0,0,0,0,0,3,1,4,1,15,3,-1,-1,-1,10,1
2014554C11338,1,9,0,18,0,8,0,0,0,0,1,1,6,1,62,9,1956,2,2,4,1
2014554C11362,1,9,0,18,0,2,5,10,1,10,1,1,6,1,18,4,1242,1,10,9,1
2014554C11362,2,9,0,2,0,2,0,0,0,0,3,1,6,3,-1,-1,1868,2,13,-1,-1
2014554C11362,3,9,0,2,0,2,0,0,0,0,2,1,6,3,-1,-1,1248,1,3,-1,-1
2014554C11419,1,9,0,7,0,6,0,0,0,0,1,1,6,1,50,8,1999,1,12,5,1
2014554C11419,2,1,0,18,0,8,0,0,0,0,4,1,6,1,33,6,-1,-1,-1,1,1
2014554C11421,1,9,0,18,0,8,0,0,0,0,1,1,6,1,75,10,1596,1,13,-1,1
2014554C11421,2,9,0,18,0,8,0,0,0,0,3,1,6,2,41,7,2776,2,7,3,1
2014554C11424,1,9,0,7,0,3,0,0,0,0,4,1,6,2,35,6,3498,1,9,2,1
2014554C11424,2,1,0,18,0,1,0,0,0,0,3,1,1,2,23,5,-1,-1,-1,7,1
2014554C11444,1,9,0,12,0,0,0,0,0,0,2,1,6,1,53,8,1896,2,7,10,1
2014554C11444,2,19,0,18,0,0,0,0,0,0,0,1,6,1,45,7,1686,2,11,7,1
2014554C11444,3,9,0,18,0,0,0,0,0,0,1,1,6,2,49,8,999,1,2,8,3
2014554C11455,1,1,0,18,9,2,0,0,0,0,1,1,6,1,34,6,-1,-1,-1,1,1
2014554C11461,1,9,0,18,0,1,0,0,0,0,1,1,6,3,-1,-1,-1,-1,-1,-1,-1
2014554C11461,2,9,0,10,0,1,0,0,0,0,2,1,2,2,30,6,1560,2,2,9,1
2014554C11583,1,11,0,18,0,1,0,0,0,0,0,1,1,1,35,6,4461,2,1,5,1
2014554C11646,1,9,0,4,0,2,0,0,0,0,4,1,6,1,70,10,1998,1,11,9,1
2014554C11727,1,9,0,18,0,1,0,0,0,0,4,1,6,2,51,8,1997,2,12,-1,-1
2014554C11808,1,9,0,9,0,1,0,0,0,0,1,1,3,2,44,7,1998,1,10,10,1
2014554C11808,2,1,0,9,0,1,0,0,0,0,1,1,4,1,14,3,-1,-1,-1,10,1
2014554C11814,1,9,0,18,0,4,0,0,0,0,4,1,3,2,63,9,1995,1,6,7,2
2014554C11814,2,3,0,17,0,8,0,0,0,0,1,1,2,1,30,6,124,1,3,6,1
2014554C11873,1,9,0,2,0,0,0,0,0,0,3,1,6,2,51,8,1242,1,13,4,1
2014554C11873,2,1,0,18,0,0,0,0,0,0,1,1,6,1,23,5,-1,-1,-1,4,1
2014554C11903,1,9,0,18,0,8,0,0,0,0,1,1,6,1,46,8,1560,2,2,5,1
2014554C11903,2,9,0,18,0,8,0,0,0,0,3,1,6,2,49,8,996,1,5,9,1
2014554C11923,1,9,0,4,0,0,0,0,0,0,2,1,6,2,22,5,1761,1,15,9,1
2014554C11923,2,9,0,4,0,0,0,0,0,0,1,1,6,2,24,5,1149,1,9,6,1
2014554C11979,1,9,0,18,0,0,0,0,1,2,1,1,1,1,47,8,-1,-1,-1,3,1
2014554C12037,1,9,0,4,0,1,0,0,0,0,2,1,6,1,47,8,1598,1,12,1,1
2014554C12037,2,9,0,4,0,1,0,0,0,0,1,1,6,1,28,6,1242,1,14,3,1
2014554C12043,1,9,0,9,0,6,0,0,0,0,1,1,6,1,33,6,1596,1,9,9,1
2014554C12043,2,2,0,18,0,8,0,0,0,0,1,1,6,1,16,4,49,1,6,9,1
2014554C12060,1,9,0,9,0,6,0,0,0,0,3,1,6,1,39,7,1598,1,2,6,1
2014554C12123,1,2,0,4,0,0,0,0,0,0,1,1,6,1,16,4,49,1,6,4,1
2014554C12123,2,9,0,4,0,0,0,0,0,0,2,1,6,2,-1,-1,-1,-1,-1,-1,-1
2014554C12143,1,2,0,18,0,8,0,0,0,0,2,1,6,2,16,4,50,1,5,3,1
2014554C12143,2,9,0,9,0,6,0,0,0,0,1,1,6,3,-1,-1,-1,-1,-1,-1,-1
2014554C12241,1,9,0,18,0,2,0,7,0,0,1,1,6,1,27,6,1242,1,14,3,1
2014554C12314,1,9,0,9,0,5,0,0,0,0,1,1,6,2,29,6,1364,1,4,10,1
2014554C12314,2,1,0,18,0,8,0,0,0,0,1,1,6,1,36,7,-1,-1,-1,-1,1
2014554C12337,1,9,0,9,0,8,0,0,0,0,4,1,2,1,44,7,1598,1,7,8,1
2014554C12337,2,1,0,18,0,1,0,0,0,0,1,1,2,1,53,8,-1,-1,-1,5,1
2014554C12491,1,9,0,18,0,0,0,0,0,0,1,1,2,1,57,9,1596,1,4,9,1
2014554C12491,2,9,0,2,0,0,0,0,0,0,2,1,6,2,24,5,1391,1,17,5,1
2014554C12611,1,1,0,18,0,8,0,0,0,0,4,1,6,1,37,7,-1,-1,-1,4,1
2014554C12611,2,9,0,18,0,4,0,0,0,0,1,1,6,1,34,6,1686,2,1,6,1
2014554C12742,1,9,0,18,0,8,0,0,0,0,1,1,6,1,28,6,1968,2,7,8,1
2014554C12742,2,9,0,9,0,8,0,0,0,0,1,1,6,2,30,6,1598,1,13,3,1
2014554C12780,1,9,0,18,0,0,0,0,0,0,3,1,6,1,19,4,1596,1,5,4,1
2014554C12780,2,9,0,18,0,0,0,0,0,0,3,1,6,2,38,7,1339,1,6,4,1
2014554C12821,1,9,0,18,0,0,0,0,1,2,1,1,6,2,76,11,1240,1,6,9,1
2014554C12845,1,11,0,4,0,0,0,0,0,0,0,1,6,1,46,8,7300,2,10,2,1
2014554C12847,1,11,0,2,0,0,0,0,0,0,0,1,1,2,48,8,7300,2,13,9,1
2014554C12864,1,11,0,4,0,0,0,0,0,0,4,1,1,1,58,9,7300,2,2,1,1
2014554C12870,1,9,0,18,0,0,0,0,0,0,0,1,6,3,-1,-1,-1,-1,-1,-1,-1
2014554C12903,1,9,0,5,0,8,0,0,0,0,1,1,6,3,-1,-1,-1,-1,-1,-1,-1
2014554C12903,2,9,0,18,0,8,0,0,0,0,4,1,6,2,50,8,1998,1,12,10,1
2014554C13012,1,9,0,9,0,5,0,0,0,0,4,1,6,2,23,5,1753,2,6,9,1
2014554C13012,2,1,0,18,4,8,0,0,0,0,1,1,6,1,35,6,-1,-1,-1,6,1
2014554C13050,1,9,0,18,0,1,0,0,0,0,1,1,6,1,24,5,1149,1,11,7,1
2014554C13050,2,9,0,7,0,2,0,0,0,0,1,1,6,2,33,6,1596,1,10,-1,-1
2014554C13078,1,3,0,18,0,8,0,0,0,0,1,1,6,1,21,5,124,1,1,-1,-1
2014554C13116,1,9,0,9,0,6,0,0,0,0,1,1,1,1,23,5,1598,1,13,7,1
2014554C13116,2,9,0,18,0,1,0,0,0,0,3,1,1,1,62,9,1364,1,3,8,1
2014554C13388,1,9,0,5,0,6,0,0,0,0,0,1,6,1,79,11,2987,2,4,10,1
2014554C13388,2,5,0,18,0,1,1,0,0,0,0,1,2,1,30,6,645,1,11,5,1
2014554C13411,1,3,0,5,0,2,0,0,0,0,3,1,1,1,33,6,-1,-1,-1,5,1
2014554C13411,2,9,0,4,0,1,0,0,0,0,1,1,3,2,37,7,1793,1,12,5,1
2014554C13528,1,9,0,3,0,1,0,0,0,0,3,1,6,1,46,8,1968,2,-1,8,3
2014554C13528,2,9,0,9,0,2,0,0,0,0,3,1,6,1,30,6,1781,1,13,5,1
2014554C13531,1,19,0,11,0,2,0,0,0,0,0,1,6,3,-1,-1,-1,-1,-1,-1,-1
2014554C13531,2,4,0,18,0,2,1,0,1,10,0,1,6,1,24,5,600,1,1,8,1
2014554C13538,1,9,0,18,0,0,0,0,0,0,0,1,6,1,26,6,1796,1,12,3,1
2014554C13538,2,9,0,18,0,0,0,0,0,0,0,1,6,2,46,8,1968,2,2,10,1
2014554C13540,1,4,0,14,0,0,0,0,0,0,1,1,6,1,68,10,278,1,4,8,1
2014554C13545,1,9,0,18,0,0,0,0,0,0,1,1,6,2,42,7,998,1,8,3,1
2014554C13545,2,1,0,18,0,0,0,0,0,0,1,1,6,1,6,2,-1,-1,-1,3,1
2014554C13581,1,9,0,18,0,0,1,0,1,10,1,1,6,1,24,5,1905,2,16,2,1
2014554C13746,1,9,0,18,0,6,0,0,0,0,1,1,6,3,-1,-1,-1,-1,-1,-1,-1
2014554C13746,2,9,0,10,0,6,0,0,0,0,2,1,6,1,25,5,2976,1,11,7,1
2014554C13766,1,9,0,7,0,1,0,0,0,0,1,1,6,1,60,9,1124,1,14,4,1
2014554C13766,2,9,0,10,0,1,0,0,0,0,1,1,6,1,27,6,1598,1,11,9,1
2014554C13938,1,9,0,18,0,8,0,0,0,0,1,1,6,1,48,8,1997,2,14,3,1
2014554C13938,2,9,0,5,0,6,0,0,0,0,3,1,6,1,33,6,1896,2,10,6,1
2014554C14018,1,9,0,9,0,6,0,0,0,0,1,1,6,2,40,7,1598,2,3,3,1
2014554C14018,2,9,0,18,0,8,0,0,0,0,1,1,6,2,73,10,1498,1,13,8,1
2014554C14104,1,9,0,18,0,8,0,0,0,0,1,1,6,1,29,6,3960,1,20,4,1
2014554C14104,2,5,0,18,0,8,0,0,0,0,1,1,6,1,38,7,805,1,22,4,1
2014554C14115,1,8,0,18,0,0,0,0,0,0,1,1,1,1,32,6,2231,2,6,3,1
2014554C14195,1,9,0,9,0,6,0,0,0,0,1,1,6,2,32,6,1497,1,12,3,1
2014554C14195,2,1,0,18,0,8,0,0,0,0,1,1,6,1,17,4,-1,-1,-1,10,1
2014554C14212,1,5,0,18,0,2,1,0,0,0,3,1,6,1,52,8,999,1,2,4,1
2014554C14316,1,9,0,7,0,6,0,0,0,0,1,1,6,1,68,10,2184,2,11,8,1
2014554C14316,2,9,0,18,0,8,0,0,0,0,1,1,6,1,55,8,-1,-1,-1,7,1
2014554C14355,1,9,0,11,0,0,0,0,0,0,4,1,6,1,54,8,3456,8,4,7,1
2014554C14355,2,1,0,18,0,0,0,0,0,0,1,1,6,1,54,8,-1,-1,-1,7,1
2014554C14380,1,9,0,12,0,0,0,0,0,0,1,1,6,1,60,9,1995,2,2,-1,-1
2014554C14380,2,9,0,18,0,0,0,0,0,0,2,1,6,1,25,5,1598,1,16,5,1
2014554C14509,1,9,0,17,0,8,0,0,0,0,1,1,6,2,22,5,-1,-1,-1,7,1
2014554C14509,2,9,0,9,0,6,0,0,0,0,3,1,6,1,43,7,1796,1,6,7,1
2014554C14533,1,8,0,18,0,8,0,0,0,0,1,1,1,2,32,6,1896,2,6,2,1
2014554C14533,2,9,0,18,0,8,0,0,0,0,4,1,6,2,45,7,998,1,11,7,1
2014554C14564,1,9,0,18,0,8,0,0,0,0,4,1,6,3,-1,-1,-1,-1,-1,-1,-1
2014554C14576,1,8,0,18,0,0,0,0,0,0,1,1,1,1,53,8,1968,2,2,5,1
2014554C14576,2,1,0,18,0,0,0,0,0,0,1,1,6,1,16,4,-1,-1,-1,8,1
2014554C14594,1,9,0,9,0,2,0,0,0,0,2,1,6,1,24,5,1781,1,25,1,1
2014554C14594,2,9,0,18,0,2,0,0,0,0,1,1,6,1,19,4,1596,1,9,7,1
2014554C14605,1,1,0,18,0,8,0,0,0,0,1,1,6,2,52,8,-1,-1,-1,3,1
2014554C14605,2,9,0,5,0,8,0,0,0,0,4,1,6,2,31,6,1984,1,7,6,1
2014554C14618,1,9,0,9,0,5,0,0,0,0,1,1,6,2,26,6,1398,1,9,8,1
2014554C14618,2,3,0,14,0,1,0,0,0,0,1,1,6,1,21,5,100,1,15,7,1
2014554C14628,1,9,0,12,0,8,0,0,0,0,1,1,6,3,-1,-1,1798,1,6,-1,-1
2014554C14628,2,9,0,18,0,3,0,0,0,0,4,1,6,1,21,5,1560,2,1,2,1
2014554C14633,1,9,0,18,0,2,0,0,0,0,1,1,6,3,-1,-1,-1,-1,-1,-1,-1
2014554C14633,2,1,0,18,0,2,0,0,0,0,2,1,6,1,25,5,-1,-1,-1,3,1
2014554C15038,1,9,0,5,0,0,0,0,0,0,3,2,6,1,21,5,-1,-1,-1,-1,-1
2014554C15038,2,9,0,18,0,0,0,0,0,0,1,1,6,1,49,8,2987,2,4,7,1
2014554C15139,1,3,0,18,0,1,0,0,0,0,4,1,6,1,19,4,125,1,2,9,1
2014554C15169,1,9,0,18,0,1,0,0,0,0,1,1,6,3,-1,-1,-1,-1,-1,-1,-1
2014554C15169,2,9,0,3,0,1,0,0,0,0,2,1,6,2,21,5,1242,1,1,10,1
2014554C15272,1,9,0,18,0,0,0,0,0,0,1,1,6,2,33,6,999,1,2,3,1
2014554C15272,2,19,0,2,0,0,0,0,0,0,2,1,6,1,28,6,2287,2,6,-1,-1
2014554C15317,1,9,0,5,0,2,0,0,0,0,1,1,6,1,22,5,1799,1,7,2,1
2014554C15317,2,1,0,18,0,8,0,0,0,0,1,1,6,1,29,6,-1,-1,-1,-1,1
2014554C15377,1,21,0,18,0,0,0,0,0,0,1,1,6,2,21,5,10837,2,2,9,1
2014554C15377,2,9,0,4,0,0,0,0,0,0,2,1,6,1,58,9,1248,2,1,8,2
2014554C15377,3,20,0,4,0,0,0,0,0,0,2,1,6,1,41,7,2143,2,1,7,1
2014554C15388,1,11,0,18,0,0,0,0,0,0,3,1,1,1,26,6,7300,2,2,9,1
2014554C15399,1,11,0,4,0,0,0,0,0,0,0,1,1,1,44,7,7300,2,2,-1,-1
2014554C15472,1,2,0,18,0,8,0,0,0,0,1,1,6,1,16,4,49,1,7,6,1
2014554C15472,2,9,0,18,0,4,0,0,0,0,1,1,2,1,27,6,1598,1,16,4,1
2014554C15502,1,9,0,9,0,5,0,0,7,10,1,1,6,2,82,11,1598,1,12,7,1
2014554C15845,1,9,0,1,8,0,0,0,0,0,2,1,6,1,87,11,1896,2,12,6,1
2014554C15946,1,9,0,18,0,8,1,0,0,0,1,1,6,2,38,7,2000,1,15,6,1
2014554C15946,2,9,0,9,0,8,0,0,0,0,3,1,2,1,18,4,1360,1,14,2,1
2014554C16028,1,11,0,18,0,0,0,0,0,0,0,1,1,1,53,8,7300,2,10,6,1
2014554C16033,1,9,0,5,0,8,0,0,0,0,3,1,6,2,29,6,1598,1,9,6,1
2014554C16033,2,1,0,18,0,8,0,0,0,0,1,1,1,1,32,6,-1,-1,-1,5,1
2014554C16041,1,9,0,3,0,8,0,0,0,0,2,1,6,2,21,5,1400,1,14,8,1
2014554C16041,2,9,0,18,0,1,0,0,0,0,1,1,6,2,21,5,1388,1,11,6,1
2014554C16048,1,9,4,13,0,0,0,0,0,0,4,1,6,1,61,9,2993,2,4,6,1
2014554C16048,2,9,0,2,0,0,0,0,0,0,2,1,6,3,-1,-1,2987,2,7,-1,-1
2014554C16048,3,1,0,18,0,0,0,0,0,0,3,1,6,1,28,6,-1,-1,-1,9,1
2014554C16094,1,1,0,18,0,6,0,0,0,0,4,1,2,1,44,7,-1,-1,-1,6,1
2014554C16094,2,9,0,18,0,1,0,0,0,0,1,1,2,1,45,7,1400,1,14,6,1
2014554C16108,1,9,0,4,0,1,0,0,0,0,1,1,6,2,24,5,1390,1,14,5,1
2014554C16108,2,9,0,3,0,1,0,0,0,0,2,1,6,2,23,5,1364,1,9,7,1
2014554C16137,1,1,0,18,0,6,0,0,0,0,3,1,6,2,32,6,-1,-1,-1,3,1
2014554C16137,2,9,0,5,0,4,0,0,0,0,4,1,6,2,59,9,1598,1,5,9,1
2014554C16186,1,9,0,7,0,5,0,0,1,10,4,1,2,1,24,5,1149,1,3,5,1
2014554C16186,2,9,0,18,0,8,0,0,1,10,1,1,2,1,28,6,-1,-1,-1,4,1
2014554C16227,1,9,0,18,0,1,0,0,3,0,3,1,6,2,18,4,1242,1,-1,1,1
2014554C16227,2,19,0,5,0,6,0,0,0,0,1,1,2,1,34,6,2287,2,2,6,1
2014554C16359,1,1,0,18,0,2,0,0,0,0,1,1,6,1,31,6,-1,-1,-1,7,1
2014554C16359,2,9,0,18,0,1,0,0,0,0,1,1,6,3,-1,-1,-1,-1,-1,-1,-1
2014554C16367,1,9,0,5,0,8,0,0,0,0,1,1,6,1,33,6,1968,2,5,10,1
2014554C16367,2,9,0,18,0,8,0,0,0,0,4,1,6,1,26,6,1398,1,14,9,1
2014554C16418,1,1,0,17,0,8,0,0,0,0,4,1,1,2,43,7,-1,-1,-1,3,1
2014554C16418,2,9,0,5,0,4,0,0,0,0,1,1,1,1,59,9,1999,1,7,9,1
2014554C16421,1,9,0,9,0,5,0,0,0,0,4,1,6,2,52,8,2435,1,10,7,1
2014554C16421,2,1,0,18,4,1,0,0,0,0,1,1,2,1,28,6,-1,-1,-1,7,1
2014554C16552,1,9,0,18,0,8,0,0,6,10,1,1,6,1,21,5,1360,1,10,9,2
2014554C16552,2,9,0,9,0,8,0,0,0,0,3,1,6,1,46,8,998,1,3,-1,1
2014554C16576,1,9,0,17,0,2,0,0,0,0,4,1,6,1,42,7,1686,2,1,6,1
2014554C16687,1,9,0,9,0,5,0,0,0,0,3,1,6,2,25,5,1400,1,14,10,1
2014554C16687,2,3,0,13,0,8,0,0,0,0,1,1,6,1,18,4,124,1,3,6,1
2014554C16765,1,9,0,18,0,3,1,0,1,10,1,1,6,1,19,4,1299,1,10,-1,-1
2014554C16909,1,11,0,18,0,2,0,0,0,0,0,1,6,2,40,7,7300,2,10,6,1
2014554C17019,1,9,0,18,0,8,0,0,0,0,3,1,6,2,27,6,1124,1,8,4,1
2014554C17019,2,1,0,18,0,8,0,0,0,0,4,1,6,2,42,7,-1,-1,-1,5,1
2014554C17062,1,9,0,4,0,1,0,0,0,0,2,1,2,2,25,5,2000,2,14,8,1
2014554C17062,2,9,0,4,0,1,0,0,0,0,1,1,6,2,36,7,-1,-1,-1,6,1
2014554C17062,3,9,0,9,0,1,0,0,0,0,2,1,6,1,35,6,1124,1,13,4,1
2014554C17172,1,9,0,5,0,6,0,0,0,0,1,1,6,2,43,7,1896,2,11,8,1
2014554C17172,2,3,0,17,0,8,0,0,0,0,2,1,6,1,20,4,125,1,9,9,1
2014554C17185,1,11,0,5,0,0,0,0,0,0,0,1,6,1,41,7,7300,2,7,3,1
2014554C17213,1,1,0,18,0,1,0,0,0,0,1,1,6,1,-1,-1,-1,-1,-1,-1,-1
2014554C17213,2,11,0,2,0,2,0,0,0,0,0,1,1,3,-1,-1,-1,-1,-1,-1,-1
2014554C17246,1,1,0,18,0,8,1,0,0,0,3,1,1,1,34,6,-1,-1,-1,6,1
2014554C17246,2,9,0,9,0,8,0,0,0,0,1,1,1,1,42,7,1598,2,1,3,1
2014554C17274,1,9,0,18,0,0,0,0,7,2,1,1,6,2,29,6,1398,1,3,7,1
2014554C17364,1,11,0,7,0,5,0,0,0,0,0,1,1,1,50,8,7300,2,10,3,1
2014554C17380,1,9,0,18,0,8,0,0,0,0,1,1,6,1,45,7,2993,2,-1,10,1
2014554C17380,2,9,0,18,0,8,1,0,1,10,3,1,6,1,39,7,2179,2,2,8,1
2014554C17380,3,9,0,18,0,8,0,0,0,0,3,1,6,2,32,6,1560,2,5,5,1
2014554C17508,1,11,0,18,0,8,0,0,0,0,0,1,1,1,63,9,6696,2,1,3,1
2014554C17607,1,9,0,18,0,0,0,6,0,0,4,1,1,2,27,6,-1,-1,-1,5,1
2014554C17669,1,11,0,7,0,2,0,0,0,0,0,1,1,2,39,7,6700,2,6,1,1
2014554C17755,1,9,0,18,0,8,0,0,0,0,1,1,2,2,57,9,1560,2,1,2,1
2014554C17755,2,9,0,18,0,8,0,0,0,0,1,1,6,3,-1,-1,1951,2,12,-1,-1
2014554C17773,1,11,0,18,0,2,0,0,0,0,0,1,1,1,35,6,7300,2,2,7,1
2014554C17794,1,9,0,18,0,4,0,0,7,10,3,1,6,1,-1,-1,-1,-1,-1,-1,-1
2014554C17794,2,9,0,18,0,3,0,0,0,0,1,1,6,1,53,8,999,1,6,4,1
2014554C17817,1,2,0,18,0,0,0,0,0,0,1,1,6,2,16,4,49,1,1,9,1
2014554C17817,2,2,0,4,0,0,0,0,0,0,2,1,6,1,16,4,49,1,2,5,1
2014554C17902,1,9,0,3,0,1,0,0,0,0,2,1,1,2,59,9,1587,1,11,8,1
2014554C17902,2,9,0,3,0,1,0,0,0,0,2,1,6,2,33,6,1988,1,12,3,1
2014554C17902,3,9,0,4,0,1,0,0,0,0,1,1,6,2,33,6,1870,2,10,-1,-1
2014554C17943,1,11,0,18,2,8,0,0,0,0,0,1,1,1,41,7,9000,2,6,6,1
2014554C17943,2,9,0,7,0,6,0,0,0,0,0,1,6,1,61,9,-1,-1,-1,5,1
2014554C17962,1,9,0,5,0,1,0,0,0,0,1,1,6,2,34,6,2319,1,11,5,1
2014554C17962,2,9,0,3,0,1,0,0,0,0,2,1,6,2,17,4,796,1,14,5,1
2014554C17973,1,9,0,4,0,1,0,0,0,0,1,1,6,1,18,4,1124,1,13,9,1
2014554C17980,1,5,0,18,0,0,1,0,0,0,1,1,6,1,46,8,998,1,8,4,1
2014554C17980,2,9,0,6,0,0,0,0,0,0,4,1,6,1,30,6,-1,-1,-1,2,1
2014554C18054,1,21,0,12,0,1,1,0,0,0,1,1,1,1,44,7,9365,2,6,-1,-1
2014554C18054,2,21,0,4,0,1,1,0,1,2,2,1,1,1,55,8,4461,2,4,10,1
2014554C18112,1,9,0,9,0,8,0,0,0,0,1,1,2,1,27,6,-1,-1,-1,3,1
2014554C18112,2,2,0,13,0,8,1,0,0,0,4,1,6,1,18,4,49,1,11,4,1
2014554C18225,1,9,0,17,0,8,0,0,0,0,1,1,6,1,17,4,1299,1,12,6,1
2014554C18225,2,9,0,5,0,4,0,0,0,0,3,1,6,2,40,7,1240,1,9,1,1
2014554C18251,1,9,0,18,0,2,0,0,0,0,4,1,2,2,76,11,1348,1,13,10,1
2014554C18251,2,9,0,3,0,2,0,0,0,0,0,1,1,1,17,4,1197,1,2,3,1
2014554C18287,1,9,0,18,0,0,0,0,0,0,1,1,2,1,30,6,1598,1,8,10,1
2014554C18287,2,9,0,18,0,0,0,0,0,0,2,1,2,2,68,10,996,1,1,10,1
2014554C18301,1,9,0,9,0,6,0,0,0,0,1,1,6,1,45,7,3960,1,17,3,1
2014554C18304,1,9,0,5,0,6,0,0,0,0,3,1,6,2,46,8,2698,2,8,9,1
2014554C18304,2,9,0,17,0,8,0,0,0,0,1,1,6,2,33,6,1299,1,13,-1,1
2014554C18447,1,9,0,2,0,8,0,0,0,0,3,1,6,3,-1,-1,1339,1,9,-1,-1
2014554C18447,2,9,0,1,0,6,0,0,0,0,2,1,3,2,33,6,1995,1,1,7,1
2014554C18474,1,11,0,4,0,0,0,0,0,0,0,1,1,1,43,7,7300,2,10,5,1
2014554C18516,1,5,0,18,0,1,0,0,0,0,1,1,2,1,27,6,996,1,14,5,1
2014554C18516,2,9,0,9,0,1,0,0,0,0,3,1,1,1,21,5,1242,1,6,4,1
2014554C18540,1,9,0,7,0,6,0,0,0,0,1,1,6,1,42,7,-1,-1,-1,7,1
2014554C18540,2,9,0,18,0,1,0,0,0,0,1,1,6,2,28,6,1598,1,8,4,1
2014554C18553,1,5,0,11,0,0,2,0,1,0,3,1,6,1,22,5,599,1,13,10,3
2014554C18553,2,9,0,18,0,0,0,0,0,0,4,1,1,1,42,7,1968,2,-1,9,1
2014554C18553,3,9,0,18,0,0,0,0,0,0,2,1,6,1,55,8,-1,-1,-1,5,1
2014554C18655,1,9,0,18,0,8,0,0,0,0,1,1,6,2,20,4,1108,1,20,6,1
2014554C18655,2,9,0,4,0,8,0,0,0,0,2,1,6,2,65,9,2171,1,10,3,1
2014554C18775,1,9,0,6,0,0,0,0,0,0,3,1,6,2,80,11,1360,1,10,10,1
2014554C18775,2,9,0,18,0,0,0,0,0,0,1,1,6,1,86,11,998,1,11,3,1
2014554C18776,1,9,0,18,0,4,0,0,0,0,3,1,6,2,55,8,1596,1,11,7,1
2014554C18776,2,1,0,9,0,8,0,0,0,0,2,1,6,1,43,7,-1,-1,-1,-1,-1
2014554C18838,1,9,0,16,0,0,0,0,0,0,1,1,6,2,27,6,1390,1,12,2,1
2014554C18886,1,9,0,5,0,0,0,0,0,0,4,1,2,2,49,8,2351,1,11,8,1
2014554C18886,2,5,0,17,0,0,0,0,0,0,1,1,2,1,39,7,660,1,6,8,1
2014554C18898,1,9,0,18,0,8,0,0,0,0,1,1,6,2,43,7,1598,1,8,6,1
2014554C18898,2,1,0,18,0,8,0,0,0,0,4,1,2,1,29,6,-1,-1,-1,5,1
2014554C18960,1,9,0,9,0,2,0,0,0,0,1,1,1,2,52,8,1229,1,9,9,1
2014554C19042,1,90,0,18,0,0,1,0,0,0,1,1,3,1,56,9,-1,-1,-1,3,1
2014554C19042,2,1,0,18,0,0,0,0,0,0,3,1,6,2,13,3,-1,-1,-1,10,1