Accident_Index,Vehicle_Reference,Vehicle_Type,Towing_and_Articulation,Vehicle_Manoeuvre,Vehicle_Location-Restricted_Lane,Junction_Location,Skidding_and_Overturning,Hit_Object_in_Carriageway,Vehicle_Leaving_Carriageway,Hit_Object_off_Carriageway,1st_Point_of_Impact,Was_Vehicle_Left_Hand_Drive?,Journey_Purpose_of_Driver,Sex_of_Driver,Age_of_Driver,Age_Band_of_Driver,Engine_Capacity_(CC),Propulsion_Code,Age_of_Vehicle,Driver_IMD_Decile,Driver_Home_Area_Type
2014554C19118,1,9,0,18,0,0,0,0,0,0,1,1,6,3,-1,-1,1299,1,17,-1,-1
2014554C19118,2,9,0,18,0,0,0,0,0,0,2,1,6,1,26,6,1390,1,11,9,1
2014554C19144,1,19,0,18,0,0,0,0,0,0,4,1,6,3,-1,-1,-1,-1,-1,-1,-1
2014554C19203,1,9,0,18,0,0,0,0,0,0,1,1,6,2,39,7,1124,1,9,5,1
2014554C19218,1,11,0,18,0,2,0,0,0,0,1,1,1,1,26,6,6374,2,4,6,1
2014554C19515,1,9,0,18,0,4,0,9,0,0,1,1,6,1,26,6,1896,2,7,4,1
2014554C19546,1,8,0,18,0,1,0,0,0,0,1,1,1,1,35,6,1910,2,10,8,1
2014554C19629,1,9,0,18,0,2,0,0,1,10,1,1,6,3,-1,-1,-1,-1,-1,-1,-1
2014554C19761,1,5,0,18,0,0,0,0,0,0,2,1,6,1,32,6,599,1,8,3,1
2014554C19761,2,5,0,18,0,0,0,0,0,0,1,1,6,1,22,5,600,1,14,5,1
2014554C19761,3,9,0,2,0,0,0,0,0,0,0,1,6,2,29,6,1598,1,16,9,1
2014554C19762,1,9,0,18,0,0,0,0,0,0,1,1,6,1,80,11,1988,1,15,5,1
2014554C19762,2,9,0,2,0,0,0,0,0,0,3,1,6,3,-1,-1,1242,1,5,-1,-1
2014554C19762,3,9,0,2,0,0,0,0,0,0,4,1,6,3,-1,-1,1124,1,22,-1,-1
2014554C19762,4,9,0,2,0,0,0,0,0,0,3,1,6,3,-1,-1,1997,1,-1,-1,-1
2014554C19838,1,90,0,2,6,0,0,0,0,0,0,1,6,1,61,9,-1,-1,-1,3,1
2014554C19838,2,1,0,18,0,0,0,0,0,0,0,1,6,1,45,7,-1,-1,-1,5,1
2014554C19863,1,9,0,4,0,0,0,0,0,0,2,1,6,1,58,9,1598,1,9,4,1
2014554C19863,2,9,0,4,0,0,0,0,0,0,1,1,6,1,52,8,2495,1,12,10,1
2014554C19899,1,9,0,7,0,3,0,0,0,0,4,1,6,2,61,9,1799,1,18,10,1
2014554C19924,1,1,0,18,0,1,0,0,0,0,0,1,6,1,32,6,-1,-1,-1,5,1
2014554C19950,1,11,0,9,0,6,0,0,0,0,0,1,1,3,-1,-1,-1,-1,-1,-1,-1
2014554C19950,2,1,0,18,0,8,0,0,0,0,0,1,6,1,60,9,-1,-1,-1,1,1
2014554C19962,1,8,0,9,0,2,0,0,0,0,4,1,6,3,-1,-1,-1,-1,-1,-1,-1
2014554C19979,1,9,0,5,0,6,0,0,0,0,1,1,6,1,46,8,1796,1,12,1,1
2014554C19979,2,9,0,18,0,8,0,0,0,0,1,1,6,1,47,8,1968,2,3,10,1
2014554C20068,1,9,0,9,0,5,0,0,0,0,3,1,6,2,53,8,2993,2,4,8,1
2014554C20068,2,3,0,14,0,8,0,0,0,0,1,1,6,1,26,6,487,1,18,4,1
2014554C20190,1,1,0,9,0,6,0,0,0,0,1,1,6,1,15,3,-1,-1,-1,9,1
2014554C20190,2,9,0,18,0,8,0,0,0,0,1,1,2,1,38,7,2500,1,15,9,1
2014554C20253,1,19,0,9,0,6,0,0,0,0,1,1,1,1,55,8,1248,2,-1,5,1
2014554C20253,2,1,0,18,0,1,0,0,0,0,1,1,6,1,53,8,-1,-1,-1,5,1
2014554C20255,1,9,0,18,0,8,0,0,0,0,1,1,2,2,19,4,1396,1,11,10,1
2014554C20255,2,9,0,18,0,8,0,0,0,0,1,1,3,2,49,8,1598,2,4,8,1
2014554C20266,1,19,0,7,0,6,0,0,0,0,3,1,1,1,41,7,2198,2,6,6,2
2014554C20266,2,9,0,4,0,8,0,0,0,0,4,1,6,2,26,6,1598,1,8,5,1
2014554C20551,1,9,0,18,0,2,0,0,0,0,4,1,6,1,62,9,1753,2,12,4,1
2014554C20551,2,1,0,18,0,2,0,0,0,0,2,1,2,2,36,7,-1,-1,-1,2,1
2014554C20638,1,9,0,12,0,1,0,0,0,0,2,1,6,2,33,6,1995,2,1,-1,-1
2014554C20638,2,9,0,4,0,1,0,0,0,0,1,1,6,2,53,8,1124,1,16,3,1
2014554C20669,1,9,0,18,0,0,1,0,1,10,1,1,6,1,20,4,1998,1,10,10,1
2014554C20751,1,9,0,18,0,8,0,0,0,0,4,1,6,2,-1,-1,-1,-1,-1,-1,-1
2014554C20751,2,1,0,18,0,8,0,0,0,0,1,1,6,1,26,6,-1,-1,-1,4,1
2014554C20762,1,9,0,18,0,0,0,0,0,0,1,1,6,2,41,7,1560,2,6,10,1
2014554C20762,2,9,0,18,0,0,0,0,0,0,2,1,6,1,24,5,1398,1,3,9,1
2014554C20807,1,9,0,9,0,6,0,0,0,0,3,1,6,2,62,9,1493,1,18,10,1
2014554C20807,2,9,0,18,0,1,1,0,0,0,1,1,6,1,17,4,1598,1,13,5,2
2014554C21051,1,9,0,9,0,6,0,0,0,0,1,1,6,2,24,5,1149,1,4,2,1
2014554C21051,2,3,0,18,0,8,0,0,0,0,4,1,2,1,18,4,-1,-1,-1,2,1
2014554C21111,1,9,0,5,0,4,0,0,0,0,1,1,6,1,42,7,-1,-1,-1,6,1
2014554C21111,2,1,0,18,0,8,0,0,0,0,4,1,6,1,47,8,-1,-1,-1,7,1
2014554C21231,1,90,0,18,0,0,0,0,0,0,1,1,6,3,-1,-1,-1,-1,-1,-1,-1
2014554C21284,1,11,0,18,0,8,0,0,0,0,0,1,1,3,-1,-1,-1,-1,-1,-1,-1
2014554C21284,2,9,0,5,0,6,0,0,0,0,0,1,6,3,-1,-1,-1,-1,-1,-1,-1
2014554C21296,1,9,0,5,0,0,0,0,0,0,1,1,6,2,29,6,1349,1,3,8,1
2014554C21296,2,1,0,18,0,0,0,0,0,0,1,1,6,1,47,8,-1,-1,-1,3,1
2014554C21301,1,9,0,9,0,0,0,0,0,0,3,1,6,2,53,8,1796,1,8,6,1
2014554C21301,2,5,0,14,0,0,0,0,0,0,4,1,6,2,23,5,645,1,9,4,1
2014554C21493,1,9,0,9,0,8,0,0,0,0,4,1,6,1,33,6,1392,1,16,6,1
2014554C21493,2,1,0,18,0,8,0,0,0,0,1,1,6,1,47,8,-1,-1,-1,-1,1
2014554C21617,1,9,0,18,0,1,0,0,0,0,1,1,6,1,52,8,1598,2,2,6,1
2014554C21617,2,9,0,3,0,1,0,0,0,0,2,1,6,2,35,6,1124,1,12,7,1
2014554C21777,1,9,0,4,0,1,1,0,0,0,4,1,6,1,59,9,1951,2,11,6,1
2014554C21777,2,1,0,18,0,6,0,0,0,0,1,1,6,2,16,4,-1,-1,-1,8,1
2014554C21810,1,9,0,2,0,0,0,0,0,0,3,1,6,1,46,8,998,1,-1,10,1
2014554C21810,2,1,0,18,9,0,0,0,0,0,1,1,6,1,31,6,-1,-1,-1,5,1
2014554C21842,1,9,0,18,0,1,0,0,0,0,1,1,6,1,31,6,1796,1,11,5,1
2014554C21842,2,9,0,18,0,2,0,0,0,0,1,1,6,2,50,8,1560,2,9,2,1
2014554C21842,3,9,0,18,0,2,0,0,0,0,1,1,6,2,26,6,1398,1,13,4,1
2014554C21852,1,9,0,18,0,0,0,0,0,0,4,1,6,1,18,4,1149,1,18,8,1
2014554C21910,1,9,0,18,0,3,0,0,0,0,3,2,6,1,36,7,-1,-1,-1,-1,-1
2014554C21910,2,9,0,18,0,3,0,0,0,0,4,1,6,1,31,6,-1,-1,-1,2,1
2014554C22043,1,3,0,18,0,2,0,0,0,0,1,1,6,1,19,4,125,1,7,4,1
2014554C22043,2,1,0,18,0,6,0,0,0,0,2,1,6,2,36,7,-1,-1,-1,4,1
2014554C22344,1,1,0,14,0,8,0,0,0,0,3,1,2,1,23,5,-1,-1,-1,1,1
2014554C22344,2,21,0,7,0,8,0,0,0,0,4,1,1,1,36,7,5880,2,9,5,2
2014554C22384,1,9,0,18,0,8,0,0,0,0,1,1,6,2,21,5,1586,1,4,3,1
2014554C22392,1,9,0,3,0,0,0,0,0,0,2,1,6,2,46,8,1560,2,7,5,1
2014554C22392,2,9,0,18,0,0,0,0,0,0,1,1,6,2,54,8,1998,1,15,2,1
2014554C22457,1,9,0,9,0,8,0,0,0,0,1,1,3,1,51,8,1999,1,13,1,1
2014554C22457,2,1,0,18,0,8,0,0,0,0,3,1,6,1,45,7,-1,-1,-1,10,1
2014554C22493,1,1,0,17,0,8,0,0,0,0,4,1,6,2,39,7,-1,-1,-1,2,1
2014554C22493,2,9,0,18,0,4,0,0,0,0,1,1,6,3,-1,-1,-1,-1,-1,-1,-1
2014554C22551,1,9,0,16,0,0,0,0,0,0,3,1,6,2,50,8,1998,2,13,1,1
2014554C22551,2,3,0,17,0,0,0,0,0,0,3,1,6,1,17,4,-1,-1,-1,1,1
2014554C22635,1,9,0,4,0,0,0,0,0,0,2,1,6,2,52,8,1997,2,12,5,1
2014554C22635,2,9,0,18,0,0,0,0,0,0,1,1,6,1,17,4,1149,1,13,4,1
2014554C22640,1,9,0,18,0,1,0,0,0,0,3,1,6,1,33,6,2400,2,6,-1,-1
2014554C22696,1,11,0,2,0,8,0,0,0,0,0,1,1,1,38,7,7300,2,10,8,1
2014554C22716,1,9,0,14,0,0,0,0,0,0,1,1,6,2,31,6,2777,2,3,7,1
2014554C22716,2,1,0,14,0,0,0,0,0,0,1,1,6,1,16,4,-1,-1,-1,5,1
2014554C22836,1,9,0,18,0,2,0,0,0,0,3,1,6,2,52,8,1910,2,9,9,1
2014554C22836,2,90,0,18,0,6,0,0,0,0,1,1,6,1,71,10,-1,-1,-1,3,1
2014554C22841,1,8,0,18,0,2,0,0,0,0,3,1,6,3,-1,-1,-1,-1,-1,-1,-1
2014554C22841,2,9,0,18,0,1,0,0,0,0,3,1,6,2,26,6,1598,1,12,3,1
2014554C22843,1,9,0,18,0,8,0,0,0,0,4,1,6,2,53,8,1389,1,10,9,1
2014554C22843,2,9,0,9,0,6,0,0,0,0,1,1,6,2,40,7,1598,1,8,8,1
2014554C22916,1,19,0,9,0,2,0,0,1,2,1,1,6,1,26,6,-1,-1,-1,5,1
2014554C22980,1,9,0,5,0,6,0,0,0,0,0,1,6,3,-1,-1,-1,-1,-1,-1,-1
2014554C22980,2,11,0,18,0,8,0,0,0,0,0,1,1,1,36,7,6374,2,5,4,1
2014554C23086,1,90,0,1,0,2,0,0,0,0,0,1,1,1,46,8,-1,-1,-1,2,1
2014554C23090,1,9,0,9,0,5,0,0,0,0,1,1,6,2,89,11,1086,1,3,9,1
2014554C23090,2,1,0,18,0,1,0,0,0,0,1,1,6,1,44,7,-1,-1,-1,4,1
2014554C23119,1,9,0,18,0,0,0,0,0,0,1,1,1,2,36,7,1587,1,13,4,1
2014554C23119,2,9,0,2,0,0,0,0,0,0,2,1,6,1,56,9,1997,2,11,3,1
2014554C23142,1,9,0,9,0,1,0,0,0,0,4,1,6,2,34,6,1896,2,11,2,1
2014554C23142,2,3,0,18,0,1,0,0,0,0,1,1,6,1,21,5,125,1,-1,3,1
2014554C23258,1,11,0,4,0,1,0,0,0,0,0,1,1,1,49,8,4461,2,1,8,1
2014554C23311,1,9,0,6,0,0,0,0,0,0,2,1,6,1,68,10,1598,1,2,10,1
2014554C23311,2,1,0,18,0,0,0,0,0,0,1,1,6,1,51,8,-1,-1,-1,7,1
2014554C23377,1,9,0,18,0,0,0,0,0,0,1,1,6,2,21,5,1200,1,-1,1,1
2014554C23377,2,3,0,5,0,0,0,0,0,0,1,1,6,1,26,6,125,1,5,3,1
2014554C23377,3,9,0,2,0,0,0,0,0,0,1,1,6,3,-1,-1,1242,1,2,-1,-1
2014554C23495,1,9,0,18,0,8,1,4,1,2,3,1,6,1,24,5,1968,2,7,-1,-1
2014554C23495,2,8,0,18,0,8,0,0,0,0,1,1,1,1,54,8,1598,2,3,2,1
2014554C23495,3,9,0,18,0,1,0,0,0,0,0,1,1,1,33,6,2993,2,2,8,3
2014554C23495,4,9,0,2,0,2,0,0,0,0,2,1,6,3,-1,-1,2777,2,3,-1,-1
2014554C23495,5,9,0,2,0,2,0,0,0,0,2,1,6,3,-1,-1,1329,1,2,-1,-1
2014554C23495,6,9,0,2,0,2,0,0,0,0,2,1,6,3,-1,-1,-1,-1,-1,-1,-1
2014554C23506,1,21,0,18,0,0,0,0,0,0,1,1,1,1,56,9,11946,2,2,5,2
2014554C23506,2,9,0,4,0,0,0,0,0,0,2,1,6,1,20,4,1390,1,11,10,1
2014554C23506,3,19,0,4,0,0,0,0,0,0,2,1,1,1,59,9,-1,-1,-1,9,1
2014554C23506,4,19,0,4,0,0,0,0,0,0,2,1,1,1,39,7,2143,2,2,-1,3
2014554C23519,1,9,0,4,0,4,0,0,0,0,2,1,6,2,25,5,1988,1,11,1,1
2014554C23519,2,3,0,18,0,1,0,0,0,0,1,1,6,1,18,4,124,1,2,1,1
2014554C23602,1,2,0,9,0,6,0,0,0,0,1,1,6,1,54,8,49,1,4,6,1
2014554C23602,2,19,0,18,0,8,0,0,0,0,1,1,1,1,52,8,2198,2,1,6,1
2014554C23703,1,9,0,3,0,0,0,0,0,0,2,1,6,2,43,7,1590,1,11,1,1
2014554C23703,2,9,0,18,0,0,0,0,0,0,1,1,6,1,19,4,1398,1,2,5,1
2014554C23703,3,9,0,3,0,0,0,0,0,0,2,1,6,2,44,7,993,1,18,3,1
2014554C23745,1,9,0,6,0,0,0,0,0,0,3,1,6,2,47,8,1400,2,7,-1,1
2014554C23745,2,5,0,14,0,0,0,0,0,0,1,1,6,2,33,6,471,1,-1,10,1
2014554C23766,1,5,0,18,0,4,0,0,0,0,0,1,6,1,43,7,1170,1,8,6,1
2014554C23766,2,9,0,18,0,4,0,0,0,0,0,1,6,1,66,10,1598,1,7,10,1
2014554C23838,1,9,0,18,0,1,0,0,0,0,1,1,6,1,45,7,1685,2,-1,6,1
2014554C23838,2,9,0,4,0,1,0,0,0,0,2,1,6,1,34,6,1242,1,15,3,1
2014554C23838,3,9,0,1,0,6,0,0,0,0,0,1,6,1,-1,-1,-1,-1,-1,-1,-1
2014554C24165,1,11,0,2,0,0,0,0,0,0,0,1,1,1,49,8,7300,2,2,7,1
2014554C24195,1,9,0,18,0,1,0,0,0,0,1,1,6,1,48,8,1896,2,13,5,1
2014554C24195,2,9,0,4,0,1,0,0,0,0,2,1,6,2,26,6,1198,1,8,3,1
2014554C24268,1,9,0,18,0,0,0,0,0,0,1,1,6,1,17,4,1596,1,10,3,1
2014554C24460,1,9,0,5,0,0,0,0,0,0,1,1,2,2,44,7,998,1,5,9,1
2014554C24460,2,5,0,18,0,0,0,0,0,0,4,1,2,1,31,6,599,1,1,6,1
2014554C24463,1,11,0,4,0,2,0,0,0,0,0,1,1,3,33,6,4461,2,-1,-1,-1
2014554C24488,1,9,0,18,0,4,0,0,0,0,1,1,6,1,90,11,1598,1,8,6,1
2014554C24488,2,2,0,18,0,8,0,0,0,0,4,1,4,1,16,4,49,1,2,8,1
2014554C24547,1,8,0,18,0,8,0,0,0,0,3,1,1,1,51,8,1997,2,12,4,1
2014554C24547,2,9,0,9,0,8,0,0,0,0,1,1,2,1,24,5,1149,1,4,7,3
2014554C24638,1,9,0,18,0,0,0,0,0,0,1,1,6,1,36,7,1588,1,10,5,1
2014554C24696,1,9,0,9,0,8,0,0,0,0,2,1,1,1,20,4,1198,1,11,7,2
2014554C24696,2,9,0,18,0,1,0,0,0,0,1,1,6,1,69,10,-1,-1,-1,1,1
2014554C24716,1,11,0,4,0,0,0,0,0,0,0,1,1,1,35,6,6700,2,6,5,1
2014554C24812,1,9,0,18,0,0,0,0,0,0,3,1,6,1,44,7,2497,2,16,2,1
2014554C24812,2,9,0,18,0,0,0,0,0,0,1,1,6,1,49,8,1796,1,6,5,1
2014554C24868,1,11,0,2,0,0,0,0,0,0,0,1,1,1,39,7,4250,2,12,6,1
2014554C24986,1,9,0,18,0,0,0,0,7,10,1,1,6,2,33,6,2926,2,11,5,1
2014554C24986,2,9,0,3,0,0,0,0,0,0,3,1,6,1,39,7,2926,2,11,9,1
2014554C25007,1,9,0,18,0,0,0,0,0,0,1,1,6,1,27,6,1598,1,13,4,1
2014554C25007,2,9,0,4,0,0,0,0,0,0,2,1,6,2,35,6,1329,1,1,2,1
2014554C25007,3,9,0,4,0,0,0,0,0,0,2,1,6,2,53,8,1229,1,-1,6,1
2014554C25029,1,1,0,18,0,0,0,0,0,0,0,1,6,1,37,7,-1,-1,-1,9,1
2014554C25046,1,9,0,18,0,0,0,0,7,4,1,1,6,1,20,4,1781,1,13,5,1
2014554C25126,1,9,0,9,0,6,0,0,0,0,3,1,6,2,37,7,1591,1,2,5,1
2014554C25126,2,11,0,18,0,8,0,0,0,0,1,1,1,1,35,6,7300,2,2,6,1
2014554C25212,1,1,0,15,0,8,0,0,0,0,1,1,2,1,21,5,-1,-1,-1,3,1
2014554C25212,2,9,0,9,0,8,0,0,0,0,1,1,6,2,37,7,1596,1,12,9,1
2014554C25282,1,9,0,18,0,1,0,0,0,0,1,1,6,1,18,4,1390,1,13,9,1
2014554C25282,2,9,0,3,0,1,0,0,0,0,2,2,6,1,29,6,-1,-1,-1,-1,-1
2014554C25287,1,9,0,7,0,1,0,0,0,0,4,1,6,2,32,6,999,1,3,1,1
2014554C25287,2,1,0,18,0,1,0,0,0,0,1,1,6,1,42,7,-1,-1,-1,9,1
2014554C25307,1,5,0,18,0,2,1,0,0,0,1,1,2,1,58,9,749,1,19,6,1
2014554C25307,2,9,0,12,0,1,0,0,0,0,4,1,6,1,31,6,1199,1,10,2,1
2014554C25390,1,9,0,5,0,2,0,0,0,0,1,1,2,1,45,7,1794,1,14,9,1
2014554C25574,1,19,0,18,0,8,1,0,0,0,1,1,1,2,56,9,2143,2,1,7,1
2014554C25574,2,9,0,10,0,5,0,0,0,0,2,1,6,1,85,11,1388,1,3,10,1
2014554C25574,3,9,0,18,0,1,1,0,1,10,1,1,6,1,77,11,1896,2,15,5,2
2014554C25593,1,90,0,9,0,6,0,0,0,0,1,1,1,2,44,7,2198,2,1,8,1
2014554C25593,2,9,0,18,0,8,0,10,1,10,4,1,6,1,83,11,1396,1,12,7,1
2014554C25708,1,9,0,18,0,0,0,0,0,0,1,1,6,1,42,7,-1,-1,-1,5,1
2014554C25708,2,9,0,18,0,0,0,0,0,0,1,1,6,2,60,9,998,1,1,10,1
2014554C25832,1,9,0,17,0,2,0,0,1,5,1,1,6,2,24,5,1796,1,15,9,1
2014554C25974,1,9,0,3,0,1,0,0,0,0,2,1,6,2,17,4,998,1,5,9,1
2014554C25974,2,9,0,18,0,1,0,0,0,0,1,1,6,3,-1,-1,-1,-1,-1,-1,-1
2014554C26038,1,3,0,18,0,8,1,0,7,0,0,1,6,1,17,4,124,1,8,10,1
2014554C26038,2,9,0,9,0,5,0,0,0,0,3,1,6,1,47,8,1598,1,2,8,1
2014554C26073,1,9,0,13,0,1,0,0,0,0,1,1,6,1,23,5,1796,1,15,-1,-1
2014554C26073,2,8,0,9,0,5,0,0,0,0,3,1,1,1,41,7,1998,2,7,3,1
2014554C26073,3,9,0,18,0,1,0,0,0,0,0,1,1,2,58,9,2993,2,4,6,1
2014554C26096,1,9,0,13,0,8,0,0,0,0,4,1,6,1,25,5,1598,1,10,4,1
2014554C26096,2,1,0,9,0,5,0,0,0,0,1,1,2,1,25,5,-1,-1,-1,7,1
2014554C26102,1,8,0,14,0,0,0,0,0,0,1,1,1,1,45,7,1997,2,11,6,1
2014554C26102,2,9,0,12,0,0,0,0,0,0,3,1,6,2,18,4,1242,1,14,10,1
2014554C26176,1,9,0,4,0,1,0,0,0,0,2,1,6,2,24,5,998,1,14,10,1
2014554C26176,2,5,0,4,0,1,0,0,0,0,1,1,6,1,37,7,883,1,6,4,1
2014554C26201,1,9,0,18,0,2,0,0,0,0,1,1,6,1,45,7,1850,1,15,6,1
2014554C26201,2,1,0,18,0,1,0,0,0,0,1,1,6,1,21,5,-1,-1,-1,6,1
2014554C26320,1,9,0,7,0,8,0,0,0,0,1,1,6,3,-1,-1,-1,-1,-1,-1,-1
2014554C26320,2,1,0,18,0,8,0,0,0,0,3,1,6,1,22,5,-1,-1,-1,9,1
2014554C26371,1,9,0,7,0,4,0,0,0,0,2,1,1,2,49,8,1598,1,14,5,3
2014554C26371,2,1,0,18,0,8,0,0,0,0,1,1,1,1,45,7,-1,-1,-1,8,1
2014554C26401,1,9,0,5,0,8,0,0,0,0,1,1,6,2,89,11,1242,1,17,8,1
2014554C26401,2,21,0,18,0,8,0,0,0,0,3,1,1,1,58,9,12900,2,6,9,1
2014554C26445,1,9,0,18,0,0,0,0,0,0,1,1,6,1,17,4,998,1,-1,7,1
2014554C26445,2,9,0,3,0,0,0,0,0,0,2,1,6,2,54,8,1797,1,14,8,1
2014554C26458,1,9,0,9,0,4,0,0,0,0,3,1,2,1,41,7,1783,1,11,5,1
2014554C26458,2,9,0,18,0,4,0,0,0,0,1,1,6,1,41,7,1753,2,6,1,1
2014554C26509,1,9,0,3,0,1,0,0,0,0,2,1,6,1,43,7,1598,1,5,6,1
2014554C26509,2,9,0,5,0,1,0,0,0,0,1,1,6,2,27,6,1997,2,15,8,1
2014554C26531,1,1,0,18,0,1,0,0,0,0,1,1,2,1,60,9,-1,-1,-1,7,1
2014554C26531,2,9,0,4,0,1,0,0,0,0,2,1,6,1,50,8,2982,2,11,9,1
2014554C26542,1,9,0,5,0,8,0,0,0,0,4,1,6,2,33,6,2148,2,10,-1,-1
2014554C26542,2,9,0,5,0,8,0,0,0,0,1,1,6,2,30,6,1769,1,12,6,1
2014554C26783,1,9,0,3,0,0,0,0,0,0,2,1,6,1,67,10,1997,2,6,7,1
2014554C26783,2,9,0,18,0,0,0,0,0,0,1,1,6,2,28,6,1699,1,11,3,1
2014554C26841,1,9,0,18,0,1,0,0,7,4,1,1,6,1,27,6,1149,1,16,3,1
2014554C26857,1,90,0,18,9,0,0,0,0,0,1,1,6,2,70,10,-1,-1,-1,4,1
2014554C26866,1,9,0,9,0,8,0,0,0,0,4,1,6,1,29,6,1598,1,13,5,1
2014554C26866,2,3,0,18,0,1,0,0,0,0,1,1,6,1,23,5,124,1,8,4,1
2014554C26886,1,9,0,5,0,6,0,0,0,0,1,1,1,2,38,7,1364,2,5,1,1
2014554C26886,2,9,0,18,0,1,0,0,0,0,1,1,3,2,37,7,1995,2,6,9,1
2014554C27027,1,9,0,18,0,1,0,0,0,0,1,1,6,3,-1,-1,1124,1,13,-1,-1
2014554C27027,2,9,0,3,0,1,0,0,0,0,2,1,6,1,46,8,1598,1,2,4,1
2014554C27120,1,9,0,18,0,0,0,0,0,0,1,1,6,2,24,5,1124,1,12,8,1
2014554C27120,2,8,0,3,0,0,0,0,0,0,2,1,1,1,38,7,1896,2,7,1,1
2014554C27144,1,9,0,18,0,1,0,0,3,1,1,1,6,2,23,5,1242,1,9,4,1
2014554C27231,1,9,0,9,0,8,0,0,7,1,1,1,2,2,19,4,1124,1,7,9,1
2014554C27231,2,20,0,18,0,8,0,0,7,2,1,1,1,1,23,5,-1,-1,-1,5,1
2014554C27232,1,1,0,18,0,8,0,0,0,0,1,1,6,1,25,5,-1,-1,-1,4,1
2014554C27232,2,9,0,9,0,5,0,0,0,0,1,1,6,3,-1,-1,-1,-1,-1,-1,-1
2014554C27403,1,9,0,18,0,8,0,0,7,1,1,1,6,2,44,7,1598,1,7,4,1
2014554C27403,2,9,0,18,0,8,0,0,0,0,3,1,6,1,24,5,1896,2,11,-1,1
2014554C27506,1,1,0,18,0,0,0,0,0,0,1,1,6,1,38,7,-1,-1,-1,9,1
2014554C27506,2,19,0,2,0,0,0,0,0,0,2,1,6,3,-1,-1,2143,2,1,-1,-1
2014554C27521,1,9,0,4,0,0,0,0,0,0,3,1,6,2,57,9,1124,1,16,2,1
2014554C27521,2,9,0,18,0,0,0,0,0,0,0,1,6,1,42,7,2498,2,18,4,1
2014554C27696,1,5,0,18,0,0,0,0,1,2,1,1,6,1,28,6,599,1,11,-1,3
2014554C27707,1,9,0,5,0,2,0,0,0,0,1,1,6,1,36,7,1896,2,13,4,1
2014554C28056,1,9,0,9,0,8,0,0,0,0,3,1,6,2,62,9,1396,1,14,3,1
2014554C28056,2,5,0,13,0,8,0,0,0,0,3,1,2,1,24,5,525,1,8,10,3
2014554C28062,1,9,0,5,0,1,0,0,0,0,1,1,6,2,33,6,1397,1,15,4,1
2014554C28062,2,1,0,18,0,4,0,0,0,0,3,1,6,2,38,7,-1,-1,-1,4,1
2014554C28080,1,9,0,18,0,2,0,0,0,0,4,1,6,1,25,5,-1,-1,-1,9,1
2014554C28080,2,1,0,18,0,2,0,0,0,0,1,1,6,1,31,6,-1,-1,-1,4,1
2014554C28136,1,9,0,9,0,5,0,0,0,0,4,1,6,1,82,11,1598,1,13,9,1
2014554C28136,2,9,0,16,0,8,0,0,0,0,1,1,6,2,52,8,1994,1,15,9,1
2014554C28195,1,9,0,4,0,8,0,0,0,0,2,1,6,1,75,10,2500,6,15,5,1
2014554C28195,2,2,0,18,0,8,0,0,0,0,1,1,6,1,22,5,49,1,12,3,1
2014554C28212,1,9,0,5,9,6,0,0,0,0,4,1,6,2,35,6,1796,1,6,1,1
2014554C28212,2,1,0,16,9,6,0,0,0,0,1,1,6,2,15,3,-1,-1,-1,1,1
2014554C28277,1,9,0,9,0,8,0,0,0,0,1,1,6,1,70,10,1149,1,7,5,1
2014554C28277,2,1,0,18,0,1,0,0,0,0,1,1,6,1,24,5,-1,-1,-1,3,1
2014554C28310,1,9,0,5,0,4,0,0,0,0,1,1,6,1,53,8,2148,2,12,5,1
2014554C28310,2,9,0,3,0,4,0,0,0,0,2,1,6,2,33,6,1995,2,-1,7,3
2014554C28328,1,1,0,18,2,6,0,0,0,0,2,1,6,2,57,9,-1,-1,-1,6,1
2014554C28328,2,11,0,4,0,2,0,0,0,0,1,1,1,1,33,6,7300,2,2,7,1
2014554C28352,1,9,0,5,0,0,0,0,0,0,1,1,6,1,67,10,1991,2,9,8,1
2014554C28352,2,4,0,18,0,0,0,0,0,0,1,1,6,1,43,7,779,1,1,10,1
2014554C28438,1,9,0,18,0,8,0,0,0,0,2,1,2,2,19,4,1242,1,14,7,1
2014554C28438,2,9,0,18,0,8,0,0,0,0,1,1,6,3,-1,-1,-1,-1,-1,-1,-1
2014554C28563,1,9,0,18,0,2,0,0,7,10,3,1,6,1,41,7,1968,2,8,8,1
2014554C28786,1,9,0,18,0,8,0,0,0,0,1,1,6,2,89,11,1296,1,6,10,1
2014554C28786,2,9,0,9,0,8,0,0,0,0,1,1,6,1,71,10,1598,1,8,5,1
2014554C28923,1,9,0,18,0,8,0,0,0,0,1,1,6,1,29,6,1489,1,16,4,1
2014554C28923,2,9,0,18,0,8,0,0,0,0,2,1,6,1,58,9,1781,1,10,3,1
2014554C28962,1,9,0,18,0,0,1,0,0,0,0,1,6,1,20,4,1199,1,13,2,1
2014554C28977,1,9,0,18,0,0,0,0,0,0,1,1,6,1,36,7,1360,1,12,1,1
2014554C28977,2,19,0,4,0,0,0,0,0,0,1,1,6,1,67,10,2151,2,10,4,1
2014554C28981,1,9,0,18,0,1,0,0,0,0,1,1,6,2,34,6,1600,1,9,6,1
2014554C28981,2,1,0,18,0,1,0,0,0,0,3,1,6,1,16,4,-1,-1,-1,4,1
2014554C28983,1,9,0,18,0,0,0,0,0,0,1,1,6,1,77,11,1360,1,7,9,1
2014554C29020,1,9,0,18,0,0,0,0,0,0,1,1,6,2,28,6,1399,1,11,7,1