Accident_Index,Vehicle_Reference,Vehicle_Type,Towing_and_Articulation,Vehicle_Manoeuvre,Vehicle_Location-Restricted_Lane,Junction_Location,Skidding_and_Overturning,Hit_Object_in_Carriageway,Vehicle_Leaving_Carriageway,Hit_Object_off_Carriageway,1st_Point_of_Impact,Was_Vehicle_Left_Hand_Drive?,Journey_Purpose_of_Driver,Sex_of_Driver,Age_of_Driver,Age_Band_of_Driver,Engine_Capacity_(CC),Propulsion_Code,Age_of_Vehicle,Driver_IMD_Decile,Driver_Home_Area_Type
2014554C29020,2,9,0,4,0,0,0,0,0,0,2,1,6,2,40,7,1360,1,13,6,1
2014554C29024,1,9,0,18,0,8,0,0,0,0,3,1,6,1,27,6,1242,1,3,5,1
2014554C29024,2,9,0,9,0,8,0,0,0,0,1,1,6,1,37,7,1686,2,3,6,1
2014554C29087,1,9,0,18,0,0,5,4,0,0,1,1,6,2,17,4,998,1,-1,3,1
2014554C29087,2,9,0,2,0,0,0,0,0,0,2,1,6,3,-1,-1,1968,2,1,-1,-1
2014554C29190,1,9,0,13,0,0,0,0,0,0,4,1,6,2,76,11,2151,2,15,8,1
2014554C29190,2,1,0,18,0,0,0,0,0,0,3,1,6,1,24,5,-1,-1,-1,-1,1
2014554C29204,1,9,0,15,0,0,0,0,0,0,3,1,6,1,66,10,1896,2,16,8,1
2014554C29204,2,19,0,2,0,0,0,0,0,0,0,1,1,3,-1,-1,2143,2,2,-1,-1
2014554C29226,1,9,0,3,0,0,0,0,0,0,2,1,6,1,54,8,1968,2,2,9,1
2014554C29226,2,9,0,18,0,0,0,0,0,0,1,1,6,1,32,6,1995,1,11,10,1
2014554C29351,1,4,0,15,0,1,0,0,0,0,3,1,6,1,18,4,124,1,8,1,1
2014554C29351,2,9,0,10,0,8,0,0,0,0,4,1,1,1,52,8,1560,2,6,9,1
2014554C29351,3,9,0,2,0,2,0,0,0,0,3,1,6,1,43,7,-1,-1,-1,6,1
2014554C29484,1,9,0,9,0,8,0,0,0,0,1,1,6,2,88,11,1997,2,14,8,1
2014554C29484,2,1,0,18,0,8,0,0,0,0,4,1,6,1,23,5,-1,-1,-1,8,3
2014554C29505,1,9,0,18,0,2,0,0,0,0,1,1,6,1,38,7,1995,1,5,1,1
2014554C29505,2,1,0,18,0,2,0,0,0,0,4,1,6,2,19,4,-1,-1,-1,3,1
2014554C29544,1,9,0,17,0,0,1,4,7,10,3,1,6,1,20,4,1124,1,12,-1,-1
2014554C29544,2,9,0,2,0,0,0,0,0,0,2,1,6,3,-1,-1,2231,2,7,-1,-1
2014554C29579,1,9,0,18,9,6,0,0,0,0,4,1,6,1,70,10,3980,1,24,8,1
2014554C29579,2,1,0,18,9,1,0,0,0,0,1,1,6,2,70,10,-1,-1,-1,8,1
2014554C29634,1,20,0,18,0,0,0,0,0,0,1,1,1,1,56,9,9186,2,1,7,1
2014554C29653,1,9,0,10,0,8,0,0,0,0,2,1,2,1,18,4,1124,1,15,4,1
2014554C29653,2,9,0,18,0,8,0,0,0,0,1,1,2,1,20,4,1781,1,16,2,1
2014554C29669,1,3,0,3,0,8,0,0,0,0,4,1,6,1,21,5,124,1,3,7,1
2014554C29669,2,9,0,5,0,6,0,0,0,0,1,1,6,1,67,10,1753,2,10,3,1
2014554C29731,1,1,0,14,0,1,0,0,0,0,1,1,6,1,41,7,-1,-1,-1,2,1
2014554C29752,1,21,1,16,0,0,0,0,0,0,2,1,1,1,55,8,12900,2,7,9,1
2014554C29752,2,1,0,16,0,0,0,0,0,0,1,1,6,2,80,11,-1,-1,-1,9,1
2014554C29779,1,9,0,18,0,8,0,0,0,0,1,1,6,1,26,6,1970,1,12,2,1
2014554C29779,2,9,0,9,0,8,0,0,0,0,1,1,6,1,46,8,2993,2,9,1,1
2014554C29986,1,3,0,18,0,0,0,4,0,0,1,1,2,1,57,9,125,1,8,3,1
2014554C29986,2,9,0,2,0,0,0,0,0,0,2,1,6,3,-1,-1,1199,1,15,-1,-1
2014554C30097,1,3,0,14,0,0,0,0,0,0,1,1,6,1,18,4,124,1,2,2,1
2014554C30097,2,9,0,18,0,0,0,0,0,0,1,1,6,1,46,8,1598,1,6,7,1
2014554C30112,1,9,0,18,0,1,0,0,0,0,0,1,6,1,20,4,-1,-1,-1,-1,-1
2014554C30112,2,1,0,18,0,1,0,0,0,0,1,1,6,1,18,4,-1,-1,-1,9,1
2014554C30150,1,9,0,18,0,1,0,4,0,0,4,1,6,2,25,5,1388,1,9,5,1
2014554C30150,2,9,0,2,0,1,0,0,0,0,3,1,6,3,-1,-1,1998,1,12,-1,-1
2014554C30241,1,3,0,3,0,0,0,0,0,0,1,1,1,2,48,8,49,1,6,-1,-1
2014554C30241,2,9,0,4,0,0,0,0,0,0,1,1,6,3,-1,-1,-1,-1,-1,-1,-1
2014554C30267,1,9,0,18,0,0,0,0,0,0,1,1,6,3,-1,-1,-1,-1,-1,-1,-1
2014554C30267,2,5,0,18,0,0,0,0,0,0,2,1,6,1,35,6,595,1,29,6,1
2014554C30420,1,11,0,18,0,2,0,0,0,0,4,1,1,1,63,9,9000,2,5,8,1
2014554C30429,1,8,0,9,0,8,0,0,0,0,4,1,6,1,53,8,1868,2,15,1,1
2014554C30429,2,1,0,15,0,8,0,0,0,0,1,1,6,1,33,6,-1,-1,-1,5,1
2014554C30432,1,9,0,18,0,1,0,0,0,0,1,1,6,1,27,6,2362,1,13,1,1
2014554C30432,2,9,0,4,0,1,0,0,0,0,2,1,6,2,18,4,1198,1,11,6,1
2014554C30432,3,9,0,4,0,1,0,0,0,0,2,1,6,1,49,8,2597,1,10,-1,1
2014554C30432,4,9,0,11,0,1,0,0,0,0,1,1,6,1,35,6,2148,2,11,5,1
2014554C30437,1,9,0,2,9,5,0,0,0,0,3,1,6,2,25,5,1198,1,2,8,1
2014554C30471,1,8,0,18,0,0,1,0,0,0,1,1,1,1,66,10,1582,2,6,4,1
2014554C30764,1,9,0,5,0,4,0,0,0,0,1,1,6,1,33,6,1598,1,8,4,1
2014554C30764,2,1,0,17,0,8,0,0,0,0,2,1,6,2,21,5,-1,-1,-1,6,1
2014554C30780,1,9,0,18,0,0,0,0,0,0,1,1,6,2,80,11,1086,1,5,-1,1
2014554C30780,2,19,0,2,0,0,0,0,0,0,1,1,6,3,-1,-1,2198,2,2,-1,-1
2014554C30808,1,9,0,18,0,4,0,7,0,0,1,1,2,2,21,5,-1,-1,-1,2,1
2014554C30808,2,9,0,9,0,4,0,0,0,0,3,1,2,1,51,8,2400,2,-1,5,1
2014554C30886,1,9,0,18,0,0,0,0,7,10,1,1,2,1,45,7,2151,2,14,1,1
2014554C30886,2,9,0,18,0,0,0,0,0,0,3,1,6,2,60,9,1124,1,13,5,1
2014554C30932,1,9,0,18,0,1,1,4,0,0,1,1,6,3,-1,-1,2319,1,19,-1,-1
2014554C30932,2,9,0,9,0,6,0,0,0,0,1,1,6,1,25,5,1400,1,9,4,1
2014554C30932,3,19,0,2,0,1,0,0,0,0,1,1,6,3,-1,-1,-1,-1,-1,-1,-1
2014554C30932,4,9,0,2,0,1,0,0,0,0,1,1,6,3,-1,-1,1390,1,11,-1,-1
2014554C31048,1,9,0,2,0,2,0,0,0,0,3,1,6,1,-1,-1,-1,-1,-1,-1,-1
2014554C31048,2,1,0,14,0,2,0,0,0,0,1,1,6,1,42,7,-1,-1,-1,7,1
2014554C31086,1,19,0,12,0,0,0,0,0,0,3,1,2,1,57,9,2148,2,11,5,1
2014554C31086,2,5,0,18,0,0,1,0,0,0,1,1,2,1,22,5,600,1,12,8,1
2014554C31132,1,9,0,9,0,8,0,0,0,0,1,1,6,2,22,5,1390,1,10,3,1
2014554C31132,2,9,0,5,0,8,0,0,0,0,1,1,2,1,30,6,1896,2,13,1,1
2014554C31167,1,9,0,18,0,0,0,0,0,0,1,1,6,1,24,5,1598,2,3,5,1
2014554C31167,2,9,0,4,0,0,0,0,0,0,2,1,6,1,66,10,1598,1,10,6,1
2014554C31167,3,9,0,4,0,0,0,0,0,0,2,1,6,1,64,9,1998,1,11,8,1
2014554C31195,1,9,0,9,0,6,0,0,0,0,1,1,6,1,18,4,1968,2,9,5,1
2014554C31195,2,1,0,10,0,8,0,0,0,0,1,1,6,1,53,8,-1,-1,-1,2,1
2014554C31224,1,9,0,9,0,5,0,0,0,0,1,1,6,1,24,5,1242,1,10,5,1
2014554C31224,2,1,0,7,0,6,0,0,0,0,1,1,6,1,28,6,-1,-1,-1,9,1
2014554C31242,1,9,0,8,0,1,0,0,0,0,2,1,6,2,45,7,1248,1,5,-1,1
2014554C31242,2,1,0,18,0,1,0,0,0,0,1,1,2,1,24,5,-1,-1,-1,3,1
2014554C31289,1,9,0,18,0,1,0,0,0,0,1,1,6,3,-1,-1,1895,1,13,-1,-1
2014554C31289,2,9,0,3,0,1,0,0,0,0,2,1,6,2,46,8,1386,1,3,10,2
2014554C31292,1,9,0,9,0,6,0,0,0,0,1,1,6,2,37,7,1995,2,1,6,1
2014554C31292,2,1,0,14,0,8,0,0,0,0,1,1,6,1,40,7,-1,-1,-1,3,1
2014554C31299,1,19,0,18,0,8,0,0,0,0,1,1,1,1,36,7,2461,2,10,2,1
2014554C31352,1,9,0,18,0,1,0,0,0,0,1,1,6,1,56,9,1997,1,11,10,3
2014554C31382,1,1,0,18,0,8,0,0,0,0,1,1,6,2,60,9,-1,-1,-1,8,1
2014554C31382,2,9,0,9,0,8,0,0,0,0,3,1,6,1,48,8,1299,1,9,3,1
2014554C31394,1,19,0,18,0,0,0,0,0,0,0,1,6,3,-1,-1,-1,-1,-1,-1,-1
2014554C31394,2,9,0,18,0,0,0,0,1,9,1,1,1,2,19,4,1968,2,5,2,1
2014554C31457,1,9,0,3,0,1,0,0,0,0,3,1,1,2,53,8,2171,1,9,7,1
2014554C31457,2,3,0,13,0,1,0,0,0,0,4,1,1,1,19,4,125,1,6,9,1
2014554C31458,1,3,0,18,0,8,0,0,0,0,1,1,1,1,27,6,124,1,5,4,1
2014554C31458,2,9,0,9,0,5,0,0,0,0,4,1,6,2,58,9,973,1,11,2,1
2014554C31528,1,9,0,3,0,0,0,0,0,0,2,1,6,2,54,8,1198,1,4,4,1
2014554C31528,2,9,0,3,0,0,0,0,0,0,2,1,6,2,33,6,1998,1,7,8,1
2014554C31528,3,9,0,18,0,0,0,0,0,0,1,1,6,2,24,5,1299,1,7,10,1
2014554C31826,1,9,0,18,0,8,0,0,0,0,1,1,6,2,43,7,1242,1,1,-1,-1
2014554C31826,2,1,0,18,0,6,0,0,0,0,1,1,6,1,29,6,-1,-1,-1,5,1
2014554C31874,1,9,0,15,0,0,1,0,7,4,1,1,6,1,30,6,1360,1,6,7,1
2014554C31914,1,9,0,9,0,6,0,0,0,0,1,1,6,2,31,6,1560,2,8,5,1
2014554C31914,2,9,0,18,0,8,0,0,0,0,4,1,6,2,79,11,1997,2,13,5,1
2014554C32047,1,9,0,9,0,5,0,0,0,0,3,1,6,2,24,5,1398,2,5,3,1
2014554C32047,2,9,0,13,0,8,0,0,0,0,1,1,6,2,38,7,1242,1,10,1,1
2014554C32058,1,9,0,18,0,0,0,0,0,0,1,1,6,2,32,6,2500,1,14,7,1
2014554C32058,2,9,0,3,0,0,0,0,0,0,2,1,6,2,31,6,1796,1,10,7,1
2014554C32058,3,9,0,3,0,0,0,0,0,0,2,1,6,2,31,6,1686,2,13,4,1
2014554C32125,1,9,0,4,0,8,0,0,0,0,2,1,6,2,37,7,2143,2,1,9,1
2014554C32125,2,9,0,4,0,8,0,0,0,0,2,1,6,2,32,6,1598,1,15,3,1
2014554C32125,3,9,0,4,0,8,0,0,0,0,1,1,6,2,47,8,1124,1,9,7,1
2014554C32152,1,9,0,18,0,0,0,0,0,0,4,1,6,1,39,7,1461,2,11,4,1
2014554C32163,1,3,0,13,0,0,0,0,0,0,1,1,2,1,37,7,124,1,4,3,1
2014554C32163,2,9,0,16,0,0,0,0,0,0,3,1,2,2,31,6,1998,1,7,7,1
2014554C32171,1,11,0,2,0,0,0,0,0,0,0,1,1,1,52,8,7300,2,13,4,1
2014554C32236,1,9,0,18,0,0,0,0,0,0,1,1,1,1,30,6,1468,1,9,7,1
2014554C32421,1,9,0,7,0,4,0,0,0,0,1,1,6,1,24,5,1797,1,14,4,1
2014554C32421,2,1,0,18,0,4,0,0,0,0,3,1,6,2,47,8,-1,-1,-1,4,1
2014554C32430,1,9,0,7,0,6,0,0,0,0,3,1,6,1,33,6,-1,-1,-1,-1,-1
2014554C32430,2,11,0,18,2,8,0,0,0,0,1,1,1,1,50,8,3900,2,9,2,1
2014554C32493,1,9,0,18,0,1,0,0,0,0,1,1,6,1,35,6,1599,1,11,3,1
2014554C32516,1,9,0,18,9,6,0,0,0,0,1,1,2,2,42,7,875,1,2,4,1
2014554C32590,1,9,0,17,0,3,0,0,0,0,4,1,6,1,72,10,1596,1,1,9,2
2014554C32590,2,21,0,18,0,4,0,0,0,0,1,2,1,1,-1,-1,-1,-1,-1,-1,-1
2014554C32595,1,19,0,18,0,8,0,0,0,0,1,1,6,1,49,8,1248,2,3,9,1
2014554C32595,2,1,0,18,0,8,0,0,0,0,2,1,6,1,42,7,-1,-1,-1,10,1
2014554C32630,1,9,0,18,0,1,0,0,0,0,1,1,6,2,23,5,1598,1,12,6,1
2014554C32630,2,9,0,10,0,8,0,0,0,0,2,1,6,2,30,6,1870,2,13,8,1
2014554C32645,1,9,0,18,0,1,0,0,0,0,1,1,6,1,47,8,2993,2,8,9,3
2014554C32645,2,9,0,3,0,1,0,0,0,0,2,1,1,2,48,8,998,1,12,7,1
2014554C32683,1,9,0,15,0,0,0,0,0,0,3,1,6,3,-1,-1,-1,-1,-1,-1,-1
2014554C32683,2,2,0,11,0,0,1,0,0,0,3,1,6,1,18,4,125,1,7,4,1
2014554C32699,1,9,0,7,0,5,0,0,0,0,4,1,6,1,71,10,998,1,4,5,1
2014554C32749,1,9,0,2,0,2,0,0,0,0,2,1,6,3,-1,-1,1998,1,8,-1,-1
2014554C32749,2,9,0,17,0,1,0,0,0,0,3,1,6,1,70,10,1396,1,11,5,1
2014554C32749,3,9,0,16,0,2,0,4,0,0,1,1,6,1,28,6,1968,2,8,4,1
2014554C32868,1,8,0,7,0,8,1,10,1,10,1,1,1,1,34,6,1896,2,5,4,1
2014554C32871,1,9,0,5,0,6,0,0,0,0,1,1,6,1,23,5,1596,1,8,5,1
2014554C32871,2,9,0,5,0,6,0,0,0,0,2,1,6,2,48,8,1199,1,12,-1,-1
2014554C32963,1,9,0,1,0,6,0,0,0,0,2,1,6,2,28,6,1360,1,14,4,1
2014554C32985,1,9,0,18,0,1,0,0,0,0,4,1,6,2,38,7,1598,1,11,5,1
2014554C32985,2,1,0,18,0,1,0,0,0,0,1,1,6,1,44,7,-1,-1,-1,3,1
2014554C33032,1,9,0,5,0,8,0,0,0,0,3,1,6,2,21,5,1149,1,10,3,1
2014554C33032,2,1,0,18,0,8,0,0,0,0,1,1,6,1,55,8,-1,-1,-1,6,1
2014554C33049,1,9,0,1,0,0,0,0,0,0,2,1,6,2,78,11,1398,2,9,6,1
2014554C33110,1,9,0,18,0,0,0,0,0,0,1,1,2,1,61,9,1794,1,12,10,1
2014554C33110,2,1,0,18,0,0,0,0,0,0,4,1,2,1,16,4,-1,-1,-1,6,1
2014554C33115,1,9,0,18,0,8,0,0,0,0,4,1,6,2,43,7,998,1,11,4,1
2014554C33115,2,1,0,18,0,8,0,0,0,0,3,1,6,2,55,8,-1,-1,-1,3,1
2014554C33208,1,9,0,12,0,8,0,0,0,0,3,1,1,1,35,6,2993,2,1,9,1
2014554C33208,2,9,0,18,0,8,0,0,0,0,4,1,6,2,39,7,1198,1,1,6,1
2014554C33285,1,3,0,4,0,4,0,0,0,0,1,1,1,1,22,5,124,1,4,3,1
2014554C33285,2,9,0,18,0,8,0,0,0,0,4,1,1,2,60,9,1396,1,13,6,1
2014554C33321,1,21,0,11,0,1,0,0,0,0,1,1,1,1,32,6,-1,-1,-1,4,1
2014554C33321,2,9,0,18,0,8,0,0,0,0,3,1,6,2,40,7,1398,2,12,1,1
2014554C33329,1,19,0,7,0,8,0,0,0,0,1,1,1,1,63,9,1560,2,1,6,1
2014554C33329,2,1,0,18,0,8,0,0,0,0,4,1,6,1,15,3,-1,-1,-1,6,1
2014554C33433,1,9,0,9,0,0,0,0,0,0,1,1,6,1,60,9,1589,1,19,7,1
2014554C33433,2,9,0,18,0,0,0,0,0,0,1,1,6,2,52,8,1587,1,14,4,1
2014554C33433,3,9,0,2,0,0,0,0,0,0,2,1,6,3,-1,-1,1149,1,8,-1,-1
2014554C33567,1,11,0,5,0,1,0,0,0,0,0,1,6,1,44,7,6374,2,5,2,1
2014554C33574,1,11,0,18,0,0,0,0,0,0,0,1,1,1,33,6,7300,2,6,3,1
2014554C33588,1,9,0,18,0,0,0,0,0,0,1,1,6,1,55,8,1599,1,8,8,1
2014554C33651,1,9,0,14,0,1,0,0,0,0,4,1,6,2,55,8,1198,1,9,9,1
2014554C33674,1,9,0,7,0,5,0,0,0,0,4,1,6,3,-1,-1,-1,-1,-1,-1,-1
2014554C33674,2,1,0,18,0,8,0,0,0,0,1,1,1,2,30,6,-1,-1,-1,2,1
2014554C33723,1,2,0,13,0,8,0,0,0,0,1,1,6,1,16,4,49,1,4,8,1
2014554C33723,2,9,0,9,0,5,0,0,0,0,3,1,6,1,56,9,1399,2,8,6,1
2014554C33981,1,9,0,18,0,0,0,0,0,0,3,1,6,2,45,7,1998,1,13,8,3
2014554C33981,2,9,4,18,0,0,0,0,0,0,3,1,6,1,39,7,1896,2,8,10,1
2014554C33981,3,9,3,18,0,0,0,0,0,0,1,1,6,1,43,7,1995,2,12,8,3
2014554C34135,1,9,0,18,9,1,0,0,0,0,4,1,1,1,38,7,2993,2,1,-1,-1
2014554C34135,2,1,0,18,9,1,0,0,0,0,1,1,6,1,19,4,-1,-1,-1,2,1
2014554C34142,1,20,0,9,0,6,0,0,0,0,1,1,6,1,66,10,4899,2,5,10,1
2014554C34142,2,9,0,18,0,8,0,0,0,0,4,1,6,2,35,6,1229,1,2,3,1
2014554C34333,1,9,0,18,0,4,0,0,0,0,1,1,6,2,44,7,1995,1,6,9,1
2014554C34333,2,3,0,18,0,8,0,0,0,0,4,1,6,1,19,4,124,1,3,3,1
2014554C34486,1,5,0,11,0,3,0,0,7,7,1,1,6,1,48,8,953,1,11,6,1
2014554C34486,2,9,0,9,0,8,0,0,0,0,3,1,6,2,52,8,1796,1,2,4,1
2014554C34491,1,9,0,17,0,2,0,4,0,0,1,1,6,2,20,4,1242,1,5,9,1
2014554C34491,2,9,0,2,0,2,0,0,0,0,2,1,6,3,-1,-1,1984,2,8,-1,-1
2014554C34517,1,9,0,9,0,8,0,0,0,0,4,1,6,3,-1,-1,-1,-1,-1,-1,-1
2014554C34517,2,1,0,18,0,8,0,0,0,0,1,1,1,1,25,5,-1,-1,-1,4,1
2014554C34610,1,9,0,6,0,5,0,0,0,0,0,1,3,2,37,7,1461,2,3,8,3
2014554C34610,2,9,0,3,0,1,0,0,0,0,3,1,6,1,56,9,1968,2,1,8,1
2014554C34610,3,1,0,18,0,8,0,0,0,0,1,1,2,1,32,6,-1,-1,-1,4,1
2014554C34689,1,1,5,18,0,1,0,0,0,0,1,1,6,1,42,7,-1,-1,-1,5,1
2014554C34730,1,5,0,18,0,0,0,0,0,0,1,1,6,1,17,4,599,1,17,9,1
2014554C34730,2,9,0,6,0,0,0,0,0,0,3,1,6,2,29,6,1360,1,9,3,1
2014554C34754,1,9,0,18,0,8,0,0,0,0,1,1,6,1,19,4,1360,1,14,3,1
2014554C34754,2,9,0,18,0,8,0,0,0,0,2,1,6,1,33,6,1390,1,13,-1,-1
2014554C34770,1,9,0,7,0,2,0,0,0,0,1,1,2,1,45,7,2204,2,7,5,1
2014554C34770,2,5,0,13,0,1,1,4,0,0,1,1,6,1,41,7,600,1,16,4,1
2014554C34770,3,9,0,2,0,1,0,0,0,0,3,1,6,3,-1,-1,1360,1,10,-1,-1
2014554C34912,1,9,0,5,0,4,0,0,0,0,2,1,2,2,36,7,1390,1,11,8,1
2014554C34912,2,9,0,5,0,1,0,0,0,0,1,1,6,2,28,6,1388,1,10,4,1
2014554C34916,1,9,0,5,0,8,0,0,0,0,1,1,6,1,40,7,1598,1,1,2,1
2014554C34916,2,1,0,18,0,8,0,0,0,0,1,1,6,2,26,6,-1,-1,-1,-1,1
2014554C35037,1,9,0,17,0,0,1,10,7,2,1,1,6,1,19,4,1197,1,1,9,1
2014554C35050,1,9,0,18,0,0,0,0,0,0,4,1,6,1,39,7,1896,2,11,5,1
2014554C35301,1,19,0,18,0,0,0,0,0,0,1,1,6,1,41,7,1996,2,3,9,1
2014554C35301,2,9,0,4,0,0,0,0,0,0,2,1,6,1,35,6,1200,1,-1,4,1
2014554C35459,1,9,0,18,0,0,0,0,0,0,2,1,2,2,41,7,1796,1,6,1,1
2014554C35459,2,9,0,18,0,0,0,0,0,0,1,1,2,2,19,4,1390,1,1,6,1
2014554C35513,1,9,0,7,0,6,0,0,0,0,1,1,6,1,27,6,2148,2,7,5,1
2014554C35513,2,1,0,18,0,8,0,0,0,0,4,1,6,1,70,10,-1,-1,-1,2,1
2014554C35594,1,9,0,5,0,1,0,0,0,0,1,1,6,2,48,8,1995,2,6,8,1
2014554C35594,2,9,0,18,0,8,0,4,0,0,3,1,6,1,18,4,1390,1,9,4,1
2014554C35594,3,9,0,2,0,2,0,4,0,0,2,1,6,3,-1,-1,2616,1,8,-1,-1
2014554C35594,4,20,0,2,0,2,0,0,0,0,4,1,6,3,-1,-1,-1,-1,-1,-1,-1
2014554C35594,5,9,0,2,0,2,0,0,0,0,2,1,6,3,-1,-1,1896,2,11,-1,-1
2014554C35719,1,9,0,9,0,8,0,0,7,4,3,1,6,1,71,10,1968,2,3,10,1
2014554C35719,2,11,0,18,0,8,0,0,3,10,1,1,1,1,37,7,-1,-1,-1,3,1
2014554C35738,1,9,0,4,0,0,0,0,0,0,1,1,6,2,50,8,1968,2,2,-1,1
2014554C35738,2,9,0,3,0,0,0,0,0,0,2,1,6,2,35,6,1998,1,11,3,1
2014554C35738,3,9,0,3,0,0,0,0,0,0,2,1,6,2,55,8,1398,1,3,9,1
2014554C35759,1,5,0,10,0,8,0,0,0,0,2,1,2,1,22,5,599,1,15,1,1
2014554C35759,2,9,0,4,0,8,0,0,0,0,1,1,6,1,48,8,1997,1,8,3,1
2014554C35764,1,9,0,18,0,4,0,0,0,0,1,1,6,2,42,7,1997,1,12,6,1
2014554C35764,2,9,0,18,0,8,0,0,0,0,4,1,6,1,57,9,1781,1,13,5,1
2014554C35772,1,9,0,9,0,2,0,0,0,0,1,1,6,1,25,5,1360,1,9,7,1
2014554C35791,1,9,0,9,0,8,0,0,0,0,1,1,6,1,18,4,1598,1,10,3,1
2014554C35791,2,4,0,18,0,8,0,0,0,0,3,1,6,1,42,7,125,1,1,2,1
2014554C35795,1,9,0,18,0,2,0,0,0,0,3,1,6,1,28,6,1396,1,16,-1,1
2014554C35795,2,9,0,2,0,2,0,0,0,0,4,1,6,3,-1,-1,1229,1,7,-1,-1
2014554C35864,1,9,0,18,0,0,0,0,0,0,4,1,6,1,82,11,5000,1,20,3,1
2014554C35864,2,9,0,2,0,0,0,0,0,0,0,1,6,3,-1,-1,1329,1,4,-1,-1
2014554C35878,1,9,0,9,0,6,0,0,0,0,4,1,2,1,20,4,995,1,9,4,1
2014554C35878,2,5,0,13,0,1,0,0,0,0,4,1,6,1,51,8,650,1,-1,5,1
2014554C35878,3,11,0,4,0,1,0,0,0,0,0,1,1,1,44,7,-1,-1,-1,5,1
2014554C35884,1,11,0,18,0,0,0,0,0,0,1,1,1,1,47,8,7300,2,13,6,1
2014554C35884,2,8,0,3,0,0,0,0,0,0,2,1,1,1,41,7,1686,2,4,3,1
2014554C35884,3,11,0,3,0,0,0,0,0,0,2,1,1,1,38,7,9000,2,6,-1,-1
2014554C36018,1,11,0,18,0,0,0,0,0,0,0,1,1,1,60,9,9000,2,5,9,1
2014554C36050,1,19,0,2,0,0,0,0,0,0,3,1,1,1,37,7,1896,2,8,9,1
2014554C36050,2,1,0,14,0,0,0,0,0,0,1,1,2,1,17,4,-1,-1,-1,6,1
2014554C36157,1,11,0,17,0,8,0,0,0,0,0,1,1,1,34,6,7300,2,2,5,1
2014554C36157,2,9,0,5,0,4,0,0,0,0,0,1,6,3,-1,-1,-1,-1,-1,-1,-1
2014554C36199,1,9,0,7,0,8,0,0,0,0,4,1,6,1,66,10,1598,1,2,10,1
2014554C36199,2,1,0,18,0,8,0,0,0,0,2,1,6,1,50,8,-1,-1,-1,10,1
2014554C36215,1,3,0,14,0,1,1,0,0,0,4,1,6,1,21,5,124,1,1,2,1
2014554C36215,2,9,0,18,0,1,0,0,0,0,3,1,6,1,48,8,-1,-1,-1,1,1
2014554C36467,1,9,0,18,0,2,0,0,0,0,1,1,6,3,-1,-1,-1,-1,-1,-1,-1
2014554C36467,2,9,0,4,0,2,0,0,0,0,2,1,6,2,63,9,1596,1,-1,6,1
2014554C36558,1,3,0,18,0,1,0,0,0,0,1,1,6,1,18,4,124,1,13,10,1
2014554C36558,2,9,0,18,0,1,0,0,0,0,0,1,6,1,49,8,1997,2,1,10,1
2014554C36599,1,9,0,18,0,8,0,0,0,0,4,1,6,1,-1,-1,-1,-1,-1,-1,-1
2014554C36599,2,1,0,18,0,8,0,0,0,0,3,1,6,2,46,8,-1,-1,-1,6,1
2014554C36672,1,9,0,9,0,8,0,0,0,0,3,1,6,1,83,11,1086,1,4,-1,-1
2014554C36672,2,5,0,18,0,8,0,0,0,0,1,1,2,1,38,7,1157,1,8,1,1
2014554C36674,1,2,0,18,0,2,0,0,0,0,3,1,6,1,17,4,50,1,5,10,1
2014554C36753,1,9,0,18,0,0,0,0,0,0,1,1,6,1,45,7,1299,1,13,8,1
2014554C36753,2,1,0,18,0,0,0,0,0,0,1,1,6,1,15,3,-1,-1,-1,5,1
2014554C36800,1,19,0,4,0,2,0,0,0,0,4,1,6,1,41,7,2198,2,1,1,1
2014554C36800,2,1,0,18,0,2,0,0,0,0,1,1,6,1,42,7,-1,-1,-1,9,1
2014554C36805,1,9,0,7,0,3,0,0,0,0,3,1,1,1,53,8,1997,2,4,9,1
2014554C36805,2,1,0,18,0,8,0,0,0,0,1,1,6,1,31,6,-1,-1,-1,2,1
2014554C36929,1,3,0,17,0,8,0,0,0,0,3,1,6,1,71,10,125,1,6,6,1
2014554C36938,1,9,0,9,0,5,0,0,0,0,1,1,6,2,26,6,1246,1,8,4,1
2014554C36938,2,1,0,18,0,8,0,0,0,0,1,1,6,1,31,6,-1,-1,-1,5,1
2014554C36953,1,8,0,1,0,0,0,0,0,0,2,1,1,1,33,6,1896,2,7,2,1
2014554C36960,1,1,0,13,0,8,0,0,0,0,1,1,6,1,17,4,-1,-1,-1,3,1
2014554C36960,2,9,0,17,0,8,0,0,0,0,3,1,6,1,37,7,1995,2,7,6,1
2014554C37078,1,9,0,18,0,8,0,0,0,0,1,1,6,1,43,7,1997,2,12,3,1
2014554C37078,2,9,0,18,0,8,0,0,0,0,2,1,6,1,85,11,1299,1,13,2,1
2014554C37131,1,9,0,18,0,1,0,0,0,0,1,1,6,3,-1,-1,-1,-1,-1,-1,-1
2014554C37169,1,11,0,18,0,1,0,0,0,0,1,1,1,1,44,7,7300,2,12,3,1
2014554C37231,1,11,0,18,0,3,0,0,0,0,0,1,1,1,33,6,7300,2,11,-1,-1
2014554C37283,1,9,0,5,0,2,0,0,0,0,1,1,1,1,53,8,1999,1,7,10,1
2014554C37334,1,9,0,18,0,0,1,0,0,0,0,1,6,1,47,8,1796,1,11,1,1
2014554C37334,2,9,0,18,0,0,0,0,0,0,2,1,6,2,28,6,1994,2,5,4,1
2014554C37351,1,9,0,5,0,8,0,0,0,0,1,1,6,2,25,5,1781,1,12,6,1
2014554C37351,2,1,0,18,0,8,0,0,0,0,4,1,1,1,37,7,-1,-1,-1,8,1