Accident_Index,Vehicle_Reference,Vehicle_Type,Towing_and_Articulation,Vehicle_Manoeuvre,Vehicle_Location-Restricted_Lane,Junction_Location,Skidding_and_Overturning,Hit_Object_in_Carriageway,Vehicle_Leaving_Carriageway,Hit_Object_off_Carriageway,1st_Point_of_Impact,Was_Vehicle_Left_Hand_Drive?,Journey_Purpose_of_Driver,Sex_of_Driver,Age_of_Driver,Age_Band_of_Driver,Engine_Capacity_(CC),Propulsion_Code,Age_of_Vehicle,Driver_IMD_Decile,Driver_Home_Area_Type
2014554C45978,2,9,0,3,0,1,0,0,0,0,2,1,6,2,56,9,1343,1,12,5,2
2014554C45991,1,11,0,5,0,0,0,0,0,0,3,1,1,2,65,9,7300,2,10,4,1
2014554C45991,2,11,0,18,0,0,0,0,0,0,4,1,1,1,56,9,6370,2,11,4,1
2014554C46006,1,9,0,5,0,6,0,0,0,0,1,1,6,2,41,7,1995,2,14,3,1
2014554C46006,2,1,0,17,0,8,0,0,0,0,1,1,6,2,21,5,-1,-1,-1,6,1
2014554C46009,1,9,0,18,0,1,0,0,0,0,1,1,6,1,61,9,1598,1,11,6,1
2014554C46009,2,9,0,3,0,1,0,0,0,0,2,1,6,2,61,9,998,1,25,8,1
2014554C46009,3,9,0,3,0,1,0,0,0,0,2,1,6,1,58,9,1560,2,7,3,1
2014554C46210,1,9,0,18,0,1,0,0,0,0,3,1,6,2,55,8,1242,1,1,7,1
2014554C46210,2,11,0,2,0,1,0,0,0,0,0,1,1,1,48,8,4500,2,7,7,3
2014554C46326,1,1,0,18,0,8,0,0,0,0,1,1,6,1,33,6,-1,-1,-1,-1,-1
2014554C46326,2,9,0,18,0,8,0,0,0,0,3,1,6,2,34,6,1229,1,5,3,1
2014554C46361,1,9,0,9,0,8,0,0,0,0,1,1,6,2,27,6,1242,1,14,2,1
2014554C46361,2,9,0,18,0,8,0,0,0,0,1,1,6,1,74,10,1398,1,2,4,1
2014554C46404,1,9,0,3,0,8,0,0,0,0,2,1,6,2,31,6,1229,1,2,1,1
2014554C46404,2,9,0,18,0,8,0,0,0,0,1,1,6,1,29,6,1753,2,12,5,1
2014554C46419,1,9,0,16,0,3,0,0,0,0,4,1,2,1,41,7,1597,1,5,9,1
2014554C46419,2,1,0,18,0,4,0,0,0,0,1,1,6,2,18,4,-1,-1,-1,2,1
2014554C46441,1,19,0,5,0,4,0,0,0,0,3,1,1,1,49,8,2402,2,5,3,1
2014554C46441,2,1,0,18,0,3,0,0,0,0,3,1,1,1,34,6,-1,-1,-1,6,1
2014554C46465,1,8,0,12,0,0,0,0,0,0,0,1,6,1,-1,-1,1560,2,1,-1,-1
2014554C46465,2,9,0,18,0,0,0,0,0,0,0,1,1,2,31,6,1753,2,4,6,1
2014554C46632,1,9,0,16,0,0,1,0,7,10,1,1,6,1,47,8,2179,2,1,8,1
2014554C46722,1,19,0,9,0,5,0,0,0,0,4,1,6,1,41,7,2151,2,11,6,1
2014554C46722,2,1,0,18,9,1,0,0,0,0,1,1,6,1,22,5,-1,-1,-1,1,1
2014554C46901,1,19,0,8,0,8,0,0,0,0,4,1,1,1,65,9,1968,2,3,-1,1
2014554C46906,1,4,0,14,0,1,0,0,0,0,1,1,2,1,56,9,124,1,2,5,1
2014554C46906,2,9,0,5,0,6,0,0,0,0,1,1,1,1,31,6,-1,-1,-1,7,3
2014554C46966,1,2,0,18,0,1,0,0,0,0,0,1,1,1,32,6,49,1,2,5,1
2014554C46966,2,9,0,7,0,6,0,0,0,0,0,1,6,3,-1,-1,-1,-1,-1,-1,-1
2014554C47057,1,9,0,18,0,8,0,0,0,0,1,1,6,2,60,9,1587,1,10,5,1
2014554C47057,2,9,0,9,0,8,0,0,0,0,1,1,6,1,23,5,1242,1,4,6,1
2014554C47068,1,9,0,18,0,0,0,0,0,0,1,1,6,1,32,6,1331,1,19,4,1
2014554C47080,1,9,0,18,0,8,0,0,0,0,1,1,6,1,25,5,1388,1,10,10,1
2014554C47080,2,8,0,18,0,8,0,0,1,10,3,1,6,1,29,6,1560,2,4,6,1
2014554C47080,3,9,0,2,0,2,0,0,0,0,1,1,6,3,-1,-1,1999,1,5,-1,-1
2014554C47219,1,9,0,3,0,7,0,0,0,0,2,1,6,2,46,8,1398,2,6,5,1
2014554C47219,2,9,0,18,0,7,0,0,0,0,1,1,1,1,49,8,1896,2,9,8,1
2014554C47229,1,3,0,9,0,8,0,0,0,0,1,1,6,1,24,5,124,1,1,6,1
2014554C47229,2,9,0,5,0,8,0,0,0,0,1,1,2,2,25,5,998,1,1,5,1
2014554C47386,1,9,0,5,0,8,0,0,0,0,3,1,6,1,53,8,1896,2,12,8,1
2014554C47452,1,9,0,18,0,8,0,0,0,0,1,1,6,2,33,6,1968,2,6,4,1
2014554C47452,2,9,0,9,0,8,0,0,0,0,3,1,6,1,43,7,-1,-1,-1,6,2
2014554C47505,1,9,0,18,0,0,0,0,0,0,1,1,6,1,46,8,1360,1,8,5,1
2014554C47505,2,9,0,4,0,0,0,0,0,0,2,1,6,1,40,7,2179,2,10,4,1
2014554C47505,3,9,0,4,0,0,0,0,0,0,2,1,6,2,24,5,998,1,5,6,1
2014554C47505,4,9,0,4,0,0,0,0,0,0,2,1,6,1,46,8,998,1,-1,7,2
2014554C47528,1,19,0,12,0,8,0,0,0,0,3,1,6,1,33,6,1996,2,-1,5,1
2014554C47528,2,9,0,18,0,8,0,0,0,0,4,1,6,1,19,4,1149,1,10,8,1
2014554C47588,1,9,0,18,0,0,0,0,0,0,1,1,6,3,-1,-1,-1,-1,-1,-1,-1
2014554C47588,2,9,0,2,0,0,0,0,0,0,0,1,6,3,-1,-1,-1,-1,-1,-1,-1
2014554C47595,1,9,0,5,0,8,0,0,0,0,1,1,6,2,40,7,1598,1,2,10,1
2014554C47596,1,9,0,9,0,1,0,0,0,0,3,1,6,1,67,10,1997,1,7,9,1
2014554C47596,2,5,0,13,0,1,0,0,0,0,1,1,2,1,24,5,1200,1,10,9,1
2014554C47617,1,1,0,18,0,8,0,0,0,0,2,1,6,1,53,8,-1,-1,-1,9,1
2014554C47617,2,9,0,7,0,4,0,0,0,0,1,1,6,1,67,10,1598,1,-1,10,1
2014554C47627,1,9,0,18,0,8,0,0,0,0,1,1,6,1,38,7,1895,1,14,-1,1
2014554C47627,2,9,0,3,0,8,0,0,0,0,2,1,6,2,19,4,1596,1,10,9,1
2014554C47627,3,9,0,4,0,5,0,0,0,0,2,1,6,1,46,8,2143,12,1,9,1
2014554C47631,1,9,0,7,9,5,0,0,0,0,4,1,6,2,37,7,1896,2,6,-1,1
2014554C47631,2,1,0,18,9,1,0,0,0,0,1,1,6,1,21,5,-1,-1,-1,5,1
2014554C47674,1,9,0,16,0,2,0,0,7,10,3,1,2,1,19,4,1242,1,13,6,1
2014554C47895,1,9,0,18,0,8,0,0,0,0,1,1,6,1,85,11,1396,1,15,3,1
2014554C47895,2,9,0,18,0,8,0,0,1,5,3,1,6,1,25,5,1390,1,14,1,1
2014554C47936,1,5,0,18,0,0,1,0,0,0,3,1,6,1,59,9,-1,-1,-1,4,1
2014554C48070,1,9,0,18,0,3,0,0,0,0,1,1,6,2,22,5,1686,2,7,9,1
2014554C48070,2,1,0,18,0,6,0,0,0,0,3,1,6,1,16,4,-1,-1,-1,5,1
2014554C48080,1,19,0,4,0,8,0,0,0,0,1,1,6,1,41,7,-1,-1,-1,6,1
2014554C48080,2,9,0,3,0,8,0,0,0,0,2,1,6,2,29,6,1299,1,9,4,1
2014554C48095,1,9,0,18,0,0,0,0,0,0,1,1,6,2,29,6,3301,1,13,5,1
2014554C48095,2,9,0,4,0,0,0,0,0,0,2,1,6,2,35,6,1798,1,6,6,1
2014554C48096,1,19,0,6,0,6,0,0,0,0,1,1,1,1,29,6,2402,2,13,-1,3
2014554C48096,2,9,0,18,0,8,0,0,0,0,4,1,1,1,23,5,-1,-1,-1,2,1
2014554C48250,1,9,0,18,0,0,0,0,0,0,1,1,1,1,28,6,1242,1,8,7,1
2014554C48250,2,9,0,3,0,0,0,0,0,0,2,1,6,2,28,6,1598,1,9,6,1
2014554C48352,1,9,0,18,0,7,0,0,0,0,3,1,6,1,43,7,1895,1,14,4,1
2014554C48352,2,9,0,18,0,8,0,0,4,6,4,1,6,2,51,8,1560,2,7,4,1
2014554C48427,1,3,0,18,0,8,0,0,0,0,4,1,6,1,17,4,124,1,27,5,1
2014554C48427,2,19,0,9,0,6,0,0,0,0,1,1,2,1,30,6,1996,2,4,6,1
2014554C48599,1,9,0,5,0,8,0,0,0,0,1,1,6,1,74,10,-1,-1,-1,3,1
2014554C48599,2,1,0,18,0,8,0,0,0,0,4,1,2,1,61,9,-1,-1,-1,2,1
2014554C48611,1,19,0,18,0,8,0,0,0,0,1,1,2,1,33,6,1997,2,2,3,1
2014554C48611,2,9,0,7,0,6,0,0,0,0,1,1,6,2,35,6,1248,1,4,10,1
2014554C48645,1,9,0,6,0,0,0,0,0,0,3,1,6,2,25,5,1242,1,5,5,3
2014554C48645,2,5,0,18,0,0,0,0,0,0,1,1,6,1,32,6,937,1,20,3,1
2014554C48666,1,9,0,18,0,8,0,0,0,0,1,1,6,1,44,7,1587,1,8,-1,1
2014554C48666,2,19,0,18,0,8,0,4,7,10,4,1,1,1,28,6,1461,2,4,1,1
2014554C48666,3,9,0,2,0,2,0,0,0,0,1,1,6,3,-1,-1,2000,2,8,-1,-1
2014554C48666,4,9,0,2,0,2,0,0,0,0,1,1,6,3,-1,-1,1969,2,-1,-1,-1
2014554C48666,5,9,0,2,0,2,0,0,0,0,1,1,6,3,-1,-1,1061,1,9,-1,-1
2014554C48666,6,9,0,2,0,2,0,0,0,0,1,1,6,3,-1,-1,-1,-1,-1,-1,-1
2014554C48707,1,9,0,17,0,0,0,0,1,2,1,1,1,1,62,9,5752,1,42,10,1
2014554C48871,1,11,0,18,0,0,0,0,0,0,1,1,1,1,52,8,7300,2,2,-1,1
2014554C48885,1,9,0,9,0,8,0,0,0,0,1,1,6,2,69,10,1896,2,12,6,1
2014554C48885,2,9,0,18,0,8,0,0,0,0,1,1,6,1,51,8,1797,1,22,5,1
2014554C48898,1,9,0,5,0,1,0,0,0,0,1,1,6,2,87,11,1339,1,10,9,1
2014554C48898,2,9,0,10,0,1,0,0,0,0,2,1,6,2,27,6,1197,1,-1,5,1
2014554C48968,1,1,0,18,0,0,0,0,0,0,1,1,6,1,31,6,-1,-1,-1,4,1
2014554C48968,2,9,0,18,0,0,0,0,0,0,1,1,6,2,60,9,999,1,4,10,3
2014554C49032,1,90,0,18,0,8,0,7,7,4,1,1,6,1,63,9,-1,-1,-1,3,1
2014554C49032,2,9,0,18,0,8,0,0,0,0,3,1,6,2,59,9,1364,1,5,6,1
2014554C49037,1,11,0,18,0,0,0,0,0,0,0,1,1,2,50,8,7300,2,13,1,1
2014554C49151,1,9,0,7,0,3,0,0,0,0,1,1,6,1,70,10,1329,1,1,3,1
2014554C49151,2,1,0,18,0,3,0,0,0,0,2,1,6,1,40,7,-1,-1,-1,8,1
2014554C49166,1,9,0,18,0,8,0,0,0,0,1,1,6,1,80,11,1997,2,7,-1,1
2014554C49166,2,1,0,18,0,8,0,0,0,0,2,1,6,1,34,6,-1,-1,-1,3,1
2014554C49177,1,8,0,5,0,4,0,0,0,0,1,1,6,1,41,7,1896,2,5,6,1
2014554C49177,2,1,0,17,0,8,0,0,0,0,1,1,6,1,20,4,-1,-1,-1,8,1
2014554C49203,1,9,0,9,0,8,0,0,0,0,1,1,6,1,33,6,1398,1,3,9,1
2014554C49203,2,1,0,18,0,8,0,0,0,0,1,1,6,1,62,9,-1,-1,-1,8,1
2014554C49280,1,19,0,16,0,2,0,0,0,0,1,1,1,1,55,8,2184,2,18,3,1
2014554C49445,1,9,0,9,0,6,0,0,0,0,1,1,3,2,39,7,2776,2,2,9,1
2014554C49445,2,5,0,18,0,1,0,0,0,0,1,1,1,1,35,6,600,1,13,3,1
2014554C49532,1,9,0,17,0,3,0,0,0,0,2,1,6,2,35,6,1999,1,9,3,1
2014554C49532,2,9,0,18,0,3,0,0,0,0,1,1,6,2,47,8,1399,2,5,-1,1
2014554C49532,3,9,0,11,0,3,0,0,0,0,0,1,6,3,-1,-1,-1,-1,-1,-1,-1
2014554C49538,1,9,0,18,0,0,0,0,0,0,4,1,6,3,-1,-1,-1,-1,-1,-1,-1
2014554C49538,2,1,0,18,0,0,0,0,0,0,3,1,6,1,17,4,-1,-1,-1,4,1
2014554C49576,1,9,0,7,0,5,0,0,0,0,1,1,6,1,27,6,1389,1,14,4,1
2014554C49576,2,9,0,18,0,8,0,0,2,2,2,1,6,1,24,5,1896,2,10,10,1
2014554C49576,3,9,0,18,0,1,0,0,0,0,1,1,6,2,61,9,1242,1,2,4,1
2014554C49657,1,9,0,9,0,5,0,0,0,0,3,1,6,1,20,4,1783,1,12,6,1
2014554C49657,2,3,0,13,0,8,0,0,0,0,1,1,2,1,23,5,125,1,8,4,1
2014554C49661,1,5,0,11,0,0,1,0,2,10,3,1,6,1,55,8,1299,1,9,8,1
2014554C49661,2,9,0,18,0,0,0,0,0,0,4,1,6,2,23,5,1896,2,7,6,1
2014554C49785,1,9,0,9,0,2,0,0,0,0,1,1,6,2,78,11,1124,1,12,10,1
2014554C49837,1,1,0,18,0,0,0,0,0,0,1,1,6,1,40,7,-1,-1,-1,3,1
2014554C49837,2,9,0,2,0,0,0,0,0,0,1,1,6,3,-1,-1,1731,1,15,-1,-1
2014554C49937,1,9,0,18,0,0,0,0,0,0,3,1,6,1,61,9,1461,2,2,5,1
2014554C49937,2,9,0,18,0,0,0,0,0,0,3,1,6,1,43,7,2188,2,9,6,1
2014554C49964,1,9,0,18,0,8,0,0,0,0,1,1,6,1,53,8,1196,1,17,1,1
2014554C49964,2,9,0,7,0,5,0,0,0,0,2,1,6,2,37,7,1598,1,12,5,1
2014554C50160,1,9,0,18,0,0,0,0,0,0,4,1,6,3,-1,-1,-1,-1,-1,-1,-1
2014554C50160,2,1,0,18,0,0,0,0,0,0,1,1,6,1,13,3,-1,-1,-1,3,1
2014554C50264,1,9,0,18,0,8,0,0,0,0,4,1,6,2,63,9,1598,1,11,6,1
2014554C50264,2,9,0,5,0,6,0,0,0,0,1,1,6,2,52,8,998,1,1,7,3
2014554C50323,1,9,0,9,0,8,0,0,0,0,1,1,6,1,26,6,2143,2,1,9,1
2014554C50323,2,9,0,18,0,8,0,0,0,0,1,1,6,1,39,7,1896,2,6,4,1
2014554C50419,1,19,0,5,0,6,0,0,0,0,1,1,6,1,40,7,-1,-1,-1,4,1
2014554C50419,2,9,0,18,0,8,0,0,0,0,4,1,6,2,51,8,-1,-1,-1,9,1
2014554C50421,1,9,0,18,0,1,0,0,0,0,1,1,6,1,87,11,1240,1,9,4,1
2014554C50421,2,11,0,2,0,2,0,0,0,0,0,1,1,3,-1,-1,-1,2,15,-1,-1
2014554C50451,1,9,0,9,4,5,0,0,0,0,1,1,6,1,53,8,1905,2,16,6,1
2014554C50451,2,1,0,18,4,8,0,0,0,0,1,1,2,1,43,7,-1,-1,-1,4,1
2014554C50492,1,9,0,18,0,4,0,0,0,0,1,1,6,1,30,6,1896,2,9,8,1
2014554C50492,2,1,0,18,0,4,0,0,0,0,2,1,6,1,30,6,-1,-1,-1,9,1
2014554C50492,3,9,0,18,0,8,0,0,0,0,0,1,1,1,49,8,2993,2,5,6,1
2014554C50499,1,9,0,3,0,0,0,0,0,0,2,1,6,2,36,7,1560,2,9,9,1
2014554C50499,2,9,0,18,0,0,0,0,0,0,1,1,3,2,41,7,1995,2,10,10,1
2014554C50499,3,19,0,18,0,0,0,0,0,0,1,1,1,1,62,9,1995,2,3,7,1
2014554C50499,4,9,0,18,0,0,0,0,0,0,1,1,6,2,39,7,1124,1,13,7,1
2014554C50499,5,9,0,18,0,0,0,0,0,0,1,1,6,1,47,8,1598,1,8,9,1
2014554C50519,1,3,0,18,0,5,0,0,0,0,1,1,2,1,31,6,124,1,1,10,1
2014554C50519,2,90,0,9,0,5,0,0,0,0,3,1,1,1,35,6,-1,-1,-1,4,1
2014554C50593,1,9,0,9,0,6,0,0,0,0,1,1,6,2,28,6,1871,2,10,-1,1
2014554C50593,2,3,0,18,0,1,0,0,0,0,4,1,1,1,19,4,-1,-1,-1,8,1
2014554C50606,1,9,0,18,0,8,0,0,0,0,1,1,6,1,17,4,1124,1,7,7,1
2014554C50606,2,9,0,9,0,8,0,0,0,0,1,1,6,1,33,6,1956,2,-1,-1,-1
2014554C50618,1,9,0,18,0,2,0,0,0,0,3,1,6,2,27,6,1242,1,3,6,1
2014554C50679,1,9,0,9,0,6,0,0,0,0,1,1,6,2,82,11,1299,1,7,5,1
2014554C50679,2,19,0,18,0,8,0,0,0,0,3,1,1,1,56,9,2148,2,9,8,1
2014554C50750,1,9,0,18,0,0,0,0,0,0,1,1,6,2,48,8,1968,2,2,7,3
2014554C50792,1,1,0,18,0,8,0,0,0,0,4,1,6,1,30,6,-1,-1,-1,7,1
2014554C50792,2,9,0,18,0,8,0,0,0,0,1,1,6,1,29,6,1596,1,9,6,1
2014554C50819,1,9,0,18,0,0,0,0,0,0,1,1,6,1,17,4,1149,1,15,7,1
2014554C50819,2,9,0,4,0,0,0,0,0,0,2,1,6,2,36,7,1679,1,12,4,1
2014554C50831,1,9,0,18,0,4,0,0,0,0,0,1,6,1,63,9,-1,-1,-1,10,1
2014554C50831,2,9,0,18,0,4,0,0,0,0,0,1,6,1,51,8,1910,2,7,3,1
2014554C50860,1,5,0,9,0,5,1,4,0,0,1,1,6,2,30,6,696,1,2,2,1
2014554C50860,2,10,0,2,0,1,0,0,0,0,4,1,6,3,-1,-1,2496,2,18,-1,-1
2014554C50896,1,1,0,18,0,0,0,0,0,0,1,1,6,1,75,10,-1,-1,-1,10,1
2014554C50906,1,8,0,13,0,8,0,0,0,0,4,1,6,1,49,8,1997,2,7,-1,-1
2014554C50906,2,1,0,18,0,8,0,0,0,0,3,1,6,2,24,5,-1,-1,-1,3,1
2014554C50975,1,9,0,18,0,0,0,0,1,2,1,1,6,2,72,10,1389,1,17,9,1
2014554C50975,2,19,0,18,0,0,0,0,1,2,1,1,6,1,50,8,-1,-1,-1,5,1
2014554C51065,1,9,0,18,0,1,1,0,0,0,1,1,6,1,29,6,1997,2,3,-1,3
2014554C51065,2,9,0,18,0,1,0,0,0,0,2,1,1,1,39,7,1149,1,15,2,1
2014554C51105,1,9,0,9,0,8,0,0,0,0,3,1,6,2,58,9,1995,2,-1,10,1
2014554C51105,2,9,0,13,0,8,0,0,0,0,4,1,6,1,33,6,-1,-1,-1,7,1
2014554C51174,1,9,0,7,0,3,0,0,0,0,1,1,2,2,51,8,1396,1,14,8,1
2014554C51174,2,1,0,18,0,6,0,0,0,0,1,1,6,1,17,4,-1,-1,-1,4,1
2014554C51186,1,3,0,15,0,1,0,0,0,0,1,1,6,1,19,4,125,1,1,6,1
2014554C51186,2,9,0,9,0,8,0,0,0,0,1,1,2,1,39,7,1388,1,7,5,1
2014554C51199,1,19,0,18,0,4,0,0,0,0,1,1,6,3,-1,-1,-1,-1,-1,-1,-1
2014554C51199,2,9,0,18,0,8,0,0,0,0,4,1,6,2,36,7,1149,1,10,3,1
2014554C51246,1,9,0,9,0,6,0,0,0,0,3,1,2,2,29,6,796,1,12,1,1
2014554C51246,2,1,0,18,0,8,0,0,0,0,1,1,6,1,38,7,-1,-1,-1,4,1
2014554C51331,1,8,0,18,0,4,0,0,0,0,1,1,6,3,-1,-1,-1,-1,-1,-1,-1
2014554C51331,2,1,0,18,0,8,0,0,0,0,4,1,6,1,22,5,-1,-1,-1,3,1
2014554C51339,1,9,0,18,0,0,0,0,0,0,1,1,6,2,79,11,2171,1,12,5,1
2014554C51364,1,9,0,5,0,4,0,0,0,0,1,1,6,3,-1,-1,-1,-1,-1,-1,-1
2014554C51364,2,1,0,18,0,8,0,0,0,0,1,1,6,1,22,5,-1,-1,-1,2,1
2014554C51368,1,9,0,9,0,0,0,0,0,0,1,1,6,1,47,8,1596,1,2,10,1
2014554C51409,1,9,0,9,0,8,0,0,0,0,1,1,2,1,52,8,-1,-1,-1,4,1
2014554C51409,2,9,0,18,0,8,0,0,0,0,1,1,2,2,18,4,1390,1,10,5,1
2014554C51447,1,9,0,1,0,2,0,0,0,0,4,1,6,3,-1,-1,-1,-1,-1,-1,-1
2014554C51452,1,9,0,7,0,8,0,0,0,0,1,1,1,2,40,7,1997,1,9,6,1
2014554C51452,2,9,0,9,0,5,0,0,0,0,1,1,6,2,20,4,1995,2,9,5,1
2014554C51463,1,9,0,18,0,1,0,0,0,0,1,1,6,2,17,4,1299,1,11,9,1
2014554C51463,2,9,0,18,0,8,0,0,0,0,4,1,1,2,46,8,1896,2,9,7,1
2014554C51497,1,9,0,18,0,8,0,0,0,0,4,1,6,2,67,10,1399,1,7,5,1
2014554C51497,2,9,0,5,0,6,0,0,0,0,1,1,6,1,58,9,1396,1,16,6,1
2014554C51598,1,20,0,9,0,6,0,0,0,0,1,1,1,1,39,7,-1,-1,-1,1,1
2014554C51598,2,9,0,18,0,8,0,0,1,3,4,1,6,1,33,6,1850,1,13,3,1
2014554C51627,1,11,0,2,0,0,0,0,0,0,0,1,1,1,33,6,3900,2,9,4,1
2014554C51651,1,19,0,18,0,8,0,0,0,0,4,1,6,3,-1,-1,-1,-1,-1,-1,-1
2014554C51651,2,3,0,9,0,5,0,0,0,0,4,1,6,1,21,5,124,1,18,2,1
2014554C51651,3,9,0,2,0,2,0,0,0,0,1,1,6,3,-1,-1,-1,-1,-1,-1,-1
2014554C51690,1,9,0,18,0,8,0,0,0,0,1,1,6,3,-1,-1,-1,-1,-1,-1,-1
2014554C51735,1,19,0,18,0,8,0,0,0,0,1,1,1,1,40,7,1753,2,11,10,1
2014554C51735,2,1,0,18,0,8,0,0,0,0,1,1,6,1,19,4,-1,-1,-1,7,2
2014554C51805,1,9,0,9,0,8,0,0,0,0,1,1,6,1,24,5,1598,1,14,9,1
2014554C51805,2,9,0,18,0,8,0,0,0,0,1,1,6,1,75,10,1598,1,18,10,1
2014554C51848,1,9,0,18,0,4,0,0,0,0,3,1,6,2,29,6,1590,1,13,4,1
2014554C51848,2,1,0,17,0,8,0,0,0,0,1,1,6,1,22,5,-1,-1,-1,-1,-1
2014554C51904,1,9,0,18,0,0,5,0,1,1,3,1,6,1,22,5,2000,1,14,-1,-1
2014554C51936,1,9,0,12,0,8,0,0,0,0,3,1,6,2,20,4,1229,1,2,5,2
2014554C51936,2,9,0,18,0,8,0,0,0,0,4,1,6,1,27,6,1360,1,13,10,1
2014554C51989,1,9,0,18,0,0,0,0,0,0,1,1,6,2,19,4,1199,1,13,6,1
2014554C51989,2,9,0,4,0,0,0,0,0,0,2,1,1,1,41,7,1896,2,6,9,1
2014554C52066,1,9,0,17,0,0,0,0,0,0,3,1,6,1,23,5,1984,1,11,2,1
2014554C52066,2,9,0,16,0,0,0,0,0,0,3,1,6,2,46,8,3498,1,5,8,1
2014554C52077,1,9,0,18,0,4,0,9,3,1,3,1,6,1,76,11,1388,1,8,10,2
2014554C52077,2,9,0,18,0,8,0,0,0,0,2,1,6,1,33,6,1999,1,11,1,1
2014554C52136,1,9,0,5,0,4,0,0,0,0,1,1,6,1,72,10,1386,1,6,1,1
2014554C52145,1,9,0,18,0,8,0,0,0,0,1,1,3,1,65,9,1560,2,4,6,1
2014554C52145,2,1,0,18,0,8,0,0,0,0,1,1,2,2,26,6,-1,-1,-1,1,1
2014554C52149,1,2,0,14,0,8,0,0,0,0,1,1,2,1,22,5,49,1,14,1,1
2014554C52149,2,9,0,5,0,6,0,0,0,0,3,1,3,2,46,8,1242,1,6,6,1
2014554C52149,3,9,0,3,0,8,0,0,0,0,0,1,2,2,52,8,-1,-1,-1,4,1
2014554C52180,1,9,0,18,0,8,0,0,0,0,1,1,6,3,-1,-1,-1,-1,-1,-1,-1
2014554C52180,2,9,0,18,0,8,0,0,0,0,2,1,6,3,-1,-1,-1,-1,-1,-1,-1
2014554C52180,3,8,0,18,0,8,0,0,0,0,2,1,1,1,33,6,-1,-1,-1,-1,-1
2014554C52337,1,9,0,9,0,5,0,0,0,0,4,1,1,1,25,5,1560,2,6,6,1
2014554C52416,1,9,0,18,0,2,0,0,0,0,1,1,6,1,27,6,1360,1,12,9,1
2014554C52421,1,9,0,5,0,8,0,0,0,0,1,1,6,1,30,6,1798,1,6,9,1
2014554C52421,2,9,0,18,0,8,0,0,0,0,3,1,6,1,29,6,1598,1,10,8,1
2014554C52464,1,1,0,18,0,2,0,0,0,0,1,1,1,1,35,6,-1,-1,-1,5,1
2014554C52464,2,9,0,18,0,2,0,0,0,0,3,1,6,3,-1,-1,-1,-1,-1,-1,-1
2014554C52476,1,9,0,18,0,0,0,0,0,0,1,1,1,1,37,7,999,1,4,10,1
2014554C52476,2,9,0,4,0,0,0,0,0,0,2,1,6,2,33,6,1997,2,11,5,1
2014554C52572,1,9,0,18,0,8,0,0,0,0,1,1,6,2,33,6,1896,2,16,6,1
2014554C52572,2,9,0,9,0,6,0,0,0,0,1,1,6,1,53,8,1796,1,13,3,1
2014554C52597,1,9,0,18,0,0,0,0,7,10,1,1,6,1,17,4,1493,2,7,7,1
2014554C52664,1,5,0,14,0,8,0,0,0,0,3,1,6,1,49,8,599,1,16,8,1
2014554C52664,2,9,0,9,0,6,0,0,0,0,1,1,6,1,24,5,1956,2,3,8,1
2014554C52760,1,9,0,7,0,2,0,4,0,0,1,1,6,2,42,7,1998,1,17,3,1
2014554C52760,2,9,0,2,0,2,0,0,0,0,3,1,6,3,-1,-1,1998,2,8,-1,-1
2014554C52843,1,9,0,1,9,6,0,0,0,0,2,1,6,1,48,8,3200,2,9,9,1
2014554C52901,1,9,0,5,0,4,0,0,0,0,1,1,6,2,41,7,1991,2,8,6,1
2014554C52901,2,1,0,18,0,8,0,0,0,0,2,1,6,1,75,10,-1,-1,-1,8,1
2014554C52903,1,9,0,18,0,0,5,7,7,10,1,1,6,1,86,11,1991,2,5,3,1
2014554C53104,1,9,0,18,0,1,0,0,0,0,3,1,6,1,21,5,1968,2,7,5,1
2014554C53108,1,4,0,18,0,3,0,0,0,0,1,1,6,1,20,4,471,1,1,10,1
2014554C53108,2,90,0,9,0,3,0,0,0,0,3,1,6,1,25,5,-1,-1,-1,-1,-1
2014554C53167,1,2,0,7,0,6,0,0,0,0,4,1,6,2,77,11,49,1,18,5,1
2014554C53308,1,9,0,3,0,1,0,0,0,0,2,1,6,1,62,9,1988,2,10,9,2
2014554C53308,2,9,0,18,0,1,0,0,0,0,1,1,6,1,83,11,1124,1,12,8,1
2014554C53395,1,9,0,18,0,1,0,0,0,0,1,1,6,1,33,6,2698,2,6,7,3
2014554C53395,2,9,0,3,0,1,0,0,0,0,2,1,6,2,32,6,1598,2,1,5,1
2014554C53471,1,11,0,2,0,0,0,0,0,0,0,1,1,2,40,7,4461,2,1,1,1
2014554C53489,1,5,0,13,0,8,0,0,0,0,1,1,6,1,50,8,1203,1,7,9,1
2014554C53489,2,9,0,9,0,5,0,0,0,0,1,1,6,2,46,8,998,1,2,7,2
2014554C53496,1,9,0,2,0,2,0,0,0,0,3,1,6,2,59,9,1796,1,5,3,1
2014554C53496,2,9,0,18,0,2,0,0,0,0,1,1,6,1,25,5,1396,1,17,2,1
2014554C53496,3,9,0,18,0,1,0,0,0,0,3,1,6,1,83,11,1149,1,1,5,1
2014554C53534,1,9,0,7,0,4,0,0,0,0,4,1,1,2,46,8,1248,1,-1,10,1
2014554C53534,2,1,0,18,0,4,0,0,0,0,3,1,6,1,25,5,-1,-1,-1,-1,1
2014554C53538,1,8,0,18,0,0,0,0,0,0,4,1,6,3,-1,-1,-1,-1,-1,-1,-1
2014554C53679,1,9,0,3,0,1,0,0,0,0,3,1,6,2,38,7,1598,1,15,4,1
2014554C53679,2,9,0,9,0,8,0,0,0,0,1,1,6,3,-1,-1,-1,-1,-1,-1,-1
2014554C53847,1,9,0,18,0,0,0,0,0,0,4,1,6,2,53,8,1796,1,5,-1,1