Accident_Index,Vehicle_Reference,Vehicle_Type,Towing_and_Articulation,Vehicle_Manoeuvre,Vehicle_Location-Restricted_Lane,Junction_Location,Skidding_and_Overturning,Hit_Object_in_Carriageway,Vehicle_Leaving_Carriageway,Hit_Object_off_Carriageway,1st_Point_of_Impact,Was_Vehicle_Left_Hand_Drive?,Journey_Purpose_of_Driver,Sex_of_Driver,Age_of_Driver,Age_Band_of_Driver,Engine_Capacity_(CC),Propulsion_Code,Age_of_Vehicle,Driver_IMD_Decile,Driver_Home_Area_Type
2014554D08289,1,9,0,17,0,0,0,0,0,0,1,1,1,1,57,9,1598,1,9,5,2
2014554D08289,2,9,0,16,0,0,0,0,0,0,1,1,6,1,59,9,2993,2,3,6,3
2014554D08295,1,9,0,9,0,8,0,0,0,0,4,1,2,2,21,5,1328,1,5,5,1
2014554D08295,2,9,0,18,0,8,0,0,0,0,1,1,6,1,80,11,1995,1,10,10,1
2014554D08304,1,9,0,4,0,0,0,0,0,0,2,1,6,2,19,4,998,1,6,10,1
2014554D08304,2,9,0,18,0,0,0,0,0,0,1,1,6,1,57,9,1997,2,2,5,1
2014554D08384,1,9,0,10,0,1,0,0,0,0,2,1,1,1,35,6,1560,2,1,5,1
2014554D08384,2,9,0,18,0,1,0,0,0,0,1,1,6,2,50,8,1598,1,16,5,2
2014554D08394,1,9,0,18,0,8,0,0,0,0,1,1,6,1,79,11,1598,1,2,9,3
2014554D08394,2,9,0,9,0,8,0,0,0,0,1,1,6,2,67,10,1364,1,6,6,3
2014554D08405,1,9,0,11,0,3,0,0,0,0,1,1,1,2,33,6,1299,1,13,5,1
2014554D08405,2,1,0,4,0,3,0,0,0,0,2,1,1,1,27,6,-1,-1,-1,6,1
2014554D08444,1,9,0,18,0,8,0,0,0,0,4,1,6,1,81,11,1398,2,9,8,1
2014554D08444,2,9,0,9,0,8,0,0,0,0,1,1,6,2,21,5,1596,1,14,-1,-1
2014554D08539,1,9,0,4,0,0,0,0,0,0,1,1,6,2,44,7,1598,2,2,4,1
2014554D08539,2,9,0,3,0,0,0,0,0,0,2,1,6,2,23,5,1360,1,5,4,1
2014554D08539,3,9,0,3,0,0,0,0,0,0,2,1,6,2,65,9,1769,1,13,3,1
2014554D08542,1,9,0,7,0,5,0,0,0,0,1,1,6,1,54,8,1995,2,9,9,2
2014554D08597,1,9,0,5,0,6,0,0,0,0,1,1,6,1,50,8,2148,2,6,10,1
2014554D08597,2,9,0,18,0,8,0,0,0,0,4,1,6,1,64,9,1587,1,7,10,1
2014554D08753,1,9,0,18,0,0,0,0,0,0,1,1,6,2,28,6,1390,1,12,4,1
2014554D08753,2,19,0,18,0,0,0,0,0,0,1,1,6,1,35,6,-1,-1,-1,5,3
2014554D08763,1,9,0,4,0,0,0,0,0,0,1,1,3,2,36,7,1360,1,14,5,1
2014554D08763,2,9,0,1,0,0,0,0,0,0,2,1,3,1,65,9,1999,1,10,-1,-1
2014554D08809,1,3,0,18,0,0,1,0,0,0,1,1,6,1,20,4,124,1,5,7,2
2014554D08809,2,17,4,18,0,0,0,0,0,0,3,1,1,1,49,8,-1,2,5,6,3
2014554D09100,1,9,0,4,0,0,1,0,0,0,1,1,2,2,74,10,1997,2,13,7,3
2014554D09100,2,9,0,4,0,0,0,0,0,0,2,1,1,2,36,7,1299,1,9,7,3
2014554D09100,3,9,0,4,0,0,0,0,0,0,2,1,2,1,26,6,1199,1,13,3,1
2014554D09136,1,20,0,13,0,0,0,0,0,0,4,1,1,1,51,8,5193,2,8,2,1
2014554D09136,2,2,0,18,0,0,0,0,1,10,3,1,6,1,17,4,49,1,4,5,3
2014554D09195,1,9,0,9,0,8,0,0,0,0,1,1,6,1,61,9,1968,2,1,10,1
2014554D09195,2,3,0,14,0,8,0,0,0,0,1,1,6,1,18,4,124,1,11,7,1
2014554D09224,1,9,0,16,0,8,0,0,0,0,1,1,6,2,37,7,2495,2,17,10,2
2014554D09224,2,21,0,7,0,8,0,0,0,0,3,1,6,1,51,8,4461,2,6,4,2
2014554D09232,1,9,0,5,0,4,0,0,0,0,1,1,1,2,55,8,2295,1,12,7,1
2014554D09232,2,9,0,5,0,4,0,0,0,0,2,1,1,1,33,6,1896,2,13,7,1
2014554D09249,1,9,0,9,0,5,0,0,0,0,1,1,6,2,85,11,989,1,10,5,3
2014554D09249,2,8,0,18,0,8,0,0,0,0,1,1,1,1,45,7,1910,2,7,4,1
2014554D09291,1,9,0,18,0,8,0,0,0,0,1,1,6,1,54,8,1390,1,15,4,1
2014554D09307,1,9,0,18,0,0,0,0,7,4,1,1,6,1,20,4,1149,1,11,5,3
2014554D09309,1,9,0,18,0,0,5,0,7,10,1,1,6,1,20,4,1149,1,11,6,1
2014554D09406,1,9,0,18,0,0,0,0,0,0,1,1,6,1,38,7,1796,1,6,6,1
2014554D09411,1,9,0,10,0,8,0,0,0,0,0,1,6,2,27,6,1596,1,11,5,2
2014554D09411,2,19,0,4,0,1,1,10,2,10,2,1,1,1,27,6,2463,2,8,8,1
2014554D09411,3,19,0,5,0,1,0,0,0,0,1,1,1,1,46,8,3920,2,8,5,1
2014554D09427,1,5,0,7,0,5,1,0,0,0,4,1,6,1,52,8,750,1,8,6,2
2014554D09688,1,9,0,9,0,1,0,0,0,0,2,1,6,1,35,6,1598,1,11,1,1
2014554D09688,2,9,0,3,0,1,0,0,0,0,2,1,6,1,63,9,2179,2,1,7,3
2014554D09688,3,9,0,18,0,1,0,0,0,0,1,1,6,1,68,10,3628,2,6,7,3
2014554D09696,1,9,0,18,0,4,0,0,0,0,1,1,6,1,32,6,1994,2,17,3,2
2014554D09696,2,90,0,18,0,8,0,0,0,0,1,1,6,1,55,8,660,1,9,4,1
2014554D09708,1,5,0,13,0,0,1,0,0,0,1,1,6,1,36,7,599,1,14,5,1
2014554D09708,2,9,0,18,0,0,0,0,0,0,1,1,6,1,76,11,1910,2,8,7,2
2014554D09863,1,8,0,18,0,1,0,0,0,0,1,1,1,1,36,7,1910,2,10,1,2
2014554D09954,1,9,0,5,0,0,0,0,0,0,4,1,6,2,65,9,995,1,5,8,1
2014554D09987,1,9,0,18,0,0,0,0,0,0,1,1,1,1,33,6,1896,2,12,8,2
2014554D09987,2,9,0,4,0,0,0,0,0,0,2,1,6,2,69,10,1390,1,1,9,2
2014554D10159,1,9,0,18,0,8,0,0,0,0,1,1,6,1,65,9,1398,2,11,8,3
2014554D10159,2,19,0,9,0,8,0,0,0,0,4,1,1,1,40,7,2998,2,6,7,2
2014554D10166,1,9,0,10,0,8,0,0,0,0,2,1,6,2,46,8,1991,2,9,-1,-1
2014554D10166,2,9,0,18,0,8,0,0,0,0,1,1,6,1,34,6,1753,2,6,6,3
2014554D10221,1,5,0,18,0,0,0,0,0,0,1,1,2,1,25,5,599,1,18,9,2
2014554D10221,2,9,0,3,0,0,0,0,0,0,2,1,1,1,37,7,1560,2,4,-1,3
2014554D10245,1,9,0,4,0,0,0,0,0,0,1,1,6,1,33,6,1229,1,1,-1,-1
2014554D10245,2,9,0,3,0,0,0,0,0,0,0,1,6,1,21,5,1984,1,11,7,3
2014554D10357,1,9,0,18,0,1,0,0,0,0,1,1,6,3,-1,-1,-1,-1,-1,-1,-1
2014554D10454,1,9,0,18,0,0,0,0,1,3,1,1,6,2,57,9,1560,2,1,6,3
2014554D10571,1,9,0,16,0,0,0,0,1,10,3,1,6,1,24,5,1596,1,11,10,1
2014554D10571,2,9,0,17,0,0,0,0,0,0,3,1,6,1,46,8,1997,2,5,10,1
2014554D10599,1,9,0,18,0,0,0,0,0,0,1,1,6,1,32,6,1896,2,11,6,1
2014554D10599,2,9,0,2,0,0,0,0,0,0,2,1,6,1,24,5,1998,1,10,7,1
2014554D10665,1,9,0,9,0,8,0,0,0,0,1,1,6,1,62,9,-1,-1,-1,8,1
2014554D10665,2,1,0,18,0,8,0,0,0,0,1,1,6,1,53,8,-1,-1,-1,5,1
2014554D10705,1,9,0,18,9,0,0,0,0,0,1,1,6,1,27,6,1910,2,9,7,1
2014554D10708,1,9,0,9,0,6,0,0,0,0,1,1,6,2,81,11,1388,1,6,6,3
2014554D10708,2,10,0,18,0,1,1,0,0,0,1,1,6,1,42,7,1998,2,13,2,1
2014554D10730,1,5,0,18,0,0,0,0,0,0,1,1,6,1,23,5,645,1,14,4,1
2014554D10794,1,9,0,5,0,1,0,0,0,0,1,1,6,2,47,8,1997,2,5,10,1
2014554D10846,1,9,0,18,0,8,0,0,0,0,4,1,6,1,66,10,1997,2,8,8,1
2014554D10915,1,3,0,5,0,1,0,0,0,0,1,1,6,1,27,6,124,1,22,5,3
2014554D10929,1,9,0,9,0,3,0,0,0,0,4,1,1,2,27,6,1560,2,9,6,1
2014554D10929,2,21,0,9,0,3,0,0,0,0,1,1,1,1,63,9,12740,2,3,7,3
2014554D11142,1,9,0,5,0,1,0,0,0,0,0,1,6,1,73,10,1999,1,3,8,1
2014554D11142,2,9,0,3,0,1,0,0,0,0,2,1,6,2,18,4,1999,1,3,6,1
2014554D11155,1,9,0,5,6,0,0,0,0,0,4,1,6,3,-1,-1,-1,-1,-1,-1,-1
2014554D11166,1,9,0,18,0,0,2,0,7,10,1,1,2,2,44,7,1998,1,11,7,3
2014554D11219,1,9,0,18,0,0,5,0,2,10,1,1,6,1,21,5,1043,1,18,10,1
2014554D11396,1,9,0,18,0,0,0,0,0,0,1,1,6,1,73,10,1995,2,10,6,3
2014554D11396,2,1,0,18,0,0,0,0,0,0,2,1,2,1,51,8,-1,-1,-1,6,3
2014554D11409,1,9,0,18,0,0,0,0,0,0,3,1,2,2,30,6,1199,1,10,10,2
2014554D11409,2,9,0,18,0,0,0,0,0,0,3,1,6,3,-1,-1,-1,-1,-1,-1,-1
2014554D11439,1,19,0,18,0,1,0,0,0,0,1,1,1,1,48,8,1998,2,10,8,3
2014554D11439,2,9,0,9,0,1,0,0,0,0,2,1,6,2,46,8,1397,1,15,6,1
2014554D11581,1,9,0,3,0,2,0,0,0,0,2,1,6,2,53,8,1998,1,6,5,1
2014554D11581,2,9,0,4,0,2,0,0,0,0,2,1,6,2,62,9,998,1,20,4,1
2014554D11581,3,9,0,18,0,2,0,0,0,0,1,1,6,1,38,7,1896,2,11,7,1
2014554D11590,1,9,0,18,0,2,1,0,7,4,1,1,2,1,18,4,1149,1,14,1,1
2014554D11593,1,9,0,5,0,4,0,0,0,0,1,1,6,2,47,8,1364,1,6,6,1
2014554D11593,2,9,0,3,0,4,0,0,0,0,2,1,6,2,24,5,1360,1,15,6,2
2014554D11734,1,9,0,3,0,0,0,0,0,0,1,1,6,1,68,10,2359,1,8,8,1
2014554D11734,2,9,0,4,0,0,0,0,0,0,2,1,1,1,58,9,1999,1,7,7,1
2014554D11782,1,9,0,4,0,1,0,0,0,0,2,1,6,2,31,6,1598,2,2,8,1
2014554D11782,2,9,0,4,0,1,0,0,0,0,1,1,6,2,35,6,1800,1,14,9,1
2014554D11837,1,9,0,18,0,0,0,0,0,0,1,1,2,2,28,6,1242,1,15,4,1
2014554D11837,2,9,0,4,0,0,0,0,0,0,2,1,6,1,41,7,1598,1,9,9,1
2014554D11877,1,9,0,3,0,4,0,0,0,0,2,1,2,1,36,7,1229,1,3,1,1
2014554D11877,2,9,0,5,0,4,0,0,0,0,1,1,6,1,63,9,1560,2,8,-1,-1
2014554D11929,1,9,0,5,0,4,0,0,0,0,3,1,6,2,22,5,1360,1,8,7,1
2014554D11929,2,1,0,18,0,8,0,0,0,0,4,1,6,1,42,7,-1,-1,-1,8,1
2014554D11942,1,9,0,13,0,0,0,0,1,9,1,1,6,1,29,6,2457,1,8,9,1
2014554D11942,2,21,0,18,0,0,0,0,0,0,0,1,1,1,49,8,12900,2,2,5,1
2014554D11942,3,9,0,18,0,0,0,0,1,10,1,1,2,1,43,7,1397,1,14,10,2
2014554D11942,4,9,0,18,0,0,0,0,0,0,1,1,6,1,66,10,2987,2,4,10,3
2014554D11999,1,9,0,4,0,8,0,0,0,0,2,1,6,2,50,8,1995,2,9,2,1
2014554D11999,2,9,0,18,0,8,0,0,0,0,1,1,1,1,22,5,1596,1,15,5,1
2014554D12195,1,9,0,18,0,1,0,0,0,0,3,1,6,2,21,5,999,1,12,4,1
2014554D12195,2,9,0,14,0,2,0,0,0,0,1,1,6,2,62,9,1299,1,7,9,1
2014554D12195,3,9,0,2,0,1,0,0,0,0,1,1,6,3,-1,-1,1910,2,9,-1,-1
2014554D12216,1,9,0,18,0,0,0,0,0,0,1,1,6,3,-1,-1,-1,-1,-1,-1,-1
2014554D12219,1,9,0,6,0,0,0,0,0,0,3,1,6,1,62,9,1598,1,9,9,1
2014554D12219,2,9,0,18,0,0,0,0,0,0,1,1,6,1,34,6,2616,1,10,5,3
2014554D12219,3,9,0,2,0,0,0,0,0,0,3,1,6,3,-1,-1,1595,1,15,-1,-1
2014554D12228,1,5,0,5,0,8,0,10,1,10,1,1,6,1,38,7,675,1,3,9,1
2014554D12234,1,3,0,7,0,8,0,10,0,0,1,1,6,1,18,4,124,1,1,5,1
2014554D12433,1,9,0,18,0,2,0,0,0,0,3,1,1,2,51,8,1798,1,6,10,2
2014554D12433,2,9,0,18,0,2,0,0,0,0,4,1,2,1,30,6,1560,2,2,5,1
2014554D12453,1,9,0,18,0,0,0,0,0,0,1,1,6,1,43,7,1124,1,17,7,3
2014554D12453,2,9,0,4,0,0,0,0,0,0,1,1,6,2,46,8,1368,1,1,7,3
2014554D12485,1,9,0,18,0,0,0,0,7,3,1,1,6,2,24,5,1242,1,5,5,2
2014554D12551,1,9,0,18,0,1,0,0,0,0,4,1,6,3,-1,-1,-1,-1,-1,-1,-1
2014554D12551,2,10,0,2,0,1,0,0,0,0,0,1,6,3,-1,-1,2800,2,9,-1,-1
2014554D12567,1,9,0,9,0,5,0,0,7,10,3,1,6,1,23,5,2793,1,18,6,2
2014554D12567,2,19,0,13,0,8,0,0,7,4,4,1,1,1,33,6,2198,2,3,6,1
2014554D12791,1,9,0,7,0,5,0,0,7,10,1,1,6,1,46,8,1560,2,3,2,1
2014554D12913,1,9,0,18,0,1,0,0,0,0,4,1,6,1,67,10,2099,1,12,10,1
2014554D12913,2,1,0,18,0,1,0,0,0,0,3,1,2,1,47,8,-1,-1,-1,6,1
2014554D13198,1,9,0,18,0,0,0,0,2,10,1,1,6,1,52,8,1968,2,6,6,1
2014554D13218,1,9,0,13,0,0,0,0,0,0,4,1,6,3,-1,-1,-1,-1,-1,-1,-1
2014554D13218,2,2,0,18,0,0,0,0,0,0,2,1,6,1,16,4,49,1,6,5,3
2014554D13318,1,9,0,18,0,3,0,0,6,10,1,1,6,1,85,11,1753,2,12,4,1
2014554D13318,2,9,0,18,0,3,0,0,0,0,2,1,6,2,68,10,1248,1,-1,5,3
2014554D13318,3,8,0,18,0,1,0,0,0,0,3,1,1,1,47,8,1998,2,7,7,1
2014554D13376,1,9,0,18,0,0,1,0,5,6,1,1,6,1,41,7,2143,2,2,7,1
2014554D13480,1,9,0,9,0,5,0,0,0,0,1,1,6,2,23,5,1560,2,5,7,1
2014554D13480,2,9,0,18,0,8,0,0,0,0,1,1,6,2,78,11,1799,1,19,6,1
2014554D13525,1,1,0,18,0,8,0,0,0,0,4,1,6,1,22,5,-1,-1,-1,4,1
2014554D13525,2,9,0,5,0,4,0,0,0,0,1,1,6,1,81,11,1590,1,9,9,1
2014554D13564,1,19,0,18,0,0,1,0,0,0,4,1,1,1,56,9,1560,2,2,-1,-1
2014554D13564,2,9,0,13,0,0,0,0,0,0,1,1,1,1,49,8,-1,-1,-1,6,3
2014554D13564,3,9,0,13,0,0,0,0,1,10,1,1,6,2,41,7,1951,2,8,6,3
2014554D13602,1,9,0,7,0,6,0,0,0,0,2,1,6,1,68,10,2410,1,21,8,1
2014554D13602,2,3,0,18,0,8,0,0,0,0,1,1,6,1,17,4,124,1,17,3,1
2014554D13625,1,2,0,18,0,1,0,0,0,0,1,1,6,2,19,4,124,1,1,-1,1
2014554D13625,2,9,0,9,0,6,0,0,0,0,3,1,6,1,55,8,1392,1,17,6,1
2014554D13770,1,9,0,16,0,0,0,0,0,0,1,1,6,1,24,5,1343,1,21,4,1
2014554D13770,2,9,0,18,0,0,0,0,0,0,1,1,6,1,70,10,1995,2,6,9,3
2014554D13779,1,9,0,18,0,8,0,0,0,0,1,1,6,1,59,9,1870,2,9,4,1
2014554D13779,2,9,0,5,0,8,0,0,0,0,1,1,6,1,33,6,1998,1,9,-1,-1
2014554D13779,3,9,0,5,0,8,0,0,0,0,1,1,6,1,39,7,1248,2,6,4,1
2014554D13779,4,9,0,18,0,8,0,0,0,0,1,1,6,1,62,9,2967,2,4,8,1
2014554D13781,1,5,0,18,0,8,1,0,0,0,0,1,6,1,58,9,2294,1,10,9,1
2014554D13781,2,17,4,3,0,8,0,0,0,0,0,1,1,1,58,9,-1,-1,-1,5,2
2014554D13874,1,21,0,4,0,0,0,0,0,0,2,1,1,1,48,8,7146,2,1,9,1
2014554D13874,2,9,0,4,0,0,0,0,0,0,1,1,6,2,55,8,1995,1,14,10,1
2014554D14029,1,9,0,18,0,0,0,0,0,0,4,1,6,1,54,8,1598,1,7,9,1
2014554D14029,2,9,0,2,0,0,0,0,0,0,4,1,6,3,-1,-1,998,1,2,-1,-1
2014554D14062,1,9,0,5,0,4,0,0,0,0,1,1,6,1,60,9,1587,1,19,8,1
2014554D14062,2,1,0,18,0,8,0,0,0,0,1,1,6,2,24,5,-1,-1,-1,4,1
2014554D14064,1,9,0,5,0,6,0,0,0,0,1,1,6,2,59,9,1796,1,23,-1,3
2014554D14064,2,1,0,18,0,1,0,0,0,0,4,1,6,1,85,11,-1,-1,-1,-1,3
2014554D14153,1,9,0,18,0,0,0,0,0,0,1,1,6,1,67,10,1560,2,1,1,2
2014554D14153,2,9,0,3,0,0,0,0,0,0,2,1,6,2,28,6,1896,2,6,8,1
2014554D14153,3,9,0,3,0,0,0,0,0,0,2,1,6,1,52,8,1998,2,7,5,2
2014554D14159,1,9,0,18,0,0,0,0,0,0,4,1,6,3,-1,-1,-1,-1,-1,-1,-1
2014554D14210,1,9,0,18,0,1,0,0,0,0,1,1,6,2,77,11,1242,1,17,2,1
2014554D14280,1,9,0,10,0,8,0,0,0,0,2,1,6,1,41,7,998,1,5,-1,1
2014554D14280,2,9,0,18,0,1,0,0,0,0,1,1,1,1,24,5,-1,-1,-1,10,1
2014554D14280,3,9,0,18,0,1,0,0,0,0,1,1,6,2,46,8,1399,1,4,4,1
2014554D14321,1,9,0,4,0,0,0,0,0,0,2,1,1,2,25,5,1399,2,2,5,2
2014554D14321,2,9,0,18,0,0,0,0,0,0,1,1,6,2,25,5,1242,1,10,4,1
2014554D14421,1,9,0,13,0,0,0,0,0,0,0,1,6,3,-1,-1,-1,-1,-1,-1,-1
2014554D14421,2,9,0,18,0,0,0,0,0,0,1,1,1,2,49,8,1896,2,12,8,2
2014554D14421,3,19,0,18,0,0,0,0,0,0,2,1,6,2,43,7,-1,-1,-1,2,1
2014554D14440,1,9,0,4,0,2,0,0,0,0,1,1,6,1,-1,-1,1598,1,14,-1,-1
2014554D14450,1,9,0,18,0,0,0,0,0,0,2,1,6,2,48,8,1560,2,4,5,3
2014554D14450,2,9,0,18,0,0,0,0,0,0,1,1,6,1,30,6,1242,1,12,9,1
2014554D14477,1,9,0,18,0,1,0,0,0,0,3,1,6,1,69,10,2056,1,-1,7,3
2014554D14477,2,9,0,9,0,6,0,0,0,0,1,1,6,1,84,11,-1,-1,-1,7,3
2014554D14502,1,9,0,18,0,1,5,0,7,2,1,1,6,2,38,7,1560,2,6,10,1
2014554D14638,1,9,0,18,0,0,0,0,0,0,1,1,6,1,19,4,1390,1,10,-1,1
2014554D14638,2,9,0,4,0,0,0,0,0,0,2,1,6,1,72,10,1995,2,12,6,2
2014554D14638,3,9,0,4,0,0,0,0,0,0,2,1,6,2,36,7,-1,-1,-1,-1,-1
2014554D14675,1,3,0,18,0,1,0,0,0,0,1,1,6,1,30,6,125,1,10,2,1
2014554D14675,2,9,0,4,0,1,0,0,0,0,2,1,6,1,22,5,1596,1,13,5,3
2014554D14675,3,9,0,7,0,5,0,0,0,0,0,1,6,2,38,7,1560,2,1,9,3
2014554D14729,1,9,0,17,0,0,1,0,8,4,4,1,6,1,22,5,1598,1,4,9,1
2014554D14788,1,9,0,18,0,8,0,0,0,0,1,1,6,1,75,10,1248,1,2,4,1
2014554D14788,2,9,0,18,0,8,0,0,1,10,1,1,6,2,73,10,1461,2,1,6,3
2014554D14790,1,9,0,9,0,8,0,0,0,0,3,1,6,2,51,8,1995,2,4,9,1
2014554D14790,2,9,0,18,0,8,0,0,0,0,1,1,6,2,43,7,1796,1,12,3,1
2014554D14966,1,1,0,18,0,8,0,0,0,0,1,1,6,1,28,6,-1,-1,-1,8,1
2014554D14966,2,19,0,18,0,4,0,0,0,0,1,1,6,3,-1,-1,-1,-1,-1,-1,-1
2014554D15195,1,9,0,9,0,1,0,0,0,0,1,1,6,1,22,5,1840,1,11,3,1
2014554D15195,2,19,0,9,0,8,0,0,0,0,3,1,6,1,44,7,2494,2,16,2,1
2014554D15199,1,9,0,9,0,6,0,0,0,0,1,1,6,2,87,11,998,1,11,9,1
2014554D15199,2,5,0,9,0,1,0,0,0,0,3,1,6,1,68,10,647,1,9,9,1
2014554D15207,1,1,0,9,0,1,0,0,0,0,1,1,6,1,14,3,-1,-1,-1,6,3
2014554D15207,2,9,0,4,0,1,0,0,0,0,4,1,6,1,63,9,1390,1,6,6,3
2014554D15224,1,9,0,5,0,6,0,0,0,0,1,1,6,3,-1,-1,-1,-1,-1,-1,-1
2014554D15224,2,5,0,18,0,8,0,0,0,0,4,1,6,1,25,5,-1,-1,-1,6,3
2014554D15242,1,9,0,7,0,2,1,0,0,0,1,1,6,1,25,5,1596,1,9,4,1
2014554D15242,2,9,0,18,0,2,1,0,0,0,4,1,6,2,50,8,1339,1,10,-1,-1
2014554D15242,3,9,0,7,0,1,0,0,0,0,0,1,1,2,37,7,1753,2,3,5,1
2014554D15263,1,1,0,18,9,1,0,0,0,0,3,1,6,2,52,8,-1,-1,-1,7,1
2014554D15263,2,9,0,7,0,6,0,0,0,0,1,1,6,1,46,8,1968,2,3,7,1
2014554D15396,1,21,0,3,0,0,0,0,0,0,2,1,1,1,43,7,9290,2,1,2,1
2014554D15396,2,19,0,4,0,0,0,0,0,0,1,1,1,1,50,8,1998,2,9,4,1
2014554D15512,1,9,0,9,0,6,0,0,0,0,0,1,6,2,-1,-1,1299,1,8,-1,-1
2014554D15512,2,9,0,18,0,1,0,0,0,0,2,1,6,1,25,5,2967,2,7,6,1
2014554D15512,3,9,0,18,0,1,0,0,0,0,1,1,6,2,22,5,1124,1,14,9,1
2014554D15531,1,9,0,16,0,1,0,0,0,0,1,1,6,1,34,6,1781,1,13,6,1
2014554D15531,2,1,0,18,0,1,0,0,0,0,3,1,6,1,58,9,-1,-1,-1,9,1
2014554D15589,1,9,0,9,0,5,0,0,0,0,3,1,6,1,66,10,2926,2,13,9,3
2014554D15589,2,1,0,18,0,8,0,0,0,0,3,1,6,1,68,10,-1,-1,-1,9,1
2014554D15599,1,9,0,18,0,0,5,0,1,10,1,1,1,1,37,7,1149,1,14,6,3
2014554D15781,1,9,0,17,0,0,1,0,0,0,1,1,6,2,23,5,1560,2,4,9,1
2014554D15791,1,9,0,18,0,0,5,0,8,10,1,1,6,1,22,5,1398,2,11,3,1
2014554D15822,1,9,0,18,0,1,1,0,0,0,1,1,6,1,23,5,1598,1,11,1,1
2014554D15853,1,9,0,5,0,1,0,0,0,0,1,1,6,2,24,5,1596,1,13,10,2
2014554D15853,2,9,0,5,0,1,0,0,0,0,2,1,6,2,50,8,1598,1,2,3,1
2014554D15873,1,5,0,14,0,8,0,0,0,0,1,1,6,2,41,7,600,1,8,7,2
2014554D15873,2,9,0,9,0,5,0,0,0,0,3,1,6,2,17,4,1598,1,10,9,3
2014554D15891,1,9,0,18,0,0,0,0,0,0,4,1,1,1,58,9,1686,2,8,4,1
2014554D15891,2,1,0,18,0,0,0,0,0,0,3,1,6,1,37,7,-1,-1,-1,-1,-1
2014554D15912,1,9,0,9,0,5,0,0,0,0,4,1,6,2,23,5,1596,1,11,3,1
2014554D15912,2,9,0,18,0,1,0,0,0,0,1,1,6,2,47,8,1753,2,9,8,1
2014554D15939,1,9,0,18,0,0,2,0,7,10,1,1,6,2,20,4,1299,1,13,6,3
2014554D16269,1,9,0,9,0,6,0,0,0,0,3,1,2,2,53,8,1242,1,2,10,1
2014554D16269,2,20,0,18,0,1,0,0,0,0,1,1,1,1,43,7,4250,2,7,2,1
2014554D16280,1,9,0,5,0,6,0,0,0,0,1,1,6,3,-1,-1,-1,-1,-1,-1,-1
2014554D16280,2,9,0,18,0,8,0,0,0,0,4,1,6,2,42,7,998,1,17,10,1
2014554D16297,1,9,0,18,0,0,0,0,0,0,1,1,6,2,49,8,1995,2,6,7,3
2014554D16297,2,9,0,18,0,0,0,0,0,0,2,2,6,1,48,8,-1,-1,-1,-1,-1
2014554D16493,1,9,0,1,0,2,0,0,0,0,2,1,6,1,28,6,1753,2,5,4,1
2014554D16493,2,9,0,18,0,1,0,0,0,0,1,1,6,2,55,8,1591,1,1,2,1
2014554D16556,1,9,0,18,0,1,0,0,0,0,1,1,1,1,49,8,1956,2,2,1,2
2014554D16930,1,1,0,18,0,8,1,0,0,0,1,1,6,1,16,4,-1,-1,-1,5,1
2014554D16930,2,9,0,7,0,6,0,0,0,0,4,1,6,1,68,10,1997,2,11,7,1
2014554D17005,1,9,0,13,0,0,0,10,1,10,3,1,6,2,83,11,998,1,13,6,3
2014554D17005,2,21,0,18,0,0,1,0,0,0,3,1,1,1,44,7,11967,2,1,1,1
2014554D17005,3,9,0,4,0,0,0,0,0,0,2,1,6,1,62,9,1997,2,4,6,3
2014554D17005,4,9,0,4,0,0,1,0,0,0,1,1,6,1,43,7,2495,2,17,7,3
2014554D17056,1,9,0,4,0,1,0,0,0,0,1,1,6,1,25,5,2260,2,19,5,1
2014554D17056,2,9,0,4,0,1,0,0,0,0,2,1,6,1,67,10,1596,1,10,1,1
2014554D17090,1,9,0,9,0,8,0,0,0,0,3,1,6,2,31,6,2148,2,9,9,1
2014554D17090,2,3,0,18,0,8,0,0,0,0,4,1,6,1,21,5,124,1,1,5,1
2014554D17306,1,9,0,18,0,0,0,0,0,0,3,1,6,1,19,4,1590,1,11,7,3
2014554D17335,1,9,0,18,0,0,0,0,8,4,1,1,6,2,30,6,2993,2,3,7,3
2014554D17348,1,9,0,7,0,2,0,0,0,0,4,1,6,1,76,11,2179,2,1,10,1
2014554D17399,1,9,0,18,0,0,0,0,1,10,1,1,6,1,17,4,-1,-1,-1,-1,2
2014554D17399,2,9,0,18,0,0,0,0,0,0,0,1,6,3,-1,-1,-1,-1,-1,-1,-1
2014554D17522,1,9,0,4,6,0,0,0,1,10,2,1,1,2,56,9,1386,1,4,3,1
2014554D17522,2,9,0,4,0,0,0,0,0,0,1,1,1,1,60,9,1587,1,11,9,1
2014554D17706,1,4,0,18,0,0,0,0,0,0,4,1,6,1,69,10,650,1,52,6,1
2014554D17715,1,9,0,9,0,1,0,0,0,0,1,1,6,1,54,8,2198,1,13,7,3
2014554D17715,2,1,0,18,0,1,0,0,0,0,3,1,2,1,15,3,-1,-1,-1,-1,3
2014554D17776,1,9,0,13,0,0,0,0,0,0,2,1,6,2,43,7,1896,2,7,1,2
2014554D17776,2,5,0,13,0,0,0,0,0,0,3,1,6,1,37,7,805,1,10,5,1
2014554D17829,1,9,0,18,0,1,0,0,0,0,1,1,6,1,17,4,1242,1,10,6,1
2014554D17829,2,9,0,9,0,8,0,0,0,0,2,1,6,1,32,6,1796,1,9,6,3
2014554D17952,1,9,0,4,0,0,0,0,0,0,2,1,6,1,33,6,998,1,14,8,1