Accident_Index,Vehicle_Reference,Vehicle_Type,Towing_and_Articulation,Vehicle_Manoeuvre,Vehicle_Location-Restricted_Lane,Junction_Location,Skidding_and_Overturning,Hit_Object_in_Carriageway,Vehicle_Leaving_Carriageway,Hit_Object_off_Carriageway,1st_Point_of_Impact,Was_Vehicle_Left_Hand_Drive?,Journey_Purpose_of_Driver,Sex_of_Driver,Age_of_Driver,Age_Band_of_Driver,Engine_Capacity_(CC),Propulsion_Code,Age_of_Vehicle,Driver_IMD_Decile,Driver_Home_Area_Type
2014554D27532,3,9,0,3,0,0,0,0,0,0,2,1,6,2,66,10,1390,1,11,5,1
2014554D27535,1,19,0,4,0,0,0,0,0,0,2,1,1,1,36,7,2198,2,1,7,2
2014554D27535,2,9,0,18,0,0,0,0,0,0,1,1,2,2,46,8,1975,1,12,1,2
2014554D27620,1,9,0,9,0,8,0,0,0,0,1,1,6,2,67,10,1124,1,5,5,3
2014554D27620,2,9,0,17,0,1,0,0,0,0,1,1,1,2,24,5,1248,1,5,6,1
2014554D27680,1,9,0,5,0,4,0,0,0,0,1,1,6,2,49,8,1339,1,9,7,3
2014554D27680,2,1,0,18,0,8,0,0,0,0,4,1,6,1,39,7,-1,-1,-1,7,1
2014554D27703,1,9,0,6,8,0,0,0,0,0,1,1,6,1,48,8,1596,1,13,6,2
2014554D27703,2,9,0,18,0,0,0,0,1,10,1,1,2,1,20,4,999,1,4,7,1
2014554D27712,1,9,0,17,0,0,5,0,2,6,1,1,6,2,50,8,1587,1,12,6,2
2014554D27726,1,9,0,18,0,8,1,0,0,0,3,1,6,2,44,7,796,1,14,2,1
2014554D27742,1,9,0,9,0,8,0,0,0,0,3,1,6,2,24,5,999,1,-1,-1,-1
2014554D27742,2,5,0,18,0,8,0,0,0,0,1,1,6,1,52,8,553,1,14,8,2
2014554D27819,1,9,0,4,0,1,0,0,0,0,1,1,6,2,40,7,1753,2,7,4,3
2014554D27948,1,17,0,9,0,8,0,0,0,0,3,1,1,1,19,4,-1,-1,-1,6,3
2014554D27948,2,9,0,18,0,8,0,0,0,0,4,1,6,2,31,6,1995,1,7,10,1
2014554D27996,1,9,0,4,0,0,0,0,0,0,1,1,6,2,78,11,-1,-1,-1,5,2
2014554D27996,2,21,1,4,0,0,0,0,0,0,2,1,1,1,46,8,11705,2,8,6,3
2014554D28000,1,9,0,18,0,0,0,0,0,0,1,1,2,2,25,5,1598,2,2,5,3
2014554D28000,2,9,0,18,0,0,0,0,0,0,2,1,2,1,41,7,1896,2,11,5,2
2014554D28047,1,9,0,18,0,8,0,0,0,0,1,1,2,1,31,6,1396,1,13,8,1
2014554D28047,2,9,0,9,0,8,0,0,0,0,1,1,2,1,19,4,1997,2,12,2,1
2014554D28137,1,1,0,18,0,1,0,0,0,0,1,1,6,1,33,6,-1,-1,-1,1,2
2014554D28137,2,9,0,3,0,1,0,0,0,0,2,1,6,2,63,9,1769,1,10,5,2
2014554D28145,1,9,0,18,0,1,0,0,0,0,4,1,6,2,49,8,989,1,10,6,1
2014554D28161,1,9,0,18,0,0,0,0,0,0,1,1,6,1,30,6,1997,2,8,-1,1
2014554D28161,2,9,0,11,0,0,0,0,0,0,2,1,6,1,50,8,2143,2,1,6,1
2014554D28214,1,90,0,18,0,1,0,0,0,0,0,1,1,1,30,6,2987,2,1,6,1
2014554D28279,1,9,0,17,0,0,0,0,0,0,1,1,6,1,30,6,-1,-1,-1,7,2
2014554D28279,2,1,0,18,0,0,1,0,0,0,1,1,6,1,28,6,-1,-1,-1,6,1
2014554D28279,3,1,0,18,0,0,0,0,0,0,2,1,6,1,33,6,-1,-1,-1,-1,-1
2014554D28293,1,5,0,18,0,0,1,0,1,10,1,1,6,1,44,7,1052,1,17,5,1
2014554D28293,2,9,0,18,0,0,0,0,0,0,0,1,6,2,43,7,-1,-1,-1,6,1
2014554D28323,1,5,0,16,0,0,0,0,0,0,1,1,6,1,34,6,656,1,6,7,1
2014554D28323,2,9,0,18,0,0,0,0,0,0,1,1,6,2,54,8,1498,1,3,7,3
2014554D28333,1,9,0,4,0,0,0,0,0,0,2,1,6,1,44,7,1299,1,14,9,1
2014554D28333,2,9,0,18,0,0,0,0,0,0,1,1,6,2,39,7,1995,2,6,1,1
2014554D28333,3,9,0,18,0,0,0,0,0,0,1,1,6,1,51,8,1596,1,8,9,1
2014554D28492,1,9,0,16,0,0,5,0,1,9,1,1,6,2,63,9,1299,1,15,10,1
2014554D28669,1,1,0,18,0,2,0,0,0,0,1,1,6,1,15,3,-1,-1,-1,2,1
2014554D28693,1,9,0,18,0,0,0,0,0,0,1,1,6,2,24,5,1242,1,11,3,1
2014554D28713,1,9,0,2,0,0,0,0,0,0,4,1,6,3,-1,-1,1341,1,11,-1,-1
2014554D28713,2,1,0,17,0,0,0,0,0,0,1,1,6,1,42,7,-1,-1,-1,2,1
2014554D28760,1,9,0,18,0,0,0,0,1,4,1,1,6,1,50,8,-1,-1,-1,6,1
2014554D28792,1,9,0,1,9,0,0,0,0,0,2,1,6,2,67,10,2497,1,11,9,1
2014554D28792,2,9,0,2,0,0,0,0,0,0,1,1,6,3,-1,-1,1997,2,6,-1,-1
2014554D28792,3,9,0,2,0,0,0,0,0,0,3,1,6,3,-1,-1,998,1,-1,-1,-1
2014554D29038,1,9,0,18,0,0,0,0,0,0,1,1,6,1,28,6,1199,1,12,10,1
2014554D29038,2,9,0,3,0,0,0,0,0,0,2,1,6,1,46,8,1769,1,11,9,1
2014554D29090,1,9,0,18,0,0,0,0,0,0,1,1,6,1,74,10,-1,-1,-1,4,1
2014554D29090,2,19,0,18,0,0,0,0,0,0,3,1,1,1,28,6,2402,2,11,3,1
2014554D29090,3,90,0,18,0,0,0,0,0,0,3,1,6,1,50,8,2500,2,17,6,1
2014554D29257,1,9,0,16,0,0,1,0,7,4,1,1,6,1,18,4,1388,1,6,10,1
2014554D29267,1,9,0,18,0,0,0,0,1,10,1,1,6,1,24,5,2935,1,21,4,1
2014554D29293,1,9,0,4,0,0,0,0,0,0,3,1,6,2,45,7,1398,1,12,7,2
2014554D29293,2,1,0,18,0,0,0,0,0,0,1,1,6,1,43,7,-1,-1,-1,6,1
2014554D29293,3,1,0,18,0,0,0,0,0,0,2,1,6,1,14,3,-1,-1,-1,4,1
2014554D29293,4,1,0,18,0,0,0,0,0,0,2,1,6,1,33,6,-1,-1,-1,7,1
2014554D29320,1,9,0,18,0,1,1,0,0,0,1,1,6,1,26,6,2402,2,4,3,1
2014554D29320,2,9,0,3,0,1,0,0,0,0,2,1,6,2,53,8,1956,2,2,6,3
2014554D29339,1,9,0,18,0,0,0,0,0,0,1,1,6,1,46,8,1798,1,10,9,1
2014554D29339,2,9,0,18,0,0,0,0,0,0,1,1,6,2,46,8,1870,2,12,8,2
2014554D29359,1,9,0,9,0,8,0,0,0,0,3,1,6,1,73,10,995,1,5,6,1
2014554D29359,2,9,0,18,0,8,0,0,0,0,1,1,6,1,66,10,1999,1,2,7,1
2014554D29479,1,9,0,18,0,0,0,0,0,0,3,1,6,1,36,7,1997,2,-1,-1,-1
2014554D29480,1,5,0,17,0,0,0,0,1,10,1,1,6,2,47,8,749,1,5,8,2
2014554D29495,1,9,0,18,0,0,2,0,7,10,1,1,6,1,75,10,1339,1,7,6,3
2014554D29499,1,9,0,1,0,0,0,0,0,0,2,1,6,2,47,8,1896,2,9,7,1
2014554D29649,1,2,0,16,0,8,1,11,0,0,0,1,6,1,16,4,49,1,2,10,1
2014554D29657,1,3,0,13,0,8,0,0,0,0,4,1,2,1,17,4,124,1,1,4,1
2014554D29657,2,9,0,9,0,6,0,0,0,0,1,1,6,2,69,10,796,1,13,10,1
2014554D29681,1,9,0,18,0,1,0,0,0,0,1,1,6,2,52,8,1997,1,8,7,3
2014554D29681,2,9,0,3,0,1,0,0,0,0,2,1,6,2,50,8,1461,2,4,9,2
2014554D29681,3,9,0,3,0,1,0,0,0,0,2,1,6,1,51,8,1968,2,4,9,1
2014554D29749,1,5,0,18,0,0,0,0,4,6,1,1,2,1,43,7,599,1,3,7,1
2014554D29789,1,9,0,18,0,7,0,0,0,0,1,1,6,2,46,8,1997,2,4,10,1
2014554D29789,2,9,0,8,0,7,0,0,0,0,2,1,6,2,48,8,1997,1,2,6,3
2014554D29820,1,9,0,18,0,1,0,0,0,0,1,1,6,3,-1,-1,-1,-1,-1,-1,-1
2014554D29820,2,9,0,3,0,1,0,0,0,0,2,1,2,2,46,8,1995,2,2,10,1
2014554D30075,1,9,0,18,0,8,0,0,0,0,1,1,6,1,38,7,1995,2,13,6,1
2014554D30075,2,9,0,4,0,8,0,0,0,0,2,1,6,1,41,7,1896,2,12,6,1
2014554D30167,1,19,0,18,0,8,1,0,0,0,1,1,1,1,62,9,2198,2,2,7,1
2014554D30167,2,9,0,9,0,5,0,0,0,0,3,1,6,2,43,7,1339,8,6,6,1
2014554D30219,1,90,0,18,0,0,0,0,0,0,1,1,6,1,67,10,2287,2,-1,10,1
2014554D30219,2,21,0,18,0,0,0,0,0,0,1,1,6,1,41,7,-1,-1,-1,1,1
2014554D30246,1,5,0,18,0,0,1,0,0,0,4,1,6,1,55,8,865,1,2,10,1
2014554D30336,1,9,0,18,0,8,0,0,0,0,1,1,6,1,90,11,2143,2,3,6,3
2014554D30336,2,9,0,10,0,8,0,0,0,0,2,1,6,2,51,8,1248,2,6,6,2
2014554D30362,1,9,0,9,0,8,0,0,0,0,1,1,6,1,26,6,3000,1,14,5,3
2014554D30362,2,9,0,18,0,8,0,0,0,0,1,1,6,2,61,9,1997,1,1,5,2
2014554D30398,1,9,0,9,0,8,1,0,0,0,1,1,6,1,30,6,1299,1,15,8,3
2014554D30398,2,9,0,18,0,8,0,0,0,0,1,1,6,2,66,10,1598,1,8,8,3
2014554D30411,1,9,0,18,0,0,0,0,0,0,1,1,6,2,22,5,1360,1,12,7,1
2014554D30411,2,10,0,2,0,0,0,0,0,0,2,1,6,3,-1,-1,-1,-1,-1,-1,-1
2014554D30411,3,9,0,2,0,0,0,0,0,0,1,1,6,3,-1,-1,1390,1,10,-1,-1
2014554D30414,1,5,0,13,0,0,0,0,0,0,4,1,6,1,56,9,1584,1,6,8,3
2014554D30414,2,9,0,6,0,0,0,0,0,0,3,1,6,1,47,8,2290,1,15,6,2
2014554D30427,1,9,0,18,0,4,0,0,0,0,0,1,6,1,66,10,1461,2,1,7,1
2014554D30427,2,1,0,18,0,8,0,0,0,0,0,1,6,1,45,7,-1,-1,-1,10,1
2014554D30441,1,9,0,9,0,8,0,0,7,10,4,1,1,2,21,5,1796,1,9,4,1
2014554D30441,2,9,0,18,0,8,0,0,0,0,1,1,6,1,43,7,1968,2,11,9,1
2014554D30446,1,9,0,18,0,0,1,0,0,0,1,1,6,1,59,9,2987,2,-1,-1,-1
2014554D30446,2,9,0,18,0,0,0,0,0,0,1,1,6,1,61,9,1997,2,11,5,3
2014554D30597,1,5,0,18,0,0,1,7,7,10,1,1,6,1,23,5,900,1,16,3,1
2014554D30597,2,9,0,18,0,0,0,0,0,0,1,1,6,2,48,8,1461,2,7,7,1
2014554D30633,1,9,0,18,0,0,0,0,0,0,4,1,6,1,45,7,2188,2,9,2,1
2014554D30781,1,9,0,12,0,6,0,0,4,6,2,1,6,1,80,11,1590,1,11,10,1
2014554D30781,2,9,0,18,0,8,0,0,0,0,1,1,6,1,22,5,1988,1,11,9,2
2014554D30806,1,3,0,18,0,0,0,0,0,0,1,1,6,1,30,6,124,1,12,9,1
2014554D30876,1,9,0,16,0,0,0,0,0,0,3,1,6,1,63,9,1598,1,4,8,1
2014554D30876,2,9,0,18,0,0,1,0,1,10,3,1,6,2,63,9,2199,2,3,8,1
2014554D30955,1,9,0,18,0,0,0,0,0,0,1,1,2,1,59,9,1995,2,3,6,3
2014554D30955,2,9,0,18,0,0,0,0,0,0,1,1,2,1,58,9,-1,-1,-1,6,3
2014554D31030,1,9,0,18,8,0,0,0,0,0,3,1,6,2,73,10,2776,2,8,6,3
2014554D31030,2,9,0,18,0,0,0,0,7,4,1,1,6,1,70,10,1998,1,12,6,3
2014554D31077,1,3,0,16,0,0,0,0,0,0,0,1,6,1,19,4,124,1,6,5,1
2014554D31077,2,9,0,17,0,0,0,0,0,0,0,1,6,1,56,9,1598,1,7,5,1
2014554D31082,1,9,0,9,0,8,0,0,0,0,0,1,6,1,55,8,1998,2,10,10,1
2014554D31082,2,5,0,18,0,1,1,11,7,10,1,1,6,1,32,6,-1,-1,-1,9,1
2014554D31082,3,9,0,18,0,1,0,0,0,0,1,1,2,1,43,7,1995,2,1,10,1
2014554D31104,1,9,0,17,0,0,0,0,0,0,1,2,6,1,44,7,-1,-1,-1,-1,-1
2014554D31104,2,9,0,16,0,0,0,0,0,0,1,1,6,1,48,8,1598,2,2,7,1
2014554D31137,1,9,0,16,0,0,0,0,0,0,1,1,6,1,20,4,998,1,1,-1,1
2014554D31137,2,20,0,17,0,0,0,0,0,0,1,1,1,1,56,9,4250,2,7,-1,1
2014554D31188,1,9,0,18,0,0,0,0,0,0,3,1,6,1,65,9,1997,2,10,6,3
2014554D31194,1,9,0,9,0,6,0,0,0,0,1,1,6,2,55,8,1560,2,1,8,1
2014554D31194,2,1,0,18,0,8,0,0,0,0,2,1,6,1,65,9,-1,-1,-1,8,1
2014554D31285,1,20,0,18,0,1,0,0,0,0,1,1,2,1,26,6,-1,-1,-1,9,1
2014554D31285,2,9,0,9,0,6,0,0,0,0,1,1,6,1,69,10,1598,2,-1,10,1
2014554D31370,1,9,0,16,0,2,0,0,0,0,0,1,6,2,25,5,1951,2,11,6,3
2014554D31381,1,9,0,12,0,3,0,0,0,0,1,1,6,1,17,4,999,1,12,10,1
2014554D31381,2,9,0,18,0,4,0,0,0,0,1,1,6,1,81,11,1896,2,10,5,2
2014554D31386,1,9,0,18,0,0,0,0,0,0,2,1,6,1,39,7,1896,2,11,8,2
2014554D31386,2,9,0,18,0,0,0,0,0,0,1,1,6,3,-1,-1,-1,-1,-1,-1,-1
2014554D31469,1,11,0,18,0,8,0,0,0,0,1,1,1,1,25,5,2402,2,7,6,2
2014554D31469,2,9,0,10,0,8,0,0,0,0,2,1,6,2,36,7,1598,1,9,6,3
2014554D31545,1,9,0,15,0,0,0,0,1,10,1,1,6,1,63,9,1796,1,13,5,1
2014554D31547,1,9,0,4,0,0,0,0,0,0,4,1,6,1,81,11,1395,1,-1,6,3
2014554D31674,1,9,0,18,0,1,0,0,0,0,1,1,6,1,31,6,2967,1,10,1,1
2014554D31674,2,1,0,18,0,1,0,0,0,0,3,1,6,1,6,2,-1,-1,-1,1,1
2014554D31697,1,9,0,18,0,0,0,0,0,0,1,1,6,1,81,11,1769,1,11,6,2
2014554D31697,2,1,0,18,0,0,0,0,0,0,2,1,6,1,43,7,-1,-1,-1,7,2
2014554D31746,1,9,0,18,0,1,0,0,0,0,1,1,1,1,48,8,1896,2,8,5,2
2014554D31795,1,5,0,16,0,1,1,0,0,0,1,1,6,1,50,8,599,1,15,6,1
2014554D31795,2,9,0,17,0,2,0,0,0,0,1,1,6,1,67,10,1796,1,5,3,1
2014554D31807,1,9,0,18,0,1,1,4,2,10,1,1,6,1,81,11,2290,1,17,6,3
2014554D31807,2,9,0,10,0,1,0,0,0,0,3,1,6,1,43,7,998,1,1,6,1
2014554D31807,3,9,0,4,0,8,0,0,0,0,0,1,6,3,-1,-1,-1,-1,-1,-1,-1
2014554D31821,1,9,0,9,0,6,0,0,0,0,3,1,6,2,18,4,1968,2,2,5,3
2014554D31821,2,1,0,18,0,8,0,0,0,0,1,1,6,1,38,7,-1,-1,-1,10,2
2014554D31868,1,9,0,5,0,6,0,0,0,0,1,1,6,2,23,5,1896,2,13,-1,2
2014554D31868,2,90,0,18,0,1,0,0,0,0,1,1,1,1,53,8,2143,2,3,2,1
2014554D31870,1,5,0,18,0,3,0,0,0,0,4,1,6,1,49,8,999,1,5,5,1
2014554D31870,2,9,0,18,0,4,0,0,0,0,1,1,6,3,-1,-1,-1,-1,-1,-1,-1
2014554D31881,1,9,0,12,0,6,0,0,0,0,2,1,6,1,22,5,1390,1,13,7,1
2014554D31881,2,5,0,18,0,2,0,0,0,0,1,1,6,1,32,6,929,1,13,4,1
2014554D31897,1,9,0,5,0,8,0,0,0,0,3,1,2,2,51,8,1197,1,1,6,3
2014554D31897,2,5,0,18,0,8,0,0,0,0,1,1,6,1,28,6,599,1,6,9,3
2014554D32012,1,9,0,18,0,0,0,0,0,0,2,1,6,1,33,6,1229,1,1,6,2
2014554D32012,2,5,0,18,0,0,0,0,0,0,1,1,6,1,46,8,1085,1,16,7,1
2014554D32012,3,17,0,18,0,0,0,0,0,0,0,1,6,3,-1,-1,-1,-1,-1,-1,-1
2014554D32074,1,11,0,4,0,0,0,0,0,0,0,1,6,1,50,8,4580,2,7,5,2
2014554D32074,2,17,0,18,0,0,0,0,0,0,0,1,6,3,-1,-1,-1,-1,-1,-1,-1
2014554D32143,1,9,0,18,0,8,5,0,0,0,1,1,6,1,59,9,1598,1,1,8,3
2014554D32143,2,9,0,10,0,8,0,0,0,0,1,1,6,1,68,10,1998,2,10,5,3
2014554D32147,1,21,1,16,0,0,5,0,0,0,3,1,1,1,61,9,12777,2,8,5,2
2014554D32235,1,9,0,18,0,4,1,0,3,1,2,1,6,1,29,6,2000,2,5,-1,1
2014554D32235,2,9,0,18,0,1,0,0,0,0,0,1,1,1,33,6,-1,-1,-1,7,1
2014554D32270,1,9,0,6,0,0,0,0,0,0,1,1,6,1,18,4,1149,1,11,4,1
2014554D32270,2,9,0,17,0,0,0,0,0,0,1,1,6,2,31,6,1368,1,8,4,1
2014554D32343,1,9,0,18,0,0,0,0,0,0,1,1,6,2,42,7,1461,2,8,7,1
2014554D32343,2,20,0,18,0,0,0,0,0,0,3,2,1,1,64,9,-1,-1,-1,-1,-1
2014554D32422,1,9,0,18,0,0,0,0,2,7,1,1,6,2,69,10,1597,1,16,-1,-1
2014554D32422,2,9,0,3,0,0,0,0,0,0,4,1,1,1,44,7,-1,-1,-1,3,1
2014554D32422,3,9,0,3,0,0,0,0,0,0,3,1,6,1,49,8,1461,2,7,7,3
2014554D32422,4,9,0,3,0,0,0,0,0,0,2,1,6,1,73,10,1598,1,9,7,3
2014554D32422,5,19,0,3,0,0,0,0,0,0,2,1,6,1,27,6,1598,2,-1,4,2
2014554D32447,1,9,0,18,0,0,0,0,0,0,1,1,6,1,53,8,1799,1,14,3,1
2014554D32447,2,20,0,18,0,0,0,0,0,0,2,1,6,1,34,6,-1,-1,-1,10,2
2014554D32519,1,9,0,18,0,0,1,0,0,0,1,1,6,1,77,11,2496,2,7,8,3
2014554D32519,2,9,0,16,0,0,1,0,0,0,1,1,6,2,45,7,2495,2,20,8,2
2014554D32690,1,19,0,4,0,0,0,0,0,0,1,1,1,1,41,7,1870,2,9,-1,1
2014554D32690,2,9,0,4,0,0,0,0,0,0,2,1,6,1,41,7,1242,1,13,7,3
2014554D32735,1,9,0,18,0,0,5,0,7,3,1,1,6,1,22,5,1590,1,13,4,1
2014554D32761,1,9,0,10,0,5,0,0,0,0,2,1,6,1,62,9,2495,2,20,5,1
2014554D32761,2,9,0,3,0,8,0,0,0,0,2,1,6,1,59,9,1896,2,13,10,1
2014554D32761,3,9,0,18,0,1,0,0,0,0,1,1,6,1,49,8,2993,2,3,8,3
2014554D32772,1,20,0,4,0,1,0,0,0,0,1,1,1,1,53,8,4764,2,4,7,3
2014554D32772,2,9,0,9,0,5,0,0,0,0,2,1,6,1,20,4,4398,1,10,6,3
2014554D33202,1,9,0,9,0,6,0,0,0,0,3,1,6,2,42,7,1392,1,15,6,2
2014554D33202,2,9,0,18,0,8,0,0,0,0,1,1,6,2,57,9,1229,1,3,8,3
2014554D33287,1,9,0,9,0,8,0,0,0,0,2,1,6,2,51,8,-1,-1,-1,-1,-1
2014554D33287,2,5,0,18,0,8,0,0,1,10,1,1,6,1,23,5,599,1,3,3,1
2014554D33343,1,19,0,16,0,0,1,0,5,6,1,1,2,1,55,8,1686,2,6,9,1
2014554D33343,2,9,0,16,0,0,0,0,0,0,3,1,6,2,74,10,1364,2,8,7,1
2014554D33346,1,9,0,18,0,0,0,0,0,0,1,1,6,2,52,8,1364,1,7,4,2
2014554D33346,2,9,0,18,0,0,0,0,0,0,1,1,6,2,47,8,1896,2,17,5,3
2014554D33377,1,9,0,18,0,1,0,0,0,0,1,1,6,2,24,5,1399,2,11,6,3
2014554D33377,2,19,0,10,0,8,0,0,0,0,2,1,6,1,49,8,2463,2,12,-1,2
2014554D33416,1,9,0,4,0,1,0,0,0,0,2,1,6,2,46,8,2295,1,11,7,1
2014554D33416,2,9,0,18,0,1,0,0,0,0,1,1,6,1,67,10,1984,1,-1,7,1
2014554D33416,3,9,0,18,0,1,0,0,0,0,1,1,6,1,53,8,2967,1,8,4,1
2014554D33454,1,9,0,18,0,0,0,6,1,9,3,1,6,2,19,4,998,1,2,6,2
2014554D33454,2,9,0,18,0,0,0,0,0,0,3,1,6,2,33,6,1400,1,14,7,3
2014554D33659,1,19,0,18,0,0,0,0,0,0,1,1,1,1,21,5,1598,2,2,9,1
2014554D33659,2,9,0,18,0,0,0,0,0,0,3,1,6,1,58,9,2993,2,8,7,1
2014554D33678,1,9,0,7,0,6,0,0,0,0,3,1,6,2,58,9,1896,2,7,7,3
2014554D33678,2,5,0,7,0,6,0,0,0,0,4,1,6,1,55,8,944,1,16,6,1
2014554D33748,1,9,0,18,0,0,0,0,0,0,1,1,6,2,80,11,1398,1,4,8,1
2014554D33748,2,9,0,2,0,0,0,0,0,0,1,1,6,3,-1,-1,1560,2,6,-1,-1
2014554D33748,3,9,0,2,0,0,0,0,0,0,1,1,6,3,-1,-1,1390,1,3,-1,-1
2014554D33754,1,9,0,9,0,5,0,0,0,0,4,1,6,2,68,10,1396,1,3,10,3
2014554D33754,2,5,0,18,0,1,0,0,0,0,1,1,6,1,29,6,599,1,12,5,2
2014554D33803,1,19,0,18,0,8,0,0,0,0,1,1,6,1,22,5,1910,2,12,8,2
2014554D33803,2,9,0,9,0,8,0,0,0,0,1,1,6,1,25,5,1598,1,10,-1,-1
2014554D33864,1,9,0,17,0,0,0,0,0,0,2,1,6,1,21,5,1796,1,11,3,1
2014554D33864,2,9,0,5,8,0,0,0,0,0,1,1,6,2,19,4,796,1,13,3,1
2014554D33882,1,2,0,18,0,2,0,0,0,0,0,1,6,1,71,10,49,1,6,10,1
2014554D33882,2,1,0,12,0,1,0,0,0,0,0,1,6,2,33,6,-1,-1,-1,5,1
2014554D33983,1,9,0,18,0,0,1,0,0,0,3,1,6,1,23,5,1289,1,16,-1,3
2014554D33983,2,9,0,18,0,0,0,0,0,0,3,1,6,1,68,10,1587,1,12,6,2
2014554D34060,1,9,4,18,0,0,5,0,1,4,4,1,6,2,54,8,2736,1,11,10,2
2014554D34136,1,90,0,18,9,0,0,0,0,0,1,1,6,2,77,11,-1,-1,-1,6,2
2014554D34179,1,3,0,16,0,0,0,0,0,0,3,1,2,1,22,5,124,1,3,5,1
2014554D34179,2,9,0,17,0,0,0,0,0,0,3,1,6,2,48,8,1598,2,1,6,3
2014554D34180,1,9,0,18,0,0,5,4,0,0,4,1,6,1,22,5,1391,1,17,4,3
2014554D34180,2,9,0,2,0,0,0,0,0,0,3,1,6,3,-1,-1,1587,1,10,-1,-1
2014554D34437,1,9,0,9,0,8,0,0,0,0,1,1,6,1,17,4,1200,1,12,8,3
2014554D34437,2,9,0,18,0,8,0,0,0,0,1,1,6,2,52,8,1590,1,15,6,2
2014554D34554,1,9,0,7,0,8,0,0,0,0,3,1,1,1,19,4,1461,2,-1,7,3
2014554D34554,2,1,0,18,0,4,0,0,0,0,1,1,6,1,56,9,-1,-1,-1,7,3
2014554D34591,1,9,0,7,0,6,0,0,0,0,0,1,6,1,82,11,1360,1,16,7,3
2014554D34591,2,9,0,18,0,1,0,0,0,0,1,1,6,2,73,10,1668,1,12,7,3
2014554D34591,3,9,0,10,0,8,0,0,0,0,3,1,6,1,81,11,2457,1,9,7,3
2014554D34704,1,9,0,18,0,0,0,4,0,0,1,1,6,1,72,10,1956,2,2,7,2
2014554D34704,2,9,0,2,0,0,0,0,0,0,1,1,6,3,-1,-1,1995,2,4,-1,-1
2014554D34715,1,19,0,5,0,6,0,0,0,0,1,1,1,1,45,7,1995,2,2,7,1
2014554D34715,2,9,0,18,0,8,0,0,0,0,0,1,6,2,69,10,998,1,6,7,3
2014554D34778,1,1,0,18,0,8,0,0,0,0,3,1,6,1,90,11,-1,-1,-1,8,1
2014554D34778,2,9,0,18,0,8,0,0,0,0,4,1,6,3,-1,-1,-1,-1,-1,-1,-1
2014554D34825,1,9,0,4,0,0,0,0,0,0,1,1,1,1,30,6,1124,1,13,6,3
2014554D34825,2,9,0,4,0,0,0,0,0,0,2,1,1,2,41,7,998,1,1,6,2
2014554D34849,1,9,0,9,0,8,0,0,0,0,1,1,6,2,32,6,1598,2,2,4,1
2014554D34849,2,5,0,18,0,8,0,0,0,0,1,1,6,1,22,5,-1,-1,-1,3,1
2014554D34849,3,9,0,10,0,1,0,0,0,0,3,1,6,1,40,7,1461,2,2,7,1
2014554D34855,1,9,0,4,0,0,0,0,0,0,1,1,6,1,76,11,1240,1,8,6,2
2014554D34855,2,9,0,4,0,0,0,0,0,0,2,1,6,1,64,9,1995,2,1,9,3
2014554D34866,1,9,0,9,0,8,0,0,0,0,3,1,6,1,54,8,1999,1,13,-1,1
2014554D34866,2,1,0,18,0,1,1,0,0,0,1,1,6,1,21,5,-1,-1,-1,7,1
2014554D34873,1,9,0,18,0,1,0,0,0,0,3,1,6,2,45,7,1796,1,12,5,1
2014554D34873,2,1,0,18,0,1,0,0,0,0,1,1,6,1,14,3,-1,-1,-1,6,1
2014554D34890,1,9,0,17,0,0,1,0,7,1,1,1,6,1,28,6,1997,1,14,2,1
2014554D34890,2,9,0,4,0,0,0,0,0,0,3,1,1,1,37,7,1686,2,1,7,2
2014554D34891,1,4,0,18,0,1,0,0,0,0,1,1,6,2,29,6,124,1,2,7,1
2014554D34891,2,9,0,9,0,5,0,0,0,0,4,1,6,2,34,6,1997,2,9,7,2
2014554D34990,1,1,0,18,0,0,0,0,0,0,2,1,6,2,16,4,-1,-1,-1,9,1
2014554D34990,2,9,0,18,0,0,0,0,0,0,4,1,6,2,86,11,1596,1,1,8,1
2014554D35083,1,9,0,16,0,0,5,0,8,4,1,1,2,2,29,6,1360,1,13,3,1
2014554D35145,1,9,0,18,0,0,0,0,0,0,1,1,6,1,39,7,1995,2,4,6,3
2014554D35145,2,19,0,18,0,0,0,0,0,0,2,1,1,1,51,8,1560,2,5,7,3
2014554D35145,3,9,0,4,0,0,0,0,0,0,2,1,6,1,19,4,1997,2,4,10,1
2014554D35145,4,9,0,3,0,0,0,0,0,0,2,1,6,1,24,5,2401,2,6,10,1
2014554D35204,1,9,0,18,0,0,0,0,1,4,1,1,2,1,25,5,1590,1,14,9,3
2014554D35271,1,9,0,18,0,0,0,0,0,0,1,1,6,1,31,6,1341,1,10,4,1
2014554D35271,2,19,0,3,0,0,0,0,0,0,2,1,6,1,41,7,-1,-1,-1,5,1
2014554D35273,1,9,0,18,0,1,0,0,0,0,1,1,6,2,26,6,1800,1,14,5,1
2014554D35273,2,9,0,10,0,8,0,0,0,0,2,1,6,2,19,4,1149,1,12,4,3
2014554D35338,1,9,0,18,0,0,0,0,0,0,4,1,6,2,41,7,2143,2,-1,-1,-1
2014554D35338,2,1,0,18,0,0,0,0,0,0,2,1,6,1,33,6,-1,-1,-1,-1,-1
2014554D35474,1,8,0,9,0,8,0,0,0,0,1,1,2,1,62,9,1798,1,5,6,2
2014554D35544,1,9,0,18,0,0,0,0,0,0,1,1,6,3,-1,-1,-1,-1,-1,-1,-1