Accident_Index,Vehicle_Reference,Vehicle_Type,Towing_and_Articulation,Vehicle_Manoeuvre,Vehicle_Location-Restricted_Lane,Junction_Location,Skidding_and_Overturning,Hit_Object_in_Carriageway,Vehicle_Leaving_Carriageway,Hit_Object_off_Carriageway,1st_Point_of_Impact,Was_Vehicle_Left_Hand_Drive?,Journey_Purpose_of_Driver,Sex_of_Driver,Age_of_Driver,Age_Band_of_Driver,Engine_Capacity_(CC),Propulsion_Code,Age_of_Vehicle,Driver_IMD_Decile,Driver_Home_Area_Type
2014554D35544,2,1,0,18,0,0,0,0,0,0,2,1,6,1,15,3,-1,-1,-1,-1,-1
2014554D35547,1,19,0,4,0,0,1,0,0,0,1,1,1,1,50,8,1896,2,4,1,1
2014554D35547,2,19,0,4,0,0,0,0,0,0,1,1,1,2,45,7,1248,2,6,7,2
2014554D35563,1,9,0,18,0,1,0,0,0,0,1,1,6,2,20,4,1229,1,1,8,3
2014554D35582,1,9,0,3,0,5,0,0,1,10,1,1,6,1,69,10,1968,2,6,4,1
2014554D35582,2,9,0,18,0,1,0,0,0,0,0,1,6,3,-1,-1,-1,-1,-1,-1,-1
2014554D35582,3,9,0,7,0,5,0,0,7,10,4,1,6,2,42,7,1598,2,4,6,3
2014554D35588,1,9,0,18,0,0,0,0,0,0,1,1,6,2,37,7,1997,2,3,10,1
2014554D35588,2,9,0,3,0,0,0,0,0,0,2,1,1,1,62,9,2184,2,8,7,3
2014554D35588,3,19,0,3,0,0,0,0,0,0,2,1,6,1,33,6,-1,-1,-1,4,1
2014554D35588,4,9,0,3,0,0,0,0,0,0,2,1,6,2,44,7,1598,1,7,6,1
2014554D35590,1,9,0,18,0,0,0,0,0,0,2,1,6,2,54,8,-1,-1,-1,8,1
2014554D35590,2,9,0,18,0,0,0,0,0,0,2,1,6,2,42,7,1598,1,12,-1,1
2014554D35590,3,9,0,18,0,0,0,0,0,0,1,1,6,2,18,4,1124,1,15,6,1
2014554D35590,4,9,0,4,0,0,1,0,0,0,2,1,6,2,34,6,1240,1,9,4,2
2014554D35590,5,9,0,4,0,0,0,0,1,10,1,1,6,1,36,7,1896,2,6,5,3
2014554D35803,1,9,0,18,0,0,5,0,7,10,0,1,6,1,19,4,1149,1,4,6,1
2014554D35896,1,1,0,18,0,0,0,0,0,0,1,1,6,1,53,8,-1,-1,-1,10,1
2014554D35897,1,9,0,16,0,0,0,0,7,2,1,1,6,2,67,10,1390,1,2,3,1
2014554D35897,2,9,0,2,0,0,0,0,0,0,1,1,6,3,-1,-1,1560,2,3,-1,-1
2014554D36026,1,9,0,6,0,8,0,0,0,0,3,1,6,2,43,7,1968,2,10,2,1
2014554D36026,2,9,0,18,0,8,0,0,0,0,1,1,6,2,28,6,1400,1,10,4,1
2014554D36104,1,9,0,9,0,8,0,0,0,0,1,1,1,1,33,6,998,1,18,1,1
2014554D36104,2,5,0,18,0,2,0,0,0,0,4,1,2,2,48,8,649,1,15,7,1
2014554D36203,1,11,0,5,0,0,0,0,0,0,0,1,1,1,63,9,9000,2,4,8,1
2014554D36258,1,9,0,18,0,0,0,0,0,0,3,1,1,1,60,9,1910,2,3,9,2
2014554D36258,2,9,0,13,0,0,1,0,7,10,1,1,6,1,28,6,1396,1,12,2,1
2014554D36309,1,9,3,18,0,0,0,0,0,0,3,1,6,2,48,8,1997,2,15,10,1
2014554D36309,2,9,0,18,0,0,0,0,0,0,3,1,6,2,32,6,1896,2,8,6,2
2014554D36427,1,1,0,18,0,8,0,0,0,0,1,1,6,1,33,6,-1,-1,-1,-1,-1
2014554D36427,2,19,0,18,0,6,0,0,0,0,3,1,1,1,33,6,2287,2,4,4,1
2014554D36442,1,9,0,1,0,0,0,0,0,0,2,1,6,2,59,9,1896,2,12,6,1
2014554D36453,1,3,0,18,0,0,0,0,0,0,3,1,6,1,18,4,125,1,1,6,3
2014554D36453,2,9,0,18,0,0,0,0,0,0,3,1,6,1,69,10,1461,2,1,8,2
2014554D36697,1,9,0,7,0,6,0,0,0,0,3,1,2,1,36,7,1560,2,1,6,3
2014554D36697,2,1,0,18,0,8,0,0,0,0,4,1,6,1,45,7,-1,-1,-1,5,2
2014554D36733,1,9,0,16,0,0,1,0,7,10,1,1,6,1,44,7,1596,1,12,8,3
2014554D36733,2,9,0,17,0,0,5,0,1,10,1,1,6,2,75,10,1299,1,12,5,3
2014554D36756,1,9,0,18,0,0,0,0,0,0,3,1,6,2,85,11,1386,1,10,10,1
2014554D36756,2,5,0,18,0,0,0,0,0,0,1,1,6,1,30,6,599,1,13,10,1
2014554D36826,1,9,0,9,0,5,0,0,0,0,4,1,6,2,21,5,1598,1,1,9,1
2014554D36826,2,20,0,18,0,1,1,0,0,0,1,1,2,1,30,6,-1,-1,-1,4,1
2014554D36962,1,9,0,16,0,1,1,0,0,0,1,1,6,1,34,6,1596,1,12,7,1
2014554D36962,2,9,0,17,0,2,0,0,1,10,3,1,6,1,50,8,1868,2,13,6,1
2014554D36977,1,1,0,18,9,0,0,0,0,0,1,1,6,1,12,3,-1,-1,-1,6,1
2014554D36980,1,9,0,12,0,8,0,0,0,0,3,1,6,1,43,7,-1,-1,-1,8,1
2014554D36980,2,5,0,13,0,8,0,0,0,0,4,1,6,1,57,9,650,1,-1,9,1
2014554D37002,1,9,0,18,0,0,5,0,1,10,4,1,6,1,26,6,1951,2,10,7,3
2014554D37029,1,9,0,18,0,1,0,0,3,4,1,1,6,2,21,5,1242,1,5,-1,1
2014554D37089,1,9,0,13,0,0,0,0,5,6,3,1,6,1,86,11,1339,1,8,-1,-1
2014554D37089,2,9,0,18,0,0,0,0,0,0,4,1,6,2,62,9,2204,2,8,5,3
2014554D37166,1,9,0,3,0,0,0,0,0,0,3,1,6,2,20,4,1360,1,11,6,3
2014554D37166,2,3,0,14,0,0,0,0,0,0,4,1,6,1,47,8,125,1,-1,1,1
2014554D37175,1,9,0,12,0,0,0,0,0,0,1,1,6,2,66,10,1388,1,6,3,1
2014554D37175,2,9,0,18,0,0,0,0,0,0,4,1,6,1,19,4,1390,1,14,4,1
2014554D37203,1,9,0,18,0,1,0,0,0,0,1,1,6,2,33,6,2993,2,3,8,2
2014554D37203,2,9,0,4,0,1,0,0,1,10,2,1,6,2,46,8,599,1,14,7,1
2014554D37214,1,9,0,4,0,0,0,0,0,0,2,1,6,1,36,7,1598,1,6,5,3
2014554D37214,2,19,0,18,0,0,0,0,0,0,1,1,6,1,62,9,2198,2,2,6,1
2014554D37346,1,9,0,16,0,0,0,0,0,0,0,1,6,3,-1,-1,-1,-1,-1,-1,-1
2014554D37346,2,9,0,17,0,0,0,0,0,0,0,1,2,2,46,8,1198,1,11,6,3
2014554D37346,3,19,0,17,0,0,0,0,0,0,1,1,1,1,45,7,2459,2,13,7,2
2014554D37358,1,9,0,18,0,1,0,0,0,0,1,1,6,1,78,11,1584,1,12,-1,1
2014554D37358,2,9,0,3,0,1,0,0,0,0,2,1,6,2,60,9,1798,1,6,6,3
2014554D37358,3,19,4,10,0,8,0,0,0,0,0,1,1,1,64,9,-1,-1,-1,7,3
2014554D37363,1,9,0,9,0,8,0,0,0,0,2,1,6,2,47,8,1275,1,15,5,3
2014554D37363,2,90,0,4,0,1,0,0,0,0,1,1,1,1,64,9,-1,-1,-1,5,3
2014554D37419,1,1,0,18,0,0,0,0,0,0,3,1,6,1,44,7,-1,-1,-1,7,1
2014554D37420,1,9,0,18,0,0,0,4,0,0,1,1,6,2,23,5,1149,1,13,8,2
2014554D37420,2,9,0,2,0,0,0,0,0,0,3,1,6,3,-1,-1,1994,2,5,-1,-1
2014554D37494,1,9,0,3,0,8,0,0,0,0,2,1,6,2,46,8,1968,2,7,6,2
2014554D37494,2,9,0,3,0,8,0,0,0,0,2,1,6,2,39,7,1968,2,3,7,1
2014554D37494,3,9,0,18,0,8,0,0,0,0,1,1,6,1,47,8,-1,-1,-1,5,2
2014554D37556,1,20,0,3,0,0,0,0,0,0,2,1,1,1,58,9,5193,2,8,10,2
2014554D37556,2,9,0,3,0,0,0,0,0,0,2,1,6,1,18,4,1124,1,18,6,3
2014554D37556,3,9,0,18,0,0,0,0,0,0,1,1,6,1,87,11,1124,1,13,6,2
2014554D37587,1,5,0,18,0,1,0,10,0,0,4,1,6,1,34,6,781,1,16,2,1
2014554D37587,2,20,0,9,0,2,0,0,0,0,0,1,1,1,58,9,2402,2,6,-1,1
2014554D37590,1,9,0,18,0,0,0,0,0,0,1,1,6,1,17,4,1124,1,11,10,1
2014554D37602,1,19,0,4,0,8,1,0,0,0,1,1,2,1,31,6,-1,-1,-1,6,3
2014554D37602,2,9,0,4,0,1,0,0,0,0,2,1,6,1,71,10,1149,1,15,5,1
2014554D37602,3,19,0,4,0,1,0,0,0,0,2,1,1,1,56,9,-1,-1,-1,8,1
2014554D37602,4,9,0,10,0,8,0,0,0,0,0,1,6,1,82,11,1598,1,15,10,3
2014554D37750,1,2,0,18,0,8,0,0,0,0,1,1,6,1,19,4,-1,-1,-1,7,1
2014554D37754,1,9,0,18,0,1,1,0,0,0,1,1,6,1,21,5,1299,1,9,7,2
2014554D37754,2,9,0,9,0,6,0,0,0,0,3,1,6,2,64,9,1995,2,1,9,1
2014554D37812,1,3,0,18,0,0,0,0,0,0,1,1,6,1,18,4,124,1,7,7,1
2014554D37812,2,90,0,7,0,0,0,0,0,0,3,1,1,1,24,5,-1,-1,-1,6,1
2014554D37896,1,9,0,18,0,0,0,0,0,0,2,1,1,1,20,4,1242,1,14,-1,1
2014554D37896,2,9,0,18,0,0,0,0,0,0,2,1,1,1,30,6,1995,2,8,6,3
2014554D37896,3,9,0,18,0,0,0,0,0,0,1,1,1,1,23,5,1896,2,12,3,1
2014554D37911,1,9,0,4,0,1,1,0,0,0,1,1,2,1,18,4,1199,1,11,7,1
2014554D37911,2,9,0,4,0,1,0,0,0,0,2,1,6,2,53,8,998,1,6,4,1
2014554D37911,3,9,0,9,0,1,0,0,0,0,2,1,2,1,35,6,1598,1,1,6,3
2014554D37920,1,8,0,18,0,8,0,0,0,0,1,1,1,1,40,7,-1,-1,-1,-1,1
2014554D37920,2,9,0,9,0,8,0,0,0,0,3,1,6,1,40,7,1598,1,1,7,1
2014554D37997,1,9,0,9,0,1,0,0,0,0,4,1,6,2,61,9,1422,2,9,5,1
2014554D37997,2,1,0,18,0,8,0,0,0,0,1,1,6,1,44,7,-1,-1,-1,8,1
2014554D38022,1,9,0,18,0,0,0,0,1,10,1,1,1,2,58,9,1339,1,9,6,3
2014554D38026,1,9,0,4,0,0,0,0,0,0,2,1,6,2,32,6,1998,2,11,4,3
2014554D38026,2,4,0,4,0,0,0,0,0,0,2,1,6,1,71,10,-1,-1,-1,9,1
2014554D38026,3,9,0,4,0,0,0,0,0,0,1,1,6,1,19,4,1598,1,12,6,1
2014554D38149,1,9,0,9,0,5,0,0,0,0,1,1,2,1,22,5,1686,2,14,6,3
2014554D38149,2,9,0,18,0,8,0,0,0,0,1,1,6,1,64,9,2290,1,9,5,1
2014554D38159,1,1,0,18,0,0,0,0,0,0,1,1,6,1,32,6,-1,-1,-1,5,1
2014554D38159,2,1,0,18,0,0,0,0,0,0,1,1,6,2,44,7,-1,-1,-1,10,1
2014554D38187,1,9,0,18,0,1,0,0,0,0,1,1,6,1,35,6,1796,1,12,6,1
2014554D38187,2,9,0,18,0,2,0,0,0,0,1,1,6,2,29,6,1997,1,8,5,1
2014554D38242,1,9,0,9,0,1,0,0,0,0,2,1,6,1,21,5,1390,1,11,4,1
2014554D38242,2,3,0,18,0,1,0,0,0,0,1,1,6,1,18,4,125,1,1,8,1
2014554D38301,1,9,0,5,0,1,0,0,0,0,4,1,6,1,81,11,1108,1,13,7,1
2014554D38310,1,19,0,18,0,1,0,0,0,0,3,1,1,3,50,8,2198,2,7,1,1
2014554D38310,2,9,0,9,0,8,0,0,0,0,2,1,6,2,45,7,1560,2,8,6,2
2014554D38424,1,9,0,18,0,8,0,0,1,7,1,1,6,1,66,10,1339,1,8,9,1
2014554D38490,1,9,0,18,0,0,0,0,0,0,1,1,6,2,51,8,1596,1,13,7,1
2014554D38490,2,9,0,18,0,0,0,0,0,0,1,1,1,1,39,7,2000,2,10,10,1
2014554D38560,1,8,0,4,0,1,0,0,0,0,1,1,1,1,63,9,3199,1,13,7,1
2014554D38651,1,9,0,1,9,6,0,0,0,0,2,1,6,2,37,7,2993,2,6,5,1
2014554D38705,1,1,0,9,0,8,0,0,0,0,4,1,6,1,53,8,-1,-1,-1,9,1
2014554D38705,2,9,0,18,0,8,0,0,0,0,1,1,2,1,25,5,1984,1,10,9,1
2014554D38735,1,1,0,12,0,6,0,0,0,0,1,1,6,1,15,3,-1,-1,-1,6,3
2014554D38735,2,8,0,6,0,5,0,0,0,0,0,1,6,3,-1,-1,1998,2,4,-1,-1
2014554D38735,3,9,0,2,0,2,0,0,0,0,1,1,6,3,-1,-1,-1,-1,-1,-1,-1
2014554D38787,1,19,0,9,0,2,0,0,0,0,1,1,2,1,34,6,1998,2,9,4,1
2014554D38815,1,5,0,13,0,8,0,0,0,0,1,1,6,1,22,5,125,1,6,3,2
2014554D38815,2,1,0,10,0,8,0,0,0,0,1,1,6,1,50,8,-1,-1,-1,7,3
2014554D38891,1,9,0,5,0,0,0,0,0,0,0,1,1,1,22,5,-1,-1,-1,6,3
2014554D38957,1,9,0,9,0,8,0,0,0,0,4,1,6,1,19,4,1395,1,1,8,1
2014554D38957,2,1,0,18,0,6,0,0,0,0,1,1,6,1,28,6,-1,-1,-1,8,1
2014554D38962,1,8,0,9,0,8,0,0,0,0,4,1,1,1,64,9,1896,2,7,9,1
2014554D38962,2,9,0,18,0,8,0,0,0,0,1,1,2,1,61,9,1999,1,6,6,1
2014554D38962,3,9,0,10,0,1,0,0,0,0,3,1,1,2,47,8,1796,1,6,8,3
2014554D39026,1,9,4,16,0,0,0,0,1,10,1,1,6,1,56,9,2663,2,17,7,3
2014554D39026,2,9,0,4,0,0,0,0,0,0,1,1,1,1,44,7,1984,2,7,10,1
2014554D39157,1,9,0,9,0,8,0,0,0,0,1,1,6,1,59,9,-1,-1,-1,5,2
2014554D39157,2,1,0,18,0,8,0,0,0,0,1,1,6,1,47,8,-1,-1,-1,8,1
2014554D39163,1,9,0,18,0,0,0,0,0,0,4,1,6,1,82,11,1596,1,2,10,1
2014554D39163,2,9,0,18,0,0,0,0,0,0,3,1,6,1,23,5,1700,2,15,6,2
2014554D39183,1,9,0,7,0,2,0,0,0,0,1,1,6,1,26,6,1598,1,10,-1,-1
2014554D39315,1,5,0,18,0,0,0,0,0,0,1,1,6,1,23,5,599,1,7,-1,1
2014554D39315,2,9,3,18,0,0,0,0,0,0,1,1,6,1,58,9,-1,-1,-1,10,1
2014554D39352,1,9,0,13,0,1,0,0,0,0,1,1,6,1,71,10,2487,2,14,7,3
2014554D39352,2,9,0,9,0,1,0,0,0,0,3,1,6,2,36,7,1956,2,-1,5,3
2014554D39469,1,9,0,18,0,0,0,0,0,0,1,1,6,2,51,8,2198,1,15,9,1
2014554D39469,2,9,0,3,0,0,0,0,0,0,2,1,6,2,47,8,1560,2,3,9,1
2014554D39469,3,9,0,3,0,0,0,0,0,0,2,1,6,1,36,7,2993,2,1,6,3
2014554D39483,1,9,0,18,0,0,0,0,0,0,1,1,6,2,21,5,1900,2,9,1,1
2014554D39483,2,9,0,2,0,0,0,0,0,0,3,1,6,3,-1,-1,1560,2,9,-1,-1
2014554D39483,3,9,0,2,0,0,0,0,0,0,2,1,6,3,-1,-1,1360,1,16,-1,-1
2014554D39591,1,9,0,9,0,6,0,0,0,0,1,1,6,2,36,7,1968,2,7,4,1
2014554D39591,2,4,0,14,0,8,0,0,0,0,1,1,6,1,34,6,498,1,8,6,1
2014554D39631,1,9,0,18,0,0,0,0,0,0,0,1,6,3,-1,-1,-1,-1,-1,-1,-1
2014554D39631,2,1,0,18,0,0,0,0,0,0,0,1,6,1,76,11,-1,-1,-1,7,3
2014554D39699,1,9,0,5,0,4,0,0,0,0,3,1,6,1,32,6,1242,1,9,-1,-1
2014554D39699,2,1,0,17,0,8,0,0,0,0,1,1,6,1,48,8,-1,-1,-1,7,1
2014554D39821,1,9,0,5,0,6,0,0,0,0,3,1,6,1,44,7,2706,1,-1,6,2
2014554D39821,2,1,0,18,0,1,0,0,0,0,1,1,2,1,39,7,-1,-1,-1,10,1
2014554D39907,1,9,0,18,0,0,0,0,0,0,1,1,6,2,55,8,1587,1,9,4,1
2014554D39907,2,9,0,4,0,0,0,0,0,0,2,1,2,2,53,8,1590,1,10,6,3
2014554D39907,3,9,0,3,0,0,0,0,0,0,2,1,1,1,59,9,2967,2,8,10,1
2014554D39907,4,19,0,3,0,0,0,0,0,0,2,1,2,1,24,5,1896,2,7,7,1
2014554D39948,1,9,0,5,0,8,0,0,0,0,1,1,6,1,34,6,1997,1,11,10,2
2014554D39948,2,1,0,18,0,8,0,0,0,0,1,1,6,2,32,6,-1,-1,-1,6,2
2014554D40006,1,9,0,5,0,6,0,0,0,0,3,1,6,1,92,11,2143,2,4,6,3
2014554D40006,2,9,0,18,0,8,0,0,0,0,1,1,6,2,40,7,1984,1,4,6,3
2014554D40010,1,9,0,18,0,8,1,0,0,0,1,1,1,1,28,6,1597,1,19,4,1
2014554D40010,2,9,0,3,0,8,0,0,0,0,2,1,1,1,18,4,1149,1,12,8,3
2014554D40083,1,9,0,18,0,8,0,0,0,0,4,1,6,1,42,7,2495,2,10,9,2
2014554D40083,2,20,0,5,0,8,0,0,0,0,1,1,1,1,33,6,-1,-1,-1,-1,-1
2014554D40083,3,21,0,10,0,8,0,0,0,0,3,1,1,1,33,6,12777,2,5,-1,-1
2014554D40136,1,9,0,16,0,0,1,0,1,10,3,1,6,1,66,10,1598,1,9,9,1
2014554D40141,1,2,0,13,0,0,0,0,0,0,3,1,2,1,16,4,49,1,4,6,1
2014554D40141,2,5,0,13,0,0,0,0,0,0,4,1,2,1,35,6,998,1,1,7,2
2014554D40159,1,9,0,18,0,8,0,0,0,0,4,1,6,2,57,9,1339,1,1,7,1
2014554D40159,2,19,0,18,0,2,0,0,0,0,3,1,1,1,48,8,2402,2,8,8,3
2014554D40228,1,9,0,7,0,5,0,0,0,0,2,1,2,2,38,7,1598,1,10,6,1
2014554D40228,2,9,0,18,0,8,5,0,7,10,1,1,2,2,24,5,1386,1,6,7,1
2014554D40413,1,9,0,9,0,8,0,0,0,0,3,1,6,1,43,7,1390,1,12,5,1
2014554D40413,2,9,0,9,0,8,0,0,0,0,1,1,6,1,85,11,1989,1,10,7,2
2014554D40447,1,9,0,9,0,6,0,0,0,0,1,1,6,2,50,8,1995,2,6,6,3
2014554D40447,2,5,0,18,0,8,0,0,0,0,3,1,6,1,58,9,1550,1,9,8,1
2014554D40615,1,9,0,9,0,8,0,0,0,0,1,1,6,1,46,8,1586,1,8,7,3
2014554D40615,2,9,0,18,0,8,0,0,0,0,3,1,6,2,63,9,1598,1,3,7,3
2014554D40659,1,2,0,18,0,0,0,0,0,0,0,1,6,1,17,4,50,1,2,5,1
2014554D40705,1,8,0,13,0,0,2,10,2,10,1,1,1,1,33,6,1998,2,7,4,1
2014554D40705,2,11,0,18,0,0,0,0,0,0,2,1,1,1,63,9,9360,2,6,6,3
2014554D40736,1,19,0,18,0,2,0,0,0,0,2,1,1,1,33,6,2488,2,5,9,1
2014554D40736,2,9,0,18,0,2,0,0,0,0,4,1,1,2,23,5,1198,1,5,7,1
2014554D40865,1,9,0,18,0,0,0,0,0,0,1,1,6,1,25,5,2979,1,11,5,3
2014554D40865,2,9,0,18,0,0,0,0,0,0,2,1,6,2,56,9,1896,2,13,7,2
2014554D40874,1,9,0,16,0,0,0,0,0,0,1,1,6,1,19,4,1995,2,10,5,2
2014554D40874,2,9,0,4,0,0,0,0,0,0,2,1,6,2,38,7,1956,2,2,5,2
2014554D40959,1,9,0,9,0,6,0,0,0,0,3,1,6,2,24,5,1598,1,6,4,1
2014554D40959,2,5,0,18,0,1,0,0,0,0,1,1,6,1,26,6,599,1,19,5,2
2014554D40985,1,9,0,9,0,6,0,0,0,0,2,1,6,1,85,11,1296,1,7,5,3
2014554D40985,2,9,0,18,0,1,0,0,0,0,1,1,6,2,35,6,1598,1,7,-1,2
2014554D40988,1,9,0,18,0,0,0,0,0,0,1,1,6,2,30,6,-1,-1,-1,8,2
2014554D40988,2,9,0,3,0,0,0,0,0,0,2,1,3,2,43,7,1896,2,11,7,2
2014554D41007,1,17,0,18,0,0,0,6,0,0,1,1,1,1,58,9,-1,2,5,-1,3
2014554D41066,1,9,0,5,0,1,0,0,0,0,1,1,1,2,33,6,1798,1,11,8,1
2014554D41066,2,3,0,5,0,1,0,0,0,0,2,1,2,2,47,8,124,1,13,9,1
2014554D41196,1,9,0,3,0,2,0,0,0,0,0,1,6,2,54,8,1149,1,3,9,1
2014554D41196,2,9,0,3,0,2,0,0,0,0,0,1,6,3,-1,-1,1870,2,11,-1,-1
2014554D41210,1,5,0,16,0,0,1,0,0,0,1,1,6,1,29,6,649,1,3,6,2
2014554D41210,2,9,0,18,0,0,0,0,0,0,1,1,6,2,48,8,1910,2,12,5,3
2014554D41329,1,9,0,6,0,0,0,0,0,0,1,1,6,1,-1,-1,1560,2,3,-1,-1
2014554D41329,2,9,0,18,0,0,0,0,0,0,1,1,6,2,43,7,1796,1,9,6,2
2014554D41421,1,9,0,18,0,1,1,0,0,0,1,1,6,1,23,5,1598,1,4,6,1
2014554D41421,2,9,0,6,0,6,0,0,0,0,3,1,6,1,17,4,1198,1,11,4,1
2014554D41455,1,9,0,18,0,0,0,0,1,10,1,1,6,2,21,5,1275,1,20,7,1
2014554D41517,1,9,0,18,0,0,1,0,0,0,1,1,6,1,27,6,1596,1,15,10,1
2014554D41517,2,9,0,18,0,0,0,0,0,0,2,1,6,1,22,5,1124,1,13,7,2
2014554D41597,1,19,0,16,0,0,1,0,0,0,1,1,2,1,44,7,1868,2,9,6,1
2014554D41597,2,9,0,17,0,0,1,0,0,0,1,1,6,2,42,7,2400,2,4,8,1
2014554D41609,1,3,0,9,0,5,1,0,0,0,3,1,6,2,22,5,124,1,4,9,1
2014554D41614,1,9,0,4,0,1,1,0,0,0,1,1,6,1,21,5,1360,1,11,3,1
2014554D41614,2,9,0,18,0,8,0,0,1,0,0,1,6,1,71,10,1461,2,2,10,2
2014554D41669,1,9,0,18,0,2,0,0,0,0,2,1,3,2,49,8,1984,1,5,6,2
2014554D41669,2,9,0,18,0,2,1,0,0,0,1,1,2,1,26,6,2204,2,7,8,1
2014554D41722,1,19,0,17,0,8,0,0,0,0,1,1,1,1,61,9,2148,2,6,9,3
2014554D41824,1,19,0,1,0,1,0,0,0,0,2,1,2,1,50,8,2287,2,-1,6,2
2014554D41824,2,3,0,4,0,1,0,0,0,0,1,1,6,1,57,9,124,1,7,6,2
2014554D41888,1,9,0,4,0,0,0,0,0,0,2,1,1,1,37,7,2967,1,15,6,1
2014554D41888,2,90,0,4,0,0,1,0,0,0,1,1,1,2,45,7,-1,-1,-1,7,1
2014554D41981,1,9,0,18,0,0,0,0,0,0,1,1,6,2,83,11,1332,1,16,9,1
2014554D41981,2,9,0,18,0,0,0,0,0,0,2,1,6,1,23,5,1596,1,-1,5,1
2014554D42038,1,1,0,18,0,1,0,0,0,0,2,1,6,1,55,8,-1,-1,-1,10,2
2014554D42038,2,9,0,18,0,1,0,0,0,0,1,1,6,3,-1,-1,-1,-1,-1,-1,-1
2014554D42077,1,9,0,18,0,2,0,0,0,0,4,1,6,1,78,11,1598,1,1,7,2
2014554D42124,1,9,0,18,0,8,0,0,0,0,1,1,6,1,67,10,2179,2,5,5,3
2014554D42124,2,19,0,18,0,8,0,0,0,0,3,1,6,1,66,10,1896,2,8,5,3
2014554D42165,1,20,1,18,0,0,1,0,0,0,1,1,1,1,50,8,6700,2,-1,2,1
2014554D42165,2,9,4,18,0,0,1,0,0,0,1,1,6,1,47,8,1868,2,10,5,3
2014554D42169,1,9,0,17,0,0,2,0,1,10,1,1,6,1,20,4,1360,1,16,4,1
2014554D42170,1,5,0,18,0,1,0,0,0,0,1,1,2,1,42,7,645,1,6,5,3
2014554D42170,2,19,0,18,0,1,0,0,0,0,2,1,1,1,21,5,1560,2,3,8,2
2014554D42181,1,2,0,18,0,8,1,0,0,0,4,1,6,1,17,4,49,1,16,7,3
2014554D42181,2,9,0,9,0,6,0,0,0,0,1,1,6,1,26,6,1390,1,6,6,1
2014554D42196,1,9,0,9,0,2,0,0,0,0,3,1,6,1,51,8,2151,2,15,4,1
2014554D42196,2,3,0,18,0,1,0,0,0,0,1,1,6,1,20,4,125,1,4,6,1
2014554D42315,1,9,0,3,0,0,0,0,0,0,2,1,6,2,57,9,-1,-1,-1,6,2
2014554D42315,2,9,0,3,0,0,0,0,0,0,2,1,6,1,31,6,999,1,9,10,1
2014554D42315,3,9,0,18,0,0,0,0,0,0,1,1,6,2,25,5,1242,1,7,-1,1
2014554D42329,1,9,0,9,0,6,0,0,0,0,1,1,6,1,83,11,1998,2,10,8,1
2014554D42329,2,9,0,18,0,1,0,0,0,0,1,1,6,1,18,4,1199,1,12,6,1
2014554D42339,1,9,0,18,0,0,0,0,0,0,1,2,6,2,49,8,-1,-1,-1,-1,-1
2014554D42339,2,9,0,18,0,0,0,0,0,0,1,1,6,2,61,9,-1,-1,-1,5,2
2014554D42413,1,9,0,16,0,0,1,0,1,3,3,1,6,1,26,6,1994,1,17,4,1
2014554D42441,1,9,0,5,0,8,0,0,0,0,1,1,6,2,82,11,1796,1,14,9,1
2014554D42441,2,9,0,18,0,8,0,0,0,0,4,1,6,2,43,7,1598,1,5,8,1
2014554D42443,1,9,0,18,0,0,0,0,1,10,1,1,6,2,52,8,1248,2,4,9,1
2014554D42481,1,9,0,10,0,8,0,0,0,0,2,1,6,1,23,5,1560,2,3,8,1
2014554D42481,2,9,0,18,0,1,0,0,0,0,1,1,6,2,49,8,1995,2,9,2,1
2014554D42509,1,9,0,13,0,0,0,0,0,0,4,1,6,3,-1,-1,-1,-1,-1,-1,-1
2014554D42509,2,1,0,18,0,0,0,0,0,0,3,1,6,2,60,9,-1,-1,-1,1,1
2014554D42517,1,9,0,4,0,0,0,0,0,0,2,1,6,1,37,7,1999,1,11,3,1
2014554D42517,2,9,0,4,0,0,0,0,0,0,2,1,6,2,33,6,1399,2,4,-1,-1
2014554D42517,3,9,0,18,0,0,0,0,0,0,1,1,6,2,70,10,1598,1,7,6,1
2014554D42541,1,9,0,18,0,0,0,0,1,10,4,1,6,2,23,5,1796,1,10,5,2
2014554D42576,1,90,0,18,0,0,5,0,0,0,0,1,6,1,58,9,-1,-1,-1,10,1
2014554D42581,1,5,0,13,0,0,1,0,1,10,3,1,6,1,19,4,599,1,14,8,1
2014554D42581,2,9,0,17,0,0,0,0,0,0,3,1,6,1,72,10,2597,1,14,4,1
2014554D42598,1,9,0,18,0,2,0,0,0,0,1,1,6,1,25,5,1360,1,16,-1,1
2014554D42707,1,9,0,18,0,0,1,0,2,10,1,1,6,1,22,5,1149,1,12,10,1
2014554D42707,2,10,0,18,0,0,0,0,0,0,1,1,6,2,39,7,-1,-1,-1,5,2
2014554D42722,1,9,0,16,0,0,0,0,0,0,1,1,2,1,21,5,1298,1,12,6,3
2014554D42722,2,9,0,17,0,0,0,0,0,0,1,1,1,1,47,8,1994,2,9,5,1
2014554D42819,1,9,0,18,0,8,0,0,0,0,3,1,1,2,18,4,1299,1,12,10,2
2014554D42819,2,9,0,9,0,8,0,0,0,0,1,1,1,2,58,9,1596,1,9,10,3
2014554D42820,1,2,0,9,0,6,0,0,0,0,1,1,6,1,16,4,50,1,-1,4,1
2014554D42820,2,1,0,18,0,8,0,0,0,0,1,1,6,1,60,9,-1,-1,-1,2,1
2014554D42836,1,9,0,18,0,8,0,0,0,0,1,1,6,2,42,7,-1,-1,-1,8,3