Accident_Index,Vehicle_Reference,Vehicle_Type,Towing_and_Articulation,Vehicle_Manoeuvre,Vehicle_Location-Restricted_Lane,Junction_Location,Skidding_and_Overturning,Hit_Object_in_Carriageway,Vehicle_Leaving_Carriageway,Hit_Object_off_Carriageway,1st_Point_of_Impact,Was_Vehicle_Left_Hand_Drive?,Journey_Purpose_of_Driver,Sex_of_Driver,Age_of_Driver,Age_Band_of_Driver,Engine_Capacity_(CC),Propulsion_Code,Age_of_Vehicle,Driver_IMD_Decile,Driver_Home_Area_Type
2014554D42836,2,9,0,5,0,8,0,0,0,0,2,1,6,1,50,8,1796,1,13,-1,3
2014554D42836,3,9,0,3,0,8,0,0,0,0,2,1,6,1,24,5,1796,1,13,10,1
2014554D42907,1,19,0,18,0,0,0,0,0,0,4,1,6,1,64,9,2499,2,14,6,1
2014554D42923,1,9,0,1,0,2,0,0,0,0,2,1,6,1,38,7,2902,2,12,1,2
2014554D42923,2,9,0,18,0,2,0,0,0,0,1,1,1,1,36,7,1686,2,1,4,1
2014554D42974,1,9,0,18,0,8,0,0,0,0,1,1,6,2,73,10,1598,1,1,6,2
2014554D42974,2,9,0,10,0,8,0,0,0,0,2,1,2,2,28,6,1679,1,16,7,3
2014554D42974,3,17,4,18,0,8,0,0,0,0,3,1,1,1,31,6,-1,2,1,5,2
2014554D42974,4,20,1,2,0,1,0,0,0,0,0,1,1,3,-1,-1,-1,-1,-1,-1,-1
2014554D42974,5,9,0,2,0,1,0,0,0,0,0,1,1,3,-1,-1,1686,2,1,-1,-1
2014554D43048,1,4,0,14,0,1,0,0,0,0,1,1,6,1,17,4,124,1,2,6,1
2014554D43048,2,9,0,9,0,2,0,0,0,0,1,1,6,2,56,9,998,1,15,7,1
2014554D43070,1,9,0,4,0,1,0,0,0,0,3,1,6,1,34,6,-1,-1,-1,1,1
2014554D43128,1,9,0,3,0,1,0,0,0,0,2,1,2,2,27,6,1198,1,11,8,2
2014554D43128,2,9,0,18,0,1,0,0,0,0,1,1,2,1,22,5,1272,1,21,9,1
2014554D43151,1,9,0,16,0,0,0,0,0,0,0,1,6,3,-1,-1,-1,-1,-1,-1,-1
2014554D43151,2,9,0,17,0,0,0,0,0,0,4,1,2,1,22,5,1149,1,12,9,2
2014554D43165,1,9,0,16,0,2,0,0,1,10,1,1,6,1,20,4,1390,1,11,5,1
2014554D43246,1,9,0,9,0,8,0,0,0,0,4,1,6,1,76,11,1386,1,2,8,3
2014554D43246,2,3,0,18,0,1,0,0,0,0,1,1,6,1,19,4,125,1,4,8,3
2014554D43264,1,9,0,18,0,0,0,0,1,1,1,1,6,2,23,5,1242,1,14,6,2
2014554D43352,1,1,0,18,0,8,1,0,1,4,1,1,6,1,75,10,-1,-1,-1,8,1
2014554D43404,1,9,0,18,0,0,0,0,0,0,4,1,2,2,31,6,1399,2,3,4,1
2014554D43404,2,1,0,18,0,0,0,0,0,0,3,1,4,1,15,3,-1,-1,-1,-1,-1
2014554D43406,1,9,0,18,0,1,0,0,0,0,1,1,6,1,33,6,1968,2,-1,-1,-1
2014554D43406,2,9,0,3,0,1,0,0,0,0,2,1,1,1,30,6,1995,2,1,7,3
2014554D43455,1,1,0,18,9,1,0,0,0,0,4,1,2,2,19,4,-1,-1,-1,4,2
2014554D43455,2,9,0,4,0,1,0,0,0,0,4,1,3,2,35,6,1242,1,4,8,2
2014554D43460,1,9,0,17,0,0,1,0,1,10,3,1,6,2,69,10,2435,1,13,9,1
2014554D43462,1,9,0,18,0,0,1,0,7,3,1,1,6,2,19,4,1796,7,10,10,2
2014554D43686,1,9,0,18,0,0,0,0,2,10,1,1,6,2,51,8,1299,1,12,6,3
2014554D43758,1,90,0,3,0,0,0,0,0,0,1,1,6,2,66,10,2198,2,2,5,1
2014554D43758,2,1,0,16,0,0,0,0,0,0,1,1,6,1,59,9,-1,-1,-1,8,3
2014554D43765,1,9,0,18,0,8,0,0,0,0,4,1,6,2,39,7,-1,-1,-1,8,1
2014554D43765,2,90,0,9,0,8,0,0,0,0,1,1,6,1,58,9,124,1,-1,2,1
2014554D43768,1,9,0,18,9,6,0,0,0,0,3,1,6,1,36,7,2191,2,1,10,1
2014554D43896,1,9,0,18,0,0,2,0,0,0,3,1,6,1,22,5,998,1,6,5,1
2014554D43905,1,9,0,18,0,0,0,0,0,0,1,1,6,1,43,7,1587,1,13,1,1
2014554D43935,1,9,0,18,0,0,0,0,0,0,1,1,6,1,21,5,1896,2,12,3,1
2014554D43935,2,9,0,18,0,0,0,0,0,0,3,1,6,1,44,7,2953,2,10,4,1
2014554D43935,3,9,0,18,0,0,0,0,0,0,1,1,6,2,67,10,1598,2,5,5,1
2014554D43969,1,9,0,18,0,0,0,0,0,0,1,1,6,2,21,5,998,1,3,1,1
2014554D43969,2,9,0,3,0,0,0,0,0,0,2,1,6,1,67,10,1998,2,8,5,3
2014554D43969,3,9,0,3,0,0,0,0,0,0,2,1,6,1,25,5,2000,2,4,7,3
2014554D43969,4,9,0,3,0,0,0,0,0,0,2,1,6,1,45,7,1968,2,6,5,3
2014554D43990,1,9,0,18,0,0,0,0,0,0,1,1,6,1,29,6,1590,1,10,2,1
2014554D43990,2,9,0,3,0,0,0,0,0,0,2,1,6,2,50,8,-1,-1,-1,-1,1
2014554D44007,1,9,0,18,0,4,0,0,0,0,1,1,6,2,48,8,1968,2,3,8,1
2014554D44007,2,1,0,18,0,8,0,0,0,0,2,1,6,1,25,5,-1,-1,-1,4,1
2014554D44128,1,9,0,7,0,5,0,0,0,0,4,1,3,1,70,10,1998,2,10,7,1
2014554D44128,2,9,0,18,0,1,0,0,0,0,1,1,3,2,41,7,1839,1,10,4,1
2014554D44169,1,1,0,18,0,0,0,0,0,0,3,1,6,1,40,7,-1,-1,-1,4,1
2014554D44169,2,9,0,18,0,0,0,0,0,0,1,1,6,3,-1,-1,-1,-1,-1,-1,-1
2014554D44193,1,9,0,18,0,0,0,0,0,0,1,1,6,1,21,5,999,1,15,3,1
2014554D44193,2,9,0,18,0,0,0,0,0,0,2,1,1,1,23,5,1560,2,4,6,1
2014554D44252,1,9,0,17,0,1,0,0,0,0,3,1,6,2,75,10,1997,1,17,8,3
2014554D44252,2,11,0,16,0,2,0,0,0,0,3,1,6,1,53,8,6370,2,11,5,2
2014554D44308,1,19,0,7,0,5,1,0,0,0,1,1,6,1,24,5,2198,2,4,3,1
2014554D44308,2,9,0,9,0,1,0,0,0,0,1,1,6,1,26,6,1968,2,9,2,3
2014554D44318,1,9,0,18,0,0,0,0,2,10,1,1,6,1,44,7,1679,1,14,5,2
2014554D44503,1,1,0,18,9,0,0,0,0,0,1,1,6,3,-1,-1,-1,-1,-1,-1,-1
2014554D44559,1,3,0,18,0,0,0,10,1,7,1,1,6,1,22,5,124,1,12,8,1
2014554D44575,1,1,0,4,0,4,0,0,0,0,1,1,6,2,51,8,-1,-1,-1,7,3
2014554D44575,2,9,0,18,0,4,0,0,0,0,1,1,6,3,-1,-1,-1,-1,-1,-1,-1
2014554D44658,1,5,0,18,0,0,1,0,0,0,1,1,6,1,65,9,499,1,20,7,2
2014554D44741,1,9,0,4,0,1,0,0,0,0,2,1,6,2,37,7,1248,2,1,5,2
2014554D44741,2,9,0,4,0,1,0,0,0,0,1,1,6,2,25,5,1598,1,13,5,2
2014554D44836,1,5,0,18,0,0,0,12,0,0,3,1,6,1,45,7,1052,1,25,8,1
2014554D44836,2,9,0,18,0,0,0,0,0,0,4,1,6,1,54,8,1997,1,14,7,3
2014554D44963,1,9,0,4,0,0,0,0,0,0,2,1,2,1,46,8,1364,1,4,10,1
2014554D44963,2,4,0,4,0,0,0,0,0,0,1,1,6,1,55,8,223,1,-1,6,1
2014554D45018,1,9,0,18,0,0,0,0,0,0,1,1,6,1,31,6,-1,-1,-1,9,1
2014554D45018,2,9,0,2,0,0,0,0,0,0,2,1,6,2,55,8,1968,2,-1,8,3
2014554D45029,1,1,0,18,0,0,0,4,0,0,1,1,6,1,17,4,-1,-1,-1,9,2
2014554D45029,2,9,0,2,0,0,0,0,0,0,2,1,6,3,-1,-1,1997,2,12,-1,-1
2014554D45051,1,9,0,5,0,4,0,0,0,0,2,1,6,2,28,6,1598,1,13,10,1
2014554D45051,2,9,0,5,0,4,0,0,0,0,1,1,6,1,78,11,1998,2,8,7,1
2014554D45069,1,9,0,2,6,0,0,0,0,0,3,1,6,2,42,7,1598,1,11,8,1
2014554D45069,2,21,1,18,0,0,1,4,0,0,1,2,1,1,39,7,-1,-1,-1,-1,-1
2014554D45074,1,9,0,11,0,1,0,0,0,0,1,1,6,2,84,11,1497,8,1,10,1
2014554D45074,2,9,0,4,0,1,0,0,0,0,4,1,6,1,72,10,2295,1,17,10,1
2014554D45087,1,19,0,18,0,8,0,0,0,0,1,1,6,1,37,7,2100,1,26,7,3
2014554D45087,2,9,0,4,0,8,0,0,0,0,2,1,6,2,42,7,1299,1,12,5,1
2014554D45087,3,90,0,18,0,1,0,0,0,0,0,1,6,3,-1,-1,-1,-1,-1,-1,-1
2014554D45095,1,9,0,7,0,2,0,0,0,0,4,1,1,2,62,9,1240,1,10,5,3
2014554D45102,1,9,0,4,0,1,1,0,0,0,1,1,6,1,79,11,1596,1,13,10,1
2014554D45102,2,5,0,3,0,1,0,0,0,0,2,1,6,1,54,8,998,1,7,4,1
2014554D45122,1,9,0,17,0,0,0,0,0,0,1,1,6,1,21,5,1149,1,16,5,3
2014554D45122,2,9,0,18,0,0,0,0,7,10,1,1,6,1,33,6,1198,1,11,3,1
2014554D45172,1,9,0,3,0,2,0,0,0,0,2,1,2,2,52,8,1999,1,5,6,1
2014554D45172,2,9,0,18,0,2,0,0,0,0,1,1,2,1,34,6,1900,2,10,7,3
2014554D45185,1,9,4,18,0,0,0,0,0,0,3,1,6,1,48,8,2402,2,7,5,3
2014554D45185,2,9,0,18,0,0,0,0,0,0,3,1,6,1,71,10,-1,-1,-1,5,1
2014554D45186,1,9,0,18,0,0,0,0,0,0,1,1,1,1,70,10,-1,-1,-1,9,1
2014554D45186,2,9,0,4,0,0,0,0,0,0,2,1,6,1,41,7,1769,1,12,4,1
2014554D45239,1,9,0,4,0,4,0,0,0,0,1,1,1,2,58,9,998,1,6,10,1
2014554D45239,2,1,0,18,0,3,0,0,0,0,4,1,6,1,53,8,-1,-1,-1,4,1
2014554D45257,1,2,0,16,0,0,0,0,0,0,0,1,2,1,17,4,49,1,10,-1,3
2014554D45284,1,9,0,18,0,0,0,0,0,0,1,1,6,2,17,4,1149,1,10,3,1
2014554D45284,2,9,0,4,0,0,0,0,0,0,2,1,6,2,46,8,1995,1,11,9,1
2014554D45355,1,9,0,13,0,0,0,0,0,0,1,1,6,1,57,9,1586,1,-1,6,3
2014554D45355,2,1,0,18,0,0,0,0,0,0,0,1,6,1,18,4,-1,-1,-1,8,3
2014554D45355,3,9,0,18,0,0,0,0,0,0,1,1,6,1,41,7,1600,1,11,6,3
2014554D45391,1,9,0,5,0,2,0,0,0,0,4,1,6,2,63,9,1797,8,-1,5,2
2014554D45561,1,9,0,18,0,1,0,0,0,0,1,1,2,1,55,8,999,1,13,5,2
2014554D45561,2,9,0,2,0,1,0,0,0,0,2,1,6,3,-1,-1,1399,1,6,-1,-1
2014554D45561,3,9,0,2,0,1,0,0,0,0,2,1,6,3,-1,-1,1586,1,-1,-1,-1
2014554D45649,1,9,0,7,0,5,0,0,0,0,4,1,6,2,20,4,1124,1,15,5,1
2014554D45649,2,1,0,18,0,1,0,0,0,0,1,1,6,1,43,7,-1,-1,-1,1,1
2014554D45706,1,9,0,16,0,8,0,0,0,0,2,1,6,1,59,9,1598,1,-1,2,1
2014554D45706,2,9,0,16,0,8,0,0,0,0,1,1,6,2,22,5,998,1,1,7,1
2014554D45712,1,5,0,18,0,1,0,0,1,9,0,1,6,1,26,6,599,1,19,-1,-1
2014554D45712,2,90,0,7,0,1,0,0,0,0,0,1,6,1,23,5,-1,-1,-1,7,3
2014554D45754,1,5,0,4,0,0,1,0,0,0,1,1,6,1,39,7,1299,1,10,6,1
2014554D45754,2,20,0,4,0,0,0,0,0,0,2,1,6,1,32,6,-1,-1,-1,-1,1
2014554D45754,3,19,0,18,0,0,0,0,0,0,1,1,1,1,55,8,1753,2,6,2,1
2014554D45783,1,9,0,9,0,6,0,0,0,0,1,1,6,1,66,10,2688,2,11,7,1
2014554D45783,2,2,0,18,0,8,0,0,0,0,4,1,6,1,33,6,49,1,9,5,2
2014554D45825,1,19,0,18,0,0,0,0,5,6,1,1,6,1,27,6,2151,2,11,-1,1
2014554D45849,1,9,0,18,0,8,0,0,0,0,1,1,6,2,33,6,2179,2,12,-1,-1
2014554D45849,2,9,0,5,0,8,0,0,0,0,2,1,6,2,40,7,1364,1,-1,4,1
2014554D45856,1,9,0,18,0,0,0,0,0,0,4,1,6,2,84,11,1493,1,16,6,1
2014554D45863,1,5,0,5,0,8,0,0,0,0,3,1,2,1,53,8,652,1,11,-1,3
2014554D45863,2,19,0,5,0,8,0,0,0,0,4,1,2,1,45,7,2198,2,7,6,3
2014554D45901,1,9,0,4,0,0,0,0,0,0,1,1,2,2,19,4,1762,1,17,4,1
2014554D45901,2,9,0,4,0,0,0,0,0,0,2,1,2,1,45,7,1685,2,1,5,1
2014554D45911,1,9,0,4,0,0,0,0,0,0,1,1,6,1,17,4,1124,1,9,6,3
2014554D45911,2,9,0,4,0,0,0,0,0,0,2,1,6,2,17,4,973,1,11,4,1
2014554D45911,3,19,0,4,0,0,0,0,0,0,2,1,2,1,35,6,2500,2,6,6,1
2014554D45956,1,9,0,18,0,8,0,0,0,0,1,1,2,1,48,8,1968,2,7,2,1
2014554D45988,1,9,0,18,0,0,0,0,0,0,1,1,6,2,17,4,1199,1,14,4,3
2014554D45988,2,9,0,4,0,0,0,0,0,0,2,1,6,1,52,8,4921,2,9,6,1
2014554D46007,1,9,0,18,0,2,5,10,7,10,1,1,6,2,65,9,-1,-1,-1,8,2
2014554D46007,2,9,0,2,0,2,0,0,0,0,1,1,6,3,-1,-1,1560,2,-1,-1,-1
2014554D46021,1,9,0,5,5,6,0,0,0,0,0,1,6,2,36,7,999,1,13,5,2
2014554D46021,2,9,0,18,0,1,0,0,0,0,1,1,6,1,36,7,-1,-1,-1,6,1
2014554D46021,3,9,0,18,0,1,0,0,0,0,1,1,6,2,48,8,2993,2,3,7,3
2014554D46073,1,9,0,11,0,1,5,0,1,10,1,1,6,1,59,9,1598,1,11,7,1
2014554D46078,1,1,0,18,0,8,0,0,0,0,4,1,2,1,56,9,-1,-1,-1,5,1
2014554D46078,2,9,0,5,0,4,0,0,0,0,1,1,3,2,40,7,999,1,4,9,1
2014554D46321,1,19,0,18,9,0,0,10,1,2,1,1,1,2,48,8,1248,2,6,7,1
2014554D46416,1,9,0,5,0,1,0,0,0,0,1,1,6,2,59,9,1796,1,10,3,1
2014554D46578,1,9,0,12,0,0,0,0,0,0,0,1,6,3,-1,-1,-1,-1,-1,-1,-1
2014554D46578,2,9,0,18,0,0,2,0,4,6,1,1,6,2,24,5,1560,2,6,7,1
2014554D46690,1,9,0,18,0,1,0,0,0,0,1,1,6,2,86,11,1498,1,-1,9,2
2014554D46690,2,19,0,1,0,5,0,0,0,0,3,1,1,1,44,7,2143,2,5,10,2
2014554D46699,1,9,0,18,0,1,0,0,0,0,1,1,6,1,81,11,1998,1,4,7,1
2014554D46699,2,9,0,3,0,1,0,0,0,0,2,1,1,2,61,9,1298,1,17,8,1
2014554D46905,1,9,0,9,0,8,0,0,0,0,4,1,6,1,69,10,1968,2,-1,5,3
2014554D46905,2,9,0,18,0,1,0,0,0,0,1,1,2,1,61,9,-1,-1,-1,8,1
2014554D46905,3,17,4,4,0,1,0,0,0,0,1,1,2,1,45,7,6600,2,22,7,3
2014554D47072,1,9,0,9,0,5,0,0,0,0,1,1,6,2,34,6,1781,1,16,9,1
2014554D47122,1,9,0,18,0,1,0,0,0,0,1,1,2,1,61,9,1781,1,11,10,1
2014554D47122,2,9,0,10,0,1,0,0,0,0,4,1,6,2,24,5,2496,2,9,9,1
2014554D47135,1,1,0,7,0,5,1,0,0,0,1,1,6,1,45,7,-1,-1,-1,2,1
2014554D47135,2,9,0,8,0,6,0,0,0,0,1,1,6,2,24,5,1242,1,4,2,1
2014554D47183,1,9,0,9,0,8,0,0,0,0,2,1,6,1,55,8,1910,2,8,6,3
2014554D47183,2,9,0,3,0,1,0,0,0,0,2,1,6,1,25,5,1461,2,6,10,1
2014554D47183,3,9,0,18,0,1,0,0,0,0,1,1,2,1,32,6,1868,2,14,-1,2
2014554D47472,1,9,0,4,0,2,0,0,0,0,1,1,6,1,26,6,1984,1,13,6,1
2014554D47472,2,9,0,4,0,2,0,0,0,0,2,1,1,1,48,8,1560,2,-1,7,3
2014554D47472,3,9,0,4,0,2,0,0,0,0,2,1,6,2,46,8,1398,2,9,7,1
2014554D47479,1,19,0,18,0,0,0,0,0,0,1,1,1,1,43,7,2800,2,9,4,1
2014554D47479,2,20,0,4,0,0,0,0,0,0,2,1,1,1,27,6,2198,2,1,1,1
2014554D47487,1,9,0,18,0,0,0,0,0,0,1,1,6,1,65,9,1991,2,6,10,1
2014554D47487,2,9,0,18,0,0,0,0,0,0,1,1,6,1,44,7,1124,1,11,8,3
2014554D47488,1,19,0,18,0,1,0,0,0,0,1,1,6,1,-1,-1,-1,-1,-1,-1,-1
2014554D47488,2,9,0,10,0,1,0,0,0,0,2,1,6,2,73,10,999,1,7,4,1
2014554D47521,1,9,0,4,0,0,0,0,1,10,2,1,6,1,31,6,1799,1,7,5,1
2014554D47521,2,9,0,18,0,0,0,0,0,0,1,1,6,1,28,6,1910,2,7,6,1
2014554D47671,1,9,0,13,0,0,1,0,1,2,1,1,6,2,34,6,1587,1,15,9,2
2014554D47671,2,9,0,18,0,0,0,0,0,0,0,1,6,2,60,9,-1,-1,-1,9,2
2014554D47671,3,9,0,18,0,0,0,0,0,0,0,1,6,2,25,5,1560,2,6,8,2
2014554D47671,4,9,0,18,0,0,0,0,0,0,0,1,6,1,21,5,1895,1,14,6,2
2014554D47702,1,9,0,17,0,1,1,0,0,0,1,1,6,2,18,4,998,1,6,8,1
2014554D47702,2,9,0,17,0,2,0,0,0,0,1,1,1,1,30,6,-1,-1,-1,8,2
2014554D47768,1,9,0,16,0,3,0,0,0,0,3,1,6,2,35,6,1761,1,13,4,1
2014554D47849,1,9,0,18,0,8,0,0,0,0,1,1,4,1,18,4,1299,1,13,6,3
2014554D47849,2,9,0,9,0,6,0,0,0,0,3,1,6,2,42,7,1242,1,6,5,3
2014554D47864,1,9,0,18,0,0,5,10,1,10,1,1,6,2,23,5,1242,1,14,9,1
2014554D47883,1,9,0,3,0,0,0,0,0,0,2,1,6,1,76,11,1968,2,4,6,3
2014554D47883,2,9,0,3,0,0,0,0,0,0,2,1,6,2,41,7,1199,2,2,5,1
2014554D47883,3,9,0,18,0,0,0,0,0,0,1,1,6,2,18,4,1299,1,11,5,2
2014554D48187,1,9,0,16,0,0,2,0,1,3,1,1,6,1,59,9,1988,1,11,1,1
2014554D48238,1,9,0,18,0,0,0,0,0,0,1,1,6,2,66,10,1995,2,10,6,1
2014554D48306,1,9,0,9,0,6,0,0,0,0,3,1,2,1,47,8,1896,2,9,-1,3
2014554D48306,2,9,0,18,0,8,0,0,0,0,1,1,2,2,55,8,1598,1,3,6,3
2014554D48317,1,5,0,4,0,0,1,0,0,0,1,1,2,1,41,7,645,1,3,7,1
2014554D48445,1,9,0,18,0,0,0,0,0,0,1,1,6,1,47,8,1995,2,2,10,1
2014554D48771,1,9,0,16,0,0,0,0,0,0,1,1,6,1,68,10,-1,-1,-1,7,1
2014554D48771,2,9,0,17,0,0,0,0,0,0,3,1,6,1,51,8,4367,2,3,10,1
2014554D48771,3,9,0,18,0,0,0,0,0,0,1,1,6,1,31,6,1997,2,6,4,1
2014554D48932,1,9,0,18,0,0,0,0,0,0,4,1,6,1,20,4,1360,1,17,-1,2
2014554D48932,2,1,0,18,0,0,0,0,0,0,3,1,6,2,40,7,-1,-1,-1,5,2
2014554D48960,1,19,0,18,0,0,0,0,0,0,1,1,1,1,26,6,1399,2,4,7,3
2014554D48960,2,9,0,4,0,0,0,0,0,0,2,1,6,2,46,8,998,1,-1,-1,-1
2014554D48960,3,19,0,4,0,0,0,0,0,0,2,1,1,2,32,6,1499,2,-1,5,1
2014554D48960,4,19,0,4,0,0,0,0,0,0,2,1,1,1,19,4,1399,2,3,5,1
2014554D49048,1,19,0,16,0,0,1,0,0,0,1,1,6,1,66,10,2148,2,9,7,3
2014554D49048,2,9,0,18,0,0,0,0,1,10,1,1,6,2,28,6,1997,2,14,5,3
2014554D49087,1,9,0,18,0,0,0,12,0,0,1,1,6,1,30,6,1598,1,6,2,1
2014554D49107,1,9,0,4,0,0,1,0,0,0,1,1,6,2,59,9,1199,1,12,2,1
2014554D49107,2,9,0,3,0,0,0,0,0,0,2,1,6,1,65,9,1598,1,2,9,1
2014554D49185,1,9,0,18,0,0,0,0,0,0,1,1,6,2,27,6,1997,2,-1,4,3
2014554D49212,1,2,0,18,0,8,0,0,0,0,1,1,6,1,16,4,49,1,13,6,1
2014554D49212,2,9,0,9,0,8,0,0,0,0,3,1,6,2,55,8,998,1,2,4,1
2014554D49265,1,9,0,18,0,0,1,0,1,4,3,1,6,1,21,5,2993,2,11,-1,-1
2014554D49552,1,9,0,18,0,1,0,0,0,0,0,1,6,3,-1,-1,-1,-1,-1,-1,-1
2014554D49559,1,9,0,18,0,0,0,0,1,10,1,1,6,1,20,4,1124,1,14,6,1
2014554D49667,1,9,0,16,0,0,0,0,0,0,1,1,6,2,75,10,1560,2,9,7,3
2014554D49667,2,1,0,16,0,0,0,0,0,0,2,1,6,1,55,8,-1,-1,-1,6,1
2014554D49671,1,19,0,18,0,8,0,0,0,0,1,1,6,1,26,6,2198,2,5,2,1
2014554D49671,2,9,0,18,0,8,0,0,0,0,1,1,6,1,54,8,1590,1,12,5,1
2014554D49754,1,9,0,17,0,8,0,0,0,0,4,1,6,1,40,7,2204,2,6,5,2
2014554D49754,2,9,0,16,0,8,0,0,0,0,4,1,6,1,44,7,1753,2,14,7,3
2014554D49763,1,9,0,18,0,1,0,0,0,0,1,1,6,1,27,6,1587,1,13,10,3
2014554D49763,2,9,0,4,0,1,0,0,0,0,2,1,6,2,19,4,1400,1,14,4,1
2014554D49794,1,9,0,18,0,0,0,0,0,0,3,1,6,1,40,7,1596,1,6,5,3
2014554D49794,2,9,0,18,0,0,0,0,0,0,4,1,6,3,28,6,2926,2,11,5,2
2014554D49839,1,9,0,17,0,0,5,0,7,10,1,1,6,1,18,4,1229,1,1,-1,-1
2014554D49932,1,9,0,9,0,8,0,0,0,0,1,1,6,1,59,9,2148,2,8,9,2
2014554D49932,2,9,0,18,0,8,0,0,0,0,3,1,6,1,71,10,2835,2,19,10,2
2014554D50162,1,9,0,18,0,0,0,0,0,0,1,1,6,2,40,7,1896,2,14,10,1
2014554D50162,2,9,0,3,0,0,0,0,0,0,2,1,6,2,33,6,2324,1,12,8,1
2014554D50162,3,9,0,3,0,0,0,0,0,0,2,1,6,1,51,8,1397,1,11,5,1
2014554D50162,4,9,0,3,0,0,0,0,0,0,2,1,6,1,44,7,-1,-1,-1,10,1
2014554D50170,1,9,0,3,0,8,0,0,0,0,1,1,1,1,67,10,2143,2,3,10,2
2014554D50170,2,9,0,18,0,8,0,0,0,0,3,1,6,1,49,8,-1,-1,-1,6,1
2014554D50292,1,19,0,18,0,0,0,0,0,0,4,1,6,3,-1,-1,-1,-1,-1,-1,-1
2014554D50292,2,1,0,18,0,0,0,0,0,0,3,1,2,1,41,7,-1,-1,-1,7,1
2014554D50299,1,9,0,18,0,4,0,0,0,0,0,1,6,1,24,5,2171,2,14,6,1
2014554D50299,2,9,0,18,0,4,0,0,0,0,0,1,6,3,-1,-1,998,1,13,-1,-1
2014554D50361,1,5,0,14,0,0,0,4,0,0,1,1,2,1,40,7,599,1,11,5,2
2014554D50361,2,90,0,2,0,0,0,0,0,0,2,1,1,3,-1,-1,6692,2,2,-1,-1
2014554D50402,1,17,0,9,0,8,0,0,0,0,3,1,1,1,21,5,-1,2,20,-1,-1
2014554D50402,2,9,0,13,0,1,0,0,3,0,4,1,6,1,64,9,1595,1,6,8,3
2014554D50488,1,9,0,13,0,0,0,0,0,0,0,1,6,3,-1,-1,-1,-1,-1,-1,-1
2014554D50488,2,9,0,18,0,0,1,0,1,10,3,1,2,1,28,6,-1,-1,-1,5,2
2014554D50488,3,9,0,18,0,0,1,0,0,0,1,1,2,1,33,6,-1,-1,-1,9,3
2014554D50488,4,9,0,18,0,0,1,0,1,10,1,1,2,1,39,7,1998,1,11,10,1
2014554D50573,1,19,0,5,0,4,0,0,0,0,3,1,6,1,43,7,2299,2,3,4,1
2014554D50573,2,1,0,18,0,8,0,0,0,0,1,1,6,1,22,5,-1,-1,-1,7,3
2014554D50589,1,9,0,16,0,0,0,0,0,0,1,1,1,1,51,8,1995,2,2,-1,-1
2014554D50589,2,9,0,17,0,0,0,0,0,0,1,1,6,1,58,9,-1,-1,-1,6,1
2014554D50627,1,9,0,18,0,8,0,0,0,0,1,1,6,2,47,8,1332,1,7,10,1
2014554D50627,2,9,0,18,0,8,0,0,0,0,4,1,6,2,32,6,1598,1,10,7,1
2014554D50646,1,9,0,9,0,6,0,0,0,0,3,1,6,1,32,6,1998,2,11,10,1
2014554D50646,2,3,0,18,0,1,1,0,0,0,1,1,2,1,22,5,125,1,5,8,1
2014554D50662,1,9,0,9,0,5,0,0,1,1,3,1,2,1,48,8,2198,2,9,7,1
2014554D50662,2,9,0,18,0,1,0,0,0,0,1,1,2,1,22,5,1124,1,15,3,1
2014554D50704,1,5,0,13,0,8,0,0,0,0,4,1,6,1,45,7,999,1,2,1,2
2014554D50704,2,19,0,9,0,6,0,0,0,0,1,1,1,1,32,6,2148,2,5,7,1
2014554D50737,1,9,0,5,0,0,0,0,0,0,1,1,6,2,65,9,1124,1,12,5,1
2014554D50737,2,3,0,18,0,0,0,0,0,0,1,1,6,1,27,6,124,1,1,2,1
2014554D50760,1,9,0,9,0,5,0,0,0,0,1,1,6,2,45,7,1753,2,13,6,3
2014554D50760,2,5,0,18,0,8,0,0,0,0,3,1,6,1,22,5,-1,-1,-1,6,2
2014554D50786,1,9,0,18,0,0,0,0,0,0,3,1,6,1,75,10,1997,2,6,6,2
2014554D50786,2,20,0,18,0,0,0,0,0,0,3,1,6,1,35,6,3920,2,1,1,1
2014554D50852,1,9,0,18,0,1,0,0,0,0,1,1,6,2,76,11,2231,2,8,8,3
2014554D50853,1,9,0,9,0,8,0,0,0,0,4,1,6,1,41,7,1796,1,7,4,1
2014554D50853,2,1,0,18,0,8,0,0,0,0,1,1,6,1,46,8,-1,-1,-1,6,1
2014554D50878,1,9,0,18,0,0,0,0,0,0,4,1,6,3,-1,-1,-1,-1,-1,-1,-1
2014554D50887,1,9,0,5,0,6,0,0,0,0,0,1,6,3,-1,-1,-1,-1,-1,-1,-1
2014554D50887,2,9,0,18,0,1,0,0,0,0,2,1,6,2,62,9,1360,1,3,6,3
2014554D50887,3,9,0,18,0,1,0,0,0,0,1,1,6,2,29,6,999,1,1,9,1
2014554D51004,1,5,0,18,0,1,0,0,0,0,3,1,2,1,51,8,1043,1,1,4,1
2014554D51004,2,9,0,3,0,1,0,0,0,0,4,1,2,1,23,5,1995,2,6,7,1
2014554D51122,1,9,0,4,0,1,0,0,0,0,2,1,6,1,73,10,1596,1,5,-1,2
2014554D51122,2,11,0,18,0,1,1,0,0,0,1,1,1,2,50,8,6370,2,11,7,2
2014554D51151,1,9,0,4,0,0,0,0,0,0,2,1,6,2,53,8,1398,1,1,3,1
2014554D51151,2,9,0,18,0,0,0,0,0,0,1,1,6,1,18,4,1598,1,11,8,1