Accident_Index,Vehicle_Reference,Vehicle_Type,Towing_and_Articulation,Vehicle_Manoeuvre,Vehicle_Location-Restricted_Lane,Junction_Location,Skidding_and_Overturning,Hit_Object_in_Carriageway,Vehicle_Leaving_Carriageway,Hit_Object_off_Carriageway,1st_Point_of_Impact,Was_Vehicle_Left_Hand_Drive?,Journey_Purpose_of_Driver,Sex_of_Driver,Age_of_Driver,Age_Band_of_Driver,Engine_Capacity_(CC),Propulsion_Code,Age_of_Vehicle,Driver_IMD_Decile,Driver_Home_Area_Type
2014554D51193,1,9,0,5,0,8,0,0,0,0,1,1,6,1,66,10,-1,-1,-1,-1,-1
2014554D51193,2,1,0,18,0,1,0,0,0,0,4,1,6,1,38,7,-1,-1,-1,7,1
2014554D51259,1,9,0,18,0,0,0,0,0,0,4,1,6,2,66,10,1796,1,16,7,3
2014554D51359,1,9,0,10,0,8,0,0,0,0,2,1,6,2,47,8,1598,2,2,6,3
2014554D51359,2,9,0,18,0,8,0,0,0,0,1,1,6,1,31,6,1994,1,14,5,2
2014554D51402,1,5,0,17,0,0,2,10,0,10,4,1,2,1,53,8,1043,1,1,5,2
2014554D51541,1,9,0,17,0,0,1,0,1,4,4,1,6,1,21,5,1997,1,11,6,3
2014554D51608,1,9,0,18,0,0,0,0,0,0,1,1,6,3,-1,-1,-1,-1,-1,-1,-1
2014554D51608,2,9,0,3,0,0,0,0,0,0,2,1,6,2,18,4,1275,1,21,5,3
2014554D51608,3,9,0,3,0,0,0,0,0,0,2,1,6,2,54,8,1198,1,9,7,2
2014554D51721,1,9,0,18,0,0,2,11,1,4,1,1,6,1,31,6,1997,1,8,8,1
2014554D51789,1,9,0,18,0,0,0,0,0,0,3,1,6,1,19,4,1149,1,14,6,2
2014554D51789,2,9,0,18,0,0,0,0,0,0,3,1,1,1,46,8,2967,2,8,9,1
2014554D51789,3,9,0,18,0,0,0,0,0,0,1,1,1,1,25,5,1332,1,7,3,1
2014554D51820,1,9,0,18,0,1,0,0,0,0,1,1,6,1,63,9,1560,2,8,3,1
2014554D51820,2,9,0,3,0,1,0,0,0,0,2,1,6,1,64,9,1998,1,10,9,1
2014554D51902,1,1,0,18,0,0,0,0,0,0,1,1,2,1,17,4,-1,-1,-1,7,1
2014554D51902,2,21,0,2,0,0,0,0,0,0,3,1,6,1,36,7,4461,2,6,5,1
2014554D51945,1,8,0,18,0,1,0,0,0,0,1,1,6,1,23,5,1753,2,5,2,1
2014554D51945,2,9,0,3,0,1,0,0,0,0,2,1,6,2,69,10,999,1,6,7,2
2014554D52035,1,9,0,18,0,0,1,0,0,0,1,1,6,1,31,6,1686,2,13,8,3
2014554D52035,2,9,0,2,0,0,0,0,0,0,2,1,6,1,46,8,1997,2,9,3,1
2014554D52120,1,9,0,17,0,0,2,0,7,10,1,1,6,1,45,7,1998,1,11,7,3
2014554D52122,1,9,0,18,0,0,1,10,1,5,2,1,6,2,20,4,1997,2,14,5,1
2014554D52147,1,19,0,18,0,4,0,0,0,0,1,1,6,3,-1,-1,-1,-1,-1,-1,-1
2014554D52147,2,9,0,18,0,8,1,0,0,0,4,1,1,1,24,5,1149,1,11,5,2
2014554D52220,1,2,0,17,0,0,1,0,0,0,0,1,6,1,19,4,49,1,2,7,2
2014554D52282,1,9,0,17,0,0,0,0,1,4,1,1,6,1,40,7,1896,2,9,8,1
2014554D52302,1,9,0,18,0,1,0,4,0,0,1,1,6,1,84,11,1598,1,14,7,1
2014554D52302,2,19,0,2,0,1,0,0,0,0,2,1,1,1,55,8,2148,2,6,10,1
2014554D52322,1,19,0,9,0,8,0,0,0,0,1,1,1,1,60,9,2402,2,14,4,1
2014554D52322,2,9,0,17,0,8,0,0,0,0,1,1,6,2,35,6,1248,2,3,7,2
2014554D52365,1,19,0,18,0,8,0,0,0,0,1,1,6,1,63,9,1560,2,2,5,3
2014554D52365,2,9,0,3,0,8,0,0,0,0,2,1,6,1,26,6,1595,1,25,8,1
2014554D52387,1,9,0,18,0,8,0,0,0,0,1,1,6,1,57,9,2979,1,13,3,1
2014554D52387,2,9,0,18,0,8,0,0,0,0,4,1,6,1,66,10,1986,2,8,5,1
2014554D52415,1,9,0,4,0,0,0,0,0,0,2,1,6,2,21,5,1598,1,12,4,2
2014554D52415,2,19,0,4,0,0,0,0,0,0,1,1,6,1,23,5,1998,2,13,7,2
2014554D52659,1,21,0,11,0,0,0,0,0,0,4,1,1,1,55,8,12900,2,3,6,1
2014554D52659,2,9,0,18,0,0,0,0,0,0,3,1,6,2,57,9,1560,2,9,5,1
2014554D52697,1,3,0,7,0,2,1,0,0,0,0,1,6,1,27,6,125,1,2,1,1
2014554D52698,1,9,0,18,0,1,0,0,0,0,3,1,6,2,81,11,1396,1,1,10,1
2014554D52698,2,9,0,18,0,2,0,0,0,0,3,1,6,2,76,11,1242,1,17,6,1
2014554D52698,3,9,0,3,0,1,0,0,0,0,3,1,6,2,57,9,1242,1,1,10,1
2014554D52802,1,9,0,3,0,3,0,0,0,0,2,1,1,1,22,5,-1,-1,-1,9,1
2014554D52802,2,9,0,18,0,3,0,0,0,0,1,1,1,2,45,7,1560,2,6,7,1
2014554D52864,1,9,0,17,0,0,0,0,0,0,1,1,3,2,38,7,-1,-1,-1,5,3
2014554D52864,2,1,0,18,0,0,0,0,0,0,3,1,6,1,62,9,-1,-1,-1,5,3
2014554D52875,1,19,0,18,0,8,0,0,0,0,1,1,6,1,80,11,2198,2,3,4,2
2014554D52875,2,5,0,18,0,3,0,0,0,0,2,1,6,1,67,10,955,1,8,5,1
2014554D52965,1,9,0,18,0,0,0,0,0,0,4,1,6,3,-1,-1,-1,-1,-1,-1,-1
2014554D52965,2,1,0,18,9,0,0,0,0,0,4,1,6,2,31,6,-1,-1,-1,1,1
2014554D53158,1,9,0,17,0,0,5,0,1,0,4,1,6,1,30,6,1398,2,9,6,1
2014554D53179,1,9,0,7,0,8,0,0,0,0,4,1,6,1,40,7,1997,1,6,5,2
2014554D53232,1,9,0,18,0,0,2,0,0,0,0,1,6,2,28,6,1753,2,14,6,1
2014554D53251,1,8,0,18,0,0,0,0,0,0,0,1,1,1,54,8,1997,2,7,6,3
2014554D53257,1,9,0,18,0,0,5,0,1,4,1,1,2,1,30,6,1975,1,12,2,1
2014554D53370,1,9,0,17,0,0,0,0,0,0,4,1,2,1,58,9,1910,2,7,7,1
2014554D53377,1,9,0,18,0,8,0,0,0,0,1,1,6,1,41,7,1781,1,13,2,1
2014554D53377,2,9,0,3,0,8,0,0,0,0,2,1,6,1,58,9,1368,1,3,10,1
2014554D53524,1,9,0,18,0,0,0,0,0,0,1,1,6,2,41,7,1968,2,5,10,1
2014554D53524,2,9,0,4,0,0,0,0,0,0,3,1,6,1,26,6,2204,2,8,10,1
2014554D53547,1,9,0,4,0,1,0,0,0,0,2,1,6,2,19,4,1398,1,3,6,1
2014554D53547,2,9,0,3,0,1,0,0,0,0,2,1,6,1,26,6,1910,2,8,-1,-1
2014554D53547,3,9,0,4,0,1,0,0,0,0,1,1,6,1,61,9,1360,1,10,5,1
2014554D53561,1,9,0,18,0,0,1,4,0,0,1,1,6,2,24,5,1589,1,16,7,2
2014554D53561,2,9,0,2,0,0,0,0,0,0,2,1,6,2,51,8,2401,2,10,-1,-1
2014554D53599,1,9,0,18,0,0,0,0,0,0,4,1,6,3,-1,-1,-1,-1,-1,-1,-1
2014554D53600,1,9,0,5,0,8,0,0,0,0,1,1,6,1,44,7,1598,1,13,3,1
2014554D53600,2,1,0,9,0,8,0,0,0,0,3,1,6,1,33,6,-1,-1,-1,-1,-1
2014554D53661,1,9,0,1,0,0,0,0,0,0,2,1,6,1,81,11,1108,1,4,7,1
2014554D53666,1,9,0,17,0,0,5,0,7,10,1,1,6,1,78,11,1598,1,10,6,3
2014554D53785,1,9,0,9,0,8,0,0,0,0,1,1,6,2,47,8,1900,2,15,5,3
2014554D53785,2,9,0,18,0,8,0,0,0,0,1,1,6,1,77,11,1596,1,8,9,3
2014554D53861,1,5,0,18,0,0,1,0,0,0,4,1,6,1,47,8,649,1,13,3,1
2014554D53879,1,9,0,18,0,0,0,0,7,10,1,1,6,1,24,5,1895,1,16,-1,-1
2014554D53915,1,9,0,3,0,1,0,0,0,0,2,1,6,1,61,9,1973,1,13,9,1
2014554D53915,2,9,0,4,0,1,0,0,0,0,2,1,6,2,23,5,1388,1,12,-1,-1
2014554D53915,3,9,0,18,0,1,0,0,0,0,1,1,6,1,45,7,1360,7,7,3,1
2014554D53948,1,9,0,18,0,1,0,0,0,0,1,1,6,1,32,6,1900,2,16,6,1
2014554D53948,2,9,0,4,0,1,0,0,0,0,2,1,6,1,67,10,1998,1,14,5,3
2014554D53948,3,9,0,4,0,1,0,0,0,0,2,1,6,2,63,9,1229,1,2,4,1
2014554D54115,1,9,0,10,0,8,0,0,0,0,2,1,6,2,44,7,2982,2,-1,8,3
2014554D54115,2,9,0,4,0,8,0,0,0,0,1,1,6,1,49,8,2494,1,16,5,2
2014554D54115,3,9,0,4,0,1,0,0,0,0,1,1,6,2,40,7,1997,2,15,-1,2
2014554D54206,1,9,0,9,0,5,0,0,0,0,1,1,6,1,27,6,1686,2,13,6,1
2014554D54206,2,9,0,18,0,1,0,0,0,0,1,1,1,1,64,9,998,1,8,4,1
2014554D54244,1,9,0,18,0,3,0,10,1,10,1,1,6,2,78,11,1275,1,17,2,1
2014554D54244,2,9,0,18,0,7,0,0,1,10,3,1,6,1,28,6,1796,1,16,3,1
2014554D54272,1,9,0,18,0,0,1,0,0,0,1,1,6,2,65,9,1360,1,12,6,3
2014554D54272,2,9,0,18,0,0,0,0,0,0,1,1,6,1,36,7,1598,1,8,6,3
2014554D54291,1,9,0,16,0,0,1,0,1,10,1,1,6,2,24,5,1149,1,13,10,1
2014554D54311,1,1,0,18,5,0,0,0,0,0,1,1,6,1,16,4,-1,-1,-1,5,1
2014554D54311,2,1,0,18,5,0,0,0,0,0,1,1,6,1,19,4,-1,-1,-1,5,2
2014554D54328,1,9,0,18,0,0,0,0,0,0,1,1,6,2,53,8,1948,1,16,10,1
2014554D54370,1,9,0,17,0,0,1,0,1,10,1,1,6,1,47,8,1396,1,18,6,1
2014554D54376,1,9,0,16,0,0,1,0,1,3,1,1,2,2,58,9,1586,1,11,9,1
2014554D54389,1,9,0,5,0,8,0,0,0,0,1,1,6,1,74,10,1783,1,13,5,3
2014554D54389,2,9,0,18,0,1,0,0,0,0,4,1,1,2,47,8,1968,2,6,8,1
2014554X19195,1,9,0,10,0,8,0,0,0,0,0,1,6,1,35,6,1390,1,18,7,3
2014554X19195,2,9,0,4,0,1,0,0,0,0,2,1,6,1,40,7,1995,2,7,10,1
2014554X19195,3,9,0,4,0,1,0,0,0,0,2,1,2,1,53,8,1461,2,-1,7,2
2014554X19195,4,9,0,4,0,1,0,0,0,0,1,1,2,2,25,5,1390,1,2,5,3
2014555C01817,1,9,0,18,0,0,0,0,0,0,1,1,6,1,41,7,2000,2,4,10,1
2014555C01817,2,9,0,3,0,0,0,0,0,0,2,1,6,2,39,7,1587,1,11,10,1
2014555C01848,1,9,0,9,0,6,0,0,0,0,1,1,6,1,74,10,1299,1,15,8,1
2014555C01848,2,1,0,18,0,8,0,0,0,0,2,1,1,1,29,6,-1,-1,-1,5,1
2014555D00003,1,9,0,18,0,0,2,0,7,10,1,1,6,1,20,4,1248,2,7,8,2
201460R000598,1,9,0,9,0,6,0,0,0,0,1,1,6,2,36,7,-1,-1,-1,-1,-1
201460R000598,2,9,0,18,0,1,0,0,0,0,3,1,6,1,41,7,-1,-1,-1,-1,-1
201460R000639,1,9,0,13,0,0,1,0,5,7,1,1,6,1,21,5,-1,-1,-1,-1,-1
201460R000639,2,21,4,18,0,0,0,0,0,0,3,2,1,1,61,9,-1,-1,-1,-1,-1
201460R000683,1,5,0,4,0,0,0,0,0,0,0,1,2,1,44,7,-1,-1,-1,-1,-1
201460R001037,1,8,0,2,9,0,0,0,0,0,4,1,6,1,54,8,-1,-1,-1,-1,-1
201460R001037,2,9,0,18,0,0,0,0,0,0,3,1,6,2,21,5,-1,-1,-1,-1,-1
201460R001626,1,9,0,17,0,0,5,0,1,10,1,1,6,2,17,4,-1,-1,-1,-1,-1
201460R001808,1,19,0,1,0,6,0,0,0,0,2,1,6,3,-1,-1,-1,-1,-1,-1,-1
201460R001808,2,9,0,3,0,1,0,0,0,0,1,1,6,1,34,6,-1,-1,-1,-1,-1
201460R001874,1,9,0,16,0,0,1,0,7,0,2,1,6,1,19,4,-1,-1,-1,-1,-1
201460R001874,2,9,0,18,0,0,0,0,0,0,1,1,6,2,33,6,-1,-1,-1,-1,-1
201460R001915,1,98,0,1,0,1,0,0,0,0,2,1,1,1,42,7,-1,-1,-1,-1,-1
201460R001915,2,9,0,2,0,1,0,0,0,0,2,1,6,2,46,8,-1,-1,-1,-1,-1
201460R001932,1,9,0,4,0,1,0,0,0,0,1,1,6,1,56,9,-1,-1,-1,-1,-1
201460R001932,2,9,0,4,0,1,0,0,0,0,2,1,6,1,64,9,-1,-1,-1,-1,-1
201460R001969,1,9,0,18,0,8,0,0,0,0,1,1,6,3,-1,-1,-1,-1,-1,-1,-1
201460R001969,2,9,0,18,0,3,0,0,0,0,2,1,6,2,57,9,-1,-1,-1,-1,-1
201460R002306,1,9,0,17,0,0,2,0,1,4,3,1,6,1,25,5,-1,-1,-1,-1,-1
201460R002383,1,9,0,3,0,0,0,0,0,0,1,1,6,2,24,5,-1,-1,-1,-1,-1
201460R002383,2,9,0,4,0,0,0,0,0,0,2,1,6,1,64,9,-1,-1,-1,-1,-1
201460R002386,1,1,0,18,0,0,0,4,0,0,1,1,2,1,23,5,-1,-1,-1,-1,-1
201460R002386,2,9,0,2,0,0,0,0,0,0,2,1,6,1,21,5,-1,-1,-1,-1,-1
201460R002403,1,1,0,18,0,0,0,10,0,0,4,1,6,1,47,8,-1,-1,-1,-1,-1
201460R002495,1,11,0,18,0,1,0,0,0,0,0,1,1,2,25,5,-1,-1,-1,-1,-1
201460R002679,1,9,0,18,0,4,0,0,0,0,1,1,6,2,71,10,-1,-1,-1,-1,-1
201460R002679,2,9,0,9,0,3,0,0,0,0,4,1,6,2,35,6,-1,-1,-1,-1,-1
201460R002894,1,9,0,17,0,0,0,0,7,0,4,1,6,1,19,4,-1,-1,-1,-1,-1
201460R002894,2,9,0,16,0,0,0,0,0,0,1,1,1,2,52,8,-1,-1,-1,-1,-1
201460R002923,1,9,0,4,0,0,0,0,0,0,0,1,6,3,-1,-1,-1,-1,-1,-1,-1
201460R002923,2,1,0,18,0,0,0,0,0,0,1,1,6,1,21,5,-1,-1,-1,-1,-1
201460R002937,1,9,0,18,0,0,0,0,0,0,1,1,6,3,-1,-1,-1,-1,-1,-1,-1
201460R002982,1,9,0,1,9,0,0,0,0,0,2,1,6,2,35,6,-1,-1,-1,-1,-1
201460R003331,1,9,0,18,0,0,0,0,0,0,1,1,6,3,-1,-1,-1,-1,-1,-1,-1
201460R003409,1,19,0,4,0,1,0,0,0,0,0,1,1,2,36,7,-1,-1,-1,-1,-1
201460R003726,1,9,0,9,0,1,0,0,0,0,1,1,6,1,40,7,-1,-1,-1,-1,-1
201460R003726,2,4,0,18,0,1,0,0,0,0,1,1,6,1,24,5,-1,-1,-1,-1,-1
201460R003817,1,9,0,5,0,6,0,0,0,0,1,1,6,2,54,8,-1,-1,-1,-1,-1
201460R003817,2,9,0,17,0,8,0,0,0,0,4,1,6,1,53,8,-1,-1,-1,-1,-1
201460R003987,1,9,0,7,0,6,0,0,0,0,1,1,6,3,-1,-1,-1,-1,-1,-1,-1
201460R003987,2,1,0,18,0,8,0,0,0,0,2,1,6,2,41,7,-1,-1,-1,-1,-1
201460R004037,1,9,0,5,0,4,0,0,0,0,0,1,1,1,53,8,-1,-1,-1,-1,-1
201460R004077,1,9,0,8,0,1,0,0,0,0,1,1,6,2,21,5,-1,-1,-1,-1,-1
201460R004142,1,9,0,18,0,1,0,0,0,0,1,1,6,2,38,7,-1,-1,-1,-1,-1
201460R004151,1,9,0,4,0,2,0,0,0,0,4,1,6,1,73,10,-1,-1,-1,-1,-1
201460R004152,1,9,0,18,0,1,0,0,0,0,1,1,6,2,22,5,-1,-1,-1,-1,-1
201460R004161,1,9,0,18,0,0,0,0,0,0,1,1,6,1,57,9,-1,-1,-1,-1,-1
201460R004415,1,9,0,5,0,6,0,0,0,0,1,1,6,1,51,8,-1,-1,-1,-1,-1
201460R004415,2,90,0,18,0,1,0,0,0,0,3,1,2,1,23,5,-1,-1,-1,-1,-1
201460R004584,1,9,0,18,0,1,1,0,0,0,1,1,6,2,22,5,-1,-1,-1,-1,-1
201460R004584,2,9,0,10,0,5,0,0,0,0,2,1,6,1,27,6,-1,-1,-1,-1,-1
201460R004715,1,9,0,18,0,1,1,0,0,0,1,1,6,1,54,8,-1,-1,-1,-1,-1
201460R004715,2,9,0,10,0,1,0,0,0,0,2,1,2,2,49,8,-1,-1,-1,-1,-1
201460R004717,1,9,0,9,0,2,0,0,0,0,1,1,6,2,46,8,-1,-1,-1,-1,-1
201460R004772,1,9,0,7,0,6,0,0,0,0,1,1,6,1,61,9,-1,-1,-1,-1,-1
201460R004772,2,9,0,18,0,1,0,0,0,0,1,1,6,2,18,4,-1,-1,-1,-1,-1
201460R004803,1,3,0,18,0,2,1,0,0,0,1,1,6,1,19,4,-1,-1,-1,-1,-1
201460R004803,2,9,0,2,0,2,0,0,0,0,0,1,6,1,45,7,-1,-1,-1,-1,-1
201460R004870,1,11,0,16,0,6,0,0,0,0,0,1,1,1,59,9,-1,-1,-1,-1,-1
201460R004886,1,9,0,17,0,0,5,0,1,4,1,1,6,2,20,4,-1,-1,-1,-1,-1
201460R004930,1,9,0,18,0,0,2,10,8,11,1,1,6,1,18,4,-1,-1,-1,-1,-1
201460R005035,1,9,0,18,0,1,0,0,0,0,1,1,6,2,66,10,-1,-1,-1,-1,-1
201460R005035,2,9,0,10,0,1,0,0,0,0,2,1,1,1,46,8,-1,-1,-1,-1,-1
201460R005113,1,19,0,18,0,0,1,0,0,0,1,1,6,1,24,5,-1,-1,-1,-1,-1
201460R005113,2,9,0,18,0,0,0,0,0,0,1,1,6,1,60,9,-1,-1,-1,-1,-1
201460R005220,1,9,0,18,0,0,1,0,0,0,1,1,1,1,19,4,-1,-1,-1,-1,-1
201460R005220,2,9,0,3,0,0,0,0,0,0,2,1,1,1,35,6,-1,-1,-1,-1,-1
201460R005709,1,9,0,9,0,6,0,0,0,0,1,1,6,3,-1,-1,-1,-1,-1,-1,-1
201460R005709,2,3,0,18,0,1,0,0,0,0,1,1,6,1,20,4,-1,-1,-1,-1,-1
201460R005805,1,4,0,17,0,0,0,10,0,0,4,1,6,1,19,4,-1,-1,-1,-1,-1
201460R005823,1,9,0,4,0,2,0,0,0,0,4,1,6,3,-1,-1,-1,-1,-1,-1,-1
201460R005827,1,9,0,9,0,6,0,0,0,0,3,1,1,1,50,8,-1,-1,-1,-1,-1
201460R005827,2,9,0,18,0,1,1,0,0,0,4,1,2,1,26,6,-1,-1,-1,-1,-1
201460R005889,1,11,0,14,0,0,0,0,0,0,3,1,1,1,58,9,-1,-1,-1,-1,-1
201460R005889,2,9,0,2,0,0,0,0,0,0,4,1,1,1,64,9,-1,-1,-1,-1,-1
201460R005953,1,9,0,13,0,3,0,0,0,0,1,1,6,1,52,8,-1,-1,-1,-1,-1
201460R005953,2,9,0,18,0,3,0,0,0,0,3,1,6,1,21,5,-1,-1,-1,-1,-1
201460R005995,1,1,0,5,0,4,0,0,0,0,2,1,6,1,77,11,-1,-1,-1,-1,-1
201460R005995,2,9,0,18,0,3,0,0,0,0,1,1,6,2,24,5,-1,-1,-1,-1,-1
201460R006118,1,9,0,4,0,1,0,0,0,0,1,2,6,1,25,5,-1,-1,-1,-1,-1
201460R006118,2,9,0,3,0,1,0,0,0,0,2,1,6,2,48,8,-1,-1,-1,-1,-1
201460R006438,1,9,0,18,0,2,5,0,1,11,1,1,6,2,76,11,-1,-1,-1,-1,-1
201460R006527,1,9,0,9,0,6,0,0,0,0,1,1,6,2,19,4,-1,-1,-1,-1,-1
201460R006527,2,9,0,18,0,1,0,0,0,0,1,1,6,2,36,7,-1,-1,-1,-1,-1
201460R006540,1,9,0,9,0,1,0,0,0,0,1,1,2,2,25,5,-1,-1,-1,-1,-1
201460R006540,2,9,0,18,0,1,0,0,0,0,1,1,6,1,31,6,-1,-1,-1,-1,-1
201460R006644,1,9,0,18,0,1,0,0,0,0,1,1,6,1,18,4,-1,-1,-1,-1,-1
201460R006890,1,9,0,4,0,0,0,0,0,0,2,1,2,2,28,6,-1,-1,-1,-1,-1
201460R006890,2,9,0,4,0,0,0,0,0,0,1,1,6,3,-1,-1,-1,-1,-1,-1,-1
201460R006918,1,21,1,11,0,0,0,0,0,0,4,1,6,1,41,7,-1,-1,-1,-1,-1
201460R006918,2,9,0,18,0,0,0,0,0,0,3,1,6,2,54,8,-1,-1,-1,-1,-1
201460R006932,1,9,0,18,0,0,0,0,0,0,4,1,6,2,-1,-1,-1,-1,-1,-1,-1
201460R006967,1,9,0,9,0,6,0,0,0,0,1,1,6,2,19,4,-1,-1,-1,-1,-1
201460R006967,2,9,0,18,0,1,0,0,0,0,1,1,6,2,51,8,-1,-1,-1,-1,-1
201460R007226,1,9,0,5,0,1,0,0,0,0,1,1,6,1,54,8,-1,-1,-1,-1,-1
201460R007226,2,9,0,3,0,4,0,0,0,0,2,1,6,2,25,5,-1,-1,-1,-1,-1
201460R007341,1,9,0,17,0,2,0,0,0,0,1,1,6,2,76,11,-1,-1,-1,-1,-1
201460R007419,1,9,0,18,0,0,0,0,0,0,4,1,6,3,-1,-1,-1,-1,-1,-1,-1
201460R007464,1,9,0,18,0,1,0,0,0,0,1,1,6,3,-1,-1,-1,-1,-1,-1,-1
201460R007464,2,9,0,3,0,1,0,0,0,0,2,1,6,2,51,8,-1,-1,-1,-1,-1
201460R007766,1,9,0,18,0,8,1,0,0,0,1,1,6,1,22,5,-1,-1,-1,-1,-1
201460R007766,2,9,0,9,0,6,0,0,0,0,1,1,6,1,34,6,-1,-1,-1,-1,-1
201460R007858,1,9,0,18,0,0,0,0,0,0,1,1,6,3,-1,-1,-1,-1,-1,-1,-1
201460R007858,2,9,0,3,0,0,0,0,0,0,2,1,6,1,21,5,-1,-1,-1,-1,-1
201460R007899,1,9,0,6,0,1,0,0,0,0,3,1,6,1,24,5,-1,-1,-1,-1,-1
201460R007899,2,2,0,14,0,1,0,0,0,0,1,1,6,1,57,9,-1,-1,-1,-1,-1
201460R008238,1,9,0,16,0,0,1,0,1,11,3,1,6,1,25,5,-1,-1,-1,-1,-1
201460R008238,2,9,0,17,0,0,1,0,0,0,3,1,6,1,57,9,-1,-1,-1,-1,-1
201460R008870,1,9,0,18,0,1,0,0,0,0,1,1,1,1,40,7,-1,-1,-1,-1,-1
201460R008870,2,9,0,8,0,1,0,0,0,0,2,1,6,1,19,4,-1,-1,-1,-1,-1
201460R009092,1,9,0,4,0,0,1,0,0,0,1,1,1,1,34,6,-1,-1,-1,-1,-1
201460R009092,2,9,0,3,0,0,0,0,0,0,2,1,1,2,33,6,-1,-1,-1,-1,-1
201460R009119,1,9,0,1,9,8,0,0,0,0,2,1,6,2,82,11,-1,-1,-1,-1,-1
201460R009402,1,9,0,9,0,8,0,0,0,0,0,1,6,1,58,9,-1,-1,-1,-1,-1
201460R009402,2,1,0,18,0,1,0,7,0,0,1,1,6,1,32,6,-1,-1,-1,-1,-1
201460R009409,1,9,0,5,0,6,0,0,0,0,1,1,6,2,70,10,-1,-1,-1,-1,-1
201460R009409,2,9,0,18,0,1,0,0,0,0,4,1,6,2,27,6,-1,-1,-1,-1,-1
201460R009648,1,9,0,16,0,0,2,10,1,0,4,1,6,2,31,6,-1,-1,-1,-1,-1
201460R009699,1,9,0,18,0,0,0,0,0,0,1,1,1,1,26,6,-1,-1,-1,-1,-1
201460R009918,1,19,0,9,0,8,0,0,0,0,1,1,2,1,47,8,-1,-1,-1,-1,-1
201460R009918,2,9,0,18,0,8,1,0,1,1,3,1,2,1,19,4,-1,-1,-1,-1,-1
201460R010071,1,9,0,4,0,4,0,0,0,0,1,1,1,1,47,8,-1,-1,-1,-1,-1
201460R010071,2,9,0,4,0,4,0,0,0,0,2,1,1,2,27,6,-1,-1,-1,-1,-1
201460R010095,1,9,0,18,0,8,0,0,0,0,1,1,6,2,72,10,-1,-1,-1,-1,-1
201460R010095,2,9,0,9,0,8,0,0,1,11,3,1,6,1,32,6,-1,-1,-1,-1,-1
201460R010317,1,9,0,18,0,0,0,0,0,0,0,1,6,3,-1,-1,-1,-1,-1,-1,-1
201460R010317,2,9,0,18,0,0,0,0,1,9,0,1,6,2,29,6,-1,-1,-1,-1,-1
201460R010350,1,9,0,16,0,0,0,4,0,0,1,1,6,2,37,7,-1,-1,-1,-1,-1
201460R010350,2,9,0,2,0,0,0,0,0,0,2,1,6,2,48,8,-1,-1,-1,-1,-1
201460R010473,1,3,0,13,0,1,0,0,0,0,4,1,6,1,29,6,-1,-1,-1,-1,-1
201460R010473,2,8,0,9,0,1,0,0,0,0,3,1,1,1,50,8,-1,-1,-1,-1,-1
201460R010579,1,9,0,18,0,1,1,0,0,0,3,1,2,1,55,8,-1,-1,-1,-1,-1
201460R010579,2,9,0,9,0,6,0,0,0,0,4,1,6,1,48,8,-1,-1,-1,-1,-1
201460R010625,1,9,0,18,0,0,0,0,0,0,1,1,6,1,55,8,-1,-1,-1,-1,-1
201460R010625,2,9,0,18,0,0,1,0,1,7,2,1,6,2,45,7,-1,-1,-1,-1,-1
201460R010723,1,9,0,18,0,0,0,0,0,0,1,1,6,2,45,7,-1,-1,-1,-1,-1
201460R010733,1,3,0,18,0,0,1,0,0,0,0,1,6,1,25,5,-1,-1,-1,-1,-1
201460R010784,1,9,0,5,0,0,0,0,0,0,3,1,6,1,-1,-1,-1,-1,-1,-1,-1
201460R010894,1,9,0,18,0,1,0,0,0,0,1,1,1,1,26,6,-1,-1,-1,-1,-1
201460R010894,2,9,0,8,0,1,0,0,0,0,2,1,6,1,46,8,-1,-1,-1,-1,-1
201460R010930,1,9,0,9,0,1,0,0,0,0,3,1,6,1,57,9,-1,-1,-1,-1,-1
201460R010930,2,5,0,18,0,1,0,0,0,0,1,1,1,1,41,7,-1,-1,-1,-1,-1
201460R011109,1,9,0,1,0,1,0,0,0,0,2,1,6,1,19,4,-1,-1,-1,-1,-1
201460R011109,2,9,0,6,0,1,0,0,0,0,1,1,6,2,19,4,-1,-1,-1,-1,-1
201460R011168,1,9,0,16,0,0,0,0,0,0,1,1,6,1,40,7,-1,-1,-1,-1,-1
201460R011168,2,9,0,17,0,0,0,0,0,0,1,1,6,1,18,4,-1,-1,-1,-1,-1
201460R011240,1,19,0,12,0,2,0,0,0,0,1,1,1,1,33,6,-1,-1,-1,-1,-1
201460R011240,2,9,0,18,0,2,0,0,0,0,4,1,2,1,32,6,-1,-1,-1,-1,-1
201460R011264,1,9,0,18,0,2,0,0,0,0,1,1,1,2,46,8,-1,-1,-1,-1,-1
201460R011293,1,9,0,9,0,8,0,0,0,0,3,1,6,2,46,8,-1,-1,-1,-1,-1
201460R011293,2,9,0,18,0,1,1,0,0,0,1,1,2,2,19,4,-1,-1,-1,-1,-1
201460R011303,1,9,0,5,0,4,0,0,0,0,1,1,6,1,32,6,-1,-1,-1,-1,-1
201460R011303,2,9,0,5,0,4,0,0,0,0,2,1,6,1,45,7,-1,-1,-1,-1,-1
201460R011311,1,9,0,18,0,0,0,0,0,0,1,1,6,1,18,4,-1,-1,-1,-1,-1
201460R011311,2,9,0,4,0,0,0,0,0,0,2,1,6,1,46,8,-1,-1,-1,-1,-1
201460R011564,1,9,0,16,0,0,0,0,8,11,1,1,6,1,37,7,-1,-1,-1,-1,-1
201460R011591,1,3,0,18,0,0,0,0,0,0,1,1,6,1,33,6,-1,-1,-1,-1,-1
201460R011624,1,3,0,13,0,8,0,0,0,0,4,1,6,1,23,5,-1,-1,-1,-1,-1
201460R011624,2,9,0,9,0,8,0,0,0,0,3,1,6,2,38,7,-1,-1,-1,-1,-1
201460R011676,1,9,0,17,0,0,0,0,1,3,1,1,6,2,44,7,-1,-1,-1,-1,-1