Accident_Index,Vehicle_Reference,Vehicle_Type,Towing_and_Articulation,Vehicle_Manoeuvre,Vehicle_Location-Restricted_Lane,Junction_Location,Skidding_and_Overturning,Hit_Object_in_Carriageway,Vehicle_Leaving_Carriageway,Hit_Object_off_Carriageway,1st_Point_of_Impact,Was_Vehicle_Left_Hand_Drive?,Journey_Purpose_of_Driver,Sex_of_Driver,Age_of_Driver,Age_Band_of_Driver,Engine_Capacity_(CC),Propulsion_Code,Age_of_Vehicle,Driver_IMD_Decile,Driver_Home_Area_Type
201460R034470,1,11,0,18,0,0,0,0,0,0,1,1,1,1,51,8,-1,-1,-1,-1,-1
201460R034546,1,9,0,9,0,8,0,0,0,0,1,1,6,1,49,8,-1,-1,-1,-1,-1
201460R034546,2,1,0,18,0,1,0,0,0,0,1,1,6,1,44,7,-1,-1,-1,-1,-1
201460R034568,1,9,0,18,0,8,0,0,0,0,4,1,1,1,26,6,-1,-1,-1,-1,-1
201460R034568,2,5,0,18,0,1,1,0,0,0,1,1,6,1,36,7,-1,-1,-1,-1,-1
201460R034632,1,5,0,16,0,0,1,0,0,0,1,1,6,1,53,8,-1,-1,-1,-1,-1
201460R034632,2,9,0,17,0,0,1,0,0,0,1,1,6,1,47,8,-1,-1,-1,-1,-1
201460R034706,1,9,0,10,0,1,0,0,0,0,1,1,1,1,30,6,-1,-1,-1,-1,-1
201460R034706,2,9,0,18,0,1,1,0,0,0,1,1,6,1,62,9,-1,-1,-1,-1,-1
201460R034779,1,9,0,18,0,1,0,0,0,0,1,1,6,3,-1,-1,-1,-1,-1,-1,-1
201460R034779,2,9,0,3,0,1,0,0,0,0,2,1,6,1,22,5,-1,-1,-1,-1,-1
201460R035172,1,9,0,9,0,1,0,0,0,0,4,1,6,1,19,4,-1,-1,-1,-1,-1
201460R035172,2,9,0,7,0,1,0,0,0,0,3,1,6,2,66,10,-1,-1,-1,-1,-1
201460R035260,1,5,0,16,0,0,5,0,0,0,1,1,6,1,59,9,-1,-1,-1,-1,-1
201460R035260,2,9,0,17,0,0,0,0,0,0,1,1,6,1,56,9,-1,-1,-1,-1,-1
201460R035664,1,9,0,18,0,2,1,4,0,0,1,1,3,2,41,7,-1,-1,-1,-1,-1
201460R035664,2,9,0,3,0,2,0,4,0,0,2,1,1,2,30,6,-1,-1,-1,-1,-1
201460R035664,3,9,0,3,0,2,0,4,0,0,2,1,3,2,47,8,-1,-1,-1,-1,-1
201460R035664,4,9,0,3,0,2,0,4,0,0,2,1,1,1,28,6,-1,-1,-1,-1,-1
201460R035796,1,5,0,18,0,3,1,0,1,0,4,1,6,1,20,4,-1,-1,-1,-1,-1
201460R035852,1,9,0,18,0,1,1,0,0,0,1,1,2,1,40,7,-1,-1,-1,-1,-1
201460R035852,2,9,0,7,0,1,5,0,0,0,2,1,1,1,33,6,-1,-1,-1,-1,-1
201460R036358,1,11,0,9,0,1,0,0,0,0,3,1,1,1,61,9,-1,-1,-1,-1,-1
201460R036358,2,9,0,3,0,1,0,0,0,0,3,1,3,2,29,6,-1,-1,-1,-1,-1
201460R036452,1,9,0,1,0,6,0,0,0,0,0,1,6,2,64,9,-1,-1,-1,-1,-1
201460R036452,2,11,0,17,0,1,0,0,0,0,0,1,1,1,46,8,-1,-1,-1,-1,-1
201460R036495,1,17,0,18,0,2,0,0,0,0,1,1,1,1,73,10,-1,-1,-1,-1,-1
201460R036861,1,9,0,9,0,6,0,0,0,0,1,1,6,2,25,5,-1,-1,-1,-1,-1
201460R036861,2,2,0,18,0,1,1,0,0,0,1,1,6,2,38,7,-1,-1,-1,-1,-1
201460R037056,1,9,0,16,0,0,1,0,2,11,3,1,6,1,18,4,-1,-1,-1,-1,-1
201460R037281,1,9,0,18,0,8,0,0,0,0,3,1,6,3,-1,-1,-1,-1,-1,-1,-1
201460R037281,2,1,0,9,0,8,0,0,0,0,1,1,2,1,59,9,-1,-1,-1,-1,-1
201460R037296,1,9,0,18,0,0,0,0,1,0,1,1,2,1,19,4,-1,-1,-1,-1,-1
201460R037296,2,9,0,4,0,0,0,0,0,0,2,1,2,1,35,6,-1,-1,-1,-1,-1
201460R037296,3,9,0,3,0,0,0,0,0,0,2,1,2,2,49,8,-1,-1,-1,-1,-1
201460R037509,1,9,0,1,9,0,0,0,0,0,2,1,6,2,36,7,-1,-1,-1,-1,-1
201460R037540,1,20,0,18,0,0,1,0,0,0,1,1,1,1,46,8,-1,-1,-1,-1,-1
201460R037540,2,9,4,18,0,0,0,0,0,0,1,1,1,1,60,9,-1,-1,-1,-1,-1
201460R037563,1,9,0,3,0,1,0,0,0,0,1,1,6,2,53,8,-1,-1,-1,-1,-1
201460R037563,2,9,0,3,0,1,0,0,0,0,2,1,6,2,45,7,-1,-1,-1,-1,-1
201460R037808,1,9,0,18,0,1,0,0,0,0,1,1,6,1,62,9,-1,-1,-1,-1,-1
201460R037808,2,9,0,4,0,1,0,0,0,0,2,1,6,2,57,9,-1,-1,-1,-1,-1
201460R037870,1,9,0,7,0,1,0,0,0,0,1,1,6,1,-1,-1,-1,-1,-1,-1,-1
201460R037870,2,9,0,8,0,1,0,0,0,0,2,1,6,2,31,6,-1,-1,-1,-1,-1
201460R037960,1,9,0,16,0,0,0,0,0,0,1,1,6,1,76,11,-1,-1,-1,-1,-1
201460R038046,1,9,0,16,0,0,1,4,0,0,4,1,2,1,21,5,-1,-1,-1,-1,-1
201460R038046,2,9,0,2,0,0,0,0,0,0,3,1,1,1,41,7,-1,-1,-1,-1,-1
201460R038046,3,9,0,2,0,0,0,0,0,0,0,1,6,2,68,10,-1,-1,-1,-1,-1
201460R038144,1,9,0,9,0,8,0,0,0,0,1,1,6,1,78,11,-1,-1,-1,-1,-1
201460R038144,2,9,0,18,0,8,0,0,0,0,1,1,6,2,31,6,-1,-1,-1,-1,-1
201460R038151,1,19,0,18,0,0,0,0,0,0,0,1,6,3,-1,-1,-1,-1,-1,-1,-1
201460R038151,2,9,0,18,0,0,0,0,0,0,0,1,6,2,48,8,-1,-1,-1,-1,-1
201460R038209,1,9,0,17,0,0,0,0,0,0,3,1,6,3,-1,-1,-1,-1,-1,-1,-1
201460R038209,2,19,0,2,0,0,0,0,0,0,0,1,6,1,24,5,-1,-1,-1,-1,-1
201460R038528,1,9,0,18,0,1,0,0,1,0,1,1,6,1,39,7,-1,-1,-1,-1,-1
201460R038528,2,98,0,9,0,1,0,0,0,0,2,1,2,2,43,7,-1,-1,-1,-1,-1
201460R038613,1,9,0,18,0,1,0,0,0,0,1,1,6,2,72,10,-1,-1,-1,-1,-1
201460R038613,2,9,0,5,0,6,0,0,0,0,1,1,6,1,22,5,-1,-1,-1,-1,-1
201460R038906,1,9,0,17,0,0,5,0,1,11,4,1,6,1,18,4,-1,-1,-1,-1,-1
201460R038943,1,9,0,18,0,1,2,0,7,10,1,1,6,1,25,5,-1,-1,-1,-1,-1
201460R038943,2,19,0,2,0,1,0,0,0,0,1,1,6,3,38,7,-1,-1,-1,-1,-1
201460R038943,3,9,0,2,0,1,0,0,0,0,2,1,6,3,46,8,-1,-1,-1,-1,-1
201460R038943,4,9,0,2,0,1,0,0,0,0,2,1,6,3,41,7,-1,-1,-1,-1,-1
201460R039167,1,9,0,9,0,6,0,0,0,0,1,1,6,2,62,9,-1,-1,-1,-1,-1
201460R039167,2,4,0,18,0,1,1,0,0,0,1,1,2,1,53,8,-1,-1,-1,-1,-1
201460R039187,1,9,0,16,0,0,2,0,1,11,1,1,6,1,20,4,-1,-1,-1,-1,-1
201460R039246,1,19,0,18,0,2,0,0,0,0,1,1,1,1,51,8,-1,-1,-1,-1,-1
201460R039311,1,9,0,18,0,1,0,0,0,0,1,1,6,1,20,4,-1,-1,-1,-1,-1
201460R039311,2,9,0,3,0,1,0,0,0,0,2,1,2,1,58,9,-1,-1,-1,-1,-1
201460R039716,1,9,0,18,0,1,0,0,0,0,1,1,6,2,55,8,-1,-1,-1,-1,-1
201460R039818,1,5,0,17,0,1,1,0,1,0,3,1,6,1,50,8,-1,-1,-1,-1,-1
201460R040070,1,19,0,18,0,1,0,0,1,0,1,1,1,1,26,6,-1,-1,-1,-1,-1
201460R040070,2,9,0,9,0,1,0,0,0,0,2,1,1,2,48,8,-1,-1,-1,-1,-1
201460R040080,1,9,0,3,0,0,1,0,0,0,1,1,6,2,30,6,-1,-1,-1,-1,-1
201460R040080,2,9,0,4,0,0,0,0,0,0,2,1,6,1,50,8,-1,-1,-1,-1,-1
201460R040166,1,9,0,18,0,1,0,0,7,2,1,1,6,2,58,9,-1,-1,-1,-1,-1
201460R040261,1,9,0,18,0,1,0,0,0,0,1,1,6,3,-1,-1,-1,-1,-1,-1,-1
201460R040261,2,9,0,3,0,1,0,0,0,0,2,1,6,1,20,4,-1,-1,-1,-1,-1
201460R040281,1,9,0,13,0,1,0,0,0,0,1,1,6,1,74,10,-1,-1,-1,-1,-1
201460R040281,2,1,0,9,0,1,0,0,0,0,1,1,6,2,47,8,-1,-1,-1,-1,-1
201460R040357,1,4,0,18,0,0,0,0,0,0,1,1,6,1,21,5,-1,-1,-1,-1,-1
201460R040357,2,9,0,4,0,0,0,0,0,0,2,1,6,1,40,7,-1,-1,-1,-1,-1
201460R040357,3,20,0,18,0,0,0,0,0,0,0,1,1,1,40,7,-1,-1,-1,-1,-1
201460R040507,1,9,0,18,0,0,0,0,0,0,3,1,6,1,23,5,-1,-1,-1,-1,-1
201460R040507,2,9,0,18,0,0,0,0,0,0,3,1,6,1,37,7,-1,-1,-1,-1,-1
201460R041281,1,3,0,18,0,0,0,0,0,0,3,1,6,1,23,5,-1,-1,-1,-1,-1
201460R041281,2,9,0,18,0,0,0,0,0,0,1,1,6,1,26,6,-1,-1,-1,-1,-1
201460R041363,1,9,0,13,0,8,2,0,1,3,4,1,1,1,51,8,-1,-1,-1,-1,-1
201460R041363,2,9,0,9,0,8,0,0,0,0,3,1,6,1,59,9,-1,-1,-1,-1,-1
201460R041584,1,9,0,4,0,2,0,0,0,0,1,1,6,2,85,11,-1,-1,-1,-1,-1
201460R041807,1,9,0,18,0,0,0,0,0,0,1,1,6,1,18,4,-1,-1,-1,-1,-1
201460R041879,1,9,0,18,0,0,0,0,1,0,3,1,6,1,39,7,-1,-1,-1,-1,-1
201460R041927,1,9,0,9,0,2,0,0,1,11,4,1,6,1,47,8,-1,-1,-1,-1,-1
201460R041927,2,9,0,18,0,1,0,0,0,0,1,1,6,1,21,5,-1,-1,-1,-1,-1
201460R042136,1,9,0,18,0,1,0,0,0,0,1,1,6,2,48,8,-1,-1,-1,-1,-1
201460R042136,2,9,0,4,0,8,0,0,0,0,2,1,6,2,25,5,-1,-1,-1,-1,-1
201460R042136,3,9,0,4,0,2,0,0,0,0,2,1,6,1,77,11,-1,-1,-1,-1,-1
201460R042157,1,9,0,18,0,0,0,0,7,11,1,1,6,1,74,10,-1,-1,-1,-1,-1
201460R042244,1,8,0,5,0,5,0,0,0,0,0,1,3,1,42,7,-1,-1,-1,-1,-1
201460R042305,1,9,0,18,0,1,0,0,0,0,3,1,6,1,21,5,-1,-1,-1,-1,-1
201460R042330,1,9,0,17,0,8,5,10,2,11,1,1,6,1,56,9,-1,-1,-1,-1,-1
201460R042427,1,9,0,18,0,1,0,0,0,0,4,1,6,1,65,9,-1,-1,-1,-1,-1
201460R042427,2,9,0,2,0,2,0,0,0,0,0,1,6,1,44,7,-1,-1,-1,-1,-1
201460R042789,1,9,0,16,0,0,1,10,0,0,1,1,6,1,18,4,-1,-1,-1,-1,-1
201460R042789,2,9,0,17,0,0,0,0,0,0,1,1,6,1,40,7,-1,-1,-1,-1,-1
201460R042830,1,9,0,11,0,1,0,0,0,0,1,1,6,1,-1,-1,-1,-1,-1,-1,-1
201460R042830,2,9,0,18,0,1,0,0,0,0,2,1,6,2,24,5,-1,-1,-1,-1,-1
201460R043374,1,9,0,18,0,2,0,0,0,0,3,1,6,1,60,9,-1,-1,-1,-1,-1
201460R043593,1,9,0,9,0,6,0,0,0,0,3,1,1,2,55,8,-1,-1,-1,-1,-1
201460R043593,2,11,0,5,0,1,0,0,0,0,1,1,1,1,65,9,-1,-1,-1,-1,-1
201460R043597,1,9,0,9,0,6,0,0,0,0,1,1,1,1,80,11,-1,-1,-1,-1,-1
201460R043597,2,9,0,18,0,8,0,0,7,0,1,1,1,2,50,8,-1,-1,-1,-1,-1
201460R043615,1,9,0,5,0,4,0,0,0,0,1,1,1,1,54,8,-1,-1,-1,-1,-1
201460R043615,2,9,0,3,0,4,0,0,0,0,2,1,6,2,82,11,-1,-1,-1,-1,-1
201460R043783,1,9,0,5,0,0,0,0,0,0,1,1,6,1,75,10,-1,-1,-1,-1,-1
201460R043783,2,9,0,18,0,0,0,0,0,0,4,1,6,2,45,7,-1,-1,-1,-1,-1
201460R044070,1,9,0,18,0,1,1,0,0,0,1,1,2,2,21,5,-1,-1,-1,-1,-1
201460R044070,2,9,0,18,0,1,0,0,0,0,2,1,3,2,34,6,-1,-1,-1,-1,-1
201460R044070,3,9,0,9,0,1,0,0,0,0,0,1,6,3,-1,-1,-1,-1,-1,-1,-1
201460R044188,1,9,0,13,0,3,0,0,0,0,3,1,6,1,36,7,-1,-1,-1,-1,-1
201460R044188,2,9,0,18,0,8,0,0,0,0,4,1,6,2,59,9,-1,-1,-1,-1,-1
201460R044212,1,9,0,18,0,8,0,0,0,0,1,1,6,2,68,10,-1,-1,-1,-1,-1
201460R044212,2,2,0,18,0,8,0,0,0,0,3,1,6,1,16,4,-1,-1,-1,-1,-1
201460R044234,1,9,0,18,0,0,0,0,7,11,1,1,6,1,70,10,-1,-1,-1,-1,-1
201460R044234,2,9,0,2,9,0,0,0,0,0,1,1,6,2,51,8,-1,-1,-1,-1,-1
201460R044334,1,9,0,18,0,1,0,0,0,0,0,1,6,1,65,9,-1,-1,-1,-1,-1
201460R044334,2,5,0,17,0,2,0,0,0,0,0,1,6,1,60,9,-1,-1,-1,-1,-1
201460R044484,1,3,0,18,0,2,0,0,7,1,1,1,6,1,22,5,-1,-1,-1,-1,-1
201460R044518,1,9,0,4,0,2,0,0,0,0,4,1,3,2,51,8,-1,-1,-1,-1,-1
201460R044652,1,9,0,5,0,1,0,0,0,0,1,1,6,1,53,8,-1,-1,-1,-1,-1
201460R044652,2,9,0,5,0,1,0,0,0,0,2,1,6,2,52,8,-1,-1,-1,-1,-1
201460R044689,1,9,0,18,0,1,0,0,0,0,4,1,6,3,-1,-1,-1,-1,-1,-1,-1
201460R044725,1,9,0,9,0,5,0,0,0,0,2,1,1,1,52,8,-1,-1,-1,-1,-1
201460R044725,2,9,0,18,0,1,0,0,0,0,1,1,1,1,32,6,-1,-1,-1,-1,-1
201460R044784,1,9,0,18,0,1,0,0,0,0,3,1,6,3,-1,-1,-1,-1,-1,-1,-1
201460R044784,2,4,0,13,0,1,0,0,0,0,4,1,6,1,56,9,-1,-1,-1,-1,-1
201460R045145,1,9,0,18,0,2,0,0,0,0,1,1,6,2,48,8,-1,-1,-1,-1,-1
201460R045145,2,9,0,9,0,1,0,0,0,0,1,1,6,1,54,8,-1,-1,-1,-1,-1
201460R045213,1,9,0,13,0,1,0,0,7,0,1,1,6,2,23,5,-1,-1,-1,-1,-1
201460R045213,2,9,0,9,0,8,0,0,0,0,3,1,1,2,35,6,-1,-1,-1,-1,-1
201460R045213,3,9,0,4,0,1,0,0,0,0,0,1,6,3,-1,-1,-1,-1,-1,-1,-1
201460R045452,1,9,0,18,0,1,0,0,0,0,1,1,6,2,21,5,-1,-1,-1,-1,-1
201460R045452,2,9,0,3,0,1,0,0,0,0,2,1,6,1,42,7,-1,-1,-1,-1,-1
201460R045602,1,9,0,13,0,2,0,0,0,0,0,1,1,1,38,7,-1,-1,-1,-1,-1
201460R045602,2,9,0,18,0,2,0,0,0,0,0,1,6,1,49,8,-1,-1,-1,-1,-1
201460R045655,1,9,0,17,0,1,0,0,1,7,1,1,6,2,26,6,-1,-1,-1,-1,-1
201460R045804,1,10,0,18,0,0,0,0,0,0,1,1,1,1,34,6,-1,-1,-1,-1,-1
201460R045804,2,9,0,18,0,0,0,0,0,0,2,1,6,2,30,6,-1,-1,-1,-1,-1
201460R046305,1,4,0,17,0,0,0,0,0,0,3,1,6,2,29,6,-1,-1,-1,-1,-1
201460R046995,1,9,0,18,0,1,0,0,0,0,3,1,6,1,64,9,-1,-1,-1,-1,-1
201460R047285,1,9,0,5,6,6,0,0,0,0,0,1,6,3,-1,-1,-1,-1,-1,-1,-1
201460R047285,2,9,0,4,0,2,0,0,0,0,2,1,6,2,62,9,-1,-1,-1,-1,-1
201460R047285,3,9,0,4,0,2,0,0,0,0,2,1,2,2,23,5,-1,-1,-1,-1,-1
201460R047285,4,19,0,7,0,2,0,0,0,0,1,1,2,1,30,6,-1,-1,-1,-1,-1
201460R047296,1,5,0,13,0,8,1,0,0,0,1,1,6,1,55,8,-1,-1,-1,-1,-1
201460R047296,2,19,0,9,0,8,0,0,7,0,2,1,1,1,43,7,-1,-1,-1,-1,-1
201460R047318,1,9,0,18,0,0,0,0,0,0,4,1,6,2,78,11,-1,-1,-1,-1,-1
201460R047318,2,9,0,2,0,0,0,0,0,0,4,1,6,1,25,5,-1,-1,-1,-1,-1
201460R047560,1,5,0,18,0,0,1,0,0,0,2,1,6,1,41,7,-1,-1,-1,-1,-1
201460R047570,1,9,0,17,0,0,5,0,1,0,4,1,6,2,42,7,-1,-1,-1,-1,-1
201460R047891,1,9,0,18,0,1,1,0,0,0,1,1,6,1,29,6,-1,-1,-1,-1,-1
201460R047891,2,9,0,3,0,1,0,0,0,0,2,1,2,1,46,8,-1,-1,-1,-1,-1
201460R048186,1,9,0,5,0,1,0,0,0,0,1,1,6,3,-1,-1,-1,-1,-1,-1,-1
201460R048186,2,9,0,3,0,1,0,0,0,0,2,1,6,2,34,6,-1,-1,-1,-1,-1
201460R048839,1,4,0,4,0,2,1,0,0,0,4,1,6,1,29,6,-1,-1,-1,-1,-1
201460R048853,1,9,0,18,0,0,0,0,0,0,1,1,6,1,52,8,-1,-1,-1,-1,-1
201460R048853,2,9,0,3,0,0,0,0,0,0,2,1,3,2,38,7,-1,-1,-1,-1,-1
201460R048945,1,11,0,2,0,0,0,0,0,0,0,1,1,1,43,7,-1,-1,-1,-1,-1
201460R049261,1,9,0,18,0,0,0,0,1,4,2,1,6,1,25,5,-1,-1,-1,-1,-1
201460R049292,1,10,0,18,0,0,0,0,0,0,4,1,6,1,36,7,-1,-1,-1,-1,-1
201460R049292,2,1,0,18,0,0,0,0,0,0,2,1,6,1,31,6,-1,-1,-1,-1,-1
201460R049590,1,9,0,5,0,6,0,0,0,0,1,1,6,1,35,6,-1,-1,-1,-1,-1
201460R049590,2,9,0,16,0,1,0,0,0,0,1,1,6,1,35,6,-1,-1,-1,-1,-1
201460R049727,1,19,0,5,0,8,0,0,0,0,4,1,1,1,36,7,-1,-1,-1,-1,-1
201460R049727,2,9,0,18,0,1,0,0,0,0,1,1,6,1,65,9,-1,-1,-1,-1,-1
201460R049747,1,9,0,3,0,0,0,0,0,0,1,1,6,2,23,5,-1,-1,-1,-1,-1
201460R049747,2,9,0,3,0,0,0,0,0,0,2,1,6,2,52,8,-1,-1,-1,-1,-1
201460R049923,1,9,0,18,0,1,1,0,0,0,1,1,6,2,19,4,-1,-1,-1,-1,-1
201460R049923,2,9,0,18,0,1,1,0,0,0,1,1,6,2,20,4,-1,-1,-1,-1,-1
201460R049981,1,9,0,18,0,0,0,0,0,0,4,1,6,3,-1,-1,-1,-1,-1,-1,-1
201460R049981,2,9,0,2,0,0,0,0,0,0,4,1,6,2,56,9,-1,-1,-1,-1,-1
201460R050312,1,9,0,18,0,1,0,0,0,0,1,1,1,2,56,9,-1,-1,-1,-1,-1
201460R050312,2,1,0,18,0,6,0,0,0,0,3,1,6,2,10,2,-1,-1,-1,-1,-1
201460R050955,1,9,0,18,0,1,0,0,0,0,1,1,6,2,-1,-1,-1,-1,-1,-1,-1
201460R050955,2,9,0,18,0,1,0,0,0,0,2,1,2,2,34,6,-1,-1,-1,-1,-1
201460R051073,1,20,0,18,0,6,0,0,0,0,4,1,1,1,-1,-1,-1,-1,-1,-1,-1
201460R051073,2,1,0,18,0,1,0,0,1,0,3,1,6,1,26,6,-1,-1,-1,-1,-1
201460R051116,1,9,0,18,0,0,2,0,0,0,4,1,6,1,17,4,-1,-1,-1,-1,-1
201460R051116,2,9,0,18,0,0,1,0,0,0,1,1,6,2,65,9,-1,-1,-1,-1,-1
201460R051182,1,9,0,7,0,6,0,0,0,0,1,1,1,1,33,6,-1,-1,-1,-1,-1
201460R051182,2,4,0,17,0,1,0,0,0,0,3,1,1,1,38,7,-1,-1,-1,-1,-1
201460R051211,1,9,0,16,0,0,1,0,0,0,3,1,6,1,44,7,-1,-1,-1,-1,-1
201460R051211,2,9,0,4,0,0,0,0,0,0,3,1,6,1,63,9,-1,-1,-1,-1,-1
201460R051775,1,9,0,9,0,6,0,0,0,0,1,1,6,2,24,5,-1,-1,-1,-1,-1
201460R051775,2,9,0,18,0,1,1,0,0,0,1,1,6,1,46,8,-1,-1,-1,-1,-1
201460R051861,1,3,0,17,0,0,0,0,1,10,1,1,6,1,22,5,-1,-1,-1,-1,-1
201460R051883,1,9,0,9,0,5,0,0,0,0,2,1,6,2,66,10,-1,-1,-1,-1,-1
201460R051883,2,1,0,18,0,1,0,0,0,0,1,1,6,1,24,5,-1,-1,-1,-1,-1
201460R051907,1,21,1,18,0,0,0,0,0,0,1,1,1,1,53,8,-1,-1,-1,-1,-1
201460R051907,2,9,0,4,0,0,0,0,0,0,2,1,6,1,67,10,-1,-1,-1,-1,-1
201460R052139,1,19,0,9,0,6,0,0,0,0,1,1,6,1,27,6,-1,-1,-1,-1,-1
201460R052139,2,4,0,18,0,1,1,0,0,0,1,1,6,1,69,10,-1,-1,-1,-1,-1
201460R052841,1,9,0,18,0,0,1,0,1,2,1,1,6,2,29,6,-1,-1,-1,-1,-1
201460R053040,1,9,0,9,0,5,0,0,0,0,3,1,6,1,55,8,-1,-1,-1,-1,-1
201460R053040,2,9,0,13,0,8,0,0,0,0,1,1,6,1,49,8,-1,-1,-1,-1,-1
201460R053220,1,9,0,1,0,0,0,0,0,0,2,1,6,3,63,9,-1,-1,-1,-1,-1
201460R053274,1,9,0,9,0,1,0,0,0,0,1,1,6,1,26,6,-1,-1,-1,-1,-1
201460R053274,2,1,0,18,0,1,0,0,0,0,1,1,6,1,45,7,-1,-1,-1,-1,-1
201460R053457,1,9,0,17,0,0,2,0,1,10,4,1,6,1,42,7,-1,-1,-1,-1,-1
201460R053678,1,9,0,7,0,6,1,0,0,0,3,1,6,1,52,8,-1,-1,-1,-1,-1
201460R053678,2,9,0,18,0,1,5,0,0,0,1,1,6,2,77,11,-1,-1,-1,-1,-1
201460R053731,1,9,0,9,0,8,0,0,0,0,4,1,6,1,26,6,-1,-1,-1,-1,-1
201460R053731,2,9,0,18,0,1,0,0,0,0,1,1,6,1,39,7,-1,-1,-1,-1,-1
201460R053752,1,9,0,5,0,1,0,0,0,0,1,1,6,1,24,5,-1,-1,-1,-1,-1
201460R053752,2,9,0,3,0,1,0,0,0,0,2,1,6,2,57,9,-1,-1,-1,-1,-1
201460R053778,1,9,0,18,0,2,0,0,0,0,1,1,6,1,23,5,-1,-1,-1,-1,-1
201460R053778,2,9,0,18,0,1,0,0,0,0,1,1,6,1,36,7,-1,-1,-1,-1,-1
201460R053877,1,9,0,18,0,0,0,0,0,0,1,1,6,1,70,10,-1,-1,-1,-1,-1
201460R053877,2,9,0,18,0,0,0,0,0,0,1,2,6,2,42,7,-1,-1,-1,-1,-1
201460R054265,1,9,0,18,0,0,0,0,1,3,1,1,6,1,40,7,-1,-1,-1,-1,-1
201460R054300,1,5,0,18,0,0,1,11,2,10,1,1,6,1,71,10,-1,-1,-1,-1,-1
201460R054324,1,5,0,4,0,0,0,0,0,0,0,1,6,1,58,9,-1,-1,-1,-1,-1
201460R054324,2,9,0,18,0,0,0,0,0,0,0,1,6,3,-1,-1,-1,-1,-1,-1,-1
201460R054414,1,2,0,9,0,1,0,0,0,0,1,1,6,1,18,4,-1,-1,-1,-1,-1
201460R054414,2,9,0,18,0,1,0,0,0,0,1,1,2,1,47,8,-1,-1,-1,-1,-1
201460R054545,1,9,0,18,0,0,0,0,0,0,1,1,6,2,29,6,-1,-1,-1,-1,-1
201460R054545,2,9,0,18,0,0,0,0,0,0,1,1,6,2,62,9,-1,-1,-1,-1,-1
201460R054840,1,9,0,4,0,2,0,0,0,0,1,1,2,1,22,5,-1,-1,-1,-1,-1
201460R054840,2,9,0,3,0,2,0,0,0,0,2,1,6,1,63,9,-1,-1,-1,-1,-1
201460R054840,3,9,0,15,0,1,0,0,0,0,0,1,1,1,47,8,-1,-1,-1,-1,-1
201460R054946,1,19,0,18,0,1,0,0,0,0,0,1,6,1,35,6,-1,-1,-1,-1,-1
201460R055194,1,9,0,7,0,1,0,0,0,0,3,1,6,3,-1,-1,-1,-1,-1,-1,-1
201460R055336,1,9,0,18,0,8,0,0,0,0,1,1,6,2,68,10,-1,-1,-1,-1,-1
201460R055336,2,5,0,18,0,8,0,0,0,0,4,1,6,1,31,6,-1,-1,-1,-1,-1
201460R055455,1,9,0,7,9,1,0,0,1,2,1,1,6,1,90,11,-1,-1,-1,-1,-1
201460R055472,1,19,0,4,0,1,0,0,0,0,1,1,1,1,30,6,-1,-1,-1,-1,-1
201460R055472,2,9,0,18,0,1,0,0,0,0,2,1,6,2,28,6,-1,-1,-1,-1,-1
201460R055931,1,9,0,18,0,1,0,0,0,0,3,1,6,1,81,11,-1,-1,-1,-1,-1
201460R055976,1,19,0,18,0,4,0,0,0,0,3,2,6,3,-1,-1,-1,-1,-1,-1,-1
201460R055976,2,9,0,18,0,4,0,0,0,0,4,1,6,2,52,8,-1,-1,-1,-1,-1
201460R056103,1,2,0,12,0,8,0,0,0,0,3,1,6,1,17,4,-1,-1,-1,-1,-1
201460R056103,2,9,0,18,0,8,0,0,0,0,4,1,6,2,60,9,-1,-1,-1,-1,-1
201460R056103,3,9,0,13,0,6,0,0,0,0,0,1,6,3,-1,-1,-1,-1,-1,-1,-1
201460R056402,1,22,0,18,0,8,0,0,0,0,1,1,6,2,80,11,-1,-1,-1,-1,-1
201460R056402,2,9,0,18,0,8,0,0,0,0,3,1,6,1,69,10,-1,-1,-1,-1,-1
201460R056483,1,20,0,1,0,0,0,0,0,0,2,1,1,1,35,6,-1,-1,-1,-1,-1
201460R056483,2,9,0,3,0,0,0,0,0,0,2,1,6,2,71,10,-1,-1,-1,-1,-1
201460R056501,1,9,0,18,0,1,0,0,0,0,1,1,6,2,38,7,-1,-1,-1,-1,-1
201460R056501,2,9,0,9,0,6,0,0,0,0,3,1,6,2,35,6,-1,-1,-1,-1,-1
201460R056667,1,9,0,18,0,0,0,0,0,0,1,1,6,2,19,4,-1,-1,-1,-1,-1
201460R056667,2,9,0,18,0,0,0,0,0,0,1,1,6,1,56,9,-1,-1,-1,-1,-1
201460R056842,1,9,0,17,0,0,0,0,0,0,1,1,6,3,-1,-1,-1,-1,-1,-1,-1
201460R056977,1,9,0,18,0,1,0,0,0,0,1,1,6,1,38,7,-1,-1,-1,-1,-1
201460R056977,2,9,0,4,0,1,0,0,0,0,2,1,6,1,33,6,-1,-1,-1,-1,-1
201460R056997,1,9,0,1,0,0,0,0,0,0,2,1,6,3,-1,-1,-1,-1,-1,-1,-1
201460R057010,1,5,0,17,0,0,0,0,1,9,1,1,6,1,43,7,-1,-1,-1,-1,-1
201460R057036,1,9,0,11,0,0,0,0,0,0,1,1,6,3,-1,-1,-1,-1,-1,-1,-1
201460R057036,2,9,0,18,0,0,0,0,0,0,2,1,6,1,54,8,-1,-1,-1,-1,-1
201460R057073,1,9,0,18,0,0,0,0,0,0,1,1,6,1,55,8,-1,-1,-1,-1,-1
201460R057119,1,9,0,1,0,1,0,0,0,0,2,1,6,1,27,6,-1,-1,-1,-1,-1
201460R057356,1,9,0,13,0,1,1,0,0,0,1,1,6,2,27,6,-1,-1,-1,-1,-1
201460R057356,2,9,0,9,0,1,0,0,0,0,3,1,6,1,72,10,-1,-1,-1,-1,-1
201460R057537,1,9,0,18,0,1,0,0,0,0,4,1,6,1,59,9,-1,-1,-1,-1,-1
201460R057537,2,9,0,7,0,8,0,0,0,0,2,1,6,1,50,8,-1,-1,-1,-1,-1
201460R057591,1,9,0,7,0,5,0,0,0,0,1,1,6,1,50,8,-1,-1,-1,-1,-1
201460R057594,1,9,0,18,0,0,1,0,0,0,1,1,6,2,27,6,-1,-1,-1,-1,-1