Accident_Index,Vehicle_Reference,Vehicle_Type,Towing_and_Articulation,Vehicle_Manoeuvre,Vehicle_Location-Restricted_Lane,Junction_Location,Skidding_and_Overturning,Hit_Object_in_Carriageway,Vehicle_Leaving_Carriageway,Hit_Object_off_Carriageway,1st_Point_of_Impact,Was_Vehicle_Left_Hand_Drive?,Journey_Purpose_of_Driver,Sex_of_Driver,Age_of_Driver,Age_Band_of_Driver,Engine_Capacity_(CC),Propulsion_Code,Age_of_Vehicle,Driver_IMD_Decile,Driver_Home_Area_Type
201460R057594,2,9,0,4,0,0,0,0,0,0,2,1,6,1,57,9,-1,-1,-1,-1,-1
201460R057594,3,9,0,4,0,0,0,0,0,0,2,1,6,1,24,5,-1,-1,-1,-1,-1
201460R057707,1,9,0,9,0,3,0,0,0,0,3,1,6,1,44,7,-1,-1,-1,-1,-1
201460R057707,2,5,0,18,0,3,0,0,0,0,1,1,6,1,55,8,-1,-1,-1,-1,-1
201460R057800,1,9,0,4,0,1,0,0,0,0,1,1,6,1,18,4,-1,-1,-1,-1,-1
201460R057800,2,9,0,4,0,1,0,0,0,0,2,1,6,1,20,4,-1,-1,-1,-1,-1
201460R058074,1,9,0,17,0,0,1,4,1,0,1,1,6,1,22,5,-1,-1,-1,-1,-1
201460R058074,2,9,0,18,0,0,0,0,0,0,0,1,1,1,25,5,-1,-1,-1,-1,-1
201460R058074,3,9,0,2,0,0,0,0,0,0,1,1,6,2,20,4,-1,-1,-1,-1,-1
201460R058219,1,9,0,9,0,5,0,0,0,0,1,1,6,2,63,9,-1,-1,-1,-1,-1
201460R058219,2,1,0,18,0,1,0,0,0,0,1,1,6,1,43,7,-1,-1,-1,-1,-1
201460R058346,1,9,0,18,0,0,0,0,0,0,1,1,6,1,20,4,-1,-1,-1,-1,-1
201460R058346,2,9,0,18,0,0,0,0,0,0,1,1,6,2,20,4,-1,-1,-1,-1,-1
201460R058526,1,9,0,18,9,0,0,0,7,11,1,1,6,3,-1,-1,-1,-1,-1,-1,-1
201460R058849,1,9,0,9,0,6,0,0,0,0,1,1,6,1,30,6,-1,-1,-1,-1,-1
201460R058849,2,9,0,18,0,1,2,0,1,10,2,1,6,1,47,8,-1,-1,-1,-1,-1
201460R059230,1,21,0,14,0,1,0,0,0,0,1,1,1,1,52,8,-1,-1,-1,-1,-1
201460R059230,2,9,0,10,0,1,0,0,0,0,3,1,6,2,41,7,-1,-1,-1,-1,-1
201460R059348,1,9,0,18,0,0,0,0,0,0,1,1,6,2,41,7,-1,-1,-1,-1,-1
201460R059348,2,4,0,3,0,0,0,0,0,0,2,1,2,2,19,4,-1,-1,-1,-1,-1
201460R059437,1,9,0,17,0,0,1,0,2,9,1,1,6,2,22,5,-1,-1,-1,-1,-1
201460R059576,1,21,0,18,0,1,1,4,0,0,1,1,1,1,25,5,-1,-1,-1,-1,-1
201460R059576,2,21,0,3,0,1,0,0,1,4,2,1,1,1,40,7,-1,-1,-1,-1,-1
201460R059582,1,9,0,5,0,2,0,0,0,0,1,1,1,1,28,6,-1,-1,-1,-1,-1
201460R059582,2,3,0,18,0,1,0,0,0,0,1,1,1,2,18,4,-1,-1,-1,-1,-1
201460R059586,1,9,0,12,0,7,0,0,0,0,1,1,2,2,40,7,-1,-1,-1,-1,-1
201460R059586,2,9,0,12,0,7,0,0,0,0,2,1,2,1,48,8,-1,-1,-1,-1,-1
201460R059586,3,9,0,4,0,7,0,0,0,0,0,1,6,3,-1,-1,-1,-1,-1,-1,-1
201460R059683,1,9,0,4,9,1,0,0,1,4,1,1,6,2,19,4,-1,-1,-1,-1,-1
201460R059695,1,9,0,17,0,0,2,0,2,11,4,1,6,2,85,11,-1,-1,-1,-1,-1
201460R060319,1,1,0,7,0,6,0,0,0,0,1,1,6,1,15,3,-1,-1,-1,-1,-1
201460R060319,2,9,0,18,0,1,0,0,0,0,1,1,6,2,58,9,-1,-1,-1,-1,-1
201460R060610,1,9,0,18,0,0,5,0,0,0,1,1,6,1,23,5,-1,-1,-1,-1,-1
201460R060610,2,20,0,18,0,0,0,0,0,0,2,1,1,1,54,8,-1,-1,-1,-1,-1
201460R060634,1,9,0,17,0,0,2,0,8,4,1,1,6,1,21,5,-1,-1,-1,-1,-1
201460R060667,1,9,0,18,0,1,0,0,0,0,1,1,6,1,54,8,-1,-1,-1,-1,-1
201460R060667,2,9,0,10,0,1,0,0,0,0,2,1,6,2,49,8,-1,-1,-1,-1,-1
201460R060832,1,9,0,18,0,1,1,0,0,0,1,1,6,2,37,7,-1,-1,-1,-1,-1
201460R060832,2,4,0,3,0,1,0,0,0,0,2,1,2,1,19,4,-1,-1,-1,-1,-1
201460R060877,1,9,0,18,0,0,0,0,0,0,1,1,6,3,-1,-1,-1,-1,-1,-1,-1
201460R060901,1,9,0,9,0,5,0,0,0,0,1,1,6,1,82,11,-1,-1,-1,-1,-1
201460R060901,2,9,0,18,0,1,1,0,0,0,1,1,6,2,52,8,-1,-1,-1,-1,-1
201460R060912,1,9,0,9,9,6,0,0,0,0,3,1,6,2,56,9,-1,-1,-1,-1,-1
201460R060912,2,3,0,18,0,1,0,0,0,0,1,1,6,1,57,9,-1,-1,-1,-1,-1
201460R061324,1,9,0,9,0,6,0,0,0,0,1,1,1,1,20,4,-1,-1,-1,-1,-1
201460R061324,2,5,0,16,0,1,0,0,0,0,1,1,6,1,23,5,-1,-1,-1,-1,-1
201460R061459,1,9,0,5,0,1,0,0,0,0,1,1,6,3,-1,-1,-1,-1,-1,-1,-1
201460R062002,1,1,0,18,0,0,0,12,0,0,1,1,6,1,40,7,-1,-1,-1,-1,-1
201460R062582,1,21,0,13,0,1,0,0,7,0,3,1,1,1,55,8,-1,-1,-1,-1,-1
201460R062582,2,17,0,9,0,1,0,0,7,0,4,1,6,1,24,5,-1,-1,-1,-1,-1
201460R062676,1,8,0,18,0,1,1,0,0,0,1,1,1,1,60,9,-1,-1,-1,-1,-1
201460R062676,2,9,0,3,0,1,0,0,0,0,2,1,6,2,49,8,-1,-1,-1,-1,-1
201460R062676,3,9,0,3,0,1,0,0,0,0,2,1,6,2,40,7,-1,-1,-1,-1,-1
201460R062676,4,9,0,3,0,1,0,0,0,0,2,1,6,1,20,4,-1,-1,-1,-1,-1
201460R062678,1,19,0,1,9,0,0,0,0,0,2,1,1,1,23,5,-1,-1,-1,-1,-1
201460R062681,1,17,0,17,0,1,0,0,0,0,3,1,1,3,-1,-1,-1,-1,-1,-1,-1
201460R062681,2,9,0,16,0,1,0,0,0,0,3,1,6,2,22,5,-1,-1,-1,-1,-1
201460R062760,1,9,0,18,0,0,0,0,0,0,1,1,6,1,28,6,-1,-1,-1,-1,-1
201460R062760,2,9,0,2,0,0,0,0,0,0,2,1,6,2,52,8,-1,-1,-1,-1,-1
201460R062796,1,9,0,11,0,7,5,0,1,7,1,1,6,1,22,5,-1,-1,-1,-1,-1
201460R062826,1,4,0,17,0,0,1,0,1,11,1,1,6,1,19,4,-1,-1,-1,-1,-1
201460R062826,2,9,0,17,0,0,1,0,1,11,1,1,6,1,19,4,-1,-1,-1,-1,-1
201460R062826,3,9,0,17,0,0,1,0,0,0,1,1,6,1,22,5,-1,-1,-1,-1,-1
201460R063278,1,9,0,6,0,6,0,0,0,0,1,1,6,1,26,6,-1,-1,-1,-1,-1
201460R063278,2,9,0,18,0,2,2,0,1,7,4,1,2,1,32,6,-1,-1,-1,-1,-1
201460R063357,1,9,0,18,0,1,0,0,0,0,1,1,6,3,51,8,-1,-1,-1,-1,-1
201460R063357,2,9,0,3,0,1,0,0,0,0,2,1,6,2,40,7,-1,-1,-1,-1,-1
201460R063512,1,11,0,18,0,1,0,0,0,0,1,1,1,1,41,7,-1,-1,-1,-1,-1
201460R063512,2,9,0,10,0,1,0,0,0,0,2,1,1,2,44,7,-1,-1,-1,-1,-1
201460R063592,1,9,0,9,0,5,0,0,0,0,2,1,1,1,42,7,-1,-1,-1,-1,-1
201460R063592,2,9,0,18,0,1,1,0,0,0,1,1,6,1,74,10,-1,-1,-1,-1,-1
201460R063918,1,9,0,18,0,0,0,0,0,0,1,1,6,1,64,9,-1,-1,-1,-1,-1
201460R063918,2,9,0,18,0,0,0,0,0,0,1,1,6,1,48,8,-1,-1,-1,-1,-1
201460R064079,1,9,0,5,0,0,0,0,0,0,1,1,6,3,-1,-1,-1,-1,-1,-1,-1
201460R064135,1,9,0,7,0,3,0,0,0,0,1,1,1,2,24,5,-1,-1,-1,-1,-1
201460R064135,2,9,0,4,0,4,0,0,0,0,1,1,1,2,49,8,-1,-1,-1,-1,-1
201460R064168,1,9,0,18,0,0,0,0,1,4,1,1,6,1,18,4,-1,-1,-1,-1,-1
201460R064366,1,9,0,9,0,1,0,0,0,0,1,1,6,2,42,7,-1,-1,-1,-1,-1
201460R064366,2,3,0,18,0,8,0,0,1,0,3,1,2,1,20,4,-1,-1,-1,-1,-1
201460R064778,1,9,0,5,0,0,0,0,0,0,1,1,6,1,37,7,-1,-1,-1,-1,-1
201460R064809,1,9,0,6,0,6,0,0,0,0,0,1,1,1,55,8,-1,-1,-1,-1,-1
201460R065167,1,9,0,16,0,0,5,0,7,11,1,1,6,1,18,4,-1,-1,-1,-1,-1
201460R065807,1,5,0,17,0,0,1,0,1,0,1,1,6,1,56,9,-1,-1,-1,-1,-1
201460R065916,1,1,0,16,0,0,1,0,0,0,1,1,6,1,44,7,-1,-1,-1,-1,-1
201460R065916,2,9,0,17,0,0,0,0,0,0,1,1,6,1,49,8,-1,-1,-1,-1,-1
201460R065945,1,9,0,13,0,1,0,0,0,0,1,1,6,2,70,10,-1,-1,-1,-1,-1
201460R065945,2,1,0,7,0,2,0,0,0,0,1,1,6,1,38,7,-1,-1,-1,-1,-1
201460R065954,1,3,0,17,9,2,0,0,7,11,3,1,6,1,42,7,-1,-1,-1,-1,-1
201460R066506,1,9,0,5,0,1,0,0,0,0,1,1,6,1,54,8,-1,-1,-1,-1,-1
201460R066506,2,9,0,4,0,1,0,0,0,0,2,1,6,2,40,7,-1,-1,-1,-1,-1
201460R066536,1,9,0,18,0,1,0,0,0,0,1,1,6,1,26,6,-1,-1,-1,-1,-1
201460R066536,2,9,0,4,0,1,0,0,0,0,2,1,6,1,32,6,-1,-1,-1,-1,-1
201460R066536,3,9,0,4,0,1,0,0,0,0,2,1,6,1,66,10,-1,-1,-1,-1,-1
201460R066633,1,9,0,13,6,0,1,0,0,0,1,1,6,1,49,8,-1,-1,-1,-1,-1
201460R066633,2,9,0,18,6,0,1,0,0,0,1,1,6,2,27,6,-1,-1,-1,-1,-1
201460R066885,1,9,0,18,0,8,0,0,0,0,3,1,6,1,32,6,-1,-1,-1,-1,-1
201460R066947,1,9,0,9,0,8,0,0,0,0,3,1,6,2,37,7,-1,-1,-1,-1,-1
201460R066947,2,21,0,18,0,8,0,0,0,0,1,1,1,1,44,7,-1,-1,-1,-1,-1
201460R066995,1,9,0,18,0,2,0,0,0,0,1,1,1,1,57,9,-1,-1,-1,-1,-1
201460R066995,2,1,0,9,0,6,0,0,0,0,1,1,6,1,18,4,-1,-1,-1,-1,-1
201460R067033,1,9,0,5,0,4,0,0,0,0,2,1,1,2,45,7,-1,-1,-1,-1,-1
201460R067033,2,9,0,5,0,4,0,0,0,0,1,1,2,1,69,10,-1,-1,-1,-1,-1
201460R067057,1,8,0,9,0,1,0,0,0,0,1,1,1,2,52,8,-1,-1,-1,-1,-1
201460R067057,2,9,0,18,0,1,0,0,0,0,2,1,6,3,-1,-1,-1,-1,-1,-1,-1
201460R067062,1,9,0,18,0,0,0,0,1,3,1,1,6,1,52,8,-1,-1,-1,-1,-1
201460R067216,1,9,0,5,0,0,0,0,0,0,3,1,6,1,68,10,-1,-1,-1,-1,-1
201460R067216,2,9,0,2,0,0,0,0,0,0,4,1,6,2,42,7,-1,-1,-1,-1,-1
201460R067313,1,9,0,2,0,1,0,0,0,0,2,1,6,2,47,8,-1,-1,-1,-1,-1
201460R067594,1,9,0,18,0,0,0,0,0,0,1,1,6,1,52,8,-1,-1,-1,-1,-1
201460R067594,2,9,0,4,0,0,0,0,0,0,2,1,6,2,49,8,-1,-1,-1,-1,-1
201460R067644,1,9,0,18,0,1,0,0,0,0,1,1,6,2,19,4,-1,-1,-1,-1,-1
201460R067644,2,9,0,3,0,1,0,0,0,0,2,1,6,2,67,10,-1,-1,-1,-1,-1
201460R067644,3,9,0,3,0,1,0,0,0,0,2,1,6,2,47,8,-1,-1,-1,-1,-1
201460R067644,4,19,0,3,0,1,0,0,0,0,2,1,1,1,61,9,-1,-1,-1,-1,-1
201460R067801,1,9,0,18,0,1,0,0,0,0,1,1,6,1,50,8,-1,-1,-1,-1,-1
201460R067801,2,9,0,3,0,1,0,0,0,0,2,1,6,2,20,4,-1,-1,-1,-1,-1
201460R068017,1,9,0,9,0,1,0,0,0,0,1,1,6,3,-1,-1,-1,-1,-1,-1,-1
201460R068017,2,1,0,18,0,2,0,0,0,0,2,1,6,1,22,5,-1,-1,-1,-1,-1
201460R068023,1,9,0,9,0,2,0,0,0,0,1,1,6,2,30,6,-1,-1,-1,-1,-1
201460R068023,2,9,0,18,0,1,1,0,0,0,1,1,2,2,39,7,-1,-1,-1,-1,-1
201460R068155,1,9,0,9,0,1,0,0,0,0,1,1,6,2,17,4,-1,-1,-1,-1,-1
201460R068155,2,9,0,18,0,1,0,0,0,0,1,1,6,1,26,6,-1,-1,-1,-1,-1
201460R068231,1,9,0,18,0,0,0,0,0,0,1,1,6,2,34,6,-1,-1,-1,-1,-1
201460R068231,2,9,0,4,0,0,0,0,0,0,2,1,6,1,21,5,-1,-1,-1,-1,-1
201460R068231,3,9,0,4,0,0,0,0,0,0,2,1,6,1,33,6,-1,-1,-1,-1,-1
201460R068233,1,11,0,1,0,0,0,0,0,0,2,1,1,1,48,8,-1,-1,-1,-1,-1
201460R068411,1,9,0,11,0,0,0,0,1,0,0,1,2,2,24,5,-1,-1,-1,-1,-1
201460R068659,1,9,0,18,0,0,0,0,0,0,1,1,6,1,83,11,-1,-1,-1,-1,-1
201460R068659,2,9,0,3,0,0,0,0,0,0,2,1,6,1,37,7,-1,-1,-1,-1,-1
201460R068659,3,9,0,3,0,0,0,0,0,0,1,1,6,1,29,6,-1,-1,-1,-1,-1
201460R068659,4,9,0,3,0,0,0,0,0,0,2,1,6,2,54,8,-1,-1,-1,-1,-1
201460R068664,1,3,0,14,0,1,0,0,0,0,3,1,6,1,21,5,-1,-1,-1,-1,-1
201460R068779,1,9,0,9,0,1,0,0,0,0,3,1,2,2,37,7,-1,-1,-1,-1,-1
201460R068779,2,9,0,14,0,1,0,0,0,0,4,1,2,2,39,7,-1,-1,-1,-1,-1
201460R069217,1,9,0,4,0,0,1,0,0,0,1,1,6,1,43,7,-1,-1,-1,-1,-1
201460R069217,2,9,0,3,0,0,0,0,0,0,2,1,6,2,27,6,-1,-1,-1,-1,-1
201460R069217,3,9,0,3,0,0,0,0,0,0,2,1,6,1,27,6,-1,-1,-1,-1,-1
201460R069217,4,9,0,3,0,0,0,0,0,0,2,1,6,1,24,5,-1,-1,-1,-1,-1
201460R069217,5,9,0,3,0,0,0,0,0,0,2,1,6,2,43,7,-1,-1,-1,-1,-1
201460R069247,1,9,0,18,0,1,0,0,0,0,1,1,6,1,52,8,-1,-1,-1,-1,-1
201460R069247,2,9,0,3,0,1,0,0,0,0,2,1,6,2,19,4,-1,-1,-1,-1,-1
201460R069258,1,9,0,18,0,3,0,0,1,7,1,1,6,1,19,4,-1,-1,-1,-1,-1
201460R069522,1,9,0,16,0,0,2,0,7,11,3,1,6,1,29,6,-1,-1,-1,-1,-1
201460R069696,1,9,0,13,0,0,0,0,0,0,1,1,6,1,26,6,-1,-1,-1,-1,-1
201460R069696,2,9,0,18,0,0,0,0,0,0,1,1,1,1,36,7,-1,-1,-1,-1,-1
201460R069696,3,9,3,18,0,0,0,0,0,0,0,1,6,1,49,8,-1,-1,-1,-1,-1
201460R069699,1,9,0,12,0,1,0,0,0,0,3,1,6,1,51,8,-1,-1,-1,-1,-1
201460R069699,2,5,0,18,0,1,0,0,0,0,4,1,6,1,61,9,-1,-1,-1,-1,-1
201460R069773,1,21,1,7,0,1,0,0,0,0,2,1,1,1,36,7,-1,-1,-1,-1,-1
201460R069773,2,9,0,3,0,2,0,0,0,0,2,1,6,2,33,6,-1,-1,-1,-1,-1
201460R070036,1,9,0,9,0,5,0,0,0,0,4,1,6,2,39,7,-1,-1,-1,-1,-1
201460R070036,2,9,0,18,0,1,0,0,0,0,1,1,2,2,36,7,-1,-1,-1,-1,-1
201460R070036,3,9,0,18,0,1,0,0,0,0,2,1,2,2,36,7,-1,-1,-1,-1,-1
201460R070036,4,9,0,18,0,1,0,0,0,0,1,1,2,2,31,6,-1,-1,-1,-1,-1
201460R070040,1,9,0,17,0,1,1,0,0,0,1,1,2,2,29,6,-1,-1,-1,-1,-1
201460R070040,2,9,0,18,0,1,0,0,0,0,1,1,6,2,45,7,-1,-1,-1,-1,-1
201460R070059,1,9,0,18,0,0,0,0,0,0,1,1,1,2,51,8,-1,-1,-1,-1,-1
201460R070059,2,9,0,18,0,0,0,0,1,9,3,1,1,1,39,7,-1,-1,-1,-1,-1
201460R070059,3,9,0,18,0,0,0,0,0,0,2,1,1,1,46,8,-1,-1,-1,-1,-1
201460R070265,1,11,0,4,0,1,0,0,0,0,0,1,1,1,54,8,-1,-1,-1,-1,-1
201460R070276,1,9,0,18,0,8,0,0,1,7,1,1,2,2,57,9,-1,-1,-1,-1,-1
201460R070686,1,9,0,14,0,0,0,0,0,0,1,1,6,1,55,8,-1,-1,-1,-1,-1
201460R070686,2,19,0,2,0,0,0,0,0,0,0,1,1,1,44,7,-1,-1,-1,-1,-1
201460R070865,1,9,0,1,0,3,0,0,0,0,2,1,6,1,45,7,-1,-1,-1,-1,-1
201460R070865,2,1,0,18,0,8,0,0,0,0,1,1,6,1,18,4,-1,-1,-1,-1,-1
201460R071102,1,9,0,18,0,1,0,0,0,0,3,1,3,2,65,9,-1,-1,-1,-1,-1
201460R071102,2,9,0,10,0,5,0,0,0,0,4,1,1,2,30,6,-1,-1,-1,-1,-1
201460R071102,3,9,0,10,0,1,0,0,0,0,3,1,1,1,50,8,-1,-1,-1,-1,-1
201460R071107,1,9,0,18,0,0,0,0,0,0,3,1,1,1,51,8,-1,-1,-1,-1,-1
201460R071107,2,9,0,18,0,0,0,0,1,0,3,1,1,1,53,8,-1,-1,-1,-1,-1
201460R071197,1,9,0,18,0,7,0,0,0,0,4,1,6,1,64,9,-1,-1,-1,-1,-1
201460R071197,2,9,0,18,0,1,0,0,0,0,1,1,6,1,74,10,-1,-1,-1,-1,-1
201460R071508,1,9,0,4,0,0,0,0,0,0,2,1,6,2,46,8,-1,-1,-1,-1,-1
201460R071508,2,1,0,18,0,0,0,0,0,0,1,1,6,1,31,6,-1,-1,-1,-1,-1
201460R071587,1,9,0,18,0,6,1,0,0,0,1,1,6,1,17,4,-1,-1,-1,-1,-1
201460R071587,2,9,0,18,0,1,1,0,1,0,1,1,2,1,46,8,-1,-1,-1,-1,-1
201460R071800,1,3,0,16,0,2,0,0,0,0,1,1,6,1,58,9,-1,-1,-1,-1,-1
201460R071800,2,98,0,17,0,1,0,0,0,0,2,1,1,1,29,6,-1,-1,-1,-1,-1
201460R071946,1,19,0,16,0,0,0,0,0,0,3,1,2,1,47,8,-1,-1,-1,-1,-1
201460R071946,2,9,0,17,0,0,0,0,0,0,3,1,2,2,33,6,-1,-1,-1,-1,-1
201460R071973,1,9,0,18,0,0,0,0,0,0,1,1,1,1,51,8,-1,-1,-1,-1,-1
201460R071973,2,19,0,2,0,0,0,0,0,0,2,1,1,1,55,8,-1,-1,-1,-1,-1
201460R071994,1,9,0,7,0,5,0,0,0,0,1,1,6,2,88,11,-1,-1,-1,-1,-1
201460R071994,2,5,0,18,0,1,0,0,0,0,1,1,6,1,24,5,-1,-1,-1,-1,-1
201460R072025,1,9,0,6,0,0,0,0,0,0,1,1,6,1,21,5,-1,-1,-1,-1,-1
201460R072025,2,11,0,18,0,0,0,0,0,0,3,1,6,1,63,9,-1,-1,-1,-1,-1
201460R072041,1,9,0,18,0,1,0,0,0,0,1,1,6,2,26,6,-1,-1,-1,-1,-1
201460R072041,2,9,0,3,0,1,0,0,0,0,2,1,6,2,30,6,-1,-1,-1,-1,-1
201460R072050,1,19,0,17,0,0,1,0,1,11,1,1,1,1,22,5,-1,-1,-1,-1,-1
201460R072067,1,9,0,18,0,1,0,0,0,0,1,1,6,1,52,8,-1,-1,-1,-1,-1
201460R072067,2,9,0,4,0,1,0,0,0,0,2,1,6,2,47,8,-1,-1,-1,-1,-1
201460R072428,1,9,0,18,0,0,0,0,0,0,1,1,6,1,75,10,-1,-1,-1,-1,-1
201460R072498,1,3,0,18,0,8,1,0,1,9,1,1,2,1,28,6,-1,-1,-1,-1,-1
201460R072498,2,9,0,7,0,8,0,0,0,0,4,1,3,2,44,7,-1,-1,-1,-1,-1
201460R072794,1,11,0,18,0,1,0,0,0,0,0,1,1,1,58,9,-1,-1,-1,-1,-1
201460R072794,2,9,0,9,0,5,0,0,0,0,0,1,6,3,-1,-1,-1,-1,-1,-1,-1
201460R073006,1,9,0,5,0,6,0,0,0,0,3,1,2,1,24,5,-1,-1,-1,-1,-1
201460R073006,2,9,0,18,0,1,0,0,0,0,1,1,6,1,41,7,-1,-1,-1,-1,-1
201460R073039,1,9,0,9,0,5,0,0,0,0,1,1,6,1,25,5,-1,-1,-1,-1,-1
201460R073039,2,9,0,18,0,1,0,0,0,0,1,1,6,2,28,6,-1,-1,-1,-1,-1
201460R073039,3,9,0,18,0,1,0,0,0,0,3,1,6,2,33,6,-1,-1,-1,-1,-1
201460R073047,1,5,0,17,0,0,0,0,0,0,4,1,6,1,64,9,-1,-1,-1,-1,-1
201460R073243,1,9,0,9,0,6,0,0,0,0,3,1,6,2,40,7,-1,-1,-1,-1,-1
201460R073243,2,1,0,18,0,1,0,0,0,0,1,1,6,1,60,9,-1,-1,-1,-1,-1
201460R073349,1,9,0,17,0,0,1,10,2,4,1,1,6,2,27,6,-1,-1,-1,-1,-1
201460R073445,1,19,0,17,0,0,5,0,1,4,1,1,6,1,29,6,-1,-1,-1,-1,-1
201460R073445,2,19,0,17,0,0,1,0,0,0,1,1,6,1,26,6,-1,-1,-1,-1,-1
201460R073598,1,1,0,4,0,0,5,0,2,11,3,1,6,1,66,10,-1,-1,-1,-1,-1
201460R073598,2,9,0,18,0,0,0,0,0,0,4,1,6,1,80,11,-1,-1,-1,-1,-1
201460R073598,3,1,0,4,5,0,0,0,0,0,4,1,6,1,44,7,-1,-1,-1,-1,-1
201460R073675,1,5,0,17,0,0,1,0,1,11,1,1,6,1,56,9,-1,-1,-1,-1,-1
201460R073678,1,3,0,18,0,1,0,0,0,0,1,1,6,1,20,4,-1,-1,-1,-1,-1
201460R073678,2,9,0,9,0,6,0,0,0,0,3,1,6,2,45,7,-1,-1,-1,-1,-1
201460R073792,1,9,0,18,0,0,1,0,0,0,1,1,6,2,20,4,-1,-1,-1,-1,-1
201460R073870,1,5,0,18,0,6,1,0,0,0,1,1,6,1,15,3,-1,-1,-1,-1,-1
201460R073870,2,9,0,18,0,8,0,0,0,0,4,1,6,1,76,11,-1,-1,-1,-1,-1
201460R074276,1,9,0,5,0,0,0,0,0,0,4,1,6,1,39,7,-1,-1,-1,-1,-1
201460R074429,1,9,0,18,0,0,0,0,0,0,3,1,6,2,44,7,-1,-1,-1,-1,-1
201460R074602,1,9,0,6,0,6,0,0,0,0,3,1,2,1,26,6,-1,-1,-1,-1,-1
201460R074602,2,9,0,18,0,1,0,0,0,0,1,1,6,2,39,7,-1,-1,-1,-1,-1
201460R074604,1,9,0,4,0,4,0,0,0,0,1,1,2,1,67,10,-1,-1,-1,-1,-1
201460R074604,2,9,0,4,0,4,0,0,0,0,2,1,2,1,59,9,-1,-1,-1,-1,-1
201460R074636,1,9,0,9,0,1,0,0,0,0,1,1,6,2,19,4,-1,-1,-1,-1,-1
201460R074636,2,9,0,18,0,1,0,0,0,0,1,1,6,1,36,7,-1,-1,-1,-1,-1
201460R074692,1,9,0,17,0,0,2,0,1,0,1,1,6,1,24,5,-1,-1,-1,-1,-1
201460R074839,1,9,0,5,0,4,0,0,0,0,1,1,2,2,48,8,-1,-1,-1,-1,-1
201460R074839,2,19,0,4,0,4,0,0,0,0,2,1,1,1,26,6,-1,-1,-1,-1,-1
201460R075044,1,9,0,18,0,8,0,7,0,0,4,1,6,3,-1,-1,-1,-1,-1,-1,-1
201460R075044,2,9,0,18,0,8,0,0,0,0,1,1,6,2,19,4,-1,-1,-1,-1,-1
201460R075158,1,9,0,3,0,0,0,0,0,0,3,1,2,2,48,8,-1,-1,-1,-1,-1
201460R075158,2,1,0,4,0,0,0,0,0,0,0,1,6,1,18,4,-1,-1,-1,-1,-1
201460R075492,1,9,0,18,0,2,0,0,0,0,1,1,6,2,46,8,-1,-1,-1,-1,-1
201460R075492,2,9,0,4,0,2,0,4,0,0,2,1,3,2,42,7,-1,-1,-1,-1,-1
201460R075492,3,9,0,2,0,2,0,0,0,0,2,1,6,3,33,6,-1,-1,-1,-1,-1
201460R075682,1,9,0,18,0,0,1,0,0,0,3,1,1,1,19,4,-1,-1,-1,-1,-1
201460R075682,2,9,0,4,0,0,0,0,0,0,3,1,1,2,48,8,-1,-1,-1,-1,-1
201460R075690,1,9,0,9,0,1,0,0,0,0,3,1,6,1,-1,-1,-1,-1,-1,-1,-1
201460R075830,1,9,0,4,0,1,0,0,0,0,1,1,2,1,40,7,-1,-1,-1,-1,-1
201460R075830,2,9,0,8,0,1,0,0,0,0,2,1,2,2,30,6,-1,-1,-1,-1,-1
201460R075950,1,9,0,16,0,0,5,0,1,0,3,1,6,1,19,4,-1,-1,-1,-1,-1
201460R075950,2,9,0,17,0,0,0,0,0,0,3,1,6,1,40,7,-1,-1,-1,-1,-1
201460R076330,1,9,0,18,0,8,0,0,0,0,3,1,6,1,83,11,-1,-1,-1,-1,-1
201460R076330,2,21,0,18,0,8,1,0,0,0,1,1,1,1,27,6,-1,-1,-1,-1,-1
201460R076330,3,9,0,3,0,1,0,0,0,0,0,1,6,1,43,7,-1,-1,-1,-1,-1
201460R076346,1,3,0,4,0,1,1,0,1,11,1,1,2,1,35,6,-1,-1,-1,-1,-1
201460R076346,2,9,0,3,0,1,0,0,0,0,2,1,6,2,65,9,-1,-1,-1,-1,-1
201460R076521,1,9,0,9,0,6,0,0,0,0,3,1,6,2,23,5,-1,-1,-1,-1,-1
201460R076521,2,9,0,17,0,1,0,0,0,0,1,1,6,1,34,6,-1,-1,-1,-1,-1
201460R076597,1,9,0,16,0,1,0,0,0,0,1,1,6,1,20,4,-1,-1,-1,-1,-1
201460R076597,2,9,0,10,0,1,0,0,0,0,2,1,6,1,48,8,-1,-1,-1,-1,-1
201460R076647,1,19,0,18,0,0,0,0,0,0,1,1,1,1,47,8,-1,-1,-1,-1,-1
201460R076652,1,9,0,18,0,1,0,0,0,0,1,1,6,2,45,7,-1,-1,-1,-1,-1
201460R076797,1,9,0,17,0,0,0,0,0,0,1,1,6,1,53,8,-1,-1,-1,-1,-1
201460R076797,2,9,0,16,0,0,0,0,0,0,1,1,6,2,40,7,-1,-1,-1,-1,-1
201460R076797,3,9,0,16,0,0,0,10,0,0,0,1,6,1,32,6,-1,-1,-1,-1,-1
201460R076963,1,9,0,9,0,6,0,0,0,0,3,1,6,1,69,10,-1,-1,-1,-1,-1
201460R076963,2,9,0,18,0,1,0,0,1,0,3,1,6,1,27,6,-1,-1,-1,-1,-1
201460R076968,1,9,0,17,0,0,1,0,0,0,1,1,6,1,21,5,-1,-1,-1,-1,-1
201460R077085,1,9,0,16,0,0,1,6,7,2,1,1,2,1,24,5,-1,-1,-1,-1,-1
201460R077124,1,9,0,9,0,6,0,0,0,0,3,1,6,1,20,4,-1,-1,-1,-1,-1
201460R077124,2,3,0,18,0,1,1,0,0,0,1,1,6,1,25,5,-1,-1,-1,-1,-1
201460R077431,1,9,0,18,0,1,0,0,0,0,1,1,2,1,18,4,-1,-1,-1,-1,-1
201460R077431,2,9,0,3,0,1,0,0,0,0,2,1,1,1,49,8,-1,-1,-1,-1,-1
201460R077616,1,9,0,17,0,0,1,10,8,4,4,1,2,2,17,4,-1,-1,-1,-1,-1
201460R077616,2,1,0,17,0,0,0,0,1,0,3,1,6,2,34,6,-1,-1,-1,-1,-1
201460R077961,1,21,0,9,0,4,0,0,0,0,3,1,1,1,63,9,-1,-1,-1,-1,-1