Accident_Index,Vehicle_Reference,Vehicle_Type,Towing_and_Articulation,Vehicle_Manoeuvre,Vehicle_Location-Restricted_Lane,Junction_Location,Skidding_and_Overturning,Hit_Object_in_Carriageway,Vehicle_Leaving_Carriageway,Hit_Object_off_Carriageway,1st_Point_of_Impact,Was_Vehicle_Left_Hand_Drive?,Journey_Purpose_of_Driver,Sex_of_Driver,Age_of_Driver,Age_Band_of_Driver,Engine_Capacity_(CC),Propulsion_Code,Age_of_Vehicle,Driver_IMD_Decile,Driver_Home_Area_Type
201460R077961,2,9,0,18,0,4,0,0,0,0,1,1,2,2,23,5,-1,-1,-1,-1,-1
201460R078247,1,9,0,18,0,0,0,0,1,11,1,1,6,1,77,11,-1,-1,-1,-1,-1
201460R078247,2,9,0,18,0,0,0,0,0,0,2,1,6,2,18,4,-1,-1,-1,-1,-1
201460R078247,3,9,0,18,0,0,0,0,0,0,2,1,6,1,38,7,-1,-1,-1,-1,-1
201460R078477,1,9,0,9,0,6,0,0,0,0,1,1,6,2,21,5,-1,-1,-1,-1,-1
201460R078477,2,9,0,18,0,1,0,0,0,0,1,1,6,2,23,5,-1,-1,-1,-1,-1
201460R078478,1,9,0,18,0,2,0,0,7,4,1,1,6,2,52,8,-1,-1,-1,-1,-1
201460R078536,1,5,0,18,0,0,1,0,1,10,1,1,6,1,51,8,-1,-1,-1,-1,-1
201460R078566,1,21,0,18,0,1,1,0,0,0,1,1,1,1,39,7,-1,-1,-1,-1,-1
201460R078566,2,8,0,4,0,1,0,0,0,0,2,1,1,1,53,8,-1,-1,-1,-1,-1
201460R078566,3,9,0,4,0,1,0,0,0,0,0,1,6,2,54,8,-1,-1,-1,-1,-1
201460R078627,1,9,0,16,0,0,0,0,0,0,1,1,6,1,17,4,-1,-1,-1,-1,-1
201460R078627,2,9,0,17,0,0,0,0,0,0,1,1,6,1,42,7,-1,-1,-1,-1,-1
201460R078791,1,9,0,5,0,4,0,0,0,0,1,1,6,1,22,5,-1,-1,-1,-1,-1
201460R078791,2,9,0,3,0,4,0,0,0,0,2,1,2,2,44,7,-1,-1,-1,-1,-1
201460R078798,1,9,0,18,0,1,0,0,0,0,1,2,6,1,21,5,-1,-1,-1,-1,-1
201460R078798,2,9,0,10,0,1,0,0,0,0,2,1,6,2,47,8,-1,-1,-1,-1,-1
201460R078927,1,1,0,18,0,1,0,0,0,0,1,1,6,1,15,3,-1,-1,-1,-1,-1
201460R078927,2,9,0,7,0,8,0,0,0,0,3,1,2,1,61,9,-1,-1,-1,-1,-1
201460R079075,1,9,0,18,0,1,0,0,0,0,1,1,6,1,36,7,-1,-1,-1,-1,-1
201460R079075,2,9,0,4,0,1,0,0,1,9,2,1,6,1,31,6,-1,-1,-1,-1,-1
201460R079118,1,9,0,9,7,5,0,0,0,0,1,1,6,1,49,8,-1,-1,-1,-1,-1
201460R079118,2,9,0,13,0,8,0,0,0,0,4,1,1,1,48,8,-1,-1,-1,-1,-1
201460R079233,1,9,0,18,0,1,0,0,0,0,1,1,6,2,-1,-1,-1,-1,-1,-1,-1
201460R079233,2,9,0,3,0,4,0,0,0,0,2,1,6,2,29,6,-1,-1,-1,-1,-1
201460R079285,1,5,0,18,0,0,1,0,0,0,1,1,6,1,59,9,-1,-1,-1,-1,-1
201460R079319,1,9,0,16,0,0,1,0,2,4,1,1,6,1,19,4,-1,-1,-1,-1,-1
201460R079404,1,9,0,13,0,1,1,0,0,0,1,1,2,1,47,8,-1,-1,-1,-1,-1
201460R079404,2,9,0,9,0,5,0,0,7,11,2,1,6,1,25,5,-1,-1,-1,-1,-1
201460R079411,1,9,0,18,0,1,0,0,0,0,1,1,6,3,-1,-1,-1,-1,-1,-1,-1
201460R079411,2,9,0,3,0,1,0,0,0,0,2,1,6,2,52,8,-1,-1,-1,-1,-1
201460R079593,1,9,0,16,0,0,0,0,0,0,1,1,2,1,21,5,-1,-1,-1,-1,-1
201460R079593,2,3,0,17,0,0,1,0,0,0,2,1,2,1,24,5,-1,-1,-1,-1,-1
201460R079600,1,9,0,17,0,0,0,0,7,11,1,1,2,2,21,5,-1,-1,-1,-1,-1
201460R079731,1,9,0,17,0,0,0,0,1,4,4,1,6,1,78,11,-1,-1,-1,-1,-1
201460R079744,1,9,0,18,0,1,0,0,0,0,1,1,6,2,28,6,-1,-1,-1,-1,-1
201460R079744,2,1,0,18,0,1,0,0,0,0,2,1,6,1,69,10,-1,-1,-1,-1,-1
201460R079809,1,9,0,18,0,1,0,0,0,0,1,1,1,1,70,10,-1,-1,-1,-1,-1
201460R079809,2,9,0,18,0,2,0,0,0,0,1,1,1,1,36,7,-1,-1,-1,-1,-1
201460R079843,1,9,0,18,0,1,0,0,0,0,4,1,6,3,-1,-1,-1,-1,-1,-1,-1
201460R079855,1,9,0,18,0,1,5,0,1,10,1,1,6,1,51,8,-1,-1,-1,-1,-1
201460R079966,1,9,0,4,0,0,0,0,0,0,1,1,2,1,44,7,-1,-1,-1,-1,-1
201460R079966,2,9,0,4,0,0,0,0,0,0,1,1,6,1,39,7,-1,-1,-1,-1,-1
201460R080034,1,9,0,17,0,0,2,0,1,0,0,1,2,2,20,4,-1,-1,-1,-1,-1
201460R080250,1,9,0,18,0,1,1,0,0,0,1,1,6,1,51,8,-1,-1,-1,-1,-1
201460R080250,2,9,0,4,0,1,0,0,0,0,1,1,6,1,68,10,-1,-1,-1,-1,-1
201460R080326,1,9,0,17,0,1,0,0,0,0,1,1,6,1,50,8,-1,-1,-1,-1,-1
201460R080344,1,5,0,16,0,0,1,0,7,11,4,1,6,1,50,8,-1,-1,-1,-1,-1
201460R080421,1,1,0,18,0,0,0,0,0,0,1,1,6,1,8,2,-1,-1,-1,-1,-1
201460R080421,2,9,0,18,0,0,1,0,0,0,4,1,6,1,34,6,-1,-1,-1,-1,-1
201460R080614,1,9,0,18,0,1,0,0,0,0,1,1,6,1,-1,-1,-1,-1,-1,-1,-1
201460R080614,2,9,0,3,0,1,0,0,0,0,2,1,1,2,18,4,-1,-1,-1,-1,-1
201460R080760,1,9,0,17,0,0,2,0,2,11,4,1,6,1,18,4,-1,-1,-1,-1,-1
201460R080922,1,9,0,18,0,0,5,0,7,4,1,1,6,1,24,5,-1,-1,-1,-1,-1
201460R081142,1,9,0,18,0,5,1,7,1,0,1,1,6,1,50,8,-1,-1,-1,-1,-1
201460R081142,2,9,0,10,0,5,0,0,0,0,0,1,6,1,45,7,-1,-1,-1,-1,-1
201460R081626,1,5,0,16,0,0,1,0,1,0,0,1,6,1,49,8,-1,-1,-1,-1,-1
201460R081626,2,5,0,16,0,0,1,0,2,11,1,1,6,1,47,8,-1,-1,-1,-1,-1
201460R081626,3,9,0,18,0,0,0,0,0,0,1,1,1,2,29,6,-1,-1,-1,-1,-1
201460R081626,4,5,0,18,0,0,0,0,0,0,1,1,6,1,50,8,-1,-1,-1,-1,-1
201460R081626,5,5,0,18,0,0,0,0,0,0,1,1,6,1,26,6,-1,-1,-1,-1,-1
201460R081626,6,5,0,18,0,0,0,0,0,0,1,1,6,1,48,8,-1,-1,-1,-1,-1
201460R081626,7,5,0,16,0,0,0,0,0,0,0,1,6,1,58,9,-1,-1,-1,-1,-1
201460R081709,1,97,0,18,0,0,0,0,0,0,1,1,6,1,56,9,-1,-1,-1,-1,-1
201460R081709,2,9,0,3,0,0,0,0,0,0,2,1,6,2,35,6,-1,-1,-1,-1,-1
201460R081726,1,9,0,16,0,0,0,0,0,0,3,1,6,2,41,7,-1,-1,-1,-1,-1
201460R081726,2,5,0,17,0,0,1,0,2,11,3,1,6,1,63,9,-1,-1,-1,-1,-1
201460R081786,1,17,0,18,0,0,0,0,0,0,0,1,6,1,-1,-1,-1,-1,-1,-1,-1
201460R081786,2,16,0,18,0,0,0,0,0,0,0,1,6,2,67,10,-1,-1,-1,-1,-1
201460R081832,1,9,0,18,0,0,0,0,0,0,1,1,6,1,28,6,-1,-1,-1,-1,-1
201460R081832,2,1,0,2,0,0,0,0,0,0,3,1,6,2,4,1,-1,-1,-1,-1,-1
201460R081898,1,9,0,16,0,0,0,0,0,0,0,1,6,3,-1,-1,-1,-1,-1,-1,-1
201460R081898,2,4,0,17,0,0,0,0,0,0,0,1,1,1,24,5,-1,-1,-1,-1,-1
201460R082003,1,9,0,18,0,0,0,4,0,0,1,1,1,1,-1,-1,-1,-1,-1,-1,-1
201460R082003,2,9,0,2,0,0,0,4,1,0,2,1,6,3,35,6,-1,-1,-1,-1,-1
201460R082003,3,9,0,2,0,0,0,0,0,0,2,1,6,3,27,6,-1,-1,-1,-1,-1
201460R082032,1,3,0,18,0,0,0,0,0,0,1,1,2,1,17,4,-1,-1,-1,-1,-1
201460R082032,2,9,0,4,0,0,0,0,0,0,2,1,1,1,57,9,-1,-1,-1,-1,-1
201460R082032,3,98,0,18,0,0,0,0,0,0,0,1,2,1,26,6,-1,-1,-1,-1,-1
201460R082238,1,9,0,5,0,6,0,0,0,0,1,1,6,1,55,8,-1,-1,-1,-1,-1
201460R082238,2,9,0,18,0,8,0,0,7,0,4,1,3,1,17,4,-1,-1,-1,-1,-1
201460R082668,1,9,0,18,0,0,0,0,0,0,3,1,1,2,42,7,-1,-1,-1,-1,-1
201460R082668,2,9,0,18,0,0,0,0,0,0,3,1,6,1,64,9,-1,-1,-1,-1,-1
201460R082822,1,9,0,18,0,3,0,0,0,0,4,1,6,2,24,5,-1,-1,-1,-1,-1
201460R082915,1,9,0,9,0,6,0,0,0,0,1,1,6,2,24,5,-1,-1,-1,-1,-1
201460R082915,2,9,0,17,0,1,0,0,0,0,4,1,2,1,56,9,-1,-1,-1,-1,-1
201460R083054,1,9,0,16,0,0,1,6,0,0,3,2,6,1,22,5,-1,-1,-1,-1,-1
201460R083131,1,9,0,1,0,2,0,0,0,0,2,1,6,1,86,11,-1,-1,-1,-1,-1
201460R083157,1,9,0,18,0,8,0,0,0,0,1,1,6,2,61,9,-1,-1,-1,-1,-1
201460R083393,1,9,0,16,0,0,1,0,0,0,1,1,6,1,19,4,-1,-1,-1,-1,-1
201460R083393,2,9,0,3,0,0,0,0,0,0,1,1,6,1,59,9,-1,-1,-1,-1,-1
201460R083401,1,9,0,16,0,0,0,0,7,11,1,1,6,1,24,5,-1,-1,-1,-1,-1
201460R083658,1,9,0,7,0,6,0,0,0,0,3,1,3,1,37,7,-1,-1,-1,-1,-1
201460R083658,2,1,0,17,0,8,0,0,0,0,4,1,6,1,52,8,-1,-1,-1,-1,-1
201460R083671,1,9,0,18,0,0,0,0,0,0,4,1,1,2,54,8,-1,-1,-1,-1,-1
201460R083791,1,9,0,9,0,8,0,0,0,0,1,1,1,2,33,6,-1,-1,-1,-1,-1
201460R083791,2,1,0,14,0,1,0,0,0,0,1,1,2,1,44,7,-1,-1,-1,-1,-1
201460R083871,1,9,0,13,0,0,0,0,0,0,3,1,6,1,36,7,-1,-1,-1,-1,-1
201460R083871,2,5,0,13,0,0,0,0,7,0,4,1,6,1,63,9,-1,-1,-1,-1,-1
201460R083873,1,9,0,18,0,1,0,0,0,0,1,1,6,2,41,7,-1,-1,-1,-1,-1
201460R083873,2,9,0,4,0,1,0,0,0,0,2,1,6,2,40,7,-1,-1,-1,-1,-1
201460R083927,1,5,0,17,0,0,1,0,0,0,3,1,6,1,51,8,-1,-1,-1,-1,-1
201460R084081,1,9,0,18,0,1,0,0,0,0,1,1,6,1,20,4,-1,-1,-1,-1,-1
201460R084081,2,1,0,10,0,1,0,0,0,0,0,1,6,1,32,6,-1,-1,-1,-1,-1
201460R084081,3,1,0,10,0,1,0,0,0,0,4,1,6,2,32,6,-1,-1,-1,-1,-1
201460R084370,1,9,0,16,0,0,0,0,7,4,1,1,6,1,77,11,-1,-1,-1,-1,-1
201460R084370,2,9,0,17,0,0,0,0,0,0,1,1,6,1,68,10,-1,-1,-1,-1,-1
201460R084461,1,9,0,5,0,6,0,0,0,0,1,1,6,1,50,8,-1,-1,-1,-1,-1
201460R084461,2,1,0,18,0,8,0,0,0,0,3,1,6,1,41,7,-1,-1,-1,-1,-1
201460R084474,1,9,0,18,0,0,1,0,0,0,1,1,6,1,28,6,-1,-1,-1,-1,-1
201460R084474,2,19,0,3,0,0,0,0,0,0,1,1,6,1,34,6,-1,-1,-1,-1,-1
201460R084878,1,11,0,7,0,5,0,0,0,0,4,1,6,1,57,9,-1,-1,-1,-1,-1
201460R084879,1,9,0,18,0,1,0,0,0,0,1,1,6,1,44,7,-1,-1,-1,-1,-1
201460R084879,2,9,0,7,0,5,0,0,0,0,2,1,6,2,26,6,-1,-1,-1,-1,-1
201460R084882,1,5,0,16,0,0,1,0,0,0,4,1,6,1,57,9,-1,-1,-1,-1,-1
201460R084937,1,9,0,18,0,1,0,0,0,0,1,1,6,1,81,11,-1,-1,-1,-1,-1
201460R084937,2,9,0,3,0,1,0,0,0,0,2,1,6,1,45,7,-1,-1,-1,-1,-1
201460R084937,3,9,0,9,0,5,0,0,0,0,2,1,6,1,39,7,-1,-1,-1,-1,-1
201460R085003,1,9,0,18,0,1,0,0,0,0,4,1,1,2,21,5,-1,-1,-1,-1,-1
201460R085003,2,1,0,18,0,6,0,0,0,0,1,1,6,1,8,2,-1,-1,-1,-1,-1
201460R085134,1,5,0,17,0,0,1,0,1,9,1,1,6,1,52,8,-1,-1,-1,-1,-1
201460R085144,1,17,0,4,0,0,0,0,0,0,0,1,6,3,-1,-1,-1,-1,-1,-1,-1
201460R085144,2,9,0,18,0,0,0,0,0,0,1,1,6,2,34,6,-1,-1,-1,-1,-1
201460R085144,3,9,0,4,0,0,0,0,0,0,2,1,6,1,29,6,-1,-1,-1,-1,-1
201460R085150,1,9,0,13,0,1,0,0,0,0,4,1,6,2,31,6,-1,-1,-1,-1,-1
201460R085150,2,9,0,9,0,1,0,0,0,0,4,1,6,1,63,9,-1,-1,-1,-1,-1
201460R085618,1,5,0,17,0,0,0,0,1,0,0,1,6,1,39,7,-1,-1,-1,-1,-1
201460R085618,2,5,0,17,0,0,0,0,1,0,0,1,6,1,42,7,-1,-1,-1,-1,-1
201460R085730,1,5,0,17,0,0,0,0,1,11,1,1,6,1,27,6,-1,-1,-1,-1,-1
201460R086194,1,9,0,4,0,1,0,0,0,0,2,1,6,2,38,7,-1,-1,-1,-1,-1
201460R086194,2,9,0,18,0,1,0,0,0,0,1,1,6,1,37,7,-1,-1,-1,-1,-1
201460R086469,1,9,0,5,0,0,0,0,0,0,4,1,6,3,-1,-1,-1,-1,-1,-1,-1
201460R086600,1,9,0,18,0,4,0,0,0,0,3,1,2,1,56,9,-1,-1,-1,-1,-1
201460R086600,2,9,0,18,0,3,0,0,0,0,4,1,2,1,21,5,-1,-1,-1,-1,-1
201460R086638,1,9,0,9,0,2,0,0,0,0,1,1,6,2,83,11,-1,-1,-1,-1,-1
201460R086970,1,9,0,18,0,0,0,0,0,0,1,1,6,2,19,4,-1,-1,-1,-1,-1
201460R086970,2,10,0,4,0,0,0,0,0,0,2,1,1,1,41,7,-1,-1,-1,-1,-1
201460R087122,1,9,0,18,0,2,1,0,1,1,1,1,6,1,36,7,-1,-1,-1,-1,-1
201460R087195,1,9,0,16,0,0,0,0,0,0,1,1,6,1,19,4,-1,-1,-1,-1,-1
201460R087195,2,5,0,17,0,0,0,0,0,0,1,1,6,1,18,4,-1,-1,-1,-1,-1
201460R087366,1,3,0,17,0,0,1,10,7,0,1,1,6,1,24,5,-1,-1,-1,-1,-1
201460R087736,1,5,0,18,0,0,1,0,0,0,1,1,2,1,38,7,-1,-1,-1,-1,-1
201460R087938,1,9,0,11,0,0,0,0,0,0,0,1,6,2,53,8,-1,-1,-1,-1,-1
201460R087938,2,11,0,18,0,0,0,0,0,0,0,1,1,1,55,8,-1,-1,-1,-1,-1
201460R087958,1,9,0,1,0,2,0,10,1,11,2,1,6,1,89,11,-1,-1,-1,-1,-1
201460R088107,1,1,0,18,0,0,0,0,0,0,1,1,6,1,55,8,-1,-1,-1,-1,-1
201460R088534,1,9,0,9,0,1,0,0,0,0,1,1,6,1,31,6,-1,-1,-1,-1,-1
201460R088534,2,2,0,18,0,1,0,0,0,0,1,1,6,2,54,8,-1,-1,-1,-1,-1
201460R088658,1,9,0,16,0,0,0,0,0,0,1,1,6,2,70,10,-1,-1,-1,-1,-1
201460R088658,2,9,0,17,0,0,0,0,1,0,1,1,6,2,27,6,-1,-1,-1,-1,-1
201460R088744,1,1,0,18,0,6,0,0,0,0,1,1,6,1,9,2,-1,-1,-1,-1,-1
201460R088744,2,9,0,18,0,8,0,0,0,0,3,1,6,2,23,5,-1,-1,-1,-1,-1
201460R088997,1,9,0,16,0,4,0,0,3,1,1,1,1,1,69,10,-1,-1,-1,-1,-1
201460R089141,1,9,0,18,0,0,0,0,0,0,4,1,6,2,19,4,-1,-1,-1,-1,-1
201460R089141,2,9,0,18,0,0,0,0,0,0,3,1,6,1,68,10,-1,-1,-1,-1,-1
201460R089159,1,9,0,5,0,8,0,0,0,0,1,1,6,1,48,8,-1,-1,-1,-1,-1
201460R089159,2,1,0,18,0,8,0,0,0,0,3,1,6,1,64,9,-1,-1,-1,-1,-1
201460R089870,1,9,0,5,0,6,0,0,0,0,1,1,6,1,21,5,-1,-1,-1,-1,-1
201460R089870,2,1,0,16,0,1,0,0,0,0,1,1,6,1,47,8,-1,-1,-1,-1,-1
201460R089883,1,9,0,9,0,8,0,0,0,0,3,1,6,2,61,9,-1,-1,-1,-1,-1
201460R089883,2,9,0,18,0,1,1,0,0,0,1,1,6,1,70,10,-1,-1,-1,-1,-1
201460R090188,1,9,0,16,0,0,1,0,7,11,1,1,6,1,19,4,-1,-1,-1,-1,-1
201460R090598,1,9,0,18,0,0,0,0,0,0,1,1,6,3,-1,-1,-1,-1,-1,-1,-1
201460R090598,2,1,0,18,0,0,0,0,0,0,2,1,6,1,20,4,-1,-1,-1,-1,-1
201460R090606,1,9,0,18,0,1,0,0,1,7,1,1,6,2,43,7,-1,-1,-1,-1,-1
201460R091299,1,9,0,13,0,0,0,0,0,0,1,1,6,1,45,7,-1,-1,-1,-1,-1
201460R091299,2,9,0,16,0,0,0,0,0,0,1,1,6,1,22,5,-1,-1,-1,-1,-1
201460R091299,3,9,0,17,0,0,0,0,0,0,0,1,6,1,60,9,-1,-1,-1,-1,-1
201460R091385,1,19,0,16,0,0,2,0,2,3,1,1,6,1,24,5,-1,-1,-1,-1,-1
201460R091486,1,9,0,9,0,2,0,0,0,0,1,1,6,1,48,8,-1,-1,-1,-1,-1
201460R091486,2,9,0,16,0,1,0,0,0,0,1,1,6,1,43,7,-1,-1,-1,-1,-1
201460R091596,1,9,0,18,0,0,0,0,0,0,1,1,6,2,23,5,-1,-1,-1,-1,-1
201460R091596,2,9,0,3,0,0,0,0,0,0,2,1,6,1,55,8,-1,-1,-1,-1,-1
201460R091666,1,9,0,18,0,0,0,0,0,0,1,1,6,1,-1,-1,-1,-1,-1,-1,-1
201460R091666,2,9,0,4,0,0,0,0,0,0,2,1,6,2,34,6,-1,-1,-1,-1,-1
201460R091751,1,9,0,18,0,0,0,0,8,3,4,1,6,2,65,9,-1,-1,-1,-1,-1
201460R091751,2,9,0,18,0,0,0,0,0,0,4,1,6,2,41,7,-1,-1,-1,-1,-1
201460R091751,3,9,0,2,0,0,0,0,0,0,1,1,6,3,35,6,-1,-1,-1,-1,-1
201460R091795,1,9,0,17,0,0,0,0,0,0,3,1,2,2,58,9,-1,-1,-1,-1,-1
201460R091795,2,9,0,16,0,0,0,0,0,0,4,1,6,1,22,5,-1,-1,-1,-1,-1
201460R091850,1,1,0,18,9,0,0,0,0,0,1,1,6,1,16,4,-1,-1,-1,-1,-1
201460R091875,1,9,0,18,0,0,0,0,0,0,1,1,6,1,34,6,-1,-1,-1,-1,-1
201460R091875,2,9,0,18,0,0,0,0,0,0,1,1,6,1,29,6,-1,-1,-1,-1,-1
201460R092061,1,9,0,5,0,2,0,0,0,0,1,1,6,2,48,8,-1,-1,-1,-1,-1
201460R092061,2,9,0,18,0,1,0,0,0,0,1,1,6,2,46,8,-1,-1,-1,-1,-1
201460R092208,1,9,0,18,0,4,0,0,0,0,3,1,6,1,29,6,-1,-1,-1,-1,-1
201460R092208,2,9,0,9,0,8,0,0,0,0,1,1,6,2,29,6,-1,-1,-1,-1,-1
201460R092249,1,9,0,7,0,6,0,0,0,0,1,1,6,1,-1,-1,-1,-1,-1,-1,-1
201460R092249,2,1,0,18,0,1,0,0,0,0,1,1,6,1,41,7,-1,-1,-1,-1,-1
201460R092253,1,5,0,18,0,0,1,12,1,0,1,1,6,1,63,9,-1,-1,-1,-1,-1
201460R092326,1,9,0,17,0,0,0,0,0,0,1,1,2,2,33,6,-1,-1,-1,-1,-1
201460R092377,1,9,0,18,0,0,0,0,7,11,1,1,2,1,39,7,-1,-1,-1,-1,-1
201460R092377,2,9,0,18,0,0,0,0,0,0,0,1,2,2,40,7,-1,-1,-1,-1,-1
201460R092377,3,9,0,18,0,0,0,0,0,0,0,1,6,1,21,5,-1,-1,-1,-1,-1
201460R092681,1,17,0,9,0,6,0,0,0,0,4,1,1,1,37,7,-1,-1,-1,-1,-1
201460R092681,2,9,0,18,0,8,5,0,7,10,4,1,1,2,21,5,-1,-1,-1,-1,-1
201460R092738,1,19,0,9,0,6,0,0,0,0,3,1,1,1,26,6,-1,-1,-1,-1,-1
201460R092738,2,9,0,18,0,1,0,0,0,0,1,1,6,1,26,6,-1,-1,-1,-1,-1
201460R092763,1,9,0,18,0,1,0,0,0,0,4,1,6,1,91,11,-1,-1,-1,-1,-1
201460R092904,1,9,0,18,0,0,1,0,0,0,1,1,6,2,25,5,-1,-1,-1,-1,-1
201460R092904,2,9,0,18,0,0,1,0,0,0,1,1,6,2,24,5,-1,-1,-1,-1,-1
201460R092904,3,9,0,4,0,0,0,0,0,0,2,1,6,2,50,8,-1,-1,-1,-1,-1
201460R092919,1,9,0,9,0,6,0,0,0,0,1,1,6,1,35,6,-1,-1,-1,-1,-1
201460R092919,2,3,0,18,0,1,0,0,0,0,1,1,6,1,17,4,-1,-1,-1,-1,-1
201460R092929,1,5,0,18,0,0,0,0,0,0,0,1,6,1,47,8,-1,-1,-1,-1,-1
201460R093085,1,1,0,18,0,2,0,0,0,0,1,1,6,1,11,3,-1,-1,-1,-1,-1
201460R093085,2,9,0,18,0,1,0,0,0,0,1,1,6,2,32,6,-1,-1,-1,-1,-1
201460R093103,1,17,5,18,0,0,0,0,0,0,3,1,1,1,25,5,-1,-1,-1,-1,-1
201460R093103,2,1,0,18,0,0,0,0,0,0,3,1,6,2,35,6,-1,-1,-1,-1,-1
201460R093131,1,9,0,18,0,1,1,0,0,0,1,1,6,1,-1,-1,-1,-1,-1,-1,-1
201460R093131,2,9,0,4,0,2,0,0,0,0,3,1,1,2,24,5,-1,-1,-1,-1,-1
201460R093401,1,9,0,16,0,3,0,0,0,0,1,1,2,2,19,4,-1,-1,-1,-1,-1
201460R093401,2,9,0,17,0,1,0,0,0,0,1,1,6,1,55,8,-1,-1,-1,-1,-1
201460R093510,1,5,0,10,0,1,0,0,0,0,2,1,6,1,41,7,-1,-1,-1,-1,-1
201460R093510,2,9,0,18,0,1,0,0,0,0,1,1,6,2,22,5,-1,-1,-1,-1,-1
201460R093543,1,9,0,9,0,5,1,0,0,0,3,1,6,1,77,11,-1,-1,-1,-1,-1
201460R093543,2,5,0,13,0,1,1,0,7,0,1,1,6,1,48,8,-1,-1,-1,-1,-1
201460R093606,1,9,0,18,0,1,5,0,2,10,1,1,6,1,41,7,-1,-1,-1,-1,-1
201460R093606,2,9,0,10,0,5,0,0,0,0,0,1,6,1,33,6,-1,-1,-1,-1,-1
201460R093624,1,9,0,9,0,7,0,0,0,0,1,1,6,1,26,6,-1,-1,-1,-1,-1
201460R093624,2,9,0,18,0,1,0,0,0,0,4,1,6,1,51,8,-1,-1,-1,-1,-1
201460R093647,1,9,0,18,0,0,0,0,0,0,1,1,6,1,25,5,-1,-1,-1,-1,-1
201460R093647,2,9,0,4,0,0,0,0,0,0,2,1,6,2,42,7,-1,-1,-1,-1,-1
201460R093658,1,9,0,18,0,0,0,0,0,0,4,1,6,3,-1,-1,-1,-1,-1,-1,-1
201460R093658,2,1,0,18,0,0,0,0,0,0,3,1,6,1,31,6,-1,-1,-1,-1,-1
201460R093748,1,9,0,9,0,8,0,0,0,0,4,1,6,3,-1,-1,-1,-1,-1,-1,-1
201460R093748,2,5,0,18,0,8,0,0,0,0,1,1,6,1,52,8,-1,-1,-1,-1,-1
201460R093761,1,9,0,1,0,0,0,0,0,0,2,1,6,1,28,6,-1,-1,-1,-1,-1
201460R094196,1,5,0,17,0,1,1,0,1,11,1,1,6,1,53,8,-1,-1,-1,-1,-1
201460R094199,1,9,0,18,0,0,0,0,0,0,2,1,6,2,39,7,-1,-1,-1,-1,-1
201460R094199,2,9,3,18,0,0,0,0,0,0,3,1,6,2,74,10,-1,-1,-1,-1,-1
201460R094199,3,9,0,18,0,0,0,0,0,0,4,1,6,1,54,8,-1,-1,-1,-1,-1
201460R094226,1,5,0,16,0,0,1,0,0,0,0,1,6,1,62,9,-1,-1,-1,-1,-1
201460R094286,1,9,0,18,0,0,0,0,0,0,4,1,6,1,24,5,-1,-1,-1,-1,-1
201460R094364,1,8,0,1,0,1,0,0,0,0,4,1,1,2,43,7,-1,-1,-1,-1,-1
201460R094376,1,9,0,18,0,0,2,0,1,7,3,1,6,1,40,7,-1,-1,-1,-1,-1
201460R094414,1,9,0,18,0,2,0,7,0,0,1,1,6,1,77,11,-1,-1,-1,-1,-1
201460R094711,1,9,0,5,9,6,0,0,0,0,4,1,6,3,-1,-1,-1,-1,-1,-1,-1
201460R094756,1,9,3,18,0,0,2,0,1,2,1,1,6,2,61,9,-1,-1,-1,-1,-1
201460R094832,1,9,0,16,0,0,0,0,0,0,1,1,6,2,20,4,-1,-1,-1,-1,-1
201460R094832,2,9,0,17,0,0,0,0,0,0,1,1,6,2,64,9,-1,-1,-1,-1,-1
201460R094885,1,9,0,18,0,0,1,0,0,0,1,2,6,1,72,10,-1,-1,-1,-1,-1
201460R094885,2,9,0,18,0,0,1,0,1,5,1,1,6,1,32,6,-1,-1,-1,-1,-1
201460R095294,1,9,0,18,0,0,0,0,0,0,3,1,6,3,-1,-1,-1,-1,-1,-1,-1
201460R095918,1,9,0,16,0,0,1,0,1,4,1,1,6,1,75,10,-1,-1,-1,-1,-1
201460R095923,1,9,0,1,0,1,0,0,0,0,2,1,6,1,72,10,-1,-1,-1,-1,-1
201460R095985,1,22,0,18,9,0,0,0,0,0,1,1,6,1,70,10,-1,-1,-1,-1,-1
201460R096019,1,9,0,16,0,0,0,0,0,0,1,1,6,2,24,5,-1,-1,-1,-1,-1
201460R096019,2,9,0,17,0,0,0,0,0,0,1,1,6,2,21,5,-1,-1,-1,-1,-1
201460R096044,1,9,0,5,0,6,0,0,0,0,1,1,6,1,21,5,-1,-1,-1,-1,-1
201460R096044,2,1,0,18,0,8,0,0,0,0,2,1,6,1,29,6,-1,-1,-1,-1,-1
201460R096065,1,9,0,18,0,0,2,0,7,4,1,1,6,1,79,11,-1,-1,-1,-1,-1
201460R096069,1,9,0,18,0,1,0,0,0,0,1,1,6,1,24,5,-1,-1,-1,-1,-1
201460R096100,1,9,0,18,0,1,0,0,0,0,1,1,6,2,50,8,-1,-1,-1,-1,-1
201460R096100,2,9,0,3,0,1,0,0,0,0,2,1,6,2,44,7,-1,-1,-1,-1,-1
201460R096158,1,1,0,18,0,0,0,4,0,0,0,1,6,1,55,8,-1,-1,-1,-1,-1
201460R096158,2,9,0,2,0,0,0,0,0,0,0,1,6,2,68,10,-1,-1,-1,-1,-1
201460R096739,1,9,0,18,0,4,0,0,0,0,1,1,1,1,26,6,-1,-1,-1,-1,-1
201460R096739,2,1,0,18,0,8,0,0,0,0,4,1,6,1,59,9,-1,-1,-1,-1,-1
201460R097203,1,3,0,14,0,8,0,0,0,0,1,1,6,1,24,5,-1,-1,-1,-1,-1
201460R097203,2,9,0,9,0,5,0,0,0,0,1,1,6,2,54,8,-1,-1,-1,-1,-1
201460R097246,1,9,0,9,0,6,0,0,0,0,3,1,6,1,82,11,-1,-1,-1,-1,-1
201460R097246,2,9,0,18,0,1,0,0,0,0,1,1,6,2,45,7,-1,-1,-1,-1,-1
201460R097329,1,9,0,9,0,3,0,0,1,4,1,1,6,2,85,11,-1,-1,-1,-1,-1
201460R097329,2,9,0,5,0,4,0,0,0,0,3,1,1,2,39,7,-1,-1,-1,-1,-1