Accident_Index,Vehicle_Reference,Vehicle_Type,Towing_and_Articulation,Vehicle_Manoeuvre,Vehicle_Location-Restricted_Lane,Junction_Location,Skidding_and_Overturning,Hit_Object_in_Carriageway,Vehicle_Leaving_Carriageway,Hit_Object_off_Carriageway,1st_Point_of_Impact,Was_Vehicle_Left_Hand_Drive?,Journey_Purpose_of_Driver,Sex_of_Driver,Age_of_Driver,Age_Band_of_Driver,Engine_Capacity_(CC),Propulsion_Code,Age_of_Vehicle,Driver_IMD_Decile,Driver_Home_Area_Type
201460R182395,1,9,0,13,0,0,0,0,7,9,1,1,6,1,34,6,-1,-1,-1,-1,-1
201460R182395,2,9,0,18,0,0,0,0,1,4,1,1,6,2,89,11,-1,-1,-1,-1,-1
201460R182674,1,9,0,18,0,0,0,0,0,0,1,1,1,1,46,8,-1,-1,-1,-1,-1
201460R182760,1,9,0,9,0,1,0,0,0,0,1,1,6,2,71,10,-1,-1,-1,-1,-1
201460R182760,2,9,0,18,0,1,0,0,0,0,1,1,6,1,74,10,-1,-1,-1,-1,-1
201460R182778,1,9,0,9,0,1,0,0,0,0,1,1,6,2,44,7,-1,-1,-1,-1,-1
201460R182778,2,9,0,3,0,1,0,0,0,0,1,1,6,1,22,5,-1,-1,-1,-1,-1
201460R182836,1,9,0,17,0,2,0,0,0,0,1,1,6,2,66,10,-1,-1,-1,-1,-1
201460R182859,1,9,0,16,0,3,0,0,0,0,1,1,6,1,78,11,-1,-1,-1,-1,-1
201460R182972,1,9,0,12,0,6,0,0,0,0,0,1,6,3,-1,-1,-1,-1,-1,-1,-1
201460R182972,2,9,0,18,0,1,1,0,1,9,1,1,6,2,27,6,-1,-1,-1,-1,-1
201460R183173,1,9,0,18,0,0,0,0,1,11,1,1,6,1,23,5,-1,-1,-1,-1,-1
201460R183184,1,9,0,18,0,0,5,0,7,4,1,1,6,2,40,7,-1,-1,-1,-1,-1
201460R183568,1,9,0,18,0,4,0,0,0,0,1,1,6,1,52,8,-1,-1,-1,-1,-1
201460R183568,2,3,0,18,0,3,0,0,0,0,1,1,2,2,34,6,-1,-1,-1,-1,-1
201460R183816,1,9,0,18,0,0,0,0,0,0,1,1,6,1,31,6,-1,-1,-1,-1,-1
201460R183816,2,9,0,18,0,0,0,0,0,0,2,1,6,2,80,11,-1,-1,-1,-1,-1
201460R183816,3,9,0,4,0,0,0,0,0,0,2,1,6,1,44,7,-1,-1,-1,-1,-1
201460R183831,1,9,0,18,0,0,1,0,0,0,1,1,6,3,-1,-1,-1,-1,-1,-1,-1
201460R183831,2,1,0,18,0,0,0,0,0,0,1,1,6,1,37,7,-1,-1,-1,-1,-1
201460R183953,1,9,0,18,0,0,5,0,1,0,1,1,6,2,51,8,-1,-1,-1,-1,-1
201460R183953,2,9,0,18,0,0,5,0,1,0,1,1,6,1,48,8,-1,-1,-1,-1,-1
201460R184072,1,9,0,6,0,1,0,0,0,0,1,1,6,2,58,9,-1,-1,-1,-1,-1
201460R184383,1,9,0,2,9,1,0,0,0,0,1,1,6,1,36,7,-1,-1,-1,-1,-1
201460R184746,1,21,0,4,0,0,0,0,0,0,1,1,1,1,26,6,-1,-1,-1,-1,-1
201460R184746,2,9,0,3,0,0,0,0,0,0,2,1,6,1,42,7,-1,-1,-1,-1,-1
201460R184746,3,9,0,3,0,0,0,0,0,0,2,1,6,2,25,5,-1,-1,-1,-1,-1
201460R184756,1,9,0,18,0,0,1,0,0,0,1,1,6,2,24,5,-1,-1,-1,-1,-1
201460R184756,2,19,0,18,0,0,0,0,0,0,1,1,6,1,51,8,-1,-1,-1,-1,-1
201460R184846,1,9,0,18,0,1,0,0,0,0,1,1,6,3,-1,-1,-1,-1,-1,-1,-1
201460R184846,2,9,0,3,0,1,0,0,0,0,2,1,6,2,66,10,-1,-1,-1,-1,-1
201460R185086,1,9,0,18,0,0,0,0,1,0,1,1,6,1,31,6,-1,-1,-1,-1,-1
201460R185086,2,21,1,18,0,0,0,0,0,0,1,1,1,1,42,7,-1,-1,-1,-1,-1
201460R185429,1,9,0,18,0,0,0,0,8,11,4,1,6,1,74,10,-1,-1,-1,-1,-1
201460R185540,1,19,0,18,0,1,1,0,0,0,1,1,6,1,27,6,-1,-1,-1,-1,-1
201460R185540,2,9,0,3,0,1,0,0,0,0,2,1,6,1,42,7,-1,-1,-1,-1,-1
201460R185540,3,9,0,18,0,1,0,0,0,0,1,1,6,1,38,7,-1,-1,-1,-1,-1
201460R185543,1,9,0,1,9,0,0,0,0,0,2,1,6,3,-1,-1,-1,-1,-1,-1,-1
201460R185625,1,9,0,18,5,0,0,0,0,0,4,1,6,1,32,6,-1,-1,-1,-1,-1
201460R185749,1,5,0,17,0,0,1,0,0,0,4,1,2,2,40,7,-1,-1,-1,-1,-1
201460R185781,1,9,0,9,0,1,0,0,0,0,4,1,6,2,54,8,-1,-1,-1,-1,-1
201460R185781,2,9,0,18,0,1,0,0,0,0,1,1,6,1,21,5,-1,-1,-1,-1,-1
201460R185822,1,9,0,18,0,1,0,0,0,0,1,1,6,1,30,6,-1,-1,-1,-1,-1
201460R185822,2,9,0,3,0,1,0,0,0,0,2,1,6,1,31,6,-1,-1,-1,-1,-1
201460R186446,1,9,0,18,0,0,0,0,0,0,1,1,6,3,-1,-1,-1,-1,-1,-1,-1
201460R186468,1,9,0,18,0,1,0,0,0,0,1,1,6,1,28,6,-1,-1,-1,-1,-1
201460R186468,2,9,0,3,0,1,0,0,0,0,2,1,6,2,52,8,-1,-1,-1,-1,-1
201460R186691,1,21,1,18,0,0,1,0,0,0,1,1,1,1,24,5,-1,-1,-1,-1,-1
201460R186691,2,19,0,4,0,0,0,0,0,0,2,1,1,1,55,8,-1,-1,-1,-1,-1
201460R186761,1,9,0,13,0,1,0,0,0,0,1,1,1,1,32,6,-1,-1,-1,-1,-1
201460R186761,2,1,0,10,0,1,0,0,0,0,3,1,1,1,44,7,-1,-1,-1,-1,-1
201460R186852,1,9,0,1,0,1,0,0,0,0,2,1,6,1,43,7,-1,-1,-1,-1,-1
201460R186852,2,9,0,3,0,1,0,0,0,0,1,1,6,1,24,5,-1,-1,-1,-1,-1
201460R187055,1,9,0,18,0,0,5,11,7,11,4,1,6,1,23,5,-1,-1,-1,-1,-1
201460R187075,1,20,0,18,0,1,0,0,0,0,1,1,6,1,42,7,-1,-1,-1,-1,-1
201460R187075,2,9,0,10,0,1,0,0,0,0,2,1,6,1,35,6,-1,-1,-1,-1,-1
201460R187102,1,9,0,7,0,4,0,0,0,0,1,1,6,1,58,9,-1,-1,-1,-1,-1
201460R187102,2,9,0,18,0,3,0,0,0,0,1,1,6,2,21,5,-1,-1,-1,-1,-1
201460R187588,1,9,0,3,0,1,0,0,0,0,2,1,6,3,-1,-1,-1,-1,-1,-1,-1
201460R187588,2,9,0,3,0,1,0,0,0,0,1,1,6,1,39,7,-1,-1,-1,-1,-1
201460R187602,1,9,0,18,0,1,0,0,3,4,1,1,6,1,47,8,-1,-1,-1,-1,-1
201460R187602,2,9,0,2,0,2,0,0,0,0,2,1,6,3,-1,-1,-1,-1,-1,-1,-1
201460R187602,3,9,0,2,0,2,0,0,0,0,1,1,6,3,-1,-1,-1,-1,-1,-1,-1
201460R187923,1,9,0,16,0,0,0,0,7,11,3,1,6,1,29,6,-1,-1,-1,-1,-1
201460R187932,1,9,0,16,0,1,5,0,8,2,1,1,6,1,84,11,-1,-1,-1,-1,-1
201460R188040,1,4,0,18,0,2,1,0,0,0,1,1,6,1,56,9,-1,-1,-1,-1,-1
201460R188498,1,9,0,7,0,1,0,0,0,0,1,1,6,1,77,11,-1,-1,-1,-1,-1
201460R188566,1,9,0,18,0,1,0,0,0,0,4,1,6,2,66,10,-1,-1,-1,-1,-1
201460R188574,1,9,0,18,0,0,0,0,0,0,4,1,6,3,-1,-1,-1,-1,-1,-1,-1
201460R188599,1,9,0,18,0,1,0,0,0,0,1,1,6,1,50,8,-1,-1,-1,-1,-1
201460R188599,2,9,0,3,0,1,0,0,0,0,2,1,6,1,28,6,-1,-1,-1,-1,-1
201460R188599,3,9,0,3,0,1,0,0,0,0,2,1,6,1,42,7,-1,-1,-1,-1,-1
201460R188599,4,9,0,3,0,1,0,0,0,0,2,1,6,2,25,5,-1,-1,-1,-1,-1
201460R188995,1,21,0,12,0,0,0,0,0,0,3,1,1,1,43,7,-1,-1,-1,-1,-1
201460R188995,2,21,0,4,0,0,0,0,0,0,4,1,1,2,43,7,-1,-1,-1,-1,-1
201460R189216,1,9,0,18,0,4,0,0,7,2,1,1,6,1,34,6,-1,-1,-1,-1,-1
201460R189385,1,9,0,16,0,2,0,0,0,0,1,1,6,2,86,11,-1,-1,-1,-1,-1
201460R189385,2,9,0,17,0,1,0,0,0,0,1,1,2,1,27,6,-1,-1,-1,-1,-1
201460R189534,1,9,4,9,0,8,0,0,0,0,3,1,6,3,-1,-1,-1,-1,-1,-1,-1
201460R189607,1,3,0,18,0,0,0,0,0,0,1,1,6,1,38,7,-1,-1,-1,-1,-1
201460R189607,2,9,0,18,0,0,0,0,0,0,3,1,6,1,76,11,-1,-1,-1,-1,-1
201460R189644,1,9,0,4,0,1,0,0,0,0,4,1,6,1,46,8,-1,-1,-1,-1,-1
201460R189735,1,9,0,9,0,6,0,0,0,0,3,1,2,2,51,8,-1,-1,-1,-1,-1
201460R189735,2,19,0,16,0,1,0,0,0,0,1,1,2,1,33,6,-1,-1,-1,-1,-1
201460R190039,1,9,0,9,0,2,0,0,0,0,3,1,6,1,53,8,-1,-1,-1,-1,-1
201460R190039,2,9,0,1,0,1,0,0,0,0,1,1,1,1,20,4,-1,-1,-1,-1,-1
201460R190069,1,9,0,18,0,0,1,0,0,0,2,1,6,1,80,11,-1,-1,-1,-1,-1
201460R190069,2,9,0,18,0,0,1,0,0,0,1,1,6,1,41,7,-1,-1,-1,-1,-1
201460R190220,1,9,0,16,0,0,2,0,8,11,1,1,6,2,43,7,-1,-1,-1,-1,-1
201460R190507,1,9,0,9,0,1,0,0,0,0,3,1,6,2,23,5,-1,-1,-1,-1,-1
201460R190507,2,98,0,14,0,1,0,0,0,0,1,1,1,1,50,8,-1,-1,-1,-1,-1
201460R190668,1,9,0,13,0,0,0,0,0,0,1,1,6,3,-1,-1,-1,-1,-1,-1,-1
201460R190668,2,9,0,18,0,0,1,10,0,0,2,1,6,2,28,6,-1,-1,-1,-1,-1
201460R190675,1,9,0,16,0,0,2,0,7,11,1,1,6,2,36,7,-1,-1,-1,-1,-1
201460R190683,1,9,0,18,0,0,2,0,1,9,1,1,6,2,44,7,-1,-1,-1,-1,-1
201460R190730,1,9,0,18,0,5,0,0,0,0,1,1,6,2,76,11,-1,-1,-1,-1,-1
201460R190730,2,9,0,3,0,1,0,0,0,0,2,1,6,1,61,9,-1,-1,-1,-1,-1
201460R190730,3,9,0,3,0,1,0,0,0,0,2,1,6,1,60,9,-1,-1,-1,-1,-1
201460R190730,4,9,0,3,0,1,0,0,0,0,2,1,6,1,43,7,-1,-1,-1,-1,-1
201460R190737,1,19,0,1,9,6,0,0,0,0,2,1,1,1,46,8,-1,-1,-1,-1,-1
201460R190994,1,9,0,18,0,1,0,0,1,11,1,1,6,1,54,8,-1,-1,-1,-1,-1
201460R191047,1,9,0,5,0,8,0,0,0,0,1,1,6,1,62,9,-1,-1,-1,-1,-1
201460R191047,2,9,0,18,0,1,0,0,0,0,1,1,6,2,25,5,-1,-1,-1,-1,-1
201460R191214,1,5,0,14,0,1,0,0,0,0,1,1,6,1,20,4,-1,-1,-1,-1,-1
201460R191214,2,9,0,9,0,5,0,0,0,0,3,1,6,2,32,6,-1,-1,-1,-1,-1
201460R191237,1,97,0,18,0,1,0,0,3,0,3,1,6,1,29,6,-1,-1,-1,-1,-1
201460R191237,2,9,0,9,0,1,0,0,0,0,1,1,6,1,51,8,-1,-1,-1,-1,-1
201460R191474,1,9,0,7,0,1,5,0,8,0,3,1,6,2,17,4,-1,-1,-1,-1,-1
201460R191645,1,9,0,16,0,0,1,0,0,0,1,1,6,2,50,8,-1,-1,-1,-1,-1
201460R191645,2,9,0,17,0,0,0,0,0,0,1,1,6,1,85,11,-1,-1,-1,-1,-1
201460R191660,1,9,0,18,0,0,0,0,0,0,4,1,6,1,69,10,-1,-1,-1,-1,-1
201460R191763,1,9,0,13,0,1,0,0,0,0,1,1,6,1,77,11,-1,-1,-1,-1,-1
201460R191763,2,9,0,2,0,1,0,0,0,0,3,1,6,3,-1,-1,-1,-1,-1,-1,-1
201460R191763,3,9,0,2,0,1,0,0,0,0,2,1,6,3,-1,-1,-1,-1,-1,-1,-1
201460R191833,1,9,0,18,0,0,0,0,0,0,4,1,6,1,30,6,-1,-1,-1,-1,-1
201460R192129,1,9,0,7,0,8,0,0,0,0,1,1,1,1,35,6,-1,-1,-1,-1,-1
201460R192129,2,9,0,18,0,8,0,0,0,0,2,1,6,2,56,9,-1,-1,-1,-1,-1
201460R192540,1,9,0,18,0,8,0,0,0,0,4,1,6,3,-1,-1,-1,-1,-1,-1,-1
201460R192573,1,20,0,18,0,0,0,5,0,0,1,1,1,1,49,8,-1,-1,-1,-1,-1
201460R192777,1,9,0,5,0,6,0,0,0,0,3,1,6,1,53,8,-1,-1,-1,-1,-1
201460R192777,2,5,0,14,0,8,0,0,0,0,1,1,6,1,28,6,-1,-1,-1,-1,-1
201460R192872,1,9,0,5,0,0,1,0,8,11,2,1,6,2,19,4,-1,-1,-1,-1,-1
201460R192991,1,19,0,18,0,0,1,0,0,0,1,1,6,1,40,7,-1,-1,-1,-1,-1
201460R192991,2,9,0,4,0,0,0,0,0,0,2,1,6,2,30,6,-1,-1,-1,-1,-1
201460R193242,1,9,0,9,0,6,0,0,0,0,3,1,6,2,43,7,-1,-1,-1,-1,-1
201460R193242,2,5,0,18,0,1,0,0,0,0,1,1,6,1,57,9,-1,-1,-1,-1,-1
201460R193311,1,9,0,18,0,1,0,0,0,0,1,1,6,1,74,10,-1,-1,-1,-1,-1
201460R193637,1,9,0,18,0,1,0,0,0,0,1,1,6,2,53,8,-1,-1,-1,-1,-1
201460R193685,1,9,0,18,0,0,0,0,0,0,3,1,6,3,-1,-1,-1,-1,-1,-1,-1
201460R193715,1,9,0,18,0,0,0,0,1,0,1,1,6,1,69,10,-1,-1,-1,-1,-1
201460R193715,2,9,0,18,0,0,0,0,0,0,2,1,2,1,49,8,-1,-1,-1,-1,-1
201460R193761,1,9,0,18,0,0,0,0,0,0,4,1,6,1,33,6,-1,-1,-1,-1,-1
201460R193761,2,1,0,18,0,0,0,0,0,0,2,1,6,1,43,7,-1,-1,-1,-1,-1
201460R194130,1,9,0,2,0,0,0,0,0,0,3,1,6,2,37,7,-1,-1,-1,-1,-1
201460R194130,2,1,0,18,0,0,0,0,0,0,1,1,6,1,38,7,-1,-1,-1,-1,-1
201460R194159,1,9,0,18,0,1,0,0,0,0,1,1,6,1,56,9,-1,-1,-1,-1,-1
201460R194166,1,9,0,18,0,1,0,0,0,0,1,1,6,2,22,5,-1,-1,-1,-1,-1
201460R194166,2,9,0,3,0,1,0,0,0,0,2,1,6,2,22,5,-1,-1,-1,-1,-1
201460R194230,1,9,0,9,0,6,0,0,0,0,1,1,6,2,85,11,-1,-1,-1,-1,-1
201460R194230,2,9,0,18,0,1,0,0,0,0,1,1,6,2,21,5,-1,-1,-1,-1,-1
201460R194604,1,5,0,17,0,1,1,0,0,0,4,1,1,1,58,9,-1,-1,-1,-1,-1
201460R194718,1,19,0,18,0,2,0,0,0,0,1,1,1,1,63,9,-1,-1,-1,-1,-1
201460R194722,1,9,0,9,0,1,0,0,0,0,1,1,6,1,63,9,-1,-1,-1,-1,-1
201460R194722,2,1,0,18,0,1,0,0,0,0,1,1,6,2,16,4,-1,-1,-1,-1,-1
201460R194742,1,9,0,18,0,1,0,0,0,0,1,1,6,1,82,11,-1,-1,-1,-1,-1
201460R194742,2,5,0,4,0,1,0,0,0,0,2,1,1,1,32,6,-1,-1,-1,-1,-1
201460R195232,1,9,0,9,0,6,0,0,0,0,1,1,6,2,86,11,-1,-1,-1,-1,-1
201460R195232,2,1,0,18,0,1,0,0,0,0,1,1,6,1,44,7,-1,-1,-1,-1,-1
201460R195951,1,9,0,18,0,1,0,0,0,0,1,1,6,1,75,10,-1,-1,-1,-1,-1
201460R195967,1,9,0,7,0,2,0,0,0,0,1,1,6,3,-1,-1,-1,-1,-1,-1,-1
201460R196336,1,9,0,5,0,0,0,0,0,0,1,1,6,2,50,8,-1,-1,-1,-1,-1
201460R196417,1,9,0,5,0,8,0,0,0,0,1,1,6,3,-1,-1,-1,-1,-1,-1,-1
201460R196417,2,1,0,18,0,8,0,0,0,0,1,1,6,1,35,6,-1,-1,-1,-1,-1
201460R196478,1,9,0,18,0,1,0,0,0,0,4,1,6,3,-1,-1,-1,-1,-1,-1,-1
201460R196478,2,1,0,18,0,1,0,0,0,0,2,1,6,1,22,5,-1,-1,-1,-1,-1
201460R196639,1,9,0,18,0,1,1,10,0,0,1,1,6,1,91,11,-1,-1,-1,-1,-1
201460R196639,2,9,0,10,0,1,0,0,0,0,2,1,6,1,55,8,-1,-1,-1,-1,-1
201460R196928,1,9,0,18,0,4,0,0,0,0,1,1,2,1,24,5,-1,-1,-1,-1,-1
201460R196928,2,9,0,3,0,4,0,0,0,0,2,1,2,2,38,7,-1,-1,-1,-1,-1
201460R197279,1,9,0,13,0,1,0,0,0,0,4,1,6,1,53,8,-1,-1,-1,-1,-1
201460R197279,2,9,0,9,0,8,0,0,0,0,3,1,6,1,49,8,-1,-1,-1,-1,-1
201460R197313,1,9,0,18,0,0,0,0,1,11,1,1,6,1,32,6,-1,-1,-1,-1,-1
201460R197313,2,9,0,18,0,0,0,0,0,0,1,1,6,1,75,10,-1,-1,-1,-1,-1
201460R197437,1,9,0,18,0,1,0,0,0,0,1,1,2,1,53,8,-1,-1,-1,-1,-1
201460R197437,2,9,0,10,0,1,0,0,0,0,2,1,6,2,45,7,-1,-1,-1,-1,-1
201460R197438,1,9,0,9,0,6,0,0,0,0,0,1,6,3,-1,-1,-1,-1,-1,-1,-1
201460R197438,2,19,0,17,0,1,2,0,7,0,1,1,1,1,22,5,-1,-1,-1,-1,-1
201460R197541,1,8,0,11,0,0,0,0,0,0,1,1,1,1,26,6,-1,-1,-1,-1,-1
201460R197541,2,3,0,18,0,0,0,0,0,0,2,1,6,1,26,6,-1,-1,-1,-1,-1
201460R197555,1,9,0,2,0,1,0,0,0,0,1,1,6,2,75,10,-1,-1,-1,-1,-1
201460R197705,1,9,0,18,0,1,0,0,0,0,1,1,6,1,37,7,-1,-1,-1,-1,-1
201460R197809,1,9,0,5,0,1,0,0,0,0,1,1,6,1,78,11,-1,-1,-1,-1,-1
201460R197905,1,9,0,18,0,0,0,0,0,0,0,1,6,3,-1,-1,-1,-1,-1,-1,-1
201460R197978,1,9,0,16,0,0,0,12,0,0,1,1,6,2,31,6,-1,-1,-1,-1,-1
201460R198314,1,9,0,16,0,1,0,0,0,0,1,1,1,1,21,5,-1,-1,-1,-1,-1
201460R198470,1,9,0,18,0,1,0,0,0,0,4,1,6,1,73,10,-1,-1,-1,-1,-1
201460R198674,1,9,0,18,0,0,0,0,7,3,1,1,6,1,34,6,-1,-1,-1,-1,-1
201460R199446,1,17,0,5,0,1,0,0,0,0,1,1,1,1,51,8,-1,-1,-1,-1,-1
201460R199446,2,11,0,18,0,1,0,0,0,0,1,1,1,1,56,9,-1,-1,-1,-1,-1
201460R199729,1,9,0,5,0,0,0,0,0,0,4,1,6,1,33,6,-1,-1,-1,-1,-1
201460R199729,2,9,0,18,0,0,0,0,0,0,4,1,6,2,54,8,-1,-1,-1,-1,-1
201460R199961,1,9,0,5,0,6,0,0,0,0,1,1,6,1,52,8,-1,-1,-1,-1,-1
201460R199961,2,4,0,18,0,1,1,0,0,0,1,1,6,1,51,8,-1,-1,-1,-1,-1
201460R199961,3,9,0,2,0,1,0,0,0,0,1,1,6,3,-1,-1,-1,-1,-1,-1,-1
201460R200027,1,3,0,16,0,0,1,0,1,0,1,1,6,1,60,9,-1,-1,-1,-1,-1
201460R200029,1,9,0,15,0,0,0,0,0,0,3,1,6,2,52,8,-1,-1,-1,-1,-1
201460R200029,2,9,0,15,0,0,0,0,7,0,4,1,6,2,31,6,-1,-1,-1,-1,-1
201460R200057,1,9,0,5,0,2,0,0,0,0,1,1,6,2,62,9,-1,-1,-1,-1,-1
201460R200057,2,9,0,18,0,1,0,0,0,0,1,1,6,1,67,10,-1,-1,-1,-1,-1
201460R200057,3,9,0,3,0,1,0,0,0,0,1,1,6,2,37,7,-1,-1,-1,-1,-1
201460R200061,1,9,0,18,0,1,0,0,0,0,1,1,6,1,31,6,-1,-1,-1,-1,-1
201460R200061,2,9,0,3,0,1,0,0,0,0,2,1,6,1,17,4,-1,-1,-1,-1,-1
201460R200061,3,9,0,3,0,1,0,0,0,0,2,1,6,1,63,9,-1,-1,-1,-1,-1
201460R200124,1,21,0,9,0,1,0,0,0,0,1,1,1,1,42,7,-1,-1,-1,-1,-1
201460R200124,2,9,0,18,0,1,0,0,0,0,1,1,6,2,23,5,-1,-1,-1,-1,-1
201460R200213,1,9,0,3,0,1,0,0,0,0,1,1,6,2,71,10,-1,-1,-1,-1,-1
201460R200213,2,3,0,3,0,1,0,0,0,0,2,1,6,1,21,5,-1,-1,-1,-1,-1
201460R200223,1,9,0,18,0,0,1,0,0,0,4,1,6,1,19,4,-1,-1,-1,-1,-1
201460R200534,1,9,0,7,0,1,0,0,0,0,1,1,6,2,41,7,-1,-1,-1,-1,-1
201460R200534,2,1,0,18,0,1,0,0,0,0,1,1,6,1,27,6,-1,-1,-1,-1,-1
201460R200565,1,9,0,7,0,2,0,0,0,0,1,1,6,1,30,6,-1,-1,-1,-1,-1
201460R200853,1,9,0,18,0,8,0,0,0,0,4,1,6,1,75,10,-1,-1,-1,-1,-1
201460R200853,2,9,0,9,0,4,0,0,0,0,1,1,6,1,20,4,-1,-1,-1,-1,-1
201460R201489,1,9,0,18,0,0,0,0,0,0,1,1,6,3,-1,-1,-1,-1,-1,-1,-1
201460R201489,2,9,0,18,0,0,0,0,0,0,2,1,6,2,26,6,-1,-1,-1,-1,-1
201460R201632,1,9,0,18,0,3,0,0,0,0,1,1,6,1,38,7,-1,-1,-1,-1,-1
201460R201833,1,9,0,18,0,0,1,0,1,11,4,1,6,2,34,6,-1,-1,-1,-1,-1
201460R201881,1,9,0,18,0,0,0,0,0,0,1,1,6,1,71,10,-1,-1,-1,-1,-1
201460R201881,2,9,0,18,0,0,0,0,0,0,1,1,6,1,63,9,-1,-1,-1,-1,-1
201460R201891,1,9,0,18,0,1,0,0,0,0,1,1,6,2,46,8,-1,-1,-1,-1,-1
201460R201891,2,9,0,10,0,1,0,0,0,0,2,1,6,1,51,8,-1,-1,-1,-1,-1
201460R201977,1,9,0,5,0,1,0,0,0,0,1,1,6,1,59,9,-1,-1,-1,-1,-1
201460R202247,1,9,0,18,0,0,1,0,8,11,1,1,6,1,32,6,-1,-1,-1,-1,-1
201460R202565,1,9,0,18,0,0,0,0,0,0,1,1,6,2,28,6,-1,-1,-1,-1,-1
201460R202565,2,9,0,2,0,0,0,0,0,0,2,1,6,2,43,7,-1,-1,-1,-1,-1
201460R202782,1,9,0,18,0,1,0,0,0,0,4,1,6,2,48,8,-1,-1,-1,-1,-1
201460R202782,2,3,0,3,0,1,0,0,0,0,3,1,6,1,63,9,-1,-1,-1,-1,-1
201460R202792,1,9,0,4,0,1,0,0,0,0,2,1,6,1,39,7,-1,-1,-1,-1,-1
201460R202792,2,9,0,18,0,1,0,0,0,0,1,1,6,1,24,5,-1,-1,-1,-1,-1
201460R202824,1,9,0,18,0,1,5,0,0,0,1,1,6,1,21,5,-1,-1,-1,-1,-1
201460R202824,2,1,0,7,0,2,0,0,0,0,1,1,6,1,55,8,-1,-1,-1,-1,-1
201460R202930,1,9,0,11,0,0,1,0,0,0,1,1,6,2,38,7,-1,-1,-1,-1,-1
201460R203276,1,9,0,7,0,5,0,0,0,0,4,1,6,1,31,6,-1,-1,-1,-1,-1
201460R203843,1,9,0,10,0,8,0,0,0,0,4,1,6,1,58,9,-1,-1,-1,-1,-1
2014610000114,1,9,0,18,0,2,1,6,0,10,1,1,6,1,37,7,1796,1,10,-1,1
2014610000214,1,9,0,18,0,0,0,0,0,0,1,1,6,2,83,11,-1,-1,-1,-1,1
2014610000214,2,9,0,2,0,0,0,0,0,0,3,1,6,2,-1,-1,1598,1,4,-1,1
2014610000314,1,9,0,18,0,0,0,0,4,6,3,1,6,2,21,5,1198,1,5,-1,1
2014610000414,1,9,0,17,0,0,2,0,1,2,4,1,6,1,17,4,-1,-1,-1,-1,1
2014610000514,1,9,0,3,0,0,0,0,0,0,2,1,6,1,50,8,1968,2,5,-1,-1
2014610000514,2,9,0,3,0,0,0,0,0,0,2,1,2,2,20,4,-1,-1,-1,-1,1
2014610000514,3,11,0,18,0,0,1,0,0,0,1,1,1,1,41,7,4250,2,9,-1,1
2014610000614,1,9,0,18,0,2,2,0,1,2,1,1,6,1,48,8,2198,1,7,-1,1
2014610000714,1,9,0,10,0,1,0,0,0,0,2,1,6,1,25,5,1242,1,10,-1,-1
2014610000714,2,9,0,18,0,1,0,0,0,0,2,1,6,1,28,6,1242,1,14,-1,-1
2014610000714,3,9,0,18,0,1,0,0,0,0,1,1,6,1,19,4,1199,1,13,-1,-1
2014610000814,1,9,0,18,0,6,0,0,0,0,3,1,6,1,82,11,1686,2,2,-1,1
2014610000814,2,1,0,18,0,1,0,0,0,0,1,1,6,2,16,4,-1,-1,-1,-1,1
2014610000914,1,11,0,7,0,6,0,0,0,0,3,1,1,1,38,7,6871,2,9,-1,-1
2014610000914,2,9,0,18,0,1,1,0,0,0,1,1,6,2,67,10,1591,1,1,-1,1
2014610001014,1,9,0,18,0,0,1,11,0,0,2,1,2,1,48,8,-1,-1,-1,-1,1
2014610001014,2,9,0,18,0,0,1,0,0,0,1,1,1,2,21,5,-1,-1,-1,-1,1
2014610001114,1,9,0,18,0,0,0,0,0,0,2,1,2,1,46,8,2198,1,13,-1,1
2014610001114,2,9,0,18,0,0,0,0,0,0,2,1,2,1,22,5,1299,1,11,-1,3
2014610001114,3,9,0,18,0,0,1,0,0,0,1,1,2,2,39,7,1360,1,15,-1,1
2014610001214,1,9,0,18,0,1,0,0,0,0,3,1,6,2,23,5,1686,2,17,-1,1
2014610001214,2,9,0,18,0,1,0,0,7,0,1,1,6,2,40,7,1497,1,12,-1,1
2014610001314,1,9,0,18,0,3,0,0,0,0,3,1,6,2,50,8,998,1,4,-1,1
2014610001314,2,21,1,12,0,3,0,0,0,0,4,1,1,3,-1,-1,9200,2,3,-1,-1
2014610001414,1,9,0,18,2,1,0,0,0,0,4,1,6,2,44,7,1998,2,3,-1,1
2014610001514,1,9,0,18,0,0,1,0,0,6,1,1,1,1,66,10,-1,-1,-1,-1,1
2014610001514,2,19,0,18,0,0,1,0,0,0,1,1,1,1,46,8,2198,2,-1,3,1
2014610001614,1,9,0,18,0,1,0,0,0,0,4,1,6,2,56,9,1242,1,1,-1,1
2014610001714,1,9,0,3,0,0,0,0,0,0,2,1,6,1,68,10,1398,1,3,-1,1
2014610001714,2,9,0,3,0,0,0,0,0,0,2,1,6,2,-1,-1,1679,1,14,-1,3
2014610001714,3,9,0,4,0,0,0,0,0,0,2,1,6,2,43,7,1399,2,6,-1,1
2014610001714,4,9,0,4,0,0,1,0,0,0,2,1,6,1,37,7,-1,-1,-1,-1,1
2014610001714,5,9,0,18,0,0,0,0,0,0,2,1,6,2,50,8,1242,1,3,-1,1
2014610001714,6,5,0,18,0,0,1,0,0,0,1,1,6,1,27,6,955,1,14,8,1
2014610001814,1,9,0,18,0,0,1,0,5,6,1,1,6,1,48,8,2143,2,2,-1,1
2014610001914,1,9,0,12,0,6,0,0,0,0,2,1,1,2,33,6,1596,1,13,-1,1
2014610001914,2,9,0,18,0,1,0,0,0,0,1,1,2,2,44,7,1229,1,5,-1,1
2014610002014,1,9,0,18,0,0,1,0,4,6,1,1,1,2,42,7,1560,2,8,-1,2
2014610002114,1,9,0,18,0,0,0,0,0,0,1,1,6,3,-1,-1,-1,-1,-1,-1,-1
2014610002214,1,9,0,18,0,1,0,0,0,0,1,1,6,3,-1,-1,-1,-1,-1,-1,-1