Accident_Index,Vehicle_Reference,Vehicle_Type,Towing_and_Articulation,Vehicle_Manoeuvre,Vehicle_Location-Restricted_Lane,Junction_Location,Skidding_and_Overturning,Hit_Object_in_Carriageway,Vehicle_Leaving_Carriageway,Hit_Object_off_Carriageway,1st_Point_of_Impact,Was_Vehicle_Left_Hand_Drive?,Journey_Purpose_of_Driver,Sex_of_Driver,Age_of_Driver,Age_Band_of_Driver,Engine_Capacity_(CC),Propulsion_Code,Age_of_Vehicle,Driver_IMD_Decile,Driver_Home_Area_Type
2014610002314,1,9,0,18,0,0,0,0,0,0,2,1,6,1,71,10,2979,1,12,-1,1
2014610002314,2,9,0,18,0,0,0,0,0,0,1,1,6,1,31,6,1198,1,7,-1,1
2014610002414,1,9,0,18,0,0,0,0,0,0,0,1,6,1,-1,-1,-1,-1,-1,-1,-1
2014610002414,2,9,0,18,0,0,0,0,0,0,0,1,1,1,33,6,1769,1,11,-1,1
2014610002514,1,9,0,18,0,0,0,0,0,0,2,1,2,2,30,6,1995,2,3,-1,1
2014610002514,2,9,0,18,0,0,1,0,0,0,1,1,2,1,33,6,998,1,14,-1,2
2014610002614,1,9,0,18,0,1,0,0,0,0,1,1,6,2,29,6,1986,2,8,-1,1
2014610002714,1,9,0,12,0,1,0,0,0,0,1,1,6,1,51,8,1999,1,2,-1,1
2014610002714,2,9,0,10,0,1,0,0,0,0,2,1,6,2,19,4,-1,-1,-1,-1,1
2014610002814,1,9,0,12,0,1,5,0,0,0,1,1,6,1,93,11,998,1,5,-1,1
2014610002914,1,9,0,18,0,0,1,0,1,10,1,1,6,1,32,6,1997,2,3,-1,1
2014610003014,1,8,0,2,0,2,0,0,0,0,2,1,1,1,62,9,1997,2,5,-1,1
2014610003014,2,9,0,18,0,2,0,4,0,0,1,1,6,2,27,6,1396,1,13,-1,1
2014610003114,1,9,0,18,0,0,0,0,0,0,0,1,6,2,21,5,-1,-1,-1,-1,-1
2014610003114,2,9,0,18,0,0,0,0,0,0,0,1,6,1,44,7,1686,2,16,-1,1
2014610003114,3,9,0,18,0,0,0,0,0,0,0,1,6,2,55,8,-1,-1,-1,-1,2
2014610003214,1,9,0,18,0,3,0,0,0,0,1,1,6,2,36,7,1599,1,10,-1,1
2014610003214,2,9,0,18,0,3,0,0,0,0,4,1,6,1,21,5,1995,2,13,-1,1
2014610003314,1,9,0,5,0,4,0,0,0,0,1,1,6,1,84,11,1598,1,1,-1,1
2014610003314,2,1,0,18,0,3,0,0,0,0,2,1,6,1,52,8,-1,-1,-1,-1,-1
2014610003414,1,5,0,18,0,0,1,10,7,0,1,1,6,1,64,9,1151,1,4,8,1
2014610003514,1,9,0,4,0,8,0,0,0,0,1,1,6,1,74,10,1560,2,8,-1,1
2014610003514,2,9,0,4,0,8,0,0,0,0,2,1,6,1,76,11,1596,1,9,-1,1
2014610003514,3,9,0,4,0,8,0,0,0,0,2,1,6,1,26,6,1995,2,11,-1,1
2014610003614,1,9,0,18,0,0,0,0,0,0,1,1,6,3,-1,-1,-1,-1,-1,-1,-1
2014610003714,1,9,0,18,0,0,0,0,0,0,1,1,6,2,22,5,1242,1,12,-1,1
2014610003714,2,9,0,18,0,0,0,0,0,0,2,1,6,1,32,6,2993,2,2,-1,1
2014610003714,3,9,0,18,0,0,0,0,0,0,2,1,6,1,40,7,2720,2,8,-1,1
2014610003814,1,8,0,18,0,8,0,0,0,0,2,1,1,1,48,8,1762,1,15,-1,1
2014610003814,2,11,0,18,0,1,0,0,0,0,1,1,1,1,24,5,3900,2,9,-1,1
2014610003914,1,9,0,9,0,6,0,0,0,0,3,1,6,1,42,7,1968,2,1,-1,3
2014610003914,2,9,0,18,0,1,0,0,0,0,1,1,6,2,42,7,-1,-1,-1,-1,2
2014610004014,1,9,0,18,0,1,0,0,7,0,1,1,6,1,48,8,-1,-1,-1,-1,1
2014610004114,1,9,0,18,0,0,0,0,0,0,2,1,6,1,21,5,-1,-1,-1,-1,1
2014610004114,2,21,0,18,0,0,0,0,0,0,1,1,1,3,-1,-1,-1,-1,-1,-1,-1
2014610004214,1,9,0,18,0,1,0,0,0,0,2,1,6,2,41,7,1998,2,9,-1,1
2014610004214,2,9,0,18,0,1,0,0,0,0,1,1,6,1,76,11,1360,1,12,-1,1
2014610004314,1,9,0,2,0,0,0,0,0,0,3,1,6,2,26,6,1686,2,9,-1,-1
2014610004314,2,9,0,18,0,0,0,0,0,0,1,1,6,2,18,4,996,1,1,-1,1
2014610004414,1,19,0,3,0,0,0,0,0,0,1,1,1,1,48,8,1998,2,9,-1,-1
2014610004414,2,9,0,4,0,0,0,0,0,0,2,1,1,1,32,6,1587,1,15,-1,1
2014610004514,1,19,0,4,0,0,1,0,1,0,3,1,1,1,31,6,2402,2,14,-1,-1
2014610004514,2,9,0,4,0,0,0,0,0,0,4,1,6,2,63,9,-1,-1,-1,-1,1
2014610004614,1,9,0,9,0,5,0,0,0,0,1,1,6,1,21,5,1171,1,19,-1,1
2014610004614,2,1,0,18,0,8,0,0,0,0,1,1,6,1,62,9,-1,-1,-1,-1,-1
2014610004714,1,9,0,18,0,0,0,0,7,10,1,1,6,1,30,6,1598,1,10,-1,1
2014610004814,1,9,0,4,0,4,0,0,0,0,2,1,6,1,22,5,1242,1,6,-1,-1
2014610004814,2,9,0,4,0,4,0,0,0,0,1,1,6,1,63,9,1796,1,14,-1,1
2014610004914,1,9,0,18,0,0,0,0,0,0,2,1,2,1,23,5,1796,1,14,-1,-1
2014610004914,2,9,0,18,0,0,0,0,0,0,1,1,2,1,18,4,1242,1,7,-1,1
2014610005014,1,9,0,4,0,1,0,0,1,0,4,1,6,1,23,5,1781,1,11,-1,1
2014610005014,2,9,0,4,0,1,0,0,0,0,3,1,6,1,20,4,1124,1,17,-1,2
2014610005014,3,9,0,18,0,8,0,0,0,0,4,1,6,1,34,6,1328,1,8,-1,1
2014610005114,1,9,0,18,0,8,0,0,0,0,4,1,6,1,52,8,1299,1,6,-1,1
2014610005114,2,9,0,18,0,8,0,0,0,0,1,1,6,1,20,4,1229,1,6,-1,3
2014610005214,1,8,0,18,0,4,0,0,0,0,4,1,1,1,52,8,1997,2,5,4,1
2014610005314,1,9,0,18,0,2,0,0,0,0,1,1,6,3,-1,-1,-1,-1,-1,-1,-1
2014610005414,1,9,0,9,0,6,0,0,0,0,1,1,6,1,19,4,1587,1,11,-1,2
2014610005414,2,9,0,18,0,1,0,0,0,0,3,1,6,1,48,8,1597,1,15,-1,-1
2014610005514,1,9,0,18,0,0,1,0,1,4,1,1,6,1,33,6,1599,1,13,-1,1
2014610005614,1,9,0,18,0,0,0,0,0,0,3,1,6,1,44,7,2765,2,16,-1,1
2014610005614,2,9,0,18,0,0,0,0,0,0,4,1,6,2,40,7,3628,2,6,-1,-1
2014610005614,3,9,0,18,0,0,0,0,0,0,1,1,6,1,43,7,1596,1,7,-1,1
2014610005714,1,21,1,18,0,0,0,0,0,0,0,1,1,1,57,9,12130,2,11,-1,-1
2014610005714,2,9,0,18,0,0,0,0,0,0,3,1,1,1,58,9,1997,2,1,-1,-1
2014610005814,1,9,0,18,0,2,1,0,1,9,1,1,6,1,29,6,1368,1,7,-1,-1
2014610005914,1,9,0,13,0,0,2,0,1,2,1,1,2,2,22,5,1242,1,9,-1,1
2014610005914,2,9,0,18,0,0,0,0,0,0,2,1,6,2,50,8,1248,1,1,-1,3
2014610006014,1,9,0,18,0,0,1,0,1,7,1,1,6,2,43,7,1560,2,7,-1,1
2014610006114,1,9,0,18,0,0,2,0,7,10,1,1,6,1,35,6,1360,1,13,-1,3
2014610006214,1,9,0,18,0,0,5,10,1,4,3,1,6,1,23,5,1796,1,8,-1,1
2014610006314,1,9,0,18,0,0,0,0,1,0,3,1,6,1,27,6,1896,2,13,-1,1
2014610006414,1,9,0,3,0,4,0,0,0,0,1,1,2,1,28,6,1149,1,6,-1,1
2014610006414,2,9,0,5,0,4,0,0,0,0,2,1,2,2,24,5,1124,1,9,-1,1
2014610006514,1,9,0,16,0,0,0,0,0,0,1,1,6,1,-1,-1,-1,-1,-1,-1,-1
2014610006614,1,9,0,18,0,0,1,0,0,0,1,1,6,2,39,7,1589,1,15,-1,1
2014610006614,2,9,0,3,0,0,0,0,0,0,2,1,6,2,19,4,1781,1,13,-1,1
2014610006614,3,9,0,3,0,0,0,0,0,0,2,1,6,1,63,9,1587,1,16,-1,1
2014610006714,1,9,0,9,0,5,0,0,0,0,0,1,6,3,-1,-1,-1,-1,-1,-1,-1
2014610006714,2,9,0,18,0,1,0,0,0,0,1,1,1,1,31,6,1598,1,1,-1,1
2014610006714,3,9,0,2,0,2,0,0,0,0,2,1,6,1,71,10,-1,-1,-1,-1,1
2014610006814,1,9,0,12,0,0,0,0,0,0,1,1,6,2,25,5,1242,1,4,-1,1
2014610006814,2,9,0,18,0,0,2,0,5,6,2,1,6,1,44,7,1900,2,8,10,1
2014610006914,1,9,0,4,0,1,1,0,0,0,1,1,6,2,31,6,1910,2,7,-1,1
2014610006914,2,10,0,3,0,2,0,0,0,0,2,1,1,2,40,7,-1,-1,-1,-1,1
2014610007014,1,9,0,18,0,1,0,0,0,0,3,1,6,1,39,7,1589,1,16,-1,1
2014610007114,1,9,0,5,0,2,0,0,0,0,2,1,1,1,34,6,1753,2,8,-1,1
2014610007114,2,9,0,5,0,1,0,0,0,0,1,1,6,1,43,7,1796,1,11,-1,1
2014610007214,1,9,0,18,0,6,0,0,0,0,2,1,6,1,45,7,1989,1,15,-1,1
2014610007214,2,5,0,18,0,1,0,0,0,0,1,1,6,1,25,5,-1,-1,-1,-1,1
2014610007314,1,9,0,18,0,8,0,0,0,0,4,1,1,1,31,6,-1,-1,-1,-1,1
2014610007314,2,2,0,18,0,4,0,0,0,0,1,1,6,1,27,6,-1,-1,-1,-1,-1
2014610007414,1,9,0,4,0,0,0,0,0,0,1,1,2,1,24,5,2402,2,6,-1,1
2014610007414,2,9,0,3,0,0,0,0,0,0,2,1,6,2,21,5,1149,1,3,-1,1
2014610007414,3,9,0,3,0,0,0,0,0,0,2,1,6,1,56,9,1995,2,3,5,1
2014610007514,1,9,0,18,0,0,1,0,0,0,1,1,2,2,24,5,1390,1,10,-1,1
2014610007514,2,9,0,18,0,0,0,0,0,0,2,1,2,1,26,6,1149,1,11,-1,2
2014610007514,3,19,0,18,0,0,0,0,0,0,2,1,2,1,57,9,1560,2,7,-1,1
2014610007614,1,21,0,18,0,0,1,0,0,0,1,1,1,1,62,9,12900,2,4,-1,1
2014610007614,2,9,0,18,0,0,0,0,0,0,4,1,2,2,49,8,1396,1,2,-1,1
2014610007714,1,9,0,18,0,4,0,0,0,0,3,1,6,1,62,9,1248,2,3,-1,1
2014610007714,2,9,0,18,0,8,0,0,0,1,1,1,6,1,32,6,1997,2,6,-1,1
2014610007814,1,9,0,18,0,0,0,0,0,0,2,1,6,1,27,6,1587,1,11,-1,1
2014610007814,2,9,0,18,0,0,0,0,0,0,1,1,6,2,38,7,1596,1,4,-1,1
2014610007914,1,9,0,17,0,0,0,0,0,0,1,1,6,1,34,6,1364,1,8,-1,1
2014610007914,2,1,0,16,0,0,0,0,0,0,4,1,6,1,17,4,-1,-1,-1,-1,1
2014610008014,1,9,0,18,0,0,1,0,0,0,3,1,1,1,31,6,2993,2,1,-1,1
2014610008014,2,9,0,18,0,0,0,0,0,0,1,1,6,2,57,9,1242,1,7,-1,1
2014610008114,1,8,0,4,0,1,0,0,0,0,2,1,1,1,53,8,1998,1,7,-1,1
2014610008114,2,9,0,4,0,1,0,0,0,0,1,1,6,2,46,8,1596,1,19,-1,1
2014610008214,1,9,0,5,0,4,0,0,0,0,3,1,6,2,18,4,1595,1,13,-1,1
2014610008214,2,9,0,18,0,8,0,0,0,0,4,1,6,1,51,8,1596,1,3,-1,1
2014610008314,1,19,0,18,0,0,1,0,0,0,1,1,1,1,21,5,2198,2,2,5,1
2014610008314,2,19,0,4,0,0,0,0,0,0,1,1,2,1,44,7,1686,2,2,-1,1
2014610008414,1,22,0,2,0,0,0,0,0,0,2,1,1,1,37,7,-1,-1,-1,-1,-1
2014610008414,2,9,0,15,0,0,0,4,0,0,1,1,2,1,54,8,1997,2,14,-1,1
2014610008514,1,9,0,10,0,8,0,0,0,0,4,1,2,2,50,8,1997,2,7,-1,1
2014610008514,2,1,0,18,0,1,0,0,0,0,1,1,2,1,26,6,-1,-1,-1,-1,2
2014610008614,1,9,0,10,0,1,0,0,0,0,2,1,6,1,39,7,1596,1,3,-1,1
2014610008614,2,9,0,18,0,1,0,0,0,0,1,1,6,1,34,6,2720,2,6,-1,1
2014610008814,1,9,0,18,0,3,0,0,0,0,1,1,6,3,-1,-1,-1,-1,-1,-1,-1
2014610008914,1,9,0,5,0,4,0,0,0,0,2,1,6,1,38,7,1199,1,11,-1,1
2014610008914,2,9,0,5,0,4,0,0,0,0,1,1,6,1,62,9,1968,2,8,-1,1
2014610009014,1,9,0,18,0,0,0,0,1,7,1,1,6,2,32,6,1388,1,10,-1,1
2014610009014,2,9,0,18,0,0,0,0,0,0,1,1,6,1,-1,-1,1582,2,1,-1,-1
2014610009114,1,5,0,7,0,8,0,0,0,0,3,1,6,1,61,9,1690,1,-1,-1,1
2014610009114,2,9,0,7,0,8,0,0,0,0,4,1,6,2,25,5,1396,1,1,-1,1
2014610009214,1,9,0,18,0,0,1,0,0,0,1,1,6,3,-1,-1,-1,-1,-1,-1,-1
2014610009214,2,9,0,18,0,0,0,0,0,0,1,1,6,1,31,6,2771,1,15,-1,1
2014610009314,1,9,0,18,0,7,1,0,2,2,4,1,6,1,26,6,1896,1,17,-1,1
2014610009414,1,9,0,18,0,0,1,0,1,4,3,1,2,2,26,6,1242,1,6,5,3
2014610009514,1,9,0,18,0,3,2,0,1,10,2,1,6,1,59,9,1388,1,10,-1,1
2014610009514,2,9,0,15,0,3,1,0,0,0,1,1,6,3,-1,-1,1999,1,9,-1,-1
2014610009714,1,3,0,18,0,0,0,11,0,0,4,1,6,1,35,6,125,1,8,-1,3
2014610009714,2,9,0,2,0,0,0,0,0,0,2,1,6,3,-1,-1,1896,2,8,-1,1
2014610009814,1,9,0,18,0,0,0,0,7,4,1,1,6,2,17,4,998,1,-1,-1,2
2014610009914,1,9,0,18,0,0,1,0,0,0,1,1,1,1,37,7,1910,2,10,-1,1
2014610010014,1,9,0,6,8,0,0,0,1,0,3,1,6,1,67,10,1124,1,13,-1,-1
2014610010014,2,19,0,18,0,0,0,0,0,0,1,1,6,1,37,7,2402,2,2,-1,2
2014610010114,1,9,0,18,0,0,0,0,0,0,3,1,6,1,55,8,-1,-1,-1,-1,1
2014610010214,1,19,0,18,0,0,0,0,0,0,2,1,2,1,23,5,1686,2,10,-1,1
2014610010214,2,9,0,18,0,0,0,0,0,0,1,1,2,2,35,6,1998,1,11,-1,-1
2014610010314,1,9,0,18,0,0,0,0,7,10,1,1,6,1,25,5,1198,1,11,-1,1
2014610010414,1,9,0,4,0,1,1,0,0,0,1,1,2,1,27,6,-1,-1,-1,-1,-1
2014610010414,2,9,0,5,0,4,0,0,0,0,2,1,2,1,27,6,1686,2,1,-1,1
2014610010514,1,9,0,5,0,1,0,0,0,0,1,1,6,1,69,10,1560,2,2,-1,1
2014610010514,2,9,0,18,0,1,0,0,0,0,1,1,1,1,23,5,1598,1,8,-1,3
2014610010614,1,9,0,18,0,8,0,0,0,0,1,1,6,1,31,6,1686,2,10,-1,1
2014610010614,2,9,0,18,0,8,0,0,0,0,4,1,6,1,25,5,1596,1,10,-1,1
2014610010714,1,9,0,18,0,0,1,0,4,6,3,1,2,1,43,7,-1,-1,-1,-1,3
2014610010814,1,9,0,18,0,0,0,0,1,11,1,1,6,1,22,5,1587,1,12,-1,1
2014610010814,2,19,0,2,0,0,0,0,0,0,2,1,6,1,52,8,2402,2,8,-1,1
2014610010914,1,8,0,3,0,0,0,0,0,0,2,1,1,1,48,8,1995,2,7,-1,1
2014610010914,2,9,0,18,0,0,0,0,0,0,1,1,6,1,52,8,1587,1,10,-1,3
2014610011014,1,9,0,5,0,2,0,0,0,0,1,1,6,1,62,9,1973,1,14,-1,1
2014610011014,2,9,0,18,0,1,0,0,0,0,4,1,6,1,20,4,1596,1,5,-1,1
2014610011114,1,5,0,10,0,1,0,0,0,0,2,1,6,1,59,9,1170,1,1,9,1
2014610011114,2,9,0,3,0,1,0,0,0,0,1,1,6,1,72,10,1968,2,7,-1,3
2014610011214,1,9,0,18,0,8,0,0,0,0,1,1,2,1,24,5,1560,2,7,-1,1
2014610011214,2,9,0,18,0,8,0,0,0,0,3,1,2,2,31,6,1390,1,12,-1,-1
2014610011314,1,9,0,18,0,5,0,0,0,0,1,1,3,2,47,8,1399,2,10,-1,1
2014610011414,1,9,0,18,0,4,0,0,0,0,3,1,6,1,87,11,1199,1,14,-1,2
2014610011414,2,9,0,18,0,8,0,0,0,0,1,1,2,1,38,7,1299,1,9,-1,1
2014610011514,1,9,0,18,0,1,1,0,0,0,1,1,6,2,21,5,1995,2,5,-1,1
2014610011614,1,19,0,18,0,4,0,0,0,0,1,1,2,1,27,6,1598,2,7,-1,1
2014610011614,2,9,0,18,0,8,0,0,0,0,4,2,2,1,31,6,-1,-1,-1,-1,1
2014610011814,1,9,0,18,0,1,0,0,0,0,1,1,6,2,22,5,1198,1,-1,-1,1
2014610011814,2,9,0,9,0,5,0,0,0,0,2,1,6,2,45,7,1398,1,1,-1,2
2014610011914,1,21,1,18,0,0,0,0,0,0,1,2,1,1,38,7,-1,-1,-1,-1,-1
2014610011914,2,9,0,13,0,0,1,10,1,4,4,1,1,2,61,9,1588,1,9,9,3
2014610012014,1,9,0,18,0,0,0,0,0,0,2,1,6,1,44,7,1598,1,6,-1,1
2014610012014,2,9,0,18,0,0,0,0,0,0,1,1,6,1,38,7,2993,2,5,8,1
2014610012014,3,9,0,18,0,0,0,0,0,0,1,1,6,1,50,8,1598,1,2,-1,1
2014610012014,4,9,0,18,0,0,0,0,0,0,2,1,6,1,68,10,1360,1,7,10,1
2014610012114,1,9,0,18,0,8,1,0,0,0,3,1,1,1,44,7,1997,2,2,-1,1
2014610012114,2,9,0,18,0,8,0,0,1,2,4,1,6,1,44,7,-1,-1,-1,-1,1
2014610012214,1,9,0,18,0,2,0,0,0,0,1,1,6,2,18,4,1596,1,10,-1,1
2014610012314,1,9,0,5,0,4,0,0,0,0,2,1,6,1,62,9,1498,1,4,-1,1
2014610012314,2,11,0,5,0,4,0,0,0,0,1,1,1,1,63,9,8268,2,12,-1,1
2014610012414,1,9,0,18,0,5,1,0,1,0,1,1,6,2,54,8,1896,2,8,-1,2
2014610012414,2,9,0,18,0,5,0,0,0,0,1,1,6,1,67,10,1596,1,7,-1,2
2014610012514,1,9,0,18,0,0,0,0,0,0,3,1,6,1,57,9,1747,1,6,-1,1
2014610012514,2,9,0,13,0,0,2,0,0,0,4,1,6,2,93,11,999,1,16,-1,1
2014610012614,1,9,0,18,0,0,1,0,0,0,3,1,6,1,20,4,1596,1,10,-1,1
2014610012614,2,9,0,18,0,0,0,0,1,10,4,1,6,1,53,8,1896,2,8,-1,3
2014610012714,1,9,0,18,0,8,0,0,0,0,4,1,2,1,44,7,2184,2,10,-1,1
2014610012714,2,9,0,5,0,4,0,0,0,0,1,2,1,1,47,8,1998,2,5,-1,1
2014610012814,1,9,0,18,0,1,0,0,0,0,4,1,6,1,33,6,1598,1,2,-1,1
2014610012914,1,9,0,18,0,8,5,0,0,0,3,1,6,2,47,8,1242,1,5,7,3
2014610012914,2,9,0,18,0,8,0,0,0,0,1,1,6,1,21,5,1995,2,1,-1,1
2014610013014,1,9,0,18,0,1,0,0,0,0,3,1,6,1,19,4,1199,1,11,-1,1
2014610013014,2,9,0,13,0,1,0,0,0,0,4,1,6,1,32,6,1497,1,14,-1,1
2014610013114,1,9,0,18,0,0,0,0,0,0,2,1,1,1,57,9,2191,2,-1,-1,1
2014610013114,2,9,0,18,0,0,0,0,0,0,1,1,1,1,29,6,1995,2,-1,-1,-1
2014610013114,3,9,0,18,0,0,0,0,0,0,1,1,1,1,26,6,1328,1,13,-1,3
2014610013214,1,9,0,18,0,1,0,0,0,0,2,1,6,1,30,6,1461,2,1,-1,1
2014610013214,2,9,0,18,0,1,0,0,0,0,1,1,6,2,25,5,1598,1,10,-1,1
2014610013314,1,9,0,17,0,0,0,0,0,0,4,1,6,1,18,4,1390,1,13,-1,1
2014610013414,1,9,0,18,0,0,0,0,0,0,1,1,6,3,-1,-1,-1,-1,-1,-1,-1
2014610013514,1,9,0,18,0,0,0,0,0,0,2,1,1,1,46,8,1994,2,11,-1,-1
2014610013514,2,9,0,18,0,0,0,0,0,0,1,1,1,1,24,5,1968,2,1,-1,-1
2014610013614,1,3,0,4,0,4,1,10,0,0,1,1,1,1,30,6,125,1,7,-1,1
2014610013714,1,9,0,18,0,4,0,0,0,0,3,1,1,1,40,7,1997,2,6,-1,1
2014610013714,2,1,0,18,0,8,0,0,0,0,4,1,2,1,54,8,-1,-1,-1,-1,1
2014610013814,1,21,1,11,0,0,0,0,0,0,4,1,1,1,53,8,15607,2,8,-1,1
2014610013814,2,9,0,15,0,0,1,0,0,0,3,1,2,1,23,5,1995,2,9,7,1
2014610013914,1,20,0,18,0,1,0,0,0,0,1,1,1,1,45,7,6692,2,4,-1,-1
2014610013914,2,8,0,9,0,5,0,0,0,0,2,1,1,1,27,6,-1,-1,-1,-1,1
2014610014014,1,9,0,9,0,5,0,0,0,0,3,1,2,1,-1,-1,1229,1,3,-1,-1
2014610014014,2,1,0,18,0,1,0,0,0,0,4,1,6,1,42,7,-1,-1,-1,-1,3
2014610014114,1,9,0,18,0,1,0,0,0,0,1,1,6,2,42,7,2324,1,11,-1,3
2014610014114,2,9,0,9,0,8,0,0,0,0,4,1,6,1,66,10,1596,1,3,-1,3
2014610014114,3,9,0,2,0,1,0,0,0,0,2,1,6,3,-1,-1,1998,1,1,-1,1
2014610014114,4,9,0,2,0,1,0,0,0,0,2,1,6,3,-1,-1,2191,2,1,-1,1
2014610014214,1,9,0,5,0,6,0,0,0,0,1,1,6,1,51,8,1999,1,13,-1,-1
2014610014214,2,9,0,17,0,1,0,0,0,0,3,1,6,1,34,6,2000,2,10,-1,-1
2014610014314,1,9,0,3,0,4,0,0,0,0,2,1,6,2,35,6,1769,1,9,-1,1
2014610014314,2,9,0,4,0,1,0,0,0,0,1,1,6,2,-1,-1,1149,1,7,-1,1
2014610014414,1,19,0,18,0,0,0,0,0,0,1,1,1,1,22,5,2402,2,4,-1,1
2014610014414,2,9,0,18,0,0,0,0,0,0,2,1,6,2,-1,-1,1149,1,12,-1,1
2014610014514,1,9,0,18,0,0,0,0,0,0,2,1,6,1,54,8,1796,1,14,-1,1
2014610014514,2,9,0,18,0,0,1,0,0,0,1,1,6,3,-1,-1,-1,-1,-1,-1,-1
2014610014614,1,9,0,18,0,1,0,0,0,0,1,1,2,1,48,8,-1,-1,-1,-1,1
2014610014614,2,9,0,9,0,5,0,0,0,0,4,1,2,1,33,6,1997,2,11,-1,2
2014610014714,1,23,0,17,0,0,0,0,0,0,1,1,6,1,51,8,652,1,9,3,1
2014610014714,2,9,0,16,0,0,0,0,0,0,1,1,6,1,60,9,2179,2,10,-1,3
2014610014814,1,9,0,10,0,5,0,0,0,0,2,1,6,2,60,9,1560,2,5,-1,1
2014610014814,2,9,0,18,0,1,0,0,0,0,1,1,6,2,69,10,1299,1,10,-1,1
2014610014914,1,3,0,18,0,1,1,0,0,0,1,1,6,1,18,4,124,1,12,-1,1
2014610015014,1,9,0,18,0,0,0,0,0,0,1,1,6,2,43,7,1242,1,11,-1,1
2014610015114,1,9,0,18,0,0,1,0,0,0,1,1,6,1,24,5,1596,1,12,8,1
2014610015114,2,9,0,18,0,0,0,0,0,0,2,1,6,2,24,5,998,1,9,-1,1
2014610015214,1,1,0,18,0,0,0,0,0,0,1,1,6,1,51,8,-1,-1,-1,6,3
2014610015314,1,11,0,18,0,1,0,0,0,0,1,1,1,1,65,9,4580,2,6,-1,1
2014610015314,2,19,0,3,0,1,0,0,0,0,2,1,2,1,39,7,2198,2,3,-1,-1
2014610015314,3,9,0,10,0,2,0,0,0,0,2,1,6,1,36,7,1248,2,10,-1,2
2014610015414,1,9,0,18,0,0,0,0,0,0,4,1,6,1,72,10,1386,1,2,-1,1
2014610015514,1,9,0,18,0,0,1,4,1,10,4,1,6,1,21,5,1998,1,9,-1,1
2014610015514,2,19,0,2,0,0,0,0,0,0,2,1,1,3,-1,-1,2198,2,5,-1,-1
2014610015614,1,9,0,18,0,1,1,4,4,0,4,1,6,1,30,6,2972,6,15,-1,2
2014610015614,2,9,0,18,0,1,0,0,0,0,3,1,6,2,48,8,1332,1,4,-1,1
2014610015614,3,9,0,2,0,1,0,0,0,0,3,1,6,1,42,7,1993,1,29,-1,1
2014610015614,4,9,0,2,0,1,0,0,0,0,3,1,6,1,42,7,1998,2,11,-1,1
2014610015614,5,9,0,2,0,1,0,0,0,0,2,1,6,1,23,5,1368,1,4,-1,1
2014610015714,1,9,0,18,0,0,0,0,0,0,1,1,6,1,28,6,1597,1,25,-1,1
2014610015714,2,9,0,18,0,0,0,0,0,0,1,1,1,1,38,7,1560,2,1,-1,1
2014610015714,3,9,0,18,0,0,0,0,0,0,1,1,1,1,31,6,1560,2,1,-1,1
2014610015814,1,9,0,18,0,0,0,0,1,7,4,1,6,3,-1,-1,-1,-1,-1,-1,-1
2014610015914,1,9,0,9,0,5,0,0,0,0,2,1,6,1,75,10,1598,1,3,-1,2
2014610015914,2,9,0,9,0,5,0,0,0,0,1,1,6,1,19,4,1248,2,6,-1,1
2014610016014,1,9,0,9,0,8,0,0,7,0,2,1,6,1,37,7,1769,1,13,-1,2
2014610016014,2,9,0,18,0,1,0,0,7,0,1,1,6,2,17,4,1598,1,1,-1,1
2014610016114,1,9,0,5,0,1,0,0,0,0,3,1,6,2,27,6,998,1,4,-1,1
2014610016114,2,9,0,5,0,1,0,0,0,0,1,1,6,1,35,6,1596,1,13,-1,-1
2014610016214,1,9,0,9,0,6,0,0,0,0,1,1,2,1,61,9,-1,-1,-1,-1,-1
2014610016214,2,9,0,18,0,1,0,0,1,11,3,1,2,2,22,5,1229,1,7,-1,1
2014610016214,3,9,0,18,0,1,0,0,0,0,3,1,6,2,52,8,1598,2,1,-1,1
2014610016314,1,9,0,18,0,1,0,0,0,0,2,1,6,2,46,8,998,1,8,-1,-1
2014610016314,2,9,0,18,0,1,0,0,0,0,1,1,6,2,63,9,1984,1,15,-1,1
2014610016414,1,9,0,18,0,0,1,0,1,10,1,1,6,2,49,8,998,1,6,-1,-1
2014610016414,2,9,0,18,0,0,0,0,0,0,1,1,6,1,-1,-1,1242,1,10,-1,-1
2014610016514,1,9,0,4,0,0,0,0,0,0,1,1,6,1,45,7,1598,2,3,-1,1
2014610016514,2,9,0,4,0,0,0,0,0,0,2,1,6,2,40,7,1229,1,5,-1,1
2014610016614,1,9,0,18,0,8,0,0,0,0,1,1,6,1,51,8,1490,1,6,-1,1
2014610016614,2,9,0,9,0,8,0,0,0,0,4,1,6,2,42,7,1598,2,1,6,3
2014610016714,1,9,0,18,0,8,0,0,0,0,4,1,6,1,35,6,1968,2,1,-1,1
2014610016714,2,9,0,18,0,8,0,0,0,0,3,1,6,2,34,6,1248,1,4,-1,1
2014610016814,1,9,0,1,0,0,0,0,0,0,2,1,6,1,24,5,1796,1,10,-1,1