Accident_Index,Vehicle_Reference,Vehicle_Type,Towing_and_Articulation,Vehicle_Manoeuvre,Vehicle_Location-Restricted_Lane,Junction_Location,Skidding_and_Overturning,Hit_Object_in_Carriageway,Vehicle_Leaving_Carriageway,Hit_Object_off_Carriageway,1st_Point_of_Impact,Was_Vehicle_Left_Hand_Drive?,Journey_Purpose_of_Driver,Sex_of_Driver,Age_of_Driver,Age_Band_of_Driver,Engine_Capacity_(CC),Propulsion_Code,Age_of_Vehicle,Driver_IMD_Decile,Driver_Home_Area_Type
2014610016914,1,8,0,1,0,0,0,0,0,0,2,1,1,1,35,6,-1,-1,-1,-1,-1
2014610017014,1,9,0,18,0,3,0,0,0,0,1,1,6,1,87,11,1242,1,14,-1,1
2014610017014,2,9,0,18,0,1,0,0,0,0,1,1,3,2,36,7,1598,1,9,-1,1
2014610017114,1,9,0,18,0,0,0,0,0,0,1,1,6,1,21,5,1596,1,11,-1,-1
2014610017114,2,9,0,18,0,0,0,0,0,0,1,1,6,1,27,6,1360,1,17,-1,-1
2014610017214,1,9,0,5,0,4,0,0,0,0,2,1,6,2,28,6,1248,2,2,-1,1
2014610017214,2,19,0,5,0,1,0,0,0,0,1,1,2,1,51,8,1870,2,11,-1,-1
2014610017314,1,11,0,18,0,1,0,0,0,0,1,1,1,1,48,8,3900,2,10,-1,-1
2014610017314,2,97,0,18,0,6,0,4,0,0,1,1,6,3,-1,-1,-1,-1,-1,-1,-1
2014610017314,3,9,0,2,0,2,0,0,0,0,2,1,6,2,55,8,-1,-1,-1,-1,2
2014610017414,1,9,0,18,0,0,0,0,0,0,1,1,6,2,38,7,-1,-1,-1,-1,3
2014610017514,1,9,0,18,0,0,0,0,0,0,2,1,6,1,31,6,1896,2,12,-1,2
2014610017514,2,4,0,18,0,0,0,0,0,0,2,1,6,1,50,8,124,1,15,-1,2
2014610017614,1,9,0,9,0,6,0,0,0,0,3,1,2,1,27,6,1598,1,8,-1,-1
2014610017614,2,9,0,18,0,1,0,0,0,0,1,1,2,2,19,4,1199,1,10,-1,1
2014610017714,1,8,0,9,0,8,0,0,0,0,3,1,1,1,62,9,1995,2,9,-1,1
2014610017714,2,9,0,18,0,1,0,0,0,0,1,1,6,1,64,9,1398,2,12,-1,1
2014610017814,1,9,0,2,0,0,0,0,0,0,2,1,6,1,65,9,-1,-1,-1,5,1
2014610017814,2,19,0,18,0,0,2,0,1,7,1,1,6,1,52,8,2148,2,9,-1,1
2014610017914,1,19,0,9,0,8,0,0,0,0,2,1,1,1,45,7,2143,2,1,-1,1
2014610017914,2,4,0,18,0,1,0,0,0,0,4,1,6,1,19,4,125,1,-1,-1,-1
2014610018014,1,9,0,7,0,8,5,0,1,7,4,1,2,2,23,5,1149,1,6,-1,1
2014610018114,1,1,0,9,0,5,0,0,0,0,3,1,6,1,34,6,-1,-1,-1,-1,1
2014610018114,2,9,0,9,0,5,0,0,0,0,4,1,6,3,-1,-1,1985,1,13,-1,-1
2014610018214,1,19,0,18,0,7,1,0,0,0,1,1,1,1,43,7,2198,2,5,-1,-1
2014610018214,2,9,0,18,0,7,0,0,0,0,2,1,1,2,57,9,1798,1,10,-1,1
2014610018214,3,9,0,18,0,7,0,0,0,0,2,1,1,2,60,9,1598,1,5,-1,-1
2014610018314,1,9,0,6,0,8,0,0,0,0,1,1,6,1,54,8,1587,1,16,-1,1
2014610018314,2,9,0,18,0,1,0,0,0,0,3,1,6,2,18,4,1199,1,13,-1,1
2014610018414,1,9,0,18,0,1,0,0,0,0,4,1,6,1,25,5,-1,-1,-1,-1,1
2014610018414,2,19,0,9,0,8,0,0,0,0,1,1,1,1,46,8,-1,-1,-1,-1,1
2014610018514,1,11,0,3,0,1,0,0,0,0,1,1,3,1,32,6,9600,2,17,-1,1
2014610018514,2,21,0,3,0,4,0,0,0,0,2,1,1,1,39,7,6692,2,2,-1,1
2014610018614,1,9,0,4,0,0,0,0,0,0,2,1,6,1,44,7,1753,2,12,-1,1
2014610018614,2,21,0,5,0,0,0,0,0,0,1,1,1,1,28,6,8867,2,6,-1,1
2014610018714,1,5,0,3,0,4,0,0,0,0,2,1,6,1,33,6,124,1,1,-1,1
2014610018714,2,9,0,5,0,4,0,0,0,0,1,1,6,2,32,6,2993,2,9,-1,3
2014610018814,1,9,0,18,0,1,0,0,0,0,2,1,6,2,56,9,1149,1,13,-1,1
2014610018814,2,9,0,18,0,1,0,0,0,0,1,1,6,1,23,5,1968,2,6,-1,1
2014610018914,1,9,0,3,0,4,0,0,0,0,2,1,6,2,34,6,-1,-1,-1,-1,-1
2014610018914,2,19,0,18,0,1,0,0,0,0,1,1,6,3,-1,-1,-1,-1,-1,-1,-1
2014610019014,1,9,0,18,0,0,0,0,0,0,4,1,2,2,21,5,1998,1,4,-1,1
2014610019114,1,9,0,18,0,1,0,0,0,0,1,1,6,1,80,11,1240,1,11,-1,1
2014610019214,1,9,0,18,0,0,0,0,0,0,4,1,6,3,-1,-1,-1,-1,-1,-1,-1
2014610019314,1,9,0,18,0,0,0,0,0,0,2,1,6,2,29,6,998,1,5,-1,1
2014610019314,2,9,0,18,0,0,1,0,0,0,1,1,6,2,20,4,1242,1,15,-1,-1
2014610019414,1,20,0,11,0,0,0,0,0,0,1,1,1,1,33,6,6870,2,7,-1,-1
2014610019414,2,9,0,18,0,0,0,0,0,0,3,1,6,2,40,7,1398,1,13,-1,1
2014610019514,1,17,4,7,0,5,0,0,0,0,4,1,1,1,35,6,6788,2,4,-1,3
2014610019514,2,9,0,18,0,1,1,0,0,0,1,1,6,2,19,4,1360,1,7,-1,-1
2014610019614,1,9,5,18,0,0,3,0,0,0,1,1,6,1,49,8,1896,2,12,-1,1
2014610019614,2,9,5,18,0,0,3,0,0,0,3,1,6,1,36,7,-1,-1,-1,-1,1
2014610019714,1,5,0,18,0,1,1,0,7,0,3,1,6,1,50,8,865,1,5,-1,1
2014610019814,1,9,0,9,0,5,0,0,0,0,1,1,6,2,30,6,1598,1,8,-1,1
2014610019914,1,9,0,9,0,6,0,0,0,0,1,1,6,1,91,11,1850,1,12,-1,1
2014610019914,2,9,0,18,0,1,0,0,0,0,3,1,6,2,22,5,-1,-1,-1,-1,1
2014610020014,1,9,0,18,0,0,2,0,1,4,4,1,2,1,21,5,1149,1,13,-1,1
2014610020114,1,9,0,18,0,0,0,0,0,0,1,1,6,3,-1,-1,-1,-1,-1,-1,-1
2014610020214,1,97,0,18,0,4,0,0,1,7,1,1,6,1,48,8,-1,-1,-1,-1,2
2014610020314,1,9,0,17,0,0,5,0,1,11,1,1,6,1,75,10,1229,1,1,-1,1
2014610020414,1,21,1,18,0,0,1,10,1,7,1,2,1,1,26,6,-1,-1,-1,-1,-1
2014610020414,2,9,0,18,0,0,0,0,0,0,1,1,6,1,24,5,1399,2,4,-1,1
2014610020514,1,9,0,9,0,8,0,0,1,2,1,1,6,1,18,4,1198,1,6,-1,1
2014610020614,1,9,0,12,0,0,0,0,0,0,3,1,6,1,91,11,1086,1,9,-1,1
2014610020614,2,21,0,18,0,0,1,0,0,0,1,1,1,1,62,9,6692,2,2,-1,1
2014610020714,1,9,0,4,0,0,0,0,0,0,4,1,6,2,52,8,1242,1,5,-1,1
2014610020714,2,1,0,18,0,0,0,0,0,0,3,1,6,1,10,2,-1,-1,-1,-1,1
2014610020814,1,9,0,2,0,0,0,0,0,0,4,1,6,1,56,9,1798,1,6,3,1
2014610020814,2,1,0,14,0,0,0,0,0,0,3,1,6,1,54,8,-1,-1,-1,-1,1
2014610020914,1,9,0,18,0,0,0,0,0,0,3,1,6,1,59,9,1422,2,13,-1,1
2014610020914,2,21,1,11,0,0,0,0,0,0,4,1,1,1,-1,-1,10518,2,6,-1,-1
2014610021014,1,9,0,9,0,8,0,0,0,0,4,1,6,2,21,5,973,1,12,-1,1
2014610021014,2,1,0,18,0,1,0,0,0,0,1,1,6,1,65,9,-1,-1,-1,-1,-1
2014610021114,1,9,0,18,0,8,0,0,0,0,3,1,2,2,53,8,1149,1,3,-1,1
2014610021114,2,9,0,18,0,8,0,0,0,0,1,1,2,2,26,6,1587,1,9,-1,1
2014610021214,1,9,0,7,0,5,0,0,0,0,2,1,6,2,21,5,1299,1,6,-1,1
2014610021214,2,9,0,7,0,5,0,0,0,0,1,1,6,1,39,7,-1,-1,-1,-1,1
2014610021314,1,9,0,4,0,4,0,0,0,0,2,1,6,2,41,7,1242,1,7,-1,1
2014610021314,2,9,0,18,0,1,0,0,0,0,1,1,6,1,-1,-1,1900,2,16,-1,2
2014610021414,1,1,0,18,0,0,0,0,0,0,3,1,6,1,52,8,-1,-1,-1,-1,1
2014610021414,2,16,0,6,0,0,0,0,0,0,1,1,6,3,-1,-1,-1,-1,-1,-1,-1
2014610021514,1,9,0,18,0,0,0,0,0,0,1,1,6,2,29,6,995,1,8,-1,1
2014610021514,2,9,0,2,0,0,0,0,0,0,2,1,6,2,61,9,1396,1,10,-1,1
2014610021614,1,9,0,16,0,0,0,0,0,0,3,1,6,1,40,7,1560,2,7,-1,1
2014610021614,2,9,0,17,0,0,0,0,0,0,3,1,6,2,24,5,1598,2,-1,-1,-1
2014610021714,1,9,0,4,0,4,0,0,0,0,4,1,6,2,74,10,1796,1,7,-1,1
2014610021714,2,9,0,4,0,4,0,0,0,0,3,1,6,2,46,8,1229,1,7,-1,2
2014610021814,1,19,4,13,0,0,0,0,0,0,4,1,6,1,-1,-1,2488,2,6,-1,-1
2014610021814,2,1,0,18,0,0,0,0,0,0,3,1,6,1,36,7,-1,-1,-1,-1,1
2014610021814,3,1,0,18,0,0,0,0,0,0,1,1,6,2,-1,-1,-1,-1,-1,-1,-1
2014610021814,4,1,0,18,0,0,0,0,0,0,1,1,6,2,-1,-1,-1,-1,-1,-1,-1
2014610021914,1,9,0,17,0,0,5,0,0,0,1,1,6,2,17,4,998,1,10,-1,-1
2014610022014,1,9,0,4,0,1,0,0,0,0,1,1,6,1,28,6,-1,-1,-1,-1,1
2014610022014,2,19,0,4,0,1,0,0,0,0,2,1,6,2,31,6,-1,-1,-1,-1,1
2014610022014,3,19,0,4,0,1,0,0,0,0,2,1,6,1,35,6,1995,2,7,-1,-1
2014610022114,1,9,0,18,0,0,1,0,0,0,1,1,6,1,57,9,-1,-1,-1,-1,1
2014610022114,2,9,0,18,0,0,0,0,0,0,1,1,6,1,23,5,1198,1,6,-1,1
2014610022114,3,9,0,18,0,0,0,0,0,0,1,1,6,1,20,4,2179,2,6,-1,1
2014610022214,1,9,0,4,0,1,0,0,0,0,3,1,6,1,57,9,1328,1,5,7,3
2014610022314,1,9,0,18,0,6,0,0,0,0,1,1,6,1,26,6,1796,1,7,-1,2
2014610022314,2,9,0,2,0,1,0,0,0,0,1,1,6,1,73,10,1968,2,2,-1,2
2014610022314,3,9,0,2,0,1,0,0,0,0,1,1,6,2,65,9,-1,-1,-1,-1,2
2014610022414,1,9,0,18,0,0,0,0,0,0,1,1,6,2,26,6,1995,2,7,2,1
2014610022414,2,9,0,18,0,0,0,0,0,0,2,1,1,2,30,6,1753,2,7,-1,-1
2014610022414,3,9,0,18,0,0,0,0,0,0,2,1,6,2,63,9,1242,1,1,-1,1
2014610022414,4,19,0,18,0,0,0,0,0,0,2,1,6,2,57,9,2148,2,5,9,1
2014610022514,1,9,0,4,0,2,0,0,0,0,4,1,6,2,18,4,1242,1,3,-1,1
2014610022514,2,1,0,18,0,8,0,0,0,0,1,1,6,1,51,8,-1,-1,-1,-1,1
2014610022614,1,9,0,4,0,1,0,0,0,0,2,1,6,1,48,8,1781,1,12,-1,1
2014610022614,2,9,0,4,0,1,0,0,0,0,1,1,6,2,41,7,1360,1,12,-1,1
2014610022714,1,9,0,18,0,0,0,0,0,0,4,1,6,1,20,4,-1,-1,-1,-1,1
2014610022714,2,9,0,18,0,0,0,0,0,0,2,1,6,2,67,10,1461,2,5,-1,1
2014610022814,1,8,0,18,0,8,1,0,0,0,1,1,1,1,32,6,1995,2,7,-1,-1
2014610022914,1,9,0,18,0,0,0,0,0,0,1,1,6,1,22,5,1360,1,2,-1,1
2014610022914,2,9,0,18,0,0,0,0,7,11,1,1,6,1,46,8,1994,1,15,-1,1
2014610023014,1,9,0,18,0,1,0,0,0,0,4,1,1,1,46,8,1560,2,1,-1,1
2014610023014,2,9,0,9,0,8,0,0,0,0,1,1,6,2,30,6,1998,1,15,-1,1
2014610023114,1,9,0,15,0,0,1,0,0,0,1,1,6,1,27,6,1998,1,11,-1,1
2014610023114,2,9,0,18,0,0,1,0,0,0,1,1,2,1,43,7,1596,1,15,-1,2
2014610023214,1,9,0,4,0,0,0,0,0,0,1,1,6,2,33,6,1997,1,13,-1,1
2014610023214,2,9,0,2,0,0,0,0,0,0,2,1,6,2,33,6,2000,2,9,-1,1
2014610023314,1,9,0,18,0,0,1,0,1,4,4,1,6,1,21,5,1396,1,11,-1,2
2014610023414,1,9,0,18,0,0,1,0,1,11,4,1,6,1,21,5,1600,1,14,-1,1
2014610023514,1,97,0,18,0,8,0,0,0,0,1,1,6,1,21,5,-1,-1,-1,-1,-1
2014610023514,2,9,0,18,0,8,0,0,0,0,3,1,6,2,30,6,-1,-1,-1,-1,-1
2014610023614,1,9,0,10,0,8,0,0,0,0,1,1,6,2,33,6,998,1,14,-1,1
2014610023614,2,9,0,18,0,2,0,0,0,0,2,1,6,2,26,6,998,1,-1,-1,1
2014610023714,1,9,0,9,0,8,0,0,0,0,1,1,6,2,22,5,1388,1,10,-1,1
2014610023714,2,9,0,18,0,8,0,0,0,0,1,1,6,1,33,6,1596,1,13,-1,1
2014610023814,1,9,0,18,0,4,0,0,0,0,2,1,6,2,55,8,1061,1,9,-1,1
2014610023814,2,9,0,9,0,8,0,0,0,0,1,1,6,3,-1,-1,-1,-1,-1,-1,-1
2014610023914,1,9,0,9,0,1,0,0,0,0,3,1,1,1,43,7,1956,2,2,-1,-1
2014610023914,2,5,0,14,0,1,0,0,0,0,1,1,1,1,48,8,656,1,4,-1,1
2014610024014,1,9,0,18,0,0,0,0,7,11,1,1,6,1,18,4,973,1,12,-1,1
2014610024114,1,3,0,17,0,0,0,0,2,7,1,1,2,2,26,6,124,1,4,-1,1
2014610024214,1,9,0,18,0,0,0,0,0,0,1,1,2,1,-1,-1,1587,1,13,-1,1
2014610024314,1,11,0,18,0,0,0,0,0,0,1,1,1,1,57,9,5900,2,9,-1,1
2014610024314,2,9,0,18,0,0,1,0,0,0,1,1,6,1,29,6,1360,1,12,-1,1
2014610024414,1,9,0,18,0,0,5,0,1,0,1,1,6,2,47,8,1493,2,10,-1,1
2014610024514,1,9,0,4,0,0,0,0,0,0,1,1,6,1,51,8,1991,1,-1,-1,3
2014610024614,1,9,0,18,0,0,0,0,0,0,2,1,1,2,39,7,1598,1,5,-1,1
2014610024614,2,9,0,18,0,0,0,0,0,0,1,1,1,2,35,6,1910,2,7,-1,1
2014610024714,1,9,0,4,0,0,2,0,0,0,3,1,6,1,85,11,1591,1,1,-1,1
2014610024714,2,9,0,18,0,0,1,0,0,0,4,1,6,1,47,8,1995,2,4,-1,1
2014610024714,3,9,0,2,0,0,0,0,0,0,3,1,6,3,-1,-1,1242,1,1,-1,-1
2014610024814,1,9,0,9,0,1,0,0,0,0,1,1,6,2,20,4,1149,1,10,-1,1
2014610024814,2,9,0,18,0,8,0,0,0,0,1,1,6,1,49,8,1360,1,13,-1,1
2014610024914,1,9,0,3,0,0,0,0,0,0,2,1,2,1,36,7,1997,2,3,-1,1
2014610024914,2,9,0,17,0,0,0,0,0,0,1,1,6,1,-1,-1,2198,1,12,-1,1
2014610025014,1,9,0,5,0,4,0,0,0,0,2,1,6,2,22,5,1242,1,12,-1,-1
2014610025014,2,19,0,5,0,4,0,0,0,0,1,1,1,1,-1,-1,-1,-1,-1,-1,1
2014610025114,1,9,0,4,0,0,0,0,0,0,2,1,1,1,27,6,1390,1,6,-1,1
2014610025114,2,9,0,4,0,0,0,0,0,0,1,1,1,2,38,7,1560,2,2,-1,1
2014610025214,1,9,0,4,0,1,0,0,0,0,4,1,6,1,29,6,1388,1,11,-1,1
2014610025214,2,9,0,18,0,1,0,0,0,0,1,1,6,3,-1,-1,-1,-1,-1,-1,-1
2014610025314,1,9,0,18,0,1,0,0,0,0,1,1,6,2,20,4,1868,2,14,-1,1
2014610025314,2,9,0,9,0,1,0,0,0,0,4,1,6,1,34,6,1560,2,5,10,1
2014610025414,1,9,0,7,0,4,0,0,0,0,3,1,6,1,74,10,1995,2,9,-1,1
2014610025414,2,1,0,9,0,4,0,0,0,0,4,1,6,1,-1,-1,-1,-1,-1,-1,1
2014610025514,1,9,0,18,0,8,0,0,0,0,4,1,6,2,48,8,1995,2,10,-1,1
2014610025514,2,9,0,5,0,4,0,0,0,0,1,1,1,2,-1,-1,1299,1,9,-1,2
2014610025614,1,9,0,8,0,1,0,0,0,0,2,1,6,2,57,9,1997,2,12,-1,1
2014610025614,2,9,0,18,0,1,0,0,0,0,1,1,6,2,67,10,1596,1,5,-1,1
2014610025714,1,9,0,18,0,1,0,0,0,0,2,1,6,1,24,5,1560,2,7,-1,1
2014610025714,2,9,0,9,0,6,0,0,0,0,1,1,6,1,34,6,1762,1,15,-1,1
2014610025814,1,9,0,18,0,1,1,0,0,0,3,1,1,2,42,7,1242,1,5,-1,-1
2014610025814,2,9,0,9,0,6,1,0,0,0,1,1,2,2,18,4,1368,1,4,-1,2
2014610025914,1,9,0,10,0,2,0,0,0,0,2,1,2,2,21,5,1328,1,8,-1,1
2014610025914,2,3,0,18,0,1,1,0,0,0,1,1,2,1,23,5,-1,-1,-1,-1,1
2014610026014,1,9,0,18,0,4,0,0,0,0,1,1,6,1,19,4,1598,2,-1,-1,1
2014610026014,2,3,0,18,0,3,0,0,0,0,2,1,6,1,17,4,125,1,3,-1,1
2014610026114,1,9,0,10,0,1,0,0,0,0,2,1,6,1,28,6,1896,2,11,-1,1
2014610026114,2,9,0,18,0,1,1,0,0,0,2,1,6,1,40,7,1242,1,8,-1,1
2014610026114,3,9,0,18,0,1,0,0,0,0,1,1,6,2,50,8,1229,1,6,-1,1
2014610026214,1,5,0,18,0,0,0,0,0,0,4,1,2,1,29,6,599,1,16,-1,1
2014610026314,1,9,0,18,0,8,0,0,7,3,4,1,6,2,44,7,995,1,6,-1,1
2014610026314,2,19,0,18,0,8,0,0,0,0,1,1,1,1,62,9,2148,2,5,-1,1
2014610026414,1,9,0,18,0,4,0,0,0,0,3,1,6,2,63,9,1388,1,4,-1,1
2014610026414,2,1,0,18,0,8,0,0,7,7,4,1,6,1,-1,-1,-1,-1,-1,-1,1
2014610026514,1,9,0,18,0,0,0,0,0,0,1,1,6,1,50,8,-1,-1,-1,-1,2
2014610026514,2,11,0,4,0,0,0,0,0,0,2,1,1,1,42,7,6871,2,5,-1,1
2014610026614,1,9,0,18,0,4,0,0,0,0,2,1,2,1,17,4,1364,1,6,-1,1
2014610026614,2,9,0,18,0,4,0,0,0,0,1,1,2,2,27,6,1364,2,5,-1,2
2014610026614,3,9,0,18,0,4,0,0,0,0,2,1,2,2,-1,-1,-1,-1,-1,-1,-1
2014610026714,1,11,0,15,0,1,0,0,0,0,3,1,1,1,25,5,4250,2,9,-1,1
2014610026714,2,9,0,18,0,1,0,0,0,0,1,1,1,1,28,6,2290,1,4,-1,1
2014610026814,1,9,0,6,0,8,0,0,0,0,3,1,1,1,49,8,-1,-1,-1,-1,-1
2014610026814,2,3,0,18,0,8,1,0,0,0,1,1,6,1,19,4,124,1,1,-1,-1
2014610026914,1,9,0,18,0,0,0,0,0,0,1,1,2,1,37,7,1199,1,10,-1,-1
2014610026914,2,9,0,18,0,0,0,0,0,0,1,1,2,1,62,9,2401,2,7,-1,-1
2014610027014,1,9,0,18,0,0,1,0,0,0,1,1,6,2,23,5,1461,2,13,3,1
2014610027014,2,19,0,12,0,0,0,0,0,0,2,1,6,1,-1,-1,1598,2,2,4,1
2014610027114,1,9,0,18,0,1,0,0,0,0,4,1,6,1,54,8,1999,1,7,-1,1
2014610027114,2,1,0,18,0,1,0,0,0,0,1,1,6,1,19,4,-1,-1,-1,-1,-1
2014610027214,1,9,0,17,0,0,5,0,8,4,1,1,6,1,18,4,1396,1,10,-1,2
2014610027314,1,9,0,18,0,3,0,0,0,0,1,1,6,1,34,6,1560,2,1,-1,1
2014610027314,2,1,0,18,0,8,0,0,0,0,3,1,2,1,63,9,-1,-1,-1,-1,-1
2014610027414,1,19,0,18,0,0,0,0,0,0,1,1,6,1,45,7,2300,2,9,-1,2
2014610027414,2,9,0,4,0,0,0,0,1,0,2,1,6,1,57,9,1461,2,-1,-1,3
2014610027514,1,9,0,18,0,1,0,0,0,0,1,1,1,1,61,9,1989,1,14,-1,1
2014610027514,2,9,0,4,0,1,0,0,0,0,1,1,2,1,29,6,1994,1,10,-1,1
2014610027614,1,9,0,18,0,1,1,4,0,0,1,1,2,1,53,8,2987,2,7,-1,-1
2014610027614,2,9,0,2,0,1,0,0,0,0,2,1,6,1,48,8,2440,2,22,-1,1
2014610027614,3,9,0,2,0,1,0,0,0,0,2,1,6,1,29,6,1995,2,12,-1,1
2014610027714,1,9,0,18,0,0,0,0,0,0,3,1,6,1,47,8,2993,2,9,-1,1
2014610027814,1,9,0,5,0,4,0,0,0,0,1,1,6,1,78,11,1298,1,12,-1,1
2014610027814,2,1,0,18,0,8,0,0,0,0,4,1,6,1,56,9,-1,-1,-1,-1,-1
2014610027914,1,9,0,18,0,4,2,0,0,0,1,1,6,2,20,4,1598,1,-1,-1,1
2014610028014,1,9,0,9,0,5,0,0,0,0,1,1,6,2,53,8,1299,1,6,-1,1
2014610028014,2,9,0,18,0,1,1,0,0,0,1,1,6,1,39,7,1388,1,12,-1,1
2014610028114,1,19,0,18,0,0,0,0,0,0,1,1,6,2,19,4,-1,-1,-1,-1,1
2014610028114,2,9,0,18,0,0,0,0,0,0,1,1,6,1,-1,-1,-1,-1,-1,-1,1
2014610028214,1,9,0,18,0,8,0,0,1,2,1,1,6,1,87,11,1248,1,5,-1,3
2014610028214,2,9,0,9,0,5,0,0,0,0,1,1,6,1,55,8,1997,1,9,-1,2
2014610028314,1,9,0,4,0,0,0,0,0,0,1,1,2,1,26,6,-1,-1,-1,-1,-1
2014610028314,2,9,0,4,0,0,0,0,0,0,2,1,6,2,37,7,1086,1,8,-1,1
2014610028414,1,9,0,18,0,1,0,0,0,0,3,1,6,1,79,11,1341,1,11,-1,1
2014610028414,2,9,0,3,0,1,0,0,0,0,4,1,6,2,49,8,1242,1,3,-1,-1
2014610028414,3,9,0,10,0,2,0,0,0,0,2,1,6,1,33,6,996,1,1,-1,1
2014610028514,1,9,0,18,0,0,0,0,0,0,4,1,6,1,92,11,1229,1,2,-1,1
2014610028514,2,21,0,2,6,0,0,0,0,0,3,1,1,1,34,6,-1,-1,-1,-1,1
2014610028614,1,1,0,18,0,0,1,0,0,0,0,1,6,1,54,8,-1,-1,-1,-1,3
2014610028614,2,9,0,18,0,0,0,0,0,0,0,1,6,1,74,10,1905,2,15,-1,2
2014610028714,1,9,0,18,0,1,0,0,0,11,1,1,6,2,59,9,1591,1,-1,-1,2
2014610028814,1,21,0,18,0,0,5,5,1,7,4,1,1,1,52,8,11000,2,19,-1,3
2014610028914,1,9,0,15,0,0,0,0,0,0,4,1,6,2,50,8,1242,1,17,-1,1
2014610029014,1,9,0,5,0,1,0,0,0,0,1,1,2,1,20,4,995,1,7,-1,1
2014610029014,2,8,0,18,0,1,0,0,0,0,2,1,6,1,49,8,1248,2,4,-1,1
2014610029114,1,9,0,18,0,0,0,0,0,0,1,1,6,2,44,7,1364,1,7,-1,1
2014610029114,2,9,0,3,0,0,0,0,0,0,2,1,6,1,40,7,1995,2,12,-1,1
2014610029214,1,9,0,3,0,0,0,0,0,0,2,1,6,2,22,5,1229,1,-1,-1,1
2014610029214,2,9,0,16,0,0,0,0,0,0,1,1,6,1,46,8,1390,1,12,-1,1
2014610029314,1,1,0,18,0,1,0,0,0,0,1,1,6,1,18,4,-1,-1,-1,-1,-1
2014610029314,2,1,0,18,0,1,0,0,0,0,1,1,2,1,40,7,-1,-1,-1,-1,-1
2014610029414,1,9,0,14,0,0,0,11,0,0,1,1,3,2,38,7,1390,1,11,-1,1
2014610029514,1,9,0,18,0,0,0,0,1,0,1,1,6,1,45,7,1398,2,4,-1,1
2014610029514,2,9,0,18,0,0,1,0,1,0,1,1,6,1,56,9,1596,1,8,-1,1
2014610029614,1,1,0,7,0,5,0,0,0,0,1,1,4,1,11,3,-1,-1,-1,-1,-1
2014610029614,2,9,0,7,0,5,0,0,0,0,2,2,6,1,65,9,1975,1,11,-1,3
2014610029714,1,9,0,18,0,1,0,0,0,0,3,1,6,2,36,7,1995,2,7,-1,1
2014610029814,1,9,0,4,0,0,0,0,0,0,2,1,2,1,46,8,1749,1,13,-1,1
2014610029814,2,9,0,18,0,0,0,0,0,0,1,1,6,2,20,4,1598,1,9,-1,1
2014610029914,1,9,0,18,0,0,1,4,0,0,1,1,2,1,49,8,998,1,16,-1,1
2014610029914,2,9,0,2,0,0,0,4,0,0,2,1,6,1,32,6,998,1,6,-1,-1
2014610029914,3,9,0,2,0,0,0,4,0,0,2,1,6,1,36,7,1596,1,5,-1,-1
2014610029914,4,9,0,2,0,0,0,4,0,0,2,1,6,1,49,8,1368,1,3,-1,-1
2014610030014,1,9,0,18,0,1,0,0,0,0,1,1,6,1,27,6,-1,-1,-1,-1,1
2014610030014,2,9,0,10,0,5,0,0,0,0,2,1,6,1,48,8,1998,1,14,-1,1
2014610030114,1,9,0,18,0,0,0,0,0,0,2,1,6,1,24,5,1997,2,14,-1,1
2014610030114,2,3,0,11,0,0,0,0,0,0,1,1,6,1,30,6,125,1,7,-1,1
2014610030214,1,19,0,13,0,0,0,0,0,0,4,1,1,1,28,6,2198,2,2,-1,3
2014610030214,2,1,0,18,0,0,0,0,0,0,3,1,2,1,55,8,-1,-1,-1,-1,3
2014610030314,1,20,0,18,0,0,1,0,0,0,1,1,1,1,28,6,4250,2,2,-1,-1
2014610030314,2,9,0,18,0,0,0,0,0,0,2,1,2,1,61,9,1598,2,3,-1,3
2014610030414,1,9,0,18,0,8,0,0,0,0,4,1,6,1,68,10,1242,1,10,-1,1
2014610030514,1,9,0,18,0,0,0,0,0,0,2,1,6,1,35,6,1598,1,13,-1,2
2014610030514,2,9,0,18,0,0,0,0,0,0,1,1,6,1,20,4,1149,1,9,-1,3
2014610030514,3,9,0,18,0,0,0,0,0,0,1,1,6,2,64,9,1198,1,2,-1,3
2014610030614,1,9,0,3,0,0,0,0,0,0,2,2,6,1,-1,-1,1596,1,13,-1,-1
2014610030614,2,9,0,3,0,0,0,0,0,0,1,2,6,1,23,5,1360,1,12,-1,1
2014610030714,1,1,0,18,0,1,0,0,0,0,1,1,1,2,-1,-1,-1,-1,-1,-1,-1
2014610030714,2,9,0,10,0,5,0,0,0,0,2,1,6,2,-1,-1,1398,1,2,-1,-1
2014610030814,1,9,0,4,0,0,5,0,0,0,1,1,6,1,38,7,2830,2,20,-1,3
2014610030814,2,9,0,2,0,0,0,0,0,0,2,1,6,2,22,5,1242,1,6,-1,2
2014610030914,1,9,0,4,0,0,0,0,0,0,2,1,6,2,25,5,1198,1,12,-1,3
2014610030914,2,9,0,18,0,0,1,0,0,0,1,1,6,1,20,4,796,1,12,-1,1
2014610031014,1,9,0,18,0,0,0,0,0,0,1,1,2,2,37,7,1598,1,10,-1,1
2014610031114,1,9,0,18,0,0,1,0,1,11,1,1,6,1,28,6,1997,2,13,-1,1