Accident_Index,Vehicle_Reference,Vehicle_Type,Towing_and_Articulation,Vehicle_Manoeuvre,Vehicle_Location-Restricted_Lane,Junction_Location,Skidding_and_Overturning,Hit_Object_in_Carriageway,Vehicle_Leaving_Carriageway,Hit_Object_off_Carriageway,1st_Point_of_Impact,Was_Vehicle_Left_Hand_Drive?,Journey_Purpose_of_Driver,Sex_of_Driver,Age_of_Driver,Age_Band_of_Driver,Engine_Capacity_(CC),Propulsion_Code,Age_of_Vehicle,Driver_IMD_Decile,Driver_Home_Area_Type
2014610031214,1,8,0,18,0,0,0,0,0,0,1,1,1,1,59,9,1896,2,9,-1,1
2014610031314,1,9,0,18,0,0,0,0,0,0,2,1,6,2,50,8,1598,1,12,-1,1
2014610031314,2,9,0,18,0,0,0,0,0,0,1,1,6,2,-1,-1,998,1,10,-1,1
2014610031414,1,1,0,18,0,0,0,4,0,0,1,1,6,1,55,8,-1,-1,-1,-1,1
2014610031414,2,9,0,2,0,0,0,0,0,0,1,1,6,1,-1,-1,1796,1,13,-1,3
2014610031514,1,9,0,4,0,1,0,0,0,0,1,2,6,2,32,6,1995,2,-1,7,1
2014610031514,2,1,0,18,0,1,0,0,0,0,1,1,6,1,33,6,-1,-1,-1,-1,1
2014610031614,1,9,0,18,0,8,0,0,0,0,1,1,6,3,-1,-1,-1,-1,-1,-1,-1
2014610031714,1,9,0,3,0,1,0,0,0,0,2,1,6,2,26,6,1587,1,12,-1,1
2014610031714,2,9,0,4,0,1,1,0,0,0,1,1,6,1,59,9,2000,1,12,-1,1
2014610031814,1,9,0,18,0,1,0,0,0,0,1,1,6,1,39,7,1598,1,11,-1,1
2014610031814,2,9,0,18,0,1,0,0,0,0,2,1,2,1,34,6,1796,1,10,-1,2
2014610031914,1,9,0,4,0,0,0,0,0,0,1,1,6,2,59,9,1299,1,14,-1,1
2014610031914,2,9,0,3,0,0,0,0,0,0,2,1,6,1,18,4,1199,1,10,-1,1
2014610032014,1,19,0,18,0,0,1,0,7,0,1,1,2,1,43,7,2143,2,2,-1,-1
2014610032014,2,19,0,18,0,0,0,0,1,0,1,1,2,1,42,7,1997,2,6,-1,3
2014610032114,1,9,0,5,0,8,0,0,0,0,1,1,6,2,22,5,1598,2,1,-1,1
2014610032114,2,9,0,18,0,8,0,0,0,0,3,1,6,1,77,11,1399,2,11,-1,1
2014610032314,1,9,0,16,0,0,0,0,0,0,1,1,6,2,54,8,1248,1,2,-1,3
2014610032314,2,9,0,17,0,0,0,0,0,0,1,1,6,1,28,6,2499,1,9,-1,3
2014610032414,1,8,0,9,0,1,0,0,0,0,2,1,1,1,52,8,1999,1,5,-1,1
2014610032414,2,19,0,18,0,1,0,0,0,0,1,1,1,1,52,8,2143,2,1,-1,2
2014610032514,1,3,0,3,0,4,0,0,0,0,2,1,6,1,49,8,124,1,13,-1,1
2014610032514,2,9,0,18,0,4,0,0,0,0,1,1,6,1,40,7,2179,2,4,-1,1
2014610032614,1,9,0,18,0,4,0,0,0,0,1,1,2,1,28,6,1896,2,10,-1,1
2014610032714,1,9,0,7,0,4,0,0,0,0,3,1,6,2,18,4,1124,1,7,-1,1
2014610032714,2,21,1,18,0,4,0,0,0,0,4,1,1,1,39,7,10837,2,2,-1,1
2014610032814,1,9,0,18,0,0,0,0,0,0,1,1,6,1,31,6,1149,1,8,-1,2
2014610032914,1,9,0,2,0,0,0,0,0,0,3,1,6,1,33,6,1910,2,5,-1,-1
2014610032914,2,19,0,18,0,0,0,0,0,0,4,1,6,3,-1,-1,-1,-1,-1,-1,-1
2014610033014,1,9,0,18,0,1,1,0,0,0,1,1,6,1,50,8,-1,-1,-1,-1,2
2014610033014,2,9,0,7,0,8,0,0,0,0,2,1,6,2,30,6,1596,1,5,-1,1
2014610033014,3,9,0,7,0,6,0,0,0,0,3,1,6,1,47,8,1598,1,10,-1,2
2014610033114,1,9,0,18,0,0,0,0,0,0,1,1,6,1,52,8,1390,2,13,-1,1
2014610033114,2,9,0,18,0,0,0,0,0,0,1,1,6,2,31,6,1560,2,3,-1,3
2014610033214,1,9,0,18,0,0,0,0,0,0,1,1,6,3,-1,-1,-1,-1,-1,-1,-1
2014610033314,1,9,0,18,0,0,2,0,2,11,1,1,6,1,41,7,1994,1,14,-1,3
2014610033314,2,9,0,18,0,0,0,0,0,0,3,1,6,2,42,7,1896,2,11,-1,2
2014610033414,1,9,0,9,0,8,0,0,0,0,1,1,6,2,44,7,1396,1,17,-1,1
2014610033414,2,9,0,18,0,8,0,0,0,0,3,1,6,1,20,4,1397,1,12,-1,1
2014610033514,1,9,0,18,0,0,0,0,0,0,1,1,6,1,86,11,1124,1,14,-1,1
2014610033614,1,9,0,18,0,0,0,0,0,0,3,1,6,1,27,6,1587,1,12,-1,2
2014610033614,2,9,0,18,0,0,0,0,1,0,3,1,6,2,40,7,1870,2,11,-1,2
2014610033714,1,9,0,7,0,6,0,0,0,0,1,1,6,1,22,5,1598,1,7,-1,1
2014610033714,2,9,0,18,0,1,0,0,0,0,4,1,6,1,29,6,-1,-1,-1,-1,2
2014610033714,3,9,0,10,0,5,0,0,0,0,3,1,6,1,33,6,1560,2,5,-1,1
2014610033814,1,9,0,17,0,0,0,0,0,0,3,1,6,1,32,6,2979,1,5,9,1
2014610033814,2,4,0,17,0,0,0,0,5,6,4,1,6,1,60,9,296,1,-1,-1,1
2014610033914,1,9,0,13,0,0,1,0,0,0,1,1,2,1,41,7,1299,1,16,-1,1
2014610033914,2,9,0,18,0,0,0,0,0,0,1,1,6,1,27,6,1364,1,6,-1,1
2014610034014,1,9,0,18,0,0,0,0,7,11,1,1,1,1,49,8,1796,1,14,-1,1
2014610034114,1,19,0,5,0,8,0,0,0,0,1,1,1,1,43,7,2198,2,4,-1,1
2014610034114,2,9,0,3,0,8,0,0,0,0,2,1,6,1,44,7,998,1,11,-1,1
2014610034114,3,9,0,3,0,8,0,0,0,0,2,1,6,1,59,9,1600,2,2,-1,1
2014610034214,1,9,0,5,0,3,1,0,0,0,3,1,1,1,34,6,2987,2,7,-1,1
2014610034214,2,9,0,11,0,3,1,0,4,0,1,1,6,1,-1,-1,-1,-1,-1,-1,-1
2014610034314,1,9,0,18,0,0,0,0,0,0,3,1,6,2,54,8,1461,2,1,-1,1
2014610034414,1,9,0,4,0,5,0,0,0,0,2,1,6,2,24,5,1149,1,12,-1,1
2014610034414,2,9,0,18,0,1,0,0,0,0,1,1,6,2,17,4,1198,1,12,-1,1
2014610034514,1,9,0,17,0,0,1,0,1,11,3,1,6,2,29,6,1598,2,2,-1,1
2014610034514,2,9,0,16,0,0,0,0,0,0,3,1,6,3,-1,-1,-1,-1,-1,-1,-1
2014610034614,1,20,0,18,0,0,0,0,0,0,2,1,2,1,69,10,-1,2,12,7,3
2014610034614,2,9,0,12,0,0,0,0,0,0,1,1,1,1,50,8,-1,-1,-1,-1,1
2014610034714,1,9,0,18,0,1,0,0,0,0,1,1,6,1,40,7,1341,1,15,-1,1
2014610034714,2,1,0,18,0,6,0,0,0,0,1,1,6,1,22,5,-1,-1,-1,-1,1
2014610034814,1,8,0,9,0,0,0,0,0,0,3,1,6,1,27,6,1995,2,11,1,1
2014610034814,2,3,0,18,0,0,0,0,0,0,1,1,6,1,19,4,-1,-1,-1,-1,1
2014610034914,1,9,0,18,0,0,0,0,7,4,1,1,2,1,22,5,1598,1,13,-1,1
2014610035014,1,9,0,18,0,6,0,0,0,0,4,1,6,2,38,7,1998,2,8,-1,1
2014610035014,2,9,0,18,0,1,0,0,0,0,1,1,6,1,19,4,1364,1,7,-1,1
2014610035114,1,9,0,10,0,0,0,0,0,0,2,1,6,1,32,6,2521,1,7,-1,1
2014610035114,2,9,0,4,0,0,1,0,0,0,1,1,6,2,19,4,1998,2,9,-1,-1
2014610035214,1,3,0,4,0,1,0,0,0,0,0,1,6,1,40,7,124,1,15,-1,1
2014610035214,2,3,0,4,0,1,1,0,0,0,0,1,6,1,43,7,124,1,5,-1,1
2014610035414,1,9,0,18,0,0,0,0,0,0,3,1,6,1,32,6,1339,1,9,-1,1
2014610035514,1,9,0,3,0,4,0,0,0,0,2,1,6,1,36,7,1242,1,4,-1,2
2014610035514,2,9,0,3,0,4,0,0,0,0,1,1,1,1,56,9,-1,-1,-1,-1,1
2014610035614,1,9,0,3,0,7,0,0,0,0,2,1,6,1,20,4,1242,1,11,-1,2
2014610035614,2,9,0,4,0,7,0,0,0,0,1,1,6,1,74,10,1596,1,-1,5,1
2014610035714,1,9,0,18,0,2,0,0,0,0,3,1,6,2,33,6,-1,-1,-1,-1,1
2014610035714,2,21,0,18,0,2,0,0,0,0,4,1,1,1,49,8,-1,-1,-1,-1,3
2014610035814,1,9,0,9,0,2,0,0,0,0,2,1,1,1,-1,-1,-1,-1,-1,-1,1
2014610035814,2,8,0,9,0,2,0,0,0,0,1,1,6,1,-1,-1,1995,2,13,-1,-1
2014610035914,1,9,0,18,0,0,0,0,0,0,4,1,6,3,-1,-1,-1,-1,-1,-1,-1
2014610036014,1,9,0,18,0,4,0,0,0,0,2,1,6,1,61,9,1400,2,7,-1,1
2014610036014,2,9,0,18,0,1,0,0,0,0,1,1,6,1,45,7,1896,2,9,-1,1
2014610036114,1,9,0,18,0,0,0,0,0,0,4,1,6,1,61,9,-1,-1,-1,-1,1
2014610036214,1,9,0,18,0,4,0,0,0,0,3,1,6,1,65,9,1364,2,8,-1,1
2014610036214,2,1,0,18,0,8,0,0,0,0,1,1,6,1,39,7,-1,-1,-1,-1,1
2014610036314,1,9,0,18,0,0,2,0,1,9,4,1,2,2,60,9,2457,1,9,-1,3
2014610036414,1,9,0,18,0,6,0,0,0,0,1,1,6,1,32,6,1910,2,8,-1,1
2014610036414,2,9,0,18,0,8,0,0,0,0,2,1,1,1,48,8,1560,2,1,-1,1
2014610036514,1,9,0,14,0,0,0,0,0,0,1,1,1,1,61,9,-1,-1,-1,-1,1
2014610036614,1,97,0,13,0,0,0,0,0,0,1,1,6,1,25,5,-1,-1,-1,-1,1
2014610036614,2,9,0,18,0,0,0,0,0,0,1,1,6,2,20,4,1124,1,14,-1,1
2014610036714,1,9,0,5,0,8,0,0,0,0,2,1,2,1,69,10,1798,1,6,-1,1
2014610036714,2,9,0,4,0,1,0,0,0,0,1,1,2,1,17,4,1396,1,12,-1,1
2014610036814,1,9,0,5,0,1,0,0,0,0,1,1,6,3,-1,-1,-1,-1,-1,-1,-1
2014610036914,1,9,0,18,0,1,1,0,0,0,1,1,6,2,22,5,1560,2,2,-1,2
2014610036914,2,9,0,9,0,8,0,0,0,0,4,1,6,1,45,7,1686,2,11,-1,1
2014610037014,1,9,0,18,0,4,0,0,0,0,1,1,6,2,27,6,1560,2,2,-1,2
2014610037014,2,9,0,18,0,8,0,0,0,0,4,1,6,1,25,5,1364,2,10,-1,1
2014610037114,1,9,0,18,0,1,0,0,0,0,3,1,6,1,46,8,1999,1,7,-1,1
2014610037114,2,9,0,9,0,6,0,0,0,0,1,1,6,1,32,6,1598,1,6,-1,1
2014610037214,1,9,0,2,0,0,0,0,0,0,1,1,6,2,42,7,1206,1,4,-1,1
2014610037314,1,9,0,18,0,0,0,0,0,0,1,1,6,1,38,7,1989,1,14,-1,1
2014610037414,1,9,0,18,0,0,0,0,0,0,1,1,6,1,22,5,1229,1,8,-1,1
2014610037414,2,9,0,18,0,0,0,0,0,0,2,1,6,1,-1,-1,2401,2,10,-1,1
2014610037514,1,9,0,18,0,3,0,0,0,0,4,1,6,1,-1,-1,1598,1,12,-1,1
2014610037514,2,21,1,18,0,4,0,0,0,0,1,2,1,1,-1,-1,-1,-1,-1,-1,-1
2014610037614,1,9,0,18,0,0,1,0,1,4,4,1,6,1,18,4,1422,2,11,-1,1
2014610037714,1,9,0,18,0,8,0,0,0,0,3,1,6,1,-1,-1,1761,1,14,-1,1
2014610037714,2,9,0,18,0,8,0,0,0,0,3,1,6,1,-1,-1,1781,1,9,-1,-1
2014610037814,1,9,0,18,0,2,0,0,1,0,1,1,6,1,22,5,1596,1,14,-1,1
2014610037814,2,9,0,18,0,2,0,0,0,0,0,1,6,3,-1,-1,-1,-1,-1,-1,-1
2014610037914,1,97,0,18,0,1,0,0,0,0,1,1,6,3,-1,-1,-1,-1,-1,-1,-1
2014610037914,2,9,0,4,0,6,0,0,0,0,2,1,6,2,44,7,1796,1,10,-1,2
2014610038014,1,19,0,18,0,1,0,0,0,0,1,1,6,3,-1,-1,1686,2,13,-1,-1
2014610038014,2,9,0,10,0,5,0,0,0,0,2,1,6,1,32,6,1910,2,4,-1,2
2014610038114,1,9,0,18,0,1,0,0,0,0,2,1,6,2,44,7,2902,2,5,-1,1
2014610038114,2,9,0,18,0,1,1,0,0,0,1,1,6,1,23,5,1124,1,13,-1,-1
2014610038214,1,9,0,18,0,1,0,0,0,0,1,1,6,2,34,6,1229,1,7,-1,1
2014610038214,2,9,0,18,0,1,0,0,0,0,2,1,6,2,23,5,1299,1,13,-1,-1
2014610038214,3,9,0,18,0,5,0,0,0,0,2,1,6,2,19,4,1390,1,7,-1,1
2014610038314,1,9,0,17,0,0,1,0,0,11,1,1,6,1,24,5,1781,1,12,-1,1
2014610038414,1,9,0,18,0,1,0,0,0,0,3,1,2,2,61,9,-1,-1,-1,-1,1
2014610038414,2,1,0,18,0,6,0,0,0,0,1,1,6,1,13,3,-1,-1,-1,-1,-1
2014610038514,1,9,0,18,0,0,0,0,0,0,3,1,6,3,-1,-1,-1,-1,-1,-1,-1
2014610038514,2,9,0,4,0,0,0,0,0,0,3,1,6,2,45,7,1910,2,7,-1,1
2014610038614,1,1,0,18,0,0,0,0,0,0,3,1,6,1,12,3,-1,-1,-1,-1,-1
2014610038614,2,97,0,15,0,0,0,0,0,0,4,1,6,3,-1,-1,-1,-1,-1,-1,-1
2014610038714,1,9,0,9,0,6,0,0,0,0,3,1,6,1,70,10,998,1,2,-1,1
2014610038714,2,9,0,18,0,1,0,0,0,0,1,1,6,2,57,9,1560,2,4,-1,1
2014610038814,1,19,0,9,0,5,0,0,0,0,3,1,6,1,30,6,1905,2,13,-1,1
2014610038814,2,1,0,18,0,1,0,0,0,0,1,1,6,1,42,7,-1,-1,-1,-1,1
2014610038914,1,9,0,5,0,6,0,0,0,0,4,1,6,1,53,8,1796,1,14,7,1
2014610038914,2,19,0,18,0,1,1,0,0,0,1,1,1,1,52,8,2402,2,9,-1,1
2014610039114,1,9,0,18,0,4,5,0,1,9,1,1,6,2,21,5,1598,1,13,-1,3
2014610039214,1,9,0,18,0,0,0,0,0,0,1,1,6,1,70,10,2494,1,17,10,3
2014610039214,2,9,0,18,0,0,0,0,0,0,2,1,1,1,-1,-1,1582,2,1,-1,1
2014610039214,3,9,0,18,0,0,0,0,0,0,2,1,6,2,28,6,1598,1,5,-1,-1
2014610039214,4,9,0,18,0,0,0,0,0,0,2,1,6,1,52,8,1998,1,6,-1,-1
2014610039314,1,9,0,18,0,0,0,0,0,0,4,1,6,2,60,9,1798,1,6,-1,1
2014610039414,1,9,0,18,0,0,0,0,0,0,1,1,2,2,46,8,1360,1,6,-1,1
2014610039414,2,4,0,18,0,0,1,0,0,0,1,1,2,1,22,5,125,1,1,-1,1
2014610039514,1,9,0,12,0,1,0,0,0,0,3,1,1,1,-1,-1,-1,-1,-1,2,1
2014610039514,2,3,0,18,0,1,0,0,0,0,4,1,2,1,25,5,999,1,9,-1,3
2014610039614,1,19,0,15,0,0,1,0,0,0,1,1,1,1,25,5,2402,2,3,-1,1
2014610039614,2,9,0,2,0,0,0,0,0,0,2,1,6,1,29,6,1582,2,1,-1,1
2014610039714,1,9,0,18,0,6,0,0,0,0,3,1,6,3,-1,-1,-1,-1,-1,-1,-1
2014610039714,2,5,0,18,0,1,0,0,0,0,1,1,6,1,27,6,598,1,18,-1,1
2014610039814,1,9,0,9,0,5,0,0,0,0,3,1,6,2,27,6,1242,1,3,-1,-1
2014610039814,2,9,0,9,0,6,0,0,0,0,4,1,2,1,33,6,-1,-1,-1,-1,2
2014610039914,1,9,0,18,0,0,0,0,0,0,1,1,6,2,33,6,998,1,13,-1,1
2014610040014,1,9,0,18,0,0,2,0,7,3,3,1,6,1,41,7,2800,1,42,-1,3
2014610040114,1,9,0,18,0,0,2,0,1,9,4,1,6,2,25,5,1149,1,6,-1,-1
2014610040214,1,9,0,18,0,0,1,0,7,11,1,1,6,2,20,4,875,1,3,-1,1
2014610040314,1,22,0,5,0,6,0,0,0,0,1,1,1,1,26,6,-1,-1,-1,-1,3
2014610040314,2,9,0,18,0,1,0,0,0,0,4,1,6,1,-1,-1,1360,1,10,-1,-1
2014610040414,1,9,0,4,0,0,0,0,7,4,1,1,6,2,21,5,1242,1,4,-1,-1
2014610040514,1,9,0,3,0,1,0,0,0,0,3,1,6,1,46,8,-1,-1,-1,5,1
2014610040514,2,1,0,18,9,1,0,0,0,0,1,1,6,1,-1,-1,-1,-1,-1,-1,1
2014610040514,3,20,0,18,0,1,0,0,0,0,0,1,6,1,45,7,-1,-1,-1,-1,1
2014610040614,1,9,0,18,5,0,0,0,0,6,4,1,6,2,27,6,1299,1,13,-1,1
2014610040714,1,9,0,18,0,8,0,0,0,0,3,1,6,2,26,6,1242,1,8,-1,1
2014610040714,2,9,0,18,0,8,0,0,0,0,4,1,6,1,61,9,1997,2,7,10,1
2014610040814,1,1,0,18,0,0,0,0,0,0,3,1,6,1,25,5,-1,-1,-1,-1,-1
2014610040814,2,19,0,18,0,0,0,0,0,0,3,1,6,3,-1,-1,-1,-1,-1,-1,-1
2014610040914,1,9,0,18,0,1,0,0,0,0,2,1,6,3,-1,-1,-1,-1,-1,-1,-1
2014610041014,1,9,0,18,0,4,0,0,0,0,0,1,6,1,46,8,1242,1,-1,-1,1
2014610041114,1,9,0,18,0,1,1,7,7,3,1,1,6,2,17,4,1364,2,9,-1,-1
2014610041214,1,9,0,18,0,0,2,0,1,9,2,1,6,1,21,5,1999,1,7,-1,1
2014610041314,1,9,0,18,0,3,0,0,0,0,3,1,6,2,23,5,1900,2,8,-1,3
2014610041314,2,9,0,18,0,3,0,0,0,0,4,1,6,1,59,9,2967,2,5,-1,-1
2014610041414,1,9,0,18,0,1,0,0,0,0,3,1,6,1,39,7,1799,1,5,-1,1
2014610041414,2,9,0,18,0,8,0,0,0,0,1,1,6,3,-1,-1,1396,1,19,-1,-1
2014610041514,1,9,0,18,0,0,2,0,7,11,0,1,6,1,22,5,1598,1,10,-1,2
2014610041614,1,97,0,18,5,0,0,0,0,10,1,1,6,1,16,4,49,1,7,-1,1
2014610041714,1,9,0,18,0,0,1,0,0,0,1,1,1,1,53,8,1997,2,4,-1,1
2014610041714,2,9,0,18,0,0,1,0,0,0,1,1,6,1,69,10,1298,1,14,-1,1
2014610041814,1,9,0,4,0,4,0,0,0,0,0,1,6,2,34,6,1299,1,10,-1,-1
2014610041914,1,9,0,9,0,4,0,0,0,0,1,1,1,1,45,7,1753,2,4,-1,1
2014610041914,2,9,0,18,0,4,0,0,0,0,1,1,6,1,55,8,2494,1,9,-1,1
2014610042014,1,19,0,18,0,8,0,0,0,0,3,1,2,1,25,5,2198,2,1,-1,1
2014610042014,2,9,0,18,0,3,0,0,0,0,1,1,2,1,46,8,1560,2,7,-1,1
2014610042114,1,9,0,18,0,0,2,0,2,10,1,1,2,1,18,4,1242,1,1,-1,3
2014610042114,2,9,0,18,0,0,1,0,0,0,3,1,2,2,33,6,998,1,9,-1,3
2014610042214,1,97,0,18,0,1,0,0,0,0,4,1,6,1,18,4,-1,-1,-1,-1,-1
2014610042314,1,9,0,18,0,1,0,0,0,0,1,1,6,2,46,8,1686,2,12,-1,1
2014610042314,2,19,0,18,0,1,0,0,0,0,3,1,1,1,26,6,2198,2,2,-1,2
2014610042414,1,9,0,18,0,0,5,0,1,11,1,1,6,1,26,6,1389,1,13,-1,1
2014610042414,2,9,0,18,0,0,0,0,0,0,3,1,6,2,78,11,1396,1,11,-1,1
2014610042514,1,9,0,18,0,0,0,0,0,0,3,1,6,2,43,7,1997,2,13,-1,1
2014610042614,1,9,0,14,0,0,0,0,0,0,1,1,6,2,43,7,2295,1,15,-1,2
2014610042614,2,1,0,14,0,0,1,0,0,0,1,1,6,1,37,7,-1,-1,-1,-1,1
2014610042714,1,9,0,8,0,1,0,0,0,0,1,1,6,2,32,6,1229,1,1,-1,3
2014610042714,2,9,0,17,0,1,0,0,0,0,1,1,6,1,67,10,2496,1,13,-1,2
2014610042814,1,9,0,18,0,6,0,0,0,0,2,1,6,1,65,9,1968,2,7,-1,1
2014610042814,2,9,0,18,0,1,0,0,0,0,1,1,6,1,56,9,1968,2,3,-1,1
2014610042914,1,9,0,18,0,4,0,0,0,0,2,1,6,1,49,8,1390,1,12,-1,1
2014610042914,2,9,0,18,0,1,0,0,0,0,1,1,6,1,42,7,1598,2,3,-1,1
2014610043014,1,9,0,5,0,6,0,0,0,0,1,1,6,1,63,9,1364,1,10,-1,1
2014610043014,2,9,0,18,0,1,0,0,0,0,4,1,6,1,36,7,1995,2,10,-1,3
2014610043114,1,9,0,10,0,1,0,0,1,0,2,1,6,2,43,7,1753,2,11,-1,1
2014610043114,2,9,0,4,0,1,0,0,0,0,1,1,6,2,36,7,1600,1,9,-1,1
2014610043214,1,9,0,9,0,1,0,0,0,0,3,1,6,1,35,6,1988,1,14,-1,1
2014610043214,2,9,0,18,0,1,0,0,0,0,1,1,6,1,28,6,-1,-1,-1,-1,1
2014610043314,1,9,0,18,0,1,0,0,0,0,0,1,6,1,33,6,-1,-1,-1,-1,-1
2014610043414,1,8,0,18,0,0,1,0,0,0,0,1,1,1,55,8,1794,1,12,-1,1
2014610043514,1,9,0,3,0,1,0,0,0,0,0,1,6,3,-1,-1,-1,-1,-1,-1,-1
2014610043514,2,1,0,18,0,1,0,0,0,0,0,1,6,1,9,2,-1,-1,-1,-1,-1
2014610043614,1,1,0,18,0,3,0,0,0,0,4,1,6,1,37,7,-1,-1,-1,-1,-1
2014610043614,2,9,4,15,0,3,0,0,0,0,3,1,6,1,-1,-1,-1,-1,-1,-1,-1
2014610043714,1,21,0,18,0,0,5,0,4,6,3,1,1,1,38,7,11705,2,6,1,1
2014610043814,1,9,0,16,0,8,0,0,0,0,1,1,6,1,77,11,1598,2,1,-1,1
2014610043914,1,9,0,4,0,0,0,0,0,0,2,1,6,1,25,5,-1,-1,-1,-1,-1
2014610043914,2,1,0,4,0,0,0,0,0,0,1,1,6,1,60,9,-1,-1,-1,-1,-1
2014610044014,1,9,0,15,0,0,0,0,0,0,4,1,6,2,23,5,1560,2,3,-1,1
2014610044014,2,9,0,18,0,0,0,0,0,0,3,1,6,1,21,5,1390,1,11,-1,1
2014610044014,3,9,0,18,0,0,0,0,2,11,1,1,6,2,41,7,1998,1,10,-1,1
2014610044114,1,1,0,9,0,8,0,0,0,0,3,1,6,1,11,3,-1,-1,-1,-1,1
2014610044114,2,9,0,18,0,1,0,0,0,0,1,1,6,1,45,7,2720,2,8,-1,2
2014610044214,1,9,0,18,0,1,0,0,0,0,1,1,6,1,42,7,1596,1,4,-1,1
2014610044214,2,9,0,9,0,8,0,0,0,0,4,1,1,1,29,6,1995,2,2,10,2
2014610044314,1,9,0,4,0,4,0,0,0,0,2,1,6,2,63,9,1968,2,4,-1,-1
2014610044314,2,8,0,4,0,1,0,0,0,0,1,1,6,1,-1,-1,-1,-1,-1,-1,-1
2014610044414,1,9,0,18,0,0,0,0,0,0,4,1,6,1,19,4,-1,-1,-1,-1,3
2014610044514,1,19,0,18,0,0,0,0,0,0,1,1,1,1,25,5,2287,2,5,-1,1
2014610044514,2,9,0,18,0,0,0,0,0,0,2,1,6,2,67,10,2720,2,6,-1,2
2014610044614,1,5,0,18,0,8,0,0,7,4,1,1,6,1,41,7,929,1,14,-1,1
2014610044714,1,9,0,18,0,0,0,0,0,0,4,1,6,1,43,7,1997,2,6,-1,1
2014610045014,1,9,0,18,0,2,0,0,0,0,1,1,1,2,24,5,1900,2,15,-1,1
2014610045114,1,8,0,2,0,0,0,0,0,0,4,1,1,1,42,7,-1,-1,-1,-1,1
2014610045214,1,9,0,7,0,5,0,0,0,0,2,1,6,1,18,4,1198,1,9,-1,3
2014610045214,2,9,0,18,0,1,0,0,0,0,1,1,6,2,46,8,1686,2,10,-1,1
2014610045314,1,9,0,18,0,1,5,0,1,0,4,1,6,2,18,4,-1,-1,-1,-1,1
2014610045414,1,1,0,2,0,0,0,0,0,0,1,1,6,1,15,3,-1,-1,-1,-1,-1
2014610045414,2,8,0,1,0,0,0,0,0,0,2,1,1,1,43,7,1998,2,9,-1,-1
2014610045514,1,9,0,15,0,0,0,0,0,0,3,1,2,2,22,5,1598,1,10,-1,1
2014610045514,2,1,0,18,0,0,0,0,0,0,4,1,6,1,13,3,-1,-1,-1,-1,1
2014610045614,1,9,0,7,0,8,0,0,0,0,1,1,6,2,20,4,1560,2,7,-1,1
2014610045614,2,9,0,18,0,1,0,0,0,0,2,1,6,1,42,7,1997,2,9,-1,1
2014610045614,3,9,0,10,0,5,0,0,0,0,2,1,6,1,21,5,1124,1,12,-1,1
2014610045714,1,5,0,18,0,1,0,0,0,0,4,1,6,1,18,4,-1,-1,-1,-1,-1
2014610045714,2,9,0,7,0,6,0,0,0,0,1,1,6,2,34,6,-1,-1,-1,-1,1
2014610045814,1,9,0,4,0,1,0,0,0,0,1,1,6,1,29,6,1598,1,7,-1,1
2014610045814,2,9,0,4,0,1,0,0,0,0,2,1,6,1,17,4,1248,2,1,-1,1
2014610045914,1,9,0,18,0,0,0,0,0,0,3,1,6,1,22,5,1686,2,5,-1,1
2014610045914,2,9,0,18,0,0,0,0,0,0,4,1,6,1,22,5,1149,1,12,-1,1
2014610046014,1,9,0,18,0,1,0,0,0,0,1,1,6,3,-1,-1,-1,-1,-1,-1,-1
2014610046114,1,1,0,18,0,0,0,0,0,0,2,1,6,1,46,8,-1,-1,-1,-1,1
2014610046114,2,9,0,18,0,0,0,0,0,0,1,1,6,3,-1,-1,-1,-1,-1,-1,-1
2014610046214,1,3,0,18,0,1,0,0,0,0,1,1,2,1,20,4,125,1,6,-1,1
2014610046214,2,9,0,10,0,2,0,0,0,0,4,1,2,1,35,6,1108,1,13,-1,2
2014610046314,1,9,0,7,0,1,0,0,0,0,4,1,6,1,24,5,1124,1,11,-1,-1
2014610046314,2,2,0,9,0,1,0,0,0,0,3,1,6,1,16,4,49,1,32,-1,-1
2014610046414,1,9,0,10,0,5,0,0,0,0,2,1,6,1,30,6,1298,1,11,-1,1
2014610046414,2,9,0,18,0,1,0,0,0,0,1,1,6,1,68,10,1206,1,3,-1,3
2014610046514,1,9,0,8,0,6,0,0,0,0,2,1,6,2,44,7,1364,1,7,-1,1
2014610046514,2,9,0,4,0,1,0,0,0,0,1,1,2,1,42,7,1596,1,8,-1,1
2014610046614,1,9,0,18,0,1,0,0,0,0,1,1,2,1,49,8,1596,1,7,-1,1
2014610046614,2,9,0,18,0,8,0,0,0,0,1,1,1,1,30,6,-1,-1,-1,-1,3
2014610046714,1,9,0,18,0,0,0,0,0,0,4,1,2,1,37,7,-1,-1,-1,-1,1
2014610046814,1,9,0,18,0,0,0,0,0,0,2,1,6,1,33,6,1582,2,2,-1,3
2014610046814,2,9,0,18,0,0,0,0,0,0,1,1,1,1,22,5,-1,-1,-1,-1,2
2014610046914,1,8,0,17,0,0,0,0,0,0,1,1,6,1,57,9,1700,2,9,-1,-1
2014610046914,2,9,0,16,0,0,0,0,0,0,1,1,6,1,-1,-1,1910,2,8,-1,-1