Accident_Index,Vehicle_Reference,Vehicle_Type,Towing_and_Articulation,Vehicle_Manoeuvre,Vehicle_Location-Restricted_Lane,Junction_Location,Skidding_and_Overturning,Hit_Object_in_Carriageway,Vehicle_Leaving_Carriageway,Hit_Object_off_Carriageway,1st_Point_of_Impact,Was_Vehicle_Left_Hand_Drive?,Journey_Purpose_of_Driver,Sex_of_Driver,Age_of_Driver,Age_Band_of_Driver,Engine_Capacity_(CC),Propulsion_Code,Age_of_Vehicle,Driver_IMD_Decile,Driver_Home_Area_Type
2014610076614,2,9,0,9,0,6,0,0,0,0,1,1,6,2,22,5,1490,1,8,-1,1
2014610076714,1,19,0,18,0,2,0,0,1,0,1,1,1,1,26,6,2402,2,12,-1,1
2014610076714,2,19,0,18,0,1,0,0,0,0,1,1,1,1,51,8,2402,2,10,-1,1
2014610076814,1,9,0,4,0,1,0,0,0,0,1,1,6,1,45,7,1762,1,16,-1,1
2014610076814,2,9,0,3,0,2,0,0,0,0,2,1,6,1,27,6,1596,1,8,-1,1
2014610076914,1,9,0,18,0,2,0,0,0,0,3,1,6,2,55,8,1596,1,6,-1,1
2014610076914,2,19,0,18,0,1,0,0,0,0,1,1,6,1,31,6,2464,2,6,-1,1
2014610077014,1,9,0,18,0,1,0,0,0,0,0,1,6,2,26,6,1560,2,4,-1,3
2014610077014,2,9,0,9,0,6,0,0,0,0,0,1,6,2,18,4,995,1,7,-1,1
2014610077114,1,9,0,11,0,0,0,0,0,0,4,1,1,2,43,7,-1,-1,-1,-1,2
2014610077114,2,21,0,18,0,0,0,0,0,0,3,2,1,1,-1,-1,-1,-1,-1,-1,-1
2014610077214,1,9,0,9,0,5,0,0,0,0,4,1,6,2,78,11,1339,1,8,-1,1
2014610077214,2,21,4,18,0,1,0,0,0,0,1,1,1,1,46,8,-1,-1,-1,-1,3
2014610077314,1,9,0,18,0,8,0,0,0,0,1,1,6,2,31,6,1248,2,-1,-1,1
2014610077314,2,9,0,18,0,3,0,0,0,0,4,1,1,2,32,6,1598,1,11,-1,1
2014610077414,1,9,0,18,0,0,0,0,0,0,4,1,6,1,30,6,1598,1,2,-1,1
2014610077514,1,19,0,4,0,0,0,0,0,0,1,1,1,1,30,6,1753,2,10,-1,1
2014610077614,1,9,0,18,0,1,0,0,0,0,4,1,6,2,61,9,1390,1,14,-1,-1
2014610077614,2,9,0,9,0,6,0,0,0,0,1,1,6,2,73,10,1248,2,10,-1,1
2014610077714,1,9,0,18,0,0,0,0,0,0,1,1,6,1,34,6,1995,2,12,-1,1
2014610077814,1,9,0,18,0,0,0,0,0,0,1,1,6,1,57,9,1596,1,12,-1,3
2014610077814,2,9,0,18,0,0,1,0,0,0,1,1,6,2,18,4,998,1,13,-1,-1
2014610077914,1,9,0,18,0,1,0,0,0,0,4,1,6,3,-1,-1,-1,-1,-1,-1,-1
2014610078014,1,9,0,18,0,0,0,0,0,0,1,1,2,2,26,6,1390,1,-1,-1,1
2014610078114,1,19,0,18,0,0,1,0,0,0,3,1,1,1,18,4,2477,2,6,-1,-1
2014610078114,2,9,0,18,0,0,0,0,0,0,3,1,2,2,36,7,1560,2,4,-1,1
2014610078214,1,9,0,18,0,0,0,0,0,0,1,1,6,1,29,6,1598,1,12,-1,-1
2014610078214,2,9,0,18,0,0,0,0,0,0,1,1,6,2,61,9,1989,1,12,-1,1
2014610078314,1,9,0,18,0,1,0,0,0,0,1,1,6,1,66,10,1560,2,9,-1,1
2014610078314,2,9,0,1,0,8,0,0,0,0,2,1,6,1,35,6,-1,-1,-1,-1,-1
2014610078414,1,9,0,9,0,8,0,0,0,0,3,1,6,2,31,6,1242,1,16,-1,1
2014610078414,2,9,0,18,0,1,0,0,0,0,1,1,6,1,45,7,1598,2,1,-1,1
2014610078514,1,9,0,18,0,1,0,0,0,0,1,1,6,1,-1,-1,-1,-1,-1,-1,-1
2014610078514,2,9,0,4,0,1,0,0,0,0,2,1,6,1,33,6,1910,2,7,-1,-1
2014610078614,1,9,0,18,0,1,1,0,0,0,4,1,6,1,18,4,1242,1,12,-1,2
2014610078614,2,9,0,9,0,8,0,0,0,0,1,1,6,2,73,10,1390,1,4,-1,1
2014610078714,1,9,0,5,0,7,0,0,0,0,2,1,6,1,30,6,1229,1,3,-1,-1
2014610078714,2,9,0,3,0,7,0,0,0,0,1,1,6,3,-1,-1,-1,-1,-1,-1,-1
2014610078814,1,9,0,18,0,4,0,0,0,0,1,1,6,1,54,8,1399,2,8,-1,1
2014610078814,2,1,0,18,0,8,0,0,0,0,4,1,2,1,42,7,-1,-1,-1,-1,1
2014610078914,1,9,0,18,0,8,0,0,0,0,3,1,6,1,40,7,1560,2,3,-1,3
2014610078914,2,9,0,18,0,1,0,0,0,0,1,1,6,1,20,4,-1,-1,-1,-1,1
2014610079014,1,9,0,18,0,0,0,10,0,0,1,1,6,1,23,5,1590,1,17,-1,1
2014610079114,1,9,0,18,0,0,0,0,0,0,1,1,6,1,39,7,1360,1,12,-1,1
2014610079214,1,9,0,18,0,1,0,0,0,0,3,1,6,1,54,8,2720,2,5,-1,1
2014610079214,2,9,0,7,0,6,0,0,0,0,1,1,6,1,30,6,-1,-1,-1,-1,1
2014610079314,1,9,0,3,0,6,0,0,0,0,1,1,6,2,40,7,1590,1,2,-1,1
2014610079314,2,1,0,18,0,1,0,0,0,0,4,1,6,1,49,8,-1,-1,-1,-1,-1
2014610079414,1,9,0,4,0,2,0,0,0,0,3,1,2,1,29,6,1896,2,16,-1,-1
2014610079514,1,9,0,18,0,0,0,0,0,0,1,1,6,1,41,7,-1,-1,-1,-1,-1
2014610079514,2,9,0,2,0,0,0,0,0,0,2,1,6,1,28,6,1598,1,-1,-1,-1
2014610079514,3,9,0,2,0,0,0,0,0,0,2,1,6,2,25,5,1390,1,10,-1,1
2014610079614,1,19,0,18,0,1,0,0,0,0,1,1,1,1,68,10,-1,-1,-1,-1,1
2014610079614,2,9,0,18,0,6,0,0,0,0,3,1,6,2,-1,-1,1896,2,7,-1,-1
2014610079714,1,9,0,18,0,1,0,0,0,0,1,1,6,1,33,6,1781,1,14,-1,1
2014610079714,2,9,0,3,0,1,0,0,0,0,2,1,6,2,42,7,1598,2,2,-1,1
2014610079714,3,9,0,3,0,1,0,0,0,0,2,1,6,1,36,7,1795,1,9,-1,-1
2014610079814,1,9,0,18,0,8,0,0,0,0,1,1,6,1,72,10,-1,-1,-1,-1,1
2014610079814,2,1,0,18,0,1,0,0,0,0,3,1,6,1,50,8,-1,-1,-1,-1,-1
2014610079914,1,5,0,13,0,1,1,0,0,0,4,1,6,1,35,6,998,1,2,-1,1
2014610079914,2,4,0,9,0,8,0,0,0,0,3,1,6,1,34,6,250,1,-1,-1,1
2014610080014,1,22,0,18,0,0,0,0,0,0,3,1,1,1,43,7,-1,-1,-1,-1,1
2014610080114,1,9,0,18,0,1,0,0,0,0,1,1,6,3,-1,-1,-1,-1,-1,-1,-1
2014610080214,1,2,0,18,0,0,0,10,0,0,4,1,6,1,20,4,49,1,5,-1,1
2014610080314,1,9,0,18,0,4,0,0,0,0,2,1,6,2,53,8,1198,1,12,-1,1
2014610080314,2,9,0,18,0,1,0,0,0,0,1,1,6,1,25,5,1896,2,13,-1,1
2014610080414,1,5,0,18,0,0,0,10,2,10,4,1,6,1,-1,-1,1690,1,2,7,1
2014610080514,1,9,0,1,0,0,0,0,0,0,2,1,6,1,28,6,1590,1,13,-1,3
2014610080514,2,9,0,18,0,0,0,0,0,0,1,1,6,2,18,4,973,1,12,-1,3
2014610080614,1,9,0,18,0,0,1,0,0,0,1,1,6,1,33,6,1598,1,12,-1,1
2014610080614,2,9,0,4,0,0,0,0,0,0,2,1,6,2,26,6,1198,1,5,-1,1
2014610080614,3,9,0,4,0,0,0,0,0,0,2,1,6,2,33,6,998,1,5,-1,1
2014610080614,4,9,0,4,0,0,0,0,0,0,2,1,6,2,19,4,1242,1,5,-1,1
2014610080714,1,9,0,18,0,0,0,10,1,10,4,1,6,1,-1,-1,-1,-1,-1,-1,1
2014610080814,1,9,0,18,0,1,0,0,0,0,4,1,6,1,18,4,1388,1,15,-1,1
2014610080814,2,9,0,9,0,6,0,0,0,0,1,1,6,1,55,8,995,1,8,-1,3
2014610080914,1,9,0,3,0,0,0,0,0,0,2,1,6,2,33,6,-1,-1,-1,-1,1
2014610080914,2,9,0,18,0,0,0,0,0,0,1,1,6,2,-1,-1,1149,1,14,-1,-1
2014610081014,1,11,0,9,0,8,0,0,0,0,2,1,1,1,32,6,5883,2,13,-1,1
2014610081014,2,9,0,18,0,1,0,0,0,0,1,1,6,1,28,6,1560,2,2,-1,1
2014610081114,1,9,0,18,0,0,0,0,0,0,4,1,6,2,75,10,1296,1,6,-1,-1
2014610081214,1,8,0,4,0,0,1,0,0,0,1,1,1,1,34,6,1896,2,6,-1,1
2014610081214,2,9,0,4,0,0,0,0,0,0,2,1,6,2,69,10,1388,1,7,-1,1
2014610081214,3,9,0,4,0,0,0,0,0,0,2,1,6,1,48,8,998,1,1,-1,1
2014610081314,1,9,0,2,0,0,0,0,0,0,3,1,6,1,36,7,1248,2,1,-1,3
2014610081314,2,9,0,18,0,0,0,4,1,4,1,1,6,1,50,8,1968,2,4,1,1
2014610081414,1,21,0,4,0,0,1,0,0,0,1,1,1,1,54,8,10837,2,3,-1,3
2014610081414,2,20,0,4,0,0,1,0,0,0,2,1,1,1,25,5,2999,2,5,-1,1
2014610081414,3,21,0,4,0,0,0,0,0,0,2,1,1,1,45,7,10837,2,-1,-1,1
2014610081514,1,9,0,18,0,1,0,0,1,4,3,1,1,1,59,9,2199,1,18,-1,1
2014610081514,2,9,0,5,0,6,0,0,0,0,1,1,3,2,46,8,3628,2,4,-1,3
2014610081614,1,9,0,18,0,4,0,0,0,0,1,1,6,2,68,10,1149,1,4,-1,1
2014610081614,2,9,0,18,0,1,0,0,0,0,2,1,6,1,52,8,-1,-1,-1,-1,1
2014610081714,1,9,0,18,0,0,0,0,0,0,1,1,6,1,29,6,1242,1,13,-1,1
2014610081714,2,9,0,18,0,0,0,0,1,10,1,1,6,2,21,5,1490,1,6,-1,1
2014610081814,1,9,0,1,0,5,0,0,0,0,2,1,6,1,55,8,1364,1,6,-1,-1
2014610081914,1,9,0,18,0,1,1,10,1,2,4,1,6,1,27,6,1999,1,13,-1,1
2014610082014,1,9,0,18,0,0,0,0,0,0,1,1,6,1,17,4,1390,1,15,-1,2
2014610082014,2,9,0,2,0,0,0,0,0,0,2,1,6,2,44,7,1968,2,1,-1,1
2014610082014,3,9,0,2,0,0,0,0,0,0,2,1,6,1,49,8,1796,1,9,-1,1
2014610082114,1,9,0,18,0,5,0,0,0,1,2,1,6,2,-1,-1,1461,2,6,-1,-1
2014610082114,2,21,1,18,0,1,0,0,0,0,1,1,1,1,-1,-1,12900,2,2,2,1
2014610082214,1,9,0,4,0,4,0,0,0,0,2,1,6,2,46,8,995,1,3,-1,1
2014610082214,2,9,0,3,0,1,0,0,0,0,1,1,6,3,-1,-1,-1,-1,-1,-1,-1
2014610082314,1,9,0,7,0,6,0,0,0,0,1,1,6,2,28,6,-1,-1,-1,-1,-1
2014610082314,2,1,0,18,0,6,0,0,0,0,3,1,6,1,19,4,-1,-1,-1,-1,-1
2014610082414,1,9,0,18,0,1,0,0,0,0,1,1,6,2,25,5,1600,1,14,-1,1
2014610082414,2,9,0,18,0,1,0,0,0,0,4,1,6,2,51,8,1596,1,11,-1,1
2014610082414,3,9,0,10,0,6,0,0,0,0,1,1,6,1,47,8,-1,-1,-1,-1,1
2014610082514,1,9,0,18,0,0,1,0,1,4,4,1,1,1,40,7,2993,2,1,-1,1
2014610082614,1,9,0,3,0,0,0,0,0,0,4,1,6,1,77,11,1988,2,8,-1,1
2014610082614,2,1,0,18,0,0,0,0,0,0,3,1,6,1,41,7,-1,-1,-1,-1,1
2014610082714,1,9,0,18,0,4,0,0,0,0,2,1,2,1,24,5,1560,2,6,-1,1
2014610082714,2,9,0,18,0,4,0,0,0,0,1,1,6,2,44,7,3000,1,8,5,1
2014610082814,1,9,0,18,0,0,0,0,0,0,4,1,6,1,39,7,2496,1,12,-1,-1
2014610082914,1,9,0,18,0,0,0,0,0,0,2,1,6,2,30,6,998,1,5,-1,1
2014610082914,2,9,0,18,0,0,0,0,0,0,1,1,6,1,34,6,1422,2,4,-1,1
2014610083014,1,9,0,18,0,6,0,0,0,0,2,1,6,2,42,7,1498,1,4,-1,1
2014610083014,2,9,0,18,0,1,0,0,0,0,1,1,6,1,22,5,1242,1,15,-1,-1
2014610083114,1,9,0,4,0,0,1,0,0,0,1,1,6,1,23,5,1997,2,-1,-1,1
2014610083114,2,9,0,4,0,0,0,0,0,0,2,1,6,2,22,5,1397,1,6,-1,1
2014610083114,3,9,0,4,0,0,0,0,0,0,2,1,6,2,25,5,1248,2,7,-1,1
2014610083114,4,9,0,4,0,0,0,0,0,0,2,1,6,2,17,4,-1,-1,-1,-1,1
2014610083214,1,9,0,18,0,2,0,0,0,0,1,1,6,1,68,10,1493,2,8,-1,1
2014610083314,1,9,0,18,0,4,0,0,0,0,1,1,2,1,45,7,2967,1,12,-1,1
2014610083314,2,1,0,18,0,8,0,0,0,0,1,1,2,1,-1,-1,-1,-1,-1,-1,1
2014610083414,1,9,0,9,0,8,0,0,0,0,4,1,6,2,41,7,1796,1,4,-1,1
2014610083414,2,9,0,18,0,1,0,0,0,0,1,1,6,2,26,6,1998,2,6,-1,1
2014610083514,1,8,0,2,0,0,0,0,0,0,3,1,1,1,-1,-1,1968,2,9,-1,1
2014610083514,2,1,0,18,0,0,0,0,0,0,4,1,6,1,-1,-1,-1,-1,-1,-1,-1
2014610083614,1,19,0,18,0,0,0,0,0,0,4,1,1,3,-1,-1,-1,-1,-1,-1,-1
2014610083814,1,9,0,18,0,0,0,0,0,0,1,1,6,1,-1,-1,-1,-1,-1,-1,-1
2014610083914,1,9,0,18,0,0,0,0,0,0,1,1,6,2,55,8,1149,1,11,-1,3
2014610083914,2,16,0,18,0,0,0,0,0,0,0,1,6,1,56,9,-1,-1,-1,-1,3
2014610084014,1,9,0,18,0,0,0,0,0,0,2,1,1,2,35,6,1124,1,12,-1,-1
2014610084014,2,9,0,18,0,0,0,0,0,0,1,1,2,2,45,7,1299,1,14,-1,-1
2014610084114,1,9,0,18,0,4,0,0,0,0,1,1,6,2,32,6,1560,2,7,-1,1
2014610084114,2,1,0,18,0,8,0,0,0,0,4,1,6,1,54,8,-1,-1,-1,-1,-1
2014610084214,1,5,0,18,0,1,0,0,0,0,1,1,6,1,30,6,599,1,13,-1,1
2014610084214,2,9,0,9,0,2,0,0,0,0,3,1,6,2,41,7,1968,2,4,-1,3
2014610084314,1,9,0,18,0,0,0,0,0,0,1,1,6,2,22,5,1360,1,14,-1,3
2014610084314,2,19,0,18,0,0,0,0,0,0,2,1,1,1,29,6,2198,2,3,-1,1
2014610084414,1,9,0,18,0,0,0,0,0,0,1,1,6,2,36,7,2495,2,13,-1,1
2014610084414,2,19,0,18,0,0,0,0,0,0,2,1,1,1,44,7,2402,2,6,-1,2
2014610084414,3,19,0,18,0,0,0,0,0,0,2,1,1,1,24,5,1870,2,8,-1,1
2014610084414,4,9,0,18,0,0,0,0,0,0,2,1,6,2,29,6,1596,1,1,-1,1
2014610084514,1,4,0,18,0,1,0,0,0,0,4,1,6,1,52,8,200,1,2,-1,1
2014610084614,1,9,0,18,0,0,0,0,0,0,3,1,6,1,52,8,1997,2,11,-1,2
2014610084614,2,9,0,18,0,0,0,0,0,0,3,1,6,1,22,5,-1,-1,-1,7,2
2014610084714,1,9,0,18,0,1,0,0,0,0,2,1,6,1,42,7,1461,2,-1,-1,1
2014610084714,2,19,0,18,0,1,0,0,0,0,1,1,1,2,-1,-1,-1,-1,-1,-1,-1
2014610084814,1,9,0,18,0,0,0,0,0,0,2,1,6,1,80,11,1198,1,7,-1,1
2014610084814,2,9,0,18,0,0,1,0,0,0,1,1,6,1,25,5,1968,2,3,-1,2
2014610084914,1,19,0,18,0,1,0,0,0,0,1,1,1,1,47,8,1995,2,2,-1,1
2014610084914,2,9,0,9,0,5,0,0,0,0,4,1,6,2,48,8,1968,2,9,8,3
2014610085014,1,9,0,18,0,0,1,0,1,4,4,1,1,1,51,8,-1,-1,-1,-1,2
2014610085114,1,9,0,18,0,0,0,0,0,0,3,1,1,2,21,5,1199,1,13,-1,1
2014610085114,2,3,0,13,0,0,1,0,0,0,4,1,1,1,31,6,998,1,5,-1,1
2014610085214,1,9,0,18,0,0,0,0,4,0,3,1,6,1,-1,-1,1598,1,6,-1,-1
2014610085214,2,9,0,18,0,0,0,0,0,0,3,1,6,3,-1,-1,-1,-1,-1,-1,-1
2014610085314,1,9,0,9,0,5,0,0,0,0,1,1,6,1,42,7,1398,2,1,9,1
2014610085314,2,9,0,18,0,1,0,0,0,0,1,1,6,1,30,6,1596,1,6,-1,1
2014610085414,1,9,0,2,0,0,0,0,0,0,1,1,6,2,37,7,1596,1,9,-1,1
2014610085414,2,9,0,18,0,0,0,0,0,0,1,1,6,1,41,7,-1,-1,-1,-1,2
2014610085514,1,9,0,18,0,3,0,0,0,0,2,1,6,1,50,8,1560,2,1,-1,3
2014610085514,2,9,0,18,0,3,0,0,0,0,1,1,6,2,61,9,3059,2,19,-1,-1
2014610085614,1,9,0,9,0,5,0,0,0,0,1,1,6,2,50,8,1796,7,11,-1,2
2014610085714,1,9,0,18,0,0,0,0,7,0,3,1,6,1,27,6,1396,1,9,-1,3
2014610085714,2,21,0,18,0,0,0,0,0,0,1,1,6,1,36,7,5480,2,9,9,3
2014610085814,1,9,0,6,0,0,0,0,0,0,3,1,6,1,45,7,1396,1,12,-1,1
2014610085814,2,9,0,14,0,0,0,0,0,0,1,1,6,1,47,8,1896,2,7,-1,1
2014610085914,1,9,0,18,0,0,0,0,0,0,4,1,6,2,66,10,1587,1,13,-1,2
2014610086014,1,9,0,2,0,1,0,0,0,0,3,1,6,1,25,5,1398,1,3,-1,2
2014610086014,2,9,0,18,0,5,0,0,0,0,3,1,6,1,-1,-1,2494,1,16,-1,-1
2014610086114,1,97,0,18,0,0,0,0,0,0,3,1,6,1,49,8,-1,-1,-1,-1,-1
2014610086114,2,9,0,18,0,0,0,0,0,0,3,1,6,1,46,8,2401,2,9,-1,3
2014610086214,1,9,0,18,0,0,0,0,0,0,1,1,6,3,-1,-1,-1,-1,-1,-1,-1
2014610086314,1,10,0,2,0,0,0,0,0,0,4,1,6,3,-1,-1,-1,-1,-1,-1,-1
2014610086414,1,9,0,9,0,3,0,0,0,0,2,1,6,2,23,5,1299,1,11,-1,1
2014610086414,2,9,0,5,0,4,0,0,0,0,1,1,6,1,33,6,-1,-1,-1,-1,-1
2014610086614,1,9,0,5,0,2,0,0,0,0,3,1,1,2,42,7,1149,1,10,-1,1
2014610086614,2,9,0,5,0,6,0,0,0,0,1,1,1,1,35,6,1794,1,10,-1,1
2014610086714,1,3,0,16,6,8,1,0,7,0,1,1,6,1,37,7,-1,-1,-1,-1,-1
2014610086814,1,9,0,18,0,0,0,0,0,0,0,1,6,3,-1,-1,-1,-1,-1,-1,-1
2014610087014,1,9,0,18,0,0,1,0,1,11,1,1,2,2,23,5,-1,-1,-1,-1,1
2014610087114,1,9,0,18,0,0,1,0,0,0,3,1,2,1,18,4,1595,1,13,-1,1
2014610087114,2,9,0,18,0,0,1,0,0,0,3,1,2,1,30,6,1461,2,10,-1,1
2014610087214,1,9,0,18,0,8,0,0,0,0,1,1,6,2,38,7,1398,2,6,-1,3
2014610087214,2,9,0,9,0,8,0,0,0,0,1,1,6,1,20,4,1364,1,5,-1,3
2014610087314,1,9,0,18,0,7,0,0,0,0,3,1,6,1,51,8,1598,1,15,-1,1
2014610087314,2,21,0,11,0,3,0,0,0,0,4,1,1,1,61,9,11705,2,7,3,1
2014610087414,1,20,4,7,0,3,0,0,0,0,2,1,6,1,-1,-1,-1,-1,-1,-1,-1
2014610087414,2,1,0,18,0,3,0,0,0,0,1,1,2,1,43,7,-1,-1,-1,-1,2
2014610087514,1,9,0,9,0,6,0,0,0,0,1,1,6,2,47,8,1388,1,3,-1,1
2014610087514,2,9,0,18,0,1,1,0,0,0,4,1,6,2,38,7,1360,1,12,-1,1
2014610087614,1,9,0,1,0,6,0,0,0,0,2,1,6,3,-1,-1,1396,1,11,-1,-1
2014610087614,2,9,0,18,0,1,0,0,0,0,1,1,6,2,59,9,1997,2,11,-1,1
2014610087714,1,10,0,18,0,0,0,10,1,10,4,1,1,1,68,10,2198,2,1,-1,1
2014610087814,1,3,0,18,0,1,1,10,0,0,4,1,6,1,54,8,124,1,3,-1,1
2014610087914,1,9,0,18,0,0,2,0,1,10,1,1,2,2,18,4,998,1,4,-1,-1
2014610088014,1,2,0,16,0,0,1,0,0,0,1,1,6,2,17,4,125,1,-1,-1,-1
2014610088114,1,9,0,17,0,0,5,0,1,10,1,1,2,1,24,5,1999,1,3,-1,-1
2014610088214,1,19,0,1,9,0,0,0,0,0,2,1,1,1,30,6,2143,2,3,-1,1
2014610088314,1,9,0,7,0,3,0,0,0,0,4,1,6,1,91,11,1399,2,10,-1,3
2014610088314,2,1,0,7,0,3,0,0,0,0,3,1,6,1,61,9,-1,-1,-1,-1,1
2014610088414,1,9,0,18,0,1,0,0,0,0,1,1,2,1,24,5,1299,1,9,-1,1
2014610088514,1,9,0,18,0,0,0,0,0,0,1,1,6,3,-1,-1,-1,-1,-1,-1,-1
2014610088614,1,9,0,18,0,0,0,0,0,11,1,1,6,1,71,10,1997,1,19,10,3
2014610088614,2,9,0,2,0,0,0,0,0,0,4,1,6,1,-1,-1,1798,1,2,-1,-1
2014610088614,3,9,0,2,0,0,0,0,0,0,3,1,6,1,-1,-1,1598,1,1,-1,-1
2014610088714,1,9,0,17,0,0,0,0,0,0,1,1,6,2,58,9,1795,1,14,-1,3
2014610088714,2,9,0,16,0,0,1,0,1,0,1,1,2,1,41,7,1398,1,2,-1,1
2014610088814,1,9,0,17,0,0,5,0,0,0,0,1,6,1,51,8,2972,1,17,6,3
2014610088914,1,9,0,10,0,1,0,0,0,0,1,1,6,2,20,4,998,1,8,-1,1
2014610088914,2,9,0,18,0,1,0,0,0,0,1,1,6,1,31,6,1998,1,12,-1,1
2014610089014,1,9,0,18,0,0,0,0,0,0,2,1,1,1,41,7,-1,-1,-1,-1,1
2014610089014,2,9,0,18,0,0,0,0,0,0,1,1,1,2,19,4,1199,1,12,-1,1
2014610089114,1,9,0,18,0,0,0,0,0,0,3,1,6,1,22,5,1396,2,2,-1,1
2014610089314,1,9,0,18,0,0,0,0,0,0,1,1,2,1,27,6,1343,1,11,-1,1
2014610089414,1,9,0,17,0,0,0,0,0,11,4,1,6,2,62,9,1995,2,4,-1,3
2014610089414,2,19,4,16,0,0,0,0,0,0,3,1,1,1,45,7,4462,2,1,-1,-1
2014610089514,1,1,0,18,0,0,0,0,0,0,0,1,6,1,51,8,-1,-1,-1,-1,-1
2014610089514,2,19,0,15,0,0,0,0,0,0,4,1,6,3,-1,-1,-1,-1,-1,-1,-1
2014610089614,1,9,0,18,0,0,0,0,0,0,1,1,6,1,56,9,1398,1,12,-1,1
2014610089714,1,4,0,18,0,0,0,0,1,11,1,1,6,1,32,6,-1,-1,-1,-1,1
2014610089814,1,9,0,5,0,8,0,0,0,0,3,1,6,2,40,7,1242,1,2,-1,1
2014610089814,2,9,0,18,0,8,0,0,0,0,1,1,6,1,-1,-1,1360,1,7,-1,1
2014611402057,1,9,0,18,0,0,0,0,0,0,1,1,6,1,22,5,3969,1,18,-1,1
2014611402057,2,9,0,3,0,0,0,0,0,0,1,1,3,2,32,6,1596,1,9,-1,1
2014621400001,1,9,0,18,0,0,0,0,1,0,1,1,6,1,26,6,1399,2,4,-1,1
2014621400002,1,9,0,9,0,1,0,0,0,0,1,1,6,1,34,6,1199,1,11,-1,1
2014621400002,2,9,0,4,0,1,0,0,0,0,1,1,6,1,28,6,1686,2,6,-1,1
2014621400003,1,9,0,5,0,4,0,0,0,0,3,1,6,2,27,6,1998,1,7,-1,1
2014621400003,2,9,0,9,0,8,0,0,0,0,4,1,6,2,21,5,1248,2,7,-1,2
2014621400004,1,9,0,18,0,0,1,0,0,6,1,1,2,1,35,6,1896,2,12,-1,1
2014621400005,1,9,0,18,0,1,0,0,0,0,3,1,6,1,54,8,1968,2,4,-1,1
2014621400005,2,1,0,7,0,1,0,0,0,0,4,1,6,1,35,6,-1,-1,-1,-1,1
2014621400006,1,9,0,12,0,1,0,0,0,0,1,1,6,1,81,11,998,1,15,-1,1
2014621400006,2,9,0,4,0,1,0,0,0,0,2,1,2,1,52,8,1997,2,1,-1,1
2014621400006,3,9,0,4,0,1,0,0,0,0,2,1,2,2,47,8,996,1,2,-1,2
2014621400007,1,9,0,18,0,0,0,0,0,0,1,1,6,2,23,5,1298,1,13,-1,1
2014621400008,1,9,0,18,0,0,0,0,0,0,1,1,6,3,-1,-1,-1,-1,-1,-1,-1
2014621400009,1,9,0,18,0,8,0,0,0,0,1,1,6,2,49,8,1596,1,9,-1,1
2014621400009,2,1,0,9,0,8,0,0,0,0,1,1,6,1,30,6,-1,-1,-1,-1,1
2014621400010,1,9,0,18,0,0,0,0,0,0,1,1,2,1,55,8,1753,2,7,-1,1
2014621400011,1,9,0,9,0,6,0,0,0,0,3,1,6,2,28,6,1388,1,11,-1,1
2014621400011,2,3,0,18,0,8,0,0,0,0,1,1,6,1,60,9,124,1,2,-1,1
2014621400012,1,8,0,18,0,1,0,0,0,0,4,1,1,1,36,7,1997,2,9,-1,1
2014621400013,1,9,0,18,0,8,0,0,0,0,1,1,6,2,51,8,2685,2,12,-1,1
2014621400014,1,9,0,18,0,1,0,4,0,0,1,1,6,2,72,10,999,1,1,-1,1
2014621400014,2,9,0,2,0,1,0,0,0,0,3,1,6,3,-1,-1,998,1,2,-1,-1
2014621400015,1,9,0,1,0,8,0,0,0,0,2,1,6,3,-1,-1,-1,-1,-1,-1,-1
2014621400015,2,9,0,18,0,8,0,0,0,0,3,1,6,1,33,6,1598,2,3,-1,1
2014621400016,1,9,0,18,0,0,1,0,7,7,1,1,6,1,32,6,1794,1,11,-1,2
2014621400017,1,9,0,18,0,0,5,0,0,4,4,1,6,1,48,8,2993,2,10,-1,3
2014621400018,1,19,0,5,0,0,0,0,0,0,4,1,6,1,51,8,1686,2,12,-1,1
2014621400019,1,21,1,18,0,0,0,0,0,0,1,1,1,1,51,8,12902,2,1,-1,1
2014621400019,2,9,0,4,0,0,0,0,0,0,2,1,2,1,61,9,-1,-1,-1,-1,1
2014621400019,3,9,0,4,0,0,0,0,0,0,2,1,2,1,46,8,-1,-1,-1,-1,1
2014621400020,1,11,0,18,0,0,0,0,0,0,0,1,1,1,38,7,6374,2,1,-1,1
2014621400021,1,8,0,17,0,2,0,0,0,0,3,1,1,1,42,7,1998,2,7,-1,1
2014621400022,1,9,0,18,0,0,0,11,0,0,3,1,6,1,48,8,1396,1,6,-1,2
2014621400023,1,9,0,18,0,0,1,0,0,0,1,1,6,2,32,6,1461,2,7,-1,2
2014621400023,2,9,0,18,0,0,1,0,0,0,2,1,6,1,69,10,3960,1,20,6,1
2014621400023,3,9,0,18,0,0,0,0,0,0,2,1,6,1,36,7,1968,2,3,-1,1
2014621400023,4,9,0,18,0,0,0,0,0,0,2,1,6,2,32,6,1198,1,9,-1,2
2014621400023,5,9,0,18,0,0,0,0,0,0,2,1,6,2,40,7,1896,2,11,-1,2
2014621400024,1,9,0,18,0,0,2,0,2,7,1,1,6,1,44,7,1998,2,12,-1,3