Accident_Index,Vehicle_Reference,Vehicle_Type,Towing_and_Articulation,Vehicle_Manoeuvre,Vehicle_Location-Restricted_Lane,Junction_Location,Skidding_and_Overturning,Hit_Object_in_Carriageway,Vehicle_Leaving_Carriageway,Hit_Object_off_Carriageway,1st_Point_of_Impact,Was_Vehicle_Left_Hand_Drive?,Journey_Purpose_of_Driver,Sex_of_Driver,Age_of_Driver,Age_Band_of_Driver,Engine_Capacity_(CC),Propulsion_Code,Age_of_Vehicle,Driver_IMD_Decile,Driver_Home_Area_Type
2014621400185,1,9,0,7,0,8,0,0,7,11,1,1,1,1,24,5,1299,1,11,-1,1
2014621400186,1,9,0,4,0,0,0,0,0,0,1,1,6,1,17,4,1149,1,10,-1,1
2014621400186,2,9,0,4,0,0,1,0,0,0,2,1,6,2,22,5,1596,1,2,-1,1
2014621400187,1,9,0,18,0,0,0,0,0,0,1,1,6,2,41,7,1242,1,8,-1,1
2014621400188,1,9,0,18,0,8,0,0,0,0,3,1,6,1,26,6,796,1,12,-1,1
2014621400188,2,9,0,18,0,8,0,0,0,0,1,1,6,2,19,4,1242,1,3,-1,1
2014621400189,1,9,0,9,0,4,0,0,0,0,3,1,6,1,25,5,1968,2,6,-1,2
2014621400189,2,9,0,18,0,4,0,0,0,0,1,1,6,1,56,9,1998,1,9,-1,2
2014621400190,1,9,0,18,0,0,2,0,0,2,1,1,2,2,51,8,973,1,11,-1,2
2014621400191,1,9,0,18,0,0,0,0,2,7,1,1,6,2,25,5,1399,2,7,-1,1
2014621400192,1,9,0,18,0,8,0,0,0,0,1,1,6,2,25,5,995,1,4,-1,1
2014621400192,2,9,0,18,0,8,0,0,0,0,4,1,6,2,34,6,1968,2,2,-1,1
2014621400193,1,9,0,18,0,1,0,0,0,0,1,1,6,1,19,4,1124,1,9,-1,1
2014621400194,1,20,0,18,0,0,0,0,0,0,4,1,1,1,26,6,2402,2,8,5,3
2014621400195,1,9,0,18,0,0,2,0,2,2,1,1,6,2,26,6,1796,1,9,-1,3
2014621400196,1,9,0,17,0,3,0,10,0,10,1,1,6,2,21,5,1198,1,9,-1,1
2014621400197,1,9,0,18,0,0,0,0,0,0,1,1,6,2,40,7,1248,2,6,-1,3
2014621400197,2,20,0,3,0,0,0,0,0,0,2,1,1,1,40,7,-1,-1,-1,-1,1
2014621400198,1,11,0,5,0,1,0,0,0,0,1,1,1,1,59,9,3900,2,12,-1,1
2014621400198,2,10,0,3,0,1,0,0,0,0,2,1,6,1,38,7,-1,-1,-1,-1,1
2014621400198,3,9,0,3,0,1,0,0,0,0,2,1,6,2,16,4,400,2,1,-1,1
2014621400199,1,9,0,17,0,0,5,0,2,10,1,1,6,1,31,6,1299,1,6,-1,1
2014621400200,1,9,0,18,0,0,2,0,5,6,0,1,6,1,28,6,1598,1,9,-1,3
2014621400201,1,9,0,18,0,1,0,0,0,0,1,1,6,2,25,5,1560,2,7,-1,3
2014621400201,2,9,0,3,0,1,0,0,0,0,2,1,2,1,27,6,1794,1,13,-1,1
2014621400202,1,9,0,16,0,0,0,0,0,0,1,1,6,1,19,4,1399,1,8,-1,3
2014621400202,2,9,0,17,0,0,0,0,0,0,1,1,6,1,42,7,-1,-1,-1,-1,1
2014621400203,1,3,0,18,0,0,1,0,0,0,1,1,2,1,56,9,125,1,1,-1,2
2014621400204,1,2,0,4,0,0,0,0,0,0,1,1,1,1,52,8,125,1,6,-1,1
2014621400205,1,11,0,9,0,8,0,0,0,0,1,1,1,1,20,4,5883,2,13,-1,1
2014621400205,2,9,0,3,0,2,0,0,0,0,2,1,6,1,52,8,-1,-1,-1,-1,1
2014621400206,1,9,0,18,0,1,0,0,0,0,1,1,6,1,40,7,1596,1,9,-1,1
2014621400206,2,8,0,4,0,1,0,0,0,0,2,1,1,1,66,10,1896,2,7,-1,1
2014621400207,1,9,0,18,0,0,1,0,0,7,1,1,6,2,28,6,1796,1,12,-1,1
2014621400208,1,9,0,18,0,2,0,0,0,0,1,1,2,2,41,7,1149,1,12,-1,1
2014621400208,2,9,0,18,0,2,0,0,0,0,2,1,6,1,21,5,1598,1,14,-1,1
2014621400209,1,9,0,18,0,0,0,0,0,0,1,1,6,1,65,9,1229,1,8,-1,2
2014621400209,2,9,0,3,0,0,0,0,0,0,2,1,1,2,42,7,1328,1,7,-1,1
2014621400210,1,19,0,13,0,0,0,0,0,0,1,1,6,1,36,7,2151,2,10,-1,1
2014621400210,2,9,0,2,0,0,0,0,0,0,2,1,6,2,61,9,2987,2,6,-1,1
2014621400211,1,9,0,18,0,0,0,0,0,0,1,1,6,1,40,7,1598,1,11,-1,1
2014621400211,2,9,0,3,0,0,0,0,0,0,2,1,6,1,48,8,3498,1,2,-1,1
2014621400211,3,20,0,3,0,0,0,0,0,0,2,1,6,1,57,9,-1,-1,-1,-1,1
2014621400211,4,9,0,3,0,0,0,0,0,0,2,1,6,2,56,9,1997,2,1,-1,1
2014621400212,1,9,0,18,0,0,0,0,0,0,1,1,2,1,32,6,1995,2,6,-1,1
2014621400212,2,9,0,4,0,0,0,0,0,0,2,1,1,1,56,9,1398,1,1,-1,1
2014621400212,3,9,0,3,0,0,0,0,0,0,2,1,2,1,41,7,1999,1,8,-1,1
2014621400213,1,9,0,17,0,0,0,0,0,0,1,1,6,1,74,10,1242,1,6,-1,1
2014621400214,1,9,0,9,0,1,0,0,0,0,1,1,6,2,57,9,1596,1,2,-1,1
2014621400214,2,3,0,18,0,1,0,0,0,0,4,1,6,1,47,8,124,1,3,-1,1
2014621400215,1,9,0,18,0,4,0,0,0,0,1,1,6,2,21,5,1242,1,14,-1,1
2014621400215,2,9,0,18,0,4,0,0,0,0,4,1,6,2,24,5,1991,2,12,-1,1
2014621400216,1,9,0,4,0,0,0,0,0,0,2,1,6,1,27,6,1968,2,1,-1,3
2014621400216,2,11,0,4,0,0,0,0,0,0,1,1,1,1,54,8,9000,2,6,-1,1
2014621400217,1,21,1,18,0,0,5,0,1,0,4,1,1,1,59,9,12740,2,1,-1,-1
2014621400218,1,9,0,18,0,1,0,0,0,0,1,1,6,2,24,5,1229,1,4,-1,1
2014621400218,2,9,0,10,0,5,0,0,0,0,2,1,6,2,20,4,1149,1,6,-1,1
2014621400219,1,9,0,13,0,1,0,0,0,0,3,1,6,1,21,5,998,1,4,-1,3
2014621400219,2,9,0,7,0,2,0,0,0,0,3,1,1,2,22,5,698,1,9,-1,1
2014621400220,1,9,0,7,0,5,0,0,0,0,1,1,6,2,47,8,1390,1,10,-1,1
2014621400221,1,-1,-1,10,0,0,0,0,0,0,1,-1,6,3,-1,-1,-1,-1,-1,-1,-1
2014621400221,2,9,0,18,0,0,0,0,0,0,3,1,1,2,34,6,1296,1,15,-1,1
2014621400222,1,8,0,9,0,6,0,0,1,2,1,1,1,1,32,6,1896,2,7,-1,1
2014621400223,1,9,0,5,0,1,0,0,0,0,1,1,1,2,30,6,1596,1,11,-1,1
2014621400223,2,20,0,18,0,1,0,0,0,0,4,1,1,1,55,8,-1,-1,-1,-1,1
2014621400224,1,9,0,18,0,0,2,0,1,10,1,1,6,2,42,7,1229,1,5,-1,3
2014621400225,1,9,0,18,0,0,5,10,0,0,1,1,6,1,26,6,-1,-1,-1,-1,1
2014621400226,1,19,0,9,0,4,0,0,0,0,1,1,1,1,41,7,1598,2,3,-1,1
2014621400226,2,1,0,18,0,8,0,0,0,0,3,1,6,1,45,7,-1,-1,-1,-1,1
2014621400227,1,9,0,9,0,6,0,0,0,0,3,1,6,2,23,5,1198,1,12,-1,1
2014621400227,2,9,0,18,0,1,0,0,0,0,1,1,6,2,23,5,1781,1,13,-1,1
2014621400228,1,9,0,6,0,0,0,0,0,0,3,1,6,1,19,4,1596,1,7,-1,1
2014621400228,2,9,0,18,0,0,0,0,0,0,1,1,6,1,21,5,1686,2,6,-1,1
2014621400229,1,9,0,15,0,0,1,0,0,0,4,1,1,2,48,8,1242,1,6,-1,1
2014621400229,2,21,4,16,0,0,0,0,0,0,2,1,1,1,55,8,12580,2,10,-1,1
2014621400231,1,9,0,16,0,0,5,0,1,3,4,1,6,1,26,6,1596,1,12,-1,1
2014621400232,1,9,0,9,0,8,0,0,0,0,3,1,6,1,33,6,999,1,1,-1,1
2014621400232,2,3,0,18,0,8,0,0,0,0,1,1,6,1,20,4,125,1,1,-1,1
2014621400233,1,9,0,18,0,0,1,0,0,0,3,1,6,1,30,6,1587,1,8,-1,1
2014621400234,1,9,0,18,0,0,0,0,0,0,1,1,6,1,48,8,2184,2,9,-1,1
2014621400234,2,9,0,18,0,0,0,0,0,0,1,1,6,1,39,7,1398,1,1,-1,1
2014621400235,1,9,0,18,0,0,1,0,1,0,4,1,6,2,49,8,998,1,4,-1,1
2014621400235,2,9,0,18,0,0,0,11,0,0,1,1,6,1,37,7,-1,-1,-1,-1,1
2014621400236,1,9,0,18,0,1,0,0,0,0,1,1,6,1,21,5,1229,1,8,-1,2
2014621400237,1,9,0,18,0,0,1,0,0,10,1,1,6,1,19,4,1242,1,11,-1,1
2014621400238,1,9,0,18,0,8,0,0,0,0,1,1,6,1,23,5,1242,1,1,-1,1
2014621400238,2,9,0,18,0,8,0,0,7,1,1,1,6,2,38,7,1560,2,3,-1,1
2014621400239,1,2,0,9,0,8,0,0,0,0,3,1,6,1,38,7,125,1,1,-1,1
2014621400239,2,9,0,18,0,8,0,0,0,0,4,1,6,2,54,8,1598,1,15,-1,1
2014621400240,1,9,0,17,0,0,1,10,0,4,1,1,1,1,32,6,1910,2,6,-1,1
2014621400241,1,9,0,17,0,0,1,0,1,10,1,1,2,2,32,6,1299,1,7,-1,1
2014621400242,1,9,0,5,0,1,0,0,0,0,1,1,2,1,40,7,2179,2,3,-1,1
2014621400242,2,9,0,4,0,1,0,0,0,0,2,1,2,1,56,9,1598,1,8,-1,1
2014621400243,1,9,0,1,0,2,0,0,0,0,0,1,6,2,25,5,998,1,5,-1,1
2014621400244,1,9,0,17,0,0,1,0,0,0,4,1,6,1,36,7,1360,1,10,-1,2
2014621400244,2,9,0,18,0,0,2,1,1,0,1,1,6,2,56,9,1248,1,1,-1,1
2014621400244,3,9,0,18,0,0,1,1,1,0,1,1,6,1,20,4,-1,-1,-1,-1,1
2014621400244,4,9,0,18,0,0,1,1,1,0,1,1,6,1,56,9,1796,1,16,-1,1
2014621400244,5,9,0,18,0,0,1,0,1,0,1,1,6,1,26,6,1587,1,12,-1,1
2014621400244,6,9,0,18,0,0,1,1,4,7,1,1,6,1,24,5,-1,-1,-1,-1,1
2014621400244,7,9,0,18,0,0,1,1,4,7,1,1,6,1,52,8,1956,2,5,-1,1
2014621400245,1,9,0,18,0,0,0,0,0,0,1,1,6,2,35,6,1598,1,1,-1,1
2014621400246,1,9,0,18,0,0,0,0,0,0,1,1,6,2,59,9,1999,1,9,-1,1
2014621400246,2,9,0,18,0,0,0,0,0,0,1,1,6,1,20,4,999,1,15,-1,3
2014621400246,3,9,0,18,0,0,0,0,0,0,1,1,6,2,44,7,1332,1,17,-1,1
2014621400247,1,9,0,18,0,8,0,0,0,0,1,1,6,2,49,8,1796,1,12,-1,1
2014621400247,2,9,0,18,0,8,0,0,0,0,4,1,6,2,18,4,1398,2,10,-1,1
2014621400248,1,9,0,18,0,6,0,0,0,0,1,1,6,2,28,6,1242,1,5,-1,2
2014621400248,2,9,0,18,0,8,5,0,0,0,4,1,6,1,67,10,1587,1,10,-1,3
2014621400249,1,21,0,16,0,0,5,0,1,7,1,2,1,1,28,6,-1,-1,-1,-1,2
2014621400250,1,9,0,6,0,0,0,0,0,0,3,1,6,1,17,4,1242,1,7,-1,2
2014621400250,2,9,0,18,0,0,0,0,0,0,1,1,6,2,24,5,1248,1,3,-1,3
2014621400251,1,9,0,5,0,4,0,0,0,0,1,1,1,2,27,6,1242,1,4,-1,1
2014621400251,2,3,0,5,0,4,0,0,0,0,2,1,1,1,29,6,125,1,3,-1,1
2014621400252,1,1,0,18,0,0,0,2,0,10,0,1,6,1,48,8,-1,-1,-1,-1,3
2014621400253,1,9,0,18,0,0,0,0,0,0,4,1,3,1,42,7,1998,1,11,-1,1
2014621400254,1,20,0,18,0,0,0,0,0,0,1,1,1,1,47,8,2198,2,1,-1,2
2014621400254,2,9,0,18,0,0,0,0,0,0,2,1,6,1,49,8,1242,1,9,-1,1
2014621400255,1,9,0,9,0,8,0,0,0,0,1,1,2,2,19,4,1198,1,7,-1,1
2014621400255,2,9,0,18,0,1,0,0,0,0,4,1,6,1,30,6,1686,2,14,-1,1
2014621400255,3,9,0,18,0,1,0,0,0,0,3,1,2,2,42,7,1364,2,4,-1,1
2014621400256,1,21,0,18,0,0,0,0,0,0,1,1,1,1,35,6,10837,2,2,-1,1
2014621400256,2,9,0,18,0,0,1,0,1,0,2,1,6,2,45,7,2488,2,7,-1,1
2014621400256,3,19,0,18,0,0,2,0,1,0,2,1,6,1,25,5,1900,2,14,-1,1
2014621400257,1,3,0,18,0,0,0,0,0,0,1,1,6,1,20,4,124,1,9,-1,1
2014621400258,1,8,0,18,0,0,0,0,0,0,4,1,1,1,61,9,1896,2,7,-1,1
2014621400258,2,22,0,18,0,0,0,0,0,0,3,1,6,2,62,9,-1,-1,-1,-1,1
2014621400259,1,9,0,9,0,8,0,0,0,0,1,1,6,2,56,9,2179,2,7,-1,1
2014621400259,2,5,0,18,0,8,0,0,0,0,1,1,6,1,43,7,955,1,14,-1,3
2014621400260,1,9,0,18,0,8,0,0,0,0,3,1,6,2,55,8,998,1,7,-1,3
2014621400260,2,1,0,9,0,8,0,0,0,0,1,1,6,1,31,6,-1,-1,-1,-1,2
2014621400261,1,9,0,18,0,0,1,0,0,6,1,1,6,1,28,6,1599,1,7,-1,1
2014621400261,2,9,0,18,0,0,1,0,0,0,1,1,6,1,26,6,1242,1,3,-1,1
2014621400261,3,9,0,18,0,0,1,0,1,0,1,1,6,1,21,5,1596,1,13,-1,3
2014621400261,4,9,0,18,0,0,1,0,0,0,1,1,6,1,43,7,3189,1,11,-1,1
2014621400262,1,4,0,18,0,0,1,0,0,0,1,1,6,1,38,7,-1,-1,-1,-1,2
2014621400262,2,9,0,1,0,0,0,0,0,0,3,1,6,1,60,9,2199,2,2,-1,1
2014621400263,1,9,0,1,0,0,0,0,0,0,2,1,6,1,39,7,1968,2,4,-1,1
2014621400264,1,9,0,18,0,8,0,0,0,0,1,1,6,2,40,7,1560,2,-1,-1,2
2014621400265,1,9,0,7,0,5,0,0,0,0,0,1,6,3,-1,-1,-1,-1,-1,-1,-1
2014621400265,2,9,0,18,0,1,0,7,0,0,1,1,6,2,25,5,1242,1,5,-1,1
2014621400266,1,21,1,18,0,0,5,0,0,6,3,1,1,1,49,8,12130,2,12,-1,1
2014621400268,1,9,0,5,0,0,1,0,0,0,3,1,6,1,26,6,1461,2,1,-1,1
2014621400268,2,3,0,13,0,0,0,0,0,0,4,1,6,1,16,4,-1,-1,-1,-1,1
2014621400269,1,9,0,18,0,0,1,0,7,9,3,1,2,2,45,7,1896,2,6,-1,1
2014621400271,1,19,0,18,0,0,1,0,1,4,1,1,6,1,23,5,1753,2,10,-1,1
2014621400272,1,9,0,18,0,0,0,0,0,0,1,1,6,1,32,6,1329,1,5,-1,1
2014621400272,2,9,0,10,0,0,0,0,7,0,2,1,6,2,41,7,996,1,2,-1,1
2014621400273,1,9,0,5,0,8,0,0,0,0,3,1,6,2,37,7,1242,1,7,-1,1
2014621400273,2,97,0,5,0,8,0,0,0,0,1,1,6,1,42,7,124,1,7,-1,1
2014621400274,1,9,0,18,0,0,1,0,0,7,1,1,6,1,20,4,1360,1,7,-1,1
2014621400275,1,9,0,18,0,0,0,0,0,0,1,1,6,2,56,9,1242,1,3,9,1
2014621400275,2,9,0,3,0,0,0,0,0,0,2,1,2,1,35,6,1242,1,7,-1,1
2014621400275,3,9,0,3,0,0,0,0,0,0,2,1,1,1,20,4,1360,1,6,-1,1
2014621400276,1,9,0,18,0,4,1,0,3,0,1,1,6,1,27,6,1796,1,14,-1,3
2014621400277,1,9,0,18,0,8,0,0,0,0,1,1,1,1,25,5,1762,1,16,-1,1
2014621400277,2,9,0,18,0,8,0,0,0,0,3,1,1,1,59,9,1685,2,2,-1,1
2014621400278,1,9,0,18,0,0,0,0,0,0,1,1,6,1,37,7,1598,1,3,-1,3
2014621400278,2,8,0,18,0,0,0,0,0,0,1,1,6,2,50,8,1896,2,11,-1,3
2014621400279,1,19,0,7,0,6,0,0,0,0,3,1,6,1,86,11,1868,2,9,-1,1
2014621400279,2,9,0,18,0,8,0,0,0,0,4,1,6,1,20,4,2000,2,5,-1,3
2014621400280,1,9,0,18,0,1,0,0,0,0,4,1,6,1,64,9,1598,1,13,-1,1
2014621400281,1,9,0,18,0,0,1,0,5,6,1,1,6,2,28,6,1149,1,7,-1,1
2014621400281,2,9,0,18,0,0,0,0,0,0,1,1,1,1,46,8,-1,-1,-1,-1,2
2014621400282,1,9,0,18,0,1,0,0,0,0,1,1,6,1,23,5,1686,2,9,-1,1
2014621400283,1,9,0,18,0,0,0,4,1,0,1,1,6,1,41,7,1598,2,3,-1,2
2014621400283,2,9,0,2,0,0,0,0,1,0,2,1,6,2,32,6,1360,1,12,-1,1
2014621400284,1,9,0,9,0,1,0,0,0,0,1,1,6,1,47,8,1598,1,14,-1,2
2014621400284,2,9,0,18,0,1,0,0,0,0,1,1,6,1,25,5,1388,1,11,-1,2
2014621400285,1,9,0,18,0,0,0,0,0,0,3,1,6,1,21,5,1364,1,5,-1,1
2014621400286,1,9,0,4,0,2,0,0,0,0,1,1,6,2,22,5,1905,2,14,-1,1
2014621400286,2,19,0,18,0,2,0,0,0,0,2,1,1,1,34,6,1900,2,17,-1,1
2014621400287,1,9,0,6,0,0,0,0,0,0,3,1,1,1,31,6,1596,1,3,-1,1
2014621400287,2,1,0,15,0,0,0,0,0,0,1,1,2,1,41,7,-1,-1,-1,-1,2
2014621400288,1,9,0,18,0,0,1,0,1,2,1,1,6,1,28,6,2198,1,13,-1,1
2014621400289,1,9,0,12,0,0,1,0,0,0,1,1,6,1,36,7,1968,2,6,-1,1
2014621400289,2,9,0,4,0,0,1,0,5,6,2,1,6,1,42,7,998,1,4,-1,1
2014621400289,3,9,0,4,0,0,1,0,0,0,4,1,6,1,28,6,1299,1,10,-1,1
2014621400289,4,9,0,4,0,0,0,0,0,0,2,1,6,1,41,7,1968,2,7,-1,3
2014621400290,1,9,0,16,0,1,0,0,0,0,0,1,6,3,-1,-1,-1,-1,-1,-1,-1
2014621400290,2,9,0,17,0,1,2,0,1,0,1,1,6,2,34,6,1242,1,14,-1,1
2014621400291,1,19,0,7,0,6,0,0,0,0,1,1,6,1,36,7,1248,2,2,-1,1
2014621400291,2,9,0,7,0,6,0,0,0,0,2,1,6,2,28,6,973,1,15,-1,1
2014621400292,1,19,0,18,0,0,0,0,1,1,1,1,1,1,43,7,2287,2,4,-1,1
2014621400293,1,9,0,6,0,0,0,0,0,0,4,1,6,2,49,8,1368,1,7,-1,1
2014621400294,1,9,0,4,0,0,0,0,0,0,1,1,6,1,49,8,1299,1,12,-1,1
2014621400294,2,9,0,4,0,0,0,0,0,0,2,1,6,2,42,7,1149,1,10,-1,1
2014621400295,1,9,0,11,0,0,0,0,0,0,0,1,6,3,-1,-1,-1,-1,-1,-1,-1
2014621400295,2,90,0,18,0,0,0,0,0,0,1,1,1,1,31,6,2464,2,6,-1,1
2014621400295,3,9,0,11,0,0,0,0,0,0,2,1,6,1,37,7,1753,2,5,-1,1
2014621400296,1,1,0,18,0,8,0,0,0,0,4,1,6,1,48,8,-1,-1,-1,-1,1
2014621400296,2,9,0,18,0,8,0,0,0,0,1,1,6,1,44,7,1994,1,9,-1,3
2014621400297,1,9,0,18,0,0,1,0,0,0,1,1,6,1,62,9,1396,1,10,-1,1
2014621400298,1,9,0,18,0,2,0,0,0,0,1,1,2,2,32,6,1598,1,11,-1,1
2014621400299,1,9,0,4,0,0,0,0,0,0,1,1,6,1,24,5,1360,1,7,-1,1
2014621400300,1,9,0,17,0,1,0,0,0,0,4,1,6,3,-1,-1,-1,-1,-1,-1,-1
2014621400301,1,9,0,18,0,0,0,0,0,0,2,1,6,2,22,5,1390,1,6,-1,1
2014621400301,2,9,0,5,0,0,0,0,0,0,3,1,6,1,51,8,1332,1,9,-1,1
2014621400302,1,21,1,4,0,1,1,0,0,0,1,1,1,1,43,7,10837,2,2,-1,2
2014621400302,2,9,0,4,0,1,0,0,0,0,2,1,2,1,33,6,1398,1,9,-1,1
2014621400303,1,20,0,1,0,0,0,0,0,0,2,1,1,1,35,6,-1,-1,-1,-1,1
2014621400304,1,9,0,7,0,2,0,0,0,0,1,1,6,2,63,9,1390,1,7,-1,1
2014621400304,2,9,0,18,0,8,0,0,0,11,4,1,6,2,37,7,1997,2,5,-1,1
2014621400305,1,9,0,18,0,4,0,0,0,0,1,1,6,2,35,6,1391,1,14,-1,1
2014621400305,2,1,0,18,0,8,0,0,0,0,4,1,6,2,41,7,-1,-1,-1,-1,1
2014621400306,1,9,0,18,0,0,0,0,1,2,1,1,6,2,19,4,1242,1,12,-1,1
2014621400307,1,9,0,1,0,8,0,0,0,0,2,1,6,3,-1,-1,-1,-1,-1,-1,-1
2014621400308,1,9,0,18,0,2,0,0,0,0,4,1,1,1,29,6,1248,1,1,-1,1
2014621400308,2,9,0,18,0,8,0,0,0,0,1,1,6,2,38,7,1149,1,6,-1,1
2014621400309,1,8,0,5,0,0,0,0,0,0,3,1,1,3,-1,-1,-1,-1,-1,-1,-1
2014621400310,1,9,0,9,0,8,0,0,0,0,1,1,2,1,47,8,2495,2,14,-1,1
2014621400310,2,8,0,7,0,8,0,0,0,0,3,1,1,1,46,8,1896,2,4,-1,1
2014621400311,1,5,0,18,0,0,0,0,7,0,1,1,6,1,22,5,-1,-1,-1,-1,1
2014621400311,2,9,0,18,0,0,0,0,0,0,3,1,6,1,45,7,1560,2,7,-1,1
2014621400312,1,3,0,18,0,0,1,0,0,0,0,1,6,2,21,5,124,1,1,-1,1
2014621400313,1,9,0,18,0,0,0,0,0,0,1,1,6,1,44,7,1686,2,4,-1,1
2014621400313,2,9,0,3,0,0,0,0,0,0,2,1,6,1,66,10,2148,2,12,-1,1
2014621400313,3,9,0,3,0,0,0,0,0,0,2,1,6,1,18,4,973,1,11,-1,1
2014621400314,1,9,0,18,0,0,1,0,0,0,1,1,6,1,18,4,1389,1,16,-1,2
2014621400314,2,9,0,3,0,0,0,0,0,0,2,1,6,1,29,6,1800,1,15,-1,2
2014621400314,3,9,0,3,0,0,0,0,0,0,2,1,6,1,38,7,1590,1,1,-1,1
2014621400315,1,17,0,18,0,0,1,0,0,0,1,1,1,1,22,5,-1,2,10,-1,1
2014621400315,2,9,0,4,0,0,0,0,0,0,2,1,6,2,40,7,1796,1,10,-1,1
2014621400316,1,11,0,18,0,1,0,0,0,0,4,1,1,3,-1,-1,-1,-1,-1,-1,-1
2014621400317,1,9,0,7,0,0,0,0,2,11,1,1,6,1,49,8,1868,2,13,-1,1
2014621400318,1,9,0,18,0,0,5,0,1,9,1,1,6,2,22,5,1149,1,13,-1,3
2014621400319,1,9,0,18,0,2,0,0,0,10,1,1,6,1,23,5,1397,1,5,-1,1
2014621400320,1,9,0,9,0,6,0,0,0,0,1,1,6,1,35,6,1560,2,9,-1,1
2014621400320,2,9,0,18,0,8,1,0,1,10,4,1,2,2,20,4,1328,1,5,-1,1
2014621400321,1,8,0,18,0,1,0,0,0,0,1,1,1,1,44,7,1896,2,9,-1,1
2014621400322,1,9,0,17,0,0,5,0,2,2,1,1,1,2,41,7,1248,2,4,-1,1
2014621400323,1,8,0,18,0,0,2,0,0,0,1,1,1,1,49,8,-1,-1,-1,-1,1
2014621400324,1,9,0,18,0,8,0,0,0,0,3,1,6,1,66,10,1794,1,9,-1,1
2014621400324,2,9,0,18,0,8,0,0,0,0,4,1,6,1,19,4,1124,1,6,-1,1
2014621400326,1,9,0,17,0,0,5,0,1,0,0,1,2,1,26,6,1560,2,2,-1,2
2014621400327,1,9,0,18,0,0,1,0,0,7,1,1,2,2,21,5,1399,2,4,-1,1
2014621400328,1,9,0,18,0,0,0,0,0,0,1,1,6,1,34,6,1753,2,8,-1,1
2014621400329,1,9,0,18,0,4,0,0,0,0,1,1,6,2,46,8,1390,1,13,-1,2
2014621400330,1,9,0,9,0,4,0,0,0,0,3,1,6,1,59,9,1596,1,5,-1,1
2014621400330,2,5,0,9,0,8,0,0,0,0,1,1,6,1,24,5,649,1,6,-1,1
2014621400331,1,9,0,9,0,1,0,0,0,0,4,1,2,1,31,6,1171,1,18,-1,1
2014621400332,1,9,0,18,0,0,0,0,0,0,0,1,6,2,26,6,1149,1,8,-1,1
2014621400332,2,9,0,18,0,0,1,0,0,0,1,1,6,1,53,8,1995,2,12,-1,1
2014621400332,3,9,0,18,0,0,0,0,0,0,2,1,6,1,34,6,1299,1,15,-1,1
2014621400333,1,9,0,9,0,1,0,0,0,0,1,1,6,1,31,6,1968,2,10,-1,1
2014621400333,2,1,0,18,0,1,0,0,0,0,1,1,6,1,49,8,-1,-1,-1,-1,1
2014621400334,1,9,0,16,0,0,0,0,0,0,1,1,6,1,71,10,1596,1,8,-1,1
2014621400335,1,9,0,18,0,8,0,0,0,0,1,1,6,2,22,5,1388,1,7,-1,1
2014621400335,2,8,0,18,0,8,0,0,0,0,1,1,1,1,57,9,1997,2,9,-1,1
2014621400336,1,9,0,18,0,1,0,0,0,0,1,1,2,1,48,8,1360,1,9,-1,1
2014621400337,1,9,0,9,0,8,0,0,0,0,1,1,6,2,55,8,1997,2,12,-1,1
2014621400337,2,8,0,18,0,8,0,0,0,0,1,1,1,1,69,10,1700,2,12,-1,1
2014621400338,1,9,0,18,0,2,0,0,0,0,3,1,6,1,57,9,1248,2,6,-1,3
2014621400339,1,9,0,18,0,1,1,10,2,11,4,1,6,1,37,7,1299,1,13,-1,1
2014621400340,1,8,0,17,0,4,5,0,0,0,1,1,6,2,37,7,1329,1,5,-1,1
2014621400340,2,9,0,17,0,4,0,0,0,0,2,1,6,2,50,8,1461,2,4,-1,1
2014621400341,1,9,0,18,0,8,0,0,0,0,1,1,6,1,39,7,1598,1,14,-1,1
2014621400341,2,9,0,18,0,8,0,0,0,0,1,1,6,2,50,8,1388,1,11,-1,3
2014621400341,3,9,0,18,0,8,0,0,0,0,3,1,6,1,52,8,1598,2,-1,10,1
2014621400341,4,20,0,18,0,8,0,0,0,0,1,1,1,1,52,8,-1,-1,-1,-1,1
2014621400342,1,9,0,5,0,0,0,0,0,0,1,1,6,2,37,7,1248,1,1,-1,1
2014621400343,1,9,0,16,0,0,5,0,0,0,3,1,6,2,26,6,1296,1,16,-1,2
2014621400344,1,9,0,11,0,0,5,0,1,4,1,1,6,1,23,5,1956,2,5,-1,2
2014621400344,2,9,4,18,0,0,4,0,4,0,2,1,6,2,30,6,2664,2,15,-1,1
2014621400345,1,9,0,18,0,2,0,0,0,0,1,1,6,2,17,4,1086,1,9,-1,1
2014621400345,2,9,0,3,0,2,0,0,0,0,2,1,3,2,56,9,1360,1,3,-1,1
2014621400347,1,20,0,3,0,4,0,0,0,0,1,1,6,1,29,6,-1,-1,-1,-1,1
2014621400347,2,9,0,18,0,4,0,0,0,0,2,1,6,1,34,6,1242,1,9,2,1
2014621400348,1,9,0,18,0,0,1,0,0,0,1,1,2,2,32,6,1242,1,10,-1,1