Accident_Index,Vehicle_Reference,Vehicle_Type,Towing_and_Articulation,Vehicle_Manoeuvre,Vehicle_Location-Restricted_Lane,Junction_Location,Skidding_and_Overturning,Hit_Object_in_Carriageway,Vehicle_Leaving_Carriageway,Hit_Object_off_Carriageway,1st_Point_of_Impact,Was_Vehicle_Left_Hand_Drive?,Journey_Purpose_of_Driver,Sex_of_Driver,Age_of_Driver,Age_Band_of_Driver,Engine_Capacity_(CC),Propulsion_Code,Age_of_Vehicle,Driver_IMD_Decile,Driver_Home_Area_Type
2014621400817,4,9,0,2,0,0,0,0,0,0,1,1,6,3,-1,-1,1299,1,12,-1,-1
2014621400817,5,9,0,2,0,0,0,0,0,0,1,1,6,3,-1,-1,1870,2,12,-1,-1
2014621400818,1,9,0,7,0,0,0,0,0,0,1,1,6,1,74,10,1598,1,5,-1,1
2014621400820,1,9,0,9,0,5,0,0,0,0,4,1,1,2,59,9,995,1,9,-1,1
2014621400820,2,9,0,18,0,1,0,0,0,0,1,1,1,1,65,9,1798,1,12,-1,1
2014621400821,1,9,0,18,0,0,0,0,1,10,1,1,1,2,21,5,1587,1,13,-1,1
2014621400821,2,9,0,18,0,0,0,0,0,0,1,1,6,2,37,7,1595,1,8,-1,1
2014621400822,1,9,0,5,0,0,0,0,0,0,4,1,6,2,22,5,1198,1,5,-1,1
2014621400823,1,9,0,18,0,1,0,4,1,0,1,1,6,1,22,5,998,1,15,-1,1
2014621400823,2,9,0,2,0,1,0,0,0,0,1,1,6,3,-1,-1,1596,1,7,-1,-1
2014621400823,3,9,0,2,0,1,0,0,0,0,1,1,6,3,-1,-1,1242,1,8,-1,-1
2014621400823,4,9,0,2,0,1,0,0,0,0,2,1,6,3,-1,-1,1560,2,3,-1,-1
2014621400824,1,5,0,4,0,0,1,0,0,0,1,1,6,1,24,5,636,1,10,-1,1
2014621400824,2,9,0,5,0,0,0,0,0,0,1,1,6,1,55,8,1781,1,13,-1,1
2014621400825,1,1,0,17,5,3,0,0,0,11,1,1,2,1,42,7,-1,-1,-1,-1,1
2014621400826,1,9,0,18,0,0,5,0,2,10,1,1,6,1,35,6,1248,1,3,-1,3
2014621400827,1,9,0,9,0,6,0,0,0,0,1,1,6,1,57,9,1598,1,3,-1,1
2014621400827,2,9,0,18,0,1,0,0,0,0,1,1,6,1,54,8,2143,2,3,-1,1
2014621400828,1,9,0,9,0,6,0,0,0,0,1,1,6,1,53,8,1896,2,8,7,1
2014621400828,2,9,0,18,0,8,5,0,0,0,3,1,6,2,41,7,1598,1,8,-1,2
2014621400830,1,9,0,18,0,0,0,0,0,0,1,1,2,2,60,9,1598,1,11,-1,1
2014621400831,1,9,0,18,0,0,0,0,0,0,1,1,6,2,52,8,1360,1,10,-1,1
2014621400832,1,9,0,18,0,0,0,0,0,0,1,1,6,2,60,9,996,1,5,-1,1
2014621400833,1,9,0,9,0,6,0,0,0,0,1,1,2,2,33,6,1242,1,16,-1,1
2014621400833,2,19,0,14,0,8,0,0,0,0,4,1,6,1,44,7,2370,2,20,-1,1
2014621400834,1,9,0,18,0,1,0,0,0,0,3,1,6,1,19,4,1390,1,12,-1,1
2014621400834,2,1,0,18,0,1,0,0,0,0,1,1,6,2,8,2,-1,-1,-1,-1,1
2014621400835,1,9,0,9,0,6,0,0,0,0,3,1,6,1,41,7,1596,1,8,-1,3
2014621400836,1,9,0,18,0,1,0,0,0,0,1,1,6,1,56,9,3498,1,1,-1,1
2014621400836,2,9,0,4,0,1,0,0,0,0,2,1,1,2,43,7,1560,2,-1,-1,1
2014621400837,1,9,0,18,0,1,0,0,0,0,3,1,6,1,45,7,1840,1,14,-1,1
2014621400837,2,9,0,18,0,1,0,0,0,0,1,1,6,1,62,9,2231,2,2,-1,3
2014621400838,1,9,0,18,0,8,0,0,0,0,1,1,6,2,63,9,1229,1,6,-1,1
2014621400838,2,9,0,7,0,8,0,0,0,0,3,1,6,2,39,7,998,1,1,-1,1
2014621400839,1,11,0,4,0,0,0,0,0,0,0,1,3,1,56,9,83,2,17,-1,3
2014621400840,1,9,0,12,0,0,1,0,4,6,1,1,6,1,32,6,-1,-1,-1,-1,1
2014621400840,2,9,0,3,0,0,0,0,0,0,2,1,6,2,34,6,1149,1,11,-1,1
2014621400840,3,9,0,3,0,0,0,0,0,0,2,1,6,2,44,7,1995,2,4,-1,1
2014621400841,1,9,0,18,0,0,0,0,0,0,1,1,6,1,17,4,1242,1,8,-1,1
2014621400841,2,9,0,2,0,0,0,0,0,0,2,1,6,3,-1,-1,1598,1,14,-1,-1
2014621400841,3,10,0,2,0,0,0,0,0,0,2,1,6,3,-1,-1,-1,-1,-1,-1,-1
2014621400842,1,9,0,6,0,8,0,0,0,0,3,1,2,2,48,8,996,1,1,-1,1
2014621400842,2,1,0,9,0,8,0,0,0,0,4,1,2,1,45,7,-1,-1,-1,-1,1
2014621400843,1,9,0,18,0,0,0,0,1,2,1,1,6,1,25,5,1995,2,1,-1,1
2014621400843,2,9,0,18,0,0,0,0,0,0,4,1,6,1,22,5,1896,2,6,-1,1
2014621400843,3,9,0,18,0,0,0,0,1,0,1,1,6,2,21,5,1229,1,9,-1,1
2014621400843,4,9,0,18,0,0,0,0,0,0,3,1,6,1,32,6,1422,2,8,3,1
2014621400845,1,2,0,17,0,0,0,0,1,0,4,1,6,1,17,4,49,1,3,-1,1
2014621400846,1,9,0,5,0,4,0,0,0,0,1,1,6,2,37,7,1560,2,-1,-1,1
2014621400846,2,9,0,5,0,4,0,0,0,0,2,1,1,2,37,7,-1,-1,-1,-1,2
2014621400847,1,9,0,18,0,0,1,0,4,6,1,1,1,2,35,6,1796,1,9,-1,3
2014621400848,1,9,0,9,0,1,0,0,0,0,4,1,6,2,51,8,2143,2,1,-1,1
2014621400848,2,9,0,18,0,1,0,0,0,0,1,1,6,2,66,10,1388,1,6,-1,1
2014621400849,1,9,0,18,0,0,1,0,4,6,1,1,2,1,21,5,1149,1,3,-1,2
2014621400850,1,9,0,17,0,0,5,4,0,0,1,1,6,1,54,8,1149,1,11,-1,1
2014621400850,2,9,0,2,0,0,0,0,0,0,2,1,6,3,-1,-1,1397,1,5,-1,-1
2014621400850,3,3,0,18,0,0,0,0,0,0,1,1,6,1,18,4,125,1,1,-1,1
2014621400851,1,9,0,18,0,1,0,0,0,0,4,1,6,2,34,6,1686,2,-1,-1,1
2014621400852,1,9,0,18,0,1,0,0,0,0,1,1,6,2,62,9,1992,2,8,-1,1
2014621400852,2,9,0,3,0,1,0,0,0,0,2,1,6,1,42,7,1086,1,9,-1,1
2014621400853,1,9,0,9,0,5,0,0,0,0,4,1,6,2,23,5,1299,1,9,-1,1
2014621400853,2,9,0,18,0,8,0,0,0,0,1,1,6,2,42,7,1397,1,5,-1,1
2014621400854,1,9,0,5,0,1,0,0,0,0,1,1,6,1,32,6,1598,1,12,-1,2
2014621400854,2,9,0,18,0,1,0,0,0,0,4,1,6,2,53,8,1242,1,6,-1,1
2014621400855,1,1,0,4,5,1,0,0,0,0,1,1,6,1,13,3,-1,-1,-1,-1,1
2014621400855,2,9,0,18,0,1,0,0,0,0,3,1,2,1,51,8,2204,2,7,-1,2
2014621400856,1,3,0,18,0,0,0,0,0,0,1,1,6,1,21,5,125,1,2,-1,1
2014621400856,2,9,0,4,0,0,0,0,0,0,2,1,6,2,26,6,1360,1,6,-1,1
2014621400857,1,9,0,1,0,8,0,0,0,0,2,1,1,1,50,8,1870,2,6,-1,3
2014621400858,1,9,0,18,0,1,0,0,0,0,1,1,6,3,-1,-1,-1,-1,-1,-1,-1
2014621400859,1,9,4,18,0,0,5,0,0,0,0,1,1,1,20,4,-1,-1,-1,7,3
2014621400860,1,11,1,15,0,0,0,0,0,0,4,1,1,1,35,6,9000,2,8,-1,1
2014621400860,2,1,0,18,0,0,0,0,0,0,3,1,6,1,48,8,-1,-1,-1,-1,1
2014621400861,1,9,0,18,0,1,0,7,4,10,3,1,6,2,76,11,1398,2,1,-1,1
2014621400862,1,9,0,18,0,0,1,0,0,0,1,1,1,2,21,5,1399,2,6,-1,1
2014621400863,1,9,0,1,0,0,0,0,0,0,2,1,6,2,40,7,1799,1,5,3,1
2014621400864,1,9,0,14,0,0,0,8,0,0,1,1,2,1,50,8,1612,1,3,-1,1
2014621400864,2,9,0,2,0,0,0,0,0,0,4,1,3,3,-1,-1,1686,2,1,-1,-1
2014621400865,1,9,0,18,0,0,0,0,0,0,1,1,3,1,36,7,1388,1,7,-1,1
2014621400865,2,9,0,4,0,0,0,0,0,0,2,1,3,2,35,6,1242,1,3,-1,1
2014621400866,1,4,0,4,0,1,0,0,0,0,1,1,6,1,26,6,498,1,13,-1,1
2014621400866,2,9,0,4,0,1,0,0,0,0,2,1,6,2,22,5,1595,1,4,-1,1
2014621400866,3,9,0,18,0,1,0,0,0,0,0,1,6,1,50,8,1988,2,9,-1,1
2014621400867,1,9,0,16,0,0,0,0,0,0,1,1,6,2,18,4,1299,1,11,-1,3
2014621400868,1,1,0,18,0,1,0,0,0,0,3,1,6,2,29,6,-1,-1,-1,-1,1
2014621400868,2,9,0,2,0,1,0,0,0,0,3,1,6,3,-1,-1,1560,2,5,-1,-1
2014621400869,1,9,0,18,0,1,2,7,0,0,3,1,6,2,25,5,1149,1,6,-1,1
2014621400870,1,9,0,9,0,6,0,0,0,0,1,1,6,1,27,6,1596,1,14,-1,2
2014621400870,2,19,0,18,0,8,0,0,0,0,1,1,1,1,35,6,1560,2,3,-1,2
2014621400871,1,9,0,13,0,0,1,0,0,0,1,1,6,1,21,5,1560,2,5,-1,1
2014621400871,2,9,5,18,0,0,1,0,0,0,3,1,6,1,37,7,2198,1,11,-1,2
2014621400871,3,9,5,18,0,0,0,0,0,0,4,1,6,1,41,7,1998,2,11,-1,1
2014621400871,4,9,0,13,0,0,0,0,0,0,0,1,6,1,38,7,1360,1,13,-1,1
2014621400872,1,9,0,18,0,0,0,0,0,0,1,1,6,2,43,7,1390,1,11,-1,1
2014621400872,2,9,0,18,0,0,0,0,0,0,1,1,6,2,24,5,1124,1,12,-1,1
2014621400873,1,9,0,9,0,8,0,0,0,0,4,1,6,2,30,6,1560,2,9,-1,3
2014621400873,2,4,0,18,0,8,1,0,0,0,1,1,6,1,26,6,124,1,10,-1,1
2014621400874,1,9,0,18,0,3,0,0,1,7,4,1,6,1,20,4,1391,1,19,-1,1
2014621400874,2,9,0,18,0,8,0,0,0,0,3,1,6,2,23,5,998,1,3,-1,1
2014621400875,1,9,0,9,0,1,0,0,0,0,3,1,6,2,52,8,1328,1,6,-1,1
2014621400875,2,9,0,18,0,8,1,0,0,0,1,1,6,1,27,6,954,1,15,-1,1
2014621400876,1,9,0,18,0,0,2,0,7,2,1,1,6,1,46,8,2143,2,1,-1,3
2014621400877,1,9,0,9,0,8,0,0,0,0,1,1,1,2,29,6,1995,2,7,-1,1
2014621400877,2,2,0,18,0,8,0,0,0,0,4,1,6,2,17,4,49,1,3,-1,1
2014621400878,1,9,0,7,0,3,0,0,0,0,1,1,1,2,33,6,1197,1,1,-1,1
2014621400878,2,19,0,18,0,8,0,0,0,0,3,1,1,1,33,6,2143,2,2,-1,1
2014621400879,1,9,0,18,0,0,0,0,0,0,1,1,6,1,30,6,1997,1,11,-1,1
2014621400879,2,9,0,2,0,0,0,0,0,0,2,1,6,3,-1,-1,1399,2,3,-1,-1
2014621400880,1,9,0,18,0,0,0,0,0,0,1,1,6,1,70,10,998,1,14,10,1
2014621400880,2,9,0,18,0,0,0,0,0,0,2,1,6,2,57,9,1598,1,5,-1,1
2014621400881,1,9,0,9,0,6,0,0,0,0,3,1,6,1,64,9,1343,1,9,-1,2
2014621400881,2,21,0,18,0,1,0,0,0,0,1,1,1,2,30,6,2496,2,17,-1,1
2014621400882,1,90,0,9,0,2,0,0,0,0,3,1,6,1,26,6,-1,-1,-1,-1,1
2014621400882,2,9,0,18,0,1,0,0,0,0,3,1,6,1,23,5,1282,1,14,-1,2
2014621400883,1,3,0,14,0,0,0,0,0,0,1,1,6,1,27,6,124,1,9,-1,1
2014621400884,1,9,0,9,0,8,0,0,0,0,1,1,6,2,40,7,1587,1,14,-1,1
2014621400884,2,2,0,18,0,8,0,0,0,0,1,1,6,1,46,8,50,1,8,-1,1
2014621400885,1,8,0,9,0,6,0,0,0,0,3,1,1,1,38,7,1968,2,4,2,1
2014621400885,2,9,0,18,0,1,0,0,0,0,1,1,6,2,72,10,1598,1,8,-1,2
2014621400886,1,19,0,9,0,1,0,0,0,0,1,1,6,1,45,7,2198,2,1,-1,1
2014621400886,2,1,0,18,0,1,0,0,0,0,1,1,6,1,30,6,-1,-1,-1,10,1
2014621400887,1,3,0,16,0,0,0,0,0,0,1,1,6,1,30,6,124,1,1,-1,2
2014621400888,1,9,0,3,0,0,0,0,0,0,1,1,6,2,51,8,1587,1,7,-1,1
2014621400888,2,21,0,1,0,0,0,0,0,0,2,1,1,2,38,7,-1,-1,-1,-1,1
2014621400889,1,9,0,18,0,8,0,0,0,0,1,1,6,1,49,8,2393,1,16,-1,1
2014621400889,2,9,0,18,0,8,0,0,0,0,2,1,6,2,24,5,998,1,4,-1,3
2014621400890,1,9,0,17,0,1,0,0,1,2,1,1,6,1,24,5,1596,1,9,-1,1
2014621400891,1,1,0,4,0,8,0,0,0,0,1,1,6,2,11,3,-1,-1,-1,-1,1
2014621400891,2,9,0,16,0,3,0,0,0,0,3,1,6,2,42,7,998,1,15,-1,1
2014621400892,1,9,0,18,0,0,0,0,0,0,4,1,6,1,21,5,1461,2,11,-1,3
2014621400893,1,9,0,12,0,0,0,0,0,0,3,1,2,1,25,5,-1,-1,-1,-1,1
2014621400893,2,9,0,18,0,0,0,0,0,0,4,1,1,1,46,8,2993,2,1,-1,2
2014621400894,1,9,0,18,0,1,0,0,0,0,1,1,6,2,44,7,1995,2,4,-1,1
2014621400894,2,9,0,10,0,1,0,0,0,0,2,1,6,2,40,7,1200,1,2,-1,1
2014621400895,1,9,0,9,0,1,0,0,2,10,1,1,6,2,64,9,1686,2,3,-1,2
2014621400895,2,9,0,2,0,1,0,0,0,0,2,1,6,3,-1,-1,1598,1,15,-1,-1
2014621400895,3,9,0,2,0,1,0,0,0,0,2,1,6,3,-1,-1,1596,1,8,-1,-1
2014621400895,4,9,0,2,0,1,0,0,0,0,2,1,6,3,-1,-1,1598,1,12,-1,-1
2014621400895,5,9,0,2,0,1,0,0,0,0,2,1,6,3,-1,-1,1598,1,11,-1,-1
2014621400895,6,9,0,2,0,1,0,0,0,0,2,1,6,3,-1,-1,1124,1,10,-1,-1
2014621400895,7,9,0,2,0,1,0,0,0,0,2,1,6,3,-1,-1,1149,1,11,-1,-1
2014621400895,8,9,0,2,0,1,0,0,0,0,2,1,6,3,-1,-1,3189,1,11,-1,-1
2014621400896,1,9,4,18,0,0,0,0,0,0,1,1,6,1,27,6,1896,2,11,-1,1
2014621400896,2,9,0,18,0,0,0,0,0,0,2,1,6,2,52,8,1242,1,8,-1,3
2014621400896,3,20,0,4,0,0,0,0,0,0,2,1,1,1,57,9,-1,-1,-1,-1,2
2014621400897,1,9,0,9,0,8,0,0,0,0,0,1,6,1,47,8,1560,2,2,-1,1
2014621400897,2,3,0,18,0,8,1,0,0,0,0,1,6,1,25,5,124,1,6,-1,1
2014621400898,1,9,0,18,0,1,0,0,0,0,1,1,6,1,20,4,1229,1,8,-1,1
2014621400898,2,9,0,3,0,1,0,0,0,0,2,1,6,1,48,8,1870,2,3,-1,1
2014621400899,1,9,0,7,0,6,0,0,0,0,1,1,2,1,45,7,1598,2,1,-1,1
2014621400900,1,5,0,18,0,0,1,11,0,0,3,1,6,1,27,6,998,1,8,-1,3
2014621400900,2,9,0,2,0,0,0,0,0,0,3,1,6,1,42,7,1896,2,7,-1,1
2014621400900,3,9,0,2,0,0,0,0,0,0,2,1,6,3,-1,-1,1798,1,6,-1,-1
2014621400900,4,9,0,2,0,0,0,0,0,0,2,1,6,3,-1,-1,1343,1,9,-1,-1
2014621400901,1,9,0,18,0,0,0,0,0,0,1,1,6,2,25,5,1596,1,8,-1,2
2014621400901,2,9,0,18,0,0,0,0,0,0,2,1,6,2,42,7,875,1,2,-1,1
2014621400902,1,90,0,5,0,6,0,0,0,0,1,1,1,1,47,8,-1,-1,-1,-1,1
2014621400902,2,9,0,17,0,1,0,0,0,0,4,1,6,2,21,5,1149,1,13,-1,2
2014621400903,1,9,0,4,0,0,0,0,0,0,1,1,2,2,30,6,1997,2,13,-1,1
2014621400903,2,9,0,4,0,0,0,0,0,0,2,1,2,2,46,8,2179,2,-1,-1,1
2014621400904,1,9,0,7,0,5,0,0,0,0,4,1,2,1,48,8,1985,1,14,-1,1
2014621400905,1,9,0,3,0,0,0,0,0,0,1,1,2,1,17,4,1390,1,9,-1,2
2014621400905,2,9,0,3,0,0,0,0,0,0,2,1,2,2,35,6,1197,1,3,-1,3
2014621400905,3,19,0,3,0,0,0,0,0,0,2,1,1,1,40,7,-1,-1,-1,-1,1
2014621400906,1,19,0,9,0,3,0,0,0,0,4,1,1,1,35,6,1968,2,2,-1,2
2014621400906,2,1,0,18,0,1,1,0,0,0,1,1,6,1,40,7,-1,-1,-1,-1,1
2014621400907,1,9,0,18,0,0,0,0,0,0,1,1,6,1,26,6,2402,2,3,-1,1
2014621400907,2,9,0,3,0,0,0,0,0,0,2,1,6,1,37,7,-1,-1,-1,-1,1
2014621400907,3,9,0,3,0,0,0,0,0,0,2,1,6,2,57,9,1991,2,9,-1,1
2014621400908,1,9,0,18,0,1,0,0,0,0,1,1,6,1,83,11,1150,1,10,-1,2
2014621400908,2,9,0,10,0,1,0,0,0,0,2,1,6,2,67,10,1598,1,3,-1,2
2014621400909,1,9,0,9,0,8,0,0,0,0,3,1,6,2,41,7,1753,2,6,-1,1
2014621400909,2,1,0,14,0,8,0,0,0,0,4,1,6,1,56,9,-1,-1,-1,-1,2
2014621400910,1,9,0,18,0,0,0,0,1,7,4,1,6,1,26,6,1461,2,-1,-1,2
2014621400911,1,9,0,18,0,7,0,0,0,0,1,1,6,1,57,9,1968,2,3,-1,1
2014621400911,2,9,0,18,0,8,0,0,0,0,2,1,6,1,22,5,1995,1,7,-1,1
2014621400912,1,19,0,16,0,0,0,0,0,0,1,1,6,1,50,8,2400,2,12,-1,1
2014621400912,2,9,0,16,0,0,0,0,0,0,3,1,1,1,45,7,1997,2,2,-1,1
2014621400913,1,9,0,18,0,0,0,4,0,0,1,1,6,2,19,4,1199,1,13,-1,1
2014621400913,2,9,0,2,0,0,0,4,0,0,3,1,6,3,-1,-1,1242,1,5,-1,-1
2014621400913,3,9,0,2,0,0,0,0,0,0,1,1,6,3,-1,-1,1599,1,9,-1,-1
2014621400914,1,9,0,6,0,0,0,0,0,0,1,1,1,2,18,4,1124,1,11,-1,1
2014621400915,1,9,0,2,0,0,0,0,0,0,2,1,6,1,44,7,1910,2,9,-1,2
2014621400915,2,9,0,16,0,0,1,0,4,6,2,1,6,2,34,6,1299,1,11,-1,1
2014621400915,3,9,0,16,0,0,2,4,0,0,1,1,6,1,73,10,1328,1,10,-1,3
2014621400916,1,5,0,9,0,8,1,0,0,0,4,1,6,1,54,8,998,1,10,-1,1
2014621400917,1,9,0,18,0,0,5,0,0,0,1,1,6,1,23,5,1400,1,14,-1,1
2014621400917,2,9,0,2,0,0,0,0,0,0,1,1,6,3,-1,-1,1461,2,9,-1,-1
2014621400917,3,9,0,2,0,0,0,0,0,0,4,1,6,3,-1,-1,1360,1,4,-1,-1
2014621400918,1,9,0,18,0,0,0,0,0,0,1,1,6,3,-1,-1,-1,-1,-1,-1,-1
2014621400918,2,9,0,18,0,0,0,0,0,0,1,1,6,1,54,8,1400,1,8,-1,2
2014621400919,1,9,0,4,0,0,0,0,0,0,1,1,6,3,-1,-1,-1,-1,-1,-1,-1
2014621400919,2,9,0,4,0,0,0,0,0,0,2,1,2,2,20,4,1560,2,1,-1,1
2014621400920,1,9,0,9,0,8,0,0,0,0,4,1,6,2,26,6,1299,1,12,-1,1
2014621400920,2,5,0,18,0,8,0,0,0,0,1,1,6,1,71,10,599,1,17,-1,2
2014621400921,1,3,0,18,0,0,1,0,0,0,1,1,1,2,44,7,124,1,11,-1,1
2014621400922,1,9,0,18,0,0,1,0,0,0,1,1,6,1,17,4,1390,1,8,-1,1
2014621400922,2,9,0,18,0,0,0,0,0,0,1,1,6,2,52,8,1598,2,1,-1,2
2014621400923,1,9,0,9,0,1,0,0,0,0,0,1,6,3,-1,-1,-1,-1,-1,-1,-1
2014621400923,2,9,0,18,0,1,0,0,0,0,1,1,6,1,24,5,1198,1,5,-1,1
2014621400923,3,9,0,9,0,1,0,0,0,0,3,1,6,1,26,6,1360,1,5,-1,1
2014621400924,1,9,0,5,0,1,0,0,0,0,2,1,1,1,18,4,973,1,12,-1,1
2014621400924,2,9,0,3,0,1,0,0,0,0,1,1,6,2,52,8,1242,1,2,-1,1
2014621400925,1,5,0,14,0,8,1,0,0,0,1,1,6,1,50,8,1170,1,5,-1,1
2014621400925,2,9,0,9,0,6,0,0,0,0,1,1,6,2,47,8,1598,1,8,-1,1
2014621400926,1,9,0,9,0,8,0,0,0,0,1,1,6,3,-1,-1,-1,-1,-1,-1,-1
2014621400926,2,9,0,18,0,8,0,0,0,0,4,1,6,1,48,8,1368,1,8,-1,1
2014621400927,1,9,0,9,0,6,0,0,0,0,1,1,6,1,71,10,1596,1,5,-1,1
2014621400927,2,9,0,17,0,8,0,0,7,0,1,1,6,2,32,6,2198,2,9,-1,1
2014621400928,1,9,0,6,0,0,0,0,0,0,3,1,6,1,48,8,1905,2,20,-1,1
2014621400928,2,9,0,18,0,0,1,0,0,0,4,1,6,2,66,10,2698,2,4,-1,2
2014621400929,1,20,0,18,0,0,0,0,1,10,1,1,1,1,38,7,-1,-1,-1,-1,1
2014621400930,1,17,4,5,0,1,0,0,0,0,4,1,6,1,20,4,6788,2,8,-1,3
2014621400930,2,5,0,18,0,1,0,0,0,0,1,1,6,1,32,6,675,1,1,-1,3
2014621400931,1,9,0,18,0,1,0,0,0,0,1,1,6,3,-1,-1,-1,-1,-1,-1,-1
2014621400932,1,9,0,4,0,0,0,0,0,0,3,1,3,1,32,6,1339,1,5,-1,1
2014621400933,1,9,0,18,0,1,0,0,0,0,1,1,6,2,21,5,996,1,1,-1,1
2014621400934,1,9,0,18,0,8,0,0,0,0,1,1,6,1,36,7,1968,2,1,6,1
2014621400934,2,9,0,3,0,8,0,0,0,0,2,1,6,2,33,6,998,1,11,-1,1
2014621400934,3,9,0,3,0,8,0,0,0,0,2,1,6,2,45,7,1587,1,9,-1,1
2014621400935,1,9,0,18,0,1,1,0,0,0,1,1,6,2,28,6,1598,1,13,-1,1
2014621400935,2,19,0,4,0,1,0,0,0,0,2,1,1,1,40,7,1598,2,3,-1,1
2014621400936,1,9,0,18,0,0,0,0,0,0,1,1,2,2,29,6,993,1,13,-1,1
2014621400936,2,9,0,18,0,0,0,0,0,0,1,1,2,2,31,6,1769,1,10,-1,1
2014621400937,1,9,0,17,0,0,0,0,0,0,3,1,6,1,68,10,1686,2,19,-1,1
2014621400937,2,1,0,16,0,0,0,0,0,0,1,1,6,1,14,3,-1,-1,-1,-1,1
2014621400938,1,9,0,18,0,0,0,0,7,11,1,1,6,3,-1,-1,1589,1,15,-1,-1
2014621400939,1,9,0,18,0,0,0,0,0,0,1,2,6,1,26,6,1349,1,6,-1,1
2014621400939,2,8,0,18,0,0,0,0,0,0,4,1,1,1,50,8,1997,2,3,-1,1
2014621400939,3,9,0,18,0,0,0,0,0,0,1,1,1,1,21,5,1248,1,4,-1,1
2014621400940,1,9,0,18,0,5,0,0,3,4,1,1,6,2,39,7,1840,1,11,-1,1
2014621400941,1,9,0,18,0,8,0,0,0,0,1,1,6,1,24,5,1598,1,2,-1,1
2014621400941,2,9,0,10,0,8,0,0,0,0,2,1,1,2,44,7,1988,2,10,-1,1
2014621400942,1,9,0,18,0,1,1,0,0,0,1,1,6,1,20,4,1124,1,14,-1,1
2014621400942,2,9,0,10,0,1,0,0,0,0,2,1,1,2,37,7,1598,1,10,-1,1
2014621400943,1,9,0,18,0,0,0,0,0,0,4,1,6,1,55,8,1796,1,12,-1,2
2014621400944,1,9,0,18,0,0,0,0,0,0,1,1,6,2,59,9,2199,2,2,-1,1
2014621400944,2,9,0,18,0,0,0,0,0,0,2,1,6,2,27,6,1598,1,10,-1,1
2014621400944,3,9,0,18,0,0,0,0,0,0,2,1,6,1,67,10,1798,1,-1,-1,3
2014621400945,1,9,0,17,0,0,2,0,1,0,4,1,6,2,19,4,1299,1,8,-1,1
2014621400946,1,9,0,9,0,4,0,0,0,0,3,1,6,1,66,10,999,1,-1,-1,1
2014621400946,2,9,0,18,0,4,0,0,0,0,1,1,6,1,57,9,2231,2,8,-1,1
2014621400947,1,9,0,18,0,0,0,0,0,0,3,1,6,1,72,10,1968,2,-1,6,3
2014621400948,1,9,0,3,0,8,0,0,0,0,1,2,2,2,54,8,1399,2,6,-1,1
2014621400948,2,3,0,3,0,8,0,0,0,0,2,1,6,1,28,6,98,1,28,-1,1
2014621400949,1,9,0,18,0,2,0,0,0,0,1,1,6,3,-1,-1,-1,-1,-1,-1,-1
2014621400950,1,9,0,12,0,2,0,0,5,6,3,1,6,2,18,4,998,1,7,-1,1
2014621400951,1,3,0,18,0,0,0,0,4,1,1,1,6,1,17,4,125,1,3,-1,1
2014621400952,1,9,0,18,0,0,5,10,1,11,1,1,6,1,22,5,1998,1,7,-1,1
2014621400953,1,9,0,14,0,1,0,0,0,0,1,1,6,1,24,5,1999,1,10,-1,1
2014621400953,2,9,0,18,0,2,0,10,0,0,1,1,6,1,23,5,2171,1,9,-1,1
2014621400954,1,9,0,18,0,0,0,0,0,0,1,1,6,2,45,7,2179,2,7,-1,1
2014621400954,2,9,0,18,0,0,0,0,0,0,1,1,6,2,50,8,1242,1,8,-1,1
2014621400954,3,9,0,4,0,0,0,0,0,0,2,1,2,1,30,6,3000,1,13,-1,1
2014621400954,4,9,0,4,0,0,0,0,0,0,2,1,6,2,26,6,1598,1,7,-1,1
2014621400955,1,19,0,16,0,1,5,0,7,3,1,1,6,1,20,4,2477,2,11,-1,1
2014621400956,1,9,0,11,0,8,0,0,1,0,4,1,2,2,45,7,1242,1,12,-1,1
2014621400956,2,9,0,18,0,8,0,0,1,0,3,1,6,2,48,8,1596,1,8,-1,3
2014621400957,1,1,0,18,0,1,1,0,0,0,1,1,6,1,47,8,-1,-1,-1,-1,3
2014621400957,2,9,0,7,0,6,0,0,0,0,3,1,6,2,49,8,1998,2,9,-1,3
2014621400958,1,9,0,18,0,1,1,0,0,0,4,1,6,1,23,5,1199,1,13,-1,2
2014621400958,2,9,0,18,0,1,1,0,0,0,1,1,6,1,43,7,1781,1,15,-1,1
2014621400958,3,9,0,2,0,1,0,0,0,0,4,1,6,3,-1,-1,995,1,5,-1,-1
2014621400958,4,9,0,2,0,1,0,0,0,0,4,1,6,3,-1,-1,1360,1,5,-1,-1
2014621400958,5,9,0,2,0,1,0,0,0,0,2,1,6,3,-1,-1,1398,2,12,-1,-1
2014621400959,1,9,0,16,0,8,1,0,1,0,1,1,1,2,21,5,1149,1,8,-1,1
2014621400959,2,9,0,17,0,8,0,0,1,0,1,1,2,1,47,8,1998,2,10,-1,2
2014621400960,1,9,0,13,0,0,0,0,0,0,3,1,6,2,29,6,1242,1,2,-1,1
2014621400960,2,9,0,13,0,0,1,0,0,0,1,1,6,2,59,9,1598,1,2,-1,1