Accident_Index,Vehicle_Reference,Vehicle_Type,Towing_and_Articulation,Vehicle_Manoeuvre,Vehicle_Location-Restricted_Lane,Junction_Location,Skidding_and_Overturning,Hit_Object_in_Carriageway,Vehicle_Leaving_Carriageway,Hit_Object_off_Carriageway,1st_Point_of_Impact,Was_Vehicle_Left_Hand_Drive?,Journey_Purpose_of_Driver,Sex_of_Driver,Age_of_Driver,Age_Band_of_Driver,Engine_Capacity_(CC),Propulsion_Code,Age_of_Vehicle,Driver_IMD_Decile,Driver_Home_Area_Type
2014621400960,3,9,0,18,0,0,0,0,0,0,1,1,6,1,51,8,1596,1,13,-1,1
2014621400961,1,8,0,16,0,5,1,10,2,2,1,1,1,1,66,10,1686,2,2,-1,2
2014621400962,1,9,0,18,0,1,0,0,0,0,1,1,6,1,21,5,1199,1,13,-1,1
2014621400962,2,9,0,9,0,1,0,0,0,0,1,1,6,2,20,4,1598,1,3,-1,3
2014621400963,1,1,0,18,0,6,0,0,0,0,3,1,6,1,28,6,-1,-1,-1,-1,1
2014621400963,2,9,0,18,0,1,0,0,0,0,1,1,6,1,27,6,1686,2,3,-1,1
2014621400964,1,9,0,7,0,3,0,0,0,1,1,1,6,1,18,4,1364,1,5,-1,2
2014621400965,1,9,0,18,0,0,2,0,1,7,4,1,6,1,18,4,998,1,1,-1,1
2014621400966,1,20,0,18,0,0,5,0,1,0,4,1,6,1,18,4,-1,-1,-1,-1,3
2014621400967,1,9,0,18,0,1,0,0,0,0,1,1,6,1,26,6,3498,1,8,-1,2
2014621400967,2,9,0,10,0,1,1,0,0,0,2,1,6,1,33,6,1997,2,12,-1,1
2014621400968,1,2,0,4,0,1,1,0,0,0,0,1,1,1,27,6,125,1,2,-1,1
2014621400969,1,9,0,18,0,0,2,0,1,4,1,1,6,2,27,6,1753,2,11,-1,1
2014621400970,1,9,0,9,0,1,0,0,0,0,1,1,6,2,52,8,1995,2,1,-1,1
2014621400970,2,9,0,18,0,1,0,0,0,0,1,1,6,2,44,7,998,1,1,-1,1
2014621400971,1,19,0,18,0,1,0,0,0,0,2,1,6,3,-1,-1,1753,2,1,-1,-1
2014621400971,2,9,0,18,0,2,0,0,0,0,3,2,2,1,72,10,-1,-1,-1,-1,3
2014621400972,1,21,0,18,0,4,0,0,0,0,1,1,1,1,35,6,8867,2,6,-1,1
2014621400972,2,9,0,4,0,4,0,0,0,0,2,1,6,1,77,11,1997,2,5,-1,1
2014621400973,1,9,0,18,6,6,0,0,0,0,3,1,6,2,32,6,1783,1,10,-1,1
2014621400973,2,9,0,18,0,1,0,0,0,0,4,1,6,1,29,6,1242,1,7,-1,1
2014621400974,1,9,0,17,0,8,0,7,1,0,1,1,6,1,24,5,1598,1,10,-1,1
2014621400975,1,9,0,9,0,8,0,0,0,0,4,1,6,2,20,4,998,1,7,-1,1
2014621400975,2,9,0,18,0,8,0,0,0,0,1,1,6,2,20,4,1598,1,9,-1,1
2014621400976,1,9,0,18,0,0,2,0,0,0,1,1,2,2,18,4,-1,-1,-1,-1,1
2014621400977,1,20,0,1,0,0,0,4,0,0,2,1,1,2,38,7,-1,-1,-1,-1,1
2014621400977,2,9,0,2,0,0,0,0,0,0,1,1,6,3,-1,-1,1560,2,10,-1,-1
2014621400978,1,9,0,18,0,8,0,0,0,0,3,1,6,2,70,10,995,1,6,-1,1
2014621400978,2,1,0,9,0,8,0,0,0,0,3,1,2,1,36,7,-1,-1,-1,-1,1
2014621400979,1,9,0,4,0,1,0,0,0,0,1,1,1,1,21,5,1997,1,12,-1,1
2014621400979,2,9,0,3,0,1,0,0,0,0,2,1,1,1,48,8,1086,1,5,-1,1
2014621400980,1,9,0,5,0,8,0,0,0,0,1,1,6,1,78,11,1598,2,-1,-1,1
2014621400980,2,9,0,9,0,8,0,0,0,0,1,2,6,1,21,5,-1,-1,-1,-1,1
2014621400981,1,3,0,4,0,0,0,0,0,0,3,1,2,1,23,5,125,1,27,-1,1
2014621400982,1,9,0,9,0,8,0,0,0,0,1,1,6,2,22,5,1905,2,16,-1,1
2014621400982,2,9,0,18,0,8,0,0,0,0,1,1,6,2,27,6,1461,2,8,-1,1
2014621400983,1,9,0,18,0,0,0,0,0,0,1,1,6,2,29,6,1783,1,12,-1,1
2014621400983,2,9,0,4,0,0,0,0,0,0,2,1,6,2,39,7,1124,1,4,-1,1
2014621400983,3,9,0,4,0,0,0,0,0,0,2,1,6,1,35,6,1461,2,1,-1,1
2014621400983,4,9,0,4,0,0,0,0,0,0,2,1,6,2,53,8,1242,1,10,-1,1
2014621400985,1,9,0,18,0,0,0,0,0,0,1,1,6,1,27,6,1560,2,9,-1,1
2014621400986,1,9,0,4,0,1,0,0,0,0,1,1,6,1,57,9,1597,1,17,-1,1
2014621400986,2,9,0,4,0,1,0,0,0,0,2,1,6,2,64,9,1242,1,11,-1,1
2014621400987,1,9,0,18,0,0,0,0,0,0,1,1,1,2,47,8,1388,1,12,-1,1
2014621400987,2,9,0,4,0,0,0,0,0,0,2,1,6,2,36,7,1595,1,4,-1,1
2014621400988,1,9,0,12,0,0,0,0,0,0,0,1,6,3,-1,-1,-1,-1,-1,-1,-1
2014621400988,2,9,0,12,0,0,0,0,0,0,3,1,6,1,36,7,1999,1,6,-1,1
2014621400988,3,9,0,18,0,0,2,0,2,4,4,1,6,2,25,5,1242,1,4,-1,1
2014621400989,1,9,0,9,0,8,0,0,0,0,4,1,6,2,41,7,1364,1,7,-1,3
2014621400989,2,9,0,17,0,1,1,0,0,0,1,1,6,1,61,9,1389,1,19,-1,1
2014621400990,1,9,0,18,0,0,0,0,0,0,1,1,6,2,55,8,1248,1,1,-1,2
2014621400990,2,9,0,4,0,0,0,0,0,0,2,1,6,1,31,6,1997,2,1,-1,1
2014621400990,3,9,0,18,0,0,0,0,0,0,2,1,6,2,28,6,1968,2,6,6,3
2014621400991,1,9,0,13,0,0,0,0,1,3,3,1,6,1,22,5,1587,1,13,-1,1
2014621400992,1,9,0,16,0,8,0,0,0,0,1,1,6,1,48,8,1199,1,13,-1,1
2014621400992,2,21,0,2,0,8,0,0,0,0,2,1,1,3,-1,-1,8970,2,17,-1,-1
2014621400993,1,9,0,5,0,0,0,0,0,0,1,1,2,1,56,9,1984,1,12,-1,1
2014621400993,2,8,0,16,0,0,0,0,0,0,1,1,1,1,56,9,1896,2,11,-1,1
2014621400994,1,1,0,18,0,8,0,11,0,0,0,1,6,2,50,8,-1,-1,-1,-1,1
2014621400995,1,9,0,18,0,1,0,0,0,0,1,1,2,1,29,6,2000,2,5,-1,1
2014621400996,1,9,0,18,0,1,0,0,0,0,3,1,6,2,69,10,1399,2,11,-1,1
2014621400996,2,19,0,18,0,1,0,0,0,0,1,1,2,1,35,6,1560,2,7,-1,1
2014621400997,1,9,0,18,0,1,0,0,0,0,1,1,6,3,-1,-1,-1,-1,-1,-1,-1
2014621400997,2,8,0,3,0,1,0,0,0,0,2,1,1,1,33,6,1560,2,6,-1,1
2014621400998,1,9,0,15,0,0,0,0,0,0,1,1,6,2,50,8,1800,1,15,-1,1
2014621400998,2,1,0,18,0,0,0,0,0,0,1,1,6,1,5,1,-1,-1,-1,-1,1
2014621400999,1,9,0,7,0,3,0,0,0,0,4,1,6,3,-1,-1,-1,-1,-1,-1,-1
2014621400999,2,1,0,18,0,8,0,0,0,0,3,1,6,1,38,7,-1,-1,-1,-1,2
2014621401000,1,9,0,18,0,8,0,0,0,0,1,1,6,1,29,6,1596,1,12,-1,2
2014621401000,2,9,0,5,0,8,0,0,0,0,3,1,6,2,22,5,1560,2,7,-1,1
2014621401001,1,9,0,9,0,8,0,0,0,0,3,1,6,1,75,10,1995,1,11,-1,1
2014621401001,2,1,0,18,0,8,0,0,0,0,1,1,6,1,22,5,-1,-1,-1,-1,3
2014621401001,3,1,0,18,0,8,0,0,0,0,1,1,6,1,20,4,-1,-1,-1,-1,1
2014621401002,1,9,0,18,0,0,0,0,0,0,4,1,6,2,42,7,1753,2,5,-1,1
2014621401003,1,9,0,4,0,0,0,0,0,0,1,1,6,1,55,8,1968,2,7,-1,1
2014621401003,2,19,0,3,0,0,0,0,0,0,2,1,6,1,45,7,1998,2,12,-1,1
2014621401003,3,9,0,3,0,0,0,0,0,0,2,1,6,2,25,5,1956,2,4,-1,2
2014621401004,1,9,0,18,0,0,5,0,7,0,1,1,6,1,59,9,1997,2,14,-1,2
2014621401005,1,9,0,18,0,6,0,0,0,0,4,1,6,2,18,4,998,1,5,-1,1
2014621401005,2,9,0,18,0,8,0,0,0,0,2,1,6,2,27,6,1299,1,9,-1,1
2014621401006,1,9,0,9,0,8,0,0,0,0,4,1,6,2,17,4,1299,1,9,-1,1
2014621401006,2,9,0,18,0,8,0,0,0,0,1,1,2,2,22,5,1390,1,5,-1,1
2014621401007,1,9,0,5,0,0,0,0,0,0,1,1,6,1,56,9,1560,2,9,-1,1
2014621401007,2,9,0,18,0,0,0,0,0,0,1,1,6,2,42,7,1896,2,13,-1,1
2014621401008,1,9,0,18,0,0,0,0,0,0,1,1,6,2,30,6,1229,1,5,-1,1
2014621401009,1,9,0,4,9,8,0,0,1,2,1,1,6,1,80,11,1596,1,1,-1,1
2014621401010,1,9,0,4,0,0,1,0,0,0,1,1,6,1,18,4,-1,-1,-1,-1,1
2014621401010,2,9,0,4,0,0,0,0,0,0,2,1,6,2,64,9,1198,1,1,-1,1
2014621401011,1,9,0,18,0,8,1,0,0,0,1,1,6,2,20,4,1796,1,10,6,3
2014621401011,2,9,0,4,0,8,0,0,0,0,2,1,6,1,21,5,1596,1,16,-1,1
2014621401011,3,9,0,3,0,8,0,0,0,0,2,1,6,1,49,8,1995,2,1,9,3
2014621401011,4,9,0,3,0,8,0,0,0,0,2,1,6,1,28,6,1587,1,10,-1,1
2014621401013,1,5,0,18,0,1,0,0,7,0,0,1,6,1,53,8,748,1,24,-1,1
2014621401014,1,9,0,17,0,0,5,0,1,4,1,1,6,1,31,6,1798,1,10,-1,1
2014621401015,1,1,0,18,9,1,0,0,0,0,1,1,6,2,14,3,-1,-1,-1,-1,1
2014621401015,2,9,0,7,0,1,0,0,0,0,4,1,6,1,46,8,2720,2,8,-1,1
2014621401016,1,9,0,18,0,1,0,0,0,0,3,1,6,2,44,7,1598,1,7,-1,1
2014621401016,2,9,0,18,0,1,0,0,0,0,3,1,6,2,41,7,1596,1,9,-1,1
2014621401017,1,1,0,15,0,1,0,0,0,0,1,1,2,1,42,7,-1,-1,-1,-1,1
2014621401017,2,9,0,9,0,1,0,0,0,0,4,1,6,2,41,7,1560,2,9,-1,1
2014621401018,1,9,0,18,0,0,1,0,0,0,1,1,6,1,41,7,1339,1,11,-1,1
2014621401018,2,9,0,4,0,0,0,0,0,0,2,1,6,2,57,9,1390,1,9,-1,1
2014621401019,1,9,0,5,0,2,0,0,0,0,1,1,2,1,73,10,2597,1,11,-1,1
2014621401019,2,9,0,5,0,2,0,0,0,0,1,1,2,1,24,5,-1,-1,-1,-1,3
2014621401020,1,9,0,9,0,8,0,0,0,0,1,1,1,2,20,4,998,1,3,-1,1
2014621401020,2,9,0,18,0,1,0,0,0,0,1,1,6,1,38,7,1900,2,15,-1,2
2014621401021,1,9,0,18,0,0,1,0,1,0,1,1,6,1,42,7,1299,1,12,-1,2
2014621401021,2,9,0,18,0,0,0,0,0,0,2,1,6,2,58,9,1596,1,9,-1,1
2014621401022,1,9,0,18,0,0,0,0,0,0,1,1,6,1,22,5,1490,1,6,-1,1
2014621401022,2,9,0,4,0,0,0,0,0,0,2,1,6,1,42,7,998,1,4,-1,1
2014621401022,3,9,0,4,0,0,0,0,0,0,2,1,6,1,29,6,1560,2,3,-1,1
2014621401023,1,9,0,18,0,1,0,0,0,0,1,1,3,2,27,6,1388,1,12,-1,1
2014621401024,1,5,0,5,0,4,0,0,0,0,3,1,6,1,54,8,865,1,3,-1,2
2014621401025,1,11,0,18,0,1,1,0,0,0,1,1,1,1,42,7,11970,2,13,-1,2
2014621401025,2,9,0,10,0,1,0,0,0,0,2,1,3,2,24,5,1896,2,9,-1,1
2014621401026,1,9,0,18,0,0,1,0,0,0,1,1,2,2,34,6,1560,2,2,-1,1
2014621401026,2,9,0,3,0,0,0,0,0,0,2,1,2,2,45,7,1600,2,4,-1,1
2014621401026,3,9,0,3,0,0,0,0,0,0,2,1,2,1,35,6,1229,1,4,-1,3
2014621401027,1,9,0,18,0,0,0,4,0,0,1,1,1,1,45,7,1299,1,13,-1,2
2014621401027,2,20,0,2,0,0,0,0,0,0,2,1,6,3,-1,-1,-1,-1,-1,-1,-1
2014621401028,1,9,0,1,0,0,0,0,1,0,4,1,1,2,66,10,1596,1,10,-1,1
2014621401029,1,9,0,9,0,5,0,0,0,0,3,1,6,2,27,6,1796,1,12,-1,1
2014621401029,2,1,0,18,0,8,0,0,0,0,1,1,6,2,25,5,-1,-1,-1,-1,1
2014621401030,1,9,0,9,0,1,0,0,0,0,1,1,1,2,33,6,995,1,6,-1,1
2014621401030,2,9,0,18,0,1,0,0,0,0,1,1,1,2,30,6,1461,2,2,-1,1
2014621401031,1,9,0,9,0,8,0,0,0,0,1,1,6,1,23,5,1796,1,5,-1,1
2014621401032,1,9,0,18,0,8,0,0,0,1,1,1,1,1,33,6,-1,-1,-1,-1,3
2014621401032,2,9,0,9,0,8,0,0,0,0,1,1,6,2,62,9,1329,1,2,-1,2
2014621401033,1,11,0,5,0,4,0,0,0,0,0,1,1,1,47,8,5900,2,9,-1,1
2014621401033,2,9,0,7,0,8,0,0,0,0,0,1,2,2,21,5,1199,2,4,-1,1
2014621401034,1,9,0,9,0,6,0,0,0,0,1,1,6,2,48,8,1597,1,10,-1,1
2014621401034,2,9,0,18,0,1,0,0,0,0,4,1,6,1,48,8,-1,-1,-1,-1,1
2014621401035,1,9,0,9,0,6,0,0,0,0,3,1,6,1,62,9,-1,-1,-1,-1,1
2014621401035,2,1,0,18,0,8,0,0,0,0,1,1,6,1,24,5,-1,-1,-1,-1,2
2014621401036,1,19,0,16,0,0,0,0,0,0,0,1,1,1,28,6,2402,2,13,-1,1
2014621401036,2,9,0,17,0,0,0,11,0,0,0,1,6,1,51,8,1995,2,14,-1,1
2014621401037,1,9,0,18,0,0,0,0,0,0,1,1,6,1,43,7,1968,2,6,-1,1
2014621401038,1,9,0,18,0,0,0,0,0,0,4,1,6,2,29,6,1124,1,13,-1,1
2014621401038,2,1,0,18,0,0,0,0,0,0,3,1,6,1,16,4,-1,-1,-1,-1,1
2014621401039,1,9,0,18,0,8,0,0,0,0,1,1,6,1,68,10,1598,1,6,-1,1
2014621401040,1,5,0,13,0,0,0,0,7,0,1,1,6,1,41,7,999,1,5,-1,1
2014621401040,2,9,0,9,0,0,0,0,0,0,3,1,6,1,36,7,1956,2,2,10,3
2014621401041,1,9,0,18,0,0,0,0,0,0,1,1,3,1,35,6,1997,2,10,-1,1
2014621401041,2,1,0,18,0,0,0,0,0,0,1,1,6,2,10,2,-1,-1,-1,-1,2
2014621401041,3,1,0,18,0,0,0,0,0,0,1,1,6,2,11,3,-1,-1,-1,-1,2
2014621401042,1,9,0,9,0,8,0,0,0,0,3,1,6,1,52,8,1560,2,1,-1,-1
2014621401042,2,5,0,18,0,8,0,0,0,0,4,1,6,1,68,10,1299,1,8,-1,2
2014621401043,1,3,0,13,0,0,0,0,0,0,4,1,6,1,36,7,-1,-1,-1,-1,1
2014621401043,2,3,0,14,0,0,0,0,0,0,3,1,6,1,47,8,-1,-1,-1,-1,1
2014621401044,1,9,0,18,0,0,0,10,1,7,1,1,6,1,80,11,1198,1,2,-1,1
2014621401045,1,20,0,18,0,0,1,0,0,0,1,1,1,1,36,7,4250,2,6,4,1
2014621401045,2,9,0,18,0,0,1,0,0,0,2,1,6,1,75,10,1686,2,1,-1,2
2014621401046,1,1,0,18,0,1,0,0,0,0,4,1,6,1,7,2,-1,-1,-1,-1,1
2014621401046,2,9,0,18,0,1,0,0,0,0,1,1,6,2,33,6,1242,1,10,-1,1
2014621401047,1,9,0,18,0,0,2,0,2,2,3,1,6,1,22,5,1596,1,11,-1,1
2014621401048,1,9,0,5,0,1,0,0,0,0,1,1,6,2,65,9,1390,2,9,-1,1
2014621401048,2,9,0,3,0,1,0,0,0,0,2,1,6,1,27,6,1796,1,9,-1,1
2014621401049,1,9,0,9,0,6,0,0,0,0,1,1,6,2,78,11,1995,2,11,-1,2
2014621401049,2,5,0,18,0,8,0,0,7,9,1,1,6,1,55,8,1198,1,3,-1,1
2014621401050,1,1,0,9,0,8,0,0,0,0,1,1,6,1,14,3,-1,-1,-1,-1,1
2014621401050,2,1,0,18,0,8,0,0,0,0,3,1,6,1,14,3,-1,-1,-1,-1,1
2014621401050,3,9,0,3,0,8,0,0,0,0,2,1,6,1,42,7,1596,1,2,-1,1
2014621401051,1,19,0,5,0,4,0,0,0,0,3,1,1,1,50,8,2198,2,3,-1,1
2014621401051,2,9,0,7,0,3,0,0,0,0,4,1,6,2,19,4,1242,1,7,-1,1
2014621401052,1,9,0,18,0,4,0,0,0,0,1,1,2,1,50,8,1598,1,2,-1,2
2014621401052,2,1,0,18,0,3,0,0,0,0,3,1,6,1,55,8,-1,-1,-1,-1,1
2014621401053,1,4,0,18,0,1,0,0,0,0,1,1,6,1,26,6,-1,-1,-1,-1,1
2014621401053,2,9,0,10,0,1,0,0,0,0,2,1,6,2,45,7,2902,2,8,-1,-1
2014621401054,1,9,0,18,0,0,0,0,1,7,1,1,6,1,33,6,1360,1,7,-1,2
2014621401055,1,3,0,18,0,0,1,0,0,0,1,1,2,1,20,4,124,1,3,-1,1
2014621401055,2,9,0,5,0,0,0,0,0,0,3,1,6,2,52,8,1242,1,8,-1,1
2014621401055,3,9,0,2,0,0,0,0,0,0,4,1,6,3,-1,-1,1997,2,13,-1,-1
2014621401056,1,20,0,18,0,8,1,0,7,11,1,1,1,1,41,7,-1,-1,-1,-1,1
2014621401057,1,9,0,5,0,6,0,0,0,0,1,1,1,1,53,8,1991,2,5,-1,1
2014621401057,2,9,0,18,0,8,0,0,0,0,1,1,6,1,47,8,1360,1,8,-1,1
2014621401058,1,9,0,18,0,1,0,0,0,0,1,1,6,2,48,8,1299,1,8,-1,1
2014621401058,2,9,0,10,0,1,0,0,0,0,2,1,6,2,63,9,1360,1,12,-1,3
2014621401058,3,9,0,18,0,1,0,0,1,1,1,1,6,2,28,6,1242,1,3,-1,1
2014621401059,1,19,0,18,0,1,0,0,0,0,1,1,1,1,60,9,2402,2,5,1,1
2014621401059,2,9,0,3,0,1,0,0,0,0,2,1,6,1,17,4,1560,2,1,-1,1
2014621401059,3,9,0,3,0,1,0,0,0,0,2,1,6,1,57,9,1339,1,8,-1,1
2014621401060,1,9,0,18,0,8,0,0,0,0,1,1,2,1,29,6,1149,1,12,-1,1
2014621401061,1,1,0,18,0,4,0,0,0,0,1,1,6,1,22,5,-1,-1,-1,-1,1
2014621401061,2,9,0,9,0,3,0,0,0,0,2,1,6,2,42,7,1596,1,12,-1,1
2014621401062,1,9,0,9,0,6,0,0,0,0,3,1,6,1,39,7,1349,1,3,-1,1
2014621401062,2,9,0,18,0,1,0,0,0,0,1,1,6,1,27,6,1560,2,-1,-1,1
2014621401062,3,9,0,2,9,1,0,0,0,0,0,1,6,3,-1,-1,1596,1,13,-1,-1
2014621401063,1,9,0,9,0,1,0,0,0,0,1,1,2,2,48,8,2378,1,10,-1,1
2014621401063,2,9,0,9,0,1,0,0,0,0,3,1,2,2,27,6,1895,1,14,-1,1
2014621401064,1,9,0,18,0,3,0,0,0,0,1,1,6,1,29,6,998,1,-1,-1,1
2014621401064,2,1,0,18,0,3,0,0,0,0,4,1,6,1,20,4,-1,-1,-1,-1,1
2014621401065,1,19,0,18,0,0,1,0,0,0,1,1,1,1,30,6,1968,2,1,-1,1
2014621401065,2,5,0,3,0,0,0,0,0,0,2,1,6,1,43,7,1052,1,18,-1,1
2014621401066,1,9,0,6,0,1,0,0,0,10,1,1,6,2,34,6,1783,1,12,-1,1
2014621401067,1,21,1,12,0,0,0,0,0,0,3,1,1,1,52,8,-1,-1,-1,-1,-1
2014621401067,2,9,0,18,0,0,0,0,1,0,4,1,6,1,39,7,1360,1,7,5,1
2014621401068,1,19,0,18,0,0,0,0,0,0,1,1,6,1,38,7,2461,2,6,4,1
2014621401068,2,9,0,3,0,0,0,0,0,0,2,1,6,1,46,8,-1,-1,-1,4,1
2014621401069,1,19,0,5,0,1,0,0,0,0,1,1,1,1,22,5,2402,2,5,-1,1
2014621401069,2,9,0,3,0,1,0,0,0,0,2,1,2,1,28,6,1870,2,12,-1,2
2014621401070,1,3,0,16,0,1,1,0,0,0,1,1,6,1,45,7,125,1,-1,-1,1
2014621401070,2,9,0,18,0,1,0,0,0,0,1,1,6,2,43,7,1975,1,7,-1,1
2014621401071,1,9,0,18,0,0,0,0,0,0,4,1,6,1,69,10,1399,2,3,-1,3
2014621401072,1,9,0,9,0,8,0,0,0,0,4,1,6,2,26,6,1229,1,5,-1,2
2014621401072,2,9,0,18,0,8,0,0,0,0,1,1,6,2,24,5,1388,1,10,-1,2
2014621401073,1,4,0,18,0,0,0,0,0,0,1,1,6,1,32,6,499,1,8,-1,1
2014621401073,2,9,0,9,0,0,0,0,0,0,4,1,6,1,40,7,1396,1,-1,-1,1
2014621401073,3,9,0,18,0,0,0,0,0,0,1,1,6,2,47,8,1598,1,12,-1,1
2014621401074,1,9,0,18,0,5,0,0,0,0,1,1,1,2,24,5,1198,1,3,-1,1
2014621401074,2,9,0,4,0,5,0,0,0,0,2,1,6,1,26,6,1198,1,-1,-1,3
2014621401075,1,9,0,18,0,0,1,0,0,0,1,1,6,1,25,5,1868,2,13,-1,1
2014621401076,1,9,0,18,0,0,1,0,0,0,1,1,6,2,17,4,1242,1,13,-1,1
2014621401076,2,19,0,3,0,0,0,0,0,0,2,1,1,1,30,6,1995,2,4,-1,1
2014621401077,1,9,0,2,6,0,0,0,0,0,3,1,6,3,-1,-1,-1,-1,-1,-1,-1
2014621401078,1,1,0,18,0,0,0,0,0,0,0,1,6,1,52,8,-1,-1,-1,-1,1
2014621401079,1,9,0,17,0,0,0,0,1,4,1,1,6,1,24,5,998,1,9,-1,2
2014621401080,1,9,0,18,0,1,0,0,0,0,1,1,6,1,23,5,1596,1,2,-1,2
2014621401080,2,9,0,5,0,1,0,0,0,0,2,1,6,2,57,9,1396,2,1,-1,1
2014621401081,1,9,0,4,0,2,0,0,0,0,1,1,6,2,34,6,1896,2,13,-1,1
2014621401081,2,9,0,3,0,2,0,0,0,0,2,1,6,2,54,8,1389,1,16,-1,1
2014621401082,1,9,0,18,0,0,0,0,1,0,1,1,6,1,17,4,1242,1,8,-1,1
2014621401083,1,9,0,9,0,8,0,0,0,0,1,1,6,2,29,6,1399,2,3,-1,2
2014621401083,2,9,0,18,0,8,0,0,0,0,1,1,6,1,72,10,1299,1,12,-1,1
2014621401085,1,9,0,7,0,0,0,0,0,0,2,1,3,2,55,8,1796,1,10,-1,1
2014621401085,2,9,0,18,0,0,0,0,0,0,1,1,6,1,31,6,-1,-1,-1,-1,1
2014621401086,1,9,0,18,0,1,0,0,0,0,4,1,6,2,44,7,1242,1,1,-1,2
2014621401088,1,9,0,9,0,6,0,0,0,0,1,1,6,2,26,6,1596,1,5,-1,2
2014621401088,2,4,0,18,0,8,0,0,0,0,4,1,6,1,43,7,125,1,1,-1,1
2014621401089,1,9,0,18,0,1,0,0,0,0,1,1,6,1,38,7,-1,-1,-1,-1,1
2014621401089,2,9,0,4,0,1,0,0,0,0,2,1,6,2,25,5,1360,1,13,-1,1
2014621401089,3,9,0,10,0,1,0,0,0,0,2,1,1,2,51,8,2521,1,4,-1,3
2014621401090,1,9,0,18,0,1,1,0,0,0,1,1,6,1,25,5,1149,1,11,-1,1
2014621401090,2,9,0,4,0,1,0,0,0,0,2,1,6,2,50,8,1997,2,1,-1,1
2014621401091,1,9,0,18,0,8,2,0,2,2,4,1,6,1,25,5,1796,1,8,-1,1
2014621401092,1,9,0,18,0,0,0,0,0,0,1,1,6,1,27,6,1998,2,8,-1,1
2014621401092,2,19,0,4,0,0,0,0,0,0,2,1,6,1,42,7,1997,2,6,-1,1
2014621401092,3,9,0,10,0,0,0,0,0,1,2,1,6,1,43,7,1390,1,4,-1,1
2014621401093,1,9,0,5,0,8,0,0,0,0,1,2,2,1,56,9,-1,-1,-1,-1,-1
2014621401093,2,9,0,18,0,8,5,0,4,11,4,1,2,1,54,8,1598,1,16,-1,1
2014621401094,1,9,0,9,0,1,1,0,0,0,3,1,1,1,22,5,1560,2,-1,-1,1
2014621401094,2,9,0,18,0,1,1,0,0,0,1,1,6,2,52,8,1596,1,13,-1,1
2014621401095,1,9,0,15,0,0,0,0,0,0,3,1,6,1,18,4,1149,1,6,-1,1
2014621401095,2,9,0,4,0,0,0,0,0,0,4,1,6,1,18,4,1596,1,5,-1,1
2014621401096,1,1,0,18,9,1,0,0,0,0,1,1,4,1,12,3,-1,-1,-1,-1,1
2014621401096,2,20,0,5,0,1,0,0,0,0,3,1,1,1,54,8,-1,-1,-1,8,1
2014621401097,1,9,0,4,0,2,0,0,0,0,3,1,6,1,66,10,1349,1,12,-1,1
2014621401098,1,9,0,13,0,0,1,0,7,0,4,1,6,1,35,6,1994,2,14,-1,1
2014621401098,2,9,0,18,0,0,0,0,0,0,4,1,6,1,22,5,1560,2,4,-1,1
2014621401098,3,9,0,18,0,0,0,0,0,0,3,1,6,2,29,6,-1,-1,-1,-1,1
2014621401099,1,8,0,18,0,1,0,0,0,0,4,1,2,1,66,10,-1,-1,-1,-1,1
2014621401100,1,9,0,18,0,0,0,0,1,2,1,1,6,1,17,4,999,1,11,-1,1
2014621401101,1,1,0,18,0,0,0,0,0,0,3,1,6,1,28,6,-1,-1,-1,-1,1
2014621401102,1,9,0,6,0,0,0,0,0,0,3,1,6,2,31,6,1390,2,13,-1,3
2014621401102,2,9,0,18,0,0,0,0,0,0,4,1,6,1,39,7,-1,-1,-1,-1,2
2014621401103,1,1,0,18,0,0,0,0,0,0,3,1,6,1,6,2,-1,-1,-1,-1,1
2014621401103,2,9,0,1,0,0,0,0,0,0,2,1,6,1,29,6,1299,1,12,-1,1
2014621401104,1,9,0,9,0,1,1,0,0,0,1,1,6,2,19,4,1242,1,1,-1,1
2014621401105,1,19,0,18,0,1,0,0,0,0,1,1,2,1,32,6,1753,2,2,-1,1
2014621401105,2,9,0,4,0,1,0,0,0,0,2,1,2,2,45,7,1598,1,10,-1,1
2014621401106,1,9,0,18,0,0,0,0,0,0,4,1,6,2,41,7,1242,1,7,-1,3
2014621401107,1,9,0,13,0,0,0,0,1,4,1,1,6,1,20,4,1995,2,6,-1,2
2014621401108,1,9,0,17,0,1,0,0,1,11,1,1,1,1,38,7,-1,-1,-1,-1,1
2014621401109,1,9,0,18,0,2,5,7,0,0,1,1,6,2,46,8,1339,1,10,6,1
2014621401110,1,9,0,18,0,1,0,0,0,0,1,1,6,2,33,6,1598,1,1,-1,1
2014621401110,2,9,0,10,0,5,0,0,0,0,2,1,6,1,45,7,1895,1,15,-1,1
2014621401111,1,9,0,18,0,0,0,0,0,0,1,1,6,1,18,4,1598,1,15,-1,2
2014621401111,2,9,0,3,0,0,0,0,0,0,2,1,6,2,48,8,1560,2,2,-1,1
2014621401111,3,9,0,3,0,0,0,0,0,0,2,1,6,2,25,5,1598,1,16,-1,2
2014621401112,1,9,0,17,0,2,0,4,0,0,4,1,6,1,21,5,1686,2,5,-1,1