Accident_Index,Vehicle_Reference,Vehicle_Type,Towing_and_Articulation,Vehicle_Manoeuvre,Vehicle_Location-Restricted_Lane,Junction_Location,Skidding_and_Overturning,Hit_Object_in_Carriageway,Vehicle_Leaving_Carriageway,Hit_Object_off_Carriageway,1st_Point_of_Impact,Was_Vehicle_Left_Hand_Drive?,Journey_Purpose_of_Driver,Sex_of_Driver,Age_of_Driver,Age_Band_of_Driver,Engine_Capacity_(CC),Propulsion_Code,Age_of_Vehicle,Driver_IMD_Decile,Driver_Home_Area_Type
2014621401112,2,9,0,2,0,1,0,10,0,0,2,1,6,3,-1,-1,1686,2,3,-1,-1
2014621401113,1,2,0,9,0,5,0,0,0,0,1,1,6,1,17,4,49,1,26,-1,1
2014621401113,2,1,0,18,0,8,0,0,0,0,1,1,6,1,43,7,-1,-1,-1,7,1
2014621401114,1,9,0,5,0,2,0,0,0,0,3,1,6,1,54,8,1798,1,2,-1,1
2014621401114,2,9,0,13,0,2,0,0,0,0,4,1,1,1,42,7,1582,2,7,-1,1
2014621401114,3,9,0,2,0,1,0,0,0,0,2,1,6,1,48,8,1896,2,12,-1,1
2014621401114,4,19,0,2,0,1,0,0,0,0,1,1,6,1,34,6,2198,2,1,-1,1
2014621401115,1,1,0,18,0,6,0,0,0,0,1,1,6,1,12,3,-1,-1,-1,-1,1
2014621401115,2,9,0,18,0,1,0,0,0,0,3,1,6,1,25,5,1997,1,12,-1,1
2014621401116,1,9,4,18,0,0,3,0,7,0,3,1,6,1,19,4,2902,2,10,7,1
2014621401116,2,9,0,18,0,0,0,0,0,0,3,1,6,2,53,8,1598,2,-1,-1,1
2014621401117,1,9,0,18,0,0,0,0,0,0,1,1,6,1,55,8,2993,2,1,-1,1
2014621401117,2,19,0,18,0,0,0,0,0,0,2,1,2,1,64,9,1995,2,3,-1,1
2014621401117,3,9,0,18,0,0,0,0,0,0,2,1,2,2,38,7,1753,2,14,-1,1
2014621401118,1,9,0,5,0,0,0,0,0,0,3,1,6,1,17,4,1299,1,12,-1,2
2014621401118,2,9,0,18,0,0,0,0,0,0,4,1,6,1,59,9,1360,1,3,-1,1
2014621401118,3,9,0,2,0,0,0,0,0,0,2,1,6,3,-1,-1,1598,1,13,-1,-1
2014621401119,1,9,0,18,0,0,0,0,0,0,1,1,6,2,23,5,1242,1,8,-1,1
2014621401119,2,9,0,18,0,0,0,0,0,6,2,1,6,2,67,10,1242,1,1,-1,1
2014621401119,3,9,0,18,0,0,0,0,0,0,2,1,6,2,23,5,1596,1,10,-1,1
2014621401119,4,9,0,18,0,0,0,0,0,0,1,1,6,2,26,6,1198,1,7,-1,1
2014621401119,5,9,0,18,0,0,0,0,0,0,1,1,6,1,22,5,1149,1,6,-1,1
2014621401120,1,9,0,18,0,0,5,0,2,7,1,1,6,1,66,10,1388,1,5,-1,1
2014621401121,1,9,0,5,0,4,0,0,0,0,1,1,6,1,33,6,1968,2,6,-1,1
2014621401121,2,9,0,5,0,4,0,0,0,0,2,1,6,1,43,7,2143,2,3,-1,2
2014621401122,1,9,0,9,0,1,0,0,0,0,1,1,2,1,72,10,2685,2,10,-1,1
2014621401122,2,1,0,18,0,1,0,0,0,0,1,1,2,1,56,9,-1,-1,-1,-1,1
2014621401123,1,9,0,17,0,0,0,0,0,0,0,1,6,3,-1,-1,-1,-1,-1,-1,-1
2014621401123,2,9,0,16,0,0,0,0,1,1,1,1,6,2,19,4,1598,1,10,-1,3
2014621401124,1,9,0,2,0,0,0,0,0,0,3,1,6,1,50,8,1598,1,13,-1,1
2014621401124,2,1,0,17,0,0,0,0,0,0,1,1,6,1,59,9,-1,-1,-1,-1,1
2014621401125,1,9,0,7,0,6,0,0,0,0,3,1,6,1,21,5,1388,1,4,-1,1
2014621401125,2,9,0,18,0,8,0,0,0,0,4,1,2,1,38,7,1598,1,8,-1,1
2014621401126,1,9,0,13,0,0,5,0,0,0,1,1,6,1,28,6,1229,1,8,-1,2
2014621401126,2,21,0,18,0,0,0,0,0,0,3,1,1,1,52,8,12000,2,10,6,1
2014621401127,1,9,0,16,0,0,1,0,8,11,1,1,6,2,18,4,1149,1,12,-1,1
2014621401128,1,8,0,5,2,8,0,0,0,0,1,1,1,1,20,4,1896,2,5,-1,1
2014621401128,2,9,0,3,0,2,0,0,0,0,4,1,6,2,47,8,1398,1,4,-1,1
2014621401129,1,9,0,5,0,1,0,0,0,0,1,1,2,2,40,7,1198,1,-1,-1,1
2014621401129,2,9,0,9,0,1,0,0,0,0,4,1,2,2,49,8,1796,1,8,-1,1
2014621401130,1,9,0,18,0,0,0,0,0,0,1,1,1,1,36,7,-1,-1,-1,-1,1
2014621401130,2,9,0,4,0,0,0,0,0,0,2,1,6,2,22,5,1229,1,6,-1,2
2014621401131,1,9,0,9,0,1,0,0,0,0,4,1,6,1,24,5,1896,2,11,-1,1
2014621401131,2,9,0,18,0,1,0,0,0,0,1,1,6,2,40,7,1997,2,11,-1,1
2014621401132,1,9,0,18,0,0,0,0,2,7,1,1,6,2,23,5,1242,1,6,-1,1
2014621401132,2,9,0,18,0,0,0,0,0,0,1,1,6,1,40,7,1989,1,15,-1,1
2014621401133,1,9,0,18,0,4,0,0,0,0,1,1,6,3,-1,-1,-1,-1,-1,-1,-1
2014621401133,2,9,0,3,0,1,0,0,0,0,3,1,2,2,37,7,2000,1,9,-1,1
2014621401133,3,9,0,3,0,1,0,0,0,0,4,1,6,1,32,6,1975,1,8,-1,1
2014621401134,1,1,0,12,0,1,0,0,0,0,3,1,6,1,19,4,-1,-1,-1,-1,1
2014621401134,2,9,0,18,0,1,1,0,0,0,4,1,6,1,20,4,1199,1,10,-1,1
2014621401135,1,9,0,18,0,1,1,0,0,0,1,1,6,1,27,6,1149,1,8,-1,1
2014621401135,2,9,0,18,0,1,0,0,0,0,1,1,6,1,51,8,1598,1,12,-1,1
2014621401136,1,19,0,18,0,0,0,0,0,1,1,1,1,1,39,7,-1,-1,-1,-1,1
2014621401136,2,9,0,3,0,0,0,0,0,0,2,1,6,1,55,8,1587,1,15,-1,1
2014621401136,3,9,0,3,0,0,0,0,0,0,2,1,6,1,65,9,1798,1,9,7,3
2014621401136,4,9,0,3,0,0,0,0,0,0,2,1,6,1,27,6,1199,1,15,-1,1
2014621401136,5,9,0,3,0,0,0,0,0,0,2,1,6,1,54,8,1461,2,8,-1,1
2014621401137,1,9,0,5,0,6,0,0,0,0,2,1,6,3,-1,-1,1242,1,2,-1,-1
2014621401138,1,19,0,17,0,2,0,0,0,0,4,1,1,1,38,7,1896,2,4,-1,1
2014621401139,1,9,0,18,0,0,0,0,0,0,4,1,6,2,20,4,1149,1,4,-1,1
2014621401139,2,9,0,2,0,0,0,0,0,0,2,1,6,3,-1,-1,1781,1,13,-1,-1
2014621401140,1,9,0,18,0,1,0,0,0,0,1,1,6,1,29,6,1124,1,10,1,1
2014621401140,2,9,0,18,0,1,0,0,0,0,2,1,6,2,54,8,1360,1,12,-1,1
2014621401140,3,9,0,18,0,1,0,0,0,0,2,1,6,1,34,6,2777,2,6,-1,1
2014621401141,1,9,0,16,0,1,1,0,0,0,1,1,6,1,21,5,1360,1,13,-1,1
2014621401141,2,9,0,4,0,1,0,0,0,0,1,1,6,2,37,7,1560,2,6,-1,2
2014621401142,1,4,0,18,0,0,0,0,0,0,1,1,6,1,19,4,124,1,14,-1,3
2014621401143,1,9,0,4,0,0,0,0,0,0,4,1,6,2,53,8,1242,1,11,-1,3
2014621401144,1,19,0,18,0,0,5,0,2,4,1,1,6,1,19,4,1995,2,7,-1,1
2014621401144,2,9,0,18,0,0,1,0,1,4,1,1,6,2,28,6,1497,1,9,1,1
2014621401145,1,9,0,5,0,3,0,0,0,0,3,1,6,1,44,7,1995,2,5,-1,2
2014621401145,2,9,0,5,0,3,0,0,0,0,4,1,6,2,23,5,1242,1,5,-1,2
2014621401146,1,1,0,18,0,0,0,10,0,0,1,1,6,1,30,6,-1,-1,-1,-1,1
2014621401147,1,9,0,18,0,0,0,0,0,0,1,1,6,1,60,9,1560,2,2,-1,1
2014621401147,2,3,0,16,0,0,1,0,0,0,1,1,6,1,25,5,124,1,3,-1,1
2014621401148,1,3,0,17,0,3,1,0,0,0,0,1,1,1,41,7,124,1,12,-1,1
2014621401149,1,2,0,18,0,0,0,4,0,0,1,1,6,1,16,4,49,1,-1,-1,1
2014621401149,2,9,0,2,0,0,0,0,0,0,2,1,6,3,-1,-1,1968,2,1,-1,-1
2014621401150,1,9,0,18,0,1,0,0,0,0,1,1,6,1,22,5,1197,1,1,-1,1
2014621401150,2,9,0,3,0,1,0,0,0,0,2,1,6,1,58,9,1360,1,13,-1,1
2014621401151,1,9,0,18,0,1,0,0,0,0,1,1,6,2,18,4,1124,1,8,-1,2
2014621401151,2,9,0,4,0,1,0,0,0,0,2,1,6,1,26,6,1686,2,10,-1,1
2014621401152,1,9,0,18,0,0,0,0,0,0,3,1,6,2,44,7,1686,2,-1,-1,1
2014621401153,1,8,0,18,0,4,0,0,0,0,1,1,6,1,42,7,-1,-1,-1,10,1
2014621401153,2,9,0,18,0,4,0,0,0,0,2,1,6,1,57,9,1895,1,15,-1,3
2014621401154,1,97,0,18,0,1,0,0,0,0,0,1,6,3,-1,-1,-1,-1,-1,-1,-1
2014621401155,1,9,0,18,0,4,0,0,0,0,0,1,6,3,-1,-1,-1,-1,-1,-1,-1
2014621401155,2,1,0,7,0,4,0,0,0,0,0,1,6,1,42,7,-1,-1,-1,-1,1
2014621401156,1,9,0,9,0,1,0,4,0,0,1,1,6,2,83,11,1799,1,3,-1,1
2014621401156,2,9,0,2,0,2,0,0,0,0,1,1,6,3,-1,-1,2435,1,14,-1,-1
2014621401157,1,8,0,18,0,0,0,0,0,0,1,1,1,1,39,7,1598,2,2,-1,1
2014621401158,1,9,0,5,0,4,0,0,0,0,1,1,6,2,57,9,1995,2,-1,-1,1
2014621401158,2,9,0,5,0,4,0,0,0,0,2,1,6,2,72,10,1461,2,1,-1,1
2014621401159,1,9,0,12,0,0,1,0,0,0,3,1,6,2,73,10,1242,1,5,-1,3
2014621401159,2,20,0,18,0,0,0,0,0,0,1,1,1,1,51,8,3920,2,9,-1,1
2014621401160,1,9,0,9,0,8,0,0,0,0,3,1,6,1,32,6,1124,1,12,-1,2
2014621401160,2,9,0,18,0,8,0,0,0,0,1,1,6,1,23,5,1560,2,8,-1,2
2014621401161,1,9,0,18,0,2,0,0,0,0,1,1,1,1,44,7,1973,1,16,-1,1
2014621401162,1,1,0,9,0,6,0,0,0,0,3,1,6,1,7,2,-1,-1,-1,-1,1
2014621401162,2,9,0,18,0,1,0,0,0,0,0,1,6,2,52,8,1242,1,1,-1,1
2014621401163,1,9,0,18,0,8,0,0,0,0,4,1,6,1,31,6,1796,1,9,-1,1
2014621401163,2,5,0,5,0,8,0,0,0,0,1,1,6,2,21,5,599,1,3,-1,2
2014621401163,3,90,0,3,0,1,0,0,0,0,3,1,1,2,33,6,2464,2,7,-1,1
2014621401164,1,9,0,4,0,0,0,0,0,0,1,1,6,2,30,6,1461,2,11,-1,1
2014621401164,2,9,0,3,0,0,0,0,0,0,2,1,6,1,28,6,998,1,5,-1,1
2014621401164,3,9,0,3,0,0,0,0,0,0,2,1,6,2,49,8,1296,1,6,-1,1
2014621401165,1,9,0,9,0,1,0,0,0,0,1,1,6,2,22,5,1600,2,4,-1,1
2014621401165,2,9,0,18,0,1,0,0,0,0,4,1,6,2,44,7,1598,1,8,-1,1
2014621401166,1,1,0,18,0,6,0,0,0,0,4,1,1,1,56,9,-1,-1,-1,-1,1
2014621401166,2,9,0,7,0,5,0,0,0,0,1,1,1,2,59,9,1299,1,12,-1,1
2014621401167,1,1,0,9,0,5,0,0,0,0,1,1,1,1,33,6,-1,-1,-1,-1,1
2014621401167,2,19,0,4,0,1,0,0,0,0,4,1,1,1,41,7,1248,2,-1,-1,1
2014621401168,1,11,0,18,2,8,0,0,0,0,1,1,1,2,40,7,4461,2,-1,-1,1
2014621401169,1,9,0,18,0,1,0,0,0,0,1,1,6,1,25,5,1679,1,13,-1,1
2014621401169,2,9,0,18,0,1,0,0,0,0,1,1,6,1,47,8,1388,1,5,-1,1
2014621401169,3,9,0,2,0,1,0,0,0,0,3,1,6,3,-1,-1,1995,1,14,-1,-1
2014621401169,4,9,0,2,0,1,0,0,0,0,3,1,6,3,-1,-1,1997,2,8,-1,-1
2014621401170,1,19,0,18,0,1,0,0,0,0,1,1,6,1,31,6,2198,2,7,-1,2
2014621401170,2,9,0,10,0,2,0,0,0,0,2,1,6,1,37,7,2231,2,2,-1,1
2014621401171,1,9,0,5,0,6,0,0,0,0,0,1,6,2,72,10,1998,2,5,-1,1
2014621401171,2,3,0,18,0,8,0,0,0,0,1,1,2,1,21,5,124,1,-1,-1,1
2014621401171,3,9,0,18,0,8,0,0,0,0,2,1,2,1,21,5,1242,1,1,-1,1
2014621401172,1,19,0,18,0,0,5,0,0,0,1,1,6,1,61,9,1868,2,10,-1,1
2014621401172,2,9,0,18,0,0,0,0,0,0,1,1,6,1,41,7,1781,1,13,-1,1
2014621401173,1,9,0,7,0,4,0,0,0,0,1,1,6,1,55,8,998,1,7,-1,2
2014621401173,2,1,0,17,0,8,0,0,0,0,4,1,6,1,44,7,-1,-1,-1,-1,1
2014621401173,3,1,0,17,0,8,0,0,0,0,4,1,6,1,39,7,-1,-1,-1,-1,1
2014621401174,1,1,0,18,0,3,1,0,0,0,1,1,6,1,43,7,-1,-1,-1,-1,1
2014621401174,2,9,0,7,0,3,0,0,0,0,4,1,2,2,32,6,1598,1,1,-1,1
2014621401175,1,9,0,14,0,0,0,0,0,0,1,1,2,1,26,6,1360,1,7,-1,1
2014621401175,2,9,0,18,0,0,0,0,0,0,1,1,1,2,39,7,1398,2,5,-1,1
2014621401175,3,9,0,18,0,0,0,0,0,0,1,1,1,2,29,6,1390,1,9,-1,1
2014621401176,1,9,0,9,0,5,0,0,0,0,4,1,2,1,23,5,-1,-1,-1,-1,1
2014621401176,2,1,0,18,0,8,0,0,0,0,1,1,2,1,28,6,-1,-1,-1,-1,1
2014621401177,1,9,0,9,0,1,0,0,0,0,1,1,6,2,53,8,1360,1,12,-1,1
2014621401177,2,9,0,18,0,8,1,0,1,2,2,1,6,1,68,10,1493,2,8,-1,1
2014621401178,1,19,0,16,0,0,0,0,0,0,1,1,1,1,44,7,2148,2,7,-1,1
2014621401178,2,9,0,17,0,0,0,0,0,0,1,1,6,2,56,9,1248,1,3,-1,1
2014621401179,1,9,0,18,0,0,0,4,0,0,4,1,1,1,30,6,-1,-1,-1,-1,1
2014621401179,2,19,0,2,0,0,0,0,0,0,2,1,6,1,50,8,3920,2,3,-1,1
2014621401181,1,9,0,10,0,6,0,0,0,0,1,1,6,1,29,6,-1,-1,-1,-1,1
2014621401181,2,9,0,18,0,1,0,0,0,0,4,1,1,2,36,7,1598,1,4,-1,2
2014621401182,1,9,0,9,0,5,0,0,0,0,1,1,6,2,46,8,1598,1,2,-1,1
2014621401182,2,9,0,18,0,1,0,0,0,0,1,1,6,2,75,10,1086,1,8,-1,1
2014621401184,1,9,0,1,0,6,0,0,1,11,2,1,6,1,82,11,1242,1,16,-1,2
2014621401185,1,9,0,17,0,0,0,0,0,0,1,1,6,2,43,7,1560,2,5,-1,1
2014621401186,1,9,0,9,0,6,0,0,0,0,0,1,6,1,81,11,1390,1,10,-1,1
2014621401186,2,5,0,18,0,1,1,0,0,0,0,1,6,1,20,4,598,1,16,-1,1
2014621401187,1,9,0,12,0,0,0,0,0,0,1,1,2,2,20,4,1242,1,1,-1,3
2014621401187,2,9,0,4,0,0,0,0,0,0,2,1,6,1,60,9,1998,1,10,-1,1
2014621401187,3,9,0,4,0,0,0,0,0,0,2,1,2,1,22,5,1398,1,12,-1,3
2014621401188,1,9,0,9,0,8,0,0,0,0,4,1,6,1,18,4,1242,1,2,-1,1
2014621401188,2,8,0,18,0,8,0,0,0,0,1,1,1,1,33,6,1896,2,10,-1,1
2014621401189,1,90,0,18,0,8,0,0,0,0,1,1,1,1,58,9,2148,2,4,-1,3
2014621401189,2,9,0,18,0,8,0,0,0,0,2,1,1,1,57,9,1995,2,7,-1,1
2014621401190,1,9,0,18,0,1,0,4,0,0,4,1,3,1,32,6,1753,2,12,-1,1
2014621401190,2,9,0,2,0,1,0,0,0,0,3,1,6,3,-1,-1,1588,1,13,-1,-1
2014621401190,3,9,0,2,0,1,0,4,0,0,2,1,6,3,-1,-1,2184,2,11,-1,-1
2014621401190,4,9,0,2,0,1,0,0,0,0,2,1,6,3,-1,-1,1242,1,1,-1,-1
2014621401191,1,21,0,18,0,0,0,0,0,0,1,1,1,1,45,7,4461,2,3,-1,1
2014621401191,2,9,0,4,0,0,0,0,0,0,2,1,6,1,76,11,1388,1,2,-1,1
2014621401191,3,90,0,18,0,0,0,0,0,0,0,1,1,1,36,7,2993,2,3,-1,2
2014621401192,1,9,0,18,0,0,0,0,0,0,1,1,6,1,70,10,1560,2,6,-1,1
2014621401192,2,9,0,4,0,0,0,0,0,0,2,1,6,2,53,8,1388,1,12,-1,1
2014621401192,3,9,0,4,0,0,0,0,0,0,2,1,6,1,67,10,1461,2,1,-1,1
2014621401193,1,9,0,18,0,0,1,0,0,0,1,1,6,2,61,9,1389,1,13,-1,1
2014621401193,2,9,0,4,0,0,0,0,0,0,2,1,1,1,51,8,1560,2,2,-1,1
2014621401194,1,5,0,18,0,8,0,0,0,0,1,1,6,1,24,5,2294,1,9,-1,3
2014621401194,2,9,0,10,0,5,0,0,0,0,3,1,3,2,42,7,1796,1,9,-1,1
2014621401196,1,9,0,18,0,0,1,0,1,2,4,1,1,2,21,5,1587,1,10,-1,1
2014621401197,1,1,0,10,0,1,0,0,0,0,4,1,6,1,30,6,-1,-1,-1,-1,1
2014621401197,2,9,0,10,0,1,0,0,0,0,3,1,1,2,42,7,1896,2,9,-1,1
2014621401198,1,5,0,16,0,0,0,0,7,0,4,1,6,2,37,7,599,1,17,-1,1
2014621401199,1,19,0,9,0,8,0,0,0,0,1,1,1,1,64,9,1248,2,3,-1,1
2014621401199,2,9,0,18,0,8,0,0,0,0,1,1,2,2,43,7,1596,1,3,-1,1
2014621401200,1,9,0,18,0,0,2,10,0,0,4,1,6,1,25,5,1149,1,10,5,1
2014621401201,1,9,0,18,0,0,0,0,0,0,1,1,6,1,26,6,1997,2,12,-1,1
2014621401201,2,19,0,18,0,0,0,0,0,0,1,1,1,1,24,5,1399,2,3,-1,1
2014621401202,1,5,0,16,0,0,0,0,1,6,1,1,6,1,22,5,599,1,15,-1,1
2014621401203,1,9,0,18,0,8,0,0,0,0,1,1,6,2,17,4,1329,1,1,-1,1
2014621401203,2,9,0,3,0,8,0,0,0,0,2,1,6,1,22,5,1798,1,4,-1,1
2014621401203,3,9,0,3,0,8,0,0,0,0,2,1,6,1,38,7,1299,1,12,-1,1
2014621401204,1,11,0,8,0,6,0,0,0,0,2,1,1,1,60,9,5900,2,10,-1,1
2014621401204,2,9,0,9,0,5,1,0,0,0,3,1,6,2,30,6,1995,2,7,-1,1
2014621401205,1,9,0,18,0,8,0,0,0,0,1,1,6,1,74,10,1598,1,8,-1,1
2014621401206,1,3,0,4,0,4,1,0,3,0,0,1,6,1,26,6,108,1,1,-1,1
2014621401207,1,9,0,5,0,4,0,0,0,0,4,1,2,1,59,9,1896,2,10,-1,1
2014621401207,2,1,0,16,0,4,0,0,0,0,1,1,6,1,42,7,-1,-1,-1,-1,1
2014621401208,1,1,0,18,0,1,0,0,0,0,3,1,1,1,33,6,-1,-1,-1,-1,1
2014621401208,2,9,0,7,0,1,0,0,0,0,4,1,1,1,27,6,1968,2,3,-1,1
2014621401209,1,20,0,1,0,0,0,0,0,0,2,1,1,1,54,8,-1,-1,-1,9,1
2014621401210,1,9,0,18,0,0,5,0,7,10,1,1,6,1,34,6,1150,1,8,-1,1
2014621401211,1,9,0,13,0,0,0,0,0,0,2,1,6,1,29,6,1339,8,7,-1,1
2014621401211,2,5,0,13,0,0,1,0,0,0,1,1,6,1,50,8,1584,1,4,-1,1
2014621401212,1,9,0,4,0,0,0,0,0,0,1,1,6,1,20,4,1229,1,8,-1,1
2014621401212,2,9,0,4,0,0,0,0,0,0,2,2,6,1,44,7,1896,2,6,-1,2
2014621401213,1,19,0,18,0,1,0,0,0,0,1,1,6,1,48,8,1399,2,8,-1,1
2014621401213,2,9,0,10,0,1,0,0,0,0,2,1,6,2,46,8,996,1,4,-1,2
2014621401214,1,9,0,18,0,2,0,0,0,0,2,1,6,2,45,7,2967,2,5,-1,3
2014621401214,2,11,0,18,0,1,0,0,0,0,1,1,1,1,37,7,4461,2,1,-1,3
2014621401215,1,9,0,18,0,1,0,0,0,0,1,1,6,2,21,5,1560,2,2,-1,1
2014621401215,2,9,4,3,0,1,0,0,0,0,2,1,6,1,65,9,1995,2,8,-1,1
2014621401215,3,9,0,3,0,1,0,0,0,0,2,1,6,1,22,5,1560,2,-1,-1,1
2014621401216,1,9,0,18,0,0,0,0,0,0,3,1,6,1,59,9,1596,1,9,-1,1
2014621401217,1,19,0,5,0,4,0,0,0,0,1,1,1,1,47,8,1995,2,2,-1,1
2014621401217,2,9,0,5,0,4,0,0,0,0,2,1,6,1,57,9,1560,2,3,-1,1
2014621401218,1,9,0,18,0,1,0,0,0,0,4,1,6,2,39,7,1398,1,2,-1,1
2014621401218,2,1,0,18,0,1,0,0,0,0,1,1,6,1,8,2,-1,-1,-1,-1,1
2014621401219,1,9,0,7,0,5,0,0,0,0,1,1,6,2,25,5,1242,1,1,-1,3
2014621401219,2,9,0,7,0,5,0,0,0,0,2,1,6,2,40,7,1998,2,6,-1,3
2014621401220,1,9,0,18,9,1,0,0,3,11,1,1,6,2,83,11,1198,1,3,-1,1
2014621401220,2,9,0,18,0,1,1,0,0,0,0,1,6,1,67,10,1368,1,6,-1,1
2014621401221,1,11,0,5,0,0,0,0,0,0,1,1,1,1,58,9,4580,2,7,-1,1
2014621401222,1,9,0,18,0,1,0,0,0,0,1,1,6,1,87,11,796,1,13,-1,1
2014621401222,2,9,0,18,0,2,0,0,0,0,1,1,6,1,40,7,-1,-1,-1,-1,2
2014621401223,1,9,0,17,0,0,0,0,1,11,1,1,6,1,37,7,1968,2,4,-1,1
2014621401224,1,9,0,18,0,2,0,0,0,0,1,1,6,2,47,8,1248,2,7,-1,1
2014621401224,2,9,0,2,0,1,0,0,0,0,0,1,6,2,36,7,1598,1,7,-1,1
2014621401225,1,9,0,18,0,0,0,0,0,0,1,1,6,1,55,8,1998,2,9,-1,1
2014621401225,2,9,0,18,0,0,0,0,0,0,2,1,6,2,43,7,1390,2,10,-1,1
2014621401226,1,9,0,3,0,1,0,0,0,0,1,1,6,1,18,4,1398,2,11,-1,1
2014621401226,2,9,0,3,0,1,0,0,0,0,2,1,6,2,33,6,1242,1,1,-1,1
2014621401226,3,9,0,18,0,1,0,0,0,0,2,1,6,2,27,6,1390,1,3,-1,1
2014621401227,1,9,0,9,0,8,0,0,0,0,4,1,6,1,45,7,1498,1,7,-1,1
2014621401227,2,1,0,18,0,8,0,0,0,0,1,1,6,1,40,7,-1,-1,-1,-1,1
2014621401228,1,9,0,9,0,6,0,0,0,0,4,1,6,1,38,7,1242,1,-1,-1,1
2014621401228,2,2,0,18,0,1,0,0,0,0,1,1,6,1,16,4,50,1,13,-1,1
2014621401228,3,9,0,2,0,1,0,0,0,0,1,1,6,3,-1,-1,1686,2,12,-1,-1
2014621401229,1,9,0,18,0,0,0,0,0,0,1,1,6,2,40,7,1299,1,13,-1,3
2014621401230,1,21,0,18,0,4,0,0,0,0,1,1,1,1,47,8,10837,2,-1,4,1
2014621401230,2,9,0,17,0,4,0,0,0,0,2,1,6,2,31,6,1298,1,12,-1,1
2014621401231,1,8,0,18,0,1,0,0,0,0,1,1,1,1,31,6,-1,-1,-1,-1,1
2014621401232,1,19,0,18,0,0,1,0,0,0,1,1,1,1,32,6,1998,2,11,-1,2
2014621401232,2,9,0,18,0,0,0,0,1,0,2,1,6,2,42,7,1598,2,2,-1,1
2014621401233,1,19,0,18,0,1,0,0,0,0,1,1,6,1,45,7,1560,2,4,-1,1
2014621401234,1,3,0,4,0,0,1,0,0,0,2,1,6,1,32,6,125,1,1,-1,1
2014621401234,2,9,0,4,0,0,0,0,0,0,1,1,6,2,43,7,1360,1,9,-1,1
2014621401235,1,9,0,18,0,0,0,0,0,0,4,1,6,2,46,8,1598,1,10,-1,1
2014621401236,1,9,0,18,0,3,1,10,1,4,1,1,2,2,49,8,1590,1,15,-1,1
2014621401237,1,5,0,18,0,6,1,0,7,7,1,1,6,1,48,8,599,1,13,-1,3
2014621401238,1,2,0,5,0,6,0,0,0,7,3,1,6,1,16,4,49,1,-1,-1,1
2014621401238,2,9,0,18,0,8,0,0,0,0,1,1,6,1,50,8,1984,1,2,-1,1
2014621401239,1,20,0,18,0,0,1,0,0,0,1,1,6,1,21,5,-1,-1,-1,-1,1
2014621401239,2,9,0,18,0,0,0,0,0,0,2,1,6,2,48,8,1229,1,8,-1,1
2014621401240,1,9,0,16,0,0,2,0,1,0,4,1,6,1,19,4,1149,1,14,-1,1
2014621401241,1,9,0,18,0,8,0,0,1,11,1,1,6,1,39,7,1781,1,11,-1,1
2014621401241,2,9,0,18,0,8,0,0,0,0,1,1,6,1,22,5,1329,1,1,-1,1
2014621401242,1,9,0,9,0,8,0,0,0,0,1,1,6,2,69,10,1388,1,10,-1,1
2014621401242,2,9,0,18,0,8,0,0,0,0,3,1,6,1,57,9,1762,1,14,-1,1
2014621401243,1,9,0,9,0,6,0,0,0,0,1,1,6,1,27,6,998,1,7,-1,1
2014621401243,2,5,0,18,0,1,0,0,0,0,4,1,6,1,46,8,644,1,18,-1,1
2014621401243,3,9,0,18,0,1,0,0,0,0,2,1,6,2,41,7,1781,1,15,-1,2
2014621401243,4,9,0,18,0,1,0,0,0,0,1,1,6,2,46,8,1298,1,12,-1,2
2014621401244,1,20,0,18,0,4,0,0,0,0,1,1,1,1,37,7,-1,-1,-1,-1,1
2014621401244,2,9,0,18,0,4,0,0,0,0,2,1,3,2,44,7,1388,1,6,-1,1
2014621401245,1,9,0,18,0,6,0,0,0,0,3,1,6,1,82,11,1895,1,14,-1,1
2014621401245,2,9,0,18,0,8,0,0,0,0,4,1,1,2,25,5,1686,2,2,-1,2
2014621401246,1,9,0,18,0,0,0,0,0,0,1,1,6,1,59,9,1997,2,12,-1,1
2014621401246,2,9,0,12,0,0,0,0,7,0,1,1,6,1,37,7,998,1,14,-1,1
2014621401247,1,9,0,18,0,4,5,9,3,0,1,1,6,2,79,11,1596,1,11,-1,1
2014621401248,1,4,0,18,9,1,0,0,7,10,1,1,6,3,-1,-1,-1,-1,-1,-1,-1
2014621401249,1,3,0,18,0,1,0,0,0,0,1,1,6,1,17,4,125,1,1,-1,1
2014621401250,1,9,0,9,0,1,0,0,0,0,2,1,6,2,66,10,1997,1,22,-1,1
2014621401250,2,3,0,18,0,1,0,0,0,0,1,1,6,1,24,5,124,1,5,-1,1
2014621401251,1,9,0,18,0,1,0,0,0,0,1,1,6,1,21,5,1598,1,8,2,1
2014621401251,2,9,0,4,0,1,0,0,0,0,2,1,6,1,57,9,1242,1,2,-1,1
2014621401251,3,9,0,4,0,1,0,0,0,0,2,1,6,2,22,5,1360,1,11,-1,1
2014621401252,1,9,0,18,0,0,5,4,0,0,3,1,6,1,36,7,1799,1,6,-1,1