Accident_Index,Vehicle_Reference,Vehicle_Type,Towing_and_Articulation,Vehicle_Manoeuvre,Vehicle_Location-Restricted_Lane,Junction_Location,Skidding_and_Overturning,Hit_Object_in_Carriageway,Vehicle_Leaving_Carriageway,Hit_Object_off_Carriageway,1st_Point_of_Impact,Was_Vehicle_Left_Hand_Drive?,Journey_Purpose_of_Driver,Sex_of_Driver,Age_of_Driver,Age_Band_of_Driver,Engine_Capacity_(CC),Propulsion_Code,Age_of_Vehicle,Driver_IMD_Decile,Driver_Home_Area_Type
2014621401563,2,9,0,18,0,0,0,0,0,0,3,1,6,1,58,9,1997,2,3,5,1
2014621401564,1,2,0,4,0,1,1,0,0,0,0,1,6,2,34,6,49,1,2,-1,1
2014621401565,1,9,0,18,0,0,2,10,0,3,1,1,2,1,30,6,1596,1,11,-1,1
2014621401566,1,9,0,18,0,0,0,0,7,9,4,1,6,2,18,4,1149,1,11,-1,1
2014621401566,2,9,0,18,0,0,0,0,0,0,1,1,6,1,23,5,1399,2,4,-1,1
2014621401568,1,9,0,18,0,0,0,0,0,0,1,1,6,1,18,4,998,1,2,-1,1
2014621401568,2,9,0,4,0,0,0,0,0,0,2,1,6,1,70,10,1560,2,2,-1,1
2014621401569,1,9,0,9,0,5,0,0,0,0,4,1,6,1,26,6,1360,1,8,-1,1
2014621401569,2,8,0,18,0,8,0,0,0,0,1,1,1,1,29,6,-1,-1,-1,-1,3
2014621401570,1,9,0,18,0,0,0,0,0,0,1,1,6,2,50,8,1598,2,1,-1,3
2014621401570,2,9,0,3,0,0,0,0,0,0,2,1,6,1,73,10,1560,2,1,-1,1
2014621401571,1,9,0,18,0,1,0,0,0,0,1,1,6,1,23,5,1390,1,-1,-1,1
2014621401571,2,9,0,18,0,1,0,0,0,0,2,1,6,2,41,7,1997,2,3,-1,1
2014621401572,1,9,0,2,0,0,0,0,0,0,3,1,6,1,56,9,1596,1,12,-1,1
2014621401572,2,1,0,18,0,0,0,8,0,0,1,1,6,2,51,8,-1,-1,-1,-1,2
2014621401572,3,1,0,18,0,0,0,4,0,0,1,1,1,1,55,8,-1,-1,-1,-1,2
2014621401573,1,9,0,18,0,6,0,0,0,0,3,1,6,1,83,11,1390,1,11,-1,1
2014621401573,2,9,0,18,0,1,0,0,0,0,4,1,6,2,40,7,1598,1,16,-1,1
2014621401574,1,9,0,18,0,8,0,0,0,0,1,1,6,3,-1,-1,-1,-1,-1,-1,-1
2014621401574,2,1,0,18,0,6,0,0,0,0,1,1,6,1,8,2,-1,-1,-1,-1,1
2014621401575,1,9,0,18,0,0,0,0,0,6,1,1,6,2,40,7,1360,1,2,-1,3
2014621401577,1,9,0,18,0,8,0,0,0,0,1,1,6,1,24,5,1395,1,-1,-1,3
2014621401578,1,9,0,12,0,2,1,0,1,2,2,1,6,2,20,4,1150,1,9,-1,1
2014621401578,2,9,0,18,0,2,0,0,0,0,1,1,6,1,30,6,1968,2,2,-1,3
2014621401579,1,9,0,9,0,1,0,0,0,0,1,1,6,1,68,10,1390,1,6,-1,1
2014621401579,2,9,0,18,0,1,0,0,0,0,1,1,1,1,23,5,-1,-1,-1,-1,1
2014621401580,1,9,0,18,0,0,0,0,0,0,1,1,6,1,18,4,1199,1,15,-1,1
2014621401580,2,9,0,4,0,0,0,0,0,0,2,1,6,1,40,7,1388,1,12,-1,1
2014621401581,1,9,0,16,0,0,0,0,0,0,1,1,6,2,21,5,998,1,-1,-1,2
2014621401582,1,9,0,7,0,6,0,0,0,0,1,1,2,1,52,8,1598,1,7,-1,1
2014621401582,2,1,0,18,0,8,0,0,0,0,1,1,2,1,23,5,-1,-1,-1,-1,1
2014621401583,1,19,0,18,0,0,0,4,0,0,1,1,1,1,55,8,1995,2,2,-1,3
2014621401583,2,20,0,2,0,0,0,0,0,0,2,1,6,1,46,8,4250,2,3,-1,1
2014621401584,1,9,0,18,0,0,0,0,0,0,1,1,1,2,41,7,1796,1,6,-1,1
2014621401585,1,9,0,2,0,0,0,0,0,0,3,1,6,1,47,8,1497,1,11,-1,1
2014621401585,2,1,0,18,0,0,0,8,0,0,1,1,6,2,30,6,-1,-1,-1,-1,1
2014621401586,1,9,0,1,0,1,0,0,0,0,2,1,6,1,87,11,1390,1,12,-1,1
2014621401586,2,9,0,18,0,8,0,0,0,0,0,1,6,1,47,8,1968,2,2,-1,1
2014621401587,1,9,0,18,0,0,0,0,0,0,1,1,6,1,58,9,2544,1,16,-1,1
2014621401587,2,9,0,4,0,0,0,0,0,0,2,1,6,1,51,8,1685,2,1,-1,1
2014621401588,1,9,0,18,0,0,2,0,1,4,1,1,6,2,27,6,1242,1,6,-1,1
2014621401589,1,9,0,9,0,8,0,0,0,0,3,1,6,1,41,7,1395,1,-1,-1,-1
2014621401589,2,9,0,18,0,3,0,0,0,0,1,1,6,1,66,10,1997,2,9,5,1
2014621401590,1,9,0,16,0,6,0,0,0,0,1,1,6,3,-1,-1,1242,1,13,-1,-1
2014621401590,2,9,0,16,0,5,0,0,0,0,1,1,6,1,46,8,1390,1,18,-1,2
2014621401591,1,9,0,18,0,0,0,0,0,0,3,1,6,3,-1,-1,-1,-1,-1,-1,-1
2014621401591,2,9,0,18,0,0,0,0,1,0,3,1,6,2,27,6,1490,1,8,-1,1
2014621401592,1,9,0,18,0,4,0,0,0,0,1,1,1,1,56,9,-1,-1,-1,-1,1
2014621401592,2,9,0,4,0,4,0,0,0,0,2,1,6,1,59,9,1997,1,9,-1,1
2014621401593,1,2,0,18,0,0,1,0,0,0,0,1,6,1,22,5,49,1,7,-1,2
2014621401594,1,9,0,18,0,0,0,0,1,10,1,1,6,2,26,6,1796,1,12,-1,1
2014621401594,2,9,0,2,0,0,0,0,0,0,2,1,6,3,-1,-1,1299,1,10,-1,-1
2014621401596,1,9,0,18,0,0,0,0,0,0,1,1,6,1,44,7,1364,2,7,-1,1
2014621401596,2,9,0,18,0,0,0,0,1,0,1,1,6,1,58,9,2191,2,-1,-1,1
2014621401596,3,9,0,18,0,0,0,0,0,0,1,1,6,2,20,4,1390,1,-1,-1,1
2014621401597,1,9,0,18,0,1,0,0,0,2,1,1,6,1,18,4,1390,1,12,-1,1
2014621401597,2,9,0,2,0,1,0,0,0,0,3,1,6,3,-1,-1,1997,2,-1,-1,-1
2014621401598,1,9,0,16,0,0,1,0,4,0,1,1,6,1,22,5,1242,1,10,-1,2
2014621401599,1,9,0,18,0,0,0,0,0,0,1,1,6,1,21,5,1598,1,10,-1,1
2014621401599,2,9,0,2,0,0,0,0,0,0,1,1,6,1,46,8,-1,-1,-1,-1,1
2014621401600,1,9,0,5,0,4,0,0,0,0,3,1,6,3,-1,-1,-1,-1,-1,-1,-1
2014621401600,2,1,0,18,0,8,0,0,0,0,4,1,6,1,42,7,-1,-1,-1,-1,3
2014621401601,1,9,0,18,0,2,0,0,0,0,1,1,6,1,21,5,1596,1,9,-1,1
2014621401601,2,9,0,18,0,2,0,0,0,0,1,1,6,1,57,9,1896,2,9,-1,1
2014621401602,1,9,0,9,0,1,0,0,0,0,1,1,6,1,27,6,1596,1,13,-1,1
2014621401602,2,9,0,18,0,1,0,0,0,0,4,1,6,1,63,9,2179,2,1,-1,1
2014621401604,1,2,0,9,0,1,1,0,0,0,3,1,6,1,23,5,124,1,15,-1,1
2014621401605,1,8,0,18,0,0,0,10,0,0,4,1,1,1,50,8,1997,2,2,-1,1
2014621401606,1,9,0,18,0,0,0,11,0,0,1,1,6,1,49,8,1149,1,8,-1,1
2014621401606,2,9,0,18,0,0,0,11,0,0,1,1,6,2,36,7,1560,2,3,-1,1
2014621401607,1,9,0,9,0,8,0,0,0,0,0,1,6,1,51,8,1149,1,6,-1,1
2014621401607,2,5,0,18,0,8,1,0,0,0,0,1,6,1,54,8,1137,1,7,-1,1
2014621401608,1,1,0,18,0,1,0,0,0,0,1,1,6,1,12,3,-1,-1,-1,-1,1
2014621401608,2,9,0,18,0,1,0,0,0,0,3,1,6,1,26,6,1618,1,1,-1,1
2014621401609,1,9,0,18,0,0,5,0,1,7,1,1,6,2,20,4,1242,1,5,-1,1
2014621401610,1,9,0,18,0,0,0,0,0,0,1,1,6,1,24,5,1560,2,5,-1,2
2014621401611,1,9,0,18,0,1,0,0,0,0,4,1,6,2,22,5,1149,1,8,-1,1
2014621401611,2,9,0,18,0,1,0,0,0,0,4,1,6,1,41,7,1951,2,11,-1,2
2014621401612,1,9,0,17,0,0,0,0,0,0,0,1,6,3,-1,-1,-1,-1,-1,-1,-1
2014621401612,2,9,0,18,0,0,0,0,0,11,3,1,6,2,20,4,998,1,2,-1,1
2014621401613,1,9,0,18,0,0,0,0,0,11,1,1,6,1,19,4,998,1,6,-1,1
2014621401614,1,9,0,16,0,0,0,0,0,0,1,1,6,1,33,6,1242,1,10,-1,1
2014621401614,2,9,0,2,0,0,0,0,0,0,1,1,6,1,39,7,1796,1,5,-1,1
2014621401615,1,9,0,9,0,1,0,0,0,0,1,1,6,2,64,9,1242,1,1,-1,2
2014621401615,2,1,0,18,0,1,0,0,0,0,1,1,6,2,48,8,-1,-1,-1,-1,1
2014621401616,1,9,0,18,0,0,0,0,0,0,1,1,6,1,26,6,1598,1,15,-1,1
2014621401616,2,9,0,18,0,0,0,0,0,0,2,1,6,1,27,6,1596,1,1,-1,1
2014621401617,1,1,0,18,0,0,0,0,0,0,4,1,6,1,14,3,-1,-1,-1,-1,1
2014621401617,2,9,0,5,0,0,0,0,0,0,1,1,6,1,27,6,3500,1,9,-1,1
2014621401618,1,9,0,9,0,8,0,0,0,0,1,1,6,1,18,4,1149,1,13,-1,1
2014621401618,2,9,0,18,0,8,0,0,0,0,1,1,6,1,24,5,1149,1,5,-1,1
2014621401620,1,5,0,18,0,0,0,0,0,0,1,1,6,1,29,6,998,1,16,-1,1
2014621401620,2,21,1,2,0,0,0,0,0,0,2,1,6,1,47,8,12130,2,9,3,2
2014621401621,1,9,0,7,0,4,0,0,0,0,3,1,6,2,34,6,1796,1,12,-1,1
2014621401621,2,4,0,18,0,8,0,0,0,0,4,1,6,1,56,9,124,1,5,-1,1
2014621401622,1,9,0,18,0,4,1,0,0,0,1,1,2,2,25,5,1796,1,8,-1,1
2014621401622,2,1,0,9,0,4,1,0,0,0,1,1,6,1,30,6,-1,-1,-1,-1,1
2014621401623,1,9,0,18,0,8,0,0,0,0,4,1,6,2,17,4,1398,2,9,-1,1
2014621401624,1,9,0,18,0,0,1,0,7,10,2,1,6,1,29,6,1896,2,6,-1,1
2014621401625,1,9,0,18,0,1,0,0,0,0,1,1,3,1,40,7,1150,1,7,-1,1
2014621401625,2,1,0,9,0,2,0,0,0,0,1,1,6,1,14,3,-1,-1,-1,-1,1
2014621401625,3,9,0,18,9,1,0,0,0,0,3,1,6,3,-1,-1,1598,2,3,-1,-1
2014621401626,1,5,0,14,0,0,1,0,0,0,1,1,6,1,59,9,999,1,4,-1,1
2014621401626,2,9,0,5,0,0,0,0,0,0,3,1,6,1,51,8,1560,2,8,-1,1
2014621401627,1,9,0,18,0,0,0,0,0,0,1,1,1,1,19,4,1560,2,2,-1,1
2014621401627,2,9,0,3,0,0,0,0,0,0,2,1,1,1,35,6,1560,2,4,-1,2
2014621401628,1,9,0,18,0,0,1,0,0,0,4,1,3,2,31,6,1596,1,12,-1,1
2014621401629,1,9,0,7,0,6,0,0,0,0,1,1,6,2,17,4,1242,1,10,-1,1
2014621401629,2,9,0,2,0,2,0,0,0,0,3,1,6,2,57,9,1390,1,-1,-1,1
2014621401630,1,2,0,18,0,0,0,0,0,0,1,1,6,1,35,6,49,1,9,-1,2
2014621401630,2,9,0,4,0,0,0,0,0,0,2,1,6,2,41,7,1596,1,11,-1,2
2014621401631,1,1,0,18,0,6,1,0,0,0,1,1,6,1,27,6,-1,-1,-1,-1,1
2014621401631,2,9,0,18,0,1,0,0,0,0,3,1,6,1,83,11,1240,1,4,-1,1
2014621401632,1,9,0,18,0,0,0,0,0,0,1,1,6,3,-1,-1,-1,-1,-1,-1,-1
2014621401633,1,19,0,18,0,8,0,0,0,0,1,1,1,1,53,8,1753,2,7,-1,1
2014621401633,2,1,0,9,0,8,0,0,0,0,1,1,6,1,45,7,-1,-1,-1,-1,1
2014621401634,1,9,0,16,0,0,1,0,1,7,3,1,6,1,19,4,1199,1,11,-1,2
2014621401635,1,9,0,13,0,8,0,0,0,0,4,1,6,1,27,6,998,1,16,-1,1
2014621401635,2,8,0,10,0,5,0,0,0,0,3,1,1,1,46,8,1896,2,6,-1,1
2014621401636,1,9,0,18,0,0,0,0,1,10,1,1,6,2,76,11,1596,1,9,-1,2
2014621401637,1,9,0,18,0,0,0,0,0,0,1,1,2,2,38,7,996,1,2,-1,1
2014621401638,1,9,0,18,0,0,5,4,0,0,1,1,6,1,56,9,1598,1,8,-1,1
2014621401638,2,9,0,18,0,0,1,4,0,0,2,1,6,2,58,9,1299,1,14,-1,1
2014621401638,3,9,0,2,0,0,0,0,0,0,1,1,6,3,-1,-1,1299,1,9,-1,-1
2014621401638,4,9,0,2,0,0,0,0,0,0,2,1,6,3,-1,-1,1120,1,16,-1,-1
2014621401638,5,9,0,2,0,0,0,0,0,0,2,1,6,1,44,7,1248,1,5,-1,1
2014621401638,6,9,0,2,0,0,0,0,0,0,2,1,6,3,-1,-1,1997,1,10,-1,-1
2014621401638,7,9,0,2,0,0,0,0,0,0,3,1,6,3,-1,-1,-1,-1,-1,-1,-1
2014621401638,8,9,0,2,0,0,0,0,0,0,3,1,6,3,-1,-1,1388,1,8,-1,-1
2014621401639,1,9,0,18,0,0,1,0,0,0,1,1,6,1,38,7,1149,1,8,-1,1
2014621401639,2,9,0,4,0,0,1,0,0,0,2,1,6,1,20,4,999,1,13,-1,1
2014621401640,1,21,1,5,0,4,0,0,0,0,1,1,1,1,64,9,12777,2,8,8,2
2014621401640,2,9,0,5,0,4,0,0,0,0,2,1,6,1,39,7,1997,2,-1,1,1
2014621401641,1,9,0,18,0,0,0,4,0,0,1,1,6,1,29,6,1997,2,8,-1,1
2014621401641,2,9,0,2,0,0,0,0,0,0,1,1,6,3,-1,-1,1388,1,4,-1,-1
2014621401642,1,9,0,18,0,0,0,0,0,0,3,1,6,1,39,7,1796,1,10,-1,1
2014621401643,1,9,0,18,0,0,0,0,0,0,1,1,6,2,28,6,1399,2,4,-1,1
2014621401644,1,4,0,4,0,4,0,0,0,0,4,1,6,1,59,9,1731,1,4,-1,1
2014621401645,1,9,0,18,0,0,5,0,2,11,1,1,6,1,19,4,1388,1,10,-1,1
2014621401646,1,9,0,5,0,0,0,0,0,0,1,1,6,2,16,4,1665,2,17,-1,1
2014621401647,1,9,0,9,0,4,0,0,0,0,1,1,6,2,23,5,998,1,1,-1,1
2014621401647,2,9,0,9,0,3,0,0,0,0,4,1,6,2,28,6,1364,1,6,-1,2
2014621401648,1,9,3,18,0,0,5,0,4,6,0,1,6,1,42,7,2495,2,10,10,2
2014621401649,1,9,0,9,0,5,0,0,0,0,4,1,2,1,22,5,1596,1,1,-1,1
2014621401649,2,1,0,18,0,1,0,0,0,0,1,1,2,1,39,7,-1,-1,-1,-1,2
2014621401650,1,20,0,18,0,8,0,0,7,10,1,1,1,1,55,8,-1,-1,-1,-1,1
2014621401650,2,9,0,2,0,1,0,0,0,0,3,1,6,3,-1,-1,1390,1,12,-1,-1
2014621401651,1,9,0,4,0,1,0,0,0,0,1,1,6,1,19,4,1229,1,3,-1,1
2014621401651,2,9,0,18,0,1,0,0,0,0,2,1,6,1,31,6,1968,2,2,-1,1
2014621401652,1,9,0,4,0,1,0,0,0,0,1,1,6,2,40,7,1149,1,10,-1,2
2014621401652,2,9,0,4,0,1,0,0,0,0,2,1,6,1,58,9,1995,2,1,-1,2
2014621401653,1,9,0,18,0,3,0,10,7,2,1,1,6,1,22,5,1597,1,24,-1,2
2014621401654,1,19,0,5,0,4,0,0,0,0,1,1,6,1,59,9,1248,2,6,-1,1
2014621401654,2,9,0,5,0,4,0,0,0,0,2,1,1,1,62,9,1242,1,6,-1,1
2014621401655,1,19,0,7,0,4,0,0,0,0,1,1,1,1,50,8,1248,2,-1,-1,1
2014621401655,2,1,0,18,0,3,0,0,0,0,1,1,2,1,29,6,-1,-1,-1,-1,1
2014621401656,1,9,0,7,0,5,0,0,0,0,0,1,2,2,26,6,1198,1,9,-1,1
2014621401656,2,1,0,18,0,1,0,0,0,0,0,1,2,1,43,7,-1,-1,-1,-1,1
2014621401657,1,9,0,18,0,0,1,10,7,4,4,1,6,1,34,6,1598,1,8,-1,1
2014621401658,1,9,0,16,0,0,0,0,0,0,1,1,6,1,49,8,1461,2,4,-1,1
2014621401658,2,9,0,17,0,0,0,0,0,0,1,1,3,1,38,7,1986,2,7,-1,1
2014621401659,1,9,0,18,0,0,0,0,0,0,0,1,6,3,-1,-1,1597,1,19,-1,-1
2014621401659,2,9,0,18,0,0,0,7,0,0,3,1,2,1,23,5,1598,1,12,-1,1
2014621401660,1,9,0,9,0,1,0,0,0,0,1,1,6,1,26,6,1998,1,7,-1,1
2014621401660,2,4,0,18,0,1,0,0,0,0,3,1,6,1,20,4,125,1,7,-1,1
2014621401661,1,9,0,9,0,8,0,0,0,0,1,1,2,1,32,6,1124,1,10,-1,2
2014621401661,2,1,0,18,0,8,0,0,0,0,1,1,2,1,24,5,-1,-1,-1,-1,1
2014621401662,1,9,0,18,0,0,0,0,0,0,1,1,6,2,23,5,1149,1,2,-1,2
2014621401662,2,9,0,18,0,0,0,0,0,0,2,1,6,1,22,5,1998,1,7,-1,1
2014621401663,1,8,0,18,0,0,0,0,0,0,4,1,1,3,-1,-1,-1,-1,-1,-1,-1
2014621401664,1,9,0,5,0,4,0,0,0,0,1,1,6,2,43,7,2982,2,9,-1,1
2014621401664,2,9,0,4,0,4,0,0,0,0,2,1,6,2,57,9,1560,2,5,-1,3
2014621401665,1,3,0,5,0,1,0,0,0,0,1,1,6,1,24,5,100,1,8,-1,1
2014621401665,2,9,0,18,0,1,0,0,0,0,3,1,6,2,27,6,1149,1,4,-1,1
2014621401666,1,9,0,18,0,1,0,0,0,0,1,1,6,2,23,5,1299,1,9,-1,1
2014621401666,2,9,0,4,0,1,0,0,0,0,2,1,6,2,35,6,1998,2,11,-1,1
2014621401667,1,9,0,18,0,2,0,0,0,0,1,1,6,2,39,7,1598,1,2,-1,1
2014621401667,2,2,0,4,0,2,0,0,0,0,2,1,2,1,25,5,108,1,3,-1,2
2014621401668,1,9,0,9,0,1,0,0,0,0,1,1,1,2,29,6,1242,1,5,-1,1
2014621401668,2,1,0,17,0,1,0,0,0,0,1,1,1,1,55,8,-1,-1,-1,-1,1
2014621401669,1,9,0,9,0,6,0,0,0,0,1,1,6,2,63,9,998,1,1,-1,1
2014621401669,2,4,0,18,0,8,0,0,0,0,1,1,1,1,25,5,535,1,21,-1,1
2014621401670,1,19,0,18,0,0,0,0,0,0,4,1,6,3,-1,-1,-1,-1,-1,-1,-1
2014621401671,1,3,0,17,0,0,0,0,0,0,1,1,6,1,35,6,124,1,4,-1,1
2014621401671,2,9,0,16,0,0,0,0,0,0,1,1,6,2,40,7,1461,2,5,-1,1
2014621401672,1,9,0,18,0,0,0,0,0,0,4,1,6,1,67,10,1598,1,11,-1,2
2014621401674,1,9,0,18,0,0,0,0,7,2,1,1,6,1,20,4,1598,1,9,-1,2
2014621401675,1,9,0,18,0,1,0,0,0,0,4,1,6,2,44,7,1598,1,6,-1,2
2014621401676,1,9,0,18,0,1,0,0,0,0,1,1,6,1,21,5,1600,2,5,-1,1
2014621401676,2,9,0,7,0,1,0,0,0,0,2,1,6,1,43,7,-1,-1,-1,-1,1
2014621401677,1,9,0,18,0,0,0,0,0,0,1,1,6,2,66,10,998,1,7,-1,1
2014621401678,1,4,0,18,0,0,0,0,1,0,0,1,6,2,20,4,649,1,6,-1,1
2014621401679,1,9,0,7,0,2,0,0,0,0,3,1,6,1,60,9,2400,2,4,-1,1
2014621401679,2,9,0,18,0,1,0,0,0,0,4,1,6,1,27,6,999,1,6,-1,1
2014621401680,1,9,0,18,0,0,0,4,1,11,4,1,6,2,78,11,1390,1,3,-1,1
2014621401680,2,9,0,2,0,0,0,0,0,0,4,1,6,3,-1,-1,1299,1,8,-1,-1
2014621401681,1,9,0,9,0,6,5,7,0,0,2,1,6,1,27,6,1956,2,1,-1,1
2014621401682,1,9,0,18,0,1,0,0,0,0,4,1,2,1,49,8,1968,2,9,-1,3
2014621401683,1,9,0,18,0,0,0,0,0,0,4,1,6,1,57,9,1984,1,10,-1,1
2014621401684,1,19,0,18,0,1,0,0,1,7,1,1,1,2,22,5,1560,2,-1,10,3
2014621401685,1,9,0,16,0,8,0,0,0,0,3,1,6,1,17,4,1242,1,15,-1,2
2014621401685,2,20,0,18,0,8,0,0,0,0,3,1,6,1,58,9,-1,-1,-1,-1,2
2014621401685,3,9,0,10,0,8,0,0,0,0,0,1,1,1,73,10,1339,1,2,-1,1
2014621401686,1,9,0,4,0,0,0,0,0,0,1,1,6,2,20,4,1242,1,10,-1,1
2014621401686,2,9,0,3,0,0,0,0,0,0,2,1,6,1,51,8,1968,2,5,-1,1
2014621401686,3,9,0,3,0,0,0,0,0,0,2,1,6,2,51,8,1390,1,4,-1,2
2014621401686,4,19,0,3,0,0,0,0,0,0,2,1,2,1,47,8,1995,2,2,-1,1
2014621401687,1,9,0,18,0,0,0,0,0,0,1,1,6,1,53,8,1686,2,4,-1,1
2014621401687,2,2,0,18,0,0,0,0,0,0,1,1,6,1,32,6,49,1,4,-1,1
2014621401688,1,9,0,9,0,1,0,0,0,0,3,1,6,1,21,5,2494,1,16,3,1
2014621401688,2,9,0,18,0,1,0,0,0,0,1,1,6,2,52,8,995,1,7,-1,1
2014621401689,1,9,0,18,0,0,0,0,0,0,1,1,6,1,36,7,1332,1,15,-1,1
2014621401690,1,9,0,18,0,4,0,0,0,0,1,1,6,1,48,8,1968,2,3,-1,1
2014621401690,2,1,0,9,0,4,0,0,0,0,3,1,6,1,48,8,-1,-1,-1,-1,2
2014621401692,1,9,0,18,0,0,0,0,0,0,1,1,2,1,36,7,2204,2,5,-1,1
2014621401692,2,5,0,4,0,0,0,0,0,0,2,1,6,1,48,8,650,1,16,-1,1
2014621401693,1,9,0,9,0,8,0,0,1,2,1,1,6,1,20,4,1149,1,12,-1,1
2014621401694,1,19,0,9,0,8,0,0,0,0,1,1,6,1,34,6,2987,2,-1,-1,1
2014621401694,2,5,0,18,0,1,0,0,0,0,1,1,6,1,23,5,124,1,1,-1,1
2014621401695,1,20,0,11,0,0,0,0,0,0,4,1,1,1,49,8,10800,2,14,-1,1
2014621401695,2,9,0,18,0,0,0,0,0,0,3,1,6,1,73,10,1390,1,1,-1,1
2014621401696,1,5,0,9,0,8,0,0,0,0,1,1,6,1,26,6,656,1,7,-1,1
2014621401697,1,9,0,18,0,0,1,0,0,0,1,1,6,1,34,6,1968,2,5,-1,2
2014621401697,2,9,0,3,0,0,0,0,0,0,2,1,6,1,63,9,1396,1,13,-1,1
2014621401698,1,9,0,18,0,2,0,0,0,0,1,1,6,1,53,8,1995,2,4,-1,1
2014621401698,2,9,0,18,0,2,0,0,0,0,2,1,6,2,46,8,1995,1,9,-1,3
2014621401699,1,9,0,9,0,5,0,0,0,0,1,1,6,2,64,9,1329,1,1,-1,1
2014621401700,1,9,0,2,0,0,0,0,0,0,3,1,6,2,50,8,1796,1,14,-1,1
2014621401700,2,9,0,14,0,0,0,8,0,0,1,1,3,2,50,8,1240,1,11,-1,1
2014621401701,1,3,0,17,0,0,1,0,1,0,1,1,6,1,40,7,125,1,2,-1,2
2014621401702,1,9,0,16,0,1,0,0,1,0,4,1,6,1,54,8,1984,1,3,-1,1
2014621401702,2,9,0,18,0,7,0,0,1,0,1,1,1,2,40,7,1956,2,-1,-1,1
2014621401703,1,9,0,4,0,1,0,0,0,0,4,1,6,1,63,9,1796,1,6,-1,1
2014621401704,1,3,0,18,0,0,0,0,0,0,3,1,6,1,19,4,124,1,1,-1,1
2014621401705,1,9,0,18,0,1,0,0,0,0,1,1,6,1,17,4,1390,1,12,-1,1
2014621401706,1,5,0,4,0,4,0,0,7,0,1,1,6,1,60,9,850,1,32,-1,1
2014621401707,1,9,0,18,0,8,0,0,0,0,1,1,6,2,51,8,1596,1,7,-1,1
2014621401707,2,9,0,9,0,8,0,0,0,0,3,1,6,2,44,7,1896,2,7,-1,1
2014621401708,1,3,0,18,0,0,0,0,0,0,1,1,6,3,-1,-1,-1,-1,-1,-1,-1
2014621401708,2,1,0,4,0,0,0,0,0,0,2,1,6,2,9,2,-1,-1,-1,-1,1
2014621401709,1,9,0,18,0,0,0,0,0,0,3,1,6,1,32,6,1598,1,11,-1,1
2014621401709,2,9,0,18,0,0,0,0,0,0,4,1,6,2,57,9,1198,1,3,-1,1
2014621401710,1,9,0,9,0,5,0,0,0,0,3,1,6,2,19,4,1995,2,1,6,3
2014621401710,2,9,0,18,0,8,1,0,7,0,1,1,6,1,31,6,1560,2,-1,-1,1
2014621401711,1,9,0,18,0,0,2,0,0,0,4,1,6,1,17,4,1149,1,9,-1,1
2014621401712,1,9,0,5,0,6,0,0,0,0,1,1,6,2,77,11,1956,2,2,-1,1
2014621401712,2,9,0,18,0,8,0,0,0,0,1,1,6,1,64,9,1596,1,1,-1,1
2014621401713,1,9,0,16,0,0,0,10,2,10,1,1,6,1,20,4,1360,1,14,-1,2
2014621401713,2,9,0,17,0,0,0,0,0,0,1,1,6,1,38,7,1997,2,3,-1,2
2014621401714,1,9,0,18,0,4,1,10,8,11,1,1,6,1,22,5,1968,2,7,-1,1
2014621401715,1,5,0,4,0,4,1,9,0,0,1,1,6,1,38,7,599,1,15,-1,1
2014621401716,1,5,0,18,0,1,1,0,0,11,1,1,6,1,33,6,599,1,15,-1,1
2014621401716,2,9,0,7,0,5,0,0,0,0,4,1,6,1,75,10,1598,1,4,-1,1
2014621401717,1,4,0,13,0,5,0,0,0,0,1,1,2,1,32,6,-1,-1,-1,-1,1
2014621401717,2,9,0,9,0,5,0,0,0,0,2,1,2,1,64,9,1598,1,7,-1,1
2014621401718,1,9,0,18,0,1,0,0,0,0,1,1,3,2,52,8,1968,2,8,-1,1
2014621401719,1,19,0,18,0,0,0,0,1,0,1,1,6,1,37,7,1995,2,7,-1,1
2014621401719,2,9,0,2,0,0,0,0,0,0,2,1,6,3,-1,-1,1149,1,13,-1,-1
2014621401720,1,9,0,9,0,6,0,0,0,0,1,1,6,2,53,8,1796,1,13,-1,1
2014621401720,2,9,0,18,0,2,0,0,0,0,3,1,2,1,44,7,1598,1,11,-1,1
2014621401721,1,9,0,18,0,7,0,0,0,0,1,1,6,1,57,9,1896,2,8,-1,2
2014621401721,2,9,0,18,0,8,0,0,0,0,4,1,2,1,24,5,1596,1,8,-1,1
2014621401721,3,9,0,18,0,8,0,0,0,0,4,1,6,1,46,8,-1,-1,-1,-1,2
2014621401722,1,9,0,14,0,0,0,0,0,0,1,1,6,1,24,5,1149,1,11,-1,1
2014621401723,1,9,0,5,0,6,0,0,0,0,1,1,6,1,43,7,2720,2,8,-1,1
2014621401723,2,9,0,18,0,8,0,0,0,0,4,1,6,2,46,8,1242,1,11,-1,1
2014621401724,1,3,0,18,0,8,1,0,0,0,3,1,6,1,22,5,124,1,18,-1,1
2014621401726,1,8,0,18,0,0,0,0,0,0,4,1,1,1,59,9,1968,2,1,-1,1
2014621401727,1,9,0,5,0,4,0,0,0,0,1,1,6,1,76,11,1389,1,17,-1,1