Accident_Index,Vehicle_Reference,Vehicle_Type,Towing_and_Articulation,Vehicle_Manoeuvre,Vehicle_Location-Restricted_Lane,Junction_Location,Skidding_and_Overturning,Hit_Object_in_Carriageway,Vehicle_Leaving_Carriageway,Hit_Object_off_Carriageway,1st_Point_of_Impact,Was_Vehicle_Left_Hand_Drive?,Journey_Purpose_of_Driver,Sex_of_Driver,Age_of_Driver,Age_Band_of_Driver,Engine_Capacity_(CC),Propulsion_Code,Age_of_Vehicle,Driver_IMD_Decile,Driver_Home_Area_Type
2014621401889,2,19,0,18,0,0,0,0,0,0,2,1,6,1,49,8,1996,2,4,10,1
2014621401890,1,9,0,9,0,8,0,0,0,0,1,1,1,2,66,10,1398,2,10,-1,1
2014621401890,2,9,0,18,0,8,1,0,0,0,4,1,1,1,59,9,-1,3,2,-1,1
2014621401891,1,9,0,9,0,8,0,0,0,0,1,1,6,3,-1,-1,-1,-1,-1,-1,-1
2014621401892,1,19,0,4,0,0,0,0,0,0,1,1,2,1,22,5,1461,2,12,-1,1
2014621401892,2,9,0,3,0,0,0,0,0,0,2,1,2,2,46,8,1994,1,9,-1,3
2014621401893,1,9,0,7,0,1,0,0,0,0,1,1,1,1,26,6,1997,2,5,-1,1
2014621401893,2,1,0,18,2,1,0,0,0,0,4,1,1,1,42,7,-1,-1,-1,-1,1
2014621401894,1,9,0,18,0,0,1,0,0,0,1,1,6,1,34,6,1299,1,10,-1,1
2014621401894,2,9,0,3,0,0,0,0,0,0,2,1,6,1,66,10,1910,2,10,-1,2
2014621401895,1,19,0,5,8,0,0,0,0,0,0,1,6,1,29,6,2400,2,12,-1,1
2014621401895,2,19,0,5,8,0,0,0,0,0,0,1,6,1,45,7,2151,2,11,-1,1
2014621401895,3,9,0,18,0,0,0,0,0,0,2,1,6,2,33,6,1598,2,4,-1,1
2014621401895,4,9,0,18,0,0,0,0,0,0,1,1,6,2,27,6,1275,1,15,-1,3
2014621401896,1,9,0,18,0,3,0,0,0,0,1,1,6,2,79,11,1995,1,3,-1,1
2014621401897,1,2,0,13,0,8,0,0,0,0,1,1,6,2,19,4,125,1,-1,-1,1
2014621401897,2,9,0,9,0,3,0,0,0,0,3,1,6,1,19,4,-1,-1,-1,-1,1
2014621401898,1,9,0,17,0,0,1,7,1,11,1,1,6,1,27,6,2521,1,5,1,1
2014621401899,1,9,0,16,0,0,0,0,0,0,1,1,6,1,68,10,1389,1,16,-1,1
2014621401900,1,9,0,7,0,6,0,0,0,0,4,1,6,3,-1,-1,-1,-1,-1,-1,-1
2014621401901,1,9,0,4,0,1,0,0,0,0,1,1,6,1,34,6,1598,1,9,-1,1
2014621401901,2,9,0,4,0,1,0,0,0,0,2,1,6,2,29,6,1388,1,8,-1,2
2014621401902,1,9,0,18,0,2,0,0,0,0,1,1,1,1,25,5,1598,1,10,-1,1
2014621401903,1,9,0,13,0,0,0,0,0,0,1,1,6,2,61,9,1248,1,5,-1,1
2014621401903,2,1,0,16,0,0,0,0,0,0,2,1,6,1,46,8,-1,-1,-1,-1,1
2014621401903,3,1,0,16,0,0,0,0,0,0,2,1,6,2,30,6,-1,-1,-1,-1,2
2014621401904,1,9,0,16,0,0,1,0,0,0,1,1,6,1,21,5,1896,2,7,-1,1
2014621401904,2,9,0,18,0,0,0,0,0,0,1,1,6,1,29,6,2172,2,13,-1,2
2014621401905,1,97,0,18,9,0,0,0,0,0,1,1,6,3,-1,-1,-1,-1,-1,-1,-1
2014621401906,1,9,0,18,0,0,1,0,0,0,1,1,6,1,36,7,1995,2,3,-1,1
2014621401906,2,9,0,4,0,0,0,0,0,0,2,1,6,1,49,8,1997,2,1,-1,3
2014621401907,1,9,0,18,0,0,5,4,0,0,1,1,6,2,24,5,1242,1,12,-1,1
2014621401907,2,9,0,18,0,0,0,0,0,0,1,1,6,3,-1,-1,1360,1,6,-1,-1
2014621401907,3,9,0,2,0,0,0,0,0,0,2,1,6,3,-1,-1,998,1,-1,-1,-1
2014621401908,1,20,0,4,0,0,0,0,0,0,1,1,1,1,23,5,-1,-1,-1,2,1
2014621401908,2,9,0,4,0,0,0,0,0,0,2,1,6,1,55,8,1686,2,7,-1,1
2014621401909,1,9,0,4,0,1,0,0,0,0,1,1,6,1,83,11,1124,1,9,-1,1
2014621401909,2,9,0,4,0,1,0,0,0,0,2,1,6,1,60,9,1395,1,-1,-1,1
2014621401910,1,9,0,18,0,1,0,0,0,0,4,1,6,3,-1,-1,-1,-1,-1,-1,-1
2014621401911,1,20,0,18,0,1,0,0,0,0,3,1,1,1,43,7,2402,2,7,-1,1
2014621401912,1,9,0,9,0,6,0,0,0,0,3,1,6,2,19,4,1332,1,17,-1,1
2014621401912,2,9,0,18,0,8,0,0,0,0,1,1,6,2,70,10,1242,1,2,-1,1
2014621401913,1,9,0,18,0,0,1,0,0,0,1,2,6,1,23,5,-1,-1,-1,-1,1
2014621401913,2,9,0,5,0,0,0,0,0,0,3,1,6,1,31,6,1560,2,9,-1,1
2014621401914,1,9,0,4,0,0,0,0,0,0,4,1,6,1,47,8,1896,2,11,-1,1
2014621401914,2,1,0,18,0,0,0,0,0,0,1,1,6,1,7,2,-1,-1,-1,-1,1
2014621401915,1,9,0,18,0,8,0,0,0,0,4,1,6,2,46,8,1229,1,2,-1,1
2014621401916,1,9,0,4,0,0,0,0,0,0,1,1,6,1,32,6,1598,1,-1,-1,2
2014621401916,2,9,0,4,0,0,0,0,0,0,2,1,6,2,52,8,1968,2,5,8,1
2014621401916,3,9,0,4,0,0,0,0,0,0,2,1,6,1,52,8,1984,2,2,-1,3
2014621401917,1,9,0,9,0,1,0,0,0,0,4,1,6,2,87,11,1390,1,4,-1,1
2014621401918,1,9,0,18,0,1,0,0,0,0,1,1,6,1,47,8,1699,1,3,-1,1
2014621401918,2,9,0,18,0,1,0,0,0,0,2,1,6,1,64,9,1956,2,-1,-1,3
2014621401919,1,9,0,18,0,0,0,0,0,0,1,1,6,1,20,4,1368,1,-1,-1,1
2014621401920,1,9,0,18,0,1,0,0,0,0,1,1,6,1,33,6,1598,1,11,-1,1
2014621401921,1,9,0,18,0,8,0,0,0,0,1,1,1,1,58,9,1910,2,4,-1,2
2014621401921,2,9,0,18,0,8,0,0,0,0,3,1,6,1,55,8,2720,2,10,-1,1
2014621401922,1,9,0,18,0,8,0,0,0,0,4,1,6,2,75,10,1587,1,15,-1,1
2014621401922,2,9,0,9,0,8,0,0,0,0,1,1,2,1,31,6,1368,1,7,-1,1
2014621401923,1,9,0,18,0,1,0,0,0,0,1,1,6,2,43,7,1242,1,5,-1,1
2014621401923,2,9,0,18,0,1,0,0,0,0,1,1,6,1,19,4,1299,1,12,-1,2
2014621401923,3,9,0,18,0,1,0,0,0,0,1,1,6,2,22,5,1242,1,3,-1,1
2014621401923,4,9,0,4,0,1,0,0,0,0,2,1,6,1,22,5,1389,1,13,-1,1
2014621401924,1,9,0,16,0,0,1,0,0,0,1,1,6,1,19,4,1596,1,2,-1,1
2014621401924,2,9,0,17,0,0,0,0,0,0,1,1,6,1,22,5,1598,1,10,-1,3
2014621401925,1,1,0,18,0,6,0,0,0,0,2,1,6,2,11,3,-1,-1,-1,-1,1
2014621401925,2,9,0,18,0,8,0,0,0,0,1,1,6,3,-1,-1,1229,1,9,-1,-1
2014621401926,1,9,0,7,0,8,0,0,0,0,0,1,6,1,35,6,1598,1,6,-1,1
2014621401926,2,1,0,18,0,8,0,0,0,0,0,1,6,1,50,8,-1,-1,-1,-1,1
2014621401927,1,9,0,7,0,1,0,0,0,0,4,1,6,1,17,4,998,1,-1,-1,1
2014621401927,2,9,0,18,0,1,0,0,0,0,1,1,6,1,44,7,1995,2,-1,-1,2
2014621401928,1,9,0,18,0,0,0,0,0,0,1,1,6,1,56,9,1591,1,6,-1,1
2014621401929,1,9,0,9,0,8,0,0,0,0,4,1,6,2,72,10,1248,1,5,-1,1
2014621401929,2,1,0,18,0,8,0,0,0,0,1,1,6,1,23,5,-1,-1,-1,-1,1
2014621401930,1,9,0,9,0,6,0,0,0,0,1,1,6,1,53,8,2494,1,9,-1,1
2014621401930,2,1,0,18,0,8,0,0,0,0,4,1,1,1,45,7,-1,-1,-1,-1,1
2014621401931,1,9,0,18,0,2,0,0,0,0,4,1,6,3,-1,-1,-1,-1,-1,-1,-1
2014621401932,1,9,0,5,0,1,0,0,0,0,1,1,1,1,51,8,1753,2,5,-1,1
2014621401933,1,9,0,18,0,0,1,0,1,4,3,1,6,1,25,5,1596,1,5,-1,2
2014621401934,1,20,0,1,0,1,0,0,0,0,2,1,1,1,37,7,6370,2,8,-1,1
2014621401934,2,19,0,3,0,1,0,0,0,0,1,1,1,1,35,6,2300,2,8,-1,1
2014621401935,1,9,0,4,0,0,0,0,0,0,1,1,6,2,22,5,1198,1,2,-1,1
2014621401935,2,9,0,4,0,0,0,0,0,0,1,1,6,1,20,4,1149,1,6,-1,1
2014621401935,3,9,0,4,0,0,0,0,0,0,2,1,6,2,32,6,1396,1,2,-1,2
2014621401936,1,5,0,18,0,1,0,0,0,0,1,1,6,1,22,5,124,1,-1,-1,3
2014621401936,2,9,0,10,0,1,0,0,0,0,2,1,6,1,77,11,1850,1,14,-1,1
2014621401937,1,9,0,18,0,8,0,0,0,0,1,1,6,1,31,6,1910,2,6,-1,1
2014621401937,2,9,0,18,0,8,0,0,0,0,1,1,6,1,27,6,1388,1,10,-1,1
2014621401938,1,9,0,18,0,0,0,0,0,0,1,1,6,2,22,5,1242,1,1,-1,1
2014621401938,2,9,0,3,0,0,0,0,0,0,2,1,6,1,57,9,1686,2,10,-1,1
2014621401939,1,8,0,18,0,0,0,4,0,0,1,1,1,1,58,9,1686,2,4,-1,1
2014621401939,2,9,0,2,0,0,0,0,0,0,2,1,6,3,-1,-1,1992,2,7,-1,-1
2014621401940,1,9,0,9,0,8,0,0,0,0,4,1,6,2,66,10,1388,1,6,-1,1
2014621401940,2,3,0,18,0,8,0,0,0,0,4,1,6,1,20,4,124,1,-1,-1,1
2014621401941,1,19,0,18,0,0,0,0,0,0,1,1,1,1,26,6,1996,2,2,-1,1
2014621401941,2,98,0,18,0,0,0,0,0,0,2,1,1,1,33,6,-1,-1,-1,4,1
2014621401942,1,19,0,18,0,0,0,0,0,0,1,1,1,1,40,7,1995,2,2,-1,3
2014621401942,2,9,0,4,0,0,0,0,0,0,2,1,6,1,47,8,1396,1,-1,-1,1
2014621401943,1,9,0,16,0,0,5,0,5,6,1,1,6,1,25,5,1388,1,12,-1,1
2014621401944,1,20,0,16,0,0,1,0,0,0,1,1,1,1,44,7,2402,2,6,-1,2
2014621401944,2,19,0,17,0,0,0,0,0,0,1,1,1,1,24,5,1248,2,7,-1,2
2014621401945,1,9,0,16,0,0,0,0,0,0,4,1,6,2,25,5,1242,1,6,-1,1
2014621401946,1,9,0,18,0,0,1,0,2,4,1,1,1,1,24,5,1998,1,10,-1,1
2014621401947,1,9,0,5,0,0,0,0,0,0,3,1,2,1,44,7,1997,2,2,-1,-1
2014621401947,2,4,0,18,0,0,0,0,0,0,4,1,2,1,39,7,599,1,16,-1,1
2014621401948,1,9,0,16,0,0,1,0,2,10,1,1,6,1,31,6,1596,1,7,-1,1
2014621401948,2,9,0,17,0,0,0,0,0,0,1,1,6,1,48,8,1968,2,2,-1,1
2014621401949,1,9,0,5,0,0,0,0,0,0,4,1,6,1,33,6,998,1,5,-1,1
2014621401950,1,9,0,18,0,0,0,12,0,0,1,1,6,1,35,6,1598,1,2,-1,1
2014621401952,1,9,0,18,0,0,0,0,0,0,1,1,6,2,36,7,1242,1,11,-1,1
2014621401952,2,9,0,3,0,0,0,0,0,0,2,1,6,1,50,8,2183,2,4,-1,1
2014621401953,1,9,0,9,0,8,0,0,0,0,1,1,6,1,20,4,1998,1,4,-1,1
2014621401953,2,9,0,18,0,8,0,0,0,0,1,1,6,1,50,8,1598,1,8,-1,1
2014621401954,1,8,0,18,0,0,0,7,0,0,3,1,1,1,40,7,1995,2,-1,-1,1
2014621401955,1,9,0,9,0,6,0,0,0,0,1,1,6,2,43,7,1796,1,8,-1,1
2014621401955,2,11,0,18,0,8,0,0,0,0,3,1,1,2,40,7,4250,2,8,-1,1
2014621401956,1,19,0,7,0,8,0,0,0,0,3,1,2,1,59,9,2198,2,-1,-1,1
2014621401956,2,1,0,18,0,1,0,0,0,0,1,1,6,2,55,8,-1,-1,-1,-1,1
2014621401957,1,9,0,18,0,0,1,4,0,0,1,1,6,1,17,4,1124,1,10,-1,1
2014621401957,2,9,0,2,0,0,0,0,0,0,2,1,6,3,-1,-1,-1,-1,-1,-1,-1
2014621401958,1,1,0,18,0,6,0,0,0,0,0,1,6,3,-1,-1,-1,-1,-1,-1,-1
2014621401958,2,9,0,9,0,8,5,7,0,0,3,1,1,2,28,6,1248,2,4,-1,1
2014621401959,1,9,0,18,0,0,1,10,1,0,1,1,6,2,40,7,1242,1,15,-1,1
2014621401960,1,9,0,18,0,0,1,0,1,1,4,1,1,2,59,9,2143,2,-1,-1,3
2014621401961,1,9,0,4,0,1,0,0,0,0,1,1,6,2,71,10,1329,1,4,-1,1
2014621401962,1,9,0,4,0,1,0,0,0,0,2,1,6,2,48,8,1997,2,11,-1,1
2014621401962,2,10,0,16,0,1,0,0,0,0,1,1,6,1,24,5,2500,2,16,-1,1
2014621401963,1,11,0,18,0,1,0,0,0,0,3,1,1,2,57,9,6700,2,1,-1,1
2014621401964,1,3,0,5,0,6,0,0,0,0,3,1,6,2,17,4,124,1,3,-1,3
2014621401964,2,9,0,18,0,1,0,0,0,0,1,1,6,1,67,10,2499,1,7,-1,1
2014621401965,1,9,0,12,0,0,2,0,1,2,3,1,2,1,46,8,1598,1,6,-1,1
2014621401965,2,9,0,18,0,0,0,0,0,0,4,1,2,1,44,7,1910,2,9,-1,1
2014621401966,1,9,0,4,0,0,0,0,0,0,1,1,1,2,33,6,1560,2,3,-1,1
2014621401966,2,9,0,3,0,0,0,0,0,0,2,1,1,2,43,7,1390,1,5,-1,3
2014621401966,3,9,0,4,0,0,0,0,0,0,2,1,1,1,47,8,1995,2,1,-1,2
2014621401966,4,9,0,4,0,0,0,0,0,0,1,1,1,1,59,9,2987,2,6,-1,1
2014621401967,1,20,0,4,0,1,0,0,0,0,1,1,6,1,51,8,4462,2,1,4,1
2014621401967,2,9,0,4,0,1,0,0,0,0,2,1,6,1,32,6,2157,1,17,7,1
2014621401968,1,9,0,9,0,6,0,0,0,0,1,1,6,2,26,6,2993,2,8,-1,1
2014621401968,2,9,0,18,0,1,0,0,1,9,4,1,6,2,22,5,1149,1,14,-1,2
2014621401969,1,9,0,18,0,2,0,0,0,0,1,1,6,1,60,9,1956,2,3,-1,1
2014621401970,1,9,0,7,0,4,0,0,0,0,1,1,6,2,62,9,1560,2,7,-1,2
2014621401971,1,9,0,17,0,0,1,0,7,0,4,1,6,1,31,6,1997,2,11,-1,2
2014621401971,2,9,0,16,0,0,0,0,0,0,1,1,6,2,42,7,2967,2,3,-1,1
2014621401972,1,9,0,18,0,0,0,0,0,0,3,1,6,3,-1,-1,-1,-1,-1,-1,-1
2014621401973,1,9,0,18,0,0,0,0,0,0,1,1,6,2,68,10,-1,-1,-1,-1,1
2014621401973,2,9,0,18,0,0,0,0,0,0,3,1,6,1,60,9,1560,2,3,-1,1
2014621401973,3,9,0,18,0,0,0,0,0,0,3,1,6,2,22,5,1061,1,9,-1,1
2014621401974,1,9,0,11,0,0,0,0,0,0,0,1,6,1,22,5,1390,1,8,7,3
2014621401974,2,8,0,18,2,0,0,10,0,0,4,1,1,1,51,8,-1,-1,-1,-1,1
2014621401975,1,19,0,18,0,0,1,0,1,0,3,1,6,1,45,7,2287,2,3,-1,1
2014621401975,2,9,0,18,0,0,0,0,0,0,4,1,6,2,58,9,1149,1,9,-1,3
2014621401975,3,17,0,6,0,0,0,0,0,0,0,1,6,1,21,5,4400,2,-1,-1,3
2014621401976,1,9,0,9,0,1,0,0,0,0,1,1,6,1,21,5,1388,1,8,-1,1
2014621401976,2,9,0,18,0,1,0,0,0,0,1,1,6,1,60,9,1596,1,3,-1,1
2014621401976,3,9,0,18,0,1,0,0,0,0,1,1,6,1,27,6,2204,2,7,-1,1
2014621401977,1,9,0,18,0,1,1,7,0,0,1,1,2,2,18,4,1149,1,7,-1,1
2014621401978,1,4,0,16,0,0,0,0,1,0,0,1,6,2,60,9,400,1,6,-1,1
2014621401979,1,8,0,5,0,0,0,0,0,0,4,1,1,1,63,9,1998,2,8,-1,1
2014621401980,1,9,0,18,0,0,0,0,4,0,1,1,2,1,34,6,1229,1,1,-1,1
2014621401981,1,4,0,18,0,1,0,0,0,0,1,1,6,1,41,7,346,1,14,-1,1
2014621401981,2,9,0,4,0,1,0,0,0,0,2,1,6,2,22,5,1198,1,8,-1,1
2014621401982,1,9,0,9,0,4,0,0,0,0,3,1,6,3,-1,-1,-1,-1,-1,-1,-1
2014621401983,1,9,0,9,0,6,0,0,0,0,3,1,6,1,55,8,999,1,11,-1,1
2014621401983,2,5,0,18,0,8,1,0,0,0,1,1,6,1,36,7,899,1,15,-1,2
2014621401984,1,19,0,18,0,0,0,0,0,0,1,1,6,1,38,7,2198,2,-1,9,1
2014621401984,2,9,0,18,0,0,0,0,0,0,2,1,6,1,18,4,1242,1,8,-1,2
2014621401985,1,9,0,14,0,1,0,0,7,0,4,1,6,1,32,6,1870,2,9,-1,1
2014621401985,2,21,0,10,0,1,0,0,0,0,3,1,1,1,55,8,11967,2,4,-1,1
2014621401986,1,9,0,18,0,0,0,0,0,0,1,1,1,1,33,6,1995,2,3,-1,2
2014621401986,2,90,0,4,0,0,0,0,0,0,2,1,6,1,47,8,-1,-1,-1,-1,1
2014621401987,1,9,0,7,0,6,0,0,0,0,0,1,2,2,50,8,1998,2,9,-1,1
2014621401987,2,1,0,18,0,8,0,0,0,0,0,1,2,1,57,9,-1,-1,-1,-1,1
2014621401988,1,9,0,9,0,8,0,0,0,0,1,1,6,1,19,4,1596,1,-1,-1,1
2014621401988,2,9,0,18,0,1,0,0,1,0,1,1,6,2,51,8,2997,1,6,-1,1
2014621401989,1,9,0,4,0,1,0,0,0,0,1,1,6,2,22,5,1398,2,5,-1,1
2014621401989,2,9,0,4,0,1,0,0,0,0,2,1,6,1,55,8,1686,2,3,2,1
2014621401990,1,9,0,13,0,0,1,0,5,6,4,1,2,1,56,9,1587,1,8,-1,1
2014621401990,2,11,0,18,0,0,0,0,0,0,3,1,1,1,50,8,4250,2,9,-1,1
2014621401991,1,9,0,18,0,4,0,0,0,0,1,1,1,2,54,8,1910,2,7,-1,3
2014621401991,2,9,0,18,0,8,0,0,0,0,4,1,6,2,53,8,1753,2,11,-1,1
2014621401992,1,9,0,18,0,0,0,0,0,0,1,1,6,1,50,8,1796,1,15,-1,1
2014621401992,2,9,0,18,0,0,0,0,0,0,2,1,6,2,49,8,1396,1,12,-1,1
2014621401992,3,9,0,18,0,0,0,0,0,0,2,1,6,1,49,8,1995,2,1,-1,3
2014621401992,4,9,0,18,0,0,0,0,0,0,2,1,6,1,43,7,1984,1,10,-1,1
2014621401993,1,9,0,18,0,0,1,0,1,1,1,1,6,1,24,5,1461,2,11,-1,1
2014621401994,1,8,0,18,0,0,0,0,0,0,1,1,1,1,62,9,1995,2,2,-1,1
2014621401995,1,9,0,18,0,0,0,0,1,0,1,1,6,1,19,4,1242,1,9,-1,2
2014621401995,2,9,0,18,0,0,0,0,1,11,1,1,6,1,20,4,1388,1,11,-1,2
2014621401996,1,9,0,18,0,1,0,0,0,0,3,1,6,1,21,5,1229,1,6,8,3
2014621401997,1,9,0,1,0,0,0,0,0,0,2,1,6,2,21,5,-1,-1,-1,-1,1
2014621401997,2,9,0,2,0,0,0,0,0,0,0,1,6,1,56,9,1900,2,14,-1,1
2014621401998,1,9,0,18,0,4,0,0,0,0,1,1,6,2,38,7,2231,2,9,-1,1
2014621401998,2,1,0,18,0,8,0,0,0,0,4,1,6,1,68,10,-1,-1,-1,-1,1
2014621401999,1,9,0,18,0,4,0,0,0,0,1,1,6,1,80,11,1329,1,5,-1,3
2014621401999,2,9,0,3,0,4,0,0,0,0,2,1,6,2,35,6,1229,1,7,-1,1
2014621402000,1,1,0,18,0,0,0,0,0,0,1,1,1,1,40,7,-1,-1,-1,-1,1
2014621402000,2,9,0,9,0,0,0,0,0,0,4,1,6,1,68,10,1560,2,3,-1,1
2014621402001,1,9,0,5,0,0,0,0,0,0,3,1,6,1,54,8,1560,2,9,-1,1
2014621402001,2,9,0,14,0,0,0,0,0,0,4,1,6,1,24,5,1587,1,11,-1,1
2014621402002,1,9,0,18,0,1,0,0,0,0,1,1,6,1,32,6,1998,1,6,-1,1
2014621402002,2,9,0,3,0,1,0,0,0,0,2,1,6,2,29,6,1368,1,4,-1,3
2014621402003,1,9,0,17,0,0,5,10,1,0,1,1,6,2,21,5,1590,1,10,-1,1
2014621402004,1,9,0,18,0,0,0,0,0,0,0,1,6,3,-1,-1,-1,-1,-1,-1,-1
2014621402004,2,9,0,18,0,0,0,0,0,0,1,1,6,2,36,7,1399,2,2,-1,1
2014621402004,3,9,0,2,0,0,0,0,0,0,1,1,6,3,-1,-1,1896,2,11,-1,-1
2014621402005,1,9,0,17,0,0,2,0,7,0,4,1,6,1,38,7,1124,1,11,-1,1
2014621402006,1,9,0,18,0,0,5,7,1,0,1,1,6,1,85,11,1388,1,9,-1,1
2014621402007,1,9,0,18,0,2,5,4,0,0,1,1,6,1,93,11,1995,2,7,-1,1
2014621402007,2,9,0,2,0,1,0,0,0,0,2,1,6,3,-1,-1,1612,1,4,-1,-1
2014621402007,3,9,0,2,0,1,0,0,0,0,2,1,6,3,-1,-1,1988,2,7,-1,-1
2014621402009,1,9,0,18,0,0,0,0,0,0,3,1,6,2,67,10,1339,1,5,-1,3
2014621402009,2,9,0,2,0,0,0,0,0,0,4,1,6,3,-1,-1,1422,2,4,-1,-1
2014621402010,1,9,0,1,0,5,0,0,0,0,2,1,6,3,-1,-1,-1,-1,-1,-1,-1
2014621402010,2,1,0,18,0,1,0,0,0,0,1,1,6,1,10,2,-1,-1,-1,-1,1
2014621402011,1,9,0,3,0,0,0,0,0,0,1,1,6,3,-1,-1,-1,-1,-1,-1,-1
2014621402011,2,9,0,3,0,0,0,0,0,0,2,1,3,2,34,6,1341,1,9,-1,1
2014621402012,1,5,0,7,0,6,0,0,0,0,3,1,6,1,27,6,599,1,4,-1,1
2014621402013,1,9,0,18,0,1,0,0,0,0,1,1,6,2,55,8,1995,2,3,-1,1
2014621402013,2,9,0,4,0,1,0,0,0,0,2,1,6,2,48,8,1796,1,14,-1,1
2014621402013,3,19,0,18,0,1,0,0,0,0,2,1,6,1,26,6,2402,2,3,-1,1
2014621402014,1,9,0,9,0,8,0,0,0,0,3,1,6,1,59,9,1390,1,-1,-1,1
2014621402014,2,9,0,18,0,8,0,0,0,0,1,1,6,2,38,7,1591,1,2,-1,1
2014621402015,1,19,0,18,0,0,0,0,0,0,1,1,1,1,28,6,2143,2,3,-1,1
2014621402015,2,9,0,3,0,0,0,0,0,0,2,1,6,2,37,7,1798,1,6,-1,1
2014621402015,3,9,0,3,0,0,0,0,0,0,2,1,6,1,46,8,1598,1,10,-1,1
2014621402015,4,9,0,3,0,0,0,0,0,0,2,1,6,1,40,7,1997,1,7,-1,1
2014621402016,1,11,0,5,2,1,0,0,0,0,4,1,1,1,55,8,7300,2,6,-1,2
2014621402017,1,9,0,18,0,1,1,0,0,0,1,1,6,2,28,6,1248,2,9,-1,1
2014621402017,2,9,0,7,0,1,0,0,0,1,2,1,6,1,85,11,1560,2,4,-1,1
2014621402018,1,9,0,18,0,0,0,0,0,0,1,1,6,2,36,7,1461,2,-1,-1,3
2014621402018,2,9,0,18,0,0,0,0,0,0,2,1,6,3,-1,-1,-1,-1,-1,-1,-1
2014621402018,3,9,0,18,0,0,0,0,0,0,4,1,6,3,-1,-1,-1,-1,-1,-1,-1
2014621402018,4,9,0,18,0,0,0,0,0,0,0,1,6,2,58,9,1390,1,6,-1,1
2014621402018,5,19,0,18,0,0,0,0,0,0,1,1,6,1,56,9,1997,2,8,-1,1
2014621402020,1,9,0,6,0,0,0,0,0,0,1,1,6,1,82,11,1242,1,10,-1,1
2014621402020,2,9,0,18,0,0,0,0,0,0,1,1,2,1,38,7,1997,2,12,-1,2
2014621402021,1,9,0,18,0,0,0,0,0,0,3,1,6,2,70,10,1498,1,9,-1,1
2014621402021,2,9,0,2,0,0,0,0,0,0,4,1,6,3,-1,-1,1896,2,9,-1,-1
2014621402022,1,3,0,18,0,0,0,0,0,0,0,1,2,1,19,4,124,1,-1,-1,1
2014621402022,2,9,0,10,0,0,0,0,0,0,0,1,6,1,65,9,2179,2,7,-1,1
2014621402023,1,9,0,18,0,0,0,0,0,0,1,1,6,2,21,5,1388,1,11,-1,1
2014621402023,2,9,0,3,0,0,0,0,0,0,2,1,6,2,25,5,998,1,7,-1,3
2014621402024,1,9,0,12,0,7,0,0,2,7,3,1,6,2,76,11,1364,1,5,-1,1
2014621402024,2,21,0,18,0,1,0,0,0,0,4,1,1,1,60,9,10824,2,11,-1,1
2014621402025,1,9,0,15,0,0,0,0,0,0,1,1,6,3,-1,-1,2544,1,16,-1,-1
2014621402025,2,9,0,18,0,0,0,0,0,0,1,1,1,1,52,8,1229,1,5,-1,1
2014621402026,1,9,0,4,0,0,0,11,0,0,1,1,6,1,81,11,1596,1,13,-1,3
2014621402027,1,9,0,18,0,8,0,0,0,0,1,1,6,1,33,6,1171,1,19,-1,1
2014621402027,2,9,0,18,0,8,0,0,0,0,1,1,6,1,44,7,1493,1,12,-1,1
2014621402028,1,9,0,18,0,1,0,0,0,0,4,1,6,2,69,10,1598,1,8,-1,1
2014621402029,1,9,0,11,0,8,0,0,0,0,4,1,6,2,40,7,2993,2,1,-1,1
2014621402029,2,9,0,4,0,8,0,0,0,0,3,1,6,1,19,4,1242,1,8,-1,1
2014621402030,1,9,0,16,0,1,0,0,0,0,1,1,6,1,23,5,1596,1,6,-1,1
2014621402030,2,19,0,17,0,1,0,0,0,0,1,1,6,1,30,6,2198,2,1,-1,1
2014621402031,1,9,0,18,0,1,0,0,0,0,1,1,6,1,47,8,1686,2,2,-1,1
2014621402032,1,9,0,9,0,5,0,0,0,0,1,1,6,2,44,7,1598,1,2,-1,1
2014621402032,2,9,0,9,0,5,0,0,0,0,4,1,6,1,17,4,1242,1,5,-1,2
2014621402034,1,9,0,4,0,0,0,0,0,0,1,1,6,1,19,4,1390,1,2,-1,3
2014621402034,2,9,0,4,0,0,0,0,5,6,2,1,6,1,67,10,2148,2,6,-1,1
2014621402034,3,9,0,4,0,0,0,0,0,0,2,1,6,2,36,7,1598,2,2,-1,3
2014621402035,1,9,0,9,0,1,0,0,0,0,1,1,6,2,57,9,1896,2,7,-1,1
2014621402035,2,9,0,18,0,1,0,0,0,0,3,1,6,2,40,7,1598,1,13,-1,1
2014621402035,3,9,0,18,0,1,0,0,0,0,0,1,6,1,55,8,1399,2,3,-1,1
2014621402036,1,8,0,18,0,1,0,0,0,0,1,1,1,1,26,6,1910,2,6,-1,1
2014621402036,2,9,0,4,0,1,0,0,0,0,2,1,6,2,17,4,998,1,5,-1,2
2014621402037,1,9,0,18,0,1,0,0,0,0,3,1,6,2,59,9,1796,1,10,-1,2
2014621402037,2,1,0,18,0,1,0,0,0,0,1,1,6,2,14,3,-1,-1,-1,-1,3
2014621402038,1,9,0,16,0,0,1,0,2,11,1,1,1,2,40,7,1586,1,8,-1,1