Accident_Index,Vehicle_Reference,Vehicle_Type,Towing_and_Articulation,Vehicle_Manoeuvre,Vehicle_Location-Restricted_Lane,Junction_Location,Skidding_and_Overturning,Hit_Object_in_Carriageway,Vehicle_Leaving_Carriageway,Hit_Object_off_Carriageway,1st_Point_of_Impact,Was_Vehicle_Left_Hand_Drive?,Journey_Purpose_of_Driver,Sex_of_Driver,Age_of_Driver,Age_Band_of_Driver,Engine_Capacity_(CC),Propulsion_Code,Age_of_Vehicle,Driver_IMD_Decile,Driver_Home_Area_Type
2014621402039,1,1,0,18,0,0,0,0,0,0,1,1,6,1,25,5,-1,-1,-1,-1,1
2014621402039,2,9,0,18,0,0,0,0,0,0,2,1,6,1,45,7,1896,2,11,-1,1
2014621402040,1,11,0,18,0,0,0,0,0,0,1,1,1,1,41,7,4500,2,1,-1,3
2014621402041,1,9,0,18,0,2,0,0,0,0,1,1,6,1,45,7,1995,2,13,-1,1
2014621402042,1,9,0,18,0,0,1,0,4,6,1,1,6,1,45,7,1399,2,7,-1,1
2014621402042,2,19,0,18,0,0,0,0,0,0,1,1,6,1,35,6,2446,2,17,-1,1
2014621402042,3,9,0,4,0,0,0,0,0,0,2,1,6,1,41,7,1968,2,4,-1,1
2014621402043,1,9,0,18,0,0,0,0,0,0,1,1,1,2,17,4,1329,1,2,-1,1
2014621402043,2,9,0,4,0,0,0,0,0,0,2,1,1,2,34,6,-1,-1,-1,-1,1
2014621402044,1,9,0,9,0,8,0,0,0,0,3,1,6,1,26,6,1896,2,11,-1,1
2014621402044,2,1,0,18,0,8,0,0,0,0,1,1,6,1,23,5,-1,-1,-1,-1,1
2014621402045,1,9,0,18,0,0,0,0,0,0,1,1,6,1,21,5,1968,2,9,-1,1
2014621402045,2,9,0,18,0,0,0,0,0,0,2,1,6,2,56,9,1587,1,9,-1,1
2014621402046,1,9,0,18,0,0,2,0,1,0,4,1,6,1,25,5,1998,1,9,-1,1
2014621402047,1,9,0,9,0,5,0,0,0,0,1,1,6,2,53,8,1796,1,11,-1,2
2014621402047,2,1,0,18,0,1,0,0,0,0,1,1,2,1,39,7,-1,-1,-1,-1,1
2014621402048,1,9,0,9,0,6,5,0,0,0,1,1,6,2,31,6,1390,1,13,-1,1
2014621402048,2,9,0,9,0,6,0,0,0,0,2,1,6,1,55,8,1598,1,9,-1,1
2014621402049,1,9,0,5,0,1,0,0,0,0,3,1,1,1,51,8,-1,-1,-1,-1,1
2014621402050,1,9,0,7,0,6,0,0,0,0,3,1,6,1,56,9,2401,2,9,-1,2
2014621402050,2,1,0,18,0,1,0,0,0,0,1,1,6,1,39,7,-1,-1,-1,-1,1
2014621402051,1,9,0,18,0,0,1,0,0,7,1,1,6,1,29,6,1596,1,8,-1,1
2014621402051,2,9,0,18,0,0,0,0,0,0,2,1,6,2,29,6,1995,2,2,-1,1
2014621402052,1,9,0,14,0,1,0,0,0,0,1,1,6,1,24,5,1596,1,3,-1,2
2014621402052,2,9,0,18,0,1,0,0,0,0,1,1,6,2,65,9,1769,1,13,-1,1
2014621402053,1,21,0,4,0,7,1,0,0,7,1,1,1,1,46,8,12580,2,8,-1,1
2014621402053,2,21,0,3,0,7,0,0,0,0,2,1,6,1,34,6,10837,2,2,-1,1
2014621402054,1,9,0,17,0,4,5,10,2,7,4,1,6,1,26,6,1896,2,12,-1,1
2014621402055,1,11,0,9,0,5,0,0,0,0,1,1,1,1,49,8,4461,2,1,-1,1
2014621402056,1,3,0,14,0,0,0,0,0,0,4,1,6,2,16,4,-1,-1,-1,-1,1
2014621402056,2,9,0,3,0,0,0,0,0,0,3,1,6,1,22,5,-1,-1,-1,-1,1
2014621402056,3,9,0,18,0,0,0,0,0,0,0,1,6,2,86,11,1600,1,10,-1,1
2014621402058,1,9,0,18,0,0,1,0,5,6,1,1,6,1,21,5,1149,1,13,-1,1
2014621402059,1,9,0,4,0,1,0,0,0,0,1,1,6,1,41,7,1956,2,-1,-1,1
2014621402059,2,9,0,3,0,1,0,0,0,0,2,1,6,2,23,5,1461,2,4,-1,2
2014621402059,3,9,0,3,0,1,0,0,0,0,2,1,6,1,48,8,1798,2,2,-1,1
2014621402060,1,19,0,18,0,0,0,0,0,0,1,1,1,1,59,9,1995,2,5,-1,1
2014621402060,2,9,0,4,0,0,0,0,0,0,2,1,6,2,43,7,1328,1,13,-1,1
2014621402060,3,9,0,4,0,0,0,0,0,0,2,1,6,2,32,6,1984,1,6,-1,1
2014621402061,1,9,0,18,0,0,0,0,0,0,1,1,6,1,56,9,1956,2,2,-1,1
2014621402061,2,9,0,18,0,0,0,0,0,0,2,1,6,1,19,4,1242,1,2,-1,2
2014621402061,3,19,0,18,0,0,0,0,0,0,2,1,6,1,52,8,1995,2,-1,-1,1
2014621402061,4,9,0,18,0,0,0,0,0,0,2,1,6,2,36,7,1896,2,8,-1,3
2014621402062,1,9,0,4,0,0,0,0,0,0,1,1,6,2,29,6,973,1,12,-1,1
2014621402062,2,9,0,3,0,0,0,0,0,0,2,1,6,2,62,9,1596,1,10,-1,1
2014621402062,3,9,0,3,0,0,0,0,0,0,2,1,6,2,38,7,-1,-1,-1,-1,1
2014621402063,1,9,0,18,0,1,0,0,0,0,1,1,6,2,48,8,1242,1,3,-1,1
2014621402065,1,9,0,18,0,4,0,0,3,4,1,1,1,2,21,5,1597,1,10,-1,2
2014621402066,1,9,0,16,0,0,5,10,7,7,4,1,6,1,18,4,1328,1,6,-1,2
2014621402067,1,9,0,18,0,0,0,0,0,0,1,1,6,1,25,5,1596,1,9,-1,1
2014621402067,2,9,0,18,0,0,0,0,0,0,2,1,6,1,69,10,1984,1,7,-1,1
2014621402067,3,9,0,18,0,0,0,0,0,0,2,1,6,2,28,6,1560,2,5,-1,1
2014621402067,4,9,0,18,0,0,0,0,0,0,2,1,6,2,26,6,1796,1,9,-1,1
2014621402068,1,9,0,9,0,5,0,0,0,0,1,1,6,2,19,4,1242,1,5,-1,1
2014621402069,1,9,0,1,0,0,0,0,0,0,3,1,1,1,19,4,1240,1,8,-1,1
2014621402070,1,9,0,4,0,8,0,0,0,0,1,1,6,1,29,6,1388,1,5,-1,1
2014621402070,2,9,0,4,0,8,0,0,0,0,2,1,1,1,21,5,1299,1,8,-1,1
2014621402070,3,9,0,4,0,8,0,0,0,0,2,1,1,1,45,7,1850,1,17,-1,2
2014621402071,1,9,0,4,0,1,0,0,0,0,1,1,6,2,66,10,1299,1,6,-1,1
2014621402071,2,9,0,4,0,1,0,0,0,0,2,1,6,2,27,6,2204,2,6,-1,3
2014621402072,1,9,0,18,0,1,0,0,0,0,1,1,2,1,33,6,1896,2,11,-1,1
2014621402072,2,9,0,9,0,8,0,0,0,0,1,1,6,1,24,5,1229,1,5,-1,3
2014621402073,1,9,0,18,0,8,0,0,0,0,1,1,6,1,32,6,1686,2,9,-1,1
2014621402073,2,9,0,10,0,8,0,0,0,0,2,1,3,1,32,6,1796,1,14,-1,1
2014621402074,1,8,0,5,0,1,0,0,0,0,1,1,1,1,43,7,1896,2,5,-1,1
2014621402074,2,9,0,18,0,1,0,0,0,0,2,1,6,2,47,8,995,1,6,-1,1
2014621402075,1,8,0,2,0,0,0,0,0,0,0,1,1,1,49,8,1360,1,5,-1,1
2014621402076,1,9,0,4,0,1,0,10,3,4,1,1,6,1,17,4,1229,1,3,-1,1
2014621402077,1,9,0,16,0,0,5,0,0,0,3,1,6,1,23,5,1149,1,3,-1,1
2014621402078,1,9,0,5,0,4,0,0,0,0,4,1,6,2,75,10,998,1,9,-1,2
2014621402078,2,9,0,18,0,3,0,0,0,0,1,1,2,1,50,8,5998,1,2,-1,1
2014621402080,1,9,0,9,0,8,0,0,0,0,1,1,2,1,21,5,1197,1,-1,-1,1
2014621402081,1,9,0,4,0,0,0,0,0,0,1,1,6,1,44,7,1499,2,-1,-1,3
2014621402081,2,9,0,4,0,0,0,0,0,0,2,1,6,2,41,7,1329,1,2,-1,3
2014621402081,3,9,0,4,0,0,0,0,0,0,2,1,6,1,52,8,998,1,4,-1,1
2014621402082,1,9,0,18,0,3,0,7,7,2,1,1,6,1,31,6,2993,2,5,-1,2
2014621402082,2,9,0,2,9,2,0,0,0,0,2,1,6,3,-1,-1,1995,2,3,-1,-1
2014621402082,3,9,0,2,0,1,0,0,0,0,2,1,6,3,-1,-1,1461,2,3,-1,-1
2014621402083,1,3,0,4,0,4,1,0,0,0,1,1,2,1,35,6,125,1,1,-1,1
2014621402084,1,9,0,18,0,4,1,0,0,0,1,1,6,2,46,8,1984,1,14,-1,1
2014621402084,2,9,0,9,0,4,0,0,0,0,1,1,6,2,41,7,1796,1,8,-1,1
2014621402085,1,9,0,4,0,0,0,0,0,0,1,1,6,3,-1,-1,1951,2,10,-1,-1
2014621402085,2,9,0,4,0,0,0,0,0,0,2,1,6,1,22,5,998,1,14,-1,1
2014621402086,1,3,0,4,0,1,0,0,0,0,1,1,6,1,24,5,125,1,7,-1,1
2014621402086,2,9,0,9,0,1,0,0,0,0,3,1,6,1,31,6,1910,2,7,-1,3
2014621402087,1,9,4,18,0,1,1,0,0,0,1,1,6,1,51,8,2495,2,15,-1,1
2014621402087,2,19,0,4,0,1,0,0,0,0,2,1,1,2,36,7,1753,2,7,-1,1
2014621402087,3,9,0,4,0,1,0,0,0,0,0,1,1,1,43,7,2993,2,2,-1,3
2014621402088,1,9,0,17,0,0,0,0,7,11,4,1,6,2,34,6,1686,2,11,-1,3
2014621402089,1,9,0,18,0,1,1,10,5,6,1,1,6,2,71,10,1587,1,10,-1,1
2014621402089,2,9,0,3,0,1,0,0,0,0,2,1,6,1,53,8,1248,2,1,-1,1
2014621402089,3,9,0,3,0,1,0,0,0,0,2,1,6,2,46,8,3628,2,4,-1,3
2014621402089,4,9,0,3,0,1,0,0,0,0,3,1,6,2,32,6,1461,2,3,-1,2
2014621402089,5,9,0,3,0,2,0,0,0,0,2,1,6,2,40,7,1596,1,15,-1,1
2014621402090,1,9,0,6,0,8,0,0,0,0,1,1,6,1,19,4,1598,2,-1,-1,1
2014621402090,2,9,0,18,0,1,0,0,0,0,1,1,1,1,48,8,1598,2,2,-1,1
2014621402091,1,9,0,18,0,0,0,0,0,0,1,1,6,2,24,5,1995,2,7,-1,1
2014621402091,2,9,0,18,0,0,0,0,0,0,2,1,6,1,22,5,1360,1,8,-1,1
2014621402092,1,9,0,18,0,0,1,0,0,7,1,1,6,2,45,7,1398,2,6,-1,1
2014621402093,1,1,0,18,0,6,0,0,0,0,4,1,6,2,19,4,-1,-1,-1,-1,1
2014621402093,2,9,0,18,0,1,0,0,0,0,1,1,6,1,25,5,1560,2,5,-1,2
2014621402094,1,9,0,18,0,1,0,0,0,0,1,1,6,1,25,5,1149,1,4,-1,1
2014621402095,1,19,0,18,0,0,0,0,0,0,1,1,6,3,-1,-1,-1,-1,-1,-1,-1
2014621402096,1,8,0,18,0,0,0,0,0,0,3,1,1,1,33,6,2143,2,3,-1,1
2014621402097,1,9,0,7,0,5,1,0,0,1,1,1,6,2,28,6,1298,1,14,-1,2
2014621402098,1,19,0,18,0,3,0,0,0,0,1,1,1,1,22,5,2143,2,-1,-1,1
2014621402098,2,9,0,18,0,3,0,0,0,0,2,1,6,2,71,10,1360,1,10,-1,1
2014621402099,1,9,0,17,0,1,0,0,0,0,1,1,6,2,58,9,2204,2,7,-1,1
2014621402099,2,9,0,16,0,1,0,0,0,0,1,1,6,2,47,8,1686,2,9,-1,1
2014621402100,1,9,0,16,0,0,0,0,7,7,1,1,6,1,19,4,1753,2,11,-1,3
2014621402101,1,9,0,5,0,0,0,0,0,0,3,1,6,1,53,8,2179,2,-1,-1,3
2014621402101,2,9,0,18,0,0,0,0,0,0,1,1,6,2,20,4,1198,1,4,10,1
2014621402102,1,5,0,13,0,8,0,0,7,0,1,1,2,1,28,6,806,1,-1,-1,1
2014621402102,2,20,0,9,0,5,0,0,0,0,3,1,1,1,28,6,-1,-1,-1,3,1
2014621402103,1,9,0,1,0,1,0,0,0,0,2,1,6,1,27,6,1560,2,8,-1,3
2014621402104,1,9,0,16,0,1,0,4,0,0,1,1,6,1,67,10,1796,1,13,-1,1
2014621402104,2,9,0,2,0,1,0,0,0,0,2,1,6,3,-1,-1,1399,2,3,-1,-1
2014621402105,1,90,0,5,0,4,0,0,0,0,1,1,1,1,35,6,2198,2,2,-1,1
2014621402105,2,9,0,3,0,4,0,0,0,0,2,1,6,2,37,7,1968,2,6,-1,1
2014621402106,1,1,0,18,0,8,0,0,0,0,1,1,6,1,16,4,-1,-1,-1,-1,1
2014621402106,2,9,0,18,0,1,0,0,0,0,4,1,6,1,46,8,2148,2,11,-1,1
2014621402107,1,9,0,9,0,6,0,0,0,0,0,1,6,2,35,6,1896,2,7,-1,1
2014621402107,2,3,0,18,0,1,0,0,0,0,0,1,2,1,18,4,124,1,5,-1,1
2014621402108,1,9,0,4,0,1,0,0,4,1,1,1,6,2,75,10,998,1,14,-1,1
2014621402108,2,9,0,10,0,1,0,0,0,0,2,1,6,1,64,9,1984,1,6,-1,3
2014621402109,1,1,0,18,0,0,0,0,0,0,2,1,6,2,23,5,-1,-1,-1,-1,1
2014621402109,2,1,0,18,0,0,0,0,0,0,1,1,6,2,34,6,-1,-1,-1,-1,1
2014621402109,3,1,0,18,0,0,0,0,0,0,2,1,6,1,45,7,-1,-1,-1,-1,2
2014621402109,4,1,0,18,0,0,0,0,0,0,3,1,6,1,27,6,-1,-1,-1,-1,2
2014621402109,5,1,0,18,0,0,0,0,0,0,2,1,6,1,19,4,-1,-1,-1,6,3
2014621402110,1,9,0,18,0,0,0,0,0,0,1,1,6,2,43,7,1360,1,7,-1,1
2014621402110,2,9,0,18,0,0,0,0,0,0,1,1,6,2,60,9,1596,1,5,-1,3
2014621402111,1,9,0,9,0,5,0,0,0,0,3,1,6,1,41,7,1968,2,9,-1,2
2014621402112,1,9,0,9,0,6,0,0,0,0,1,1,6,1,47,8,1796,1,12,-1,3
2014621402112,2,9,0,18,0,8,1,0,0,0,4,1,6,2,46,8,1422,2,9,-1,1
2014621402113,1,19,0,18,0,1,0,0,0,0,1,1,6,1,54,8,1896,2,7,-1,1
2014621402113,2,9,0,18,0,7,0,0,0,0,2,1,6,2,40,7,1560,2,3,-1,1
2014621402113,3,9,0,18,0,1,0,0,0,0,1,1,6,3,-1,-1,-1,-1,-1,-1,-1
2014621402114,1,9,0,5,0,6,0,0,0,0,3,1,6,1,18,4,1199,1,10,-1,1
2014621402114,2,9,0,18,0,1,0,0,0,0,4,1,6,2,29,6,1598,2,-1,-1,1
2014621402115,1,11,0,18,0,0,0,0,0,0,0,1,1,1,52,8,7300,2,7,-1,1
2014621402116,1,3,0,18,0,0,0,0,0,0,0,1,6,1,17,4,124,1,5,-1,1
2014621402117,1,9,0,5,0,4,0,0,0,0,3,1,1,2,31,6,-1,-1,-1,-1,2
2014621402117,2,8,0,9,0,3,0,0,0,0,1,1,1,1,63,9,1997,2,11,-1,1
2014621402118,1,9,0,7,0,1,0,0,0,0,3,1,6,2,18,4,995,1,7,-1,3
2014621402118,2,8,0,8,0,1,0,0,0,0,3,1,1,1,51,8,1995,2,1,-1,3
2014621402119,1,9,0,18,0,0,1,0,0,0,1,1,6,1,18,4,1560,2,5,-1,1
2014621402119,2,9,0,4,0,0,0,0,0,0,2,1,6,2,48,8,1896,2,12,-1,1
2014621402120,1,9,0,16,0,0,0,4,0,0,1,1,2,1,20,4,1896,2,12,-1,2
2014621402120,2,9,0,2,0,0,0,4,0,0,2,1,6,3,-1,-1,1995,1,12,-1,-1
2014621402120,3,9,0,2,0,0,0,0,0,0,2,1,6,1,40,7,-1,-1,-1,-1,2
2014621402121,1,9,0,16,0,0,0,0,8,4,1,1,6,2,32,6,1560,2,8,-1,1
2014621402122,1,9,0,6,0,0,0,0,1,11,1,1,6,2,71,10,995,1,7,-1,1
2014621402122,2,9,0,2,0,0,0,0,0,0,1,1,6,2,31,6,1598,1,8,-1,1
2014621402123,1,3,0,14,0,0,0,0,0,0,1,1,6,1,26,6,124,1,-1,-1,1
2014621402123,2,98,0,3,0,0,0,0,0,0,0,1,6,1,33,6,1998,2,13,-1,1
2014621402123,3,9,0,3,0,0,0,0,0,0,3,1,6,2,52,8,1461,2,5,-1,1
2014621402124,1,9,0,18,0,0,1,0,0,0,1,1,6,2,55,8,1598,1,13,-1,1
2014621402124,2,9,0,18,0,0,0,0,0,0,1,1,6,2,27,6,1997,1,9,-1,3
2014621402124,3,9,0,18,0,0,0,0,0,0,1,1,2,2,72,10,1560,2,2,-1,1
2014621402124,4,9,0,18,0,0,0,0,0,0,1,1,2,2,33,6,1242,1,10,-1,1
2014621402124,5,9,0,18,0,0,0,0,0,0,1,1,6,1,20,4,1596,1,6,-1,1
2014621402124,6,9,0,18,0,0,0,0,0,0,1,1,6,2,24,5,1398,2,10,-1,1
2014621402125,1,9,0,18,0,0,0,0,0,0,1,1,6,1,48,8,1388,1,12,-1,1
2014621402125,2,9,0,4,0,0,0,0,0,0,2,1,6,1,60,9,2664,2,9,-1,3
2014621402125,3,9,0,9,0,0,0,0,0,0,2,1,6,2,51,8,1753,2,12,-1,1
2014621402126,1,9,0,9,0,1,0,0,0,0,4,1,6,1,29,6,2700,1,11,-1,1
2014621402126,2,4,0,18,0,1,0,0,0,0,1,1,6,1,35,6,1000,1,12,-1,2
2014621402127,1,19,0,4,0,0,1,0,0,0,1,1,1,1,49,8,1560,2,7,-1,1
2014621402127,2,9,0,4,0,0,0,0,0,0,2,1,6,1,54,8,1590,1,11,-1,1
2014621402127,3,9,0,4,0,0,0,0,0,0,2,1,2,2,58,9,1364,2,4,-1,1
2014621402128,1,9,0,16,0,0,5,0,0,0,0,1,6,1,20,4,1328,1,6,-1,2
2014621402129,1,9,0,18,0,1,0,0,0,0,1,1,6,1,76,11,1242,1,11,-1,1
2014621402130,1,9,0,18,0,0,0,0,0,0,1,1,6,1,20,4,1360,1,10,-1,1
2014621402130,2,11,0,18,0,0,0,0,0,0,1,1,1,1,40,7,4580,2,7,-1,1
2014621402131,1,9,0,18,0,1,0,0,0,0,3,1,6,2,24,5,1328,1,9,-1,1
2014621402132,1,9,0,16,0,2,1,0,1,11,3,1,6,2,17,4,1242,1,13,-1,1
2014621402133,1,9,0,18,0,2,1,0,1,10,3,1,6,1,24,5,1527,2,12,-1,1
2014621402134,1,9,0,18,0,0,0,0,0,0,4,1,6,2,36,7,1242,1,4,-1,1
2014621402135,1,9,0,7,0,4,0,0,0,0,3,1,6,1,27,6,1598,1,6,-1,1
2014621402135,2,3,0,18,0,8,1,0,0,0,1,1,2,1,25,5,124,1,6,-1,1
2014621402136,1,9,0,18,0,8,0,0,0,0,1,1,6,1,71,10,1398,1,2,-1,1
2014621402136,2,9,0,18,0,4,0,0,0,0,3,1,1,1,50,8,2000,2,3,-1,1
2014621402137,1,9,0,18,0,0,1,0,1,4,1,1,6,2,28,6,1794,1,11,-1,1
2014621402137,2,10,0,18,0,0,0,0,0,0,4,1,1,1,55,8,-1,-1,-1,-1,1
2014621402138,1,9,0,18,0,8,0,0,0,0,1,1,6,1,30,6,1590,1,13,-1,1
2014621402138,2,9,0,9,0,8,0,0,0,0,3,1,6,2,42,7,1997,2,5,-1,2
2014621402139,1,8,0,18,0,4,0,0,0,0,1,1,1,1,48,8,1598,2,2,-1,1
2014621402139,2,1,0,18,0,4,0,0,0,0,1,1,6,1,27,6,-1,-1,-1,-1,1
2014621402141,1,9,0,5,0,4,0,0,0,0,1,1,6,1,30,6,1388,1,10,-1,1
2014621402141,2,9,0,5,0,4,0,0,0,0,2,1,6,1,32,6,1598,1,12,-1,1
2014621402142,1,9,0,18,0,4,0,0,0,0,1,1,6,2,46,8,1798,8,2,-1,1
2014621402142,2,9,0,4,0,4,0,0,0,0,2,1,6,2,38,7,2000,2,5,-1,1
2014621402143,1,9,0,4,0,1,0,0,0,0,1,1,6,1,29,6,1595,1,2,-1,1
2014621402143,2,9,0,4,0,1,0,0,0,0,2,1,6,1,49,8,1796,1,6,-1,2
2014621402145,1,10,0,6,0,8,0,0,0,0,3,1,1,1,47,8,-1,-1,-1,-1,1
2014621402145,2,9,0,18,0,8,0,0,0,0,1,1,1,1,50,8,1896,2,4,-1,1
2014621402146,1,9,0,18,0,8,0,0,0,0,1,1,6,2,63,9,1299,1,8,-1,1
2014621402146,2,9,0,18,0,8,0,0,0,0,3,1,1,1,34,6,1598,2,1,-1,1
2014621402147,1,9,0,8,0,1,0,0,0,0,1,1,6,1,33,6,1998,1,12,-1,2
2014621402147,2,9,0,8,0,1,0,0,0,0,2,1,6,2,43,7,1968,2,7,-1,3
2014621402148,1,9,0,6,0,0,0,0,0,0,3,1,6,1,63,9,1596,1,8,-1,3
2014621402148,2,9,0,13,0,0,0,0,0,0,4,1,6,1,39,7,1397,1,4,-1,1
2014621402149,1,9,0,5,0,6,0,0,0,0,4,1,6,2,55,8,1240,1,11,-1,1
2014621402149,2,9,0,18,0,1,0,0,0,0,1,1,6,2,27,6,1242,1,7,-1,1
2014621402150,1,19,0,4,0,0,0,0,0,0,1,1,1,1,33,6,2198,2,-1,-1,3
2014621402150,2,9,0,4,0,0,0,0,0,0,2,1,6,1,35,6,1968,2,10,-1,1
2014621402152,1,9,0,5,0,6,0,0,0,0,1,1,6,2,44,7,1390,1,8,-1,1
2014621402152,2,9,0,8,0,6,0,0,0,0,2,1,6,2,38,7,2179,2,6,-1,1
2014621402153,1,1,0,18,0,4,0,0,0,0,1,1,2,1,25,5,-1,-1,-1,-1,1
2014621402153,2,9,0,18,0,4,0,0,0,0,4,1,2,1,70,10,2198,2,7,-1,1
2014621402154,1,9,0,17,0,0,5,0,1,0,1,1,6,1,44,7,1242,1,14,-1,2
2014621402155,1,9,0,18,0,0,0,0,0,0,1,1,6,1,58,9,1596,1,5,-1,1
2014621402156,1,9,0,18,0,0,0,0,0,0,1,1,2,1,31,6,1598,1,10,-1,1
2014621402156,2,9,0,4,0,0,0,0,0,0,2,1,2,2,32,6,1497,8,-1,-1,1
2014621402157,1,8,0,7,0,6,0,0,0,0,3,1,1,1,34,6,1598,2,2,-1,1
2014621402157,2,1,0,18,0,1,0,0,0,0,1,1,6,1,49,8,-1,-1,-1,-1,1
2014621402158,1,10,0,18,0,0,0,0,0,0,1,1,1,1,35,6,2400,2,12,-1,1
2014621402158,2,9,0,4,0,0,0,0,0,0,2,1,2,2,25,5,1332,1,6,-1,1
2014621402159,1,9,0,18,0,0,0,0,0,0,1,1,6,2,22,5,1000,1,14,-1,1
2014621402159,2,9,0,3,0,0,0,0,0,0,2,1,6,2,61,9,1397,1,12,-1,3
2014621402160,1,9,0,18,0,0,0,0,0,0,1,1,2,1,34,6,1598,1,8,-1,1
2014621402160,2,9,0,18,0,0,0,0,0,0,2,1,2,1,64,9,1598,1,15,-1,1
2014621402160,3,9,0,18,0,0,0,0,0,0,2,1,2,1,36,7,973,1,12,-1,1
2014621402161,1,9,0,9,0,8,0,0,0,0,1,1,6,1,55,8,1396,1,17,-1,1
2014621402161,2,9,0,18,0,8,0,0,0,0,1,1,6,2,61,9,1199,1,13,-1,1
2014621402162,1,9,0,1,0,6,0,0,0,0,2,1,6,1,52,8,1242,1,1,-1,1
2014621402163,1,9,0,18,0,0,0,0,0,0,1,1,6,3,-1,-1,-1,-1,-1,-1,-1
2014621402163,2,9,0,4,0,0,0,0,0,0,2,1,6,1,75,10,1339,1,9,-1,1
2014621402164,1,9,0,18,0,0,0,7,0,0,1,1,6,1,71,10,2967,1,15,-1,1
2014621402165,1,9,0,6,0,0,0,0,0,0,1,1,3,2,38,7,1596,1,4,-1,1
2014621402165,2,2,0,18,0,0,0,0,0,0,1,1,6,1,17,4,125,1,-1,-1,1
2014621402166,1,8,0,5,0,0,0,0,0,0,4,1,1,1,61,9,1968,2,4,-1,1
2014621402167,1,9,0,5,0,1,0,0,0,0,1,1,2,2,47,8,2979,1,13,-1,3
2014621402167,2,9,0,3,0,1,0,0,0,0,2,1,2,2,39,7,1794,1,12,-1,1
2014621402168,1,9,0,9,0,8,0,0,0,0,3,1,1,2,26,6,1248,1,1,-1,3
2014621402169,1,9,0,7,0,6,0,0,0,0,1,1,1,2,22,5,1596,1,11,-1,2
2014621402169,2,9,0,18,0,1,0,10,0,0,4,1,6,1,71,10,1598,1,-1,-1,1
2014621402170,1,9,0,18,0,8,0,0,0,0,1,1,6,2,52,8,1560,2,1,-1,1
2014621402170,2,9,0,9,0,8,0,0,0,0,3,1,6,2,53,8,1587,1,9,-1,1
2014621402171,1,9,0,18,0,0,0,0,0,0,1,1,6,2,79,11,1124,1,16,-1,1
2014621402172,1,1,0,18,0,0,0,0,0,0,1,1,6,1,17,4,-1,-1,-1,-1,1
2014621402172,2,9,0,18,0,0,0,0,0,0,0,1,6,3,-1,-1,-1,-1,-1,-1,-1
2014621402172,3,9,0,18,0,0,0,0,0,0,1,1,6,3,-1,-1,-1,-1,-1,-1,-1
2014621402173,1,9,0,18,0,8,0,0,0,0,3,1,6,2,44,7,1560,2,6,-1,1
2014621402173,2,9,0,9,0,8,0,0,0,0,1,1,6,2,53,8,1796,1,6,-1,1
2014621402174,1,9,0,13,0,0,0,0,0,0,4,1,6,2,86,11,1390,1,3,-1,3
2014621402174,2,1,0,18,0,0,0,0,0,0,3,1,6,1,29,6,-1,-1,-1,-1,1
2014621402174,3,1,0,18,0,0,0,0,0,0,3,1,6,2,20,4,-1,-1,-1,-1,1
2014621402175,1,3,0,3,0,1,0,0,0,0,1,1,1,1,22,5,124,1,8,-1,1
2014621402175,2,8,0,3,0,1,0,0,0,0,4,1,6,1,40,7,-1,-1,-1,-1,1
2014621402176,1,3,0,18,0,8,0,0,0,0,1,1,6,1,25,5,124,1,8,-1,2
2014621402176,2,9,0,18,0,8,0,0,0,0,2,1,6,2,36,7,1590,1,3,-1,1
2014621402177,1,9,0,18,0,2,0,4,0,0,1,1,6,1,44,7,-1,-1,-1,-1,1
2014621402177,2,9,5,2,0,1,0,0,0,0,3,1,6,1,25,5,1999,1,13,-1,2
2014621402178,1,9,0,9,0,1,0,0,0,0,1,1,6,1,19,4,1388,1,10,-1,3
2014621402178,2,4,0,9,0,1,0,0,0,0,3,1,2,2,27,6,125,1,1,-1,1
2014621402179,1,9,0,18,0,0,0,0,0,0,1,1,6,1,65,9,1896,2,11,-1,1
2014621402179,2,9,0,18,0,0,0,0,0,0,2,1,6,1,58,9,1968,2,7,-1,1
2014621402179,3,9,0,18,0,0,0,0,0,0,2,1,6,2,25,5,1900,2,8,-1,2
2014621402180,1,9,0,18,0,0,0,0,0,0,1,1,6,2,68,10,998,1,15,-1,1
2014621402180,2,9,0,3,0,0,0,0,0,0,2,1,6,1,49,8,2967,2,3,-1,2
2014621402181,1,9,0,9,0,8,0,0,0,0,1,1,6,1,23,5,1796,1,5,-1,1
2014621402181,2,9,0,18,0,1,0,0,0,0,1,1,6,1,69,10,1596,1,7,-1,1
2014621402182,1,9,0,18,0,0,0,0,4,0,3,1,6,1,36,7,1753,2,11,-1,1
2014621402183,1,9,0,7,0,6,0,0,0,0,1,1,6,2,25,5,1299,1,8,-1,1
2014621402183,2,9,0,18,0,8,0,0,0,0,4,1,6,2,26,6,1560,2,2,-1,1
2014621402183,3,9,0,9,0,5,0,0,0,0,1,1,6,2,27,6,1461,2,3,-1,1
2014621402184,1,9,0,18,0,0,0,0,0,0,1,1,6,2,27,6,1242,1,-1,-1,1