Accident_Index,Vehicle_Reference,Vehicle_Type,Towing_and_Articulation,Vehicle_Manoeuvre,Vehicle_Location-Restricted_Lane,Junction_Location,Skidding_and_Overturning,Hit_Object_in_Carriageway,Vehicle_Leaving_Carriageway,Hit_Object_off_Carriageway,1st_Point_of_Impact,Was_Vehicle_Left_Hand_Drive?,Journey_Purpose_of_Driver,Sex_of_Driver,Age_of_Driver,Age_Band_of_Driver,Engine_Capacity_(CC),Propulsion_Code,Age_of_Vehicle,Driver_IMD_Decile,Driver_Home_Area_Type
2014621402184,2,9,0,4,0,0,0,0,0,0,2,1,2,2,42,7,2793,1,15,-1,1
2014621402184,3,9,0,18,0,0,0,0,0,0,2,1,6,1,53,8,1149,1,4,-1,1
2014621402185,1,9,0,18,0,0,0,0,0,0,1,1,6,1,35,6,1910,2,8,-1,1
2014621402185,2,9,0,3,0,0,0,0,0,0,2,1,6,1,21,5,1598,2,-1,-1,1
2014621402186,1,9,0,7,0,6,0,0,0,0,3,1,6,2,22,5,1598,1,3,-1,1
2014621402186,2,9,0,18,0,8,0,4,0,0,3,1,6,1,20,4,998,1,10,-1,1
2014621402186,3,9,0,2,0,2,0,0,0,0,2,1,6,3,-1,-1,1197,1,2,-1,-1
2014621402187,1,9,0,18,0,0,0,11,0,0,1,1,6,2,43,7,2149,2,7,-1,1
2014621402188,1,8,0,9,0,8,0,0,0,0,1,1,1,1,30,6,1986,2,9,-1,1
2014621402188,2,9,0,18,0,8,0,0,0,0,1,1,6,2,27,6,1386,1,6,-1,1
2014621402189,1,9,0,9,0,6,0,0,0,0,3,1,6,1,30,6,1968,2,10,-1,1
2014621402189,2,9,0,18,0,8,0,0,0,0,1,1,1,1,32,6,-1,-1,-1,-1,2
2014621402190,1,9,0,18,0,0,0,0,0,0,2,1,6,1,42,7,1796,1,8,-1,1
2014621402190,2,9,0,18,0,0,0,0,0,0,2,1,6,2,34,6,1896,2,7,-1,1
2014621402190,3,19,0,18,0,0,0,0,0,0,1,1,6,1,26,6,1753,2,6,-1,1
2014621402190,4,9,0,18,0,0,0,0,0,0,2,1,2,1,35,6,1968,2,7,-1,2
2014621402190,5,9,0,18,0,0,0,0,0,0,1,1,2,2,21,5,998,1,1,-1,1
2014621402191,1,9,0,1,0,0,0,0,0,0,4,1,6,3,-1,-1,1997,2,13,-1,-1
2014621402192,1,9,0,18,0,0,0,0,0,0,1,1,6,1,47,8,1998,1,9,-1,1
2014621402193,1,9,0,9,0,1,0,0,0,0,3,1,6,3,-1,-1,-1,-1,-1,-1,-1
2014621402193,2,1,0,18,0,8,0,0,0,0,1,1,6,2,26,6,-1,-1,-1,-1,1
2014621402194,1,9,0,18,0,2,0,0,1,11,1,1,6,1,17,4,1124,1,5,-1,1
2014621402195,1,9,0,18,0,0,0,0,1,0,1,1,6,2,54,8,1349,1,2,-1,1
2014621402195,2,21,0,18,0,0,1,0,1,0,3,1,1,1,36,7,12130,2,10,-1,1
2014621402196,1,9,0,7,0,8,0,0,0,0,1,1,6,1,77,11,1997,2,10,-1,1
2014621402197,1,9,0,18,0,0,0,0,0,0,1,1,6,1,65,9,1398,1,2,-1,1
2014621402199,1,9,0,16,0,0,0,0,0,0,1,1,6,1,18,4,998,1,9,-1,3
2014621402199,2,9,0,17,0,0,0,0,0,0,1,1,6,1,56,9,1995,2,1,5,1
2014621402200,1,90,0,5,0,8,0,0,0,0,1,1,1,1,46,8,2464,2,7,-1,3
2014621402200,2,9,0,5,0,8,0,0,0,0,2,1,6,2,51,8,1762,1,16,-1,1
2014621402201,1,9,0,9,0,6,0,0,0,0,2,1,6,2,45,7,1995,2,3,-1,3
2014621402201,2,2,0,18,0,8,0,0,0,0,1,1,6,1,26,6,-1,-1,-1,-1,1
2014621402202,1,9,0,18,0,0,0,0,0,0,4,1,6,2,30,6,1991,2,4,-1,2
2014621402203,1,9,0,9,0,8,0,0,0,0,1,1,6,2,66,10,995,1,7,-1,1
2014621402203,2,1,0,18,0,8,0,0,0,0,1,1,6,1,16,4,-1,-1,-1,-1,1
2014621402204,1,9,0,18,0,1,0,0,0,0,3,1,6,2,47,8,1598,1,18,-1,1
2014621402205,1,9,0,18,0,0,0,0,0,0,1,1,6,1,30,6,1753,2,13,-1,1
2014621402205,2,9,0,4,0,0,0,0,0,0,2,1,6,2,24,5,1242,1,10,-1,2
2014621402205,3,8,0,3,0,0,0,0,0,0,2,1,1,1,42,7,1598,2,1,-1,2
2014621402205,4,9,0,3,0,0,0,0,0,0,2,1,4,2,17,4,1242,1,6,-1,1
2014621402206,1,5,0,16,0,0,0,10,0,6,1,1,6,1,25,5,599,1,16,-1,1
2014621402206,2,5,0,16,0,0,0,0,0,0,0,1,6,1,24,5,600,1,13,-1,1
2014621402207,1,9,0,7,0,2,0,0,0,0,1,1,6,2,46,8,1198,1,7,-1,1
2014621402207,2,9,0,18,0,2,0,0,0,0,3,1,6,1,40,7,1999,1,13,-1,1
2014621402208,1,9,0,7,0,1,0,0,0,0,1,1,6,3,-1,-1,1149,1,13,-1,-1
2014621402208,2,1,0,18,0,1,0,0,0,0,1,1,6,2,46,8,-1,-1,-1,-1,1
2014621402209,1,9,0,4,0,0,0,0,0,0,1,1,6,1,34,6,1461,2,10,-1,2
2014621402209,2,9,0,4,0,0,0,0,0,0,2,1,1,2,19,4,998,1,4,-1,1
2014621402210,1,2,0,18,0,0,0,4,0,0,0,1,6,1,16,4,49,1,4,-1,1
2014621402210,2,9,0,2,0,0,0,0,0,0,4,1,6,3,-1,-1,1587,1,10,-1,-1
2014621402212,1,9,0,18,0,0,0,0,0,0,1,1,6,2,32,6,1596,1,9,-1,1
2014621402212,2,9,0,4,0,0,0,0,0,0,2,1,6,1,36,7,1461,2,4,-1,1
2014621402212,3,9,0,4,0,0,0,0,0,0,2,1,6,2,31,6,1197,1,1,-1,1
2014621402212,4,20,0,4,0,0,0,0,0,0,2,1,6,1,41,7,2402,2,13,-1,1
2014621402213,1,11,0,15,0,0,0,0,0,0,1,1,1,1,57,9,6374,2,2,-1,1
2014621402214,1,9,0,18,0,0,0,0,0,0,1,1,6,2,38,7,993,1,14,-1,1
2014621402214,2,9,0,3,0,0,0,0,0,0,2,1,6,2,21,5,1149,1,12,-1,1
2014621402215,1,3,0,9,0,8,0,0,0,0,1,1,2,1,21,5,124,1,6,-1,1
2014621402215,2,9,0,18,0,8,0,0,0,0,3,1,2,2,26,6,1686,2,6,-1,1
2014621402216,1,9,0,18,0,0,0,0,0,0,1,1,6,1,26,6,2765,2,16,-1,1
2014621402216,2,9,0,18,0,0,0,0,0,0,1,1,6,1,17,4,1199,1,10,-1,1
2014621402217,1,9,0,3,0,1,0,0,0,0,1,1,6,1,77,11,1560,2,7,-1,1
2014621402217,2,9,0,18,0,1,0,0,0,0,1,1,6,2,27,6,1896,2,9,-1,1
2014621402218,1,9,0,18,0,0,0,0,0,0,1,1,2,1,23,5,998,1,1,-1,2
2014621402218,2,9,0,4,0,0,0,0,0,0,2,1,2,1,47,8,1195,1,17,-1,1
2014621402218,3,9,0,4,0,0,0,0,0,0,2,1,2,1,52,8,1560,2,8,-1,2
2014621402219,1,9,0,18,0,1,0,0,0,0,1,1,6,2,50,8,1560,2,2,-1,1
2014621402219,2,9,0,18,0,1,0,0,0,0,2,1,2,1,49,8,2143,2,-1,-1,1
2014621402220,1,19,0,9,0,6,0,0,0,0,1,2,1,1,48,8,-1,-1,-1,-1,-1
2014621402220,2,9,0,18,0,1,0,0,0,0,3,1,6,2,54,8,2099,1,11,-1,1
2014621402221,1,9,0,18,0,0,1,0,0,0,1,1,6,2,28,6,1599,1,9,-1,1
2014621402221,2,9,0,4,0,0,0,0,0,0,2,1,6,2,25,5,1229,1,1,-1,1
2014621402222,1,9,0,10,0,1,0,0,0,0,0,1,6,2,22,5,1398,1,1,-1,1
2014621402222,2,9,0,16,0,1,0,0,0,0,0,1,6,1,45,7,1242,1,2,-1,1
2014621402223,1,9,0,11,0,0,0,0,0,0,4,1,6,2,60,9,1339,1,7,-1,1
2014621402223,2,9,0,18,0,0,0,0,0,0,3,1,6,2,33,6,1399,2,4,-1,1
2014621402223,3,9,0,18,0,0,0,0,0,0,2,1,6,1,44,7,2521,1,5,-1,1
2014621402224,1,9,0,18,0,0,0,0,0,0,1,1,6,1,60,9,1796,1,2,-1,1
2014621402224,2,9,0,18,0,0,0,0,0,0,2,1,6,2,62,9,2993,2,5,-1,2
2014621402225,1,9,0,11,0,0,0,0,0,0,0,1,6,3,-1,-1,-1,-1,-1,-1,-1
2014621402225,2,9,0,3,0,0,0,0,0,0,2,1,6,2,21,5,998,1,9,-1,1
2014621402225,3,9,0,3,0,0,0,0,0,0,2,1,6,2,64,9,1149,1,10,-1,1
2014621402225,4,9,0,3,0,0,0,0,0,0,2,1,6,2,38,7,1388,1,8,-1,1
2014621402225,5,9,0,3,0,0,0,0,0,0,2,1,6,1,81,11,1560,2,7,-1,1
2014621402225,6,9,0,18,0,0,0,0,0,0,1,1,6,2,42,7,1398,2,7,-1,1
2014621402226,1,5,0,9,0,3,0,0,0,0,3,1,6,1,34,6,649,1,1,-1,1
2014621402226,2,9,0,18,0,3,1,0,0,0,4,1,6,1,47,8,1997,2,7,-1,3
2014621402227,1,9,0,9,0,8,0,0,0,0,4,1,6,2,19,4,998,1,6,-1,1
2014621402227,2,9,0,18,0,1,0,0,0,0,1,1,6,2,37,7,2987,2,4,-1,2
2014621402228,1,19,0,18,0,1,0,0,0,0,1,1,1,1,26,6,2143,2,-1,-1,1
2014621402228,2,9,0,10,0,1,0,0,0,0,2,1,6,1,41,7,1299,1,13,-1,2
2014621402229,1,9,0,5,0,1,0,0,0,0,1,1,6,1,40,7,1794,1,10,-1,1
2014621402229,2,9,0,5,0,1,0,0,0,0,2,1,6,2,21,5,1149,1,8,-1,1
2014621402230,1,9,0,18,0,0,0,0,0,0,4,1,6,2,32,6,999,1,1,-1,2
2014621402231,1,9,0,18,0,8,0,0,0,0,4,1,6,1,32,6,1598,1,-1,-1,1
2014621402231,2,9,0,18,0,8,0,0,0,0,3,1,6,1,50,8,1896,2,15,-1,1
2014621402232,1,9,0,9,0,1,0,0,0,0,1,1,6,1,60,9,1984,1,20,-1,1
2014621402232,2,9,0,18,0,1,0,0,0,1,4,1,1,1,34,6,1461,2,12,-1,1
2014621402233,1,9,0,9,0,2,0,0,0,0,1,1,6,2,41,7,1560,2,7,-1,1
2014621402234,1,9,0,4,0,0,0,0,0,0,1,1,1,1,66,10,4164,2,10,-1,3
2014621402235,1,9,0,18,0,0,5,0,0,0,1,1,6,1,63,9,1598,1,17,-1,1
2014621402236,1,19,0,18,0,4,0,0,0,0,1,1,1,1,24,5,2402,2,5,9,3
2014621402236,2,9,0,18,0,4,0,0,0,0,2,1,1,1,42,7,1197,1,2,-1,1
2014621402237,1,9,0,5,0,1,0,0,0,0,3,1,6,1,35,6,998,1,-1,4,1
2014621402237,2,9,0,18,0,1,0,0,0,0,4,1,6,2,19,4,996,1,3,-1,2
2014621402238,1,19,0,9,0,1,0,0,0,0,1,1,6,1,47,8,1968,2,10,-1,1
2014621402238,2,9,0,18,0,1,0,0,0,0,1,1,6,1,68,10,1686,2,12,-1,1
2014621402239,1,9,0,9,0,5,0,0,0,0,3,1,2,1,29,6,-1,-1,-1,-1,1
2014621402240,1,9,0,18,0,0,2,0,7,0,0,1,6,1,26,6,1994,1,16,-1,1
2014621402241,1,1,0,18,0,8,0,0,0,0,1,1,6,2,23,5,-1,-1,-1,-1,1
2014621402241,2,9,0,7,0,6,0,0,0,0,3,1,6,2,24,5,1596,1,6,-1,2
2014621402242,1,9,0,9,0,1,0,0,0,0,3,1,2,2,48,8,1968,2,-1,-1,3
2014621402242,2,9,0,18,0,1,0,0,0,0,1,1,2,2,37,7,1242,1,10,-1,1
2014621402243,1,9,0,4,0,1,0,0,0,0,1,1,6,2,20,4,1461,2,8,-1,1
2014621402243,2,9,0,4,0,1,0,0,0,0,2,1,6,1,26,6,1781,1,13,-1,1
2014621402244,1,8,0,1,0,0,0,0,0,0,1,1,1,1,42,7,1968,2,6,-1,1
2014621402245,1,9,0,17,0,0,1,0,1,11,1,1,6,1,21,5,1360,1,6,-1,1
2014621402246,1,9,0,18,0,1,0,0,0,0,1,1,6,1,28,6,2663,2,21,-1,3
2014621402246,2,9,0,9,0,6,0,0,0,0,3,1,6,2,41,7,1896,2,6,-1,1
2014621402247,1,9,0,18,0,0,0,0,0,0,1,1,6,1,45,7,1242,1,8,-1,2
2014621402247,2,9,0,4,0,0,0,0,0,0,2,1,2,1,46,8,-1,-1,-1,-1,1
2014621402248,1,9,0,18,0,0,0,0,0,0,1,1,6,3,-1,-1,1998,2,2,-1,-1
2014621402248,2,9,0,4,0,0,0,0,0,0,2,1,1,1,35,6,1229,1,10,-1,1
2014621402248,3,9,0,4,0,0,0,0,0,0,2,1,1,2,22,5,1600,2,4,-1,1
2014621402249,1,9,0,9,0,1,0,0,0,0,1,1,6,1,46,8,1198,1,6,-1,1
2014621402251,1,9,0,18,0,2,0,0,0,0,3,1,6,2,35,6,1248,2,6,-1,2
2014621402252,1,9,4,18,0,1,0,0,0,0,3,1,6,1,61,9,2494,2,9,-1,2
2014621402253,1,9,0,18,0,0,1,0,0,0,3,1,6,2,25,5,998,1,3,-1,1
2014621402253,2,9,0,18,0,0,0,0,0,0,3,1,6,1,47,8,2495,2,10,5,3
2014621402254,1,9,0,5,0,0,0,0,0,0,1,1,6,3,-1,-1,-1,-1,-1,-1,-1
2014621402255,1,11,0,18,0,1,0,0,0,0,1,1,1,1,53,8,-1,2,11,-1,1
2014621402255,2,9,0,4,0,1,0,0,0,0,2,1,6,2,29,6,1324,1,16,-1,1
2014621402256,1,9,0,18,0,0,0,0,0,0,4,1,6,3,-1,-1,-1,-1,-1,-1,-1
2014621402257,1,9,0,5,0,0,0,0,7,11,4,1,2,1,51,8,999,1,3,-1,1
2014621402257,2,9,0,18,0,0,0,0,0,0,1,1,2,1,57,9,1149,1,10,-1,3
2014621402258,1,8,0,5,0,8,0,0,0,0,0,1,1,1,48,8,1896,2,7,-1,1
2014621402258,2,1,0,18,0,1,1,0,0,0,0,1,6,2,19,4,-1,-1,-1,-1,1
2014621402259,1,9,0,4,0,1,0,0,0,0,1,1,6,1,24,5,1596,1,8,-1,1
2014621402259,2,9,0,4,0,1,0,0,0,0,2,1,6,1,59,9,1998,2,9,-1,1
2014621402260,1,9,0,16,0,0,0,0,3,7,1,1,6,1,27,6,1997,2,14,-1,2
2014621402261,1,9,0,18,0,0,0,0,0,0,3,1,6,1,77,11,1398,1,3,-1,1
2014621402262,1,9,0,18,0,7,1,0,2,7,1,1,6,2,44,7,1398,1,-1,5,3
2014621402263,1,9,0,18,0,4,0,0,0,0,1,1,6,2,68,10,1360,1,10,-1,1
2014621402263,2,9,0,9,0,8,0,0,0,0,4,1,6,2,37,7,1390,1,8,-1,1
2014621402264,1,9,0,5,0,2,0,0,0,0,3,1,6,1,36,7,998,1,14,-1,1
2014621402264,2,9,0,18,0,2,0,0,0,0,1,1,3,2,31,6,1391,1,13,-1,1
2014621402265,1,9,0,18,0,0,0,0,0,0,1,1,6,1,17,4,1229,1,10,-1,2
2014621402266,1,9,0,18,0,0,0,0,0,0,1,1,6,2,31,6,1560,2,-1,-1,1
2014621402266,2,9,0,18,0,0,0,0,0,0,2,1,6,1,24,5,1332,1,4,-1,1
2014621402266,3,9,0,3,0,0,0,0,0,0,2,1,6,2,27,6,1364,1,5,-1,1
2014621402267,1,9,0,17,0,0,0,0,0,0,1,1,2,2,31,6,998,1,4,-1,1
2014621402267,2,9,0,17,0,0,0,0,0,0,2,1,2,1,22,5,1560,2,9,-1,1
2014621402267,3,19,0,4,0,0,0,0,0,0,2,1,2,1,21,5,2198,2,7,-1,1
2014621402268,1,9,0,17,0,0,5,0,7,0,3,1,6,2,39,7,1989,1,14,-1,1
2014621402269,1,9,0,5,0,6,0,0,0,0,3,1,2,2,43,7,998,1,10,-1,1
2014621402269,2,9,0,18,0,1,0,0,0,0,1,1,2,1,28,6,1997,2,11,-1,1
2014621402270,1,19,0,1,0,1,0,0,0,0,2,1,1,1,45,7,2402,2,6,-1,1
2014621402271,1,9,0,9,0,5,0,0,0,0,4,1,6,1,28,6,1149,1,5,-1,1
2014621402271,2,9,0,18,0,8,0,0,0,0,1,1,6,1,18,4,1149,1,13,-1,1
2014621402272,1,9,0,18,0,0,0,0,0,0,4,1,6,3,-1,-1,-1,-1,-1,-1,-1
2014621402273,1,9,0,9,0,6,0,0,0,0,1,1,2,2,46,8,1598,1,1,-1,1
2014621402273,2,1,0,18,0,1,0,0,0,0,4,1,6,1,60,9,-1,-1,-1,-1,1
2014621402274,1,20,0,16,0,0,2,0,7,11,1,1,1,1,29,6,-1,-1,-1,-1,1
2014621402275,1,21,1,5,0,1,0,0,0,0,1,1,1,1,46,8,12900,2,2,1,1
2014621402275,2,9,0,4,0,1,0,0,0,0,2,1,6,2,40,7,1242,1,5,-1,1
2014621402276,1,9,0,4,0,0,0,0,0,0,1,1,2,2,18,4,998,1,7,-1,1
2014621402276,2,9,0,3,0,0,0,0,0,0,2,1,6,1,69,10,1396,2,-1,-1,1
2014621402276,3,9,0,3,0,0,0,0,0,0,2,1,6,2,52,8,1560,2,4,5,3
2014621402277,1,8,0,18,0,8,0,0,0,0,1,1,6,1,27,6,2987,2,6,-1,1
2014621402277,2,1,0,9,0,8,0,0,0,0,4,1,6,1,23,5,-1,-1,-1,-1,1
2014621402278,1,9,0,16,0,0,1,0,0,4,1,1,2,1,36,7,1985,1,13,-1,1
2014621402279,1,9,0,11,0,0,0,0,0,0,0,1,6,3,-1,-1,-1,-1,-1,-1,-1
2014621402279,2,9,0,4,0,0,0,0,0,0,1,1,6,1,25,5,1796,1,14,-1,1
2014621402279,3,9,0,4,0,0,0,0,0,0,2,1,6,2,26,6,2198,1,9,-1,1
2014621402280,1,9,0,18,0,0,0,0,0,0,1,1,6,1,47,8,1997,2,-1,-1,1
2014621402281,1,9,0,18,0,1,0,0,0,0,1,1,6,1,85,11,1399,1,8,-1,1
2014621402281,2,9,0,3,0,1,0,0,0,0,2,1,6,2,58,9,1995,2,1,-1,1
2014621402282,1,9,0,9,0,1,0,0,0,0,1,1,6,1,71,10,1997,2,-1,-1,1
2014621402282,2,9,0,18,0,1,0,0,0,0,3,1,6,2,48,8,1968,2,4,-1,1
2014621402283,1,9,0,18,0,1,0,0,0,0,1,1,6,2,41,7,1396,1,5,10,1
2014621402283,2,9,0,3,0,1,0,0,0,0,2,1,6,1,58,9,1560,2,2,-1,2
2014621402284,1,3,0,4,0,1,1,0,0,0,0,1,2,1,23,5,124,1,11,-1,1
2014621402285,1,9,0,18,0,6,0,0,2,11,1,1,6,3,-1,-1,1910,2,10,-1,-1
2014621402285,2,9,0,18,0,8,0,0,0,0,3,1,6,1,37,7,1360,1,11,-1,1
2014621402286,1,10,0,12,0,0,0,0,0,0,3,1,6,1,54,8,2500,2,14,-1,1
2014621402286,2,9,0,18,0,0,0,0,0,0,4,1,6,2,28,6,1998,2,2,-1,2
2014621402287,1,20,0,18,0,0,0,0,0,0,1,1,6,1,18,4,-1,-1,-1,-1,2
2014621402288,1,9,0,16,0,0,0,0,0,0,1,1,6,1,20,4,1560,2,1,-1,1
2014621402288,2,8,0,3,0,0,0,0,0,0,2,1,1,1,52,8,1896,2,7,-1,1
2014621402288,3,9,0,3,0,0,0,0,0,0,2,1,6,1,28,6,1686,2,9,-1,1
2014621402289,1,9,0,17,0,0,2,0,7,11,1,1,1,1,19,4,1396,1,10,-1,1
2014621402291,1,19,0,18,0,0,0,4,0,0,1,1,1,1,23,5,1968,2,2,-1,2
2014621402291,2,21,1,2,0,0,0,0,0,0,2,2,1,1,31,6,-1,-1,-1,-1,-1
2014621402292,1,9,0,18,0,0,1,0,4,0,1,1,2,1,25,5,1199,1,13,-1,1
2014621402292,2,9,0,3,0,0,0,0,0,0,2,1,2,1,57,9,1896,2,7,-1,2
2014621402292,3,9,0,3,0,0,0,0,0,0,2,1,2,2,46,8,1396,1,2,-1,1
2014621402293,1,9,0,16,0,0,1,0,1,4,1,1,6,1,38,7,3999,1,3,-1,1
2014621402294,1,9,0,18,0,0,0,0,1,11,1,1,6,1,42,7,1995,2,11,-1,3
2014621402294,2,9,0,18,0,0,0,0,0,0,1,1,6,2,69,10,998,1,2,-1,1
2014621402294,3,9,0,18,0,0,0,0,0,0,2,1,6,1,23,5,1796,1,11,-1,1
2014621402294,4,9,0,18,0,0,0,0,0,0,1,1,6,1,36,7,1685,2,2,-1,1
2014621402294,5,9,0,18,0,0,0,0,0,0,2,1,6,1,45,7,1248,2,-1,-1,3
2014621402294,6,9,0,18,0,0,0,0,0,0,2,1,6,1,29,6,1560,2,6,-1,2
2014621402294,7,9,0,18,0,0,0,0,0,0,1,1,6,2,25,5,1598,2,3,-1,1
2014621402295,1,9,0,9,0,8,0,0,0,0,1,1,2,2,45,7,-1,-1,-1,-1,3
2014621402295,2,9,0,18,0,1,0,0,0,0,1,1,2,2,44,7,1598,1,3,-1,1
2014621402296,1,9,0,18,0,0,1,0,2,11,1,1,6,2,41,7,1798,1,7,9,1
2014621402297,1,19,0,9,0,8,0,0,0,0,1,1,6,3,-1,-1,-1,-1,-1,-1,-1
2014621402297,2,9,0,18,0,8,0,0,0,0,1,1,2,2,21,5,1599,1,10,-1,3
2014621402297,3,9,0,18,0,8,0,0,0,0,1,1,2,2,23,5,1587,1,9,-1,2
2014621402298,1,9,0,18,0,0,0,0,1,4,2,1,6,1,36,7,1596,1,12,-1,1
2014621402299,1,9,0,9,0,1,0,0,0,0,1,1,6,1,71,10,1229,1,3,-1,2
2014621402299,2,9,0,18,0,2,0,0,0,0,1,1,6,1,79,11,1951,2,11,-1,1
2014621402300,1,9,0,9,0,2,0,0,0,0,1,1,6,2,62,9,1229,1,6,-1,1
2014621402300,2,19,0,18,0,1,0,0,0,0,4,1,6,1,46,8,1753,2,10,-1,3
2014621402301,1,9,0,16,0,1,0,0,0,0,4,1,2,2,23,5,1598,1,12,-1,1
2014621402301,2,9,0,10,0,1,0,0,0,0,1,1,1,1,27,6,1229,1,3,-1,3
2014621402302,1,9,0,18,0,2,0,0,0,0,1,1,6,1,39,7,1560,2,5,-1,1
2014621402303,1,9,0,18,0,8,0,0,7,11,3,1,6,1,24,5,1587,1,7,-1,1
2014621402303,2,9,0,18,0,8,0,0,7,11,4,1,6,2,57,9,1679,1,15,-1,1
2014621402304,1,21,0,1,0,8,0,0,0,0,2,1,1,1,35,6,4250,2,6,5,1
2014621402304,2,11,0,18,0,8,0,0,0,0,4,1,1,1,35,6,7300,2,7,-1,1
2014621402305,1,9,0,16,0,0,2,0,7,0,1,1,6,2,22,5,1390,1,8,-1,1
2014621402306,1,9,0,18,0,0,0,0,0,0,1,1,2,1,52,8,1596,1,12,-1,1
2014621402306,2,9,0,4,0,0,0,0,0,0,2,1,1,1,34,6,1995,2,4,5,2
2014621402306,3,9,0,18,0,0,0,0,0,0,1,1,1,2,47,8,1499,2,-1,-1,1
2014621402306,4,9,0,4,0,0,0,0,0,0,2,1,2,1,22,5,1396,1,12,-1,1
2014621402307,1,9,0,7,0,8,0,0,0,0,1,1,1,1,27,6,1360,1,11,-1,1
2014621402308,1,9,0,18,0,8,0,0,0,0,1,1,2,1,39,7,1598,2,2,-1,1
2014621402308,2,9,0,3,0,8,0,0,0,0,2,1,6,2,24,5,1685,2,-1,-1,3
2014621402309,1,9,0,18,0,0,0,0,0,0,1,1,2,2,29,6,1360,1,10,-1,1
2014621402309,2,9,0,4,0,0,0,0,0,0,2,1,2,2,56,9,1398,2,7,-1,1
2014621402310,1,9,0,18,0,8,0,0,0,0,3,1,6,3,-1,-1,-1,-1,-1,-1,-1
2014621402310,2,2,0,18,0,8,0,0,0,0,4,1,2,1,52,8,49,1,2,-1,1
2014621402311,1,9,0,18,0,0,0,0,0,0,3,1,6,3,-1,-1,-1,-1,-1,-1,-1
2014621402312,1,9,0,18,0,1,0,0,0,0,4,1,6,1,62,9,1951,2,10,-1,1
2014621402313,1,9,0,18,0,8,0,0,0,0,1,1,1,2,25,5,1242,1,3,-1,1
2014621402313,2,9,0,9,0,8,0,0,0,0,3,1,3,2,40,7,1870,2,4,-1,1
2014621402314,1,19,0,5,0,8,0,0,0,0,0,1,1,1,48,8,2402,2,6,-1,1
2014621402314,2,11,0,18,0,8,0,0,0,0,0,1,1,1,47,8,5883,2,11,-1,1
2014621402315,1,9,0,18,0,0,1,0,0,0,1,1,2,1,20,4,1997,2,14,-1,1
2014621402315,2,9,0,4,0,0,0,0,0,0,2,1,6,2,66,10,1998,2,6,-1,1
2014621402316,1,9,0,9,0,8,0,0,0,0,1,1,6,2,66,10,1242,1,6,-1,1
2014621402316,2,9,0,18,0,8,0,0,0,11,3,1,6,2,46,8,1299,1,9,-1,1
2014621402317,1,1,0,18,0,0,0,0,0,0,1,1,6,1,11,3,-1,-1,-1,-1,1
2014621402317,2,9,0,17,0,0,0,0,0,0,1,1,6,2,43,7,1910,2,4,-1,1
2014621402318,1,9,0,5,0,4,0,0,0,0,3,1,6,1,73,10,1248,1,4,-1,1
2014621402318,2,9,0,9,0,8,0,0,0,0,4,1,6,1,41,7,1995,2,10,-1,1
2014621402319,1,19,0,18,0,0,2,0,0,0,1,1,6,2,51,8,2460,2,7,-1,1
2014621402320,1,11,0,5,0,4,0,0,0,0,1,1,1,1,48,8,5900,2,10,-1,1
2014621402320,2,9,0,18,0,8,0,0,0,0,4,1,6,2,26,6,2996,1,7,-1,1
2014621402321,1,9,0,18,0,0,0,0,0,0,1,1,6,1,76,11,1591,1,2,-1,2
2014621402321,2,9,0,4,0,0,0,0,0,0,2,1,6,1,33,6,1242,1,-1,-1,1
2014621402321,3,9,0,4,0,0,0,0,0,0,2,1,6,2,37,7,1499,2,-1,-1,1
2014621402322,1,9,0,18,0,8,0,0,0,0,1,1,6,1,35,6,1598,1,8,-1,1
2014621402323,1,9,0,18,0,1,0,0,0,0,1,1,3,1,17,4,1560,2,4,-1,1
2014621402323,2,9,0,3,0,1,0,0,0,0,2,1,6,2,26,6,1198,1,7,-1,1
2014621402324,1,9,0,9,0,8,0,0,0,0,1,1,6,2,53,8,1968,2,8,-1,1
2014621402324,2,9,0,18,0,8,0,0,0,0,1,1,1,2,23,5,998,1,1,-1,1
2014621402325,1,9,0,18,0,1,0,0,0,0,1,1,6,1,52,8,1560,2,4,-1,1
2014621402325,2,9,0,18,0,1,0,0,0,0,2,1,6,2,21,5,1997,2,3,-1,3
2014621402326,1,9,0,4,0,0,0,0,0,0,1,1,6,1,46,8,-1,-1,-1,-1,1
2014621402326,2,9,0,4,0,0,0,0,0,0,2,1,6,1,23,5,1896,2,11,-1,1
2014621402326,3,9,0,4,0,0,0,0,0,0,2,1,6,1,52,8,1598,1,7,-1,2
2014621402327,1,1,0,18,0,0,0,0,0,0,1,1,6,1,8,2,-1,-1,-1,-1,2
2014621402327,2,9,0,16,0,0,0,0,0,0,4,1,6,1,82,11,1398,2,1,-1,1
2014621402328,1,9,0,18,0,0,0,0,7,0,3,1,6,1,33,6,1560,2,3,-1,1
2014621402328,2,21,0,18,0,0,0,0,0,0,4,1,1,1,45,7,4116,2,10,-1,1
2014621402329,1,9,0,18,0,0,0,0,0,0,1,1,1,2,25,5,1560,2,6,-1,1