Accident_Index,Vehicle_Reference,Vehicle_Type,Towing_and_Articulation,Vehicle_Manoeuvre,Vehicle_Location-Restricted_Lane,Junction_Location,Skidding_and_Overturning,Hit_Object_in_Carriageway,Vehicle_Leaving_Carriageway,Hit_Object_off_Carriageway,1st_Point_of_Impact,Was_Vehicle_Left_Hand_Drive?,Journey_Purpose_of_Driver,Sex_of_Driver,Age_of_Driver,Age_Band_of_Driver,Engine_Capacity_(CC),Propulsion_Code,Age_of_Vehicle,Driver_IMD_Decile,Driver_Home_Area_Type
2014621402330,1,9,0,4,0,1,0,0,0,0,1,1,6,1,40,7,1360,1,10,-1,3
2014621402330,2,9,0,4,0,1,0,0,0,0,2,1,6,1,50,8,1461,2,3,-1,1
2014621402331,1,9,0,18,0,0,0,0,0,0,1,1,6,2,72,10,1596,1,11,-1,3
2014621402331,2,11,0,3,0,0,0,0,0,0,2,1,1,1,58,9,4461,2,1,-1,1
2014621402331,3,9,0,2,0,0,0,0,0,0,2,1,1,1,36,7,1896,2,5,-1,1
2014621402332,1,8,0,2,0,0,0,0,0,0,4,1,1,1,44,7,1997,2,7,-1,1
2014621402332,2,1,0,15,0,0,0,0,0,0,1,1,6,1,24,5,-1,-1,-1,-1,1
2014621402333,1,9,0,9,0,6,0,0,0,0,1,1,6,2,48,8,1598,1,14,-1,1
2014621402333,2,9,0,17,0,8,0,0,0,0,1,1,6,1,45,7,1870,2,10,-1,2
2014621402334,1,9,0,18,0,8,5,7,0,0,3,1,6,1,75,10,2987,2,8,-1,1
2014621402335,1,9,0,18,0,0,0,0,0,0,1,1,6,1,53,8,1598,1,9,-1,1
2014621402335,2,9,0,18,0,0,0,0,0,0,2,1,6,1,47,8,1968,2,1,-1,1
2014621402335,3,9,0,18,0,0,0,0,0,0,2,1,6,1,25,5,1598,2,-1,-1,2
2014621402336,1,9,0,18,0,0,1,0,1,11,1,1,6,1,27,6,1395,1,-1,-1,2
2014621402336,2,9,0,4,0,0,0,0,0,0,2,1,6,2,64,9,1560,2,2,-1,1
2014621402337,1,9,0,2,0,0,0,0,0,0,2,1,6,2,58,9,1588,1,11,-1,2
2014621402337,2,9,0,18,0,0,0,4,0,6,1,1,6,1,37,7,1398,2,9,-1,1
2014621402337,3,9,0,18,0,0,0,0,0,6,1,1,6,2,40,7,1560,2,2,-1,2
2014621402338,1,9,0,9,0,6,0,0,0,0,1,1,6,2,26,6,1398,1,-1,-1,1
2014621402338,2,9,0,18,0,1,1,0,0,0,4,1,6,2,73,10,1560,2,5,-1,3
2014621402339,1,9,0,18,0,0,0,0,2,7,1,1,1,1,30,6,1596,1,8,-1,1
2014621402340,1,9,0,4,0,4,0,0,0,0,1,1,6,1,22,5,1199,1,12,-1,1
2014621402340,2,9,0,4,0,4,0,0,0,0,2,1,6,2,63,9,1968,2,6,-1,1
2014621402341,1,9,0,18,0,0,0,0,0,0,1,1,6,3,-1,-1,-1,-1,-1,-1,-1
2014621402342,1,9,0,18,0,8,0,0,0,0,1,1,6,1,40,7,1598,1,1,-1,1
2014621402343,1,2,0,4,0,4,1,10,0,0,3,1,6,1,60,9,599,1,9,-1,1
2014621402344,1,9,0,18,0,0,2,0,1,11,1,1,6,1,35,6,1587,1,10,-1,1
2014621402345,1,9,0,9,0,5,0,0,0,0,1,1,6,1,27,6,1596,1,7,-1,1
2014621402346,1,9,0,4,0,0,0,0,0,0,4,1,6,2,68,10,1399,1,5,-1,1
2014621402347,1,9,0,18,0,1,0,0,0,0,1,1,6,2,18,4,1242,1,11,-1,1
2014621402347,2,9,0,10,0,1,0,0,0,0,2,1,6,1,48,8,996,1,3,-1,2
2014621402348,1,9,0,4,0,1,1,0,0,0,1,1,6,1,24,5,1390,1,2,-1,1
2014621402348,2,9,0,4,0,1,0,0,0,0,3,1,6,1,31,6,1399,2,8,-1,3
2014621402349,1,9,0,18,0,8,0,0,0,0,1,1,1,1,40,7,2993,2,1,-1,2
2014621402349,2,9,0,18,0,8,0,0,0,0,1,1,6,2,49,8,-1,-1,-1,-1,1
2014621402350,1,9,0,18,0,0,0,0,7,11,1,1,6,1,27,6,1388,1,4,-1,1
2014621402351,1,9,0,4,0,4,0,0,0,0,1,1,6,1,56,9,2967,1,11,-1,1
2014621402351,2,9,0,3,0,4,0,0,0,0,2,1,6,1,64,9,1798,1,7,-1,1
2014621402352,1,9,0,17,0,0,1,0,1,4,4,1,1,1,52,8,1242,1,14,-1,2
2014621402353,1,9,0,18,0,3,0,0,0,0,4,1,2,1,61,9,1560,2,3,-1,1
2014621402353,2,9,0,18,0,4,0,0,0,0,1,1,6,2,64,9,1794,1,12,-1,1
2014621402354,1,9,0,18,0,1,0,0,0,0,3,1,6,1,44,7,1242,1,1,-1,1
2014621402355,1,9,0,9,0,8,0,7,0,0,1,1,6,1,42,7,1598,1,12,-1,1
2014621402356,1,9,0,18,0,4,0,0,0,0,3,1,6,1,45,7,993,1,11,-1,1
2014621402356,2,1,0,9,0,8,0,0,0,0,4,1,6,1,59,9,-1,-1,-1,-1,1
2014621402357,1,9,0,17,0,0,1,0,0,3,1,1,1,2,25,5,1988,1,11,-1,1
2014621402358,1,3,0,18,0,0,0,0,0,0,1,1,1,1,32,6,124,1,1,-1,1
2014621402359,1,9,0,18,0,6,0,0,0,0,4,1,6,2,55,8,1995,2,13,-1,1
2014621402359,2,9,0,18,0,2,0,0,0,0,1,1,6,1,19,4,1149,1,8,-1,1
2014621402360,1,9,0,18,0,0,0,4,0,0,1,1,1,1,20,4,1339,1,10,-1,3
2014621402360,2,19,0,2,0,0,0,0,0,0,2,1,6,3,-1,-1,2143,2,1,-1,-1
2014621402360,3,9,0,2,0,0,0,0,0,0,2,1,6,3,-1,-1,1910,2,7,-1,-1
2014621402361,1,9,0,18,0,0,0,0,0,0,1,1,6,2,45,7,1368,1,8,-1,2
2014621402361,2,9,0,18,0,0,0,0,0,0,2,1,2,1,49,8,1299,1,11,-1,2
2014621402362,1,9,0,9,0,1,0,0,0,0,1,1,6,2,60,9,999,1,-1,6,3
2014621402362,2,8,0,18,0,8,0,0,0,0,3,1,1,1,31,6,2231,2,8,-1,1
2014621402363,1,9,0,18,0,0,0,0,0,0,1,1,6,1,18,4,1242,1,12,-1,1
2014621402363,2,19,0,18,0,0,0,0,0,0,2,1,6,1,42,7,2461,2,12,-1,1
2014621402364,1,9,0,18,0,1,0,0,0,0,4,2,1,2,19,4,998,1,3,-1,1
2014621402365,1,9,0,18,0,0,0,0,0,0,3,1,6,1,43,7,2793,1,16,-1,1
2014621402366,1,9,0,9,0,1,0,0,0,0,4,1,2,1,61,9,1389,1,16,-1,1
2014621402366,2,4,0,5,0,1,1,0,0,0,1,1,2,1,19,4,125,1,-1,-1,1
2014621402367,1,9,0,18,0,0,1,0,0,0,1,1,6,1,50,8,1998,2,5,-1,3
2014621402367,2,9,0,18,0,0,0,0,0,0,1,1,6,2,48,8,998,1,9,-1,3
2014621402368,1,9,0,18,0,0,0,0,0,0,1,1,6,1,29,6,1149,1,11,-1,3
2014621402369,1,9,0,13,0,0,1,0,1,0,4,1,6,1,22,5,1995,2,3,-1,1
2014621402369,2,9,0,18,0,0,1,0,7,2,3,1,6,1,47,8,1397,1,-1,-1,1
2014621402370,1,9,0,9,0,5,0,0,0,0,0,1,6,1,67,10,1896,2,5,-1,1
2014621402370,2,19,0,17,0,1,0,0,0,0,2,1,1,1,35,6,1995,2,3,-1,1
2014621402370,3,19,0,17,0,1,0,0,0,0,1,1,1,2,24,5,1995,2,3,-1,1
2014621402371,1,9,0,18,0,0,0,0,0,0,3,1,6,2,18,4,1248,2,6,-1,3
2014621402371,2,9,0,18,0,0,0,0,0,0,4,1,6,2,47,8,1206,1,5,-1,1
2014621402372,1,9,0,5,0,0,0,0,0,0,1,1,6,1,66,10,1988,1,15,-1,1
2014621402373,1,8,0,18,0,1,0,0,0,0,1,1,6,1,31,6,1596,1,9,-1,1
2014621402373,2,9,0,3,0,1,0,0,0,0,2,1,6,2,45,7,2231,2,5,8,1
2014621402374,1,9,0,17,0,1,0,0,0,0,1,1,6,2,20,4,1753,2,15,-1,1
2014621402374,2,9,0,9,0,6,0,0,0,0,2,1,6,1,66,10,1461,2,-1,-1,1
2014621402375,1,9,0,18,0,0,5,10,0,0,4,1,6,2,27,6,1242,1,-1,-1,1
2014621500001,1,8,0,9,0,5,0,0,0,0,1,1,1,1,34,6,1896,2,7,-1,1
2014621500002,1,8,0,18,2,0,0,0,0,0,3,1,1,1,32,6,1910,2,6,-1,1
2014621500003,1,9,0,9,0,1,0,0,0,0,1,1,6,1,18,4,973,1,13,-1,1
2014621500003,2,1,0,18,0,1,0,0,0,0,1,1,6,1,37,7,-1,-1,-1,-1,1
2014621500004,1,9,0,9,0,8,0,0,0,0,4,1,6,2,32,6,1783,1,11,-1,1
2014621500004,2,9,0,18,0,8,0,0,0,0,1,1,6,1,40,7,1968,2,3,-1,1
2014621500006,1,9,0,18,0,0,0,0,0,0,1,1,6,3,-1,-1,-1,-1,-1,-1,-1
2014621500009,1,9,0,18,0,1,0,0,0,0,1,1,6,2,59,9,1240,1,9,-1,1
2014621500011,1,9,0,18,0,0,0,0,0,0,1,1,6,2,70,10,1124,1,12,-1,1
2014621500012,1,1,0,18,0,8,0,0,0,0,3,1,6,1,43,7,-1,-1,-1,-1,1
2014621500012,2,9,0,9,0,6,0,0,0,0,1,1,6,3,-1,-1,-1,-1,-1,-1,-1
2014621500015,1,9,0,9,0,1,0,0,0,0,4,1,6,1,61,9,1598,1,15,-1,1
2014621500015,2,1,0,18,0,1,0,0,0,0,3,1,6,1,47,8,-1,-1,-1,-1,1
2014621500016,1,21,0,16,0,8,0,0,0,0,1,1,1,1,31,6,4116,2,12,-1,1
2014621500016,2,9,0,17,0,8,0,0,0,0,1,1,6,1,65,9,1968,2,-1,-1,1
2014621500021,1,9,0,4,0,3,0,0,0,0,1,1,6,1,19,4,1399,2,4,8,1
2014621500021,2,9,0,4,0,3,0,0,0,0,2,1,6,1,52,8,1896,2,11,-1,1
2014621500032,1,9,0,18,0,0,0,0,6,2,1,1,6,1,40,7,1242,1,7,-1,3
2014621500032,2,11,0,18,0,0,0,0,0,0,3,1,3,1,38,7,11970,2,10,-1,1
2014621500041,1,9,0,16,0,0,0,0,0,0,1,1,6,3,-1,-1,1461,2,11,-1,-1
2014621500041,2,20,0,16,0,0,1,0,0,0,1,1,6,1,58,9,-1,-1,-1,-1,1
2014621500045,1,97,0,18,0,8,0,0,0,0,0,1,6,3,-1,-1,-1,-1,-1,-1,-1
2014621500045,2,11,0,18,0,5,0,0,0,0,0,1,1,1,43,7,-1,-1,-1,-1,1
2014621500075,1,9,0,18,0,1,0,0,0,0,1,1,6,2,48,8,1798,2,4,-1,1
2014621500076,1,9,0,5,0,0,0,0,0,0,4,1,6,1,24,5,1349,1,1,-1,1
2014621500076,2,3,0,18,0,0,0,0,0,0,3,1,6,1,25,5,124,1,19,-1,1
2014621500076,3,9,0,2,0,0,0,0,0,0,3,1,6,2,67,10,1360,1,12,-1,1
2014621500184,1,9,0,9,0,6,0,0,0,0,1,1,6,2,67,10,2000,2,6,-1,1
2014621500184,2,19,0,18,0,8,0,0,0,0,1,1,6,1,45,7,2287,2,7,-1,2
2014621500184,3,19,0,18,0,1,0,0,0,0,3,1,6,1,41,7,2299,2,2,-1,1
2014621500227,1,9,0,18,0,0,0,0,0,0,1,1,6,2,53,8,1149,1,8,-1,2
2014621500227,2,9,0,4,0,0,0,0,0,0,2,1,6,1,33,6,1997,2,-1,5,1
2014621500230,1,9,0,9,0,8,0,0,0,0,1,1,6,2,53,8,1560,2,10,-1,1
2014621500243,1,9,0,18,0,8,0,0,0,10,3,1,6,1,80,11,998,1,12,-1,1
2014621500243,2,9,0,18,0,8,0,0,0,0,1,1,6,2,34,6,2967,2,2,-1,1
2014621500260,1,9,0,14,0,1,0,4,0,0,1,1,6,2,79,11,1242,1,-1,-1,3
2014621500260,2,19,0,2,0,1,0,0,0,0,2,1,1,3,-1,-1,2300,2,10,-1,-1
2014621500316,1,9,0,18,0,0,0,10,1,4,4,1,6,1,28,6,1998,1,11,-1,1
2014621500317,1,9,0,18,9,1,0,0,0,0,1,1,6,3,-1,-1,-1,-1,-1,-1,-1
2014621500410,1,9,0,9,0,8,0,0,0,0,4,1,6,2,18,4,-1,-1,-1,-1,2
2014621500410,2,19,0,18,0,8,0,0,0,0,1,1,6,1,81,11,1896,2,14,-1,1
2014621500574,1,9,0,7,0,1,2,0,0,11,2,1,6,1,38,7,1975,1,14,-1,1
2014621500574,2,9,0,7,0,1,0,0,0,0,1,1,1,1,40,7,2993,2,1,-1,2
201463AC00114,1,9,0,18,0,0,0,0,0,0,1,1,2,1,43,7,-1,-1,-1,-1,3
201463AC00114,2,9,0,4,0,0,0,0,0,0,2,1,2,1,22,5,1296,1,8,-1,3
201463AC00114,3,9,0,2,0,0,0,0,0,0,0,1,1,1,57,9,-1,-1,-1,-1,3
201463AC00214,1,3,0,18,0,0,1,0,0,0,1,1,6,1,20,4,125,1,6,-1,2
201463AC00214,2,9,0,2,0,0,0,0,0,0,3,1,6,3,-1,-1,-1,-1,-1,-1,-1
201463AC00314,1,90,0,18,0,0,5,0,2,10,4,1,6,1,71,10,1997,2,9,-1,2
201463AC00414,1,9,0,18,0,1,0,0,0,0,1,1,2,1,31,6,1390,1,11,-1,1
201463AC00414,2,9,0,18,0,1,0,0,1,0,2,1,2,1,54,8,-1,-1,-1,-1,1
201463AC00414,3,9,0,9,0,1,0,0,0,0,0,1,6,3,-1,-1,-1,-1,-1,-1,-1
201463AC00514,1,9,0,16,0,0,0,0,0,0,0,1,6,2,60,9,1229,1,5,-1,1
201463AC00614,1,9,0,11,0,1,0,0,0,0,4,1,2,1,23,5,1998,2,6,-1,1
201463AC00614,2,9,0,18,0,1,0,0,0,0,2,1,6,1,64,9,-1,-1,-1,-1,3
201463AC00614,3,9,0,3,0,1,0,0,0,0,0,1,6,3,-1,-1,-1,-1,-1,-1,-1
201463AC00714,1,9,0,18,0,0,0,0,0,0,0,1,3,2,41,7,-1,-1,-1,-1,3
201463AC00814,1,9,0,18,0,4,0,0,0,0,4,1,6,1,89,11,1598,1,5,-1,2
201463AC00814,2,9,0,18,0,4,0,0,0,0,1,1,6,1,44,7,-1,-1,-1,-1,1
201463AC00914,1,9,0,13,0,0,1,0,0,7,1,1,1,1,26,6,1968,2,4,-1,1
201463AC00914,2,9,0,18,0,0,1,0,0,7,1,1,6,2,26,6,998,1,1,-1,3
201463AC01014,1,20,0,18,0,1,0,0,0,0,1,1,1,2,31,6,4461,2,2,-1,1
201463AC01014,2,21,0,18,0,1,0,0,0,0,2,1,1,1,61,9,12900,2,7,-1,-1
201463AC01114,1,9,0,17,0,3,1,10,2,7,1,1,6,2,19,4,1328,1,6,-1,1
201463AC01214,1,9,0,17,0,0,5,0,1,0,1,1,6,2,18,4,998,1,5,-1,1
201463AC01314,1,9,0,12,0,0,0,0,0,0,3,1,6,2,81,11,1298,1,13,-1,1
201463AC01314,2,9,0,18,0,0,0,0,0,0,4,1,6,2,23,5,1242,1,13,-1,1
201463AC01414,1,9,0,5,0,0,0,0,0,0,3,1,6,1,28,6,1560,2,7,-1,1
201463AC01414,2,9,0,18,0,0,0,0,0,0,1,1,6,1,28,6,1527,2,16,-1,1
201463AC01414,3,9,0,4,0,0,0,0,0,0,0,1,6,3,-1,-1,-1,-1,-1,-1,-1
201463AC01514,1,9,0,18,9,0,0,10,1,10,1,1,6,2,68,10,1360,1,16,-1,3
201463AC01614,1,9,0,18,0,4,0,0,0,0,1,1,6,1,45,7,1582,2,2,-1,-1
201463AC01614,2,5,0,18,0,8,0,0,0,0,4,1,6,1,52,8,599,1,13,-1,1
201463AC01714,1,9,0,4,0,0,0,0,0,0,1,1,6,1,19,4,1086,1,8,-1,2
201463AC01714,2,9,0,4,0,0,0,0,0,0,2,1,6,2,67,10,1796,1,13,-1,1
201463AC01714,3,9,0,4,0,0,0,0,0,0,2,1,6,2,23,5,1248,2,7,-1,1
201463AC01714,4,9,0,3,0,0,0,0,0,0,1,1,6,2,33,6,1968,2,-1,-1,2
201463AC01814,1,9,0,18,0,3,0,0,0,0,1,1,1,1,31,6,1796,1,7,-1,2
201463AC01814,2,9,0,18,0,4,0,0,0,0,1,1,1,2,40,7,2231,2,5,-1,1
201463AC01914,1,9,0,17,0,1,0,0,0,0,1,2,6,1,42,7,-1,-1,-1,-1,-1
201463AC01914,2,9,0,16,0,1,0,0,0,0,1,1,6,2,23,5,1968,2,4,-1,3
201463AC02014,1,9,0,18,0,0,0,0,0,3,1,1,6,1,29,6,1998,2,6,-1,3
201463AC02114,1,9,0,4,0,0,0,0,0,0,2,1,2,2,45,7,1390,1,8,-1,1
201463AC02114,2,9,0,18,0,0,0,0,0,0,1,1,6,1,24,5,1240,1,4,-1,3
201463AC02214,1,9,0,13,0,0,1,0,1,4,1,1,6,1,63,9,2198,2,8,-1,3
201463AC02214,2,9,0,18,0,0,0,0,0,0,3,1,6,2,48,8,1753,2,13,-1,3
201463AC02314,1,9,0,17,0,0,2,0,7,10,1,1,6,1,18,4,1124,1,11,-1,2
201463AC02314,2,4,0,18,0,0,0,0,0,0,0,1,6,1,22,5,-1,-1,-1,-1,-1
201463AC02414,1,9,0,18,0,0,1,0,0,0,1,1,6,1,42,7,1910,2,7,-1,1
201463AC02514,1,9,0,17,0,0,5,0,1,9,0,1,2,2,26,6,1396,1,12,-1,3
201463AC02614,1,9,4,18,0,1,0,0,0,0,2,1,2,1,49,8,2402,2,4,-1,3
201463AC02614,2,9,0,3,0,1,0,0,0,0,2,1,2,1,21,5,998,1,17,-1,3
201463AC02614,3,9,0,18,0,1,0,0,0,0,0,1,6,3,-1,-1,-1,-1,-1,-1,-1
201463AC02714,1,9,0,18,0,1,0,0,0,0,4,1,6,1,75,10,1388,1,8,-1,3
201463AC02814,1,19,0,17,0,0,0,0,0,0,3,1,6,3,-1,-1,-1,-1,-1,-1,-1
201463AC02814,2,9,0,16,0,0,0,0,0,0,4,1,6,2,39,7,1868,2,13,-1,3
201463AC02914,1,9,0,18,0,0,0,6,0,0,1,1,6,1,79,11,1405,1,8,-1,3
201463AC03014,1,9,0,17,0,0,2,0,1,9,1,1,6,1,68,10,2664,2,15,-1,1
201463AC03114,1,8,0,17,0,0,5,0,0,0,1,1,1,1,38,7,1995,2,3,-1,-1
201463AC03214,1,9,0,4,0,0,1,0,1,9,3,1,1,1,29,6,1896,2,14,-1,2
201463AC03214,2,9,0,4,0,0,1,0,1,9,1,1,3,2,43,7,1753,2,5,-1,3
201463AC03314,1,9,0,18,0,1,0,0,0,0,1,1,6,2,36,7,1686,2,8,-1,2
201463AC03314,2,3,0,10,0,1,0,0,0,0,2,1,6,1,60,9,124,1,1,-1,3
201463AC03414,1,3,0,18,0,1,0,0,0,0,1,1,2,1,19,4,124,1,7,-1,3
201463AC03414,2,9,0,6,0,1,0,0,0,0,3,1,2,1,54,8,1493,2,4,-1,3
201463AC03514,1,9,0,18,0,3,0,0,0,0,1,1,6,1,27,6,1596,1,8,-1,1
201463AC03514,2,9,0,18,0,3,0,0,0,0,2,1,6,1,19,4,973,1,12,-1,1
201463AC03514,3,9,0,18,0,3,0,0,0,0,2,1,6,1,49,8,1997,2,-1,-1,1
201463AC03614,1,9,0,15,0,0,0,0,0,0,1,1,6,3,-1,-1,-1,-1,-1,-1,-1
201463AC03614,2,20,0,2,0,0,0,0,0,0,0,1,1,1,42,7,2800,2,12,-1,2
201463AC03714,1,9,0,16,0,0,0,0,7,4,3,1,6,1,19,4,1242,1,11,-1,3
201463AC03814,1,9,0,7,0,6,0,0,0,0,0,1,6,1,82,11,1587,1,10,-1,3
201463AC03814,2,9,0,18,0,8,0,0,0,0,0,1,6,1,42,7,1560,2,5,-1,3
201463AC03814,3,9,0,13,0,8,0,0,0,0,2,1,6,1,40,7,2979,1,13,9,1
201463AC03814,4,9,0,18,0,8,0,0,0,0,2,1,1,1,45,7,2231,2,2,-1,1
201463AC03814,5,9,0,13,0,8,0,0,0,0,1,1,1,1,25,5,-1,-1,-1,-1,1
201463AC03914,1,9,0,16,0,0,0,0,0,0,0,1,6,3,-1,-1,-1,-1,-1,-1,-1
201463AC03914,2,9,0,17,0,0,0,0,1,3,4,1,1,2,48,8,1560,2,1,-1,3
201463AC04014,1,9,0,16,0,0,0,0,0,0,3,1,6,1,50,8,1598,1,14,-1,-1
201463AC04014,2,9,0,17,0,0,0,0,0,0,4,1,2,2,22,5,996,1,1,-1,3
201463AC04114,1,9,0,9,0,8,0,0,0,0,1,1,6,1,70,10,1895,1,15,-1,2
201463AC04114,2,19,0,17,0,1,0,0,0,0,4,1,6,1,24,5,1998,2,9,-1,2
201463AC04114,3,19,0,16,0,1,0,0,0,0,1,1,1,1,40,7,2198,2,1,-1,2
201463AC04214,1,9,0,2,0,0,0,0,0,0,3,1,6,1,58,9,1796,1,11,-1,1
201463AC04214,2,9,0,18,0,0,0,0,0,0,4,1,2,1,44,7,1896,2,12,-1,1
201463AC04314,1,9,0,17,0,0,0,10,0,0,4,1,6,1,70,10,1968,2,2,-1,2
201463AC04314,2,19,0,2,9,0,0,0,0,0,3,1,6,3,-1,-1,1753,2,8,-1,-1
201463AC04414,1,9,0,9,0,3,0,0,0,0,1,1,6,1,83,11,1360,1,11,-1,1
201463AC04514,1,1,0,18,0,2,0,0,0,0,1,1,4,1,14,3,-1,-1,-1,-1,-1
201463AC04514,2,1,0,18,0,2,0,0,0,0,2,1,4,1,14,3,-1,-1,-1,-1,-1
201463AC04614,1,9,0,18,0,1,0,0,0,0,1,1,6,2,32,6,1124,1,10,-1,1
201463AC04614,2,9,0,9,0,5,0,0,0,0,3,1,6,2,73,10,1328,1,8,-1,3
201463AC04714,1,9,0,17,0,0,0,0,8,10,4,1,6,1,17,4,1332,1,17,-1,3
201463AC04714,2,9,0,16,0,0,0,0,0,0,3,1,2,1,46,8,-1,-1,-1,-1,3
201463AC04814,1,9,0,18,0,3,1,0,0,0,1,1,6,1,15,3,1242,1,11,-1,2
201463AC04814,2,9,0,4,0,4,0,0,0,0,3,1,6,1,83,11,1560,2,7,-1,1
201463AC04914,1,9,0,4,0,4,0,0,0,0,1,1,6,1,28,6,1398,2,7,-1,1
201463AC04914,2,9,0,3,0,4,0,0,0,0,2,1,6,2,60,9,1299,1,13,-1,3
201463AC05014,1,9,0,18,0,0,0,0,0,0,1,1,2,2,22,5,1360,1,7,-1,1
201463AC05014,2,9,0,18,0,0,0,0,0,0,2,1,6,1,42,7,1364,1,7,-1,1
201463AC05114,1,9,0,9,0,8,0,0,0,0,1,1,6,2,45,7,1991,2,11,-1,3
201463AC05114,2,9,0,18,0,1,1,0,0,0,1,1,6,1,25,5,1587,1,12,-1,1
201463AC05214,1,9,0,11,0,0,0,0,0,0,2,1,6,3,-1,-1,-1,-1,-1,-1,-1
201463AC05214,2,5,0,18,0,0,0,0,0,0,3,1,6,1,54,8,599,1,6,-1,1
201463AC05314,1,9,0,3,0,1,0,0,0,0,4,1,6,1,29,6,1598,1,11,-1,1
201463AC05314,2,9,0,9,0,6,0,4,0,0,3,1,6,1,72,10,995,1,6,-1,1
201463AC05314,3,9,0,2,0,1,0,0,0,0,2,1,6,2,-1,-1,1951,2,13,-1,-1
201463AC05414,1,9,0,9,0,1,0,0,0,0,2,1,2,1,51,8,2664,2,13,-1,1
201463AC05414,2,9,0,18,0,1,0,0,0,0,1,1,2,1,28,6,1299,1,13,-1,1
201463AC05514,1,9,0,3,0,1,0,0,0,0,2,1,6,2,17,4,998,1,1,-1,1
201463AC05514,2,9,0,18,0,1,0,0,0,0,1,1,6,1,25,5,1896,2,8,-1,3
201463AC05614,1,9,0,13,0,1,0,0,7,10,1,1,2,1,41,7,1968,2,4,-1,3
201463AC05614,2,9,0,6,0,5,0,0,7,10,3,1,2,1,30,6,1364,1,6,-1,1
201463AC05714,1,21,1,18,0,0,1,0,0,0,1,1,1,1,33,6,12580,2,8,-1,3
201463AC05714,2,21,0,3,0,0,0,0,0,0,2,1,1,1,26,6,5880,2,9,6,1
201463AC05714,3,19,0,12,0,0,0,0,0,0,0,1,6,3,-1,-1,-1,-1,-1,-1,-1
201463AC05814,1,9,0,18,0,1,0,0,0,0,1,1,6,1,49,8,-1,-1,-1,-1,3
201463AC05814,2,9,0,9,0,5,0,0,0,0,3,1,6,1,28,6,1956,2,1,-1,1
201463AC05814,3,9,0,2,0,1,0,0,0,0,1,1,6,3,-1,-1,1783,1,14,-1,-1
201463AC05914,1,9,0,9,0,5,0,0,0,0,1,1,6,2,79,11,1389,1,18,-1,3
201463AC05914,2,9,0,18,0,1,0,0,0,0,1,1,2,2,55,8,1968,2,3,-1,3
201463AC06014,1,9,0,18,0,0,0,12,0,0,1,1,6,2,48,8,1390,1,7,-1,3
201463AC06114,1,9,0,14,0,1,0,0,0,0,1,1,3,2,32,6,2664,2,15,-1,2
201463AC06114,2,9,0,9,0,5,0,0,0,0,3,1,1,2,24,5,1248,2,3,-1,1
201463AC06214,1,9,0,18,0,0,1,0,0,4,1,1,6,1,34,6,1587,1,11,-1,-1
201463AC06314,1,9,0,17,0,3,0,0,0,0,2,1,6,2,76,11,1149,1,7,-1,1
201463AC06314,2,4,0,18,0,4,0,0,0,0,1,1,6,1,60,9,1050,1,6,-1,2
201463AC06414,1,9,0,18,0,8,0,4,0,0,1,1,6,2,89,11,993,1,13,-1,3
201463AC06414,2,9,0,3,0,2,0,0,0,0,4,1,6,1,25,5,1596,1,6,-1,1
201463AC06514,1,9,0,18,0,0,2,0,1,9,1,1,6,1,37,7,1560,2,5,-1,2
201463AC06614,1,19,0,3,0,4,0,0,0,0,1,1,1,1,53,8,2402,2,12,-1,3
201463AC06614,2,9,0,3,0,4,0,0,0,0,2,1,1,2,30,6,1299,1,15,-1,2
201463AC06714,1,9,0,9,0,1,0,0,0,0,1,1,6,1,77,11,998,1,2,-1,3
201463AC06714,2,9,0,9,0,1,0,0,0,0,3,1,6,2,32,6,1461,2,11,-1,1
201463AC06814,1,9,0,9,0,6,0,0,0,0,1,1,6,2,70,10,1299,1,8,-1,3
201463AC06814,2,9,0,18,0,8,0,0,0,0,3,1,6,1,44,7,1896,2,4,-1,3
201463AC06814,3,9,0,10,0,1,0,0,0,0,3,1,6,2,33,6,1995,2,3,-1,2
201463AC06914,1,9,0,5,0,6,0,0,0,0,3,1,6,2,76,11,1599,1,14,-1,3
201463AC06914,2,9,0,17,0,8,0,0,0,0,1,1,6,2,56,9,996,1,1,-1,3
201463AC07014,1,9,0,18,0,0,2,0,1,10,1,1,6,1,41,7,1598,1,16,-1,3
201463AC07114,1,9,0,18,0,0,1,4,1,0,3,1,6,2,38,7,996,1,1,-1,3
201463AC07114,2,19,0,3,0,0,0,0,0,0,3,1,1,1,34,6,2198,2,4,-1,1
201463AC07114,3,9,0,18,0,0,0,0,0,0,0,1,6,3,-1,-1,-1,-1,-1,-1,-1
201463AC07214,1,9,0,16,0,0,2,0,0,0,3,1,6,1,25,5,1998,1,10,-1,2
201463AC07314,1,9,0,18,0,0,5,10,1,4,1,1,6,2,26,6,1753,2,9,-1,1
201463AC07414,1,9,0,16,0,0,2,0,2,10,4,1,6,2,47,8,1390,1,11,-1,1
201463AC07514,1,9,0,9,0,6,0,0,0,0,4,1,6,2,72,10,1997,2,3,-1,3
201463AC07514,2,19,0,2,0,1,0,0,0,0,0,1,1,3,-1,-1,4250,2,9,-1,-1
201463AC07514,3,1,0,18,0,1,0,0,0,0,3,1,6,1,26,6,-1,-1,-1,-1,2
201463AC07614,1,9,0,5,0,0,0,0,0,0,1,1,6,1,21,5,1120,2,-1,-1,1