Accident_Index,Vehicle_Reference,Vehicle_Type,Towing_and_Articulation,Vehicle_Manoeuvre,Vehicle_Location-Restricted_Lane,Junction_Location,Skidding_and_Overturning,Hit_Object_in_Carriageway,Vehicle_Leaving_Carriageway,Hit_Object_off_Carriageway,1st_Point_of_Impact,Was_Vehicle_Left_Hand_Drive?,Journey_Purpose_of_Driver,Sex_of_Driver,Age_of_Driver,Age_Band_of_Driver,Engine_Capacity_(CC),Propulsion_Code,Age_of_Vehicle,Driver_IMD_Decile,Driver_Home_Area_Type
201463AC07714,1,9,0,2,0,0,0,0,0,0,4,1,6,1,55,8,1910,2,11,-1,1
201463AC07714,2,1,0,18,9,0,0,0,0,0,1,1,6,1,12,3,-1,-1,-1,-1,1
201463AC07814,1,2,0,18,0,0,0,0,0,0,4,1,4,1,16,4,50,1,1,-1,3
201463AC07814,2,19,0,10,0,0,0,0,0,0,1,1,1,1,24,5,1870,2,8,-1,1
201463AC07914,1,9,0,16,0,0,0,0,1,0,0,1,1,2,20,4,1360,1,13,-1,3
201463AC08014,1,9,0,4,0,4,1,0,0,0,1,1,6,1,73,10,-1,-1,-1,-1,3
201463AC08014,2,9,0,3,0,4,0,0,0,0,2,1,6,1,67,10,1388,1,10,-1,1
201463AC08014,3,9,0,3,0,4,0,0,0,0,2,1,6,1,49,8,1599,1,9,-1,3
201463AC08114,1,9,0,16,0,1,1,7,0,0,1,1,6,1,61,9,1242,1,14,-1,1
201463AC08114,2,9,0,16,0,1,1,7,0,0,2,1,6,2,27,6,1124,1,10,-1,1
201463AC08114,3,9,0,16,0,1,1,7,0,0,1,1,6,1,33,6,1598,2,2,-1,2
201463AC08114,4,9,0,16,0,1,1,7,0,0,2,1,6,1,63,9,-1,-1,-1,-1,3
201463AC08214,1,9,0,4,0,4,0,0,0,0,1,1,1,1,22,5,1329,1,2,-1,1
201463AC08214,2,9,0,4,0,4,0,0,0,0,2,1,1,2,40,7,1598,2,3,-1,1
201463AC08314,1,9,0,5,0,0,0,0,0,0,2,1,6,2,-1,-1,-1,-1,-1,-1,3
201463AC08314,2,9,0,18,0,0,0,0,0,0,1,1,6,3,-1,-1,-1,-1,-1,-1,-1
201463AC08414,1,9,0,16,0,0,0,0,0,0,0,1,6,3,-1,-1,-1,-1,-1,-1,-1
201463AC08514,1,5,0,17,0,1,0,0,2,10,4,1,6,1,48,8,998,1,8,-1,1
201463AC08614,1,9,0,3,0,0,0,0,0,0,1,1,6,1,29,6,1598,1,7,6,1
201463AC08614,2,9,0,3,0,0,0,0,0,0,2,1,1,1,66,10,1997,2,12,-1,1
201463AC08714,1,20,0,3,0,0,0,0,0,0,1,1,2,1,50,8,-1,-1,-1,-1,1
201463AC08714,2,9,0,3,0,0,0,0,0,0,2,1,4,1,62,9,1360,1,10,-1,1
201463AC08714,3,9,0,3,0,0,0,0,0,0,2,1,1,1,33,6,1598,2,2,-1,1
201463AC08814,1,9,0,18,0,0,5,0,0,0,1,1,6,2,74,10,1390,1,3,-1,1
201463AC08814,2,9,0,2,0,0,0,0,1,0,2,1,6,3,-1,-1,1398,1,11,-1,-1
201463AC08814,3,9,0,2,0,0,0,0,0,0,1,1,6,3,-1,-1,999,1,13,-1,-1
201463AC08914,1,9,0,17,0,6,0,0,0,0,1,1,6,2,24,5,1686,2,9,-1,1
201463AC09014,1,9,0,16,0,0,0,0,0,0,1,1,6,2,22,5,-1,-1,-1,-1,3
201463AC09114,1,9,0,18,0,1,0,4,0,0,1,1,6,1,89,11,1598,1,10,-1,2
201463AC09114,2,19,0,2,0,2,0,0,0,0,3,1,6,1,63,9,-1,-1,-1,-1,3
201463AC09114,3,9,0,2,0,2,0,0,0,0,3,1,6,3,-1,-1,1560,2,7,-1,-1
201463AC09214,1,9,0,18,0,0,0,0,0,0,4,1,6,1,38,7,1461,2,1,-1,3
201463AC09214,2,1,0,18,0,0,1,0,0,0,3,1,6,1,33,6,-1,-1,-1,-1,-1
201463AC09314,1,5,0,17,0,0,1,0,1,0,3,1,6,1,46,8,1500,1,13,-1,1
201463AC09414,1,9,0,18,0,1,0,0,0,0,2,1,6,2,17,4,1124,1,9,-1,3
201463AC09414,2,9,0,10,0,5,0,0,0,0,2,1,6,2,33,6,1596,1,4,-1,2
201463AC09414,3,9,0,18,0,1,0,0,0,0,0,1,6,3,-1,-1,-1,-1,-1,-1,-1
201463AC09514,1,1,0,18,0,6,0,0,0,0,3,1,6,1,72,10,-1,-1,-1,-1,1
201463AC09514,2,9,0,18,0,8,0,0,0,0,1,1,6,1,45,7,1461,2,10,-1,2
201463AC09614,1,9,0,18,0,1,0,0,0,0,1,1,6,2,33,6,1783,1,14,-1,1
201463AC09614,2,9,0,10,0,1,0,0,0,0,2,1,2,1,23,5,1986,2,7,-1,1
201463AC09714,1,19,0,6,0,0,0,0,0,0,3,1,6,2,46,8,1867,2,10,-1,2
201463AC09714,2,5,0,16,0,0,1,0,7,0,1,1,6,1,48,8,1340,1,3,-1,1
201463AC09714,3,5,0,16,0,0,1,0,0,0,1,1,6,1,48,8,749,1,6,-1,-1
201463AC09814,1,9,0,5,0,4,0,0,0,0,1,1,6,1,67,10,1497,8,2,-1,2
201463AC09814,2,1,0,18,0,4,0,0,0,0,1,1,6,1,59,9,-1,-1,-1,-1,1
201463AC09914,1,9,0,4,0,1,0,0,0,0,1,1,6,1,69,10,1598,2,1,-1,3
201463AC09914,2,1,0,17,0,1,0,0,0,0,2,1,6,1,50,8,-1,-1,-1,-1,3
201463AC10014,1,9,0,18,0,0,0,0,0,0,1,1,6,1,18,4,1598,1,11,-1,2
201463AC10014,2,9,0,18,0,0,0,0,0,0,3,1,6,1,54,8,1598,1,10,-1,1
201463AC10014,3,9,0,18,0,0,0,0,0,0,0,1,6,1,45,7,3200,2,10,-1,3
201463AC10114,1,9,0,18,0,2,0,0,0,0,1,1,6,2,19,4,998,1,7,-1,3
201463AC10114,2,9,0,18,0,2,0,0,0,0,2,1,6,1,21,5,1587,1,12,-1,3
201463AC10214,1,9,0,18,0,8,0,0,0,0,1,1,6,2,50,8,2980,2,18,-1,1
201463AC10214,2,3,0,18,0,1,0,0,0,0,3,1,1,1,28,6,124,1,9,-1,-1
201463AC10314,1,3,0,18,0,0,0,0,0,0,0,1,1,1,33,6,125,1,5,-1,3
201463AC10414,1,9,0,18,0,0,0,0,0,0,1,1,6,1,66,10,1248,1,3,-1,1
201463AC10514,1,2,0,18,0,0,1,0,0,0,3,1,6,1,16,4,49,1,7,-1,2
201463AC10614,1,9,0,9,0,6,0,0,0,0,1,1,6,2,58,9,1198,1,8,-1,3
201463AC10614,2,9,0,18,0,1,0,0,0,0,1,1,6,1,65,9,1368,1,4,-1,3
201463AC10714,1,19,0,5,0,6,0,0,0,0,1,1,1,1,34,6,2402,2,4,-1,3
201463AC10714,2,1,0,17,0,8,0,0,0,0,4,1,6,1,47,8,-1,-1,-1,-1,3
201463AC10814,1,2,0,17,0,0,1,6,0,0,4,1,6,1,16,4,49,1,14,-1,1
201463AC10914,1,5,0,18,0,0,0,0,0,0,3,1,6,1,53,8,1000,1,6,-1,1
201463AC11014,1,9,0,3,0,1,0,0,0,0,1,1,6,2,18,4,998,1,-1,-1,1
201463AC11014,2,19,0,18,0,1,0,0,0,0,4,1,6,3,-1,-1,-1,-1,-1,-1,-1
201463AC11114,1,9,0,18,0,0,0,0,1,10,1,1,6,2,62,9,1368,1,1,-1,3
201463AC11214,1,19,0,17,0,8,0,0,1,1,1,1,6,1,33,6,-1,-1,-1,-1,3
201463AC11314,1,9,0,18,0,8,5,0,1,9,1,1,2,1,36,7,1753,2,13,-1,1
201463AC11414,1,9,0,4,0,0,0,0,0,0,3,1,1,1,65,9,-1,-1,-1,-1,3
201463AC11414,2,17,4,18,0,0,1,0,0,0,3,1,1,1,16,4,6788,2,1,-1,3
201463AC11514,1,4,0,9,0,8,0,0,0,0,3,1,6,1,66,10,805,1,9,-1,1
201463AC11614,1,17,4,9,0,6,0,0,0,0,3,1,6,1,57,9,-1,-1,-1,-1,3
201463AC11614,2,4,0,18,0,1,0,0,1,0,0,1,2,1,23,5,599,1,16,-1,3
201463AC11714,1,8,0,18,0,1,0,0,0,0,3,1,1,1,58,9,1896,2,6,-1,1
201463AC11714,2,9,0,18,0,1,0,0,0,0,1,1,6,1,21,5,-1,-1,-1,-1,1
201463AC11814,1,9,0,18,0,0,0,0,0,0,1,1,1,2,35,6,1560,2,6,-1,3
201463AC11814,2,9,0,18,0,0,0,0,0,0,2,1,1,1,31,6,1984,1,13,-1,3
201463AC11814,3,9,0,18,0,0,0,0,0,0,2,1,1,1,31,6,-1,-1,-1,-1,3
201463AC11914,1,9,0,18,0,8,5,0,0,0,1,1,6,1,24,5,1900,2,10,-1,3
201463AC12014,1,9,0,9,0,1,0,0,0,0,2,1,6,1,19,4,1124,1,15,-1,1
201463AC12014,2,9,0,18,0,1,0,0,0,0,0,1,6,2,70,10,1349,1,2,-1,2
201463AC12114,1,9,0,3,0,0,0,0,0,0,1,1,6,1,26,6,-1,-1,-1,-1,1
201463AC12114,2,9,0,3,0,0,0,0,0,0,2,1,6,1,69,10,1590,1,9,-1,1
201463AC12214,1,19,0,9,0,1,0,0,0,0,0,1,1,1,56,9,2143,2,3,-1,1
201463AC12214,2,9,0,18,0,1,0,0,0,0,4,1,1,1,32,6,1587,1,8,-1,1
201463AC12314,1,9,0,9,0,2,0,0,0,0,3,1,6,2,32,6,1997,2,10,-1,1
201463AC12314,2,9,0,18,0,1,0,0,0,0,1,1,6,1,53,8,1997,2,11,-1,1
201463AC12414,1,9,0,12,0,0,0,0,7,2,1,1,6,1,27,6,1591,1,1,-1,1
201463AC12414,2,9,0,4,0,0,0,0,7,0,1,1,6,1,54,8,1995,2,7,-1,1
201463AC12514,1,9,0,4,0,0,0,0,0,0,1,1,2,1,61,9,2231,2,3,-1,1
201463AC12514,2,9,0,3,0,0,0,0,0,0,2,1,2,1,41,7,1956,2,4,-1,1
201463AC12514,3,9,0,3,0,0,0,0,0,0,2,1,2,1,52,8,-1,-1,-1,-1,3
201463AC12614,1,9,0,18,0,0,5,0,0,0,4,1,6,1,61,9,1590,1,12,-1,3
201463AC12614,2,9,0,2,0,0,0,0,0,0,3,1,6,3,-1,-1,2179,2,1,-1,-1
201463AC12714,1,9,0,1,9,6,0,0,0,0,2,1,6,2,35,6,1596,1,11,-1,1
201463AC12814,1,5,0,16,0,8,1,0,0,9,4,1,6,1,55,8,742,1,14,-1,3
201463AC12914,1,9,0,18,0,8,1,0,0,0,1,1,6,1,22,5,1598,2,3,-1,1
201463AC12914,2,9,0,18,0,8,0,0,0,0,4,1,6,2,34,6,1398,1,9,-1,1
201463AC13014,1,9,0,18,0,4,0,4,0,0,1,1,6,2,63,9,1870,2,4,-1,1
201463AC13014,2,9,0,3,0,4,0,0,0,0,2,1,6,1,50,8,2204,2,5,-1,1
201463AC13114,1,9,0,5,0,1,0,0,7,10,3,1,6,1,74,10,1360,1,10,-1,1
201463AC13114,2,9,0,16,0,1,0,0,0,0,1,1,6,1,76,11,1596,1,2,-1,1
201463AC13214,1,9,0,18,0,0,2,0,1,0,1,1,6,2,21,5,1997,2,10,-1,2
201463AC13214,2,9,0,18,0,0,0,0,0,0,1,1,6,2,74,10,1586,1,4,-1,2
201463AC13314,1,9,0,17,0,0,0,0,0,0,1,1,6,1,31,6,-1,-1,-1,-1,1
201463AC13314,2,9,0,4,0,0,0,0,0,0,2,1,6,2,43,7,1199,1,12,-1,-1
201463AC13314,3,9,0,18,0,0,0,0,0,0,0,1,6,3,-1,-1,-1,-1,-1,-1,-1
201463AC13314,4,9,0,2,0,0,0,0,0,0,0,1,6,3,-1,-1,-1,-1,-1,-1,-1
201463AC13414,1,9,0,4,0,0,0,0,0,0,1,1,6,1,26,6,1248,2,4,-1,1
201463AC13414,2,19,0,18,0,0,0,0,0,0,2,1,6,1,40,7,2198,2,6,10,1
201463AC13514,1,9,0,18,0,0,2,0,2,10,1,1,6,1,35,6,1895,1,14,-1,2
201463AC13614,1,21,1,17,0,8,0,0,0,0,1,2,1,2,46,8,-1,-1,-1,-1,-1
201463AC13614,2,19,0,7,0,3,5,0,4,6,4,1,2,1,32,6,2300,2,15,-1,2
201463AC13714,1,5,0,18,0,0,1,0,0,0,1,1,6,1,47,8,885,1,21,-1,3
201463AC13914,1,9,0,18,0,1,0,0,0,0,1,1,6,3,-1,-1,-1,-1,-1,-1,-1
201463AC14014,1,3,0,18,0,2,1,0,0,0,1,1,6,1,18,4,-1,-1,-1,-1,3
201463AC14114,1,9,0,18,0,2,0,4,0,0,1,1,6,1,68,10,2496,1,10,-1,2
201463AC14114,2,9,0,2,0,2,0,0,0,0,2,1,6,2,39,7,1461,2,3,-1,2
201463AC14214,1,9,0,18,0,1,5,0,0,10,4,1,6,1,74,10,1560,2,2,-1,3
201463AC14314,1,9,0,4,0,4,0,0,0,0,1,1,1,1,75,10,-1,-1,-1,-1,1
201463AC14314,2,9,0,4,0,4,0,0,0,0,2,1,6,2,19,4,-1,-1,-1,-1,1
201463AC14414,1,9,0,7,0,1,0,0,0,0,1,1,6,1,26,6,5737,1,35,-1,3
201463AC14414,2,9,0,18,0,1,0,0,0,0,1,1,6,1,78,11,1973,1,17,-1,3
201463AC14514,1,9,0,5,0,0,0,0,0,10,1,1,6,2,85,11,1588,1,11,-1,1
201463AC14614,1,9,0,4,0,1,0,0,0,0,1,1,6,1,70,10,1995,2,12,-1,1
201463AC14614,2,9,0,3,0,1,0,0,0,0,2,1,6,2,33,6,1582,2,1,-1,3
201463AC14714,1,9,0,18,0,0,0,0,5,6,3,1,6,1,38,7,2148,2,8,-1,3
201463AC14814,1,9,0,4,0,1,0,0,0,0,1,1,1,2,21,5,1124,1,10,-1,3
201463AC14814,2,9,0,3,0,1,0,0,0,0,2,1,6,1,52,8,1390,1,7,-1,3
201463AC14814,3,9,0,3,0,1,0,0,0,0,2,1,6,1,65,9,1910,2,5,10,1
201463AC14814,4,9,0,10,0,1,0,0,0,0,0,1,6,3,-1,-1,-1,-1,-1,-1,-1
201463AC14914,1,9,0,18,0,0,0,0,0,0,1,1,1,1,83,11,1968,2,-1,-1,3
201463AC14914,2,9,0,2,0,0,0,0,0,0,2,1,6,3,-1,-1,1399,2,5,-1,-1
201463AC14914,3,19,0,2,0,0,0,0,0,0,2,1,6,1,26,6,2496,2,18,-1,1
201463AC15014,1,1,0,16,0,1,0,4,0,0,1,1,6,2,9,2,-1,-1,-1,-1,1
201463AC15014,2,9,0,2,0,1,0,0,0,0,2,1,6,3,-1,-1,3300,1,13,-1,-1
201463AC15114,1,9,0,4,0,0,1,0,0,0,1,1,6,2,20,4,998,1,11,5,1
201463AC15114,2,9,4,4,0,0,0,0,0,0,3,1,6,2,38,7,2982,2,1,-1,3
201463AC15214,1,9,0,4,0,0,5,0,2,10,4,1,1,2,62,9,1299,1,14,-1,3
201463AC15314,1,9,0,18,0,3,0,0,0,0,3,1,6,1,53,8,1389,1,11,-1,1
201463AC15314,2,1,0,4,0,8,0,0,0,0,1,1,6,1,51,8,-1,-1,-1,-1,1
201463AC15414,1,9,0,18,0,2,0,0,0,0,0,1,6,1,19,4,1199,1,14,-1,3
201463AC15514,1,3,0,18,0,0,1,0,0,0,1,1,2,1,20,4,123,1,-1,-1,3
201463AC15514,2,17,4,18,0,0,0,0,0,0,0,1,1,1,36,7,-1,2,7,-1,3
201463AC15614,1,9,0,18,0,4,0,0,0,0,3,1,6,2,74,10,-1,-1,-1,-1,1
201463AC15614,2,90,0,18,0,4,0,0,0,0,1,1,2,1,46,8,-1,-1,-1,-1,1
201463AC15814,1,9,0,4,0,1,0,0,1,9,2,1,6,1,81,11,1198,1,-1,-1,-1
201463AC15814,2,9,0,4,0,1,0,0,0,0,0,1,6,3,-1,-1,-1,-1,-1,-1,-1
201463AC15914,1,5,0,18,0,2,0,0,1,0,3,1,6,1,29,6,599,1,9,-1,1
201463AC15914,2,8,0,18,0,2,0,0,0,0,4,1,6,2,36,7,1995,2,4,-1,3
201463AC16014,1,9,0,4,0,1,0,0,0,0,1,1,6,1,18,4,1461,2,12,-1,1
201463AC16014,2,9,0,4,0,1,0,0,0,0,2,1,6,1,18,4,1596,1,14,-1,1
201463AC16014,3,9,0,4,0,1,0,0,0,0,2,1,6,1,45,7,1995,2,11,-1,1
201463AC16114,1,9,0,9,0,8,5,0,2,6,4,1,6,2,76,11,1299,1,10,-1,3
201463AC16214,1,9,0,14,0,0,5,0,0,0,1,1,6,1,40,7,1994,2,17,-1,1
201463AC16214,2,9,0,18,0,0,0,0,0,0,1,1,6,2,21,5,1560,2,1,-1,-1
201463AC16214,3,9,0,2,0,0,0,0,0,0,2,1,6,3,-1,-1,1956,2,1,-1,-1
201463AC16314,1,9,0,7,0,4,0,0,0,0,4,1,6,2,43,7,2993,2,3,-1,3
201463AC16314,2,1,0,18,0,8,0,0,0,0,3,1,6,1,54,8,-1,-1,-1,-1,2
201463AC16414,1,9,0,17,0,0,1,0,7,0,1,1,1,1,25,5,1598,1,8,-1,3
201463AC16414,2,20,0,18,0,0,1,0,1,0,1,1,1,1,64,9,4950,2,4,-1,3
201463AC16514,1,9,0,18,0,0,0,0,0,0,1,1,6,2,48,8,1229,1,1,-1,1
201463AC16514,2,9,0,18,0,0,1,0,0,0,1,1,6,1,21,5,1396,1,15,-1,1
201463AC16614,1,9,0,7,0,3,0,0,0,0,4,1,1,2,49,8,1956,2,2,-1,3
201463AC16614,2,11,0,18,0,3,0,0,0,0,1,1,1,1,39,7,4250,2,4,-1,3
201463AC16714,1,9,0,18,0,0,1,0,2,10,1,1,1,2,54,8,1242,1,1,-1,2
201463AC16814,1,9,0,18,0,4,0,0,0,0,1,1,2,1,54,8,1582,2,2,-1,1
201463AC16814,2,9,0,18,0,4,0,0,0,0,2,1,2,2,47,8,1248,1,2,-1,3
201463AC16914,1,9,0,5,0,1,0,0,0,0,2,1,2,2,43,7,1242,1,3,-1,1
201463AC16914,2,19,0,5,0,1,0,0,0,0,1,1,1,2,46,8,1560,2,2,-1,-1
201463AC17014,1,9,0,9,0,1,0,0,0,0,1,1,6,2,17,4,1149,1,5,-1,3
201463AC17014,2,9,0,18,0,1,1,0,0,0,1,1,6,1,31,6,-1,-1,-1,-1,1
201463AC17114,1,9,0,17,0,0,2,0,7,0,1,1,6,1,19,4,1124,1,12,-1,3
201463AC17214,1,9,0,17,0,1,0,0,0,0,1,1,6,1,19,4,1596,1,3,-1,3
201463AC17214,2,9,0,10,0,1,5,0,0,0,2,1,6,1,23,5,1995,1,14,-1,1
201463AC17314,1,9,0,9,0,8,0,0,0,0,4,1,6,1,75,10,-1,-1,-1,-1,3
201463AC17314,2,5,0,16,0,1,0,0,0,0,1,1,6,1,57,9,1188,1,18,-1,3
201463AC17414,1,9,0,17,0,0,0,0,0,0,1,1,6,2,22,5,1124,1,18,-1,3
201463AC17414,2,9,0,17,0,0,0,0,1,10,2,1,6,1,70,10,750,1,77,-1,3
201463AC17514,1,9,0,18,0,3,0,0,0,0,1,1,6,1,20,4,-1,-1,-1,-1,3
201463AC17514,2,1,0,18,0,8,0,0,0,0,4,1,6,1,30,6,-1,-1,-1,-1,3
201463AC17614,1,9,0,10,0,2,0,0,0,0,1,1,6,1,81,11,1896,2,9,-1,1
201463AC17614,2,9,0,18,0,2,0,0,0,0,1,1,6,2,26,6,1896,2,11,-1,1
201463AC17714,1,9,0,18,0,1,0,0,0,0,1,1,6,1,24,5,1364,2,6,-1,1
201463AC17714,2,20,0,18,0,1,0,0,0,0,2,1,1,2,31,6,-1,-1,-1,-1,3
201463AC17814,1,9,0,18,0,8,2,0,1,0,1,1,6,1,21,5,1149,1,10,-1,1
201463AC17814,2,9,0,18,0,1,1,0,0,0,2,1,6,1,66,10,3456,8,3,-1,3
201463AC17914,1,9,0,18,9,0,0,4,0,0,1,1,6,1,29,6,1896,2,17,-1,1
201463AC17914,2,9,0,2,9,0,0,0,0,0,2,1,6,3,-1,-1,1598,2,3,-1,-1
201463AC18014,1,9,3,18,0,0,4,0,0,0,1,1,6,1,56,9,2980,2,18,-1,2
201463AC18114,1,19,0,18,0,0,1,0,0,0,1,1,6,2,46,8,2494,2,12,7,2
201463AC18114,2,9,0,18,0,0,0,0,0,0,2,1,6,2,44,7,1910,2,7,-1,1
201463AC18114,3,9,0,3,0,0,0,0,0,0,0,1,6,3,-1,-1,-1,-1,-1,-1,-1
201463AC18214,1,5,0,18,0,0,1,0,0,0,3,1,6,1,29,6,900,1,16,-1,1
201463AC18214,2,3,0,18,0,0,0,0,0,0,1,1,6,1,54,8,750,1,4,-1,1
201463AC18214,3,5,0,18,0,0,0,0,0,0,1,1,6,1,46,8,998,1,5,-1,1
201463AC18314,1,9,0,18,0,0,0,0,0,0,1,1,6,2,33,6,1461,2,10,-1,1
201463AC18314,2,9,0,18,0,0,0,0,0,0,2,1,6,1,52,8,1198,1,2,-1,1
201463AC18314,3,9,0,18,0,0,0,0,0,0,2,1,6,1,48,8,1753,2,7,-1,3
201463AC18414,1,3,0,16,0,0,1,0,0,0,1,1,6,1,39,7,636,1,8,5,1
201463AC18514,1,19,0,18,0,0,5,0,0,0,0,1,1,1,38,7,1995,2,-1,-1,1
201463AC18614,1,9,0,18,0,1,0,4,0,0,1,1,6,1,30,6,-1,-1,-1,-1,3
201463AC18614,2,9,0,2,0,1,0,4,1,10,1,1,6,3,-1,-1,1998,2,6,-1,-1
201463AC18614,3,9,0,2,0,1,0,0,0,0,1,1,6,3,-1,-1,1229,1,9,-1,-1
201463AC18614,4,9,0,2,0,1,0,0,1,0,1,1,6,3,-1,-1,1198,1,7,-1,-1
201463AC18714,1,19,0,18,9,3,1,0,1,2,1,1,6,1,25,5,1998,2,10,-1,1
201463AC18814,1,9,0,7,0,5,0,0,0,0,1,1,1,1,39,7,1399,2,10,-1,1
201463AC18814,2,1,0,18,9,1,0,0,0,0,1,1,6,1,30,6,-1,-1,-1,-1,1
201463AC18814,3,19,0,2,0,1,0,0,0,0,0,1,6,3,-1,-1,-1,-1,-1,-1,-1
201463AC18914,1,5,0,18,0,1,0,0,0,0,0,1,6,2,55,8,700,1,29,-1,1
201463AC18914,2,9,0,18,0,1,0,0,0,0,0,1,6,1,33,6,1124,1,14,-1,1
201463AC19014,1,9,0,9,9,8,0,0,0,0,1,1,6,1,54,8,2295,1,13,-1,1
201463AC19114,1,1,0,18,0,2,1,0,0,0,1,1,6,1,23,5,-1,-1,-1,-1,1
201463AC19114,2,9,0,5,0,6,0,0,0,0,3,1,6,1,22,5,1461,2,11,-1,1
201463AC19214,1,9,0,14,0,0,0,0,0,0,1,1,6,2,40,7,1896,2,15,-1,1
201463AC19214,2,9,0,2,0,0,0,0,0,0,2,1,6,3,-1,-1,1998,2,9,-1,-1
201463AC19314,1,3,0,9,7,5,0,0,0,0,3,1,6,1,17,4,124,1,3,6,3
201463AC19314,2,9,0,15,0,8,0,0,0,0,4,1,6,1,65,9,2199,2,1,3,1
201463AC19414,1,9,0,16,0,8,2,0,7,9,3,1,1,2,20,4,1598,1,10,-1,-1
201463AC19514,1,9,0,18,0,0,5,0,0,10,4,1,6,2,18,4,1124,1,2,-1,3
201463AC19614,1,9,0,3,0,2,0,0,0,0,1,1,6,1,32,6,1461,2,13,-1,1
201463AC19614,2,9,0,4,0,2,0,0,0,0,2,1,6,1,40,7,1598,1,4,-1,1
201463AC19714,1,9,3,13,0,1,0,0,0,0,4,1,6,1,58,9,1997,2,6,-1,1
201463AC19714,2,1,0,18,0,1,0,0,0,0,3,1,6,1,49,8,-1,-1,-1,-1,1
201463AC19814,1,3,0,17,0,0,1,0,1,0,0,1,2,1,19,4,124,1,1,-1,2
201463AC19914,1,9,0,16,0,0,5,0,8,4,1,1,1,1,43,7,-1,-1,-1,-1,1
201463AC20014,1,5,0,5,0,8,1,0,0,0,0,1,6,1,42,7,1157,1,12,-1,1
201463AC20114,1,19,0,18,0,0,0,0,0,0,1,1,1,1,47,8,1560,2,3,-1,3
201463AC20114,2,1,0,18,0,0,0,0,0,0,1,1,6,1,43,7,-1,-1,-1,-1,1
201463AC20214,1,21,2,18,0,0,0,0,0,3,2,1,1,1,22,5,12130,2,11,-1,1
201463AC20214,2,9,0,16,0,0,1,0,0,0,3,1,2,2,51,8,1328,1,6,-1,3
201463AC20314,1,90,0,14,0,1,1,0,7,9,1,1,1,1,25,5,6871,2,7,-1,2
201463AC20314,2,9,0,9,0,5,0,0,1,10,3,1,6,1,32,6,1389,1,11,-1,2
201463AC20414,1,9,0,18,0,0,1,0,0,0,1,1,1,1,39,7,-1,-1,-1,-1,3
201463AC20414,2,9,0,4,0,0,0,0,0,0,3,1,2,1,25,5,1124,1,13,-1,3
201463AC20514,1,9,0,18,0,0,0,0,0,0,0,1,6,1,82,11,1422,2,11,-1,3
201463AC20514,2,9,0,18,0,0,1,0,0,0,1,1,2,1,23,5,1596,1,13,-1,1
201463AC20514,3,9,0,18,0,0,0,0,4,0,2,1,6,1,48,8,1896,2,13,6,1
201463AC20614,1,9,0,18,0,0,0,0,0,0,1,1,1,2,33,6,998,1,2,-1,2
201463AC20614,2,9,0,3,0,0,0,0,0,0,2,1,1,1,49,8,1199,1,10,-1,3
201463AC20614,3,9,0,3,0,0,0,0,0,0,0,1,6,3,-1,-1,-1,-1,-1,-1,-1
201463AC20714,1,9,0,18,0,0,2,0,2,10,4,1,1,1,22,5,1299,1,12,-1,1
201463AC20714,2,9,0,18,0,0,0,0,0,0,0,1,6,1,76,11,1598,1,8,-1,2
201463AC20814,1,9,0,18,0,0,0,0,0,0,4,1,1,1,19,4,1149,1,12,-1,3
201463AC20814,2,19,0,2,0,0,0,0,0,0,3,1,6,3,-1,-1,1248,2,-1,-1,-1
201463AC20914,1,19,0,18,0,0,0,0,0,0,0,1,1,2,38,7,1998,2,8,-1,3
201463AC21014,1,9,0,9,0,6,0,0,0,0,1,1,1,1,56,9,-1,-1,-1,-1,1
201463AC21014,2,1,0,18,0,1,0,0,0,0,1,1,6,1,55,8,-1,-1,-1,-1,1
201463AC21114,1,3,0,15,0,1,0,10,0,10,1,1,6,1,35,6,-1,-1,-1,-1,1
201463AC21114,2,19,0,9,0,1,0,0,0,0,0,1,6,3,-1,-1,-1,-1,-1,-1,-1
201463AC21214,1,9,0,18,0,0,0,0,0,0,1,1,1,1,40,7,-1,-1,-1,-1,3
201463AC21214,2,9,0,2,0,0,0,0,0,0,2,1,1,1,30,6,-1,-1,-1,-1,2
201463AC21314,1,9,0,18,0,0,0,0,0,0,1,1,6,2,50,8,1596,1,11,-1,1
201463AC21314,2,9,0,18,0,0,0,0,0,0,1,1,6,1,50,8,973,1,14,-1,1
201463AC21414,1,9,0,18,0,0,0,0,0,0,1,1,1,1,39,7,1368,1,5,-1,-1
201463AC21514,1,9,0,18,0,7,0,0,0,0,0,1,6,3,-1,-1,-1,-1,-1,-1,-1
201463AC21514,2,5,0,18,0,8,0,0,0,0,3,1,2,1,43,7,644,1,12,-1,1
201463AC21514,3,19,0,4,0,8,0,0,0,0,0,1,1,3,-1,-1,-1,-1,-1,-1,-1
201463AC21614,1,9,0,18,0,1,0,0,0,0,1,1,6,2,21,5,998,1,8,-1,2
201463AC21714,1,9,0,4,0,8,0,0,7,10,1,1,6,1,19,4,1360,1,8,-1,2
201463AC21814,1,9,0,18,0,0,0,0,0,0,1,1,6,1,77,11,1242,1,9,-1,1
201463AC21814,2,9,0,2,0,0,0,0,0,0,1,1,6,3,-1,-1,1560,2,5,-1,-1
201463AC21914,1,5,0,18,0,0,1,0,4,6,3,1,6,1,30,6,599,1,16,-1,-1
201463AC22014,1,9,0,9,0,5,0,0,0,0,4,1,3,1,52,8,998,1,-1,-1,1
201463AC22014,2,1,0,18,0,8,0,0,0,0,1,1,1,1,41,7,-1,-1,-1,-1,1
201463AC22114,1,9,0,18,0,0,0,0,0,0,4,1,6,2,40,7,1399,2,4,-1,1