Accident_Index,Vehicle_Reference,Vehicle_Type,Towing_and_Articulation,Vehicle_Manoeuvre,Vehicle_Location-Restricted_Lane,Junction_Location,Skidding_and_Overturning,Hit_Object_in_Carriageway,Vehicle_Leaving_Carriageway,Hit_Object_off_Carriageway,1st_Point_of_Impact,Was_Vehicle_Left_Hand_Drive?,Journey_Purpose_of_Driver,Sex_of_Driver,Age_of_Driver,Age_Band_of_Driver,Engine_Capacity_(CC),Propulsion_Code,Age_of_Vehicle,Driver_IMD_Decile,Driver_Home_Area_Type
201463AC22114,2,1,0,18,9,0,0,0,0,0,3,1,6,1,19,4,-1,-1,-1,-1,1
201463AC22214,1,9,0,4,0,4,0,0,0,0,1,1,6,1,30,6,1242,1,10,-1,1
201463AC22214,2,9,0,4,0,4,0,0,0,0,1,1,6,1,52,8,1753,2,9,-1,1
201463AC22314,1,9,0,3,0,0,0,0,0,0,1,1,2,2,40,7,1598,1,16,-1,2
201463AC22314,2,9,0,3,0,0,0,0,0,0,2,1,2,2,46,8,1360,1,7,-1,1
201463AC22314,3,90,0,2,0,0,0,0,0,0,0,1,6,3,-1,-1,-1,-1,-1,-1,-1
201463AC22314,4,9,0,18,0,0,0,0,0,0,0,1,6,3,-1,-1,-1,-1,-1,-1,-1
201463AC22414,1,10,0,17,0,1,0,0,0,0,0,1,6,1,72,10,-1,-1,-1,-1,3
201463AC22514,1,9,0,18,0,2,2,10,1,9,1,1,2,2,24,5,1149,1,12,-1,1
201463AC22614,1,9,0,18,0,0,5,0,8,4,3,1,6,2,67,10,1968,2,-1,5,3
201463AC22714,1,19,0,18,0,0,0,4,0,0,1,1,6,1,59,9,1896,2,11,-1,3
201463AC22714,2,9,0,2,0,0,0,4,1,0,2,1,6,3,-1,-1,1386,1,2,-1,-1
201463AC22714,3,9,0,2,0,0,0,4,1,0,2,1,6,3,-1,-1,1896,2,8,-1,-1
201463AC22814,1,9,0,7,0,0,0,0,0,0,4,1,6,1,23,5,1895,1,14,-1,3
201463AC22814,2,9,0,18,0,0,0,0,0,0,1,1,1,1,50,8,1968,2,2,10,1
201463AC22914,1,5,0,4,0,0,1,0,0,0,3,1,6,1,67,10,805,1,7,-1,1
201463AC22914,2,9,0,4,0,0,0,0,0,0,0,1,6,1,65,9,1995,2,10,-1,3
201463AC22914,3,9,0,4,0,0,0,0,0,0,0,1,6,2,35,6,1461,2,4,-1,1
201463AC22914,4,9,0,18,0,0,0,0,0,0,0,1,1,2,42,7,2400,2,2,-1,1
201463AC23014,1,9,0,9,0,8,0,0,0,0,1,1,6,2,58,9,2435,1,11,4,1
201463AC23014,2,9,0,18,0,8,0,0,0,0,3,2,6,2,54,8,-1,-1,-1,-1,-1
201463AC23114,1,9,0,8,0,5,0,0,0,0,1,1,6,2,57,9,1242,1,10,-1,1
201463AC23114,2,9,0,18,0,1,0,0,0,0,0,1,6,1,59,9,2495,2,15,-1,1
201463AC23114,3,9,0,11,0,1,0,0,0,0,2,1,6,2,36,7,1596,1,11,-1,3
201463AC23114,4,9,0,3,0,6,0,0,0,0,0,1,6,3,-1,-1,-1,-1,-1,-1,-1
201463AC23214,1,9,0,16,0,0,2,0,0,0,4,1,6,2,50,8,1997,2,14,-1,1
201463AC23314,1,9,0,14,0,0,0,0,0,0,1,1,6,1,62,9,2495,2,14,-1,3
201463AC23314,2,3,0,16,0,0,1,0,0,0,1,1,6,1,22,5,125,1,6,-1,2
201463AC23314,3,19,0,2,0,0,0,0,0,0,0,1,6,3,-1,-1,-1,-1,-1,-1,-1
201463AC23414,1,9,0,16,0,0,0,0,7,10,1,1,6,1,22,5,1124,1,13,-1,3
201463AC23514,1,3,0,5,0,2,0,0,0,0,3,1,2,2,25,5,125,1,9,-1,3
201463AC23514,2,9,0,18,0,8,0,0,0,0,4,1,6,2,41,7,1229,1,2,-1,3
201463AC23614,1,19,0,9,8,1,0,0,0,0,3,1,6,1,45,7,2494,2,10,-1,2
201463AC23614,2,9,0,18,0,8,0,0,0,0,4,1,6,2,76,11,1198,1,3,-1,3
201463AC23614,3,9,0,18,0,1,0,0,0,0,0,1,6,3,-1,-1,-1,-1,-1,-1,-1
201463AC23714,1,9,0,18,0,8,0,0,1,0,3,1,6,1,42,7,1596,1,13,-1,2
201463AC23714,2,9,0,9,0,5,0,0,0,0,1,1,2,1,28,6,-1,-1,-1,-1,3
201463AC23814,1,9,0,9,0,1,0,0,0,0,3,1,6,1,22,5,1242,1,7,-1,2
201463AC23814,2,9,0,18,0,1,0,0,1,0,3,1,6,1,25,5,2184,2,4,-1,3
201463AC23914,1,9,0,16,0,0,0,0,8,7,1,1,6,2,50,8,1796,1,11,-1,2
201463AC23914,2,19,0,18,0,0,0,0,0,0,1,1,6,1,54,8,-1,-1,-1,8,3
201463AC24014,1,21,0,12,0,0,0,0,0,0,1,1,1,2,23,5,-1,2,11,-1,3
201463AC24014,2,19,0,18,0,0,0,0,0,0,2,1,1,1,57,9,1560,2,1,-1,1
201463AC24014,3,9,0,5,0,0,0,0,0,0,0,1,6,3,-1,-1,-1,-1,-1,-1,-1
201463AC24014,4,21,0,2,0,0,0,0,0,0,0,1,6,3,-1,-1,-1,-1,-1,-1,-1
201463AC24114,1,9,0,9,0,6,0,0,1,9,3,1,6,1,82,11,1598,1,11,-1,3
201463AC24114,2,9,0,17,0,1,1,0,7,0,1,1,6,2,23,5,1391,1,12,-1,2
201463AC24214,1,9,0,18,0,2,2,0,0,0,1,1,6,1,31,6,1995,2,9,-1,2
201463AC24214,2,9,0,18,0,1,0,0,1,0,2,1,1,1,66,10,1590,1,10,-1,1
201463AC24314,1,9,0,18,0,1,0,0,0,0,1,1,6,2,57,9,1229,1,7,-1,1
201463AC24314,2,9,0,2,0,2,0,0,0,0,2,1,6,1,62,9,-1,-1,-1,-1,1
201463AC24314,3,9,0,18,0,1,0,0,0,0,0,1,6,2,41,7,1686,2,3,-1,1
201463AC24414,1,9,0,17,0,0,0,0,0,0,3,1,2,1,49,8,1997,2,13,-1,2
201463AC24414,2,9,0,16,0,0,1,0,0,0,3,1,6,3,-1,-1,-1,-1,-1,-1,-1
201463AC24514,1,9,0,18,0,1,0,0,1,7,1,1,6,1,27,6,1299,1,12,-1,1
201463AC24514,2,8,0,4,0,1,0,0,0,0,2,1,1,1,43,7,1896,2,13,-1,1
201463AC24614,1,3,0,4,0,1,1,0,0,0,4,1,6,1,17,4,124,1,5,-1,3
201463AC24714,1,9,0,18,0,2,0,0,0,0,4,1,6,1,82,11,1686,2,9,-1,1
201463AC24714,2,3,0,18,0,2,1,0,1,0,1,1,6,1,20,4,125,1,13,-1,3
201463AC24814,1,9,0,18,0,0,0,0,0,0,1,1,2,1,28,6,2495,2,11,-1,2
201463AC24814,2,9,0,18,0,0,0,0,0,0,1,1,6,2,33,6,1868,2,13,-1,1
201463AC24814,3,9,0,18,0,0,0,0,0,0,0,1,6,1,33,6,899,1,-1,-1,-1
201463AC24814,4,9,0,18,0,0,0,0,0,0,0,1,2,1,26,6,1124,1,11,-1,3
201463AC24914,1,9,0,18,0,1,0,0,0,0,1,1,6,2,32,6,1200,1,1,-1,2
201463AC24914,2,9,0,18,0,1,0,0,0,0,2,1,6,2,43,7,1598,1,8,-1,2
201463AC24914,3,21,0,9,0,8,0,0,0,0,0,1,6,3,-1,-1,-1,-1,-1,-1,-1
201463AC25014,1,9,0,18,0,4,0,0,0,0,4,1,6,1,23,5,1242,1,5,-1,1
201463AC25014,2,1,0,4,0,1,0,0,0,0,2,1,6,1,45,7,-1,-1,-1,-1,1
201463AC25114,1,19,0,18,0,0,1,0,0,10,3,1,6,1,48,8,-1,-1,-1,-1,3
201463AC25114,2,21,4,18,0,0,0,0,0,0,3,1,1,1,55,8,11201,2,8,-1,3
201463AC25214,1,9,0,17,0,0,1,0,0,0,1,1,6,2,20,4,1461,2,10,-1,3
201463AC25214,2,9,0,18,0,0,0,0,0,0,1,1,6,1,68,10,1587,1,7,-1,1
201463AC25314,1,19,0,18,0,1,0,0,0,0,1,1,1,1,32,6,1870,2,9,-1,1
201463AC25314,2,9,0,10,0,1,0,0,0,0,2,1,6,2,19,4,1299,1,11,-1,1
201463AC25314,3,9,0,8,0,1,0,0,0,0,1,1,6,2,30,6,1595,1,4,-1,1
201463AC25414,1,1,0,18,0,0,0,0,0,0,0,1,6,1,24,5,-1,-1,-1,-1,3
201463AC25414,2,9,0,18,0,0,0,0,0,0,0,1,6,2,53,8,1560,2,-1,-1,3
201463AC25514,1,9,0,18,0,1,0,0,0,0,4,1,6,3,-1,-1,-1,-1,-1,-1,-1
201463AC25514,2,1,0,18,0,1,0,0,0,0,3,1,6,1,45,7,-1,-1,-1,-1,3
201463AC25614,1,9,0,2,0,0,0,0,0,0,4,1,6,1,50,8,1905,2,16,-1,1
201463AC25614,2,1,0,18,0,0,0,0,0,0,4,1,6,1,15,3,-1,-1,-1,-1,1
201463AC25714,1,9,0,18,0,0,1,0,0,0,1,1,6,1,19,4,1596,1,10,-1,3
201463AC25714,2,9,0,4,0,0,0,0,0,0,1,1,6,1,40,7,1995,2,10,-1,3
201463AC25814,1,9,0,16,0,0,0,0,0,0,1,1,6,1,56,9,1246,1,6,-1,1
201463AC25914,1,3,0,18,0,0,1,0,0,0,0,1,6,1,18,4,124,1,5,-1,3
201463AC26014,1,19,0,18,0,8,1,0,0,0,1,1,1,1,35,6,2148,2,6,4,1
201463AC26014,2,9,0,10,0,1,0,4,7,0,2,1,1,1,42,7,1995,2,2,-1,-1
201463AC26014,3,9,0,18,0,1,1,0,0,0,3,1,6,1,55,8,1984,1,2,8,1
201463AC26014,4,9,0,2,6,1,0,0,0,0,1,1,6,3,-1,-1,1968,2,-1,-1,-1
201463AC26014,5,9,0,2,6,1,0,0,0,0,1,1,2,3,-1,-1,-1,-1,-1,-1,-1
201463AC26114,1,9,0,18,0,0,2,0,2,4,1,1,6,1,79,11,1997,2,11,-1,3
201463AC26214,1,9,0,18,0,0,0,0,0,0,0,1,6,1,35,6,2179,2,4,-1,2
201463AC26314,1,10,0,14,0,1,0,0,0,0,1,1,6,1,62,9,-1,-1,-1,-1,3
201463AC26314,2,9,0,9,0,1,0,0,7,0,4,1,6,1,52,8,1596,1,1,4,1
201463AC26414,1,9,0,17,0,0,1,0,8,4,1,1,6,1,19,4,1296,1,7,-1,1
201463AC26514,1,17,4,18,0,0,0,0,0,0,3,1,6,3,-1,-1,-1,-1,-1,-1,-1
201463AC26514,2,21,0,18,0,0,0,0,0,0,3,1,1,1,37,7,3920,2,6,-1,3
201463AC26614,1,9,0,18,0,0,0,0,0,0,1,1,6,1,55,8,1796,1,8,-1,1
201463AC26714,1,9,0,18,0,8,0,0,0,0,1,1,6,1,79,11,1598,1,12,-1,3
201463AC26714,2,9,0,18,0,8,0,0,0,0,2,1,6,1,19,4,-1,-1,-1,-1,3
201463AC26814,1,9,0,18,0,1,1,0,0,0,1,1,6,1,40,7,1796,1,8,-1,1
201463AC26814,2,9,0,18,0,1,0,0,0,0,2,1,6,2,18,4,1149,1,-1,-1,2
201463AC26814,3,9,0,10,0,5,0,0,0,0,0,1,6,3,-1,-1,-1,-1,-1,-1,-1
201463AC26914,1,9,0,18,0,0,0,0,0,0,1,1,6,1,26,6,1995,2,4,-1,3
201463AC27014,1,9,0,16,0,0,1,0,0,0,3,1,6,1,42,7,1769,1,9,-1,3
201463AC27014,2,9,0,17,0,0,0,0,0,0,3,1,6,1,63,9,2987,2,3,-1,3
201463AC27114,1,9,0,5,0,1,0,0,0,0,3,1,2,1,43,7,2400,2,4,-1,3
201463AC27114,2,1,0,18,0,1,0,0,0,0,1,1,6,1,29,6,-1,-1,-1,-1,1
201463AC27214,1,9,0,17,0,1,1,0,7,10,1,1,6,1,22,5,1905,2,15,-1,1
201463AC27314,1,9,0,18,0,1,0,0,0,0,1,1,6,1,29,6,1968,2,6,-1,1
201463AC27314,2,9,0,4,0,1,0,0,0,0,2,1,6,2,54,8,999,1,3,-1,1
201463AC27414,1,9,0,18,0,0,0,4,0,0,1,1,6,1,36,7,1796,1,9,-1,1
201463AC27414,2,9,0,2,0,0,0,0,0,0,1,1,6,3,-1,-1,1995,2,11,-1,-1
201463AC27414,3,19,0,2,0,0,0,0,0,0,1,1,6,3,-1,-1,1995,2,2,-1,-1
201463AC27514,1,9,0,18,0,1,0,0,0,0,4,1,6,2,39,7,1149,1,3,-1,1
201463AC27514,2,5,0,18,0,7,0,0,0,0,3,1,6,1,24,5,1043,1,1,-1,1
201463AC27514,3,9,0,18,0,8,0,0,0,0,4,1,2,2,22,5,1560,2,-1,-1,2
201463AC27614,1,9,0,18,0,1,0,0,0,0,1,1,2,2,41,7,1598,1,4,-1,1
201463AC27614,2,9,0,5,0,5,0,0,0,0,2,1,2,1,39,7,2204,2,8,-1,1
201463AC27714,1,9,0,18,0,0,0,0,0,0,1,1,2,1,48,8,1968,2,4,-1,1
201463AC27714,2,9,0,4,0,0,0,0,0,0,2,1,6,2,54,8,2685,2,9,-1,1
201463AC27714,3,9,0,3,0,0,0,0,0,0,2,1,6,2,66,10,1951,2,11,-1,1
201463AC27814,1,9,0,18,0,1,0,0,0,0,1,1,6,1,27,6,1997,2,11,-1,2
201463AC27814,2,9,0,10,0,8,0,0,0,0,2,1,6,2,46,8,1560,2,3,-1,3
201463AC27814,3,9,0,10,0,8,0,0,0,0,2,1,6,1,44,7,1997,2,4,-1,2
201463AC27914,1,9,0,18,0,3,0,0,0,0,3,1,6,1,38,7,1596,1,10,-1,3
201463AC27914,2,9,0,18,0,3,0,0,0,0,4,1,6,2,39,7,1399,2,4,-1,1
201463AC28014,1,5,0,16,0,1,1,0,7,10,3,1,6,1,37,7,748,1,20,-1,3
201463AC28114,1,9,0,18,0,1,0,0,0,0,4,1,6,1,45,7,1870,2,21,-1,3
201463AC28114,2,9,0,9,9,2,0,0,0,0,1,1,6,1,67,10,1753,2,8,-1,3
201463AC28214,1,5,0,16,0,0,0,0,7,10,4,1,6,1,45,7,998,1,6,5,1
201463AC28314,1,9,0,18,0,0,0,0,1,4,1,1,6,2,69,10,1240,1,6,-1,3
201463AC28414,1,9,0,18,0,0,0,0,0,0,1,1,6,1,18,4,1198,1,9,-1,2
201463AC28414,2,9,0,4,0,0,0,0,0,0,2,1,6,1,24,5,1560,2,6,-1,1
201463AC28514,1,5,0,18,0,1,1,0,7,7,3,1,6,1,44,7,1298,1,8,-1,1
201463AC28614,1,19,0,18,0,0,2,0,0,0,4,1,1,1,57,9,1995,2,-1,-1,3
201463AC28714,1,9,0,18,0,2,1,0,0,0,1,1,6,1,19,4,1390,1,5,-1,3
201463AC28714,2,9,0,18,0,1,0,0,0,0,1,1,6,2,58,9,1896,2,5,8,3
201463AC28814,1,3,0,18,0,1,0,0,0,0,1,1,1,1,35,6,749,1,20,-1,3
201463AC28814,2,9,0,9,0,1,0,0,0,0,4,1,1,1,70,10,-1,-1,-1,-1,1
201463AC28914,1,19,0,5,0,6,0,0,0,0,1,1,1,1,57,9,1997,2,10,-1,3
201463AC28914,2,9,0,18,0,1,1,0,0,0,1,1,1,1,36,7,-1,-1,-1,-1,3
201463AC29014,1,19,0,15,0,0,0,0,0,0,1,1,2,1,19,4,1461,2,11,-1,3
201463AC29014,2,9,0,18,0,0,0,0,0,0,1,1,6,2,18,4,1149,1,12,-1,3
201463AC29014,3,9,0,18,0,0,0,0,0,0,0,1,6,3,-1,-1,-1,-1,-1,-1,-1
201463AC29114,1,9,0,17,0,0,0,0,0,0,1,1,6,2,40,7,2996,1,6,10,1
201463AC29114,2,9,0,16,0,0,1,0,0,0,4,1,6,1,48,8,-1,-1,-1,-1,3
201463AC29214,1,9,0,1,9,5,0,0,1,10,2,1,6,2,80,11,1240,1,10,-1,1
201463AC29314,1,9,0,16,0,0,0,0,0,0,1,1,6,1,22,5,1389,1,14,8,3
201463AC29314,2,9,0,17,0,0,0,0,0,0,4,1,6,1,60,9,3200,2,10,-1,3
201463AC29314,3,9,0,17,0,0,0,0,0,0,4,1,1,2,37,7,1461,2,-1,-1,2
201463AC29414,1,9,0,7,0,3,0,0,0,0,4,1,6,1,30,6,1900,2,14,-1,3
201463AC29414,2,9,0,17,0,3,0,0,0,0,3,1,6,2,39,7,1199,1,11,-1,1
201463AC29514,1,9,0,18,2,0,0,0,2,10,3,1,6,1,21,5,1364,1,7,-1,-1
201463AC29514,2,9,0,18,0,0,0,0,0,0,1,1,6,2,39,7,2987,2,3,-1,1
201463AC29614,1,21,0,18,0,8,1,0,7,1,1,1,1,1,35,6,12900,2,2,8,2
201463AC29714,1,9,0,9,0,7,0,0,0,0,1,1,6,1,67,10,2499,1,7,-1,2
201463AC29714,2,20,0,18,0,8,0,0,0,0,1,1,1,1,60,9,6692,2,6,-1,1
201463AC29814,1,9,0,18,0,0,1,0,1,3,1,1,6,2,21,5,1995,2,6,-1,3
201463AC29914,1,9,0,18,0,8,0,0,0,0,1,1,6,1,55,8,2967,2,6,6,3
201463AC30014,1,9,0,18,0,0,0,0,0,0,1,1,3,1,67,10,1598,2,2,-1,3
201463AC30114,1,4,0,18,0,1,0,0,0,0,1,1,6,1,18,4,124,1,26,-1,3
201463AC30114,2,9,0,9,0,6,0,0,0,0,1,1,6,1,72,10,-1,-1,-1,-1,3
201463AC30214,1,9,0,18,0,0,0,0,0,0,1,1,6,2,36,7,-1,-1,-1,-1,1
201463AC30214,2,9,0,4,0,0,0,0,0,0,2,1,6,2,49,8,999,1,3,-1,1
201463AC30214,3,9,0,3,0,0,0,0,0,0,0,1,6,3,-1,-1,-1,-1,-1,-1,-1
201463AC30314,1,9,0,17,0,0,1,0,0,10,4,1,6,2,19,4,1242,1,10,-1,3
201463AC30414,1,9,0,4,0,0,0,0,0,0,1,1,2,1,26,6,1360,1,12,-1,1
201463AC30414,2,9,0,4,0,0,0,0,0,0,2,1,6,2,18,4,1240,1,11,-1,2
201463AC30414,3,9,0,4,0,0,0,0,0,0,2,1,6,1,39,7,2656,1,11,-1,2
201463AC30514,1,9,0,17,0,0,2,0,0,10,1,1,6,1,21,5,1396,1,10,-1,3
201463AC30614,1,9,0,18,0,1,1,0,0,0,1,1,6,2,55,8,1560,2,3,-1,-1
201463AC30614,2,9,0,18,0,1,0,0,0,0,2,1,6,2,34,6,-1,-1,-1,9,3
201463AC30614,3,17,0,9,0,5,0,0,0,0,0,1,6,3,-1,-1,-1,-1,-1,-1,-1
201463AC30614,4,9,0,9,0,5,0,0,0,0,0,1,6,3,-1,-1,-1,-1,-1,-1,-1
201463AC30714,1,9,0,18,0,6,0,0,0,0,1,1,6,2,48,8,1398,1,13,-1,3
201463AC30714,2,9,0,18,0,8,0,0,0,0,4,1,6,1,60,9,2461,2,17,-1,3
201463AC30814,1,9,0,17,0,0,0,0,0,0,1,1,6,1,19,4,1149,1,6,-1,2
201463AC30914,1,9,0,17,0,0,1,0,0,10,1,1,6,2,20,4,973,1,17,-1,1
201463AC31014,1,9,0,5,0,2,0,0,0,0,3,1,3,1,53,8,-1,-1,-1,-1,3
201463AC31014,2,11,0,2,0,1,0,0,0,0,0,1,6,3,-1,-1,-1,-1,-1,-1,-1
201463AC31014,3,9,0,3,0,1,0,0,0,0,0,1,6,3,-1,-1,-1,-1,-1,-1,-1
201463AC31214,1,9,0,18,0,0,0,0,0,0,0,1,6,2,20,4,1299,1,9,-1,2
201463AC31314,1,9,0,4,0,0,0,0,0,0,1,1,6,1,48,8,1248,2,9,-1,1
201463AC31314,2,9,0,3,0,0,0,0,0,0,2,1,6,2,52,8,1560,2,8,-1,2
201463AC31314,3,9,0,3,0,0,0,0,0,0,0,1,6,1,47,8,1242,1,15,7,1
201463AC31414,1,9,0,18,0,1,0,0,0,0,1,1,6,2,80,11,1560,2,1,-1,3
201463AC31414,2,9,0,2,0,1,0,4,0,0,1,1,6,3,-1,-1,998,1,13,-1,-1
201463AC31514,1,9,0,18,0,1,1,0,0,0,1,1,1,1,41,7,-1,-1,-1,-1,1
201463AC31514,2,9,0,3,0,1,0,0,0,0,2,1,6,1,51,8,1364,1,4,-1,-1
201463AC31514,3,9,0,18,0,2,0,0,0,0,2,1,6,2,50,8,1240,1,8,-1,3
201463AC31714,1,9,0,18,0,0,1,0,4,6,3,1,6,1,20,4,1364,1,5,-1,1
201463AC31714,2,9,0,18,0,0,1,0,4,0,3,1,6,1,49,8,1956,2,1,-1,3
201463AC31814,1,9,0,18,0,0,0,0,0,0,1,1,6,2,73,10,1399,2,6,-1,3
201463AC31814,2,9,0,2,0,0,0,0,0,0,1,1,6,1,-1,-1,-1,-1,-1,-1,-1
201463AC31914,1,9,0,18,0,0,5,12,0,0,1,1,4,1,18,4,1461,2,7,-1,3
201463AC32014,1,9,0,16,0,8,0,0,0,0,1,1,6,1,81,11,1596,1,11,-1,1
201463AC32114,1,9,0,18,0,0,5,4,0,0,1,1,6,1,87,11,1598,1,8,-1,2
201463AC32114,2,9,0,2,9,0,0,0,0,0,4,1,6,3,-1,-1,1396,1,11,-1,-1
201463AC32214,1,9,0,2,0,1,0,0,0,0,0,1,6,2,46,8,1996,1,15,-1,2
201463AC32214,2,19,0,18,0,1,0,0,0,0,4,1,1,1,37,7,2402,2,6,-1,2
201463AC32314,1,9,0,18,0,0,1,0,0,0,1,1,6,1,30,6,1598,1,14,-1,3
201463AC32314,2,9,0,18,0,0,1,0,0,0,1,1,6,2,30,6,1753,2,7,-1,3
201463AC32414,1,9,0,16,0,0,0,0,0,0,4,1,6,2,26,6,1360,1,13,-1,2
201463AC32514,1,9,0,17,0,0,0,0,8,10,1,1,6,1,65,9,1328,1,5,-1,1
201463AC32614,1,5,0,16,0,0,0,0,0,0,1,1,6,1,50,8,955,1,11,-1,3
201463AC32614,2,9,0,17,0,0,0,0,0,0,1,1,6,2,27,6,2993,2,5,-1,3
201463AC32714,1,9,0,18,0,0,1,0,2,4,1,1,6,1,43,7,1997,2,10,-1,3
201463AC32914,1,3,0,18,0,1,0,0,0,0,1,1,6,1,20,4,125,1,6,-1,3
201463AC33014,1,9,0,5,0,4,0,0,0,0,1,1,6,2,25,5,1461,2,4,-1,-1
201463AC33014,2,9,0,9,0,4,0,0,0,0,1,1,2,1,54,8,2148,2,9,-1,3
201463AC33114,1,9,0,18,0,1,0,0,0,0,1,1,6,1,78,11,1596,1,-1,-1,-1
201463AC33114,2,9,0,3,0,1,0,0,0,0,2,1,6,2,48,8,1461,2,2,-1,1
201463AC33214,1,9,0,16,0,0,0,0,0,0,1,1,6,2,85,11,1296,1,8,-1,3
201463AC33214,2,9,0,18,0,0,0,0,0,0,1,1,6,1,69,10,2401,2,9,-1,1
201463AC33314,1,9,0,18,0,0,0,0,0,0,1,1,6,1,28,6,2148,2,7,-1,3
201463AC33314,2,9,0,4,0,0,0,0,1,9,1,1,6,1,30,6,1796,1,8,-1,1
201463AC33314,3,9,0,18,0,0,0,0,0,0,0,1,6,3,-1,-1,-1,-1,-1,-1,-1
201463AC33414,1,9,0,18,0,0,0,0,0,0,0,1,6,1,76,11,1596,1,13,-1,3
201463AC33514,1,9,0,18,0,2,0,0,0,0,1,1,6,2,44,7,1560,2,2,-1,3
201463AC33514,2,3,0,18,0,1,0,0,0,0,3,1,6,2,68,10,102,1,7,-1,3
201463AC33614,1,9,0,18,0,4,0,0,0,0,1,1,1,1,45,7,1998,1,11,-1,1
201463AC33614,2,9,0,18,0,3,0,0,0,0,3,1,1,2,18,4,998,1,8,-1,3
201463AC33714,1,2,0,18,0,8,1,0,0,0,1,1,6,1,30,6,-1,-1,-1,-1,3
201463AC33714,2,19,0,2,0,1,0,0,0,0,2,1,6,3,-1,-1,2800,2,12,-1,-1
201463AC33814,1,9,0,17,0,0,1,0,1,10,4,1,4,1,18,4,1149,1,16,-1,3
201463AC33814,2,9,0,18,0,0,0,0,0,0,1,1,2,1,50,8,1753,2,14,-1,1
201463AC33914,1,9,0,18,0,0,0,0,0,0,1,1,6,1,29,6,1868,2,13,-1,1
201463AC33914,2,9,0,18,0,0,0,0,0,0,2,1,6,2,26,6,1248,2,5,-1,1
201463AC34014,1,9,0,18,0,1,0,0,0,0,1,1,6,2,27,6,1900,2,10,-1,1
201463AC34114,1,9,0,18,0,0,0,0,0,0,1,1,6,1,71,10,-1,-1,-1,-1,3
201463AC34114,2,9,0,4,0,0,0,0,1,0,1,1,6,2,43,7,1998,2,13,-1,3
201463AC34214,1,9,0,18,7,1,5,10,1,4,4,1,2,1,62,9,4398,1,10,-1,1
201463AC34214,2,9,0,18,0,1,0,0,0,0,0,1,6,1,21,5,998,1,4,10,2
201463AC34314,1,9,0,16,0,0,0,0,0,2,1,1,6,1,28,6,1461,2,7,-1,3
201463AC34314,2,9,0,18,0,0,0,0,0,0,4,1,6,2,68,10,1598,2,3,-1,3
201463AC34414,1,5,0,18,0,0,1,0,1,0,0,1,6,1,55,8,-1,-1,-1,-1,-1
201463AC34514,1,9,0,18,0,1,0,0,0,0,1,1,6,3,-1,-1,-1,-1,-1,-1,-1
201463AC34514,2,9,0,7,0,1,0,0,0,0,2,1,1,2,43,7,1560,2,1,-1,3
201463AC34614,1,9,0,18,0,8,0,0,1,7,1,1,6,1,18,4,998,1,4,-1,1
201463AC34714,1,9,0,18,0,0,0,0,0,0,1,1,2,2,22,5,1598,2,4,-1,1
201463AC34714,2,9,0,2,0,0,0,0,0,0,3,1,6,3,-1,-1,1390,1,8,-1,-1
201463AC34714,3,9,0,2,0,0,0,0,0,0,2,1,6,3,-1,-1,1685,2,2,-1,-1
201463AC34714,4,9,0,2,0,0,0,0,0,0,2,1,6,3,-1,-1,1686,2,11,-1,-1
201463AC34814,1,9,0,18,0,0,0,0,0,0,4,1,6,2,32,6,998,1,8,-1,1
201463AC34914,1,9,0,3,0,4,0,0,0,0,1,1,6,2,30,6,1986,2,8,-1,3
201463AC34914,2,9,0,18,0,4,0,0,0,0,2,1,6,2,30,6,1598,1,9,-1,1
201463AC35014,1,9,0,18,0,8,0,0,0,0,1,1,6,1,51,8,1560,2,4,-1,1
201463AC35014,2,9,0,18,0,1,0,0,0,0,3,1,6,2,60,9,1560,2,3,-1,1
201463AC35214,1,9,0,18,0,0,2,0,8,1,1,1,2,1,36,7,1240,1,4,-1,1
201463AC35314,1,9,0,18,0,1,0,4,0,0,1,1,6,1,43,7,1598,2,-1,-1,1
201463AC35314,2,19,0,2,0,1,0,4,0,0,2,1,6,3,-1,-1,2148,2,8,-1,-1
201463AC35314,3,9,0,2,0,1,0,0,0,0,2,1,6,3,-1,-1,1299,1,13,-1,-1
201463AC35314,4,9,0,18,0,1,0,0,0,0,0,1,6,3,-1,-1,-1,-1,-1,-1,-1
201463AC35414,1,9,0,18,0,1,1,0,1,7,1,1,6,1,30,6,2000,2,9,-1,1
201463AC35514,1,9,0,18,0,0,2,0,2,10,4,1,1,2,52,8,1349,1,4,-1,3
201463AC35614,1,9,0,18,0,1,0,0,0,0,1,1,6,2,45,7,3200,2,8,-1,3
201463AC35614,2,9,0,18,0,1,0,0,0,0,4,1,6,2,40,7,1686,2,3,-1,3
201463AC35714,1,9,0,9,0,1,0,0,0,0,1,1,1,2,48,8,1388,1,2,-1,3
201463AC35714,2,3,0,18,0,8,1,0,0,0,4,1,6,1,42,7,124,1,-1,-1,3
201463AC35814,1,9,0,18,0,5,0,0,0,0,1,1,6,1,29,6,1910,2,9,-1,2
201463AC35814,2,9,4,17,0,1,0,0,0,0,3,1,6,1,70,10,2902,2,10,-1,3
201463AC35914,1,9,0,18,0,0,2,0,0,0,1,1,6,1,23,5,1560,2,1,-1,3
201463AC36014,1,21,0,18,0,0,0,0,0,0,0,1,1,3,-1,-1,-1,-1,-1,-1,-1
201463AC36014,2,9,0,18,0,0,0,0,0,0,1,1,1,2,40,7,1871,2,10,-1,3
201463AC36114,1,9,0,18,0,2,0,0,0,0,1,1,2,2,43,7,-1,-1,-1,-1,-1
201463AC36214,1,19,0,18,0,0,0,0,1,0,1,1,6,1,22,5,1753,2,11,-1,3
201463AC36214,2,17,4,18,0,0,0,0,0,0,2,1,1,1,28,6,6728,2,1,-1,3