Accident_Index,Vehicle_Reference,Vehicle_Type,Towing_and_Articulation,Vehicle_Manoeuvre,Vehicle_Location-Restricted_Lane,Junction_Location,Skidding_and_Overturning,Hit_Object_in_Carriageway,Vehicle_Leaving_Carriageway,Hit_Object_off_Carriageway,1st_Point_of_Impact,Was_Vehicle_Left_Hand_Drive?,Journey_Purpose_of_Driver,Sex_of_Driver,Age_of_Driver,Age_Band_of_Driver,Engine_Capacity_(CC),Propulsion_Code,Age_of_Vehicle,Driver_IMD_Decile,Driver_Home_Area_Type
201463BC09414,2,9,0,18,0,1,0,0,0,0,4,1,6,1,67,10,1560,2,1,-1,3
201463BC09514,1,9,0,17,0,0,1,0,0,0,1,1,6,1,27,6,1595,1,21,-1,3
201463BC09514,2,9,0,16,0,0,0,0,0,0,1,1,6,1,58,9,1560,2,8,1,1
201463BC09614,1,9,0,16,0,0,1,0,0,0,3,1,6,2,65,9,1997,2,-1,-1,3
201463BC09614,2,19,0,17,0,0,0,0,0,0,3,1,1,1,28,6,1753,2,1,-1,1
201463BC09714,1,9,0,4,0,0,1,0,0,0,1,1,2,2,22,5,1198,1,12,-1,1
201463BC09714,2,9,0,4,0,0,0,0,0,0,2,1,6,1,64,9,1910,2,10,-1,3
201463BC09714,3,9,0,18,0,0,0,0,0,0,0,1,6,3,-1,-1,-1,-1,-1,-1,-1
201463BC09814,1,1,0,4,0,1,0,0,0,0,1,1,6,2,54,8,-1,-1,-1,-1,3
201463BC09814,2,9,0,7,0,5,0,0,0,0,2,1,6,1,65,9,1968,2,4,-1,-1
201463BC09914,1,9,0,17,0,0,0,0,1,4,1,1,6,1,21,5,1396,1,9,-1,1
201463BC10014,1,9,0,7,0,5,0,0,0,0,0,1,6,3,-1,-1,-1,-1,-1,-1,-1
201463BC10214,1,19,0,4,0,1,0,0,0,0,1,1,6,2,47,8,1995,2,7,-1,3
201463BC10214,2,8,0,3,0,1,0,0,0,0,2,1,1,1,43,7,1560,2,6,-1,1
201463BC10214,3,9,0,3,0,1,0,0,0,0,2,1,6,2,43,7,1582,2,2,-1,3
201463BC10214,4,9,0,3,0,1,0,0,0,0,0,1,6,3,-1,-1,-1,-1,-1,-1,-1
201463BC10314,1,9,0,9,0,8,0,0,0,0,1,1,6,1,31,6,1598,1,10,-1,3
201463BC10314,2,9,0,3,0,1,0,0,0,0,3,1,6,2,47,8,1956,2,2,-1,3
201463BC10314,3,9,0,18,0,1,0,0,0,0,4,1,6,2,18,4,1199,1,13,-1,2
201463BC10314,4,9,0,2,0,1,0,0,0,0,0,1,1,1,27,6,-1,-1,-1,-1,1
201463BC10414,1,8,0,17,0,8,0,0,0,0,1,1,1,1,40,7,1560,2,5,-1,1
201463BC10514,1,9,0,18,0,0,0,0,2,10,4,1,6,1,34,6,1896,2,12,7,1
201463BC10614,1,5,0,17,0,0,0,0,0,0,3,1,6,2,50,8,-1,-1,-1,-1,3
201463BC10714,1,9,0,17,0,0,0,0,0,0,3,1,6,2,24,5,1275,1,15,8,1
201463BC10714,2,9,0,16,0,0,0,0,0,0,3,1,6,2,25,5,998,1,2,-1,2
201463BC10814,1,9,0,17,0,0,1,0,7,4,1,1,6,2,34,6,1798,1,13,-1,3
201463BC10914,1,9,0,16,0,0,0,0,0,0,1,1,6,2,64,9,1991,2,6,-1,3
201463BC10914,2,9,0,17,0,0,0,0,0,0,1,1,6,1,62,9,1910,2,11,-1,3
201463BC11014,1,9,0,16,0,0,0,0,0,0,1,1,6,2,17,4,1149,1,13,-1,3
201463BC11014,2,9,0,17,0,0,5,0,0,0,1,1,6,1,59,9,998,1,1,-1,3
201463BC11114,1,9,0,18,0,0,0,0,0,0,1,1,6,1,77,11,2198,2,9,-1,3
201463BC11114,2,19,0,3,0,0,0,0,0,0,2,1,1,1,51,8,2198,2,1,-1,1
201463BC11114,3,9,0,3,0,0,0,0,0,0,0,1,6,3,-1,-1,-1,-1,-1,-1,-1
201463BC11214,1,9,0,18,0,1,0,0,0,0,2,1,6,2,51,8,1596,1,8,-1,1
201463BC11214,2,9,4,9,0,1,0,0,0,0,1,1,6,1,58,9,1997,2,13,-1,3
201463BC11314,1,5,0,14,0,0,0,0,0,0,0,1,6,1,60,9,656,1,6,9,1
201463BC11314,2,9,0,18,0,0,1,0,1,7,4,1,6,2,18,4,-1,-1,-1,2,1
201463BC11514,1,9,0,18,0,0,0,0,0,0,1,1,6,1,20,4,1388,1,10,-1,1
201463BC11514,2,9,0,18,0,0,0,0,0,0,1,1,6,2,38,7,1587,1,7,-1,1
201463BC11614,1,9,0,18,0,0,0,0,0,0,0,1,6,3,-1,-1,-1,-1,-1,-1,-1
201463BC11814,1,9,0,9,0,1,0,0,0,0,3,1,6,3,-1,-1,-1,-1,-1,-1,-1
201463BC11814,2,1,0,18,0,1,0,0,0,0,1,1,6,1,19,4,-1,-1,-1,-1,-1
201463BC11914,1,9,0,18,0,1,0,0,0,0,3,1,6,1,85,11,1388,1,14,-1,-1
201463BC11914,2,9,0,5,0,6,0,0,0,0,1,1,6,1,76,11,2204,2,9,-1,3
201463BC12014,1,9,0,18,0,0,1,6,0,10,3,1,2,1,31,6,998,1,16,-1,3
201463BC12014,2,9,0,18,0,0,0,0,0,0,3,1,2,1,35,6,1360,1,15,-1,3
201463BC12114,1,9,0,18,0,0,5,0,0,0,4,1,6,1,21,5,-1,-1,-1,-1,3
201463BC12214,1,9,0,18,0,1,2,0,1,9,0,1,6,1,20,4,1272,1,22,-1,3
201463BC12214,2,9,0,4,0,1,0,0,0,0,0,1,6,3,-1,-1,-1,-1,-1,-1,-1
201463BC12214,3,9,0,9,0,5,0,0,0,0,0,1,6,3,-1,-1,-1,-1,-1,-1,-1
201463BC12314,1,9,0,5,0,1,0,0,0,0,1,1,1,1,37,7,-1,-1,-1,-1,3
201463BC12314,2,9,0,18,0,1,0,0,0,0,4,1,6,2,24,5,1587,1,16,-1,3
201463BC12414,1,5,0,17,0,1,1,0,0,0,0,1,6,1,37,7,996,1,10,-1,3
201463BC12414,2,9,0,17,0,1,0,0,0,0,0,1,6,3,-1,-1,-1,-1,-1,-1,-1
201463BC12414,3,9,0,7,0,5,0,0,0,0,0,1,6,3,-1,-1,-1,-1,-1,-1,-1
201463BC12514,1,9,0,18,0,0,0,0,0,0,3,1,6,3,-1,-1,-1,-1,-1,-1,-1
201463BC12614,1,9,0,18,0,1,0,0,0,0,1,1,6,2,50,8,1896,2,5,-1,3
201463BC12614,2,1,0,18,9,1,0,0,0,0,2,1,6,1,23,5,-1,-1,-1,-1,1
201463BC12614,3,9,0,2,0,1,0,0,0,0,3,1,6,3,-1,-1,-1,-1,-1,-1,-1
201463BC12714,1,9,0,17,0,0,1,0,0,0,1,1,6,2,20,4,1229,1,3,-1,3
201463BC12714,2,9,3,16,0,0,0,0,0,0,1,1,6,1,50,8,2495,2,17,-1,3
201463BC12814,1,19,0,17,0,0,0,0,0,0,0,1,6,1,48,8,2402,2,4,-1,3
201463BC12814,2,3,0,16,0,0,0,0,1,0,0,1,6,1,19,4,124,1,7,-1,3
201463BC12914,1,9,0,18,0,8,0,0,0,0,3,1,2,2,28,6,1390,1,12,-1,3
201463BC12914,2,5,0,9,0,8,0,0,0,0,1,1,6,1,50,8,636,1,12,-1,3
201463BC12914,3,19,0,3,0,1,0,0,0,0,0,1,6,3,-1,-1,-1,-1,-1,-1,-1
201463BC13014,1,9,4,18,0,1,1,0,0,0,1,1,1,1,63,9,-1,-1,-1,-1,3
201463BC13014,2,20,0,9,0,5,0,0,0,0,2,1,1,1,46,8,6693,2,1,-1,3
201463BC13114,1,90,0,18,0,0,0,0,0,0,3,1,6,3,-1,-1,-1,-1,-1,-1,-1
201463BC13114,2,1,0,18,0,0,0,0,1,0,4,1,6,1,64,9,-1,-1,-1,-1,1
201463BC13214,1,9,0,17,0,0,2,0,0,0,1,1,6,1,23,5,1596,1,13,-1,2
201463BC13314,1,5,0,17,0,0,1,0,0,0,1,1,6,1,51,8,599,1,18,-1,3
201463BC13414,1,9,0,5,0,1,0,0,0,0,1,1,1,1,40,7,-1,-1,-1,-1,3
201463BC13414,2,9,0,18,0,1,0,0,0,0,4,1,6,2,25,5,1587,1,16,-1,3
201463BC13514,1,9,0,13,0,1,0,0,0,0,4,1,6,1,22,5,1198,1,8,-1,3
201463BC13514,2,19,0,9,0,5,0,0,0,10,3,1,1,1,27,6,-1,-1,-1,-1,1
201463BC13614,1,9,0,9,0,1,0,0,0,0,1,1,6,2,26,6,1968,2,3,-1,3
201463BC13614,2,1,0,18,0,8,0,0,1,0,1,1,6,1,20,4,-1,-1,-1,-1,1
201463BC13714,1,9,0,17,0,0,1,0,7,0,4,1,1,2,21,5,1999,1,9,-1,3
201463BC13714,2,9,0,18,0,0,0,0,0,0,1,1,1,2,46,8,1422,2,6,-1,3
201463BC13814,1,8,0,18,0,0,0,0,0,0,2,1,1,1,30,6,-1,-1,-1,5,2
201463BC13914,1,2,0,18,0,2,0,0,0,0,2,1,6,1,16,4,50,1,5,-1,3
201463BC14014,1,9,0,9,0,8,0,0,0,0,1,1,6,2,34,6,1587,1,9,-1,1
201463BC14014,2,5,0,18,0,1,0,0,0,0,3,1,6,1,48,8,1151,1,1,-1,1
201463BC14114,1,9,0,3,0,1,0,0,0,0,3,1,6,2,41,7,1388,1,12,-1,3
201463BC14214,1,9,0,13,0,0,0,0,0,0,3,1,6,3,-1,-1,-1,-1,-1,-1,-1
201463BC14214,2,3,0,17,0,0,0,0,1,10,1,1,6,1,50,8,124,1,6,-1,3
201463BC14314,1,9,0,18,0,0,0,0,0,0,3,1,6,3,-1,-1,-1,-1,-1,-1,-1
201463BC14414,1,9,0,17,0,0,1,0,2,4,1,1,6,2,17,4,1242,1,7,-1,3
201463BC14614,1,9,0,18,0,1,0,0,0,0,1,1,6,2,20,4,1242,1,12,-1,3
201463BC14614,2,9,0,10,0,1,0,0,0,0,2,1,6,1,39,7,1968,2,10,-1,3
201463BC14714,1,9,0,17,0,0,2,0,0,0,0,1,6,2,43,7,1242,1,6,-1,3
201463BC14814,1,20,0,18,0,0,0,0,0,0,3,1,1,1,28,6,4250,2,2,3,1
201463BC14814,2,9,0,18,0,0,0,0,0,0,1,1,6,1,70,10,1229,1,2,-1,1
201463BC14914,1,1,0,18,0,2,0,0,0,0,1,1,2,1,25,5,-1,-1,-1,-1,3
201463BC15014,1,9,0,16,0,0,0,0,0,0,1,1,6,1,55,8,1896,2,13,-1,3
201463BC15014,2,17,4,17,0,0,0,0,0,0,1,1,1,1,33,6,-1,2,3,-1,3
201463BC15114,1,9,0,18,0,1,0,0,0,0,1,1,6,2,82,11,1242,1,5,-1,2
201463BC15114,2,19,0,2,0,1,0,0,0,0,2,1,6,3,-1,-1,-1,-1,-1,-1,-1
201463BC15214,1,9,0,18,0,0,0,0,0,0,1,1,6,1,51,8,1598,1,6,-1,1
201463BC15214,2,19,0,18,0,0,0,0,1,9,1,1,1,1,28,6,2143,2,1,8,2
201463BC15214,3,21,0,16,0,0,0,0,0,0,0,1,6,3,-1,-1,-1,-1,-1,-1,-1
201463BC15214,4,9,0,17,0,0,0,0,0,0,0,1,6,3,-1,-1,-1,-1,-1,-1,-1
201463BC15214,5,9,0,17,0,0,0,0,0,0,0,1,6,3,-1,-1,-1,-1,-1,-1,-1
201463BC15214,6,9,0,16,0,0,0,0,0,0,0,1,6,3,-1,-1,-1,-1,-1,-1,-1
201463BC15314,1,9,0,18,0,2,1,0,0,0,1,1,6,2,22,5,1360,1,11,-1,-1
201463BC15414,1,9,0,4,0,0,0,0,0,0,2,1,2,2,33,6,1999,1,8,-1,3
201463BC15414,2,9,0,16,0,0,0,4,0,0,1,1,6,1,35,6,1896,2,18,-1,3
201463BC15414,3,21,0,18,0,0,0,0,0,0,0,1,6,3,-1,-1,-1,-1,-1,-1,-1
201463BC15514,1,3,0,4,0,1,1,0,0,0,0,1,2,1,23,5,-1,-1,-1,-1,3
201463BC15514,2,9,0,18,0,1,0,0,0,0,0,1,6,3,-1,-1,-1,-1,-1,-1,-1
201463BC15614,1,19,0,16,0,0,0,0,0,0,1,1,6,3,-1,-1,-1,-1,-1,-1,-1
201463BC15714,1,9,0,1,0,0,0,0,0,0,2,1,1,2,31,6,1339,8,2,-1,3
201463BC15714,2,9,0,18,0,0,0,0,0,0,1,1,6,2,23,5,1299,1,15,-1,2
201463BC15814,1,21,0,17,0,0,0,0,2,10,2,1,1,1,49,8,10837,2,3,6,1
201463BC15814,2,19,0,17,0,0,0,0,0,0,1,1,1,1,30,6,1560,2,-1,-1,1
201463BC15914,1,9,0,18,0,0,0,0,8,10,1,1,1,1,29,6,-1,-1,-1,-1,1
201463BC16014,1,9,0,16,0,0,0,0,0,0,4,1,6,1,31,6,1360,1,14,-1,3
201463BC16014,2,1,0,16,0,0,0,0,1,0,2,1,6,2,21,5,-1,-1,-1,-1,3
201463BC16114,1,19,0,18,0,1,1,0,0,0,1,1,1,2,56,9,1995,2,6,-1,3
201463BC16114,2,9,0,18,0,1,0,0,0,0,2,1,2,2,33,6,1600,2,4,5,1
201463BC16114,3,9,0,9,0,5,0,0,0,0,0,1,6,3,-1,-1,-1,-1,-1,-1,-1
201463BC16214,1,9,0,18,0,1,1,0,1,10,1,1,6,1,26,6,1149,1,13,-1,3
201463BC16314,1,9,0,18,0,1,1,0,0,0,1,1,3,2,26,6,1753,2,6,-1,2
201463BC16314,2,9,0,4,0,1,0,0,0,0,2,1,3,2,17,4,1124,1,9,-1,3
201463BC16314,3,9,0,4,0,1,0,0,0,0,0,1,6,3,-1,-1,-1,-1,-1,-1,-1
201463BC16414,1,3,0,18,0,1,1,0,0,0,1,1,6,2,18,4,124,1,13,-1,3
201463BC16414,2,9,0,5,0,8,0,0,0,0,2,1,6,1,-1,-1,1796,1,9,-1,1
201463BC16514,1,9,0,18,0,0,0,4,0,0,1,1,6,1,31,6,1299,1,14,-1,3
201463BC16514,2,9,0,3,0,0,0,4,0,0,1,1,6,2,43,7,1968,2,6,-1,3
201463BC16514,3,9,0,3,0,0,0,0,0,0,2,1,6,2,40,7,-1,-1,-1,-1,3
201463BC16514,4,21,0,2,0,0,0,0,0,0,0,1,6,3,-1,-1,-1,-1,-1,-1,-1
201463BC16714,1,9,0,16,0,0,0,0,0,0,1,1,3,2,33,6,1998,2,12,-1,3
201463BC16714,2,9,0,16,0,0,0,0,0,0,2,1,6,2,66,10,1796,1,11,-1,3
201463BC16714,3,9,0,3,0,0,0,0,0,0,0,1,6,3,-1,-1,-1,-1,-1,-1,-1
201463BC16814,1,9,0,18,0,1,0,0,0,0,1,1,1,1,72,10,989,1,10,-1,3
201463BC17014,1,9,0,18,0,0,2,0,7,9,3,1,2,1,20,4,1149,1,12,-1,3
201463BC17114,1,9,0,17,0,0,0,0,1,10,3,1,6,2,25,5,1905,2,21,-1,2
201463BC17114,2,9,0,18,0,0,0,0,1,0,1,1,6,1,59,9,1242,1,8,7,1
201463BC17214,1,9,0,9,0,5,0,0,0,0,4,1,6,2,44,7,1364,1,7,-1,2
201463BC17214,2,3,0,18,0,1,0,0,0,0,1,1,6,1,22,5,125,1,1,-1,2
201463BC17314,1,19,0,13,0,1,0,0,0,0,1,1,6,1,25,5,-1,-1,-1,-1,1
201463BC17314,2,19,0,9,0,5,0,0,0,0,3,1,1,1,57,9,2402,2,4,-1,1
201463BC17514,1,9,0,18,0,0,0,0,0,0,1,1,6,1,27,6,1686,2,10,-1,3
201463BC17614,1,9,0,18,0,0,1,0,0,0,1,1,6,2,24,5,1596,1,7,-1,3
201463BC17614,2,9,0,18,0,0,1,0,7,10,3,1,1,1,40,7,1560,2,-1,-1,3
201463BC17714,1,9,0,18,2,2,1,0,0,0,1,1,6,2,20,4,1343,1,12,-1,3
201463BC17714,2,9,0,18,0,2,0,0,0,0,2,1,6,2,49,8,1834,1,16,-1,3
201463BC17814,1,9,0,18,0,0,0,0,0,0,1,1,6,1,89,11,996,1,3,-1,3
201463BC17814,2,9,0,18,0,0,0,0,0,0,1,1,2,2,25,5,998,1,7,-1,3
201463BC17914,1,9,0,16,0,0,2,0,1,0,3,1,6,1,22,5,1124,1,13,-1,2
201463BC18014,1,9,0,18,0,0,2,0,0,0,1,1,6,2,70,10,1242,1,8,-1,2
201463BC18114,1,5,0,18,0,0,0,12,0,0,1,1,6,1,41,7,600,1,14,-1,3
201463BC18314,1,9,0,18,0,0,1,0,0,0,1,1,6,1,25,5,1781,1,14,-1,3
201463BC18414,1,9,0,9,0,5,0,0,0,0,1,1,6,2,84,11,1390,1,11,-1,2
201463BC18414,2,1,0,18,0,1,0,0,0,0,3,1,6,1,41,7,-1,-1,-1,-1,2
201463BC18614,1,9,0,17,0,0,0,0,1,1,1,1,6,1,26,6,1149,1,13,-1,2
201463BC18614,2,9,0,2,0,0,0,0,0,0,3,1,6,3,-1,-1,1995,1,7,-1,-1
201463CP00114,1,9,0,18,0,0,2,0,7,9,1,1,6,1,23,5,1984,1,5,-1,3
201463CP00114,2,9,0,18,0,0,1,0,0,0,4,1,2,1,50,8,1753,2,6,-1,1
201463CP00214,1,9,0,9,0,8,0,0,0,0,1,1,6,1,79,11,1968,2,7,-1,2
201463CP00214,2,9,0,17,0,8,0,0,0,0,3,1,6,2,25,5,1399,2,9,-1,3
201463CP00314,1,9,0,18,0,1,0,0,0,0,3,1,6,3,-1,-1,-1,-1,-1,-1,-1
201463CP00414,1,9,0,18,0,0,2,0,7,9,1,1,6,1,24,5,1588,1,14,-1,3
201463CP00514,1,19,0,16,0,0,1,0,1,3,2,1,2,1,44,7,2999,2,3,-1,2
201463CP00614,1,9,0,5,0,6,0,0,0,0,0,1,6,1,58,9,2495,2,18,-1,3
201463CP00614,2,5,0,18,0,1,0,0,1,9,1,1,6,1,32,6,-1,-1,-1,-1,1
201463CP00714,1,9,0,10,0,1,0,0,0,0,2,1,6,2,54,8,1364,2,9,-1,3
201463CP00714,2,9,0,3,0,1,0,0,0,0,1,1,6,1,79,11,1396,1,13,-1,1
201463CP00814,1,8,0,9,0,6,0,0,0,0,3,1,6,1,53,8,1995,2,10,-1,3
201463CP00814,2,5,0,18,0,6,0,0,0,0,1,1,6,1,18,4,599,1,12,-1,2
201463CP00914,1,9,0,18,0,0,0,0,1,10,1,1,2,1,36,7,2799,1,17,-1,2
201463CP01014,1,9,0,17,0,0,2,0,0,0,1,1,6,2,20,4,1389,1,16,-1,2
201463CP01114,1,9,0,14,0,1,1,0,0,0,1,1,6,2,21,5,1248,2,7,-1,2
201463CP01114,2,9,0,2,0,1,0,0,0,0,2,1,6,3,-1,-1,1390,1,12,-1,-1
201463CP01114,3,9,0,2,0,1,0,0,0,0,4,1,6,3,-1,-1,1896,2,11,-1,-1
201463CP01214,1,9,0,3,0,4,0,0,0,0,1,1,1,2,54,8,1596,1,3,-1,1
201463CP01214,2,9,0,3,0,4,0,0,0,0,2,1,6,2,41,7,1120,2,1,-1,-1
201463CP01314,1,19,0,1,0,1,0,4,0,0,2,1,1,1,49,8,4250,2,2,-1,-1
201463CP01314,2,9,0,2,0,1,0,0,0,0,1,1,3,2,45,7,1995,2,12,-1,3
201463CP01414,1,9,0,18,0,0,0,0,0,0,0,1,6,1,88,11,1242,1,6,-1,2
201463CP01514,1,9,0,3,0,1,0,0,0,0,2,1,3,1,45,7,1995,2,3,-1,2
201463CP01514,2,9,0,3,0,1,0,0,0,0,1,1,3,1,40,7,1598,2,1,-1,2
201463CP01514,3,9,0,3,0,1,0,0,0,0,0,1,6,3,-1,-1,-1,-1,-1,-1,-1
201463CP01614,1,9,0,18,0,0,0,0,0,0,4,1,2,1,49,8,1590,1,9,5,1
201463CP01614,2,8,0,2,0,0,0,0,0,0,0,1,6,3,-1,-1,-1,-1,-1,-1,-1
201463CP01714,1,9,0,18,0,0,0,0,0,0,4,1,6,1,74,10,1399,2,12,-1,1
201463CP01814,1,9,0,16,0,1,1,0,8,10,1,1,6,1,20,4,-1,-1,-1,-1,3
201463CP01914,1,9,0,18,0,1,0,0,0,0,1,1,6,2,23,5,1149,1,7,-1,2
201463CP01914,2,9,0,10,0,1,0,0,0,0,2,1,2,2,22,5,1149,1,12,-1,3
201463CP02014,1,9,0,18,0,0,1,0,1,0,3,1,4,2,17,4,-1,-1,-1,-1,3
201463CP02014,2,9,0,4,0,0,0,0,0,0,4,1,6,2,18,4,1560,2,1,-1,2
201463CP02014,3,9,0,3,0,0,0,0,0,0,2,1,6,2,56,9,1596,1,8,-1,2
201463CP02014,4,9,0,3,0,0,0,0,0,0,2,1,6,2,58,9,1796,1,11,-1,3
201463CP02114,1,9,0,3,0,0,0,0,0,0,2,1,6,2,43,7,1560,2,1,-1,2
201463CP02114,2,9,0,18,0,0,0,0,0,0,1,1,2,2,24,5,1910,2,11,-1,1
201463CP02214,1,9,0,9,0,6,0,0,0,0,3,1,6,2,19,4,1896,2,9,-1,1
201463CP02214,2,9,0,16,0,8,0,0,0,0,3,1,2,2,57,9,1398,2,3,-1,3
201463CP02314,1,9,0,18,0,0,0,0,0,0,3,1,6,1,37,7,1686,2,12,-1,3
201463CP02314,2,9,0,18,0,0,0,0,0,0,3,1,2,2,34,6,1360,1,12,-1,-1
201463CP02414,1,9,0,3,0,0,0,0,0,0,2,1,1,2,56,9,1598,1,2,-1,2
201463CP02414,2,9,0,3,0,0,0,0,0,0,2,1,1,2,58,9,1598,1,7,-1,3
201463CP02414,3,9,0,18,0,0,0,0,0,0,1,1,6,1,87,11,-1,-1,-1,-1,1
201463CP02414,4,9,0,3,0,0,0,0,0,0,0,1,6,3,-1,-1,-1,-1,-1,-1,-1
201463CP02514,1,9,0,18,0,2,5,0,7,9,1,1,2,2,20,4,1149,1,6,-1,3
201463CP02614,1,9,0,9,0,8,0,0,0,0,4,1,6,1,59,9,1328,1,11,-1,1
201463CP02614,2,9,0,9,0,8,0,0,0,0,3,1,6,1,72,10,1242,1,5,-1,3
201463CP02714,1,11,0,18,0,1,0,0,0,0,4,1,1,1,34,6,6374,2,8,-1,3
201463CP02714,2,9,0,18,0,6,0,0,0,0,3,1,6,1,69,10,1560,2,1,-1,3
201463CP02814,1,9,0,18,0,1,2,0,7,0,1,1,1,1,18,4,1461,2,11,-1,3
201463CP02914,1,11,0,3,0,0,0,0,1,9,1,1,1,1,42,7,5900,2,11,-1,3
201463CP03014,1,9,0,17,0,0,2,0,2,10,1,1,6,2,63,9,1299,1,9,-1,-1
201463CP03014,2,17,0,16,0,0,0,0,0,0,1,1,6,1,62,9,2197,2,1,-1,3
201463CP03114,1,9,0,18,0,0,0,0,0,0,0,1,6,3,-1,-1,-1,-1,-1,-1,-1
201463CP03214,1,9,0,17,0,0,1,0,2,10,0,1,6,1,27,6,1360,1,13,-1,3
201463CP03314,1,19,0,16,0,0,2,0,2,10,4,1,1,1,29,6,1560,2,4,-1,2
201463CP03414,1,9,0,17,0,0,0,0,0,2,1,1,6,1,47,8,-1,-1,-1,-1,1
201463CP03514,1,9,0,18,0,0,1,4,0,0,4,1,6,2,26,6,1895,1,14,-1,3
201463CP03514,2,9,0,2,0,0,0,0,0,0,4,1,6,3,-1,-1,-1,-1,-1,-1,-1
201463CP03514,3,9,0,2,0,0,0,0,0,0,4,1,6,3,-1,-1,1968,2,1,-1,-1
201463CP03514,4,19,0,2,0,0,0,0,0,0,3,1,6,3,-1,-1,2461,2,15,-1,-1
201463CP03614,1,19,0,1,0,2,0,0,0,0,2,1,6,1,39,7,1753,2,1,-1,1
201463CP03614,2,9,0,3,0,2,0,0,0,0,1,1,6,2,28,6,1396,1,12,-1,1
201463CP03614,3,9,0,18,0,1,0,0,0,0,0,1,6,3,-1,-1,-1,-1,-1,-1,-1
201463CP03714,1,9,0,18,0,4,1,0,3,1,1,1,6,1,27,6,-1,-1,-1,-1,3
201463CP03814,1,9,0,13,0,0,0,0,0,0,1,1,2,2,23,5,1363,2,9,-1,2
201463CP03814,2,9,0,18,0,0,0,0,0,0,1,1,6,1,37,7,1199,1,13,-1,3
201463CP03814,3,11,0,18,0,0,0,0,0,0,0,1,6,1,54,8,4250,2,15,-1,3
201463CP03914,1,4,0,18,0,1,1,0,0,0,0,1,6,1,18,4,124,1,5,-1,3
201463CP03914,2,9,0,5,0,2,0,0,0,0,0,1,6,1,23,5,1388,1,10,-1,2
201463CP04014,1,9,0,9,0,5,0,0,1,0,4,1,6,2,20,4,1598,1,9,8,3
201463CP04014,2,9,0,18,0,1,1,0,0,0,1,1,2,1,30,6,1999,1,13,-1,3
201463CP04114,1,9,0,13,0,0,0,0,1,0,1,1,6,1,30,6,1360,1,13,-1,1
201463CP04114,2,9,0,18,0,0,1,0,1,0,1,1,6,2,51,8,1968,2,7,-1,3
201463CP04214,1,9,0,18,0,1,0,0,0,0,1,1,6,2,36,7,1364,1,8,-1,1
201463CP04214,2,9,0,3,0,8,0,0,0,0,2,1,6,2,36,7,1598,1,8,-1,1
201463CP04314,1,9,0,18,0,1,1,0,0,0,1,1,6,2,23,5,1405,1,9,-1,3
201463CP04314,2,9,0,3,0,1,0,0,0,0,2,1,6,2,58,9,1799,1,5,-1,3
201463CP04414,1,9,0,18,0,0,2,0,7,1,1,1,6,1,22,5,1587,1,16,-1,2
201463CP04514,1,5,0,18,0,1,0,0,7,10,3,1,1,1,53,8,650,1,59,-1,1
201463CP04514,2,9,0,9,0,5,0,0,0,0,0,1,6,2,76,11,1948,1,17,-1,3
201463CP04614,1,9,0,17,0,0,2,0,0,0,0,1,6,1,18,4,1390,1,16,-1,3
201463CP04714,1,9,0,16,0,0,0,0,0,0,1,1,6,1,71,10,1910,2,13,-1,2
201463CP04714,2,9,0,17,0,0,0,0,2,10,1,1,2,2,20,4,1199,1,13,-1,3
201463CP04814,1,9,0,18,0,8,0,0,0,0,2,1,6,2,19,4,1199,1,13,-1,1
201463CP04814,2,9,0,18,0,8,0,0,0,0,1,1,6,3,-1,-1,-1,-1,-1,-1,-1
201463CP04914,1,9,0,13,0,0,0,7,0,0,1,1,6,2,32,6,1596,1,4,-1,1
201463CP04914,2,9,0,18,0,0,0,0,0,0,0,1,6,3,-1,-1,-1,-1,-1,-1,-1
201463CP05014,1,19,0,15,0,0,0,0,0,0,0,1,6,3,-1,-1,-1,-1,-1,-1,-1
201463CP05014,2,9,0,2,0,0,0,0,0,0,3,1,6,2,21,5,1599,1,6,-1,2
201463CP05114,1,9,0,18,0,1,0,4,0,0,1,1,2,1,39,7,998,1,19,-1,1
201463CP05114,2,9,0,2,0,1,0,0,0,0,2,1,6,3,-1,-1,1686,2,8,-1,-1
201463CP05114,3,9,0,5,0,6,0,0,0,0,0,1,6,3,-1,-1,-1,-1,-1,-1,-1
201463CP05214,1,9,0,9,0,5,0,0,0,0,1,1,6,2,24,5,1299,1,12,-1,1
201463CP05314,1,3,0,18,0,0,1,0,0,0,4,1,6,1,20,4,124,1,9,-1,3
201463CP05414,1,9,0,18,0,8,0,0,0,0,1,1,6,1,72,10,1596,1,9,-1,2
201463CP05414,2,9,0,9,0,8,0,0,0,0,1,1,1,2,25,5,1149,1,9,-1,2
201463CP05514,1,9,0,18,0,1,1,0,0,0,1,1,6,2,50,8,1560,2,3,-1,3
201463CP05514,2,9,0,3,0,1,0,0,0,0,2,1,6,1,68,10,1685,2,3,-1,2
201463CP05514,3,9,0,10,0,1,0,0,0,0,0,1,6,3,-1,-1,-1,-1,-1,-1,-1
201463CP05614,1,9,0,18,0,0,0,0,0,0,4,1,6,3,-1,-1,-1,-1,-1,-1,-1
201463CP05714,1,1,0,18,0,1,0,0,0,0,1,1,6,1,53,8,-1,-1,-1,-1,3
201463CP05714,2,9,0,8,0,1,0,0,0,0,4,1,6,1,33,6,1997,2,6,-1,3
201463CP05814,1,9,0,5,0,2,1,0,1,0,4,1,6,2,19,4,1364,1,10,-1,1
201463CP05814,2,9,0,18,0,1,2,0,0,10,3,1,6,1,52,8,2199,2,-1,-1,3
201463CP05914,1,9,0,17,0,0,2,0,7,9,1,1,6,2,19,4,1248,1,4,-1,3
201463CP06014,1,9,0,18,0,0,0,0,0,0,4,1,6,1,78,11,1956,2,2,-1,2