Accident_Index,Vehicle_Reference,Vehicle_Type,Towing_and_Articulation,Vehicle_Manoeuvre,Vehicle_Location-Restricted_Lane,Junction_Location,Skidding_and_Overturning,Hit_Object_in_Carriageway,Vehicle_Leaving_Carriageway,Hit_Object_off_Carriageway,1st_Point_of_Impact,Was_Vehicle_Left_Hand_Drive?,Journey_Purpose_of_Driver,Sex_of_Driver,Age_of_Driver,Age_Band_of_Driver,Engine_Capacity_(CC),Propulsion_Code,Age_of_Vehicle,Driver_IMD_Decile,Driver_Home_Area_Type
201463CP06014,2,9,0,2,0,0,0,0,0,0,0,1,6,3,-1,-1,-1,-1,-1,-1,-1
201463CP06114,1,9,0,7,0,2,0,0,3,10,1,1,6,1,50,8,1587,1,13,-1,1
201463CP06214,1,9,0,12,0,0,0,0,0,0,3,1,6,1,66,10,-1,-1,-1,-1,3
201463CP06214,2,9,0,18,0,0,0,0,0,0,4,1,6,2,27,6,1999,1,6,-1,2
201463CP06214,3,9,0,2,0,0,0,0,0,0,4,1,6,2,52,8,1896,2,15,-1,3
201463CP06214,4,9,0,2,0,0,0,0,0,0,4,1,6,1,66,10,1896,2,9,-1,2
201463CP06214,5,9,0,2,0,0,0,0,0,0,4,1,6,2,51,8,1388,1,8,-1,3
201463CP06314,1,9,0,16,0,0,2,0,0,0,1,1,2,1,22,5,1149,1,12,-1,2
201463CP06414,1,9,0,18,0,0,0,0,0,0,1,1,2,2,30,6,1598,1,7,-1,3
201463CP06414,2,9,0,18,0,0,0,0,1,0,1,1,6,1,63,9,1896,2,7,-1,3
201463CP06514,1,9,0,18,0,0,0,0,0,0,1,1,6,1,34,6,2295,1,14,-1,2
201463CP06514,2,9,0,3,0,0,0,0,0,0,2,1,6,1,22,5,1368,1,-1,-1,2
201463CP06614,1,9,0,18,0,2,5,0,0,10,3,1,6,1,23,5,1390,1,15,-1,3
201463CP06714,1,21,0,6,0,1,0,0,0,0,0,1,6,3,-1,-1,-1,-1,-1,-1,-1
201463CP06714,2,9,0,18,0,1,0,0,0,0,3,1,6,2,49,8,1360,1,9,-1,2
201463CP06714,3,9,0,18,0,1,0,0,0,0,1,1,6,2,35,6,1587,1,7,-1,1
201463CP06714,4,9,0,18,0,1,0,0,0,0,4,1,6,2,19,4,1242,1,10,-1,2
201463CP06714,5,9,0,18,0,1,0,0,0,0,3,1,6,2,50,8,1461,2,12,-1,2
201463CP06814,1,19,0,1,0,2,0,0,0,0,2,1,1,1,22,5,-1,-1,-1,-1,2
201463CP06814,2,90,0,18,0,1,0,0,0,0,3,1,6,2,86,11,-1,-1,-1,-1,2
201463CP06914,1,9,0,18,0,1,1,0,7,10,4,1,6,2,22,5,1149,1,7,-1,1
201463CP06914,2,9,0,2,0,1,0,0,0,0,3,1,1,1,41,7,2400,2,2,-1,1
201463CP07014,1,9,0,17,0,0,0,0,0,0,4,1,6,2,52,8,1598,1,4,-1,3
201463CP07214,1,9,0,16,0,3,0,0,0,0,4,1,6,1,80,11,1248,2,5,-1,3
201463CP07214,2,1,0,16,0,3,0,0,0,0,3,1,6,1,45,7,-1,-1,-1,-1,3
201463CP07314,1,9,0,5,2,1,0,0,0,0,1,1,6,2,51,8,2495,2,17,-1,3
201463CP07314,2,9,0,18,0,1,0,0,0,0,1,1,6,2,59,9,1198,1,9,-1,3
201463CP07414,1,9,0,10,0,1,0,0,0,0,1,1,1,2,42,7,1598,1,10,-1,3
201463CP07414,2,9,0,18,0,1,0,0,0,0,1,1,6,1,56,9,1984,1,1,-1,2
201463CP07514,1,5,0,16,0,2,0,0,7,0,1,1,6,1,21,5,649,1,2,4,2
201463CP07514,2,21,1,8,0,1,0,0,0,0,1,1,1,1,33,6,12130,2,16,-1,3
201463CP07614,1,9,0,16,0,0,1,0,1,0,1,1,6,1,23,5,1396,1,11,-1,3
201463CP07714,1,9,0,9,0,8,0,0,0,0,3,1,6,1,61,9,1798,1,13,-1,2
201463CP07714,2,1,0,18,0,8,0,0,0,0,1,1,6,1,24,5,-1,-1,-1,-1,3
201463CP07814,1,9,0,7,0,6,0,0,0,0,4,1,6,1,89,11,1198,1,8,-1,2
201463CP07814,2,9,0,18,0,1,0,0,0,0,4,1,6,1,89,11,2198,1,6,-1,1
201463CP07914,1,5,0,17,0,0,1,0,1,0,3,1,2,1,51,8,749,1,11,-1,2
201463CP08014,1,9,0,2,0,0,0,0,0,10,3,1,6,1,28,6,1248,2,7,-1,1
201463CP08114,1,9,0,18,0,1,0,0,0,0,2,1,6,2,25,5,1329,1,1,-1,3
201463CP08114,2,9,0,7,0,5,0,0,0,0,3,1,6,2,41,7,1582,2,4,-1,3
201463CP08214,1,9,0,17,0,0,2,0,0,0,1,1,6,1,23,5,1390,1,17,-1,3
201463CP08314,1,9,0,3,0,1,0,0,0,0,2,1,6,2,40,7,1997,2,14,-1,1
201463CP08314,2,9,0,5,0,1,0,0,0,0,1,1,6,1,79,11,1951,2,10,-1,1
201463CP08414,1,9,0,4,0,1,0,0,0,0,4,1,2,1,73,10,1910,2,8,-1,2
201463CP08514,1,19,4,9,0,5,0,0,0,0,2,1,1,1,46,8,2402,2,6,-1,3
201463CP08514,2,5,0,13,0,1,1,0,0,0,3,1,6,1,26,6,599,1,12,-1,2
201463CP08614,1,9,0,9,0,1,0,0,0,0,4,1,6,2,34,6,1349,1,6,-1,2
201463CP08714,1,19,0,1,0,0,0,0,0,0,3,1,6,1,38,7,-1,-1,-1,-1,2
201463CP08714,2,9,0,18,0,0,0,0,0,0,3,1,6,2,86,11,995,1,10,-1,2
201463CP08714,3,9,0,2,0,0,0,0,0,0,3,1,6,1,73,10,1991,2,8,-1,2
201463CP08814,1,5,0,17,0,8,1,0,1,10,4,1,6,1,35,6,600,1,16,-1,1
201463CP08914,1,9,0,18,0,3,0,0,0,0,1,1,6,2,52,8,1796,1,6,10,1
201463CP08914,2,90,0,18,0,1,5,0,0,0,4,1,6,1,78,11,-1,-1,-1,-1,2
201463CP08914,3,9,0,2,0,1,0,0,0,0,0,1,6,3,-1,-1,-1,-1,-1,-1,-1
201463CP09014,1,19,0,9,8,6,0,0,0,0,3,1,1,1,53,8,2198,2,2,-1,-1
201463CP09014,2,21,1,18,0,1,0,0,0,0,1,1,1,1,35,6,8970,2,11,-1,3
201463CP09114,1,9,0,5,0,6,0,0,0,0,1,1,6,2,53,8,2400,2,1,-1,3
201463CP09114,2,9,0,5,0,6,0,0,0,0,2,1,6,1,87,11,2401,2,9,-1,-1
201463CP09214,1,9,0,9,0,1,0,0,0,0,2,1,6,2,49,8,875,1,3,-1,3
201463CP09214,2,9,0,18,0,1,0,0,0,0,1,1,6,2,19,4,973,1,14,-1,3
201463CP09314,1,9,0,18,0,1,0,0,0,0,3,1,3,2,29,6,1896,2,12,-1,-1
201463CP09314,2,11,0,5,0,1,0,0,0,0,0,1,6,3,-1,-1,-1,-1,-1,-1,-1
201463CP09414,1,9,0,18,0,0,0,0,0,0,1,1,6,2,39,7,1668,1,9,-1,1
201463CP09414,2,9,0,3,0,0,0,0,0,0,2,1,3,2,47,8,1968,2,6,-1,3
201463CP09514,1,3,0,18,0,1,1,0,0,0,4,1,6,1,43,7,124,1,2,-1,3
201463CP09514,2,8,0,18,0,1,0,0,0,0,3,1,6,1,37,7,1229,1,4,1,1
201463CP09514,3,8,0,18,0,1,0,0,0,0,1,1,6,2,31,6,1598,1,15,-1,3
201463CP09514,4,9,0,9,0,5,0,0,0,0,0,1,6,3,-1,-1,-1,-1,-1,-1,-1
201463CP09514,5,9,0,4,0,1,0,0,0,0,0,1,6,3,-1,-1,-1,-1,-1,-1,-1
201463CP09614,1,9,0,16,0,0,2,0,2,10,4,1,2,2,21,5,1360,1,10,-1,3
201463CP09714,1,9,0,17,0,1,0,0,0,0,1,1,6,2,72,10,1586,1,1,-1,-1
201463CP09714,2,8,0,16,0,1,0,0,0,0,1,1,1,1,47,8,1896,2,11,-1,1
201463CP09714,3,17,0,4,0,1,0,0,0,0,0,1,6,3,-1,-1,-1,-1,-1,-1,-1
201463CP09814,1,9,0,17,0,0,1,0,1,10,1,1,6,1,31,6,1248,1,1,-1,-1
201463CP09914,1,9,0,17,0,8,0,0,0,0,1,1,6,1,62,9,2656,1,12,-1,3
201463CP10014,1,9,0,4,0,1,1,0,0,0,1,1,6,2,35,6,1995,2,10,-1,2
201463CP10014,2,9,0,4,0,1,0,0,0,0,1,1,6,1,31,6,1560,2,5,-1,2
201463CP10014,3,9,0,18,0,1,0,0,0,0,0,1,6,3,-1,-1,-1,-1,-1,-1,-1
201463CP10114,1,9,0,5,0,2,0,0,0,0,3,1,1,2,62,9,1199,1,10,-1,2
201463CP10114,2,4,0,16,0,1,0,0,0,0,3,1,1,1,30,6,124,1,14,-1,1
201463CP10214,1,9,0,16,0,0,5,7,7,10,1,1,6,1,36,7,1598,1,10,6,1
201463CP10314,1,9,0,18,0,1,1,0,0,0,4,1,6,1,77,11,1796,1,14,-1,3
201463CP10314,2,9,0,18,0,1,1,0,0,0,1,1,6,2,68,10,1590,1,10,-1,3
201463CP10414,1,9,0,18,0,1,1,0,0,0,1,1,6,1,26,6,1389,1,18,-1,2
201463CP10414,2,9,0,10,0,1,0,0,0,0,2,1,3,2,45,7,1390,1,9,-1,3
201463CP10514,1,1,0,18,9,6,0,0,0,0,1,1,6,1,9,2,-1,-1,-1,-1,-1
201463CP10514,2,9,0,18,0,7,0,0,0,0,3,1,1,1,37,7,-1,-1,-1,-1,3
201463CP10614,1,9,0,18,0,1,0,0,0,0,1,1,6,2,36,7,999,1,14,-1,2
201463CP10614,2,1,0,18,0,6,0,0,0,0,3,1,6,1,11,3,-1,-1,-1,-1,2
201463CP10714,1,90,0,9,0,8,0,0,0,0,3,1,1,2,44,7,2987,2,2,-1,3
201463CP10714,2,5,0,18,0,1,1,0,0,0,1,1,6,1,34,6,1299,1,11,-1,1
201463CP10714,3,5,0,18,0,1,1,0,0,0,1,1,6,1,41,7,999,1,2,-1,3
201463CP10814,1,9,0,17,0,0,0,0,0,0,4,1,6,2,42,7,2993,2,9,-1,3
201463CP10914,1,3,0,13,0,8,0,0,7,0,4,1,6,1,17,4,124,1,2,-1,3
201463CP10914,2,9,0,9,0,8,0,0,7,0,3,1,6,1,53,8,1587,1,12,-1,3
201463CP11014,1,9,0,18,0,2,0,0,0,0,1,1,6,2,46,8,2204,2,5,-1,3
201463CP11014,2,9,0,18,0,8,0,0,0,0,3,1,1,1,40,7,1998,2,13,-1,1
201463CP11114,1,9,0,13,0,1,0,0,7,0,1,1,6,1,69,10,1590,1,10,-1,2
201463CP11114,2,21,1,9,0,5,0,0,0,0,3,1,1,1,44,7,12130,2,9,-1,3
201463CP11214,1,19,0,16,0,0,1,0,0,0,3,1,2,1,25,5,1896,2,5,-1,3
201463CP11214,2,9,0,17,0,0,0,0,0,0,3,1,6,2,58,9,1596,1,6,-1,3
201463CP11314,1,9,0,12,0,0,0,0,0,0,1,1,6,2,30,6,1364,1,8,-1,3
201463CP11314,2,9,0,18,0,0,0,0,0,0,1,1,6,2,45,7,2985,2,8,-1,3
201463CP11314,3,1,0,18,0,0,0,0,0,0,0,1,6,3,-1,-1,-1,-1,-1,-1,-1
201463CP11414,1,9,0,17,0,0,0,0,0,0,3,1,2,1,19,4,2494,2,27,-1,3
201463CP11414,2,9,0,16,0,0,0,0,0,0,3,1,2,2,21,5,1364,1,4,-1,3
201463CP11514,1,1,0,16,0,0,0,0,0,0,1,1,6,2,66,10,-1,-1,-1,-1,3
201463CP11614,1,9,0,17,0,0,2,0,7,10,1,1,6,1,18,4,1199,1,10,-1,1
201463CP11714,1,9,0,1,0,0,1,0,0,0,2,1,6,2,53,8,1242,1,1,-1,2
201463CP11814,1,5,0,17,0,0,1,0,0,0,1,1,6,1,30,6,1200,1,19,-1,3
201463CP11814,2,9,0,16,0,0,0,0,0,0,3,1,6,1,63,9,1968,2,4,-1,3
201463CP11914,1,9,0,18,0,1,0,0,0,0,1,1,6,1,17,4,1199,1,12,-1,-1
201463CP11914,2,9,0,8,0,1,0,0,0,0,1,1,6,2,39,7,1870,2,8,-1,3
201463CP12014,1,21,1,18,0,1,1,0,0,0,1,1,1,1,29,6,11946,2,3,5,1
201463CP12014,2,9,0,10,0,1,0,0,7,4,2,1,6,2,67,10,1248,2,4,-1,3
201463CP12114,1,9,0,13,0,8,0,0,7,0,1,1,6,1,31,6,1598,2,4,-1,-1
201463CP12114,2,9,0,9,0,5,0,0,0,0,3,1,6,2,32,6,1396,1,6,-1,3
201463CP12114,3,9,0,3,0,1,0,0,0,0,0,1,6,3,-1,-1,-1,-1,-1,-1,-1
201463CP12214,1,19,0,16,0,0,0,0,7,0,1,2,1,1,21,5,-1,-1,-1,-1,-1
201463CP12214,2,9,0,17,0,0,0,0,1,0,1,1,6,1,43,7,1995,2,2,-1,2
201463CP12314,1,5,0,16,0,0,0,0,0,0,3,1,6,1,56,9,1130,1,11,-1,3
201463CP12414,1,9,0,7,0,8,5,7,3,10,1,1,6,1,17,4,1248,2,7,-1,2
201463CP12514,1,9,0,9,0,0,0,0,0,0,1,1,6,2,44,7,1995,1,7,-1,2
201463CP12514,2,1,0,4,0,0,0,0,0,0,2,1,6,1,27,6,-1,-1,-1,5,1
201463CP12614,1,9,0,18,0,1,0,0,0,0,3,1,6,2,41,7,1242,1,-1,-1,1
201463CP12614,2,90,0,5,0,1,0,0,0,0,1,1,6,1,36,7,-1,-1,-1,-1,3
201463CP12714,1,10,0,18,0,0,0,0,0,0,4,1,6,1,35,6,4250,2,11,-1,1
201463CP12814,1,9,0,3,0,0,0,0,1,0,2,1,6,1,58,9,1560,2,3,7,1
201463CP12814,2,9,0,18,0,0,0,0,0,0,1,1,6,1,46,8,2720,2,7,-1,1
201463CP12814,3,9,0,18,0,0,0,0,0,0,0,1,6,3,-1,-1,-1,-1,-1,-1,-1
201463CP12914,1,9,0,5,0,2,0,0,0,0,1,1,6,1,49,8,1598,1,16,-1,2
201463CP12914,2,1,0,7,0,5,1,10,7,10,4,1,6,1,34,6,-1,-1,-1,-1,1
201463CP13014,1,4,0,16,0,1,0,0,0,0,1,1,6,1,19,4,471,1,1,4,1
201463CP13014,2,9,0,8,0,5,0,0,0,0,2,1,6,1,19,4,1781,1,26,-1,-1
201463CP13114,1,19,0,8,0,4,0,0,0,0,1,1,1,1,17,4,2402,2,8,-1,2
201463CP13114,2,9,0,8,0,4,0,0,0,0,2,1,1,2,43,7,1753,2,10,-1,2
201463CP13214,1,9,0,18,0,1,0,0,0,0,3,1,6,1,24,5,2616,1,8,-1,-1
201463CP13214,2,9,0,9,0,2,0,0,0,0,4,1,6,1,69,10,1834,1,11,7,1
201463CP13214,3,19,0,3,0,1,0,0,0,0,0,1,6,3,-1,-1,-1,-1,-1,-1,-1
201463CP13314,1,9,0,17,0,0,0,0,0,0,1,1,6,1,21,5,1905,2,15,-1,2
201463CP13314,2,9,0,16,0,0,0,0,0,0,1,1,6,2,32,6,1461,2,8,-1,3
201463CP13314,3,9,0,16,0,0,0,0,1,0,3,1,6,2,30,6,1598,1,13,-1,2
201463CP13414,1,9,0,17,0,0,0,0,0,0,4,1,6,1,60,9,2460,2,11,-1,3
201463CP13514,1,9,0,3,0,2,0,0,0,0,1,1,6,1,69,10,1798,1,5,-1,3
201463CP13514,2,9,0,18,0,2,0,0,0,0,1,1,6,1,71,10,1598,1,4,-1,3
201463CP13614,1,9,0,18,0,0,0,0,0,0,1,1,6,2,43,7,1910,2,8,-1,3
201463CP13614,2,19,0,18,0,0,1,0,0,0,2,1,1,1,37,7,1686,2,8,-1,1
201463CP13614,3,9,0,18,0,0,0,0,0,0,2,1,6,2,42,7,-1,-1,-1,-1,3
201463CP13714,1,19,0,9,0,8,0,0,0,0,1,1,1,1,53,8,2402,2,11,-1,2
201463CP13714,2,9,0,18,0,1,0,0,0,0,1,1,6,1,47,8,1998,2,6,-1,3
201463CP13814,1,9,0,4,0,1,0,0,7,0,2,1,6,2,80,11,1061,1,9,-1,2
201463CP13914,1,9,0,9,0,1,0,0,0,0,3,1,6,2,25,5,1199,1,12,-1,3
201463CP13914,2,9,0,14,0,1,0,0,0,0,4,1,1,2,68,10,996,1,5,-1,2
201463CP13914,3,9,0,3,0,1,0,0,0,0,0,1,6,3,-1,-1,-1,-1,-1,-1,-1
201463CP13914,4,9,0,3,0,1,0,0,0,0,0,1,6,3,-1,-1,-1,-1,-1,-1,-1
201463CP14014,1,17,4,17,0,1,0,0,0,0,2,1,1,1,31,6,6728,2,2,-1,3
201463CP14014,2,9,0,16,0,1,0,0,0,0,1,1,6,1,87,11,1364,2,4,-1,3
201463CP14114,1,19,0,4,0,0,1,0,0,0,1,1,2,1,52,8,1753,2,9,-1,2
201463CP14114,2,19,0,4,0,0,0,0,0,0,2,1,2,1,30,6,1868,2,10,-1,2
201463CP14214,1,9,0,9,0,6,1,0,0,0,3,1,1,2,45,7,2261,1,9,-1,2
201463CP14214,2,5,0,18,0,1,1,0,1,0,1,1,6,1,50,8,-1,-1,-1,-1,3
201463CP14314,1,9,0,18,0,0,0,0,0,0,4,1,1,1,40,7,1499,2,-1,-1,-1
201463CP14414,1,9,0,18,0,6,0,0,0,0,4,1,6,1,79,11,1596,1,10,-1,1
201463CP14414,2,9,0,18,0,1,0,0,0,0,1,1,6,2,22,5,1461,2,11,-1,1
201463CP14514,1,9,0,16,0,1,0,0,0,0,1,1,6,1,20,4,1910,2,7,-1,1
201463CP14514,2,9,0,10,0,1,0,0,0,0,2,1,6,2,47,8,-1,-1,-1,-1,3
201463CP14614,1,9,0,1,0,0,0,0,0,0,2,1,6,1,26,6,1242,1,6,-1,1
201463CP14614,2,9,0,2,0,0,0,0,0,0,1,1,6,2,24,5,1299,1,15,-1,2
201463CP14714,1,9,0,13,0,0,0,0,0,0,4,1,6,2,-1,-1,1390,1,12,-1,1
201463CP14714,2,1,0,18,0,0,1,0,0,0,1,1,6,2,25,5,-1,-1,-1,-1,3
201463CP14814,1,3,0,17,0,0,0,0,0,0,1,1,6,2,47,8,124,1,5,-1,3
201463CP14814,2,9,0,16,0,0,0,0,0,0,3,1,2,1,37,7,-1,-1,-1,10,1
201463CP14914,1,9,0,18,0,8,0,0,0,0,1,1,1,2,58,9,1686,2,3,-1,3
201463CP14914,2,1,0,9,9,8,0,0,0,0,1,1,6,1,68,10,-1,-1,-1,-1,3
201463CP15014,1,9,4,18,0,0,0,0,0,0,0,1,6,1,40,7,1910,2,8,-1,2
201463CP15114,1,9,0,5,0,7,0,0,0,0,1,1,6,2,80,11,1328,1,9,-1,2
201463CP15114,2,9,0,18,0,8,1,0,0,0,1,1,6,2,26,6,1997,2,12,-1,1
201463CP15214,1,9,0,18,0,1,0,0,0,0,1,1,6,1,37,7,1948,1,16,-1,2
201463CP15214,2,9,0,10,0,1,0,0,0,0,2,1,6,2,31,6,2521,1,5,-1,3
201463CP15314,1,9,0,10,0,1,0,0,0,0,1,2,6,2,45,7,-1,-1,-1,-1,-1
201463CP15314,2,9,0,18,0,1,0,0,0,0,1,1,2,2,22,5,1242,1,3,-1,3
201463CP15414,1,9,0,17,0,0,1,0,7,10,3,1,6,1,22,5,1999,1,8,-1,3
201463CP15514,1,5,0,4,0,0,0,0,0,0,1,1,6,1,28,6,1130,1,13,5,1
201463CP15514,2,9,0,4,0,0,0,0,0,0,2,1,6,2,35,6,1461,2,9,-1,3
201463CP15514,3,9,0,3,0,0,0,0,0,0,0,1,6,3,-1,-1,-1,-1,-1,-1,-1
201463CP15614,1,9,0,1,0,0,0,0,0,0,2,1,6,1,27,6,1248,2,3,-1,2
201463CP15714,1,19,0,16,0,0,1,0,0,0,3,1,1,1,44,7,2300,2,9,-1,3
201463CP15714,2,21,0,18,0,0,0,0,0,0,3,1,1,1,29,6,8970,2,16,-1,2
201463CP15814,1,9,0,4,0,0,0,0,0,0,1,1,6,2,54,8,1461,2,8,-1,1
201463CP15814,2,9,0,3,0,0,0,0,0,0,2,1,6,2,38,7,1896,2,11,-1,2
201463CP15814,3,9,0,3,0,0,0,0,0,0,0,1,6,3,-1,-1,-1,-1,-1,-1,-1
201463CP15914,1,9,0,18,0,3,0,0,0,0,3,1,2,2,54,8,1328,1,8,-1,1
201463CP15914,2,9,0,18,0,3,0,0,0,0,4,1,6,2,30,6,1360,1,9,7,1
201463CP16014,1,9,0,18,0,0,0,0,0,0,1,1,2,1,57,9,1199,2,-1,-1,3
201463CP16014,2,9,0,18,0,0,0,0,0,0,2,1,6,2,65,9,1299,1,8,-1,2
201463CP16014,3,17,0,3,0,0,0,0,0,0,0,1,6,3,-1,-1,-1,-1,-1,-1,-1
201463CP16014,4,9,0,3,0,0,0,0,0,0,0,1,6,3,-1,-1,-1,-1,-1,-1,-1
201463CP16114,1,3,0,13,0,1,0,0,7,0,1,1,2,1,22,5,125,1,12,-1,1
201463CP16114,2,19,0,9,0,5,0,0,0,0,3,1,2,1,27,6,2402,2,3,-1,3
201463CP16214,1,9,0,18,0,0,0,0,0,0,4,1,6,2,21,5,-1,-1,-1,-1,3
201463CP16214,2,9,0,2,0,0,0,0,0,0,0,1,6,2,29,6,-1,-1,-1,-1,1
201463CP16314,1,9,0,16,0,0,1,0,0,0,1,1,6,1,25,5,1391,1,14,-1,1
201463CP16314,2,9,0,17,0,0,0,0,0,0,1,1,6,1,22,5,1984,1,1,-1,2
201463CP16414,1,9,0,17,0,0,0,0,7,10,3,1,1,2,34,6,1896,2,6,-1,2
201463CP16514,1,9,0,6,0,8,0,0,0,0,4,1,6,2,76,11,1590,1,12,-1,3
201463CP16514,2,4,0,18,0,8,0,0,0,0,1,1,6,1,44,7,198,1,23,-1,3
201463CP16614,1,9,0,17,0,0,0,0,8,7,1,1,2,2,22,5,1229,1,3,-1,3
201463CP16714,1,9,0,16,0,0,0,0,8,10,3,1,6,2,36,7,1396,1,14,-1,1
201463CP16814,1,5,0,16,0,1,0,0,0,10,1,1,6,1,29,6,599,1,18,-1,3
201463CP16814,2,19,0,17,0,2,0,0,0,0,2,1,6,1,30,6,2953,2,10,-1,3
201463CP16914,1,9,0,13,0,0,0,0,0,0,2,1,2,1,28,6,1968,2,5,-1,1
201463CP16914,2,9,0,18,0,0,0,0,0,0,1,1,6,2,27,6,1994,1,14,-1,1
201463CP16914,3,9,0,18,0,0,0,0,0,0,0,1,6,3,-1,-1,-1,-1,-1,-1,-1
201463CP17014,1,9,0,16,0,0,5,0,8,10,3,1,6,1,17,4,973,1,14,-1,3
201463CP17114,1,9,0,18,0,0,1,0,7,10,1,1,6,2,69,10,1598,1,14,-1,2
201463CP17114,2,9,0,18,0,0,5,0,7,1,1,1,6,1,27,6,1398,2,2,-1,3
201463CP17214,1,9,0,18,0,0,0,0,0,0,4,1,6,2,85,11,1389,1,17,-1,3
201463CP17214,2,9,0,18,0,0,0,0,1,0,1,1,6,1,70,10,1591,1,-1,-1,1
201463CP17314,1,9,0,9,0,6,0,0,7,0,4,1,6,2,85,11,1731,1,16,-1,3
201463CP17314,2,8,0,18,0,8,2,0,1,3,1,1,1,1,31,6,1997,2,12,-1,2
201463CP17414,1,9,0,18,0,0,0,0,0,0,4,1,6,1,30,6,-1,-1,-1,-1,1
201463CP17514,1,19,0,18,0,0,0,0,0,0,1,1,6,1,47,8,-1,-1,-1,-1,3
201463CP17514,2,1,0,18,0,0,0,0,1,0,2,1,2,1,57,9,-1,-1,-1,-1,2
201463CP17514,3,9,0,2,0,0,0,0,0,0,0,1,6,3,-1,-1,-1,-1,-1,-1,-1
201463CP17614,1,9,0,18,0,1,0,0,0,0,1,1,2,2,25,5,1229,1,6,-1,2
201463CP17614,2,9,0,18,0,1,0,0,0,0,2,1,6,1,67,10,-1,-1,-1,-1,2
201463CP17614,3,9,0,7,0,5,0,0,0,0,0,1,1,1,43,7,-1,-1,-1,-1,3
201463CP17714,1,9,0,18,0,0,0,0,0,0,3,1,6,3,-1,-1,-1,-1,-1,-1,-1
201463CP17714,2,1,0,18,0,0,0,0,0,0,1,1,6,1,11,3,-1,-1,-1,-1,2
201463CP17814,1,9,0,5,0,4,0,0,0,0,1,1,6,2,42,7,2179,2,5,-1,1
201463CP17814,2,9,0,5,0,4,0,0,0,0,2,1,6,2,24,5,1995,1,12,3,1
201463CP17814,3,9,0,18,0,8,0,0,0,0,0,1,6,3,-1,-1,-1,-1,-1,-1,-1
201463CP17914,1,9,0,18,0,4,0,0,0,0,2,1,6,2,30,6,1197,1,2,-1,3
201463CP17914,2,9,0,18,0,4,0,0,0,0,1,1,6,1,50,8,1229,1,4,-1,1
201463CP18014,1,9,0,4,0,0,0,0,0,0,1,1,4,1,23,5,1149,1,12,-1,1
201463CP18014,2,19,0,4,0,0,1,0,0,0,1,1,2,1,54,8,1896,2,10,-1,1
201463CP18114,1,9,0,18,0,1,0,0,0,0,1,1,6,2,50,8,1598,1,8,-1,2
201463CP18114,2,9,0,10,0,1,0,0,0,0,2,1,1,1,28,6,1590,1,9,-1,2
201463CP18214,1,9,0,17,0,0,1,0,1,10,4,1,6,2,21,5,1299,1,18,-1,3
201463CP18314,1,9,0,8,0,4,0,0,0,0,1,1,6,2,21,5,1149,1,7,-1,1
201463CP18314,2,3,0,8,0,4,0,0,0,0,2,1,6,1,64,9,124,1,7,-1,3
201463CP18414,1,9,0,18,0,0,0,0,1,0,3,1,6,1,78,11,1560,2,-1,-1,1
201463CP18414,2,9,0,2,0,0,0,0,0,0,4,1,6,3,-1,-1,1995,2,3,-1,-1
201463CP18514,1,17,4,4,0,6,0,0,0,0,1,1,1,1,38,7,-1,2,6,-1,3
201463CP18514,2,1,0,18,4,1,0,0,0,0,1,1,6,1,37,7,-1,-1,-1,-1,1
201463CP18614,1,9,0,16,0,0,2,0,8,10,1,1,6,2,47,8,3059,2,21,-1,3
201463CP18714,1,9,0,7,0,5,0,0,0,0,1,1,6,1,50,8,998,1,4,-1,-1
201463CP18714,2,9,0,18,0,1,0,0,0,0,1,1,2,2,20,4,1242,1,2,-1,1
201463CP18814,1,9,0,18,0,0,0,4,0,0,1,1,6,1,19,4,1242,1,13,-1,3
201463CP18814,2,9,0,2,0,0,0,0,0,0,1,1,6,3,-1,-1,1997,2,9,-1,-1
201463CP18914,1,17,4,4,0,0,0,0,0,0,0,1,1,1,41,7,-1,2,1,-1,3
201463CP19114,1,9,0,18,0,1,1,0,0,0,3,1,2,2,53,8,1997,2,7,-1,3
201463CP19114,2,9,0,9,7,5,1,0,0,0,2,1,6,1,23,5,1995,2,3,-1,3
201463CP19214,1,1,0,18,0,1,0,0,0,0,1,1,6,1,60,9,-1,-1,-1,8,1
201463CP19214,2,19,0,10,0,2,0,0,0,0,3,1,6,1,34,6,2402,2,11,-1,3
201463CP19314,1,9,0,13,0,1,0,0,0,0,1,1,6,1,70,10,1560,2,2,-1,1
201463CP19314,2,21,0,9,0,5,0,0,0,0,3,1,1,1,48,8,6370,2,11,-1,2
201463CP19414,1,8,0,3,0,0,0,0,0,0,1,1,1,1,38,7,-1,-1,-1,-1,2
201463CP19414,2,9,0,18,2,0,0,0,0,0,2,1,2,2,49,8,1124,1,10,-1,3
201463CP19414,3,9,0,2,0,0,0,0,0,0,0,1,6,3,-1,-1,-1,-1,-1,-1,-1
201463CP19414,4,9,0,2,0,0,0,0,0,0,0,1,6,3,-1,-1,-1,-1,-1,-1,-1
201463CP19414,5,9,0,18,0,0,0,0,0,0,0,1,6,3,-1,-1,-1,-1,-1,-1,-1
201463CP19514,1,9,0,18,0,0,0,0,0,0,4,1,6,1,18,4,1242,1,7,-1,3
201463CP19614,1,9,0,4,0,1,0,0,0,10,4,1,6,1,86,11,-1,-1,-1,-1,2
201463CP19614,2,90,0,18,0,1,0,0,0,0,0,1,6,3,-1,-1,-1,-1,-1,-1,-1
201463CP19714,1,9,0,3,0,2,0,0,0,0,1,1,1,1,51,8,2765,2,19,-1,1
201463CP19714,2,9,0,4,0,1,0,0,0,0,1,1,6,2,48,8,1896,2,17,-1,3
201463CP19714,3,11,0,2,0,8,0,0,0,0,0,1,6,3,-1,-1,-1,-1,-1,-1,-1