Accident_Index,Vehicle_Reference,Vehicle_Type,Towing_and_Articulation,Vehicle_Manoeuvre,Vehicle_Location-Restricted_Lane,Junction_Location,Skidding_and_Overturning,Hit_Object_in_Carriageway,Vehicle_Leaving_Carriageway,Hit_Object_off_Carriageway,1st_Point_of_Impact,Was_Vehicle_Left_Hand_Drive?,Journey_Purpose_of_Driver,Sex_of_Driver,Age_of_Driver,Age_Band_of_Driver,Engine_Capacity_(CC),Propulsion_Code,Age_of_Vehicle,Driver_IMD_Decile,Driver_Home_Area_Type
201463CP19814,1,9,0,4,0,1,0,0,0,0,1,1,3,2,44,7,1360,1,11,-1,3
201463CP19914,1,9,0,16,0,0,0,0,0,0,1,1,6,1,42,7,1248,1,2,-1,3
201463CP19914,2,9,0,17,0,0,0,0,0,0,1,1,6,1,51,8,1461,2,2,-1,2
201463CP20014,1,9,0,17,0,0,2,0,7,10,1,1,1,2,23,5,1686,2,11,-1,3
201463CP20114,1,9,0,16,0,0,1,0,0,10,3,1,1,2,19,4,1242,1,7,-1,1
201463CP20214,1,9,0,4,0,8,0,0,0,0,3,1,1,2,31,6,1796,1,15,-1,1
201463CP20214,2,9,0,18,0,4,0,0,0,0,1,1,6,2,59,9,2497,2,10,-1,-1
201463CP20314,1,3,0,4,0,0,1,0,0,0,0,1,2,2,18,4,124,1,5,-1,3
201463CP20414,1,9,0,18,0,0,0,0,0,0,3,1,6,1,71,10,1299,1,7,-1,1
201463CP20514,1,9,0,13,0,0,5,0,0,0,1,1,1,1,46,8,2494,2,7,-1,3
201463CP20514,2,9,0,18,0,0,1,0,0,0,3,1,6,2,75,10,1461,2,2,-1,1
201463CP20614,1,9,0,18,0,1,0,0,3,0,3,1,6,2,54,8,1299,1,7,-1,2
201463CP20614,2,19,0,18,0,1,0,0,0,0,1,1,6,1,36,7,1753,2,10,-1,3
201463CP20714,1,9,0,16,0,0,0,0,2,10,3,1,1,1,24,5,2500,2,10,-1,2
201463CP20714,2,9,0,17,0,0,0,0,0,0,3,1,6,2,44,7,1910,2,8,-1,3
201463CP20814,1,9,0,9,0,8,0,0,0,0,1,1,6,2,46,8,1560,2,8,-1,2
201463CP20814,2,9,0,14,0,8,0,0,0,0,1,1,2,2,41,7,2099,1,11,-1,2
201463CP20914,1,9,0,18,0,2,0,0,1,10,1,1,6,1,64,9,1587,1,10,-1,3
201463CP21014,1,9,0,18,0,0,1,0,0,0,1,1,6,1,64,9,1896,2,10,-1,3
201463CP21014,2,9,0,18,0,0,1,0,0,0,1,1,6,2,52,8,1973,1,15,-1,3
201463CP21114,1,9,0,18,0,0,0,0,0,0,1,1,3,1,18,4,1199,1,12,-1,2
201463CP21214,1,21,0,18,0,0,0,0,1,9,1,1,1,1,36,7,12580,2,9,-1,3
201463CP21214,2,9,0,18,0,0,1,0,0,1,1,1,6,2,31,6,1905,2,18,-1,1
201463CP21314,1,9,0,9,0,8,0,0,0,0,1,1,6,1,52,8,-1,-1,-1,-1,3
201463CP21314,2,9,0,18,0,8,0,0,7,0,1,1,6,1,62,9,2967,2,6,-1,2
201463CP21314,3,9,0,18,0,1,0,0,0,0,1,1,6,1,44,7,1968,2,5,-1,3
201463CP21414,1,9,0,6,0,0,0,0,0,0,3,1,6,1,24,5,1993,1,34,-1,3
201463CP21414,2,5,0,18,0,0,0,0,0,0,1,1,6,1,57,9,844,1,38,-1,3
201463CP21514,1,8,0,9,0,1,0,0,0,0,0,1,6,3,-1,-1,-1,-1,-1,-1,-1
201463CP21514,2,1,0,18,0,1,1,0,0,0,0,1,6,2,52,8,-1,-1,-1,-1,2
201463CP21614,1,9,0,17,0,0,1,10,0,0,1,1,6,1,43,7,1587,1,9,-1,2
201463CP21714,1,19,0,18,0,1,0,0,0,0,4,1,2,1,57,9,1686,2,10,-1,2
201463CP21714,2,19,0,2,0,1,0,0,0,0,0,1,6,3,-1,-1,-1,-1,-1,-1,-1
201463CP21814,1,9,0,18,0,0,5,0,0,10,1,1,6,2,25,5,1242,1,16,-1,2
201463CP21914,1,21,1,18,0,0,0,2,0,0,2,1,6,3,-1,-1,-1,-1,-1,-1,-1
201463CP22014,1,9,0,18,0,0,0,0,0,0,4,1,6,1,51,8,1229,1,6,-1,3
201463CP22114,1,5,0,15,0,1,1,0,0,0,1,1,6,1,51,8,865,1,4,-1,2
201463CP22114,2,9,0,18,0,1,0,0,0,0,0,1,6,3,-1,-1,-1,-1,-1,-1,-1
201463CP22214,1,9,0,18,0,0,0,0,1,10,1,1,6,1,40,7,1589,1,15,-1,2
201463CP22314,1,9,0,18,0,1,0,0,0,0,1,1,6,2,57,9,1198,1,1,-1,-1
201463CP22314,2,9,0,10,0,1,0,0,0,0,2,1,6,1,54,8,-1,-1,-1,-1,3
201463CP22314,3,9,0,18,0,1,1,4,1,0,1,1,6,1,52,8,1598,2,-1,-1,3
201463CP22314,4,9,0,2,6,2,0,0,0,0,1,1,6,3,-1,-1,-1,-1,-1,-1,-1
201463CP22314,5,9,0,2,6,8,0,0,0,0,1,1,6,3,-1,-1,-1,-1,-1,-1,-1
201463CP22414,1,9,0,18,0,0,1,0,0,0,1,1,6,2,39,7,1968,2,4,-1,3
201463CP22414,2,9,0,18,0,0,0,0,0,0,1,1,6,2,21,5,1299,1,12,-1,3
201463CP22514,1,9,0,16,0,0,2,0,7,4,3,1,1,2,54,8,1171,1,19,-1,2
201463CP22614,1,9,0,18,0,1,0,0,0,0,0,1,1,1,44,7,-1,-1,-1,-1,2
201463CP22614,2,9,0,18,0,1,0,0,0,0,2,1,6,2,74,10,2199,2,3,-1,1
201463CP22614,3,19,0,3,0,1,0,0,0,0,1,1,1,1,28,6,2000,2,13,-1,2
201463CP22614,4,9,0,3,0,1,0,0,0,0,2,1,6,2,50,8,1598,2,2,-1,2
201463CP22614,5,9,4,18,0,1,0,0,1,0,2,1,1,1,25,5,-1,-1,-1,-1,1
201463CP22614,6,9,0,18,0,1,0,0,0,0,1,1,2,2,47,8,1686,2,6,-1,1
201463CP22614,7,9,0,9,0,1,0,0,0,0,0,1,6,3,-1,-1,-1,-1,-1,-1,-1
201463CP22714,1,19,0,18,0,0,0,0,0,0,1,1,1,1,28,6,1560,2,5,-1,2
201463CP22714,2,9,0,18,0,0,0,0,0,0,1,1,3,2,33,6,1896,2,11,-1,2
201463CP22714,3,9,0,2,0,0,0,0,0,0,0,1,6,3,-1,-1,-1,-1,-1,-1,-1
201463CP22814,1,9,0,18,0,0,0,0,0,0,3,1,6,1,59,9,-1,-1,-1,-1,-1
201463CP22814,2,19,0,18,0,0,0,0,0,0,1,1,3,1,42,7,1995,2,7,-1,3
201463CP22914,1,9,0,18,0,8,0,0,0,0,1,1,6,2,33,6,1900,2,16,-1,3
201463CP22914,2,9,0,18,0,6,0,0,0,0,4,1,6,2,54,8,2204,2,7,-1,3
201463CP23014,1,9,0,5,0,0,0,0,0,0,4,1,6,3,-1,-1,-1,-1,-1,-1,-1
201463CP23114,1,9,0,5,0,8,0,0,1,0,3,1,1,1,22,5,1149,1,12,-1,-1
201463CP23114,2,9,0,18,0,8,0,0,1,0,1,1,6,2,33,6,-1,-1,-1,-1,2
201463CP23214,1,9,0,18,0,0,0,0,0,0,1,1,6,1,82,11,1997,2,8,-1,3
201463CP23214,2,9,0,3,0,0,0,0,0,0,2,1,6,2,28,6,1995,1,5,-1,2
201463CP23214,3,9,0,3,0,0,0,0,0,0,2,1,6,1,57,9,1956,2,4,-1,1
201463CP23214,4,9,0,3,0,0,0,0,0,0,0,1,6,3,-1,-1,-1,-1,-1,-1,-1
201463CP23314,1,9,0,18,0,0,1,0,0,0,1,1,2,1,21,5,1596,1,13,-1,2
201463CP23314,2,9,0,3,0,0,0,0,0,0,2,1,2,1,43,7,1995,2,6,-1,3
201463CP23314,3,9,0,3,0,0,0,0,0,0,2,1,2,1,30,6,1868,2,14,-1,1
201463CP23314,4,9,0,3,0,0,0,0,0,0,0,1,6,3,-1,-1,-1,-1,-1,-1,-1
201463CP23414,1,9,0,18,0,3,0,0,7,10,1,1,6,1,31,6,2494,1,15,-1,1
201463CP23414,2,9,0,2,0,1,0,0,0,0,0,1,6,1,63,9,1910,2,6,-1,-1
201463CP23514,1,8,0,13,0,8,0,0,0,0,1,1,1,1,58,9,1753,2,4,-1,1
201463CP23514,2,9,0,9,0,5,0,0,0,0,3,1,6,2,23,5,998,1,1,-1,3
201463CP23614,1,9,0,17,0,1,2,0,0,0,0,1,6,1,25,5,1461,2,3,-1,3
201463CP23714,1,9,0,10,0,1,0,0,0,0,3,1,6,1,51,8,1527,2,18,-1,-1
201463CP23714,2,9,0,13,0,1,0,0,3,10,1,1,6,1,85,11,1910,2,10,-1,1
201463CP23814,1,9,0,16,0,1,1,0,3,0,4,1,6,2,53,8,1242,1,3,-1,3
201463CP23814,2,19,0,9,0,1,0,0,3,10,2,1,1,1,49,8,1248,2,1,-1,1
201463CP23914,1,9,0,17,0,0,2,0,7,10,3,1,2,2,40,7,1596,1,8,-1,3
201463CP24014,1,9,0,18,0,0,0,12,0,0,3,1,6,1,30,6,2979,1,12,-1,3
201463CP24114,1,9,0,17,0,0,2,0,1,4,3,1,1,2,39,7,1490,1,8,-1,1
201463CP24214,1,9,0,1,8,0,0,0,0,0,2,1,2,2,19,4,1229,1,8,-1,2
201463CP24214,2,9,0,2,6,0,0,0,0,0,1,1,6,2,59,9,2435,1,14,-1,2
201463CP24314,1,9,0,18,0,0,1,0,0,0,1,1,6,1,25,5,-1,-1,-1,-1,2
201463CP24314,2,9,0,18,0,0,0,0,0,0,1,1,6,2,56,9,1364,1,7,-1,3
201463CP24414,1,9,0,18,0,1,1,0,1,10,1,1,6,1,30,6,1998,1,12,-1,1
201463CP24514,1,9,0,18,0,1,0,0,0,0,1,1,1,2,43,7,-1,-1,-1,-1,1
201463CP24614,1,9,0,18,0,0,5,0,2,10,4,1,6,1,50,8,1997,1,13,-1,3
201463CP24714,1,9,0,18,0,0,0,0,0,0,4,1,3,2,42,7,1998,1,6,-1,1
201463CP24714,2,9,0,2,0,0,0,0,0,0,0,1,6,3,-1,-1,-1,-1,-1,-1,-1
201463CP24814,1,9,0,18,0,1,0,0,0,0,1,1,6,1,23,5,1242,1,9,-1,3
201463CP24814,2,9,0,18,0,1,0,0,0,0,2,1,6,2,60,9,1598,1,6,-1,3
201463CP24814,3,9,0,3,0,1,0,0,0,0,0,1,6,3,-1,-1,-1,-1,-1,-1,-1
201463CP24914,1,2,0,18,0,1,0,0,0,0,1,1,6,1,16,4,49,1,1,-1,1
201463CP24914,2,9,0,2,0,1,0,0,0,0,0,1,6,3,-1,-1,-1,-1,-1,-1,-1
201463CP24914,3,9,0,2,0,1,0,0,0,0,0,1,6,3,-1,-1,-1,-1,-1,-1,-1
201463CP25014,1,9,0,18,0,1,0,0,0,0,1,1,1,2,50,8,1248,1,5,-1,1
201463CP25014,2,19,0,2,0,1,0,0,0,0,0,1,6,3,-1,-1,-1,-1,-1,-1,-1
201463CP25014,3,9,0,2,0,1,0,0,0,0,0,1,6,3,-1,-1,-1,-1,-1,-1,-1
201463CP25114,1,9,0,18,0,0,0,12,0,0,1,1,2,1,27,6,1560,2,9,-1,2
201463CP25214,1,9,0,18,0,1,0,0,0,0,1,1,6,1,40,7,1794,1,11,-1,1
201463CP25214,2,9,0,18,0,1,0,0,0,0,2,1,6,2,17,4,1598,1,3,-1,1
201463CP25214,3,9,0,18,0,1,0,0,0,0,2,1,6,1,67,10,1590,1,15,-1,3
201463CP25214,4,19,0,10,0,1,0,0,0,0,2,1,1,1,61,9,1360,1,4,10,1
201463CP25314,1,9,0,17,0,0,5,0,1,0,1,1,6,2,17,4,1149,1,13,-1,3
201463CP25414,1,19,0,16,0,0,2,0,7,10,1,1,6,1,17,4,1753,2,8,-1,3
201463CP25514,1,11,0,18,0,1,0,0,0,0,1,1,1,1,44,7,4250,2,4,-1,2
201463CP25514,2,9,0,18,0,1,0,0,0,0,2,1,6,1,62,9,1991,2,11,-1,1
201463CP25614,1,19,0,3,0,0,0,0,0,0,1,1,1,1,44,7,-1,-1,-1,-1,3
201463CP25614,2,9,0,3,0,0,0,4,0,0,2,1,6,2,57,9,999,1,6,-1,2
201463CP25614,3,9,0,3,0,0,0,0,0,0,2,1,6,2,48,8,999,1,-1,-1,2
201463CP25614,4,9,0,3,0,0,0,0,0,0,0,1,6,3,-1,-1,-1,-1,-1,-1,-1
201463CP25714,1,9,0,18,0,1,0,0,0,0,1,1,2,1,79,11,1995,2,2,-1,1
201463CP25714,2,9,0,18,0,1,0,0,0,0,2,1,6,1,50,8,2497,2,7,-1,2
201463CP25714,3,9,0,18,0,1,0,0,0,0,2,1,6,2,19,4,1598,1,7,-1,2
201463CP25814,1,9,0,9,0,8,1,0,3,3,1,1,6,2,29,6,1242,1,2,-1,2
201463CP25914,1,9,0,3,0,0,0,0,0,0,2,1,1,2,26,6,1341,1,10,-1,2
201463CP25914,2,9,0,18,0,0,0,0,0,0,1,1,1,1,18,4,1149,1,9,-1,2
201463CP25914,3,9,0,3,0,0,0,0,0,0,0,1,6,3,-1,-1,-1,-1,-1,-1,-1
201463CP26014,1,9,0,16,0,0,1,0,1,1,4,1,6,1,43,7,1598,1,12,-1,2
201463CP26114,1,9,0,17,0,0,2,0,0,0,1,1,1,2,18,4,998,1,6,-1,1
201463CP26214,1,2,0,18,0,1,1,0,0,0,0,1,6,1,24,5,49,1,6,-1,3
201463CP26214,2,21,0,7,0,1,0,0,0,0,0,1,1,1,57,9,12777,2,7,-1,3
201463CP26314,1,9,0,18,0,0,1,0,0,0,1,1,2,2,24,5,1242,1,7,-1,3
201463CP26314,2,17,0,18,0,0,0,0,0,0,1,1,1,1,29,6,6788,2,8,-1,3
201463CP26414,1,19,0,9,0,8,0,0,0,0,4,1,6,3,-1,-1,-1,-1,-1,-1,-1
201463CP26514,1,19,0,18,0,0,0,0,0,0,4,1,1,1,26,6,2460,2,6,-1,2
201463CP26614,1,9,0,18,0,0,0,0,0,0,1,1,6,2,26,6,1360,1,11,-1,2
201463CP26614,2,9,0,3,0,0,0,0,0,0,2,1,6,2,48,8,1597,1,11,-1,3
201463CP26714,1,9,0,5,0,7,0,0,7,10,1,1,6,1,84,11,1596,1,10,-1,3
201463CP26714,2,8,0,2,0,1,0,0,0,0,1,1,1,1,81,11,1896,2,14,-1,3
201463CP26714,3,8,0,2,0,1,0,0,0,0,1,1,1,1,39,7,1998,2,11,-1,1
201463CP26714,4,8,0,2,0,1,0,0,0,0,1,1,1,1,46,8,2198,2,8,-1,1
201463CP26714,5,8,0,2,0,1,0,0,0,0,2,1,1,2,61,9,1753,2,13,-1,1
201463CP26814,1,9,0,18,0,0,0,0,0,0,1,1,6,1,24,5,1599,1,10,-1,2
201463CP26914,1,9,0,18,0,0,0,0,0,0,0,1,6,1,21,5,1198,1,2,-1,3
201463CP26914,2,9,0,18,0,0,0,0,0,0,2,1,6,1,19,4,1124,1,16,-1,1
201463CP26914,3,9,0,18,0,0,0,0,0,0,1,1,6,1,28,6,1798,1,12,-1,3
201463CP27014,1,9,0,16,0,0,0,0,0,0,1,1,6,1,24,5,1896,2,7,-1,3
201463CP27114,1,4,0,17,0,0,1,0,0,0,0,1,2,1,25,5,124,1,40,-1,3
201463CP27214,1,19,0,4,0,1,1,0,0,0,1,1,1,1,31,6,2402,2,3,-1,3
201463CP27214,2,9,0,18,0,8,0,0,0,0,4,1,6,1,42,7,1582,2,4,-1,3
201463CP27414,1,9,0,18,0,0,1,0,1,0,1,1,1,2,45,7,1364,1,4,-1,2
201463CP27514,1,9,0,4,0,0,0,0,1,0,1,1,6,1,25,5,1796,1,11,-1,3
201463CP27514,2,9,0,4,0,0,0,0,0,0,1,1,6,1,45,7,1598,1,14,-1,3
201463CP27614,1,19,0,17,0,0,0,0,0,0,1,1,1,1,60,9,2287,2,1,-1,3
201463CP27614,2,9,0,16,0,0,0,0,0,0,1,1,2,2,17,4,1149,1,11,-1,3
201463CP27714,1,9,0,18,0,0,0,0,0,0,3,1,1,1,26,6,1598,1,8,-1,2
201463CP27714,2,9,0,2,0,0,0,0,0,0,0,1,6,3,-1,-1,-1,-1,-1,-1,-1
201463CP27814,1,9,0,2,6,0,0,0,0,0,0,1,1,2,41,7,1560,2,5,-1,-1
201463CP27814,2,19,0,18,0,0,0,0,0,0,0,1,6,3,-1,-1,-1,-1,-1,-1,-1
201463CP27914,1,9,0,18,0,0,0,0,0,0,1,1,6,1,25,5,1198,1,10,-1,3
201463CP27914,2,9,0,2,0,0,0,0,0,0,2,1,6,2,24,5,2378,1,10,-1,3
201463DP00114,1,9,0,18,0,0,2,0,1,4,1,1,2,2,21,5,1248,2,6,5,3
201463DP00214,1,9,0,16,0,8,5,0,1,3,1,1,6,2,50,8,1390,1,9,-1,3
201463DP00314,1,9,0,13,0,0,0,0,7,0,1,1,2,1,46,8,2835,2,18,-1,1
201463DP00314,2,9,0,18,0,0,0,0,7,0,1,1,1,1,52,8,1896,2,8,-1,1
201463DP00314,3,9,0,18,0,0,0,0,0,0,0,1,6,2,48,8,1799,1,6,7,1
201463DP00414,1,9,0,16,0,0,1,0,0,0,1,1,6,1,21,5,1360,1,16,-1,3
201463DP00414,2,9,0,17,0,0,0,0,0,0,1,1,6,2,57,9,1560,2,3,-1,3
201463DP00514,1,21,1,9,0,6,0,0,1,10,3,1,1,1,22,5,15607,2,10,5,3
201463DP00514,2,9,0,18,0,1,0,0,1,0,1,1,1,1,39,7,1896,2,5,-1,2
201463DP00614,1,9,0,16,0,0,2,0,7,4,3,1,6,1,21,5,1998,1,24,-1,3
201463DP00714,1,9,0,18,0,0,0,0,0,0,1,1,4,2,40,7,2490,2,18,-1,2
201463DP00714,2,9,0,6,0,0,0,0,0,0,2,1,4,2,31,6,1896,2,9,-1,3
201463DP00814,1,9,0,18,0,1,0,0,0,0,1,1,6,3,-1,-1,-1,-1,-1,-1,-1
201463DP00814,2,3,0,7,0,5,0,7,0,1,4,1,6,1,23,5,124,1,5,-1,1
201463DP00914,1,19,0,16,0,0,2,0,0,0,1,1,1,1,20,4,1300,2,8,-1,2
201463DP00914,2,19,0,17,0,0,0,0,0,0,1,1,6,2,51,8,1998,2,13,6,3
201463DP01014,1,9,0,9,0,2,0,0,7,0,3,1,6,1,67,10,2400,2,7,3,1
201463DP01014,2,20,0,16,0,8,0,0,0,0,1,1,1,1,41,7,5880,2,7,5,3
201463DP01114,1,9,0,9,0,6,0,0,0,0,1,1,6,1,43,7,1796,1,10,-1,1
201463DP01114,2,9,0,18,0,6,0,0,0,0,3,1,6,1,23,5,1242,1,15,-1,-1
201463DP01214,1,9,0,16,0,0,0,0,7,10,1,1,6,1,26,6,1364,1,8,-1,2
201463DP01314,1,9,0,16,0,0,1,0,7,4,1,1,6,2,71,10,1299,1,13,-1,3
201463DP01414,1,9,0,12,0,0,2,0,2,10,3,1,6,1,22,5,1390,1,12,-1,3
201463DP01414,2,9,0,13,0,0,0,0,7,9,4,1,6,1,21,5,1396,1,10,-1,3
201463DP01414,3,9,0,18,0,0,0,0,0,0,0,1,6,3,-1,-1,-1,-1,-1,-1,-1
201463DP01414,4,9,0,18,0,0,0,0,0,0,0,1,6,3,-1,-1,-1,-1,-1,-1,-1
201463DP01514,1,9,0,17,0,0,2,0,7,0,1,1,1,2,20,4,1388,1,6,-1,3
201463DP01614,1,9,0,17,0,1,1,0,7,1,1,1,6,1,57,9,1984,1,20,7,3
201463DP01714,1,9,0,18,0,1,0,0,0,0,1,1,6,2,49,8,1149,1,13,-1,3
201463DP01714,2,9,0,3,0,1,0,0,0,0,2,1,6,2,43,7,1994,2,12,-1,2
201463DP01714,3,9,0,3,0,1,0,0,0,0,2,1,1,2,47,8,-1,-1,-1,-1,3
201463DP01914,1,9,0,18,0,1,0,0,0,0,1,1,6,1,21,5,1124,1,13,-1,3
201463DP01914,2,9,0,18,0,1,0,0,0,0,3,1,6,2,42,7,1360,1,14,-1,2
201463DP02014,1,9,0,17,0,0,2,0,1,9,4,1,6,2,19,4,1360,1,11,-1,2
201463DP02114,1,9,0,17,0,0,2,0,0,0,4,1,6,1,78,11,2664,2,14,-1,3
201463DP02114,2,9,0,18,0,0,0,0,0,0,1,1,6,1,34,6,1868,2,9,-1,1
201463DP02214,1,9,0,16,0,0,0,0,1,9,4,1,1,1,58,9,-1,-1,-1,6,1
201463DP02214,2,20,0,17,0,0,0,0,0,0,3,1,1,1,58,9,3920,2,7,-1,3
201463DP02314,1,8,0,18,0,0,0,0,0,0,1,1,2,1,58,9,1997,2,4,-1,3
201463DP02514,1,9,0,18,0,0,0,0,7,10,1,1,6,1,18,4,1368,1,4,-1,3
201463DP02614,1,9,0,17,0,0,1,0,7,0,4,1,1,2,19,4,1999,1,8,-1,3
201463DP02614,2,9,0,16,0,0,0,0,1,0,1,1,1,2,50,8,1994,2,5,-1,1
201463DP02714,1,9,0,18,0,0,0,0,1,10,4,1,6,1,89,11,1598,1,3,-1,3
201463DP02814,1,9,0,18,6,0,2,0,1,0,1,1,6,2,46,8,1299,1,14,-1,2
201463DP03014,1,9,0,16,0,0,2,0,1,0,1,1,6,2,43,7,3378,6,15,-1,3
201463DP03114,1,9,0,17,0,0,1,6,7,4,4,1,6,1,18,4,1124,1,10,-1,3
201463DP03214,1,9,0,18,0,0,0,0,0,0,1,1,6,1,76,11,2099,1,11,3,1
201463DP03214,2,9,0,18,0,0,0,0,0,0,2,1,6,1,66,10,2477,2,18,-1,-1
201463DP03314,1,9,0,18,0,0,1,0,0,0,1,1,2,1,27,6,1905,2,17,-1,3
201463DP03314,2,9,0,3,0,0,0,0,0,0,2,1,2,2,60,9,-1,-1,-1,5,3
201463DP03314,3,9,0,18,0,0,1,0,1,0,0,1,2,1,69,10,-1,-1,-1,9,1
201463DP03414,1,17,0,18,0,0,0,0,0,0,0,1,1,1,45,7,-1,2,2,-1,3
201463DP03414,2,21,0,18,0,0,0,0,0,0,0,1,6,3,-1,-1,-1,-1,-1,-1,-1
201463DP03514,1,9,0,9,0,1,0,0,0,0,3,1,6,1,20,4,1242,1,6,-1,2
201463DP03514,2,9,0,18,0,1,0,0,1,0,3,1,2,1,37,7,-1,-1,-1,-1,3
201463DP03614,1,9,0,13,0,0,1,0,7,4,4,1,6,1,23,5,1998,1,9,-1,3
201463DP03614,2,9,0,18,0,0,0,0,0,0,0,1,2,1,18,4,1587,1,11,-1,3
201463DP03614,3,9,0,18,0,0,0,0,0,0,0,1,6,3,-1,-1,-1,-1,-1,-1,-1
201463DP03614,4,9,0,18,0,0,0,0,0,0,0,1,6,3,-1,-1,-1,-1,-1,-1,-1
201463DP03714,1,17,0,1,0,8,0,2,0,0,4,1,1,1,44,7,-1,-1,-1,-1,1
201463DP03714,2,17,0,1,0,8,0,2,0,0,3,1,1,1,44,7,-1,-1,-1,-1,-1
201463DP03814,1,9,0,18,0,0,5,0,7,4,1,1,6,2,57,9,2987,2,3,-1,2
201463DP03914,1,9,0,13,0,0,2,0,1,10,3,1,6,1,19,4,1596,1,12,-1,2
201463DP03914,2,9,0,17,0,0,0,0,0,0,3,1,6,2,65,9,1994,2,13,-1,3
201463DP03914,3,9,0,16,0,0,0,0,0,0,0,1,6,1,21,5,1299,1,13,-1,3
201463DP04014,1,9,0,3,0,0,0,0,0,0,2,1,1,1,46,8,2995,1,2,10,1
201463DP04014,2,9,0,18,0,0,1,0,0,0,1,1,6,1,83,11,1396,1,11,-1,3
201463DP04114,1,9,0,17,0,0,0,0,1,4,3,1,6,2,52,8,2544,1,15,-1,3
201463DP04214,1,9,0,16,0,0,5,7,7,7,1,1,2,1,53,8,-1,-1,-1,-1,3
201463DP04314,1,9,0,13,0,0,0,0,0,0,3,1,2,1,38,7,1598,1,11,-1,1
201463DP04314,2,9,0,13,0,0,5,0,7,0,4,1,2,1,48,8,2457,1,7,-1,1
201463DP04414,1,5,0,17,0,0,0,0,1,0,4,1,6,1,28,6,599,1,10,-1,3
201463DP04514,1,9,0,16,0,0,1,0,1,1,2,1,6,2,58,9,1596,1,10,5,3
201463DP04614,1,9,0,18,0,2,0,4,0,0,1,1,1,2,29,6,998,1,1,-1,2
201463DP04614,2,9,0,10,0,2,0,4,0,0,1,1,1,1,59,9,1598,1,14,-1,2
201463DP04614,3,9,0,10,0,2,0,0,0,0,1,1,1,1,52,8,1596,1,12,-1,2
201463DP04614,4,9,0,10,0,1,0,4,0,0,1,1,1,2,41,7,1240,1,9,-1,2
201463DP04714,1,9,0,17,0,1,5,0,1,9,1,1,6,2,53,8,1199,1,12,-1,2
201463DP04814,1,9,0,4,0,0,0,0,0,0,1,1,6,1,35,6,1242,1,14,-1,3
201463DP04814,2,9,0,4,0,0,0,0,0,0,2,1,2,2,20,4,1398,1,1,-1,1
201463DP04814,3,9,0,4,0,0,0,0,0,0,2,1,6,1,55,8,1390,1,3,-1,3
201463DP04814,4,9,0,4,0,0,0,0,0,0,1,1,6,1,18,4,1242,1,7,-1,3
201463DP04914,1,9,0,18,0,1,0,0,0,0,1,1,1,1,55,8,-1,-1,-1,-1,3
201463DP04914,2,9,0,4,0,1,0,0,0,0,2,1,6,2,59,9,1299,1,6,4,1
201463DP04914,3,9,0,4,0,1,0,0,0,0,2,1,6,2,40,7,1598,2,3,6,1
201463DP05014,1,5,0,18,0,3,1,0,0,0,3,1,6,1,60,9,1198,1,1,-1,3
201463DP05114,1,5,0,4,0,1,0,0,0,0,1,1,6,1,71,10,839,1,2,-1,3
201463DP05114,2,10,0,3,0,1,0,0,0,0,2,1,6,1,69,10,-1,-1,-1,-1,3
201463DP05114,3,9,0,9,0,5,0,0,0,0,0,1,6,3,-1,-1,-1,-1,-1,-1,-1
201463DP05214,1,9,0,18,0,1,0,0,0,0,1,1,6,2,67,10,1896,2,11,-1,3
201463DP05214,2,9,0,10,0,1,0,0,0,0,2,1,6,2,33,6,1781,1,12,-1,3
201463DP05314,1,5,0,16,0,0,1,0,7,9,1,1,6,1,45,7,996,1,11,10,3
201463DP05414,1,3,0,16,0,0,0,0,0,0,1,1,2,1,23,5,125,1,7,-1,1
201463DP05414,2,9,0,14,0,0,0,0,0,0,1,1,6,1,68,10,1248,2,3,-1,1
201463DP05414,3,9,0,2,0,0,0,0,0,0,0,1,6,3,-1,-1,-1,-1,-1,-1,-1
201463DP05514,1,9,0,9,0,6,0,0,0,0,1,1,2,1,27,6,1999,1,9,-1,2
201463DP05514,2,9,0,18,0,1,5,0,1,9,1,1,1,2,55,8,1896,2,7,-1,3
201463DP05614,1,9,0,5,0,6,0,0,0,0,4,1,6,2,37,7,2204,2,5,-1,2
201463DP05614,2,9,0,18,0,1,1,0,0,0,1,1,6,1,62,9,2495,2,19,1,1
201463DP05714,1,9,0,16,0,0,2,0,0,0,4,1,6,1,21,5,1199,1,12,-1,-1
201463DP05814,1,9,0,17,0,0,5,10,1,10,4,1,6,1,17,4,1242,1,10,-1,3
201463DP05914,1,9,0,13,0,0,0,0,1,10,3,1,2,1,28,6,1905,1,26,-1,3
201463DP05914,2,9,0,18,0,0,0,0,0,0,0,1,6,3,-1,-1,-1,-1,-1,-1,-1
201463DP06014,1,9,0,18,0,5,5,10,1,1,1,1,6,1,91,11,1598,1,13,-1,3
201463DP06114,1,9,0,3,0,1,0,0,0,0,4,1,6,1,61,9,1686,2,3,-1,2
201463DP06114,2,9,0,4,0,1,0,0,0,0,3,1,6,1,20,4,1968,2,9,7,3
201463DP06114,3,9,0,18,0,1,0,0,0,0,0,1,6,3,-1,-1,-1,-1,-1,-1,-1
201463DP06214,1,9,0,18,0,1,1,0,1,2,1,1,1,1,28,6,1598,1,13,-1,2
201463DP06214,2,9,0,18,0,1,0,0,0,0,0,1,6,3,-1,-1,-1,-1,-1,-1,-1
201463DP06314,1,5,0,18,0,0,1,0,0,0,0,1,6,1,30,6,998,1,10,10,2
201463DP06314,2,9,0,18,0,0,0,0,0,0,0,1,6,3,-1,-1,-1,-1,-1,-1,-1