Accident_Index,Vehicle_Reference,Vehicle_Type,Towing_and_Articulation,Vehicle_Manoeuvre,Vehicle_Location-Restricted_Lane,Junction_Location,Skidding_and_Overturning,Hit_Object_in_Carriageway,Vehicle_Leaving_Carriageway,Hit_Object_off_Carriageway,1st_Point_of_Impact,Was_Vehicle_Left_Hand_Drive?,Journey_Purpose_of_Driver,Sex_of_Driver,Age_of_Driver,Age_Band_of_Driver,Engine_Capacity_(CC),Propulsion_Code,Age_of_Vehicle,Driver_IMD_Decile,Driver_Home_Area_Type
201463DP06414,1,21,1,18,0,0,5,0,1,10,4,1,1,1,58,9,12740,2,1,1,1
201463DP06514,1,9,0,9,0,5,0,0,0,0,2,1,2,1,17,4,1285,1,-1,-1,3
201463DP06514,2,19,0,18,0,1,0,0,0,0,1,1,1,1,56,9,2198,2,3,7,1
201463DP06614,1,9,0,18,0,0,1,0,1,3,1,1,6,2,22,5,2495,2,20,-1,2
201463DP06614,2,9,0,18,0,0,0,0,0,0,0,1,6,3,-1,-1,-1,-1,-1,-1,-1
201463DP06714,1,19,0,13,0,0,0,0,0,0,3,1,1,1,42,7,2148,2,7,9,2
201463DP06714,2,9,0,13,0,0,1,0,0,0,4,1,6,1,42,7,1796,1,10,-1,3
201463DP06714,3,20,0,18,0,0,0,0,0,0,3,1,1,1,50,8,-1,2,14,-1,-1
201463DP06814,1,9,0,18,0,0,0,0,7,4,3,1,1,1,39,7,-1,-1,-1,-1,3
201463DP06914,1,5,0,17,0,0,0,0,1,10,4,1,6,1,42,7,599,1,23,-1,2
201463DP07014,1,9,0,18,0,1,0,0,0,0,1,1,6,2,21,5,1199,2,1,-1,3
201463DP07014,2,10,0,18,0,1,0,0,0,0,2,1,6,2,45,7,2459,2,16,-1,3
201463DP07114,1,9,0,10,0,1,1,0,0,0,3,1,6,2,19,4,999,1,6,-1,2
201463DP07114,2,9,0,17,0,1,1,0,0,0,1,1,6,1,42,7,1753,2,7,8,1
201463DP07214,1,9,0,18,0,0,0,0,0,0,1,1,1,1,44,7,1870,2,12,-1,1
201463DP07314,1,9,0,9,0,5,0,0,0,0,2,1,6,1,66,10,1995,2,3,-1,1
201463DP07314,2,5,0,18,0,1,0,0,0,0,1,1,6,1,41,7,998,1,20,3,1
201463DP07414,1,9,0,18,0,1,0,0,0,0,1,1,6,1,56,9,2982,2,-1,-1,3
201463DP07414,2,19,0,6,8,1,0,0,0,0,1,1,6,1,58,9,-1,-1,-1,-1,1
201463DP07514,1,9,0,18,0,1,0,0,7,10,4,1,2,1,19,4,1248,2,6,-1,2
201463DP07514,2,19,0,9,0,5,0,0,0,0,3,1,1,1,50,8,2402,2,6,-1,2
201463DP07614,1,9,0,9,7,1,0,0,0,0,2,1,6,1,73,10,1198,1,8,-1,3
201463DP07614,2,5,0,15,0,1,1,0,0,0,1,1,6,1,50,8,989,1,26,-1,1
201463DP07614,3,9,0,2,6,1,0,0,0,0,2,1,6,3,-1,-1,1951,2,13,-1,-1
201463DP07614,4,9,0,18,0,1,0,0,0,0,0,1,6,3,-1,-1,-1,-1,-1,-1,-1
201463DP07714,1,9,0,18,0,0,2,0,2,10,1,1,6,2,18,4,1149,1,7,-1,-1
201463DP07814,1,19,0,18,0,1,0,0,0,0,1,1,1,1,50,8,1995,2,4,-1,-1
201463DP07814,2,20,0,18,0,1,0,0,0,0,1,1,1,1,57,9,4462,2,1,9,1
201463DP07814,3,9,0,10,0,1,0,0,0,0,2,1,6,2,56,9,1560,2,10,-1,3
201463DP07914,1,9,0,18,0,0,0,0,1,10,1,1,6,1,19,4,1149,1,4,-1,1
201463DP08114,1,20,0,18,0,0,0,0,1,10,4,1,1,1,26,6,2461,2,11,6,1
201463DP08214,1,3,0,16,0,0,0,0,0,0,1,1,6,1,17,4,124,1,-1,-1,1
201463DP08214,2,9,0,17,0,0,0,0,0,0,1,1,6,1,19,4,-1,-1,-1,-1,3
201463DP08314,1,9,0,4,0,0,0,0,0,0,1,1,6,1,61,9,1596,1,13,5,1
201463DP08314,2,9,0,4,0,0,0,0,0,0,1,1,6,1,47,8,2171,1,12,3,1
201463DP08314,3,9,0,4,0,0,0,0,0,0,2,1,6,2,22,5,1598,1,10,8,1
201463DP08414,1,4,0,17,0,0,1,0,1,7,1,1,1,2,47,8,125,1,1,-1,2
201463DP08514,1,9,0,14,0,0,0,0,0,0,1,1,6,1,33,6,2979,1,12,5,3
201463DP08514,2,9,0,18,0,0,0,0,0,0,1,1,6,2,68,10,3980,1,18,6,3
201463DP08514,3,9,0,2,0,0,0,0,0,0,0,1,6,3,-1,-1,-1,-1,-1,-1,-1
201463DP08614,1,19,0,18,0,0,1,0,0,0,1,1,6,1,57,9,1868,2,10,-1,3
201463DP08614,2,9,0,4,0,0,0,0,0,0,2,1,6,2,66,10,1198,1,5,-1,1
201463DP08614,3,9,0,4,0,0,0,0,0,0,2,1,6,1,44,7,2198,1,8,-1,-1
201463DP08614,4,9,0,3,0,0,0,0,0,0,0,1,6,3,-1,-1,-1,-1,-1,-1,-1
201463DP08714,1,19,0,17,0,0,1,0,7,10,1,1,1,1,26,6,2143,2,4,-1,1
201463DP08714,2,9,0,2,6,0,0,0,0,0,2,1,6,3,-1,-1,1997,2,10,-1,-1
201463DP08814,1,9,0,9,0,6,0,0,7,0,4,1,6,1,50,8,1597,2,-1,6,1
201463DP08814,2,9,0,18,0,1,0,0,0,0,1,1,6,1,35,6,1995,2,6,1,1
201463DP08914,1,9,0,16,0,1,0,0,0,0,1,1,1,1,49,8,-1,-1,-1,10,1
201463DP08914,2,9,0,2,0,1,0,0,0,0,0,1,6,3,-1,-1,-1,-1,-1,-1,-1
201463DP08914,3,9,0,2,0,1,0,0,0,0,0,1,6,3,-1,-1,-1,-1,-1,-1,-1
201463DP09014,1,9,0,17,0,0,0,0,0,0,1,1,6,1,68,10,2521,1,4,9,1
201463DP09014,2,5,0,16,0,0,1,0,0,0,1,1,6,1,34,6,749,1,7,-1,3
201463DP09114,1,9,0,18,0,8,0,0,7,0,4,1,6,1,41,7,-1,-1,-1,3,1
201463DP09114,2,9,0,9,0,8,0,0,0,0,4,1,6,1,49,8,1997,2,15,-1,2
201463DP09214,1,5,0,18,0,0,0,0,0,0,0,1,6,2,55,8,798,1,4,-1,3
201463DP09214,2,9,0,4,0,0,0,0,0,0,0,1,6,3,-1,-1,-1,-1,-1,-1,-1
201463DP09314,1,9,0,18,0,0,0,0,0,0,4,1,6,3,-1,-1,-1,-1,-1,-1,-1
201463DP09414,1,9,0,9,0,5,0,0,7,10,1,1,6,1,30,6,1390,1,10,1,1
201463DP09414,2,9,0,18,0,1,0,0,0,0,1,1,6,2,31,6,1781,1,11,-1,3
201463DP09614,1,9,0,9,0,4,0,0,0,0,4,1,6,1,23,5,1686,2,7,-1,3
201463DP09614,2,9,0,18,0,4,1,0,0,0,1,1,6,1,19,4,1600,1,15,-1,1
201463DP09714,1,5,0,16,0,0,0,0,2,10,4,1,6,1,52,8,598,1,15,-1,2
201463DP09814,1,9,0,18,0,0,1,0,0,0,1,1,6,1,27,6,1229,1,8,-1,2
201463DP09814,2,9,0,2,0,0,0,0,0,0,1,1,6,2,60,9,2199,2,4,-1,3
201463DP09914,1,5,0,16,0,0,1,0,7,4,1,1,6,1,43,7,999,1,4,-1,1
201463DP09914,2,9,0,18,0,0,0,0,0,0,0,1,6,3,-1,-1,-1,-1,-1,-1,-1
201463DP09914,3,5,0,18,0,0,0,0,0,0,0,1,6,3,-1,-1,-1,-1,-1,-1,-1
201463DP10014,1,19,0,16,0,0,0,0,0,0,1,1,1,1,42,7,-1,-1,-1,-1,3
201463DP10014,2,9,0,17,0,0,0,0,0,0,3,1,6,1,63,9,1198,1,9,-1,3
201463DP10114,1,9,0,9,0,6,0,0,0,0,1,1,6,1,70,10,1296,1,7,-1,3
201463DP10114,2,9,0,15,0,1,0,0,0,0,4,1,6,1,60,9,1997,2,-1,-1,3
201463DP10214,1,9,0,5,0,1,0,0,0,0,1,1,6,1,26,6,1596,1,9,-1,3
201463DP10214,2,4,0,18,0,1,1,0,7,0,1,1,6,1,28,6,645,1,12,-1,3
201463DP10314,1,9,0,13,0,1,0,0,7,10,4,1,1,1,56,9,1798,1,7,10,1
201463DP10314,2,17,0,10,0,1,0,0,0,0,3,1,1,1,75,10,4400,2,2,-1,3
201463DP10414,1,9,0,16,0,0,1,0,2,10,1,1,1,1,18,4,1596,1,11,-1,1
201463DP10414,2,9,0,17,0,0,0,0,1,0,3,1,6,1,66,10,2495,2,12,-1,2
201463DP10514,1,5,0,18,0,1,1,0,0,0,1,1,6,1,31,6,999,1,5,-1,1
201463DP10514,2,9,0,18,0,1,0,0,0,0,1,1,6,1,17,4,1560,2,2,-1,3
201463DP10514,3,9,0,18,0,1,0,0,0,0,2,1,6,1,66,10,1461,2,1,-1,2
201463DP10714,1,9,0,16,0,0,2,0,2,10,1,1,6,2,19,4,1461,2,11,-1,3
201463DP10814,1,19,4,13,0,0,0,0,0,0,0,1,1,1,51,8,2298,2,3,1,1
201463DP10814,2,1,0,18,0,0,0,0,1,0,0,1,1,2,50,8,-1,-1,-1,-1,3
201463DP10914,1,9,0,18,0,1,0,0,0,0,1,1,6,3,-1,-1,-1,-1,-1,-1,-1
201463DP10914,2,1,0,9,0,1,0,0,0,0,3,1,6,1,24,5,-1,-1,-1,-1,1
201463DP11014,1,9,0,18,0,0,0,0,0,0,3,1,6,3,-1,-1,-1,-1,-1,-1,-1
201463DP11114,1,9,0,18,0,1,5,0,0,0,1,1,6,1,34,6,1390,1,5,-1,1
201463DP11114,2,9,0,10,0,1,0,0,1,0,2,1,6,2,46,8,-1,-1,-1,-1,3
201463DP11114,3,9,0,18,0,1,0,10,2,10,1,1,6,1,82,11,1896,2,6,-1,3
201463DP11114,4,9,0,18,0,1,1,10,1,0,0,1,6,1,26,6,1391,1,-1,-1,3
201463DP11214,1,3,0,18,0,0,0,0,2,10,4,1,1,2,30,6,124,1,3,-1,1
201463DP11314,1,9,0,16,0,0,1,0,0,0,1,1,2,1,28,6,1753,2,8,9,1
201463DP11314,2,9,0,18,0,0,0,6,0,0,1,1,6,2,51,8,2148,2,9,-1,3
201463DP11414,1,9,0,9,0,1,1,0,1,10,1,1,6,2,21,5,1124,1,10,-1,3
201463DP11414,2,9,0,2,6,1,0,0,0,0,2,1,6,3,-1,-1,1995,2,2,-1,-1
201463DP11414,3,9,0,2,6,1,0,0,0,0,2,1,6,3,-1,-1,1298,1,17,-1,-1
201463DP11514,1,5,0,4,0,1,1,0,0,0,1,1,6,1,54,8,798,1,5,-1,1
201463DP11514,2,9,0,3,0,1,0,0,0,0,2,1,6,1,40,7,1997,2,12,-1,1
201463DP11614,1,9,0,18,0,1,0,0,0,0,1,1,3,2,46,8,1499,2,1,-1,3
201463DP11614,2,9,0,18,0,1,0,0,0,0,2,1,1,2,29,6,1560,2,6,-1,1
201463DP11614,3,9,0,18,0,1,0,0,0,0,0,1,6,3,-1,-1,-1,-1,-1,-1,-1
201463DP11714,1,9,0,2,0,0,0,0,0,0,0,1,6,1,19,4,1596,1,6,-1,1
201463DP11714,2,9,0,2,0,0,0,0,0,0,1,1,1,1,50,8,1461,2,4,-1,1
201463DP11714,3,9,0,4,0,0,0,0,0,0,2,1,6,1,33,6,1753,2,12,-1,1
201463DP11814,1,5,0,16,0,0,0,0,7,0,1,1,6,1,51,8,996,1,13,5,1
201463DP11914,1,9,0,17,0,0,1,0,7,10,3,1,6,1,25,5,1149,1,11,-1,2
201463DP12014,1,9,0,16,0,0,1,0,0,0,1,1,6,2,19,4,1149,1,10,-1,3
201463DP12014,2,9,0,17,0,0,0,0,0,0,1,1,6,2,42,7,1242,1,4,-1,3
201463DP12114,1,1,0,18,0,0,0,0,0,0,1,1,6,2,7,2,-1,-1,-1,-1,1
201463DP12114,2,9,0,4,0,0,0,0,0,0,3,1,6,2,55,8,1900,2,8,-1,1
201463DP12214,1,9,0,9,0,6,0,0,0,0,1,1,6,1,62,9,1995,2,10,-1,1
201463DP12214,2,9,0,18,0,8,0,0,0,0,4,1,6,1,47,8,1596,1,9,2,1
201463DP12314,1,9,0,16,0,0,2,0,1,10,3,1,6,1,18,4,1390,1,14,-1,-1
201463DP12414,1,9,0,18,0,1,1,0,1,10,4,1,6,2,17,4,1149,1,11,-1,3
201463DP12514,1,90,0,16,0,0,1,0,0,0,1,1,1,1,26,6,2987,2,2,-1,2
201463DP12514,2,19,0,17,0,0,0,0,0,0,1,1,6,1,51,8,2402,2,9,-1,2
201463DP12614,1,21,1,1,0,8,0,0,0,0,4,1,1,1,34,6,12777,2,3,10,1
201463DP12614,2,9,0,17,0,1,0,0,0,0,3,1,6,1,78,11,1997,2,16,-1,3
201463DP12714,1,9,0,18,0,0,0,0,1,10,4,1,6,1,32,6,1997,2,12,-1,3
201463DP12814,1,5,0,18,0,0,1,0,0,0,1,1,6,1,48,8,649,1,3,5,2
201463DP12814,2,9,0,18,0,0,0,0,0,0,1,1,6,1,30,6,1298,1,12,-1,3
201463DP12914,1,9,0,7,0,1,0,0,0,0,3,1,6,1,55,8,1598,1,4,6,1
201463DP12914,2,9,0,16,0,1,0,0,0,0,3,1,6,1,78,11,998,1,1,8,1
201463DP13014,1,17,0,4,7,2,0,0,0,0,0,1,1,1,46,8,-1,2,18,-1,3
201463DP13014,2,20,0,4,0,1,0,0,0,0,0,1,1,1,44,7,-1,-1,-1,-1,3
201463DP13014,3,5,0,4,0,1,1,0,0,0,0,1,6,1,50,8,1157,1,11,3,1
201463DP13114,1,9,0,15,0,0,0,0,0,0,2,1,6,1,28,6,1399,2,12,-1,1
201463DP13114,2,9,0,15,0,0,0,0,0,0,2,1,6,1,45,7,1998,2,10,-1,1
201463DP13114,3,9,0,18,0,0,0,0,0,0,0,1,6,3,-1,-1,-1,-1,-1,-1,-1
201463DP13214,1,9,0,9,0,2,0,0,0,0,1,1,6,1,68,10,1769,1,11,-1,3
201463DP13214,2,9,0,18,0,1,0,0,0,0,4,1,6,2,68,10,1560,2,2,-1,-1
201463DP13314,1,9,0,17,0,0,0,0,1,0,1,1,6,1,58,9,1560,2,4,-1,3
201463DP13314,2,90,0,16,0,0,0,0,0,0,1,1,6,1,44,7,1600,2,24,-1,3
201463DP13414,1,9,0,4,0,0,0,0,0,0,1,1,6,1,22,5,1398,2,8,6,3
201463DP13414,2,9,0,3,0,0,0,0,0,0,2,1,6,1,72,10,1896,2,10,-1,3
201463DP13514,1,5,0,17,0,0,1,0,1,10,1,1,6,1,67,10,2294,1,4,-1,1
201463DP13614,1,8,0,18,0,1,1,0,0,0,1,1,1,1,48,8,1910,2,7,-1,3
201463DP13614,2,9,0,10,0,1,0,0,0,0,2,1,2,1,47,8,1896,2,10,-1,3
201463DP13714,1,9,0,5,0,1,0,0,0,0,1,1,2,2,48,8,1595,1,5,-1,1
201463DP13714,2,9,0,18,0,1,0,0,0,0,1,1,2,1,38,7,1388,1,11,-1,2
201463DP13714,3,9,0,3,0,1,0,0,0,0,1,1,2,1,60,9,1242,1,1,8,1
201463DP13814,1,5,0,18,0,0,1,7,0,0,4,1,6,1,57,9,929,1,13,-1,1
201463DP13914,1,1,0,17,0,0,1,0,0,0,4,1,6,2,30,6,-1,-1,-1,-1,3
201463DP14014,1,9,0,3,0,1,0,0,0,0,2,1,6,1,45,7,1988,2,10,-1,2
201463DP14014,2,9,0,18,0,1,0,0,0,0,1,1,6,1,20,4,1896,2,4,-1,3
201463DP14114,1,5,0,18,0,1,0,0,0,0,1,1,6,1,60,9,1340,1,-1,-1,1
201463DP14114,2,19,0,9,0,8,0,0,7,0,2,1,1,1,53,8,1248,2,6,-1,3
201463DP14214,1,5,0,18,0,0,1,12,0,0,1,1,6,1,50,8,1690,1,1,-1,1
201463DP14314,1,9,0,18,0,1,0,0,0,0,1,1,6,2,32,6,1368,1,6,-1,2
201463DP14314,2,9,0,18,0,1,0,0,0,0,3,1,6,1,74,10,1498,1,15,-1,3
201463DP14414,1,19,0,16,0,2,1,0,0,0,3,1,6,3,-1,-1,-1,-1,-1,-1,-1
201463DP14414,2,21,1,17,0,1,0,0,0,0,3,1,1,1,51,8,-1,-1,-1,-1,2
201463DP14514,1,5,0,17,0,0,1,0,1,10,4,1,6,1,50,8,748,1,22,5,1
201463DP14614,1,9,0,17,0,0,0,0,7,10,3,1,6,1,35,6,1200,1,10,7,1
201463DP14614,2,9,0,16,0,0,0,0,0,0,1,1,6,1,49,8,1910,2,5,-1,3
201463DP14714,1,9,0,16,0,1,1,0,0,0,1,1,6,1,24,5,-1,-1,-1,-1,3
201463DP14714,2,9,0,18,0,1,0,0,0,0,1,1,6,1,67,10,1461,2,8,1,1
201463DP14914,1,19,0,18,0,1,0,0,0,0,1,1,1,1,49,8,-1,-1,-1,-1,1
201463DP14914,2,9,0,3,0,1,0,0,0,0,2,1,1,2,44,7,1896,2,10,-1,1
201463DP14914,3,19,0,3,0,1,0,0,0,0,2,1,1,1,37,7,1995,2,6,-1,1
201463DP14914,4,9,0,3,0,1,0,0,0,0,2,1,1,1,39,7,1399,2,3,-1,1
201463DP14914,5,9,0,9,0,1,0,0,0,0,0,1,6,3,-1,-1,-1,-1,-1,-1,-1
201463DP15014,1,9,0,5,0,1,0,0,0,0,1,1,6,3,-1,-1,-1,-1,-1,-1,-1
201463DP15014,2,9,0,2,0,1,0,0,0,0,2,1,6,2,19,4,1149,1,13,-1,2
201463DP15114,1,9,0,13,0,1,0,0,0,0,4,1,1,1,24,5,-1,-1,-1,-1,2
201463DP15114,2,19,0,9,0,5,0,0,0,0,3,1,6,1,28,6,-1,-1,-1,-1,1
201463DP15214,1,5,0,17,0,0,0,0,0,0,4,1,6,1,34,6,-1,-1,-1,-1,1
201463DP15314,1,9,0,16,0,0,1,0,7,0,3,1,6,2,46,8,1587,1,6,-1,3
201463DP15414,1,9,0,5,0,1,0,0,0,0,1,1,6,1,60,9,1242,1,8,-1,3
201463DP15414,2,5,0,18,0,1,0,0,0,0,4,1,6,1,31,6,-1,-1,-1,-1,1
201463DP15414,3,21,0,10,0,1,0,0,0,0,3,1,6,1,68,10,2402,2,6,-1,1
201463DP15414,4,5,0,18,0,1,0,0,8,10,4,1,6,1,30,6,750,1,3,-1,1
201463DP15514,1,19,0,18,0,0,0,0,1,0,0,1,1,1,50,8,2402,2,3,-1,1
201463DP15514,2,9,0,18,0,0,0,0,0,0,0,1,6,3,-1,-1,-1,-1,-1,-1,-1
201463DP15614,1,9,0,2,0,0,0,0,0,0,3,1,6,1,60,9,1360,2,20,-1,3
201463DP15614,2,1,0,18,0,0,0,4,0,0,1,1,6,1,37,7,-1,-1,-1,-1,3
201463DP15714,1,9,0,18,0,1,0,0,0,0,1,1,2,2,28,6,1598,1,10,-1,3
201463DP15714,2,9,0,10,0,1,0,0,0,0,2,1,6,1,82,11,1868,2,14,-1,3
201463DP15814,1,9,0,4,0,0,0,0,0,0,0,1,6,3,-1,-1,-1,-1,-1,-1,-1
201463DP15814,2,9,0,18,0,0,0,0,0,0,3,1,6,2,56,9,1796,1,10,-1,3
201463DP15814,3,9,0,18,0,0,0,10,0,0,3,1,6,1,44,7,2720,2,7,2,1
201463DP15814,4,9,0,2,0,0,0,4,0,0,4,1,6,3,-1,-1,2000,1,7,-1,-1
201463DP15814,5,9,0,2,0,0,0,0,0,0,4,1,6,3,-1,-1,1362,1,1,-1,-1
201463DP15814,6,9,0,2,0,0,0,0,0,0,4,1,6,3,-1,-1,1598,1,3,-1,-1
201463DP15814,7,9,0,2,0,0,0,0,0,0,4,1,6,3,-1,-1,1242,1,2,-1,-1
201463DP15814,8,9,0,2,0,0,0,0,0,0,4,1,6,3,-1,-1,2993,2,6,-1,-1
201463DP15914,1,5,0,13,0,0,0,0,1,0,1,1,6,1,52,8,1000,1,-1,7,1
201463DP15914,2,9,0,18,0,0,0,0,0,0,1,1,6,2,53,8,1997,2,6,-1,3
201463DP15914,3,9,0,18,0,0,0,0,0,0,1,1,6,2,53,8,1298,1,14,-1,3
201463DP15914,4,9,0,16,0,0,0,0,0,0,0,1,6,1,22,5,1396,1,10,-1,3
201463DP16014,1,9,0,17,0,2,0,0,1,4,1,1,6,1,30,6,1390,1,13,-1,3
201463DP16114,1,4,0,9,0,8,0,0,0,0,1,1,6,1,49,8,398,1,12,-1,3
201463DP16114,2,9,0,17,0,1,0,0,0,0,4,1,6,1,24,5,1587,1,14,-1,3
201463DP16214,1,9,0,17,0,0,5,0,1,0,4,1,2,2,18,4,1753,2,10,-1,3
201463DP16314,1,9,0,9,0,6,0,0,0,0,1,1,6,1,58,9,2198,2,8,-1,2
201463DP16314,2,9,0,18,0,1,0,0,0,0,4,1,2,2,21,5,1199,2,1,-1,3
201463DP16414,1,9,0,18,0,0,5,0,1,9,4,1,6,1,52,8,1753,2,12,5,3
201463DP16514,1,9,0,7,0,8,0,0,0,0,1,1,6,2,19,4,998,1,12,-1,1
201463DP16514,2,9,0,7,0,8,0,0,0,0,2,1,6,2,52,8,1124,1,11,-1,1
201463DP16614,1,9,0,12,0,1,0,0,0,0,1,1,6,1,34,6,2996,2,16,-1,1
201463DP16614,2,21,0,18,0,1,0,0,0,0,1,1,2,1,45,7,5880,2,9,-1,3
201463DP16614,3,9,0,18,0,1,0,0,0,0,1,1,6,2,46,8,2143,2,3,-1,3
201463DP16714,1,9,0,18,0,0,1,0,0,0,1,1,6,1,62,9,1598,1,16,-1,3
201463DP16714,2,9,0,4,0,0,0,0,0,0,2,1,6,2,56,9,2179,2,5,-1,3
201463DP16714,3,9,0,4,7,0,0,0,0,0,0,1,6,1,27,6,-1,-1,-1,-1,1
201463DP16714,4,20,0,2,6,0,0,0,0,0,0,1,1,1,60,9,-1,-1,-1,-1,2
201463DP16814,1,5,0,18,0,0,1,10,0,0,3,1,6,1,69,10,980,1,23,-1,1
201463DP16914,1,9,0,18,0,1,0,0,0,0,1,1,6,2,31,6,1461,2,1,-1,2
201463DP17014,1,9,0,18,0,1,0,0,0,0,4,1,6,3,-1,-1,-1,-1,-1,-1,-1
201463DP17014,2,1,0,9,0,1,0,0,0,0,2,1,6,1,16,4,-1,-1,-1,-1,2
201463DP17114,1,9,0,18,0,1,0,0,0,0,1,1,1,1,61,9,1968,2,1,-1,2
201463DP17114,2,9,0,7,0,1,0,0,1,0,2,1,6,2,65,9,1796,2,1,-1,1
201463DP17214,1,9,0,17,0,0,1,10,2,7,4,1,6,1,23,5,1975,1,13,-1,3
201463DP17214,2,9,0,2,9,0,0,0,0,0,1,1,6,3,-1,-1,1560,2,2,-1,-1
201463DP17314,1,5,0,17,0,0,1,0,1,4,1,1,6,1,51,8,998,1,2,6,1
201463DP17414,1,9,0,18,0,4,0,0,0,0,1,1,6,1,69,10,2143,2,2,-1,3
201463DP17414,2,5,0,18,0,4,0,0,0,0,4,1,6,1,61,9,1215,1,-1,9,3
201463DP17514,1,9,0,18,0,0,0,0,1,4,1,1,6,1,60,9,2720,2,5,7,1
201463DP17614,1,9,0,18,0,0,0,0,0,0,4,1,6,2,40,7,1388,1,2,-1,2
201463DP17614,2,1,0,18,0,0,0,0,0,0,3,1,6,1,57,9,-1,-1,-1,-1,-1
201463DP17714,1,9,0,17,0,0,1,0,1,10,1,1,6,2,24,5,1400,2,7,-1,3
201463DP17814,1,9,0,18,0,0,2,0,1,3,1,1,6,2,60,9,-1,-1,-1,-1,3
201463DP17814,2,9,0,2,9,0,0,0,0,0,2,1,6,3,-1,-1,1598,1,7,-1,-1
201463DP17814,3,9,0,2,9,0,0,0,0,0,1,1,6,3,-1,-1,-1,-1,-1,-1,-1
201463DP17914,1,9,0,7,0,8,0,0,0,0,1,1,6,1,46,8,1997,2,1,-1,-1
201463DP17914,2,5,0,7,0,8,0,0,0,0,1,1,6,1,36,7,999,1,2,-1,1
201463DP18014,1,9,0,17,0,0,0,0,7,0,3,1,6,1,59,9,2435,1,19,7,3
201463DP18114,1,9,0,18,0,0,5,4,0,0,1,1,6,2,56,9,1398,1,4,-1,3
201463DP18114,2,9,0,2,0,0,0,0,0,0,1,1,6,3,-1,-1,1390,1,13,-1,-1
201463DP18214,1,9,0,18,0,0,0,0,0,0,0,1,2,1,27,6,1596,1,13,-1,3
201463DP18214,2,5,0,18,0,0,0,0,0,0,0,1,2,1,39,7,1298,1,4,-1,1
201463DP18214,3,9,0,18,0,0,0,0,0,0,2,1,6,2,21,5,998,1,15,-1,-1
201463DP18214,4,5,0,18,0,0,1,0,0,0,1,1,6,2,29,6,599,1,11,6,1
201463DP18214,5,9,0,18,0,0,0,0,0,0,1,1,6,1,40,7,2993,2,5,4,3
201463DP18314,1,5,0,16,0,0,1,0,0,0,3,1,6,1,55,8,998,1,1,-1,-1
201463DP18314,2,9,0,17,0,0,0,0,0,0,4,1,6,1,55,8,2495,2,13,8,1
201463DP18414,1,9,0,9,0,1,1,0,0,0,1,1,6,2,74,10,1762,1,15,8,1
201463DP18414,2,5,0,18,0,1,1,0,0,0,1,1,6,1,52,8,-1,-1,-1,-1,3
201463DP18514,1,9,0,1,9,1,0,0,0,0,2,1,6,1,42,7,1830,1,16,-1,3
201463DP18514,2,4,0,4,0,1,0,0,0,0,3,1,6,1,24,5,125,1,1,-1,1
201463DP18614,1,9,0,18,0,0,2,0,1,10,4,1,6,1,18,4,1796,1,9,-1,3
201463DP18614,2,9,0,18,0,0,0,0,0,0,3,1,6,2,17,4,1242,1,9,-1,3
201463DP18714,1,9,0,18,0,0,0,0,0,0,4,1,6,3,-1,-1,-1,-1,-1,-1,-1
201463DP18814,1,9,0,16,0,1,2,0,7,2,1,1,6,1,89,11,1397,1,13,5,3
201463DP18814,2,9,0,17,0,1,0,0,0,0,1,1,6,2,63,9,1364,2,2,-1,3
201463DP19014,1,21,0,18,0,0,0,0,0,0,3,1,1,1,28,6,12130,2,13,-1,3
201463DP19014,2,11,0,18,0,0,0,0,0,0,3,1,1,1,21,5,4250,2,1,7,1
201463DP19114,1,17,4,9,0,6,0,0,0,0,3,1,1,2,45,7,1007,2,1,-1,3
201463DP19114,2,3,0,18,0,1,0,0,0,0,1,1,6,1,19,4,124,1,23,-1,3
201463DP19214,1,9,0,18,0,1,0,0,0,0,1,1,6,1,72,10,1968,2,9,-1,3
201463DP19214,2,5,0,7,0,5,0,0,0,0,2,1,6,1,57,9,-1,-1,-1,9,1
201463DP19314,1,4,0,17,0,0,1,0,0,0,3,1,6,2,30,6,-1,-1,-1,9,3
201463DP19414,1,9,0,17,0,0,2,0,2,10,1,1,1,1,19,4,1124,1,9,-1,2
201463DP19514,1,9,0,17,0,0,5,0,1,0,1,1,2,1,31,6,1349,1,9,-1,3
201463DP19614,1,9,0,18,0,0,2,0,0,0,1,1,6,2,55,8,1497,1,11,-1,3
201463DP19614,2,8,0,18,0,0,0,0,0,0,1,1,1,1,43,7,1995,2,13,-1,3
201463DP19714,1,9,0,18,0,0,5,0,0,0,4,1,6,1,20,4,1796,1,8,-1,3
201463DP19814,1,9,3,18,0,0,0,0,0,0,0,1,6,3,-1,-1,-1,-1,-1,-1,-1
201463DP19814,2,19,0,2,0,0,0,0,0,0,0,1,6,3,-1,-1,-1,-1,-1,-1,-1
201463DP19914,1,19,0,16,0,0,2,0,0,0,1,1,1,1,32,6,1995,2,2,-1,3
201463DP19914,2,9,0,17,0,0,0,0,0,0,1,1,6,2,43,7,1596,1,5,-1,3
201463DP19914,3,17,4,17,0,0,0,0,0,0,0,1,1,1,48,8,-1,2,8,-1,3
201463DP20014,1,9,0,9,0,2,0,0,0,0,3,1,6,2,21,5,2231,2,5,-1,2
201463DP20014,2,9,0,17,0,2,0,0,0,0,4,1,6,1,49,8,1598,2,-1,-1,3
201463DP20114,1,9,0,18,0,0,1,0,0,0,1,1,6,1,40,7,1343,1,11,-1,-1
201463DP20114,2,9,0,18,0,0,0,0,0,0,1,1,6,2,52,8,1396,1,9,-1,3
201463DP20214,1,9,0,17,0,1,1,0,1,9,4,1,6,1,20,4,1199,1,13,-1,3