Accident_Index,Vehicle_Reference,Vehicle_Type,Towing_and_Articulation,Vehicle_Manoeuvre,Vehicle_Location-Restricted_Lane,Junction_Location,Skidding_and_Overturning,Hit_Object_in_Carriageway,Vehicle_Leaving_Carriageway,Hit_Object_off_Carriageway,1st_Point_of_Impact,Was_Vehicle_Left_Hand_Drive?,Journey_Purpose_of_Driver,Sex_of_Driver,Age_of_Driver,Age_Band_of_Driver,Engine_Capacity_(CC),Propulsion_Code,Age_of_Vehicle,Driver_IMD_Decile,Driver_Home_Area_Type
201463DP20314,1,17,5,16,0,0,1,0,0,0,3,1,6,3,-1,-1,-1,-1,-1,-1,-1
201463DP20314,2,9,0,17,0,0,1,0,0,0,3,1,6,2,28,6,1560,2,9,-1,3
201463DP20414,1,9,0,7,0,6,0,0,0,0,1,1,6,1,71,10,1995,1,12,-1,1
201463DP20414,2,9,0,18,0,8,0,0,0,0,4,1,1,1,64,9,1242,1,13,-1,1
201463DP20514,1,19,0,18,0,0,1,0,0,0,1,1,1,1,26,6,2300,2,8,2,1
201463DP20514,2,19,0,18,0,0,0,0,0,0,2,1,1,1,26,6,2198,2,1,-1,3
201463DP20514,3,9,0,18,0,0,0,0,0,0,2,1,1,1,66,10,2720,2,6,-1,-1
201463DP20514,4,9,0,3,0,0,0,0,0,0,0,1,6,3,-1,-1,-1,-1,-1,-1,-1
201463DP20614,1,19,0,18,0,0,1,0,1,7,1,1,1,1,30,6,2402,2,11,-1,3
201463DP20714,1,5,0,18,0,0,0,0,0,0,1,1,6,1,64,9,999,1,-1,5,1
201463DP20714,2,9,0,3,0,0,0,0,0,0,2,1,6,1,44,7,2495,2,10,-1,3
201463DP20714,3,9,0,18,0,0,0,0,0,0,1,1,6,1,26,6,1995,2,9,7,1
201463DP20714,4,9,0,2,0,0,0,0,0,0,0,1,6,3,-1,-1,-1,-1,-1,-1,-1
201463DP20814,1,9,0,18,0,0,2,0,7,9,4,1,6,1,44,7,1753,2,15,6,3
201463DP20814,2,9,0,18,0,0,0,0,0,0,1,1,6,1,46,8,1596,1,8,-1,3
201463DP20914,1,9,0,16,0,4,0,9,3,4,1,1,6,1,86,11,1781,1,13,-1,3
201463DP21014,1,1,0,17,0,0,0,0,1,0,0,1,6,1,52,8,-1,-1,-1,-1,1
201463DP21114,1,9,0,17,0,0,2,0,8,10,1,1,6,1,55,8,1997,2,9,-1,3
201463DP21214,1,9,0,18,0,1,1,0,0,0,1,1,6,1,77,11,1149,1,4,-1,2
201463DP21214,2,9,0,18,0,1,5,0,1,10,1,1,6,1,22,5,1590,1,14,-1,3
201463DP21314,1,9,0,16,0,0,2,0,7,0,3,1,2,2,18,4,1198,1,11,-1,3
201463DP21414,1,9,0,16,0,0,0,0,0,0,1,1,2,1,56,9,-1,-1,-1,-1,3
201463DP21414,2,9,0,17,0,0,0,0,0,0,1,1,2,1,60,9,1973,1,13,-1,3
201463DP21514,1,9,0,4,0,1,0,0,0,0,4,1,6,1,79,11,1951,2,13,-1,3
201463DP21514,2,17,4,10,0,6,0,0,0,0,1,1,1,1,24,5,-1,2,2,-1,3
201463DP21614,1,9,0,18,0,0,0,0,0,0,3,1,1,1,59,9,3490,1,9,-1,3
201463DP21714,1,9,0,18,0,1,0,0,0,0,1,1,6,1,79,11,1598,1,10,5,1
201463DP21714,2,19,0,18,0,1,0,0,0,0,2,1,6,2,38,7,-1,-1,-1,10,2
201463DP21714,3,9,0,18,0,1,0,0,0,0,2,1,6,1,57,9,1956,2,2,7,3
201463DP21714,4,9,0,10,0,5,0,0,0,0,0,1,6,3,-1,-1,-1,-1,-1,-1,-1
201463DP21714,5,9,0,10,0,1,0,0,0,0,0,1,6,3,-1,-1,-1,-1,-1,-1,-1
201463DP21814,1,9,0,16,0,0,0,0,0,0,1,1,6,1,47,8,1596,1,1,-1,2
201463DP21814,2,21,0,17,0,0,1,0,0,0,1,1,1,1,62,9,8970,2,6,-1,1
201463DP21814,3,19,0,16,0,0,0,0,0,0,1,1,1,1,41,7,2402,2,10,7,3
201463DP21914,1,11,0,18,0,0,0,0,0,0,2,1,1,1,58,9,9973,2,16,-1,2
201463DP21914,2,9,0,18,0,0,0,0,0,0,1,1,6,1,52,8,5700,1,23,-1,3
201463DP22014,1,9,0,14,0,1,0,0,0,0,1,1,6,2,46,8,1753,2,11,-1,1
201463DP22014,2,11,0,2,0,1,0,0,0,0,0,1,1,1,67,10,9600,2,19,-1,-1
201463DP22114,1,9,0,17,0,0,2,0,7,4,1,1,6,1,21,5,1149,1,12,-1,1
201463DP22214,1,19,0,18,0,0,0,0,0,0,3,1,1,1,47,8,2402,2,8,-1,1
201463DP22214,2,9,0,18,0,0,0,0,0,0,3,1,6,2,55,8,2982,2,9,-1,3
201463DP22214,3,9,0,2,0,0,0,0,0,0,0,1,6,3,-1,-1,-1,-1,-1,-1,-1
201463DP22314,1,9,0,18,0,0,0,4,0,0,1,1,2,1,47,8,1598,2,-1,-1,3
201463DP22314,2,9,0,18,0,0,0,0,0,0,2,1,6,2,44,7,1560,2,4,3,2
201463DP22414,1,9,0,13,0,0,0,0,0,0,3,1,6,1,19,4,1781,1,13,-1,3
201463DP22414,2,9,0,13,0,0,2,0,7,10,3,1,6,1,24,5,1598,1,6,-1,3
201463DP22414,3,9,0,18,0,0,0,0,0,0,0,1,6,3,-1,-1,-1,-1,-1,-1,-1
201463DP22514,1,9,0,18,0,0,1,0,0,0,1,1,6,1,69,10,1229,1,8,-1,-1
201463DP22614,1,9,0,17,0,0,2,0,2,10,1,1,6,2,22,5,1596,1,6,-1,3
201463DP22714,1,5,0,16,0,0,0,0,0,0,1,1,6,1,51,8,-1,-1,-1,8,3
201463DP22714,2,9,0,17,0,0,0,0,0,0,3,1,6,2,43,7,1798,1,5,9,1
201463DP22814,1,9,0,5,0,6,0,0,0,0,3,1,6,1,75,10,1749,1,13,3,1
201463DP22814,2,9,0,18,0,1,0,0,0,0,3,1,6,1,68,10,-1,-1,-1,-1,1
201463DP22914,1,9,4,18,0,0,0,0,0,0,1,1,6,1,35,6,1685,2,-1,-1,3
201463DP22914,2,9,0,18,0,0,0,0,0,0,3,1,6,1,54,8,1871,2,10,-1,-1
201463DP22914,3,9,0,18,0,0,0,0,0,0,1,1,6,1,39,7,1461,2,2,-1,1
201463DP23014,1,19,0,16,0,0,1,0,0,0,1,1,1,1,63,9,1896,2,18,-1,-1
201463DP23014,2,19,0,17,0,0,1,0,0,0,1,1,1,1,31,6,2143,2,-1,-1,2
201463DP23114,1,9,0,4,0,1,0,0,0,0,1,1,6,3,-1,-1,-1,-1,-1,-1,-1
201463DP23114,2,9,0,8,0,1,0,10,8,10,2,1,6,2,42,7,1870,2,10,-1,3
201463DP23214,1,9,0,10,0,1,0,0,1,0,1,1,6,2,28,6,1198,1,6,8,2
201463DP23214,2,9,0,18,0,1,1,0,0,0,1,1,1,1,55,8,1968,2,1,-1,2
201463DP23314,1,21,0,18,0,4,0,0,0,0,3,1,6,1,55,8,12580,2,8,-1,-1
201463DP23314,2,9,0,18,0,4,0,0,0,0,4,1,6,2,21,5,1360,1,9,-1,3
201463DP23414,1,9,0,18,0,0,0,0,0,0,0,1,2,1,71,10,-1,-1,-1,-1,3
201463DP23514,1,9,0,16,0,0,2,0,2,10,1,1,6,2,62,9,1229,1,8,-1,1
201463DP23614,1,9,0,17,0,1,1,0,0,0,1,2,1,1,33,6,-1,-1,-1,-1,-1
201463DP23614,2,9,0,16,0,2,0,0,0,0,1,1,6,1,63,9,1968,2,7,2,1
201463DP23714,1,9,0,18,0,1,1,0,0,0,1,1,6,2,68,10,1461,2,5,3,1
201463DP23714,2,9,0,3,0,1,0,0,0,0,2,1,6,1,59,9,-1,-1,-1,-1,3
201463DP23714,3,9,0,3,0,1,0,0,0,0,2,1,6,1,59,9,-1,-1,-1,-1,3
201463DP23814,1,9,0,13,0,1,0,0,1,0,1,1,6,1,35,6,1560,2,1,3,2
201463DP23814,2,21,0,18,0,1,1,0,0,0,1,1,1,1,32,6,12130,2,12,5,3
201463DP23814,3,9,3,7,0,5,0,0,0,0,0,1,6,1,40,7,1998,2,4,8,1
201463DP24014,1,9,0,13,0,0,1,0,0,0,3,1,2,1,41,7,1910,2,8,-1,3
201463DP24014,2,9,0,13,0,0,1,0,0,0,1,1,2,1,62,9,1998,2,5,-1,3
201463DP24014,3,90,0,18,0,0,1,0,7,1,2,1,1,2,42,7,1461,2,3,-1,1
201463DP24114,1,9,0,5,0,1,0,0,0,0,1,1,6,2,34,6,1995,2,2,-1,1
201463DP24114,2,9,0,5,0,1,0,0,0,0,2,1,6,1,46,8,1998,2,12,-1,1
201463DP24214,1,9,0,18,0,0,0,0,0,0,1,1,6,3,-1,-1,-1,-1,-1,-1,-1
201463DP24214,2,3,0,18,0,0,0,0,0,0,1,1,1,1,32,6,124,1,6,-1,1
201463DP24314,1,5,0,18,0,0,1,12,8,7,1,1,6,1,39,7,1000,1,5,-1,2
201463DP24414,1,19,0,17,0,0,1,0,0,0,1,1,6,1,26,6,1896,2,8,-1,1
201463DP24414,2,9,0,16,0,0,0,0,0,0,1,1,6,1,25,5,1461,2,4,-1,2
201463DP24414,3,9,0,16,0,0,0,0,0,0,3,1,6,1,40,7,2400,2,5,9,1
201463DP24614,1,9,0,18,0,0,2,0,7,0,1,1,1,2,32,6,1560,2,4,-1,1
201463DP24714,1,19,0,18,0,0,0,0,0,0,2,1,1,1,59,9,2988,2,8,-1,3
201463DP24814,1,5,0,18,0,1,1,0,0,0,1,1,6,1,48,8,1198,1,4,10,1
201463DP24814,2,9,4,18,0,1,0,0,0,0,2,1,6,1,82,11,1956,2,1,-1,3
201463DP24814,3,9,0,9,0,5,0,0,0,0,0,1,6,3,-1,-1,-1,-1,-1,-1,-1
201463DP24914,1,1,0,16,0,0,1,0,0,0,3,1,6,1,13,3,-1,-1,-1,-1,3
201463DP24914,2,19,0,4,0,0,0,0,0,0,3,1,6,1,66,10,1753,2,1,-1,3
201463DP25014,1,9,0,18,0,1,0,0,0,0,1,1,6,1,75,10,1910,2,6,-1,3
201463DP25014,2,21,1,18,0,1,1,0,0,0,1,1,1,1,43,7,10518,2,5,6,1
201463DP25114,1,9,0,18,0,0,2,0,0,0,3,1,2,2,19,4,1364,1,8,-1,3
201463DP25114,2,9,0,18,0,0,0,0,0,0,3,1,2,2,47,8,1783,1,12,-1,2
201463DP25214,1,9,0,18,0,0,0,0,0,0,0,1,6,3,-1,-1,-1,-1,-1,-1,-1
201463DP25214,2,2,0,18,0,0,1,0,0,0,3,1,6,1,16,4,49,1,5,-1,3
201463DP25314,1,9,0,17,0,0,1,0,8,3,1,1,6,1,20,4,1229,1,9,-1,2
201463DP25414,1,9,0,16,0,0,2,0,1,3,3,1,6,1,23,5,1242,1,8,-1,1
201463DP25514,1,9,0,18,0,1,0,0,0,0,1,1,6,1,43,7,1686,2,14,-1,3
201463DP25514,2,9,0,4,0,5,0,0,0,0,2,1,6,2,36,7,1997,2,14,-1,3
201463DP25614,1,9,0,18,0,0,0,0,1,10,1,1,6,1,90,11,1242,1,16,-1,-1
201463DP25614,2,9,0,18,0,0,0,0,1,9,1,1,6,2,51,8,1998,1,10,5,1
201463DP25714,1,90,0,6,0,0,2,0,0,0,0,1,1,1,72,10,420,1,3,-1,3
201463DP25814,1,9,0,18,0,0,0,0,0,0,1,1,6,2,26,6,1988,1,12,-1,3
201463DP25814,2,9,0,18,0,0,0,0,0,0,1,1,6,2,41,7,-1,-1,-1,-1,3
201463DP25914,1,9,0,9,0,1,0,0,0,0,1,1,1,1,31,6,-1,-1,-1,-1,3
201463DP25914,2,9,0,18,0,1,0,0,0,0,1,1,6,1,70,10,1364,1,5,3,1
201463DP25914,3,9,0,10,0,1,0,0,0,0,1,1,6,1,46,8,2521,1,4,-1,1
201463DP26014,1,9,0,18,0,1,0,0,0,0,2,1,6,1,61,9,1994,1,8,-1,3
201463DP26014,2,9,0,18,0,1,0,0,0,0,2,1,6,1,25,5,2495,2,12,-1,3
201463DP26014,3,19,4,18,0,1,1,0,0,0,1,1,1,1,45,7,2298,2,1,8,3
201463DP26014,4,9,0,18,0,1,0,0,0,0,2,1,6,1,19,4,1686,2,9,-1,3
201463DP26014,5,9,0,9,0,5,0,0,0,0,0,1,6,3,-1,-1,-1,-1,-1,-1,-1
201463DP26014,6,9,0,3,0,1,0,0,0,0,0,1,6,3,-1,-1,-1,-1,-1,-1,-1
201463DP26114,1,5,0,16,0,0,1,0,7,0,1,1,6,1,39,7,998,1,5,10,3
201463DP26214,1,5,0,17,0,0,1,0,1,7,1,1,6,1,50,8,748,1,3,-1,2
201463DP26314,1,9,0,4,0,0,1,0,0,0,1,1,6,1,23,5,1299,1,16,1,1
201463DP26314,2,9,0,4,0,0,0,0,0,0,2,1,6,1,49,8,2188,2,10,7,1
201463DP26414,1,9,0,17,0,1,1,0,0,0,4,1,6,2,20,4,1600,1,13,10,1
201463DP26614,1,20,4,12,0,1,0,0,0,0,1,1,6,1,46,8,-1,-1,-1,-1,-1
201463DP26614,2,9,0,9,7,5,0,0,0,0,3,1,6,2,34,6,1398,2,12,-1,2
201463DP26714,1,9,0,4,0,0,0,0,0,0,0,1,6,1,79,11,1796,1,7,-1,3
201463DP26714,2,9,0,18,0,0,0,0,0,0,0,1,6,3,-1,-1,-1,-1,-1,-1,-1
201463DP26814,1,9,0,18,0,2,0,0,0,0,4,1,2,1,47,8,2231,2,3,-1,3
201463DP26814,2,1,0,18,0,2,0,0,0,0,3,1,6,2,73,10,-1,-1,-1,-1,3
201463DP26814,3,19,0,18,0,1,0,0,0,0,0,1,6,3,-1,-1,-1,-1,-1,-1,-1
201463DP26914,1,5,0,17,0,2,0,0,1,1,1,1,6,1,33,6,800,1,8,7,1
201463DP27014,1,9,0,9,0,1,1,0,0,0,3,1,6,1,84,11,1598,1,2,-1,2
201463DP27014,2,9,0,18,0,1,2,0,4,0,1,1,6,1,59,9,1560,2,4,-1,2
201463DP27114,1,9,0,18,0,0,0,0,0,0,1,1,6,2,60,9,1388,1,10,-1,3
201463DP27114,2,9,0,18,0,0,0,0,0,0,2,1,2,1,35,6,-1,-1,-1,4,2
201463DP27214,1,3,0,4,0,1,0,0,0,0,1,1,1,2,56,9,49,1,16,-1,2
201463DP27214,2,9,0,3,0,1,0,0,0,0,2,1,1,1,63,9,1956,2,1,-1,2
201463DP27314,1,9,0,14,0,0,0,0,0,0,1,1,6,1,43,7,1753,2,7,-1,1
201463DP27314,2,9,0,17,0,0,0,0,0,0,1,1,6,2,48,8,1596,1,12,-1,3
201463DP27314,3,9,0,2,0,0,0,0,0,0,0,1,6,3,-1,-1,1994,1,3,-1,-1
201463DP27414,1,9,0,9,0,7,0,0,0,0,4,1,6,2,55,8,2401,2,10,-1,3
201463DP27414,2,1,0,16,0,8,1,0,0,0,1,1,6,1,50,8,-1,-1,-1,-1,3
201463DP27514,1,9,0,9,0,5,0,0,0,0,4,1,6,2,35,6,1997,2,1,-1,1
201463DP27514,2,9,0,18,0,1,0,0,0,0,1,1,2,2,20,4,1195,1,17,-1,2
201463DP27614,1,9,0,18,0,0,0,0,0,0,1,1,6,1,23,5,1242,1,16,8,3
201463DP27614,2,19,0,2,0,0,0,0,0,0,2,1,1,3,-1,-1,2402,2,5,-1,-1
201463DP27714,1,9,0,16,0,0,2,0,8,4,1,1,6,1,84,11,998,1,2,7,3
201463DP27814,1,9,0,17,0,1,1,10,0,0,1,1,6,2,20,4,1600,1,13,10,1
201463DP27914,1,9,0,9,0,1,0,0,0,0,1,1,6,2,81,11,2199,2,3,-1,3
201463DP27914,2,19,0,18,0,1,0,0,0,0,1,1,6,1,32,6,2461,2,13,-1,3
201463DP28014,1,9,0,9,0,1,5,0,0,0,3,1,6,1,19,4,1997,2,3,-1,3
201463DP28014,2,9,0,18,0,1,1,0,0,0,1,1,6,1,25,5,1124,1,15,-1,3
201463DP28114,1,9,0,8,0,1,0,0,0,0,3,1,6,1,32,6,1995,2,13,-1,2
201463DP28114,2,1,0,7,0,1,1,0,0,0,1,1,6,1,8,2,-1,-1,-1,-1,3
201463DP28214,1,1,0,18,0,0,1,0,0,0,0,1,6,1,41,7,-1,-1,-1,-1,1
201463DP28214,2,1,0,18,0,0,1,0,0,0,1,1,6,1,28,6,-1,-1,-1,-1,-1
201463DP28214,3,9,0,18,0,0,0,0,0,0,0,1,6,1,54,8,1995,2,10,-1,2
201463DP28314,1,9,0,4,0,0,1,0,0,0,1,1,1,1,44,7,1560,2,7,-1,1
201463DP28314,2,9,0,3,0,0,0,0,0,0,2,1,1,2,21,5,998,1,14,10,1
201463DP28414,1,19,0,18,0,1,0,0,0,0,1,1,6,1,60,9,2496,2,22,-1,1
201463DP28414,2,9,0,10,0,1,0,0,0,0,2,1,1,2,30,6,1199,2,1,-1,2
201463DP28514,1,9,0,13,0,0,2,0,1,10,4,1,6,1,20,4,1679,1,16,-1,3
201463DP28614,1,9,0,18,0,0,0,0,0,0,1,1,6,2,27,6,1997,2,12,-1,3
201463DP28614,2,9,0,4,0,0,0,0,1,0,3,1,6,1,61,9,2184,2,10,1,1
201463DP28714,1,9,0,17,0,0,2,0,1,0,4,1,1,1,21,5,1360,1,13,-1,3
201463DP29014,1,9,4,18,0,0,0,0,0,0,2,1,1,1,20,4,-1,-1,-1,-1,3
201463DP29014,2,9,0,18,0,0,0,0,0,0,1,1,6,2,50,8,1905,2,17,-1,2
201463DP29114,1,19,0,4,0,1,0,0,0,0,1,1,1,1,40,7,2143,2,2,-1,3
201463DP29114,2,9,0,18,0,1,0,0,1,10,1,1,2,1,55,8,-1,-1,-1,-1,-1
201463DP29214,1,9,0,18,0,0,0,0,0,0,1,1,6,1,70,10,1598,1,1,-1,3
201463DP29314,1,19,0,1,0,0,0,0,0,0,2,1,1,1,48,8,1686,2,11,5,1
201463DP29414,1,9,0,18,0,1,0,0,0,0,4,1,2,2,47,8,1598,2,1,2,1
201463DP29414,2,9,0,18,0,1,0,0,0,0,1,1,2,2,33,6,1398,2,11,-1,3
201463DP29514,1,9,0,16,0,0,2,0,8,10,1,1,6,2,76,11,1339,8,7,-1,3
201463DP29614,1,9,0,17,0,0,0,0,7,10,4,1,1,2,35,6,1560,2,10,5,1
201463DP29614,2,17,4,18,0,0,3,0,0,0,1,1,6,1,71,10,-1,-1,-1,-1,3
201463DP29714,1,1,0,18,0,0,1,0,0,0,1,1,1,1,43,7,-1,-1,-1,4,1
201463DP29714,2,9,0,18,0,0,0,0,0,0,1,1,1,1,27,6,-1,-1,-1,1,1
201463DP29814,1,9,0,17,0,0,2,0,2,10,1,1,2,2,24,5,1149,1,8,-1,2
201463DP29914,1,5,0,16,0,0,1,0,7,0,1,1,6,1,57,9,904,1,22,-1,1
201463DP30014,1,9,0,18,0,1,0,0,0,0,1,1,6,2,53,8,1796,1,5,-1,3
201463DP30014,2,9,0,18,0,1,0,0,0,0,2,1,6,2,38,7,1398,1,1,-1,3
201463DP30014,3,19,0,18,0,1,0,0,0,0,2,1,1,1,46,8,2402,2,7,-1,3
201463DP30114,1,9,0,18,0,0,0,0,0,10,1,1,6,1,77,11,1598,1,15,4,1
201463DP30114,2,9,0,18,0,0,0,0,0,0,1,1,6,2,38,7,1998,1,11,-1,2
201463DP30314,1,19,0,17,0,0,0,0,0,0,1,1,2,1,26,6,2198,2,6,-1,3
201463DP30314,2,5,0,16,0,0,0,0,0,0,1,1,6,1,63,9,892,1,14,-1,1
201463DP30414,1,9,4,18,0,0,0,0,0,0,1,1,6,1,49,8,2495,2,19,-1,3
201463DP30414,2,9,0,18,0,0,0,0,0,0,1,1,6,2,48,8,1968,2,5,6,2
201463DP30514,1,19,0,13,0,0,0,0,0,0,2,1,1,1,39,7,2999,2,7,-1,-1
201463DP30514,2,5,0,13,0,0,0,0,0,0,1,1,6,1,59,9,1050,1,7,-1,3
201463DP30514,3,17,0,18,0,0,0,0,0,0,0,1,1,1,24,5,-1,2,5,-1,3
201463DP30614,1,9,0,17,0,0,2,0,7,0,0,1,2,1,32,6,1600,1,13,-1,3
201463DP30714,1,9,0,17,0,0,1,0,1,10,1,1,6,1,18,4,1149,1,13,-1,1
201463DP30814,1,9,0,1,0,2,0,4,0,0,2,1,6,1,46,8,-1,-1,-1,-1,3
201463DP30814,2,90,0,2,0,5,0,0,0,0,1,1,6,1,55,8,-1,-1,-1,-1,3
201463DP30914,1,9,0,16,0,0,2,0,1,0,1,1,1,2,29,6,1150,1,7,-1,3
201463DP31014,1,9,0,17,0,0,2,0,0,0,0,1,2,2,25,5,1242,1,10,-1,1
201463DP31114,1,9,0,9,0,1,0,0,0,0,3,1,6,2,26,6,1248,2,4,-1,3
201463DP31114,2,3,0,10,0,1,0,0,0,0,1,1,6,1,50,8,-1,-1,-1,-1,1
201463DP31214,1,9,0,16,0,0,1,0,7,4,1,1,6,1,19,4,2494,2,8,-1,3
201463DP31314,1,5,0,17,0,0,0,0,1,10,1,1,6,2,30,6,675,1,8,6,1
201463DP31414,1,19,0,7,0,8,0,0,0,0,3,1,6,1,21,5,1998,2,13,-1,3
201463DP31414,2,19,0,18,0,8,0,0,0,0,1,1,6,1,51,8,1900,2,16,-1,3
201463DP31514,1,9,0,16,0,0,2,0,0,0,1,1,6,1,24,5,1299,1,13,-1,3
201463DP31614,1,9,0,9,0,6,0,0,0,0,1,1,6,1,31,6,1997,2,14,-1,3
201463DP31614,2,9,0,18,0,1,0,0,0,0,1,1,6,2,26,6,1461,2,3,-1,3
201463DP31714,1,9,0,16,0,0,1,10,8,10,1,1,2,2,24,5,1388,1,14,-1,3
201463DP31814,1,9,0,17,0,0,0,0,1,4,1,1,1,2,17,4,1461,2,12,-1,3
201463DP31914,1,9,0,16,0,0,0,0,0,0,1,1,1,2,22,5,2495,2,13,7,3
201463DP31914,2,9,0,17,0,0,0,0,0,0,1,1,1,1,59,9,-1,-1,-1,5,3
201463DP32014,1,9,0,9,0,5,0,0,0,0,4,1,6,2,49,8,1896,2,6,5,3
201463DP32014,2,9,0,18,0,1,0,0,7,3,1,1,6,1,63,9,1896,2,10,-1,3
201463DP32114,1,9,0,17,0,0,2,0,0,0,1,1,6,1,41,7,1299,1,13,-1,2
201463DP32214,1,19,0,4,0,1,0,0,0,0,4,1,1,1,61,9,2143,2,2,-1,1
201463DP32214,2,9,0,18,0,1,0,0,0,0,0,1,6,3,-1,-1,-1,-1,-1,-1,-1
201463DP32314,1,9,0,16,0,1,1,0,7,10,4,1,6,1,26,6,1998,1,12,-1,2
201463DP32414,1,9,0,5,6,6,0,0,0,0,2,1,6,2,51,8,1598,1,9,-1,2
201463DP32514,1,19,0,16,0,0,0,0,0,0,3,1,1,1,29,6,-1,-1,-1,-1,2
201463DP32514,2,9,0,17,0,0,0,0,0,0,3,1,6,2,46,8,1596,1,9,-1,3
201463DP32614,1,21,1,18,0,1,1,0,0,0,3,1,1,2,24,5,12130,2,11,-1,2
201463DP32614,2,9,0,10,0,5,0,0,0,0,1,1,6,2,24,5,1997,2,9,-1,3
201463DP32614,3,19,4,18,0,1,0,0,1,0,4,1,1,1,64,9,1998,2,10,2,1
201463DP32714,1,9,0,16,0,0,5,0,7,0,1,1,6,1,30,6,2979,1,13,-1,1
201463DP32714,2,9,0,17,0,0,0,0,1,0,1,1,6,1,73,10,1590,1,15,10,1
201463DP32714,3,9,0,17,0,0,0,0,1,0,0,1,6,1,46,8,1242,1,-1,-1,2
201463DP32814,1,9,0,9,0,8,0,0,0,0,4,1,6,1,73,10,1390,1,2,-1,1
201463DP32914,1,9,0,18,0,0,0,0,0,0,1,1,6,1,86,11,973,1,11,-1,3
201463DP32914,2,9,0,18,0,0,0,0,0,0,1,1,2,2,18,4,1299,1,12,-1,2
201463DP33014,1,9,0,16,0,0,1,0,0,0,1,1,6,2,19,4,1299,1,12,-1,3
201463DP33114,1,9,0,18,0,0,1,0,7,0,1,1,6,1,18,4,1396,1,11,-1,3
201463DP33114,2,9,0,18,0,0,1,0,0,0,1,1,1,1,52,8,3500,1,16,-1,-1
201463DP33114,3,19,0,18,0,0,0,0,0,0,0,1,2,1,36,7,1995,2,3,-1,3
201463DP33214,1,19,0,16,0,0,0,0,7,0,4,2,1,1,43,7,-1,-1,-1,-1,-1
201463DP33214,2,9,0,17,0,0,0,0,0,0,4,1,6,1,48,8,1800,1,14,5,3
201463DP33314,1,1,0,18,0,1,0,0,0,0,1,1,6,1,26,6,-1,-1,-1,-1,-1
201463DP33314,2,9,0,4,0,1,0,0,0,0,4,1,6,1,37,7,1781,1,14,-1,1
201463DP33514,1,9,0,3,0,1,0,0,0,0,1,1,6,1,20,4,1390,1,13,-1,-1
201463DP33514,2,9,0,3,0,1,0,0,0,0,2,1,6,1,40,7,1798,1,12,4,1
201463DP33614,1,5,0,16,0,0,1,0,0,0,1,1,6,1,21,5,996,1,16,-1,-1
201463DP33614,2,5,0,16,0,0,1,0,0,0,2,1,6,1,54,8,998,1,8,-1,1
201463DP33614,3,9,0,17,0,0,0,0,0,0,0,1,6,1,61,9,1399,2,4,-1,3
201463DP33714,1,9,0,18,0,0,0,0,7,10,1,1,6,1,29,6,2000,1,7,-1,3
201463DP33814,1,9,0,2,0,0,0,0,0,0,2,1,6,3,-1,-1,1951,2,9,-1,-1
201463DP33814,2,1,0,18,0,0,0,4,0,0,1,1,6,1,49,8,-1,-1,-1,-1,1
201463DP33814,3,9,0,18,0,0,0,0,0,0,0,1,6,3,-1,-1,-1,-1,-1,-1,-1
201463DP33914,1,9,0,16,0,0,5,0,0,0,1,1,6,1,41,7,1598,1,12,-1,2
201463DP33914,2,9,0,18,0,0,5,0,1,0,1,1,6,2,29,6,1399,2,6,-1,3
201463DP33914,3,9,0,18,0,0,0,0,0,0,0,1,6,3,-1,-1,-1,-1,-1,-1,-1
201463DP34014,1,9,0,18,0,0,0,0,1,10,1,1,3,2,29,6,1596,1,3,-1,3
201463DP34114,1,9,0,9,0,0,0,0,0,0,1,1,6,1,22,5,1461,2,1,-1,2
201463DP34114,2,9,0,17,0,0,0,0,0,0,3,1,6,2,52,8,1679,1,14,-1,3
201463DP34214,1,9,0,11,0,0,0,0,0,0,1,1,6,1,66,10,1560,2,6,-1,1
201463DP34214,2,21,0,18,0,0,0,0,0,0,1,1,1,1,42,7,-1,2,17,6,3
201463DP34314,1,9,0,16,0,0,2,0,0,0,4,1,2,1,22,5,1124,1,13,-1,-1
201463DP34314,2,9,0,18,0,0,0,0,0,0,0,1,2,2,51,8,1753,2,6,-1,3
201463DP34414,1,9,0,16,0,0,2,0,1,0,0,1,2,1,18,4,973,1,11,-1,3
201463DP34514,1,9,0,18,0,0,0,0,0,0,1,1,6,2,22,5,1951,2,10,-1,3
201463DP34514,2,9,0,18,0,0,0,0,0,0,2,1,6,1,54,8,1870,2,11,-1,-1
201463DP34514,3,9,0,3,0,0,0,0,0,0,0,1,6,3,-1,-1,-1,-1,-1,-1,-1
201463DP34614,1,19,0,18,0,0,2,0,1,3,3,1,1,1,45,7,1995,2,3,-1,3
201463DP34714,1,9,0,18,0,0,2,0,7,0,0,1,6,2,62,9,1598,1,17,-1,3
201463DP34814,1,9,0,17,0,0,0,0,0,0,1,1,1,2,29,6,1364,1,10,-1,2
201463DP34814,2,19,0,18,0,0,0,0,0,0,1,1,1,1,55,8,2798,2,9,-1,1
201463DP34914,1,9,0,17,0,0,0,0,1,3,1,1,6,1,46,8,2771,2,19,-1,3
201463DP35014,1,3,0,18,0,0,1,0,1,0,1,1,1,2,31,6,124,1,3,-1,1
201463DP35114,1,9,0,17,0,0,2,10,1,10,1,1,6,2,26,6,1560,2,10,-1,3
201463DP35214,1,9,0,18,0,6,0,0,0,0,0,1,6,3,-1,-1,-1,-1,-1,-1,-1
201463DP35214,2,2,0,18,0,1,1,0,0,0,0,1,4,1,17,4,49,1,30,7,3