Accident_Index,Vehicle_Reference,Vehicle_Type,Towing_and_Articulation,Vehicle_Manoeuvre,Vehicle_Location-Restricted_Lane,Junction_Location,Skidding_and_Overturning,Hit_Object_in_Carriageway,Vehicle_Leaving_Carriageway,Hit_Object_off_Carriageway,1st_Point_of_Impact,Was_Vehicle_Left_Hand_Drive?,Journey_Purpose_of_Driver,Sex_of_Driver,Age_of_Driver,Age_Band_of_Driver,Engine_Capacity_(CC),Propulsion_Code,Age_of_Vehicle,Driver_IMD_Decile,Driver_Home_Area_Type
201463DP35314,1,9,0,15,0,0,0,0,0,0,4,1,6,1,46,8,1364,1,7,-1,-1
201463DP35314,2,1,0,18,0,0,0,0,0,0,1,1,6,1,45,7,-1,-1,-1,-1,3
201463DP35414,1,9,0,18,0,1,0,0,0,0,4,1,6,3,-1,-1,-1,-1,-1,-1,-1
201463DP35514,1,9,0,17,0,0,2,0,2,10,4,1,6,1,18,4,1149,1,6,-1,3
201463DP35614,1,9,0,18,0,2,0,0,0,0,4,1,6,2,85,11,-1,-1,-1,-1,3
201463DP35614,2,9,0,18,0,2,0,0,0,0,3,1,6,2,70,10,1769,1,9,-1,2
201463DP35714,1,9,0,18,0,0,0,0,1,0,1,1,6,1,21,5,1590,1,9,-1,3
201463DP35914,1,10,0,13,0,1,2,0,7,10,1,1,1,1,64,9,2198,2,7,-1,1
201463DP35914,2,9,0,9,0,1,1,0,0,0,1,1,1,2,36,7,1199,1,11,-1,3
201463DP36014,1,9,0,17,0,0,2,0,7,0,1,1,6,2,18,4,998,1,11,-1,3
201463DP36114,1,9,0,16,0,0,5,0,1,0,4,1,6,1,41,7,1299,1,15,-1,1
201463DP36214,1,9,0,4,0,1,0,0,0,0,1,1,6,2,42,7,1994,1,15,-1,1
201463DP36214,2,9,0,10,0,1,0,0,0,0,2,1,6,1,45,7,1229,1,8,-1,3
201463DP36314,1,9,0,16,0,0,0,0,0,0,1,1,6,1,21,5,1910,2,8,5,2
201463DP36314,2,9,0,17,0,0,0,0,1,10,1,1,6,1,53,8,1995,2,3,6,2
201463DP36414,1,9,0,18,0,1,0,0,0,2,1,1,1,1,26,6,2198,2,1,-1,3
201463DP36514,1,19,4,3,0,1,1,0,0,0,1,1,1,1,30,6,2402,2,7,-1,3
201463DP36514,2,9,0,10,0,1,0,0,0,0,2,1,6,1,54,8,1596,1,9,-1,3
201463DP36614,1,9,0,18,0,0,1,0,0,0,1,1,6,1,29,6,1968,2,4,-1,2
201463DP36614,2,9,0,14,0,0,0,0,0,0,1,1,6,1,20,4,1124,1,14,-1,3
201463DP36614,3,9,0,2,0,0,0,0,0,0,0,1,6,3,-1,-1,-1,-1,-1,-1,-1
201463DP36614,4,9,0,2,0,0,0,0,0,0,0,1,6,3,-1,-1,-1,-1,-1,-1,-1
201463DP36714,1,21,0,16,0,0,1,0,0,0,1,1,1,1,66,10,11705,2,13,-1,3
201463DP36714,2,19,0,3,0,0,0,0,0,0,2,1,1,1,45,7,1995,2,2,-1,-1
201463DP36714,3,9,0,3,0,0,0,0,0,0,2,1,6,2,38,7,1242,1,7,-1,-1
201463DP36714,4,21,0,3,0,0,0,0,0,0,2,1,1,1,48,8,8970,2,15,-1,-1
201463DP36714,5,90,0,18,0,0,0,0,0,0,0,1,6,3,-1,-1,-1,-1,-1,-1,-1
201463DP36814,1,5,0,9,0,0,0,6,0,10,1,1,6,1,41,7,670,1,2,-1,3
201463DP36914,1,9,0,18,0,0,0,0,1,4,2,1,6,2,21,5,1753,2,12,-1,3
201463DP37014,1,3,0,2,9,0,0,0,0,0,0,1,6,3,-1,-1,125,1,6,-1,-1
201463DP37114,1,10,0,17,0,0,1,0,0,0,4,1,2,1,19,4,-1,-1,-1,-1,1
201463DP37114,2,21,1,16,0,0,0,0,0,0,1,1,1,1,35,6,11967,2,-1,8,1
201463DP37214,1,9,0,17,0,8,2,10,1,7,1,1,6,2,37,7,1560,2,8,-1,1
201463DP37314,1,9,0,9,0,6,0,0,0,0,3,1,1,2,55,8,1994,2,11,-1,3
201463DP37314,2,9,4,18,0,1,0,0,7,0,4,1,1,1,60,9,-1,-1,-1,-1,3
201463DP37414,1,9,0,4,0,1,1,0,0,0,1,1,6,1,44,7,1796,1,14,-1,-1
201463DP37414,2,9,0,5,0,1,0,0,1,10,3,1,1,1,50,8,1997,2,6,8,2
201463DP37514,1,9,0,18,0,4,0,9,3,1,1,1,6,2,22,5,998,1,13,-1,3
201463DP37614,1,9,0,18,0,0,2,0,0,0,3,1,6,2,54,8,2494,2,11,-1,3
201463DP37714,1,9,0,16,0,0,0,0,0,0,1,1,6,1,34,6,1988,1,11,-1,3
201463DP37714,2,9,0,4,0,0,0,0,0,0,2,1,6,2,59,9,1991,1,21,5,1
201463DP37814,1,9,0,18,0,2,1,0,0,0,1,1,6,1,20,4,1997,2,10,-1,3
201463DP37914,1,9,0,18,0,0,2,0,1,10,1,1,6,2,52,8,1999,1,6,-1,3
201463DP38014,1,9,0,18,0,0,0,0,0,0,1,1,6,1,27,6,1299,1,12,-1,2
201463DP38014,2,9,0,2,0,0,0,0,0,0,2,1,6,3,-1,-1,1461,2,7,-1,-1
201463DP38114,1,9,0,18,0,0,1,0,7,0,0,1,6,1,76,11,2184,2,9,-1,3
201463DP38214,1,9,0,18,0,1,0,0,0,0,1,1,1,1,27,6,1560,2,7,-1,3
201463DP38214,2,9,0,4,0,1,0,0,0,0,2,1,2,2,26,6,1229,1,-1,-1,3
201463DP38314,1,19,0,17,9,0,0,0,1,4,0,1,6,1,38,7,2402,2,7,-1,3
201463DP38414,1,21,1,15,0,0,0,0,0,0,0,1,1,3,-1,-1,-1,-1,-1,-1,-1
201463DP38414,2,1,0,18,0,0,0,0,1,0,0,1,6,1,20,4,-1,-1,-1,-1,3
201463DP38514,1,9,0,16,0,0,5,0,7,0,1,1,6,2,62,9,1753,2,6,-1,2
201463DP38614,1,9,0,17,0,0,1,0,1,4,1,1,6,2,25,5,1299,1,8,-1,1
201463DP38714,1,9,0,18,0,0,1,0,7,9,1,1,6,1,43,7,-1,-1,-1,-1,3
201463DP38814,1,3,0,18,0,2,0,10,1,10,4,1,2,1,25,5,124,1,1,-1,1
201463DP38914,1,9,0,9,0,0,1,0,0,0,0,1,6,1,17,4,1124,1,15,-1,1
201463DP39014,1,9,0,18,0,0,2,0,1,10,1,1,1,2,43,7,1398,2,7,-1,2
201463DP39114,1,9,0,18,0,1,0,0,0,0,1,1,1,1,56,9,1686,2,4,8,2
201463DP39114,2,9,0,18,0,2,0,0,0,0,1,1,6,2,64,9,1586,1,4,-1,3
201463DP39214,1,9,0,17,0,0,0,0,1,10,1,1,6,1,40,7,1997,2,1,-1,1
201463DP39314,1,9,0,18,0,7,0,0,0,0,1,1,2,2,21,5,1242,1,16,-1,3
201463DP39414,1,9,0,13,0,1,0,0,7,9,1,1,6,1,22,5,1598,1,6,-1,3
201463DP39414,2,19,0,9,0,1,0,0,7,4,3,1,1,1,26,6,2143,2,2,-1,3
201463DP39514,1,3,0,18,0,4,1,0,0,0,1,1,6,1,19,4,125,1,2,-1,1
201463DP39514,2,9,0,9,0,4,0,0,0,0,2,1,6,2,49,8,1956,2,2,-1,3
201463DP39614,1,19,0,5,0,6,0,0,0,0,0,1,6,1,31,6,-1,-1,-1,-1,3
201463DP39614,2,9,0,18,0,1,0,0,0,0,0,1,6,1,62,9,1686,2,2,-1,-1
201463DP39714,1,9,0,18,0,0,0,0,7,0,0,1,6,1,29,6,-1,-1,-1,-1,3
201463DP39814,1,21,0,18,0,0,1,0,0,0,1,1,1,1,23,5,4461,2,6,-1,3
201463DP39814,2,9,0,4,0,0,0,0,0,0,2,1,1,2,57,9,1560,2,4,-1,3
201463DP39814,3,9,0,4,0,0,0,0,0,0,2,1,6,2,38,7,1968,2,11,-1,2
201463DP39914,1,9,0,17,0,0,0,0,0,0,1,1,6,1,22,5,1149,1,15,-1,2
201463DP39914,2,9,0,16,0,0,0,0,1,10,1,1,6,2,49,8,2685,2,10,-1,2
201463DP40014,1,9,0,13,0,0,1,0,7,0,1,1,6,2,22,5,1796,1,14,-1,3
201463DP40014,2,9,0,18,0,0,1,0,0,0,1,1,6,1,71,10,1896,2,10,-1,3
201463DP40014,3,9,0,18,0,0,0,0,0,0,0,1,6,3,-1,-1,-1,-1,-1,-1,-1
201463DP40114,1,9,0,16,0,0,0,6,0,0,1,1,6,1,19,4,1242,1,13,-1,3
201463DP40214,1,9,0,18,0,0,2,0,7,0,1,1,6,2,17,4,1199,1,12,-1,1
201463DP40314,1,9,0,13,0,0,0,0,0,0,0,1,6,3,-1,-1,-1,-1,-1,-1,-1
201463DP40314,2,9,0,18,0,0,2,0,1,10,3,1,6,2,67,10,1753,2,10,6,1
201463DP40414,1,9,0,18,0,4,0,0,0,0,1,1,6,1,-1,-1,1994,2,11,-1,3
201463DP40414,2,9,0,18,0,4,0,0,0,0,2,1,6,2,22,5,1242,1,10,-1,2
201463DP40514,1,5,0,17,0,0,1,0,0,0,3,1,6,1,52,8,-1,-1,-1,4,1
201491NE00269,1,9,0,18,0,0,0,12,0,0,1,1,6,2,91,11,1149,1,10,-1,-1
201491NE00275,1,9,0,2,6,0,0,0,0,7,2,1,6,1,43,7,-1,-1,-1,-1,1
201491NE00296,1,9,0,11,0,8,2,0,1,9,3,1,6,2,18,4,1868,2,14,-1,3
201491NE00403,1,9,0,16,6,0,2,0,7,9,1,1,6,1,39,7,1360,1,3,-1,3
201491NE00613,1,9,0,2,0,0,0,0,0,0,2,1,2,1,23,5,1989,1,14,-1,2
201491NE00613,2,9,0,4,0,0,0,0,0,0,2,1,6,1,32,6,2993,2,5,-1,2
201491NE00613,3,9,0,4,0,0,0,0,0,0,2,1,2,1,-1,-1,-1,-1,-1,-1,3
201491NE00613,4,21,5,18,0,0,0,0,0,0,2,1,2,1,30,6,14000,2,14,-1,3
201491NE00613,5,90,0,4,0,0,0,0,0,0,2,1,6,2,52,8,2987,2,1,-1,-1
201491NE00613,6,9,0,4,0,0,0,0,0,0,2,1,2,1,65,9,1596,1,1,-1,-1
201491NE00613,7,9,0,18,0,0,0,0,0,0,2,1,2,2,30,6,1598,1,14,-1,1
201491NE00756,1,9,0,18,0,0,0,0,0,0,1,1,6,1,85,11,1360,1,12,-1,3
201491NE00756,2,11,0,18,0,0,0,0,0,0,1,1,1,1,48,8,4250,2,2,-1,1
201491NE00756,3,9,0,18,0,0,0,0,1,0,1,1,6,1,70,10,1199,2,3,-1,3
201491NE01447,1,9,0,16,0,0,1,0,0,0,1,1,6,2,17,4,1461,2,9,-1,2
201491NE01467,1,9,0,4,0,3,0,0,0,0,0,1,6,2,39,7,1124,1,5,-1,1
201491NE01467,2,9,0,4,0,3,0,0,0,0,2,1,2,1,29,6,2496,2,10,-1,2
201491NE02260,1,9,0,18,0,0,0,0,0,0,-1,1,6,3,-1,-1,-1,-1,-1,-1,-1
201491NE02302,1,9,0,17,0,0,1,0,1,0,3,1,1,2,41,7,1364,1,6,-1,3
201491NE02564,1,9,0,7,0,6,0,0,0,0,3,1,6,1,45,7,1598,2,2,-1,2
201491NE02564,2,5,0,18,0,8,0,0,0,0,1,1,6,1,55,8,1043,1,1,-1,-1
201491NE02913,1,9,0,18,7,0,5,0,7,3,3,1,6,1,23,5,1896,2,13,-1,3
201491NE02974,1,9,0,18,0,0,0,0,0,7,1,1,6,2,46,8,-1,-1,-1,-1,2
201491NE03320,1,9,0,18,0,0,0,0,0,0,3,1,6,2,39,7,1560,2,4,-1,1
201491NE03320,2,9,0,18,0,0,0,0,0,0,3,1,6,2,77,11,1198,1,1,-1,3
201491NE03497,1,9,0,18,0,0,5,0,1,10,1,1,6,2,19,4,1368,1,9,-1,3
201491NE03975,1,9,0,18,0,8,0,9,0,0,1,1,6,1,74,10,1587,1,9,-1,3
201491NE04422,1,9,0,9,0,1,0,0,0,0,1,1,2,1,45,7,1324,1,13,-1,2
201491NE04422,2,1,0,17,0,1,0,0,0,0,1,1,6,1,40,7,-1,-1,-1,-1,2
201491NE04464,1,9,0,10,0,1,0,0,0,0,2,1,6,2,63,9,-1,-1,-1,-1,3
201491NE04464,2,9,0,18,0,1,0,0,0,0,3,1,6,1,29,6,1685,2,-1,-1,-1
201491NE04464,3,9,0,18,0,1,0,0,0,0,1,1,6,2,50,8,1242,1,12,-1,3
201491NE04511,1,9,0,15,0,0,0,0,0,0,4,1,6,1,78,11,1560,2,1,-1,1
201491NE04511,2,1,0,18,0,0,0,0,0,0,3,1,6,1,56,9,-1,-1,-1,-1,3
201491NE04513,1,9,0,2,0,0,0,0,0,0,2,1,6,1,19,4,1229,1,9,-1,-1
201491NE04619,1,9,0,18,0,8,1,0,1,4,3,1,1,2,39,7,1242,1,7,-1,1
201491NE05033,1,9,0,18,0,1,0,0,0,0,0,1,1,1,30,6,2198,1,10,-1,3
201491NE05033,2,9,0,18,0,1,0,0,0,0,1,1,6,2,32,6,1956,2,1,-1,-1
201491NE05348,1,9,0,17,0,0,0,0,0,0,1,1,6,2,33,6,1461,2,8,-1,3
201491NE05348,2,9,0,16,0,0,0,0,0,0,1,1,6,2,65,9,1994,1,3,-1,3
201491NE05429,1,9,0,18,0,0,0,0,1,11,1,1,6,1,26,6,1587,1,10,-1,3
201491NE05491,1,9,0,13,0,0,0,0,0,0,0,1,6,1,31,6,1995,2,-1,-1,-1
201491NE05491,2,9,0,13,0,0,1,0,7,9,4,1,6,1,25,5,1598,1,7,-1,3
201491NE05532,1,9,0,12,0,0,0,0,0,0,1,1,6,2,40,7,1493,2,10,-1,2
201491NE05532,2,9,0,18,0,0,0,0,0,0,1,1,6,1,77,11,1995,2,2,-1,2
201491NE05601,1,9,0,9,0,6,0,0,0,0,1,1,6,2,46,8,1461,2,5,-1,3
201491NE05601,2,9,0,18,0,8,0,0,7,10,1,1,6,2,29,6,1242,1,1,-1,-1
201491NE05706,1,3,0,18,0,0,0,11,0,0,0,1,6,1,28,6,599,1,9,-1,3
201491NE05706,2,3,0,18,0,0,0,11,0,10,1,1,6,2,27,6,649,1,8,-1,3
201491NE05899,1,9,0,3,0,0,0,0,0,0,2,1,2,2,24,5,1896,2,5,-1,-1
201491NE05899,2,9,0,3,0,0,0,0,0,0,2,1,2,2,32,6,1796,1,11,-1,3
201491NE05899,3,9,0,3,0,0,0,0,0,0,2,1,6,1,20,4,1998,1,10,-1,-1
201491NE05899,4,9,0,3,0,0,0,0,0,0,2,1,2,1,18,4,1124,1,12,-1,3
201491NE05899,5,19,0,18,0,0,1,0,0,0,1,1,2,1,19,4,1870,2,9,-1,3
201491NE06336,1,5,0,16,0,0,1,0,0,0,0,1,6,1,70,10,1352,1,5,6,1
201491NE06363,1,9,0,18,0,4,0,0,0,0,2,1,6,1,75,10,1242,1,18,-1,3
201491NE06363,2,9,0,18,0,4,0,0,0,0,1,1,1,1,48,8,-1,-1,-1,-1,3
201491NE06584,1,19,0,16,0,0,0,0,0,0,3,1,1,1,66,10,1995,2,6,-1,2
201491NE06584,2,9,0,17,0,0,0,0,7,0,3,1,6,1,56,9,-1,-1,-1,-1,3
201491NE06584,3,9,0,17,0,0,0,0,1,11,1,1,6,1,63,9,1390,1,-1,8,1
201491NE07164,1,9,0,10,0,5,0,0,0,0,1,2,6,1,40,7,-1,-1,-1,-1,-1
201491NE07164,2,9,0,18,0,1,0,0,0,0,1,1,6,1,57,9,2179,2,4,-1,3
201491NE07164,3,9,0,10,0,1,0,0,0,0,0,1,6,1,34,6,-1,-1,-1,-1,1
201491NE07179,1,9,0,17,0,0,0,12,0,11,1,1,6,1,20,4,1149,1,12,-1,1
201491NE07244,1,9,0,18,0,0,0,0,0,0,1,1,2,2,39,7,1296,1,8,-1,3
201491NE07244,2,1,0,18,0,0,0,0,0,0,4,1,4,1,8,2,-1,-1,-1,-1,2
201491NE07260,1,9,0,17,0,0,2,0,1,0,1,1,2,2,30,6,1598,1,12,-1,3
201491NE07270,1,9,0,9,0,0,1,0,0,0,3,1,6,1,46,8,1199,2,1,-1,1
201491NE07270,2,98,0,15,0,0,0,0,0,0,4,1,1,1,56,9,5880,2,8,-1,2
201491NE07324,1,98,0,16,0,0,0,0,0,0,1,1,6,1,51,8,-1,-1,-1,-1,3
201491NE07324,2,5,0,17,0,0,0,0,0,0,1,1,6,1,62,9,-1,-1,-1,-1,-1
201491NE07365,1,9,0,18,0,8,0,0,0,0,1,1,6,1,47,8,-1,-1,-1,-1,3
201491NE07365,2,9,0,10,0,1,0,0,3,0,1,1,6,2,20,4,1198,1,8,-1,-1
201491NE07436,1,9,0,18,0,0,2,0,0,11,3,1,6,2,20,4,1199,1,10,-1,3
201491NE07473,1,19,0,18,0,0,0,0,0,0,1,1,2,1,21,5,1461,2,11,-1,3
201491NE07473,2,9,0,18,0,0,0,0,0,0,2,1,2,1,55,8,2982,2,2,-1,3
201491NE07475,1,9,0,18,0,8,0,10,0,0,3,1,6,2,51,8,1975,1,17,-1,3
201491NE07888,1,9,0,18,0,0,0,0,0,0,1,1,1,1,31,6,1997,2,-1,-1,3
201491NE07888,2,20,0,18,0,0,1,0,0,0,1,1,1,1,50,8,-1,-1,-1,-1,3
201491NE08130,1,9,0,18,0,0,5,0,1,9,4,1,6,2,48,8,1199,1,12,-1,3
201491NE08205,1,9,0,9,0,6,0,0,1,11,1,1,6,1,80,11,1386,1,4,-1,3
201491NE08205,2,9,0,18,0,1,0,0,1,0,1,1,6,2,39,7,1905,2,16,-1,2
201491NE08214,1,98,0,10,0,1,0,0,0,0,2,1,6,2,52,8,-1,-1,-1,-1,3
201491NE08214,2,90,0,4,0,1,0,0,0,0,1,1,1,1,48,8,-1,-1,-1,-1,2
201491NE08248,1,98,0,18,0,1,0,0,0,0,2,1,6,1,64,9,1248,2,1,-1,2
201491NE08248,2,9,0,18,0,2,0,0,0,0,1,1,6,2,78,11,1242,1,1,-1,-1
201491NE08248,3,9,0,18,0,1,0,0,0,0,2,1,2,1,45,7,1560,2,7,-1,-1
201491NE08248,4,98,0,4,0,1,0,0,0,0,2,1,6,1,34,6,-1,-1,-1,-1,3
201491NE08401,1,9,0,1,0,0,0,0,0,0,2,1,6,2,23,5,1582,2,3,-1,1
201491NE08620,1,9,0,18,0,0,0,0,0,0,2,1,6,1,57,9,-1,-1,-1,-1,3
201491NE08620,2,9,0,18,0,0,0,0,0,0,1,1,6,1,43,7,1389,1,10,-1,3
201491NE08713,1,9,0,4,0,2,0,0,0,0,2,1,6,2,24,5,1995,2,5,-1,2
201491NE08713,2,2,0,15,0,2,1,0,0,0,1,1,6,1,16,4,50,1,-1,-1,-1
201491NE08786,1,9,0,17,0,0,0,0,2,11,4,1,6,1,79,11,2435,1,14,-1,1
201491NE08789,1,9,0,13,0,0,0,0,0,0,4,1,6,1,21,5,1229,1,2,-1,3
201491NE08789,2,5,0,12,0,0,0,0,1,9,3,1,6,1,47,8,798,1,5,8,1
201491NE08822,1,9,0,1,0,0,0,0,0,0,2,1,6,3,-1,-1,-1,-1,-1,-1,-1
201491NE08955,1,5,0,18,0,0,1,12,1,11,4,1,6,1,39,7,988,1,12,-1,3
201491NE09041,1,9,0,10,0,1,0,0,0,0,0,1,6,1,36,7,2199,2,2,-1,2
201491NE09041,2,9,0,18,0,1,0,0,0,0,1,1,6,1,20,4,1422,2,9,-1,3
201491NE09099,1,4,0,18,0,1,0,0,0,0,1,1,6,1,45,7,1215,1,2,-1,1
201491NE09099,2,9,0,9,0,1,0,0,1,0,1,1,6,2,79,11,1390,1,13,-1,3
201491NE09232,1,9,0,16,0,0,2,0,7,2,1,1,1,2,51,8,-1,-1,-1,-1,3
201491NE09240,1,9,0,18,0,1,0,0,0,0,1,1,6,1,18,4,1149,1,7,-1,2
201491NE09240,2,9,0,7,0,1,0,0,0,0,4,1,6,2,29,6,1999,1,10,-1,2
201491NE09240,3,19,0,2,0,1,0,0,0,0,0,1,6,3,-1,-1,1753,2,9,-1,-1
201491NE09357,1,9,0,17,0,0,5,0,8,10,3,1,6,1,18,4,1197,1,-1,-1,3
201491NE10467,1,5,0,13,0,0,0,0,0,0,3,1,1,2,32,6,1170,1,6,-1,2
201491NE10467,2,9,0,18,0,0,0,0,0,0,3,1,6,1,52,8,1997,2,10,-1,3
201491NE10490,1,5,0,18,0,0,0,0,7,0,4,1,6,1,54,8,800,1,2,-1,1
201491NE10497,1,1,0,18,9,0,0,0,0,0,0,1,6,1,43,7,-1,-1,-1,-1,3
201491NE10549,1,90,0,9,0,1,0,0,0,0,3,2,6,1,50,8,-1,-1,-1,-1,-1
201491NE10549,2,9,0,18,0,1,0,0,0,0,1,1,2,2,31,6,1229,1,1,-1,-1
201491NE10614,1,19,0,18,0,-1,1,0,1,0,1,1,6,1,26,6,1461,2,6,-1,3
201491NE10614,2,9,0,9,0,7,0,0,1,0,4,1,6,1,20,4,1968,2,3,-1,3
201491NE11073,1,21,1,18,0,0,0,0,0,0,3,1,1,1,31,6,15607,2,2,-1,2
201491NE11073,2,1,0,18,0,0,1,0,0,0,3,1,6,2,34,6,-1,-1,-1,5,1
201491NE11386,1,9,0,13,0,0,5,0,1,0,4,1,6,1,30,6,1968,2,4,-1,-1
201491NE11386,2,9,0,18,0,0,5,0,7,0,2,1,6,2,54,8,1991,2,8,-1,3
201491NE11723,1,5,0,18,0,0,1,0,1,10,1,1,6,1,33,6,1584,1,5,5,1
201491NE11723,2,9,0,5,0,0,0,0,0,0,1,1,6,1,56,9,-1,-1,-1,-1,2
201491NE11951,1,9,0,18,0,1,0,0,0,0,1,1,6,1,82,11,-1,-1,-1,-1,-1
201491NE11951,2,9,0,12,0,1,0,0,0,0,1,1,6,2,-1,-1,-1,-1,-1,-1,-1
201491NE11951,3,9,0,10,0,1,0,0,0,0,1,1,6,1,-1,-1,1560,2,-1,-1,-1
201491NE11990,1,9,0,3,0,0,0,0,0,0,2,1,6,1,33,6,2996,1,7,-1,1
201491NE11990,2,9,0,3,0,0,0,0,0,0,2,1,6,1,36,7,1796,1,8,-1,1
201491NE12122,1,9,0,17,0,1,0,0,0,0,1,1,6,2,24,5,1998,2,7,-1,3
201491NE12122,2,9,0,9,0,5,0,0,0,0,3,1,6,2,64,9,1360,1,10,-1,3
201491NE12159,1,98,0,18,0,0,0,0,0,0,1,1,2,1,36,7,2477,2,6,-1,-1
201491NE12159,2,9,0,18,0,0,0,0,0,0,1,1,2,1,32,6,1896,2,13,-1,2
201491NE12337,1,9,0,18,0,0,0,0,0,11,3,1,6,1,45,7,1896,2,10,-1,-1
201491NE12413,1,9,0,17,0,0,2,0,0,0,4,1,6,1,21,5,1149,1,13,-1,3
201491NE12600,1,5,0,16,0,0,0,0,0,0,1,1,2,1,29,6,1002,1,23,-1,3
201491NE12600,2,19,0,18,0,0,1,0,0,0,1,1,2,2,66,10,2148,2,7,-1,3
201491NE13255,1,19,0,17,0,0,2,0,1,0,1,1,1,1,18,4,1896,2,5,-1,3
201491NE13263,1,9,0,2,0,0,0,0,0,0,0,1,6,3,-1,-1,-1,-1,-1,-1,-1
201491NE13263,2,1,0,18,0,0,0,4,0,0,2,1,6,1,17,4,-1,-1,-1,-1,-1
201491NE13498,1,5,0,16,0,0,1,0,7,0,1,1,6,1,65,9,-1,-1,-1,-1,-1
201491NE13498,2,5,0,16,0,0,0,0,7,0,1,1,6,1,49,8,-1,-1,-1,-1,-1
201491NE13937,1,9,0,16,0,0,0,0,0,0,1,1,2,1,22,5,1997,1,8,-1,2
201491NE13937,2,9,0,18,0,0,0,0,1,9,1,1,6,2,49,8,1242,1,4,-1,3
201491NE14408,1,9,0,10,0,1,0,0,0,0,2,1,6,2,65,9,1587,1,7,-1,2
201491NE14408,2,9,0,3,0,1,0,0,0,0,2,1,6,1,19,4,1995,1,11,-1,3
201491NE14408,3,9,0,18,0,1,0,0,0,0,1,1,6,1,19,4,1598,1,8,-1,-1
201491NE14595,1,9,0,18,0,1,2,10,1,0,0,1,6,1,53,8,-1,-1,-1,-1,3
201491NE14721,1,9,0,17,0,0,1,0,7,4,1,1,2,2,45,7,1149,1,14,-1,-1
201491NE14953,1,9,0,10,0,1,0,0,0,0,1,1,2,1,32,6,1587,1,7,-1,2
201491NE14953,2,9,0,18,0,1,0,0,7,11,4,1,1,2,46,8,1498,1,6,-1,2
201491NE14955,1,9,0,6,0,8,0,0,0,0,3,1,2,1,49,8,-1,-1,-1,-1,3
201491NE14955,2,9,0,18,0,8,0,0,0,0,1,1,6,1,21,5,1398,1,5,-1,3
201491NE15065,1,9,0,18,0,0,0,0,7,9,3,1,6,2,68,10,4164,2,10,-1,3
201491NE15816,1,9,0,18,0,0,1,0,1,7,1,1,2,1,52,8,1685,2,-1,6,2
201491NE15816,2,9,0,18,0,0,1,0,1,7,1,1,6,1,55,8,2993,2,7,-1,3
201491NE15862,1,9,0,16,0,0,2,0,1,9,4,1,6,2,37,7,1560,2,4,-1,3
201491NE16585,1,9,0,18,0,1,0,0,0,0,1,1,2,2,41,7,1248,2,3,-1,-1
201491NE16585,2,1,0,18,0,1,0,0,0,0,2,1,2,1,46,8,-1,-1,-1,-1,-1
201491NE16696,1,9,0,18,0,0,1,0,1,11,1,1,2,1,49,8,-1,-1,-1,-1,3
201491NE16930,1,9,0,8,0,1,0,0,0,0,0,1,1,1,37,7,-1,-1,-1,-1,-1
201491NE16930,2,19,0,7,0,1,0,0,0,0,1,1,1,1,44,7,2464,2,7,-1,-1
201491NE17093,1,9,0,9,0,1,0,0,0,0,1,1,6,2,63,9,1199,2,2,-1,3
201491NE17093,2,9,0,17,0,1,0,0,1,0,1,1,6,2,28,6,1390,1,2,-1,3
201491NE17126,1,19,0,17,0,0,1,0,1,4,3,1,2,1,26,6,2460,2,7,-1,-1
201491NE17616,1,9,0,16,0,0,1,6,0,1,1,1,6,2,25,5,2231,2,6,-1,3
201491NE17688,1,9,0,17,0,0,0,0,1,4,1,1,6,1,71,10,1905,2,23,-1,3
201491NH00262,1,9,0,18,0,0,1,0,0,0,1,1,6,1,19,4,-1,-1,-1,-1,3
201491NH00262,2,9,0,7,0,0,0,0,1,9,1,1,6,2,28,6,-1,-1,-1,-1,3
201491NH00356,1,9,0,18,0,1,0,0,1,0,1,1,2,1,45,7,998,1,4,-1,3
201491NH00390,1,9,0,18,0,0,0,0,0,0,1,1,6,1,83,11,1598,2,3,-1,3
201491NH00390,2,9,0,18,0,0,0,0,0,0,1,1,6,1,45,7,2446,2,13,-1,3
201491NH00757,1,9,0,18,0,0,2,0,2,0,2,1,2,1,43,7,1997,2,11,-1,3
201491NH01025,1,9,0,17,0,0,1,0,1,0,0,1,6,1,23,5,1796,1,8,-1,-1
201491NH01214,1,9,0,18,0,0,5,0,1,0,4,1,6,1,49,8,1396,1,10,-1,3
201491NH01222,1,3,0,4,0,0,1,0,0,0,0,1,6,1,52,8,125,1,9,-1,3
201491NH01368,1,9,0,17,0,0,2,0,7,0,1,1,6,2,24,5,1461,2,7,-1,3
201491NH01371,1,9,0,18,0,8,0,0,0,0,1,1,6,2,49,8,1396,1,1,-1,3
201491NH01371,2,1,0,18,0,0,0,0,1,1,3,1,6,1,13,3,-1,-1,-1,-1,-1
201491NH01859,1,9,0,18,0,0,5,0,1,11,1,1,6,1,23,5,1798,1,19,-1,3
201491NH02714,1,9,0,18,0,0,0,0,0,0,3,1,6,2,31,6,1798,1,11,-1,2
201491NH02714,2,9,0,18,0,0,0,0,0,0,3,1,6,1,-1,-1,1086,1,9,-1,3
201491NH02825,1,9,0,18,0,0,5,0,1,11,4,1,6,1,49,8,1388,1,9,-1,3
201491NH02937,1,9,0,18,0,0,0,0,0,0,1,1,6,1,55,8,1991,2,4,-1,2
201491NH03110,1,9,0,18,0,1,1,0,3,11,1,1,6,1,24,5,1388,1,13,-1,3
201491NH03119,1,9,0,18,0,0,0,0,0,0,1,1,6,2,19,4,1199,1,11,-1,3
201491NH03119,2,1,0,18,0,0,0,0,0,0,1,1,6,1,21,5,-1,-1,-1,-1,-1