Accident_Index,Vehicle_Reference,Vehicle_Type,Towing_and_Articulation,Vehicle_Manoeuvre,Vehicle_Location-Restricted_Lane,Junction_Location,Skidding_and_Overturning,Hit_Object_in_Carriageway,Vehicle_Leaving_Carriageway,Hit_Object_off_Carriageway,1st_Point_of_Impact,Was_Vehicle_Left_Hand_Drive?,Journey_Purpose_of_Driver,Sex_of_Driver,Age_of_Driver,Age_Band_of_Driver,Engine_Capacity_(CC),Propulsion_Code,Age_of_Vehicle,Driver_IMD_Decile,Driver_Home_Area_Type
201491NM08005,2,9,0,2,0,0,0,0,0,0,2,1,6,1,64,9,2231,2,4,-1,-1
201491NM08028,1,9,0,18,0,0,5,6,1,11,1,1,6,1,80,11,2179,2,1,-1,-1
201491NM08101,1,9,0,18,0,0,0,0,1,9,1,1,6,2,74,10,1991,2,6,-1,3
201491NM08124,1,9,0,16,0,2,1,0,7,4,1,1,6,1,23,5,1596,1,13,7,1
201491NM08287,1,9,0,4,0,2,0,0,0,0,3,1,3,2,47,8,3500,1,11,-1,3
201491NM09215,1,9,0,18,0,2,0,0,7,1,2,1,6,1,40,7,998,1,6,-1,-1
201491NM09215,2,9,0,18,0,8,0,0,0,0,2,1,6,1,-1,-1,1997,2,-1,-1,-1
201491NM09215,3,9,0,18,0,8,0,0,0,0,1,1,6,2,59,9,1896,2,10,-1,-1
201491NM09275,1,9,0,17,0,0,0,0,7,11,1,1,6,1,18,4,1396,1,15,-1,3
201491NM09359,1,9,0,8,0,1,0,0,0,0,2,1,1,1,43,7,-1,-1,-1,-1,1
201491NM09359,2,9,0,18,0,1,0,0,0,0,3,1,6,1,64,9,2698,2,7,-1,3
201491NM09359,3,9,0,18,0,1,0,0,0,0,3,1,6,1,32,6,-1,-1,-1,-1,3
201491NM09359,4,9,0,8,0,1,0,0,0,0,2,1,1,1,62,9,1796,1,1,-1,3
201491NM09570,1,9,0,18,0,8,0,0,0,0,1,1,2,2,47,8,1991,2,7,-1,3
201491NM09570,2,9,0,9,0,8,0,0,0,0,1,2,2,1,29,6,-1,-1,-1,-1,-1
201491NM09670,1,19,0,17,0,0,2,0,0,0,3,1,1,1,57,9,1248,2,8,-1,-1
201491NM10185,1,20,0,17,0,0,1,0,1,10,1,1,1,1,40,7,2287,2,2,-1,1
201491NM10258,1,9,0,12,0,0,0,0,0,0,1,1,6,1,54,8,1968,2,5,-1,1
201491NM10258,2,9,0,18,0,0,1,0,0,0,3,1,6,1,60,9,2967,2,-1,7,1
201491NM10486,1,98,0,5,0,0,0,0,0,0,1,1,1,1,20,4,1248,2,2,-1,3
201491NM10585,1,9,0,18,0,0,0,0,0,0,1,1,2,2,39,7,1339,1,2,-1,-1
201491NM10585,2,9,0,16,0,0,0,0,0,0,1,1,6,2,84,11,1968,2,1,-1,1
201491NM10651,1,9,0,17,0,0,2,0,7,11,1,1,6,2,30,6,1973,1,14,-1,3
201491NM10652,1,19,0,13,0,1,5,0,1,0,1,1,6,1,33,6,2151,2,12,-1,3
201491NM10652,2,11,0,9,0,6,0,0,0,0,1,1,4,1,46,8,-1,2,18,-1,1
201491NM10900,1,20,4,18,0,0,4,0,7,11,3,1,1,1,50,8,-1,-1,-1,-1,1
201491NM11066,1,9,0,9,0,6,0,0,0,0,1,1,6,2,70,10,998,1,5,-1,-1
201491NM11066,2,9,0,18,0,1,0,0,0,0,1,1,6,2,52,8,1598,1,6,-1,2
201491NN00469,1,9,0,17,0,0,5,0,1,0,4,1,6,1,59,9,1796,1,9,-1,3
201491NN00543,1,9,0,18,0,0,2,0,1,11,1,1,2,1,38,7,2495,2,16,-1,1
201491NN00650,1,9,0,9,0,8,0,0,0,0,1,1,6,1,73,10,-1,-1,-1,-1,1
201491NN00650,2,1,0,18,0,8,0,0,0,0,1,1,6,2,41,7,-1,-1,-1,-1,1
201491NN00802,1,11,-1,17,0,2,0,0,0,0,4,1,1,1,38,7,6696,2,1,-1,-1
201491NN00957,1,9,0,18,0,0,0,0,0,0,1,1,6,1,29,6,1686,2,2,-1,1
201491NN00957,2,9,0,18,0,0,0,0,0,0,1,1,6,1,78,11,-1,-1,-1,-1,-1
201491NN00976,1,9,0,18,0,8,0,0,0,0,1,1,6,2,21,5,1422,2,9,-1,3
201491NN00976,2,9,0,9,0,8,0,0,0,0,3,1,6,2,19,4,1461,2,3,-1,1
201491NN01123,1,9,0,3,0,1,0,0,0,0,2,1,2,2,44,7,1968,2,10,-1,2
201491NN01123,2,9,0,3,0,1,0,0,0,0,1,1,2,1,19,4,1388,1,10,-1,1
201491NN01123,3,9,0,3,0,1,0,0,0,0,1,1,2,1,18,4,1229,1,5,-1,2
201491NN01714,1,9,0,18,0,0,1,0,7,9,3,1,6,1,55,8,-1,-1,-1,-1,3
201491NN01714,2,9,0,18,0,0,0,0,0,0,3,1,6,2,65,9,2720,2,8,-1,3
201491NN02109,1,9,0,18,0,8,0,0,0,0,1,1,6,1,41,7,1598,2,3,-1,3
201491NN02109,2,9,0,18,0,8,0,10,1,11,3,1,6,1,42,7,2494,1,14,-1,1
201491NN02208,1,9,0,17,0,0,0,0,0,0,1,1,6,2,82,11,1198,1,4,-1,3
201491NN02208,2,9,0,16,0,0,0,0,1,10,1,1,1,2,57,9,1242,1,2,-1,3
201491NN02400,1,1,0,18,0,8,0,0,0,0,1,1,6,1,22,5,-1,-1,-1,-1,1
201491NN02400,2,9,0,18,0,8,0,0,0,0,3,1,6,1,51,8,1968,2,1,-1,3
201491NN02433,1,9,0,18,0,0,0,0,0,0,1,1,6,3,-1,-1,1598,1,9,-1,1
201491NN03471,1,9,0,9,0,2,0,0,0,0,0,1,6,1,22,5,1598,1,3,-1,1
201491NN03471,2,9,0,17,0,1,0,0,1,0,1,1,6,1,21,5,1598,1,6,-1,3
201491NN03630,1,9,0,18,0,1,0,0,7,0,1,1,6,1,35,6,2987,2,1,-1,1
201491NN04855,1,9,0,18,0,0,0,0,0,0,2,1,2,2,45,7,2204,2,8,-1,3
201491NN04855,2,9,0,18,0,0,0,0,0,0,2,1,6,1,58,9,-1,-1,-1,-1,3
201491NN04855,3,9,0,18,0,0,0,0,0,0,1,1,6,1,48,8,1390,1,1,-1,2
201491NN05038,1,9,0,2,0,0,0,0,0,0,2,1,2,1,35,6,1995,2,7,-1,2
201491NN05522,1,9,0,3,0,1,0,0,0,0,1,1,2,2,78,11,1997,2,7,-1,1
201491NN05522,2,9,0,3,0,1,0,0,0,0,2,1,2,2,23,5,1199,1,10,-1,1
201491NN05522,3,8,0,10,0,1,0,0,0,0,2,1,1,1,53,8,1997,2,5,-1,1
201491NN06719,1,9,0,4,0,1,0,0,3,10,1,1,6,2,37,7,2204,2,7,-1,1
201491NN07024,1,9,0,1,0,0,0,0,0,0,2,1,6,2,31,6,1995,2,6,-1,3
201491NN07024,2,9,0,7,0,0,0,0,0,0,4,1,6,2,65,9,1896,2,5,-1,3
201491NN07131,1,9,0,12,0,3,1,0,0,7,2,1,6,2,21,5,1198,1,3,-1,2
201491NN07131,2,21,1,12,0,3,0,0,0,0,1,2,1,1,47,8,-1,-1,-1,-1,-1
201491NN07480,1,9,0,2,0,1,0,0,0,0,2,1,6,1,55,8,1298,1,14,-1,1
201491NN07480,2,9,0,18,0,1,0,4,0,0,1,1,6,2,21,5,1956,2,2,-1,1
201491NN08231,1,9,0,9,0,8,0,0,0,0,1,1,6,2,23,5,1968,2,6,-1,3
201491NN08231,2,1,0,17,0,1,0,0,0,0,1,1,1,1,65,9,-1,-1,-1,-1,3
201491NN08758,1,19,0,9,0,4,0,0,0,0,1,1,6,1,51,8,2463,2,9,-1,3
201491NN08758,2,1,0,18,0,4,0,0,0,10,3,1,6,2,39,7,-1,-1,-1,-1,1
201491NN09436,1,9,0,5,0,4,0,0,0,0,1,1,2,1,55,8,1198,1,1,-1,-1
201491NN09436,2,1,0,9,0,3,0,0,0,0,4,1,6,2,50,8,-1,-1,-1,-1,3
201491NN09645,1,5,0,3,0,8,1,0,1,1,1,1,2,1,27,6,998,1,8,-1,3
201491NN09700,1,17,4,17,0,0,0,0,0,0,3,1,1,1,37,7,-1,-1,-1,-1,3
201491NN09700,2,1,0,17,0,0,0,0,1,0,3,1,6,1,46,8,-1,-1,-1,-1,3
201491NN09924,1,9,0,17,0,-1,1,0,1,3,3,1,6,2,20,4,998,1,1,-1,-1
201491NN10146,1,9,0,9,0,5,0,0,0,0,4,1,6,2,43,7,2720,2,7,-1,3
201491NN10146,2,3,0,18,0,1,2,0,0,0,1,1,2,1,21,5,124,1,7,-1,1
201491NN10520,1,9,0,18,0,0,0,0,0,0,0,1,6,1,45,7,1396,1,-1,-1,1
201491NN11058,1,9,0,18,0,2,0,0,0,0,1,1,6,2,21,5,1560,2,3,-1,1
201491NN11233,1,9,0,-1,0,0,0,0,0,0,0,1,6,2,60,9,998,1,-1,-1,2
201491NN11233,2,9,0,-1,0,0,0,0,-1,-1,-1,1,6,3,-1,-1,-1,-1,-1,-1,1
201491NN11395,1,5,0,16,0,0,1,0,7,1,1,1,6,1,22,5,636,1,10,-1,2
201491NN11934,1,3,0,18,0,0,0,10,0,0,1,1,6,1,20,4,125,1,7,-1,3
201491NN12025,1,9,0,18,0,0,0,0,0,0,4,1,6,1,63,9,-1,-1,-1,-1,-1
201491NN12249,1,9,0,9,0,7,0,0,0,0,1,1,2,1,29,6,-1,-1,-1,-1,1
201491NN12249,2,1,0,18,0,1,0,0,0,0,1,1,2,2,38,7,-1,-1,-1,-1,1
201491NN12386,1,19,0,13,0,0,2,0,1,10,1,1,1,1,41,7,2402,2,4,-1,3
201491NN12622,1,9,0,9,0,2,0,0,0,0,1,1,6,1,53,8,1994,1,9,-1,3
201491NN12622,2,9,0,14,0,2,0,0,0,0,1,1,6,1,39,7,1149,1,14,-1,1
201491NN12800,1,9,0,18,0,1,0,0,0,0,1,1,6,1,17,4,1124,1,9,-1,1
201491NN12800,2,9,0,9,0,1,0,0,0,0,1,1,6,1,61,9,1968,2,-1,-1,-1
201491NN13263,1,9,0,5,0,4,0,0,3,11,1,1,6,1,74,10,1769,1,10,-1,1
201491NN13268,1,5,0,18,0,0,1,0,1,0,1,1,6,1,42,7,-1,-1,-1,-1,-1
201491NN14067,1,9,0,9,0,8,0,0,0,0,4,1,6,1,63,9,1956,2,-1,-1,-1
201491NN14067,2,9,0,18,0,1,0,0,1,9,1,1,6,1,59,9,1984,1,6,-1,-1
201491NN14778,1,9,0,9,0,1,0,0,0,0,3,1,2,1,33,6,1598,1,4,-1,-1
201491NN14778,2,9,0,4,0,1,0,0,0,0,3,1,6,1,18,4,1587,1,10,-1,1
201491NN14989,1,5,0,9,0,0,1,0,1,4,1,1,4,1,48,8,1170,1,8,-1,1
201491NN14991,1,90,0,18,0,0,5,0,0,0,1,1,6,1,66,10,499,1,-1,-1,-1
201491NN14991,2,9,0,18,0,0,0,0,0,0,3,1,6,2,24,5,2000,1,18,-1,-1
201491NN15358,1,1,0,9,0,1,0,0,0,0,2,1,1,1,33,6,-1,-1,-1,-1,1
201491NN15358,2,9,0,18,0,1,0,0,0,0,1,1,6,3,-1,-1,-1,-1,-1,-1,-1
201491NN15513,1,9,0,18,0,8,0,0,0,0,1,1,3,1,49,8,1398,1,14,-1,3
201491NN15513,2,9,0,9,0,8,0,0,0,0,4,1,2,1,20,4,998,1,10,-1,3
201491NN15513,3,9,0,10,0,1,0,0,0,0,3,1,2,1,43,7,2477,2,10,-1,3
201491NN15711,1,9,0,18,0,6,0,0,0,0,0,1,6,2,26,6,1685,2,2,-1,2
201491NN15711,2,1,0,18,0,4,0,0,0,0,1,1,6,1,50,8,-1,-1,-1,-1,3
201491NN15796,1,9,0,16,0,0,0,0,0,0,4,1,6,1,-1,-1,1595,1,-1,-1,-1
201491NN15796,2,1,0,16,0,0,0,0,1,10,3,1,6,1,64,9,-1,-1,-1,3,1
201491NN16133,1,9,0,10,0,1,0,0,0,0,2,1,6,2,23,5,998,1,1,-1,2
201491NN16133,2,9,0,18,0,1,0,0,0,0,1,1,1,1,34,6,1229,1,9,-1,3
201491NN16185,1,1,0,18,0,0,1,0,0,0,3,1,2,1,38,7,-1,-1,-1,-1,3
201491NN16185,2,9,0,18,0,0,0,0,0,0,4,1,6,2,29,6,-1,-1,-1,-1,1
201491NN16932,1,9,0,17,0,8,5,0,0,0,3,1,6,2,37,7,1587,1,12,-1,3
201491NN17083,1,9,0,11,0,0,0,0,0,0,1,1,6,1,42,7,1461,2,1,-1,-1
201491NN17083,2,9,0,18,0,0,0,0,0,0,1,1,6,1,52,8,2000,2,5,-1,3
201491NN17243,1,9,0,18,0,2,0,0,0,0,1,1,6,1,19,4,1364,1,9,-1,2
201491NN17351,1,9,0,18,0,0,5,0,2,11,4,1,6,1,68,10,2993,2,4,-1,3
201491NN17384,1,9,0,7,0,8,0,0,7,11,1,1,6,2,18,4,1598,1,6,-1,1
201491NN17428,1,3,0,4,0,4,1,0,0,0,4,1,6,1,21,5,125,1,7,-1,1
201491NN17626,1,9,0,9,0,6,0,0,0,0,1,1,6,1,85,11,1997,2,2,-1,1
201491NN17626,2,1,0,18,0,1,0,0,0,0,4,1,1,2,52,8,-1,-1,-1,-1,3
201491NN17661,1,5,0,9,0,5,0,0,0,0,0,1,6,1,63,9,-1,-1,-1,-1,-1
201491NN17661,2,9,0,14,0,1,0,0,0,0,1,1,6,1,23,5,1796,1,11,-1,1
201491NN18414,1,9,0,2,0,1,0,0,0,0,4,1,6,2,24,5,1560,2,1,-1,2
201491NN18414,2,21,0,1,0,1,0,4,0,0,4,1,1,1,41,7,12900,2,5,1,1
201491NN18598,1,9,0,18,0,0,1,0,1,9,4,1,6,1,71,10,5935,1,14,-1,-1
201491NN19089,1,9,0,17,0,0,1,0,8,11,1,1,2,1,18,4,1599,1,10,-1,3
201491NN19409,1,9,0,4,0,0,0,0,0,0,3,1,6,1,22,5,1998,1,6,-1,2
201491NN19409,2,9,0,18,0,0,1,0,0,0,0,1,6,1,22,5,1968,2,9,-1,1
201491NN19409,3,9,0,2,0,0,0,0,0,0,0,1,6,3,-1,-1,1598,1,9,-1,-1
201491NN19409,4,9,0,2,0,0,0,0,0,0,0,1,6,3,-1,-1,1685,2,1,-1,-1
201491NN19454,1,9,0,17,0,0,1,0,7,11,1,1,6,1,18,4,998,1,31,-1,2
201491NN20241,1,9,0,9,0,8,0,0,0,0,0,1,6,1,36,7,-1,-1,-1,-1,2
201491NN20241,2,5,0,18,0,8,1,0,0,0,0,1,6,1,51,8,-1,-1,-1,-1,-1
201491NN21067,1,10,0,18,0,0,2,0,0,0,3,1,1,1,50,8,2143,2,2,-1,3
201491NN21404,1,9,0,3,0,2,0,0,0,0,0,1,6,2,62,9,1497,1,11,-1,1
201491NN21404,2,1,0,15,0,2,0,8,1,0,4,1,6,1,50,8,-1,-1,-1,-1,-1
201491NN21423,1,9,0,18,0,0,0,0,0,0,1,1,6,1,43,7,2967,2,7,-1,1
201491NN21920,1,9,0,9,0,8,0,0,0,0,1,1,6,2,23,5,1299,1,10,-1,3
201491NN21920,2,9,0,17,0,8,0,0,0,0,1,1,6,2,49,8,1248,1,2,-1,-1
201491NN21920,3,9,0,10,0,1,0,0,0,0,1,1,6,1,38,7,1248,2,1,-1,2
201491NN22375,1,19,0,16,0,0,0,0,0,0,1,1,6,1,38,7,-1,-1,-1,10,3
201491NN22375,2,5,0,17,0,0,0,0,0,0,1,1,6,1,41,7,-1,-1,-1,-1,-1
201491NN22967,1,9,0,17,0,0,0,0,0,0,3,1,6,2,42,7,999,1,14,4,1
201491NN22967,2,9,0,17,0,0,0,0,0,0,3,1,6,2,32,6,1149,1,-1,-1,-1
201491NN23044,1,11,0,4,0,-1,1,0,0,0,1,1,1,1,29,6,4250,2,3,-1,-1
201491NN23044,2,9,0,17,0,-1,0,0,1,9,1,1,6,1,27,6,1229,1,9,-1,3
201491NN23044,3,9,0,4,0,1,0,0,0,0,2,1,6,1,36,7,1685,2,-1,-1,-1
201491NN23240,1,9,0,18,0,0,0,0,0,0,1,1,6,2,36,7,1984,1,11,-1,1
201491NN23449,1,9,0,13,0,0,0,0,0,0,1,1,6,1,70,10,1590,1,10,-1,3
201491NN23449,2,9,0,18,0,0,0,0,0,0,1,1,6,2,64,9,1997,2,11,7,1
201491NN23500,1,9,0,17,0,0,0,0,0,0,1,1,6,1,39,7,1956,2,-1,-1,-1
201491NN23500,2,9,0,16,0,0,0,0,0,0,1,1,6,2,61,9,-1,-1,-1,-1,3
201491NN23575,1,9,0,18,0,3,2,10,1,9,4,1,6,2,27,6,1596,1,13,-1,1
201491NN23588,1,9,0,9,0,5,0,0,0,0,4,1,6,2,27,6,-1,-1,-1,-1,-1
201491NN23588,2,5,0,18,0,1,1,0,0,0,1,1,6,1,47,8,-1,-1,-1,-1,3
201491NN23635,1,9,0,17,0,0,2,0,7,0,4,1,6,1,31,6,1598,1,10,4,1
201491NN23857,1,9,0,1,0,6,0,0,0,0,0,1,6,3,-1,-1,1951,2,12,-1,-1
201491NN23949,1,9,0,9,0,5,5,0,7,11,3,1,6,1,82,11,3999,1,6,-1,3
201491NN23949,2,21,4,14,0,8,0,0,0,0,1,1,6,1,31,6,15607,2,8,-1,2
201491NN24756,1,9,0,4,0,-1,0,0,0,0,1,1,6,1,80,11,1240,1,7,-1,1
201491NN25039,1,8,0,10,0,8,0,0,0,0,1,1,6,1,37,7,2143,2,-1,-1,3
201491NN25039,2,9,0,18,0,8,0,0,0,0,1,1,2,2,53,8,-1,-1,-1,-1,3
201491NN26209,1,9,0,9,0,1,0,0,0,0,1,1,6,1,31,6,1686,2,4,-1,3
201491NN26209,2,9,0,13,0,1,0,0,1,9,1,1,6,2,50,8,1124,1,6,-1,1
201491NN26286,1,9,0,15,0,0,0,0,0,0,4,1,6,1,68,10,1596,1,1,-1,1
201491NN26286,2,1,0,18,0,0,0,0,0,0,3,1,6,1,38,7,-1,-1,-1,-1,1
201491NN26393,1,3,0,18,0,0,0,0,0,0,0,1,6,1,18,4,-1,-1,-1,-1,-1
201491NN26409,1,9,0,18,0,0,0,0,0,0,1,1,6,1,61,9,1398,2,9,-1,3
201491NN26409,2,9,0,4,0,0,0,0,0,0,2,1,6,2,35,6,-1,-1,-1,-1,2
201491NN26421,1,9,0,18,0,0,0,0,0,0,1,1,6,1,73,10,1598,1,15,-1,1
201491NN26421,2,9,0,18,0,0,0,0,0,0,1,1,6,2,42,7,1598,2,-1,-1,-1
201491NN26733,1,9,0,18,0,4,1,0,0,0,1,1,2,1,29,6,1799,1,4,-1,-1
201491NN26733,2,1,0,18,0,8,0,0,0,0,4,1,2,1,44,7,-1,-1,-1,-1,3
201491NN27153,1,9,0,3,0,4,0,0,0,0,2,1,1,1,38,7,-1,-1,-1,-1,-1
201491NN27153,2,1,0,5,0,4,0,0,0,0,1,1,2,1,33,6,-1,-1,-1,-1,-1
201491NN27245,1,5,0,16,0,0,0,0,7,4,1,1,6,1,45,7,919,1,12,-1,-1
201491NN27288,1,9,0,16,0,0,5,0,7,0,1,1,6,2,20,4,998,1,-1,-1,2
201491NN27506,1,9,0,16,0,0,1,0,0,0,1,1,6,2,52,8,1598,1,3,-1,2
201491NN27506,2,9,0,16,0,0,0,0,0,0,1,1,6,1,74,10,1149,1,7,-1,2
201491NN27562,1,9,0,17,0,0,0,0,7,0,1,1,6,2,85,11,1296,1,6,-1,3
201491NN27562,2,9,0,16,0,0,1,0,0,0,1,1,2,1,19,4,-1,-1,-1,-1,-1
201491NN27774,1,9,0,18,0,0,0,0,0,0,0,1,6,2,40,7,1968,2,4,-1,3
201491NN27774,2,19,0,18,0,0,0,0,0,0,1,1,1,1,58,9,1461,2,4,-1,2
201491NN27934,1,5,0,10,0,1,0,0,0,0,2,1,6,1,55,8,-1,-1,-1,-1,3
201491NN27934,2,5,0,9,0,1,0,0,0,0,2,1,6,1,57,9,998,1,11,-1,3
201491NN27934,3,5,0,9,0,1,1,0,0,0,1,1,6,1,45,7,998,1,7,-1,3
201491NN28056,1,3,0,18,0,0,0,0,0,0,4,1,6,1,19,4,124,1,1,-1,1
201491NN28631,1,98,0,9,0,1,0,0,0,0,2,1,6,1,38,7,-1,-1,-1,1,1
201491NN28631,2,3,0,14,0,1,1,0,0,0,1,1,6,1,20,4,124,1,9,-1,1
201491NN28974,1,19,0,18,0,0,0,0,0,0,3,1,6,1,70,10,2198,2,2,-1,3
201491NN28974,2,9,0,18,0,0,1,0,1,11,3,1,6,1,18,4,1587,1,12,-1,3
201491NN29068,1,3,0,18,0,1,0,0,0,0,1,1,2,2,18,4,102,1,8,-1,3
201491NN29068,2,9,0,4,0,1,0,0,0,0,2,1,2,1,58,9,1560,2,9,-1,1
201491NN29192,1,9,0,18,0,0,0,0,0,0,1,1,2,1,46,8,-1,-1,-1,-1,-1
201491NN29221,1,9,0,18,0,4,0,0,3,4,1,1,6,2,19,4,998,1,3,-1,2
201491NN29631,1,9,0,18,0,8,5,0,7,11,4,1,6,1,22,5,1588,1,10,-1,1
201491NN30031,1,9,0,3,0,0,0,0,0,0,2,1,6,2,41,7,1597,2,-1,-1,1
201491NN30031,2,9,0,18,0,0,0,0,0,0,1,1,6,1,65,9,1560,2,-1,-1,-1
201491NN30412,1,2,0,18,0,3,1,0,0,0,4,1,2,1,21,5,249,1,4,-1,-1
201491NN30552,1,9,0,15,0,0,0,10,0,0,3,1,2,1,29,6,1910,2,6,-1,3
201491NN30552,2,9,0,13,0,0,0,0,0,0,0,1,2,2,42,7,999,1,5,-1,3
201491NN31053,1,9,0,18,0,0,0,0,0,0,4,1,1,1,64,9,-1,-1,-1,-1,-1
201491NN31053,2,20,0,18,0,0,0,0,0,0,3,1,6,1,42,7,-1,2,5,-1,1
201491NN31325,1,9,0,17,0,1,1,0,1,2,4,1,6,1,27,6,1998,1,8,-1,1
201491NN31397,1,9,0,16,0,0,5,0,0,0,1,1,6,2,22,5,998,1,13,-1,3
201491NN31520,1,9,0,18,0,5,0,0,0,0,0,1,6,1,51,8,1996,1,15,-1,1
201491NN31886,1,9,0,18,0,0,0,0,8,4,1,1,2,1,45,7,1299,1,10,-1,3
201491NN31950,1,9,0,7,0,8,0,0,0,0,1,1,6,2,41,7,1798,1,3,-1,1
201491NN31950,2,1,0,18,0,8,1,0,0,0,4,1,6,2,49,8,-1,-1,-1,-1,1
201491NN31963,1,9,0,18,0,6,0,0,0,0,4,1,6,2,50,8,-1,-1,-1,-1,1
201491NN31963,2,9,0,18,0,1,1,0,0,0,4,1,3,1,33,6,1598,1,13,-1,1
201491NN31972,1,3,0,18,0,0,1,0,0,0,1,1,6,1,35,6,124,1,14,-1,1
201491NN31972,2,9,0,18,0,0,0,0,0,0,2,1,6,2,32,6,1422,2,10,-1,3
201491NN31972,3,9,0,18,0,0,0,0,0,0,1,1,6,2,35,6,2231,2,1,-1,3
201491NN32371,1,11,0,1,6,0,0,0,0,0,2,1,1,1,38,7,9000,2,3,-1,1
201491NN32376,1,9,0,3,0,4,0,0,0,0,1,1,6,1,51,8,1995,2,3,-1,1
201491NN32376,2,9,0,3,0,4,0,0,0,0,2,1,2,2,55,8,1994,1,9,-1,1
201491NN32376,3,8,0,10,0,4,0,0,0,0,2,1,1,1,65,9,998,1,4,-1,2
201491NN32572,1,9,0,5,0,4,0,0,0,0,1,1,2,2,43,7,1995,2,-1,-1,3
201491NN32572,2,9,0,3,0,4,0,0,0,0,2,1,6,2,83,11,1339,1,10,-1,3
201491NN32720,1,9,0,18,0,1,0,0,0,0,2,1,6,1,39,7,1240,1,8,-1,3
201491NN32720,2,9,0,18,0,1,0,0,0,0,1,1,6,1,59,9,2268,2,3,-1,1
201491NN32720,3,9,0,18,0,1,0,0,0,0,1,1,6,2,18,4,1975,1,5,-1,3
201491NN33426,1,9,0,17,0,0,0,0,1,10,1,1,6,2,19,4,1240,1,11,-1,2
201491NN33547,1,5,0,9,0,4,0,0,0,0,0,1,6,1,22,5,805,1,1,-1,2
201491NN33737,1,9,0,18,0,0,5,0,7,4,3,1,6,1,37,7,1560,2,5,-1,3
201491NN33907,1,19,0,6,0,0,0,0,0,0,3,1,6,3,-1,-1,-1,-1,-1,-1,-1
201491NN33907,2,1,0,3,0,0,0,0,0,0,1,1,6,1,34,6,-1,-1,-1,-1,-1
201491NN33919,1,9,0,18,0,1,0,0,1,2,2,1,6,1,24,5,1587,1,16,-1,1
201491NN34180,1,9,0,18,0,0,0,0,0,0,4,1,6,2,51,8,1198,1,8,-1,1
201491NN34188,1,9,0,9,0,5,0,0,0,0,4,1,6,1,61,9,2982,2,2,-1,3
201491NN34188,2,1,0,18,0,1,1,0,0,0,1,1,6,1,52,8,-1,-1,-1,-1,1
201491NN34188,3,1,0,18,0,1,1,0,0,0,0,1,6,2,48,8,-1,-1,-1,-1,1
201491NN34384,1,9,0,17,0,0,5,0,1,9,4,1,6,1,22,5,-1,-1,-1,-1,3
201491NN34405,1,9,0,16,0,0,0,0,0,0,1,1,6,1,71,10,1360,1,12,-1,3
201491NN34405,2,21,1,17,0,0,0,0,0,0,3,1,6,1,35,6,12902,2,1,-1,3
201491NN34734,1,1,0,18,0,0,0,0,0,0,3,1,6,2,38,7,-1,-1,-1,-1,1
201491NN34734,2,9,0,18,0,0,0,0,0,0,4,1,6,2,67,10,1560,2,2,-1,1
201491NN34864,1,98,0,18,0,1,0,0,0,0,1,1,6,1,19,4,-1,-1,-1,-1,1
201491NN34864,2,9,0,9,0,5,0,0,0,0,1,1,1,1,52,8,1086,1,3,-1,1
201491NN34872,1,9,0,16,0,0,2,0,7,4,3,1,2,1,20,4,-1,-1,-1,-1,3
201491NN35655,1,9,0,18,0,0,1,0,0,7,2,1,6,1,44,7,1396,1,10,-1,1
201491NN35715,1,9,0,1,0,0,0,0,0,0,3,1,6,2,46,8,-1,-1,-1,-1,2
201491NN35858,1,9,0,18,0,0,5,0,7,1,1,1,6,2,25,5,1560,2,9,-1,3
201491NN37402,1,21,0,18,0,0,0,0,0,0,4,1,1,1,28,6,-1,-1,-1,-1,2
201491NP00054,1,9,0,18,0,0,1,0,7,9,1,1,6,1,68,10,4367,2,1,-1,-1
201491NP00092,1,9,0,16,0,0,0,0,0,0,1,1,6,2,59,9,1968,2,1,-1,-1
201491NP00092,2,9,0,17,0,0,0,0,0,0,1,1,6,1,70,10,1995,2,3,5,1
201491NP00121,1,9,0,18,0,2,0,0,0,0,1,1,6,1,48,8,1997,2,12,-1,3
201491NP00121,2,9,0,3,0,1,0,0,1,0,1,1,6,1,53,8,1995,2,6,-1,2
201491NP00195,1,9,0,8,0,1,0,0,0,0,3,1,6,2,42,7,2997,1,7,-1,3
201491NP00195,2,20,0,17,0,1,0,0,0,0,3,1,6,1,43,7,-1,-1,-1,-1,3
201491NP00477,1,9,0,18,0,0,1,0,0,0,1,1,6,2,36,7,1124,1,9,-1,2
201491NP01185,1,9,0,18,0,1,1,0,7,11,1,1,6,1,75,10,1242,1,3,-1,3
201491NP01501,1,19,0,18,0,0,1,0,0,0,1,1,6,1,21,5,1461,2,9,-1,3
201491NP01501,2,19,0,4,0,0,0,0,0,0,2,1,1,1,38,7,2299,2,3,-1,1
201491NP01505,1,9,0,17,0,0,1,0,1,0,4,1,2,2,24,5,998,1,4,-1,3
201491NP01518,1,9,0,18,0,0,2,0,1,0,3,1,2,1,23,5,1910,2,7,-1,2
201491NP01739,1,9,0,18,0,0,0,0,7,11,1,1,6,2,53,8,1560,2,1,7,3
201491NP02022,1,9,0,18,0,0,1,0,1,11,2,1,6,2,46,8,1753,2,7,-1,3
201491NP02055,1,90,0,18,0,1,1,11,1,9,1,1,2,1,34,6,-1,-1,-1,-1,3
201491NP02055,2,19,0,18,0,2,5,11,1,9,1,1,1,1,67,10,2402,2,3,-1,2
201491NP02055,3,9,0,10,0,1,0,0,0,0,0,1,1,2,29,6,-1,-1,-1,-1,1
201491NP02108,1,9,0,16,0,3,0,0,0,0,1,1,2,2,24,5,1124,1,9,-1,2
201491NP02168,1,9,0,17,0,0,2,0,7,0,4,1,2,2,19,4,-1,-1,-1,-1,1