Accident_Index,Vehicle_Reference,Vehicle_Type,Towing_and_Articulation,Vehicle_Manoeuvre,Vehicle_Location-Restricted_Lane,Junction_Location,Skidding_and_Overturning,Hit_Object_in_Carriageway,Vehicle_Leaving_Carriageway,Hit_Object_off_Carriageway,1st_Point_of_Impact,Was_Vehicle_Left_Hand_Drive?,Journey_Purpose_of_Driver,Sex_of_Driver,Age_of_Driver,Age_Band_of_Driver,Engine_Capacity_(CC),Propulsion_Code,Age_of_Vehicle,Driver_IMD_Decile,Driver_Home_Area_Type
201491NP02260,1,9,0,17,0,0,5,0,1,1,1,1,1,1,49,8,2198,2,2,-1,2
201491NP02274,1,9,0,16,0,0,0,0,0,0,1,1,2,1,69,10,1991,2,4,-1,3
201491NP02274,2,19,0,17,0,0,0,0,7,9,1,1,2,1,52,8,1910,2,7,7,1
201491NP02341,1,9,0,16,0,0,1,0,1,10,1,1,6,1,32,6,1781,1,11,-1,2
201491NP02680,1,9,0,18,0,3,0,0,0,0,1,1,6,1,22,5,1398,1,2,-1,2
201491NP02730,1,9,0,17,0,0,2,0,1,4,2,1,6,1,22,5,-1,-1,-1,-1,2
201491NP02948,1,21,1,16,0,0,5,0,7,0,3,1,1,1,25,5,12419,2,3,-1,1
201491NP03036,1,9,0,18,0,0,5,0,2,10,1,1,6,1,26,6,1149,1,4,-1,3
201491NP03076,1,1,0,7,0,6,1,0,0,0,1,1,6,1,10,2,-1,-1,-1,-1,2
201491NP03076,2,9,0,18,0,1,0,0,0,0,1,1,6,1,60,9,1834,1,14,-1,2
201491NP03140,1,9,0,17,0,0,1,0,7,4,4,1,6,1,64,9,1598,1,7,-1,3
201491NP03451,1,5,0,17,0,0,1,0,0,0,3,1,6,1,26,6,599,1,8,-1,1
201491NP03494,1,90,0,16,0,0,0,0,0,0,1,1,6,1,48,8,2800,2,8,-1,1
201491NP03494,2,9,0,16,0,0,0,0,7,0,2,1,6,2,23,5,1868,2,11,-1,3
201491NP03499,1,9,0,17,0,1,0,0,1,4,1,1,6,2,83,11,1229,1,6,-1,-1
201491NP03550,1,20,0,3,0,0,0,0,0,0,4,1,1,1,50,8,-1,-1,-1,-1,3
201491NP03550,2,1,0,18,0,0,0,0,0,0,3,1,6,1,41,7,-1,-1,-1,-1,-1
201491NP03690,1,9,0,17,0,0,1,0,1,0,3,1,6,1,52,8,1968,2,8,-1,1
201491NP03690,2,9,0,16,0,0,2,0,7,9,1,1,6,2,50,8,1596,1,10,7,1
201491NP03690,3,9,0,16,0,0,0,0,1,0,1,1,6,1,26,6,1388,1,13,5,1
201491NP03720,1,5,0,17,0,1,1,0,0,0,3,1,6,1,61,9,1100,1,13,-1,-1
201491NP03782,1,5,0,13,0,0,1,0,7,0,1,1,6,1,33,6,998,1,2,-1,1
201491NP03782,2,9,0,16,0,0,0,0,0,0,0,1,6,1,38,7,1968,2,6,4,1
201491NP03864,1,9,0,18,0,0,0,0,7,9,3,1,6,2,77,11,1198,1,9,-1,3
201491NP04195,1,20,0,17,0,0,0,0,0,0,0,1,1,1,33,6,2402,2,3,-1,2
201491NP04195,2,9,0,17,0,0,1,0,2,0,1,1,6,2,73,10,1299,1,6,-1,3
201491NP04350,1,9,0,17,0,0,5,0,1,11,3,1,6,1,27,6,1598,1,-1,-1,-1
201491NP04350,2,9,0,18,0,0,5,0,7,11,3,1,6,1,19,4,1988,1,9,-1,3
201491NP04749,1,9,0,9,0,5,0,0,0,0,3,1,6,1,23,5,2402,2,3,-1,3
201491NP04749,2,5,0,13,0,8,0,0,7,0,1,1,6,1,45,7,-1,-1,-1,-1,-1
201491NP05001,1,9,0,17,0,0,5,0,7,10,3,1,6,2,68,10,1796,1,9,-1,1
201491NP05135,1,9,0,16,0,0,0,0,1,0,1,1,6,1,76,11,1995,2,-1,6,1
201491NP05135,2,9,0,17,0,0,0,0,1,0,1,1,6,1,-1,-1,-1,-1,-1,-1,2
201491NP05202,1,9,0,16,0,0,0,6,7,10,1,1,6,1,38,7,1769,1,12,9,1
201491NP05230,1,3,0,7,0,3,0,7,1,1,1,1,6,1,23,5,1298,1,4,7,2
201491NP05254,1,9,0,9,0,5,0,0,1,11,4,1,6,1,74,10,1905,2,17,-1,3
201491NP05254,2,5,0,13,0,1,1,0,3,11,1,1,6,1,59,9,1085,1,16,10,1
201491NP05530,1,3,0,3,0,1,0,0,0,0,4,1,6,1,47,8,-1,-1,-1,-1,-1
201491NP05530,2,10,0,4,0,1,1,0,1,11,4,1,1,1,25,5,-1,-1,-1,-1,2
201491NP05668,1,9,0,18,0,0,2,0,7,9,1,1,6,1,67,10,1598,1,10,7,1
201491NP05779,1,9,0,18,0,0,5,0,7,11,1,1,6,2,59,9,1598,1,10,-1,3
201491NP05968,1,9,0,18,0,0,2,0,7,0,3,1,6,1,73,10,1781,1,15,-1,1
201491NP06434,1,5,0,18,0,3,1,0,0,0,0,1,6,1,44,7,599,1,11,-1,-1
201491NP06533,1,5,0,16,0,0,1,0,7,0,1,1,6,1,34,6,652,1,7,-1,1
201491NP06617,1,9,0,9,7,0,5,0,7,9,4,1,6,1,59,9,1598,2,1,-1,-1
201491NP06617,2,9,0,18,0,0,0,0,1,1,1,1,6,1,34,6,1998,1,9,-1,2
201491NP06627,1,9,0,17,0,0,0,0,1,0,0,1,6,2,54,8,1461,2,6,-1,3
201491NP06728,1,9,0,18,0,0,5,0,1,9,4,1,6,1,57,9,1560,2,-1,-1,-1
201491NP06903,1,9,0,9,0,8,0,0,3,9,2,1,6,1,37,7,1582,2,-1,-1,-1
201491NP06903,2,11,0,18,0,8,0,0,0,0,1,1,1,1,61,9,12000,2,5,-1,3
201491NP07258,1,9,0,17,0,0,2,0,7,9,1,1,2,1,33,6,1781,1,15,-1,3
201491NP07392,1,21,1,13,0,0,0,0,0,0,0,1,1,1,33,6,15607,2,1,-1,3
201491NP07392,2,1,0,18,0,0,0,0,0,0,3,1,6,1,39,7,-1,-1,-1,-1,1
201491NP07392,3,1,0,13,0,0,0,0,1,9,4,1,6,1,29,6,-1,-1,-1,8,1
201491NP07457,1,9,0,17,0,0,2,0,7,11,3,1,6,1,47,8,1368,1,7,-1,3
201491NP07487,1,9,0,16,0,0,0,0,0,0,4,1,6,1,66,10,1199,2,3,-1,1
201491NP07487,2,9,0,17,0,0,0,0,0,0,4,1,6,1,64,9,1461,2,-1,-1,-1
201491NP07567,1,9,0,14,0,0,1,0,0,0,1,1,2,1,20,4,1598,1,12,-1,3
201491NP07567,2,9,0,18,0,0,1,0,1,7,1,1,6,1,18,4,1400,1,8,4,1
201491NP07567,3,21,1,18,0,0,0,0,0,0,0,1,1,1,38,7,12777,2,-1,-1,1
201491NP07661,1,3,0,17,0,0,1,0,0,0,4,1,6,1,69,10,1700,1,3,-1,1
201491NP07674,1,9,0,10,0,1,0,0,0,0,2,1,6,1,45,7,2685,2,9,-1,1
201491NP07674,2,9,0,3,0,8,0,4,0,0,2,1,6,2,58,9,1242,1,3,-1,3
201491NP07674,3,9,0,18,0,1,1,4,0,0,1,1,6,2,25,5,1390,1,11,-1,2
201491NP07750,1,9,0,16,7,0,1,0,1,0,1,1,6,1,52,8,1598,1,15,9,2
201491NP07750,2,9,0,17,7,0,1,0,1,0,3,2,6,1,26,6,-1,-1,-1,-1,-1
201491NP07784,1,9,0,17,0,0,2,0,1,10,4,1,6,1,36,7,998,1,19,9,3
201491NP07828,1,21,1,5,0,0,0,0,1,9,4,1,1,1,24,5,9200,2,5,-1,2
201491NP07840,1,9,0,18,0,0,0,0,0,0,1,1,6,1,36,7,998,1,1,-1,-1
201491NP07840,2,9,0,18,0,0,0,0,0,0,1,1,6,1,50,8,-1,-1,-1,-1,3
201491NP07848,1,9,0,17,0,0,1,0,7,0,0,1,2,2,51,8,1398,2,4,-1,2
201491NP07850,1,9,0,18,0,0,1,0,8,10,3,1,6,1,33,6,1991,2,5,-1,1
201491NP07956,1,5,0,5,-1,1,1,0,0,0,4,1,6,1,46,8,1050,1,-1,-1,-1
201491NP08023,1,9,0,18,0,0,0,0,0,0,0,1,6,1,66,10,1461,2,-1,9,1
201491NP08206,1,9,0,18,0,0,0,0,0,0,1,1,1,1,52,8,1796,1,10,-1,2
201491NP08280,1,9,0,17,0,0,1,0,0,0,1,1,6,2,18,4,973,1,12,-1,3
201491NP08280,2,9,3,18,0,0,0,0,0,0,1,1,6,1,47,8,2494,2,2,-1,1
201491NP08289,1,19,0,13,0,1,0,0,0,0,1,1,1,1,47,8,2402,2,2,-1,-1
201491NP08289,2,9,0,7,0,6,0,0,0,0,1,1,6,1,58,9,1956,2,3,-1,2
201491NP08824,1,9,0,2,6,0,0,0,0,0,0,1,6,1,46,8,1248,2,-1,-1,-1
201491NP08824,2,10,0,2,6,0,0,0,0,0,1,1,1,1,50,8,-1,-1,-1,-1,3
201491NP08987,1,5,0,18,0,0,0,10,0,0,4,1,6,1,42,7,1170,1,-1,-1,-1
201491NP09219,1,9,0,13,0,0,0,0,0,0,0,1,6,2,60,9,1995,2,12,-1,3
201491NP09219,2,5,0,9,0,0,0,0,0,0,3,1,6,1,53,8,897,1,9,-1,1
201491NP09329,1,98,0,18,0,0,0,0,0,0,3,1,1,1,21,5,11021,2,15,-1,3
201491NP09329,2,98,1,18,0,0,0,0,0,0,3,1,1,1,47,8,12882,2,2,-1,1
201491NP09581,1,9,0,18,0,8,0,0,0,0,4,1,6,1,28,6,1798,1,4,1,1
201491NP09581,2,9,0,5,8,6,0,0,0,0,1,1,6,1,49,8,998,1,-1,-1,-1
201491NP09612,1,9,0,18,0,0,0,0,0,0,1,1,6,2,49,8,2184,2,9,3,3
201491NP09612,2,5,0,9,0,0,0,0,0,0,1,1,6,1,45,7,1215,1,-1,-1,2
201491NP09612,3,5,0,17,0,0,0,0,0,0,1,1,6,1,51,8,1298,1,6,4,1
201491NP10523,1,9,0,16,0,0,0,0,0,0,1,1,6,2,17,4,998,1,5,-1,1
201491NP10523,2,19,0,18,0,0,0,0,1,9,1,1,1,1,33,6,2299,2,1,-1,1
201491NP10608,1,21,1,16,0,0,0,0,0,0,3,1,1,1,39,7,4764,2,6,-1,3
201491NP10608,2,21,1,17,0,0,0,0,0,0,3,2,1,1,22,5,-1,-1,-1,-1,-1
201491NP11080,1,9,0,18,0,0,1,0,2,10,1,1,6,2,53,8,1461,2,5,-1,3
201491NP11227,1,9,0,17,0,1,2,0,7,9,1,1,2,2,42,7,1398,2,8,-1,3
201491NP11417,1,9,0,18,0,0,1,0,1,9,1,1,2,1,17,4,1396,1,11,-1,3
201491NP11417,2,11,0,18,0,0,0,0,0,0,1,1,3,1,49,8,9600,2,16,-1,3
201491NP11849,1,9,0,16,0,0,2,0,0,0,0,1,2,1,38,7,-1,-1,-1,-1,1
201491NP12116,1,9,0,9,0,6,0,0,0,0,3,1,6,2,62,9,1598,1,4,-1,3
201491NP12540,1,9,0,18,0,0,0,0,0,0,1,1,6,2,85,11,1198,1,1,-1,2
201491NP12562,1,19,0,17,0,0,2,0,1,9,1,1,1,1,74,10,-1,-1,-1,-1,3
201491NP12785,1,9,0,10,0,0,0,0,0,0,0,1,6,2,26,6,1422,2,10,-1,2
201491NP12785,2,9,0,18,0,0,1,0,0,0,1,1,6,2,24,5,1685,2,-1,2,1
201491NP12917,1,9,0,18,0,1,0,4,0,0,1,1,6,1,84,11,1560,2,2,-1,2
201491NP12917,2,9,0,2,0,1,0,0,0,0,1,1,6,3,-1,-1,1997,2,12,-1,-1
201491NP13026,1,9,0,18,0,0,2,0,1,0,1,1,6,1,53,8,1229,1,-1,-1,3
201491NP13086,1,9,0,18,0,0,2,0,7,9,1,1,6,1,17,4,1149,1,10,-1,-1
201491NP13209,1,9,0,18,0,0,0,0,0,0,1,1,6,1,34,6,1396,2,-1,-1,-1
201491NP13209,2,9,0,16,0,0,0,0,0,0,1,1,6,1,27,6,1699,1,9,5,1
201491NP13209,3,9,0,16,0,0,0,0,0,0,1,1,6,2,63,9,1995,2,9,-1,3
201491NP13224,1,19,0,17,0,0,2,0,1,0,4,1,1,1,50,8,2143,2,1,-1,1
2014921400019,1,9,0,16,9,0,0,0,1,0,1,1,6,3,21,5,-1,-1,-1,-1,-1
2014921400020,1,9,0,9,0,8,0,0,0,0,2,1,2,1,38,7,2958,2,11,-1,3
2014921400022,1,9,0,17,0,0,2,0,8,10,4,1,6,1,17,4,1242,1,7,-1,2
2014921400026,1,9,0,12,0,0,0,0,0,0,0,1,6,1,22,5,3799,1,2,-1,3
2014921400026,2,9,0,18,0,0,0,0,0,0,0,1,6,2,26,6,-1,-1,-1,-1,3
2014921400028,1,9,0,18,0,0,1,0,0,0,4,1,6,1,67,10,-1,-1,-1,-1,3
2014921400028,2,9,0,18,0,0,0,0,1,0,1,1,6,1,40,7,1242,1,2,-1,3
2014921400029,1,3,0,12,0,3,2,10,0,0,4,1,2,1,35,6,124,1,5,-1,1
2014921400034,1,9,0,7,0,2,0,0,1,3,2,1,2,2,27,6,-1,-1,-1,-1,1
2014921400034,2,9,0,18,0,1,0,0,0,0,1,1,2,1,35,6,1968,2,7,-1,1
2014921400036,1,9,0,10,0,1,0,0,0,0,1,1,6,2,30,6,1998,1,14,-1,1
2014921400036,2,1,0,14,0,1,0,0,0,0,1,1,2,2,38,7,-1,-1,-1,-1,1
2014921400037,1,3,0,18,0,0,0,0,1,7,1,1,6,1,19,4,124,1,15,-1,2
2014921400039,1,9,0,9,0,8,0,0,1,4,4,1,6,1,56,9,-1,-1,-1,-1,3
2014921400039,2,21,0,18,0,8,0,0,0,0,3,1,1,1,61,9,5900,2,7,-1,3
2014921400042,1,19,0,14,0,0,0,0,0,0,1,1,1,2,29,6,1461,2,2,-1,1
2014921400042,2,98,0,2,0,0,0,0,0,0,2,1,1,1,42,7,-1,-1,-1,-1,1
2014921400043,1,9,0,18,0,0,0,0,0,0,1,1,2,1,51,8,1242,1,11,-1,3
2014921400043,2,9,0,18,0,0,0,0,1,0,1,1,2,2,36,7,1390,1,5,-1,3
2014921400045,1,9,0,18,0,0,0,0,0,0,1,1,6,1,29,6,1796,1,12,-1,1
2014921400045,2,9,0,18,0,0,0,0,0,0,1,1,6,1,23,5,1997,1,10,-1,-1
2014921400047,1,8,0,18,0,0,0,0,0,0,1,1,1,1,35,6,1560,2,1,-1,3
2014921400049,1,9,0,13,0,0,0,0,0,0,1,1,6,1,25,5,2926,2,15,-1,-1
2014921400049,2,9,0,18,0,0,0,0,0,0,1,1,6,1,43,7,1598,1,10,-1,1
2014921400052,1,9,0,18,0,0,2,0,1,0,4,1,6,1,38,7,2171,2,14,-1,1
2014921400054,1,9,0,5,0,6,0,0,0,0,3,1,6,2,51,8,2179,2,3,-1,3
2014921400054,2,9,0,18,0,8,5,0,0,0,1,1,6,2,18,4,1299,1,12,-1,3
2014921400055,1,19,0,18,0,0,1,0,0,0,1,1,1,1,26,6,2198,2,2,-1,1
2014921400055,2,9,0,9,0,0,0,0,0,0,3,1,2,1,71,10,1198,1,6,-1,3
2014921400056,1,9,0,4,0,0,0,0,0,0,2,1,2,1,27,6,1997,2,2,-1,1
2014921400056,2,9,0,4,0,0,0,0,0,0,2,1,2,1,44,7,1686,2,1,-1,1
2014921400056,3,19,0,4,0,0,0,0,0,0,1,1,2,2,24,5,1995,2,1,-1,1
2014921400056,4,9,0,4,0,0,0,0,0,0,1,1,2,1,25,5,-1,-1,-1,-1,1
2014921400058,1,9,0,17,0,0,1,0,7,7,4,1,6,2,30,6,1590,1,11,-1,3
2014921400058,2,9,0,16,0,0,0,0,0,0,1,1,6,2,39,7,3189,1,11,-1,3
2014921400059,1,9,0,18,0,0,0,10,0,0,0,1,2,1,25,5,-1,-1,-1,-1,3
2014921400060,1,9,0,18,0,1,0,0,0,0,1,1,6,2,18,4,1149,1,9,-1,1
2014921400060,2,9,0,10,0,1,1,0,0,0,2,1,6,1,49,8,1995,2,9,-1,3
2014921400062,1,9,0,18,0,1,0,0,0,0,1,1,2,2,31,6,1968,2,1,-1,1
2014921400062,2,9,0,7,0,8,0,0,1,1,2,1,6,2,39,7,-1,-1,-1,-1,1
2014921400065,1,11,0,5,2,0,0,0,0,0,4,1,1,1,41,7,6700,2,2,-1,1
2014921400067,1,9,0,18,0,8,1,0,2,2,1,1,1,2,32,6,1598,1,2,-1,1
2014921400067,2,9,0,10,0,1,0,0,0,0,1,1,6,2,29,6,1968,2,4,-1,3
2014921400074,1,9,0,18,0,8,0,0,0,0,1,1,6,2,18,4,1229,1,3,-1,1
2014921400074,2,22,0,5,0,8,0,0,0,0,1,1,6,2,85,11,-1,-1,-1,-1,1
2014921400075,1,9,0,18,0,8,2,0,1,7,1,1,6,1,19,4,1896,2,12,-1,2
2014921400076,1,21,0,4,0,1,0,0,0,0,1,1,1,1,54,8,11705,2,6,-1,3
2014921400076,2,9,0,10,0,1,0,0,0,0,2,1,6,2,37,7,1329,1,2,-1,3
2014921400080,1,19,0,16,0,0,2,6,2,11,3,1,1,1,46,8,1995,2,3,-1,3
2014921400080,2,9,0,17,0,0,0,0,0,0,3,1,6,1,18,4,1149,1,4,-1,1
2014921400081,1,9,0,17,0,2,5,0,7,10,4,1,6,1,18,4,1242,1,7,-1,3
2014921400086,1,9,0,17,0,0,0,0,1,11,1,1,1,1,24,5,-1,-1,-1,-1,2
2014921400089,1,9,0,17,0,0,2,0,7,11,1,1,6,1,24,5,-1,-1,-1,-1,2
2014921400093,1,9,0,14,0,0,0,0,0,0,4,1,2,1,36,7,2982,2,2,-1,3
2014921400096,1,9,0,18,0,8,0,0,0,0,3,1,6,3,30,6,-1,-1,-1,-1,-1
2014921400097,1,9,0,18,0,1,0,0,0,0,1,1,6,2,39,7,1997,1,4,-1,3
2014921400097,2,9,0,10,0,1,0,0,0,0,2,1,6,2,31,6,1781,1,8,-1,3
2014921400098,1,9,0,16,0,0,2,10,1,11,1,1,6,2,48,8,1587,1,10,-1,3
2014921400102,1,9,0,16,0,0,5,0,8,7,3,1,6,1,25,5,1796,1,12,-1,3
2014921400109,1,11,0,4,0,0,0,0,0,0,1,1,1,1,50,8,8268,2,13,-1,-1
2014921400110,1,9,0,18,0,0,0,0,0,0,1,1,6,1,22,5,1686,2,2,-1,1
2014921400110,2,9,0,18,0,0,0,0,7,2,1,1,6,1,20,4,-1,-1,-1,-1,-1
2014921400114,1,9,0,18,0,0,0,0,7,4,1,1,6,1,80,11,1461,2,4,-1,3
2014921400117,1,19,0,18,0,0,0,0,0,0,3,1,1,2,22,5,2402,2,3,-1,3
2014921400117,2,19,0,18,0,0,0,0,0,0,3,1,1,1,22,5,-1,-1,-1,-1,1
2014921400117,3,9,0,18,0,0,0,0,0,0,1,1,6,2,52,8,1896,2,4,-1,3
2014921400119,1,9,0,18,0,0,0,0,0,0,1,1,2,1,31,6,1997,1,11,-1,1
2014921400119,2,9,0,18,0,0,0,0,4,6,2,1,6,1,35,6,1968,1,8,-1,1
2014921400121,1,9,0,18,0,0,0,0,0,0,1,1,6,2,37,7,1995,2,15,-1,1
2014921400124,1,9,0,9,0,8,0,0,0,0,1,1,6,1,42,7,1968,2,3,-1,3
2014921400126,1,9,0,18,0,0,2,0,1,0,4,1,6,1,66,10,3059,2,16,-1,2
2014921400127,1,8,0,18,0,8,0,0,0,0,1,1,1,2,43,7,1997,2,6,-1,1
2014921400132,1,19,0,9,0,6,0,0,0,0,3,1,1,1,64,9,2198,2,8,-1,1
2014921400132,2,3,0,18,0,1,1,0,0,0,1,1,2,1,20,4,124,1,4,-1,1
2014921400136,1,9,0,18,0,0,1,0,1,0,3,1,2,1,25,5,1596,1,7,-1,1
2014921400137,1,9,0,9,0,1,0,0,0,0,1,1,1,2,38,7,1598,1,2,-1,1
2014921400137,2,21,0,10,0,1,0,0,0,0,4,1,1,1,48,8,9200,2,9,-1,3
2014921400137,3,19,0,18,0,1,0,0,7,0,3,1,1,1,64,9,2143,2,4,-1,3
2014921400141,1,9,0,16,0,0,5,0,7,4,3,1,6,1,60,9,1994,2,14,-1,3
2014921400143,1,8,0,18,0,1,1,7,4,6,1,1,1,1,41,7,1995,2,6,-1,3
2014921400143,2,9,0,7,0,6,2,0,2,9,2,1,1,2,40,7,-1,-1,-1,-1,3
2014921400145,1,17,4,16,0,8,3,0,0,0,3,1,1,1,43,7,-1,2,5,-1,3
2014921400145,2,9,0,17,0,8,0,0,1,11,3,1,6,2,62,9,1596,1,10,-1,3
2014921400146,1,9,0,5,0,6,0,0,1,0,4,1,2,1,26,6,-1,-1,-1,-1,3
2014921400146,2,20,0,13,0,1,0,0,4,0,1,1,1,1,41,7,-1,-1,-1,-1,3
2014921400146,3,9,0,10,0,1,0,0,0,0,1,1,6,2,32,6,1991,2,7,-1,3
2014921400151,1,9,0,16,0,0,5,0,7,11,1,1,6,2,38,7,2179,2,3,-1,3
2014921400153,1,9,0,9,0,6,0,0,0,0,1,1,6,2,25,5,-1,-1,-1,-1,3
2014921400153,2,9,0,18,0,1,0,0,0,0,1,1,6,1,85,11,2179,2,3,-1,3
2014921400156,1,19,0,18,0,1,0,4,0,0,1,1,1,1,37,7,-1,-1,-1,-1,1
2014921400156,2,21,0,2,0,1,0,0,0,0,2,1,1,1,65,9,12900,2,8,-1,3
2014921400157,1,9,0,4,0,0,0,0,0,0,1,1,2,1,23,5,1248,2,1,-1,3
2014921400157,2,9,0,4,0,0,0,0,0,0,2,1,2,2,46,8,998,1,9,-1,2
2014921400157,3,9,0,18,0,0,0,0,0,0,2,1,6,1,40,7,2400,2,3,-1,3
2014921400159,1,9,0,16,0,0,1,0,7,4,1,1,6,1,23,5,-1,-1,-1,-1,3
2014921400160,1,5,0,18,0,1,0,0,0,0,1,1,6,1,54,8,798,1,4,-1,3
2014921400160,2,9,0,9,0,5,0,0,0,0,3,1,6,1,62,9,1796,1,8,-1,3
2014921400161,1,9,0,17,0,0,0,0,7,0,1,1,6,2,56,9,1598,1,9,-1,2
2014921400161,2,9,0,16,0,0,1,0,7,0,1,1,6,1,57,9,1910,2,9,-1,2
2014921400162,1,9,0,4,0,0,0,0,0,0,1,1,2,1,40,7,-1,-1,-1,-1,1
2014921400162,2,9,0,4,0,0,0,0,0,0,2,1,2,1,55,8,2204,2,5,-1,-1
2014921400165,1,19,0,16,0,0,2,10,7,11,3,1,2,1,45,7,1997,2,8,-1,3
2014921400168,1,9,0,10,0,1,0,0,0,0,3,1,6,2,34,6,2993,2,6,-1,-1
2014921400171,1,9,0,18,0,0,0,0,7,0,3,1,1,2,75,10,1389,1,9,-1,2
2014921400171,2,9,0,18,0,0,0,0,1,5,3,1,2,2,47,8,1998,1,7,-1,3
2014921400175,1,9,0,17,0,0,0,0,5,6,3,1,2,2,35,6,1398,1,2,-1,3
2014921400175,2,9,0,17,0,0,0,0,5,0,1,1,6,1,28,6,2488,1,7,-1,1
2014921400182,1,19,0,5,0,8,0,0,0,0,1,1,6,1,63,9,2198,2,3,-1,1
2014921400182,2,5,0,18,0,8,0,0,0,0,1,1,6,1,47,8,1157,1,13,-1,1
2014921400187,1,9,0,7,0,8,0,0,0,0,3,1,1,1,59,9,1997,2,5,-1,1
2014921400187,2,9,0,18,0,1,0,0,7,0,1,1,2,2,59,9,1329,1,5,-1,3
2014921400188,1,9,0,18,0,8,1,0,0,0,1,1,6,1,27,6,1242,1,17,-1,1
2014921400188,2,9,0,10,0,8,0,0,0,0,2,1,6,2,46,8,1598,1,4,-1,1
2014921400190,1,9,0,17,0,0,0,0,0,0,1,1,6,1,80,11,998,1,5,-1,1
2014921400190,2,19,0,18,0,0,0,0,0,0,1,1,2,1,47,8,1248,2,2,-1,1
2014921400193,1,17,0,18,0,0,0,4,0,0,1,1,1,1,65,9,953,2,7,-1,3
2014921400193,2,10,0,18,0,0,0,0,0,0,1,1,1,2,34,6,-1,-1,-1,-1,3
2014921400193,3,9,0,2,0,0,0,0,0,0,2,1,3,2,62,9,1388,1,8,-1,-1
2014921400194,1,9,0,18,0,8,0,0,1,7,3,1,6,2,70,10,1398,1,2,-1,1
2014921400194,2,9,0,18,0,8,0,0,0,0,4,1,6,1,25,5,2143,2,1,-1,1
2014921400196,1,9,0,5,8,1,0,11,0,0,0,1,1,1,50,8,1679,1,13,-1,3
2014921400196,2,1,0,18,0,8,0,0,0,0,4,1,2,1,42,7,-1,-1,-1,-1,1
2014921400197,1,9,0,16,0,0,2,0,1,11,1,1,1,1,25,5,1850,1,15,-1,3
2014921400198,1,9,0,13,0,0,5,0,7,11,1,1,6,2,18,4,1229,1,6,-1,1
2014921400200,1,11,0,7,3,5,0,0,0,0,1,1,1,1,50,8,3900,2,9,-1,2
2014921400202,1,9,0,18,0,8,0,0,0,0,1,1,2,1,35,6,3189,1,10,-1,3
2014921400202,2,9,0,3,0,8,0,0,0,0,2,1,2,2,27,6,1398,1,1,-1,1
2014921400203,1,9,0,18,0,8,0,0,0,0,1,1,2,1,20,4,1149,1,8,-1,2
2014921400203,2,9,0,18,0,8,0,0,1,11,1,1,2,1,53,8,2179,2,3,-1,3
2014921400204,1,9,0,18,0,8,0,0,0,0,3,1,6,1,53,8,1991,2,6,-1,3
2014921400205,1,21,1,18,0,1,0,0,0,0,0,1,1,1,43,7,-1,-1,-1,-1,1
2014921400205,2,10,0,7,0,1,0,0,0,0,0,2,1,1,40,7,-1,-1,-1,-1,-1
2014921400206,1,9,0,16,0,0,0,6,1,10,1,1,6,2,17,4,1560,2,2,-1,1
2014921400207,1,9,0,16,0,0,2,0,0,0,1,1,6,1,27,6,2521,1,7,-1,3
2014921400208,1,9,0,16,0,0,2,0,1,11,1,1,6,2,24,5,1995,2,12,-1,3
2014921400211,1,9,0,18,0,0,1,7,6,1,1,1,6,1,22,5,1598,1,4,-1,1
2014921400212,1,9,0,18,0,0,0,0,0,0,1,1,6,2,39,7,1390,1,10,-1,1
2014921400213,1,9,0,17,0,0,1,0,7,0,1,1,2,1,37,7,1299,1,10,-1,3
2014921400214,1,9,0,10,0,1,1,4,0,0,2,1,6,2,25,5,1896,2,13,-1,3
2014921400214,2,9,0,18,0,1,1,4,0,0,2,1,6,1,25,5,1560,2,1,-1,2
2014921400214,3,9,0,18,0,1,1,4,0,0,2,1,6,1,25,5,1998,2,7,-1,-1
2014921400215,1,9,0,2,0,0,0,0,0,0,2,1,6,1,66,10,1598,2,1,-1,2
2014921400215,2,9,0,2,0,0,0,0,0,0,2,1,1,1,30,6,-1,-1,-1,-1,1
2014921400215,3,9,0,18,0,0,0,1,0,0,1,1,6,2,19,4,973,1,15,-1,2
2014921400218,1,9,0,6,0,8,0,0,0,0,3,1,6,2,29,6,1395,1,1,-1,1
2014921400218,2,9,0,18,0,1,0,0,0,0,1,1,6,2,58,9,1108,1,10,-1,-1
2014921400221,1,9,0,17,0,0,1,0,7,3,3,1,6,1,27,6,1997,1,7,-1,3
2014921400223,1,9,0,18,0,0,2,0,7,9,1,1,1,1,29,6,-1,-1,-1,-1,1
2014921400223,2,17,4,18,0,0,0,0,0,0,1,1,1,1,38,7,-1,2,7,-1,3
2014921400223,3,17,4,18,0,0,0,0,1,11,3,1,1,1,26,6,6728,2,4,-1,3
2014921400225,1,9,0,18,0,8,0,0,0,0,4,1,6,2,21,5,1242,1,7,-1,1
2014921400225,2,9,0,7,0,6,0,0,1,7,3,1,6,2,78,11,1598,1,6,-1,-1
2014921400226,1,11,0,16,0,1,0,0,1,0,1,1,1,1,28,6,12600,2,10,-1,2
2014921400226,2,19,0,9,0,1,0,0,7,0,2,1,1,1,23,5,1896,2,6,-1,2
2014921400226,3,9,0,17,0,1,0,0,0,0,3,1,2,1,64,9,2231,2,3,-1,1