Accident_Index,Vehicle_Reference,Vehicle_Type,Towing_and_Articulation,Vehicle_Manoeuvre,Vehicle_Location-Restricted_Lane,Junction_Location,Skidding_and_Overturning,Hit_Object_in_Carriageway,Vehicle_Leaving_Carriageway,Hit_Object_off_Carriageway,1st_Point_of_Impact,Was_Vehicle_Left_Hand_Drive?,Journey_Purpose_of_Driver,Sex_of_Driver,Age_of_Driver,Age_Band_of_Driver,Engine_Capacity_(CC),Propulsion_Code,Age_of_Vehicle,Driver_IMD_Decile,Driver_Home_Area_Type
2014921400228,1,9,0,18,0,0,1,0,1,11,1,1,6,2,35,6,1242,1,11,-1,2
2014921400229,1,9,0,18,0,0,0,0,0,0,1,1,6,1,22,5,1796,1,7,-1,2
2014921400230,1,9,0,17,0,0,0,0,7,9,0,1,1,1,20,4,1396,1,10,-1,3
2014921400231,1,9,0,18,0,0,0,0,7,9,1,1,6,1,18,4,2143,2,4,-1,3
2014921400231,2,9,0,9,0,5,0,0,1,0,3,1,6,1,44,7,1560,2,2,-1,3
2014921400232,1,9,0,18,0,0,0,0,0,0,1,1,6,1,85,11,1240,1,10,-1,1
2014921400232,2,1,0,18,0,0,0,0,1,0,2,1,6,1,40,7,-1,-1,-1,-1,1
2014921400233,1,9,0,18,0,0,5,0,7,0,1,1,6,1,18,4,1229,1,9,-1,3
2014921400237,1,9,0,5,0,1,0,0,0,0,0,1,6,1,22,5,1997,1,9,-1,1
2014921400238,1,3,0,18,0,8,0,0,0,0,1,1,6,1,17,4,125,1,6,-1,3
2014921400238,2,9,0,9,0,8,0,0,0,0,1,1,6,1,21,5,1598,1,8,-1,1
2014921400239,1,9,0,18,0,0,5,0,1,11,1,1,6,2,18,4,1198,1,8,-1,1
2014921400241,1,9,0,16,0,0,5,10,2,10,4,1,6,1,20,4,1997,1,9,-1,3
2014921400242,1,9,0,9,0,6,0,0,0,0,1,1,6,1,29,6,1798,1,9,-1,1
2014921400242,2,9,0,18,0,1,0,0,0,0,1,1,6,1,65,9,1595,1,-1,-1,1
2014921400243,1,9,0,4,0,2,0,0,0,0,1,1,6,1,30,6,1582,2,3,-1,1
2014921400243,2,9,0,18,0,8,0,0,0,0,3,1,1,1,69,10,1796,1,9,-1,1
2014921400247,1,9,0,5,0,1,0,0,0,0,1,1,6,2,49,8,1951,2,9,-1,-1
2014921400247,2,9,0,8,0,1,0,0,0,0,2,1,6,1,43,7,1598,1,5,-1,3
2014921400248,1,9,0,18,0,1,1,0,0,0,1,1,6,2,22,5,998,1,4,-1,3
2014921400248,2,9,0,3,0,1,0,0,0,0,2,1,1,1,36,7,1997,2,1,-1,-1
2014921400249,1,1,0,18,9,2,0,0,0,0,0,1,6,1,18,4,-1,-1,-1,-1,3
2014921400249,2,9,0,18,9,2,0,11,1,0,1,1,6,3,27,6,-1,-1,-1,-1,-1
2014921400250,1,1,0,18,0,0,0,0,0,0,1,1,2,2,20,4,-1,-1,-1,-1,1
2014921400258,1,9,0,9,0,3,0,0,0,0,3,1,1,2,48,8,1781,1,13,-1,1
2014921400258,2,21,1,9,0,3,0,0,0,0,4,1,1,3,40,7,-1,-1,-1,-1,-1
2014921400259,1,9,0,6,8,0,0,0,0,0,3,1,1,1,65,9,2398,1,16,-1,-1
2014921400259,2,1,0,18,0,0,0,0,0,0,1,1,2,1,32,6,-1,-1,-1,-1,1
2014921400260,1,9,0,18,0,1,0,10,0,0,1,1,2,1,58,9,2179,2,6,-1,1
2014921400260,2,19,0,10,0,1,0,10,0,0,2,1,1,1,46,8,2463,2,9,-1,3
2014921400263,1,8,0,9,0,8,0,0,0,0,1,1,1,1,28,6,1598,2,3,-1,1
2014921400265,1,9,0,9,0,8,0,0,0,0,1,1,6,1,59,9,1796,1,11,-1,3
2014921400265,2,1,0,18,0,8,5,0,0,0,1,1,6,1,25,5,-1,-1,-1,-1,1
2014921400267,1,98,0,9,0,0,0,0,0,0,1,1,1,1,57,9,2198,2,2,-1,1
2014921400267,2,1,0,18,0,0,0,0,0,0,1,1,2,1,47,8,-1,-1,-1,-1,1
2014921400269,1,19,0,9,0,8,0,0,0,0,3,1,2,1,45,7,1998,2,11,-1,1
2014921400272,1,9,0,7,0,6,0,0,0,0,3,1,6,2,87,11,1590,1,21,-1,2
2014921400272,2,9,0,4,0,8,0,0,0,0,3,1,6,1,33,6,1339,1,2,-1,1
2014921400272,3,5,0,18,0,1,1,0,7,0,1,1,6,1,26,6,599,1,5,-1,-1
2014921400275,1,9,0,18,0,0,5,0,1,0,1,1,6,1,80,11,1560,2,-1,7,1
2014921400278,1,9,0,16,0,0,1,0,0,0,1,1,6,1,27,6,3000,1,16,-1,3
2014921400278,2,9,0,18,0,0,0,0,1,11,1,1,1,1,64,9,1339,1,-1,-1,1
2014921400279,1,9,0,17,0,0,5,0,1,11,1,1,2,1,56,9,2835,2,15,-1,1
2014921400291,1,9,0,9,0,6,0,0,0,0,1,1,2,2,28,6,2204,2,9,-1,1
2014921400291,2,1,0,18,0,1,0,0,0,0,1,1,1,1,39,7,-1,-1,-1,-1,-1
2014921400295,1,9,0,16,0,0,2,0,8,11,1,1,6,2,17,4,1229,1,3,-1,3
2014921400296,1,9,0,17,0,3,0,0,0,0,1,1,6,1,16,4,1587,1,13,-1,3
2014921400296,2,9,0,18,0,1,0,0,0,0,1,1,6,1,64,9,4367,2,1,-1,-1
2014921400299,1,9,0,17,0,0,0,0,1,4,1,1,6,1,30,6,1242,1,10,-1,2
2014921400300,1,9,0,9,0,8,0,0,0,0,4,1,6,2,20,4,1598,1,3,-1,1
2014921400300,2,5,0,17,0,1,0,0,0,0,1,1,6,1,20,4,599,1,18,-1,1
2014921400303,1,9,0,16,0,0,2,0,7,11,1,1,1,1,21,5,1198,1,7,-1,2
2014921400304,1,9,0,7,0,6,0,0,0,0,3,1,6,1,19,4,1229,1,9,-1,1
2014921400304,2,1,0,18,0,8,0,0,0,0,1,1,6,2,35,6,-1,-1,-1,-1,1
2014921400306,1,9,0,18,0,1,0,0,0,0,1,1,6,1,36,7,998,1,11,-1,2
2014921400306,2,9,0,3,0,1,0,0,0,0,2,1,6,1,38,7,1297,1,24,-1,2
2014921400310,1,19,0,18,0,0,0,0,1,5,3,1,1,1,35,6,2143,2,1,-1,1
2014921400311,1,9,0,17,0,0,5,10,1,11,4,1,6,1,19,4,1998,1,9,-1,3
2014921400312,1,9,0,9,0,5,0,0,0,0,1,1,2,2,50,8,1560,2,2,-1,-1
2014921400312,2,1,0,18,0,8,0,0,0,0,3,1,2,1,26,6,-1,-1,-1,-1,1
2014921400314,1,9,0,9,0,8,0,0,0,0,4,1,6,1,37,7,1896,2,12,-1,1
2014921400314,2,5,0,18,0,1,0,0,0,0,1,1,6,1,47,8,-1,-1,-1,-1,3
2014921400315,1,9,0,18,0,0,0,0,0,0,1,1,2,1,27,6,1560,2,2,-1,2
2014921400315,2,9,0,16,0,0,0,0,0,0,1,1,1,2,52,8,-1,-1,-1,-1,3
2014921400319,1,9,0,18,0,0,0,0,0,0,1,1,6,3,-1,-1,-1,-1,-1,-1,-1
2014921400321,1,9,0,16,0,0,2,0,1,0,1,1,6,2,48,8,1686,2,11,-1,3
2014921400324,1,9,0,16,0,1,0,0,0,0,1,1,2,1,47,8,698,1,11,-1,-1
2014921400324,2,9,0,17,0,1,0,0,0,0,1,1,6,2,21,5,1242,1,2,-1,3
2014921400325,1,9,0,17,0,0,0,0,7,1,1,1,2,1,33,6,2990,1,18,-1,2
2014921400326,1,1,0,18,0,8,0,0,0,0,1,1,2,1,30,6,-1,-1,-1,-1,1
2014921400326,2,9,0,5,0,8,0,0,0,0,4,1,2,2,48,8,1998,1,14,-1,1
2014921400327,1,9,0,9,0,8,0,0,0,0,1,1,2,2,26,6,1796,1,3,-1,1
2014921400329,1,9,0,4,0,0,0,0,0,0,1,1,1,1,17,4,1451,2,9,-1,2
2014921400329,2,9,0,4,0,0,0,0,0,0,2,1,1,2,45,7,1598,2,1,-1,3
2014921400331,1,9,0,18,0,1,0,0,0,0,1,1,6,2,63,9,-1,-1,-1,-1,3
2014921400332,1,9,0,16,0,0,0,0,0,0,3,1,6,1,66,10,1388,1,9,-1,2
2014921400332,2,9,0,17,0,0,0,0,0,0,3,1,6,1,25,5,1364,1,7,-1,2
2014921400333,1,2,5,18,0,0,0,0,0,0,3,1,6,1,16,4,50,1,7,-1,2
2014921400335,1,9,0,16,0,0,2,0,7,11,1,1,6,1,17,4,1242,1,7,-1,3
2014921400336,1,9,0,17,9,0,2,0,1,11,1,1,6,2,71,10,-1,-1,-1,-1,3
2014921400337,1,9,0,5,0,4,0,0,0,0,1,1,6,1,51,8,1149,1,5,-1,1
2014921400337,2,8,0,18,0,8,0,0,1,7,4,1,6,1,50,8,1910,2,6,-1,1
2014921400339,1,19,0,18,0,1,0,0,0,0,4,1,1,1,43,7,2198,2,1,-1,3
2014921400339,2,1,0,5,0,1,5,0,0,0,1,1,2,1,49,8,-1,-1,-1,-1,-1
2014921400340,1,9,0,18,0,0,0,0,0,0,0,1,6,2,50,8,1498,1,4,-1,2
2014921400348,1,9,0,18,0,0,0,12,7,11,1,1,6,2,27,6,1598,1,8,-1,3
2014921400349,1,9,0,13,0,0,0,0,0,0,0,1,6,1,20,4,1796,1,6,-1,1
2014921400349,2,9,0,16,0,0,0,0,2,0,1,1,2,1,52,8,1390,1,13,-1,1
2014921400349,3,9,0,17,0,0,5,5,0,0,3,1,6,2,37,7,1461,2,6,-1,3
2014921400351,1,21,0,18,0,0,2,0,0,0,1,1,1,1,63,9,5900,2,13,-1,3
2014921400352,1,1,0,18,0,2,0,0,0,0,1,1,1,1,20,4,-1,-1,-1,-1,1
2014921400355,1,9,0,1,9,8,0,0,0,0,4,1,6,2,40,7,-1,-1,-1,-1,3
2014921400357,1,3,0,18,0,8,0,0,0,0,1,1,6,1,16,4,125,1,4,-1,1
2014921400357,2,9,0,9,0,8,0,0,0,0,3,1,6,1,25,5,1896,2,12,-1,1
2014921400360,1,9,0,18,0,0,0,0,0,0,3,1,6,1,62,9,1796,1,11,-1,3
2014921400360,2,3,0,18,0,0,0,0,0,0,4,1,6,1,19,4,650,1,14,-1,-1
2014921400362,1,90,0,5,0,1,0,0,0,0,3,1,1,1,85,11,-1,-1,-1,-1,1
2014921400366,1,9,0,10,0,6,0,0,0,0,1,1,2,2,32,6,-1,-1,-1,-1,1
2014921400366,2,9,0,18,0,8,0,0,1,4,1,1,2,1,26,6,1398,1,3,-1,1
2014921400369,1,9,0,18,0,0,0,0,0,0,4,1,6,2,23,5,973,1,12,-1,2
2014921400370,1,9,0,18,0,0,0,0,0,0,1,1,1,1,53,8,-1,-1,-1,-1,1
2014921400370,2,9,0,18,0,0,0,0,1,11,1,1,6,1,24,5,1461,2,1,-1,2
2014921400371,1,9,0,5,0,4,0,0,0,0,3,1,6,1,59,9,1686,2,6,-1,-1
2014921400372,1,9,0,18,0,4,0,9,2,10,1,1,6,1,28,6,1968,2,8,-1,-1
2014921400376,1,9,0,18,0,8,0,0,0,0,1,1,6,1,31,6,1686,2,1,-1,1
2014921400376,2,8,0,18,0,8,5,0,1,10,3,1,1,1,46,8,1910,2,9,-1,1
2014921400377,1,11,0,18,0,4,0,0,0,0,1,1,1,1,21,5,7300,2,7,-1,1
2014921400377,2,9,0,7,0,4,0,0,0,0,4,1,6,1,66,10,2967,2,2,-1,3
2014921400379,1,9,0,12,0,0,0,0,1,0,1,1,6,2,28,6,1299,1,8,-1,-1
2014921400379,2,21,1,18,0,0,3,0,1,0,1,1,1,1,45,7,12419,2,7,-1,2
2014921400379,3,9,0,18,0,0,0,0,1,0,1,1,1,1,42,7,1198,1,1,-1,2
2014921400379,4,9,0,18,0,0,0,11,1,10,4,1,6,2,27,6,-1,-1,-1,-1,1
2014921400386,1,9,0,9,0,8,0,0,0,0,4,1,6,2,51,8,1229,1,2,-1,1
2014921400386,2,3,0,18,0,8,0,0,0,0,1,1,2,1,25,5,125,1,3,-1,1
2014921400391,1,9,0,17,0,1,0,0,0,0,1,1,2,2,30,6,1398,1,4,-1,1
2014921400391,2,9,0,16,0,2,0,0,0,0,1,1,2,1,37,7,1086,1,10,-1,1
2014921400392,1,1,0,7,0,4,0,0,0,0,1,1,6,1,30,6,-1,-1,-1,-1,1
2014921400392,2,9,0,11,0,3,0,0,0,0,1,1,6,1,40,7,-1,-1,-1,-1,-1
2014921400393,1,19,0,4,0,8,0,0,0,0,2,1,1,1,54,8,1995,2,-1,-1,3
2014921400393,2,9,0,9,0,8,0,0,0,0,1,1,6,2,23,5,1591,1,-1,-1,1
2014921400394,1,9,0,17,0,0,0,0,7,4,1,1,6,2,18,4,1229,1,2,-1,3
2014921400395,1,9,0,17,0,0,0,10,1,2,4,1,1,1,63,9,2800,1,35,-1,3
2014921400396,1,5,0,17,0,0,1,0,1,11,1,1,6,1,35,6,885,1,21,-1,3
2014921400397,1,9,0,14,0,1,0,0,0,0,1,1,6,3,30,6,1796,1,10,-1,-1
2014921400398,1,9,0,7,0,2,0,0,0,0,1,1,6,2,56,9,1397,1,5,-1,1
2014921400398,2,1,0,4,0,1,0,0,0,0,2,1,2,1,48,8,-1,-1,-1,-1,1
2014921400399,1,9,0,17,0,0,1,0,0,0,1,1,2,1,36,7,2493,1,15,-1,3
2014921400399,2,9,0,18,0,0,0,0,0,0,1,1,2,2,57,9,-1,-1,-1,-1,1
2014921400399,3,9,0,18,0,0,0,0,0,0,1,1,2,2,48,8,1242,1,2,-1,1
2014921400401,1,8,0,18,0,8,0,0,0,0,3,1,1,1,44,7,1560,2,1,-1,1
2014921400403,1,9,0,13,0,0,1,0,7,0,1,1,2,2,20,4,1124,1,16,-1,1
2014921400403,2,1,0,18,4,0,0,0,0,0,1,1,6,1,47,8,-1,-1,-1,-1,1
2014921400405,1,8,0,18,0,0,5,0,3,10,1,1,1,1,42,7,1991,2,5,-1,1
2014921400407,1,9,0,18,0,1,0,0,0,0,1,1,6,2,57,9,1149,1,6,-1,1
2014921400407,2,9,0,10,0,1,0,0,0,0,2,1,6,1,62,9,-1,-1,-1,-1,1
2014921400409,1,9,0,16,0,0,1,10,1,11,3,1,2,1,21,5,1598,1,6,-1,1
2014921400410,1,9,0,18,0,1,0,0,0,0,1,1,1,1,18,4,1364,1,5,-1,3
2014921400410,2,9,0,18,0,1,0,0,0,0,1,1,6,2,52,8,1560,2,1,-1,1
2014921400411,1,19,0,15,0,0,0,11,0,0,0,1,6,3,-1,-1,-1,-1,-1,-1,-1
2014921400414,1,9,0,9,0,6,0,0,0,0,3,1,2,2,36,7,2148,2,9,-1,3
2014921400414,2,19,0,18,0,8,0,0,0,0,1,1,2,1,36,7,2402,2,9,-1,1
2014921400416,1,9,0,17,0,0,2,0,2,10,1,1,6,1,26,6,3246,1,11,-1,2
2014921400417,1,9,0,18,0,0,0,0,0,0,1,1,6,2,32,6,1242,1,3,-1,3
2014921400417,2,9,0,4,0,0,0,0,0,0,2,1,6,2,36,7,2993,2,4,-1,3
2014921400417,3,9,0,18,0,0,2,0,7,9,3,1,6,1,68,10,1461,2,-1,-1,1
2014921400417,4,9,0,3,0,0,0,0,0,0,2,1,6,2,42,7,1968,2,5,-1,3
2014921400418,1,9,0,18,0,0,0,4,0,0,1,1,6,1,26,6,1896,2,17,-1,1
2014921400418,2,9,0,2,0,0,0,0,0,0,3,1,6,1,37,7,1596,1,6,-1,-1
2014921400418,3,9,0,2,0,0,0,0,0,0,2,1,6,1,67,10,1995,2,6,-1,-1
2014921400418,4,9,0,2,0,0,0,0,1,11,2,1,6,2,34,6,1399,2,10,-1,-1
2014921400419,1,9,0,18,0,2,0,0,0,0,4,1,2,1,57,9,-1,-1,-1,-1,1
2014921400420,1,9,0,9,0,1,0,0,0,0,1,1,6,2,34,6,1986,2,9,-1,-1
2014921400420,2,9,0,18,0,1,0,0,1,0,1,1,6,2,48,8,2204,2,9,-1,2
2014921400422,1,9,0,16,0,0,5,0,7,11,1,1,6,1,30,6,2198,1,10,-1,1
2014921400424,1,9,0,7,0,6,0,0,0,0,0,1,1,1,38,7,1968,2,4,-1,1
2014921400424,2,9,0,4,0,5,0,0,0,0,1,1,6,2,25,5,2976,1,12,-1,-1
2014921400424,3,9,0,9,0,6,0,0,0,0,1,1,1,1,49,8,1396,1,12,-1,1
2014921400427,1,3,0,13,0,8,0,0,0,0,1,1,6,1,29,6,125,1,2,-1,1
2014921400427,2,9,0,9,0,8,0,0,0,0,3,1,6,2,36,7,1796,1,13,-1,1
2014921400428,1,9,0,5,0,8,0,0,0,0,1,1,6,2,41,7,1598,1,10,-1,1
2014921400428,2,1,0,18,4,8,0,0,0,0,4,1,1,1,53,8,-1,-1,-1,-1,1
2014921400431,1,9,0,18,0,0,1,0,7,11,4,1,6,2,26,6,1398,2,10,-1,1
2014921400438,1,19,0,18,0,1,1,0,0,0,4,1,1,1,59,9,-1,-1,-1,-1,3
2014921400438,2,1,0,18,0,1,0,0,0,0,3,1,6,1,10,2,-1,-1,-1,-1,3
2014921400440,1,9,0,18,0,0,0,0,0,0,1,1,6,1,54,8,1560,2,3,-1,2
2014921400440,2,9,0,18,0,0,0,0,0,0,1,1,6,1,81,11,1390,1,3,-1,3
2014921400441,1,9,0,18,0,8,0,0,0,0,2,1,1,1,35,6,-1,-1,-1,-1,1
2014921400442,1,9,0,18,0,1,0,0,0,0,1,1,6,1,35,6,1870,2,8,-1,-1
2014921400442,2,9,0,18,0,1,0,0,0,0,2,1,6,1,36,7,1591,1,2,-1,-1
2014921400442,3,9,0,18,0,1,0,1,0,0,1,1,6,1,39,7,1796,1,7,-1,-1
2014921400443,1,9,0,18,0,1,0,0,0,0,1,1,2,2,20,4,1240,1,8,-1,3
2014921400443,2,19,0,3,0,1,0,0,0,0,2,1,2,1,39,7,2198,2,1,-1,1
2014921400443,3,9,0,3,0,1,0,0,0,0,2,1,6,1,50,8,2401,2,10,-1,3
2014921400445,1,9,0,17,0,0,5,0,1,0,1,1,6,1,22,5,998,1,1,-1,2
2014921400447,1,9,0,18,0,0,2,10,0,0,1,1,6,2,18,4,998,1,2,-1,3
2014921400448,1,9,0,17,0,0,0,0,1,9,4,1,2,1,31,6,1968,2,11,-1,1
2014921400450,1,9,0,18,0,1,0,0,0,0,1,1,2,1,17,4,1229,1,3,-1,1
2014921400450,2,19,0,9,0,8,0,0,1,3,2,1,2,1,45,7,-1,-1,-1,-1,3
2014921400451,1,5,0,4,0,0,1,0,0,0,2,1,6,1,52,8,955,1,13,-1,3
2014921400451,2,5,0,4,0,0,0,0,0,0,1,1,6,1,20,4,650,1,14,-1,-1
2014921400453,1,1,0,18,0,0,0,0,1,0,2,1,2,1,23,5,-1,-1,-1,-1,1
2014921400453,2,98,0,18,0,0,0,0,0,0,1,1,1,1,30,6,-1,-1,-1,-1,-1
2014921400454,1,9,0,18,0,0,5,10,7,9,4,1,6,2,18,4,973,1,13,-1,-1
2014921400457,1,9,0,18,0,0,0,0,0,0,4,1,6,1,33,6,1596,1,11,-1,1
2014921400458,1,9,4,18,0,0,4,0,7,0,3,1,6,2,48,8,2495,2,10,-1,3
2014921400460,1,9,0,18,0,4,0,0,0,0,1,1,6,1,43,7,1275,1,21,-1,1
2014921400460,2,9,0,9,0,3,0,0,0,0,4,1,2,2,36,7,1968,2,1,-1,1
2014921400461,1,4,0,18,0,1,0,0,0,0,1,1,6,1,20,4,124,1,2,-1,-1
2014921400461,2,9,0,9,0,5,0,0,0,0,3,1,6,1,52,8,-1,-1,-1,-1,-1
2014921400463,1,9,0,18,0,6,0,0,0,0,1,1,1,2,49,8,1229,1,2,-1,3
2014921400463,2,9,0,18,0,1,0,0,1,11,4,1,6,1,43,7,1997,2,14,-1,3
2014921400464,1,9,0,16,0,0,2,0,1,10,1,1,2,2,23,5,1400,1,10,-1,3
2014921400465,1,9,0,18,9,0,0,0,0,0,1,1,6,1,17,4,1398,1,3,-1,2
2014921400467,1,9,0,18,0,0,0,0,0,0,4,1,6,2,52,8,-1,-1,-1,-1,2
2014921400471,1,9,0,16,0,0,2,0,8,0,1,1,6,1,33,6,-1,-1,-1,-1,3
2014921400476,1,9,0,17,0,0,2,0,7,0,3,1,2,1,51,8,1994,1,14,-1,3
2014921400477,1,9,0,16,0,0,2,0,1,0,4,1,6,1,33,6,1240,1,10,-1,3
2014921400478,1,19,0,4,0,1,0,0,0,0,2,1,1,2,50,8,1399,2,3,-1,3
2014921400478,2,9,0,18,0,1,0,0,0,0,2,1,6,2,29,6,1560,2,-1,-1,1
2014921400478,3,11,0,18,0,1,0,0,0,0,1,1,1,1,50,8,7300,2,5,-1,2
2014921400481,1,21,0,18,0,0,0,0,0,0,1,1,1,1,39,7,4764,2,6,-1,3
2014921400483,1,9,0,9,0,8,0,0,0,0,1,1,6,1,23,5,1598,1,3,-1,1
2014921400483,2,9,0,18,0,8,0,0,0,0,3,1,6,1,34,6,1895,1,13,-1,1
2014921400484,1,9,0,15,0,8,0,0,7,0,1,1,6,2,20,4,1995,2,2,-1,2
2014921400484,2,9,0,9,0,5,0,0,7,1,3,1,6,2,51,8,2982,2,12,-1,3
2014921400486,1,9,0,17,0,0,1,0,7,10,1,1,6,1,24,5,1968,2,1,-1,3
2014921400487,1,9,0,16,0,0,5,0,8,4,1,1,6,2,36,7,1796,1,13,-1,-1
2014921400490,1,9,0,16,0,0,1,0,2,10,1,1,6,1,20,4,1390,1,4,-1,3
2014921400492,1,9,0,3,0,0,0,0,0,0,2,1,6,1,76,11,1360,1,14,-1,1
2014921400492,2,9,0,18,0,0,0,0,0,0,1,1,6,1,50,8,1796,1,5,-1,-1
2014921400494,1,9,0,13,0,0,2,0,1,1,1,1,6,1,19,4,1199,1,12,-1,3
2014921400496,1,1,0,18,0,2,1,0,0,0,1,1,6,1,16,4,-1,-1,-1,-1,1
2014921400496,2,9,0,9,0,2,0,0,0,0,1,1,6,1,20,4,-1,-1,-1,-1,-1
2014921400498,1,19,0,18,0,1,1,0,0,0,1,1,2,1,31,6,2496,2,16,-1,2
2014921400498,2,9,0,9,0,1,0,0,0,0,2,1,6,1,58,9,3199,1,13,-1,3
2014921400500,1,19,0,18,0,0,0,10,1,4,1,1,1,1,29,6,2198,2,1,-1,1
2014921400504,1,1,0,18,0,0,0,0,0,0,4,1,4,1,7,2,-1,-1,-1,-1,3
2014921400504,2,9,0,18,0,0,0,0,0,0,1,1,6,2,39,7,2460,2,8,-1,-1
2014921400504,3,9,0,2,0,0,0,0,0,0,0,1,6,3,17,4,-1,-1,-1,-1,-1
2014921400505,1,9,0,18,2,0,0,0,0,0,1,1,1,1,70,10,1896,2,5,-1,3
2014921400509,1,9,0,16,0,0,2,0,0,0,1,1,2,2,55,8,1242,1,4,-1,1
2014921400509,2,9,0,17,0,0,1,0,1,0,1,1,2,2,58,9,1596,1,7,-1,3
2014921400515,1,9,0,9,0,8,0,0,0,0,1,1,1,2,44,7,1968,2,1,-1,2
2014921400515,2,1,0,18,0,8,0,0,0,0,1,1,1,2,22,5,-1,-1,-1,-1,1
2014921400521,1,5,0,17,0,0,1,11,1,7,4,1,6,1,56,9,998,1,3,-1,3
2014921400521,2,5,0,17,0,0,1,0,1,0,3,1,6,1,27,6,750,1,14,-1,3
2014921400521,3,5,0,17,0,0,1,0,1,0,0,1,6,1,40,7,900,1,19,-1,1
2014921400522,1,9,0,9,0,5,0,0,0,0,3,1,3,2,51,8,1686,2,4,-1,3
2014921400526,1,9,0,18,0,0,1,0,1,0,1,1,6,1,44,7,1997,1,7,-1,1
2014921400526,2,9,0,10,0,0,0,0,0,0,2,1,1,1,24,5,1598,1,9,-1,1
2014921400534,1,9,0,18,9,2,0,0,0,0,1,1,6,2,56,9,2496,1,8,-1,-1
2014921400536,1,19,0,9,0,6,0,0,0,0,3,1,1,1,57,9,2402,2,3,-1,3
2014921400536,2,9,0,18,0,8,1,0,0,0,1,1,1,2,50,8,1968,2,2,-1,1
2014921400537,1,9,0,18,0,1,0,0,0,0,1,1,6,1,87,11,1388,1,12,-1,2
2014921400537,2,19,0,4,0,8,0,0,2,0,2,1,6,1,46,8,1248,2,7,-1,3
2014921400537,3,9,0,18,0,1,0,0,0,0,0,1,6,1,47,8,1870,2,13,-1,1
2014921400538,1,9,0,17,0,1,2,10,1,4,3,1,2,1,18,4,1149,1,11,-1,3
2014921400540,1,21,1,18,0,0,5,11,0,0,3,1,1,1,32,6,-1,-1,-1,-1,1
2014921400545,1,9,0,16,0,0,5,0,7,11,1,1,2,2,31,6,1399,2,10,-1,3
2014921400546,1,9,0,18,0,0,0,0,0,0,1,1,2,1,49,8,1997,2,10,-1,3
2014921400547,1,9,0,18,0,2,1,0,1,1,1,1,6,1,24,5,1997,2,15,-1,1
2014921400548,1,9,0,18,0,1,0,0,0,0,3,1,2,2,24,5,1995,2,9,-1,1
2014921400548,2,21,1,13,0,1,0,0,0,0,4,1,1,1,54,8,15607,2,1,-1,1
2014921400552,1,9,0,16,0,0,1,10,2,0,1,1,1,2,61,9,1998,1,10,-1,2
2014921400552,2,19,0,18,0,0,0,0,1,0,1,1,6,1,64,9,1998,2,8,-1,3
2014921400561,1,8,0,5,0,4,0,0,0,0,3,1,2,1,64,9,1796,1,6,-1,-1
2014921400561,2,1,0,11,0,4,2,0,0,0,1,1,2,1,59,9,-1,-1,-1,-1,1
2014921400571,1,5,0,18,0,0,0,0,0,0,1,1,2,1,26,6,781,1,16,-1,2
2014921400571,2,20,0,18,0,0,0,0,0,0,2,1,1,1,36,7,-1,-1,-1,-1,1
2014921400571,3,20,0,4,0,0,0,0,0,0,1,1,1,1,30,6,-1,-1,-1,-1,-1
2014921400572,1,9,0,18,0,2,0,0,0,0,3,1,6,1,34,6,1582,2,5,-1,1
2014921400575,1,11,0,2,0,0,0,0,0,0,2,1,6,3,17,4,9600,2,20,-1,-1
2014921400575,2,1,0,18,0,0,0,4,0,0,1,1,2,1,29,6,-1,-1,-1,-1,1
2014921400578,1,9,0,18,0,0,2,0,2,9,1,1,6,1,37,7,1984,1,3,-1,3
2014921400582,1,5,0,16,0,0,1,0,7,0,0,1,6,1,25,5,599,1,9,-1,1
2014921400583,1,9,0,17,0,0,0,0,0,0,1,2,6,1,51,8,-1,-1,-1,-1,-1
2014921400583,2,5,0,16,0,0,0,0,7,0,3,1,6,1,28,6,660,1,3,-1,3
2014921400583,3,5,0,16,0,0,0,0,0,0,1,1,6,1,24,5,998,1,5,-1,3
2014921400584,1,9,0,18,0,0,0,0,0,0,4,1,6,1,47,8,1598,2,4,-1,3
2014921400584,2,5,0,18,0,0,0,0,0,0,4,1,6,1,52,8,998,1,7,-1,1
2014921400585,1,9,0,18,0,8,0,0,0,0,1,1,6,1,72,10,1686,2,1,-1,3
2014921400585,2,9,0,18,0,8,0,0,0,0,3,1,6,1,63,9,1598,1,7,-1,2
2014921400590,1,9,0,18,0,0,0,0,8,11,1,1,6,1,79,11,1951,2,9,-1,3
2014921400590,2,9,0,4,0,0,0,0,0,0,2,1,6,2,64,9,1995,2,9,-1,3
2014921400590,3,19,0,18,0,0,0,0,0,0,3,1,1,1,52,8,2198,2,2,-1,3
2014921400591,1,20,0,18,0,0,0,0,0,0,1,1,1,1,80,11,-1,-1,-1,-1,1
2014921400591,2,9,0,18,0,0,0,0,1,4,1,1,6,2,63,9,1398,1,-1,-1,1