Accident_Index,Vehicle_Reference,Vehicle_Type,Towing_and_Articulation,Vehicle_Manoeuvre,Vehicle_Location-Restricted_Lane,Junction_Location,Skidding_and_Overturning,Hit_Object_in_Carriageway,Vehicle_Leaving_Carriageway,Hit_Object_off_Carriageway,1st_Point_of_Impact,Was_Vehicle_Left_Hand_Drive?,Journey_Purpose_of_Driver,Sex_of_Driver,Age_of_Driver,Age_Band_of_Driver,Engine_Capacity_(CC),Propulsion_Code,Age_of_Vehicle,Driver_IMD_Decile,Driver_Home_Area_Type
2014921401265,1,21,1,17,0,0,5,0,1,11,4,1,1,1,29,6,16123,2,9,-1,1
2014921401267,1,21,1,11,0,0,0,0,0,0,2,1,1,1,45,7,11021,2,14,-1,1
2014921401267,2,5,0,11,0,0,0,0,0,0,1,1,6,1,24,5,1043,1,-1,-1,3
2014921401268,1,19,4,9,0,0,0,0,0,0,2,1,1,1,28,6,2402,2,5,-1,1
2014921401268,2,9,0,3,0,0,0,0,0,0,2,1,2,1,49,8,1497,8,-1,-1,2
2014921401268,3,9,0,3,0,0,0,0,0,0,1,1,1,1,19,4,1149,1,10,-1,2
2014921401272,1,9,0,17,0,0,2,0,1,11,1,1,6,1,39,7,998,1,-1,-1,1
2014921401274,1,3,0,18,0,0,0,0,7,0,4,1,6,1,19,4,124,1,10,-1,1
2014921401274,2,9,0,2,0,0,0,0,0,0,3,1,6,3,30,6,1998,1,14,-1,-1
2014921401275,1,9,0,5,0,1,0,0,0,0,1,1,2,1,32,6,-1,-1,-1,-1,1
2014921401275,2,9,0,18,0,1,0,0,7,3,3,1,2,1,62,9,1951,2,10,-1,3
2014921401276,1,9,0,18,0,0,0,0,0,0,4,1,6,2,32,6,1299,1,9,-1,1
2014921401278,1,9,0,18,0,0,0,0,0,0,1,1,6,1,19,4,1364,1,9,-1,2
2014921401279,1,9,0,18,0,7,0,0,0,0,1,1,6,1,55,8,2720,2,9,-1,-1
2014921401280,1,9,0,16,0,8,0,0,7,0,1,1,6,1,24,5,1198,1,11,-1,2
2014921401280,2,9,0,17,0,8,0,0,0,0,1,1,6,2,47,8,1398,2,5,-1,2
2014921401281,1,10,0,17,0,0,2,0,2,0,4,1,6,2,21,5,-1,-1,-1,-1,-1
2014921401282,1,9,0,17,0,0,0,0,0,0,1,1,6,1,47,8,1461,2,9,-1,-1
2014921401282,2,9,0,16,0,0,1,0,7,10,4,1,2,2,19,4,1242,1,7,-1,3
2014921401284,1,19,0,17,0,8,0,0,1,11,1,1,6,1,27,6,1896,2,12,-1,1
2014921401285,1,9,0,6,0,0,0,0,0,0,1,1,2,1,19,4,1598,1,2,-1,1
2014921401285,2,19,0,18,0,0,0,0,0,0,4,1,1,1,44,7,1399,2,9,-1,3
2014921401286,1,9,0,18,0,0,0,0,1,0,1,1,6,2,34,6,1560,2,8,-1,3
2014921401286,2,9,0,18,0,0,5,0,1,11,1,1,6,1,61,9,1248,2,1,-1,-1
2014921401287,1,9,0,5,0,0,0,0,0,0,1,1,6,1,84,11,1995,2,2,-1,1
2014921401287,2,1,0,9,0,0,0,0,0,0,0,1,6,2,32,6,-1,-1,-1,-1,1
2014921401295,1,5,0,16,0,3,1,0,4,6,1,1,6,1,24,5,599,1,7,-1,1
2014921401298,1,9,0,9,0,1,0,0,0,0,4,1,6,2,43,7,3200,1,6,-1,1
2014921401298,2,1,0,18,0,1,0,0,0,0,1,1,6,1,47,8,-1,-1,-1,-1,1
2014921401299,1,9,4,16,0,0,4,0,7,11,3,1,6,1,31,6,2198,2,3,-1,3
2014921401299,2,98,0,18,0,0,0,0,1,0,0,1,6,1,34,6,15607,2,5,-1,3
2014921401301,1,9,0,18,0,0,0,0,8,6,3,1,6,1,37,7,2987,2,6,-1,1
2014921401303,1,9,0,18,0,1,2,0,6,11,1,1,6,1,21,5,1598,1,17,-1,3
2014921401306,1,9,0,18,0,0,0,0,0,0,1,1,6,1,26,6,1368,1,1,-1,3
2014921401306,2,19,0,18,0,0,0,0,0,0,1,1,6,1,47,8,2198,2,1,-1,3
2014921401307,1,9,0,18,9,1,0,0,1,1,1,1,6,2,56,9,1108,1,5,-1,1
2014921401308,1,9,0,18,0,0,2,0,1,11,4,1,6,2,30,6,1997,2,12,-1,3
2014921401309,1,9,0,5,0,2,0,0,0,0,4,1,1,1,54,8,1896,2,12,-1,1
2014921401309,2,9,0,18,0,1,0,0,0,0,1,1,6,2,74,10,1364,1,10,-1,1
2014921401310,1,9,0,5,8,0,0,0,0,0,3,1,2,1,42,7,1461,2,-1,-1,1
2014921401310,2,3,0,18,0,0,0,0,7,0,1,1,2,1,40,7,124,1,6,-1,1
2014921401313,1,9,0,7,2,1,0,0,0,0,3,1,2,1,23,5,1198,1,-1,-1,1
2014921401313,2,1,0,18,2,1,0,0,0,0,1,1,6,1,27,6,-1,-1,-1,-1,1
2014921401315,1,9,0,9,0,8,0,0,0,0,1,1,2,2,53,8,2776,2,7,-1,2
2014921401315,2,9,0,18,0,1,0,0,0,0,1,1,2,1,44,7,1364,1,5,-1,3
2014921401316,1,9,0,9,3,1,0,0,0,0,0,1,6,2,23,5,-1,-1,-1,-1,1
2014921401316,2,1,0,18,0,1,5,0,0,0,0,1,2,1,48,8,-1,-1,-1,-1,-1
2014921401317,1,9,0,18,0,0,0,0,0,0,1,1,6,2,61,9,1339,1,11,-1,3
2014921401317,2,9,0,18,0,0,0,0,0,0,2,1,6,2,27,6,1400,1,7,-1,1
2014921401318,1,9,0,18,0,0,1,0,0,0,3,1,1,1,41,7,1061,1,11,-1,1
2014921401318,2,9,0,18,0,0,0,0,0,0,3,1,6,2,21,5,1399,2,11,-1,2
2014921401319,1,9,0,18,0,0,1,0,7,0,4,1,6,1,18,4,2000,1,21,-1,1
2014921401323,1,5,0,18,0,4,5,9,1,4,1,1,6,1,26,6,600,1,15,-1,1
2014921401329,1,4,0,10,0,1,2,11,0,0,1,1,2,1,25,5,645,1,15,-1,1
2014921401329,2,9,0,18,0,1,0,0,0,0,4,1,6,2,52,8,1598,2,3,-1,3
2014921401330,1,5,0,18,0,0,1,0,0,0,0,1,6,1,28,6,1731,1,-1,-1,3
2014921401331,1,9,0,4,0,1,0,0,0,0,1,1,6,2,32,6,1560,2,4,-1,1
2014921401331,2,9,0,18,0,8,0,0,0,0,1,1,6,1,47,8,1997,2,-1,-1,3
2014921401331,3,9,0,5,0,8,0,0,0,0,4,1,6,1,56,9,1895,1,14,-1,1
2014921401336,1,5,0,18,0,0,2,0,0,0,1,1,6,1,22,5,649,1,3,-1,1
2014921401336,2,9,0,3,0,0,0,0,0,0,2,1,6,1,52,8,2967,2,6,-1,3
2014921401340,1,5,0,15,0,0,1,0,0,0,0,1,6,2,24,5,656,1,4,-1,3
2014921401344,1,5,0,18,0,1,1,0,0,0,1,1,1,1,34,6,955,1,8,-1,1
2014921401344,2,9,0,5,0,1,0,0,0,0,4,1,2,1,66,10,1686,2,11,-1,1
2014921401347,1,9,0,9,0,5,0,0,0,0,4,1,6,2,19,4,998,1,3,-1,3
2014921401347,2,3,0,18,0,1,0,0,0,0,4,1,2,1,24,5,125,1,7,-1,3
2014921401349,1,9,0,18,0,0,0,0,0,0,1,1,1,1,22,5,1998,1,11,-1,2
2014921401350,1,5,0,4,0,5,2,0,7,1,4,1,6,1,62,9,647,1,10,-1,3
2014921401351,1,9,0,7,0,5,0,0,0,0,1,1,2,2,32,6,1798,1,7,-1,1
2014921401351,2,9,0,7,0,5,0,0,0,0,4,1,2,2,25,5,1598,1,2,-1,1
2014921401353,1,9,0,18,0,0,1,6,7,9,1,1,1,1,28,6,1998,2,11,-1,-1
2014921401354,1,9,0,18,0,0,0,0,0,0,1,1,2,2,57,9,1229,1,6,-1,-1
2014921401354,2,19,0,18,0,0,0,0,0,0,1,1,1,1,58,9,-1,-1,-1,-1,3
2014921401355,1,9,0,17,0,0,0,0,1,4,1,1,6,2,67,10,1796,1,8,10,1
2014921401356,1,9,0,1,0,0,0,0,0,0,2,1,6,2,55,8,1560,2,5,-1,3
2014921401357,1,9,0,7,0,6,0,0,0,0,0,1,2,1,23,5,1598,1,3,-1,1
2014921401357,2,5,0,18,0,1,0,0,0,0,0,1,2,1,53,8,1137,1,13,-1,3
2014921401358,1,9,0,18,0,0,0,0,7,3,1,1,6,1,45,7,1560,2,7,-1,1
2014921401361,1,9,0,16,0,0,0,0,0,0,1,1,6,1,64,9,1198,1,-1,-1,1
2014921401361,2,9,0,17,0,0,1,0,0,0,1,1,6,1,33,6,1995,2,11,-1,1
2014921401364,1,9,0,10,0,1,0,0,0,0,2,1,1,2,50,8,1798,1,2,-1,1
2014921401364,2,19,0,18,0,1,0,0,0,0,1,1,1,1,26,6,1998,2,8,-1,1
2014921401374,1,9,0,5,0,0,0,0,0,0,1,1,1,2,24,5,1595,1,1,-1,1
2014921401379,1,9,0,18,0,8,0,0,7,10,3,1,6,2,60,9,1968,2,-1,-1,3
2014921401379,2,9,0,18,0,8,0,0,0,0,1,1,6,1,18,4,1596,1,4,-1,3
2014921401382,1,9,0,18,0,3,0,0,1,2,1,1,6,2,75,10,1461,2,-1,-1,2
2014921401386,1,9,0,3,0,0,0,0,0,0,2,1,6,2,35,6,1998,2,6,-1,1
2014921401386,2,9,0,3,0,0,0,0,0,0,2,1,6,1,26,6,-1,-1,-1,-1,1
2014921401386,3,9,0,18,0,0,0,0,0,0,1,1,6,1,20,4,1896,2,13,-1,-1
2014921401387,1,9,0,18,0,0,5,10,2,7,1,1,1,2,17,4,1149,1,13,-1,2
2014921401390,1,9,0,13,0,0,0,0,0,0,4,1,6,2,79,11,1390,1,4,-1,1
2014921401390,2,1,0,18,0,0,5,0,0,0,3,1,6,2,21,5,-1,-1,-1,-1,1
2014921401392,1,9,0,18,0,2,0,0,0,0,1,1,3,2,45,7,2982,2,2,-1,3
2014921401393,1,9,0,4,0,2,0,0,0,0,2,1,6,2,46,8,1149,1,7,-1,3
2014921401393,2,5,0,16,0,2,2,0,0,0,1,1,6,1,24,5,647,1,16,-1,3
2014921401394,1,9,0,17,0,0,2,0,7,0,1,1,2,2,19,4,1149,1,11,-1,3
2014921401395,1,9,0,9,0,8,0,0,0,0,4,1,6,1,19,4,1398,1,-1,-1,1
2014921401395,2,9,0,18,0,8,5,0,0,0,1,1,6,1,36,7,-1,-1,-1,-1,1
2014921401396,1,9,0,17,0,0,5,4,0,0,4,1,6,1,47,8,1998,2,8,1,1
2014921401396,2,9,0,2,0,0,0,0,0,0,3,1,6,3,21,5,1598,1,7,-1,-1
2014921401396,3,9,0,2,0,0,0,0,0,0,3,1,6,3,26,6,-1,-1,-1,-1,-1
2014921401396,4,9,0,2,0,0,0,0,0,0,0,1,6,3,26,6,1598,1,7,-1,-1
2014921401398,1,5,0,18,0,0,2,10,1,1,1,1,2,1,35,6,750,1,-1,-1,3
2014921401399,1,9,0,18,0,8,1,0,1,11,3,1,2,1,43,7,-1,-1,-1,-1,3
2014921401399,2,19,0,9,0,6,1,0,0,0,4,1,1,2,38,7,1968,2,9,-1,-1
2014921401404,1,9,0,9,0,8,0,0,0,0,3,1,1,1,63,9,2401,2,7,-1,1
2014921401404,2,9,0,18,0,8,0,0,0,0,1,1,2,2,30,6,1910,2,8,-1,1
2014921401405,1,9,0,18,0,0,0,0,0,0,1,1,2,1,23,5,-1,-1,-1,-1,-1
2014921401406,1,9,0,18,0,0,0,0,1,9,1,1,6,1,56,9,1199,1,11,-1,3
2014921401407,1,9,0,5,0,2,0,0,0,0,3,1,6,1,66,10,2179,2,4,-1,3
2014921401407,2,9,0,18,0,1,0,0,7,0,4,1,2,1,42,7,1086,1,10,-1,2
2014921401408,1,3,0,13,0,0,5,0,0,0,1,1,2,1,35,6,125,1,-1,-1,-1
2014921401408,2,9,0,6,0,0,0,0,0,0,2,1,6,1,35,6,-1,-1,-1,-1,3
2014921401409,1,9,0,5,0,8,0,0,0,0,3,1,2,1,41,7,1968,2,7,-1,1
2014921401409,2,5,0,18,0,3,0,0,0,0,1,1,2,1,24,5,600,1,14,-1,1
2014921401419,1,1,0,18,0,2,0,0,0,0,1,1,6,2,28,6,-1,-1,-1,-1,1
2014921401419,2,9,0,16,0,2,0,0,0,0,1,1,6,1,40,7,-1,-1,-1,-1,1
2014921401420,1,9,0,5,0,0,0,0,0,0,3,1,6,1,24,5,1598,2,3,-1,-1
2014921401421,1,9,0,3,0,1,0,0,0,0,2,1,6,2,26,6,875,1,2,-1,-1
2014921401421,2,9,0,4,0,1,0,0,0,0,1,1,6,2,30,6,-1,-1,-1,-1,-1
2014921401422,1,9,0,18,0,1,0,0,0,0,1,1,6,2,36,7,1968,2,7,-1,3
2014921401426,1,9,0,5,0,6,0,0,0,0,1,1,6,2,81,11,1390,1,2,-1,1
2014921401426,2,9,0,18,0,1,0,10,0,0,3,1,6,1,69,10,1797,8,1,-1,-1
2014921401427,1,9,0,5,0,6,0,0,7,10,3,1,2,1,55,8,1498,1,4,-1,1
2014921401427,2,9,0,18,0,8,0,0,7,10,1,1,2,1,42,7,1229,1,1,-1,3
2014921401428,1,9,0,18,0,0,0,0,0,0,1,1,6,1,59,9,1956,2,1,-1,1
2014921401429,1,9,0,9,0,6,0,0,1,0,3,1,6,1,19,4,1796,1,9,-1,3
2014921401429,2,9,0,18,0,1,0,0,0,0,1,1,6,1,25,5,-1,-1,-1,-1,-1
2014921401432,1,1,0,18,0,1,0,0,7,0,0,1,6,1,12,3,-1,-1,-1,-1,1
2014921401432,2,9,0,7,0,8,0,0,0,0,0,1,6,1,78,11,998,1,4,-1,1
2014921401433,1,3,0,18,0,0,1,0,0,0,1,1,2,1,19,4,124,1,-1,-1,1
2014921401433,2,19,0,9,0,0,0,0,0,0,4,1,1,1,42,7,2143,2,1,-1,1
2014921401438,1,9,0,4,0,4,1,9,1,7,1,1,6,1,22,5,1560,2,8,-1,1
2014921401439,1,9,0,2,0,0,0,0,0,0,2,1,6,1,30,6,2199,2,3,-1,3
2014921401439,2,1,0,18,0,0,0,4,0,0,1,1,6,1,35,6,-1,-1,-1,-1,-1
2014921401441,1,9,0,18,0,0,0,4,0,0,1,1,6,2,92,11,998,1,12,-1,1
2014921401441,2,9,0,2,0,0,0,0,0,0,4,1,6,2,35,6,1499,2,1,-1,1
2014921401443,1,1,0,18,0,0,0,0,0,0,2,1,6,1,31,6,-1,-1,-1,-1,1
2014921401443,2,9,0,18,0,0,0,0,0,0,1,1,6,2,30,6,-1,-1,-1,-1,-1
2014921401445,1,9,0,3,0,0,0,0,0,0,1,1,6,2,27,6,1582,2,-1,-1,3
2014921401445,2,17,0,9,0,0,0,0,0,0,3,1,1,1,48,8,-1,2,17,-1,1
2014921401448,1,9,0,4,0,0,0,0,0,0,1,1,1,2,41,7,-1,-1,-1,-1,1
2014921401451,1,9,0,18,0,1,0,0,0,0,1,1,6,1,30,6,1242,1,8,-1,3
2014921401454,1,9,4,17,0,0,0,0,0,0,2,1,6,1,25,5,-1,-1,-1,-1,-1
2014921401455,1,9,0,9,0,1,0,0,0,0,1,1,2,2,60,9,1149,1,8,-1,1
2014921401455,2,97,0,18,0,8,0,0,0,0,4,1,2,1,23,5,125,1,4,-1,1
2014921401457,1,9,0,18,0,1,5,11,7,7,1,1,6,1,75,10,1560,2,5,-1,3
2014921401459,1,9,0,6,0,0,0,0,0,0,3,1,6,1,71,10,1598,2,2,-1,3
2014921401459,2,9,0,18,0,0,1,0,7,11,1,1,6,1,28,6,1598,2,2,-1,1
2014921401461,1,20,0,18,0,0,1,0,0,0,1,1,1,1,66,10,5193,2,4,-1,2
2014921401462,1,19,0,1,0,1,0,0,0,0,2,1,1,1,67,10,1753,2,6,-1,1
2014921401463,1,21,0,11,0,1,0,0,0,0,4,1,1,1,64,9,6370,2,5,-1,-1
2014921401463,2,1,0,18,0,1,0,0,0,0,1,1,6,2,22,5,-1,-1,-1,-1,1
2014921401465,1,9,0,9,0,6,0,0,0,0,1,1,1,1,65,9,2231,2,7,-1,3
2014921401465,2,9,0,17,0,8,0,0,6,1,4,1,6,1,48,8,2231,2,8,-1,1
2014921401467,1,8,0,17,0,0,5,0,1,11,4,1,1,1,52,8,1997,2,7,-1,2
2014921401469,1,9,0,16,0,2,2,0,1,11,1,1,6,2,67,10,1590,1,13,-1,3
2014921401470,1,21,0,18,0,6,0,0,7,0,0,1,1,1,44,7,4461,2,2,-1,3
2014921401470,2,9,0,18,0,8,0,0,0,0,1,1,2,2,34,6,1591,1,1,-1,3
2014921401472,1,10,0,8,0,1,0,0,0,0,2,1,1,1,46,8,-1,-1,-1,-1,1
2014921401472,2,9,0,18,0,8,0,0,0,0,1,1,2,1,37,7,1461,2,1,-1,2
2014921401474,1,19,0,9,0,8,0,0,0,0,4,1,1,1,50,8,2198,2,2,-1,3
2014921401474,2,9,0,18,0,1,0,0,0,0,1,1,6,1,57,9,1390,1,15,-1,3
2014921401479,1,9,0,9,0,6,0,0,0,0,1,1,2,2,54,8,1229,1,6,-1,1
2014921401479,2,1,0,18,0,8,0,0,0,0,4,1,2,1,32,6,-1,-1,-1,-1,1
2014921401480,1,90,0,18,0,0,2,0,1,9,4,2,1,1,38,7,-1,5,17,-1,1
2014921401481,1,9,0,17,0,0,2,0,7,10,4,1,2,1,21,5,1870,2,10,-1,1
2014921401483,1,9,0,18,0,8,0,0,0,0,3,1,1,2,22,5,1248,2,2,-1,-1
2014921401483,2,9,0,18,0,8,0,0,0,0,1,1,6,2,64,9,1086,1,7,-1,3
2014921401483,3,9,0,18,0,8,0,0,0,0,1,1,6,2,18,4,1242,1,-1,-1,3
2014921401490,1,9,0,9,0,5,0,0,0,0,1,1,6,2,52,8,1328,1,8,-1,3
2014921401490,2,9,0,18,0,8,0,0,0,0,1,1,1,1,56,9,1910,2,7,-1,3
2014921401490,3,9,0,10,0,1,0,0,0,0,1,1,6,1,46,8,1149,1,6,-1,2
2014921401491,1,1,0,5,9,2,0,0,0,0,3,1,4,1,6,2,-1,-1,-1,-1,1
2014921401491,2,9,0,18,0,2,0,0,0,0,4,1,6,1,76,11,1598,1,7,-1,3
2014921401493,1,19,0,18,0,0,0,0,0,0,1,1,1,1,26,6,-1,-1,-1,-1,1
2014921401494,1,9,0,13,0,0,0,0,0,0,0,1,6,1,50,8,1968,2,7,-1,3
2014921401494,2,9,0,17,0,0,0,0,0,0,0,1,6,3,35,6,-1,-1,-1,-1,-1
2014921401496,1,9,0,18,0,4,5,10,3,10,1,1,6,1,37,7,1596,1,1,-1,1
2014921401501,1,9,0,4,0,0,0,0,0,0,1,1,6,1,74,10,1498,1,4,-1,1
2014921401507,1,9,0,5,0,8,0,0,0,0,3,1,2,1,49,8,1968,2,2,-1,3
2014921401507,2,3,0,18,0,1,0,0,0,0,1,1,2,1,17,4,125,1,2,-1,3
2014921401508,1,9,0,13,0,0,0,4,0,0,3,1,6,2,56,9,1242,1,2,-1,-1
2014921401508,2,9,0,14,0,0,0,4,0,0,3,1,6,2,57,9,1560,2,2,-1,1
2014921401510,1,5,0,14,0,1,1,0,0,0,4,1,2,1,50,8,998,1,7,-1,2
2014921401510,2,9,0,9,0,6,0,0,0,0,1,1,2,1,64,9,-1,-1,-1,-1,1
2014921401515,1,9,0,5,0,8,0,0,0,0,3,1,6,1,50,8,2400,2,-1,-1,1
2014921401515,2,5,0,18,0,8,0,0,0,0,1,1,6,1,28,6,891,1,25,-1,1
2014921401520,1,9,0,18,0,0,0,0,1,9,4,1,2,1,19,4,1149,1,11,-1,2
2014921401521,1,9,0,18,0,8,0,0,0,0,3,1,6,2,19,4,1242,1,2,-1,2
2014921401521,2,9,0,5,0,1,0,0,0,0,1,1,6,2,48,8,1590,1,11,-1,1
2014921401522,1,9,0,18,0,0,0,12,0,6,1,1,6,1,35,6,-1,-1,-1,-1,-1
2014921401524,1,9,0,6,0,0,0,0,0,0,3,1,1,2,29,6,1364,1,-1,-1,1
2014921401524,2,1,0,18,0,0,0,0,0,0,1,1,6,1,41,7,-1,-1,-1,-1,1
2014921401525,1,8,0,17,0,8,0,0,0,0,1,1,6,1,66,10,1597,2,1,-1,3
2014921401526,1,9,0,18,0,1,0,0,1,0,1,1,2,2,41,7,1349,1,5,-1,3
2014921401526,2,9,0,9,0,6,0,0,0,0,3,1,6,2,54,8,4398,1,10,-1,1
2014921401529,1,9,0,17,0,0,1,0,7,4,4,1,6,1,17,4,1596,1,9,-1,3
2014921401531,1,19,0,18,0,0,0,0,0,0,1,1,1,1,36,7,2198,2,3,-1,3
2014921401531,2,9,0,3,0,0,0,0,0,0,2,1,1,1,49,8,1794,1,9,-1,3
2014921401531,3,9,0,3,0,0,0,0,0,0,2,1,1,1,40,7,1598,2,1,-1,3
2014921401533,1,5,0,18,0,0,1,0,0,0,1,1,6,1,20,4,649,1,-1,-1,1
2014921401535,1,19,0,16,0,2,0,0,0,0,3,1,1,1,46,8,2143,2,2,-1,1
2014921401535,2,19,0,17,0,2,0,0,0,0,3,1,6,3,17,4,-1,-1,-1,-1,-1
2014921401536,1,19,0,17,0,0,0,0,1,9,1,1,6,1,39,7,1753,2,11,-1,1
2014921401537,1,9,0,13,0,0,1,0,2,3,3,1,6,1,29,6,1984,1,13,-1,3
2014921401539,1,9,0,17,0,0,2,0,7,9,1,1,1,1,30,6,1388,1,12,-1,1
2014921401540,1,9,0,9,0,2,0,0,0,0,4,1,6,1,26,6,998,1,-1,-1,1
2014921401541,1,9,0,9,0,1,0,0,0,0,1,1,6,2,51,8,1398,1,2,-1,2
2014921401543,1,9,4,5,0,8,0,0,3,11,1,1,1,1,32,6,-1,-1,-1,-1,3
2014921401543,2,9,0,18,0,1,0,0,1,11,4,1,6,2,44,7,1461,2,11,-1,-1
2014921401544,1,9,0,18,0,1,5,0,1,0,0,1,6,1,21,5,-1,-1,-1,-1,3
2014921401544,2,9,0,7,0,5,0,0,0,0,0,1,6,1,26,6,1968,2,1,-1,3
2014921401546,1,9,0,17,0,0,1,0,0,0,1,1,6,1,42,7,1995,2,1,-1,3
2014921401546,2,9,0,16,0,0,0,0,1,0,1,1,6,1,43,7,1968,2,7,-1,3
2014921401547,1,9,0,9,0,8,0,0,0,0,1,1,2,1,40,7,1986,2,7,-1,-1
2014921401548,1,20,0,18,0,0,0,0,0,0,4,1,1,1,42,7,3920,2,8,-1,1
2014921401548,2,1,0,18,0,0,0,0,1,0,2,1,6,1,61,9,-1,-1,-1,-1,2
2014921401549,1,9,0,18,0,0,0,0,0,0,1,1,6,1,79,11,-1,-1,-1,-1,3
2014921401551,1,9,0,5,0,2,0,0,0,0,0,1,2,2,31,6,1349,1,6,-1,1
2014921401551,2,3,0,9,0,1,1,0,0,0,0,1,2,1,34,6,124,1,2,-1,1
2014921401553,1,5,0,14,0,1,2,0,0,0,1,1,1,1,31,6,599,1,7,-1,2
2014921401553,2,19,0,3,0,1,0,0,0,0,3,1,1,1,55,8,-1,-1,-1,-1,1
2014921401553,3,9,0,9,0,2,0,0,0,0,3,1,1,1,40,7,1397,1,11,-1,3
2014921401554,1,9,0,3,0,4,0,0,0,0,1,1,2,1,80,11,1349,1,-1,-1,1
2014921401554,2,9,0,3,0,4,0,0,0,0,2,1,1,1,52,8,2799,2,18,-1,1
2014921401555,1,9,0,6,0,0,0,0,0,0,3,1,6,2,50,8,1598,1,4,-1,-1
2014921401555,2,1,0,14,0,0,0,0,0,0,1,1,6,1,50,8,-1,-1,-1,-1,1
2014921401557,1,19,0,18,0,0,0,0,0,0,1,1,1,1,42,7,1560,2,7,-1,-1
2014921401561,1,9,0,7,0,8,0,0,0,0,1,1,2,1,35,6,1229,1,2,-1,3
2014921401562,1,9,0,18,0,0,0,0,7,4,1,1,6,1,42,7,1598,1,9,-1,1
2014921401563,1,5,0,13,0,0,0,0,0,0,1,1,6,1,25,5,749,1,6,-1,3
2014921401563,2,19,0,18,0,0,0,0,1,0,1,1,6,1,45,7,1461,2,5,-1,3
2014921401564,1,9,0,18,0,1,0,0,7,11,3,1,6,1,17,4,1198,1,2,-1,3
2014921401564,2,20,0,18,0,1,2,10,7,0,1,1,1,1,34,6,2143,2,4,-1,3
2014921401565,1,9,0,17,0,1,0,0,0,0,1,1,6,2,74,10,1296,1,6,-1,3
2014921401565,2,22,0,8,0,1,5,0,1,0,2,1,6,1,81,11,-1,3,3,-1,1
2014921401581,1,9,0,18,0,6,0,0,0,0,3,1,1,2,42,7,1242,1,-1,-1,1
2014921401581,2,9,0,9,0,8,0,0,0,0,1,1,6,2,51,8,1240,1,8,-1,1
2014921401584,1,9,0,18,0,0,1,0,7,4,4,1,6,1,45,7,-1,-1,-1,-1,3
2014921401585,1,9,0,18,0,0,1,0,1,9,1,1,1,1,37,7,1461,2,10,-1,2
2014921401587,1,9,0,18,0,0,5,0,0,0,1,1,1,2,22,5,1229,1,4,-1,1
2014921401587,2,9,0,18,0,0,0,0,0,0,1,1,1,1,39,7,2400,2,4,-1,3
2014921401598,1,9,0,16,0,0,0,0,0,0,1,1,6,1,40,7,1360,1,8,-1,3
2014921401598,2,9,0,17,0,0,1,0,0,0,4,1,6,1,24,5,1598,1,11,-1,3
2014921401599,1,9,0,4,0,0,0,0,0,0,1,1,2,1,52,8,1798,1,10,-1,1
2014921401600,1,9,0,9,0,8,0,0,0,0,3,1,6,2,51,8,1108,1,4,-1,1
2014921401600,2,1,0,18,0,8,0,0,0,0,1,1,6,2,23,5,-1,-1,-1,-1,-1
2014921401601,1,9,0,18,0,0,0,0,0,0,1,1,6,1,76,11,1364,1,7,-1,1
2014921401601,2,9,0,16,0,0,0,0,0,0,3,1,2,1,58,9,3490,1,11,8,1
2014921401604,1,19,0,18,0,0,1,4,0,0,1,1,2,1,43,7,2402,2,2,-1,1
2014921401604,2,9,0,3,0,0,0,0,1,1,2,1,6,1,46,8,-1,-1,-1,-1,1
2014921401604,3,5,0,3,0,0,0,0,0,0,0,1,6,1,38,7,599,1,13,-1,1
2014921401606,1,9,0,18,0,0,2,0,1,3,1,1,6,1,19,4,1968,2,1,-1,3
2014921401611,1,9,0,18,0,1,0,0,0,0,1,1,1,2,20,4,1299,1,13,-1,1
2014921401611,2,9,0,10,0,1,0,0,0,0,2,1,6,1,68,10,1968,2,-1,-1,1
2014921401613,1,9,0,5,0,6,0,0,0,0,4,1,6,2,40,7,2179,2,4,-1,3
2014921401620,1,9,0,18,0,0,0,0,1,4,1,1,6,1,64,9,1398,2,10,-1,1
2014921401622,1,9,0,18,0,8,0,0,0,0,2,1,6,1,64,9,1368,1,5,-1,3
2014921401622,2,9,0,18,0,8,0,0,1,0,1,1,6,1,43,7,2199,2,2,-1,3
2014921401626,1,9,0,16,0,0,1,0,0,0,1,1,6,1,23,5,1229,1,5,-1,3
2014921401626,2,9,0,17,0,0,0,0,0,0,1,1,1,2,50,8,1398,1,-1,-1,1
2014921401627,1,9,0,18,0,0,0,0,0,0,3,1,2,2,23,5,998,1,1,-1,3
2014921401630,1,9,0,18,0,0,0,0,0,0,0,1,6,1,37,7,-1,-1,-1,-1,2
2014921401630,2,9,0,18,0,0,0,0,0,0,0,1,6,1,69,10,1988,1,16,-1,3
2014921401631,1,9,0,18,0,4,0,0,0,0,1,1,6,1,51,8,1598,1,7,-1,-1
2014921401633,1,9,0,16,0,0,5,0,1,0,1,1,6,1,48,8,1248,2,10,-1,2
2014921401634,1,9,0,16,0,8,2,0,1,11,3,1,6,1,25,5,1781,1,16,-1,2
2014921401635,1,9,0,18,0,8,0,0,0,0,1,1,6,1,26,6,1997,2,6,-1,1