Accident_Index,Vehicle_Reference,Vehicle_Type,Towing_and_Articulation,Vehicle_Manoeuvre,Vehicle_Location-Restricted_Lane,Junction_Location,Skidding_and_Overturning,Hit_Object_in_Carriageway,Vehicle_Leaving_Carriageway,Hit_Object_off_Carriageway,1st_Point_of_Impact,Was_Vehicle_Left_Hand_Drive?,Journey_Purpose_of_Driver,Sex_of_Driver,Age_of_Driver,Age_Band_of_Driver,Engine_Capacity_(CC),Propulsion_Code,Age_of_Vehicle,Driver_IMD_Decile,Driver_Home_Area_Type
2014921401635,2,9,0,18,0,8,0,0,0,0,4,1,2,1,57,9,1461,2,-1,6,1
2014921401635,3,11,0,10,0,8,0,0,0,0,1,1,1,1,49,8,4461,2,-1,-1,1
2014921401636,1,9,0,17,0,0,2,0,7,11,4,1,6,1,33,6,1951,2,9,-1,3
2014921401637,1,9,0,16,0,1,1,0,1,1,1,1,6,1,20,4,1599,1,11,-1,3
2014921401641,1,19,0,5,0,8,0,0,1,1,3,1,1,1,43,7,2198,2,2,-1,1
2014921401641,2,19,0,18,0,1,0,0,7,0,1,1,1,1,47,8,2198,2,6,-1,1
2014921401652,1,9,0,18,0,0,2,0,1,4,1,1,6,2,18,4,1229,1,3,-1,3
2014921401656,1,9,0,18,0,8,1,0,3,11,1,1,6,1,58,9,1398,2,9,-1,3
2014921401657,1,9,0,16,0,0,0,0,7,0,1,1,6,1,18,4,1398,1,3,-1,3
2014921401657,2,9,0,17,0,0,0,0,1,0,1,1,6,2,63,9,1248,1,1,-1,2
2014921401658,1,9,0,18,0,0,0,0,0,0,1,1,6,2,35,6,1956,2,5,-1,3
2014921401658,2,17,0,2,0,0,5,0,0,0,2,1,6,1,20,4,-1,-1,-1,-1,3
2014921401663,1,8,0,9,0,5,0,0,0,0,1,1,1,1,29,6,1560,2,2,-1,1
2014921401665,1,9,0,17,0,0,2,0,1,0,3,1,6,1,27,6,1769,1,9,-1,1
2014921401667,1,9,0,16,0,0,1,0,0,0,4,1,2,1,26,6,1598,1,3,-1,2
2014921401667,2,9,0,17,0,0,0,0,0,0,4,1,2,1,50,8,1984,1,3,-1,-1
2014921401672,1,9,0,17,0,0,1,0,7,9,2,1,2,1,40,7,-1,-1,-1,-1,-1
2014921401673,1,3,0,5,0,1,5,0,0,0,0,1,2,1,42,7,125,1,-1,-1,1
2014921401673,2,9,0,15,0,6,0,0,0,0,0,1,6,1,64,9,1995,2,1,-1,1
2014921401676,1,19,0,10,0,1,0,0,0,0,1,1,1,1,46,8,1248,2,3,-1,1
2014921401676,2,9,0,18,0,8,0,0,0,0,1,1,6,1,20,4,1242,1,5,-1,3
2014921401676,3,9,0,18,0,8,0,0,0,0,2,1,6,1,67,10,2401,2,8,-1,2
2014921401678,1,9,0,1,0,0,0,0,0,0,1,1,6,2,35,6,2184,2,12,-1,1
2014921401678,2,9,0,18,0,0,0,0,0,0,1,1,2,1,29,6,1984,1,11,-1,-1
2014921401681,1,9,0,18,0,2,5,0,0,0,3,1,6,1,33,6,1995,2,3,-1,3
2014921401681,2,9,0,18,0,2,0,0,0,0,3,1,2,1,44,7,2400,2,1,-1,2
2014921401681,3,19,0,2,0,1,0,0,0,0,4,1,1,1,30,6,2402,2,6,-1,3
2014921500001,1,97,0,18,0,0,1,0,2,7,1,1,6,1,20,4,-1,-1,-1,-1,1
2014921500005,1,9,0,18,0,0,0,1,0,0,1,1,6,1,80,11,1998,1,10,-1,-1
2014921500005,2,9,0,18,0,0,0,0,0,0,1,1,6,1,35,6,2179,2,1,-1,3
2014921500005,3,19,0,2,0,0,0,0,0,0,3,1,6,1,48,8,1995,2,7,-1,2
2014921500007,1,9,0,18,9,0,2,0,1,0,1,1,6,2,18,4,1390,1,15,-1,3
2014921500015,1,9,0,5,0,4,0,0,0,0,3,1,6,1,23,5,1242,1,6,-1,1
2014921500015,2,1,0,18,0,8,0,0,0,0,1,1,1,1,36,7,-1,-1,-1,-1,1
2014921500027,1,17,0,18,0,0,0,0,0,0,0,1,1,1,42,7,-1,-1,-1,-1,3
2014921500027,2,17,0,18,0,0,0,0,0,0,0,1,1,1,63,9,-1,-1,-1,-1,3
2014921500027,3,16,0,2,0,0,0,0,0,0,0,1,6,2,52,8,-1,-1,-1,-1,3
2014921500028,1,9,0,18,0,4,0,0,0,0,1,1,6,1,34,6,1598,2,3,-1,1
2014921500028,2,1,0,11,0,3,0,0,0,0,4,1,2,1,50,8,-1,-1,-1,-1,1
2014921500070,1,9,0,18,0,0,0,0,0,0,1,1,6,1,19,4,1198,1,7,-1,3
2014921500070,2,9,0,18,0,0,0,0,0,0,1,1,6,2,25,5,1596,1,-1,-1,1
2014921500076,1,9,0,18,0,1,0,0,0,0,4,1,6,1,20,4,-1,-1,-1,-1,3
2014921500076,2,9,0,2,0,2,0,0,0,0,0,1,6,2,51,8,1396,2,3,-1,2
2014921500076,3,9,0,2,0,2,0,0,0,0,0,1,6,2,30,6,1598,1,8,-1,2
2014921500080,1,9,0,13,0,1,1,0,7,9,4,1,6,1,48,8,2179,2,-1,-1,1
2014921500080,2,9,0,10,0,1,0,0,0,0,3,1,6,1,54,8,2231,2,1,-1,3
2014921500099,1,9,0,16,0,1,0,0,0,0,1,1,2,1,37,7,2496,1,13,-1,3
2014921500099,2,9,0,10,0,1,0,0,7,0,2,1,2,2,58,9,1995,1,8,-1,3
2014921500132,1,9,0,18,0,0,0,0,0,0,4,1,6,1,30,6,1591,1,2,-1,1
2014921500210,1,9,0,15,0,1,0,0,0,0,4,1,6,1,30,6,1796,1,4,-1,3
2014921500210,2,1,0,18,0,1,0,0,0,0,0,1,6,2,21,5,-1,-1,-1,-1,1
2014921500211,1,11,0,18,0,0,0,0,0,0,4,1,6,3,-1,-1,-1,-1,-1,-1,-1
2014921500220,1,9,0,9,0,6,1,0,1,11,3,1,6,2,71,10,1368,1,2,-1,3
2014921500220,2,9,0,16,0,1,1,0,0,0,1,1,6,1,65,9,2830,2,20,-1,3
2014921500262,1,9,0,18,0,1,0,0,0,0,1,1,6,2,18,4,1229,1,9,-1,1
2014921500262,2,9,0,10,0,2,0,0,0,0,2,1,6,1,38,7,1798,1,6,-1,-1
2014921500290,1,9,0,18,0,8,1,0,2,11,1,1,6,2,68,10,998,1,2,-1,3
2014921500290,2,19,0,10,0,5,0,0,0,0,4,1,1,1,28,6,2198,2,2,-1,1
2014930000001,1,9,0,18,0,0,0,0,7,11,1,1,6,1,18,4,-1,-1,-1,-1,2
2014930000002,1,9,0,18,0,8,0,0,0,0,1,1,6,1,26,6,1390,1,8,-1,1
2014930000002,2,9,0,18,0,8,0,0,0,0,3,1,6,2,53,8,-1,-1,-1,-1,1
2014930000003,1,9,0,18,0,1,0,0,0,0,1,1,6,1,41,7,2698,2,7,-1,2
2014930000003,2,9,0,18,0,1,0,0,0,0,1,1,6,1,59,9,1997,2,12,-1,1
2014930000004,1,9,0,18,0,6,0,0,0,0,1,1,6,2,52,8,999,1,7,-1,1
2014930000004,2,9,0,18,0,1,0,0,0,0,1,1,6,1,42,7,1948,1,13,-1,1
2014930000005,1,9,0,18,0,0,0,0,0,0,1,-1,6,2,75,10,1360,1,15,-1,3
2014930000005,2,9,0,18,0,0,0,0,0,0,1,-1,6,2,50,8,2495,2,13,-1,3
2014930000006,1,9,0,17,0,0,0,0,0,0,1,1,6,1,31,6,1598,1,13,-1,1
2014930000006,2,9,0,17,0,0,0,0,0,0,1,1,6,2,60,9,2143,2,3,-1,3
2014930000007,1,1,0,18,0,6,0,0,0,0,1,1,6,1,12,3,-1,-1,-1,-1,2
2014930000007,2,9,0,18,0,8,0,0,0,0,4,1,6,3,-1,-1,1229,1,1,-1,-1
2014930000008,1,9,0,4,0,1,1,0,3,0,1,1,6,1,19,4,1997,2,9,-1,3
2014930000009,1,9,0,17,0,0,1,4,2,0,1,1,6,2,20,4,1598,1,9,-1,1
2014930000009,2,21,1,2,0,0,0,0,0,0,3,1,1,1,25,5,-1,-1,-1,-1,-1
2014930000010,1,9,0,9,0,6,0,0,0,0,4,1,6,1,46,8,-1,-1,-1,-1,1
2014930000010,2,1,0,18,0,1,0,0,0,0,1,1,6,1,30,6,-1,-1,-1,-1,1
2014930000011,1,90,0,3,0,1,0,0,0,0,1,1,6,3,-1,-1,-1,-1,-1,-1,-1
2014930000012,1,9,0,5,0,2,0,0,0,0,1,1,2,1,22,5,1598,1,14,-1,1
2014930000012,2,1,0,18,0,1,0,0,0,0,3,1,2,1,49,8,-1,-1,-1,-1,3
2014930000013,1,9,0,18,0,0,5,0,0,0,1,1,6,1,69,10,1612,1,3,-1,1
2014930000013,2,9,0,18,0,0,0,0,0,0,4,1,6,1,-1,-1,1910,2,8,-1,3
2014930000014,1,9,0,18,0,4,0,0,0,0,1,1,6,2,55,8,2401,2,12,-1,3
2014930000014,2,9,0,18,0,4,0,0,0,0,2,1,6,2,25,5,1398,1,4,-1,2
2014930000015,1,20,0,6,0,8,0,0,0,0,3,1,1,1,-1,-1,-1,-1,-1,-1,1
2014930000015,2,9,0,18,0,8,0,0,0,0,1,1,1,2,-1,-1,1560,2,-1,-1,1
2014930000016,1,9,0,2,0,0,0,0,0,0,0,1,6,1,32,6,1398,1,4,-1,1
2014930000018,1,19,0,7,0,6,0,0,0,0,1,1,1,1,47,8,1996,2,-1,-1,1
2014930000018,2,9,0,18,0,1,0,0,0,0,1,1,6,2,62,9,1461,2,7,-1,1
2014930000019,1,9,0,18,0,0,0,0,1,10,4,1,6,1,19,4,1199,1,12,-1,3
2014930000020,1,4,0,18,0,1,0,0,0,0,1,1,6,1,50,8,1084,1,14,-1,3
2014930000020,2,9,0,3,0,1,0,0,0,0,2,1,6,2,47,8,1596,1,4,-1,3
2014930000020,3,19,0,10,0,1,0,0,0,0,0,1,1,1,50,8,-1,-1,-1,4,1
2014930000021,1,9,0,18,0,0,0,0,1,11,1,1,6,1,20,4,-1,-1,-1,-1,1
2014930000022,1,9,0,16,0,0,5,11,1,11,1,1,1,2,25,5,1598,1,15,-1,1
2014930000023,1,9,0,18,0,0,5,10,0,6,1,1,6,2,71,10,-1,-1,-1,-1,1
2014930000024,1,9,0,1,0,8,0,11,0,0,2,1,6,2,47,8,-1,-1,-1,-1,3
2014930000025,1,9,0,5,0,0,0,0,0,0,0,1,2,1,20,4,-1,-1,-1,-1,1
2014930000025,2,1,0,18,0,0,0,0,0,0,0,1,1,1,25,5,-1,-1,-1,-1,1
2014930000026,1,9,0,18,0,0,1,0,1,11,1,1,1,2,38,7,1799,1,6,-1,3
2014930000027,1,9,0,18,0,1,0,0,0,0,4,1,6,1,67,10,1590,1,12,-1,1
2014930000028,1,9,0,18,0,0,5,0,6,0,3,1,6,1,20,4,1149,1,12,-1,2
2014930000029,1,9,0,18,0,0,0,0,0,11,4,1,6,1,24,5,1968,1,8,-1,3
2014930000029,2,9,0,18,0,0,0,0,0,0,1,1,6,1,75,10,998,1,10,-1,1
2014930000030,1,9,0,16,0,1,0,0,1,2,1,1,6,1,17,4,1360,1,7,-1,3
2014930000032,1,21,1,12,0,0,0,0,0,0,3,1,6,3,-1,-1,-1,-1,-1,-1,-1
2014930000032,2,9,0,13,0,0,0,0,4,6,3,1,2,1,22,5,1229,1,6,-1,1
2014930000033,1,90,0,18,0,0,0,0,0,0,1,1,6,3,-1,-1,-1,-1,-1,-1,-1
2014930000033,2,1,0,18,0,0,0,0,0,0,2,1,6,1,13,3,-1,-1,-1,-1,1
2014930000034,1,9,0,18,0,0,0,0,0,0,1,1,6,1,40,7,2170,2,10,-1,1
2014930000034,2,9,0,18,0,0,0,0,0,0,2,1,6,1,33,6,-1,-1,-1,-1,1
2014930000036,1,9,0,16,0,7,0,4,0,0,1,1,6,2,47,8,1973,1,14,-1,3
2014930000036,2,19,0,2,0,0,0,0,0,0,2,1,1,1,35,6,2198,2,3,-1,3
2014930000037,1,9,0,18,0,2,0,0,0,0,1,1,6,1,52,8,1229,1,3,-1,1
2014930000038,1,9,0,18,0,0,5,0,1,2,1,1,6,1,68,10,1997,2,3,-1,1
2014930000039,1,9,0,1,0,2,0,0,0,0,2,1,1,1,49,8,1753,2,7,-1,1
2014930000040,1,9,0,18,0,8,0,0,1,1,1,1,6,1,60,9,1968,2,3,-1,1
2014930000040,2,9,0,18,0,1,0,0,0,0,1,1,6,1,31,6,1600,1,16,-1,1
2014930000041,1,9,0,9,0,5,0,0,0,0,4,1,2,1,41,7,1998,1,11,-1,1
2014930000042,1,9,0,9,0,2,0,0,0,0,1,1,2,1,19,4,4196,1,8,-1,1
2014930000043,1,21,0,9,0,8,0,0,0,0,1,1,1,1,57,9,5880,2,11,-1,2
2014930000043,2,9,0,18,0,1,0,0,0,0,1,1,1,2,31,6,1686,2,1,-1,1
2014930000044,1,9,0,17,0,0,0,0,1,4,3,1,2,2,58,9,1400,1,9,-1,3
2014930000044,2,9,0,16,0,0,0,0,0,0,3,1,6,1,35,6,998,1,1,-1,2
2014930000045,1,21,0,18,0,0,0,0,0,0,1,1,1,1,33,6,-1,-1,-1,-1,1
2014930000045,2,9,0,2,0,0,5,0,1,0,2,1,6,1,53,8,1229,1,-1,-1,1
2014930000046,1,9,0,5,0,4,0,0,0,0,1,1,2,2,53,8,998,1,-1,-1,1
2014930000046,2,1,0,9,0,3,0,0,0,0,2,1,2,1,39,7,-1,-1,-1,-1,1
2014930000047,1,9,0,18,0,0,0,10,7,9,1,1,6,1,75,10,1198,1,1,-1,2
2014930000048,1,9,0,18,0,0,0,0,7,4,1,1,6,1,47,8,-1,-1,-1,-1,3
2014930000049,1,9,0,18,0,8,0,0,0,0,3,1,6,2,52,8,1598,1,13,-1,1
2014930000049,2,9,0,9,0,6,0,0,0,0,4,1,6,1,45,7,2993,2,4,-1,-1
2014930000050,1,9,0,18,0,2,0,0,0,0,1,1,3,2,33,6,1598,1,3,-1,1
2014930000051,1,9,0,18,0,0,5,0,7,11,1,1,2,1,39,7,1995,1,12,-1,1
2014930000052,1,20,0,18,0,1,0,0,0,0,1,1,1,1,26,6,-1,-1,-1,-1,-1
2014930000053,1,9,0,18,0,0,0,0,0,0,1,1,6,2,50,8,2198,1,11,-1,1
2014930000054,1,9,0,18,0,6,0,0,0,0,1,1,6,1,85,11,999,1,1,-1,2
2014930000054,2,9,0,18,0,8,0,0,0,0,1,1,6,2,71,10,1390,1,4,-1,1
2014930000055,1,21,0,18,0,0,0,0,0,0,1,1,1,1,51,8,4462,2,1,-1,1
2014930000055,2,19,0,18,0,0,0,0,1,0,3,1,2,1,30,6,1560,2,1,-1,2
2014930000056,1,19,0,9,0,5,0,0,0,0,1,1,2,1,26,6,1753,2,8,-1,3
2014930000056,2,3,0,18,0,1,0,0,0,0,1,1,2,1,25,5,124,1,3,-1,3
2014930000057,1,9,0,18,0,0,0,0,1,0,3,1,6,1,65,9,995,1,11,-1,1
2014930000057,2,9,0,18,0,0,0,0,4,6,4,1,6,2,33,6,-1,-1,-1,-1,3
2014930000057,3,9,0,2,0,0,0,0,0,0,2,1,6,3,-1,-1,1994,1,10,-1,-1
2014930000058,1,9,0,4,0,1,0,0,7,11,4,1,2,2,26,6,1360,1,13,-1,3
2014930000058,2,9,0,18,0,2,0,0,0,0,1,1,2,1,24,5,1998,1,1,-1,3
2014930000058,3,19,0,18,0,2,5,0,1,0,1,1,2,1,64,9,1461,2,11,-1,3
2014930000058,4,9,0,18,0,1,0,0,0,0,3,1,2,1,23,5,1229,1,1,-1,1
2014930000058,5,9,0,4,0,1,0,0,0,0,1,1,2,1,43,7,1995,2,2,-1,3
2014930000059,1,9,0,17,0,0,0,0,1,0,1,1,2,1,22,5,1596,1,12,-1,1
2014930000059,2,9,0,18,0,0,0,0,0,0,1,1,2,2,49,8,1596,1,9,-1,2
2014930000060,1,9,0,18,0,0,0,0,0,0,1,1,6,1,68,10,1796,1,16,-1,1
2014930000060,2,21,1,18,0,0,0,0,0,0,1,1,1,1,63,9,12777,2,6,-1,1
2014930000061,1,9,0,18,0,5,0,0,0,0,1,1,6,1,20,4,2765,2,16,-1,2
2014930000062,1,20,0,18,0,0,0,0,0,0,1,1,1,1,43,7,-1,-1,-1,-1,1
2014930000062,2,9,0,3,0,0,0,0,0,0,2,1,6,2,44,7,1587,1,7,-1,1
2014930000063,1,9,0,18,0,0,5,0,1,0,1,1,6,2,39,7,1995,2,8,-1,1
2014930000064,1,1,0,18,0,8,0,0,0,0,1,1,1,1,62,9,-1,-1,-1,-1,1
2014930000064,2,9,0,18,0,1,0,0,0,0,1,1,3,2,31,6,1596,1,7,-1,1
2014930000065,1,9,0,18,0,0,0,0,1,4,1,1,6,1,31,6,-1,-1,-1,-1,3
2014930000066,1,9,0,9,0,6,0,0,0,0,4,1,6,2,48,8,-1,-1,-1,-1,1
2014930000067,1,3,0,18,0,2,0,0,0,0,1,1,4,1,17,4,124,1,-1,-1,3
2014930000067,2,9,0,18,0,1,0,0,0,0,0,1,6,2,50,8,1298,1,14,-1,3
2014930000068,1,9,0,9,0,6,0,0,0,0,1,1,1,1,60,9,1560,2,3,-1,1
2014930000068,2,9,0,18,0,1,0,0,0,0,1,1,2,2,30,6,1968,2,4,-1,2
2014930000069,1,9,0,18,0,0,0,0,0,0,4,1,6,1,49,8,2993,2,5,-1,1
2014930000070,1,9,0,17,0,0,0,0,7,0,1,1,2,1,29,6,1242,1,2,-1,2
2014930000071,1,21,0,18,0,0,0,0,0,0,1,1,1,1,40,7,12902,2,1,-1,2
2014930000071,2,9,0,4,0,0,1,0,0,0,2,1,6,2,27,6,2000,1,6,7,1
2014930000072,1,9,0,18,0,0,5,0,1,0,1,1,2,1,22,5,1461,2,10,-1,2
2014930000073,1,9,0,18,0,0,0,0,0,0,1,1,6,2,28,6,-1,-1,-1,-1,2
2014930000073,2,9,0,4,0,0,0,0,1,0,3,1,6,2,51,8,1598,2,1,-1,2
2014930000074,1,9,0,13,0,0,0,0,4,6,3,1,6,1,21,5,-1,-1,-1,-1,1
2014930000075,1,3,0,13,0,0,0,4,0,0,1,1,6,1,45,7,125,1,3,-1,1
2014930000075,2,20,0,12,0,0,0,0,0,0,3,1,6,1,33,6,-1,-1,-1,-1,1
2014930000075,3,9,0,2,0,0,0,0,0,0,3,1,6,3,-1,-1,1299,1,12,-1,-1
2014930000076,1,21,0,18,0,0,0,0,0,0,3,1,6,1,52,8,4462,2,1,-1,1
2014930000077,1,9,0,18,0,1,5,0,7,11,1,1,6,1,17,4,-1,-1,-1,-1,3
2014930000078,1,90,0,7,0,2,0,0,0,0,0,1,6,3,-1,-1,-1,-1,-1,-1,-1
2014930000078,2,9,0,18,0,1,0,0,0,0,1,1,6,1,45,7,1796,1,14,-1,1
2014930000079,1,9,4,18,0,0,0,0,1,7,4,1,6,2,51,8,2495,2,10,-1,1
2014930000080,1,9,0,18,0,0,0,0,0,0,1,1,6,1,31,6,1994,1,9,-1,3
2014930000081,1,9,0,18,0,2,5,4,0,0,1,1,6,1,45,7,1896,2,11,-1,1
2014930000081,2,9,0,2,0,2,0,0,0,0,2,1,6,3,-1,-1,1997,1,11,-1,-1
2014930000081,3,9,0,2,0,2,0,0,0,0,2,1,6,3,-1,-1,1396,1,15,-1,-1
2014930000082,1,9,0,18,0,4,0,0,0,0,1,1,6,1,64,9,1598,1,6,-1,1
2014930000082,2,9,0,18,0,8,5,0,0,0,1,1,6,1,64,9,1242,1,3,-1,1
2014930000083,1,90,0,18,0,1,0,0,1,0,4,1,6,3,-1,-1,-1,-1,-1,-1,-1
2014930000084,1,9,0,5,0,8,0,0,0,0,1,1,6,2,22,5,1242,1,3,-1,1
2014930000085,1,9,0,16,0,2,0,0,0,0,1,1,1,1,28,6,1560,2,2,-1,1
2014930000085,2,21,1,18,0,1,0,0,0,0,3,1,1,1,44,7,10308,2,1,-1,2
2014930000086,1,9,0,9,0,5,0,0,0,0,1,1,2,1,57,9,1995,1,5,-1,1
2014930000087,1,9,0,18,0,0,0,0,0,0,4,1,6,3,-1,-1,-1,-1,-1,-1,-1
2014930000088,1,9,0,13,0,0,0,0,7,11,1,1,6,2,32,6,1995,2,3,-1,3
2014930000088,2,9,0,18,0,0,0,0,0,0,1,1,6,1,25,5,1598,1,14,-1,1
2014930000088,3,21,0,18,0,0,0,0,0,0,0,1,1,1,31,6,12740,2,1,-1,1
2014930000089,1,9,0,17,0,0,0,0,7,11,1,1,6,1,30,6,-1,-1,-1,-1,2
2014930000090,1,9,0,18,0,0,0,0,0,0,1,1,1,1,40,7,2231,2,1,1,1
2014930000090,2,17,0,18,0,0,0,0,0,0,2,1,1,1,49,8,-1,-1,-1,-1,3
2014930000091,1,8,0,1,0,0,0,4,0,0,2,1,1,1,37,7,1560,2,3,-1,1
2014930000091,2,9,0,2,0,0,0,0,0,0,2,1,6,3,-1,-1,2656,1,13,-1,-1
2014930000092,1,9,0,13,0,0,0,0,0,0,1,1,6,1,22,5,1360,1,11,-1,1
2014930000092,2,9,0,18,0,0,0,0,0,0,1,1,6,1,51,8,1910,2,7,-1,2
2014930000092,3,9,0,18,0,0,0,0,0,0,0,1,6,1,56,9,1399,1,5,-1,2
2014930000093,1,9,0,18,0,0,0,0,0,0,1,1,6,2,19,4,1242,1,10,-1,1
2014930000093,2,20,0,4,0,0,0,0,0,0,2,1,1,1,33,6,-1,-1,-1,-1,1
2014930000094,1,9,0,18,0,0,5,0,8,11,1,1,6,2,60,9,1388,1,8,-1,2
2014930000095,1,9,0,2,0,2,0,0,0,0,3,1,1,1,58,9,2184,2,5,-1,2
2014930000095,2,1,0,14,0,2,0,0,0,0,1,1,6,1,23,5,-1,-1,-1,-1,1
2014930000096,1,9,0,18,0,0,0,0,0,0,1,1,6,1,80,11,1997,2,14,-1,3
2014930000096,2,1,0,18,0,0,0,0,0,0,2,1,6,1,50,8,-1,-1,-1,3,1
2014930000097,1,90,0,18,0,1,0,0,0,0,1,1,6,3,-1,-1,-1,-1,-1,-1,-1
2014930000098,1,9,0,9,0,5,0,0,0,0,4,1,6,1,24,5,998,1,1,-1,1
2014930000098,2,3,0,18,0,1,0,0,0,0,1,1,6,1,32,6,125,1,3,-1,3
2014930000099,1,20,1,11,0,0,0,0,0,0,1,1,1,1,57,9,-1,-1,-1,-1,1
2014930000099,2,9,0,18,0,0,0,0,0,0,3,1,6,1,27,6,-1,-1,-1,-1,2
2014930000100,1,9,0,18,0,8,0,0,0,0,1,1,2,2,33,6,1240,1,10,-1,3
2014930000101,1,9,0,9,0,5,0,0,0,0,4,1,6,1,69,10,1910,2,8,-1,1
2014930000101,2,9,0,18,0,1,0,0,0,0,1,1,6,1,33,6,1764,1,18,-1,1
2014930000101,3,8,0,3,0,1,0,0,0,0,1,1,1,1,59,9,1560,2,3,-1,1
2014930000102,1,20,0,9,0,6,0,0,0,0,1,1,1,1,51,8,5880,2,1,-1,3
2014930000102,2,9,0,18,0,1,0,0,0,0,1,1,6,2,61,9,1560,2,3,-1,1
2014930000103,1,9,0,9,0,6,0,0,0,0,3,1,6,1,88,11,1497,1,10,-1,1
2014930000103,2,9,0,18,0,1,0,0,0,0,1,1,2,1,18,4,1242,1,5,-1,1
2014930000104,1,9,0,18,0,0,0,4,1,0,1,1,6,3,-1,-1,1896,2,11,-1,-1
2014930000104,2,9,0,2,0,0,0,0,0,0,2,1,1,1,67,10,1587,1,5,-1,1
2014930000105,1,9,0,18,0,0,0,0,0,0,1,1,6,1,21,5,1390,1,14,-1,1
2014930000105,2,9,0,3,0,0,0,0,0,0,2,1,6,2,21,5,1360,1,2,-1,3
2014930000106,1,9,0,9,0,6,0,0,1,0,2,1,6,2,96,11,1339,1,10,-1,2
2014930000106,2,9,0,18,0,1,0,0,1,0,1,1,6,1,37,7,1598,2,3,9,1
2014930000107,1,9,0,18,0,0,0,0,0,0,1,1,2,1,51,8,1229,1,4,-1,3
2014930000107,2,17,0,18,0,0,0,0,0,0,2,1,1,1,24,5,-1,-1,-1,-1,3
2014930000108,1,3,0,16,0,0,0,0,0,0,1,1,6,2,35,6,124,1,10,-1,3
2014930000108,2,9,0,17,0,0,0,0,0,0,1,1,6,1,66,10,998,1,2,-1,1
2014930000109,1,9,0,16,0,0,5,0,1,0,1,1,6,1,52,8,-1,-1,-1,-1,1
2014930000109,2,19,0,18,0,0,0,0,0,0,0,1,1,3,-1,-1,-1,-1,-1,-1,1
2014930000110,1,3,0,18,0,1,1,0,0,0,4,1,6,1,36,7,124,1,2,-1,1
2014930000111,1,9,0,17,0,0,5,0,7,7,3,1,6,1,38,7,1364,1,3,-1,-1
2014930000112,1,9,0,5,0,7,0,0,0,0,3,1,6,1,81,11,1349,1,5,-1,1
2014930000112,2,11,0,18,0,1,0,0,0,0,1,1,1,1,58,9,-1,-1,-1,10,2
2014930000113,1,9,0,16,0,0,0,0,0,0,1,1,2,1,45,7,1796,1,10,-1,1
2014930000113,2,9,0,18,0,0,0,0,0,0,1,1,6,1,45,7,1870,2,9,-1,3
2014930000114,1,9,0,18,0,1,0,0,0,0,1,1,6,2,34,6,1149,1,10,-1,1
2014930000114,2,9,0,4,0,1,0,0,0,0,2,1,6,2,59,9,998,1,3,-1,3
2014930000116,1,9,0,18,0,2,0,0,1,0,1,1,6,1,58,9,1389,1,19,-1,1
2014930000117,1,9,0,5,0,6,0,0,0,0,3,1,6,2,82,11,1332,1,15,-1,1
2014930000117,2,9,0,18,0,2,0,0,0,0,1,1,6,2,29,6,1560,2,3,-1,1
2014930000118,1,19,0,18,0,8,0,0,1,2,1,1,1,1,32,6,1686,2,4,-1,1
2014930000119,1,9,0,18,0,1,0,0,0,0,1,1,6,1,82,11,1497,1,8,-1,1
2014930000119,2,9,0,3,0,1,0,0,0,0,2,1,6,2,32,6,1796,1,7,-1,2
2014930000120,1,9,0,18,0,0,0,0,0,0,1,1,6,1,20,4,-1,-1,-1,-1,1
2014930000121,1,9,0,18,0,0,0,0,7,11,4,1,1,1,24,5,1598,1,8,-1,1
2014930000122,1,20,0,18,0,0,0,0,7,11,1,1,6,1,27,6,-1,-1,-1,-1,3
2014930000123,1,9,0,18,0,0,0,0,1,11,1,1,2,2,32,6,1242,1,13,-1,3
2014930000124,1,9,0,18,0,0,0,0,7,6,1,1,6,1,34,6,1968,2,2,-1,1
2014930000125,1,9,0,18,0,0,0,0,7,2,1,1,6,1,18,4,1391,1,13,-1,1
2014930000126,1,1,0,18,0,8,0,0,0,0,1,1,6,1,60,9,-1,-1,-1,-1,1
2014930000126,2,9,0,18,0,8,0,0,0,0,3,1,6,2,73,10,1598,1,6,-1,1
2014930000127,1,9,0,9,0,6,0,0,0,0,1,1,6,1,71,10,-1,-1,-1,-1,1
2014930000127,2,9,0,18,0,1,0,0,1,11,3,1,6,2,80,11,1560,2,6,-1,1
2014930000128,1,9,0,11,0,0,0,0,0,0,4,1,6,1,23,5,-1,-1,-1,-1,1
2014930000128,2,9,0,18,0,0,0,0,0,0,3,1,1,2,48,8,1968,2,4,-1,2
2014930000129,1,90,0,18,0,0,0,0,0,0,1,1,6,3,-1,-1,-1,-1,-1,-1,-1
2014930000129,2,9,0,4,0,0,0,0,0,0,2,1,2,2,20,4,1596,1,8,-1,3
2014930000130,1,20,0,18,0,1,0,0,0,0,4,1,1,1,32,6,-1,-1,-1,-1,2
2014930000131,1,9,0,18,0,2,0,0,0,0,1,1,2,1,45,7,1598,1,15,-1,1
2014930000132,1,9,0,18,0,1,1,0,0,0,1,1,6,2,49,8,1248,2,6,-1,1