Accident_Index,Vehicle_Reference,Vehicle_Type,Towing_and_Articulation,Vehicle_Manoeuvre,Vehicle_Location-Restricted_Lane,Junction_Location,Skidding_and_Overturning,Hit_Object_in_Carriageway,Vehicle_Leaving_Carriageway,Hit_Object_off_Carriageway,1st_Point_of_Impact,Was_Vehicle_Left_Hand_Drive?,Journey_Purpose_of_Driver,Sex_of_Driver,Age_of_Driver,Age_Band_of_Driver,Engine_Capacity_(CC),Propulsion_Code,Age_of_Vehicle,Driver_IMD_Decile,Driver_Home_Area_Type
2014930000132,2,9,0,18,0,1,0,0,0,0,1,1,2,1,37,7,1995,2,4,-1,2
2014930000133,1,9,0,18,0,0,0,0,1,11,1,1,2,1,51,8,1240,1,10,-1,1
2014930000134,1,9,4,18,0,0,0,0,0,0,1,1,6,1,66,10,2979,1,12,-1,3
2014930000134,2,9,0,18,0,0,0,0,0,0,1,1,6,2,40,7,1364,1,7,-1,1
2014930000135,1,9,0,13,0,1,0,0,0,0,1,1,2,1,25,5,1998,1,10,-1,-1
2014930000135,2,9,0,9,0,1,0,0,0,0,3,1,6,2,17,4,-1,-1,-1,-1,-1
2014930000136,1,9,0,18,0,0,0,0,0,0,1,1,2,2,37,7,1396,2,2,-1,1
2014930000137,1,9,0,18,0,1,0,0,3,11,1,1,6,1,20,4,1968,2,4,-1,1
2014930000137,2,9,0,18,0,1,0,0,0,0,0,1,1,3,-1,-1,-1,-1,-1,-1,-1
2014930000138,1,9,0,18,0,1,0,0,0,0,1,1,6,1,31,6,2199,2,1,9,1
2014930000139,1,9,0,18,0,0,0,0,7,4,1,1,6,1,20,4,1998,1,10,-1,1
2014930000139,2,9,0,18,0,0,0,0,0,0,1,1,6,1,23,5,1970,1,18,-1,3
2014930000140,1,9,0,18,0,1,0,0,1,4,1,1,6,2,40,7,-1,-1,-1,-1,1
2014930000141,1,9,0,17,0,0,5,0,1,11,1,1,6,1,22,5,1598,1,11,-1,1
2014930000141,2,20,0,16,0,0,0,0,0,0,0,1,1,3,-1,-1,-1,-1,-1,-1,1
2014930000142,1,9,0,18,0,0,5,0,1,11,1,1,6,1,84,11,1339,1,11,-1,1
2014930000143,1,9,0,16,0,0,0,0,1,4,1,1,6,1,20,4,998,1,19,-1,3
2014930000144,1,9,0,18,0,8,0,0,0,0,3,1,6,1,49,8,1149,1,1,-1,1
2014930000144,2,9,0,18,0,8,0,0,0,0,1,1,6,1,79,11,-1,-1,-1,-1,1
2014930000145,1,9,0,18,0,0,0,0,2,11,1,1,6,2,64,9,1339,1,12,-1,1
2014930000146,1,9,0,18,0,1,0,0,0,0,1,1,6,1,23,5,1242,1,1,-1,1
2014930000146,2,9,0,4,0,1,0,0,0,0,2,1,2,2,41,7,1461,2,3,-1,3
2014930000146,3,9,0,4,0,1,0,0,0,0,2,1,2,1,50,8,2191,2,1,-1,3
2014930000147,1,9,0,16,0,0,0,0,0,0,1,1,2,2,54,8,1598,1,8,-1,3
2014930000147,2,17,0,17,0,0,0,0,0,0,2,1,1,1,44,7,-1,-1,-1,-1,3
2014930000148,1,9,0,18,0,1,0,0,0,0,1,1,6,1,42,7,1560,2,10,-1,1
2014930000148,2,9,0,3,0,1,0,0,0,0,2,1,6,2,66,10,1598,1,13,-1,1
2014930000149,1,9,0,18,0,0,5,0,7,1,1,1,1,1,42,7,999,1,-1,-1,2
2014930000150,1,9,0,9,0,5,0,0,0,0,1,1,6,1,42,7,1910,2,4,-1,1
2014930000151,1,9,0,9,0,6,0,0,0,0,3,1,6,1,26,6,1998,1,16,-1,2
2014930000151,2,9,0,18,0,1,0,0,0,0,1,1,6,2,55,8,1229,1,3,-1,1
2014930000152,1,9,0,18,0,0,0,0,0,0,1,1,6,2,72,10,2300,1,17,-1,3
2014930000153,1,9,0,18,0,0,0,6,0,0,4,1,6,1,24,5,1896,2,11,-1,2
2014930000154,1,9,0,18,0,8,0,0,6,10,1,1,6,2,43,7,998,1,6,-1,1
2014930000154,2,9,0,7,0,6,0,0,0,0,3,1,2,2,45,7,1229,1,3,-1,1
2014930000154,3,9,0,3,0,1,0,0,0,0,3,1,2,2,21,5,875,1,2,-1,1
2014930000155,1,20,0,4,0,2,0,0,0,0,1,1,1,1,41,7,-1,-1,-1,-1,1
2014930000156,1,9,0,9,0,6,0,0,0,0,1,1,6,2,69,10,1298,1,13,-1,1
2014930000156,2,1,0,18,0,8,0,0,0,0,3,1,6,1,53,8,-1,-1,-1,-1,1
2014930000157,1,3,0,4,0,1,0,0,0,0,1,1,6,1,26,6,124,1,5,-1,1
2014930000158,1,9,0,18,0,2,0,0,0,0,1,1,6,1,79,11,-1,-1,-1,-1,1
2014930000159,1,9,0,18,0,0,0,0,0,0,1,1,6,1,48,8,-1,-1,-1,-1,1
2014930000159,2,21,0,18,0,0,0,0,0,0,1,1,1,1,48,8,12902,2,1,-1,-1
2014930000160,1,9,0,18,0,0,0,4,0,0,4,1,6,2,25,5,1968,2,4,-1,3
2014930000160,2,9,0,2,0,0,0,0,1,11,4,1,6,3,-1,-1,1364,2,7,-1,-1
2014930000161,1,9,0,18,0,0,0,0,0,0,1,1,6,1,81,11,1242,1,10,-1,1
2014930000161,2,9,0,18,0,0,0,0,0,0,1,1,1,1,42,7,1242,1,3,-1,1
2014930000162,1,9,0,18,0,0,0,4,0,0,1,1,1,1,53,8,1896,2,5,-1,1
2014930000162,2,9,0,2,0,0,0,0,0,0,2,1,6,3,-1,-1,998,1,2,-1,-1
2014930000163,1,20,0,9,0,5,0,0,0,0,1,1,1,1,45,7,2402,2,8,-1,3
2014930000163,2,9,0,18,0,1,0,0,0,0,1,1,6,2,42,7,1997,2,11,-1,2
2014930000164,1,9,0,18,0,0,0,0,0,0,1,1,6,2,19,4,1198,1,10,-1,-1
2014930000164,2,9,0,18,0,0,0,0,1,11,1,1,6,1,62,9,1397,1,6,-1,3
2014930000164,3,9,0,18,0,0,0,0,0,0,2,1,1,1,39,7,1248,2,1,-1,1
2014930000165,1,9,0,18,0,0,0,0,0,0,1,1,6,1,35,6,2496,2,13,-1,3
2014930000165,2,9,0,18,0,0,0,0,0,0,1,1,6,1,44,7,1242,1,14,-1,3
2014930000166,1,9,0,18,0,0,0,0,0,0,3,1,1,2,60,9,1686,2,5,-1,1
2014930000167,1,9,0,18,0,4,0,7,0,0,1,1,2,1,35,6,2000,2,5,-1,1
2014930000167,2,9,0,18,0,8,0,0,0,0,4,1,2,2,22,5,1242,1,7,-1,1
2014930000168,1,22,0,18,0,1,0,0,0,0,4,1,6,2,83,11,-1,-1,-1,-1,-1
2014930000169,1,8,0,3,0,1,0,0,0,0,0,1,1,1,28,6,1560,2,3,-1,1
2014930000170,1,9,0,18,0,1,0,0,7,11,1,1,6,1,77,11,1242,1,2,-1,1
2014930000171,1,20,0,9,0,5,0,0,0,0,4,1,1,1,36,7,-1,-1,-1,-1,2
2014930000171,2,5,0,18,0,1,0,0,0,0,1,1,6,1,33,6,599,1,8,-1,3
2014930000172,1,9,0,9,0,6,0,0,0,0,1,1,6,1,34,6,1598,1,7,3,1
2014930000172,2,9,0,18,0,1,0,0,0,0,3,1,6,2,42,7,2982,2,1,-1,3
2014930000173,1,9,0,18,0,1,0,0,8,7,3,1,6,1,28,6,1686,2,6,-1,-1
2014930000174,1,5,0,18,0,0,0,0,0,0,1,1,6,1,19,4,498,1,22,-1,2
2014930000176,1,9,0,16,0,2,0,0,1,0,1,1,2,1,18,4,1360,1,5,-1,1
2014930000176,2,9,3,17,0,1,0,0,0,0,1,1,6,1,52,8,1998,2,6,-1,1
2014930000177,1,9,0,18,0,0,5,4,0,0,4,1,6,1,34,6,1560,2,6,-1,1
2014930000177,2,9,0,2,0,0,0,0,0,0,3,1,6,3,-1,-1,1461,2,3,-1,-1
2014930000177,3,9,0,2,0,0,0,0,1,0,3,1,6,3,-1,-1,1364,1,7,-1,-1
2014930000178,1,9,0,18,0,1,0,0,0,0,1,1,6,2,54,8,1398,1,9,-1,1
2014930000179,1,9,0,18,0,1,5,0,7,3,1,1,2,2,19,4,2982,2,-1,-1,3
2014930000180,1,1,0,18,0,1,0,0,0,0,1,1,6,1,19,4,-1,-1,-1,-1,1
2014930000180,2,9,0,4,0,1,0,0,0,0,2,1,6,1,49,8,1560,2,3,-1,1
2014930000181,1,9,0,18,0,0,0,12,1,0,1,1,6,1,22,5,1398,2,8,-1,1
2014930000182,1,9,0,9,0,5,0,0,0,0,1,1,6,2,21,5,996,1,-1,-1,1
2014930000182,2,5,0,18,0,1,0,0,0,0,3,1,6,1,21,5,618,1,12,-1,1
2014930000183,1,8,0,1,0,1,0,0,0,0,0,1,1,1,54,8,-1,-1,-1,-1,3
2014930000184,1,19,0,18,0,0,0,0,0,0,1,1,1,1,42,7,1560,2,3,-1,2
2014930000184,2,1,0,18,0,0,0,0,0,0,2,1,6,1,48,8,-1,-1,-1,-1,3
2014930000185,1,9,0,9,0,8,0,0,0,0,1,1,6,1,33,6,1362,1,2,-1,1
2014930000185,2,9,0,18,0,3,0,0,0,0,2,1,1,1,17,4,1368,1,8,-1,1
2014930000186,1,9,0,18,0,0,0,0,1,0,1,1,6,1,21,5,1364,1,7,-1,1
2014930000187,1,9,0,9,0,5,0,0,0,0,1,1,6,2,69,10,1364,1,8,-1,1
2014930000187,2,1,0,18,0,1,0,0,0,0,1,1,6,1,38,7,-1,-1,-1,-1,1
2014930000188,1,19,0,18,0,1,0,0,0,0,1,1,6,1,40,7,1560,2,4,-1,3
2014930000188,2,9,0,3,0,1,0,0,0,0,2,1,6,1,47,8,1360,1,13,-1,1
2014930000189,1,9,0,18,0,0,5,0,1,11,1,1,2,2,18,4,998,1,7,-1,3
2014930000190,1,9,0,17,0,0,5,0,1,11,1,1,2,1,30,6,1596,1,6,-1,2
2014930000191,1,9,0,9,0,6,0,0,0,0,1,1,6,1,68,10,1299,1,12,-1,1
2014930000191,2,1,0,18,0,8,0,0,0,0,4,1,6,1,22,5,-1,-1,-1,-1,1
2014930000192,1,21,1,18,0,1,0,0,0,0,1,1,1,1,42,7,-1,-1,-1,-1,-1
2014930000192,2,9,0,3,0,1,0,0,0,0,2,1,6,2,49,8,1968,2,5,-1,1
2014930000193,1,9,0,18,0,0,0,0,0,0,1,1,6,2,52,8,1590,1,13,-1,3
2014930000193,2,9,0,18,0,0,0,0,0,0,3,1,1,1,57,9,-1,-1,-1,-1,1
2014930000193,3,9,0,18,0,0,0,0,0,0,3,1,6,1,72,10,-1,-1,-1,-1,3
2014930000194,1,9,0,9,0,5,0,0,0,0,1,1,1,2,24,5,1499,2,1,-1,3
2014930000194,2,9,0,18,0,1,0,0,0,0,3,1,6,1,53,8,1968,2,2,6,3
2014930000195,1,9,0,18,0,0,0,0,0,0,1,1,6,2,32,6,1242,1,12,-1,1
2014930000195,2,1,0,18,0,0,0,0,0,0,3,1,6,2,22,5,-1,-1,-1,-1,1
2014930000196,1,9,0,18,0,0,0,4,0,0,4,1,6,2,85,11,989,1,9,-1,1
2014930000196,2,9,0,2,0,0,0,0,0,0,3,1,6,3,-1,-1,996,1,1,-1,-1
2014930000196,3,9,0,2,0,0,0,0,0,0,4,1,6,3,-1,-1,1991,2,3,-1,-1
2014930000196,4,9,0,18,0,0,0,0,0,0,3,1,6,1,39,7,1399,1,9,-1,1
2014930000197,1,9,0,9,0,6,0,0,0,0,3,1,6,2,58,9,2359,1,2,-1,1
2014930000197,2,5,0,18,0,1,0,0,0,0,1,1,6,1,56,9,1250,1,7,-1,-1
2014930000198,1,9,0,18,0,0,0,10,1,4,1,1,6,1,18,4,1360,1,12,-1,1
2014930000198,2,9,0,18,0,0,0,0,0,0,0,1,1,1,41,7,1560,2,2,-1,1
2014930000199,1,9,0,18,0,0,0,0,0,0,1,1,2,2,42,7,1997,2,11,-1,1
2014930000199,2,9,0,18,0,0,0,0,0,0,1,1,2,2,32,6,1984,1,2,-1,1
2014930000200,1,9,0,18,0,0,5,0,7,0,3,1,2,2,58,9,1596,1,9,-1,2
2014930000201,1,9,0,5,0,6,0,0,0,0,1,1,6,2,22,5,1399,2,5,-1,1
2014930000201,2,1,0,18,0,1,0,0,0,0,4,1,6,1,44,7,-1,-1,-1,-1,3
2014930000202,1,9,0,18,0,8,0,0,0,0,1,1,6,1,63,9,1598,2,3,-1,3
2014930000202,2,9,0,18,0,8,0,0,0,0,1,1,6,1,25,5,2830,2,18,-1,1
2014930000203,1,9,0,18,0,0,0,0,0,0,1,1,6,1,28,6,2400,2,5,-1,3
2014930000203,2,9,0,3,0,0,0,0,0,0,2,1,6,1,62,9,-1,-1,-1,-1,3
2014930000204,1,9,0,18,0,0,0,0,0,0,1,1,6,2,33,6,998,1,-1,-1,1
2014930000205,1,9,0,5,0,1,0,0,0,0,3,1,6,1,72,10,1198,1,6,-1,-1
2014930000205,2,9,0,18,0,1,0,0,0,0,1,1,6,1,63,9,1796,1,6,-1,3
2014930000206,1,9,0,18,0,0,0,0,0,0,1,1,6,3,-1,-1,1199,1,11,-1,-1
2014930000206,2,9,0,2,0,0,0,0,0,0,3,1,6,2,44,7,1242,1,6,-1,1
2014930000207,1,9,0,18,0,0,0,4,0,0,2,1,6,1,84,11,1493,1,19,-1,1
2014930000207,2,9,0,2,0,0,0,0,0,0,1,1,6,3,-1,-1,-1,-1,-1,-1,-1
2014930000208,1,9,0,13,0,1,0,0,0,0,1,1,2,1,29,6,2171,1,13,-1,1
2014930000208,2,9,0,18,0,1,0,0,0,0,1,1,6,1,53,8,-1,-1,-1,-1,3
2014930000209,1,9,0,9,0,8,0,0,0,0,3,1,6,2,79,11,-1,-1,-1,-1,-1
2014930000209,2,21,0,18,0,1,0,0,0,0,1,1,1,1,57,9,11705,2,8,-1,1
2014930000210,1,9,0,18,0,2,0,0,0,0,3,1,6,1,29,6,1590,1,15,-1,1
2014930000211,1,9,0,14,0,0,0,0,0,0,1,1,6,2,33,6,1560,2,6,-1,-1
2014930000212,1,5,0,18,0,8,0,0,0,0,1,1,2,1,44,7,955,1,14,-1,3
2014930000212,2,9,0,9,0,8,0,0,0,0,3,1,6,1,33,6,1229,1,3,-1,1
2014930000213,1,9,0,18,0,0,0,4,0,0,1,1,6,2,18,4,1199,1,12,-1,1
2014930000213,2,9,0,2,0,0,0,0,0,0,2,1,6,3,-1,-1,1956,2,3,-1,-1
2014930000214,1,9,0,1,0,0,0,0,0,0,2,1,6,1,45,7,1560,2,4,-1,1
2014930000215,1,9,0,18,0,0,0,0,0,0,1,1,1,1,30,6,1997,2,2,-1,3
2014930000215,2,21,1,12,0,0,0,0,0,0,2,1,1,1,61,9,11946,2,4,-1,2
2014930000216,1,9,0,18,0,2,0,0,0,0,1,1,6,1,21,5,1242,1,11,-1,1
2014930000216,2,9,0,3,0,2,0,0,0,0,2,1,6,2,60,9,2143,2,1,-1,1
2014930000217,1,9,0,18,0,1,0,0,0,0,1,1,6,2,45,7,1360,1,12,-1,1
2014930000217,2,9,0,18,0,8,0,0,0,0,4,1,6,2,44,7,1796,2,1,-1,1
2014930000218,1,5,0,17,0,0,0,0,1,11,1,1,6,1,50,8,-1,-1,-1,-1,2
2014930000219,1,9,0,9,0,6,0,0,0,0,1,1,6,2,81,11,1388,1,5,-1,1
2014930000219,2,5,0,18,0,1,0,0,0,0,4,1,6,1,37,7,599,1,17,-1,1
2014930000220,1,9,0,16,0,0,0,0,8,11,3,1,6,2,41,7,2874,2,16,-1,3
2014930000220,2,9,0,18,0,0,0,0,0,0,1,1,6,2,68,10,1896,2,10,-1,3
2014930000221,1,9,0,18,0,2,0,0,0,0,1,1,6,2,48,8,-1,-1,-1,-1,3
2014930000222,1,9,0,18,0,1,0,0,0,0,1,2,6,1,51,8,-1,-1,-1,-1,-1
2014930000222,2,9,0,18,0,1,0,0,0,0,1,1,2,1,38,7,1995,2,1,-1,1
2014930000223,1,9,0,9,0,5,0,0,0,0,1,1,6,1,26,6,1997,2,-1,-1,1
2014930000223,2,1,0,18,0,1,0,0,0,0,1,1,6,1,49,8,-1,-1,-1,2,1
2014930000224,1,1,0,15,0,1,0,0,0,0,1,1,1,1,37,7,-1,-1,-1,-1,-1
2014930000224,2,9,0,18,0,1,0,0,0,0,4,1,6,1,51,8,1560,2,4,-1,-1
2014930000225,1,9,0,16,0,0,5,0,1,11,4,1,6,2,53,8,1390,1,12,-1,2
2014930000226,1,9,0,1,0,2,0,0,0,0,2,1,1,1,56,9,1598,2,2,-1,1
2014930000227,1,9,0,9,0,6,0,0,0,0,1,1,6,1,31,6,1560,2,4,-1,-1
2014930000227,2,9,0,18,0,1,0,0,0,0,1,1,6,1,44,7,1560,2,9,-1,-1
2014930000228,1,90,0,18,0,2,0,0,0,0,4,1,6,3,-1,-1,-1,-1,-1,-1,-1
2014930000229,1,9,0,18,0,1,0,0,0,0,1,1,6,1,45,7,1781,1,11,-1,1
2014930000229,2,9,0,3,0,1,0,0,0,0,2,1,1,1,43,7,1461,2,4,-1,1
2014930000229,3,90,0,4,0,2,0,0,0,0,0,1,6,3,-1,-1,-1,-1,-1,-1,-1
2014930000230,1,9,0,9,0,1,0,0,0,0,1,1,6,1,89,11,1339,1,8,-1,-1
2014930000230,2,8,0,18,0,1,0,0,0,0,1,1,1,1,49,8,-1,-1,-1,-1,-1
2014930000231,1,9,0,18,0,8,0,0,0,0,1,1,6,1,32,6,1798,1,8,-1,1
2014930000231,2,9,0,18,0,8,0,0,0,0,4,1,6,2,55,8,-1,-1,-1,-1,3
2014930000233,1,9,0,18,0,0,0,0,1,7,1,1,6,2,71,10,1339,1,9,-1,1
2014930000234,1,5,0,16,0,0,0,0,1,0,1,1,6,1,45,7,656,1,4,-1,-1
2014930000235,1,5,0,16,0,0,0,0,0,0,1,1,6,1,47,8,-1,-1,-1,-1,-1
2014930000235,2,9,0,17,0,0,0,0,0,0,1,1,6,1,72,10,998,1,1,-1,-1
2014930000236,1,9,0,18,0,2,0,0,0,0,4,1,6,1,54,8,1149,1,9,-1,2
2014930000238,1,9,0,18,0,0,0,0,1,4,1,1,6,2,65,9,1596,1,12,-1,3
2014930000239,1,9,0,17,0,0,0,0,1,9,1,1,6,2,40,7,1198,1,8,-1,1
2014930000240,1,9,0,5,0,0,0,0,0,0,1,1,6,2,29,6,2184,2,7,-1,1
2014930000240,2,9,0,18,0,0,0,0,1,11,4,1,6,2,56,9,1339,1,6,-1,1
2014930000240,3,19,0,2,0,0,0,0,0,0,2,1,6,3,-1,-1,-1,-1,-1,-1,-1
2014930000241,1,9,0,3,0,0,0,0,0,0,2,1,6,1,60,9,1781,1,23,-1,3
2014930000241,2,90,0,18,0,0,0,0,0,0,1,1,1,1,54,8,2464,2,6,-1,1
2014930000242,1,3,0,4,0,1,0,0,0,0,1,1,6,1,23,5,125,1,5,-1,1
2014930000243,1,9,0,18,0,0,1,0,1,11,1,1,6,1,21,5,-1,-1,-1,-1,2
2014930000244,1,20,0,18,0,1,0,0,4,6,1,1,1,1,45,7,-1,-1,-1,-1,1
2014930000245,1,9,0,5,0,8,0,0,0,0,1,1,6,1,61,9,-1,-1,-1,-1,3
2014930000245,2,1,0,18,0,8,0,0,0,0,3,1,6,1,75,10,-1,-1,-1,-1,2
2014930000246,1,9,0,9,0,5,0,0,0,0,2,1,6,2,28,6,1398,1,13,-1,1
2014930000246,2,9,0,13,0,1,0,0,0,0,1,1,6,1,24,5,1984,1,11,-1,3
2014930000246,3,9,0,4,0,1,0,0,0,0,0,1,6,2,61,9,-1,-1,-1,-1,1
2014930000247,1,10,0,16,0,0,0,0,0,0,1,1,1,1,59,9,2151,2,13,-1,3
2014930000247,2,21,0,18,0,0,0,0,0,0,3,1,1,1,27,6,4462,2,1,-1,2
2014930000248,1,9,0,18,0,0,5,0,1,2,1,1,6,1,18,4,1999,1,7,-1,1
2014930000249,1,9,0,18,0,2,0,0,0,0,3,1,6,1,39,7,-1,-1,-1,-1,1
2014930000249,2,19,0,18,0,1,0,0,0,0,3,1,6,1,64,9,1686,2,8,-1,1
2014930000250,1,9,0,17,0,0,5,0,1,0,1,1,6,1,78,11,1598,1,9,-1,3
2014930000251,1,19,0,18,0,1,0,0,0,0,1,1,1,1,47,8,2464,2,5,-1,1
2014930000251,2,9,0,4,0,1,0,0,0,0,2,1,1,2,24,5,1461,2,13,-1,1
2014930000251,3,9,0,18,0,1,0,0,0,0,3,1,6,1,39,7,1985,1,15,-1,1
2014930000252,1,9,0,18,0,1,0,0,0,0,1,1,6,1,20,4,1598,1,11,-1,1
2014930000253,1,9,0,18,0,0,0,0,0,0,1,1,1,1,27,6,1396,1,9,-1,-1
2014930000253,2,19,0,18,0,0,0,0,0,0,2,1,1,1,28,6,1995,2,1,-1,-1
2014930000254,1,9,0,18,0,0,0,0,0,0,0,1,6,1,45,7,1598,1,1,-1,3
2014930000254,2,9,0,18,0,0,0,11,0,0,1,1,2,1,45,7,1596,1,11,-1,1
2014930000254,3,9,0,18,0,0,0,0,0,0,2,1,6,1,38,7,1685,2,2,-1,1
2014930000254,4,5,0,18,0,0,0,0,0,0,3,1,6,1,44,7,-1,-1,-1,-1,3
2014930000255,1,9,0,18,0,2,0,0,0,0,4,1,2,2,51,8,1198,1,3,-1,1
2014930000256,1,9,0,11,0,2,0,0,0,0,4,1,6,2,89,11,1388,1,6,-1,3
2014930000256,2,9,0,18,0,2,0,0,0,0,1,1,6,2,61,9,1598,1,4,10,1
2014930000257,1,9,0,5,0,8,0,0,0,0,3,1,6,2,71,10,-1,-1,-1,-1,1
2014930000257,2,9,0,18,0,8,0,0,0,0,1,1,6,2,65,9,1229,1,7,-1,1
2014930000258,1,11,0,4,0,0,0,4,1,10,4,1,1,1,43,7,4250,2,10,-1,1
2014930000258,2,9,0,2,0,0,0,0,0,0,3,1,6,3,-1,-1,1582,2,5,-1,-1
2014930000258,3,9,0,2,0,0,0,4,0,0,2,1,6,3,-1,-1,1998,1,7,-1,-1
2014930000258,4,9,0,2,0,0,0,0,0,0,2,1,6,3,-1,-1,1995,2,11,-1,-1
2014930000260,1,5,0,13,0,0,0,0,0,0,1,1,6,1,44,7,749,1,2,-1,3
2014930000260,2,9,0,18,0,0,0,0,0,0,1,1,6,2,50,8,-1,-1,-1,-1,3
2014930000260,3,9,0,18,0,0,0,0,0,0,3,1,6,1,64,9,2179,2,10,-1,3
2014930000260,4,17,0,18,0,0,0,0,0,0,0,1,6,1,83,11,-1,-1,-1,-1,3
2014930000261,1,9,0,18,0,0,0,0,1,11,1,1,6,2,42,7,1398,2,6,-1,3
2014930000262,1,9,0,5,0,6,0,0,0,0,1,1,2,2,44,7,1997,2,9,-1,1
2014930000262,2,9,0,18,0,1,0,0,0,0,4,1,2,1,49,8,1560,2,2,-1,1
2014930000263,1,1,0,18,0,0,0,0,0,0,2,1,6,1,9,2,-1,-1,-1,-1,2
2014930000263,2,9,0,18,0,0,0,0,0,0,1,1,6,2,65,9,1951,2,10,-1,3
2014930000264,1,9,0,9,0,6,0,0,1,0,2,1,6,1,80,11,1390,1,7,-1,1
2014930000264,2,9,0,18,0,1,0,0,0,0,1,1,6,1,27,6,1910,2,7,-1,1
2014930000265,1,9,0,18,0,0,0,0,0,0,1,1,2,2,23,5,1299,1,13,-1,1
2014930000265,2,19,0,3,0,0,0,0,0,0,2,1,2,1,62,9,2300,2,9,-1,-1
2014930000265,3,9,0,3,0,0,0,0,0,0,2,1,2,2,32,6,1242,1,2,-1,-1
2014930000266,1,1,0,18,0,0,0,0,0,0,1,1,6,2,44,7,-1,-1,-1,-1,2
2014930000267,1,9,0,16,0,1,0,6,0,0,1,1,6,1,74,10,1299,1,13,-1,1
2014930000268,1,1,0,18,0,2,0,0,0,0,1,1,6,1,9,2,-1,-1,-1,-1,1
2014930000268,2,9,0,18,0,2,0,0,0,0,1,1,6,2,55,8,1389,1,10,-1,1
2014930000269,1,9,0,18,0,4,0,0,0,0,1,1,6,1,70,10,-1,-1,-1,-1,3
2014930000269,2,1,0,18,0,8,0,0,0,0,4,1,6,2,20,4,-1,-1,-1,-1,1
2014930000270,1,9,0,18,0,0,0,0,0,0,1,1,6,1,35,6,-1,-1,-1,-1,-1
2014930000270,2,9,0,18,0,0,0,0,0,0,1,1,6,2,18,4,-1,-1,-1,-1,3
2014930000271,1,5,0,18,0,0,0,0,0,0,1,1,6,1,65,9,-1,-1,-1,-1,-1
2014930000271,2,9,0,18,0,0,0,0,0,0,1,1,6,1,55,8,2500,2,43,-1,3
2014930000272,1,20,0,12,0,0,0,0,0,0,3,1,6,1,51,8,-1,-1,-1,-1,-1
2014930000272,2,9,0,13,0,0,0,0,0,0,4,1,6,2,37,7,-1,-1,-1,-1,3
2014930000273,1,9,0,18,0,1,0,0,7,4,1,1,6,2,25,5,1198,1,2,-1,2
2014930000274,1,9,0,18,0,0,0,0,7,11,1,1,6,1,23,5,-1,-1,-1,-1,1
2014930000275,1,20,0,18,0,8,0,0,0,0,1,1,1,1,64,9,2198,2,2,-1,1
2014930000276,1,21,0,18,0,0,5,0,1,11,1,1,1,1,40,7,3920,2,4,-1,1
2014930000277,1,9,0,17,0,0,0,0,7,3,1,1,1,1,-1,-1,2953,1,3,-1,1
2014930000278,1,8,0,18,0,8,0,0,0,0,4,1,6,1,45,7,2902,2,8,-1,1
2014930000278,2,9,0,18,0,8,0,0,0,0,1,1,6,2,64,9,998,1,5,-1,1
2014930000279,1,9,0,9,0,5,0,0,0,0,1,1,6,1,78,11,1783,1,11,-1,1
2014930000279,2,1,0,18,0,1,0,0,0,0,1,1,6,1,32,6,-1,-1,-1,-1,2
2014930000280,1,9,0,18,0,0,0,0,0,0,1,1,6,1,24,5,1396,1,11,-1,1
2014930000280,2,8,0,3,0,0,0,0,0,0,2,1,6,1,46,8,1560,2,4,-1,1
2014930000281,1,9,0,9,0,5,0,0,0,0,0,1,6,1,33,6,1781,1,13,-1,3
2014930000281,2,3,0,4,0,1,0,0,0,0,3,1,6,1,67,10,125,1,10,-1,3
2014930000282,1,5,0,18,0,1,0,0,0,0,1,1,6,1,29,6,599,1,17,-1,1
2014930000282,2,5,0,18,0,1,0,0,0,0,4,1,6,2,45,7,748,1,8,-1,2
2014930000283,1,19,0,1,0,1,0,0,0,0,2,1,1,1,54,8,2287,2,3,-1,1
2014930000284,1,9,0,1,0,0,0,0,1,2,2,1,6,1,85,11,1364,1,8,-1,2
2014930000284,2,9,0,18,0,0,0,0,0,0,2,1,6,1,52,8,1968,2,6,-1,2
2014930000285,1,2,0,18,0,1,0,0,0,0,1,1,1,2,38,7,50,1,2,-1,3
2014930000285,2,20,0,9,0,5,0,0,0,0,4,1,6,1,38,7,-1,-1,-1,-1,-1
2014930000286,1,9,0,9,0,5,0,0,0,0,1,1,2,1,25,5,-1,-1,-1,-1,3
2014930000286,2,9,0,18,0,1,0,0,0,0,1,1,6,2,44,7,1240,1,10,-1,1
2014930000288,1,9,0,18,0,1,0,0,0,0,1,1,6,2,21,5,2495,2,8,-1,3
2014930000288,2,9,0,4,0,1,0,0,0,0,2,1,6,2,27,6,1461,2,2,-1,3
2014930000288,3,90,0,3,0,1,0,0,0,0,0,1,6,3,-1,-1,-1,-1,-1,-1,-1
2014930000289,1,5,0,18,0,0,1,0,0,0,1,1,6,1,38,7,-1,-1,-1,-1,1
2014930000289,2,9,0,18,0,0,0,0,0,0,1,1,6,1,59,9,1686,2,1,-1,1
2014930000290,1,9,3,18,0,0,5,0,0,0,4,1,6,1,29,6,-1,-1,-1,-1,-1
2014930000291,1,20,0,6,0,1,0,0,1,1,2,1,1,1,43,7,-1,-1,-1,-1,1