Accident_Index,Vehicle_Reference,Vehicle_Type,Towing_and_Articulation,Vehicle_Manoeuvre,Vehicle_Location-Restricted_Lane,Junction_Location,Skidding_and_Overturning,Hit_Object_in_Carriageway,Vehicle_Leaving_Carriageway,Hit_Object_off_Carriageway,1st_Point_of_Impact,Was_Vehicle_Left_Hand_Drive?,Journey_Purpose_of_Driver,Sex_of_Driver,Age_of_Driver,Age_Band_of_Driver,Engine_Capacity_(CC),Propulsion_Code,Age_of_Vehicle,Driver_IMD_Decile,Driver_Home_Area_Type
2014941400461,2,9,0,4,0,0,0,0,0,0,1,1,1,1,37,7,1995,2,6,-1,3
2014941400462,1,9,0,11,0,3,0,0,0,0,4,1,6,1,71,10,1560,2,2,-1,3
2014941400462,2,9,0,18,0,3,0,0,0,0,3,1,6,1,59,9,1368,1,1,-1,1
2014941400463,1,5,0,17,0,0,2,0,0,0,3,1,6,1,48,8,1584,1,6,-1,2
2014941400463,2,4,0,17,0,0,0,0,0,0,3,1,6,2,49,8,124,1,7,-1,2
2014941400466,1,9,0,7,0,6,0,0,0,0,1,1,6,1,51,8,1248,2,2,-1,1
2014941400466,2,1,0,18,0,1,0,0,0,0,4,1,6,1,37,7,-1,-1,-1,-1,1
2014941400472,1,9,0,18,0,1,0,0,0,0,1,1,2,1,73,10,1587,1,14,-1,1
2014941400472,2,19,0,18,0,1,0,0,1,0,1,1,6,1,49,8,2402,2,6,-1,3
2014941400472,3,19,0,18,0,1,0,0,0,0,3,1,6,2,46,8,2402,2,4,-1,3
2014941400475,1,9,0,9,0,1,0,0,0,0,1,1,6,1,45,7,1997,2,12,-1,2
2014941400475,2,1,0,10,0,2,5,0,0,0,1,1,6,1,35,6,-1,-1,-1,-1,2
2014941400480,1,3,0,16,0,4,1,0,0,0,1,1,2,1,17,4,125,1,5,-1,3
2014941400480,2,9,0,18,0,4,0,0,0,0,0,1,2,1,44,7,1796,1,6,-1,3
2014941400482,1,9,0,5,0,4,0,0,0,0,1,1,6,2,48,8,1242,1,11,-1,1
2014941400482,2,9,0,18,0,4,0,0,0,0,2,1,6,1,21,5,1242,1,13,-1,1
2014941400493,1,9,0,18,0,0,1,0,1,11,4,1,6,1,47,8,2695,2,10,-1,1
2014941400519,1,9,0,10,0,0,0,0,0,0,2,1,6,1,45,7,1582,2,2,-1,1
2014941400519,2,9,0,18,0,0,0,0,0,0,1,1,6,1,26,6,1332,1,16,-1,3
2014941400521,1,5,0,18,0,0,0,0,1,0,1,1,1,1,34,6,645,1,7,-1,2
2014941400524,1,9,0,18,0,0,0,0,0,0,4,1,6,1,77,11,1968,2,1,-1,3
2014941400533,1,9,0,5,0,2,0,0,0,0,1,1,6,2,46,8,3222,2,11,-1,3
2014941400533,2,9,0,18,0,2,0,0,0,0,2,1,6,1,28,6,1910,2,7,-1,3
2014941400535,1,9,0,9,0,8,0,0,0,0,3,1,2,2,22,5,1149,1,4,-1,1
2014941400535,2,4,0,18,0,8,2,0,0,0,3,1,6,1,22,5,125,1,8,-1,1
2014941400537,1,9,0,18,0,2,1,0,0,0,1,1,2,1,38,7,1598,1,9,-1,1
2014941400537,2,9,0,3,0,1,0,0,0,0,3,1,2,2,45,7,1390,1,-1,-1,2
2014941400538,1,9,0,11,0,3,0,0,1,4,1,1,6,1,20,4,1999,1,8,-1,1
2014941400550,1,9,0,14,0,0,0,0,0,0,3,1,6,2,-1,-1,-1,-1,-1,-1,-1
2014941400556,1,9,0,18,0,0,0,0,0,0,1,1,6,2,22,5,1896,2,13,-1,1
2014941400556,2,9,0,18,0,0,0,0,0,0,2,1,6,1,20,4,1299,1,11,-1,1
2014941400556,3,9,0,18,0,0,0,0,0,0,2,1,6,1,55,8,1870,2,11,-1,1
2014941400556,4,9,0,18,0,0,0,0,0,0,0,1,6,1,44,7,1396,1,4,-1,1
2014941400562,1,9,0,18,0,0,2,0,7,0,1,1,6,2,22,5,1587,1,8,-1,1
2014941400567,1,9,0,18,0,4,1,0,3,0,1,1,6,1,21,5,1998,1,10,-1,2
2014941400567,2,9,0,18,0,4,0,0,0,0,3,1,6,2,27,6,1596,1,5,-1,2
2014941400573,1,9,0,18,0,5,0,0,7,4,1,1,6,1,62,9,998,1,3,-1,2
2014941400574,1,9,0,18,0,0,1,0,0,0,2,1,6,1,33,6,1600,2,4,-1,1
2014941400574,2,9,0,17,0,0,0,0,1,0,1,1,6,1,25,5,2171,2,11,-1,1
2014941400578,1,9,0,18,0,0,0,0,0,0,1,1,6,1,35,6,1994,1,14,-1,1
2014941400578,2,5,0,18,0,0,2,0,0,0,2,1,6,1,45,7,998,1,2,-1,1
2014941400583,1,9,0,17,0,0,1,0,0,0,1,1,6,1,18,4,1242,1,15,-1,1
2014941400583,2,9,0,16,0,0,0,0,0,0,1,1,6,1,73,10,1299,1,7,-1,1
2014941400586,1,9,0,9,0,1,0,0,0,0,1,1,6,1,79,11,1399,1,6,-1,1
2014941400586,2,1,0,18,0,1,0,0,0,0,1,1,6,1,51,8,-1,-1,-1,-1,1
2014941400588,1,9,0,18,0,0,0,0,0,0,4,1,6,2,42,7,2496,2,12,-1,2
2014941400591,1,9,0,4,0,0,0,0,0,0,2,1,6,1,27,6,1796,1,14,-1,1
2014941400591,2,9,0,4,0,0,0,0,0,0,1,1,6,1,26,6,2499,2,12,-1,1
2014941400592,1,9,0,18,0,1,0,0,0,0,1,1,6,2,78,11,1248,1,5,-1,1
2014941400592,2,9,0,18,0,1,0,0,0,0,2,1,6,1,20,4,1596,1,4,-1,1
2014941400593,1,9,0,4,0,1,0,0,0,0,2,1,2,1,49,8,998,1,4,2,1
2014941400593,2,9,0,4,0,1,0,0,0,0,1,1,2,1,44,7,1229,1,1,-1,1
2014941400594,1,9,0,9,0,1,0,0,0,0,1,1,1,2,58,9,1796,1,7,-1,1
2014941400594,2,9,0,18,0,1,0,0,0,0,4,1,6,1,55,8,1595,1,15,-1,1
2014941400599,1,9,0,1,2,0,0,0,0,0,2,1,6,1,56,9,2494,1,13,-1,-1
2014941400601,1,19,0,5,0,1,0,4,0,0,1,1,1,1,30,6,2198,2,2,-1,3
2014941400601,2,9,0,3,0,1,0,0,0,0,4,1,6,1,54,8,1796,1,11,-1,1
2014941400601,3,9,0,2,0,1,0,0,0,0,2,1,6,2,32,6,-1,-1,-1,-1,1
2014941400609,1,9,0,9,0,5,0,0,0,0,1,1,6,2,58,9,1242,1,8,-1,1
2014941400609,2,9,0,18,0,1,0,0,0,0,1,1,6,1,28,6,1796,1,15,-1,1
2014941400614,1,9,0,18,0,0,2,0,1,11,1,1,6,1,21,5,973,1,13,-1,2
2014941400620,1,9,0,16,0,0,1,0,1,10,1,1,6,1,24,5,1364,1,6,-1,1
2014941400625,1,9,0,16,0,8,0,0,7,11,1,1,6,1,48,8,-1,-1,-1,-1,1
2014941400635,1,9,0,18,0,1,0,0,0,0,1,1,6,2,42,7,1995,1,4,-1,-1
2014941400635,2,9,0,18,0,4,0,0,0,0,2,1,6,2,44,7,1229,1,1,-1,1
2014941400638,1,9,0,2,0,0,0,0,0,0,2,1,6,2,42,7,1984,1,12,-1,1
2014941400638,2,9,0,2,0,0,0,0,0,0,1,1,6,1,58,9,1994,2,11,-1,1
2014941400638,3,9,0,18,0,0,0,4,0,0,1,1,6,1,80,11,1390,1,12,-1,1
2014941400639,1,9,0,18,0,0,0,0,0,0,4,1,6,1,73,10,1598,1,9,-1,1
2014941400641,1,9,0,18,0,0,0,0,0,0,1,1,2,1,49,8,1896,2,10,-1,1
2014941400641,2,9,0,18,0,0,0,0,0,0,2,1,6,2,31,6,1598,1,1,-1,1
2014941400641,3,9,0,18,0,0,0,0,0,0,2,1,2,1,42,7,1991,2,8,-1,3
2014941400649,1,11,0,9,0,5,0,0,0,0,1,1,1,1,64,9,9000,2,2,-1,1
2014941400652,1,5,0,13,0,1,1,0,8,11,1,1,6,1,38,7,998,1,14,-1,1
2014941400652,2,9,0,10,0,5,0,0,0,0,3,1,6,2,24,5,1968,2,5,-1,-1
2014941400654,1,9,0,5,0,4,0,0,0,0,1,1,6,1,28,6,1598,2,1,-1,1
2014941400654,2,1,0,18,0,4,0,0,0,0,1,1,2,2,43,7,-1,-1,-1,-1,1
2014941400659,1,9,0,18,0,0,0,0,0,0,0,1,6,1,61,9,2199,2,4,-1,1
2014941400661,1,9,0,18,0,1,0,0,0,0,1,1,6,1,26,6,1396,1,11,-1,1
2014941400661,2,9,0,9,0,1,0,0,0,0,4,1,6,1,26,6,1198,1,8,-1,1
2014941400670,1,9,0,18,0,0,0,0,0,0,1,1,6,1,22,5,1390,1,3,-1,3
2014941400670,2,9,0,18,0,0,0,0,0,0,2,1,6,1,38,7,1598,1,7,-1,1
2014941400691,1,9,0,9,0,1,0,0,0,0,2,1,3,1,46,8,1598,1,12,-1,1
2014941400691,2,9,0,18,0,1,0,0,0,0,4,1,2,2,58,9,1360,1,4,-1,3
2014941400691,3,98,0,18,0,1,0,0,0,0,1,1,1,1,53,8,11967,2,3,-1,3
2014941400698,1,9,0,4,0,0,0,0,0,0,1,1,6,2,30,6,998,1,1,-1,3
2014941400707,1,9,0,17,0,0,0,0,1,11,1,1,6,1,74,10,1388,1,5,-1,2
2014941400708,1,9,0,7,0,1,0,0,0,0,2,1,2,2,42,7,1242,1,6,-1,1
2014941400708,2,9,0,18,0,1,0,0,0,0,2,1,2,1,46,8,998,1,1,-1,1
2014941400708,3,9,0,18,0,1,0,0,0,0,1,1,6,1,21,5,1242,1,8,-1,1
2014941400714,1,9,0,9,0,2,0,0,0,0,4,1,6,2,55,8,-1,-1,-1,-1,1
2014941400714,2,9,0,18,0,1,0,0,0,0,1,1,6,2,24,5,1242,1,15,-1,1
2014941400719,1,9,0,5,0,4,0,0,0,0,3,1,6,1,17,4,973,1,11,-1,1
2014941400719,2,9,0,9,0,4,0,0,0,0,1,1,6,2,53,8,1796,1,6,-1,1
2014941400720,1,9,0,1,0,6,0,0,0,0,2,1,6,1,22,5,1395,1,1,-1,1
2014941400726,1,9,0,10,0,1,0,0,0,0,0,1,2,2,49,8,1596,1,3,-1,1
2014941400726,2,1,0,18,0,1,0,0,0,0,1,1,6,1,56,9,-1,-1,-1,-1,1
2014941400728,1,9,0,16,0,1,0,0,0,0,3,1,6,1,49,8,-1,-1,-1,-1,1
2014941400728,2,9,0,18,0,2,0,0,0,0,3,1,3,2,48,8,1560,2,7,-1,3
2014941400730,1,9,0,5,0,1,0,0,0,0,1,1,2,1,44,7,-1,-1,-1,-1,1
2014941400730,2,9,0,3,0,1,0,0,0,0,1,1,2,2,58,9,1398,1,2,-1,1
2014941400734,1,9,0,18,0,8,0,0,0,0,2,1,6,2,26,6,-1,-1,-1,-1,1
2014941400734,2,21,1,18,0,8,0,0,0,0,1,1,1,1,29,6,12777,2,6,-1,3
2014941400736,1,9,0,9,0,8,0,0,0,0,3,1,6,1,-1,-1,-1,-1,-1,-1,-1
2014941400736,2,1,0,7,0,8,0,0,0,0,1,1,6,1,45,7,-1,-1,-1,-1,1
2014941400738,1,9,0,18,0,0,5,0,8,11,3,1,1,2,37,7,1998,2,7,-1,1
2014941400739,1,9,0,18,0,5,0,0,0,0,1,1,6,2,20,4,1389,1,16,-1,1
2014941400739,2,9,0,10,0,1,0,0,0,0,2,1,6,2,42,7,1461,2,3,-1,3
2014941400749,1,9,0,18,0,3,0,0,0,0,1,1,6,2,29,6,1560,2,2,-1,-1
2014941400749,2,9,0,18,0,4,0,0,0,0,4,1,6,1,28,6,-1,-1,-1,-1,1
2014941400756,1,9,0,5,0,8,1,0,0,0,1,1,6,1,24,5,1998,1,11,-1,-1
2014941400756,2,9,0,18,0,1,0,0,0,0,4,1,6,1,71,10,1242,1,4,-1,-1
2014941400777,1,19,0,18,0,0,0,0,1,2,1,1,6,1,27,6,1753,2,11,-1,2
2014941400789,1,9,0,5,0,4,0,0,0,0,2,1,6,1,29,6,1364,1,7,-1,1
2014941400789,2,1,0,17,0,3,0,0,0,0,4,1,2,1,39,7,-1,-1,-1,-1,1
2014941400796,1,9,0,1,9,0,0,0,0,0,0,1,6,2,78,11,1198,1,11,-1,-1
2014941400810,1,20,0,18,0,0,1,4,0,0,1,1,1,1,41,7,-1,-1,-1,-1,1
2014941400810,2,9,0,2,0,0,0,0,2,7,2,1,6,2,71,10,1299,1,10,-1,1
2014941400823,1,9,0,5,0,8,0,0,0,0,1,1,2,1,57,9,1560,2,5,-1,1
2014941400823,2,1,0,18,0,8,0,0,0,0,2,1,2,1,45,7,-1,-1,-1,-1,1
2014941400824,1,9,0,18,0,4,0,9,0,1,1,1,6,1,34,6,1242,1,11,-1,1
2014941400832,1,9,0,5,0,6,0,0,0,0,1,1,6,1,54,8,1896,2,16,-1,1
2014941400832,2,3,0,18,0,8,0,0,0,0,4,1,6,2,21,5,125,1,7,-1,1
2014941400834,1,19,0,9,0,8,0,0,0,0,1,1,1,1,50,8,1968,2,2,-1,1
2014941400834,2,5,0,18,0,1,0,0,0,0,4,1,6,1,52,8,-1,-1,-1,-1,-1
2014941400839,1,9,0,4,0,4,0,0,0,0,1,1,2,1,28,6,1560,2,5,-1,1
2014941400839,2,9,0,3,0,4,0,0,0,0,2,1,6,1,49,8,1587,1,15,-1,1
2014941400843,1,20,0,14,0,0,0,0,0,0,4,1,1,1,53,8,4249,2,1,-1,3
2014941400843,2,21,1,2,6,0,0,0,0,0,0,1,1,1,65,9,12777,2,1,-1,3
2014941400845,1,9,0,18,0,0,2,0,8,11,1,1,6,2,19,4,1242,1,7,-1,2
2014941400848,1,9,0,18,0,2,0,0,0,0,3,1,6,1,66,10,1910,2,7,-1,1
2014941400854,1,9,0,17,0,0,0,0,1,3,1,1,6,1,21,5,1229,1,7,-1,1
2014941400861,1,9,0,16,0,8,0,0,0,0,1,1,1,1,59,9,1968,2,2,-1,3
2014941400861,2,9,0,17,0,8,0,0,0,0,1,1,6,2,69,10,2000,2,7,-1,2
2014941400862,1,9,0,17,0,0,0,0,0,0,2,1,6,2,19,4,-1,-1,-1,-1,1
2014941400862,2,9,4,18,0,0,0,0,0,0,1,1,6,1,59,9,-1,-1,-1,-1,2
2014941400863,1,9,0,1,0,0,0,0,0,0,2,1,6,1,20,4,1796,1,13,-1,1
2014941400865,1,9,0,18,0,0,1,0,0,0,1,1,3,2,39,7,1968,2,4,-1,1
2014941400865,2,9,0,4,0,0,0,0,0,0,2,1,3,1,43,7,1769,1,9,-1,1
2014941400865,3,9,0,4,0,0,0,0,0,0,2,1,3,1,50,8,1598,1,9,-1,1
2014941400866,1,9,0,1,0,0,0,0,0,0,2,1,6,1,32,6,1598,2,3,-1,1
2014941400877,1,9,0,5,0,8,0,0,0,0,1,1,2,2,60,9,2204,2,7,-1,2
2014941400877,2,22,0,18,0,2,0,0,0,0,2,1,6,2,38,7,-1,-1,-1,-1,2
2014941400878,1,9,0,4,0,1,0,0,0,0,0,1,6,2,32,6,1198,1,7,-1,1
2014941400878,2,9,0,10,0,1,0,0,0,0,2,1,6,2,57,9,1986,2,7,-1,1
2014941400884,1,9,0,18,0,0,0,0,0,0,1,1,6,1,28,6,1598,1,11,-1,1
2014941400884,2,9,0,18,0,0,0,0,0,0,1,1,6,1,33,6,1124,1,13,-1,3
2014941400885,1,9,0,5,9,0,0,0,0,0,1,1,6,2,35,6,-1,-1,-1,-1,-1
2014941400886,1,5,0,18,0,0,2,0,0,0,3,1,6,1,29,6,599,1,15,-1,1
2014941400886,2,9,0,18,0,0,0,0,0,0,3,1,6,1,24,5,2000,2,9,-1,1
2014941400887,1,9,0,18,0,0,0,0,0,0,1,1,2,1,27,6,-1,-1,-1,-1,1
2014941400887,2,9,0,3,0,0,0,0,0,0,2,1,6,1,41,7,1995,2,12,-1,1
2014941400893,1,9,0,9,0,4,0,0,0,0,3,1,6,1,19,4,1461,2,4,-1,1
2014941400893,2,1,0,9,0,3,0,0,0,0,1,1,2,1,37,7,-1,-1,-1,-1,1
2014941400895,1,9,0,7,0,5,0,0,0,0,1,1,6,1,24,5,999,1,15,-1,1
2014941400895,2,9,0,18,0,1,0,0,0,0,2,1,6,2,53,8,1199,1,13,-1,1
2014941400904,1,9,0,18,0,0,0,0,0,0,1,1,1,1,36,7,1999,1,7,-1,2
2014941400904,2,19,0,18,0,0,0,0,0,0,1,1,1,1,52,8,2300,2,11,-1,1
2014941400904,3,9,0,18,0,0,0,0,0,0,2,1,1,1,53,8,1598,1,15,-1,1
2014941400908,1,9,0,4,0,0,2,0,0,0,1,1,6,1,77,11,1390,1,12,-1,1
2014941400908,2,9,0,3,0,0,0,0,0,0,2,1,6,2,22,5,1998,1,3,-1,1
2014941400908,3,9,0,3,0,0,0,0,0,0,2,1,2,2,33,6,2143,2,1,-1,2
2014941400911,1,9,0,18,0,0,1,0,7,0,3,1,1,1,19,4,-1,-1,-1,-1,1
2014941400915,1,1,0,18,0,1,0,0,0,0,4,1,6,2,65,9,-1,-1,-1,-1,1
2014941400918,1,9,0,9,0,3,1,0,1,9,1,1,6,1,22,5,1198,1,10,-1,1
2014941400922,1,19,0,18,0,1,0,0,7,0,1,1,1,1,43,7,2198,2,1,-1,1
2014941400922,2,9,0,9,0,1,0,0,7,0,3,1,1,1,43,7,1598,1,9,-1,2
2014941400926,1,9,0,18,0,0,0,0,0,0,1,1,6,2,48,8,2231,2,1,-1,1
2014941400926,2,9,0,18,0,0,0,0,0,0,2,1,1,1,52,8,-1,-1,-1,-1,1
2014941400926,3,9,0,18,0,0,0,0,0,0,2,1,1,1,25,5,1229,1,1,-1,1
2014941400926,4,9,0,18,0,0,0,0,0,0,2,1,1,1,58,9,-1,-1,-1,-1,1
2014941400937,1,20,0,4,0,0,0,0,0,0,1,1,6,1,22,5,-1,-1,-1,-1,1
2014941400937,2,9,0,4,0,0,0,0,0,0,2,1,6,2,32,6,1242,1,8,-1,1
2014941400937,3,19,0,4,0,0,0,0,0,0,2,1,6,1,33,6,2143,2,2,-1,1
2014941400939,1,9,0,17,0,1,1,0,3,11,1,1,6,2,54,8,1399,2,11,9,2
2014941400941,1,9,0,3,0,2,0,0,0,0,2,1,1,2,43,7,-1,-1,-1,-1,1
2014941400941,2,19,0,3,0,1,0,0,0,0,1,1,1,1,27,6,-1,-1,-1,-1,1
2014941400950,1,9,0,18,0,0,2,0,1,1,1,1,1,1,35,6,1388,1,7,-1,1
2014941400951,1,9,0,18,0,0,2,0,1,0,4,1,1,1,27,6,1997,2,12,-1,3
2014941400959,1,9,0,18,0,0,0,0,0,0,1,1,2,2,33,6,1360,1,11,-1,1
2014941400959,2,9,0,18,0,0,0,0,0,0,2,1,2,1,58,9,2148,2,12,-1,1
2014941400964,1,9,0,18,0,1,0,0,0,0,4,1,2,2,52,8,1229,1,7,-1,3
2014941400971,1,9,0,16,9,0,1,10,7,5,1,1,6,1,31,6,-1,-1,-1,-1,1
2014941400971,2,9,0,2,0,0,0,0,0,0,1,1,6,3,35,6,1248,2,7,-1,-1
2014941400971,3,9,0,2,0,0,0,0,0,0,1,1,6,3,35,6,1364,1,7,-1,-1
2014941400977,1,9,0,16,0,0,0,0,8,11,1,1,6,1,62,9,2179,2,7,-1,3
2014941400991,1,9,0,18,0,5,0,0,8,1,4,1,6,1,54,8,1360,1,2,-1,-1
2014941400991,2,9,0,17,0,1,0,0,0,0,1,1,6,1,64,9,1998,2,2,-1,2
2014941400994,1,19,0,1,0,2,0,0,0,0,2,1,1,1,42,7,2402,2,8,-1,2
2014941400999,1,9,0,17,0,0,1,0,1,0,1,1,2,2,57,9,1399,2,6,-1,3
2014941401003,1,11,0,18,0,4,0,0,0,0,1,1,1,1,30,6,6871,2,5,-1,1
2014941401003,2,9,0,9,0,8,0,0,0,0,4,1,6,2,40,7,1598,1,13,-1,2
2014941401004,1,4,0,16,0,0,1,0,7,11,3,1,6,1,33,6,400,1,20,-1,1
2014941401014,1,9,0,5,0,4,0,0,0,0,3,1,1,1,27,6,1997,2,2,-1,1
2014941401014,2,1,0,18,0,8,0,0,0,0,4,1,6,1,53,8,-1,-1,-1,-1,1
2014941401016,1,9,0,13,0,1,0,0,0,0,4,1,2,1,18,4,1242,1,11,-1,1
2014941401016,2,1,0,18,0,1,0,0,0,0,3,1,6,1,59,9,-1,-1,-1,-1,1
2014941401040,1,9,0,18,0,0,2,4,2,0,3,1,6,1,31,6,998,1,3,-1,1
2014941401040,2,9,0,2,0,0,0,0,0,0,4,1,6,2,46,8,1124,1,9,-1,1
2014941401041,1,9,0,18,0,1,1,0,0,0,1,1,6,1,26,6,1896,2,11,-1,1
2014941401041,2,9,0,4,0,1,0,0,0,0,2,1,6,2,30,6,1796,1,12,-1,1
2014941401053,1,9,0,9,0,1,0,0,0,0,1,1,6,1,28,6,1598,1,11,-1,1
2014941401053,2,9,0,18,0,2,0,0,0,0,1,1,6,1,34,6,1368,1,6,-1,1
2014941401066,1,9,0,9,0,1,0,0,0,0,3,1,6,2,37,7,1910,2,6,-1,1
2014941401066,2,9,0,18,0,1,0,0,0,0,1,1,6,2,81,11,1299,1,14,-1,1
2014941401069,1,9,0,16,0,0,2,0,7,11,3,1,2,2,44,7,1364,2,8,-1,1
2014941401078,1,5,0,18,0,8,2,0,0,0,1,1,6,1,46,8,1250,1,15,-1,1
2014941401078,2,9,0,7,0,8,0,0,0,0,0,1,6,1,42,7,1390,1,13,-1,3
2014941401080,1,5,0,17,0,0,0,0,2,0,1,1,6,1,47,8,782,1,4,-1,1
2014941401087,1,9,0,5,0,6,0,0,7,10,1,1,6,2,66,10,1390,1,3,-1,3
2014941401088,1,5,0,18,0,4,2,9,0,0,3,1,6,1,39,7,988,1,9,-1,1
2014941401090,1,9,0,18,0,0,1,0,1,11,3,1,1,1,34,6,1968,2,4,-1,1
2014941401090,2,98,0,18,0,0,0,0,0,0,4,1,1,1,37,7,-1,-1,-1,-1,-1
2014941401095,1,9,0,18,0,2,0,0,0,0,1,1,2,2,34,6,1896,2,7,-1,2
2014941401096,1,9,0,17,0,0,1,0,7,10,4,1,6,1,23,5,1242,1,8,-1,3
2014941401096,2,9,0,18,0,0,0,0,1,10,1,1,6,2,59,9,1999,1,2,-1,1
2014941401106,1,9,0,16,0,0,1,0,2,4,4,1,3,2,45,7,1590,1,12,-1,1
2014941401106,2,9,0,18,0,0,1,0,2,0,1,1,2,2,38,7,1796,1,7,-1,1
2014941401110,1,9,0,18,0,0,0,0,1,11,3,1,6,2,66,10,2204,2,9,-1,3
2014941401110,2,20,0,18,0,0,0,0,1,11,3,1,1,1,38,7,-1,-1,-1,-1,1
2014941401114,1,9,0,9,0,8,0,0,0,0,1,1,6,2,40,7,2204,2,7,-1,1
2014941401114,2,9,0,18,0,8,0,0,0,0,3,1,2,2,43,7,1390,1,16,-1,1
2014941401120,1,9,0,11,0,0,1,0,1,0,4,1,6,1,40,7,1598,2,-1,-1,1
2014941401120,2,9,0,18,0,0,0,0,0,0,3,1,6,1,65,9,1349,1,2,-1,2
2014941401125,1,5,0,4,0,0,1,0,0,0,1,1,6,1,52,8,1402,1,11,-1,3
2014941401125,2,9,0,4,0,0,0,0,0,0,2,1,6,1,60,9,2496,2,13,-1,1
2014941401131,1,9,0,4,0,0,0,0,0,0,1,1,6,2,61,9,1242,1,7,-1,3
2014941401131,2,9,0,5,0,0,0,0,0,0,2,1,6,1,27,6,1686,2,2,-1,1
2014941401132,1,11,0,18,0,2,0,0,0,0,1,1,1,1,43,7,6700,2,3,-1,2
2014941401133,1,9,0,18,0,0,0,0,0,0,1,1,6,1,80,11,1997,2,4,-1,1
2014941401136,1,5,0,18,0,0,2,0,0,0,1,1,6,1,46,8,749,1,-1,-1,1
2014941401136,2,90,0,3,0,0,0,0,0,0,2,1,6,1,65,9,2287,2,-1,-1,-1
2014941401136,3,9,0,18,0,0,0,0,0,0,3,1,6,2,64,9,1984,2,2,-1,1
2014941401143,1,9,0,18,0,8,0,0,0,0,1,1,6,1,60,9,1686,2,1,-1,-1
2014941401143,2,9,0,18,0,8,0,0,7,0,1,1,2,1,32,6,1968,2,5,-1,3
2014941401145,1,9,0,18,0,0,0,0,0,0,1,1,6,1,65,9,1598,1,16,-1,1
2014941401145,2,9,0,18,0,0,0,0,0,0,0,1,1,1,33,6,2400,2,3,-1,1
2014941401149,1,9,0,18,0,2,0,0,0,0,1,1,6,1,71,10,1398,1,6,-1,2
2014941401153,1,9,0,18,0,3,0,0,0,0,1,1,6,1,24,5,1968,2,5,-1,1
2014941401154,1,9,0,10,0,6,0,0,0,0,4,1,6,2,73,10,1242,1,3,-1,1
2014941401154,2,9,0,18,0,8,0,0,0,0,1,1,6,2,56,9,1995,2,7,-1,1
2014941401160,1,9,0,18,0,1,0,0,0,0,1,1,6,1,19,4,1364,1,5,-1,1
2014941401160,2,9,0,10,0,1,0,0,0,0,2,1,6,2,43,7,1560,2,5,-1,1
2014941401161,1,9,0,4,0,1,0,0,0,0,1,1,6,1,30,6,-1,-1,-1,-1,3
2014941401161,2,9,0,4,0,1,1,0,0,0,2,1,6,1,34,6,1388,1,11,-1,2
2014941401164,1,9,0,16,0,0,0,0,0,0,1,1,2,1,18,4,998,1,1,-1,3
2014941401164,2,3,0,18,0,0,2,0,0,0,1,1,2,1,24,5,124,1,6,-1,1
2014941401169,1,3,0,17,0,0,1,0,1,9,1,1,2,1,17,4,-1,-1,-1,-1,3
2014941401170,1,90,0,18,0,6,0,0,0,0,1,1,6,2,16,4,-1,-1,-1,-1,1
2014941401171,1,9,0,16,0,0,0,0,0,0,1,1,6,2,23,5,1398,2,12,-1,1
2014941401173,1,9,0,9,0,6,0,0,0,0,2,1,6,2,30,6,1360,1,7,-1,1
2014941401173,2,1,0,18,9,8,0,0,0,0,1,1,6,1,27,6,-1,-1,-1,-1,1
2014941401174,1,5,0,18,0,1,5,0,0,0,1,1,6,1,68,10,600,1,11,10,2
2014941401174,2,9,0,10,0,1,0,0,0,0,2,1,2,2,49,8,999,1,-1,-1,3
2014941401175,1,9,0,5,0,1,0,0,0,0,3,1,6,2,43,7,1498,1,7,-1,2
2014941401177,1,9,0,9,0,6,0,0,0,0,4,1,6,2,59,9,998,1,6,-1,3
2014941401177,2,9,0,18,0,1,0,0,0,0,1,1,6,2,25,5,1124,1,13,-1,2
2014941401178,1,9,0,18,0,8,0,0,0,0,2,1,6,1,24,5,1242,1,12,-1,-1
2014941401178,2,9,0,18,0,8,0,0,0,0,1,1,6,2,55,8,1596,1,13,-1,1
2014941401181,1,9,0,17,0,0,1,6,7,10,4,1,2,2,29,6,998,1,3,-1,1
2014941401181,2,9,0,18,0,0,0,0,0,0,1,1,6,1,66,10,1896,2,9,-1,3
2014941401182,1,9,0,17,0,0,0,0,1,4,1,1,6,1,56,9,1598,1,9,-1,2
2014941401183,1,4,0,17,0,0,0,0,1,9,1,1,6,2,49,8,248,1,7,-1,2
2014941401187,1,9,0,9,0,8,0,0,0,0,1,1,6,1,49,8,1796,1,5,-1,2
2014941401187,2,9,0,7,0,4,0,0,0,0,2,1,6,1,78,11,1242,1,4,-1,3
2014941401188,1,9,0,16,0,0,1,0,7,3,2,1,6,2,24,5,2494,1,14,-1,2
2014941401194,1,9,0,18,0,0,0,0,0,0,1,1,6,2,50,8,1560,2,2,-1,1
2014941401194,2,9,0,18,0,0,0,0,0,0,2,1,6,1,57,9,2204,2,5,-1,1
2014941401198,1,9,0,16,0,0,5,0,7,0,1,1,6,1,18,4,1388,1,9,-1,3