Accident_Index,Vehicle_Reference,Vehicle_Type,Towing_and_Articulation,Vehicle_Manoeuvre,Vehicle_Location-Restricted_Lane,Junction_Location,Skidding_and_Overturning,Hit_Object_in_Carriageway,Vehicle_Leaving_Carriageway,Hit_Object_off_Carriageway,1st_Point_of_Impact,Was_Vehicle_Left_Hand_Drive?,Journey_Purpose_of_Driver,Sex_of_Driver,Age_of_Driver,Age_Band_of_Driver,Engine_Capacity_(CC),Propulsion_Code,Age_of_Vehicle,Driver_IMD_Decile,Driver_Home_Area_Type
2014941401198,2,9,0,17,0,0,0,0,0,0,1,1,6,2,64,9,1596,1,4,-1,3
2014941401200,1,5,0,18,0,0,5,0,1,0,0,1,6,1,54,8,1060,1,5,-1,2
2014941401200,2,11,0,14,0,0,0,0,0,0,0,1,6,3,35,6,-1,-1,-1,-1,-1
2014941401201,1,9,0,17,0,0,2,0,7,9,1,1,2,1,19,4,1061,1,10,-1,1
2014941401203,1,9,0,9,0,8,0,0,0,0,4,1,6,1,42,7,1598,1,-1,-1,1
2014941401206,1,9,0,18,0,0,1,0,0,0,1,1,2,2,49,8,2495,2,13,-1,3
2014941401206,2,9,0,18,0,0,0,0,0,0,2,1,2,2,43,7,998,1,10,-1,1
2014941401209,1,9,0,4,0,1,1,0,0,0,3,1,2,1,25,5,1796,1,12,-1,1
2014941401209,2,8,0,18,0,8,1,0,1,0,4,1,1,1,37,7,1598,2,2,-1,3
2014941401209,3,9,0,3,0,1,0,0,0,0,4,1,6,1,70,10,1896,2,6,-1,3
2014941401212,1,9,0,4,0,0,0,0,0,0,1,1,6,1,84,11,1596,1,1,-1,1
2014941401212,2,9,0,3,0,0,0,0,0,0,2,1,6,2,50,8,1968,2,7,-1,3
2014941401214,1,9,0,18,0,1,0,0,0,0,3,1,6,1,61,9,1794,1,13,-1,1
2014941401214,2,3,0,9,0,8,0,0,0,0,1,1,6,2,48,8,124,1,3,-1,1
2014941401216,1,9,0,18,0,0,0,0,0,0,1,1,6,2,38,7,1598,2,1,-1,3
2014941401220,1,9,0,18,0,1,0,0,0,0,3,1,2,2,19,4,1248,1,1,-1,3
2014941401220,2,9,0,18,0,1,0,0,0,0,1,1,6,2,43,7,1242,1,6,-1,1
2014941401221,1,1,0,18,0,8,0,0,0,0,1,1,6,1,29,6,-1,-1,-1,-1,2
2014941401221,2,9,0,18,0,8,0,0,0,0,3,1,6,2,65,9,1598,2,-1,-1,1
2014941401222,1,9,0,9,0,8,0,0,0,0,3,1,6,1,46,8,1991,2,4,-1,3
2014941401222,2,5,0,18,0,8,5,0,0,0,1,1,6,1,31,6,1157,1,18,-1,1
2014941401226,1,5,0,17,0,0,1,0,1,2,4,1,6,1,28,6,748,1,27,-1,1
2014941401227,1,19,0,18,0,0,5,0,1,9,1,1,1,2,46,8,-1,-1,-1,-1,1
2014941401228,1,9,0,16,0,8,0,0,0,0,1,1,2,1,46,8,2499,2,21,-1,1
2014941401228,2,9,0,18,0,8,0,0,0,0,3,1,6,1,22,5,2457,1,6,-1,3
2014941401233,1,3,0,9,0,8,1,0,1,2,1,1,6,2,26,6,-1,-1,-1,-1,1
2014941401234,1,9,0,18,0,1,0,0,0,0,1,1,2,1,47,8,2204,2,8,-1,2
2014941401234,2,9,0,18,0,1,0,0,0,0,1,1,2,1,56,9,1598,2,4,-1,1
2014941401234,3,9,0,3,0,1,0,0,0,0,2,1,2,1,61,9,1598,1,7,-1,1
2014941401236,1,9,0,9,0,3,0,0,0,0,1,1,6,1,21,5,1198,1,6,-1,1
2014941401237,1,9,0,4,0,1,0,0,0,0,2,1,6,1,54,8,1586,1,8,-1,1
2014941401237,2,9,0,4,0,1,0,0,0,0,1,1,2,1,40,7,1560,2,3,-1,2
2014941401240,1,9,0,18,0,0,0,0,2,11,4,1,6,1,25,5,1796,1,11,-1,2
2014941401240,2,9,0,2,0,0,0,0,0,0,1,1,6,3,-1,-1,1149,1,9,-1,-1
2014941401240,3,9,0,2,0,0,0,0,0,0,2,1,6,3,-1,-1,-1,-1,-1,-1,-1
2014941401242,1,9,0,18,0,8,0,0,0,0,1,1,6,2,71,10,1398,1,-1,-1,1
2014941401242,2,9,0,12,0,8,0,0,0,0,3,1,6,1,23,5,1229,1,6,-1,1
2014941401243,1,5,0,18,0,0,2,0,0,0,3,1,6,1,39,7,955,1,16,-1,1
2014941401243,2,9,0,18,0,0,0,0,0,0,3,1,6,2,25,5,1199,2,3,-1,2
2014941401244,1,9,0,18,0,0,0,0,1,7,1,1,6,1,41,7,1896,2,9,-1,3
2014941401244,2,9,0,18,0,0,0,0,0,0,2,1,2,1,42,7,1997,1,12,-1,1
2014941401245,1,1,0,15,0,1,0,0,1,0,1,1,6,1,23,5,-1,-1,-1,-1,1
2014941401245,2,9,0,3,0,1,0,0,0,0,4,1,6,1,27,6,-1,-1,-1,-1,2
2014941401251,1,9,0,16,0,8,0,0,0,0,1,1,6,2,35,6,2354,1,10,10,1
2014941401251,2,9,0,17,0,8,0,0,0,0,1,1,6,1,28,6,1968,2,7,2,1
2014941401252,1,9,0,18,0,0,0,0,0,0,1,1,6,2,65,9,1242,1,1,-1,3
2014941401252,2,9,0,4,0,0,0,0,0,0,2,1,6,1,81,11,2902,2,10,-1,3
2014941401254,1,9,0,18,0,0,0,0,0,0,1,1,1,1,37,7,1598,2,2,-1,1
2014941401254,2,9,0,18,0,0,0,0,0,0,1,1,6,1,66,10,1329,1,5,-1,1
2014941401255,1,9,0,4,0,0,0,0,0,0,1,1,2,1,31,6,1598,2,-1,-1,3
2014941401255,2,9,0,4,0,0,0,0,0,0,2,1,2,2,24,5,1360,1,3,-1,3
2014941401260,1,9,0,9,0,4,0,0,0,0,1,1,1,1,40,7,-1,-1,-1,-1,1
2014941401260,2,1,0,9,0,8,5,0,0,0,4,1,6,2,23,5,-1,-1,-1,-1,1
2014941401263,1,9,0,18,0,0,1,0,7,10,4,1,6,1,54,8,1600,1,23,-1,1
2014941401263,2,9,0,18,0,0,0,0,0,0,1,1,6,1,61,9,1685,2,2,-1,1
2014941401264,1,9,0,18,0,3,0,0,0,0,2,1,6,1,43,7,1968,2,8,-1,1
2014941401264,2,9,0,18,0,3,0,0,0,0,1,1,6,1,38,7,1998,2,9,-1,1
2014941401265,1,9,0,18,0,0,0,0,0,0,1,1,6,2,19,4,998,1,1,-1,3
2014941401265,2,9,0,4,0,0,0,0,0,0,2,1,6,2,21,5,1995,2,11,-1,3
2014941401265,3,19,0,18,0,0,0,0,0,0,0,1,1,1,32,6,1995,2,2,-1,1
2014941401268,1,5,0,14,0,0,0,0,0,0,1,1,6,1,26,6,598,1,26,-1,1
2014941401272,1,9,0,7,0,8,0,0,0,0,1,1,2,1,30,6,1686,2,11,-1,2
2014941401272,2,9,0,18,0,8,0,0,0,0,4,1,6,1,53,8,1598,2,2,-1,1
2014941401276,1,9,0,17,0,0,2,0,2,0,1,1,6,1,23,5,1995,1,3,-1,3
2014941401278,1,9,0,18,0,1,0,0,0,0,1,1,1,1,49,8,-1,-1,-1,-1,1
2014941401278,2,11,0,10,0,1,0,0,0,0,2,1,6,2,62,9,-1,-1,-1,-1,1
2014941401281,1,19,0,18,0,0,0,0,0,0,4,1,6,3,35,6,-1,-1,-1,-1,-1
2014941401281,2,1,0,18,0,0,0,0,0,0,3,1,2,1,43,7,-1,-1,-1,-1,3
2014941401283,1,9,0,16,0,0,1,0,0,0,1,1,6,1,33,6,1461,2,3,-1,3
2014941401284,1,5,0,18,0,0,2,0,0,0,3,1,6,1,25,5,-1,-1,-1,-1,-1
2014941401285,1,9,0,5,0,6,0,0,0,0,3,1,1,1,50,8,2926,2,14,-1,3
2014941401285,2,9,0,18,0,1,0,0,0,0,1,1,6,2,56,9,1242,1,8,-1,1
2014941401286,1,5,0,18,0,1,5,0,0,0,1,1,6,1,50,8,1462,1,16,-1,3
2014941401286,2,19,0,18,0,8,0,0,0,0,3,1,1,1,44,7,2198,2,4,-1,1
2014941401291,1,9,0,18,0,8,0,0,0,0,1,1,6,1,22,5,1398,1,5,-1,3
2014941401291,2,9,0,10,0,8,0,0,0,0,2,1,6,2,60,9,1149,1,5,-1,3
2014941401292,1,9,0,18,0,1,0,0,0,0,1,1,6,1,37,7,1596,1,12,-1,2
2014941401292,2,9,0,4,0,1,0,0,0,0,2,1,6,1,20,4,1595,1,2,-1,1
2014941401298,1,21,1,18,0,0,0,0,0,0,0,1,1,1,56,9,11705,2,3,-1,1
2014941401298,2,5,0,18,0,0,0,0,0,0,0,1,2,1,50,8,1340,1,15,-1,1
2014941401301,1,9,0,18,0,8,2,0,1,9,1,1,2,1,54,8,1998,2,10,-1,1
2014941401302,1,9,0,15,0,1,0,0,0,0,0,1,6,2,35,6,1590,1,10,-1,1
2014941401302,2,1,0,18,0,1,2,10,1,0,1,1,1,1,39,7,-1,-1,-1,-1,1
2014941401307,1,9,0,18,0,0,0,0,0,0,2,1,6,1,31,6,1598,1,3,-1,1
2014941401307,2,9,0,4,0,0,0,0,0,0,1,1,6,1,51,8,1149,1,5,-1,2
2014941401308,1,9,0,9,0,8,0,0,0,0,1,1,6,1,46,8,1994,1,14,-1,2
2014941401308,2,9,0,9,0,8,0,0,0,0,3,1,6,2,30,6,1242,1,3,-1,1
2014941401310,1,9,0,16,0,2,2,0,2,0,4,1,6,1,47,8,998,1,10,-1,3
2014941401314,1,3,0,9,0,8,0,0,0,0,3,1,2,2,52,8,125,1,-1,-1,1
2014941401314,2,8,0,18,0,8,0,0,0,0,4,1,1,1,25,5,998,1,-1,-1,2
2014941401315,1,9,0,18,0,0,1,0,0,0,4,1,6,2,19,4,1149,1,4,-1,1
2014941401315,2,9,0,12,0,0,0,0,0,0,3,1,6,3,-1,-1,-1,-1,-1,-1,-1
2014941401318,1,19,0,1,9,6,0,0,0,0,2,1,1,1,34,6,2800,2,8,-1,1
2014941401325,1,9,0,18,0,1,0,4,1,0,1,1,1,1,38,7,1685,2,-1,-1,1
2014941401325,2,9,0,2,0,2,0,0,0,0,2,1,1,1,23,5,1998,2,2,-1,1
2014941401328,1,9,0,13,0,1,0,4,0,0,1,1,6,1,23,5,1364,1,5,-1,1
2014941401328,2,9,0,2,0,1,0,0,0,0,1,1,6,1,20,4,1242,1,6,-1,1
2014941401329,1,9,0,16,0,0,1,0,7,2,3,1,6,1,25,5,1396,1,15,-1,1
2014941401330,1,9,0,18,0,0,0,0,0,0,1,1,6,2,24,5,1199,1,11,-1,1
2014941401330,2,9,0,4,0,0,0,0,0,0,2,1,6,1,35,6,-1,-1,-1,-1,-1
2014941401333,1,9,0,16,0,0,0,0,0,0,1,1,2,1,20,4,1199,1,14,-1,2
2014941401333,2,9,0,17,0,0,0,0,0,0,1,1,2,1,19,4,1242,1,2,-1,1
2014941401336,1,11,0,18,0,4,0,0,0,0,1,1,1,1,52,8,7300,2,7,-1,2
2014941401336,2,9,0,18,0,4,0,0,0,0,2,1,6,1,70,10,1560,2,2,-1,1
2014941401339,1,9,0,18,0,4,0,0,0,0,3,1,6,2,32,6,1597,2,1,-1,3
2014941401339,2,5,0,18,0,8,5,0,0,0,1,1,6,1,52,8,1441,1,-1,-1,1
2014941401342,1,9,0,5,0,4,0,0,0,0,4,1,6,1,59,9,1968,2,1,-1,1
2014941401342,2,9,0,5,0,4,0,0,0,0,3,1,6,1,63,9,1598,1,2,-1,1
2014941401344,1,19,0,9,0,0,0,0,0,0,4,1,1,1,47,8,1870,2,12,-1,1
2014941401344,2,1,0,18,0,0,5,0,0,0,1,1,6,1,19,4,-1,-1,-1,-1,3
2014941401346,1,9,0,1,9,0,0,4,0,0,2,1,6,1,35,6,1596,1,12,-1,-1
2014941401346,2,9,0,2,0,0,0,0,0,0,4,1,6,1,77,11,1246,1,6,-1,1
2014941401349,1,9,0,4,0,0,1,0,0,0,1,1,6,1,21,5,1997,2,11,-1,1
2014941401349,2,5,0,3,0,0,5,0,0,0,2,1,6,1,56,9,1261,1,8,-1,3
2014941401357,1,9,0,2,0,0,0,0,0,0,3,1,6,3,35,6,-1,-1,-1,-1,-1
2014941401357,2,1,0,18,0,0,5,8,0,0,1,1,6,2,13,3,-1,-1,-1,-1,2
2014941401358,1,9,0,13,0,0,0,0,0,0,3,1,6,1,35,6,-1,-1,-1,-1,-1
2014941401358,2,9,0,18,0,0,0,0,1,0,3,1,6,2,52,8,1390,1,13,-1,1
2014941401362,1,5,0,13,0,0,5,0,0,0,4,1,6,1,54,8,1200,1,10,-1,3
2014941401363,1,3,0,12,0,1,0,0,0,0,1,1,6,1,19,4,-1,-1,-1,-1,1
2014941401363,2,9,0,5,0,2,0,0,0,0,4,1,6,2,68,10,1598,1,10,-1,1
2014941401367,1,9,0,4,0,1,0,0,0,0,1,1,6,1,50,8,1364,1,7,-1,-1
2014941401367,2,3,0,3,0,1,0,0,0,0,2,1,2,1,21,5,125,1,3,-1,1
2014941401370,1,9,0,18,0,4,2,6,1,10,3,1,6,1,25,5,1781,1,13,-1,1
2014941401373,1,9,0,4,0,1,0,0,0,0,1,1,6,1,17,4,1229,1,4,-1,2
2014941401373,2,9,0,18,0,1,0,0,0,0,2,1,6,2,32,6,1997,2,4,-1,1
2014941401378,1,11,0,17,0,0,0,0,0,0,3,1,1,1,26,6,12778,2,2,-1,1
2014941401378,2,17,4,16,0,0,0,0,0,0,3,1,1,1,47,8,6788,2,3,-1,3
2014941401382,1,9,0,18,0,0,0,0,0,0,1,1,6,2,19,4,1240,1,7,-1,3
2014941401384,1,9,0,9,0,1,0,0,0,0,3,1,6,1,72,10,1796,1,1,-1,3
2014941401384,2,5,0,8,0,1,0,0,0,0,3,1,6,1,59,9,1170,1,4,-1,3
2014941401385,1,9,0,9,0,8,1,10,1,1,1,1,6,1,38,7,4163,1,7,-1,1
2014941401386,1,9,0,18,0,0,0,12,0,0,1,1,6,2,33,6,1149,1,9,-1,2
2014941401387,1,3,0,9,0,3,1,0,0,0,3,1,6,1,17,4,-1,-1,-1,-1,1
2014941401391,1,9,0,18,0,1,0,0,0,0,1,1,6,1,58,9,1679,1,13,-1,2
2014941401392,1,9,0,18,0,8,0,0,0,0,1,1,6,1,50,8,-1,-1,-1,-1,-1
2014941401397,1,21,1,7,0,4,0,0,0,0,1,1,1,1,43,7,9186,2,1,-1,1
2014941401397,2,98,0,7,0,4,0,0,0,0,2,1,1,1,38,7,5480,2,15,-1,3
2014941401398,1,9,0,9,0,6,0,0,0,0,1,1,6,2,64,9,1685,2,2,-1,1
2014941401398,2,9,0,18,0,8,0,0,0,0,3,1,6,2,44,7,1986,2,7,-1,3
2014941401400,1,9,0,12,0,0,2,0,8,6,3,1,6,1,37,7,1124,1,10,-1,1
2014941401401,1,11,0,2,0,0,0,0,0,0,4,1,1,1,60,9,5900,2,8,-1,1
2014941401401,2,1,0,18,9,0,0,0,0,0,1,1,6,2,7,2,-1,-1,-1,-1,1
2014941401403,1,20,0,16,0,8,0,0,0,0,1,1,6,2,30,6,-1,-1,-1,-1,-1
2014941401408,1,9,0,18,0,8,0,0,0,0,1,1,2,2,47,8,1339,1,2,-1,1
2014941401408,2,1,0,18,0,8,5,0,0,0,1,1,6,1,43,7,-1,-1,-1,-1,1
2014941401417,1,9,0,4,0,0,0,0,0,0,1,1,2,2,35,6,1242,1,4,-1,1
2014941401417,2,9,0,4,0,0,0,0,0,0,2,1,2,1,20,4,998,1,3,-1,3
2014941401417,3,9,0,4,0,0,0,0,0,0,2,1,2,2,58,9,1956,2,1,-1,1
2014941401418,1,9,0,18,0,0,1,0,1,2,4,1,2,1,20,4,1800,1,15,-1,1
2014941401423,1,19,0,2,0,0,0,0,0,0,2,1,6,2,28,6,2402,2,7,-1,1
2014941401423,2,9,0,18,0,0,0,8,0,0,3,1,1,2,51,8,1991,2,6,-1,1
2014941401429,1,97,0,18,0,1,0,0,1,0,1,1,6,1,17,4,124,1,-1,-1,1
2014941401429,2,1,0,18,0,8,5,0,0,0,4,1,6,1,17,4,-1,-1,-1,-1,1
2014941401430,1,9,0,4,0,1,0,0,0,0,1,1,6,1,22,5,-1,-1,-1,-1,3
2014941401430,2,19,0,4,0,1,0,0,0,0,2,1,6,1,60,9,2198,2,7,-1,3
2014941401434,1,9,0,9,0,4,0,0,0,0,1,1,2,1,66,10,1997,2,4,-1,1
2014941401434,2,1,0,6,0,3,0,0,0,0,2,1,6,1,17,4,-1,-1,-1,-1,2
2014941401435,1,21,0,18,0,0,5,5,0,0,1,1,1,1,43,7,3900,2,12,-1,1
2014941401443,1,9,0,4,0,1,0,0,0,0,1,1,1,1,53,8,-1,-1,-1,-1,1
2014941401443,2,9,0,9,0,1,0,0,0,0,2,1,6,1,40,7,1248,2,6,-1,2
2014941401444,1,9,0,5,0,5,0,0,0,0,1,1,6,2,58,9,-1,-1,-1,-1,1
2014941401444,2,9,0,18,0,2,0,0,1,10,2,1,6,1,67,10,1596,1,10,-1,1
2014941401446,1,9,0,13,0,0,1,0,7,0,0,1,6,1,85,11,1896,2,14,-1,3
2014941401446,2,17,4,18,0,0,0,0,0,0,0,1,6,3,35,6,-1,-1,-1,-1,-1
2014941401448,1,9,0,4,0,0,1,0,0,0,1,1,2,1,26,6,1781,1,12,-1,1
2014941401448,2,9,0,4,0,0,0,0,0,0,2,1,2,2,46,8,1229,1,7,-1,1
2014941401449,1,20,0,18,0,0,0,0,0,0,1,1,1,1,32,6,5880,2,9,-1,1
2014941401449,2,9,0,3,0,0,0,0,0,0,2,1,6,2,22,5,1149,1,3,-1,1
2014941401450,1,9,0,18,0,0,0,0,0,0,1,1,6,1,84,11,1398,1,4,-1,1
2014941401450,2,9,0,2,0,0,0,0,0,0,1,1,1,2,49,8,1398,2,9,-1,3
2014941401451,1,9,0,7,0,6,0,0,0,0,3,1,2,1,39,7,1892,2,16,-1,3
2014941401451,2,19,0,18,0,8,0,0,0,0,4,1,2,1,67,10,1248,2,7,-1,2
2014941401453,1,9,0,18,0,8,0,0,0,0,1,1,6,1,82,11,1798,1,9,-1,1
2014941401453,2,19,0,18,0,8,0,0,0,0,1,1,2,1,26,6,1248,2,7,-1,1
2014941401456,1,9,0,4,0,8,0,0,0,0,1,1,6,2,35,6,1248,2,10,-1,-1
2014941401456,2,1,0,18,0,8,5,0,0,0,4,1,2,1,35,6,-1,-1,-1,-1,1
2014941401457,1,21,1,18,0,1,0,0,0,0,1,1,1,1,35,6,12419,2,2,-1,-1
2014941401457,2,9,0,3,0,4,0,0,0,0,2,1,6,1,33,6,2970,1,24,-1,1
2014941401471,1,9,0,16,0,0,0,0,1,11,2,1,6,1,17,4,1590,1,9,-1,-1
2014941401472,1,9,0,18,0,3,0,0,0,0,0,1,6,3,35,6,-1,-1,-1,-1,-1
2014941401472,2,97,0,7,0,3,0,0,0,0,0,1,6,1,60,9,649,1,17,-1,1
2014941401473,1,9,0,17,0,0,1,0,7,4,1,1,6,1,20,4,1598,1,7,-1,1
2014941401475,1,9,0,18,0,0,1,0,7,0,1,1,1,2,39,7,1968,2,5,-1,1
2014941401475,2,21,1,18,0,0,0,0,0,0,1,1,1,1,27,6,12130,2,9,-1,3
2014941401475,3,19,0,18,0,0,0,0,0,0,3,1,1,1,52,8,2402,2,9,-1,1
2014941401475,4,20,0,18,0,0,0,0,0,0,3,1,1,1,40,7,-1,-1,-1,-1,1
2014941401477,1,9,0,3,0,4,0,0,0,0,1,1,1,1,70,10,1798,1,7,-1,1
2014941401477,2,9,0,4,0,4,0,0,0,0,2,1,1,2,58,9,1248,1,1,-1,3
2014941401480,1,9,0,18,0,0,0,0,0,0,1,1,1,2,21,5,1388,1,4,-1,1
2014941401481,1,9,0,18,0,0,0,0,0,0,1,1,6,1,75,10,1193,1,-1,-1,1
2014941401486,1,9,0,18,0,0,1,0,0,0,2,1,2,1,21,5,1149,1,8,-1,1
2014941401487,1,9,0,9,0,8,0,0,0,0,4,1,6,2,33,6,1229,1,3,-1,1
2014941401487,2,1,0,18,0,8,5,0,0,0,1,1,6,1,53,8,-1,-1,-1,-1,1
2014941401488,1,9,0,18,0,0,0,0,0,0,1,1,6,1,18,4,1149,1,9,-1,1
2014941401488,2,9,0,4,0,0,0,0,0,0,2,1,6,1,40,7,1598,1,11,-1,3
2014941401490,1,9,0,18,0,4,0,0,0,0,1,1,2,2,50,8,1689,2,10,-1,1
2014941401490,2,3,0,18,0,8,0,0,0,0,4,1,2,1,50,8,125,1,-1,-1,1
2014941401491,1,9,0,18,0,0,0,0,0,0,1,1,6,1,54,8,1198,1,10,-1,2
2014941401491,2,9,0,18,0,0,0,0,0,0,2,1,6,2,67,10,1587,1,9,-1,2
2014941401495,1,9,0,18,0,8,1,0,7,1,3,1,6,1,22,5,1968,2,3,-1,3
2014941401495,2,9,0,5,0,8,0,0,0,0,1,1,1,1,35,6,1896,2,4,-1,3
2014941401497,1,9,0,18,0,0,0,0,0,0,1,1,6,2,34,6,1149,1,9,-1,1
2014941401497,2,9,0,18,0,0,0,0,0,0,2,1,2,1,51,8,1998,2,11,1,1
2014941401501,1,9,0,17,0,0,2,0,0,0,1,1,2,2,18,4,998,1,6,-1,3
2014941401503,1,9,0,17,0,0,2,0,2,10,3,1,2,2,38,7,1299,1,13,-1,1
2014941401504,1,9,0,16,0,0,1,0,0,0,1,1,6,1,21,5,1995,2,-1,-1,1
2014941401504,2,9,0,18,0,0,0,0,0,0,1,1,6,1,49,8,1896,2,8,-1,1
2014941401513,1,1,0,18,9,1,0,0,0,0,1,1,6,1,35,6,-1,-1,-1,-1,-1
2014941401515,1,9,0,16,0,0,0,0,0,0,1,1,6,1,53,8,1598,1,7,-1,1
2014941401515,2,1,0,16,0,0,0,0,0,0,2,1,6,2,52,8,-1,-1,-1,-1,3
2014941401522,1,9,0,16,0,1,5,0,7,9,4,1,6,2,65,9,1242,1,1,-1,1
2014941401523,1,9,0,18,0,0,0,0,0,0,1,1,6,2,47,8,1560,2,4,-1,1
2014941401530,1,9,0,4,0,1,1,0,0,0,1,1,6,1,36,7,1997,2,12,-1,1
2014941401530,2,9,0,10,0,1,0,0,0,0,2,1,6,2,53,8,1994,2,6,-1,3
2014941401532,1,9,0,4,0,0,1,0,7,11,1,1,6,1,54,8,1596,1,13,-1,1
2014941401533,1,19,0,13,0,8,0,0,0,0,1,1,1,1,29,6,-1,-1,-1,-1,-1
2014941401533,2,9,0,9,0,5,1,0,1,10,3,1,6,1,47,8,1968,2,5,-1,3
2014941401538,1,9,0,5,0,6,0,0,0,0,0,1,6,2,41,7,-1,-1,-1,-1,2
2014941401538,2,2,0,18,0,8,5,0,0,0,0,1,6,1,45,7,49,1,12,-1,3
2014941401540,1,19,0,18,0,0,0,0,0,0,4,1,6,3,35,6,-1,-1,-1,-1,-1
2014941401542,1,9,0,18,0,8,0,0,0,0,1,1,2,1,46,8,1248,1,2,-1,1
2014941401542,2,5,0,3,0,8,0,0,0,0,1,1,2,1,41,7,999,1,7,-1,1
2014941401542,3,9,0,9,0,5,0,0,0,0,2,1,2,1,69,10,1968,2,4,-1,2
2014941401543,1,9,0,16,0,0,5,0,1,0,4,1,6,1,20,4,1590,1,13,-1,3
2014941401547,1,9,0,18,0,8,0,0,1,7,1,1,6,1,18,4,999,1,17,-1,3
2014941401547,2,9,0,18,0,8,0,0,0,0,3,1,6,1,60,9,-1,-1,-1,-1,1
2014941401553,1,21,1,5,0,1,0,0,0,0,1,1,6,1,58,9,-1,-1,-1,-1,1
2014941401553,2,9,0,3,0,1,0,0,0,0,2,1,2,2,34,6,1242,1,1,-1,3
2014941401554,1,20,0,1,0,0,0,0,0,0,2,1,1,1,48,8,2998,2,4,-1,-1
2014941401554,2,9,0,18,0,0,0,0,0,0,1,1,6,2,39,7,1598,1,6,-1,3
2014941401555,1,9,0,18,0,2,0,0,0,0,1,1,6,1,21,5,1596,1,11,-1,1
2014941401555,2,9,0,18,0,2,0,0,0,0,2,1,6,2,43,7,1390,1,15,-1,1
2014941401557,1,9,0,9,0,1,0,0,0,0,4,1,6,2,47,8,1364,1,1,-1,1
2014941401557,2,9,0,18,0,8,0,0,0,0,1,1,6,1,45,7,-1,-1,-1,-1,3
2014941401558,1,9,0,4,0,0,0,0,0,0,3,1,2,1,49,8,1997,2,3,-1,3
2014941401560,1,11,0,4,0,0,0,0,0,0,4,1,1,1,42,7,8300,2,8,-1,1
2014941401562,1,9,0,18,0,1,0,0,0,0,1,1,6,1,35,6,-1,-1,-1,-1,-1
2014941401562,2,9,0,4,0,2,0,0,0,0,2,1,6,2,18,4,1149,1,13,-1,1
2014941401563,1,9,0,18,0,4,0,0,0,0,3,1,2,2,20,4,1328,1,8,-1,1
2014941401563,2,1,0,9,0,8,0,0,0,0,1,1,2,1,51,8,-1,-1,-1,-1,-1
2014941401567,1,9,0,18,0,1,1,0,0,0,1,1,6,1,80,11,1497,8,7,-1,1
2014941401567,2,9,0,3,0,1,0,0,0,0,2,1,6,2,49,8,1388,1,7,-1,1
2014941401567,3,90,0,3,0,1,0,0,0,0,2,1,1,1,55,8,-1,-1,-1,-1,1
2014941401570,1,9,0,4,0,0,0,0,0,0,1,1,6,2,23,5,1600,1,13,-1,1
2014941401570,2,9,0,4,0,0,0,0,0,0,2,1,2,1,50,8,1998,2,10,-1,1
2014941401573,1,9,0,18,0,0,2,0,0,0,1,1,6,1,20,4,1968,2,8,-1,3
2014941401574,1,9,0,9,0,2,0,0,0,0,3,1,1,2,53,8,1389,1,13,-1,1
2014941401574,2,9,0,18,0,1,0,0,1,11,1,1,6,2,42,7,1900,2,14,-1,2
2014941401578,1,9,0,1,0,0,0,0,0,0,2,1,6,1,49,8,2295,7,13,-1,3
2014941401578,2,9,0,2,0,0,0,0,0,0,1,1,6,1,33,6,1910,2,6,-1,3
2014941401579,1,9,0,18,0,0,0,0,0,0,4,1,6,2,54,8,1799,1,7,-1,-1
2014941401581,1,9,0,9,0,1,0,0,0,0,1,1,6,2,78,11,1229,1,5,-1,1
2014941401581,2,9,0,10,0,1,0,0,0,0,4,1,6,1,18,4,-1,-1,-1,-1,3
2014941401583,1,9,0,18,0,0,0,0,7,0,1,1,6,2,63,9,1248,2,1,-1,1
2014941401583,2,9,0,18,0,0,0,0,0,0,1,1,6,1,68,10,1998,1,10,-1,2
2014941401584,1,9,0,7,0,6,0,0,0,0,1,1,6,1,60,9,1598,1,4,-1,1
2014941401584,2,9,0,4,0,2,0,0,0,0,2,1,6,1,73,10,2497,2,9,-1,3
2014941401588,1,9,0,4,0,1,0,0,0,0,1,1,6,2,28,6,1349,1,5,-1,1
2014941401588,2,9,0,3,0,1,0,0,0,0,2,1,6,2,25,5,998,1,1,-1,1
2014941401588,3,9,0,3,0,1,0,0,0,0,2,1,6,1,46,8,-1,-1,-1,-1,1
2014941401591,1,9,0,18,0,0,1,0,0,0,1,1,2,1,22,5,1360,1,10,-1,3
2014941401591,2,9,0,2,0,0,0,0,0,0,2,1,6,1,20,4,1798,1,12,-1,2
2014941401591,3,9,0,2,0,0,0,0,0,0,2,1,6,2,46,8,1686,2,12,-1,2
2014941401592,1,9,0,18,0,1,0,0,0,0,4,1,6,1,55,8,-1,-1,-1,-1,-1
2014941401596,1,9,0,9,0,5,0,0,0,0,1,1,2,2,33,6,1600,1,14,-1,1
2014941401596,2,97,0,18,0,2,0,0,0,0,3,1,2,1,31,6,659,1,6,-1,3
2014941401600,1,9,0,18,0,0,0,0,0,0,1,1,2,1,56,9,2521,1,10,-1,1
2014941401600,2,9,0,18,0,0,0,0,0,0,1,1,6,1,63,9,2435,1,13,-1,1