Accident_Index,Vehicle_Reference,Vehicle_Type,Towing_and_Articulation,Vehicle_Manoeuvre,Vehicle_Location-Restricted_Lane,Junction_Location,Skidding_and_Overturning,Hit_Object_in_Carriageway,Vehicle_Leaving_Carriageway,Hit_Object_off_Carriageway,1st_Point_of_Impact,Was_Vehicle_Left_Hand_Drive?,Journey_Purpose_of_Driver,Sex_of_Driver,Age_of_Driver,Age_Band_of_Driver,Engine_Capacity_(CC),Propulsion_Code,Age_of_Vehicle,Driver_IMD_Decile,Driver_Home_Area_Type
2014941401602,1,9,0,11,0,8,2,0,1,0,4,1,6,2,18,4,1242,1,3,-1,1
2014941401607,1,9,0,18,0,1,0,0,0,0,1,1,6,1,21,5,1595,1,4,-1,1
2014941401607,2,9,0,10,0,1,0,0,0,0,2,1,6,2,28,6,1242,1,4,-1,1
2014941401608,1,9,0,18,0,0,0,0,0,0,1,1,2,2,49,8,998,1,-1,-1,1
2014941401608,2,9,0,2,0,0,0,0,0,0,2,1,6,1,28,6,1910,2,6,-1,1
2014941401610,1,19,0,5,0,6,0,0,0,0,1,1,2,1,50,8,1868,2,9,-1,1
2014941401610,2,1,0,18,0,8,0,0,0,0,4,1,2,1,50,8,-1,-1,-1,-1,1
2014941401616,1,9,0,17,0,0,1,0,0,0,1,1,2,1,25,5,1124,1,9,-1,-1
2014941401616,2,9,0,18,0,0,0,0,1,0,1,1,6,2,70,10,1339,1,8,-1,3
2014941401617,1,9,0,5,0,6,0,0,0,0,1,1,2,1,64,9,-1,-1,-1,-1,1
2014941401617,2,4,0,18,0,8,0,0,0,0,1,1,2,2,51,8,499,1,17,-1,1
2014941401622,1,9,0,18,0,0,1,0,1,11,1,1,6,1,61,9,2499,2,12,4,3
2014941401627,1,9,0,9,0,8,0,0,0,0,1,1,6,1,55,8,1598,1,14,-1,1
2014941401631,1,9,0,18,0,0,0,0,0,0,0,1,2,1,61,9,2926,2,11,-1,1
2014941401631,2,9,0,18,0,0,0,0,0,0,1,1,6,1,77,11,1796,1,7,-1,3
2014941401631,3,9,0,18,0,0,0,0,0,0,2,1,6,2,50,8,2995,1,-1,-1,3
2014941401634,1,9,0,16,0,0,1,4,0,0,1,1,2,1,47,8,1968,2,5,-1,1
2014941401634,2,11,0,16,0,0,1,0,0,0,2,1,1,1,43,7,4500,2,1,-1,1
2014941401638,1,9,0,9,0,8,1,0,1,2,1,1,6,1,18,4,-1,-1,-1,-1,-1
2014941401640,1,9,0,18,0,0,1,0,4,6,1,1,2,2,38,7,1598,1,5,-1,1
2014941401640,2,9,0,18,0,0,1,0,4,6,1,1,2,2,19,4,998,1,1,-1,1
2014941401642,1,19,0,2,0,0,0,0,0,0,2,1,1,1,56,9,2402,2,7,-1,2
2014941401642,2,9,0,18,0,0,0,0,0,0,1,1,6,1,60,9,1598,1,12,-1,1
2014941401642,3,9,0,18,0,0,0,0,0,0,1,1,6,2,60,9,1796,1,11,-1,3
2014941401643,1,9,0,18,0,7,1,0,1,4,3,1,6,2,43,7,3200,1,13,7,3
2014941401651,1,9,0,18,0,0,0,0,0,0,1,1,6,1,53,8,1598,1,13,-1,1
2014941401653,1,9,0,18,0,0,0,0,0,0,1,1,6,1,46,8,1796,1,13,-1,1
2014941401653,2,9,0,18,0,0,0,0,0,0,1,1,6,1,70,10,1910,2,6,10,2
2014941401656,1,9,0,5,0,4,0,0,0,0,3,1,6,2,62,9,1968,2,6,-1,1
2014941401656,2,9,0,9,0,8,0,0,0,0,4,1,6,1,42,7,1598,1,3,-1,2
2014941401658,1,9,0,7,0,4,0,0,1,0,1,1,6,2,51,8,1149,1,2,-1,1
2014941401658,2,9,0,18,0,4,0,0,7,11,1,1,6,1,76,11,-1,-1,-1,-1,2
2014941401658,3,9,0,18,0,1,0,0,0,0,1,1,6,1,44,7,1783,1,10,-1,1
2014941401660,1,9,0,18,0,0,0,0,0,0,4,1,6,3,-1,-1,-1,-1,-1,-1,-1
2014941401667,1,9,0,18,0,0,0,0,0,0,1,1,6,2,39,7,998,1,3,-1,3
2014941401668,1,19,0,1,0,6,0,0,0,0,2,1,6,1,35,6,-1,-1,-1,-1,-1
2014941401670,1,9,0,5,0,6,0,0,0,0,1,1,6,2,45,7,1560,2,1,-1,3
2014941401670,2,9,0,17,0,8,0,0,0,0,1,1,6,1,47,8,1389,1,14,-1,1
2014941401671,1,19,0,18,0,0,0,0,0,0,4,1,1,1,36,7,2198,2,1,-1,3
2014941401671,2,1,0,18,0,0,0,0,1,0,2,1,6,1,18,4,-1,-1,-1,-1,1
2014941401672,1,9,0,18,0,0,0,0,0,0,1,1,6,1,38,7,1796,1,11,-1,1
2014941401672,2,9,0,3,0,0,0,0,0,0,2,1,6,1,31,6,1998,1,2,-1,1
2014941401672,3,9,0,3,0,0,0,0,0,0,2,1,6,2,50,8,1997,1,5,-1,1
2014941500002,1,19,0,18,0,0,0,0,0,0,1,1,6,2,41,7,1868,2,13,-1,1
2014941500002,2,9,0,18,0,0,0,0,1,0,1,1,6,1,74,10,1596,1,7,-1,2
2014941500003,1,9,0,7,0,1,0,0,0,0,1,1,6,1,51,8,-1,-1,-1,-1,1
2014941500003,2,9,0,7,0,1,0,0,0,0,2,1,6,2,50,8,1328,1,10,-1,1
2014941500008,1,9,0,17,0,0,0,0,1,4,1,1,6,2,30,6,998,1,8,-1,1
2014941500083,1,9,0,18,0,0,0,0,0,0,1,1,6,2,32,6,1461,2,10,-1,1
2014950000001,1,9,0,16,0,1,2,0,0,11,2,1,6,1,19,4,1199,1,12,-1,2
2014950000001,2,9,0,18,0,1,0,0,0,0,1,1,6,1,65,9,1796,1,9,-1,3
2014950000002,1,9,0,9,0,8,0,0,0,0,4,1,6,2,29,6,3189,1,9,-1,3
2014950000002,2,9,0,18,0,8,0,0,0,0,1,1,6,1,54,8,-1,-1,-1,-1,1
2014950000008,1,9,0,18,0,0,0,0,0,0,3,1,1,1,27,6,1598,2,1,-1,1
2014950000011,1,9,0,7,0,1,0,0,7,11,1,1,6,1,77,11,1396,1,15,-1,3
2014950000011,2,9,0,18,0,1,0,0,0,0,4,1,6,1,48,8,2457,1,15,-1,3
2014950000012,1,19,0,18,0,0,0,0,0,0,1,1,2,1,32,6,1248,2,7,-1,1
2014950000012,2,9,0,4,0,0,0,0,0,0,2,1,6,1,58,9,-1,-1,-1,-1,3
2014950000014,1,9,0,18,0,1,0,0,0,0,1,1,6,1,28,6,1598,1,7,-1,2
2014950000014,2,9,0,3,0,1,0,0,0,0,2,1,6,1,42,7,2191,2,1,-1,1
2014950000014,3,9,0,3,0,1,0,0,0,0,2,1,6,1,37,7,-1,-1,-1,1,1
2014950000014,4,19,0,3,0,1,0,0,0,0,2,1,1,1,37,7,2798,2,8,2,1
2014950000025,1,9,0,7,0,8,0,0,0,0,4,1,6,3,-1,-1,-1,-1,-1,-1,-1
2014950000029,1,19,0,18,0,8,0,0,7,9,1,1,6,1,26,6,1998,2,10,-1,1
2014950000029,2,9,0,18,0,8,0,0,0,0,3,1,6,1,69,10,1198,1,3,-1,3
2014950000032,1,9,0,18,0,8,0,0,0,0,1,1,1,2,51,8,1229,1,9,-1,1
2014950000032,2,1,0,18,0,3,0,0,0,0,4,1,1,1,45,7,-1,-1,-1,-1,-1
2014950000033,1,9,0,11,0,1,0,0,0,0,4,1,6,1,52,8,1598,1,4,-1,1
2014950000033,2,4,0,18,0,1,0,0,0,0,3,1,6,1,37,7,645,1,2,-1,1
2014950000037,1,19,0,11,0,1,0,0,0,0,4,1,6,2,-1,-1,2198,2,2,-1,-1
2014950000037,2,9,0,18,0,1,0,0,0,0,3,1,6,1,22,5,3498,1,9,-1,3
2014950000045,1,9,0,5,0,1,0,0,0,0,4,1,6,1,57,9,1598,2,2,-1,1
2014950000056,1,3,0,18,0,0,0,0,0,0,1,1,6,3,-1,-1,-1,-1,-1,-1,-1
2014950000056,2,9,0,18,0,0,0,0,0,0,0,1,1,3,-1,-1,2179,2,4,-1,-1
2014950000056,3,9,0,2,0,0,0,0,0,0,2,1,6,1,-1,-1,1339,1,12,-1,-1
2014950000056,4,9,0,2,0,0,0,0,0,0,4,1,6,1,-1,-1,1598,1,6,-1,-1
2014950000061,1,9,0,7,0,8,0,0,0,0,1,1,6,1,-1,-1,-1,-1,-1,-1,-1
2014950000061,2,1,0,18,0,8,0,0,0,0,1,1,6,1,28,6,-1,-1,-1,-1,1
2014950000068,1,9,0,9,0,0,0,0,0,0,3,1,2,1,25,5,1242,1,1,-1,3
2014950000069,1,19,0,2,0,0,0,0,0,0,3,1,6,3,-1,-1,-1,-1,-1,-1,-1
2014950000069,2,1,0,18,0,0,0,0,0,0,4,1,6,2,26,6,-1,-1,-1,-1,1
2014950000070,1,9,0,1,9,0,0,0,1,2,3,1,6,1,-1,-1,1596,1,6,-1,-1
2014950000073,1,9,0,9,0,5,0,0,0,0,1,1,1,1,29,6,-1,-1,-1,-1,-1
2014950000073,2,9,0,18,0,1,0,0,0,0,1,1,6,2,41,7,1560,2,3,-1,1
2014950000074,1,9,0,18,0,0,0,0,0,0,1,1,6,2,83,11,1242,1,3,-1,1
2014950000074,2,9,0,3,0,0,0,0,0,0,2,1,6,1,44,7,1781,1,12,-1,1
2014950000074,3,9,0,5,0,0,0,0,0,0,1,1,6,2,25,5,1560,2,-1,-1,1
2014950000078,1,9,0,10,0,1,0,0,0,0,2,1,2,2,55,8,1198,1,3,-1,1
2014950000078,2,19,0,9,0,1,0,0,0,0,2,1,2,1,50,8,1870,2,11,-1,1
2014950000079,1,19,0,9,0,8,0,0,0,0,1,1,1,1,41,7,2402,2,6,-1,1
2014950000079,2,9,0,18,0,1,0,0,0,0,1,1,6,2,43,7,998,1,1,-1,1
2014950000087,1,9,0,13,0,0,5,0,7,9,1,1,2,2,56,9,1329,1,2,-1,3
2014950000088,1,9,0,18,0,1,0,0,0,0,1,1,6,1,49,8,1242,1,11,-1,1
2014950000088,2,9,0,9,0,1,0,0,0,0,1,1,6,1,28,6,1149,1,12,-1,1
2014950000091,1,9,0,18,0,0,0,0,0,0,1,1,2,1,46,8,1248,1,2,-1,2
2014950000091,2,9,0,4,0,0,0,0,0,0,2,1,6,2,61,9,1349,1,1,-1,3
2014950000091,3,9,0,4,0,0,0,0,0,0,2,1,2,2,63,9,1198,1,2,-1,1
2014950000093,1,9,0,4,0,1,0,0,0,0,1,1,6,2,33,6,1998,1,9,-1,1
2014950000094,1,9,0,9,0,8,0,0,0,0,1,1,2,1,28,6,-1,-1,-1,-1,1
2014950000094,2,9,0,17,0,8,0,0,1,2,4,1,2,2,55,8,1339,1,7,-1,1
2014950000095,1,9,0,6,0,1,0,0,7,10,3,1,6,1,47,8,2494,2,4,-1,2
2014950000095,2,9,0,18,0,0,0,0,0,11,1,1,1,1,62,9,1388,1,3,-1,1
2014950000098,1,9,0,18,0,5,0,0,0,0,1,1,6,2,79,11,1339,1,5,-1,1
2014950000098,2,1,0,5,0,1,0,0,0,0,1,1,6,1,53,8,-1,-1,-1,-1,1
2014950000101,1,9,0,18,0,0,1,0,1,11,1,1,6,2,24,5,1149,1,11,-1,3
2014950000102,1,19,0,18,0,1,0,0,0,0,3,1,1,1,25,5,2287,2,3,-1,3
2014950000107,1,9,0,1,0,1,0,0,0,0,3,1,6,1,48,8,1798,1,1,-1,1
2014950000108,1,9,0,5,0,1,0,0,0,0,1,1,6,2,34,6,1329,1,2,-1,1
2014950000109,1,9,0,18,0,2,0,0,0,0,1,1,6,3,-1,-1,-1,-1,-1,-1,-1
2014950000110,1,9,0,18,0,0,0,0,0,0,1,1,2,2,44,7,1199,2,2,-1,1
2014950000110,2,9,0,4,0,0,0,0,0,0,2,1,6,1,74,10,-1,-1,-1,-1,1
2014950000110,3,9,0,3,0,0,0,0,0,0,2,1,1,2,32,6,-1,-1,-1,-1,1
2014950000111,1,19,0,9,0,8,0,0,0,0,1,1,6,1,64,9,1686,2,11,-1,3
2014950000112,1,9,0,18,0,8,0,0,0,0,4,1,6,2,57,9,1598,1,7,-1,1
2014950000114,1,19,0,18,0,1,0,0,0,0,1,1,1,1,37,7,1560,2,1,-1,1
2014950000124,1,9,0,18,0,1,0,7,7,2,1,1,6,1,84,11,1124,1,11,-1,1
2014950000125,1,9,0,7,0,1,0,0,0,0,4,1,2,2,62,9,998,1,4,-1,1
2014950000125,2,1,0,18,0,1,0,0,0,0,1,1,2,1,35,6,-1,-1,-1,-1,2
2014950000126,1,9,0,9,0,2,0,0,0,0,3,1,6,2,38,7,-1,-1,-1,-1,3
2014950000127,1,9,0,4,0,0,0,0,0,0,1,1,6,2,30,6,2902,2,11,-1,1
2014950000127,2,20,0,3,0,0,0,0,0,0,2,1,6,3,-1,-1,-1,-1,-1,-1,-1
2014950000132,1,9,0,18,0,0,0,0,1,4,1,1,6,2,19,4,1242,1,7,-1,1
2014950000133,1,9,0,18,0,0,5,0,1,0,4,1,6,1,47,8,1591,1,2,-1,-1
2014950000143,1,9,0,4,0,1,0,0,0,0,1,1,6,1,67,10,1397,1,4,-1,1
2014950000144,1,9,0,18,0,0,0,4,0,0,1,1,6,2,78,11,1588,1,14,-1,1
2014950000144,2,9,0,2,0,0,0,0,0,0,0,1,6,1,-1,-1,1796,1,7,-1,-1
2014950000150,1,9,0,7,0,8,0,0,0,0,3,1,6,1,38,7,1149,1,1,-1,1
2014950000150,2,4,0,18,0,8,0,0,0,0,1,1,6,2,17,4,599,1,14,-1,1
2014950000155,1,1,0,18,0,1,0,0,0,0,0,1,6,1,48,8,-1,-1,-1,-1,-1
2014950000160,1,9,0,18,0,8,0,0,0,0,1,1,6,2,38,7,1995,1,8,-1,1
2014950000160,2,9,0,18,0,8,0,0,0,0,3,1,6,1,56,9,1753,2,6,-1,3
2014950000161,1,9,0,17,0,0,1,10,7,2,1,1,2,2,51,8,1598,1,1,-1,2
2014950000166,1,9,0,7,0,1,0,0,0,0,2,1,6,1,33,6,1998,1,11,-1,1
2014950000166,2,4,0,18,0,1,0,0,0,0,3,1,2,1,47,8,599,1,16,-1,1
2014950000167,1,9,0,18,0,0,0,0,0,0,1,1,6,2,55,8,1596,1,8,-1,3
2014950000167,2,19,0,2,0,0,0,0,0,0,1,1,6,1,36,7,2402,2,8,-1,3
2014950000168,1,9,0,5,0,1,0,0,0,0,1,1,6,1,23,5,1796,1,6,-1,3
2014950000168,2,9,0,4,0,1,0,0,0,0,2,1,6,2,21,5,1229,1,3,-1,1
2014950000170,1,9,0,18,0,0,0,0,7,2,1,1,6,2,79,11,1240,1,11,-1,1
2014950000171,1,9,0,18,0,0,0,0,7,9,3,1,6,1,21,5,998,1,2,-1,1
2014950000173,1,9,0,18,0,0,0,0,0,0,1,1,6,2,62,9,1956,2,2,-1,3
2014950000173,2,9,0,4,0,0,0,0,0,0,2,1,6,1,60,9,-1,-1,-1,-1,1
2014950000173,3,9,0,18,0,0,0,0,0,0,2,1,6,1,67,10,1598,2,4,-1,3
2014950000174,1,1,0,18,0,0,1,0,0,0,1,1,6,1,42,7,-1,-1,-1,-1,2
2014950000174,2,9,0,18,0,0,0,0,0,0,1,1,2,2,37,7,1360,1,5,-1,2
2014950000175,1,9,0,15,0,1,0,0,1,2,1,1,6,2,21,5,1242,1,5,-1,1
2014950000175,2,9,0,18,0,1,0,0,0,0,1,1,6,1,23,5,1596,1,10,-1,2
2014950000182,1,11,0,4,2,0,0,0,0,0,0,1,1,1,57,9,9360,2,7,-1,-1
2014950000183,1,9,0,18,0,1,0,0,0,0,1,1,6,2,56,9,1984,1,6,-1,1
2014950000183,2,19,0,12,0,1,0,0,0,0,1,1,6,1,39,7,1686,2,1,-1,1
2014950000184,1,9,0,18,0,3,0,0,0,0,1,1,6,1,54,8,1991,2,5,-1,1
2014950000185,1,9,0,7,0,1,0,0,0,0,1,1,6,2,39,7,1360,1,10,-1,1
2014950000185,2,9,0,9,0,1,0,0,0,0,3,1,6,2,48,8,1200,1,1,-1,1
2014950000186,1,9,0,18,0,0,1,0,0,0,1,1,2,1,39,7,1798,1,10,-1,1
2014950000186,2,9,0,18,0,0,1,0,0,0,1,1,6,1,82,11,1598,1,11,-1,3
2014950000187,1,9,0,9,0,8,0,0,0,0,3,1,6,1,48,8,1596,1,1,-1,1
2014950000187,2,9,0,13,0,1,0,0,0,0,1,1,6,2,56,9,1349,1,2,-1,3
2014950000188,1,4,0,18,9,1,0,0,0,0,1,1,6,1,15,3,125,1,2,-1,1
2014950000189,1,9,0,18,0,1,0,0,1,11,1,1,2,1,53,8,-1,-1,-1,-1,1
2014950000189,2,9,0,18,0,1,0,0,0,0,1,1,6,2,42,7,1595,1,6,-1,2
2014950000209,1,9,0,17,0,1,0,0,0,0,1,1,6,1,52,8,1149,1,15,-1,2
2014950000211,1,9,0,18,0,4,5,9,7,0,1,1,1,1,63,9,2143,2,2,1,1
2014950000211,2,21,0,18,0,3,0,0,0,0,0,1,6,1,53,8,12809,2,1,7,3
2014950000213,1,11,0,4,0,0,0,0,0,0,1,1,1,1,44,7,5883,2,13,-1,1
2014950000213,2,9,0,5,0,0,0,0,0,0,4,1,6,2,48,8,1995,1,9,-1,3
2014950000214,1,19,0,4,0,1,0,0,0,0,1,1,2,1,21,5,-1,-1,-1,-1,1
2014950000214,2,9,0,3,0,1,0,0,0,0,2,1,6,1,29,6,1364,2,8,-1,1
2014950000221,1,9,0,18,0,0,0,0,0,0,1,1,6,2,33,6,1749,1,13,-1,1
2014950000221,2,9,0,3,0,0,0,0,0,0,2,1,6,1,34,6,1390,1,8,-1,3
2014950000221,3,9,0,3,0,0,0,0,0,0,2,1,6,1,52,8,1582,2,4,-1,1
2014950000232,1,9,0,18,0,0,0,0,0,0,1,1,1,1,40,7,1997,2,2,-1,1
2014950000234,1,9,0,1,0,0,0,0,0,0,2,1,6,1,51,8,1390,1,15,-1,1
2014950000235,1,1,0,4,0,1,0,0,0,0,1,1,6,1,11,3,-1,-1,-1,-1,2
2014950000235,2,9,0,18,0,1,0,0,0,0,1,1,6,2,26,6,1229,1,4,-1,3
2014950000240,1,9,0,3,0,3,0,0,0,0,1,1,6,1,24,5,1995,1,12,-1,1
2014950000240,2,9,0,8,0,1,0,0,0,0,2,1,6,2,25,5,1390,1,2,-1,1
2014950000243,1,9,0,18,0,6,0,0,0,0,1,1,6,1,40,7,1395,1,1,-1,3
2014950000244,1,11,0,4,2,0,0,0,0,0,0,1,6,1,41,7,7300,2,1,-1,3
2014950000247,1,9,0,1,0,0,0,0,0,0,2,1,6,1,27,6,1956,2,2,-1,1
2014950000251,1,11,0,18,0,0,0,4,0,0,1,1,1,1,35,6,7300,2,12,-1,1
2014950000251,2,9,0,2,0,0,0,0,0,0,2,1,6,1,-1,-1,-1,-1,-1,-1,-1
2014950000251,3,9,0,2,0,0,0,4,0,0,2,1,6,1,-1,-1,1398,1,4,-1,-1
2014950000251,4,9,0,2,0,0,0,4,0,0,2,1,6,1,-1,-1,1392,1,16,-1,-1
2014950000251,5,9,0,2,0,0,0,4,0,0,2,1,6,1,-1,-1,2204,2,9,-1,-1
2014950000251,6,9,0,2,0,0,0,4,0,0,2,1,6,1,-1,-1,1598,2,3,-1,-1
2014950000254,1,9,0,16,0,0,0,0,0,0,1,1,6,2,48,8,1596,1,3,-1,3
2014950000254,2,9,0,3,0,0,0,0,0,0,2,1,1,1,40,7,-1,-1,-1,-1,2
2014950000254,3,9,0,10,0,0,0,0,0,0,2,1,6,1,72,10,-1,-1,-1,-1,1
2014950000260,1,9,0,18,0,1,0,0,0,0,1,1,6,2,33,6,1986,2,9,-1,1
2014950000263,1,19,0,7,4,8,0,0,0,0,3,1,1,1,29,6,2198,2,1,-1,1
2014950000263,2,1,0,18,4,8,0,0,0,0,1,1,6,1,27,6,-1,-1,-1,-1,1
2014950000266,1,19,0,18,0,8,0,0,0,0,1,1,1,1,61,9,2477,2,4,-1,3
2014950000266,2,9,0,18,0,8,0,0,0,0,1,1,6,2,72,10,1339,8,5,-1,2
2014950000268,1,19,0,18,0,0,0,0,0,0,1,1,6,3,-1,-1,-1,-1,-1,-1,-1
2014950000268,2,9,0,4,0,0,0,0,0,0,2,1,1,1,20,4,1149,1,11,-1,1
2014950000268,3,9,0,4,0,0,0,0,0,0,2,1,6,2,34,6,1598,2,2,-1,1
2014950000269,1,9,0,1,0,1,0,0,0,0,2,1,6,3,-1,-1,1997,2,7,-1,-1
2014950000274,1,9,0,18,0,2,0,0,0,0,1,1,2,1,63,9,2902,2,7,-1,1
2014950000274,2,9,0,4,0,2,0,0,0,0,2,1,2,1,34,6,1390,1,11,-1,1
2014950000274,3,9,0,3,0,2,0,0,0,0,2,1,2,2,21,5,1399,2,5,-1,1
2014950000275,1,9,0,18,0,1,0,0,0,0,1,1,2,2,40,7,1362,1,2,-1,3
2014950000275,2,9,0,10,0,1,0,0,1,0,2,1,2,1,46,8,-1,-1,-1,-1,2
2014950000275,3,19,0,18,0,1,0,0,1,0,1,1,2,1,57,9,1560,2,2,-1,3
2014950000277,1,9,0,9,0,1,0,0,0,0,1,1,6,1,35,6,1398,1,6,-1,2
2014950000279,1,9,0,18,0,0,0,0,0,0,1,1,6,2,20,4,1299,1,12,-1,2
2014950000279,2,9,0,18,0,0,0,0,0,0,2,1,6,2,19,4,1595,1,24,-1,1
2014950000281,1,19,0,18,0,1,0,0,0,0,1,1,6,1,53,8,-1,-1,-1,-1,1
2014950000281,2,19,0,4,0,1,0,0,0,0,2,1,6,1,33,6,1248,2,8,-1,1
2014950000285,1,9,0,18,0,1,0,0,0,0,1,1,6,2,31,6,1388,1,15,-1,1
2014950000285,2,9,0,10,0,1,0,0,0,0,2,1,6,1,30,6,1242,1,4,-1,1
2014950000286,1,9,0,12,0,2,0,0,0,0,0,1,6,3,-1,-1,-1,-1,-1,-1,-1
2014950000286,2,4,0,18,0,2,0,0,0,0,0,1,6,1,40,7,1052,1,16,-1,1
2014950000288,1,9,0,18,0,0,0,0,0,0,1,1,6,2,25,5,1242,1,2,-1,-1
2014950000288,2,9,0,3,0,0,0,0,0,0,2,1,6,2,46,8,1396,1,15,-1,1
2014950000289,1,9,2,12,0,0,0,0,0,0,0,1,6,3,-1,-1,-1,-1,-1,-1,-1
2014950000289,2,11,0,18,0,0,0,0,0,0,0,1,1,1,37,7,7300,2,8,-1,1
2014950000290,1,9,0,18,0,2,0,0,0,0,2,1,6,1,23,5,1229,1,6,-1,2
2014950000300,1,9,2,3,0,1,0,0,0,0,1,1,6,1,30,6,1994,1,13,-1,1
2014950000300,2,9,0,4,0,1,0,0,0,0,2,1,6,1,67,10,1587,1,7,-1,1
2014950000304,1,9,0,1,0,0,0,0,1,11,2,1,6,2,70,10,1598,1,3,-1,1
2014950000306,1,9,0,1,0,0,0,0,1,11,2,1,6,1,15,3,1999,1,7,-1,1
2014950000306,2,9,0,2,0,0,0,0,0,0,1,1,6,1,-1,-1,1896,2,8,-1,-1
2014950000311,1,2,0,18,0,1,1,0,0,0,3,1,6,2,17,4,49,1,16,-1,-1
2014950000313,1,21,0,17,0,0,0,0,1,0,1,1,1,1,44,7,11967,2,11,-1,3
2014950000313,2,90,0,16,0,0,0,0,0,0,3,1,1,1,25,5,6788,2,4,-1,3
2014950000317,1,9,0,18,0,3,0,0,0,0,0,1,6,3,-1,-1,-1,-1,-1,-1,-1
2014950000317,2,11,0,5,0,4,0,0,0,0,0,1,1,1,47,8,7300,2,8,-1,1
2014950000324,1,9,0,18,9,0,0,0,0,0,1,1,1,1,-1,-1,1248,2,4,-1,-1
2014950000324,2,3,0,4,9,0,0,0,0,0,2,1,6,3,-1,-1,124,1,7,-1,-1
2014950000325,1,9,0,17,0,0,5,0,1,0,1,1,6,1,20,4,973,1,13,3,1
2014950000326,1,19,0,7,4,8,0,0,0,0,1,1,1,1,54,8,1560,2,2,-1,1
2014950000326,2,1,0,18,4,8,0,0,0,0,1,1,6,1,68,10,-1,-1,-1,-1,1
2014950000337,1,11,0,5,2,0,0,0,0,0,2,1,1,3,-1,-1,-1,-1,-1,-1,-1
2014950000339,1,9,0,18,0,0,0,0,0,0,1,1,1,1,49,8,1598,2,2,4,1
2014950000339,2,9,0,18,0,0,0,0,0,0,1,1,6,2,36,7,1248,2,5,-1,3
2014950000355,1,9,0,18,0,0,0,8,0,0,1,1,6,1,76,11,1368,1,6,-1,1
2014950000355,2,9,0,2,0,0,0,0,0,0,3,1,6,1,-1,-1,2987,2,8,-1,-1
2014950000359,1,9,0,1,0,1,0,0,0,0,2,1,6,1,77,11,1598,1,11,-1,2
2014950000359,2,9,0,3,0,1,0,0,0,0,4,1,6,2,43,7,1248,2,3,-1,2
2014950000360,1,9,0,5,0,1,0,0,0,0,1,1,6,2,62,9,1248,1,3,-1,1
2014950000360,2,9,0,5,0,1,0,0,0,0,2,1,6,2,53,8,1248,2,7,-1,1
2014950000362,1,9,0,18,0,2,0,0,0,0,1,1,6,2,33,6,1686,2,10,-1,1
2014950000362,2,19,0,3,0,1,0,0,0,0,2,1,1,1,59,9,2298,2,1,-1,1
2014950000364,1,9,0,18,0,0,0,0,0,0,1,1,2,2,24,5,1299,1,11,-1,-1
2014950000364,2,9,0,4,0,0,0,0,0,0,2,1,6,1,69,10,1199,2,-1,-1,3
2014950000366,1,9,0,9,0,5,0,0,0,0,1,1,1,1,39,7,1796,1,12,-1,1
2014950000367,1,9,0,17,0,0,2,0,8,0,3,1,6,2,37,7,1598,1,7,-1,3
2014950000368,1,9,0,18,0,1,0,0,0,0,1,1,6,2,50,8,1248,1,5,-1,2
2014950000372,1,9,0,18,0,0,0,0,0,0,1,1,2,2,53,8,1386,1,1,-1,1
2014950000372,2,9,0,4,0,0,0,0,0,0,2,1,2,2,29,6,1968,2,6,-1,3
2014950000372,3,9,0,4,0,0,0,0,0,0,2,1,2,1,59,9,1968,2,8,-1,1
2014950000376,1,11,0,5,0,1,0,0,0,0,4,1,1,1,64,9,-1,2,11,-1,2
2014950000384,1,19,0,18,8,0,0,0,0,0,2,1,1,1,23,5,2198,2,1,2,2
2014950000384,2,9,0,18,0,8,0,0,1,0,1,1,2,1,62,9,1997,1,12,-1,2
2014950000386,1,9,0,18,0,1,0,0,0,0,1,1,2,1,42,7,1560,2,10,-1,3
2014950000386,2,9,0,4,0,1,0,0,0,0,2,1,2,1,50,8,1998,2,2,-1,3
2014950000386,3,9,0,4,0,1,0,0,0,0,2,1,2,2,28,6,-1,-1,-1,-1,3
2014950000392,1,20,0,5,0,8,0,0,0,0,3,1,1,1,35,6,2287,2,7,-1,1
2014950000392,2,4,0,18,0,8,0,0,0,0,1,1,2,1,20,4,599,1,12,-1,1
2014950000398,1,9,0,9,0,8,0,0,0,0,1,1,2,1,40,7,1598,2,2,10,2
2014950000398,2,9,0,18,0,1,0,0,0,0,1,1,6,1,46,8,1796,1,9,-1,1
2014950000399,1,1,0,7,9,1,0,0,1,0,1,1,2,2,27,6,-1,-1,-1,-1,-1
2014950000400,1,9,0,18,0,0,0,0,2,1,1,1,6,1,33,6,1596,1,10,-1,1
2014950000400,2,9,0,18,0,0,0,0,1,0,1,1,6,1,53,8,-1,-1,-1,-1,1
2014950000402,1,9,0,17,0,0,0,0,2,7,4,1,6,1,26,6,1975,1,8,-1,1
2014950000408,1,9,0,5,0,8,0,0,0,0,1,1,1,1,25,5,1896,2,6,-1,1
2014950000408,2,1,0,18,0,1,0,0,0,0,1,1,2,1,32,6,-1,-1,-1,-1,1
2014950000409,1,19,0,18,0,1,0,0,0,0,4,1,2,1,45,7,2402,2,3,-1,2