Accident_Index,Vehicle_Reference,Vehicle_Type,Towing_and_Articulation,Vehicle_Manoeuvre,Vehicle_Location-Restricted_Lane,Junction_Location,Skidding_and_Overturning,Hit_Object_in_Carriageway,Vehicle_Leaving_Carriageway,Hit_Object_off_Carriageway,1st_Point_of_Impact,Was_Vehicle_Left_Hand_Drive?,Journey_Purpose_of_Driver,Sex_of_Driver,Age_of_Driver,Age_Band_of_Driver,Engine_Capacity_(CC),Propulsion_Code,Age_of_Vehicle,Driver_IMD_Decile,Driver_Home_Area_Type
2014950000417,1,8,0,7,0,2,0,0,0,0,1,1,2,2,49,8,2499,2,4,-1,3
2014950000417,2,1,0,18,0,2,0,0,0,0,2,1,2,1,39,7,-1,-1,-1,-1,3
2014950000418,1,9,0,18,0,1,0,0,0,0,1,1,2,2,34,6,1781,1,13,-1,1
2014950000421,1,9,0,7,0,5,0,0,0,0,1,1,6,1,44,7,-1,-1,-1,-1,1
2014950000423,1,9,0,16,0,0,1,0,0,0,3,1,6,1,19,4,-1,-1,-1,-1,-1
2014950000423,2,9,0,17,0,0,0,0,0,0,3,1,6,2,56,9,1198,1,3,-1,3
2014950000424,1,9,0,1,9,6,0,0,0,0,2,1,6,2,36,7,1598,1,6,-1,-1
2014950000425,1,9,0,1,0,0,0,0,0,0,2,1,6,1,25,5,-1,-1,-1,-1,1
2014950000427,1,8,0,18,3,0,0,0,0,0,0,1,1,2,39,7,2499,2,3,-1,1
2014950000428,1,9,0,18,0,2,0,0,0,0,1,1,6,1,56,9,1951,2,13,-1,2
2014950000433,1,9,0,9,0,8,0,0,0,0,4,1,6,1,23,5,1598,2,2,5,3
2014950000433,2,1,0,18,0,8,0,0,0,0,1,1,1,1,34,6,-1,-1,-1,-1,1
2014950000437,1,19,0,17,0,0,5,0,1,11,4,1,1,1,45,7,4461,2,6,-1,1
2014950000438,1,9,0,4,0,0,1,0,0,0,1,1,6,2,36,7,1199,1,14,-1,2
2014950000438,2,9,0,3,0,0,0,0,0,0,2,1,6,1,71,10,1796,1,6,-1,1
2014950000439,1,9,0,18,0,2,0,0,0,0,1,1,6,1,-1,-1,-1,-1,-1,-1,-1
2014950000440,1,9,0,7,0,2,0,0,0,0,1,1,6,1,22,5,1493,1,16,-1,1
2014950000454,1,1,0,18,0,0,0,0,0,0,1,1,6,1,48,8,-1,-1,-1,-1,-1
2014950000454,2,9,0,5,0,0,0,0,0,0,3,1,2,1,65,9,1560,2,9,-1,2
2014950000455,1,9,0,18,0,1,0,0,0,0,1,1,2,2,45,7,1798,1,8,-1,1
2014950000459,1,9,0,5,0,1,0,0,0,0,3,1,6,2,57,9,1242,1,5,-1,3
2014950000459,2,1,0,18,0,4,0,0,0,0,1,1,2,1,55,8,-1,-1,-1,-1,3
2014950000461,1,11,0,18,0,0,0,0,0,0,0,1,1,1,46,8,7300,2,7,-1,3
2014950000464,1,9,0,18,0,8,0,0,0,0,1,1,6,3,-1,-1,1988,2,10,-1,-1
2014950000464,2,1,0,5,0,8,0,0,0,0,3,1,6,1,28,6,-1,-1,-1,-1,1
2014950000465,1,9,0,7,0,8,0,0,0,0,4,1,6,3,-1,-1,-1,-1,-1,-1,-1
2014950000465,2,1,0,18,0,8,0,0,0,0,2,1,6,1,33,6,-1,-1,-1,-1,-1
2014950000466,1,9,0,9,0,0,0,0,0,0,4,1,6,3,-1,-1,-1,-1,-1,-1,-1
2014950000470,1,9,0,4,0,2,0,0,0,0,1,1,6,3,-1,-1,1910,2,8,-1,-1
2014950000470,2,9,0,3,0,2,0,0,0,0,2,1,6,2,28,6,998,1,6,-1,1
2014950000471,1,9,0,18,0,8,0,0,0,0,4,1,1,2,37,7,1596,1,8,-1,1
2014950000472,1,11,0,2,2,2,0,0,0,0,0,1,1,1,43,7,9360,2,7,-1,1
2014950000476,1,9,0,18,0,1,1,0,7,11,1,1,2,2,29,6,2496,2,13,-1,1
2014950000477,1,8,0,18,0,0,0,0,0,0,1,1,6,1,45,7,2499,2,4,-1,2
2014950000479,1,9,0,18,0,0,1,7,2,7,1,1,6,1,36,7,1997,2,6,-1,1
2014950000482,1,19,0,7,0,8,1,0,0,0,1,1,6,1,33,6,1868,2,10,-1,1
2014950000482,2,9,0,3,0,1,0,0,0,0,3,1,6,1,65,9,1598,1,1,-1,1
2014950000486,1,9,0,16,0,8,0,0,0,0,3,1,6,1,41,7,1595,1,10,-1,2
2014950000487,1,9,0,16,0,0,0,0,1,9,1,1,6,2,39,7,1242,1,8,-1,1
2014950000493,1,9,0,18,0,0,0,0,0,0,1,1,1,1,26,6,-1,-1,-1,-1,1
2014950000493,2,9,0,3,0,0,0,0,0,0,2,1,2,2,25,5,1560,2,2,-1,-1
2014950000493,3,21,1,18,0,0,0,0,0,0,3,1,1,1,45,7,-1,-1,-1,-1,-1
2014950000495,1,9,0,18,0,0,5,0,1,9,1,1,6,2,26,6,1997,1,12,-1,2
2014950000500,1,9,0,18,0,8,5,0,1,0,4,1,6,2,19,4,998,1,7,-1,1
2014950000500,2,9,0,11,0,8,0,0,0,0,3,1,6,2,23,5,1242,1,2,-1,3
2014950000504,1,8,0,18,0,1,0,0,0,0,1,1,1,1,59,9,-1,-1,-1,-1,1
2014950000505,1,9,0,1,0,0,0,0,0,0,2,1,6,3,-1,-1,-1,-1,-1,-1,-1
2014950000523,1,9,0,5,0,3,0,0,0,0,3,1,6,1,29,6,1910,2,10,-1,1
2014950000533,1,9,0,6,0,0,0,0,0,0,1,1,6,1,60,9,1598,1,11,-1,1
2014950000533,2,9,0,18,0,0,0,0,1,4,1,1,6,2,27,6,796,1,9,-1,1
2014950000535,1,9,0,18,0,1,0,0,0,0,4,1,6,1,83,11,1986,1,20,-1,1
2014950000539,1,9,0,11,0,8,0,0,0,0,0,1,6,2,40,7,1988,1,14,-1,1
2014950000539,2,11,0,4,2,8,0,0,0,0,0,1,1,1,40,7,7300,2,9,-1,1
2014950000554,1,9,0,16,0,1,0,0,0,0,1,1,6,2,30,6,1396,1,12,-1,1
2014950000554,2,9,0,9,0,1,0,0,0,0,2,1,2,1,39,7,1995,1,10,-1,1
2014950000558,1,1,0,18,0,1,0,0,0,0,1,1,2,1,52,8,-1,-1,-1,-1,1
2014950000567,1,9,0,1,0,0,0,0,0,0,2,1,6,2,28,6,1995,2,2,-1,1
2014950000573,1,9,0,4,0,0,0,0,0,0,1,1,1,1,47,8,1995,2,10,-1,1
2014950000573,2,8,0,4,0,0,0,0,0,0,2,1,1,1,48,8,1997,2,2,-1,1
2014950000579,1,21,0,5,0,1,0,0,0,0,1,1,1,1,-1,-1,12777,2,7,-1,-1
2014950000579,2,9,0,5,0,1,0,0,0,0,2,1,6,1,41,7,1390,1,12,-1,1
2014950000585,1,9,0,18,0,2,0,0,0,0,3,1,6,1,75,10,-1,-1,-1,-1,1
2014950000591,1,9,0,18,0,0,0,0,0,0,1,1,2,2,49,8,2199,2,1,-1,2
2014950000591,2,9,0,18,0,0,0,0,0,0,1,1,6,1,51,8,1896,2,8,-1,3
2014950000592,1,9,0,18,0,8,0,0,0,0,1,1,2,1,24,5,1149,1,9,-1,1
2014950000592,2,9,0,10,0,8,0,0,0,0,1,1,6,1,49,8,1596,1,8,-1,-1
2014950000593,1,9,0,18,0,2,1,0,1,11,2,1,6,1,23,5,1830,1,19,-1,1
2014950000594,1,19,0,18,0,1,0,0,0,0,1,1,1,1,42,7,2287,2,1,-1,1
2014950000594,2,9,0,18,0,1,0,0,0,0,2,1,2,1,51,8,1328,1,4,-1,2
2014950000595,1,11,0,18,0,2,0,0,0,0,0,1,1,1,42,7,-1,2,7,-1,1
2014950000596,1,9,0,18,0,0,0,0,0,0,1,1,6,2,52,8,1968,2,6,-1,1
2014950000599,1,9,0,18,0,0,0,0,0,0,1,1,6,3,-1,-1,-1,-1,-1,-1,-1
2014950000599,2,19,0,3,0,0,0,0,0,0,2,1,6,1,34,6,1998,2,12,-1,1
2014950000601,1,19,0,18,0,0,0,0,0,0,1,1,1,1,55,8,4462,2,1,9,2
2014950000602,1,9,0,16,0,1,0,0,0,0,1,1,6,1,76,11,1198,1,1,-1,1
2014950000602,2,9,0,18,0,1,0,0,0,0,2,1,2,2,32,6,1900,2,8,-1,3
2014950000602,3,9,0,4,0,1,0,0,0,0,1,1,2,1,30,6,3960,6,16,-1,-1
2014950000604,1,9,0,18,0,0,0,0,0,0,2,1,6,1,-1,-1,-1,-1,-1,-1,-1
2014950000604,2,9,0,18,0,0,0,0,0,0,2,1,6,2,25,5,1242,1,5,-1,1
2014950000604,3,9,0,4,0,0,0,0,0,0,2,1,6,3,-1,-1,-1,-1,-1,-1,-1
2014950000605,1,9,0,16,0,0,1,0,0,0,1,1,6,2,60,9,1598,1,6,-1,1
2014950000605,2,9,0,18,0,0,0,0,0,0,1,1,6,1,39,7,1896,2,8,-1,1
2014950000608,1,9,0,16,0,0,1,0,7,11,1,1,6,1,18,4,1149,1,11,-1,3
2014950000612,1,11,0,5,0,0,0,0,0,0,0,1,1,3,-1,-1,-1,-1,-1,-1,-1
2014950000624,1,9,0,17,0,0,0,0,0,0,4,1,6,1,41,7,1390,1,8,-1,1
2014950000625,1,3,0,18,0,1,1,0,0,0,3,1,6,1,19,4,124,1,10,-1,1
2014950000628,1,9,0,18,0,4,0,0,0,0,1,1,6,3,-1,-1,-1,-1,-1,-1,-1
2014950000630,1,20,5,18,0,1,0,0,0,0,0,1,1,1,55,8,-1,2,11,-1,1
2014950000630,2,19,0,18,0,1,0,0,0,0,3,1,6,1,43,7,1868,2,12,-1,1
2014950000630,3,9,0,18,6,1,0,0,0,0,1,1,6,1,59,9,2179,2,5,-1,1
2014950000630,4,9,0,18,0,1,0,0,0,0,3,1,2,2,43,7,1587,1,9,-1,1
2014950000635,1,9,0,18,0,1,0,0,0,0,3,1,6,1,51,8,998,1,5,-1,3
2014950000641,1,9,0,9,0,8,0,0,0,0,4,1,6,2,55,8,1242,1,4,-1,-1
2014950000641,2,2,0,18,0,1,0,0,0,0,1,1,6,1,16,4,50,1,6,-1,1
2014950000642,1,9,0,7,0,8,0,0,0,0,1,1,6,1,48,8,-1,-1,-1,-1,1
2014950000642,2,9,0,4,0,2,0,0,0,0,2,1,6,2,64,9,1998,2,10,-1,1
2014950000642,3,19,0,13,0,1,0,0,0,0,0,1,1,1,-1,-1,2198,2,2,-1,1
2014950000654,1,8,0,9,0,8,0,0,0,0,4,1,6,1,53,8,2499,2,2,-1,1
2014950000654,2,1,0,18,4,8,0,0,0,0,1,1,2,1,39,7,-1,-1,-1,-1,1
2014950000655,1,19,0,11,0,2,0,0,0,0,1,1,2,1,23,5,1248,2,3,-1,1
2014950000655,2,4,0,15,0,2,0,0,1,1,3,1,2,1,51,8,498,1,15,-1,1
2014950000656,1,19,0,18,0,0,5,11,0,0,1,1,1,1,35,6,1968,2,7,-1,1
2014950000656,2,9,0,18,0,0,0,0,0,0,2,1,6,2,46,8,1984,1,12,-1,3
2014950000677,1,9,0,18,0,8,0,0,0,0,1,1,6,2,23,5,1349,1,4,-1,1
2014950000677,2,19,0,18,0,4,0,0,0,0,3,1,2,1,30,6,1461,2,1,-1,2
2014950000679,1,9,0,18,0,0,0,0,0,0,1,1,1,1,25,5,1242,1,10,-1,1
2014950000679,2,9,0,18,0,0,0,0,0,0,2,1,6,2,22,5,1560,2,2,2,1
2014950000680,1,1,0,9,0,3,0,0,0,0,3,1,6,1,27,6,-1,-1,-1,-1,1
2014950000680,2,9,0,18,0,3,0,0,0,0,3,1,6,1,37,7,1796,1,5,-1,1
2014950000687,1,9,0,18,0,2,0,0,0,0,1,1,1,1,31,6,1896,2,10,9,3
2014950000688,1,9,0,9,0,8,0,0,0,0,1,1,6,2,22,5,1242,1,1,-1,1
2014950000688,2,9,0,18,0,8,0,0,0,0,3,1,6,1,36,7,1199,2,2,-1,1
2014950000691,1,9,0,18,0,1,0,0,0,0,1,1,6,1,71,10,1339,1,1,-1,1
2014950000691,2,9,0,4,6,2,0,0,0,0,2,1,6,1,52,8,-1,-1,-1,-1,3
2014950000711,1,4,0,18,0,8,0,0,0,0,1,1,6,3,-1,-1,-1,-1,-1,-1,-1
2014950000713,1,9,0,18,0,1,0,0,1,0,1,1,6,1,-1,-1,-1,-1,-1,-1,-1
2014950000714,1,9,0,9,0,8,0,0,0,0,1,1,6,1,42,7,1461,2,4,-1,1
2014950000714,2,3,0,18,0,2,0,0,0,0,4,1,6,1,41,7,124,1,13,-1,1
2014950000715,1,3,0,18,0,4,1,0,0,0,3,1,6,1,19,4,125,1,5,-1,1
2014950000716,1,11,0,5,2,0,0,0,0,0,4,1,1,1,39,7,7300,2,10,-1,1
2014950000717,1,9,0,9,0,8,0,0,0,0,1,1,6,1,27,6,1598,1,13,-1,1
2014950000717,2,9,0,18,0,8,0,0,0,0,1,1,6,1,34,6,1968,2,6,-1,1
2014950000718,1,9,0,18,0,1,0,0,0,0,1,1,6,2,25,5,1242,1,3,-1,2
2014950000718,2,9,0,8,0,1,0,0,0,0,2,1,6,1,44,7,1995,2,2,-1,3
2014950000719,1,9,0,9,0,8,0,0,0,0,3,1,2,1,42,7,1240,1,7,-1,2
2014950000719,2,9,0,18,0,8,0,0,0,0,1,1,6,2,29,6,1590,1,9,-1,1
2014950000720,1,9,0,18,0,0,2,0,1,9,3,1,6,1,17,4,1248,1,1,-1,1
2014950000721,1,9,0,18,0,8,0,0,0,0,1,1,6,1,33,6,1560,2,9,-1,2
2014950000721,2,9,0,18,0,8,0,0,1,0,3,1,6,1,80,11,1360,1,9,-1,1
2014950000725,1,11,0,9,0,8,0,0,0,0,0,1,1,1,52,8,9360,2,5,-1,1
2014950000729,1,9,0,18,0,0,2,0,1,10,1,1,1,2,30,6,1590,1,12,-1,1
2014950000730,1,9,0,16,0,1,1,0,0,0,1,1,1,1,69,10,2495,2,18,-1,3
2014950000730,2,9,0,18,0,1,0,0,0,0,1,1,2,1,65,9,-1,-1,-1,-1,2
2014950000732,1,9,0,18,0,8,0,0,7,11,4,1,6,2,62,9,2199,2,2,-1,3
2014950000732,2,10,0,18,0,8,0,0,0,0,3,1,6,1,39,7,-1,-1,-1,-1,2
2014950000732,3,9,0,10,0,1,0,0,0,0,1,1,6,1,36,7,1988,1,14,8,1
2014950000733,1,11,0,5,2,0,0,0,0,0,0,1,1,1,58,9,7300,2,9,-1,3
2014950000735,1,9,0,17,0,0,1,0,1,4,1,1,2,2,45,7,1242,1,5,-1,3
2014950000741,1,9,0,7,0,8,0,0,0,0,1,1,2,2,38,7,1582,2,2,-1,1
2014950000741,2,1,0,18,0,8,0,0,0,0,2,1,2,1,50,8,-1,-1,-1,-1,1
2014950000742,1,9,0,18,0,0,0,4,0,0,4,1,6,3,-1,-1,-1,-1,-1,-1,-1
2014950000742,2,19,0,2,0,0,0,0,0,0,4,1,6,3,-1,-1,1868,2,13,-1,-1
2014950000744,1,11,0,4,0,0,0,0,0,0,0,1,1,1,46,8,4500,2,3,-1,2
2014950000745,1,19,0,18,0,1,0,0,0,0,1,1,1,1,28,6,2463,2,9,-1,1
2014950000745,2,9,0,4,0,1,0,0,0,0,2,1,6,2,33,6,1796,1,11,-1,3
2014950000746,1,9,0,18,0,1,0,0,0,0,1,1,6,2,25,5,1149,1,10,-1,3
2014950000746,2,9,0,3,0,1,0,0,0,0,2,1,6,2,56,9,1598,1,2,-1,1
2014950000747,1,9,0,11,0,0,0,0,0,0,1,1,1,1,48,8,1968,2,8,-1,1
2014950000747,2,1,0,12,0,0,0,0,0,0,2,1,6,2,28,6,-1,-1,-1,-1,1
2014950000748,1,9,0,18,0,4,0,0,0,0,1,1,6,1,50,8,1798,1,10,-1,1
2014950000748,2,1,0,18,0,8,0,0,0,0,3,1,6,1,51,8,-1,-1,-1,-1,1
2014950000757,1,9,0,18,0,0,0,0,0,0,1,1,6,1,40,7,1986,2,8,-1,1
2014950000757,2,9,0,18,0,0,0,0,0,0,2,1,6,2,39,7,1995,2,11,-1,1
2014950000757,3,9,0,3,0,0,0,0,0,0,2,1,1,2,46,8,1242,1,4,-1,1
2014950000758,1,9,4,18,0,8,0,0,0,0,1,1,6,1,58,9,1586,1,6,-1,1
2014950000758,2,9,0,3,0,8,0,0,0,0,2,1,6,1,17,4,1388,1,11,-1,3
2014950000758,3,9,0,3,0,8,0,0,0,0,2,1,6,2,52,8,1596,1,2,-1,1
2014950000758,4,9,0,3,0,4,0,0,0,0,2,1,1,2,37,7,2143,2,1,-1,2
2014950000759,1,9,0,18,0,1,0,0,1,0,1,1,6,1,17,4,1199,1,11,-1,-1
2014950000759,2,9,0,18,0,1,0,0,0,0,1,1,6,2,26,6,1596,1,14,-1,3
2014950000760,1,9,0,18,0,2,0,0,0,0,1,1,1,1,18,4,1389,1,16,-1,1
2014950000761,1,9,0,18,0,1,0,0,3,1,1,1,6,1,44,7,1995,2,9,-1,1
2014950000762,1,9,0,18,0,7,2,0,1,11,4,1,6,1,53,8,1590,1,18,-1,3
2014950000763,1,19,0,4,0,1,0,0,0,0,1,1,6,1,55,8,2198,2,3,-1,1
2014950000764,1,9,0,18,0,0,0,0,0,0,4,1,6,1,24,5,1896,2,8,-1,3
2014950000765,1,19,0,9,0,8,0,0,0,0,1,1,6,2,35,6,1560,2,-1,-1,1
2014950000765,2,9,0,18,0,2,0,0,0,0,2,1,6,2,63,9,998,1,23,-1,1
2014950000765,3,9,0,18,0,1,0,0,0,0,1,1,6,2,35,6,1560,2,2,-1,1
2014950000766,1,9,0,9,0,2,0,0,0,0,1,1,2,2,59,9,1341,1,10,-1,1
2014950000766,2,9,0,9,0,2,0,0,0,0,2,1,6,2,67,10,1328,1,8,-1,1
2014950000767,1,9,0,5,0,1,0,0,0,0,1,1,6,2,27,6,1422,2,9,-1,1
2014950000767,2,9,0,3,0,1,0,0,0,0,2,1,6,2,18,4,1360,1,11,-1,1
2014950000768,1,9,0,1,0,0,0,0,0,0,2,1,6,1,25,5,1398,1,1,-1,1
2014950000769,1,21,0,18,0,0,0,0,0,0,1,1,1,1,46,8,12777,2,1,9,1
2014950000769,2,9,0,4,0,0,0,0,0,0,2,1,6,1,27,6,1586,1,12,-1,3
2014950000770,1,9,0,16,0,0,0,0,0,0,1,1,6,1,18,4,1124,1,16,-1,1
2014950000770,2,9,0,18,0,0,0,0,0,0,1,1,6,1,27,6,1390,1,11,-1,3
2014950000789,1,9,0,16,0,0,0,0,0,0,1,1,6,1,22,5,1242,1,13,-1,1
2014950000789,2,19,0,17,0,0,0,0,0,0,1,1,1,1,70,10,1997,2,7,-1,2
2014950000791,1,9,0,18,0,1,0,0,0,0,1,1,6,3,-1,-1,-1,-1,-1,-1,-1
2014950000794,1,9,0,9,0,1,0,0,0,0,1,1,2,2,28,6,1598,1,11,-1,1
2014950000794,2,9,0,18,0,1,0,0,0,0,4,1,2,1,57,9,-1,-1,-1,-1,1
2014950000795,1,9,0,5,0,4,0,0,0,0,1,1,6,1,71,10,5998,1,8,-1,1
2014950000795,2,9,0,18,0,3,0,7,1,4,4,1,6,2,26,6,1995,1,10,-1,1
2014950000796,1,4,0,18,0,0,5,0,0,0,3,1,6,1,43,7,599,1,11,-1,1
2014950000797,1,9,0,18,0,1,1,0,0,0,1,1,2,2,23,5,1596,1,3,-1,3
2014950000797,2,9,0,4,0,1,0,0,0,0,2,1,6,2,50,8,1598,1,7,-1,1
2014950000797,3,9,0,4,0,1,0,0,0,0,2,1,6,1,22,5,1242,1,4,-1,1
2014950000798,1,9,0,16,0,0,5,0,7,10,1,1,6,1,21,5,1895,1,14,-1,2
2014950000827,1,9,0,18,0,0,0,0,0,0,1,1,6,1,81,11,3199,1,12,-1,1
2014950000830,1,9,0,9,0,8,0,0,0,0,1,1,6,1,24,5,1598,1,11,-1,1
2014950000830,2,9,0,18,0,8,0,0,0,0,4,1,6,1,18,4,1896,2,12,-1,1
2014950000833,1,9,0,18,0,4,0,0,0,0,3,1,6,2,42,7,2400,2,3,-1,3
2014950000833,2,1,0,18,0,8,0,0,0,0,4,1,6,1,33,6,-1,-1,-1,-1,1
2014950000837,1,10,0,5,0,4,0,0,0,0,1,1,1,1,64,9,-1,-1,-1,-1,1
2014950000837,2,1,0,9,0,8,0,0,0,0,4,1,2,2,31,6,-1,-1,-1,-1,1
2014950000838,1,9,0,18,0,1,0,0,0,0,1,1,6,3,-1,-1,1390,1,8,-1,-1
2014950000838,2,9,0,3,0,1,0,0,0,0,2,1,6,2,20,4,1242,1,9,-1,1
2014950000840,1,9,0,18,0,0,0,7,6,0,2,1,6,1,22,5,1595,1,15,-1,3
2014950000840,2,9,0,18,0,0,0,0,0,0,3,1,6,1,30,6,1229,1,2,-1,1
2014950000840,3,9,0,18,0,0,0,0,1,0,1,1,6,1,53,8,999,1,17,-1,1
2014950000851,1,9,0,18,0,1,0,0,0,0,4,1,6,1,49,8,2597,1,14,7,3
2014950000853,1,11,0,9,0,0,0,0,0,0,0,1,1,1,48,8,7300,2,1,-1,2
2014950000854,1,9,0,18,0,1,0,0,0,0,1,1,6,1,46,8,2993,2,10,-1,1
2014950000859,1,9,0,9,0,1,0,0,0,0,1,1,6,1,89,11,1598,1,4,-1,1
2014950000859,2,1,0,18,0,1,0,0,0,0,1,1,6,2,26,6,-1,-1,-1,-1,3
2014950000860,1,9,0,9,0,8,0,0,0,0,2,1,6,1,27,6,2184,2,10,-1,1
2014950000860,2,11,0,18,2,1,0,0,0,0,3,1,1,1,44,7,9360,2,4,-1,2
2014950000861,1,9,0,7,0,1,0,0,0,0,1,1,6,1,19,4,1199,1,11,-1,2
2014950000861,2,9,0,8,0,1,0,0,0,0,2,1,6,2,26,6,998,1,12,-1,1
2014950000862,1,9,0,18,0,0,0,0,0,0,1,1,3,1,78,11,1398,1,3,-1,2
2014950000862,2,1,0,18,0,0,0,0,0,0,4,1,4,2,9,2,-1,-1,-1,-1,3
2014950000864,1,19,0,5,0,0,0,0,0,0,2,1,1,1,21,5,2461,2,5,-1,3
2014950000865,1,9,0,14,0,1,0,0,0,0,1,1,6,2,36,7,1995,2,10,-1,1
2014950000865,2,9,0,9,0,1,0,0,0,0,2,1,1,3,-1,-1,1598,2,2,-1,-1
2014950000868,1,8,0,4,0,0,0,0,0,0,1,1,6,1,54,8,2499,2,3,-1,1
2014950000874,1,19,0,6,0,2,0,0,0,0,3,1,6,3,-1,-1,-1,-1,-1,-1,-1
2014950000874,2,19,0,18,0,1,1,0,0,0,1,1,6,1,29,6,1461,2,9,-1,3
2014950000882,1,8,0,18,0,0,0,0,0,0,3,1,2,1,46,8,2402,2,12,-1,1
2014950000883,1,9,0,1,0,1,0,0,0,0,2,1,6,1,49,8,973,1,11,-1,1
2014950000884,1,9,0,18,0,3,0,0,0,0,1,1,2,1,22,5,1598,2,3,-1,3
2014950000884,2,9,0,3,0,3,0,0,0,0,2,1,6,1,45,7,1995,2,5,-1,-1
2014950000887,1,19,0,11,0,1,0,0,0,0,1,1,1,3,-1,-1,2198,2,5,-1,-1
2014950000888,1,9,0,17,0,0,1,0,0,0,1,1,6,2,34,6,1582,2,6,-1,3
2014950000888,2,9,0,18,0,0,0,0,1,0,1,1,6,1,43,7,1596,1,3,-1,3
2014950000889,1,9,0,9,0,2,0,0,0,0,1,1,6,1,69,10,1248,2,6,-1,3
2014950000889,2,9,0,18,0,1,0,0,1,2,1,1,2,2,22,5,1124,1,11,-1,1
2014950000890,1,9,0,9,0,8,0,0,0,0,4,1,6,2,68,10,1598,1,3,-1,1
2014950000890,2,11,0,18,0,1,0,0,0,0,1,1,1,1,34,6,7300,2,3,-1,2
2014950000892,1,9,0,18,0,1,0,0,8,0,1,1,6,1,48,8,1796,2,1,10,1
2014950000892,2,1,0,9,0,5,0,0,1,0,2,1,6,1,78,11,-1,-1,-1,-1,2
2014950000893,1,9,0,18,0,8,0,0,1,0,1,1,6,1,39,7,1995,1,16,-1,1
2014950000894,1,9,0,15,0,0,0,0,1,0,0,1,1,1,49,8,-1,-1,-1,-1,2
2014950000895,1,9,0,18,0,1,0,0,0,0,1,1,6,1,46,8,1596,1,12,-1,1
2014950000895,2,9,0,10,0,1,0,0,1,0,2,1,6,2,44,7,1999,1,8,-1,3
2014950000895,3,4,0,18,0,1,0,0,0,0,1,1,6,1,47,8,400,1,-1,-1,3
2014950000896,1,1,0,18,0,8,0,0,0,0,2,1,6,1,72,10,-1,-1,-1,-1,1
2014950000896,2,9,0,18,0,8,0,0,0,0,1,1,1,1,49,8,1896,2,7,-1,1
2014950000898,1,9,0,6,0,0,0,0,0,0,3,1,6,1,59,9,1498,1,5,-1,1
2014950000898,2,9,0,4,0,0,0,4,0,0,1,1,6,1,24,5,2987,2,8,-1,1
2014950000898,3,9,0,2,0,0,0,0,0,0,1,1,1,3,-1,-1,1598,1,1,-1,-1
2014950000931,1,11,0,4,0,1,0,0,0,0,0,1,6,1,59,9,7300,2,1,-1,1
2014950000932,1,9,0,2,0,1,0,0,0,0,3,1,6,1,26,6,1995,2,9,-1,1
2014950000932,2,1,0,18,0,1,0,0,0,0,1,1,6,1,59,9,-1,-1,-1,-1,1
2014950000935,1,9,0,1,0,0,0,0,0,0,2,1,6,2,18,4,1242,1,10,-1,1
2014950000935,2,9,0,2,0,0,0,0,0,0,2,1,6,3,-1,-1,1397,1,7,-1,-1
2014950000948,1,9,0,9,0,8,0,7,7,0,4,1,2,2,51,8,1360,1,12,-1,2
2014950000948,2,9,0,18,0,8,0,0,1,0,1,1,6,2,62,9,-1,-1,-1,-1,3
2014950000950,1,21,0,4,0,1,0,0,0,0,1,1,1,1,45,7,3900,2,12,-1,1
2014950000950,2,19,0,3,0,1,0,0,0,0,2,1,1,1,26,6,2402,2,2,-1,1
2014950000951,1,11,0,4,0,0,0,0,0,0,0,1,1,1,50,8,7300,2,7,-1,1
2014950000952,1,8,0,4,0,1,0,0,0,0,1,1,1,1,-1,-1,-1,-1,-1,-1,-1
2014950000952,2,1,0,10,0,1,0,0,0,0,2,1,6,2,33,6,-1,-1,-1,-1,1
2014950000953,1,4,0,9,0,2,0,0,0,0,3,1,6,1,67,10,244,1,6,-1,-1
2014950000954,1,9,0,1,0,1,0,0,0,0,2,1,6,2,27,6,1341,1,11,-1,1
2014950000954,2,9,0,3,0,1,0,0,0,0,1,1,6,1,74,10,1248,1,5,-1,1
2014950000955,1,9,0,9,0,8,0,0,0,0,4,1,6,2,18,4,1299,1,7,-1,-1
2014950000955,2,4,0,18,0,8,0,0,0,0,1,1,6,1,44,7,645,1,2,-1,3
2014950000973,1,8,0,18,0,0,0,0,0,0,1,1,1,1,58,9,2499,2,1,-1,1
2014950000973,2,9,0,18,0,0,0,0,0,0,2,1,2,2,38,7,1984,1,6,-1,3
2014950000974,1,9,0,18,0,8,1,0,1,10,3,1,6,1,22,5,1997,2,7,-1,-1
2014950000974,2,8,0,18,0,8,0,0,0,0,1,1,1,1,53,8,1997,2,2,-1,1
2014950000975,1,9,0,9,0,8,0,0,0,0,1,1,1,1,40,7,1997,2,14,-1,2
2014950000976,1,9,0,11,0,0,0,0,1,0,1,1,2,1,19,4,1360,1,10,-1,3
2014950000976,2,9,0,18,0,0,0,0,7,0,2,1,6,2,25,5,1398,2,11,-1,2
2014950000976,3,9,0,18,0,0,0,0,0,0,0,1,6,1,33,6,1995,2,8,-1,3
2014950000977,1,9,0,18,0,1,0,0,0,0,1,1,6,2,28,6,1560,2,3,-1,2
2014950000977,2,9,0,3,0,1,0,0,0,0,2,1,6,1,52,8,1242,1,10,-1,3
2014950000978,1,9,0,18,0,1,0,0,0,0,1,1,6,3,-1,-1,-1,-1,-1,-1,-1