Accident_Index,Vehicle_Reference,Vehicle_Type,Towing_and_Articulation,Vehicle_Manoeuvre,Vehicle_Location-Restricted_Lane,Junction_Location,Skidding_and_Overturning,Hit_Object_in_Carriageway,Vehicle_Leaving_Carriageway,Hit_Object_off_Carriageway,1st_Point_of_Impact,Was_Vehicle_Left_Hand_Drive?,Journey_Purpose_of_Driver,Sex_of_Driver,Age_of_Driver,Age_Band_of_Driver,Engine_Capacity_(CC),Propulsion_Code,Age_of_Vehicle,Driver_IMD_Decile,Driver_Home_Area_Type
2014950001971,1,9,0,18,0,1,0,0,0,0,1,1,6,1,27,6,1242,1,9,-1,1
2014950001971,2,9,0,18,0,1,0,0,0,0,1,1,6,2,35,6,1390,1,5,-1,1
2014950001985,1,9,0,4,0,1,0,0,0,0,1,1,6,3,-1,-1,-1,-1,-1,-1,-1
2014950001989,1,9,0,18,0,0,0,0,0,0,1,1,2,1,39,7,2497,1,9,2,1
2014950001989,2,9,0,18,0,0,0,0,0,0,0,1,6,1,69,10,1598,2,1,5,1
2014950001991,1,19,0,1,0,2,0,0,0,0,2,1,6,1,55,8,1995,2,4,-1,2
2014950002005,1,9,0,18,0,0,0,0,0,0,4,1,6,2,60,9,1968,2,2,-1,3
2014950002006,1,11,0,18,2,0,0,0,0,0,0,1,1,1,61,9,9360,2,3,-1,1
2014950002008,1,1,0,18,0,1,0,0,0,0,1,1,6,1,25,5,-1,-1,-1,-1,1
2014950002008,2,9,0,11,0,1,0,0,0,0,3,1,6,1,33,6,2720,2,8,-1,-1
2014950002009,1,9,0,4,0,0,0,0,0,0,1,1,6,2,52,8,1560,2,4,-1,1
2014950002010,1,4,0,16,0,0,5,0,0,0,3,1,6,1,31,6,-1,-1,-1,-1,1
2014950002010,2,19,0,17,0,0,0,0,0,0,3,1,6,2,55,8,2477,2,11,-1,3
2014950002011,1,9,0,5,0,0,0,0,0,0,1,1,6,2,56,9,1242,1,7,-1,3
2014950002011,2,1,0,18,4,0,0,0,0,0,1,1,6,1,26,6,-1,-1,-1,-1,1
2014950002021,1,9,0,13,0,1,0,0,0,0,4,1,6,1,54,8,1246,1,7,-1,1
2014950002022,1,9,0,18,0,1,0,0,0,0,1,1,1,1,62,9,1199,2,3,-1,1
2014950002022,2,9,0,3,0,1,0,0,0,0,2,1,6,1,25,5,1896,2,7,-1,1
2014950002022,3,9,0,3,0,1,0,0,0,0,2,1,6,1,56,9,1968,2,1,-1,1
2014950002025,1,9,0,5,0,8,0,0,0,0,0,1,6,1,19,4,1988,1,12,-1,1
2014950002025,2,3,0,18,0,8,1,0,0,0,0,1,6,1,19,4,124,1,1,-1,1
2014950002033,1,9,0,18,0,0,0,0,0,0,1,1,6,1,33,6,1997,1,14,-1,1
2014950002033,2,9,0,7,0,0,0,0,0,0,2,1,1,2,32,6,998,1,1,-1,1
2014950002034,1,9,0,18,0,0,0,0,0,0,1,1,2,1,34,6,1968,2,6,-1,1
2014950002034,2,9,0,18,0,0,0,0,0,0,1,1,6,2,48,8,1461,2,1,-1,1
2014950002034,3,9,0,18,0,0,0,0,0,0,3,1,6,1,47,8,-1,-1,-1,-1,1
2014950002035,1,9,0,16,0,0,1,0,7,0,1,1,6,2,21,5,1596,1,12,-1,1
2014950002035,2,9,0,18,0,0,0,0,0,0,1,1,6,1,47,8,1998,2,12,-1,3
2014950002036,1,3,0,13,0,0,0,0,0,0,1,1,6,1,23,5,599,1,14,-1,3
2014950002036,2,9,0,9,0,0,0,0,0,0,3,1,6,2,58,9,1560,2,9,-1,1
2014950002037,1,9,0,9,0,8,0,0,0,0,1,1,1,2,47,8,1248,2,5,-1,1
2014950002037,2,9,0,18,0,8,0,0,0,0,1,1,6,2,84,11,1360,1,10,-1,1
2014950002039,1,9,0,9,0,2,0,0,0,0,3,1,2,2,40,7,1999,1,3,-1,2
2014950002039,2,9,0,18,0,8,0,0,0,0,1,1,6,2,47,8,2179,2,-1,-1,3
2014950002042,1,3,0,18,0,1,0,0,0,0,3,1,6,1,16,4,-1,-1,-1,-1,1
2014950002042,2,9,0,18,0,2,0,0,0,0,1,1,6,2,34,6,1997,2,6,-1,1
2014950002045,1,9,0,18,0,1,0,0,0,0,1,1,6,1,19,4,1229,1,5,-1,1
2014950002045,2,9,0,18,0,1,0,0,0,0,2,1,6,2,22,5,998,1,1,-1,1
2014950002045,3,9,0,10,0,1,0,0,0,0,2,1,6,2,50,8,1951,2,8,-1,1
2014950002050,1,9,0,16,0,0,1,0,7,0,2,1,2,2,20,4,1242,1,8,-1,3
2014950002053,1,9,0,9,0,2,0,0,0,0,1,1,6,2,57,9,1598,1,2,-1,2
2014950002053,2,4,0,18,0,1,0,0,0,0,1,1,2,1,36,7,599,1,13,-1,1
2014950002053,3,9,0,3,0,1,0,0,0,0,3,1,6,1,60,9,1124,1,12,-1,1
2014950002059,1,9,0,18,0,4,0,0,0,0,1,1,6,1,56,9,1995,2,1,-1,-1
2014950002059,2,9,0,18,0,3,0,0,0,0,4,1,6,2,63,9,1240,1,10,-1,1
2014950002064,1,9,0,5,0,2,0,0,0,0,1,1,2,2,37,7,1997,1,9,-1,1
2014950002064,2,1,0,18,0,2,0,0,0,0,2,1,2,1,44,7,-1,-1,-1,-1,1
2014950002067,1,19,0,15,0,0,1,0,1,11,1,1,1,1,57,9,1753,2,9,-1,3
2014950002067,2,9,0,18,0,0,1,0,0,0,1,1,2,1,26,6,1339,1,12,-1,2
2014950002067,3,21,0,18,0,0,0,0,0,0,0,1,1,1,50,8,12740,2,1,5,1
2014950002068,1,9,0,18,0,8,0,0,0,0,1,1,6,2,54,8,1598,2,1,-1,1
2014950002069,1,8,0,18,0,1,0,0,0,0,1,1,1,1,52,8,1997,2,1,-1,1
2014950002069,2,9,0,3,0,1,0,0,0,0,2,1,6,2,53,8,1248,2,5,-1,3
2014950002080,1,9,0,18,0,2,0,0,0,5,1,1,6,1,63,9,1986,1,5,-1,-1
2014950002081,1,3,0,16,0,0,0,0,0,0,1,1,6,1,30,6,999,1,1,-1,1
2014950002081,2,9,0,4,0,0,0,0,0,0,1,1,6,2,51,8,2499,2,12,-1,3
2014950002082,1,90,0,2,6,0,0,0,0,0,1,1,6,3,-1,-1,-1,-1,-1,-1,-1
2014950002086,1,9,0,11,0,1,0,0,0,0,1,1,6,3,-1,-1,-1,-1,-1,-1,-1
2014950002086,2,1,0,18,0,1,0,0,0,0,1,1,6,2,33,6,-1,-1,-1,-1,1
2014950002097,1,9,0,18,0,0,0,0,0,0,3,1,2,2,54,8,1896,2,14,-1,2
2014950002107,1,9,0,9,0,1,0,0,0,0,1,1,1,1,48,8,1896,2,5,-1,1
2014950002108,1,1,0,9,0,5,0,0,0,0,4,1,6,1,55,8,-1,-1,-1,-1,1
2014950002108,2,9,0,18,0,1,0,0,0,0,1,1,6,2,28,6,1248,1,3,-1,1
2014950002109,1,4,0,18,0,0,0,0,0,0,1,1,6,1,20,4,1000,1,16,5,1
2014950002110,1,9,0,17,0,0,0,0,0,0,1,1,6,2,53,8,1390,1,7,-1,3
2014950002115,1,19,0,18,0,1,0,0,0,0,1,1,6,1,25,5,1248,2,4,-1,1
2014950002115,2,9,0,3,0,1,0,0,0,0,1,1,6,2,54,8,1242,1,7,-1,2
2014950002115,3,9,0,3,0,1,0,0,0,0,2,1,6,2,34,6,1591,1,2,-1,1
2014950002116,1,9,0,17,0,0,0,0,1,3,1,1,6,2,53,8,1389,1,11,-1,1
2014950002117,1,9,0,18,0,0,0,0,0,0,1,1,1,1,31,6,1956,2,2,-1,-1
2014950002118,1,9,0,9,0,1,1,0,7,11,1,1,1,1,40,7,1896,2,6,-1,1
2014950002127,1,4,0,18,0,0,0,0,0,0,3,1,2,1,45,7,1157,1,13,-1,1
2014950002128,1,9,0,7,0,1,0,0,0,0,1,1,6,1,38,7,973,1,12,-1,1
2014950002128,2,1,0,18,0,1,0,0,0,0,1,1,6,2,29,6,-1,-1,-1,-1,1
2014950002142,1,9,0,18,0,0,1,0,0,7,1,1,6,1,26,6,1998,1,6,-1,3
2014950002142,2,9,0,18,0,0,0,0,0,0,3,1,6,1,38,7,1796,1,10,-1,1
2014950002142,3,9,0,18,0,0,0,0,0,0,1,1,6,1,71,10,1595,1,1,-1,1
2014950002143,1,9,0,16,0,2,0,0,7,11,1,1,6,2,19,4,1390,1,15,-1,-1
2014950002145,1,19,0,18,0,1,0,0,0,0,1,1,6,1,41,7,-1,-1,-1,-1,1
2014950002145,2,9,0,4,0,1,0,0,0,0,2,1,6,2,17,4,1398,1,8,-1,1
2014950002153,1,9,0,18,0,1,0,0,0,0,1,1,6,1,79,11,-1,-1,-1,-1,3
2014950002153,2,9,0,4,0,1,0,0,0,0,2,1,6,2,24,5,1499,1,-1,-1,3
2014950002155,1,9,0,18,0,1,0,0,0,0,1,1,6,1,38,7,1896,2,6,-1,1
2014950002160,1,9,0,18,0,1,0,0,0,0,1,1,6,2,28,6,1198,1,10,-1,-1
2014950002160,2,9,0,4,0,1,0,0,0,0,2,1,6,1,41,7,1560,2,5,-1,1
2014950002186,1,19,0,18,2,0,0,0,0,0,2,1,1,1,49,8,1896,2,7,-1,1
2014950002189,1,9,3,15,0,1,3,0,0,0,4,1,6,1,64,9,2199,2,3,1,1
2014950002190,1,11,0,3,2,0,0,0,0,0,0,1,1,1,31,6,9360,2,5,-1,1
2014950002192,1,9,0,16,0,0,5,10,7,2,1,1,6,1,52,8,1910,2,7,-1,1
2014950002193,1,9,0,18,0,8,0,0,1,0,1,1,6,1,25,5,1598,1,2,-1,1
2014950002193,2,9,0,18,0,8,0,0,0,0,1,1,6,1,28,6,1360,1,17,-1,-1
2014950002195,1,9,0,17,0,0,0,0,7,11,1,1,6,1,18,4,998,1,10,-1,3
2014950002197,1,4,0,18,0,1,5,4,0,0,1,1,6,1,15,3,1092,1,19,-1,1
2014950002197,2,9,0,2,0,1,0,0,0,0,1,1,6,3,-1,-1,1798,1,7,-1,-1
2014950002198,1,9,0,7,0,1,0,0,7,1,1,1,6,1,85,11,1339,1,8,-1,1
2014950002199,1,9,0,18,0,0,0,0,0,0,1,1,1,2,22,5,1199,1,11,-1,2
2014950002199,2,9,0,4,0,0,0,0,0,0,2,1,6,2,47,8,1560,2,7,-1,1
2014950002204,1,9,0,4,0,0,0,0,0,0,4,1,6,2,25,5,1799,1,8,-1,1
2014950002211,1,9,0,18,0,0,0,0,0,0,1,1,2,1,57,9,1497,1,12,-1,2
2014950002211,2,9,0,3,0,0,0,0,0,0,2,1,6,2,19,4,998,1,3,-1,1
2014950002216,1,9,0,18,0,0,0,0,0,0,3,1,6,1,75,10,2099,1,11,-1,-1
2014950002219,1,9,0,18,0,1,0,0,0,0,1,1,2,1,45,7,1598,1,12,-1,1
2014950002219,2,9,0,5,0,1,0,0,0,0,2,1,2,1,29,6,1560,2,3,-1,1
2014950002222,1,19,0,8,0,1,0,0,0,0,2,1,6,3,-1,-1,1248,2,4,-1,-1
2014950002222,2,9,0,18,0,1,0,0,0,0,1,1,6,1,39,7,1951,2,13,-1,-1
2014950002223,1,9,0,18,0,8,0,0,0,0,1,1,6,1,37,7,1490,1,8,-1,1
2014950002223,2,9,0,18,0,8,0,0,0,0,1,1,6,1,39,7,1753,2,7,-1,1
2014950002225,1,9,0,17,0,0,5,0,2,4,1,1,6,2,55,8,1598,1,13,-1,1
2014950002230,1,9,0,6,0,8,0,0,0,0,1,1,6,2,79,11,1248,2,6,-1,1
2014950002230,2,9,0,18,0,8,0,0,0,0,1,1,6,1,29,6,1328,1,10,-1,3
2014950002231,1,9,0,5,0,2,0,0,0,0,2,1,6,1,57,9,998,1,2,-1,1
2014950002231,2,9,0,18,0,8,0,0,0,0,3,1,6,2,40,7,998,1,11,-1,1
2014950002232,1,9,0,18,0,0,0,0,0,0,1,1,2,1,23,5,1968,2,9,1,1
2014950002232,2,9,0,4,0,0,0,0,0,0,2,1,2,1,33,6,1998,1,10,-1,1
2014950002232,3,9,0,4,0,0,0,0,0,0,2,1,2,2,35,6,1229,1,2,-1,1
2014950002238,1,9,0,18,0,4,0,0,0,0,0,1,6,1,57,9,1198,1,3,-1,1
2014950002238,2,3,0,9,0,8,0,0,0,0,0,1,2,1,44,7,125,1,2,-1,1
2014950002240,1,11,0,5,0,0,0,0,0,0,0,1,6,1,45,7,7300,2,9,-1,2
2014950002241,1,9,0,18,0,1,0,0,0,0,1,1,6,2,18,4,1299,1,14,-1,2
2014950002243,1,19,0,13,0,0,0,0,0,0,0,1,6,3,-1,-1,-1,-1,-1,-1,-1
2014950002243,2,4,0,16,0,0,0,0,1,0,1,1,6,1,52,8,645,1,13,-1,3
2014950002243,3,9,0,17,0,0,0,0,0,0,1,1,6,3,-1,-1,-1,-1,-1,-1,-1
2014950002244,1,9,0,18,0,1,0,0,0,0,1,1,1,1,25,5,998,1,9,-1,3
2014950002244,2,9,0,10,0,1,0,0,0,0,2,1,6,1,28,6,1390,1,6,-1,1
2014950002244,3,9,0,18,0,1,0,0,0,0,3,1,1,2,42,7,1796,1,4,-1,1
2014950002247,1,9,0,4,0,1,0,0,0,0,1,1,6,2,18,4,1242,1,8,-1,3
2014950002247,2,9,0,9,0,2,0,0,0,0,2,1,1,1,52,8,999,1,-1,-1,2
2014950002247,3,9,0,4,0,1,0,0,0,0,1,1,4,2,21,5,1248,2,4,-1,2
2014950002248,1,9,0,5,0,2,0,0,0,0,4,1,6,2,50,8,1598,1,1,-1,1
2014950002248,2,9,0,16,0,3,0,0,0,0,1,1,6,1,67,10,2171,2,11,-1,2
2014950002253,1,9,0,5,0,1,0,0,0,0,1,1,6,2,29,6,999,1,13,-1,1
2014950002255,1,8,0,1,0,0,0,0,0,0,0,1,1,1,65,9,2499,2,7,-1,1
2014950002256,1,9,0,5,0,1,0,0,0,0,1,1,6,2,18,4,1086,1,5,-1,2
2014950002256,2,9,0,3,0,1,0,0,0,0,2,1,2,2,53,8,1956,2,1,-1,2
2014950002256,3,9,0,3,0,1,0,0,0,0,2,1,1,1,25,5,1560,2,1,-1,1
2014950002258,1,9,0,18,0,0,0,0,1,10,1,1,6,2,73,10,1388,1,3,-1,3
2014950002259,1,3,0,18,9,0,0,0,0,0,1,1,6,3,-1,-1,-1,-1,-1,-1,-1
2014950002262,1,9,0,2,0,0,0,0,0,0,3,1,6,1,33,6,-1,-1,-1,-1,1
2014950002262,2,1,0,14,0,0,0,0,0,0,1,1,6,1,47,8,-1,-1,-1,-1,1
2014950002263,1,9,0,18,0,0,0,0,0,0,1,1,6,2,36,7,-1,-1,-1,-1,3
2014950002263,2,9,0,4,0,0,0,0,0,0,2,1,6,1,50,8,1679,1,14,-1,1
2014950002269,1,3,0,17,0,0,0,0,7,0,1,1,6,1,19,4,125,1,1,-1,3
2014950002271,1,9,0,4,0,1,0,0,0,0,1,1,6,2,18,4,998,1,3,-1,1
2014950002271,2,9,0,3,0,1,0,0,0,0,2,2,6,1,64,9,-1,-1,-1,-1,1
2014950002271,3,9,0,3,0,1,0,0,0,0,2,1,6,2,52,8,1896,2,10,-1,1
2014950002275,1,9,0,18,0,1,0,0,0,0,1,1,6,1,21,5,1497,8,4,-1,3
2014950002275,2,9,0,4,0,1,0,0,0,0,2,1,6,2,65,9,-1,-1,-1,-1,1
2014950002276,1,9,0,18,0,0,0,0,0,0,3,1,6,1,40,7,1598,1,12,-1,1
2014950002276,2,9,0,18,0,0,0,0,0,0,3,1,6,1,45,7,1598,1,3,-1,1
2014950002276,3,9,0,18,0,0,0,0,0,0,3,1,6,1,43,7,1995,1,12,-1,1
2014950002281,1,9,0,4,0,1,0,0,0,0,1,1,6,1,22,5,-1,-1,-1,-1,1
2014950002281,2,9,0,4,0,1,0,0,0,0,2,1,6,2,43,7,1591,1,-1,-1,1
2014950002282,1,1,0,17,0,0,0,0,0,0,1,1,6,1,8,2,-1,-1,-1,-1,3
2014950002282,2,9,0,16,0,0,0,0,0,0,1,1,6,2,38,7,1560,2,-1,-1,2
2014950002294,1,11,0,3,2,1,0,0,0,0,0,1,1,1,59,9,7300,2,2,-1,3
2014950002297,1,9,0,18,0,0,0,0,0,0,1,1,6,1,39,7,-1,-1,-1,-1,-1
2014950002297,2,1,0,18,0,0,0,0,0,0,3,1,6,1,32,6,-1,-1,-1,-1,2
2014950002298,1,11,0,4,0,1,0,0,0,0,0,1,1,1,39,7,-1,-1,-1,-1,2
2014950002300,1,19,0,4,0,1,0,0,0,0,1,1,6,1,29,6,2198,2,-1,-1,1
2014950002300,2,9,0,4,0,1,0,0,0,0,2,1,6,2,45,7,1461,2,8,-1,-1
2014950002300,3,9,0,4,0,1,0,0,0,0,2,1,6,2,27,6,1796,1,5,-1,1
2014950002300,4,9,0,4,0,1,0,0,0,0,2,1,6,1,53,8,1598,1,9,-1,1
2014950002305,1,9,0,18,0,0,0,0,0,0,1,1,6,1,74,10,2435,1,18,-1,1
2014950002314,1,9,0,18,4,0,0,0,0,0,1,1,6,1,28,6,1339,1,4,-1,3
2014950002314,2,9,0,18,0,0,0,0,0,0,2,1,6,2,20,4,1248,2,4,-1,2
2014950002314,3,9,0,18,0,0,0,0,0,0,2,1,6,1,33,6,1896,2,12,-1,2
2014950002317,1,9,0,18,0,0,2,0,1,3,4,1,6,2,18,4,1368,1,3,-1,3
2014950002318,1,9,0,4,0,0,0,0,0,0,1,1,2,1,24,5,1390,1,5,-1,1
2014950002318,2,9,0,4,0,0,0,0,0,0,2,1,6,2,50,8,796,1,8,-1,2
2014950002318,3,9,0,4,0,0,0,0,0,0,2,1,6,1,40,7,-1,-1,-1,-1,-1
2014950002319,1,19,0,1,0,0,0,0,0,0,2,1,1,1,41,7,2143,2,1,-1,2
2014950002320,1,9,0,5,0,0,0,0,0,0,1,1,6,2,28,6,1149,1,8,-1,1
2014950002320,2,9,0,3,0,0,0,0,0,0,2,1,2,1,59,9,2720,2,9,-1,-1
2014950002320,3,9,0,3,0,0,0,0,0,0,2,1,6,2,26,6,1229,1,7,-1,2
2014950002327,1,11,0,4,2,1,0,0,0,0,0,1,1,3,51,8,-1,-1,-1,-1,1
2014950002328,1,9,0,9,0,0,0,0,0,0,1,1,3,2,34,6,1360,1,12,-1,1
2014950002328,2,9,0,18,0,0,0,0,1,4,1,1,1,1,53,8,1198,1,11,-1,1
2014950002329,1,9,0,17,0,8,0,0,0,0,1,1,6,1,24,5,1850,1,12,-1,1
2014950002329,2,9,0,5,0,3,0,0,0,0,2,1,1,1,47,8,1248,2,2,-1,1
2014950002330,1,9,0,9,0,5,0,0,0,0,3,1,6,1,65,9,3311,8,6,-1,1
2014950002335,1,9,0,18,0,1,0,0,0,0,1,1,6,1,83,11,1298,1,13,-1,1
2014950002335,2,9,0,4,0,1,0,0,0,0,2,1,6,1,26,6,2204,2,7,-1,1
2014950002338,1,9,0,18,0,8,0,0,0,0,1,1,6,1,66,10,1108,1,4,-1,3
2014950002338,2,9,0,18,0,1,5,0,0,0,3,1,6,2,23,5,989,1,10,-1,3
2014950002340,1,9,0,9,0,8,0,0,0,0,1,1,6,1,55,8,998,1,-1,-1,-1
2014950002340,2,19,0,18,0,1,0,0,0,11,1,1,6,1,35,6,1598,2,7,-1,1
2014950002341,1,9,0,11,0,1,0,0,0,0,4,1,6,2,46,8,1560,2,4,-1,1
2014950002341,2,4,0,18,0,1,0,0,0,0,1,1,2,1,56,9,-1,-1,-1,-1,2
2014950002348,1,9,0,18,0,4,0,0,0,0,4,1,1,1,53,8,1390,1,2,-1,1
2014950002348,2,9,0,5,0,4,0,0,0,0,1,1,6,1,23,5,-1,-1,-1,-1,1
2014950002348,3,9,0,3,0,1,0,0,0,0,3,1,6,1,48,8,2982,2,11,-1,1
2014950002348,4,9,0,8,0,1,0,0,0,0,3,1,2,1,55,8,1598,1,3,-1,1
2014950002352,1,19,0,11,0,0,0,0,0,0,1,1,1,1,47,8,1461,2,3,3,1
2014950002352,2,9,0,3,0,0,0,0,0,0,2,1,1,1,54,8,1798,1,7,-1,1
2014950002352,3,9,0,3,0,0,0,0,0,0,3,1,2,2,24,5,1299,1,9,-1,1
2014950002352,4,9,0,3,0,0,0,0,0,0,2,1,2,1,58,9,1328,1,1,-1,1
2014950002354,1,11,0,12,0,1,0,0,0,0,1,1,1,1,43,7,7300,2,7,-1,1
2014950002354,2,9,0,3,0,1,0,0,0,0,2,1,1,2,51,8,1560,2,5,-1,1
2014950002357,1,9,0,9,0,6,0,0,0,0,3,1,6,2,44,7,1596,1,12,-1,1
2014950002357,2,9,0,18,0,1,0,0,0,0,1,1,6,2,41,7,1900,2,9,-1,1
2014950002358,1,19,0,6,0,8,0,0,0,0,3,1,1,3,-1,-1,1753,2,5,-1,-1
2014950002358,2,19,0,12,0,8,0,0,0,0,1,1,1,1,44,7,2148,2,6,-1,3
2014950002359,1,19,0,18,0,8,0,0,0,0,1,1,6,1,36,7,2500,2,3,-1,1
2014950002359,2,9,0,18,0,8,0,0,0,0,4,1,6,1,41,7,1998,2,-1,-1,3
2014950002365,1,11,0,18,2,8,0,0,0,0,0,1,1,1,59,9,9360,2,6,-1,1
2014950002366,1,4,0,18,0,2,5,0,3,11,1,1,6,1,23,5,599,1,9,-1,1
2014950002366,2,9,0,18,0,1,0,0,0,0,1,1,6,1,27,6,2198,1,8,-1,1
2014950002367,1,9,0,13,0,1,0,0,1,0,1,1,6,1,68,10,1596,1,3,-1,2
2014950002367,2,90,5,9,0,1,0,0,0,0,2,1,1,1,52,8,-1,2,6,-1,3
2014950002367,3,11,0,4,0,1,0,0,0,0,0,1,1,2,22,5,9360,2,7,-1,3
2014950002369,1,19,0,17,0,4,0,0,0,0,1,1,1,2,50,8,1461,2,3,-1,-1
2014950002369,2,1,0,17,0,8,0,0,0,0,4,1,6,1,34,6,-1,-1,-1,-1,2
2014950002370,1,9,0,18,0,8,0,0,0,0,1,1,6,2,37,7,1242,1,5,-1,1
2014950002373,1,21,0,18,0,0,0,0,1,0,1,1,1,1,75,10,10518,2,9,-1,3
2014950002373,2,17,0,18,0,0,0,0,1,3,2,1,1,1,54,8,4525,2,1,-1,-1
2014950002377,1,9,0,18,0,0,0,0,0,0,1,1,6,1,67,10,1598,1,9,-1,1
2014950002378,1,19,0,9,0,8,0,0,0,0,3,1,1,1,31,6,2151,2,12,-1,3
2014950002378,2,9,0,16,0,8,0,0,0,0,1,1,6,2,27,6,-1,-1,-1,-1,3
2014950002387,1,3,0,8,0,1,0,0,0,0,1,1,6,1,28,6,124,1,6,-1,2
2014950002387,2,9,0,8,0,1,0,0,0,0,2,1,6,3,-1,-1,-1,-1,-1,-1,-1
2014950002390,1,11,0,18,0,1,0,0,0,0,0,1,1,1,55,8,8300,2,12,-1,1
2014950002391,1,9,0,18,0,0,0,0,0,0,0,1,6,3,-1,-1,-1,-1,-1,-1,-1
2014950002391,2,11,0,18,0,0,0,0,0,0,0,1,1,1,55,8,7300,2,8,-1,-1
2014950002392,1,9,0,9,0,8,0,0,0,0,4,1,6,2,36,7,1998,1,13,-1,1
2014950002392,2,1,0,18,0,8,0,0,0,0,1,1,6,1,56,9,-1,-1,-1,-1,-1
2014950002394,1,9,0,18,0,0,0,0,0,0,1,1,6,1,54,8,1686,2,3,-1,-1
2014950002394,2,9,0,18,0,0,0,0,0,0,2,1,6,2,29,6,-1,-1,-1,-1,3
2014950002407,1,9,0,17,0,2,0,4,0,0,1,1,6,1,62,9,1596,1,4,-1,2
2014950002407,2,9,0,2,0,2,0,0,0,0,2,1,6,3,-1,-1,1349,1,16,-1,-1
2014950002407,3,9,0,2,0,2,0,0,0,0,2,1,6,3,-1,-1,1198,1,2,-1,-1
2014950002411,1,4,0,13,0,1,0,0,0,0,1,1,6,1,18,4,599,1,16,-1,1
2014950002411,2,9,0,9,0,1,0,0,0,0,1,1,6,2,23,5,899,1,-1,-1,2
2014950002412,1,9,0,11,0,1,0,0,0,0,1,1,6,2,52,8,1461,2,2,-1,3
2014950002412,2,9,0,18,0,1,0,0,0,0,3,1,6,2,54,8,1149,1,12,-1,1
2014950002413,1,9,0,16,0,0,1,0,7,10,3,1,2,1,18,4,1299,1,12,-1,2
2014950002424,1,4,0,18,0,1,1,0,0,0,0,1,6,1,71,10,400,1,2,-1,2
2014950002428,1,11,0,3,0,0,0,0,0,0,0,1,1,1,52,8,9360,2,5,-1,2
2014950002430,1,9,0,16,0,0,1,0,2,11,1,1,6,1,19,4,1596,1,13,-1,1
2014950002432,1,9,0,4,0,1,0,0,0,0,1,1,6,2,46,8,1910,2,8,-1,3
2014950002432,2,9,0,8,0,1,0,0,0,0,2,1,6,1,51,8,2000,2,2,-1,-1
2014950002436,1,9,0,16,0,2,0,0,0,0,3,1,6,1,26,6,1360,1,13,-1,1
2014950002436,2,9,0,17,0,1,0,0,0,0,1,1,6,1,66,10,1956,2,1,-1,1
2014950002439,1,9,0,4,0,0,0,0,0,0,1,1,6,1,25,5,1995,1,4,-1,1
2014950002439,2,9,0,4,0,0,0,0,0,0,2,1,6,2,55,8,1560,2,3,-1,2
2014950002442,1,9,0,17,0,0,0,0,1,11,1,1,6,2,55,8,1598,1,18,-1,2
2014950002445,1,19,0,18,0,8,0,0,0,0,1,1,1,1,35,6,-1,-1,-1,-1,1
2014950002445,2,9,0,18,0,8,0,0,0,0,1,1,6,2,55,8,1198,1,6,-1,1
2014950002446,1,9,0,18,0,1,0,0,0,0,1,1,6,2,44,7,1598,2,1,-1,1
2014950002446,2,8,0,3,0,1,0,0,0,0,2,1,6,1,53,8,2499,2,1,-1,1
2014950002449,1,9,0,17,0,0,0,0,7,10,1,1,6,2,19,4,1199,1,11,-1,1
2014950002451,1,9,0,18,0,0,0,0,1,0,1,1,6,1,19,4,1799,1,6,-1,1
2014950002456,1,9,0,7,0,1,0,0,0,0,1,1,6,1,62,9,1997,2,5,-1,3
2014950002456,2,9,0,11,0,1,0,0,0,0,1,1,6,2,20,4,1600,1,14,-1,1
2014950002460,1,9,0,6,0,8,0,0,0,0,4,1,6,1,52,8,1968,2,1,-1,1
2014950002460,2,3,0,18,0,1,0,0,0,0,1,1,6,1,31,6,125,1,10,-1,1
2014950002461,1,11,0,2,0,0,0,0,0,0,0,1,6,1,39,7,7300,2,10,-1,1
2014950002463,1,9,0,4,0,0,0,0,0,0,1,1,6,1,32,6,1390,1,16,-1,1
2014950002463,2,9,0,2,0,0,0,0,0,0,2,1,6,1,43,7,1995,2,1,-1,2
2014950002463,3,19,0,2,0,0,0,0,0,0,2,1,1,1,28,6,2198,2,4,-1,1
2014950002464,1,9,0,5,0,1,0,0,0,0,2,1,6,1,-1,-1,1896,2,4,-1,1
2014950002465,1,9,0,1,0,0,0,10,0,0,2,1,6,1,66,10,1995,2,2,-1,1
2014950002467,1,9,0,18,0,7,0,0,1,9,2,1,6,2,63,9,1560,2,2,-1,3
2014950002467,2,21,0,18,0,8,0,0,0,0,1,1,1,1,55,8,12900,2,3,-1,2
2014950002470,1,9,0,18,0,0,0,0,0,0,4,1,6,1,72,10,2996,2,16,-1,2
2014950002472,1,20,0,18,0,0,0,0,0,0,1,1,6,1,50,8,-1,-1,-1,-1,-1
2014950002472,2,9,0,18,0,0,0,0,0,0,2,1,6,2,49,8,998,1,1,-1,1
2014950002473,1,9,0,18,0,0,5,0,7,11,1,1,6,2,61,9,1339,1,11,-1,3
2014950002475,1,9,0,9,0,0,0,0,0,0,1,1,6,1,45,7,1896,2,6,-1,2