Accident_Index,Vehicle_Reference,Vehicle_Type,Towing_and_Articulation,Vehicle_Manoeuvre,Vehicle_Location-Restricted_Lane,Junction_Location,Skidding_and_Overturning,Hit_Object_in_Carriageway,Vehicle_Leaving_Carriageway,Hit_Object_off_Carriageway,1st_Point_of_Impact,Was_Vehicle_Left_Hand_Drive?,Journey_Purpose_of_Driver,Sex_of_Driver,Age_of_Driver,Age_Band_of_Driver,Engine_Capacity_(CC),Propulsion_Code,Age_of_Vehicle,Driver_IMD_Decile,Driver_Home_Area_Type
2014950002475,2,9,0,18,0,0,0,0,1,7,1,1,2,1,35,6,1560,2,5,-1,3
2014950002481,1,9,0,9,0,1,0,0,0,0,1,1,2,1,50,8,1248,2,2,-1,1
2014950002481,2,9,0,18,0,1,5,0,0,0,3,1,6,2,48,8,1299,1,6,-1,1
2014950002484,1,9,0,6,0,1,0,0,0,0,1,1,6,1,42,7,998,1,11,-1,1
2014950002484,2,3,0,18,0,1,0,0,0,0,4,1,6,1,51,8,299,1,1,-1,1
2014950002494,1,4,0,18,0,0,0,0,1,0,1,1,6,2,47,8,883,1,4,-1,1
2014950002499,1,9,0,17,0,0,1,0,1,0,4,1,6,1,19,4,1212,1,12,-1,1
2014950002500,1,9,0,9,0,6,0,0,0,0,1,1,6,2,25,5,-1,-1,-1,-1,1
2014950002500,2,9,0,18,0,8,0,0,0,0,1,1,6,2,35,6,2993,2,10,-1,1
2014950002506,1,11,0,5,0,0,0,0,0,0,0,1,1,1,24,5,7300,2,1,-1,3
2014950002511,1,1,0,18,0,0,0,0,0,0,1,1,2,1,38,7,-1,-1,-1,-1,1
2014950002512,1,9,0,18,0,0,2,0,1,4,1,1,6,1,27,6,1988,1,14,-1,1
2014950002513,1,1,0,18,0,0,0,0,0,0,0,1,6,3,-1,-1,-1,-1,-1,-1,-1
2014950002513,2,9,0,18,0,0,0,6,1,11,1,1,6,1,54,8,1796,1,12,-1,1
2014950002515,1,9,0,17,0,0,0,0,0,0,1,2,2,1,23,5,-1,-1,-1,-1,3
2014950002515,2,9,0,16,0,0,0,0,0,0,1,1,6,1,23,5,1850,1,14,-1,2
2014950002517,1,9,0,3,0,1,0,0,0,0,1,1,6,2,28,6,1360,1,5,-1,1
2014950002521,1,11,0,2,0,0,0,0,0,0,0,1,1,1,42,7,9360,2,3,-1,1
2014950002524,1,9,0,7,0,8,2,0,2,10,1,1,6,1,22,5,1242,1,11,-1,3
2014950002526,1,9,0,5,0,8,0,0,0,0,1,1,6,1,46,8,1986,2,8,-1,2
2014950002526,2,9,0,5,0,8,0,0,0,0,2,1,6,1,50,8,1461,2,1,-1,1
2014950002528,1,1,0,18,0,1,0,0,0,0,1,1,6,1,25,5,-1,-1,-1,-1,-1
2014950002528,2,9,0,3,0,2,0,0,0,0,4,1,6,1,45,7,1591,1,4,-1,1
2014950002531,1,9,0,10,0,1,1,0,0,0,2,1,2,2,34,6,1086,1,5,-1,1
2014950002531,2,9,0,18,0,1,0,0,0,0,1,1,2,1,32,6,1990,1,18,-1,1
2014950002537,1,9,0,18,0,0,5,0,1,11,1,1,2,1,29,6,1598,1,11,-1,2
2014950002542,1,19,0,6,0,0,0,0,0,0,3,1,6,1,28,6,1998,2,12,-1,1
2014950002542,2,9,0,18,0,0,0,0,0,0,1,1,6,2,31,6,1242,1,4,-1,1
2014950002544,1,9,0,18,0,1,0,0,0,0,1,1,1,1,34,6,1896,2,8,-1,1
2014950002545,1,9,0,9,0,8,0,0,0,0,1,1,6,1,31,6,1997,2,4,-1,1
2014950002545,2,4,0,18,0,8,0,0,0,0,3,1,2,1,28,6,600,1,1,-1,1
2014950002547,1,19,0,18,0,0,0,0,0,0,1,1,1,1,45,7,1968,2,2,-1,-1
2014950002547,2,9,0,3,0,0,0,0,0,0,2,1,6,2,43,7,1598,1,6,-1,1
2014950002548,1,11,0,4,0,1,0,0,0,0,0,1,1,1,43,7,8268,2,13,-1,-1
2014950002549,1,9,0,18,0,1,0,0,0,0,1,1,6,1,29,6,1896,2,8,-1,1
2014950002549,2,9,0,4,0,1,0,0,0,0,2,1,2,1,25,5,1248,2,10,-1,-1
2014950002549,3,19,0,4,0,1,0,0,0,0,2,1,1,1,23,5,2198,2,2,-1,1
2014950002550,1,19,0,18,0,0,0,0,0,0,1,1,6,1,34,6,1686,2,3,-1,1
2014950002550,2,9,0,18,0,0,0,0,0,0,2,1,6,1,48,8,1995,2,11,-1,1
2014950002551,1,9,0,16,0,0,5,0,1,0,4,1,6,2,24,5,1598,1,4,3,2
2014950002552,1,9,0,18,0,0,0,0,0,0,0,1,1,1,58,9,2497,2,4,-1,1
2014950002553,1,11,0,18,0,1,0,0,0,0,0,1,1,1,50,8,9360,2,5,-1,1
2014950002561,1,4,0,17,0,0,0,0,0,0,1,1,6,1,30,6,450,1,11,-1,3
2014950002581,1,9,0,9,0,1,0,0,0,0,1,1,2,2,60,9,1398,1,3,-1,3
2014950002583,1,9,0,18,9,0,0,0,1,2,1,1,6,2,36,7,1587,1,13,-1,3
2014950002586,1,9,0,18,0,1,0,0,0,0,1,1,6,1,51,8,1560,2,3,-1,1
2014950002586,2,4,0,18,0,1,0,0,0,0,2,1,6,1,51,8,1170,1,9,-1,3
2014950002587,1,9,0,18,0,1,0,0,0,0,1,1,6,1,17,4,1388,1,10,-1,1
2014950002587,2,9,0,18,0,8,0,0,6,10,4,1,2,1,36,7,1968,2,9,-1,2
2014950002589,1,9,0,3,0,1,0,0,0,0,1,1,6,2,54,8,1240,1,9,-1,1
2014950002589,2,9,0,3,0,1,0,0,0,0,2,1,1,1,28,6,1896,2,7,-1,1
2014950002589,3,11,0,3,0,1,0,0,0,0,2,1,1,1,48,8,9360,2,6,-1,1
2014950002591,1,90,0,15,0,1,0,0,1,0,0,1,6,3,-1,-1,-1,-1,-1,-1,-1
2014950002591,2,1,0,18,3,1,0,0,1,10,1,1,6,2,51,8,-1,-1,-1,-1,1
2014950002594,1,9,0,18,0,1,0,0,0,0,1,1,6,1,69,10,1339,1,5,-1,1
2014950002599,1,9,0,18,0,1,0,0,0,0,1,1,6,2,32,6,1242,1,10,-1,3
2014950002599,2,9,0,3,0,1,0,0,0,0,2,1,6,1,58,9,-1,-1,-1,-1,3
2014950002600,1,9,0,14,0,0,0,0,0,0,3,1,6,2,39,7,1598,1,1,-1,1
2014950002600,2,3,0,14,0,0,0,0,0,0,4,1,6,1,67,10,599,1,3,-1,1
2014950002604,1,9,0,13,0,1,0,0,0,0,0,1,6,1,-1,-1,1956,2,4,-1,1
2014950002604,2,11,0,18,0,1,0,0,0,0,0,1,6,1,29,6,9360,2,7,-1,1
2014950002615,1,9,0,18,0,0,0,0,0,0,1,1,6,2,59,9,1598,1,2,-1,3
2014950002615,2,9,0,9,0,0,0,0,0,0,2,1,6,1,21,5,-1,-1,-1,-1,1
2014950002616,1,9,0,6,0,8,0,0,0,0,1,1,2,1,55,8,1596,1,10,-1,1
2014950002616,2,4,0,18,9,8,0,0,6,0,1,1,6,1,42,7,599,1,3,-1,3
2014950002617,1,9,0,18,0,1,0,0,0,0,1,1,6,1,64,9,1598,2,2,-1,-1
2014950002617,2,9,0,3,0,1,0,0,0,0,2,1,2,2,48,8,1197,1,2,-1,1
2014950002620,1,8,0,3,0,0,0,0,0,0,0,1,6,3,-1,-1,-1,-1,-1,-1,-1
2014950002622,1,9,0,7,0,4,0,0,0,0,1,1,6,3,-1,-1,-1,-1,-1,-1,-1
2014950002622,2,1,0,18,0,8,0,0,0,0,4,1,6,1,57,9,-1,-1,-1,-1,1
2014950002625,1,19,5,5,0,0,0,0,0,0,0,1,6,1,40,7,2500,2,6,-1,3
2014950002631,1,19,0,4,0,0,0,0,0,0,0,1,1,1,-1,-1,2143,2,3,-1,-1
2014950002634,1,9,0,6,0,0,0,0,0,0,3,1,6,1,43,7,1598,1,5,-1,1
2014950002634,2,1,0,18,0,0,0,0,0,0,1,1,6,1,58,9,-1,-1,-1,-1,1
2014950002640,1,9,0,9,0,8,0,0,0,0,3,1,6,1,36,7,1896,2,11,-1,1
2014950002640,2,1,0,18,0,8,0,0,0,0,1,1,2,1,45,7,-1,-1,-1,-1,1
2014950002643,1,9,0,4,0,0,0,0,0,0,2,1,6,2,56,9,1798,1,8,-1,2
2014950002643,2,1,0,18,0,0,0,0,0,0,1,1,6,1,28,6,-1,-1,-1,-1,1
2014950002644,1,9,0,12,0,0,0,0,0,0,3,1,2,1,26,6,1248,2,7,-1,2
2014950002644,2,4,0,13,0,0,0,0,0,0,4,1,6,1,46,8,953,1,11,-1,2
2014950002645,1,9,0,18,0,0,0,0,0,0,4,1,6,2,50,8,-1,-1,-1,-1,1
2014950002649,1,9,0,17,0,0,0,0,2,0,0,1,6,1,17,4,1248,2,10,-1,2
2014950002651,1,19,0,1,0,1,0,0,0,0,2,1,6,3,-1,-1,-1,-1,-1,-1,-1
2014950002652,1,9,0,18,0,0,0,0,0,0,4,1,6,2,75,10,1199,1,12,-1,3
2014950002655,1,1,0,16,0,1,0,0,0,0,1,1,6,3,36,7,-1,-1,-1,-1,-1
2014950002656,1,9,0,18,0,2,0,0,0,0,4,1,6,2,39,7,1364,1,9,-1,1
2014950002657,1,9,0,18,0,0,0,0,0,0,1,1,2,1,33,6,1590,1,11,-1,1
2014950002658,1,9,0,9,0,8,0,0,0,0,4,1,2,2,52,8,1968,2,4,-1,1
2014950002658,2,1,0,9,0,8,0,0,0,0,1,1,2,2,28,6,-1,-1,-1,-1,1
2014950002663,1,9,0,5,0,6,0,0,0,0,1,1,6,3,-1,-1,-1,-1,-1,-1,-1
2014950002663,2,1,0,18,0,8,0,0,0,0,4,1,6,2,45,7,-1,-1,-1,-1,1
2014950002666,1,9,0,11,0,0,0,0,0,0,3,1,6,1,56,9,1995,2,1,-1,1
2014950002666,2,9,0,18,0,0,0,0,0,0,4,1,6,1,32,6,1896,2,9,-1,3
2014950002675,1,4,0,16,0,0,0,0,0,0,1,1,2,1,43,7,599,1,9,-1,3
2014950002675,2,11,0,18,0,0,0,0,0,0,1,1,1,1,61,9,6700,2,1,-1,3
2014950002676,1,21,0,10,0,5,0,0,0,0,3,1,2,1,73,10,-1,-1,-1,-1,1
2014950002676,2,9,0,18,0,1,0,0,0,0,4,1,6,1,55,8,1997,2,2,-1,1
2014950002677,1,9,0,7,0,8,0,0,0,0,3,1,6,1,-1,-1,1598,1,4,-1,1
2014950002677,2,1,0,18,0,8,0,0,0,0,1,1,6,1,33,6,-1,-1,-1,-1,1
2014950002678,1,9,0,5,0,0,0,4,0,0,3,1,6,2,44,7,1796,1,11,-1,1
2014950002678,2,9,0,2,0,0,0,0,0,0,1,1,6,3,-1,-1,1242,1,7,-1,-1
2014950002679,1,9,0,5,0,8,0,0,0,0,1,1,6,2,79,11,1086,1,3,-1,3
2014950002679,2,1,0,18,0,8,0,0,0,0,3,1,6,1,46,8,-1,-1,-1,-1,1
2014950002680,1,9,0,4,0,1,0,0,0,0,1,1,6,1,20,4,1086,1,8,-1,1
2014950002680,2,9,0,3,0,1,0,0,0,0,2,1,6,1,52,8,-1,-1,-1,-1,1
2014950002680,3,8,0,3,0,1,0,0,0,0,2,1,1,1,56,9,2143,2,-1,-1,1
2014950002689,1,9,0,18,0,0,0,0,0,0,1,1,6,2,40,7,1896,2,12,-1,3
2014950002689,2,9,0,18,0,0,5,0,0,0,2,1,2,2,34,6,1198,1,7,-1,3
2014950002691,1,9,0,5,0,1,0,0,0,0,1,1,6,3,-1,-1,-1,-1,-1,-1,-1
2014950002700,1,9,0,14,0,0,0,4,0,0,4,1,6,1,23,5,1398,1,2,-1,1
2014950002700,2,9,0,2,0,0,0,0,0,0,4,1,6,3,-1,-1,1461,2,4,-1,-1
2014950002703,1,9,0,15,0,0,0,0,0,0,2,1,6,1,27,6,1598,1,8,-1,2
2014950002703,2,1,0,18,0,0,0,0,0,0,1,1,6,1,65,9,-1,-1,-1,-1,1
2014950002703,3,1,0,18,0,0,0,0,1,0,0,1,6,2,41,7,-1,-1,-1,-1,3
2014950002704,1,9,0,14,0,1,0,0,0,0,1,1,6,1,73,10,1198,1,5,-1,1
2014950002704,2,1,0,3,0,8,0,0,0,0,0,1,6,1,38,7,-1,-1,-1,-1,1
2014950002705,1,19,0,18,0,1,0,0,0,0,1,1,1,1,51,8,1560,2,7,-1,1
2014950002705,2,9,0,3,0,1,0,0,0,0,2,1,6,2,40,7,1461,2,8,-1,1
2014950002717,1,9,0,18,0,0,0,0,0,0,1,1,6,1,82,11,1586,1,8,-1,1
2014950002717,2,9,0,3,0,0,0,0,0,0,2,1,6,1,45,7,1560,2,1,-1,3
2014950002717,3,9,0,4,0,0,0,0,0,0,2,1,6,2,25,5,1242,1,4,-1,1
2014950002723,1,11,0,4,0,0,0,0,0,0,0,1,1,1,31,6,9360,2,3,-1,1
2014950002724,1,9,0,18,0,1,0,0,0,0,1,1,6,2,63,9,1598,1,13,-1,1
2014950002724,2,9,0,18,0,1,0,0,0,0,2,1,6,2,37,7,1242,1,7,-1,1
2014950002726,1,9,0,5,0,0,0,0,0,0,0,1,6,1,54,8,-1,-1,-1,-1,2
2014950002737,1,9,0,1,0,8,0,0,0,0,2,1,6,1,78,11,-1,-1,-1,-1,1
2014950002737,2,11,0,3,0,2,0,0,0,0,3,1,1,1,49,8,9360,2,4,-1,1
2014950002743,1,11,0,18,0,1,0,0,0,0,3,1,6,1,62,9,-1,-1,-1,-1,3
2014950002743,2,9,0,18,0,1,0,0,0,0,4,1,6,1,34,6,3498,1,10,-1,1
2014950002747,1,9,0,5,0,8,0,0,0,0,1,1,6,2,52,8,1497,1,9,-1,1
2014950002747,2,9,0,18,0,8,0,0,0,0,3,1,6,1,55,8,1840,1,14,-1,1
2014950002754,1,9,0,6,0,0,0,0,0,0,1,1,6,3,-1,-1,-1,-1,-1,-1,-1
2014950002754,2,1,0,5,0,0,0,0,0,0,1,1,6,1,50,8,-1,-1,-1,-1,1
2014950002767,1,9,0,14,0,0,0,0,0,0,1,1,6,1,27,6,1149,1,10,-1,1
2014950002769,1,21,0,18,0,1,0,0,0,0,1,1,1,1,33,6,12740,2,3,-1,1
2014950002769,2,90,0,8,0,1,0,0,0,0,2,1,1,2,44,7,2464,2,6,-1,2
2014950002770,1,9,0,18,0,8,0,7,0,0,4,1,6,1,18,4,1229,1,8,-1,1
2014950002770,2,9,0,18,0,1,0,0,0,0,1,1,6,2,40,7,1781,1,11,-1,1
2014950002777,1,9,0,9,0,7,0,0,0,0,1,1,6,2,47,8,1596,1,3,-1,1
2014950002777,2,9,0,18,0,8,0,0,0,0,1,1,6,2,37,7,1360,1,2,-1,2
2014950002779,1,9,0,9,0,1,0,0,0,0,4,1,2,2,66,10,1598,1,4,-1,1
2014950002779,2,4,0,16,0,8,0,0,0,0,1,1,6,1,43,7,599,1,5,-1,3
2014950002790,1,19,0,1,0,0,0,0,0,0,2,1,1,1,49,8,2488,2,3,-1,3
2014950002791,1,11,0,4,0,0,0,0,0,0,1,1,1,1,45,7,4250,2,10,-1,3
2014950002796,1,11,0,18,0,1,0,0,0,0,0,1,1,1,48,8,4250,2,3,4,1
2014950002801,1,9,0,18,0,1,0,0,0,0,1,1,6,2,28,6,1341,1,10,-1,1
2014950002801,2,9,0,18,0,1,0,0,0,0,2,1,6,3,-1,-1,1896,2,5,-1,-1
2014950002802,1,9,0,18,0,0,0,0,0,0,4,1,6,1,53,8,998,1,2,-1,1
2014950002807,1,9,0,18,0,0,0,0,0,0,1,1,6,1,38,7,2494,1,12,-1,1
2014950002807,2,9,0,18,0,0,0,0,0,0,2,1,6,2,61,9,-1,-1,-1,-1,1
2014950002808,1,9,0,9,0,1,0,0,0,0,4,1,6,1,22,5,1328,1,8,-1,1
2014950002808,2,1,0,18,0,1,0,0,0,0,1,1,6,2,41,7,-1,-1,-1,-1,1
2014950002814,1,19,0,18,0,8,0,0,0,0,1,1,1,1,25,5,2500,2,7,-1,1
2014950002814,2,9,0,18,0,8,0,0,0,0,2,1,6,2,47,8,1399,1,5,-1,1
2014950002816,1,3,0,18,0,0,1,12,1,0,1,1,2,1,26,6,125,1,1,-1,-1
2014950002821,1,19,0,1,0,0,0,0,0,0,2,1,1,1,25,5,2298,2,1,-1,1
2014950002822,1,9,0,1,0,1,0,0,0,0,2,1,6,1,18,4,-1,-1,-1,-1,3
2014950002822,2,9,0,4,0,1,0,0,0,0,1,1,6,2,29,6,1086,1,5,-1,2
2014950002823,1,9,0,18,0,0,0,0,0,0,1,1,6,3,50,8,-1,-1,-1,-1,-1
2014950002824,1,9,0,1,0,0,0,0,0,0,2,1,6,2,53,8,2143,2,1,-1,-1
2014950002825,1,8,0,18,0,0,0,0,0,0,1,1,1,1,44,7,-1,-1,-1,-1,3
2014950002825,2,9,0,18,0,0,0,0,0,0,1,1,1,1,47,8,1497,8,10,-1,1
2014950002826,1,19,0,18,0,3,0,0,0,0,1,1,6,3,-1,-1,-1,-1,-1,-1,-1
2014950002827,1,1,0,4,0,8,0,0,0,0,1,1,6,1,31,6,-1,-1,-1,-1,1
2014950002827,2,9,0,7,0,8,0,0,0,0,2,1,6,1,36,7,2976,1,12,-1,1
2014950002828,1,9,0,18,0,0,0,0,0,0,1,1,6,2,42,7,1108,1,6,-1,1
2014950002828,2,20,0,3,0,0,0,0,0,0,2,1,1,1,38,7,-1,-1,-1,-1,3
2014950002829,1,9,0,9,0,8,0,0,0,0,1,1,6,3,-1,-1,1598,2,4,-1,-1
2014950002829,2,1,0,18,0,1,0,0,0,0,1,1,6,1,68,10,-1,-1,-1,-1,1
2014950002830,1,9,0,16,0,0,5,0,1,4,1,1,6,1,18,4,1800,1,15,-1,1
2014950002831,1,9,0,5,0,1,0,0,0,0,1,1,6,1,32,6,-1,-1,-1,-1,2
2014950002832,1,9,0,9,0,2,0,0,0,0,1,1,1,1,20,4,1198,1,3,-1,1
2014950002832,2,4,0,9,0,1,0,0,0,0,1,1,2,1,56,9,998,1,6,-1,1
2014950002833,1,9,0,9,0,8,0,10,2,0,1,1,6,2,23,5,1896,2,5,-1,2
2014950002833,2,9,0,18,0,1,0,0,0,0,1,1,6,1,65,9,-1,-1,-1,-1,1
2014950002834,1,3,0,17,0,0,0,0,1,0,1,1,6,1,25,5,124,1,7,-1,3
2014950002835,1,9,0,18,0,0,0,0,0,0,1,1,6,1,36,7,1994,1,11,-1,1
2014950002835,2,1,0,18,0,0,0,0,0,0,2,1,6,1,14,3,-1,-1,-1,-1,1
2014950002836,1,9,0,4,0,1,0,0,0,0,1,1,6,1,76,11,1598,1,11,-1,1
2014950002836,2,9,0,3,0,1,0,0,0,0,2,1,6,1,51,8,-1,-1,-1,-1,3
2014950002837,1,9,0,18,0,1,0,0,0,0,1,1,6,1,22,5,1997,1,9,-1,1
2014950002843,1,9,0,9,0,8,0,0,0,0,4,1,1,1,62,9,1997,2,2,-1,1
2014950002843,2,1,0,18,0,8,0,0,0,0,1,1,2,1,50,8,-1,-1,-1,-1,1
2014950002848,1,9,0,5,0,0,0,0,0,0,1,1,6,3,-1,-1,-1,-1,-1,-1,-1
2014950002849,1,9,0,18,0,1,0,0,0,0,1,1,2,1,47,8,1398,2,8,-1,3
2014950002850,1,11,0,18,0,1,0,0,0,0,0,1,1,1,57,9,4500,2,3,-1,1
2014950002887,1,9,0,17,0,0,2,0,1,10,2,1,6,2,21,5,1360,1,8,-1,2
2014950002888,1,9,0,18,0,1,0,0,0,0,4,1,6,2,61,9,1360,1,2,-1,1
2014950002889,1,9,0,4,0,1,0,0,0,0,1,1,6,1,49,8,1240,1,8,-1,1
2014950002889,2,9,0,3,0,1,0,0,0,0,2,1,1,1,51,8,1598,2,1,-1,1
2014950002890,1,3,0,17,0,0,0,0,1,0,3,1,6,1,44,7,123,1,29,-1,1
2014950002891,1,4,0,18,0,0,0,0,7,10,4,1,6,1,48,8,1340,1,5,1,1
2014950002891,2,19,0,18,0,0,0,0,1,0,3,1,6,1,56,9,1998,2,11,-1,2
2014950002892,1,9,0,16,0,0,1,0,0,0,1,1,2,1,30,6,1596,1,13,-1,1
2014950002892,2,9,0,17,0,0,0,0,0,0,1,1,2,2,53,8,1998,1,9,-1,1
2014950002893,1,90,0,15,0,7,0,0,0,0,0,1,6,3,-1,-1,-1,-1,-1,-1,-1
2014950002893,2,11,0,18,0,1,0,0,0,0,0,1,1,1,50,8,7300,2,4,5,3
2014950002894,1,1,0,18,0,1,0,0,0,0,1,1,6,1,15,3,-1,-1,-1,-1,-1
2014950002894,2,9,0,18,0,1,0,0,0,0,4,1,6,2,51,8,1061,1,9,-1,2
2014950002926,1,19,0,12,0,0,0,0,0,0,4,1,6,2,45,7,1248,2,7,-1,1
2014950002927,1,9,0,18,0,2,0,0,0,0,1,1,6,1,26,6,2457,1,8,-1,3
2014950002927,2,9,0,4,0,2,0,0,0,0,2,1,6,1,37,7,1248,1,4,-1,1
2014950002927,3,9,0,4,0,2,0,0,0,0,2,1,6,1,26,6,1896,2,14,-1,1
2014950002934,1,3,0,18,0,8,0,0,0,0,0,1,6,1,21,5,124,1,7,-1,3
2014950002944,1,9,0,6,0,8,0,0,0,0,3,1,3,2,36,7,1988,1,12,-1,1
2014950002944,2,9,0,18,0,8,0,0,0,0,1,1,2,2,47,8,1991,2,6,-1,1
2014950002945,1,90,0,18,0,0,0,0,0,0,1,1,2,1,37,7,-1,-1,-1,-1,1
2014950002945,2,9,0,4,0,0,0,0,0,0,2,1,6,1,52,8,1360,1,13,-1,1
2014950002957,1,9,0,18,0,2,0,0,0,0,1,1,6,2,44,7,1560,2,2,-1,1
2014950002957,2,9,0,4,0,2,0,0,0,0,2,1,4,2,38,7,1242,1,5,-1,1
2014950002960,1,19,0,12,0,2,0,0,0,0,3,1,6,1,32,6,2198,2,1,-1,1
2014950002960,2,9,0,15,0,2,0,0,0,0,4,2,6,2,42,7,-1,-1,-1,-1,1
2014950002962,1,9,0,4,0,4,0,0,0,0,1,1,6,1,65,9,2000,2,9,-1,1
2014950002962,2,8,0,4,0,4,0,0,0,0,2,1,6,1,51,8,2499,2,5,-1,1
2014950002968,1,21,0,12,0,0,0,0,0,0,0,1,1,1,63,9,10308,2,8,-1,2
2014950002968,2,9,0,18,0,0,0,0,4,6,3,1,6,1,56,9,1968,2,5,-1,1
2014950002975,1,9,0,9,0,8,0,0,0,0,4,1,2,2,56,9,2148,2,12,-1,2
2014950002975,2,3,0,18,0,1,0,0,0,0,1,1,6,1,60,9,125,1,6,-1,2
2014950002977,1,9,0,9,0,8,0,0,0,0,1,1,2,2,54,8,-1,-1,-1,-1,1
2014950002977,2,9,0,18,0,1,0,0,7,0,4,1,2,1,27,6,1390,1,16,-1,1
2014950002978,1,9,0,1,0,0,0,0,0,0,2,1,6,1,61,9,1197,1,3,-1,1
2014950002984,1,9,0,9,0,8,0,0,0,0,1,1,6,1,79,11,796,1,4,-1,1
2014950002984,2,9,0,18,0,1,0,0,0,0,1,1,6,2,28,6,1398,1,7,-1,1
2014950002985,1,9,0,3,0,0,0,0,0,0,3,1,2,1,43,7,1796,1,4,-1,1
2014950002985,2,1,0,18,4,0,0,8,0,0,1,1,6,2,36,7,-1,-1,-1,-1,1
2014950002986,1,9,0,17,0,0,0,0,1,2,1,1,6,1,30,6,1299,1,11,-1,1
2014950002987,1,9,0,18,0,1,0,0,0,0,1,1,6,3,-1,-1,1240,1,9,-1,-1
2014950002988,1,9,0,5,0,8,0,0,0,0,0,1,6,2,-1,-1,1240,1,8,-1,2
2014950002988,2,11,0,18,0,8,0,0,0,0,0,1,1,1,63,9,7300,2,12,-1,3
2014950002989,1,9,0,7,0,6,0,0,0,0,3,1,6,1,20,4,1390,1,4,-1,1
2014950002989,2,1,0,18,4,1,0,0,0,0,1,1,6,1,63,9,-1,-1,-1,-1,3
2014950002994,1,11,0,18,2,0,0,0,0,0,0,1,1,1,34,6,4500,2,3,-1,2
2014950002999,1,11,0,5,0,0,0,0,0,0,0,1,1,1,61,9,7300,2,1,-1,1
2014950003007,1,9,0,9,0,8,0,0,0,0,4,1,6,1,29,6,1198,1,11,-1,1
2014950003007,2,9,0,18,0,1,1,0,0,11,1,1,2,2,26,6,1896,2,13,-1,1
2014950003007,3,19,0,18,0,8,0,0,0,0,1,1,2,1,27,6,2463,2,9,-1,1
2014950003009,1,9,0,18,0,8,0,0,1,7,1,1,6,1,27,6,1390,1,5,-1,1
2014950003013,1,4,0,17,0,0,0,0,1,10,4,1,6,1,48,8,1157,1,9,4,1
2014950003026,1,4,0,18,0,0,2,0,0,0,4,1,6,2,59,9,798,1,4,-1,3
2014950003027,1,9,0,18,0,1,0,0,0,0,1,1,6,1,17,4,1388,1,11,-1,3
2014950003027,2,9,0,9,0,2,0,0,0,0,1,1,6,1,22,5,2198,1,11,-1,1
2014950003028,1,3,0,13,0,0,0,0,0,0,1,1,6,1,17,4,124,1,11,-1,1
2014950003028,2,9,0,6,0,0,0,0,0,0,2,1,6,1,21,5,1248,2,10,-1,1
2014950003029,1,9,0,7,0,0,0,0,0,0,3,1,2,2,57,9,1590,1,9,-1,1
2014950003029,2,1,0,18,0,0,0,0,0,0,1,1,2,1,41,7,-1,-1,-1,-1,1
2014950003045,1,19,0,18,0,1,0,0,0,0,1,1,6,1,41,7,2198,2,2,-1,1
2014950003045,2,9,0,7,0,1,0,0,0,0,2,1,6,2,66,10,1242,1,3,-1,2
2014950003046,1,3,0,18,0,2,0,0,0,0,1,1,6,1,15,3,125,1,1,-1,1
2014950003046,2,9,0,18,0,8,0,0,0,0,4,1,2,2,28,6,1598,2,1,-1,3
2014950003050,1,9,0,18,0,7,0,0,0,0,1,1,2,2,37,7,1298,1,11,-1,3
2014950003050,2,9,0,3,0,7,0,0,0,0,2,1,2,2,60,9,1586,1,-1,-1,2
2014950003051,1,9,0,18,0,0,5,0,0,6,3,1,1,1,27,6,2494,2,1,-1,3
2014950003057,1,19,0,3,0,1,0,0,0,0,2,1,1,1,28,6,1598,2,1,-1,3
2014950003058,1,3,0,18,0,0,0,0,0,0,4,1,6,1,17,4,124,1,4,-1,1
2014950003074,1,1,0,7,0,1,0,0,0,0,3,1,6,1,31,6,-1,-1,-1,-1,1
2014950003075,1,1,0,16,0,0,1,0,0,0,1,1,6,1,22,5,-1,-1,-1,-1,1
2014950003075,2,9,0,18,0,0,0,0,0,0,1,1,6,1,19,4,1388,1,7,-1,1
2014950003076,1,9,0,16,0,1,0,0,0,11,1,1,6,1,28,6,2212,1,18,-1,3
2014950003076,2,4,0,17,0,2,0,0,0,0,0,1,6,3,-1,-1,-1,-1,-1,-1,-1
2014950003076,3,4,0,16,0,2,0,0,0,0,0,1,6,3,-1,-1,-1,-1,-1,-1,-1
2014950003083,1,9,0,7,0,1,0,0,0,0,1,1,2,1,36,7,2231,2,7,-1,3
2014950003083,2,9,0,18,0,8,0,0,0,0,4,1,2,1,18,4,1596,1,6,-1,2
2014950003083,3,11,0,10,0,1,0,0,0,0,3,1,1,1,63,9,9360,2,3,-1,3
2014950003085,1,9,0,18,0,0,5,0,1,0,1,1,6,1,29,6,1199,1,11,-1,1
2014950003086,1,3,0,4,0,0,1,0,0,0,4,1,2,2,39,7,125,1,1,-1,3
2014950003091,1,9,0,16,0,1,0,0,0,0,1,1,6,2,30,6,1242,1,11,-1,1
2014950003091,2,9,0,3,0,1,0,0,0,0,2,1,2,2,46,8,-1,-1,-1,-1,1
2014950003093,1,11,0,18,0,1,0,0,0,0,4,1,1,1,55,8,9360,2,3,-1,3
2014950003098,1,9,0,18,0,0,0,0,0,0,1,1,6,1,29,6,1896,2,9,-1,1