Accident_Index,Vehicle_Reference,Vehicle_Type,Towing_and_Articulation,Vehicle_Manoeuvre,Vehicle_Location-Restricted_Lane,Junction_Location,Skidding_and_Overturning,Hit_Object_in_Carriageway,Vehicle_Leaving_Carriageway,Hit_Object_off_Carriageway,1st_Point_of_Impact,Was_Vehicle_Left_Hand_Drive?,Journey_Purpose_of_Driver,Sex_of_Driver,Age_of_Driver,Age_Band_of_Driver,Engine_Capacity_(CC),Propulsion_Code,Age_of_Vehicle,Driver_IMD_Decile,Driver_Home_Area_Type
2014950003105,1,9,0,18,0,0,0,0,0,0,4,1,6,1,63,9,999,1,2,-1,-1
2014950003105,2,9,0,2,0,0,0,0,0,0,3,1,6,3,-1,-1,1995,2,2,-1,-1
2014950003107,1,9,0,9,0,8,0,0,0,0,1,1,6,1,89,11,1242,1,10,-1,1
2014950003107,2,9,0,18,0,8,0,0,1,11,1,1,6,1,50,8,2500,2,24,-1,1
2014950003109,1,9,0,18,0,0,0,0,1,11,4,1,6,1,49,8,1242,1,2,-1,2
2014950003110,1,18,0,18,0,8,0,0,0,0,1,1,1,1,32,6,-1,-1,-1,-1,-1
2014950003111,1,9,0,5,0,0,0,0,0,0,3,2,2,2,34,6,1910,2,6,-1,-1
2014950003112,1,9,0,16,0,0,2,0,7,9,1,1,2,1,52,8,1783,1,14,4,1
2014950003116,1,9,0,9,0,8,0,0,0,0,3,1,2,2,53,8,1198,1,4,-1,1
2014950003116,2,2,0,18,0,1,0,0,0,0,1,1,2,1,17,4,50,1,9,-1,1
2014950003120,1,9,0,18,0,0,0,0,7,11,1,1,6,2,35,6,1999,1,11,-1,2
2014950003120,2,9,0,16,0,0,0,0,0,0,2,1,6,1,23,5,1905,2,16,-1,3
2014950003123,1,11,0,18,2,0,0,0,0,0,0,1,1,1,51,8,7300,2,9,-1,1
2014950003131,1,9,0,18,0,1,0,0,0,0,4,1,2,2,29,6,1798,1,4,-1,1
2014950003131,2,4,0,18,0,1,0,0,0,0,1,1,2,1,33,6,998,1,1,-1,1
2014950003131,3,9,0,10,0,1,0,0,0,0,3,1,6,1,30,6,-1,-1,-1,-1,3
2014950003150,1,9,0,18,0,0,0,0,0,0,1,1,6,2,67,10,1984,2,3,-1,3
2014950003150,2,9,0,18,0,0,0,0,0,0,3,1,6,1,48,8,1956,2,-1,-1,1
2014950003155,1,11,0,9,0,0,0,0,0,0,1,1,1,1,57,9,7300,2,8,-1,2
2014950003156,1,21,0,18,0,6,0,0,0,0,0,1,6,3,-1,-1,-1,-1,-1,-1,-1
2014950003156,2,9,0,18,0,2,0,0,0,0,0,1,6,2,39,7,1997,1,2,-1,3
2014950003160,1,9,0,18,0,2,0,0,0,0,1,1,6,1,28,6,1360,1,13,-1,1
2014950003160,2,9,0,18,0,2,0,0,0,0,2,1,6,2,53,8,1796,1,6,-1,1
2014950003161,1,9,0,16,0,0,0,0,0,0,0,1,6,1,77,11,2179,2,1,-1,3
2014950003161,2,4,0,17,0,0,0,0,0,0,1,1,6,1,53,8,1050,1,3,-1,1
2014950003162,1,9,0,9,0,8,0,0,0,0,1,1,6,1,53,8,1598,1,10,-1,3
2014950003162,2,9,0,18,0,8,0,0,0,0,1,1,6,1,45,7,1956,2,5,-1,1
2014950003163,1,9,0,9,2,8,0,0,0,0,4,1,2,2,24,5,-1,-1,-1,-1,2
2014950003163,2,4,0,18,2,8,0,0,0,0,1,1,6,1,35,6,696,1,4,-1,1
2014950003164,1,9,0,7,0,0,0,0,0,0,3,1,6,1,75,10,1896,2,9,-1,3
2014950003164,2,9,0,18,0,0,0,0,0,0,1,1,6,1,44,7,1275,1,21,-1,2
2014950003164,3,9,0,2,0,0,0,0,0,0,4,1,6,3,-1,-1,-1,-1,-1,-1,-1
2014950003166,1,11,0,5,0,2,0,0,0,0,4,1,1,1,53,8,7300,2,9,-1,2
2014950003167,1,9,0,9,0,2,0,0,0,0,1,1,6,2,22,5,1199,1,12,-1,1
2014950003167,2,9,0,18,0,8,0,0,0,0,1,1,6,2,34,6,1598,1,8,-1,3
2014950003168,1,9,0,9,0,8,0,0,0,0,0,1,6,2,35,6,1200,1,1,-1,1
2014950003168,2,2,0,18,0,8,1,0,0,0,0,1,2,1,44,7,49,1,-1,-1,1
2014950003169,1,1,0,18,2,0,0,4,0,0,1,1,6,1,28,6,-1,-1,-1,-1,1
2014950003169,2,9,0,2,2,0,0,0,0,0,2,1,6,3,-1,-1,1248,1,2,-1,-1
2014950003170,1,9,0,5,0,0,0,0,0,0,1,1,6,1,24,5,1198,1,5,-1,1
2014950003170,2,3,0,15,0,0,0,0,0,0,4,1,2,1,37,7,125,1,9,-1,1
2014950003171,1,9,0,17,0,0,0,0,1,4,1,1,6,1,78,11,1598,2,2,3,1
2014950003173,1,4,0,18,0,0,0,0,0,0,1,1,6,2,27,6,749,1,1,-1,1
2014950003174,1,9,0,9,0,4,0,0,0,11,1,1,6,1,21,5,1388,1,4,-1,1
2014950003175,1,9,0,18,0,2,0,0,0,0,3,1,6,1,44,7,1997,2,4,-1,3
2014950003176,1,4,0,16,0,0,0,0,7,9,1,1,6,1,42,7,916,1,14,-1,1
2014950003176,2,9,0,18,0,0,0,0,0,0,1,1,6,2,34,6,1388,1,8,-1,3
2014950003181,1,20,0,5,0,1,0,0,0,0,4,1,1,3,-1,-1,-1,-1,-1,-1,-1
2014950003182,1,9,0,18,0,0,0,0,0,0,1,1,6,2,24,5,998,1,5,-1,1
2014950003182,2,9,0,4,0,0,0,0,0,0,2,1,6,2,31,6,1461,2,2,-1,3
2014950003182,3,9,0,4,0,0,0,0,0,0,2,1,6,1,41,7,1686,2,8,-1,1
2014950003183,1,9,0,1,0,0,0,4,0,0,2,1,6,1,66,10,999,1,2,-1,1
2014950003183,2,19,0,2,0,0,0,0,0,0,2,1,6,3,-1,-1,2402,2,4,-1,-1
2014950003184,1,9,0,1,0,0,0,0,0,0,2,1,6,1,90,11,1199,1,13,-1,1
2014950003185,1,9,0,18,0,0,1,0,4,6,1,1,6,1,75,10,1900,2,10,7,1
2014950003185,2,21,0,18,0,0,0,0,0,0,3,1,1,1,48,8,11705,2,2,-1,1
2014950003186,1,9,0,18,0,8,0,0,0,0,1,1,2,2,23,5,1242,1,4,-1,1
2014950003186,2,9,0,18,0,1,0,0,0,0,2,1,6,2,47,8,1896,2,11,-1,1
2014950003187,1,9,0,4,0,0,0,0,0,0,1,1,6,1,18,4,1198,1,11,-1,1
2014950003188,1,9,0,18,0,2,1,0,0,0,1,1,2,2,42,7,1360,1,8,-1,1
2014950003189,1,3,0,18,0,1,0,0,0,0,1,1,6,3,-1,-1,-1,-1,-1,-1,-1
2014950003189,2,9,0,18,0,1,0,0,0,0,1,1,1,1,53,8,1997,2,6,-1,-1
2014950003190,1,9,0,18,0,0,1,0,1,10,1,1,6,1,32,6,-1,-1,-1,-1,1
2014950003191,1,9,0,13,0,1,0,0,0,0,1,1,6,1,27,6,2000,1,11,-1,3
2014950003191,2,3,0,18,0,1,0,0,0,0,3,1,6,1,44,7,-1,-1,-1,-1,1
2014950003203,1,9,0,18,0,0,0,0,0,0,0,1,6,1,68,10,1995,2,4,2,1
2014950003209,1,9,0,15,0,0,0,0,0,0,2,1,2,2,25,5,998,1,3,-1,1
2014950003209,2,9,0,1,0,0,0,0,0,0,4,1,6,1,21,5,1397,1,6,-1,1
2014950003214,1,19,0,18,0,0,0,0,0,0,1,1,6,1,56,9,1998,2,10,-1,1
2014950003214,2,9,0,4,0,0,0,0,0,0,2,1,6,1,25,5,1598,1,7,-1,3
2014950003218,1,9,0,18,0,1,1,0,0,0,1,1,6,2,26,6,1796,1,10,-1,1
2014950003239,1,19,0,6,0,0,0,0,0,0,3,1,6,1,38,7,2198,2,7,-1,1
2014950003239,2,1,0,18,0,0,0,0,0,0,1,1,6,1,45,7,-1,-1,-1,-1,-1
2014950003246,1,19,0,18,0,8,0,0,0,0,0,1,1,3,-1,-1,2198,2,5,-1,-1
2014950003257,1,4,0,16,6,0,0,0,0,0,1,1,2,1,53,8,998,1,10,-1,2
2014950003257,2,9,0,17,0,0,0,0,0,0,1,1,6,1,52,8,1242,1,9,-1,2
2014950003258,1,9,0,18,0,0,0,0,0,0,1,1,2,2,24,5,-1,-1,-1,-1,1
2014950003258,2,9,0,3,0,0,0,0,0,0,2,1,6,1,40,7,1998,1,11,-1,2
2014950003259,1,9,0,2,0,0,0,0,0,0,3,1,6,2,35,6,1799,1,8,-1,1
2014950003259,2,1,0,18,0,0,0,0,0,0,4,1,6,1,23,5,-1,-1,-1,-1,1
2014950003260,1,9,0,10,4,8,0,0,0,0,3,1,6,1,43,7,1198,1,1,-1,1
2014950003260,2,1,0,15,4,8,0,0,0,0,1,1,6,1,34,6,-1,-1,-1,-1,1
2014950003262,1,19,0,18,0,8,0,0,0,0,1,1,6,1,52,8,1399,2,4,-1,2
2014950003262,2,4,0,18,0,8,0,0,0,0,4,1,6,1,27,6,471,1,1,-1,1
2014950003263,1,1,0,18,0,0,0,0,0,0,1,1,6,1,7,2,-1,-1,-1,-1,-1
2014950003263,2,9,0,18,0,0,0,0,0,0,3,1,6,1,55,8,1598,2,-1,-1,1
2014950003264,1,1,0,9,0,8,0,0,0,0,2,1,6,1,16,4,-1,-1,-1,-1,3
2014950003264,2,1,0,13,0,8,0,0,0,0,1,1,6,1,49,8,-1,-1,-1,-1,1
2014950003265,1,9,0,18,0,1,0,0,0,0,1,1,6,2,25,5,1242,1,5,-1,1
2014950003265,2,9,0,10,0,8,0,0,0,0,2,1,6,2,39,7,1560,2,-1,-1,1
2014950003266,1,9,0,16,0,2,0,0,7,0,0,1,6,1,28,6,1242,1,13,-1,3
2014950003267,1,9,0,18,0,1,0,0,0,0,1,1,6,2,74,10,1348,1,13,-1,1
2014950003268,1,90,0,1,0,1,0,0,0,0,2,1,6,1,42,7,-1,-1,-1,-1,1
2014950003269,1,11,0,18,2,1,0,0,0,0,0,1,6,1,27,6,9360,2,6,-1,1
2014950003270,1,9,0,18,0,8,0,7,0,11,1,1,6,1,81,11,2435,1,9,-1,1
2014950003271,1,19,0,9,0,2,0,0,0,0,4,1,6,3,-1,-1,-1,-1,-1,-1,-1
2014950003272,1,9,0,16,0,0,0,0,0,0,0,1,6,2,45,7,1461,2,4,-1,1
2014950003272,2,1,0,18,4,0,0,0,0,0,1,1,6,2,-1,-1,-1,-1,-1,-1,-1
2014950003273,1,9,0,9,0,8,0,0,0,0,1,1,6,3,-1,-1,-1,-1,-1,-1,-1
2014950003274,1,9,0,18,0,4,0,0,0,0,1,1,6,1,57,9,1596,1,3,-1,2
2014950003274,2,1,0,9,0,3,0,9,0,0,1,1,6,1,65,9,-1,-1,-1,-1,2
2014950003275,1,90,0,18,0,0,0,0,1,11,1,1,6,1,35,6,-1,-1,-1,-1,-1
2014950003282,1,9,0,13,0,0,0,0,0,0,2,1,6,2,45,7,1461,2,4,-1,1
2014950003282,2,1,0,18,0,0,0,0,0,0,2,1,6,2,34,6,-1,-1,-1,-1,1
2014950003284,1,9,0,9,0,7,0,0,0,0,1,1,6,2,17,4,1388,1,12,-1,1
2014950003284,2,9,0,18,0,8,0,0,0,0,1,1,2,1,41,7,1796,1,10,-1,1
2014950003284,3,19,0,8,0,1,0,0,0,0,3,1,1,1,28,6,2143,2,4,-1,2
2014950003284,4,9,0,18,0,1,0,0,0,0,1,1,6,2,25,5,998,1,7,-1,1
2014950003285,1,9,0,18,0,1,0,0,0,0,1,1,6,2,31,6,1560,2,1,-1,1
2014950003285,2,19,0,5,0,1,0,0,0,0,2,1,1,1,43,7,-1,-1,-1,-1,-1
2014950003286,1,9,0,7,0,6,0,0,0,0,3,1,6,1,45,7,1598,2,2,-1,1
2014950003286,2,1,0,15,0,1,0,0,0,0,1,1,6,1,51,8,-1,-1,-1,-1,1
2014950003287,1,9,0,18,0,1,0,0,0,0,0,1,6,1,30,6,1598,2,1,-1,3
2014950003287,2,9,0,18,0,1,0,0,0,0,2,1,2,1,27,6,1995,2,1,-1,1
2014950003287,3,9,0,18,0,1,0,0,0,0,2,1,2,1,24,5,1968,2,3,-1,-1
2014950003287,4,9,0,18,0,1,0,0,0,0,1,1,1,1,44,7,1598,2,2,-1,1
2014950003288,1,1,0,18,0,8,0,0,0,0,1,1,6,1,44,7,-1,-1,-1,-1,1
2014950003288,2,9,0,4,0,8,0,0,0,0,2,1,6,2,58,9,1560,2,3,-1,3
2014950003289,1,9,0,9,0,8,0,0,0,0,1,1,2,2,28,6,1896,2,12,-1,1
2014950003289,2,9,0,18,0,1,0,0,0,0,1,1,2,2,24,5,1296,1,8,-1,1
2014950003291,1,4,0,18,0,0,0,0,0,0,0,1,6,1,54,8,1050,1,-1,-1,3
2014950003293,1,9,0,18,0,0,0,0,0,0,1,1,6,1,85,11,1896,2,10,-1,3
2014950003293,2,9,0,18,0,0,5,0,0,0,1,1,6,2,35,6,998,1,15,-1,3
2014950003294,1,9,0,2,0,0,0,0,0,0,3,1,6,2,53,8,-1,-1,-1,-1,3
2014950003294,2,9,0,18,0,0,0,0,0,0,4,1,6,2,77,11,1324,1,14,-1,1
2014950003295,1,9,0,5,0,4,0,0,0,0,1,1,6,1,48,8,1998,2,9,-1,3
2014950003295,2,1,0,18,0,8,0,0,0,0,1,1,6,1,41,7,-1,-1,-1,-1,-1
2014950003301,1,9,0,12,0,8,0,0,0,0,0,1,6,3,-1,-1,-1,-1,-1,-1,-1
2014950003301,2,9,0,18,0,8,0,0,0,0,1,1,6,1,20,4,1390,1,13,-1,1
2014950003301,3,9,0,18,0,8,0,0,0,0,2,1,6,2,30,6,1198,1,4,-1,1
2014950003302,1,9,0,5,2,0,0,0,0,0,1,1,1,1,33,6,1086,1,11,-1,1
2014950003302,2,21,0,5,0,0,0,0,0,0,4,1,1,1,62,9,12580,2,7,-1,1
2014950003303,1,4,0,18,0,0,0,0,0,0,0,1,6,1,55,8,599,1,16,-1,1
2014950003304,1,19,0,9,0,1,0,0,0,0,3,1,6,2,45,7,2488,2,8,-1,3
2014950003304,2,9,0,18,0,1,0,0,0,0,1,1,6,2,53,8,1390,1,12,-1,3
2014950003305,1,9,0,18,0,1,0,0,0,0,1,1,2,1,50,8,1796,1,5,-1,3
2014950003305,2,9,0,3,0,1,0,0,0,0,2,1,6,3,-1,-1,1598,2,1,-1,-1
2014950003306,1,9,0,18,0,0,0,0,1,0,1,1,6,2,48,8,1598,1,15,-1,1
2014950003313,1,4,0,18,0,0,0,0,0,0,1,1,1,1,43,7,-1,-1,-1,-1,1
2014950003313,2,9,0,3,0,0,0,0,0,0,2,1,6,1,48,8,1598,1,11,-1,3
2014950003317,1,9,0,5,0,0,0,0,0,0,3,1,6,1,22,5,998,1,13,-1,3
2014950003317,2,9,0,18,0,0,0,0,0,0,2,1,2,1,58,9,1598,1,4,-1,2
2014950003317,3,9,0,2,0,0,0,0,0,0,3,1,6,3,-1,-1,1560,2,4,-1,-1
2014950003317,4,9,0,2,0,0,0,0,0,0,1,1,6,3,-1,-1,2987,2,5,-1,-1
2014950003323,1,9,0,16,0,0,0,0,0,0,1,1,6,1,48,8,2191,2,1,-1,3
2014950003323,2,9,0,17,0,0,0,0,0,0,1,1,6,1,49,8,3200,2,12,-1,3
2014950003324,1,9,0,9,0,8,0,0,0,0,3,1,3,2,46,8,1968,2,6,-1,1
2014950003324,2,4,0,18,0,1,0,0,0,0,1,1,6,1,43,7,996,1,8,-1,1
2014950003326,1,4,0,17,0,0,0,0,1,0,3,1,6,1,46,8,1043,1,1,7,1
2014950003327,1,9,0,18,9,6,0,0,0,0,4,1,6,2,44,7,-1,-1,-1,-1,1
2014950003327,2,1,0,18,9,8,0,0,0,0,1,1,4,1,15,3,-1,-1,-1,-1,1
2014950003328,1,9,0,15,0,0,0,0,0,0,4,1,6,2,47,8,1229,1,2,-1,3
2014950003329,1,9,0,9,0,8,0,0,0,0,1,1,6,2,51,8,-1,-1,-1,-1,3
2014950003329,2,4,0,10,0,2,0,0,0,0,1,1,6,1,57,9,998,1,5,-1,3
2014950003330,1,9,0,9,0,8,0,0,0,0,1,1,6,2,45,7,1396,1,12,-1,1
2014950003330,2,9,0,18,0,8,0,0,0,0,4,1,6,1,29,6,998,1,10,-1,1
2014950003331,1,1,0,7,0,1,0,0,0,0,1,1,4,1,60,9,-1,-1,-1,-1,-1
2014950003331,2,9,0,7,0,2,0,0,0,0,1,1,6,1,72,10,2597,1,13,-1,1
2014950003332,1,1,0,18,0,0,0,0,0,0,1,1,6,1,16,4,-1,-1,-1,-1,1
2014950003332,2,9,0,18,0,0,0,0,0,0,1,1,6,2,46,8,1124,1,13,-1,1
2014950003333,1,9,0,18,0,0,0,0,0,0,1,1,6,2,40,7,1248,2,11,-1,3
2014950003333,2,9,0,3,0,0,0,0,0,0,2,1,6,2,26,6,1200,1,1,-1,2
2014950003336,1,9,0,7,0,6,0,0,0,0,1,1,6,1,72,10,-1,-1,-1,-1,3
2014950003336,2,9,0,18,0,8,0,0,0,0,4,1,6,2,34,6,-1,-1,-1,-1,2
2014950003337,1,9,0,2,0,0,0,0,0,0,3,1,6,3,-1,-1,2171,1,13,-1,-1
2014950003338,1,1,0,18,9,1,0,0,0,0,1,1,2,1,54,8,-1,-1,-1,-1,1
2014950003338,2,9,0,8,0,1,0,0,0,0,4,1,3,1,57,9,-1,-1,-1,-1,1
2014950003339,1,8,0,5,0,0,0,7,0,0,3,1,1,1,54,8,2664,2,13,-1,1
2014950003341,1,9,0,9,0,8,0,0,0,0,3,1,6,1,22,5,1364,1,8,-1,1
2014950003341,2,9,0,18,0,1,0,0,0,0,1,1,6,1,27,6,1248,2,2,-1,1
2014950003344,1,1,0,16,0,0,0,0,0,0,4,1,6,1,8,2,-1,-1,-1,-1,1
2014950003344,2,9,0,17,0,0,0,0,0,0,4,1,6,1,66,10,1598,1,3,-1,1
2014950003345,1,9,0,9,0,8,0,0,0,0,0,1,6,3,-1,-1,-1,-1,-1,-1,-1
2014950003345,2,3,0,18,0,3,0,0,0,0,3,1,6,1,31,6,124,1,1,-1,1
2014950003346,1,3,0,18,9,0,0,0,1,0,1,1,6,3,-1,-1,-1,-1,-1,-1,-1
2014950003351,1,19,0,5,0,1,0,0,0,0,4,1,1,1,58,9,2402,2,7,-1,1
2014950003352,1,9,0,18,0,1,0,0,0,0,1,1,6,2,34,6,1598,1,3,-1,1
2014950003354,1,9,0,4,0,1,0,0,0,0,1,1,6,2,31,6,1598,1,10,-1,1
2014950003354,2,9,0,8,0,2,0,0,0,0,2,1,6,2,23,5,-1,-1,-1,-1,1
2014950003355,1,11,0,18,0,8,0,0,0,0,0,1,1,1,43,7,-1,-1,-1,-1,1
2014950003355,2,9,0,7,0,8,0,0,0,0,0,1,6,3,-1,-1,-1,-1,-1,-1,-1
2014950003385,1,9,0,18,0,0,0,0,0,0,4,1,2,1,32,6,1390,1,13,-1,1
2014950003394,1,19,0,9,0,8,0,0,0,0,4,1,1,1,25,5,2464,2,6,-1,2
2014950003394,2,11,0,18,0,8,0,0,0,0,1,1,1,1,43,7,9360,2,5,-1,1
2014950003395,1,19,0,2,0,2,0,0,0,0,1,1,6,1,49,8,2299,2,3,-1,1
2014950003395,2,1,0,18,0,2,0,4,0,0,1,1,6,1,38,7,-1,-1,-1,-1,1
2014950003396,1,9,0,18,0,0,0,0,0,0,1,1,2,1,22,5,1998,1,9,-1,1
2014950003396,2,9,0,18,0,0,1,0,5,6,2,1,2,1,48,8,1598,1,7,-1,1
2014950003397,1,9,0,9,0,2,0,0,0,0,0,1,6,3,-1,-1,-1,-1,-1,-1,-1
2014950003397,2,1,0,18,0,1,0,0,0,0,0,1,2,1,48,8,-1,-1,-1,-1,1
2014950003398,1,9,0,4,0,1,0,0,0,0,1,1,6,3,-1,-1,-1,-1,-1,-1,-1
2014950003399,1,9,0,18,0,0,5,10,2,5,0,1,6,1,21,5,3200,1,7,-1,1
2014950003399,2,9,0,18,0,0,0,0,0,0,0,1,6,1,20,4,3189,1,8,-1,1
2014950003411,1,1,0,18,0,8,0,0,0,0,1,1,6,1,64,9,-1,-1,-1,-1,-1
2014950003411,2,9,0,18,0,8,0,0,0,0,1,1,6,1,17,4,1242,1,7,-1,1
2014950003429,1,3,0,18,0,1,0,0,0,0,1,1,6,1,48,8,998,1,6,-1,3
2014950003429,2,9,0,9,0,1,0,0,0,0,3,1,2,1,27,6,1229,1,-1,-1,1
2014950003441,1,9,0,9,0,8,0,0,0,0,2,1,6,3,-1,-1,1596,1,11,-1,-1
2014950003441,2,1,0,18,0,1,0,0,0,0,1,1,2,1,38,7,-1,-1,-1,-1,1
2014950003442,1,19,0,18,0,0,0,0,0,0,0,1,1,1,34,6,2198,2,2,-1,1
2014950003443,1,1,0,18,0,0,0,0,0,0,2,1,6,1,60,9,-1,-1,-1,-1,3
2014950003443,2,9,0,18,0,0,0,0,0,0,1,1,2,1,59,9,996,1,3,-1,1
2014950003457,1,4,0,7,0,2,0,0,1,0,4,1,6,1,53,8,790,1,11,-1,1
2014950003459,1,19,0,5,0,1,0,0,0,0,0,1,1,1,37,7,1248,2,2,-1,1
2014950003459,2,1,0,15,4,1,0,0,0,0,0,1,2,1,36,7,-1,-1,-1,-1,1
2014950003466,1,9,0,5,0,1,0,0,0,0,4,1,6,2,29,6,1598,1,9,-1,1
2014950003469,1,19,0,9,0,8,0,0,0,0,1,1,1,1,58,9,2151,2,10,-1,1
2014950003469,2,9,0,18,0,1,0,0,0,0,4,1,6,1,46,8,2290,1,13,-1,2
2014950003479,1,9,0,5,0,4,0,0,0,0,1,1,2,2,44,7,1560,2,2,-1,3
2014950003479,2,1,0,18,0,3,0,0,0,0,1,1,2,1,45,7,-1,-1,-1,-1,3
2014950003481,1,9,0,18,0,1,0,0,0,0,1,1,6,2,76,11,1329,1,5,-1,2
2014950003481,2,9,0,10,0,1,0,0,0,0,2,1,6,2,38,7,1595,1,7,-1,3
2014950003486,1,9,0,18,0,1,0,0,0,0,1,1,6,2,29,6,1598,1,14,-1,1
2014950003486,2,9,0,10,0,8,0,0,0,0,2,1,6,2,58,9,1339,1,1,-1,1
2014950003487,1,9,0,18,0,1,0,0,0,0,4,1,6,3,-1,-1,-1,-1,-1,-1,-1
2014950003488,1,1,0,18,0,1,0,0,0,0,1,1,6,1,34,6,-1,-1,-1,-1,1
2014950003488,2,9,0,18,0,1,0,0,0,0,4,1,6,2,54,8,1598,1,13,-1,1
2014950003490,1,9,0,4,0,1,0,0,0,0,1,1,6,1,57,9,1596,1,3,-1,2
2014950003490,2,9,0,3,0,2,0,0,0,0,2,1,6,1,37,7,-1,-1,-1,-1,1
2014950003490,3,9,0,3,0,2,0,0,0,0,2,1,6,1,35,6,1997,1,2,-1,3
2014950003491,1,9,0,18,0,1,0,0,1,11,1,1,6,1,17,4,1299,1,13,-1,3
2014950003492,1,9,0,7,0,1,0,0,0,0,1,1,6,2,31,6,1598,1,7,-1,1
2014950003492,2,9,0,18,0,1,0,0,0,0,2,1,6,2,55,8,1984,2,3,-1,1
2014950003492,3,11,0,18,0,1,0,0,0,0,1,1,6,1,46,8,8268,2,13,-1,1
2014950003493,1,19,0,7,0,2,0,0,0,0,2,1,6,1,25,5,2198,2,8,-1,1
2014950003493,2,9,0,7,0,2,0,0,0,0,2,1,1,1,33,6,1896,2,5,-1,1
2014950003495,1,9,0,9,0,1,0,0,0,0,3,1,6,2,42,7,2198,2,6,-1,3
2014950003495,2,9,0,13,0,1,0,0,7,0,1,1,2,1,62,9,1968,2,5,-1,3
2014950003496,1,9,0,7,0,2,0,0,0,0,1,1,6,1,40,7,1598,1,12,-1,1
2014950003496,2,9,0,3,0,2,0,0,0,0,2,1,6,1,34,6,1390,1,4,-1,2
2014950003497,1,4,0,16,0,0,2,0,0,0,4,1,6,1,35,6,599,1,16,-1,1
2014950003497,2,9,0,18,0,0,0,0,0,0,1,1,6,1,47,8,-1,-1,-1,-1,3
2014950003498,1,9,0,18,0,1,0,0,0,0,1,1,6,1,31,6,1399,2,4,3,1
2014950003498,2,9,0,3,0,1,0,0,0,0,2,1,6,1,23,5,1598,1,13,-1,1
2014950003499,1,9,0,18,0,0,0,4,2,11,1,1,6,1,23,5,1895,1,15,-1,1
2014950003499,2,9,0,2,0,0,0,0,0,0,3,1,6,3,-1,-1,1798,1,8,-1,-1
2014950003500,1,90,0,18,0,0,0,0,0,0,3,1,1,1,54,8,4400,2,6,-1,2
2014950003500,2,9,0,18,0,0,0,0,0,0,3,1,6,2,38,7,1910,2,4,-1,1
2014950003501,1,9,0,1,0,1,0,0,0,0,2,1,6,3,-1,-1,-1,-1,-1,-1,-1
2014950003501,2,1,0,3,0,1,0,0,0,0,3,1,6,2,44,7,-1,-1,-1,-1,3
2014950003506,1,9,0,18,0,0,0,0,0,0,1,1,2,1,60,9,2099,2,8,-1,1
2014950003516,1,9,0,4,0,1,0,0,0,0,2,1,6,2,-1,-1,1896,2,7,-1,-1
2014950003516,2,9,0,3,0,1,0,0,0,0,0,1,6,2,28,6,-1,-1,-1,-1,1
2014950003549,1,19,0,1,0,0,0,0,0,0,2,1,1,1,53,8,1896,2,7,-1,1
2014950003551,1,11,0,11,0,0,0,0,0,0,0,1,1,1,50,8,7300,2,9,-1,1
2014950003555,1,9,0,18,0,1,0,0,0,0,1,1,6,2,41,7,1396,2,3,-1,1
2014950003555,2,9,0,3,0,1,0,0,0,0,2,1,6,1,54,8,1968,2,1,-1,1
2014950003556,1,9,0,7,0,8,0,0,0,0,3,1,6,1,71,10,1560,2,1,-1,-1
2014950003556,2,4,0,7,0,3,0,0,0,0,4,1,6,1,53,8,1811,1,-1,-1,3
2014950003557,1,3,0,18,0,0,0,10,1,0,1,1,6,2,31,6,-1,-1,-1,-1,1
2014950003558,1,19,0,1,7,0,0,0,0,0,1,1,2,1,28,6,2402,2,4,-1,-1
2014950003591,1,19,0,9,0,8,0,0,0,0,3,1,6,1,33,6,2198,2,7,-1,2
2014950003591,2,4,0,18,0,8,0,0,0,0,1,1,6,1,49,8,1340,1,25,-1,1
2014950003592,1,9,0,4,0,0,1,0,0,0,1,1,1,1,41,7,1598,1,6,-1,1
2014950003592,2,9,0,4,0,0,0,0,0,0,2,1,6,1,67,10,1956,2,1,-1,2
2014950003593,1,9,0,18,0,0,0,0,1,0,1,1,2,1,18,4,1598,1,7,-1,1
2014950003594,1,9,0,9,0,8,0,0,0,0,1,1,3,2,33,6,1248,1,1,-1,1
2014950003594,2,9,0,18,0,8,0,0,0,0,3,1,6,2,68,10,1598,1,12,-1,2
2014950003595,1,9,0,16,0,7,0,0,0,0,1,1,2,1,20,4,1390,1,10,-1,1
2014950003595,2,9,0,3,0,7,0,0,0,0,2,1,2,1,21,5,1995,2,6,-1,1
2014950003597,1,9,0,18,0,1,0,0,0,0,1,1,6,1,18,4,1796,1,11,-1,1
2014950003597,2,9,0,4,0,1,0,0,0,0,2,1,6,3,-1,-1,-1,-1,-1,-1,-1
2014950003598,1,9,0,2,0,0,0,0,0,0,3,1,6,2,38,7,1598,1,12,-1,1
2014950003598,2,1,0,14,0,0,0,8,7,0,1,1,6,2,40,7,-1,-1,-1,-1,1
2014950003600,1,9,0,18,0,0,0,0,0,0,1,1,6,2,84,11,2256,1,19,-1,1
2014950003600,2,19,0,3,0,0,0,0,0,0,2,1,2,1,32,6,1248,2,8,-1,1
2014950003600,3,9,0,3,0,0,0,0,0,0,2,1,6,1,67,10,-1,-1,-1,-1,1
2014950003600,4,9,0,3,0,0,0,0,0,0,2,1,6,1,29,6,-1,-1,-1,-1,2
2014950003611,1,9,0,9,0,8,0,0,0,0,0,1,6,2,37,7,1390,1,2,-1,1