Accident_Index,Vehicle_Reference,Vehicle_Type,Towing_and_Articulation,Vehicle_Manoeuvre,Vehicle_Location-Restricted_Lane,Junction_Location,Skidding_and_Overturning,Hit_Object_in_Carriageway,Vehicle_Leaving_Carriageway,Hit_Object_off_Carriageway,1st_Point_of_Impact,Was_Vehicle_Left_Hand_Drive?,Journey_Purpose_of_Driver,Sex_of_Driver,Age_of_Driver,Age_Band_of_Driver,Engine_Capacity_(CC),Propulsion_Code,Age_of_Vehicle,Driver_IMD_Decile,Driver_Home_Area_Type
2014950003611,2,1,0,18,0,8,0,0,0,0,0,1,6,1,64,9,-1,-1,-1,-1,-1
2014950003612,1,9,0,18,0,0,0,0,0,0,1,1,6,2,47,8,1560,2,1,-1,-1
2014950003612,2,9,0,3,0,0,0,0,0,0,2,1,6,1,46,8,1986,2,5,-1,1
2014950003613,1,9,0,18,0,1,0,0,0,0,1,1,2,2,34,6,1896,2,7,-1,2
2014950003613,2,9,0,10,0,1,0,0,0,0,2,1,6,1,19,4,973,1,13,-1,2
2014950003613,3,9,0,18,0,8,0,0,0,0,2,1,6,1,46,8,2179,2,1,-1,3
2014950003614,1,9,0,9,0,8,0,0,0,0,1,1,6,1,49,8,1781,1,13,-1,1
2014950003614,2,9,0,9,0,8,0,0,0,0,3,1,6,2,26,6,1598,1,8,-1,1
2014950003618,1,9,0,18,0,0,0,0,0,0,1,1,6,2,32,6,1598,2,4,-1,3
2014950003618,2,9,0,4,0,0,0,0,0,0,2,1,6,1,70,10,2993,2,3,-1,1
2014950003618,3,9,0,4,0,0,0,0,0,0,2,1,1,1,65,9,1753,2,6,-1,1
2014950003621,1,1,0,18,0,0,0,0,0,0,1,1,6,1,43,7,-1,-1,-1,-1,1
2014950003621,2,9,0,2,0,0,0,0,0,0,2,1,6,3,-1,-1,1422,2,6,-1,-1
2014950003622,1,90,0,18,0,8,0,0,0,0,4,1,1,2,51,8,2464,2,7,-1,2
2014950003622,2,9,0,9,0,8,0,0,0,0,1,1,1,1,31,6,2143,2,-1,-1,1
2014950003626,1,9,0,18,0,1,0,0,0,0,1,1,2,2,29,6,1000,1,14,-1,1
2014950003627,1,9,0,4,0,0,0,0,0,0,1,1,6,1,58,9,1995,2,9,-1,1
2014950003627,2,9,0,4,0,0,0,0,0,0,2,1,6,2,52,8,1560,2,2,-1,3
2014950003627,3,8,0,4,0,0,0,0,0,0,2,1,1,1,36,7,2499,2,3,-1,1
2014950003628,1,9,0,9,0,1,0,0,0,0,3,1,6,2,47,8,1968,2,6,-1,1
2014950003628,2,19,0,18,0,1,0,0,0,0,1,1,6,1,-1,-1,1248,2,6,-1,-1
2014950003643,1,9,0,18,0,1,0,0,0,0,1,1,6,1,55,8,1527,2,17,-1,1
2014950003644,1,11,0,4,0,1,0,0,0,0,4,1,1,1,52,8,7300,2,3,-1,1
2014950003645,1,9,0,18,0,8,0,0,0,0,1,1,6,1,48,8,1240,1,8,-1,1
2014950003645,2,1,0,18,0,8,5,0,0,0,3,1,6,2,30,6,-1,-1,-1,-1,1
2014950003651,1,9,0,13,0,0,0,0,0,0,1,1,6,1,20,4,1149,1,6,-1,1
2014950003651,2,9,0,9,0,0,0,0,0,0,3,1,6,2,36,7,1968,2,3,-1,1
2014950003656,1,3,0,17,0,0,0,0,0,0,4,1,6,1,42,7,124,1,1,-1,1
2014950003657,1,9,0,5,0,4,0,0,0,0,1,1,2,2,39,7,1398,2,4,-1,1
2014950003657,2,9,0,18,0,4,0,0,0,0,2,1,6,2,47,8,-1,-1,-1,-1,1
2014950003658,1,9,0,9,0,6,0,0,0,0,1,1,6,1,30,6,1497,1,14,-1,1
2014950003658,2,1,0,9,0,5,0,0,0,0,2,1,6,2,32,6,-1,-1,-1,-1,1
2014950003659,1,9,0,18,0,0,0,4,0,0,1,1,6,1,48,8,2143,2,-1,-1,-1
2014950003659,2,9,0,2,0,0,0,4,0,0,2,1,6,2,26,6,998,1,6,-1,1
2014950003659,3,9,0,2,0,0,0,4,0,0,2,1,6,3,-1,-1,1948,1,10,-1,-1
2014950003659,4,9,0,2,0,0,0,0,0,0,0,1,6,3,-1,-1,1968,2,3,-1,-1
2014950003660,1,9,0,9,0,2,0,0,0,0,1,1,6,2,61,9,1796,1,12,-1,1
2014950003660,2,9,0,18,0,2,0,4,7,0,1,1,6,1,20,4,1596,1,12,-1,1
2014950003660,3,9,0,2,0,2,0,0,0,0,2,1,6,3,-1,-1,1968,2,4,-1,-1
2014950003661,1,9,0,18,0,0,0,0,0,0,1,1,2,1,33,6,1686,2,11,-1,1
2014950003661,2,9,0,3,0,0,0,0,0,0,2,1,6,1,51,8,1461,2,-1,-1,1
2014950003661,3,9,0,3,0,0,0,0,0,0,2,1,1,1,29,6,1984,2,3,-1,-1
2014950003662,1,11,0,5,0,2,0,0,0,0,3,1,1,1,58,9,-1,-1,-1,-1,1
2014950003662,2,19,0,18,0,1,0,0,0,0,4,1,1,1,25,5,2402,2,6,-1,1
2014950003679,1,4,0,16,0,0,1,0,0,0,3,1,2,1,49,8,-1,-1,-1,-1,1
2014950003679,2,9,0,18,0,0,0,0,0,0,3,1,6,2,49,8,1360,1,7,-1,1
2014950003682,1,9,0,11,0,0,0,0,0,0,4,1,6,1,43,7,1796,1,6,-1,1
2014950003682,2,4,0,18,0,0,0,0,0,0,1,1,6,1,60,9,850,1,17,-1,3
2014950003683,1,11,0,5,0,1,0,0,0,0,0,1,1,1,51,8,9360,2,3,-1,1
2014950003684,1,9,0,13,0,0,0,0,0,0,1,1,2,1,27,6,1896,2,12,-1,3
2014950003684,2,9,0,18,0,0,0,0,0,0,1,1,2,1,18,4,1149,1,10,-1,3
2014950003685,1,9,0,18,0,3,1,0,1,2,1,1,2,2,25,5,1199,1,12,-1,1
2014950003701,1,9,0,17,0,0,1,0,7,9,2,1,2,2,21,5,-1,-1,-1,-1,1
2014950003702,1,11,0,18,2,2,0,0,0,0,1,1,1,1,52,8,9000,2,9,-1,1
2014950003703,1,9,0,18,0,8,0,0,1,4,3,1,6,1,86,11,1399,2,3,-1,2
2014950003703,2,9,0,18,0,8,0,0,7,4,1,1,6,2,75,10,2179,2,7,-1,3
2014950003704,1,9,0,4,0,0,0,0,0,0,4,1,6,2,40,7,2143,2,5,-1,1
2014950003704,2,1,0,4,0,0,0,0,1,0,4,1,6,1,34,6,-1,-1,-1,-1,3
2014950003705,1,2,0,18,0,1,0,0,0,0,4,1,6,1,16,4,49,1,3,-1,1
2014950003706,1,9,0,18,0,1,0,0,0,0,1,1,6,1,74,10,1390,1,12,-1,1
2014950003706,2,9,0,18,0,1,0,0,0,0,3,1,6,2,53,8,1198,1,2,-1,1
2014950003707,1,9,0,9,0,5,0,0,0,0,1,1,6,2,30,6,1497,8,1,-1,1
2014950003707,2,9,0,18,0,8,0,0,0,0,1,1,6,1,26,6,1149,1,12,-1,1
2014950003709,1,9,0,18,0,0,2,0,7,0,1,1,6,1,24,5,2521,1,7,-1,1
2014950003711,1,9,0,18,0,0,0,0,0,0,0,1,6,1,79,11,1339,1,2,-1,3
2014950003711,2,19,0,4,0,0,0,0,0,0,2,1,6,1,23,5,1753,2,9,-1,1
2014950003711,3,9,0,4,0,0,0,0,0,0,2,1,6,1,33,6,1896,2,5,-1,1
2014950003726,1,9,0,18,0,0,0,0,0,0,1,1,1,1,71,10,-1,-1,-1,-1,1
2014950003726,2,9,0,3,0,0,0,0,0,0,2,1,1,1,58,9,-1,-1,-1,-1,1
2014950003726,3,9,0,3,0,0,0,0,0,0,2,1,6,2,36,7,1582,2,1,-1,1
2014950003726,4,9,0,3,0,0,0,0,0,0,2,1,1,1,46,8,2204,2,8,-1,1
2014950003734,1,9,0,6,0,1,0,0,7,0,3,1,1,2,26,6,1686,2,4,-1,1
2014950003734,2,19,0,18,0,1,0,0,0,0,1,1,1,1,29,6,2148,2,7,1,1
2014950003736,1,9,0,18,0,2,0,0,0,0,1,1,2,1,49,8,1242,1,7,-1,2
2014950003737,1,1,0,18,0,0,5,0,0,0,1,1,6,1,35,6,-1,-1,-1,-1,1
2014950003737,2,9,0,2,0,0,0,0,0,0,3,1,6,3,-1,-1,1389,1,9,-1,-1
2014950003755,1,8,0,5,0,8,0,0,0,0,2,1,6,3,-1,-1,1997,2,2,-1,-1
2014950003755,2,1,0,18,0,8,0,0,0,0,2,1,6,1,32,6,-1,-1,-1,-1,1
2014950003756,1,1,0,18,2,0,0,0,0,0,3,1,6,1,62,9,-1,-1,-1,-1,1
2014950003756,2,11,0,4,2,0,0,0,0,0,4,1,1,1,34,6,9360,2,5,-1,1
2014950003760,1,9,0,7,0,2,0,0,0,0,1,1,6,1,57,9,1398,1,1,-1,2
2014950003760,2,9,0,17,0,1,0,0,0,0,1,1,2,2,56,9,1388,1,11,-1,2
2014950003761,1,4,0,18,0,0,0,0,0,0,1,1,6,1,28,6,-1,-1,-1,-1,2
2014950003761,2,4,0,18,0,0,0,0,0,0,2,1,6,1,36,7,749,1,5,-1,1
2014950003762,1,19,0,18,2,2,0,0,0,0,1,1,1,1,23,5,2402,2,5,-1,1
2014950003762,2,9,0,18,2,8,0,0,0,0,2,1,6,1,25,5,1229,1,2,-1,1
2014950003762,3,9,0,18,0,8,0,0,0,0,2,1,6,1,29,6,1596,1,9,-1,1
2014950003763,1,19,0,7,0,2,0,0,0,0,3,1,6,1,51,8,2402,2,11,-1,1
2014950003763,2,1,0,18,0,1,0,0,0,0,4,1,6,2,49,8,-1,-1,-1,-1,1
2014950003764,1,9,0,4,0,1,0,0,0,0,4,1,6,3,-1,-1,-1,-1,-1,-1,-1
2014950003765,1,9,0,18,0,0,0,0,0,0,1,1,6,1,49,8,1596,1,10,-1,1
2014950003765,2,9,0,18,0,0,0,0,0,0,2,1,6,1,20,4,-1,-1,-1,-1,1
2014950003766,1,9,0,18,0,0,1,0,1,1,3,1,1,1,24,5,-1,-1,-1,-1,3
2014950003777,1,9,0,18,0,0,1,0,1,11,3,1,6,1,24,5,1396,1,18,-1,2
2014950003778,1,1,0,18,0,8,0,0,0,0,4,1,6,2,34,6,-1,-1,-1,-1,2
2014950003778,2,9,0,18,0,8,0,0,0,0,4,1,6,1,50,8,1956,2,4,-1,3
2014950003780,1,19,0,18,0,0,0,0,0,0,1,1,1,1,21,5,1560,2,1,-1,1
2014950003780,2,9,0,18,0,0,0,0,0,0,1,1,6,2,35,6,1686,2,7,-1,1
2014950003780,3,9,0,18,0,0,0,0,0,0,1,1,6,1,75,10,-1,-1,-1,-1,3
2014950003780,4,9,0,18,0,0,0,0,0,0,2,1,6,1,41,7,2979,1,-1,-1,1
2014950003781,1,19,0,4,0,0,0,0,0,0,1,1,2,1,20,4,1753,2,6,-1,1
2014950003781,2,3,0,4,0,0,0,0,0,0,3,1,2,1,61,9,125,1,3,-1,1
2014950003781,3,9,0,4,0,0,0,0,0,0,2,1,2,1,36,7,1796,1,5,-1,-1
2014950003782,1,9,0,18,0,8,0,0,1,2,1,1,2,1,39,7,1587,1,12,-1,1
2014950003783,1,9,0,18,0,1,0,0,0,0,1,1,6,1,30,6,1328,1,7,-1,3
2014950003783,2,9,0,5,0,1,0,0,0,0,0,1,6,1,25,5,1973,1,14,-1,1
2014950003783,3,9,0,18,0,1,0,0,0,0,2,1,6,2,77,11,1149,1,11,-1,1
2014950003784,1,9,0,18,0,0,2,0,7,0,1,1,6,1,22,5,1124,1,7,-1,3
2014950003785,1,9,0,18,0,8,1,0,1,2,3,1,6,1,29,6,1839,1,18,-1,1
2014950003786,1,9,0,9,0,0,0,0,0,0,3,1,6,1,54,8,1968,2,1,-1,1
2014950003786,2,4,0,14,0,0,0,0,0,0,4,1,6,1,47,8,656,1,5,-1,1
2014950003787,1,9,0,18,0,8,0,0,0,0,1,1,6,1,18,4,1598,1,4,-1,1
2014950003788,1,9,0,18,0,0,0,0,0,0,1,1,6,2,36,7,-1,-1,-1,-1,3
2014950003788,2,9,0,18,0,0,0,0,0,0,3,1,6,1,42,7,1956,2,1,-1,1
2014950003793,1,9,0,18,0,1,0,0,1,0,1,1,6,2,29,6,1596,1,13,-1,3
2014950003796,1,9,0,18,0,0,0,0,0,0,1,1,6,2,29,6,1149,1,10,-1,-1
2014950003796,2,9,0,18,0,0,0,0,0,0,2,1,6,2,42,7,1598,1,7,-1,1
2014950003796,3,9,0,18,0,0,0,0,0,0,2,1,6,1,34,6,1598,1,7,-1,1
2014950003801,1,9,0,15,0,0,0,0,0,0,4,1,6,2,42,7,998,1,-1,-1,-1
2014950003808,1,9,0,18,0,2,0,0,0,0,1,1,6,2,24,5,1995,2,7,-1,1
2014950003808,2,9,0,4,0,2,0,0,0,0,2,1,6,1,30,6,1975,1,9,-1,1
2014950003808,3,19,0,4,0,2,0,0,0,0,2,1,6,1,30,6,1248,2,3,-1,1
2014950003808,4,9,0,18,0,1,0,0,0,0,2,1,6,1,51,8,1896,2,13,-1,2
2014950003838,1,9,0,16,0,1,1,0,0,0,1,1,6,1,44,7,1598,1,16,-1,1
2014950003838,2,9,0,17,0,8,0,0,0,0,3,1,1,1,41,7,1598,2,3,-1,1
2014950003841,1,9,0,17,0,0,2,0,1,9,1,1,6,1,18,4,1242,1,7,-1,-1
2014950003842,1,9,0,1,0,0,0,0,0,0,3,1,6,3,-1,-1,2987,2,5,-1,-1
2014950003844,1,9,0,16,0,0,0,0,0,0,3,1,6,2,35,6,1242,1,-1,-1,1
2014950003874,1,9,0,12,0,7,0,0,0,0,3,1,1,1,30,6,2231,2,-1,-1,1
2014950003874,2,9,0,18,0,8,0,0,5,0,4,1,6,1,54,8,1461,2,4,-1,1
2014950003874,3,10,0,18,0,8,0,0,0,0,3,1,1,1,63,9,2143,2,2,-1,2
2014950003876,1,19,0,18,0,0,1,0,0,0,1,1,1,1,42,7,2402,2,8,-1,1
2014950003876,2,9,0,18,0,0,0,0,0,0,4,1,6,1,52,8,-1,-1,-1,-1,1
2014950003876,3,21,0,18,0,0,0,0,0,0,3,1,1,1,51,8,12419,2,2,-1,3
2014950003877,1,9,0,18,0,0,5,0,1,4,1,1,6,1,23,5,-1,-1,-1,-1,3
2014950003878,1,9,0,18,0,2,0,0,0,0,3,1,6,1,-1,-1,1896,2,10,-1,-1
2014950003878,2,4,0,4,0,8,0,0,0,0,4,1,6,2,43,7,748,1,8,-1,1
2014950003879,1,11,0,3,0,0,0,0,0,0,0,1,1,2,28,6,7300,2,8,-1,1
2014950003880,1,9,0,18,0,0,0,0,1,1,1,1,6,1,26,6,1422,2,9,-1,2
2014950003882,1,9,0,18,0,0,0,0,0,0,1,1,6,1,45,7,1461,2,9,-1,1
2014950003882,2,9,0,18,0,0,0,0,0,0,1,1,6,2,46,8,1242,1,8,-1,3
2014950003884,1,1,0,11,0,0,0,0,0,0,1,1,2,1,55,8,-1,-1,-1,-1,2
2014950003885,1,9,0,18,8,0,1,0,1,10,4,1,6,2,51,8,1599,1,10,-1,2
2014950003887,1,9,0,16,0,0,1,0,7,4,1,1,6,2,31,6,1794,1,11,-1,3
2014950003890,1,9,0,5,0,2,0,0,0,0,1,1,6,1,65,9,2184,2,9,-1,1
2014950003890,2,9,0,4,0,2,0,0,0,0,2,1,6,1,56,9,1598,1,12,-1,3
2014950003892,1,9,0,18,0,0,0,0,0,0,1,1,6,2,36,7,-1,-1,-1,-1,2
2014950003892,2,9,0,4,0,0,0,0,0,0,2,1,6,1,21,5,1995,2,9,-1,3
2014950003898,1,8,0,18,0,0,0,0,0,0,4,1,1,1,43,7,2402,2,10,-1,1
2014950003902,1,9,0,18,0,0,0,0,0,0,1,1,6,1,66,10,1229,1,4,-1,1
2014950003905,1,9,0,18,0,8,0,0,0,0,4,1,6,1,19,4,1598,1,12,-1,1
2014950003905,2,90,0,9,0,8,0,0,0,0,3,2,6,1,57,9,-1,-1,-1,-1,-1
2014950003909,1,9,0,9,0,1,0,0,1,0,1,1,6,2,37,7,1461,2,2,-1,1
2014950003909,2,9,0,18,0,8,0,0,0,0,1,1,6,1,27,6,998,1,-1,-1,1
2014950003909,3,9,0,2,0,8,0,0,0,0,1,1,6,3,-1,-1,1396,1,2,-1,-1
2014950003914,1,3,0,16,0,2,1,0,0,0,1,1,6,1,41,7,124,1,7,-1,3
2014950003914,2,9,0,17,0,1,0,0,0,0,3,1,1,1,52,8,998,1,2,-1,1
2014950003917,1,9,0,18,0,0,0,0,0,0,1,1,6,2,47,8,1364,1,7,-1,1
2014950003917,2,10,0,18,0,0,0,0,0,0,2,1,1,2,61,9,-1,-1,-1,-1,2
2014950003917,3,19,0,18,0,0,0,0,0,0,2,1,6,1,51,8,1968,2,2,-1,1
2014950003920,1,9,0,18,0,4,0,0,0,0,1,1,6,2,36,7,-1,-1,-1,-1,3
2014950003920,2,19,0,5,0,3,0,0,0,0,4,1,6,1,22,5,1560,2,1,-1,2
2014950003921,1,9,0,18,0,0,0,0,3,10,1,1,6,2,31,6,1685,2,1,-1,1
2014950003922,1,11,0,5,0,1,0,0,0,0,0,1,1,1,37,7,7300,2,7,-1,1
2014950003924,1,9,0,18,0,0,1,0,1,0,2,1,6,1,20,4,1124,1,14,-1,1
2014950003924,2,8,0,18,0,0,0,0,0,0,1,1,1,1,47,8,2664,2,13,-1,1
2014950003927,1,9,0,2,0,2,0,0,0,0,1,1,6,2,67,10,1598,1,6,-1,1
2014950003927,2,9,0,2,0,2,0,0,0,0,2,1,6,3,-1,-1,1397,1,4,-1,-1
2014950003928,1,9,0,18,0,8,0,0,0,0,1,1,6,3,-1,-1,-1,-1,-1,-1,-1
2014950003929,1,9,0,18,0,8,0,0,0,0,1,2,6,1,25,5,-1,-1,-1,-1,1
2014950003934,1,9,0,17,0,0,2,0,7,0,3,1,6,2,28,6,1587,1,13,-1,3
2014950003936,1,20,0,7,0,8,0,0,0,0,4,1,1,1,44,7,6374,2,1,-1,2
2014950003936,2,1,0,7,0,8,0,0,0,0,1,1,6,1,53,8,-1,-1,-1,-1,1
2014950003937,1,21,0,18,0,0,0,0,0,0,1,1,1,1,32,6,8970,2,12,-1,1
2014950003937,2,9,0,3,0,0,0,0,0,0,2,1,6,1,31,6,1388,1,11,-1,1
2014950003937,3,19,0,3,0,0,0,0,0,0,2,1,6,1,68,10,-1,-1,-1,-1,1
2014950003938,1,4,0,18,0,0,0,0,0,0,1,1,2,1,36,7,998,1,7,-1,-1
2014950003939,1,11,0,18,0,0,0,0,0,0,0,1,1,1,62,9,9360,2,5,-1,1
2014950003940,1,1,0,18,9,1,0,0,0,0,1,1,6,1,8,2,-1,-1,-1,-1,-1
2014950003940,2,9,0,7,0,6,0,0,0,0,3,1,6,2,33,6,1796,1,2,-1,1
2014950003941,1,11,0,18,0,4,0,0,0,0,1,1,1,1,40,7,4500,2,3,-1,3
2014950003941,2,8,0,18,0,8,0,0,0,0,2,1,1,3,-1,-1,-1,-1,-1,-1,-1
2014950003942,1,19,0,18,9,1,0,0,7,0,1,1,6,3,-1,-1,2499,2,10,-1,-1
2014950003943,1,9,0,7,0,1,0,0,0,0,2,1,6,3,-1,-1,-1,-1,-1,-1,-1
2014950003943,2,11,0,18,0,1,0,0,0,0,1,1,1,1,22,5,9360,2,7,-1,-1
2014950003944,1,1,0,18,0,2,1,0,0,0,0,1,6,2,30,6,-1,-1,-1,-1,1
2014950003945,1,11,0,18,0,1,0,0,0,0,0,1,1,1,47,8,7300,2,8,-1,1
2014950003947,1,9,0,18,0,0,0,0,2,7,1,1,6,1,35,6,-1,-1,-1,-1,-1
2014950003948,1,9,0,9,0,8,0,0,0,0,1,1,6,1,30,6,899,1,1,-1,1
2014950003948,2,1,0,18,0,8,0,0,0,0,1,1,6,1,24,5,-1,-1,-1,-1,-1
2014950003950,1,9,0,5,0,1,0,0,0,0,4,1,6,2,33,6,1968,2,6,-1,1
2014950003969,1,9,0,18,0,0,0,0,0,0,3,1,6,2,56,9,1242,1,2,-1,2
2014950003970,1,9,0,18,0,0,0,0,0,0,1,1,6,2,33,6,1461,2,-1,-1,-1
2014950003970,2,19,0,18,0,0,5,0,1,0,3,2,6,1,51,8,-1,-1,-1,5,1
2014950003971,1,19,0,17,0,1,0,0,0,0,4,1,6,2,-1,-1,-1,-1,-1,-1,-1
2014950003971,2,1,0,18,0,1,0,0,0,0,1,1,2,1,38,7,-1,-1,-1,-1,1
2014950003972,1,11,0,4,0,1,0,0,0,0,0,1,1,1,23,5,4760,2,-1,-1,1
2014950003973,1,9,0,18,0,8,0,0,0,0,3,1,6,3,-1,-1,1390,1,6,-1,-1
2014950003973,2,1,0,18,0,8,0,0,0,0,1,1,6,1,44,7,-1,-1,-1,-1,1
2014950003974,1,19,0,18,0,0,0,0,7,4,1,1,6,1,39,7,2198,2,-1,-1,1
2014950003975,1,9,0,18,0,1,0,0,0,0,1,1,6,3,-1,-1,1299,1,13,-1,-1
2014950003975,2,9,0,10,0,1,0,0,0,0,2,1,6,2,30,6,1242,1,-1,-1,1
2014950003977,1,9,0,18,0,0,0,0,0,0,1,1,2,2,24,5,1242,1,10,-1,1
2014950003977,2,4,0,18,0,0,0,0,0,0,3,1,2,1,31,6,125,1,9,-1,3
2014950003981,1,9,0,2,6,1,0,0,0,0,3,1,6,1,30,6,1994,1,15,-1,1
2014950003981,2,1,0,14,4,1,5,8,0,0,1,1,2,2,54,8,-1,-1,-1,-1,1
2014950003981,3,9,0,3,4,1,0,0,0,0,4,1,1,1,49,8,998,1,10,-1,1
2014950003982,1,19,0,18,0,0,0,0,0,0,4,1,6,1,64,9,2402,2,7,-1,3
2014950003988,1,11,0,18,0,1,0,0,0,0,1,1,1,1,56,9,4250,2,4,-1,3
2014950003991,1,11,0,18,0,0,0,0,0,0,0,1,1,1,52,8,7300,2,7,-1,1
2014950003993,1,9,0,18,0,0,0,0,0,0,1,1,2,1,33,6,1781,1,14,-1,1
2014950003993,2,9,0,4,0,0,0,0,0,0,2,1,2,1,49,8,1998,1,7,-1,2
2014950004002,1,9,0,9,0,2,0,0,0,0,4,1,6,2,24,5,1341,1,12,-1,1
2014950004002,2,9,0,18,0,1,0,0,0,0,1,1,6,1,22,5,1995,2,8,-1,3
2014950004003,1,3,0,18,0,0,0,2,7,0,1,1,6,1,22,5,124,1,9,-1,1
2014950004003,2,19,0,18,0,0,0,0,0,0,1,1,1,1,46,8,1997,2,7,-1,2
2014950004021,1,19,0,1,0,1,0,0,0,0,2,1,1,1,23,5,2402,2,5,-1,3
2014950004021,2,9,0,3,0,1,0,0,0,0,1,1,6,1,31,6,1796,1,2,-1,1
2014950004031,1,9,0,9,0,8,0,0,0,0,1,1,2,1,26,6,1149,1,10,-1,2
2014950004031,2,9,0,18,0,8,0,0,0,0,1,1,2,1,27,6,1242,1,5,-1,1
2014950004034,1,90,0,6,0,0,5,0,0,0,4,1,1,1,40,7,953,2,5,-1,3
2014950004040,1,9,4,18,0,0,0,0,0,0,0,1,1,1,29,6,-1,-1,-1,-1,1
2014950004040,2,9,0,18,0,0,0,11,0,0,3,1,2,2,56,9,1349,1,3,-1,2
2014950004040,3,9,0,18,0,0,0,11,0,0,1,1,6,2,59,9,1242,1,7,-1,2
2014950004041,1,9,0,14,0,1,0,0,0,0,1,1,6,2,56,9,1796,2,1,-1,1
2014950004041,2,9,0,18,0,2,0,0,0,0,1,1,2,2,60,9,999,1,4,-1,2
2014950004042,1,9,0,18,0,0,0,0,0,0,1,1,6,2,35,6,2497,2,15,-1,3
2014950004042,2,19,0,2,0,0,0,0,0,0,1,1,6,3,-1,-1,3198,2,-1,-1,-1
2014950004048,1,9,0,5,0,1,0,0,0,0,0,1,6,3,-1,-1,-1,-1,-1,-1,-1
2014950004048,2,11,0,5,0,2,0,0,0,0,0,1,1,1,46,8,9360,2,6,-1,1
2014950004052,1,11,0,3,0,0,0,0,0,0,0,1,1,3,-1,-1,-1,-1,-1,-1,-1
2014950004053,1,9,0,5,0,1,0,0,0,0,1,1,6,2,36,7,1399,1,4,-1,3
2014950004053,2,4,0,3,0,1,0,0,0,0,2,1,6,1,60,9,645,1,2,-1,1
2014950004059,1,9,0,17,0,2,0,0,0,0,1,1,6,1,22,5,1997,2,6,-1,3
2014950004061,1,9,0,18,0,1,0,0,0,0,1,1,2,1,48,8,1339,1,11,-1,1
2014950004062,1,9,0,5,0,8,0,0,0,0,3,1,6,2,49,8,1998,1,7,-1,1
2014950004062,2,11,0,18,0,1,0,0,0,0,1,1,1,1,56,9,9360,2,7,-1,1
2014950004069,1,19,0,16,0,0,0,0,0,0,1,1,1,1,58,9,1896,2,10,-1,1
2014950004069,2,9,0,18,0,0,0,0,0,0,2,1,6,1,71,10,1199,1,12,-1,1
2014950004069,3,9,0,3,0,0,0,0,0,0,2,1,1,1,27,6,1248,1,2,-1,1
2014950004069,4,9,0,3,0,0,0,0,0,0,2,1,6,1,37,7,1598,1,5,-1,1
2014950004071,1,9,0,18,0,0,0,0,0,0,1,1,6,2,50,8,-1,-1,-1,-1,1
2014950004071,2,9,0,18,0,0,0,0,0,0,3,1,6,2,59,9,1598,2,1,-1,1
2014950004071,3,9,0,3,0,0,0,0,0,0,3,1,6,1,62,9,1956,2,1,-1,1
2014950004072,1,9,0,18,0,1,0,0,0,0,1,1,1,1,32,6,2494,2,1,-1,2
2014950004072,2,9,0,3,0,1,0,0,0,0,2,1,1,1,27,6,1956,2,4,-1,1
2014950004072,3,9,0,3,0,1,0,0,0,0,2,1,6,2,62,9,1956,2,1,-1,1
2014950004072,4,9,0,9,0,1,0,0,0,0,2,1,6,1,42,7,1339,1,4,-1,3
2014950004073,1,9,0,5,0,8,0,0,0,0,2,1,6,2,53,8,2148,2,11,-1,1
2014950004073,2,4,0,18,0,8,0,0,0,0,1,1,6,2,35,6,955,1,10,-1,1
2014950004086,1,21,0,9,0,8,0,0,0,0,3,1,1,1,48,8,-1,-1,-1,-1,2
2014950004086,2,9,0,18,0,8,0,0,0,0,1,1,6,1,38,7,1910,2,7,-1,1
2014950004088,1,3,0,18,0,0,5,0,0,0,1,1,6,1,25,5,-1,-1,-1,-1,1
2014950004089,1,4,0,16,0,0,0,4,0,0,1,1,6,1,24,5,996,1,14,-1,1
2014950004089,2,9,0,2,0,0,0,0,0,0,3,1,6,3,-1,-1,1386,1,6,-1,-1
2014950004089,3,9,0,2,0,0,0,0,0,0,3,1,6,3,-1,-1,1796,1,6,-1,-1
2014950004090,1,9,0,9,0,2,0,0,0,0,3,1,6,1,56,9,1390,1,13,-1,1
2014950004094,1,1,0,18,0,0,0,4,0,0,3,1,6,1,39,7,-1,-1,-1,-1,-1
2014950004094,2,9,0,2,0,0,0,0,0,0,2,1,6,3,-1,-1,1997,2,9,-1,-1
2014950004097,1,19,0,18,0,1,0,0,0,0,4,1,6,1,27,6,-1,-1,-1,-1,3
2014950004101,1,9,0,7,0,8,0,0,0,0,3,1,6,1,25,5,1596,1,13,-1,1
2014950004101,2,9,0,18,0,2,5,0,7,0,1,1,6,1,61,9,1229,1,4,-1,2
2014950004107,1,9,0,18,0,1,0,0,0,0,3,1,6,2,25,5,1997,2,6,-1,1
2014950004107,2,9,0,18,0,1,0,0,0,0,1,1,6,1,23,5,1199,1,12,-1,1
2014950004109,1,9,0,12,0,8,0,0,0,0,1,1,6,1,52,8,2793,1,13,-1,1
2014950004109,2,9,0,18,0,8,0,0,0,0,1,1,6,1,35,6,1598,1,14,-1,2
2014950004115,1,9,0,18,0,0,0,0,0,0,3,1,6,1,34,6,-1,-1,-1,7,1
2014950004115,2,9,0,18,0,0,0,0,0,0,4,1,6,1,56,9,2996,1,5,-1,1