Accident_Index,Vehicle_Reference,Vehicle_Type,Towing_and_Articulation,Vehicle_Manoeuvre,Vehicle_Location-Restricted_Lane,Junction_Location,Skidding_and_Overturning,Hit_Object_in_Carriageway,Vehicle_Leaving_Carriageway,Hit_Object_off_Carriageway,1st_Point_of_Impact,Was_Vehicle_Left_Hand_Drive?,Journey_Purpose_of_Driver,Sex_of_Driver,Age_of_Driver,Age_Band_of_Driver,Engine_Capacity_(CC),Propulsion_Code,Age_of_Vehicle,Driver_IMD_Decile,Driver_Home_Area_Type
2014950004488,2,9,0,2,0,0,0,0,0,0,4,1,6,3,-1,-1,2494,1,12,-1,-1
2014950004489,1,9,0,18,0,0,0,0,8,11,1,1,6,2,18,4,1360,1,10,-1,2
2014950004490,1,4,0,5,0,2,1,0,1,1,4,1,6,1,53,8,749,1,15,-1,3
2014950004491,1,11,0,18,0,0,0,0,0,0,0,1,1,1,52,8,4760,2,-1,-1,-1
2014950004492,1,9,0,4,0,0,0,0,0,0,1,1,6,3,-1,-1,-1,-1,-1,-1,-1
2014950004492,2,1,0,18,0,0,0,0,0,0,1,1,6,2,36,7,-1,-1,-1,-1,2
2014950004493,1,9,0,18,0,3,0,0,0,0,1,1,6,2,56,9,1242,1,7,-1,3
2014950004494,1,9,0,18,0,0,0,0,0,0,1,1,6,1,18,4,1199,1,11,-1,3
2014950004495,1,9,0,18,0,0,0,0,0,0,1,1,6,2,34,6,-1,-1,-1,-1,1
2014950004496,1,10,0,18,4,0,0,0,0,0,4,1,1,1,66,10,1998,2,9,-1,3
2014950004496,2,1,0,18,4,0,0,0,0,0,3,1,6,2,46,8,-1,-1,-1,-1,1
2014950004498,1,11,0,3,0,1,0,0,0,0,0,1,1,1,41,7,9360,2,3,-1,1
2014950004499,1,9,0,17,0,0,5,0,1,9,1,1,6,1,25,5,993,1,13,-1,3
2014950004500,1,9,0,9,0,8,0,0,0,0,1,1,6,2,48,8,-1,-1,-1,-1,2
2014950004517,1,9,0,9,0,4,0,0,0,0,3,1,6,3,-1,-1,-1,-1,-1,-1,-1
2014950004517,2,1,0,9,0,8,0,0,0,0,1,1,6,1,41,7,-1,-1,-1,10,1
2014950004534,1,9,0,7,0,1,0,0,0,0,4,1,6,3,-1,-1,2179,2,3,-1,-1
2014950004534,2,1,0,18,4,1,0,0,0,0,1,1,6,1,46,8,-1,-1,-1,-1,1
2014950004540,1,9,0,18,0,0,0,0,0,0,1,1,6,1,73,10,1364,1,5,-1,2
2014950004541,1,9,0,18,0,3,1,0,7,0,0,1,6,2,34,6,1596,1,12,-1,1
2014950004542,1,11,0,18,2,1,0,0,0,0,0,1,1,1,51,8,7300,2,8,-1,1
2014950004543,1,9,0,7,0,3,1,0,1,11,1,1,2,2,43,7,1598,1,4,-1,3
2014950004545,1,9,0,18,0,1,0,0,0,0,3,1,6,3,-1,-1,-1,-1,-1,-1,-1
2014950004547,1,11,0,18,2,1,0,0,0,0,0,1,1,1,51,8,9360,2,5,-1,1
2014950004548,1,9,0,9,0,8,0,0,0,0,3,1,6,1,54,8,3200,1,8,-1,1
2014950004549,1,4,0,18,0,0,0,0,0,0,4,1,6,1,26,6,883,1,2,-1,1
2014950004550,1,9,0,18,0,0,0,0,0,0,1,1,6,2,40,7,1397,1,5,-1,1
2014950004550,2,9,0,18,0,0,0,0,0,0,2,1,6,2,56,9,2231,2,3,-1,2
2014950004550,3,19,0,18,0,0,0,0,0,0,1,1,1,1,27,6,1995,2,1,-1,1
2014950004550,4,9,0,4,0,0,0,0,0,0,2,1,6,2,34,6,1796,1,13,-1,2
2014950004551,1,1,0,18,0,8,0,0,0,0,1,1,6,2,-1,-1,-1,-1,-1,-1,-1
2014950004552,1,9,0,7,0,8,0,0,0,0,4,1,6,1,-1,-1,3189,1,9,-1,-1
2014950004552,2,1,0,18,0,8,0,0,0,0,3,1,6,1,28,6,-1,-1,-1,-1,1
2014950004553,1,9,0,3,0,1,0,0,0,0,1,1,6,1,66,10,1753,2,5,-1,3
2014950004553,2,9,0,3,0,1,0,0,0,0,2,1,6,2,21,5,998,1,12,-1,1
2014950004554,1,17,0,9,0,0,0,0,0,0,1,1,1,1,71,10,4400,2,9,-1,3
2014950004554,2,11,0,18,0,0,0,0,0,0,1,1,1,1,51,8,9360,2,6,-1,1
2014950004556,1,9,0,18,0,1,0,0,0,0,1,1,6,2,44,7,998,1,3,-1,3
2014950004557,1,1,0,18,0,0,0,0,0,0,1,1,6,1,39,7,-1,-1,-1,-1,-1
2014950004557,2,9,0,18,0,0,0,0,0,0,1,1,6,2,60,9,1586,1,11,-1,1
2014950004557,3,9,0,2,0,0,0,0,0,0,3,1,6,3,-1,-1,-1,-1,-1,-1,-1
2014950004558,1,9,0,18,0,1,0,0,0,0,1,1,6,1,50,8,1598,1,10,-1,3
2014950004558,2,9,0,2,0,1,0,0,0,0,2,1,6,3,-1,-1,1396,1,15,-1,-1
2014950004559,1,9,0,18,0,0,0,0,0,0,1,1,6,2,25,5,998,1,3,-1,2
2014950004559,2,9,0,3,0,0,0,0,0,0,2,1,6,1,41,7,1997,2,-1,5,1
2014950004560,1,9,0,18,0,1,0,0,0,0,1,1,6,1,42,7,2495,2,20,-1,3
2014950004560,2,9,0,4,0,1,0,0,0,0,2,1,6,1,24,5,1389,1,19,-1,1
2014950004561,1,9,0,18,0,1,0,0,0,0,4,1,6,1,35,6,1984,1,2,-1,3
2014950004562,1,11,0,4,0,1,0,0,0,0,0,1,1,1,34,6,7300,2,5,-1,3
2014950004563,1,9,0,18,0,8,0,0,0,0,1,1,6,2,91,11,1339,1,3,-1,1
2014950004563,2,9,0,18,0,8,0,0,0,0,4,1,6,1,30,6,1242,1,13,-1,-1
2014950004564,1,9,0,13,0,8,0,0,0,0,1,1,6,2,20,4,1600,1,3,-1,1
2014950004564,2,8,0,9,0,7,0,0,0,0,3,1,1,1,46,8,2499,2,4,-1,1
2014950004565,1,9,0,18,0,0,0,0,2,2,1,1,6,1,18,4,1598,1,12,-1,3
2014950004567,1,9,0,18,0,1,1,0,3,4,1,1,6,1,19,4,1124,1,10,-1,2
2014950004568,1,9,0,18,0,1,0,0,0,0,4,1,6,2,53,8,-1,-1,-1,-1,3
2014950004568,2,1,0,12,0,1,0,0,0,0,3,1,6,1,53,8,-1,-1,-1,-1,1
2014950004569,1,9,0,16,0,0,2,0,7,0,4,1,6,1,85,11,1240,1,8,-1,2
2014950004572,1,9,0,13,0,0,0,0,0,0,1,1,2,1,40,7,1229,1,1,-1,1
2014950004572,2,17,4,18,0,0,0,0,0,0,3,1,1,1,20,4,-1,2,4,-1,3
2014950004574,1,9,0,18,0,1,0,0,0,0,1,1,6,1,29,6,2000,1,5,-1,-1
2014950004574,2,9,0,3,0,7,0,0,0,0,2,1,6,1,54,8,1997,2,10,-1,1
2014950004600,1,11,0,4,0,8,0,0,0,0,0,1,1,1,34,6,7300,2,1,-1,1
2014950004601,1,8,0,5,0,8,0,0,0,0,1,1,6,3,-1,-1,2499,2,4,-1,-1
2014950004602,1,11,0,3,0,0,0,0,0,0,0,1,1,1,56,9,-1,2,15,-1,1
2014950004603,1,4,0,13,3,1,0,0,0,0,4,1,6,1,42,7,599,1,19,-1,1
2014950004603,2,9,0,9,0,8,0,0,0,0,1,1,6,1,61,9,1388,1,12,-1,1
2014950004604,1,9,0,18,0,2,0,0,0,0,4,1,6,1,44,7,1248,1,4,-1,1
2014950004604,2,9,0,2,0,2,0,0,1,0,1,1,6,3,-1,-1,1596,1,8,-1,-1
2014950004605,1,9,0,18,0,2,0,0,0,0,1,1,6,2,26,6,1975,1,14,-1,1
2014950004605,2,9,0,18,0,1,0,0,0,0,3,1,6,1,54,8,1796,1,6,2,1
2014950004622,1,9,0,13,0,0,0,0,1,0,1,1,6,1,20,4,998,1,10,-1,2
2014950004622,2,9,0,18,0,0,5,0,2,0,1,1,1,1,62,9,1991,2,9,-1,-1
2014950004622,3,9,0,18,0,0,0,0,0,0,4,1,6,1,21,5,1995,1,11,-1,1
2014950004629,1,4,0,18,0,0,5,0,1,0,1,1,6,1,43,7,-1,-1,-1,-1,3
2014950004629,2,9,0,18,0,0,0,0,0,0,1,1,2,1,36,7,2790,1,8,-1,1
2014950004630,1,9,0,18,0,4,0,0,0,0,1,1,6,2,50,8,1896,2,7,-1,1
2014950004630,2,1,0,18,0,8,0,0,0,0,1,1,6,1,34,6,-1,-1,-1,-1,1
2014950004631,1,9,0,6,0,8,0,0,0,0,3,1,6,1,62,9,1560,2,-1,-1,-1
2014950004631,2,3,0,18,0,8,0,0,0,0,1,1,6,2,20,4,125,1,3,-1,3
2014950004633,1,9,0,18,0,2,0,0,3,11,1,1,6,1,18,4,998,1,9,-1,1
2014950004639,1,8,0,3,0,1,0,0,0,0,4,1,6,1,76,11,2499,2,2,-1,1
2014950004643,1,9,0,16,0,0,0,0,7,1,1,1,6,1,77,11,1985,1,12,-1,2
2014950004653,1,9,0,16,0,3,1,0,1,11,1,1,2,2,48,8,1149,1,11,-1,1
2014950004654,1,9,0,18,0,2,0,0,0,0,1,1,6,1,78,11,1999,1,5,-1,1
2014950004656,1,9,0,16,0,0,1,0,0,0,1,1,6,1,70,10,1398,1,14,-1,1
2014950004656,2,90,0,17,0,0,0,0,1,0,1,1,1,1,58,9,-1,-1,-1,-1,3
2014950004657,1,9,0,17,0,0,2,0,1,11,1,1,6,1,78,11,1149,1,12,2,1
2014950004658,1,19,0,1,0,0,0,0,0,0,2,1,1,1,51,8,2148,2,7,-1,1
2014950004658,2,21,0,2,0,0,0,0,0,0,2,1,1,3,-1,-1,11946,2,4,-1,-1
2014950004659,1,9,0,18,0,0,0,0,1,1,1,1,6,2,22,5,998,1,4,-1,2
2014950004660,1,9,0,18,0,0,0,0,0,0,1,1,2,1,56,9,-1,-1,-1,-1,1
2014950004660,2,9,0,4,0,0,0,0,0,0,2,1,2,1,27,6,1956,2,4,-1,3
2014950004660,3,9,0,18,0,0,0,0,0,0,2,1,6,2,28,6,1149,1,10,-1,2
2014950004661,1,9,0,18,0,1,0,0,0,0,1,1,6,2,29,6,-1,-1,-1,-1,1
2014950004661,2,19,0,4,0,1,0,0,0,0,2,1,1,1,57,9,1868,2,12,-1,1
2014950004664,1,9,0,6,0,0,0,0,0,0,2,1,6,2,32,6,2204,2,7,-1,-1
2014950004664,2,9,0,18,0,0,0,0,0,0,1,1,6,1,46,8,1910,2,6,-1,1
2014950004665,1,9,0,18,0,0,0,0,0,0,1,1,1,3,-1,-1,-1,-1,-1,-1,-1
2014950004665,2,9,0,18,0,0,0,0,0,0,0,1,6,2,27,6,998,1,-1,-1,1
2014950004665,3,9,0,18,0,0,0,0,0,0,2,1,1,2,32,6,1596,1,6,-1,1
2014950004665,4,9,0,18,0,0,0,0,0,0,2,1,6,2,43,7,1198,1,10,-1,1
2014950004666,1,3,0,18,0,0,0,0,0,0,0,1,2,1,26,6,124,1,3,-1,3
2014950004667,1,9,0,18,0,2,0,0,0,0,4,1,6,2,39,7,1590,1,13,-1,1
2014950004668,1,1,0,18,0,0,0,0,0,0,1,1,6,2,29,6,-1,-1,-1,-1,1
2014950004668,2,9,0,18,0,0,0,0,0,0,1,1,6,1,47,8,2687,1,7,-1,1
2014950004669,1,1,0,18,0,0,0,0,0,0,1,1,6,2,37,7,-1,-1,-1,-1,1
2014950004669,2,9,0,2,0,0,0,0,0,0,1,1,6,1,-1,-1,-1,-1,-1,-1,-1
2014950004670,1,9,0,18,0,8,0,0,0,0,1,1,6,2,22,5,1600,1,10,-1,1
2014950004670,2,9,0,9,0,1,0,0,0,0,1,1,6,2,54,8,1390,1,2,-1,1
2014950004671,1,9,0,18,0,0,0,7,7,6,1,1,6,1,18,4,1396,1,11,-1,1
2014950004672,1,9,0,18,0,0,0,0,0,10,1,1,6,1,23,5,-1,-1,-1,-1,1
2014950004672,2,9,0,18,0,0,0,0,0,0,2,1,6,2,25,5,1798,1,6,-1,3
2014950004673,1,9,0,18,0,1,0,0,0,0,1,1,1,1,23,5,-1,-1,-1,-1,1
2014950004673,2,9,0,3,0,6,0,0,0,0,2,1,6,2,58,9,1242,1,6,-1,1
2014950004674,1,9,0,9,0,8,0,0,0,0,4,1,6,1,33,6,1995,1,6,-1,1
2014950004674,2,9,0,7,0,8,0,0,0,0,3,1,6,1,36,7,1364,1,8,-1,1
2014950004674,3,9,0,7,0,8,0,0,0,0,1,1,6,2,54,8,1390,1,9,-1,1
2014950004675,1,9,0,9,0,1,0,0,0,0,4,1,1,2,23,5,2993,2,8,-1,3
2014950004675,2,9,0,18,0,1,0,0,0,0,1,1,6,2,70,10,1368,1,5,-1,1
2014950004676,1,9,0,5,0,2,0,0,0,0,1,1,6,2,75,10,1498,1,9,-1,3
2014950004676,2,9,0,10,0,1,0,0,0,0,3,1,6,1,53,8,1968,2,6,3,1
2014950004677,1,9,0,18,0,8,0,0,0,0,3,1,6,2,64,9,1560,2,-1,-1,1
2014950004677,2,4,0,7,0,8,1,0,0,0,4,1,6,2,47,8,865,1,6,-1,1
2014950004678,1,9,0,5,0,0,0,0,0,0,0,1,6,3,-1,-1,-1,-1,-1,-1,-1
2014950004679,1,8,0,18,0,0,0,7,1,11,1,1,1,1,47,8,1997,2,1,-1,1
2014950004680,1,9,0,18,0,8,0,0,7,1,1,1,1,1,52,8,2179,2,1,-1,1
2014950004680,2,9,0,18,0,8,0,0,1,0,1,1,6,1,77,11,1329,1,2,-1,1
2014950004681,1,9,0,18,0,8,0,0,0,0,1,1,6,3,-1,-1,-1,-1,-1,-1,-1
2014950004681,2,1,0,18,0,8,0,0,0,0,2,1,6,1,16,4,-1,-1,-1,-1,3
2014950004684,1,9,0,1,0,0,0,0,0,0,0,1,6,1,19,4,1587,1,12,-1,2
2014950004684,2,19,0,16,0,0,0,0,1,10,1,1,6,2,29,6,1248,2,8,-1,3
2014950004686,1,19,0,18,0,0,0,0,0,0,1,1,1,2,43,7,2198,2,-1,-1,1
2014950004686,2,9,0,3,0,0,0,0,0,0,2,1,6,1,54,8,2967,2,-1,-1,-1
2014950004687,1,9,0,5,0,0,0,0,7,0,3,1,6,2,34,6,1995,1,7,-1,2
2014950004687,2,9,0,18,0,0,0,0,7,0,3,1,6,2,48,8,1390,1,2,-1,3
2014950004688,1,9,0,18,0,0,0,0,7,4,1,1,6,1,20,4,1910,2,7,-1,1
2014950004689,1,9,0,18,0,0,1,0,0,0,1,1,2,1,26,6,1248,2,5,-1,1
2014950004689,2,9,0,2,0,0,0,0,0,0,2,1,6,3,-1,-1,1796,1,13,-1,-1
2014950004690,1,9,0,18,0,0,0,0,0,0,1,1,6,1,35,6,-1,-1,-1,-1,3
2014950004690,2,9,0,18,0,0,0,0,0,0,4,1,6,2,38,7,1299,1,6,-1,1
2014950004691,1,9,0,9,0,2,0,0,0,0,1,1,6,1,23,5,998,1,15,-1,1
2014950004691,2,1,0,7,0,5,0,0,0,0,1,1,6,2,27,6,-1,-1,-1,-1,1
2014950004693,1,9,0,12,0,0,0,0,5,6,2,1,6,1,32,6,-1,-1,-1,-1,3
2014950004693,2,9,0,13,0,0,0,0,0,6,1,1,6,1,61,9,1587,1,10,-1,3
2014950004695,1,9,0,18,0,8,0,0,0,0,1,1,6,3,-1,-1,1798,1,12,-1,-1
2014950004695,2,9,0,9,0,8,0,0,0,0,4,1,6,1,37,7,1590,1,9,-1,1
2014950004697,1,9,0,9,0,2,0,0,0,0,1,1,6,1,65,9,1997,2,8,-1,3
2014950004697,2,1,0,18,4,1,0,0,0,0,3,1,6,1,23,5,-1,-1,-1,-1,1
2014950004698,1,1,0,12,4,8,0,0,0,0,4,1,6,1,27,6,-1,-1,-1,-1,1
2014950004699,1,8,0,6,0,1,0,0,0,0,0,1,1,2,51,8,2148,2,4,-1,1
2014950004701,1,9,0,18,0,0,0,0,0,0,1,1,6,2,34,6,2000,1,9,-1,2
2014950004702,1,9,0,9,0,8,0,0,0,0,1,1,6,2,79,11,1198,1,5,-1,1
2014950004702,2,4,0,18,0,8,0,0,1,11,4,1,6,2,48,8,749,1,8,-1,1
2014950004703,1,9,0,5,0,1,0,0,0,0,1,1,6,3,-1,-1,-1,-1,-1,-1,-1
2014950004703,2,1,0,18,0,1,0,0,0,0,4,1,6,2,21,5,-1,-1,-1,-1,1
2014950004704,1,9,0,5,0,8,0,0,0,0,4,1,6,2,58,9,1397,1,4,6,1
2014950004704,2,21,0,18,0,8,0,0,0,0,1,1,1,1,33,6,8970,2,10,-1,-1
2014950004705,1,9,0,18,0,8,0,0,0,0,4,1,6,2,53,8,-1,-1,-1,-1,2
2014950004705,2,1,0,18,0,8,0,0,0,0,1,1,6,2,33,6,-1,-1,-1,-1,2
2014950004708,1,8,0,18,0,1,0,0,0,0,1,1,1,1,57,9,2664,2,15,-1,1
2014950004708,2,8,0,18,0,1,0,0,0,0,2,1,1,1,54,8,2499,2,2,-1,1
2014950004709,1,9,0,18,0,1,0,0,0,0,1,1,6,2,58,9,1896,2,14,-1,1
2014950004709,2,9,0,3,0,1,0,0,0,0,2,1,6,2,53,8,1242,1,4,-1,1
2014950004710,1,11,0,4,2,1,0,0,0,0,0,1,1,1,40,7,8300,2,11,-1,1
2014950004711,1,9,0,5,0,0,1,0,0,0,1,1,1,1,22,5,1896,1,15,-1,1
2014950004711,2,9,0,2,0,0,0,0,0,0,2,1,6,3,-1,-1,1461,2,3,-1,-1
2014950004712,1,3,0,18,0,8,1,0,0,0,1,1,6,1,33,6,124,1,12,-1,1
2014950004712,2,9,0,18,0,8,0,0,0,0,1,1,2,1,46,8,1200,1,2,-1,2
2014950004713,1,9,0,16,0,0,0,0,7,0,1,1,6,2,51,8,2499,2,12,-1,1
2014950004715,1,9,0,16,0,0,0,0,0,0,1,1,1,2,50,8,1968,2,6,-1,3
2014950004715,2,9,0,18,0,0,0,0,0,0,1,1,6,2,28,6,1968,2,9,6,3
2014950004716,1,9,0,18,0,8,0,0,0,0,1,1,1,1,30,6,1560,2,2,-1,1
2014950004716,2,3,0,18,0,1,0,0,0,0,1,1,1,1,22,5,49,1,6,-1,1
2014950004717,1,9,0,17,0,0,0,0,1,0,1,1,6,2,58,9,2204,2,6,-1,1
2014950004718,1,9,0,18,0,0,0,4,0,0,1,1,6,1,31,6,1686,2,4,-1,2
2014950004718,2,9,0,2,0,0,0,0,1,0,3,1,6,3,-1,-1,1390,1,3,-1,-1
2014950004719,1,1,0,17,0,1,0,0,0,0,1,1,2,1,38,7,-1,-1,-1,-1,1
2014950004721,1,9,0,17,0,0,0,0,8,0,3,1,6,1,20,4,1124,1,14,-1,1
2014950004722,1,9,0,2,0,1,0,0,0,0,3,1,6,1,-1,-1,1900,2,8,-1,-1
2014950004722,2,1,0,18,0,1,0,0,0,0,4,1,6,2,22,5,-1,-1,-1,-1,-1
2014950004724,1,9,0,18,0,0,0,0,0,0,1,1,6,1,35,6,1598,1,14,-1,1
2014950004724,2,8,0,2,0,0,0,0,0,0,2,1,6,3,-1,-1,2499,2,7,-1,-1
2014950004735,1,19,0,18,9,2,0,10,1,0,1,1,6,3,-1,-1,-1,-1,-1,-1,-1
2014950004752,1,9,0,18,0,0,0,4,7,11,1,1,6,1,21,5,2616,1,10,-1,1
2014950004752,2,9,0,2,0,0,0,0,0,0,3,1,6,3,-1,-1,1796,1,10,-1,-1
2014950004752,3,9,0,2,0,0,0,0,0,0,3,1,6,3,-1,-1,-1,-1,-1,-1,-1
2014950004752,4,9,0,2,0,0,0,0,0,0,1,1,6,3,-1,-1,-1,-1,-1,-1,-1
2014950004753,1,19,0,11,0,0,0,0,0,0,1,1,1,1,21,5,2198,2,4,-1,-1
2014950004753,2,9,0,18,0,0,0,0,5,6,2,1,6,1,67,10,1422,2,6,-1,1
2014950004754,1,9,0,18,0,8,0,0,0,0,0,1,6,1,24,5,1396,1,5,-1,1
2014950004754,2,4,0,18,0,8,5,0,0,0,3,1,6,1,50,8,645,1,1,-1,1
2014950004755,1,9,0,9,0,0,0,0,0,0,4,1,6,2,46,8,1360,1,8,-1,1
2014950004755,2,9,0,18,0,0,0,0,0,0,1,1,6,2,66,10,996,1,1,-1,1
2014950004755,3,9,0,8,0,0,0,0,0,0,1,1,6,1,65,9,1896,2,13,-1,3
2014950004756,1,9,0,5,0,2,0,0,0,0,1,1,3,2,45,7,1229,1,1,-1,3
2014950004757,1,9,0,5,0,4,0,0,0,0,1,1,6,2,46,8,1000,1,1,-1,1
2014950004757,2,1,0,18,0,8,0,0,0,0,4,1,6,1,27,6,-1,-1,-1,-1,1
2014950004758,1,8,0,9,0,8,0,0,0,0,3,1,6,1,49,8,2499,2,3,-1,1
2014950004758,2,3,0,18,0,8,0,0,0,0,1,1,6,1,29,6,125,1,1,-1,1
2014950004759,1,3,0,7,0,8,0,0,0,0,4,1,2,1,44,7,125,1,10,-1,1
2014950004759,2,9,0,18,0,8,0,0,0,0,1,1,2,1,54,8,1995,2,5,-1,1
2014950004760,1,9,0,5,0,1,0,0,0,0,1,2,6,1,24,5,-1,-1,-1,-1,-1
2014950004760,2,1,0,5,0,1,0,0,0,0,2,1,6,1,48,8,-1,-1,-1,-1,1
2014950004762,1,9,0,14,0,0,0,0,0,0,1,1,2,2,38,7,1399,2,7,-1,-1
2014950004762,2,9,0,14,0,0,0,0,0,0,2,1,2,2,32,6,1582,2,6,-1,2
2014950004765,1,9,0,7,0,8,0,0,0,0,3,1,6,1,32,6,1968,2,9,-1,3
2014950004765,2,1,0,18,0,8,0,0,0,0,1,1,6,2,38,7,-1,-1,-1,-1,1
2014950004767,1,11,0,13,0,1,0,0,0,0,1,1,1,1,56,9,7300,2,8,-1,1
2014950004767,2,1,0,18,0,1,0,0,0,0,3,1,6,1,49,8,-1,-1,-1,-1,1
2014950004768,1,9,0,18,0,0,0,0,0,0,1,1,6,1,80,11,1390,1,14,-1,1
2014950004768,2,9,0,3,0,0,0,0,0,0,2,1,6,1,37,7,1956,2,2,-1,1
2014950004772,1,19,0,7,0,8,0,0,0,0,4,1,6,3,-1,-1,-1,-1,-1,-1,-1
2014950004772,2,1,0,18,0,8,0,0,0,0,3,1,6,2,56,9,-1,-1,-1,-1,1
2014950004773,1,19,0,18,0,0,0,0,0,0,1,1,2,1,45,7,1461,2,4,-1,3
2014950004773,2,9,0,4,0,0,0,0,0,0,2,1,6,1,48,8,1582,2,1,-1,1
2014950004796,1,9,0,17,0,0,0,0,0,0,1,2,6,1,70,10,-1,-1,-1,-1,-1
2014950004796,2,9,0,18,0,0,0,0,0,0,1,1,6,2,63,9,-1,-1,-1,-1,3
2014950004796,3,9,0,18,0,0,0,0,0,0,1,1,6,1,29,6,1598,2,3,9,1
2014950004797,1,9,0,5,0,0,0,0,0,0,4,1,6,2,37,7,2993,2,8,-1,1
2014950004798,1,9,0,7,0,2,0,0,0,0,1,1,6,1,59,9,1995,2,5,-1,1
2014950004798,2,9,0,18,0,8,0,0,0,0,4,1,6,1,65,9,1796,1,6,-1,1
2014950004799,1,9,0,9,0,1,0,0,0,0,1,2,6,1,79,11,1149,1,-1,-1,1
2014950004799,2,4,0,18,0,1,0,0,0,0,1,1,6,1,27,6,645,1,-1,-1,1
2014950004812,1,9,0,14,0,2,5,0,0,0,1,1,2,1,18,4,1149,1,10,-1,1
2014950004812,2,9,0,2,0,2,0,10,0,0,2,1,6,3,-1,-1,-1,-1,-1,-1,-1
2014950004812,3,8,0,2,0,2,0,0,0,0,2,1,6,3,-1,-1,2446,2,14,-1,-1
2014950004817,1,9,0,18,0,1,0,0,0,0,1,1,6,2,20,4,998,1,10,-1,1
2014950004817,2,9,0,7,0,8,0,0,0,0,2,1,6,1,24,5,1242,1,4,-1,1
2014950004818,1,9,0,1,0,1,0,0,0,0,2,1,6,2,34,6,-1,-1,-1,-1,1
2014950004819,1,4,0,16,0,0,0,0,1,0,1,1,6,2,54,8,487,1,6,-1,1
2014950004819,2,19,0,17,0,0,0,0,0,0,3,1,1,1,47,8,2198,2,4,-1,1
2014950004820,1,4,0,17,0,0,1,0,7,0,4,1,2,1,47,8,487,1,9,-1,2
2014950004821,1,9,0,18,0,0,0,0,1,4,1,1,6,1,29,6,1596,1,14,-1,-1
2014950004822,1,9,0,9,0,8,0,0,7,0,1,1,6,1,25,5,1328,1,4,-1,1
2014950004822,2,9,0,18,0,1,0,0,0,0,1,1,6,1,21,5,998,1,-1,-1,1
2014950004823,1,9,0,18,0,0,0,0,0,0,1,1,2,1,47,8,3199,1,14,-1,-1
2014950004824,1,1,0,18,0,0,0,0,0,0,1,1,6,1,7,2,-1,-1,-1,-1,-1
2014950004824,2,9,0,18,0,0,0,0,0,0,4,1,6,2,30,6,1769,1,10,-1,1
2014950004825,1,11,0,3,0,0,0,0,0,0,4,1,1,1,47,8,9360,2,3,-1,1
2014950004826,1,11,0,4,2,0,0,0,0,0,0,1,1,1,59,9,9360,2,3,-1,1
2014950004829,1,9,0,18,0,1,0,0,0,0,1,1,2,2,18,4,-1,-1,-1,-1,3
2014950004829,2,9,0,9,0,8,0,0,0,0,2,1,6,1,38,7,-1,-1,-1,5,3
2014950004830,1,9,0,7,0,8,0,0,7,0,1,1,6,1,25,5,1800,1,14,-1,1
2014950004830,2,9,0,7,0,8,0,0,0,0,2,1,6,2,22,5,1198,1,2,-1,1
2014950004830,3,9,0,8,0,1,0,0,0,0,1,1,6,1,23,5,1586,1,3,-1,1
2014950004830,4,9,0,-1,0,0,0,0,0,0,0,1,1,3,-1,-1,2953,1,2,-1,-1
2014950004834,1,9,0,18,0,1,0,0,0,0,1,1,2,1,44,7,1299,1,10,-1,1
2014950004834,2,9,0,10,0,1,0,0,0,0,2,1,2,1,51,8,1240,1,9,-1,1
2014950004835,1,9,0,5,0,0,0,0,0,0,0,1,6,2,28,6,1461,2,6,5,1
2014950004835,2,19,0,18,0,0,0,0,0,0,1,1,1,1,54,8,2402,2,5,-1,1
2014950004835,3,90,0,18,0,0,0,0,0,0,2,1,1,1,48,8,-1,-1,-1,-1,2
2014950004836,1,9,0,17,0,0,0,0,7,4,1,1,2,2,22,5,1461,2,12,-1,-1
2014950004837,1,9,0,17,0,0,1,0,1,11,2,1,6,2,27,6,1461,2,4,-1,2
2014950004838,1,9,0,18,0,8,0,0,0,0,1,1,6,1,75,10,1590,1,13,-1,1
2014950004838,2,9,0,18,0,8,0,0,0,0,3,1,6,1,50,8,1995,1,10,-1,1
2014950004839,1,9,0,17,0,0,0,0,2,7,1,1,2,1,31,6,2494,1,14,-1,1
2014950004840,1,9,0,17,0,2,2,0,2,0,4,1,6,2,24,5,1124,1,12,-1,2
2014950004841,1,9,0,9,0,8,1,0,0,0,1,1,6,1,24,5,2198,2,8,-1,3
2014950004841,2,9,0,18,0,1,0,0,0,0,1,1,6,1,48,8,1999,1,7,-1,3
2014950004842,1,9,0,18,0,0,0,0,0,0,1,1,6,1,67,10,1596,1,3,-1,1
2014950004842,2,9,0,18,0,0,0,0,0,0,2,1,2,1,53,8,1998,1,8,-1,1
2014950004843,1,9,0,18,0,0,0,0,0,0,1,1,6,2,21,5,1198,1,3,-1,1
2014950004844,1,9,0,9,0,8,0,0,0,0,4,1,2,1,27,6,1388,1,10,-1,1
2014950004844,2,1,0,18,0,1,0,0,0,0,1,1,6,1,29,6,-1,-1,-1,-1,-1
2014950004846,1,9,0,7,0,8,0,0,0,0,1,1,2,1,19,4,1149,1,12,-1,1
2014950004846,2,9,0,18,0,1,0,0,0,0,1,1,2,2,48,8,-1,-1,-1,-1,3
2014950004847,1,19,0,17,0,0,2,0,7,4,1,1,2,1,27,6,1560,2,1,6,1