Accident_Index,Vehicle_Reference,Vehicle_Type,Towing_and_Articulation,Vehicle_Manoeuvre,Vehicle_Location-Restricted_Lane,Junction_Location,Skidding_and_Overturning,Hit_Object_in_Carriageway,Vehicle_Leaving_Carriageway,Hit_Object_off_Carriageway,1st_Point_of_Impact,Was_Vehicle_Left_Hand_Drive?,Journey_Purpose_of_Driver,Sex_of_Driver,Age_of_Driver,Age_Band_of_Driver,Engine_Capacity_(CC),Propulsion_Code,Age_of_Vehicle,Driver_IMD_Decile,Driver_Home_Area_Type
2014950004848,1,9,0,17,0,0,2,10,1,11,1,1,1,1,26,6,1422,2,5,-1,1
2014950004849,1,9,0,18,0,1,0,0,0,0,3,1,6,1,38,7,4163,1,1,-1,1
2014950004850,1,9,0,18,0,1,0,0,0,0,1,1,6,2,29,6,1968,2,8,-1,3
2014950004850,2,9,0,3,0,1,0,0,0,0,2,1,2,2,29,6,-1,-1,-1,-1,2
2014950004851,1,11,0,7,0,8,0,0,0,0,0,1,6,1,33,6,7300,2,9,-1,1
2014950004852,1,9,0,9,0,8,0,0,0,0,1,1,6,1,19,4,1149,1,12,-1,1
2014950004852,2,9,0,18,0,8,0,0,0,0,3,1,6,1,48,8,1596,1,3,-1,1
2014950004855,1,9,0,18,0,0,1,0,1,2,3,1,2,1,27,6,2800,1,15,-1,2
2014950004875,1,4,0,16,0,0,0,0,0,0,4,1,2,1,31,6,-1,-1,-1,-1,1
2014950004875,2,19,0,3,9,0,0,0,0,0,0,1,2,1,27,6,1998,2,8,-1,1
2014950004885,1,21,0,5,0,4,0,0,0,0,1,1,1,1,37,7,9290,2,1,-1,3
2014950004885,2,9,0,18,0,4,0,0,0,0,2,1,6,2,52,8,1560,2,1,6,1
2014950004886,1,3,0,18,0,8,0,0,0,0,3,1,1,1,24,5,125,1,11,-1,2
2014950004887,1,9,0,18,0,0,0,0,0,0,3,1,6,1,49,8,-1,-1,-1,-1,-1
2014950004888,1,9,0,18,0,1,0,0,0,0,1,1,2,1,22,5,1149,1,11,-1,2
2014950004888,2,9,0,3,0,1,0,0,0,0,2,1,6,1,52,8,1332,1,2,-1,1
2014950004889,1,9,0,9,0,8,0,0,0,0,1,1,6,1,56,9,1398,1,-1,-1,-1
2014950004889,2,4,0,15,0,8,0,0,0,0,1,1,2,1,45,7,649,1,4,-1,1
2014950004890,1,3,0,17,0,2,0,0,1,1,1,1,2,1,53,8,124,1,18,-1,2
2014950004891,1,9,0,18,0,1,1,0,0,0,1,1,6,1,24,5,1198,1,2,-1,1
2014950004891,2,9,0,4,0,1,0,0,0,0,2,1,2,1,26,6,1360,1,13,-1,1
2014950004891,3,9,0,18,0,1,0,0,0,0,1,1,6,2,29,6,1598,1,10,-1,1
2014950004891,4,9,0,18,0,1,0,0,0,0,1,1,6,1,20,4,1242,1,5,-1,1
2014950004891,5,9,0,18,0,1,0,0,0,0,2,1,6,2,31,6,1197,1,2,-1,3
2014950004891,6,9,0,18,0,1,0,0,0,0,1,1,1,1,27,6,1995,1,9,-1,1
2014950004892,1,9,0,18,0,0,0,0,0,0,1,1,2,2,30,6,1124,1,10,-1,1
2014950004892,2,9,0,4,0,0,0,0,0,0,2,1,1,1,41,7,2000,2,2,-1,1
2014950004892,3,19,0,18,0,0,0,0,0,0,1,1,2,1,33,6,1560,2,5,-1,-1
2014950004892,4,19,0,4,0,0,0,0,0,0,1,1,1,1,51,8,1248,2,5,-1,1
2014950004892,5,9,2,4,0,0,0,0,0,0,2,1,6,1,31,6,1242,1,1,-1,1
2014950004893,1,9,0,18,0,1,0,0,0,0,1,1,6,1,31,6,1896,2,6,-1,1
2014950004893,2,9,0,3,0,1,0,0,0,0,2,1,6,1,35,6,1390,2,12,-1,1
2014950004894,1,3,0,14,0,1,1,0,0,0,1,1,6,1,20,4,124,1,13,-1,-1
2014950004894,2,19,0,9,0,2,0,0,0,0,3,1,1,1,45,7,1461,2,7,-1,3
2014950004894,3,19,0,3,0,1,0,0,0,0,1,1,1,1,49,8,1995,2,2,-1,1
2014950004895,1,9,2,5,0,8,0,0,0,0,3,1,6,1,29,6,1240,1,10,-1,1
2014950004895,2,1,0,18,0,8,0,0,0,0,1,1,6,2,44,7,-1,-1,-1,-1,1
2014950004896,1,9,0,4,0,0,0,0,0,0,2,1,6,2,27,6,1198,1,3,-1,1
2014950004896,2,9,0,4,0,0,0,0,0,0,1,1,6,1,45,7,1968,2,3,-1,1
2014950004897,1,9,0,17,0,0,2,0,7,11,4,1,6,2,25,5,1493,2,8,-1,-1
2014950004898,1,9,0,18,0,1,0,0,0,0,4,1,6,2,48,8,1995,2,-1,-1,-1
2014950004898,2,9,0,9,0,1,0,0,0,0,1,1,6,2,-1,-1,1598,1,1,-1,1
2014950004899,1,9,0,5,0,8,1,0,0,0,2,1,6,1,38,7,1598,1,9,-1,1
2014950004899,2,1,0,5,0,8,0,0,7,0,2,1,6,1,42,7,-1,-1,-1,-1,2
2014950004900,1,9,0,7,0,0,0,0,0,0,0,1,6,3,-1,-1,-1,-1,-1,-1,-1
2014950004900,2,11,0,4,2,0,0,0,0,0,0,1,1,1,37,7,4760,2,-1,-1,-1
2014950004901,1,19,0,18,0,3,0,0,0,0,3,1,6,3,-1,-1,-1,-1,-1,-1,-1
2014950004902,1,19,0,1,9,5,0,0,0,0,2,1,6,1,64,9,1995,2,-1,-1,1
2014950004904,1,4,0,17,0,0,1,0,1,9,4,1,6,1,52,8,1050,1,3,3,1
2014950004905,1,9,0,9,0,1,0,0,0,0,1,1,1,1,60,9,2495,2,19,-1,-1
2014950004905,2,9,0,18,0,1,0,0,0,0,1,1,6,1,80,11,1198,1,3,-1,1
2014950004906,1,9,0,18,0,0,0,0,0,0,1,1,2,1,26,6,1398,1,2,-1,1
2014950004906,2,19,0,3,0,0,0,0,0,0,2,1,2,1,21,5,1560,2,1,-1,1
2014950004906,3,9,0,3,0,0,0,0,0,0,2,1,2,2,37,7,2400,2,2,-1,1
2014950004906,4,21,0,3,0,0,0,0,0,0,3,1,1,1,57,9,10837,2,2,-1,1
2014950004909,1,9,0,18,0,0,0,0,0,0,1,1,6,3,-1,-1,1598,1,13,-1,-1
2014950004909,2,9,0,4,0,0,0,0,0,0,2,1,6,1,17,4,1149,1,12,-1,1
2014950004910,1,9,0,18,0,0,0,0,0,0,1,1,6,3,-1,-1,1339,1,11,-1,-1
2014950004910,2,9,0,3,0,0,0,0,0,0,2,1,6,1,49,8,1587,1,13,-1,1
2014950004912,1,9,0,9,0,8,0,0,0,0,1,1,6,1,44,7,1560,2,5,-1,1
2014950004912,2,9,0,11,0,1,0,0,0,0,1,1,1,2,42,7,1242,1,12,-1,2
2014950004919,1,1,0,16,0,0,0,0,0,0,1,1,6,1,42,7,-1,-1,-1,-1,1
2014950004919,2,9,0,17,0,0,0,0,0,0,1,2,6,1,57,9,4999,1,1,-1,1
2014950004924,1,90,0,18,0,1,0,0,0,0,1,1,6,3,-1,-1,-1,-1,-1,-1,-1
2014950004933,1,9,0,18,0,0,5,10,7,0,1,1,6,1,20,4,1248,2,5,4,1
2014950004934,1,9,0,18,0,0,0,0,7,6,1,1,6,2,38,7,1685,2,1,-1,1
2014950004934,2,9,0,4,0,0,0,0,0,0,2,1,1,1,32,6,2997,1,6,-1,3
2014950004936,1,4,0,18,0,1,0,0,0,0,4,1,6,1,83,11,865,1,5,-1,1
2014950004936,2,9,0,9,0,8,0,0,0,0,3,1,6,1,46,8,1149,1,8,-1,2
2014950004937,1,18,0,18,0,8,0,0,0,0,0,1,1,1,27,6,-1,-1,-1,-1,1
2014950004938,1,9,0,9,0,0,0,0,0,0,1,1,6,2,22,5,1396,1,9,-1,1
2014950004939,1,9,0,9,0,8,0,0,0,0,1,1,2,2,24,5,1839,1,10,-1,1
2014950004939,2,1,0,16,0,8,0,0,0,0,4,1,1,1,49,8,-1,-1,-1,-1,1
2014950004940,1,9,0,18,0,7,0,0,0,0,2,1,6,2,66,10,1422,2,5,-1,3
2014950004940,2,9,0,4,0,7,0,0,0,0,1,1,2,1,37,7,2993,2,1,-1,2
2014950004940,3,9,0,3,0,7,0,0,0,0,2,1,6,2,50,8,1587,1,6,-1,1
2014950004941,1,19,0,2,0,0,0,0,0,0,3,1,2,3,-1,-1,2198,2,2,-1,-1
2014950004941,2,1,0,18,0,0,0,8,0,0,1,1,6,1,41,7,-1,-1,-1,-1,1
2014950004942,1,9,0,4,0,0,0,0,0,0,4,1,6,1,-1,-1,-1,-1,-1,-1,-1
2014950004943,1,4,0,16,0,0,0,10,7,10,4,1,6,1,80,11,798,1,8,1,2
2014950004944,1,11,0,4,2,0,0,0,0,0,1,1,1,1,60,9,9360,2,3,-1,3
2014950004945,1,9,0,11,0,1,0,0,7,1,1,1,6,2,23,5,1198,1,9,-1,1
2014950004946,1,1,0,18,5,0,0,0,0,0,1,1,6,1,39,7,-1,-1,-1,-1,1
2014950004946,2,9,0,4,0,0,0,0,0,0,4,1,6,2,33,6,1560,2,1,-1,1
2014950004947,1,11,0,5,0,0,0,0,0,0,0,1,6,1,61,9,7300,2,11,-1,1
2014950004949,1,9,0,15,0,1,0,0,0,0,0,1,6,2,-1,-1,-1,-1,-1,-1,-1
2014950004949,2,1,0,5,0,1,0,0,0,0,0,1,6,2,21,5,-1,-1,-1,-1,1
2014950004950,1,9,0,6,0,8,0,0,0,0,3,1,6,2,37,7,1242,1,2,-1,1
2014950004950,2,9,0,18,0,8,0,0,0,0,1,1,6,1,39,7,1390,1,11,-1,1
2014950004951,1,9,0,18,0,8,0,0,1,10,3,1,6,1,19,4,-1,-1,-1,-1,1
2014950004951,2,9,0,18,0,8,0,0,0,0,1,1,6,1,20,4,1242,1,11,-1,1
2014950004952,1,9,0,7,0,8,0,0,0,0,1,1,6,2,26,6,1587,1,7,-1,1
2014950004952,2,1,0,18,0,8,0,0,0,0,3,1,6,2,25,5,-1,-1,-1,-1,1
2014950004954,1,9,0,5,0,0,0,0,2,7,3,1,6,2,81,11,1086,1,3,-1,1
2014950004954,2,11,0,18,0,0,0,0,0,0,4,1,1,1,46,8,9360,2,7,-1,1
2014950004955,1,11,0,4,0,0,0,0,0,0,0,1,1,1,46,8,7300,2,8,-1,1
2014950004956,1,9,0,13,0,0,0,0,0,0,4,1,6,1,45,7,1896,2,10,-1,1
2014950004956,2,1,0,18,0,0,0,0,0,0,3,1,2,1,33,6,-1,-1,-1,-1,1
2014950004957,1,9,0,18,0,0,0,0,0,0,1,1,6,2,37,7,1896,2,12,-1,1
2014950004957,2,9,0,18,0,0,0,0,0,0,2,1,3,2,25,5,2993,2,6,-1,1
2014950004958,1,9,0,18,0,8,0,0,0,0,0,1,6,3,-1,-1,-1,-1,-1,-1,-1
2014950004958,2,9,0,18,0,8,0,0,0,0,1,1,1,1,34,6,1997,2,8,-1,1
2014950004958,3,9,0,4,0,1,0,0,0,0,2,1,2,2,45,7,996,1,-1,-1,1
2014950004959,1,9,0,18,0,0,0,0,0,0,4,1,6,2,45,7,1796,1,6,-1,3
2014950004960,1,11,0,18,0,2,0,0,0,0,0,1,1,1,57,9,9360,2,3,-1,1
2014950004961,1,17,0,5,8,0,0,0,0,0,1,1,2,1,23,5,4233,2,8,-1,3
2014950004961,2,9,0,18,0,0,0,8,0,0,1,1,6,2,34,6,1753,2,7,-1,1
2014950004962,1,9,0,5,0,1,0,0,0,0,1,1,6,2,30,6,2254,1,12,-1,1
2014950004962,2,19,0,18,0,2,0,0,0,0,2,1,1,1,47,8,1753,2,3,-1,1
2014950004963,1,9,0,18,0,0,0,0,0,0,1,1,1,1,45,7,1598,2,1,-1,1
2014950004963,2,9,0,3,0,0,0,0,0,0,2,1,2,1,27,6,-1,-1,-1,-1,1
2014950004964,1,1,0,9,0,8,0,0,0,0,4,1,6,1,57,9,-1,-1,-1,-1,1
2014950004964,2,9,0,5,0,1,0,0,0,0,1,1,2,1,22,5,1598,1,11,-1,1
2014950004966,1,9,0,18,0,8,0,0,0,0,1,1,6,1,22,5,899,1,-1,-1,1
2014950004966,2,9,0,9,0,1,0,0,0,0,3,1,2,1,40,7,1560,2,2,-1,1
2014950004967,1,9,0,16,0,0,1,10,7,10,1,1,6,2,18,4,1199,1,12,-1,3
2014950004968,1,9,0,18,0,3,0,0,0,0,1,1,6,2,83,11,-1,-1,-1,-1,1
2014950004969,1,19,0,5,0,1,0,0,0,0,1,1,6,1,-1,-1,2148,2,5,-1,-1
2014950004969,2,9,0,3,0,1,0,0,0,0,2,2,6,2,41,7,-1,-1,-1,-1,-1
2014950004970,1,9,0,18,0,0,0,0,0,0,1,1,6,2,20,4,1242,1,10,-1,1
2014950004970,2,19,0,4,0,0,0,0,0,0,2,1,6,1,61,9,2464,2,8,-1,1
2014950004971,1,2,0,18,0,2,0,0,0,0,1,1,6,1,22,5,49,1,3,-1,1
2014950004973,1,9,0,6,0,0,0,0,0,0,1,1,6,2,66,10,2179,2,1,-1,1
2014950004974,1,9,0,18,0,0,0,0,0,0,1,1,6,1,26,6,-1,-1,-1,-1,1
2014950004975,1,9,0,5,0,1,0,0,0,0,1,1,6,2,53,8,-1,-1,-1,-1,1
2014950004975,2,1,0,18,0,1,0,0,0,0,1,1,6,2,47,8,-1,-1,-1,-1,1
2014950004976,1,4,0,16,0,0,0,10,7,11,3,1,6,1,42,7,1100,1,17,-1,1
2014950004977,1,9,0,18,0,0,0,0,5,6,3,1,6,2,26,6,998,1,-1,-1,1
2014950004978,1,9,0,18,0,1,0,0,0,0,1,1,6,2,-1,-1,-1,-1,-1,-1,-1
2014950004978,2,9,0,3,0,1,0,0,0,0,2,1,6,1,33,6,-1,-1,-1,-1,1
2014950004979,1,19,0,18,0,1,0,0,0,0,1,1,2,1,19,4,1995,2,3,-1,1
2014950004979,2,9,0,4,0,1,0,0,0,0,2,1,6,1,20,4,1149,1,12,-1,1
2014950004980,1,9,0,9,0,8,0,0,0,0,1,1,1,1,48,8,1997,2,3,-1,1
2014950004980,2,3,0,18,0,1,0,7,0,0,1,1,6,1,19,4,125,1,6,-1,1
2014950004982,1,9,0,18,0,8,0,12,0,0,1,1,6,3,-1,-1,1398,2,10,-1,-1
2014950004985,1,1,0,12,0,1,0,0,0,0,2,1,2,1,62,9,-1,-1,-1,-1,1
2014950004985,2,9,0,18,0,1,0,0,0,0,4,1,2,1,33,6,1781,1,13,-1,1
2014950004986,1,9,0,9,0,1,0,0,0,0,3,1,2,2,49,8,1364,1,5,-1,3
2014950004986,2,4,0,18,0,1,0,0,0,0,1,1,2,1,39,7,998,1,9,-1,1
2014950004987,1,9,0,9,0,1,0,0,0,0,4,1,2,2,60,9,1299,1,14,-1,1
2014950004987,2,1,0,18,0,0,0,0,0,0,1,1,6,1,21,5,-1,-1,-1,-1,1
2014950004988,1,9,0,9,6,1,0,0,0,0,1,1,2,1,22,5,1390,1,10,-1,1
2014950004988,2,1,0,18,0,1,0,0,0,0,3,1,2,1,51,8,-1,-1,-1,-1,1
2014950004989,1,9,0,18,0,1,0,0,1,2,1,1,6,2,43,7,1396,1,11,-1,1
2014950004990,1,9,0,18,0,0,0,4,0,0,4,1,6,1,31,6,1910,2,4,-1,2
2014950004990,2,9,0,2,0,0,5,0,7,0,4,1,6,3,-1,-1,1388,1,9,-1,-1
2014950004990,3,9,0,2,0,0,0,0,0,0,3,1,6,3,-1,-1,1388,1,11,-1,-1
2014950004991,1,19,0,18,0,0,0,0,0,0,1,1,2,1,24,5,2198,2,8,-1,1
2014950004991,2,19,0,18,0,0,0,0,0,0,2,1,2,1,48,8,2198,2,5,-1,3
2014950004995,1,9,0,17,0,0,0,0,1,4,1,1,2,2,32,6,1596,1,15,-1,2
2014950004997,1,9,0,18,0,1,0,0,0,0,1,1,6,1,50,8,1493,2,10,-1,-1
2014950005009,1,9,0,18,0,0,0,0,0,0,1,1,6,1,24,5,1896,2,12,-1,1
2014950005009,2,9,0,18,0,0,0,0,0,0,2,1,6,1,68,10,-1,-1,-1,-1,2
2014950005009,3,19,0,18,0,0,0,0,0,0,2,1,6,1,47,8,2143,2,1,-1,1
2014950005015,1,1,0,18,0,1,0,0,0,0,1,1,6,1,35,6,-1,-1,-1,-1,1
2014950005015,2,9,0,18,0,1,0,0,0,0,1,1,6,1,19,4,1896,2,12,-1,1
2014950005015,3,9,0,18,0,2,0,0,0,0,3,1,6,1,18,4,1198,1,7,-1,-1
2014950005016,1,9,0,18,0,0,0,0,0,0,1,1,2,1,28,6,1599,1,10,-1,1
2014950005016,2,9,0,4,0,0,0,0,0,0,2,1,2,1,58,9,1560,2,1,-1,3
2014950005017,1,9,0,18,0,0,0,0,0,0,1,1,6,1,41,7,1598,2,2,-1,3
2014950005017,2,9,0,18,0,0,0,0,0,0,3,1,6,2,27,6,998,1,2,-1,2
2014950005018,1,9,0,18,0,0,0,0,0,0,3,1,6,1,35,6,1995,2,11,-1,1
2014950005018,2,9,0,18,0,0,0,0,0,0,2,1,2,1,23,5,-1,-1,-1,-1,2
2014950005019,1,11,0,13,2,1,0,0,0,0,4,1,1,3,-1,-1,-1,-1,-1,-1,-1
2014950005019,2,1,0,18,2,1,0,0,0,0,3,1,6,1,29,6,-1,-1,-1,-1,1
2014950005025,1,9,0,4,0,0,0,0,0,0,1,1,6,3,-1,-1,-1,-1,-1,-1,-1
2014950005026,1,9,0,9,0,6,0,0,0,0,1,1,6,2,67,10,2497,1,9,-1,-1
2014950005026,2,1,0,18,0,1,0,0,0,0,1,1,6,2,41,7,-1,-1,-1,-1,1
2014950005027,1,19,0,18,0,8,0,0,0,0,1,1,6,3,-1,-1,-1,-1,-1,-1,-1
2014950005027,2,1,0,5,0,3,0,0,0,0,4,1,6,1,38,7,-1,-1,-1,-1,1
2014950005027,3,9,0,5,0,3,0,0,0,0,0,1,6,1,69,10,-1,-1,-1,-1,-1
2014950005028,1,8,0,9,0,8,0,0,0,0,1,1,6,1,68,10,1997,2,3,-1,1
2014950005029,1,9,0,18,0,7,0,0,0,0,1,1,2,2,20,4,998,1,2,-1,1
2014950005029,2,9,0,3,0,7,0,0,0,0,2,1,2,2,20,4,1149,1,16,-1,1
2014950005030,1,9,0,18,0,2,0,0,0,0,1,1,1,1,45,7,1461,2,9,-1,1
2014950005031,1,9,0,18,0,1,0,0,0,0,1,1,6,2,57,9,1799,1,6,-1,2
2014950005032,1,9,0,16,0,0,0,0,0,0,1,1,6,3,-1,-1,-1,-1,-1,-1,-1
2014950005032,2,9,0,17,0,0,0,0,0,0,1,1,6,2,68,10,1328,1,10,-1,1
2014950005033,1,9,0,9,0,8,0,0,0,0,1,1,6,2,54,8,1329,1,4,-1,1
2014950005033,2,9,0,18,0,1,0,0,0,0,1,1,6,1,20,4,1598,1,9,-1,1
2014950005034,1,11,0,18,0,0,0,0,0,0,1,1,1,1,38,7,8300,2,12,-1,1
2014950005035,1,9,0,7,0,1,0,0,1,0,1,1,1,1,28,6,1390,1,-1,-1,1
2014950005035,2,1,0,15,0,8,0,0,0,0,1,1,6,1,18,4,-1,-1,-1,7,1
2014950005036,1,9,0,17,0,8,0,0,0,0,1,1,6,1,36,7,2000,2,3,-1,1
2014950005037,1,9,0,5,8,0,0,0,0,0,3,1,6,1,29,6,1999,1,12,-1,1
2014950005037,2,9,0,18,0,0,0,0,0,0,3,1,6,2,28,6,973,1,11,-1,1
2014950005038,1,9,0,4,0,1,0,0,0,0,3,1,6,1,65,9,1586,1,7,-1,1
2014950005039,1,9,0,16,0,0,0,0,1,10,1,1,6,2,45,7,1968,2,3,-1,3
2014950005041,1,9,0,16,0,1,0,0,0,0,3,1,6,2,53,8,-1,-1,-1,-1,2
2014950005041,2,11,0,18,0,1,0,0,0,0,1,1,1,1,46,8,9400,2,9,-1,1
2014950005042,1,9,0,16,0,0,1,10,7,11,1,1,2,1,19,4,1124,1,12,-1,2
2014950005043,1,9,0,18,0,0,0,0,7,1,1,1,6,1,58,9,1598,1,5,-1,-1
2014950005044,1,9,0,17,0,8,0,0,0,0,3,1,6,1,24,5,1796,1,9,-1,1
2014950005045,1,4,0,18,0,0,1,0,1,0,3,1,6,1,66,10,-1,-1,-1,5,1
2014950005045,2,19,0,9,0,0,0,0,0,0,0,1,6,1,39,7,2143,2,4,-1,1
2014950005046,1,8,0,7,0,0,0,0,0,0,4,1,1,1,56,9,2402,2,11,-1,1
2014950005046,2,1,0,18,0,0,0,0,0,0,1,1,2,1,34,6,-1,-1,-1,-1,-1
2014950005048,1,9,0,18,0,0,1,0,0,0,1,1,2,2,22,5,1587,1,9,-1,2
2014950005048,2,19,0,18,0,0,0,0,0,0,2,1,1,1,62,9,-1,-1,-1,-1,3
2014950005049,1,19,0,18,0,8,0,0,0,0,1,1,6,1,31,6,2402,2,6,-1,2
2014950005049,2,9,0,10,0,1,0,0,0,0,2,1,6,1,25,5,1796,1,9,-1,1
2014950005049,3,9,0,18,0,1,0,0,0,0,1,1,6,2,49,8,1461,2,1,-1,2
2014950005050,1,9,0,5,0,8,0,0,0,0,3,1,6,1,63,9,1896,2,8,-1,1
2014950005050,2,9,0,18,0,1,0,0,0,0,1,1,6,1,31,6,1560,2,2,-1,1
2014950005051,1,11,0,18,0,1,0,0,0,0,0,1,1,1,36,7,7300,2,6,-1,1
2014950005052,1,9,0,18,0,1,0,0,0,0,1,1,6,1,76,11,1368,1,4,6,1
2014950005052,2,9,0,18,0,1,1,0,0,0,1,1,2,1,48,8,1998,1,11,-1,1
2014950005052,3,9,0,4,0,1,0,0,0,0,2,1,1,1,47,8,3628,2,7,7,3
2014950005053,1,90,0,18,0,0,0,0,0,0,4,1,6,1,33,6,-1,-1,-1,-1,1
2014950005053,2,9,0,2,0,0,0,0,0,0,4,1,6,3,-1,-1,1798,8,2,-1,-1
2014950005054,1,9,0,18,0,1,0,0,0,0,1,1,6,1,32,6,1256,1,36,-1,3
2014950005054,2,9,0,18,0,1,0,0,0,0,2,1,6,1,25,5,1988,1,10,-1,1
2014950005055,1,4,0,18,0,1,0,0,0,0,3,1,2,1,57,9,885,1,15,-1,1
2014950005068,1,9,0,14,0,8,0,0,0,0,1,1,6,3,-1,-1,1796,1,13,-1,-1
2014950005068,2,9,0,18,0,1,0,0,0,0,1,1,6,1,63,9,1242,1,3,-1,1
2014950005079,1,9,0,5,0,8,0,0,0,0,3,1,6,1,27,6,1398,2,11,-1,1
2014950005079,2,11,0,18,0,1,0,0,0,0,4,1,1,1,41,7,7300,2,9,-1,3
2014950005080,1,9,0,18,0,0,0,0,0,0,1,1,6,1,57,9,1598,2,3,-1,2
2014950005080,2,9,0,4,0,0,0,0,0,0,2,1,6,1,33,6,1997,2,10,-1,1
2014950005082,1,19,0,18,0,0,0,0,0,0,4,1,6,3,-1,-1,1995,2,6,-1,-1
2014950005084,1,9,0,18,0,1,0,0,0,0,1,1,6,1,34,6,1490,1,6,-1,2
2014950005084,2,9,0,3,0,4,0,0,0,0,2,1,6,2,65,9,998,1,11,-1,2
2014950005085,1,11,0,18,0,0,0,0,0,0,0,1,6,1,56,9,8300,2,11,-1,1
2014950005086,1,9,0,2,0,8,0,0,0,0,3,1,6,3,-1,-1,1329,1,2,-1,-1
2014950005086,2,1,0,18,0,8,0,8,0,0,1,1,6,2,49,8,-1,-1,-1,-1,1
2014950005087,1,9,0,18,0,1,0,0,1,0,4,1,6,3,-1,-1,-1,-1,-1,-1,-1
2014950005089,1,9,0,18,0,0,0,12,1,0,1,1,6,1,35,6,1299,1,12,-1,2
2014950005090,1,9,0,3,0,1,0,0,0,0,1,1,6,2,-1,-1,-1,-1,-1,-1,-1
2014950005094,1,9,0,13,0,3,0,0,0,0,4,1,6,1,-1,-1,1242,1,5,-1,-1
2014950005094,2,1,0,9,0,3,0,0,0,0,3,1,2,1,44,7,-1,-1,-1,-1,1
2014950005132,1,9,0,12,0,1,0,0,0,0,3,1,6,2,31,6,2000,1,9,-1,1
2014950005132,2,9,0,18,0,1,0,0,0,0,4,1,6,1,50,8,1794,1,11,-1,1
2014950005149,1,11,0,4,2,0,0,0,0,0,0,1,1,1,47,8,9360,2,3,-1,1
2014950005151,1,11,0,7,0,8,0,0,0,0,1,1,6,1,61,9,9360,2,3,-1,1
2014950005151,2,9,0,18,0,8,0,0,0,0,2,1,6,2,65,9,1198,1,4,-1,1
2014950005152,1,9,0,18,0,1,0,0,0,0,1,1,6,2,-1,-1,1242,1,9,-1,1
2014950005152,2,9,0,3,0,1,0,0,0,0,2,1,6,1,55,8,1900,2,9,-1,3
2014950005153,1,9,0,9,0,8,0,0,0,0,4,1,2,1,36,7,-1,3,-1,-1,1
2014950005153,2,3,0,18,0,8,0,0,0,0,1,1,2,1,42,7,124,1,7,-1,1
2014950005154,1,11,0,5,0,0,0,0,0,0,0,1,1,1,56,9,9360,2,6,-1,1
2014950005155,1,9,0,9,0,8,0,0,0,0,3,1,6,1,57,9,1998,2,13,-1,3
2014950005155,2,9,0,8,0,8,0,0,0,0,1,1,6,1,65,9,-1,-1,-1,-1,3
2014950005156,1,9,0,17,0,0,0,0,7,0,1,1,6,1,44,7,1560,2,3,-1,-1
2014950005156,2,9,0,16,0,0,0,0,0,0,1,1,6,1,73,10,1997,2,5,-1,-1
2014950005156,3,9,0,18,0,0,0,0,0,0,2,1,6,1,29,6,1968,2,-1,-1,1
2014950005156,4,9,0,18,0,0,0,0,0,0,0,1,1,3,-1,-1,2993,2,-1,-1,-1
2014950005157,1,9,0,9,0,8,0,0,0,0,4,1,2,1,23,5,1598,2,1,-1,1
2014950005157,2,1,0,18,0,8,0,0,0,0,1,1,6,1,18,4,-1,-1,-1,-1,1
2014950005158,1,9,0,2,0,0,0,0,0,0,3,1,6,1,41,7,1242,1,1,-1,-1
2014950005158,2,1,0,13,0,0,0,0,0,0,1,1,2,1,47,8,-1,-1,-1,-1,1
2014950005159,1,8,0,9,0,1,0,0,0,0,1,1,1,1,54,8,1997,2,-1,-1,1
2014950005160,1,9,0,17,0,0,0,0,1,4,4,1,6,2,51,8,1198,1,3,-1,1
2014950005162,1,9,0,4,0,0,0,0,0,0,1,1,6,3,-1,-1,-1,-1,-1,-1,-1
2014950005162,2,9,0,4,0,0,0,0,0,0,2,1,6,1,54,8,1999,1,13,-1,-1
2014950005163,1,9,0,11,2,1,0,0,0,0,0,1,6,2,20,4,1242,1,3,-1,1
2014950005163,2,3,0,15,0,1,1,0,0,0,0,1,6,1,19,4,125,1,-1,-1,-1
2014950005163,3,9,0,18,0,1,0,0,0,0,0,1,6,3,-1,-1,-1,-1,-1,-1,-1
2014950005164,1,9,0,18,0,1,0,0,0,0,1,1,6,1,20,4,1242,1,11,-1,-1
2014950005164,2,9,0,18,0,1,0,0,0,0,2,1,6,1,47,8,1596,1,1,-1,-1
2014950005165,1,19,0,18,0,0,0,0,0,0,4,1,6,1,58,9,2477,2,11,-1,-1
2014950005166,1,9,0,18,0,0,0,0,0,0,1,1,6,1,21,5,2490,2,15,-1,1
2014950005166,2,9,0,18,0,0,0,0,0,0,1,1,6,1,43,7,1896,2,11,-1,3
2014950005167,1,1,0,7,0,8,0,0,0,0,4,1,1,1,54,8,-1,-1,-1,-1,1
2014950005168,1,9,0,18,0,0,1,0,0,0,1,1,6,2,31,6,1299,1,18,-1,1
2014950005170,1,9,0,16,0,3,0,0,1,2,1,1,1,2,20,4,998,1,12,-1,1
2014950005171,1,9,0,18,0,8,0,0,7,11,1,1,6,2,76,11,1390,1,9,-1,3
2014950005172,1,9,0,18,0,0,1,0,0,0,1,1,6,1,23,5,1199,1,13,-1,1
2014950005172,2,9,0,18,0,0,0,0,0,0,2,1,6,1,61,9,1560,2,5,-1,1