Accident_Index,Vehicle_Reference,Vehicle_Type,Towing_and_Articulation,Vehicle_Manoeuvre,Vehicle_Location-Restricted_Lane,Junction_Location,Skidding_and_Overturning,Hit_Object_in_Carriageway,Vehicle_Leaving_Carriageway,Hit_Object_off_Carriageway,1st_Point_of_Impact,Was_Vehicle_Left_Hand_Drive?,Journey_Purpose_of_Driver,Sex_of_Driver,Age_of_Driver,Age_Band_of_Driver,Engine_Capacity_(CC),Propulsion_Code,Age_of_Vehicle,Driver_IMD_Decile,Driver_Home_Area_Type
2014950005173,1,9,0,18,0,0,0,0,0,0,1,1,6,2,33,6,-1,-1,-1,-1,1
2014950005173,2,9,0,18,0,0,0,0,0,0,2,1,6,1,42,7,1598,2,2,-1,3
2014950005174,1,19,0,7,0,1,0,0,0,0,0,1,1,1,57,9,1868,2,9,-1,1
2014950005174,2,9,0,18,0,1,0,0,0,0,1,1,2,1,37,7,1248,2,8,-1,1
2014950005174,3,9,0,18,0,2,0,0,0,0,2,1,2,1,32,6,1956,2,1,-1,1
2014950005175,1,19,0,4,0,1,0,0,0,0,1,1,6,3,-1,-1,1868,2,10,-1,-1
2014950005175,2,9,0,3,0,1,0,0,0,0,2,1,6,1,25,5,1229,1,8,-1,1
2014950005177,1,9,0,5,0,4,0,0,0,0,1,1,6,2,55,8,1560,2,-1,-1,1
2014950005177,2,9,0,5,0,4,0,0,0,0,2,1,6,1,33,6,1299,1,12,-1,1
2014950005183,1,11,0,14,0,1,0,0,0,0,1,1,6,3,-1,-1,-1,-1,-1,-1,-1
2014950005201,1,9,0,18,0,2,0,0,0,0,1,1,2,2,27,6,1248,1,2,-1,1
2014950005201,2,1,0,18,0,1,0,0,0,0,1,1,2,1,42,7,-1,-1,-1,-1,1
2014950005202,1,9,0,1,0,5,0,0,1,11,1,1,2,2,40,7,1242,1,10,-1,1
2014950005204,1,9,0,9,0,8,0,0,0,0,1,1,6,2,26,6,1598,1,1,-1,1
2014950005204,2,4,0,18,0,1,0,0,0,0,1,1,6,1,31,6,1312,1,6,-1,1
2014950005206,1,2,0,13,0,8,0,0,0,0,1,1,2,1,17,4,49,1,-1,-1,1
2014950005206,2,11,0,9,0,8,0,0,0,0,3,1,1,1,63,9,9360,2,3,-1,1
2014950005208,1,9,0,4,0,1,0,0,0,0,1,1,6,1,-1,-1,-1,-1,-1,-1,-1
2014950005209,1,11,0,4,0,0,0,0,0,0,0,1,1,1,57,9,9360,2,5,-1,1
2014950005210,1,9,0,9,0,2,0,0,0,0,4,1,6,2,40,7,2401,2,7,-1,1
2014950005210,2,1,0,18,0,2,0,0,0,0,1,1,6,1,51,8,-1,-1,-1,-1,1
2014950005211,1,1,0,18,0,1,0,0,0,0,1,1,2,2,40,7,-1,-1,-1,-1,1
2014950005211,2,9,0,7,0,1,0,0,0,0,4,1,6,1,45,7,1595,2,4,-1,1
2014950005212,1,9,0,9,0,8,0,0,0,0,4,1,6,1,23,5,1390,1,5,-1,1
2014950005212,2,1,0,18,0,8,0,0,0,0,1,1,6,2,31,6,-1,-1,-1,-1,3
2014950005214,1,9,0,16,0,0,0,0,1,4,0,1,1,1,56,9,1896,2,8,-1,1
2014950005219,1,9,0,18,0,1,0,0,2,0,1,1,6,2,36,7,1198,1,6,-1,3
2014950005219,2,11,0,10,0,1,0,0,0,0,2,1,1,1,39,7,4250,2,11,-1,1
2014950005220,1,11,0,18,0,2,0,0,0,0,0,1,1,2,39,7,9360,2,7,-1,3
2014950005221,1,9,0,18,0,0,0,0,2,4,1,1,6,1,19,4,1149,1,12,-1,2
2014950005222,1,1,0,7,0,0,1,0,0,0,4,1,6,1,24,5,-1,-1,-1,-1,-1
2014950005230,1,9,0,16,0,8,0,0,0,0,1,1,6,2,54,8,1995,2,2,-1,3
2014950005230,2,9,0,18,0,8,0,0,0,0,3,1,6,2,18,4,1149,1,12,-1,3
2014950005234,1,4,0,18,0,0,0,0,0,0,1,1,6,1,47,8,1170,1,1,-1,1
2014950005234,2,9,0,18,0,0,0,0,0,0,2,1,6,1,48,8,1596,1,12,-1,1
2014950005234,3,9,0,4,0,0,0,0,0,0,2,1,6,2,26,6,-1,-1,-1,-1,1
2014950005235,1,9,0,18,0,1,0,0,0,0,4,1,6,1,65,9,1598,2,2,-1,1
2014950005236,1,11,0,5,0,1,0,0,0,0,0,1,1,1,43,7,9360,2,7,-1,1
2014950005237,1,19,0,16,0,0,2,0,0,0,1,1,1,1,23,5,1996,2,3,-1,2
2014950005238,1,8,0,18,0,1,0,0,0,0,1,1,6,1,-1,-1,2664,2,15,-1,-1
2014950005238,2,9,0,3,0,1,0,0,0,0,2,1,6,1,58,9,998,1,1,-1,2
2014950005239,1,9,0,18,0,2,0,0,0,0,1,1,6,1,86,11,1242,1,9,-1,1
2014950005240,1,9,0,9,0,8,0,0,0,0,1,1,6,2,41,7,1997,1,7,-1,1
2014950005240,2,4,0,18,0,1,0,0,0,0,1,1,6,1,20,4,598,1,13,-1,1
2014950005242,1,11,0,12,0,1,0,0,0,0,0,1,6,1,31,6,7300,2,7,-1,1
2014950005243,1,9,0,9,0,5,0,0,0,0,4,1,6,1,37,7,1590,1,9,-1,1
2014950005243,2,9,0,17,0,1,0,0,0,0,4,1,6,1,72,10,1242,1,5,-1,1
2014950005244,1,9,0,9,0,1,0,0,0,0,1,1,6,1,53,8,1368,1,1,-1,1
2014950005244,2,9,0,18,0,8,0,0,0,0,1,1,6,2,67,10,1560,2,3,-1,1
2014950005245,1,9,0,1,0,0,0,0,0,0,2,1,6,2,19,4,1242,1,2,-1,1
2014950005246,1,9,0,18,0,0,0,0,0,0,1,1,6,1,32,6,1598,2,2,-1,1
2014950005246,2,9,0,9,0,0,0,0,0,0,2,1,6,2,45,7,1598,1,2,-1,1
2014950005246,3,9,0,18,0,0,0,0,0,0,2,1,6,2,61,9,-1,-1,-1,-1,3
2014950005246,4,9,0,18,0,0,1,0,0,0,1,1,6,1,41,7,1199,1,13,-1,3
2014950005246,5,9,0,18,0,0,0,0,0,0,1,1,6,2,62,9,1582,2,7,-1,3
2014950005247,1,9,0,18,0,8,0,0,0,0,1,2,6,1,30,6,1199,1,12,-1,1
2014950005247,2,9,0,18,0,8,0,0,0,0,1,1,6,2,26,6,-1,-1,-1,-1,1
2014950005247,3,9,0,2,0,8,0,0,1,10,2,2,6,3,-1,-1,1796,1,10,-1,-1
2014950005247,4,9,0,2,0,8,0,0,0,0,2,1,6,3,-1,-1,1985,1,12,-1,-1
2014950005248,1,9,0,17,0,0,1,0,1,0,4,1,6,1,38,7,1240,1,4,-1,3
2014950005249,1,9,0,1,7,0,0,0,0,0,2,1,6,2,23,5,1560,2,-1,-1,2
2014950005252,1,4,0,18,0,1,2,0,0,0,1,1,1,1,48,8,1215,1,1,-1,1
2014950005253,1,9,0,5,0,8,0,0,0,0,1,1,1,1,59,9,1560,2,3,-1,1
2014950005254,1,9,0,13,0,8,0,0,0,0,1,1,6,1,19,4,-1,-1,-1,-1,2
2014950005254,2,9,0,9,0,8,0,0,1,2,4,1,6,1,21,5,1991,1,19,-1,3
2014950005255,1,9,0,18,0,0,0,0,0,0,1,1,6,1,32,6,-1,-1,-1,-1,1
2014950005255,2,9,0,4,0,0,0,0,0,0,2,1,6,2,39,7,2199,2,2,-1,1
2014950005260,1,9,0,4,0,4,0,0,0,0,1,1,6,2,-1,-1,-1,-1,-1,-1,-1
2014950005260,2,9,0,3,0,4,0,0,0,0,2,1,6,2,34,6,1997,2,3,-1,2
2014950005263,1,9,0,1,0,2,0,0,0,0,2,1,6,2,27,6,1398,1,1,4,1
2014950005267,1,9,0,12,0,0,0,0,0,0,0,1,6,1,45,7,1686,2,3,-1,3
2014950005267,2,4,0,18,0,0,0,0,0,0,0,1,6,1,32,6,599,1,6,-1,1
2014950005270,1,9,0,18,0,0,0,0,0,0,1,1,6,1,20,4,1242,1,11,-1,1
2014950005270,2,9,0,3,0,0,0,0,0,0,2,1,6,2,34,6,-1,-1,-1,-1,1
2014950005271,1,9,0,18,0,1,0,0,0,0,1,1,2,1,59,9,1248,2,6,-1,1
2014950005280,1,9,0,18,0,0,1,0,0,0,1,1,6,2,32,6,1248,2,-1,-1,3
2014950005280,2,9,0,18,0,0,0,0,0,0,2,1,6,2,20,4,1248,2,3,-1,3
2014950005280,3,9,0,18,0,0,0,0,0,0,2,1,6,1,40,7,1398,1,1,-1,3
2014950005280,4,9,0,18,0,0,0,0,0,0,2,1,6,1,59,9,2199,2,-1,6,1
2014950005298,1,9,0,7,0,1,0,0,0,0,1,1,6,2,51,8,1598,2,3,-1,1
2014950005299,1,11,0,10,0,1,0,0,0,0,4,1,1,1,55,8,7300,2,1,-1,1
2014950005306,1,11,0,18,0,1,0,0,0,0,0,1,1,1,56,9,7300,2,9,-1,3
2014950005318,1,11,0,18,2,0,0,0,0,0,0,1,1,1,41,7,9360,2,7,-1,-1
2014950005319,1,9,0,9,0,8,0,0,0,0,1,1,6,1,32,6,1197,1,-1,-1,-1
2014950005319,2,1,0,18,0,8,0,0,0,0,4,1,6,1,35,6,-1,-1,-1,-1,1
2014950005321,1,19,0,12,0,2,0,0,0,0,3,1,1,1,51,8,1248,2,1,-1,3
2014950005321,2,1,0,18,0,2,0,0,0,0,1,1,6,1,20,4,-1,-1,-1,-1,1
2014950005322,1,9,0,17,0,0,1,0,8,11,1,1,6,2,42,7,996,1,1,-1,2
2014950005324,1,9,0,6,0,0,0,0,0,0,3,1,6,1,59,9,1598,1,10,-1,1
2014950005324,2,4,0,18,0,0,0,0,0,0,1,1,6,1,56,9,-1,-1,-1,-1,1
2014950005325,1,9,0,9,0,2,0,0,0,0,3,1,6,2,66,10,1598,2,2,-1,1
2014950005327,1,20,0,9,0,5,0,0,0,0,1,1,6,3,-1,-1,-1,-1,-1,-1,-1
2014950005327,2,1,0,18,0,8,0,0,0,0,1,1,6,2,27,6,-1,-1,-1,-1,1
2014950005362,1,9,0,18,0,2,0,0,0,0,1,1,2,1,56,9,1596,1,2,-1,1
2014950005363,1,9,0,9,0,8,0,0,0,0,1,1,6,2,32,6,1149,1,8,-1,1
2014950005363,2,3,0,18,0,8,0,0,0,0,1,1,2,1,20,4,124,1,2,-1,2
2014950005365,1,9,0,6,0,0,0,0,0,0,1,1,6,1,46,8,2401,1,6,-1,1
2014950005365,2,9,0,13,0,0,0,0,0,0,1,1,6,1,52,8,1991,2,9,-1,1
2014950005366,1,9,0,18,0,0,1,0,7,6,1,1,6,1,70,10,-1,-1,-1,-1,3
2014950005366,2,9,0,3,0,0,0,0,0,0,2,1,6,1,37,7,3387,1,8,-1,2
2014950005366,3,9,0,3,0,0,0,0,0,0,2,1,6,1,37,7,1598,1,5,-1,1
2014950005366,4,9,0,3,0,0,0,0,0,0,2,1,2,1,49,8,1896,2,4,-1,1
2014950005367,1,9,0,17,0,1,0,0,0,0,0,1,6,2,30,6,998,1,4,-1,1
2014950005367,2,1,0,3,4,8,0,0,0,0,0,1,6,2,37,7,-1,-1,-1,-1,1
2014950005389,1,9,0,18,0,0,0,0,0,0,1,1,6,1,28,6,1900,2,9,-1,1
2014950005389,2,9,0,18,0,0,0,0,0,0,2,1,6,1,58,9,998,1,1,-1,1
2014950005395,1,19,0,6,0,0,0,0,0,0,1,1,1,1,63,9,2198,2,-1,-1,1
2014950005395,2,21,0,18,0,0,0,0,0,0,1,1,1,1,44,7,7146,2,6,-1,1
2014950005396,1,9,0,15,0,1,0,0,0,0,1,1,6,3,-1,-1,-1,-1,-1,-1,-1
2014950005396,2,1,0,7,0,1,0,0,0,0,2,1,6,1,62,9,-1,-1,-1,-1,2
2014950005397,1,11,0,18,0,2,0,0,0,0,0,1,1,1,55,8,9360,2,5,-1,1
2014950005398,1,11,0,18,0,8,0,0,0,0,2,1,1,1,55,8,7300,2,8,-1,1
2014950005399,1,9,0,18,0,1,0,0,0,0,1,1,6,2,21,5,1242,1,10,-1,1
2014950005401,1,9,0,18,0,0,0,0,0,0,3,1,6,1,24,5,1582,2,1,-1,1
2014950005402,1,9,0,18,0,0,0,4,0,0,1,1,6,2,42,7,1360,1,4,-1,1
2014950005402,2,9,0,2,0,0,0,4,0,0,1,1,6,3,-1,-1,1149,1,4,-1,-1
2014950005402,3,9,0,2,0,0,0,4,0,0,2,1,6,3,-1,-1,1587,1,11,-1,-1
2014950005403,1,11,0,4,2,1,0,0,0,0,0,1,1,1,40,7,-1,-1,-1,-1,-1
2014950005404,1,9,0,9,0,8,0,0,0,0,1,1,6,1,18,4,1349,1,4,-1,1
2014950005404,2,9,0,18,0,8,0,0,0,0,1,1,6,1,43,7,1498,1,3,-1,1
2014950005405,1,9,0,18,0,8,0,0,0,0,1,1,6,1,-1,-1,1968,2,8,-1,-1
2014950005405,2,9,0,18,0,8,0,0,0,0,3,1,6,1,21,5,1988,1,13,-1,1
2014950005405,3,9,0,18,0,1,0,0,0,0,0,1,1,1,43,7,1560,2,-1,-1,3
2014950005406,1,9,0,17,9,0,0,7,1,0,1,1,6,1,22,5,1900,2,9,-1,1
2014950005408,1,9,0,12,0,1,0,0,0,0,2,1,6,1,56,9,-1,-1,-1,-1,1
2014950005408,2,9,0,18,0,1,0,0,0,0,1,1,6,1,26,6,1895,1,13,-1,1
2014950005410,1,9,0,6,0,0,0,0,0,0,3,1,6,1,20,4,1364,1,7,-1,1
2014950005410,2,9,0,18,0,0,0,0,0,0,1,1,2,1,25,5,1596,1,1,-1,3
2014950005411,1,9,0,9,0,8,0,0,0,0,1,1,6,1,21,5,973,1,14,-1,1
2014950005411,2,9,0,18,0,8,0,0,0,0,1,1,6,1,29,6,1896,2,14,-1,1
2014950005412,1,8,0,2,0,1,0,0,0,0,3,1,1,1,62,9,2402,2,9,-1,1
2014950005412,2,9,0,14,0,1,0,0,0,0,4,1,2,2,54,8,998,1,6,-1,1
2014950005413,1,9,0,5,0,2,0,0,0,0,3,1,6,3,-1,-1,-1,-1,-1,-1,-1
2014950005413,2,19,0,2,0,1,0,0,0,0,3,1,6,1,33,6,2198,2,2,-1,1
2014950005424,1,1,0,18,5,0,0,4,0,0,1,1,6,1,36,7,-1,-1,-1,-1,1
2014950005424,2,19,0,2,0,0,0,0,0,0,2,1,6,3,-1,-1,2151,2,9,-1,-1
2014950005435,1,9,0,5,0,0,0,0,0,0,1,1,6,2,-1,-1,1598,2,3,-1,-1
2014950005436,1,9,0,18,0,0,0,0,0,0,1,1,1,1,28,6,1596,1,6,-1,1
2014950005437,1,9,0,18,0,0,0,0,0,0,3,1,6,1,45,7,2496,1,12,-1,1
2014950005437,2,9,0,18,0,0,0,0,0,0,2,1,2,2,43,7,1686,2,9,-1,1
2014950005437,3,9,0,18,0,0,0,0,0,0,3,1,2,1,41,7,1896,2,12,-1,1
2014950005438,1,9,0,18,0,0,0,0,0,0,0,1,6,1,47,8,1242,1,2,-1,2
2014950005439,1,9,0,18,0,8,0,0,0,0,1,1,6,1,37,7,1598,1,1,-1,1
2014950005439,2,9,0,18,0,8,0,0,0,0,2,1,6,2,29,6,1386,1,10,-1,1
2014950005440,1,9,0,4,0,0,0,0,0,0,2,1,6,3,-1,-1,1995,1,7,-1,-1
2014950005440,2,19,0,3,0,0,0,0,0,0,2,1,6,1,63,9,1248,2,7,-1,1
2014950005441,1,9,0,18,0,0,0,0,4,6,1,1,6,1,53,8,1910,2,8,-1,3
2014950005441,2,19,0,18,0,0,0,0,0,0,2,1,1,1,22,5,2198,2,-1,-1,3
2014950005456,1,9,0,9,0,8,0,0,0,0,1,1,1,1,70,10,1560,2,2,-1,1
2014950005456,2,1,0,18,0,1,0,0,0,0,1,1,6,1,26,6,-1,-1,-1,-1,1
2014950005457,1,9,0,4,0,1,0,0,0,0,1,1,6,1,43,7,1896,2,10,-1,1
2014950005457,2,9,0,4,0,4,0,0,0,0,2,1,6,1,26,6,1149,1,2,-1,1
2014950005458,1,9,0,18,0,8,0,0,0,0,1,1,6,1,34,6,1595,1,4,10,1
2014950005458,2,9,0,9,0,8,0,0,0,0,1,1,6,2,46,8,1362,1,2,-1,3
2014950005459,1,9,0,18,0,1,1,0,3,11,4,1,6,1,22,5,1497,1,11,-1,1
2014950005460,1,9,0,18,0,4,0,0,0,0,1,1,6,2,34,6,2967,2,3,-1,1
2014950005460,2,9,0,9,0,4,0,0,0,0,3,1,6,2,33,6,1124,1,12,-1,1
2014950005461,1,21,0,15,0,4,0,0,0,0,4,1,6,1,55,8,-1,-1,-1,-1,1
2014950005461,2,9,0,18,0,8,0,0,0,0,4,1,6,2,20,4,1596,1,5,-1,1
2014950005462,1,19,0,18,0,2,0,0,0,0,1,1,6,1,28,6,1998,2,12,-1,1
2014950005462,2,9,0,18,0,2,0,0,0,0,2,1,6,1,27,6,1598,2,-1,-1,-1
2014950005462,3,9,0,18,0,2,0,0,0,0,2,1,6,1,43,7,1997,2,9,-1,2
2014950005462,4,9,0,18,0,2,0,0,0,0,2,1,6,1,69,10,2000,2,3,-1,1
2014950005470,1,19,0,18,0,2,0,0,0,0,4,1,6,1,-1,-1,-1,-1,-1,-1,-1
2014950005470,2,4,0,18,0,2,0,0,0,0,3,1,6,2,40,7,499,1,6,-1,-1
2014950005471,1,9,0,18,0,2,0,0,0,0,1,1,6,2,49,8,1248,1,1,-1,1
2014950005471,2,9,0,18,0,8,0,0,0,0,4,1,6,1,73,10,1591,1,2,-1,1
2014950005473,1,9,0,9,0,0,0,0,0,0,1,1,6,2,86,11,1388,1,7,-1,1
2014950005473,2,9,0,2,0,0,0,0,1,0,4,1,6,3,-1,-1,1248,2,-1,-1,-1
2014950005473,3,9,0,2,0,0,0,0,0,0,1,1,6,3,-1,-1,1587,1,9,-1,-1
2014950005473,4,9,0,2,0,0,0,0,0,0,1,1,6,3,-1,-1,1598,1,12,-1,-1
2014950005474,1,9,0,16,0,0,0,0,7,1,1,1,6,2,38,7,1598,1,6,-1,1
2014950005475,1,9,0,18,0,0,0,0,0,0,1,1,6,1,34,6,2498,1,14,-1,2
2014950005475,2,9,0,2,0,0,0,0,1,0,2,1,6,3,-1,-1,1339,1,6,-1,-1
2014950005475,3,9,0,2,0,0,0,0,0,0,2,1,6,3,-1,-1,1242,1,-1,-1,-1
2014950005476,1,9,0,18,0,1,0,0,0,0,4,1,6,1,68,10,1995,2,9,-1,1
2014950005476,2,1,0,18,0,1,0,0,0,0,4,1,2,2,32,6,-1,-1,-1,-1,1
2014950005484,1,9,0,13,0,7,1,0,0,0,1,1,2,1,31,6,1390,1,5,-1,3
2014950005484,2,9,0,18,0,1,0,0,0,0,2,1,2,2,43,7,1198,1,3,-1,3
2014950005484,3,19,0,18,0,1,2,0,1,9,2,1,2,1,42,7,2198,2,4,-1,3
2014950005486,1,9,0,18,0,0,0,0,8,11,3,1,6,1,21,5,1997,2,10,-1,1
2014950005487,1,9,0,18,0,3,0,0,2,7,4,1,2,1,57,9,1364,2,5,-1,1
2014950005489,1,9,0,18,0,0,0,8,0,0,4,1,6,3,-1,-1,-1,-1,-1,-1,-1
2014950005489,2,9,0,2,0,0,0,0,0,0,3,1,6,3,-1,-1,1968,2,7,-1,-1
2014950005491,1,9,0,7,0,3,0,0,6,0,3,1,2,1,26,6,2494,1,13,-1,1
2014950005491,2,9,0,18,0,1,0,0,0,0,1,1,6,1,53,8,1796,1,6,-1,1
2014950005493,1,9,0,4,0,0,0,0,0,0,3,1,6,1,-1,-1,1796,2,1,-1,-1
2014950005493,2,19,0,3,0,0,0,0,0,0,2,1,6,1,21,5,1753,2,6,-1,2
2014950005495,1,9,0,18,0,0,0,0,0,0,1,1,6,1,51,8,-1,-1,-1,-1,3
2014950005495,2,9,0,4,0,0,0,0,0,0,2,1,2,1,48,8,1248,1,5,-1,-1
2014950005495,3,9,0,4,0,0,0,0,0,0,2,1,6,2,20,4,998,1,1,-1,-1
2014950005496,1,11,0,5,0,8,0,0,0,0,0,1,1,1,59,9,9360,2,3,-1,3
2014950005497,1,9,0,18,0,8,0,0,0,0,4,1,2,2,21,5,998,1,5,-1,1
2014950005498,1,11,0,5,0,4,0,0,0,0,1,1,1,1,61,9,6696,2,1,-1,1
2014950005498,2,1,0,9,0,3,0,0,0,0,4,1,6,1,47,8,-1,-1,-1,-1,3
2014950005499,1,9,0,13,0,4,0,0,0,0,1,1,6,3,-1,-1,-1,-1,-1,-1,-1
2014950005499,2,9,0,9,0,4,0,0,0,0,2,1,6,2,34,6,1396,1,13,-1,1
2014950005500,1,9,0,18,0,0,0,0,0,0,1,1,6,1,30,6,1781,7,13,-1,1
2014950005500,2,21,0,18,0,0,0,0,7,11,1,1,1,1,44,7,6692,2,2,-1,1
2014950005500,3,11,0,18,0,0,0,0,0,0,2,1,1,1,59,9,7300,2,8,-1,2
2014950005501,1,9,0,9,0,3,0,0,0,0,1,1,6,2,39,7,2148,2,9,-1,1
2014950005501,2,9,0,18,0,8,0,0,0,0,4,1,6,1,30,6,998,1,7,-1,1
2014950005502,1,9,0,9,0,8,0,0,0,0,0,1,6,1,35,6,1796,1,2,-1,1
2014950005502,2,9,0,18,0,2,0,0,0,0,0,1,4,2,44,7,1197,1,4,-1,1
2014950005503,1,9,0,18,0,4,0,0,0,0,1,1,6,2,23,5,1390,1,7,-1,2
2014950005503,2,9,0,3,0,4,0,0,0,0,2,1,6,2,39,7,1798,1,16,-1,2
2014950005504,1,9,0,18,0,3,0,0,0,0,1,1,6,1,61,9,-1,-1,-1,-1,1
2014950005504,2,9,0,18,0,1,0,4,0,0,1,1,6,1,60,9,996,1,5,-1,1
2014950005504,3,9,0,2,0,1,0,0,0,0,3,1,6,3,-1,-1,-1,-1,-1,-1,-1
2014950005505,1,9,0,4,0,1,0,0,0,0,1,1,6,2,54,8,1242,1,1,-1,2
2014950005505,2,9,0,4,0,1,0,0,0,0,2,1,6,2,55,8,1396,1,12,-1,1
2014950005506,1,9,0,17,0,0,5,0,1,0,1,1,6,1,21,5,1229,1,1,-1,1
2014950005507,1,1,0,12,0,1,0,0,0,0,0,1,2,1,59,9,-1,-1,-1,-1,1
2014950005516,1,9,0,18,0,1,0,0,0,0,1,1,6,1,27,6,1798,1,12,-1,1
2014950005516,2,8,0,5,0,1,0,0,0,0,2,1,1,1,52,8,2664,2,14,-1,1
2014950005520,1,9,0,5,0,0,0,0,0,0,0,1,6,2,62,9,1388,1,11,-1,3
2014950005522,1,11,0,16,0,0,1,0,1,11,1,1,1,1,50,8,10518,2,7,-1,2
2014950005526,1,9,0,11,0,1,0,0,0,0,1,1,2,1,25,5,1149,1,7,-1,1
2014950005526,2,9,0,4,0,1,0,0,0,0,2,1,6,1,53,8,1997,2,5,-1,1
2014950005528,1,11,0,18,0,1,0,0,0,0,0,1,1,3,-1,-1,-1,-1,-1,-1,-1
2014950005528,2,1,0,18,0,1,0,0,0,0,0,1,6,3,-1,-1,-1,-1,-1,-1,-1
2014950005531,1,9,0,9,0,2,0,0,0,0,3,1,6,1,85,11,1299,1,6,-1,1
2014950005531,2,9,0,18,0,1,0,0,0,0,1,1,6,1,33,6,1364,1,6,-1,1
2014950005535,1,19,0,18,0,1,0,0,0,0,1,1,6,3,-1,-1,1753,2,11,-1,-1
2014950005535,2,9,0,3,0,1,0,0,0,0,2,1,6,2,25,5,1598,1,1,-1,1
2014950005539,1,9,0,16,0,0,0,0,7,11,1,1,6,2,22,5,973,1,12,-1,3
2014950005544,1,9,0,6,0,8,0,0,0,0,3,1,1,1,56,9,1968,2,2,-1,1
2014950005544,2,9,0,18,0,8,0,0,0,0,1,1,2,1,36,7,1124,1,20,-1,1
2014950005545,1,9,0,18,0,1,0,0,1,0,1,1,6,1,38,7,1587,1,7,-1,1
2014950005546,1,11,0,18,2,0,0,0,0,0,0,1,1,1,49,8,9360,2,5,-1,2
2014950005547,1,9,0,17,0,0,0,0,0,0,1,1,6,1,21,5,1242,1,10,-1,1
2014950005547,2,9,0,18,0,0,0,0,0,0,1,1,6,1,50,8,1560,2,6,-1,3
2014950005569,1,9,0,7,0,5,0,0,0,0,1,1,6,1,-1,-1,2099,1,11,-1,-1
2014950005569,2,1,0,18,0,8,0,0,0,0,1,1,6,1,49,8,-1,-1,-1,-1,1
2014950005570,1,19,0,18,0,0,0,0,0,0,4,1,6,1,39,7,2198,2,1,-1,1
2014950005571,1,9,2,17,0,1,0,0,0,0,1,1,6,1,79,11,1396,1,1,-1,3
2014950005571,2,9,0,18,0,2,0,0,0,0,3,1,6,2,66,10,998,1,5,-1,1
2014950005572,1,9,0,1,0,2,0,0,0,0,2,1,6,1,18,4,1229,1,4,-1,3
2014950005573,1,4,0,18,0,0,0,0,0,0,3,1,2,1,38,7,636,1,10,-1,3
2014950005574,1,9,0,18,0,2,0,4,0,0,1,1,6,2,86,11,1339,1,9,-1,1
2014950005574,2,9,0,2,0,2,0,10,0,0,2,1,6,3,-1,-1,1248,2,10,-1,-1
2014950005575,1,9,0,18,0,0,0,0,0,0,3,1,6,1,19,4,1229,1,6,-1,3
2014950005577,1,21,0,11,0,3,0,0,0,0,4,1,1,1,54,8,12600,2,11,5,3
2014950005577,2,9,0,18,0,3,0,0,7,1,1,1,2,2,24,5,1360,1,4,-1,3
2014950005600,1,9,0,2,0,2,0,0,0,0,4,1,6,3,-1,-1,-1,-1,-1,-1,-1
2014950005600,2,1,0,14,0,1,0,0,0,0,3,1,6,1,58,9,-1,-1,-1,-1,1
2014950005602,1,9,0,1,0,8,0,0,0,0,2,1,6,1,17,4,2500,1,17,-1,1
2014950005602,2,9,0,3,0,8,0,0,0,0,1,1,2,2,59,9,1086,1,8,-1,1
2014950005609,1,9,0,12,0,0,0,0,0,0,3,1,6,2,79,11,1199,1,12,-1,1
2014950005609,2,9,0,18,0,0,0,0,7,2,4,1,6,1,40,7,1995,1,9,-1,1
2014950005610,1,9,0,18,0,0,0,0,0,0,4,1,6,1,18,4,1242,1,5,-1,1
2014950005611,1,9,0,18,0,2,0,0,0,0,1,1,6,2,69,10,1390,1,4,-1,3
2014950005611,2,9,0,18,0,1,1,0,0,0,1,1,6,2,51,8,1461,2,-1,-1,1
2014950005612,1,11,0,4,0,0,0,0,0,0,0,1,1,1,44,7,7300,2,6,-1,3
2014950005613,1,9,0,18,0,0,0,0,0,0,1,1,6,2,25,5,1339,1,2,-1,1
2014950005613,2,8,0,18,0,0,0,0,0,0,2,1,1,1,58,9,2499,2,4,-1,1
2014950005614,1,19,0,4,0,0,0,0,0,0,1,1,6,1,-1,-1,1870,2,11,-1,-1
2014950005614,2,9,0,3,0,0,0,0,0,0,2,1,6,2,46,8,1686,2,12,-1,1
2014950005629,1,9,0,11,0,0,0,0,0,0,3,1,6,2,56,9,1242,1,8,-1,1
2014950005629,2,10,0,18,0,0,0,0,0,0,1,1,1,1,46,8,-1,-1,-1,-1,1
2014950005633,1,19,0,18,0,1,0,0,0,0,1,1,2,1,33,6,1248,2,3,-1,1
2014950005633,2,9,0,18,0,1,0,0,0,0,1,1,2,1,53,8,1360,1,10,-1,1
2014950005633,3,9,0,18,0,1,0,0,0,0,2,1,6,2,20,4,998,1,1,-1,3
2014950005643,1,9,0,9,0,1,0,0,0,0,1,1,6,1,47,8,899,1,-1,-1,1
2014950005643,2,1,0,14,0,1,0,0,0,0,1,1,6,1,46,8,-1,-1,-1,-1,1
2014950005645,1,4,0,18,2,8,0,0,0,0,1,1,6,1,49,8,883,1,1,-1,1
2014950005645,2,9,0,7,0,8,0,0,0,0,4,1,2,2,44,7,1896,2,11,-1,1
2014950005647,1,9,0,18,0,0,0,11,0,0,4,1,6,1,75,10,1598,1,5,-1,1