Accident_Index,Vehicle_Reference,Vehicle_Type,Towing_and_Articulation,Vehicle_Manoeuvre,Vehicle_Location-Restricted_Lane,Junction_Location,Skidding_and_Overturning,Hit_Object_in_Carriageway,Vehicle_Leaving_Carriageway,Hit_Object_off_Carriageway,1st_Point_of_Impact,Was_Vehicle_Left_Hand_Drive?,Journey_Purpose_of_Driver,Sex_of_Driver,Age_of_Driver,Age_Band_of_Driver,Engine_Capacity_(CC),Propulsion_Code,Age_of_Vehicle,Driver_IMD_Decile,Driver_Home_Area_Type
2014950005647,2,19,0,2,0,0,0,0,0,0,3,1,6,3,-1,-1,1995,2,5,-1,-1
2014950005647,3,19,0,2,0,0,0,0,0,0,2,1,6,3,-1,-1,1995,2,6,-1,-1
2014950005647,4,19,0,2,0,0,0,0,0,0,1,1,6,3,-1,-1,1870,2,8,-1,-1
2014950005647,5,19,0,2,0,0,0,0,0,0,1,1,6,3,-1,-1,1998,2,9,-1,-1
2014950005648,1,11,0,5,0,8,0,0,0,0,0,1,1,1,39,7,7300,2,9,-1,1
2014950005649,1,9,0,16,0,1,0,0,0,0,1,1,6,1,24,5,1975,1,14,-1,2
2014950005649,2,9,0,18,0,1,0,0,0,0,1,1,6,1,20,4,1994,1,11,-1,1
2014950005649,3,19,0,2,0,1,0,0,0,0,3,1,6,3,-1,-1,1870,2,10,-1,-1
2014950005649,4,9,0,2,0,1,0,0,0,0,1,1,6,3,-1,-1,2000,2,4,-1,-1
2014950005650,1,8,0,3,0,1,0,0,0,0,1,1,1,1,51,8,2143,2,2,-1,1
2014950005650,2,9,0,3,0,1,0,0,0,0,2,1,2,2,20,4,998,1,2,-1,1
2014950005651,1,9,0,18,0,1,1,0,0,0,4,1,6,1,19,4,-1,-1,-1,-1,1
2014950005651,2,9,0,18,0,7,0,0,0,0,1,1,2,2,39,7,1997,2,2,-1,1
2014950005652,1,1,0,9,0,1,0,0,0,0,4,1,6,1,31,6,-1,-1,-1,-1,1
2014950005652,2,9,0,18,0,8,0,0,0,0,1,1,6,1,22,5,1598,1,6,-1,-1
2014950005653,1,9,0,16,0,0,0,0,1,4,3,1,6,1,30,6,1896,2,18,-1,1
2014950005654,1,9,0,18,0,0,0,0,0,0,1,1,6,1,40,7,2521,1,5,-1,-1
2014950005654,2,9,0,18,0,0,0,0,0,0,2,1,6,2,30,6,999,1,6,-1,-1
2014950005654,3,9,0,18,0,0,0,0,0,0,2,1,6,1,26,6,1596,1,5,-1,-1
2014950005656,1,1,0,14,0,0,0,0,0,0,4,1,6,1,48,8,-1,-1,-1,-1,1
2014950005657,1,9,0,7,0,8,0,0,0,0,3,1,6,1,37,7,1248,2,5,-1,3
2014950005657,2,9,0,18,0,8,0,0,0,0,4,1,2,2,47,8,-1,-1,-1,-1,3
2014950005658,1,9,0,9,0,8,0,0,0,0,1,1,6,1,41,7,1997,2,-1,-1,2
2014950005658,2,3,2,18,0,8,0,0,0,0,1,1,6,1,17,4,124,1,8,-1,3
2014950005659,1,9,0,5,0,8,0,0,0,0,1,1,6,2,38,7,1248,1,2,-1,2
2014950005661,1,9,0,18,0,0,0,0,0,0,1,1,6,1,53,8,2401,2,11,-1,3
2014950005661,2,1,0,18,0,0,0,0,0,0,2,1,6,1,75,10,-1,-1,-1,-1,3
2014950005662,1,9,0,9,0,8,0,0,0,0,1,1,6,1,80,11,1398,2,11,-1,1
2014950005662,2,1,0,18,0,8,0,0,0,0,1,1,6,1,43,7,-1,-1,-1,-1,1
2014950005663,1,9,0,4,0,2,0,0,0,0,1,1,2,1,42,7,1781,1,15,-1,1
2014950005665,1,9,0,16,0,0,0,0,7,4,3,1,6,1,21,5,2204,2,6,-1,3
2014950005674,1,10,0,18,0,0,0,0,0,0,3,2,6,1,64,9,-1,-1,-1,-1,3
2014950005674,2,21,0,18,0,0,0,0,0,0,4,2,1,1,54,8,-1,-1,-1,-1,1
2014950005681,1,9,0,18,0,8,0,0,0,0,1,1,6,2,37,7,1598,1,4,-1,1
2014950005681,2,1,0,18,0,8,0,0,0,0,2,1,6,1,48,8,-1,-1,-1,-1,1
2014950005686,1,19,0,9,0,2,0,0,0,0,4,1,6,1,34,6,1753,2,7,-1,1
2014950005686,2,1,0,18,0,8,0,0,0,0,1,1,2,2,57,9,-1,-1,-1,-1,1
2014950005688,1,9,0,18,0,2,0,0,0,0,1,1,6,1,44,7,1781,1,12,-1,1
2014950005688,2,9,0,3,0,2,0,0,0,0,2,1,2,2,24,5,1229,1,2,-1,3
2014950005708,1,11,0,18,0,0,0,0,0,0,0,1,6,1,47,8,9360,2,5,-1,1
2014950005709,1,9,0,18,0,2,0,0,0,0,1,1,6,1,48,8,-1,-1,-1,-1,1
2014950005737,1,9,0,11,0,1,0,0,0,0,1,1,6,3,-1,-1,-1,-1,-1,-1,-1
2014950005737,2,1,0,18,0,1,0,0,0,0,1,1,6,1,54,8,-1,-1,-1,-1,1
2014950005744,1,9,0,6,0,2,0,0,0,0,3,1,6,1,74,10,1296,1,7,-1,1
2014950005744,2,1,0,14,0,2,0,0,0,0,1,1,6,1,56,9,-1,-1,-1,-1,3
2014950005755,1,9,0,9,0,8,0,0,0,0,1,1,6,1,19,4,1598,1,13,-1,-1
2014950005755,2,9,0,18,0,8,0,0,0,0,1,1,6,2,72,10,1339,8,2,-1,-1
2014950005756,1,19,0,9,0,1,0,0,0,0,3,1,1,1,29,6,2198,2,6,-1,2
2014950005756,2,9,0,13,0,1,0,0,0,0,4,1,6,2,46,8,998,1,4,-1,3
2014950005762,1,9,0,15,0,0,0,11,0,0,1,1,6,2,59,9,1246,1,9,-1,-1
2014950005764,1,9,0,18,0,0,0,0,0,0,1,1,6,1,93,11,1596,1,9,-1,2
2014950005764,2,9,0,18,0,0,0,0,1,0,1,1,6,1,80,11,1598,1,9,-1,2
2014950005774,1,8,0,18,0,0,0,0,0,0,4,1,1,1,55,8,2499,2,3,-1,-1
2014950005785,1,3,0,18,0,4,0,0,0,0,3,1,2,1,17,4,124,1,12,-1,3
2014950005787,1,9,0,18,0,1,0,0,0,0,3,1,6,1,69,10,1339,1,1,-1,1
2014950005792,1,19,0,7,0,8,0,0,0,0,3,1,2,1,36,7,2198,2,-1,-1,1
2014950005792,2,1,0,18,0,8,0,0,0,0,1,1,2,1,36,7,-1,-1,-1,-1,3
2014950005813,1,9,0,9,0,8,0,0,0,0,3,1,1,2,45,7,1796,1,10,-1,-1
2014950005813,2,19,0,18,0,1,0,0,0,0,1,1,2,1,26,6,1868,2,14,-1,1
2014950005814,1,9,0,5,0,2,0,0,0,0,1,1,6,3,-1,-1,-1,-1,-1,-1,-1
2014950005814,2,2,0,5,0,2,0,0,0,0,2,1,6,1,39,7,108,1,1,-1,1
2014950005815,1,9,0,4,0,1,0,0,0,0,1,1,1,1,32,6,1998,2,10,-1,1
2014950005815,2,9,0,3,0,1,0,0,0,0,2,1,1,1,44,7,-1,-1,-1,-1,3
2014950005816,1,9,0,10,0,8,0,0,0,0,4,1,6,1,28,6,1799,1,8,-1,1
2014950005816,2,21,0,10,0,8,0,0,0,0,3,1,6,1,36,7,12777,2,5,-1,-1
2014950005817,1,21,0,18,0,0,0,0,2,11,1,2,1,1,51,8,4500,2,7,-1,1
2014950005818,1,90,0,7,0,6,0,0,0,0,1,1,1,1,49,8,-1,2,11,-1,1
2014950005818,2,9,0,18,0,1,0,0,1,1,4,1,2,2,56,9,1390,1,14,-1,1
2014950005819,1,11,0,3,0,0,0,0,0,0,0,1,1,1,40,7,7300,2,10,-1,1
2014950005820,1,9,0,18,0,0,0,0,0,0,1,1,6,2,34,6,1398,1,5,-1,2
2014950005820,2,9,0,18,0,0,0,0,0,0,2,1,6,2,61,9,1598,2,3,-1,2
2014950005821,1,9,0,9,0,2,5,0,1,2,1,1,6,1,31,6,1769,1,12,-1,2
2014950005822,1,9,0,18,0,0,0,0,0,0,1,1,6,1,-1,-1,-1,-1,-1,-1,-1
2014950005823,1,9,0,17,0,0,1,0,7,11,1,1,6,2,26,6,996,1,5,-1,1
2014950005824,1,1,0,18,9,1,0,0,0,0,1,1,6,2,41,7,-1,-1,-1,-1,1
2014950005824,2,9,0,3,0,1,0,0,0,0,4,1,6,2,34,6,1598,1,6,-1,2
2014950005825,1,1,0,18,0,1,0,0,0,0,0,1,6,1,39,7,-1,-1,-1,-1,1
2014950005826,1,11,0,4,0,0,0,0,0,0,0,1,1,1,40,7,4760,2,-1,-1,1
2014950005827,1,9,0,18,0,0,0,0,7,11,1,1,6,2,21,5,1229,1,8,-1,2
2014950005829,1,9,0,16,0,0,2,0,7,0,0,1,6,1,29,6,1368,1,10,-1,3
2014950005830,1,9,0,13,0,1,0,0,0,0,1,1,6,2,45,7,1193,1,1,-1,1
2014950005830,2,21,0,18,0,1,0,0,0,0,2,1,6,3,-1,-1,-1,-1,-1,-1,-1
2014950005830,3,9,0,18,0,2,0,0,0,0,3,1,6,2,40,7,2199,2,4,-1,3
2014950005837,1,9,0,18,0,0,1,0,1,10,1,1,2,2,28,6,1242,1,2,-1,1
2014950005844,1,9,0,18,0,0,0,0,1,9,1,1,2,2,53,8,1598,1,6,-1,2
2014950005848,1,11,0,-1,0,0,0,0,0,0,0,1,1,1,45,7,9360,2,5,-1,2
2014950005859,1,9,0,18,0,0,0,0,7,2,1,1,6,2,70,10,1598,1,1,-1,1
2014950005865,1,1,0,18,0,0,0,4,0,0,2,1,2,1,31,6,-1,-1,-1,-1,1
2014950005865,2,9,0,2,0,0,0,0,0,0,2,1,6,3,-1,-1,1242,1,7,-1,-1
2014950005871,1,19,0,18,0,4,0,0,0,0,4,1,6,1,17,4,4461,2,3,-1,-1
2014950005871,2,9,0,18,0,4,0,0,0,0,3,1,6,1,47,8,1198,1,6,-1,1
2014950005876,1,9,0,9,0,8,0,0,0,0,0,1,6,1,47,8,1956,2,-1,-1,1
2014950005876,2,1,0,18,0,8,0,0,0,0,0,1,6,1,66,10,-1,-1,-1,-1,1
2014950005882,1,11,0,-1,0,0,0,0,0,0,0,1,1,1,47,8,9360,2,3,5,1
2014950005882,2,19,0,-1,0,0,0,0,0,0,0,1,1,1,69,10,2151,2,13,-1,1
2014950005885,1,19,5,18,0,2,0,0,0,0,2,1,6,1,37,7,-1,-1,-1,-1,3
2014950005886,1,9,0,9,0,8,0,0,0,0,1,1,6,1,88,11,1998,2,18,-1,3
2014950005887,1,9,0,18,0,0,0,0,8,4,1,1,6,1,18,4,1229,1,3,-1,1
2014950005889,1,9,0,18,0,0,0,0,0,0,1,1,6,1,50,8,2720,2,7,-1,1
2014950005893,1,9,0,16,0,1,0,0,0,0,4,1,6,1,18,4,1149,1,12,-1,1
2014950005895,1,9,0,18,0,0,0,0,0,0,1,1,6,1,58,9,1229,1,6,-1,1
2014950005895,2,19,0,3,0,0,0,0,0,0,2,1,6,1,42,7,1995,2,2,-1,1
2014950005897,1,9,0,18,0,0,0,0,0,0,3,1,6,1,61,9,1596,1,1,-1,2
2014950005898,1,9,0,18,0,8,0,0,0,0,4,1,6,1,19,4,1229,1,-1,-1,1
2014950005898,2,9,0,18,0,1,0,0,0,0,1,1,6,2,35,6,1997,2,4,-1,1
2014950005898,3,9,0,18,0,1,0,0,0,0,1,1,6,1,26,6,-1,-1,-1,-1,1
2014950005899,1,9,0,11,0,0,0,0,5,6,1,1,1,2,49,8,1596,1,8,-1,2
2014950005899,2,9,0,18,0,0,0,0,2,1,3,1,1,1,40,7,1968,2,1,-1,3
2014950005903,1,1,0,18,9,0,0,0,0,0,0,1,6,1,20,4,-1,-1,-1,-1,1
2014950005908,1,9,0,9,0,2,0,0,0,0,1,1,6,1,42,7,1685,2,1,-1,1
2014950005909,1,9,0,18,0,0,1,6,0,0,1,1,6,2,19,4,1997,2,14,-1,1
2014950005910,1,9,0,17,0,0,1,0,8,4,1,1,2,1,36,7,1198,1,6,-1,1
2014950005911,1,9,0,5,0,8,0,0,0,0,1,1,2,2,43,7,1596,1,10,-1,1
2014950005911,2,9,0,18,0,1,0,0,0,0,1,1,1,1,59,9,1598,2,2,-1,1
2014950005911,3,19,0,4,0,1,0,0,0,0,1,1,1,1,28,6,2402,2,7,-1,1
2014950005919,1,9,0,9,0,8,0,0,0,0,1,1,6,1,35,6,1968,2,-1,-1,1
2014950005919,2,1,0,18,0,8,0,0,0,0,1,1,2,1,35,6,-1,-1,-1,-1,1
2014950005921,1,9,0,1,0,0,0,4,0,0,2,1,6,3,-1,-1,2685,2,10,-1,-1
2014950005921,2,19,0,2,0,0,0,0,0,0,1,1,6,1,-1,-1,4250,2,9,-1,-1
2014950005922,1,4,0,18,0,1,0,0,0,0,1,1,2,1,21,5,1084,1,14,-1,2
2014950005923,1,9,0,18,0,1,0,7,7,11,1,1,6,1,65,9,1910,2,7,-1,1
2014950005924,1,9,0,18,0,0,0,0,0,0,0,1,6,1,56,9,-1,-1,-1,-1,3
2014950005925,1,9,0,18,0,4,0,0,0,0,1,1,6,1,48,8,1587,1,8,-1,1
2014950005925,2,1,0,18,0,4,0,0,0,0,1,1,6,1,60,9,-1,-1,-1,-1,1
2014950005930,1,9,0,18,0,1,0,0,0,0,1,1,6,2,73,10,1499,1,-1,-1,3
2014950005930,2,19,0,12,0,1,0,0,0,0,1,1,6,1,35,6,2148,2,7,-1,1
2014950005932,1,9,0,14,0,1,1,4,0,0,1,1,3,1,44,7,1798,1,13,-1,1
2014950005932,2,9,0,2,0,1,0,0,0,0,2,1,6,3,-1,-1,1332,1,21,-1,-1
2014950005932,3,9,0,2,0,1,0,0,0,0,1,1,6,3,-1,-1,1999,1,12,-1,-1
2014950005933,1,9,0,9,0,8,0,0,0,0,3,1,1,1,40,7,1956,2,-1,-1,1
2014950005933,2,3,0,18,0,8,0,0,0,0,1,1,2,1,24,5,125,1,7,-1,1
2014950005934,1,9,0,18,0,0,0,0,0,0,1,1,6,1,54,8,1242,1,8,-1,1
2014950005934,2,9,0,4,0,0,0,0,0,0,2,1,6,1,59,9,1560,2,4,-1,1
2014950005935,1,19,0,11,0,1,0,0,0,0,4,1,6,1,46,8,5880,2,7,-1,-1
2014950005935,2,1,0,18,4,1,0,0,0,0,3,1,6,2,18,4,-1,-1,-1,-1,1
2014950005936,1,9,0,9,0,8,0,0,0,0,4,1,6,1,48,8,1896,2,9,-1,2
2014950005936,2,1,0,18,0,8,0,0,0,0,1,1,1,1,26,6,-1,-1,-1,-1,1
2014950005937,1,9,5,18,0,1,1,0,0,0,1,1,1,1,50,8,2198,2,1,-1,3
2014950005937,2,9,0,4,0,2,0,0,1,0,3,1,6,2,77,11,999,1,-1,-1,1
2014950005937,3,11,0,18,0,1,0,0,0,0,1,1,1,1,50,8,8300,2,10,-1,2
2014950005938,1,19,0,9,0,8,0,0,0,0,4,1,1,1,28,6,1248,2,5,-1,3
2014950005938,2,19,0,18,0,8,0,0,0,0,1,1,2,1,29,6,1998,2,13,-1,1
2014950005940,1,9,0,18,0,3,0,0,0,0,1,1,2,2,28,6,1198,1,2,-1,-1
2014950005940,2,9,0,18,0,3,0,0,0,0,2,1,2,2,58,9,1997,2,4,-1,1
2014950005941,1,4,0,12,0,1,0,0,0,0,2,1,6,1,47,8,599,1,7,-1,2
2014950005941,2,19,0,12,0,1,0,0,0,0,2,1,1,1,49,8,1248,2,8,-1,1
2014950005941,3,9,0,18,0,1,0,0,0,0,2,1,6,1,41,7,2993,2,-1,-1,3
2014950005942,1,9,0,18,0,0,0,0,0,0,1,1,6,2,70,10,1349,1,15,-1,1
2014950005942,2,9,0,4,0,0,0,0,0,0,2,1,2,2,24,5,1341,1,9,-1,1
2014950005942,3,9,0,18,0,0,0,0,0,0,1,1,1,1,61,9,1968,2,-1,-1,1
2014950005943,1,9,0,18,0,0,0,0,7,4,1,1,2,1,49,8,1896,2,13,-1,1
2014950005944,1,9,0,6,0,0,0,0,0,0,3,1,6,2,47,8,1984,1,1,-1,1
2014950005944,2,9,0,18,0,0,0,0,0,0,1,1,6,1,38,7,1124,1,13,-1,1
2014950005945,1,90,0,18,0,0,0,4,3,10,1,1,1,1,58,9,7146,2,1,-1,-1
2014950005945,2,9,0,2,0,0,0,0,0,0,2,1,6,3,-1,-1,1988,2,10,-1,-1
2014950005946,1,9,0,18,0,0,0,0,0,0,1,1,1,1,51,8,1461,2,10,-1,1
2014950005947,1,9,0,18,0,0,0,0,0,0,0,1,6,3,-1,-1,-1,-1,-1,-1,-1
2014950005948,1,9,0,18,0,0,0,0,0,0,1,1,1,1,46,8,1560,2,1,-1,1
2014950005949,1,9,0,5,0,1,0,0,0,0,0,1,1,1,26,6,1896,2,7,-1,1
2014950005950,1,9,0,7,0,0,0,0,0,0,4,1,6,2,49,8,2143,2,4,-1,1
2014950005950,2,1,0,18,0,0,0,0,0,0,1,1,6,1,47,8,-1,-1,-1,-1,1
2014950005951,1,9,0,4,0,0,0,0,3,10,1,1,6,2,80,11,1339,8,6,-1,1
2014950005951,2,9,0,2,0,0,0,0,0,0,1,1,6,3,-1,-1,1985,1,11,-1,-1
2014950005952,1,9,0,18,0,1,0,0,0,0,1,1,6,1,40,7,1398,2,-1,-1,1
2014950005952,2,9,0,4,0,1,0,0,0,0,2,1,6,1,38,7,1598,1,6,-1,1
2014950005963,1,9,0,18,0,0,0,0,1,7,1,1,6,1,37,7,1796,1,1,-1,3
2014950005963,2,21,0,18,0,0,0,0,0,0,2,1,1,1,44,7,10837,2,-1,-1,-1
2014950005963,3,19,0,18,0,0,0,0,0,0,2,1,2,1,35,6,1996,2,3,-1,1
2014950005963,4,9,0,18,0,0,0,0,0,7,2,1,2,2,59,9,2720,2,7,-1,1
2014950005969,1,2,0,5,0,8,0,0,0,0,1,1,1,2,57,9,49,1,4,-1,1
2014950005969,2,1,0,13,0,1,0,0,0,0,1,1,6,1,52,8,-1,-1,-1,-1,1
2014950006002,1,11,0,4,0,0,0,0,0,0,0,1,6,1,45,7,8268,2,13,-1,-1
2014950006003,1,9,0,18,0,1,0,0,0,0,1,1,6,1,20,4,1229,1,9,-1,3
2014950006003,2,9,0,4,0,1,0,0,0,0,2,1,1,1,41,7,-1,-1,-1,-1,1
2014950006003,3,9,0,10,0,1,0,0,0,0,2,1,2,2,48,8,1598,1,9,-1,1
2014950006004,1,9,0,13,0,2,0,0,0,0,1,1,6,1,35,6,-1,-1,-1,-1,3
2014950006004,2,1,0,9,0,1,0,0,0,0,2,1,6,2,27,6,-1,-1,-1,-1,1
2014950006007,1,9,0,18,0,1,0,0,0,0,1,1,6,2,43,7,1198,1,2,-1,-1
2014950006007,2,9,0,18,0,1,0,0,0,0,2,1,2,2,28,6,-1,-1,-1,-1,3
2014950006021,1,9,0,18,0,0,0,0,0,0,1,1,6,1,20,4,1349,1,5,-1,2
2014950006021,2,9,0,3,0,0,0,0,0,0,2,1,6,2,58,9,2179,2,3,-1,2
2014950006023,1,9,0,9,0,8,0,0,0,0,1,1,2,1,59,9,1587,1,12,-1,1
2014950006026,1,19,0,11,0,0,0,0,4,0,4,1,1,1,26,6,1753,2,6,-1,3
2014950006026,2,11,0,18,0,0,0,0,0,0,1,1,1,1,40,7,9000,2,9,-1,1
2014950006028,1,1,0,18,0,0,0,0,1,0,0,1,6,1,41,7,-1,-1,-1,-1,2
2014950006028,2,19,0,4,0,0,0,0,0,0,3,1,1,1,58,9,10837,2,4,-1,3
2014950006030,1,19,0,5,0,1,0,0,0,0,1,1,6,3,-1,-1,-1,-1,-1,-1,-1
2014950006030,2,1,0,3,0,1,0,0,0,0,2,1,6,1,24,5,-1,-1,-1,-1,2
2014950006031,1,9,0,9,0,8,0,0,0,0,1,1,6,1,78,11,1799,1,9,-1,2
2014950006031,2,1,0,18,0,1,0,0,0,0,1,1,1,2,33,6,-1,-1,-1,-1,2
2014950006033,1,9,0,16,0,0,0,0,0,0,3,1,6,1,31,6,1896,2,13,-1,3
2014950006033,2,9,0,17,0,0,0,0,1,0,3,1,6,1,41,7,1360,1,4,-1,3
2014950006037,1,9,0,4,0,0,0,0,0,0,1,1,6,2,24,5,1390,1,3,-1,1
2014950006037,2,9,0,4,0,0,0,0,0,0,0,1,6,1,29,6,1598,1,2,-1,3
2014950006038,1,9,0,18,0,8,0,0,0,0,4,1,2,2,58,9,1398,1,4,-1,1
2014950006038,2,1,0,18,0,8,0,0,0,0,1,1,2,1,29,6,-1,-1,-1,-1,1
2014950006039,1,9,0,17,0,0,1,0,7,4,1,1,6,1,28,6,999,1,13,-1,3
2014950006040,1,4,0,16,0,0,0,0,8,0,1,1,6,1,25,5,649,1,7,-1,1
2014950006040,2,9,0,18,0,0,0,0,0,0,1,1,6,1,33,6,1799,1,8,-1,-1
2014950006041,1,19,0,18,0,0,1,0,0,0,1,1,2,1,30,6,2402,2,2,-1,2
2014950006041,2,9,0,3,0,0,0,0,0,0,2,1,1,1,58,9,1396,2,4,-1,3
2014950006041,3,9,0,3,0,0,0,0,0,0,2,1,2,1,38,7,-1,-1,-1,-1,3
2014950006042,1,9,0,18,0,1,0,0,0,0,1,1,1,2,59,9,2179,2,3,7,1
2014950006042,2,9,0,5,0,1,0,0,0,0,2,1,1,1,50,8,1896,2,6,-1,-1
2014950006049,1,9,0,18,0,4,0,0,0,0,4,1,2,1,22,5,1590,1,9,-1,1
2014950006049,2,9,0,18,0,4,0,0,0,0,1,1,6,2,29,6,1560,2,2,-1,2
2014950006064,1,9,0,18,0,8,0,0,0,0,1,1,6,3,-1,-1,-1,-1,-1,-1,-1
2014950006071,1,20,0,4,0,0,0,0,0,0,2,1,1,3,-1,-1,11970,2,9,-1,-1
2014950006071,2,9,0,2,0,0,0,0,0,0,2,1,6,3,-1,-1,1590,1,10,-1,-1
2014950006084,1,9,0,4,0,1,0,0,0,0,1,1,2,1,50,8,1868,2,15,-1,1
2014950006084,2,9,0,3,0,1,0,0,0,0,2,1,2,2,40,7,1596,1,5,-1,1
2014950006085,1,9,0,4,0,1,0,0,0,0,1,1,2,2,19,4,998,1,1,-1,2
2014950006085,2,9,0,3,0,1,0,0,0,0,2,1,6,1,52,8,1596,1,11,-1,2
2014950006085,3,9,0,3,0,1,0,0,0,0,2,1,2,1,46,8,1364,1,9,-1,2
2014950006095,1,11,0,18,0,1,0,0,0,0,0,1,1,1,34,6,7300,2,7,-1,1
2014950006098,1,9,0,4,0,1,0,0,0,0,1,1,6,2,33,6,1591,1,2,-1,1
2014950006098,2,9,0,4,0,1,0,0,0,0,2,1,6,1,22,5,1396,1,5,-1,3
2014950006114,1,8,0,5,0,1,0,0,0,0,3,1,1,3,-1,-1,-1,-1,-1,-1,-1
2014950006115,1,8,0,18,0,1,0,0,0,0,4,1,1,3,-1,-1,-1,-1,-1,-1,-1
2014950006116,1,19,0,18,0,1,0,0,0,0,3,1,1,1,23,5,2461,2,4,-1,2
2014950006117,1,1,0,5,0,1,0,0,0,0,1,1,2,1,38,7,-1,-1,-1,-1,1
2014950006117,2,18,0,18,0,1,0,0,0,0,1,1,1,1,42,7,-1,-1,-1,-1,1
2014950006121,1,9,0,4,0,1,0,0,0,0,1,1,6,3,-1,-1,1956,2,5,-1,-1
2014950006122,1,9,0,18,0,2,0,0,1,2,4,1,6,1,70,10,2435,1,15,-1,1
2014950006123,1,9,0,11,0,0,0,0,0,0,1,1,2,1,48,8,-1,-1,-1,-1,1
2014950006123,2,9,0,18,0,0,0,0,0,0,2,1,2,2,29,6,1149,1,8,-1,1
2014950006125,1,9,0,18,0,0,0,0,0,0,1,1,6,2,43,7,1896,2,6,-1,3
2014950006125,2,9,0,18,0,0,0,0,0,0,1,1,6,2,55,8,1984,1,14,-1,3
2014950006126,1,9,0,4,0,1,0,0,0,0,1,1,6,1,27,6,1896,2,9,-1,1
2014950006126,2,9,0,4,0,1,0,0,0,0,2,1,6,2,23,5,1390,1,2,-1,1
2014950006126,3,9,0,4,0,1,0,0,0,0,2,1,6,1,59,9,-1,-1,-1,-1,-1
2014950006127,1,9,0,18,0,0,0,0,0,0,1,1,6,1,89,11,1390,1,11,-1,1
2014950006127,2,9,0,4,0,0,0,0,0,0,2,1,1,1,57,9,1598,2,1,-1,1
2014950006127,3,9,0,18,0,0,0,0,0,0,2,1,6,1,50,8,998,1,-1,-1,-1
2014950006129,1,9,0,18,0,0,0,0,0,0,4,1,6,2,31,6,-1,-1,-1,-1,2
2014950006130,1,9,0,18,0,0,0,0,0,0,1,1,6,1,33,6,1388,1,7,-1,1
2014950006133,1,9,0,9,0,5,0,0,0,0,1,1,6,2,44,7,1798,1,6,-1,1
2014950006133,2,1,0,18,0,8,0,0,0,0,1,1,6,1,34,6,-1,-1,-1,-1,1
2014950006134,1,8,0,9,0,8,0,0,0,0,1,1,1,1,56,9,2499,2,3,-1,1
2014950006134,2,1,0,18,0,1,0,0,0,0,1,1,2,2,29,6,-1,-1,-1,-1,1
2014950006135,1,9,0,18,0,1,0,0,0,0,1,1,6,1,25,5,1968,2,7,-1,2
2014950006135,2,9,0,4,0,1,0,0,0,0,2,1,6,2,18,4,998,1,6,-1,1
2014950006136,1,9,0,18,0,1,0,0,0,0,1,1,6,2,22,5,1461,2,7,-1,1
2014950006136,2,9,0,4,0,1,0,0,0,0,2,1,6,1,27,6,-1,-1,-1,-1,-1
2014950006136,3,9,0,3,0,1,0,0,0,0,2,2,6,2,20,4,1229,1,3,-1,3
2014950006137,1,11,0,18,2,1,0,0,0,0,1,1,1,1,59,9,9360,2,5,-1,1
2014950006147,1,3,0,17,0,0,0,10,1,0,4,1,6,1,24,5,-1,-1,-1,-1,2
2014950006153,1,9,0,5,0,1,0,0,0,0,4,1,6,3,-1,-1,-1,-1,-1,-1,-1
2014950006154,1,9,0,9,0,8,0,0,0,0,1,1,2,1,52,8,1242,1,7,-1,1
2014950006154,2,9,0,18,0,8,0,0,0,0,4,1,2,1,25,5,1995,2,1,-1,1
2014950006155,1,9,0,17,0,8,0,0,1,0,1,1,6,1,23,5,1398,1,4,-1,1
2014950006157,1,9,0,18,0,1,0,0,0,0,2,1,6,2,29,6,1497,1,13,-1,2
2014950006157,2,9,0,4,0,1,0,0,0,0,0,1,1,1,64,9,1461,2,-1,-1,3
2014950006157,3,9,0,18,0,1,0,0,0,0,3,1,6,1,32,6,1242,1,12,-1,1
2014950006158,1,9,0,18,0,0,0,0,0,0,1,1,6,1,21,5,1242,1,12,-1,1
2014950006164,1,9,0,18,0,2,0,0,0,0,1,1,6,2,41,7,1598,1,5,-1,1
2014950006185,1,9,0,18,0,1,1,0,1,0,1,1,6,2,44,7,1198,1,1,-1,1
2014950006193,1,9,0,9,0,8,0,0,0,0,4,1,6,2,49,8,998,1,2,-1,1
2014950006193,2,1,0,7,0,8,0,0,0,0,1,1,6,1,59,9,-1,-1,-1,-1,1
2014950006194,1,9,0,18,0,0,0,0,0,0,1,1,2,1,30,6,1997,2,2,-1,2
2014950006194,2,9,0,4,0,0,0,0,0,0,2,1,6,2,50,8,1600,1,9,-1,3
2014950006195,1,9,0,9,0,8,0,0,0,0,1,1,6,1,69,10,1995,2,4,-1,1
2014950006196,1,9,0,18,0,0,5,0,5,0,1,1,2,2,26,6,1349,1,3,-1,1
2014950006196,2,9,0,18,0,0,0,0,0,0,1,1,6,1,29,6,1968,2,-1,-1,-1
2014950006218,1,9,0,7,0,5,0,0,0,0,1,1,6,1,38,7,1596,1,9,-1,1
2014950006218,2,1,0,18,0,1,0,0,0,0,2,1,6,1,34,6,-1,-1,-1,-1,3
2014950006242,1,9,0,18,0,4,0,0,0,0,1,1,6,1,18,4,1229,1,4,-1,1
2014950006242,2,1,0,4,0,1,0,0,0,0,2,1,6,1,25,5,-1,-1,-1,-1,1