Accident_Index,Vehicle_Reference,Vehicle_Type,Towing_and_Articulation,Vehicle_Manoeuvre,Vehicle_Location-Restricted_Lane,Junction_Location,Skidding_and_Overturning,Hit_Object_in_Carriageway,Vehicle_Leaving_Carriageway,Hit_Object_off_Carriageway,1st_Point_of_Impact,Was_Vehicle_Left_Hand_Drive?,Journey_Purpose_of_Driver,Sex_of_Driver,Age_of_Driver,Age_Band_of_Driver,Engine_Capacity_(CC),Propulsion_Code,Age_of_Vehicle,Driver_IMD_Decile,Driver_Home_Area_Type
2014950006243,1,9,0,18,0,1,0,4,0,0,1,1,6,2,26,6,1598,1,10,-1,1
2014950006243,2,9,0,2,0,1,0,0,0,0,3,1,6,3,-1,-1,1248,1,-1,-1,-1
2014950006246,1,9,0,18,0,1,0,0,0,0,4,1,2,1,36,7,1598,1,13,-1,1
2014950006249,1,9,0,9,0,8,0,0,0,0,1,1,2,2,34,6,1397,1,11,-1,1
2014950006249,2,9,0,17,0,8,0,0,0,0,1,1,6,1,38,7,1781,1,11,-1,1
2014950006249,3,9,0,17,0,1,0,0,0,0,1,1,6,1,20,4,1229,1,6,-1,1
2014950006249,4,9,0,17,0,1,0,0,0,0,1,1,6,1,64,9,1398,2,11,-1,1
2014950006249,5,9,0,17,0,1,0,0,0,0,2,1,6,2,32,6,2993,2,-1,-1,3
2014950006254,1,21,0,2,0,0,0,0,0,0,3,1,6,3,-1,-1,-1,-1,-1,-1,-1
2014950006254,2,1,0,14,0,0,0,0,0,0,4,1,6,2,40,7,-1,-1,-1,-1,1
2014950006288,1,9,0,18,0,8,0,0,0,0,1,1,2,1,52,8,1798,1,8,-1,1
2014950006288,2,1,0,9,0,8,0,0,0,0,4,1,6,1,60,9,-1,-1,-1,-1,1
2014950006291,1,11,0,3,2,1,0,0,0,0,0,1,1,1,46,8,9360,2,7,-1,1
2014950006292,1,9,0,18,0,1,0,0,0,0,1,1,6,3,-1,-1,998,1,8,-1,-1
2014950006295,1,9,0,2,0,1,0,0,0,0,0,1,6,3,-1,-1,1299,1,13,-1,-1
2014950006299,1,9,0,16,0,0,0,0,0,0,1,1,1,2,56,9,1596,1,4,-1,2
2014950006299,2,9,0,17,0,0,0,0,0,0,1,1,6,2,25,5,1198,1,3,-1,3
2014950006301,1,19,0,18,0,0,0,0,0,0,1,1,2,1,25,5,2198,2,1,-1,1
2014950006301,2,9,0,4,0,0,0,0,0,0,2,1,6,1,58,9,1490,1,9,-1,3
2014950006301,3,9,0,4,0,0,0,0,0,0,2,1,2,1,54,8,1120,2,1,-1,1
2014950006303,1,4,0,13,0,1,0,0,0,0,1,1,6,1,52,8,1170,1,1,-1,1
2014950006303,2,9,0,9,0,1,0,0,0,0,3,1,6,2,47,8,-1,-1,-1,-1,3
2014950006304,1,11,0,15,0,0,0,0,0,0,0,1,6,1,41,7,7300,2,3,-1,-1
2014950006305,1,9,0,7,0,2,0,0,0,0,1,1,6,1,-1,-1,2993,2,-1,-1,-1
2014950006305,2,1,0,5,0,2,0,0,0,0,4,1,6,1,58,9,-1,-1,-1,-1,1
2014950006308,1,9,0,18,0,0,0,0,0,0,1,1,6,1,26,6,1997,2,5,-1,1
2014950006308,2,9,0,18,0,0,0,0,0,0,2,1,6,1,31,6,1596,1,12,-1,-1
2014950006308,3,9,0,18,0,0,0,0,0,0,2,1,6,1,43,7,1582,2,1,-1,2
2014950006309,1,9,0,5,4,3,0,0,0,0,1,1,6,1,-1,-1,1598,2,2,-1,-1
2014950006309,2,1,0,5,4,3,0,0,0,0,1,1,6,2,27,6,-1,-1,-1,-1,1
2014950006311,1,9,0,18,0,1,0,0,0,0,1,1,1,2,20,4,998,1,7,-1,3
2014950006311,2,9,0,18,0,1,0,0,0,0,1,1,6,1,22,5,1242,1,4,-1,-1
2014950006313,1,9,0,5,0,8,0,0,0,0,3,2,6,1,32,6,998,1,12,-1,1
2014950006313,2,4,0,16,0,1,0,0,0,0,1,1,6,1,24,5,-1,-1,-1,-1,1
2014950006315,1,9,0,18,0,1,1,0,1,2,4,1,6,3,-1,-1,1388,1,10,-1,-1
2014950006331,1,9,0,16,0,0,0,0,0,0,4,1,6,1,24,5,1598,1,14,-1,1
2014950006331,2,21,1,18,0,0,0,0,0,0,1,1,1,1,40,7,12900,2,2,-1,3
2014950006332,1,9,0,15,0,0,0,0,0,0,1,1,6,2,-1,-1,-1,-1,-1,-1,-1
2014950006332,2,1,0,18,0,0,0,0,0,0,3,1,6,1,44,7,-1,-1,-1,-1,1
2014950006333,1,9,0,9,0,1,0,0,0,0,1,1,1,1,53,8,1968,2,2,-1,1
2014950006333,2,9,0,18,0,1,0,0,1,0,1,1,6,2,33,6,1397,1,6,-1,3
2014950006333,3,9,0,2,0,1,0,0,0,0,2,2,6,3,-1,-1,1396,1,1,-1,-1
2014950006334,1,4,0,18,0,0,0,10,1,0,4,1,6,1,48,8,1250,1,8,-1,2
2014950006336,1,9,0,18,0,0,0,0,0,0,1,1,2,2,27,6,-1,-1,-1,-1,1
2014950006336,2,9,0,18,0,0,0,0,0,0,1,1,2,2,26,6,1596,1,6,-1,3
2014950006336,3,9,0,18,0,0,0,0,0,0,1,1,6,3,-1,-1,-1,-1,-1,-1,-1
2014950006337,1,9,0,18,0,0,0,0,0,0,1,1,1,1,35,6,2494,2,2,-1,2
2014950006337,2,19,0,4,0,0,0,0,0,0,2,1,6,2,31,6,2477,2,5,-1,3
2014950006337,3,9,0,4,0,0,0,0,0,0,2,1,6,2,29,6,1560,2,3,-1,1
2014950006338,1,9,0,5,0,1,0,10,1,1,1,1,6,1,43,7,1461,2,1,-1,3
2014950006339,1,9,0,18,0,0,0,0,0,0,4,1,6,1,62,9,1997,2,9,-1,1
2014950006340,1,9,0,18,0,1,0,0,0,0,1,1,1,3,-1,-1,1560,2,-1,-1,-1
2014950006341,1,19,0,18,0,0,0,0,0,0,3,1,6,1,44,7,1995,2,7,-1,1
2014950006342,1,9,0,4,0,1,0,0,0,0,1,1,6,1,48,8,2179,2,-1,-1,1
2014950006342,2,1,0,18,0,1,0,0,0,0,1,1,6,1,45,7,-1,-1,-1,-1,1
2014950006343,1,1,0,18,0,0,0,0,0,0,1,1,6,1,15,3,-1,-1,-1,-1,1
2014950006343,2,9,0,18,0,0,0,0,0,0,1,1,6,2,46,8,1248,2,4,-1,2
2014950006344,1,9,0,18,0,8,0,0,0,1,1,1,6,1,71,10,1896,2,6,-1,1
2014950006344,2,9,0,18,0,8,0,0,0,0,1,1,6,2,43,7,1397,1,6,-1,1
2014950006345,1,9,0,9,0,8,0,0,0,0,1,1,6,2,75,10,1242,1,13,-1,1
2014950006345,2,9,0,18,0,8,0,0,0,0,1,1,6,1,46,8,1753,2,4,-1,1
2014950006346,1,9,0,18,0,8,0,0,0,0,4,1,6,1,27,6,-1,-1,-1,-1,1
2014950006346,2,1,0,18,0,1,0,0,0,0,1,1,2,1,26,6,-1,-1,-1,-1,1
2014950006348,1,9,0,5,0,4,0,0,0,0,1,1,6,2,68,10,1796,1,10,-1,1
2014950006348,2,1,0,18,0,4,0,0,0,0,1,1,6,2,45,7,-1,-1,-1,-1,1
2014950006348,3,1,0,18,0,4,0,0,0,0,1,1,6,1,45,7,-1,-1,-1,-1,1
2014950006349,1,3,0,18,0,8,0,0,0,0,0,1,6,2,42,7,125,1,1,-1,3
2014950006350,1,9,0,18,0,4,0,0,1,11,1,1,6,1,42,7,1781,1,17,-1,2
2014950006351,1,11,0,9,0,8,0,0,0,0,1,1,1,1,41,7,5883,2,11,-1,1
2014950006352,1,20,0,13,0,0,0,0,0,0,0,1,6,3,-1,-1,-1,-1,-1,-1,-1
2014950006352,2,16,0,18,0,0,0,0,0,0,0,1,6,2,51,8,-1,-1,-1,-1,2
2014950006353,1,3,0,4,0,1,0,0,0,4,0,1,6,1,30,6,124,1,5,-1,1
2014950006354,1,9,0,9,0,1,0,0,0,0,0,1,6,3,-1,-1,1390,1,14,-1,-1
2014950006354,2,9,0,7,0,1,0,0,1,2,1,1,6,1,26,6,-1,-1,-1,-1,1
2014950006355,1,9,0,18,0,0,0,0,0,0,1,1,6,2,31,6,1753,2,12,-1,3
2014950006363,1,9,0,18,0,0,0,0,0,0,3,1,6,1,64,9,2148,2,9,-1,-1
2014950006364,1,10,0,18,0,2,0,0,0,0,4,1,1,1,63,9,2998,2,2,-1,-1
2014950006365,1,11,0,5,0,8,0,0,0,0,1,1,1,2,40,7,8268,2,13,-1,1
2014950006365,2,1,0,18,0,8,0,0,0,0,4,1,6,1,20,4,-1,-1,-1,-1,-1
2014950006366,1,9,0,12,8,6,0,0,0,0,3,1,6,2,31,6,1240,1,8,-1,2
2014950006366,2,9,0,18,0,8,0,0,0,0,2,1,6,1,59,9,1995,2,3,-1,2
2014950006373,1,11,0,4,2,0,1,0,1,1,4,1,6,1,36,7,9360,2,3,-1,-1
2014950006374,1,21,0,18,0,0,0,0,0,0,4,1,1,1,63,9,10308,2,5,-1,2
2014950006375,1,19,0,17,0,0,0,0,0,0,1,1,6,1,56,9,2298,2,-1,-1,3
2014950006376,1,11,0,5,0,1,0,0,0,0,0,1,1,1,47,8,-1,-1,-1,-1,3
2014950006378,1,9,0,18,0,0,0,0,0,0,1,1,6,1,43,7,2765,2,18,6,3
2014950006378,2,9,0,17,0,0,0,0,0,0,3,1,6,1,52,8,1997,2,2,-1,1
2014950006397,1,9,0,17,0,0,0,10,1,11,1,1,6,2,22,5,1124,1,12,-1,1
2014950006407,1,11,0,18,2,2,0,0,0,0,0,1,1,1,39,7,4760,2,-1,-1,1
2014950006408,1,19,0,18,0,4,0,0,0,0,1,1,1,1,28,6,1753,2,1,-1,1
2014950006408,2,9,0,4,0,1,0,0,0,0,2,1,6,2,39,7,1896,2,8,-1,2
2014950006408,3,19,0,9,0,8,0,0,0,0,0,1,2,1,44,7,2494,2,7,-1,3
2014950006409,1,9,0,11,0,1,0,0,0,0,4,1,6,1,23,5,1149,1,12,-1,1
2014950006409,2,9,0,18,0,1,0,0,1,1,3,1,6,2,31,6,1496,2,-1,-1,1
2014950006410,1,19,0,9,0,8,0,0,0,0,3,1,2,1,26,6,2198,2,4,-1,1
2014950006410,2,1,0,18,0,8,0,0,0,0,1,1,2,1,52,8,-1,-1,-1,-1,1
2014950006411,1,11,0,18,0,2,0,0,0,0,0,1,1,1,45,7,4760,2,1,-1,1
2014950006412,1,9,0,6,0,0,0,0,0,0,3,1,6,1,49,8,1398,1,1,-1,3
2014950006412,2,9,0,18,0,0,0,0,0,0,4,1,6,1,18,4,998,1,-1,-1,1
2014950006413,1,9,0,18,0,7,2,0,7,4,1,1,2,2,50,8,1229,1,1,-1,2
2014950006414,1,9,0,6,0,0,0,0,0,0,3,1,2,1,48,8,-1,-1,-1,-1,1
2014950006414,2,4,0,14,0,0,0,0,0,0,4,1,2,1,52,8,675,1,1,-1,3
2014950006415,1,9,0,5,0,0,0,0,0,0,3,1,6,1,23,5,1598,1,5,-1,1
2014950006415,2,9,0,18,0,0,0,0,0,0,4,1,6,2,30,6,1596,1,9,-1,1
2014950006416,1,9,0,18,0,0,0,0,0,0,1,1,6,2,63,9,1388,1,12,-1,1
2014950006416,2,9,0,3,0,0,0,0,0,0,2,1,6,1,36,7,1686,2,11,-1,1
2014950006421,1,9,0,5,0,2,0,0,0,0,1,1,6,2,24,5,1398,1,-1,-1,1
2014950006421,2,9,0,14,0,2,0,0,0,0,4,1,6,1,41,7,1399,2,9,-1,1
2014950006425,1,9,0,16,0,0,1,10,8,11,4,1,6,1,17,4,1388,1,7,-1,3
2014950006429,1,9,0,16,0,0,0,0,7,7,1,1,6,1,21,5,-1,-1,-1,-1,1
2014950006442,1,9,0,9,0,8,0,0,0,0,1,1,2,2,39,7,2987,2,6,-1,1
2014950006442,2,9,0,18,0,1,0,0,0,0,1,1,6,2,20,4,1368,1,5,-1,1
2014950006449,1,9,0,18,0,4,0,0,0,0,3,1,6,1,44,7,-1,-1,-1,-1,3
2014950006449,2,9,0,18,0,4,0,0,0,0,4,1,6,1,33,6,1997,2,9,-1,1
2014950006451,1,9,0,18,0,1,1,0,0,0,1,1,6,1,31,6,2198,1,9,-1,-1
2014950006451,2,9,0,3,0,1,0,0,0,0,2,1,6,2,59,9,1997,1,10,-1,1
2014950006453,1,9,0,4,0,0,0,0,0,0,4,1,6,2,60,9,1242,1,-1,-1,3
2014950006454,1,9,0,11,0,0,0,0,0,7,1,1,6,2,22,5,1199,1,12,-1,1
2014950006455,1,11,0,9,0,8,0,0,0,0,0,1,1,1,49,8,4760,2,-1,-1,1
2014950006459,1,9,0,5,0,0,0,0,0,0,4,1,6,1,36,7,1560,2,1,-1,2
2014950006474,1,8,0,9,0,2,0,0,0,0,1,1,1,1,54,8,1997,2,2,-1,1
2014950006475,1,9,0,9,0,8,0,0,0,0,1,1,1,2,57,9,1597,1,12,-1,1
2014950006475,2,9,0,18,0,8,0,0,0,0,3,1,6,1,53,8,2497,1,11,-1,1
2014950006476,1,9,0,17,0,0,2,0,7,1,1,1,6,1,21,5,1398,1,2,-1,3
2014950006485,1,9,0,17,0,0,1,0,1,9,1,1,6,1,19,4,796,1,14,-1,2
2014950006491,1,9,0,18,0,0,0,0,0,0,1,1,6,2,53,8,1390,1,13,-1,1
2014950006491,2,9,0,4,0,0,0,0,0,0,2,1,2,1,41,7,998,1,7,-1,1
2014950006518,1,9,0,4,0,0,0,0,0,0,1,1,6,2,17,4,1242,1,2,-1,1
2014950006518,2,9,0,3,0,0,0,0,0,0,2,1,1,1,31,6,1995,2,5,-1,1
2014950006538,1,9,0,18,0,0,0,0,0,0,1,1,6,3,-1,-1,-1,-1,-1,-1,-1
2014950006539,1,9,0,16,0,0,1,0,0,0,1,1,1,2,23,5,1461,2,-1,-1,1
2014950006539,2,9,0,17,0,0,1,0,1,11,1,1,6,1,71,10,1598,1,-1,-1,1
2014950006539,3,9,0,2,0,0,0,0,0,0,4,1,6,3,-1,-1,1968,2,2,-1,-1
2014950006541,1,9,0,4,0,0,0,0,0,0,1,1,6,1,40,7,1997,2,7,-1,2
2014950006542,1,11,0,9,0,8,0,0,0,0,4,1,1,1,27,6,7300,2,7,-1,1
2014950006543,1,9,0,16,0,0,0,0,7,4,1,1,6,2,26,6,1248,1,-1,-1,1
2014950006544,1,9,0,18,0,0,0,0,0,0,1,1,6,1,43,7,-1,-1,-1,-1,1
2014950006545,1,9,0,18,0,0,0,4,0,0,2,1,6,2,78,11,1598,1,2,-1,1
2014950006545,2,9,0,2,0,0,0,0,0,0,2,1,6,3,-1,-1,1595,1,7,-1,-1
2014950006546,1,9,0,6,2,1,0,0,0,0,3,1,6,2,56,9,1242,1,-1,-1,3
2014950006546,2,9,0,18,0,1,0,0,0,0,1,1,6,1,30,6,1896,2,11,-1,3
2014950006550,1,9,0,12,0,0,0,0,0,0,0,1,6,1,21,5,-1,-1,-1,-1,2
2014950006550,2,4,0,13,0,0,0,0,0,0,1,1,6,1,46,8,748,1,22,-1,2
2014950006550,3,9,0,18,0,0,0,1,1,0,1,1,6,2,61,9,1339,1,6,-1,3
2014950006554,1,9,0,18,0,1,0,0,0,0,1,1,6,1,44,7,1796,1,8,-1,2
2014950006555,1,9,0,5,0,0,0,0,0,0,1,1,6,2,42,7,1386,1,7,-1,1
2014950006555,2,1,0,18,0,0,0,0,0,0,1,1,6,2,30,6,-1,-1,-1,-1,1
2014950006556,1,9,0,16,0,0,1,0,0,0,4,1,6,1,37,7,1461,2,6,-1,2
2014950006557,1,9,0,18,0,0,0,0,2,2,1,1,6,2,80,11,1390,1,4,-1,1
2014950006557,2,9,0,4,0,0,0,0,0,0,3,1,6,1,29,6,1339,1,11,-1,1
2014950006560,1,9,0,18,0,0,0,0,0,0,1,1,6,1,24,5,1984,1,5,-1,1
2014950006560,2,9,0,18,0,0,0,0,0,0,1,1,6,3,-1,-1,1390,1,8,-1,-1
2014950006566,1,9,0,18,0,0,0,0,1,0,1,1,6,1,22,5,1198,1,6,-1,3
2014950006566,2,9,0,18,0,0,0,0,0,0,2,1,6,1,53,8,3123,1,8,-1,2
2014950006597,1,9,0,18,0,3,1,0,1,2,1,1,2,1,57,9,1388,1,10,-1,3
2014950006606,1,21,0,18,0,0,1,0,7,11,1,1,1,1,39,7,-1,-1,-1,-1,1
2014950006619,1,9,0,18,0,0,0,0,0,0,1,1,6,2,64,9,1086,1,6,-1,1
2014950006619,2,9,0,16,0,0,0,0,0,0,2,1,6,1,21,5,1390,1,15,-1,1
2014950006621,1,21,0,7,0,8,0,0,0,0,4,1,1,1,45,7,10518,2,5,-1,1
2014950006622,1,9,0,18,0,8,0,0,0,0,1,1,6,1,51,8,1598,1,5,-1,1
2014950006622,2,19,0,18,0,8,0,0,1,0,1,1,6,2,58,9,1870,2,9,-1,1
2014950006648,1,9,0,9,0,1,0,0,0,0,1,1,6,1,25,5,-1,-1,-1,-1,1
2014950006649,1,11,0,3,0,1,0,0,0,0,0,1,1,1,49,8,8300,2,10,-1,3
2014950006657,1,9,0,18,0,0,0,0,0,0,4,1,2,2,45,7,1396,2,3,-1,3
2014950006657,2,1,0,18,0,0,0,0,0,0,2,1,6,1,47,8,-1,-1,-1,-1,3
2014950006658,1,9,0,18,0,0,0,0,0,0,1,1,6,1,21,5,1242,1,9,-1,-1
2014950006658,2,9,0,2,0,0,0,0,0,0,3,1,6,3,-1,-1,1896,2,7,-1,-1
2014950006658,3,9,0,2,0,0,0,0,0,0,3,1,6,3,-1,-1,1124,1,12,-1,-1
2014950006659,1,9,0,9,0,8,0,0,0,0,4,1,6,2,51,8,1242,1,-1,-1,3
2014950006659,2,9,0,18,0,1,0,0,0,0,4,1,6,1,20,4,1796,1,8,-1,1
2014950006663,1,21,0,11,0,2,0,0,0,0,4,1,1,1,29,6,12809,2,-1,-1,-1
2014950006663,2,9,0,18,0,2,0,0,4,6,3,1,6,1,70,10,1390,1,8,-1,1
2014950006674,1,3,0,4,0,0,1,0,0,0,1,1,2,1,27,6,125,1,1,-1,1
2014950006674,2,9,0,3,0,0,0,0,0,0,2,1,6,1,38,7,1240,1,11,-1,1
2014950006674,3,11,0,18,0,0,0,0,0,0,1,1,1,1,27,6,9000,2,7,-1,1
2014950006691,1,11,0,18,0,1,0,0,0,0,1,1,6,3,-1,-1,-1,-1,-1,-1,-1
2014950006691,2,1,0,18,0,1,0,0,0,0,2,1,6,1,35,6,-1,-1,-1,-1,1
2014950006692,1,9,0,1,0,0,0,0,0,0,2,1,1,2,54,8,1086,1,5,-1,1
2014950006693,1,9,0,18,0,0,0,0,0,0,1,1,2,1,35,6,1242,1,10,-1,1
2014950006693,2,9,0,18,0,0,0,0,0,0,2,1,6,1,32,6,1995,2,10,-1,3
2014950006694,1,9,0,18,0,0,0,0,1,1,1,1,1,1,46,8,1560,2,1,-1,2
2014950006695,1,9,0,18,0,1,0,0,0,0,1,1,2,2,59,9,1086,1,8,-1,1
2014950006696,1,9,0,18,0,0,0,0,1,11,1,1,6,1,27,6,1598,1,9,-1,1
2014950006697,1,19,0,18,0,8,0,0,0,0,1,1,1,1,29,6,1248,2,2,-1,3
2014950006697,2,9,0,18,8,1,0,0,0,0,3,1,2,1,66,10,2204,2,10,-1,1
2014950006709,1,9,0,18,0,0,0,0,0,0,1,1,6,3,-1,-1,1997,2,-1,-1,-1
2014950006709,2,9,0,3,0,0,0,0,0,0,2,1,6,2,61,9,1229,1,4,-1,2
2014950006709,3,9,0,3,0,0,0,0,0,0,2,1,6,1,-1,-1,2179,2,1,-1,-1
2014950006710,1,9,0,7,0,1,0,0,0,0,1,1,2,1,35,6,-1,-1,-1,-1,1
2014950006710,2,4,0,18,0,0,0,0,0,0,4,1,6,1,46,8,-1,-1,-1,-1,3
2014950006710,3,9,0,18,0,0,0,0,0,0,2,1,6,2,43,7,1598,1,7,-1,1
2014950006711,1,9,0,18,0,0,0,0,0,0,1,1,6,1,79,11,1798,1,8,-1,1
2014950006711,2,9,0,18,0,0,0,0,0,0,1,1,6,2,34,6,1396,1,2,-1,1
2014950006712,1,9,0,18,0,0,0,0,0,0,1,1,6,1,19,4,998,1,11,-1,1
2014950006712,2,9,0,18,0,0,0,0,0,0,1,1,6,1,37,7,1956,2,2,-1,3
2014950006720,1,9,0,6,0,0,0,0,0,0,3,1,6,1,43,7,1968,2,3,-1,1
2014950006720,2,2,0,14,0,0,0,0,0,0,4,1,2,1,47,8,49,1,3,-1,1
2014950006723,1,19,0,18,0,0,0,0,0,0,4,1,6,3,-1,-1,2198,2,4,-1,-1
2014950006724,1,19,0,5,0,0,0,0,0,0,1,1,6,3,-1,-1,-1,-1,-1,-1,-1
2014950006724,2,9,0,18,0,0,0,0,0,0,2,1,6,1,40,7,1686,2,10,-1,1
2014950006725,1,9,0,5,0,3,0,0,0,0,1,1,6,2,68,10,-1,-1,-1,-1,-1
2014950006726,1,9,0,9,0,8,0,0,0,0,3,1,6,1,48,8,1796,1,6,-1,1
2014950006726,2,1,0,9,0,8,0,0,0,0,3,1,6,1,38,7,-1,-1,-1,-1,1
2014950006727,1,9,0,5,0,0,0,0,0,0,3,1,6,2,73,10,1339,1,5,-1,1
2014950006728,1,9,0,17,0,0,0,0,7,4,1,1,6,2,56,9,1560,2,6,-1,2
2014950006729,1,9,0,7,0,1,0,4,0,11,1,1,6,1,67,10,1598,1,5,-1,1
2014950006729,2,9,0,2,0,1,0,0,0,0,2,1,6,3,-1,-1,1339,1,4,-1,-1
2014950006730,1,9,0,18,0,0,0,0,1,0,1,1,2,2,45,7,1149,1,4,-1,3
2014950006730,2,9,0,4,0,0,0,0,0,0,2,1,2,2,54,8,1598,1,4,-1,1
2014950006732,1,9,0,18,0,1,0,0,0,0,4,1,6,3,-1,-1,-1,-1,-1,-1,-1
2014950006733,1,9,0,18,0,0,0,0,0,0,4,1,6,1,84,11,1497,8,6,-1,1
2014950006734,1,11,0,3,2,1,0,0,0,0,0,1,1,1,29,6,7300,2,8,-1,1
2014950006735,1,9,0,18,0,0,0,0,7,10,1,1,6,1,24,5,1398,1,-1,-1,-1
2014950006736,1,9,0,9,0,2,0,0,0,0,1,1,1,1,26,6,1997,2,10,-1,-1
2014950006736,2,1,0,18,0,1,0,0,0,0,1,1,2,1,35,6,-1,-1,-1,-1,-1
2014950006737,1,9,0,18,0,0,0,11,7,0,1,1,6,1,75,10,1598,2,2,-1,2
2014950006743,1,9,0,18,0,0,5,0,1,9,1,1,6,2,20,4,1299,1,6,-1,2
2014950006744,1,11,0,5,2,2,0,0,0,0,0,1,1,1,60,9,9360,2,5,-1,1
2014950006745,1,4,0,13,0,1,1,0,7,9,1,1,6,1,21,5,645,1,12,-1,-1
2014950006745,2,9,0,9,0,1,0,0,7,11,3,1,6,1,31,6,2498,1,16,-1,1
2014950006746,1,11,0,4,0,0,0,0,0,0,0,1,1,1,63,9,8268,2,13,-1,3
2014950006747,1,9,0,18,0,0,0,4,0,0,1,1,6,2,69,10,1229,1,9,-1,-1
2014950006747,2,9,0,2,0,0,0,0,0,0,2,1,6,3,-1,-1,1951,2,13,-1,-1
2014950006748,1,9,0,9,0,8,0,0,0,0,1,1,6,1,51,8,1798,1,7,-1,1
2014950006758,1,9,0,18,0,1,0,0,0,0,1,1,6,2,28,6,1396,1,2,-1,3
2014950006758,2,9,0,9,0,1,0,0,0,0,2,1,6,2,17,4,998,1,9,-1,1
2014950006760,1,19,0,18,0,0,0,0,0,0,1,1,2,1,68,10,2402,2,7,-1,1
2014950006762,1,90,0,5,0,6,0,0,0,0,4,1,6,1,-1,-1,-1,-1,-1,-1,-1
2014950006762,2,1,0,18,0,1,0,0,0,0,1,1,6,2,46,8,-1,-1,-1,-1,3
2014950006779,1,11,0,3,2,1,0,0,0,0,0,1,6,1,42,7,7300,2,9,-1,1
2014950006780,1,9,0,18,0,1,0,0,0,0,1,1,6,1,38,7,1596,1,13,-1,1
2014950006780,2,9,0,5,0,1,0,0,0,0,1,1,2,2,20,4,1229,1,2,-1,1
2014950006792,1,11,0,18,0,0,0,0,0,0,0,1,1,2,25,5,9360,2,3,-1,3
2014950006795,1,9,0,18,0,8,0,0,0,0,1,1,6,2,46,8,2199,2,2,-1,1
2014950006795,2,1,0,18,0,8,0,0,0,0,1,1,6,1,30,6,-1,-1,-1,-1,1
2014950006797,1,9,0,9,0,2,0,0,0,0,3,1,6,1,22,5,2143,2,2,-1,1
2014950006797,2,9,0,17,0,1,0,0,0,0,1,1,6,1,78,11,1339,1,10,-1,1
2014950006798,1,9,0,9,0,8,2,0,8,6,1,1,6,1,25,5,1242,1,5,-1,1
2014950006808,1,9,0,9,0,8,0,0,0,0,1,1,6,2,44,7,1995,2,4,-1,1
2014950006808,2,4,0,18,0,8,0,0,0,0,1,1,6,1,59,9,800,1,-1,6,2
2014950006809,1,9,0,18,0,2,0,0,0,0,0,1,1,3,-1,-1,-1,-1,-1,-1,-1
2014950006810,1,8,0,1,0,0,0,0,0,0,2,1,6,1,49,8,1997,2,8,-1,1
2014950006816,1,9,0,18,0,0,0,0,0,0,1,1,6,2,68,10,1984,2,2,-1,1
2014950006816,2,9,0,2,0,0,0,0,0,0,1,1,6,3,-1,-1,1968,2,7,-1,-1
2014950006817,1,9,0,18,0,0,1,0,0,6,1,1,6,2,21,5,1461,2,9,-1,1
2014950006817,2,9,0,18,0,0,1,0,1,0,1,1,6,2,38,7,2148,2,9,-1,1
2014950006817,3,9,0,18,0,0,2,0,0,0,1,1,6,2,58,9,1349,1,5,-1,1
2014950006818,1,9,0,9,0,8,0,0,0,0,1,1,6,2,20,4,1590,1,7,-1,3
2014950006819,1,9,0,18,0,0,0,0,0,0,1,1,2,1,30,6,1229,1,7,-1,2
2014950006819,2,9,0,10,0,0,0,0,0,0,2,1,6,1,41,7,1998,2,10,-1,2
2014950006820,1,9,0,16,0,0,1,0,0,0,1,1,6,1,27,6,1248,2,6,-1,3
2014950006820,2,9,0,17,0,0,0,0,0,0,1,1,6,1,49,8,1598,1,6,-1,3
2014950006821,1,9,0,18,0,0,0,0,0,0,1,1,6,1,71,10,2184,2,9,-1,1
2014950006822,1,9,0,9,0,8,0,0,0,0,3,1,6,1,19,4,1199,1,12,-1,1
2014950006822,2,9,0,18,0,8,0,0,0,0,1,1,6,1,49,8,1968,2,1,-1,1
2014950006823,1,9,0,4,0,1,0,0,0,0,1,1,6,1,31,6,1242,1,15,-1,1
2014950006823,2,9,0,4,0,1,0,0,0,0,2,1,6,1,30,6,1198,1,10,-1,1
2014950006825,1,9,0,17,0,0,0,0,0,0,4,1,6,2,20,4,1598,2,1,-1,3
2014950006825,2,1,0,18,0,0,5,0,1,0,2,1,6,1,41,7,-1,-1,-1,-1,1
2014950006830,1,9,0,17,0,0,2,0,1,11,1,1,6,2,39,7,1229,1,8,-1,-1
2014950006831,1,11,0,16,0,0,1,0,0,0,1,1,1,1,47,8,9600,2,14,-1,1
2014950006831,2,9,0,3,0,0,1,0,1,0,2,1,2,1,55,8,1560,2,5,-1,3
2014950006831,3,9,0,3,0,0,1,0,0,0,2,1,3,2,21,5,1299,1,13,-1,2
2014950006832,1,9,0,17,0,0,5,0,2,0,1,1,6,2,66,10,1490,1,5,-1,1
2014950006832,2,9,0,16,0,0,0,0,0,0,1,1,6,1,54,8,-1,-1,-1,-1,3
2014950006833,1,11,0,18,0,8,0,0,0,0,0,1,1,1,46,8,7300,2,3,-1,2
2014950006834,1,9,0,1,0,6,0,0,0,0,2,1,6,2,73,10,1598,1,11,-1,1
2014950006835,1,9,0,18,0,1,0,0,0,0,1,1,6,2,18,4,998,1,10,-1,1