Accident_Index,Vehicle_Reference,Vehicle_Type,Towing_and_Articulation,Vehicle_Manoeuvre,Vehicle_Location-Restricted_Lane,Junction_Location,Skidding_and_Overturning,Hit_Object_in_Carriageway,Vehicle_Leaving_Carriageway,Hit_Object_off_Carriageway,1st_Point_of_Impact,Was_Vehicle_Left_Hand_Drive?,Journey_Purpose_of_Driver,Sex_of_Driver,Age_of_Driver,Age_Band_of_Driver,Engine_Capacity_(CC),Propulsion_Code,Age_of_Vehicle,Driver_IMD_Decile,Driver_Home_Area_Type
2014961401360,2,9,0,18,0,8,0,0,0,0,1,1,6,1,49,8,1900,2,9,-1,2
2014961401363,1,19,0,18,0,1,0,0,0,0,1,1,6,3,-1,-1,-1,-1,-1,-1,-1
2014961401363,2,9,0,3,0,1,0,0,0,0,2,1,2,2,59,9,1349,1,4,-1,1
2014961401366,1,8,0,18,0,0,0,0,0,0,1,1,2,1,46,8,1598,2,1,-1,1
2014961401366,2,9,0,3,0,0,0,0,0,0,2,1,6,1,77,11,1598,2,-1,-1,3
2014961401368,1,9,0,18,0,1,0,0,0,0,1,1,6,2,59,9,1198,1,5,-1,1
2014961401368,2,9,0,3,0,1,0,0,0,0,2,1,6,1,75,10,1598,2,2,-1,1
2014961401368,3,9,0,3,0,1,0,0,0,0,2,1,6,1,30,6,1995,1,4,-1,1
2014961401368,4,9,0,9,0,8,0,0,0,0,0,1,6,2,34,6,1149,1,6,-1,1
2014961401373,1,9,0,1,0,8,0,0,0,0,4,1,6,2,69,10,1598,1,2,-1,1
2014961401373,2,11,0,18,0,8,0,0,0,0,1,1,1,1,40,7,-1,2,15,-1,1
2014961401376,1,5,0,18,0,0,1,0,0,0,1,1,6,1,59,9,1188,1,23,-1,1
2014961401376,2,9,0,3,0,0,0,0,0,0,2,1,6,1,18,4,1296,1,8,-1,2
2014961401381,1,9,0,4,0,0,2,0,1,9,4,1,2,2,25,5,1124,1,11,-1,1
2014961401381,2,9,0,18,0,0,1,0,0,0,0,1,2,2,53,8,1229,1,-1,-1,1
2014961401382,1,9,0,16,0,0,1,10,7,1,2,1,2,2,48,8,1242,1,6,-1,1
2014961401383,1,9,0,1,0,8,0,0,0,0,2,1,6,1,34,6,1598,1,5,-1,3
2014961401383,2,3,0,18,0,8,1,10,1,0,1,1,6,1,34,6,-1,-1,-1,-1,2
2014961401393,1,1,0,9,0,8,0,0,0,0,3,1,6,1,35,6,-1,-1,-1,-1,-1
2014961401393,2,9,0,13,0,8,0,0,0,0,4,1,2,2,63,9,1397,1,3,-1,1
2014961401394,1,9,0,9,0,8,0,0,0,0,4,1,6,2,23,5,1390,1,8,-1,1
2014961401394,2,9,0,18,0,8,0,0,0,0,1,1,6,2,35,6,1598,2,3,-1,3
2014961401394,3,9,0,10,0,1,0,0,0,0,1,1,6,2,64,9,1587,1,4,-1,3
2014961401398,1,9,0,1,0,2,0,0,0,0,2,1,6,1,96,11,-1,-1,-1,-1,1
2014961401398,2,9,0,2,0,2,0,0,0,0,2,1,6,1,72,10,1997,1,2,-1,1
2014961401417,1,3,0,18,0,8,5,10,1,0,4,1,6,1,20,4,124,1,1,-1,3
2014961401417,2,9,0,18,0,8,0,0,0,0,3,1,6,1,22,5,1349,1,2,-1,1
2014961401420,1,9,0,18,0,0,2,10,7,0,3,1,6,2,18,4,1341,1,10,-1,1
2014961401426,1,11,0,18,0,0,0,0,0,0,0,1,1,1,40,7,9000,2,10,-1,-1
2014961401426,2,1,0,18,0,0,0,0,1,4,1,1,6,1,47,8,-1,-1,-1,-1,-1
2014961401429,1,9,0,18,0,0,0,10,1,0,1,1,6,2,64,9,899,1,1,-1,1
2014961401430,1,9,0,4,0,0,0,0,0,0,2,1,6,1,50,8,1390,1,14,-1,3
2014961401430,2,9,0,15,0,0,0,0,0,0,2,1,6,2,20,4,1229,1,2,-1,-1
2014961401432,1,1,0,18,0,8,0,0,0,0,3,1,6,1,36,7,-1,-1,-1,-1,1
2014961401432,2,9,0,18,0,8,0,0,0,0,1,1,2,1,33,6,-1,-1,-1,-1,1
2014961401432,3,9,0,2,0,1,0,0,0,0,1,1,6,1,59,9,1461,2,6,-1,1
2014961401436,1,1,0,18,0,0,0,0,0,0,1,1,4,1,9,2,-1,-1,-1,-1,1
2014961401436,2,9,0,18,0,0,0,0,0,0,1,1,3,2,45,7,1600,1,14,-1,1
2014961401439,1,9,0,17,0,0,2,10,1,0,4,1,6,2,20,4,1386,1,6,-1,1
2014961401440,1,5,0,16,0,0,2,10,8,0,1,1,6,1,29,6,998,1,8,-1,1
2014961401440,2,9,0,17,0,0,0,0,0,0,1,1,6,1,54,8,1796,1,3,-1,1
2014961401441,1,9,0,17,0,2,0,0,0,0,1,1,6,1,43,7,1896,2,8,-1,1
2014961401441,2,9,0,16,0,1,0,0,0,0,1,1,2,2,35,6,-1,-1,-1,-1,1
2014961401442,1,5,0,16,0,8,0,0,0,0,3,1,6,2,49,8,599,1,6,-1,1
2014961401442,2,9,0,16,0,8,0,0,0,0,3,1,6,1,45,7,-1,-1,-1,6,1
2014961401448,1,9,0,18,0,0,0,10,1,11,1,1,6,1,19,4,1590,1,9,-1,1
2014961401450,1,9,0,5,0,0,0,0,0,0,1,1,1,1,62,9,1995,2,2,-1,1
2014961401457,1,5,0,13,0,8,0,10,7,0,1,1,6,1,30,6,652,1,10,-1,1
2014961401457,2,9,0,9,0,8,0,0,0,0,3,1,2,1,37,7,1999,1,8,-1,3
2014961401459,1,9,0,18,0,2,0,0,0,0,1,1,6,1,47,8,998,1,-1,-1,1
2014961401460,1,19,0,18,0,1,0,0,0,0,1,1,6,2,38,7,2991,2,-1,-1,3
2014961401460,2,9,0,10,0,8,1,10,1,0,2,1,2,2,50,8,1229,1,2,-1,2
2014961401467,1,9,0,11,0,1,0,0,0,0,4,1,6,2,63,9,1498,1,9,-1,3
2014961401467,2,1,0,9,0,1,0,0,0,0,3,1,6,1,47,8,-1,-1,-1,-1,2
2014961401475,1,9,0,1,0,0,0,0,0,0,2,1,6,1,45,7,1598,1,1,-1,1
2014961401475,2,9,0,1,0,0,0,0,0,0,3,1,6,1,56,9,2967,2,1,-1,3
2014961401478,1,9,0,14,0,8,1,0,0,0,1,1,6,1,20,4,1598,2,1,-1,-1
2014961401478,2,9,0,16,0,1,0,0,0,0,2,1,1,1,46,8,1390,1,3,-1,1
2014961401478,3,11,0,10,0,8,0,0,0,0,1,1,6,1,77,11,9200,2,2,4,3
2014961401483,1,9,0,4,0,1,0,0,0,0,1,1,6,1,40,7,-1,-1,-1,-1,-1
2014961401483,2,9,0,3,0,1,0,0,0,0,2,1,6,2,44,7,-1,-1,-1,-1,1
2014961401484,1,9,0,18,0,0,1,0,0,0,3,1,6,1,27,6,1560,2,1,-1,-1
2014961401484,2,9,0,2,0,0,0,0,0,0,3,1,6,2,51,8,1499,1,-1,-1,1
2014961401485,1,9,0,18,0,0,0,10,1,3,1,1,6,2,75,10,1339,1,10,-1,1
2014961401487,1,9,0,11,0,0,0,0,0,0,4,1,1,1,50,8,1910,2,4,-1,1
2014961401487,2,9,0,18,0,0,0,0,0,0,3,1,6,1,53,8,1590,1,10,-1,1
2014961401490,1,5,0,18,0,0,0,0,0,0,1,1,6,1,42,7,998,1,7,-1,1
2014961401490,2,5,0,4,0,0,0,0,0,0,1,1,6,1,49,8,1340,1,5,-1,1
2014961401492,1,9,0,18,0,0,0,0,0,0,1,1,6,1,71,10,1200,1,2,-1,3
2014961401492,2,9,0,2,0,0,0,0,0,0,2,1,6,1,29,6,1796,1,9,-1,2
2014961401497,1,5,0,17,0,0,0,10,2,11,4,1,2,1,26,6,600,1,10,-1,-1
2014961401500,1,4,0,16,0,0,1,0,0,0,4,1,6,1,40,7,124,1,6,-1,3
2014961401507,1,9,0,18,0,8,0,0,0,0,3,1,6,2,53,8,1956,2,-1,-1,-1
2014961401507,2,19,0,11,0,8,0,0,0,0,1,1,1,1,29,6,2198,2,2,-1,1
2014961401513,1,9,0,13,0,0,0,0,0,0,3,1,6,1,76,11,1984,2,3,-1,1
2014961401513,2,1,0,18,0,0,0,0,0,0,1,1,6,2,49,8,-1,-1,-1,10,1
2014961401517,1,90,0,18,0,0,0,0,0,0,4,1,6,1,41,7,349,1,2,-1,1
2014961401520,1,9,0,18,0,4,0,0,0,0,1,1,6,1,51,8,1582,2,1,-1,3
2014961401520,2,1,0,18,0,8,0,0,0,0,4,1,2,1,46,8,-1,-1,-1,-1,1
2014961401522,1,19,0,18,0,0,0,0,0,0,1,1,6,1,27,6,1753,2,8,-1,1
2014961401522,2,9,0,3,0,0,0,0,0,0,2,1,3,2,27,6,1586,1,11,-1,1
2014961401527,1,9,0,7,0,8,0,0,0,0,1,1,2,2,73,10,1240,1,7,-1,1
2014961401527,2,1,0,18,0,8,5,0,0,0,4,1,6,1,54,8,-1,-1,-1,-1,1
2014961401533,1,21,1,7,0,3,0,0,0,0,0,1,1,3,40,7,-1,-1,-1,-1,-1
2014961401533,2,1,0,18,0,2,0,10,1,0,0,1,6,1,30,6,-1,-1,-1,-1,1
2014961401534,1,5,0,16,0,0,1,10,7,0,4,1,2,1,49,8,1130,1,14,-1,3
2014961401535,1,9,0,17,0,0,1,10,8,10,1,1,6,1,26,6,1596,1,9,-1,1
2014961401537,1,9,0,14,0,0,0,0,0,0,1,1,2,2,55,8,1349,1,3,-1,2
2014961401537,2,11,0,2,0,0,0,0,0,0,0,1,1,1,25,5,4250,2,14,-1,1
2014961401540,1,1,0,18,0,8,0,0,0,0,3,1,6,1,12,3,-1,-1,-1,-1,1
2014961401540,2,9,0,9,0,8,0,0,0,0,1,1,6,3,45,7,-1,-1,-1,-1,-1
2014961401543,1,9,0,18,0,8,0,0,0,0,3,1,2,2,25,5,-1,-1,-1,-1,-1
2014961401543,2,9,0,18,0,8,5,0,0,0,4,1,1,1,35,6,-1,-1,-1,-1,1
2014961401548,1,90,0,17,0,2,0,0,0,0,1,1,6,1,15,3,-1,-1,-1,-1,1
2014961401548,2,9,0,16,0,1,0,0,0,0,1,1,1,1,30,6,-1,-1,-1,-1,1
2014961401552,1,9,0,16,0,0,1,10,8,0,1,1,6,1,22,5,-1,-1,-1,-1,1
2014961401552,2,9,0,17,0,0,0,0,0,0,3,1,6,2,23,5,1349,1,4,-1,3
2014961401554,1,9,0,18,0,0,5,4,0,0,1,1,6,1,71,10,1975,1,5,-1,1
2014961401554,2,9,0,2,0,0,0,0,0,0,3,1,6,2,50,8,1598,1,1,-1,1
2014961401554,3,9,0,2,6,0,0,0,0,0,4,1,6,1,47,8,2969,2,9,-1,1
2014961401557,1,9,0,18,0,1,0,0,0,0,1,1,2,1,17,4,999,1,9,-1,1
2014961401557,2,21,0,10,0,8,0,0,0,0,2,1,1,1,51,8,5193,2,1,-1,1
2014961401563,1,19,0,18,0,8,0,0,0,0,3,1,2,1,35,6,2402,2,8,-1,2
2014961401563,2,9,0,18,0,8,0,0,0,0,4,1,6,1,65,9,1360,1,7,-1,3
2014961401565,1,9,0,4,6,0,0,0,0,0,0,1,6,1,54,8,1999,1,12,-1,1
2014961401565,2,9,0,2,6,0,0,0,0,0,0,1,6,1,50,8,973,1,11,-1,1
2014961401568,1,9,0,18,0,0,0,0,0,0,1,1,6,2,52,8,1149,1,11,-1,1
2014961401568,2,9,0,18,0,0,0,10,7,9,1,1,6,1,25,5,1299,1,7,-1,1
2014961401569,1,5,0,18,0,8,0,0,0,0,0,1,6,1,46,8,649,1,6,3,1
2014961401579,1,9,0,18,0,0,0,10,1,4,1,1,2,1,50,8,2993,2,3,-1,3
2014961401584,1,10,0,18,0,0,0,0,0,0,1,1,6,1,50,8,-1,-1,-1,-1,-1
2014961401593,1,9,0,2,0,2,0,0,0,0,3,1,6,2,49,8,1781,1,14,-1,3
2014961401593,2,1,0,18,0,2,0,0,0,0,4,1,6,1,23,5,-1,-1,-1,-1,1
2014961401596,1,19,0,18,0,0,0,0,0,0,3,1,6,3,50,8,-1,-1,-1,-1,-1
2014961401596,2,1,0,18,0,0,0,0,1,0,3,1,6,1,47,8,-1,-1,-1,-1,1
2014961401600,1,9,0,7,0,8,0,0,0,0,1,1,6,2,45,7,998,1,7,-1,1
2014961401604,1,9,0,9,0,8,0,0,0,0,1,1,6,2,43,7,1248,2,2,-1,1
2014961401604,2,9,0,18,0,8,0,0,0,0,1,1,6,2,52,8,1396,1,3,-1,3
2014961401608,1,9,0,11,0,1,0,0,0,0,4,1,6,2,47,8,998,1,10,-1,1
2014961401608,2,9,0,18,0,1,0,0,0,0,3,1,6,2,32,6,998,1,6,-1,3
2014961401617,1,9,0,18,0,1,5,10,1,10,1,1,6,2,45,7,1299,1,7,-1,1
2014961401623,1,9,0,9,0,1,0,0,0,0,1,1,6,2,30,6,2497,2,7,-1,3
2014961401623,2,19,0,10,0,8,0,0,0,0,2,1,6,1,58,9,-1,-1,-1,-1,1
2014961401624,1,11,0,4,0,2,0,0,0,0,0,1,1,1,41,7,7300,2,8,-1,1
2014961401628,1,9,0,16,0,0,2,0,2,11,1,1,2,2,46,8,1598,2,4,-1,3
2014961401629,1,9,0,18,0,0,0,0,0,0,1,1,2,1,45,7,1791,8,3,-1,1
2014961401629,2,9,0,3,0,0,0,0,0,0,2,1,2,1,47,8,1461,2,-1,-1,1
2014961401629,3,9,0,3,0,0,0,0,0,0,2,1,2,2,46,8,1560,2,5,-1,1
2014961401632,1,9,0,17,0,0,0,0,0,0,1,1,6,1,64,9,1995,2,2,-1,2
2014961401632,2,9,0,3,0,0,0,0,0,0,2,1,6,1,49,8,1598,1,7,-1,3
2014961401632,3,9,0,3,0,0,0,0,0,0,2,1,6,1,67,10,2776,2,8,-1,1
2014961401647,1,9,0,16,0,0,1,0,0,0,1,1,2,1,48,8,1968,2,-1,-1,3
2014961401647,2,9,0,17,0,0,0,0,0,0,1,1,6,1,55,8,1998,1,7,9,1
2014961401657,1,9,0,18,0,0,0,0,0,0,1,1,6,1,22,5,1598,1,9,-1,1
2014961401657,2,8,0,18,0,0,0,0,0,0,1,1,1,1,35,6,1995,2,-1,-1,3
2014961401663,1,9,0,18,0,1,0,0,0,0,1,1,6,2,59,9,1349,1,5,-1,1
2014961401663,2,9,0,3,0,1,0,0,0,0,2,1,6,2,34,6,1995,2,9,-1,1
2014961401677,1,5,0,18,0,0,1,0,0,0,1,1,6,1,24,5,1340,1,5,-1,2
2014961401680,1,5,0,17,0,0,1,10,1,0,3,1,6,1,49,8,600,1,10,-1,1
2014961401683,1,9,0,18,0,0,0,0,0,0,1,1,1,1,46,8,1796,1,4,-1,1
2014961401683,2,9,0,18,0,0,0,0,0,0,2,1,6,1,37,7,1796,1,15,-1,1
2014961401684,1,9,0,9,0,8,0,0,0,0,1,1,6,1,32,6,1364,1,4,-1,1
2014961401684,2,9,0,18,0,8,0,0,0,0,3,1,6,2,46,8,1497,1,9,-1,1
2014961401687,1,9,0,9,0,0,0,0,0,0,0,2,6,3,50,8,-1,-1,-1,-1,-1
2014961401687,2,11,0,4,0,0,0,0,0,0,0,1,1,1,45,7,9000,2,13,-1,1
2014961401693,1,9,0,17,0,0,0,0,0,0,1,1,1,2,18,4,973,1,11,-1,3
2014961401693,2,9,0,16,0,0,0,0,0,0,1,1,1,1,37,7,1589,1,16,-1,1
2014961401695,1,9,0,16,0,0,1,10,7,2,3,1,6,1,24,5,3246,1,8,-1,3
2014961401696,1,9,0,7,0,8,0,0,0,0,1,1,6,2,57,9,1339,1,7,-1,-1
2014961401696,2,1,0,18,0,8,2,0,0,0,1,1,2,1,32,6,-1,-1,-1,-1,3
2014961401698,1,9,0,5,0,1,0,0,0,0,1,1,6,1,68,10,1796,1,9,-1,1
2014961401698,2,5,0,3,0,1,0,0,0,0,2,1,6,1,57,9,883,1,11,-1,1
2014961401708,1,9,0,18,0,2,0,0,0,0,1,1,6,1,74,10,1560,2,1,-1,1
2014961401714,1,9,0,9,0,8,0,0,0,0,1,1,6,2,30,6,-1,-1,-1,-1,-1
2014961401714,2,1,0,18,0,8,0,0,0,0,3,1,2,1,16,4,-1,-1,-1,-1,1
2014961401717,1,9,0,9,0,8,0,0,0,0,4,1,6,1,46,8,-1,-1,-1,-1,3
2014961401717,2,1,0,18,0,8,0,0,0,0,1,1,2,2,35,6,-1,-1,-1,-1,1
2014961401719,1,9,0,16,0,0,1,0,0,0,1,1,2,2,24,5,1364,2,3,-1,3
2014961401719,2,9,0,17,0,0,0,0,1,11,1,1,2,1,40,7,1968,2,-1,-1,3
2014961401723,1,21,0,4,0,1,0,0,0,0,1,1,1,1,37,7,5880,2,9,-1,3
2014961401723,2,9,0,10,0,8,0,0,0,0,2,1,6,1,43,7,1598,1,8,-1,1
2014961401723,3,9,0,17,0,1,0,0,0,0,1,1,6,2,74,10,998,1,-1,-1,1
2014961401725,1,9,0,18,0,0,0,0,0,0,1,1,6,2,66,10,1461,2,10,-1,1
2014961401726,1,9,0,18,0,0,0,0,8,9,4,1,6,1,35,6,1997,2,1,-1,-1
2014961401744,1,19,0,18,0,2,0,0,0,0,1,1,2,1,62,9,-1,-1,-1,-1,2
2014961401745,1,9,0,5,8,0,0,0,0,0,3,1,2,2,24,5,1598,1,7,-1,1
2014961401745,2,9,0,18,0,0,0,0,0,0,4,1,6,2,40,7,1598,1,5,-1,1
2014961401745,3,9,0,2,6,0,0,0,0,0,3,1,6,2,21,5,1328,1,4,-1,1
2014961401751,1,9,0,9,0,8,0,0,0,0,0,1,6,1,83,11,1498,1,2,-1,3
2014961401751,2,9,0,18,0,8,0,0,0,0,1,1,6,1,36,7,1560,2,2,-1,3
2014961401751,3,9,0,3,0,8,0,0,0,0,3,1,6,1,42,7,1461,2,4,-1,1
2014961401753,1,9,0,9,0,8,0,0,0,0,1,1,2,2,41,7,1596,1,12,-1,1
2014961401753,2,4,0,18,0,8,0,0,0,0,3,1,2,1,27,6,125,1,1,-1,1
2014961401757,1,9,0,18,0,0,1,10,8,2,2,1,6,1,18,4,1364,1,10,-1,1
2014961401761,1,5,0,18,0,0,2,0,0,0,1,1,2,1,30,6,1255,1,7,-1,1
2014961401761,2,9,0,4,0,0,0,0,0,0,3,1,6,2,26,6,1591,1,-1,-1,1
2014961401768,1,9,0,18,0,0,2,10,1,0,1,1,6,1,27,6,1461,2,7,-1,2
2014961401770,1,9,0,9,0,8,0,0,0,0,0,1,6,3,40,7,-1,-1,-1,-1,-1
2014961401770,2,9,0,18,0,8,1,10,1,3,1,1,6,1,39,7,1328,1,12,-1,1
2014961401775,1,3,0,9,0,8,1,0,0,0,3,1,1,2,30,6,124,1,6,-1,2
2014961401776,1,9,0,9,0,8,0,0,0,0,4,1,6,1,73,10,1248,1,2,-1,1
2014961401776,2,9,0,18,0,8,0,0,0,0,1,1,1,2,37,7,1242,1,10,-1,1
2014961401778,1,9,0,16,0,0,0,10,1,4,1,1,3,2,38,7,1582,2,6,-1,1
2014961401787,1,9,0,18,0,0,0,0,0,0,4,1,6,2,36,7,1248,2,1,-1,1
2014961401787,2,9,0,2,0,0,0,0,0,0,0,1,6,3,50,8,-1,-1,-1,-1,-1
2014961401791,1,9,0,12,0,7,1,0,0,0,3,1,2,2,37,7,1598,1,6,-1,1
2014961401791,2,21,1,18,0,8,0,0,0,0,4,1,1,1,56,9,11705,2,2,-1,1
2014961401803,1,9,0,17,0,0,0,0,0,0,3,1,6,1,37,7,1997,1,14,-1,3
2014961401803,2,9,0,16,0,0,0,0,0,0,3,1,6,2,44,7,1896,2,9,-1,3
2014961401806,1,9,0,16,0,2,0,10,1,11,4,1,6,2,17,4,1299,1,7,-1,3
2014961401810,1,9,0,17,0,0,1,0,1,7,1,1,6,1,36,7,1910,2,8,-1,1
2014961401827,1,9,0,16,0,0,1,10,1,11,1,1,6,1,31,6,1895,1,13,-1,1
2014961401827,2,9,0,17,0,0,0,0,0,0,0,1,6,3,50,8,-1,-1,-1,-1,-1
2014961401846,1,9,0,18,0,1,0,0,0,0,1,1,6,2,37,7,1248,1,-1,-1,1
2014961401846,2,9,0,10,0,1,0,0,0,0,2,1,6,2,54,8,1998,1,9,-1,3
2014961401848,1,9,0,18,0,1,0,0,0,0,4,1,2,1,21,5,1896,2,12,-1,-1
2014961401861,1,9,0,18,0,0,5,4,0,0,1,1,6,2,52,8,1598,1,7,-1,3
2014961401861,2,9,0,2,0,0,0,0,0,0,1,1,6,1,24,5,1400,1,9,-1,3
2014961401864,1,9,0,9,0,8,0,0,0,0,3,1,6,1,93,11,1598,1,4,-1,1
2014961401864,2,9,0,17,0,8,0,0,0,0,1,1,6,2,27,6,1598,1,2,-1,3
2014961401868,1,9,0,18,0,1,0,0,0,0,1,1,6,1,26,6,1796,1,3,-1,1
2014961401868,2,9,0,9,0,8,0,0,0,0,1,1,6,2,48,8,995,1,-1,-1,1
2014961401871,1,2,0,18,0,0,0,0,0,0,0,1,6,1,24,5,49,1,14,-1,3
2014961401877,1,9,0,11,0,1,0,0,0,0,0,1,6,3,50,8,-1,-1,-1,-1,-1
2014961401877,2,11,0,4,0,1,0,0,0,0,0,1,1,1,38,7,-1,-1,-1,-1,-1
2014961401887,1,9,0,9,0,8,0,0,0,0,1,1,6,1,18,4,1242,1,11,-1,1
2014961401887,2,9,0,9,0,8,0,0,0,0,1,1,6,2,52,8,1124,1,8,-1,1
2014961401898,1,9,0,17,0,0,2,10,1,9,1,1,6,2,19,4,1349,1,2,-1,3
2014961401899,1,9,0,18,0,0,0,10,0,0,1,1,6,1,21,5,1388,1,11,-1,1
2014961401901,1,9,0,7,0,2,1,10,1,7,2,1,6,2,28,6,1360,1,12,-1,-1
2014961401905,1,9,0,18,0,8,0,0,0,0,1,1,6,2,75,10,1299,1,9,-1,1
2014961401905,2,9,0,18,0,8,1,0,0,0,3,1,6,1,59,9,1587,1,12,-1,1
2014961401907,1,9,0,9,0,8,0,0,0,0,3,1,6,2,20,4,1242,1,3,-1,1
2014961401907,2,9,0,18,0,8,0,0,0,0,1,1,6,1,37,7,1389,1,10,-1,1
2014961401909,1,9,0,5,0,8,0,0,0,0,3,1,6,3,40,7,-1,-1,-1,-1,-1
2014961401909,2,1,0,18,0,8,5,0,0,0,4,1,6,1,85,11,-1,-1,-1,-1,1
2014961401915,1,19,0,18,0,0,0,0,0,0,4,1,6,1,50,8,-1,-1,-1,-1,1
2014961401918,1,9,0,18,0,8,0,0,0,0,3,1,6,1,43,7,998,1,6,-1,2
2014961401918,2,1,0,18,0,8,0,0,0,0,2,1,6,1,37,7,-1,-1,-1,-1,2
2014961401924,1,9,0,18,0,0,0,0,0,0,4,1,6,2,22,5,1242,1,11,-1,1
2014961401925,1,9,0,1,0,0,0,0,0,0,2,1,6,1,58,9,1598,1,3,-1,1
2014961401930,1,9,0,18,0,1,1,0,0,0,1,1,1,1,26,6,1560,2,2,-1,1
2014961401930,2,9,0,3,0,1,0,0,0,0,2,1,6,2,59,9,1248,1,3,-1,-1
2014961401930,3,9,0,3,0,1,0,0,0,0,2,1,1,2,41,7,2204,2,7,-1,1
2014961401948,1,19,0,18,0,0,0,0,0,0,1,1,1,1,53,8,2198,2,2,-1,3
2014961401948,2,17,0,18,0,0,0,0,0,0,2,1,1,1,54,8,4233,2,14,-1,2
2014961401955,1,9,0,9,0,8,0,0,0,0,2,1,3,2,67,10,1968,2,5,-1,1
2014961401955,2,9,0,7,0,8,0,0,0,0,1,1,2,2,24,5,1299,1,6,-1,1
2014961401965,1,9,0,18,0,2,0,0,0,0,1,1,6,2,79,11,1242,1,9,-1,3
2014961401965,2,9,0,4,0,2,0,0,0,0,2,1,3,2,27,6,2000,1,14,-1,2
2014961401966,1,8,0,18,0,0,0,0,0,0,4,1,6,1,55,8,1598,2,1,-1,3
2014961401969,1,9,0,18,0,1,0,0,0,0,1,1,6,1,31,6,1598,1,11,-1,1
2014961401969,2,19,0,10,0,8,0,0,0,0,2,1,1,1,48,8,1753,2,1,-1,1
2014961401979,1,20,0,9,0,8,0,0,0,0,0,1,2,1,37,7,-1,-1,-1,-1,1
2014961401979,2,19,0,17,0,8,0,0,0,0,1,1,2,1,66,10,-1,-1,-1,-1,1
2014961401979,3,9,0,16,0,1,0,0,0,0,1,1,2,2,50,8,2143,2,2,-1,3
2014961401983,1,9,0,7,0,8,0,0,0,0,3,1,2,2,25,5,996,1,1,-1,1
2014961401983,2,1,0,7,0,8,0,0,0,0,4,1,6,1,73,10,-1,-1,-1,-1,1
2014961401988,1,9,0,18,0,0,0,0,0,0,1,1,1,1,18,4,1586,1,8,-1,1
2014961401988,2,9,0,4,0,0,0,0,0,0,2,1,6,2,34,6,1995,2,1,-1,3
2014961401988,3,9,0,4,0,0,0,0,0,0,2,1,6,1,17,4,1149,1,10,-1,1
2014961401988,4,9,0,4,0,0,0,0,0,0,2,1,6,2,35,6,1229,1,2,-1,1
2014961401991,1,9,0,18,0,1,0,0,0,0,3,1,2,2,50,8,1598,1,7,-1,1
2014961402011,1,9,0,18,0,1,0,0,0,0,1,1,6,2,29,6,1598,2,1,-1,1
2014961402011,2,9,0,3,0,1,0,0,0,0,2,1,6,1,37,7,1850,1,14,-1,1
2014961402011,3,9,0,3,0,1,0,0,0,0,2,1,6,2,46,8,1498,1,3,-1,1
2014961402012,1,9,0,18,0,0,2,10,0,0,4,1,6,1,22,5,973,1,13,-1,1
2014961402013,1,9,0,9,0,8,0,0,0,0,1,1,2,2,23,5,1598,1,6,-1,3
2014961402013,2,1,0,18,0,8,0,0,0,0,3,1,2,1,39,7,-1,-1,-1,-1,1
2014961402017,1,9,0,18,0,2,0,0,0,0,4,1,6,1,64,9,1598,1,6,-1,1
2014961402017,2,1,0,18,0,2,0,0,0,0,3,1,2,1,52,8,-1,-1,-1,-1,1
2014961402023,1,9,0,18,0,4,0,0,0,0,3,1,6,1,91,11,1586,1,10,-1,1
2014961402023,2,19,0,9,0,8,0,0,0,0,4,1,3,2,43,7,-1,-1,-1,-1,3
2014961402027,1,9,0,18,0,1,0,0,0,0,1,1,6,1,27,6,1198,1,8,-1,-1
2014961402027,2,9,0,3,0,1,0,0,0,0,2,1,6,1,60,9,1796,1,7,-1,1
2014961402029,1,3,0,18,0,0,1,7,0,0,2,1,6,1,43,7,124,1,1,-1,1
2014961402032,1,20,4,1,0,1,0,0,0,0,2,1,1,1,42,7,5193,2,4,-1,1
2014961402032,2,22,0,3,0,8,0,0,0,0,1,1,6,1,80,11,-1,-1,-1,-1,-1
2014961402032,3,9,0,18,0,1,0,0,0,0,0,1,6,1,58,9,2967,2,6,-1,1
2014961402043,1,9,0,18,0,1,0,0,0,0,3,1,6,2,63,9,1242,1,8,-1,1
2014961402043,2,9,0,3,0,1,0,0,0,0,4,1,2,2,29,6,998,1,8,-1,1
2014961402045,1,9,0,9,0,8,0,0,0,0,1,1,6,2,65,9,1685,2,3,-1,2
2014961402045,2,9,0,18,0,8,0,0,0,0,4,1,6,2,43,7,1328,1,7,-1,1
2014961402049,1,9,0,18,0,1,0,0,0,0,1,1,6,1,40,7,-1,-1,-1,-1,-1
2014961402049,2,9,0,4,0,1,0,0,0,0,2,1,6,2,48,8,-1,-1,-1,-1,1
2014961402056,1,9,0,18,0,0,0,0,0,0,3,1,1,1,36,7,2290,1,15,-1,1
2014961402056,2,9,0,18,0,0,0,0,0,0,3,1,6,1,40,7,1560,2,1,-1,2
2014961402061,1,9,0,18,0,0,0,10,0,0,2,1,6,1,23,5,1229,1,-1,-1,1
2014961402061,2,9,0,18,0,0,1,0,0,0,1,1,6,1,20,4,-1,-1,-1,-1,1