Accident_Index,Vehicle_Reference,Vehicle_Type,Towing_and_Articulation,Vehicle_Manoeuvre,Vehicle_Location-Restricted_Lane,Junction_Location,Skidding_and_Overturning,Hit_Object_in_Carriageway,Vehicle_Leaving_Carriageway,Hit_Object_off_Carriageway,1st_Point_of_Impact,Was_Vehicle_Left_Hand_Drive?,Journey_Purpose_of_Driver,Sex_of_Driver,Age_of_Driver,Age_Band_of_Driver,Engine_Capacity_(CC),Propulsion_Code,Age_of_Vehicle,Driver_IMD_Decile,Driver_Home_Area_Type
2014961402062,1,9,0,18,0,1,0,0,0,0,1,1,2,1,59,9,-1,-1,-1,-1,1
2014961402062,2,9,0,3,0,1,0,0,0,0,2,1,2,1,58,9,-1,-1,-1,-1,3
2014961402062,3,9,0,3,0,1,0,0,0,0,2,1,6,2,50,8,1229,1,1,-1,1
2014961402068,1,9,0,18,0,1,2,10,2,0,4,1,1,1,38,7,1368,1,5,-1,1
2014961402073,1,9,0,12,0,7,0,0,0,0,1,1,2,1,19,4,1242,1,12,-1,1
2014961402073,2,9,0,4,0,8,0,0,0,0,2,1,2,1,44,7,1560,2,-1,-1,1
2014961402073,3,19,0,4,0,8,0,0,0,0,2,1,2,1,45,7,2402,2,4,-1,1
2014961402083,1,9,0,9,0,8,0,0,0,0,1,1,6,1,64,9,1560,2,8,-1,1
2014961402083,2,9,0,18,0,8,1,0,0,0,4,1,6,1,80,11,998,1,5,-1,1
2014961402083,3,9,0,18,0,8,0,0,0,0,3,1,6,2,60,9,1364,1,8,-1,1
2014961402085,1,9,0,18,0,1,0,0,0,0,1,1,6,1,18,4,1199,1,10,-1,1
2014961402085,2,9,0,10,0,1,0,0,0,0,2,1,1,2,52,8,2990,2,4,-1,1
2014961402095,1,9,0,7,0,8,0,0,0,0,1,1,1,1,41,7,-1,-1,-1,-1,3
2014961402095,2,9,0,18,0,8,5,0,0,0,4,1,2,1,49,8,1149,1,12,-1,1
2014961402110,1,9,0,18,0,0,0,0,0,0,1,1,6,2,44,7,1398,2,6,-1,3
2014961402110,2,9,0,18,0,0,0,0,0,0,2,1,6,2,55,8,1368,1,2,-1,1
2014961402113,1,9,0,18,0,0,0,10,2,5,1,1,2,2,24,5,1560,2,5,-1,1
2014961402113,2,9,0,18,0,0,0,0,0,0,2,1,2,1,50,8,1598,1,7,-1,2
2014961402118,1,11,0,9,0,8,0,0,0,0,1,1,1,1,64,9,4500,2,4,-1,1
2014961402125,1,9,0,14,9,0,0,0,0,0,3,1,1,1,35,6,1399,2,2,-1,1
2014961402125,2,9,0,2,0,0,0,0,0,0,4,1,6,3,21,5,-1,-1,-1,-1,-1
2014961402129,1,9,0,18,0,0,0,10,1,0,1,1,6,2,23,5,1596,1,8,-1,2
2014961402133,1,9,0,4,0,0,0,0,0,0,4,1,6,1,75,10,1794,1,8,-1,1
2014961402140,1,19,0,18,0,0,0,0,0,0,0,1,6,3,50,8,-1,-1,-1,-1,-1
2014961402140,2,9,0,18,0,0,0,10,7,0,2,1,2,2,23,5,1686,2,9,-1,3
2014961402141,1,9,0,18,0,1,1,0,0,0,1,1,6,1,37,7,1495,1,13,-1,3
2014961402141,2,9,0,3,0,1,0,0,0,0,2,1,6,2,50,8,998,1,2,-1,1
2014961402141,3,9,0,3,0,1,0,0,0,0,2,1,1,2,44,7,1598,1,2,-1,3
2014961402141,4,9,0,10,0,8,0,0,0,0,2,1,6,1,40,7,1598,2,-1,-1,2
2014961402157,1,10,0,18,0,0,0,0,0,0,0,1,1,1,50,8,-1,-1,-1,-1,1
2014961402161,1,9,0,4,0,8,0,0,0,0,1,1,6,1,45,7,1998,2,10,-1,1
2014961402161,2,9,0,4,0,8,0,0,0,0,2,1,6,1,67,10,1587,1,6,-1,3
2014961402170,1,9,0,18,0,0,0,0,0,0,3,1,1,1,52,8,2497,2,3,-1,3
2014961402170,2,9,0,18,0,0,0,0,0,0,1,1,2,1,30,6,1998,1,12,-1,3
2014961402182,1,19,0,18,0,0,1,10,1,11,1,1,6,1,27,6,1896,2,10,-1,1
2014961402182,2,5,0,18,0,0,0,10,1,11,1,1,6,1,44,7,1157,1,17,-1,1
2014961402186,1,9,0,18,0,0,1,0,0,0,4,1,6,1,55,8,1998,1,14,-1,1
2014961402186,2,9,0,18,0,0,2,10,2,10,3,1,6,1,61,9,1794,1,13,-1,1
2014961402188,1,9,0,9,0,8,0,0,0,0,1,1,6,2,41,7,1299,1,9,-1,1
2014961402188,2,9,0,18,0,8,0,0,0,0,1,1,6,2,28,6,1390,1,4,-1,-1
2014961402189,1,19,0,18,0,0,1,0,7,11,1,1,6,2,23,5,2287,2,-1,-1,1
2014961402189,2,9,0,18,0,0,0,0,1,11,3,1,6,1,55,8,1149,1,9,-1,3
2014961402192,1,9,0,4,0,1,0,0,0,0,1,1,6,2,52,8,1329,1,-1,-1,3
2014961402196,1,9,0,5,0,4,0,0,0,0,1,1,6,1,63,9,1997,2,11,-1,1
2014961402196,2,1,0,9,0,8,0,0,0,0,4,1,6,1,58,9,-1,-1,-1,-1,1
2014961402197,1,9,0,5,0,4,0,0,0,0,1,1,2,1,46,8,1197,1,4,-1,1
2014961402197,2,1,0,18,0,8,5,0,0,0,4,1,2,1,41,7,-1,-1,-1,-1,1
2014961402202,1,9,0,5,0,0,0,0,0,0,4,1,6,1,36,7,1598,1,8,-1,1
2014961402203,1,9,0,18,0,1,0,0,0,0,1,1,6,1,65,9,898,1,-1,-1,2
2014961402203,2,9,0,3,0,1,0,0,0,0,2,1,6,2,57,9,1390,1,8,-1,1
2014961402204,1,9,0,18,0,1,0,0,0,0,1,1,6,2,30,6,1490,1,8,-1,1
2014961402204,2,11,0,5,0,1,0,0,0,0,0,1,1,3,45,7,-1,-1,-1,-1,-1
2014961402207,1,9,0,17,0,0,2,0,2,10,4,1,6,2,57,9,1198,1,7,-1,1
2014961402216,1,9,0,14,0,0,1,8,0,0,4,1,6,2,65,9,1598,1,1,-1,1
2014961402216,2,8,0,2,0,0,1,8,0,0,4,1,1,2,41,7,1956,2,1,-1,1
2014961402219,1,9,0,18,0,0,0,0,0,0,4,1,6,1,69,10,4367,2,3,-1,1
2014961402226,1,9,0,7,0,4,0,0,0,0,3,1,6,2,37,7,2149,2,7,-1,1
2014961402226,2,1,0,18,0,8,0,0,0,0,1,1,6,1,49,8,-1,-1,-1,-1,-1
2014961402234,1,9,0,5,0,0,0,0,0,0,1,1,1,1,70,10,1968,2,6,-1,1
2014961500001,1,3,0,18,0,4,2,10,0,0,1,1,6,1,19,4,-1,-1,-1,-1,1
2014961500005,1,9,0,18,0,0,1,0,0,0,4,1,6,1,21,5,1595,1,12,-1,3
2014961500329,1,9,0,4,0,0,0,0,0,0,1,1,6,3,50,8,-1,-1,-1,-1,-1
2014961500329,2,9,0,3,0,0,0,0,0,0,2,1,6,1,69,10,1956,2,3,-1,1
2014972109814,1,9,0,17,0,0,5,0,2,0,4,1,6,1,61,9,-1,-1,-1,2,1
201497AB00106,1,9,0,18,0,1,0,0,0,0,1,1,6,1,51,8,1461,2,1,-1,1
201497AB00109,1,9,0,5,0,0,0,0,0,0,0,1,6,1,21,5,1198,1,2,-1,1
201497AB00110,1,9,0,9,0,8,0,0,0,0,4,1,6,1,20,4,1598,2,3,-1,3
201497AB00110,2,8,0,18,0,8,0,0,0,0,3,1,1,1,54,8,1598,2,1,-1,1
201497AB00201,1,3,0,18,0,1,0,0,0,0,2,1,6,2,19,4,125,1,7,-1,1
201497AB00201,2,9,0,4,0,1,0,0,0,0,0,1,6,2,23,5,1248,2,6,-1,1
201497AB00203,1,9,0,18,0,1,0,0,0,0,1,1,6,1,49,8,-1,-1,-1,-1,1
201497AB00205,1,9,0,16,0,5,1,0,2,11,1,1,6,1,19,4,1242,1,10,-1,1
201497AB00212,1,9,0,9,0,8,0,0,0,0,1,1,6,1,18,4,1149,1,6,-1,1
201497AB00212,2,3,0,18,0,8,1,0,0,0,1,1,6,1,21,5,125,1,1,-1,1
201497AB00307,1,3,0,18,0,0,0,0,0,0,3,1,2,1,23,5,125,1,-1,10,1
201497AB00402,1,9,0,18,0,2,0,0,0,0,3,1,6,1,19,4,998,1,9,-1,1
201497AB00402,2,8,0,18,0,1,0,0,0,0,1,1,1,1,50,8,2402,2,8,-1,1
201497AB00406,1,11,0,18,0,0,0,0,0,0,1,1,1,1,53,8,9600,2,13,-1,-1
201497AB00407,1,11,0,9,0,1,0,0,0,0,3,1,1,1,59,9,12000,2,7,-1,1
201497AB00407,2,9,0,18,0,1,0,0,0,0,4,1,6,1,42,7,1968,2,8,-1,1
201497AB00411,1,1,0,18,0,8,0,0,0,0,4,1,6,1,42,7,-1,-1,-1,-1,1
201497AB00411,2,9,0,18,0,8,0,0,0,0,1,1,6,1,29,6,1149,1,13,-1,1
201497AB00503,1,9,0,17,0,8,0,0,0,0,1,1,6,1,19,4,1199,1,13,-1,1
201497AB00503,2,90,0,18,0,8,0,0,0,0,3,1,1,1,50,8,9290,2,4,-1,-1
201497AB00506,1,5,0,7,0,1,2,0,0,0,1,1,6,1,42,7,903,1,7,-1,1
201497AB00506,2,9,0,7,0,1,0,0,0,0,2,1,6,1,58,9,2179,2,5,-1,2
201497AB00508,1,9,0,18,0,1,0,0,0,0,4,1,6,1,77,11,2231,2,2,-1,3
201497AB00510,1,19,0,1,0,1,0,0,0,0,2,1,1,1,38,7,2287,2,2,-1,1
201497AB00510,2,11,0,2,0,1,0,0,0,0,1,1,1,1,39,7,5900,2,9,-1,1
201497AB00511,1,9,0,5,0,8,0,0,0,0,1,1,2,1,46,8,1595,1,10,-1,1
201497AB00511,2,9,0,5,0,8,0,0,0,0,2,1,2,2,50,8,2000,2,4,-1,1
201497AB00602,1,9,0,18,0,0,0,0,0,0,3,1,6,2,47,8,1296,1,7,-1,3
201497AB00607,1,9,0,18,0,1,0,0,0,0,1,1,6,1,32,6,-1,-1,-1,-1,1
201497AB00701,1,9,0,7,0,0,0,0,0,0,3,1,1,1,27,6,-1,-1,-1,-1,1
201497AB00701,2,9,0,18,0,0,0,0,1,0,3,1,1,1,36,7,1248,1,1,-1,-1
201497AB00702,1,9,0,18,0,0,0,0,0,0,1,1,1,1,51,8,1997,2,5,-1,1
201497AB00806,1,9,0,7,0,1,0,0,0,0,0,1,6,2,28,6,-1,-1,-1,-1,-1
201497AB00807,1,9,0,4,0,1,0,0,0,0,1,1,6,3,30,6,-1,-1,-1,-1,-1
201497AB00807,2,1,0,18,0,1,0,0,0,0,3,1,6,1,30,6,-1,-1,-1,-1,1
201497AB00812,1,8,0,18,0,0,0,0,0,0,1,1,1,1,37,7,1997,2,-1,-1,1
201497AB00903,1,9,0,18,0,2,0,0,0,0,1,1,6,1,30,6,-1,-1,-1,-1,-1
201497AB00903,2,9,0,18,0,2,0,0,0,0,2,1,6,1,44,7,1796,1,12,-1,1
201497AB00904,1,9,0,1,0,4,0,0,0,0,2,1,6,1,40,7,1995,1,4,-1,1
201497AB00904,2,9,0,2,0,1,0,0,0,0,1,1,1,1,40,7,1968,2,6,-1,1
201497AB00905,1,9,0,1,0,2,0,0,0,0,2,1,6,1,30,6,1998,1,14,-1,-1
201497AB01002,1,8,0,18,0,1,0,0,0,0,1,1,1,1,64,9,2664,2,12,-1,1
201497AB01007,1,9,0,1,0,0,0,0,0,0,2,1,6,1,37,7,2987,2,7,-1,1
201497AB01008,1,9,0,18,0,1,0,0,0,0,1,1,6,1,66,10,1396,1,12,-1,1
201497AB01011,1,8,0,18,0,0,0,0,0,0,3,1,1,1,37,7,2499,2,5,-1,2
201497AB01012,1,9,0,18,0,1,1,0,0,1,1,1,6,2,39,7,-1,-1,-1,-1,-1
201497AB01012,2,9,0,18,0,1,1,0,0,0,4,1,6,1,51,8,-1,-1,-1,-1,1
201497AB01103,1,8,0,9,0,0,0,0,0,0,1,1,6,1,50,8,-1,-1,-1,-1,-1
201497AB01104,1,11,0,4,9,0,0,0,1,0,4,1,6,1,30,6,-1,2,14,-1,-1
201497AB01108,1,19,0,2,0,1,0,0,0,0,3,1,6,1,30,6,2464,2,6,-1,-1
201497AB01108,2,1,0,18,0,1,0,0,0,0,1,1,2,1,24,5,-1,-1,-1,-1,1
201497AB01112,1,11,0,9,0,5,0,0,0,0,4,1,1,1,48,8,6700,2,3,-1,1
201497AB01203,1,9,0,11,0,0,0,0,0,0,4,1,6,2,35,6,-1,-1,-1,-1,-1
201497AB01203,2,11,0,18,0,0,0,0,0,0,3,1,6,1,56,9,7300,2,8,-1,1
201497AB01207,1,9,0,18,0,8,0,0,0,0,4,1,6,1,19,4,996,1,5,-1,1
201497AB01207,2,9,0,9,0,8,0,0,0,0,1,1,6,1,67,10,1995,1,3,-1,1
201497AB01304,1,11,0,18,0,0,0,0,0,0,0,1,1,1,63,9,9360,2,6,-1,1
201497AB01401,1,9,0,6,0,0,0,0,0,0,3,1,1,1,44,7,-1,-1,-1,-1,-1
201497AB01401,2,1,0,18,0,0,0,0,0,0,3,1,2,1,37,7,-1,-1,-1,-1,1
201497AB01406,1,1,0,18,0,8,0,0,0,0,1,1,6,1,25,5,-1,-1,-1,-1,1
201497AB01406,2,9,0,18,0,8,0,0,0,0,4,1,6,1,31,6,1398,1,1,-1,1
201497AB01409,1,9,0,18,0,8,0,0,0,0,4,1,6,2,56,9,1998,1,9,-1,1
201497AB01409,2,9,0,9,0,8,0,0,0,0,1,1,6,2,58,9,1596,1,5,-1,-1
201497AB01411,1,9,0,18,0,0,0,0,0,0,1,1,6,2,19,4,1390,1,3,-1,-1
201497AB01411,2,9,0,18,0,0,0,0,0,0,1,1,6,2,19,4,1229,1,2,-1,3
201497AB01501,1,9,0,6,0,0,0,0,0,11,1,1,6,1,45,7,1998,1,10,-1,-1
201497AB01512,1,9,0,18,0,8,0,0,0,0,1,1,6,1,54,8,1997,2,3,-1,1
201497AB01512,2,9,0,4,0,8,0,0,0,0,1,1,6,2,51,8,1242,1,1,-1,1
201497AB01608,1,19,0,18,0,0,0,0,0,0,4,1,1,1,51,8,-1,-1,-1,-1,-1
201497AB01610,1,8,0,9,0,8,0,0,0,0,3,1,1,1,59,9,1598,2,3,-1,1
201497AB01703,1,5,0,18,0,0,0,0,0,0,3,1,2,1,23,5,1100,1,32,-1,1
201497AB01704,1,9,0,5,0,2,0,0,0,0,3,1,6,1,50,8,-1,-1,-1,-1,-1
201497AB01710,1,11,0,18,2,0,2,0,0,0,4,1,1,3,41,7,4250,2,11,-1,-1
201497AB01803,1,9,0,8,0,8,0,0,0,0,1,1,6,2,46,8,2199,2,-1,-1,1
201497AB01803,2,9,0,18,0,8,0,0,0,0,1,1,6,2,59,9,1999,1,8,-1,3
201497AB01806,1,8,0,4,0,0,0,0,0,0,1,1,6,1,50,8,-1,-1,-1,-1,-1
201497AB01906,1,9,0,6,0,0,0,0,0,0,3,1,6,1,27,6,1598,1,11,-1,-1
201497AB01906,2,3,0,18,0,0,0,0,0,0,1,1,6,1,32,6,278,1,4,-1,1
201497AB01907,1,11,0,7,0,8,0,0,0,0,3,1,1,1,35,6,12778,2,3,-1,1
201497AB01907,2,9,0,10,0,2,0,0,0,0,4,1,6,1,32,6,1796,1,9,-1,1
201497AB01909,1,9,0,3,0,1,0,0,0,0,1,1,6,1,20,4,-1,-1,-1,-1,-1
201497AB01909,2,9,0,18,0,1,0,0,0,0,2,1,6,2,20,4,998,1,8,-1,1
201497AB02005,1,9,0,5,0,0,0,0,0,0,1,1,6,1,28,6,1560,2,4,-1,1
201497AB02005,2,11,0,5,0,0,0,0,0,0,1,1,1,1,34,6,-1,-1,-1,-1,1
201497AB02009,1,11,0,18,0,0,0,0,0,0,1,1,6,1,40,7,7300,2,10,-1,1
201497AB02103,1,19,0,5,0,1,0,0,0,0,1,1,1,2,35,6,-1,-1,-1,-1,-1
201497AB02207,1,9,0,9,0,2,0,0,0,0,1,1,6,1,36,7,1229,1,2,-1,1
201497AB02209,1,9,0,18,0,2,0,0,0,0,1,1,6,1,19,4,1998,1,6,-1,1
201497AB02210,1,8,0,18,0,2,0,0,0,0,4,1,1,1,72,10,2499,2,5,-1,1
201497AB02212,1,8,0,9,0,2,0,0,0,0,3,1,6,1,42,7,1968,2,4,-1,1
201497AB02306,1,9,0,5,0,0,0,0,0,0,4,1,6,2,62,9,1598,1,8,-1,-1
201497AB02307,1,9,0,9,0,8,0,0,0,0,3,1,6,1,46,8,1248,1,5,-1,1
201497AB02307,2,9,0,18,0,8,0,0,0,0,3,1,6,1,46,8,1753,2,7,-1,1
201497AB02309,1,8,0,9,0,1,0,0,0,0,1,1,1,1,81,11,1997,2,2,-1,1
201497AB02409,1,9,0,18,0,0,0,0,0,0,1,1,6,1,54,8,1598,2,-1,-1,1
201497AB02503,1,11,0,18,0,0,0,0,0,0,4,1,1,1,34,6,6700,2,3,-1,1
201497AB02503,2,1,0,18,0,0,0,0,0,0,1,1,2,1,45,7,-1,-1,-1,-1,1
201497AB02505,1,11,0,5,0,1,0,0,0,0,1,1,1,1,40,7,6696,2,1,-1,1
201497AB02603,1,1,0,9,0,1,0,0,0,0,1,1,6,1,35,6,-1,-1,-1,-1,-1
201497AB02705,1,11,0,5,0,2,0,0,0,0,1,1,1,1,47,8,6700,2,3,-1,1
201497AB02707,1,9,0,15,0,8,0,0,0,0,3,1,2,1,34,6,3189,1,7,-1,-1
201497AB02711,1,8,0,7,0,8,0,0,0,0,1,1,1,1,40,7,2401,2,11,-1,1
201497AB02711,2,1,0,18,0,8,0,0,0,0,0,1,2,1,21,5,-1,-1,-1,-1,1
201497AB02802,1,9,0,1,0,6,0,0,0,0,2,1,6,3,40,7,-1,-1,-1,-1,-1
201497AB02808,1,9,0,18,0,0,0,0,0,0,1,1,6,1,34,6,1598,1,8,-1,3
201497AB02808,2,9,0,18,0,0,0,0,0,0,1,1,6,1,36,7,-1,-1,-1,-1,3
201497AB02901,1,9,0,1,0,0,0,0,0,0,4,1,1,1,61,9,-1,-1,-1,-1,1
201497AB02902,1,9,0,7,0,8,0,0,0,0,1,1,6,1,44,7,1560,2,2,-1,1
201497AB02902,2,1,0,18,5,8,0,0,0,0,0,1,2,2,23,5,-1,-1,-1,-1,1
201497AB02903,1,9,0,5,0,0,0,0,0,0,4,1,6,1,28,6,1968,2,4,-1,1
201497AB02907,1,9,0,9,0,6,0,0,0,0,4,1,6,3,40,7,-1,-1,-1,-1,-1
201497AB02907,2,1,0,18,0,8,0,0,0,0,2,1,6,1,62,9,-1,-1,-1,-1,1
201497AB02909,1,8,0,9,0,1,0,0,0,0,1,1,2,3,35,6,-1,-1,-1,-1,-1
201497AB03005,1,11,0,18,0,1,0,0,0,0,0,1,6,1,40,7,-1,-1,-1,-1,-1
201497AB03011,1,11,0,18,0,1,0,0,0,0,1,1,1,1,58,9,7300,2,8,-1,1
201497AB03011,2,21,0,7,0,8,0,0,0,0,2,1,1,1,61,9,-1,-1,-1,-1,3
201497AB03101,1,19,0,4,0,0,0,0,0,0,1,1,6,1,30,6,2143,2,2,-1,-1
201497AB03101,2,9,0,4,0,0,0,0,0,0,2,1,6,1,25,5,2148,2,9,-1,-1
201497AB03103,1,11,0,18,0,0,0,0,0,0,1,1,1,1,58,9,7300,2,9,-1,1
201497AB03108,1,9,0,1,9,0,0,0,1,11,2,1,1,1,31,6,1149,1,9,-1,1
201497AB03110,1,9,0,3,0,1,0,0,0,0,1,1,6,2,39,7,1149,1,-1,-1,1
201497AB03110,2,9,0,3,0,1,0,0,0,0,2,1,6,2,38,7,1997,2,11,-1,-1
201497AB03110,3,9,0,3,0,1,0,0,0,0,2,1,6,1,69,10,1149,1,12,-1,1
201497AB03307,1,9,0,18,0,1,0,0,0,0,1,1,1,2,63,9,-1,-1,-1,-1,1
201497AB03307,2,8,0,18,0,8,0,0,0,0,1,1,1,1,32,6,1997,2,3,-1,1
201497AB03407,1,9,0,5,0,8,0,0,0,0,1,1,6,3,35,6,-1,-1,-1,-1,-1
201497AB03407,2,1,0,5,0,8,0,0,0,0,2,1,6,1,21,5,-1,-1,-1,-1,-1
201497AB03408,1,8,0,1,0,0,0,0,0,0,2,1,6,1,30,6,1896,2,5,-1,-1
201497AB03408,2,9,0,3,0,0,0,0,0,0,1,1,6,1,25,5,-1,-1,-1,-1,1
201497AB03507,1,11,0,5,0,1,0,0,0,0,1,1,6,3,35,6,-1,-1,-1,-1,-1
201497AB03507,2,1,0,5,0,1,0,0,0,0,2,1,6,2,21,5,-1,-1,-1,-1,1
201497AB03512,1,21,0,18,9,1,0,0,1,1,1,1,1,1,57,9,-1,-1,-1,-1,1
201497AB03512,2,9,0,3,0,1,0,0,0,0,2,1,6,1,30,6,1584,1,6,-1,3
201497AB03512,3,9,0,3,0,1,0,0,0,0,2,1,6,3,-1,-1,3378,1,15,-1,-1
201497AB03512,4,9,0,3,0,1,0,0,0,0,2,1,6,2,30,6,1461,2,1,-1,2
201497AB03512,5,9,0,18,0,1,0,0,0,0,4,1,1,1,30,6,1896,2,4,-1,3
201497AB03607,1,9,0,5,0,1,0,0,0,0,4,1,6,1,29,6,1149,1,3,-1,1
201497AB03608,1,9,0,5,0,1,0,0,0,0,3,1,1,2,55,8,1796,1,6,-1,1
201497AB03608,2,1,0,18,0,1,1,0,0,0,1,1,1,2,38,7,-1,-1,-1,-1,1
201497AB03611,1,8,0,9,0,1,0,0,0,0,1,1,6,3,30,6,-1,-1,-1,-1,-1
201497AB03807,1,11,0,18,0,0,0,0,0,0,1,1,6,1,31,6,6696,2,-1,2,1
201497AB03808,1,20,4,14,0,0,0,0,0,0,3,1,6,1,40,7,4580,2,2,-1,-1
201497AB03811,1,3,0,4,0,0,1,0,1,0,4,1,6,2,27,6,124,1,2,-1,1
201497AB03908,1,9,0,9,0,1,0,0,0,0,1,1,6,1,21,5,2521,1,4,-1,3
201497AB03908,2,9,0,18,0,1,0,0,7,2,1,1,6,1,19,4,1590,1,10,-1,-1
201497AB03908,3,9,0,2,0,1,0,0,0,0,3,1,6,3,30,6,1596,1,3,-1,-1
201497AB03908,4,9,0,2,0,1,0,0,0,0,3,1,6,3,30,6,1956,2,3,-1,-1
201497AB04007,1,9,0,9,0,2,0,0,0,0,4,1,6,2,50,8,998,1,13,-1,1
201497AB04007,2,8,0,18,0,2,0,0,0,0,1,1,1,1,71,10,2664,2,13,-1,1
201497AB04212,1,11,0,5,0,0,0,4,0,0,1,1,1,1,23,5,6700,2,5,-1,-1
201497AB04212,2,9,0,2,0,0,0,0,0,0,3,1,6,2,54,8,1598,1,4,-1,1
201497AB04307,1,11,0,16,0,8,0,0,0,0,1,1,1,2,46,8,7300,2,3,-1,1
201497AB05007,1,9,0,12,2,0,0,0,0,0,3,1,6,3,45,7,-1,-1,-1,-1,-1
201497AB05007,2,9,0,18,0,0,0,0,0,0,4,1,6,1,29,6,2143,2,2,-1,3
201497AB70103,1,9,0,18,0,0,0,0,0,0,1,1,1,1,49,8,1560,2,5,-1,2
201497AB70104,1,11,0,9,0,1,0,0,0,0,1,1,1,2,40,7,6700,2,3,-1,1
201497AB70108,1,8,0,5,0,0,0,0,0,0,3,1,1,2,28,6,1598,1,9,-1,1
201497AB70108,2,19,0,18,0,0,0,0,0,0,4,1,1,1,43,7,2143,2,2,-1,1
201497AB70108,3,9,0,2,0,0,0,0,0,0,4,1,2,2,48,8,1396,1,11,-1,1
201497AB70108,4,9,0,2,0,0,0,0,0,0,3,1,6,3,30,6,2521,1,6,-1,1
201497AB70109,1,9,0,18,0,0,0,0,0,0,1,1,6,1,31,6,1598,1,7,-1,1
201497AB70109,2,9,0,18,0,0,0,0,0,0,2,1,1,1,60,9,1582,2,2,-1,1
201497AB70110,1,9,0,18,0,1,0,0,0,10,1,1,6,1,32,6,1995,2,1,-1,1
201497AB70110,2,9,0,18,0,1,0,0,0,2,2,1,6,1,43,7,1896,2,6,-1,-1
201497AB70111,1,9,0,7,0,1,0,0,0,0,1,1,1,1,51,8,1896,2,6,-1,-1
201497AB70111,2,1,0,5,0,1,0,0,0,0,1,1,1,2,31,6,-1,-1,-1,-1,1
201497AB70112,1,9,0,18,0,1,0,0,0,0,0,1,2,1,18,4,1229,1,5,-1,1
201497AB70201,1,9,0,18,0,8,0,0,0,0,1,1,6,2,31,6,1461,2,5,-1,-1
201497AB70201,2,9,0,18,0,1,0,0,0,0,3,1,6,2,25,5,1149,1,10,-1,-1
201497AB70206,1,9,0,10,0,1,0,0,0,0,1,1,6,2,67,10,1984,1,11,-1,1
201497AB70209,1,11,0,18,0,2,0,0,0,0,1,1,6,1,52,8,8268,2,13,-1,1
201497AB70308,1,9,0,18,0,0,1,0,1,7,1,1,2,1,33,6,1796,1,11,-1,1
201497AB70309,1,21,1,18,0,0,0,0,0,0,1,1,1,1,40,7,12130,2,10,-1,-1
201497AB70309,2,9,0,18,0,0,1,0,0,6,3,1,6,2,38,7,1248,1,4,-1,-1
201497AB70402,1,20,0,18,0,0,0,0,0,0,1,1,6,1,57,9,9200,2,4,-1,1
201497AB70402,2,9,0,4,0,0,0,0,0,0,2,1,6,2,28,6,1149,1,7,-1,1
201497AB70405,1,11,0,18,0,2,0,0,0,0,1,1,1,1,36,7,9360,2,6,-1,1
201497AB70405,2,8,0,18,0,2,0,0,0,0,2,1,1,1,63,9,1560,2,1,-1,1
201497AB70406,1,9,0,9,0,2,0,0,0,0,4,1,2,1,25,5,998,1,5,-1,-1
201497AB70406,2,1,0,18,0,1,0,0,0,0,1,1,2,1,40,7,-1,-1,-1,-1,1
201497AB70407,1,9,0,16,0,7,1,10,7,7,3,1,6,1,30,6,1598,1,13,-1,1
201497AB70409,1,9,0,18,0,1,0,0,0,0,1,1,6,1,32,6,1595,1,6,-1,1
201497AB70410,1,9,0,16,0,0,1,0,0,11,1,1,2,1,30,6,1149,1,12,-1,1
201497AB70507,1,11,0,18,0,0,0,0,0,0,0,1,1,1,60,9,7300,2,9,-1,-1
201497AB70507,2,9,0,18,0,0,0,0,0,0,0,1,6,3,35,6,-1,-1,-1,-1,-1
201497AB70510,1,11,0,7,0,8,0,0,1,0,4,1,1,1,39,7,9600,2,13,-1,1
201497AB70610,1,9,0,4,0,0,0,0,0,0,1,1,6,1,26,6,1985,1,13,-1,1
201497AB70702,1,9,0,3,0,0,0,0,0,0,1,1,6,2,53,8,1896,2,10,-1,1
201497AB70702,2,9,0,18,0,0,0,0,0,0,3,1,6,2,25,5,1396,1,5,-1,1
201497AB70710,1,21,1,11,0,0,0,0,0,0,1,1,1,1,49,8,12900,2,4,6,3
201497AB70710,2,9,0,18,0,0,1,0,0,0,2,1,6,2,65,9,1242,1,2,-1,-1
201497AB70710,3,9,0,18,0,0,1,0,0,0,1,1,6,2,42,7,1229,1,-1,9,1
201497AB70810,1,9,0,18,0,0,0,0,0,0,1,1,2,1,29,6,1242,1,4,-1,-1
201497AB71110,1,11,0,18,0,8,0,0,0,0,1,1,1,1,50,8,6696,2,1,-1,1
201497AC00110,1,19,0,9,0,8,0,0,0,0,3,1,6,1,60,9,2464,2,6,-1,1
201497AC00201,1,8,0,2,9,1,0,0,1,11,3,1,1,1,52,8,1997,2,3,-1,1
201497AC00201,2,9,0,2,0,1,0,0,0,0,1,1,6,2,48,8,1299,1,6,-1,1
201497AC00211,1,9,0,18,0,1,0,0,0,0,4,1,6,2,33,6,1968,2,2,-1,1
201497AC00302,1,9,0,18,0,0,1,0,0,0,1,1,6,1,46,8,2198,2,-1,-1,3
201497AC00302,2,9,0,4,0,0,0,0,0,0,2,1,6,1,46,8,1598,1,5,-1,1
201497AC00302,3,9,0,4,0,0,0,0,0,0,2,1,6,1,51,8,1396,2,4,-1,2
201497AC00302,4,9,0,4,0,0,0,0,0,0,2,1,6,1,66,10,1560,2,2,-1,1
201497AC00302,5,9,0,18,0,0,1,0,0,0,2,1,6,1,56,9,1984,1,14,-1,1
201497AC00303,1,9,0,18,0,0,0,0,0,0,2,1,2,1,54,8,1995,2,-1,-1,1