Accident_Index,Vehicle_Reference,Vehicle_Type,Towing_and_Articulation,Vehicle_Manoeuvre,Vehicle_Location-Restricted_Lane,Junction_Location,Skidding_and_Overturning,Hit_Object_in_Carriageway,Vehicle_Leaving_Carriageway,Hit_Object_off_Carriageway,1st_Point_of_Impact,Was_Vehicle_Left_Hand_Drive?,Journey_Purpose_of_Driver,Sex_of_Driver,Age_of_Driver,Age_Band_of_Driver,Engine_Capacity_(CC),Propulsion_Code,Age_of_Vehicle,Driver_IMD_Decile,Driver_Home_Area_Type
201497AC00303,2,8,0,18,0,0,0,0,0,0,1,1,3,1,45,7,1598,2,3,-1,1
201497AC00303,3,9,0,18,0,0,0,0,0,0,1,1,2,1,44,7,2179,2,2,-1,1
201497AC00303,4,9,0,18,0,0,0,0,0,0,1,1,6,1,44,7,1596,1,2,-1,1
201497AC00306,1,9,0,9,0,0,0,0,0,0,4,1,6,2,64,9,1598,1,6,-1,1
201497AC00306,2,5,0,18,0,0,0,0,0,0,1,1,6,1,34,6,599,1,11,-1,3
201497AC00308,1,9,0,18,0,0,0,0,0,0,1,1,1,1,45,7,1997,2,5,-1,1
201497AC00402,1,8,0,9,0,6,0,0,0,0,1,1,1,1,40,7,2664,2,12,-1,-1
201497AC00402,2,9,0,18,0,1,0,0,0,0,4,1,6,1,42,7,-1,-1,-1,-1,1
201497AC00404,1,9,0,18,0,1,0,0,0,0,1,1,1,1,45,7,1598,2,1,-1,3
201497AC00404,2,9,0,3,0,1,0,0,0,0,2,1,6,2,27,6,1598,1,1,-1,3
201497AC00406,1,9,0,18,0,1,0,0,0,0,4,1,6,2,50,8,1398,2,2,-1,1
201497AC00406,2,9,0,18,0,1,0,0,0,0,1,1,6,2,65,9,1242,1,2,-1,1
201497AC00407,1,9,0,18,0,8,0,0,0,0,1,1,2,1,55,8,1598,1,12,-1,1
201497AC00407,2,19,0,5,0,8,1,0,0,0,4,1,1,1,25,5,2198,2,1,-1,1
201497AC00409,1,9,0,18,0,0,0,0,0,0,1,1,6,1,17,4,1199,1,11,-1,-1
201497AC00409,2,9,0,18,0,0,0,0,0,0,1,1,6,2,23,5,1242,1,3,-1,1
201497AC00412,1,9,0,12,0,1,0,0,0,0,2,1,6,3,35,6,-1,-1,-1,-1,-1
201497AC00412,2,11,0,18,0,1,0,0,0,0,1,1,6,1,43,7,9360,2,-1,-1,-1
201497AC00504,1,19,0,5,0,0,0,0,0,0,1,1,6,3,30,6,1598,2,2,-1,-1
201497AC00504,2,19,0,4,0,0,0,0,0,0,2,1,1,2,24,5,-1,-1,-1,-1,3
201497AC00506,1,9,0,18,0,6,0,0,0,0,1,1,6,2,51,8,1242,1,1,-1,1
201497AC00506,2,8,0,18,0,8,0,0,0,0,1,1,1,1,67,10,2499,2,6,-1,1
201497AC00510,1,9,0,9,0,8,0,0,0,0,1,1,1,1,28,6,1598,2,-1,-1,1
201497AC00603,1,9,0,9,0,8,0,0,0,0,4,1,6,1,26,6,1596,1,7,-1,1
201497AC00603,2,3,0,18,0,8,0,0,0,0,1,1,6,1,35,6,124,1,11,-1,1
201497AC00604,1,9,0,11,0,0,0,0,0,0,1,1,1,1,45,7,-1,-1,-1,-1,1
201497AC00605,1,11,0,18,2,1,0,0,0,0,4,1,1,1,50,8,4500,2,2,-1,1
201497AC00606,1,8,0,18,0,8,0,0,0,0,1,1,1,1,67,10,2664,2,15,-1,2
201497AC00608,1,9,0,18,0,0,0,0,0,0,4,1,6,2,64,9,2198,1,10,-1,3
201497AC00612,1,9,0,17,0,0,0,0,0,0,1,1,1,2,68,10,1796,1,7,-1,1
201497AC00706,1,9,0,18,0,2,0,0,0,0,1,1,6,1,33,6,1596,1,7,-1,1
201497AC00706,2,9,0,4,0,2,0,0,0,0,2,1,6,2,33,6,1995,1,5,-1,1
201497AC00706,3,9,0,4,0,2,0,0,0,0,2,1,6,1,25,5,1598,1,3,-1,2
201497AC00709,1,9,0,5,0,8,0,0,0,0,1,1,6,1,28,6,-1,-1,-1,-1,-1
201497AC00709,2,1,0,18,0,8,0,0,0,0,3,1,6,1,38,7,-1,-1,-1,-1,1
201497AC00710,1,19,0,6,0,0,0,0,0,0,4,1,6,1,40,7,2143,2,2,-1,-1
201497AC00710,2,1,0,18,0,0,0,0,0,0,1,1,6,1,29,6,-1,-1,-1,-1,1
201497AC00804,1,9,0,9,0,5,0,0,0,0,1,1,6,1,30,6,1997,2,10,-1,1
201497AC00806,1,9,0,7,0,1,0,0,0,0,1,1,6,1,42,7,1686,2,3,-1,1
201497AC00806,2,8,0,18,0,1,0,0,0,0,1,1,1,1,63,9,2499,2,7,-1,1
201497AC00808,1,9,0,10,0,1,0,0,0,0,1,1,6,2,18,4,1390,1,7,-1,3
201497AC00808,2,8,0,5,0,1,0,0,0,0,1,1,1,1,50,8,1995,2,3,-1,1
201497AC00809,1,9,0,18,0,0,0,4,0,0,1,1,1,1,34,6,-1,-1,-1,7,1
201497AC00809,2,9,0,4,0,0,0,0,0,0,2,1,6,1,36,7,1796,1,13,-1,1
201497AC00809,3,8,0,4,0,0,0,0,0,0,2,1,1,1,52,8,1598,2,1,-1,1
201497AC00810,1,9,0,12,0,1,0,0,0,0,3,1,6,2,42,7,1364,1,5,-1,1
201497AC00810,2,9,0,18,0,1,0,0,0,0,4,1,6,1,51,8,1997,2,3,-1,1
201497AC00810,3,9,0,3,0,1,0,0,0,0,3,1,6,1,27,6,1086,1,7,-1,1
201497AC00811,1,9,0,2,0,0,0,0,0,0,1,1,6,3,30,6,1796,1,1,-1,-1
201497AC00811,2,9,0,5,0,0,0,0,0,0,2,1,6,2,24,5,1388,1,8,-1,1
201497AC00902,1,20,0,4,0,5,0,0,0,0,4,1,1,1,41,7,6870,2,7,-1,1
201497AC00902,2,9,0,4,0,5,0,0,0,0,3,1,1,1,23,5,1997,2,10,-1,1
201497AC00902,3,19,0,4,0,5,0,0,0,0,2,1,1,1,47,8,2402,2,6,-1,1
201497AC00906,1,8,0,7,0,1,0,0,0,0,3,1,1,1,40,7,1997,2,4,-1,1
201497AC00909,1,9,0,9,0,1,0,0,0,0,3,1,6,2,45,7,1388,1,8,-1,-1
201497AC00909,2,8,0,18,0,1,0,0,0,0,4,1,1,1,54,8,1997,2,1,-1,1
201497AC01003,1,9,0,9,4,8,0,0,0,0,1,1,2,2,36,7,2993,2,4,-1,1
201497AC01003,2,1,0,18,4,1,0,0,0,0,4,1,2,1,40,7,-1,-1,-1,-1,1
201497AC01005,1,9,0,18,0,1,0,0,0,0,1,1,6,2,27,6,1598,1,10,-1,1
201497AC01005,2,9,0,3,0,1,0,0,0,0,2,1,6,1,52,8,2720,2,6,-1,1
201497AC01005,3,9,0,3,0,1,0,0,0,0,2,1,6,1,46,8,1560,2,5,-1,1
201497AC01009,1,9,0,9,0,8,0,0,0,0,4,1,1,1,43,7,-1,-1,-1,4,1
201497AC01009,2,9,0,18,0,8,0,0,0,0,3,1,1,1,43,7,1997,2,-1,-1,3
201497AC01106,1,8,0,15,0,0,0,0,0,0,4,1,1,3,30,6,-1,-1,-1,-1,-1
201497AC01106,2,1,0,18,0,0,0,0,0,0,3,1,6,1,60,9,-1,-1,-1,-1,1
201497AC01107,1,9,0,18,0,0,0,0,0,0,4,1,1,1,22,5,1598,1,-1,-1,1
201497AC01108,1,9,0,3,0,1,0,0,0,0,0,1,6,1,44,7,1296,1,6,-1,1
201497AC01108,2,1,0,3,0,1,0,0,0,0,2,1,1,1,24,5,-1,-1,-1,-1,1
201497AC01110,1,9,0,2,0,1,0,0,0,0,0,1,6,2,30,6,1397,1,4,-1,-1
201497AC01110,2,1,0,18,0,1,0,4,0,0,3,1,6,1,39,7,-1,-1,-1,-1,1
201497AC01201,1,9,0,9,6,8,0,0,0,0,1,1,2,1,49,8,1598,1,10,-1,1
201497AC01201,2,9,0,18,0,1,0,0,0,0,1,1,6,2,72,10,1242,1,-1,-1,1
201497AC01208,1,9,0,18,6,0,1,0,0,0,0,1,6,3,30,6,-1,-1,-1,-1,-1
201497AC01208,2,9,0,18,6,0,1,0,1,7,1,1,6,1,73,10,1560,2,5,-1,1
201497AC01208,3,9,0,18,6,0,1,0,0,0,4,1,6,1,21,5,1461,2,2,-1,1
201497AC01307,1,9,0,15,0,1,0,0,0,0,0,1,6,1,50,8,2143,2,1,1,1
201497AC01307,2,1,0,18,0,1,0,4,0,0,1,1,2,1,25,5,-1,-1,-1,-1,-1
201497AC01307,3,9,0,2,0,1,0,0,0,0,4,1,6,1,50,8,-1,-1,-1,-1,1
201497AC01308,1,9,0,18,0,0,0,0,0,0,1,1,6,2,22,5,-1,-1,-1,-1,3
201497AC01405,1,8,0,9,0,8,0,0,0,0,1,1,6,1,40,7,-1,-1,-1,-1,-1
201497AC01408,1,9,0,15,0,0,0,0,0,0,3,1,6,1,30,6,1796,1,2,-1,-1
201497AC01408,2,8,0,18,0,0,0,0,0,0,4,1,6,1,51,8,996,1,3,-1,1
201497AC01410,1,21,1,3,0,7,0,0,0,0,1,1,1,1,61,9,3920,2,2,-1,1
201497AC01410,2,9,0,3,0,7,0,0,0,0,2,1,6,1,30,6,1461,2,6,-1,1
201497AC01410,3,9,0,3,0,7,0,0,0,0,2,1,6,1,66,10,1968,2,-1,-1,1
201497AC01411,1,9,0,18,0,0,0,0,0,0,1,1,6,2,25,5,1968,2,5,-1,-1
201497AC01411,2,9,0,18,0,0,0,0,0,0,2,1,6,2,19,4,-1,-1,-1,-1,3
201497AC01611,1,9,0,18,0,0,0,0,0,0,1,1,6,2,35,6,1368,1,6,-1,1
201497AC01611,2,9,0,18,0,0,0,0,0,0,1,1,6,2,22,5,1390,1,-1,-1,1
201497AC01611,3,8,0,3,0,0,0,0,0,0,0,1,6,1,42,7,1560,2,-1,-1,2
201497AC01611,4,9,0,18,0,0,0,0,0,0,0,1,6,1,52,8,-1,-1,-1,-1,1
201497AC01701,1,9,0,18,0,1,0,0,0,0,2,1,6,1,40,7,-1,-1,-1,-1,-1
201497AC01701,2,9,0,18,0,1,0,0,0,0,4,1,1,2,19,4,1461,2,10,-1,1
201497AC01710,1,9,0,11,0,7,0,0,0,0,1,1,6,1,32,6,2979,1,3,-1,1
201497AC01710,2,9,0,4,0,2,0,0,0,0,2,1,6,2,22,5,1248,1,1,-1,3
201497AC01710,3,9,0,18,0,2,0,0,0,0,2,1,6,1,32,6,1596,1,10,-1,1
201497AC01710,4,9,0,18,0,2,0,0,0,0,2,1,6,2,43,7,1242,1,2,-1,1
201497AC01903,1,9,0,3,0,0,0,0,0,0,0,1,6,3,35,6,4367,2,3,-1,-1
201497AC01903,2,9,0,3,0,0,0,0,0,0,2,1,6,1,57,9,2172,2,10,-1,1
201497AC01910,1,9,0,9,0,8,0,0,0,0,3,1,6,1,35,6,2000,1,9,-1,1
201497AC01910,2,1,0,18,0,8,0,0,0,0,1,1,2,2,28,6,-1,-1,-1,-1,1
201497AC02302,1,9,0,18,0,1,0,0,0,0,1,1,6,2,35,6,-1,-1,-1,-1,-1
201497AC02311,1,9,0,6,0,2,0,0,0,0,1,1,6,1,61,9,1560,2,3,-1,2
201497AC02402,1,9,0,14,0,1,0,0,0,0,1,1,1,1,33,6,1686,2,3,-1,1
201497AC02402,2,9,0,18,0,1,0,0,0,0,3,1,6,1,50,8,2995,1,2,-1,1
201497AC02601,1,9,0,7,0,8,0,0,0,0,4,1,6,1,20,4,-1,-1,-1,-1,-1
201497AC02601,2,1,0,18,0,8,0,0,0,0,3,1,2,1,40,7,-1,-1,-1,-1,1
201497AC02611,1,8,0,7,0,5,0,0,0,0,1,1,1,1,56,9,1997,2,1,-1,1
201497AC70102,1,9,0,18,0,0,0,0,0,0,1,1,6,1,27,6,1686,2,2,-1,1
201497AC70102,2,9,0,4,0,0,0,0,0,0,2,1,6,1,35,6,1598,1,8,-1,1
201497AC70102,3,9,0,4,0,0,0,0,0,0,2,1,6,1,29,6,1598,1,6,-1,1
201497AC70102,4,9,0,4,0,0,0,0,0,0,2,1,6,3,35,6,-1,-1,-1,-1,-1
201497AC70103,1,9,0,11,0,1,0,0,0,0,1,1,6,1,30,6,998,1,10,-1,-1
201497AC70106,1,9,0,9,0,1,0,0,0,0,1,1,6,1,80,11,1560,2,7,-1,1
201497AC70108,1,9,0,16,0,0,1,0,0,0,1,1,6,1,27,6,1796,1,7,-1,1
201497AC70108,2,9,0,16,0,0,0,0,0,0,1,1,6,2,66,10,1398,1,2,-1,1
201497AC70109,1,9,0,18,0,0,0,0,0,0,0,1,6,3,35,6,-1,-1,-1,-1,-1
201497AC70109,2,9,0,18,0,0,0,0,5,0,4,1,6,2,66,10,1364,1,6,-1,1
201497AC70111,1,9,0,3,0,1,0,0,0,0,1,1,6,1,40,7,-1,-1,-1,-1,-1
201497AC70111,2,9,0,3,0,1,0,0,0,0,2,1,6,1,39,7,1598,1,6,-1,1
201497AC70203,1,21,1,18,0,1,0,0,0,0,1,1,1,1,42,7,12580,2,8,-1,1
201497AC70203,2,9,0,18,0,1,0,0,0,6,3,1,6,1,32,6,1598,1,9,-1,1
201497AC70205,1,9,0,18,0,7,0,0,0,0,1,1,6,1,20,4,1368,1,4,-1,1
201497AC70205,2,9,0,18,0,1,0,0,0,0,2,1,6,1,47,8,1149,1,1,-1,1
201497AC70205,3,9,0,18,0,1,0,0,0,0,2,1,2,1,22,5,-1,-1,-1,-1,1
201497AC70206,1,9,0,18,0,2,0,0,0,0,1,1,6,2,38,7,1242,1,11,-1,1
201497AC70208,1,9,0,12,0,0,1,0,0,0,4,1,6,1,32,6,1199,1,10,-1,1
201497AC70208,2,9,0,16,0,0,0,0,0,0,3,1,6,1,36,7,1397,1,6,-1,1
201497AC70209,1,9,0,18,0,0,1,0,0,0,1,1,6,1,59,9,1339,1,11,-1,1
201497AC70209,2,9,0,18,0,0,0,0,0,0,2,1,6,2,37,7,1397,1,13,-1,1
201497AC70211,1,21,1,11,0,0,0,0,0,0,1,1,1,1,42,7,12419,2,1,-1,-1
201497AC70211,2,9,0,18,0,0,0,0,1,11,1,1,1,2,43,7,1995,2,10,-1,1
201497AC70301,1,9,0,4,0,0,0,0,0,0,1,1,1,2,31,6,-1,-1,-1,-1,1
201497AC70301,2,9,0,4,0,0,0,0,0,0,2,1,6,2,45,7,1995,2,8,-1,1
201497AC70302,1,9,0,18,0,0,0,0,0,0,1,1,6,1,40,7,6417,1,2,-1,1
201497AC70302,2,9,0,18,0,0,0,0,0,0,2,1,6,1,46,8,1685,2,3,-1,-1
201497AC70303,1,19,0,18,0,5,0,0,0,7,1,1,1,1,39,7,2143,2,1,-1,-1
201497AC70307,1,9,0,18,0,0,0,0,0,0,1,1,2,1,35,6,1598,2,2,-1,1
201497AC70308,1,9,0,16,0,0,1,0,1,0,1,1,1,1,60,9,1896,2,6,-1,1
201497AC70308,2,9,0,3,0,0,0,0,0,0,2,1,2,1,50,8,2184,2,1,-1,1
201497AC70308,3,9,0,3,0,0,0,0,0,0,0,1,6,1,49,8,1956,2,3,-1,1
201497AC70309,1,9,0,4,0,0,0,0,0,0,1,1,2,1,20,4,1197,1,-1,-1,1
201497AC70309,2,9,0,4,0,0,0,0,0,0,2,1,2,2,35,6,1598,1,8,-1,1
201497AC70309,3,9,0,3,0,0,0,0,0,0,2,1,2,1,23,5,1242,1,7,-1,1
201497AC70310,1,21,1,18,0,0,0,0,0,0,1,1,1,1,59,9,12419,2,3,-1,1
201497AC70310,2,9,0,18,0,0,0,0,0,0,2,1,6,1,23,5,1149,1,-1,-1,3
201497AC70311,1,9,0,18,0,1,0,0,0,0,1,1,3,1,18,4,1599,1,11,-1,1
201497AC70311,2,19,0,18,0,1,0,0,0,0,2,1,1,1,62,9,2198,2,3,-1,1
201497AC70311,3,9,0,3,0,1,0,0,0,0,2,1,2,1,31,6,1968,2,1,-1,1
201497AC70312,1,9,0,18,0,0,0,0,0,0,1,1,6,2,22,5,1229,1,1,-1,1
201497AC70312,2,9,0,18,0,0,0,0,0,0,1,1,6,2,21,5,1364,1,4,-1,1
201497AC70312,3,9,0,18,0,0,0,0,0,0,1,1,6,1,28,6,1968,2,-1,9,1
201497AC70312,4,9,0,18,0,0,0,0,0,0,4,1,6,1,38,7,2967,2,2,-1,3
201497AC70312,5,9,0,18,0,0,0,0,0,0,1,1,2,1,23,5,1348,1,5,-1,1
201497AC70401,1,9,0,18,0,0,1,0,0,0,1,1,1,2,59,9,1598,1,8,-1,-1
201497AC70401,2,9,0,18,0,0,0,0,0,0,2,1,6,1,36,7,1968,2,8,-1,1
201497AC70403,1,9,0,6,0,1,0,0,0,0,1,1,6,1,49,8,4806,1,7,-1,1
201497AC70403,2,8,0,14,0,1,0,0,0,0,1,1,6,1,65,9,2499,2,3,-1,1
201497AC70404,1,9,0,4,0,0,0,0,0,0,2,1,6,1,20,4,1388,1,5,-1,-1
201497AC70404,2,9,0,18,0,0,0,0,0,0,1,1,6,1,21,5,1229,1,5,-1,-1
201497AC70405,1,9,0,18,0,0,0,0,0,0,1,1,6,1,19,4,1124,1,9,-1,-1
201497AC70405,2,9,0,18,0,0,0,0,0,0,1,1,6,1,60,9,1598,1,10,-1,1
201497AC70405,3,9,0,18,0,0,0,0,0,0,2,1,6,1,60,9,1229,1,2,-1,-1
201497AC70409,1,9,0,12,0,0,0,0,0,0,1,1,6,1,59,9,2987,2,3,-1,1
201497AC70409,2,9,0,2,0,0,0,0,0,0,2,1,6,1,55,8,1390,1,2,-1,-1
201497AC70411,1,19,0,18,0,0,1,0,0,0,1,1,2,1,28,6,2198,2,2,-1,1
201497AC70411,2,19,0,18,0,0,0,0,0,0,2,1,2,1,23,5,2198,2,-1,-1,1
201497AC70411,3,9,0,18,0,0,0,0,0,0,2,1,2,2,24,5,1149,1,10,-1,2
201497AC70412,1,19,0,16,0,0,5,11,1,0,3,1,1,1,27,6,1996,2,3,-1,1
201497AC70508,1,21,1,11,0,0,0,0,0,0,4,1,1,1,51,8,11705,2,7,-1,1
201497AC70508,2,9,0,18,0,0,0,0,0,0,3,1,6,1,25,5,1240,1,9,-1,1
201497AC70509,1,9,0,18,0,0,0,0,0,0,1,1,6,1,73,10,2198,2,8,-1,-1
201497AC70509,2,9,0,18,0,0,0,0,0,0,2,1,1,1,41,7,-1,-1,-1,-1,1
201497AC70511,1,9,0,18,0,0,0,0,0,0,1,1,6,1,58,9,1910,2,7,-1,-1
201497AC70511,2,9,0,3,0,0,0,0,0,0,2,1,6,2,22,5,1587,1,12,-1,-1
201497AC70511,3,9,0,3,0,0,0,0,0,0,2,1,6,2,32,6,-1,-1,-1,-1,1
201497AC70511,4,9,0,3,0,0,0,0,0,0,2,1,6,2,34,6,1753,2,4,-1,1
201497AC70603,1,9,0,12,0,1,0,0,0,0,1,1,2,1,42,7,2967,2,6,-1,1
201497AC70603,2,9,0,17,0,1,0,0,0,0,2,1,2,2,47,8,1108,1,5,-1,1
201497AC70603,3,9,0,17,0,1,0,0,0,0,2,1,2,1,54,8,1956,2,4,-1,3
201497AC70603,4,9,0,17,0,1,0,0,0,0,2,1,2,2,20,4,1242,1,2,-1,3
201497AC70605,1,9,0,18,0,0,0,0,0,0,1,1,6,2,35,6,1364,1,5,-1,1
201497AC70605,2,9,0,4,0,0,0,0,0,0,2,1,1,1,28,6,1560,2,4,-1,-1
201497AC70606,1,19,0,18,0,0,0,0,0,0,1,1,6,1,23,5,2143,2,-1,5,1
201497AC70606,2,9,0,3,0,0,0,0,0,0,2,1,6,2,60,9,1360,1,6,-1,1
201497AC70606,3,9,0,3,0,0,0,0,0,0,2,1,6,1,59,9,1968,2,1,-1,1
201497AC70606,4,19,0,3,0,0,0,0,0,0,2,1,6,1,50,8,2198,2,2,-1,1
201497AC70705,1,9,0,18,0,1,0,0,0,0,1,1,6,2,56,9,1598,1,4,-1,1
201497AC70705,2,9,0,4,0,1,0,0,0,0,2,1,6,1,51,8,1339,1,7,-1,1
201497AC70705,3,9,0,3,0,1,0,0,0,0,2,1,1,1,31,6,2996,2,5,-1,1
201497AC70710,1,9,0,18,0,0,0,0,0,0,1,1,6,1,19,4,1124,1,10,-1,-1
201497AC70710,2,9,0,18,0,0,0,0,0,0,1,1,6,2,55,8,1242,1,10,-1,1
201497AC70710,3,9,0,18,0,0,0,0,0,0,2,1,6,2,31,6,1598,2,1,-1,1
201497AC70802,1,9,0,18,0,0,0,0,0,0,1,1,6,1,32,6,1390,1,4,-1,1
201497AC70802,2,9,0,18,0,0,0,0,0,0,2,1,6,1,40,7,1242,1,13,-1,2
201497AC70810,1,9,0,16,0,0,1,0,8,6,1,1,6,1,54,8,1242,1,9,-1,1
201497AD00105,1,19,0,14,0,1,0,0,0,0,1,1,1,1,46,8,1995,2,6,-1,-1
201497AD00111,1,9,0,5,0,1,0,0,0,0,3,1,6,2,42,7,1498,1,5,-1,-1
201497AD00111,2,1,0,13,0,1,0,0,0,0,4,1,6,1,48,8,-1,-1,-1,-1,1
201497AD00202,1,9,0,3,0,1,0,0,0,0,2,1,6,2,39,7,1783,1,13,-1,1
201497AD00202,2,9,0,4,0,1,1,0,0,0,1,1,6,1,47,8,1390,1,1,-1,1
201497AD00203,1,9,0,6,0,0,0,0,0,7,3,1,6,1,19,4,1149,1,6,-1,1
201497AD00203,2,8,0,18,0,0,0,0,0,7,4,1,1,1,35,6,-1,-1,-1,-1,1
201497AD00205,1,9,0,18,0,7,0,0,0,0,1,1,1,2,34,6,1390,1,8,-1,1
201497AD00205,2,9,0,8,0,7,0,0,0,0,2,1,6,1,46,8,1149,1,10,-1,1
201497AD00207,1,9,0,18,0,8,0,0,0,0,1,1,2,1,28,6,1753,2,8,-1,3
201497AD00207,2,9,0,18,0,8,0,0,0,0,2,1,6,1,59,9,1149,1,2,-1,1
201497AD00211,1,9,0,17,0,1,0,0,0,0,2,1,1,1,38,7,1596,1,8,-1,1
201497AD00307,1,9,0,17,0,0,0,10,0,0,1,1,6,2,29,6,1124,1,8,-1,1
201497AD00401,1,19,0,7,0,5,0,0,0,0,1,1,2,1,40,7,2143,2,1,-1,1
201497AD00402,1,8,0,18,0,3,0,0,0,0,1,1,6,1,33,6,1910,2,7,-1,1
201497AD00402,2,11,0,18,0,3,0,0,0,0,2,1,1,1,46,8,6696,2,1,-1,1
201497AD00506,1,9,0,10,0,1,0,0,0,0,3,1,1,1,21,5,1560,2,-1,-1,1
201497AD00506,2,1,0,18,0,2,0,0,0,0,2,1,1,1,47,8,-1,-1,-1,-1,-1
201497AD00508,1,1,0,18,0,0,0,0,0,0,3,1,6,2,25,5,-1,-1,-1,-1,1
201497AD00508,2,9,0,2,0,0,0,0,0,0,3,1,6,2,25,5,1242,1,3,-1,1
201497AD00509,1,9,0,4,0,1,0,0,0,0,1,1,2,1,21,5,1598,2,4,-1,1
201497AD00509,2,8,0,10,0,1,0,0,0,0,2,1,1,1,55,8,2499,2,4,-1,2
201497AD00601,1,9,0,7,0,5,0,0,0,0,4,1,6,3,30,6,-1,-1,-1,-1,-1
201497AD00603,1,19,0,11,0,0,0,0,0,0,1,1,6,1,30,6,2148,2,7,-1,3
201497AD00603,2,11,0,18,0,0,0,0,0,0,3,1,6,1,43,7,7300,2,9,-1,-1
201497AD00605,1,9,0,18,0,8,0,0,0,0,1,1,6,2,58,9,1598,1,-1,-1,1
201497AD00605,2,9,0,18,0,8,0,0,0,0,2,1,6,2,43,7,1769,1,12,-1,1
201497AD00609,1,1,0,7,0,1,0,0,0,0,1,1,6,2,31,6,-1,-1,-1,-1,1
201497AD00609,2,11,0,18,0,1,0,0,0,0,1,1,1,1,40,7,6696,2,1,-1,1
201497AD00612,1,19,0,9,0,8,0,0,0,0,4,1,1,1,42,7,2299,2,1,10,1
201497AD00612,2,9,0,18,0,1,1,0,0,0,1,1,6,1,65,9,1596,1,12,-1,1
201497AD00701,1,9,0,18,0,0,1,0,0,0,1,1,2,1,23,5,2148,2,7,-1,1
201497AD00701,2,9,0,18,0,0,0,0,0,0,1,1,2,2,34,6,1389,1,10,-1,1
201497AD00702,1,9,0,18,0,0,0,0,0,0,1,1,6,3,-1,-1,-1,-1,-1,-1,-1
201497AD00702,2,3,0,17,0,0,0,0,0,0,2,1,6,1,17,4,125,1,2,-1,1
201497AD00703,1,9,0,4,0,1,0,0,0,0,1,1,6,1,40,7,-1,-1,-1,-1,-1
201497AD00710,1,9,0,16,0,0,1,0,0,7,4,1,6,2,21,5,1296,1,7,-1,1
201497AD00801,1,90,0,1,9,6,0,0,0,0,2,2,6,3,45,7,-1,-1,-1,-1,-1
201497AD00806,1,9,0,4,0,1,0,0,0,0,0,1,2,2,33,6,1598,1,2,-1,-1
201497AD00806,2,9,0,4,0,1,0,0,0,0,2,1,2,2,31,6,1986,2,8,-1,-1
201497AD00806,3,9,0,4,0,1,0,0,0,0,2,1,2,2,27,6,1461,2,4,-1,-1
201497AD00806,4,9,0,4,0,1,0,0,0,0,1,1,6,1,41,7,2143,2,1,-1,-1
201497AD00809,1,9,0,9,0,2,0,0,0,0,1,1,6,1,26,6,1229,1,7,-1,1
201497AD00809,2,11,0,18,0,1,0,0,0,0,1,1,1,1,40,7,6696,2,1,-1,1
201497AD00810,1,9,0,18,0,8,0,0,0,0,4,1,6,1,30,6,1229,1,1,-1,1
201497AD00810,2,9,0,18,0,8,0,0,0,0,1,1,2,1,37,7,3200,1,6,-1,1
201497AD00810,3,9,0,3,0,1,0,0,0,0,1,1,6,2,34,6,1997,2,-1,-1,1
201497AD00903,1,9,0,17,0,8,0,0,0,0,4,1,6,2,30,6,1229,1,4,-1,3
201497AD00903,2,9,0,17,0,8,0,0,0,0,4,1,6,2,30,6,1896,2,10,-1,3
201497AD00907,1,21,1,1,0,1,0,0,0,0,2,1,1,1,35,6,12740,2,4,9,1
201497AD00907,2,9,0,3,0,1,0,0,0,0,1,1,6,2,78,11,1368,1,5,-1,1
201497AD01003,1,9,0,18,0,0,1,0,1,4,1,1,6,1,28,6,999,1,13,-1,1
201497AD01104,1,90,0,18,0,1,0,0,0,0,1,1,6,1,50,8,-1,-1,-1,-1,-1
201497AD01104,2,9,0,18,0,1,0,0,0,0,1,1,2,2,40,7,998,1,4,-1,1
201497AD01104,3,90,0,18,0,1,0,0,0,0,2,1,6,1,40,7,-1,-1,-1,-1,-1
201497AD01105,1,9,0,18,0,0,0,0,0,0,1,1,2,1,41,7,4293,1,10,-1,1
201497AD01105,2,9,0,3,0,0,0,0,0,0,2,1,2,1,47,8,1388,1,12,-1,1
201497AD01105,3,9,0,3,0,0,0,0,0,0,2,1,2,2,61,9,996,1,3,-1,1
201497AD01107,1,9,0,7,0,1,0,0,0,0,4,1,6,2,40,7,1149,1,13,-1,-1
201497AD01107,2,1,0,18,0,1,0,0,0,0,1,1,6,1,20,4,-1,-1,-1,-1,-1
201497AD01110,1,9,0,7,0,0,0,0,0,0,2,1,6,2,23,5,1349,1,5,-1,1
201497AD01110,2,9,0,4,0,0,1,0,0,0,1,1,6,1,18,4,1995,2,2,-1,1
201497AD01201,1,9,0,5,0,1,0,0,0,0,1,1,6,1,18,4,1995,1,2,-1,1
201497AD01201,2,9,0,3,0,1,0,0,0,0,2,1,6,2,33,6,1685,2,1,-1,1
201497AD01203,1,9,0,18,0,0,0,0,0,0,1,1,6,1,53,8,1995,2,10,-1,1
201497AD01206,1,9,0,5,0,8,0,0,0,0,4,1,2,2,49,8,2179,2,2,-1,1
201497AD01206,2,9,0,5,0,8,1,0,0,0,1,1,2,1,48,8,1497,1,8,-1,1
201497AD01208,1,9,0,9,0,5,0,0,0,0,1,1,6,2,28,6,3498,1,8,-1,1
201497AD01208,2,9,0,18,0,1,0,0,0,0,1,1,6,2,51,8,1598,1,4,-1,3
201497AD01212,1,9,0,7,0,8,0,0,0,0,4,1,6,3,30,6,-1,-1,-1,-1,-1
201497AD01212,2,1,0,18,0,8,0,0,0,0,3,1,6,1,18,4,-1,-1,-1,-1,1
201497AD01309,1,9,0,18,0,1,0,0,1,11,1,1,6,2,56,9,1397,1,3,-1,1
201497AD01405,1,9,0,9,0,6,0,0,0,0,1,1,6,1,48,8,1598,1,1,-1,1