Accident_Index,Vehicle_Reference,Vehicle_Type,Towing_and_Articulation,Vehicle_Manoeuvre,Vehicle_Location-Restricted_Lane,Junction_Location,Skidding_and_Overturning,Hit_Object_in_Carriageway,Vehicle_Leaving_Carriageway,Hit_Object_off_Carriageway,1st_Point_of_Impact,Was_Vehicle_Left_Hand_Drive?,Journey_Purpose_of_Driver,Sex_of_Driver,Age_of_Driver,Age_Band_of_Driver,Engine_Capacity_(CC),Propulsion_Code,Age_of_Vehicle,Driver_IMD_Decile,Driver_Home_Area_Type
201497BD20903,1,9,0,7,0,1,0,0,1,10,1,1,6,1,43,7,1596,1,12,-1,1
201497BD20906,1,9,0,18,0,0,0,0,0,0,1,1,6,2,34,6,1796,1,8,-1,1
201497BD20906,2,9,0,4,0,0,0,0,0,0,2,1,6,1,29,6,1984,1,10,-1,1
201497BD20908,1,9,0,18,0,0,0,0,0,0,1,1,6,1,25,5,-1,-1,-1,-1,-1
201497BD20909,1,8,0,18,0,0,0,0,4,2,1,1,6,1,30,6,-1,-1,-1,-1,-1
201497BD20912,1,9,0,18,0,0,0,0,0,0,1,1,6,1,42,7,-1,-1,-1,-1,3
201497BD20912,2,9,0,3,0,0,0,0,0,0,2,1,6,1,52,8,1560,2,2,-1,-1
201497BD20912,3,9,0,3,0,0,0,0,0,0,2,1,6,1,39,7,1596,1,8,-1,1
201497BD21001,1,9,0,7,0,8,0,0,0,0,1,1,2,2,50,8,1360,1,4,-1,-1
201497BD21001,2,9,0,4,0,8,0,0,0,0,1,1,6,1,44,7,1560,2,2,-1,1
201497BD21007,1,9,0,18,0,0,0,0,0,0,1,1,6,1,34,6,1686,2,13,-1,-1
201497BD21007,2,8,0,6,0,0,0,0,0,0,3,1,1,1,54,8,1560,2,3,-1,-1
201497BD21008,1,19,0,18,0,8,0,0,0,0,1,1,1,1,50,8,1995,2,5,-1,1
201497BD21008,2,9,0,18,0,8,0,0,7,4,4,1,4,1,37,7,1956,2,1,-1,1
201497BD21012,1,9,0,9,0,8,0,0,0,0,3,1,6,1,30,6,-1,-1,-1,-1,1
201497BD21012,2,9,0,17,0,8,0,0,0,0,1,1,1,2,56,9,2488,1,10,-1,1
201497BD21107,1,9,0,18,0,0,0,0,0,0,3,1,6,2,30,6,-1,-1,-1,-1,-1
201497BD21107,2,9,0,18,0,0,0,0,0,0,3,1,6,1,48,8,1299,1,11,-1,1
201497BD21602,1,9,0,18,0,0,0,0,0,0,4,1,2,1,37,7,1796,1,11,-1,1
201497BD21608,1,9,0,18,0,0,0,0,0,1,1,1,1,1,67,10,1560,2,2,-1,1
201497BD70101,1,9,0,7,0,6,0,0,0,0,1,1,1,1,34,6,995,1,5,-1,1
201497BD70102,1,9,0,18,0,0,0,0,0,0,1,1,6,1,21,5,998,1,2,-1,1
201497BD70102,2,9,0,18,0,0,0,0,0,0,2,1,6,2,29,6,1997,2,5,-1,2
201497BD70102,3,9,0,18,0,0,0,0,0,0,2,1,6,2,43,7,1461,2,3,-1,-1
201497BD70103,1,21,1,11,0,0,0,0,0,0,4,1,1,1,50,8,12419,2,1,-1,3
201497BD70103,2,9,0,18,0,0,0,0,5,6,3,1,6,1,53,8,1596,1,9,-1,1
201497BD70104,1,9,0,18,0,0,0,0,0,0,1,1,2,1,49,8,1995,2,-1,4,1
201497BD70104,2,9,0,18,0,0,0,0,0,0,2,1,2,2,52,8,1995,1,3,-1,-1
201497BD70105,1,9,0,18,0,0,0,0,1,5,1,1,1,1,36,7,1896,2,4,-1,-1
201497BD70111,1,9,0,18,0,2,0,0,0,0,1,1,2,2,32,6,1364,1,3,-1,1
201497BD70111,2,9,0,18,0,2,0,0,0,0,2,1,2,2,32,6,-1,-1,-1,-1,1
201497BD70111,3,9,0,18,0,2,0,0,0,0,2,1,2,2,27,6,1364,1,3,-1,-1
201497BD70112,1,8,0,18,0,2,0,0,0,0,1,1,1,1,56,9,1685,2,2,-1,1
201497BD70203,1,9,0,18,0,1,0,0,0,0,1,1,2,2,56,9,2497,1,7,-1,1
201497BD70206,1,21,0,18,0,1,0,0,0,0,1,1,1,1,49,8,12900,2,5,-1,1
201497BD70206,2,9,0,18,0,1,0,0,0,0,2,1,2,2,32,6,998,1,-1,-1,-1
201497BD70209,1,9,0,5,0,1,0,0,0,0,1,1,6,1,24,5,1796,1,12,-1,1
201497BD70209,2,9,0,3,0,1,0,0,0,0,2,1,2,2,33,6,1598,1,2,-1,1
201497BD70210,1,9,0,16,0,0,1,0,4,6,1,1,6,1,23,5,1149,1,4,-1,-1
201497BD70212,1,9,0,16,0,0,0,0,2,4,1,1,6,1,23,5,2616,1,8,-1,1
201497BD70301,1,9,0,18,0,0,0,0,0,0,3,1,6,2,24,5,1364,1,4,-1,1
201497BD70302,1,9,0,16,0,0,1,0,2,11,1,1,6,2,19,4,1388,1,11,-1,1
201497BD70305,1,9,0,3,0,1,0,0,0,0,1,1,1,2,35,6,1796,1,7,-1,2
201497BD70305,2,9,0,3,0,1,0,0,0,0,2,1,1,2,31,6,2429,1,10,-1,1
201497BD70306,1,9,0,18,0,1,0,0,0,0,1,1,2,1,41,7,1229,1,6,-1,1
201497BD70306,2,9,0,3,0,1,0,0,0,0,2,1,6,2,21,5,1390,1,7,-1,1
201497BD70309,1,11,0,7,0,1,0,0,0,0,4,1,1,1,50,8,5900,2,7,-1,1
201497BD70309,2,9,0,18,0,1,1,0,0,0,1,1,6,2,49,8,1796,1,14,-1,1
201497BD70310,1,9,0,16,0,0,1,0,8,0,3,1,6,2,19,4,1242,1,4,-1,1
201497BD70312,1,9,0,17,0,0,0,0,0,0,1,1,6,2,38,7,998,1,10,-1,1
201497BD70401,1,9,0,17,0,0,0,0,4,7,1,1,1,2,24,5,1242,1,10,-1,1
201497BD70405,1,9,0,18,0,0,0,0,0,0,1,1,2,2,28,6,1198,1,-1,-1,1
201497BD70405,2,9,0,4,0,0,0,0,0,0,2,1,2,1,40,7,1560,2,9,-1,1
201497BD70405,3,9,0,4,0,0,0,0,0,0,2,1,2,1,45,7,1995,2,11,-1,-1
201497BD70406,1,9,0,18,0,1,0,0,0,0,1,1,6,2,48,8,1598,1,1,-1,-1
201497BD70406,2,8,0,10,0,5,0,0,0,0,2,1,1,1,42,7,1956,2,2,-1,1
201497BD70406,3,8,0,10,0,5,0,0,0,0,2,1,1,1,42,7,1896,2,6,-1,1
201497BD70501,1,9,0,5,0,6,0,0,0,0,1,1,6,1,47,8,1598,1,1,-1,1
201497BD70501,2,9,0,18,0,1,0,0,0,0,1,1,6,1,47,8,1388,1,13,-1,-1
201497BD70601,1,19,0,18,0,0,2,0,0,10,1,1,1,1,21,5,2198,2,2,-1,1
201497BD70705,1,9,0,18,0,0,1,0,4,6,1,1,6,1,33,6,1493,1,16,-1,1
201497BD70705,2,9,0,18,0,0,0,0,0,0,2,1,6,1,29,6,1560,2,2,-1,1
201497BD70801,1,9,0,18,0,1,0,0,0,0,1,1,6,2,35,6,1686,2,10,-1,1
201497BD70801,2,9,0,3,0,1,0,0,0,0,2,1,6,2,46,8,1598,1,3,-1,1
201497BD70805,1,9,0,18,0,7,0,0,0,0,1,1,6,1,31,6,1798,1,2,-1,1
201497BD70805,2,9,0,18,0,7,0,0,0,0,2,1,6,2,49,8,1997,2,-1,-1,1
201497BD70805,3,5,0,18,0,7,0,10,0,0,1,1,6,1,42,7,649,1,1,-1,-1
201497BD70902,1,21,1,18,0,1,0,0,0,0,4,1,1,1,53,8,10518,2,3,-1,2
201497BE00101,1,9,0,7,0,6,0,0,0,0,1,1,1,1,46,8,1461,2,4,-1,1
201497BE00101,2,9,0,18,0,1,0,0,0,0,1,1,6,2,37,7,1493,1,14,-1,1
201497BE00107,1,9,0,11,0,0,0,0,0,0,4,1,6,2,74,10,1587,1,11,-1,1
201497BE00107,2,11,0,18,0,0,0,0,0,0,3,1,1,1,53,8,8268,2,11,-1,1
201497BE00110,1,9,0,18,0,2,0,0,0,0,3,1,6,1,39,7,1598,1,10,-1,1
201497BE00112,1,9,0,18,0,0,0,0,0,0,0,1,6,2,30,6,1598,1,7,-1,1
201497BE00203,1,9,0,9,0,6,0,0,0,0,1,1,2,1,40,7,1986,2,5,-1,1
201497BE00203,2,9,0,18,0,8,0,0,0,0,1,1,2,2,44,7,1240,1,10,-1,1
201497BE00210,1,9,0,9,0,5,0,0,0,0,3,1,1,1,58,9,1998,1,11,-1,1
201497BE00305,1,9,0,18,0,0,0,0,0,0,4,1,2,2,22,5,998,1,3,-1,1
201497BE00312,1,9,0,18,0,1,0,0,0,0,0,1,6,3,35,6,-1,-1,-1,-1,-1
201497BE00402,1,19,0,4,0,1,1,0,0,0,1,1,1,1,39,7,2198,2,2,-1,1
201497BE00402,2,8,0,4,0,1,0,0,0,0,2,1,1,1,41,7,999,1,1,3,1
201497BE00404,1,9,0,9,0,8,0,0,0,0,0,1,6,2,45,7,-1,-1,-1,-1,-1
201497BE00404,2,1,0,18,0,8,0,0,0,0,0,1,2,1,39,7,-1,-1,-1,-1,1
201497BE00406,1,8,0,6,0,1,0,0,0,0,0,1,1,1,30,6,1968,2,7,-1,1
201497BE00406,2,11,0,18,0,1,0,0,0,0,0,1,1,1,56,9,9360,2,6,-1,1
201497BE00407,1,9,0,9,0,8,0,0,0,0,1,1,1,2,24,5,998,1,1,-1,1
201497BE00407,2,1,0,18,0,8,0,0,0,0,1,1,1,1,27,6,-1,-1,-1,-1,1
201497BE00412,1,11,0,18,0,0,0,0,0,0,1,1,1,1,44,7,8268,2,11,-1,1
201497BE00501,1,9,0,18,0,0,0,0,0,0,1,1,6,1,29,6,1975,1,5,-1,1
201497BE00504,1,9,0,15,0,0,0,0,0,0,4,1,6,1,56,9,1397,1,7,-1,1
201497BE00504,2,1,0,16,0,0,0,0,0,0,3,1,6,2,54,8,-1,-1,-1,-1,1
201497BE00505,1,3,0,18,0,3,1,0,4,0,3,1,2,1,33,6,124,1,3,-1,1
201497BE00603,1,9,0,7,0,6,0,0,0,0,1,1,1,1,47,8,1896,2,6,-1,1
201497BE00603,2,9,0,18,0,2,0,0,0,0,4,1,6,2,33,6,1968,2,-1,-1,1
201497BE00612,1,11,0,18,2,1,0,0,0,0,0,1,6,1,37,7,8268,2,11,-1,3
201497BE00701,1,9,0,18,0,8,1,0,0,0,1,1,6,2,26,6,1984,1,6,-1,1
201497BE00701,2,9,0,18,0,8,0,0,0,0,3,1,6,1,60,9,1896,2,6,-1,1
201497BE00703,1,9,0,18,0,0,0,0,0,0,1,1,2,2,56,9,998,1,3,-1,1
201497BE00708,1,9,0,18,0,0,0,0,0,0,0,1,6,3,40,7,-1,-1,-1,-1,-1
201497BE00808,1,9,0,9,0,1,0,0,0,0,3,1,6,1,80,11,998,1,12,-1,1
201497BE00808,2,9,0,18,0,1,1,7,0,0,4,1,2,1,26,6,1560,2,7,-1,-1
201497BE00906,1,9,0,18,0,0,0,0,0,0,1,1,6,3,30,6,-1,-1,-1,-1,-1
201497BE00908,1,9,0,9,0,8,0,0,0,0,1,1,6,1,59,9,1199,1,12,-1,-1
201497BE00908,2,9,0,18,0,1,0,0,0,0,1,1,6,1,42,7,999,1,2,-1,1
201497BE00910,1,9,0,18,0,6,0,0,0,0,3,1,6,2,69,10,1598,1,13,-1,1
201497BE00910,2,9,0,18,0,8,1,0,0,0,1,1,2,1,22,5,1596,1,3,-1,1
201497BE00910,3,9,0,18,0,8,0,0,4,0,1,1,6,2,70,10,1198,1,2,-1,1
201497BE01002,1,9,0,18,0,0,5,4,0,0,1,1,6,1,56,9,1390,1,7,-1,1
201497BE01002,2,9,0,2,0,0,0,0,0,0,2,1,6,1,40,7,2498,2,18,-1,1
201497BE01002,3,9,0,2,0,0,0,0,0,0,2,1,6,1,35,6,1598,1,9,-1,1
201497BE01002,4,9,0,2,0,0,0,0,0,0,1,1,6,1,55,8,2987,2,1,-1,1
201497BE01003,1,9,0,5,0,0,0,0,0,0,4,1,2,1,29,6,1595,1,12,-1,1
201497BE01003,2,1,0,18,0,0,0,0,0,0,0,1,1,2,30,6,-1,-1,-1,-1,1
201497BE01101,1,8,0,6,0,0,0,0,0,0,3,1,1,1,40,7,1997,2,5,-1,1
201497BE01101,2,8,0,18,0,0,0,0,0,0,1,1,1,1,45,7,2499,2,4,-1,1
201497BE01107,1,5,0,4,0,1,0,0,0,0,1,1,6,1,50,8,600,1,13,-1,1
201497BE01107,2,9,0,4,0,1,0,0,0,0,2,1,6,2,67,10,1998,1,10,-1,1
201497BE01110,1,9,0,18,0,0,0,0,1,0,1,1,6,1,50,8,1362,1,1,-1,1
201497BE01111,1,9,0,13,0,8,0,0,0,0,4,1,6,1,46,8,1956,2,2,-1,1
201497BE01111,2,1,0,13,0,8,0,0,0,0,3,1,6,2,22,5,-1,-1,-1,-1,1
201497BE01207,1,9,0,18,0,1,0,0,0,0,4,1,6,2,53,8,1364,2,8,-1,1
201497BE01207,2,9,0,18,0,1,1,0,0,0,1,1,6,1,54,8,1296,1,8,-1,1
201497BE01211,1,9,0,4,0,0,0,0,0,0,1,1,2,2,29,6,1388,1,6,-1,1
201497BE01211,2,9,0,4,0,0,0,0,0,0,2,1,2,2,34,6,1368,1,7,-1,1
201497BE01211,3,9,0,11,0,0,0,0,0,0,1,1,2,1,55,8,1997,2,-1,-1,1
201497BE01212,1,8,0,18,0,1,0,0,0,0,3,1,2,2,31,6,1598,2,3,-1,1
201497BE01306,1,1,0,18,0,0,0,0,0,0,2,1,2,1,22,5,-1,-1,-1,-1,1
201497BE01306,2,11,0,18,0,0,0,0,0,0,1,1,1,1,42,7,5900,2,15,-1,1
201497BE01401,1,9,0,18,0,0,0,0,0,0,1,1,2,2,45,7,1968,2,4,-1,3
201497BE01401,2,9,0,4,0,0,0,0,0,0,2,1,2,1,35,6,1896,2,6,-1,3
201497BE01401,3,9,0,4,0,0,0,0,0,0,2,1,2,2,40,7,1995,2,4,-1,3
201497BE01401,4,9,0,4,0,0,0,0,0,0,2,1,2,1,47,8,1997,2,3,-1,1
201497BE01402,1,8,0,18,0,0,0,0,0,0,1,1,6,3,30,6,-1,-1,-1,-1,-1
201497BE01406,1,9,0,7,0,0,0,0,0,0,1,1,6,2,47,8,1364,1,6,-1,1
201497BE01406,2,9,0,9,0,0,0,0,0,0,3,1,6,1,54,8,1598,1,3,-1,1
201497BE01412,1,9,0,16,0,0,0,0,0,0,0,1,6,2,21,5,1229,1,7,-1,1
201497BE01412,2,11,0,5,3,0,0,0,0,0,0,1,1,1,60,9,7300,2,8,-1,-1
201497BE01506,1,9,0,9,0,5,0,0,0,0,1,1,6,1,52,8,1560,2,3,-1,2
201497BE01506,2,8,0,4,0,1,0,0,0,0,1,1,1,1,51,8,2499,2,6,-1,-1
201497BE01507,1,11,0,18,2,2,0,0,0,0,4,1,1,1,28,6,6700,2,4,7,3
201497BE01611,1,19,0,6,0,0,0,0,0,0,3,1,1,1,50,8,1360,1,5,-1,1
201497BE01612,1,9,0,13,0,0,0,0,0,0,0,1,6,3,40,7,-1,-1,-1,-1,-1
201497BE01612,2,11,0,18,0,0,0,0,0,0,0,2,6,2,35,6,7300,2,8,-1,1
201497BE01701,1,9,0,18,0,0,2,10,0,0,1,1,6,2,34,6,1364,2,5,-1,1
201497BE01701,2,10,0,18,0,0,0,0,0,0,3,1,6,2,27,6,-1,-1,-1,-1,1
201497BE01702,1,9,0,1,0,0,0,0,0,0,2,1,6,1,80,11,-1,-1,-1,-1,-1
201497BE01702,2,9,0,2,0,0,0,0,0,0,1,1,6,1,70,10,1229,1,3,-1,1
201497BE01707,1,9,0,18,0,0,0,0,0,0,1,1,1,2,53,8,1199,2,2,-1,1
201497BE01707,2,8,0,2,0,0,0,0,0,0,2,1,1,1,53,8,1598,2,2,-1,1
201497BE01711,1,9,0,18,0,1,0,0,0,0,1,1,6,1,50,8,1390,1,9,-1,1
201497BE01803,1,9,0,18,0,8,0,0,0,0,0,1,6,3,50,8,1984,1,9,-1,-1
201497BE01803,2,11,0,11,0,8,0,0,0,0,0,1,1,1,66,10,7300,2,8,-1,1
201497BE01806,1,9,0,2,0,0,0,0,0,0,0,1,6,3,35,6,-1,-1,-1,-1,-1
201497BE01806,2,9,0,18,0,0,0,0,0,0,1,1,1,2,26,6,998,1,1,-1,1
201497BE01809,1,9,0,6,0,0,0,0,0,0,4,1,6,1,24,5,1229,1,2,-1,1
201497BE01809,2,9,0,18,0,0,0,0,0,0,1,1,2,1,19,4,1360,1,9,-1,1
201497BE01810,1,8,0,17,0,8,0,0,0,0,2,1,1,2,43,7,1598,2,2,-1,1
201497BE01810,2,9,0,18,0,2,0,0,0,0,1,1,6,1,28,6,1598,1,4,-1,1
201497BE01812,1,9,0,18,0,0,0,0,0,0,0,1,6,1,45,7,-1,-1,-1,-1,1
201497BE01902,1,9,0,2,0,0,0,0,0,0,1,1,6,1,45,7,1587,1,10,-1,1
201497BE01902,2,9,0,15,0,0,0,0,0,0,4,1,6,2,53,8,1984,1,5,-1,2
201497BE01905,1,9,0,18,0,0,0,0,0,0,3,1,6,1,44,7,1997,1,7,-1,-1
201497BE01906,1,9,0,18,0,0,0,0,0,0,1,1,2,2,35,6,1229,1,8,-1,1
201497BE01906,2,9,0,2,0,0,0,0,0,0,2,1,1,1,39,7,-1,-1,-1,-1,1
201497BE01909,1,90,0,18,0,1,0,0,0,0,1,1,1,2,59,9,2999,2,2,-1,1
201497BE01909,2,9,0,18,0,1,0,0,0,0,2,1,6,2,48,8,1598,1,3,-1,1
201497BE02101,1,9,0,14,0,8,0,0,0,0,0,1,6,1,80,11,1360,1,7,-1,1
201497BE02101,2,11,0,3,0,8,0,4,0,0,1,1,1,1,36,7,9000,2,10,-1,1
201497BE02103,1,9,0,18,0,0,5,0,0,0,1,1,6,1,21,5,1299,1,13,-1,1
201497BE02103,2,9,0,2,0,0,0,0,0,0,3,1,6,1,28,6,1595,1,2,-1,1
201497BE02103,3,9,0,2,0,0,0,0,0,0,3,1,6,1,28,6,1398,1,11,-1,1
201497BE02103,4,9,0,2,0,0,0,0,0,0,3,1,6,1,28,6,998,1,7,-1,1
201497BE02103,5,9,0,2,0,0,0,0,0,0,3,1,6,1,28,6,1398,1,11,-1,1
201497BE02107,1,9,0,4,0,0,0,0,0,0,1,1,2,2,29,6,1900,2,9,-1,1
201497BE02112,1,1,0,18,0,0,0,0,0,0,1,1,6,2,49,8,-1,-1,-1,-1,1
201497BE02203,1,9,0,5,0,1,0,0,0,0,1,1,6,1,41,7,1896,2,8,-1,1
201497BE02203,2,9,0,5,0,2,0,0,0,0,2,1,6,1,42,7,1560,2,3,-1,1
201497BE02207,1,9,0,7,0,6,0,0,0,0,1,1,1,1,37,7,-1,-1,-1,-1,1
201497BE02207,2,11,0,18,0,6,0,0,0,0,1,1,1,1,49,8,7300,2,8,-1,1
201497BE02209,1,9,0,2,0,0,0,0,0,0,3,1,6,2,29,6,1390,1,5,-1,1
201497BE02209,2,1,0,18,0,0,0,0,0,0,3,1,6,1,55,8,-1,-1,-1,-1,1
201497BE02210,1,9,0,18,0,0,0,0,0,0,4,1,6,3,25,5,-1,-1,-1,-1,-1
201497BE02302,1,9,0,9,0,6,0,0,0,0,3,1,2,2,39,7,1797,8,3,-1,-1
201497BE02302,2,9,0,18,0,1,0,0,0,0,1,1,6,1,24,5,1984,1,3,-1,-1
201497BE02310,1,8,0,18,2,1,0,0,0,0,4,1,1,1,48,8,2499,2,7,-1,-1
201497BE02409,1,19,0,1,0,0,0,0,0,0,2,1,1,1,34,6,2299,2,-1,5,1
201497BE02503,1,9,0,4,0,0,0,0,0,0,4,1,2,1,60,9,1598,2,3,-1,1
201497BE02601,1,9,0,18,0,1,0,0,0,0,1,1,6,1,26,6,3189,1,9,-1,-1
201497BE02601,2,9,0,2,0,1,0,0,0,0,3,1,6,1,54,8,1986,2,4,-1,1
201497BE02611,1,9,0,3,0,0,0,0,0,0,1,1,6,2,30,6,-1,-1,-1,-1,-1
201497BE02611,2,9,0,3,0,0,0,0,0,0,2,1,2,2,29,6,1242,1,5,-1,1
201497BE02809,1,1,0,18,0,0,0,4,0,0,1,1,6,1,30,6,-1,-1,-1,-1,1
201497BE02809,2,9,0,2,0,0,0,0,0,0,2,1,6,1,22,5,2179,2,1,-1,2
201497BE02909,1,9,0,5,0,2,0,0,0,0,0,1,2,2,22,5,1399,2,11,-1,1
201497BE02909,2,1,0,18,2,1,0,0,0,0,0,1,2,1,29,6,-1,-1,-1,-1,-1
201497BE70101,1,9,0,18,0,0,0,0,0,0,1,1,1,2,37,7,1396,1,11,-1,1
201497BE70101,2,9,0,18,0,0,0,0,0,0,2,1,6,1,21,5,1198,1,3,-1,1
201497BE70101,3,9,0,18,0,0,0,0,0,0,2,1,6,1,34,6,1364,1,4,-1,-1
201497BE70105,1,2,0,18,0,1,2,0,0,10,1,1,6,1,15,3,-1,-1,-1,-1,1
201497BE70106,1,20,0,3,0,1,0,0,0,0,1,1,1,1,48,8,10518,2,8,-1,1
201497BE70108,1,9,0,18,0,0,0,0,0,0,1,1,6,1,43,7,1796,1,12,-1,1
201497BE70109,1,9,0,9,0,8,0,0,0,0,4,1,6,2,81,11,1590,1,12,-1,1
201497BE70109,2,9,0,18,0,1,1,0,0,0,1,1,6,1,18,4,1398,1,1,-1,1
201497BE70109,3,9,0,8,0,1,0,0,0,0,3,1,6,1,62,9,1389,1,9,-1,1
201497BE70110,1,9,0,5,0,6,0,0,0,0,1,1,6,1,25,5,1229,1,5,-1,1
201497BE70110,2,9,0,18,0,8,0,0,0,0,3,1,1,1,30,6,1896,2,5,-1,1
201497BE70110,3,9,0,18,0,1,0,0,0,0,1,1,6,1,55,8,1560,2,5,-1,2
201497BE70111,1,9,0,17,0,1,1,0,0,0,1,1,6,1,18,4,2171,1,11,-1,-1
201497BE70111,2,9,0,2,0,1,0,0,0,0,3,1,6,3,30,6,1596,1,9,-1,1
201497BE70111,3,9,0,2,0,1,0,0,0,1,3,1,6,3,30,6,1997,1,4,-1,-1
201497BE70208,1,9,0,16,0,0,1,0,1,5,3,1,6,1,36,7,1364,1,8,-1,1
201497BE70211,1,9,0,18,9,0,0,0,1,11,2,1,6,3,30,6,1598,1,-1,-1,-1
201497BE70510,1,9,0,18,0,0,0,0,0,0,1,1,6,1,77,11,2184,2,10,-1,1
201497BF00105,1,9,0,5,7,1,1,0,0,0,1,1,6,1,48,8,1242,1,6,-1,1
201497BF00105,2,8,0,18,7,1,0,0,7,9,4,1,1,1,49,8,1798,1,4,-1,3
201497BF00108,1,9,0,8,0,6,0,0,0,0,3,1,6,2,77,11,1598,1,11,-1,2
201497BF00108,2,3,0,3,0,1,0,0,0,0,1,1,6,1,22,5,124,1,12,-1,1
201497BF00110,1,9,0,5,0,4,0,0,0,0,3,1,6,2,37,7,-1,-1,-1,-1,1
201497BF00110,2,1,0,5,0,8,0,0,0,0,4,1,6,1,73,10,-1,-1,-1,-1,1
201497BF00201,1,9,0,16,0,3,0,0,0,0,4,1,2,1,35,6,2143,2,4,-1,1
201497BF00205,1,9,0,18,9,6,5,0,3,10,1,1,6,1,61,9,1398,1,1,-1,1
201497BF00210,1,9,0,3,0,1,0,0,0,0,3,1,6,2,38,7,1796,1,8,-1,1
201497BF00211,1,9,0,16,0,0,0,0,7,0,1,1,6,2,19,4,998,1,-1,-1,2
201497BF00212,1,19,0,3,0,1,0,0,0,0,1,1,1,1,30,6,-1,-1,-1,-1,-1
201497BF00212,2,9,0,7,0,1,0,0,0,0,1,1,6,1,63,9,1560,2,1,-1,1
201497BF00302,1,9,0,9,0,5,0,0,0,0,1,1,6,1,31,6,-1,-1,-1,-1,1
201497BF00302,2,2,0,18,0,8,0,0,0,0,1,1,6,1,32,6,125,1,6,-1,1
201497BF00410,1,9,0,18,0,0,0,0,7,2,1,1,6,1,41,7,1988,1,11,-1,1
201497BF00501,1,9,0,7,0,6,0,0,0,0,4,1,6,2,25,5,1242,1,-1,-1,1
201497BF00503,1,9,0,18,0,1,0,0,0,0,1,1,6,1,30,6,1364,1,5,-1,1
201497BF00503,2,1,0,18,0,1,0,0,0,0,1,1,6,1,45,7,-1,-1,-1,-1,1
201497BF00511,1,19,0,1,0,8,0,0,0,0,2,1,1,1,50,8,2198,2,1,-1,1
201497BF00607,1,9,0,18,0,1,0,0,0,0,1,1,6,2,47,8,1199,1,13,-1,1
201497BF00607,2,9,0,18,0,1,0,0,0,0,1,1,6,2,18,4,1390,1,9,-1,-1
201497BF00610,1,9,0,18,0,6,0,0,0,0,3,1,6,1,24,5,2987,2,5,-1,3
201497BF00610,2,9,0,1,0,8,0,0,0,0,2,1,6,1,55,8,2902,2,5,-1,1
201497BF00611,1,9,0,18,0,2,0,0,0,0,4,1,1,2,46,8,1598,1,7,-1,1
201497BF00612,1,9,0,9,0,8,0,0,0,0,1,1,6,2,28,6,1598,1,9,-1,1
201497BF00612,2,9,0,18,0,8,0,0,0,0,4,1,2,2,19,4,1149,1,3,-1,1
201497BF00612,3,19,0,3,0,1,0,0,0,0,0,1,1,1,55,8,2143,2,-1,-1,-1
201497BF00701,1,9,0,18,0,0,1,0,0,0,4,1,6,1,47,8,1242,1,13,-1,3
201497BF00701,2,9,0,2,0,0,0,0,0,0,3,1,6,1,56,9,1560,2,1,-1,1
201497BF00710,1,9,0,18,0,8,0,0,0,0,1,1,6,1,75,10,1339,1,9,-1,-1
201497BF00710,2,9,0,18,0,8,0,0,0,0,1,1,6,1,48,8,1061,1,9,-1,-1
201497BF00711,1,9,0,18,0,2,0,0,3,1,2,1,6,1,30,6,1396,1,12,-1,1
201497BF00804,1,8,0,9,0,6,0,0,0,0,4,1,1,1,70,10,1997,2,11,-1,1
201497BF00806,1,9,0,18,0,0,0,4,0,0,1,1,6,2,52,8,1598,2,1,-1,1
201497BF00806,2,9,0,2,0,0,0,0,0,0,2,1,6,2,40,7,2993,2,8,-1,1
201497BF00807,1,9,0,9,0,1,0,0,0,0,1,1,6,2,24,5,1248,1,2,-1,1
201497BF00807,2,8,0,18,0,1,0,0,0,0,3,1,1,1,52,8,1997,2,4,-1,1
201497BF00811,1,9,0,4,0,4,0,0,1,10,1,1,6,1,78,11,2143,2,5,-1,1
201497BF00904,1,9,0,3,0,1,0,0,0,0,1,1,6,3,35,6,-1,-1,-1,-1,-1
201497BF00904,2,19,0,3,0,1,0,0,0,0,2,1,1,1,34,6,2299,2,2,-1,2
201497BF00910,1,9,0,5,0,8,0,0,0,0,3,1,6,1,47,8,1998,1,7,-1,1
201497BF00912,1,9,0,9,0,1,0,0,0,0,4,1,6,1,50,8,1686,2,1,-1,1
201497BF00912,2,5,0,18,0,1,0,0,0,0,1,1,6,1,37,7,892,1,16,-1,1
201497BF01001,1,9,0,18,0,1,0,0,0,0,1,1,2,1,19,4,1242,1,2,-1,1
201497BF01001,2,9,0,4,0,1,0,0,0,0,2,1,3,2,24,5,1124,1,9,-1,1
201497BF01106,1,9,0,9,0,0,0,0,0,0,0,1,6,1,79,11,1798,1,2,-1,-1
201497BF01106,2,9,0,4,0,0,0,0,0,0,1,1,6,1,63,9,1796,1,6,-1,3
201497BF01108,1,9,0,18,0,1,0,0,0,0,1,1,6,2,18,4,1248,2,10,-1,3
201497BF01108,2,9,0,18,0,1,0,0,0,0,1,1,1,1,25,5,-1,-1,-1,-1,1
201497BF01108,3,9,0,18,0,1,0,0,0,0,1,1,6,1,49,8,1997,2,1,-1,1
201497BF01108,4,9,0,18,0,1,0,0,0,0,2,1,6,2,31,6,1968,1,8,-1,1
201497BF01108,5,9,0,18,0,1,0,0,0,0,2,1,6,2,23,5,1229,1,5,-1,1
201497BF01109,1,9,0,16,0,0,0,0,0,11,2,1,6,1,25,5,1362,1,1,-1,1
201497BF01109,2,9,0,17,0,0,0,0,0,0,3,1,6,2,33,6,1396,1,5,-1,1
201497BF01206,1,9,0,16,0,1,0,0,1,0,1,1,1,2,18,4,1149,1,8,-1,1
201497BF01206,2,9,0,17,0,1,0,0,0,0,1,1,1,1,57,9,1598,2,-1,-1,1