Accident_Index,Vehicle_Reference,Vehicle_Type,Towing_and_Articulation,Vehicle_Manoeuvre,Vehicle_Location-Restricted_Lane,Junction_Location,Skidding_and_Overturning,Hit_Object_in_Carriageway,Vehicle_Leaving_Carriageway,Hit_Object_off_Carriageway,1st_Point_of_Impact,Was_Vehicle_Left_Hand_Drive?,Journey_Purpose_of_Driver,Sex_of_Driver,Age_of_Driver,Age_Band_of_Driver,Engine_Capacity_(CC),Propulsion_Code,Age_of_Vehicle,Driver_IMD_Decile,Driver_Home_Area_Type
201497GA03909,1,21,1,11,0,1,0,0,0,0,1,1,1,1,56,9,10824,2,8,-1,3
201497GA03909,2,9,0,12,0,1,1,0,0,0,3,1,2,2,29,6,1598,1,8,-1,1
201497GA03911,1,9,0,18,0,0,0,0,0,11,1,1,6,1,82,11,1596,1,-1,-1,1
201497GA04011,1,9,0,15,0,3,0,0,0,0,1,1,6,3,35,6,-1,-1,-1,-1,-1
201497GA04011,2,1,0,17,0,3,0,0,0,0,2,1,2,2,64,9,-1,-1,-1,-1,1
201497GA04012,1,9,0,18,0,8,0,0,0,0,3,1,6,1,21,5,-1,-1,-1,-1,1
201497GA04012,2,9,0,18,0,8,0,0,0,0,3,1,6,2,44,7,1390,1,11,-1,1
201497GA04112,1,8,0,9,0,0,1,0,0,0,1,1,6,1,49,8,2143,2,1,-1,1
201497GA04201,1,9,0,9,0,8,0,0,0,0,4,1,6,3,45,7,-1,-1,-1,-1,-1
201497GA04210,1,9,0,4,0,0,0,0,0,0,1,1,6,2,20,4,1360,1,10,-1,1
201497GA04210,2,9,0,4,0,0,0,0,0,0,2,1,2,1,46,8,1242,1,7,-1,1
201497GA04210,3,9,0,4,0,0,0,0,0,0,2,1,1,1,34,6,-1,-1,-1,-1,1
201497GA04212,1,9,0,7,0,4,0,0,0,0,1,1,6,1,84,11,-1,-1,-1,-1,1
201497GA04212,2,8,0,18,0,3,0,0,0,0,1,1,1,1,45,7,1956,2,3,-1,1
201497GA04301,1,9,0,9,0,1,0,0,0,0,1,1,6,2,40,7,3200,1,8,-1,1
201497GA04311,1,9,0,9,0,8,1,0,0,0,3,1,6,1,26,6,1229,1,5,-1,1
201497GA04311,2,9,0,18,0,8,1,0,0,0,4,1,6,1,57,9,1560,2,-1,-1,-1
201497GA04412,1,9,0,9,0,6,0,0,0,0,4,1,6,1,34,6,1598,1,-1,-1,1
201497GA04412,2,9,0,18,0,8,0,0,0,0,4,1,1,1,42,7,-1,-1,-1,-1,1
201497GA04710,1,90,0,18,0,0,0,0,0,0,0,1,6,3,30,6,-1,-1,-1,-1,-1
201497GA04710,2,11,0,18,0,0,0,0,0,0,1,1,2,1,45,7,-1,-1,-1,-1,-1
201497GA05012,1,9,0,3,0,0,0,0,0,0,1,1,6,1,30,6,1794,1,14,-1,-1
201497GA05012,2,9,0,3,0,0,0,0,0,0,2,1,1,1,45,7,-1,-1,-1,-1,1
201497GA70101,1,9,0,18,0,0,0,0,0,0,1,1,6,1,34,6,1997,2,5,-1,1
201497GA70101,2,9,0,18,0,0,0,0,0,0,2,1,6,2,54,8,998,1,3,-1,1
201497GA70101,3,9,0,18,0,0,0,0,0,0,2,1,6,1,22,5,1995,2,1,-1,1
201497GA70102,1,9,0,18,0,8,0,0,0,0,1,1,6,1,59,9,1341,1,11,-1,3
201497GA70102,2,9,0,18,0,8,0,0,0,0,3,1,6,2,43,7,1598,1,6,-1,1
201497GA70103,1,9,0,18,0,0,1,0,5,6,2,1,6,1,23,5,1339,1,5,-1,1
201497GA70103,2,9,0,18,0,0,0,0,0,0,3,1,6,1,31,6,2000,2,9,-1,1
201497GA70104,1,9,0,18,0,0,0,0,0,0,1,1,6,1,26,6,1296,1,7,-1,1
201497GA70104,2,9,0,4,0,0,0,0,0,0,2,1,6,2,31,6,1398,2,4,-1,1
201497GA70106,1,9,0,16,0,0,1,0,0,7,1,1,6,2,18,4,973,1,13,-1,3
201497GA70107,1,9,0,9,0,5,0,0,0,0,0,1,6,2,24,5,1198,1,3,-1,-1
201497GA70107,2,9,0,18,0,8,0,0,1,7,1,1,6,1,67,10,3628,2,8,-1,1
201497GA70108,1,9,0,9,0,5,0,0,0,0,1,1,2,2,49,8,1299,1,10,-1,1
201497GA70108,2,8,0,18,0,8,0,0,0,1,1,1,1,1,73,10,1910,2,6,-1,1
201497GA70109,1,21,1,12,0,7,0,0,0,0,1,2,1,1,33,6,-1,-1,-1,-1,-1
201497GA70109,2,9,0,18,0,1,0,0,0,0,2,1,6,1,61,9,1397,1,3,-1,1
201497GA70112,1,9,0,5,0,6,0,0,0,0,1,1,6,1,22,5,1598,2,4,-1,1
201497GA70112,2,9,0,18,0,8,0,0,1,10,4,1,6,1,75,10,1753,2,7,-1,1
201497GA70202,1,9,0,18,0,0,0,0,0,0,1,1,6,2,41,7,-1,-1,-1,-1,1
201497GA70202,2,9,0,18,0,0,0,0,0,0,2,1,6,1,33,6,1461,2,4,-1,1
201497GA70203,1,9,0,7,0,3,0,0,0,0,1,1,6,2,27,6,2143,2,1,-1,1
201497GA70203,2,9,0,4,0,3,0,0,0,0,2,1,2,2,38,7,1498,1,5,-1,1
201497GA70205,1,9,0,9,0,6,0,0,0,0,1,1,6,2,35,6,1240,1,10,-1,1
201497GA70205,2,1,0,9,0,1,0,0,0,0,3,1,6,1,18,4,-1,-1,-1,-1,1
201497GA70207,1,9,0,4,0,0,0,0,0,0,1,1,6,1,48,8,1596,1,2,-1,1
201497GA70207,2,9,0,4,0,0,0,0,0,0,2,1,2,2,21,5,1242,1,3,-1,1
201497GA70207,3,9,0,4,0,0,0,0,0,0,2,1,2,2,47,8,1995,2,2,-1,1
201497GA70208,1,9,0,3,0,1,0,0,0,0,1,1,6,2,29,6,1149,1,12,-1,1
201497GA70208,2,9,0,3,0,1,0,0,0,0,2,1,6,2,37,7,1968,2,-1,-1,1
201497GA70302,1,9,0,18,0,1,0,0,0,0,3,1,6,1,40,7,1598,1,10,-1,1
201497GA70303,1,9,0,9,0,4,0,9,7,11,1,1,6,2,54,8,-1,-1,-1,-1,1
201497GA70306,1,11,0,5,0,0,0,0,0,0,4,1,1,1,48,8,7300,2,9,-1,1
201497GA70309,1,5,0,4,0,0,0,0,0,0,4,1,2,1,49,8,599,1,2,-1,1
201497GA70310,1,9,0,12,0,0,0,0,0,0,3,1,6,2,45,7,1149,1,-1,-1,1
201497GA70310,2,21,0,11,0,0,0,0,0,0,4,1,1,1,47,8,12580,2,9,-1,-1
201497GA70312,1,9,0,18,0,0,0,0,0,0,1,1,6,1,80,11,1390,1,10,-1,3
201497GA70312,2,9,0,18,0,0,0,0,0,0,2,1,6,1,54,8,1560,2,1,-1,-1
201497GA70402,1,9,0,9,0,1,0,0,0,0,1,1,6,1,32,6,1590,1,13,-1,1
201497GA70402,2,19,0,18,0,1,0,0,0,0,4,1,1,1,48,8,2198,2,1,-1,1
201497GA70403,1,9,0,18,0,0,1,0,0,7,2,1,1,2,53,8,1390,1,3,-1,1
201497GA70409,1,1,0,18,0,8,0,0,0,0,1,1,1,1,46,8,-1,-1,-1,-1,-1
201497GA70409,2,9,0,9,0,8,0,0,0,0,1,1,2,1,26,6,1149,1,11,-1,1
201497GA70410,1,9,0,17,0,0,1,0,0,6,1,1,6,1,23,5,1781,1,14,-1,1
201497GA70411,1,9,0,18,0,0,0,0,0,0,1,1,6,1,20,4,1198,1,1,-1,1
201497GA70411,2,9,0,18,0,0,0,0,0,0,2,1,2,2,53,8,1229,1,8,-1,1
201497GA70412,1,9,0,9,0,8,0,0,0,0,1,1,1,2,35,6,1390,1,3,-1,1
201497GA70412,2,9,0,18,0,8,0,0,0,0,1,1,2,2,49,8,1686,2,1,-1,1
201497GA70502,1,9,0,18,0,1,0,0,0,0,1,1,6,1,65,9,1598,1,8,-1,1
201497GA70502,2,9,0,18,0,1,0,0,0,0,4,1,6,1,37,7,1895,1,14,-1,1
201497GA70503,1,19,0,4,0,0,1,0,0,0,1,1,1,1,59,9,1997,1,4,-1,1
201497GA70503,2,9,0,4,0,0,1,0,4,6,2,1,6,2,18,4,1242,1,1,-1,1
201497GA70503,3,9,0,4,0,0,1,0,0,0,1,1,2,1,38,7,1590,1,9,-1,-1
201497GA70503,4,9,0,4,0,0,1,0,0,0,2,1,2,1,52,8,2199,2,2,-1,-1
201497GA70508,1,9,0,18,0,7,0,0,0,0,3,1,6,1,20,4,1997,2,1,-1,1
201497GA70508,2,9,0,18,0,7,0,0,0,7,1,1,6,1,38,7,2148,2,11,-1,1
201497GA70510,1,9,0,18,0,0,0,0,0,0,1,1,6,2,28,6,1679,1,13,-1,1
201497GA70510,2,9,0,4,0,0,0,0,0,0,2,1,2,2,44,7,1560,2,5,-1,1
201497GA70511,1,19,0,18,0,0,0,0,0,0,3,1,1,1,47,8,1995,2,4,-1,1
201497GA70511,2,19,0,3,0,0,0,0,0,0,1,1,1,1,38,7,2198,2,-1,-1,-1
201497GA70511,3,9,0,3,0,0,0,0,0,0,2,1,1,1,42,7,1396,1,15,-1,1
201497GA70512,1,9,0,18,0,0,0,0,0,0,1,1,1,2,26,6,1198,1,1,-1,-1
201497GA70601,1,9,0,18,0,0,0,0,0,0,1,1,6,2,35,6,1360,1,3,-1,1
201497GA70601,2,9,0,4,0,0,0,0,0,0,2,1,6,1,67,10,1798,1,13,-1,-1
201497GA70601,3,9,0,4,0,0,0,0,0,0,2,1,6,2,33,6,1390,1,11,-1,1
201497GA70603,1,9,0,16,0,0,1,0,4,6,1,1,6,1,25,5,1390,1,7,-1,2
201497GA70605,1,11,0,4,0,0,1,0,0,0,1,1,1,1,45,7,6700,2,5,-1,1
201497GA70605,2,9,0,3,0,0,0,0,0,0,2,1,6,1,18,4,1242,1,2,-1,1
201497GA70608,1,8,0,11,0,1,0,0,0,0,0,1,6,3,28,6,-1,-1,-1,-1,-1
201497GA70608,2,9,0,18,0,1,0,0,0,0,1,1,2,2,33,6,1461,2,5,-1,1
201497GA70608,3,9,0,18,0,1,5,10,4,0,2,1,2,2,46,8,1246,1,8,-1,1
201497GA70611,1,9,0,18,0,8,0,0,0,0,4,1,6,1,43,7,2290,1,6,-1,1
201497GA70611,2,9,0,18,0,8,0,0,0,0,1,1,6,2,59,9,2401,2,7,-1,1
201497GA70701,1,20,1,11,0,0,0,0,0,0,1,1,6,1,33,6,12777,2,7,-1,3
201497GA70701,2,9,0,18,0,0,0,0,0,0,3,1,1,1,41,7,1995,1,7,-1,1
201497GA70704,1,9,0,5,0,6,0,0,0,0,3,1,6,1,28,6,1390,1,12,-1,1
201497GA70704,2,1,0,18,0,1,0,0,0,0,1,1,2,1,42,7,-1,-1,-1,-1,1
201497GA70705,1,9,0,4,0,0,0,0,0,0,1,1,6,2,22,5,1388,1,10,-1,1
201497GA70705,2,9,0,4,0,0,0,0,0,0,2,1,6,1,39,7,1796,1,12,-1,1
201497GA70705,3,9,0,4,0,0,0,0,0,0,2,1,6,1,43,7,1461,2,-1,-1,1
201497GA70710,1,9,0,18,0,0,0,0,0,0,1,1,6,2,46,8,1242,1,3,-1,-1
201497GA70711,1,9,0,12,0,0,0,0,0,0,3,1,6,1,42,7,998,1,2,-1,-1
201497GA70711,2,9,0,18,0,0,0,0,0,0,4,1,2,1,37,7,1598,1,7,-1,1
201497GA70711,3,9,0,18,0,0,0,0,0,0,1,1,2,1,37,7,1995,2,2,-1,3
201497GA70711,4,21,1,4,0,0,0,0,0,0,2,1,1,1,20,4,12880,2,5,-1,3
201497GA70805,1,9,0,18,0,0,0,0,0,0,1,1,6,2,24,5,1229,1,7,-1,1
201497GA70805,2,9,0,18,0,0,0,0,0,0,2,1,6,2,36,7,1390,1,2,-1,1
201497GA70805,3,9,0,18,0,0,0,0,0,0,1,1,6,1,54,8,1968,2,-1,-1,2
201497GA70807,1,9,0,18,0,0,0,0,0,0,1,1,2,1,36,7,1968,2,3,-1,3
201497GA70807,2,9,0,4,0,0,0,0,0,0,2,1,2,2,43,7,1995,2,3,-1,1
201497GA70907,1,9,0,18,0,0,0,0,0,0,1,1,2,1,45,7,1598,1,4,-1,1
201497GA70907,2,9,0,18,0,0,0,0,0,0,2,1,2,1,30,6,1910,2,6,-1,1
201497GA70909,1,9,0,18,0,0,0,11,0,0,1,1,6,2,44,7,1086,1,7,-1,1
201497GA70909,2,9,0,3,0,0,0,0,0,0,2,1,6,1,69,10,1584,1,11,-1,1
201497GA70910,1,9,0,9,0,6,0,0,0,0,1,1,6,1,51,8,1598,1,13,-1,2
201497GA70910,2,9,0,18,0,8,0,0,0,0,1,1,6,1,48,8,1598,1,2,-1,1
201497GA71008,1,19,0,18,0,0,0,0,0,0,1,1,1,1,49,8,2198,2,1,-1,-1
201497GA71008,2,9,0,12,0,0,0,0,0,0,1,1,6,1,61,9,1390,1,13,-1,2
201497GA71008,3,8,0,4,0,0,0,0,0,0,2,1,1,1,58,9,1598,2,1,-1,-1
201497GA71008,4,9,0,3,0,0,0,0,0,0,2,1,2,1,61,9,1686,2,11,-1,-1
201497GA71010,1,9,0,4,0,0,0,0,0,0,2,1,2,2,25,5,1896,2,13,-1,1
201497GA71010,2,9,0,4,0,0,0,0,0,0,1,1,2,2,33,6,1396,1,12,-1,-1
201497GA71011,1,9,0,16,0,0,0,0,0,7,1,1,6,1,19,4,1794,1,12,-1,1
201497GA71108,1,9,0,9,0,1,0,0,0,4,1,1,6,1,60,9,1582,2,1,-1,1
201497GB02301,1,9,0,9,0,1,0,0,0,0,1,1,6,2,18,4,1799,1,8,-1,2
201497GB02301,2,9,0,18,0,1,0,0,0,0,1,1,6,1,47,8,1896,2,6,-1,2
201497GB20110,1,9,0,18,0,8,0,0,0,11,1,1,2,2,39,7,1498,1,5,-1,1
201497GB20110,2,9,0,18,0,8,0,0,0,0,4,1,2,1,37,7,1995,2,5,-1,1
201497GB20112,1,3,0,18,0,0,0,0,0,0,3,1,6,2,58,9,-1,-1,-1,-1,1
201497GB20112,2,4,0,18,0,0,2,0,0,0,1,1,6,1,30,6,125,1,3,-1,1
201497GB20202,1,9,0,5,0,6,0,0,0,0,1,1,6,1,23,5,998,1,6,-1,1
201497GB20202,2,9,0,18,0,8,1,0,6,4,1,1,6,2,47,8,1796,1,6,-1,1
201497GB20210,1,9,0,13,0,0,0,0,0,0,1,1,3,2,31,6,1242,1,4,-1,1
201497GB20210,2,19,0,4,0,0,0,0,0,0,3,1,2,1,19,4,1995,2,-1,-1,2
201497GB20304,1,9,0,7,0,8,0,0,0,0,3,1,2,1,19,4,1968,2,6,-1,2
201497GB20304,2,11,0,8,0,8,0,0,0,0,4,1,1,1,62,9,9360,2,7,-1,1
201497GB20402,1,9,0,18,0,2,0,0,0,0,1,1,6,2,34,6,1589,1,14,-1,1
201497GB20411,1,9,0,5,0,1,0,0,0,0,1,1,2,1,23,5,1599,1,6,-1,1
201497GB20411,2,1,0,18,4,1,0,4,0,0,3,1,2,2,50,8,-1,-1,-1,-1,1
201497GB20411,3,9,0,3,0,1,0,0,0,0,0,1,2,1,54,8,1968,2,3,-1,-1
201497GB20505,1,9,0,9,0,6,0,0,0,0,1,1,2,2,47,8,998,1,1,10,1
201497GB20505,2,9,0,17,0,1,0,0,0,0,1,1,3,2,46,8,2143,2,4,-1,3
201497GB20602,1,19,0,18,0,1,0,0,0,0,2,1,1,1,35,6,4461,2,2,-1,1
201497GB20602,2,9,0,4,0,1,1,0,0,0,2,1,6,2,61,9,-1,-1,-1,-1,-1
201497GB20605,1,5,0,17,9,0,1,0,7,11,1,1,6,1,14,3,-1,-1,-1,-1,1
201497GB20607,1,9,0,9,0,1,0,0,0,0,1,1,6,2,35,6,1240,1,11,-1,1
201497GB20607,2,9,0,18,0,1,0,0,0,0,1,1,6,1,48,8,1598,1,4,-1,1
201497GB20706,1,9,0,18,0,0,0,0,0,0,4,1,6,2,71,10,1490,1,5,-1,1
201497GB20707,1,9,0,18,0,0,0,4,0,0,1,1,2,1,27,6,1398,1,10,-1,1
201497GB20707,2,9,0,4,0,0,0,0,0,0,2,1,6,2,20,4,1598,1,4,-1,1
201497GB20707,3,9,0,3,0,0,0,0,0,0,2,1,2,1,48,8,1997,2,11,-1,1
201497GB20707,4,9,0,3,0,0,0,0,0,0,2,1,6,2,47,8,1598,1,1,-1,1
201497GB20802,1,9,0,18,0,3,0,0,0,0,1,1,6,2,64,9,1598,1,4,-1,1
201497GB20802,2,9,0,9,0,8,0,0,0,0,1,1,6,2,38,7,1248,2,8,-1,1
201497GB20803,1,9,0,18,0,0,0,0,0,0,4,1,6,2,63,9,796,1,5,-1,1
201497GB20804,1,9,0,5,0,8,0,0,0,0,1,1,6,1,19,4,1995,1,9,-1,3
201497GB20804,2,9,0,5,0,8,0,0,0,0,2,1,6,1,52,8,1598,1,4,-1,1
201497GB20810,1,9,0,5,0,8,0,0,0,0,2,1,1,1,52,8,2401,2,10,-1,1
201497GB20810,2,1,0,18,0,8,0,0,0,0,2,1,6,1,26,6,-1,-1,-1,-1,1
201497GB20811,1,9,0,18,0,0,0,0,0,0,1,1,6,1,22,5,1197,1,2,-1,1
201497GB20811,2,9,0,18,0,0,0,0,0,0,2,1,6,1,36,7,1461,2,2,-1,3
201497GB20903,1,19,0,9,0,6,0,0,0,0,3,1,1,1,62,9,2198,2,8,-1,1
201497GB20903,2,1,0,18,0,1,0,0,0,0,1,1,6,2,55,8,-1,-1,-1,-1,1
201497GB21003,1,9,0,18,0,1,0,0,0,0,1,1,6,2,81,11,1199,1,11,-1,1
201497GB21003,2,9,0,18,0,1,0,0,1,0,4,1,2,1,26,6,1598,1,1,-1,3
201497GB21107,1,8,0,15,0,8,0,0,0,0,4,1,6,1,34,6,1995,2,1,-1,3
201497GB21107,2,19,0,7,0,1,0,0,0,0,3,1,6,1,31,6,1753,2,11,-1,1
201497GB21108,1,9,0,18,0,1,0,0,0,0,1,1,6,1,18,4,1229,1,7,-1,1
201497GB21108,2,9,0,7,0,1,0,0,0,0,3,1,6,1,44,7,1339,1,2,-1,1
201497GB21108,3,9,0,18,0,1,0,0,0,0,1,1,6,3,56,9,1685,2,-1,-1,1
201497GB21203,1,9,0,18,0,1,0,0,0,0,1,1,6,2,40,7,1799,1,6,-1,-1
201497GB21203,2,9,0,18,0,5,0,0,0,0,2,1,6,1,29,6,1390,1,14,-1,1
201497GB21207,1,9,0,18,0,1,0,0,0,0,1,1,6,2,30,6,1997,1,10,-1,1
201497GB21207,2,9,0,5,0,8,0,0,0,0,4,1,6,1,55,8,1400,1,8,-1,1
201497GB21207,3,9,0,18,0,8,0,0,0,0,4,1,6,1,56,9,1968,2,2,-1,1
201497GB21208,1,9,0,9,0,6,0,0,0,0,1,1,6,1,35,6,1997,1,13,-1,1
201497GB21208,2,9,0,18,0,1,0,0,0,0,1,1,6,2,40,7,1968,2,3,-1,1
201497GB21305,1,9,0,4,0,1,0,0,0,0,1,1,6,2,19,4,999,1,6,-1,1
201497GB21305,2,9,0,10,0,1,0,0,0,0,2,1,6,2,61,9,1229,1,8,-1,1
201497GB21312,1,9,0,18,0,0,0,0,0,0,3,1,1,1,62,9,-1,-1,-1,-1,1
201497GB21401,1,9,0,5,0,4,0,0,0,0,1,1,2,1,48,8,-1,-1,-1,-1,1
201497GB21401,2,1,0,18,0,8,0,0,0,0,4,1,6,1,48,8,-1,-1,-1,-1,1
201497GB21409,1,9,0,18,0,0,0,0,0,0,1,1,6,1,32,6,1596,1,4,-1,1
201497GB21410,1,9,0,17,0,2,0,0,0,0,1,1,6,2,44,7,1061,1,9,-1,1
201497GB21410,2,19,0,18,0,1,0,0,0,0,1,1,6,1,31,6,1998,2,11,-1,1
201497GB21412,1,9,0,4,0,1,0,0,0,0,1,1,2,1,24,5,1560,2,9,-1,1
201497GB21412,2,9,0,5,0,1,0,0,0,0,2,1,6,1,56,9,1997,2,5,-1,1
201497GB21502,1,20,0,18,0,4,0,0,0,0,1,1,6,1,21,5,-1,-1,-1,-1,1
201497GB21502,2,1,0,18,0,8,0,0,0,0,3,1,6,1,31,6,-1,-1,-1,-1,1
201497GB21510,1,9,0,4,0,1,0,0,0,0,1,1,6,1,40,7,1248,2,7,-1,1
201497GB21510,2,8,0,4,0,1,0,0,0,0,2,1,1,1,42,7,1582,2,3,-1,1
201497GB21607,1,9,0,18,0,1,0,0,0,0,1,1,6,1,77,11,1198,1,2,-1,1
201497GB21607,2,9,0,10,0,1,0,0,0,0,2,1,6,2,27,6,1364,1,7,-1,1
201497GB21610,1,90,0,1,0,0,0,0,0,0,2,1,1,1,51,8,2970,2,-1,-1,1
201497GB21610,2,1,0,18,0,0,0,0,0,0,1,1,6,1,58,9,-1,-1,-1,-1,1
201497GB21708,1,9,0,18,0,8,0,0,0,0,3,1,6,1,28,6,1985,1,12,-1,1
201497GB21708,2,9,0,18,0,1,0,0,0,0,3,1,6,2,30,6,2902,2,9,-1,-1
201497GB21709,1,9,0,3,0,1,0,0,0,0,1,1,6,1,18,4,899,1,1,-1,1
201497GB21801,1,9,0,9,0,1,0,0,0,0,4,1,6,2,42,7,1368,1,6,-1,1
201497GB21801,2,9,0,18,0,1,0,0,0,0,1,1,6,1,39,7,1498,1,7,-1,1
201497GB21802,1,11,0,5,0,0,0,0,0,0,3,1,1,1,36,7,12600,2,12,-1,1
201497GB21803,1,9,0,4,0,1,0,0,0,0,4,1,6,1,50,8,-1,-1,-1,-1,-1
201497GB21803,2,1,0,4,9,1,0,0,0,0,1,1,6,1,39,7,-1,-1,-1,-1,1
201497GB21804,1,9,0,2,0,0,0,0,0,0,3,1,6,1,45,7,1390,1,11,-1,1
201497GB21804,2,1,0,14,0,0,0,0,0,0,1,1,6,1,12,3,-1,-1,-1,-1,1
201497GB21806,1,9,0,18,0,8,0,0,0,0,1,1,6,2,54,8,1839,1,9,-1,3
201497GB21806,2,9,0,3,0,8,0,0,0,0,4,1,6,1,49,8,1995,2,1,-1,1
201497GB21806,3,9,0,5,0,8,0,0,0,0,3,1,6,2,21,5,1149,1,3,-1,1
201497GB21808,1,9,0,18,0,0,5,0,1,11,1,1,1,1,28,6,1149,1,12,-1,1
201497GB21809,1,9,0,7,0,1,0,0,0,0,4,1,6,3,35,6,-1,-1,-1,-1,-1
201497GB21809,2,1,0,16,0,1,0,0,0,0,1,1,6,1,55,8,-1,-1,-1,-1,1
201497GB21811,1,9,0,5,0,2,0,0,0,0,3,1,2,2,60,9,1339,1,8,-1,1
201497GB21907,1,9,0,8,0,1,0,0,0,0,1,1,6,2,29,6,1995,2,4,-1,1
201497GB21907,2,9,0,8,0,1,0,0,0,0,2,1,6,2,24,5,998,1,2,-1,-1
201497GB21910,1,9,0,5,0,8,0,0,0,0,1,1,2,2,37,7,1299,1,10,-1,1
201497GB21912,1,9,0,3,0,0,1,0,1,11,4,1,6,2,55,8,1600,2,4,-1,1
201497GB22011,1,9,0,8,0,1,0,0,0,0,1,1,3,2,50,8,2143,2,4,-1,1
201497GB22011,2,9,0,18,0,1,0,0,0,0,1,1,2,2,44,7,1390,1,11,-1,1
201497GB22104,1,9,0,13,0,0,5,0,2,11,4,1,6,1,65,9,-1,-1,-1,-1,-1
201497GB22104,2,10,4,18,0,0,0,0,0,0,3,1,6,1,45,7,-1,-1,-1,-1,-1
201497GB22105,1,9,0,4,0,0,0,0,0,0,1,1,6,1,19,4,-1,-1,-1,-1,1
201497GB22205,1,9,0,18,0,1,0,0,0,0,2,1,6,1,28,6,1798,1,6,-1,-1
201497GB22205,2,9,0,18,0,1,0,0,0,0,1,1,6,1,29,6,1968,2,2,-1,3
201497GB22305,1,9,0,13,9,0,1,0,5,11,3,1,1,2,45,7,1951,2,8,-1,1
201497GB22305,2,9,0,17,0,0,1,0,4,0,2,1,2,1,48,8,1798,1,4,-1,1
201497GB22305,3,9,0,4,0,0,0,0,0,0,2,1,2,2,41,7,998,1,1,-1,1
201497GB22305,4,5,0,12,9,0,0,0,1,0,1,1,2,1,42,7,680,1,1,-1,-1
201497GB22305,5,9,0,4,0,0,1,0,0,0,1,1,2,2,32,6,1598,1,6,-1,-1
201497GB22305,6,9,0,15,0,0,0,0,0,0,4,1,2,1,59,9,1999,1,6,-1,1
201497GB22305,7,9,0,18,0,0,0,0,0,0,1,1,2,1,41,7,998,1,1,-1,1
201497GB22306,1,9,0,4,0,2,0,0,0,0,3,1,6,2,45,7,1242,1,5,-1,1
201497GB22310,1,9,0,18,0,1,0,0,0,0,1,1,6,1,31,6,1995,2,4,-1,1
201497GB22310,2,9,0,2,0,1,0,0,0,0,2,1,6,1,45,7,1598,1,14,-1,1
201497GB22311,1,9,0,4,0,2,0,0,0,0,1,1,6,2,37,7,1968,2,6,-1,3
201497GB22311,2,9,0,4,0,2,0,0,0,0,2,1,1,2,46,8,1399,2,2,-1,1
201497GB22311,3,9,0,9,0,2,0,0,0,0,0,1,1,2,35,6,2199,2,2,-1,3
201497GB22401,1,9,0,9,0,5,0,0,0,0,1,1,6,1,27,6,1968,2,3,-1,1
201497GB22401,2,1,0,18,0,1,0,0,0,0,1,1,6,1,44,7,-1,-1,-1,-1,1
201497GB22404,1,9,0,5,0,1,0,0,0,0,1,1,1,1,26,6,1968,2,6,-1,1
201497GB22405,1,9,0,3,0,4,0,0,0,0,1,1,2,2,24,5,1598,1,2,-1,1
201497GB22405,2,9,0,7,0,3,0,0,0,0,4,1,2,2,25,5,1229,1,2,-1,1
201497GB22410,1,9,0,15,0,0,0,0,0,0,1,1,6,1,25,5,1390,1,8,-1,1
201497GB22410,2,1,0,18,0,0,0,0,0,0,1,1,2,1,47,8,-1,-1,-1,-1,1
201497GB22504,1,9,0,3,0,2,0,0,0,0,1,1,2,1,38,7,2204,2,8,-1,1
201497GB22504,2,9,0,3,0,2,0,0,0,0,2,1,2,2,41,7,1598,1,2,-1,1
201497GB22605,1,9,0,9,0,6,0,0,0,0,1,1,2,1,35,6,2967,2,7,-1,1
201497GB22605,2,9,0,14,0,1,0,0,0,0,4,1,6,2,76,11,1396,1,10,-1,1
201497GB22609,1,9,0,4,0,0,0,0,0,0,1,1,6,2,20,4,1598,1,3,-1,1
201497GB22609,2,9,0,3,0,0,0,0,0,0,2,1,6,1,61,9,1968,2,2,-1,1
201497GB22611,1,9,0,18,0,0,0,0,0,0,3,1,6,1,30,6,-1,-1,-1,-1,-1
201497GB22801,1,9,0,1,9,1,0,0,0,0,2,1,6,3,35,6,2993,2,3,-1,-1
201497GB22905,1,11,0,13,0,2,0,0,0,0,4,1,1,1,54,8,7300,2,9,-1,1
201497GB22905,2,9,0,18,0,2,0,0,0,0,3,1,6,2,54,8,1198,1,4,-1,1
201497GB22909,1,3,0,18,0,0,1,10,0,0,1,1,2,1,22,5,124,1,1,-1,1
201497GB23009,1,9,0,16,0,4,0,0,0,0,3,1,6,3,44,7,-1,-1,-1,-1,-1
201497GB23009,2,1,0,17,0,3,0,0,0,0,4,1,1,2,43,7,-1,-1,-1,-1,1
201497GB70102,1,9,0,18,0,1,0,0,0,0,1,1,2,1,27,6,2497,2,8,-1,1
201497GB70103,1,9,0,18,0,6,0,0,0,0,1,1,6,1,32,6,-1,-1,-1,-1,1
201497GB70103,2,9,0,18,0,2,0,0,0,0,1,1,6,1,45,7,1794,1,12,-1,1
201497GB70109,1,1,0,18,0,0,0,0,0,0,4,1,6,1,11,3,-1,-1,-1,-1,1
201497GB70109,2,9,0,4,0,0,0,0,0,0,1,1,2,2,19,4,1240,1,6,-1,1
201497GB70110,1,9,0,18,0,0,1,0,4,0,1,1,1,1,69,10,2982,2,-1,-1,3
201497GB70110,2,9,0,18,0,0,0,0,0,0,2,1,6,2,18,4,1242,1,-1,-1,1
201497GB70111,1,9,0,5,0,2,0,0,0,0,1,1,6,1,44,7,1598,1,15,-1,2
201497GB70111,2,9,0,18,0,1,0,0,0,0,4,1,6,1,58,9,1389,1,10,-1,1
201497GB70112,1,9,0,18,0,0,0,0,0,0,1,1,6,2,53,8,1598,2,-1,-1,1
201497GB70201,1,9,0,11,0,1,0,0,0,0,1,1,6,2,18,4,1198,1,2,-1,-1