Accident_Index,Vehicle_Reference,Vehicle_Type,Towing_and_Articulation,Vehicle_Manoeuvre,Vehicle_Location-Restricted_Lane,Junction_Location,Skidding_and_Overturning,Hit_Object_in_Carriageway,Vehicle_Leaving_Carriageway,Hit_Object_off_Carriageway,1st_Point_of_Impact,Was_Vehicle_Left_Hand_Drive?,Journey_Purpose_of_Driver,Sex_of_Driver,Age_of_Driver,Age_Band_of_Driver,Engine_Capacity_(CC),Propulsion_Code,Age_of_Vehicle,Driver_IMD_Decile,Driver_Home_Area_Type
201497GD70206,4,9,0,2,6,0,0,0,0,0,3,1,6,2,50,8,998,1,4,-1,1
201497GD70206,5,9,0,2,0,0,0,0,0,0,2,1,6,2,56,9,1598,1,2,-1,1
201497GD70206,6,9,0,2,0,0,0,0,0,0,2,1,6,2,24,5,1596,1,13,-1,1
201497GD70211,1,9,0,18,0,0,0,0,0,0,1,1,1,1,46,8,1753,2,7,-1,1
201497GE00101,1,9,0,4,0,2,1,0,0,0,1,1,6,1,34,6,1796,1,8,-1,1
201497GE00101,2,9,0,4,0,2,0,0,0,0,2,1,1,1,40,7,-1,-1,-1,-1,1
201497GE00102,1,9,0,9,0,1,0,0,0,0,1,1,6,1,29,6,1600,1,15,-1,1
201497GE00102,2,1,0,18,0,1,0,0,0,0,4,1,2,2,33,6,-1,-1,-1,-1,1
201497GE00104,1,8,0,4,0,1,0,0,0,0,1,1,1,1,32,6,1896,2,7,-1,1
201497GE00104,2,9,0,4,0,1,0,0,0,0,2,1,1,1,26,6,-1,-1,-1,-1,1
201497GE00108,1,9,0,18,0,1,0,0,0,0,1,1,6,3,35,6,-1,-1,-1,-1,-1
201497GE00108,2,9,0,5,0,1,0,0,0,0,2,1,6,1,57,9,1997,1,12,-1,1
201497GE00109,1,9,0,18,0,0,0,0,0,0,1,1,2,2,35,6,1360,1,10,-1,1
201497GE00109,2,9,0,2,0,0,0,0,7,2,2,1,1,1,31,6,-1,-1,-1,-1,1
201497GE00111,1,9,0,9,0,6,0,0,0,0,4,1,6,2,79,11,999,1,2,-1,1
201497GE00111,2,9,0,18,0,1,1,0,0,0,3,1,6,2,44,7,1998,2,7,-1,1
201497GE00201,1,9,0,18,0,0,0,0,0,0,1,1,2,2,45,7,1968,2,5,-1,-1
201497GE00201,2,9,0,10,0,0,0,0,0,0,2,1,1,2,38,7,1199,2,1,-1,1
201497GE00203,1,9,0,18,0,6,0,0,0,0,1,1,6,2,52,8,1296,1,6,-1,1
201497GE00203,2,21,0,18,0,1,0,0,0,0,3,1,1,1,51,8,-1,-1,-1,-1,1
201497GE00208,1,19,0,17,0,8,0,0,0,0,1,1,1,1,43,7,1753,2,1,-1,1
201497GE00208,2,1,0,18,0,8,0,0,0,0,4,1,6,2,37,7,-1,-1,-1,-1,1
201497GE00211,1,9,0,9,0,8,0,0,0,0,3,1,6,2,28,6,1390,1,19,-1,1
201497GE00211,2,9,0,18,0,8,0,0,0,0,1,1,6,2,49,8,1398,2,11,-1,-1
201497GE00301,1,9,0,9,0,8,0,0,0,0,1,1,6,1,46,8,1753,2,4,-1,1
201497GE00301,2,9,0,18,0,8,0,0,0,0,3,1,1,1,41,7,1956,2,1,-1,1
201497GE00304,1,9,0,18,0,1,0,0,0,0,1,1,6,1,60,9,1598,1,8,-1,1
201497GE00304,2,1,0,9,0,1,0,0,0,0,2,1,6,1,24,5,-1,-1,-1,-1,1
201497GE00310,1,9,0,18,0,1,0,0,0,0,3,1,2,1,32,6,1242,1,7,-1,1
201497GE00401,1,9,0,18,0,0,0,0,0,0,1,1,2,1,60,9,1360,1,7,-1,1
201497GE00410,1,11,0,18,0,0,0,0,0,0,0,1,1,1,24,5,3900,2,11,-1,-1
201497GE00411,1,9,0,5,0,8,0,0,0,0,1,1,2,2,49,8,1198,1,12,-1,1
201497GE00411,2,9,0,18,0,8,0,0,4,0,4,1,3,2,31,6,1796,1,6,-1,1
201497GE00502,1,9,0,1,0,1,0,0,0,0,2,1,6,1,48,8,1560,2,2,-1,1
201497GE00512,1,9,0,18,0,1,0,0,0,0,1,1,6,2,45,7,998,1,5,-1,-1
201497GE00512,2,9,0,10,0,1,0,0,0,0,2,1,3,2,32,6,1149,1,11,-1,1
201497GE00602,1,9,0,4,0,1,0,0,0,0,4,1,6,1,20,4,-1,-1,-1,-1,-1
201497GE00701,1,9,0,18,0,1,0,0,0,0,2,1,6,1,21,5,1598,1,2,-1,1
201497GE00701,2,9,0,4,0,2,0,0,0,0,2,1,6,1,47,8,1560,2,2,-1,1
201497GE00707,1,9,0,13,0,0,0,0,0,0,1,1,6,1,23,5,1796,1,7,-1,1
201497GE00707,2,9,0,6,0,0,0,0,0,0,0,1,6,1,43,7,1398,2,3,-1,3
201497GE00707,3,9,0,2,0,0,0,0,1,0,2,1,6,3,20,4,1598,1,8,-1,-1
201497GE00707,4,9,0,2,0,0,0,0,1,0,3,1,6,3,30,6,1968,2,2,-1,-1
201497GE00707,5,9,0,2,0,0,0,0,0,0,1,1,6,3,30,6,1198,1,7,-1,-1
201497GE00707,6,9,0,2,0,0,0,0,0,0,1,1,6,3,30,6,1896,2,7,-1,-1
201497GE00709,1,9,0,18,0,8,0,0,0,0,4,1,6,1,20,4,998,1,2,-1,-1
201497GE00709,2,9,0,18,0,8,0,0,0,0,1,1,6,1,33,6,1997,2,12,-1,1
201497GE00710,1,8,0,18,0,0,0,0,0,0,1,1,1,1,63,9,-1,-1,-1,-1,1
201497GE00710,2,19,0,2,0,0,0,0,0,0,2,1,1,1,53,8,-1,-1,-1,-1,1
201497GE00803,1,9,0,18,0,1,0,0,0,0,1,1,6,1,41,7,1968,2,4,-1,1
201497GE00803,2,9,0,18,0,1,0,0,0,0,2,1,6,2,55,8,1390,1,7,-1,1
201497GE00803,3,9,0,18,0,1,0,0,0,0,2,1,6,2,31,6,1242,1,4,-1,1
201497GE00809,1,9,0,18,0,1,0,7,0,0,4,1,3,2,46,8,1242,1,17,-1,-1
201497GE00809,2,9,0,18,0,1,0,10,0,0,1,1,1,2,32,6,1197,1,3,-1,1
201497GE00910,1,9,0,15,0,2,0,0,0,0,1,1,6,1,19,4,1390,1,10,-1,1
201497GE01001,1,9,0,18,0,1,0,0,0,0,2,1,6,2,25,5,1242,1,5,-1,1
201497GE01001,2,9,0,4,0,1,0,0,0,0,2,1,6,2,44,7,1596,1,8,-1,1
201497GE01004,1,1,0,5,0,5,0,0,0,0,2,1,6,2,29,6,-1,-1,-1,-1,1
201497GE01004,2,90,1,9,0,2,1,0,0,0,4,1,1,1,50,8,-1,-1,-1,-1,-1
201497GE01011,1,9,0,9,0,6,0,0,0,0,1,1,6,1,28,6,1995,2,10,-1,-1
201497GE01011,2,9,0,18,0,1,0,0,0,0,1,1,6,1,86,11,1332,1,14,-1,1
201497GE01011,3,9,0,3,0,1,0,0,0,0,0,1,6,3,30,6,999,1,15,-1,1
201497GE01105,1,9,0,6,0,0,0,0,0,0,3,1,6,1,20,4,1199,1,11,-1,1
201497GE01105,2,3,0,18,0,0,1,0,0,0,1,1,6,2,18,4,125,1,7,-1,1
201497GE01108,1,9,0,9,0,8,0,0,0,0,3,1,1,2,56,9,1600,1,10,-1,1
201497GE01108,2,9,0,18,0,8,0,7,0,0,4,1,1,1,34,6,1986,2,5,-1,1
201497GE01109,1,9,0,7,0,1,0,0,0,0,4,1,6,1,26,6,-1,-1,-1,-1,-1
201497GE01109,2,1,0,18,0,1,0,0,0,0,1,1,6,1,25,5,-1,-1,-1,-1,1
201497GE01112,1,9,0,18,0,1,0,0,0,0,1,1,6,1,56,9,998,1,3,-1,1
201497GE01112,2,9,0,18,0,2,0,0,0,0,4,1,6,1,17,4,1390,1,4,-1,3
201497GE01209,1,9,0,4,0,0,0,0,0,0,1,1,2,2,23,5,1598,1,8,-1,1
201497GE01209,2,9,0,18,0,0,0,0,0,0,2,1,2,1,22,5,1242,1,-1,-1,1
201497GE01209,3,9,0,3,0,0,0,0,0,0,2,1,6,2,52,8,1560,2,3,-1,1
201497GE01209,4,9,0,3,0,0,0,0,0,0,2,1,6,1,32,6,1910,2,8,-1,1
201497GE01210,1,9,0,18,0,8,0,0,0,0,1,1,6,2,35,6,1198,1,-1,-1,-1
201497GE01210,2,1,0,18,0,8,0,0,0,0,2,1,6,1,54,8,-1,-1,-1,-1,1
201497GE01212,1,9,0,5,0,1,0,0,0,0,1,1,6,1,72,10,-1,-1,-1,-1,1
201497GE01212,2,9,0,3,0,1,0,0,0,0,2,1,6,1,53,8,1998,1,4,-1,1
201497GE01212,3,9,0,3,0,1,0,0,0,0,1,1,6,1,33,6,1896,2,5,-1,1
201497GE01212,4,9,0,3,0,1,0,0,0,0,2,1,6,1,65,9,1598,2,4,-1,1
201497GE01301,1,9,0,18,0,0,0,0,0,0,1,1,6,2,31,6,1242,1,12,-1,1
201497GE01304,1,9,0,18,0,0,0,0,0,0,3,1,6,2,41,7,2204,2,8,-1,1
201497GE01309,1,9,0,18,0,2,0,4,0,0,1,1,6,1,39,7,1995,2,8,-1,1
201497GE01309,2,9,0,2,0,1,0,4,0,0,3,1,6,3,40,7,1598,1,10,-1,-1
201497GE01309,3,9,0,2,0,1,0,4,0,0,2,1,6,3,50,8,998,1,9,-1,-1
201497GE01309,4,9,0,2,0,1,0,0,0,0,2,1,6,3,30,6,-1,-1,-1,-1,-1
201497GE01310,1,9,0,5,0,0,0,0,0,0,1,1,6,1,27,6,1968,2,5,-1,1
201497GE01310,2,9,0,18,0,0,0,0,0,0,1,1,6,2,20,4,1968,2,5,-1,1
201497GE01312,1,19,0,9,0,5,0,0,0,0,4,1,1,1,25,5,-1,-1,-1,-1,-1
201497GE01312,2,8,0,18,0,1,0,0,0,0,1,1,1,1,41,7,2499,2,5,-1,1
201497GE01404,1,9,0,5,0,0,0,0,0,0,2,1,6,1,28,6,-1,-1,-1,-1,-1
201497GE01406,1,9,0,5,0,6,0,0,0,0,3,1,6,1,29,6,1598,1,12,-1,1
201497GE01406,2,9,0,18,0,1,0,0,0,0,1,1,6,2,44,7,1124,1,14,-1,1
201497GE01411,1,9,0,5,0,0,0,0,0,0,1,1,6,1,21,5,1984,1,7,-1,1
201497GE01411,2,9,0,3,0,0,0,0,0,0,2,1,6,1,35,6,1995,2,7,-1,1
201497GE01605,1,9,0,18,0,8,0,0,0,0,1,1,6,1,37,7,2171,1,11,-1,-1
201497GE01605,2,9,0,9,0,8,0,0,0,0,1,1,6,2,35,6,1590,1,9,-1,1
201497GE01610,1,9,0,16,0,2,0,0,0,0,3,1,6,1,35,6,1998,2,9,-1,1
201497GE01612,1,9,0,17,0,0,0,0,0,0,3,1,6,1,60,9,998,1,2,-1,1
201497GE01612,2,9,0,18,0,0,0,0,0,0,3,1,2,1,55,8,1368,1,4,-1,1
201497GE01612,3,9,0,17,0,0,0,4,0,0,3,1,2,1,53,8,1396,1,4,-1,1
201497GE01612,4,9,0,2,0,0,0,0,0,0,3,1,6,3,35,6,1149,1,6,-1,-1
201497GE01703,1,9,0,18,0,0,0,0,0,0,1,1,6,2,45,7,1796,1,6,-1,1
201497GE01703,2,9,0,9,0,0,0,0,0,0,3,1,6,2,51,8,-1,-1,-1,-1,1
201497GE01708,1,9,0,13,2,2,0,0,0,0,0,1,1,1,32,6,-1,-1,-1,-1,1
201497GE01708,2,1,0,13,0,2,0,0,0,0,3,1,1,1,51,8,-1,-1,-1,-1,1
201497GE01708,3,9,0,18,0,2,0,0,0,0,2,1,2,1,57,9,1124,1,11,-1,1
201497GE01712,1,9,0,1,0,0,0,0,0,0,2,1,6,1,28,6,-1,-1,-1,-1,-1
201497GE01801,1,8,0,4,0,0,0,0,0,0,1,1,1,1,59,9,2499,2,5,-1,1
201497GE01801,2,9,0,4,0,0,0,0,0,0,2,1,6,1,31,6,1896,2,11,-1,1
201497GE01809,1,2,0,18,0,1,0,0,0,0,3,1,6,3,30,6,-1,-1,-1,-1,-1
201497GE01809,2,9,0,18,0,1,0,0,0,0,1,1,6,2,18,4,1248,2,5,-1,-1
201497GE01903,1,9,0,4,0,0,0,0,0,0,1,1,6,2,32,6,1997,2,-1,-1,1
201497GE01903,2,9,0,4,0,0,0,0,0,0,2,1,6,1,26,6,1896,2,6,-1,1
201497GE01903,3,9,0,4,0,0,0,0,0,0,2,1,6,2,48,8,1598,1,-1,-1,1
201497GE01903,4,9,0,3,0,0,0,0,0,0,2,1,6,1,23,5,1149,1,8,-1,1
201497GE01904,1,9,0,5,0,1,0,0,0,0,0,1,6,3,25,5,-1,-1,-1,-1,-1
201497GE01904,2,9,0,18,0,1,0,0,0,0,0,1,1,1,52,8,-1,-1,-1,-1,1
201497GE01906,1,19,0,18,0,1,1,0,0,0,3,1,1,1,37,7,2402,2,9,-1,1
201497GE01906,2,19,0,18,0,1,1,0,0,0,1,1,1,1,40,7,2198,2,4,-1,-1
201497GE01912,1,90,0,18,0,0,0,0,0,0,3,1,6,3,35,6,-1,-1,-1,-1,-1
201497GE02006,1,9,0,3,0,0,0,0,0,0,1,1,2,1,41,7,1910,2,7,-1,-1
201497GE02006,2,9,0,3,0,0,0,0,0,0,2,1,1,2,47,8,998,1,3,-1,1
201497GE02009,1,19,0,18,0,0,0,0,0,0,4,1,1,1,44,7,2143,2,1,-1,1
201497GE02101,1,8,0,18,0,0,0,0,0,0,4,1,6,1,40,7,-1,-1,-1,-1,1
201497GE02105,1,9,0,14,0,0,0,0,0,0,1,1,6,2,25,5,1598,1,4,-1,1
201497GE02108,1,9,0,10,0,0,0,0,0,0,3,1,2,1,40,7,2179,2,3,-1,1
201497GE02207,1,9,0,2,0,0,0,0,0,0,3,1,6,1,64,9,1968,2,-1,-1,1
201497GE02207,2,9,0,18,0,0,0,0,0,0,4,1,6,2,38,7,1560,2,2,-1,1
201497GE02210,1,9,0,9,0,8,0,0,0,0,3,1,6,1,65,9,1198,1,3,-1,1
201497GE02210,2,4,0,4,0,1,1,0,0,0,3,1,6,1,59,9,125,1,2,-1,-1
201497GE02212,1,9,0,4,0,0,0,0,0,0,1,1,6,1,21,5,1598,2,1,5,1
201497GE02307,1,9,0,18,9,0,0,0,0,11,1,1,6,2,38,7,1796,1,10,-1,1
201497GE02308,1,9,0,18,0,0,0,0,0,0,4,1,6,1,24,5,1995,2,9,-1,1
201497GE02405,1,9,0,9,0,8,0,0,0,0,1,1,6,1,57,9,1686,2,13,-1,1
201497GE02405,2,9,0,18,0,8,0,0,0,0,1,1,6,1,49,8,1598,2,3,-1,1
201497GE02408,1,9,0,18,0,8,0,0,0,0,3,1,6,2,25,5,1248,1,3,-1,1
201497GE02408,2,8,0,18,0,8,0,0,0,0,4,1,6,1,56,9,1896,2,6,-1,1
201497GE02503,1,9,0,17,0,0,0,0,0,0,0,1,6,3,40,7,-1,-1,-1,-1,-1
201497GE02606,1,9,0,9,0,6,0,0,0,0,1,1,6,1,20,4,1240,1,11,-1,1
201497GE02606,2,9,0,18,0,1,0,0,0,0,2,1,6,1,46,8,1896,2,14,-1,1
201497GE02611,1,9,0,18,0,8,0,0,0,0,1,1,2,1,43,7,1360,1,8,-1,2
201497GE02611,2,9,0,18,0,8,0,0,0,0,4,1,2,1,47,8,2967,2,1,-1,1
201497GE02705,1,9,0,11,2,1,0,0,0,0,1,1,2,1,45,7,-1,-1,-1,-1,1
201497GE02705,2,1,0,18,2,1,0,0,0,0,1,1,2,1,39,7,-1,-1,-1,-1,1
201497GE02708,1,5,0,18,0,2,1,0,0,0,1,1,6,1,38,7,599,1,16,-1,1
201497GE02708,2,3,0,18,0,2,0,0,0,0,1,1,6,1,17,4,124,1,6,-1,1
201497GE02808,1,8,0,18,0,0,1,4,0,0,1,1,1,1,66,10,1796,1,2,-1,1
201497GE02808,2,9,0,2,0,0,0,0,0,0,2,1,6,3,50,8,2143,2,1,-1,-1
201497GE02808,3,9,0,2,0,0,0,0,0,0,1,1,6,3,50,8,1910,2,6,-1,-1
201497GE02908,1,9,0,9,0,6,0,0,0,0,1,1,6,2,31,6,3456,8,2,-1,1
201497GE02908,2,9,0,18,0,8,0,0,1,0,1,1,6,2,52,8,998,1,9,-1,1
201497GE02911,1,9,0,9,0,6,0,0,0,0,1,1,6,1,31,6,2143,2,1,-1,-1
201497GE03006,1,9,0,18,0,8,1,0,0,0,1,1,6,1,36,7,2387,2,7,-1,1
201497GE03006,2,9,0,18,0,8,1,0,0,0,4,1,1,1,58,9,-1,-1,-1,-1,1
201497GE03108,1,9,0,6,0,0,0,0,0,0,3,1,6,2,36,7,3200,2,10,-1,1
201497GE03108,2,1,0,4,0,0,1,0,0,0,1,1,6,1,43,7,-1,-1,-1,-1,-1
201497GE03202,1,9,0,18,0,2,0,0,0,0,1,1,6,1,40,7,-1,-1,-1,-1,-1
201497GE03202,2,1,0,4,0,2,0,0,0,0,1,1,6,2,29,6,-1,-1,-1,-1,1
201497GE03306,1,9,0,18,0,8,0,0,0,0,1,1,6,3,30,6,-1,-1,-1,-1,-1
201497GE03306,2,9,0,10,0,1,0,0,0,0,2,1,6,2,78,11,1124,1,11,-1,1
201497GE03308,1,1,0,18,0,1,0,0,0,0,1,1,6,1,9,2,-1,-1,-1,-1,1
201497GE03308,2,9,0,4,0,1,0,0,0,0,3,1,1,1,25,5,1124,1,27,-1,1
201497GE03310,1,9,0,18,0,8,0,0,0,0,1,1,6,3,24,5,1598,1,3,-1,-1
201497GE03411,1,9,0,18,0,0,0,0,0,0,1,1,6,1,79,11,1248,1,-1,-1,1
201497GE03507,1,11,0,4,0,0,0,0,0,0,0,1,6,1,35,6,9360,2,7,-1,1
201497GE03611,1,9,0,18,0,1,0,0,0,0,4,1,6,1,26,6,1582,2,-1,-1,1
201497GE03611,2,9,0,18,0,1,0,0,0,0,1,1,6,1,21,5,1686,2,9,-1,1
201497GE03808,1,9,0,18,0,2,0,0,0,0,3,1,6,1,68,10,1339,1,1,-1,2
201497GE04208,1,1,0,18,0,8,0,4,0,0,1,1,6,1,47,8,-1,-1,-1,-1,1
201497GE04208,2,9,0,2,0,2,0,0,0,0,3,1,6,3,30,6,1560,2,-1,-1,-1
201497GE04408,1,9,0,18,0,1,0,0,0,0,1,1,1,1,56,9,1242,1,4,-1,1
201497GE04708,1,9,0,18,0,0,0,0,0,0,1,1,6,1,30,6,1598,1,8,-1,1
201497GE04708,2,9,0,18,0,0,0,0,0,0,2,1,6,2,40,7,1796,1,10,-1,3
201497GE70103,1,11,0,18,2,0,0,0,0,0,0,1,1,1,62,9,6700,2,3,-1,1
201497GE70106,1,9,0,3,0,0,0,0,0,0,1,1,6,2,26,6,1956,2,-1,-1,1
201497GE70106,2,9,0,3,0,0,0,0,0,0,2,1,6,1,43,7,2720,2,8,-1,-1
201497GE70107,1,9,0,18,0,1,0,0,0,0,1,1,6,1,59,9,1598,1,11,-1,1
201497GE70107,2,9,0,18,0,1,0,0,0,0,2,2,6,2,46,8,1798,1,2,-1,1
201497GE70107,3,9,0,18,0,2,0,0,0,0,2,1,6,1,58,9,1798,1,2,-1,1
201497GE70202,1,19,0,18,0,0,0,0,0,0,1,1,1,1,32,6,-1,-1,-1,-1,1
201497GE70202,2,1,0,18,0,0,0,0,0,0,4,1,6,1,17,4,-1,-1,-1,-1,1
201497GE70203,1,9,0,18,0,0,0,0,1,0,2,1,6,1,18,4,1199,1,12,-1,1
201497GE70203,2,9,0,18,0,0,0,0,0,0,1,1,6,1,24,5,1665,2,17,8,1
201497GE70203,3,9,0,18,0,0,0,0,0,0,1,1,6,1,47,8,1242,1,10,-1,1
201497GE70204,1,9,0,18,0,8,0,0,0,0,4,1,6,1,49,8,1198,1,10,-1,1
201497GE70204,2,9,0,18,0,8,0,0,0,0,1,1,6,1,24,5,1149,1,2,-1,1
201497GE70210,1,9,0,18,0,5,0,0,0,0,4,1,6,1,51,8,1685,2,1,-1,-1
201497GE70212,1,9,0,5,0,8,0,0,0,0,1,1,1,1,36,7,1995,2,3,-1,1
201497GE70302,1,9,0,4,0,0,0,0,0,0,1,1,6,1,29,6,1598,1,4,-1,1
201497GE70302,2,9,0,4,0,0,0,0,0,0,2,1,6,2,22,5,996,1,5,-1,-1
201497GE70303,1,9,0,14,0,1,1,0,0,0,3,1,3,1,63,9,2254,1,16,-1,1
201497GE70304,1,9,0,18,0,1,0,0,0,0,4,1,6,2,27,6,2204,2,8,-1,1
201497GE70304,2,1,0,18,0,1,0,0,0,0,1,1,6,1,28,6,-1,-1,-1,-1,1
201497GE70305,1,9,0,18,0,0,0,0,0,0,1,1,6,2,25,5,1900,2,9,-1,1
201497GE70305,2,9,0,2,0,0,0,0,0,0,0,1,6,2,35,6,1796,1,6,-1,1
201497GE70305,3,9,0,2,0,0,0,0,0,0,0,1,1,1,35,6,-1,-1,-1,-1,1
201497GE70310,1,9,0,18,0,0,0,0,0,0,1,1,6,1,21,5,2980,2,15,-1,1
201497GE70310,2,9,0,18,0,0,0,0,0,0,0,1,1,1,38,7,-1,-1,-1,-1,1
201497GE70403,1,9,0,18,9,0,1,0,1,10,1,1,6,1,24,5,2616,1,11,-1,1
201497GE70409,1,1,0,18,0,8,0,0,0,0,4,1,6,2,21,5,-1,-1,-1,-1,1
201497GE70409,2,9,0,18,0,8,0,0,0,0,1,1,6,2,30,6,1364,1,7,-1,1
201497GE70410,1,9,0,18,0,1,0,0,1,0,1,1,1,1,47,8,1124,1,8,-1,1
201497GE70410,2,9,0,4,0,1,0,0,0,0,2,1,1,1,23,5,1149,1,8,-1,-1
201497GE70510,1,9,0,9,0,8,0,0,7,1,4,1,2,1,24,5,1299,1,11,-1,1
201497GE70510,2,5,0,18,0,8,0,0,1,1,1,1,2,1,53,8,996,1,14,-1,1
201497KA00103,1,9,0,16,0,1,0,0,0,0,1,1,6,1,25,5,1242,1,12,-1,1
201497KA00103,2,9,0,5,0,1,0,0,0,0,2,1,6,2,45,7,1560,2,1,-1,1
201497KA00109,1,9,0,18,0,1,0,0,0,0,4,1,2,1,53,8,1998,2,9,-1,1
201497KA00111,1,21,0,9,0,2,0,0,0,0,0,1,6,3,30,6,-1,-1,-1,-1,-1
201497KA00111,2,1,0,18,0,1,1,0,0,0,0,1,2,2,52,8,-1,-1,-1,-1,1
201497KA00112,1,9,0,18,0,1,0,0,0,0,1,1,6,2,45,7,1582,2,1,-1,1
201497KA00112,2,9,0,3,0,1,0,0,0,0,2,1,6,1,54,8,1995,2,2,-1,1
201497KA00209,1,9,0,18,0,1,0,0,0,0,1,1,6,1,46,8,2987,2,8,-1,1
201497KA00209,2,9,0,18,0,1,0,0,0,0,2,1,6,1,42,7,-1,-1,-1,-1,1
201497KA00301,1,9,0,17,0,1,5,4,0,2,1,1,6,1,49,8,1968,2,1,10,1
201497KA00301,2,9,0,2,0,1,0,0,0,0,0,1,6,3,20,4,1198,1,5,-1,1
201497KA00301,3,9,0,2,0,1,0,0,0,0,0,1,6,3,45,7,1461,2,1,-1,3
201497KA00301,4,9,0,2,0,1,0,0,0,0,0,1,6,3,55,8,1390,1,1,-1,-1
201497KA00302,1,19,0,9,0,6,0,0,0,0,1,1,6,1,38,7,2402,2,2,-1,-1
201497KA00302,2,9,0,18,0,1,0,0,0,0,3,1,6,1,45,7,1300,1,14,-1,1
201497KA00309,1,8,0,4,0,0,0,0,0,0,0,1,1,1,22,5,1686,2,5,-1,1
201497KA00401,1,9,0,18,0,8,0,0,0,0,1,1,6,1,68,10,1870,2,14,-1,3
201497KA00401,2,8,0,18,0,8,0,0,0,0,3,1,1,1,40,7,1598,1,5,-1,1
201497KA00501,1,9,0,4,0,0,0,0,0,0,1,1,6,1,40,7,-1,-1,-1,-1,-1
201497KA00501,2,9,0,4,0,0,0,0,0,0,2,1,2,2,47,8,1242,1,1,-1,1
201497KA00503,1,9,0,9,0,8,0,0,0,0,1,1,1,2,37,7,1596,1,11,-1,1
201497KA00503,2,1,0,18,0,8,0,0,0,0,3,1,1,2,39,7,-1,-1,-1,-1,1
201497KA00506,1,5,0,18,0,2,0,0,0,0,4,1,1,1,44,7,599,1,14,-1,1
201497KA00506,2,9,0,4,0,2,0,0,0,0,3,1,1,1,51,8,1461,2,1,-1,2
201497KA00507,1,10,4,17,0,3,0,0,0,0,1,1,1,1,58,9,2198,2,1,-1,1
201497KA00507,2,21,1,18,0,1,0,0,0,0,1,1,1,1,49,8,12419,2,2,-1,2
201497KA00508,1,9,0,5,0,1,0,0,0,0,1,1,6,2,59,9,1997,1,7,-1,-1
201497KA00607,1,9,0,16,0,0,1,0,7,11,1,1,6,1,82,11,1242,1,11,-1,1
201497KA00711,1,9,0,9,0,8,0,0,0,0,1,1,6,1,80,11,1560,2,-1,-1,1
201497KA00711,2,9,0,17,0,8,0,0,0,0,1,1,6,2,44,7,1796,1,3,-1,1
201497KA00801,1,9,0,9,9,0,0,0,0,0,1,1,2,2,51,8,1995,2,8,-1,1
201497KA00802,1,21,1,18,0,0,0,0,0,0,1,1,1,1,51,8,-1,-1,-1,-1,-1
201497KA00803,1,9,0,5,0,0,0,0,0,0,1,1,3,2,46,8,1796,1,10,-1,1
201497KA00804,1,9,0,4,0,4,0,0,0,0,1,1,6,1,23,5,1229,1,1,-1,1
201497KA00804,2,9,0,4,0,4,0,0,0,0,2,1,6,1,28,6,1896,2,8,-1,1
201497KA00809,1,9,0,4,0,1,0,0,0,0,2,1,6,1,50,8,-1,-1,-1,-1,1
201497KA00809,2,9,0,4,0,1,0,0,0,0,0,1,6,1,47,8,1596,1,5,-1,1
201497KA00812,1,9,0,18,0,0,1,0,0,0,1,1,6,2,52,8,1229,1,4,-1,1
201497KA00812,2,9,0,18,0,0,0,0,0,0,2,1,6,2,39,7,-1,-1,-1,-1,1
201497KA00901,1,9,0,9,0,5,1,0,0,0,1,1,6,1,71,10,-1,-1,-1,-1,-1
201497KA00903,1,9,0,5,0,1,0,0,0,0,0,1,6,3,40,7,-1,-1,-1,-1,-1
201497KA00903,2,11,0,5,0,1,0,0,0,0,0,1,1,1,43,7,5883,2,12,-1,1
201497KA00904,1,11,0,18,0,8,0,0,0,0,4,1,1,1,59,9,5995,2,15,-1,-1
201497KA00911,1,9,0,9,0,1,0,0,7,0,4,1,1,1,45,7,1995,2,-1,-1,1
201497KA00911,2,9,0,18,0,1,0,0,0,0,1,1,6,1,41,7,1968,2,1,-1,3
201497KA00912,1,9,0,17,0,8,0,0,1,7,4,1,1,2,28,6,1398,1,3,-1,1
201497KA01005,1,9,0,9,0,0,0,0,0,0,4,1,6,1,41,7,1149,1,11,-1,1
201497KA01005,2,1,0,18,0,0,0,0,0,0,1,1,2,1,43,7,-1,-1,-1,-1,1
201497KA01007,1,9,0,3,0,0,0,0,0,0,0,1,6,2,37,7,1240,1,4,-1,1
201497KA01007,2,1,0,18,0,0,0,0,0,0,1,1,6,1,52,8,-1,-1,-1,-1,1
201497KA01010,1,11,0,5,0,1,0,0,0,0,4,1,1,1,43,7,7300,2,7,-1,1
201497KA01205,1,2,0,4,0,2,1,0,0,0,3,1,2,1,24,5,125,1,10,-1,1
201497KA01208,1,9,0,9,0,8,0,0,0,0,1,1,6,3,28,6,-1,-1,-1,-1,-1
201497KA01210,1,9,0,18,0,4,0,0,0,0,1,1,6,1,20,4,1461,2,4,-1,1
201497KA01210,2,9,0,3,0,4,0,0,0,0,2,1,2,1,49,8,1390,1,13,-1,1
201497KA01211,1,9,0,10,0,6,0,0,0,0,2,1,6,2,72,10,1299,1,6,-1,1
201497KA01211,2,11,0,18,0,1,0,0,0,0,1,1,1,2,46,8,5883,2,13,-1,1
201497KA01305,1,9,0,18,0,1,0,0,0,0,3,1,6,2,36,7,1998,1,11,-1,1
201497KA01305,2,9,0,18,0,1,0,0,0,0,0,1,6,2,54,8,1910,2,7,-1,-1
201497KA01401,1,9,0,3,0,2,0,0,0,0,1,1,6,2,45,7,1398,1,2,-1,1
201497KA01401,2,1,0,18,0,2,0,0,0,0,2,1,1,1,24,5,-1,-1,-1,-1,-1
201497KA01406,1,9,0,18,0,0,2,0,8,9,3,1,6,1,18,4,1199,1,-1,-1,1
201497KA01502,1,9,0,18,0,0,0,0,0,0,1,1,6,1,45,7,2967,2,4,-1,1
201497KA01503,1,9,0,18,0,1,0,0,0,0,1,1,6,2,50,8,1896,2,6,-1,1