Accident_Index,Vehicle_Reference,Vehicle_Type,Towing_and_Articulation,Vehicle_Manoeuvre,Vehicle_Location-Restricted_Lane,Junction_Location,Skidding_and_Overturning,Hit_Object_in_Carriageway,Vehicle_Leaving_Carriageway,Hit_Object_off_Carriageway,1st_Point_of_Impact,Was_Vehicle_Left_Hand_Drive?,Journey_Purpose_of_Driver,Sex_of_Driver,Age_of_Driver,Age_Band_of_Driver,Engine_Capacity_(CC),Propulsion_Code,Age_of_Vehicle,Driver_IMD_Decile,Driver_Home_Area_Type
201497KA01503,2,9,0,4,0,1,0,0,0,0,2,1,6,2,53,8,998,1,1,-1,1
201497KA01504,1,19,0,7,0,2,0,0,0,0,1,1,1,1,23,5,1753,2,10,-1,1
201497KA01504,2,9,0,18,0,1,0,0,0,0,1,1,1,2,50,8,1399,2,2,-1,1
201497KA01511,1,8,0,5,0,1,0,0,0,0,1,1,1,1,32,6,1598,2,2,-1,-1
201497KA01511,2,8,0,4,0,1,0,0,0,0,2,1,1,1,53,8,1598,2,1,-1,1
201497KA01603,1,8,0,5,0,1,0,0,0,0,1,1,6,1,61,9,1997,2,5,-1,1
201497KA01603,2,9,0,18,0,1,0,0,0,0,4,1,6,2,79,11,1339,8,1,-1,1
201497KA01604,1,9,0,7,0,5,0,0,0,0,4,1,6,2,20,4,905,1,-1,-1,1
201497KA01604,2,5,0,18,0,8,0,0,0,0,1,1,2,1,25,5,599,1,12,-1,1
201497KA01607,1,1,0,18,0,1,5,0,0,0,2,1,6,1,10,2,-1,-1,-1,-1,1
201497KA01607,2,8,0,7,0,1,0,0,0,0,3,1,1,1,58,9,1598,1,4,-1,1
201497KA01608,1,8,0,18,0,4,0,0,0,0,1,1,1,1,43,7,1968,2,2,-1,1
201497KA01608,2,1,0,9,0,3,0,0,0,0,4,1,6,1,45,7,-1,-1,-1,-1,1
201497KA01611,1,9,0,18,0,0,0,0,0,0,1,1,2,2,33,6,1399,1,6,-1,1
201497KA01612,1,9,0,10,0,1,0,0,7,2,1,1,6,1,87,11,1498,1,6,-1,1
201497KA01701,1,9,0,9,0,1,0,0,0,0,1,1,6,1,51,8,1596,1,7,-1,-1
201497KA01701,2,9,0,4,0,4,0,0,0,0,2,1,6,1,53,8,1596,1,9,-1,1
201497KA01803,1,9,0,9,0,2,0,0,0,0,1,1,6,2,24,5,1598,2,1,-1,1
201497KA01803,2,9,0,18,0,1,0,0,0,0,4,1,6,2,43,7,1299,1,13,-1,1
201497KA01806,1,2,0,5,0,4,0,0,0,0,1,1,6,2,17,4,49,1,23,-1,1
201497KA01806,2,9,0,5,0,4,0,0,0,0,0,1,6,1,58,9,1242,1,1,-1,-1
201497KA01807,1,9,0,9,0,1,0,0,0,0,4,1,6,2,24,5,1388,1,13,-1,1
201497KA01807,2,9,0,18,0,1,0,0,0,0,1,1,6,1,23,5,1783,1,11,-1,1
201497KA01808,1,9,0,9,0,6,0,0,0,0,3,1,6,1,74,10,1560,2,2,-1,1
201497KA01810,1,9,0,18,0,0,0,0,0,0,1,1,6,1,35,6,1796,1,12,-1,1
201497KA01810,2,9,0,2,0,0,0,0,0,0,2,1,1,2,45,7,1995,2,3,-1,-1
201497KA01811,1,9,0,18,0,0,0,0,0,0,1,1,6,1,24,5,1598,1,1,-1,1
201497KA01902,1,11,0,18,0,1,0,0,0,0,4,1,1,1,50,8,5900,2,14,-1,1
201497KA01904,1,9,0,9,0,5,0,0,1,0,1,1,6,1,18,4,1229,1,6,-1,3
201497KA01904,2,9,0,18,0,6,0,0,0,0,0,1,6,1,29,6,1329,1,1,-1,1
201497KA01906,1,19,0,5,0,0,0,0,0,0,4,1,6,1,25,5,2151,2,10,-1,-1
201497KA01908,1,9,0,9,0,8,0,0,0,0,1,1,6,2,58,9,1364,1,7,-1,1
201497KA01908,2,1,0,18,0,8,0,0,0,0,4,1,1,1,37,7,-1,-1,-1,-1,3
201497KA01910,1,9,0,18,0,8,0,10,0,0,1,1,6,1,83,11,1560,2,5,-1,1
201497KA02002,1,9,0,18,0,0,0,0,0,0,3,1,6,1,67,10,1199,2,3,-1,1
201497KA02004,1,9,0,3,0,4,0,0,0,0,1,1,6,2,41,7,1229,1,2,-1,1
201497KA02004,2,3,0,9,0,3,0,0,0,0,1,1,6,1,18,4,100,1,10,-1,3
201497KA02006,1,9,0,7,0,6,0,0,0,0,1,1,6,1,33,6,1968,2,-1,-1,1
201497KA02006,2,1,0,18,0,1,0,0,0,0,4,1,1,2,38,7,-1,-1,-1,-1,1
201497KA02103,1,19,0,18,0,0,0,0,0,0,1,1,6,1,40,7,-1,-1,-1,-1,-1
201497KA02110,1,9,0,18,0,1,0,0,0,0,1,1,6,1,25,5,1796,1,3,-1,1
201497KA02110,2,9,0,8,0,1,0,0,0,0,2,1,6,2,43,7,1461,2,-1,-1,1
201497KA02112,1,9,0,18,0,1,0,0,0,0,1,1,6,2,66,10,1461,2,9,-1,2
201497KA02209,1,9,0,5,0,0,0,0,0,0,3,1,3,2,35,6,998,1,1,-1,1
201497KA02304,1,9,0,18,0,0,0,0,0,0,0,1,6,1,30,6,1598,1,10,-1,-1
201497KA02304,2,9,0,18,0,0,0,0,0,0,0,1,6,1,51,8,-1,-1,-1,-1,1
201497KA02309,1,9,0,5,0,1,0,0,0,0,1,1,2,1,40,7,2987,2,5,-1,1
201497KA02309,2,9,0,3,0,2,0,0,0,0,2,1,2,2,59,9,1242,1,1,-1,1
201497KA02309,3,9,0,5,0,8,0,0,0,0,1,1,1,1,27,6,1560,2,-1,-1,-1
201497KA02309,4,11,0,5,0,8,0,0,0,0,4,1,1,1,36,7,-1,-1,-1,-1,-1
201497KA02312,1,9,0,18,0,6,0,0,0,0,1,1,6,2,17,4,1598,1,6,-1,1
201497KA02312,2,9,0,18,0,1,0,0,0,0,1,1,6,2,31,6,1582,2,5,-1,2
201497KA02403,1,9,0,1,0,2,0,0,0,0,2,1,1,1,52,8,1596,1,2,-1,1
201497KA02408,1,21,0,3,0,0,0,0,0,0,1,1,1,1,39,7,11116,2,8,-1,1
201497KA02408,2,9,0,3,0,0,0,0,0,0,2,1,1,1,46,8,1560,2,5,-1,1
201497KA02511,1,9,0,8,0,1,0,0,0,0,1,1,6,1,79,11,999,1,5,-1,1
201497KA02511,2,9,0,9,0,8,0,0,0,0,1,1,6,2,56,9,1796,1,11,-1,1
201497KA02611,1,9,0,18,0,0,0,0,0,0,4,1,1,1,43,7,1968,2,2,-1,1
201497KA02704,1,9,0,5,0,2,0,0,0,0,1,1,2,1,29,6,1242,1,10,-1,1
201497KA02704,2,1,0,17,0,2,0,0,0,0,2,1,6,2,39,7,-1,-1,-1,-1,1
201497KA02708,1,11,0,18,0,0,0,0,0,0,0,1,1,1,48,8,-1,-1,-1,-1,1
201497KA02708,2,9,0,2,0,0,0,0,0,0,3,1,1,1,65,9,-1,-1,-1,-1,1
201497KA02709,1,9,0,4,0,1,0,0,0,0,1,1,1,1,21,5,1199,2,2,-1,1
201497KA02709,2,9,0,4,0,1,0,0,0,0,2,1,6,2,58,9,1587,1,10,-1,1
201497KA02710,1,9,0,9,0,8,0,0,0,0,1,1,6,2,58,9,1248,2,1,-1,1
201497KA02710,2,1,0,18,0,8,0,0,0,0,1,1,6,1,17,4,-1,-1,-1,-1,1
201497KA02804,1,19,0,18,0,8,5,0,5,1,1,1,6,1,29,6,1461,2,3,-1,1
201497KA02811,1,9,0,18,0,0,0,0,0,0,1,1,6,1,72,10,1390,1,12,-1,1
201497KA02907,1,9,0,8,0,0,0,0,0,0,3,1,6,3,35,6,-1,-1,-1,-1,-1
201497KA02907,2,1,0,8,0,0,0,0,0,0,0,1,6,1,39,7,-1,-1,-1,-1,-1
201497KA02910,1,9,0,9,0,1,0,0,0,0,3,1,6,2,42,7,1461,2,1,-1,1
201497KA02910,2,9,0,18,0,1,0,0,0,0,4,1,6,2,70,10,998,1,6,-1,1
201497KA03004,1,9,0,18,0,1,0,0,0,0,1,1,6,1,51,8,1591,1,6,-1,2
201497KA03007,1,1,0,18,0,0,0,0,0,0,1,1,6,1,54,8,-1,-1,-1,-1,1
201497KA03007,2,9,0,1,0,0,0,0,0,0,2,1,6,1,48,8,-1,-1,-1,-1,1
201497KA03106,1,9,0,9,0,5,0,0,0,0,3,1,6,2,22,5,1798,1,10,-1,1
201497KA03106,2,9,0,9,0,2,0,0,0,0,3,1,6,1,46,8,-1,-1,-1,-1,1
201497KA03202,1,9,0,18,0,0,0,0,0,0,1,1,6,2,30,6,1800,1,15,-1,1
201497KA03211,1,9,0,18,0,1,2,0,1,9,4,1,6,1,18,4,1229,1,1,-1,1
201497KA03301,1,9,0,9,0,1,0,0,0,0,3,1,2,1,35,6,1497,1,10,-1,1
201497KA03301,2,9,0,18,0,1,0,0,0,0,3,1,2,1,34,6,1596,1,13,-1,1
201497KA03309,1,9,0,18,0,1,1,0,0,0,0,1,6,3,35,6,-1,-1,-1,-1,-1
201497KA03309,2,9,0,18,0,1,0,0,0,0,1,1,6,1,34,6,-1,-1,-1,-1,-1
201497KA03310,1,9,0,17,9,0,0,0,1,5,1,1,6,1,34,6,1590,1,13,-1,1
201497KA03311,1,9,0,18,0,0,0,0,0,0,1,1,6,2,33,6,1461,2,4,-1,-1
201497KA03311,2,9,0,18,0,0,0,0,0,0,2,1,6,2,52,8,998,1,2,-1,2
201497KA03311,3,9,0,18,0,0,0,0,0,0,2,1,6,1,19,4,-1,-1,-1,-1,-1
201497KA03602,1,9,0,18,0,1,0,0,0,0,2,1,6,1,48,8,2143,2,4,-1,1
201497KA03602,2,9,0,18,0,1,0,0,0,0,1,1,6,1,54,8,1149,1,4,-1,1
201497KA03604,1,19,0,7,9,1,0,0,0,0,4,1,2,1,35,6,1868,2,8,-1,-1
201497KA03604,2,1,0,18,9,1,0,0,0,0,1,1,2,1,24,5,-1,-1,-1,-1,1
201497KA03605,1,9,0,7,0,1,0,0,0,0,4,1,6,2,64,9,1329,1,1,-1,1
201497KA03702,1,9,0,18,0,3,0,0,0,0,3,1,1,1,47,8,-1,-1,-1,-1,1
201497KA03702,2,19,0,18,0,3,0,0,0,0,2,1,1,1,51,8,-1,-1,-1,-1,1
201497KA03812,1,9,0,18,0,0,2,4,0,0,1,1,6,1,23,5,1360,1,11,-1,1
201497KA03812,2,9,0,2,0,0,0,0,0,0,0,1,6,2,30,6,1596,1,9,-1,1
201497KA03902,1,8,0,18,0,0,0,4,0,0,2,1,1,1,64,9,1956,2,4,-1,1
201497KA03902,2,9,0,2,0,0,0,0,0,0,0,1,6,1,50,8,-1,-1,-1,-1,1
201497KA03911,1,3,0,18,0,8,1,0,0,0,0,1,6,1,68,10,125,1,7,-1,1
201497KA03911,2,11,0,10,0,8,0,0,0,0,0,1,1,1,40,7,3900,2,10,-1,-1
201497KA04202,1,3,0,18,0,0,1,7,0,1,1,1,2,1,20,4,-1,-1,-1,-1,1
201497KA04403,1,9,0,9,0,6,0,0,0,0,0,1,6,1,47,8,1685,2,1,-1,1
201497KA04403,2,9,0,18,0,1,0,0,0,0,3,1,6,1,60,9,1586,1,-1,-1,1
201497KA04503,1,9,0,9,0,6,0,0,0,0,1,1,6,1,63,9,3555,1,11,-1,1
201497KA70104,1,9,0,16,0,2,1,4,0,0,3,1,6,1,22,5,1995,2,6,-1,1
201497KA70104,2,19,0,2,0,1,0,0,0,0,2,1,6,3,40,7,2198,2,2,-1,-1
201497KA70201,1,9,0,4,0,1,0,0,0,0,1,1,6,2,28,6,1242,1,11,-1,1
201497KA70201,2,9,0,4,0,1,0,0,0,0,2,1,2,2,33,6,1198,1,4,-1,1
201497KA70201,3,9,0,4,0,1,0,0,0,0,2,1,2,1,33,6,1461,2,-1,-1,1
201497KB00108,1,9,0,18,0,0,0,0,0,0,1,1,6,2,26,6,1560,2,8,-1,3
201497KB00108,2,9,0,18,0,0,0,0,0,0,2,1,6,1,33,6,1984,1,12,-1,1
201497KB00109,1,5,0,13,0,8,1,0,0,0,1,1,6,1,40,7,649,1,8,-1,-1
201497KB00109,2,17,0,9,0,8,0,0,0,0,3,1,1,1,28,6,-1,2,3,-1,3
201497KB00110,1,9,0,18,0,1,0,0,0,0,1,1,6,1,35,6,-1,-1,-1,-1,-1
201497KB00110,2,9,0,18,0,1,0,0,0,0,2,1,6,1,27,6,-1,-1,-1,-1,1
201497KB00112,1,4,0,18,0,0,0,0,0,0,1,1,6,2,51,8,-1,-1,-1,-1,-1
201497KB00204,1,19,0,3,0,1,0,0,0,0,1,1,1,1,41,7,2143,2,2,-1,1
201497KB00204,2,9,0,3,0,1,0,0,0,0,2,1,6,1,40,7,1995,2,5,-1,1
201497KB00205,1,9,0,17,0,4,1,0,1,2,1,1,6,1,18,4,1242,1,7,-1,-1
201497KB00206,1,9,0,9,0,8,0,0,0,0,4,1,6,2,26,6,1910,2,9,-1,2
201497KB00206,2,1,0,18,0,8,0,0,0,0,1,1,6,1,13,3,-1,-1,-1,-1,2
201497KB00208,1,9,0,16,0,0,1,0,0,0,1,1,6,1,22,5,-1,-1,-1,-1,-1
201497KB00208,2,9,0,17,0,0,0,0,0,0,1,1,6,2,52,8,1596,1,10,-1,1
201497KB00211,1,19,0,5,0,0,0,0,0,0,1,1,6,3,30,6,-1,-1,-1,-1,-1
201497KB00301,1,9,0,16,0,0,0,0,7,0,1,1,6,1,34,6,-1,-1,-1,-1,1
201497KB00301,2,9,0,17,0,0,0,0,0,0,1,1,6,1,61,9,1998,1,10,-1,1
201497KB00301,3,9,0,17,0,0,0,0,0,0,1,1,6,1,58,9,1364,1,7,-1,1
201497KB00310,1,9,0,18,0,0,0,0,0,0,4,1,1,2,40,7,999,1,2,-1,3
201497KB00311,1,9,0,18,0,0,1,0,1,0,1,1,6,1,52,8,1560,2,3,-1,1
201497KB00311,2,9,0,4,0,0,0,0,0,0,2,1,6,2,44,7,1399,2,2,-1,2
201497KB00311,3,9,0,18,0,0,0,0,0,0,0,1,6,1,61,9,1598,1,6,-1,1
201497KB00311,4,9,0,4,0,0,0,0,0,0,0,1,6,3,50,8,-1,-1,-1,-1,-1
201497KB00312,1,9,0,7,0,6,0,0,0,0,3,1,6,1,57,9,1598,1,9,-1,-1
201497KB00312,2,9,0,18,0,8,0,0,0,0,4,1,6,2,58,9,1598,1,1,-1,3
201497KB00402,1,19,0,18,0,1,0,0,0,0,1,1,1,1,42,7,2143,2,1,-1,1
201497KB00402,2,9,0,3,0,1,0,0,0,0,2,1,2,2,28,6,1598,1,1,-1,1
201497KB00402,3,9,0,3,0,1,0,0,0,0,2,1,1,2,48,8,998,1,1,-1,1
201497KB00407,1,9,0,18,0,3,1,0,1,0,0,1,6,1,79,11,1242,1,6,-1,1
201497KB00502,1,9,0,4,0,0,0,0,0,0,1,1,6,1,43,7,1968,2,3,-1,3
201497KB00502,2,9,0,4,0,0,0,0,0,0,2,1,6,2,52,8,1956,2,1,-1,1
201497KB00504,1,9,0,4,0,4,1,0,7,0,1,1,6,2,25,5,998,1,1,-1,2
201497KB00504,2,9,0,18,0,3,0,0,1,0,1,1,6,2,52,8,1390,1,8,-1,3
201497KB00509,1,5,0,13,0,1,0,0,7,1,1,1,6,1,29,6,599,1,8,-1,-1
201497KB00509,2,9,0,18,0,1,0,0,0,0,1,1,2,1,19,4,1198,1,-1,-1,1
201497KB00511,1,9,0,18,0,0,0,0,0,0,1,1,2,2,34,6,998,1,1,-1,3
201497KB00603,1,9,0,18,0,0,0,0,0,0,1,1,1,2,57,9,1598,1,10,-1,1
201497KB00603,2,9,0,18,0,0,0,0,0,0,2,1,6,1,21,5,998,1,10,-1,1
201497KB00604,1,9,0,18,0,3,0,10,1,11,4,1,6,2,56,9,998,1,6,-1,2
201497KB00610,1,9,0,17,0,0,2,0,0,0,3,1,2,2,61,9,1298,1,8,-1,2
201497KB00612,1,9,0,10,0,1,0,0,0,0,3,1,6,1,19,4,1390,1,3,-1,1
201497KB00612,2,1,0,18,0,1,0,0,0,0,1,1,6,1,35,6,-1,-1,-1,-1,-1
201497KB00701,1,9,0,18,0,1,0,0,0,0,1,1,1,1,62,9,-1,-1,-1,-1,1
201497KB00701,2,17,4,9,0,5,0,0,0,0,3,1,1,1,67,10,-1,2,4,-1,3
201497KB00703,1,9,0,17,0,0,0,0,1,10,1,1,6,1,62,9,2204,2,5,-1,3
201497KB00704,1,9,0,18,0,6,0,0,0,0,3,1,6,1,63,9,1870,2,8,-1,1
201497KB00704,2,9,0,18,0,8,0,0,0,0,1,1,2,2,27,6,1686,2,8,-1,-1
201497KB00710,1,9,0,18,0,1,0,0,0,0,1,1,6,1,39,7,1997,1,-1,-1,2
201497KB00710,2,9,0,3,0,1,0,0,0,0,2,1,6,1,45,7,1896,2,7,-1,1
201497KB00710,3,9,0,3,0,1,0,0,0,0,2,1,6,1,27,6,-1,-1,-1,-1,1
201497KB00710,4,9,0,3,0,1,0,0,0,0,2,1,6,1,33,6,1956,2,-1,-1,1
201497KB00712,1,9,0,18,0,0,2,0,8,4,1,1,6,1,19,4,1198,1,7,-1,1
201497KB00904,1,9,0,16,0,0,0,0,7,0,3,1,1,1,24,5,1560,2,-1,-1,1
201497KB00904,2,9,0,17,0,0,0,0,1,0,3,1,6,2,33,6,1598,1,7,-1,3
201497KB00908,1,9,0,4,0,0,0,0,0,0,1,1,6,2,73,10,1198,1,8,-1,1
201497KB00909,1,5,0,13,0,1,1,0,0,0,4,1,2,1,33,6,599,1,6,-1,1
201497KB00909,2,9,0,9,0,5,0,0,0,0,3,1,2,2,55,8,1598,1,5,-1,1
201497KB01009,1,9,0,5,0,1,0,0,0,0,0,1,2,1,63,9,2231,2,4,-1,3
201497KB01009,2,1,0,18,0,1,0,0,0,0,3,1,6,1,57,9,-1,-1,-1,-1,1
201497KB01012,1,9,0,4,0,0,1,0,0,0,1,1,6,2,21,5,1598,1,3,-1,1
201497KB01012,2,9,0,3,0,0,0,0,0,0,2,1,6,1,26,6,1242,1,4,-1,1
201497KB01101,1,9,0,18,0,0,0,0,0,0,0,1,6,2,30,6,1388,1,6,-1,-1
201497KB01104,1,9,0,5,0,8,0,0,0,0,3,1,6,1,32,6,1149,1,1,-1,-1
201497KB01104,2,9,0,18,0,8,0,0,0,0,1,1,6,2,27,6,1991,1,-1,-1,-1
201497KB01108,1,9,0,9,0,4,0,0,0,0,3,1,6,2,33,6,1398,1,-1,-1,1
201497KB01108,2,9,0,13,0,4,0,0,0,0,4,1,6,1,27,6,1769,1,12,-1,1
201497KB01109,1,9,0,5,0,1,0,0,0,0,1,1,6,1,52,8,1796,1,1,-1,1
201497KB01206,1,9,0,18,0,1,0,0,0,0,1,1,6,2,21,5,1339,1,9,-1,1
201497KB01206,2,9,0,9,0,1,0,0,0,0,1,1,6,2,40,7,954,1,15,-1,1
201497KB01308,1,9,0,5,0,2,0,0,0,0,1,1,6,1,32,6,-1,-1,-1,-1,1
201497KB01308,2,5,0,18,0,1,0,0,0,0,3,1,6,1,53,8,1250,1,10,-1,1
201497KB01312,1,9,0,18,0,8,0,0,0,0,1,1,6,1,65,9,1596,1,-1,-1,1
201497KB01312,2,9,0,9,0,8,0,0,0,1,4,1,6,1,46,8,1968,2,1,-1,-1
201497KB01406,1,11,0,4,0,0,0,0,0,0,1,1,1,1,43,7,1045,2,31,-1,1
201497KB01406,2,19,0,3,0,0,0,0,0,0,2,1,1,1,43,7,2198,2,2,-1,1
201497KB01406,3,9,0,3,0,0,0,0,0,0,2,1,6,1,48,8,1339,1,1,-1,1
201497KB01502,1,20,0,18,0,1,0,0,0,0,3,1,1,1,50,8,2298,2,2,-1,-1
201497KB01507,1,11,0,5,0,0,0,0,0,1,4,1,6,1,59,9,11000,2,10,-1,1
201497KB01603,1,9,0,17,0,0,1,0,0,0,1,1,6,1,32,6,1968,2,10,-1,1
201497KB01603,2,9,0,16,0,0,0,0,1,0,1,1,6,1,50,8,1984,2,-1,7,1
201497KB01605,1,9,0,18,0,0,0,0,0,0,1,1,6,2,44,7,1398,2,1,-1,3
201497KB01605,2,19,0,18,0,0,0,0,0,0,2,1,1,1,40,7,1896,2,7,-1,1
201497KB01606,1,90,0,18,0,0,0,0,0,0,3,2,1,1,45,7,6692,2,6,-1,1
201497KB01606,2,9,0,18,0,0,0,0,0,0,3,1,6,2,62,9,1598,2,3,-1,1
201497KB01701,1,9,0,5,0,8,0,0,0,0,4,1,6,1,24,5,1896,2,7,-1,2
201497KB01701,2,9,0,18,0,8,0,0,0,0,1,1,6,2,24,5,1390,1,5,-1,-1
201497KB01704,1,9,0,17,0,0,5,0,7,11,2,1,2,2,22,5,1242,1,11,-1,3
201497KB01705,1,9,0,6,0,0,0,0,0,0,3,1,2,2,31,6,1149,1,6,-1,1
201497KB01705,2,20,0,18,0,0,0,0,0,0,1,1,1,1,37,7,12740,2,1,-1,-1
201497KB01806,1,9,0,18,0,0,0,0,1,0,1,1,6,2,19,4,1328,1,6,-1,-1
201497KB01811,1,11,0,7,0,6,2,0,3,11,3,1,1,1,37,7,-1,-1,-1,-1,1
201497KB01903,1,9,0,16,0,0,1,0,7,1,1,1,6,2,30,6,1242,1,11,-1,1
201497KB01904,1,9,0,9,0,1,0,0,0,0,1,1,6,2,30,6,1149,1,13,-1,-1
201497KB01904,2,9,0,16,0,1,0,0,0,0,4,1,6,2,23,5,1339,1,8,-1,3
201497KB01906,1,9,0,18,0,0,0,0,0,0,3,1,6,1,25,5,-1,-1,-1,-1,-1
201497KB01906,2,9,0,18,0,0,0,0,0,0,3,1,6,1,35,6,1850,1,13,-1,2
201497KB01907,1,9,0,15,0,1,0,0,0,0,1,1,2,1,60,9,-1,-1,-1,-1,1
201497KB01910,1,9,0,5,0,1,0,2,0,0,1,1,6,2,57,9,1197,1,1,-1,-1
201497KB02002,1,9,0,18,0,2,0,0,0,0,4,1,6,2,28,6,1598,1,4,-1,1
201497KB02003,1,9,0,18,0,0,1,0,0,6,1,1,1,1,42,7,1422,2,10,-1,1
201497KB02003,2,9,0,18,0,0,0,0,0,0,3,1,1,2,24,5,1799,1,8,-1,1
201497KB02006,1,9,0,9,0,8,0,0,3,0,3,1,6,2,83,11,1360,1,9,-1,1
201497KB02006,2,9,0,18,0,8,1,0,0,0,1,1,6,2,30,6,1206,1,6,-1,1
201497KB02009,1,9,0,9,0,8,0,0,0,0,0,1,6,3,30,6,-1,-1,-1,-1,-1
201497KB02009,2,11,0,18,0,1,0,0,0,0,0,1,1,1,55,8,7300,2,7,-1,1
201497KB02010,1,9,0,18,0,7,1,0,0,0,1,1,6,1,54,8,1560,2,-1,-1,1
201497KB02010,2,9,0,18,0,7,0,0,0,0,2,1,6,1,39,7,1896,2,15,-1,2
201497KB02101,1,9,0,17,0,0,0,0,1,0,1,1,1,1,44,7,698,1,9,-1,-1
201497KB02101,2,9,0,16,0,0,0,0,0,0,1,1,1,1,53,8,-1,-1,-1,-1,-1
201497KB02109,1,8,0,15,0,2,0,0,0,0,4,1,6,2,51,8,-1,-1,-1,-1,1
201497KB02112,1,9,0,18,0,8,0,0,0,0,3,1,6,2,41,7,1364,1,6,-1,1
201497KB02204,1,9,0,5,0,1,0,0,0,0,1,1,2,1,36,7,1896,2,14,-1,1
201497KB02204,2,9,0,5,0,1,0,0,0,0,2,1,2,2,48,8,1598,1,8,-1,-1
201497KB02208,1,9,0,18,0,0,1,0,1,2,3,1,6,1,41,7,-1,-1,-1,5,1
201497KB02303,1,9,0,5,0,6,0,0,0,0,1,1,6,1,38,7,1796,1,6,-1,1
201497KB02303,2,1,0,18,0,6,0,0,0,0,4,1,6,1,28,6,-1,-1,-1,-1,1
201497KB02311,1,9,0,2,0,0,0,0,0,0,1,1,6,1,79,11,1339,1,7,-1,1
201497KB02311,2,9,0,18,0,0,0,0,0,0,2,1,6,1,54,8,3000,1,12,-1,1
201497KB02401,1,9,0,18,0,1,0,0,0,0,1,1,6,1,48,8,1560,2,9,-1,1
201497KB02401,2,9,0,9,0,1,0,0,0,0,2,1,6,1,31,6,1229,1,7,-1,-1
201497KB02402,1,9,0,11,0,4,0,0,0,0,2,1,6,1,57,9,1990,1,19,-1,1
201497KB02402,2,19,0,18,0,1,0,0,0,0,1,1,6,1,32,6,2151,2,9,-1,1
201497KB02504,1,9,0,15,0,0,1,0,0,0,1,1,6,2,51,8,-1,-1,-1,-1,1
201497KB02506,1,9,0,12,0,0,0,0,0,0,0,1,2,1,40,7,2179,2,2,-1,-1
201497KB02506,2,9,0,18,0,0,0,0,0,0,0,1,6,1,62,9,1560,2,1,8,1
201497KB02703,1,9,0,5,0,0,0,0,7,0,1,1,2,1,59,9,-1,-1,-1,-1,1
201497KB02703,2,9,0,18,0,0,0,0,7,0,1,1,2,1,19,4,1229,1,10,-1,1
201497KB02711,1,11,0,4,0,1,0,0,0,0,0,1,1,1,28,6,-1,-1,-1,-1,-1
201497KB02803,1,9,0,18,0,1,0,0,0,0,1,1,2,1,41,7,2987,2,3,-1,-1
201497KB02803,2,9,0,3,0,2,0,0,0,0,2,1,3,2,25,5,1086,1,8,-1,-1
201497KB02811,1,9,0,7,0,0,0,0,0,0,4,1,2,2,32,6,899,1,1,-1,1
201497KB02811,2,1,0,18,0,0,0,0,0,0,2,1,2,1,41,7,-1,-1,-1,-1,1
201497KB02812,1,9,0,7,0,6,0,0,0,0,1,1,2,1,56,9,-1,-1,-1,-1,1
201497KB02812,2,1,0,18,0,2,0,0,0,0,2,1,2,1,37,7,-1,-1,-1,-1,1
201497KB02908,1,9,0,18,0,0,0,0,0,0,3,1,6,2,20,4,998,1,-1,-1,3
201497KB03001,1,9,0,4,0,0,0,0,0,0,1,1,2,1,62,9,1910,2,6,-1,-1
201497KB03001,2,9,0,4,0,0,0,0,0,0,2,1,2,2,37,7,1799,1,6,-1,2
201497KB03001,3,9,0,4,0,0,0,0,0,0,2,1,2,2,40,7,1399,2,5,-1,-1
201497KB03003,1,9,0,18,0,8,0,0,0,0,4,1,6,1,74,10,1199,1,10,-1,1
201497KB03003,2,9,0,18,0,8,0,0,0,0,1,1,6,2,23,5,1328,1,9,-1,1
201497KB03101,1,9,0,18,0,0,2,11,1,4,3,1,2,1,45,7,1248,2,5,-1,2
201497KB03104,1,11,0,5,0,0,0,0,0,0,0,1,1,1,40,7,4500,2,5,-1,-1
201497KB03107,1,11,0,5,0,0,0,0,0,0,0,1,1,1,51,8,3900,2,9,-1,1
201497KB03111,1,9,0,18,0,8,0,0,0,0,4,1,6,1,73,10,1968,2,2,-1,3
201497KB03111,2,9,0,7,0,6,0,0,0,0,1,1,6,1,67,10,1396,1,12,-1,3
201497KB03201,1,9,0,18,0,0,0,0,0,0,1,1,6,2,28,6,1198,1,2,-1,1
201497KB03201,2,9,0,18,0,0,0,0,0,0,2,1,6,2,24,5,1229,1,1,-1,1
201497KB03201,3,9,0,18,0,0,0,0,0,0,2,1,6,1,20,4,1229,1,1,-1,1
201497KB03211,1,9,0,4,0,0,0,0,0,0,1,1,6,2,26,6,1598,2,-1,-1,1
201497KB03211,2,9,0,4,0,0,0,0,0,0,2,1,6,2,43,7,1991,2,3,-1,1
201497KB03303,1,5,0,15,0,0,2,0,0,0,0,1,6,1,35,6,883,1,25,-1,3
201497KB03304,1,9,0,7,0,1,0,0,0,0,4,1,6,1,45,7,1229,1,8,-1,1
201497KB03304,2,1,0,18,0,1,0,0,0,0,3,1,6,1,48,8,-1,-1,-1,-1,-1
201497KB03305,1,9,0,18,0,0,1,0,0,0,1,1,6,2,21,5,1598,1,4,-1,2
201497KB03305,2,9,0,16,0,0,0,0,0,0,1,1,6,1,32,6,1984,1,2,-1,-1
201497KB03306,1,9,0,16,0,1,0,0,0,0,1,1,6,1,23,5,1796,1,11,-1,2
201497KB03306,2,9,0,17,0,1,0,0,0,0,3,1,1,1,42,7,2184,2,10,-1,3
201497KB03308,1,9,0,9,0,8,0,0,0,0,1,1,1,1,26,6,-1,-1,-1,-1,3
201497KB03308,2,8,0,18,0,8,0,0,1,11,3,1,1,1,49,8,1996,2,3,-1,1
201497KB03411,1,9,0,13,0,0,0,0,7,0,3,1,6,1,29,6,1997,2,5,-1,1