Accident_Index,Vehicle_Reference,Vehicle_Type,Towing_and_Articulation,Vehicle_Manoeuvre,Vehicle_Location-Restricted_Lane,Junction_Location,Skidding_and_Overturning,Hit_Object_in_Carriageway,Vehicle_Leaving_Carriageway,Hit_Object_off_Carriageway,1st_Point_of_Impact,Was_Vehicle_Left_Hand_Drive?,Journey_Purpose_of_Driver,Sex_of_Driver,Age_of_Driver,Age_Band_of_Driver,Engine_Capacity_(CC),Propulsion_Code,Age_of_Vehicle,Driver_IMD_Decile,Driver_Home_Area_Type
201497NA70201,1,9,0,18,0,0,1,0,0,0,1,1,2,1,22,5,998,1,1,-1,1
201497NA70201,2,9,0,18,0,0,0,0,0,0,2,1,2,2,23,5,998,1,3,-1,1
201497NA70201,3,9,0,18,0,0,0,0,0,0,2,1,2,1,22,5,1124,1,10,-1,3
201497NA70202,1,9,0,18,0,0,0,0,0,0,4,1,1,1,48,8,1896,2,5,-1,1
201497NA70207,1,21,1,18,0,0,0,4,0,0,1,1,1,1,61,9,10837,2,3,-1,1
201497NA70207,2,21,0,2,0,0,0,0,0,0,2,1,1,1,47,8,12900,2,2,-1,1
201497NA70210,1,9,0,5,0,2,0,0,0,0,1,1,6,2,50,8,2987,2,5,-1,3
201497NA70210,2,9,0,18,0,1,0,0,0,0,2,1,6,2,54,8,1975,1,5,-1,1
201497NA70212,1,9,0,18,0,0,0,0,0,0,1,1,6,1,44,7,1995,2,-1,-1,1
201497NA70212,2,9,0,3,0,0,0,0,0,0,2,1,6,1,44,7,1242,1,8,-1,1
201497NA70302,1,5,0,1,0,1,2,0,0,0,4,1,6,1,47,8,670,1,2,-1,1
201497NA70302,2,9,0,9,0,1,0,0,0,0,3,1,6,1,35,6,1560,2,1,-1,-1
201497NA70304,1,90,0,18,0,0,0,0,0,0,1,1,6,3,40,7,-1,-1,-1,-1,-1
201497NA70306,1,9,0,18,0,0,0,0,0,0,3,1,6,2,36,7,1597,1,4,-1,1
201497NA70306,2,21,1,18,0,0,0,0,0,0,4,1,1,1,49,8,12777,2,-1,-1,-1
201497NA70307,1,9,0,18,0,4,1,0,0,0,1,1,6,1,25,5,973,1,14,-1,1
201497NA70307,2,9,0,18,0,1,0,0,0,0,0,1,6,3,20,4,-1,-1,-1,-1,-1
201497NA70307,3,9,0,18,0,4,0,0,0,0,3,1,6,1,23,5,1598,1,1,-1,1
201497NA70312,1,9,0,18,0,1,0,0,0,0,1,1,6,1,30,6,1343,1,10,-1,1
201497NA70312,2,9,0,4,0,1,0,0,0,0,2,1,2,2,32,6,1596,1,12,-1,1
201497NA70312,3,9,0,4,0,1,0,0,0,0,2,1,1,1,42,7,1560,2,3,-1,3
201497NA70403,1,9,0,16,0,0,0,0,0,0,1,1,6,1,37,7,1968,2,3,-1,1
201497NA70403,2,9,0,16,0,0,0,0,0,0,1,1,2,1,49,8,1910,2,5,-1,1
201497NA70403,3,9,0,16,0,0,0,0,0,0,3,1,2,1,50,8,1968,2,3,-1,1
201497NA70406,1,5,0,17,0,0,5,0,1,3,1,1,6,1,21,5,1261,1,3,-1,3
201497NA70407,1,9,0,18,0,0,1,0,0,0,1,1,6,1,42,7,1597,1,9,-1,1
201497NA70407,2,9,0,18,0,0,0,0,0,0,2,1,2,2,38,7,1956,2,-1,-1,1
201497NA70407,3,19,0,18,0,0,1,0,0,6,3,1,1,1,46,8,2151,2,11,-1,2
201497NA70412,1,19,0,18,0,2,0,0,0,0,1,1,1,1,48,8,2198,2,3,-1,3
201497NA70412,2,9,0,4,0,2,0,0,0,0,2,1,2,2,21,5,998,1,3,-1,1
201497NA70502,1,9,0,18,0,1,0,0,0,0,4,1,6,1,23,5,998,1,1,-1,1
201497NA70503,1,9,0,9,0,0,0,0,0,0,3,1,6,1,18,4,-1,-1,-1,-1,-1
201497NA70503,2,9,0,18,0,0,0,0,0,0,1,1,6,1,33,6,1951,2,12,-1,-1
201497NA70507,1,9,0,18,0,0,0,0,0,0,4,1,6,1,22,5,1242,1,7,-1,3
201497NA70511,1,19,0,18,0,0,1,0,0,0,1,1,1,1,34,6,2402,2,7,-1,-1
201497NA70511,2,9,0,3,0,0,0,0,0,0,2,1,1,1,29,6,1229,1,1,-1,-1
201497NA70511,3,19,0,3,0,0,0,0,0,0,2,1,1,1,33,6,2198,2,1,-1,1
201497NA70807,1,9,0,17,0,0,0,0,0,0,1,1,6,1,25,5,1686,2,9,-1,1
201497NA70907,1,9,0,6,0,8,0,0,0,0,3,1,2,1,63,9,1248,2,2,-1,2
201497NA70907,2,9,0,16,0,8,0,0,0,0,1,1,6,1,20,4,1595,1,1,-1,1
201497NA70911,1,9,0,18,0,0,0,0,0,0,1,1,6,1,53,8,1999,1,10,-1,1
201497NA70911,2,9,0,12,0,0,0,0,0,0,0,1,6,2,32,6,1199,2,3,-1,2
201497NA70912,1,19,0,18,0,0,0,0,0,0,1,1,1,1,66,10,1998,2,9,-1,1
201497NA70912,2,9,0,18,0,0,0,0,0,0,2,1,1,1,60,9,2993,2,2,-1,1
201497NA71003,1,9,0,4,0,5,0,0,0,0,0,1,6,3,40,7,-1,-1,-1,-1,-1
201497NA71003,2,5,0,17,0,5,0,0,0,0,0,1,2,1,46,8,988,1,10,-1,1
201497NA71008,1,19,0,16,0,0,0,0,0,0,1,1,6,1,33,6,1870,2,13,-1,1
201497NA71008,2,8,0,17,0,0,0,0,0,0,1,1,1,1,46,8,1560,2,4,-1,1
201497NA71108,1,9,0,18,0,2,1,0,0,0,1,1,6,1,47,8,1598,1,13,-1,1
201497NA71108,2,9,0,4,0,2,0,0,0,0,2,1,6,1,56,9,1389,1,10,-1,-1
201497NC00101,1,8,0,18,0,4,0,0,0,0,1,1,1,1,52,8,-1,-1,-1,-1,1
201497NC00101,2,9,0,18,0,4,0,0,0,0,4,1,1,1,30,6,-1,-1,-1,-1,1
201497NC00106,1,9,0,16,0,5,1,6,0,0,1,1,6,2,45,7,998,1,11,-1,1
201497NC00109,1,9,0,18,0,0,0,0,0,0,1,1,6,2,30,6,1948,1,18,-1,1
201497NC00109,2,9,0,18,0,0,0,0,0,0,2,1,6,2,25,5,1149,1,7,-1,1
201497NC00109,3,9,0,18,0,0,0,0,0,0,2,1,6,2,30,6,-1,-1,-1,-1,-1
201497NC00112,1,9,0,18,0,4,0,0,0,0,3,1,1,1,56,9,1598,1,2,-1,1
201497NC00112,2,9,0,18,0,4,0,0,0,0,4,1,1,1,22,5,1686,2,12,-1,-1
201497NC00201,1,9,0,18,0,0,0,0,0,0,1,1,6,1,46,8,1798,1,6,-1,-1
201497NC00203,1,9,0,18,0,4,0,0,0,0,1,1,6,2,39,7,1598,1,7,-1,1
201497NC00203,2,9,0,18,0,3,0,0,0,0,4,1,6,2,57,9,1794,1,8,-1,3
201497NC00204,1,9,0,9,0,1,0,0,0,0,1,1,6,2,53,8,1896,2,8,-1,-1
201497NC00204,2,9,0,18,0,1,0,0,0,0,1,1,6,1,28,6,1364,1,5,-1,-1
201497NC00205,1,9,0,5,0,1,0,0,0,0,0,1,6,1,25,5,-1,-1,-1,-1,-1
201497NC00207,1,19,0,18,0,4,0,0,0,0,1,1,1,1,40,7,1248,2,1,-1,1
201497NC00207,2,9,0,3,0,4,0,0,0,0,2,1,6,2,32,6,1798,1,7,-1,1
201497NC00210,1,9,0,18,0,0,0,10,1,7,1,1,6,2,69,10,1339,1,1,-1,1
201497NC00212,1,19,0,9,0,8,0,0,0,0,1,1,1,1,61,9,2463,2,9,-1,1
201497NC00212,2,9,0,18,0,8,0,0,0,0,2,1,6,1,70,10,1560,2,5,-1,-1
201497NC00212,3,9,0,10,0,8,0,0,0,0,1,1,6,1,53,8,2183,2,4,-1,-1
201497NC00301,1,11,0,18,0,1,1,0,0,0,1,1,1,1,75,10,-1,-1,-1,-1,2
201497NC00301,2,9,0,3,0,2,0,0,3,0,2,1,6,2,20,4,1149,1,10,-1,2
201497NC00312,1,19,0,5,0,4,0,0,0,0,1,1,1,1,37,7,2148,2,6,-1,1
201497NC00312,2,3,0,5,0,4,0,0,0,0,4,1,2,1,18,4,125,1,7,-1,1
201497NC00406,1,9,0,18,0,0,0,0,0,0,1,1,3,2,38,7,2148,2,5,-1,-1
201497NC00406,2,9,0,2,0,0,0,0,0,0,2,1,6,3,28,6,2497,2,16,-1,1
201497NC00407,1,9,0,18,0,2,1,0,0,0,1,1,6,1,19,4,1124,1,9,-1,1
201497NC00407,2,9,0,18,0,2,1,0,0,0,2,1,6,1,18,4,1229,1,3,-1,1
201497NC00411,1,9,0,4,0,4,0,0,0,0,1,1,6,1,25,5,1229,1,2,-1,2
201497NC00411,2,9,0,3,0,4,0,0,0,0,2,1,6,2,21,5,1598,1,-1,-1,1
201497NC00506,1,9,0,1,7,0,0,0,0,0,2,1,6,1,50,8,-1,-1,-1,-1,-1
201497NC00510,1,9,0,18,0,1,0,0,0,0,1,1,6,2,28,6,-1,-1,-1,-1,-1
201497NC00510,2,1,0,18,0,1,0,0,0,0,1,1,6,1,25,5,-1,-1,-1,-1,1
201497NC00602,1,9,0,13,0,1,0,0,0,10,1,1,6,2,19,4,998,1,1,-1,1
201497NC00602,2,8,0,9,0,1,0,0,0,0,3,1,1,1,39,7,1896,2,6,-1,1
201497NC00603,1,9,0,18,0,0,0,0,0,0,1,1,6,1,57,9,1390,1,5,-1,3
201497NC00607,1,9,0,18,0,0,1,0,0,0,1,1,6,2,19,4,1248,2,4,-1,3
201497NC00607,2,9,0,4,0,0,0,0,0,0,2,1,6,2,52,8,2143,2,1,-1,3
201497NC00611,1,9,0,18,0,0,0,0,0,0,1,1,6,2,53,8,1360,1,14,-1,1
201497NC00611,2,9,0,6,0,0,0,0,0,0,4,1,1,2,48,8,1560,2,3,-1,1
201497NC00701,1,9,0,18,0,1,1,0,1,1,2,1,1,2,47,8,1995,2,3,-1,1
201497NC00703,1,9,0,4,0,0,1,0,0,0,1,1,6,2,24,5,1298,1,15,-1,1
201497NC00703,2,9,0,18,0,0,0,0,0,0,3,1,6,2,54,8,1390,1,2,-1,1
201497NC00709,1,9,0,18,0,1,0,0,0,0,1,1,6,1,48,8,1368,1,4,-1,1
201497NC00709,2,9,0,3,0,1,0,0,0,0,2,1,6,1,33,6,1229,1,6,-1,1
201497NC00709,3,9,0,3,0,1,0,0,0,0,2,1,6,2,33,6,1598,1,4,-1,1
201497NC00709,4,9,0,3,0,8,0,0,0,0,0,1,6,2,27,6,1398,1,3,-1,1
201497NC00710,1,1,0,18,5,1,0,4,0,0,2,1,2,1,44,7,-1,-1,-1,-1,1
201497NC00710,2,19,0,2,5,1,0,0,0,0,0,1,1,1,53,8,1995,2,4,-1,2
201497NC00712,1,9,0,3,0,4,0,0,0,0,1,1,6,2,40,7,1229,1,1,-1,1
201497NC00712,2,9,0,3,0,4,0,0,0,0,2,1,6,2,55,8,1197,1,-1,-1,3
201497NC00801,1,9,0,9,0,7,0,0,0,0,1,1,1,1,47,8,-1,-1,-1,-1,3
201497NC00801,2,9,0,14,0,8,0,0,0,0,4,1,1,2,26,6,1242,1,1,-1,1
201497NC00810,1,9,0,9,0,2,0,0,0,0,0,1,6,1,54,8,1587,1,11,-1,2
201497NC00810,2,3,0,16,0,1,1,0,0,0,0,1,2,2,18,4,125,1,4,-1,3
201497NC00811,1,9,0,12,0,0,0,0,4,6,2,1,6,1,58,9,2231,2,8,-1,1
201497NC00811,2,9,0,18,0,0,0,0,0,0,1,1,6,1,34,6,1339,1,3,-1,-1
201497NC00812,1,9,0,17,0,0,0,0,0,0,1,1,6,2,35,6,1783,1,10,-1,-1
201497NC00812,2,9,0,17,0,0,0,0,0,0,2,1,6,2,45,7,-1,-1,-1,-1,-1
201497NC00902,1,9,0,18,0,0,0,0,0,0,2,1,6,1,22,5,973,1,13,-1,2
201497NC00902,2,9,0,3,0,0,0,0,0,0,2,1,6,2,27,6,1390,1,3,-1,2
201497NC00902,3,9,0,3,0,0,0,0,0,0,2,1,6,2,34,6,998,1,11,-1,-1
201497NC00903,1,1,0,18,0,0,0,0,0,0,4,1,6,1,21,5,-1,-1,-1,-1,2
201497NC00903,2,9,0,18,0,0,0,0,0,0,1,1,6,2,28,6,996,1,5,-1,1
201497NC00906,1,9,0,7,0,8,0,0,0,0,1,1,3,1,41,7,1685,2,3,-1,3
201497NC00906,2,1,0,18,0,1,0,0,0,0,1,1,6,1,43,7,-1,-1,-1,-1,3
201497NC01004,1,9,0,5,0,1,0,0,0,0,1,1,6,1,43,7,-1,-1,-1,-1,3
201497NC01004,2,9,0,5,0,1,0,0,0,0,2,1,6,1,43,7,1995,2,-1,-1,1
201497NC01009,1,1,0,18,9,1,0,0,0,0,1,1,6,1,11,3,-1,-1,-1,-1,1
201497NC01009,2,9,0,7,0,1,0,0,0,0,4,1,6,2,43,7,1598,1,13,-1,1
201497NC01011,1,9,0,18,0,0,5,0,0,0,1,1,6,2,58,9,1242,1,4,-1,1
201497NC01011,2,9,0,6,0,0,0,4,0,0,4,1,6,1,30,6,1149,1,10,-1,1
201497NC01011,3,9,0,2,9,0,0,4,2,2,3,1,6,1,45,7,1360,1,10,-1,1
201497NC01011,4,9,0,2,9,0,0,0,0,0,2,1,6,2,50,8,3996,1,12,-1,1
201497NC01011,5,9,0,2,9,0,0,0,0,0,1,1,6,1,30,6,1198,1,4,-1,2
201497NC01011,6,9,0,2,9,0,0,0,0,0,2,1,6,1,30,6,-1,-1,-1,-1,1
201497NC01101,1,9,0,18,0,0,1,0,0,6,1,1,1,1,29,6,-1,-1,-1,-1,1
201497NC01101,2,9,0,18,0,0,1,0,0,6,2,1,1,1,59,9,1896,2,11,-1,3
201497NC01101,3,9,0,18,0,0,0,0,0,0,0,1,6,3,40,7,-1,-1,-1,-1,-1
201497NC01106,1,9,0,16,0,0,1,0,1,11,1,1,2,2,17,4,1149,1,9,-1,3
201497NC01110,1,19,0,18,0,8,0,0,0,0,1,1,1,1,34,6,2143,2,1,-1,3
201497NC01110,2,9,0,18,0,1,0,0,0,0,1,1,2,1,46,8,1686,2,1,-1,1
201497NC01112,1,9,0,18,0,1,0,0,0,0,1,1,6,1,80,11,1242,1,11,-1,3
201497NC01112,2,9,0,10,0,1,0,0,0,0,2,1,2,2,51,8,1968,2,2,-1,3
201497NC01201,1,9,0,17,0,0,0,0,0,0,1,1,2,1,61,9,1988,2,10,-1,1
201497NC01201,2,9,0,2,0,0,0,0,0,0,2,1,3,2,50,8,1596,1,11,-1,1
201497NC01202,1,9,0,7,0,1,0,0,0,0,0,1,2,2,43,7,1796,1,7,-1,3
201497NC01209,1,9,0,17,0,8,0,0,0,0,1,1,2,1,37,7,1598,1,12,-1,-1
201497NC01209,2,9,0,3,0,8,0,0,0,0,2,1,1,2,25,5,1560,2,5,-1,-1
201497NC01305,1,9,0,6,4,0,0,0,0,0,3,1,6,1,28,6,1149,1,6,-1,1
201497NC01305,2,1,0,18,0,0,0,0,0,0,0,1,6,1,51,8,-1,-1,-1,-1,-1
201497NC01311,1,9,0,18,0,0,1,0,0,10,1,1,6,1,20,4,1242,1,7,-1,2
201497NC01312,1,9,0,1,0,0,0,0,0,0,2,1,6,1,44,7,1461,2,4,-1,2
201497NC01312,2,9,0,3,0,0,0,0,0,0,1,1,6,1,49,8,1560,2,-1,-1,-1
201497NC01403,1,9,0,4,0,0,0,0,0,0,1,1,6,1,53,8,1598,2,1,3,1
201497NC01403,2,9,0,4,0,0,1,0,0,0,1,1,6,1,45,7,1493,2,8,-1,1
201497NC01403,3,9,0,3,0,0,0,0,0,0,2,1,6,1,47,8,1360,1,3,-1,1
201497NC01403,4,9,0,3,0,0,0,0,0,0,1,1,6,2,37,7,1248,1,1,-1,3
201497NC01404,1,9,0,18,0,0,5,0,0,0,3,1,6,1,30,6,1998,1,11,-1,1
201497NC01404,2,9,0,2,0,0,0,0,0,0,0,1,6,1,20,4,1086,1,6,-1,1
201497NC01405,1,5,0,17,0,0,1,0,0,0,1,1,6,1,28,6,988,1,10,-1,-1
201497NC01504,1,1,0,18,0,0,0,4,0,0,1,1,2,1,39,7,-1,-1,-1,-1,1
201497NC01504,2,19,0,2,0,0,0,0,0,0,2,1,6,1,32,6,7146,2,2,-1,1
201497NC01505,1,9,0,18,0,1,0,0,0,0,0,1,6,2,45,7,1598,1,3,-1,1
201497NC01505,2,9,0,9,0,5,0,0,0,0,2,1,6,1,26,6,998,1,12,-1,1
201497NC01508,1,9,0,18,0,0,5,10,1,11,4,1,6,2,19,4,1397,1,7,-1,1
201497NC01607,1,9,0,18,0,8,1,11,1,0,1,1,6,1,18,4,1242,1,6,-1,-1
201497NC01608,1,9,0,18,0,0,0,0,0,0,1,1,6,2,18,4,998,1,8,-1,2
201497NC01609,1,9,0,16,0,0,5,0,8,10,2,1,6,1,28,6,1398,1,2,-1,1
201497NC01701,1,9,0,17,0,8,0,0,0,0,1,1,6,2,28,6,1868,2,14,-1,-1
201497NC01701,2,9,0,16,0,4,0,0,0,0,1,1,6,1,36,7,-1,-1,-1,-1,-1
201497NC01709,1,8,0,18,0,0,0,0,7,0,1,1,1,1,34,6,1910,2,7,-1,1
201497NC01709,2,9,0,18,0,0,0,11,1,7,2,1,2,1,77,11,2148,2,11,-1,1
201497NC01711,1,19,0,12,0,0,5,0,0,0,1,1,1,1,49,8,1560,2,3,-1,-1
201497NC01711,2,19,0,11,0,0,0,0,0,0,1,1,1,1,67,10,-1,-1,-1,-1,1
201497NC01801,1,9,0,18,0,4,1,9,0,1,1,1,6,1,25,5,1248,2,4,-1,1
201497NC01803,1,9,0,18,0,1,0,0,0,0,1,1,6,2,27,6,998,1,2,-1,1
201497NC01803,2,9,0,1,0,1,0,0,0,0,2,1,6,2,42,7,1229,1,9,-1,1
201497NC01910,1,9,0,9,0,2,0,0,0,0,4,1,6,1,27,6,1388,1,11,-1,1
201497NC01910,2,9,0,18,0,8,0,0,0,0,1,1,1,1,46,8,-1,-1,-1,-1,1
201497NC02011,1,9,0,16,0,1,1,0,0,0,1,1,6,1,18,4,1199,1,11,-1,1
201497NC02011,2,11,0,3,0,1,0,0,0,0,3,1,1,1,51,8,1968,2,4,-1,1
201497NC02101,1,9,0,15,0,0,1,0,7,1,2,1,6,1,51,8,998,1,5,-1,1
201497NC02101,2,11,0,15,0,0,0,0,0,0,1,1,1,1,48,8,7300,2,8,-1,2
201497NC02204,1,9,0,9,0,0,0,0,0,0,1,1,2,1,24,5,1794,1,12,-1,1
201497NC02204,2,9,0,16,0,0,1,0,0,0,3,1,6,2,41,7,1248,2,5,-1,1
201497NC02204,3,19,0,18,0,0,0,0,0,0,1,1,1,1,49,8,1870,2,12,-1,1
201497NC02207,1,5,0,13,0,0,1,0,0,0,4,1,6,1,36,7,1000,1,4,-1,1
201497NC02207,2,9,0,18,0,0,0,0,0,0,2,1,6,3,40,7,-1,-1,-1,-1,-1
201497NC02210,1,9,0,7,0,1,0,0,0,0,3,1,6,1,77,11,973,1,11,-1,1
201497NC02210,2,11,0,18,0,1,0,0,0,0,1,1,1,1,32,6,7300,2,8,-1,1
201497NC02211,1,9,0,18,0,1,0,0,0,0,3,1,1,2,63,9,1582,2,2,-1,3
201497NC02211,2,9,0,18,0,1,0,0,0,0,3,1,1,2,20,4,1796,7,10,-1,1
201497NC02307,1,9,0,12,0,7,0,0,0,0,1,1,2,1,41,7,1995,2,1,-1,3
201497NC02307,2,1,0,17,0,1,0,0,0,0,2,1,2,1,41,7,-1,-1,-1,-1,1
201497NC02310,1,9,0,16,9,0,0,0,7,3,1,1,6,1,17,4,1389,1,18,-1,2
201497NC02501,1,9,0,18,0,0,0,10,0,0,1,1,6,1,30,6,4395,1,1,-1,3
201497NC02501,2,19,0,2,6,0,0,0,0,0,3,1,1,1,52,8,2143,2,2,-1,1
201497NC02510,1,9,0,18,0,1,0,0,0,0,1,1,6,2,19,4,1299,1,12,-1,1
201497NC02510,2,9,0,18,0,1,0,0,0,0,1,1,6,2,45,7,998,1,12,-1,-1
201497NC02510,3,9,0,18,0,1,0,0,0,0,2,1,6,1,26,6,-1,-1,-1,-1,1
201497NC02510,4,9,0,18,0,1,0,0,0,0,4,1,6,1,63,9,1560,2,4,-1,-1
201497NC02603,1,9,0,7,0,1,0,0,0,0,1,1,6,2,23,5,1229,1,6,-1,2
201497NC02604,1,9,0,16,0,0,0,0,0,0,1,1,6,3,28,6,-1,-1,-1,-1,-1
201497NC02604,2,9,0,17,0,0,0,0,1,0,4,1,6,2,44,7,1368,1,3,-1,2
201497NC02605,1,19,0,4,0,0,0,10,0,2,3,1,1,1,41,7,4461,2,2,9,2
201497NC02606,1,9,0,11,0,0,0,0,0,0,4,1,6,1,76,11,2099,1,11,-1,1
201497NC02606,2,9,0,16,0,0,0,0,0,0,1,1,6,1,61,9,1560,2,1,-1,1
201497NC02701,1,1,0,18,0,0,0,7,0,0,1,1,6,1,43,7,-1,-1,-1,-1,1
201497NC02711,1,9,0,17,0,0,2,0,7,4,4,1,2,1,46,8,-1,-1,-1,-1,2
201497NC02805,1,19,0,16,0,0,1,0,0,0,0,1,2,1,37,7,2198,2,8,-1,2
201497NC02904,1,9,0,18,0,2,0,0,0,0,1,1,6,1,20,4,1590,1,12,-1,3
201497NC03003,1,8,0,18,0,4,0,0,0,0,1,1,1,1,43,7,1896,2,5,-1,1
201497NC03003,2,9,0,3,0,4,0,0,0,0,2,1,3,2,35,6,1498,1,6,-1,1
201497NC03105,1,9,0,18,6,0,1,0,4,6,1,1,1,1,48,8,1598,2,4,-1,-1
201497NC03303,1,9,0,11,0,8,0,0,0,0,0,1,6,3,40,7,-1,-1,-1,-1,-1
201497NC03303,2,9,0,18,0,8,1,0,1,6,1,1,6,2,46,8,1560,2,6,-1,1
201497NC70105,1,9,0,16,0,7,2,0,1,7,1,1,1,1,38,7,1753,2,7,-1,1
201497NC70108,1,9,0,17,0,0,2,0,4,11,1,1,6,1,18,4,1364,1,8,-1,2
201497NC70111,1,9,0,1,0,0,0,0,0,0,2,1,6,1,59,9,1560,2,-1,-1,1
201497NC70211,1,9,0,17,0,3,2,0,1,2,3,1,1,2,32,6,1588,1,10,-1,1
201497NC70303,1,9,0,5,0,2,0,0,0,0,1,1,6,1,57,9,1560,2,5,-1,2
201497NC70308,1,9,0,18,0,0,0,0,0,0,1,1,1,1,40,7,2204,2,8,-1,1
201497NC70308,2,9,0,18,0,0,0,0,0,0,2,1,1,1,39,7,998,1,2,-1,1
201497NC70310,1,9,0,18,0,0,0,0,0,0,1,1,1,1,59,9,1997,2,6,-1,1
201497NC70310,2,10,0,11,0,0,0,0,0,0,2,1,6,1,47,8,2998,2,5,-1,1
201497NC70404,1,21,1,18,0,0,4,0,6,6,3,1,1,1,45,7,12900,2,4,9,1
201497NC70611,1,9,0,18,0,0,0,0,0,0,1,1,6,1,66,10,1389,1,10,-1,1
201497NC70611,2,9,0,18,0,0,0,0,0,0,1,1,6,2,21,5,1149,1,-1,-1,1
201497NC70611,3,9,0,18,0,0,0,0,0,0,1,1,6,3,41,7,1968,2,3,-1,1
201497NC70611,4,9,0,18,0,0,0,0,0,0,1,1,6,1,59,9,1686,2,-1,8,1
201497NC70611,5,21,1,18,0,0,0,0,0,0,1,1,1,1,42,7,-1,-1,-1,-1,-1
201497ND00102,1,9,0,16,0,1,0,0,0,0,1,1,6,1,63,9,-1,-1,-1,-1,1
201497ND00102,2,9,0,10,0,1,0,0,0,0,2,1,1,2,39,7,1850,1,14,-1,1
201497ND00103,1,9,0,18,0,1,0,0,0,0,1,1,6,1,41,7,3248,1,17,-1,1
201497ND00103,2,8,0,10,0,1,0,0,0,0,2,1,1,1,60,9,1896,2,6,-1,1
201497ND00104,1,9,0,18,0,0,0,0,0,0,1,1,6,2,22,5,998,1,12,-1,1
201497ND00105,1,9,0,18,0,1,0,0,0,0,1,1,1,1,23,5,-1,-1,-1,-1,2
201497ND00111,1,8,0,18,0,1,0,0,0,0,4,1,1,1,42,7,1896,2,6,-1,1
201497ND00201,1,9,0,18,0,4,0,0,0,0,1,1,2,2,37,7,1360,1,8,-1,1
201497ND00201,2,9,0,3,0,4,0,0,0,0,2,1,6,2,59,9,1753,2,12,-1,1
201497ND00203,1,17,4,18,0,4,0,0,0,0,1,1,6,1,40,7,-1,2,14,-1,3
201497ND00203,2,8,0,10,0,2,0,0,0,0,2,1,6,1,52,8,1598,2,1,-1,1
201497ND00206,1,9,0,18,0,0,0,0,0,0,1,1,1,2,22,5,-1,-1,-1,-1,1
201497ND00206,2,9,0,18,0,0,0,0,0,0,2,1,1,2,54,8,1198,1,3,-1,1
201497ND00206,3,9,0,6,0,0,0,0,0,0,0,1,6,2,20,4,-1,-1,-1,-1,-1
201497ND00208,1,9,0,18,0,0,0,0,0,0,1,1,6,2,31,6,1560,2,2,-1,1
201497ND00305,1,9,0,16,9,0,0,0,7,2,1,1,2,1,43,7,1390,1,10,-1,1
201497ND00306,1,9,0,18,0,0,0,7,0,2,3,1,6,1,47,8,1956,2,2,-1,1
201497ND00401,1,9,0,9,0,8,0,0,0,0,1,1,6,1,67,10,1686,2,11,-1,1
201497ND00401,2,9,0,5,0,8,0,0,0,0,1,1,3,2,51,8,1461,2,3,-1,1
201497ND00409,1,20,0,2,6,2,0,0,0,0,0,1,1,1,28,6,6374,2,1,-1,-1
201497ND00409,2,20,0,18,0,2,0,11,0,0,1,1,1,1,48,8,4249,2,1,-1,3
201497ND00506,1,9,0,4,0,1,0,0,0,0,3,1,6,1,40,7,1995,2,-1,-1,-1
201497ND00509,1,9,0,3,0,0,0,0,0,0,4,1,6,1,42,7,1998,2,9,-1,1
201497ND00509,2,9,0,15,0,0,0,0,0,0,3,1,6,2,32,6,1229,1,5,-1,1
201497ND00512,1,21,0,3,0,4,0,0,0,0,1,1,1,1,64,9,3920,2,5,-1,1
201497ND00512,2,9,0,3,0,4,0,0,0,0,2,1,1,1,48,8,1995,1,9,-1,1
201497ND00603,1,9,0,9,0,1,0,0,0,0,1,1,6,2,18,4,-1,-1,-1,-1,1
201497ND00603,2,1,0,18,0,1,0,0,0,0,1,1,1,1,35,6,-1,-1,-1,-1,3
201497ND00606,1,9,0,18,0,0,0,0,0,0,3,1,2,1,39,7,1560,2,1,-1,1
201497ND00609,1,9,0,18,0,1,0,0,0,0,0,1,6,3,35,6,-1,-1,-1,-1,-1
201497ND00609,2,5,0,10,0,1,1,6,0,0,0,1,2,1,56,9,599,1,15,-1,1
201497ND00611,1,9,0,18,0,8,0,0,0,0,2,1,2,1,53,8,1994,2,11,-1,1
201497ND00611,2,20,0,10,0,1,0,0,0,0,2,1,1,1,43,7,5880,2,6,-1,-1
201497ND00705,1,9,0,18,0,0,1,10,2,2,1,1,6,1,21,5,2521,1,4,-1,1
201497ND00708,1,9,0,14,0,0,1,0,0,0,1,1,6,1,41,7,1598,1,7,-1,1
201497ND00708,2,9,0,2,0,0,0,0,0,0,2,1,2,2,46,8,1781,1,15,-1,1
201497ND00708,3,9,0,2,0,0,0,0,0,0,3,1,6,3,30,6,1951,2,13,-1,1
201497ND00710,1,9,0,11,0,3,0,0,0,0,4,1,6,2,40,7,-1,-1,-1,-1,-1
201497ND00710,2,1,0,18,0,8,0,0,0,0,1,1,6,1,42,7,-1,-1,-1,-1,2
201497ND00803,1,9,0,4,0,0,0,0,0,0,1,1,3,1,50,8,1685,2,1,-1,1
201497ND00806,1,9,0,18,0,0,0,0,0,0,0,1,1,1,22,5,-1,-1,-1,-1,1
201497ND00806,2,8,0,10,0,0,0,0,0,0,2,1,1,1,53,8,1896,2,5,-1,1
201497ND00902,1,9,0,15,0,1,0,0,0,0,1,1,6,2,56,9,-1,-1,-1,-1,1
201497ND00902,2,9,0,15,0,1,0,0,0,0,1,1,6,2,56,9,-1,-1,-1,-1,1
201497ND00907,1,9,0,18,0,8,0,0,0,0,3,1,6,2,23,5,1229,1,-1,-1,1
201497ND00907,2,9,0,5,0,8,0,0,0,0,1,1,6,1,44,7,1124,1,12,-1,1