Accident_Index,Vehicle_Reference,Vehicle_Type,Towing_and_Articulation,Vehicle_Manoeuvre,Vehicle_Location-Restricted_Lane,Junction_Location,Skidding_and_Overturning,Hit_Object_in_Carriageway,Vehicle_Leaving_Carriageway,Hit_Object_off_Carriageway,1st_Point_of_Impact,Was_Vehicle_Left_Hand_Drive?,Journey_Purpose_of_Driver,Sex_of_Driver,Age_of_Driver,Age_Band_of_Driver,Engine_Capacity_(CC),Propulsion_Code,Age_of_Vehicle,Driver_IMD_Decile,Driver_Home_Area_Type
201497ND00911,1,9,0,5,0,1,0,0,0,0,3,1,2,1,46,8,1791,8,2,-1,1
201497ND00911,2,9,0,18,0,1,0,0,0,0,4,1,2,1,27,6,1598,1,7,-1,1
201497ND00912,1,9,0,4,0,0,0,0,0,0,1,1,1,1,51,8,1587,1,12,-1,1
201497ND01002,1,9,0,14,0,1,1,4,0,0,1,1,6,1,26,6,1796,1,13,-1,1
201497ND01002,2,9,0,18,0,1,0,10,0,0,1,1,6,2,41,7,1598,1,11,-1,1
201497ND01002,3,9,0,2,0,1,0,0,0,0,3,1,1,2,40,7,1968,2,3,-1,-1
201497ND01004,1,9,0,18,0,0,0,0,0,0,1,1,1,1,27,6,1560,2,1,-1,1
201497ND01004,2,9,0,18,0,0,0,0,1,0,2,1,1,1,22,5,1596,1,4,-1,1
201497ND01107,1,1,0,18,0,1,0,0,0,0,1,1,2,1,34,6,-1,-1,-1,-1,1
201497ND01107,2,9,0,4,0,1,0,0,0,0,3,1,6,2,54,8,1895,1,16,-1,1
201497ND01110,1,9,0,3,0,4,0,0,0,0,1,1,1,2,33,6,1364,2,6,-1,1
201497ND01110,2,9,0,4,0,4,0,0,0,0,2,1,1,2,49,8,1956,2,2,-1,1
201497ND01207,1,9,0,18,0,0,1,0,7,4,1,1,6,2,43,7,1461,2,11,-1,1
201497ND01210,1,22,0,9,0,1,0,0,0,0,4,1,6,1,57,9,-1,-1,-1,-1,1
201497ND01210,2,9,0,17,0,7,0,0,0,0,1,1,6,2,36,7,1686,2,9,-1,-1
201497ND01211,1,19,0,4,0,0,0,0,0,0,1,1,1,1,50,8,2198,2,-1,1,1
201497ND01211,2,19,0,3,0,0,0,0,0,0,2,1,1,1,34,6,2402,2,3,-1,1
201497ND01303,1,9,0,16,0,0,0,0,0,0,1,1,6,1,17,4,1686,2,9,-1,-1
201497ND01303,2,9,0,18,0,0,0,0,0,0,1,1,6,2,22,5,1598,1,3,-1,1
201497ND01304,1,19,0,5,9,0,0,0,0,0,4,1,6,2,29,6,2402,2,7,-1,-1
201497ND01304,2,9,0,18,0,0,0,0,0,0,3,1,6,2,45,7,1248,2,5,-1,1
201497ND01305,1,9,0,16,0,1,0,0,0,0,4,1,2,1,44,7,1242,1,4,-1,3
201497ND01309,1,9,0,5,0,1,0,0,0,0,1,1,3,2,33,6,1199,2,3,-1,1
201497ND01309,2,9,0,18,0,8,0,0,0,0,4,1,3,1,42,7,1896,2,5,-1,1
201497ND01403,1,9,0,7,0,2,0,0,0,0,0,1,6,1,20,4,1197,1,4,-1,1
201497ND01403,2,9,0,18,0,8,0,0,0,0,3,1,6,2,47,8,1124,1,9,-1,1
201497ND01404,1,21,1,9,0,8,0,0,0,0,4,1,1,1,59,9,12419,2,2,-1,2
201497ND01404,2,9,0,18,0,8,0,0,0,0,1,1,2,1,28,6,1364,1,8,-1,1
201497ND01410,1,9,0,18,0,0,0,0,0,0,1,1,2,2,58,9,1229,1,8,-1,1
201497ND01501,1,9,0,18,0,0,0,0,0,0,1,1,2,2,21,5,1796,1,5,-1,1
201497ND01501,2,3,0,18,0,0,0,0,0,0,1,1,2,1,27,6,124,1,11,-1,1
201497ND01506,1,19,0,11,0,0,0,0,0,0,4,1,6,1,28,6,1560,2,6,-1,1
201497ND01506,2,9,0,18,0,0,0,0,1,0,3,1,2,2,35,6,1560,2,1,-1,1
201497ND01601,1,9,0,4,0,1,0,0,0,0,1,1,6,2,54,8,995,1,3,-1,1
201497ND01602,1,9,0,1,0,0,0,0,0,0,2,1,6,2,37,7,1997,2,10,-1,1
201497ND01605,1,9,0,18,0,4,0,0,0,0,4,1,6,1,65,9,1560,2,3,-1,1
201497ND01605,2,1,0,18,0,4,0,0,0,0,1,1,1,1,40,7,-1,-1,-1,-1,-1
201497ND01607,1,9,0,5,0,2,0,0,0,0,1,1,6,1,75,10,1997,2,-1,-1,1
201497ND01607,2,9,0,18,0,2,1,0,0,0,1,1,6,1,56,9,1362,1,-1,-1,1
201497ND01608,1,9,0,18,0,1,0,0,0,0,4,1,2,2,53,8,1399,2,3,-1,1
201497ND01703,1,9,0,18,0,0,0,0,0,0,1,1,1,1,25,5,1968,2,2,-1,1
201497ND01703,2,9,0,4,0,0,0,0,0,0,2,1,1,1,39,7,-1,-1,-1,-1,-1
201497ND01705,1,9,0,15,0,0,0,0,0,0,1,1,6,2,45,7,1368,1,3,-1,1
201497ND01705,2,9,0,2,0,0,0,0,0,0,2,1,6,1,48,8,1598,1,3,-1,1
201497ND01802,1,9,0,18,0,1,0,0,0,0,1,1,6,1,28,6,1968,2,7,-1,3
201497ND01802,2,9,0,4,0,1,0,0,0,0,2,1,1,1,43,7,1560,2,1,-1,1
201497ND01810,1,9,0,4,0,1,0,0,0,0,1,1,6,1,56,9,1753,2,7,-1,1
201497ND01810,2,9,0,3,0,1,0,0,0,0,2,1,1,2,17,4,1582,2,4,-1,-1
201497ND01907,1,90,0,17,0,0,0,0,0,0,1,1,6,1,60,9,2198,2,-1,-1,1
201497ND01907,2,9,0,16,0,0,0,0,0,0,1,1,6,2,66,10,1198,1,-1,-1,1
201497ND02011,1,9,0,17,0,1,2,0,1,2,2,2,6,1,19,4,1229,1,4,-1,1
201497ND02106,1,9,0,18,0,0,0,0,0,0,3,1,6,2,62,9,1591,1,2,-1,1
201497ND02205,1,9,0,18,0,1,0,4,0,0,1,1,6,2,41,7,1206,1,5,-1,1
201497ND02205,2,11,0,2,0,1,0,0,0,0,2,1,1,1,31,6,5900,2,14,-1,2
201497ND02206,1,9,0,4,0,1,0,0,0,0,2,1,6,1,30,6,1598,2,1,-1,-1
201497ND02206,2,9,0,5,0,1,0,0,0,0,0,1,6,2,27,6,1560,2,2,-1,1
201497ND02301,1,8,0,2,9,0,0,0,0,0,3,1,1,1,45,7,2179,2,5,-1,-1
201497ND02305,1,9,0,3,0,0,0,0,0,0,0,1,6,1,76,11,3498,1,12,-1,-1
201497ND02307,1,9,0,3,0,4,0,0,0,0,2,1,6,1,80,11,999,1,20,-1,1
201497ND02307,2,9,0,3,0,4,0,0,0,0,0,1,6,2,50,8,1560,2,3,-1,1
201497ND02505,1,9,0,3,0,1,0,0,0,0,1,1,6,1,80,11,1686,2,9,-1,1
201497ND02505,2,9,0,3,0,1,0,0,0,0,2,1,6,2,50,8,1896,2,10,-1,1
201497ND02507,1,9,0,18,0,1,0,0,1,4,1,1,6,2,73,10,1399,1,7,-1,1
201497ND02507,2,9,0,10,0,1,0,0,0,0,2,1,6,2,59,9,1598,1,1,-1,1
201497ND03005,1,9,0,16,0,0,1,7,8,10,1,1,6,1,22,5,1997,2,13,-1,3
201497ND03005,2,9,0,17,0,0,0,7,1,10,1,1,6,1,62,9,1229,1,3,-1,3
201497ND70101,1,9,0,18,0,0,0,11,0,0,1,1,6,1,47,8,1199,1,12,-1,1
201497ND70102,1,9,0,18,0,0,0,0,1,0,1,1,2,1,46,8,1598,1,11,-1,1
201497ND70102,2,17,0,18,0,0,0,0,0,0,0,1,1,1,52,8,-1,-1,-1,7,3
201497ND70104,1,9,0,18,0,0,0,0,0,0,1,1,1,1,47,8,-1,-1,-1,-1,1
201497ND70105,1,9,0,18,0,0,0,0,0,0,1,1,2,1,28,6,1995,1,6,-1,1
201497ND70105,2,9,0,3,0,0,0,0,0,0,2,1,2,1,46,8,1685,2,1,-1,3
201497ND70105,3,9,0,3,0,0,0,0,0,0,2,1,2,2,46,8,1390,1,7,-1,2
201497ND70109,1,5,0,18,0,3,2,0,0,0,1,1,6,1,21,5,1284,1,11,-1,1
201497ND70110,1,9,0,4,0,0,0,0,0,0,1,1,1,2,27,6,1124,1,7,-1,1
201497ND70202,1,9,0,5,0,7,0,0,0,0,0,1,6,2,50,8,-1,-1,-1,-1,-1
201497ND70202,2,9,0,5,0,1,1,0,0,0,1,1,6,2,64,9,1299,1,9,-1,1
201497ND70202,3,9,0,3,0,1,1,0,1,7,2,1,6,1,47,8,1679,1,13,-1,1
201497ND70204,1,9,0,5,0,7,0,0,0,0,1,1,6,1,27,6,1242,1,3,-1,1
201497ND70204,2,9,0,3,0,7,0,0,0,0,2,1,6,2,69,10,1598,1,1,-1,1
201497ND70206,1,9,0,17,0,0,0,0,0,11,1,1,6,1,21,5,1596,1,1,-1,1
201497ND70208,1,9,0,18,0,0,0,0,0,0,1,1,6,1,22,5,1968,2,2,-1,3
201497ND70209,1,9,0,9,0,2,0,0,0,0,3,1,6,1,53,8,1242,1,1,-1,1
201497ND70209,2,9,0,14,0,1,0,4,0,0,3,1,6,1,27,6,1200,1,-1,-1,1
201497ND70209,3,9,0,2,0,1,0,0,0,0,4,1,6,1,35,6,1995,1,5,-1,1
201497ND70305,1,9,0,18,0,8,0,0,0,0,1,1,6,2,29,6,1590,1,10,-1,1
201497ND70305,2,9,0,18,0,8,0,0,0,0,2,1,6,2,22,5,1910,2,7,-1,1
201497ND70306,1,9,0,9,0,8,0,0,0,0,4,1,6,2,18,4,998,1,6,-1,3
201497ND70306,2,9,0,18,0,8,0,0,7,1,1,1,1,1,24,5,-1,-1,-1,-1,1
201497ND70307,1,9,0,12,0,3,0,10,0,0,1,1,6,2,50,8,1198,1,6,-1,1
201497ND70307,2,11,0,3,0,2,0,0,0,0,4,1,1,1,72,10,4250,2,17,-1,1
201497ND70309,1,9,0,18,0,0,0,0,0,0,1,1,2,1,28,6,1998,1,12,-1,1
201497ND70309,2,19,0,4,0,0,0,0,0,0,2,1,1,1,43,7,2198,2,-1,-1,3
201497ND70310,1,9,0,18,0,0,0,0,0,0,1,1,6,1,49,8,3628,2,7,-1,1
201497ND70310,2,9,0,18,0,0,0,0,0,0,2,1,6,2,37,7,1242,1,3,-1,1
201497ND70310,3,9,0,18,0,0,0,0,0,0,1,1,6,1,34,6,1968,2,2,-1,1
201497ND70310,4,9,0,18,0,0,0,0,0,0,2,1,6,2,46,8,998,1,2,-1,1
201497ND70310,5,9,0,18,0,0,0,0,0,0,1,1,6,2,32,6,1598,1,4,-1,1
201497ND70401,1,9,0,18,0,0,5,0,1,7,4,1,6,1,81,11,1560,2,1,-1,3
201497ND70407,1,20,0,3,0,3,0,0,0,0,1,1,1,1,54,8,9290,2,1,4,2
201497ND70407,2,9,0,3,0,3,0,0,0,0,2,1,6,1,39,7,1956,2,2,-1,-1
201497ND70409,1,9,0,18,0,0,0,0,0,0,1,1,3,2,48,8,2993,2,8,-1,1
201497ND70410,1,9,0,17,0,0,1,0,1,7,4,1,1,1,18,4,1398,1,4,-1,1
201497ND70412,1,19,0,18,0,1,0,0,0,0,1,1,1,1,36,7,2143,2,2,-1,1
201497ND70412,2,9,0,4,0,1,0,0,0,0,2,1,1,1,36,7,1461,2,-1,-1,-1
201497ND70504,1,5,0,17,0,0,1,0,7,7,4,1,6,1,49,8,1470,1,17,-1,1
201497ND70507,1,9,0,18,9,0,0,0,1,0,1,1,6,1,25,5,-1,-1,-1,-1,-1
201497ND70507,2,1,0,18,9,0,0,0,0,0,2,1,6,1,27,6,-1,-1,-1,-1,1
201497ND70510,1,9,0,18,0,3,0,0,0,0,3,1,2,1,22,5,2143,2,5,-1,-1
201497ND70510,2,9,0,18,0,2,0,0,0,0,1,1,6,1,68,10,1560,2,1,-1,-1
201497ND70512,1,9,0,7,0,1,0,0,1,4,1,1,6,2,38,7,2488,1,6,-1,1
201497ND70601,1,9,0,9,0,8,0,0,0,0,1,1,2,1,43,7,1968,2,6,-1,3
201497ND70601,2,9,0,18,0,1,0,0,0,0,1,1,2,1,24,5,1968,2,3,-1,1
201497ND70607,1,9,0,13,0,0,1,0,0,0,1,1,6,1,39,7,1905,2,19,-1,1
201497ND70607,2,9,0,16,0,0,1,0,1,4,1,1,6,2,22,5,1995,1,3,-1,1
201497ND70711,1,9,0,18,0,7,0,0,0,0,1,1,6,1,23,5,1198,1,1,-1,3
201497ND70711,2,9,0,4,0,1,0,0,0,0,2,1,6,1,57,9,1396,1,11,-1,1
201497ND70712,1,19,0,9,0,1,0,0,0,0,1,1,1,1,63,9,1995,2,4,-1,1
201497ND70812,1,9,0,13,0,0,2,10,5,7,3,1,6,1,24,5,1999,1,8,-1,1
201497NE00102,1,9,0,18,0,0,2,0,7,9,0,1,2,2,30,6,1086,1,9,-1,1
201497NE00104,1,9,0,18,0,5,0,0,0,0,0,1,6,3,30,6,-1,-1,-1,-1,-1
201497NE00104,2,9,0,18,0,4,1,0,3,10,1,1,6,1,19,4,-1,-1,-1,-1,1
201497NE00110,1,9,0,5,0,6,0,0,0,0,1,1,2,1,88,11,1360,7,10,-1,3
201497NE00110,2,9,0,18,0,1,0,0,0,0,1,1,2,2,45,7,-1,-1,-1,-1,3
201497NE00303,1,9,0,18,0,0,0,0,0,0,1,1,2,1,43,7,-1,-1,-1,-1,1
201497NE00303,2,9,0,4,0,0,0,0,0,0,2,1,2,2,33,6,1598,1,13,-1,3
201497NE00304,1,9,0,18,0,0,0,0,0,0,4,1,6,1,28,6,1968,2,10,-1,1
201497NE00306,1,9,0,17,0,0,1,0,0,0,4,1,1,1,17,4,998,1,8,-1,-1
201497NE00306,2,9,0,18,0,0,0,0,0,0,1,1,6,1,29,6,-1,-1,-1,-1,1
201497NE00307,1,21,0,18,0,0,1,0,0,0,1,1,1,1,31,6,6870,2,8,-1,1
201497NE00307,2,9,0,4,0,0,1,0,0,0,2,1,6,1,38,7,1598,2,1,-1,1
201497NE00401,1,9,0,5,0,0,0,0,0,0,4,1,6,1,63,9,2179,2,6,-1,1
201497NE00401,2,9,0,2,0,0,0,0,0,0,4,1,6,1,20,4,1998,1,11,-1,1
201497NE00409,1,9,0,18,0,0,0,0,0,0,3,1,6,2,30,6,1124,1,12,-1,1
201497NE00411,1,9,0,18,0,0,0,0,0,0,1,2,6,2,21,5,1587,1,13,-1,2
201497NE00411,2,9,0,3,0,0,0,0,0,0,2,2,6,2,49,8,1206,1,2,-1,3
201497NE00501,1,9,0,9,0,1,0,0,0,0,1,1,6,2,19,4,1390,1,3,-1,1
201497NE00501,2,9,0,18,0,8,0,4,0,0,4,1,6,2,38,7,1783,1,11,-1,1
201497NE00501,3,9,0,2,9,1,0,0,0,0,2,1,6,1,20,4,1199,1,14,-1,-1
201497NE00502,1,9,0,18,0,0,0,0,0,0,4,1,6,1,28,6,-1,-1,-1,-1,-1
201497NE00503,1,9,0,18,0,1,0,0,0,0,1,1,2,1,52,8,1298,1,12,-1,2
201497NE00503,2,9,0,9,0,1,0,0,7,11,2,1,6,1,25,5,1988,1,12,-1,2
201497NE00503,3,9,0,18,0,1,0,0,0,0,4,1,2,1,54,8,2179,2,6,-1,1
201497NE00601,1,9,0,18,0,4,0,0,0,0,3,1,3,2,38,7,2792,1,4,-1,1
201497NE00601,2,9,0,9,0,4,0,0,0,0,4,1,3,2,27,6,1461,2,1,-1,-1
201497NE00604,1,9,0,9,0,0,0,0,0,0,1,1,6,1,90,11,1498,1,8,-1,1
201497NE00604,2,9,0,18,0,0,0,0,0,0,1,1,6,2,26,6,1398,2,1,-1,2
201497NE00610,1,9,0,18,0,0,0,0,0,0,1,1,6,1,35,6,1997,1,13,-1,1
201497NE00705,1,9,0,4,0,0,0,0,0,0,1,1,2,2,26,6,1598,2,-1,-1,-1
201497NE00705,2,8,0,5,0,0,0,0,0,0,2,1,1,1,38,7,1997,2,2,-1,1
201497NE00709,1,9,0,5,0,0,0,0,0,0,1,1,6,2,36,7,1590,1,10,-1,3
201497NE00709,2,9,0,18,0,0,0,0,0,0,1,1,6,2,58,9,1397,1,13,-1,-1
201497NE00806,1,9,0,18,0,0,0,0,0,0,2,1,1,2,48,8,1461,2,2,-1,1
201497NE00806,2,9,0,18,0,0,0,0,0,0,1,1,2,1,22,5,1229,1,5,-1,1
201497NE00809,1,9,0,18,0,0,0,0,0,0,1,1,6,2,40,7,899,1,1,-1,1
201497NE00809,2,9,0,3,0,0,0,0,0,0,2,1,6,2,26,6,1598,1,3,-1,3
201497NE00904,1,9,0,18,0,0,0,0,0,0,1,1,6,1,67,10,1364,1,3,-1,1
201497NE01003,1,9,0,8,0,6,0,0,2,0,2,1,6,1,42,7,1086,1,10,-1,1
201497NE01003,2,9,0,18,0,8,0,0,0,0,1,1,6,1,68,10,1149,1,3,-1,1
201497NE01004,1,9,0,18,0,0,0,0,0,0,1,1,6,2,80,11,1598,1,12,-1,3
201497NE01004,2,9,0,10,0,0,0,0,0,0,2,1,6,2,63,9,1390,1,-1,-1,1
201497NE01010,1,9,0,5,0,2,0,0,7,11,1,1,6,1,27,6,1997,1,14,-1,-1
201497NE01010,2,9,0,18,0,8,0,0,0,0,4,1,6,2,42,7,1597,2,-1,-1,3
201497NE01101,1,9,0,4,0,1,0,0,0,0,1,1,1,1,20,4,1242,1,1,-1,1
201497NE01101,2,9,0,4,0,1,0,0,0,0,2,1,1,1,44,7,1910,2,4,-1,-1
201497NE01101,3,9,0,4,0,1,0,0,0,0,2,1,1,2,39,7,998,1,6,-1,-1
201497NE01104,1,9,0,18,0,1,1,0,7,11,1,1,6,2,24,5,1149,1,12,-1,1
201497NE01104,2,9,0,9,0,1,0,0,0,0,0,1,6,1,18,4,1686,2,-1,-1,1
201497NE01202,1,9,0,18,0,2,0,0,0,0,4,1,6,2,33,6,1995,2,10,-1,1
201497NE01209,1,9,0,9,0,1,0,0,0,0,1,1,1,1,20,4,1390,1,8,-1,1
201497NE01209,2,9,0,18,0,1,0,0,0,0,4,1,6,2,36,7,1910,2,7,-1,3
201497NE01210,1,9,0,9,0,6,0,0,0,0,3,1,2,1,62,9,1598,1,14,-1,-1
201497NE01210,2,3,0,18,0,1,0,0,0,0,1,1,2,1,44,7,124,1,1,-1,2
201497NE01212,1,9,0,18,0,1,1,0,0,0,2,1,6,1,35,6,-1,-1,-1,-1,1
201497NE01212,2,9,0,3,0,1,0,0,0,0,1,1,6,2,62,9,998,1,7,-1,1
201497NE01302,1,9,0,7,0,2,0,0,0,0,1,1,6,2,34,6,1124,1,14,-1,1
201497NE01302,2,9,0,18,0,2,0,0,0,0,1,1,6,1,70,10,1461,2,-1,-1,1
201497NE01502,1,9,0,4,0,4,0,0,0,0,1,1,6,1,38,7,1390,1,2,-1,1
201497NE01502,2,9,0,4,0,4,0,0,0,0,2,1,6,2,55,8,1596,1,13,-1,-1
201497NE01605,1,9,0,12,0,1,0,0,0,0,0,1,6,3,30,6,-1,-1,-1,-1,-1
201497NE01605,2,9,0,18,0,1,0,0,1,10,1,1,6,1,39,7,1388,1,11,-1,-1
201497NE01609,1,9,0,4,0,0,0,0,0,0,1,1,6,2,18,4,998,1,-1,-1,2
201497NE01609,2,9,0,4,0,0,0,0,0,0,2,1,2,2,33,6,1390,1,7,-1,1
201497NE01711,1,9,0,18,0,0,1,0,0,0,3,1,1,1,41,7,-1,-1,-1,-1,2
201497NE01711,2,9,0,18,0,0,1,0,0,0,1,1,2,2,37,7,1497,8,4,-1,1
201497NE01806,1,20,0,14,0,0,0,4,0,0,4,1,1,1,42,7,5480,2,12,-1,3
201497NE01806,2,9,0,2,0,0,0,0,0,0,2,1,6,1,32,6,1560,2,3,-1,1
201497NE01812,1,9,0,18,0,8,0,0,1,7,1,1,6,2,50,8,1598,1,8,-1,1
201497NE01812,2,9,0,9,0,8,0,0,0,0,4,1,6,1,32,6,1364,1,5,-1,2
201497NE01901,1,9,0,18,0,8,0,0,0,0,4,1,6,2,48,8,1199,1,12,-1,1
201497NE01901,2,9,0,18,0,8,0,0,0,0,1,1,6,1,67,10,1956,2,4,-1,1
201497NE01902,1,9,0,18,0,0,0,0,0,0,4,1,2,1,62,9,1986,2,7,-1,2
201497NE01903,1,9,0,9,0,1,0,0,0,0,4,1,6,2,36,7,1328,1,7,-1,1
201497NE01903,2,9,0,18,0,1,0,0,0,0,1,1,6,1,70,10,1591,1,2,-1,1
201497NE01905,1,9,0,18,0,0,0,0,0,0,0,1,6,1,63,9,1149,1,9,-1,1
201497NE01907,1,9,0,18,0,0,0,0,0,0,1,1,6,1,20,4,2143,2,2,-1,-1
201497NE01907,2,9,0,3,0,0,0,0,0,0,2,1,6,1,58,9,1956,2,-1,-1,1
201497NE02001,1,9,0,16,0,0,1,0,7,11,1,1,6,1,19,4,1149,1,9,-1,1
201497NE02004,1,19,0,9,0,8,0,0,0,0,4,1,2,1,31,6,-1,-1,-1,-1,3
201497NE02004,2,9,0,18,0,1,0,0,1,0,3,1,6,1,37,7,1560,2,1,-1,1
201497NE02011,1,8,0,18,0,1,0,0,0,0,1,1,1,1,28,6,-1,-1,-1,-1,1
201497NE02011,2,19,0,18,0,1,0,0,0,0,2,1,1,1,32,6,-1,-1,-1,-1,-1
201497NE02101,1,20,0,18,0,1,0,0,0,0,1,1,1,1,28,6,5880,2,5,-1,-1
201497NE02101,2,19,0,18,0,8,0,0,0,0,4,1,1,1,39,7,2143,2,2,-1,-1
201497NE02104,1,9,0,18,0,0,0,0,0,0,4,1,6,2,35,6,1995,1,3,-1,1
201497NE02104,2,9,0,18,0,0,0,0,0,0,3,1,6,2,51,8,1990,1,18,-1,1
201497NE02205,1,19,0,18,0,1,0,0,0,0,4,1,1,1,30,6,2198,2,2,-1,1
201497NE02205,2,9,0,9,0,1,0,0,1,11,3,1,1,1,35,6,1149,1,13,-1,1
201497NE02206,1,9,0,1,0,2,0,0,0,0,2,1,6,1,25,5,-1,-1,-1,-1,-1
201497NE02206,2,9,0,3,0,2,0,0,0,0,1,1,6,1,43,7,1598,1,5,-1,1
201497NE02207,1,9,0,18,0,0,2,0,1,11,1,1,1,2,34,6,1149,1,14,-1,2
201497NE02211,1,9,0,18,0,0,1,0,0,0,3,1,6,1,18,4,1364,1,7,-1,1
201497NE02211,2,9,0,18,0,0,0,0,1,10,1,1,6,2,21,5,998,1,3,-1,2
201497NE02401,1,9,0,4,0,0,1,0,0,0,1,1,6,2,21,5,1198,1,12,-1,3
201497NE02401,2,9,0,4,0,0,0,0,0,0,2,1,6,2,76,11,1389,1,8,-1,1
201497NE02409,1,9,0,18,0,0,0,0,0,0,1,1,2,1,32,6,2993,2,-1,-1,1
201497NE02409,2,9,0,3,0,0,0,0,8,6,2,1,1,1,45,7,1560,2,5,-1,1
201497NE02409,3,9,0,18,0,0,0,0,0,0,1,1,6,3,35,6,1997,2,4,-1,-1
201497NE02410,1,9,0,18,0,0,0,0,0,0,1,1,6,1,41,7,1395,1,-1,-1,-1
201497NE02501,1,9,0,18,0,0,0,0,0,0,1,1,6,1,76,11,1598,1,13,-1,2
201497NE02501,2,9,0,4,0,0,0,0,0,0,2,1,2,2,53,8,1229,1,3,-1,3
201497NE02510,1,9,0,18,0,1,0,0,0,0,4,1,6,1,37,7,2148,2,11,-1,1
201497NE02511,1,9,0,8,0,1,0,0,0,0,1,1,6,1,40,7,-1,-1,-1,-1,-1
201497NE02511,2,9,0,8,0,1,0,0,0,0,2,1,1,2,57,9,2179,2,2,-1,1
201497NE02601,1,9,0,5,0,6,0,0,0,0,1,1,6,2,54,8,1149,1,9,-1,1
201497NE02601,2,9,0,17,0,8,0,0,0,0,1,1,6,1,43,7,1796,1,14,-1,1
201497NE02604,1,11,0,5,3,0,0,0,0,0,4,1,1,1,57,9,-1,2,15,-1,-1
201497NE02610,1,9,0,18,0,8,0,0,0,0,1,1,6,2,68,10,1339,1,7,-1,1
201497NE02610,2,9,0,18,0,8,0,0,0,0,3,1,6,1,61,9,1991,2,8,-1,1
201497NE02702,1,9,0,18,0,0,0,0,0,0,1,1,2,1,35,6,1998,2,9,-1,-1
201497NE02702,2,9,0,4,0,0,0,0,0,0,0,1,2,1,44,7,1956,2,1,-1,-1
201497NE02702,3,9,0,4,0,0,0,0,0,0,2,1,2,1,58,9,1995,2,2,-1,1
201497NE02706,1,9,0,13,0,0,0,0,7,11,2,1,1,1,29,6,1596,1,8,-1,1
201497NE02706,2,9,0,9,0,0,0,0,0,0,1,1,1,1,32,6,1956,2,2,-1,1
201497NE02708,1,9,0,4,0,1,0,0,0,0,1,1,6,2,74,10,1995,2,-1,-1,2
201497NE02708,2,9,0,9,0,1,0,0,0,0,1,1,6,1,72,10,1398,1,2,-1,-1
201497NE02710,1,9,0,18,0,0,1,0,0,11,1,1,6,1,21,5,1587,1,9,-1,1
201497NE02808,1,9,0,18,0,0,0,0,0,0,4,1,6,1,48,8,1597,1,5,-1,1
201497NE02810,1,9,0,10,0,1,0,0,0,0,1,1,6,2,43,7,1398,1,1,-1,1
201497NE02810,2,9,0,17,0,1,0,0,0,0,1,1,6,2,48,8,1910,2,6,-1,1
201497NE02903,1,9,0,18,0,0,0,0,1,0,4,1,6,1,38,7,1598,1,13,-1,1
201497NE02903,2,9,0,18,0,0,0,0,0,0,4,1,6,1,30,6,1598,1,6,-1,1
201497NE02903,3,9,0,18,0,0,0,0,0,0,4,1,6,1,41,7,1896,2,16,-1,2
201497NE02906,1,9,0,18,6,0,0,0,1,11,1,1,6,2,41,7,1199,1,13,-1,3
201497NE02912,1,9,0,18,0,0,0,0,0,0,1,1,6,2,60,9,-1,-1,-1,-1,-1
201497NE03101,1,9,0,18,0,0,0,0,0,0,3,1,6,1,55,8,1229,1,6,-1,1
201497NE03101,2,9,0,18,0,0,0,0,0,0,4,1,6,2,22,5,1149,1,7,-1,-1
201497NE03102,1,9,0,18,0,1,0,0,0,0,3,1,6,1,40,7,1560,2,2,-1,1
201497NE03103,1,9,0,5,0,1,0,0,0,0,4,1,6,2,27,6,1390,1,10,-1,1
201497NE03106,1,9,0,18,0,4,0,0,0,0,1,1,6,1,56,9,1997,2,-1,-1,1
201497NE03106,2,9,0,4,0,4,0,0,0,0,2,1,6,1,27,6,973,1,12,-1,2
201497NE03109,1,9,0,4,0,1,0,0,0,0,1,1,6,1,69,10,1796,1,9,-1,3
201497NE03109,2,9,0,4,0,1,0,0,0,0,2,1,6,2,55,8,998,1,-1,-1,1
201497NE03111,1,9,0,17,0,0,5,0,1,11,4,1,6,1,23,5,973,1,11,-1,2
201497NE03204,1,9,0,9,0,6,0,0,0,0,1,1,4,2,48,8,1998,2,11,-1,-1
201497NE03204,2,9,0,18,0,1,0,0,0,0,4,1,6,2,73,10,1390,1,3,-1,3
201497NE03208,1,9,0,16,0,3,0,0,1,0,1,1,4,1,19,4,998,1,3,-1,3
201497NE03301,1,9,0,18,0,4,0,0,0,0,1,1,6,2,-1,-1,1199,1,14,-1,1
201497NE03301,2,9,0,18,0,3,0,0,0,0,1,1,1,1,43,7,1968,2,4,-1,1
201497NE03310,1,9,0,4,0,0,0,0,0,0,2,1,6,2,64,9,1685,2,2,-1,1
201497NE03310,2,9,0,14,0,0,0,0,0,0,1,1,1,1,24,5,-1,-1,-1,-1,3
201497NE03401,1,9,0,9,0,6,0,0,0,0,3,1,6,3,28,6,1149,1,11,-1,1
201497NE03401,2,9,0,18,0,1,0,0,0,0,1,1,3,2,30,6,1596,1,12,-1,2
201497NE03406,1,9,0,18,0,0,0,0,0,0,1,1,6,1,50,8,1900,2,14,-1,1
201497NE03407,1,9,0,18,0,0,1,0,0,0,4,1,6,1,28,6,2171,1,13,-1,1
201497NE03407,2,9,0,18,0,0,0,0,1,10,1,1,6,1,50,8,998,1,5,-1,-1
201497NE03411,1,9,0,18,0,6,0,0,1,10,1,1,6,1,76,11,999,1,2,-1,1
201497NE03411,2,9,0,2,0,2,0,0,0,0,4,1,6,1,39,7,2993,2,7,-1,1
201497NE03411,3,9,0,18,0,2,0,0,0,0,4,1,6,1,69,10,1242,1,1,-1,1