Accident_Index,Vehicle_Reference,Vehicle_Type,Towing_and_Articulation,Vehicle_Manoeuvre,Vehicle_Location-Restricted_Lane,Junction_Location,Skidding_and_Overturning,Hit_Object_in_Carriageway,Vehicle_Leaving_Carriageway,Hit_Object_off_Carriageway,1st_Point_of_Impact,Was_Vehicle_Left_Hand_Drive?,Journey_Purpose_of_Driver,Sex_of_Driver,Age_of_Driver,Age_Band_of_Driver,Engine_Capacity_(CC),Propulsion_Code,Age_of_Vehicle,Driver_IMD_Decile,Driver_Home_Area_Type
201497QA70102,1,9,0,18,0,4,0,0,0,1,1,1,6,2,34,6,1397,1,6,-1,1
201497QA70109,1,9,0,18,0,0,0,0,0,0,3,1,6,2,36,7,1910,2,5,-1,1
201497QA70109,2,9,0,18,0,0,0,0,0,0,3,1,6,1,41,7,-1,-1,-1,-1,1
201497QA70109,3,9,0,18,0,0,0,0,0,0,3,1,6,1,56,9,1984,1,7,-1,3
201497QA70110,1,9,0,4,0,0,0,0,1,0,1,1,2,1,56,9,1560,2,-1,-1,1
201497QA70110,2,19,0,4,0,0,0,0,1,0,2,1,1,1,49,8,2464,2,6,-1,1
201497QA70110,3,19,0,4,0,0,0,0,0,0,2,1,1,1,52,8,1598,2,7,-1,1
201497QA70111,1,20,0,3,0,1,0,0,0,0,1,1,1,1,21,5,-1,-1,-1,-1,3
201497QA70111,2,19,0,3,0,1,0,0,0,0,2,1,1,1,35,6,2143,2,-1,-1,1
201497QA70202,1,9,0,18,0,1,1,0,0,0,1,1,6,1,20,4,1299,1,11,-1,1
201497QA70202,2,9,0,18,0,1,0,0,0,0,2,1,6,1,69,10,1560,2,3,-1,1
201497QA70210,1,9,0,18,0,0,0,0,0,0,1,1,2,2,20,4,-1,-1,-1,-1,1
201497QA70211,1,9,0,17,0,0,5,0,1,4,1,1,6,1,38,7,1997,1,7,-1,1
201497QA70212,1,9,0,18,0,0,1,0,1,3,3,1,6,1,21,5,1061,1,9,-1,2
201497QA70302,1,9,0,18,0,1,0,0,3,10,1,1,6,1,91,11,1596,1,6,-1,1
201497QA70306,1,9,0,18,0,0,0,0,0,0,0,1,6,1,68,10,1870,2,12,-1,1
201497QA70412,1,9,0,16,0,0,2,0,7,11,1,1,6,2,18,4,1229,1,-1,-1,1
201497QB00103,1,9,0,5,0,0,0,0,0,0,1,1,6,1,25,5,1461,2,10,-1,1
201497QB00103,2,9,0,18,0,0,0,0,0,0,1,1,1,1,37,7,1590,1,12,-1,1
201497QB00205,1,9,0,17,0,1,0,0,0,0,4,1,6,2,40,7,1339,1,5,-1,1
201497QB00206,1,3,0,18,0,0,0,4,0,0,1,1,6,1,22,5,124,1,-1,-1,1
201497QB00206,2,9,0,2,0,0,0,0,0,0,3,1,6,1,40,7,1390,1,3,-1,-1
201497QB00210,1,9,0,18,0,0,0,0,0,0,1,1,6,2,25,5,1598,1,5,-1,1
201497QB00210,2,9,0,3,0,0,0,0,0,0,2,1,6,1,28,6,1242,1,2,-1,1
201497QB00211,1,9,0,18,0,2,0,0,0,0,1,1,6,1,49,8,1198,1,3,-1,-1
201497QB00302,1,8,0,18,0,0,0,0,0,0,4,1,1,1,51,8,-1,-1,-1,-1,1
201497QB00303,1,9,0,17,0,0,0,10,0,0,1,1,6,1,37,7,1242,1,16,-1,1
201497QB00303,2,9,0,18,0,0,0,0,0,0,3,1,6,2,65,9,1595,1,9,-1,1
201497QB00307,1,9,0,4,0,0,0,0,0,0,1,1,6,2,22,5,1248,2,3,-1,1
201497QB00307,2,9,0,4,0,0,0,0,0,0,2,1,6,2,30,6,1968,2,3,-1,3
201497QB00307,3,9,0,4,0,0,0,0,0,0,2,1,6,1,64,9,1461,2,3,-1,1
201497QB00311,1,8,0,4,0,1,0,0,0,0,1,1,1,1,68,10,1896,2,5,-1,1
201497QB00311,2,9,0,3,0,1,0,0,0,0,2,1,1,1,68,10,1995,2,-1,-1,1
201497QB00401,1,9,0,4,0,1,0,0,0,0,1,1,6,2,41,7,1587,1,6,-1,1
201497QB00401,2,9,0,3,0,1,0,0,0,0,2,1,6,2,23,5,1149,1,4,-1,1
201497QB00403,1,9,0,6,0,0,0,0,0,0,3,1,1,2,61,9,1590,1,9,-1,1
201497QB00403,2,9,0,18,0,0,2,4,0,0,3,1,6,1,46,8,-1,-1,-1,-1,1
201497QB00403,3,9,0,2,0,0,0,0,0,0,1,1,6,1,46,8,1149,1,9,-1,1
201497QB00408,1,9,0,18,0,1,0,0,0,0,1,1,6,2,29,6,2354,1,9,-1,1
201497QB00408,2,9,0,4,0,1,0,0,0,0,2,1,6,1,44,7,1368,1,4,-1,1
201497QB00504,1,9,0,1,9,2,0,0,0,0,2,1,6,1,16,4,2494,2,2,-1,-1
201497QB00504,2,9,0,2,0,2,0,0,0,0,1,1,6,1,30,6,-1,-1,-1,-1,-1
201497QB00506,1,9,0,16,0,0,1,0,7,11,4,1,6,1,18,4,1299,1,14,-1,1
201497QB00506,2,9,0,3,0,0,0,0,0,0,1,1,6,2,46,8,1198,1,2,-1,2
201497QB00511,1,9,0,4,0,1,0,0,0,0,1,1,6,2,22,5,1229,1,1,-1,1
201497QB00511,2,9,0,4,0,1,0,0,0,0,2,1,1,2,40,7,1997,2,6,-1,-1
201497QB00606,1,9,0,18,0,0,0,0,0,0,1,1,6,2,69,10,1598,1,3,-1,2
201497QB00606,2,9,0,18,0,0,0,0,1,10,1,1,6,2,55,8,1596,1,5,-1,2
201497QB00609,1,9,0,18,0,1,1,0,1,0,1,1,6,1,33,6,1951,2,13,-1,1
201497QB00609,2,9,0,18,0,1,1,0,1,0,2,1,6,2,49,8,-1,-1,-1,-1,1
201497QB00701,1,9,0,5,0,7,0,0,0,0,3,1,6,2,72,10,1596,1,9,-1,3
201497QB00701,2,9,0,18,0,1,0,0,0,0,1,1,6,2,52,8,1360,1,12,-1,1
201497QB00706,1,9,0,16,0,0,1,10,7,4,1,1,6,2,18,4,1124,1,9,-1,1
201497QB00708,1,9,0,18,0,1,0,0,0,0,4,1,6,1,82,11,1242,1,6,-1,1
201497QB00712,1,19,0,5,0,4,0,0,0,0,0,1,6,1,25,5,1560,2,-1,-1,1
201497QB00712,2,3,0,5,0,4,0,0,0,0,0,1,6,2,16,4,-1,-1,-1,-1,-1
201497QB00810,1,9,0,16,0,0,1,0,0,0,1,1,2,1,34,6,1870,2,14,-1,-1
201497QB00810,2,9,0,18,0,0,1,0,0,0,1,1,2,2,20,4,1149,1,4,-1,3
201497QB00903,1,9,0,3,0,1,0,0,0,0,1,1,6,1,49,8,1798,1,5,-1,1
201497QB00903,2,9,0,3,0,1,0,0,0,0,2,1,2,2,43,7,1229,1,3,-1,1
201497QB00905,1,1,0,18,0,5,1,0,0,0,0,1,6,1,60,9,-1,-1,-1,-1,-1
201497QB00906,1,9,0,1,0,0,0,0,0,0,2,1,6,2,42,7,1461,2,2,-1,1
201497QB00909,1,9,0,18,0,8,0,0,0,0,4,1,1,2,57,9,1796,1,-1,-1,1
201497QB00909,2,9,0,18,0,8,0,0,1,0,1,1,6,2,37,7,1329,1,2,-1,1
201497QB00910,1,9,0,18,0,1,0,0,0,0,1,1,2,2,27,6,1149,1,7,-1,1
201497QB00910,2,9,0,9,0,1,0,0,0,0,1,1,1,2,29,6,1587,1,13,-1,-1
201497QB00912,1,9,0,18,0,0,0,0,0,0,1,1,1,2,55,8,-1,-1,-1,-1,-1
201497QB00912,2,9,0,4,0,0,0,0,0,0,2,1,2,1,27,6,1560,2,4,-1,1
201497QB01006,1,9,0,5,0,1,1,10,7,11,3,1,6,1,22,5,1398,2,6,-1,1
201497QB01006,2,9,0,14,0,2,1,0,0,0,1,1,3,2,33,6,1998,1,11,-1,3
201497QB01007,1,9,0,4,0,0,0,0,0,0,1,1,6,1,31,6,1984,2,5,-1,1
201497QB01007,2,9,0,4,0,0,0,0,0,0,2,1,6,2,35,6,998,1,5,-1,1
201497QB01012,1,9,0,18,9,0,0,0,7,11,1,1,6,1,30,6,1596,1,11,-1,1
201497QB01104,1,19,0,18,0,8,0,0,0,0,1,1,6,3,40,7,2148,2,4,-1,-1
201497QB01104,2,9,0,18,0,8,0,0,0,0,3,1,1,1,58,9,2496,2,12,-1,2
201497QB01110,1,9,0,18,0,6,0,0,0,0,4,1,6,1,25,5,1399,2,5,-1,-1
201497QB01110,2,1,0,18,0,8,0,0,0,0,3,1,6,1,51,8,-1,-1,-1,-1,1
201497QB01203,1,9,0,16,9,0,1,0,7,11,2,1,1,2,18,4,1149,1,11,-1,2
201497QB01209,1,9,0,1,0,1,0,0,0,0,4,1,1,1,41,7,1560,2,3,-1,-1
201497QB01209,2,19,0,7,0,8,0,0,0,0,3,1,6,1,28,6,-1,-1,-1,-1,-1
201497QB01211,1,9,0,18,0,0,0,0,0,0,1,1,2,2,44,7,1999,1,11,-1,1
201497QB01301,1,9,0,18,0,0,1,0,0,0,1,1,6,2,39,7,1527,2,15,-1,3
201497QB01301,2,9,0,18,0,0,0,0,0,0,2,1,1,1,29,6,1248,2,2,-1,1
201497QB01303,1,22,0,18,9,1,0,0,0,0,1,1,6,2,30,6,-1,-1,-1,-1,-1
201497QB01310,1,9,0,18,0,1,0,0,0,0,2,1,6,1,68,10,1560,2,2,-1,-1
201497QB01310,2,9,0,4,0,1,0,0,0,0,1,1,6,1,30,6,1386,1,6,-1,1
201497QB01312,1,9,0,18,0,6,0,0,0,0,4,1,1,2,66,10,1198,1,2,-1,1
201497QB01401,1,9,0,18,0,7,1,11,2,4,1,1,6,1,64,9,998,1,3,-1,1
201497QB01401,2,9,0,18,0,7,1,0,6,2,3,1,6,1,61,9,1956,2,2,-1,1
201497QB01401,3,9,0,18,0,7,1,0,0,1,1,1,1,1,20,4,1242,1,2,-1,1
201497QB01401,4,9,0,18,0,7,1,0,0,0,1,1,6,1,21,5,-1,-1,-1,-1,1
201497QB01402,1,9,0,17,0,0,2,0,1,0,1,1,6,2,71,10,1560,2,8,-1,1
201497QB01410,1,11,0,14,0,0,0,0,0,0,4,1,1,1,37,7,4249,2,6,-1,1
201497QB01410,2,9,0,2,0,0,0,0,0,0,0,1,2,2,59,9,1248,1,1,-1,1
201497QB01510,1,9,0,16,0,1,0,0,0,0,1,1,6,1,19,4,1242,1,13,-1,3
201497QB01510,2,9,0,4,0,1,0,0,0,0,1,1,6,1,61,9,1461,2,2,-1,1
201497QB01602,1,21,0,4,0,0,0,0,0,0,1,1,6,1,55,8,6870,2,7,-1,1
201497QB01602,2,19,0,18,0,0,0,0,0,0,2,1,6,1,40,7,1995,2,3,-1,1
201497QB01602,3,19,0,18,0,0,0,0,0,0,2,1,6,1,43,7,1248,2,1,-1,-1
201497QB01605,1,9,0,18,0,1,0,0,0,0,1,1,6,3,35,6,-1,-1,-1,-1,-1
201497QB01609,1,9,0,5,0,1,0,0,0,0,3,1,3,1,19,4,1242,1,8,-1,1
201497QB01609,2,9,0,18,0,1,0,0,0,0,1,1,3,2,41,7,1598,2,1,-1,1
201497QB01609,3,9,0,2,0,1,0,0,0,0,2,1,6,3,35,6,1598,1,11,-1,1
201497QB01810,1,9,0,17,0,8,2,0,7,11,1,1,3,1,21,5,1390,1,11,-1,1
201497QB01904,1,9,0,18,0,2,0,0,0,0,1,1,6,2,56,9,1794,1,8,-1,1
201497QB01904,2,9,0,18,0,2,0,0,0,0,3,1,6,1,37,7,1199,1,12,-1,3
201497QB01909,1,9,0,16,0,0,0,0,0,0,1,1,2,2,23,5,1598,1,1,-1,1
201497QB02006,1,9,0,8,0,1,0,0,0,0,1,1,3,1,39,7,1242,1,7,-1,1
201497QB02006,2,9,0,10,0,1,0,0,0,0,2,1,3,2,27,6,1598,1,9,-1,1
201497QB02010,1,9,0,18,0,1,0,0,0,0,1,1,6,1,36,7,998,1,1,-1,-1
201497QB02010,2,9,0,3,0,1,0,0,0,0,2,1,6,1,29,6,1896,2,12,-1,1
201497QB02106,1,9,0,18,0,0,1,7,7,2,1,1,6,1,33,6,993,1,11,-1,1
201497QB02108,1,9,0,18,9,0,0,0,1,1,1,1,6,1,18,4,-1,-1,-1,-1,3
201497QB02111,1,9,0,9,0,6,0,0,0,0,3,1,1,2,37,7,2199,2,2,-1,1
201497QB02111,2,9,0,18,0,8,0,0,0,0,3,1,6,2,35,6,1229,1,8,-1,1
201497QB02202,1,9,0,18,0,0,0,0,7,2,4,1,6,1,23,5,1248,2,3,-1,1
201497QB02205,1,9,0,18,0,0,0,0,0,0,1,1,2,1,42,7,998,1,8,-1,1
201497QB02212,1,9,0,14,0,0,0,0,0,0,4,1,2,2,56,9,2000,1,6,-1,1
201497QB02212,2,9,0,1,0,0,0,0,0,0,0,1,6,2,54,8,1461,2,-1,-1,1
201497QB02303,1,9,0,3,0,1,0,0,0,0,1,1,6,2,53,8,1149,1,7,-1,-1
201497QB02303,2,9,0,3,0,1,0,0,0,0,2,1,6,2,68,10,1598,1,9,-1,1
201497QB02312,1,9,0,16,0,0,0,0,0,0,0,1,1,1,30,6,1598,2,3,-1,1
201497QB02312,2,9,0,17,0,0,0,0,0,0,0,1,6,1,33,6,1461,2,2,5,1
201497QB02402,1,9,0,7,0,3,0,0,0,0,1,1,6,1,18,4,1149,1,1,-1,2
201497QB02411,1,9,0,18,0,3,1,0,7,9,1,1,6,2,30,6,1242,1,12,-1,1
201497QB02503,1,19,0,9,0,8,0,0,0,0,0,1,1,1,67,10,4764,2,4,-1,-1
201497QB02503,2,9,0,18,0,8,0,0,1,1,1,1,6,1,75,10,998,1,9,-1,1
201497QB02604,1,9,0,10,0,1,0,0,0,0,1,1,6,1,35,6,-1,-1,-1,-1,1
201497QB02604,2,9,0,10,0,1,1,0,0,0,2,1,6,2,26,6,998,1,1,-1,1
201497QB02607,1,9,0,18,0,1,0,0,0,0,1,1,1,1,60,9,1896,2,5,-1,-1
201497QB02611,1,9,0,9,0,1,0,0,0,0,3,1,6,1,24,5,1360,1,6,-1,1
201497QB02702,1,19,0,1,0,1,0,0,0,0,2,1,6,1,47,8,-1,-1,-1,-1,1
201497QB02703,1,9,0,3,0,1,0,0,0,0,3,1,6,2,32,6,1796,1,10,-1,1
201497QB02703,2,9,0,5,8,1,0,0,0,0,0,1,6,2,44,7,1781,1,12,-1,1
201497QB02706,1,9,0,18,0,0,0,0,0,0,1,1,1,1,34,6,1796,1,2,-1,1
201497QB02706,2,9,0,3,0,0,0,0,0,0,2,1,1,1,26,6,1796,1,9,-1,1
201497QB02706,3,9,0,3,0,0,0,0,0,0,3,1,2,2,39,7,1560,2,3,-1,2
201497QB02706,4,9,0,4,0,0,0,0,0,0,2,1,6,2,73,10,1242,1,4,-1,3
201497QB02712,1,9,0,9,0,5,2,0,0,0,1,1,6,1,43,7,1598,1,2,-1,3
201497QB02712,2,9,0,18,0,8,0,0,0,0,4,1,6,2,73,10,1242,1,2,-1,-1
201497QB02802,1,9,0,16,0,0,2,0,1,11,4,1,6,1,20,4,1595,1,14,-1,1
201497QB02904,1,9,0,8,0,1,0,0,0,0,1,1,6,1,29,6,1968,2,3,-1,3
201497QB02904,2,9,0,8,0,1,0,0,1,0,2,1,6,1,29,6,2000,1,21,-1,-1
201497QB02908,1,9,0,10,0,1,0,0,0,0,1,1,6,1,35,6,2993,2,5,-1,1
201497QB02908,2,9,0,10,0,1,0,0,0,0,2,1,6,1,28,6,1560,2,1,-1,1
201497QB03003,1,9,0,18,0,0,1,0,8,9,1,1,6,1,28,6,-1,-1,-1,-1,1
201497QB03008,1,9,0,18,0,1,0,0,0,0,1,1,6,1,29,6,1598,1,14,-1,1
201497QB03008,2,9,0,18,0,1,0,4,0,0,1,1,6,2,25,5,1398,1,-1,-1,1
201497QB03008,3,19,0,2,0,2,0,0,0,0,1,1,6,3,30,6,2143,2,1,-1,1
201497QB03011,1,9,0,18,0,2,0,0,0,0,1,1,2,1,34,6,1390,1,11,-1,1
201497QB03102,1,9,0,16,0,8,2,10,8,7,1,1,6,2,44,7,1242,1,6,-1,1
201497QB03109,1,9,0,16,0,0,0,0,0,0,1,1,2,2,35,6,1198,1,-1,-1,1
201497QB03109,2,9,0,4,0,0,0,0,0,0,2,1,2,2,56,9,1390,1,2,-1,1
201497QB03112,1,8,0,18,0,4,0,0,0,0,1,1,1,1,46,8,1598,2,-1,-1,1
201497QB03112,2,9,0,9,0,3,0,0,0,0,4,1,6,1,53,8,998,1,2,-1,1
201497QB03206,1,9,0,4,0,1,0,0,0,0,3,1,6,2,40,7,1461,2,3,-1,1
201497QB03301,1,9,0,17,0,1,0,0,0,0,1,1,6,2,52,8,1229,1,4,-1,-1
201497QB03306,1,9,0,7,0,1,0,0,0,0,1,1,6,1,86,11,1242,1,7,-1,1
201497QB03306,2,9,0,18,0,1,0,0,0,0,4,1,6,2,31,6,1995,2,5,-1,1
201497QB03306,3,9,0,3,0,1,0,0,0,0,2,1,6,1,40,7,1870,2,5,-1,1
201497QB03306,4,9,0,3,0,1,0,0,0,0,2,1,6,1,46,8,1956,2,1,-1,1
201497QB03306,5,9,0,3,0,1,0,0,0,0,2,1,6,2,52,8,1598,2,1,-1,1
201497QB03307,1,9,0,9,0,4,0,0,0,0,1,1,2,1,43,7,1686,2,3,-1,1
201497QB03307,2,1,0,18,0,3,0,0,0,0,4,1,2,1,31,6,-1,-1,-1,-1,1
201497QB03407,1,9,0,18,0,0,0,0,0,0,1,1,6,1,43,7,1951,2,10,-1,-1
201497QB03407,2,9,0,18,0,0,0,0,0,0,1,1,6,1,35,6,1910,2,9,-1,1
201497QB03407,3,9,0,18,0,0,0,0,0,0,4,1,2,1,37,7,1390,1,15,-1,-1
201497QB03407,4,9,0,18,0,0,0,0,0,0,1,1,1,2,31,6,1679,1,12,-1,1
201497QB03407,5,9,0,2,0,0,0,0,0,0,1,1,6,2,21,5,998,1,6,-1,1
201497QB03408,1,9,0,18,0,0,0,0,0,0,1,1,6,2,23,5,1388,1,13,-1,1
201497QB03409,1,9,0,4,0,1,0,0,0,0,1,1,6,2,30,6,1968,2,5,-1,3
201497QB03409,2,9,0,4,0,1,0,0,0,0,1,1,6,2,40,7,1796,1,8,-1,1
201497QB03409,3,9,0,4,0,1,0,0,0,0,2,1,6,1,38,7,1686,2,4,-1,1
201497QB03502,1,11,0,5,0,2,0,0,0,0,3,1,1,1,56,9,4500,2,3,-1,1
201497QB03503,1,9,0,18,0,0,2,10,1,4,1,1,1,2,23,5,1198,1,-1,-1,2
201497QB03504,1,19,0,18,0,4,0,0,0,0,3,1,1,1,56,9,2287,2,7,-1,1
201497QB03504,2,9,0,18,0,8,0,0,1,0,4,1,2,1,22,5,1229,1,7,-1,3
201497QB03509,1,9,0,18,0,4,0,0,0,0,1,1,1,1,53,8,-1,-1,-1,-1,3
201497QB03509,2,1,0,9,0,3,0,0,0,0,2,1,6,1,49,8,-1,-1,-1,-1,3
201497QB03609,1,9,0,4,0,8,0,0,0,0,0,1,2,2,56,9,1398,1,1,-1,-1
201497QB03609,2,9,0,4,0,8,0,0,0,0,2,1,2,2,19,4,1229,1,2,-1,-1
201497QB03609,3,9,0,4,0,8,0,0,0,0,2,1,2,2,54,8,1400,2,8,-1,1
201497QB03609,4,9,0,4,0,8,0,0,0,0,1,1,2,2,41,7,2143,2,3,-1,3
201497QB03612,1,9,0,18,0,0,0,0,0,0,4,1,6,1,61,9,2184,2,-1,-1,1
201497QB03704,1,9,0,5,0,1,0,0,0,0,1,1,6,1,82,11,2171,1,13,-1,1
201497QB03704,2,9,0,3,0,1,0,0,0,0,2,1,3,2,30,6,1998,1,9,-1,1
201497QB03704,3,9,0,3,0,1,0,0,0,0,2,1,2,1,27,6,1587,1,7,-1,2
201497QB03802,1,9,0,1,9,0,0,0,0,0,2,1,6,2,30,6,-1,-1,-1,-1,-1
201497QB03805,1,9,0,1,0,8,0,0,0,0,2,1,2,2,45,7,1598,1,14,-1,1
201497QB03812,1,8,0,13,0,8,0,0,0,0,4,1,1,1,66,10,1686,2,1,-1,1
201497QB03812,2,9,0,9,0,5,0,0,0,0,3,1,6,2,23,5,999,1,4,-1,-1
201497QB04002,1,9,0,18,0,1,0,0,0,0,1,1,6,1,29,6,1461,2,1,-1,-1
201497QB04002,2,9,0,3,0,1,0,0,0,0,2,1,6,1,68,10,1398,1,2,-1,2
201497QB04010,1,9,0,18,0,1,0,0,0,0,1,1,6,1,32,6,1598,2,2,-1,1
201497QB04010,2,9,0,10,0,1,0,0,0,0,2,1,2,1,50,8,1598,1,7,-1,2
201497QB04010,3,9,0,10,0,1,0,0,0,0,2,1,6,1,43,7,1461,2,2,-1,1
201497QB04011,1,9,0,18,0,1,0,0,0,0,1,1,6,2,27,6,1364,1,8,-1,1
201497QB04011,2,9,0,18,0,1,0,0,0,0,2,1,4,1,51,8,1149,1,-1,-1,1
201497QB04102,1,9,0,10,0,8,0,0,0,0,0,1,6,3,30,6,-1,-1,-1,-1,-1
201497QB04102,2,3,0,18,0,8,0,0,1,0,0,1,2,1,39,7,124,1,1,-1,1
201497QB04110,1,9,0,18,0,0,0,0,0,0,3,1,6,1,33,6,1598,1,10,-1,1
201497QB04110,2,9,0,18,0,0,0,0,0,0,3,1,6,1,58,9,1995,1,2,-1,1
201497QB04112,1,4,0,5,0,0,0,4,0,0,1,1,6,1,31,6,-1,-1,-1,-1,1
201497QB04112,2,9,0,2,0,0,0,0,0,0,3,1,6,2,55,8,1997,2,5,-1,1
201497QB04203,1,9,0,18,0,0,0,0,0,0,1,1,6,2,49,8,1461,2,2,-1,3
201497QB04203,2,9,0,18,0,0,0,0,0,0,2,1,6,2,62,9,1461,2,3,-1,1
201497QB04204,1,9,0,18,0,1,0,0,0,0,3,1,6,2,45,7,1968,2,1,-1,3
201497QB04205,1,9,0,3,0,4,0,0,0,0,1,1,6,2,32,6,1149,1,6,-1,1
201497QB04205,2,9,0,4,0,4,0,0,0,0,2,1,6,2,29,6,1598,2,1,-1,3
201497QB04212,1,9,0,18,9,0,0,0,1,2,1,1,6,1,72,10,1246,1,8,-1,1
201497QB04302,1,9,0,4,0,8,1,0,0,0,1,1,6,1,22,5,1590,1,11,-1,-1
201497QB04302,2,9,0,3,0,8,0,0,0,0,2,1,2,1,32,6,-1,-1,-1,-1,1
201497QB04303,1,9,0,3,0,1,0,0,0,0,1,1,1,1,65,9,-1,-1,-1,-1,2
201497QB04303,2,9,0,3,0,1,0,0,0,0,2,1,6,1,63,9,1560,2,2,-1,3
201497QB04303,3,9,0,3,0,1,0,0,0,0,2,1,1,1,33,6,2967,2,3,-1,1
201497QB04306,1,9,0,17,9,5,0,0,1,10,1,1,6,1,23,5,1995,2,1,-1,3
201497QB04311,1,9,0,9,0,8,0,0,0,0,3,1,6,3,30,6,-1,-1,-1,-1,-1
201497QB04403,1,9,0,1,0,0,0,0,0,0,1,1,6,1,65,9,-1,-1,-1,-1,1
201497QB04403,2,9,0,2,0,0,0,0,0,0,2,1,6,2,41,7,1560,2,5,-1,1
201497QB04506,1,9,0,18,0,2,0,0,0,0,4,1,6,2,20,4,1242,1,1,-1,1
201497QB04610,1,9,0,18,0,0,0,0,0,0,3,1,6,2,28,6,-1,-1,-1,-1,-1
201497QB04611,1,9,0,10,0,0,0,0,0,0,3,1,1,1,45,7,1390,1,8,-1,1
201497QB04611,2,9,0,18,0,0,0,0,0,0,1,1,1,1,21,5,1390,1,5,-1,1
201497QB04701,1,9,0,18,0,0,0,0,0,0,1,1,6,1,50,8,-1,-1,-1,-1,-1
201497QB04707,1,5,0,17,0,0,1,0,0,0,1,1,6,1,43,7,599,1,11,-1,1
201497QB04712,1,9,0,9,9,5,0,0,0,10,1,1,2,2,29,6,1360,1,8,-1,1
201497QB04712,2,9,0,18,9,1,0,0,1,0,1,1,6,1,45,7,1598,1,1,-1,1
201497QB04805,1,9,0,9,0,8,0,0,0,0,3,1,6,2,47,8,1598,1,1,-1,1
201497QB04805,2,9,0,16,0,1,0,0,0,0,1,1,6,1,84,11,1749,1,10,-1,1
201497QB04807,1,9,0,1,0,0,0,0,0,0,2,1,1,1,40,7,1995,2,2,-1,1
201497QB04807,2,9,0,2,0,0,0,0,0,0,4,1,6,2,26,6,1870,2,7,-1,1
201497QB04810,1,9,0,18,0,0,0,0,0,0,4,1,1,2,41,7,-1,-1,-1,-1,1
201497QB05006,1,9,0,4,0,1,0,0,0,0,1,1,2,2,19,4,1242,1,3,-1,1
201497QB05006,2,9,0,4,0,1,0,0,0,0,2,1,2,1,34,6,1598,1,13,-1,1
201497QB05006,3,9,0,4,0,1,0,0,0,0,2,1,2,1,40,7,1997,2,9,-1,1
201497QB05203,1,9,0,18,0,0,0,0,0,0,0,1,6,1,18,4,1398,1,1,-1,1
201497QB05208,1,9,0,18,0,3,0,0,3,2,1,1,6,1,27,6,1968,2,7,-1,1
201497QB05307,1,9,0,18,0,0,0,0,0,0,1,1,6,1,32,6,1598,1,7,-1,1
201497QB05311,1,9,0,18,0,1,5,0,1,0,1,1,6,1,48,8,2149,2,7,-1,-1
201497QB05311,2,9,0,10,0,1,0,0,7,0,4,1,6,1,58,9,1560,2,2,-1,-1
201497QB05403,1,9,0,18,0,0,1,4,2,1,1,1,6,1,35,6,1149,1,6,-1,1
201497QB05403,2,9,0,18,0,0,0,0,0,0,2,1,6,2,33,6,1242,1,10,-1,1
201497QB05412,1,9,0,18,0,1,0,0,0,0,2,1,6,1,30,6,1390,1,9,-1,1
201497QB05412,2,9,0,3,0,1,0,0,0,0,1,1,6,1,52,8,1598,2,1,-1,1
201497QB05505,1,9,0,5,0,0,0,0,0,0,0,1,6,1,40,7,-1,-1,-1,-1,-1
201497QB05512,1,9,0,18,0,0,0,0,0,3,4,1,6,1,52,8,-1,-1,-1,-1,1
201497QB05610,1,9,0,4,0,4,0,0,0,0,1,1,6,1,30,6,1397,1,6,-1,1
201497QB05610,2,9,0,3,0,4,0,0,0,0,1,1,6,1,47,8,1598,1,11,1,1
201497QB05806,1,9,0,18,9,0,0,0,1,1,1,1,6,2,25,5,1229,1,6,-1,1
201497QB05907,1,9,0,12,0,0,0,0,0,0,1,1,6,2,81,11,1149,1,8,-1,1
201497QB05907,2,9,0,18,0,0,0,0,0,0,1,1,6,1,65,9,1396,1,9,-1,1
201497QB06107,1,9,0,18,0,1,0,0,0,0,4,1,6,3,45,7,-1,-1,-1,-1,-1
201497QB06311,1,9,0,13,0,0,0,0,0,0,1,1,6,1,54,8,1870,2,4,-1,1
201497QB06311,2,9,0,12,0,0,0,0,0,0,3,1,6,2,33,6,1956,2,1,-1,1
201497QB06411,1,9,0,18,0,0,2,4,0,0,1,1,1,1,31,6,-1,-1,-1,-1,-1
201497QB06411,2,9,0,2,0,0,0,0,0,0,4,1,1,1,55,8,-1,-1,-1,-1,-1
201497QB06411,3,9,0,2,0,0,0,0,0,0,4,1,1,1,58,9,1328,1,6,-1,-1
201497QB06911,1,9,0,4,0,0,0,0,0,0,2,1,6,1,25,5,-1,-1,-1,-1,3
201497QB06911,2,9,0,18,0,0,0,0,0,0,1,1,6,1,54,8,1598,1,14,-1,-1
201497QB07103,1,9,0,18,0,0,1,4,7,1,1,1,6,1,35,6,1149,1,6,-1,1
201497QB07103,2,9,0,2,0,0,0,0,0,0,2,1,6,3,30,6,1362,1,2,-1,-1
201497QB70104,1,9,0,7,0,8,0,0,0,0,1,1,6,1,56,9,1323,1,12,-1,1
201497QB70104,2,9,0,17,0,8,0,0,0,0,2,1,6,2,36,7,1598,1,4,-1,1
201497QB70104,3,9,0,18,0,8,0,0,0,0,2,1,6,2,29,6,1796,1,5,-1,1
201497QB70108,1,9,0,18,0,7,1,0,0,0,0,1,6,2,18,4,1229,1,9,-1,-1
201497QB70108,2,9,0,18,0,7,1,0,0,0,3,1,6,1,42,7,1794,1,8,-1,-1
201497QB70108,3,9,0,18,0,8,0,0,0,0,4,1,6,1,67,10,1560,2,1,-1,-1
201497QB70109,1,9,0,4,0,1,0,0,0,0,3,1,6,2,19,4,1229,1,-1,-1,1
201497QB70109,2,9,0,14,0,1,0,0,0,0,3,1,6,1,30,6,1242,1,6,-1,1