Accident_Index,Vehicle_Reference,Vehicle_Type,Towing_and_Articulation,Vehicle_Manoeuvre,Vehicle_Location-Restricted_Lane,Junction_Location,Skidding_and_Overturning,Hit_Object_in_Carriageway,Vehicle_Leaving_Carriageway,Hit_Object_off_Carriageway,1st_Point_of_Impact,Was_Vehicle_Left_Hand_Drive?,Journey_Purpose_of_Driver,Sex_of_Driver,Age_of_Driver,Age_Band_of_Driver,Engine_Capacity_(CC),Propulsion_Code,Age_of_Vehicle,Driver_IMD_Decile,Driver_Home_Area_Type
201497UA01306,1,9,0,18,0,0,0,0,0,0,1,1,6,1,40,7,-1,-1,-1,-1,-1
201497UA01306,2,1,0,18,0,0,0,0,0,0,2,1,6,1,18,4,-1,-1,-1,-1,1
201497UA01409,1,1,0,18,9,1,0,0,0,0,4,1,6,1,7,2,-1,-1,-1,-1,2
201497UA01409,2,9,0,4,0,1,0,0,0,0,1,1,6,2,51,8,1368,1,7,-1,2
201497UA01510,1,9,0,18,0,0,0,0,7,0,1,1,6,1,29,6,1896,2,13,-1,1
201497UA01510,2,9,0,18,0,0,0,0,0,0,1,1,6,1,67,10,1598,1,2,-1,1
201497UA01605,1,9,0,18,0,0,0,0,0,0,1,1,6,3,30,6,-1,-1,-1,-1,1
201497UA01701,1,9,0,18,0,0,1,0,0,0,1,1,6,1,57,9,1796,1,11,-1,1
201497UA01701,2,9,0,18,0,0,0,0,0,0,2,1,2,2,47,8,2499,2,10,-1,1
201497UA01705,1,9,0,18,0,0,0,0,0,0,1,1,6,1,43,7,1599,1,11,-1,1
201497UA01705,2,9,0,4,0,0,0,0,0,0,2,1,6,1,32,6,1596,1,2,-1,1
201497UA01705,3,9,0,18,0,0,0,0,0,0,3,1,6,1,73,10,998,1,13,-1,1
201497UA01706,1,9,0,9,0,0,0,0,0,0,0,1,6,2,20,4,1149,1,11,-1,1
201497UA01706,2,9,0,18,0,0,0,0,0,1,1,1,2,1,40,7,1397,1,5,-1,3
201497UA01707,1,9,0,18,0,1,0,0,0,0,1,1,6,1,83,11,1968,2,8,-1,1
201497UA01707,2,9,0,10,0,1,0,0,0,0,2,1,6,1,35,6,1360,1,7,-1,1
201497UA01711,1,9,0,18,0,1,2,0,0,7,1,1,6,1,48,8,1461,2,1,-1,1
201497UA01801,1,9,0,18,0,0,2,10,2,0,4,1,6,1,19,4,1229,1,7,-1,-1
201497UA01805,1,21,0,3,0,0,0,0,0,0,2,1,1,1,52,8,3920,2,9,-1,3
201497UA01805,2,3,0,4,0,0,0,0,0,0,1,1,6,1,54,8,125,1,-1,-1,3
201497UA01806,1,19,0,1,9,0,0,0,0,0,2,1,1,1,40,7,2198,2,3,-1,1
201497UA01808,1,9,0,1,0,0,0,0,0,0,2,1,6,2,87,11,1124,1,12,-1,3
201497UA01810,1,9,0,18,0,0,0,0,1,4,1,1,1,2,22,5,1206,1,3,-1,-1
201497UA01905,1,11,0,18,0,0,0,0,0,0,0,1,1,1,59,9,4580,2,7,-1,1
201497UA02006,1,9,0,7,5,1,0,0,0,0,4,1,6,1,53,8,-1,-1,-1,-1,1
201497UA02106,1,5,0,16,0,0,1,0,7,11,1,1,6,1,69,10,998,1,-1,-1,1
201497UA02206,1,5,0,18,0,0,1,0,1,0,1,1,6,1,49,8,1800,1,5,-1,1
201497UA02209,1,9,0,9,0,5,0,0,0,0,3,1,6,3,30,6,2616,1,10,-1,-1
201497UA02211,1,9,0,17,0,0,1,7,7,11,2,1,6,1,26,6,1364,1,10,-1,1
201497UA02211,2,19,0,18,0,0,0,0,0,0,1,1,1,1,54,8,2143,2,2,-1,-1
201497UA02301,1,9,0,4,0,2,0,0,0,0,4,1,2,1,33,6,1149,1,2,-1,2
201497UA02306,1,90,0,18,3,1,0,0,7,0,3,1,6,1,16,4,-1,-1,-1,-1,1
201497UA02306,2,9,0,18,0,1,0,0,0,0,1,1,6,1,60,9,1596,1,-1,-1,1
201497UA02308,1,3,0,16,0,0,1,0,0,0,3,1,6,1,43,7,124,1,13,-1,2
201497UA02401,1,9,0,18,0,0,0,0,0,0,2,1,6,2,25,5,1984,1,8,-1,-1
201497UA02401,2,9,0,5,0,0,0,0,0,0,3,1,6,1,65,9,1868,2,15,-1,1
201497UA02403,1,9,0,16,0,0,0,4,0,0,1,1,2,1,46,8,1299,1,12,-1,2
201497UA02403,2,9,0,2,0,0,0,0,0,0,1,1,6,3,30,6,2401,2,6,-1,-1
201497UA02405,1,9,0,4,0,4,0,0,0,0,1,1,6,1,29,6,1299,1,9,-1,2
201497UA02405,2,9,0,3,0,4,0,0,0,0,2,1,6,2,60,9,998,1,10,-1,1
201497UA02408,1,9,0,2,0,2,0,7,3,1,1,1,6,1,38,7,1896,2,10,-1,2
201497UA02502,1,9,0,14,0,1,0,0,0,0,1,1,2,2,25,5,1910,2,11,-1,1
201497UA02502,2,9,0,4,0,1,0,0,0,0,2,1,6,1,49,8,1968,2,3,-1,-1
201497UA02508,1,9,0,7,0,3,0,0,0,0,4,1,6,2,64,9,1985,1,14,-1,1
201497UA02508,2,1,0,18,0,8,0,0,0,0,3,1,6,1,65,9,-1,-1,-1,-1,1
201497UA02602,1,19,0,16,0,0,1,11,2,11,1,1,1,1,27,6,1995,2,5,-1,1
201497UA02605,1,9,0,18,0,1,0,0,0,0,1,1,6,1,43,7,1598,1,6,-1,1
201497UA02605,2,5,0,4,0,1,0,0,0,0,2,1,6,1,59,9,1137,1,17,-1,1
201497UA02606,1,1,0,18,0,8,0,0,0,0,3,1,6,1,49,8,-1,-1,-1,-1,1
201497UA02606,2,21,0,18,0,3,0,0,0,0,4,1,1,1,26,6,12130,2,11,-1,-1
201497UA02610,1,9,0,17,0,0,5,0,2,3,1,1,6,1,19,4,1229,1,9,-1,1
201497UA02703,1,9,0,7,0,8,0,0,0,0,1,1,6,1,43,7,1796,1,10,-1,1
201497UA02706,1,9,0,18,0,0,0,0,0,0,2,1,6,2,30,6,1397,1,7,-1,1
201497UA02706,2,9,0,18,0,0,0,0,0,0,1,1,6,1,10,2,-1,-1,-1,-1,1
201497UA02709,1,9,0,18,0,1,0,0,0,0,1,1,6,2,30,6,-1,-1,-1,-1,-1
201497UA02712,1,9,0,18,0,1,0,0,0,0,1,1,6,2,59,9,1560,2,-1,-1,1
201497UA02712,2,9,0,18,0,1,0,0,1,11,1,1,1,2,35,6,-1,-1,-1,-1,1
201497UA02802,1,9,0,18,0,1,0,0,0,0,1,1,1,1,34,6,1598,1,11,-1,1
201497UA02802,2,9,0,18,0,1,0,0,0,0,1,1,1,2,29,6,1991,2,7,-1,3
201497UA02804,1,9,0,18,0,0,0,0,0,0,3,1,6,2,88,11,1596,1,9,-1,3
201497UA02805,1,19,0,18,0,0,0,0,0,0,0,1,1,1,36,7,1248,2,3,-1,3
201497UA02805,2,5,0,18,0,0,2,0,7,9,0,1,2,1,49,8,1043,1,2,-1,1
201497UA02805,3,19,0,18,0,0,0,0,0,0,0,1,2,1,35,6,1998,2,9,-1,1
201497UA02805,4,9,0,18,0,0,0,0,0,0,0,1,2,2,44,7,1997,2,7,-1,1
201497UA02902,1,21,0,18,0,0,0,0,0,0,1,1,1,1,30,6,5880,2,4,-1,3
201497UA02902,2,9,0,4,0,0,0,0,0,0,2,1,6,2,60,9,1997,2,6,-1,3
201497UA02903,1,19,0,16,0,0,0,0,0,0,0,1,1,1,58,9,2402,2,11,-1,3
201497UA02903,2,9,0,17,0,0,0,0,0,0,1,1,6,2,55,8,1598,2,-1,-1,2
201497UA02903,3,9,0,17,0,0,0,0,0,0,1,1,6,1,36,7,1798,1,8,-1,2
201497UA02903,4,9,0,17,0,0,0,0,0,0,1,1,6,2,38,7,1560,2,4,-1,2
201497UA02904,1,9,0,18,0,1,0,0,0,0,1,1,6,1,70,10,996,1,2,-1,1
201497UA02904,2,9,0,3,0,1,0,0,0,0,2,1,6,2,49,8,1560,2,2,-1,-1
201497UA02908,1,9,0,16,0,0,1,0,0,0,1,1,6,1,73,10,998,1,11,-1,-1
201497UA02908,2,19,0,18,0,0,0,0,0,0,3,1,1,1,51,8,2402,2,8,-1,3
201497UA03001,1,9,0,5,0,2,0,0,0,0,1,1,6,1,69,10,1998,1,10,-1,1
201497UA03001,2,9,0,18,0,8,0,0,0,0,4,1,6,1,20,4,1799,1,18,-1,1
201497UA03102,1,9,0,6,0,2,0,0,0,0,1,1,1,1,40,7,1896,2,4,-1,1
201497UA03105,1,9,0,18,0,0,1,0,0,0,1,1,6,2,34,6,1360,1,13,-1,-1
201497UA03105,2,9,0,4,0,0,0,0,0,0,0,1,6,2,32,6,1364,1,5,-1,1
201497UA03107,1,9,0,5,0,0,0,0,0,0,0,1,6,1,69,10,1242,1,4,-1,1
201497UA03109,1,9,0,17,0,0,1,0,7,11,3,1,6,1,59,9,-1,-1,-1,-1,3
201497UA03110,1,9,0,5,0,4,0,0,0,0,1,1,6,1,60,9,1668,1,9,-1,1
201497UA03110,2,1,0,18,0,3,0,0,0,0,4,1,6,1,56,9,-1,-1,-1,-1,-1
201497UA03112,1,9,0,17,0,0,1,0,7,11,3,1,6,1,46,8,998,1,5,-1,1
201497UA03209,1,2,0,5,0,6,0,0,0,0,3,1,6,2,16,4,49,1,-1,-1,1
201497UA03209,2,20,0,18,0,1,0,0,0,0,1,1,1,1,57,9,4250,2,10,-1,1
201497UA03312,1,9,0,18,0,0,2,0,1,0,0,1,6,2,34,6,1198,1,-1,-1,1
201497UA03401,1,9,0,5,0,8,0,0,0,0,1,1,6,1,43,7,1390,1,9,5,3
201497UA03401,2,9,0,18,0,2,0,0,0,0,4,1,6,2,66,10,1598,1,10,-1,1
201497UA03412,1,9,0,18,0,0,0,0,0,0,3,1,6,1,44,7,1328,1,7,-1,-1
201497UA03502,1,9,0,18,0,0,0,0,0,0,1,1,6,3,40,7,1991,1,-1,-1,-1
201497UA03502,2,9,0,18,0,0,0,0,0,0,2,1,6,2,46,8,1598,1,10,-1,1
201497UA03504,1,9,0,18,0,0,0,0,0,0,1,1,6,2,37,7,1798,1,12,5,1
201497UA03504,2,9,0,4,0,0,0,0,0,0,2,1,6,2,42,7,2993,2,-1,-1,1
201497UA03504,3,9,0,18,0,0,0,0,0,0,3,1,6,1,31,6,1910,2,6,-1,1
201497UA03509,1,9,0,9,0,2,0,0,0,0,1,1,1,1,44,7,1587,1,9,-1,3
201497UA03602,1,9,0,9,0,5,0,0,1,0,1,1,6,2,52,8,998,1,5,-1,1
201497UA03612,1,19,0,6,0,0,0,0,0,0,3,1,2,1,41,7,1998,2,10,-1,2
201497UA03612,2,11,0,18,0,0,0,0,0,0,0,1,1,1,26,6,3900,2,8,-1,2
201497UA03702,1,9,0,17,0,0,0,0,2,10,4,1,6,1,25,5,1998,1,12,-1,1
201497UA03704,1,9,0,18,0,8,0,0,0,0,3,1,6,2,24,5,1596,1,13,-1,3
201497UA03704,2,9,0,18,0,8,0,0,0,0,3,1,6,1,33,6,1598,1,9,-1,1
201497UA03705,1,9,0,18,0,8,0,0,0,0,3,1,6,1,37,7,1388,1,13,-1,2
201497UA03705,2,9,0,9,0,8,0,0,0,0,4,1,6,1,17,4,-1,-1,-1,-1,-1
201497UA03706,1,9,0,16,5,1,0,0,7,9,0,1,6,2,46,8,1984,1,12,-1,-1
201497UA03709,1,9,0,18,0,0,0,0,1,1,1,1,6,2,79,11,1150,1,9,-1,2
201497UA03712,1,8,0,18,0,0,0,0,0,0,1,1,2,1,35,6,1896,2,5,-1,-1
201497UA03712,2,9,0,2,0,0,0,0,0,0,3,1,2,2,30,6,-1,-1,-1,-1,-1
201497UA03804,1,9,0,18,0,0,1,0,7,11,1,1,6,1,18,4,1199,1,10,-1,2
201497UA03804,2,9,0,18,0,0,0,0,0,0,1,1,6,1,64,9,1997,1,11,-1,2
201497UA03804,3,9,0,18,0,0,2,0,1,10,1,1,6,1,18,4,1242,1,1,-1,2
201497UA03903,1,9,0,18,0,8,0,0,0,0,1,1,6,2,79,11,1199,1,13,-1,1
201497UA03903,2,9,0,7,0,8,0,0,0,0,1,1,1,1,44,7,-1,-1,-1,-1,1
201497UA03906,1,9,0,13,0,0,1,0,1,0,1,1,6,1,33,6,1388,1,13,-1,2
201497UA03906,2,9,0,13,0,0,0,0,0,0,0,1,6,1,23,5,-1,-1,-1,-1,2
201497UA03906,3,9,0,13,0,0,0,0,1,0,1,1,1,1,41,7,-1,-1,-1,-1,2
201497UA03910,1,9,0,9,0,8,0,0,0,0,3,1,6,2,57,9,1598,1,3,-1,1
201497UA03911,1,21,1,16,0,0,1,0,0,0,3,1,1,1,35,6,12740,2,3,-1,3
201497UA03911,2,21,0,17,0,0,0,0,1,3,3,1,1,1,45,7,12740,2,3,-1,2
201497UA04001,1,9,0,18,0,0,5,0,1,4,1,1,1,1,62,9,2198,2,1,-1,3
201497UA04011,1,19,0,18,0,0,0,0,0,0,1,1,6,1,26,6,1560,2,4,-1,3
201497UA04011,2,9,0,2,0,0,0,0,0,0,2,1,6,1,33,6,1896,2,9,-1,1
201497UA04012,1,9,0,16,0,0,2,0,1,7,1,1,6,1,41,7,1598,1,8,-1,1
201497UA04103,1,9,0,16,0,0,5,0,1,0,4,1,6,2,26,6,998,1,11,-1,2
201497UA04103,2,9,0,18,0,0,0,0,0,0,1,1,6,1,64,9,2148,2,10,-1,1
201497UA04105,1,9,0,16,0,0,0,0,1,9,4,1,6,2,18,4,1229,1,1,-1,1
201497UA04107,1,9,0,18,9,0,1,0,7,0,1,1,6,1,21,5,1895,1,15,-1,3
201497UA04107,2,9,0,18,9,0,0,0,0,0,0,1,6,1,51,8,1586,1,8,-1,1
201497UA04111,1,9,0,18,0,0,0,0,0,0,1,1,6,1,71,10,1560,2,2,-1,2
201497UA04203,1,9,0,16,0,0,0,0,0,0,1,1,6,1,27,6,1560,2,2,-1,2
201497UA04203,2,9,0,16,0,0,0,0,0,0,2,1,6,1,57,9,2497,2,2,-1,1
201497UA04203,3,9,0,16,0,0,0,0,0,0,2,1,6,1,58,9,1560,2,3,-1,1
201497UA04204,1,9,0,13,0,0,0,0,0,0,1,1,2,1,29,6,1968,2,5,-1,-1
201497UA04204,2,9,0,18,0,0,0,0,1,0,1,1,1,1,42,7,1796,1,11,-1,3
201497UA04204,3,20,0,18,0,0,0,0,0,0,0,1,1,1,36,7,3920,2,9,-1,3
201497UA04204,4,9,0,18,0,0,0,0,0,0,0,1,1,1,36,7,1686,2,9,-1,3
201497UA04204,5,9,0,18,0,0,0,0,0,0,0,1,1,1,28,6,2720,2,5,-1,1
201497UA04208,1,10,0,18,0,0,1,0,0,0,1,1,1,1,59,9,2874,2,14,-1,1
201497UA04208,2,9,0,18,0,0,1,0,1,0,1,1,6,1,25,5,1598,1,11,-1,2
201497UA04301,1,19,0,5,0,0,0,0,7,11,1,1,1,1,44,7,2402,2,6,-1,1
201497UA04301,2,9,0,18,0,0,0,0,1,11,1,1,6,2,41,7,2616,1,11,-1,3
201497UA04304,1,9,0,18,0,0,0,0,0,0,4,1,1,1,51,8,-1,-1,-1,-1,2
201497UA04306,1,9,0,18,0,0,1,0,7,3,1,1,6,1,53,8,1199,1,14,-1,-1
201497UA04308,1,9,0,9,0,8,0,0,0,0,1,1,6,1,21,5,1229,1,4,-1,1
201497UA04308,2,5,0,18,0,8,0,0,0,0,1,1,6,1,20,4,471,1,1,-1,1
201497UA04401,1,1,0,18,0,0,0,0,1,0,2,1,6,1,19,4,-1,-1,-1,-1,1
201497UA04401,2,9,0,18,0,0,0,0,0,0,1,1,2,1,55,8,2171,2,11,-1,3
201497UA04405,1,3,0,5,0,3,1,0,0,0,0,1,6,2,18,4,125,1,-1,-1,1
201497UA04408,1,9,0,18,0,1,0,0,0,0,4,1,6,1,35,6,1560,2,3,-1,3
201497UA04410,1,9,0,17,0,0,1,0,0,0,4,1,2,2,56,9,1390,1,7,-1,1
201497UA04410,2,9,0,18,0,0,0,0,0,0,1,1,6,2,67,10,1240,1,9,-1,2
201497UA04502,1,9,0,5,0,0,0,0,0,0,4,1,6,2,20,4,1995,2,-1,-1,1
201497UA04508,1,11,0,16,0,0,0,0,0,0,0,1,1,1,43,7,9600,2,18,-1,-1
201497UA04605,1,9,0,18,0,1,0,0,1,11,1,1,1,1,55,8,1896,2,10,-1,3
201497UA04605,2,9,0,18,0,1,0,0,0,0,1,1,6,1,74,10,1360,1,10,-1,1
201497UA04607,1,9,0,1,0,0,0,0,0,0,2,1,6,1,81,11,2685,2,11,-1,2
201497UA04607,2,9,0,18,0,0,1,0,0,0,4,1,6,2,21,5,-1,-1,-1,-1,1
201497UA04607,3,9,0,18,0,0,0,0,0,0,3,1,1,1,78,11,1389,1,11,-1,1
201497UA04607,4,9,0,2,0,0,0,0,0,0,0,1,1,1,40,7,-1,-1,-1,-1,-1
201497UA04607,5,9,0,1,0,0,0,0,0,0,2,1,6,1,40,7,2000,2,10,-1,2
201497UA04609,1,11,0,18,0,0,0,0,0,0,1,1,1,1,54,8,6370,2,7,-1,1
201497UA04611,1,9,0,18,0,1,1,4,0,0,1,1,6,2,49,8,1596,1,13,-1,2
201497UA04611,2,9,0,10,0,1,0,0,0,0,1,1,6,2,24,5,1364,1,4,-1,1
201497UA04611,3,9,0,2,0,1,0,0,0,0,4,1,6,2,30,6,1598,1,13,-1,1
201497UA04703,1,9,0,9,0,5,0,0,0,0,1,1,6,2,36,7,1956,2,4,-1,1
201497UA04703,2,9,0,18,0,1,0,0,0,0,1,1,6,1,59,9,-1,-1,-1,-1,2
201497UA04703,3,9,0,10,0,1,0,0,0,0,1,1,1,1,58,9,1968,2,2,5,1
201497UA04709,1,9,0,2,0,1,0,0,0,0,1,1,6,3,30,6,1896,2,11,-1,-1
201497UA04709,2,9,0,17,0,1,0,4,0,0,1,1,6,1,74,10,1984,1,7,-1,3
201497UA04808,1,5,0,15,0,0,0,0,1,0,4,1,6,1,48,8,1255,1,4,-1,1
201497UA04808,2,17,0,18,0,0,0,0,0,0,3,1,1,1,33,6,-1,-1,-1,-1,1
201497UA04808,3,9,0,18,0,0,0,0,0,0,3,1,6,1,48,8,1396,1,-1,5,1
201497UA04810,1,9,0,18,0,1,0,0,0,0,1,1,1,1,27,6,1686,2,3,-1,1
201497UA04810,2,9,0,4,0,1,0,0,0,0,2,1,6,2,32,6,2720,2,9,-1,2
201497UA04811,1,9,0,3,0,4,0,0,0,0,2,1,6,1,30,6,1596,1,6,-1,-1
201497UA04811,2,9,0,8,0,4,0,0,0,0,0,1,6,2,47,8,1995,2,5,-1,1
201497UA04908,1,1,0,17,0,1,0,0,0,0,1,1,6,1,13,3,-1,-1,-1,-1,2
201497UA04908,2,9,0,7,0,1,0,0,0,0,1,1,6,2,52,8,1998,2,9,-1,2
201497UA05002,1,9,0,16,0,1,1,0,1,11,1,1,2,1,22,5,-1,-1,-1,-1,3
201497UA05004,1,9,0,18,0,0,5,0,1,11,1,1,6,1,17,4,1364,1,8,-1,1
201497UA05011,1,19,0,4,0,1,0,0,0,0,1,1,1,1,49,8,1248,2,3,-1,1
201497UA05104,1,9,0,18,0,0,0,0,7,11,1,1,1,1,66,10,1598,1,5,-1,1
201497UA05106,1,9,0,18,0,2,0,0,0,0,3,1,6,1,23,5,1560,2,1,-1,1
201497UA05106,2,1,0,5,0,2,0,0,0,0,1,1,6,2,11,3,-1,-1,-1,-1,1
201497UA05201,1,9,0,18,0,0,0,0,0,0,1,1,6,1,35,6,2993,2,6,-1,1
201497UA05302,1,19,0,5,0,1,0,0,0,0,1,1,1,1,57,9,2300,2,8,-1,-1
201497UA05304,1,9,0,1,0,0,0,0,0,10,2,1,6,1,61,9,2198,1,13,-1,2
201497UA05311,1,9,0,18,0,0,0,0,4,6,3,1,6,1,29,6,4799,1,8,-1,3
201497UA05311,2,9,0,18,0,0,0,0,1,0,2,1,6,2,66,10,2179,2,2,-1,1
201497UA05404,1,9,0,18,0,0,0,0,0,0,1,1,6,1,31,6,1389,1,11,-1,1
201497UA05404,2,8,0,18,0,0,0,0,0,0,2,1,1,1,46,8,1997,2,4,-1,1
201497UA05411,1,1,0,18,0,0,0,4,0,0,1,1,2,1,67,10,-1,-1,-1,-1,3
201497UA05411,2,19,0,2,0,0,0,0,0,0,2,1,2,1,33,6,1560,2,2,-1,1
201497UA05503,1,9,0,18,0,0,1,0,1,11,4,1,2,2,34,6,1364,1,6,-1,1
201497UA05505,1,9,0,4,0,0,0,0,0,0,1,1,6,2,71,10,1686,2,4,-1,1
201497UA05505,2,19,0,3,0,0,0,0,0,0,2,1,1,1,49,8,2402,2,3,-1,-1
201497UA05510,1,9,0,17,0,0,1,0,1,4,3,1,1,1,29,6,1242,1,12,-1,-1
201497UA05511,1,9,0,17,0,0,0,0,1,11,1,1,6,1,90,11,1590,1,11,-1,3
201497UA05605,1,9,0,18,0,0,0,0,0,0,1,1,2,2,22,5,-1,-1,-1,-1,-1
201497UA05605,2,9,0,4,0,0,0,0,0,10,2,1,1,2,35,6,1360,1,15,-1,-1
201497UA05607,1,9,0,18,0,0,1,0,0,0,1,1,6,1,18,4,2157,1,17,-1,3
201497UA05607,2,9,0,18,0,0,0,0,1,0,3,1,6,1,54,8,-1,-1,-1,-1,3
201497UA05607,3,9,0,18,0,0,0,0,0,0,1,1,6,1,23,5,1200,1,2,-1,3
201497UA05801,1,9,0,18,0,0,0,0,0,0,1,1,3,1,39,7,1599,1,9,-1,2
201497UA05802,1,9,0,18,0,0,1,0,0,0,1,1,6,2,37,7,1399,2,3,-1,2
201497UA05802,2,9,0,18,0,0,0,0,0,0,2,1,6,2,57,9,996,1,2,-1,1
201497UA05802,3,9,0,18,0,0,0,0,0,0,2,1,6,1,46,8,1461,2,1,-1,1
201497UA05803,1,9,0,18,0,1,0,0,0,0,1,1,6,2,56,9,1968,2,1,-1,-1
201497UA05803,2,11,0,2,0,1,0,0,0,0,0,1,6,1,31,6,9000,2,4,-1,-1
201497UA05808,1,9,0,4,0,0,0,0,0,0,2,1,6,2,70,10,1997,2,6,-1,3
201497UA05808,2,5,0,17,0,0,0,4,0,0,1,1,6,1,40,7,1298,1,14,-1,1
201497UA05910,1,9,0,10,0,6,0,0,0,0,1,1,6,2,64,9,1769,1,10,-1,3
201497UA05910,2,9,0,18,0,1,0,4,1,0,3,1,2,2,57,9,1769,1,12,-1,1
201497UA05910,3,9,0,2,2,1,0,0,0,0,3,1,6,1,28,6,1995,1,4,-1,1
201497UA06101,1,9,0,18,0,2,0,0,0,0,4,1,1,1,61,9,1598,2,1,-1,1
201497UA06110,1,9,0,17,0,1,2,0,1,3,1,1,6,1,23,5,1796,1,7,-1,-1
201497UA06208,1,9,0,9,0,1,0,0,0,0,1,1,6,2,50,8,-1,-1,-1,-1,-1
201497UA06208,2,1,0,18,0,1,0,0,0,0,1,1,6,2,30,6,-1,-1,-1,-1,1
201497UA06304,1,9,0,18,0,0,0,0,0,0,1,1,6,1,25,5,1781,1,15,-1,1
201497UA06311,1,9,0,7,0,3,0,0,0,0,0,1,6,2,30,6,1200,1,1,-1,-1
201497UA06311,2,1,0,11,4,3,0,0,0,0,2,1,2,1,18,4,-1,-1,-1,-1,1
201497UA06312,1,9,0,18,0,1,0,0,0,0,1,1,6,1,21,5,1242,1,8,-1,3
201497UA06312,2,9,0,4,0,1,0,0,0,0,2,1,6,1,70,10,698,1,10,-1,-1
201497UA06312,3,9,0,4,0,1,0,0,0,0,2,1,6,1,40,7,-1,-1,-1,-1,1
201497UA06512,1,9,0,3,0,0,0,0,0,0,1,1,6,1,33,6,1587,1,9,-1,-1
201497UA06512,2,9,0,3,0,0,0,0,0,0,2,1,6,1,49,8,2494,1,11,-1,1
201497UA06607,1,11,0,14,0,0,0,0,0,0,0,1,1,1,56,9,2998,2,2,-1,-1
201497UA06607,2,9,0,17,0,0,0,0,7,0,2,1,2,2,51,8,1390,1,13,-1,2
201497UC00101,1,19,0,18,0,0,0,0,1,7,1,1,1,2,43,7,2198,2,2,-1,1
201497UC00109,1,9,0,16,0,0,1,0,0,0,1,1,2,1,21,5,1242,1,11,-1,-1
201497UC00109,2,19,0,17,0,0,0,0,0,0,1,1,2,1,29,6,2198,2,-1,-1,1
201497UC00208,1,9,0,18,0,0,2,0,7,11,1,1,6,2,50,8,1990,1,10,-1,1
201497UC00301,1,9,0,17,0,0,2,0,1,10,4,1,6,1,45,7,1560,2,3,-1,1
201497UC00303,1,9,0,18,0,0,0,0,0,0,1,1,6,1,18,4,1248,2,6,-1,3
201497UC00303,2,9,0,18,0,0,0,0,1,9,1,1,6,1,54,8,1328,1,10,-1,2
201497UC00305,1,9,0,15,0,0,0,0,0,0,0,1,6,3,30,6,-1,-1,-1,-1,-1
201497UC00305,2,9,0,9,0,0,0,0,1,0,3,1,6,2,28,6,1399,2,9,-1,1
201497UC00305,3,9,0,2,0,0,0,0,0,0,4,1,6,1,87,11,1396,2,3,-1,-1
201497UC00305,4,9,0,2,0,0,0,0,0,0,4,1,6,2,30,6,1527,2,11,-1,-1
201497UC00403,1,3,0,18,0,8,1,0,0,10,4,1,6,1,36,7,-1,-1,-1,-1,3
201497UC00410,1,9,0,5,0,1,0,0,0,0,4,1,6,1,49,8,1598,1,5,-1,1
201497UC00411,1,9,0,16,0,0,2,0,7,11,0,1,6,1,17,4,1229,1,8,-1,-1
201497UC00504,1,9,0,4,0,0,0,0,0,0,4,1,6,1,37,7,1910,2,6,-1,3
201497UC00504,2,1,0,18,9,0,0,0,0,0,4,1,6,2,6,2,-1,-1,-1,-1,1
201497UC00509,1,9,0,9,0,2,0,0,0,0,1,1,6,2,31,6,1870,2,10,-1,1
201497UC00509,2,9,0,18,0,1,0,0,0,0,1,1,6,1,83,11,1997,2,13,-1,1
201497UC00510,1,9,0,18,0,8,0,0,1,10,4,1,1,1,29,6,1198,1,-1,-1,1
201497UC00510,2,9,0,18,0,8,0,0,0,0,1,1,2,2,52,8,1560,2,2,-1,2
201497UC00512,1,8,0,18,0,0,0,0,0,0,1,1,1,1,57,9,1596,1,6,-1,1
201497UC00602,1,9,0,9,0,6,0,0,0,0,1,1,6,2,28,6,2143,2,1,-1,3
201497UC00602,2,9,0,18,0,8,0,0,0,0,3,1,6,2,28,6,1598,1,6,-1,1
201497UC00607,1,9,0,4,0,0,0,0,0,0,1,1,2,1,38,7,1390,1,7,-1,3
201497UC00607,2,9,0,3,0,0,0,0,0,0,2,1,2,2,48,8,1149,1,2,-1,-1
201497UC00607,3,23,0,3,0,0,0,0,0,0,2,1,2,2,48,8,108,1,1,-1,2
201497UC00704,1,9,0,15,0,0,0,0,0,0,1,1,6,1,52,8,-1,-1,-1,-1,3
201497UC00704,2,1,0,18,0,0,0,0,0,0,2,1,6,1,40,7,-1,-1,-1,-1,3
201497UC00706,1,9,0,18,0,0,0,0,7,11,3,1,6,1,73,10,1984,1,7,-1,2
201497UC00801,1,9,0,5,0,4,0,0,0,0,4,1,6,2,52,8,1595,1,7,-1,3
201497UC00801,2,1,0,18,0,3,0,0,0,0,4,1,6,1,43,7,-1,-1,-1,-1,-1
201497UC00804,1,8,0,18,0,0,0,0,0,0,1,1,2,1,23,5,1997,2,7,-1,3
201497UC00804,2,9,0,3,0,0,0,0,0,0,2,1,6,1,46,8,1596,1,2,-1,3
201497UC00804,3,9,0,3,0,0,0,0,0,0,2,1,6,2,41,7,1753,2,6,-1,3
201497UC00908,1,9,0,4,0,0,0,0,0,0,1,1,6,1,63,9,1242,1,1,-1,1
201497UC00908,2,9,0,3,0,0,0,0,0,0,2,1,6,1,46,8,1796,1,9,-1,1
201497UC00911,1,9,0,9,0,8,0,0,0,0,1,1,6,2,79,11,1149,1,5,-1,1
201497UC00911,2,9,0,18,0,8,0,0,0,0,1,1,6,1,26,6,1900,2,15,-1,2
201497UC01006,1,9,0,18,0,1,1,0,0,0,2,1,6,1,47,8,-1,-1,-1,-1,1
201497UC01006,2,9,0,8,0,1,0,0,0,0,1,1,6,1,72,10,1984,1,15,-1,1