Accident_Index,Vehicle_Reference,Vehicle_Type,Towing_and_Articulation,Vehicle_Manoeuvre,Vehicle_Location-Restricted_Lane,Junction_Location,Skidding_and_Overturning,Hit_Object_in_Carriageway,Vehicle_Leaving_Carriageway,Hit_Object_off_Carriageway,1st_Point_of_Impact,Was_Vehicle_Left_Hand_Drive?,Journey_Purpose_of_Driver,Sex_of_Driver,Age_of_Driver,Age_Band_of_Driver,Engine_Capacity_(CC),Propulsion_Code,Age_of_Vehicle,Driver_IMD_Decile,Driver_Home_Area_Type
201497UC01006,3,9,0,18,0,1,0,0,0,0,2,1,6,2,57,9,1149,1,5,-1,1
201497UC01006,4,9,0,8,0,1,0,0,0,0,2,1,6,1,37,7,1995,1,3,-1,3
201497UC01009,1,11,0,4,0,0,0,0,0,0,1,1,1,1,32,6,6871,2,5,-1,-1
201497UC01202,1,9,0,17,0,5,0,0,0,0,4,1,2,1,36,7,1560,2,2,-1,1
201497UC01203,1,9,0,18,0,0,0,0,0,0,0,1,1,2,24,5,1198,1,1,-1,1
201497UC01203,2,9,0,1,0,0,0,0,0,0,0,1,6,2,40,7,-1,-1,-1,-1,1
201497UC01205,1,9,0,9,4,1,0,0,0,0,1,1,6,1,30,6,-1,-1,-1,-1,-1
201497UC01210,1,9,0,18,0,2,0,0,0,0,1,1,6,2,43,7,1560,2,4,-1,3
201497UC01301,1,9,0,18,0,1,1,6,1,11,1,1,6,2,28,6,1587,1,11,-1,1
201497UC01305,1,9,0,4,0,0,0,0,0,0,4,1,6,1,29,6,1368,1,5,-1,2
201497UC01404,1,9,0,18,0,0,0,0,0,0,1,1,6,1,20,4,-1,-1,-1,-1,-1
201497UC01503,1,9,0,18,6,0,1,0,1,1,3,1,6,1,48,8,1598,1,4,-1,1
201497UC01506,1,9,0,9,0,2,0,0,0,0,1,1,1,2,62,9,1560,2,1,-1,1
201497UC01506,2,9,0,18,0,1,0,0,0,0,3,1,3,2,30,6,1390,1,4,-1,1
201497UC01508,1,9,0,17,0,0,1,0,1,11,1,1,6,2,42,7,1399,2,5,-1,1
201497UC01511,1,19,0,7,0,2,0,11,0,0,1,1,1,1,51,8,2143,2,1,-1,1
201497UC01601,1,9,0,18,0,0,0,0,1,9,1,1,6,1,22,5,1560,2,4,-1,1
201497UC01601,2,9,0,18,0,0,0,0,1,9,3,1,6,2,50,8,1968,2,4,-1,3
201497UC01602,1,9,0,18,0,1,0,0,0,0,1,1,6,1,17,4,-1,-1,-1,-1,1
201497UC01602,2,1,0,18,0,1,0,0,0,0,3,1,6,1,17,4,-1,-1,-1,-1,1
201497UC01605,1,9,0,9,0,1,0,0,0,0,1,1,2,1,21,5,1596,1,2,-1,1
201497UC01702,1,9,0,18,0,1,0,0,3,1,1,1,2,1,45,7,1587,1,15,-1,2
201497UC01702,2,9,0,4,0,1,0,0,0,0,2,1,6,2,19,4,998,1,7,-1,2
201497UC01703,1,9,0,18,0,2,0,0,0,0,3,1,6,3,30,6,-1,-1,-1,-1,-1
201497UC01708,1,9,0,16,0,0,0,0,7,11,3,1,2,2,45,7,1198,1,5,-1,2
201497UC01709,1,9,0,9,0,6,0,0,0,0,1,1,6,1,65,9,1560,2,1,-1,3
201497UC01709,2,9,0,18,0,8,0,0,0,0,3,1,6,2,28,6,1685,2,-1,-1,3
201497UC01711,1,9,0,18,0,0,0,0,0,0,1,1,2,2,60,9,1388,1,10,-1,2
201497UC01803,1,19,0,7,0,1,0,0,0,0,3,1,1,1,55,8,12777,2,5,-1,3
201497UC01803,2,9,0,8,0,1,0,0,0,11,4,1,6,1,74,10,1360,1,9,-1,3
201497UC01805,1,9,0,7,0,1,0,0,0,0,3,1,2,1,48,8,1973,1,13,-1,1
201497UC01805,2,5,0,18,0,1,0,0,0,0,1,1,2,1,32,6,599,1,16,-1,1
201497UC01903,1,9,0,18,0,0,0,0,0,0,4,1,6,2,48,8,1995,1,12,-1,1
201497UC01909,1,17,5,4,0,0,0,0,8,11,3,1,1,1,24,5,-1,2,2,-1,2
201497UC01910,1,9,0,18,0,0,0,0,0,0,3,1,6,1,22,5,1761,1,14,-1,1
201497UC02005,1,9,0,17,0,3,0,0,1,1,1,1,6,2,34,6,1229,1,1,-1,2
201497UC02005,2,9,0,15,0,3,0,0,0,0,4,1,6,1,49,8,1598,1,12,-1,1
201497UC02007,1,9,0,18,0,1,1,0,7,0,1,1,1,1,32,6,1560,2,-1,-1,-1
201497UC02007,2,9,0,9,0,8,0,0,0,0,3,1,6,1,45,7,-1,-1,-1,5,1
201497UC02007,3,9,0,18,0,1,0,0,0,0,0,1,6,1,49,8,1999,2,12,-1,-1
201497UC02012,1,9,0,1,9,0,0,0,1,11,2,1,6,2,84,11,1198,1,5,-1,1
201497UC02103,1,9,0,18,0,0,1,0,1,1,1,1,2,1,35,6,1796,1,13,-1,3
201497UC02103,2,9,0,4,0,0,0,0,0,0,2,1,2,2,36,7,1242,1,5,-1,2
201497UC02103,3,9,0,4,0,0,0,0,0,0,2,1,2,2,41,7,1799,1,4,-1,2
201497UC02110,1,1,0,5,0,0,0,0,0,0,3,1,6,1,20,4,-1,-1,-1,-1,1
201497UC02110,2,9,0,18,0,0,1,0,0,0,1,1,6,2,17,4,998,1,2,-1,-1
201497UC02111,1,9,0,16,0,0,0,4,0,0,1,1,6,1,30,6,1390,1,-1,-1,1
201497UC02111,2,9,0,2,0,0,0,0,0,0,2,1,6,1,29,6,1783,1,10,-1,1
201497UC02112,1,8,0,18,0,2,0,0,0,0,1,1,1,1,54,8,1896,2,6,-1,1
201497UC02301,1,9,0,18,0,0,0,0,0,0,1,1,6,1,20,4,1596,1,3,-1,2
201497UC02301,2,9,0,3,0,0,0,0,0,0,2,1,6,2,49,8,1149,1,11,-1,-1
201497UC02302,1,9,0,9,0,1,0,0,0,0,1,1,6,1,72,10,1798,1,7,-1,1
201497UC02302,2,9,0,17,0,1,0,0,0,0,1,1,6,1,28,6,1390,1,10,-1,1
201497UC02303,1,9,0,16,0,0,5,0,0,0,3,1,6,1,53,8,1796,1,13,-1,2
201497UC02306,1,3,0,17,0,0,1,10,0,0,4,1,6,1,34,6,125,1,1,-1,3
201497UC02308,1,9,0,17,0,1,1,0,1,10,1,1,1,2,48,8,1796,1,8,-1,1
201497UC02401,1,9,0,18,0,4,0,0,0,0,1,1,6,1,30,6,-1,-1,-1,-1,1
201497UC02401,2,21,0,3,0,4,0,0,0,0,2,1,1,1,49,8,12777,2,7,-1,3
201497UC02409,1,9,0,1,0,0,0,0,0,0,2,1,6,2,64,9,1329,1,3,-1,-1
201497UC02410,1,9,0,3,0,0,0,0,0,0,1,1,2,1,35,6,-1,-1,-1,-1,3
201497UC02410,2,9,0,3,0,0,0,0,0,0,2,1,6,1,27,6,1968,2,5,-1,1
201497UC02412,1,9,0,4,0,1,0,0,0,0,1,1,6,1,37,7,1995,2,10,-1,2
201497UC02412,2,9,0,3,0,1,0,0,0,0,2,1,6,2,45,7,1341,1,9,-1,2
201497UC02502,1,11,0,2,0,0,0,0,0,0,0,1,6,1,61,9,9000,2,4,-1,1
201497UC02507,1,9,0,18,0,0,5,4,0,0,1,1,6,2,21,5,-1,-1,-1,-1,1
201497UC02507,2,9,0,2,0,0,0,0,0,0,1,1,6,3,30,6,1997,2,5,-1,-1
201497UC02507,3,9,0,18,0,0,0,0,0,0,3,1,6,2,51,8,1398,2,9,-1,1
201497UC02508,1,19,0,12,0,0,1,0,1,0,1,1,2,1,37,7,1560,2,2,-1,-1
201497UC02508,2,19,0,18,0,0,2,0,1,4,2,1,1,1,45,7,2151,2,11,-1,1
201497UC02512,1,9,0,16,0,0,1,0,2,11,1,1,6,1,18,4,998,1,8,-1,3
201497UC02602,1,9,0,13,0,0,0,0,0,0,0,1,6,3,20,4,-1,-1,-1,-1,-1
201497UC02602,2,9,0,18,0,0,1,0,1,9,1,1,1,2,48,8,1781,1,15,-1,3
201497UC02607,1,9,0,13,0,1,0,0,0,0,1,1,1,2,31,6,1968,2,-1,-1,3
201497UC02607,2,9,0,9,0,5,0,0,0,0,2,1,6,2,49,8,1997,2,1,-1,-1
201497UC02705,1,9,0,1,0,0,0,0,0,0,2,1,6,2,33,6,1686,2,1,-1,1
201497UC02705,2,11,0,18,0,0,0,0,0,0,1,1,6,2,33,6,6871,2,5,-1,-1
201497UC02706,1,19,4,3,0,0,1,0,0,0,2,1,1,1,45,7,1998,2,9,-1,2
201497UC02706,2,9,0,14,0,0,0,0,0,0,1,1,6,2,64,9,1591,1,1,-1,2
201497UC02707,1,19,0,1,9,0,0,0,0,0,2,1,1,1,25,5,1248,2,4,-1,3
201497UC02710,1,19,0,18,0,0,0,0,0,0,3,1,6,3,40,7,-1,-1,-1,-1,-1
201497UC02805,1,9,0,18,0,5,1,0,0,0,1,1,6,1,26,6,1390,1,14,-1,2
201497UC02805,2,9,0,10,0,5,0,0,0,0,2,1,6,1,27,6,-1,-1,-1,-1,3
201497UC02806,1,19,0,14,0,0,0,0,0,0,1,1,6,1,30,6,-1,-1,-1,-1,-1
201497UC02806,2,11,0,14,0,0,0,0,0,0,1,1,1,1,32,6,6871,2,4,-1,1
201497UC02809,1,9,0,4,0,1,0,0,0,0,1,1,6,1,20,4,-1,-1,-1,-1,1
201497UC02809,2,9,0,9,0,5,0,0,0,0,2,1,6,1,62,9,2184,2,10,-1,1
201497UC02810,1,9,0,9,0,1,0,0,0,0,3,1,6,3,30,6,-1,-1,-1,-1,-1
201497UC02906,1,9,0,4,0,0,0,0,0,0,3,1,6,2,40,7,1796,1,17,-1,1
201497UC02910,1,9,0,18,0,0,1,0,0,0,1,1,6,1,37,7,1598,1,5,-1,1
201497UC02910,2,19,0,18,0,0,0,0,0,0,2,1,6,1,55,8,1998,2,11,-1,-1
201497UC02911,1,9,0,16,0,0,1,0,0,0,1,1,2,1,37,7,1910,2,5,-1,1
201497UC02911,2,9,0,16,0,0,1,0,0,0,1,1,2,2,35,6,1910,2,5,-1,1
201497UC03002,1,9,0,18,0,0,0,0,0,0,3,1,6,1,52,8,1761,1,14,-1,-1
201497UC03006,1,9,0,5,0,2,0,0,0,0,1,1,6,2,75,10,1596,1,1,-1,-1
201497UC03006,2,9,0,18,0,8,0,0,0,0,4,1,1,1,57,9,1398,1,-1,-1,3
201497UC03009,1,9,0,18,0,0,0,0,0,0,1,1,6,1,23,5,1796,2,-1,-1,2
201497UC03010,1,9,0,18,0,0,0,0,1,11,1,1,1,1,27,6,-1,-1,-1,-1,-1
201497UC03101,1,9,0,18,0,1,0,0,0,0,1,1,6,1,19,4,1896,2,6,-1,3
201497UC03101,2,9,0,8,0,1,0,0,0,0,2,1,2,2,43,7,1390,1,13,-1,3
201497UC03105,1,9,0,4,7,0,0,0,0,0,2,1,6,2,27,6,998,1,8,-1,1
201497UC03105,2,9,0,2,6,0,0,0,0,0,3,1,6,1,23,5,1598,1,8,-1,2
201497UC03111,1,9,0,9,0,5,0,0,0,0,4,1,1,1,49,8,1598,1,11,-1,1
201497UC03111,2,9,0,18,0,1,0,0,0,0,1,1,1,2,56,9,1598,1,11,-1,1
201497UC03204,1,9,0,5,0,4,0,0,0,0,1,1,6,1,26,6,2000,1,9,-1,-1
201497UC03204,2,9,0,3,0,4,0,0,0,0,2,1,6,1,32,6,1390,1,7,-1,3
201497UC03302,1,9,0,13,0,8,0,0,0,0,0,1,6,3,30,6,-1,-1,-1,-1,-1
201497UC03302,2,9,0,18,0,8,1,0,1,0,0,1,1,2,43,7,-1,-1,-1,-1,2
201497UC03303,1,9,0,17,0,0,0,0,0,0,0,1,6,1,36,7,-1,-1,-1,6,3
201497UC03303,2,11,0,16,0,0,0,0,0,0,1,1,1,1,23,5,9000,2,4,-1,1
201497UC03307,1,9,0,18,9,1,0,0,1,0,1,1,6,2,20,4,-1,-1,-1,-1,1
201497UC03307,2,11,0,10,0,2,0,0,0,0,3,1,1,1,46,8,8268,2,9,-1,1
201497UC03309,1,9,0,18,0,0,0,0,0,1,1,1,6,1,18,4,1598,1,3,-1,2
201497UC03311,1,20,1,9,0,1,0,0,0,0,3,1,1,1,34,6,6693,2,1,-1,1
201497UC03402,1,9,0,16,0,0,2,0,1,9,1,1,1,1,18,4,1149,1,5,-1,3
201497UC03406,1,8,0,18,0,0,1,10,7,10,2,1,1,1,71,10,1560,2,5,-1,1
201497UC03406,2,9,0,18,0,0,0,0,0,0,0,1,6,1,22,5,1796,1,12,-1,1
201497UC03407,1,9,0,13,0,1,2,0,8,0,4,1,2,1,34,6,1910,2,9,-1,-1
201497UC03407,2,17,4,9,0,1,0,0,0,0,3,1,1,1,19,4,-1,2,9,-1,3
201497UC03408,1,9,0,18,0,0,0,0,0,0,1,1,6,2,27,6,998,1,2,-1,2
201497UC03408,2,9,0,4,0,0,0,0,0,0,1,1,2,2,37,7,1598,1,5,-1,1
201497UC03409,1,9,0,18,0,0,0,0,0,0,0,1,6,1,40,7,-1,-1,-1,-1,-1
201497UC03412,1,9,0,13,0,0,1,0,1,1,1,1,6,1,23,5,1598,1,10,-1,1
201497UC03412,2,9,0,18,0,0,0,0,0,0,1,1,6,1,37,7,1896,2,9,-1,1
201497UC03502,1,9,0,16,0,0,1,0,0,0,4,1,6,2,37,7,1596,1,7,-1,1
201497UC03502,2,9,0,18,0,0,0,0,0,0,1,1,6,1,72,10,1299,1,12,-1,3
201497UC03505,1,9,0,2,0,0,0,0,0,0,1,1,6,1,33,6,1560,2,2,-1,-1
201497UC03505,2,1,0,15,4,0,0,8,0,0,4,1,6,1,43,7,-1,-1,-1,-1,-1
201497UC03507,1,9,0,17,0,0,1,0,1,0,4,1,6,1,21,5,-1,-1,-1,-1,-1
201497UC03511,1,9,0,18,0,0,0,0,4,6,1,1,6,1,19,4,1975,1,8,-1,1
201497UC03602,1,9,0,16,0,0,2,0,1,11,1,1,6,2,52,8,2184,2,5,-1,2
201497UC03605,1,3,0,18,0,4,0,0,0,0,0,1,6,1,42,7,125,1,3,-1,2
201497UC03611,1,9,0,4,0,4,0,0,0,0,1,1,6,2,40,7,-1,-1,-1,-1,-1
201497UC03611,2,9,0,3,0,4,0,0,0,0,2,1,6,1,71,10,1242,1,3,-1,2
201497UC03612,1,9,0,18,0,0,1,0,1,4,3,1,6,1,37,7,1995,2,5,-1,1
201497UC03705,1,9,0,18,0,4,0,0,0,0,1,1,6,1,42,7,1362,1,2,-1,2
201497UC03705,2,1,0,18,0,4,1,0,0,0,1,1,6,2,33,6,-1,-1,-1,-1,1
201497UC03708,1,9,0,18,0,0,0,0,0,0,1,1,6,1,43,7,1598,1,15,-1,2
201497UC03708,2,9,0,18,0,0,0,4,0,0,1,1,6,2,20,4,1199,2,3,-1,1
201497UC03708,3,9,0,2,0,0,0,0,0,0,2,1,6,3,30,6,1596,1,3,-1,-1
201497UC03808,1,9,0,4,0,0,0,0,0,0,1,1,6,1,71,10,1399,1,6,-1,1
201497UC03810,1,9,0,18,0,3,0,0,0,0,4,1,6,1,53,8,1398,1,4,-1,1
201497UC03911,1,9,0,18,0,0,0,0,0,0,4,1,6,2,40,7,1587,1,6,-1,3
201497UC03912,1,3,0,17,0,1,1,0,1,2,2,1,6,1,21,5,124,1,8,-1,2
201497UC04003,1,9,0,7,0,0,1,0,8,11,1,1,6,2,29,6,998,1,3,-1,1
201497UC04005,1,9,0,4,0,0,0,0,0,0,1,1,6,2,19,4,1242,1,10,-1,3
201497UC04005,2,9,0,4,0,0,0,0,0,0,2,1,6,1,25,5,1124,1,15,-1,1
201497UC04011,1,9,0,9,0,2,0,0,0,0,1,1,6,2,57,9,1329,1,1,-1,3
201497UC04012,1,9,0,4,0,0,0,0,0,0,1,1,6,2,80,11,1339,1,7,-1,3
201497UC04012,2,9,0,4,0,0,0,0,0,0,2,1,6,2,51,8,1995,2,1,-1,-1
201497UC04105,1,17,0,16,0,0,0,0,0,0,0,1,1,1,31,6,-1,2,-1,-1,3
201497UC04111,1,9,0,7,0,1,0,0,0,0,3,1,6,1,29,6,1229,1,-1,-1,2
201497UC04208,1,19,0,5,0,0,0,0,0,0,1,1,1,1,30,6,1870,2,9,-1,2
201497UC04208,2,9,0,18,0,0,0,0,0,0,1,1,2,1,50,8,1994,1,8,-1,3
201497UC04211,1,9,0,18,0,0,1,0,0,0,1,1,6,1,18,4,998,1,10,-1,3
201497UC04211,2,9,0,18,0,0,0,0,0,0,1,1,6,1,53,8,1992,2,9,-1,1
201497UC04308,1,11,0,11,0,0,0,0,0,0,1,1,6,1,64,9,9000,2,16,-1,-1
201497UC04308,2,9,0,15,0,0,0,0,0,0,3,1,6,2,38,7,2598,1,18,-1,1
201497UC05005,1,9,0,18,0,0,0,0,7,4,1,1,6,1,15,3,1229,1,5,-1,-1
201497UC40101,1,9,0,18,0,0,0,0,0,0,1,1,1,1,38,7,1896,2,6,-1,3
201497UC40103,1,9,0,18,0,0,0,0,0,0,1,1,6,1,33,6,1753,2,5,-1,3
201497UC40103,2,9,0,18,0,0,0,0,0,0,2,1,6,2,59,9,1229,1,2,-1,3
201497UC40106,1,9,0,18,0,0,0,0,7,2,3,1,2,2,54,8,2902,2,9,-1,3
201497UC40109,1,9,0,10,0,8,0,0,0,0,1,1,6,1,57,9,1560,2,-1,-1,3
201497UC40109,2,1,0,18,0,8,0,0,0,0,1,1,6,2,31,6,-1,-1,-1,-1,2
201497UC40201,1,9,0,18,0,0,0,0,0,0,1,1,6,1,25,5,-1,-1,-1,-1,-1
201497UC40201,2,9,0,18,0,0,0,0,0,0,1,1,6,1,42,7,1598,2,2,-1,3
201497UC40207,1,9,0,18,0,0,0,0,0,0,1,1,6,2,48,8,1248,2,7,-1,3
201497UC40207,2,1,0,18,0,0,0,0,0,0,4,1,6,1,6,2,-1,-1,-1,-1,2
201497UC40211,1,9,0,18,0,6,1,0,0,0,1,1,6,3,20,4,-1,-1,-1,-1,-1
201497UC40211,2,9,0,18,0,1,0,0,1,11,3,1,6,2,51,8,1910,2,8,-1,2
201497UC40211,3,8,0,18,0,1,0,0,7,0,4,1,1,1,47,8,1997,2,-1,-1,2
201497UC40301,1,9,0,18,0,0,0,4,0,0,1,1,6,2,44,7,2143,2,1,-1,-1
201497UC40301,2,9,0,3,0,0,0,4,0,0,1,1,2,2,49,8,1560,2,2,-1,-1
201497UC40301,3,9,0,2,0,0,0,4,0,0,1,1,6,1,46,8,-1,-1,-1,-1,1
201497UC40304,1,9,0,17,0,1,0,0,0,0,1,1,6,1,24,5,1560,2,2,-1,1
201497UC40304,2,9,0,18,0,1,1,0,7,0,4,1,6,1,18,4,1399,2,4,-1,3
201497UC40306,1,9,0,18,0,0,1,0,0,0,1,1,6,2,18,4,998,1,13,-1,3
201497UC40310,1,20,0,18,0,8,0,0,0,0,1,1,1,1,42,7,-1,-1,-1,-1,1
201497UC40310,2,9,0,3,0,8,0,0,0,0,2,1,6,2,51,8,1198,1,7,-1,2
201497UC40310,3,9,0,10,0,8,0,0,0,0,2,1,6,2,52,8,-1,-1,-1,-1,3
201497UC40403,1,9,0,18,0,1,0,0,0,0,1,1,6,1,29,6,1596,1,5,-1,2
201497UC40403,2,9,0,18,0,2,0,0,0,0,2,1,6,1,52,8,993,1,13,-1,2
201497UC40403,3,9,0,18,0,2,0,0,0,0,1,1,6,2,43,7,1398,1,3,-1,2
201497UC40403,4,9,0,18,0,2,0,0,0,0,1,1,6,2,46,8,1796,1,6,-1,3
201497UC40406,1,9,0,18,9,1,0,6,7,10,1,1,6,2,55,8,1685,2,2,-1,3
201497UC40410,1,9,0,16,0,0,1,0,1,1,4,1,6,2,57,9,1149,1,4,-1,1
201497UC40507,1,9,0,18,0,0,0,0,0,0,1,1,6,1,37,7,1229,1,7,-1,2
201497UC40601,1,19,0,5,0,0,0,0,0,0,1,1,1,1,29,6,1753,2,3,-1,3
201497UC40606,1,3,0,7,0,8,0,0,0,0,1,1,6,2,54,8,102,1,-1,-1,2
201497UC40606,2,9,0,4,0,8,0,0,0,0,3,1,6,1,61,9,1796,1,6,-1,2
201497UC40608,1,5,0,7,0,1,0,0,0,0,1,1,6,1,60,9,599,1,14,2,1
201497UC40608,2,9,0,9,0,1,0,0,0,0,1,1,2,1,62,9,1560,2,5,-1,3
201497UC40701,1,9,0,16,0,1,0,0,0,0,1,1,6,1,28,6,1390,1,11,-1,2
201497UC40701,2,11,0,17,0,1,0,0,0,0,3,1,1,1,45,7,6871,2,6,-1,2
201497UC40711,1,9,0,18,0,0,1,0,0,0,1,1,6,1,76,11,-1,-1,-1,-1,3
201497UC40711,2,9,0,9,0,0,0,0,0,0,3,1,6,2,44,7,-1,-1,-1,-1,1
201497UC40711,3,9,0,4,0,0,0,0,0,0,2,1,6,2,56,9,1799,1,4,-1,2
201497UC40711,4,9,0,18,0,0,0,0,0,0,3,1,6,2,57,9,1397,1,11,-1,2
201497UC40804,1,19,0,18,0,0,0,0,0,0,2,1,1,1,27,6,2148,2,8,-1,1
201497UC40804,2,9,0,4,0,0,0,0,0,0,0,1,2,2,42,7,1597,2,-1,-1,3
201497UC40808,1,9,0,18,0,0,0,0,0,7,4,1,6,2,21,5,1900,2,14,-1,3
201497UC40902,1,9,0,18,0,0,1,0,1,0,1,1,6,1,29,6,1998,1,12,-1,3
201497UC40902,2,11,0,18,0,0,1,0,7,11,1,1,1,1,47,8,6700,2,5,-1,3
201497UC40905,1,9,0,18,0,1,0,0,0,0,1,1,6,1,32,6,1686,2,10,-1,3
201497UC40905,2,9,0,7,0,1,0,0,0,0,2,1,6,1,40,7,1686,2,8,-1,1
201497UC40909,1,9,0,18,0,0,0,0,0,0,1,1,6,1,83,11,1388,1,6,-1,3
201497UC41004,1,9,0,17,0,0,2,0,1,11,4,1,6,1,17,4,1461,2,12,-1,3
201497UC41005,1,9,0,10,0,5,0,0,0,0,1,1,6,1,63,9,1461,2,10,-1,2
201497UC41005,2,1,0,18,0,1,0,0,0,0,1,1,6,1,32,6,-1,-1,-1,-1,2
201497UC41007,1,9,0,16,0,0,2,0,1,0,4,1,2,1,21,5,1199,1,10,-1,3
201497UC41011,1,9,0,18,0,0,0,0,0,0,4,1,6,2,72,10,2400,2,1,-1,3
201497UC41011,2,1,0,18,0,0,0,0,0,0,2,1,1,1,44,7,-1,-1,-1,-1,2
201497UC41101,1,9,0,16,0,0,1,0,7,11,1,1,6,1,38,7,1598,1,11,-1,3
201497UC41102,1,9,0,16,0,0,0,0,0,0,3,1,6,2,34,6,1560,2,4,-1,3
201497UC41102,2,9,0,17,0,0,0,0,0,0,3,1,6,2,49,8,1149,1,9,-1,3
201497UC41111,1,9,0,2,0,6,0,0,0,0,4,1,6,2,40,7,-1,-1,-1,-1,-1
201497UC41207,1,9,0,5,0,1,0,0,0,0,1,1,6,2,67,10,1198,1,7,-1,2
201497UC41207,2,9,0,3,0,1,0,0,0,0,2,1,6,1,44,7,1560,2,1,-1,2
201497UC41307,1,9,0,16,0,0,0,0,7,0,2,1,6,2,39,7,1910,2,5,-1,3
201497UC41312,1,19,0,18,0,0,0,0,0,0,3,2,1,1,32,6,-1,-1,-1,8,1
201497UC41312,2,20,0,3,0,0,0,0,0,0,3,1,1,1,47,8,-1,-1,-1,-1,-1
201497UC41312,3,20,0,3,0,0,0,0,0,0,1,1,1,1,42,7,-1,-1,-1,-1,-1
201497UC41312,4,90,0,3,0,0,0,0,0,0,1,1,1,1,45,7,6370,2,3,-1,3
201497UC41409,1,21,0,18,0,0,0,0,0,0,0,1,1,1,21,5,12580,2,9,-1,3
201497UC41501,1,19,0,17,0,0,1,4,0,0,1,1,1,1,54,8,2461,2,6,-1,1
201497UC41501,2,20,0,2,0,0,0,0,0,0,1,1,1,1,46,8,-1,-1,-1,-1,3
201497UC41507,1,9,0,1,9,0,0,0,0,0,2,1,6,2,24,5,1596,1,3,-1,2
201497UC41507,2,1,0,18,9,0,0,0,0,0,1,1,6,2,11,3,-1,-1,-1,-1,-1
201497UC41512,1,9,0,9,0,1,0,0,0,0,1,1,6,1,23,5,1242,1,10,-1,2
201497UC41512,2,9,0,18,0,1,0,0,0,0,1,1,6,1,45,7,-1,-1,-1,-1,-1
201497UC41712,1,9,0,4,0,0,0,0,0,0,1,1,6,2,25,5,1390,1,2,-1,2
201497UC41712,2,9,0,4,0,0,0,0,0,0,2,1,6,2,57,9,998,1,1,-1,3
201497UC41812,1,9,0,18,9,1,1,0,7,11,1,1,6,2,29,6,998,1,3,-1,3
201497UD00106,1,9,0,9,0,0,0,0,0,0,1,1,6,1,44,7,1995,2,2,-1,1
201497UD00106,2,9,0,18,0,0,0,0,1,10,4,1,6,1,79,11,1242,1,14,-1,1
201497UD00107,1,17,4,17,0,0,0,0,0,0,3,1,1,1,42,7,-1,2,8,-1,3
201497UD00107,2,9,0,16,0,0,0,0,0,0,1,1,1,2,49,8,1783,1,12,-1,3
201497UD00108,1,9,0,17,0,0,1,0,2,11,4,1,2,2,18,4,1368,1,8,-1,3
201497UD00111,1,9,0,18,0,2,0,0,0,0,1,1,6,1,22,5,998,1,5,-1,3
201497UD00203,1,19,0,18,0,0,0,4,0,0,1,1,1,1,24,5,2198,2,4,-1,1
201497UD00203,2,21,1,4,0,0,0,0,0,0,2,1,1,1,56,9,11705,2,7,-1,3
201497UD00204,1,9,0,18,0,1,0,0,0,0,1,1,2,2,48,8,1596,1,9,-1,1
201497UD00204,2,9,0,10,0,1,0,0,0,0,2,1,6,1,51,8,1598,1,8,-1,1
201497UD00212,1,9,0,18,0,0,0,0,0,0,1,1,6,1,42,7,1299,1,13,-1,1
201497UD00212,2,9,0,18,0,0,0,0,0,0,2,1,6,2,43,7,1956,2,4,-1,1
201497UD00310,1,9,0,18,0,1,0,0,7,10,3,1,6,1,55,8,1596,1,-1,-1,3
201497UD00311,1,9,0,17,0,0,1,0,7,11,1,1,6,1,39,7,1598,1,11,-1,3
201497UD00402,1,9,0,5,0,5,0,0,0,0,3,1,2,2,57,9,1242,1,7,-1,3
201497UD00402,2,1,0,18,0,8,0,0,0,0,1,1,2,1,64,9,-1,-1,-1,-1,1
201497UD00403,1,9,0,9,0,1,0,0,0,0,4,1,6,1,30,6,-1,-1,-1,-1,-1
201497UD00403,2,1,0,18,0,1,0,0,0,0,4,1,6,1,42,7,-1,-1,-1,-1,1
201497UD00407,1,9,0,4,0,3,0,0,0,0,1,1,1,1,52,8,2148,2,5,-1,1
201497UD00407,2,9,0,3,0,3,0,0,0,0,2,1,1,2,22,5,998,1,5,-1,1
201497UD00504,1,1,0,18,0,1,0,0,0,0,1,1,1,1,49,8,-1,-1,-1,-1,2
201497UD00504,2,9,0,9,0,1,0,0,0,0,3,1,1,1,38,7,1598,1,12,-1,3
201497UD00601,1,9,0,16,0,2,0,0,0,0,3,1,6,2,75,10,1299,1,11,-1,1
201497UD00601,2,1,0,16,0,2,0,0,0,0,4,1,1,1,51,8,-1,-1,-1,-1,1
201497UD00602,1,9,0,9,0,1,0,0,0,0,1,1,6,1,29,6,1560,2,2,-1,1
201497UD00602,2,1,0,18,0,1,0,0,0,0,4,1,6,1,55,8,-1,-1,-1,-1,1
201497UD00604,1,9,0,9,0,8,0,0,1,2,3,1,6,2,81,11,1398,1,2,-1,1
201497UD00604,2,9,0,18,0,8,0,0,0,0,1,1,2,1,26,6,1900,2,14,-1,3
201497UD00605,1,9,0,18,0,0,0,0,0,0,1,1,6,2,20,4,-1,-1,-1,-1,-1
201497UD00605,2,9,0,7,0,0,0,0,0,0,2,1,6,1,22,5,1242,1,6,-1,1
201497UD00607,1,9,0,18,0,4,0,0,0,0,1,1,6,2,61,9,1799,1,7,-1,1
201497UD00607,2,1,0,18,0,3,0,0,0,0,4,1,6,1,40,7,-1,-1,-1,-1,1
201497UD00610,1,5,0,18,0,1,0,0,0,0,1,1,6,1,70,10,-1,-1,-1,-1,1
201497UD00610,2,5,0,4,0,1,0,0,0,0,2,1,4,2,22,5,-1,-1,-1,-1,3
201497UD00612,1,9,0,18,0,0,1,0,0,0,1,1,6,1,70,10,1328,1,12,-1,1