Accident_Index,Vehicle_Reference,Vehicle_Type,Towing_and_Articulation,Vehicle_Manoeuvre,Vehicle_Location-Restricted_Lane,Junction_Location,Skidding_and_Overturning,Hit_Object_in_Carriageway,Vehicle_Leaving_Carriageway,Hit_Object_off_Carriageway,1st_Point_of_Impact,Was_Vehicle_Left_Hand_Drive?,Journey_Purpose_of_Driver,Sex_of_Driver,Age_of_Driver,Age_Band_of_Driver,Engine_Capacity_(CC),Propulsion_Code,Age_of_Vehicle,Driver_IMD_Decile,Driver_Home_Area_Type
201497UD06502,2,9,0,9,0,0,0,0,0,0,0,1,6,1,57,9,1390,1,11,-1,1
201497UD06505,1,11,0,18,0,0,0,0,0,0,1,1,1,1,63,9,4580,2,4,-1,1
201497UD06511,1,9,0,9,0,8,0,0,0,0,1,1,6,2,63,9,1360,1,8,-1,1
201497UD06511,2,9,0,18,0,8,0,0,0,0,1,1,6,1,33,6,1368,1,5,-1,1
201497UD06705,1,19,0,18,0,0,1,0,0,0,1,1,1,1,58,9,2198,2,5,-1,2
201497UD06705,2,9,0,3,0,0,0,0,0,0,2,1,2,1,26,6,1598,1,13,-1,3
201497UD06705,3,9,0,4,0,0,0,0,0,0,2,1,6,1,73,10,1329,1,1,-1,1
201497UD06711,1,11,0,4,0,0,0,0,0,0,1,1,1,1,50,8,5900,2,6,-1,3
201497UD06805,1,9,0,18,0,1,0,0,0,0,1,1,6,1,23,5,1984,1,13,-1,3
201497UD06805,2,9,0,18,0,1,0,0,0,0,1,1,6,1,44,7,1783,1,12,-1,3
201497UD06811,1,11,0,4,0,5,0,0,0,0,4,2,1,1,54,8,6871,2,5,-1,1
201497UD06905,1,11,0,5,0,0,0,0,0,0,0,1,1,1,61,9,4500,2,1,-1,1
201497UD07012,1,9,0,17,0,0,0,0,1,11,2,1,6,1,84,11,1798,1,6,-1,2
201497UD07111,1,9,0,18,0,2,0,0,0,0,1,1,6,2,64,9,-1,3,-1,-1,1
201497UD07305,1,9,0,18,0,1,0,0,0,0,1,1,6,1,41,7,1968,2,8,-1,2
201497UD07305,2,9,0,3,0,1,0,0,0,0,2,1,6,2,49,8,875,1,-1,-1,3
201497UD07311,1,11,0,5,0,0,0,0,0,0,0,1,1,1,57,9,4500,2,2,-1,1
201497UD07405,1,8,0,5,0,0,0,0,0,0,0,1,6,3,35,6,-1,-1,-1,-1,-1
201497UD07405,2,1,0,18,0,0,0,0,0,0,0,1,6,1,59,9,-1,-1,-1,-1,1
201497UD07610,1,11,1,5,0,0,0,0,0,0,0,1,1,1,58,9,6871,2,6,-1,2
201497UD07905,1,9,0,16,0,0,0,0,7,11,3,1,6,1,18,4,-1,-1,-1,-1,1
201497UD08210,1,9,0,18,0,1,0,4,0,0,1,1,6,1,50,8,1598,1,8,-1,1
201497UD08210,2,9,0,2,0,1,0,0,0,0,2,1,6,1,49,8,1956,2,4,-1,1
201497UD20401,1,19,0,17,0,0,1,0,1,0,4,1,2,1,24,5,1753,2,8,-1,2
201497UD20401,2,9,0,18,0,0,0,0,0,0,1,1,2,1,32,6,1560,2,8,-1,3
201497UD20501,1,9,0,16,0,0,2,0,7,7,1,1,1,1,32,6,1994,1,12,-1,1
201497UD20601,1,19,0,17,0,0,2,0,1,4,1,1,1,1,40,7,2402,2,3,-1,1
201497UD20801,1,9,0,9,0,1,0,0,0,0,1,1,6,2,58,9,1240,1,9,-1,3
201497UD20801,2,9,0,18,0,1,0,0,0,0,1,1,6,2,32,6,1596,1,8,-1,3
2014981100114,1,21,4,18,0,0,5,0,1,0,4,1,1,1,49,8,12777,2,3,-1,3
2014981100414,1,9,0,16,0,0,2,0,1,10,3,1,6,1,18,4,-1,-1,-1,-1,3
2014981100714,1,9,0,16,0,0,2,0,1,4,1,1,6,1,17,4,1560,2,7,-1,3
2014981101314,1,9,0,17,0,0,0,0,2,11,4,1,6,1,45,7,2000,1,7,-1,3
2014981101614,1,9,0,16,0,0,0,0,7,0,1,1,2,1,31,6,2494,1,14,-1,3
2014981102214,1,9,0,18,0,1,0,0,0,0,1,1,2,1,34,6,998,1,2,-1,2
2014981102214,2,21,1,9,0,1,0,0,0,0,2,1,1,1,47,8,8970,1,11,-1,1
2014981102714,1,9,0,17,0,0,1,0,8,11,1,1,2,2,21,5,1229,1,6,-1,3
2014981102914,1,9,0,17,0,0,0,0,0,0,0,1,6,1,-1,-1,1991,2,6,-1,3
2014981102914,2,1,0,18,0,0,2,0,0,0,4,1,6,1,40,7,-1,-1,-1,-1,1
2014981103414,1,9,0,9,0,2,0,0,0,0,1,1,6,2,68,10,-1,-1,-1,-1,1
2014981103414,2,2,0,18,0,8,0,0,0,0,3,1,6,1,22,5,100,1,10,-1,1
2014981103914,1,19,0,17,0,1,0,0,0,0,1,1,6,1,60,9,1896,2,12,-1,3
2014981103914,2,9,0,9,0,1,0,0,7,0,2,1,6,2,62,9,1968,2,2,-1,3
2014981104214,1,17,4,9,0,6,0,2,0,0,1,1,1,1,63,9,4525,2,1,-1,3
2014981104214,2,11,0,18,0,1,0,2,0,0,1,1,6,1,64,9,7300,2,9,-1,1
2014981104714,1,2,0,18,0,0,5,0,1,0,0,1,6,1,16,4,49,1,13,-1,3
2014981104814,1,19,0,1,9,1,0,0,0,0,2,1,1,1,36,7,2198,2,5,-1,3
2014981105714,1,9,0,17,0,1,0,0,0,0,1,1,6,2,65,9,2143,2,5,-1,1
2014981105714,2,9,0,10,0,5,0,0,0,0,2,1,2,1,25,5,2143,2,2,3,3
2014981106014,1,9,0,18,0,8,0,0,0,0,1,2,6,1,48,8,-1,-1,-1,-1,-1
2014981106014,2,9,0,18,0,8,0,0,0,0,1,1,6,1,54,8,1995,1,11,-1,1
2014981106214,1,5,0,16,0,0,5,0,7,0,1,1,6,1,58,9,1000,1,29,5,1
2014981106714,1,9,0,16,0,0,1,0,1,10,1,1,6,1,17,4,1360,1,5,-1,1
2014981106914,1,9,0,17,0,6,0,0,0,0,1,1,2,1,26,6,1248,2,1,-1,1
2014981106914,2,9,0,18,0,1,0,0,0,0,1,1,6,2,18,4,-1,-1,-1,-1,3
2014981107014,1,9,0,9,0,6,0,0,0,0,1,1,1,1,50,8,2402,2,6,-1,3
2014981107014,2,9,0,18,0,1,0,0,7,0,1,1,6,2,26,6,1596,1,9,-1,1
2014981107114,1,9,0,18,0,2,0,0,3,11,1,1,6,2,48,8,1368,1,7,-1,2
2014981107214,1,9,0,18,0,2,0,0,3,11,1,1,6,1,18,4,1600,1,14,-1,1
2014981107514,1,19,0,17,0,0,2,0,7,9,3,1,1,1,39,7,1560,2,3,-1,1
2014981107914,1,5,0,16,0,8,2,0,0,0,2,1,6,1,21,5,600,1,19,-1,1
2014981107914,2,9,0,17,0,8,0,0,0,0,3,1,6,1,72,10,1995,1,13,5,1
2014981108114,1,9,0,18,0,0,1,0,1,11,1,1,6,1,17,4,1242,1,11,-1,3
2014981108114,2,9,0,9,0,0,0,0,0,0,3,1,6,1,62,9,2400,2,3,-1,3
2014981108414,1,1,0,18,0,1,5,0,0,0,1,1,6,2,71,10,-1,-1,-1,-1,-1
2014981108514,1,9,0,18,0,1,0,11,0,0,1,1,6,2,38,7,1399,1,4,-1,2
2014981108614,1,9,0,18,0,1,0,0,1,3,1,1,6,1,71,10,2191,2,-1,-1,-1
2014981109314,1,9,0,9,0,8,0,0,0,0,3,1,6,2,80,11,1400,1,14,-1,2
2014981109314,2,9,0,18,0,1,0,0,0,0,1,1,6,1,33,6,1995,2,13,-1,2
2014981109414,1,9,0,18,0,0,0,0,8,4,1,1,6,1,22,5,973,1,12,-1,-1
2014981109514,1,9,0,18,0,0,0,0,0,0,1,1,6,3,-1,-1,1896,2,12,-1,-1
2014981109714,1,9,0,14,0,0,0,0,0,0,4,1,6,2,64,9,1995,2,2,-1,3
2014981109714,2,9,0,2,0,0,0,0,0,0,3,1,6,3,-1,-1,1388,1,10,-1,-1
2014981109714,3,9,0,2,0,0,0,0,0,0,2,1,6,3,-1,-1,1124,1,13,-1,-1
2014981110314,1,20,1,16,0,0,0,0,0,0,0,1,1,1,26,6,12902,2,1,-1,3
2014981110314,2,11,0,17,0,0,0,0,0,9,0,1,1,1,56,9,7300,2,7,-1,3
2014981111014,1,9,0,9,0,1,1,0,0,0,3,1,6,1,20,4,1343,1,11,-1,3
2014981111014,2,9,0,18,0,1,0,0,0,0,4,1,6,2,81,11,1398,2,7,-1,3
2014981111114,1,9,0,9,0,6,0,0,0,0,1,1,6,2,51,8,2996,2,4,-1,3
2014981111114,2,9,0,18,0,1,1,0,1,1,4,1,6,2,47,8,1598,1,8,-1,3
2014981111414,1,9,0,18,0,1,1,0,0,0,1,1,1,1,30,6,1598,2,1,-1,3
2014981111414,2,9,0,7,0,1,0,0,0,0,2,2,6,1,59,9,-1,-1,-1,-1,-1
2014981111814,1,9,0,9,0,6,0,0,0,0,1,1,6,2,18,4,-1,-1,-1,-1,3
2014981111814,2,5,0,18,0,1,2,0,8,0,4,1,6,1,38,7,399,1,22,-1,3
2014981112414,1,9,0,18,0,1,1,0,0,0,1,1,6,1,18,4,1796,1,6,-1,3
2014981112414,2,9,0,9,0,8,0,0,0,0,3,1,6,1,51,8,1598,1,4,6,1
2014981112714,1,9,0,7,0,1,0,0,1,2,3,1,6,1,81,11,1339,1,2,-1,3
2014981112714,2,9,0,7,0,1,0,0,0,0,4,1,6,1,84,11,1560,2,8,-1,3
2014981112914,1,9,0,9,0,5,0,0,0,0,3,1,6,1,44,7,1753,2,12,-1,3
2014981112914,2,1,0,18,0,8,0,0,0,0,1,1,6,2,50,8,-1,-1,-1,-1,1
2014981113214,1,9,0,18,0,0,5,0,7,10,3,1,2,1,22,5,1796,1,6,-1,1
2014981113714,1,5,0,13,0,0,5,0,7,0,1,1,6,1,24,5,675,1,8,-1,3
2014981113714,2,17,4,12,0,0,0,0,0,0,3,1,1,1,18,4,-1,2,7,-1,3
2014981113814,1,21,1,17,0,6,5,0,0,0,4,1,1,1,51,8,-1,-1,-1,-1,1
2014981114014,1,9,0,16,0,1,5,0,1,11,1,1,6,1,17,4,1994,2,15,-1,3
2014981114814,1,5,0,16,0,0,1,0,7,0,4,1,6,1,43,7,998,1,2,-1,1
2014981115014,1,1,0,9,0,8,5,0,1,0,1,1,6,1,15,3,-1,-1,-1,-1,3
2014981115014,2,9,0,18,0,8,0,0,0,0,1,1,6,1,79,11,1598,1,12,-1,3
2014981115114,1,9,0,18,0,0,2,0,7,9,1,1,6,1,26,6,1242,1,11,-1,1
2014981115214,1,9,0,17,0,0,0,11,0,0,1,1,6,1,54,8,1560,2,2,-1,3
2014981115414,1,19,0,18,0,6,0,0,0,0,3,1,2,1,43,7,1868,2,11,-1,3
2014981115414,2,9,0,18,0,1,1,0,1,9,1,1,2,1,27,6,2179,2,-1,-1,3
2014981116114,1,9,0,17,0,0,1,0,1,0,1,1,6,1,36,7,1596,1,14,-1,3
2014981116114,2,19,0,16,0,0,1,0,1,11,1,1,1,1,55,8,1248,2,5,-1,2
2014981116414,1,9,0,9,0,5,0,0,7,11,1,1,6,2,74,10,1390,1,7,7,3
2014981117014,1,19,0,18,0,1,0,0,7,3,1,1,6,1,26,6,1870,2,13,-1,3
2014981117414,1,9,0,18,0,0,5,0,1,2,4,1,6,1,18,4,1299,1,13,-1,3
2014981117414,2,9,0,2,9,0,0,0,0,0,2,1,6,3,-1,-1,1560,2,2,-1,-1
2014981117514,1,9,0,18,0,0,0,0,2,3,1,1,6,1,57,9,1360,1,11,-1,3
2014981117814,1,9,0,9,0,6,0,0,0,0,1,1,6,1,87,11,1560,2,7,-1,1
2014981117814,2,9,0,18,0,8,0,0,0,0,3,1,6,2,52,8,1900,2,7,-1,3
2014981118014,1,9,0,18,0,0,0,0,1,4,1,1,2,1,35,6,1398,2,10,-1,3
2014981118114,1,9,0,16,0,0,0,0,7,11,1,1,6,1,22,5,1560,2,4,-1,3
2014981118314,1,9,0,18,0,1,0,0,0,0,0,1,6,2,56,9,1596,1,4,-1,3
2014981118314,2,16,0,18,0,8,0,0,0,0,0,1,6,2,26,6,-1,-1,-1,-1,3
2014981118514,1,9,0,17,0,1,2,0,8,11,1,1,6,2,31,6,1999,1,9,-1,2
2014981118514,2,9,0,18,0,1,0,0,0,0,1,1,6,1,58,9,2497,2,8,-1,3
2014981118614,1,9,0,13,0,0,0,0,7,0,1,1,1,1,29,6,2495,2,13,-1,3
2014981118614,2,9,0,9,0,0,0,0,0,0,3,1,6,2,50,8,1396,1,12,-1,1
2014981118714,1,9,0,16,0,1,1,0,7,11,1,1,6,2,20,4,1242,1,14,-1,1
2014981118914,1,9,0,17,0,0,1,0,7,11,1,1,6,1,18,4,1229,1,8,-1,3
2014981119714,1,9,0,9,0,2,0,11,0,0,1,1,6,1,66,10,1399,1,4,-1,1
2014981119914,1,9,0,9,0,4,0,0,0,0,1,1,2,2,30,6,1596,1,7,-1,1
2014981119914,2,9,0,18,0,8,0,0,0,0,4,1,2,2,35,6,1399,2,3,-1,1
2014981120114,1,9,0,18,0,0,1,0,1,4,1,1,6,2,58,9,1798,1,6,-1,3
2014981120514,1,9,0,16,0,0,1,0,0,4,1,1,1,1,19,4,-1,-1,-1,-1,1
2014981120714,1,9,0,15,0,0,0,0,0,0,1,1,6,2,87,11,1197,1,4,-1,3
2014981120714,2,9,0,18,0,0,0,0,0,0,1,1,2,2,22,5,1598,2,4,-1,1
2014981121314,1,9,0,18,0,0,0,11,0,0,4,1,6,1,78,11,1995,2,11,-1,3
2014982100714,1,9,0,18,0,0,0,0,0,0,1,1,6,1,-1,-1,-1,-1,-1,-1,-1
2014982100714,2,3,0,18,0,0,0,0,0,0,0,1,6,1,18,4,79,1,24,-1,3
2014982101414,1,19,0,2,0,0,0,0,0,0,3,1,6,1,36,7,1248,2,1,-1,1
2014982101414,2,1,0,18,0,0,0,0,0,0,1,1,6,2,50,8,-1,-1,-1,-1,2
2014982101714,1,9,0,18,0,0,1,12,0,0,1,1,6,1,64,9,1582,2,2,-1,3
2014982102114,1,9,0,18,0,0,5,0,7,11,1,1,6,1,79,11,1398,2,4,-1,3
2014982102314,1,9,0,5,0,2,0,0,0,0,4,1,6,1,53,8,-1,-1,-1,-1,3
2014982103114,1,9,0,17,0,0,0,0,1,4,1,1,6,2,26,6,1242,1,10,-1,1
2014982105114,1,5,0,16,0,0,0,0,8,4,1,1,6,1,64,9,980,1,26,8,3
2014982105214,1,9,0,5,0,1,0,0,0,0,1,1,6,2,45,7,1995,2,6,-1,2
2014982105214,2,9,0,18,0,2,0,0,0,0,4,1,6,1,55,8,1360,1,8,-1,2
2014982105814,1,9,0,17,0,0,0,0,1,11,1,1,6,1,19,4,1149,1,3,-1,1
2014982106014,1,19,0,18,0,0,0,0,0,0,1,1,1,1,54,8,1560,2,2,-1,2
2014982106014,2,9,0,18,0,0,0,0,0,0,1,1,6,2,46,8,2199,2,2,-1,3
2014982106214,1,9,0,9,0,8,0,0,0,0,1,1,6,2,70,10,1796,1,9,-1,3
2014982106214,2,9,0,9,0,1,0,0,0,0,3,1,6,1,70,10,1199,1,12,-1,2
2014982106714,1,9,0,7,0,5,0,11,0,0,4,1,6,3,-1,-1,-1,-1,-1,-1,-1
2014982106914,1,9,0,17,0,0,1,0,7,11,1,1,6,2,30,6,1598,1,10,-1,2
2014982107414,1,9,0,18,0,0,0,0,0,0,1,1,6,2,58,9,1686,2,2,-1,3
2014982107414,2,9,0,18,0,0,0,0,0,0,1,1,6,1,64,9,1560,2,3,7,2
2014982107514,1,5,0,17,0,0,2,0,1,11,1,1,6,1,32,6,749,1,16,-1,3
2014982107814,1,21,0,9,0,1,0,0,0,0,1,1,1,1,32,6,12777,2,8,-1,3
2014982107814,2,5,0,18,0,1,0,0,0,0,1,1,6,1,48,8,937,1,20,-1,3
2014982107914,1,9,0,5,0,0,0,0,0,0,1,1,2,1,18,4,-1,-1,-1,-1,1
2014982107914,2,9,0,18,0,0,0,0,7,0,1,1,6,2,84,11,1390,1,-1,-1,3
2014982108214,1,9,0,5,0,6,0,0,0,1,3,1,6,2,81,11,1242,1,4,-1,2
2014982108214,2,9,0,18,0,1,0,0,0,0,1,1,6,2,66,10,-1,-1,-1,-1,3
2014982109214,1,9,0,9,0,1,0,0,0,0,4,1,6,3,-1,-1,-1,-1,-1,-1,-1
2014982109214,2,1,0,9,0,1,0,0,0,0,3,1,6,1,12,3,-1,-1,-1,-1,3
2014982109614,1,9,0,18,0,8,0,0,0,0,1,1,2,2,22,5,1896,2,10,-1,3
2014982109614,2,9,0,18,0,8,0,0,0,0,1,1,2,1,38,7,1997,2,14,-1,3
2014982109614,3,9,0,18,0,8,0,0,0,0,2,1,6,1,50,8,1248,2,7,10,1
2014982109714,1,5,0,16,0,0,1,0,0,0,1,1,6,1,52,8,1100,1,13,4,1
2014982109714,2,19,0,17,0,0,0,0,0,0,1,1,1,1,54,8,2143,2,4,2,1
2014982110314,1,9,0,18,0,6,0,0,0,0,3,1,1,2,62,9,1360,1,11,-1,3
2014982110314,2,9,0,18,0,8,0,0,0,0,1,1,6,1,28,6,998,1,2,-1,2
2014982110914,1,9,0,9,7,8,0,0,0,0,1,1,6,1,23,5,998,1,-1,-1,-1
2014982110914,2,9,0,18,0,1,0,0,1,4,1,1,6,1,37,7,1956,2,-1,-1,2
2014982111114,1,19,0,16,0,0,0,0,1,0,1,1,1,1,55,8,2287,2,1,-1,1
2014982111114,2,9,0,17,0,0,0,0,1,0,1,1,6,1,44,7,2000,2,5,-1,2
2014982111414,1,9,0,1,0,2,0,0,0,0,2,1,6,2,79,11,1198,1,2,-1,1
2014982111614,1,9,0,17,0,0,0,0,0,0,1,1,6,2,42,7,1229,1,5,-1,2
2014982111614,2,9,0,16,0,0,0,0,0,0,1,1,1,1,30,6,2198,2,2,-1,1
2014982111814,1,19,0,18,0,0,0,0,0,0,1,1,2,1,23,5,1968,2,3,-1,3
2014982111814,2,9,0,18,0,0,0,0,1,0,1,1,6,1,47,8,1998,2,12,-1,3
2014982112114,1,21,0,9,0,8,0,0,0,0,1,1,1,1,48,8,12580,2,8,-1,3
2014982112114,2,9,0,18,0,8,0,0,1,0,3,1,6,1,73,10,1998,1,12,-1,3
2014982112314,1,19,0,5,0,6,0,0,1,0,3,1,6,1,29,6,2198,2,6,-1,1
2014982112314,2,9,0,18,0,1,0,0,1,0,1,1,6,1,79,11,2783,1,13,-1,3
2014982112914,1,9,0,18,0,0,0,4,0,0,1,1,2,1,22,5,1362,1,1,-1,2
2014982112914,2,9,0,18,0,0,0,0,0,0,2,1,1,1,27,6,1968,2,7,-1,2
2014982113014,1,9,0,18,0,0,0,0,0,0,1,1,2,1,46,8,-1,-1,-1,-1,2
2014982113014,2,9,0,4,0,0,0,0,0,0,2,1,2,2,20,4,1686,2,1,-1,3
2014982113214,1,9,0,17,0,0,1,0,1,4,4,1,6,1,19,4,1229,1,1,-1,2
2014982113414,1,9,0,18,0,0,0,0,0,0,1,1,6,3,-1,-1,-1,-1,-1,-1,-1
2014982113414,2,1,0,18,0,0,0,0,0,0,2,1,4,1,13,3,-1,-1,-1,-1,2
2014982114014,1,9,0,18,0,0,2,0,8,4,3,1,6,1,17,4,1360,1,9,-1,3
2014982114114,1,9,0,16,0,0,5,0,7,0,3,1,6,1,62,9,1198,1,-1,7,1
2014982114214,1,9,0,18,0,1,0,0,7,4,1,1,6,1,20,4,1998,1,7,-1,2
2014982114314,1,9,0,16,0,0,0,0,0,7,1,1,6,2,59,9,1296,1,7,-1,3
2014982114914,1,9,0,16,0,0,0,0,7,0,1,1,6,1,78,11,1242,1,7,-1,2
2014983100114,1,21,1,18,0,1,5,0,1,7,4,1,1,1,43,7,12902,2,1,-1,2
2014983100714,1,9,0,18,0,0,0,0,0,0,1,1,6,2,50,8,1299,1,12,-1,2
2014983100714,2,21,2,18,0,0,0,0,0,0,1,1,2,1,61,9,10518,2,7,4,1
2014983100714,3,9,0,18,0,0,0,0,0,0,1,1,1,1,35,6,1968,2,3,-1,3
2014983100814,1,10,0,18,0,0,0,0,0,0,3,1,1,1,44,7,-1,-1,-1,-1,3
2014983101514,1,8,0,18,0,0,1,0,0,11,1,1,2,2,24,5,1951,2,11,-1,2
2014983101714,1,9,0,4,0,8,1,0,0,0,1,1,1,1,30,6,1686,2,3,-1,-1
2014983101714,2,9,0,9,0,8,0,0,0,0,4,1,6,1,39,7,1598,1,10,-1,1
2014983102314,1,9,0,9,0,6,0,0,0,0,1,1,1,1,44,7,1560,2,5,-1,1
2014983102714,1,9,0,18,0,0,0,12,0,0,1,1,6,1,54,8,-1,-1,-1,-1,3
2014983102814,1,9,0,16,0,0,2,0,7,3,1,1,6,2,23,5,1149,1,7,-1,1
2014983103214,1,9,0,18,0,0,0,0,0,0,1,1,6,1,55,8,1968,2,4,-1,2
2014983103214,2,9,0,3,0,0,0,0,0,0,2,1,1,1,32,6,1998,2,9,-1,1
2014983104914,1,21,0,17,0,0,2,0,0,0,4,1,1,1,29,6,12740,2,4,-1,1
2014983105314,1,9,0,4,0,1,0,4,0,0,1,1,6,2,78,11,1199,1,15,-1,1
2014983105314,2,9,0,3,0,1,0,4,0,0,2,1,2,2,19,4,-1,-1,-1,-1,1
2014983105314,3,9,0,3,0,1,0,0,0,0,2,1,6,2,55,8,1560,2,-1,-1,1
2014983105914,1,9,0,9,0,5,0,0,0,0,3,1,6,1,58,9,1896,2,9,-1,1
2014983105914,2,1,0,18,0,8,2,0,0,0,1,1,2,1,40,7,-1,-1,-1,-1,1
2014983106014,1,9,0,18,0,0,0,0,0,0,1,1,6,2,43,7,1910,2,7,-1,1
2014983106014,2,9,0,4,0,0,0,0,0,0,2,1,6,2,34,6,1199,1,12,-1,1
2014983106114,1,9,0,18,0,0,0,0,0,0,3,1,1,2,31,6,998,1,4,-1,2
2014983106214,1,9,0,11,0,0,0,0,0,0,0,1,6,3,-1,-1,-1,-1,-1,-1,-1
2014983106214,2,19,0,18,0,0,0,0,7,11,0,1,6,1,19,4,2198,2,5,-1,3
2014983106814,1,9,0,18,0,1,0,0,0,0,4,1,6,1,65,9,1850,1,14,-1,1
2014983106814,2,9,0,7,0,8,0,0,0,0,1,1,6,2,39,7,1686,2,14,-1,1
2014983107614,1,19,0,16,0,1,0,0,7,11,1,1,2,1,40,7,1995,2,1,-1,1
2014983107614,2,9,0,10,0,1,0,0,7,11,2,1,6,1,45,7,1896,2,12,-1,2
2014983107614,3,9,0,17,0,1,1,0,1,0,3,1,2,2,60,9,1242,1,2,-1,3
2014983109414,1,1,0,18,0,0,5,0,0,0,0,1,1,2,50,8,-1,-1,-1,-1,1
2014983109514,1,5,0,18,0,8,0,0,1,10,1,1,6,1,31,6,649,1,8,-1,-1
2014983109614,1,9,0,2,8,0,0,0,0,0,3,1,6,1,51,8,1598,1,15,-1,1
2014983109614,2,9,0,18,0,0,0,4,0,0,4,1,6,2,39,7,1560,2,4,-1,1
2014983109614,3,9,0,2,6,0,0,0,0,0,2,1,6,3,-1,-1,-1,-1,-1,-1,-1
2014983109814,1,19,0,18,0,0,0,0,0,0,1,1,1,1,44,7,1598,2,7,-1,3
2014983109814,2,19,0,18,0,0,0,0,0,0,2,1,1,1,47,8,1753,2,4,-1,1
2014983110014,1,20,0,18,0,0,5,0,1,0,4,1,1,1,43,7,4250,2,10,1,1
2014983110114,1,19,0,18,0,0,0,0,0,0,1,1,6,2,60,9,1997,2,11,-1,3
2014983110114,2,9,0,18,0,0,0,0,0,0,1,1,6,1,76,11,2254,1,13,-1,-1
2014983110614,1,21,0,18,0,0,0,0,0,0,1,1,1,1,50,8,3920,2,8,-1,1
2014983110614,2,9,0,3,0,0,0,0,0,0,2,1,2,1,30,6,1560,2,1,-1,2
2014983110614,3,20,0,3,0,0,0,0,0,0,2,1,1,1,51,8,-1,-1,-1,-1,2
2014983110814,1,9,0,18,0,0,0,0,0,0,1,1,6,1,54,8,1796,1,9,-1,1
2014983110814,2,9,0,18,0,0,0,0,0,0,2,1,6,1,52,8,1796,1,13,-1,1
2014983111014,1,9,0,18,0,0,0,0,0,0,1,1,6,2,31,6,1596,1,9,-1,1
2014983111214,1,19,0,10,0,8,0,0,0,0,4,1,1,1,30,6,2143,2,5,-1,1
2014983111214,2,9,0,18,0,1,5,0,8,0,1,1,6,2,36,7,1598,1,2,-1,3
2014983111314,1,9,0,5,0,1,0,0,0,0,1,1,2,2,22,5,1199,1,13,-1,1
2014983111314,2,9,0,3,0,1,0,0,0,0,2,1,6,1,41,7,1596,1,2,-1,3
2014983111514,1,9,0,18,0,1,0,0,0,0,1,1,2,2,42,7,1968,2,4,-1,1
2014983111514,2,9,0,18,0,1,0,0,0,0,0,1,6,1,79,11,1364,1,2,-1,2
2014983112014,1,2,0,18,0,0,0,0,0,0,1,1,6,1,17,4,49,1,12,-1,1
2014983112014,2,9,0,9,0,0,0,0,0,0,2,1,6,1,26,6,1968,2,4,-1,1
2014983112314,1,9,0,18,0,1,0,0,0,4,1,1,6,1,17,4,1560,2,1,-1,3
2014983112414,1,9,0,18,0,1,0,10,1,4,1,1,6,1,82,11,996,1,5,-1,3
2014983112714,1,9,0,18,0,0,2,0,8,11,1,1,2,2,17,4,-1,-1,-1,-1,-1
2014983112814,1,9,0,16,0,0,2,0,2,10,4,1,1,2,52,8,1246,1,7,-1,1
2014983113314,1,9,0,17,0,0,0,0,1,4,4,1,6,1,15,3,1149,1,11,-1,3
2014983113414,1,9,0,18,0,0,0,0,0,0,3,1,6,1,64,9,1388,1,5,9,1
2014983114214,1,9,0,18,0,1,0,0,0,0,1,1,6,1,33,6,1997,1,7,-1,3
2014983114214,2,9,0,9,0,1,0,0,0,0,3,1,6,1,18,4,1229,1,5,-1,3
2014983115114,1,20,0,18,0,0,0,0,0,0,1,1,6,1,50,8,-1,-1,-1,-1,3
2014983115114,2,9,0,18,0,0,0,0,1,0,2,1,6,2,41,7,1360,1,12,-1,3
2014983116014,1,9,0,18,0,0,0,0,0,0,1,1,2,1,26,6,1994,1,9,-1,3
2014983116014,2,9,0,4,0,0,0,0,0,0,2,1,2,1,54,8,1229,1,6,-1,1
2014983116014,3,9,0,4,0,0,0,0,0,0,2,1,6,2,49,8,2143,2,3,-1,3
2014983116314,1,9,0,18,0,1,0,0,0,0,1,1,6,2,57,9,1527,2,18,-1,1
2014983116914,1,9,0,16,0,0,1,12,8,4,1,1,6,1,31,6,1124,1,13,-1,3
2014983117014,1,9,0,16,0,0,1,0,7,11,1,1,6,1,21,5,998,1,4,-1,3
2014983117014,2,9,0,18,0,0,0,0,0,0,1,1,6,1,52,8,1598,2,1,-1,1
2014983117014,3,9,0,18,0,0,0,0,0,0,4,1,6,2,42,7,1582,2,5,-1,3
2014983117614,1,9,0,16,0,0,2,0,1,9,4,1,2,2,17,4,998,1,-1,-1,3
2014983118214,1,9,0,9,0,6,0,0,0,0,3,1,6,2,23,5,1598,1,1,-1,3
2014983118214,2,5,0,18,0,1,0,0,0,0,3,1,6,1,32,6,599,1,10,-1,1
2014983118514,1,9,0,18,0,2,2,0,7,9,1,1,6,1,59,9,1149,1,2,-1,2
2014983118814,1,21,1,18,0,0,1,0,0,0,1,2,1,1,44,7,-1,-1,-1,-1,-1
2014983118814,2,21,1,18,0,0,0,0,0,0,0,1,1,1,35,6,15607,2,8,-1,-1
2014983118814,3,21,1,18,0,0,1,0,0,0,1,1,1,1,39,7,12902,2,-1,6,3