Accident_Index,Vehicle_Reference,Vehicle_Type,Towing_and_Articulation,Vehicle_Manoeuvre,Vehicle_Location-Restricted_Lane,Junction_Location,Skidding_and_Overturning,Hit_Object_in_Carriageway,Vehicle_Leaving_Carriageway,Hit_Object_off_Carriageway,1st_Point_of_Impact,Was_Vehicle_Left_Hand_Drive?,Journey_Purpose_of_Driver,Sex_of_Driver,Age_of_Driver,Age_Band_of_Driver,Engine_Capacity_(CC),Propulsion_Code,Age_of_Vehicle,Driver_IMD_Decile,Driver_Home_Area_Type
2014983118814,4,9,0,18,0,0,1,0,0,0,1,1,2,1,36,7,1956,2,2,-1,3
2014983119114,1,5,0,16,0,0,0,0,0,0,1,1,2,1,34,6,918,1,17,-1,3
2014983119114,2,17,4,17,0,0,0,0,0,0,1,1,6,1,32,6,-1,2,5,-1,3
2014983119214,1,9,0,13,0,0,0,0,0,0,3,1,6,2,18,4,1242,1,4,-1,3
2014983119214,2,5,0,16,0,0,0,0,0,0,1,1,6,1,42,7,1137,1,17,-1,2
2014983119214,3,9,0,17,0,0,0,0,0,0,3,1,6,2,39,7,1997,2,7,9,1
2014983119514,1,9,0,9,6,2,0,0,0,0,1,1,6,1,23,5,1242,1,8,-1,3
2014983119514,2,9,0,18,0,1,0,0,0,0,4,1,6,1,62,9,1598,1,9,-1,1
2014983119814,1,9,0,18,0,6,5,0,0,0,4,1,6,2,18,4,1149,1,14,-1,3
2014983119814,2,9,0,18,0,1,1,0,0,0,1,1,6,2,61,9,2184,2,7,-1,3
2014983120314,1,1,0,4,0,0,0,0,0,0,1,1,6,1,26,6,-1,-1,-1,-1,3
2014983120314,2,9,0,2,0,0,0,0,0,0,2,1,6,3,-1,-1,998,1,-1,-1,-1
2014983120814,1,9,0,18,0,0,0,0,0,0,4,1,6,1,75,10,1368,1,9,-1,3
2014983120814,2,1,0,18,0,0,0,0,0,0,3,1,6,1,63,9,-1,-1,-1,-1,1
2014983122414,1,9,0,13,0,1,0,0,7,10,1,1,6,1,22,5,1598,1,14,-1,3
2014983122414,2,17,0,9,0,5,5,0,1,0,3,1,1,1,65,9,-1,2,8,-1,3
2014983122514,1,21,0,18,0,1,0,0,0,0,1,1,1,1,48,8,-1,-1,-1,-1,1
2014983122514,2,9,0,3,0,1,0,0,0,0,2,1,6,1,35,6,-1,-1,-1,-1,-1
2014983122614,1,9,0,17,0,0,1,0,8,10,4,1,6,2,18,4,1896,2,5,-1,3
2014983122914,1,90,0,9,0,8,0,0,0,0,1,1,6,2,52,8,1915,1,28,-1,2
2014983122914,2,5,0,18,0,1,0,0,8,0,1,1,6,1,42,7,-1,-1,-1,-1,3
2014983123414,1,9,0,17,0,0,1,0,7,0,1,1,2,1,19,4,1199,1,11,-1,3
2014983124414,1,9,0,5,0,6,0,0,0,0,1,1,6,1,86,11,2179,2,3,-1,1
2014983124414,2,20,0,18,0,1,0,0,0,0,4,1,1,1,17,4,3920,2,8,-1,2
2014983124714,1,9,0,18,0,0,0,7,1,0,1,1,6,1,90,11,-1,-1,-1,-1,3
2014983124714,2,9,0,2,0,0,0,0,0,0,4,1,6,3,-1,-1,1910,2,4,-1,-1
2014983124814,1,9,0,18,0,4,0,0,0,0,1,1,6,1,20,4,1595,1,10,-1,1
2014983124814,2,9,0,8,0,4,0,0,0,0,2,1,6,2,43,7,1598,1,2,-1,1
2014983125114,1,9,0,18,0,1,1,0,0,0,3,1,6,1,62,9,1398,2,10,-1,1
2014983125214,1,9,0,16,0,0,5,0,7,11,1,1,6,1,27,6,1124,1,6,-1,3
2014983125514,1,9,0,18,0,0,0,0,0,0,1,1,6,1,30,6,1997,2,12,-1,-1
2014983125514,2,3,0,4,0,0,0,0,0,0,2,1,6,1,35,6,100,1,6,-1,1
2014983126014,1,90,0,18,0,0,1,11,1,11,4,1,6,1,56,9,900,1,-1,-1,3
2014983126114,1,9,0,17,0,0,0,0,0,0,1,1,6,2,20,4,998,1,11,-1,3
2014983126114,2,9,0,16,0,0,0,0,0,0,1,1,6,2,47,8,-1,-1,-1,-1,3
2014983126414,1,9,0,16,0,0,5,0,0,11,4,1,2,1,33,6,1242,1,5,-1,3
2014983126514,1,9,0,17,0,0,1,0,0,0,1,1,6,3,-1,-1,-1,-1,-1,-1,-1
2014983126514,2,9,0,18,0,3,0,0,0,0,3,1,1,1,38,7,-1,-1,-1,-1,1
2014983126714,1,9,0,18,0,0,0,0,0,0,4,1,2,2,39,7,-1,-1,-1,-1,3
2014983126814,1,3,0,18,0,1,1,11,0,0,1,1,6,1,17,4,125,1,3,-1,1
2014983126814,2,9,0,3,0,6,0,0,0,0,3,1,6,2,26,6,1399,1,3,-1,3
2014983127314,1,19,0,18,0,4,0,0,0,0,1,1,1,1,56,9,2402,2,11,-1,1
2014983127314,2,9,0,18,0,4,0,0,0,0,4,1,6,2,21,5,1299,1,7,-1,2
2014983127314,3,9,0,3,0,1,0,0,0,0,1,1,6,2,24,5,1798,1,6,-1,3
2014983127614,1,9,0,18,0,0,2,0,7,11,1,1,6,2,25,5,1229,1,4,-1,2
2014983127814,1,9,0,18,0,0,1,0,1,0,4,1,6,1,18,4,1299,1,10,-1,3
2014983128114,1,9,0,18,0,1,5,0,0,0,1,1,6,2,21,5,1229,1,7,-1,3
2014983128114,2,9,0,10,0,1,0,0,0,0,2,1,6,2,64,9,1399,2,2,-1,1
2014983128214,1,9,0,13,0,0,0,0,0,0,0,1,1,2,25,5,1461,2,4,-1,3
2014983128214,2,5,0,13,0,0,5,0,7,9,4,1,2,1,46,8,996,1,9,-1,2
2014983129014,1,17,0,18,0,1,0,0,0,0,1,1,1,1,66,10,-1,2,17,-1,3
2014983129014,2,9,0,18,0,2,0,0,0,0,1,1,2,1,50,8,1968,2,5,-1,3
2014983129214,1,5,0,13,0,0,0,0,0,0,1,1,6,1,49,8,998,1,7,-1,1
2014983129214,2,5,0,13,0,0,0,0,0,0,2,1,6,1,56,9,998,1,4,-1,1
2014983129214,3,9,0,18,0,0,0,0,0,0,0,1,6,2,38,7,2497,2,15,-1,3
2014983129314,1,19,0,3,0,0,0,0,0,0,1,1,6,1,61,9,1753,2,6,-1,3
2014983129314,2,9,0,3,0,0,0,0,0,0,2,1,1,1,59,9,1149,1,13,-1,3
2014983130914,1,9,0,18,0,0,0,0,0,0,1,1,1,1,55,8,2656,1,8,-1,2
2014983132414,1,9,0,18,0,0,5,0,8,4,1,1,6,1,21,5,1149,1,10,-1,3
2014983132714,1,9,0,18,0,0,0,0,0,0,4,1,6,2,-1,-1,-1,-1,-1,-1,-1
2014983133114,1,21,0,9,0,5,0,0,0,0,4,1,1,1,48,8,-1,-1,-1,-1,1
2014983133114,2,3,0,18,0,1,0,0,0,0,1,1,2,1,23,5,124,1,3,-1,1
2014983133314,1,9,0,18,0,0,1,0,7,9,1,1,6,1,49,8,2184,2,10,-1,3
2014983133514,1,21,1,5,8,0,0,0,0,0,3,1,2,1,56,9,405,2,15,-1,1
2014983133514,2,9,0,18,0,0,1,0,0,0,1,1,6,1,28,6,1199,1,11,-1,1
2014983133914,1,19,0,18,0,0,1,4,1,0,1,1,1,1,48,8,2287,2,3,-1,1
2014983133914,2,9,0,3,0,0,0,0,0,0,2,1,6,1,21,5,1895,1,13,-1,3
2014983134314,1,9,0,17,0,1,1,0,1,4,4,1,6,1,17,4,1360,1,14,-1,2
2014983135714,1,9,0,18,0,1,0,0,0,0,1,1,6,2,57,9,1422,2,6,5,1
2014983135714,2,9,0,18,0,1,0,0,0,0,2,1,6,1,76,11,1242,1,4,-1,1
2014983136114,1,9,0,17,0,1,2,0,8,11,1,1,6,2,38,7,1598,1,13,1,1
2014983136814,1,9,0,17,0,0,5,0,1,7,1,1,1,1,62,9,2494,2,4,-1,-1
2014983137214,1,9,0,18,0,1,1,4,0,0,1,1,2,1,17,4,1328,1,12,-1,3
2014983137214,2,9,0,3,0,1,0,0,0,0,2,1,6,1,53,8,2204,2,8,2,3
2014983138614,1,9,4,18,0,0,5,0,1,11,1,1,6,1,54,8,1951,2,12,-1,3
2014983138914,1,9,0,17,0,0,2,0,1,0,1,1,2,2,28,6,1248,2,1,-1,3
2014983139514,1,9,0,17,0,0,1,0,0,0,4,1,1,2,24,5,1199,1,11,-1,3
2014983139514,2,90,0,16,0,0,0,0,0,0,1,1,1,1,39,7,2987,2,-1,-1,2
2014983139714,1,19,0,8,0,4,0,0,0,0,1,1,1,1,31,6,1870,2,9,-1,1
2014983139714,2,9,0,7,0,4,0,0,0,0,2,1,2,2,57,9,1339,1,2,-1,1
2014983139814,1,9,0,18,0,0,5,4,0,0,1,1,6,2,78,11,999,1,2,-1,3
2014983139814,2,19,0,2,0,0,0,0,0,0,2,1,6,3,-1,-1,2500,2,7,-1,-1
2014983140214,1,9,0,14,0,0,0,0,0,0,1,1,6,1,60,9,1198,1,11,-1,2
2014983141514,1,9,0,5,0,8,0,0,0,0,3,1,6,1,24,5,1998,1,14,-1,1
2014983141514,2,4,0,18,0,1,5,0,0,0,1,1,6,1,20,4,749,1,28,-1,2
2014984100114,1,9,0,7,0,6,0,0,0,0,1,1,6,3,-1,-1,-1,-1,-1,-1,-1
2014984100214,1,9,0,18,0,1,1,0,1,7,1,1,6,1,24,5,-1,-1,-1,-1,1
2014984100714,1,21,1,18,0,0,5,0,1,4,1,1,1,1,55,8,12777,2,2,6,1
2014984101114,1,19,0,18,0,0,0,0,0,7,2,1,6,1,74,10,2198,2,1,6,2
2014984101114,2,9,0,18,0,0,1,0,0,0,2,1,6,1,52,8,1896,2,8,-1,3
2014984101114,3,9,0,18,0,0,1,0,0,0,1,1,6,1,44,7,2143,2,1,-1,3
2014984101114,4,9,0,18,0,0,1,0,0,0,1,1,6,2,56,9,1396,1,13,10,1
2014984101414,1,-1,-1,-1,0,0,0,0,0,0,-1,1,6,3,-1,-1,-1,-1,-1,-1,-1
2014984101414,2,9,0,18,0,0,0,0,0,0,3,1,2,1,29,6,1997,2,1,4,1
2014984102614,1,9,0,17,0,0,2,0,7,0,3,1,6,2,21,5,1397,1,6,-1,1
2014984103014,1,9,0,16,0,1,1,0,7,3,1,1,6,1,17,4,1364,1,9,-1,2
2014984103414,1,9,0,18,0,0,1,0,5,6,1,1,6,1,35,6,1598,1,8,-1,3
2014984104714,1,9,0,5,0,2,0,0,0,0,2,1,6,1,18,4,1198,1,8,-1,3
2014984104714,2,19,0,18,0,2,0,0,0,0,1,1,1,1,32,6,-1,-1,-1,-1,2
2014984104914,1,19,0,18,0,0,1,0,5,6,1,1,1,1,29,6,1968,2,2,6,1
2014984105214,1,20,0,18,0,1,0,0,0,0,1,1,1,1,44,7,4462,2,1,-1,-1
2014984105214,2,9,0,8,0,1,0,0,0,0,2,1,6,2,68,10,1999,1,3,-1,3
2014984105814,1,9,0,18,0,8,1,0,1,0,3,1,6,2,37,7,1998,2,13,7,1
2014984105814,2,19,0,18,0,8,1,0,7,0,1,1,1,1,58,9,2402,2,7,6,3
2014984106114,1,9,0,4,0,1,0,0,0,0,1,1,3,2,28,6,1598,1,1,-1,3
2014984106414,1,9,0,9,0,8,0,0,1,10,2,1,6,1,49,8,1870,2,10,-1,3
2014984106414,2,9,0,18,0,8,0,0,0,0,1,1,6,1,55,8,1400,1,14,-1,2
2014984106714,1,9,0,18,0,1,0,0,0,0,1,1,6,1,36,7,1098,1,-1,-1,3
2014984106714,2,21,5,4,0,1,0,0,0,0,2,1,1,1,63,9,6871,2,9,-1,1
2014984106914,1,9,0,18,0,0,2,0,6,6,1,1,6,1,71,10,1560,2,7,-1,-1
2014984106914,2,9,0,18,0,0,0,1,0,0,1,1,6,1,50,8,998,1,13,7,1
2014984107414,1,9,0,16,0,0,0,0,7,10,1,1,6,1,18,4,1596,1,2,-1,3
2014984107614,1,9,0,18,0,2,0,0,0,0,2,1,6,1,63,9,1997,2,8,-1,3
2014984107614,2,19,0,18,0,1,1,0,2,1,1,1,6,1,25,5,1461,2,10,-1,3
2014984108314,1,9,0,18,0,0,0,0,0,0,0,1,6,3,-1,-1,-1,-1,-1,-1,-1
2014984108314,2,19,0,18,0,0,0,0,2,4,1,1,6,1,45,7,2496,2,17,-1,3
2014984108614,1,9,0,18,0,0,5,0,1,11,1,1,6,1,18,4,1388,1,14,-1,3
2014984108714,1,9,0,18,0,0,2,0,7,4,3,1,2,2,26,6,1349,1,5,-1,3
2014984108914,1,9,0,17,0,0,0,11,0,0,1,1,6,2,19,4,1390,1,10,-1,3
2014984108914,2,9,0,17,0,0,1,11,0,0,1,1,6,1,49,8,1598,1,13,9,2
2014984108914,3,19,0,2,0,0,0,0,0,0,2,1,6,1,47,8,2198,2,1,-1,2
2014984109314,1,9,0,12,0,0,0,0,0,0,1,1,6,1,33,6,1997,2,10,4,1
2014984109314,2,21,1,18,0,0,0,0,0,0,2,1,1,1,53,8,16400,2,-1,10,1
2014984109614,1,2,0,16,0,0,1,0,0,0,0,1,6,1,-1,-1,-1,-1,-1,-1,2
2014984109614,2,9,0,18,0,0,0,0,0,0,0,1,6,2,65,9,1399,1,6,-1,2
2014984109814,1,2,0,17,0,0,1,0,0,0,3,1,6,1,16,4,49,1,1,-1,3
2014984110214,1,21,1,18,0,0,3,0,1,10,4,1,1,1,39,7,12777,2,7,1,1
2014984111514,1,21,0,4,0,0,1,0,0,0,1,1,1,1,43,7,6871,2,1,3,1
2014984111514,2,21,0,3,0,0,0,0,0,0,2,1,1,1,45,7,3920,2,9,1,1
2014984112414,1,19,0,9,0,1,0,0,0,0,4,1,2,1,63,9,1686,2,8,-1,3
2014984112414,2,9,0,18,0,1,5,0,0,0,1,1,2,2,57,9,1240,1,11,-1,3
2014984112614,1,9,0,17,0,0,2,0,7,4,4,1,6,1,52,8,1360,1,13,-1,3
2014984112714,1,9,0,16,0,0,1,0,7,4,4,1,6,1,19,4,1994,1,12,-1,3
2014984113214,1,9,0,16,9,6,0,0,3,2,1,1,6,2,34,6,1242,1,4,-1,2
2014984113514,1,9,0,1,0,0,0,0,0,0,2,1,2,2,50,8,1461,2,12,-1,2
2014984113614,1,9,0,17,0,0,0,0,0,0,1,1,6,1,32,6,1398,2,-1,-1,-1
2014984113614,2,9,0,16,0,0,0,0,0,0,1,1,6,2,17,4,1796,1,14,-1,3
2014984113814,1,9,0,18,0,1,0,0,0,0,1,1,6,2,58,9,1598,1,4,-1,1
2014984113814,2,9,0,18,0,1,0,4,7,0,4,1,6,2,31,6,1968,2,7,-1,3
2014984113814,3,19,0,2,0,1,0,0,0,0,2,1,6,3,-1,-1,2198,2,7,-1,-1
2014984114214,1,9,0,18,0,1,0,0,1,0,1,1,6,1,70,10,1339,1,6,-1,2
2014984114214,2,9,0,4,0,1,0,0,0,0,2,1,1,1,45,7,2993,2,1,-1,-1
2014984114514,1,9,0,17,0,0,0,0,1,11,3,1,6,2,75,10,1397,1,6,-1,3
2014984114714,1,9,0,18,9,0,0,0,0,0,1,1,6,1,-1,-1,-1,-1,-1,-1,-1
2014984115614,1,9,0,18,0,0,0,0,0,0,0,1,6,2,62,9,1870,2,12,-1,2
2014984115714,1,9,0,18,0,2,0,0,0,0,1,1,6,1,75,10,1299,1,11,-1,3
2014984115714,2,19,0,18,0,1,5,10,1,0,3,1,6,1,54,8,2496,2,14,7,2
2014984115914,1,9,0,18,0,2,0,0,1,11,4,1,6,1,23,5,1242,1,10,-1,2
2014984115914,2,9,0,18,0,8,0,0,1,0,1,1,2,1,47,8,1390,1,8,-1,2
2014984116014,1,9,0,17,0,0,0,0,1,10,4,1,6,2,32,6,1997,2,9,-1,2
2014984116214,1,9,0,9,0,6,0,0,0,0,1,1,6,1,74,10,1896,2,8,9,1
2014984116214,2,9,0,18,0,1,5,0,1,0,4,1,1,1,49,8,-1,-1,-1,-1,2
2014984116914,1,5,0,16,0,0,1,0,0,10,1,1,6,1,72,10,243,1,35,-1,1
2014984117214,1,9,0,16,0,0,0,0,8,4,1,1,6,1,27,6,1998,1,13,-1,3
2014984117714,1,9,0,17,0,0,1,0,1,0,3,1,2,2,21,5,1149,1,12,-1,3
2014984118114,1,9,0,16,0,0,0,0,1,11,1,1,6,2,21,5,1229,1,7,-1,2
2014984118214,1,9,0,5,0,6,0,0,0,0,1,1,6,2,25,5,1229,1,9,-1,2
2014984118214,2,9,0,17,0,1,5,0,0,0,4,1,6,1,77,11,1396,1,4,-1,2
2014984118414,1,5,0,16,0,1,1,0,7,1,0,1,6,1,27,6,-1,-1,-1,-1,1
2014984118514,1,9,0,9,0,8,0,0,0,0,3,1,6,2,19,4,1229,1,2,-1,2
2014984118514,2,2,0,18,0,1,0,0,0,0,1,1,6,1,16,4,49,1,12,-1,3
2014984118614,1,2,0,18,0,0,1,0,0,0,3,1,6,1,25,5,125,1,-1,-1,3
2014984118714,1,9,0,16,0,0,0,0,7,11,1,1,6,1,84,11,1299,1,10,-1,3
2014984118814,1,9,0,18,0,0,0,0,0,0,4,1,1,2,63,9,1968,2,2,-1,3
2014984118814,2,1,0,18,0,0,0,0,0,0,1,1,6,1,13,3,-1,-1,-1,-1,3
2014984118914,1,9,0,18,0,0,0,0,0,0,3,1,6,1,23,5,1781,1,11,-1,3
2014984118914,2,5,0,18,0,0,0,0,1,0,3,1,2,1,63,9,645,1,1,-1,3
2014984119514,1,3,0,17,0,1,1,0,0,0,4,1,6,2,30,6,125,1,-1,-1,2
2014984119514,2,3,0,17,0,1,0,0,0,0,3,1,6,1,33,6,-1,-1,-1,-1,2
2014984120014,1,19,0,10,0,8,0,0,0,0,4,1,1,1,61,9,2198,2,3,-1,1
2014984120014,2,3,0,18,0,8,1,4,0,0,1,1,6,1,25,5,125,1,10,-1,2
2014984120314,1,9,0,18,0,0,0,0,0,0,1,1,6,1,67,10,1329,1,4,-1,3
2014984120314,2,90,0,18,0,0,0,0,0,0,3,1,6,1,59,9,2200,2,10,-1,1
2014984120514,1,21,1,18,0,0,0,4,1,7,1,1,1,1,50,8,11705,2,6,1,1
2014984120514,2,11,0,2,6,0,0,4,0,0,2,1,1,1,53,8,11967,2,6,4,1
2014984120514,3,11,0,2,6,0,0,4,0,0,2,1,1,1,54,8,-1,-1,-1,1,1
2014984120714,1,9,0,18,0,0,0,0,0,0,1,1,6,1,34,6,1600,1,55,-1,-1
2014984120714,2,21,1,18,0,0,0,0,0,0,4,1,1,1,56,9,12740,2,1,-1,3
2014984121014,1,19,0,18,0,0,1,0,0,0,1,1,6,1,26,6,2198,2,2,-1,1
2014984121014,2,20,0,18,0,0,0,0,0,0,2,1,6,1,51,8,3920,2,10,6,1
2014984121114,1,9,0,18,0,7,0,0,0,0,1,1,6,2,44,7,1397,1,12,7,1
2014984121114,2,9,0,13,0,1,2,0,1,2,4,1,6,1,66,10,1598,1,9,-1,1
2014984121414,1,9,0,18,0,0,0,4,0,0,1,1,6,2,46,8,1910,2,9,-1,3
2014984121414,2,9,0,2,0,0,0,0,1,11,2,1,6,2,61,9,1149,1,11,-1,3
2014984121814,1,20,0,18,0,1,1,0,2,0,1,1,1,2,25,5,-1,-1,-1,-1,2
2014984121814,2,9,0,4,0,1,0,0,7,0,1,1,2,1,49,8,-1,-1,-1,-1,3
2014984121914,1,5,0,16,0,0,0,0,0,0,3,1,6,1,59,9,748,1,7,-1,3
2014984122014,1,9,0,4,0,1,0,0,0,0,1,1,6,1,43,7,1396,2,1,-1,1
2014984122014,2,9,0,8,0,1,0,0,0,0,2,1,6,2,56,9,1598,1,7,-1,3
2014984122114,1,9,0,18,0,0,0,0,0,0,4,1,6,2,24,5,998,1,3,-1,3
2014984124014,1,9,0,18,0,0,0,0,0,0,1,1,1,2,25,5,1149,1,9,-1,2
2014984124014,2,9,0,18,0,0,0,0,0,0,2,1,1,1,37,7,2967,2,-1,-1,3
2014984124214,1,21,1,18,0,0,3,4,0,0,1,1,1,1,52,8,12740,2,1,6,1
2014984124214,2,21,1,2,6,0,0,0,1,7,2,1,1,1,49,8,12419,2,1,-1,2
2014984124614,1,9,0,9,0,5,0,0,0,0,4,1,6,1,64,9,1248,1,2,-1,2
2014984124614,2,9,0,18,0,1,0,0,0,0,1,1,6,2,64,9,2933,1,24,-1,3
2014984124714,1,9,0,4,0,1,1,0,0,0,1,1,6,2,17,4,1398,2,12,-1,3
2014984124714,2,19,4,4,0,1,0,0,0,0,2,1,1,1,47,8,2998,2,2,-1,3
2014984124914,1,19,0,16,0,0,0,0,0,0,1,1,1,2,39,7,1753,2,8,-1,3
2014984124914,2,19,0,17,0,0,0,0,0,0,1,1,1,1,43,7,1560,2,2,6,1
2014984126214,1,11,0,18,0,0,1,0,0,0,1,1,3,1,69,10,-1,2,25,7,1
2014984126214,2,9,0,18,0,0,0,0,0,0,1,1,2,1,47,8,1560,2,6,-1,3
2014984126414,1,9,0,5,0,6,0,0,1,0,3,1,6,1,44,7,1598,2,4,-1,3
2014984126414,2,20,0,18,0,8,0,0,1,11,1,1,1,1,57,9,3920,2,10,-1,3
2014984126614,1,9,0,18,0,0,0,0,7,11,1,1,6,1,22,5,1590,1,17,-1,3
2014984126714,1,9,0,18,0,0,0,0,0,0,1,1,6,1,66,10,1598,1,1,-1,2
2014984126714,2,21,1,18,0,0,0,0,0,0,2,1,1,1,48,8,12419,2,1,9,2
2014984127314,1,9,0,18,0,1,0,0,0,0,3,1,2,2,39,7,1499,2,1,-1,3
2014984127714,1,3,0,17,0,8,1,0,1,0,1,1,1,1,42,7,124,1,-1,-1,3
2014984127814,1,9,0,9,0,6,0,0,0,0,3,1,6,1,18,4,1197,1,3,-1,2
2014984127814,2,9,0,18,0,8,0,0,0,0,1,1,6,1,51,8,2199,2,5,-1,2
2014984128014,1,20,1,16,0,0,2,0,0,1,0,1,1,1,59,9,-1,-1,-1,1,1
2014984128314,1,9,0,18,0,0,0,0,5,6,3,2,6,1,81,11,-1,-1,-1,-1,-1
2014984128614,1,9,0,5,0,6,0,0,0,0,2,1,6,1,86,11,3474,1,12,-1,3
2014984128714,1,9,0,16,0,0,2,0,0,0,0,1,6,1,20,4,1124,1,9,6,1
2014984128914,1,9,0,7,0,2,0,0,0,0,1,1,6,2,56,9,1956,2,-1,-1,1
2014984128914,2,9,4,18,0,1,0,0,7,11,2,1,2,1,59,9,2198,2,1,-1,3
2014984129114,1,9,0,10,0,2,0,0,0,0,1,1,1,2,46,8,1896,2,10,-1,2
2014984129514,1,90,0,7,0,6,0,0,0,0,1,1,6,2,34,6,-1,-1,-1,-1,2
2014984129514,2,9,0,15,0,1,0,0,0,0,1,1,6,1,67,10,1560,2,-1,-1,3
2014984129614,1,4,0,17,0,0,0,0,7,0,3,1,6,1,35,6,675,1,5,4,1
2014984129614,2,9,0,18,0,0,0,0,0,0,1,1,6,2,41,7,2993,2,-1,-1,3
2014984129714,1,9,0,18,0,0,0,11,0,0,3,1,6,2,48,8,1968,2,6,-1,2
2014984130114,1,9,0,18,0,0,0,0,0,0,1,1,1,1,54,8,2497,1,13,-1,3
2014984130114,2,17,0,18,0,0,0,0,1,0,2,1,1,1,64,9,-1,-1,-1,-1,3
2014984130714,1,9,0,18,0,0,1,0,5,6,1,1,6,1,29,6,2494,2,2,-1,1
2014984131014,1,19,0,3,0,1,0,0,0,0,1,1,6,1,24,5,2143,2,-1,-1,3
2014984131014,2,9,0,3,0,1,0,0,0,0,2,1,6,1,69,10,1299,1,13,-1,3
2014984131214,1,9,0,18,0,0,2,0,2,7,1,1,1,1,28,6,-1,-1,-1,9,1
2014984131414,1,9,0,5,0,1,0,0,0,0,3,1,6,1,78,11,1597,1,14,-1,2
2014984131414,2,9,0,18,0,1,0,0,0,0,1,1,6,1,53,8,-1,-1,-1,-1,2
2014984131714,1,19,0,4,0,0,0,0,0,0,0,1,1,3,-1,-1,-1,-1,-1,-1,-1
2014984131714,2,9,0,18,0,0,0,0,0,0,1,1,6,1,40,7,1796,1,3,-1,1
2014984131714,3,9,0,18,0,0,0,0,0,0,0,1,6,3,-1,-1,-1,-1,-1,-1,-1
2014984131714,4,9,0,18,0,0,0,0,0,0,2,1,6,1,64,9,2967,1,10,-1,1
2014984131714,5,9,0,18,0,0,0,0,0,0,2,1,6,1,52,8,1461,2,1,5,1
2014984131714,6,9,0,18,0,0,0,0,0,0,2,1,6,1,48,8,2143,2,-1,2,1
2014984132014,1,9,0,13,0,0,0,0,0,0,1,1,1,2,62,9,1910,2,7,-1,1
2014984132014,2,9,0,13,0,0,1,0,8,11,4,1,2,1,57,9,1998,2,9,3,1
2014984132714,1,9,0,18,0,0,0,0,5,6,1,1,6,1,41,7,2143,2,1,-1,2
2014984133414,1,9,5,10,0,1,0,0,0,0,0,1,6,1,-1,-1,-1,-1,-1,-1,-1
2014984133414,2,9,5,10,0,1,0,0,0,0,0,1,6,1,-1,-1,-1,-1,-1,-1,-1
2014984133514,1,9,0,9,0,6,0,0,0,0,1,1,6,1,65,9,2179,2,5,-1,2
2014984133514,2,9,0,18,0,1,0,0,0,0,1,1,3,2,52,8,-1,-1,-1,-1,3
2014984133714,1,3,0,18,0,1,0,0,0,0,1,1,6,1,18,4,124,1,14,-1,3
2014984133714,2,9,0,4,0,1,0,0,0,0,2,1,6,2,61,9,996,1,1,-1,3
2014984133914,1,9,0,13,0,0,0,0,1,0,1,1,6,1,52,8,1968,2,7,-1,3
2014984133914,2,17,0,18,0,0,0,0,0,0,1,1,1,1,19,4,4400,2,6,-1,3
2014984133914,3,21,1,18,0,0,0,0,0,0,0,1,1,1,40,7,12902,2,-1,5,1
2014984134314,1,9,0,17,0,1,5,0,1,11,4,1,6,1,48,8,2495,2,16,-1,2
2014984134614,1,19,0,18,0,0,0,0,0,0,1,2,1,1,26,6,-1,-1,-1,-1,-1
2014984134614,2,19,0,18,0,0,0,0,0,0,2,1,1,2,51,8,1461,2,-1,-1,2
2014984134914,1,9,0,18,0,0,5,0,2,4,1,1,6,1,67,10,1753,2,9,-1,1
2014984135714,1,9,0,17,0,2,5,0,2,11,4,1,6,1,22,5,1364,1,7,-1,3
2014984135914,1,21,1,18,0,0,0,0,1,11,1,1,1,1,20,4,11705,2,8,-1,-1
2014984136214,1,9,0,13,0,0,1,0,1,0,4,1,6,1,20,4,1896,2,13,1,1
2014984136214,2,21,1,13,0,0,0,0,0,0,1,1,1,1,49,8,12900,2,3,-1,3
2014984136414,1,9,0,18,0,0,1,0,0,6,2,1,6,1,24,5,2148,2,5,8,3
2014984136414,2,9,0,18,0,0,0,0,0,0,1,1,6,1,48,8,1796,1,7,-1,2
2014984137514,1,21,1,18,0,0,0,0,0,0,1,1,1,1,30,6,12900,2,3,-1,1
2014984137514,2,21,1,18,0,0,0,0,0,0,2,1,1,1,55,8,12580,2,9,2,1
2014984137714,1,9,0,4,0,0,1,10,2,11,1,1,6,1,21,5,1391,1,15,-1,2
2014984138414,1,9,0,5,0,6,0,0,0,0,3,1,2,1,27,6,1781,1,12,6,1
2014984138414,2,19,0,18,0,1,1,4,7,11,1,1,2,1,44,7,1686,2,4,1,1
2014984138414,3,9,0,18,0,2,1,4,1,0,3,1,6,1,73,10,2143,2,-1,8,3
2014984139614,1,11,0,9,0,8,0,0,0,0,3,1,1,1,40,7,4500,2,4,-1,3
2014984139614,2,9,0,18,0,1,0,0,0,0,1,1,6,1,79,11,1398,2,11,-1,3